<?xml version="1.0" encoding="UTF-8" standalone="yes"?><sln:lista-miejscowosci xmlns:srv="http://gugik.gov.pl/schemas/slowniki-service/1.0" xmlns:sln="http://gugik.gov.pl/schemas/slowniki-schema/1.0"><sln:miejscowosc><sln:cyklZyciaDo>2017-04-19T00:00:00+02:00</sln:cyklZyciaDo><sln:cyklZyciaOd>2016-02-15T00:00:00+01:00</sln:cyklZyciaOd><sln:gmIIPId>c21c6632-fe51-4ce7-bd2d-9e8459c453f5</sln:gmIIPId><sln:gmIIPPn>PL.PZGIK.200</sln:gmIIPPn><sln:gmIIPWersja>2012-09-26T22:11:49+02:00</sln:gmIIPWersja><sln:gmIdTeryt>1213082</sln:gmIdTeryt><sln:gmNazwa>Przeciszów</sln:gmNazwa><sln:miejscIIPId>7d68ce3c-c360-4d2f-92da-16b0575635ee</sln:miejscIIPId><sln:miejscIIPPn>PL.PZGIK.200</sln:miejscIIPPn><sln:miejscIIPWersja>2016-11-24T08:45:50+02:00</sln:miejscIIPWersja><sln:miejscIdTeryt>0065229</sln:miejscIdTeryt><sln:miejscNazwa>Las</sln:miejscNazwa><sln:miejscRodzaj>Wieś</sln:miejscRodzaj><sln:powIIPId>1cf65b44-f4d5-4a14-961f-8363a199b2d6</sln:powIIPId><sln:powIIPPn>PL.PZGIK.200</sln:powIIPPn><sln:powIIPWersja>2012-09-27T07:52:00+02:00</sln:powIIPWersja><sln:powIdTeryt>1213</sln:powIdTeryt><sln:powNazwa>oświęcimski</sln:powNazwa><sln:waznyOd>2015-12-04T00:00:00+01:00</sln:waznyOd><sln:wojIIPId>dd2e3c64-f861-47cf-a3a3-e7751f272b2f</sln:wojIIPId><sln:wojIIPPn>PL.PZGIK.200</sln:wojIIPPn><sln:wojIIPWersja>2017-10-10T00:00:00+02:00</sln:wojIIPWersja><sln:wojIdTeryt>12</sln:wojIdTeryt><sln:wojNazwa>małopolskie</sln:wojNazwa></sln:miejscowosc><sln:miejscowosc><sln:cyklZyciaDo>2017-04-19T00:00:00+02:00</sln:cyklZyciaDo><sln:cyklZyciaOd>2016-02-15T00:00:00+01:00</sln:cyklZyciaOd><sln:gmIIPId>c21c6632-fe51-4ce7-bd2d-9e8459c453f5</sln:gmIIPId><sln:gmIIPPn>PL.PZGIK.200</sln:gmIIPPn><sln:gmIIPWersja>2012-09-26T22:11:49+02:00</sln:gmIIPWersja><sln:gmIdTeryt>1213082</sln:gmIdTeryt><sln:gmNazwa>Przeciszów</sln:gmNazwa><sln:miejscIIPId>74fe54cc-7bfe-468b-ac09-06385180c673</sln:miejscIIPId><sln:miejscIIPPn>PL.PZGIK.200</sln:miejscIIPPn><sln:miejscIIPWersja>2016-11-24T08:45:50+02:00</sln:miejscIIPWersja><sln:miejscIdTeryt>0065293</sln:miejscIdTeryt><sln:miejscNazwa>Piotrowice</sln:miejscNazwa><sln:miejscRodzaj>Wieś</sln:miejscRodzaj><sln:powIIPId>1cf65b44-f4d5-4a14-961f-8363a199b2d6</sln:powIIPId><sln:powIIPPn>PL.PZGIK.200</sln:powIIPPn><sln:powIIPWersja>2012-09-27T07:52:00+02:00</sln:powIIPWersja><sln:powIdTeryt>1213</sln:powIdTeryt><sln:powNazwa>oświęcimski</sln:powNazwa><sln:waznyOd>2015-12-04T00:00:00+01:00</sln:waznyOd><sln:wojIIPId>dd2e3c64-f861-47cf-a3a3-e7751f272b2f</sln:wojIIPId><sln:wojIIPPn>PL.PZGIK.200</sln:wojIIPPn><sln:wojIIPWersja>2017-10-10T00:00:00+02:00</sln:wojIIPWersja><sln:wojIdTeryt>12</sln:wojIdTeryt><sln:wojNazwa>małopolskie</sln:wojNazwa></sln:miejscowosc><sln:miejscowosc><sln:cyklZyciaDo>2017-04-19T00:00:00+02:00</sln:cyklZyciaDo><sln:cyklZyciaOd>2016-02-15T00:00:00+01:00</sln:cyklZyciaOd><sln:gmIIPId>c21c6632-fe51-4ce7-bd2d-9e8459c453f5</sln:gmIIPId><sln:gmIIPPn>PL.PZGIK.200</sln:gmIIPPn><sln:gmIIPWersja>2012-09-26T22:11:49+02:00</sln:gmIIPWersja><sln:gmIdTeryt>1213082</sln:gmIdTeryt><sln:gmNazwa>Przeciszów</sln:gmNazwa><sln:miejscIIPId>418b1891-1266-4d90-80ac-2cf006812ba6</sln:miejscIIPId><sln:miejscIIPPn>PL.PZGIK.200</sln:miejscIIPPn><sln:miejscIIPWersja>2016-11-24T08:45:50+02:00</sln:miejscIIPWersja><sln:miejscIdTeryt>0065519</sln:miejscIdTeryt><sln:miejscNazwa>Przeciszów</sln:miejscNazwa><sln:miejscRodzaj>Wieś</sln:miejscRodzaj><sln:powIIPId>1cf65b44-f4d5-4a14-961f-8363a199b2d6</sln:powIIPId><sln:powIIPPn>PL.PZGIK.200</sln:powIIPPn><sln:powIIPWersja>2012-09-27T07:52:00+02:00</sln:powIIPWersja><sln:powIdTeryt>1213</sln:powIdTeryt><sln:powNazwa>oświęcimski</sln:powNazwa><sln:waznyOd>2015-12-04T00:00:00+01:00</sln:waznyOd><sln:wojIIPId>dd2e3c64-f861-47cf-a3a3-e7751f272b2f</sln:wojIIPId><sln:wojIIPPn>PL.PZGIK.200</sln:wojIIPPn><sln:wojIIPWersja>2017-10-10T00:00:00+02:00</sln:wojIIPWersja><sln:wojIdTeryt>12</sln:wojIdTeryt><sln:wojNazwa>małopolskie</sln:wojNazwa></sln:miejscowosc><sln:miejscowosc><sln:cyklZyciaOd>2017-04-19T00:00:00+02:00</sln:cyklZyciaOd><sln:gmIIPId>c21c6632-fe51-4ce7-bd2d-9e8459c453f5</sln:gmIIPId><sln:gmIIPPn>PL.PZGIK.200</sln:gmIIPPn><sln:gmIIPWersja>2012-09-26T22:11:49+02:00</sln:gmIIPWersja><sln:gmIdTeryt>1213082</sln:gmIdTeryt><sln:gmNazwa>Przeciszów</sln:gmNazwa><sln:miejscIIPId>7d68ce3c-c360-4d2f-92da-16b0575635ee</sln:miejscIIPId><sln:miejscIIPPn>PL.PZGIK.200</sln:miejscIIPPn><sln:miejscIIPWersja>2017-04-19T09:51:23+02:00</sln:miejscIIPWersja><sln:miejscIdTeryt>0065229</sln:miejscIdTeryt><sln:miejscNazwa>Las</sln:miejscNazwa><sln:miejscRodzaj>Wieś</sln:miejscRodzaj><sln:powIIPId>1cf65b44-f4d5-4a14-961f-8363a199b2d6</sln:powIIPId><sln:powIIPPn>PL.PZGIK.200</sln:powIIPPn><sln:powIIPWersja>2012-09-27T07:52:00+02:00</sln:powIIPWersja><sln:powIdTeryt>1213</sln:powIdTeryt><sln:powNazwa>oświęcimski</sln:powNazwa><sln:waznyOd>2015-12-04T00:00:00+01:00</sln:waznyOd><sln:wojIIPId>dd2e3c64-f861-47cf-a3a3-e7751f272b2f</sln:wojIIPId><sln:wojIIPPn>PL.PZGIK.200</sln:wojIIPPn><sln:wojIIPWersja>2017-10-10T00:00:00+02:00</sln:wojIIPWersja><sln:wojIdTeryt>12</sln:wojIdTeryt><sln:wojNazwa>małopolskie</sln:wojNazwa></sln:miejscowosc><sln:miejscowosc><sln:cyklZyciaOd>2017-04-19T00:00:00+02:00</sln:cyklZyciaOd><sln:gmIIPId>c21c6632-fe51-4ce7-bd2d-9e8459c453f5</sln:gmIIPId><sln:gmIIPPn>PL.PZGIK.200</sln:gmIIPPn><sln:gmIIPWersja>2012-09-26T22:11:49+02:00</sln:gmIIPWersja><sln:gmIdTeryt>1213082</sln:gmIdTeryt><sln:gmNazwa>Przeciszów</sln:gmNazwa><sln:miejscIIPId>74fe54cc-7bfe-468b-ac09-06385180c673</sln:miejscIIPId><sln:miejscIIPPn>PL.PZGIK.200</sln:miejscIIPPn><sln:miejscIIPWersja>2017-04-19T09:51:31+02:00</sln:miejscIIPWersja><sln:miejscIdTeryt>0065293</sln:miejscIdTeryt><sln:miejscNazwa>Piotrowice</sln:miejscNazwa><sln:miejscRodzaj>Wieś</sln:miejscRodzaj><sln:powIIPId>1cf65b44-f4d5-4a14-961f-8363a199b2d6</sln:powIIPId><sln:powIIPPn>PL.PZGIK.200</sln:powIIPPn><sln:powIIPWersja>2012-09-27T07:52:00+02:00</sln:powIIPWersja><sln:powIdTeryt>1213</sln:powIdTeryt><sln:powNazwa>oświęcimski</sln:powNazwa><sln:waznyOd>2015-12-04T00:00:00+01:00</sln:waznyOd><sln:wojIIPId>dd2e3c64-f861-47cf-a3a3-e7751f272b2f</sln:wojIIPId><sln:wojIIPPn>PL.PZGIK.200</sln:wojIIPPn><sln:wojIIPWersja>2017-10-10T00:00:00+02:00</sln:wojIIPWersja><sln:wojIdTeryt>12</sln:wojIdTeryt><sln:wojNazwa>małopolskie</sln:wojNazwa></sln:miejscowosc><sln:miejscowosc><sln:cyklZyciaOd>2017-04-19T00:00:00+02:00</sln:cyklZyciaOd><sln:gmIIPId>c21c6632-fe51-4ce7-bd2d-9e8459c453f5</sln:gmIIPId><sln:gmIIPPn>PL.PZGIK.200</sln:gmIIPPn><sln:gmIIPWersja>2012-09-26T22:11:49+02:00</sln:gmIIPWersja><sln:gmIdTeryt>1213082</sln:gmIdTeryt><sln:gmNazwa>Przeciszów</sln:gmNazwa><sln:miejscIIPId>418b1891-1266-4d90-80ac-2cf006812ba6</sln:miejscIIPId><sln:miejscIIPPn>PL.PZGIK.200</sln:miejscIIPPn><sln:miejscIIPWersja>2017-04-19T09:51:31+02:00</sln:miejscIIPWersja><sln:miejscIdTeryt>0065519</sln:miejscIdTeryt><sln:miejscNazwa>Przeciszów</sln:miejscNazwa><sln:miejscRodzaj>Wieś</sln:miejscRodzaj><sln:powIIPId>1cf65b44-f4d5-4a14-961f-8363a199b2d6</sln:powIIPId><sln:powIIPPn>PL.PZGIK.200</sln:powIIPPn><sln:powIIPWersja>2012-09-27T07:52:00+02:00</sln:powIIPWersja><sln:powIdTeryt>1213</sln:powIdTeryt><sln:powNazwa>oświęcimski</sln:powNazwa><sln:waznyOd>2015-12-04T00:00:00+01:00</sln:waznyOd><sln:wojIIPId>dd2e3c64-f861-47cf-a3a3-e7751f272b2f</sln:wojIIPId><sln:wojIIPPn>PL.PZGIK.200</sln:wojIIPPn><sln:wojIIPWersja>2017-10-10T00:00:00+02:00</sln:wojIIPWersja><sln:wojIdTeryt>12</sln:wojIdTeryt><sln:wojNazwa>małopolskie</sln:wojNazwa></sln:miejscowosc></sln:lista-miejscowosci>