<?xml version="1.0" encoding="UTF-8" standalone="yes"?><sln:lista-miejscowosci xmlns:srv="http://gugik.gov.pl/schemas/slowniki-service/1.0" xmlns:sln="http://gugik.gov.pl/schemas/slowniki-schema/1.0"><sln:miejscowosc><sln:cyklZyciaDo>2017-04-25T00:00:00+02:00</sln:cyklZyciaDo><sln:cyklZyciaOd>2014-12-06T00:00:00+01:00</sln:cyklZyciaOd><sln:gmIIPId>4c132751-ea79-4f79-bd56-c65cf753f6ed</sln:gmIIPId><sln:gmIIPPn>PL.PZGIK.200</sln:gmIIPPn><sln:gmIIPWersja>2012-09-26T22:08:36+02:00</sln:gmIIPWersja><sln:gmIdTeryt>1201092</sln:gmIdTeryt><sln:gmNazwa>Żegocina</sln:gmNazwa><sln:miejscIIPId>2cfb1880-18e7-4d28-bb37-d0968347e41f</sln:miejscIIPId><sln:miejscIIPPn>PL.PZGIK.200</sln:miejscIIPPn><sln:miejscIIPWersja>2016-11-24T13:57:15+02:00</sln:miejscIIPWersja><sln:miejscIdTeryt>0839056</sln:miejscIdTeryt><sln:miejscNazwa>Lisówki</sln:miejscNazwa><sln:miejscRodzaj>Inny obiekt</sln:miejscRodzaj><sln:powIIPId>9ae62200-8233-49ef-aec3-b3c95fa6127e</sln:powIIPId><sln:powIIPPn>PL.PZGIK.200</sln:powIIPPn><sln:powIIPWersja>2012-09-27T07:52:00+02:00</sln:powIIPWersja><sln:powIdTeryt>1201</sln:powIdTeryt><sln:powNazwa>bocheński</sln:powNazwa><sln:wojIIPId>dd2e3c64-f861-47cf-a3a3-e7751f272b2f</sln:wojIIPId><sln:wojIIPPn>PL.PZGIK.200</sln:wojIIPPn><sln:wojIIPWersja>2017-10-10T00:00:00+02:00</sln:wojIIPWersja><sln:wojIdTeryt>12</sln:wojIdTeryt><sln:wojNazwa>małopolskie</sln:wojNazwa></sln:miejscowosc><sln:miejscowosc><sln:cyklZyciaDo>2017-04-25T00:00:00+02:00</sln:cyklZyciaDo><sln:cyklZyciaOd>2014-12-06T00:00:00+01:00</sln:cyklZyciaOd><sln:gmIIPId>4c132751-ea79-4f79-bd56-c65cf753f6ed</sln:gmIIPId><sln:gmIIPPn>PL.PZGIK.200</sln:gmIIPPn><sln:gmIIPWersja>2012-09-26T22:08:36+02:00</sln:gmIIPWersja><sln:gmIdTeryt>1201092</sln:gmIdTeryt><sln:gmNazwa>Żegocina</sln:gmNazwa><sln:miejscIIPId>3a729504-e08c-429d-82b3-92c34be64e7a</sln:miejscIIPId><sln:miejscIIPPn>PL.PZGIK.200</sln:miejscIIPPn><sln:miejscIIPWersja>2016-11-24T13:57:15+02:00</sln:miejscIIPWersja><sln:miejscIdTeryt>0838996</sln:miejscIdTeryt><sln:miejscNazwa>Cebule</sln:miejscNazwa><sln:miejscRodzaj>Inny obiekt</sln:miejscRodzaj><sln:powIIPId>9ae62200-8233-49ef-aec3-b3c95fa6127e</sln:powIIPId><sln:powIIPPn>PL.PZGIK.200</sln:powIIPPn><sln:powIIPWersja>2012-09-27T07:52:00+02:00</sln:powIIPWersja><sln:powIdTeryt>1201</sln:powIdTeryt><sln:powNazwa>bocheński</sln:powNazwa><sln:wojIIPId>dd2e3c64-f861-47cf-a3a3-e7751f272b2f</sln:wojIIPId><sln:wojIIPPn>PL.PZGIK.200</sln:wojIIPPn><sln:wojIIPWersja>2017-10-10T00:00:00+02:00</sln:wojIIPWersja><sln:wojIdTeryt>12</sln:wojIdTeryt><sln:wojNazwa>małopolskie</sln:wojNazwa></sln:miejscowosc><sln:miejscowosc><sln:cyklZyciaDo>2017-04-25T00:00:00+02:00</sln:cyklZyciaDo><sln:cyklZyciaOd>2014-12-06T00:00:00+01:00</sln:cyklZyciaOd><sln:gmIIPId>4c132751-ea79-4f79-bd56-c65cf753f6ed</sln:gmIIPId><sln:gmIIPPn>PL.PZGIK.200</sln:gmIIPPn><sln:gmIIPWersja>2012-09-26T22:08:36+02:00</sln:gmIIPWersja><sln:gmIdTeryt>1201092</sln:gmIdTeryt><sln:gmNazwa>Żegocina</sln:gmNazwa><sln:miejscIIPId>e3fc1217-79be-4067-b2f4-6116ff8dea4e</sln:miejscIIPId><sln:miejscIIPPn>PL.PZGIK.200</sln:miejscIIPPn><sln:miejscIIPWersja>2016-11-24T13:49:09+02:00</sln:miejscIIPWersja><sln:miejscIdTeryt>0838507</sln:miejscIdTeryt><sln:miejscNazwa>Sadek</sln:miejscNazwa><sln:miejscRodzaj>Inny obiekt</sln:miejscRodzaj><sln:powIIPId>9ae62200-8233-49ef-aec3-b3c95fa6127e</sln:powIIPId><sln:powIIPPn>PL.PZGIK.200</sln:powIIPPn><sln:powIIPWersja>2012-09-27T07:52:00+02:00</sln:powIIPWersja><sln:powIdTeryt>1201</sln:powIdTeryt><sln:powNazwa>bocheński</sln:powNazwa><sln:wojIIPId>dd2e3c64-f861-47cf-a3a3-e7751f272b2f</sln:wojIIPId><sln:wojIIPPn>PL.PZGIK.200</sln:wojIIPPn><sln:wojIIPWersja>2017-10-10T00:00:00+02:00</sln:wojIIPWersja><sln:wojIdTeryt>12</sln:wojIdTeryt><sln:wojNazwa>małopolskie</sln:wojNazwa></sln:miejscowosc><sln:miejscowosc><sln:cyklZyciaDo>2017-04-25T00:00:00+02:00</sln:cyklZyciaDo><sln:cyklZyciaOd>2014-12-06T00:00:00+01:00</sln:cyklZyciaOd><sln:gmIIPId>4c132751-ea79-4f79-bd56-c65cf753f6ed</sln:gmIIPId><sln:gmIIPPn>PL.PZGIK.200</sln:gmIIPPn><sln:gmIIPWersja>2012-09-26T22:08:36+02:00</sln:gmIIPWersja><sln:gmIdTeryt>1201092</sln:gmIdTeryt><sln:gmNazwa>Żegocina</sln:gmNazwa><sln:miejscIIPId>2309f191-e4fd-4b55-89b7-4016cc890352</sln:miejscIIPId><sln:miejscIIPPn>PL.PZGIK.200</sln:miejscIIPPn><sln:miejscIIPWersja>2016-11-24T13:51:20+02:00</sln:miejscIIPWersja><sln:miejscIdTeryt>0839576</sln:miejscIdTeryt><sln:miejscNazwa>Podlesie</sln:miejscNazwa><sln:miejscRodzaj>Inny obiekt</sln:miejscRodzaj><sln:powIIPId>9ae62200-8233-49ef-aec3-b3c95fa6127e</sln:powIIPId><sln:powIIPPn>PL.PZGIK.200</sln:powIIPPn><sln:powIIPWersja>2012-09-27T07:52:00+02:00</sln:powIIPWersja><sln:powIdTeryt>1201</sln:powIdTeryt><sln:powNazwa>bocheński</sln:powNazwa><sln:wojIIPId>dd2e3c64-f861-47cf-a3a3-e7751f272b2f</sln:wojIIPId><sln:wojIIPPn>PL.PZGIK.200</sln:wojIIPPn><sln:wojIIPWersja>2017-10-10T00:00:00+02:00</sln:wojIIPWersja><sln:wojIdTeryt>12</sln:wojIdTeryt><sln:wojNazwa>małopolskie</sln:wojNazwa></sln:miejscowosc><sln:miejscowosc><sln:cyklZyciaDo>2017-04-25T00:00:00+02:00</sln:cyklZyciaDo><sln:cyklZyciaOd>2014-12-06T00:00:00+01:00</sln:cyklZyciaOd><sln:gmIIPId>4c132751-ea79-4f79-bd56-c65cf753f6ed</sln:gmIIPId><sln:gmIIPPn>PL.PZGIK.200</sln:gmIIPPn><sln:gmIIPWersja>2012-09-26T22:08:36+02:00</sln:gmIIPWersja><sln:gmIdTeryt>1201092</sln:gmIdTeryt><sln:gmNazwa>Żegocina</sln:gmNazwa><sln:miejscIIPId>6302d4c3-d0c9-4d17-a363-35515eecb1ee</sln:miejscIIPId><sln:miejscIIPPn>PL.PZGIK.200</sln:miejscIIPPn><sln:miejscIIPWersja>2016-11-24T13:46:16+02:00</sln:miejscIIPWersja><sln:miejscIdTeryt>0839211</sln:miejscIdTeryt><sln:miejscNazwa>Dział</sln:miejscNazwa><sln:miejscRodzaj>Inny obiekt</sln:miejscRodzaj><sln:powIIPId>9ae62200-8233-49ef-aec3-b3c95fa6127e</sln:powIIPId><sln:powIIPPn>PL.PZGIK.200</sln:powIIPPn><sln:powIIPWersja>2012-09-27T07:52:00+02:00</sln:powIIPWersja><sln:powIdTeryt>1201</sln:powIdTeryt><sln:powNazwa>bocheński</sln:powNazwa><sln:wojIIPId>dd2e3c64-f861-47cf-a3a3-e7751f272b2f</sln:wojIIPId><sln:wojIIPPn>PL.PZGIK.200</sln:wojIIPPn><sln:wojIIPWersja>2017-10-10T00:00:00+02:00</sln:wojIIPWersja><sln:wojIdTeryt>12</sln:wojIdTeryt><sln:wojNazwa>małopolskie</sln:wojNazwa></sln:miejscowosc><sln:miejscowosc><sln:cyklZyciaDo>2017-04-25T00:00:00+02:00</sln:cyklZyciaDo><sln:cyklZyciaOd>2014-12-06T00:00:00+01:00</sln:cyklZyciaOd><sln:gmIIPId>4c132751-ea79-4f79-bd56-c65cf753f6ed</sln:gmIIPId><sln:gmIIPPn>PL.PZGIK.200</sln:gmIIPPn><sln:gmIIPWersja>2012-09-26T22:08:36+02:00</sln:gmIIPWersja><sln:gmIdTeryt>1201092</sln:gmIdTeryt><sln:gmNazwa>Żegocina</sln:gmNazwa><sln:miejscIIPId>5f903876-ad33-46b8-98de-18b1cba8dd7c</sln:miejscIIPId><sln:miejscIIPPn>PL.PZGIK.200</sln:miejscIIPPn><sln:miejscIIPWersja>2016-11-24T13:46:16+02:00</sln:miejscIIPWersja><sln:miejscIdTeryt>0839197</sln:miejscIdTeryt><sln:miejscNazwa>Dolany</sln:miejscNazwa><sln:miejscRodzaj>Inny obiekt</sln:miejscRodzaj><sln:powIIPId>9ae62200-8233-49ef-aec3-b3c95fa6127e</sln:powIIPId><sln:powIIPPn>PL.PZGIK.200</sln:powIIPPn><sln:powIIPWersja>2012-09-27T07:52:00+02:00</sln:powIIPWersja><sln:powIdTeryt>1201</sln:powIdTeryt><sln:powNazwa>bocheński</sln:powNazwa><sln:wojIIPId>dd2e3c64-f861-47cf-a3a3-e7751f272b2f</sln:wojIIPId><sln:wojIIPPn>PL.PZGIK.200</sln:wojIIPPn><sln:wojIIPWersja>2017-10-10T00:00:00+02:00</sln:wojIIPWersja><sln:wojIdTeryt>12</sln:wojIdTeryt><sln:wojNazwa>małopolskie</sln:wojNazwa></sln:miejscowosc><sln:miejscowosc><sln:cyklZyciaDo>2017-04-25T00:00:00+02:00</sln:cyklZyciaDo><sln:cyklZyciaOd>2014-12-06T00:00:00+01:00</sln:cyklZyciaOd><sln:gmIIPId>4c132751-ea79-4f79-bd56-c65cf753f6ed</sln:gmIIPId><sln:gmIIPPn>PL.PZGIK.200</sln:gmIIPPn><sln:gmIIPWersja>2012-09-26T22:08:36+02:00</sln:gmIIPWersja><sln:gmIdTeryt>1201092</sln:gmIdTeryt><sln:gmNazwa>Żegocina</sln:gmNazwa><sln:miejscIIPId>8653775a-ef3d-43ad-a3f6-9ad7a5d7c449</sln:miejscIIPId><sln:miejscIIPPn>PL.PZGIK.200</sln:miejscIIPPn><sln:miejscIIPWersja>2016-11-24T13:51:20+02:00</sln:miejscIIPWersja><sln:miejscIdTeryt>0839547</sln:miejscIdTeryt><sln:miejscNazwa>Nowa Wieś</sln:miejscNazwa><sln:miejscRodzaj>Inny obiekt</sln:miejscRodzaj><sln:powIIPId>9ae62200-8233-49ef-aec3-b3c95fa6127e</sln:powIIPId><sln:powIIPPn>PL.PZGIK.200</sln:powIIPPn><sln:powIIPWersja>2012-09-27T07:52:00+02:00</sln:powIIPWersja><sln:powIdTeryt>1201</sln:powIdTeryt><sln:powNazwa>bocheński</sln:powNazwa><sln:wojIIPId>dd2e3c64-f861-47cf-a3a3-e7751f272b2f</sln:wojIIPId><sln:wojIIPPn>PL.PZGIK.200</sln:wojIIPPn><sln:wojIIPWersja>2017-10-10T00:00:00+02:00</sln:wojIIPWersja><sln:wojIdTeryt>12</sln:wojIdTeryt><sln:wojNazwa>małopolskie</sln:wojNazwa></sln:miejscowosc><sln:miejscowosc><sln:cyklZyciaDo>2017-04-25T00:00:00+02:00</sln:cyklZyciaDo><sln:cyklZyciaOd>2014-12-06T00:00:00+01:00</sln:cyklZyciaOd><sln:gmIIPId>4c132751-ea79-4f79-bd56-c65cf753f6ed</sln:gmIIPId><sln:gmIIPPn>PL.PZGIK.200</sln:gmIIPPn><sln:gmIIPWersja>2012-09-26T22:08:36+02:00</sln:gmIIPWersja><sln:gmIdTeryt>1201092</sln:gmIdTeryt><sln:gmNazwa>Żegocina</sln:gmNazwa><sln:miejscIIPId>df40d8b7-0807-424c-bb04-c41b62010eb0</sln:miejscIIPId><sln:miejscIIPPn>PL.PZGIK.200</sln:miejscIIPPn><sln:miejscIIPWersja>2016-11-24T13:51:20+02:00</sln:miejscIIPWersja><sln:miejscIdTeryt>0839493</sln:miejscIdTeryt><sln:miejscNazwa>Góry</sln:miejscNazwa><sln:miejscRodzaj>Inny obiekt</sln:miejscRodzaj><sln:powIIPId>9ae62200-8233-49ef-aec3-b3c95fa6127e</sln:powIIPId><sln:powIIPPn>PL.PZGIK.200</sln:powIIPPn><sln:powIIPWersja>2012-09-27T07:52:00+02:00</sln:powIIPWersja><sln:powIdTeryt>1201</sln:powIdTeryt><sln:powNazwa>bocheński</sln:powNazwa><sln:wojIIPId>dd2e3c64-f861-47cf-a3a3-e7751f272b2f</sln:wojIIPId><sln:wojIIPPn>PL.PZGIK.200</sln:wojIIPPn><sln:wojIIPWersja>2017-10-10T00:00:00+02:00</sln:wojIIPWersja><sln:wojIdTeryt>12</sln:wojIdTeryt><sln:wojNazwa>małopolskie</sln:wojNazwa></sln:miejscowosc><sln:miejscowosc><sln:cyklZyciaDo>2017-04-25T00:00:00+02:00</sln:cyklZyciaDo><sln:cyklZyciaOd>2014-12-06T00:00:00+01:00</sln:cyklZyciaOd><sln:gmIIPId>4c132751-ea79-4f79-bd56-c65cf753f6ed</sln:gmIIPId><sln:gmIIPPn>PL.PZGIK.200</sln:gmIIPPn><sln:gmIIPWersja>2012-09-26T22:08:36+02:00</sln:gmIIPWersja><sln:gmIdTeryt>1201092</sln:gmIdTeryt><sln:gmNazwa>Żegocina</sln:gmNazwa><sln:miejscIIPId>e8de3a99-7533-4c75-97fa-9118df9cc65b</sln:miejscIIPId><sln:miejscIIPPn>PL.PZGIK.200</sln:miejscIIPPn><sln:miejscIIPWersja>2016-11-24T13:41:32+02:00</sln:miejscIIPWersja><sln:miejscIdTeryt>0838973</sln:miejscIdTeryt><sln:miejscNazwa>Łąkta Górna</sln:miejscNazwa><sln:miejscRodzaj>Wieś</sln:miejscRodzaj><sln:powIIPId>9ae62200-8233-49ef-aec3-b3c95fa6127e</sln:powIIPId><sln:powIIPPn>PL.PZGIK.200</sln:powIIPPn><sln:powIIPWersja>2012-09-27T07:52:00+02:00</sln:powIIPWersja><sln:powIdTeryt>1201</sln:powIdTeryt><sln:powNazwa>bocheński</sln:powNazwa><sln:wojIIPId>dd2e3c64-f861-47cf-a3a3-e7751f272b2f</sln:wojIIPId><sln:wojIIPPn>PL.PZGIK.200</sln:wojIIPPn><sln:wojIIPWersja>2017-10-10T00:00:00+02:00</sln:wojIIPWersja><sln:wojIdTeryt>12</sln:wojIdTeryt><sln:wojNazwa>małopolskie</sln:wojNazwa></sln:miejscowosc><sln:miejscowosc><sln:cyklZyciaDo>2017-04-25T00:00:00+02:00</sln:cyklZyciaDo><sln:cyklZyciaOd>2014-12-06T00:00:00+01:00</sln:cyklZyciaOd><sln:gmIIPId>4c132751-ea79-4f79-bd56-c65cf753f6ed</sln:gmIIPId><sln:gmIIPPn>PL.PZGIK.200</sln:gmIIPPn><sln:gmIIPWersja>2012-09-26T22:08:36+02:00</sln:gmIIPWersja><sln:gmIdTeryt>1201092</sln:gmIdTeryt><sln:gmNazwa>Żegocina</sln:gmNazwa><sln:miejscIIPId>eb450dda-02e8-43e0-8e45-c25bfeebba58</sln:miejscIIPId><sln:miejscIIPPn>PL.PZGIK.200</sln:miejscIIPPn><sln:miejscIIPWersja>2016-11-24T13:57:15+02:00</sln:miejscIIPWersja><sln:miejscIdTeryt>0839010</sln:miejscIdTeryt><sln:miejscNazwa>Golonkówka</sln:miejscNazwa><sln:miejscRodzaj>Inny obiekt</sln:miejscRodzaj><sln:powIIPId>9ae62200-8233-49ef-aec3-b3c95fa6127e</sln:powIIPId><sln:powIIPPn>PL.PZGIK.200</sln:powIIPPn><sln:powIIPWersja>2012-09-27T07:52:00+02:00</sln:powIIPWersja><sln:powIdTeryt>1201</sln:powIdTeryt><sln:powNazwa>bocheński</sln:powNazwa><sln:wojIIPId>dd2e3c64-f861-47cf-a3a3-e7751f272b2f</sln:wojIIPId><sln:wojIIPPn>PL.PZGIK.200</sln:wojIIPPn><sln:wojIIPWersja>2017-10-10T00:00:00+02:00</sln:wojIIPWersja><sln:wojIdTeryt>12</sln:wojIdTeryt><sln:wojNazwa>małopolskie</sln:wojNazwa></sln:miejscowosc><sln:miejscowosc><sln:cyklZyciaDo>2017-04-25T00:00:00+02:00</sln:cyklZyciaDo><sln:cyklZyciaOd>2014-12-06T00:00:00+01:00</sln:cyklZyciaOd><sln:gmIIPId>4c132751-ea79-4f79-bd56-c65cf753f6ed</sln:gmIIPId><sln:gmIIPPn>PL.PZGIK.200</sln:gmIIPPn><sln:gmIIPWersja>2012-09-26T22:08:36+02:00</sln:gmIIPWersja><sln:gmIdTeryt>1201092</sln:gmIdTeryt><sln:gmNazwa>Żegocina</sln:gmNazwa><sln:miejscIIPId>80e462ab-bba4-4645-ab3f-7f4fcad74789</sln:miejscIIPId><sln:miejscIIPPn>PL.PZGIK.200</sln:miejscIIPPn><sln:miejscIIPWersja>2016-11-24T13:57:15+02:00</sln:miejscIIPWersja><sln:miejscIdTeryt>0839116</sln:miejscIdTeryt><sln:miejscNazwa>Witkówka</sln:miejscNazwa><sln:miejscRodzaj>Inny obiekt</sln:miejscRodzaj><sln:powIIPId>9ae62200-8233-49ef-aec3-b3c95fa6127e</sln:powIIPId><sln:powIIPPn>PL.PZGIK.200</sln:powIIPPn><sln:powIIPWersja>2012-09-27T07:52:00+02:00</sln:powIIPWersja><sln:powIdTeryt>1201</sln:powIdTeryt><sln:powNazwa>bocheński</sln:powNazwa><sln:wojIIPId>dd2e3c64-f861-47cf-a3a3-e7751f272b2f</sln:wojIIPId><sln:wojIIPPn>PL.PZGIK.200</sln:wojIIPPn><sln:wojIIPWersja>2017-10-10T00:00:00+02:00</sln:wojIIPWersja><sln:wojIdTeryt>12</sln:wojIdTeryt><sln:wojNazwa>małopolskie</sln:wojNazwa></sln:miejscowosc><sln:miejscowosc><sln:cyklZyciaDo>2017-04-25T00:00:00+02:00</sln:cyklZyciaDo><sln:cyklZyciaOd>2014-12-06T00:00:00+01:00</sln:cyklZyciaOd><sln:gmIIPId>4c132751-ea79-4f79-bd56-c65cf753f6ed</sln:gmIIPId><sln:gmIIPPn>PL.PZGIK.200</sln:gmIIPPn><sln:gmIIPWersja>2012-09-26T22:08:36+02:00</sln:gmIIPWersja><sln:gmIdTeryt>1201092</sln:gmIdTeryt><sln:gmNazwa>Żegocina</sln:gmNazwa><sln:miejscIIPId>f4d959b0-fa68-416d-b343-5900f45829b6</sln:miejscIIPId><sln:miejscIIPPn>PL.PZGIK.200</sln:miejscIIPPn><sln:miejscIIPWersja>2016-11-24T13:46:16+02:00</sln:miejscIIPWersja><sln:miejscIdTeryt>0839286</sln:miejscIdTeryt><sln:miejscNazwa>Przysłop</sln:miejscNazwa><sln:miejscRodzaj>Inny obiekt</sln:miejscRodzaj><sln:powIIPId>9ae62200-8233-49ef-aec3-b3c95fa6127e</sln:powIIPId><sln:powIIPPn>PL.PZGIK.200</sln:powIIPPn><sln:powIIPWersja>2012-09-27T07:52:00+02:00</sln:powIIPWersja><sln:powIdTeryt>1201</sln:powIdTeryt><sln:powNazwa>bocheński</sln:powNazwa><sln:wojIIPId>dd2e3c64-f861-47cf-a3a3-e7751f272b2f</sln:wojIIPId><sln:wojIIPPn>PL.PZGIK.200</sln:wojIIPPn><sln:wojIIPWersja>2017-10-10T00:00:00+02:00</sln:wojIIPWersja><sln:wojIdTeryt>12</sln:wojIdTeryt><sln:wojNazwa>małopolskie</sln:wojNazwa></sln:miejscowosc><sln:miejscowosc><sln:cyklZyciaDo>2017-04-25T00:00:00+02:00</sln:cyklZyciaDo><sln:cyklZyciaOd>2014-12-06T00:00:00+01:00</sln:cyklZyciaOd><sln:gmIIPId>4c132751-ea79-4f79-bd56-c65cf753f6ed</sln:gmIIPId><sln:gmIIPPn>PL.PZGIK.200</sln:gmIIPPn><sln:gmIIPWersja>2012-09-26T22:08:36+02:00</sln:gmIIPWersja><sln:gmIdTeryt>1201092</sln:gmIdTeryt><sln:gmNazwa>Żegocina</sln:gmNazwa><sln:miejscIIPId>01281018-13f0-460c-9574-f1bed12b43bd</sln:miejscIIPId><sln:miejscIIPPn>PL.PZGIK.200</sln:miejscIIPPn><sln:miejscIIPWersja>2016-11-24T13:49:09+02:00</sln:miejscIIPWersja><sln:miejscIdTeryt>0838536</sln:miejscIdTeryt><sln:miejscNazwa>Wronówka</sln:miejscNazwa><sln:miejscRodzaj>Inny obiekt</sln:miejscRodzaj><sln:powIIPId>9ae62200-8233-49ef-aec3-b3c95fa6127e</sln:powIIPId><sln:powIIPPn>PL.PZGIK.200</sln:powIIPPn><sln:powIIPWersja>2012-09-27T07:52:00+02:00</sln:powIIPWersja><sln:powIdTeryt>1201</sln:powIdTeryt><sln:powNazwa>bocheński</sln:powNazwa><sln:wojIIPId>dd2e3c64-f861-47cf-a3a3-e7751f272b2f</sln:wojIIPId><sln:wojIIPPn>PL.PZGIK.200</sln:wojIIPPn><sln:wojIIPWersja>2017-10-10T00:00:00+02:00</sln:wojIIPWersja><sln:wojIdTeryt>12</sln:wojIdTeryt><sln:wojNazwa>małopolskie</sln:wojNazwa></sln:miejscowosc><sln:miejscowosc><sln:cyklZyciaDo>2017-04-25T00:00:00+02:00</sln:cyklZyciaDo><sln:cyklZyciaOd>2014-12-06T00:00:00+01:00</sln:cyklZyciaOd><sln:gmIIPId>4c132751-ea79-4f79-bd56-c65cf753f6ed</sln:gmIIPId><sln:gmIIPPn>PL.PZGIK.200</sln:gmIIPPn><sln:gmIIPWersja>2012-09-26T22:08:36+02:00</sln:gmIIPWersja><sln:gmIdTeryt>1201092</sln:gmIdTeryt><sln:gmNazwa>Żegocina</sln:gmNazwa><sln:miejscIIPId>92ebc393-cce9-421f-a38a-1f6b78a34151</sln:miejscIIPId><sln:miejscIIPPn>PL.PZGIK.200</sln:miejscIIPPn><sln:miejscIIPWersja>2016-11-24T13:49:09+02:00</sln:miejscIIPWersja><sln:miejscIdTeryt>0838513</sln:miejscIdTeryt><sln:miejscNazwa>Stawiska</sln:miejscNazwa><sln:miejscRodzaj>Inny obiekt</sln:miejscRodzaj><sln:powIIPId>9ae62200-8233-49ef-aec3-b3c95fa6127e</sln:powIIPId><sln:powIIPPn>PL.PZGIK.200</sln:powIIPPn><sln:powIIPWersja>2012-09-27T07:52:00+02:00</sln:powIIPWersja><sln:powIdTeryt>1201</sln:powIdTeryt><sln:powNazwa>bocheński</sln:powNazwa><sln:wojIIPId>dd2e3c64-f861-47cf-a3a3-e7751f272b2f</sln:wojIIPId><sln:wojIIPPn>PL.PZGIK.200</sln:wojIIPPn><sln:wojIIPWersja>2017-10-10T00:00:00+02:00</sln:wojIIPWersja><sln:wojIdTeryt>12</sln:wojIdTeryt><sln:wojNazwa>małopolskie</sln:wojNazwa></sln:miejscowosc><sln:miejscowosc><sln:cyklZyciaDo>2017-04-25T00:00:00+02:00</sln:cyklZyciaDo><sln:cyklZyciaOd>2014-12-06T00:00:00+01:00</sln:cyklZyciaOd><sln:gmIIPId>4c132751-ea79-4f79-bd56-c65cf753f6ed</sln:gmIIPId><sln:gmIIPPn>PL.PZGIK.200</sln:gmIIPPn><sln:gmIIPWersja>2012-09-26T22:08:36+02:00</sln:gmIIPWersja><sln:gmIdTeryt>1201092</sln:gmIdTeryt><sln:gmNazwa>Żegocina</sln:gmNazwa><sln:miejscIIPId>a072ff8f-bf4b-4bbe-8a02-18a10a2df9dd</sln:miejscIIPId><sln:miejscIIPPn>PL.PZGIK.200</sln:miejscIIPPn><sln:miejscIIPWersja>2016-11-24T13:51:20+02:00</sln:miejscIIPWersja><sln:miejscIdTeryt>0839560</sln:miejscIdTeryt><sln:miejscNazwa>Piechówka</sln:miejscNazwa><sln:miejscRodzaj>Inny obiekt</sln:miejscRodzaj><sln:powIIPId>9ae62200-8233-49ef-aec3-b3c95fa6127e</sln:powIIPId><sln:powIIPPn>PL.PZGIK.200</sln:powIIPPn><sln:powIIPWersja>2012-09-27T07:52:00+02:00</sln:powIIPWersja><sln:powIdTeryt>1201</sln:powIdTeryt><sln:powNazwa>bocheński</sln:powNazwa><sln:wojIIPId>dd2e3c64-f861-47cf-a3a3-e7751f272b2f</sln:wojIIPId><sln:wojIIPPn>PL.PZGIK.200</sln:wojIIPPn><sln:wojIIPWersja>2017-10-10T00:00:00+02:00</sln:wojIIPWersja><sln:wojIdTeryt>12</sln:wojIdTeryt><sln:wojNazwa>małopolskie</sln:wojNazwa></sln:miejscowosc><sln:miejscowosc><sln:cyklZyciaDo>2017-04-25T00:00:00+02:00</sln:cyklZyciaDo><sln:cyklZyciaOd>2014-12-06T00:00:00+01:00</sln:cyklZyciaOd><sln:gmIIPId>4c132751-ea79-4f79-bd56-c65cf753f6ed</sln:gmIIPId><sln:gmIIPPn>PL.PZGIK.200</sln:gmIIPPn><sln:gmIIPWersja>2012-09-26T22:08:36+02:00</sln:gmIIPWersja><sln:gmIdTeryt>1201092</sln:gmIdTeryt><sln:gmNazwa>Żegocina</sln:gmNazwa><sln:miejscIIPId>822d4e86-ce64-41ab-a2eb-723bfc037b5f</sln:miejscIIPId><sln:miejscIIPPn>PL.PZGIK.200</sln:miejscIIPPn><sln:miejscIIPWersja>2016-11-24T13:54:16+02:00</sln:miejscIIPWersja><sln:miejscIdTeryt>0838447</sln:miejscIdTeryt><sln:miejscNazwa>Siandajówka</sln:miejscNazwa><sln:miejscRodzaj>Inny obiekt</sln:miejscRodzaj><sln:powIIPId>9ae62200-8233-49ef-aec3-b3c95fa6127e</sln:powIIPId><sln:powIIPPn>PL.PZGIK.200</sln:powIIPPn><sln:powIIPWersja>2012-09-27T07:52:00+02:00</sln:powIIPWersja><sln:powIdTeryt>1201</sln:powIdTeryt><sln:powNazwa>bocheński</sln:powNazwa><sln:wojIIPId>dd2e3c64-f861-47cf-a3a3-e7751f272b2f</sln:wojIIPId><sln:wojIIPPn>PL.PZGIK.200</sln:wojIIPPn><sln:wojIIPWersja>2017-10-10T00:00:00+02:00</sln:wojIIPWersja><sln:wojIdTeryt>12</sln:wojIdTeryt><sln:wojNazwa>małopolskie</sln:wojNazwa></sln:miejscowosc><sln:miejscowosc><sln:cyklZyciaDo>2017-04-25T00:00:00+02:00</sln:cyklZyciaDo><sln:cyklZyciaOd>2014-12-06T00:00:00+01:00</sln:cyklZyciaOd><sln:gmIIPId>4c132751-ea79-4f79-bd56-c65cf753f6ed</sln:gmIIPId><sln:gmIIPPn>PL.PZGIK.200</sln:gmIIPPn><sln:gmIIPWersja>2012-09-26T22:08:36+02:00</sln:gmIIPWersja><sln:gmIdTeryt>1201092</sln:gmIdTeryt><sln:gmNazwa>Żegocina</sln:gmNazwa><sln:miejscIIPId>ca63e1ac-fc57-48e9-bb43-d1e80c482bda</sln:miejscIIPId><sln:miejscIIPPn>PL.PZGIK.200</sln:miejscIIPPn><sln:miejscIIPWersja>2016-11-24T13:51:20+02:00</sln:miejscIIPWersja><sln:miejscIdTeryt>0839487</sln:miejscIdTeryt><sln:miejscNazwa>Górczyna</sln:miejscNazwa><sln:miejscRodzaj>Inny obiekt</sln:miejscRodzaj><sln:powIIPId>9ae62200-8233-49ef-aec3-b3c95fa6127e</sln:powIIPId><sln:powIIPPn>PL.PZGIK.200</sln:powIIPPn><sln:powIIPWersja>2012-09-27T07:52:00+02:00</sln:powIIPWersja><sln:powIdTeryt>1201</sln:powIdTeryt><sln:powNazwa>bocheński</sln:powNazwa><sln:wojIIPId>dd2e3c64-f861-47cf-a3a3-e7751f272b2f</sln:wojIIPId><sln:wojIIPPn>PL.PZGIK.200</sln:wojIIPPn><sln:wojIIPWersja>2017-10-10T00:00:00+02:00</sln:wojIIPWersja><sln:wojIdTeryt>12</sln:wojIdTeryt><sln:wojNazwa>małopolskie</sln:wojNazwa></sln:miejscowosc><sln:miejscowosc><sln:cyklZyciaDo>2017-04-25T00:00:00+02:00</sln:cyklZyciaDo><sln:cyklZyciaOd>2014-12-06T00:00:00+01:00</sln:cyklZyciaOd><sln:gmIIPId>4c132751-ea79-4f79-bd56-c65cf753f6ed</sln:gmIIPId><sln:gmIIPPn>PL.PZGIK.200</sln:gmIIPPn><sln:gmIIPWersja>2012-09-26T22:08:36+02:00</sln:gmIIPWersja><sln:gmIdTeryt>1201092</sln:gmIdTeryt><sln:gmNazwa>Żegocina</sln:gmNazwa><sln:miejscIIPId>b23f97d9-118b-4b1f-b807-a37e6e1d8b4d</sln:miejscIIPId><sln:miejscIIPPn>PL.PZGIK.200</sln:miejscIIPPn><sln:miejscIIPWersja>2016-11-24T13:49:09+02:00</sln:miejscIIPWersja><sln:miejscIdTeryt>0838520</sln:miejscIdTeryt><sln:miejscNazwa>Węgry</sln:miejscNazwa><sln:miejscRodzaj>Inny obiekt</sln:miejscRodzaj><sln:powIIPId>9ae62200-8233-49ef-aec3-b3c95fa6127e</sln:powIIPId><sln:powIIPPn>PL.PZGIK.200</sln:powIIPPn><sln:powIIPWersja>2012-09-27T07:52:00+02:00</sln:powIIPWersja><sln:powIdTeryt>1201</sln:powIdTeryt><sln:powNazwa>bocheński</sln:powNazwa><sln:wojIIPId>dd2e3c64-f861-47cf-a3a3-e7751f272b2f</sln:wojIIPId><sln:wojIIPPn>PL.PZGIK.200</sln:wojIIPPn><sln:wojIIPWersja>2017-10-10T00:00:00+02:00</sln:wojIIPWersja><sln:wojIdTeryt>12</sln:wojIdTeryt><sln:wojNazwa>małopolskie</sln:wojNazwa></sln:miejscowosc><sln:miejscowosc><sln:cyklZyciaDo>2017-04-25T00:00:00+02:00</sln:cyklZyciaDo><sln:cyklZyciaOd>2014-12-06T00:00:00+01:00</sln:cyklZyciaOd><sln:gmIIPId>4c132751-ea79-4f79-bd56-c65cf753f6ed</sln:gmIIPId><sln:gmIIPPn>PL.PZGIK.200</sln:gmIIPPn><sln:gmIIPWersja>2012-09-26T22:08:36+02:00</sln:gmIIPWersja><sln:gmIdTeryt>1201092</sln:gmIdTeryt><sln:gmNazwa>Żegocina</sln:gmNazwa><sln:miejscIIPId>5f4e4516-3d58-47ea-9bfd-726fe44b4a69</sln:miejscIIPId><sln:miejscIIPPn>PL.PZGIK.200</sln:miejscIIPPn><sln:miejscIIPWersja>2016-11-24T13:46:16+02:00</sln:miejscIIPWersja><sln:miejscIdTeryt>0839257</sln:miejscIdTeryt><sln:miejscNazwa>Na Górach</sln:miejscNazwa><sln:miejscRodzaj>Inny obiekt</sln:miejscRodzaj><sln:powIIPId>9ae62200-8233-49ef-aec3-b3c95fa6127e</sln:powIIPId><sln:powIIPPn>PL.PZGIK.200</sln:powIIPPn><sln:powIIPWersja>2012-09-27T07:52:00+02:00</sln:powIIPWersja><sln:powIdTeryt>1201</sln:powIdTeryt><sln:powNazwa>bocheński</sln:powNazwa><sln:wojIIPId>dd2e3c64-f861-47cf-a3a3-e7751f272b2f</sln:wojIIPId><sln:wojIIPPn>PL.PZGIK.200</sln:wojIIPPn><sln:wojIIPWersja>2017-10-10T00:00:00+02:00</sln:wojIIPWersja><sln:wojIdTeryt>12</sln:wojIdTeryt><sln:wojNazwa>małopolskie</sln:wojNazwa></sln:miejscowosc><sln:miejscowosc><sln:cyklZyciaDo>2017-04-25T00:00:00+02:00</sln:cyklZyciaDo><sln:cyklZyciaOd>2014-12-06T00:00:00+01:00</sln:cyklZyciaOd><sln:gmIIPId>4c132751-ea79-4f79-bd56-c65cf753f6ed</sln:gmIIPId><sln:gmIIPPn>PL.PZGIK.200</sln:gmIIPPn><sln:gmIIPWersja>2012-09-26T22:08:36+02:00</sln:gmIIPWersja><sln:gmIdTeryt>1201092</sln:gmIdTeryt><sln:gmNazwa>Żegocina</sln:gmNazwa><sln:miejscIIPId>e5228107-92fe-4d95-ba0d-e3a229519db9</sln:miejscIIPId><sln:miejscIIPPn>PL.PZGIK.200</sln:miejscIIPPn><sln:miejscIIPWersja>2016-11-24T13:51:20+02:00</sln:miejscIIPWersja><sln:miejscIdTeryt>0839553</sln:miejscIdTeryt><sln:miejscNazwa>Patrówka</sln:miejscNazwa><sln:miejscRodzaj>Inny obiekt</sln:miejscRodzaj><sln:powIIPId>9ae62200-8233-49ef-aec3-b3c95fa6127e</sln:powIIPId><sln:powIIPPn>PL.PZGIK.200</sln:powIIPPn><sln:powIIPWersja>2012-09-27T07:52:00+02:00</sln:powIIPWersja><sln:powIdTeryt>1201</sln:powIdTeryt><sln:powNazwa>bocheński</sln:powNazwa><sln:wojIIPId>dd2e3c64-f861-47cf-a3a3-e7751f272b2f</sln:wojIIPId><sln:wojIIPPn>PL.PZGIK.200</sln:wojIIPPn><sln:wojIIPWersja>2017-10-10T00:00:00+02:00</sln:wojIIPWersja><sln:wojIdTeryt>12</sln:wojIdTeryt><sln:wojNazwa>małopolskie</sln:wojNazwa></sln:miejscowosc><sln:miejscowosc><sln:cyklZyciaDo>2017-04-25T00:00:00+02:00</sln:cyklZyciaDo><sln:cyklZyciaOd>2014-12-06T00:00:00+01:00</sln:cyklZyciaOd><sln:gmIIPId>4c132751-ea79-4f79-bd56-c65cf753f6ed</sln:gmIIPId><sln:gmIIPPn>PL.PZGIK.200</sln:gmIIPPn><sln:gmIIPWersja>2012-09-26T22:08:36+02:00</sln:gmIIPWersja><sln:gmIdTeryt>1201092</sln:gmIdTeryt><sln:gmNazwa>Żegocina</sln:gmNazwa><sln:miejscIIPId>8dfb5072-3266-415c-9d18-fcac3a6aedb1</sln:miejscIIPId><sln:miejscIIPPn>PL.PZGIK.200</sln:miejscIIPPn><sln:miejscIIPWersja>2016-11-24T13:46:16+02:00</sln:miejscIIPWersja><sln:miejscIdTeryt>0839234</sln:miejscIdTeryt><sln:miejscNazwa>Kmiecie</sln:miejscNazwa><sln:miejscRodzaj>Inny obiekt</sln:miejscRodzaj><sln:powIIPId>9ae62200-8233-49ef-aec3-b3c95fa6127e</sln:powIIPId><sln:powIIPPn>PL.PZGIK.200</sln:powIIPPn><sln:powIIPWersja>2012-09-27T07:52:00+02:00</sln:powIIPWersja><sln:powIdTeryt>1201</sln:powIdTeryt><sln:powNazwa>bocheński</sln:powNazwa><sln:wojIIPId>dd2e3c64-f861-47cf-a3a3-e7751f272b2f</sln:wojIIPId><sln:wojIIPPn>PL.PZGIK.200</sln:wojIIPPn><sln:wojIIPWersja>2017-10-10T00:00:00+02:00</sln:wojIIPWersja><sln:wojIdTeryt>12</sln:wojIdTeryt><sln:wojNazwa>małopolskie</sln:wojNazwa></sln:miejscowosc><sln:miejscowosc><sln:cyklZyciaDo>2017-04-25T00:00:00+02:00</sln:cyklZyciaDo><sln:cyklZyciaOd>2014-12-06T00:00:00+01:00</sln:cyklZyciaOd><sln:gmIIPId>4c132751-ea79-4f79-bd56-c65cf753f6ed</sln:gmIIPId><sln:gmIIPPn>PL.PZGIK.200</sln:gmIIPPn><sln:gmIIPWersja>2012-09-26T22:08:36+02:00</sln:gmIIPWersja><sln:gmIdTeryt>1201092</sln:gmIdTeryt><sln:gmNazwa>Żegocina</sln:gmNazwa><sln:miejscIIPId>9e619845-9d38-4cf3-940a-059707abeb08</sln:miejscIIPId><sln:miejscIIPPn>PL.PZGIK.200</sln:miejscIIPPn><sln:miejscIIPWersja>2016-11-24T13:54:16+02:00</sln:miejscIIPWersja><sln:miejscIdTeryt>0838418</sln:miejscIdTeryt><sln:miejscNazwa>Mrowcówka</sln:miejscNazwa><sln:miejscRodzaj>Inny obiekt</sln:miejscRodzaj><sln:powIIPId>9ae62200-8233-49ef-aec3-b3c95fa6127e</sln:powIIPId><sln:powIIPPn>PL.PZGIK.200</sln:powIIPPn><sln:powIIPWersja>2012-09-27T07:52:00+02:00</sln:powIIPWersja><sln:powIdTeryt>1201</sln:powIdTeryt><sln:powNazwa>bocheński</sln:powNazwa><sln:wojIIPId>dd2e3c64-f861-47cf-a3a3-e7751f272b2f</sln:wojIIPId><sln:wojIIPPn>PL.PZGIK.200</sln:wojIIPPn><sln:wojIIPWersja>2017-10-10T00:00:00+02:00</sln:wojIIPWersja><sln:wojIdTeryt>12</sln:wojIdTeryt><sln:wojNazwa>małopolskie</sln:wojNazwa></sln:miejscowosc><sln:miejscowosc><sln:cyklZyciaDo>2017-04-25T00:00:00+02:00</sln:cyklZyciaDo><sln:cyklZyciaOd>2014-12-06T00:00:00+01:00</sln:cyklZyciaOd><sln:gmIIPId>4c132751-ea79-4f79-bd56-c65cf753f6ed</sln:gmIIPId><sln:gmIIPPn>PL.PZGIK.200</sln:gmIIPPn><sln:gmIIPWersja>2012-09-26T22:08:36+02:00</sln:gmIIPWersja><sln:gmIdTeryt>1201092</sln:gmIdTeryt><sln:gmNazwa>Żegocina</sln:gmNazwa><sln:miejscIIPId>079ea1ed-a007-4d39-afd3-fc7d1eca0d4f</sln:miejscIIPId><sln:miejscIIPPn>PL.PZGIK.200</sln:miejscIIPPn><sln:miejscIIPWersja>2016-11-24T13:35:04+02:00</sln:miejscIIPWersja><sln:miejscIdTeryt>0839464</sln:miejscIdTeryt><sln:miejscNazwa>Żegocina</sln:miejscNazwa><sln:miejscRodzaj>Wieś</sln:miejscRodzaj><sln:powIIPId>9ae62200-8233-49ef-aec3-b3c95fa6127e</sln:powIIPId><sln:powIIPPn>PL.PZGIK.200</sln:powIIPPn><sln:powIIPWersja>2012-09-27T07:52:00+02:00</sln:powIIPWersja><sln:powIdTeryt>1201</sln:powIdTeryt><sln:powNazwa>bocheński</sln:powNazwa><sln:wojIIPId>dd2e3c64-f861-47cf-a3a3-e7751f272b2f</sln:wojIIPId><sln:wojIIPPn>PL.PZGIK.200</sln:wojIIPPn><sln:wojIIPWersja>2017-10-10T00:00:00+02:00</sln:wojIIPWersja><sln:wojIdTeryt>12</sln:wojIdTeryt><sln:wojNazwa>małopolskie</sln:wojNazwa></sln:miejscowosc><sln:miejscowosc><sln:cyklZyciaDo>2017-04-25T00:00:00+02:00</sln:cyklZyciaDo><sln:cyklZyciaOd>2014-12-06T00:00:00+01:00</sln:cyklZyciaOd><sln:gmIIPId>4c132751-ea79-4f79-bd56-c65cf753f6ed</sln:gmIIPId><sln:gmIIPPn>PL.PZGIK.200</sln:gmIIPPn><sln:gmIIPWersja>2012-09-26T22:08:36+02:00</sln:gmIIPWersja><sln:gmIdTeryt>1201092</sln:gmIdTeryt><sln:gmNazwa>Żegocina</sln:gmNazwa><sln:miejscIIPId>19f93ce6-1d6b-44ac-aed2-e56051b8087f</sln:miejscIIPId><sln:miejscIIPPn>PL.PZGIK.200</sln:miejscIIPPn><sln:miejscIIPWersja>2016-11-24T13:57:15+02:00</sln:miejscIIPWersja><sln:miejscIdTeryt>0839122</sln:miejscIdTeryt><sln:miejscNazwa>Zagrody</sln:miejscNazwa><sln:miejscRodzaj>Inny obiekt</sln:miejscRodzaj><sln:powIIPId>9ae62200-8233-49ef-aec3-b3c95fa6127e</sln:powIIPId><sln:powIIPPn>PL.PZGIK.200</sln:powIIPPn><sln:powIIPWersja>2012-09-27T07:52:00+02:00</sln:powIIPWersja><sln:powIdTeryt>1201</sln:powIdTeryt><sln:powNazwa>bocheński</sln:powNazwa><sln:wojIIPId>dd2e3c64-f861-47cf-a3a3-e7751f272b2f</sln:wojIIPId><sln:wojIIPPn>PL.PZGIK.200</sln:wojIIPPn><sln:wojIIPWersja>2017-10-10T00:00:00+02:00</sln:wojIIPWersja><sln:wojIdTeryt>12</sln:wojIdTeryt><sln:wojNazwa>małopolskie</sln:wojNazwa></sln:miejscowosc><sln:miejscowosc><sln:cyklZyciaDo>2017-04-25T00:00:00+02:00</sln:cyklZyciaDo><sln:cyklZyciaOd>2014-12-06T00:00:00+01:00</sln:cyklZyciaOd><sln:gmIIPId>4c132751-ea79-4f79-bd56-c65cf753f6ed</sln:gmIIPId><sln:gmIIPPn>PL.PZGIK.200</sln:gmIIPPn><sln:gmIIPWersja>2012-09-26T22:08:36+02:00</sln:gmIIPWersja><sln:gmIdTeryt>1201092</sln:gmIdTeryt><sln:gmNazwa>Żegocina</sln:gmNazwa><sln:miejscIIPId>2a8e0664-ddf8-4473-81b6-6eb5f83fca63</sln:miejscIIPId><sln:miejscIIPPn>PL.PZGIK.200</sln:miejscIIPPn><sln:miejscIIPWersja>2016-11-24T13:32:42+02:00</sln:miejscIIPWersja><sln:miejscIdTeryt>0838453</sln:miejscIdTeryt><sln:miejscNazwa>Bytomsko</sln:miejscNazwa><sln:miejscRodzaj>Wieś</sln:miejscRodzaj><sln:powIIPId>9ae62200-8233-49ef-aec3-b3c95fa6127e</sln:powIIPId><sln:powIIPPn>PL.PZGIK.200</sln:powIIPPn><sln:powIIPWersja>2012-09-27T07:52:00+02:00</sln:powIIPWersja><sln:powIdTeryt>1201</sln:powIdTeryt><sln:powNazwa>bocheński</sln:powNazwa><sln:wojIIPId>dd2e3c64-f861-47cf-a3a3-e7751f272b2f</sln:wojIIPId><sln:wojIIPPn>PL.PZGIK.200</sln:wojIIPPn><sln:wojIIPWersja>2017-10-10T00:00:00+02:00</sln:wojIIPWersja><sln:wojIdTeryt>12</sln:wojIdTeryt><sln:wojNazwa>małopolskie</sln:wojNazwa></sln:miejscowosc><sln:miejscowosc><sln:cyklZyciaDo>2017-04-25T00:00:00+02:00</sln:cyklZyciaDo><sln:cyklZyciaOd>2014-12-06T00:00:00+01:00</sln:cyklZyciaOd><sln:gmIIPId>4c132751-ea79-4f79-bd56-c65cf753f6ed</sln:gmIIPId><sln:gmIIPPn>PL.PZGIK.200</sln:gmIIPPn><sln:gmIIPWersja>2012-09-26T22:08:36+02:00</sln:gmIIPWersja><sln:gmIdTeryt>1201092</sln:gmIdTeryt><sln:gmNazwa>Żegocina</sln:gmNazwa><sln:miejscIIPId>62472724-786d-4505-a9a3-3f075887ae4a</sln:miejscIIPId><sln:miejscIIPPn>PL.PZGIK.200</sln:miejscIIPPn><sln:miejscIIPWersja>2016-11-24T13:54:16+02:00</sln:miejscIIPWersja><sln:miejscIdTeryt>0838401</sln:miejscIdTeryt><sln:miejscNazwa>Granice</sln:miejscNazwa><sln:miejscRodzaj>Inny obiekt</sln:miejscRodzaj><sln:powIIPId>9ae62200-8233-49ef-aec3-b3c95fa6127e</sln:powIIPId><sln:powIIPPn>PL.PZGIK.200</sln:powIIPPn><sln:powIIPWersja>2012-09-27T07:52:00+02:00</sln:powIIPWersja><sln:powIdTeryt>1201</sln:powIdTeryt><sln:powNazwa>bocheński</sln:powNazwa><sln:wojIIPId>dd2e3c64-f861-47cf-a3a3-e7751f272b2f</sln:wojIIPId><sln:wojIIPPn>PL.PZGIK.200</sln:wojIIPPn><sln:wojIIPWersja>2017-10-10T00:00:00+02:00</sln:wojIIPWersja><sln:wojIdTeryt>12</sln:wojIdTeryt><sln:wojNazwa>małopolskie</sln:wojNazwa></sln:miejscowosc><sln:miejscowosc><sln:cyklZyciaDo>2017-04-25T00:00:00+02:00</sln:cyklZyciaDo><sln:cyklZyciaOd>2014-12-06T00:00:00+01:00</sln:cyklZyciaOd><sln:gmIIPId>4c132751-ea79-4f79-bd56-c65cf753f6ed</sln:gmIIPId><sln:gmIIPPn>PL.PZGIK.200</sln:gmIIPPn><sln:gmIIPWersja>2012-09-26T22:08:36+02:00</sln:gmIIPWersja><sln:gmIdTeryt>1201092</sln:gmIdTeryt><sln:gmNazwa>Żegocina</sln:gmNazwa><sln:miejscIIPId>4dce6452-2fe3-4102-aefe-886e53d883ac</sln:miejscIIPId><sln:miejscIIPPn>PL.PZGIK.200</sln:miejscIIPPn><sln:miejscIIPWersja>2016-11-24T13:46:16+02:00</sln:miejscIIPWersja><sln:miejscIdTeryt>0839300</sln:miejscIdTeryt><sln:miejscNazwa>Za Dworem</sln:miejscNazwa><sln:miejscRodzaj>Inny obiekt</sln:miejscRodzaj><sln:powIIPId>9ae62200-8233-49ef-aec3-b3c95fa6127e</sln:powIIPId><sln:powIIPPn>PL.PZGIK.200</sln:powIIPPn><sln:powIIPWersja>2012-09-27T07:52:00+02:00</sln:powIIPWersja><sln:powIdTeryt>1201</sln:powIdTeryt><sln:powNazwa>bocheński</sln:powNazwa><sln:wojIIPId>dd2e3c64-f861-47cf-a3a3-e7751f272b2f</sln:wojIIPId><sln:wojIIPPn>PL.PZGIK.200</sln:wojIIPPn><sln:wojIIPWersja>2017-10-10T00:00:00+02:00</sln:wojIIPWersja><sln:wojIdTeryt>12</sln:wojIdTeryt><sln:wojNazwa>małopolskie</sln:wojNazwa></sln:miejscowosc><sln:miejscowosc><sln:cyklZyciaDo>2017-04-25T00:00:00+02:00</sln:cyklZyciaDo><sln:cyklZyciaOd>2014-12-06T00:00:00+01:00</sln:cyklZyciaOd><sln:gmIIPId>4c132751-ea79-4f79-bd56-c65cf753f6ed</sln:gmIIPId><sln:gmIIPPn>PL.PZGIK.200</sln:gmIIPPn><sln:gmIIPWersja>2012-09-26T22:08:36+02:00</sln:gmIIPWersja><sln:gmIdTeryt>1201092</sln:gmIdTeryt><sln:gmNazwa>Żegocina</sln:gmNazwa><sln:miejscIIPId>09718a1a-8689-42f1-835b-1483f6e5a816</sln:miejscIIPId><sln:miejscIIPPn>PL.PZGIK.200</sln:miejscIIPPn><sln:miejscIIPWersja>2016-11-24T13:29:55+02:00</sln:miejscIIPWersja><sln:miejscIdTeryt>0839168</sln:miejscIdTeryt><sln:miejscNazwa>Rozdziele</sln:miejscNazwa><sln:miejscRodzaj>Wieś</sln:miejscRodzaj><sln:powIIPId>9ae62200-8233-49ef-aec3-b3c95fa6127e</sln:powIIPId><sln:powIIPPn>PL.PZGIK.200</sln:powIIPPn><sln:powIIPWersja>2012-09-27T07:52:00+02:00</sln:powIIPWersja><sln:powIdTeryt>1201</sln:powIdTeryt><sln:powNazwa>bocheński</sln:powNazwa><sln:wojIIPId>dd2e3c64-f861-47cf-a3a3-e7751f272b2f</sln:wojIIPId><sln:wojIIPPn>PL.PZGIK.200</sln:wojIIPPn><sln:wojIIPWersja>2017-10-10T00:00:00+02:00</sln:wojIIPWersja><sln:wojIdTeryt>12</sln:wojIdTeryt><sln:wojNazwa>małopolskie</sln:wojNazwa></sln:miejscowosc><sln:miejscowosc><sln:cyklZyciaDo>2017-04-25T00:00:00+02:00</sln:cyklZyciaDo><sln:cyklZyciaOd>2014-12-06T00:00:00+01:00</sln:cyklZyciaOd><sln:gmIIPId>4c132751-ea79-4f79-bd56-c65cf753f6ed</sln:gmIIPId><sln:gmIIPPn>PL.PZGIK.200</sln:gmIIPPn><sln:gmIIPWersja>2012-09-26T22:08:36+02:00</sln:gmIIPWersja><sln:gmIdTeryt>1201092</sln:gmIdTeryt><sln:gmNazwa>Żegocina</sln:gmNazwa><sln:miejscIIPId>6bdba496-188d-4380-b018-c96aed4eab06</sln:miejscIIPId><sln:miejscIIPPn>PL.PZGIK.200</sln:miejscIIPPn><sln:miejscIIPWersja>2016-11-24T13:49:09+02:00</sln:miejscIIPWersja><sln:miejscIdTeryt>0838476</sln:miejscIdTeryt><sln:miejscNazwa>Dział</sln:miejscNazwa><sln:miejscRodzaj>Inny obiekt</sln:miejscRodzaj><sln:powIIPId>9ae62200-8233-49ef-aec3-b3c95fa6127e</sln:powIIPId><sln:powIIPPn>PL.PZGIK.200</sln:powIIPPn><sln:powIIPWersja>2012-09-27T07:52:00+02:00</sln:powIIPWersja><sln:powIdTeryt>1201</sln:powIdTeryt><sln:powNazwa>bocheński</sln:powNazwa><sln:wojIIPId>dd2e3c64-f861-47cf-a3a3-e7751f272b2f</sln:wojIIPId><sln:wojIIPPn>PL.PZGIK.200</sln:wojIIPPn><sln:wojIIPWersja>2017-10-10T00:00:00+02:00</sln:wojIIPWersja><sln:wojIdTeryt>12</sln:wojIdTeryt><sln:wojNazwa>małopolskie</sln:wojNazwa></sln:miejscowosc><sln:miejscowosc><sln:cyklZyciaDo>2017-04-25T00:00:00+02:00</sln:cyklZyciaDo><sln:cyklZyciaOd>2014-12-06T00:00:00+01:00</sln:cyklZyciaOd><sln:gmIIPId>4c132751-ea79-4f79-bd56-c65cf753f6ed</sln:gmIIPId><sln:gmIIPPn>PL.PZGIK.200</sln:gmIIPPn><sln:gmIIPWersja>2012-09-26T22:08:36+02:00</sln:gmIIPWersja><sln:gmIdTeryt>1201092</sln:gmIdTeryt><sln:gmNazwa>Żegocina</sln:gmNazwa><sln:miejscIIPId>57f7b608-14a8-481a-b607-c34bf82f8795</sln:miejscIIPId><sln:miejscIIPPn>PL.PZGIK.200</sln:miejscIIPPn><sln:miejscIIPWersja>2016-11-24T13:51:20+02:00</sln:miejscIIPWersja><sln:miejscIdTeryt>0839518</sln:miejscIdTeryt><sln:miejscNazwa>Kępiaki</sln:miejscNazwa><sln:miejscRodzaj>Inny obiekt</sln:miejscRodzaj><sln:powIIPId>9ae62200-8233-49ef-aec3-b3c95fa6127e</sln:powIIPId><sln:powIIPPn>PL.PZGIK.200</sln:powIIPPn><sln:powIIPWersja>2012-09-27T07:52:00+02:00</sln:powIIPWersja><sln:powIdTeryt>1201</sln:powIdTeryt><sln:powNazwa>bocheński</sln:powNazwa><sln:wojIIPId>dd2e3c64-f861-47cf-a3a3-e7751f272b2f</sln:wojIIPId><sln:wojIIPPn>PL.PZGIK.200</sln:wojIIPPn><sln:wojIIPWersja>2017-10-10T00:00:00+02:00</sln:wojIIPWersja><sln:wojIdTeryt>12</sln:wojIdTeryt><sln:wojNazwa>małopolskie</sln:wojNazwa></sln:miejscowosc><sln:miejscowosc><sln:cyklZyciaDo>2017-04-25T00:00:00+02:00</sln:cyklZyciaDo><sln:cyklZyciaOd>2014-12-06T00:00:00+01:00</sln:cyklZyciaOd><sln:gmIIPId>4c132751-ea79-4f79-bd56-c65cf753f6ed</sln:gmIIPId><sln:gmIIPPn>PL.PZGIK.200</sln:gmIIPPn><sln:gmIIPWersja>2012-09-26T22:08:36+02:00</sln:gmIIPWersja><sln:gmIdTeryt>1201092</sln:gmIdTeryt><sln:gmNazwa>Żegocina</sln:gmNazwa><sln:miejscIIPId>f8bb7da0-ff8f-410e-ba19-ed940256f58f</sln:miejscIIPId><sln:miejscIIPPn>PL.PZGIK.200</sln:miejscIIPPn><sln:miejscIIPWersja>2016-11-24T13:57:15+02:00</sln:miejscIIPWersja><sln:miejscIdTeryt>0839004</sln:miejscIdTeryt><sln:miejscNazwa>Dwór</sln:miejscNazwa><sln:miejscRodzaj>Inny obiekt</sln:miejscRodzaj><sln:powIIPId>9ae62200-8233-49ef-aec3-b3c95fa6127e</sln:powIIPId><sln:powIIPPn>PL.PZGIK.200</sln:powIIPPn><sln:powIIPWersja>2012-09-27T07:52:00+02:00</sln:powIIPWersja><sln:powIdTeryt>1201</sln:powIdTeryt><sln:powNazwa>bocheński</sln:powNazwa><sln:wojIIPId>dd2e3c64-f861-47cf-a3a3-e7751f272b2f</sln:wojIIPId><sln:wojIIPPn>PL.PZGIK.200</sln:wojIIPPn><sln:wojIIPWersja>2017-10-10T00:00:00+02:00</sln:wojIIPWersja><sln:wojIdTeryt>12</sln:wojIdTeryt><sln:wojNazwa>małopolskie</sln:wojNazwa></sln:miejscowosc><sln:miejscowosc><sln:cyklZyciaDo>2017-04-25T00:00:00+02:00</sln:cyklZyciaDo><sln:cyklZyciaOd>2014-12-06T00:00:00+01:00</sln:cyklZyciaOd><sln:gmIIPId>4c132751-ea79-4f79-bd56-c65cf753f6ed</sln:gmIIPId><sln:gmIIPPn>PL.PZGIK.200</sln:gmIIPPn><sln:gmIIPWersja>2012-09-26T22:08:36+02:00</sln:gmIIPWersja><sln:gmIdTeryt>1201092</sln:gmIdTeryt><sln:gmNazwa>Żegocina</sln:gmNazwa><sln:miejscIIPId>09ba3128-5874-4904-aeef-3b0a01f32950</sln:miejscIIPId><sln:miejscIIPPn>PL.PZGIK.200</sln:miejscIIPPn><sln:miejscIIPWersja>2016-11-24T13:54:16+02:00</sln:miejscIIPWersja><sln:miejscIdTeryt>0838430</sln:miejscIdTeryt><sln:miejscNazwa>Połom</sln:miejscNazwa><sln:miejscRodzaj>Inny obiekt</sln:miejscRodzaj><sln:powIIPId>9ae62200-8233-49ef-aec3-b3c95fa6127e</sln:powIIPId><sln:powIIPPn>PL.PZGIK.200</sln:powIIPPn><sln:powIIPWersja>2012-09-27T07:52:00+02:00</sln:powIIPWersja><sln:powIdTeryt>1201</sln:powIdTeryt><sln:powNazwa>bocheński</sln:powNazwa><sln:wojIIPId>dd2e3c64-f861-47cf-a3a3-e7751f272b2f</sln:wojIIPId><sln:wojIIPPn>PL.PZGIK.200</sln:wojIIPPn><sln:wojIIPWersja>2017-10-10T00:00:00+02:00</sln:wojIIPWersja><sln:wojIdTeryt>12</sln:wojIdTeryt><sln:wojNazwa>małopolskie</sln:wojNazwa></sln:miejscowosc><sln:miejscowosc><sln:cyklZyciaDo>2017-04-25T00:00:00+02:00</sln:cyklZyciaDo><sln:cyklZyciaOd>2014-12-06T00:00:00+01:00</sln:cyklZyciaOd><sln:gmIIPId>4c132751-ea79-4f79-bd56-c65cf753f6ed</sln:gmIIPId><sln:gmIIPPn>PL.PZGIK.200</sln:gmIIPPn><sln:gmIIPWersja>2012-09-26T22:08:36+02:00</sln:gmIIPWersja><sln:gmIdTeryt>1201092</sln:gmIdTeryt><sln:gmNazwa>Żegocina</sln:gmNazwa><sln:miejscIIPId>e85b995d-3604-4904-bf4c-9e489b011796</sln:miejscIIPId><sln:miejscIIPPn>PL.PZGIK.200</sln:miejscIIPPn><sln:miejscIIPWersja>2016-11-24T13:54:16+02:00</sln:miejscIIPWersja><sln:miejscIdTeryt>0838424</sln:miejscIdTeryt><sln:miejscNazwa>Podlas</sln:miejscNazwa><sln:miejscRodzaj>Inny obiekt</sln:miejscRodzaj><sln:powIIPId>9ae62200-8233-49ef-aec3-b3c95fa6127e</sln:powIIPId><sln:powIIPPn>PL.PZGIK.200</sln:powIIPPn><sln:powIIPWersja>2012-09-27T07:52:00+02:00</sln:powIIPWersja><sln:powIdTeryt>1201</sln:powIdTeryt><sln:powNazwa>bocheński</sln:powNazwa><sln:wojIIPId>dd2e3c64-f861-47cf-a3a3-e7751f272b2f</sln:wojIIPId><sln:wojIIPPn>PL.PZGIK.200</sln:wojIIPPn><sln:wojIIPWersja>2017-10-10T00:00:00+02:00</sln:wojIIPWersja><sln:wojIdTeryt>12</sln:wojIdTeryt><sln:wojNazwa>małopolskie</sln:wojNazwa></sln:miejscowosc><sln:miejscowosc><sln:cyklZyciaDo>2017-04-25T00:00:00+02:00</sln:cyklZyciaDo><sln:cyklZyciaOd>2014-12-06T00:00:00+01:00</sln:cyklZyciaOd><sln:gmIIPId>4c132751-ea79-4f79-bd56-c65cf753f6ed</sln:gmIIPId><sln:gmIIPPn>PL.PZGIK.200</sln:gmIIPPn><sln:gmIIPWersja>2012-09-26T22:08:36+02:00</sln:gmIIPWersja><sln:gmIdTeryt>1201092</sln:gmIdTeryt><sln:gmNazwa>Żegocina</sln:gmNazwa><sln:miejscIIPId>458b1ddc-70c3-4a9f-8c29-9707d4586f37</sln:miejscIIPId><sln:miejscIIPPn>PL.PZGIK.200</sln:miejscIIPPn><sln:miejscIIPWersja>2016-11-24T13:46:16+02:00</sln:miejscIIPWersja><sln:miejscIdTeryt>0839240</sln:miejscIdTeryt><sln:miejscNazwa>Na Dolinach</sln:miejscNazwa><sln:miejscRodzaj>Inny obiekt</sln:miejscRodzaj><sln:powIIPId>9ae62200-8233-49ef-aec3-b3c95fa6127e</sln:powIIPId><sln:powIIPPn>PL.PZGIK.200</sln:powIIPPn><sln:powIIPWersja>2012-09-27T07:52:00+02:00</sln:powIIPWersja><sln:powIdTeryt>1201</sln:powIdTeryt><sln:powNazwa>bocheński</sln:powNazwa><sln:wojIIPId>dd2e3c64-f861-47cf-a3a3-e7751f272b2f</sln:wojIIPId><sln:wojIIPPn>PL.PZGIK.200</sln:wojIIPPn><sln:wojIIPWersja>2017-10-10T00:00:00+02:00</sln:wojIIPWersja><sln:wojIdTeryt>12</sln:wojIdTeryt><sln:wojNazwa>małopolskie</sln:wojNazwa></sln:miejscowosc><sln:miejscowosc><sln:cyklZyciaDo>2017-04-25T00:00:00+02:00</sln:cyklZyciaDo><sln:cyklZyciaOd>2014-12-06T00:00:00+01:00</sln:cyklZyciaOd><sln:gmIIPId>4c132751-ea79-4f79-bd56-c65cf753f6ed</sln:gmIIPId><sln:gmIIPPn>PL.PZGIK.200</sln:gmIIPPn><sln:gmIIPWersja>2012-09-26T22:08:36+02:00</sln:gmIIPWersja><sln:gmIdTeryt>1201092</sln:gmIdTeryt><sln:gmNazwa>Żegocina</sln:gmNazwa><sln:miejscIIPId>ac4dde05-6dac-4c25-a8e2-a151bb2c2ef9</sln:miejscIIPId><sln:miejscIIPPn>PL.PZGIK.200</sln:miejscIIPPn><sln:miejscIIPWersja>2016-11-24T13:57:15+02:00</sln:miejscIIPWersja><sln:miejscIdTeryt>0839091</sln:miejscIdTeryt><sln:miejscNazwa>Skrzydłówka</sln:miejscNazwa><sln:miejscRodzaj>Inny obiekt</sln:miejscRodzaj><sln:powIIPId>9ae62200-8233-49ef-aec3-b3c95fa6127e</sln:powIIPId><sln:powIIPPn>PL.PZGIK.200</sln:powIIPPn><sln:powIIPWersja>2012-09-27T07:52:00+02:00</sln:powIIPWersja><sln:powIdTeryt>1201</sln:powIdTeryt><sln:powNazwa>bocheński</sln:powNazwa><sln:wojIIPId>dd2e3c64-f861-47cf-a3a3-e7751f272b2f</sln:wojIIPId><sln:wojIIPPn>PL.PZGIK.200</sln:wojIIPPn><sln:wojIIPWersja>2017-10-10T00:00:00+02:00</sln:wojIIPWersja><sln:wojIdTeryt>12</sln:wojIdTeryt><sln:wojNazwa>małopolskie</sln:wojNazwa></sln:miejscowosc><sln:miejscowosc><sln:cyklZyciaDo>2017-04-25T00:00:00+02:00</sln:cyklZyciaDo><sln:cyklZyciaOd>2014-12-06T00:00:00+01:00</sln:cyklZyciaOd><sln:gmIIPId>4c132751-ea79-4f79-bd56-c65cf753f6ed</sln:gmIIPId><sln:gmIIPPn>PL.PZGIK.200</sln:gmIIPPn><sln:gmIIPWersja>2012-09-26T22:08:36+02:00</sln:gmIIPWersja><sln:gmIdTeryt>1201092</sln:gmIdTeryt><sln:gmNazwa>Żegocina</sln:gmNazwa><sln:miejscIIPId>c8a67318-0570-4cbf-825a-ff8923add96b</sln:miejscIIPId><sln:miejscIIPPn>PL.PZGIK.200</sln:miejscIIPPn><sln:miejscIIPWersja>2016-11-24T13:49:09+02:00</sln:miejscIIPWersja><sln:miejscIdTeryt>0838460</sln:miejscIdTeryt><sln:miejscNazwa>Berkówka</sln:miejscNazwa><sln:miejscRodzaj>Inny obiekt</sln:miejscRodzaj><sln:powIIPId>9ae62200-8233-49ef-aec3-b3c95fa6127e</sln:powIIPId><sln:powIIPPn>PL.PZGIK.200</sln:powIIPPn><sln:powIIPWersja>2012-09-27T07:52:00+02:00</sln:powIIPWersja><sln:powIdTeryt>1201</sln:powIdTeryt><sln:powNazwa>bocheński</sln:powNazwa><sln:wojIIPId>dd2e3c64-f861-47cf-a3a3-e7751f272b2f</sln:wojIIPId><sln:wojIIPPn>PL.PZGIK.200</sln:wojIIPPn><sln:wojIIPWersja>2017-10-10T00:00:00+02:00</sln:wojIIPWersja><sln:wojIdTeryt>12</sln:wojIdTeryt><sln:wojNazwa>małopolskie</sln:wojNazwa></sln:miejscowosc><sln:miejscowosc><sln:cyklZyciaDo>2017-04-25T00:00:00+02:00</sln:cyklZyciaDo><sln:cyklZyciaOd>2014-12-06T00:00:00+01:00</sln:cyklZyciaOd><sln:gmIIPId>4c132751-ea79-4f79-bd56-c65cf753f6ed</sln:gmIIPId><sln:gmIIPPn>PL.PZGIK.200</sln:gmIIPPn><sln:gmIIPWersja>2012-09-26T22:08:36+02:00</sln:gmIIPWersja><sln:gmIdTeryt>1201092</sln:gmIdTeryt><sln:gmNazwa>Żegocina</sln:gmNazwa><sln:miejscIIPId>b6389a61-0246-4ee7-b7fa-e277e997a81e</sln:miejscIIPId><sln:miejscIIPPn>PL.PZGIK.200</sln:miejscIIPPn><sln:miejscIIPWersja>2016-11-24T13:46:16+02:00</sln:miejscIIPWersja><sln:miejscIdTeryt>0839228</sln:miejscIdTeryt><sln:miejscNazwa>Górne Rozdziele</sln:miejscNazwa><sln:miejscRodzaj>Inny obiekt</sln:miejscRodzaj><sln:powIIPId>9ae62200-8233-49ef-aec3-b3c95fa6127e</sln:powIIPId><sln:powIIPPn>PL.PZGIK.200</sln:powIIPPn><sln:powIIPWersja>2012-09-27T07:52:00+02:00</sln:powIIPWersja><sln:powIdTeryt>1201</sln:powIdTeryt><sln:powNazwa>bocheński</sln:powNazwa><sln:wojIIPId>dd2e3c64-f861-47cf-a3a3-e7751f272b2f</sln:wojIIPId><sln:wojIIPPn>PL.PZGIK.200</sln:wojIIPPn><sln:wojIIPWersja>2017-10-10T00:00:00+02:00</sln:wojIIPWersja><sln:wojIdTeryt>12</sln:wojIdTeryt><sln:wojNazwa>małopolskie</sln:wojNazwa></sln:miejscowosc><sln:miejscowosc><sln:cyklZyciaDo>2017-04-25T00:00:00+02:00</sln:cyklZyciaDo><sln:cyklZyciaOd>2014-12-06T00:00:00+01:00</sln:cyklZyciaOd><sln:gmIIPId>4c132751-ea79-4f79-bd56-c65cf753f6ed</sln:gmIIPId><sln:gmIIPPn>PL.PZGIK.200</sln:gmIIPPn><sln:gmIIPWersja>2012-09-26T22:08:36+02:00</sln:gmIIPWersja><sln:gmIdTeryt>1201092</sln:gmIdTeryt><sln:gmNazwa>Żegocina</sln:gmNazwa><sln:miejscIIPId>1a440d8d-abb8-4a4d-91a6-622a915264f5</sln:miejscIIPId><sln:miejscIIPPn>PL.PZGIK.200</sln:miejscIIPPn><sln:miejscIIPWersja>2016-11-24T13:57:15+02:00</sln:miejscIIPWersja><sln:miejscIdTeryt>0839079</sln:miejscIdTeryt><sln:miejscNazwa>Madejówka</sln:miejscNazwa><sln:miejscRodzaj>Inny obiekt</sln:miejscRodzaj><sln:powIIPId>9ae62200-8233-49ef-aec3-b3c95fa6127e</sln:powIIPId><sln:powIIPPn>PL.PZGIK.200</sln:powIIPPn><sln:powIIPWersja>2012-09-27T07:52:00+02:00</sln:powIIPWersja><sln:powIdTeryt>1201</sln:powIdTeryt><sln:powNazwa>bocheński</sln:powNazwa><sln:wojIIPId>dd2e3c64-f861-47cf-a3a3-e7751f272b2f</sln:wojIIPId><sln:wojIIPPn>PL.PZGIK.200</sln:wojIIPPn><sln:wojIIPWersja>2017-10-10T00:00:00+02:00</sln:wojIIPWersja><sln:wojIdTeryt>12</sln:wojIdTeryt><sln:wojNazwa>małopolskie</sln:wojNazwa></sln:miejscowosc><sln:miejscowosc><sln:cyklZyciaDo>2017-04-25T00:00:00+02:00</sln:cyklZyciaDo><sln:cyklZyciaOd>2014-12-06T00:00:00+01:00</sln:cyklZyciaOd><sln:gmIIPId>4c132751-ea79-4f79-bd56-c65cf753f6ed</sln:gmIIPId><sln:gmIIPPn>PL.PZGIK.200</sln:gmIIPPn><sln:gmIIPWersja>2012-09-26T22:08:36+02:00</sln:gmIIPWersja><sln:gmIdTeryt>1201092</sln:gmIdTeryt><sln:gmNazwa>Żegocina</sln:gmNazwa><sln:miejscIIPId>34251577-e122-48c7-8b75-4a39dacd23f7</sln:miejscIIPId><sln:miejscIIPPn>PL.PZGIK.200</sln:miejscIIPPn><sln:miejscIIPWersja>2016-11-24T13:57:15+02:00</sln:miejscIIPWersja><sln:miejscIdTeryt>0839033</sln:miejscIdTeryt><sln:miejscNazwa>Konice</sln:miejscNazwa><sln:miejscRodzaj>Inny obiekt</sln:miejscRodzaj><sln:powIIPId>9ae62200-8233-49ef-aec3-b3c95fa6127e</sln:powIIPId><sln:powIIPPn>PL.PZGIK.200</sln:powIIPPn><sln:powIIPWersja>2012-09-27T07:52:00+02:00</sln:powIIPWersja><sln:powIdTeryt>1201</sln:powIdTeryt><sln:powNazwa>bocheński</sln:powNazwa><sln:wojIIPId>dd2e3c64-f861-47cf-a3a3-e7751f272b2f</sln:wojIIPId><sln:wojIIPPn>PL.PZGIK.200</sln:wojIIPPn><sln:wojIIPWersja>2017-10-10T00:00:00+02:00</sln:wojIIPWersja><sln:wojIdTeryt>12</sln:wojIdTeryt><sln:wojNazwa>małopolskie</sln:wojNazwa></sln:miejscowosc><sln:miejscowosc><sln:cyklZyciaDo>2017-04-25T00:00:00+02:00</sln:cyklZyciaDo><sln:cyklZyciaOd>2014-12-06T00:00:00+01:00</sln:cyklZyciaOd><sln:gmIIPId>4c132751-ea79-4f79-bd56-c65cf753f6ed</sln:gmIIPId><sln:gmIIPPn>PL.PZGIK.200</sln:gmIIPPn><sln:gmIIPWersja>2012-09-26T22:08:36+02:00</sln:gmIIPWersja><sln:gmIdTeryt>1201092</sln:gmIdTeryt><sln:gmNazwa>Żegocina</sln:gmNazwa><sln:miejscIIPId>ea1621c2-bfc8-4a5a-962f-a8c63feefa2f</sln:miejscIIPId><sln:miejscIIPPn>PL.PZGIK.200</sln:miejscIIPPn><sln:miejscIIPWersja>2016-11-24T13:37:43+02:00</sln:miejscIIPWersja><sln:miejscIdTeryt>0838393</sln:miejscIdTeryt><sln:miejscNazwa>Bełdno</sln:miejscNazwa><sln:miejscRodzaj>Wieś</sln:miejscRodzaj><sln:powIIPId>9ae62200-8233-49ef-aec3-b3c95fa6127e</sln:powIIPId><sln:powIIPPn>PL.PZGIK.200</sln:powIIPPn><sln:powIIPWersja>2012-09-27T07:52:00+02:00</sln:powIIPWersja><sln:powIdTeryt>1201</sln:powIdTeryt><sln:powNazwa>bocheński</sln:powNazwa><sln:wojIIPId>dd2e3c64-f861-47cf-a3a3-e7751f272b2f</sln:wojIIPId><sln:wojIIPPn>PL.PZGIK.200</sln:wojIIPPn><sln:wojIIPWersja>2017-10-10T00:00:00+02:00</sln:wojIIPWersja><sln:wojIdTeryt>12</sln:wojIdTeryt><sln:wojNazwa>małopolskie</sln:wojNazwa></sln:miejscowosc><sln:miejscowosc><sln:cyklZyciaDo>2017-04-25T00:00:00+02:00</sln:cyklZyciaDo><sln:cyklZyciaOd>2014-12-06T00:00:00+01:00</sln:cyklZyciaOd><sln:gmIIPId>4c132751-ea79-4f79-bd56-c65cf753f6ed</sln:gmIIPId><sln:gmIIPPn>PL.PZGIK.200</sln:gmIIPPn><sln:gmIIPWersja>2012-09-26T22:08:36+02:00</sln:gmIIPWersja><sln:gmIdTeryt>1201092</sln:gmIdTeryt><sln:gmNazwa>Żegocina</sln:gmNazwa><sln:miejscIIPId>08586c32-987d-4799-856c-c1342327aaad</sln:miejscIIPId><sln:miejscIIPPn>PL.PZGIK.200</sln:miejscIIPPn><sln:miejscIIPWersja>2016-11-24T13:28:00+02:00</sln:miejscIIPWersja><sln:miejscIdTeryt>0839062</sln:miejscIdTeryt><sln:miejscNazwa>Łukaszówka</sln:miejscNazwa><sln:miejscRodzaj>Inny obiekt</sln:miejscRodzaj><sln:powIIPId>9ae62200-8233-49ef-aec3-b3c95fa6127e</sln:powIIPId><sln:powIIPPn>PL.PZGIK.200</sln:powIIPPn><sln:powIIPWersja>2012-09-27T07:52:00+02:00</sln:powIIPWersja><sln:powIdTeryt>1201</sln:powIdTeryt><sln:powNazwa>bocheński</sln:powNazwa><sln:wojIIPId>dd2e3c64-f861-47cf-a3a3-e7751f272b2f</sln:wojIIPId><sln:wojIIPPn>PL.PZGIK.200</sln:wojIIPPn><sln:wojIIPWersja>2017-10-10T00:00:00+02:00</sln:wojIIPWersja><sln:wojIdTeryt>12</sln:wojIdTeryt><sln:wojNazwa>małopolskie</sln:wojNazwa></sln:miejscowosc><sln:miejscowosc><sln:cyklZyciaDo>2017-04-25T00:00:00+02:00</sln:cyklZyciaDo><sln:cyklZyciaOd>2014-12-06T00:00:00+01:00</sln:cyklZyciaOd><sln:gmIIPId>4c132751-ea79-4f79-bd56-c65cf753f6ed</sln:gmIIPId><sln:gmIIPPn>PL.PZGIK.200</sln:gmIIPPn><sln:gmIIPWersja>2012-09-26T22:08:36+02:00</sln:gmIIPWersja><sln:gmIdTeryt>1201092</sln:gmIdTeryt><sln:gmNazwa>Żegocina</sln:gmNazwa><sln:miejscIIPId>f1573171-5069-48eb-882e-434467805ca5</sln:miejscIIPId><sln:miejscIIPPn>PL.PZGIK.200</sln:miejscIIPPn><sln:miejscIIPWersja>2016-11-24T13:57:15+02:00</sln:miejscIIPWersja><sln:miejscIdTeryt>0838980</sln:miejscIdTeryt><sln:miejscNazwa>Brzeziny</sln:miejscNazwa><sln:miejscRodzaj>Inny obiekt</sln:miejscRodzaj><sln:powIIPId>9ae62200-8233-49ef-aec3-b3c95fa6127e</sln:powIIPId><sln:powIIPPn>PL.PZGIK.200</sln:powIIPPn><sln:powIIPWersja>2012-09-27T07:52:00+02:00</sln:powIIPWersja><sln:powIdTeryt>1201</sln:powIdTeryt><sln:powNazwa>bocheński</sln:powNazwa><sln:wojIIPId>dd2e3c64-f861-47cf-a3a3-e7751f272b2f</sln:wojIIPId><sln:wojIIPPn>PL.PZGIK.200</sln:wojIIPPn><sln:wojIIPWersja>2017-10-10T00:00:00+02:00</sln:wojIIPWersja><sln:wojIdTeryt>12</sln:wojIdTeryt><sln:wojNazwa>małopolskie</sln:wojNazwa></sln:miejscowosc><sln:miejscowosc><sln:cyklZyciaDo>2017-04-25T00:00:00+02:00</sln:cyklZyciaDo><sln:cyklZyciaOd>2014-12-06T00:00:00+01:00</sln:cyklZyciaOd><sln:gmIIPId>4c132751-ea79-4f79-bd56-c65cf753f6ed</sln:gmIIPId><sln:gmIIPPn>PL.PZGIK.200</sln:gmIIPPn><sln:gmIIPWersja>2012-09-26T22:08:36+02:00</sln:gmIIPWersja><sln:gmIdTeryt>1201092</sln:gmIdTeryt><sln:gmNazwa>Żegocina</sln:gmNazwa><sln:miejscIIPId>4601044b-0dcd-4b46-b046-2c5811c162e6</sln:miejscIIPId><sln:miejscIIPPn>PL.PZGIK.200</sln:miejscIIPPn><sln:miejscIIPWersja>2016-11-24T13:46:16+02:00</sln:miejscIIPWersja><sln:miejscIdTeryt>0839292</sln:miejscIdTeryt><sln:miejscNazwa>Rola</sln:miejscNazwa><sln:miejscRodzaj>Inny obiekt</sln:miejscRodzaj><sln:powIIPId>9ae62200-8233-49ef-aec3-b3c95fa6127e</sln:powIIPId><sln:powIIPPn>PL.PZGIK.200</sln:powIIPPn><sln:powIIPWersja>2012-09-27T07:52:00+02:00</sln:powIIPWersja><sln:powIdTeryt>1201</sln:powIdTeryt><sln:powNazwa>bocheński</sln:powNazwa><sln:wojIIPId>dd2e3c64-f861-47cf-a3a3-e7751f272b2f</sln:wojIIPId><sln:wojIIPPn>PL.PZGIK.200</sln:wojIIPPn><sln:wojIIPWersja>2017-10-10T00:00:00+02:00</sln:wojIIPWersja><sln:wojIdTeryt>12</sln:wojIdTeryt><sln:wojNazwa>małopolskie</sln:wojNazwa></sln:miejscowosc><sln:miejscowosc><sln:cyklZyciaDo>2017-04-25T00:00:00+02:00</sln:cyklZyciaDo><sln:cyklZyciaOd>2014-12-06T00:00:00+01:00</sln:cyklZyciaOd><sln:gmIIPId>4c132751-ea79-4f79-bd56-c65cf753f6ed</sln:gmIIPId><sln:gmIIPPn>PL.PZGIK.200</sln:gmIIPPn><sln:gmIIPWersja>2012-09-26T22:08:36+02:00</sln:gmIIPWersja><sln:gmIdTeryt>1201092</sln:gmIdTeryt><sln:gmNazwa>Żegocina</sln:gmNazwa><sln:miejscIIPId>31830b8a-5b34-4246-ab41-36776e8d601e</sln:miejscIIPId><sln:miejscIIPPn>PL.PZGIK.200</sln:miejscIIPPn><sln:miejscIIPWersja>2016-11-24T13:46:16+02:00</sln:miejscIIPWersja><sln:miejscIdTeryt>0839270</sln:miejscIdTeryt><sln:miejscNazwa>Najbrówka</sln:miejscNazwa><sln:miejscRodzaj>Inny obiekt</sln:miejscRodzaj><sln:powIIPId>9ae62200-8233-49ef-aec3-b3c95fa6127e</sln:powIIPId><sln:powIIPPn>PL.PZGIK.200</sln:powIIPPn><sln:powIIPWersja>2012-09-27T07:52:00+02:00</sln:powIIPWersja><sln:powIdTeryt>1201</sln:powIdTeryt><sln:powNazwa>bocheński</sln:powNazwa><sln:wojIIPId>dd2e3c64-f861-47cf-a3a3-e7751f272b2f</sln:wojIIPId><sln:wojIIPPn>PL.PZGIK.200</sln:wojIIPPn><sln:wojIIPWersja>2017-10-10T00:00:00+02:00</sln:wojIIPWersja><sln:wojIdTeryt>12</sln:wojIdTeryt><sln:wojNazwa>małopolskie</sln:wojNazwa></sln:miejscowosc><sln:miejscowosc><sln:cyklZyciaDo>2017-04-25T00:00:00+02:00</sln:cyklZyciaDo><sln:cyklZyciaOd>2014-12-06T00:00:00+01:00</sln:cyklZyciaOd><sln:gmIIPId>4c132751-ea79-4f79-bd56-c65cf753f6ed</sln:gmIIPId><sln:gmIIPPn>PL.PZGIK.200</sln:gmIIPPn><sln:gmIIPWersja>2012-09-26T22:08:36+02:00</sln:gmIIPWersja><sln:gmIdTeryt>1201092</sln:gmIdTeryt><sln:gmNazwa>Żegocina</sln:gmNazwa><sln:miejscIIPId>dc023401-8956-4240-bed9-b1458dc6a79c</sln:miejscIIPId><sln:miejscIIPPn>PL.PZGIK.200</sln:miejscIIPPn><sln:miejscIIPWersja>2016-11-24T13:49:09+02:00</sln:miejscIIPWersja><sln:miejscIdTeryt>0838499</sln:miejscIdTeryt><sln:miejscNazwa>Podgórcze</sln:miejscNazwa><sln:miejscRodzaj>Inny obiekt</sln:miejscRodzaj><sln:powIIPId>9ae62200-8233-49ef-aec3-b3c95fa6127e</sln:powIIPId><sln:powIIPPn>PL.PZGIK.200</sln:powIIPPn><sln:powIIPWersja>2012-09-27T07:52:00+02:00</sln:powIIPWersja><sln:powIdTeryt>1201</sln:powIdTeryt><sln:powNazwa>bocheński</sln:powNazwa><sln:wojIIPId>dd2e3c64-f861-47cf-a3a3-e7751f272b2f</sln:wojIIPId><sln:wojIIPPn>PL.PZGIK.200</sln:wojIIPPn><sln:wojIIPWersja>2017-10-10T00:00:00+02:00</sln:wojIIPWersja><sln:wojIdTeryt>12</sln:wojIdTeryt><sln:wojNazwa>małopolskie</sln:wojNazwa></sln:miejscowosc><sln:miejscowosc><sln:cyklZyciaDo>2017-04-25T00:00:00+02:00</sln:cyklZyciaDo><sln:cyklZyciaOd>2014-12-06T00:00:00+01:00</sln:cyklZyciaOd><sln:gmIIPId>4c132751-ea79-4f79-bd56-c65cf753f6ed</sln:gmIIPId><sln:gmIIPPn>PL.PZGIK.200</sln:gmIIPPn><sln:gmIIPWersja>2012-09-26T22:08:36+02:00</sln:gmIIPWersja><sln:gmIdTeryt>1201092</sln:gmIdTeryt><sln:gmNazwa>Żegocina</sln:gmNazwa><sln:miejscIIPId>bcb58ab4-51cc-49e9-b1e9-cda34e67feb4</sln:miejscIIPId><sln:miejscIIPPn>PL.PZGIK.200</sln:miejscIIPPn><sln:miejscIIPWersja>2016-11-24T13:46:16+02:00</sln:miejscIIPWersja><sln:miejscIdTeryt>0839205</sln:miejscIdTeryt><sln:miejscNazwa>Dolne Rozdziele</sln:miejscNazwa><sln:miejscRodzaj>Inny obiekt</sln:miejscRodzaj><sln:powIIPId>9ae62200-8233-49ef-aec3-b3c95fa6127e</sln:powIIPId><sln:powIIPPn>PL.PZGIK.200</sln:powIIPPn><sln:powIIPWersja>2012-09-27T07:52:00+02:00</sln:powIIPWersja><sln:powIdTeryt>1201</sln:powIdTeryt><sln:powNazwa>bocheński</sln:powNazwa><sln:wojIIPId>dd2e3c64-f861-47cf-a3a3-e7751f272b2f</sln:wojIIPId><sln:wojIIPPn>PL.PZGIK.200</sln:wojIIPPn><sln:wojIIPWersja>2017-10-10T00:00:00+02:00</sln:wojIIPWersja><sln:wojIdTeryt>12</sln:wojIdTeryt><sln:wojNazwa>małopolskie</sln:wojNazwa></sln:miejscowosc><sln:miejscowosc><sln:cyklZyciaDo>2017-04-25T00:00:00+02:00</sln:cyklZyciaDo><sln:cyklZyciaOd>2014-12-06T00:00:00+01:00</sln:cyklZyciaOd><sln:gmIIPId>4c132751-ea79-4f79-bd56-c65cf753f6ed</sln:gmIIPId><sln:gmIIPPn>PL.PZGIK.200</sln:gmIIPPn><sln:gmIIPWersja>2012-09-26T22:08:36+02:00</sln:gmIIPWersja><sln:gmIdTeryt>1201092</sln:gmIdTeryt><sln:gmNazwa>Żegocina</sln:gmNazwa><sln:miejscIIPId>8d1eb48c-9bbb-4476-b862-2a26543ad57e</sln:miejscIIPId><sln:miejscIIPPn>PL.PZGIK.200</sln:miejscIIPPn><sln:miejscIIPWersja>2016-11-24T13:57:15+02:00</sln:miejscIIPWersja><sln:miejscIdTeryt>0839027</sln:miejscIdTeryt><sln:miejscNazwa>Kamionki</sln:miejscNazwa><sln:miejscRodzaj>Inny obiekt</sln:miejscRodzaj><sln:powIIPId>9ae62200-8233-49ef-aec3-b3c95fa6127e</sln:powIIPId><sln:powIIPPn>PL.PZGIK.200</sln:powIIPPn><sln:powIIPWersja>2012-09-27T07:52:00+02:00</sln:powIIPWersja><sln:powIdTeryt>1201</sln:powIdTeryt><sln:powNazwa>bocheński</sln:powNazwa><sln:wojIIPId>dd2e3c64-f861-47cf-a3a3-e7751f272b2f</sln:wojIIPId><sln:wojIIPPn>PL.PZGIK.200</sln:wojIIPPn><sln:wojIIPWersja>2017-10-10T00:00:00+02:00</sln:wojIIPWersja><sln:wojIdTeryt>12</sln:wojIdTeryt><sln:wojNazwa>małopolskie</sln:wojNazwa></sln:miejscowosc><sln:miejscowosc><sln:cyklZyciaDo>2017-04-25T00:00:00+02:00</sln:cyklZyciaDo><sln:cyklZyciaOd>2014-12-06T00:00:00+01:00</sln:cyklZyciaOd><sln:gmIIPId>4c132751-ea79-4f79-bd56-c65cf753f6ed</sln:gmIIPId><sln:gmIIPPn>PL.PZGIK.200</sln:gmIIPPn><sln:gmIIPWersja>2012-09-26T22:08:36+02:00</sln:gmIIPWersja><sln:gmIdTeryt>1201092</sln:gmIdTeryt><sln:gmNazwa>Żegocina</sln:gmNazwa><sln:miejscIIPId>ed35a1fe-bfec-47cb-9414-650506d61e43</sln:miejscIIPId><sln:miejscIIPPn>PL.PZGIK.200</sln:miejscIIPPn><sln:miejscIIPWersja>2016-11-24T13:57:15+02:00</sln:miejscIIPWersja><sln:miejscIdTeryt>0839100</sln:miejscIdTeryt><sln:miejscNazwa>Wąsówka</sln:miejscNazwa><sln:miejscRodzaj>Inny obiekt</sln:miejscRodzaj><sln:powIIPId>9ae62200-8233-49ef-aec3-b3c95fa6127e</sln:powIIPId><sln:powIIPPn>PL.PZGIK.200</sln:powIIPPn><sln:powIIPWersja>2012-09-27T07:52:00+02:00</sln:powIIPWersja><sln:powIdTeryt>1201</sln:powIdTeryt><sln:powNazwa>bocheński</sln:powNazwa><sln:wojIIPId>dd2e3c64-f861-47cf-a3a3-e7751f272b2f</sln:wojIIPId><sln:wojIIPPn>PL.PZGIK.200</sln:wojIIPPn><sln:wojIIPWersja>2017-10-10T00:00:00+02:00</sln:wojIIPWersja><sln:wojIdTeryt>12</sln:wojIdTeryt><sln:wojNazwa>małopolskie</sln:wojNazwa></sln:miejscowosc><sln:miejscowosc><sln:cyklZyciaDo>2017-04-25T00:00:00+02:00</sln:cyklZyciaDo><sln:cyklZyciaOd>2014-12-06T00:00:00+01:00</sln:cyklZyciaOd><sln:gmIIPId>4c132751-ea79-4f79-bd56-c65cf753f6ed</sln:gmIIPId><sln:gmIIPPn>PL.PZGIK.200</sln:gmIIPPn><sln:gmIIPWersja>2012-09-26T22:08:36+02:00</sln:gmIIPWersja><sln:gmIdTeryt>1201092</sln:gmIdTeryt><sln:gmNazwa>Żegocina</sln:gmNazwa><sln:miejscIIPId>6fc6c02d-0005-429f-9019-541b1d099b02</sln:miejscIIPId><sln:miejscIIPPn>PL.PZGIK.200</sln:miejscIIPPn><sln:miejscIIPWersja>2016-11-24T13:46:16+02:00</sln:miejscIIPWersja><sln:miejscIdTeryt>0839174</sln:miejscIdTeryt><sln:miejscNazwa>Błaskówka</sln:miejscNazwa><sln:miejscRodzaj>Inny obiekt</sln:miejscRodzaj><sln:powIIPId>9ae62200-8233-49ef-aec3-b3c95fa6127e</sln:powIIPId><sln:powIIPPn>PL.PZGIK.200</sln:powIIPPn><sln:powIIPWersja>2012-09-27T07:52:00+02:00</sln:powIIPWersja><sln:powIdTeryt>1201</sln:powIdTeryt><sln:powNazwa>bocheński</sln:powNazwa><sln:wojIIPId>dd2e3c64-f861-47cf-a3a3-e7751f272b2f</sln:wojIIPId><sln:wojIIPPn>PL.PZGIK.200</sln:wojIIPPn><sln:wojIIPWersja>2017-10-10T00:00:00+02:00</sln:wojIIPWersja><sln:wojIdTeryt>12</sln:wojIdTeryt><sln:wojNazwa>małopolskie</sln:wojNazwa></sln:miejscowosc><sln:miejscowosc><sln:cyklZyciaDo>2017-04-25T00:00:00+02:00</sln:cyklZyciaDo><sln:cyklZyciaOd>2014-12-06T00:00:00+01:00</sln:cyklZyciaOd><sln:gmIIPId>4c132751-ea79-4f79-bd56-c65cf753f6ed</sln:gmIIPId><sln:gmIIPPn>PL.PZGIK.200</sln:gmIIPPn><sln:gmIIPWersja>2012-09-26T22:08:36+02:00</sln:gmIIPWersja><sln:gmIdTeryt>1201092</sln:gmIdTeryt><sln:gmNazwa>Żegocina</sln:gmNazwa><sln:miejscIIPId>f647bc36-f512-44a8-abe9-dda723057423</sln:miejscIIPId><sln:miejscIIPPn>PL.PZGIK.200</sln:miejscIIPPn><sln:miejscIIPWersja>2016-11-24T13:51:20+02:00</sln:miejscIIPWersja><sln:miejscIdTeryt>0839530</sln:miejscIdTeryt><sln:miejscNazwa>Kowalczyki</sln:miejscNazwa><sln:miejscRodzaj>Inny obiekt</sln:miejscRodzaj><sln:powIIPId>9ae62200-8233-49ef-aec3-b3c95fa6127e</sln:powIIPId><sln:powIIPPn>PL.PZGIK.200</sln:powIIPPn><sln:powIIPWersja>2012-09-27T07:52:00+02:00</sln:powIIPWersja><sln:powIdTeryt>1201</sln:powIdTeryt><sln:powNazwa>bocheński</sln:powNazwa><sln:wojIIPId>dd2e3c64-f861-47cf-a3a3-e7751f272b2f</sln:wojIIPId><sln:wojIIPPn>PL.PZGIK.200</sln:wojIIPPn><sln:wojIIPWersja>2017-10-10T00:00:00+02:00</sln:wojIIPWersja><sln:wojIdTeryt>12</sln:wojIdTeryt><sln:wojNazwa>małopolskie</sln:wojNazwa></sln:miejscowosc><sln:miejscowosc><sln:cyklZyciaDo>2017-04-25T00:00:00+02:00</sln:cyklZyciaDo><sln:cyklZyciaOd>2014-12-06T00:00:00+01:00</sln:cyklZyciaOd><sln:gmIIPId>4c132751-ea79-4f79-bd56-c65cf753f6ed</sln:gmIIPId><sln:gmIIPPn>PL.PZGIK.200</sln:gmIIPPn><sln:gmIIPWersja>2012-09-26T22:08:36+02:00</sln:gmIIPWersja><sln:gmIdTeryt>1201092</sln:gmIdTeryt><sln:gmNazwa>Żegocina</sln:gmNazwa><sln:miejscIIPId>ac8fb26c-91d9-41c3-8424-d457f9f45cbc</sln:miejscIIPId><sln:miejscIIPPn>PL.PZGIK.200</sln:miejscIIPPn><sln:miejscIIPWersja>2016-11-24T13:57:15+02:00</sln:miejscIIPWersja><sln:miejscIdTeryt>0839085</sln:miejscIdTeryt><sln:miejscNazwa>Rola</sln:miejscNazwa><sln:miejscRodzaj>Inny obiekt</sln:miejscRodzaj><sln:powIIPId>9ae62200-8233-49ef-aec3-b3c95fa6127e</sln:powIIPId><sln:powIIPPn>PL.PZGIK.200</sln:powIIPPn><sln:powIIPWersja>2012-09-27T07:52:00+02:00</sln:powIIPWersja><sln:powIdTeryt>1201</sln:powIdTeryt><sln:powNazwa>bocheński</sln:powNazwa><sln:wojIIPId>dd2e3c64-f861-47cf-a3a3-e7751f272b2f</sln:wojIIPId><sln:wojIIPPn>PL.PZGIK.200</sln:wojIIPPn><sln:wojIIPWersja>2017-10-10T00:00:00+02:00</sln:wojIIPWersja><sln:wojIdTeryt>12</sln:wojIdTeryt><sln:wojNazwa>małopolskie</sln:wojNazwa></sln:miejscowosc><sln:miejscowosc><sln:cyklZyciaDo>2017-04-25T00:00:00+02:00</sln:cyklZyciaDo><sln:cyklZyciaOd>2014-12-06T00:00:00+01:00</sln:cyklZyciaOd><sln:gmIIPId>4c132751-ea79-4f79-bd56-c65cf753f6ed</sln:gmIIPId><sln:gmIIPPn>PL.PZGIK.200</sln:gmIIPPn><sln:gmIIPWersja>2012-09-26T22:08:36+02:00</sln:gmIIPWersja><sln:gmIdTeryt>1201092</sln:gmIdTeryt><sln:gmNazwa>Żegocina</sln:gmNazwa><sln:miejscIIPId>d823cb1a-e1bd-43d1-b1a2-32c9b7ed8714</sln:miejscIIPId><sln:miejscIIPPn>PL.PZGIK.200</sln:miejscIIPPn><sln:miejscIIPWersja>2016-11-24T13:46:16+02:00</sln:miejscIIPWersja><sln:miejscIdTeryt>0839263</sln:miejscIdTeryt><sln:miejscNazwa>Na Wygonach</sln:miejscNazwa><sln:miejscRodzaj>Inny obiekt</sln:miejscRodzaj><sln:powIIPId>9ae62200-8233-49ef-aec3-b3c95fa6127e</sln:powIIPId><sln:powIIPPn>PL.PZGIK.200</sln:powIIPPn><sln:powIIPWersja>2012-09-27T07:52:00+02:00</sln:powIIPWersja><sln:powIdTeryt>1201</sln:powIdTeryt><sln:powNazwa>bocheński</sln:powNazwa><sln:wojIIPId>dd2e3c64-f861-47cf-a3a3-e7751f272b2f</sln:wojIIPId><sln:wojIIPPn>PL.PZGIK.200</sln:wojIIPPn><sln:wojIIPWersja>2017-10-10T00:00:00+02:00</sln:wojIIPWersja><sln:wojIdTeryt>12</sln:wojIdTeryt><sln:wojNazwa>małopolskie</sln:wojNazwa></sln:miejscowosc><sln:miejscowosc><sln:cyklZyciaDo>2017-04-25T00:00:00+02:00</sln:cyklZyciaDo><sln:cyklZyciaOd>2014-12-06T00:00:00+01:00</sln:cyklZyciaOd><sln:gmIIPId>4c132751-ea79-4f79-bd56-c65cf753f6ed</sln:gmIIPId><sln:gmIIPPn>PL.PZGIK.200</sln:gmIIPPn><sln:gmIIPWersja>2012-09-26T22:08:36+02:00</sln:gmIIPWersja><sln:gmIdTeryt>1201092</sln:gmIdTeryt><sln:gmNazwa>Żegocina</sln:gmNazwa><sln:miejscIIPId>a5ef938b-7152-40d6-be64-59504c2c43ec</sln:miejscIIPId><sln:miejscIIPPn>PL.PZGIK.200</sln:miejscIIPPn><sln:miejscIIPWersja>2016-11-24T13:57:15+02:00</sln:miejscIIPWersja><sln:miejscIdTeryt>0839040</sln:miejscIdTeryt><sln:miejscNazwa>Kuce</sln:miejscNazwa><sln:miejscRodzaj>Inny obiekt</sln:miejscRodzaj><sln:powIIPId>9ae62200-8233-49ef-aec3-b3c95fa6127e</sln:powIIPId><sln:powIIPPn>PL.PZGIK.200</sln:powIIPPn><sln:powIIPWersja>2012-09-27T07:52:00+02:00</sln:powIIPWersja><sln:powIdTeryt>1201</sln:powIdTeryt><sln:powNazwa>bocheński</sln:powNazwa><sln:wojIIPId>dd2e3c64-f861-47cf-a3a3-e7751f272b2f</sln:wojIIPId><sln:wojIIPPn>PL.PZGIK.200</sln:wojIIPPn><sln:wojIIPWersja>2017-10-10T00:00:00+02:00</sln:wojIIPWersja><sln:wojIdTeryt>12</sln:wojIdTeryt><sln:wojNazwa>małopolskie</sln:wojNazwa></sln:miejscowosc><sln:miejscowosc><sln:cyklZyciaDo>2017-04-25T00:00:00+02:00</sln:cyklZyciaDo><sln:cyklZyciaOd>2014-12-06T00:00:00+01:00</sln:cyklZyciaOd><sln:gmIIPId>4c132751-ea79-4f79-bd56-c65cf753f6ed</sln:gmIIPId><sln:gmIIPPn>PL.PZGIK.200</sln:gmIIPPn><sln:gmIIPWersja>2012-09-26T22:08:36+02:00</sln:gmIIPWersja><sln:gmIdTeryt>1201092</sln:gmIdTeryt><sln:gmNazwa>Żegocina</sln:gmNazwa><sln:miejscIIPId>35178e25-8beb-4dd4-b118-3140c7fb9e41</sln:miejscIIPId><sln:miejscIIPPn>PL.PZGIK.200</sln:miejscIIPPn><sln:miejscIIPWersja>2016-11-24T13:51:20+02:00</sln:miejscIIPWersja><sln:miejscIdTeryt>0839470</sln:miejscIdTeryt><sln:miejscNazwa>Brzeg</sln:miejscNazwa><sln:miejscRodzaj>Inny obiekt</sln:miejscRodzaj><sln:powIIPId>9ae62200-8233-49ef-aec3-b3c95fa6127e</sln:powIIPId><sln:powIIPPn>PL.PZGIK.200</sln:powIIPPn><sln:powIIPWersja>2012-09-27T07:52:00+02:00</sln:powIIPWersja><sln:powIdTeryt>1201</sln:powIdTeryt><sln:powNazwa>bocheński</sln:powNazwa><sln:wojIIPId>dd2e3c64-f861-47cf-a3a3-e7751f272b2f</sln:wojIIPId><sln:wojIIPPn>PL.PZGIK.200</sln:wojIIPPn><sln:wojIIPWersja>2017-10-10T00:00:00+02:00</sln:wojIIPWersja><sln:wojIdTeryt>12</sln:wojIdTeryt><sln:wojNazwa>małopolskie</sln:wojNazwa></sln:miejscowosc><sln:miejscowosc><sln:cyklZyciaDo>2017-04-25T00:00:00+02:00</sln:cyklZyciaDo><sln:cyklZyciaOd>2014-12-06T00:00:00+01:00</sln:cyklZyciaOd><sln:gmIIPId>4c132751-ea79-4f79-bd56-c65cf753f6ed</sln:gmIIPId><sln:gmIIPPn>PL.PZGIK.200</sln:gmIIPPn><sln:gmIIPWersja>2012-09-26T22:08:36+02:00</sln:gmIIPWersja><sln:gmIdTeryt>1201092</sln:gmIdTeryt><sln:gmNazwa>Żegocina</sln:gmNazwa><sln:miejscIIPId>f3be60ab-42d8-4e07-b4cc-a903a5387ad2</sln:miejscIIPId><sln:miejscIIPPn>PL.PZGIK.200</sln:miejscIIPPn><sln:miejscIIPWersja>2016-11-24T13:51:20+02:00</sln:miejscIIPWersja><sln:miejscIdTeryt>0839524</sln:miejscIdTeryt><sln:miejscNazwa>Kolonia</sln:miejscNazwa><sln:miejscRodzaj>Inny obiekt</sln:miejscRodzaj><sln:powIIPId>9ae62200-8233-49ef-aec3-b3c95fa6127e</sln:powIIPId><sln:powIIPPn>PL.PZGIK.200</sln:powIIPPn><sln:powIIPWersja>2012-09-27T07:52:00+02:00</sln:powIIPWersja><sln:powIdTeryt>1201</sln:powIdTeryt><sln:powNazwa>bocheński</sln:powNazwa><sln:wojIIPId>dd2e3c64-f861-47cf-a3a3-e7751f272b2f</sln:wojIIPId><sln:wojIIPPn>PL.PZGIK.200</sln:wojIIPPn><sln:wojIIPWersja>2017-10-10T00:00:00+02:00</sln:wojIIPWersja><sln:wojIdTeryt>12</sln:wojIdTeryt><sln:wojNazwa>małopolskie</sln:wojNazwa></sln:miejscowosc><sln:miejscowosc><sln:cyklZyciaDo>2017-04-25T00:00:00+02:00</sln:cyklZyciaDo><sln:cyklZyciaOd>2014-12-06T00:00:00+01:00</sln:cyklZyciaOd><sln:gmIIPId>4c132751-ea79-4f79-bd56-c65cf753f6ed</sln:gmIIPId><sln:gmIIPPn>PL.PZGIK.200</sln:gmIIPPn><sln:gmIIPWersja>2012-09-26T22:08:36+02:00</sln:gmIIPWersja><sln:gmIdTeryt>1201092</sln:gmIdTeryt><sln:gmNazwa>Żegocina</sln:gmNazwa><sln:miejscIIPId>dee83c79-917f-4899-b5f9-ba3b893ae9bc</sln:miejscIIPId><sln:miejscIIPPn>PL.PZGIK.200</sln:miejscIIPPn><sln:miejscIIPWersja>2016-11-24T13:51:20+02:00</sln:miejscIIPWersja><sln:miejscIdTeryt>0839501</sln:miejscIdTeryt><sln:miejscNazwa>Jacusiaki</sln:miejscNazwa><sln:miejscRodzaj>Inny obiekt</sln:miejscRodzaj><sln:powIIPId>9ae62200-8233-49ef-aec3-b3c95fa6127e</sln:powIIPId><sln:powIIPPn>PL.PZGIK.200</sln:powIIPPn><sln:powIIPWersja>2012-09-27T07:52:00+02:00</sln:powIIPWersja><sln:powIdTeryt>1201</sln:powIdTeryt><sln:powNazwa>bocheński</sln:powNazwa><sln:wojIIPId>dd2e3c64-f861-47cf-a3a3-e7751f272b2f</sln:wojIIPId><sln:wojIIPPn>PL.PZGIK.200</sln:wojIIPPn><sln:wojIIPWersja>2017-10-10T00:00:00+02:00</sln:wojIIPWersja><sln:wojIdTeryt>12</sln:wojIdTeryt><sln:wojNazwa>małopolskie</sln:wojNazwa></sln:miejscowosc><sln:miejscowosc><sln:cyklZyciaDo>2017-04-25T00:00:00+02:00</sln:cyklZyciaDo><sln:cyklZyciaOd>2014-12-06T00:00:00+01:00</sln:cyklZyciaOd><sln:gmIIPId>4c132751-ea79-4f79-bd56-c65cf753f6ed</sln:gmIIPId><sln:gmIIPPn>PL.PZGIK.200</sln:gmIIPPn><sln:gmIIPWersja>2012-09-26T22:08:36+02:00</sln:gmIIPWersja><sln:gmIdTeryt>1201092</sln:gmIdTeryt><sln:gmNazwa>Żegocina</sln:gmNazwa><sln:miejscIIPId>9416ca78-84ef-4e7c-b9d4-aa9bbc687421</sln:miejscIIPId><sln:miejscIIPPn>PL.PZGIK.200</sln:miejscIIPPn><sln:miejscIIPWersja>2016-11-24T13:46:16+02:00</sln:miejscIIPWersja><sln:miejscIdTeryt>0839180</sln:miejscIdTeryt><sln:miejscNazwa>Błasiak</sln:miejscNazwa><sln:miejscRodzaj>Inny obiekt</sln:miejscRodzaj><sln:powIIPId>9ae62200-8233-49ef-aec3-b3c95fa6127e</sln:powIIPId><sln:powIIPPn>PL.PZGIK.200</sln:powIIPPn><sln:powIIPWersja>2012-09-27T07:52:00+02:00</sln:powIIPWersja><sln:powIdTeryt>1201</sln:powIdTeryt><sln:powNazwa>bocheński</sln:powNazwa><sln:wojIIPId>dd2e3c64-f861-47cf-a3a3-e7751f272b2f</sln:wojIIPId><sln:wojIIPPn>PL.PZGIK.200</sln:wojIIPPn><sln:wojIIPWersja>2017-10-10T00:00:00+02:00</sln:wojIIPWersja><sln:wojIdTeryt>12</sln:wojIdTeryt><sln:wojNazwa>małopolskie</sln:wojNazwa></sln:miejscowosc><sln:miejscowosc><sln:cyklZyciaDo>2017-04-25T00:00:00+02:00</sln:cyklZyciaDo><sln:cyklZyciaOd>2014-12-06T00:00:00+01:00</sln:cyklZyciaOd><sln:gmIIPId>4c132751-ea79-4f79-bd56-c65cf753f6ed</sln:gmIIPId><sln:gmIIPPn>PL.PZGIK.200</sln:gmIIPPn><sln:gmIIPWersja>2012-09-26T22:08:36+02:00</sln:gmIIPWersja><sln:gmIdTeryt>1201092</sln:gmIdTeryt><sln:gmNazwa>Żegocina</sln:gmNazwa><sln:miejscIIPId>4e49e467-bd30-47c4-8c69-82bc9e6dee35</sln:miejscIIPId><sln:miejscIIPPn>PL.PZGIK.200</sln:miejscIIPPn><sln:miejscIIPWersja>2016-11-24T13:51:20+02:00</sln:miejscIIPWersja><sln:miejscIdTeryt>0839582</sln:miejscIdTeryt><sln:miejscNazwa>Potoki</sln:miejscNazwa><sln:miejscRodzaj>Inny obiekt</sln:miejscRodzaj><sln:powIIPId>9ae62200-8233-49ef-aec3-b3c95fa6127e</sln:powIIPId><sln:powIIPPn>PL.PZGIK.200</sln:powIIPPn><sln:powIIPWersja>2012-09-27T07:52:00+02:00</sln:powIIPWersja><sln:powIdTeryt>1201</sln:powIdTeryt><sln:powNazwa>bocheński</sln:powNazwa><sln:wojIIPId>dd2e3c64-f861-47cf-a3a3-e7751f272b2f</sln:wojIIPId><sln:wojIIPPn>PL.PZGIK.200</sln:wojIIPPn><sln:wojIIPWersja>2017-10-10T00:00:00+02:00</sln:wojIIPWersja><sln:wojIdTeryt>12</sln:wojIdTeryt><sln:wojNazwa>małopolskie</sln:wojNazwa></sln:miejscowosc><sln:miejscowosc><sln:cyklZyciaDo>2017-04-25T00:00:00+02:00</sln:cyklZyciaDo><sln:cyklZyciaOd>2014-12-06T00:00:00+01:00</sln:cyklZyciaOd><sln:gmIIPId>4c132751-ea79-4f79-bd56-c65cf753f6ed</sln:gmIIPId><sln:gmIIPPn>PL.PZGIK.200</sln:gmIIPPn><sln:gmIIPWersja>2012-09-26T22:08:36+02:00</sln:gmIIPWersja><sln:gmIdTeryt>1201092</sln:gmIdTeryt><sln:gmNazwa>Żegocina</sln:gmNazwa><sln:miejscIIPId>f787e609-f21c-452d-a024-9f089ca18d52</sln:miejscIIPId><sln:miejscIIPPn>PL.PZGIK.200</sln:miejscIIPPn><sln:miejscIIPWersja>2016-11-24T13:51:20+02:00</sln:miejscIIPWersja><sln:miejscIdTeryt>0839599</sln:miejscIdTeryt><sln:miejscNazwa>Żarnówka</sln:miejscNazwa><sln:miejscRodzaj>Inny obiekt</sln:miejscRodzaj><sln:powIIPId>9ae62200-8233-49ef-aec3-b3c95fa6127e</sln:powIIPId><sln:powIIPPn>PL.PZGIK.200</sln:powIIPPn><sln:powIIPWersja>2012-09-27T07:52:00+02:00</sln:powIIPWersja><sln:powIdTeryt>1201</sln:powIdTeryt><sln:powNazwa>bocheński</sln:powNazwa><sln:wojIIPId>dd2e3c64-f861-47cf-a3a3-e7751f272b2f</sln:wojIIPId><sln:wojIIPPn>PL.PZGIK.200</sln:wojIIPPn><sln:wojIIPWersja>2017-10-10T00:00:00+02:00</sln:wojIIPWersja><sln:wojIdTeryt>12</sln:wojIdTeryt><sln:wojNazwa>małopolskie</sln:wojNazwa></sln:miejscowosc><sln:miejscowosc><sln:cyklZyciaDo>2017-04-25T00:00:00+02:00</sln:cyklZyciaDo><sln:cyklZyciaOd>2014-12-06T00:00:00+01:00</sln:cyklZyciaOd><sln:gmIIPId>4c132751-ea79-4f79-bd56-c65cf753f6ed</sln:gmIIPId><sln:gmIIPPn>PL.PZGIK.200</sln:gmIIPPn><sln:gmIIPWersja>2012-09-26T22:08:36+02:00</sln:gmIIPWersja><sln:gmIdTeryt>1201092</sln:gmIdTeryt><sln:gmNazwa>Żegocina</sln:gmNazwa><sln:miejscIIPId>509ebf74-1bab-415a-a869-ccaed916ff46</sln:miejscIIPId><sln:miejscIIPPn>PL.PZGIK.200</sln:miejscIIPPn><sln:miejscIIPWersja>2016-11-24T13:49:09+02:00</sln:miejscIIPWersja><sln:miejscIdTeryt>0838482</sln:miejscIdTeryt><sln:miejscNazwa>Nagórze</sln:miejscNazwa><sln:miejscRodzaj>Inny obiekt</sln:miejscRodzaj><sln:powIIPId>9ae62200-8233-49ef-aec3-b3c95fa6127e</sln:powIIPId><sln:powIIPPn>PL.PZGIK.200</sln:powIIPPn><sln:powIIPWersja>2012-09-27T07:52:00+02:00</sln:powIIPWersja><sln:powIdTeryt>1201</sln:powIdTeryt><sln:powNazwa>bocheński</sln:powNazwa><sln:wojIIPId>dd2e3c64-f861-47cf-a3a3-e7751f272b2f</sln:wojIIPId><sln:wojIIPPn>PL.PZGIK.200</sln:wojIIPPn><sln:wojIIPWersja>2017-10-10T00:00:00+02:00</sln:wojIIPWersja><sln:wojIdTeryt>12</sln:wojIdTeryt><sln:wojNazwa>małopolskie</sln:wojNazwa></sln:miejscowosc><sln:miejscowosc><sln:cyklZyciaOd>2017-04-25T00:00:00+02:00</sln:cyklZyciaOd><sln:gmIIPId>4c132751-ea79-4f79-bd56-c65cf753f6ed</sln:gmIIPId><sln:gmIIPPn>PL.PZGIK.200</sln:gmIIPPn><sln:gmIIPWersja>2012-09-26T22:08:36+02:00</sln:gmIIPWersja><sln:gmIdTeryt>1201092</sln:gmIdTeryt><sln:gmNazwa>Żegocina</sln:gmNazwa><sln:miejscIIPId>8daa145d-7ce6-444d-aae2-dbd1b2945305</sln:miejscIIPId><sln:miejscIIPPn>PL.PZGIK.200</sln:miejscIIPPn><sln:miejscIIPWersja>2017-04-25T09:13:19+02:00</sln:miejscIIPWersja><sln:miejscIdTeryt>0838393</sln:miejscIdTeryt><sln:miejscNazwa>Bełdno</sln:miejscNazwa><sln:miejscRodzaj>Wieś</sln:miejscRodzaj><sln:powIIPId>9ae62200-8233-49ef-aec3-b3c95fa6127e</sln:powIIPId><sln:powIIPPn>PL.PZGIK.200</sln:powIIPPn><sln:powIIPWersja>2012-09-27T07:52:00+02:00</sln:powIIPWersja><sln:powIdTeryt>1201</sln:powIdTeryt><sln:powNazwa>bocheński</sln:powNazwa><sln:waznyOd>2016-03-18T00:00:00+01:00</sln:waznyOd><sln:wojIIPId>dd2e3c64-f861-47cf-a3a3-e7751f272b2f</sln:wojIIPId><sln:wojIIPPn>PL.PZGIK.200</sln:wojIIPPn><sln:wojIIPWersja>2017-10-10T00:00:00+02:00</sln:wojIIPWersja><sln:wojIdTeryt>12</sln:wojIdTeryt><sln:wojNazwa>małopolskie</sln:wojNazwa></sln:miejscowosc><sln:miejscowosc><sln:cyklZyciaOd>2017-04-25T00:00:00+02:00</sln:cyklZyciaOd><sln:gmIIPId>4c132751-ea79-4f79-bd56-c65cf753f6ed</sln:gmIIPId><sln:gmIIPPn>PL.PZGIK.200</sln:gmIIPPn><sln:gmIIPWersja>2012-09-26T22:08:36+02:00</sln:gmIIPWersja><sln:gmIdTeryt>1201092</sln:gmIdTeryt><sln:gmNazwa>Żegocina</sln:gmNazwa><sln:miejscIIPId>33f76121-6e3f-4382-9c1d-9bea5a664a15</sln:miejscIIPId><sln:miejscIIPPn>PL.PZGIK.200</sln:miejscIIPPn><sln:miejscIIPWersja>2017-04-25T09:13:27+02:00</sln:miejscIIPWersja><sln:miejscIdTeryt>0838453</sln:miejscIdTeryt><sln:miejscNazwa>Bytomsko</sln:miejscNazwa><sln:miejscRodzaj>Wieś</sln:miejscRodzaj><sln:powIIPId>9ae62200-8233-49ef-aec3-b3c95fa6127e</sln:powIIPId><sln:powIIPPn>PL.PZGIK.200</sln:powIIPPn><sln:powIIPWersja>2012-09-27T07:52:00+02:00</sln:powIIPWersja><sln:powIdTeryt>1201</sln:powIdTeryt><sln:powNazwa>bocheński</sln:powNazwa><sln:waznyOd>2016-03-18T00:00:00+01:00</sln:waznyOd><sln:wojIIPId>dd2e3c64-f861-47cf-a3a3-e7751f272b2f</sln:wojIIPId><sln:wojIIPPn>PL.PZGIK.200</sln:wojIIPPn><sln:wojIIPWersja>2017-10-10T00:00:00+02:00</sln:wojIIPWersja><sln:wojIdTeryt>12</sln:wojIdTeryt><sln:wojNazwa>małopolskie</sln:wojNazwa></sln:miejscowosc><sln:miejscowosc><sln:cyklZyciaOd>2017-04-25T00:00:00+02:00</sln:cyklZyciaOd><sln:gmIIPId>4c132751-ea79-4f79-bd56-c65cf753f6ed</sln:gmIIPId><sln:gmIIPPn>PL.PZGIK.200</sln:gmIIPPn><sln:gmIIPWersja>2012-09-26T22:08:36+02:00</sln:gmIIPWersja><sln:gmIdTeryt>1201092</sln:gmIdTeryt><sln:gmNazwa>Żegocina</sln:gmNazwa><sln:miejscIIPId>51932569-cb90-4af3-b67d-b2c54583758d</sln:miejscIIPId><sln:miejscIIPPn>PL.PZGIK.200</sln:miejscIIPPn><sln:miejscIIPWersja>2017-04-25T09:13:27+02:00</sln:miejscIIPWersja><sln:miejscIdTeryt>0838973</sln:miejscIdTeryt><sln:miejscNazwa>Łąkta Górna</sln:miejscNazwa><sln:miejscRodzaj>Wieś</sln:miejscRodzaj><sln:powIIPId>9ae62200-8233-49ef-aec3-b3c95fa6127e</sln:powIIPId><sln:powIIPPn>PL.PZGIK.200</sln:powIIPPn><sln:powIIPWersja>2012-09-27T07:52:00+02:00</sln:powIIPWersja><sln:powIdTeryt>1201</sln:powIdTeryt><sln:powNazwa>bocheński</sln:powNazwa><sln:waznyOd>2016-03-18T00:00:00+01:00</sln:waznyOd><sln:wojIIPId>dd2e3c64-f861-47cf-a3a3-e7751f272b2f</sln:wojIIPId><sln:wojIIPPn>PL.PZGIK.200</sln:wojIIPPn><sln:wojIIPWersja>2017-10-10T00:00:00+02:00</sln:wojIIPWersja><sln:wojIdTeryt>12</sln:wojIdTeryt><sln:wojNazwa>małopolskie</sln:wojNazwa></sln:miejscowosc><sln:miejscowosc><sln:cyklZyciaOd>2017-04-25T00:00:00+02:00</sln:cyklZyciaOd><sln:gmIIPId>4c132751-ea79-4f79-bd56-c65cf753f6ed</sln:gmIIPId><sln:gmIIPPn>PL.PZGIK.200</sln:gmIIPPn><sln:gmIIPWersja>2012-09-26T22:08:36+02:00</sln:gmIIPWersja><sln:gmIdTeryt>1201092</sln:gmIdTeryt><sln:gmNazwa>Żegocina</sln:gmNazwa><sln:miejscIIPId>5d29e000-7993-4fb7-8d66-542d3fc45b38</sln:miejscIIPId><sln:miejscIIPPn>PL.PZGIK.200</sln:miejscIIPPn><sln:miejscIIPWersja>2017-04-25T09:13:27+02:00</sln:miejscIIPWersja><sln:miejscIdTeryt>0839168</sln:miejscIdTeryt><sln:miejscNazwa>Rozdziele</sln:miejscNazwa><sln:miejscRodzaj>Wieś</sln:miejscRodzaj><sln:powIIPId>9ae62200-8233-49ef-aec3-b3c95fa6127e</sln:powIIPId><sln:powIIPPn>PL.PZGIK.200</sln:powIIPPn><sln:powIIPWersja>2012-09-27T07:52:00+02:00</sln:powIIPWersja><sln:powIdTeryt>1201</sln:powIdTeryt><sln:powNazwa>bocheński</sln:powNazwa><sln:waznyOd>2016-03-18T00:00:00+01:00</sln:waznyOd><sln:wojIIPId>dd2e3c64-f861-47cf-a3a3-e7751f272b2f</sln:wojIIPId><sln:wojIIPPn>PL.PZGIK.200</sln:wojIIPPn><sln:wojIIPWersja>2017-10-10T00:00:00+02:00</sln:wojIIPWersja><sln:wojIdTeryt>12</sln:wojIdTeryt><sln:wojNazwa>małopolskie</sln:wojNazwa></sln:miejscowosc><sln:miejscowosc><sln:cyklZyciaOd>2017-04-25T00:00:00+02:00</sln:cyklZyciaOd><sln:gmIIPId>4c132751-ea79-4f79-bd56-c65cf753f6ed</sln:gmIIPId><sln:gmIIPPn>PL.PZGIK.200</sln:gmIIPPn><sln:gmIIPWersja>2012-09-26T22:08:36+02:00</sln:gmIIPWersja><sln:gmIdTeryt>1201092</sln:gmIdTeryt><sln:gmNazwa>Żegocina</sln:gmNazwa><sln:miejscIIPId>616bc7bd-6849-4756-9544-15659d17505d</sln:miejscIIPId><sln:miejscIIPPn>PL.PZGIK.200</sln:miejscIIPPn><sln:miejscIIPWersja>2017-04-25T09:13:27+02:00</sln:miejscIIPWersja><sln:miejscIdTeryt>0839464</sln:miejscIdTeryt><sln:miejscNazwa>Żegocina</sln:miejscNazwa><sln:miejscRodzaj>Wieś</sln:miejscRodzaj><sln:powIIPId>9ae62200-8233-49ef-aec3-b3c95fa6127e</sln:powIIPId><sln:powIIPPn>PL.PZGIK.200</sln:powIIPPn><sln:powIIPWersja>2012-09-27T07:52:00+02:00</sln:powIIPWersja><sln:powIdTeryt>1201</sln:powIdTeryt><sln:powNazwa>bocheński</sln:powNazwa><sln:waznyOd>2016-03-18T00:00:00+01:00</sln:waznyOd><sln:wojIIPId>dd2e3c64-f861-47cf-a3a3-e7751f272b2f</sln:wojIIPId><sln:wojIIPPn>PL.PZGIK.200</sln:wojIIPPn><sln:wojIIPWersja>2017-10-10T00:00:00+02:00</sln:wojIIPWersja><sln:wojIdTeryt>12</sln:wojIdTeryt><sln:wojNazwa>małopolskie</sln:wojNazwa></sln:miejscowosc></sln:lista-miejscowosci>