<?xml version="1.0" encoding="UTF-8" standalone="yes"?><sln:lista-miejscowosci xmlns:srv="http://gugik.gov.pl/schemas/slowniki-service/1.0" xmlns:sln="http://gugik.gov.pl/schemas/slowniki-schema/1.0"><sln:miejscowosc><sln:cyklZyciaDo>2017-09-05T00:00:00+02:00</sln:cyklZyciaDo><sln:cyklZyciaOd>2016-09-01T00:00:00+02:00</sln:cyklZyciaOd><sln:gmIIPId>acb406f3-9044-4a9d-a94b-d0dbe1f06a32</sln:gmIIPId><sln:gmIIPPn>PL.PZGIK.200</sln:gmIIPPn><sln:gmIIPWersja>2012-09-26T22:09:15+02:00</sln:gmIIPWersja><sln:gmIdTeryt>1206082</sln:gmIdTeryt><sln:gmNazwa>Michałowice</sln:gmNazwa><sln:miejscIIPId>826a8112-26ba-4e3b-9a7c-88abf96bdcaa</sln:miejscIIPId><sln:miejscIIPPn>PL.PZGIK.200</sln:miejscIIPPn><sln:miejscIIPWersja>2016-11-24T14:09:49+02:00</sln:miejscIIPWersja><sln:miejscIdTeryt>0326010</sln:miejscIdTeryt><sln:miejscNazwa>MICHAŁOWICE</sln:miejscNazwa><sln:miejscRodzaj>Wieś</sln:miejscRodzaj><sln:powIIPId>3104c00e-f86d-4d1a-ac9e-8c85e101ac95</sln:powIIPId><sln:powIIPPn>PL.PZGIK.200</sln:powIIPPn><sln:powIIPWersja>2013-07-11T08:30:38+02:00</sln:powIIPWersja><sln:powIdTeryt>1206</sln:powIdTeryt><sln:powNazwa>krakowski</sln:powNazwa><sln:wojIIPId>dd2e3c64-f861-47cf-a3a3-e7751f272b2f</sln:wojIIPId><sln:wojIIPPn>PL.PZGIK.200</sln:wojIIPPn><sln:wojIIPWersja>2017-10-10T00:00:00+02:00</sln:wojIIPWersja><sln:wojIdTeryt>12</sln:wojIdTeryt><sln:wojNazwa>małopolskie</sln:wojNazwa></sln:miejscowosc><sln:miejscowosc><sln:cyklZyciaDo>2017-09-05T00:00:00+02:00</sln:cyklZyciaDo><sln:cyklZyciaOd>2016-09-01T00:00:00+02:00</sln:cyklZyciaOd><sln:gmIIPId>acb406f3-9044-4a9d-a94b-d0dbe1f06a32</sln:gmIIPId><sln:gmIIPPn>PL.PZGIK.200</sln:gmIIPPn><sln:gmIIPWersja>2012-09-26T22:09:15+02:00</sln:gmIIPWersja><sln:gmIdTeryt>1206082</sln:gmIdTeryt><sln:gmNazwa>Michałowice</sln:gmNazwa><sln:miejscIIPId>dd659d95-e321-4ba2-9002-ffa94beacb20</sln:miejscIIPId><sln:miejscIIPPn>PL.PZGIK.200</sln:miejscIIPPn><sln:miejscIIPWersja>2016-11-24T14:03:59+02:00</sln:miejscIIPWersja><sln:miejscIdTeryt>0325972</sln:miejscIdTeryt><sln:miejscNazwa>MASŁOMIĄCA</sln:miejscNazwa><sln:miejscRodzaj>Wieś</sln:miejscRodzaj><sln:powIIPId>3104c00e-f86d-4d1a-ac9e-8c85e101ac95</sln:powIIPId><sln:powIIPPn>PL.PZGIK.200</sln:powIIPPn><sln:powIIPWersja>2013-07-11T08:30:38+02:00</sln:powIIPWersja><sln:powIdTeryt>1206</sln:powIdTeryt><sln:powNazwa>krakowski</sln:powNazwa><sln:wojIIPId>dd2e3c64-f861-47cf-a3a3-e7751f272b2f</sln:wojIIPId><sln:wojIIPPn>PL.PZGIK.200</sln:wojIIPPn><sln:wojIIPWersja>2017-10-10T00:00:00+02:00</sln:wojIIPWersja><sln:wojIdTeryt>12</sln:wojIdTeryt><sln:wojNazwa>małopolskie</sln:wojNazwa></sln:miejscowosc><sln:miejscowosc><sln:cyklZyciaDo>2017-09-05T00:00:00+02:00</sln:cyklZyciaDo><sln:cyklZyciaOd>2016-09-01T00:00:00+02:00</sln:cyklZyciaOd><sln:gmIIPId>acb406f3-9044-4a9d-a94b-d0dbe1f06a32</sln:gmIIPId><sln:gmIIPPn>PL.PZGIK.200</sln:gmIIPPn><sln:gmIIPWersja>2012-09-26T22:09:15+02:00</sln:gmIIPWersja><sln:gmIdTeryt>1206082</sln:gmIdTeryt><sln:gmNazwa>Michałowice</sln:gmNazwa><sln:miejscIIPId>d2c6b0a6-817b-4f81-ab35-2da10ad2a21c</sln:miejscIIPId><sln:miejscIIPPn>PL.PZGIK.200</sln:miejscIIPPn><sln:miejscIIPWersja>2016-11-24T14:10:05+02:00</sln:miejscIIPWersja><sln:miejscIdTeryt>0325890</sln:miejscIdTeryt><sln:miejscNazwa>GÓRNA WIEŚ</sln:miejscNazwa><sln:miejscRodzaj>Wieś</sln:miejscRodzaj><sln:powIIPId>3104c00e-f86d-4d1a-ac9e-8c85e101ac95</sln:powIIPId><sln:powIIPPn>PL.PZGIK.200</sln:powIIPPn><sln:powIIPWersja>2013-07-11T08:30:38+02:00</sln:powIIPWersja><sln:powIdTeryt>1206</sln:powIdTeryt><sln:powNazwa>krakowski</sln:powNazwa><sln:wojIIPId>dd2e3c64-f861-47cf-a3a3-e7751f272b2f</sln:wojIIPId><sln:wojIIPPn>PL.PZGIK.200</sln:wojIIPPn><sln:wojIIPWersja>2017-10-10T00:00:00+02:00</sln:wojIIPWersja><sln:wojIdTeryt>12</sln:wojIdTeryt><sln:wojNazwa>małopolskie</sln:wojNazwa></sln:miejscowosc><sln:miejscowosc><sln:cyklZyciaDo>2017-09-05T00:00:00+02:00</sln:cyklZyciaDo><sln:cyklZyciaOd>2016-09-01T00:00:00+02:00</sln:cyklZyciaOd><sln:gmIIPId>acb406f3-9044-4a9d-a94b-d0dbe1f06a32</sln:gmIIPId><sln:gmIIPPn>PL.PZGIK.200</sln:gmIIPPn><sln:gmIIPWersja>2012-09-26T22:09:15+02:00</sln:gmIIPWersja><sln:gmIdTeryt>1206082</sln:gmIdTeryt><sln:gmNazwa>Michałowice</sln:gmNazwa><sln:miejscIIPId>62bee404-eb2a-44dc-8f9f-eb00af805c61</sln:miejscIIPId><sln:miejscIIPPn>PL.PZGIK.200</sln:miejscIIPPn><sln:miejscIIPWersja>2016-11-24T14:07:01+02:00</sln:miejscIIPWersja><sln:miejscIdTeryt>0325920</sln:miejscIdTeryt><sln:miejscNazwa>KOZIERÓW</sln:miejscNazwa><sln:miejscRodzaj>Wieś</sln:miejscRodzaj><sln:powIIPId>3104c00e-f86d-4d1a-ac9e-8c85e101ac95</sln:powIIPId><sln:powIIPPn>PL.PZGIK.200</sln:powIIPPn><sln:powIIPWersja>2013-07-11T08:30:38+02:00</sln:powIIPWersja><sln:powIdTeryt>1206</sln:powIdTeryt><sln:powNazwa>krakowski</sln:powNazwa><sln:wojIIPId>dd2e3c64-f861-47cf-a3a3-e7751f272b2f</sln:wojIIPId><sln:wojIIPPn>PL.PZGIK.200</sln:wojIIPPn><sln:wojIIPWersja>2017-10-10T00:00:00+02:00</sln:wojIIPWersja><sln:wojIdTeryt>12</sln:wojIdTeryt><sln:wojNazwa>małopolskie</sln:wojNazwa></sln:miejscowosc><sln:miejscowosc><sln:cyklZyciaDo>2017-09-05T00:00:00+02:00</sln:cyklZyciaDo><sln:cyklZyciaOd>2016-09-01T00:00:00+02:00</sln:cyklZyciaOd><sln:gmIIPId>acb406f3-9044-4a9d-a94b-d0dbe1f06a32</sln:gmIIPId><sln:gmIIPPn>PL.PZGIK.200</sln:gmIIPPn><sln:gmIIPWersja>2012-09-26T22:09:15+02:00</sln:gmIIPWersja><sln:gmIdTeryt>1206082</sln:gmIdTeryt><sln:gmNazwa>Michałowice</sln:gmNazwa><sln:miejscIIPId>bdc01f8f-95c4-4a97-8b9e-31782c255657</sln:miejscIIPId><sln:miejscIIPPn>PL.PZGIK.200</sln:miejscIIPPn><sln:miejscIIPWersja>2016-11-24T14:02:16+02:00</sln:miejscIIPWersja><sln:miejscIdTeryt>0325914</sln:miejscIdTeryt><sln:miejscNazwa>KOŃCZYCE</sln:miejscNazwa><sln:miejscRodzaj>Wieś</sln:miejscRodzaj><sln:powIIPId>3104c00e-f86d-4d1a-ac9e-8c85e101ac95</sln:powIIPId><sln:powIIPPn>PL.PZGIK.200</sln:powIIPPn><sln:powIIPWersja>2013-07-11T08:30:38+02:00</sln:powIIPWersja><sln:powIdTeryt>1206</sln:powIdTeryt><sln:powNazwa>krakowski</sln:powNazwa><sln:wojIIPId>dd2e3c64-f861-47cf-a3a3-e7751f272b2f</sln:wojIIPId><sln:wojIIPPn>PL.PZGIK.200</sln:wojIIPPn><sln:wojIIPWersja>2017-10-10T00:00:00+02:00</sln:wojIIPWersja><sln:wojIdTeryt>12</sln:wojIdTeryt><sln:wojNazwa>małopolskie</sln:wojNazwa></sln:miejscowosc><sln:miejscowosc><sln:cyklZyciaDo>2017-09-05T00:00:00+02:00</sln:cyklZyciaDo><sln:cyklZyciaOd>2016-09-01T00:00:00+02:00</sln:cyklZyciaOd><sln:gmIIPId>acb406f3-9044-4a9d-a94b-d0dbe1f06a32</sln:gmIIPId><sln:gmIIPPn>PL.PZGIK.200</sln:gmIIPPn><sln:gmIIPWersja>2012-09-26T22:09:15+02:00</sln:gmIIPWersja><sln:gmIdTeryt>1206082</sln:gmIdTeryt><sln:gmNazwa>Michałowice</sln:gmNazwa><sln:miejscIIPId>b20ac395-7ba3-437f-accd-7cc03e7dace7</sln:miejscIIPId><sln:miejscIIPPn>PL.PZGIK.200</sln:miejscIIPPn><sln:miejscIIPWersja>2016-11-24T14:05:21+02:00</sln:miejscIIPWersja><sln:miejscIdTeryt>0326291</sln:miejscIdTeryt><sln:miejscNazwa>WIĘCŁAWICE STARE</sln:miejscNazwa><sln:miejscRodzaj>Wieś</sln:miejscRodzaj><sln:powIIPId>3104c00e-f86d-4d1a-ac9e-8c85e101ac95</sln:powIIPId><sln:powIIPPn>PL.PZGIK.200</sln:powIIPPn><sln:powIIPWersja>2013-07-11T08:30:38+02:00</sln:powIIPWersja><sln:powIdTeryt>1206</sln:powIdTeryt><sln:powNazwa>krakowski</sln:powNazwa><sln:wojIIPId>dd2e3c64-f861-47cf-a3a3-e7751f272b2f</sln:wojIIPId><sln:wojIIPPn>PL.PZGIK.200</sln:wojIIPPn><sln:wojIIPWersja>2017-10-10T00:00:00+02:00</sln:wojIIPWersja><sln:wojIdTeryt>12</sln:wojIdTeryt><sln:wojNazwa>małopolskie</sln:wojNazwa></sln:miejscowosc><sln:miejscowosc><sln:cyklZyciaDo>2017-09-05T00:00:00+02:00</sln:cyklZyciaDo><sln:cyklZyciaOd>2016-09-01T00:00:00+02:00</sln:cyklZyciaOd><sln:gmIIPId>acb406f3-9044-4a9d-a94b-d0dbe1f06a32</sln:gmIIPId><sln:gmIIPPn>PL.PZGIK.200</sln:gmIIPPn><sln:gmIIPWersja>2012-09-26T22:09:15+02:00</sln:gmIIPWersja><sln:gmIdTeryt>1206082</sln:gmIdTeryt><sln:gmNazwa>Michałowice</sln:gmNazwa><sln:miejscIIPId>19d93061-ba52-40b9-8e89-854e6e2524e8</sln:miejscIIPId><sln:miejscIIPPn>PL.PZGIK.200</sln:miejscIIPPn><sln:miejscIIPWersja>2016-11-24T10:15:51+02:00</sln:miejscIIPWersja><sln:miejscIdTeryt>0325937</sln:miejscIdTeryt><sln:miejscNazwa>KSIĄŻNICZKI</sln:miejscNazwa><sln:miejscRodzaj>Wieś</sln:miejscRodzaj><sln:powIIPId>3104c00e-f86d-4d1a-ac9e-8c85e101ac95</sln:powIIPId><sln:powIIPPn>PL.PZGIK.200</sln:powIIPPn><sln:powIIPWersja>2013-07-11T08:30:38+02:00</sln:powIIPWersja><sln:powIdTeryt>1206</sln:powIdTeryt><sln:powNazwa>krakowski</sln:powNazwa><sln:wojIIPId>dd2e3c64-f861-47cf-a3a3-e7751f272b2f</sln:wojIIPId><sln:wojIIPPn>PL.PZGIK.200</sln:wojIIPPn><sln:wojIIPWersja>2017-10-10T00:00:00+02:00</sln:wojIIPWersja><sln:wojIdTeryt>12</sln:wojIdTeryt><sln:wojNazwa>małopolskie</sln:wojNazwa></sln:miejscowosc><sln:miejscowosc><sln:cyklZyciaDo>2017-09-05T00:00:00+02:00</sln:cyklZyciaDo><sln:cyklZyciaOd>2016-09-01T00:00:00+02:00</sln:cyklZyciaOd><sln:gmIIPId>acb406f3-9044-4a9d-a94b-d0dbe1f06a32</sln:gmIIPId><sln:gmIIPPn>PL.PZGIK.200</sln:gmIIPPn><sln:gmIIPWersja>2012-09-26T22:09:15+02:00</sln:gmIIPWersja><sln:gmIdTeryt>1206082</sln:gmIdTeryt><sln:gmNazwa>Michałowice</sln:gmNazwa><sln:miejscIIPId>c81d8889-6a14-41ac-b7d6-08297d567d08</sln:miejscIIPId><sln:miejscIIPPn>PL.PZGIK.200</sln:miejscIIPPn><sln:miejscIIPWersja>2016-11-24T14:06:00+02:00</sln:miejscIIPWersja><sln:miejscIdTeryt>0326109</sln:miejscIdTeryt><sln:miejscNazwa>MŁODZIEJOWICE</sln:miejscNazwa><sln:miejscRodzaj>Wieś</sln:miejscRodzaj><sln:powIIPId>3104c00e-f86d-4d1a-ac9e-8c85e101ac95</sln:powIIPId><sln:powIIPPn>PL.PZGIK.200</sln:powIIPPn><sln:powIIPWersja>2013-07-11T08:30:38+02:00</sln:powIIPWersja><sln:powIdTeryt>1206</sln:powIdTeryt><sln:powNazwa>krakowski</sln:powNazwa><sln:waznyOd>2013-10-21T00:00:00+02:00</sln:waznyOd><sln:wojIIPId>dd2e3c64-f861-47cf-a3a3-e7751f272b2f</sln:wojIIPId><sln:wojIIPPn>PL.PZGIK.200</sln:wojIIPPn><sln:wojIIPWersja>2017-10-10T00:00:00+02:00</sln:wojIIPWersja><sln:wojIdTeryt>12</sln:wojIdTeryt><sln:wojNazwa>małopolskie</sln:wojNazwa></sln:miejscowosc><sln:miejscowosc><sln:cyklZyciaDo>2017-09-05T00:00:00+02:00</sln:cyklZyciaDo><sln:cyklZyciaOd>2016-09-01T00:00:00+02:00</sln:cyklZyciaOd><sln:gmIIPId>acb406f3-9044-4a9d-a94b-d0dbe1f06a32</sln:gmIIPId><sln:gmIIPPn>PL.PZGIK.200</sln:gmIIPPn><sln:gmIIPWersja>2012-09-26T22:09:15+02:00</sln:gmIIPWersja><sln:gmIdTeryt>1206082</sln:gmIdTeryt><sln:gmNazwa>Michałowice</sln:gmNazwa><sln:miejscIIPId>2062fdb3-ae48-4a3a-9e94-4bf96282cf77</sln:miejscIIPId><sln:miejscIIPPn>PL.PZGIK.200</sln:miejscIIPPn><sln:miejscIIPWersja>2016-11-24T14:08:23+02:00</sln:miejscIIPWersja><sln:miejscIdTeryt>0326173 </sln:miejscIdTeryt><sln:miejscNazwa>RACIBOROWICE</sln:miejscNazwa><sln:miejscRodzaj>Wieś</sln:miejscRodzaj><sln:powIIPId>3104c00e-f86d-4d1a-ac9e-8c85e101ac95</sln:powIIPId><sln:powIIPPn>PL.PZGIK.200</sln:powIIPPn><sln:powIIPWersja>2013-07-11T08:30:38+02:00</sln:powIIPWersja><sln:powIdTeryt>1206</sln:powIdTeryt><sln:powNazwa>krakowski</sln:powNazwa><sln:wojIIPId>dd2e3c64-f861-47cf-a3a3-e7751f272b2f</sln:wojIIPId><sln:wojIIPPn>PL.PZGIK.200</sln:wojIIPPn><sln:wojIIPWersja>2017-10-10T00:00:00+02:00</sln:wojIIPWersja><sln:wojIdTeryt>12</sln:wojIdTeryt><sln:wojNazwa>małopolskie</sln:wojNazwa></sln:miejscowosc><sln:miejscowosc><sln:cyklZyciaDo>2017-09-05T00:00:00+02:00</sln:cyklZyciaDo><sln:cyklZyciaOd>2016-09-01T00:00:00+02:00</sln:cyklZyciaOd><sln:gmIIPId>acb406f3-9044-4a9d-a94b-d0dbe1f06a32</sln:gmIIPId><sln:gmIIPPn>PL.PZGIK.200</sln:gmIIPPn><sln:gmIIPWersja>2012-09-26T22:09:15+02:00</sln:gmIIPWersja><sln:gmIdTeryt>1206082</sln:gmIdTeryt><sln:gmNazwa>Michałowice</sln:gmNazwa><sln:miejscIIPId>2ceb7970-489c-41b9-884d-53f840c4a05f</sln:miejscIIPId><sln:miejscIIPPn>PL.PZGIK.200</sln:miejscIIPPn><sln:miejscIIPWersja>2016-11-24T13:14:39+02:00</sln:miejscIIPWersja><sln:miejscIdTeryt>0326138</sln:miejscIdTeryt><sln:miejscNazwa>PIELGRZYMOWICE</sln:miejscNazwa><sln:miejscRodzaj>Wieś</sln:miejscRodzaj><sln:powIIPId>3104c00e-f86d-4d1a-ac9e-8c85e101ac95</sln:powIIPId><sln:powIIPPn>PL.PZGIK.200</sln:powIIPPn><sln:powIIPWersja>2013-07-11T08:30:38+02:00</sln:powIIPWersja><sln:powIdTeryt>1206</sln:powIdTeryt><sln:powNazwa>krakowski</sln:powNazwa><sln:wojIIPId>dd2e3c64-f861-47cf-a3a3-e7751f272b2f</sln:wojIIPId><sln:wojIIPPn>PL.PZGIK.200</sln:wojIIPPn><sln:wojIIPWersja>2017-10-10T00:00:00+02:00</sln:wojIIPWersja><sln:wojIdTeryt>12</sln:wojIdTeryt><sln:wojNazwa>małopolskie</sln:wojNazwa></sln:miejscowosc><sln:miejscowosc><sln:cyklZyciaDo>2017-09-05T00:00:00+02:00</sln:cyklZyciaDo><sln:cyklZyciaOd>2016-09-01T00:00:00+02:00</sln:cyklZyciaOd><sln:gmIIPId>acb406f3-9044-4a9d-a94b-d0dbe1f06a32</sln:gmIIPId><sln:gmIIPPn>PL.PZGIK.200</sln:gmIIPPn><sln:gmIIPWersja>2012-09-26T22:09:15+02:00</sln:gmIIPWersja><sln:gmIdTeryt>1206082</sln:gmIdTeryt><sln:gmNazwa>Michałowice</sln:gmNazwa><sln:miejscIIPId>3f319be1-970c-4a36-8b91-3f91a2a2e6cd</sln:miejscIIPId><sln:miejscIIPPn>PL.PZGIK.200</sln:miejscIIPPn><sln:miejscIIPWersja>2016-11-24T12:23:18+02:00</sln:miejscIIPWersja><sln:miejscIdTeryt>0326227</sln:miejscIdTeryt><sln:miejscNazwa>SIEBOROWICE</sln:miejscNazwa><sln:miejscRodzaj>Wieś</sln:miejscRodzaj><sln:powIIPId>3104c00e-f86d-4d1a-ac9e-8c85e101ac95</sln:powIIPId><sln:powIIPPn>PL.PZGIK.200</sln:powIIPPn><sln:powIIPWersja>2013-07-11T08:30:38+02:00</sln:powIIPWersja><sln:powIdTeryt>1206</sln:powIdTeryt><sln:powNazwa>krakowski</sln:powNazwa><sln:wojIIPId>dd2e3c64-f861-47cf-a3a3-e7751f272b2f</sln:wojIIPId><sln:wojIIPPn>PL.PZGIK.200</sln:wojIIPPn><sln:wojIIPWersja>2017-10-10T00:00:00+02:00</sln:wojIIPWersja><sln:wojIdTeryt>12</sln:wojIdTeryt><sln:wojNazwa>małopolskie</sln:wojNazwa></sln:miejscowosc><sln:miejscowosc><sln:cyklZyciaDo>2017-09-05T00:00:00+02:00</sln:cyklZyciaDo><sln:cyklZyciaOd>2016-09-01T00:00:00+02:00</sln:cyklZyciaOd><sln:gmIIPId>acb406f3-9044-4a9d-a94b-d0dbe1f06a32</sln:gmIIPId><sln:gmIIPPn>PL.PZGIK.200</sln:gmIIPPn><sln:gmIIPWersja>2012-09-26T22:09:15+02:00</sln:gmIIPWersja><sln:gmIdTeryt>1206082</sln:gmIdTeryt><sln:gmNazwa>Michałowice</sln:gmNazwa><sln:miejscIIPId>e63fd455-aa33-45cc-b32a-089a6ad7ce44</sln:miejscIIPId><sln:miejscIIPPn>PL.PZGIK.200</sln:miejscIIPPn><sln:miejscIIPWersja>2016-11-24T14:04:49+02:00</sln:miejscIIPWersja><sln:miejscIdTeryt>0326368 </sln:miejscIdTeryt><sln:miejscNazwa>WILCZKOWICE</sln:miejscNazwa><sln:miejscRodzaj>Wieś</sln:miejscRodzaj><sln:powIIPId>3104c00e-f86d-4d1a-ac9e-8c85e101ac95</sln:powIIPId><sln:powIIPPn>PL.PZGIK.200</sln:powIIPPn><sln:powIIPWersja>2013-07-11T08:30:38+02:00</sln:powIIPWersja><sln:powIdTeryt>1206</sln:powIdTeryt><sln:powNazwa>krakowski</sln:powNazwa><sln:wojIIPId>dd2e3c64-f861-47cf-a3a3-e7751f272b2f</sln:wojIIPId><sln:wojIIPPn>PL.PZGIK.200</sln:wojIIPPn><sln:wojIIPWersja>2017-10-10T00:00:00+02:00</sln:wojIIPWersja><sln:wojIdTeryt>12</sln:wojIdTeryt><sln:wojNazwa>małopolskie</sln:wojNazwa></sln:miejscowosc><sln:miejscowosc><sln:cyklZyciaDo>2017-09-05T00:00:00+02:00</sln:cyklZyciaDo><sln:cyklZyciaOd>2016-09-01T00:00:00+02:00</sln:cyklZyciaOd><sln:gmIIPId>acb406f3-9044-4a9d-a94b-d0dbe1f06a32</sln:gmIIPId><sln:gmIIPPn>PL.PZGIK.200</sln:gmIIPPn><sln:gmIIPWersja>2012-09-26T22:09:15+02:00</sln:gmIIPWersja><sln:gmIdTeryt>1206082</sln:gmIdTeryt><sln:gmNazwa>Michałowice</sln:gmNazwa><sln:miejscIIPId>bf81dd0e-7d05-4932-9ea7-58232a226c17</sln:miejscIIPId><sln:miejscIIPPn>PL.PZGIK.200</sln:miejscIIPPn><sln:miejscIIPWersja>2016-11-24T14:09:05+02:00</sln:miejscIIPWersja><sln:miejscIdTeryt>0326374</sln:miejscIdTeryt><sln:miejscNazwa>WOLA WIĘCŁAWSKA</sln:miejscNazwa><sln:miejscRodzaj>Wieś</sln:miejscRodzaj><sln:powIIPId>3104c00e-f86d-4d1a-ac9e-8c85e101ac95</sln:powIIPId><sln:powIIPPn>PL.PZGIK.200</sln:powIIPPn><sln:powIIPWersja>2013-07-11T08:30:38+02:00</sln:powIIPWersja><sln:powIdTeryt>1206</sln:powIdTeryt><sln:powNazwa>krakowski</sln:powNazwa><sln:wojIIPId>dd2e3c64-f861-47cf-a3a3-e7751f272b2f</sln:wojIIPId><sln:wojIIPPn>PL.PZGIK.200</sln:wojIIPPn><sln:wojIIPWersja>2017-10-10T00:00:00+02:00</sln:wojIIPWersja><sln:wojIdTeryt>12</sln:wojIdTeryt><sln:wojNazwa>małopolskie</sln:wojNazwa></sln:miejscowosc><sln:miejscowosc><sln:cyklZyciaDo>2017-09-05T00:00:00+02:00</sln:cyklZyciaDo><sln:cyklZyciaOd>2016-09-01T00:00:00+02:00</sln:cyklZyciaOd><sln:gmIIPId>acb406f3-9044-4a9d-a94b-d0dbe1f06a32</sln:gmIIPId><sln:gmIIPPn>PL.PZGIK.200</sln:gmIIPPn><sln:gmIIPWersja>2012-09-26T22:09:15+02:00</sln:gmIIPWersja><sln:gmIdTeryt>1206082</sln:gmIdTeryt><sln:gmNazwa>Michałowice</sln:gmNazwa><sln:miejscIIPId>c8e320b2-e04d-469f-b2fd-9b11469d2b81</sln:miejscIIPId><sln:miejscIIPPn>PL.PZGIK.200</sln:miejscIIPPn><sln:miejscIIPWersja>2016-11-24T14:09:25+02:00</sln:miejscIIPWersja><sln:miejscIdTeryt>0326411</sln:miejscIdTeryt><sln:miejscNazwa>ZAGÓRZYCE DWORSKIE</sln:miejscNazwa><sln:miejscRodzaj>Wieś</sln:miejscRodzaj><sln:powIIPId>3104c00e-f86d-4d1a-ac9e-8c85e101ac95</sln:powIIPId><sln:powIIPPn>PL.PZGIK.200</sln:powIIPPn><sln:powIIPWersja>2013-07-11T08:30:38+02:00</sln:powIIPWersja><sln:powIdTeryt>1206</sln:powIdTeryt><sln:powNazwa>krakowski</sln:powNazwa><sln:wojIIPId>dd2e3c64-f861-47cf-a3a3-e7751f272b2f</sln:wojIIPId><sln:wojIIPPn>PL.PZGIK.200</sln:wojIIPPn><sln:wojIIPWersja>2017-10-10T00:00:00+02:00</sln:wojIIPWersja><sln:wojIdTeryt>12</sln:wojIdTeryt><sln:wojNazwa>małopolskie</sln:wojNazwa></sln:miejscowosc><sln:miejscowosc><sln:cyklZyciaDo>2017-09-05T00:00:00+02:00</sln:cyklZyciaDo><sln:cyklZyciaOd>2016-09-01T00:00:00+02:00</sln:cyklZyciaOd><sln:gmIIPId>acb406f3-9044-4a9d-a94b-d0dbe1f06a32</sln:gmIIPId><sln:gmIIPPn>PL.PZGIK.200</sln:gmIIPPn><sln:gmIIPWersja>2012-09-26T22:09:15+02:00</sln:gmIIPWersja><sln:gmIdTeryt>1206082</sln:gmIdTeryt><sln:gmNazwa>Michałowice</sln:gmNazwa><sln:miejscIIPId>beae3001-f038-4566-81f5-15836fd7b6f2</sln:miejscIIPId><sln:miejscIIPPn>PL.PZGIK.200</sln:miejscIIPPn><sln:miejscIIPWersja>2016-11-24T14:05:37+02:00</sln:miejscIIPWersja><sln:miejscIdTeryt>0326322</sln:miejscIdTeryt><sln:miejscNazwa>ZAGÓRZYCE STARE</sln:miejscNazwa><sln:miejscRodzaj>Wieś</sln:miejscRodzaj><sln:powIIPId>3104c00e-f86d-4d1a-ac9e-8c85e101ac95</sln:powIIPId><sln:powIIPPn>PL.PZGIK.200</sln:powIIPPn><sln:powIIPWersja>2013-07-11T08:30:38+02:00</sln:powIIPWersja><sln:powIdTeryt>1206</sln:powIdTeryt><sln:powNazwa>krakowski</sln:powNazwa><sln:wojIIPId>dd2e3c64-f861-47cf-a3a3-e7751f272b2f</sln:wojIIPId><sln:wojIIPPn>PL.PZGIK.200</sln:wojIIPPn><sln:wojIIPWersja>2017-10-10T00:00:00+02:00</sln:wojIIPWersja><sln:wojIdTeryt>12</sln:wojIdTeryt><sln:wojNazwa>małopolskie</sln:wojNazwa></sln:miejscowosc><sln:miejscowosc><sln:cyklZyciaDo>2017-09-05T00:00:00+02:00</sln:cyklZyciaDo><sln:cyklZyciaOd>2016-09-01T00:00:00+02:00</sln:cyklZyciaOd><sln:gmIIPId>acb406f3-9044-4a9d-a94b-d0dbe1f06a32</sln:gmIIPId><sln:gmIIPPn>PL.PZGIK.200</sln:gmIIPPn><sln:gmIIPWersja>2012-09-26T22:09:15+02:00</sln:gmIIPWersja><sln:gmIdTeryt>1206082</sln:gmIdTeryt><sln:gmNazwa>Michałowice</sln:gmNazwa><sln:miejscIIPId>648ae608-6cf4-49f4-a6c8-a5b59b7d124b</sln:miejscIIPId><sln:miejscIIPPn>PL.PZGIK.200</sln:miejscIIPPn><sln:miejscIIPWersja>2016-11-24T14:05:51+02:00</sln:miejscIIPWersja><sln:miejscIdTeryt>0326440 </sln:miejscIdTeryt><sln:miejscNazwa>ZDZIĘSŁAWICE</sln:miejscNazwa><sln:miejscRodzaj>Wieś</sln:miejscRodzaj><sln:powIIPId>3104c00e-f86d-4d1a-ac9e-8c85e101ac95</sln:powIIPId><sln:powIIPPn>PL.PZGIK.200</sln:powIIPPn><sln:powIIPWersja>2013-07-11T08:30:38+02:00</sln:powIIPWersja><sln:powIdTeryt>1206</sln:powIdTeryt><sln:powNazwa>krakowski</sln:powNazwa><sln:wojIIPId>dd2e3c64-f861-47cf-a3a3-e7751f272b2f</sln:wojIIPId><sln:wojIIPPn>PL.PZGIK.200</sln:wojIIPPn><sln:wojIIPWersja>2017-10-10T00:00:00+02:00</sln:wojIIPWersja><sln:wojIdTeryt>12</sln:wojIdTeryt><sln:wojNazwa>małopolskie</sln:wojNazwa></sln:miejscowosc><sln:miejscowosc><sln:cyklZyciaDo>2017-09-05T00:00:00+02:00</sln:cyklZyciaDo><sln:cyklZyciaOd>2016-09-01T00:00:00+02:00</sln:cyklZyciaOd><sln:gmIIPId>acb406f3-9044-4a9d-a94b-d0dbe1f06a32</sln:gmIIPId><sln:gmIIPPn>PL.PZGIK.200</sln:gmIIPPn><sln:gmIIPWersja>2012-09-26T22:09:15+02:00</sln:gmIIPWersja><sln:gmIdTeryt>1206082</sln:gmIdTeryt><sln:gmNazwa>Michałowice</sln:gmNazwa><sln:miejscIIPId>e605319f-ddba-4f56-836f-560a4fe585b5</sln:miejscIIPId><sln:miejscIIPPn>PL.PZGIK.200</sln:miejscIIPPn><sln:miejscIIPWersja>2016-11-24T14:07:51+02:00</sln:miejscIIPWersja><sln:miejscIdTeryt>0326457</sln:miejscIdTeryt><sln:miejscNazwa>ZERWANA</sln:miejscNazwa><sln:miejscRodzaj>Wieś</sln:miejscRodzaj><sln:powIIPId>3104c00e-f86d-4d1a-ac9e-8c85e101ac95</sln:powIIPId><sln:powIIPPn>PL.PZGIK.200</sln:powIIPPn><sln:powIIPWersja>2013-07-11T08:30:38+02:00</sln:powIIPWersja><sln:powIdTeryt>1206</sln:powIdTeryt><sln:powNazwa>krakowski</sln:powNazwa><sln:wojIIPId>dd2e3c64-f861-47cf-a3a3-e7751f272b2f</sln:wojIIPId><sln:wojIIPPn>PL.PZGIK.200</sln:wojIIPPn><sln:wojIIPWersja>2017-10-10T00:00:00+02:00</sln:wojIIPWersja><sln:wojIdTeryt>12</sln:wojIdTeryt><sln:wojNazwa>małopolskie</sln:wojNazwa></sln:miejscowosc><sln:miejscowosc><sln:cyklZyciaDo>2017-09-05T00:00:00+02:00</sln:cyklZyciaDo><sln:cyklZyciaOd>2016-09-01T00:00:00+02:00</sln:cyklZyciaOd><sln:gmIIPId>acb406f3-9044-4a9d-a94b-d0dbe1f06a32</sln:gmIIPId><sln:gmIIPPn>PL.PZGIK.200</sln:gmIIPPn><sln:gmIIPWersja>2012-09-26T22:09:15+02:00</sln:gmIIPWersja><sln:gmIdTeryt>1206082</sln:gmIdTeryt><sln:gmNazwa>Michałowice</sln:gmNazwa><sln:miejscIIPId>777b2005-5d16-4708-8217-e0ad8bf0f497</sln:miejscIIPId><sln:miejscIIPPn>PL.PZGIK.200</sln:miejscIIPPn><sln:miejscIIPWersja>2016-11-24T13:06:31+02:00</sln:miejscIIPWersja><sln:miejscIdTeryt>0326345</sln:miejscIdTeryt><sln:miejscNazwa>WIĘCŁAWICE DWORSKIE</sln:miejscNazwa><sln:miejscRodzaj>Wieś</sln:miejscRodzaj><sln:powIIPId>3104c00e-f86d-4d1a-ac9e-8c85e101ac95</sln:powIIPId><sln:powIIPPn>PL.PZGIK.200</sln:powIIPPn><sln:powIIPWersja>2013-07-11T08:30:38+02:00</sln:powIIPWersja><sln:powIdTeryt>1206</sln:powIdTeryt><sln:powNazwa>krakowski</sln:powNazwa><sln:wojIIPId>dd2e3c64-f861-47cf-a3a3-e7751f272b2f</sln:wojIIPId><sln:wojIIPPn>PL.PZGIK.200</sln:wojIIPPn><sln:wojIIPWersja>2017-10-10T00:00:00+02:00</sln:wojIIPWersja><sln:wojIdTeryt>12</sln:wojIdTeryt><sln:wojNazwa>małopolskie</sln:wojNazwa></sln:miejscowosc><sln:miejscowosc><sln:cyklZyciaOd>2017-09-05T00:00:00+02:00</sln:cyklZyciaOd><sln:gmIIPId>acb406f3-9044-4a9d-a94b-d0dbe1f06a32</sln:gmIIPId><sln:gmIIPPn>PL.PZGIK.200</sln:gmIIPPn><sln:gmIIPWersja>2012-09-26T22:09:15+02:00</sln:gmIIPWersja><sln:gmIdTeryt>1206082</sln:gmIdTeryt><sln:gmNazwa>Michałowice</sln:gmNazwa><sln:miejscIIPId>19d93061-ba52-40b9-8e89-854e6e2524e8</sln:miejscIIPId><sln:miejscIIPPn>PL.PZGIK.200</sln:miejscIIPPn><sln:miejscIIPWersja>2017-09-05T14:19:27+02:00</sln:miejscIIPWersja><sln:miejscIdTeryt>0325937</sln:miejscIdTeryt><sln:miejscNazwa>KSIĄŻNICZKI</sln:miejscNazwa><sln:miejscRodzaj>Wieś</sln:miejscRodzaj><sln:powIIPId>3104c00e-f86d-4d1a-ac9e-8c85e101ac95</sln:powIIPId><sln:powIIPPn>PL.PZGIK.200</sln:powIIPPn><sln:powIIPWersja>2013-07-11T08:30:38+02:00</sln:powIIPWersja><sln:powIdTeryt>1206</sln:powIdTeryt><sln:powNazwa>krakowski</sln:powNazwa><sln:wojIIPId>dd2e3c64-f861-47cf-a3a3-e7751f272b2f</sln:wojIIPId><sln:wojIIPPn>PL.PZGIK.200</sln:wojIIPPn><sln:wojIIPWersja>2017-10-10T00:00:00+02:00</sln:wojIIPWersja><sln:wojIdTeryt>12</sln:wojIdTeryt><sln:wojNazwa>małopolskie</sln:wojNazwa></sln:miejscowosc><sln:miejscowosc><sln:cyklZyciaOd>2017-09-05T00:00:00+02:00</sln:cyklZyciaOd><sln:gmIIPId>acb406f3-9044-4a9d-a94b-d0dbe1f06a32</sln:gmIIPId><sln:gmIIPPn>PL.PZGIK.200</sln:gmIIPPn><sln:gmIIPWersja>2012-09-26T22:09:15+02:00</sln:gmIIPWersja><sln:gmIdTeryt>1206082</sln:gmIdTeryt><sln:gmNazwa>Michałowice</sln:gmNazwa><sln:miejscIIPId>3f319be1-970c-4a36-8b91-3f91a2a2e6cd</sln:miejscIIPId><sln:miejscIIPPn>PL.PZGIK.200</sln:miejscIIPPn><sln:miejscIIPWersja>2017-09-05T14:19:34+02:00</sln:miejscIIPWersja><sln:miejscIdTeryt>0326227</sln:miejscIdTeryt><sln:miejscNazwa>SIEBOROWICE</sln:miejscNazwa><sln:miejscRodzaj>Wieś</sln:miejscRodzaj><sln:powIIPId>3104c00e-f86d-4d1a-ac9e-8c85e101ac95</sln:powIIPId><sln:powIIPPn>PL.PZGIK.200</sln:powIIPPn><sln:powIIPWersja>2013-07-11T08:30:38+02:00</sln:powIIPWersja><sln:powIdTeryt>1206</sln:powIdTeryt><sln:powNazwa>krakowski</sln:powNazwa><sln:wojIIPId>dd2e3c64-f861-47cf-a3a3-e7751f272b2f</sln:wojIIPId><sln:wojIIPPn>PL.PZGIK.200</sln:wojIIPPn><sln:wojIIPWersja>2017-10-10T00:00:00+02:00</sln:wojIIPWersja><sln:wojIdTeryt>12</sln:wojIdTeryt><sln:wojNazwa>małopolskie</sln:wojNazwa></sln:miejscowosc><sln:miejscowosc><sln:cyklZyciaOd>2017-09-05T00:00:00+02:00</sln:cyklZyciaOd><sln:gmIIPId>acb406f3-9044-4a9d-a94b-d0dbe1f06a32</sln:gmIIPId><sln:gmIIPPn>PL.PZGIK.200</sln:gmIIPPn><sln:gmIIPWersja>2012-09-26T22:09:15+02:00</sln:gmIIPWersja><sln:gmIdTeryt>1206082</sln:gmIdTeryt><sln:gmNazwa>Michałowice</sln:gmNazwa><sln:miejscIIPId>777b2005-5d16-4708-8217-e0ad8bf0f497</sln:miejscIIPId><sln:miejscIIPPn>PL.PZGIK.200</sln:miejscIIPPn><sln:miejscIIPWersja>2017-09-05T14:19:34+02:00</sln:miejscIIPWersja><sln:miejscIdTeryt>0326345</sln:miejscIdTeryt><sln:miejscNazwa>WIĘCŁAWICE DWORSKIE</sln:miejscNazwa><sln:miejscRodzaj>Wieś</sln:miejscRodzaj><sln:powIIPId>3104c00e-f86d-4d1a-ac9e-8c85e101ac95</sln:powIIPId><sln:powIIPPn>PL.PZGIK.200</sln:powIIPPn><sln:powIIPWersja>2013-07-11T08:30:38+02:00</sln:powIIPWersja><sln:powIdTeryt>1206</sln:powIdTeryt><sln:powNazwa>krakowski</sln:powNazwa><sln:wojIIPId>dd2e3c64-f861-47cf-a3a3-e7751f272b2f</sln:wojIIPId><sln:wojIIPPn>PL.PZGIK.200</sln:wojIIPPn><sln:wojIIPWersja>2017-10-10T00:00:00+02:00</sln:wojIIPWersja><sln:wojIdTeryt>12</sln:wojIdTeryt><sln:wojNazwa>małopolskie</sln:wojNazwa></sln:miejscowosc><sln:miejscowosc><sln:cyklZyciaOd>2017-09-05T00:00:00+02:00</sln:cyklZyciaOd><sln:gmIIPId>acb406f3-9044-4a9d-a94b-d0dbe1f06a32</sln:gmIIPId><sln:gmIIPPn>PL.PZGIK.200</sln:gmIIPPn><sln:gmIIPWersja>2012-09-26T22:09:15+02:00</sln:gmIIPWersja><sln:gmIdTeryt>1206082</sln:gmIdTeryt><sln:gmNazwa>Michałowice</sln:gmNazwa><sln:miejscIIPId>2ceb7970-489c-41b9-884d-53f840c4a05f</sln:miejscIIPId><sln:miejscIIPPn>PL.PZGIK.200</sln:miejscIIPPn><sln:miejscIIPWersja>2017-09-05T14:19:34+02:00</sln:miejscIIPWersja><sln:miejscIdTeryt>0326138</sln:miejscIdTeryt><sln:miejscNazwa>PIELGRZYMOWICE</sln:miejscNazwa><sln:miejscRodzaj>Wieś</sln:miejscRodzaj><sln:powIIPId>3104c00e-f86d-4d1a-ac9e-8c85e101ac95</sln:powIIPId><sln:powIIPPn>PL.PZGIK.200</sln:powIIPPn><sln:powIIPWersja>2013-07-11T08:30:38+02:00</sln:powIIPWersja><sln:powIdTeryt>1206</sln:powIdTeryt><sln:powNazwa>krakowski</sln:powNazwa><sln:wojIIPId>dd2e3c64-f861-47cf-a3a3-e7751f272b2f</sln:wojIIPId><sln:wojIIPPn>PL.PZGIK.200</sln:wojIIPPn><sln:wojIIPWersja>2017-10-10T00:00:00+02:00</sln:wojIIPWersja><sln:wojIdTeryt>12</sln:wojIdTeryt><sln:wojNazwa>małopolskie</sln:wojNazwa></sln:miejscowosc><sln:miejscowosc><sln:cyklZyciaOd>2017-09-05T00:00:00+02:00</sln:cyklZyciaOd><sln:gmIIPId>acb406f3-9044-4a9d-a94b-d0dbe1f06a32</sln:gmIIPId><sln:gmIIPPn>PL.PZGIK.200</sln:gmIIPPn><sln:gmIIPWersja>2012-09-26T22:09:15+02:00</sln:gmIIPWersja><sln:gmIdTeryt>1206082</sln:gmIdTeryt><sln:gmNazwa>Michałowice</sln:gmNazwa><sln:miejscIIPId>bdc01f8f-95c4-4a97-8b9e-31782c255657</sln:miejscIIPId><sln:miejscIIPPn>PL.PZGIK.200</sln:miejscIIPPn><sln:miejscIIPWersja>2017-09-05T14:19:34+02:00</sln:miejscIIPWersja><sln:miejscIdTeryt>0325914</sln:miejscIdTeryt><sln:miejscNazwa>KOŃCZYCE</sln:miejscNazwa><sln:miejscRodzaj>Wieś</sln:miejscRodzaj><sln:powIIPId>3104c00e-f86d-4d1a-ac9e-8c85e101ac95</sln:powIIPId><sln:powIIPPn>PL.PZGIK.200</sln:powIIPPn><sln:powIIPWersja>2013-07-11T08:30:38+02:00</sln:powIIPWersja><sln:powIdTeryt>1206</sln:powIdTeryt><sln:powNazwa>krakowski</sln:powNazwa><sln:wojIIPId>dd2e3c64-f861-47cf-a3a3-e7751f272b2f</sln:wojIIPId><sln:wojIIPPn>PL.PZGIK.200</sln:wojIIPPn><sln:wojIIPWersja>2017-10-10T00:00:00+02:00</sln:wojIIPWersja><sln:wojIdTeryt>12</sln:wojIdTeryt><sln:wojNazwa>małopolskie</sln:wojNazwa></sln:miejscowosc><sln:miejscowosc><sln:cyklZyciaOd>2017-09-05T00:00:00+02:00</sln:cyklZyciaOd><sln:gmIIPId>acb406f3-9044-4a9d-a94b-d0dbe1f06a32</sln:gmIIPId><sln:gmIIPPn>PL.PZGIK.200</sln:gmIIPPn><sln:gmIIPWersja>2012-09-26T22:09:15+02:00</sln:gmIIPWersja><sln:gmIdTeryt>1206082</sln:gmIdTeryt><sln:gmNazwa>Michałowice</sln:gmNazwa><sln:miejscIIPId>dd659d95-e321-4ba2-9002-ffa94beacb20</sln:miejscIIPId><sln:miejscIIPPn>PL.PZGIK.200</sln:miejscIIPPn><sln:miejscIIPWersja>2017-09-05T14:19:34+02:00</sln:miejscIIPWersja><sln:miejscIdTeryt>0325972</sln:miejscIdTeryt><sln:miejscNazwa>MASŁOMIĄCA</sln:miejscNazwa><sln:miejscRodzaj>Wieś</sln:miejscRodzaj><sln:powIIPId>3104c00e-f86d-4d1a-ac9e-8c85e101ac95</sln:powIIPId><sln:powIIPPn>PL.PZGIK.200</sln:powIIPPn><sln:powIIPWersja>2013-07-11T08:30:38+02:00</sln:powIIPWersja><sln:powIdTeryt>1206</sln:powIdTeryt><sln:powNazwa>krakowski</sln:powNazwa><sln:wojIIPId>dd2e3c64-f861-47cf-a3a3-e7751f272b2f</sln:wojIIPId><sln:wojIIPPn>PL.PZGIK.200</sln:wojIIPPn><sln:wojIIPWersja>2017-10-10T00:00:00+02:00</sln:wojIIPWersja><sln:wojIdTeryt>12</sln:wojIdTeryt><sln:wojNazwa>małopolskie</sln:wojNazwa></sln:miejscowosc><sln:miejscowosc><sln:cyklZyciaDo>2017-09-08T00:00:00+02:00</sln:cyklZyciaDo><sln:cyklZyciaOd>2017-09-05T00:00:00+02:00</sln:cyklZyciaOd><sln:gmIIPId>acb406f3-9044-4a9d-a94b-d0dbe1f06a32</sln:gmIIPId><sln:gmIIPPn>PL.PZGIK.200</sln:gmIIPPn><sln:gmIIPWersja>2012-09-26T22:09:15+02:00</sln:gmIIPWersja><sln:gmIdTeryt>1206082</sln:gmIdTeryt><sln:gmNazwa>Michałowice</sln:gmNazwa><sln:miejscIIPId>e63fd455-aa33-45cc-b32a-089a6ad7ce44</sln:miejscIIPId><sln:miejscIIPPn>PL.PZGIK.200</sln:miejscIIPPn><sln:miejscIIPWersja>2017-09-05T14:19:34+02:00</sln:miejscIIPWersja><sln:miejscIdTeryt>0326368 </sln:miejscIdTeryt><sln:miejscNazwa>WILCZKOWICE</sln:miejscNazwa><sln:miejscRodzaj>Wieś</sln:miejscRodzaj><sln:powIIPId>3104c00e-f86d-4d1a-ac9e-8c85e101ac95</sln:powIIPId><sln:powIIPPn>PL.PZGIK.200</sln:powIIPPn><sln:powIIPWersja>2013-07-11T08:30:38+02:00</sln:powIIPWersja><sln:powIdTeryt>1206</sln:powIdTeryt><sln:powNazwa>krakowski</sln:powNazwa><sln:wojIIPId>dd2e3c64-f861-47cf-a3a3-e7751f272b2f</sln:wojIIPId><sln:wojIIPPn>PL.PZGIK.200</sln:wojIIPPn><sln:wojIIPWersja>2017-10-10T00:00:00+02:00</sln:wojIIPWersja><sln:wojIdTeryt>12</sln:wojIdTeryt><sln:wojNazwa>małopolskie</sln:wojNazwa></sln:miejscowosc><sln:miejscowosc><sln:cyklZyciaOd>2017-09-05T00:00:00+02:00</sln:cyklZyciaOd><sln:gmIIPId>acb406f3-9044-4a9d-a94b-d0dbe1f06a32</sln:gmIIPId><sln:gmIIPPn>PL.PZGIK.200</sln:gmIIPPn><sln:gmIIPWersja>2012-09-26T22:09:15+02:00</sln:gmIIPWersja><sln:gmIdTeryt>1206082</sln:gmIdTeryt><sln:gmNazwa>Michałowice</sln:gmNazwa><sln:miejscIIPId>b20ac395-7ba3-437f-accd-7cc03e7dace7</sln:miejscIIPId><sln:miejscIIPPn>PL.PZGIK.200</sln:miejscIIPPn><sln:miejscIIPWersja>2017-09-05T14:19:34+02:00</sln:miejscIIPWersja><sln:miejscIdTeryt>0326291</sln:miejscIdTeryt><sln:miejscNazwa>WIĘCŁAWICE STARE</sln:miejscNazwa><sln:miejscRodzaj>Wieś</sln:miejscRodzaj><sln:powIIPId>3104c00e-f86d-4d1a-ac9e-8c85e101ac95</sln:powIIPId><sln:powIIPPn>PL.PZGIK.200</sln:powIIPPn><sln:powIIPWersja>2013-07-11T08:30:38+02:00</sln:powIIPWersja><sln:powIdTeryt>1206</sln:powIdTeryt><sln:powNazwa>krakowski</sln:powNazwa><sln:wojIIPId>dd2e3c64-f861-47cf-a3a3-e7751f272b2f</sln:wojIIPId><sln:wojIIPPn>PL.PZGIK.200</sln:wojIIPPn><sln:wojIIPWersja>2017-10-10T00:00:00+02:00</sln:wojIIPWersja><sln:wojIdTeryt>12</sln:wojIdTeryt><sln:wojNazwa>małopolskie</sln:wojNazwa></sln:miejscowosc><sln:miejscowosc><sln:cyklZyciaOd>2017-09-05T00:00:00+02:00</sln:cyklZyciaOd><sln:gmIIPId>acb406f3-9044-4a9d-a94b-d0dbe1f06a32</sln:gmIIPId><sln:gmIIPPn>PL.PZGIK.200</sln:gmIIPPn><sln:gmIIPWersja>2012-09-26T22:09:15+02:00</sln:gmIIPWersja><sln:gmIdTeryt>1206082</sln:gmIdTeryt><sln:gmNazwa>Michałowice</sln:gmNazwa><sln:miejscIIPId>beae3001-f038-4566-81f5-15836fd7b6f2</sln:miejscIIPId><sln:miejscIIPPn>PL.PZGIK.200</sln:miejscIIPPn><sln:miejscIIPWersja>2017-09-05T14:19:34+02:00</sln:miejscIIPWersja><sln:miejscIdTeryt>0326322</sln:miejscIdTeryt><sln:miejscNazwa>ZAGÓRZYCE STARE</sln:miejscNazwa><sln:miejscRodzaj>Wieś</sln:miejscRodzaj><sln:powIIPId>3104c00e-f86d-4d1a-ac9e-8c85e101ac95</sln:powIIPId><sln:powIIPPn>PL.PZGIK.200</sln:powIIPPn><sln:powIIPWersja>2013-07-11T08:30:38+02:00</sln:powIIPWersja><sln:powIdTeryt>1206</sln:powIdTeryt><sln:powNazwa>krakowski</sln:powNazwa><sln:wojIIPId>dd2e3c64-f861-47cf-a3a3-e7751f272b2f</sln:wojIIPId><sln:wojIIPPn>PL.PZGIK.200</sln:wojIIPPn><sln:wojIIPWersja>2017-10-10T00:00:00+02:00</sln:wojIIPWersja><sln:wojIdTeryt>12</sln:wojIdTeryt><sln:wojNazwa>małopolskie</sln:wojNazwa></sln:miejscowosc><sln:miejscowosc><sln:cyklZyciaOd>2017-09-05T00:00:00+02:00</sln:cyklZyciaOd><sln:gmIIPId>acb406f3-9044-4a9d-a94b-d0dbe1f06a32</sln:gmIIPId><sln:gmIIPPn>PL.PZGIK.200</sln:gmIIPPn><sln:gmIIPWersja>2012-09-26T22:09:15+02:00</sln:gmIIPWersja><sln:gmIdTeryt>1206082</sln:gmIdTeryt><sln:gmNazwa>Michałowice</sln:gmNazwa><sln:miejscIIPId>648ae608-6cf4-49f4-a6c8-a5b59b7d124b</sln:miejscIIPId><sln:miejscIIPPn>PL.PZGIK.200</sln:miejscIIPPn><sln:miejscIIPWersja>2017-09-05T14:19:34+02:00</sln:miejscIIPWersja><sln:miejscIdTeryt>0326440</sln:miejscIdTeryt><sln:miejscNazwa>ZDZIĘSŁAWICE</sln:miejscNazwa><sln:miejscRodzaj>Wieś</sln:miejscRodzaj><sln:powIIPId>3104c00e-f86d-4d1a-ac9e-8c85e101ac95</sln:powIIPId><sln:powIIPPn>PL.PZGIK.200</sln:powIIPPn><sln:powIIPWersja>2013-07-11T08:30:38+02:00</sln:powIIPWersja><sln:powIdTeryt>1206</sln:powIdTeryt><sln:powNazwa>krakowski</sln:powNazwa><sln:wojIIPId>dd2e3c64-f861-47cf-a3a3-e7751f272b2f</sln:wojIIPId><sln:wojIIPPn>PL.PZGIK.200</sln:wojIIPPn><sln:wojIIPWersja>2017-10-10T00:00:00+02:00</sln:wojIIPWersja><sln:wojIdTeryt>12</sln:wojIdTeryt><sln:wojNazwa>małopolskie</sln:wojNazwa></sln:miejscowosc><sln:miejscowosc><sln:cyklZyciaOd>2017-09-05T00:00:00+02:00</sln:cyklZyciaOd><sln:gmIIPId>acb406f3-9044-4a9d-a94b-d0dbe1f06a32</sln:gmIIPId><sln:gmIIPPn>PL.PZGIK.200</sln:gmIIPPn><sln:gmIIPWersja>2012-09-26T22:09:15+02:00</sln:gmIIPWersja><sln:gmIdTeryt>1206082</sln:gmIdTeryt><sln:gmNazwa>Michałowice</sln:gmNazwa><sln:miejscIIPId>c81d8889-6a14-41ac-b7d6-08297d567d08</sln:miejscIIPId><sln:miejscIIPPn>PL.PZGIK.200</sln:miejscIIPPn><sln:miejscIIPWersja>2017-09-05T14:19:34+02:00</sln:miejscIIPWersja><sln:miejscIdTeryt>0326109</sln:miejscIdTeryt><sln:miejscNazwa>MŁODZIEJOWICE</sln:miejscNazwa><sln:miejscRodzaj>Wieś</sln:miejscRodzaj><sln:powIIPId>3104c00e-f86d-4d1a-ac9e-8c85e101ac95</sln:powIIPId><sln:powIIPPn>PL.PZGIK.200</sln:powIIPPn><sln:powIIPWersja>2013-07-11T08:30:38+02:00</sln:powIIPWersja><sln:powIdTeryt>1206</sln:powIdTeryt><sln:powNazwa>krakowski</sln:powNazwa><sln:waznyOd>2013-10-21T00:00:00+02:00</sln:waznyOd><sln:wojIIPId>dd2e3c64-f861-47cf-a3a3-e7751f272b2f</sln:wojIIPId><sln:wojIIPPn>PL.PZGIK.200</sln:wojIIPPn><sln:wojIIPWersja>2017-10-10T00:00:00+02:00</sln:wojIIPWersja><sln:wojIdTeryt>12</sln:wojIdTeryt><sln:wojNazwa>małopolskie</sln:wojNazwa></sln:miejscowosc><sln:miejscowosc><sln:cyklZyciaOd>2017-09-05T00:00:00+02:00</sln:cyklZyciaOd><sln:gmIIPId>acb406f3-9044-4a9d-a94b-d0dbe1f06a32</sln:gmIIPId><sln:gmIIPPn>PL.PZGIK.200</sln:gmIIPPn><sln:gmIIPWersja>2012-09-26T22:09:15+02:00</sln:gmIIPWersja><sln:gmIdTeryt>1206082</sln:gmIdTeryt><sln:gmNazwa>Michałowice</sln:gmNazwa><sln:miejscIIPId>62bee404-eb2a-44dc-8f9f-eb00af805c61</sln:miejscIIPId><sln:miejscIIPPn>PL.PZGIK.200</sln:miejscIIPPn><sln:miejscIIPWersja>2017-09-05T14:19:34+02:00</sln:miejscIIPWersja><sln:miejscIdTeryt>0325920</sln:miejscIdTeryt><sln:miejscNazwa>KOZIERÓW</sln:miejscNazwa><sln:miejscRodzaj>Wieś</sln:miejscRodzaj><sln:powIIPId>3104c00e-f86d-4d1a-ac9e-8c85e101ac95</sln:powIIPId><sln:powIIPPn>PL.PZGIK.200</sln:powIIPPn><sln:powIIPWersja>2013-07-11T08:30:38+02:00</sln:powIIPWersja><sln:powIdTeryt>1206</sln:powIdTeryt><sln:powNazwa>krakowski</sln:powNazwa><sln:wojIIPId>dd2e3c64-f861-47cf-a3a3-e7751f272b2f</sln:wojIIPId><sln:wojIIPPn>PL.PZGIK.200</sln:wojIIPPn><sln:wojIIPWersja>2017-10-10T00:00:00+02:00</sln:wojIIPWersja><sln:wojIdTeryt>12</sln:wojIdTeryt><sln:wojNazwa>małopolskie</sln:wojNazwa></sln:miejscowosc><sln:miejscowosc><sln:cyklZyciaOd>2017-09-05T00:00:00+02:00</sln:cyklZyciaOd><sln:gmIIPId>acb406f3-9044-4a9d-a94b-d0dbe1f06a32</sln:gmIIPId><sln:gmIIPPn>PL.PZGIK.200</sln:gmIIPPn><sln:gmIIPWersja>2012-09-26T22:09:15+02:00</sln:gmIIPWersja><sln:gmIdTeryt>1206082</sln:gmIdTeryt><sln:gmNazwa>Michałowice</sln:gmNazwa><sln:miejscIIPId>e605319f-ddba-4f56-836f-560a4fe585b5</sln:miejscIIPId><sln:miejscIIPPn>PL.PZGIK.200</sln:miejscIIPPn><sln:miejscIIPWersja>2017-09-05T14:19:34+02:00</sln:miejscIIPWersja><sln:miejscIdTeryt>0326457</sln:miejscIdTeryt><sln:miejscNazwa>ZERWANA</sln:miejscNazwa><sln:miejscRodzaj>Wieś</sln:miejscRodzaj><sln:powIIPId>3104c00e-f86d-4d1a-ac9e-8c85e101ac95</sln:powIIPId><sln:powIIPPn>PL.PZGIK.200</sln:powIIPPn><sln:powIIPWersja>2013-07-11T08:30:38+02:00</sln:powIIPWersja><sln:powIdTeryt>1206</sln:powIdTeryt><sln:powNazwa>krakowski</sln:powNazwa><sln:wojIIPId>dd2e3c64-f861-47cf-a3a3-e7751f272b2f</sln:wojIIPId><sln:wojIIPPn>PL.PZGIK.200</sln:wojIIPPn><sln:wojIIPWersja>2017-10-10T00:00:00+02:00</sln:wojIIPWersja><sln:wojIdTeryt>12</sln:wojIdTeryt><sln:wojNazwa>małopolskie</sln:wojNazwa></sln:miejscowosc><sln:miejscowosc><sln:cyklZyciaDo>2017-09-08T00:00:00+02:00</sln:cyklZyciaDo><sln:cyklZyciaOd>2017-09-05T00:00:00+02:00</sln:cyklZyciaOd><sln:gmIIPId>acb406f3-9044-4a9d-a94b-d0dbe1f06a32</sln:gmIIPId><sln:gmIIPPn>PL.PZGIK.200</sln:gmIIPPn><sln:gmIIPWersja>2012-09-26T22:09:15+02:00</sln:gmIIPWersja><sln:gmIdTeryt>1206082</sln:gmIdTeryt><sln:gmNazwa>Michałowice</sln:gmNazwa><sln:miejscIIPId>2062fdb3-ae48-4a3a-9e94-4bf96282cf77</sln:miejscIIPId><sln:miejscIIPPn>PL.PZGIK.200</sln:miejscIIPPn><sln:miejscIIPWersja>2017-09-05T14:19:34+02:00</sln:miejscIIPWersja><sln:miejscIdTeryt>0326173 </sln:miejscIdTeryt><sln:miejscNazwa>RACIBOROWICE</sln:miejscNazwa><sln:miejscRodzaj>Wieś</sln:miejscRodzaj><sln:powIIPId>3104c00e-f86d-4d1a-ac9e-8c85e101ac95</sln:powIIPId><sln:powIIPPn>PL.PZGIK.200</sln:powIIPPn><sln:powIIPWersja>2013-07-11T08:30:38+02:00</sln:powIIPWersja><sln:powIdTeryt>1206</sln:powIdTeryt><sln:powNazwa>krakowski</sln:powNazwa><sln:wojIIPId>dd2e3c64-f861-47cf-a3a3-e7751f272b2f</sln:wojIIPId><sln:wojIIPPn>PL.PZGIK.200</sln:wojIIPPn><sln:wojIIPWersja>2017-10-10T00:00:00+02:00</sln:wojIIPWersja><sln:wojIdTeryt>12</sln:wojIdTeryt><sln:wojNazwa>małopolskie</sln:wojNazwa></sln:miejscowosc><sln:miejscowosc><sln:cyklZyciaOd>2017-09-05T00:00:00+02:00</sln:cyklZyciaOd><sln:gmIIPId>acb406f3-9044-4a9d-a94b-d0dbe1f06a32</sln:gmIIPId><sln:gmIIPPn>PL.PZGIK.200</sln:gmIIPPn><sln:gmIIPWersja>2012-09-26T22:09:15+02:00</sln:gmIIPWersja><sln:gmIdTeryt>1206082</sln:gmIdTeryt><sln:gmNazwa>Michałowice</sln:gmNazwa><sln:miejscIIPId>bf81dd0e-7d05-4932-9ea7-58232a226c17</sln:miejscIIPId><sln:miejscIIPPn>PL.PZGIK.200</sln:miejscIIPPn><sln:miejscIIPWersja>2017-09-05T14:19:34+02:00</sln:miejscIIPWersja><sln:miejscIdTeryt>0326374</sln:miejscIdTeryt><sln:miejscNazwa>WOLA WIĘCŁAWSKA</sln:miejscNazwa><sln:miejscRodzaj>Wieś</sln:miejscRodzaj><sln:powIIPId>3104c00e-f86d-4d1a-ac9e-8c85e101ac95</sln:powIIPId><sln:powIIPPn>PL.PZGIK.200</sln:powIIPPn><sln:powIIPWersja>2013-07-11T08:30:38+02:00</sln:powIIPWersja><sln:powIdTeryt>1206</sln:powIdTeryt><sln:powNazwa>krakowski</sln:powNazwa><sln:wojIIPId>dd2e3c64-f861-47cf-a3a3-e7751f272b2f</sln:wojIIPId><sln:wojIIPPn>PL.PZGIK.200</sln:wojIIPPn><sln:wojIIPWersja>2017-10-10T00:00:00+02:00</sln:wojIIPWersja><sln:wojIdTeryt>12</sln:wojIdTeryt><sln:wojNazwa>małopolskie</sln:wojNazwa></sln:miejscowosc><sln:miejscowosc><sln:cyklZyciaOd>2017-09-05T00:00:00+02:00</sln:cyklZyciaOd><sln:gmIIPId>acb406f3-9044-4a9d-a94b-d0dbe1f06a32</sln:gmIIPId><sln:gmIIPPn>PL.PZGIK.200</sln:gmIIPPn><sln:gmIIPWersja>2012-09-26T22:09:15+02:00</sln:gmIIPWersja><sln:gmIdTeryt>1206082</sln:gmIdTeryt><sln:gmNazwa>Michałowice</sln:gmNazwa><sln:miejscIIPId>c8e320b2-e04d-469f-b2fd-9b11469d2b81</sln:miejscIIPId><sln:miejscIIPPn>PL.PZGIK.200</sln:miejscIIPPn><sln:miejscIIPWersja>2017-09-05T14:19:34+02:00</sln:miejscIIPWersja><sln:miejscIdTeryt>0326411</sln:miejscIdTeryt><sln:miejscNazwa>ZAGÓRZYCE DWORSKIE</sln:miejscNazwa><sln:miejscRodzaj>Wieś</sln:miejscRodzaj><sln:powIIPId>3104c00e-f86d-4d1a-ac9e-8c85e101ac95</sln:powIIPId><sln:powIIPPn>PL.PZGIK.200</sln:powIIPPn><sln:powIIPWersja>2013-07-11T08:30:38+02:00</sln:powIIPWersja><sln:powIdTeryt>1206</sln:powIdTeryt><sln:powNazwa>krakowski</sln:powNazwa><sln:wojIIPId>dd2e3c64-f861-47cf-a3a3-e7751f272b2f</sln:wojIIPId><sln:wojIIPPn>PL.PZGIK.200</sln:wojIIPPn><sln:wojIIPWersja>2017-10-10T00:00:00+02:00</sln:wojIIPWersja><sln:wojIdTeryt>12</sln:wojIdTeryt><sln:wojNazwa>małopolskie</sln:wojNazwa></sln:miejscowosc><sln:miejscowosc><sln:cyklZyciaOd>2017-09-05T00:00:00+02:00</sln:cyklZyciaOd><sln:gmIIPId>acb406f3-9044-4a9d-a94b-d0dbe1f06a32</sln:gmIIPId><sln:gmIIPPn>PL.PZGIK.200</sln:gmIIPPn><sln:gmIIPWersja>2012-09-26T22:09:15+02:00</sln:gmIIPWersja><sln:gmIdTeryt>1206082</sln:gmIdTeryt><sln:gmNazwa>Michałowice</sln:gmNazwa><sln:miejscIIPId>826a8112-26ba-4e3b-9a7c-88abf96bdcaa</sln:miejscIIPId><sln:miejscIIPPn>PL.PZGIK.200</sln:miejscIIPPn><sln:miejscIIPWersja>2017-09-05T14:19:34+02:00</sln:miejscIIPWersja><sln:miejscIdTeryt>0326010</sln:miejscIdTeryt><sln:miejscNazwa>MICHAŁOWICE</sln:miejscNazwa><sln:miejscRodzaj>Wieś</sln:miejscRodzaj><sln:powIIPId>3104c00e-f86d-4d1a-ac9e-8c85e101ac95</sln:powIIPId><sln:powIIPPn>PL.PZGIK.200</sln:powIIPPn><sln:powIIPWersja>2013-07-11T08:30:38+02:00</sln:powIIPWersja><sln:powIdTeryt>1206</sln:powIdTeryt><sln:powNazwa>krakowski</sln:powNazwa><sln:wojIIPId>dd2e3c64-f861-47cf-a3a3-e7751f272b2f</sln:wojIIPId><sln:wojIIPPn>PL.PZGIK.200</sln:wojIIPPn><sln:wojIIPWersja>2017-10-10T00:00:00+02:00</sln:wojIIPWersja><sln:wojIdTeryt>12</sln:wojIdTeryt><sln:wojNazwa>małopolskie</sln:wojNazwa></sln:miejscowosc><sln:miejscowosc><sln:cyklZyciaOd>2017-09-05T00:00:00+02:00</sln:cyklZyciaOd><sln:gmIIPId>acb406f3-9044-4a9d-a94b-d0dbe1f06a32</sln:gmIIPId><sln:gmIIPPn>PL.PZGIK.200</sln:gmIIPPn><sln:gmIIPWersja>2012-09-26T22:09:15+02:00</sln:gmIIPWersja><sln:gmIdTeryt>1206082</sln:gmIdTeryt><sln:gmNazwa>Michałowice</sln:gmNazwa><sln:miejscIIPId>d2c6b0a6-817b-4f81-ab35-2da10ad2a21c</sln:miejscIIPId><sln:miejscIIPPn>PL.PZGIK.200</sln:miejscIIPPn><sln:miejscIIPWersja>2017-09-05T14:19:35+02:00</sln:miejscIIPWersja><sln:miejscIdTeryt>0325890</sln:miejscIdTeryt><sln:miejscNazwa>GÓRNA WIEŚ</sln:miejscNazwa><sln:miejscRodzaj>Wieś</sln:miejscRodzaj><sln:powIIPId>3104c00e-f86d-4d1a-ac9e-8c85e101ac95</sln:powIIPId><sln:powIIPPn>PL.PZGIK.200</sln:powIIPPn><sln:powIIPWersja>2013-07-11T08:30:38+02:00</sln:powIIPWersja><sln:powIdTeryt>1206</sln:powIdTeryt><sln:powNazwa>krakowski</sln:powNazwa><sln:wojIIPId>dd2e3c64-f861-47cf-a3a3-e7751f272b2f</sln:wojIIPId><sln:wojIIPPn>PL.PZGIK.200</sln:wojIIPPn><sln:wojIIPWersja>2017-10-10T00:00:00+02:00</sln:wojIIPWersja><sln:wojIdTeryt>12</sln:wojIdTeryt><sln:wojNazwa>małopolskie</sln:wojNazwa></sln:miejscowosc><sln:miejscowosc><sln:cyklZyciaDo>2017-10-26T00:00:00+02:00</sln:cyklZyciaDo><sln:cyklZyciaOd>2017-09-08T00:00:00+02:00</sln:cyklZyciaOd><sln:gmIIPId>acb406f3-9044-4a9d-a94b-d0dbe1f06a32</sln:gmIIPId><sln:gmIIPPn>PL.PZGIK.200</sln:gmIIPPn><sln:gmIIPWersja>2012-09-26T22:09:15+02:00</sln:gmIIPWersja><sln:gmIdTeryt>1206082</sln:gmIdTeryt><sln:gmNazwa>Michałowice</sln:gmNazwa><sln:miejscIIPId>e63fd455-aa33-45cc-b32a-089a6ad7ce44</sln:miejscIIPId><sln:miejscIIPPn>PL.PZGIK.200</sln:miejscIIPPn><sln:miejscIIPWersja>2017-09-08T13:22:20+02:00</sln:miejscIIPWersja><sln:miejscIdTeryt>0326368 </sln:miejscIdTeryt><sln:miejscNazwa>WILCZKOWICE</sln:miejscNazwa><sln:miejscRodzaj>Wieś</sln:miejscRodzaj><sln:powIIPId>3104c00e-f86d-4d1a-ac9e-8c85e101ac95</sln:powIIPId><sln:powIIPPn>PL.PZGIK.200</sln:powIIPPn><sln:powIIPWersja>2013-07-11T08:30:38+02:00</sln:powIIPWersja><sln:powIdTeryt>1206</sln:powIdTeryt><sln:powNazwa>krakowski</sln:powNazwa><sln:wojIIPId>dd2e3c64-f861-47cf-a3a3-e7751f272b2f</sln:wojIIPId><sln:wojIIPPn>PL.PZGIK.200</sln:wojIIPPn><sln:wojIIPWersja>2017-10-10T00:00:00+02:00</sln:wojIIPWersja><sln:wojIdTeryt>12</sln:wojIdTeryt><sln:wojNazwa>małopolskie</sln:wojNazwa></sln:miejscowosc><sln:miejscowosc><sln:cyklZyciaDo>2017-10-26T00:00:00+02:00</sln:cyklZyciaDo><sln:cyklZyciaOd>2017-09-08T00:00:00+02:00</sln:cyklZyciaOd><sln:gmIIPId>acb406f3-9044-4a9d-a94b-d0dbe1f06a32</sln:gmIIPId><sln:gmIIPPn>PL.PZGIK.200</sln:gmIIPPn><sln:gmIIPWersja>2012-09-26T22:09:15+02:00</sln:gmIIPWersja><sln:gmIdTeryt>1206082</sln:gmIdTeryt><sln:gmNazwa>Michałowice</sln:gmNazwa><sln:miejscIIPId>2062fdb3-ae48-4a3a-9e94-4bf96282cf77</sln:miejscIIPId><sln:miejscIIPPn>PL.PZGIK.200</sln:miejscIIPPn><sln:miejscIIPWersja>2017-09-08T13:22:26+02:00</sln:miejscIIPWersja><sln:miejscIdTeryt>0326173 </sln:miejscIdTeryt><sln:miejscNazwa>RACIBOROWICE</sln:miejscNazwa><sln:miejscRodzaj>Wieś</sln:miejscRodzaj><sln:powIIPId>3104c00e-f86d-4d1a-ac9e-8c85e101ac95</sln:powIIPId><sln:powIIPPn>PL.PZGIK.200</sln:powIIPPn><sln:powIIPWersja>2013-07-11T08:30:38+02:00</sln:powIIPWersja><sln:powIdTeryt>1206</sln:powIdTeryt><sln:powNazwa>krakowski</sln:powNazwa><sln:wojIIPId>dd2e3c64-f861-47cf-a3a3-e7751f272b2f</sln:wojIIPId><sln:wojIIPPn>PL.PZGIK.200</sln:wojIIPPn><sln:wojIIPWersja>2017-10-10T00:00:00+02:00</sln:wojIIPWersja><sln:wojIdTeryt>12</sln:wojIdTeryt><sln:wojNazwa>małopolskie</sln:wojNazwa></sln:miejscowosc><sln:miejscowosc><sln:cyklZyciaOd>2017-10-26T00:00:00+02:00</sln:cyklZyciaOd><sln:gmIIPId>acb406f3-9044-4a9d-a94b-d0dbe1f06a32</sln:gmIIPId><sln:gmIIPPn>PL.PZGIK.200</sln:gmIIPPn><sln:gmIIPWersja>2012-09-26T22:09:15+02:00</sln:gmIIPWersja><sln:gmIdTeryt>1206082</sln:gmIdTeryt><sln:gmNazwa>Michałowice</sln:gmNazwa><sln:miejscIIPId>e63fd455-aa33-45cc-b32a-089a6ad7ce44</sln:miejscIIPId><sln:miejscIIPPn>PL.PZGIK.200</sln:miejscIIPPn><sln:miejscIIPWersja>2017-10-26T11:55:41+02:00</sln:miejscIIPWersja><sln:miejscIdTeryt>0326368</sln:miejscIdTeryt><sln:miejscNazwa>WILCZKOWICE</sln:miejscNazwa><sln:miejscRodzaj>Wieś</sln:miejscRodzaj><sln:powIIPId>3104c00e-f86d-4d1a-ac9e-8c85e101ac95</sln:powIIPId><sln:powIIPPn>PL.PZGIK.200</sln:powIIPPn><sln:powIIPWersja>2013-07-11T08:30:38+02:00</sln:powIIPWersja><sln:powIdTeryt>1206</sln:powIdTeryt><sln:powNazwa>krakowski</sln:powNazwa><sln:wojIIPId>dd2e3c64-f861-47cf-a3a3-e7751f272b2f</sln:wojIIPId><sln:wojIIPPn>PL.PZGIK.200</sln:wojIIPPn><sln:wojIIPWersja>2017-10-10T00:00:00+02:00</sln:wojIIPWersja><sln:wojIdTeryt>12</sln:wojIdTeryt><sln:wojNazwa>małopolskie</sln:wojNazwa></sln:miejscowosc><sln:miejscowosc><sln:cyklZyciaOd>2017-10-26T00:00:00+02:00</sln:cyklZyciaOd><sln:gmIIPId>acb406f3-9044-4a9d-a94b-d0dbe1f06a32</sln:gmIIPId><sln:gmIIPPn>PL.PZGIK.200</sln:gmIIPPn><sln:gmIIPWersja>2012-09-26T22:09:15+02:00</sln:gmIIPWersja><sln:gmIdTeryt>1206082</sln:gmIdTeryt><sln:gmNazwa>Michałowice</sln:gmNazwa><sln:miejscIIPId>2062fdb3-ae48-4a3a-9e94-4bf96282cf77</sln:miejscIIPId><sln:miejscIIPPn>PL.PZGIK.200</sln:miejscIIPPn><sln:miejscIIPWersja>2017-10-26T11:55:45+02:00</sln:miejscIIPWersja><sln:miejscIdTeryt>0326173</sln:miejscIdTeryt><sln:miejscNazwa>RACIBOROWICE</sln:miejscNazwa><sln:miejscRodzaj>Wieś</sln:miejscRodzaj><sln:powIIPId>3104c00e-f86d-4d1a-ac9e-8c85e101ac95</sln:powIIPId><sln:powIIPPn>PL.PZGIK.200</sln:powIIPPn><sln:powIIPWersja>2013-07-11T08:30:38+02:00</sln:powIIPWersja><sln:powIdTeryt>1206</sln:powIdTeryt><sln:powNazwa>krakowski</sln:powNazwa><sln:wojIIPId>dd2e3c64-f861-47cf-a3a3-e7751f272b2f</sln:wojIIPId><sln:wojIIPPn>PL.PZGIK.200</sln:wojIIPPn><sln:wojIIPWersja>2017-10-10T00:00:00+02:00</sln:wojIIPWersja><sln:wojIdTeryt>12</sln:wojIdTeryt><sln:wojNazwa>małopolskie</sln:wojNazwa></sln:miejscowosc></sln:lista-miejscowosci>