<?xml version="1.0" encoding="UTF-8" standalone="yes"?><sln:lista-miejscowosci xmlns:srv="http://gugik.gov.pl/schemas/slowniki-service/1.0" xmlns:sln="http://gugik.gov.pl/schemas/slowniki-schema/1.0"><sln:miejscowosc><sln:cyklZyciaDo>2017-03-23T00:00:00+01:00</sln:cyklZyciaDo><sln:cyklZyciaOd>2016-07-06T00:00:00+02:00</sln:cyklZyciaOd><sln:gmIIPId>6563302e-4453-4c6b-898c-c8aca111cb05</sln:gmIIPId><sln:gmIIPPn>PL.PZGIK.200</sln:gmIIPPn><sln:gmIIPWersja>2012-09-26T22:12:12+02:00</sln:gmIIPWersja><sln:gmIdTeryt>1216112</sln:gmIdTeryt><sln:gmNazwa>Wierzchosławice</sln:gmNazwa><sln:miejscIIPId>5a30b87b-faf5-42cd-b303-38a541fc6e7b</sln:miejscIIPId><sln:miejscIIPPn>PL.PZGIK.200</sln:miejscIIPPn><sln:miejscIIPWersja>2016-11-24T13:21:11+02:00</sln:miejscIIPWersja><sln:miejscNazwa>Wierzchosławice</sln:miejscNazwa><sln:miejscRodzaj>Wieś</sln:miejscRodzaj><sln:powIIPId>17c3b30e-7279-4144-9a54-b54dcc50a95c</sln:powIIPId><sln:powIIPPn>PL.PZGIK.200</sln:powIIPPn><sln:powIIPWersja>2012-09-27T07:52:01+02:00</sln:powIIPWersja><sln:powIdTeryt>1216</sln:powIdTeryt><sln:powNazwa>tarnowski</sln:powNazwa><sln:wojIIPId>dd2e3c64-f861-47cf-a3a3-e7751f272b2f</sln:wojIIPId><sln:wojIIPPn>PL.PZGIK.200</sln:wojIIPPn><sln:wojIIPWersja>2017-10-10T00:00:00+02:00</sln:wojIIPWersja><sln:wojIdTeryt>12</sln:wojIdTeryt><sln:wojNazwa>małopolskie</sln:wojNazwa></sln:miejscowosc><sln:miejscowosc><sln:cyklZyciaDo>2017-03-23T00:00:00+01:00</sln:cyklZyciaDo><sln:cyklZyciaOd>2016-07-06T00:00:00+02:00</sln:cyklZyciaOd><sln:gmIIPId>6563302e-4453-4c6b-898c-c8aca111cb05</sln:gmIIPId><sln:gmIIPPn>PL.PZGIK.200</sln:gmIIPPn><sln:gmIIPWersja>2012-09-26T22:12:12+02:00</sln:gmIIPWersja><sln:gmIdTeryt>1216112</sln:gmIdTeryt><sln:gmNazwa>Wierzchosławice</sln:gmNazwa><sln:miejscIIPId>b62662f4-3d63-45c1-ab98-bbc45e24d484</sln:miejscIIPId><sln:miejscIIPPn>PL.PZGIK.200</sln:miejscIIPPn><sln:miejscIIPWersja>2016-11-24T13:21:10+02:00</sln:miejscIIPWersja><sln:miejscNazwa>Bogumiłowice</sln:miejscNazwa><sln:miejscRodzaj>Wieś</sln:miejscRodzaj><sln:powIIPId>17c3b30e-7279-4144-9a54-b54dcc50a95c</sln:powIIPId><sln:powIIPPn>PL.PZGIK.200</sln:powIIPPn><sln:powIIPWersja>2012-09-27T07:52:01+02:00</sln:powIIPWersja><sln:powIdTeryt>1216</sln:powIdTeryt><sln:powNazwa>tarnowski</sln:powNazwa><sln:wojIIPId>dd2e3c64-f861-47cf-a3a3-e7751f272b2f</sln:wojIIPId><sln:wojIIPPn>PL.PZGIK.200</sln:wojIIPPn><sln:wojIIPWersja>2017-10-10T00:00:00+02:00</sln:wojIIPWersja><sln:wojIdTeryt>12</sln:wojIdTeryt><sln:wojNazwa>małopolskie</sln:wojNazwa></sln:miejscowosc><sln:miejscowosc><sln:cyklZyciaDo>2017-03-23T00:00:00+01:00</sln:cyklZyciaDo><sln:cyklZyciaOd>2016-07-06T00:00:00+02:00</sln:cyklZyciaOd><sln:gmIIPId>6563302e-4453-4c6b-898c-c8aca111cb05</sln:gmIIPId><sln:gmIIPPn>PL.PZGIK.200</sln:gmIIPPn><sln:gmIIPWersja>2012-09-26T22:12:12+02:00</sln:gmIIPWersja><sln:gmIdTeryt>1216112</sln:gmIdTeryt><sln:gmNazwa>Wierzchosławice</sln:gmNazwa><sln:miejscIIPId>b9c94faa-3033-43ed-8151-125dc0d142d6</sln:miejscIIPId><sln:miejscIIPPn>PL.PZGIK.200</sln:miejscIIPPn><sln:miejscIIPWersja>2016-11-24T13:21:10+02:00</sln:miejscIIPWersja><sln:miejscNazwa>Łętowice</sln:miejscNazwa><sln:miejscRodzaj>Wieś</sln:miejscRodzaj><sln:powIIPId>17c3b30e-7279-4144-9a54-b54dcc50a95c</sln:powIIPId><sln:powIIPPn>PL.PZGIK.200</sln:powIIPPn><sln:powIIPWersja>2012-09-27T07:52:01+02:00</sln:powIIPWersja><sln:powIdTeryt>1216</sln:powIdTeryt><sln:powNazwa>tarnowski</sln:powNazwa><sln:wojIIPId>dd2e3c64-f861-47cf-a3a3-e7751f272b2f</sln:wojIIPId><sln:wojIIPPn>PL.PZGIK.200</sln:wojIIPPn><sln:wojIIPWersja>2017-10-10T00:00:00+02:00</sln:wojIIPWersja><sln:wojIdTeryt>12</sln:wojIdTeryt><sln:wojNazwa>małopolskie</sln:wojNazwa></sln:miejscowosc><sln:miejscowosc><sln:cyklZyciaDo>2017-03-23T00:00:00+01:00</sln:cyklZyciaDo><sln:cyklZyciaOd>2016-07-06T00:00:00+02:00</sln:cyklZyciaOd><sln:gmIIPId>6563302e-4453-4c6b-898c-c8aca111cb05</sln:gmIIPId><sln:gmIIPPn>PL.PZGIK.200</sln:gmIIPPn><sln:gmIIPWersja>2012-09-26T22:12:12+02:00</sln:gmIIPWersja><sln:gmIdTeryt>1216112</sln:gmIdTeryt><sln:gmNazwa>Wierzchosławice</sln:gmNazwa><sln:miejscIIPId>082c4170-1b61-43df-aad9-723fea6c4142</sln:miejscIIPId><sln:miejscIIPPn>PL.PZGIK.200</sln:miejscIIPPn><sln:miejscIIPWersja>2016-11-24T13:21:10+02:00</sln:miejscIIPWersja><sln:miejscNazwa>Bobrowniki Małe</sln:miejscNazwa><sln:miejscRodzaj>Wieś</sln:miejscRodzaj><sln:powIIPId>17c3b30e-7279-4144-9a54-b54dcc50a95c</sln:powIIPId><sln:powIIPPn>PL.PZGIK.200</sln:powIIPPn><sln:powIIPWersja>2012-09-27T07:52:01+02:00</sln:powIIPWersja><sln:powIdTeryt>1216</sln:powIdTeryt><sln:powNazwa>tarnowski</sln:powNazwa><sln:wojIIPId>dd2e3c64-f861-47cf-a3a3-e7751f272b2f</sln:wojIIPId><sln:wojIIPPn>PL.PZGIK.200</sln:wojIIPPn><sln:wojIIPWersja>2017-10-10T00:00:00+02:00</sln:wojIIPWersja><sln:wojIdTeryt>12</sln:wojIdTeryt><sln:wojNazwa>małopolskie</sln:wojNazwa></sln:miejscowosc><sln:miejscowosc><sln:cyklZyciaDo>2017-03-23T00:00:00+01:00</sln:cyklZyciaDo><sln:cyklZyciaOd>2016-07-06T00:00:00+02:00</sln:cyklZyciaOd><sln:gmIIPId>6563302e-4453-4c6b-898c-c8aca111cb05</sln:gmIIPId><sln:gmIIPPn>PL.PZGIK.200</sln:gmIIPPn><sln:gmIIPWersja>2012-09-26T22:12:12+02:00</sln:gmIIPWersja><sln:gmIdTeryt>1216112</sln:gmIdTeryt><sln:gmNazwa>Wierzchosławice</sln:gmNazwa><sln:miejscIIPId>f34319d0-482d-4eae-8472-6eff2e5b4cd9</sln:miejscIIPId><sln:miejscIIPPn>PL.PZGIK.200</sln:miejscIIPPn><sln:miejscIIPWersja>2016-11-24T13:21:10+02:00</sln:miejscIIPWersja><sln:miejscNazwa>Rudka</sln:miejscNazwa><sln:miejscRodzaj>Wieś</sln:miejscRodzaj><sln:powIIPId>17c3b30e-7279-4144-9a54-b54dcc50a95c</sln:powIIPId><sln:powIIPPn>PL.PZGIK.200</sln:powIIPPn><sln:powIIPWersja>2012-09-27T07:52:01+02:00</sln:powIIPWersja><sln:powIdTeryt>1216</sln:powIdTeryt><sln:powNazwa>tarnowski</sln:powNazwa><sln:wojIIPId>dd2e3c64-f861-47cf-a3a3-e7751f272b2f</sln:wojIIPId><sln:wojIIPPn>PL.PZGIK.200</sln:wojIIPPn><sln:wojIIPWersja>2017-10-10T00:00:00+02:00</sln:wojIIPWersja><sln:wojIdTeryt>12</sln:wojIdTeryt><sln:wojNazwa>małopolskie</sln:wojNazwa></sln:miejscowosc><sln:miejscowosc><sln:cyklZyciaDo>2017-03-23T00:00:00+01:00</sln:cyklZyciaDo><sln:cyklZyciaOd>2016-07-06T00:00:00+02:00</sln:cyklZyciaOd><sln:gmIIPId>6563302e-4453-4c6b-898c-c8aca111cb05</sln:gmIIPId><sln:gmIIPPn>PL.PZGIK.200</sln:gmIIPPn><sln:gmIIPWersja>2012-09-26T22:12:12+02:00</sln:gmIIPWersja><sln:gmIdTeryt>1216112</sln:gmIdTeryt><sln:gmNazwa>Wierzchosławice</sln:gmNazwa><sln:miejscIIPId>83366cde-5426-4a41-9710-726ef2a60259</sln:miejscIIPId><sln:miejscIIPPn>PL.PZGIK.200</sln:miejscIIPPn><sln:miejscIIPWersja>2016-11-24T13:21:11+02:00</sln:miejscIIPWersja><sln:miejscNazwa>Mikołajowice</sln:miejscNazwa><sln:miejscRodzaj>Wieś</sln:miejscRodzaj><sln:powIIPId>17c3b30e-7279-4144-9a54-b54dcc50a95c</sln:powIIPId><sln:powIIPPn>PL.PZGIK.200</sln:powIIPPn><sln:powIIPWersja>2012-09-27T07:52:01+02:00</sln:powIIPWersja><sln:powIdTeryt>1216</sln:powIdTeryt><sln:powNazwa>tarnowski</sln:powNazwa><sln:wojIIPId>dd2e3c64-f861-47cf-a3a3-e7751f272b2f</sln:wojIIPId><sln:wojIIPPn>PL.PZGIK.200</sln:wojIIPPn><sln:wojIIPWersja>2017-10-10T00:00:00+02:00</sln:wojIIPWersja><sln:wojIdTeryt>12</sln:wojIdTeryt><sln:wojNazwa>małopolskie</sln:wojNazwa></sln:miejscowosc><sln:miejscowosc><sln:cyklZyciaDo>2017-03-23T00:00:00+01:00</sln:cyklZyciaDo><sln:cyklZyciaOd>2016-07-06T00:00:00+02:00</sln:cyklZyciaOd><sln:gmIIPId>6563302e-4453-4c6b-898c-c8aca111cb05</sln:gmIIPId><sln:gmIIPPn>PL.PZGIK.200</sln:gmIIPPn><sln:gmIIPWersja>2012-09-26T22:12:12+02:00</sln:gmIIPWersja><sln:gmIdTeryt>1216112</sln:gmIdTeryt><sln:gmNazwa>Wierzchosławice</sln:gmNazwa><sln:miejscIIPId>9c9fcb6b-0707-4f9a-9e44-9119cce04f4b</sln:miejscIIPId><sln:miejscIIPPn>PL.PZGIK.200</sln:miejscIIPPn><sln:miejscIIPWersja>2016-11-24T13:21:10+02:00</sln:miejscIIPWersja><sln:miejscNazwa>Ostrów</sln:miejscNazwa><sln:miejscRodzaj>Wieś</sln:miejscRodzaj><sln:powIIPId>17c3b30e-7279-4144-9a54-b54dcc50a95c</sln:powIIPId><sln:powIIPPn>PL.PZGIK.200</sln:powIIPPn><sln:powIIPWersja>2012-09-27T07:52:01+02:00</sln:powIIPWersja><sln:powIdTeryt>1216</sln:powIdTeryt><sln:powNazwa>tarnowski</sln:powNazwa><sln:wojIIPId>dd2e3c64-f861-47cf-a3a3-e7751f272b2f</sln:wojIIPId><sln:wojIIPPn>PL.PZGIK.200</sln:wojIIPPn><sln:wojIIPWersja>2017-10-10T00:00:00+02:00</sln:wojIIPWersja><sln:wojIdTeryt>12</sln:wojIdTeryt><sln:wojNazwa>małopolskie</sln:wojNazwa></sln:miejscowosc><sln:miejscowosc><sln:cyklZyciaDo>2017-03-23T00:00:00+01:00</sln:cyklZyciaDo><sln:cyklZyciaOd>2016-07-06T00:00:00+02:00</sln:cyklZyciaOd><sln:gmIIPId>6563302e-4453-4c6b-898c-c8aca111cb05</sln:gmIIPId><sln:gmIIPPn>PL.PZGIK.200</sln:gmIIPPn><sln:gmIIPWersja>2012-09-26T22:12:12+02:00</sln:gmIIPWersja><sln:gmIdTeryt>1216112</sln:gmIdTeryt><sln:gmNazwa>Wierzchosławice</sln:gmNazwa><sln:miejscIIPId>a7bae594-fd19-4d79-932a-1b3111e537c1</sln:miejscIIPId><sln:miejscIIPPn>PL.PZGIK.200</sln:miejscIIPPn><sln:miejscIIPWersja>2016-11-24T13:21:10+02:00</sln:miejscIIPWersja><sln:miejscNazwa>Gosławice</sln:miejscNazwa><sln:miejscRodzaj>Wieś</sln:miejscRodzaj><sln:powIIPId>17c3b30e-7279-4144-9a54-b54dcc50a95c</sln:powIIPId><sln:powIIPPn>PL.PZGIK.200</sln:powIIPPn><sln:powIIPWersja>2012-09-27T07:52:01+02:00</sln:powIIPWersja><sln:powIdTeryt>1216</sln:powIdTeryt><sln:powNazwa>tarnowski</sln:powNazwa><sln:wojIIPId>dd2e3c64-f861-47cf-a3a3-e7751f272b2f</sln:wojIIPId><sln:wojIIPPn>PL.PZGIK.200</sln:wojIIPPn><sln:wojIIPWersja>2017-10-10T00:00:00+02:00</sln:wojIIPWersja><sln:wojIdTeryt>12</sln:wojIdTeryt><sln:wojNazwa>małopolskie</sln:wojNazwa></sln:miejscowosc><sln:miejscowosc><sln:cyklZyciaDo>2017-03-23T00:00:00+01:00</sln:cyklZyciaDo><sln:cyklZyciaOd>2016-07-06T00:00:00+02:00</sln:cyklZyciaOd><sln:gmIIPId>6563302e-4453-4c6b-898c-c8aca111cb05</sln:gmIIPId><sln:gmIIPPn>PL.PZGIK.200</sln:gmIIPPn><sln:gmIIPWersja>2012-09-26T22:12:12+02:00</sln:gmIIPWersja><sln:gmIdTeryt>1216112</sln:gmIdTeryt><sln:gmNazwa>Wierzchosławice</sln:gmNazwa><sln:miejscIIPId>c026d830-df2a-4b79-8c1b-916fba8de036</sln:miejscIIPId><sln:miejscIIPPn>PL.PZGIK.200</sln:miejscIIPPn><sln:miejscIIPWersja>2016-11-24T13:21:11+02:00</sln:miejscIIPWersja><sln:miejscNazwa>Komorów</sln:miejscNazwa><sln:miejscRodzaj>Wieś</sln:miejscRodzaj><sln:powIIPId>17c3b30e-7279-4144-9a54-b54dcc50a95c</sln:powIIPId><sln:powIIPPn>PL.PZGIK.200</sln:powIIPPn><sln:powIIPWersja>2012-09-27T07:52:01+02:00</sln:powIIPWersja><sln:powIdTeryt>1216</sln:powIdTeryt><sln:powNazwa>tarnowski</sln:powNazwa><sln:wojIIPId>dd2e3c64-f861-47cf-a3a3-e7751f272b2f</sln:wojIIPId><sln:wojIIPPn>PL.PZGIK.200</sln:wojIIPPn><sln:wojIIPWersja>2017-10-10T00:00:00+02:00</sln:wojIIPWersja><sln:wojIdTeryt>12</sln:wojIdTeryt><sln:wojNazwa>małopolskie</sln:wojNazwa></sln:miejscowosc><sln:miejscowosc><sln:cyklZyciaDo>2017-03-23T00:00:00+01:00</sln:cyklZyciaDo><sln:cyklZyciaOd>2016-07-06T00:00:00+02:00</sln:cyklZyciaOd><sln:gmIIPId>6563302e-4453-4c6b-898c-c8aca111cb05</sln:gmIIPId><sln:gmIIPPn>PL.PZGIK.200</sln:gmIIPPn><sln:gmIIPWersja>2012-09-26T22:12:12+02:00</sln:gmIIPWersja><sln:gmIdTeryt>1216112</sln:gmIdTeryt><sln:gmNazwa>Wierzchosławice</sln:gmNazwa><sln:miejscIIPId>b1c9646f-adbc-430f-a8d9-84f84b2b6204</sln:miejscIIPId><sln:miejscIIPPn>PL.PZGIK.200</sln:miejscIIPPn><sln:miejscIIPWersja>2016-11-24T13:21:10+02:00</sln:miejscIIPWersja><sln:miejscNazwa>Sieciechowice</sln:miejscNazwa><sln:miejscRodzaj>Wieś</sln:miejscRodzaj><sln:powIIPId>17c3b30e-7279-4144-9a54-b54dcc50a95c</sln:powIIPId><sln:powIIPPn>PL.PZGIK.200</sln:powIIPPn><sln:powIIPWersja>2012-09-27T07:52:01+02:00</sln:powIIPWersja><sln:powIdTeryt>1216</sln:powIdTeryt><sln:powNazwa>tarnowski</sln:powNazwa><sln:wojIIPId>dd2e3c64-f861-47cf-a3a3-e7751f272b2f</sln:wojIIPId><sln:wojIIPPn>PL.PZGIK.200</sln:wojIIPPn><sln:wojIIPWersja>2017-10-10T00:00:00+02:00</sln:wojIIPWersja><sln:wojIdTeryt>12</sln:wojIdTeryt><sln:wojNazwa>małopolskie</sln:wojNazwa></sln:miejscowosc><sln:miejscowosc><sln:cyklZyciaDo>2017-03-23T00:00:00+01:00</sln:cyklZyciaDo><sln:cyklZyciaOd>2016-07-06T00:00:00+02:00</sln:cyklZyciaOd><sln:gmIIPId>6563302e-4453-4c6b-898c-c8aca111cb05</sln:gmIIPId><sln:gmIIPPn>PL.PZGIK.200</sln:gmIIPPn><sln:gmIIPWersja>2012-09-26T22:12:12+02:00</sln:gmIIPWersja><sln:gmIdTeryt>1216112</sln:gmIdTeryt><sln:gmNazwa>Wierzchosławice</sln:gmNazwa><sln:miejscIIPId>e5f2b8b1-0dd1-4ebd-90cb-0bdefdaa5e37</sln:miejscIIPId><sln:miejscIIPPn>PL.PZGIK.200</sln:miejscIIPPn><sln:miejscIIPWersja>2016-11-24T13:21:10+02:00</sln:miejscIIPWersja><sln:miejscNazwa>Kępa Bogumiłowicka</sln:miejscNazwa><sln:miejscRodzaj>Wieś</sln:miejscRodzaj><sln:powIIPId>17c3b30e-7279-4144-9a54-b54dcc50a95c</sln:powIIPId><sln:powIIPPn>PL.PZGIK.200</sln:powIIPPn><sln:powIIPWersja>2012-09-27T07:52:01+02:00</sln:powIIPWersja><sln:powIdTeryt>1216</sln:powIdTeryt><sln:powNazwa>tarnowski</sln:powNazwa><sln:wojIIPId>dd2e3c64-f861-47cf-a3a3-e7751f272b2f</sln:wojIIPId><sln:wojIIPPn>PL.PZGIK.200</sln:wojIIPPn><sln:wojIIPWersja>2017-10-10T00:00:00+02:00</sln:wojIIPWersja><sln:wojIdTeryt>12</sln:wojIdTeryt><sln:wojNazwa>małopolskie</sln:wojNazwa></sln:miejscowosc><sln:miejscowosc><sln:cyklZyciaOd>2017-03-23T00:00:00+01:00</sln:cyklZyciaOd><sln:gmIIPId>6563302e-4453-4c6b-898c-c8aca111cb05</sln:gmIIPId><sln:gmIIPPn>PL.PZGIK.200</sln:gmIIPPn><sln:gmIIPWersja>2012-09-26T22:12:12+02:00</sln:gmIIPWersja><sln:gmIdTeryt>1216112</sln:gmIdTeryt><sln:gmNazwa>Wierzchosławice</sln:gmNazwa><sln:miejscIIPId>4b4c13e3-c8c8-49b8-9633-ffb938502e48</sln:miejscIIPId><sln:miejscIIPPn>PL.PZGIK.200</sln:miejscIIPPn><sln:miejscIIPWersja>2017-03-23T10:25:20+02:00</sln:miejscIIPWersja><sln:miejscIdTeryt>0835584</sln:miejscIdTeryt><sln:miejscNazwa>Sieciechowice</sln:miejscNazwa><sln:miejscRodzaj>Wieś</sln:miejscRodzaj><sln:powIIPId>17c3b30e-7279-4144-9a54-b54dcc50a95c</sln:powIIPId><sln:powIIPPn>PL.PZGIK.200</sln:powIIPPn><sln:powIIPWersja>2012-09-27T07:52:01+02:00</sln:powIIPWersja><sln:powIdTeryt>1216</sln:powIdTeryt><sln:powNazwa>tarnowski</sln:powNazwa><sln:waznyOd>2017-03-23T00:00:00+01:00</sln:waznyOd><sln:wojIIPId>dd2e3c64-f861-47cf-a3a3-e7751f272b2f</sln:wojIIPId><sln:wojIIPPn>PL.PZGIK.200</sln:wojIIPPn><sln:wojIIPWersja>2017-10-10T00:00:00+02:00</sln:wojIIPWersja><sln:wojIdTeryt>12</sln:wojIdTeryt><sln:wojNazwa>małopolskie</sln:wojNazwa></sln:miejscowosc><sln:miejscowosc><sln:cyklZyciaOd>2017-03-23T00:00:00+01:00</sln:cyklZyciaOd><sln:gmIIPId>6563302e-4453-4c6b-898c-c8aca111cb05</sln:gmIIPId><sln:gmIIPPn>PL.PZGIK.200</sln:gmIIPPn><sln:gmIIPWersja>2012-09-26T22:12:12+02:00</sln:gmIIPWersja><sln:gmIdTeryt>1216112</sln:gmIdTeryt><sln:gmNazwa>Wierzchosławice</sln:gmNazwa><sln:miejscIIPId>19b06d6b-84c5-4222-a1e9-259d4f502f4a</sln:miejscIIPId><sln:miejscIIPPn>PL.PZGIK.200</sln:miejscIIPPn><sln:miejscIIPWersja>2017-03-23T10:25:27+02:00</sln:miejscIIPWersja><sln:miejscIdTeryt>0835555</sln:miejscIdTeryt><sln:miejscNazwa>Ostrów</sln:miejscNazwa><sln:miejscRodzaj>Wieś</sln:miejscRodzaj><sln:powIIPId>17c3b30e-7279-4144-9a54-b54dcc50a95c</sln:powIIPId><sln:powIIPPn>PL.PZGIK.200</sln:powIIPPn><sln:powIIPWersja>2012-09-27T07:52:01+02:00</sln:powIIPWersja><sln:powIdTeryt>1216</sln:powIdTeryt><sln:powNazwa>tarnowski</sln:powNazwa><sln:waznyOd>2017-03-23T00:00:00+01:00</sln:waznyOd><sln:wojIIPId>dd2e3c64-f861-47cf-a3a3-e7751f272b2f</sln:wojIIPId><sln:wojIIPPn>PL.PZGIK.200</sln:wojIIPPn><sln:wojIIPWersja>2017-10-10T00:00:00+02:00</sln:wojIIPWersja><sln:wojIdTeryt>12</sln:wojIdTeryt><sln:wojNazwa>małopolskie</sln:wojNazwa></sln:miejscowosc><sln:miejscowosc><sln:cyklZyciaOd>2017-03-23T00:00:00+01:00</sln:cyklZyciaOd><sln:gmIIPId>6563302e-4453-4c6b-898c-c8aca111cb05</sln:gmIIPId><sln:gmIIPPn>PL.PZGIK.200</sln:gmIIPPn><sln:gmIIPWersja>2012-09-26T22:12:12+02:00</sln:gmIIPWersja><sln:gmIdTeryt>1216112</sln:gmIdTeryt><sln:gmNazwa>Wierzchosławice</sln:gmNazwa><sln:miejscIIPId>a278c5c5-e672-4830-9cdf-9a2fbd3e82b4</sln:miejscIIPId><sln:miejscIIPPn>PL.PZGIK.200</sln:miejscIIPPn><sln:miejscIIPWersja>2017-03-23T10:25:27+02:00</sln:miejscIIPWersja><sln:miejscIdTeryt>0835495</sln:miejscIdTeryt><sln:miejscNazwa>Łętowice</sln:miejscNazwa><sln:miejscRodzaj>Wieś</sln:miejscRodzaj><sln:powIIPId>17c3b30e-7279-4144-9a54-b54dcc50a95c</sln:powIIPId><sln:powIIPPn>PL.PZGIK.200</sln:powIIPPn><sln:powIIPWersja>2012-09-27T07:52:01+02:00</sln:powIIPWersja><sln:powIdTeryt>1216</sln:powIdTeryt><sln:powNazwa>tarnowski</sln:powNazwa><sln:waznyOd>2017-03-23T00:00:00+01:00</sln:waznyOd><sln:wojIIPId>dd2e3c64-f861-47cf-a3a3-e7751f272b2f</sln:wojIIPId><sln:wojIIPPn>PL.PZGIK.200</sln:wojIIPPn><sln:wojIIPWersja>2017-10-10T00:00:00+02:00</sln:wojIIPWersja><sln:wojIdTeryt>12</sln:wojIdTeryt><sln:wojNazwa>małopolskie</sln:wojNazwa></sln:miejscowosc><sln:miejscowosc><sln:cyklZyciaOd>2017-03-23T00:00:00+01:00</sln:cyklZyciaOd><sln:gmIIPId>6563302e-4453-4c6b-898c-c8aca111cb05</sln:gmIIPId><sln:gmIIPPn>PL.PZGIK.200</sln:gmIIPPn><sln:gmIIPWersja>2012-09-26T22:12:12+02:00</sln:gmIIPWersja><sln:gmIdTeryt>1216112</sln:gmIdTeryt><sln:gmNazwa>Wierzchosławice</sln:gmNazwa><sln:miejscIIPId>6744b86e-b2e8-4623-9f05-5347274d529b</sln:miejscIIPId><sln:miejscIIPPn>PL.PZGIK.200</sln:miejscIIPPn><sln:miejscIIPWersja>2017-03-23T10:25:27+02:00</sln:miejscIIPWersja><sln:miejscIdTeryt>0835437</sln:miejscIdTeryt><sln:miejscNazwa>Gosławice</sln:miejscNazwa><sln:miejscRodzaj>Wieś</sln:miejscRodzaj><sln:powIIPId>17c3b30e-7279-4144-9a54-b54dcc50a95c</sln:powIIPId><sln:powIIPPn>PL.PZGIK.200</sln:powIIPPn><sln:powIIPWersja>2012-09-27T07:52:01+02:00</sln:powIIPWersja><sln:powIdTeryt>1216</sln:powIdTeryt><sln:powNazwa>tarnowski</sln:powNazwa><sln:waznyOd>2017-03-23T00:00:00+01:00</sln:waznyOd><sln:wojIIPId>dd2e3c64-f861-47cf-a3a3-e7751f272b2f</sln:wojIIPId><sln:wojIIPPn>PL.PZGIK.200</sln:wojIIPPn><sln:wojIIPWersja>2017-10-10T00:00:00+02:00</sln:wojIIPWersja><sln:wojIdTeryt>12</sln:wojIdTeryt><sln:wojNazwa>małopolskie</sln:wojNazwa></sln:miejscowosc><sln:miejscowosc><sln:cyklZyciaOd>2017-03-23T00:00:00+01:00</sln:cyklZyciaOd><sln:gmIIPId>6563302e-4453-4c6b-898c-c8aca111cb05</sln:gmIIPId><sln:gmIIPPn>PL.PZGIK.200</sln:gmIIPPn><sln:gmIIPWersja>2012-09-26T22:12:12+02:00</sln:gmIIPWersja><sln:gmIdTeryt>1216112</sln:gmIdTeryt><sln:gmNazwa>Wierzchosławice</sln:gmNazwa><sln:miejscIIPId>b0ea6731-cc84-49d1-ba85-5fd225d032bd</sln:miejscIIPId><sln:miejscIIPPn>PL.PZGIK.200</sln:miejscIIPPn><sln:miejscIIPWersja>2017-03-23T10:25:27+02:00</sln:miejscIIPWersja><sln:miejscIdTeryt>0835420</sln:miejscIdTeryt><sln:miejscNazwa>Bogumiłowice</sln:miejscNazwa><sln:miejscRodzaj>Wieś</sln:miejscRodzaj><sln:powIIPId>17c3b30e-7279-4144-9a54-b54dcc50a95c</sln:powIIPId><sln:powIIPPn>PL.PZGIK.200</sln:powIIPPn><sln:powIIPWersja>2012-09-27T07:52:01+02:00</sln:powIIPWersja><sln:powIdTeryt>1216</sln:powIdTeryt><sln:powNazwa>tarnowski</sln:powNazwa><sln:waznyOd>2017-03-23T00:00:00+01:00</sln:waznyOd><sln:wojIIPId>dd2e3c64-f861-47cf-a3a3-e7751f272b2f</sln:wojIIPId><sln:wojIIPPn>PL.PZGIK.200</sln:wojIIPPn><sln:wojIIPWersja>2017-10-10T00:00:00+02:00</sln:wojIIPWersja><sln:wojIdTeryt>12</sln:wojIdTeryt><sln:wojNazwa>małopolskie</sln:wojNazwa></sln:miejscowosc><sln:miejscowosc><sln:cyklZyciaOd>2017-03-23T00:00:00+01:00</sln:cyklZyciaOd><sln:gmIIPId>6563302e-4453-4c6b-898c-c8aca111cb05</sln:gmIIPId><sln:gmIIPPn>PL.PZGIK.200</sln:gmIIPPn><sln:gmIIPWersja>2012-09-26T22:12:12+02:00</sln:gmIIPWersja><sln:gmIdTeryt>1216112</sln:gmIdTeryt><sln:gmNazwa>Wierzchosławice</sln:gmNazwa><sln:miejscIIPId>31b2c3d6-12b9-4a60-8ff6-eb47414f90a3</sln:miejscIIPId><sln:miejscIIPPn>PL.PZGIK.200</sln:miejscIIPPn><sln:miejscIIPWersja>2017-03-23T10:25:27+02:00</sln:miejscIIPWersja><sln:miejscIdTeryt>0835561</sln:miejscIdTeryt><sln:miejscNazwa>Rudka</sln:miejscNazwa><sln:miejscRodzaj>Wieś</sln:miejscRodzaj><sln:powIIPId>17c3b30e-7279-4144-9a54-b54dcc50a95c</sln:powIIPId><sln:powIIPPn>PL.PZGIK.200</sln:powIIPPn><sln:powIIPWersja>2012-09-27T07:52:01+02:00</sln:powIIPWersja><sln:powIdTeryt>1216</sln:powIdTeryt><sln:powNazwa>tarnowski</sln:powNazwa><sln:waznyOd>2017-03-23T00:00:00+01:00</sln:waznyOd><sln:wojIIPId>dd2e3c64-f861-47cf-a3a3-e7751f272b2f</sln:wojIIPId><sln:wojIIPPn>PL.PZGIK.200</sln:wojIIPPn><sln:wojIIPWersja>2017-10-10T00:00:00+02:00</sln:wojIIPWersja><sln:wojIdTeryt>12</sln:wojIdTeryt><sln:wojNazwa>małopolskie</sln:wojNazwa></sln:miejscowosc><sln:miejscowosc><sln:cyklZyciaOd>2017-03-23T00:00:00+01:00</sln:cyklZyciaOd><sln:gmIIPId>6563302e-4453-4c6b-898c-c8aca111cb05</sln:gmIIPId><sln:gmIIPPn>PL.PZGIK.200</sln:gmIIPPn><sln:gmIIPWersja>2012-09-26T22:12:12+02:00</sln:gmIIPWersja><sln:gmIdTeryt>1216112</sln:gmIdTeryt><sln:gmNazwa>Wierzchosławice</sln:gmNazwa><sln:miejscIIPId>f2e9fdc8-cd20-4bf8-8c52-343dad1c7841</sln:miejscIIPId><sln:miejscIIPPn>PL.PZGIK.200</sln:miejscIIPPn><sln:miejscIIPWersja>2017-03-23T10:25:27+02:00</sln:miejscIIPWersja><sln:miejscIdTeryt>0835443</sln:miejscIdTeryt><sln:miejscNazwa>Kępa Bogumiłowicka</sln:miejscNazwa><sln:miejscRodzaj>Wieś</sln:miejscRodzaj><sln:powIIPId>17c3b30e-7279-4144-9a54-b54dcc50a95c</sln:powIIPId><sln:powIIPPn>PL.PZGIK.200</sln:powIIPPn><sln:powIIPWersja>2012-09-27T07:52:01+02:00</sln:powIIPWersja><sln:powIdTeryt>1216</sln:powIdTeryt><sln:powNazwa>tarnowski</sln:powNazwa><sln:waznyOd>2017-03-23T00:00:00+01:00</sln:waznyOd><sln:wojIIPId>dd2e3c64-f861-47cf-a3a3-e7751f272b2f</sln:wojIIPId><sln:wojIIPPn>PL.PZGIK.200</sln:wojIIPPn><sln:wojIIPWersja>2017-10-10T00:00:00+02:00</sln:wojIIPWersja><sln:wojIdTeryt>12</sln:wojIdTeryt><sln:wojNazwa>małopolskie</sln:wojNazwa></sln:miejscowosc><sln:miejscowosc><sln:cyklZyciaOd>2017-03-23T00:00:00+01:00</sln:cyklZyciaOd><sln:gmIIPId>6563302e-4453-4c6b-898c-c8aca111cb05</sln:gmIIPId><sln:gmIIPPn>PL.PZGIK.200</sln:gmIIPPn><sln:gmIIPWersja>2012-09-26T22:12:12+02:00</sln:gmIIPWersja><sln:gmIdTeryt>1216112</sln:gmIdTeryt><sln:gmNazwa>Wierzchosławice</sln:gmNazwa><sln:miejscIIPId>f0651fd4-03f4-4011-b36e-5b054c1f2e99</sln:miejscIIPId><sln:miejscIIPPn>PL.PZGIK.200</sln:miejscIIPPn><sln:miejscIIPWersja>2017-03-23T10:25:27+02:00</sln:miejscIIPWersja><sln:miejscIdTeryt>0835390</sln:miejscIdTeryt><sln:miejscNazwa>Bobrowniki Małe</sln:miejscNazwa><sln:miejscRodzaj>Wieś</sln:miejscRodzaj><sln:powIIPId>17c3b30e-7279-4144-9a54-b54dcc50a95c</sln:powIIPId><sln:powIIPPn>PL.PZGIK.200</sln:powIIPPn><sln:powIIPWersja>2012-09-27T07:52:01+02:00</sln:powIIPWersja><sln:powIdTeryt>1216</sln:powIdTeryt><sln:powNazwa>tarnowski</sln:powNazwa><sln:waznyOd>2017-03-23T00:00:00+01:00</sln:waznyOd><sln:wojIIPId>dd2e3c64-f861-47cf-a3a3-e7751f272b2f</sln:wojIIPId><sln:wojIIPPn>PL.PZGIK.200</sln:wojIIPPn><sln:wojIIPWersja>2017-10-10T00:00:00+02:00</sln:wojIIPWersja><sln:wojIdTeryt>12</sln:wojIdTeryt><sln:wojNazwa>małopolskie</sln:wojNazwa></sln:miejscowosc><sln:miejscowosc><sln:cyklZyciaOd>2017-03-23T00:00:00+01:00</sln:cyklZyciaOd><sln:gmIIPId>6563302e-4453-4c6b-898c-c8aca111cb05</sln:gmIIPId><sln:gmIIPPn>PL.PZGIK.200</sln:gmIIPPn><sln:gmIIPWersja>2012-09-26T22:12:12+02:00</sln:gmIIPWersja><sln:gmIdTeryt>1216112</sln:gmIdTeryt><sln:gmNazwa>Wierzchosławice</sln:gmNazwa><sln:miejscIIPId>b3f49973-fc55-46a7-ae7c-65b3663d0464</sln:miejscIIPId><sln:miejscIIPPn>PL.PZGIK.200</sln:miejscIIPPn><sln:miejscIIPWersja>2017-03-23T10:25:27+02:00</sln:miejscIIPWersja><sln:miejscIdTeryt>0835450</sln:miejscIdTeryt><sln:miejscNazwa>Komorów</sln:miejscNazwa><sln:miejscRodzaj>Wieś</sln:miejscRodzaj><sln:powIIPId>17c3b30e-7279-4144-9a54-b54dcc50a95c</sln:powIIPId><sln:powIIPPn>PL.PZGIK.200</sln:powIIPPn><sln:powIIPWersja>2012-09-27T07:52:01+02:00</sln:powIIPWersja><sln:powIdTeryt>1216</sln:powIdTeryt><sln:powNazwa>tarnowski</sln:powNazwa><sln:waznyOd>2017-03-23T00:00:00+01:00</sln:waznyOd><sln:wojIIPId>dd2e3c64-f861-47cf-a3a3-e7751f272b2f</sln:wojIIPId><sln:wojIIPPn>PL.PZGIK.200</sln:wojIIPPn><sln:wojIIPWersja>2017-10-10T00:00:00+02:00</sln:wojIIPWersja><sln:wojIdTeryt>12</sln:wojIdTeryt><sln:wojNazwa>małopolskie</sln:wojNazwa></sln:miejscowosc><sln:miejscowosc><sln:cyklZyciaOd>2017-03-23T00:00:00+01:00</sln:cyklZyciaOd><sln:gmIIPId>6563302e-4453-4c6b-898c-c8aca111cb05</sln:gmIIPId><sln:gmIIPPn>PL.PZGIK.200</sln:gmIIPPn><sln:gmIIPWersja>2012-09-26T22:12:12+02:00</sln:gmIIPWersja><sln:gmIdTeryt>1216112</sln:gmIdTeryt><sln:gmNazwa>Wierzchosławice</sln:gmNazwa><sln:miejscIIPId>923b4777-e406-4c25-a4aa-8a118cdf3119</sln:miejscIIPId><sln:miejscIIPPn>PL.PZGIK.200</sln:miejscIIPPn><sln:miejscIIPWersja>2017-03-23T10:25:28+02:00</sln:miejscIIPWersja><sln:miejscIdTeryt>0835510</sln:miejscIdTeryt><sln:miejscNazwa>Mikołajowice</sln:miejscNazwa><sln:miejscRodzaj>Wieś</sln:miejscRodzaj><sln:powIIPId>17c3b30e-7279-4144-9a54-b54dcc50a95c</sln:powIIPId><sln:powIIPPn>PL.PZGIK.200</sln:powIIPPn><sln:powIIPWersja>2012-09-27T07:52:01+02:00</sln:powIIPWersja><sln:powIdTeryt>1216</sln:powIdTeryt><sln:powNazwa>tarnowski</sln:powNazwa><sln:waznyOd>2017-03-23T00:00:00+01:00</sln:waznyOd><sln:wojIIPId>dd2e3c64-f861-47cf-a3a3-e7751f272b2f</sln:wojIIPId><sln:wojIIPPn>PL.PZGIK.200</sln:wojIIPPn><sln:wojIIPWersja>2017-10-10T00:00:00+02:00</sln:wojIIPWersja><sln:wojIdTeryt>12</sln:wojIdTeryt><sln:wojNazwa>małopolskie</sln:wojNazwa></sln:miejscowosc><sln:miejscowosc><sln:cyklZyciaOd>2017-03-23T00:00:00+01:00</sln:cyklZyciaOd><sln:gmIIPId>6563302e-4453-4c6b-898c-c8aca111cb05</sln:gmIIPId><sln:gmIIPPn>PL.PZGIK.200</sln:gmIIPPn><sln:gmIIPWersja>2012-09-26T22:12:12+02:00</sln:gmIIPWersja><sln:gmIdTeryt>1216112</sln:gmIdTeryt><sln:gmNazwa>Wierzchosławice</sln:gmNazwa><sln:miejscIIPId>555e97d9-83b2-48c9-a83d-7c5e9ca0eeb6</sln:miejscIIPId><sln:miejscIIPPn>PL.PZGIK.200</sln:miejscIIPPn><sln:miejscIIPWersja>2017-03-23T10:25:28+02:00</sln:miejscIIPWersja><sln:miejscIdTeryt>0835590</sln:miejscIdTeryt><sln:miejscNazwa>Wierzchosławice</sln:miejscNazwa><sln:miejscRodzaj>Wieś</sln:miejscRodzaj><sln:powIIPId>17c3b30e-7279-4144-9a54-b54dcc50a95c</sln:powIIPId><sln:powIIPPn>PL.PZGIK.200</sln:powIIPPn><sln:powIIPWersja>2012-09-27T07:52:01+02:00</sln:powIIPWersja><sln:powIdTeryt>1216</sln:powIdTeryt><sln:powNazwa>tarnowski</sln:powNazwa><sln:waznyOd>2017-03-23T00:00:00+01:00</sln:waznyOd><sln:wojIIPId>dd2e3c64-f861-47cf-a3a3-e7751f272b2f</sln:wojIIPId><sln:wojIIPPn>PL.PZGIK.200</sln:wojIIPPn><sln:wojIIPWersja>2017-10-10T00:00:00+02:00</sln:wojIIPWersja><sln:wojIdTeryt>12</sln:wojIdTeryt><sln:wojNazwa>małopolskie</sln:wojNazwa></sln:miejscowosc></sln:lista-miejscowosci>