<?xml version="1.0" encoding="UTF-8" standalone="yes"?><sln:lista-miejscowosci xmlns:srv="http://gugik.gov.pl/schemas/slowniki-service/1.0" xmlns:sln="http://gugik.gov.pl/schemas/slowniki-schema/1.0"><sln:miejscowosc><sln:cyklZyciaDo>2017-04-19T00:00:00+02:00</sln:cyklZyciaDo><sln:cyklZyciaOd>2015-12-21T00:00:00+01:00</sln:cyklZyciaOd><sln:gmIIPId>3a4b3cd4-8336-484a-bec9-8cb588a9c9bd</sln:gmIIPId><sln:gmIIPPn>PL.PZGIK.200</sln:gmIIPPn><sln:gmIIPWersja>2012-09-26T22:08:26+02:00</sln:gmIIPWersja><sln:gmIdTeryt>1202023</sln:gmIdTeryt><sln:gmNazwa>Brzesko</sln:gmNazwa><sln:miejscIIPId>dd14ecc1-9b4b-49f1-bc5a-8d898d90a185</sln:miejscIIPId><sln:miejscIIPPn>PL.PZGIK.200</sln:miejscIIPPn><sln:miejscIIPWersja>2016-11-24T13:19:00+02:00</sln:miejscIIPWersja><sln:miejscIdTeryt>0981966</sln:miejscIdTeryt><sln:miejscNazwa>Brzesko</sln:miejscNazwa><sln:miejscRodzaj>Miasto</sln:miejscRodzaj><sln:powIIPId>8d0b0a85-17f0-4358-98a4-d312d6212b93</sln:powIIPId><sln:powIIPPn>PL.PZGIK.200</sln:powIIPPn><sln:powIIPWersja>2012-09-27T07:52:00+02:00</sln:powIIPWersja><sln:powIdTeryt>1202</sln:powIdTeryt><sln:powNazwa>brzeski</sln:powNazwa><sln:waznyOd>2015-06-29T00:00:00+02:00</sln:waznyOd><sln:wojIIPId>dd2e3c64-f861-47cf-a3a3-e7751f272b2f</sln:wojIIPId><sln:wojIIPPn>PL.PZGIK.200</sln:wojIIPPn><sln:wojIIPWersja>2017-10-10T00:00:00+02:00</sln:wojIIPWersja><sln:wojIdTeryt>12</sln:wojIdTeryt><sln:wojNazwa>małopolskie</sln:wojNazwa></sln:miejscowosc><sln:miejscowosc><sln:cyklZyciaDo>2017-04-19T00:00:00+02:00</sln:cyklZyciaDo><sln:cyklZyciaOd>2015-12-21T00:00:00+01:00</sln:cyklZyciaOd><sln:gmIIPId>3a4b3cd4-8336-484a-bec9-8cb588a9c9bd</sln:gmIIPId><sln:gmIIPPn>PL.PZGIK.200</sln:gmIIPPn><sln:gmIIPWersja>2012-09-26T22:08:26+02:00</sln:gmIIPWersja><sln:gmIdTeryt>1202023</sln:gmIdTeryt><sln:gmNazwa>Brzesko</sln:gmNazwa><sln:miejscIIPId>e9ba4c3f-2340-4a22-b24f-698ff9afc4a4</sln:miejscIIPId><sln:miejscIIPPn>PL.PZGIK.200</sln:miejscIIPPn><sln:miejscIIPWersja>2016-11-24T12:52:11+02:00</sln:miejscIIPWersja><sln:miejscIdTeryt>0813832</sln:miejscIdTeryt><sln:miejscNazwa>Bucze</sln:miejscNazwa><sln:miejscRodzaj>Wieś</sln:miejscRodzaj><sln:powIIPId>8d0b0a85-17f0-4358-98a4-d312d6212b93</sln:powIIPId><sln:powIIPPn>PL.PZGIK.200</sln:powIIPPn><sln:powIIPWersja>2012-09-27T07:52:00+02:00</sln:powIIPWersja><sln:powIdTeryt>1202</sln:powIdTeryt><sln:powNazwa>brzeski</sln:powNazwa><sln:waznyOd>2015-06-29T00:00:00+02:00</sln:waznyOd><sln:wojIIPId>dd2e3c64-f861-47cf-a3a3-e7751f272b2f</sln:wojIIPId><sln:wojIIPPn>PL.PZGIK.200</sln:wojIIPPn><sln:wojIIPWersja>2017-10-10T00:00:00+02:00</sln:wojIIPWersja><sln:wojIdTeryt>12</sln:wojIdTeryt><sln:wojNazwa>małopolskie</sln:wojNazwa></sln:miejscowosc><sln:miejscowosc><sln:cyklZyciaDo>2017-04-19T00:00:00+02:00</sln:cyklZyciaDo><sln:cyklZyciaOd>2015-12-21T00:00:00+01:00</sln:cyklZyciaOd><sln:gmIIPId>3a4b3cd4-8336-484a-bec9-8cb588a9c9bd</sln:gmIIPId><sln:gmIIPPn>PL.PZGIK.200</sln:gmIIPPn><sln:gmIIPWersja>2012-09-26T22:08:26+02:00</sln:gmIIPWersja><sln:gmIdTeryt>1202023</sln:gmIdTeryt><sln:gmNazwa>Brzesko</sln:gmNazwa><sln:miejscIIPId>6e8c4d48-ac34-4779-ab87-1088f9c4ddbd</sln:miejscIIPId><sln:miejscIIPPn>PL.PZGIK.200</sln:miejscIIPPn><sln:miejscIIPWersja>2016-11-24T12:52:13+02:00</sln:miejscIIPWersja><sln:miejscIdTeryt>0813890</sln:miejscIdTeryt><sln:miejscNazwa>Jadowniki</sln:miejscNazwa><sln:miejscRodzaj>Wieś</sln:miejscRodzaj><sln:powIIPId>8d0b0a85-17f0-4358-98a4-d312d6212b93</sln:powIIPId><sln:powIIPPn>PL.PZGIK.200</sln:powIIPPn><sln:powIIPWersja>2012-09-27T07:52:00+02:00</sln:powIIPWersja><sln:powIdTeryt>1202</sln:powIdTeryt><sln:powNazwa>brzeski</sln:powNazwa><sln:waznyOd>2015-06-29T00:00:00+02:00</sln:waznyOd><sln:wojIIPId>dd2e3c64-f861-47cf-a3a3-e7751f272b2f</sln:wojIIPId><sln:wojIIPPn>PL.PZGIK.200</sln:wojIIPPn><sln:wojIIPWersja>2017-10-10T00:00:00+02:00</sln:wojIIPWersja><sln:wojIdTeryt>12</sln:wojIdTeryt><sln:wojNazwa>małopolskie</sln:wojNazwa></sln:miejscowosc><sln:miejscowosc><sln:cyklZyciaDo>2017-04-19T00:00:00+02:00</sln:cyklZyciaDo><sln:cyklZyciaOd>2015-12-21T00:00:00+01:00</sln:cyklZyciaOd><sln:gmIIPId>3a4b3cd4-8336-484a-bec9-8cb588a9c9bd</sln:gmIIPId><sln:gmIIPPn>PL.PZGIK.200</sln:gmIIPPn><sln:gmIIPWersja>2012-09-26T22:08:26+02:00</sln:gmIIPWersja><sln:gmIdTeryt>1202023</sln:gmIdTeryt><sln:gmNazwa>Brzesko</sln:gmNazwa><sln:miejscIIPId>c19e208c-00bb-421d-8f86-02702fca6320</sln:miejscIIPId><sln:miejscIIPPn>PL.PZGIK.200</sln:miejscIIPPn><sln:miejscIIPWersja>2016-11-24T12:52:15+02:00</sln:miejscIIPWersja><sln:miejscIdTeryt>0814062</sln:miejscIdTeryt><sln:miejscNazwa>Jasień</sln:miejscNazwa><sln:miejscRodzaj>Wieś</sln:miejscRodzaj><sln:powIIPId>8d0b0a85-17f0-4358-98a4-d312d6212b93</sln:powIIPId><sln:powIIPPn>PL.PZGIK.200</sln:powIIPPn><sln:powIIPWersja>2012-09-27T07:52:00+02:00</sln:powIIPWersja><sln:powIdTeryt>1202</sln:powIdTeryt><sln:powNazwa>brzeski</sln:powNazwa><sln:waznyOd>2015-06-29T00:00:00+02:00</sln:waznyOd><sln:wojIIPId>dd2e3c64-f861-47cf-a3a3-e7751f272b2f</sln:wojIIPId><sln:wojIIPPn>PL.PZGIK.200</sln:wojIIPPn><sln:wojIIPWersja>2017-10-10T00:00:00+02:00</sln:wojIIPWersja><sln:wojIdTeryt>12</sln:wojIdTeryt><sln:wojNazwa>małopolskie</sln:wojNazwa></sln:miejscowosc><sln:miejscowosc><sln:cyklZyciaDo>2017-04-19T00:00:00+02:00</sln:cyklZyciaDo><sln:cyklZyciaOd>2015-12-21T00:00:00+01:00</sln:cyklZyciaOd><sln:gmIIPId>3a4b3cd4-8336-484a-bec9-8cb588a9c9bd</sln:gmIIPId><sln:gmIIPPn>PL.PZGIK.200</sln:gmIIPPn><sln:gmIIPWersja>2012-09-26T22:08:26+02:00</sln:gmIIPWersja><sln:gmIdTeryt>1202023</sln:gmIdTeryt><sln:gmNazwa>Brzesko</sln:gmNazwa><sln:miejscIIPId>b181c823-0f9f-4cf3-802e-3a880378a9ae</sln:miejscIIPId><sln:miejscIIPPn>PL.PZGIK.200</sln:miejscIIPPn><sln:miejscIIPWersja>2016-11-24T12:52:17+02:00</sln:miejscIIPWersja><sln:miejscIdTeryt>0814151</sln:miejscIdTeryt><sln:miejscNazwa>Mokrzyska</sln:miejscNazwa><sln:miejscRodzaj>Wieś</sln:miejscRodzaj><sln:powIIPId>8d0b0a85-17f0-4358-98a4-d312d6212b93</sln:powIIPId><sln:powIIPPn>PL.PZGIK.200</sln:powIIPPn><sln:powIIPWersja>2012-09-27T07:52:00+02:00</sln:powIIPWersja><sln:powIdTeryt>1202</sln:powIdTeryt><sln:powNazwa>brzeski</sln:powNazwa><sln:waznyOd>2015-06-29T00:00:00+02:00</sln:waznyOd><sln:wojIIPId>dd2e3c64-f861-47cf-a3a3-e7751f272b2f</sln:wojIIPId><sln:wojIIPPn>PL.PZGIK.200</sln:wojIIPPn><sln:wojIIPWersja>2017-10-10T00:00:00+02:00</sln:wojIIPWersja><sln:wojIdTeryt>12</sln:wojIdTeryt><sln:wojNazwa>małopolskie</sln:wojNazwa></sln:miejscowosc><sln:miejscowosc><sln:cyklZyciaDo>2017-04-19T00:00:00+02:00</sln:cyklZyciaDo><sln:cyklZyciaOd>2015-12-21T00:00:00+01:00</sln:cyklZyciaOd><sln:gmIIPId>3a4b3cd4-8336-484a-bec9-8cb588a9c9bd</sln:gmIIPId><sln:gmIIPPn>PL.PZGIK.200</sln:gmIIPPn><sln:gmIIPWersja>2012-09-26T22:08:26+02:00</sln:gmIIPWersja><sln:gmIdTeryt>1202023</sln:gmIdTeryt><sln:gmNazwa>Brzesko</sln:gmNazwa><sln:miejscIIPId>d2d2ce27-1fa1-4eba-b6f8-0f16375244a1</sln:miejscIIPId><sln:miejscIIPPn>PL.PZGIK.200</sln:miejscIIPPn><sln:miejscIIPWersja>2016-11-24T12:52:19+02:00</sln:miejscIIPWersja><sln:miejscIdTeryt>0814205</sln:miejscIdTeryt><sln:miejscNazwa>Okocim</sln:miejscNazwa><sln:miejscRodzaj>Wieś</sln:miejscRodzaj><sln:powIIPId>8d0b0a85-17f0-4358-98a4-d312d6212b93</sln:powIIPId><sln:powIIPPn>PL.PZGIK.200</sln:powIIPPn><sln:powIIPWersja>2012-09-27T07:52:00+02:00</sln:powIIPWersja><sln:powIdTeryt>1202</sln:powIdTeryt><sln:powNazwa>brzeski</sln:powNazwa><sln:waznyOd>2015-06-29T00:00:00+02:00</sln:waznyOd><sln:wojIIPId>dd2e3c64-f861-47cf-a3a3-e7751f272b2f</sln:wojIIPId><sln:wojIIPPn>PL.PZGIK.200</sln:wojIIPPn><sln:wojIIPWersja>2017-10-10T00:00:00+02:00</sln:wojIIPWersja><sln:wojIdTeryt>12</sln:wojIdTeryt><sln:wojNazwa>małopolskie</sln:wojNazwa></sln:miejscowosc><sln:miejscowosc><sln:cyklZyciaDo>2017-04-19T00:00:00+02:00</sln:cyklZyciaDo><sln:cyklZyciaOd>2015-12-21T00:00:00+01:00</sln:cyklZyciaOd><sln:gmIIPId>3a4b3cd4-8336-484a-bec9-8cb588a9c9bd</sln:gmIIPId><sln:gmIIPPn>PL.PZGIK.200</sln:gmIIPPn><sln:gmIIPWersja>2012-09-26T22:08:26+02:00</sln:gmIIPWersja><sln:gmIdTeryt>1202023</sln:gmIdTeryt><sln:gmNazwa>Brzesko</sln:gmNazwa><sln:miejscIIPId>6d9b302e-3b76-4a2d-9a8b-76ddfa1b1945</sln:miejscIIPId><sln:miejscIIPPn>PL.PZGIK.200</sln:miejscIIPPn><sln:miejscIIPWersja>2016-11-24T12:52:21+02:00</sln:miejscIIPWersja><sln:miejscIdTeryt>0814317</sln:miejscIdTeryt><sln:miejscNazwa>Poręba Spytkowska</sln:miejscNazwa><sln:miejscRodzaj>Wieś</sln:miejscRodzaj><sln:powIIPId>8d0b0a85-17f0-4358-98a4-d312d6212b93</sln:powIIPId><sln:powIIPPn>PL.PZGIK.200</sln:powIIPPn><sln:powIIPWersja>2012-09-27T07:52:00+02:00</sln:powIIPWersja><sln:powIdTeryt>1202</sln:powIdTeryt><sln:powNazwa>brzeski</sln:powNazwa><sln:waznyOd>2015-06-29T00:00:00+02:00</sln:waznyOd><sln:wojIIPId>dd2e3c64-f861-47cf-a3a3-e7751f272b2f</sln:wojIIPId><sln:wojIIPPn>PL.PZGIK.200</sln:wojIIPPn><sln:wojIIPWersja>2017-10-10T00:00:00+02:00</sln:wojIIPWersja><sln:wojIdTeryt>12</sln:wojIdTeryt><sln:wojNazwa>małopolskie</sln:wojNazwa></sln:miejscowosc><sln:miejscowosc><sln:cyklZyciaDo>2017-04-19T00:00:00+02:00</sln:cyklZyciaDo><sln:cyklZyciaOd>2015-12-21T00:00:00+01:00</sln:cyklZyciaOd><sln:gmIIPId>3a4b3cd4-8336-484a-bec9-8cb588a9c9bd</sln:gmIIPId><sln:gmIIPPn>PL.PZGIK.200</sln:gmIIPPn><sln:gmIIPWersja>2012-09-26T22:08:26+02:00</sln:gmIIPWersja><sln:gmIdTeryt>1202023</sln:gmIdTeryt><sln:gmNazwa>Brzesko</sln:gmNazwa><sln:miejscIIPId>2cf83de5-fb96-4cfb-8244-a22901ff37b2</sln:miejscIIPId><sln:miejscIIPPn>PL.PZGIK.200</sln:miejscIIPPn><sln:miejscIIPWersja>2016-11-24T12:52:23+02:00</sln:miejscIIPWersja><sln:miejscIdTeryt>0814375</sln:miejscIdTeryt><sln:miejscNazwa>Sterkowiec</sln:miejscNazwa><sln:miejscRodzaj>Wieś</sln:miejscRodzaj><sln:powIIPId>8d0b0a85-17f0-4358-98a4-d312d6212b93</sln:powIIPId><sln:powIIPPn>PL.PZGIK.200</sln:powIIPPn><sln:powIIPWersja>2012-09-27T07:52:00+02:00</sln:powIIPWersja><sln:powIdTeryt>1202</sln:powIdTeryt><sln:powNazwa>brzeski</sln:powNazwa><sln:waznyOd>2015-06-29T00:00:00+02:00</sln:waznyOd><sln:wojIIPId>dd2e3c64-f861-47cf-a3a3-e7751f272b2f</sln:wojIIPId><sln:wojIIPPn>PL.PZGIK.200</sln:wojIIPPn><sln:wojIIPWersja>2017-10-10T00:00:00+02:00</sln:wojIIPWersja><sln:wojIdTeryt>12</sln:wojIdTeryt><sln:wojNazwa>małopolskie</sln:wojNazwa></sln:miejscowosc><sln:miejscowosc><sln:cyklZyciaDo>2017-04-19T00:00:00+02:00</sln:cyklZyciaDo><sln:cyklZyciaOd>2015-12-21T00:00:00+01:00</sln:cyklZyciaOd><sln:gmIIPId>3a4b3cd4-8336-484a-bec9-8cb588a9c9bd</sln:gmIIPId><sln:gmIIPPn>PL.PZGIK.200</sln:gmIIPPn><sln:gmIIPWersja>2012-09-26T22:08:26+02:00</sln:gmIIPWersja><sln:gmIdTeryt>1202023</sln:gmIdTeryt><sln:gmNazwa>Brzesko</sln:gmNazwa><sln:miejscIIPId>37566588-f93a-4d23-b089-9ee708463c79</sln:miejscIIPId><sln:miejscIIPPn>PL.PZGIK.200</sln:miejscIIPPn><sln:miejscIIPWersja>2016-11-24T12:52:25+02:00</sln:miejscIIPWersja><sln:miejscIdTeryt>0814412</sln:miejscIdTeryt><sln:miejscNazwa>Szczepanów</sln:miejscNazwa><sln:miejscRodzaj>Wieś</sln:miejscRodzaj><sln:powIIPId>8d0b0a85-17f0-4358-98a4-d312d6212b93</sln:powIIPId><sln:powIIPPn>PL.PZGIK.200</sln:powIIPPn><sln:powIIPWersja>2012-09-27T07:52:00+02:00</sln:powIIPWersja><sln:powIdTeryt>1202</sln:powIdTeryt><sln:powNazwa>brzeski</sln:powNazwa><sln:waznyOd>2015-06-29T00:00:00+02:00</sln:waznyOd><sln:wojIIPId>dd2e3c64-f861-47cf-a3a3-e7751f272b2f</sln:wojIIPId><sln:wojIIPPn>PL.PZGIK.200</sln:wojIIPPn><sln:wojIIPWersja>2017-10-10T00:00:00+02:00</sln:wojIIPWersja><sln:wojIdTeryt>12</sln:wojIdTeryt><sln:wojNazwa>małopolskie</sln:wojNazwa></sln:miejscowosc><sln:miejscowosc><sln:cyklZyciaDo>2017-04-19T00:00:00+02:00</sln:cyklZyciaDo><sln:cyklZyciaOd>2015-12-21T00:00:00+01:00</sln:cyklZyciaOd><sln:gmIIPId>3a4b3cd4-8336-484a-bec9-8cb588a9c9bd</sln:gmIIPId><sln:gmIIPPn>PL.PZGIK.200</sln:gmIIPPn><sln:gmIIPWersja>2012-09-26T22:08:26+02:00</sln:gmIIPWersja><sln:gmIdTeryt>1202023</sln:gmIdTeryt><sln:gmNazwa>Brzesko</sln:gmNazwa><sln:miejscIIPId>130fbe1e-987b-47d6-a502-93cd58ba06ee</sln:miejscIIPId><sln:miejscIIPPn>PL.PZGIK.200</sln:miejscIIPPn><sln:miejscIIPWersja>2016-11-24T12:52:27+02:00</sln:miejscIIPWersja><sln:miejscIdTeryt>0814470</sln:miejscIdTeryt><sln:miejscNazwa>Wokowice</sln:miejscNazwa><sln:miejscRodzaj>Wieś</sln:miejscRodzaj><sln:powIIPId>8d0b0a85-17f0-4358-98a4-d312d6212b93</sln:powIIPId><sln:powIIPPn>PL.PZGIK.200</sln:powIIPPn><sln:powIIPWersja>2012-09-27T07:52:00+02:00</sln:powIIPWersja><sln:powIdTeryt>1202</sln:powIdTeryt><sln:powNazwa>brzeski</sln:powNazwa><sln:waznyOd>2015-06-29T00:00:00+02:00</sln:waznyOd><sln:wojIIPId>dd2e3c64-f861-47cf-a3a3-e7751f272b2f</sln:wojIIPId><sln:wojIIPPn>PL.PZGIK.200</sln:wojIIPPn><sln:wojIIPWersja>2017-10-10T00:00:00+02:00</sln:wojIIPWersja><sln:wojIdTeryt>12</sln:wojIdTeryt><sln:wojNazwa>małopolskie</sln:wojNazwa></sln:miejscowosc><sln:miejscowosc><sln:cyklZyciaDo>2015-12-15T00:00:00+01:00</sln:cyklZyciaDo><sln:cyklZyciaOd>2015-10-13T00:00:00+02:00</sln:cyklZyciaOd><sln:gmIIPId>3a4b3cd4-8336-484a-bec9-8cb588a9c9bd</sln:gmIIPId><sln:gmIIPPn>PL.PZGIK.200</sln:gmIIPPn><sln:gmIIPWersja>2012-09-26T22:08:26+02:00</sln:gmIIPWersja><sln:gmIdTeryt>1202023</sln:gmIdTeryt><sln:gmNazwa>Brzesko</sln:gmNazwa><sln:miejscIIPId>dd14ecc1-9b4b-49f1-bc5a-8d898d90a185</sln:miejscIIPId><sln:miejscIIPPn>PL.PZGIK.200</sln:miejscIIPPn><sln:miejscIIPWersja>2016-11-24T13:19:01+02:00</sln:miejscIIPWersja><sln:miejscIdTeryt>0981966</sln:miejscIdTeryt><sln:miejscNazwa>Brzesko</sln:miejscNazwa><sln:miejscRodzaj>Miasto</sln:miejscRodzaj><sln:powIIPId>8d0b0a85-17f0-4358-98a4-d312d6212b93</sln:powIIPId><sln:powIIPPn>PL.PZGIK.200</sln:powIIPPn><sln:powIIPWersja>2012-09-27T07:52:00+02:00</sln:powIIPWersja><sln:powIdTeryt>1202</sln:powIdTeryt><sln:powNazwa>brzeski</sln:powNazwa><sln:waznyOd>2015-06-29T00:00:00+02:00</sln:waznyOd><sln:wojIIPId>dd2e3c64-f861-47cf-a3a3-e7751f272b2f</sln:wojIIPId><sln:wojIIPPn>PL.PZGIK.200</sln:wojIIPPn><sln:wojIIPWersja>2017-10-10T00:00:00+02:00</sln:wojIIPWersja><sln:wojIdTeryt>12</sln:wojIdTeryt><sln:wojNazwa>małopolskie</sln:wojNazwa></sln:miejscowosc><sln:miejscowosc><sln:cyklZyciaDo>2015-12-15T00:00:00+01:00</sln:cyklZyciaDo><sln:cyklZyciaOd>2015-10-13T00:00:00+02:00</sln:cyklZyciaOd><sln:gmIIPId>3a4b3cd4-8336-484a-bec9-8cb588a9c9bd</sln:gmIIPId><sln:gmIIPPn>PL.PZGIK.200</sln:gmIIPPn><sln:gmIIPWersja>2012-09-26T22:08:26+02:00</sln:gmIIPWersja><sln:gmIdTeryt>1202023</sln:gmIdTeryt><sln:gmNazwa>Brzesko</sln:gmNazwa><sln:miejscIIPId>e9ba4c3f-2340-4a22-b24f-698ff9afc4a4</sln:miejscIIPId><sln:miejscIIPPn>PL.PZGIK.200</sln:miejscIIPPn><sln:miejscIIPWersja>2016-11-24T12:52:12+02:00</sln:miejscIIPWersja><sln:miejscIdTeryt>0813832</sln:miejscIdTeryt><sln:miejscNazwa>Bucze</sln:miejscNazwa><sln:miejscRodzaj>Wieś</sln:miejscRodzaj><sln:powIIPId>8d0b0a85-17f0-4358-98a4-d312d6212b93</sln:powIIPId><sln:powIIPPn>PL.PZGIK.200</sln:powIIPPn><sln:powIIPWersja>2012-09-27T07:52:00+02:00</sln:powIIPWersja><sln:powIdTeryt>1202</sln:powIdTeryt><sln:powNazwa>brzeski</sln:powNazwa><sln:waznyOd>2015-06-29T00:00:00+02:00</sln:waznyOd><sln:wojIIPId>dd2e3c64-f861-47cf-a3a3-e7751f272b2f</sln:wojIIPId><sln:wojIIPPn>PL.PZGIK.200</sln:wojIIPPn><sln:wojIIPWersja>2017-10-10T00:00:00+02:00</sln:wojIIPWersja><sln:wojIdTeryt>12</sln:wojIdTeryt><sln:wojNazwa>małopolskie</sln:wojNazwa></sln:miejscowosc><sln:miejscowosc><sln:cyklZyciaDo>2015-12-15T00:00:00+01:00</sln:cyklZyciaDo><sln:cyklZyciaOd>2015-10-13T00:00:00+02:00</sln:cyklZyciaOd><sln:gmIIPId>3a4b3cd4-8336-484a-bec9-8cb588a9c9bd</sln:gmIIPId><sln:gmIIPPn>PL.PZGIK.200</sln:gmIIPPn><sln:gmIIPWersja>2012-09-26T22:08:26+02:00</sln:gmIIPWersja><sln:gmIdTeryt>1202023</sln:gmIdTeryt><sln:gmNazwa>Brzesko</sln:gmNazwa><sln:miejscIIPId>6e8c4d48-ac34-4779-ab87-1088f9c4ddbd</sln:miejscIIPId><sln:miejscIIPPn>PL.PZGIK.200</sln:miejscIIPPn><sln:miejscIIPWersja>2016-11-24T12:52:14+02:00</sln:miejscIIPWersja><sln:miejscIdTeryt>0813890</sln:miejscIdTeryt><sln:miejscNazwa>Jadowniki</sln:miejscNazwa><sln:miejscRodzaj>Wieś</sln:miejscRodzaj><sln:powIIPId>8d0b0a85-17f0-4358-98a4-d312d6212b93</sln:powIIPId><sln:powIIPPn>PL.PZGIK.200</sln:powIIPPn><sln:powIIPWersja>2012-09-27T07:52:00+02:00</sln:powIIPWersja><sln:powIdTeryt>1202</sln:powIdTeryt><sln:powNazwa>brzeski</sln:powNazwa><sln:waznyOd>2015-06-29T00:00:00+02:00</sln:waznyOd><sln:wojIIPId>dd2e3c64-f861-47cf-a3a3-e7751f272b2f</sln:wojIIPId><sln:wojIIPPn>PL.PZGIK.200</sln:wojIIPPn><sln:wojIIPWersja>2017-10-10T00:00:00+02:00</sln:wojIIPWersja><sln:wojIdTeryt>12</sln:wojIdTeryt><sln:wojNazwa>małopolskie</sln:wojNazwa></sln:miejscowosc><sln:miejscowosc><sln:cyklZyciaDo>2015-12-15T00:00:00+01:00</sln:cyklZyciaDo><sln:cyklZyciaOd>2015-10-13T00:00:00+02:00</sln:cyklZyciaOd><sln:gmIIPId>3a4b3cd4-8336-484a-bec9-8cb588a9c9bd</sln:gmIIPId><sln:gmIIPPn>PL.PZGIK.200</sln:gmIIPPn><sln:gmIIPWersja>2012-09-26T22:08:26+02:00</sln:gmIIPWersja><sln:gmIdTeryt>1202023</sln:gmIdTeryt><sln:gmNazwa>Brzesko</sln:gmNazwa><sln:miejscIIPId>c19e208c-00bb-421d-8f86-02702fca6320</sln:miejscIIPId><sln:miejscIIPPn>PL.PZGIK.200</sln:miejscIIPPn><sln:miejscIIPWersja>2016-11-24T12:52:16+02:00</sln:miejscIIPWersja><sln:miejscIdTeryt>0814062</sln:miejscIdTeryt><sln:miejscNazwa>Jasień</sln:miejscNazwa><sln:miejscRodzaj>Wieś</sln:miejscRodzaj><sln:powIIPId>8d0b0a85-17f0-4358-98a4-d312d6212b93</sln:powIIPId><sln:powIIPPn>PL.PZGIK.200</sln:powIIPPn><sln:powIIPWersja>2012-09-27T07:52:00+02:00</sln:powIIPWersja><sln:powIdTeryt>1202</sln:powIdTeryt><sln:powNazwa>brzeski</sln:powNazwa><sln:waznyOd>2015-06-29T00:00:00+02:00</sln:waznyOd><sln:wojIIPId>dd2e3c64-f861-47cf-a3a3-e7751f272b2f</sln:wojIIPId><sln:wojIIPPn>PL.PZGIK.200</sln:wojIIPPn><sln:wojIIPWersja>2017-10-10T00:00:00+02:00</sln:wojIIPWersja><sln:wojIdTeryt>12</sln:wojIdTeryt><sln:wojNazwa>małopolskie</sln:wojNazwa></sln:miejscowosc><sln:miejscowosc><sln:cyklZyciaDo>2015-12-15T00:00:00+01:00</sln:cyklZyciaDo><sln:cyklZyciaOd>2015-10-13T00:00:00+02:00</sln:cyklZyciaOd><sln:gmIIPId>3a4b3cd4-8336-484a-bec9-8cb588a9c9bd</sln:gmIIPId><sln:gmIIPPn>PL.PZGIK.200</sln:gmIIPPn><sln:gmIIPWersja>2012-09-26T22:08:26+02:00</sln:gmIIPWersja><sln:gmIdTeryt>1202023</sln:gmIdTeryt><sln:gmNazwa>Brzesko</sln:gmNazwa><sln:miejscIIPId>b181c823-0f9f-4cf3-802e-3a880378a9ae</sln:miejscIIPId><sln:miejscIIPPn>PL.PZGIK.200</sln:miejscIIPPn><sln:miejscIIPWersja>2016-11-24T12:52:18+02:00</sln:miejscIIPWersja><sln:miejscIdTeryt>0814151</sln:miejscIdTeryt><sln:miejscNazwa>Mokrzyska</sln:miejscNazwa><sln:miejscRodzaj>Wieś</sln:miejscRodzaj><sln:powIIPId>8d0b0a85-17f0-4358-98a4-d312d6212b93</sln:powIIPId><sln:powIIPPn>PL.PZGIK.200</sln:powIIPPn><sln:powIIPWersja>2012-09-27T07:52:00+02:00</sln:powIIPWersja><sln:powIdTeryt>1202</sln:powIdTeryt><sln:powNazwa>brzeski</sln:powNazwa><sln:waznyOd>2015-06-29T00:00:00+02:00</sln:waznyOd><sln:wojIIPId>dd2e3c64-f861-47cf-a3a3-e7751f272b2f</sln:wojIIPId><sln:wojIIPPn>PL.PZGIK.200</sln:wojIIPPn><sln:wojIIPWersja>2017-10-10T00:00:00+02:00</sln:wojIIPWersja><sln:wojIdTeryt>12</sln:wojIdTeryt><sln:wojNazwa>małopolskie</sln:wojNazwa></sln:miejscowosc><sln:miejscowosc><sln:cyklZyciaDo>2015-12-15T00:00:00+01:00</sln:cyklZyciaDo><sln:cyklZyciaOd>2015-10-13T00:00:00+02:00</sln:cyklZyciaOd><sln:gmIIPId>3a4b3cd4-8336-484a-bec9-8cb588a9c9bd</sln:gmIIPId><sln:gmIIPPn>PL.PZGIK.200</sln:gmIIPPn><sln:gmIIPWersja>2012-09-26T22:08:26+02:00</sln:gmIIPWersja><sln:gmIdTeryt>1202023</sln:gmIdTeryt><sln:gmNazwa>Brzesko</sln:gmNazwa><sln:miejscIIPId>d2d2ce27-1fa1-4eba-b6f8-0f16375244a1</sln:miejscIIPId><sln:miejscIIPPn>PL.PZGIK.200</sln:miejscIIPPn><sln:miejscIIPWersja>2016-11-24T12:52:20+02:00</sln:miejscIIPWersja><sln:miejscIdTeryt>0814205</sln:miejscIdTeryt><sln:miejscNazwa>Okocim</sln:miejscNazwa><sln:miejscRodzaj>Wieś</sln:miejscRodzaj><sln:powIIPId>8d0b0a85-17f0-4358-98a4-d312d6212b93</sln:powIIPId><sln:powIIPPn>PL.PZGIK.200</sln:powIIPPn><sln:powIIPWersja>2012-09-27T07:52:00+02:00</sln:powIIPWersja><sln:powIdTeryt>1202</sln:powIdTeryt><sln:powNazwa>brzeski</sln:powNazwa><sln:waznyOd>2015-06-29T00:00:00+02:00</sln:waznyOd><sln:wojIIPId>dd2e3c64-f861-47cf-a3a3-e7751f272b2f</sln:wojIIPId><sln:wojIIPPn>PL.PZGIK.200</sln:wojIIPPn><sln:wojIIPWersja>2017-10-10T00:00:00+02:00</sln:wojIIPWersja><sln:wojIdTeryt>12</sln:wojIdTeryt><sln:wojNazwa>małopolskie</sln:wojNazwa></sln:miejscowosc><sln:miejscowosc><sln:cyklZyciaDo>2015-12-15T00:00:00+01:00</sln:cyklZyciaDo><sln:cyklZyciaOd>2015-10-13T00:00:00+02:00</sln:cyklZyciaOd><sln:gmIIPId>3a4b3cd4-8336-484a-bec9-8cb588a9c9bd</sln:gmIIPId><sln:gmIIPPn>PL.PZGIK.200</sln:gmIIPPn><sln:gmIIPWersja>2012-09-26T22:08:26+02:00</sln:gmIIPWersja><sln:gmIdTeryt>1202023</sln:gmIdTeryt><sln:gmNazwa>Brzesko</sln:gmNazwa><sln:miejscIIPId>6d9b302e-3b76-4a2d-9a8b-76ddfa1b1945</sln:miejscIIPId><sln:miejscIIPPn>PL.PZGIK.200</sln:miejscIIPPn><sln:miejscIIPWersja>2016-11-24T12:52:22+02:00</sln:miejscIIPWersja><sln:miejscIdTeryt>0814317</sln:miejscIdTeryt><sln:miejscNazwa>Poręba Spytkowska</sln:miejscNazwa><sln:miejscRodzaj>Wieś</sln:miejscRodzaj><sln:powIIPId>8d0b0a85-17f0-4358-98a4-d312d6212b93</sln:powIIPId><sln:powIIPPn>PL.PZGIK.200</sln:powIIPPn><sln:powIIPWersja>2012-09-27T07:52:00+02:00</sln:powIIPWersja><sln:powIdTeryt>1202</sln:powIdTeryt><sln:powNazwa>brzeski</sln:powNazwa><sln:waznyOd>2015-06-29T00:00:00+02:00</sln:waznyOd><sln:wojIIPId>dd2e3c64-f861-47cf-a3a3-e7751f272b2f</sln:wojIIPId><sln:wojIIPPn>PL.PZGIK.200</sln:wojIIPPn><sln:wojIIPWersja>2017-10-10T00:00:00+02:00</sln:wojIIPWersja><sln:wojIdTeryt>12</sln:wojIdTeryt><sln:wojNazwa>małopolskie</sln:wojNazwa></sln:miejscowosc><sln:miejscowosc><sln:cyklZyciaDo>2015-12-15T00:00:00+01:00</sln:cyklZyciaDo><sln:cyklZyciaOd>2015-10-13T00:00:00+02:00</sln:cyklZyciaOd><sln:gmIIPId>3a4b3cd4-8336-484a-bec9-8cb588a9c9bd</sln:gmIIPId><sln:gmIIPPn>PL.PZGIK.200</sln:gmIIPPn><sln:gmIIPWersja>2012-09-26T22:08:26+02:00</sln:gmIIPWersja><sln:gmIdTeryt>1202023</sln:gmIdTeryt><sln:gmNazwa>Brzesko</sln:gmNazwa><sln:miejscIIPId>2cf83de5-fb96-4cfb-8244-a22901ff37b2</sln:miejscIIPId><sln:miejscIIPPn>PL.PZGIK.200</sln:miejscIIPPn><sln:miejscIIPWersja>2016-11-24T12:52:24+02:00</sln:miejscIIPWersja><sln:miejscIdTeryt>0814375</sln:miejscIdTeryt><sln:miejscNazwa>Sterkowiec</sln:miejscNazwa><sln:miejscRodzaj>Wieś</sln:miejscRodzaj><sln:powIIPId>8d0b0a85-17f0-4358-98a4-d312d6212b93</sln:powIIPId><sln:powIIPPn>PL.PZGIK.200</sln:powIIPPn><sln:powIIPWersja>2012-09-27T07:52:00+02:00</sln:powIIPWersja><sln:powIdTeryt>1202</sln:powIdTeryt><sln:powNazwa>brzeski</sln:powNazwa><sln:waznyOd>2015-06-29T00:00:00+02:00</sln:waznyOd><sln:wojIIPId>dd2e3c64-f861-47cf-a3a3-e7751f272b2f</sln:wojIIPId><sln:wojIIPPn>PL.PZGIK.200</sln:wojIIPPn><sln:wojIIPWersja>2017-10-10T00:00:00+02:00</sln:wojIIPWersja><sln:wojIdTeryt>12</sln:wojIdTeryt><sln:wojNazwa>małopolskie</sln:wojNazwa></sln:miejscowosc><sln:miejscowosc><sln:cyklZyciaDo>2015-12-15T00:00:00+01:00</sln:cyklZyciaDo><sln:cyklZyciaOd>2015-10-13T00:00:00+02:00</sln:cyklZyciaOd><sln:gmIIPId>3a4b3cd4-8336-484a-bec9-8cb588a9c9bd</sln:gmIIPId><sln:gmIIPPn>PL.PZGIK.200</sln:gmIIPPn><sln:gmIIPWersja>2012-09-26T22:08:26+02:00</sln:gmIIPWersja><sln:gmIdTeryt>1202023</sln:gmIdTeryt><sln:gmNazwa>Brzesko</sln:gmNazwa><sln:miejscIIPId>37566588-f93a-4d23-b089-9ee708463c79</sln:miejscIIPId><sln:miejscIIPPn>PL.PZGIK.200</sln:miejscIIPPn><sln:miejscIIPWersja>2016-11-24T12:52:26+02:00</sln:miejscIIPWersja><sln:miejscIdTeryt>0814412</sln:miejscIdTeryt><sln:miejscNazwa>Szczepanów</sln:miejscNazwa><sln:miejscRodzaj>Wieś</sln:miejscRodzaj><sln:powIIPId>8d0b0a85-17f0-4358-98a4-d312d6212b93</sln:powIIPId><sln:powIIPPn>PL.PZGIK.200</sln:powIIPPn><sln:powIIPWersja>2012-09-27T07:52:00+02:00</sln:powIIPWersja><sln:powIdTeryt>1202</sln:powIdTeryt><sln:powNazwa>brzeski</sln:powNazwa><sln:waznyOd>2015-06-29T00:00:00+02:00</sln:waznyOd><sln:wojIIPId>dd2e3c64-f861-47cf-a3a3-e7751f272b2f</sln:wojIIPId><sln:wojIIPPn>PL.PZGIK.200</sln:wojIIPPn><sln:wojIIPWersja>2017-10-10T00:00:00+02:00</sln:wojIIPWersja><sln:wojIdTeryt>12</sln:wojIdTeryt><sln:wojNazwa>małopolskie</sln:wojNazwa></sln:miejscowosc><sln:miejscowosc><sln:cyklZyciaDo>2015-12-15T00:00:00+01:00</sln:cyklZyciaDo><sln:cyklZyciaOd>2015-10-13T00:00:00+02:00</sln:cyklZyciaOd><sln:gmIIPId>3a4b3cd4-8336-484a-bec9-8cb588a9c9bd</sln:gmIIPId><sln:gmIIPPn>PL.PZGIK.200</sln:gmIIPPn><sln:gmIIPWersja>2012-09-26T22:08:26+02:00</sln:gmIIPWersja><sln:gmIdTeryt>1202023</sln:gmIdTeryt><sln:gmNazwa>Brzesko</sln:gmNazwa><sln:miejscIIPId>130fbe1e-987b-47d6-a502-93cd58ba06ee</sln:miejscIIPId><sln:miejscIIPPn>PL.PZGIK.200</sln:miejscIIPPn><sln:miejscIIPWersja>2016-11-24T12:52:28+02:00</sln:miejscIIPWersja><sln:miejscIdTeryt>0814470</sln:miejscIdTeryt><sln:miejscNazwa>Wokowice</sln:miejscNazwa><sln:miejscRodzaj>Wieś</sln:miejscRodzaj><sln:powIIPId>8d0b0a85-17f0-4358-98a4-d312d6212b93</sln:powIIPId><sln:powIIPPn>PL.PZGIK.200</sln:powIIPPn><sln:powIIPWersja>2012-09-27T07:52:00+02:00</sln:powIIPWersja><sln:powIdTeryt>1202</sln:powIdTeryt><sln:powNazwa>brzeski</sln:powNazwa><sln:waznyOd>2015-06-29T00:00:00+02:00</sln:waznyOd><sln:wojIIPId>dd2e3c64-f861-47cf-a3a3-e7751f272b2f</sln:wojIIPId><sln:wojIIPPn>PL.PZGIK.200</sln:wojIIPPn><sln:wojIIPWersja>2017-10-10T00:00:00+02:00</sln:wojIIPWersja><sln:wojIdTeryt>12</sln:wojIdTeryt><sln:wojNazwa>małopolskie</sln:wojNazwa></sln:miejscowosc><sln:miejscowosc><sln:cyklZyciaDo>2015-12-21T00:00:00+01:00</sln:cyklZyciaDo><sln:cyklZyciaOd>2015-12-15T00:00:00+01:00</sln:cyklZyciaOd><sln:gmIIPId>3a4b3cd4-8336-484a-bec9-8cb588a9c9bd</sln:gmIIPId><sln:gmIIPPn>PL.PZGIK.200</sln:gmIIPPn><sln:gmIIPWersja>2012-09-26T22:08:26+02:00</sln:gmIIPWersja><sln:gmIdTeryt>1202023</sln:gmIdTeryt><sln:gmNazwa>Brzesko</sln:gmNazwa><sln:miejscIIPId>dd14ecc1-9b4b-49f1-bc5a-8d898d90a185</sln:miejscIIPId><sln:miejscIIPPn>PL.PZGIK.200</sln:miejscIIPPn><sln:miejscIIPWersja>2016-11-24T13:19:02+02:00</sln:miejscIIPWersja><sln:miejscIdTeryt>0981966</sln:miejscIdTeryt><sln:miejscNazwa>Brzesko</sln:miejscNazwa><sln:miejscRodzaj>Miasto</sln:miejscRodzaj><sln:powIIPId>8d0b0a85-17f0-4358-98a4-d312d6212b93</sln:powIIPId><sln:powIIPPn>PL.PZGIK.200</sln:powIIPPn><sln:powIIPWersja>2012-09-27T07:52:00+02:00</sln:powIIPWersja><sln:powIdTeryt>1202</sln:powIdTeryt><sln:powNazwa>brzeski</sln:powNazwa><sln:waznyOd>2015-06-29T00:00:00+02:00</sln:waznyOd><sln:wojIIPId>dd2e3c64-f861-47cf-a3a3-e7751f272b2f</sln:wojIIPId><sln:wojIIPPn>PL.PZGIK.200</sln:wojIIPPn><sln:wojIIPWersja>2017-10-10T00:00:00+02:00</sln:wojIIPWersja><sln:wojIdTeryt>12</sln:wojIdTeryt><sln:wojNazwa>małopolskie</sln:wojNazwa></sln:miejscowosc><sln:miejscowosc><sln:cyklZyciaDo>2015-12-21T00:00:00+01:00</sln:cyklZyciaDo><sln:cyklZyciaOd>2015-12-15T00:00:00+01:00</sln:cyklZyciaOd><sln:gmIIPId>3a4b3cd4-8336-484a-bec9-8cb588a9c9bd</sln:gmIIPId><sln:gmIIPPn>PL.PZGIK.200</sln:gmIIPPn><sln:gmIIPWersja>2012-09-26T22:08:26+02:00</sln:gmIIPWersja><sln:gmIdTeryt>1202023</sln:gmIdTeryt><sln:gmNazwa>Brzesko</sln:gmNazwa><sln:miejscIIPId>e9ba4c3f-2340-4a22-b24f-698ff9afc4a4</sln:miejscIIPId><sln:miejscIIPPn>PL.PZGIK.200</sln:miejscIIPPn><sln:miejscIIPWersja>2016-11-24T12:52:13+02:00</sln:miejscIIPWersja><sln:miejscIdTeryt>0813832</sln:miejscIdTeryt><sln:miejscNazwa>Bucze</sln:miejscNazwa><sln:miejscRodzaj>Wieś</sln:miejscRodzaj><sln:powIIPId>8d0b0a85-17f0-4358-98a4-d312d6212b93</sln:powIIPId><sln:powIIPPn>PL.PZGIK.200</sln:powIIPPn><sln:powIIPWersja>2012-09-27T07:52:00+02:00</sln:powIIPWersja><sln:powIdTeryt>1202</sln:powIdTeryt><sln:powNazwa>brzeski</sln:powNazwa><sln:waznyOd>2015-06-29T00:00:00+02:00</sln:waznyOd><sln:wojIIPId>dd2e3c64-f861-47cf-a3a3-e7751f272b2f</sln:wojIIPId><sln:wojIIPPn>PL.PZGIK.200</sln:wojIIPPn><sln:wojIIPWersja>2017-10-10T00:00:00+02:00</sln:wojIIPWersja><sln:wojIdTeryt>12</sln:wojIdTeryt><sln:wojNazwa>małopolskie</sln:wojNazwa></sln:miejscowosc><sln:miejscowosc><sln:cyklZyciaDo>2015-12-21T00:00:00+01:00</sln:cyklZyciaDo><sln:cyklZyciaOd>2015-12-15T00:00:00+01:00</sln:cyklZyciaOd><sln:gmIIPId>3a4b3cd4-8336-484a-bec9-8cb588a9c9bd</sln:gmIIPId><sln:gmIIPPn>PL.PZGIK.200</sln:gmIIPPn><sln:gmIIPWersja>2012-09-26T22:08:26+02:00</sln:gmIIPWersja><sln:gmIdTeryt>1202023</sln:gmIdTeryt><sln:gmNazwa>Brzesko</sln:gmNazwa><sln:miejscIIPId>6e8c4d48-ac34-4779-ab87-1088f9c4ddbd</sln:miejscIIPId><sln:miejscIIPPn>PL.PZGIK.200</sln:miejscIIPPn><sln:miejscIIPWersja>2016-11-24T12:52:15+02:00</sln:miejscIIPWersja><sln:miejscIdTeryt>0813890</sln:miejscIdTeryt><sln:miejscNazwa>Jadowniki</sln:miejscNazwa><sln:miejscRodzaj>Wieś</sln:miejscRodzaj><sln:powIIPId>8d0b0a85-17f0-4358-98a4-d312d6212b93</sln:powIIPId><sln:powIIPPn>PL.PZGIK.200</sln:powIIPPn><sln:powIIPWersja>2012-09-27T07:52:00+02:00</sln:powIIPWersja><sln:powIdTeryt>1202</sln:powIdTeryt><sln:powNazwa>brzeski</sln:powNazwa><sln:waznyOd>2015-06-29T00:00:00+02:00</sln:waznyOd><sln:wojIIPId>dd2e3c64-f861-47cf-a3a3-e7751f272b2f</sln:wojIIPId><sln:wojIIPPn>PL.PZGIK.200</sln:wojIIPPn><sln:wojIIPWersja>2017-10-10T00:00:00+02:00</sln:wojIIPWersja><sln:wojIdTeryt>12</sln:wojIdTeryt><sln:wojNazwa>małopolskie</sln:wojNazwa></sln:miejscowosc><sln:miejscowosc><sln:cyklZyciaDo>2015-12-21T00:00:00+01:00</sln:cyklZyciaDo><sln:cyklZyciaOd>2015-12-15T00:00:00+01:00</sln:cyklZyciaOd><sln:gmIIPId>3a4b3cd4-8336-484a-bec9-8cb588a9c9bd</sln:gmIIPId><sln:gmIIPPn>PL.PZGIK.200</sln:gmIIPPn><sln:gmIIPWersja>2012-09-26T22:08:26+02:00</sln:gmIIPWersja><sln:gmIdTeryt>1202023</sln:gmIdTeryt><sln:gmNazwa>Brzesko</sln:gmNazwa><sln:miejscIIPId>c19e208c-00bb-421d-8f86-02702fca6320</sln:miejscIIPId><sln:miejscIIPPn>PL.PZGIK.200</sln:miejscIIPPn><sln:miejscIIPWersja>2016-11-24T12:52:17+02:00</sln:miejscIIPWersja><sln:miejscIdTeryt>0814062</sln:miejscIdTeryt><sln:miejscNazwa>Jasień</sln:miejscNazwa><sln:miejscRodzaj>Wieś</sln:miejscRodzaj><sln:powIIPId>8d0b0a85-17f0-4358-98a4-d312d6212b93</sln:powIIPId><sln:powIIPPn>PL.PZGIK.200</sln:powIIPPn><sln:powIIPWersja>2012-09-27T07:52:00+02:00</sln:powIIPWersja><sln:powIdTeryt>1202</sln:powIdTeryt><sln:powNazwa>brzeski</sln:powNazwa><sln:waznyOd>2015-06-29T00:00:00+02:00</sln:waznyOd><sln:wojIIPId>dd2e3c64-f861-47cf-a3a3-e7751f272b2f</sln:wojIIPId><sln:wojIIPPn>PL.PZGIK.200</sln:wojIIPPn><sln:wojIIPWersja>2017-10-10T00:00:00+02:00</sln:wojIIPWersja><sln:wojIdTeryt>12</sln:wojIdTeryt><sln:wojNazwa>małopolskie</sln:wojNazwa></sln:miejscowosc><sln:miejscowosc><sln:cyklZyciaDo>2015-12-21T00:00:00+01:00</sln:cyklZyciaDo><sln:cyklZyciaOd>2015-12-15T00:00:00+01:00</sln:cyklZyciaOd><sln:gmIIPId>3a4b3cd4-8336-484a-bec9-8cb588a9c9bd</sln:gmIIPId><sln:gmIIPPn>PL.PZGIK.200</sln:gmIIPPn><sln:gmIIPWersja>2012-09-26T22:08:26+02:00</sln:gmIIPWersja><sln:gmIdTeryt>1202023</sln:gmIdTeryt><sln:gmNazwa>Brzesko</sln:gmNazwa><sln:miejscIIPId>b181c823-0f9f-4cf3-802e-3a880378a9ae</sln:miejscIIPId><sln:miejscIIPPn>PL.PZGIK.200</sln:miejscIIPPn><sln:miejscIIPWersja>2016-11-24T12:52:19+02:00</sln:miejscIIPWersja><sln:miejscIdTeryt>0814151</sln:miejscIdTeryt><sln:miejscNazwa>Mokrzyska</sln:miejscNazwa><sln:miejscRodzaj>Wieś</sln:miejscRodzaj><sln:powIIPId>8d0b0a85-17f0-4358-98a4-d312d6212b93</sln:powIIPId><sln:powIIPPn>PL.PZGIK.200</sln:powIIPPn><sln:powIIPWersja>2012-09-27T07:52:00+02:00</sln:powIIPWersja><sln:powIdTeryt>1202</sln:powIdTeryt><sln:powNazwa>brzeski</sln:powNazwa><sln:waznyOd>2015-06-29T00:00:00+02:00</sln:waznyOd><sln:wojIIPId>dd2e3c64-f861-47cf-a3a3-e7751f272b2f</sln:wojIIPId><sln:wojIIPPn>PL.PZGIK.200</sln:wojIIPPn><sln:wojIIPWersja>2017-10-10T00:00:00+02:00</sln:wojIIPWersja><sln:wojIdTeryt>12</sln:wojIdTeryt><sln:wojNazwa>małopolskie</sln:wojNazwa></sln:miejscowosc><sln:miejscowosc><sln:cyklZyciaDo>2015-12-21T00:00:00+01:00</sln:cyklZyciaDo><sln:cyklZyciaOd>2015-12-15T00:00:00+01:00</sln:cyklZyciaOd><sln:gmIIPId>3a4b3cd4-8336-484a-bec9-8cb588a9c9bd</sln:gmIIPId><sln:gmIIPPn>PL.PZGIK.200</sln:gmIIPPn><sln:gmIIPWersja>2012-09-26T22:08:26+02:00</sln:gmIIPWersja><sln:gmIdTeryt>1202023</sln:gmIdTeryt><sln:gmNazwa>Brzesko</sln:gmNazwa><sln:miejscIIPId>d2d2ce27-1fa1-4eba-b6f8-0f16375244a1</sln:miejscIIPId><sln:miejscIIPPn>PL.PZGIK.200</sln:miejscIIPPn><sln:miejscIIPWersja>2016-11-24T12:52:21+02:00</sln:miejscIIPWersja><sln:miejscIdTeryt>0814205</sln:miejscIdTeryt><sln:miejscNazwa>Okocim</sln:miejscNazwa><sln:miejscRodzaj>Wieś</sln:miejscRodzaj><sln:powIIPId>8d0b0a85-17f0-4358-98a4-d312d6212b93</sln:powIIPId><sln:powIIPPn>PL.PZGIK.200</sln:powIIPPn><sln:powIIPWersja>2012-09-27T07:52:00+02:00</sln:powIIPWersja><sln:powIdTeryt>1202</sln:powIdTeryt><sln:powNazwa>brzeski</sln:powNazwa><sln:waznyOd>2015-06-29T00:00:00+02:00</sln:waznyOd><sln:wojIIPId>dd2e3c64-f861-47cf-a3a3-e7751f272b2f</sln:wojIIPId><sln:wojIIPPn>PL.PZGIK.200</sln:wojIIPPn><sln:wojIIPWersja>2017-10-10T00:00:00+02:00</sln:wojIIPWersja><sln:wojIdTeryt>12</sln:wojIdTeryt><sln:wojNazwa>małopolskie</sln:wojNazwa></sln:miejscowosc><sln:miejscowosc><sln:cyklZyciaDo>2015-12-21T00:00:00+01:00</sln:cyklZyciaDo><sln:cyklZyciaOd>2015-12-15T00:00:00+01:00</sln:cyklZyciaOd><sln:gmIIPId>3a4b3cd4-8336-484a-bec9-8cb588a9c9bd</sln:gmIIPId><sln:gmIIPPn>PL.PZGIK.200</sln:gmIIPPn><sln:gmIIPWersja>2012-09-26T22:08:26+02:00</sln:gmIIPWersja><sln:gmIdTeryt>1202023</sln:gmIdTeryt><sln:gmNazwa>Brzesko</sln:gmNazwa><sln:miejscIIPId>6d9b302e-3b76-4a2d-9a8b-76ddfa1b1945</sln:miejscIIPId><sln:miejscIIPPn>PL.PZGIK.200</sln:miejscIIPPn><sln:miejscIIPWersja>2016-11-24T12:52:23+02:00</sln:miejscIIPWersja><sln:miejscIdTeryt>0814317</sln:miejscIdTeryt><sln:miejscNazwa>Poręba Spytkowska</sln:miejscNazwa><sln:miejscRodzaj>Wieś</sln:miejscRodzaj><sln:powIIPId>8d0b0a85-17f0-4358-98a4-d312d6212b93</sln:powIIPId><sln:powIIPPn>PL.PZGIK.200</sln:powIIPPn><sln:powIIPWersja>2012-09-27T07:52:00+02:00</sln:powIIPWersja><sln:powIdTeryt>1202</sln:powIdTeryt><sln:powNazwa>brzeski</sln:powNazwa><sln:waznyOd>2015-06-29T00:00:00+02:00</sln:waznyOd><sln:wojIIPId>dd2e3c64-f861-47cf-a3a3-e7751f272b2f</sln:wojIIPId><sln:wojIIPPn>PL.PZGIK.200</sln:wojIIPPn><sln:wojIIPWersja>2017-10-10T00:00:00+02:00</sln:wojIIPWersja><sln:wojIdTeryt>12</sln:wojIdTeryt><sln:wojNazwa>małopolskie</sln:wojNazwa></sln:miejscowosc><sln:miejscowosc><sln:cyklZyciaDo>2015-12-21T00:00:00+01:00</sln:cyklZyciaDo><sln:cyklZyciaOd>2015-12-15T00:00:00+01:00</sln:cyklZyciaOd><sln:gmIIPId>3a4b3cd4-8336-484a-bec9-8cb588a9c9bd</sln:gmIIPId><sln:gmIIPPn>PL.PZGIK.200</sln:gmIIPPn><sln:gmIIPWersja>2012-09-26T22:08:26+02:00</sln:gmIIPWersja><sln:gmIdTeryt>1202023</sln:gmIdTeryt><sln:gmNazwa>Brzesko</sln:gmNazwa><sln:miejscIIPId>2cf83de5-fb96-4cfb-8244-a22901ff37b2</sln:miejscIIPId><sln:miejscIIPPn>PL.PZGIK.200</sln:miejscIIPPn><sln:miejscIIPWersja>2016-11-24T12:52:25+02:00</sln:miejscIIPWersja><sln:miejscIdTeryt>0814375</sln:miejscIdTeryt><sln:miejscNazwa>Sterkowiec</sln:miejscNazwa><sln:miejscRodzaj>Wieś</sln:miejscRodzaj><sln:powIIPId>8d0b0a85-17f0-4358-98a4-d312d6212b93</sln:powIIPId><sln:powIIPPn>PL.PZGIK.200</sln:powIIPPn><sln:powIIPWersja>2012-09-27T07:52:00+02:00</sln:powIIPWersja><sln:powIdTeryt>1202</sln:powIdTeryt><sln:powNazwa>brzeski</sln:powNazwa><sln:waznyOd>2015-06-29T00:00:00+02:00</sln:waznyOd><sln:wojIIPId>dd2e3c64-f861-47cf-a3a3-e7751f272b2f</sln:wojIIPId><sln:wojIIPPn>PL.PZGIK.200</sln:wojIIPPn><sln:wojIIPWersja>2017-10-10T00:00:00+02:00</sln:wojIIPWersja><sln:wojIdTeryt>12</sln:wojIdTeryt><sln:wojNazwa>małopolskie</sln:wojNazwa></sln:miejscowosc><sln:miejscowosc><sln:cyklZyciaDo>2015-12-21T00:00:00+01:00</sln:cyklZyciaDo><sln:cyklZyciaOd>2015-12-15T00:00:00+01:00</sln:cyklZyciaOd><sln:gmIIPId>3a4b3cd4-8336-484a-bec9-8cb588a9c9bd</sln:gmIIPId><sln:gmIIPPn>PL.PZGIK.200</sln:gmIIPPn><sln:gmIIPWersja>2012-09-26T22:08:26+02:00</sln:gmIIPWersja><sln:gmIdTeryt>1202023</sln:gmIdTeryt><sln:gmNazwa>Brzesko</sln:gmNazwa><sln:miejscIIPId>37566588-f93a-4d23-b089-9ee708463c79</sln:miejscIIPId><sln:miejscIIPPn>PL.PZGIK.200</sln:miejscIIPPn><sln:miejscIIPWersja>2016-11-24T12:52:27+02:00</sln:miejscIIPWersja><sln:miejscIdTeryt>0814412</sln:miejscIdTeryt><sln:miejscNazwa>Szczepanów</sln:miejscNazwa><sln:miejscRodzaj>Wieś</sln:miejscRodzaj><sln:powIIPId>8d0b0a85-17f0-4358-98a4-d312d6212b93</sln:powIIPId><sln:powIIPPn>PL.PZGIK.200</sln:powIIPPn><sln:powIIPWersja>2012-09-27T07:52:00+02:00</sln:powIIPWersja><sln:powIdTeryt>1202</sln:powIdTeryt><sln:powNazwa>brzeski</sln:powNazwa><sln:waznyOd>2015-06-29T00:00:00+02:00</sln:waznyOd><sln:wojIIPId>dd2e3c64-f861-47cf-a3a3-e7751f272b2f</sln:wojIIPId><sln:wojIIPPn>PL.PZGIK.200</sln:wojIIPPn><sln:wojIIPWersja>2017-10-10T00:00:00+02:00</sln:wojIIPWersja><sln:wojIdTeryt>12</sln:wojIdTeryt><sln:wojNazwa>małopolskie</sln:wojNazwa></sln:miejscowosc><sln:miejscowosc><sln:cyklZyciaDo>2015-12-21T00:00:00+01:00</sln:cyklZyciaDo><sln:cyklZyciaOd>2015-12-15T00:00:00+01:00</sln:cyklZyciaOd><sln:gmIIPId>3a4b3cd4-8336-484a-bec9-8cb588a9c9bd</sln:gmIIPId><sln:gmIIPPn>PL.PZGIK.200</sln:gmIIPPn><sln:gmIIPWersja>2012-09-26T22:08:26+02:00</sln:gmIIPWersja><sln:gmIdTeryt>1202023</sln:gmIdTeryt><sln:gmNazwa>Brzesko</sln:gmNazwa><sln:miejscIIPId>130fbe1e-987b-47d6-a502-93cd58ba06ee</sln:miejscIIPId><sln:miejscIIPPn>PL.PZGIK.200</sln:miejscIIPPn><sln:miejscIIPWersja>2016-11-24T12:52:29+02:00</sln:miejscIIPWersja><sln:miejscIdTeryt>0814470</sln:miejscIdTeryt><sln:miejscNazwa>Wokowice</sln:miejscNazwa><sln:miejscRodzaj>Wieś</sln:miejscRodzaj><sln:powIIPId>8d0b0a85-17f0-4358-98a4-d312d6212b93</sln:powIIPId><sln:powIIPPn>PL.PZGIK.200</sln:powIIPPn><sln:powIIPWersja>2012-09-27T07:52:00+02:00</sln:powIIPWersja><sln:powIdTeryt>1202</sln:powIdTeryt><sln:powNazwa>brzeski</sln:powNazwa><sln:waznyOd>2015-06-29T00:00:00+02:00</sln:waznyOd><sln:wojIIPId>dd2e3c64-f861-47cf-a3a3-e7751f272b2f</sln:wojIIPId><sln:wojIIPPn>PL.PZGIK.200</sln:wojIIPPn><sln:wojIIPWersja>2017-10-10T00:00:00+02:00</sln:wojIIPWersja><sln:wojIdTeryt>12</sln:wojIdTeryt><sln:wojNazwa>małopolskie</sln:wojNazwa></sln:miejscowosc><sln:miejscowosc><sln:cyklZyciaOd>2017-04-19T00:00:00+02:00</sln:cyklZyciaOd><sln:gmIIPId>3a4b3cd4-8336-484a-bec9-8cb588a9c9bd</sln:gmIIPId><sln:gmIIPPn>PL.PZGIK.200</sln:gmIIPPn><sln:gmIIPWersja>2012-09-26T22:08:26+02:00</sln:gmIIPWersja><sln:gmIdTeryt>1202023</sln:gmIdTeryt><sln:gmNazwa>Brzesko</sln:gmNazwa><sln:miejscIIPId>e9ba4c3f-2340-4a22-b24f-698ff9afc4a4</sln:miejscIIPId><sln:miejscIIPPn>PL.PZGIK.200</sln:miejscIIPPn><sln:miejscIIPWersja>2017-04-19T10:41:52+02:00</sln:miejscIIPWersja><sln:miejscIdTeryt>0813832</sln:miejscIdTeryt><sln:miejscNazwa>Bucze</sln:miejscNazwa><sln:miejscRodzaj>Wieś</sln:miejscRodzaj><sln:powIIPId>8d0b0a85-17f0-4358-98a4-d312d6212b93</sln:powIIPId><sln:powIIPPn>PL.PZGIK.200</sln:powIIPPn><sln:powIIPWersja>2012-09-27T07:52:00+02:00</sln:powIIPWersja><sln:powIdTeryt>1202</sln:powIdTeryt><sln:powNazwa>brzeski</sln:powNazwa><sln:waznyOd>2015-06-29T00:00:00+02:00</sln:waznyOd><sln:wojIIPId>dd2e3c64-f861-47cf-a3a3-e7751f272b2f</sln:wojIIPId><sln:wojIIPPn>PL.PZGIK.200</sln:wojIIPPn><sln:wojIIPWersja>2017-10-10T00:00:00+02:00</sln:wojIIPWersja><sln:wojIdTeryt>12</sln:wojIdTeryt><sln:wojNazwa>małopolskie</sln:wojNazwa></sln:miejscowosc><sln:miejscowosc><sln:cyklZyciaOd>2017-04-19T00:00:00+02:00</sln:cyklZyciaOd><sln:gmIIPId>3a4b3cd4-8336-484a-bec9-8cb588a9c9bd</sln:gmIIPId><sln:gmIIPPn>PL.PZGIK.200</sln:gmIIPPn><sln:gmIIPWersja>2012-09-26T22:08:26+02:00</sln:gmIIPWersja><sln:gmIdTeryt>1202023</sln:gmIdTeryt><sln:gmNazwa>Brzesko</sln:gmNazwa><sln:miejscIIPId>6e8c4d48-ac34-4779-ab87-1088f9c4ddbd</sln:miejscIIPId><sln:miejscIIPPn>PL.PZGIK.200</sln:miejscIIPPn><sln:miejscIIPWersja>2017-04-19T10:41:58+02:00</sln:miejscIIPWersja><sln:miejscIdTeryt>0813890</sln:miejscIdTeryt><sln:miejscNazwa>Jadowniki</sln:miejscNazwa><sln:miejscRodzaj>Wieś</sln:miejscRodzaj><sln:powIIPId>8d0b0a85-17f0-4358-98a4-d312d6212b93</sln:powIIPId><sln:powIIPPn>PL.PZGIK.200</sln:powIIPPn><sln:powIIPWersja>2012-09-27T07:52:00+02:00</sln:powIIPWersja><sln:powIdTeryt>1202</sln:powIdTeryt><sln:powNazwa>brzeski</sln:powNazwa><sln:waznyOd>2015-06-29T00:00:00+02:00</sln:waznyOd><sln:wojIIPId>dd2e3c64-f861-47cf-a3a3-e7751f272b2f</sln:wojIIPId><sln:wojIIPPn>PL.PZGIK.200</sln:wojIIPPn><sln:wojIIPWersja>2017-10-10T00:00:00+02:00</sln:wojIIPWersja><sln:wojIdTeryt>12</sln:wojIdTeryt><sln:wojNazwa>małopolskie</sln:wojNazwa></sln:miejscowosc><sln:miejscowosc><sln:cyklZyciaOd>2017-04-19T00:00:00+02:00</sln:cyklZyciaOd><sln:gmIIPId>3a4b3cd4-8336-484a-bec9-8cb588a9c9bd</sln:gmIIPId><sln:gmIIPPn>PL.PZGIK.200</sln:gmIIPPn><sln:gmIIPWersja>2012-09-26T22:08:26+02:00</sln:gmIIPWersja><sln:gmIdTeryt>1202023</sln:gmIdTeryt><sln:gmNazwa>Brzesko</sln:gmNazwa><sln:miejscIIPId>c19e208c-00bb-421d-8f86-02702fca6320</sln:miejscIIPId><sln:miejscIIPPn>PL.PZGIK.200</sln:miejscIIPPn><sln:miejscIIPWersja>2017-04-19T10:41:58+02:00</sln:miejscIIPWersja><sln:miejscIdTeryt>0814062</sln:miejscIdTeryt><sln:miejscNazwa>Jasień</sln:miejscNazwa><sln:miejscRodzaj>Wieś</sln:miejscRodzaj><sln:powIIPId>8d0b0a85-17f0-4358-98a4-d312d6212b93</sln:powIIPId><sln:powIIPPn>PL.PZGIK.200</sln:powIIPPn><sln:powIIPWersja>2012-09-27T07:52:00+02:00</sln:powIIPWersja><sln:powIdTeryt>1202</sln:powIdTeryt><sln:powNazwa>brzeski</sln:powNazwa><sln:waznyOd>2015-06-29T00:00:00+02:00</sln:waznyOd><sln:wojIIPId>dd2e3c64-f861-47cf-a3a3-e7751f272b2f</sln:wojIIPId><sln:wojIIPPn>PL.PZGIK.200</sln:wojIIPPn><sln:wojIIPWersja>2017-10-10T00:00:00+02:00</sln:wojIIPWersja><sln:wojIdTeryt>12</sln:wojIdTeryt><sln:wojNazwa>małopolskie</sln:wojNazwa></sln:miejscowosc><sln:miejscowosc><sln:cyklZyciaOd>2017-04-19T00:00:00+02:00</sln:cyklZyciaOd><sln:gmIIPId>3a4b3cd4-8336-484a-bec9-8cb588a9c9bd</sln:gmIIPId><sln:gmIIPPn>PL.PZGIK.200</sln:gmIIPPn><sln:gmIIPWersja>2012-09-26T22:08:26+02:00</sln:gmIIPWersja><sln:gmIdTeryt>1202023</sln:gmIdTeryt><sln:gmNazwa>Brzesko</sln:gmNazwa><sln:miejscIIPId>b181c823-0f9f-4cf3-802e-3a880378a9ae</sln:miejscIIPId><sln:miejscIIPPn>PL.PZGIK.200</sln:miejscIIPPn><sln:miejscIIPWersja>2017-04-19T10:41:58+02:00</sln:miejscIIPWersja><sln:miejscIdTeryt>0814151</sln:miejscIdTeryt><sln:miejscNazwa>Mokrzyska</sln:miejscNazwa><sln:miejscRodzaj>Wieś</sln:miejscRodzaj><sln:powIIPId>8d0b0a85-17f0-4358-98a4-d312d6212b93</sln:powIIPId><sln:powIIPPn>PL.PZGIK.200</sln:powIIPPn><sln:powIIPWersja>2012-09-27T07:52:00+02:00</sln:powIIPWersja><sln:powIdTeryt>1202</sln:powIdTeryt><sln:powNazwa>brzeski</sln:powNazwa><sln:waznyOd>2015-06-29T00:00:00+02:00</sln:waznyOd><sln:wojIIPId>dd2e3c64-f861-47cf-a3a3-e7751f272b2f</sln:wojIIPId><sln:wojIIPPn>PL.PZGIK.200</sln:wojIIPPn><sln:wojIIPWersja>2017-10-10T00:00:00+02:00</sln:wojIIPWersja><sln:wojIdTeryt>12</sln:wojIdTeryt><sln:wojNazwa>małopolskie</sln:wojNazwa></sln:miejscowosc><sln:miejscowosc><sln:cyklZyciaOd>2017-04-19T00:00:00+02:00</sln:cyklZyciaOd><sln:gmIIPId>3a4b3cd4-8336-484a-bec9-8cb588a9c9bd</sln:gmIIPId><sln:gmIIPPn>PL.PZGIK.200</sln:gmIIPPn><sln:gmIIPWersja>2012-09-26T22:08:26+02:00</sln:gmIIPWersja><sln:gmIdTeryt>1202023</sln:gmIdTeryt><sln:gmNazwa>Brzesko</sln:gmNazwa><sln:miejscIIPId>d2d2ce27-1fa1-4eba-b6f8-0f16375244a1</sln:miejscIIPId><sln:miejscIIPPn>PL.PZGIK.200</sln:miejscIIPPn><sln:miejscIIPWersja>2017-04-19T10:41:58+02:00</sln:miejscIIPWersja><sln:miejscIdTeryt>0814205</sln:miejscIdTeryt><sln:miejscNazwa>Okocim</sln:miejscNazwa><sln:miejscRodzaj>Wieś</sln:miejscRodzaj><sln:powIIPId>8d0b0a85-17f0-4358-98a4-d312d6212b93</sln:powIIPId><sln:powIIPPn>PL.PZGIK.200</sln:powIIPPn><sln:powIIPWersja>2012-09-27T07:52:00+02:00</sln:powIIPWersja><sln:powIdTeryt>1202</sln:powIdTeryt><sln:powNazwa>brzeski</sln:powNazwa><sln:waznyOd>2015-06-29T00:00:00+02:00</sln:waznyOd><sln:wojIIPId>dd2e3c64-f861-47cf-a3a3-e7751f272b2f</sln:wojIIPId><sln:wojIIPPn>PL.PZGIK.200</sln:wojIIPPn><sln:wojIIPWersja>2017-10-10T00:00:00+02:00</sln:wojIIPWersja><sln:wojIdTeryt>12</sln:wojIdTeryt><sln:wojNazwa>małopolskie</sln:wojNazwa></sln:miejscowosc><sln:miejscowosc><sln:cyklZyciaOd>2017-04-19T00:00:00+02:00</sln:cyklZyciaOd><sln:gmIIPId>3a4b3cd4-8336-484a-bec9-8cb588a9c9bd</sln:gmIIPId><sln:gmIIPPn>PL.PZGIK.200</sln:gmIIPPn><sln:gmIIPWersja>2012-09-26T22:08:26+02:00</sln:gmIIPWersja><sln:gmIdTeryt>1202023</sln:gmIdTeryt><sln:gmNazwa>Brzesko</sln:gmNazwa><sln:miejscIIPId>6d9b302e-3b76-4a2d-9a8b-76ddfa1b1945</sln:miejscIIPId><sln:miejscIIPPn>PL.PZGIK.200</sln:miejscIIPPn><sln:miejscIIPWersja>2017-04-19T10:41:58+02:00</sln:miejscIIPWersja><sln:miejscIdTeryt>0814317</sln:miejscIdTeryt><sln:miejscNazwa>Poręba Spytkowska</sln:miejscNazwa><sln:miejscRodzaj>Wieś</sln:miejscRodzaj><sln:powIIPId>8d0b0a85-17f0-4358-98a4-d312d6212b93</sln:powIIPId><sln:powIIPPn>PL.PZGIK.200</sln:powIIPPn><sln:powIIPWersja>2012-09-27T07:52:00+02:00</sln:powIIPWersja><sln:powIdTeryt>1202</sln:powIdTeryt><sln:powNazwa>brzeski</sln:powNazwa><sln:waznyOd>2015-06-29T00:00:00+02:00</sln:waznyOd><sln:wojIIPId>dd2e3c64-f861-47cf-a3a3-e7751f272b2f</sln:wojIIPId><sln:wojIIPPn>PL.PZGIK.200</sln:wojIIPPn><sln:wojIIPWersja>2017-10-10T00:00:00+02:00</sln:wojIIPWersja><sln:wojIdTeryt>12</sln:wojIdTeryt><sln:wojNazwa>małopolskie</sln:wojNazwa></sln:miejscowosc><sln:miejscowosc><sln:cyklZyciaOd>2017-04-19T00:00:00+02:00</sln:cyklZyciaOd><sln:gmIIPId>3a4b3cd4-8336-484a-bec9-8cb588a9c9bd</sln:gmIIPId><sln:gmIIPPn>PL.PZGIK.200</sln:gmIIPPn><sln:gmIIPWersja>2012-09-26T22:08:26+02:00</sln:gmIIPWersja><sln:gmIdTeryt>1202023</sln:gmIdTeryt><sln:gmNazwa>Brzesko</sln:gmNazwa><sln:miejscIIPId>2cf83de5-fb96-4cfb-8244-a22901ff37b2</sln:miejscIIPId><sln:miejscIIPPn>PL.PZGIK.200</sln:miejscIIPPn><sln:miejscIIPWersja>2017-04-19T10:41:59+02:00</sln:miejscIIPWersja><sln:miejscIdTeryt>0814375</sln:miejscIdTeryt><sln:miejscNazwa>Sterkowiec</sln:miejscNazwa><sln:miejscRodzaj>Wieś</sln:miejscRodzaj><sln:powIIPId>8d0b0a85-17f0-4358-98a4-d312d6212b93</sln:powIIPId><sln:powIIPPn>PL.PZGIK.200</sln:powIIPPn><sln:powIIPWersja>2012-09-27T07:52:00+02:00</sln:powIIPWersja><sln:powIdTeryt>1202</sln:powIdTeryt><sln:powNazwa>brzeski</sln:powNazwa><sln:waznyOd>2015-06-29T00:00:00+02:00</sln:waznyOd><sln:wojIIPId>dd2e3c64-f861-47cf-a3a3-e7751f272b2f</sln:wojIIPId><sln:wojIIPPn>PL.PZGIK.200</sln:wojIIPPn><sln:wojIIPWersja>2017-10-10T00:00:00+02:00</sln:wojIIPWersja><sln:wojIdTeryt>12</sln:wojIdTeryt><sln:wojNazwa>małopolskie</sln:wojNazwa></sln:miejscowosc><sln:miejscowosc><sln:cyklZyciaOd>2017-04-19T00:00:00+02:00</sln:cyklZyciaOd><sln:gmIIPId>3a4b3cd4-8336-484a-bec9-8cb588a9c9bd</sln:gmIIPId><sln:gmIIPPn>PL.PZGIK.200</sln:gmIIPPn><sln:gmIIPWersja>2012-09-26T22:08:26+02:00</sln:gmIIPWersja><sln:gmIdTeryt>1202023</sln:gmIdTeryt><sln:gmNazwa>Brzesko</sln:gmNazwa><sln:miejscIIPId>37566588-f93a-4d23-b089-9ee708463c79</sln:miejscIIPId><sln:miejscIIPPn>PL.PZGIK.200</sln:miejscIIPPn><sln:miejscIIPWersja>2017-04-19T10:41:59+02:00</sln:miejscIIPWersja><sln:miejscIdTeryt>0814412</sln:miejscIdTeryt><sln:miejscNazwa>Szczepanów</sln:miejscNazwa><sln:miejscRodzaj>Wieś</sln:miejscRodzaj><sln:powIIPId>8d0b0a85-17f0-4358-98a4-d312d6212b93</sln:powIIPId><sln:powIIPPn>PL.PZGIK.200</sln:powIIPPn><sln:powIIPWersja>2012-09-27T07:52:00+02:00</sln:powIIPWersja><sln:powIdTeryt>1202</sln:powIdTeryt><sln:powNazwa>brzeski</sln:powNazwa><sln:waznyOd>2015-06-29T00:00:00+02:00</sln:waznyOd><sln:wojIIPId>dd2e3c64-f861-47cf-a3a3-e7751f272b2f</sln:wojIIPId><sln:wojIIPPn>PL.PZGIK.200</sln:wojIIPPn><sln:wojIIPWersja>2017-10-10T00:00:00+02:00</sln:wojIIPWersja><sln:wojIdTeryt>12</sln:wojIdTeryt><sln:wojNazwa>małopolskie</sln:wojNazwa></sln:miejscowosc><sln:miejscowosc><sln:cyklZyciaOd>2017-04-19T00:00:00+02:00</sln:cyklZyciaOd><sln:gmIIPId>3a4b3cd4-8336-484a-bec9-8cb588a9c9bd</sln:gmIIPId><sln:gmIIPPn>PL.PZGIK.200</sln:gmIIPPn><sln:gmIIPWersja>2012-09-26T22:08:26+02:00</sln:gmIIPWersja><sln:gmIdTeryt>1202023</sln:gmIdTeryt><sln:gmNazwa>Brzesko</sln:gmNazwa><sln:miejscIIPId>130fbe1e-987b-47d6-a502-93cd58ba06ee</sln:miejscIIPId><sln:miejscIIPPn>PL.PZGIK.200</sln:miejscIIPPn><sln:miejscIIPWersja>2017-04-19T10:41:59+02:00</sln:miejscIIPWersja><sln:miejscIdTeryt>0814470</sln:miejscIdTeryt><sln:miejscNazwa>Wokowice</sln:miejscNazwa><sln:miejscRodzaj>Wieś</sln:miejscRodzaj><sln:powIIPId>8d0b0a85-17f0-4358-98a4-d312d6212b93</sln:powIIPId><sln:powIIPPn>PL.PZGIK.200</sln:powIIPPn><sln:powIIPWersja>2012-09-27T07:52:00+02:00</sln:powIIPWersja><sln:powIdTeryt>1202</sln:powIdTeryt><sln:powNazwa>brzeski</sln:powNazwa><sln:waznyOd>2015-06-29T00:00:00+02:00</sln:waznyOd><sln:wojIIPId>dd2e3c64-f861-47cf-a3a3-e7751f272b2f</sln:wojIIPId><sln:wojIIPPn>PL.PZGIK.200</sln:wojIIPPn><sln:wojIIPWersja>2017-10-10T00:00:00+02:00</sln:wojIIPWersja><sln:wojIdTeryt>12</sln:wojIdTeryt><sln:wojNazwa>małopolskie</sln:wojNazwa></sln:miejscowosc><sln:miejscowosc><sln:cyklZyciaOd>2017-04-19T00:00:00+02:00</sln:cyklZyciaOd><sln:gmIIPId>3a4b3cd4-8336-484a-bec9-8cb588a9c9bd</sln:gmIIPId><sln:gmIIPPn>PL.PZGIK.200</sln:gmIIPPn><sln:gmIIPWersja>2012-09-26T22:08:26+02:00</sln:gmIIPWersja><sln:gmIdTeryt>1202023</sln:gmIdTeryt><sln:gmNazwa>Brzesko</sln:gmNazwa><sln:miejscIIPId>dd14ecc1-9b4b-49f1-bc5a-8d898d90a185</sln:miejscIIPId><sln:miejscIIPPn>PL.PZGIK.200</sln:miejscIIPPn><sln:miejscIIPWersja>2017-04-19T10:41:59+02:00</sln:miejscIIPWersja><sln:miejscIdTeryt>0981966</sln:miejscIdTeryt><sln:miejscNazwa>Brzesko</sln:miejscNazwa><sln:miejscRodzaj>Miasto</sln:miejscRodzaj><sln:powIIPId>8d0b0a85-17f0-4358-98a4-d312d6212b93</sln:powIIPId><sln:powIIPPn>PL.PZGIK.200</sln:powIIPPn><sln:powIIPWersja>2012-09-27T07:52:00+02:00</sln:powIIPWersja><sln:powIdTeryt>1202</sln:powIdTeryt><sln:powNazwa>brzeski</sln:powNazwa><sln:waznyOd>2015-06-29T00:00:00+02:00</sln:waznyOd><sln:wojIIPId>dd2e3c64-f861-47cf-a3a3-e7751f272b2f</sln:wojIIPId><sln:wojIIPPn>PL.PZGIK.200</sln:wojIIPPn><sln:wojIIPWersja>2017-10-10T00:00:00+02:00</sln:wojIIPWersja><sln:wojIdTeryt>12</sln:wojIdTeryt><sln:wojNazwa>małopolskie</sln:wojNazwa></sln:miejscowosc></sln:lista-miejscowosci>