<?xml version="1.0" encoding="UTF-8" standalone="yes"?><sln:lista-miejscowosci xmlns:srv="http://gugik.gov.pl/schemas/slowniki-service/1.0" xmlns:sln="http://gugik.gov.pl/schemas/slowniki-schema/1.0"><sln:miejscowosc><sln:cyklZyciaDo>2017-04-21T00:00:00+02:00</sln:cyklZyciaDo><sln:cyklZyciaOd>2015-12-17T00:00:00+01:00</sln:cyklZyciaOd><sln:gmIIPId>328825a4-5a88-42fb-acc3-e32c7f1dbf51</sln:gmIIPId><sln:gmIIPPn>PL.PZGIK.200</sln:gmIIPPn><sln:gmIIPWersja>2012-09-26T22:12:02+02:00</sln:gmIIPWersja><sln:gmIdTeryt>1215063</sln:gmIdTeryt><sln:gmNazwa>Maków Podhalański</sln:gmNazwa><sln:miejscIIPId>e17bfac0-c8ad-4074-9539-2c446603656c</sln:miejscIIPId><sln:miejscIIPPn>PL.PZGIK.200</sln:miejscIIPPn><sln:miejscIIPWersja>2016-11-24T08:45:27+02:00</sln:miejscIIPWersja><sln:miejscIdTeryt>0059967</sln:miejscIdTeryt><sln:miejscNazwa>Białka</sln:miejscNazwa><sln:miejscRodzaj>Wieś</sln:miejscRodzaj><sln:powIIPId>449427a1-a4c0-468a-b0ac-8da55c551398</sln:powIIPId><sln:powIIPPn>PL.PZGIK.200</sln:powIIPPn><sln:powIIPWersja>2017-10-10T00:00:00+02:00</sln:powIIPWersja><sln:powIdTeryt>1215</sln:powIdTeryt><sln:powNazwa>suski</sln:powNazwa><sln:waznyOd>2015-09-28T00:00:00+02:00</sln:waznyOd><sln:wojIIPId>dd2e3c64-f861-47cf-a3a3-e7751f272b2f</sln:wojIIPId><sln:wojIIPPn>PL.PZGIK.200</sln:wojIIPPn><sln:wojIIPWersja>2017-10-10T00:00:00+02:00</sln:wojIIPWersja><sln:wojIdTeryt>12</sln:wojIdTeryt><sln:wojNazwa>małopolskie</sln:wojNazwa></sln:miejscowosc><sln:miejscowosc><sln:cyklZyciaDo>2017-04-21T00:00:00+02:00</sln:cyklZyciaDo><sln:cyklZyciaOd>2015-12-17T00:00:00+01:00</sln:cyklZyciaOd><sln:gmIIPId>328825a4-5a88-42fb-acc3-e32c7f1dbf51</sln:gmIIPId><sln:gmIIPPn>PL.PZGIK.200</sln:gmIIPPn><sln:gmIIPWersja>2012-09-26T22:12:02+02:00</sln:gmIIPWersja><sln:gmIdTeryt>1215063</sln:gmIdTeryt><sln:gmNazwa>Maków Podhalański</sln:gmNazwa><sln:miejscIIPId>07445b17-1299-47a4-a59b-e28e8a797fe3</sln:miejscIIPId><sln:miejscIIPPn>PL.PZGIK.200</sln:miejscIIPPn><sln:miejscIIPWersja>2016-11-24T08:45:29+02:00</sln:miejscIIPWersja><sln:miejscIdTeryt>0060255</sln:miejscIdTeryt><sln:miejscNazwa>Grzechynia</sln:miejscNazwa><sln:miejscRodzaj>Wieś</sln:miejscRodzaj><sln:powIIPId>449427a1-a4c0-468a-b0ac-8da55c551398</sln:powIIPId><sln:powIIPPn>PL.PZGIK.200</sln:powIIPPn><sln:powIIPWersja>2017-10-10T00:00:00+02:00</sln:powIIPWersja><sln:powIdTeryt>1215</sln:powIdTeryt><sln:powNazwa>suski</sln:powNazwa><sln:waznyOd>2015-09-28T00:00:00+02:00</sln:waznyOd><sln:wojIIPId>dd2e3c64-f861-47cf-a3a3-e7751f272b2f</sln:wojIIPId><sln:wojIIPPn>PL.PZGIK.200</sln:wojIIPPn><sln:wojIIPWersja>2017-10-10T00:00:00+02:00</sln:wojIIPWersja><sln:wojIdTeryt>12</sln:wojIdTeryt><sln:wojNazwa>małopolskie</sln:wojNazwa></sln:miejscowosc><sln:miejscowosc><sln:cyklZyciaDo>2017-04-21T00:00:00+02:00</sln:cyklZyciaDo><sln:cyklZyciaOd>2015-12-17T00:00:00+01:00</sln:cyklZyciaOd><sln:gmIIPId>328825a4-5a88-42fb-acc3-e32c7f1dbf51</sln:gmIIPId><sln:gmIIPPn>PL.PZGIK.200</sln:gmIIPPn><sln:gmIIPWersja>2012-09-26T22:12:02+02:00</sln:gmIIPWersja><sln:gmIdTeryt>1215063</sln:gmIdTeryt><sln:gmNazwa>Maków Podhalański</sln:gmNazwa><sln:miejscIIPId>646cbb33-ef5a-4beb-a079-43a4b401c5a3</sln:miejscIIPId><sln:miejscIIPPn>PL.PZGIK.200</sln:miejscIIPPn><sln:miejscIIPWersja>2016-11-24T08:45:31+02:00</sln:miejscIIPWersja><sln:miejscIdTeryt>0060717</sln:miejscIdTeryt><sln:miejscNazwa>Juszczyn</sln:miejscNazwa><sln:miejscRodzaj>Wieś</sln:miejscRodzaj><sln:powIIPId>449427a1-a4c0-468a-b0ac-8da55c551398</sln:powIIPId><sln:powIIPPn>PL.PZGIK.200</sln:powIIPPn><sln:powIIPWersja>2017-10-10T00:00:00+02:00</sln:powIIPWersja><sln:powIdTeryt>1215</sln:powIdTeryt><sln:powNazwa>suski</sln:powNazwa><sln:waznyOd>2015-09-28T00:00:00+02:00</sln:waznyOd><sln:wojIIPId>dd2e3c64-f861-47cf-a3a3-e7751f272b2f</sln:wojIIPId><sln:wojIIPPn>PL.PZGIK.200</sln:wojIIPPn><sln:wojIIPWersja>2017-10-10T00:00:00+02:00</sln:wojIIPWersja><sln:wojIdTeryt>12</sln:wojIdTeryt><sln:wojNazwa>małopolskie</sln:wojNazwa></sln:miejscowosc><sln:miejscowosc><sln:cyklZyciaDo>2017-04-21T00:00:00+02:00</sln:cyklZyciaDo><sln:cyklZyciaOd>2015-12-17T00:00:00+01:00</sln:cyklZyciaOd><sln:gmIIPId>328825a4-5a88-42fb-acc3-e32c7f1dbf51</sln:gmIIPId><sln:gmIIPPn>PL.PZGIK.200</sln:gmIIPPn><sln:gmIIPWersja>2012-09-26T22:12:02+02:00</sln:gmIIPWersja><sln:gmIdTeryt>1215063</sln:gmIdTeryt><sln:gmNazwa>Maków Podhalański</sln:gmNazwa><sln:miejscIIPId>b7eaa8fc-1934-4b83-8bd0-4ff2ef69938e</sln:miejscIIPId><sln:miejscIIPPn>PL.PZGIK.200</sln:miejscIIPPn><sln:miejscIIPWersja>2016-11-24T08:45:33+02:00</sln:miejscIIPWersja><sln:miejscIdTeryt>0061208</sln:miejscIdTeryt><sln:miejscNazwa>Kojszówka</sln:miejscNazwa><sln:miejscRodzaj>Wieś</sln:miejscRodzaj><sln:powIIPId>449427a1-a4c0-468a-b0ac-8da55c551398</sln:powIIPId><sln:powIIPPn>PL.PZGIK.200</sln:powIIPPn><sln:powIIPWersja>2017-10-10T00:00:00+02:00</sln:powIIPWersja><sln:powIdTeryt>1215</sln:powIdTeryt><sln:powNazwa>suski</sln:powNazwa><sln:waznyOd>2015-09-28T00:00:00+02:00</sln:waznyOd><sln:wojIIPId>dd2e3c64-f861-47cf-a3a3-e7751f272b2f</sln:wojIIPId><sln:wojIIPPn>PL.PZGIK.200</sln:wojIIPPn><sln:wojIIPWersja>2017-10-10T00:00:00+02:00</sln:wojIIPWersja><sln:wojIdTeryt>12</sln:wojIdTeryt><sln:wojNazwa>małopolskie</sln:wojNazwa></sln:miejscowosc><sln:miejscowosc><sln:cyklZyciaDo>2017-04-21T00:00:00+02:00</sln:cyklZyciaDo><sln:cyklZyciaOd>2015-12-17T00:00:00+01:00</sln:cyklZyciaOd><sln:gmIIPId>328825a4-5a88-42fb-acc3-e32c7f1dbf51</sln:gmIIPId><sln:gmIIPPn>PL.PZGIK.200</sln:gmIIPPn><sln:gmIIPWersja>2012-09-26T22:12:02+02:00</sln:gmIIPWersja><sln:gmIdTeryt>1215063</sln:gmIdTeryt><sln:gmNazwa>Maków Podhalański</sln:gmNazwa><sln:miejscIIPId>27c5430c-6450-4e54-b289-d56ef58e648a</sln:miejscIIPId><sln:miejscIIPPn>PL.PZGIK.200</sln:miejscIIPPn><sln:miejscIIPWersja>2016-11-24T13:15:17+02:00</sln:miejscIIPWersja><sln:miejscIdTeryt>0924537</sln:miejscIdTeryt><sln:miejscNazwa>Maków Podhalański</sln:miejscNazwa><sln:miejscRodzaj>Miasto</sln:miejscRodzaj><sln:powIIPId>449427a1-a4c0-468a-b0ac-8da55c551398</sln:powIIPId><sln:powIIPPn>PL.PZGIK.200</sln:powIIPPn><sln:powIIPWersja>2017-10-10T00:00:00+02:00</sln:powIIPWersja><sln:powIdTeryt>1215</sln:powIdTeryt><sln:powNazwa>suski</sln:powNazwa><sln:waznyOd>2015-09-28T00:00:00+02:00</sln:waznyOd><sln:wojIIPId>dd2e3c64-f861-47cf-a3a3-e7751f272b2f</sln:wojIIPId><sln:wojIIPPn>PL.PZGIK.200</sln:wojIIPPn><sln:wojIIPWersja>2017-10-10T00:00:00+02:00</sln:wojIIPWersja><sln:wojIdTeryt>12</sln:wojIdTeryt><sln:wojNazwa>małopolskie</sln:wojNazwa></sln:miejscowosc><sln:miejscowosc><sln:cyklZyciaDo>2017-04-21T00:00:00+02:00</sln:cyklZyciaDo><sln:cyklZyciaOd>2015-12-17T00:00:00+01:00</sln:cyklZyciaOd><sln:gmIIPId>328825a4-5a88-42fb-acc3-e32c7f1dbf51</sln:gmIIPId><sln:gmIIPPn>PL.PZGIK.200</sln:gmIIPPn><sln:gmIIPWersja>2012-09-26T22:12:02+02:00</sln:gmIIPWersja><sln:gmIdTeryt>1215063</sln:gmIdTeryt><sln:gmNazwa>Maków Podhalański</sln:gmNazwa><sln:miejscIIPId>5ec67a53-f0c9-4ca5-8023-26e15ba5d0d4</sln:miejscIIPId><sln:miejscIIPPn>PL.PZGIK.200</sln:miejscIIPPn><sln:miejscIIPWersja>2016-11-24T08:45:35+02:00</sln:miejscIIPWersja><sln:miejscIdTeryt>0061384</sln:miejscIdTeryt><sln:miejscNazwa>Wieprzec</sln:miejscNazwa><sln:miejscRodzaj>Wieś</sln:miejscRodzaj><sln:powIIPId>449427a1-a4c0-468a-b0ac-8da55c551398</sln:powIIPId><sln:powIIPPn>PL.PZGIK.200</sln:powIIPPn><sln:powIIPWersja>2017-10-10T00:00:00+02:00</sln:powIIPWersja><sln:powIdTeryt>1215</sln:powIdTeryt><sln:powNazwa>suski</sln:powNazwa><sln:waznyOd>2015-09-28T00:00:00+02:00</sln:waznyOd><sln:wojIIPId>dd2e3c64-f861-47cf-a3a3-e7751f272b2f</sln:wojIIPId><sln:wojIIPPn>PL.PZGIK.200</sln:wojIIPPn><sln:wojIIPWersja>2017-10-10T00:00:00+02:00</sln:wojIIPWersja><sln:wojIdTeryt>12</sln:wojIdTeryt><sln:wojNazwa>małopolskie</sln:wojNazwa></sln:miejscowosc><sln:miejscowosc><sln:cyklZyciaDo>2017-04-21T00:00:00+02:00</sln:cyklZyciaDo><sln:cyklZyciaOd>2015-12-17T00:00:00+01:00</sln:cyklZyciaOd><sln:gmIIPId>328825a4-5a88-42fb-acc3-e32c7f1dbf51</sln:gmIIPId><sln:gmIIPPn>PL.PZGIK.200</sln:gmIIPPn><sln:gmIIPWersja>2012-09-26T22:12:02+02:00</sln:gmIIPWersja><sln:gmIdTeryt>1215063</sln:gmIdTeryt><sln:gmNazwa>Maków Podhalański</sln:gmNazwa><sln:miejscIIPId>e53950a6-b0d0-4245-b0a4-db41c2554b62</sln:miejscIIPId><sln:miejscIIPPn>PL.PZGIK.200</sln:miejscIIPPn><sln:miejscIIPWersja>2016-11-24T08:45:37+02:00</sln:miejscIIPWersja><sln:miejscIdTeryt>0061480</sln:miejscIdTeryt><sln:miejscNazwa>Żarnówka</sln:miejscNazwa><sln:miejscRodzaj>Wieś</sln:miejscRodzaj><sln:powIIPId>449427a1-a4c0-468a-b0ac-8da55c551398</sln:powIIPId><sln:powIIPPn>PL.PZGIK.200</sln:powIIPPn><sln:powIIPWersja>2017-10-10T00:00:00+02:00</sln:powIIPWersja><sln:powIdTeryt>1215</sln:powIdTeryt><sln:powNazwa>suski</sln:powNazwa><sln:waznyOd>2015-09-28T00:00:00+02:00</sln:waznyOd><sln:wojIIPId>dd2e3c64-f861-47cf-a3a3-e7751f272b2f</sln:wojIIPId><sln:wojIIPPn>PL.PZGIK.200</sln:wojIIPPn><sln:wojIIPWersja>2017-10-10T00:00:00+02:00</sln:wojIIPWersja><sln:wojIdTeryt>12</sln:wojIdTeryt><sln:wojNazwa>małopolskie</sln:wojNazwa></sln:miejscowosc><sln:miejscowosc><sln:cyklZyciaDo>2015-12-15T00:00:00+01:00</sln:cyklZyciaDo><sln:cyklZyciaOd>2015-12-15T00:00:00+01:00</sln:cyklZyciaOd><sln:gmIIPId>328825a4-5a88-42fb-acc3-e32c7f1dbf51</sln:gmIIPId><sln:gmIIPPn>PL.PZGIK.200</sln:gmIIPPn><sln:gmIIPWersja>2012-09-26T22:12:02+02:00</sln:gmIIPWersja><sln:gmIdTeryt>1215063</sln:gmIdTeryt><sln:gmNazwa>Maków Podhalański</sln:gmNazwa><sln:miejscIIPId>e17bfac0-c8ad-4074-9539-2c446603656c</sln:miejscIIPId><sln:miejscIIPPn>PL.PZGIK.200</sln:miejscIIPPn><sln:miejscIIPWersja>2016-11-24T08:45:28+02:00</sln:miejscIIPWersja><sln:miejscIdTeryt>0059967</sln:miejscIdTeryt><sln:miejscNazwa>Białka</sln:miejscNazwa><sln:miejscRodzaj>Wieś</sln:miejscRodzaj><sln:powIIPId>449427a1-a4c0-468a-b0ac-8da55c551398</sln:powIIPId><sln:powIIPPn>PL.PZGIK.200</sln:powIIPPn><sln:powIIPWersja>2017-10-10T00:00:00+02:00</sln:powIIPWersja><sln:powIdTeryt>1215</sln:powIdTeryt><sln:powNazwa>suski</sln:powNazwa><sln:waznyOd>2015-09-28T00:00:00+02:00</sln:waznyOd><sln:wojIIPId>dd2e3c64-f861-47cf-a3a3-e7751f272b2f</sln:wojIIPId><sln:wojIIPPn>PL.PZGIK.200</sln:wojIIPPn><sln:wojIIPWersja>2017-10-10T00:00:00+02:00</sln:wojIIPWersja><sln:wojIdTeryt>12</sln:wojIdTeryt><sln:wojNazwa>małopolskie</sln:wojNazwa></sln:miejscowosc><sln:miejscowosc><sln:cyklZyciaDo>2015-12-15T00:00:00+01:00</sln:cyklZyciaDo><sln:cyklZyciaOd>2015-12-15T00:00:00+01:00</sln:cyklZyciaOd><sln:gmIIPId>328825a4-5a88-42fb-acc3-e32c7f1dbf51</sln:gmIIPId><sln:gmIIPPn>PL.PZGIK.200</sln:gmIIPPn><sln:gmIIPWersja>2012-09-26T22:12:02+02:00</sln:gmIIPWersja><sln:gmIdTeryt>1215063</sln:gmIdTeryt><sln:gmNazwa>Maków Podhalański</sln:gmNazwa><sln:miejscIIPId>07445b17-1299-47a4-a59b-e28e8a797fe3</sln:miejscIIPId><sln:miejscIIPPn>PL.PZGIK.200</sln:miejscIIPPn><sln:miejscIIPWersja>2016-11-24T08:45:30+02:00</sln:miejscIIPWersja><sln:miejscIdTeryt>0060255</sln:miejscIdTeryt><sln:miejscNazwa>Grzechynia</sln:miejscNazwa><sln:miejscRodzaj>Wieś</sln:miejscRodzaj><sln:powIIPId>449427a1-a4c0-468a-b0ac-8da55c551398</sln:powIIPId><sln:powIIPPn>PL.PZGIK.200</sln:powIIPPn><sln:powIIPWersja>2017-10-10T00:00:00+02:00</sln:powIIPWersja><sln:powIdTeryt>1215</sln:powIdTeryt><sln:powNazwa>suski</sln:powNazwa><sln:waznyOd>2015-09-28T00:00:00+02:00</sln:waznyOd><sln:wojIIPId>dd2e3c64-f861-47cf-a3a3-e7751f272b2f</sln:wojIIPId><sln:wojIIPPn>PL.PZGIK.200</sln:wojIIPPn><sln:wojIIPWersja>2017-10-10T00:00:00+02:00</sln:wojIIPWersja><sln:wojIdTeryt>12</sln:wojIdTeryt><sln:wojNazwa>małopolskie</sln:wojNazwa></sln:miejscowosc><sln:miejscowosc><sln:cyklZyciaDo>2015-12-15T00:00:00+01:00</sln:cyklZyciaDo><sln:cyklZyciaOd>2015-12-15T00:00:00+01:00</sln:cyklZyciaOd><sln:gmIIPId>328825a4-5a88-42fb-acc3-e32c7f1dbf51</sln:gmIIPId><sln:gmIIPPn>PL.PZGIK.200</sln:gmIIPPn><sln:gmIIPWersja>2012-09-26T22:12:02+02:00</sln:gmIIPWersja><sln:gmIdTeryt>1215063</sln:gmIdTeryt><sln:gmNazwa>Maków Podhalański</sln:gmNazwa><sln:miejscIIPId>646cbb33-ef5a-4beb-a079-43a4b401c5a3</sln:miejscIIPId><sln:miejscIIPPn>PL.PZGIK.200</sln:miejscIIPPn><sln:miejscIIPWersja>2016-11-24T08:45:32+02:00</sln:miejscIIPWersja><sln:miejscIdTeryt>0060717</sln:miejscIdTeryt><sln:miejscNazwa>Juszczyn</sln:miejscNazwa><sln:miejscRodzaj>Wieś</sln:miejscRodzaj><sln:powIIPId>449427a1-a4c0-468a-b0ac-8da55c551398</sln:powIIPId><sln:powIIPPn>PL.PZGIK.200</sln:powIIPPn><sln:powIIPWersja>2017-10-10T00:00:00+02:00</sln:powIIPWersja><sln:powIdTeryt>1215</sln:powIdTeryt><sln:powNazwa>suski</sln:powNazwa><sln:waznyOd>2015-09-28T00:00:00+02:00</sln:waznyOd><sln:wojIIPId>dd2e3c64-f861-47cf-a3a3-e7751f272b2f</sln:wojIIPId><sln:wojIIPPn>PL.PZGIK.200</sln:wojIIPPn><sln:wojIIPWersja>2017-10-10T00:00:00+02:00</sln:wojIIPWersja><sln:wojIdTeryt>12</sln:wojIdTeryt><sln:wojNazwa>małopolskie</sln:wojNazwa></sln:miejscowosc><sln:miejscowosc><sln:cyklZyciaDo>2015-12-15T00:00:00+01:00</sln:cyklZyciaDo><sln:cyklZyciaOd>2015-12-15T00:00:00+01:00</sln:cyklZyciaOd><sln:gmIIPId>328825a4-5a88-42fb-acc3-e32c7f1dbf51</sln:gmIIPId><sln:gmIIPPn>PL.PZGIK.200</sln:gmIIPPn><sln:gmIIPWersja>2012-09-26T22:12:02+02:00</sln:gmIIPWersja><sln:gmIdTeryt>1215063</sln:gmIdTeryt><sln:gmNazwa>Maków Podhalański</sln:gmNazwa><sln:miejscIIPId>b7eaa8fc-1934-4b83-8bd0-4ff2ef69938e</sln:miejscIIPId><sln:miejscIIPPn>PL.PZGIK.200</sln:miejscIIPPn><sln:miejscIIPWersja>2016-11-24T08:45:34+02:00</sln:miejscIIPWersja><sln:miejscIdTeryt>0061208</sln:miejscIdTeryt><sln:miejscNazwa>Kojszówka</sln:miejscNazwa><sln:miejscRodzaj>Wieś</sln:miejscRodzaj><sln:powIIPId>449427a1-a4c0-468a-b0ac-8da55c551398</sln:powIIPId><sln:powIIPPn>PL.PZGIK.200</sln:powIIPPn><sln:powIIPWersja>2017-10-10T00:00:00+02:00</sln:powIIPWersja><sln:powIdTeryt>1215</sln:powIdTeryt><sln:powNazwa>suski</sln:powNazwa><sln:waznyOd>2015-09-28T00:00:00+02:00</sln:waznyOd><sln:wojIIPId>dd2e3c64-f861-47cf-a3a3-e7751f272b2f</sln:wojIIPId><sln:wojIIPPn>PL.PZGIK.200</sln:wojIIPPn><sln:wojIIPWersja>2017-10-10T00:00:00+02:00</sln:wojIIPWersja><sln:wojIdTeryt>12</sln:wojIdTeryt><sln:wojNazwa>małopolskie</sln:wojNazwa></sln:miejscowosc><sln:miejscowosc><sln:cyklZyciaDo>2015-12-15T00:00:00+01:00</sln:cyklZyciaDo><sln:cyklZyciaOd>2015-12-15T00:00:00+01:00</sln:cyklZyciaOd><sln:gmIIPId>328825a4-5a88-42fb-acc3-e32c7f1dbf51</sln:gmIIPId><sln:gmIIPPn>PL.PZGIK.200</sln:gmIIPPn><sln:gmIIPWersja>2012-09-26T22:12:02+02:00</sln:gmIIPWersja><sln:gmIdTeryt>1215063</sln:gmIdTeryt><sln:gmNazwa>Maków Podhalański</sln:gmNazwa><sln:miejscIIPId>27c5430c-6450-4e54-b289-d56ef58e648a</sln:miejscIIPId><sln:miejscIIPPn>PL.PZGIK.200</sln:miejscIIPPn><sln:miejscIIPWersja>2016-11-24T13:15:18+02:00</sln:miejscIIPWersja><sln:miejscIdTeryt>0924537</sln:miejscIdTeryt><sln:miejscNazwa>Maków Podhalański</sln:miejscNazwa><sln:miejscRodzaj>Miasto</sln:miejscRodzaj><sln:powIIPId>449427a1-a4c0-468a-b0ac-8da55c551398</sln:powIIPId><sln:powIIPPn>PL.PZGIK.200</sln:powIIPPn><sln:powIIPWersja>2017-10-10T00:00:00+02:00</sln:powIIPWersja><sln:powIdTeryt>1215</sln:powIdTeryt><sln:powNazwa>suski</sln:powNazwa><sln:waznyOd>2015-09-28T00:00:00+02:00</sln:waznyOd><sln:wojIIPId>dd2e3c64-f861-47cf-a3a3-e7751f272b2f</sln:wojIIPId><sln:wojIIPPn>PL.PZGIK.200</sln:wojIIPPn><sln:wojIIPWersja>2017-10-10T00:00:00+02:00</sln:wojIIPWersja><sln:wojIdTeryt>12</sln:wojIdTeryt><sln:wojNazwa>małopolskie</sln:wojNazwa></sln:miejscowosc><sln:miejscowosc><sln:cyklZyciaDo>2015-12-15T00:00:00+01:00</sln:cyklZyciaDo><sln:cyklZyciaOd>2015-12-15T00:00:00+01:00</sln:cyklZyciaOd><sln:gmIIPId>328825a4-5a88-42fb-acc3-e32c7f1dbf51</sln:gmIIPId><sln:gmIIPPn>PL.PZGIK.200</sln:gmIIPPn><sln:gmIIPWersja>2012-09-26T22:12:02+02:00</sln:gmIIPWersja><sln:gmIdTeryt>1215063</sln:gmIdTeryt><sln:gmNazwa>Maków Podhalański</sln:gmNazwa><sln:miejscIIPId>5ec67a53-f0c9-4ca5-8023-26e15ba5d0d4</sln:miejscIIPId><sln:miejscIIPPn>PL.PZGIK.200</sln:miejscIIPPn><sln:miejscIIPWersja>2016-11-24T08:45:36+02:00</sln:miejscIIPWersja><sln:miejscIdTeryt>0061384</sln:miejscIdTeryt><sln:miejscNazwa>Wieprzec</sln:miejscNazwa><sln:miejscRodzaj>Wieś</sln:miejscRodzaj><sln:powIIPId>449427a1-a4c0-468a-b0ac-8da55c551398</sln:powIIPId><sln:powIIPPn>PL.PZGIK.200</sln:powIIPPn><sln:powIIPWersja>2017-10-10T00:00:00+02:00</sln:powIIPWersja><sln:powIdTeryt>1215</sln:powIdTeryt><sln:powNazwa>suski</sln:powNazwa><sln:waznyOd>2015-09-28T00:00:00+02:00</sln:waznyOd><sln:wojIIPId>dd2e3c64-f861-47cf-a3a3-e7751f272b2f</sln:wojIIPId><sln:wojIIPPn>PL.PZGIK.200</sln:wojIIPPn><sln:wojIIPWersja>2017-10-10T00:00:00+02:00</sln:wojIIPWersja><sln:wojIdTeryt>12</sln:wojIdTeryt><sln:wojNazwa>małopolskie</sln:wojNazwa></sln:miejscowosc><sln:miejscowosc><sln:cyklZyciaDo>2015-12-15T00:00:00+01:00</sln:cyklZyciaDo><sln:cyklZyciaOd>2015-12-15T00:00:00+01:00</sln:cyklZyciaOd><sln:gmIIPId>328825a4-5a88-42fb-acc3-e32c7f1dbf51</sln:gmIIPId><sln:gmIIPPn>PL.PZGIK.200</sln:gmIIPPn><sln:gmIIPWersja>2012-09-26T22:12:02+02:00</sln:gmIIPWersja><sln:gmIdTeryt>1215063</sln:gmIdTeryt><sln:gmNazwa>Maków Podhalański</sln:gmNazwa><sln:miejscIIPId>e53950a6-b0d0-4245-b0a4-db41c2554b62</sln:miejscIIPId><sln:miejscIIPPn>PL.PZGIK.200</sln:miejscIIPPn><sln:miejscIIPWersja>2016-11-24T08:45:38+02:00</sln:miejscIIPWersja><sln:miejscIdTeryt>0061480</sln:miejscIdTeryt><sln:miejscNazwa>Żarnówka</sln:miejscNazwa><sln:miejscRodzaj>Wieś</sln:miejscRodzaj><sln:powIIPId>449427a1-a4c0-468a-b0ac-8da55c551398</sln:powIIPId><sln:powIIPPn>PL.PZGIK.200</sln:powIIPPn><sln:powIIPWersja>2017-10-10T00:00:00+02:00</sln:powIIPWersja><sln:powIdTeryt>1215</sln:powIdTeryt><sln:powNazwa>suski</sln:powNazwa><sln:waznyOd>2015-09-28T00:00:00+02:00</sln:waznyOd><sln:wojIIPId>dd2e3c64-f861-47cf-a3a3-e7751f272b2f</sln:wojIIPId><sln:wojIIPPn>PL.PZGIK.200</sln:wojIIPPn><sln:wojIIPWersja>2017-10-10T00:00:00+02:00</sln:wojIIPWersja><sln:wojIdTeryt>12</sln:wojIdTeryt><sln:wojNazwa>małopolskie</sln:wojNazwa></sln:miejscowosc><sln:miejscowosc><sln:cyklZyciaDo>2015-12-17T00:00:00+01:00</sln:cyklZyciaDo><sln:cyklZyciaOd>2015-12-15T00:00:00+01:00</sln:cyklZyciaOd><sln:gmIIPId>328825a4-5a88-42fb-acc3-e32c7f1dbf51</sln:gmIIPId><sln:gmIIPPn>PL.PZGIK.200</sln:gmIIPPn><sln:gmIIPWersja>2012-09-26T22:12:02+02:00</sln:gmIIPWersja><sln:gmIdTeryt>1215063</sln:gmIdTeryt><sln:gmNazwa>Maków Podhalański</sln:gmNazwa><sln:miejscIIPId>e17bfac0-c8ad-4074-9539-2c446603656c</sln:miejscIIPId><sln:miejscIIPPn>PL.PZGIK.200</sln:miejscIIPPn><sln:miejscIIPWersja>2016-11-24T08:45:29+02:00</sln:miejscIIPWersja><sln:miejscIdTeryt>0059967</sln:miejscIdTeryt><sln:miejscNazwa>Białka</sln:miejscNazwa><sln:miejscRodzaj>Wieś</sln:miejscRodzaj><sln:powIIPId>449427a1-a4c0-468a-b0ac-8da55c551398</sln:powIIPId><sln:powIIPPn>PL.PZGIK.200</sln:powIIPPn><sln:powIIPWersja>2017-10-10T00:00:00+02:00</sln:powIIPWersja><sln:powIdTeryt>1215</sln:powIdTeryt><sln:powNazwa>suski</sln:powNazwa><sln:waznyOd>2015-09-28T00:00:00+02:00</sln:waznyOd><sln:wojIIPId>dd2e3c64-f861-47cf-a3a3-e7751f272b2f</sln:wojIIPId><sln:wojIIPPn>PL.PZGIK.200</sln:wojIIPPn><sln:wojIIPWersja>2017-10-10T00:00:00+02:00</sln:wojIIPWersja><sln:wojIdTeryt>12</sln:wojIdTeryt><sln:wojNazwa>małopolskie</sln:wojNazwa></sln:miejscowosc><sln:miejscowosc><sln:cyklZyciaDo>2015-12-17T00:00:00+01:00</sln:cyklZyciaDo><sln:cyklZyciaOd>2015-12-15T00:00:00+01:00</sln:cyklZyciaOd><sln:gmIIPId>328825a4-5a88-42fb-acc3-e32c7f1dbf51</sln:gmIIPId><sln:gmIIPPn>PL.PZGIK.200</sln:gmIIPPn><sln:gmIIPWersja>2012-09-26T22:12:02+02:00</sln:gmIIPWersja><sln:gmIdTeryt>1215063</sln:gmIdTeryt><sln:gmNazwa>Maków Podhalański</sln:gmNazwa><sln:miejscIIPId>646cbb33-ef5a-4beb-a079-43a4b401c5a3</sln:miejscIIPId><sln:miejscIIPPn>PL.PZGIK.200</sln:miejscIIPPn><sln:miejscIIPWersja>2016-11-24T08:45:33+02:00</sln:miejscIIPWersja><sln:miejscIdTeryt>0060717</sln:miejscIdTeryt><sln:miejscNazwa>Juszczyn</sln:miejscNazwa><sln:miejscRodzaj>Wieś</sln:miejscRodzaj><sln:powIIPId>449427a1-a4c0-468a-b0ac-8da55c551398</sln:powIIPId><sln:powIIPPn>PL.PZGIK.200</sln:powIIPPn><sln:powIIPWersja>2017-10-10T00:00:00+02:00</sln:powIIPWersja><sln:powIdTeryt>1215</sln:powIdTeryt><sln:powNazwa>suski</sln:powNazwa><sln:waznyOd>2015-09-28T00:00:00+02:00</sln:waznyOd><sln:wojIIPId>dd2e3c64-f861-47cf-a3a3-e7751f272b2f</sln:wojIIPId><sln:wojIIPPn>PL.PZGIK.200</sln:wojIIPPn><sln:wojIIPWersja>2017-10-10T00:00:00+02:00</sln:wojIIPWersja><sln:wojIdTeryt>12</sln:wojIdTeryt><sln:wojNazwa>małopolskie</sln:wojNazwa></sln:miejscowosc><sln:miejscowosc><sln:cyklZyciaDo>2015-12-17T00:00:00+01:00</sln:cyklZyciaDo><sln:cyklZyciaOd>2015-12-15T00:00:00+01:00</sln:cyklZyciaOd><sln:gmIIPId>328825a4-5a88-42fb-acc3-e32c7f1dbf51</sln:gmIIPId><sln:gmIIPPn>PL.PZGIK.200</sln:gmIIPPn><sln:gmIIPWersja>2012-09-26T22:12:02+02:00</sln:gmIIPWersja><sln:gmIdTeryt>1215063</sln:gmIdTeryt><sln:gmNazwa>Maków Podhalański</sln:gmNazwa><sln:miejscIIPId>b7eaa8fc-1934-4b83-8bd0-4ff2ef69938e</sln:miejscIIPId><sln:miejscIIPPn>PL.PZGIK.200</sln:miejscIIPPn><sln:miejscIIPWersja>2016-11-24T08:45:35+02:00</sln:miejscIIPWersja><sln:miejscIdTeryt>0061208</sln:miejscIdTeryt><sln:miejscNazwa>Kojszówka</sln:miejscNazwa><sln:miejscRodzaj>Wieś</sln:miejscRodzaj><sln:powIIPId>449427a1-a4c0-468a-b0ac-8da55c551398</sln:powIIPId><sln:powIIPPn>PL.PZGIK.200</sln:powIIPPn><sln:powIIPWersja>2017-10-10T00:00:00+02:00</sln:powIIPWersja><sln:powIdTeryt>1215</sln:powIdTeryt><sln:powNazwa>suski</sln:powNazwa><sln:waznyOd>2015-09-28T00:00:00+02:00</sln:waznyOd><sln:wojIIPId>dd2e3c64-f861-47cf-a3a3-e7751f272b2f</sln:wojIIPId><sln:wojIIPPn>PL.PZGIK.200</sln:wojIIPPn><sln:wojIIPWersja>2017-10-10T00:00:00+02:00</sln:wojIIPWersja><sln:wojIdTeryt>12</sln:wojIdTeryt><sln:wojNazwa>małopolskie</sln:wojNazwa></sln:miejscowosc><sln:miejscowosc><sln:cyklZyciaDo>2015-12-17T00:00:00+01:00</sln:cyklZyciaDo><sln:cyklZyciaOd>2015-12-15T00:00:00+01:00</sln:cyklZyciaOd><sln:gmIIPId>328825a4-5a88-42fb-acc3-e32c7f1dbf51</sln:gmIIPId><sln:gmIIPPn>PL.PZGIK.200</sln:gmIIPPn><sln:gmIIPWersja>2012-09-26T22:12:02+02:00</sln:gmIIPWersja><sln:gmIdTeryt>1215063</sln:gmIdTeryt><sln:gmNazwa>Maków Podhalański</sln:gmNazwa><sln:miejscIIPId>27c5430c-6450-4e54-b289-d56ef58e648a</sln:miejscIIPId><sln:miejscIIPPn>PL.PZGIK.200</sln:miejscIIPPn><sln:miejscIIPWersja>2016-11-24T13:15:19+02:00</sln:miejscIIPWersja><sln:miejscIdTeryt>0924537</sln:miejscIdTeryt><sln:miejscNazwa>Maków Podhalański</sln:miejscNazwa><sln:miejscRodzaj>Miasto</sln:miejscRodzaj><sln:powIIPId>449427a1-a4c0-468a-b0ac-8da55c551398</sln:powIIPId><sln:powIIPPn>PL.PZGIK.200</sln:powIIPPn><sln:powIIPWersja>2017-10-10T00:00:00+02:00</sln:powIIPWersja><sln:powIdTeryt>1215</sln:powIdTeryt><sln:powNazwa>suski</sln:powNazwa><sln:waznyOd>2015-09-28T00:00:00+02:00</sln:waznyOd><sln:wojIIPId>dd2e3c64-f861-47cf-a3a3-e7751f272b2f</sln:wojIIPId><sln:wojIIPPn>PL.PZGIK.200</sln:wojIIPPn><sln:wojIIPWersja>2017-10-10T00:00:00+02:00</sln:wojIIPWersja><sln:wojIdTeryt>12</sln:wojIdTeryt><sln:wojNazwa>małopolskie</sln:wojNazwa></sln:miejscowosc><sln:miejscowosc><sln:cyklZyciaDo>2015-12-17T00:00:00+01:00</sln:cyklZyciaDo><sln:cyklZyciaOd>2015-12-15T00:00:00+01:00</sln:cyklZyciaOd><sln:gmIIPId>328825a4-5a88-42fb-acc3-e32c7f1dbf51</sln:gmIIPId><sln:gmIIPPn>PL.PZGIK.200</sln:gmIIPPn><sln:gmIIPWersja>2012-09-26T22:12:02+02:00</sln:gmIIPWersja><sln:gmIdTeryt>1215063</sln:gmIdTeryt><sln:gmNazwa>Maków Podhalański</sln:gmNazwa><sln:miejscIIPId>5ec67a53-f0c9-4ca5-8023-26e15ba5d0d4</sln:miejscIIPId><sln:miejscIIPPn>PL.PZGIK.200</sln:miejscIIPPn><sln:miejscIIPWersja>2016-11-24T08:45:37+02:00</sln:miejscIIPWersja><sln:miejscIdTeryt>0061384</sln:miejscIdTeryt><sln:miejscNazwa>Wieprzec</sln:miejscNazwa><sln:miejscRodzaj>Wieś</sln:miejscRodzaj><sln:powIIPId>449427a1-a4c0-468a-b0ac-8da55c551398</sln:powIIPId><sln:powIIPPn>PL.PZGIK.200</sln:powIIPPn><sln:powIIPWersja>2017-10-10T00:00:00+02:00</sln:powIIPWersja><sln:powIdTeryt>1215</sln:powIdTeryt><sln:powNazwa>suski</sln:powNazwa><sln:waznyOd>2015-09-28T00:00:00+02:00</sln:waznyOd><sln:wojIIPId>dd2e3c64-f861-47cf-a3a3-e7751f272b2f</sln:wojIIPId><sln:wojIIPPn>PL.PZGIK.200</sln:wojIIPPn><sln:wojIIPWersja>2017-10-10T00:00:00+02:00</sln:wojIIPWersja><sln:wojIdTeryt>12</sln:wojIdTeryt><sln:wojNazwa>małopolskie</sln:wojNazwa></sln:miejscowosc><sln:miejscowosc><sln:cyklZyciaDo>2015-12-17T00:00:00+01:00</sln:cyklZyciaDo><sln:cyklZyciaOd>2015-12-15T00:00:00+01:00</sln:cyklZyciaOd><sln:gmIIPId>328825a4-5a88-42fb-acc3-e32c7f1dbf51</sln:gmIIPId><sln:gmIIPPn>PL.PZGIK.200</sln:gmIIPPn><sln:gmIIPWersja>2012-09-26T22:12:02+02:00</sln:gmIIPWersja><sln:gmIdTeryt>1215063</sln:gmIdTeryt><sln:gmNazwa>Maków Podhalański</sln:gmNazwa><sln:miejscIIPId>e53950a6-b0d0-4245-b0a4-db41c2554b62</sln:miejscIIPId><sln:miejscIIPPn>PL.PZGIK.200</sln:miejscIIPPn><sln:miejscIIPWersja>2016-11-24T08:45:39+02:00</sln:miejscIIPWersja><sln:miejscIdTeryt>0061480</sln:miejscIdTeryt><sln:miejscNazwa>Żarnówka</sln:miejscNazwa><sln:miejscRodzaj>Wieś</sln:miejscRodzaj><sln:powIIPId>449427a1-a4c0-468a-b0ac-8da55c551398</sln:powIIPId><sln:powIIPPn>PL.PZGIK.200</sln:powIIPPn><sln:powIIPWersja>2017-10-10T00:00:00+02:00</sln:powIIPWersja><sln:powIdTeryt>1215</sln:powIdTeryt><sln:powNazwa>suski</sln:powNazwa><sln:waznyOd>2015-09-28T00:00:00+02:00</sln:waznyOd><sln:wojIIPId>dd2e3c64-f861-47cf-a3a3-e7751f272b2f</sln:wojIIPId><sln:wojIIPPn>PL.PZGIK.200</sln:wojIIPPn><sln:wojIIPWersja>2017-10-10T00:00:00+02:00</sln:wojIIPWersja><sln:wojIdTeryt>12</sln:wojIdTeryt><sln:wojNazwa>małopolskie</sln:wojNazwa></sln:miejscowosc><sln:miejscowosc><sln:cyklZyciaDo>2015-12-17T00:00:00+01:00</sln:cyklZyciaDo><sln:cyklZyciaOd>2015-12-15T00:00:00+01:00</sln:cyklZyciaOd><sln:gmIIPId>328825a4-5a88-42fb-acc3-e32c7f1dbf51</sln:gmIIPId><sln:gmIIPPn>PL.PZGIK.200</sln:gmIIPPn><sln:gmIIPWersja>2012-09-26T22:12:02+02:00</sln:gmIIPWersja><sln:gmIdTeryt>1215063</sln:gmIdTeryt><sln:gmNazwa>Maków Podhalański</sln:gmNazwa><sln:miejscIIPId>07445b17-1299-47a4-a59b-e28e8a797fe3</sln:miejscIIPId><sln:miejscIIPPn>PL.PZGIK.200</sln:miejscIIPPn><sln:miejscIIPWersja>2016-11-24T08:45:31+02:00</sln:miejscIIPWersja><sln:miejscIdTeryt>0060255</sln:miejscIdTeryt><sln:miejscNazwa>Grzechynia</sln:miejscNazwa><sln:miejscRodzaj>Wieś</sln:miejscRodzaj><sln:powIIPId>449427a1-a4c0-468a-b0ac-8da55c551398</sln:powIIPId><sln:powIIPPn>PL.PZGIK.200</sln:powIIPPn><sln:powIIPWersja>2017-10-10T00:00:00+02:00</sln:powIIPWersja><sln:powIdTeryt>1215</sln:powIdTeryt><sln:powNazwa>suski</sln:powNazwa><sln:waznyOd>2015-09-28T00:00:00+02:00</sln:waznyOd><sln:wojIIPId>dd2e3c64-f861-47cf-a3a3-e7751f272b2f</sln:wojIIPId><sln:wojIIPPn>PL.PZGIK.200</sln:wojIIPPn><sln:wojIIPWersja>2017-10-10T00:00:00+02:00</sln:wojIIPWersja><sln:wojIdTeryt>12</sln:wojIdTeryt><sln:wojNazwa>małopolskie</sln:wojNazwa></sln:miejscowosc><sln:miejscowosc><sln:cyklZyciaOd>2017-04-21T00:00:00+02:00</sln:cyklZyciaOd><sln:gmIIPId>328825a4-5a88-42fb-acc3-e32c7f1dbf51</sln:gmIIPId><sln:gmIIPPn>PL.PZGIK.200</sln:gmIIPPn><sln:gmIIPWersja>2012-09-26T22:12:02+02:00</sln:gmIIPWersja><sln:gmIdTeryt>1215063</sln:gmIdTeryt><sln:gmNazwa>Maków Podhalański</sln:gmNazwa><sln:miejscIIPId>e17bfac0-c8ad-4074-9539-2c446603656c</sln:miejscIIPId><sln:miejscIIPPn>PL.PZGIK.200</sln:miejscIIPPn><sln:miejscIIPWersja>2017-04-21T14:19:03+02:00</sln:miejscIIPWersja><sln:miejscIdTeryt>0059967</sln:miejscIdTeryt><sln:miejscNazwa>Białka</sln:miejscNazwa><sln:miejscRodzaj>Wieś</sln:miejscRodzaj><sln:powIIPId>449427a1-a4c0-468a-b0ac-8da55c551398</sln:powIIPId><sln:powIIPPn>PL.PZGIK.200</sln:powIIPPn><sln:powIIPWersja>2017-10-10T00:00:00+02:00</sln:powIIPWersja><sln:powIdTeryt>1215</sln:powIdTeryt><sln:powNazwa>suski</sln:powNazwa><sln:waznyOd>2015-09-28T00:00:00+02:00</sln:waznyOd><sln:wojIIPId>dd2e3c64-f861-47cf-a3a3-e7751f272b2f</sln:wojIIPId><sln:wojIIPPn>PL.PZGIK.200</sln:wojIIPPn><sln:wojIIPWersja>2017-10-10T00:00:00+02:00</sln:wojIIPWersja><sln:wojIdTeryt>12</sln:wojIdTeryt><sln:wojNazwa>małopolskie</sln:wojNazwa></sln:miejscowosc><sln:miejscowosc><sln:cyklZyciaOd>2017-04-21T00:00:00+02:00</sln:cyklZyciaOd><sln:gmIIPId>328825a4-5a88-42fb-acc3-e32c7f1dbf51</sln:gmIIPId><sln:gmIIPPn>PL.PZGIK.200</sln:gmIIPPn><sln:gmIIPWersja>2012-09-26T22:12:02+02:00</sln:gmIIPWersja><sln:gmIdTeryt>1215063</sln:gmIdTeryt><sln:gmNazwa>Maków Podhalański</sln:gmNazwa><sln:miejscIIPId>07445b17-1299-47a4-a59b-e28e8a797fe3</sln:miejscIIPId><sln:miejscIIPPn>PL.PZGIK.200</sln:miejscIIPPn><sln:miejscIIPWersja>2017-04-21T14:19:09+02:00</sln:miejscIIPWersja><sln:miejscIdTeryt>0060255</sln:miejscIdTeryt><sln:miejscNazwa>Grzechynia</sln:miejscNazwa><sln:miejscRodzaj>Wieś</sln:miejscRodzaj><sln:powIIPId>449427a1-a4c0-468a-b0ac-8da55c551398</sln:powIIPId><sln:powIIPPn>PL.PZGIK.200</sln:powIIPPn><sln:powIIPWersja>2017-10-10T00:00:00+02:00</sln:powIIPWersja><sln:powIdTeryt>1215</sln:powIdTeryt><sln:powNazwa>suski</sln:powNazwa><sln:waznyOd>2015-09-28T00:00:00+02:00</sln:waznyOd><sln:wojIIPId>dd2e3c64-f861-47cf-a3a3-e7751f272b2f</sln:wojIIPId><sln:wojIIPPn>PL.PZGIK.200</sln:wojIIPPn><sln:wojIIPWersja>2017-10-10T00:00:00+02:00</sln:wojIIPWersja><sln:wojIdTeryt>12</sln:wojIdTeryt><sln:wojNazwa>małopolskie</sln:wojNazwa></sln:miejscowosc><sln:miejscowosc><sln:cyklZyciaOd>2017-04-21T00:00:00+02:00</sln:cyklZyciaOd><sln:gmIIPId>328825a4-5a88-42fb-acc3-e32c7f1dbf51</sln:gmIIPId><sln:gmIIPPn>PL.PZGIK.200</sln:gmIIPPn><sln:gmIIPWersja>2012-09-26T22:12:02+02:00</sln:gmIIPWersja><sln:gmIdTeryt>1215063</sln:gmIdTeryt><sln:gmNazwa>Maków Podhalański</sln:gmNazwa><sln:miejscIIPId>646cbb33-ef5a-4beb-a079-43a4b401c5a3</sln:miejscIIPId><sln:miejscIIPPn>PL.PZGIK.200</sln:miejscIIPPn><sln:miejscIIPWersja>2017-04-21T14:19:09+02:00</sln:miejscIIPWersja><sln:miejscIdTeryt>0060717</sln:miejscIdTeryt><sln:miejscNazwa>Juszczyn</sln:miejscNazwa><sln:miejscRodzaj>Wieś</sln:miejscRodzaj><sln:powIIPId>449427a1-a4c0-468a-b0ac-8da55c551398</sln:powIIPId><sln:powIIPPn>PL.PZGIK.200</sln:powIIPPn><sln:powIIPWersja>2017-10-10T00:00:00+02:00</sln:powIIPWersja><sln:powIdTeryt>1215</sln:powIdTeryt><sln:powNazwa>suski</sln:powNazwa><sln:waznyOd>2015-09-28T00:00:00+02:00</sln:waznyOd><sln:wojIIPId>dd2e3c64-f861-47cf-a3a3-e7751f272b2f</sln:wojIIPId><sln:wojIIPPn>PL.PZGIK.200</sln:wojIIPPn><sln:wojIIPWersja>2017-10-10T00:00:00+02:00</sln:wojIIPWersja><sln:wojIdTeryt>12</sln:wojIdTeryt><sln:wojNazwa>małopolskie</sln:wojNazwa></sln:miejscowosc><sln:miejscowosc><sln:cyklZyciaOd>2017-04-21T00:00:00+02:00</sln:cyklZyciaOd><sln:gmIIPId>328825a4-5a88-42fb-acc3-e32c7f1dbf51</sln:gmIIPId><sln:gmIIPPn>PL.PZGIK.200</sln:gmIIPPn><sln:gmIIPWersja>2012-09-26T22:12:02+02:00</sln:gmIIPWersja><sln:gmIdTeryt>1215063</sln:gmIdTeryt><sln:gmNazwa>Maków Podhalański</sln:gmNazwa><sln:miejscIIPId>b7eaa8fc-1934-4b83-8bd0-4ff2ef69938e</sln:miejscIIPId><sln:miejscIIPPn>PL.PZGIK.200</sln:miejscIIPPn><sln:miejscIIPWersja>2017-04-21T14:19:09+02:00</sln:miejscIIPWersja><sln:miejscIdTeryt>0061208</sln:miejscIdTeryt><sln:miejscNazwa>Kojszówka</sln:miejscNazwa><sln:miejscRodzaj>Wieś</sln:miejscRodzaj><sln:powIIPId>449427a1-a4c0-468a-b0ac-8da55c551398</sln:powIIPId><sln:powIIPPn>PL.PZGIK.200</sln:powIIPPn><sln:powIIPWersja>2017-10-10T00:00:00+02:00</sln:powIIPWersja><sln:powIdTeryt>1215</sln:powIdTeryt><sln:powNazwa>suski</sln:powNazwa><sln:waznyOd>2015-09-28T00:00:00+02:00</sln:waznyOd><sln:wojIIPId>dd2e3c64-f861-47cf-a3a3-e7751f272b2f</sln:wojIIPId><sln:wojIIPPn>PL.PZGIK.200</sln:wojIIPPn><sln:wojIIPWersja>2017-10-10T00:00:00+02:00</sln:wojIIPWersja><sln:wojIdTeryt>12</sln:wojIdTeryt><sln:wojNazwa>małopolskie</sln:wojNazwa></sln:miejscowosc><sln:miejscowosc><sln:cyklZyciaOd>2017-04-21T00:00:00+02:00</sln:cyklZyciaOd><sln:gmIIPId>328825a4-5a88-42fb-acc3-e32c7f1dbf51</sln:gmIIPId><sln:gmIIPPn>PL.PZGIK.200</sln:gmIIPPn><sln:gmIIPWersja>2012-09-26T22:12:02+02:00</sln:gmIIPWersja><sln:gmIdTeryt>1215063</sln:gmIdTeryt><sln:gmNazwa>Maków Podhalański</sln:gmNazwa><sln:miejscIIPId>5ec67a53-f0c9-4ca5-8023-26e15ba5d0d4</sln:miejscIIPId><sln:miejscIIPPn>PL.PZGIK.200</sln:miejscIIPPn><sln:miejscIIPWersja>2017-04-21T14:19:09+02:00</sln:miejscIIPWersja><sln:miejscIdTeryt>0061384</sln:miejscIdTeryt><sln:miejscNazwa>Wieprzec</sln:miejscNazwa><sln:miejscRodzaj>Wieś</sln:miejscRodzaj><sln:powIIPId>449427a1-a4c0-468a-b0ac-8da55c551398</sln:powIIPId><sln:powIIPPn>PL.PZGIK.200</sln:powIIPPn><sln:powIIPWersja>2017-10-10T00:00:00+02:00</sln:powIIPWersja><sln:powIdTeryt>1215</sln:powIdTeryt><sln:powNazwa>suski</sln:powNazwa><sln:waznyOd>2015-09-28T00:00:00+02:00</sln:waznyOd><sln:wojIIPId>dd2e3c64-f861-47cf-a3a3-e7751f272b2f</sln:wojIIPId><sln:wojIIPPn>PL.PZGIK.200</sln:wojIIPPn><sln:wojIIPWersja>2017-10-10T00:00:00+02:00</sln:wojIIPWersja><sln:wojIdTeryt>12</sln:wojIdTeryt><sln:wojNazwa>małopolskie</sln:wojNazwa></sln:miejscowosc><sln:miejscowosc><sln:cyklZyciaOd>2017-04-21T00:00:00+02:00</sln:cyklZyciaOd><sln:gmIIPId>328825a4-5a88-42fb-acc3-e32c7f1dbf51</sln:gmIIPId><sln:gmIIPPn>PL.PZGIK.200</sln:gmIIPPn><sln:gmIIPWersja>2012-09-26T22:12:02+02:00</sln:gmIIPWersja><sln:gmIdTeryt>1215063</sln:gmIdTeryt><sln:gmNazwa>Maków Podhalański</sln:gmNazwa><sln:miejscIIPId>e53950a6-b0d0-4245-b0a4-db41c2554b62</sln:miejscIIPId><sln:miejscIIPPn>PL.PZGIK.200</sln:miejscIIPPn><sln:miejscIIPWersja>2017-04-21T14:19:10+02:00</sln:miejscIIPWersja><sln:miejscIdTeryt>0061480</sln:miejscIdTeryt><sln:miejscNazwa>Żarnówka</sln:miejscNazwa><sln:miejscRodzaj>Wieś</sln:miejscRodzaj><sln:powIIPId>449427a1-a4c0-468a-b0ac-8da55c551398</sln:powIIPId><sln:powIIPPn>PL.PZGIK.200</sln:powIIPPn><sln:powIIPWersja>2017-10-10T00:00:00+02:00</sln:powIIPWersja><sln:powIdTeryt>1215</sln:powIdTeryt><sln:powNazwa>suski</sln:powNazwa><sln:waznyOd>2015-09-28T00:00:00+02:00</sln:waznyOd><sln:wojIIPId>dd2e3c64-f861-47cf-a3a3-e7751f272b2f</sln:wojIIPId><sln:wojIIPPn>PL.PZGIK.200</sln:wojIIPPn><sln:wojIIPWersja>2017-10-10T00:00:00+02:00</sln:wojIIPWersja><sln:wojIdTeryt>12</sln:wojIdTeryt><sln:wojNazwa>małopolskie</sln:wojNazwa></sln:miejscowosc><sln:miejscowosc><sln:cyklZyciaOd>2017-04-21T00:00:00+02:00</sln:cyklZyciaOd><sln:gmIIPId>328825a4-5a88-42fb-acc3-e32c7f1dbf51</sln:gmIIPId><sln:gmIIPPn>PL.PZGIK.200</sln:gmIIPPn><sln:gmIIPWersja>2012-09-26T22:12:02+02:00</sln:gmIIPWersja><sln:gmIdTeryt>1215063</sln:gmIdTeryt><sln:gmNazwa>Maków Podhalański</sln:gmNazwa><sln:miejscIIPId>27c5430c-6450-4e54-b289-d56ef58e648a</sln:miejscIIPId><sln:miejscIIPPn>PL.PZGIK.200</sln:miejscIIPPn><sln:miejscIIPWersja>2017-04-21T14:19:10+02:00</sln:miejscIIPWersja><sln:miejscIdTeryt>0924537</sln:miejscIdTeryt><sln:miejscNazwa>Maków Podhalański</sln:miejscNazwa><sln:miejscRodzaj>Miasto</sln:miejscRodzaj><sln:powIIPId>449427a1-a4c0-468a-b0ac-8da55c551398</sln:powIIPId><sln:powIIPPn>PL.PZGIK.200</sln:powIIPPn><sln:powIIPWersja>2017-10-10T00:00:00+02:00</sln:powIIPWersja><sln:powIdTeryt>1215</sln:powIdTeryt><sln:powNazwa>suski</sln:powNazwa><sln:waznyOd>2015-09-28T00:00:00+02:00</sln:waznyOd><sln:wojIIPId>dd2e3c64-f861-47cf-a3a3-e7751f272b2f</sln:wojIIPId><sln:wojIIPPn>PL.PZGIK.200</sln:wojIIPPn><sln:wojIIPWersja>2017-10-10T00:00:00+02:00</sln:wojIIPWersja><sln:wojIdTeryt>12</sln:wojIdTeryt><sln:wojNazwa>małopolskie</sln:wojNazwa></sln:miejscowosc></sln:lista-miejscowosci>