<?xml version="1.0" encoding="UTF-8" standalone="yes"?><sln:lista-miejscowosci xmlns:srv="http://gugik.gov.pl/schemas/slowniki-service/1.0" xmlns:sln="http://gugik.gov.pl/schemas/slowniki-schema/1.0"><sln:miejscowosc><sln:cyklZyciaDo>2017-02-23T00:00:00+01:00</sln:cyklZyciaDo><sln:cyklZyciaOd>2015-11-26T00:00:00+01:00</sln:cyklZyciaOd><sln:gmIIPId>f9ef11ee-1cc3-411e-83b3-b14751e61a3f</sln:gmIIPId><sln:gmIIPPn>PL.PZGIK.200</sln:gmIIPPn><sln:gmIIPWersja>2017-10-10T00:00:00+02:00</sln:gmIIPWersja><sln:gmIdTeryt>1217042</sln:gmIdTeryt><sln:gmNazwa>Kościelisko</sln:gmNazwa><sln:miejscIIPId>2ffa8bf1-401d-4737-a7d7-24bc1ac6b092</sln:miejscIIPId><sln:miejscIIPPn>PL.PZGIK.200</sln:miejscIIPPn><sln:miejscIIPWersja>2016-11-24T13:33:26+02:00</sln:miejscIIPWersja><sln:miejscNazwa>Witów</sln:miejscNazwa><sln:miejscRodzaj>Wieś</sln:miejscRodzaj><sln:powIIPId>c0a73975-a7cb-4cb2-88bb-a722b2210347</sln:powIIPId><sln:powIIPPn>PL.PZGIK.200</sln:powIIPPn><sln:powIIPWersja>2017-10-10T00:00:00+02:00</sln:powIIPWersja><sln:powIdTeryt>1217</sln:powIdTeryt><sln:powNazwa>tatrzański</sln:powNazwa><sln:wojIIPId>dd2e3c64-f861-47cf-a3a3-e7751f272b2f</sln:wojIIPId><sln:wojIIPPn>PL.PZGIK.200</sln:wojIIPPn><sln:wojIIPWersja>2017-10-10T00:00:00+02:00</sln:wojIIPWersja><sln:wojIdTeryt>12</sln:wojIdTeryt><sln:wojNazwa>małopolskie</sln:wojNazwa></sln:miejscowosc><sln:miejscowosc><sln:cyklZyciaDo>2017-02-23T00:00:00+01:00</sln:cyklZyciaDo><sln:cyklZyciaOd>2015-11-26T00:00:00+01:00</sln:cyklZyciaOd><sln:gmIIPId>f9ef11ee-1cc3-411e-83b3-b14751e61a3f</sln:gmIIPId><sln:gmIIPPn>PL.PZGIK.200</sln:gmIIPPn><sln:gmIIPWersja>2017-10-10T00:00:00+02:00</sln:gmIIPWersja><sln:gmIdTeryt>1217042</sln:gmIdTeryt><sln:gmNazwa>Kościelisko</sln:gmNazwa><sln:miejscIIPId>e5a596dc-bcf0-4a84-8fb5-928e9d30fe22</sln:miejscIIPId><sln:miejscIIPPn>PL.PZGIK.200</sln:miejscIIPPn><sln:miejscIIPWersja>2016-11-24T13:31:52+02:00</sln:miejscIIPWersja><sln:miejscNazwa>Dzianisz</sln:miejscNazwa><sln:miejscRodzaj>Wieś</sln:miejscRodzaj><sln:powIIPId>c0a73975-a7cb-4cb2-88bb-a722b2210347</sln:powIIPId><sln:powIIPPn>PL.PZGIK.200</sln:powIIPPn><sln:powIIPWersja>2017-10-10T00:00:00+02:00</sln:powIIPWersja><sln:powIdTeryt>1217</sln:powIdTeryt><sln:powNazwa>tatrzański</sln:powNazwa><sln:wojIIPId>dd2e3c64-f861-47cf-a3a3-e7751f272b2f</sln:wojIIPId><sln:wojIIPPn>PL.PZGIK.200</sln:wojIIPPn><sln:wojIIPWersja>2017-10-10T00:00:00+02:00</sln:wojIIPWersja><sln:wojIdTeryt>12</sln:wojIdTeryt><sln:wojNazwa>małopolskie</sln:wojNazwa></sln:miejscowosc><sln:miejscowosc><sln:cyklZyciaDo>2017-02-23T00:00:00+01:00</sln:cyklZyciaDo><sln:cyklZyciaOd>2015-11-26T00:00:00+01:00</sln:cyklZyciaOd><sln:gmIIPId>f9ef11ee-1cc3-411e-83b3-b14751e61a3f</sln:gmIIPId><sln:gmIIPPn>PL.PZGIK.200</sln:gmIIPPn><sln:gmIIPWersja>2017-10-10T00:00:00+02:00</sln:gmIIPWersja><sln:gmIdTeryt>1217042</sln:gmIdTeryt><sln:gmNazwa>Kościelisko</sln:gmNazwa><sln:miejscIIPId>9dbf17bb-65ff-4ff2-82da-e69c6f6c431e</sln:miejscIIPId><sln:miejscIIPPn>PL.PZGIK.200</sln:miejscIIPPn><sln:miejscIIPWersja>2016-11-24T13:30:11+02:00</sln:miejscIIPWersja><sln:miejscNazwa>Kościelisko</sln:miejscNazwa><sln:miejscRodzaj>Wieś</sln:miejscRodzaj><sln:powIIPId>c0a73975-a7cb-4cb2-88bb-a722b2210347</sln:powIIPId><sln:powIIPPn>PL.PZGIK.200</sln:powIIPPn><sln:powIIPWersja>2017-10-10T00:00:00+02:00</sln:powIIPWersja><sln:powIdTeryt>1217</sln:powIdTeryt><sln:powNazwa>tatrzański</sln:powNazwa><sln:wojIIPId>dd2e3c64-f861-47cf-a3a3-e7751f272b2f</sln:wojIIPId><sln:wojIIPPn>PL.PZGIK.200</sln:wojIIPPn><sln:wojIIPWersja>2017-10-10T00:00:00+02:00</sln:wojIIPWersja><sln:wojIdTeryt>12</sln:wojIdTeryt><sln:wojNazwa>małopolskie</sln:wojNazwa></sln:miejscowosc><sln:miejscowosc><sln:cyklZyciaDo>2017-05-05T00:00:00+02:00</sln:cyklZyciaDo><sln:cyklZyciaOd>2016-02-28T00:00:00+01:00</sln:cyklZyciaOd><sln:gmIIPId>f9ef11ee-1cc3-411e-83b3-b14751e61a3f</sln:gmIIPId><sln:gmIIPPn>PL.PZGIK.200</sln:gmIIPPn><sln:gmIIPWersja>2017-10-10T00:00:00+02:00</sln:gmIIPWersja><sln:gmIdTeryt>1217042</sln:gmIdTeryt><sln:gmNazwa>Kościelisko</sln:gmNazwa><sln:miejscIIPId>e66e84db-ddbc-4708-aa51-f8fab4767585</sln:miejscIIPId><sln:miejscIIPPn>PL.PZGIK.200</sln:miejscIIPPn><sln:miejscIIPWersja>2016-11-24T13:21:09+02:00</sln:miejscIIPWersja><sln:miejscNazwa>Witów</sln:miejscNazwa><sln:miejscRodzaj>Wieś</sln:miejscRodzaj><sln:powIIPId>c0a73975-a7cb-4cb2-88bb-a722b2210347</sln:powIIPId><sln:powIIPPn>PL.PZGIK.200</sln:powIIPPn><sln:powIIPWersja>2017-10-10T00:00:00+02:00</sln:powIIPWersja><sln:powIdTeryt>1217</sln:powIdTeryt><sln:powNazwa>tatrzański</sln:powNazwa><sln:wojIIPId>dd2e3c64-f861-47cf-a3a3-e7751f272b2f</sln:wojIIPId><sln:wojIIPPn>PL.PZGIK.200</sln:wojIIPPn><sln:wojIIPWersja>2017-10-10T00:00:00+02:00</sln:wojIIPWersja><sln:wojIdTeryt>12</sln:wojIdTeryt><sln:wojNazwa>małopolskie</sln:wojNazwa></sln:miejscowosc><sln:miejscowosc><sln:cyklZyciaDo>2017-05-05T00:00:00+02:00</sln:cyklZyciaDo><sln:cyklZyciaOd>2016-02-28T00:00:00+01:00</sln:cyklZyciaOd><sln:gmIIPId>f9ef11ee-1cc3-411e-83b3-b14751e61a3f</sln:gmIIPId><sln:gmIIPPn>PL.PZGIK.200</sln:gmIIPPn><sln:gmIIPWersja>2017-10-10T00:00:00+02:00</sln:gmIIPWersja><sln:gmIdTeryt>1217042</sln:gmIdTeryt><sln:gmNazwa>Kościelisko</sln:gmNazwa><sln:miejscIIPId>c7e35bdd-5a28-4a37-a947-8edc044649f8</sln:miejscIIPId><sln:miejscIIPPn>PL.PZGIK.200</sln:miejscIIPPn><sln:miejscIIPWersja>2016-11-24T13:21:09+02:00</sln:miejscIIPWersja><sln:miejscNazwa>Kościelisko</sln:miejscNazwa><sln:miejscRodzaj>Wieś</sln:miejscRodzaj><sln:powIIPId>c0a73975-a7cb-4cb2-88bb-a722b2210347</sln:powIIPId><sln:powIIPPn>PL.PZGIK.200</sln:powIIPPn><sln:powIIPWersja>2017-10-10T00:00:00+02:00</sln:powIIPWersja><sln:powIdTeryt>1217</sln:powIdTeryt><sln:powNazwa>tatrzański</sln:powNazwa><sln:wojIIPId>dd2e3c64-f861-47cf-a3a3-e7751f272b2f</sln:wojIIPId><sln:wojIIPPn>PL.PZGIK.200</sln:wojIIPPn><sln:wojIIPWersja>2017-10-10T00:00:00+02:00</sln:wojIIPWersja><sln:wojIdTeryt>12</sln:wojIdTeryt><sln:wojNazwa>małopolskie</sln:wojNazwa></sln:miejscowosc><sln:miejscowosc><sln:cyklZyciaDo>2017-05-05T00:00:00+02:00</sln:cyklZyciaDo><sln:cyklZyciaOd>2016-02-28T00:00:00+01:00</sln:cyklZyciaOd><sln:gmIIPId>f9ef11ee-1cc3-411e-83b3-b14751e61a3f</sln:gmIIPId><sln:gmIIPPn>PL.PZGIK.200</sln:gmIIPPn><sln:gmIIPWersja>2017-10-10T00:00:00+02:00</sln:gmIIPWersja><sln:gmIdTeryt>1217042</sln:gmIdTeryt><sln:gmNazwa>Kościelisko</sln:gmNazwa><sln:miejscIIPId>77e160ff-f218-46d4-838f-4bd3602a55eb</sln:miejscIIPId><sln:miejscIIPPn>PL.PZGIK.200</sln:miejscIIPPn><sln:miejscIIPWersja>2016-11-24T13:21:09+02:00</sln:miejscIIPWersja><sln:miejscNazwa>Dzianisz</sln:miejscNazwa><sln:miejscRodzaj>Wieś</sln:miejscRodzaj><sln:powIIPId>c0a73975-a7cb-4cb2-88bb-a722b2210347</sln:powIIPId><sln:powIIPPn>PL.PZGIK.200</sln:powIIPPn><sln:powIIPWersja>2017-10-10T00:00:00+02:00</sln:powIIPWersja><sln:powIdTeryt>1217</sln:powIdTeryt><sln:powNazwa>tatrzański</sln:powNazwa><sln:wojIIPId>dd2e3c64-f861-47cf-a3a3-e7751f272b2f</sln:wojIIPId><sln:wojIIPPn>PL.PZGIK.200</sln:wojIIPPn><sln:wojIIPWersja>2017-10-10T00:00:00+02:00</sln:wojIIPWersja><sln:wojIdTeryt>12</sln:wojIdTeryt><sln:wojNazwa>małopolskie</sln:wojNazwa></sln:miejscowosc><sln:miejscowosc><sln:cyklZyciaOd>2017-05-05T00:00:00+02:00</sln:cyklZyciaOd><sln:gmIIPId>f9ef11ee-1cc3-411e-83b3-b14751e61a3f</sln:gmIIPId><sln:gmIIPPn>PL.PZGIK.200</sln:gmIIPPn><sln:gmIIPWersja>2017-10-10T00:00:00+02:00</sln:gmIIPWersja><sln:gmIdTeryt>1217042</sln:gmIdTeryt><sln:gmNazwa>Kościelisko</sln:gmNazwa><sln:miejscIIPId>da7908b0-8a4e-44de-83b9-8114c60631ce</sln:miejscIIPId><sln:miejscIIPPn>PL.PZGIK.200</sln:miejscIIPPn><sln:miejscIIPWersja>2017-05-05T09:53:20+02:00</sln:miejscIIPWersja><sln:miejscIdTeryt>0468884</sln:miejscIdTeryt><sln:miejscNazwa>Witów</sln:miejscNazwa><sln:miejscRodzaj>Wieś</sln:miejscRodzaj><sln:powIIPId>c0a73975-a7cb-4cb2-88bb-a722b2210347</sln:powIIPId><sln:powIIPPn>PL.PZGIK.200</sln:powIIPPn><sln:powIIPWersja>2017-10-10T00:00:00+02:00</sln:powIIPWersja><sln:powIdTeryt>1217</sln:powIdTeryt><sln:powNazwa>tatrzański</sln:powNazwa><sln:waznyOd>2017-05-05T00:00:00+02:00</sln:waznyOd><sln:wojIIPId>dd2e3c64-f861-47cf-a3a3-e7751f272b2f</sln:wojIIPId><sln:wojIIPPn>PL.PZGIK.200</sln:wojIIPPn><sln:wojIIPWersja>2017-10-10T00:00:00+02:00</sln:wojIIPWersja><sln:wojIdTeryt>12</sln:wojIdTeryt><sln:wojNazwa>małopolskie</sln:wojNazwa></sln:miejscowosc><sln:miejscowosc><sln:cyklZyciaOd>2017-05-05T00:00:00+02:00</sln:cyklZyciaOd><sln:gmIIPId>f9ef11ee-1cc3-411e-83b3-b14751e61a3f</sln:gmIIPId><sln:gmIIPPn>PL.PZGIK.200</sln:gmIIPPn><sln:gmIIPWersja>2017-10-10T00:00:00+02:00</sln:gmIIPWersja><sln:gmIdTeryt>1217042</sln:gmIdTeryt><sln:gmNazwa>Kościelisko</sln:gmNazwa><sln:miejscIIPId>e250a401-297b-42b8-8d23-ee6bd2ca2be5</sln:miejscIIPId><sln:miejscIIPPn>PL.PZGIK.200</sln:miejscIIPPn><sln:miejscIIPWersja>2017-05-05T09:53:26+02:00</sln:miejscIIPWersja><sln:miejscIdTeryt>0468447</sln:miejscIdTeryt><sln:miejscNazwa>Kościelisko</sln:miejscNazwa><sln:miejscRodzaj>Wieś</sln:miejscRodzaj><sln:powIIPId>c0a73975-a7cb-4cb2-88bb-a722b2210347</sln:powIIPId><sln:powIIPPn>PL.PZGIK.200</sln:powIIPPn><sln:powIIPWersja>2017-10-10T00:00:00+02:00</sln:powIIPWersja><sln:powIdTeryt>1217</sln:powIdTeryt><sln:powNazwa>tatrzański</sln:powNazwa><sln:waznyOd>2017-05-05T00:00:00+02:00</sln:waznyOd><sln:wojIIPId>dd2e3c64-f861-47cf-a3a3-e7751f272b2f</sln:wojIIPId><sln:wojIIPPn>PL.PZGIK.200</sln:wojIIPPn><sln:wojIIPWersja>2017-10-10T00:00:00+02:00</sln:wojIIPWersja><sln:wojIdTeryt>12</sln:wojIdTeryt><sln:wojNazwa>małopolskie</sln:wojNazwa></sln:miejscowosc><sln:miejscowosc><sln:cyklZyciaOd>2017-05-05T00:00:00+02:00</sln:cyklZyciaOd><sln:gmIIPId>f9ef11ee-1cc3-411e-83b3-b14751e61a3f</sln:gmIIPId><sln:gmIIPPn>PL.PZGIK.200</sln:gmIIPPn><sln:gmIIPWersja>2017-10-10T00:00:00+02:00</sln:gmIIPWersja><sln:gmIdTeryt>1217042</sln:gmIdTeryt><sln:gmNazwa>Kościelisko</sln:gmNazwa><sln:miejscIIPId>35783381-95d5-4cfd-82e9-8f670036f7b2</sln:miejscIIPId><sln:miejscIIPPn>PL.PZGIK.200</sln:miejscIIPPn><sln:miejscIIPWersja>2017-05-05T09:53:26+02:00</sln:miejscIIPWersja><sln:miejscIdTeryt>0468430</sln:miejscIdTeryt><sln:miejscNazwa>Dzianisz</sln:miejscNazwa><sln:miejscRodzaj>Wieś</sln:miejscRodzaj><sln:powIIPId>c0a73975-a7cb-4cb2-88bb-a722b2210347</sln:powIIPId><sln:powIIPPn>PL.PZGIK.200</sln:powIIPPn><sln:powIIPWersja>2017-10-10T00:00:00+02:00</sln:powIIPWersja><sln:powIdTeryt>1217</sln:powIdTeryt><sln:powNazwa>tatrzański</sln:powNazwa><sln:waznyOd>2017-05-05T00:00:00+02:00</sln:waznyOd><sln:wojIIPId>dd2e3c64-f861-47cf-a3a3-e7751f272b2f</sln:wojIIPId><sln:wojIIPPn>PL.PZGIK.200</sln:wojIIPPn><sln:wojIIPWersja>2017-10-10T00:00:00+02:00</sln:wojIIPWersja><sln:wojIdTeryt>12</sln:wojIdTeryt><sln:wojNazwa>małopolskie</sln:wojNazwa></sln:miejscowosc></sln:lista-miejscowosci>