<?xml version="1.0" encoding="UTF-8" standalone="yes"?><sln:lista-miejscowosci xmlns:srv="http://gugik.gov.pl/schemas/slowniki-service/1.0" xmlns:sln="http://gugik.gov.pl/schemas/slowniki-schema/1.0"><sln:miejscowosc><sln:cyklZyciaDo>2017-04-19T00:00:00+02:00</sln:cyklZyciaDo><sln:cyklZyciaOd>2015-12-28T00:00:00+01:00</sln:cyklZyciaOd><sln:gmIIPId>9906a787-fead-4b4b-8d33-d30ba74004c8</sln:gmIIPId><sln:gmIIPPn>PL.PZGIK.200</sln:gmIIPPn><sln:gmIIPWersja>2012-09-26T22:08:26+02:00</sln:gmIIPWersja><sln:gmIdTeryt>1202042</sln:gmIdTeryt><sln:gmNazwa>Dębno</sln:gmNazwa><sln:miejscIIPId>841e5b03-0d8b-4604-b637-ac8c5cbbf9a9</sln:miejscIIPId><sln:miejscIIPPn>PL.PZGIK.200</sln:miejscIIPPn><sln:miejscIIPWersja>2016-11-24T12:52:57+02:00</sln:miejscIIPWersja><sln:miejscIdTeryt>0818829</sln:miejscIdTeryt><sln:miejscNazwa>Biadoliny Szlacheckie</sln:miejscNazwa><sln:miejscRodzaj>Wieś</sln:miejscRodzaj><sln:powIIPId>8d0b0a85-17f0-4358-98a4-d312d6212b93</sln:powIIPId><sln:powIIPPn>PL.PZGIK.200</sln:powIIPPn><sln:powIIPWersja>2012-09-27T07:52:00+02:00</sln:powIIPWersja><sln:powIdTeryt>1202</sln:powIdTeryt><sln:powNazwa>brzeski</sln:powNazwa><sln:waznyOd>2015-09-30T00:00:00+02:00</sln:waznyOd><sln:wojIIPId>dd2e3c64-f861-47cf-a3a3-e7751f272b2f</sln:wojIIPId><sln:wojIIPPn>PL.PZGIK.200</sln:wojIIPPn><sln:wojIIPWersja>2017-10-10T00:00:00+02:00</sln:wojIIPWersja><sln:wojIdTeryt>12</sln:wojIdTeryt><sln:wojNazwa>małopolskie</sln:wojNazwa></sln:miejscowosc><sln:miejscowosc><sln:cyklZyciaDo>2017-04-19T00:00:00+02:00</sln:cyklZyciaDo><sln:cyklZyciaOd>2015-12-28T00:00:00+01:00</sln:cyklZyciaOd><sln:gmIIPId>9906a787-fead-4b4b-8d33-d30ba74004c8</sln:gmIIPId><sln:gmIIPPn>PL.PZGIK.200</sln:gmIIPPn><sln:gmIIPWersja>2012-09-26T22:08:26+02:00</sln:gmIIPWersja><sln:gmIdTeryt>1202042</sln:gmIdTeryt><sln:gmNazwa>Dębno</sln:gmNazwa><sln:miejscIIPId>e665491d-2ab2-4fb1-8df6-7c08768ef3da</sln:miejscIIPId><sln:miejscIIPPn>PL.PZGIK.200</sln:miejscIIPPn><sln:miejscIIPWersja>2016-11-24T12:52:58+02:00</sln:miejscIIPWersja><sln:miejscIdTeryt>0818841</sln:miejscIdTeryt><sln:miejscNazwa>Dębno</sln:miejscNazwa><sln:miejscRodzaj>Wieś</sln:miejscRodzaj><sln:powIIPId>8d0b0a85-17f0-4358-98a4-d312d6212b93</sln:powIIPId><sln:powIIPPn>PL.PZGIK.200</sln:powIIPPn><sln:powIIPWersja>2012-09-27T07:52:00+02:00</sln:powIIPWersja><sln:powIdTeryt>1202</sln:powIdTeryt><sln:powNazwa>brzeski</sln:powNazwa><sln:waznyOd>2015-09-30T00:00:00+02:00</sln:waznyOd><sln:wojIIPId>dd2e3c64-f861-47cf-a3a3-e7751f272b2f</sln:wojIIPId><sln:wojIIPPn>PL.PZGIK.200</sln:wojIIPPn><sln:wojIIPWersja>2017-10-10T00:00:00+02:00</sln:wojIIPWersja><sln:wojIdTeryt>12</sln:wojIdTeryt><sln:wojNazwa>małopolskie</sln:wojNazwa></sln:miejscowosc><sln:miejscowosc><sln:cyklZyciaDo>2017-04-19T00:00:00+02:00</sln:cyklZyciaDo><sln:cyklZyciaOd>2015-12-28T00:00:00+01:00</sln:cyklZyciaOd><sln:gmIIPId>9906a787-fead-4b4b-8d33-d30ba74004c8</sln:gmIIPId><sln:gmIIPPn>PL.PZGIK.200</sln:gmIIPPn><sln:gmIIPWersja>2012-09-26T22:08:26+02:00</sln:gmIIPWersja><sln:gmIdTeryt>1202042</sln:gmIdTeryt><sln:gmNazwa>Dębno</sln:gmNazwa><sln:miejscIIPId>45d300e4-7983-427f-ab63-3cfd0c6763c8</sln:miejscIIPId><sln:miejscIIPPn>PL.PZGIK.200</sln:miejscIIPPn><sln:miejscIIPWersja>2016-11-24T12:52:58+02:00</sln:miejscIIPWersja><sln:miejscIdTeryt>0818924</sln:miejscIdTeryt><sln:miejscNazwa>Doły</sln:miejscNazwa><sln:miejscRodzaj>Wieś</sln:miejscRodzaj><sln:powIIPId>8d0b0a85-17f0-4358-98a4-d312d6212b93</sln:powIIPId><sln:powIIPPn>PL.PZGIK.200</sln:powIIPPn><sln:powIIPWersja>2012-09-27T07:52:00+02:00</sln:powIIPWersja><sln:powIdTeryt>1202</sln:powIdTeryt><sln:powNazwa>brzeski</sln:powNazwa><sln:waznyOd>2015-09-30T00:00:00+02:00</sln:waznyOd><sln:wojIIPId>dd2e3c64-f861-47cf-a3a3-e7751f272b2f</sln:wojIIPId><sln:wojIIPPn>PL.PZGIK.200</sln:wojIIPPn><sln:wojIIPWersja>2017-10-10T00:00:00+02:00</sln:wojIIPWersja><sln:wojIdTeryt>12</sln:wojIdTeryt><sln:wojNazwa>małopolskie</sln:wojNazwa></sln:miejscowosc><sln:miejscowosc><sln:cyklZyciaDo>2017-04-19T00:00:00+02:00</sln:cyklZyciaDo><sln:cyklZyciaOd>2015-12-28T00:00:00+01:00</sln:cyklZyciaOd><sln:gmIIPId>9906a787-fead-4b4b-8d33-d30ba74004c8</sln:gmIIPId><sln:gmIIPPn>PL.PZGIK.200</sln:gmIIPPn><sln:gmIIPWersja>2012-09-26T22:08:26+02:00</sln:gmIIPWersja><sln:gmIdTeryt>1202042</sln:gmIdTeryt><sln:gmNazwa>Dębno</sln:gmNazwa><sln:miejscIIPId>1e770bf4-4eda-45e7-a198-20f2fad9b78d</sln:miejscIIPId><sln:miejscIIPPn>PL.PZGIK.200</sln:miejscIIPPn><sln:miejscIIPWersja>2016-11-24T12:52:58+02:00</sln:miejscIIPWersja><sln:miejscIdTeryt>0818953</sln:miejscIdTeryt><sln:miejscNazwa>Jastew</sln:miejscNazwa><sln:miejscRodzaj>Wieś</sln:miejscRodzaj><sln:powIIPId>8d0b0a85-17f0-4358-98a4-d312d6212b93</sln:powIIPId><sln:powIIPPn>PL.PZGIK.200</sln:powIIPPn><sln:powIIPWersja>2012-09-27T07:52:00+02:00</sln:powIIPWersja><sln:powIdTeryt>1202</sln:powIdTeryt><sln:powNazwa>brzeski</sln:powNazwa><sln:waznyOd>2015-09-30T00:00:00+02:00</sln:waznyOd><sln:wojIIPId>dd2e3c64-f861-47cf-a3a3-e7751f272b2f</sln:wojIIPId><sln:wojIIPPn>PL.PZGIK.200</sln:wojIIPPn><sln:wojIIPWersja>2017-10-10T00:00:00+02:00</sln:wojIIPWersja><sln:wojIdTeryt>12</sln:wojIdTeryt><sln:wojNazwa>małopolskie</sln:wojNazwa></sln:miejscowosc><sln:miejscowosc><sln:cyklZyciaDo>2017-04-19T00:00:00+02:00</sln:cyklZyciaDo><sln:cyklZyciaOd>2015-12-28T00:00:00+01:00</sln:cyklZyciaOd><sln:gmIIPId>9906a787-fead-4b4b-8d33-d30ba74004c8</sln:gmIIPId><sln:gmIIPPn>PL.PZGIK.200</sln:gmIIPPn><sln:gmIIPWersja>2012-09-26T22:08:26+02:00</sln:gmIIPWersja><sln:gmIdTeryt>1202042</sln:gmIdTeryt><sln:gmNazwa>Dębno</sln:gmNazwa><sln:miejscIIPId>7a1ffffa-9b6f-4aa3-9dae-fae1134ef69c</sln:miejscIIPId><sln:miejscIIPPn>PL.PZGIK.200</sln:miejscIIPPn><sln:miejscIIPWersja>2016-11-24T12:52:58+02:00</sln:miejscIIPWersja><sln:miejscIdTeryt>0819013</sln:miejscIdTeryt><sln:miejscNazwa>Jaworsko</sln:miejscNazwa><sln:miejscRodzaj>Wieś</sln:miejscRodzaj><sln:powIIPId>8d0b0a85-17f0-4358-98a4-d312d6212b93</sln:powIIPId><sln:powIIPPn>PL.PZGIK.200</sln:powIIPPn><sln:powIIPWersja>2012-09-27T07:52:00+02:00</sln:powIIPWersja><sln:powIdTeryt>1202</sln:powIdTeryt><sln:powNazwa>brzeski</sln:powNazwa><sln:waznyOd>2015-09-30T00:00:00+02:00</sln:waznyOd><sln:wojIIPId>dd2e3c64-f861-47cf-a3a3-e7751f272b2f</sln:wojIIPId><sln:wojIIPPn>PL.PZGIK.200</sln:wojIIPPn><sln:wojIIPWersja>2017-10-10T00:00:00+02:00</sln:wojIIPWersja><sln:wojIdTeryt>12</sln:wojIdTeryt><sln:wojNazwa>małopolskie</sln:wojNazwa></sln:miejscowosc><sln:miejscowosc><sln:cyklZyciaDo>2017-04-19T00:00:00+02:00</sln:cyklZyciaDo><sln:cyklZyciaOd>2015-12-28T00:00:00+01:00</sln:cyklZyciaOd><sln:gmIIPId>9906a787-fead-4b4b-8d33-d30ba74004c8</sln:gmIIPId><sln:gmIIPPn>PL.PZGIK.200</sln:gmIIPPn><sln:gmIIPWersja>2012-09-26T22:08:26+02:00</sln:gmIIPWersja><sln:gmIdTeryt>1202042</sln:gmIdTeryt><sln:gmNazwa>Dębno</sln:gmNazwa><sln:miejscIIPId>67b9de99-6252-4c31-bae1-b4be01a3a77a</sln:miejscIIPId><sln:miejscIIPPn>PL.PZGIK.200</sln:miejscIIPPn><sln:miejscIIPWersja>2016-11-24T12:52:58+02:00</sln:miejscIIPWersja><sln:miejscIdTeryt>0819059</sln:miejscIdTeryt><sln:miejscNazwa>Łoniowa</sln:miejscNazwa><sln:miejscRodzaj>Wieś</sln:miejscRodzaj><sln:powIIPId>8d0b0a85-17f0-4358-98a4-d312d6212b93</sln:powIIPId><sln:powIIPPn>PL.PZGIK.200</sln:powIIPPn><sln:powIIPWersja>2012-09-27T07:52:00+02:00</sln:powIIPWersja><sln:powIdTeryt>1202</sln:powIdTeryt><sln:powNazwa>brzeski</sln:powNazwa><sln:waznyOd>2015-09-30T00:00:00+02:00</sln:waznyOd><sln:wojIIPId>dd2e3c64-f861-47cf-a3a3-e7751f272b2f</sln:wojIIPId><sln:wojIIPPn>PL.PZGIK.200</sln:wojIIPPn><sln:wojIIPWersja>2017-10-10T00:00:00+02:00</sln:wojIIPWersja><sln:wojIdTeryt>12</sln:wojIdTeryt><sln:wojNazwa>małopolskie</sln:wojNazwa></sln:miejscowosc><sln:miejscowosc><sln:cyklZyciaDo>2017-04-19T00:00:00+02:00</sln:cyklZyciaDo><sln:cyklZyciaOd>2015-12-28T00:00:00+01:00</sln:cyklZyciaOd><sln:gmIIPId>9906a787-fead-4b4b-8d33-d30ba74004c8</sln:gmIIPId><sln:gmIIPPn>PL.PZGIK.200</sln:gmIIPPn><sln:gmIIPWersja>2012-09-26T22:08:26+02:00</sln:gmIIPWersja><sln:gmIdTeryt>1202042</sln:gmIdTeryt><sln:gmNazwa>Dębno</sln:gmNazwa><sln:miejscIIPId>538a5449-6926-4865-b2ab-2c7d7a21fd88</sln:miejscIIPId><sln:miejscIIPPn>PL.PZGIK.200</sln:miejscIIPPn><sln:miejscIIPWersja>2016-11-24T12:52:58+02:00</sln:miejscIIPWersja><sln:miejscIdTeryt>0819148</sln:miejscIdTeryt><sln:miejscNazwa>Łysa Góra</sln:miejscNazwa><sln:miejscRodzaj>Wieś</sln:miejscRodzaj><sln:powIIPId>8d0b0a85-17f0-4358-98a4-d312d6212b93</sln:powIIPId><sln:powIIPPn>PL.PZGIK.200</sln:powIIPPn><sln:powIIPWersja>2012-09-27T07:52:00+02:00</sln:powIIPWersja><sln:powIdTeryt>1202</sln:powIdTeryt><sln:powNazwa>brzeski</sln:powNazwa><sln:waznyOd>2015-09-30T00:00:00+02:00</sln:waznyOd><sln:wojIIPId>dd2e3c64-f861-47cf-a3a3-e7751f272b2f</sln:wojIIPId><sln:wojIIPPn>PL.PZGIK.200</sln:wojIIPPn><sln:wojIIPWersja>2017-10-10T00:00:00+02:00</sln:wojIIPWersja><sln:wojIdTeryt>12</sln:wojIdTeryt><sln:wojNazwa>małopolskie</sln:wojNazwa></sln:miejscowosc><sln:miejscowosc><sln:cyklZyciaDo>2017-04-19T00:00:00+02:00</sln:cyklZyciaDo><sln:cyklZyciaOd>2015-12-28T00:00:00+01:00</sln:cyklZyciaOd><sln:gmIIPId>9906a787-fead-4b4b-8d33-d30ba74004c8</sln:gmIIPId><sln:gmIIPPn>PL.PZGIK.200</sln:gmIIPPn><sln:gmIIPWersja>2012-09-26T22:08:26+02:00</sln:gmIIPWersja><sln:gmIdTeryt>1202042</sln:gmIdTeryt><sln:gmNazwa>Dębno</sln:gmNazwa><sln:miejscIIPId>475e8c45-7154-49e8-9001-e902293b4b4c</sln:miejscIIPId><sln:miejscIIPPn>PL.PZGIK.200</sln:miejscIIPPn><sln:miejscIIPWersja>2016-11-24T12:52:58+02:00</sln:miejscIIPWersja><sln:miejscIdTeryt>0819237</sln:miejscIdTeryt><sln:miejscNazwa>Maszkienice</sln:miejscNazwa><sln:miejscRodzaj>Wieś</sln:miejscRodzaj><sln:powIIPId>8d0b0a85-17f0-4358-98a4-d312d6212b93</sln:powIIPId><sln:powIIPPn>PL.PZGIK.200</sln:powIIPPn><sln:powIIPWersja>2012-09-27T07:52:00+02:00</sln:powIIPWersja><sln:powIdTeryt>1202</sln:powIdTeryt><sln:powNazwa>brzeski</sln:powNazwa><sln:waznyOd>2015-09-30T00:00:00+02:00</sln:waznyOd><sln:wojIIPId>dd2e3c64-f861-47cf-a3a3-e7751f272b2f</sln:wojIIPId><sln:wojIIPPn>PL.PZGIK.200</sln:wojIIPPn><sln:wojIIPWersja>2017-10-10T00:00:00+02:00</sln:wojIIPWersja><sln:wojIdTeryt>12</sln:wojIdTeryt><sln:wojNazwa>małopolskie</sln:wojNazwa></sln:miejscowosc><sln:miejscowosc><sln:cyklZyciaDo>2017-04-19T00:00:00+02:00</sln:cyklZyciaDo><sln:cyklZyciaOd>2015-12-28T00:00:00+01:00</sln:cyklZyciaOd><sln:gmIIPId>9906a787-fead-4b4b-8d33-d30ba74004c8</sln:gmIIPId><sln:gmIIPPn>PL.PZGIK.200</sln:gmIIPPn><sln:gmIIPWersja>2012-09-26T22:08:26+02:00</sln:gmIIPWersja><sln:gmIdTeryt>1202042</sln:gmIdTeryt><sln:gmNazwa>Dębno</sln:gmNazwa><sln:miejscIIPId>4d1326ac-4baf-4965-a993-a3f782ce0dba</sln:miejscIIPId><sln:miejscIIPPn>PL.PZGIK.200</sln:miejscIIPPn><sln:miejscIIPWersja>2016-11-24T12:52:58+02:00</sln:miejscIIPWersja><sln:miejscIdTeryt>0819289</sln:miejscIdTeryt><sln:miejscNazwa>Niedźwiedza</sln:miejscNazwa><sln:miejscRodzaj>Wieś</sln:miejscRodzaj><sln:powIIPId>8d0b0a85-17f0-4358-98a4-d312d6212b93</sln:powIIPId><sln:powIIPPn>PL.PZGIK.200</sln:powIIPPn><sln:powIIPWersja>2012-09-27T07:52:00+02:00</sln:powIIPWersja><sln:powIdTeryt>1202</sln:powIdTeryt><sln:powNazwa>brzeski</sln:powNazwa><sln:waznyOd>2015-09-30T00:00:00+02:00</sln:waznyOd><sln:wojIIPId>dd2e3c64-f861-47cf-a3a3-e7751f272b2f</sln:wojIIPId><sln:wojIIPPn>PL.PZGIK.200</sln:wojIIPPn><sln:wojIIPWersja>2017-10-10T00:00:00+02:00</sln:wojIIPWersja><sln:wojIdTeryt>12</sln:wojIdTeryt><sln:wojNazwa>małopolskie</sln:wojNazwa></sln:miejscowosc><sln:miejscowosc><sln:cyklZyciaDo>2017-04-19T00:00:00+02:00</sln:cyklZyciaDo><sln:cyklZyciaOd>2015-12-28T00:00:00+01:00</sln:cyklZyciaOd><sln:gmIIPId>9906a787-fead-4b4b-8d33-d30ba74004c8</sln:gmIIPId><sln:gmIIPPn>PL.PZGIK.200</sln:gmIIPPn><sln:gmIIPWersja>2012-09-26T22:08:26+02:00</sln:gmIIPWersja><sln:gmIdTeryt>1202042</sln:gmIdTeryt><sln:gmNazwa>Dębno</sln:gmNazwa><sln:miejscIIPId>72e072b1-e4ad-443d-98ce-956b2f423d7f</sln:miejscIIPId><sln:miejscIIPPn>PL.PZGIK.200</sln:miejscIIPPn><sln:miejscIIPWersja>2016-11-24T12:52:58+02:00</sln:miejscIIPWersja><sln:miejscIdTeryt>0819355</sln:miejscIdTeryt><sln:miejscNazwa>Perła</sln:miejscNazwa><sln:miejscRodzaj>Wieś</sln:miejscRodzaj><sln:powIIPId>8d0b0a85-17f0-4358-98a4-d312d6212b93</sln:powIIPId><sln:powIIPPn>PL.PZGIK.200</sln:powIIPPn><sln:powIIPWersja>2012-09-27T07:52:00+02:00</sln:powIIPWersja><sln:powIdTeryt>1202</sln:powIdTeryt><sln:powNazwa>brzeski</sln:powNazwa><sln:waznyOd>2015-09-30T00:00:00+02:00</sln:waznyOd><sln:wojIIPId>dd2e3c64-f861-47cf-a3a3-e7751f272b2f</sln:wojIIPId><sln:wojIIPPn>PL.PZGIK.200</sln:wojIIPPn><sln:wojIIPWersja>2017-10-10T00:00:00+02:00</sln:wojIIPWersja><sln:wojIdTeryt>12</sln:wojIdTeryt><sln:wojNazwa>małopolskie</sln:wojNazwa></sln:miejscowosc><sln:miejscowosc><sln:cyklZyciaDo>2017-04-19T00:00:00+02:00</sln:cyklZyciaDo><sln:cyklZyciaOd>2015-12-28T00:00:00+01:00</sln:cyklZyciaOd><sln:gmIIPId>9906a787-fead-4b4b-8d33-d30ba74004c8</sln:gmIIPId><sln:gmIIPPn>PL.PZGIK.200</sln:gmIIPPn><sln:gmIIPWersja>2012-09-26T22:08:26+02:00</sln:gmIIPWersja><sln:gmIdTeryt>1202042</sln:gmIdTeryt><sln:gmNazwa>Dębno</sln:gmNazwa><sln:miejscIIPId>9481040e-3a48-4d02-afdc-9c9ec9d0e3a0</sln:miejscIIPId><sln:miejscIIPPn>PL.PZGIK.200</sln:miejscIIPPn><sln:miejscIIPWersja>2016-11-24T12:52:58+02:00</sln:miejscIIPWersja><sln:miejscIdTeryt>0819378</sln:miejscIdTeryt><sln:miejscNazwa>Porąbka Uszewska</sln:miejscNazwa><sln:miejscRodzaj>Wieś</sln:miejscRodzaj><sln:powIIPId>8d0b0a85-17f0-4358-98a4-d312d6212b93</sln:powIIPId><sln:powIIPPn>PL.PZGIK.200</sln:powIIPPn><sln:powIIPWersja>2012-09-27T07:52:00+02:00</sln:powIIPWersja><sln:powIdTeryt>1202</sln:powIdTeryt><sln:powNazwa>brzeski</sln:powNazwa><sln:waznyOd>2015-09-30T00:00:00+02:00</sln:waznyOd><sln:wojIIPId>dd2e3c64-f861-47cf-a3a3-e7751f272b2f</sln:wojIIPId><sln:wojIIPPn>PL.PZGIK.200</sln:wojIIPPn><sln:wojIIPWersja>2017-10-10T00:00:00+02:00</sln:wojIIPWersja><sln:wojIdTeryt>12</sln:wojIdTeryt><sln:wojNazwa>małopolskie</sln:wojNazwa></sln:miejscowosc><sln:miejscowosc><sln:cyklZyciaDo>2017-04-19T00:00:00+02:00</sln:cyklZyciaDo><sln:cyklZyciaOd>2015-12-28T00:00:00+01:00</sln:cyklZyciaOd><sln:gmIIPId>9906a787-fead-4b4b-8d33-d30ba74004c8</sln:gmIIPId><sln:gmIIPPn>PL.PZGIK.200</sln:gmIIPPn><sln:gmIIPWersja>2012-09-26T22:08:26+02:00</sln:gmIIPWersja><sln:gmIdTeryt>1202042</sln:gmIdTeryt><sln:gmNazwa>Dębno</sln:gmNazwa><sln:miejscIIPId>4cffa994-ea3c-41be-87cb-f5c61b5ae244</sln:miejscIIPId><sln:miejscIIPPn>PL.PZGIK.200</sln:miejscIIPPn><sln:miejscIIPWersja>2016-11-24T12:52:58+02:00</sln:miejscIIPWersja><sln:miejscIdTeryt>0819444</sln:miejscIdTeryt><sln:miejscNazwa>Sufczyn</sln:miejscNazwa><sln:miejscRodzaj>Wieś</sln:miejscRodzaj><sln:powIIPId>8d0b0a85-17f0-4358-98a4-d312d6212b93</sln:powIIPId><sln:powIIPPn>PL.PZGIK.200</sln:powIIPPn><sln:powIIPWersja>2012-09-27T07:52:00+02:00</sln:powIIPWersja><sln:powIdTeryt>1202</sln:powIdTeryt><sln:powNazwa>brzeski</sln:powNazwa><sln:waznyOd>2015-09-30T00:00:00+02:00</sln:waznyOd><sln:wojIIPId>dd2e3c64-f861-47cf-a3a3-e7751f272b2f</sln:wojIIPId><sln:wojIIPPn>PL.PZGIK.200</sln:wojIIPPn><sln:wojIIPWersja>2017-10-10T00:00:00+02:00</sln:wojIIPWersja><sln:wojIdTeryt>12</sln:wojIdTeryt><sln:wojNazwa>małopolskie</sln:wojNazwa></sln:miejscowosc><sln:miejscowosc><sln:cyklZyciaDo>2017-04-19T00:00:00+02:00</sln:cyklZyciaDo><sln:cyklZyciaOd>2015-12-28T00:00:00+01:00</sln:cyklZyciaOd><sln:gmIIPId>9906a787-fead-4b4b-8d33-d30ba74004c8</sln:gmIIPId><sln:gmIIPPn>PL.PZGIK.200</sln:gmIIPPn><sln:gmIIPWersja>2012-09-26T22:08:26+02:00</sln:gmIIPWersja><sln:gmIdTeryt>1202042</sln:gmIdTeryt><sln:gmNazwa>Dębno</sln:gmNazwa><sln:miejscIIPId>aab79ee8-035b-40d7-ab1a-ae9d006ad311</sln:miejscIIPId><sln:miejscIIPPn>PL.PZGIK.200</sln:miejscIIPPn><sln:miejscIIPWersja>2016-11-24T12:52:58+02:00</sln:miejscIIPWersja><sln:miejscIdTeryt>0819504</sln:miejscIdTeryt><sln:miejscNazwa>Wola Dębińska</sln:miejscNazwa><sln:miejscRodzaj>Wieś</sln:miejscRodzaj><sln:powIIPId>8d0b0a85-17f0-4358-98a4-d312d6212b93</sln:powIIPId><sln:powIIPPn>PL.PZGIK.200</sln:powIIPPn><sln:powIIPWersja>2012-09-27T07:52:00+02:00</sln:powIIPWersja><sln:powIdTeryt>1202</sln:powIdTeryt><sln:powNazwa>brzeski</sln:powNazwa><sln:waznyOd>2015-09-30T00:00:00+02:00</sln:waznyOd><sln:wojIIPId>dd2e3c64-f861-47cf-a3a3-e7751f272b2f</sln:wojIIPId><sln:wojIIPPn>PL.PZGIK.200</sln:wojIIPPn><sln:wojIIPWersja>2017-10-10T00:00:00+02:00</sln:wojIIPWersja><sln:wojIdTeryt>12</sln:wojIdTeryt><sln:wojNazwa>małopolskie</sln:wojNazwa></sln:miejscowosc><sln:miejscowosc><sln:cyklZyciaOd>2017-04-19T00:00:00+02:00</sln:cyklZyciaOd><sln:gmIIPId>9906a787-fead-4b4b-8d33-d30ba74004c8</sln:gmIIPId><sln:gmIIPPn>PL.PZGIK.200</sln:gmIIPPn><sln:gmIIPWersja>2012-09-26T22:08:26+02:00</sln:gmIIPWersja><sln:gmIdTeryt>1202042</sln:gmIdTeryt><sln:gmNazwa>Dębno</sln:gmNazwa><sln:miejscIIPId>841e5b03-0d8b-4604-b637-ac8c5cbbf9a9</sln:miejscIIPId><sln:miejscIIPPn>PL.PZGIK.200</sln:miejscIIPPn><sln:miejscIIPWersja>2017-04-19T11:41:00+02:00</sln:miejscIIPWersja><sln:miejscIdTeryt>0818829</sln:miejscIdTeryt><sln:miejscNazwa>Biadoliny Szlacheckie</sln:miejscNazwa><sln:miejscRodzaj>Wieś</sln:miejscRodzaj><sln:powIIPId>8d0b0a85-17f0-4358-98a4-d312d6212b93</sln:powIIPId><sln:powIIPPn>PL.PZGIK.200</sln:powIIPPn><sln:powIIPWersja>2012-09-27T07:52:00+02:00</sln:powIIPWersja><sln:powIdTeryt>1202</sln:powIdTeryt><sln:powNazwa>brzeski</sln:powNazwa><sln:waznyOd>2015-09-30T00:00:00+02:00</sln:waznyOd><sln:wojIIPId>dd2e3c64-f861-47cf-a3a3-e7751f272b2f</sln:wojIIPId><sln:wojIIPPn>PL.PZGIK.200</sln:wojIIPPn><sln:wojIIPWersja>2017-10-10T00:00:00+02:00</sln:wojIIPWersja><sln:wojIdTeryt>12</sln:wojIdTeryt><sln:wojNazwa>małopolskie</sln:wojNazwa></sln:miejscowosc><sln:miejscowosc><sln:cyklZyciaOd>2017-04-19T00:00:00+02:00</sln:cyklZyciaOd><sln:gmIIPId>9906a787-fead-4b4b-8d33-d30ba74004c8</sln:gmIIPId><sln:gmIIPPn>PL.PZGIK.200</sln:gmIIPPn><sln:gmIIPWersja>2012-09-26T22:08:26+02:00</sln:gmIIPWersja><sln:gmIdTeryt>1202042</sln:gmIdTeryt><sln:gmNazwa>Dębno</sln:gmNazwa><sln:miejscIIPId>e665491d-2ab2-4fb1-8df6-7c08768ef3da</sln:miejscIIPId><sln:miejscIIPPn>PL.PZGIK.200</sln:miejscIIPPn><sln:miejscIIPWersja>2017-04-19T11:41:06+02:00</sln:miejscIIPWersja><sln:miejscIdTeryt>0818841</sln:miejscIdTeryt><sln:miejscNazwa>Dębno</sln:miejscNazwa><sln:miejscRodzaj>Wieś</sln:miejscRodzaj><sln:powIIPId>8d0b0a85-17f0-4358-98a4-d312d6212b93</sln:powIIPId><sln:powIIPPn>PL.PZGIK.200</sln:powIIPPn><sln:powIIPWersja>2012-09-27T07:52:00+02:00</sln:powIIPWersja><sln:powIdTeryt>1202</sln:powIdTeryt><sln:powNazwa>brzeski</sln:powNazwa><sln:waznyOd>2015-09-30T00:00:00+02:00</sln:waznyOd><sln:wojIIPId>dd2e3c64-f861-47cf-a3a3-e7751f272b2f</sln:wojIIPId><sln:wojIIPPn>PL.PZGIK.200</sln:wojIIPPn><sln:wojIIPWersja>2017-10-10T00:00:00+02:00</sln:wojIIPWersja><sln:wojIdTeryt>12</sln:wojIdTeryt><sln:wojNazwa>małopolskie</sln:wojNazwa></sln:miejscowosc><sln:miejscowosc><sln:cyklZyciaOd>2017-04-19T00:00:00+02:00</sln:cyklZyciaOd><sln:gmIIPId>9906a787-fead-4b4b-8d33-d30ba74004c8</sln:gmIIPId><sln:gmIIPPn>PL.PZGIK.200</sln:gmIIPPn><sln:gmIIPWersja>2012-09-26T22:08:26+02:00</sln:gmIIPWersja><sln:gmIdTeryt>1202042</sln:gmIdTeryt><sln:gmNazwa>Dębno</sln:gmNazwa><sln:miejscIIPId>45d300e4-7983-427f-ab63-3cfd0c6763c8</sln:miejscIIPId><sln:miejscIIPPn>PL.PZGIK.200</sln:miejscIIPPn><sln:miejscIIPWersja>2017-04-19T11:41:06+02:00</sln:miejscIIPWersja><sln:miejscIdTeryt>0818924</sln:miejscIdTeryt><sln:miejscNazwa>Doły</sln:miejscNazwa><sln:miejscRodzaj>Wieś</sln:miejscRodzaj><sln:powIIPId>8d0b0a85-17f0-4358-98a4-d312d6212b93</sln:powIIPId><sln:powIIPPn>PL.PZGIK.200</sln:powIIPPn><sln:powIIPWersja>2012-09-27T07:52:00+02:00</sln:powIIPWersja><sln:powIdTeryt>1202</sln:powIdTeryt><sln:powNazwa>brzeski</sln:powNazwa><sln:waznyOd>2015-09-30T00:00:00+02:00</sln:waznyOd><sln:wojIIPId>dd2e3c64-f861-47cf-a3a3-e7751f272b2f</sln:wojIIPId><sln:wojIIPPn>PL.PZGIK.200</sln:wojIIPPn><sln:wojIIPWersja>2017-10-10T00:00:00+02:00</sln:wojIIPWersja><sln:wojIdTeryt>12</sln:wojIdTeryt><sln:wojNazwa>małopolskie</sln:wojNazwa></sln:miejscowosc><sln:miejscowosc><sln:cyklZyciaOd>2017-04-19T00:00:00+02:00</sln:cyklZyciaOd><sln:gmIIPId>9906a787-fead-4b4b-8d33-d30ba74004c8</sln:gmIIPId><sln:gmIIPPn>PL.PZGIK.200</sln:gmIIPPn><sln:gmIIPWersja>2012-09-26T22:08:26+02:00</sln:gmIIPWersja><sln:gmIdTeryt>1202042</sln:gmIdTeryt><sln:gmNazwa>Dębno</sln:gmNazwa><sln:miejscIIPId>1e770bf4-4eda-45e7-a198-20f2fad9b78d</sln:miejscIIPId><sln:miejscIIPPn>PL.PZGIK.200</sln:miejscIIPPn><sln:miejscIIPWersja>2017-04-19T11:41:06+02:00</sln:miejscIIPWersja><sln:miejscIdTeryt>0818953</sln:miejscIdTeryt><sln:miejscNazwa>Jastew</sln:miejscNazwa><sln:miejscRodzaj>Wieś</sln:miejscRodzaj><sln:powIIPId>8d0b0a85-17f0-4358-98a4-d312d6212b93</sln:powIIPId><sln:powIIPPn>PL.PZGIK.200</sln:powIIPPn><sln:powIIPWersja>2012-09-27T07:52:00+02:00</sln:powIIPWersja><sln:powIdTeryt>1202</sln:powIdTeryt><sln:powNazwa>brzeski</sln:powNazwa><sln:waznyOd>2015-09-30T00:00:00+02:00</sln:waznyOd><sln:wojIIPId>dd2e3c64-f861-47cf-a3a3-e7751f272b2f</sln:wojIIPId><sln:wojIIPPn>PL.PZGIK.200</sln:wojIIPPn><sln:wojIIPWersja>2017-10-10T00:00:00+02:00</sln:wojIIPWersja><sln:wojIdTeryt>12</sln:wojIdTeryt><sln:wojNazwa>małopolskie</sln:wojNazwa></sln:miejscowosc><sln:miejscowosc><sln:cyklZyciaOd>2017-04-19T00:00:00+02:00</sln:cyklZyciaOd><sln:gmIIPId>9906a787-fead-4b4b-8d33-d30ba74004c8</sln:gmIIPId><sln:gmIIPPn>PL.PZGIK.200</sln:gmIIPPn><sln:gmIIPWersja>2012-09-26T22:08:26+02:00</sln:gmIIPWersja><sln:gmIdTeryt>1202042</sln:gmIdTeryt><sln:gmNazwa>Dębno</sln:gmNazwa><sln:miejscIIPId>7a1ffffa-9b6f-4aa3-9dae-fae1134ef69c</sln:miejscIIPId><sln:miejscIIPPn>PL.PZGIK.200</sln:miejscIIPPn><sln:miejscIIPWersja>2017-04-19T11:41:06+02:00</sln:miejscIIPWersja><sln:miejscIdTeryt>0819013</sln:miejscIdTeryt><sln:miejscNazwa>Jaworsko</sln:miejscNazwa><sln:miejscRodzaj>Wieś</sln:miejscRodzaj><sln:powIIPId>8d0b0a85-17f0-4358-98a4-d312d6212b93</sln:powIIPId><sln:powIIPPn>PL.PZGIK.200</sln:powIIPPn><sln:powIIPWersja>2012-09-27T07:52:00+02:00</sln:powIIPWersja><sln:powIdTeryt>1202</sln:powIdTeryt><sln:powNazwa>brzeski</sln:powNazwa><sln:waznyOd>2015-09-30T00:00:00+02:00</sln:waznyOd><sln:wojIIPId>dd2e3c64-f861-47cf-a3a3-e7751f272b2f</sln:wojIIPId><sln:wojIIPPn>PL.PZGIK.200</sln:wojIIPPn><sln:wojIIPWersja>2017-10-10T00:00:00+02:00</sln:wojIIPWersja><sln:wojIdTeryt>12</sln:wojIdTeryt><sln:wojNazwa>małopolskie</sln:wojNazwa></sln:miejscowosc><sln:miejscowosc><sln:cyklZyciaOd>2017-04-19T00:00:00+02:00</sln:cyklZyciaOd><sln:gmIIPId>9906a787-fead-4b4b-8d33-d30ba74004c8</sln:gmIIPId><sln:gmIIPPn>PL.PZGIK.200</sln:gmIIPPn><sln:gmIIPWersja>2012-09-26T22:08:26+02:00</sln:gmIIPWersja><sln:gmIdTeryt>1202042</sln:gmIdTeryt><sln:gmNazwa>Dębno</sln:gmNazwa><sln:miejscIIPId>67b9de99-6252-4c31-bae1-b4be01a3a77a</sln:miejscIIPId><sln:miejscIIPPn>PL.PZGIK.200</sln:miejscIIPPn><sln:miejscIIPWersja>2017-04-19T11:41:06+02:00</sln:miejscIIPWersja><sln:miejscIdTeryt>0819059</sln:miejscIdTeryt><sln:miejscNazwa>Łoniowa</sln:miejscNazwa><sln:miejscRodzaj>Wieś</sln:miejscRodzaj><sln:powIIPId>8d0b0a85-17f0-4358-98a4-d312d6212b93</sln:powIIPId><sln:powIIPPn>PL.PZGIK.200</sln:powIIPPn><sln:powIIPWersja>2012-09-27T07:52:00+02:00</sln:powIIPWersja><sln:powIdTeryt>1202</sln:powIdTeryt><sln:powNazwa>brzeski</sln:powNazwa><sln:waznyOd>2015-09-30T00:00:00+02:00</sln:waznyOd><sln:wojIIPId>dd2e3c64-f861-47cf-a3a3-e7751f272b2f</sln:wojIIPId><sln:wojIIPPn>PL.PZGIK.200</sln:wojIIPPn><sln:wojIIPWersja>2017-10-10T00:00:00+02:00</sln:wojIIPWersja><sln:wojIdTeryt>12</sln:wojIdTeryt><sln:wojNazwa>małopolskie</sln:wojNazwa></sln:miejscowosc><sln:miejscowosc><sln:cyklZyciaOd>2017-04-19T00:00:00+02:00</sln:cyklZyciaOd><sln:gmIIPId>9906a787-fead-4b4b-8d33-d30ba74004c8</sln:gmIIPId><sln:gmIIPPn>PL.PZGIK.200</sln:gmIIPPn><sln:gmIIPWersja>2012-09-26T22:08:26+02:00</sln:gmIIPWersja><sln:gmIdTeryt>1202042</sln:gmIdTeryt><sln:gmNazwa>Dębno</sln:gmNazwa><sln:miejscIIPId>538a5449-6926-4865-b2ab-2c7d7a21fd88</sln:miejscIIPId><sln:miejscIIPPn>PL.PZGIK.200</sln:miejscIIPPn><sln:miejscIIPWersja>2017-04-19T11:41:06+02:00</sln:miejscIIPWersja><sln:miejscIdTeryt>0819148</sln:miejscIdTeryt><sln:miejscNazwa>Łysa Góra</sln:miejscNazwa><sln:miejscRodzaj>Wieś</sln:miejscRodzaj><sln:powIIPId>8d0b0a85-17f0-4358-98a4-d312d6212b93</sln:powIIPId><sln:powIIPPn>PL.PZGIK.200</sln:powIIPPn><sln:powIIPWersja>2012-09-27T07:52:00+02:00</sln:powIIPWersja><sln:powIdTeryt>1202</sln:powIdTeryt><sln:powNazwa>brzeski</sln:powNazwa><sln:waznyOd>2015-09-30T00:00:00+02:00</sln:waznyOd><sln:wojIIPId>dd2e3c64-f861-47cf-a3a3-e7751f272b2f</sln:wojIIPId><sln:wojIIPPn>PL.PZGIK.200</sln:wojIIPPn><sln:wojIIPWersja>2017-10-10T00:00:00+02:00</sln:wojIIPWersja><sln:wojIdTeryt>12</sln:wojIdTeryt><sln:wojNazwa>małopolskie</sln:wojNazwa></sln:miejscowosc><sln:miejscowosc><sln:cyklZyciaOd>2017-04-19T00:00:00+02:00</sln:cyklZyciaOd><sln:gmIIPId>9906a787-fead-4b4b-8d33-d30ba74004c8</sln:gmIIPId><sln:gmIIPPn>PL.PZGIK.200</sln:gmIIPPn><sln:gmIIPWersja>2012-09-26T22:08:26+02:00</sln:gmIIPWersja><sln:gmIdTeryt>1202042</sln:gmIdTeryt><sln:gmNazwa>Dębno</sln:gmNazwa><sln:miejscIIPId>475e8c45-7154-49e8-9001-e902293b4b4c</sln:miejscIIPId><sln:miejscIIPPn>PL.PZGIK.200</sln:miejscIIPPn><sln:miejscIIPWersja>2017-04-19T11:41:06+02:00</sln:miejscIIPWersja><sln:miejscIdTeryt>0819237</sln:miejscIdTeryt><sln:miejscNazwa>Maszkienice</sln:miejscNazwa><sln:miejscRodzaj>Wieś</sln:miejscRodzaj><sln:powIIPId>8d0b0a85-17f0-4358-98a4-d312d6212b93</sln:powIIPId><sln:powIIPPn>PL.PZGIK.200</sln:powIIPPn><sln:powIIPWersja>2012-09-27T07:52:00+02:00</sln:powIIPWersja><sln:powIdTeryt>1202</sln:powIdTeryt><sln:powNazwa>brzeski</sln:powNazwa><sln:waznyOd>2015-09-30T00:00:00+02:00</sln:waznyOd><sln:wojIIPId>dd2e3c64-f861-47cf-a3a3-e7751f272b2f</sln:wojIIPId><sln:wojIIPPn>PL.PZGIK.200</sln:wojIIPPn><sln:wojIIPWersja>2017-10-10T00:00:00+02:00</sln:wojIIPWersja><sln:wojIdTeryt>12</sln:wojIdTeryt><sln:wojNazwa>małopolskie</sln:wojNazwa></sln:miejscowosc><sln:miejscowosc><sln:cyklZyciaOd>2017-04-19T00:00:00+02:00</sln:cyklZyciaOd><sln:gmIIPId>9906a787-fead-4b4b-8d33-d30ba74004c8</sln:gmIIPId><sln:gmIIPPn>PL.PZGIK.200</sln:gmIIPPn><sln:gmIIPWersja>2012-09-26T22:08:26+02:00</sln:gmIIPWersja><sln:gmIdTeryt>1202042</sln:gmIdTeryt><sln:gmNazwa>Dębno</sln:gmNazwa><sln:miejscIIPId>4d1326ac-4baf-4965-a993-a3f782ce0dba</sln:miejscIIPId><sln:miejscIIPPn>PL.PZGIK.200</sln:miejscIIPPn><sln:miejscIIPWersja>2017-04-19T11:41:06+02:00</sln:miejscIIPWersja><sln:miejscIdTeryt>0819289</sln:miejscIdTeryt><sln:miejscNazwa>Niedźwiedza</sln:miejscNazwa><sln:miejscRodzaj>Wieś</sln:miejscRodzaj><sln:powIIPId>8d0b0a85-17f0-4358-98a4-d312d6212b93</sln:powIIPId><sln:powIIPPn>PL.PZGIK.200</sln:powIIPPn><sln:powIIPWersja>2012-09-27T07:52:00+02:00</sln:powIIPWersja><sln:powIdTeryt>1202</sln:powIdTeryt><sln:powNazwa>brzeski</sln:powNazwa><sln:waznyOd>2015-09-30T00:00:00+02:00</sln:waznyOd><sln:wojIIPId>dd2e3c64-f861-47cf-a3a3-e7751f272b2f</sln:wojIIPId><sln:wojIIPPn>PL.PZGIK.200</sln:wojIIPPn><sln:wojIIPWersja>2017-10-10T00:00:00+02:00</sln:wojIIPWersja><sln:wojIdTeryt>12</sln:wojIdTeryt><sln:wojNazwa>małopolskie</sln:wojNazwa></sln:miejscowosc><sln:miejscowosc><sln:cyklZyciaOd>2017-04-19T00:00:00+02:00</sln:cyklZyciaOd><sln:gmIIPId>9906a787-fead-4b4b-8d33-d30ba74004c8</sln:gmIIPId><sln:gmIIPPn>PL.PZGIK.200</sln:gmIIPPn><sln:gmIIPWersja>2012-09-26T22:08:26+02:00</sln:gmIIPWersja><sln:gmIdTeryt>1202042</sln:gmIdTeryt><sln:gmNazwa>Dębno</sln:gmNazwa><sln:miejscIIPId>72e072b1-e4ad-443d-98ce-956b2f423d7f</sln:miejscIIPId><sln:miejscIIPPn>PL.PZGIK.200</sln:miejscIIPPn><sln:miejscIIPWersja>2017-04-19T11:41:06+02:00</sln:miejscIIPWersja><sln:miejscIdTeryt>0819355</sln:miejscIdTeryt><sln:miejscNazwa>Perła</sln:miejscNazwa><sln:miejscRodzaj>Wieś</sln:miejscRodzaj><sln:powIIPId>8d0b0a85-17f0-4358-98a4-d312d6212b93</sln:powIIPId><sln:powIIPPn>PL.PZGIK.200</sln:powIIPPn><sln:powIIPWersja>2012-09-27T07:52:00+02:00</sln:powIIPWersja><sln:powIdTeryt>1202</sln:powIdTeryt><sln:powNazwa>brzeski</sln:powNazwa><sln:waznyOd>2015-09-30T00:00:00+02:00</sln:waznyOd><sln:wojIIPId>dd2e3c64-f861-47cf-a3a3-e7751f272b2f</sln:wojIIPId><sln:wojIIPPn>PL.PZGIK.200</sln:wojIIPPn><sln:wojIIPWersja>2017-10-10T00:00:00+02:00</sln:wojIIPWersja><sln:wojIdTeryt>12</sln:wojIdTeryt><sln:wojNazwa>małopolskie</sln:wojNazwa></sln:miejscowosc><sln:miejscowosc><sln:cyklZyciaOd>2017-04-19T00:00:00+02:00</sln:cyklZyciaOd><sln:gmIIPId>9906a787-fead-4b4b-8d33-d30ba74004c8</sln:gmIIPId><sln:gmIIPPn>PL.PZGIK.200</sln:gmIIPPn><sln:gmIIPWersja>2012-09-26T22:08:26+02:00</sln:gmIIPWersja><sln:gmIdTeryt>1202042</sln:gmIdTeryt><sln:gmNazwa>Dębno</sln:gmNazwa><sln:miejscIIPId>9481040e-3a48-4d02-afdc-9c9ec9d0e3a0</sln:miejscIIPId><sln:miejscIIPPn>PL.PZGIK.200</sln:miejscIIPPn><sln:miejscIIPWersja>2017-04-19T11:41:06+02:00</sln:miejscIIPWersja><sln:miejscIdTeryt>0819378</sln:miejscIdTeryt><sln:miejscNazwa>Porąbka Uszewska</sln:miejscNazwa><sln:miejscRodzaj>Wieś</sln:miejscRodzaj><sln:powIIPId>8d0b0a85-17f0-4358-98a4-d312d6212b93</sln:powIIPId><sln:powIIPPn>PL.PZGIK.200</sln:powIIPPn><sln:powIIPWersja>2012-09-27T07:52:00+02:00</sln:powIIPWersja><sln:powIdTeryt>1202</sln:powIdTeryt><sln:powNazwa>brzeski</sln:powNazwa><sln:waznyOd>2015-09-30T00:00:00+02:00</sln:waznyOd><sln:wojIIPId>dd2e3c64-f861-47cf-a3a3-e7751f272b2f</sln:wojIIPId><sln:wojIIPPn>PL.PZGIK.200</sln:wojIIPPn><sln:wojIIPWersja>2017-10-10T00:00:00+02:00</sln:wojIIPWersja><sln:wojIdTeryt>12</sln:wojIdTeryt><sln:wojNazwa>małopolskie</sln:wojNazwa></sln:miejscowosc><sln:miejscowosc><sln:cyklZyciaOd>2017-04-19T00:00:00+02:00</sln:cyklZyciaOd><sln:gmIIPId>9906a787-fead-4b4b-8d33-d30ba74004c8</sln:gmIIPId><sln:gmIIPPn>PL.PZGIK.200</sln:gmIIPPn><sln:gmIIPWersja>2012-09-26T22:08:26+02:00</sln:gmIIPWersja><sln:gmIdTeryt>1202042</sln:gmIdTeryt><sln:gmNazwa>Dębno</sln:gmNazwa><sln:miejscIIPId>4cffa994-ea3c-41be-87cb-f5c61b5ae244</sln:miejscIIPId><sln:miejscIIPPn>PL.PZGIK.200</sln:miejscIIPPn><sln:miejscIIPWersja>2017-04-19T11:41:07+02:00</sln:miejscIIPWersja><sln:miejscIdTeryt>0819444</sln:miejscIdTeryt><sln:miejscNazwa>Sufczyn</sln:miejscNazwa><sln:miejscRodzaj>Wieś</sln:miejscRodzaj><sln:powIIPId>8d0b0a85-17f0-4358-98a4-d312d6212b93</sln:powIIPId><sln:powIIPPn>PL.PZGIK.200</sln:powIIPPn><sln:powIIPWersja>2012-09-27T07:52:00+02:00</sln:powIIPWersja><sln:powIdTeryt>1202</sln:powIdTeryt><sln:powNazwa>brzeski</sln:powNazwa><sln:waznyOd>2015-09-30T00:00:00+02:00</sln:waznyOd><sln:wojIIPId>dd2e3c64-f861-47cf-a3a3-e7751f272b2f</sln:wojIIPId><sln:wojIIPPn>PL.PZGIK.200</sln:wojIIPPn><sln:wojIIPWersja>2017-10-10T00:00:00+02:00</sln:wojIIPWersja><sln:wojIdTeryt>12</sln:wojIdTeryt><sln:wojNazwa>małopolskie</sln:wojNazwa></sln:miejscowosc><sln:miejscowosc><sln:cyklZyciaOd>2017-04-19T00:00:00+02:00</sln:cyklZyciaOd><sln:gmIIPId>9906a787-fead-4b4b-8d33-d30ba74004c8</sln:gmIIPId><sln:gmIIPPn>PL.PZGIK.200</sln:gmIIPPn><sln:gmIIPWersja>2012-09-26T22:08:26+02:00</sln:gmIIPWersja><sln:gmIdTeryt>1202042</sln:gmIdTeryt><sln:gmNazwa>Dębno</sln:gmNazwa><sln:miejscIIPId>aab79ee8-035b-40d7-ab1a-ae9d006ad311</sln:miejscIIPId><sln:miejscIIPPn>PL.PZGIK.200</sln:miejscIIPPn><sln:miejscIIPWersja>2017-04-19T11:41:07+02:00</sln:miejscIIPWersja><sln:miejscIdTeryt>0819504</sln:miejscIdTeryt><sln:miejscNazwa>Wola Dębińska</sln:miejscNazwa><sln:miejscRodzaj>Wieś</sln:miejscRodzaj><sln:powIIPId>8d0b0a85-17f0-4358-98a4-d312d6212b93</sln:powIIPId><sln:powIIPPn>PL.PZGIK.200</sln:powIIPPn><sln:powIIPWersja>2012-09-27T07:52:00+02:00</sln:powIIPWersja><sln:powIdTeryt>1202</sln:powIdTeryt><sln:powNazwa>brzeski</sln:powNazwa><sln:waznyOd>2015-09-30T00:00:00+02:00</sln:waznyOd><sln:wojIIPId>dd2e3c64-f861-47cf-a3a3-e7751f272b2f</sln:wojIIPId><sln:wojIIPPn>PL.PZGIK.200</sln:wojIIPPn><sln:wojIIPWersja>2017-10-10T00:00:00+02:00</sln:wojIIPWersja><sln:wojIdTeryt>12</sln:wojIdTeryt><sln:wojNazwa>małopolskie</sln:wojNazwa></sln:miejscowosc></sln:lista-miejscowosci>