<?xml version="1.0" encoding="UTF-8" standalone="yes"?><sln:lista-miejscowosci xmlns:srv="http://gugik.gov.pl/schemas/slowniki-service/1.0" xmlns:sln="http://gugik.gov.pl/schemas/slowniki-schema/1.0"><sln:miejscowosc><sln:cyklZyciaDo>2017-04-13T00:00:00+02:00</sln:cyklZyciaDo><sln:cyklZyciaOd>2014-12-03T00:00:00+01:00</sln:cyklZyciaOd><sln:gmIIPId>119689dc-b855-4d76-824b-baf245f9bcc0</sln:gmIIPId><sln:gmIIPPn>PL.PZGIK.200</sln:gmIIPPn><sln:gmIIPWersja>2012-09-26T22:08:55+02:00</sln:gmIIPWersja><sln:gmIdTeryt>1204062</sln:gmIdTeryt><sln:gmNazwa>Radgoszcz</sln:gmNazwa><sln:miejscIIPId>01e7b6e2-8794-4101-a1ba-214466284a00</sln:miejscIIPId><sln:miejscIIPPn>PL.PZGIK.200</sln:miejscIIPPn><sln:miejscIIPWersja>2016-11-24T13:56:48+02:00</sln:miejscIIPWersja><sln:miejscIdTeryt>1048530</sln:miejscIdTeryt><sln:miejscNazwa>Luszowice Górne</sln:miejscNazwa><sln:miejscRodzaj>Inny obiekt</sln:miejscRodzaj><sln:powIIPId>2f8e6930-0088-406e-b684-cebb73fc5bd9</sln:powIIPId><sln:powIIPPn>PL.PZGIK.200</sln:powIIPPn><sln:powIIPWersja>2012-09-27T07:52:00+02:00</sln:powIIPWersja><sln:powIdTeryt>1204</sln:powIdTeryt><sln:powNazwa>dąbrowski</sln:powNazwa><sln:wojIIPId>dd2e3c64-f861-47cf-a3a3-e7751f272b2f</sln:wojIIPId><sln:wojIIPPn>PL.PZGIK.200</sln:wojIIPPn><sln:wojIIPWersja>2017-10-10T00:00:00+02:00</sln:wojIIPWersja><sln:wojIdTeryt>12</sln:wojIdTeryt><sln:wojNazwa>małopolskie</sln:wojNazwa></sln:miejscowosc><sln:miejscowosc><sln:cyklZyciaDo>2017-04-13T00:00:00+02:00</sln:cyklZyciaDo><sln:cyklZyciaOd>2014-12-03T00:00:00+01:00</sln:cyklZyciaOd><sln:gmIIPId>119689dc-b855-4d76-824b-baf245f9bcc0</sln:gmIIPId><sln:gmIIPPn>PL.PZGIK.200</sln:gmIIPPn><sln:gmIIPWersja>2012-09-26T22:08:55+02:00</sln:gmIIPWersja><sln:gmIdTeryt>1204062</sln:gmIdTeryt><sln:gmNazwa>Radgoszcz</sln:gmNazwa><sln:miejscIIPId>bf105adf-d3a1-4d5f-85b1-415e1337c90f</sln:miejscIIPId><sln:miejscIIPPn>PL.PZGIK.200</sln:miejscIIPPn><sln:miejscIIPWersja>2016-11-24T13:51:18+02:00</sln:miejscIIPWersja><sln:miejscIdTeryt>1048470</sln:miejscIdTeryt><sln:miejscNazwa>Krakusy</sln:miejscNazwa><sln:miejscRodzaj>Inny obiekt</sln:miejscRodzaj><sln:powIIPId>2f8e6930-0088-406e-b684-cebb73fc5bd9</sln:powIIPId><sln:powIIPPn>PL.PZGIK.200</sln:powIIPPn><sln:powIIPWersja>2012-09-27T07:52:00+02:00</sln:powIIPWersja><sln:powIdTeryt>1204</sln:powIdTeryt><sln:powNazwa>dąbrowski</sln:powNazwa><sln:wojIIPId>dd2e3c64-f861-47cf-a3a3-e7751f272b2f</sln:wojIIPId><sln:wojIIPPn>PL.PZGIK.200</sln:wojIIPPn><sln:wojIIPWersja>2017-10-10T00:00:00+02:00</sln:wojIIPWersja><sln:wojIdTeryt>12</sln:wojIdTeryt><sln:wojNazwa>małopolskie</sln:wojNazwa></sln:miejscowosc><sln:miejscowosc><sln:cyklZyciaDo>2017-04-13T00:00:00+02:00</sln:cyklZyciaDo><sln:cyklZyciaOd>2014-12-03T00:00:00+01:00</sln:cyklZyciaOd><sln:gmIIPId>119689dc-b855-4d76-824b-baf245f9bcc0</sln:gmIIPId><sln:gmIIPPn>PL.PZGIK.200</sln:gmIIPPn><sln:gmIIPWersja>2012-09-26T22:08:55+02:00</sln:gmIIPWersja><sln:gmIdTeryt>1204062</sln:gmIdTeryt><sln:gmNazwa>Radgoszcz</sln:gmNazwa><sln:miejscIIPId>0feb3fca-f345-4f68-ade7-df594c5ceb25</sln:miejscIIPId><sln:miejscIIPPn>PL.PZGIK.200</sln:miejscIIPPn><sln:miejscIIPWersja>2016-11-24T13:46:01+02:00</sln:miejscIIPWersja><sln:miejscIdTeryt>1048658</sln:miejscIdTeryt><sln:miejscNazwa>Poręby</sln:miejscNazwa><sln:miejscRodzaj>Inny obiekt</sln:miejscRodzaj><sln:powIIPId>2f8e6930-0088-406e-b684-cebb73fc5bd9</sln:powIIPId><sln:powIIPPn>PL.PZGIK.200</sln:powIIPPn><sln:powIIPWersja>2012-09-27T07:52:00+02:00</sln:powIIPWersja><sln:powIdTeryt>1204</sln:powIdTeryt><sln:powNazwa>dąbrowski</sln:powNazwa><sln:wojIIPId>dd2e3c64-f861-47cf-a3a3-e7751f272b2f</sln:wojIIPId><sln:wojIIPPn>PL.PZGIK.200</sln:wojIIPPn><sln:wojIIPWersja>2017-10-10T00:00:00+02:00</sln:wojIIPWersja><sln:wojIdTeryt>12</sln:wojIdTeryt><sln:wojNazwa>małopolskie</sln:wojNazwa></sln:miejscowosc><sln:miejscowosc><sln:cyklZyciaDo>2017-04-13T00:00:00+02:00</sln:cyklZyciaDo><sln:cyklZyciaOd>2014-12-03T00:00:00+01:00</sln:cyklZyciaOd><sln:gmIIPId>119689dc-b855-4d76-824b-baf245f9bcc0</sln:gmIIPId><sln:gmIIPPn>PL.PZGIK.200</sln:gmIIPPn><sln:gmIIPWersja>2012-09-26T22:08:55+02:00</sln:gmIIPWersja><sln:gmIdTeryt>1204062</sln:gmIdTeryt><sln:gmNazwa>Radgoszcz</sln:gmNazwa><sln:miejscIIPId>411b76af-4246-4b94-a5ab-b92593f13a9f</sln:miejscIIPId><sln:miejscIIPPn>PL.PZGIK.200</sln:miejscIIPPn><sln:miejscIIPWersja>2016-11-24T13:46:01+02:00</sln:miejscIIPWersja><sln:miejscIdTeryt>1048569</sln:miejscIdTeryt><sln:miejscNazwa>Narożniki</sln:miejscNazwa><sln:miejscRodzaj>Inny obiekt</sln:miejscRodzaj><sln:powIIPId>2f8e6930-0088-406e-b684-cebb73fc5bd9</sln:powIIPId><sln:powIIPPn>PL.PZGIK.200</sln:powIIPPn><sln:powIIPWersja>2012-09-27T07:52:00+02:00</sln:powIIPWersja><sln:powIdTeryt>1204</sln:powIdTeryt><sln:powNazwa>dąbrowski</sln:powNazwa><sln:wojIIPId>dd2e3c64-f861-47cf-a3a3-e7751f272b2f</sln:wojIIPId><sln:wojIIPPn>PL.PZGIK.200</sln:wojIIPPn><sln:wojIIPWersja>2017-10-10T00:00:00+02:00</sln:wojIIPWersja><sln:wojIdTeryt>12</sln:wojIdTeryt><sln:wojNazwa>małopolskie</sln:wojNazwa></sln:miejscowosc><sln:miejscowosc><sln:cyklZyciaDo>2017-04-13T00:00:00+02:00</sln:cyklZyciaDo><sln:cyklZyciaOd>2014-12-03T00:00:00+01:00</sln:cyklZyciaOd><sln:gmIIPId>119689dc-b855-4d76-824b-baf245f9bcc0</sln:gmIIPId><sln:gmIIPPn>PL.PZGIK.200</sln:gmIIPPn><sln:gmIIPWersja>2012-09-26T22:08:55+02:00</sln:gmIIPWersja><sln:gmIdTeryt>1204062</sln:gmIdTeryt><sln:gmNazwa>Radgoszcz</sln:gmNazwa><sln:miejscIIPId>d473ede1-2503-4203-a580-c3cef664e2c4</sln:miejscIIPId><sln:miejscIIPPn>PL.PZGIK.200</sln:miejscIIPPn><sln:miejscIIPWersja>2016-11-24T13:57:29+02:00</sln:miejscIIPWersja><sln:miejscIdTeryt>1048718</sln:miejscIdTeryt><sln:miejscNazwa>Zagrody</sln:miejscNazwa><sln:miejscRodzaj>Inny obiekt</sln:miejscRodzaj><sln:powIIPId>2f8e6930-0088-406e-b684-cebb73fc5bd9</sln:powIIPId><sln:powIIPPn>PL.PZGIK.200</sln:powIIPPn><sln:powIIPWersja>2012-09-27T07:52:00+02:00</sln:powIIPWersja><sln:powIdTeryt>1204</sln:powIdTeryt><sln:powNazwa>dąbrowski</sln:powNazwa><sln:wojIIPId>dd2e3c64-f861-47cf-a3a3-e7751f272b2f</sln:wojIIPId><sln:wojIIPPn>PL.PZGIK.200</sln:wojIIPPn><sln:wojIIPWersja>2017-10-10T00:00:00+02:00</sln:wojIIPWersja><sln:wojIdTeryt>12</sln:wojIdTeryt><sln:wojNazwa>małopolskie</sln:wojNazwa></sln:miejscowosc><sln:miejscowosc><sln:cyklZyciaDo>2017-04-13T00:00:00+02:00</sln:cyklZyciaDo><sln:cyklZyciaOd>2014-12-03T00:00:00+01:00</sln:cyklZyciaOd><sln:gmIIPId>119689dc-b855-4d76-824b-baf245f9bcc0</sln:gmIIPId><sln:gmIIPPn>PL.PZGIK.200</sln:gmIIPPn><sln:gmIIPWersja>2012-09-26T22:08:55+02:00</sln:gmIIPWersja><sln:gmIdTeryt>1204062</sln:gmIdTeryt><sln:gmNazwa>Radgoszcz</sln:gmNazwa><sln:miejscIIPId>f2049f73-cabd-4c70-9485-45709f9db42a</sln:miejscIIPId><sln:miejscIIPPn>PL.PZGIK.200</sln:miejscIIPPn><sln:miejscIIPWersja>2016-11-24T13:56:48+02:00</sln:miejscIIPWersja><sln:miejscIdTeryt>1048523</sln:miejscIdTeryt><sln:miejscNazwa>Luszowice Dolne</sln:miejscNazwa><sln:miejscRodzaj>Inny obiekt</sln:miejscRodzaj><sln:powIIPId>2f8e6930-0088-406e-b684-cebb73fc5bd9</sln:powIIPId><sln:powIIPPn>PL.PZGIK.200</sln:powIIPPn><sln:powIIPWersja>2012-09-27T07:52:00+02:00</sln:powIIPWersja><sln:powIdTeryt>1204</sln:powIdTeryt><sln:powNazwa>dąbrowski</sln:powNazwa><sln:wojIIPId>dd2e3c64-f861-47cf-a3a3-e7751f272b2f</sln:wojIIPId><sln:wojIIPPn>PL.PZGIK.200</sln:wojIIPPn><sln:wojIIPWersja>2017-10-10T00:00:00+02:00</sln:wojIIPWersja><sln:wojIdTeryt>12</sln:wojIdTeryt><sln:wojNazwa>małopolskie</sln:wojNazwa></sln:miejscowosc><sln:miejscowosc><sln:cyklZyciaDo>2017-04-13T00:00:00+02:00</sln:cyklZyciaDo><sln:cyklZyciaOd>2014-12-03T00:00:00+01:00</sln:cyklZyciaOd><sln:gmIIPId>119689dc-b855-4d76-824b-baf245f9bcc0</sln:gmIIPId><sln:gmIIPPn>PL.PZGIK.200</sln:gmIIPPn><sln:gmIIPWersja>2012-09-26T22:08:55+02:00</sln:gmIIPWersja><sln:gmIdTeryt>1204062</sln:gmIdTeryt><sln:gmNazwa>Radgoszcz</sln:gmNazwa><sln:miejscIIPId>c42577c1-d57d-4cd0-8045-e4070c77e4a7</sln:miejscIIPId><sln:miejscIIPPn>PL.PZGIK.200</sln:miejscIIPPn><sln:miejscIIPWersja>2016-11-24T13:46:01+02:00</sln:miejscIIPWersja><sln:miejscIdTeryt>1048730</sln:miejscIdTeryt><sln:miejscNazwa>Zarzecze Małe</sln:miejscNazwa><sln:miejscRodzaj>Inny obiekt</sln:miejscRodzaj><sln:powIIPId>2f8e6930-0088-406e-b684-cebb73fc5bd9</sln:powIIPId><sln:powIIPPn>PL.PZGIK.200</sln:powIIPPn><sln:powIIPWersja>2012-09-27T07:52:00+02:00</sln:powIIPWersja><sln:powIdTeryt>1204</sln:powIdTeryt><sln:powNazwa>dąbrowski</sln:powNazwa><sln:wojIIPId>dd2e3c64-f861-47cf-a3a3-e7751f272b2f</sln:wojIIPId><sln:wojIIPPn>PL.PZGIK.200</sln:wojIIPPn><sln:wojIIPWersja>2017-10-10T00:00:00+02:00</sln:wojIIPWersja><sln:wojIdTeryt>12</sln:wojIdTeryt><sln:wojNazwa>małopolskie</sln:wojNazwa></sln:miejscowosc><sln:miejscowosc><sln:cyklZyciaDo>2017-04-13T00:00:00+02:00</sln:cyklZyciaDo><sln:cyklZyciaOd>2014-12-03T00:00:00+01:00</sln:cyklZyciaOd><sln:gmIIPId>119689dc-b855-4d76-824b-baf245f9bcc0</sln:gmIIPId><sln:gmIIPPn>PL.PZGIK.200</sln:gmIIPPn><sln:gmIIPWersja>2012-09-26T22:08:55+02:00</sln:gmIIPWersja><sln:gmIdTeryt>1204062</sln:gmIdTeryt><sln:gmNazwa>Radgoszcz</sln:gmNazwa><sln:miejscIIPId>b8bdadca-2773-4f4a-af66-31c94703dd28</sln:miejscIIPId><sln:miejscIIPPn>PL.PZGIK.200</sln:miejscIIPPn><sln:miejscIIPWersja>2016-11-24T13:46:01+02:00</sln:miejscIIPWersja><sln:miejscIdTeryt>1048724</sln:miejscIdTeryt><sln:miejscNazwa>Zarzecze Duże</sln:miejscNazwa><sln:miejscRodzaj>Inny obiekt</sln:miejscRodzaj><sln:powIIPId>2f8e6930-0088-406e-b684-cebb73fc5bd9</sln:powIIPId><sln:powIIPPn>PL.PZGIK.200</sln:powIIPPn><sln:powIIPWersja>2012-09-27T07:52:00+02:00</sln:powIIPWersja><sln:powIdTeryt>1204</sln:powIdTeryt><sln:powNazwa>dąbrowski</sln:powNazwa><sln:wojIIPId>dd2e3c64-f861-47cf-a3a3-e7751f272b2f</sln:wojIIPId><sln:wojIIPPn>PL.PZGIK.200</sln:wojIIPPn><sln:wojIIPWersja>2017-10-10T00:00:00+02:00</sln:wojIIPWersja><sln:wojIdTeryt>12</sln:wojIdTeryt><sln:wojNazwa>małopolskie</sln:wojNazwa></sln:miejscowosc><sln:miejscowosc><sln:cyklZyciaDo>2017-04-13T00:00:00+02:00</sln:cyklZyciaDo><sln:cyklZyciaOd>2014-12-03T00:00:00+01:00</sln:cyklZyciaOd><sln:gmIIPId>119689dc-b855-4d76-824b-baf245f9bcc0</sln:gmIIPId><sln:gmIIPPn>PL.PZGIK.200</sln:gmIIPPn><sln:gmIIPWersja>2012-09-26T22:08:55+02:00</sln:gmIIPWersja><sln:gmIdTeryt>1204062</sln:gmIdTeryt><sln:gmNazwa>Radgoszcz</sln:gmNazwa><sln:miejscIIPId>9f2568c8-7785-4494-bc4e-963f300c6fe4</sln:miejscIIPId><sln:miejscIIPPn>PL.PZGIK.200</sln:miejscIIPPn><sln:miejscIIPWersja>2016-11-24T13:46:01+02:00</sln:miejscIIPWersja><sln:miejscIdTeryt>1048635</sln:miejscIdTeryt><sln:miejscNazwa>Podlesie</sln:miejscNazwa><sln:miejscRodzaj>Inny obiekt</sln:miejscRodzaj><sln:powIIPId>2f8e6930-0088-406e-b684-cebb73fc5bd9</sln:powIIPId><sln:powIIPPn>PL.PZGIK.200</sln:powIIPPn><sln:powIIPWersja>2012-09-27T07:52:00+02:00</sln:powIIPWersja><sln:powIdTeryt>1204</sln:powIdTeryt><sln:powNazwa>dąbrowski</sln:powNazwa><sln:wojIIPId>dd2e3c64-f861-47cf-a3a3-e7751f272b2f</sln:wojIIPId><sln:wojIIPPn>PL.PZGIK.200</sln:wojIIPPn><sln:wojIIPWersja>2017-10-10T00:00:00+02:00</sln:wojIIPWersja><sln:wojIdTeryt>12</sln:wojIdTeryt><sln:wojNazwa>małopolskie</sln:wojNazwa></sln:miejscowosc><sln:miejscowosc><sln:cyklZyciaDo>2017-04-13T00:00:00+02:00</sln:cyklZyciaDo><sln:cyklZyciaOd>2014-12-03T00:00:00+01:00</sln:cyklZyciaOd><sln:gmIIPId>119689dc-b855-4d76-824b-baf245f9bcc0</sln:gmIIPId><sln:gmIIPPn>PL.PZGIK.200</sln:gmIIPPn><sln:gmIIPWersja>2012-09-26T22:08:55+02:00</sln:gmIIPWersja><sln:gmIdTeryt>1204062</sln:gmIdTeryt><sln:gmNazwa>Radgoszcz</sln:gmNazwa><sln:miejscIIPId>3be0471a-1cc3-4342-bceb-69d9d733c5fa</sln:miejscIIPId><sln:miejscIIPPn>PL.PZGIK.200</sln:miejscIIPPn><sln:miejscIIPWersja>2016-11-24T13:46:01+02:00</sln:miejscIIPWersja><sln:miejscIdTeryt>1048405</sln:miejscIdTeryt><sln:miejscNazwa>Grochowiska</sln:miejscNazwa><sln:miejscRodzaj>Inny obiekt</sln:miejscRodzaj><sln:powIIPId>2f8e6930-0088-406e-b684-cebb73fc5bd9</sln:powIIPId><sln:powIIPPn>PL.PZGIK.200</sln:powIIPPn><sln:powIIPWersja>2012-09-27T07:52:00+02:00</sln:powIIPWersja><sln:powIdTeryt>1204</sln:powIdTeryt><sln:powNazwa>dąbrowski</sln:powNazwa><sln:wojIIPId>dd2e3c64-f861-47cf-a3a3-e7751f272b2f</sln:wojIIPId><sln:wojIIPPn>PL.PZGIK.200</sln:wojIIPPn><sln:wojIIPWersja>2017-10-10T00:00:00+02:00</sln:wojIIPWersja><sln:wojIdTeryt>12</sln:wojIdTeryt><sln:wojNazwa>małopolskie</sln:wojNazwa></sln:miejscowosc><sln:miejscowosc><sln:cyklZyciaDo>2017-04-13T00:00:00+02:00</sln:cyklZyciaDo><sln:cyklZyciaOd>2014-12-03T00:00:00+01:00</sln:cyklZyciaOd><sln:gmIIPId>119689dc-b855-4d76-824b-baf245f9bcc0</sln:gmIIPId><sln:gmIIPPn>PL.PZGIK.200</sln:gmIIPPn><sln:gmIIPWersja>2012-09-26T22:08:55+02:00</sln:gmIIPWersja><sln:gmIdTeryt>1204062</sln:gmIdTeryt><sln:gmNazwa>Radgoszcz</sln:gmNazwa><sln:miejscIIPId>a4e1fd02-3df9-4e7a-9b52-9a760d32a053</sln:miejscIIPId><sln:miejscIIPPn>PL.PZGIK.200</sln:miejscIIPPn><sln:miejscIIPWersja>2016-11-24T13:46:01+02:00</sln:miejscIIPWersja><sln:miejscIdTeryt>1048492</sln:miejscIdTeryt><sln:miejscNazwa>Krzywda</sln:miejscNazwa><sln:miejscRodzaj>Inny obiekt</sln:miejscRodzaj><sln:powIIPId>2f8e6930-0088-406e-b684-cebb73fc5bd9</sln:powIIPId><sln:powIIPPn>PL.PZGIK.200</sln:powIIPPn><sln:powIIPWersja>2012-09-27T07:52:00+02:00</sln:powIIPWersja><sln:powIdTeryt>1204</sln:powIdTeryt><sln:powNazwa>dąbrowski</sln:powNazwa><sln:wojIIPId>dd2e3c64-f861-47cf-a3a3-e7751f272b2f</sln:wojIIPId><sln:wojIIPPn>PL.PZGIK.200</sln:wojIIPPn><sln:wojIIPWersja>2017-10-10T00:00:00+02:00</sln:wojIIPWersja><sln:wojIdTeryt>12</sln:wojIdTeryt><sln:wojNazwa>małopolskie</sln:wojNazwa></sln:miejscowosc><sln:miejscowosc><sln:cyklZyciaDo>2017-04-13T00:00:00+02:00</sln:cyklZyciaDo><sln:cyklZyciaOd>2014-12-03T00:00:00+01:00</sln:cyklZyciaOd><sln:gmIIPId>119689dc-b855-4d76-824b-baf245f9bcc0</sln:gmIIPId><sln:gmIIPPn>PL.PZGIK.200</sln:gmIIPPn><sln:gmIIPWersja>2012-09-26T22:08:55+02:00</sln:gmIIPWersja><sln:gmIdTeryt>1204062</sln:gmIdTeryt><sln:gmNazwa>Radgoszcz</sln:gmNazwa><sln:miejscIIPId>039d469f-e255-4c41-a8ec-03c52a28b897</sln:miejscIIPId><sln:miejscIIPPn>PL.PZGIK.200</sln:miejscIIPPn><sln:miejscIIPWersja>2016-11-24T13:47:12+02:00</sln:miejscIIPWersja><sln:miejscIdTeryt>1048670</sln:miejscIdTeryt><sln:miejscNazwa>Smyków Wielki</sln:miejscNazwa><sln:miejscRodzaj>Inny obiekt</sln:miejscRodzaj><sln:powIIPId>2f8e6930-0088-406e-b684-cebb73fc5bd9</sln:powIIPId><sln:powIIPPn>PL.PZGIK.200</sln:powIIPPn><sln:powIIPWersja>2012-09-27T07:52:00+02:00</sln:powIIPWersja><sln:powIdTeryt>1204</sln:powIdTeryt><sln:powNazwa>dąbrowski</sln:powNazwa><sln:wojIIPId>dd2e3c64-f861-47cf-a3a3-e7751f272b2f</sln:wojIIPId><sln:wojIIPPn>PL.PZGIK.200</sln:wojIIPPn><sln:wojIIPWersja>2017-10-10T00:00:00+02:00</sln:wojIIPWersja><sln:wojIdTeryt>12</sln:wojIdTeryt><sln:wojNazwa>małopolskie</sln:wojNazwa></sln:miejscowosc><sln:miejscowosc><sln:cyklZyciaDo>2017-04-13T00:00:00+02:00</sln:cyklZyciaDo><sln:cyklZyciaOd>2014-12-03T00:00:00+01:00</sln:cyklZyciaOd><sln:gmIIPId>119689dc-b855-4d76-824b-baf245f9bcc0</sln:gmIIPId><sln:gmIIPPn>PL.PZGIK.200</sln:gmIIPPn><sln:gmIIPWersja>2012-09-26T22:08:55+02:00</sln:gmIIPWersja><sln:gmIdTeryt>1204062</sln:gmIdTeryt><sln:gmNazwa>Radgoszcz</sln:gmNazwa><sln:miejscIIPId>d0939a64-c080-4c01-9c6e-2fb1a0f030a9</sln:miejscIIPId><sln:miejscIIPPn>PL.PZGIK.200</sln:miejscIIPPn><sln:miejscIIPWersja>2016-11-24T13:47:12+02:00</sln:miejscIIPWersja><sln:miejscIdTeryt>1048457</sln:miejscIdTeryt><sln:miejscNazwa>Kąty</sln:miejscNazwa><sln:miejscRodzaj>Inny obiekt</sln:miejscRodzaj><sln:powIIPId>2f8e6930-0088-406e-b684-cebb73fc5bd9</sln:powIIPId><sln:powIIPPn>PL.PZGIK.200</sln:powIIPPn><sln:powIIPWersja>2012-09-27T07:52:00+02:00</sln:powIIPWersja><sln:powIdTeryt>1204</sln:powIdTeryt><sln:powNazwa>dąbrowski</sln:powNazwa><sln:wojIIPId>dd2e3c64-f861-47cf-a3a3-e7751f272b2f</sln:wojIIPId><sln:wojIIPPn>PL.PZGIK.200</sln:wojIIPPn><sln:wojIIPWersja>2017-10-10T00:00:00+02:00</sln:wojIIPWersja><sln:wojIdTeryt>12</sln:wojIdTeryt><sln:wojNazwa>małopolskie</sln:wojNazwa></sln:miejscowosc><sln:miejscowosc><sln:cyklZyciaDo>2017-04-13T00:00:00+02:00</sln:cyklZyciaDo><sln:cyklZyciaOd>2014-12-03T00:00:00+01:00</sln:cyklZyciaOd><sln:gmIIPId>119689dc-b855-4d76-824b-baf245f9bcc0</sln:gmIIPId><sln:gmIIPPn>PL.PZGIK.200</sln:gmIIPPn><sln:gmIIPWersja>2012-09-26T22:08:55+02:00</sln:gmIIPWersja><sln:gmIdTeryt>1204062</sln:gmIdTeryt><sln:gmNazwa>Radgoszcz</sln:gmNazwa><sln:miejscIIPId>91b5d546-b79d-4661-8999-c85c207c2219</sln:miejscIIPId><sln:miejscIIPPn>PL.PZGIK.200</sln:miejscIIPPn><sln:miejscIIPWersja>2016-11-24T13:51:18+02:00</sln:miejscIIPWersja><sln:miejscIdTeryt>1048351</sln:miejscIdTeryt><sln:miejscNazwa>Górka</sln:miejscNazwa><sln:miejscRodzaj>Inny obiekt</sln:miejscRodzaj><sln:powIIPId>2f8e6930-0088-406e-b684-cebb73fc5bd9</sln:powIIPId><sln:powIIPPn>PL.PZGIK.200</sln:powIIPPn><sln:powIIPWersja>2012-09-27T07:52:00+02:00</sln:powIIPWersja><sln:powIdTeryt>1204</sln:powIdTeryt><sln:powNazwa>dąbrowski</sln:powNazwa><sln:wojIIPId>dd2e3c64-f861-47cf-a3a3-e7751f272b2f</sln:wojIIPId><sln:wojIIPPn>PL.PZGIK.200</sln:wojIIPPn><sln:wojIIPWersja>2017-10-10T00:00:00+02:00</sln:wojIIPWersja><sln:wojIdTeryt>12</sln:wojIdTeryt><sln:wojNazwa>małopolskie</sln:wojNazwa></sln:miejscowosc><sln:miejscowosc><sln:cyklZyciaDo>2017-04-13T00:00:00+02:00</sln:cyklZyciaDo><sln:cyklZyciaOd>2014-12-03T00:00:00+01:00</sln:cyklZyciaOd><sln:gmIIPId>119689dc-b855-4d76-824b-baf245f9bcc0</sln:gmIIPId><sln:gmIIPPn>PL.PZGIK.200</sln:gmIIPPn><sln:gmIIPWersja>2012-09-26T22:08:55+02:00</sln:gmIIPWersja><sln:gmIdTeryt>1204062</sln:gmIdTeryt><sln:gmNazwa>Radgoszcz</sln:gmNazwa><sln:miejscIIPId>15d36d23-b4ec-4267-b6b0-74097db85324</sln:miejscIIPId><sln:miejscIIPPn>PL.PZGIK.200</sln:miejscIIPPn><sln:miejscIIPWersja>2016-11-24T13:51:18+02:00</sln:miejscIIPWersja><sln:miejscIdTeryt>1048440</sln:miejscIdTeryt><sln:miejscNazwa>Kaczówka</sln:miejscNazwa><sln:miejscRodzaj>Inny obiekt</sln:miejscRodzaj><sln:powIIPId>2f8e6930-0088-406e-b684-cebb73fc5bd9</sln:powIIPId><sln:powIIPPn>PL.PZGIK.200</sln:powIIPPn><sln:powIIPWersja>2012-09-27T07:52:00+02:00</sln:powIIPWersja><sln:powIdTeryt>1204</sln:powIdTeryt><sln:powNazwa>dąbrowski</sln:powNazwa><sln:wojIIPId>dd2e3c64-f861-47cf-a3a3-e7751f272b2f</sln:wojIIPId><sln:wojIIPPn>PL.PZGIK.200</sln:wojIIPPn><sln:wojIIPWersja>2017-10-10T00:00:00+02:00</sln:wojIIPWersja><sln:wojIdTeryt>12</sln:wojIdTeryt><sln:wojNazwa>małopolskie</sln:wojNazwa></sln:miejscowosc><sln:miejscowosc><sln:cyklZyciaDo>2017-04-13T00:00:00+02:00</sln:cyklZyciaDo><sln:cyklZyciaOd>2014-12-03T00:00:00+01:00</sln:cyklZyciaOd><sln:gmIIPId>119689dc-b855-4d76-824b-baf245f9bcc0</sln:gmIIPId><sln:gmIIPPn>PL.PZGIK.200</sln:gmIIPPn><sln:gmIIPWersja>2012-09-26T22:08:55+02:00</sln:gmIIPWersja><sln:gmIdTeryt>1204062</sln:gmIdTeryt><sln:gmNazwa>Radgoszcz</sln:gmNazwa><sln:miejscIIPId>78adaaea-98e2-4cd3-96c6-ff6445188ec1</sln:miejscIIPId><sln:miejscIIPPn>PL.PZGIK.200</sln:miejscIIPPn><sln:miejscIIPWersja>2016-11-24T13:35:01+02:00</sln:miejscIIPWersja><sln:miejscIdTeryt>0827774</sln:miejscIdTeryt><sln:miejscNazwa>Żdżary</sln:miejscNazwa><sln:miejscRodzaj>Wieś</sln:miejscRodzaj><sln:powIIPId>2f8e6930-0088-406e-b684-cebb73fc5bd9</sln:powIIPId><sln:powIIPPn>PL.PZGIK.200</sln:powIIPPn><sln:powIIPWersja>2012-09-27T07:52:00+02:00</sln:powIIPWersja><sln:powIdTeryt>1204</sln:powIdTeryt><sln:powNazwa>dąbrowski</sln:powNazwa><sln:wojIIPId>dd2e3c64-f861-47cf-a3a3-e7751f272b2f</sln:wojIIPId><sln:wojIIPPn>PL.PZGIK.200</sln:wojIIPPn><sln:wojIIPWersja>2017-10-10T00:00:00+02:00</sln:wojIIPWersja><sln:wojIdTeryt>12</sln:wojIdTeryt><sln:wojNazwa>małopolskie</sln:wojNazwa></sln:miejscowosc><sln:miejscowosc><sln:cyklZyciaDo>2017-04-13T00:00:00+02:00</sln:cyklZyciaDo><sln:cyklZyciaOd>2014-12-03T00:00:00+01:00</sln:cyklZyciaOd><sln:gmIIPId>119689dc-b855-4d76-824b-baf245f9bcc0</sln:gmIIPId><sln:gmIIPPn>PL.PZGIK.200</sln:gmIIPPn><sln:gmIIPWersja>2012-09-26T22:08:55+02:00</sln:gmIIPWersja><sln:gmIdTeryt>1204062</sln:gmIdTeryt><sln:gmNazwa>Radgoszcz</sln:gmNazwa><sln:miejscIIPId>7c8d853d-3d33-4a3b-80ec-7393068ba111</sln:miejscIIPId><sln:miejscIIPPn>PL.PZGIK.200</sln:miejscIIPPn><sln:miejscIIPWersja>2016-11-24T13:46:01+02:00</sln:miejscIIPWersja><sln:miejscIdTeryt>1048397</sln:miejscIdTeryt><sln:miejscNazwa>Górki</sln:miejscNazwa><sln:miejscRodzaj>Inny obiekt</sln:miejscRodzaj><sln:powIIPId>2f8e6930-0088-406e-b684-cebb73fc5bd9</sln:powIIPId><sln:powIIPPn>PL.PZGIK.200</sln:powIIPPn><sln:powIIPWersja>2012-09-27T07:52:00+02:00</sln:powIIPWersja><sln:powIdTeryt>1204</sln:powIdTeryt><sln:powNazwa>dąbrowski</sln:powNazwa><sln:wojIIPId>dd2e3c64-f861-47cf-a3a3-e7751f272b2f</sln:wojIIPId><sln:wojIIPPn>PL.PZGIK.200</sln:wojIIPPn><sln:wojIIPWersja>2017-10-10T00:00:00+02:00</sln:wojIIPWersja><sln:wojIdTeryt>12</sln:wojIdTeryt><sln:wojNazwa>małopolskie</sln:wojNazwa></sln:miejscowosc><sln:miejscowosc><sln:cyklZyciaDo>2017-04-13T00:00:00+02:00</sln:cyklZyciaDo><sln:cyklZyciaOd>2014-12-03T00:00:00+01:00</sln:cyklZyciaOd><sln:gmIIPId>119689dc-b855-4d76-824b-baf245f9bcc0</sln:gmIIPId><sln:gmIIPPn>PL.PZGIK.200</sln:gmIIPPn><sln:gmIIPWersja>2012-09-26T22:08:55+02:00</sln:gmIIPWersja><sln:gmIdTeryt>1204062</sln:gmIdTeryt><sln:gmNazwa>Radgoszcz</sln:gmNazwa><sln:miejscIIPId>75d68290-cc60-490d-861e-c9cc3710728e</sln:miejscIIPId><sln:miejscIIPPn>PL.PZGIK.200</sln:miejscIIPPn><sln:miejscIIPWersja>2016-11-24T13:47:12+02:00</sln:miejscIIPWersja><sln:miejscIdTeryt>1048664</sln:miejscIdTeryt><sln:miejscNazwa>Smyków Mały</sln:miejscNazwa><sln:miejscRodzaj>Inny obiekt</sln:miejscRodzaj><sln:powIIPId>2f8e6930-0088-406e-b684-cebb73fc5bd9</sln:powIIPId><sln:powIIPPn>PL.PZGIK.200</sln:powIIPPn><sln:powIIPWersja>2012-09-27T07:52:00+02:00</sln:powIIPWersja><sln:powIdTeryt>1204</sln:powIdTeryt><sln:powNazwa>dąbrowski</sln:powNazwa><sln:wojIIPId>dd2e3c64-f861-47cf-a3a3-e7751f272b2f</sln:wojIIPId><sln:wojIIPPn>PL.PZGIK.200</sln:wojIIPPn><sln:wojIIPWersja>2017-10-10T00:00:00+02:00</sln:wojIIPWersja><sln:wojIdTeryt>12</sln:wojIdTeryt><sln:wojNazwa>małopolskie</sln:wojNazwa></sln:miejscowosc><sln:miejscowosc><sln:cyklZyciaDo>2017-04-13T00:00:00+02:00</sln:cyklZyciaDo><sln:cyklZyciaOd>2014-12-03T00:00:00+01:00</sln:cyklZyciaOd><sln:gmIIPId>119689dc-b855-4d76-824b-baf245f9bcc0</sln:gmIIPId><sln:gmIIPPn>PL.PZGIK.200</sln:gmIIPPn><sln:gmIIPWersja>2012-09-26T22:08:55+02:00</sln:gmIIPWersja><sln:gmIdTeryt>1204062</sln:gmIdTeryt><sln:gmNazwa>Radgoszcz</sln:gmNazwa><sln:miejscIIPId>7ae74e46-24c9-4fa2-b794-e20101257a0a</sln:miejscIIPId><sln:miejscIIPPn>PL.PZGIK.200</sln:miejscIIPPn><sln:miejscIIPWersja>2016-11-24T13:56:48+02:00</sln:miejscIIPWersja><sln:miejscIdTeryt>1048687</sln:miejscIdTeryt><sln:miejscNazwa>Stara Wieś</sln:miejscNazwa><sln:miejscRodzaj>Inny obiekt</sln:miejscRodzaj><sln:powIIPId>2f8e6930-0088-406e-b684-cebb73fc5bd9</sln:powIIPId><sln:powIIPPn>PL.PZGIK.200</sln:powIIPPn><sln:powIIPWersja>2012-09-27T07:52:00+02:00</sln:powIIPWersja><sln:powIdTeryt>1204</sln:powIdTeryt><sln:powNazwa>dąbrowski</sln:powNazwa><sln:wojIIPId>dd2e3c64-f861-47cf-a3a3-e7751f272b2f</sln:wojIIPId><sln:wojIIPPn>PL.PZGIK.200</sln:wojIIPPn><sln:wojIIPWersja>2017-10-10T00:00:00+02:00</sln:wojIIPWersja><sln:wojIdTeryt>12</sln:wojIdTeryt><sln:wojNazwa>małopolskie</sln:wojNazwa></sln:miejscowosc><sln:miejscowosc><sln:cyklZyciaDo>2017-04-13T00:00:00+02:00</sln:cyklZyciaDo><sln:cyklZyciaOd>2014-12-03T00:00:00+01:00</sln:cyklZyciaOd><sln:gmIIPId>119689dc-b855-4d76-824b-baf245f9bcc0</sln:gmIIPId><sln:gmIIPPn>PL.PZGIK.200</sln:gmIIPPn><sln:gmIIPWersja>2012-09-26T22:08:55+02:00</sln:gmIIPWersja><sln:gmIdTeryt>1204062</sln:gmIdTeryt><sln:gmNazwa>Radgoszcz</sln:gmNazwa><sln:miejscIIPId>70cc62cb-bb3c-445d-8dab-74665cef27f5</sln:miejscIIPId><sln:miejscIIPPn>PL.PZGIK.200</sln:miejscIIPPn><sln:miejscIIPWersja>2016-11-24T13:56:48+02:00</sln:miejscIIPWersja><sln:miejscIdTeryt>1048693</sln:miejscIdTeryt><sln:miejscNazwa>Świerża</sln:miejscNazwa><sln:miejscRodzaj>Inny obiekt</sln:miejscRodzaj><sln:powIIPId>2f8e6930-0088-406e-b684-cebb73fc5bd9</sln:powIIPId><sln:powIIPPn>PL.PZGIK.200</sln:powIIPPn><sln:powIIPWersja>2012-09-27T07:52:00+02:00</sln:powIIPWersja><sln:powIdTeryt>1204</sln:powIdTeryt><sln:powNazwa>dąbrowski</sln:powNazwa><sln:wojIIPId>dd2e3c64-f861-47cf-a3a3-e7751f272b2f</sln:wojIIPId><sln:wojIIPPn>PL.PZGIK.200</sln:wojIIPPn><sln:wojIIPWersja>2017-10-10T00:00:00+02:00</sln:wojIIPWersja><sln:wojIdTeryt>12</sln:wojIdTeryt><sln:wojNazwa>małopolskie</sln:wojNazwa></sln:miejscowosc><sln:miejscowosc><sln:cyklZyciaDo>2017-04-13T00:00:00+02:00</sln:cyklZyciaDo><sln:cyklZyciaOd>2014-12-03T00:00:00+01:00</sln:cyklZyciaOd><sln:gmIIPId>119689dc-b855-4d76-824b-baf245f9bcc0</sln:gmIIPId><sln:gmIIPPn>PL.PZGIK.200</sln:gmIIPPn><sln:gmIIPWersja>2012-09-26T22:08:55+02:00</sln:gmIIPWersja><sln:gmIdTeryt>1204062</sln:gmIdTeryt><sln:gmNazwa>Radgoszcz</sln:gmNazwa><sln:miejscIIPId>7ed84a03-3a68-470a-b72a-fade51321333</sln:miejscIIPId><sln:miejscIIPPn>PL.PZGIK.200</sln:miejscIIPPn><sln:miejscIIPWersja>2016-11-24T13:57:29+02:00</sln:miejscIIPWersja><sln:miejscIdTeryt>1048581</sln:miejscIdTeryt><sln:miejscNazwa>Nowa Wieś</sln:miejscNazwa><sln:miejscRodzaj>Inny obiekt</sln:miejscRodzaj><sln:powIIPId>2f8e6930-0088-406e-b684-cebb73fc5bd9</sln:powIIPId><sln:powIIPPn>PL.PZGIK.200</sln:powIIPPn><sln:powIIPWersja>2012-09-27T07:52:00+02:00</sln:powIIPWersja><sln:powIdTeryt>1204</sln:powIdTeryt><sln:powNazwa>dąbrowski</sln:powNazwa><sln:wojIIPId>dd2e3c64-f861-47cf-a3a3-e7751f272b2f</sln:wojIIPId><sln:wojIIPPn>PL.PZGIK.200</sln:wojIIPPn><sln:wojIIPWersja>2017-10-10T00:00:00+02:00</sln:wojIIPWersja><sln:wojIdTeryt>12</sln:wojIdTeryt><sln:wojNazwa>małopolskie</sln:wojNazwa></sln:miejscowosc><sln:miejscowosc><sln:cyklZyciaDo>2017-04-13T00:00:00+02:00</sln:cyklZyciaDo><sln:cyklZyciaOd>2014-12-03T00:00:00+01:00</sln:cyklZyciaOd><sln:gmIIPId>119689dc-b855-4d76-824b-baf245f9bcc0</sln:gmIIPId><sln:gmIIPPn>PL.PZGIK.200</sln:gmIIPPn><sln:gmIIPWersja>2012-09-26T22:08:55+02:00</sln:gmIIPWersja><sln:gmIdTeryt>1204062</sln:gmIdTeryt><sln:gmNazwa>Radgoszcz</sln:gmNazwa><sln:miejscIIPId>5ee2b3be-4f67-473d-acab-92c1984bf1a1</sln:miejscIIPId><sln:miejscIIPPn>PL.PZGIK.200</sln:miejscIIPPn><sln:miejscIIPWersja>2016-11-24T13:30:51+02:00</sln:miejscIIPWersja><sln:miejscIdTeryt>0827739</sln:miejscIdTeryt><sln:miejscNazwa>Smyków</sln:miejscNazwa><sln:miejscRodzaj>Wieś</sln:miejscRodzaj><sln:powIIPId>2f8e6930-0088-406e-b684-cebb73fc5bd9</sln:powIIPId><sln:powIIPPn>PL.PZGIK.200</sln:powIIPPn><sln:powIIPWersja>2012-09-27T07:52:00+02:00</sln:powIIPWersja><sln:powIdTeryt>1204</sln:powIdTeryt><sln:powNazwa>dąbrowski</sln:powNazwa><sln:wojIIPId>dd2e3c64-f861-47cf-a3a3-e7751f272b2f</sln:wojIIPId><sln:wojIIPPn>PL.PZGIK.200</sln:wojIIPPn><sln:wojIIPWersja>2017-10-10T00:00:00+02:00</sln:wojIIPWersja><sln:wojIdTeryt>12</sln:wojIdTeryt><sln:wojNazwa>małopolskie</sln:wojNazwa></sln:miejscowosc><sln:miejscowosc><sln:cyklZyciaDo>2017-04-13T00:00:00+02:00</sln:cyklZyciaDo><sln:cyklZyciaOd>2014-12-03T00:00:00+01:00</sln:cyklZyciaOd><sln:gmIIPId>119689dc-b855-4d76-824b-baf245f9bcc0</sln:gmIIPId><sln:gmIIPPn>PL.PZGIK.200</sln:gmIIPPn><sln:gmIIPWersja>2012-09-26T22:08:55+02:00</sln:gmIIPWersja><sln:gmIdTeryt>1204062</sln:gmIdTeryt><sln:gmNazwa>Radgoszcz</sln:gmNazwa><sln:miejscIIPId>8efaab76-7f78-4526-bed3-79929b1a7276</sln:miejscIIPId><sln:miejscIIPPn>PL.PZGIK.200</sln:miejscIIPPn><sln:miejscIIPWersja>2016-11-24T13:46:01+02:00</sln:miejscIIPWersja><sln:miejscIdTeryt>1048316</sln:miejscIdTeryt><sln:miejscNazwa>Czarkówka</sln:miejscNazwa><sln:miejscRodzaj>Inny obiekt</sln:miejscRodzaj><sln:powIIPId>2f8e6930-0088-406e-b684-cebb73fc5bd9</sln:powIIPId><sln:powIIPPn>PL.PZGIK.200</sln:powIIPPn><sln:powIIPWersja>2012-09-27T07:52:00+02:00</sln:powIIPWersja><sln:powIdTeryt>1204</sln:powIdTeryt><sln:powNazwa>dąbrowski</sln:powNazwa><sln:wojIIPId>dd2e3c64-f861-47cf-a3a3-e7751f272b2f</sln:wojIIPId><sln:wojIIPPn>PL.PZGIK.200</sln:wojIIPPn><sln:wojIIPWersja>2017-10-10T00:00:00+02:00</sln:wojIIPWersja><sln:wojIdTeryt>12</sln:wojIdTeryt><sln:wojNazwa>małopolskie</sln:wojNazwa></sln:miejscowosc><sln:miejscowosc><sln:cyklZyciaDo>2017-04-13T00:00:00+02:00</sln:cyklZyciaDo><sln:cyklZyciaOd>2014-12-03T00:00:00+01:00</sln:cyklZyciaOd><sln:gmIIPId>119689dc-b855-4d76-824b-baf245f9bcc0</sln:gmIIPId><sln:gmIIPPn>PL.PZGIK.200</sln:gmIIPPn><sln:gmIIPWersja>2012-09-26T22:08:55+02:00</sln:gmIIPWersja><sln:gmIdTeryt>1204062</sln:gmIdTeryt><sln:gmNazwa>Radgoszcz</sln:gmNazwa><sln:miejscIIPId>710b6d93-67d2-4bfe-8307-55cedf643c2a</sln:miejscIIPId><sln:miejscIIPPn>PL.PZGIK.200</sln:miejscIIPPn><sln:miejscIIPWersja>2016-11-24T13:46:01+02:00</sln:miejscIIPWersja><sln:miejscIdTeryt>1048701</sln:miejscIdTeryt><sln:miejscNazwa>Trzydniaki</sln:miejscNazwa><sln:miejscRodzaj>Inny obiekt</sln:miejscRodzaj><sln:powIIPId>2f8e6930-0088-406e-b684-cebb73fc5bd9</sln:powIIPId><sln:powIIPPn>PL.PZGIK.200</sln:powIIPPn><sln:powIIPWersja>2012-09-27T07:52:00+02:00</sln:powIIPWersja><sln:powIdTeryt>1204</sln:powIdTeryt><sln:powNazwa>dąbrowski</sln:powNazwa><sln:wojIIPId>dd2e3c64-f861-47cf-a3a3-e7751f272b2f</sln:wojIIPId><sln:wojIIPPn>PL.PZGIK.200</sln:wojIIPPn><sln:wojIIPWersja>2017-10-10T00:00:00+02:00</sln:wojIIPWersja><sln:wojIdTeryt>12</sln:wojIdTeryt><sln:wojNazwa>małopolskie</sln:wojNazwa></sln:miejscowosc><sln:miejscowosc><sln:cyklZyciaDo>2017-04-13T00:00:00+02:00</sln:cyklZyciaDo><sln:cyklZyciaOd>2014-12-03T00:00:00+01:00</sln:cyklZyciaOd><sln:gmIIPId>119689dc-b855-4d76-824b-baf245f9bcc0</sln:gmIIPId><sln:gmIIPPn>PL.PZGIK.200</sln:gmIIPPn><sln:gmIIPWersja>2012-09-26T22:08:55+02:00</sln:gmIIPWersja><sln:gmIdTeryt>1204062</sln:gmIdTeryt><sln:gmNazwa>Radgoszcz</sln:gmNazwa><sln:miejscIIPId>a8602769-85b1-4ccb-a31f-2fbe3557306c</sln:miejscIIPId><sln:miejscIIPPn>PL.PZGIK.200</sln:miejscIIPPn><sln:miejscIIPWersja>2016-11-24T13:41:51+02:00</sln:miejscIIPWersja><sln:miejscIdTeryt>0827567</sln:miejscIdTeryt><sln:miejscNazwa>Małec</sln:miejscNazwa><sln:miejscRodzaj>Wieś</sln:miejscRodzaj><sln:powIIPId>2f8e6930-0088-406e-b684-cebb73fc5bd9</sln:powIIPId><sln:powIIPPn>PL.PZGIK.200</sln:powIIPPn><sln:powIIPWersja>2012-09-27T07:52:00+02:00</sln:powIIPWersja><sln:powIdTeryt>1204</sln:powIdTeryt><sln:powNazwa>dąbrowski</sln:powNazwa><sln:wojIIPId>dd2e3c64-f861-47cf-a3a3-e7751f272b2f</sln:wojIIPId><sln:wojIIPPn>PL.PZGIK.200</sln:wojIIPPn><sln:wojIIPWersja>2017-10-10T00:00:00+02:00</sln:wojIIPWersja><sln:wojIdTeryt>12</sln:wojIdTeryt><sln:wojNazwa>małopolskie</sln:wojNazwa></sln:miejscowosc><sln:miejscowosc><sln:cyklZyciaDo>2017-04-13T00:00:00+02:00</sln:cyklZyciaDo><sln:cyklZyciaOd>2014-12-03T00:00:00+01:00</sln:cyklZyciaOd><sln:gmIIPId>119689dc-b855-4d76-824b-baf245f9bcc0</sln:gmIIPId><sln:gmIIPPn>PL.PZGIK.200</sln:gmIIPPn><sln:gmIIPWersja>2012-09-26T22:08:55+02:00</sln:gmIIPWersja><sln:gmIdTeryt>1204062</sln:gmIdTeryt><sln:gmNazwa>Radgoszcz</sln:gmNazwa><sln:miejscIIPId>92740434-785d-472f-8595-d49cf6aaa957</sln:miejscIIPId><sln:miejscIIPPn>PL.PZGIK.200</sln:miejscIIPPn><sln:miejscIIPWersja>2016-11-24T13:56:48+02:00</sln:miejscIIPWersja><sln:miejscIdTeryt>1048629</sln:miejscIdTeryt><sln:miejscNazwa>Podkościele</sln:miejscNazwa><sln:miejscRodzaj>Inny obiekt</sln:miejscRodzaj><sln:powIIPId>2f8e6930-0088-406e-b684-cebb73fc5bd9</sln:powIIPId><sln:powIIPPn>PL.PZGIK.200</sln:powIIPPn><sln:powIIPWersja>2012-09-27T07:52:00+02:00</sln:powIIPWersja><sln:powIdTeryt>1204</sln:powIdTeryt><sln:powNazwa>dąbrowski</sln:powNazwa><sln:wojIIPId>dd2e3c64-f861-47cf-a3a3-e7751f272b2f</sln:wojIIPId><sln:wojIIPPn>PL.PZGIK.200</sln:wojIIPPn><sln:wojIIPWersja>2017-10-10T00:00:00+02:00</sln:wojIIPWersja><sln:wojIdTeryt>12</sln:wojIdTeryt><sln:wojNazwa>małopolskie</sln:wojNazwa></sln:miejscowosc><sln:miejscowosc><sln:cyklZyciaDo>2017-04-13T00:00:00+02:00</sln:cyklZyciaDo><sln:cyklZyciaOd>2014-12-03T00:00:00+01:00</sln:cyklZyciaOd><sln:gmIIPId>119689dc-b855-4d76-824b-baf245f9bcc0</sln:gmIIPId><sln:gmIIPPn>PL.PZGIK.200</sln:gmIIPPn><sln:gmIIPWersja>2012-09-26T22:08:55+02:00</sln:gmIIPWersja><sln:gmIdTeryt>1204062</sln:gmIdTeryt><sln:gmNazwa>Radgoszcz</sln:gmNazwa><sln:miejscIIPId>9a9c21a9-ba58-40e5-acbd-e9206556e4a6</sln:miejscIIPId><sln:miejscIIPPn>PL.PZGIK.200</sln:miejscIIPPn><sln:miejscIIPWersja>2016-11-24T13:29:31+02:00</sln:miejscIIPWersja><sln:miejscIdTeryt>0827596</sln:miejscIdTeryt><sln:miejscNazwa>Radgoszcz</sln:miejscNazwa><sln:miejscRodzaj>Wieś</sln:miejscRodzaj><sln:powIIPId>2f8e6930-0088-406e-b684-cebb73fc5bd9</sln:powIIPId><sln:powIIPPn>PL.PZGIK.200</sln:powIIPPn><sln:powIIPWersja>2012-09-27T07:52:00+02:00</sln:powIIPWersja><sln:powIdTeryt>1204</sln:powIdTeryt><sln:powNazwa>dąbrowski</sln:powNazwa><sln:wojIIPId>dd2e3c64-f861-47cf-a3a3-e7751f272b2f</sln:wojIIPId><sln:wojIIPPn>PL.PZGIK.200</sln:wojIIPPn><sln:wojIIPWersja>2017-10-10T00:00:00+02:00</sln:wojIIPWersja><sln:wojIdTeryt>12</sln:wojIdTeryt><sln:wojNazwa>małopolskie</sln:wojNazwa></sln:miejscowosc><sln:miejscowosc><sln:cyklZyciaDo>2017-04-13T00:00:00+02:00</sln:cyklZyciaDo><sln:cyklZyciaOd>2014-12-03T00:00:00+01:00</sln:cyklZyciaOd><sln:gmIIPId>119689dc-b855-4d76-824b-baf245f9bcc0</sln:gmIIPId><sln:gmIIPPn>PL.PZGIK.200</sln:gmIIPPn><sln:gmIIPWersja>2012-09-26T22:08:55+02:00</sln:gmIIPWersja><sln:gmIdTeryt>1204062</sln:gmIdTeryt><sln:gmNazwa>Radgoszcz</sln:gmNazwa><sln:miejscIIPId>6199a96c-016e-4d7e-9c53-caf05e03f339</sln:miejscIIPId><sln:miejscIIPPn>PL.PZGIK.200</sln:miejscIIPPn><sln:miejscIIPWersja>2016-11-24T13:56:48+02:00</sln:miejscIIPWersja><sln:miejscIdTeryt>1048428</sln:miejscIdTeryt><sln:miejscNazwa>Jeziorki</sln:miejscNazwa><sln:miejscRodzaj>Inny obiekt</sln:miejscRodzaj><sln:powIIPId>2f8e6930-0088-406e-b684-cebb73fc5bd9</sln:powIIPId><sln:powIIPPn>PL.PZGIK.200</sln:powIIPPn><sln:powIIPWersja>2012-09-27T07:52:00+02:00</sln:powIIPWersja><sln:powIdTeryt>1204</sln:powIdTeryt><sln:powNazwa>dąbrowski</sln:powNazwa><sln:wojIIPId>dd2e3c64-f861-47cf-a3a3-e7751f272b2f</sln:wojIIPId><sln:wojIIPPn>PL.PZGIK.200</sln:wojIIPPn><sln:wojIIPWersja>2017-10-10T00:00:00+02:00</sln:wojIIPWersja><sln:wojIdTeryt>12</sln:wojIdTeryt><sln:wojNazwa>małopolskie</sln:wojNazwa></sln:miejscowosc><sln:miejscowosc><sln:cyklZyciaDo>2017-04-13T00:00:00+02:00</sln:cyklZyciaDo><sln:cyklZyciaOd>2014-12-03T00:00:00+01:00</sln:cyklZyciaOd><sln:gmIIPId>119689dc-b855-4d76-824b-baf245f9bcc0</sln:gmIIPId><sln:gmIIPPn>PL.PZGIK.200</sln:gmIIPPn><sln:gmIIPWersja>2012-09-26T22:08:55+02:00</sln:gmIIPWersja><sln:gmIdTeryt>1204062</sln:gmIdTeryt><sln:gmNazwa>Radgoszcz</sln:gmNazwa><sln:miejscIIPId>ae10a4dd-b23a-4015-9ca3-74c3e3c01dd6</sln:miejscIIPId><sln:miejscIIPPn>PL.PZGIK.200</sln:miejscIIPPn><sln:miejscIIPWersja>2016-11-24T13:56:48+02:00</sln:miejscIIPWersja><sln:miejscIdTeryt>1048612</sln:miejscIdTeryt><sln:miejscNazwa>Podedworze</sln:miejscNazwa><sln:miejscRodzaj>Inny obiekt</sln:miejscRodzaj><sln:powIIPId>2f8e6930-0088-406e-b684-cebb73fc5bd9</sln:powIIPId><sln:powIIPPn>PL.PZGIK.200</sln:powIIPPn><sln:powIIPWersja>2012-09-27T07:52:00+02:00</sln:powIIPWersja><sln:powIdTeryt>1204</sln:powIdTeryt><sln:powNazwa>dąbrowski</sln:powNazwa><sln:wojIIPId>dd2e3c64-f861-47cf-a3a3-e7751f272b2f</sln:wojIIPId><sln:wojIIPPn>PL.PZGIK.200</sln:wojIIPPn><sln:wojIIPWersja>2017-10-10T00:00:00+02:00</sln:wojIIPWersja><sln:wojIdTeryt>12</sln:wojIdTeryt><sln:wojNazwa>małopolskie</sln:wojNazwa></sln:miejscowosc><sln:miejscowosc><sln:cyklZyciaDo>2017-04-13T00:00:00+02:00</sln:cyklZyciaDo><sln:cyklZyciaOd>2014-12-03T00:00:00+01:00</sln:cyklZyciaOd><sln:gmIIPId>119689dc-b855-4d76-824b-baf245f9bcc0</sln:gmIIPId><sln:gmIIPPn>PL.PZGIK.200</sln:gmIIPPn><sln:gmIIPWersja>2012-09-26T22:08:55+02:00</sln:gmIIPWersja><sln:gmIdTeryt>1204062</sln:gmIdTeryt><sln:gmNazwa>Radgoszcz</sln:gmNazwa><sln:miejscIIPId>e9ba96e7-9349-4616-8ccc-c72e61ad620c</sln:miejscIIPId><sln:miejscIIPPn>PL.PZGIK.200</sln:miejscIIPPn><sln:miejscIIPWersja>2016-11-24T13:46:01+02:00</sln:miejscIIPWersja><sln:miejscIdTeryt>1048641</sln:miejscIdTeryt><sln:miejscNazwa>Podmałec</sln:miejscNazwa><sln:miejscRodzaj>Inny obiekt</sln:miejscRodzaj><sln:powIIPId>2f8e6930-0088-406e-b684-cebb73fc5bd9</sln:powIIPId><sln:powIIPPn>PL.PZGIK.200</sln:powIIPPn><sln:powIIPWersja>2012-09-27T07:52:00+02:00</sln:powIIPWersja><sln:powIdTeryt>1204</sln:powIdTeryt><sln:powNazwa>dąbrowski</sln:powNazwa><sln:wojIIPId>dd2e3c64-f861-47cf-a3a3-e7751f272b2f</sln:wojIIPId><sln:wojIIPPn>PL.PZGIK.200</sln:wojIIPPn><sln:wojIIPWersja>2017-10-10T00:00:00+02:00</sln:wojIIPWersja><sln:wojIdTeryt>12</sln:wojIdTeryt><sln:wojNazwa>małopolskie</sln:wojNazwa></sln:miejscowosc><sln:miejscowosc><sln:cyklZyciaDo>2017-04-13T00:00:00+02:00</sln:cyklZyciaDo><sln:cyklZyciaOd>2014-12-03T00:00:00+01:00</sln:cyklZyciaOd><sln:gmIIPId>119689dc-b855-4d76-824b-baf245f9bcc0</sln:gmIIPId><sln:gmIIPPn>PL.PZGIK.200</sln:gmIIPPn><sln:gmIIPWersja>2012-09-26T22:08:55+02:00</sln:gmIIPWersja><sln:gmIdTeryt>1204062</sln:gmIdTeryt><sln:gmNazwa>Radgoszcz</sln:gmNazwa><sln:miejscIIPId>6dd4ce31-a477-4334-ab1c-c4e9f2acbd3a</sln:miejscIIPId><sln:miejscIIPPn>PL.PZGIK.200</sln:miejscIIPPn><sln:miejscIIPWersja>2016-11-24T13:46:01+02:00</sln:miejscIIPWersja><sln:miejscIdTeryt>1048552</sln:miejscIdTeryt><sln:miejscNazwa>Łęg</sln:miejscNazwa><sln:miejscRodzaj>Inny obiekt</sln:miejscRodzaj><sln:powIIPId>2f8e6930-0088-406e-b684-cebb73fc5bd9</sln:powIIPId><sln:powIIPPn>PL.PZGIK.200</sln:powIIPPn><sln:powIIPWersja>2012-09-27T07:52:00+02:00</sln:powIIPWersja><sln:powIdTeryt>1204</sln:powIdTeryt><sln:powNazwa>dąbrowski</sln:powNazwa><sln:wojIIPId>dd2e3c64-f861-47cf-a3a3-e7751f272b2f</sln:wojIIPId><sln:wojIIPPn>PL.PZGIK.200</sln:wojIIPPn><sln:wojIIPWersja>2017-10-10T00:00:00+02:00</sln:wojIIPWersja><sln:wojIdTeryt>12</sln:wojIdTeryt><sln:wojNazwa>małopolskie</sln:wojNazwa></sln:miejscowosc><sln:miejscowosc><sln:cyklZyciaDo>2017-04-13T00:00:00+02:00</sln:cyklZyciaDo><sln:cyklZyciaOd>2014-12-03T00:00:00+01:00</sln:cyklZyciaOd><sln:gmIIPId>119689dc-b855-4d76-824b-baf245f9bcc0</sln:gmIIPId><sln:gmIIPPn>PL.PZGIK.200</sln:gmIIPPn><sln:gmIIPWersja>2012-09-26T22:08:55+02:00</sln:gmIIPWersja><sln:gmIdTeryt>1204062</sln:gmIdTeryt><sln:gmNazwa>Radgoszcz</sln:gmNazwa><sln:miejscIIPId>69df1141-0d01-4b44-8567-db95bddf8910</sln:miejscIIPId><sln:miejscIIPPn>PL.PZGIK.200</sln:miejscIIPPn><sln:miejscIIPWersja>2016-11-24T13:46:01+02:00</sln:miejscIIPWersja><sln:miejscIdTeryt>1048500</sln:miejscIdTeryt><sln:miejscNazwa>Lisiaki</sln:miejscNazwa><sln:miejscRodzaj>Inny obiekt</sln:miejscRodzaj><sln:powIIPId>2f8e6930-0088-406e-b684-cebb73fc5bd9</sln:powIIPId><sln:powIIPPn>PL.PZGIK.200</sln:powIIPPn><sln:powIIPWersja>2012-09-27T07:52:00+02:00</sln:powIIPWersja><sln:powIdTeryt>1204</sln:powIdTeryt><sln:powNazwa>dąbrowski</sln:powNazwa><sln:wojIIPId>dd2e3c64-f861-47cf-a3a3-e7751f272b2f</sln:wojIIPId><sln:wojIIPPn>PL.PZGIK.200</sln:wojIIPPn><sln:wojIIPWersja>2017-10-10T00:00:00+02:00</sln:wojIIPWersja><sln:wojIdTeryt>12</sln:wojIdTeryt><sln:wojNazwa>małopolskie</sln:wojNazwa></sln:miejscowosc><sln:miejscowosc><sln:cyklZyciaDo>2017-04-13T00:00:00+02:00</sln:cyklZyciaDo><sln:cyklZyciaOd>2014-12-03T00:00:00+01:00</sln:cyklZyciaOd><sln:gmIIPId>119689dc-b855-4d76-824b-baf245f9bcc0</sln:gmIIPId><sln:gmIIPPn>PL.PZGIK.200</sln:gmIIPPn><sln:gmIIPWersja>2012-09-26T22:08:55+02:00</sln:gmIIPWersja><sln:gmIdTeryt>1204062</sln:gmIdTeryt><sln:gmNazwa>Radgoszcz</sln:gmNazwa><sln:miejscIIPId>e7783e96-ace0-45c9-801f-60517dc358dd</sln:miejscIIPId><sln:miejscIIPPn>PL.PZGIK.200</sln:miejscIIPPn><sln:miejscIIPWersja>2016-11-24T13:41:19+02:00</sln:miejscIIPWersja><sln:miejscIdTeryt>0827455</sln:miejscIdTeryt><sln:miejscNazwa>Luszowice</sln:miejscNazwa><sln:miejscRodzaj>Wieś</sln:miejscRodzaj><sln:powIIPId>2f8e6930-0088-406e-b684-cebb73fc5bd9</sln:powIIPId><sln:powIIPPn>PL.PZGIK.200</sln:powIIPPn><sln:powIIPWersja>2012-09-27T07:52:00+02:00</sln:powIIPWersja><sln:powIdTeryt>1204</sln:powIdTeryt><sln:powNazwa>dąbrowski</sln:powNazwa><sln:wojIIPId>dd2e3c64-f861-47cf-a3a3-e7751f272b2f</sln:wojIIPId><sln:wojIIPPn>PL.PZGIK.200</sln:wojIIPPn><sln:wojIIPWersja>2017-10-10T00:00:00+02:00</sln:wojIIPWersja><sln:wojIdTeryt>12</sln:wojIdTeryt><sln:wojNazwa>małopolskie</sln:wojNazwa></sln:miejscowosc><sln:miejscowosc><sln:cyklZyciaDo>2017-04-13T00:00:00+02:00</sln:cyklZyciaDo><sln:cyklZyciaOd>2014-12-03T00:00:00+01:00</sln:cyklZyciaOd><sln:gmIIPId>119689dc-b855-4d76-824b-baf245f9bcc0</sln:gmIIPId><sln:gmIIPPn>PL.PZGIK.200</sln:gmIIPPn><sln:gmIIPWersja>2012-09-26T22:08:55+02:00</sln:gmIIPWersja><sln:gmIdTeryt>1204062</sln:gmIdTeryt><sln:gmNazwa>Radgoszcz</sln:gmNazwa><sln:miejscIIPId>47ec4b18-20a5-45a4-aa08-555c230ef275</sln:miejscIIPId><sln:miejscIIPPn>PL.PZGIK.200</sln:miejscIIPPn><sln:miejscIIPWersja>2016-11-24T13:58:52+02:00</sln:miejscIIPWersja><sln:miejscIdTeryt>1048339</sln:miejscIdTeryt><sln:miejscNazwa>Dwór</sln:miejscNazwa><sln:miejscRodzaj>Inny obiekt</sln:miejscRodzaj><sln:powIIPId>2f8e6930-0088-406e-b684-cebb73fc5bd9</sln:powIIPId><sln:powIIPPn>PL.PZGIK.200</sln:powIIPPn><sln:powIIPWersja>2012-09-27T07:52:00+02:00</sln:powIIPWersja><sln:powIdTeryt>1204</sln:powIdTeryt><sln:powNazwa>dąbrowski</sln:powNazwa><sln:wojIIPId>dd2e3c64-f861-47cf-a3a3-e7751f272b2f</sln:wojIIPId><sln:wojIIPPn>PL.PZGIK.200</sln:wojIIPPn><sln:wojIIPWersja>2017-10-10T00:00:00+02:00</sln:wojIIPWersja><sln:wojIdTeryt>12</sln:wojIdTeryt><sln:wojNazwa>małopolskie</sln:wojNazwa></sln:miejscowosc><sln:miejscowosc><sln:cyklZyciaDo>2017-04-13T00:00:00+02:00</sln:cyklZyciaDo><sln:cyklZyciaOd>2014-12-03T00:00:00+01:00</sln:cyklZyciaOd><sln:gmIIPId>119689dc-b855-4d76-824b-baf245f9bcc0</sln:gmIIPId><sln:gmIIPPn>PL.PZGIK.200</sln:gmIIPPn><sln:gmIIPWersja>2012-09-26T22:08:55+02:00</sln:gmIIPWersja><sln:gmIdTeryt>1204062</sln:gmIdTeryt><sln:gmNazwa>Radgoszcz</sln:gmNazwa><sln:miejscIIPId>88ab86ca-662c-4b25-ae5b-3a71590afbd8</sln:miejscIIPId><sln:miejscIIPPn>PL.PZGIK.200</sln:miejscIIPPn><sln:miejscIIPWersja>2016-11-24T13:58:52+02:00</sln:miejscIIPWersja><sln:miejscIdTeryt>1048753</sln:miejscIdTeryt><sln:miejscNazwa>Żabno</sln:miejscNazwa><sln:miejscRodzaj>Inny obiekt</sln:miejscRodzaj><sln:powIIPId>2f8e6930-0088-406e-b684-cebb73fc5bd9</sln:powIIPId><sln:powIIPPn>PL.PZGIK.200</sln:powIIPPn><sln:powIIPWersja>2012-09-27T07:52:00+02:00</sln:powIIPWersja><sln:powIdTeryt>1204</sln:powIdTeryt><sln:powNazwa>dąbrowski</sln:powNazwa><sln:wojIIPId>dd2e3c64-f861-47cf-a3a3-e7751f272b2f</sln:wojIIPId><sln:wojIIPPn>PL.PZGIK.200</sln:wojIIPPn><sln:wojIIPWersja>2017-10-10T00:00:00+02:00</sln:wojIIPWersja><sln:wojIdTeryt>12</sln:wojIdTeryt><sln:wojNazwa>małopolskie</sln:wojNazwa></sln:miejscowosc><sln:miejscowosc><sln:cyklZyciaDo>2017-07-19T00:00:00+02:00</sln:cyklZyciaDo><sln:cyklZyciaOd>2017-04-13T00:00:00+02:00</sln:cyklZyciaOd><sln:gmIIPId>119689dc-b855-4d76-824b-baf245f9bcc0</sln:gmIIPId><sln:gmIIPPn>PL.PZGIK.200</sln:gmIIPPn><sln:gmIIPWersja>2012-09-26T22:08:55+02:00</sln:gmIIPWersja><sln:gmIdTeryt>1204062</sln:gmIdTeryt><sln:gmNazwa>Radgoszcz</sln:gmNazwa><sln:miejscIIPId>4ab49ce5-2343-4282-8c6b-85bddd65840c</sln:miejscIIPId><sln:miejscIIPPn>PL.PZGIK.200</sln:miejscIIPPn><sln:miejscIIPWersja>2017-04-13T16:01:03+02:00</sln:miejscIIPWersja><sln:miejscIdTeryt>0827596</sln:miejscIdTeryt><sln:miejscNazwa>Radgoszcz</sln:miejscNazwa><sln:miejscRodzaj>Wieś</sln:miejscRodzaj><sln:powIIPId>2f8e6930-0088-406e-b684-cebb73fc5bd9</sln:powIIPId><sln:powIIPPn>PL.PZGIK.200</sln:powIIPPn><sln:powIIPWersja>2012-09-27T07:52:00+02:00</sln:powIIPWersja><sln:powIdTeryt>1204</sln:powIdTeryt><sln:powNazwa>dąbrowski</sln:powNazwa><sln:wojIIPId>dd2e3c64-f861-47cf-a3a3-e7751f272b2f</sln:wojIIPId><sln:wojIIPPn>PL.PZGIK.200</sln:wojIIPPn><sln:wojIIPWersja>2017-10-10T00:00:00+02:00</sln:wojIIPWersja><sln:wojIdTeryt>12</sln:wojIdTeryt><sln:wojNazwa>małopolskie</sln:wojNazwa></sln:miejscowosc><sln:miejscowosc><sln:cyklZyciaDo>2017-07-19T00:00:00+02:00</sln:cyklZyciaDo><sln:cyklZyciaOd>2017-04-13T00:00:00+02:00</sln:cyklZyciaOd><sln:gmIIPId>119689dc-b855-4d76-824b-baf245f9bcc0</sln:gmIIPId><sln:gmIIPPn>PL.PZGIK.200</sln:gmIIPPn><sln:gmIIPWersja>2012-09-26T22:08:55+02:00</sln:gmIIPWersja><sln:gmIdTeryt>1204062</sln:gmIdTeryt><sln:gmNazwa>Radgoszcz</sln:gmNazwa><sln:miejscIIPId>2321529c-e542-46d9-a536-b0460bf10773</sln:miejscIIPId><sln:miejscIIPPn>PL.PZGIK.200</sln:miejscIIPPn><sln:miejscIIPWersja>2017-04-13T16:01:11+02:00</sln:miejscIIPWersja><sln:miejscIdTeryt>0827455</sln:miejscIdTeryt><sln:miejscNazwa>Luszowice</sln:miejscNazwa><sln:miejscRodzaj>Wieś</sln:miejscRodzaj><sln:powIIPId>2f8e6930-0088-406e-b684-cebb73fc5bd9</sln:powIIPId><sln:powIIPPn>PL.PZGIK.200</sln:powIIPPn><sln:powIIPWersja>2012-09-27T07:52:00+02:00</sln:powIIPWersja><sln:powIdTeryt>1204</sln:powIdTeryt><sln:powNazwa>dąbrowski</sln:powNazwa><sln:wojIIPId>dd2e3c64-f861-47cf-a3a3-e7751f272b2f</sln:wojIIPId><sln:wojIIPPn>PL.PZGIK.200</sln:wojIIPPn><sln:wojIIPWersja>2017-10-10T00:00:00+02:00</sln:wojIIPWersja><sln:wojIdTeryt>12</sln:wojIdTeryt><sln:wojNazwa>małopolskie</sln:wojNazwa></sln:miejscowosc><sln:miejscowosc><sln:cyklZyciaDo>2017-07-19T00:00:00+02:00</sln:cyklZyciaDo><sln:cyklZyciaOd>2017-04-13T00:00:00+02:00</sln:cyklZyciaOd><sln:gmIIPId>119689dc-b855-4d76-824b-baf245f9bcc0</sln:gmIIPId><sln:gmIIPPn>PL.PZGIK.200</sln:gmIIPPn><sln:gmIIPWersja>2012-09-26T22:08:55+02:00</sln:gmIIPWersja><sln:gmIdTeryt>1204062</sln:gmIdTeryt><sln:gmNazwa>Radgoszcz</sln:gmNazwa><sln:miejscIIPId>dba2c2e4-6f9e-4ebd-89e2-5634898c6ada</sln:miejscIIPId><sln:miejscIIPPn>PL.PZGIK.200</sln:miejscIIPPn><sln:miejscIIPWersja>2017-04-13T16:01:11+02:00</sln:miejscIIPWersja><sln:miejscIdTeryt>0827567</sln:miejscIdTeryt><sln:miejscNazwa>Małec</sln:miejscNazwa><sln:miejscRodzaj>Wieś</sln:miejscRodzaj><sln:powIIPId>2f8e6930-0088-406e-b684-cebb73fc5bd9</sln:powIIPId><sln:powIIPPn>PL.PZGIK.200</sln:powIIPPn><sln:powIIPWersja>2012-09-27T07:52:00+02:00</sln:powIIPWersja><sln:powIdTeryt>1204</sln:powIdTeryt><sln:powNazwa>dąbrowski</sln:powNazwa><sln:wojIIPId>dd2e3c64-f861-47cf-a3a3-e7751f272b2f</sln:wojIIPId><sln:wojIIPPn>PL.PZGIK.200</sln:wojIIPPn><sln:wojIIPWersja>2017-10-10T00:00:00+02:00</sln:wojIIPWersja><sln:wojIdTeryt>12</sln:wojIdTeryt><sln:wojNazwa>małopolskie</sln:wojNazwa></sln:miejscowosc><sln:miejscowosc><sln:cyklZyciaDo>2017-07-19T00:00:00+02:00</sln:cyklZyciaDo><sln:cyklZyciaOd>2017-04-13T00:00:00+02:00</sln:cyklZyciaOd><sln:gmIIPId>119689dc-b855-4d76-824b-baf245f9bcc0</sln:gmIIPId><sln:gmIIPPn>PL.PZGIK.200</sln:gmIIPPn><sln:gmIIPWersja>2012-09-26T22:08:55+02:00</sln:gmIIPWersja><sln:gmIdTeryt>1204062</sln:gmIdTeryt><sln:gmNazwa>Radgoszcz</sln:gmNazwa><sln:miejscIIPId>9d0dce9b-a5a0-4c3f-b159-02bc5b86ac20</sln:miejscIIPId><sln:miejscIIPPn>PL.PZGIK.200</sln:miejscIIPPn><sln:miejscIIPWersja>2017-04-13T16:01:11+02:00</sln:miejscIIPWersja><sln:miejscIdTeryt>0827774</sln:miejscIdTeryt><sln:miejscNazwa>Żdżary</sln:miejscNazwa><sln:miejscRodzaj>Wieś</sln:miejscRodzaj><sln:powIIPId>2f8e6930-0088-406e-b684-cebb73fc5bd9</sln:powIIPId><sln:powIIPPn>PL.PZGIK.200</sln:powIIPPn><sln:powIIPWersja>2012-09-27T07:52:00+02:00</sln:powIIPWersja><sln:powIdTeryt>1204</sln:powIdTeryt><sln:powNazwa>dąbrowski</sln:powNazwa><sln:wojIIPId>dd2e3c64-f861-47cf-a3a3-e7751f272b2f</sln:wojIIPId><sln:wojIIPPn>PL.PZGIK.200</sln:wojIIPPn><sln:wojIIPWersja>2017-10-10T00:00:00+02:00</sln:wojIIPWersja><sln:wojIdTeryt>12</sln:wojIdTeryt><sln:wojNazwa>małopolskie</sln:wojNazwa></sln:miejscowosc><sln:miejscowosc><sln:cyklZyciaDo>2017-07-19T00:00:00+02:00</sln:cyklZyciaDo><sln:cyklZyciaOd>2017-04-13T00:00:00+02:00</sln:cyklZyciaOd><sln:gmIIPId>119689dc-b855-4d76-824b-baf245f9bcc0</sln:gmIIPId><sln:gmIIPPn>PL.PZGIK.200</sln:gmIIPPn><sln:gmIIPWersja>2012-09-26T22:08:55+02:00</sln:gmIIPWersja><sln:gmIdTeryt>1204062</sln:gmIdTeryt><sln:gmNazwa>Radgoszcz</sln:gmNazwa><sln:miejscIIPId>97dd6271-4cd2-433b-8eaa-ac0c7a5b04fd</sln:miejscIIPId><sln:miejscIIPPn>PL.PZGIK.200</sln:miejscIIPPn><sln:miejscIIPWersja>2017-04-13T16:01:11+02:00</sln:miejscIIPWersja><sln:miejscIdTeryt>0827739</sln:miejscIdTeryt><sln:miejscNazwa>Smyków</sln:miejscNazwa><sln:miejscRodzaj>Wieś</sln:miejscRodzaj><sln:powIIPId>2f8e6930-0088-406e-b684-cebb73fc5bd9</sln:powIIPId><sln:powIIPPn>PL.PZGIK.200</sln:powIIPPn><sln:powIIPWersja>2012-09-27T07:52:00+02:00</sln:powIIPWersja><sln:powIdTeryt>1204</sln:powIdTeryt><sln:powNazwa>dąbrowski</sln:powNazwa><sln:wojIIPId>dd2e3c64-f861-47cf-a3a3-e7751f272b2f</sln:wojIIPId><sln:wojIIPPn>PL.PZGIK.200</sln:wojIIPPn><sln:wojIIPWersja>2017-10-10T00:00:00+02:00</sln:wojIIPWersja><sln:wojIdTeryt>12</sln:wojIdTeryt><sln:wojNazwa>małopolskie</sln:wojNazwa></sln:miejscowosc><sln:miejscowosc><sln:cyklZyciaOd>2017-07-19T00:00:00+02:00</sln:cyklZyciaOd><sln:gmIIPId>119689dc-b855-4d76-824b-baf245f9bcc0</sln:gmIIPId><sln:gmIIPPn>PL.PZGIK.200</sln:gmIIPPn><sln:gmIIPWersja>2012-09-26T22:08:55+02:00</sln:gmIIPWersja><sln:gmIdTeryt>1204062</sln:gmIdTeryt><sln:gmNazwa>Radgoszcz</sln:gmNazwa><sln:miejscIIPId>039e15fe-b466-4ba0-8e37-06047fa30f3b</sln:miejscIIPId><sln:miejscIIPPn>PL.PZGIK.200</sln:miejscIIPPn><sln:miejscIIPWersja>2017-07-19T08:55:41+02:00</sln:miejscIIPWersja><sln:miejscIdTeryt>0827596</sln:miejscIdTeryt><sln:miejscNazwa>Radgoszcz</sln:miejscNazwa><sln:miejscRodzaj>Wieś</sln:miejscRodzaj><sln:powIIPId>2f8e6930-0088-406e-b684-cebb73fc5bd9</sln:powIIPId><sln:powIIPPn>PL.PZGIK.200</sln:powIIPPn><sln:powIIPWersja>2012-09-27T07:52:00+02:00</sln:powIIPWersja><sln:powIdTeryt>1204</sln:powIdTeryt><sln:powNazwa>dąbrowski</sln:powNazwa><sln:wojIIPId>dd2e3c64-f861-47cf-a3a3-e7751f272b2f</sln:wojIIPId><sln:wojIIPPn>PL.PZGIK.200</sln:wojIIPPn><sln:wojIIPWersja>2017-10-10T00:00:00+02:00</sln:wojIIPWersja><sln:wojIdTeryt>12</sln:wojIdTeryt><sln:wojNazwa>małopolskie</sln:wojNazwa></sln:miejscowosc><sln:miejscowosc><sln:cyklZyciaOd>2017-07-19T00:00:00+02:00</sln:cyklZyciaOd><sln:gmIIPId>119689dc-b855-4d76-824b-baf245f9bcc0</sln:gmIIPId><sln:gmIIPPn>PL.PZGIK.200</sln:gmIIPPn><sln:gmIIPWersja>2012-09-26T22:08:55+02:00</sln:gmIIPWersja><sln:gmIdTeryt>1204062</sln:gmIdTeryt><sln:gmNazwa>Radgoszcz</sln:gmNazwa><sln:miejscIIPId>22ca541a-ed75-4584-95ba-8a774538d237</sln:miejscIIPId><sln:miejscIIPPn>PL.PZGIK.200</sln:miejscIIPPn><sln:miejscIIPWersja>2017-07-19T08:55:47+02:00</sln:miejscIIPWersja><sln:miejscIdTeryt>0827455</sln:miejscIdTeryt><sln:miejscNazwa>Luszowice</sln:miejscNazwa><sln:miejscRodzaj>Wieś</sln:miejscRodzaj><sln:powIIPId>2f8e6930-0088-406e-b684-cebb73fc5bd9</sln:powIIPId><sln:powIIPPn>PL.PZGIK.200</sln:powIIPPn><sln:powIIPWersja>2012-09-27T07:52:00+02:00</sln:powIIPWersja><sln:powIdTeryt>1204</sln:powIdTeryt><sln:powNazwa>dąbrowski</sln:powNazwa><sln:wojIIPId>dd2e3c64-f861-47cf-a3a3-e7751f272b2f</sln:wojIIPId><sln:wojIIPPn>PL.PZGIK.200</sln:wojIIPPn><sln:wojIIPWersja>2017-10-10T00:00:00+02:00</sln:wojIIPWersja><sln:wojIdTeryt>12</sln:wojIdTeryt><sln:wojNazwa>małopolskie</sln:wojNazwa></sln:miejscowosc><sln:miejscowosc><sln:cyklZyciaOd>2017-07-19T00:00:00+02:00</sln:cyklZyciaOd><sln:gmIIPId>119689dc-b855-4d76-824b-baf245f9bcc0</sln:gmIIPId><sln:gmIIPPn>PL.PZGIK.200</sln:gmIIPPn><sln:gmIIPWersja>2012-09-26T22:08:55+02:00</sln:gmIIPWersja><sln:gmIdTeryt>1204062</sln:gmIdTeryt><sln:gmNazwa>Radgoszcz</sln:gmNazwa><sln:miejscIIPId>24abecf2-f538-478e-ba5d-6e6c6beb3b7e</sln:miejscIIPId><sln:miejscIIPPn>PL.PZGIK.200</sln:miejscIIPPn><sln:miejscIIPWersja>2017-07-19T08:55:47+02:00</sln:miejscIIPWersja><sln:miejscIdTeryt>0827567</sln:miejscIdTeryt><sln:miejscNazwa>Małec</sln:miejscNazwa><sln:miejscRodzaj>Wieś</sln:miejscRodzaj><sln:powIIPId>2f8e6930-0088-406e-b684-cebb73fc5bd9</sln:powIIPId><sln:powIIPPn>PL.PZGIK.200</sln:powIIPPn><sln:powIIPWersja>2012-09-27T07:52:00+02:00</sln:powIIPWersja><sln:powIdTeryt>1204</sln:powIdTeryt><sln:powNazwa>dąbrowski</sln:powNazwa><sln:wojIIPId>dd2e3c64-f861-47cf-a3a3-e7751f272b2f</sln:wojIIPId><sln:wojIIPPn>PL.PZGIK.200</sln:wojIIPPn><sln:wojIIPWersja>2017-10-10T00:00:00+02:00</sln:wojIIPWersja><sln:wojIdTeryt>12</sln:wojIdTeryt><sln:wojNazwa>małopolskie</sln:wojNazwa></sln:miejscowosc><sln:miejscowosc><sln:cyklZyciaOd>2017-07-19T00:00:00+02:00</sln:cyklZyciaOd><sln:gmIIPId>119689dc-b855-4d76-824b-baf245f9bcc0</sln:gmIIPId><sln:gmIIPPn>PL.PZGIK.200</sln:gmIIPPn><sln:gmIIPWersja>2012-09-26T22:08:55+02:00</sln:gmIIPWersja><sln:gmIdTeryt>1204062</sln:gmIdTeryt><sln:gmNazwa>Radgoszcz</sln:gmNazwa><sln:miejscIIPId>c9df53ca-0c31-47a4-9b7a-7b79df7dfa10</sln:miejscIIPId><sln:miejscIIPPn>PL.PZGIK.200</sln:miejscIIPPn><sln:miejscIIPWersja>2017-07-19T08:55:47+02:00</sln:miejscIIPWersja><sln:miejscIdTeryt>0827774</sln:miejscIdTeryt><sln:miejscNazwa>Żdżary</sln:miejscNazwa><sln:miejscRodzaj>Wieś</sln:miejscRodzaj><sln:powIIPId>2f8e6930-0088-406e-b684-cebb73fc5bd9</sln:powIIPId><sln:powIIPPn>PL.PZGIK.200</sln:powIIPPn><sln:powIIPWersja>2012-09-27T07:52:00+02:00</sln:powIIPWersja><sln:powIdTeryt>1204</sln:powIdTeryt><sln:powNazwa>dąbrowski</sln:powNazwa><sln:wojIIPId>dd2e3c64-f861-47cf-a3a3-e7751f272b2f</sln:wojIIPId><sln:wojIIPPn>PL.PZGIK.200</sln:wojIIPPn><sln:wojIIPWersja>2017-10-10T00:00:00+02:00</sln:wojIIPWersja><sln:wojIdTeryt>12</sln:wojIdTeryt><sln:wojNazwa>małopolskie</sln:wojNazwa></sln:miejscowosc><sln:miejscowosc><sln:cyklZyciaOd>2017-07-19T00:00:00+02:00</sln:cyklZyciaOd><sln:gmIIPId>119689dc-b855-4d76-824b-baf245f9bcc0</sln:gmIIPId><sln:gmIIPPn>PL.PZGIK.200</sln:gmIIPPn><sln:gmIIPWersja>2012-09-26T22:08:55+02:00</sln:gmIIPWersja><sln:gmIdTeryt>1204062</sln:gmIdTeryt><sln:gmNazwa>Radgoszcz</sln:gmNazwa><sln:miejscIIPId>2b8437f1-ef50-4223-ae77-851b6acebdd0</sln:miejscIIPId><sln:miejscIIPPn>PL.PZGIK.200</sln:miejscIIPPn><sln:miejscIIPWersja>2017-07-19T08:55:47+02:00</sln:miejscIIPWersja><sln:miejscIdTeryt>0827739</sln:miejscIdTeryt><sln:miejscNazwa>Smyków</sln:miejscNazwa><sln:miejscRodzaj>Wieś</sln:miejscRodzaj><sln:powIIPId>2f8e6930-0088-406e-b684-cebb73fc5bd9</sln:powIIPId><sln:powIIPPn>PL.PZGIK.200</sln:powIIPPn><sln:powIIPWersja>2012-09-27T07:52:00+02:00</sln:powIIPWersja><sln:powIdTeryt>1204</sln:powIdTeryt><sln:powNazwa>dąbrowski</sln:powNazwa><sln:wojIIPId>dd2e3c64-f861-47cf-a3a3-e7751f272b2f</sln:wojIIPId><sln:wojIIPPn>PL.PZGIK.200</sln:wojIIPPn><sln:wojIIPWersja>2017-10-10T00:00:00+02:00</sln:wojIIPWersja><sln:wojIdTeryt>12</sln:wojIdTeryt><sln:wojNazwa>małopolskie</sln:wojNazwa></sln:miejscowosc></sln:lista-miejscowosci>