<?xml version="1.0" encoding="UTF-8" standalone="yes"?><sln:lista-miejscowosci xmlns:srv="http://gugik.gov.pl/schemas/slowniki-service/1.0" xmlns:sln="http://gugik.gov.pl/schemas/slowniki-schema/1.0"><sln:miejscowosc><sln:cyklZyciaDo>2017-07-25T00:00:00+02:00</sln:cyklZyciaDo><sln:cyklZyciaOd>2015-09-22T00:00:00+02:00</sln:cyklZyciaOd><sln:gmIIPId>b1c2b63a-ce45-4505-97a5-9870975256dd</sln:gmIIPId><sln:gmIIPPn>PL.PZGIK.200</sln:gmIIPPn><sln:gmIIPWersja>2012-09-26T22:11:49+02:00</sln:gmIIPWersja><sln:gmIdTeryt>1213043</sln:gmIdTeryt><sln:gmNazwa>Kęty</sln:gmNazwa><sln:miejscIIPId>365107b1-d131-403d-9558-728385ba57e9</sln:miejscIIPId><sln:miejscIIPPn>PL.PZGIK.200</sln:miejscIIPPn><sln:miejscIIPWersja>2016-11-24T14:09:34+02:00</sln:miejscIIPWersja><sln:miejscNazwa>KĘTY</sln:miejscNazwa><sln:miejscRodzaj>Miasto</sln:miejscRodzaj><sln:powIIPId>1cf65b44-f4d5-4a14-961f-8363a199b2d6</sln:powIIPId><sln:powIIPPn>PL.PZGIK.200</sln:powIIPPn><sln:powIIPWersja>2012-09-27T07:52:00+02:00</sln:powIIPWersja><sln:powIdTeryt>1213</sln:powIdTeryt><sln:powNazwa>oświęcimski</sln:powNazwa><sln:wojIIPId>dd2e3c64-f861-47cf-a3a3-e7751f272b2f</sln:wojIIPId><sln:wojIIPPn>PL.PZGIK.200</sln:wojIIPPn><sln:wojIIPWersja>2017-10-10T00:00:00+02:00</sln:wojIIPWersja><sln:wojIdTeryt>12</sln:wojIdTeryt><sln:wojNazwa>małopolskie</sln:wojNazwa></sln:miejscowosc><sln:miejscowosc><sln:cyklZyciaDo>2017-07-25T00:00:00+02:00</sln:cyklZyciaDo><sln:cyklZyciaOd>2015-09-22T00:00:00+02:00</sln:cyklZyciaOd><sln:gmIIPId>b1c2b63a-ce45-4505-97a5-9870975256dd</sln:gmIIPId><sln:gmIIPPn>PL.PZGIK.200</sln:gmIIPPn><sln:gmIIPWersja>2012-09-26T22:11:49+02:00</sln:gmIIPWersja><sln:gmIdTeryt>1213043</sln:gmIdTeryt><sln:gmNazwa>Kęty</sln:gmNazwa><sln:miejscIIPId>e4f232ba-cd6d-47d3-acb2-75f2461f33b9</sln:miejscIIPId><sln:miejscIIPPn>PL.PZGIK.200</sln:miejscIIPPn><sln:miejscIIPWersja>2016-11-24T14:05:29+02:00</sln:miejscIIPWersja><sln:miejscNazwa>NOWA WIEŚ</sln:miejscNazwa><sln:miejscRodzaj>Wieś</sln:miejscRodzaj><sln:powIIPId>1cf65b44-f4d5-4a14-961f-8363a199b2d6</sln:powIIPId><sln:powIIPPn>PL.PZGIK.200</sln:powIIPPn><sln:powIIPWersja>2012-09-27T07:52:00+02:00</sln:powIIPWersja><sln:powIdTeryt>1213</sln:powIdTeryt><sln:powNazwa>oświęcimski</sln:powNazwa><sln:wojIIPId>dd2e3c64-f861-47cf-a3a3-e7751f272b2f</sln:wojIIPId><sln:wojIIPPn>PL.PZGIK.200</sln:wojIIPPn><sln:wojIIPWersja>2017-10-10T00:00:00+02:00</sln:wojIIPWersja><sln:wojIdTeryt>12</sln:wojIdTeryt><sln:wojNazwa>małopolskie</sln:wojNazwa></sln:miejscowosc><sln:miejscowosc><sln:cyklZyciaDo>2017-07-25T00:00:00+02:00</sln:cyklZyciaDo><sln:cyklZyciaOd>2015-09-22T00:00:00+02:00</sln:cyklZyciaOd><sln:gmIIPId>b1c2b63a-ce45-4505-97a5-9870975256dd</sln:gmIIPId><sln:gmIIPPn>PL.PZGIK.200</sln:gmIIPPn><sln:gmIIPWersja>2012-09-26T22:11:49+02:00</sln:gmIIPWersja><sln:gmIdTeryt>1213043</sln:gmIdTeryt><sln:gmNazwa>Kęty</sln:gmNazwa><sln:miejscIIPId>9630cc5c-a714-4482-abc8-0f4a3b241bd8</sln:miejscIIPId><sln:miejscIIPPn>PL.PZGIK.200</sln:miejscIIPPn><sln:miejscIIPWersja>2016-11-24T14:06:56+02:00</sln:miejscIIPWersja><sln:miejscNazwa>BULOWICE</sln:miejscNazwa><sln:miejscRodzaj>Wieś</sln:miejscRodzaj><sln:powIIPId>1cf65b44-f4d5-4a14-961f-8363a199b2d6</sln:powIIPId><sln:powIIPPn>PL.PZGIK.200</sln:powIIPPn><sln:powIIPWersja>2012-09-27T07:52:00+02:00</sln:powIIPWersja><sln:powIdTeryt>1213</sln:powIdTeryt><sln:powNazwa>oświęcimski</sln:powNazwa><sln:wojIIPId>dd2e3c64-f861-47cf-a3a3-e7751f272b2f</sln:wojIIPId><sln:wojIIPPn>PL.PZGIK.200</sln:wojIIPPn><sln:wojIIPWersja>2017-10-10T00:00:00+02:00</sln:wojIIPWersja><sln:wojIdTeryt>12</sln:wojIdTeryt><sln:wojNazwa>małopolskie</sln:wojNazwa></sln:miejscowosc><sln:miejscowosc><sln:cyklZyciaDo>2017-07-25T00:00:00+02:00</sln:cyklZyciaDo><sln:cyklZyciaOd>2015-09-22T00:00:00+02:00</sln:cyklZyciaOd><sln:gmIIPId>b1c2b63a-ce45-4505-97a5-9870975256dd</sln:gmIIPId><sln:gmIIPPn>PL.PZGIK.200</sln:gmIIPPn><sln:gmIIPWersja>2012-09-26T22:11:49+02:00</sln:gmIIPWersja><sln:gmIdTeryt>1213043</sln:gmIdTeryt><sln:gmNazwa>Kęty</sln:gmNazwa><sln:miejscIIPId>cbbe00f5-d572-4d04-9287-97aada49100b</sln:miejscIIPId><sln:miejscIIPPn>PL.PZGIK.200</sln:miejscIIPPn><sln:miejscIIPWersja>2016-11-24T14:01:47+02:00</sln:miejscIIPWersja><sln:miejscNazwa>BIELANY</sln:miejscNazwa><sln:miejscRodzaj>Wieś</sln:miejscRodzaj><sln:powIIPId>1cf65b44-f4d5-4a14-961f-8363a199b2d6</sln:powIIPId><sln:powIIPPn>PL.PZGIK.200</sln:powIIPPn><sln:powIIPWersja>2012-09-27T07:52:00+02:00</sln:powIIPWersja><sln:powIdTeryt>1213</sln:powIdTeryt><sln:powNazwa>oświęcimski</sln:powNazwa><sln:wojIIPId>dd2e3c64-f861-47cf-a3a3-e7751f272b2f</sln:wojIIPId><sln:wojIIPPn>PL.PZGIK.200</sln:wojIIPPn><sln:wojIIPWersja>2017-10-10T00:00:00+02:00</sln:wojIIPWersja><sln:wojIdTeryt>12</sln:wojIdTeryt><sln:wojNazwa>małopolskie</sln:wojNazwa></sln:miejscowosc><sln:miejscowosc><sln:cyklZyciaDo>2017-07-25T00:00:00+02:00</sln:cyklZyciaDo><sln:cyklZyciaOd>2015-09-22T00:00:00+02:00</sln:cyklZyciaOd><sln:gmIIPId>b1c2b63a-ce45-4505-97a5-9870975256dd</sln:gmIIPId><sln:gmIIPPn>PL.PZGIK.200</sln:gmIIPPn><sln:gmIIPWersja>2012-09-26T22:11:49+02:00</sln:gmIIPWersja><sln:gmIdTeryt>1213043</sln:gmIdTeryt><sln:gmNazwa>Kęty</sln:gmNazwa><sln:miejscIIPId>ae44c9fa-d76f-4721-8b52-84998cfeebcf</sln:miejscIIPId><sln:miejscIIPPn>PL.PZGIK.200</sln:miejscIIPPn><sln:miejscIIPWersja>2016-11-24T14:04:20+02:00</sln:miejscIIPWersja><sln:miejscNazwa>ŁĘKI</sln:miejscNazwa><sln:miejscRodzaj>Wieś</sln:miejscRodzaj><sln:powIIPId>1cf65b44-f4d5-4a14-961f-8363a199b2d6</sln:powIIPId><sln:powIIPPn>PL.PZGIK.200</sln:powIIPPn><sln:powIIPWersja>2012-09-27T07:52:00+02:00</sln:powIIPWersja><sln:powIdTeryt>1213</sln:powIdTeryt><sln:powNazwa>oświęcimski</sln:powNazwa><sln:wojIIPId>dd2e3c64-f861-47cf-a3a3-e7751f272b2f</sln:wojIIPId><sln:wojIIPPn>PL.PZGIK.200</sln:wojIIPPn><sln:wojIIPWersja>2017-10-10T00:00:00+02:00</sln:wojIIPWersja><sln:wojIdTeryt>12</sln:wojIdTeryt><sln:wojNazwa>małopolskie</sln:wojNazwa></sln:miejscowosc><sln:miejscowosc><sln:cyklZyciaDo>2017-07-25T00:00:00+02:00</sln:cyklZyciaDo><sln:cyklZyciaOd>2015-09-22T00:00:00+02:00</sln:cyklZyciaOd><sln:gmIIPId>b1c2b63a-ce45-4505-97a5-9870975256dd</sln:gmIIPId><sln:gmIIPPn>PL.PZGIK.200</sln:gmIIPPn><sln:gmIIPWersja>2012-09-26T22:11:49+02:00</sln:gmIIPWersja><sln:gmIdTeryt>1213043</sln:gmIdTeryt><sln:gmNazwa>Kęty</sln:gmNazwa><sln:miejscIIPId>42929043-42ac-4dd2-98ea-8b55eb923ff5</sln:miejscIIPId><sln:miejscIIPPn>PL.PZGIK.200</sln:miejscIIPPn><sln:miejscIIPWersja>2016-11-24T14:03:03+02:00</sln:miejscIIPWersja><sln:miejscNazwa>WITKOWICE</sln:miejscNazwa><sln:miejscRodzaj>Wieś</sln:miejscRodzaj><sln:powIIPId>1cf65b44-f4d5-4a14-961f-8363a199b2d6</sln:powIIPId><sln:powIIPPn>PL.PZGIK.200</sln:powIIPPn><sln:powIIPWersja>2012-09-27T07:52:00+02:00</sln:powIIPWersja><sln:powIdTeryt>1213</sln:powIdTeryt><sln:powNazwa>oświęcimski</sln:powNazwa><sln:wojIIPId>dd2e3c64-f861-47cf-a3a3-e7751f272b2f</sln:wojIIPId><sln:wojIIPPn>PL.PZGIK.200</sln:wojIIPPn><sln:wojIIPWersja>2017-10-10T00:00:00+02:00</sln:wojIIPWersja><sln:wojIdTeryt>12</sln:wojIdTeryt><sln:wojNazwa>małopolskie</sln:wojNazwa></sln:miejscowosc><sln:miejscowosc><sln:cyklZyciaDo>2017-07-25T00:00:00+02:00</sln:cyklZyciaDo><sln:cyklZyciaOd>2015-09-22T00:00:00+02:00</sln:cyklZyciaOd><sln:gmIIPId>b1c2b63a-ce45-4505-97a5-9870975256dd</sln:gmIIPId><sln:gmIIPPn>PL.PZGIK.200</sln:gmIIPPn><sln:gmIIPWersja>2012-09-26T22:11:49+02:00</sln:gmIIPWersja><sln:gmIdTeryt>1213043</sln:gmIdTeryt><sln:gmNazwa>Kęty</sln:gmNazwa><sln:miejscIIPId>19535743-4ff6-4e10-86da-9444654fe6e5</sln:miejscIIPId><sln:miejscIIPPn>PL.PZGIK.200</sln:miejscIIPPn><sln:miejscIIPWersja>2016-11-24T14:03:28+02:00</sln:miejscIIPWersja><sln:miejscNazwa>MALEC</sln:miejscNazwa><sln:miejscRodzaj>Wieś</sln:miejscRodzaj><sln:powIIPId>1cf65b44-f4d5-4a14-961f-8363a199b2d6</sln:powIIPId><sln:powIIPPn>PL.PZGIK.200</sln:powIIPPn><sln:powIIPWersja>2012-09-27T07:52:00+02:00</sln:powIIPWersja><sln:powIdTeryt>1213</sln:powIdTeryt><sln:powNazwa>oświęcimski</sln:powNazwa><sln:wojIIPId>dd2e3c64-f861-47cf-a3a3-e7751f272b2f</sln:wojIIPId><sln:wojIIPPn>PL.PZGIK.200</sln:wojIIPPn><sln:wojIIPWersja>2017-10-10T00:00:00+02:00</sln:wojIIPWersja><sln:wojIdTeryt>12</sln:wojIdTeryt><sln:wojNazwa>małopolskie</sln:wojNazwa></sln:miejscowosc><sln:miejscowosc><sln:cyklZyciaDo>2017-07-25T00:00:00+02:00</sln:cyklZyciaDo><sln:cyklZyciaOd>2017-06-20T00:00:00+02:00</sln:cyklZyciaOd><sln:gmIIPId>b1c2b63a-ce45-4505-97a5-9870975256dd</sln:gmIIPId><sln:gmIIPPn>PL.PZGIK.200</sln:gmIIPPn><sln:gmIIPWersja>2012-09-26T22:11:49+02:00</sln:gmIIPWersja><sln:gmIdTeryt>1213043</sln:gmIdTeryt><sln:gmNazwa>Kęty</sln:gmNazwa><sln:miejscIIPId>52aba9cc-7906-4eaa-9fca-66d39ea4d983</sln:miejscIIPId><sln:miejscIIPPn>PL.PZGIK.200</sln:miejscIIPPn><sln:miejscIIPWersja>2017-06-20T15:37:33+02:00</sln:miejscIIPWersja><sln:miejscIdTeryt>1213043</sln:miejscIdTeryt><sln:miejscNazwa>GRANICA</sln:miejscNazwa><sln:miejscRodzaj>Osada</sln:miejscRodzaj><sln:powIIPId>1cf65b44-f4d5-4a14-961f-8363a199b2d6</sln:powIIPId><sln:powIIPPn>PL.PZGIK.200</sln:powIIPPn><sln:powIIPWersja>2012-09-27T07:52:00+02:00</sln:powIIPWersja><sln:powIdTeryt>1213</sln:powIdTeryt><sln:powNazwa>oświęcimski</sln:powNazwa><sln:wojIIPId>dd2e3c64-f861-47cf-a3a3-e7751f272b2f</sln:wojIIPId><sln:wojIIPPn>PL.PZGIK.200</sln:wojIIPPn><sln:wojIIPWersja>2017-10-10T00:00:00+02:00</sln:wojIIPWersja><sln:wojIdTeryt>12</sln:wojIdTeryt><sln:wojNazwa>małopolskie</sln:wojNazwa></sln:miejscowosc><sln:miejscowosc><sln:cyklZyciaDo>2017-07-25T00:00:00+02:00</sln:cyklZyciaDo><sln:cyklZyciaOd>2017-06-20T00:00:00+02:00</sln:cyklZyciaOd><sln:gmIIPId>b1c2b63a-ce45-4505-97a5-9870975256dd</sln:gmIIPId><sln:gmIIPPn>PL.PZGIK.200</sln:gmIIPPn><sln:gmIIPWersja>2012-09-26T22:11:49+02:00</sln:gmIIPWersja><sln:gmIdTeryt>1213043</sln:gmIdTeryt><sln:gmNazwa>Kęty</sln:gmNazwa><sln:miejscIIPId>3a0a1404-04d8-46c2-965f-ebdcaaa3dca7</sln:miejscIIPId><sln:miejscIIPPn>PL.PZGIK.200</sln:miejscIIPPn><sln:miejscIIPWersja>2017-06-20T15:37:33+02:00</sln:miejscIIPWersja><sln:miejscIdTeryt>1213043</sln:miejscIdTeryt><sln:miejscNazwa>BABUDA</sln:miejscNazwa><sln:miejscRodzaj>Osada</sln:miejscRodzaj><sln:powIIPId>1cf65b44-f4d5-4a14-961f-8363a199b2d6</sln:powIIPId><sln:powIIPPn>PL.PZGIK.200</sln:powIIPPn><sln:powIIPWersja>2012-09-27T07:52:00+02:00</sln:powIIPWersja><sln:powIdTeryt>1213</sln:powIdTeryt><sln:powNazwa>oświęcimski</sln:powNazwa><sln:wojIIPId>dd2e3c64-f861-47cf-a3a3-e7751f272b2f</sln:wojIIPId><sln:wojIIPPn>PL.PZGIK.200</sln:wojIIPPn><sln:wojIIPWersja>2017-10-10T00:00:00+02:00</sln:wojIIPWersja><sln:wojIdTeryt>12</sln:wojIdTeryt><sln:wojNazwa>małopolskie</sln:wojNazwa></sln:miejscowosc><sln:miejscowosc><sln:cyklZyciaDo>2017-07-25T00:00:00+02:00</sln:cyklZyciaDo><sln:cyklZyciaOd>2017-06-20T00:00:00+02:00</sln:cyklZyciaOd><sln:gmIIPId>b1c2b63a-ce45-4505-97a5-9870975256dd</sln:gmIIPId><sln:gmIIPPn>PL.PZGIK.200</sln:gmIIPPn><sln:gmIIPWersja>2012-09-26T22:11:49+02:00</sln:gmIIPWersja><sln:gmIdTeryt>1213043</sln:gmIdTeryt><sln:gmNazwa>Kęty</sln:gmNazwa><sln:miejscIIPId>8090869a-f0a3-4ede-bec0-6f0f1d7a53a1</sln:miejscIIPId><sln:miejscIIPPn>PL.PZGIK.200</sln:miejscIIPPn><sln:miejscIIPWersja>2017-06-20T15:37:33+02:00</sln:miejscIIPWersja><sln:miejscIdTeryt>1213043</sln:miejscIdTeryt><sln:miejscNazwa>KAŃCZUGA</sln:miejscNazwa><sln:miejscRodzaj>Osada</sln:miejscRodzaj><sln:powIIPId>1cf65b44-f4d5-4a14-961f-8363a199b2d6</sln:powIIPId><sln:powIIPPn>PL.PZGIK.200</sln:powIIPPn><sln:powIIPWersja>2012-09-27T07:52:00+02:00</sln:powIIPWersja><sln:powIdTeryt>1213</sln:powIdTeryt><sln:powNazwa>oświęcimski</sln:powNazwa><sln:wojIIPId>dd2e3c64-f861-47cf-a3a3-e7751f272b2f</sln:wojIIPId><sln:wojIIPPn>PL.PZGIK.200</sln:wojIIPPn><sln:wojIIPWersja>2017-10-10T00:00:00+02:00</sln:wojIIPWersja><sln:wojIdTeryt>12</sln:wojIdTeryt><sln:wojNazwa>małopolskie</sln:wojNazwa></sln:miejscowosc><sln:miejscowosc><sln:cyklZyciaDo>2017-07-25T00:00:00+02:00</sln:cyklZyciaDo><sln:cyklZyciaOd>2017-06-20T00:00:00+02:00</sln:cyklZyciaOd><sln:gmIIPId>b1c2b63a-ce45-4505-97a5-9870975256dd</sln:gmIIPId><sln:gmIIPPn>PL.PZGIK.200</sln:gmIIPPn><sln:gmIIPWersja>2012-09-26T22:11:49+02:00</sln:gmIIPWersja><sln:gmIdTeryt>1213043</sln:gmIdTeryt><sln:gmNazwa>Kęty</sln:gmNazwa><sln:miejscIIPId>96ee50a9-4506-451e-9a14-410b616e81dc</sln:miejscIIPId><sln:miejscIIPPn>PL.PZGIK.200</sln:miejscIIPPn><sln:miejscIIPWersja>2017-06-20T15:37:33+02:00</sln:miejscIIPWersja><sln:miejscIdTeryt>1213043</sln:miejscIdTeryt><sln:miejscNazwa>KUSKOWIZNA</sln:miejscNazwa><sln:miejscRodzaj>Osada</sln:miejscRodzaj><sln:powIIPId>1cf65b44-f4d5-4a14-961f-8363a199b2d6</sln:powIIPId><sln:powIIPPn>PL.PZGIK.200</sln:powIIPPn><sln:powIIPWersja>2012-09-27T07:52:00+02:00</sln:powIIPWersja><sln:powIdTeryt>1213</sln:powIdTeryt><sln:powNazwa>oświęcimski</sln:powNazwa><sln:wojIIPId>dd2e3c64-f861-47cf-a3a3-e7751f272b2f</sln:wojIIPId><sln:wojIIPPn>PL.PZGIK.200</sln:wojIIPPn><sln:wojIIPWersja>2017-10-10T00:00:00+02:00</sln:wojIIPWersja><sln:wojIdTeryt>12</sln:wojIdTeryt><sln:wojNazwa>małopolskie</sln:wojNazwa></sln:miejscowosc><sln:miejscowosc><sln:cyklZyciaDo>2017-07-25T00:00:00+02:00</sln:cyklZyciaDo><sln:cyklZyciaOd>2017-06-20T00:00:00+02:00</sln:cyklZyciaOd><sln:gmIIPId>b1c2b63a-ce45-4505-97a5-9870975256dd</sln:gmIIPId><sln:gmIIPPn>PL.PZGIK.200</sln:gmIIPPn><sln:gmIIPWersja>2012-09-26T22:11:49+02:00</sln:gmIIPWersja><sln:gmIdTeryt>1213043</sln:gmIdTeryt><sln:gmNazwa>Kęty</sln:gmNazwa><sln:miejscIIPId>8b7a2c7b-04cd-4b30-b708-db92df369022</sln:miejscIIPId><sln:miejscIIPPn>PL.PZGIK.200</sln:miejscIIPPn><sln:miejscIIPWersja>2017-06-20T15:37:33+02:00</sln:miejscIIPWersja><sln:miejscIdTeryt>1213043</sln:miejscIdTeryt><sln:miejscNazwa>SYBIR</sln:miejscNazwa><sln:miejscRodzaj>Osada</sln:miejscRodzaj><sln:powIIPId>1cf65b44-f4d5-4a14-961f-8363a199b2d6</sln:powIIPId><sln:powIIPPn>PL.PZGIK.200</sln:powIIPPn><sln:powIIPWersja>2012-09-27T07:52:00+02:00</sln:powIIPWersja><sln:powIdTeryt>1213</sln:powIdTeryt><sln:powNazwa>oświęcimski</sln:powNazwa><sln:wojIIPId>dd2e3c64-f861-47cf-a3a3-e7751f272b2f</sln:wojIIPId><sln:wojIIPPn>PL.PZGIK.200</sln:wojIIPPn><sln:wojIIPWersja>2017-10-10T00:00:00+02:00</sln:wojIIPWersja><sln:wojIdTeryt>12</sln:wojIdTeryt><sln:wojNazwa>małopolskie</sln:wojNazwa></sln:miejscowosc><sln:miejscowosc><sln:cyklZyciaDo>2017-07-25T00:00:00+02:00</sln:cyklZyciaDo><sln:cyklZyciaOd>2017-06-20T00:00:00+02:00</sln:cyklZyciaOd><sln:gmIIPId>b1c2b63a-ce45-4505-97a5-9870975256dd</sln:gmIIPId><sln:gmIIPPn>PL.PZGIK.200</sln:gmIIPPn><sln:gmIIPWersja>2012-09-26T22:11:49+02:00</sln:gmIIPWersja><sln:gmIdTeryt>1213043</sln:gmIdTeryt><sln:gmNazwa>Kęty</sln:gmNazwa><sln:miejscIIPId>0e3c707a-75c7-4791-b82f-de16d07224f5</sln:miejscIIPId><sln:miejscIIPPn>PL.PZGIK.200</sln:miejscIIPPn><sln:miejscIIPWersja>2017-06-20T15:37:33+02:00</sln:miejscIIPWersja><sln:miejscIdTeryt>1213043</sln:miejscIdTeryt><sln:miejscNazwa>BUK</sln:miejscNazwa><sln:miejscRodzaj>Osada</sln:miejscRodzaj><sln:powIIPId>1cf65b44-f4d5-4a14-961f-8363a199b2d6</sln:powIIPId><sln:powIIPPn>PL.PZGIK.200</sln:powIIPPn><sln:powIIPWersja>2012-09-27T07:52:00+02:00</sln:powIIPWersja><sln:powIdTeryt>1213</sln:powIdTeryt><sln:powNazwa>oświęcimski</sln:powNazwa><sln:wojIIPId>dd2e3c64-f861-47cf-a3a3-e7751f272b2f</sln:wojIIPId><sln:wojIIPPn>PL.PZGIK.200</sln:wojIIPPn><sln:wojIIPWersja>2017-10-10T00:00:00+02:00</sln:wojIIPWersja><sln:wojIdTeryt>12</sln:wojIdTeryt><sln:wojNazwa>małopolskie</sln:wojNazwa></sln:miejscowosc><sln:miejscowosc><sln:cyklZyciaDo>2017-07-25T00:00:00+02:00</sln:cyklZyciaDo><sln:cyklZyciaOd>2017-06-20T00:00:00+02:00</sln:cyklZyciaOd><sln:gmIIPId>b1c2b63a-ce45-4505-97a5-9870975256dd</sln:gmIIPId><sln:gmIIPPn>PL.PZGIK.200</sln:gmIIPPn><sln:gmIIPWersja>2012-09-26T22:11:49+02:00</sln:gmIIPWersja><sln:gmIdTeryt>1213043</sln:gmIdTeryt><sln:gmNazwa>Kęty</sln:gmNazwa><sln:miejscIIPId>85a486a8-e61b-4ca7-9d6f-3f21addd2941</sln:miejscIIPId><sln:miejscIIPPn>PL.PZGIK.200</sln:miejscIIPPn><sln:miejscIIPWersja>2017-06-20T15:37:34+02:00</sln:miejscIIPWersja><sln:miejscIdTeryt>1213043</sln:miejscIdTeryt><sln:miejscNazwa>OWCZARNIA</sln:miejscNazwa><sln:miejscRodzaj>Osada</sln:miejscRodzaj><sln:powIIPId>1cf65b44-f4d5-4a14-961f-8363a199b2d6</sln:powIIPId><sln:powIIPPn>PL.PZGIK.200</sln:powIIPPn><sln:powIIPWersja>2012-09-27T07:52:00+02:00</sln:powIIPWersja><sln:powIdTeryt>1213</sln:powIdTeryt><sln:powNazwa>oświęcimski</sln:powNazwa><sln:wojIIPId>dd2e3c64-f861-47cf-a3a3-e7751f272b2f</sln:wojIIPId><sln:wojIIPPn>PL.PZGIK.200</sln:wojIIPPn><sln:wojIIPWersja>2017-10-10T00:00:00+02:00</sln:wojIIPWersja><sln:wojIdTeryt>12</sln:wojIdTeryt><sln:wojNazwa>małopolskie</sln:wojNazwa></sln:miejscowosc><sln:miejscowosc><sln:cyklZyciaDo>2017-07-25T00:00:00+02:00</sln:cyklZyciaDo><sln:cyklZyciaOd>2017-06-20T00:00:00+02:00</sln:cyklZyciaOd><sln:gmIIPId>b1c2b63a-ce45-4505-97a5-9870975256dd</sln:gmIIPId><sln:gmIIPPn>PL.PZGIK.200</sln:gmIIPPn><sln:gmIIPWersja>2012-09-26T22:11:49+02:00</sln:gmIIPWersja><sln:gmIdTeryt>1213043</sln:gmIdTeryt><sln:gmNazwa>Kęty</sln:gmNazwa><sln:miejscIIPId>2ef17ff8-58f8-4ded-bc32-25a4dcfb6d40</sln:miejscIIPId><sln:miejscIIPPn>PL.PZGIK.200</sln:miejscIIPPn><sln:miejscIIPWersja>2017-06-20T15:37:34+02:00</sln:miejscIIPWersja><sln:miejscIdTeryt>1213043</sln:miejscIdTeryt><sln:miejscNazwa>LATONKA</sln:miejscNazwa><sln:miejscRodzaj>Osada</sln:miejscRodzaj><sln:powIIPId>1cf65b44-f4d5-4a14-961f-8363a199b2d6</sln:powIIPId><sln:powIIPPn>PL.PZGIK.200</sln:powIIPPn><sln:powIIPWersja>2012-09-27T07:52:00+02:00</sln:powIIPWersja><sln:powIdTeryt>1213</sln:powIdTeryt><sln:powNazwa>oświęcimski</sln:powNazwa><sln:wojIIPId>dd2e3c64-f861-47cf-a3a3-e7751f272b2f</sln:wojIIPId><sln:wojIIPPn>PL.PZGIK.200</sln:wojIIPPn><sln:wojIIPWersja>2017-10-10T00:00:00+02:00</sln:wojIIPWersja><sln:wojIdTeryt>12</sln:wojIdTeryt><sln:wojNazwa>małopolskie</sln:wojNazwa></sln:miejscowosc><sln:miejscowosc><sln:cyklZyciaDo>2017-07-25T00:00:00+02:00</sln:cyklZyciaDo><sln:cyklZyciaOd>2017-07-25T00:00:00+02:00</sln:cyklZyciaOd><sln:gmIIPId>b1c2b63a-ce45-4505-97a5-9870975256dd</sln:gmIIPId><sln:gmIIPPn>PL.PZGIK.200</sln:gmIIPPn><sln:gmIIPWersja>2012-09-26T22:11:49+02:00</sln:gmIIPWersja><sln:gmIdTeryt>1213043</sln:gmIdTeryt><sln:gmNazwa>Kęty</sln:gmNazwa><sln:miejscIIPId>cbbe00f5-d572-4d04-9287-97aada49100b</sln:miejscIIPId><sln:miejscIIPPn>PL.PZGIK.200</sln:miejscIIPPn><sln:miejscIIPWersja>2017-07-25T11:30:28+02:00</sln:miejscIIPWersja><sln:miejscIdTeryt>1213045</sln:miejscIdTeryt><sln:miejscNazwa>BIELANY</sln:miejscNazwa><sln:miejscRodzaj>Wieś</sln:miejscRodzaj><sln:powIIPId>1cf65b44-f4d5-4a14-961f-8363a199b2d6</sln:powIIPId><sln:powIIPPn>PL.PZGIK.200</sln:powIIPPn><sln:powIIPWersja>2012-09-27T07:52:00+02:00</sln:powIIPWersja><sln:powIdTeryt>1213</sln:powIdTeryt><sln:powNazwa>oświęcimski</sln:powNazwa><sln:wojIIPId>dd2e3c64-f861-47cf-a3a3-e7751f272b2f</sln:wojIIPId><sln:wojIIPPn>PL.PZGIK.200</sln:wojIIPPn><sln:wojIIPWersja>2017-10-10T00:00:00+02:00</sln:wojIIPWersja><sln:wojIdTeryt>12</sln:wojIdTeryt><sln:wojNazwa>małopolskie</sln:wojNazwa></sln:miejscowosc><sln:miejscowosc><sln:cyklZyciaDo>2017-07-25T00:00:00+02:00</sln:cyklZyciaDo><sln:cyklZyciaOd>2017-07-25T00:00:00+02:00</sln:cyklZyciaOd><sln:gmIIPId>b1c2b63a-ce45-4505-97a5-9870975256dd</sln:gmIIPId><sln:gmIIPPn>PL.PZGIK.200</sln:gmIIPPn><sln:gmIIPWersja>2012-09-26T22:11:49+02:00</sln:gmIIPWersja><sln:gmIdTeryt>1213043</sln:gmIdTeryt><sln:gmNazwa>Kęty</sln:gmNazwa><sln:miejscIIPId>52aba9cc-7906-4eaa-9fca-66d39ea4d983</sln:miejscIIPId><sln:miejscIIPPn>PL.PZGIK.200</sln:miejscIIPPn><sln:miejscIIPWersja>2017-07-25T11:30:34+02:00</sln:miejscIIPWersja><sln:miejscIdTeryt>1213045</sln:miejscIdTeryt><sln:miejscNazwa>GRANICA</sln:miejscNazwa><sln:miejscRodzaj>Osada</sln:miejscRodzaj><sln:powIIPId>1cf65b44-f4d5-4a14-961f-8363a199b2d6</sln:powIIPId><sln:powIIPPn>PL.PZGIK.200</sln:powIIPPn><sln:powIIPWersja>2012-09-27T07:52:00+02:00</sln:powIIPWersja><sln:powIdTeryt>1213</sln:powIdTeryt><sln:powNazwa>oświęcimski</sln:powNazwa><sln:wojIIPId>dd2e3c64-f861-47cf-a3a3-e7751f272b2f</sln:wojIIPId><sln:wojIIPPn>PL.PZGIK.200</sln:wojIIPPn><sln:wojIIPWersja>2017-10-10T00:00:00+02:00</sln:wojIIPWersja><sln:wojIdTeryt>12</sln:wojIdTeryt><sln:wojNazwa>małopolskie</sln:wojNazwa></sln:miejscowosc><sln:miejscowosc><sln:cyklZyciaDo>2017-07-25T00:00:00+02:00</sln:cyklZyciaDo><sln:cyklZyciaOd>2017-07-25T00:00:00+02:00</sln:cyklZyciaOd><sln:gmIIPId>b1c2b63a-ce45-4505-97a5-9870975256dd</sln:gmIIPId><sln:gmIIPPn>PL.PZGIK.200</sln:gmIIPPn><sln:gmIIPWersja>2012-09-26T22:11:49+02:00</sln:gmIIPWersja><sln:gmIdTeryt>1213043</sln:gmIdTeryt><sln:gmNazwa>Kęty</sln:gmNazwa><sln:miejscIIPId>3a0a1404-04d8-46c2-965f-ebdcaaa3dca7</sln:miejscIIPId><sln:miejscIIPPn>PL.PZGIK.200</sln:miejscIIPPn><sln:miejscIIPWersja>2017-07-25T11:30:34+02:00</sln:miejscIIPWersja><sln:miejscIdTeryt>1213045</sln:miejscIdTeryt><sln:miejscNazwa>BABUDA</sln:miejscNazwa><sln:miejscRodzaj>Osada</sln:miejscRodzaj><sln:powIIPId>1cf65b44-f4d5-4a14-961f-8363a199b2d6</sln:powIIPId><sln:powIIPPn>PL.PZGIK.200</sln:powIIPPn><sln:powIIPWersja>2012-09-27T07:52:00+02:00</sln:powIIPWersja><sln:powIdTeryt>1213</sln:powIdTeryt><sln:powNazwa>oświęcimski</sln:powNazwa><sln:wojIIPId>dd2e3c64-f861-47cf-a3a3-e7751f272b2f</sln:wojIIPId><sln:wojIIPPn>PL.PZGIK.200</sln:wojIIPPn><sln:wojIIPWersja>2017-10-10T00:00:00+02:00</sln:wojIIPWersja><sln:wojIdTeryt>12</sln:wojIdTeryt><sln:wojNazwa>małopolskie</sln:wojNazwa></sln:miejscowosc><sln:miejscowosc><sln:cyklZyciaDo>2017-07-25T00:00:00+02:00</sln:cyklZyciaDo><sln:cyklZyciaOd>2017-07-25T00:00:00+02:00</sln:cyklZyciaOd><sln:gmIIPId>b1c2b63a-ce45-4505-97a5-9870975256dd</sln:gmIIPId><sln:gmIIPPn>PL.PZGIK.200</sln:gmIIPPn><sln:gmIIPWersja>2012-09-26T22:11:49+02:00</sln:gmIIPWersja><sln:gmIdTeryt>1213043</sln:gmIdTeryt><sln:gmNazwa>Kęty</sln:gmNazwa><sln:miejscIIPId>42929043-42ac-4dd2-98ea-8b55eb923ff5</sln:miejscIIPId><sln:miejscIIPPn>PL.PZGIK.200</sln:miejscIIPPn><sln:miejscIIPWersja>2017-07-25T11:30:34+02:00</sln:miejscIIPWersja><sln:miejscIdTeryt>1213045</sln:miejscIdTeryt><sln:miejscNazwa>WITKOWICE</sln:miejscNazwa><sln:miejscRodzaj>Wieś</sln:miejscRodzaj><sln:powIIPId>1cf65b44-f4d5-4a14-961f-8363a199b2d6</sln:powIIPId><sln:powIIPPn>PL.PZGIK.200</sln:powIIPPn><sln:powIIPWersja>2012-09-27T07:52:00+02:00</sln:powIIPWersja><sln:powIdTeryt>1213</sln:powIdTeryt><sln:powNazwa>oświęcimski</sln:powNazwa><sln:wojIIPId>dd2e3c64-f861-47cf-a3a3-e7751f272b2f</sln:wojIIPId><sln:wojIIPPn>PL.PZGIK.200</sln:wojIIPPn><sln:wojIIPWersja>2017-10-10T00:00:00+02:00</sln:wojIIPWersja><sln:wojIdTeryt>12</sln:wojIdTeryt><sln:wojNazwa>małopolskie</sln:wojNazwa></sln:miejscowosc><sln:miejscowosc><sln:cyklZyciaDo>2017-07-25T00:00:00+02:00</sln:cyklZyciaDo><sln:cyklZyciaOd>2017-07-25T00:00:00+02:00</sln:cyklZyciaOd><sln:gmIIPId>b1c2b63a-ce45-4505-97a5-9870975256dd</sln:gmIIPId><sln:gmIIPPn>PL.PZGIK.200</sln:gmIIPPn><sln:gmIIPWersja>2012-09-26T22:11:49+02:00</sln:gmIIPWersja><sln:gmIdTeryt>1213043</sln:gmIdTeryt><sln:gmNazwa>Kęty</sln:gmNazwa><sln:miejscIIPId>8090869a-f0a3-4ede-bec0-6f0f1d7a53a1</sln:miejscIIPId><sln:miejscIIPPn>PL.PZGIK.200</sln:miejscIIPPn><sln:miejscIIPWersja>2017-07-25T11:30:34+02:00</sln:miejscIIPWersja><sln:miejscIdTeryt>1213045</sln:miejscIdTeryt><sln:miejscNazwa>KAŃCZUGA</sln:miejscNazwa><sln:miejscRodzaj>Osada</sln:miejscRodzaj><sln:powIIPId>1cf65b44-f4d5-4a14-961f-8363a199b2d6</sln:powIIPId><sln:powIIPPn>PL.PZGIK.200</sln:powIIPPn><sln:powIIPWersja>2012-09-27T07:52:00+02:00</sln:powIIPWersja><sln:powIdTeryt>1213</sln:powIdTeryt><sln:powNazwa>oświęcimski</sln:powNazwa><sln:wojIIPId>dd2e3c64-f861-47cf-a3a3-e7751f272b2f</sln:wojIIPId><sln:wojIIPPn>PL.PZGIK.200</sln:wojIIPPn><sln:wojIIPWersja>2017-10-10T00:00:00+02:00</sln:wojIIPWersja><sln:wojIdTeryt>12</sln:wojIdTeryt><sln:wojNazwa>małopolskie</sln:wojNazwa></sln:miejscowosc><sln:miejscowosc><sln:cyklZyciaDo>2017-07-25T00:00:00+02:00</sln:cyklZyciaDo><sln:cyklZyciaOd>2017-07-25T00:00:00+02:00</sln:cyklZyciaOd><sln:gmIIPId>b1c2b63a-ce45-4505-97a5-9870975256dd</sln:gmIIPId><sln:gmIIPPn>PL.PZGIK.200</sln:gmIIPPn><sln:gmIIPWersja>2012-09-26T22:11:49+02:00</sln:gmIIPWersja><sln:gmIdTeryt>1213043</sln:gmIdTeryt><sln:gmNazwa>Kęty</sln:gmNazwa><sln:miejscIIPId>19535743-4ff6-4e10-86da-9444654fe6e5</sln:miejscIIPId><sln:miejscIIPPn>PL.PZGIK.200</sln:miejscIIPPn><sln:miejscIIPWersja>2017-07-25T11:30:34+02:00</sln:miejscIIPWersja><sln:miejscIdTeryt>1213045</sln:miejscIdTeryt><sln:miejscNazwa>MALEC</sln:miejscNazwa><sln:miejscRodzaj>Wieś</sln:miejscRodzaj><sln:powIIPId>1cf65b44-f4d5-4a14-961f-8363a199b2d6</sln:powIIPId><sln:powIIPPn>PL.PZGIK.200</sln:powIIPPn><sln:powIIPWersja>2012-09-27T07:52:00+02:00</sln:powIIPWersja><sln:powIdTeryt>1213</sln:powIdTeryt><sln:powNazwa>oświęcimski</sln:powNazwa><sln:wojIIPId>dd2e3c64-f861-47cf-a3a3-e7751f272b2f</sln:wojIIPId><sln:wojIIPPn>PL.PZGIK.200</sln:wojIIPPn><sln:wojIIPWersja>2017-10-10T00:00:00+02:00</sln:wojIIPWersja><sln:wojIdTeryt>12</sln:wojIdTeryt><sln:wojNazwa>małopolskie</sln:wojNazwa></sln:miejscowosc><sln:miejscowosc><sln:cyklZyciaDo>2017-07-25T00:00:00+02:00</sln:cyklZyciaDo><sln:cyklZyciaOd>2017-07-25T00:00:00+02:00</sln:cyklZyciaOd><sln:gmIIPId>b1c2b63a-ce45-4505-97a5-9870975256dd</sln:gmIIPId><sln:gmIIPPn>PL.PZGIK.200</sln:gmIIPPn><sln:gmIIPWersja>2012-09-26T22:11:49+02:00</sln:gmIIPWersja><sln:gmIdTeryt>1213043</sln:gmIdTeryt><sln:gmNazwa>Kęty</sln:gmNazwa><sln:miejscIIPId>96ee50a9-4506-451e-9a14-410b616e81dc</sln:miejscIIPId><sln:miejscIIPPn>PL.PZGIK.200</sln:miejscIIPPn><sln:miejscIIPWersja>2017-07-25T11:30:34+02:00</sln:miejscIIPWersja><sln:miejscIdTeryt>1213045</sln:miejscIdTeryt><sln:miejscNazwa>KUSKOWIZNA</sln:miejscNazwa><sln:miejscRodzaj>Osada</sln:miejscRodzaj><sln:powIIPId>1cf65b44-f4d5-4a14-961f-8363a199b2d6</sln:powIIPId><sln:powIIPPn>PL.PZGIK.200</sln:powIIPPn><sln:powIIPWersja>2012-09-27T07:52:00+02:00</sln:powIIPWersja><sln:powIdTeryt>1213</sln:powIdTeryt><sln:powNazwa>oświęcimski</sln:powNazwa><sln:wojIIPId>dd2e3c64-f861-47cf-a3a3-e7751f272b2f</sln:wojIIPId><sln:wojIIPPn>PL.PZGIK.200</sln:wojIIPPn><sln:wojIIPWersja>2017-10-10T00:00:00+02:00</sln:wojIIPWersja><sln:wojIdTeryt>12</sln:wojIdTeryt><sln:wojNazwa>małopolskie</sln:wojNazwa></sln:miejscowosc><sln:miejscowosc><sln:cyklZyciaDo>2017-07-25T00:00:00+02:00</sln:cyklZyciaDo><sln:cyklZyciaOd>2017-07-25T00:00:00+02:00</sln:cyklZyciaOd><sln:gmIIPId>b1c2b63a-ce45-4505-97a5-9870975256dd</sln:gmIIPId><sln:gmIIPPn>PL.PZGIK.200</sln:gmIIPPn><sln:gmIIPWersja>2012-09-26T22:11:49+02:00</sln:gmIIPWersja><sln:gmIdTeryt>1213043</sln:gmIdTeryt><sln:gmNazwa>Kęty</sln:gmNazwa><sln:miejscIIPId>ae44c9fa-d76f-4721-8b52-84998cfeebcf</sln:miejscIIPId><sln:miejscIIPPn>PL.PZGIK.200</sln:miejscIIPPn><sln:miejscIIPWersja>2017-07-25T11:30:34+02:00</sln:miejscIIPWersja><sln:miejscIdTeryt>1213045</sln:miejscIdTeryt><sln:miejscNazwa>ŁĘKI</sln:miejscNazwa><sln:miejscRodzaj>Wieś</sln:miejscRodzaj><sln:powIIPId>1cf65b44-f4d5-4a14-961f-8363a199b2d6</sln:powIIPId><sln:powIIPPn>PL.PZGIK.200</sln:powIIPPn><sln:powIIPWersja>2012-09-27T07:52:00+02:00</sln:powIIPWersja><sln:powIdTeryt>1213</sln:powIdTeryt><sln:powNazwa>oświęcimski</sln:powNazwa><sln:wojIIPId>dd2e3c64-f861-47cf-a3a3-e7751f272b2f</sln:wojIIPId><sln:wojIIPPn>PL.PZGIK.200</sln:wojIIPPn><sln:wojIIPWersja>2017-10-10T00:00:00+02:00</sln:wojIIPWersja><sln:wojIdTeryt>12</sln:wojIdTeryt><sln:wojNazwa>małopolskie</sln:wojNazwa></sln:miejscowosc><sln:miejscowosc><sln:cyklZyciaDo>2017-07-25T00:00:00+02:00</sln:cyklZyciaDo><sln:cyklZyciaOd>2017-07-25T00:00:00+02:00</sln:cyklZyciaOd><sln:gmIIPId>b1c2b63a-ce45-4505-97a5-9870975256dd</sln:gmIIPId><sln:gmIIPPn>PL.PZGIK.200</sln:gmIIPPn><sln:gmIIPWersja>2012-09-26T22:11:49+02:00</sln:gmIIPWersja><sln:gmIdTeryt>1213043</sln:gmIdTeryt><sln:gmNazwa>Kęty</sln:gmNazwa><sln:miejscIIPId>e4f232ba-cd6d-47d3-acb2-75f2461f33b9</sln:miejscIIPId><sln:miejscIIPPn>PL.PZGIK.200</sln:miejscIIPPn><sln:miejscIIPWersja>2017-07-25T11:30:34+02:00</sln:miejscIIPWersja><sln:miejscIdTeryt>1213045</sln:miejscIdTeryt><sln:miejscNazwa>NOWA WIEŚ</sln:miejscNazwa><sln:miejscRodzaj>Wieś</sln:miejscRodzaj><sln:powIIPId>1cf65b44-f4d5-4a14-961f-8363a199b2d6</sln:powIIPId><sln:powIIPPn>PL.PZGIK.200</sln:powIIPPn><sln:powIIPWersja>2012-09-27T07:52:00+02:00</sln:powIIPWersja><sln:powIdTeryt>1213</sln:powIdTeryt><sln:powNazwa>oświęcimski</sln:powNazwa><sln:wojIIPId>dd2e3c64-f861-47cf-a3a3-e7751f272b2f</sln:wojIIPId><sln:wojIIPPn>PL.PZGIK.200</sln:wojIIPPn><sln:wojIIPWersja>2017-10-10T00:00:00+02:00</sln:wojIIPWersja><sln:wojIdTeryt>12</sln:wojIdTeryt><sln:wojNazwa>małopolskie</sln:wojNazwa></sln:miejscowosc><sln:miejscowosc><sln:cyklZyciaDo>2017-07-25T00:00:00+02:00</sln:cyklZyciaDo><sln:cyklZyciaOd>2017-07-25T00:00:00+02:00</sln:cyklZyciaOd><sln:gmIIPId>b1c2b63a-ce45-4505-97a5-9870975256dd</sln:gmIIPId><sln:gmIIPPn>PL.PZGIK.200</sln:gmIIPPn><sln:gmIIPWersja>2012-09-26T22:11:49+02:00</sln:gmIIPWersja><sln:gmIdTeryt>1213043</sln:gmIdTeryt><sln:gmNazwa>Kęty</sln:gmNazwa><sln:miejscIIPId>8b7a2c7b-04cd-4b30-b708-db92df369022</sln:miejscIIPId><sln:miejscIIPPn>PL.PZGIK.200</sln:miejscIIPPn><sln:miejscIIPWersja>2017-07-25T11:30:34+02:00</sln:miejscIIPWersja><sln:miejscIdTeryt>1213045</sln:miejscIdTeryt><sln:miejscNazwa>SYBIR</sln:miejscNazwa><sln:miejscRodzaj>Osada</sln:miejscRodzaj><sln:powIIPId>1cf65b44-f4d5-4a14-961f-8363a199b2d6</sln:powIIPId><sln:powIIPPn>PL.PZGIK.200</sln:powIIPPn><sln:powIIPWersja>2012-09-27T07:52:00+02:00</sln:powIIPWersja><sln:powIdTeryt>1213</sln:powIdTeryt><sln:powNazwa>oświęcimski</sln:powNazwa><sln:wojIIPId>dd2e3c64-f861-47cf-a3a3-e7751f272b2f</sln:wojIIPId><sln:wojIIPPn>PL.PZGIK.200</sln:wojIIPPn><sln:wojIIPWersja>2017-10-10T00:00:00+02:00</sln:wojIIPWersja><sln:wojIdTeryt>12</sln:wojIdTeryt><sln:wojNazwa>małopolskie</sln:wojNazwa></sln:miejscowosc><sln:miejscowosc><sln:cyklZyciaDo>2017-07-25T00:00:00+02:00</sln:cyklZyciaDo><sln:cyklZyciaOd>2017-07-25T00:00:00+02:00</sln:cyklZyciaOd><sln:gmIIPId>b1c2b63a-ce45-4505-97a5-9870975256dd</sln:gmIIPId><sln:gmIIPPn>PL.PZGIK.200</sln:gmIIPPn><sln:gmIIPWersja>2012-09-26T22:11:49+02:00</sln:gmIIPWersja><sln:gmIdTeryt>1213043</sln:gmIdTeryt><sln:gmNazwa>Kęty</sln:gmNazwa><sln:miejscIIPId>0e3c707a-75c7-4791-b82f-de16d07224f5</sln:miejscIIPId><sln:miejscIIPPn>PL.PZGIK.200</sln:miejscIIPPn><sln:miejscIIPWersja>2017-07-25T11:30:35+02:00</sln:miejscIIPWersja><sln:miejscIdTeryt>1213045</sln:miejscIdTeryt><sln:miejscNazwa>BUK</sln:miejscNazwa><sln:miejscRodzaj>Osada</sln:miejscRodzaj><sln:powIIPId>1cf65b44-f4d5-4a14-961f-8363a199b2d6</sln:powIIPId><sln:powIIPPn>PL.PZGIK.200</sln:powIIPPn><sln:powIIPWersja>2012-09-27T07:52:00+02:00</sln:powIIPWersja><sln:powIdTeryt>1213</sln:powIdTeryt><sln:powNazwa>oświęcimski</sln:powNazwa><sln:wojIIPId>dd2e3c64-f861-47cf-a3a3-e7751f272b2f</sln:wojIIPId><sln:wojIIPPn>PL.PZGIK.200</sln:wojIIPPn><sln:wojIIPWersja>2017-10-10T00:00:00+02:00</sln:wojIIPWersja><sln:wojIdTeryt>12</sln:wojIdTeryt><sln:wojNazwa>małopolskie</sln:wojNazwa></sln:miejscowosc><sln:miejscowosc><sln:cyklZyciaDo>2017-07-25T00:00:00+02:00</sln:cyklZyciaDo><sln:cyklZyciaOd>2017-07-25T00:00:00+02:00</sln:cyklZyciaOd><sln:gmIIPId>b1c2b63a-ce45-4505-97a5-9870975256dd</sln:gmIIPId><sln:gmIIPPn>PL.PZGIK.200</sln:gmIIPPn><sln:gmIIPWersja>2012-09-26T22:11:49+02:00</sln:gmIIPWersja><sln:gmIdTeryt>1213043</sln:gmIdTeryt><sln:gmNazwa>Kęty</sln:gmNazwa><sln:miejscIIPId>85a486a8-e61b-4ca7-9d6f-3f21addd2941</sln:miejscIIPId><sln:miejscIIPPn>PL.PZGIK.200</sln:miejscIIPPn><sln:miejscIIPWersja>2017-07-25T11:30:35+02:00</sln:miejscIIPWersja><sln:miejscIdTeryt>1213045</sln:miejscIdTeryt><sln:miejscNazwa>OWCZARNIA</sln:miejscNazwa><sln:miejscRodzaj>Osada</sln:miejscRodzaj><sln:powIIPId>1cf65b44-f4d5-4a14-961f-8363a199b2d6</sln:powIIPId><sln:powIIPPn>PL.PZGIK.200</sln:powIIPPn><sln:powIIPWersja>2012-09-27T07:52:00+02:00</sln:powIIPWersja><sln:powIdTeryt>1213</sln:powIdTeryt><sln:powNazwa>oświęcimski</sln:powNazwa><sln:wojIIPId>dd2e3c64-f861-47cf-a3a3-e7751f272b2f</sln:wojIIPId><sln:wojIIPPn>PL.PZGIK.200</sln:wojIIPPn><sln:wojIIPWersja>2017-10-10T00:00:00+02:00</sln:wojIIPWersja><sln:wojIdTeryt>12</sln:wojIdTeryt><sln:wojNazwa>małopolskie</sln:wojNazwa></sln:miejscowosc><sln:miejscowosc><sln:cyklZyciaDo>2017-07-25T00:00:00+02:00</sln:cyklZyciaDo><sln:cyklZyciaOd>2017-07-25T00:00:00+02:00</sln:cyklZyciaOd><sln:gmIIPId>b1c2b63a-ce45-4505-97a5-9870975256dd</sln:gmIIPId><sln:gmIIPPn>PL.PZGIK.200</sln:gmIIPPn><sln:gmIIPWersja>2012-09-26T22:11:49+02:00</sln:gmIIPWersja><sln:gmIdTeryt>1213043</sln:gmIdTeryt><sln:gmNazwa>Kęty</sln:gmNazwa><sln:miejscIIPId>9630cc5c-a714-4482-abc8-0f4a3b241bd8</sln:miejscIIPId><sln:miejscIIPPn>PL.PZGIK.200</sln:miejscIIPPn><sln:miejscIIPWersja>2017-07-25T11:30:35+02:00</sln:miejscIIPWersja><sln:miejscIdTeryt>1213045</sln:miejscIdTeryt><sln:miejscNazwa>BULOWICE</sln:miejscNazwa><sln:miejscRodzaj>Wieś</sln:miejscRodzaj><sln:powIIPId>1cf65b44-f4d5-4a14-961f-8363a199b2d6</sln:powIIPId><sln:powIIPPn>PL.PZGIK.200</sln:powIIPPn><sln:powIIPWersja>2012-09-27T07:52:00+02:00</sln:powIIPWersja><sln:powIdTeryt>1213</sln:powIdTeryt><sln:powNazwa>oświęcimski</sln:powNazwa><sln:wojIIPId>dd2e3c64-f861-47cf-a3a3-e7751f272b2f</sln:wojIIPId><sln:wojIIPPn>PL.PZGIK.200</sln:wojIIPPn><sln:wojIIPWersja>2017-10-10T00:00:00+02:00</sln:wojIIPWersja><sln:wojIdTeryt>12</sln:wojIdTeryt><sln:wojNazwa>małopolskie</sln:wojNazwa></sln:miejscowosc><sln:miejscowosc><sln:cyklZyciaDo>2017-07-25T00:00:00+02:00</sln:cyklZyciaDo><sln:cyklZyciaOd>2017-07-25T00:00:00+02:00</sln:cyklZyciaOd><sln:gmIIPId>b1c2b63a-ce45-4505-97a5-9870975256dd</sln:gmIIPId><sln:gmIIPPn>PL.PZGIK.200</sln:gmIIPPn><sln:gmIIPWersja>2012-09-26T22:11:49+02:00</sln:gmIIPWersja><sln:gmIdTeryt>1213043</sln:gmIdTeryt><sln:gmNazwa>Kęty</sln:gmNazwa><sln:miejscIIPId>365107b1-d131-403d-9558-728385ba57e9</sln:miejscIIPId><sln:miejscIIPPn>PL.PZGIK.200</sln:miejscIIPPn><sln:miejscIIPWersja>2017-07-25T11:30:35+02:00</sln:miejscIIPWersja><sln:miejscIdTeryt>1213044</sln:miejscIdTeryt><sln:miejscNazwa>KĘTY</sln:miejscNazwa><sln:miejscRodzaj>Miasto</sln:miejscRodzaj><sln:powIIPId>1cf65b44-f4d5-4a14-961f-8363a199b2d6</sln:powIIPId><sln:powIIPPn>PL.PZGIK.200</sln:powIIPPn><sln:powIIPWersja>2012-09-27T07:52:00+02:00</sln:powIIPWersja><sln:powIdTeryt>1213</sln:powIdTeryt><sln:powNazwa>oświęcimski</sln:powNazwa><sln:wojIIPId>dd2e3c64-f861-47cf-a3a3-e7751f272b2f</sln:wojIIPId><sln:wojIIPPn>PL.PZGIK.200</sln:wojIIPPn><sln:wojIIPWersja>2017-10-10T00:00:00+02:00</sln:wojIIPWersja><sln:wojIdTeryt>12</sln:wojIdTeryt><sln:wojNazwa>małopolskie</sln:wojNazwa></sln:miejscowosc><sln:miejscowosc><sln:cyklZyciaDo>2017-07-25T00:00:00+02:00</sln:cyklZyciaDo><sln:cyklZyciaOd>2017-07-25T00:00:00+02:00</sln:cyklZyciaOd><sln:gmIIPId>b1c2b63a-ce45-4505-97a5-9870975256dd</sln:gmIIPId><sln:gmIIPPn>PL.PZGIK.200</sln:gmIIPPn><sln:gmIIPWersja>2012-09-26T22:11:49+02:00</sln:gmIIPWersja><sln:gmIdTeryt>1213043</sln:gmIdTeryt><sln:gmNazwa>Kęty</sln:gmNazwa><sln:miejscIIPId>2ef17ff8-58f8-4ded-bc32-25a4dcfb6d40</sln:miejscIIPId><sln:miejscIIPPn>PL.PZGIK.200</sln:miejscIIPPn><sln:miejscIIPWersja>2017-07-25T11:30:35+02:00</sln:miejscIIPWersja><sln:miejscIdTeryt>1213045</sln:miejscIdTeryt><sln:miejscNazwa>LATONKA</sln:miejscNazwa><sln:miejscRodzaj>Osada</sln:miejscRodzaj><sln:powIIPId>1cf65b44-f4d5-4a14-961f-8363a199b2d6</sln:powIIPId><sln:powIIPPn>PL.PZGIK.200</sln:powIIPPn><sln:powIIPWersja>2012-09-27T07:52:00+02:00</sln:powIIPWersja><sln:powIdTeryt>1213</sln:powIdTeryt><sln:powNazwa>oświęcimski</sln:powNazwa><sln:wojIIPId>dd2e3c64-f861-47cf-a3a3-e7751f272b2f</sln:wojIIPId><sln:wojIIPPn>PL.PZGIK.200</sln:wojIIPPn><sln:wojIIPWersja>2017-10-10T00:00:00+02:00</sln:wojIIPWersja><sln:wojIdTeryt>12</sln:wojIdTeryt><sln:wojNazwa>małopolskie</sln:wojNazwa></sln:miejscowosc><sln:miejscowosc><sln:cyklZyciaDo>2017-08-02T00:00:00+02:00</sln:cyklZyciaDo><sln:cyklZyciaOd>2017-07-25T00:00:00+02:00</sln:cyklZyciaOd><sln:gmIIPId>b1c2b63a-ce45-4505-97a5-9870975256dd</sln:gmIIPId><sln:gmIIPPn>PL.PZGIK.200</sln:gmIIPPn><sln:gmIIPWersja>2012-09-26T22:11:49+02:00</sln:gmIIPWersja><sln:gmIdTeryt>1213043</sln:gmIdTeryt><sln:gmNazwa>Kęty</sln:gmNazwa><sln:miejscIIPId>cbbe00f5-d572-4d04-9287-97aada49100b</sln:miejscIIPId><sln:miejscIIPPn>PL.PZGIK.200</sln:miejscIIPPn><sln:miejscIIPWersja>2017-07-25T14:51:26+02:00</sln:miejscIIPWersja><sln:miejscIdTeryt>0057135</sln:miejscIdTeryt><sln:miejscNazwa>BIELANY</sln:miejscNazwa><sln:miejscRodzaj>Wieś</sln:miejscRodzaj><sln:powIIPId>1cf65b44-f4d5-4a14-961f-8363a199b2d6</sln:powIIPId><sln:powIIPPn>PL.PZGIK.200</sln:powIIPPn><sln:powIIPWersja>2012-09-27T07:52:00+02:00</sln:powIIPWersja><sln:powIdTeryt>1213</sln:powIdTeryt><sln:powNazwa>oświęcimski</sln:powNazwa><sln:wojIIPId>dd2e3c64-f861-47cf-a3a3-e7751f272b2f</sln:wojIIPId><sln:wojIIPPn>PL.PZGIK.200</sln:wojIIPPn><sln:wojIIPWersja>2017-10-10T00:00:00+02:00</sln:wojIIPWersja><sln:wojIdTeryt>12</sln:wojIdTeryt><sln:wojNazwa>małopolskie</sln:wojNazwa></sln:miejscowosc><sln:miejscowosc><sln:cyklZyciaDo>2017-08-02T00:00:00+02:00</sln:cyklZyciaDo><sln:cyklZyciaOd>2017-07-25T00:00:00+02:00</sln:cyklZyciaOd><sln:gmIIPId>b1c2b63a-ce45-4505-97a5-9870975256dd</sln:gmIIPId><sln:gmIIPPn>PL.PZGIK.200</sln:gmIIPPn><sln:gmIIPWersja>2012-09-26T22:11:49+02:00</sln:gmIIPWersja><sln:gmIdTeryt>1213043</sln:gmIdTeryt><sln:gmNazwa>Kęty</sln:gmNazwa><sln:miejscIIPId>52aba9cc-7906-4eaa-9fca-66d39ea4d983</sln:miejscIIPId><sln:miejscIIPPn>PL.PZGIK.200</sln:miejscIIPPn><sln:miejscIIPWersja>2017-07-25T14:51:30+02:00</sln:miejscIIPWersja><sln:miejscIdTeryt>0057490</sln:miejscIdTeryt><sln:miejscNazwa>GRANICA</sln:miejscNazwa><sln:miejscRodzaj>Osada</sln:miejscRodzaj><sln:powIIPId>1cf65b44-f4d5-4a14-961f-8363a199b2d6</sln:powIIPId><sln:powIIPPn>PL.PZGIK.200</sln:powIIPPn><sln:powIIPWersja>2012-09-27T07:52:00+02:00</sln:powIIPWersja><sln:powIdTeryt>1213</sln:powIdTeryt><sln:powNazwa>oświęcimski</sln:powNazwa><sln:wojIIPId>dd2e3c64-f861-47cf-a3a3-e7751f272b2f</sln:wojIIPId><sln:wojIIPPn>PL.PZGIK.200</sln:wojIIPPn><sln:wojIIPWersja>2017-10-10T00:00:00+02:00</sln:wojIIPWersja><sln:wojIdTeryt>12</sln:wojIdTeryt><sln:wojNazwa>małopolskie</sln:wojNazwa></sln:miejscowosc><sln:miejscowosc><sln:cyklZyciaDo>2017-08-02T00:00:00+02:00</sln:cyklZyciaDo><sln:cyklZyciaOd>2017-07-25T00:00:00+02:00</sln:cyklZyciaOd><sln:gmIIPId>b1c2b63a-ce45-4505-97a5-9870975256dd</sln:gmIIPId><sln:gmIIPPn>PL.PZGIK.200</sln:gmIIPPn><sln:gmIIPWersja>2012-09-26T22:11:49+02:00</sln:gmIIPWersja><sln:gmIdTeryt>1213043</sln:gmIdTeryt><sln:gmNazwa>Kęty</sln:gmNazwa><sln:miejscIIPId>3a0a1404-04d8-46c2-965f-ebdcaaa3dca7</sln:miejscIIPId><sln:miejscIIPPn>PL.PZGIK.200</sln:miejscIIPPn><sln:miejscIIPWersja>2017-07-25T14:51:31+02:00</sln:miejscIIPWersja><sln:miejscIdTeryt>0057550</sln:miejscIdTeryt><sln:miejscNazwa>BABUDA</sln:miejscNazwa><sln:miejscRodzaj>Osada</sln:miejscRodzaj><sln:powIIPId>1cf65b44-f4d5-4a14-961f-8363a199b2d6</sln:powIIPId><sln:powIIPPn>PL.PZGIK.200</sln:powIIPPn><sln:powIIPWersja>2012-09-27T07:52:00+02:00</sln:powIIPWersja><sln:powIdTeryt>1213</sln:powIdTeryt><sln:powNazwa>oświęcimski</sln:powNazwa><sln:wojIIPId>dd2e3c64-f861-47cf-a3a3-e7751f272b2f</sln:wojIIPId><sln:wojIIPPn>PL.PZGIK.200</sln:wojIIPPn><sln:wojIIPWersja>2017-10-10T00:00:00+02:00</sln:wojIIPWersja><sln:wojIdTeryt>12</sln:wojIdTeryt><sln:wojNazwa>małopolskie</sln:wojNazwa></sln:miejscowosc><sln:miejscowosc><sln:cyklZyciaDo>2017-08-02T00:00:00+02:00</sln:cyklZyciaDo><sln:cyklZyciaOd>2017-07-25T00:00:00+02:00</sln:cyklZyciaOd><sln:gmIIPId>b1c2b63a-ce45-4505-97a5-9870975256dd</sln:gmIIPId><sln:gmIIPPn>PL.PZGIK.200</sln:gmIIPPn><sln:gmIIPWersja>2012-09-26T22:11:49+02:00</sln:gmIIPWersja><sln:gmIdTeryt>1213043</sln:gmIdTeryt><sln:gmNazwa>Kęty</sln:gmNazwa><sln:miejscIIPId>42929043-42ac-4dd2-98ea-8b55eb923ff5</sln:miejscIIPId><sln:miejscIIPPn>PL.PZGIK.200</sln:miejscIIPPn><sln:miejscIIPWersja>2017-07-25T14:51:31+02:00</sln:miejscIIPWersja><sln:miejscIdTeryt>0057520</sln:miejscIdTeryt><sln:miejscNazwa>WITKOWICE</sln:miejscNazwa><sln:miejscRodzaj>Wieś</sln:miejscRodzaj><sln:powIIPId>1cf65b44-f4d5-4a14-961f-8363a199b2d6</sln:powIIPId><sln:powIIPPn>PL.PZGIK.200</sln:powIIPPn><sln:powIIPWersja>2012-09-27T07:52:00+02:00</sln:powIIPWersja><sln:powIdTeryt>1213</sln:powIdTeryt><sln:powNazwa>oświęcimski</sln:powNazwa><sln:wojIIPId>dd2e3c64-f861-47cf-a3a3-e7751f272b2f</sln:wojIIPId><sln:wojIIPPn>PL.PZGIK.200</sln:wojIIPPn><sln:wojIIPWersja>2017-10-10T00:00:00+02:00</sln:wojIIPWersja><sln:wojIdTeryt>12</sln:wojIdTeryt><sln:wojNazwa>małopolskie</sln:wojNazwa></sln:miejscowosc><sln:miejscowosc><sln:cyklZyciaDo>2017-08-02T00:00:00+02:00</sln:cyklZyciaDo><sln:cyklZyciaOd>2017-07-25T00:00:00+02:00</sln:cyklZyciaOd><sln:gmIIPId>b1c2b63a-ce45-4505-97a5-9870975256dd</sln:gmIIPId><sln:gmIIPPn>PL.PZGIK.200</sln:gmIIPPn><sln:gmIIPWersja>2012-09-26T22:11:49+02:00</sln:gmIIPWersja><sln:gmIdTeryt>1213043</sln:gmIdTeryt><sln:gmNazwa>Kęty</sln:gmNazwa><sln:miejscIIPId>8090869a-f0a3-4ede-bec0-6f0f1d7a53a1</sln:miejscIIPId><sln:miejscIIPPn>PL.PZGIK.200</sln:miejscIIPPn><sln:miejscIIPWersja>2017-07-25T14:51:31+02:00</sln:miejscIIPWersja><sln:miejscIdTeryt>0057224</sln:miejscIdTeryt><sln:miejscNazwa>KAŃCZUGA</sln:miejscNazwa><sln:miejscRodzaj>Osada</sln:miejscRodzaj><sln:powIIPId>1cf65b44-f4d5-4a14-961f-8363a199b2d6</sln:powIIPId><sln:powIIPPn>PL.PZGIK.200</sln:powIIPPn><sln:powIIPWersja>2012-09-27T07:52:00+02:00</sln:powIIPWersja><sln:powIdTeryt>1213</sln:powIdTeryt><sln:powNazwa>oświęcimski</sln:powNazwa><sln:wojIIPId>dd2e3c64-f861-47cf-a3a3-e7751f272b2f</sln:wojIIPId><sln:wojIIPPn>PL.PZGIK.200</sln:wojIIPPn><sln:wojIIPWersja>2017-10-10T00:00:00+02:00</sln:wojIIPWersja><sln:wojIdTeryt>12</sln:wojIdTeryt><sln:wojNazwa>małopolskie</sln:wojNazwa></sln:miejscowosc><sln:miejscowosc><sln:cyklZyciaDo>2017-08-02T00:00:00+02:00</sln:cyklZyciaDo><sln:cyklZyciaOd>2017-07-25T00:00:00+02:00</sln:cyklZyciaOd><sln:gmIIPId>b1c2b63a-ce45-4505-97a5-9870975256dd</sln:gmIIPId><sln:gmIIPPn>PL.PZGIK.200</sln:gmIIPPn><sln:gmIIPWersja>2012-09-26T22:11:49+02:00</sln:gmIIPWersja><sln:gmIdTeryt>1213043</sln:gmIdTeryt><sln:gmNazwa>Kęty</sln:gmNazwa><sln:miejscIIPId>19535743-4ff6-4e10-86da-9444654fe6e5</sln:miejscIIPId><sln:miejscIIPPn>PL.PZGIK.200</sln:miejscIIPPn><sln:miejscIIPWersja>2017-07-25T14:51:31+02:00</sln:miejscIIPWersja><sln:miejscIdTeryt>0057402</sln:miejscIdTeryt><sln:miejscNazwa>MALEC</sln:miejscNazwa><sln:miejscRodzaj>Wieś</sln:miejscRodzaj><sln:powIIPId>1cf65b44-f4d5-4a14-961f-8363a199b2d6</sln:powIIPId><sln:powIIPPn>PL.PZGIK.200</sln:powIIPPn><sln:powIIPWersja>2012-09-27T07:52:00+02:00</sln:powIIPWersja><sln:powIdTeryt>1213</sln:powIdTeryt><sln:powNazwa>oświęcimski</sln:powNazwa><sln:wojIIPId>dd2e3c64-f861-47cf-a3a3-e7751f272b2f</sln:wojIIPId><sln:wojIIPPn>PL.PZGIK.200</sln:wojIIPPn><sln:wojIIPWersja>2017-10-10T00:00:00+02:00</sln:wojIIPWersja><sln:wojIdTeryt>12</sln:wojIdTeryt><sln:wojNazwa>małopolskie</sln:wojNazwa></sln:miejscowosc><sln:miejscowosc><sln:cyklZyciaDo>2017-08-02T00:00:00+02:00</sln:cyklZyciaDo><sln:cyklZyciaOd>2017-07-25T00:00:00+02:00</sln:cyklZyciaOd><sln:gmIIPId>b1c2b63a-ce45-4505-97a5-9870975256dd</sln:gmIIPId><sln:gmIIPPn>PL.PZGIK.200</sln:gmIIPPn><sln:gmIIPWersja>2012-09-26T22:11:49+02:00</sln:gmIIPWersja><sln:gmIdTeryt>1213043</sln:gmIdTeryt><sln:gmNazwa>Kęty</sln:gmNazwa><sln:miejscIIPId>96ee50a9-4506-451e-9a14-410b616e81dc</sln:miejscIIPId><sln:miejscIIPPn>PL.PZGIK.200</sln:miejscIIPPn><sln:miejscIIPWersja>2017-07-25T14:51:31+02:00</sln:miejscIIPWersja><sln:miejscIdTeryt>0057572</sln:miejscIdTeryt><sln:miejscNazwa>KUSKOWIZNA</sln:miejscNazwa><sln:miejscRodzaj>Osada</sln:miejscRodzaj><sln:powIIPId>1cf65b44-f4d5-4a14-961f-8363a199b2d6</sln:powIIPId><sln:powIIPPn>PL.PZGIK.200</sln:powIIPPn><sln:powIIPWersja>2012-09-27T07:52:00+02:00</sln:powIIPWersja><sln:powIdTeryt>1213</sln:powIdTeryt><sln:powNazwa>oświęcimski</sln:powNazwa><sln:wojIIPId>dd2e3c64-f861-47cf-a3a3-e7751f272b2f</sln:wojIIPId><sln:wojIIPPn>PL.PZGIK.200</sln:wojIIPPn><sln:wojIIPWersja>2017-10-10T00:00:00+02:00</sln:wojIIPWersja><sln:wojIdTeryt>12</sln:wojIdTeryt><sln:wojNazwa>małopolskie</sln:wojNazwa></sln:miejscowosc><sln:miejscowosc><sln:cyklZyciaDo>2017-08-02T00:00:00+02:00</sln:cyklZyciaDo><sln:cyklZyciaOd>2017-07-25T00:00:00+02:00</sln:cyklZyciaOd><sln:gmIIPId>b1c2b63a-ce45-4505-97a5-9870975256dd</sln:gmIIPId><sln:gmIIPPn>PL.PZGIK.200</sln:gmIIPPn><sln:gmIIPWersja>2012-09-26T22:11:49+02:00</sln:gmIIPWersja><sln:gmIdTeryt>1213043</sln:gmIdTeryt><sln:gmNazwa>Kęty</sln:gmNazwa><sln:miejscIIPId>ae44c9fa-d76f-4721-8b52-84998cfeebcf</sln:miejscIIPId><sln:miejscIIPPn>PL.PZGIK.200</sln:miejscIIPPn><sln:miejscIIPWersja>2017-07-25T14:51:31+02:00</sln:miejscIIPWersja><sln:miejscIdTeryt>0057394</sln:miejscIdTeryt><sln:miejscNazwa>ŁĘKI</sln:miejscNazwa><sln:miejscRodzaj>Wieś</sln:miejscRodzaj><sln:powIIPId>1cf65b44-f4d5-4a14-961f-8363a199b2d6</sln:powIIPId><sln:powIIPPn>PL.PZGIK.200</sln:powIIPPn><sln:powIIPWersja>2012-09-27T07:52:00+02:00</sln:powIIPWersja><sln:powIdTeryt>1213</sln:powIdTeryt><sln:powNazwa>oświęcimski</sln:powNazwa><sln:wojIIPId>dd2e3c64-f861-47cf-a3a3-e7751f272b2f</sln:wojIIPId><sln:wojIIPPn>PL.PZGIK.200</sln:wojIIPPn><sln:wojIIPWersja>2017-10-10T00:00:00+02:00</sln:wojIIPWersja><sln:wojIdTeryt>12</sln:wojIdTeryt><sln:wojNazwa>małopolskie</sln:wojNazwa></sln:miejscowosc><sln:miejscowosc><sln:cyklZyciaDo>2017-08-02T00:00:00+02:00</sln:cyklZyciaDo><sln:cyklZyciaOd>2017-07-25T00:00:00+02:00</sln:cyklZyciaOd><sln:gmIIPId>b1c2b63a-ce45-4505-97a5-9870975256dd</sln:gmIIPId><sln:gmIIPPn>PL.PZGIK.200</sln:gmIIPPn><sln:gmIIPWersja>2012-09-26T22:11:49+02:00</sln:gmIIPWersja><sln:gmIdTeryt>1213043</sln:gmIdTeryt><sln:gmNazwa>Kęty</sln:gmNazwa><sln:miejscIIPId>e4f232ba-cd6d-47d3-acb2-75f2461f33b9</sln:miejscIIPId><sln:miejscIIPPn>PL.PZGIK.200</sln:miejscIIPPn><sln:miejscIIPWersja>2017-07-25T14:51:31+02:00</sln:miejscIIPWersja><sln:miejscIdTeryt>0057477</sln:miejscIdTeryt><sln:miejscNazwa>NOWA WIEŚ</sln:miejscNazwa><sln:miejscRodzaj>Wieś</sln:miejscRodzaj><sln:powIIPId>1cf65b44-f4d5-4a14-961f-8363a199b2d6</sln:powIIPId><sln:powIIPPn>PL.PZGIK.200</sln:powIIPPn><sln:powIIPWersja>2012-09-27T07:52:00+02:00</sln:powIIPWersja><sln:powIdTeryt>1213</sln:powIdTeryt><sln:powNazwa>oświęcimski</sln:powNazwa><sln:wojIIPId>dd2e3c64-f861-47cf-a3a3-e7751f272b2f</sln:wojIIPId><sln:wojIIPPn>PL.PZGIK.200</sln:wojIIPPn><sln:wojIIPWersja>2017-10-10T00:00:00+02:00</sln:wojIIPWersja><sln:wojIdTeryt>12</sln:wojIdTeryt><sln:wojNazwa>małopolskie</sln:wojNazwa></sln:miejscowosc><sln:miejscowosc><sln:cyklZyciaDo>2017-08-02T00:00:00+02:00</sln:cyklZyciaDo><sln:cyklZyciaOd>2017-07-25T00:00:00+02:00</sln:cyklZyciaOd><sln:gmIIPId>b1c2b63a-ce45-4505-97a5-9870975256dd</sln:gmIIPId><sln:gmIIPPn>PL.PZGIK.200</sln:gmIIPPn><sln:gmIIPWersja>2012-09-26T22:11:49+02:00</sln:gmIIPWersja><sln:gmIdTeryt>1213043</sln:gmIdTeryt><sln:gmNazwa>Kęty</sln:gmNazwa><sln:miejscIIPId>8b7a2c7b-04cd-4b30-b708-db92df369022</sln:miejscIIPId><sln:miejscIIPPn>PL.PZGIK.200</sln:miejscIIPPn><sln:miejscIIPWersja>2017-07-25T14:51:31+02:00</sln:miejscIIPWersja><sln:miejscIdTeryt>0057603</sln:miejscIdTeryt><sln:miejscNazwa>SYBIR</sln:miejscNazwa><sln:miejscRodzaj>Osada</sln:miejscRodzaj><sln:powIIPId>1cf65b44-f4d5-4a14-961f-8363a199b2d6</sln:powIIPId><sln:powIIPPn>PL.PZGIK.200</sln:powIIPPn><sln:powIIPWersja>2012-09-27T07:52:00+02:00</sln:powIIPWersja><sln:powIdTeryt>1213</sln:powIdTeryt><sln:powNazwa>oświęcimski</sln:powNazwa><sln:wojIIPId>dd2e3c64-f861-47cf-a3a3-e7751f272b2f</sln:wojIIPId><sln:wojIIPPn>PL.PZGIK.200</sln:wojIIPPn><sln:wojIIPWersja>2017-10-10T00:00:00+02:00</sln:wojIIPWersja><sln:wojIdTeryt>12</sln:wojIdTeryt><sln:wojNazwa>małopolskie</sln:wojNazwa></sln:miejscowosc><sln:miejscowosc><sln:cyklZyciaDo>2017-08-02T00:00:00+02:00</sln:cyklZyciaDo><sln:cyklZyciaOd>2017-07-25T00:00:00+02:00</sln:cyklZyciaOd><sln:gmIIPId>b1c2b63a-ce45-4505-97a5-9870975256dd</sln:gmIIPId><sln:gmIIPPn>PL.PZGIK.200</sln:gmIIPPn><sln:gmIIPWersja>2012-09-26T22:11:49+02:00</sln:gmIIPWersja><sln:gmIdTeryt>1213043</sln:gmIdTeryt><sln:gmNazwa>Kęty</sln:gmNazwa><sln:miejscIIPId>0e3c707a-75c7-4791-b82f-de16d07224f5</sln:miejscIIPId><sln:miejscIIPPn>PL.PZGIK.200</sln:miejscIIPPn><sln:miejscIIPWersja>2017-07-25T14:51:31+02:00</sln:miejscIIPWersja><sln:miejscIdTeryt>0057336</sln:miejscIdTeryt><sln:miejscNazwa>BUK</sln:miejscNazwa><sln:miejscRodzaj>Osada</sln:miejscRodzaj><sln:powIIPId>1cf65b44-f4d5-4a14-961f-8363a199b2d6</sln:powIIPId><sln:powIIPPn>PL.PZGIK.200</sln:powIIPPn><sln:powIIPWersja>2012-09-27T07:52:00+02:00</sln:powIIPWersja><sln:powIdTeryt>1213</sln:powIdTeryt><sln:powNazwa>oświęcimski</sln:powNazwa><sln:wojIIPId>dd2e3c64-f861-47cf-a3a3-e7751f272b2f</sln:wojIIPId><sln:wojIIPPn>PL.PZGIK.200</sln:wojIIPPn><sln:wojIIPWersja>2017-10-10T00:00:00+02:00</sln:wojIIPWersja><sln:wojIdTeryt>12</sln:wojIdTeryt><sln:wojNazwa>małopolskie</sln:wojNazwa></sln:miejscowosc><sln:miejscowosc><sln:cyklZyciaDo>2017-08-02T00:00:00+02:00</sln:cyklZyciaDo><sln:cyklZyciaOd>2017-07-25T00:00:00+02:00</sln:cyklZyciaOd><sln:gmIIPId>b1c2b63a-ce45-4505-97a5-9870975256dd</sln:gmIIPId><sln:gmIIPPn>PL.PZGIK.200</sln:gmIIPPn><sln:gmIIPWersja>2012-09-26T22:11:49+02:00</sln:gmIIPWersja><sln:gmIdTeryt>1213043</sln:gmIdTeryt><sln:gmNazwa>Kęty</sln:gmNazwa><sln:miejscIIPId>85a486a8-e61b-4ca7-9d6f-3f21addd2941</sln:miejscIIPId><sln:miejscIIPPn>PL.PZGIK.200</sln:miejscIIPPn><sln:miejscIIPWersja>2017-07-25T14:51:31+02:00</sln:miejscIIPWersja><sln:miejscIdTeryt>0057508</sln:miejscIdTeryt><sln:miejscNazwa>OWCZARNIA</sln:miejscNazwa><sln:miejscRodzaj>Osada</sln:miejscRodzaj><sln:powIIPId>1cf65b44-f4d5-4a14-961f-8363a199b2d6</sln:powIIPId><sln:powIIPPn>PL.PZGIK.200</sln:powIIPPn><sln:powIIPWersja>2012-09-27T07:52:00+02:00</sln:powIIPWersja><sln:powIdTeryt>1213</sln:powIdTeryt><sln:powNazwa>oświęcimski</sln:powNazwa><sln:wojIIPId>dd2e3c64-f861-47cf-a3a3-e7751f272b2f</sln:wojIIPId><sln:wojIIPPn>PL.PZGIK.200</sln:wojIIPPn><sln:wojIIPWersja>2017-10-10T00:00:00+02:00</sln:wojIIPWersja><sln:wojIdTeryt>12</sln:wojIdTeryt><sln:wojNazwa>małopolskie</sln:wojNazwa></sln:miejscowosc><sln:miejscowosc><sln:cyklZyciaDo>2017-08-02T00:00:00+02:00</sln:cyklZyciaDo><sln:cyklZyciaOd>2017-07-25T00:00:00+02:00</sln:cyklZyciaOd><sln:gmIIPId>b1c2b63a-ce45-4505-97a5-9870975256dd</sln:gmIIPId><sln:gmIIPPn>PL.PZGIK.200</sln:gmIIPPn><sln:gmIIPWersja>2012-09-26T22:11:49+02:00</sln:gmIIPWersja><sln:gmIdTeryt>1213043</sln:gmIdTeryt><sln:gmNazwa>Kęty</sln:gmNazwa><sln:miejscIIPId>9630cc5c-a714-4482-abc8-0f4a3b241bd8</sln:miejscIIPId><sln:miejscIIPPn>PL.PZGIK.200</sln:miejscIIPPn><sln:miejscIIPWersja>2017-07-25T14:51:31+02:00</sln:miejscIIPWersja><sln:miejscIdTeryt>0057247</sln:miejscIdTeryt><sln:miejscNazwa>BULOWICE</sln:miejscNazwa><sln:miejscRodzaj>Wieś</sln:miejscRodzaj><sln:powIIPId>1cf65b44-f4d5-4a14-961f-8363a199b2d6</sln:powIIPId><sln:powIIPPn>PL.PZGIK.200</sln:powIIPPn><sln:powIIPWersja>2012-09-27T07:52:00+02:00</sln:powIIPWersja><sln:powIdTeryt>1213</sln:powIdTeryt><sln:powNazwa>oświęcimski</sln:powNazwa><sln:wojIIPId>dd2e3c64-f861-47cf-a3a3-e7751f272b2f</sln:wojIIPId><sln:wojIIPPn>PL.PZGIK.200</sln:wojIIPPn><sln:wojIIPWersja>2017-10-10T00:00:00+02:00</sln:wojIIPWersja><sln:wojIdTeryt>12</sln:wojIdTeryt><sln:wojNazwa>małopolskie</sln:wojNazwa></sln:miejscowosc><sln:miejscowosc><sln:cyklZyciaDo>2017-08-02T00:00:00+02:00</sln:cyklZyciaDo><sln:cyklZyciaOd>2017-07-25T00:00:00+02:00</sln:cyklZyciaOd><sln:gmIIPId>b1c2b63a-ce45-4505-97a5-9870975256dd</sln:gmIIPId><sln:gmIIPPn>PL.PZGIK.200</sln:gmIIPPn><sln:gmIIPWersja>2012-09-26T22:11:49+02:00</sln:gmIIPWersja><sln:gmIdTeryt>1213043</sln:gmIdTeryt><sln:gmNazwa>Kęty</sln:gmNazwa><sln:miejscIIPId>365107b1-d131-403d-9558-728385ba57e9</sln:miejscIIPId><sln:miejscIIPPn>PL.PZGIK.200</sln:miejscIIPPn><sln:miejscIIPWersja>2017-07-25T14:51:31+02:00</sln:miejscIIPWersja><sln:miejscIdTeryt>0924365</sln:miejscIdTeryt><sln:miejscNazwa>KĘTY</sln:miejscNazwa><sln:miejscRodzaj>Miasto</sln:miejscRodzaj><sln:powIIPId>1cf65b44-f4d5-4a14-961f-8363a199b2d6</sln:powIIPId><sln:powIIPPn>PL.PZGIK.200</sln:powIIPPn><sln:powIIPWersja>2012-09-27T07:52:00+02:00</sln:powIIPWersja><sln:powIdTeryt>1213</sln:powIdTeryt><sln:powNazwa>oświęcimski</sln:powNazwa><sln:wojIIPId>dd2e3c64-f861-47cf-a3a3-e7751f272b2f</sln:wojIIPId><sln:wojIIPPn>PL.PZGIK.200</sln:wojIIPPn><sln:wojIIPWersja>2017-10-10T00:00:00+02:00</sln:wojIIPWersja><sln:wojIdTeryt>12</sln:wojIdTeryt><sln:wojNazwa>małopolskie</sln:wojNazwa></sln:miejscowosc><sln:miejscowosc><sln:cyklZyciaDo>2017-08-02T00:00:00+02:00</sln:cyklZyciaDo><sln:cyklZyciaOd>2017-07-25T00:00:00+02:00</sln:cyklZyciaOd><sln:gmIIPId>b1c2b63a-ce45-4505-97a5-9870975256dd</sln:gmIIPId><sln:gmIIPPn>PL.PZGIK.200</sln:gmIIPPn><sln:gmIIPWersja>2012-09-26T22:11:49+02:00</sln:gmIIPWersja><sln:gmIdTeryt>1213043</sln:gmIdTeryt><sln:gmNazwa>Kęty</sln:gmNazwa><sln:miejscIIPId>2ef17ff8-58f8-4ded-bc32-25a4dcfb6d40</sln:miejscIIPId><sln:miejscIIPPn>PL.PZGIK.200</sln:miejscIIPPn><sln:miejscIIPWersja>2017-07-25T14:51:31+02:00</sln:miejscIIPWersja><sln:miejscIdTeryt>0057589</sln:miejscIdTeryt><sln:miejscNazwa>LATONKA</sln:miejscNazwa><sln:miejscRodzaj>Osada</sln:miejscRodzaj><sln:powIIPId>1cf65b44-f4d5-4a14-961f-8363a199b2d6</sln:powIIPId><sln:powIIPPn>PL.PZGIK.200</sln:powIIPPn><sln:powIIPWersja>2012-09-27T07:52:00+02:00</sln:powIIPWersja><sln:powIdTeryt>1213</sln:powIdTeryt><sln:powNazwa>oświęcimski</sln:powNazwa><sln:wojIIPId>dd2e3c64-f861-47cf-a3a3-e7751f272b2f</sln:wojIIPId><sln:wojIIPPn>PL.PZGIK.200</sln:wojIIPPn><sln:wojIIPWersja>2017-10-10T00:00:00+02:00</sln:wojIIPWersja><sln:wojIdTeryt>12</sln:wojIdTeryt><sln:wojNazwa>małopolskie</sln:wojNazwa></sln:miejscowosc><sln:miejscowosc><sln:cyklZyciaDo>2017-08-16T00:00:00+02:00</sln:cyklZyciaDo><sln:cyklZyciaOd>2017-08-02T00:00:00+02:00</sln:cyklZyciaOd><sln:gmIIPId>b1c2b63a-ce45-4505-97a5-9870975256dd</sln:gmIIPId><sln:gmIIPPn>PL.PZGIK.200</sln:gmIIPPn><sln:gmIIPWersja>2012-09-26T22:11:49+02:00</sln:gmIIPWersja><sln:gmIdTeryt>1213043</sln:gmIdTeryt><sln:gmNazwa>Kęty</sln:gmNazwa><sln:miejscIIPId>cbbe00f5-d572-4d04-9287-97aada49100b</sln:miejscIIPId><sln:miejscIIPPn>PL.PZGIK.200</sln:miejscIIPPn><sln:miejscIIPWersja>2017-08-02T14:38:10+02:00</sln:miejscIIPWersja><sln:miejscIdTeryt>0057135</sln:miejscIdTeryt><sln:miejscNazwa>BIELANY</sln:miejscNazwa><sln:miejscRodzaj>Wieś</sln:miejscRodzaj><sln:powIIPId>1cf65b44-f4d5-4a14-961f-8363a199b2d6</sln:powIIPId><sln:powIIPPn>PL.PZGIK.200</sln:powIIPPn><sln:powIIPWersja>2012-09-27T07:52:00+02:00</sln:powIIPWersja><sln:powIdTeryt>1213</sln:powIdTeryt><sln:powNazwa>oświęcimski</sln:powNazwa><sln:wojIIPId>dd2e3c64-f861-47cf-a3a3-e7751f272b2f</sln:wojIIPId><sln:wojIIPPn>PL.PZGIK.200</sln:wojIIPPn><sln:wojIIPWersja>2017-10-10T00:00:00+02:00</sln:wojIIPWersja><sln:wojIdTeryt>12</sln:wojIdTeryt><sln:wojNazwa>małopolskie</sln:wojNazwa></sln:miejscowosc><sln:miejscowosc><sln:cyklZyciaDo>2017-08-16T00:00:00+02:00</sln:cyklZyciaDo><sln:cyklZyciaOd>2017-08-02T00:00:00+02:00</sln:cyklZyciaOd><sln:gmIIPId>b1c2b63a-ce45-4505-97a5-9870975256dd</sln:gmIIPId><sln:gmIIPPn>PL.PZGIK.200</sln:gmIIPPn><sln:gmIIPWersja>2012-09-26T22:11:49+02:00</sln:gmIIPWersja><sln:gmIdTeryt>1213043</sln:gmIdTeryt><sln:gmNazwa>Kęty</sln:gmNazwa><sln:miejscIIPId>52aba9cc-7906-4eaa-9fca-66d39ea4d983</sln:miejscIIPId><sln:miejscIIPPn>PL.PZGIK.200</sln:miejscIIPPn><sln:miejscIIPWersja>2017-08-02T14:38:15+02:00</sln:miejscIIPWersja><sln:miejscIdTeryt>0057490</sln:miejscIdTeryt><sln:miejscNazwa>GRANICA</sln:miejscNazwa><sln:miejscRodzaj>Osada</sln:miejscRodzaj><sln:powIIPId>1cf65b44-f4d5-4a14-961f-8363a199b2d6</sln:powIIPId><sln:powIIPPn>PL.PZGIK.200</sln:powIIPPn><sln:powIIPWersja>2012-09-27T07:52:00+02:00</sln:powIIPWersja><sln:powIdTeryt>1213</sln:powIdTeryt><sln:powNazwa>oświęcimski</sln:powNazwa><sln:wojIIPId>dd2e3c64-f861-47cf-a3a3-e7751f272b2f</sln:wojIIPId><sln:wojIIPPn>PL.PZGIK.200</sln:wojIIPPn><sln:wojIIPWersja>2017-10-10T00:00:00+02:00</sln:wojIIPWersja><sln:wojIdTeryt>12</sln:wojIdTeryt><sln:wojNazwa>małopolskie</sln:wojNazwa></sln:miejscowosc><sln:miejscowosc><sln:cyklZyciaDo>2017-08-16T00:00:00+02:00</sln:cyklZyciaDo><sln:cyklZyciaOd>2017-08-02T00:00:00+02:00</sln:cyklZyciaOd><sln:gmIIPId>b1c2b63a-ce45-4505-97a5-9870975256dd</sln:gmIIPId><sln:gmIIPPn>PL.PZGIK.200</sln:gmIIPPn><sln:gmIIPWersja>2012-09-26T22:11:49+02:00</sln:gmIIPWersja><sln:gmIdTeryt>1213043</sln:gmIdTeryt><sln:gmNazwa>Kęty</sln:gmNazwa><sln:miejscIIPId>3a0a1404-04d8-46c2-965f-ebdcaaa3dca7</sln:miejscIIPId><sln:miejscIIPPn>PL.PZGIK.200</sln:miejscIIPPn><sln:miejscIIPWersja>2017-08-02T14:38:15+02:00</sln:miejscIIPWersja><sln:miejscIdTeryt>0057550</sln:miejscIdTeryt><sln:miejscNazwa>BABUDA</sln:miejscNazwa><sln:miejscRodzaj>Osada</sln:miejscRodzaj><sln:powIIPId>1cf65b44-f4d5-4a14-961f-8363a199b2d6</sln:powIIPId><sln:powIIPPn>PL.PZGIK.200</sln:powIIPPn><sln:powIIPWersja>2012-09-27T07:52:00+02:00</sln:powIIPWersja><sln:powIdTeryt>1213</sln:powIdTeryt><sln:powNazwa>oświęcimski</sln:powNazwa><sln:wojIIPId>dd2e3c64-f861-47cf-a3a3-e7751f272b2f</sln:wojIIPId><sln:wojIIPPn>PL.PZGIK.200</sln:wojIIPPn><sln:wojIIPWersja>2017-10-10T00:00:00+02:00</sln:wojIIPWersja><sln:wojIdTeryt>12</sln:wojIdTeryt><sln:wojNazwa>małopolskie</sln:wojNazwa></sln:miejscowosc><sln:miejscowosc><sln:cyklZyciaDo>2017-08-16T00:00:00+02:00</sln:cyklZyciaDo><sln:cyklZyciaOd>2017-08-02T00:00:00+02:00</sln:cyklZyciaOd><sln:gmIIPId>b1c2b63a-ce45-4505-97a5-9870975256dd</sln:gmIIPId><sln:gmIIPPn>PL.PZGIK.200</sln:gmIIPPn><sln:gmIIPWersja>2012-09-26T22:11:49+02:00</sln:gmIIPWersja><sln:gmIdTeryt>1213043</sln:gmIdTeryt><sln:gmNazwa>Kęty</sln:gmNazwa><sln:miejscIIPId>42929043-42ac-4dd2-98ea-8b55eb923ff5</sln:miejscIIPId><sln:miejscIIPPn>PL.PZGIK.200</sln:miejscIIPPn><sln:miejscIIPWersja>2017-08-02T14:38:15+02:00</sln:miejscIIPWersja><sln:miejscIdTeryt>0057520</sln:miejscIdTeryt><sln:miejscNazwa>WITKOWICE</sln:miejscNazwa><sln:miejscRodzaj>Wieś</sln:miejscRodzaj><sln:powIIPId>1cf65b44-f4d5-4a14-961f-8363a199b2d6</sln:powIIPId><sln:powIIPPn>PL.PZGIK.200</sln:powIIPPn><sln:powIIPWersja>2012-09-27T07:52:00+02:00</sln:powIIPWersja><sln:powIdTeryt>1213</sln:powIdTeryt><sln:powNazwa>oświęcimski</sln:powNazwa><sln:wojIIPId>dd2e3c64-f861-47cf-a3a3-e7751f272b2f</sln:wojIIPId><sln:wojIIPPn>PL.PZGIK.200</sln:wojIIPPn><sln:wojIIPWersja>2017-10-10T00:00:00+02:00</sln:wojIIPWersja><sln:wojIdTeryt>12</sln:wojIdTeryt><sln:wojNazwa>małopolskie</sln:wojNazwa></sln:miejscowosc><sln:miejscowosc><sln:cyklZyciaDo>2017-08-16T00:00:00+02:00</sln:cyklZyciaDo><sln:cyklZyciaOd>2017-08-02T00:00:00+02:00</sln:cyklZyciaOd><sln:gmIIPId>b1c2b63a-ce45-4505-97a5-9870975256dd</sln:gmIIPId><sln:gmIIPPn>PL.PZGIK.200</sln:gmIIPPn><sln:gmIIPWersja>2012-09-26T22:11:49+02:00</sln:gmIIPWersja><sln:gmIdTeryt>1213043</sln:gmIdTeryt><sln:gmNazwa>Kęty</sln:gmNazwa><sln:miejscIIPId>8090869a-f0a3-4ede-bec0-6f0f1d7a53a1</sln:miejscIIPId><sln:miejscIIPPn>PL.PZGIK.200</sln:miejscIIPPn><sln:miejscIIPWersja>2017-08-02T14:38:15+02:00</sln:miejscIIPWersja><sln:miejscIdTeryt>0057224</sln:miejscIdTeryt><sln:miejscNazwa>KAŃCZUGA</sln:miejscNazwa><sln:miejscRodzaj>Wieś</sln:miejscRodzaj><sln:powIIPId>1cf65b44-f4d5-4a14-961f-8363a199b2d6</sln:powIIPId><sln:powIIPPn>PL.PZGIK.200</sln:powIIPPn><sln:powIIPWersja>2012-09-27T07:52:00+02:00</sln:powIIPWersja><sln:powIdTeryt>1213</sln:powIdTeryt><sln:powNazwa>oświęcimski</sln:powNazwa><sln:wojIIPId>dd2e3c64-f861-47cf-a3a3-e7751f272b2f</sln:wojIIPId><sln:wojIIPPn>PL.PZGIK.200</sln:wojIIPPn><sln:wojIIPWersja>2017-10-10T00:00:00+02:00</sln:wojIIPWersja><sln:wojIdTeryt>12</sln:wojIdTeryt><sln:wojNazwa>małopolskie</sln:wojNazwa></sln:miejscowosc><sln:miejscowosc><sln:cyklZyciaDo>2017-08-16T00:00:00+02:00</sln:cyklZyciaDo><sln:cyklZyciaOd>2017-08-02T00:00:00+02:00</sln:cyklZyciaOd><sln:gmIIPId>b1c2b63a-ce45-4505-97a5-9870975256dd</sln:gmIIPId><sln:gmIIPPn>PL.PZGIK.200</sln:gmIIPPn><sln:gmIIPWersja>2012-09-26T22:11:49+02:00</sln:gmIIPWersja><sln:gmIdTeryt>1213043</sln:gmIdTeryt><sln:gmNazwa>Kęty</sln:gmNazwa><sln:miejscIIPId>19535743-4ff6-4e10-86da-9444654fe6e5</sln:miejscIIPId><sln:miejscIIPPn>PL.PZGIK.200</sln:miejscIIPPn><sln:miejscIIPWersja>2017-08-02T14:38:15+02:00</sln:miejscIIPWersja><sln:miejscIdTeryt>0057402</sln:miejscIdTeryt><sln:miejscNazwa>MALEC</sln:miejscNazwa><sln:miejscRodzaj>Wieś</sln:miejscRodzaj><sln:powIIPId>1cf65b44-f4d5-4a14-961f-8363a199b2d6</sln:powIIPId><sln:powIIPPn>PL.PZGIK.200</sln:powIIPPn><sln:powIIPWersja>2012-09-27T07:52:00+02:00</sln:powIIPWersja><sln:powIdTeryt>1213</sln:powIdTeryt><sln:powNazwa>oświęcimski</sln:powNazwa><sln:wojIIPId>dd2e3c64-f861-47cf-a3a3-e7751f272b2f</sln:wojIIPId><sln:wojIIPPn>PL.PZGIK.200</sln:wojIIPPn><sln:wojIIPWersja>2017-10-10T00:00:00+02:00</sln:wojIIPWersja><sln:wojIdTeryt>12</sln:wojIdTeryt><sln:wojNazwa>małopolskie</sln:wojNazwa></sln:miejscowosc><sln:miejscowosc><sln:cyklZyciaDo>2017-08-16T00:00:00+02:00</sln:cyklZyciaDo><sln:cyklZyciaOd>2017-08-02T00:00:00+02:00</sln:cyklZyciaOd><sln:gmIIPId>b1c2b63a-ce45-4505-97a5-9870975256dd</sln:gmIIPId><sln:gmIIPPn>PL.PZGIK.200</sln:gmIIPPn><sln:gmIIPWersja>2012-09-26T22:11:49+02:00</sln:gmIIPWersja><sln:gmIdTeryt>1213043</sln:gmIdTeryt><sln:gmNazwa>Kęty</sln:gmNazwa><sln:miejscIIPId>96ee50a9-4506-451e-9a14-410b616e81dc</sln:miejscIIPId><sln:miejscIIPPn>PL.PZGIK.200</sln:miejscIIPPn><sln:miejscIIPWersja>2017-08-02T14:38:15+02:00</sln:miejscIIPWersja><sln:miejscIdTeryt>0057572</sln:miejscIdTeryt><sln:miejscNazwa>KUSKOWIZNA</sln:miejscNazwa><sln:miejscRodzaj>Osada</sln:miejscRodzaj><sln:powIIPId>1cf65b44-f4d5-4a14-961f-8363a199b2d6</sln:powIIPId><sln:powIIPPn>PL.PZGIK.200</sln:powIIPPn><sln:powIIPWersja>2012-09-27T07:52:00+02:00</sln:powIIPWersja><sln:powIdTeryt>1213</sln:powIdTeryt><sln:powNazwa>oświęcimski</sln:powNazwa><sln:wojIIPId>dd2e3c64-f861-47cf-a3a3-e7751f272b2f</sln:wojIIPId><sln:wojIIPPn>PL.PZGIK.200</sln:wojIIPPn><sln:wojIIPWersja>2017-10-10T00:00:00+02:00</sln:wojIIPWersja><sln:wojIdTeryt>12</sln:wojIdTeryt><sln:wojNazwa>małopolskie</sln:wojNazwa></sln:miejscowosc><sln:miejscowosc><sln:cyklZyciaDo>2017-08-16T00:00:00+02:00</sln:cyklZyciaDo><sln:cyklZyciaOd>2017-08-02T00:00:00+02:00</sln:cyklZyciaOd><sln:gmIIPId>b1c2b63a-ce45-4505-97a5-9870975256dd</sln:gmIIPId><sln:gmIIPPn>PL.PZGIK.200</sln:gmIIPPn><sln:gmIIPWersja>2012-09-26T22:11:49+02:00</sln:gmIIPWersja><sln:gmIdTeryt>1213043</sln:gmIdTeryt><sln:gmNazwa>Kęty</sln:gmNazwa><sln:miejscIIPId>ae44c9fa-d76f-4721-8b52-84998cfeebcf</sln:miejscIIPId><sln:miejscIIPPn>PL.PZGIK.200</sln:miejscIIPPn><sln:miejscIIPWersja>2017-08-02T14:38:15+02:00</sln:miejscIIPWersja><sln:miejscIdTeryt>0057394</sln:miejscIdTeryt><sln:miejscNazwa>ŁĘKI</sln:miejscNazwa><sln:miejscRodzaj>Wieś</sln:miejscRodzaj><sln:powIIPId>1cf65b44-f4d5-4a14-961f-8363a199b2d6</sln:powIIPId><sln:powIIPPn>PL.PZGIK.200</sln:powIIPPn><sln:powIIPWersja>2012-09-27T07:52:00+02:00</sln:powIIPWersja><sln:powIdTeryt>1213</sln:powIdTeryt><sln:powNazwa>oświęcimski</sln:powNazwa><sln:wojIIPId>dd2e3c64-f861-47cf-a3a3-e7751f272b2f</sln:wojIIPId><sln:wojIIPPn>PL.PZGIK.200</sln:wojIIPPn><sln:wojIIPWersja>2017-10-10T00:00:00+02:00</sln:wojIIPWersja><sln:wojIdTeryt>12</sln:wojIdTeryt><sln:wojNazwa>małopolskie</sln:wojNazwa></sln:miejscowosc><sln:miejscowosc><sln:cyklZyciaDo>2017-08-16T00:00:00+02:00</sln:cyklZyciaDo><sln:cyklZyciaOd>2017-08-02T00:00:00+02:00</sln:cyklZyciaOd><sln:gmIIPId>b1c2b63a-ce45-4505-97a5-9870975256dd</sln:gmIIPId><sln:gmIIPPn>PL.PZGIK.200</sln:gmIIPPn><sln:gmIIPWersja>2012-09-26T22:11:49+02:00</sln:gmIIPWersja><sln:gmIdTeryt>1213043</sln:gmIdTeryt><sln:gmNazwa>Kęty</sln:gmNazwa><sln:miejscIIPId>e4f232ba-cd6d-47d3-acb2-75f2461f33b9</sln:miejscIIPId><sln:miejscIIPPn>PL.PZGIK.200</sln:miejscIIPPn><sln:miejscIIPWersja>2017-08-02T14:38:15+02:00</sln:miejscIIPWersja><sln:miejscIdTeryt>0057477</sln:miejscIdTeryt><sln:miejscNazwa>NOWA WIEŚ</sln:miejscNazwa><sln:miejscRodzaj>Wieś</sln:miejscRodzaj><sln:powIIPId>1cf65b44-f4d5-4a14-961f-8363a199b2d6</sln:powIIPId><sln:powIIPPn>PL.PZGIK.200</sln:powIIPPn><sln:powIIPWersja>2012-09-27T07:52:00+02:00</sln:powIIPWersja><sln:powIdTeryt>1213</sln:powIdTeryt><sln:powNazwa>oświęcimski</sln:powNazwa><sln:wojIIPId>dd2e3c64-f861-47cf-a3a3-e7751f272b2f</sln:wojIIPId><sln:wojIIPPn>PL.PZGIK.200</sln:wojIIPPn><sln:wojIIPWersja>2017-10-10T00:00:00+02:00</sln:wojIIPWersja><sln:wojIdTeryt>12</sln:wojIdTeryt><sln:wojNazwa>małopolskie</sln:wojNazwa></sln:miejscowosc><sln:miejscowosc><sln:cyklZyciaDo>2017-08-16T00:00:00+02:00</sln:cyklZyciaDo><sln:cyklZyciaOd>2017-08-02T00:00:00+02:00</sln:cyklZyciaOd><sln:gmIIPId>b1c2b63a-ce45-4505-97a5-9870975256dd</sln:gmIIPId><sln:gmIIPPn>PL.PZGIK.200</sln:gmIIPPn><sln:gmIIPWersja>2012-09-26T22:11:49+02:00</sln:gmIIPWersja><sln:gmIdTeryt>1213043</sln:gmIdTeryt><sln:gmNazwa>Kęty</sln:gmNazwa><sln:miejscIIPId>8b7a2c7b-04cd-4b30-b708-db92df369022</sln:miejscIIPId><sln:miejscIIPPn>PL.PZGIK.200</sln:miejscIIPPn><sln:miejscIIPWersja>2017-08-02T14:38:15+02:00</sln:miejscIIPWersja><sln:miejscIdTeryt>0057603</sln:miejscIdTeryt><sln:miejscNazwa>SYBIR</sln:miejscNazwa><sln:miejscRodzaj>Osada</sln:miejscRodzaj><sln:powIIPId>1cf65b44-f4d5-4a14-961f-8363a199b2d6</sln:powIIPId><sln:powIIPPn>PL.PZGIK.200</sln:powIIPPn><sln:powIIPWersja>2012-09-27T07:52:00+02:00</sln:powIIPWersja><sln:powIdTeryt>1213</sln:powIdTeryt><sln:powNazwa>oświęcimski</sln:powNazwa><sln:wojIIPId>dd2e3c64-f861-47cf-a3a3-e7751f272b2f</sln:wojIIPId><sln:wojIIPPn>PL.PZGIK.200</sln:wojIIPPn><sln:wojIIPWersja>2017-10-10T00:00:00+02:00</sln:wojIIPWersja><sln:wojIdTeryt>12</sln:wojIdTeryt><sln:wojNazwa>małopolskie</sln:wojNazwa></sln:miejscowosc><sln:miejscowosc><sln:cyklZyciaDo>2017-08-16T00:00:00+02:00</sln:cyklZyciaDo><sln:cyklZyciaOd>2017-08-02T00:00:00+02:00</sln:cyklZyciaOd><sln:gmIIPId>b1c2b63a-ce45-4505-97a5-9870975256dd</sln:gmIIPId><sln:gmIIPPn>PL.PZGIK.200</sln:gmIIPPn><sln:gmIIPWersja>2012-09-26T22:11:49+02:00</sln:gmIIPWersja><sln:gmIdTeryt>1213043</sln:gmIdTeryt><sln:gmNazwa>Kęty</sln:gmNazwa><sln:miejscIIPId>0e3c707a-75c7-4791-b82f-de16d07224f5</sln:miejscIIPId><sln:miejscIIPPn>PL.PZGIK.200</sln:miejscIIPPn><sln:miejscIIPWersja>2017-08-02T14:38:16+02:00</sln:miejscIIPWersja><sln:miejscIdTeryt>0057336</sln:miejscIdTeryt><sln:miejscNazwa>BUK</sln:miejscNazwa><sln:miejscRodzaj>Osada</sln:miejscRodzaj><sln:powIIPId>1cf65b44-f4d5-4a14-961f-8363a199b2d6</sln:powIIPId><sln:powIIPPn>PL.PZGIK.200</sln:powIIPPn><sln:powIIPWersja>2012-09-27T07:52:00+02:00</sln:powIIPWersja><sln:powIdTeryt>1213</sln:powIdTeryt><sln:powNazwa>oświęcimski</sln:powNazwa><sln:wojIIPId>dd2e3c64-f861-47cf-a3a3-e7751f272b2f</sln:wojIIPId><sln:wojIIPPn>PL.PZGIK.200</sln:wojIIPPn><sln:wojIIPWersja>2017-10-10T00:00:00+02:00</sln:wojIIPWersja><sln:wojIdTeryt>12</sln:wojIdTeryt><sln:wojNazwa>małopolskie</sln:wojNazwa></sln:miejscowosc><sln:miejscowosc><sln:cyklZyciaDo>2017-08-16T00:00:00+02:00</sln:cyklZyciaDo><sln:cyklZyciaOd>2017-08-02T00:00:00+02:00</sln:cyklZyciaOd><sln:gmIIPId>b1c2b63a-ce45-4505-97a5-9870975256dd</sln:gmIIPId><sln:gmIIPPn>PL.PZGIK.200</sln:gmIIPPn><sln:gmIIPWersja>2012-09-26T22:11:49+02:00</sln:gmIIPWersja><sln:gmIdTeryt>1213043</sln:gmIdTeryt><sln:gmNazwa>Kęty</sln:gmNazwa><sln:miejscIIPId>85a486a8-e61b-4ca7-9d6f-3f21addd2941</sln:miejscIIPId><sln:miejscIIPPn>PL.PZGIK.200</sln:miejscIIPPn><sln:miejscIIPWersja>2017-08-02T14:38:16+02:00</sln:miejscIIPWersja><sln:miejscIdTeryt>0057508</sln:miejscIdTeryt><sln:miejscNazwa>OWCZARNIA</sln:miejscNazwa><sln:miejscRodzaj>Osada</sln:miejscRodzaj><sln:powIIPId>1cf65b44-f4d5-4a14-961f-8363a199b2d6</sln:powIIPId><sln:powIIPPn>PL.PZGIK.200</sln:powIIPPn><sln:powIIPWersja>2012-09-27T07:52:00+02:00</sln:powIIPWersja><sln:powIdTeryt>1213</sln:powIdTeryt><sln:powNazwa>oświęcimski</sln:powNazwa><sln:wojIIPId>dd2e3c64-f861-47cf-a3a3-e7751f272b2f</sln:wojIIPId><sln:wojIIPPn>PL.PZGIK.200</sln:wojIIPPn><sln:wojIIPWersja>2017-10-10T00:00:00+02:00</sln:wojIIPWersja><sln:wojIdTeryt>12</sln:wojIdTeryt><sln:wojNazwa>małopolskie</sln:wojNazwa></sln:miejscowosc><sln:miejscowosc><sln:cyklZyciaDo>2017-08-16T00:00:00+02:00</sln:cyklZyciaDo><sln:cyklZyciaOd>2017-08-02T00:00:00+02:00</sln:cyklZyciaOd><sln:gmIIPId>b1c2b63a-ce45-4505-97a5-9870975256dd</sln:gmIIPId><sln:gmIIPPn>PL.PZGIK.200</sln:gmIIPPn><sln:gmIIPWersja>2012-09-26T22:11:49+02:00</sln:gmIIPWersja><sln:gmIdTeryt>1213043</sln:gmIdTeryt><sln:gmNazwa>Kęty</sln:gmNazwa><sln:miejscIIPId>9630cc5c-a714-4482-abc8-0f4a3b241bd8</sln:miejscIIPId><sln:miejscIIPPn>PL.PZGIK.200</sln:miejscIIPPn><sln:miejscIIPWersja>2017-08-02T14:38:16+02:00</sln:miejscIIPWersja><sln:miejscIdTeryt>0057247</sln:miejscIdTeryt><sln:miejscNazwa>BULOWICE</sln:miejscNazwa><sln:miejscRodzaj>Wieś</sln:miejscRodzaj><sln:powIIPId>1cf65b44-f4d5-4a14-961f-8363a199b2d6</sln:powIIPId><sln:powIIPPn>PL.PZGIK.200</sln:powIIPPn><sln:powIIPWersja>2012-09-27T07:52:00+02:00</sln:powIIPWersja><sln:powIdTeryt>1213</sln:powIdTeryt><sln:powNazwa>oświęcimski</sln:powNazwa><sln:wojIIPId>dd2e3c64-f861-47cf-a3a3-e7751f272b2f</sln:wojIIPId><sln:wojIIPPn>PL.PZGIK.200</sln:wojIIPPn><sln:wojIIPWersja>2017-10-10T00:00:00+02:00</sln:wojIIPWersja><sln:wojIdTeryt>12</sln:wojIdTeryt><sln:wojNazwa>małopolskie</sln:wojNazwa></sln:miejscowosc><sln:miejscowosc><sln:cyklZyciaDo>2017-08-16T00:00:00+02:00</sln:cyklZyciaDo><sln:cyklZyciaOd>2017-08-02T00:00:00+02:00</sln:cyklZyciaOd><sln:gmIIPId>b1c2b63a-ce45-4505-97a5-9870975256dd</sln:gmIIPId><sln:gmIIPPn>PL.PZGIK.200</sln:gmIIPPn><sln:gmIIPWersja>2012-09-26T22:11:49+02:00</sln:gmIIPWersja><sln:gmIdTeryt>1213043</sln:gmIdTeryt><sln:gmNazwa>Kęty</sln:gmNazwa><sln:miejscIIPId>365107b1-d131-403d-9558-728385ba57e9</sln:miejscIIPId><sln:miejscIIPPn>PL.PZGIK.200</sln:miejscIIPPn><sln:miejscIIPWersja>2017-08-02T14:38:16+02:00</sln:miejscIIPWersja><sln:miejscIdTeryt>0924365</sln:miejscIdTeryt><sln:miejscNazwa>KĘTY</sln:miejscNazwa><sln:miejscRodzaj>Miasto</sln:miejscRodzaj><sln:powIIPId>1cf65b44-f4d5-4a14-961f-8363a199b2d6</sln:powIIPId><sln:powIIPPn>PL.PZGIK.200</sln:powIIPPn><sln:powIIPWersja>2012-09-27T07:52:00+02:00</sln:powIIPWersja><sln:powIdTeryt>1213</sln:powIdTeryt><sln:powNazwa>oświęcimski</sln:powNazwa><sln:wojIIPId>dd2e3c64-f861-47cf-a3a3-e7751f272b2f</sln:wojIIPId><sln:wojIIPPn>PL.PZGIK.200</sln:wojIIPPn><sln:wojIIPWersja>2017-10-10T00:00:00+02:00</sln:wojIIPWersja><sln:wojIdTeryt>12</sln:wojIdTeryt><sln:wojNazwa>małopolskie</sln:wojNazwa></sln:miejscowosc><sln:miejscowosc><sln:cyklZyciaDo>2017-08-16T00:00:00+02:00</sln:cyklZyciaDo><sln:cyklZyciaOd>2017-08-02T00:00:00+02:00</sln:cyklZyciaOd><sln:gmIIPId>b1c2b63a-ce45-4505-97a5-9870975256dd</sln:gmIIPId><sln:gmIIPPn>PL.PZGIK.200</sln:gmIIPPn><sln:gmIIPWersja>2012-09-26T22:11:49+02:00</sln:gmIIPWersja><sln:gmIdTeryt>1213043</sln:gmIdTeryt><sln:gmNazwa>Kęty</sln:gmNazwa><sln:miejscIIPId>2ef17ff8-58f8-4ded-bc32-25a4dcfb6d40</sln:miejscIIPId><sln:miejscIIPPn>PL.PZGIK.200</sln:miejscIIPPn><sln:miejscIIPWersja>2017-08-02T14:38:16+02:00</sln:miejscIIPWersja><sln:miejscIdTeryt>0057589</sln:miejscIdTeryt><sln:miejscNazwa>LATONKA</sln:miejscNazwa><sln:miejscRodzaj>Osada</sln:miejscRodzaj><sln:powIIPId>1cf65b44-f4d5-4a14-961f-8363a199b2d6</sln:powIIPId><sln:powIIPPn>PL.PZGIK.200</sln:powIIPPn><sln:powIIPWersja>2012-09-27T07:52:00+02:00</sln:powIIPWersja><sln:powIdTeryt>1213</sln:powIdTeryt><sln:powNazwa>oświęcimski</sln:powNazwa><sln:wojIIPId>dd2e3c64-f861-47cf-a3a3-e7751f272b2f</sln:wojIIPId><sln:wojIIPPn>PL.PZGIK.200</sln:wojIIPPn><sln:wojIIPWersja>2017-10-10T00:00:00+02:00</sln:wojIIPWersja><sln:wojIdTeryt>12</sln:wojIdTeryt><sln:wojNazwa>małopolskie</sln:wojNazwa></sln:miejscowosc><sln:miejscowosc><sln:cyklZyciaOd>2017-08-16T00:00:00+02:00</sln:cyklZyciaOd><sln:gmIIPId>b1c2b63a-ce45-4505-97a5-9870975256dd</sln:gmIIPId><sln:gmIIPPn>PL.PZGIK.200</sln:gmIIPPn><sln:gmIIPWersja>2012-09-26T22:11:49+02:00</sln:gmIIPWersja><sln:gmIdTeryt>1213043</sln:gmIdTeryt><sln:gmNazwa>Kęty</sln:gmNazwa><sln:miejscIIPId>cbbe00f5-d572-4d04-9287-97aada49100b</sln:miejscIIPId><sln:miejscIIPPn>PL.PZGIK.200</sln:miejscIIPPn><sln:miejscIIPWersja>2017-08-16T15:03:56+02:00</sln:miejscIIPWersja><sln:miejscIdTeryt>0057135</sln:miejscIdTeryt><sln:miejscNazwa>BIELANY</sln:miejscNazwa><sln:miejscRodzaj>Wieś</sln:miejscRodzaj><sln:powIIPId>1cf65b44-f4d5-4a14-961f-8363a199b2d6</sln:powIIPId><sln:powIIPPn>PL.PZGIK.200</sln:powIIPPn><sln:powIIPWersja>2012-09-27T07:52:00+02:00</sln:powIIPWersja><sln:powIdTeryt>1213</sln:powIdTeryt><sln:powNazwa>oświęcimski</sln:powNazwa><sln:wojIIPId>dd2e3c64-f861-47cf-a3a3-e7751f272b2f</sln:wojIIPId><sln:wojIIPPn>PL.PZGIK.200</sln:wojIIPPn><sln:wojIIPWersja>2017-10-10T00:00:00+02:00</sln:wojIIPWersja><sln:wojIdTeryt>12</sln:wojIdTeryt><sln:wojNazwa>małopolskie</sln:wojNazwa></sln:miejscowosc><sln:miejscowosc><sln:cyklZyciaOd>2017-08-16T00:00:00+02:00</sln:cyklZyciaOd><sln:gmIIPId>b1c2b63a-ce45-4505-97a5-9870975256dd</sln:gmIIPId><sln:gmIIPPn>PL.PZGIK.200</sln:gmIIPPn><sln:gmIIPWersja>2012-09-26T22:11:49+02:00</sln:gmIIPWersja><sln:gmIdTeryt>1213043</sln:gmIdTeryt><sln:gmNazwa>Kęty</sln:gmNazwa><sln:miejscIIPId>52aba9cc-7906-4eaa-9fca-66d39ea4d983</sln:miejscIIPId><sln:miejscIIPPn>PL.PZGIK.200</sln:miejscIIPPn><sln:miejscIIPWersja>2017-08-16T15:04:01+02:00</sln:miejscIIPWersja><sln:miejscIdTeryt>0057490</sln:miejscIdTeryt><sln:miejscNazwa>GRANICA</sln:miejscNazwa><sln:miejscRodzaj>Osada</sln:miejscRodzaj><sln:powIIPId>1cf65b44-f4d5-4a14-961f-8363a199b2d6</sln:powIIPId><sln:powIIPPn>PL.PZGIK.200</sln:powIIPPn><sln:powIIPWersja>2012-09-27T07:52:00+02:00</sln:powIIPWersja><sln:powIdTeryt>1213</sln:powIdTeryt><sln:powNazwa>oświęcimski</sln:powNazwa><sln:wojIIPId>dd2e3c64-f861-47cf-a3a3-e7751f272b2f</sln:wojIIPId><sln:wojIIPPn>PL.PZGIK.200</sln:wojIIPPn><sln:wojIIPWersja>2017-10-10T00:00:00+02:00</sln:wojIIPWersja><sln:wojIdTeryt>12</sln:wojIdTeryt><sln:wojNazwa>małopolskie</sln:wojNazwa></sln:miejscowosc><sln:miejscowosc><sln:cyklZyciaDo>2017-09-05T00:00:00+02:00</sln:cyklZyciaDo><sln:cyklZyciaOd>2017-08-16T00:00:00+02:00</sln:cyklZyciaOd><sln:gmIIPId>b1c2b63a-ce45-4505-97a5-9870975256dd</sln:gmIIPId><sln:gmIIPPn>PL.PZGIK.200</sln:gmIIPPn><sln:gmIIPWersja>2012-09-26T22:11:49+02:00</sln:gmIIPWersja><sln:gmIdTeryt>1213043</sln:gmIdTeryt><sln:gmNazwa>Kęty</sln:gmNazwa><sln:miejscIIPId>3a0a1404-04d8-46c2-965f-ebdcaaa3dca7</sln:miejscIIPId><sln:miejscIIPPn>PL.PZGIK.200</sln:miejscIIPPn><sln:miejscIIPWersja>2017-08-16T15:04:02+02:00</sln:miejscIIPWersja><sln:miejscIdTeryt>0057550</sln:miejscIdTeryt><sln:miejscNazwa>BABUDA</sln:miejscNazwa><sln:miejscRodzaj>Osada</sln:miejscRodzaj><sln:powIIPId>1cf65b44-f4d5-4a14-961f-8363a199b2d6</sln:powIIPId><sln:powIIPPn>PL.PZGIK.200</sln:powIIPPn><sln:powIIPWersja>2012-09-27T07:52:00+02:00</sln:powIIPWersja><sln:powIdTeryt>1213</sln:powIdTeryt><sln:powNazwa>oświęcimski</sln:powNazwa><sln:wojIIPId>dd2e3c64-f861-47cf-a3a3-e7751f272b2f</sln:wojIIPId><sln:wojIIPPn>PL.PZGIK.200</sln:wojIIPPn><sln:wojIIPWersja>2017-10-10T00:00:00+02:00</sln:wojIIPWersja><sln:wojIdTeryt>12</sln:wojIdTeryt><sln:wojNazwa>małopolskie</sln:wojNazwa></sln:miejscowosc><sln:miejscowosc><sln:cyklZyciaOd>2017-08-16T00:00:00+02:00</sln:cyklZyciaOd><sln:gmIIPId>b1c2b63a-ce45-4505-97a5-9870975256dd</sln:gmIIPId><sln:gmIIPPn>PL.PZGIK.200</sln:gmIIPPn><sln:gmIIPWersja>2012-09-26T22:11:49+02:00</sln:gmIIPWersja><sln:gmIdTeryt>1213043</sln:gmIdTeryt><sln:gmNazwa>Kęty</sln:gmNazwa><sln:miejscIIPId>42929043-42ac-4dd2-98ea-8b55eb923ff5</sln:miejscIIPId><sln:miejscIIPPn>PL.PZGIK.200</sln:miejscIIPPn><sln:miejscIIPWersja>2017-08-16T15:04:02+02:00</sln:miejscIIPWersja><sln:miejscIdTeryt>0057520</sln:miejscIdTeryt><sln:miejscNazwa>WITKOWICE</sln:miejscNazwa><sln:miejscRodzaj>Wieś</sln:miejscRodzaj><sln:powIIPId>1cf65b44-f4d5-4a14-961f-8363a199b2d6</sln:powIIPId><sln:powIIPPn>PL.PZGIK.200</sln:powIIPPn><sln:powIIPWersja>2012-09-27T07:52:00+02:00</sln:powIIPWersja><sln:powIdTeryt>1213</sln:powIdTeryt><sln:powNazwa>oświęcimski</sln:powNazwa><sln:wojIIPId>dd2e3c64-f861-47cf-a3a3-e7751f272b2f</sln:wojIIPId><sln:wojIIPPn>PL.PZGIK.200</sln:wojIIPPn><sln:wojIIPWersja>2017-10-10T00:00:00+02:00</sln:wojIIPWersja><sln:wojIdTeryt>12</sln:wojIdTeryt><sln:wojNazwa>małopolskie</sln:wojNazwa></sln:miejscowosc><sln:miejscowosc><sln:cyklZyciaDo>2017-09-05T00:00:00+02:00</sln:cyklZyciaDo><sln:cyklZyciaOd>2017-08-16T00:00:00+02:00</sln:cyklZyciaOd><sln:gmIIPId>b1c2b63a-ce45-4505-97a5-9870975256dd</sln:gmIIPId><sln:gmIIPPn>PL.PZGIK.200</sln:gmIIPPn><sln:gmIIPWersja>2012-09-26T22:11:49+02:00</sln:gmIIPWersja><sln:gmIdTeryt>1213043</sln:gmIdTeryt><sln:gmNazwa>Kęty</sln:gmNazwa><sln:miejscIIPId>8090869a-f0a3-4ede-bec0-6f0f1d7a53a1</sln:miejscIIPId><sln:miejscIIPPn>PL.PZGIK.200</sln:miejscIIPPn><sln:miejscIIPWersja>2017-08-16T15:04:02+02:00</sln:miejscIIPWersja><sln:miejscIdTeryt>0057224</sln:miejscIdTeryt><sln:miejscNazwa>KAŃCZUGA</sln:miejscNazwa><sln:miejscRodzaj>Wieś</sln:miejscRodzaj><sln:powIIPId>1cf65b44-f4d5-4a14-961f-8363a199b2d6</sln:powIIPId><sln:powIIPPn>PL.PZGIK.200</sln:powIIPPn><sln:powIIPWersja>2012-09-27T07:52:00+02:00</sln:powIIPWersja><sln:powIdTeryt>1213</sln:powIdTeryt><sln:powNazwa>oświęcimski</sln:powNazwa><sln:wojIIPId>dd2e3c64-f861-47cf-a3a3-e7751f272b2f</sln:wojIIPId><sln:wojIIPPn>PL.PZGIK.200</sln:wojIIPPn><sln:wojIIPWersja>2017-10-10T00:00:00+02:00</sln:wojIIPWersja><sln:wojIdTeryt>12</sln:wojIdTeryt><sln:wojNazwa>małopolskie</sln:wojNazwa></sln:miejscowosc><sln:miejscowosc><sln:cyklZyciaOd>2017-08-16T00:00:00+02:00</sln:cyklZyciaOd><sln:gmIIPId>b1c2b63a-ce45-4505-97a5-9870975256dd</sln:gmIIPId><sln:gmIIPPn>PL.PZGIK.200</sln:gmIIPPn><sln:gmIIPWersja>2012-09-26T22:11:49+02:00</sln:gmIIPWersja><sln:gmIdTeryt>1213043</sln:gmIdTeryt><sln:gmNazwa>Kęty</sln:gmNazwa><sln:miejscIIPId>19535743-4ff6-4e10-86da-9444654fe6e5</sln:miejscIIPId><sln:miejscIIPPn>PL.PZGIK.200</sln:miejscIIPPn><sln:miejscIIPWersja>2017-08-16T15:04:02+02:00</sln:miejscIIPWersja><sln:miejscIdTeryt>0057402</sln:miejscIdTeryt><sln:miejscNazwa>MALEC</sln:miejscNazwa><sln:miejscRodzaj>Wieś</sln:miejscRodzaj><sln:powIIPId>1cf65b44-f4d5-4a14-961f-8363a199b2d6</sln:powIIPId><sln:powIIPPn>PL.PZGIK.200</sln:powIIPPn><sln:powIIPWersja>2012-09-27T07:52:00+02:00</sln:powIIPWersja><sln:powIdTeryt>1213</sln:powIdTeryt><sln:powNazwa>oświęcimski</sln:powNazwa><sln:wojIIPId>dd2e3c64-f861-47cf-a3a3-e7751f272b2f</sln:wojIIPId><sln:wojIIPPn>PL.PZGIK.200</sln:wojIIPPn><sln:wojIIPWersja>2017-10-10T00:00:00+02:00</sln:wojIIPWersja><sln:wojIdTeryt>12</sln:wojIdTeryt><sln:wojNazwa>małopolskie</sln:wojNazwa></sln:miejscowosc><sln:miejscowosc><sln:cyklZyciaOd>2017-08-16T00:00:00+02:00</sln:cyklZyciaOd><sln:gmIIPId>b1c2b63a-ce45-4505-97a5-9870975256dd</sln:gmIIPId><sln:gmIIPPn>PL.PZGIK.200</sln:gmIIPPn><sln:gmIIPWersja>2012-09-26T22:11:49+02:00</sln:gmIIPWersja><sln:gmIdTeryt>1213043</sln:gmIdTeryt><sln:gmNazwa>Kęty</sln:gmNazwa><sln:miejscIIPId>96ee50a9-4506-451e-9a14-410b616e81dc</sln:miejscIIPId><sln:miejscIIPPn>PL.PZGIK.200</sln:miejscIIPPn><sln:miejscIIPWersja>2017-08-16T15:04:02+02:00</sln:miejscIIPWersja><sln:miejscIdTeryt>0057572</sln:miejscIdTeryt><sln:miejscNazwa>KUSKOWIZNA</sln:miejscNazwa><sln:miejscRodzaj>Osada</sln:miejscRodzaj><sln:powIIPId>1cf65b44-f4d5-4a14-961f-8363a199b2d6</sln:powIIPId><sln:powIIPPn>PL.PZGIK.200</sln:powIIPPn><sln:powIIPWersja>2012-09-27T07:52:00+02:00</sln:powIIPWersja><sln:powIdTeryt>1213</sln:powIdTeryt><sln:powNazwa>oświęcimski</sln:powNazwa><sln:wojIIPId>dd2e3c64-f861-47cf-a3a3-e7751f272b2f</sln:wojIIPId><sln:wojIIPPn>PL.PZGIK.200</sln:wojIIPPn><sln:wojIIPWersja>2017-10-10T00:00:00+02:00</sln:wojIIPWersja><sln:wojIdTeryt>12</sln:wojIdTeryt><sln:wojNazwa>małopolskie</sln:wojNazwa></sln:miejscowosc><sln:miejscowosc><sln:cyklZyciaDo>2017-09-05T00:00:00+02:00</sln:cyklZyciaDo><sln:cyklZyciaOd>2017-08-16T00:00:00+02:00</sln:cyklZyciaOd><sln:gmIIPId>b1c2b63a-ce45-4505-97a5-9870975256dd</sln:gmIIPId><sln:gmIIPPn>PL.PZGIK.200</sln:gmIIPPn><sln:gmIIPWersja>2012-09-26T22:11:49+02:00</sln:gmIIPWersja><sln:gmIdTeryt>1213043</sln:gmIdTeryt><sln:gmNazwa>Kęty</sln:gmNazwa><sln:miejscIIPId>ae44c9fa-d76f-4721-8b52-84998cfeebcf</sln:miejscIIPId><sln:miejscIIPPn>PL.PZGIK.200</sln:miejscIIPPn><sln:miejscIIPWersja>2017-08-16T15:04:02+02:00</sln:miejscIIPWersja><sln:miejscIdTeryt>0057394</sln:miejscIdTeryt><sln:miejscNazwa>ŁĘKI</sln:miejscNazwa><sln:miejscRodzaj>Wieś</sln:miejscRodzaj><sln:powIIPId>1cf65b44-f4d5-4a14-961f-8363a199b2d6</sln:powIIPId><sln:powIIPPn>PL.PZGIK.200</sln:powIIPPn><sln:powIIPWersja>2012-09-27T07:52:00+02:00</sln:powIIPWersja><sln:powIdTeryt>1213</sln:powIdTeryt><sln:powNazwa>oświęcimski</sln:powNazwa><sln:wojIIPId>dd2e3c64-f861-47cf-a3a3-e7751f272b2f</sln:wojIIPId><sln:wojIIPPn>PL.PZGIK.200</sln:wojIIPPn><sln:wojIIPWersja>2017-10-10T00:00:00+02:00</sln:wojIIPWersja><sln:wojIdTeryt>12</sln:wojIdTeryt><sln:wojNazwa>małopolskie</sln:wojNazwa></sln:miejscowosc><sln:miejscowosc><sln:cyklZyciaOd>2017-08-16T00:00:00+02:00</sln:cyklZyciaOd><sln:gmIIPId>b1c2b63a-ce45-4505-97a5-9870975256dd</sln:gmIIPId><sln:gmIIPPn>PL.PZGIK.200</sln:gmIIPPn><sln:gmIIPWersja>2012-09-26T22:11:49+02:00</sln:gmIIPWersja><sln:gmIdTeryt>1213043</sln:gmIdTeryt><sln:gmNazwa>Kęty</sln:gmNazwa><sln:miejscIIPId>e4f232ba-cd6d-47d3-acb2-75f2461f33b9</sln:miejscIIPId><sln:miejscIIPPn>PL.PZGIK.200</sln:miejscIIPPn><sln:miejscIIPWersja>2017-08-16T15:04:02+02:00</sln:miejscIIPWersja><sln:miejscIdTeryt>0057477</sln:miejscIdTeryt><sln:miejscNazwa>NOWA WIEŚ</sln:miejscNazwa><sln:miejscRodzaj>Wieś</sln:miejscRodzaj><sln:powIIPId>1cf65b44-f4d5-4a14-961f-8363a199b2d6</sln:powIIPId><sln:powIIPPn>PL.PZGIK.200</sln:powIIPPn><sln:powIIPWersja>2012-09-27T07:52:00+02:00</sln:powIIPWersja><sln:powIdTeryt>1213</sln:powIdTeryt><sln:powNazwa>oświęcimski</sln:powNazwa><sln:wojIIPId>dd2e3c64-f861-47cf-a3a3-e7751f272b2f</sln:wojIIPId><sln:wojIIPPn>PL.PZGIK.200</sln:wojIIPPn><sln:wojIIPWersja>2017-10-10T00:00:00+02:00</sln:wojIIPWersja><sln:wojIdTeryt>12</sln:wojIdTeryt><sln:wojNazwa>małopolskie</sln:wojNazwa></sln:miejscowosc><sln:miejscowosc><sln:cyklZyciaDo>2017-09-05T00:00:00+02:00</sln:cyklZyciaDo><sln:cyklZyciaOd>2017-08-16T00:00:00+02:00</sln:cyklZyciaOd><sln:gmIIPId>b1c2b63a-ce45-4505-97a5-9870975256dd</sln:gmIIPId><sln:gmIIPPn>PL.PZGIK.200</sln:gmIIPPn><sln:gmIIPWersja>2012-09-26T22:11:49+02:00</sln:gmIIPWersja><sln:gmIdTeryt>1213043</sln:gmIdTeryt><sln:gmNazwa>Kęty</sln:gmNazwa><sln:miejscIIPId>8b7a2c7b-04cd-4b30-b708-db92df369022</sln:miejscIIPId><sln:miejscIIPPn>PL.PZGIK.200</sln:miejscIIPPn><sln:miejscIIPWersja>2017-08-16T15:04:02+02:00</sln:miejscIIPWersja><sln:miejscIdTeryt>0057603</sln:miejscIdTeryt><sln:miejscNazwa>SYBIR</sln:miejscNazwa><sln:miejscRodzaj>Osada</sln:miejscRodzaj><sln:powIIPId>1cf65b44-f4d5-4a14-961f-8363a199b2d6</sln:powIIPId><sln:powIIPPn>PL.PZGIK.200</sln:powIIPPn><sln:powIIPWersja>2012-09-27T07:52:00+02:00</sln:powIIPWersja><sln:powIdTeryt>1213</sln:powIdTeryt><sln:powNazwa>oświęcimski</sln:powNazwa><sln:wojIIPId>dd2e3c64-f861-47cf-a3a3-e7751f272b2f</sln:wojIIPId><sln:wojIIPPn>PL.PZGIK.200</sln:wojIIPPn><sln:wojIIPWersja>2017-10-10T00:00:00+02:00</sln:wojIIPWersja><sln:wojIdTeryt>12</sln:wojIdTeryt><sln:wojNazwa>małopolskie</sln:wojNazwa></sln:miejscowosc><sln:miejscowosc><sln:cyklZyciaDo>2017-09-05T00:00:00+02:00</sln:cyklZyciaDo><sln:cyklZyciaOd>2017-08-16T00:00:00+02:00</sln:cyklZyciaOd><sln:gmIIPId>b1c2b63a-ce45-4505-97a5-9870975256dd</sln:gmIIPId><sln:gmIIPPn>PL.PZGIK.200</sln:gmIIPPn><sln:gmIIPWersja>2012-09-26T22:11:49+02:00</sln:gmIIPWersja><sln:gmIdTeryt>1213043</sln:gmIdTeryt><sln:gmNazwa>Kęty</sln:gmNazwa><sln:miejscIIPId>0e3c707a-75c7-4791-b82f-de16d07224f5</sln:miejscIIPId><sln:miejscIIPPn>PL.PZGIK.200</sln:miejscIIPPn><sln:miejscIIPWersja>2017-08-16T15:04:02+02:00</sln:miejscIIPWersja><sln:miejscIdTeryt>0057336</sln:miejscIdTeryt><sln:miejscNazwa>BUK</sln:miejscNazwa><sln:miejscRodzaj>Osada</sln:miejscRodzaj><sln:powIIPId>1cf65b44-f4d5-4a14-961f-8363a199b2d6</sln:powIIPId><sln:powIIPPn>PL.PZGIK.200</sln:powIIPPn><sln:powIIPWersja>2012-09-27T07:52:00+02:00</sln:powIIPWersja><sln:powIdTeryt>1213</sln:powIdTeryt><sln:powNazwa>oświęcimski</sln:powNazwa><sln:wojIIPId>dd2e3c64-f861-47cf-a3a3-e7751f272b2f</sln:wojIIPId><sln:wojIIPPn>PL.PZGIK.200</sln:wojIIPPn><sln:wojIIPWersja>2017-10-10T00:00:00+02:00</sln:wojIIPWersja><sln:wojIdTeryt>12</sln:wojIdTeryt><sln:wojNazwa>małopolskie</sln:wojNazwa></sln:miejscowosc><sln:miejscowosc><sln:cyklZyciaOd>2017-08-16T00:00:00+02:00</sln:cyklZyciaOd><sln:gmIIPId>b1c2b63a-ce45-4505-97a5-9870975256dd</sln:gmIIPId><sln:gmIIPPn>PL.PZGIK.200</sln:gmIIPPn><sln:gmIIPWersja>2012-09-26T22:11:49+02:00</sln:gmIIPWersja><sln:gmIdTeryt>1213043</sln:gmIdTeryt><sln:gmNazwa>Kęty</sln:gmNazwa><sln:miejscIIPId>85a486a8-e61b-4ca7-9d6f-3f21addd2941</sln:miejscIIPId><sln:miejscIIPPn>PL.PZGIK.200</sln:miejscIIPPn><sln:miejscIIPWersja>2017-08-16T15:04:02+02:00</sln:miejscIIPWersja><sln:miejscIdTeryt>0057508</sln:miejscIdTeryt><sln:miejscNazwa>OWCZARNIA</sln:miejscNazwa><sln:miejscRodzaj>Osada</sln:miejscRodzaj><sln:powIIPId>1cf65b44-f4d5-4a14-961f-8363a199b2d6</sln:powIIPId><sln:powIIPPn>PL.PZGIK.200</sln:powIIPPn><sln:powIIPWersja>2012-09-27T07:52:00+02:00</sln:powIIPWersja><sln:powIdTeryt>1213</sln:powIdTeryt><sln:powNazwa>oświęcimski</sln:powNazwa><sln:wojIIPId>dd2e3c64-f861-47cf-a3a3-e7751f272b2f</sln:wojIIPId><sln:wojIIPPn>PL.PZGIK.200</sln:wojIIPPn><sln:wojIIPWersja>2017-10-10T00:00:00+02:00</sln:wojIIPWersja><sln:wojIdTeryt>12</sln:wojIdTeryt><sln:wojNazwa>małopolskie</sln:wojNazwa></sln:miejscowosc><sln:miejscowosc><sln:cyklZyciaOd>2017-08-16T00:00:00+02:00</sln:cyklZyciaOd><sln:gmIIPId>b1c2b63a-ce45-4505-97a5-9870975256dd</sln:gmIIPId><sln:gmIIPPn>PL.PZGIK.200</sln:gmIIPPn><sln:gmIIPWersja>2012-09-26T22:11:49+02:00</sln:gmIIPWersja><sln:gmIdTeryt>1213043</sln:gmIdTeryt><sln:gmNazwa>Kęty</sln:gmNazwa><sln:miejscIIPId>9630cc5c-a714-4482-abc8-0f4a3b241bd8</sln:miejscIIPId><sln:miejscIIPPn>PL.PZGIK.200</sln:miejscIIPPn><sln:miejscIIPWersja>2017-08-16T15:04:02+02:00</sln:miejscIIPWersja><sln:miejscIdTeryt>0057247</sln:miejscIdTeryt><sln:miejscNazwa>BULOWICE</sln:miejscNazwa><sln:miejscRodzaj>Wieś</sln:miejscRodzaj><sln:powIIPId>1cf65b44-f4d5-4a14-961f-8363a199b2d6</sln:powIIPId><sln:powIIPPn>PL.PZGIK.200</sln:powIIPPn><sln:powIIPWersja>2012-09-27T07:52:00+02:00</sln:powIIPWersja><sln:powIdTeryt>1213</sln:powIdTeryt><sln:powNazwa>oświęcimski</sln:powNazwa><sln:wojIIPId>dd2e3c64-f861-47cf-a3a3-e7751f272b2f</sln:wojIIPId><sln:wojIIPPn>PL.PZGIK.200</sln:wojIIPPn><sln:wojIIPWersja>2017-10-10T00:00:00+02:00</sln:wojIIPWersja><sln:wojIdTeryt>12</sln:wojIdTeryt><sln:wojNazwa>małopolskie</sln:wojNazwa></sln:miejscowosc><sln:miejscowosc><sln:cyklZyciaOd>2017-08-16T00:00:00+02:00</sln:cyklZyciaOd><sln:gmIIPId>b1c2b63a-ce45-4505-97a5-9870975256dd</sln:gmIIPId><sln:gmIIPPn>PL.PZGIK.200</sln:gmIIPPn><sln:gmIIPWersja>2012-09-26T22:11:49+02:00</sln:gmIIPWersja><sln:gmIdTeryt>1213043</sln:gmIdTeryt><sln:gmNazwa>Kęty</sln:gmNazwa><sln:miejscIIPId>365107b1-d131-403d-9558-728385ba57e9</sln:miejscIIPId><sln:miejscIIPPn>PL.PZGIK.200</sln:miejscIIPPn><sln:miejscIIPWersja>2017-08-16T15:04:02+02:00</sln:miejscIIPWersja><sln:miejscIdTeryt>0924365</sln:miejscIdTeryt><sln:miejscNazwa>KĘTY</sln:miejscNazwa><sln:miejscRodzaj>Miasto</sln:miejscRodzaj><sln:powIIPId>1cf65b44-f4d5-4a14-961f-8363a199b2d6</sln:powIIPId><sln:powIIPPn>PL.PZGIK.200</sln:powIIPPn><sln:powIIPWersja>2012-09-27T07:52:00+02:00</sln:powIIPWersja><sln:powIdTeryt>1213</sln:powIdTeryt><sln:powNazwa>oświęcimski</sln:powNazwa><sln:wojIIPId>dd2e3c64-f861-47cf-a3a3-e7751f272b2f</sln:wojIIPId><sln:wojIIPPn>PL.PZGIK.200</sln:wojIIPPn><sln:wojIIPWersja>2017-10-10T00:00:00+02:00</sln:wojIIPWersja><sln:wojIdTeryt>12</sln:wojIdTeryt><sln:wojNazwa>małopolskie</sln:wojNazwa></sln:miejscowosc><sln:miejscowosc><sln:cyklZyciaOd>2017-08-16T00:00:00+02:00</sln:cyklZyciaOd><sln:gmIIPId>b1c2b63a-ce45-4505-97a5-9870975256dd</sln:gmIIPId><sln:gmIIPPn>PL.PZGIK.200</sln:gmIIPPn><sln:gmIIPWersja>2012-09-26T22:11:49+02:00</sln:gmIIPWersja><sln:gmIdTeryt>1213043</sln:gmIdTeryt><sln:gmNazwa>Kęty</sln:gmNazwa><sln:miejscIIPId>2ef17ff8-58f8-4ded-bc32-25a4dcfb6d40</sln:miejscIIPId><sln:miejscIIPPn>PL.PZGIK.200</sln:miejscIIPPn><sln:miejscIIPWersja>2017-08-16T15:04:02+02:00</sln:miejscIIPWersja><sln:miejscIdTeryt>0057589</sln:miejscIdTeryt><sln:miejscNazwa>LATONKA</sln:miejscNazwa><sln:miejscRodzaj>Osada</sln:miejscRodzaj><sln:powIIPId>1cf65b44-f4d5-4a14-961f-8363a199b2d6</sln:powIIPId><sln:powIIPPn>PL.PZGIK.200</sln:powIIPPn><sln:powIIPWersja>2012-09-27T07:52:00+02:00</sln:powIIPWersja><sln:powIdTeryt>1213</sln:powIdTeryt><sln:powNazwa>oświęcimski</sln:powNazwa><sln:wojIIPId>dd2e3c64-f861-47cf-a3a3-e7751f272b2f</sln:wojIIPId><sln:wojIIPPn>PL.PZGIK.200</sln:wojIIPPn><sln:wojIIPWersja>2017-10-10T00:00:00+02:00</sln:wojIIPWersja><sln:wojIdTeryt>12</sln:wojIdTeryt><sln:wojNazwa>małopolskie</sln:wojNazwa></sln:miejscowosc><sln:miejscowosc><sln:cyklZyciaOd>2017-09-05T00:00:00+02:00</sln:cyklZyciaOd><sln:gmIIPId>b1c2b63a-ce45-4505-97a5-9870975256dd</sln:gmIIPId><sln:gmIIPPn>PL.PZGIK.200</sln:gmIIPPn><sln:gmIIPWersja>2012-09-26T22:11:49+02:00</sln:gmIIPWersja><sln:gmIdTeryt>1213043</sln:gmIdTeryt><sln:gmNazwa>Kęty</sln:gmNazwa><sln:miejscIIPId>3a0a1404-04d8-46c2-965f-ebdcaaa3dca7</sln:miejscIIPId><sln:miejscIIPPn>PL.PZGIK.200</sln:miejscIIPPn><sln:miejscIIPWersja>2017-09-05T15:43:30+02:00</sln:miejscIIPWersja><sln:miejscIdTeryt>0057550</sln:miejscIdTeryt><sln:miejscNazwa>BABUDA</sln:miejscNazwa><sln:miejscRodzaj>Osada</sln:miejscRodzaj><sln:powIIPId>1cf65b44-f4d5-4a14-961f-8363a199b2d6</sln:powIIPId><sln:powIIPPn>PL.PZGIK.200</sln:powIIPPn><sln:powIIPWersja>2012-09-27T07:52:00+02:00</sln:powIIPWersja><sln:powIdTeryt>1213</sln:powIdTeryt><sln:powNazwa>oświęcimski</sln:powNazwa><sln:wojIIPId>dd2e3c64-f861-47cf-a3a3-e7751f272b2f</sln:wojIIPId><sln:wojIIPPn>PL.PZGIK.200</sln:wojIIPPn><sln:wojIIPWersja>2017-10-10T00:00:00+02:00</sln:wojIIPWersja><sln:wojIdTeryt>12</sln:wojIdTeryt><sln:wojNazwa>małopolskie</sln:wojNazwa></sln:miejscowosc><sln:miejscowosc><sln:cyklZyciaOd>2017-09-05T00:00:00+02:00</sln:cyklZyciaOd><sln:gmIIPId>b1c2b63a-ce45-4505-97a5-9870975256dd</sln:gmIIPId><sln:gmIIPPn>PL.PZGIK.200</sln:gmIIPPn><sln:gmIIPWersja>2012-09-26T22:11:49+02:00</sln:gmIIPWersja><sln:gmIdTeryt>1213043</sln:gmIdTeryt><sln:gmNazwa>Kęty</sln:gmNazwa><sln:miejscIIPId>8090869a-f0a3-4ede-bec0-6f0f1d7a53a1</sln:miejscIIPId><sln:miejscIIPPn>PL.PZGIK.200</sln:miejscIIPPn><sln:miejscIIPWersja>2017-09-05T15:43:37+02:00</sln:miejscIIPWersja><sln:miejscIdTeryt>0057224</sln:miejscIdTeryt><sln:miejscNazwa>KAŃCZUGA</sln:miejscNazwa><sln:miejscRodzaj>Wieś</sln:miejscRodzaj><sln:powIIPId>1cf65b44-f4d5-4a14-961f-8363a199b2d6</sln:powIIPId><sln:powIIPPn>PL.PZGIK.200</sln:powIIPPn><sln:powIIPWersja>2012-09-27T07:52:00+02:00</sln:powIIPWersja><sln:powIdTeryt>1213</sln:powIdTeryt><sln:powNazwa>oświęcimski</sln:powNazwa><sln:wojIIPId>dd2e3c64-f861-47cf-a3a3-e7751f272b2f</sln:wojIIPId><sln:wojIIPPn>PL.PZGIK.200</sln:wojIIPPn><sln:wojIIPWersja>2017-10-10T00:00:00+02:00</sln:wojIIPWersja><sln:wojIdTeryt>12</sln:wojIdTeryt><sln:wojNazwa>małopolskie</sln:wojNazwa></sln:miejscowosc><sln:miejscowosc><sln:cyklZyciaOd>2017-09-05T00:00:00+02:00</sln:cyklZyciaOd><sln:gmIIPId>b1c2b63a-ce45-4505-97a5-9870975256dd</sln:gmIIPId><sln:gmIIPPn>PL.PZGIK.200</sln:gmIIPPn><sln:gmIIPWersja>2012-09-26T22:11:49+02:00</sln:gmIIPWersja><sln:gmIdTeryt>1213043</sln:gmIdTeryt><sln:gmNazwa>Kęty</sln:gmNazwa><sln:miejscIIPId>ae44c9fa-d76f-4721-8b52-84998cfeebcf</sln:miejscIIPId><sln:miejscIIPPn>PL.PZGIK.200</sln:miejscIIPPn><sln:miejscIIPWersja>2017-09-05T15:43:37+02:00</sln:miejscIIPWersja><sln:miejscIdTeryt>0057394</sln:miejscIdTeryt><sln:miejscNazwa>ŁĘKI</sln:miejscNazwa><sln:miejscRodzaj>Wieś</sln:miejscRodzaj><sln:powIIPId>1cf65b44-f4d5-4a14-961f-8363a199b2d6</sln:powIIPId><sln:powIIPPn>PL.PZGIK.200</sln:powIIPPn><sln:powIIPWersja>2012-09-27T07:52:00+02:00</sln:powIIPWersja><sln:powIdTeryt>1213</sln:powIdTeryt><sln:powNazwa>oświęcimski</sln:powNazwa><sln:wojIIPId>dd2e3c64-f861-47cf-a3a3-e7751f272b2f</sln:wojIIPId><sln:wojIIPPn>PL.PZGIK.200</sln:wojIIPPn><sln:wojIIPWersja>2017-10-10T00:00:00+02:00</sln:wojIIPWersja><sln:wojIdTeryt>12</sln:wojIdTeryt><sln:wojNazwa>małopolskie</sln:wojNazwa></sln:miejscowosc><sln:miejscowosc><sln:cyklZyciaOd>2017-09-05T00:00:00+02:00</sln:cyklZyciaOd><sln:gmIIPId>b1c2b63a-ce45-4505-97a5-9870975256dd</sln:gmIIPId><sln:gmIIPPn>PL.PZGIK.200</sln:gmIIPPn><sln:gmIIPWersja>2012-09-26T22:11:49+02:00</sln:gmIIPWersja><sln:gmIdTeryt>1213043</sln:gmIdTeryt><sln:gmNazwa>Kęty</sln:gmNazwa><sln:miejscIIPId>8b7a2c7b-04cd-4b30-b708-db92df369022</sln:miejscIIPId><sln:miejscIIPPn>PL.PZGIK.200</sln:miejscIIPPn><sln:miejscIIPWersja>2017-09-05T15:43:37+02:00</sln:miejscIIPWersja><sln:miejscIdTeryt>0057603</sln:miejscIdTeryt><sln:miejscNazwa>SYBIR</sln:miejscNazwa><sln:miejscRodzaj>Osada</sln:miejscRodzaj><sln:powIIPId>1cf65b44-f4d5-4a14-961f-8363a199b2d6</sln:powIIPId><sln:powIIPPn>PL.PZGIK.200</sln:powIIPPn><sln:powIIPWersja>2012-09-27T07:52:00+02:00</sln:powIIPWersja><sln:powIdTeryt>1213</sln:powIdTeryt><sln:powNazwa>oświęcimski</sln:powNazwa><sln:wojIIPId>dd2e3c64-f861-47cf-a3a3-e7751f272b2f</sln:wojIIPId><sln:wojIIPPn>PL.PZGIK.200</sln:wojIIPPn><sln:wojIIPWersja>2017-10-10T00:00:00+02:00</sln:wojIIPWersja><sln:wojIdTeryt>12</sln:wojIdTeryt><sln:wojNazwa>małopolskie</sln:wojNazwa></sln:miejscowosc><sln:miejscowosc><sln:cyklZyciaOd>2017-09-05T00:00:00+02:00</sln:cyklZyciaOd><sln:gmIIPId>b1c2b63a-ce45-4505-97a5-9870975256dd</sln:gmIIPId><sln:gmIIPPn>PL.PZGIK.200</sln:gmIIPPn><sln:gmIIPWersja>2012-09-26T22:11:49+02:00</sln:gmIIPWersja><sln:gmIdTeryt>1213043</sln:gmIdTeryt><sln:gmNazwa>Kęty</sln:gmNazwa><sln:miejscIIPId>0e3c707a-75c7-4791-b82f-de16d07224f5</sln:miejscIIPId><sln:miejscIIPPn>PL.PZGIK.200</sln:miejscIIPPn><sln:miejscIIPWersja>2017-09-05T15:43:37+02:00</sln:miejscIIPWersja><sln:miejscIdTeryt>0057336</sln:miejscIdTeryt><sln:miejscNazwa>BUK</sln:miejscNazwa><sln:miejscRodzaj>Osada</sln:miejscRodzaj><sln:powIIPId>1cf65b44-f4d5-4a14-961f-8363a199b2d6</sln:powIIPId><sln:powIIPPn>PL.PZGIK.200</sln:powIIPPn><sln:powIIPWersja>2012-09-27T07:52:00+02:00</sln:powIIPWersja><sln:powIdTeryt>1213</sln:powIdTeryt><sln:powNazwa>oświęcimski</sln:powNazwa><sln:wojIIPId>dd2e3c64-f861-47cf-a3a3-e7751f272b2f</sln:wojIIPId><sln:wojIIPPn>PL.PZGIK.200</sln:wojIIPPn><sln:wojIIPWersja>2017-10-10T00:00:00+02:00</sln:wojIIPWersja><sln:wojIdTeryt>12</sln:wojIdTeryt><sln:wojNazwa>małopolskie</sln:wojNazwa></sln:miejscowosc></sln:lista-miejscowosci>