<?xml version="1.0" encoding="UTF-8" standalone="yes"?><sln:lista-miejscowosci xmlns:srv="http://gugik.gov.pl/schemas/slowniki-service/1.0" xmlns:sln="http://gugik.gov.pl/schemas/slowniki-schema/1.0"><sln:miejscowosc><sln:cyklZyciaDo>2017-06-06T00:00:00+02:00</sln:cyklZyciaDo><sln:cyklZyciaOd>2016-03-08T00:00:00+01:00</sln:cyklZyciaOd><sln:gmIIPId>161045ee-47b3-4ae1-a318-9a5782d411d1</sln:gmIIPId><sln:gmIIPPn>PL.PZGIK.200</sln:gmIIPPn><sln:gmIIPWersja>2017-10-10T00:00:00+02:00</sln:gmIIPWersja><sln:gmIdTeryt>1211072</sln:gmIdTeryt><sln:gmNazwa>Lipnica Wielka</sln:gmNazwa><sln:miejscIIPId>24fff69c-9710-4b57-905c-cda7c6233863</sln:miejscIIPId><sln:miejscIIPPn>PL.PZGIK.200</sln:miejscIIPPn><sln:miejscIIPWersja>2016-11-24T13:21:08+02:00</sln:miejscIIPWersja><sln:miejscNazwa>Lipnica Wielka</sln:miejscNazwa><sln:miejscRodzaj>Wieś</sln:miejscRodzaj><sln:powIIPId>a472069d-aabd-4128-a1dc-c3f6f7c8c11a</sln:powIIPId><sln:powIIPPn>PL.PZGIK.200</sln:powIIPPn><sln:powIIPWersja>2017-10-10T00:00:00+02:00</sln:powIIPWersja><sln:powIdTeryt>1211</sln:powIdTeryt><sln:powNazwa>nowotarski</sln:powNazwa><sln:wojIIPId>dd2e3c64-f861-47cf-a3a3-e7751f272b2f</sln:wojIIPId><sln:wojIIPPn>PL.PZGIK.200</sln:wojIIPPn><sln:wojIIPWersja>2017-10-10T00:00:00+02:00</sln:wojIIPWersja><sln:wojIdTeryt>12</sln:wojIdTeryt><sln:wojNazwa>małopolskie</sln:wojNazwa></sln:miejscowosc><sln:miejscowosc><sln:cyklZyciaDo>2017-06-06T00:00:00+02:00</sln:cyklZyciaDo><sln:cyklZyciaOd>2016-03-08T00:00:00+01:00</sln:cyklZyciaOd><sln:gmIIPId>161045ee-47b3-4ae1-a318-9a5782d411d1</sln:gmIIPId><sln:gmIIPPn>PL.PZGIK.200</sln:gmIIPPn><sln:gmIIPWersja>2017-10-10T00:00:00+02:00</sln:gmIIPWersja><sln:gmIdTeryt>1211072</sln:gmIdTeryt><sln:gmNazwa>Lipnica Wielka</sln:gmNazwa><sln:miejscIIPId>c8148b99-7f36-4e1d-bc77-888619703523</sln:miejscIIPId><sln:miejscIIPPn>PL.PZGIK.200</sln:miejscIIPPn><sln:miejscIIPWersja>2016-11-24T13:21:08+02:00</sln:miejscIIPWersja><sln:miejscNazwa>Kiczory</sln:miejscNazwa><sln:miejscRodzaj>Wieś</sln:miejscRodzaj><sln:powIIPId>a472069d-aabd-4128-a1dc-c3f6f7c8c11a</sln:powIIPId><sln:powIIPPn>PL.PZGIK.200</sln:powIIPPn><sln:powIIPWersja>2017-10-10T00:00:00+02:00</sln:powIIPWersja><sln:powIdTeryt>1211</sln:powIdTeryt><sln:powNazwa>nowotarski</sln:powNazwa><sln:wojIIPId>dd2e3c64-f861-47cf-a3a3-e7751f272b2f</sln:wojIIPId><sln:wojIIPPn>PL.PZGIK.200</sln:wojIIPPn><sln:wojIIPWersja>2017-10-10T00:00:00+02:00</sln:wojIIPWersja><sln:wojIdTeryt>12</sln:wojIdTeryt><sln:wojNazwa>małopolskie</sln:wojNazwa></sln:miejscowosc><sln:miejscowosc><sln:cyklZyciaOd>2017-06-06T00:00:00+02:00</sln:cyklZyciaOd><sln:gmIIPId>161045ee-47b3-4ae1-a318-9a5782d411d1</sln:gmIIPId><sln:gmIIPPn>PL.PZGIK.200</sln:gmIIPPn><sln:gmIIPWersja>2017-10-10T00:00:00+02:00</sln:gmIIPWersja><sln:gmIdTeryt>1211072</sln:gmIdTeryt><sln:gmNazwa>Lipnica Wielka</sln:gmNazwa><sln:miejscIIPId>5b16a8c3-adab-4880-b8b9-fa20411b1f87</sln:miejscIIPId><sln:miejscIIPPn>PL.PZGIK.200</sln:miejscIIPPn><sln:miejscIIPWersja>2017-06-06T14:29:45+02:00</sln:miejscIIPWersja><sln:miejscIdTeryt>0440791</sln:miejscIdTeryt><sln:miejscNazwa>Lipnica Wielka</sln:miejscNazwa><sln:miejscRodzaj>Wieś</sln:miejscRodzaj><sln:powIIPId>a472069d-aabd-4128-a1dc-c3f6f7c8c11a</sln:powIIPId><sln:powIIPPn>PL.PZGIK.200</sln:powIIPPn><sln:powIIPWersja>2017-10-10T00:00:00+02:00</sln:powIIPWersja><sln:powIdTeryt>1211</sln:powIdTeryt><sln:powNazwa>nowotarski</sln:powNazwa><sln:waznyOd>2017-06-06T00:00:00+02:00</sln:waznyOd><sln:wojIIPId>dd2e3c64-f861-47cf-a3a3-e7751f272b2f</sln:wojIIPId><sln:wojIIPPn>PL.PZGIK.200</sln:wojIIPPn><sln:wojIIPWersja>2017-10-10T00:00:00+02:00</sln:wojIIPWersja><sln:wojIdTeryt>12</sln:wojIdTeryt><sln:wojNazwa>małopolskie</sln:wojNazwa></sln:miejscowosc><sln:miejscowosc><sln:cyklZyciaOd>2017-06-06T00:00:00+02:00</sln:cyklZyciaOd><sln:gmIIPId>161045ee-47b3-4ae1-a318-9a5782d411d1</sln:gmIIPId><sln:gmIIPPn>PL.PZGIK.200</sln:gmIIPPn><sln:gmIIPWersja>2017-10-10T00:00:00+02:00</sln:gmIIPWersja><sln:gmIdTeryt>1211072</sln:gmIdTeryt><sln:gmNazwa>Lipnica Wielka</sln:gmNazwa><sln:miejscIIPId>1bfee51f-1dac-46a6-8555-39f3fbf27c9b</sln:miejscIIPId><sln:miejscIIPPn>PL.PZGIK.200</sln:miejscIIPPn><sln:miejscIIPWersja>2017-06-06T14:29:52+02:00</sln:miejscIIPWersja><sln:miejscIdTeryt>0440762</sln:miejscIdTeryt><sln:miejscNazwa>Kiczory</sln:miejscNazwa><sln:miejscRodzaj>Wieś</sln:miejscRodzaj><sln:powIIPId>a472069d-aabd-4128-a1dc-c3f6f7c8c11a</sln:powIIPId><sln:powIIPPn>PL.PZGIK.200</sln:powIIPPn><sln:powIIPWersja>2017-10-10T00:00:00+02:00</sln:powIIPWersja><sln:powIdTeryt>1211</sln:powIdTeryt><sln:powNazwa>nowotarski</sln:powNazwa><sln:waznyOd>2017-06-06T00:00:00+02:00</sln:waznyOd><sln:wojIIPId>dd2e3c64-f861-47cf-a3a3-e7751f272b2f</sln:wojIIPId><sln:wojIIPPn>PL.PZGIK.200</sln:wojIIPPn><sln:wojIIPWersja>2017-10-10T00:00:00+02:00</sln:wojIIPWersja><sln:wojIdTeryt>12</sln:wojIdTeryt><sln:wojNazwa>małopolskie</sln:wojNazwa></sln:miejscowosc></sln:lista-miejscowosci>