<?xml version="1.0" encoding="UTF-8" standalone="yes"?><sln:lista-miejscowosci xmlns:srv="http://gugik.gov.pl/schemas/slowniki-service/1.0" xmlns:sln="http://gugik.gov.pl/schemas/slowniki-schema/1.0"><sln:miejscowosc><sln:cyklZyciaDo>2017-04-19T00:00:00+02:00</sln:cyklZyciaDo><sln:cyklZyciaOd>2016-02-05T00:00:00+01:00</sln:cyklZyciaOd><sln:gmIIPId>44b447b8-5424-4b73-969c-d1b15b44a934</sln:gmIIPId><sln:gmIIPPn>PL.PZGIK.200</sln:gmIIPPn><sln:gmIIPWersja>2012-09-26T22:08:48+02:00</sln:gmIIPWersja><sln:gmIdTeryt>1203022</sln:gmIdTeryt><sln:gmNazwa>Babice</sln:gmNazwa><sln:miejscIIPId>e0ca7f5b-aaae-4736-b56a-96fc9e72d6ef</sln:miejscIIPId><sln:miejscIIPPn>PL.PZGIK.200</sln:miejscIIPPn><sln:miejscIIPWersja>2016-11-24T09:46:27+02:00</sln:miejscIIPWersja><sln:miejscIdTeryt>0211808</sln:miejscIdTeryt><sln:miejscNazwa>Babice</sln:miejscNazwa><sln:miejscRodzaj>Wieś</sln:miejscRodzaj><sln:powIIPId>8eaf0bfb-3bf3-40dd-a6bb-f5afb0a466c6</sln:powIIPId><sln:powIIPPn>PL.PZGIK.200</sln:powIIPPn><sln:powIIPWersja>2012-09-27T07:52:00+02:00</sln:powIIPWersja><sln:powIdTeryt>1203</sln:powIdTeryt><sln:powNazwa>chrzanowski</sln:powNazwa><sln:waznyOd>2013-12-05T00:00:00+01:00</sln:waznyOd><sln:wojIIPId>dd2e3c64-f861-47cf-a3a3-e7751f272b2f</sln:wojIIPId><sln:wojIIPPn>PL.PZGIK.200</sln:wojIIPPn><sln:wojIIPWersja>2017-10-10T00:00:00+02:00</sln:wojIIPWersja><sln:wojIdTeryt>12</sln:wojIdTeryt><sln:wojNazwa>małopolskie</sln:wojNazwa></sln:miejscowosc><sln:miejscowosc><sln:cyklZyciaDo>2017-04-19T00:00:00+02:00</sln:cyklZyciaDo><sln:cyklZyciaOd>2016-02-05T00:00:00+01:00</sln:cyklZyciaOd><sln:gmIIPId>44b447b8-5424-4b73-969c-d1b15b44a934</sln:gmIIPId><sln:gmIIPPn>PL.PZGIK.200</sln:gmIIPPn><sln:gmIIPWersja>2012-09-26T22:08:48+02:00</sln:gmIIPWersja><sln:gmIdTeryt>1203022</sln:gmIdTeryt><sln:gmNazwa>Babice</sln:gmNazwa><sln:miejscIIPId>6a8c7f64-a658-4c98-bfe0-1fae2df4a03a</sln:miejscIIPId><sln:miejscIIPPn>PL.PZGIK.200</sln:miejscIIPPn><sln:miejscIIPWersja>2016-11-24T09:46:29+02:00</sln:miejscIIPWersja><sln:miejscIdTeryt>0211843</sln:miejscIdTeryt><sln:miejscNazwa>Jankowice</sln:miejscNazwa><sln:miejscRodzaj>Wieś</sln:miejscRodzaj><sln:powIIPId>8eaf0bfb-3bf3-40dd-a6bb-f5afb0a466c6</sln:powIIPId><sln:powIIPPn>PL.PZGIK.200</sln:powIIPPn><sln:powIIPWersja>2012-09-27T07:52:00+02:00</sln:powIIPWersja><sln:powIdTeryt>1203</sln:powIdTeryt><sln:powNazwa>chrzanowski</sln:powNazwa><sln:waznyOd>2013-12-05T00:00:00+01:00</sln:waznyOd><sln:wojIIPId>dd2e3c64-f861-47cf-a3a3-e7751f272b2f</sln:wojIIPId><sln:wojIIPPn>PL.PZGIK.200</sln:wojIIPPn><sln:wojIIPWersja>2017-10-10T00:00:00+02:00</sln:wojIIPWersja><sln:wojIdTeryt>12</sln:wojIdTeryt><sln:wojNazwa>małopolskie</sln:wojNazwa></sln:miejscowosc><sln:miejscowosc><sln:cyklZyciaDo>2017-04-19T00:00:00+02:00</sln:cyklZyciaDo><sln:cyklZyciaOd>2016-02-05T00:00:00+01:00</sln:cyklZyciaOd><sln:gmIIPId>44b447b8-5424-4b73-969c-d1b15b44a934</sln:gmIIPId><sln:gmIIPPn>PL.PZGIK.200</sln:gmIIPPn><sln:gmIIPWersja>2012-09-26T22:08:48+02:00</sln:gmIIPWersja><sln:gmIdTeryt>1203022</sln:gmIdTeryt><sln:gmNazwa>Babice</sln:gmNazwa><sln:miejscIIPId>a64c1a1d-404d-4e13-bc6d-50dc8cfd2cff</sln:miejscIIPId><sln:miejscIIPPn>PL.PZGIK.200</sln:miejscIIPPn><sln:miejscIIPWersja>2016-11-24T09:46:31+02:00</sln:miejscIIPWersja><sln:miejscIdTeryt>0211889</sln:miejscIdTeryt><sln:miejscNazwa>Mętków</sln:miejscNazwa><sln:miejscRodzaj>Wieś</sln:miejscRodzaj><sln:powIIPId>8eaf0bfb-3bf3-40dd-a6bb-f5afb0a466c6</sln:powIIPId><sln:powIIPPn>PL.PZGIK.200</sln:powIIPPn><sln:powIIPWersja>2012-09-27T07:52:00+02:00</sln:powIIPWersja><sln:powIdTeryt>1203</sln:powIdTeryt><sln:powNazwa>chrzanowski</sln:powNazwa><sln:waznyOd>2013-12-05T00:00:00+01:00</sln:waznyOd><sln:wojIIPId>dd2e3c64-f861-47cf-a3a3-e7751f272b2f</sln:wojIIPId><sln:wojIIPPn>PL.PZGIK.200</sln:wojIIPPn><sln:wojIIPWersja>2017-10-10T00:00:00+02:00</sln:wojIIPWersja><sln:wojIdTeryt>12</sln:wojIdTeryt><sln:wojNazwa>małopolskie</sln:wojNazwa></sln:miejscowosc><sln:miejscowosc><sln:cyklZyciaDo>2017-04-19T00:00:00+02:00</sln:cyklZyciaDo><sln:cyklZyciaOd>2016-02-05T00:00:00+01:00</sln:cyklZyciaOd><sln:gmIIPId>44b447b8-5424-4b73-969c-d1b15b44a934</sln:gmIIPId><sln:gmIIPPn>PL.PZGIK.200</sln:gmIIPPn><sln:gmIIPWersja>2012-09-26T22:08:48+02:00</sln:gmIIPWersja><sln:gmIdTeryt>1203022</sln:gmIdTeryt><sln:gmNazwa>Babice</sln:gmNazwa><sln:miejscIIPId>7bf3b32e-deb7-4534-a4cd-a22f66a2e875</sln:miejscIIPId><sln:miejscIIPPn>PL.PZGIK.200</sln:miejscIIPPn><sln:miejscIIPWersja>2016-11-24T09:46:33+02:00</sln:miejscIIPWersja><sln:miejscIdTeryt>0211910</sln:miejscIdTeryt><sln:miejscNazwa>Olszyny</sln:miejscNazwa><sln:miejscRodzaj>Wieś</sln:miejscRodzaj><sln:powIIPId>8eaf0bfb-3bf3-40dd-a6bb-f5afb0a466c6</sln:powIIPId><sln:powIIPPn>PL.PZGIK.200</sln:powIIPPn><sln:powIIPWersja>2012-09-27T07:52:00+02:00</sln:powIIPWersja><sln:powIdTeryt>1203</sln:powIdTeryt><sln:powNazwa>chrzanowski</sln:powNazwa><sln:waznyOd>2013-12-05T00:00:00+01:00</sln:waznyOd><sln:wojIIPId>dd2e3c64-f861-47cf-a3a3-e7751f272b2f</sln:wojIIPId><sln:wojIIPPn>PL.PZGIK.200</sln:wojIIPPn><sln:wojIIPWersja>2017-10-10T00:00:00+02:00</sln:wojIIPWersja><sln:wojIdTeryt>12</sln:wojIdTeryt><sln:wojNazwa>małopolskie</sln:wojNazwa></sln:miejscowosc><sln:miejscowosc><sln:cyklZyciaDo>2017-04-19T00:00:00+02:00</sln:cyklZyciaDo><sln:cyklZyciaOd>2016-02-05T00:00:00+01:00</sln:cyklZyciaOd><sln:gmIIPId>44b447b8-5424-4b73-969c-d1b15b44a934</sln:gmIIPId><sln:gmIIPPn>PL.PZGIK.200</sln:gmIIPPn><sln:gmIIPWersja>2012-09-26T22:08:48+02:00</sln:gmIIPWersja><sln:gmIdTeryt>1203022</sln:gmIdTeryt><sln:gmNazwa>Babice</sln:gmNazwa><sln:miejscIIPId>f195f377-dd16-4a63-bd03-875ff0a5daa2</sln:miejscIIPId><sln:miejscIIPPn>PL.PZGIK.200</sln:miejscIIPPn><sln:miejscIIPWersja>2016-11-24T09:46:35+02:00</sln:miejscIIPWersja><sln:miejscIdTeryt>0211961</sln:miejscIdTeryt><sln:miejscNazwa>Rozkochów</sln:miejscNazwa><sln:miejscRodzaj>Wieś</sln:miejscRodzaj><sln:powIIPId>8eaf0bfb-3bf3-40dd-a6bb-f5afb0a466c6</sln:powIIPId><sln:powIIPPn>PL.PZGIK.200</sln:powIIPPn><sln:powIIPWersja>2012-09-27T07:52:00+02:00</sln:powIIPWersja><sln:powIdTeryt>1203</sln:powIdTeryt><sln:powNazwa>chrzanowski</sln:powNazwa><sln:waznyOd>2013-12-05T00:00:00+01:00</sln:waznyOd><sln:wojIIPId>dd2e3c64-f861-47cf-a3a3-e7751f272b2f</sln:wojIIPId><sln:wojIIPPn>PL.PZGIK.200</sln:wojIIPPn><sln:wojIIPWersja>2017-10-10T00:00:00+02:00</sln:wojIIPWersja><sln:wojIdTeryt>12</sln:wojIdTeryt><sln:wojNazwa>małopolskie</sln:wojNazwa></sln:miejscowosc><sln:miejscowosc><sln:cyklZyciaDo>2017-04-19T00:00:00+02:00</sln:cyklZyciaDo><sln:cyklZyciaOd>2016-02-05T00:00:00+01:00</sln:cyklZyciaOd><sln:gmIIPId>44b447b8-5424-4b73-969c-d1b15b44a934</sln:gmIIPId><sln:gmIIPPn>PL.PZGIK.200</sln:gmIIPPn><sln:gmIIPWersja>2012-09-26T22:08:48+02:00</sln:gmIIPWersja><sln:gmIdTeryt>1203022</sln:gmIdTeryt><sln:gmNazwa>Babice</sln:gmNazwa><sln:miejscIIPId>9aa45649-e70a-48e7-ba48-95ecbbc8c577</sln:miejscIIPId><sln:miejscIIPPn>PL.PZGIK.200</sln:miejscIIPPn><sln:miejscIIPWersja>2016-11-24T09:46:37+02:00</sln:miejscIIPWersja><sln:miejscIdTeryt>0212044</sln:miejscIdTeryt><sln:miejscNazwa>Wygiełzów</sln:miejscNazwa><sln:miejscRodzaj>Wieś</sln:miejscRodzaj><sln:powIIPId>8eaf0bfb-3bf3-40dd-a6bb-f5afb0a466c6</sln:powIIPId><sln:powIIPPn>PL.PZGIK.200</sln:powIIPPn><sln:powIIPWersja>2012-09-27T07:52:00+02:00</sln:powIIPWersja><sln:powIdTeryt>1203</sln:powIdTeryt><sln:powNazwa>chrzanowski</sln:powNazwa><sln:waznyOd>2013-12-05T00:00:00+01:00</sln:waznyOd><sln:wojIIPId>dd2e3c64-f861-47cf-a3a3-e7751f272b2f</sln:wojIIPId><sln:wojIIPPn>PL.PZGIK.200</sln:wojIIPPn><sln:wojIIPWersja>2017-10-10T00:00:00+02:00</sln:wojIIPWersja><sln:wojIdTeryt>12</sln:wojIdTeryt><sln:wojNazwa>małopolskie</sln:wojNazwa></sln:miejscowosc><sln:miejscowosc><sln:cyklZyciaDo>2017-04-19T00:00:00+02:00</sln:cyklZyciaDo><sln:cyklZyciaOd>2016-02-05T00:00:00+01:00</sln:cyklZyciaOd><sln:gmIIPId>44b447b8-5424-4b73-969c-d1b15b44a934</sln:gmIIPId><sln:gmIIPPn>PL.PZGIK.200</sln:gmIIPPn><sln:gmIIPWersja>2012-09-26T22:08:48+02:00</sln:gmIIPWersja><sln:gmIdTeryt>1203022</sln:gmIdTeryt><sln:gmNazwa>Babice</sln:gmNazwa><sln:miejscIIPId>05ad9a0a-198e-45f4-9c65-d83a16087fca</sln:miejscIIPId><sln:miejscIIPPn>PL.PZGIK.200</sln:miejscIIPPn><sln:miejscIIPWersja>2016-11-24T09:46:39+02:00</sln:miejscIIPWersja><sln:miejscIdTeryt>0212067</sln:miejscIdTeryt><sln:miejscNazwa>Zagórze</sln:miejscNazwa><sln:miejscRodzaj>Wieś</sln:miejscRodzaj><sln:powIIPId>8eaf0bfb-3bf3-40dd-a6bb-f5afb0a466c6</sln:powIIPId><sln:powIIPPn>PL.PZGIK.200</sln:powIIPPn><sln:powIIPWersja>2012-09-27T07:52:00+02:00</sln:powIIPWersja><sln:powIdTeryt>1203</sln:powIdTeryt><sln:powNazwa>chrzanowski</sln:powNazwa><sln:waznyOd>2014-12-02T00:00:00+01:00</sln:waznyOd><sln:wojIIPId>dd2e3c64-f861-47cf-a3a3-e7751f272b2f</sln:wojIIPId><sln:wojIIPPn>PL.PZGIK.200</sln:wojIIPPn><sln:wojIIPWersja>2017-10-10T00:00:00+02:00</sln:wojIIPWersja><sln:wojIdTeryt>12</sln:wojIdTeryt><sln:wojNazwa>małopolskie</sln:wojNazwa></sln:miejscowosc><sln:miejscowosc><sln:cyklZyciaDo>2015-12-15T00:00:00+01:00</sln:cyklZyciaDo><sln:cyklZyciaOd>2015-06-12T00:00:00+02:00</sln:cyklZyciaOd><sln:gmIIPId>44b447b8-5424-4b73-969c-d1b15b44a934</sln:gmIIPId><sln:gmIIPPn>PL.PZGIK.200</sln:gmIIPPn><sln:gmIIPWersja>2012-09-26T22:08:48+02:00</sln:gmIIPWersja><sln:gmIdTeryt>1203022</sln:gmIdTeryt><sln:gmNazwa>Babice</sln:gmNazwa><sln:miejscIIPId>e0ca7f5b-aaae-4736-b56a-96fc9e72d6ef</sln:miejscIIPId><sln:miejscIIPPn>PL.PZGIK.200</sln:miejscIIPPn><sln:miejscIIPWersja>2016-11-24T09:46:28+02:00</sln:miejscIIPWersja><sln:miejscIdTeryt>0211808</sln:miejscIdTeryt><sln:miejscNazwa>Babice</sln:miejscNazwa><sln:miejscRodzaj>Wieś</sln:miejscRodzaj><sln:powIIPId>8eaf0bfb-3bf3-40dd-a6bb-f5afb0a466c6</sln:powIIPId><sln:powIIPPn>PL.PZGIK.200</sln:powIIPPn><sln:powIIPWersja>2012-09-27T07:52:00+02:00</sln:powIIPWersja><sln:powIdTeryt>1203</sln:powIdTeryt><sln:powNazwa>chrzanowski</sln:powNazwa><sln:waznyOd>2013-12-05T00:00:00+01:00</sln:waznyOd><sln:wojIIPId>dd2e3c64-f861-47cf-a3a3-e7751f272b2f</sln:wojIIPId><sln:wojIIPPn>PL.PZGIK.200</sln:wojIIPPn><sln:wojIIPWersja>2017-10-10T00:00:00+02:00</sln:wojIIPWersja><sln:wojIdTeryt>12</sln:wojIdTeryt><sln:wojNazwa>małopolskie</sln:wojNazwa></sln:miejscowosc><sln:miejscowosc><sln:cyklZyciaDo>2015-12-15T00:00:00+01:00</sln:cyklZyciaDo><sln:cyklZyciaOd>2015-06-12T00:00:00+02:00</sln:cyklZyciaOd><sln:gmIIPId>44b447b8-5424-4b73-969c-d1b15b44a934</sln:gmIIPId><sln:gmIIPPn>PL.PZGIK.200</sln:gmIIPPn><sln:gmIIPWersja>2012-09-26T22:08:48+02:00</sln:gmIIPWersja><sln:gmIdTeryt>1203022</sln:gmIdTeryt><sln:gmNazwa>Babice</sln:gmNazwa><sln:miejscIIPId>6a8c7f64-a658-4c98-bfe0-1fae2df4a03a</sln:miejscIIPId><sln:miejscIIPPn>PL.PZGIK.200</sln:miejscIIPPn><sln:miejscIIPWersja>2016-11-24T09:46:30+02:00</sln:miejscIIPWersja><sln:miejscIdTeryt>0211843</sln:miejscIdTeryt><sln:miejscNazwa>Jankowice</sln:miejscNazwa><sln:miejscRodzaj>Wieś</sln:miejscRodzaj><sln:powIIPId>8eaf0bfb-3bf3-40dd-a6bb-f5afb0a466c6</sln:powIIPId><sln:powIIPPn>PL.PZGIK.200</sln:powIIPPn><sln:powIIPWersja>2012-09-27T07:52:00+02:00</sln:powIIPWersja><sln:powIdTeryt>1203</sln:powIdTeryt><sln:powNazwa>chrzanowski</sln:powNazwa><sln:waznyOd>2013-12-05T00:00:00+01:00</sln:waznyOd><sln:wojIIPId>dd2e3c64-f861-47cf-a3a3-e7751f272b2f</sln:wojIIPId><sln:wojIIPPn>PL.PZGIK.200</sln:wojIIPPn><sln:wojIIPWersja>2017-10-10T00:00:00+02:00</sln:wojIIPWersja><sln:wojIdTeryt>12</sln:wojIdTeryt><sln:wojNazwa>małopolskie</sln:wojNazwa></sln:miejscowosc><sln:miejscowosc><sln:cyklZyciaDo>2015-12-15T00:00:00+01:00</sln:cyklZyciaDo><sln:cyklZyciaOd>2015-06-12T00:00:00+02:00</sln:cyklZyciaOd><sln:gmIIPId>44b447b8-5424-4b73-969c-d1b15b44a934</sln:gmIIPId><sln:gmIIPPn>PL.PZGIK.200</sln:gmIIPPn><sln:gmIIPWersja>2012-09-26T22:08:48+02:00</sln:gmIIPWersja><sln:gmIdTeryt>1203022</sln:gmIdTeryt><sln:gmNazwa>Babice</sln:gmNazwa><sln:miejscIIPId>a64c1a1d-404d-4e13-bc6d-50dc8cfd2cff</sln:miejscIIPId><sln:miejscIIPPn>PL.PZGIK.200</sln:miejscIIPPn><sln:miejscIIPWersja>2016-11-24T09:46:32+02:00</sln:miejscIIPWersja><sln:miejscIdTeryt>0211889</sln:miejscIdTeryt><sln:miejscNazwa>Mętków</sln:miejscNazwa><sln:miejscRodzaj>Wieś</sln:miejscRodzaj><sln:powIIPId>8eaf0bfb-3bf3-40dd-a6bb-f5afb0a466c6</sln:powIIPId><sln:powIIPPn>PL.PZGIK.200</sln:powIIPPn><sln:powIIPWersja>2012-09-27T07:52:00+02:00</sln:powIIPWersja><sln:powIdTeryt>1203</sln:powIdTeryt><sln:powNazwa>chrzanowski</sln:powNazwa><sln:waznyOd>2013-12-05T00:00:00+01:00</sln:waznyOd><sln:wojIIPId>dd2e3c64-f861-47cf-a3a3-e7751f272b2f</sln:wojIIPId><sln:wojIIPPn>PL.PZGIK.200</sln:wojIIPPn><sln:wojIIPWersja>2017-10-10T00:00:00+02:00</sln:wojIIPWersja><sln:wojIdTeryt>12</sln:wojIdTeryt><sln:wojNazwa>małopolskie</sln:wojNazwa></sln:miejscowosc><sln:miejscowosc><sln:cyklZyciaDo>2015-12-15T00:00:00+01:00</sln:cyklZyciaDo><sln:cyklZyciaOd>2015-06-12T00:00:00+02:00</sln:cyklZyciaOd><sln:gmIIPId>44b447b8-5424-4b73-969c-d1b15b44a934</sln:gmIIPId><sln:gmIIPPn>PL.PZGIK.200</sln:gmIIPPn><sln:gmIIPWersja>2012-09-26T22:08:48+02:00</sln:gmIIPWersja><sln:gmIdTeryt>1203022</sln:gmIdTeryt><sln:gmNazwa>Babice</sln:gmNazwa><sln:miejscIIPId>7bf3b32e-deb7-4534-a4cd-a22f66a2e875</sln:miejscIIPId><sln:miejscIIPPn>PL.PZGIK.200</sln:miejscIIPPn><sln:miejscIIPWersja>2016-11-24T09:46:34+02:00</sln:miejscIIPWersja><sln:miejscIdTeryt>0211910</sln:miejscIdTeryt><sln:miejscNazwa>Olszyny</sln:miejscNazwa><sln:miejscRodzaj>Wieś</sln:miejscRodzaj><sln:powIIPId>8eaf0bfb-3bf3-40dd-a6bb-f5afb0a466c6</sln:powIIPId><sln:powIIPPn>PL.PZGIK.200</sln:powIIPPn><sln:powIIPWersja>2012-09-27T07:52:00+02:00</sln:powIIPWersja><sln:powIdTeryt>1203</sln:powIdTeryt><sln:powNazwa>chrzanowski</sln:powNazwa><sln:waznyOd>2013-12-05T00:00:00+01:00</sln:waznyOd><sln:wojIIPId>dd2e3c64-f861-47cf-a3a3-e7751f272b2f</sln:wojIIPId><sln:wojIIPPn>PL.PZGIK.200</sln:wojIIPPn><sln:wojIIPWersja>2017-10-10T00:00:00+02:00</sln:wojIIPWersja><sln:wojIdTeryt>12</sln:wojIdTeryt><sln:wojNazwa>małopolskie</sln:wojNazwa></sln:miejscowosc><sln:miejscowosc><sln:cyklZyciaDo>2015-12-15T00:00:00+01:00</sln:cyklZyciaDo><sln:cyklZyciaOd>2015-06-12T00:00:00+02:00</sln:cyklZyciaOd><sln:gmIIPId>44b447b8-5424-4b73-969c-d1b15b44a934</sln:gmIIPId><sln:gmIIPPn>PL.PZGIK.200</sln:gmIIPPn><sln:gmIIPWersja>2012-09-26T22:08:48+02:00</sln:gmIIPWersja><sln:gmIdTeryt>1203022</sln:gmIdTeryt><sln:gmNazwa>Babice</sln:gmNazwa><sln:miejscIIPId>f195f377-dd16-4a63-bd03-875ff0a5daa2</sln:miejscIIPId><sln:miejscIIPPn>PL.PZGIK.200</sln:miejscIIPPn><sln:miejscIIPWersja>2016-11-24T09:46:36+02:00</sln:miejscIIPWersja><sln:miejscIdTeryt>0211961</sln:miejscIdTeryt><sln:miejscNazwa>Rozkochów</sln:miejscNazwa><sln:miejscRodzaj>Wieś</sln:miejscRodzaj><sln:powIIPId>8eaf0bfb-3bf3-40dd-a6bb-f5afb0a466c6</sln:powIIPId><sln:powIIPPn>PL.PZGIK.200</sln:powIIPPn><sln:powIIPWersja>2012-09-27T07:52:00+02:00</sln:powIIPWersja><sln:powIdTeryt>1203</sln:powIdTeryt><sln:powNazwa>chrzanowski</sln:powNazwa><sln:waznyOd>2013-12-05T00:00:00+01:00</sln:waznyOd><sln:wojIIPId>dd2e3c64-f861-47cf-a3a3-e7751f272b2f</sln:wojIIPId><sln:wojIIPPn>PL.PZGIK.200</sln:wojIIPPn><sln:wojIIPWersja>2017-10-10T00:00:00+02:00</sln:wojIIPWersja><sln:wojIdTeryt>12</sln:wojIdTeryt><sln:wojNazwa>małopolskie</sln:wojNazwa></sln:miejscowosc><sln:miejscowosc><sln:cyklZyciaDo>2015-12-15T00:00:00+01:00</sln:cyklZyciaDo><sln:cyklZyciaOd>2015-06-12T00:00:00+02:00</sln:cyklZyciaOd><sln:gmIIPId>44b447b8-5424-4b73-969c-d1b15b44a934</sln:gmIIPId><sln:gmIIPPn>PL.PZGIK.200</sln:gmIIPPn><sln:gmIIPWersja>2012-09-26T22:08:48+02:00</sln:gmIIPWersja><sln:gmIdTeryt>1203022</sln:gmIdTeryt><sln:gmNazwa>Babice</sln:gmNazwa><sln:miejscIIPId>9aa45649-e70a-48e7-ba48-95ecbbc8c577</sln:miejscIIPId><sln:miejscIIPPn>PL.PZGIK.200</sln:miejscIIPPn><sln:miejscIIPWersja>2016-11-24T09:46:38+02:00</sln:miejscIIPWersja><sln:miejscIdTeryt>0212044</sln:miejscIdTeryt><sln:miejscNazwa>Wygiełzów</sln:miejscNazwa><sln:miejscRodzaj>Wieś</sln:miejscRodzaj><sln:powIIPId>8eaf0bfb-3bf3-40dd-a6bb-f5afb0a466c6</sln:powIIPId><sln:powIIPPn>PL.PZGIK.200</sln:powIIPPn><sln:powIIPWersja>2012-09-27T07:52:00+02:00</sln:powIIPWersja><sln:powIdTeryt>1203</sln:powIdTeryt><sln:powNazwa>chrzanowski</sln:powNazwa><sln:waznyOd>2013-12-05T00:00:00+01:00</sln:waznyOd><sln:wojIIPId>dd2e3c64-f861-47cf-a3a3-e7751f272b2f</sln:wojIIPId><sln:wojIIPPn>PL.PZGIK.200</sln:wojIIPPn><sln:wojIIPWersja>2017-10-10T00:00:00+02:00</sln:wojIIPWersja><sln:wojIdTeryt>12</sln:wojIdTeryt><sln:wojNazwa>małopolskie</sln:wojNazwa></sln:miejscowosc><sln:miejscowosc><sln:cyklZyciaDo>2015-12-15T00:00:00+01:00</sln:cyklZyciaDo><sln:cyklZyciaOd>2015-06-12T00:00:00+02:00</sln:cyklZyciaOd><sln:gmIIPId>44b447b8-5424-4b73-969c-d1b15b44a934</sln:gmIIPId><sln:gmIIPPn>PL.PZGIK.200</sln:gmIIPPn><sln:gmIIPWersja>2012-09-26T22:08:48+02:00</sln:gmIIPWersja><sln:gmIdTeryt>1203022</sln:gmIdTeryt><sln:gmNazwa>Babice</sln:gmNazwa><sln:miejscIIPId>05ad9a0a-198e-45f4-9c65-d83a16087fca</sln:miejscIIPId><sln:miejscIIPPn>PL.PZGIK.200</sln:miejscIIPPn><sln:miejscIIPWersja>2016-11-24T09:46:40+02:00</sln:miejscIIPWersja><sln:miejscIdTeryt>0212067</sln:miejscIdTeryt><sln:miejscNazwa>Zagórze</sln:miejscNazwa><sln:miejscRodzaj>Wieś</sln:miejscRodzaj><sln:powIIPId>8eaf0bfb-3bf3-40dd-a6bb-f5afb0a466c6</sln:powIIPId><sln:powIIPPn>PL.PZGIK.200</sln:powIIPPn><sln:powIIPWersja>2012-09-27T07:52:00+02:00</sln:powIIPWersja><sln:powIdTeryt>1203</sln:powIdTeryt><sln:powNazwa>chrzanowski</sln:powNazwa><sln:waznyOd>2014-12-02T00:00:00+01:00</sln:waznyOd><sln:wojIIPId>dd2e3c64-f861-47cf-a3a3-e7751f272b2f</sln:wojIIPId><sln:wojIIPPn>PL.PZGIK.200</sln:wojIIPPn><sln:wojIIPWersja>2017-10-10T00:00:00+02:00</sln:wojIIPWersja><sln:wojIdTeryt>12</sln:wojIdTeryt><sln:wojNazwa>małopolskie</sln:wojNazwa></sln:miejscowosc><sln:miejscowosc><sln:cyklZyciaDo>2016-02-05T00:00:00+01:00</sln:cyklZyciaDo><sln:cyklZyciaOd>2015-12-15T00:00:00+01:00</sln:cyklZyciaOd><sln:gmIIPId>44b447b8-5424-4b73-969c-d1b15b44a934</sln:gmIIPId><sln:gmIIPPn>PL.PZGIK.200</sln:gmIIPPn><sln:gmIIPWersja>2012-09-26T22:08:48+02:00</sln:gmIIPWersja><sln:gmIdTeryt>1203022</sln:gmIdTeryt><sln:gmNazwa>Babice</sln:gmNazwa><sln:miejscIIPId>e0ca7f5b-aaae-4736-b56a-96fc9e72d6ef</sln:miejscIIPId><sln:miejscIIPPn>PL.PZGIK.200</sln:miejscIIPPn><sln:miejscIIPWersja>2016-11-24T09:46:29+02:00</sln:miejscIIPWersja><sln:miejscIdTeryt>0211808</sln:miejscIdTeryt><sln:miejscNazwa>Babice</sln:miejscNazwa><sln:miejscRodzaj>Wieś</sln:miejscRodzaj><sln:powIIPId>8eaf0bfb-3bf3-40dd-a6bb-f5afb0a466c6</sln:powIIPId><sln:powIIPPn>PL.PZGIK.200</sln:powIIPPn><sln:powIIPWersja>2012-09-27T07:52:00+02:00</sln:powIIPWersja><sln:powIdTeryt>1203</sln:powIdTeryt><sln:powNazwa>chrzanowski</sln:powNazwa><sln:waznyOd>2013-12-05T00:00:00+01:00</sln:waznyOd><sln:wojIIPId>dd2e3c64-f861-47cf-a3a3-e7751f272b2f</sln:wojIIPId><sln:wojIIPPn>PL.PZGIK.200</sln:wojIIPPn><sln:wojIIPWersja>2017-10-10T00:00:00+02:00</sln:wojIIPWersja><sln:wojIdTeryt>12</sln:wojIdTeryt><sln:wojNazwa>małopolskie</sln:wojNazwa></sln:miejscowosc><sln:miejscowosc><sln:cyklZyciaDo>2016-02-05T00:00:00+01:00</sln:cyklZyciaDo><sln:cyklZyciaOd>2015-12-15T00:00:00+01:00</sln:cyklZyciaOd><sln:gmIIPId>44b447b8-5424-4b73-969c-d1b15b44a934</sln:gmIIPId><sln:gmIIPPn>PL.PZGIK.200</sln:gmIIPPn><sln:gmIIPWersja>2012-09-26T22:08:48+02:00</sln:gmIIPWersja><sln:gmIdTeryt>1203022</sln:gmIdTeryt><sln:gmNazwa>Babice</sln:gmNazwa><sln:miejscIIPId>6a8c7f64-a658-4c98-bfe0-1fae2df4a03a</sln:miejscIIPId><sln:miejscIIPPn>PL.PZGIK.200</sln:miejscIIPPn><sln:miejscIIPWersja>2016-11-24T09:46:31+02:00</sln:miejscIIPWersja><sln:miejscIdTeryt>0211843</sln:miejscIdTeryt><sln:miejscNazwa>Jankowice</sln:miejscNazwa><sln:miejscRodzaj>Wieś</sln:miejscRodzaj><sln:powIIPId>8eaf0bfb-3bf3-40dd-a6bb-f5afb0a466c6</sln:powIIPId><sln:powIIPPn>PL.PZGIK.200</sln:powIIPPn><sln:powIIPWersja>2012-09-27T07:52:00+02:00</sln:powIIPWersja><sln:powIdTeryt>1203</sln:powIdTeryt><sln:powNazwa>chrzanowski</sln:powNazwa><sln:waznyOd>2013-12-05T00:00:00+01:00</sln:waznyOd><sln:wojIIPId>dd2e3c64-f861-47cf-a3a3-e7751f272b2f</sln:wojIIPId><sln:wojIIPPn>PL.PZGIK.200</sln:wojIIPPn><sln:wojIIPWersja>2017-10-10T00:00:00+02:00</sln:wojIIPWersja><sln:wojIdTeryt>12</sln:wojIdTeryt><sln:wojNazwa>małopolskie</sln:wojNazwa></sln:miejscowosc><sln:miejscowosc><sln:cyklZyciaDo>2016-02-05T00:00:00+01:00</sln:cyklZyciaDo><sln:cyklZyciaOd>2015-12-15T00:00:00+01:00</sln:cyklZyciaOd><sln:gmIIPId>44b447b8-5424-4b73-969c-d1b15b44a934</sln:gmIIPId><sln:gmIIPPn>PL.PZGIK.200</sln:gmIIPPn><sln:gmIIPWersja>2012-09-26T22:08:48+02:00</sln:gmIIPWersja><sln:gmIdTeryt>1203022</sln:gmIdTeryt><sln:gmNazwa>Babice</sln:gmNazwa><sln:miejscIIPId>a64c1a1d-404d-4e13-bc6d-50dc8cfd2cff</sln:miejscIIPId><sln:miejscIIPPn>PL.PZGIK.200</sln:miejscIIPPn><sln:miejscIIPWersja>2016-11-24T09:46:33+02:00</sln:miejscIIPWersja><sln:miejscIdTeryt>0211889</sln:miejscIdTeryt><sln:miejscNazwa>Mętków</sln:miejscNazwa><sln:miejscRodzaj>Wieś</sln:miejscRodzaj><sln:powIIPId>8eaf0bfb-3bf3-40dd-a6bb-f5afb0a466c6</sln:powIIPId><sln:powIIPPn>PL.PZGIK.200</sln:powIIPPn><sln:powIIPWersja>2012-09-27T07:52:00+02:00</sln:powIIPWersja><sln:powIdTeryt>1203</sln:powIdTeryt><sln:powNazwa>chrzanowski</sln:powNazwa><sln:waznyOd>2013-12-05T00:00:00+01:00</sln:waznyOd><sln:wojIIPId>dd2e3c64-f861-47cf-a3a3-e7751f272b2f</sln:wojIIPId><sln:wojIIPPn>PL.PZGIK.200</sln:wojIIPPn><sln:wojIIPWersja>2017-10-10T00:00:00+02:00</sln:wojIIPWersja><sln:wojIdTeryt>12</sln:wojIdTeryt><sln:wojNazwa>małopolskie</sln:wojNazwa></sln:miejscowosc><sln:miejscowosc><sln:cyklZyciaDo>2016-02-05T00:00:00+01:00</sln:cyklZyciaDo><sln:cyklZyciaOd>2015-12-15T00:00:00+01:00</sln:cyklZyciaOd><sln:gmIIPId>44b447b8-5424-4b73-969c-d1b15b44a934</sln:gmIIPId><sln:gmIIPPn>PL.PZGIK.200</sln:gmIIPPn><sln:gmIIPWersja>2012-09-26T22:08:48+02:00</sln:gmIIPWersja><sln:gmIdTeryt>1203022</sln:gmIdTeryt><sln:gmNazwa>Babice</sln:gmNazwa><sln:miejscIIPId>7bf3b32e-deb7-4534-a4cd-a22f66a2e875</sln:miejscIIPId><sln:miejscIIPPn>PL.PZGIK.200</sln:miejscIIPPn><sln:miejscIIPWersja>2016-11-24T09:46:35+02:00</sln:miejscIIPWersja><sln:miejscIdTeryt>0211910</sln:miejscIdTeryt><sln:miejscNazwa>Olszyny</sln:miejscNazwa><sln:miejscRodzaj>Wieś</sln:miejscRodzaj><sln:powIIPId>8eaf0bfb-3bf3-40dd-a6bb-f5afb0a466c6</sln:powIIPId><sln:powIIPPn>PL.PZGIK.200</sln:powIIPPn><sln:powIIPWersja>2012-09-27T07:52:00+02:00</sln:powIIPWersja><sln:powIdTeryt>1203</sln:powIdTeryt><sln:powNazwa>chrzanowski</sln:powNazwa><sln:waznyOd>2013-12-05T00:00:00+01:00</sln:waznyOd><sln:wojIIPId>dd2e3c64-f861-47cf-a3a3-e7751f272b2f</sln:wojIIPId><sln:wojIIPPn>PL.PZGIK.200</sln:wojIIPPn><sln:wojIIPWersja>2017-10-10T00:00:00+02:00</sln:wojIIPWersja><sln:wojIdTeryt>12</sln:wojIdTeryt><sln:wojNazwa>małopolskie</sln:wojNazwa></sln:miejscowosc><sln:miejscowosc><sln:cyklZyciaDo>2016-02-05T00:00:00+01:00</sln:cyklZyciaDo><sln:cyklZyciaOd>2015-12-15T00:00:00+01:00</sln:cyklZyciaOd><sln:gmIIPId>44b447b8-5424-4b73-969c-d1b15b44a934</sln:gmIIPId><sln:gmIIPPn>PL.PZGIK.200</sln:gmIIPPn><sln:gmIIPWersja>2012-09-26T22:08:48+02:00</sln:gmIIPWersja><sln:gmIdTeryt>1203022</sln:gmIdTeryt><sln:gmNazwa>Babice</sln:gmNazwa><sln:miejscIIPId>f195f377-dd16-4a63-bd03-875ff0a5daa2</sln:miejscIIPId><sln:miejscIIPPn>PL.PZGIK.200</sln:miejscIIPPn><sln:miejscIIPWersja>2016-11-24T09:46:37+02:00</sln:miejscIIPWersja><sln:miejscIdTeryt>0211961</sln:miejscIdTeryt><sln:miejscNazwa>Rozkochów</sln:miejscNazwa><sln:miejscRodzaj>Wieś</sln:miejscRodzaj><sln:powIIPId>8eaf0bfb-3bf3-40dd-a6bb-f5afb0a466c6</sln:powIIPId><sln:powIIPPn>PL.PZGIK.200</sln:powIIPPn><sln:powIIPWersja>2012-09-27T07:52:00+02:00</sln:powIIPWersja><sln:powIdTeryt>1203</sln:powIdTeryt><sln:powNazwa>chrzanowski</sln:powNazwa><sln:waznyOd>2013-12-05T00:00:00+01:00</sln:waznyOd><sln:wojIIPId>dd2e3c64-f861-47cf-a3a3-e7751f272b2f</sln:wojIIPId><sln:wojIIPPn>PL.PZGIK.200</sln:wojIIPPn><sln:wojIIPWersja>2017-10-10T00:00:00+02:00</sln:wojIIPWersja><sln:wojIdTeryt>12</sln:wojIdTeryt><sln:wojNazwa>małopolskie</sln:wojNazwa></sln:miejscowosc><sln:miejscowosc><sln:cyklZyciaDo>2016-02-05T00:00:00+01:00</sln:cyklZyciaDo><sln:cyklZyciaOd>2015-12-15T00:00:00+01:00</sln:cyklZyciaOd><sln:gmIIPId>44b447b8-5424-4b73-969c-d1b15b44a934</sln:gmIIPId><sln:gmIIPPn>PL.PZGIK.200</sln:gmIIPPn><sln:gmIIPWersja>2012-09-26T22:08:48+02:00</sln:gmIIPWersja><sln:gmIdTeryt>1203022</sln:gmIdTeryt><sln:gmNazwa>Babice</sln:gmNazwa><sln:miejscIIPId>9aa45649-e70a-48e7-ba48-95ecbbc8c577</sln:miejscIIPId><sln:miejscIIPPn>PL.PZGIK.200</sln:miejscIIPPn><sln:miejscIIPWersja>2016-11-24T09:46:39+02:00</sln:miejscIIPWersja><sln:miejscIdTeryt>0212044</sln:miejscIdTeryt><sln:miejscNazwa>Wygiełzów</sln:miejscNazwa><sln:miejscRodzaj>Wieś</sln:miejscRodzaj><sln:powIIPId>8eaf0bfb-3bf3-40dd-a6bb-f5afb0a466c6</sln:powIIPId><sln:powIIPPn>PL.PZGIK.200</sln:powIIPPn><sln:powIIPWersja>2012-09-27T07:52:00+02:00</sln:powIIPWersja><sln:powIdTeryt>1203</sln:powIdTeryt><sln:powNazwa>chrzanowski</sln:powNazwa><sln:waznyOd>2013-12-05T00:00:00+01:00</sln:waznyOd><sln:wojIIPId>dd2e3c64-f861-47cf-a3a3-e7751f272b2f</sln:wojIIPId><sln:wojIIPPn>PL.PZGIK.200</sln:wojIIPPn><sln:wojIIPWersja>2017-10-10T00:00:00+02:00</sln:wojIIPWersja><sln:wojIdTeryt>12</sln:wojIdTeryt><sln:wojNazwa>małopolskie</sln:wojNazwa></sln:miejscowosc><sln:miejscowosc><sln:cyklZyciaDo>2016-02-05T00:00:00+01:00</sln:cyklZyciaDo><sln:cyklZyciaOd>2015-12-15T00:00:00+01:00</sln:cyklZyciaOd><sln:gmIIPId>44b447b8-5424-4b73-969c-d1b15b44a934</sln:gmIIPId><sln:gmIIPPn>PL.PZGIK.200</sln:gmIIPPn><sln:gmIIPWersja>2012-09-26T22:08:48+02:00</sln:gmIIPWersja><sln:gmIdTeryt>1203022</sln:gmIdTeryt><sln:gmNazwa>Babice</sln:gmNazwa><sln:miejscIIPId>05ad9a0a-198e-45f4-9c65-d83a16087fca</sln:miejscIIPId><sln:miejscIIPPn>PL.PZGIK.200</sln:miejscIIPPn><sln:miejscIIPWersja>2016-11-24T09:46:41+02:00</sln:miejscIIPWersja><sln:miejscIdTeryt>0212067</sln:miejscIdTeryt><sln:miejscNazwa>Zagórze</sln:miejscNazwa><sln:miejscRodzaj>Wieś</sln:miejscRodzaj><sln:powIIPId>8eaf0bfb-3bf3-40dd-a6bb-f5afb0a466c6</sln:powIIPId><sln:powIIPPn>PL.PZGIK.200</sln:powIIPPn><sln:powIIPWersja>2012-09-27T07:52:00+02:00</sln:powIIPWersja><sln:powIdTeryt>1203</sln:powIdTeryt><sln:powNazwa>chrzanowski</sln:powNazwa><sln:waznyOd>2014-12-02T00:00:00+01:00</sln:waznyOd><sln:wojIIPId>dd2e3c64-f861-47cf-a3a3-e7751f272b2f</sln:wojIIPId><sln:wojIIPPn>PL.PZGIK.200</sln:wojIIPPn><sln:wojIIPWersja>2017-10-10T00:00:00+02:00</sln:wojIIPWersja><sln:wojIdTeryt>12</sln:wojIdTeryt><sln:wojNazwa>małopolskie</sln:wojNazwa></sln:miejscowosc><sln:miejscowosc><sln:cyklZyciaOd>2017-04-19T00:00:00+02:00</sln:cyklZyciaOd><sln:gmIIPId>44b447b8-5424-4b73-969c-d1b15b44a934</sln:gmIIPId><sln:gmIIPPn>PL.PZGIK.200</sln:gmIIPPn><sln:gmIIPWersja>2012-09-26T22:08:48+02:00</sln:gmIIPWersja><sln:gmIdTeryt>1203022</sln:gmIdTeryt><sln:gmNazwa>Babice</sln:gmNazwa><sln:miejscIIPId>e0ca7f5b-aaae-4736-b56a-96fc9e72d6ef</sln:miejscIIPId><sln:miejscIIPPn>PL.PZGIK.200</sln:miejscIIPPn><sln:miejscIIPWersja>2017-04-19T11:46:36+02:00</sln:miejscIIPWersja><sln:miejscIdTeryt>0211808</sln:miejscIdTeryt><sln:miejscNazwa>Babice</sln:miejscNazwa><sln:miejscRodzaj>Wieś</sln:miejscRodzaj><sln:powIIPId>8eaf0bfb-3bf3-40dd-a6bb-f5afb0a466c6</sln:powIIPId><sln:powIIPPn>PL.PZGIK.200</sln:powIIPPn><sln:powIIPWersja>2012-09-27T07:52:00+02:00</sln:powIIPWersja><sln:powIdTeryt>1203</sln:powIdTeryt><sln:powNazwa>chrzanowski</sln:powNazwa><sln:waznyOd>2013-12-05T00:00:00+01:00</sln:waznyOd><sln:wojIIPId>dd2e3c64-f861-47cf-a3a3-e7751f272b2f</sln:wojIIPId><sln:wojIIPPn>PL.PZGIK.200</sln:wojIIPPn><sln:wojIIPWersja>2017-10-10T00:00:00+02:00</sln:wojIIPWersja><sln:wojIdTeryt>12</sln:wojIdTeryt><sln:wojNazwa>małopolskie</sln:wojNazwa></sln:miejscowosc><sln:miejscowosc><sln:cyklZyciaOd>2017-04-19T00:00:00+02:00</sln:cyklZyciaOd><sln:gmIIPId>44b447b8-5424-4b73-969c-d1b15b44a934</sln:gmIIPId><sln:gmIIPPn>PL.PZGIK.200</sln:gmIIPPn><sln:gmIIPWersja>2012-09-26T22:08:48+02:00</sln:gmIIPWersja><sln:gmIdTeryt>1203022</sln:gmIdTeryt><sln:gmNazwa>Babice</sln:gmNazwa><sln:miejscIIPId>6a8c7f64-a658-4c98-bfe0-1fae2df4a03a</sln:miejscIIPId><sln:miejscIIPPn>PL.PZGIK.200</sln:miejscIIPPn><sln:miejscIIPWersja>2017-04-19T11:46:42+02:00</sln:miejscIIPWersja><sln:miejscIdTeryt>0211843</sln:miejscIdTeryt><sln:miejscNazwa>Jankowice</sln:miejscNazwa><sln:miejscRodzaj>Wieś</sln:miejscRodzaj><sln:powIIPId>8eaf0bfb-3bf3-40dd-a6bb-f5afb0a466c6</sln:powIIPId><sln:powIIPPn>PL.PZGIK.200</sln:powIIPPn><sln:powIIPWersja>2012-09-27T07:52:00+02:00</sln:powIIPWersja><sln:powIdTeryt>1203</sln:powIdTeryt><sln:powNazwa>chrzanowski</sln:powNazwa><sln:waznyOd>2013-12-05T00:00:00+01:00</sln:waznyOd><sln:wojIIPId>dd2e3c64-f861-47cf-a3a3-e7751f272b2f</sln:wojIIPId><sln:wojIIPPn>PL.PZGIK.200</sln:wojIIPPn><sln:wojIIPWersja>2017-10-10T00:00:00+02:00</sln:wojIIPWersja><sln:wojIdTeryt>12</sln:wojIdTeryt><sln:wojNazwa>małopolskie</sln:wojNazwa></sln:miejscowosc><sln:miejscowosc><sln:cyklZyciaOd>2017-04-19T00:00:00+02:00</sln:cyklZyciaOd><sln:gmIIPId>44b447b8-5424-4b73-969c-d1b15b44a934</sln:gmIIPId><sln:gmIIPPn>PL.PZGIK.200</sln:gmIIPPn><sln:gmIIPWersja>2012-09-26T22:08:48+02:00</sln:gmIIPWersja><sln:gmIdTeryt>1203022</sln:gmIdTeryt><sln:gmNazwa>Babice</sln:gmNazwa><sln:miejscIIPId>a64c1a1d-404d-4e13-bc6d-50dc8cfd2cff</sln:miejscIIPId><sln:miejscIIPPn>PL.PZGIK.200</sln:miejscIIPPn><sln:miejscIIPWersja>2017-04-19T11:46:43+02:00</sln:miejscIIPWersja><sln:miejscIdTeryt>0211889</sln:miejscIdTeryt><sln:miejscNazwa>Mętków</sln:miejscNazwa><sln:miejscRodzaj>Wieś</sln:miejscRodzaj><sln:powIIPId>8eaf0bfb-3bf3-40dd-a6bb-f5afb0a466c6</sln:powIIPId><sln:powIIPPn>PL.PZGIK.200</sln:powIIPPn><sln:powIIPWersja>2012-09-27T07:52:00+02:00</sln:powIIPWersja><sln:powIdTeryt>1203</sln:powIdTeryt><sln:powNazwa>chrzanowski</sln:powNazwa><sln:waznyOd>2013-12-05T00:00:00+01:00</sln:waznyOd><sln:wojIIPId>dd2e3c64-f861-47cf-a3a3-e7751f272b2f</sln:wojIIPId><sln:wojIIPPn>PL.PZGIK.200</sln:wojIIPPn><sln:wojIIPWersja>2017-10-10T00:00:00+02:00</sln:wojIIPWersja><sln:wojIdTeryt>12</sln:wojIdTeryt><sln:wojNazwa>małopolskie</sln:wojNazwa></sln:miejscowosc><sln:miejscowosc><sln:cyklZyciaOd>2017-04-19T00:00:00+02:00</sln:cyklZyciaOd><sln:gmIIPId>44b447b8-5424-4b73-969c-d1b15b44a934</sln:gmIIPId><sln:gmIIPPn>PL.PZGIK.200</sln:gmIIPPn><sln:gmIIPWersja>2012-09-26T22:08:48+02:00</sln:gmIIPWersja><sln:gmIdTeryt>1203022</sln:gmIdTeryt><sln:gmNazwa>Babice</sln:gmNazwa><sln:miejscIIPId>7bf3b32e-deb7-4534-a4cd-a22f66a2e875</sln:miejscIIPId><sln:miejscIIPPn>PL.PZGIK.200</sln:miejscIIPPn><sln:miejscIIPWersja>2017-04-19T11:46:43+02:00</sln:miejscIIPWersja><sln:miejscIdTeryt>0211910</sln:miejscIdTeryt><sln:miejscNazwa>Olszyny</sln:miejscNazwa><sln:miejscRodzaj>Wieś</sln:miejscRodzaj><sln:powIIPId>8eaf0bfb-3bf3-40dd-a6bb-f5afb0a466c6</sln:powIIPId><sln:powIIPPn>PL.PZGIK.200</sln:powIIPPn><sln:powIIPWersja>2012-09-27T07:52:00+02:00</sln:powIIPWersja><sln:powIdTeryt>1203</sln:powIdTeryt><sln:powNazwa>chrzanowski</sln:powNazwa><sln:waznyOd>2013-12-05T00:00:00+01:00</sln:waznyOd><sln:wojIIPId>dd2e3c64-f861-47cf-a3a3-e7751f272b2f</sln:wojIIPId><sln:wojIIPPn>PL.PZGIK.200</sln:wojIIPPn><sln:wojIIPWersja>2017-10-10T00:00:00+02:00</sln:wojIIPWersja><sln:wojIdTeryt>12</sln:wojIdTeryt><sln:wojNazwa>małopolskie</sln:wojNazwa></sln:miejscowosc><sln:miejscowosc><sln:cyklZyciaOd>2017-04-19T00:00:00+02:00</sln:cyklZyciaOd><sln:gmIIPId>44b447b8-5424-4b73-969c-d1b15b44a934</sln:gmIIPId><sln:gmIIPPn>PL.PZGIK.200</sln:gmIIPPn><sln:gmIIPWersja>2012-09-26T22:08:48+02:00</sln:gmIIPWersja><sln:gmIdTeryt>1203022</sln:gmIdTeryt><sln:gmNazwa>Babice</sln:gmNazwa><sln:miejscIIPId>f195f377-dd16-4a63-bd03-875ff0a5daa2</sln:miejscIIPId><sln:miejscIIPPn>PL.PZGIK.200</sln:miejscIIPPn><sln:miejscIIPWersja>2017-04-19T11:46:43+02:00</sln:miejscIIPWersja><sln:miejscIdTeryt>0211961</sln:miejscIdTeryt><sln:miejscNazwa>Rozkochów</sln:miejscNazwa><sln:miejscRodzaj>Wieś</sln:miejscRodzaj><sln:powIIPId>8eaf0bfb-3bf3-40dd-a6bb-f5afb0a466c6</sln:powIIPId><sln:powIIPPn>PL.PZGIK.200</sln:powIIPPn><sln:powIIPWersja>2012-09-27T07:52:00+02:00</sln:powIIPWersja><sln:powIdTeryt>1203</sln:powIdTeryt><sln:powNazwa>chrzanowski</sln:powNazwa><sln:waznyOd>2013-12-05T00:00:00+01:00</sln:waznyOd><sln:wojIIPId>dd2e3c64-f861-47cf-a3a3-e7751f272b2f</sln:wojIIPId><sln:wojIIPPn>PL.PZGIK.200</sln:wojIIPPn><sln:wojIIPWersja>2017-10-10T00:00:00+02:00</sln:wojIIPWersja><sln:wojIdTeryt>12</sln:wojIdTeryt><sln:wojNazwa>małopolskie</sln:wojNazwa></sln:miejscowosc><sln:miejscowosc><sln:cyklZyciaOd>2017-04-19T00:00:00+02:00</sln:cyklZyciaOd><sln:gmIIPId>44b447b8-5424-4b73-969c-d1b15b44a934</sln:gmIIPId><sln:gmIIPPn>PL.PZGIK.200</sln:gmIIPPn><sln:gmIIPWersja>2012-09-26T22:08:48+02:00</sln:gmIIPWersja><sln:gmIdTeryt>1203022</sln:gmIdTeryt><sln:gmNazwa>Babice</sln:gmNazwa><sln:miejscIIPId>9aa45649-e70a-48e7-ba48-95ecbbc8c577</sln:miejscIIPId><sln:miejscIIPPn>PL.PZGIK.200</sln:miejscIIPPn><sln:miejscIIPWersja>2017-04-19T11:46:43+02:00</sln:miejscIIPWersja><sln:miejscIdTeryt>0212044</sln:miejscIdTeryt><sln:miejscNazwa>Wygiełzów</sln:miejscNazwa><sln:miejscRodzaj>Wieś</sln:miejscRodzaj><sln:powIIPId>8eaf0bfb-3bf3-40dd-a6bb-f5afb0a466c6</sln:powIIPId><sln:powIIPPn>PL.PZGIK.200</sln:powIIPPn><sln:powIIPWersja>2012-09-27T07:52:00+02:00</sln:powIIPWersja><sln:powIdTeryt>1203</sln:powIdTeryt><sln:powNazwa>chrzanowski</sln:powNazwa><sln:waznyOd>2013-12-05T00:00:00+01:00</sln:waznyOd><sln:wojIIPId>dd2e3c64-f861-47cf-a3a3-e7751f272b2f</sln:wojIIPId><sln:wojIIPPn>PL.PZGIK.200</sln:wojIIPPn><sln:wojIIPWersja>2017-10-10T00:00:00+02:00</sln:wojIIPWersja><sln:wojIdTeryt>12</sln:wojIdTeryt><sln:wojNazwa>małopolskie</sln:wojNazwa></sln:miejscowosc><sln:miejscowosc><sln:cyklZyciaOd>2017-04-19T00:00:00+02:00</sln:cyklZyciaOd><sln:gmIIPId>44b447b8-5424-4b73-969c-d1b15b44a934</sln:gmIIPId><sln:gmIIPPn>PL.PZGIK.200</sln:gmIIPPn><sln:gmIIPWersja>2012-09-26T22:08:48+02:00</sln:gmIIPWersja><sln:gmIdTeryt>1203022</sln:gmIdTeryt><sln:gmNazwa>Babice</sln:gmNazwa><sln:miejscIIPId>05ad9a0a-198e-45f4-9c65-d83a16087fca</sln:miejscIIPId><sln:miejscIIPPn>PL.PZGIK.200</sln:miejscIIPPn><sln:miejscIIPWersja>2017-04-19T11:46:43+02:00</sln:miejscIIPWersja><sln:miejscIdTeryt>0212067</sln:miejscIdTeryt><sln:miejscNazwa>Zagórze</sln:miejscNazwa><sln:miejscRodzaj>Wieś</sln:miejscRodzaj><sln:powIIPId>8eaf0bfb-3bf3-40dd-a6bb-f5afb0a466c6</sln:powIIPId><sln:powIIPPn>PL.PZGIK.200</sln:powIIPPn><sln:powIIPWersja>2012-09-27T07:52:00+02:00</sln:powIIPWersja><sln:powIdTeryt>1203</sln:powIdTeryt><sln:powNazwa>chrzanowski</sln:powNazwa><sln:waznyOd>2014-12-02T00:00:00+01:00</sln:waznyOd><sln:wojIIPId>dd2e3c64-f861-47cf-a3a3-e7751f272b2f</sln:wojIIPId><sln:wojIIPPn>PL.PZGIK.200</sln:wojIIPPn><sln:wojIIPWersja>2017-10-10T00:00:00+02:00</sln:wojIIPWersja><sln:wojIdTeryt>12</sln:wojIdTeryt><sln:wojNazwa>małopolskie</sln:wojNazwa></sln:miejscowosc></sln:lista-miejscowosci>