<?xml version="1.0" encoding="UTF-8" standalone="yes"?><sln:lista-miejscowosci xmlns:srv="http://gugik.gov.pl/schemas/slowniki-service/1.0" xmlns:sln="http://gugik.gov.pl/schemas/slowniki-schema/1.0"><sln:miejscowosc><sln:cyklZyciaOd>2012-04-26T00:00:00+02:00</sln:cyklZyciaOd><sln:gmIIPId>4adc8dad-9839-4dfc-b1c3-dcdc78de23e8</sln:gmIIPId><sln:gmIIPPn>PL.PZGIK.200</sln:gmIIPPn><sln:gmIIPWersja>2012-09-26T22:08:55+02:00</sln:gmIIPWersja><sln:gmIdTeryt>1204012</sln:gmIdTeryt><sln:gmNazwa>Bolesław</sln:gmNazwa><sln:miejscIIPId>bbeef24f-6088-42b6-b524-21a8edb5ff89</sln:miejscIIPId><sln:miejscIIPPn>PL.PZGIK.200</sln:miejscIIPPn><sln:miejscIIPWersja>2016-11-24T13:28:30+02:00</sln:miejscIIPWersja><sln:miejscIdTeryt>0813217</sln:miejscIdTeryt><sln:miejscNazwa>Podlipie</sln:miejscNazwa><sln:miejscRodzaj>Wieś</sln:miejscRodzaj><sln:powIIPId>2f8e6930-0088-406e-b684-cebb73fc5bd9</sln:powIIPId><sln:powIIPPn>PL.PZGIK.200</sln:powIIPPn><sln:powIIPWersja>2012-09-27T07:52:00+02:00</sln:powIIPWersja><sln:powIdTeryt>1204</sln:powIdTeryt><sln:powNazwa>dąbrowski</sln:powNazwa><sln:wojIIPId>dd2e3c64-f861-47cf-a3a3-e7751f272b2f</sln:wojIIPId><sln:wojIIPPn>PL.PZGIK.200</sln:wojIIPPn><sln:wojIIPWersja>2017-10-10T00:00:00+02:00</sln:wojIIPWersja><sln:wojIdTeryt>12</sln:wojIdTeryt><sln:wojNazwa>małopolskie</sln:wojNazwa></sln:miejscowosc><sln:miejscowosc><sln:cyklZyciaOd>2012-04-26T00:00:00+02:00</sln:cyklZyciaOd><sln:gmIIPId>4adc8dad-9839-4dfc-b1c3-dcdc78de23e8</sln:gmIIPId><sln:gmIIPPn>PL.PZGIK.200</sln:gmIIPPn><sln:gmIIPWersja>2012-09-26T22:08:55+02:00</sln:gmIIPWersja><sln:gmIdTeryt>1204012</sln:gmIdTeryt><sln:gmNazwa>Bolesław</sln:gmNazwa><sln:miejscIIPId>56d2b2a4-cd2a-466e-8b9e-d3f864436499</sln:miejscIIPId><sln:miejscIIPPn>PL.PZGIK.200</sln:miejscIIPPn><sln:miejscIIPWersja>2016-11-24T13:28:30+02:00</sln:miejscIIPWersja><sln:miejscIdTeryt>4000096</sln:miejscIdTeryt><sln:miejscNazwa>Podlipie Dolne</sln:miejscNazwa><sln:miejscRodzaj>Inny obiekt</sln:miejscRodzaj><sln:powIIPId>2f8e6930-0088-406e-b684-cebb73fc5bd9</sln:powIIPId><sln:powIIPPn>PL.PZGIK.200</sln:powIIPPn><sln:powIIPWersja>2012-09-27T07:52:00+02:00</sln:powIIPWersja><sln:powIdTeryt>1204</sln:powIdTeryt><sln:powNazwa>dąbrowski</sln:powNazwa><sln:wojIIPId>dd2e3c64-f861-47cf-a3a3-e7751f272b2f</sln:wojIIPId><sln:wojIIPPn>PL.PZGIK.200</sln:wojIIPPn><sln:wojIIPWersja>2017-10-10T00:00:00+02:00</sln:wojIIPWersja><sln:wojIdTeryt>12</sln:wojIdTeryt><sln:wojNazwa>małopolskie</sln:wojNazwa></sln:miejscowosc><sln:miejscowosc><sln:cyklZyciaOd>2012-04-26T00:00:00+02:00</sln:cyklZyciaOd><sln:gmIIPId>4adc8dad-9839-4dfc-b1c3-dcdc78de23e8</sln:gmIIPId><sln:gmIIPPn>PL.PZGIK.200</sln:gmIIPPn><sln:gmIIPWersja>2012-09-26T22:08:55+02:00</sln:gmIIPWersja><sln:gmIdTeryt>1204012</sln:gmIdTeryt><sln:gmNazwa>Bolesław</sln:gmNazwa><sln:miejscIIPId>0c5d4031-46c4-423c-a1d0-5cb00e9710c0</sln:miejscIIPId><sln:miejscIIPPn>PL.PZGIK.200</sln:miejscIIPPn><sln:miejscIIPWersja>2016-11-24T13:30:16+02:00</sln:miejscIIPWersja><sln:miejscIdTeryt>0813252</sln:miejscIdTeryt><sln:miejscNazwa>Samocice</sln:miejscNazwa><sln:miejscRodzaj>Wieś</sln:miejscRodzaj><sln:powIIPId>2f8e6930-0088-406e-b684-cebb73fc5bd9</sln:powIIPId><sln:powIIPPn>PL.PZGIK.200</sln:powIIPPn><sln:powIIPWersja>2012-09-27T07:52:00+02:00</sln:powIIPWersja><sln:powIdTeryt>1204</sln:powIdTeryt><sln:powNazwa>dąbrowski</sln:powNazwa><sln:wojIIPId>dd2e3c64-f861-47cf-a3a3-e7751f272b2f</sln:wojIIPId><sln:wojIIPPn>PL.PZGIK.200</sln:wojIIPPn><sln:wojIIPWersja>2017-10-10T00:00:00+02:00</sln:wojIIPWersja><sln:wojIdTeryt>12</sln:wojIdTeryt><sln:wojNazwa>małopolskie</sln:wojNazwa></sln:miejscowosc><sln:miejscowosc><sln:cyklZyciaOd>2012-04-26T00:00:00+02:00</sln:cyklZyciaOd><sln:gmIIPId>4adc8dad-9839-4dfc-b1c3-dcdc78de23e8</sln:gmIIPId><sln:gmIIPPn>PL.PZGIK.200</sln:gmIIPPn><sln:gmIIPWersja>2012-09-26T22:08:55+02:00</sln:gmIIPWersja><sln:gmIdTeryt>1204012</sln:gmIdTeryt><sln:gmNazwa>Bolesław</sln:gmNazwa><sln:miejscIIPId>88ed7884-0cae-4502-9f1a-c2cad33fb111</sln:miejscIIPId><sln:miejscIIPPn>PL.PZGIK.200</sln:miejscIIPPn><sln:miejscIIPWersja>2016-11-24T13:31:29+02:00</sln:miejscIIPWersja><sln:miejscIdTeryt>0813358</sln:miejscIdTeryt><sln:miejscNazwa>Strojców</sln:miejscNazwa><sln:miejscRodzaj>Wieś</sln:miejscRodzaj><sln:powIIPId>2f8e6930-0088-406e-b684-cebb73fc5bd9</sln:powIIPId><sln:powIIPPn>PL.PZGIK.200</sln:powIIPPn><sln:powIIPWersja>2012-09-27T07:52:00+02:00</sln:powIIPWersja><sln:powIdTeryt>1204</sln:powIdTeryt><sln:powNazwa>dąbrowski</sln:powNazwa><sln:wojIIPId>dd2e3c64-f861-47cf-a3a3-e7751f272b2f</sln:wojIIPId><sln:wojIIPPn>PL.PZGIK.200</sln:wojIIPPn><sln:wojIIPWersja>2017-10-10T00:00:00+02:00</sln:wojIIPWersja><sln:wojIdTeryt>12</sln:wojIdTeryt><sln:wojNazwa>małopolskie</sln:wojNazwa></sln:miejscowosc><sln:miejscowosc><sln:cyklZyciaOd>2012-04-26T00:00:00+02:00</sln:cyklZyciaOd><sln:gmIIPId>4adc8dad-9839-4dfc-b1c3-dcdc78de23e8</sln:gmIIPId><sln:gmIIPPn>PL.PZGIK.200</sln:gmIIPPn><sln:gmIIPWersja>2012-09-26T22:08:55+02:00</sln:gmIIPWersja><sln:gmIdTeryt>1204012</sln:gmIdTeryt><sln:gmNazwa>Bolesław</sln:gmNazwa><sln:miejscIIPId>bd5473ca-b981-4f78-9768-ada939d5f727</sln:miejscIIPId><sln:miejscIIPPn>PL.PZGIK.200</sln:miejscIIPPn><sln:miejscIIPWersja>2016-11-24T13:32:07+02:00</sln:miejscIIPWersja><sln:miejscIdTeryt>0813364</sln:miejscIdTeryt><sln:miejscNazwa>Świebodzin</sln:miejscNazwa><sln:miejscRodzaj>Wieś</sln:miejscRodzaj><sln:powIIPId>2f8e6930-0088-406e-b684-cebb73fc5bd9</sln:powIIPId><sln:powIIPPn>PL.PZGIK.200</sln:powIIPPn><sln:powIIPWersja>2012-09-27T07:52:00+02:00</sln:powIIPWersja><sln:powIdTeryt>1204</sln:powIdTeryt><sln:powNazwa>dąbrowski</sln:powNazwa><sln:wojIIPId>dd2e3c64-f861-47cf-a3a3-e7751f272b2f</sln:wojIIPId><sln:wojIIPPn>PL.PZGIK.200</sln:wojIIPPn><sln:wojIIPWersja>2017-10-10T00:00:00+02:00</sln:wojIIPWersja><sln:wojIdTeryt>12</sln:wojIdTeryt><sln:wojNazwa>małopolskie</sln:wojNazwa></sln:miejscowosc><sln:miejscowosc><sln:cyklZyciaOd>2012-04-26T00:00:00+02:00</sln:cyklZyciaOd><sln:gmIIPId>4adc8dad-9839-4dfc-b1c3-dcdc78de23e8</sln:gmIIPId><sln:gmIIPPn>PL.PZGIK.200</sln:gmIIPPn><sln:gmIIPWersja>2012-09-26T22:08:55+02:00</sln:gmIIPWersja><sln:gmIdTeryt>1204012</sln:gmIdTeryt><sln:gmNazwa>Bolesław</sln:gmNazwa><sln:miejscIIPId>d8624527-e4d2-4d24-b8fc-04a3ca98800b</sln:miejscIIPId><sln:miejscIIPPn>PL.PZGIK.200</sln:miejscIIPPn><sln:miejscIIPWersja>2016-11-24T13:32:24+02:00</sln:miejscIIPWersja><sln:miejscIdTeryt>0813393</sln:miejscIdTeryt><sln:miejscNazwa>Tonia</sln:miejscNazwa><sln:miejscRodzaj>Wieś</sln:miejscRodzaj><sln:powIIPId>2f8e6930-0088-406e-b684-cebb73fc5bd9</sln:powIIPId><sln:powIIPPn>PL.PZGIK.200</sln:powIIPPn><sln:powIIPWersja>2012-09-27T07:52:00+02:00</sln:powIIPWersja><sln:powIdTeryt>1204</sln:powIdTeryt><sln:powNazwa>dąbrowski</sln:powNazwa><sln:wojIIPId>dd2e3c64-f861-47cf-a3a3-e7751f272b2f</sln:wojIIPId><sln:wojIIPPn>PL.PZGIK.200</sln:wojIIPPn><sln:wojIIPWersja>2017-10-10T00:00:00+02:00</sln:wojIIPWersja><sln:wojIdTeryt>12</sln:wojIdTeryt><sln:wojNazwa>małopolskie</sln:wojNazwa></sln:miejscowosc><sln:miejscowosc><sln:cyklZyciaOd>2012-04-26T00:00:00+02:00</sln:cyklZyciaOd><sln:gmIIPId>4adc8dad-9839-4dfc-b1c3-dcdc78de23e8</sln:gmIIPId><sln:gmIIPPn>PL.PZGIK.200</sln:gmIIPPn><sln:gmIIPWersja>2012-09-26T22:08:55+02:00</sln:gmIIPWersja><sln:gmIdTeryt>1204012</sln:gmIdTeryt><sln:gmNazwa>Bolesław</sln:gmNazwa><sln:miejscIIPId>e9cbff26-5f2f-401c-9ad6-1db23106bb8b</sln:miejscIIPId><sln:miejscIIPPn>PL.PZGIK.200</sln:miejscIIPPn><sln:miejscIIPWersja>2016-11-24T13:39:13+02:00</sln:miejscIIPWersja><sln:miejscIdTeryt>0813111</sln:miejscIdTeryt><sln:miejscNazwa>Kanna</sln:miejscNazwa><sln:miejscRodzaj>Wieś</sln:miejscRodzaj><sln:powIIPId>2f8e6930-0088-406e-b684-cebb73fc5bd9</sln:powIIPId><sln:powIIPPn>PL.PZGIK.200</sln:powIIPPn><sln:powIIPWersja>2012-09-27T07:52:00+02:00</sln:powIIPWersja><sln:powIdTeryt>1204</sln:powIdTeryt><sln:powNazwa>dąbrowski</sln:powNazwa><sln:wojIIPId>dd2e3c64-f861-47cf-a3a3-e7751f272b2f</sln:wojIIPId><sln:wojIIPPn>PL.PZGIK.200</sln:wojIIPPn><sln:wojIIPWersja>2017-10-10T00:00:00+02:00</sln:wojIIPWersja><sln:wojIdTeryt>12</sln:wojIdTeryt><sln:wojNazwa>małopolskie</sln:wojNazwa></sln:miejscowosc><sln:miejscowosc><sln:cyklZyciaOd>2012-04-26T00:00:00+02:00</sln:cyklZyciaOd><sln:gmIIPId>4adc8dad-9839-4dfc-b1c3-dcdc78de23e8</sln:gmIIPId><sln:gmIIPPn>PL.PZGIK.200</sln:gmIIPPn><sln:gmIIPWersja>2012-09-26T22:08:55+02:00</sln:gmIIPWersja><sln:gmIdTeryt>1204012</sln:gmIdTeryt><sln:gmNazwa>Bolesław</sln:gmNazwa><sln:miejscIIPId>1f78a773-f230-4bb6-896d-fe03f1bba27d</sln:miejscIIPId><sln:miejscIIPPn>PL.PZGIK.200</sln:miejscIIPPn><sln:miejscIIPWersja>2016-11-24T13:40:50+02:00</sln:miejscIIPWersja><sln:miejscIdTeryt>0813140</sln:miejscIdTeryt><sln:miejscNazwa>Kuzie</sln:miejscNazwa><sln:miejscRodzaj>Wieś</sln:miejscRodzaj><sln:powIIPId>2f8e6930-0088-406e-b684-cebb73fc5bd9</sln:powIIPId><sln:powIIPPn>PL.PZGIK.200</sln:powIIPPn><sln:powIIPWersja>2012-09-27T07:52:00+02:00</sln:powIIPWersja><sln:powIdTeryt>1204</sln:powIdTeryt><sln:powNazwa>dąbrowski</sln:powNazwa><sln:wojIIPId>dd2e3c64-f861-47cf-a3a3-e7751f272b2f</sln:wojIIPId><sln:wojIIPPn>PL.PZGIK.200</sln:wojIIPPn><sln:wojIIPWersja>2017-10-10T00:00:00+02:00</sln:wojIIPWersja><sln:wojIdTeryt>12</sln:wojIdTeryt><sln:wojNazwa>małopolskie</sln:wojNazwa></sln:miejscowosc><sln:miejscowosc><sln:cyklZyciaOd>2012-04-26T00:00:00+02:00</sln:cyklZyciaOd><sln:gmIIPId>4adc8dad-9839-4dfc-b1c3-dcdc78de23e8</sln:gmIIPId><sln:gmIIPPn>PL.PZGIK.200</sln:gmIIPPn><sln:gmIIPWersja>2012-09-26T22:08:55+02:00</sln:gmIIPWersja><sln:gmIdTeryt>1204012</sln:gmIdTeryt><sln:gmNazwa>Bolesław</sln:gmNazwa><sln:miejscIIPId>6f506d56-c443-4a88-ac1a-3352ed496e8e</sln:miejscIIPId><sln:miejscIIPPn>PL.PZGIK.200</sln:miejscIIPPn><sln:miejscIIPWersja>2016-11-24T13:42:10+02:00</sln:miejscIIPWersja><sln:miejscIdTeryt>0813068</sln:miejscIdTeryt><sln:miejscNazwa>Bolesław</sln:miejscNazwa><sln:miejscRodzaj>Wieś</sln:miejscRodzaj><sln:powIIPId>2f8e6930-0088-406e-b684-cebb73fc5bd9</sln:powIIPId><sln:powIIPPn>PL.PZGIK.200</sln:powIIPPn><sln:powIIPWersja>2012-09-27T07:52:00+02:00</sln:powIIPWersja><sln:powIdTeryt>1204</sln:powIdTeryt><sln:powNazwa>dąbrowski</sln:powNazwa><sln:wojIIPId>dd2e3c64-f861-47cf-a3a3-e7751f272b2f</sln:wojIIPId><sln:wojIIPPn>PL.PZGIK.200</sln:wojIIPPn><sln:wojIIPWersja>2017-10-10T00:00:00+02:00</sln:wojIIPWersja><sln:wojIdTeryt>12</sln:wojIdTeryt><sln:wojNazwa>małopolskie</sln:wojNazwa></sln:miejscowosc><sln:miejscowosc><sln:cyklZyciaOd>2012-04-26T00:00:00+02:00</sln:cyklZyciaOd><sln:gmIIPId>4adc8dad-9839-4dfc-b1c3-dcdc78de23e8</sln:gmIIPId><sln:gmIIPPn>PL.PZGIK.200</sln:gmIIPPn><sln:gmIIPWersja>2012-09-26T22:08:55+02:00</sln:gmIIPWersja><sln:gmIdTeryt>1204012</sln:gmIdTeryt><sln:gmNazwa>Bolesław</sln:gmNazwa><sln:miejscIIPId>c29d98e1-c831-4b99-8405-9d85700de421</sln:miejscIIPId><sln:miejscIIPPn>PL.PZGIK.200</sln:miejscIIPPn><sln:miejscIIPWersja>2016-11-24T13:44:30+02:00</sln:miejscIIPWersja><sln:miejscIdTeryt>0813163</sln:miejscIdTeryt><sln:miejscNazwa>Pawłów</sln:miejscNazwa><sln:miejscRodzaj>Wieś</sln:miejscRodzaj><sln:powIIPId>2f8e6930-0088-406e-b684-cebb73fc5bd9</sln:powIIPId><sln:powIIPPn>PL.PZGIK.200</sln:powIIPPn><sln:powIIPWersja>2012-09-27T07:52:00+02:00</sln:powIIPWersja><sln:powIdTeryt>1204</sln:powIdTeryt><sln:powNazwa>dąbrowski</sln:powNazwa><sln:wojIIPId>dd2e3c64-f861-47cf-a3a3-e7751f272b2f</sln:wojIIPId><sln:wojIIPPn>PL.PZGIK.200</sln:wojIIPPn><sln:wojIIPWersja>2017-10-10T00:00:00+02:00</sln:wojIIPWersja><sln:wojIdTeryt>12</sln:wojIdTeryt><sln:wojNazwa>małopolskie</sln:wojNazwa></sln:miejscowosc><sln:miejscowosc><sln:cyklZyciaOd>2012-04-26T00:00:00+02:00</sln:cyklZyciaOd><sln:gmIIPId>4adc8dad-9839-4dfc-b1c3-dcdc78de23e8</sln:gmIIPId><sln:gmIIPPn>PL.PZGIK.200</sln:gmIIPPn><sln:gmIIPWersja>2012-09-26T22:08:55+02:00</sln:gmIIPWersja><sln:gmIdTeryt>1204012</sln:gmIdTeryt><sln:gmNazwa>Bolesław</sln:gmNazwa><sln:miejscIIPId>10aceacf-5b65-4e89-a863-4b5261a3b27a</sln:miejscIIPId><sln:miejscIIPPn>PL.PZGIK.200</sln:miejscIIPPn><sln:miejscIIPWersja>2016-11-24T13:44:53+02:00</sln:miejscIIPWersja><sln:miejscIdTeryt>0813223</sln:miejscIdTeryt><sln:miejscNIIPId>bbeef24f-6088-42b6-b524-21a8edb5ff89</sln:miejscNIIPId><sln:miejscNIIPPn>PL.PZGIK.200</sln:miejscNIIPPn><sln:miejscNIIPWersja>2016-11-24T13:28:30+02:00</sln:miejscNIIPWersja><sln:miejscNIdTeryt>0813217</sln:miejscNIdTeryt><sln:miejscNNazwa>Podlipie</sln:miejscNNazwa><sln:miejscNRodzaj>Wieś</sln:miejscNRodzaj><sln:miejscNazwa>Górne Podlipie</sln:miejscNazwa><sln:miejscRodzaj>Inny obiekt</sln:miejscRodzaj><sln:powIIPId>2f8e6930-0088-406e-b684-cebb73fc5bd9</sln:powIIPId><sln:powIIPPn>PL.PZGIK.200</sln:powIIPPn><sln:powIIPWersja>2012-09-27T07:52:00+02:00</sln:powIIPWersja><sln:powIdTeryt>1204</sln:powIdTeryt><sln:powNazwa>dąbrowski</sln:powNazwa><sln:wojIIPId>dd2e3c64-f861-47cf-a3a3-e7751f272b2f</sln:wojIIPId><sln:wojIIPPn>PL.PZGIK.200</sln:wojIIPPn><sln:wojIIPWersja>2017-10-10T00:00:00+02:00</sln:wojIIPWersja><sln:wojIdTeryt>12</sln:wojIdTeryt><sln:wojNazwa>małopolskie</sln:wojNazwa></sln:miejscowosc><sln:miejscowosc><sln:cyklZyciaOd>2012-04-26T00:00:00+02:00</sln:cyklZyciaOd><sln:gmIIPId>4adc8dad-9839-4dfc-b1c3-dcdc78de23e8</sln:gmIIPId><sln:gmIIPPn>PL.PZGIK.200</sln:gmIIPPn><sln:gmIIPWersja>2012-09-26T22:08:55+02:00</sln:gmIIPWersja><sln:gmIdTeryt>1204012</sln:gmIdTeryt><sln:gmNazwa>Bolesław</sln:gmNazwa><sln:miejscIIPId>d8d05ee5-f320-437e-b600-1987104c47ea</sln:miejscIIPId><sln:miejscIIPPn>PL.PZGIK.200</sln:miejscIIPPn><sln:miejscIIPWersja>2016-11-24T13:44:53+02:00</sln:miejscIIPWersja><sln:miejscIdTeryt>0813246</sln:miejscIdTeryt><sln:miejscNIIPId>bbeef24f-6088-42b6-b524-21a8edb5ff89</sln:miejscNIIPId><sln:miejscNIIPPn>PL.PZGIK.200</sln:miejscNIIPPn><sln:miejscNIIPWersja>2016-11-24T13:28:30+02:00</sln:miejscNIIPWersja><sln:miejscNIdTeryt>0813217</sln:miejscNIdTeryt><sln:miejscNNazwa>Podlipie</sln:miejscNNazwa><sln:miejscNRodzaj>Wieś</sln:miejscNRodzaj><sln:miejscNazwa>Połać</sln:miejscNazwa><sln:miejscRodzaj>Inny obiekt</sln:miejscRodzaj><sln:powIIPId>2f8e6930-0088-406e-b684-cebb73fc5bd9</sln:powIIPId><sln:powIIPPn>PL.PZGIK.200</sln:powIIPPn><sln:powIIPWersja>2012-09-27T07:52:00+02:00</sln:powIIPWersja><sln:powIdTeryt>1204</sln:powIdTeryt><sln:powNazwa>dąbrowski</sln:powNazwa><sln:wojIIPId>dd2e3c64-f861-47cf-a3a3-e7751f272b2f</sln:wojIIPId><sln:wojIIPPn>PL.PZGIK.200</sln:wojIIPPn><sln:wojIIPWersja>2017-10-10T00:00:00+02:00</sln:wojIIPWersja><sln:wojIdTeryt>12</sln:wojIdTeryt><sln:wojNazwa>małopolskie</sln:wojNazwa></sln:miejscowosc><sln:miejscowosc><sln:cyklZyciaOd>2012-04-26T00:00:00+02:00</sln:cyklZyciaOd><sln:gmIIPId>4adc8dad-9839-4dfc-b1c3-dcdc78de23e8</sln:gmIIPId><sln:gmIIPPn>PL.PZGIK.200</sln:gmIIPPn><sln:gmIIPWersja>2012-09-26T22:08:55+02:00</sln:gmIIPWersja><sln:gmIdTeryt>1204012</sln:gmIdTeryt><sln:gmNazwa>Bolesław</sln:gmNazwa><sln:miejscIIPId>fc19f096-468e-4222-ae94-1b281b63a7a2</sln:miejscIIPId><sln:miejscIIPPn>PL.PZGIK.200</sln:miejscIIPPn><sln:miejscIIPWersja>2016-11-24T13:44:53+02:00</sln:miejscIIPWersja><sln:miejscIdTeryt>0813230</sln:miejscIdTeryt><sln:miejscNIIPId>bbeef24f-6088-42b6-b524-21a8edb5ff89</sln:miejscNIIPId><sln:miejscNIIPPn>PL.PZGIK.200</sln:miejscNIIPPn><sln:miejscNIIPWersja>2016-11-24T13:28:30+02:00</sln:miejscNIIPWersja><sln:miejscNIdTeryt>0813217</sln:miejscNIdTeryt><sln:miejscNNazwa>Podlipie</sln:miejscNNazwa><sln:miejscNRodzaj>Wieś</sln:miejscNRodzaj><sln:miejscNazwa>Kąt</sln:miejscNazwa><sln:miejscRodzaj>Inny obiekt</sln:miejscRodzaj><sln:powIIPId>2f8e6930-0088-406e-b684-cebb73fc5bd9</sln:powIIPId><sln:powIIPPn>PL.PZGIK.200</sln:powIIPPn><sln:powIIPWersja>2012-09-27T07:52:00+02:00</sln:powIIPWersja><sln:powIdTeryt>1204</sln:powIdTeryt><sln:powNazwa>dąbrowski</sln:powNazwa><sln:wojIIPId>dd2e3c64-f861-47cf-a3a3-e7751f272b2f</sln:wojIIPId><sln:wojIIPPn>PL.PZGIK.200</sln:wojIIPPn><sln:wojIIPWersja>2017-10-10T00:00:00+02:00</sln:wojIIPWersja><sln:wojIdTeryt>12</sln:wojIdTeryt><sln:wojNazwa>małopolskie</sln:wojNazwa></sln:miejscowosc><sln:miejscowosc><sln:cyklZyciaOd>2012-04-26T00:00:00+02:00</sln:cyklZyciaOd><sln:gmIIPId>4adc8dad-9839-4dfc-b1c3-dcdc78de23e8</sln:gmIIPId><sln:gmIIPPn>PL.PZGIK.200</sln:gmIIPPn><sln:gmIIPWersja>2012-09-26T22:08:55+02:00</sln:gmIIPWersja><sln:gmIdTeryt>1204012</sln:gmIdTeryt><sln:gmNazwa>Bolesław</sln:gmNazwa><sln:miejscIIPId>ad83ab52-529f-4ca8-8958-a15f96bb6dad</sln:miejscIIPId><sln:miejscIIPPn>PL.PZGIK.200</sln:miejscIIPPn><sln:miejscIIPWersja>2016-11-24T13:46:30+02:00</sln:miejscIIPWersja><sln:miejscIdTeryt>0813306</sln:miejscIdTeryt><sln:miejscNIIPId>0c5d4031-46c4-423c-a1d0-5cb00e9710c0</sln:miejscNIIPId><sln:miejscNIIPPn>PL.PZGIK.200</sln:miejscNIIPPn><sln:miejscNIIPWersja>2016-11-24T13:30:16+02:00</sln:miejscNIIPWersja><sln:miejscNIdTeryt>0813252</sln:miejscNIdTeryt><sln:miejscNNazwa>Samocice</sln:miejscNNazwa><sln:miejscNRodzaj>Wieś</sln:miejscNRodzaj><sln:miejscNazwa>Nowa Wieś</sln:miejscNazwa><sln:miejscRodzaj>Inny obiekt</sln:miejscRodzaj><sln:powIIPId>2f8e6930-0088-406e-b684-cebb73fc5bd9</sln:powIIPId><sln:powIIPPn>PL.PZGIK.200</sln:powIIPPn><sln:powIIPWersja>2012-09-27T07:52:00+02:00</sln:powIIPWersja><sln:powIdTeryt>1204</sln:powIdTeryt><sln:powNazwa>dąbrowski</sln:powNazwa><sln:wojIIPId>dd2e3c64-f861-47cf-a3a3-e7751f272b2f</sln:wojIIPId><sln:wojIIPPn>PL.PZGIK.200</sln:wojIIPPn><sln:wojIIPWersja>2017-10-10T00:00:00+02:00</sln:wojIIPWersja><sln:wojIdTeryt>12</sln:wojIdTeryt><sln:wojNazwa>małopolskie</sln:wojNazwa></sln:miejscowosc><sln:miejscowosc><sln:cyklZyciaOd>2012-04-26T00:00:00+02:00</sln:cyklZyciaOd><sln:gmIIPId>4adc8dad-9839-4dfc-b1c3-dcdc78de23e8</sln:gmIIPId><sln:gmIIPPn>PL.PZGIK.200</sln:gmIIPPn><sln:gmIIPWersja>2012-09-26T22:08:55+02:00</sln:gmIIPWersja><sln:gmIdTeryt>1204012</sln:gmIdTeryt><sln:gmNazwa>Bolesław</sln:gmNazwa><sln:miejscIIPId>b430ef61-b363-4213-8870-5b6f66382b7a</sln:miejscIIPId><sln:miejscIIPPn>PL.PZGIK.200</sln:miejscIIPPn><sln:miejscIIPWersja>2016-11-24T13:46:30+02:00</sln:miejscIIPWersja><sln:miejscIdTeryt>0813312</sln:miejscIdTeryt><sln:miejscNIIPId>0c5d4031-46c4-423c-a1d0-5cb00e9710c0</sln:miejscNIIPId><sln:miejscNIIPPn>PL.PZGIK.200</sln:miejscNIIPPn><sln:miejscNIIPWersja>2016-11-24T13:30:16+02:00</sln:miejscNIIPWersja><sln:miejscNIdTeryt>0813252</sln:miejscNIdTeryt><sln:miejscNNazwa>Samocice</sln:miejscNNazwa><sln:miejscNRodzaj>Wieś</sln:miejscNRodzaj><sln:miejscNazwa>Rynek</sln:miejscNazwa><sln:miejscRodzaj>Inny obiekt</sln:miejscRodzaj><sln:powIIPId>2f8e6930-0088-406e-b684-cebb73fc5bd9</sln:powIIPId><sln:powIIPPn>PL.PZGIK.200</sln:powIIPPn><sln:powIIPWersja>2012-09-27T07:52:00+02:00</sln:powIIPWersja><sln:powIdTeryt>1204</sln:powIdTeryt><sln:powNazwa>dąbrowski</sln:powNazwa><sln:wojIIPId>dd2e3c64-f861-47cf-a3a3-e7751f272b2f</sln:wojIIPId><sln:wojIIPPn>PL.PZGIK.200</sln:wojIIPPn><sln:wojIIPWersja>2017-10-10T00:00:00+02:00</sln:wojIIPWersja><sln:wojIdTeryt>12</sln:wojIdTeryt><sln:wojNazwa>małopolskie</sln:wojNazwa></sln:miejscowosc><sln:miejscowosc><sln:cyklZyciaOd>2012-04-26T00:00:00+02:00</sln:cyklZyciaOd><sln:gmIIPId>4adc8dad-9839-4dfc-b1c3-dcdc78de23e8</sln:gmIIPId><sln:gmIIPPn>PL.PZGIK.200</sln:gmIIPPn><sln:gmIIPWersja>2012-09-26T22:08:55+02:00</sln:gmIIPWersja><sln:gmIdTeryt>1204012</sln:gmIdTeryt><sln:gmNazwa>Bolesław</sln:gmNazwa><sln:miejscIIPId>335e1325-2e7e-4caf-8292-68654f0ed9fb</sln:miejscIIPId><sln:miejscIIPPn>PL.PZGIK.200</sln:miejscIIPPn><sln:miejscIIPWersja>2016-11-24T13:46:30+02:00</sln:miejscIIPWersja><sln:miejscIdTeryt>0813335</sln:miejscIdTeryt><sln:miejscNIIPId>0c5d4031-46c4-423c-a1d0-5cb00e9710c0</sln:miejscNIIPId><sln:miejscNIIPPn>PL.PZGIK.200</sln:miejscNIIPPn><sln:miejscNIIPWersja>2016-11-24T13:30:16+02:00</sln:miejscNIIPWersja><sln:miejscNIdTeryt>0813252</sln:miejscNIdTeryt><sln:miejscNNazwa>Samocice</sln:miejscNNazwa><sln:miejscNRodzaj>Wieś</sln:miejscNRodzaj><sln:miejscNazwa>Ulica Rybacka</sln:miejscNazwa><sln:miejscRodzaj>Inny obiekt</sln:miejscRodzaj><sln:powIIPId>2f8e6930-0088-406e-b684-cebb73fc5bd9</sln:powIIPId><sln:powIIPPn>PL.PZGIK.200</sln:powIIPPn><sln:powIIPWersja>2012-09-27T07:52:00+02:00</sln:powIIPWersja><sln:powIdTeryt>1204</sln:powIdTeryt><sln:powNazwa>dąbrowski</sln:powNazwa><sln:wojIIPId>dd2e3c64-f861-47cf-a3a3-e7751f272b2f</sln:wojIIPId><sln:wojIIPPn>PL.PZGIK.200</sln:wojIIPPn><sln:wojIIPWersja>2017-10-10T00:00:00+02:00</sln:wojIIPWersja><sln:wojIdTeryt>12</sln:wojIdTeryt><sln:wojNazwa>małopolskie</sln:wojNazwa></sln:miejscowosc><sln:miejscowosc><sln:cyklZyciaOd>2012-04-26T00:00:00+02:00</sln:cyklZyciaOd><sln:gmIIPId>4adc8dad-9839-4dfc-b1c3-dcdc78de23e8</sln:gmIIPId><sln:gmIIPPn>PL.PZGIK.200</sln:gmIIPPn><sln:gmIIPWersja>2012-09-26T22:08:55+02:00</sln:gmIIPWersja><sln:gmIdTeryt>1204012</sln:gmIdTeryt><sln:gmNazwa>Bolesław</sln:gmNazwa><sln:miejscIIPId>21947a56-62b0-4b4d-a735-7e38f52eab04</sln:miejscIIPId><sln:miejscIIPPn>PL.PZGIK.200</sln:miejscIIPPn><sln:miejscIIPWersja>2016-11-24T13:46:30+02:00</sln:miejscIIPWersja><sln:miejscIdTeryt>0813341</sln:miejscIdTeryt><sln:miejscNIIPId>0c5d4031-46c4-423c-a1d0-5cb00e9710c0</sln:miejscNIIPId><sln:miejscNIIPPn>PL.PZGIK.200</sln:miejscNIIPPn><sln:miejscNIIPWersja>2016-11-24T13:30:16+02:00</sln:miejscNIIPWersja><sln:miejscNIdTeryt>0813252</sln:miejscNIdTeryt><sln:miejscNNazwa>Samocice</sln:miejscNNazwa><sln:miejscNRodzaj>Wieś</sln:miejscNRodzaj><sln:miejscNazwa>Wielkie Błonie</sln:miejscNazwa><sln:miejscRodzaj>Inny obiekt</sln:miejscRodzaj><sln:powIIPId>2f8e6930-0088-406e-b684-cebb73fc5bd9</sln:powIIPId><sln:powIIPPn>PL.PZGIK.200</sln:powIIPPn><sln:powIIPWersja>2012-09-27T07:52:00+02:00</sln:powIIPWersja><sln:powIdTeryt>1204</sln:powIdTeryt><sln:powNazwa>dąbrowski</sln:powNazwa><sln:wojIIPId>dd2e3c64-f861-47cf-a3a3-e7751f272b2f</sln:wojIIPId><sln:wojIIPPn>PL.PZGIK.200</sln:wojIIPPn><sln:wojIIPWersja>2017-10-10T00:00:00+02:00</sln:wojIIPWersja><sln:wojIdTeryt>12</sln:wojIdTeryt><sln:wojNazwa>małopolskie</sln:wojNazwa></sln:miejscowosc><sln:miejscowosc><sln:cyklZyciaOd>2012-04-26T00:00:00+02:00</sln:cyklZyciaOd><sln:gmIIPId>4adc8dad-9839-4dfc-b1c3-dcdc78de23e8</sln:gmIIPId><sln:gmIIPPn>PL.PZGIK.200</sln:gmIIPPn><sln:gmIIPWersja>2012-09-26T22:08:55+02:00</sln:gmIIPWersja><sln:gmIdTeryt>1204012</sln:gmIdTeryt><sln:gmNazwa>Bolesław</sln:gmNazwa><sln:miejscIIPId>91ff62da-5d12-43e3-9c1f-d6124b8cd820</sln:miejscIIPId><sln:miejscIIPPn>PL.PZGIK.200</sln:miejscIIPPn><sln:miejscIIPWersja>2016-11-24T13:46:30+02:00</sln:miejscIIPWersja><sln:miejscIdTeryt>0813329</sln:miejscIdTeryt><sln:miejscNIIPId>0c5d4031-46c4-423c-a1d0-5cb00e9710c0</sln:miejscNIIPId><sln:miejscNIIPPn>PL.PZGIK.200</sln:miejscNIIPPn><sln:miejscNIIPWersja>2016-11-24T13:30:16+02:00</sln:miejscNIIPWersja><sln:miejscNIdTeryt>0813252</sln:miejscNIdTeryt><sln:miejscNNazwa>Samocice</sln:miejscNNazwa><sln:miejscNRodzaj>Wieś</sln:miejscNRodzaj><sln:miejscNazwa>Ulica</sln:miejscNazwa><sln:miejscRodzaj>Inny obiekt</sln:miejscRodzaj><sln:powIIPId>2f8e6930-0088-406e-b684-cebb73fc5bd9</sln:powIIPId><sln:powIIPPn>PL.PZGIK.200</sln:powIIPPn><sln:powIIPWersja>2012-09-27T07:52:00+02:00</sln:powIIPWersja><sln:powIdTeryt>1204</sln:powIdTeryt><sln:powNazwa>dąbrowski</sln:powNazwa><sln:wojIIPId>dd2e3c64-f861-47cf-a3a3-e7751f272b2f</sln:wojIIPId><sln:wojIIPPn>PL.PZGIK.200</sln:wojIIPPn><sln:wojIIPWersja>2017-10-10T00:00:00+02:00</sln:wojIIPWersja><sln:wojIdTeryt>12</sln:wojIdTeryt><sln:wojNazwa>małopolskie</sln:wojNazwa></sln:miejscowosc><sln:miejscowosc><sln:cyklZyciaOd>2012-04-26T00:00:00+02:00</sln:cyklZyciaOd><sln:gmIIPId>4adc8dad-9839-4dfc-b1c3-dcdc78de23e8</sln:gmIIPId><sln:gmIIPPn>PL.PZGIK.200</sln:gmIIPPn><sln:gmIIPWersja>2012-09-26T22:08:55+02:00</sln:gmIIPWersja><sln:gmIdTeryt>1204012</sln:gmIdTeryt><sln:gmNazwa>Bolesław</sln:gmNazwa><sln:miejscIIPId>58b54f85-1397-4b21-b224-adfa1b891436</sln:miejscIIPId><sln:miejscIIPPn>PL.PZGIK.200</sln:miejscIIPPn><sln:miejscIIPWersja>2016-11-24T13:46:30+02:00</sln:miejscIIPWersja><sln:miejscIdTeryt>0813269</sln:miejscIdTeryt><sln:miejscNIIPId>0c5d4031-46c4-423c-a1d0-5cb00e9710c0</sln:miejscNIIPId><sln:miejscNIIPPn>PL.PZGIK.200</sln:miejscNIIPPn><sln:miejscNIIPWersja>2016-11-24T13:30:16+02:00</sln:miejscNIIPWersja><sln:miejscNIdTeryt>0813252</sln:miejscNIdTeryt><sln:miejscNNazwa>Samocice</sln:miejscNNazwa><sln:miejscNRodzaj>Wieś</sln:miejscNRodzaj><sln:miejscNazwa>Górki</sln:miejscNazwa><sln:miejscRodzaj>Inny obiekt</sln:miejscRodzaj><sln:powIIPId>2f8e6930-0088-406e-b684-cebb73fc5bd9</sln:powIIPId><sln:powIIPPn>PL.PZGIK.200</sln:powIIPPn><sln:powIIPWersja>2012-09-27T07:52:00+02:00</sln:powIIPWersja><sln:powIdTeryt>1204</sln:powIdTeryt><sln:powNazwa>dąbrowski</sln:powNazwa><sln:wojIIPId>dd2e3c64-f861-47cf-a3a3-e7751f272b2f</sln:wojIIPId><sln:wojIIPPn>PL.PZGIK.200</sln:wojIIPPn><sln:wojIIPWersja>2017-10-10T00:00:00+02:00</sln:wojIIPWersja><sln:wojIdTeryt>12</sln:wojIdTeryt><sln:wojNazwa>małopolskie</sln:wojNazwa></sln:miejscowosc><sln:miejscowosc><sln:cyklZyciaOd>2012-04-26T00:00:00+02:00</sln:cyklZyciaOd><sln:gmIIPId>4adc8dad-9839-4dfc-b1c3-dcdc78de23e8</sln:gmIIPId><sln:gmIIPPn>PL.PZGIK.200</sln:gmIIPPn><sln:gmIIPWersja>2012-09-26T22:08:55+02:00</sln:gmIIPWersja><sln:gmIdTeryt>1204012</sln:gmIdTeryt><sln:gmNazwa>Bolesław</sln:gmNazwa><sln:miejscIIPId>94e50b7a-1c87-4eb9-98d9-c52d16f6eb02</sln:miejscIIPId><sln:miejscIIPPn>PL.PZGIK.200</sln:miejscIIPPn><sln:miejscIIPWersja>2016-11-24T13:46:30+02:00</sln:miejscIIPWersja><sln:miejscIdTeryt>0813275</sln:miejscIdTeryt><sln:miejscNIIPId>0c5d4031-46c4-423c-a1d0-5cb00e9710c0</sln:miejscNIIPId><sln:miejscNIIPPn>PL.PZGIK.200</sln:miejscNIIPPn><sln:miejscNIIPWersja>2016-11-24T13:30:16+02:00</sln:miejscNIIPWersja><sln:miejscNIdTeryt>0813252</sln:miejscNIdTeryt><sln:miejscNNazwa>Samocice</sln:miejscNNazwa><sln:miejscNRodzaj>Wieś</sln:miejscNRodzaj><sln:miejscNazwa>Łęka od Kanny</sln:miejscNazwa><sln:miejscRodzaj>Inny obiekt</sln:miejscRodzaj><sln:powIIPId>2f8e6930-0088-406e-b684-cebb73fc5bd9</sln:powIIPId><sln:powIIPPn>PL.PZGIK.200</sln:powIIPPn><sln:powIIPWersja>2012-09-27T07:52:00+02:00</sln:powIIPWersja><sln:powIdTeryt>1204</sln:powIdTeryt><sln:powNazwa>dąbrowski</sln:powNazwa><sln:wojIIPId>dd2e3c64-f861-47cf-a3a3-e7751f272b2f</sln:wojIIPId><sln:wojIIPPn>PL.PZGIK.200</sln:wojIIPPn><sln:wojIIPWersja>2017-10-10T00:00:00+02:00</sln:wojIIPWersja><sln:wojIdTeryt>12</sln:wojIdTeryt><sln:wojNazwa>małopolskie</sln:wojNazwa></sln:miejscowosc><sln:miejscowosc><sln:cyklZyciaOd>2012-04-26T00:00:00+02:00</sln:cyklZyciaOd><sln:gmIIPId>4adc8dad-9839-4dfc-b1c3-dcdc78de23e8</sln:gmIIPId><sln:gmIIPPn>PL.PZGIK.200</sln:gmIIPPn><sln:gmIIPWersja>2012-09-26T22:08:55+02:00</sln:gmIIPWersja><sln:gmIdTeryt>1204012</sln:gmIdTeryt><sln:gmNazwa>Bolesław</sln:gmNazwa><sln:miejscIIPId>21fdf787-ea19-4a59-97bf-efd327d86cc3</sln:miejscIIPId><sln:miejscIIPPn>PL.PZGIK.200</sln:miejscIIPPn><sln:miejscIIPWersja>2016-11-24T13:46:30+02:00</sln:miejscIIPWersja><sln:miejscIdTeryt>0813281</sln:miejscIdTeryt><sln:miejscNIIPId>0c5d4031-46c4-423c-a1d0-5cb00e9710c0</sln:miejscNIIPId><sln:miejscNIIPPn>PL.PZGIK.200</sln:miejscNIIPPn><sln:miejscNIIPWersja>2016-11-24T13:30:16+02:00</sln:miejscNIIPWersja><sln:miejscNIdTeryt>0813252</sln:miejscNIdTeryt><sln:miejscNNazwa>Samocice</sln:miejscNNazwa><sln:miejscNRodzaj>Wieś</sln:miejscNRodzaj><sln:miejscNazwa>Łęka Wiślana</sln:miejscNazwa><sln:miejscRodzaj>Inny obiekt</sln:miejscRodzaj><sln:powIIPId>2f8e6930-0088-406e-b684-cebb73fc5bd9</sln:powIIPId><sln:powIIPPn>PL.PZGIK.200</sln:powIIPPn><sln:powIIPWersja>2012-09-27T07:52:00+02:00</sln:powIIPWersja><sln:powIdTeryt>1204</sln:powIdTeryt><sln:powNazwa>dąbrowski</sln:powNazwa><sln:wojIIPId>dd2e3c64-f861-47cf-a3a3-e7751f272b2f</sln:wojIIPId><sln:wojIIPPn>PL.PZGIK.200</sln:wojIIPPn><sln:wojIIPWersja>2017-10-10T00:00:00+02:00</sln:wojIIPWersja><sln:wojIdTeryt>12</sln:wojIdTeryt><sln:wojNazwa>małopolskie</sln:wojNazwa></sln:miejscowosc><sln:miejscowosc><sln:cyklZyciaOd>2012-04-26T00:00:00+02:00</sln:cyklZyciaOd><sln:gmIIPId>4adc8dad-9839-4dfc-b1c3-dcdc78de23e8</sln:gmIIPId><sln:gmIIPPn>PL.PZGIK.200</sln:gmIIPPn><sln:gmIIPWersja>2012-09-26T22:08:55+02:00</sln:gmIIPWersja><sln:gmIdTeryt>1204012</sln:gmIdTeryt><sln:gmNazwa>Bolesław</sln:gmNazwa><sln:miejscIIPId>ecc2e2ec-c38c-4139-a505-b76c1bf2d564</sln:miejscIIPId><sln:miejscIIPPn>PL.PZGIK.200</sln:miejscIIPPn><sln:miejscIIPWersja>2016-11-24T13:46:30+02:00</sln:miejscIIPWersja><sln:miejscIdTeryt>0813298</sln:miejscIdTeryt><sln:miejscNIIPId>0c5d4031-46c4-423c-a1d0-5cb00e9710c0</sln:miejscNIIPId><sln:miejscNIIPPn>PL.PZGIK.200</sln:miejscNIIPPn><sln:miejscNIIPWersja>2016-11-24T13:30:16+02:00</sln:miejscNIIPWersja><sln:miejscNIdTeryt>0813252</sln:miejscNIdTeryt><sln:miejscNNazwa>Samocice</sln:miejscNNazwa><sln:miejscNRodzaj>Wieś</sln:miejscNRodzaj><sln:miejscNazwa>Macoszyn</sln:miejscNazwa><sln:miejscRodzaj>Inny obiekt</sln:miejscRodzaj><sln:powIIPId>2f8e6930-0088-406e-b684-cebb73fc5bd9</sln:powIIPId><sln:powIIPPn>PL.PZGIK.200</sln:powIIPPn><sln:powIIPWersja>2012-09-27T07:52:00+02:00</sln:powIIPWersja><sln:powIdTeryt>1204</sln:powIdTeryt><sln:powNazwa>dąbrowski</sln:powNazwa><sln:wojIIPId>dd2e3c64-f861-47cf-a3a3-e7751f272b2f</sln:wojIIPId><sln:wojIIPPn>PL.PZGIK.200</sln:wojIIPPn><sln:wojIIPWersja>2017-10-10T00:00:00+02:00</sln:wojIIPWersja><sln:wojIdTeryt>12</sln:wojIdTeryt><sln:wojNazwa>małopolskie</sln:wojNazwa></sln:miejscowosc><sln:miejscowosc><sln:cyklZyciaOd>2012-04-26T00:00:00+02:00</sln:cyklZyciaOd><sln:gmIIPId>4adc8dad-9839-4dfc-b1c3-dcdc78de23e8</sln:gmIIPId><sln:gmIIPPn>PL.PZGIK.200</sln:gmIIPPn><sln:gmIIPWersja>2012-09-26T22:08:55+02:00</sln:gmIIPWersja><sln:gmIdTeryt>1204012</sln:gmIdTeryt><sln:gmNazwa>Bolesław</sln:gmNazwa><sln:miejscIIPId>6682aff3-06b0-4c2c-bd61-8f2ec1effcb2</sln:miejscIIPId><sln:miejscIIPPn>PL.PZGIK.200</sln:miejscIIPPn><sln:miejscIIPWersja>2016-11-24T13:48:27+02:00</sln:miejscIIPWersja><sln:miejscIdTeryt>0813387</sln:miejscIdTeryt><sln:miejscNIIPId>bd5473ca-b981-4f78-9768-ada939d5f727</sln:miejscNIIPId><sln:miejscNIIPPn>PL.PZGIK.200</sln:miejscNIIPPn><sln:miejscNIIPWersja>2016-11-24T13:32:07+02:00</sln:miejscNIIPWersja><sln:miejscNIdTeryt>0813364</sln:miejscNIdTeryt><sln:miejscNNazwa>Świebodzin</sln:miejscNNazwa><sln:miejscNRodzaj>Wieś</sln:miejscNRodzaj><sln:miejscNazwa>Wólka Świebodzka</sln:miejscNazwa><sln:miejscRodzaj>Inny obiekt</sln:miejscRodzaj><sln:powIIPId>2f8e6930-0088-406e-b684-cebb73fc5bd9</sln:powIIPId><sln:powIIPPn>PL.PZGIK.200</sln:powIIPPn><sln:powIIPWersja>2012-09-27T07:52:00+02:00</sln:powIIPWersja><sln:powIdTeryt>1204</sln:powIdTeryt><sln:powNazwa>dąbrowski</sln:powNazwa><sln:wojIIPId>dd2e3c64-f861-47cf-a3a3-e7751f272b2f</sln:wojIIPId><sln:wojIIPPn>PL.PZGIK.200</sln:wojIIPPn><sln:wojIIPWersja>2017-10-10T00:00:00+02:00</sln:wojIIPWersja><sln:wojIdTeryt>12</sln:wojIdTeryt><sln:wojNazwa>małopolskie</sln:wojNazwa></sln:miejscowosc><sln:miejscowosc><sln:cyklZyciaOd>2012-04-26T00:00:00+02:00</sln:cyklZyciaOd><sln:gmIIPId>4adc8dad-9839-4dfc-b1c3-dcdc78de23e8</sln:gmIIPId><sln:gmIIPPn>PL.PZGIK.200</sln:gmIIPPn><sln:gmIIPWersja>2012-09-26T22:08:55+02:00</sln:gmIIPWersja><sln:gmIdTeryt>1204012</sln:gmIdTeryt><sln:gmNazwa>Bolesław</sln:gmNazwa><sln:miejscIIPId>f063aa3b-7ff0-40cf-944c-f479989f6946</sln:miejscIIPId><sln:miejscIIPPn>PL.PZGIK.200</sln:miejscIIPPn><sln:miejscIIPWersja>2016-11-24T13:48:27+02:00</sln:miejscIIPWersja><sln:miejscIdTeryt>0813370</sln:miejscIdTeryt><sln:miejscNIIPId>bd5473ca-b981-4f78-9768-ada939d5f727</sln:miejscNIIPId><sln:miejscNIIPPn>PL.PZGIK.200</sln:miejscNIIPPn><sln:miejscNIIPWersja>2016-11-24T13:32:07+02:00</sln:miejscNIIPWersja><sln:miejscNIdTeryt>0813364</sln:miejscNIdTeryt><sln:miejscNNazwa>Świebodzin</sln:miejscNNazwa><sln:miejscNRodzaj>Wieś</sln:miejscNRodzaj><sln:miejscNazwa>Kosiorówka</sln:miejscNazwa><sln:miejscRodzaj>Inny obiekt</sln:miejscRodzaj><sln:powIIPId>2f8e6930-0088-406e-b684-cebb73fc5bd9</sln:powIIPId><sln:powIIPPn>PL.PZGIK.200</sln:powIIPPn><sln:powIIPWersja>2012-09-27T07:52:00+02:00</sln:powIIPWersja><sln:powIdTeryt>1204</sln:powIdTeryt><sln:powNazwa>dąbrowski</sln:powNazwa><sln:wojIIPId>dd2e3c64-f861-47cf-a3a3-e7751f272b2f</sln:wojIIPId><sln:wojIIPPn>PL.PZGIK.200</sln:wojIIPPn><sln:wojIIPWersja>2017-10-10T00:00:00+02:00</sln:wojIIPWersja><sln:wojIdTeryt>12</sln:wojIdTeryt><sln:wojNazwa>małopolskie</sln:wojNazwa></sln:miejscowosc><sln:miejscowosc><sln:cyklZyciaOd>2012-04-26T00:00:00+02:00</sln:cyklZyciaOd><sln:gmIIPId>4adc8dad-9839-4dfc-b1c3-dcdc78de23e8</sln:gmIIPId><sln:gmIIPPn>PL.PZGIK.200</sln:gmIIPPn><sln:gmIIPWersja>2012-09-26T22:08:55+02:00</sln:gmIIPWersja><sln:gmIdTeryt>1204012</sln:gmIdTeryt><sln:gmNazwa>Bolesław</sln:gmNazwa><sln:miejscIIPId>becad461-bf53-4e4b-b8f4-bef18a9dce87</sln:miejscIIPId><sln:miejscIIPPn>PL.PZGIK.200</sln:miejscIIPPn><sln:miejscIIPWersja>2016-11-24T13:48:44+02:00</sln:miejscIIPWersja><sln:miejscIdTeryt>0813424</sln:miejscIdTeryt><sln:miejscNIIPId>d8624527-e4d2-4d24-b8fc-04a3ca98800b</sln:miejscNIIPId><sln:miejscNIIPPn>PL.PZGIK.200</sln:miejscNIIPPn><sln:miejscNIIPWersja>2016-11-24T13:32:24+02:00</sln:miejscNIIPWersja><sln:miejscNIdTeryt>0813393</sln:miejscNIdTeryt><sln:miejscNNazwa>Tonia</sln:miejscNNazwa><sln:miejscNRodzaj>Wieś</sln:miejscNRodzaj><sln:miejscNazwa>Wielka Tonia</sln:miejscNazwa><sln:miejscRodzaj>Inny obiekt</sln:miejscRodzaj><sln:powIIPId>2f8e6930-0088-406e-b684-cebb73fc5bd9</sln:powIIPId><sln:powIIPPn>PL.PZGIK.200</sln:powIIPPn><sln:powIIPWersja>2012-09-27T07:52:00+02:00</sln:powIIPWersja><sln:powIdTeryt>1204</sln:powIdTeryt><sln:powNazwa>dąbrowski</sln:powNazwa><sln:wojIIPId>dd2e3c64-f861-47cf-a3a3-e7751f272b2f</sln:wojIIPId><sln:wojIIPPn>PL.PZGIK.200</sln:wojIIPPn><sln:wojIIPWersja>2017-10-10T00:00:00+02:00</sln:wojIIPWersja><sln:wojIdTeryt>12</sln:wojIdTeryt><sln:wojNazwa>małopolskie</sln:wojNazwa></sln:miejscowosc><sln:miejscowosc><sln:cyklZyciaOd>2012-04-26T00:00:00+02:00</sln:cyklZyciaOd><sln:gmIIPId>4adc8dad-9839-4dfc-b1c3-dcdc78de23e8</sln:gmIIPId><sln:gmIIPPn>PL.PZGIK.200</sln:gmIIPPn><sln:gmIIPWersja>2012-09-26T22:08:55+02:00</sln:gmIIPWersja><sln:gmIdTeryt>1204012</sln:gmIdTeryt><sln:gmNazwa>Bolesław</sln:gmNazwa><sln:miejscIIPId>302e1bf2-ae92-4245-beaa-df023d7cebd3</sln:miejscIIPId><sln:miejscIIPPn>PL.PZGIK.200</sln:miejscIIPPn><sln:miejscIIPWersja>2016-11-24T13:48:44+02:00</sln:miejscIIPWersja><sln:miejscIdTeryt>0813430</sln:miejscIdTeryt><sln:miejscNIIPId>d8624527-e4d2-4d24-b8fc-04a3ca98800b</sln:miejscNIIPId><sln:miejscNIIPPn>PL.PZGIK.200</sln:miejscNIIPPn><sln:miejscNIIPWersja>2016-11-24T13:32:24+02:00</sln:miejscNIIPWersja><sln:miejscNIdTeryt>0813393</sln:miejscNIdTeryt><sln:miejscNNazwa>Tonia</sln:miejscNNazwa><sln:miejscNRodzaj>Wieś</sln:miejscNRodzaj><sln:miejscNazwa>Zamoście</sln:miejscNazwa><sln:miejscRodzaj>Inny obiekt</sln:miejscRodzaj><sln:powIIPId>2f8e6930-0088-406e-b684-cebb73fc5bd9</sln:powIIPId><sln:powIIPPn>PL.PZGIK.200</sln:powIIPPn><sln:powIIPWersja>2012-09-27T07:52:00+02:00</sln:powIIPWersja><sln:powIdTeryt>1204</sln:powIdTeryt><sln:powNazwa>dąbrowski</sln:powNazwa><sln:wojIIPId>dd2e3c64-f861-47cf-a3a3-e7751f272b2f</sln:wojIIPId><sln:wojIIPPn>PL.PZGIK.200</sln:wojIIPPn><sln:wojIIPWersja>2017-10-10T00:00:00+02:00</sln:wojIIPWersja><sln:wojIdTeryt>12</sln:wojIdTeryt><sln:wojNazwa>małopolskie</sln:wojNazwa></sln:miejscowosc><sln:miejscowosc><sln:cyklZyciaOd>2012-04-26T00:00:00+02:00</sln:cyklZyciaOd><sln:gmIIPId>4adc8dad-9839-4dfc-b1c3-dcdc78de23e8</sln:gmIIPId><sln:gmIIPPn>PL.PZGIK.200</sln:gmIIPPn><sln:gmIIPWersja>2012-09-26T22:08:55+02:00</sln:gmIIPWersja><sln:gmIdTeryt>1204012</sln:gmIdTeryt><sln:gmNazwa>Bolesław</sln:gmNazwa><sln:miejscIIPId>b5670f06-71b8-41a0-b2d4-159d5890757f</sln:miejscIIPId><sln:miejscIIPPn>PL.PZGIK.200</sln:miejscIIPPn><sln:miejscIIPWersja>2016-11-24T13:48:44+02:00</sln:miejscIIPWersja><sln:miejscIdTeryt>0813401</sln:miejscIdTeryt><sln:miejscNIIPId>d8624527-e4d2-4d24-b8fc-04a3ca98800b</sln:miejscNIIPId><sln:miejscNIIPPn>PL.PZGIK.200</sln:miejscNIIPPn><sln:miejscNIIPWersja>2016-11-24T13:32:24+02:00</sln:miejscNIIPWersja><sln:miejscNIdTeryt>0813393</sln:miejscNIdTeryt><sln:miejscNNazwa>Tonia</sln:miejscNNazwa><sln:miejscNRodzaj>Wieś</sln:miejscNRodzaj><sln:miejscNazwa>Czarne Błonie</sln:miejscNazwa><sln:miejscRodzaj>Przysiółek</sln:miejscRodzaj><sln:powIIPId>2f8e6930-0088-406e-b684-cebb73fc5bd9</sln:powIIPId><sln:powIIPPn>PL.PZGIK.200</sln:powIIPPn><sln:powIIPWersja>2012-09-27T07:52:00+02:00</sln:powIIPWersja><sln:powIdTeryt>1204</sln:powIdTeryt><sln:powNazwa>dąbrowski</sln:powNazwa><sln:wojIIPId>dd2e3c64-f861-47cf-a3a3-e7751f272b2f</sln:wojIIPId><sln:wojIIPPn>PL.PZGIK.200</sln:wojIIPPn><sln:wojIIPWersja>2017-10-10T00:00:00+02:00</sln:wojIIPWersja><sln:wojIdTeryt>12</sln:wojIdTeryt><sln:wojNazwa>małopolskie</sln:wojNazwa></sln:miejscowosc><sln:miejscowosc><sln:cyklZyciaOd>2012-04-26T00:00:00+02:00</sln:cyklZyciaOd><sln:gmIIPId>4adc8dad-9839-4dfc-b1c3-dcdc78de23e8</sln:gmIIPId><sln:gmIIPPn>PL.PZGIK.200</sln:gmIIPPn><sln:gmIIPWersja>2012-09-26T22:08:55+02:00</sln:gmIIPWersja><sln:gmIdTeryt>1204012</sln:gmIdTeryt><sln:gmNazwa>Bolesław</sln:gmNazwa><sln:miejscIIPId>abdb52e3-42ca-4b27-afad-9b95593f56c1</sln:miejscIIPId><sln:miejscIIPPn>PL.PZGIK.200</sln:miejscIIPPn><sln:miejscIIPWersja>2016-11-24T13:48:44+02:00</sln:miejscIIPWersja><sln:miejscIdTeryt>0813418</sln:miejscIdTeryt><sln:miejscNIIPId>d8624527-e4d2-4d24-b8fc-04a3ca98800b</sln:miejscNIIPId><sln:miejscNIIPPn>PL.PZGIK.200</sln:miejscNIIPPn><sln:miejscNIIPWersja>2016-11-24T13:32:24+02:00</sln:miejscNIIPWersja><sln:miejscNIdTeryt>0813393</sln:miejscNIdTeryt><sln:miejscNNazwa>Tonia</sln:miejscNNazwa><sln:miejscNRodzaj>Wieś</sln:miejscNRodzaj><sln:miejscNazwa>Mała Tonia</sln:miejscNazwa><sln:miejscRodzaj>Inny obiekt</sln:miejscRodzaj><sln:powIIPId>2f8e6930-0088-406e-b684-cebb73fc5bd9</sln:powIIPId><sln:powIIPPn>PL.PZGIK.200</sln:powIIPPn><sln:powIIPWersja>2012-09-27T07:52:00+02:00</sln:powIIPWersja><sln:powIdTeryt>1204</sln:powIdTeryt><sln:powNazwa>dąbrowski</sln:powNazwa><sln:wojIIPId>dd2e3c64-f861-47cf-a3a3-e7751f272b2f</sln:wojIIPId><sln:wojIIPPn>PL.PZGIK.200</sln:wojIIPPn><sln:wojIIPWersja>2017-10-10T00:00:00+02:00</sln:wojIIPWersja><sln:wojIdTeryt>12</sln:wojIdTeryt><sln:wojNazwa>małopolskie</sln:wojNazwa></sln:miejscowosc><sln:miejscowosc><sln:cyklZyciaOd>2012-04-26T00:00:00+02:00</sln:cyklZyciaOd><sln:gmIIPId>4adc8dad-9839-4dfc-b1c3-dcdc78de23e8</sln:gmIIPId><sln:gmIIPPn>PL.PZGIK.200</sln:gmIIPPn><sln:gmIIPWersja>2012-09-26T22:08:55+02:00</sln:gmIIPWersja><sln:gmIdTeryt>1204012</sln:gmIdTeryt><sln:gmNazwa>Bolesław</sln:gmNazwa><sln:miejscIIPId>99c343a4-6e04-4746-90d8-2b95b80faa0f</sln:miejscIIPId><sln:miejscIIPPn>PL.PZGIK.200</sln:miejscIIPPn><sln:miejscIIPWersja>2016-11-24T13:55:13+02:00</sln:miejscIIPWersja><sln:miejscIdTeryt>0813134</sln:miejscIdTeryt><sln:miejscNIIPId>e9cbff26-5f2f-401c-9ad6-1db23106bb8b</sln:miejscNIIPId><sln:miejscNIIPPn>PL.PZGIK.200</sln:miejscNIIPPn><sln:miejscNIIPWersja>2016-11-24T13:39:13+02:00</sln:miejscNIIPWersja><sln:miejscNIdTeryt>0813111</sln:miejscNIdTeryt><sln:miejscNNazwa>Kanna</sln:miejscNNazwa><sln:miejscNRodzaj>Wieś</sln:miejscNRodzaj><sln:miejscNazwa>Wacków</sln:miejscNazwa><sln:miejscRodzaj>Inny obiekt</sln:miejscRodzaj><sln:powIIPId>2f8e6930-0088-406e-b684-cebb73fc5bd9</sln:powIIPId><sln:powIIPPn>PL.PZGIK.200</sln:powIIPPn><sln:powIIPWersja>2012-09-27T07:52:00+02:00</sln:powIIPWersja><sln:powIdTeryt>1204</sln:powIdTeryt><sln:powNazwa>dąbrowski</sln:powNazwa><sln:wojIIPId>dd2e3c64-f861-47cf-a3a3-e7751f272b2f</sln:wojIIPId><sln:wojIIPPn>PL.PZGIK.200</sln:wojIIPPn><sln:wojIIPWersja>2017-10-10T00:00:00+02:00</sln:wojIIPWersja><sln:wojIdTeryt>12</sln:wojIdTeryt><sln:wojNazwa>małopolskie</sln:wojNazwa></sln:miejscowosc><sln:miejscowosc><sln:cyklZyciaOd>2012-04-26T00:00:00+02:00</sln:cyklZyciaOd><sln:gmIIPId>4adc8dad-9839-4dfc-b1c3-dcdc78de23e8</sln:gmIIPId><sln:gmIIPPn>PL.PZGIK.200</sln:gmIIPPn><sln:gmIIPWersja>2012-09-26T22:08:55+02:00</sln:gmIIPWersja><sln:gmIdTeryt>1204012</sln:gmIdTeryt><sln:gmNazwa>Bolesław</sln:gmNazwa><sln:miejscIIPId>319d73cd-58dd-4f60-a290-475368e150fe</sln:miejscIIPId><sln:miejscIIPPn>PL.PZGIK.200</sln:miejscIIPPn><sln:miejscIIPWersja>2016-11-24T13:55:13+02:00</sln:miejscIIPWersja><sln:miejscIdTeryt>0813128</sln:miejscIdTeryt><sln:miejscNIIPId>e9cbff26-5f2f-401c-9ad6-1db23106bb8b</sln:miejscNIIPId><sln:miejscNIIPPn>PL.PZGIK.200</sln:miejscNIIPPn><sln:miejscNIIPWersja>2016-11-24T13:39:13+02:00</sln:miejscNIIPWersja><sln:miejscNIdTeryt>0813111</sln:miejscNIdTeryt><sln:miejscNNazwa>Kanna</sln:miejscNNazwa><sln:miejscNRodzaj>Wieś</sln:miejscNRodzaj><sln:miejscNazwa>Rokicie</sln:miejscNazwa><sln:miejscRodzaj>Inny obiekt</sln:miejscRodzaj><sln:powIIPId>2f8e6930-0088-406e-b684-cebb73fc5bd9</sln:powIIPId><sln:powIIPPn>PL.PZGIK.200</sln:powIIPPn><sln:powIIPWersja>2012-09-27T07:52:00+02:00</sln:powIIPWersja><sln:powIdTeryt>1204</sln:powIdTeryt><sln:powNazwa>dąbrowski</sln:powNazwa><sln:wojIIPId>dd2e3c64-f861-47cf-a3a3-e7751f272b2f</sln:wojIIPId><sln:wojIIPPn>PL.PZGIK.200</sln:wojIIPPn><sln:wojIIPWersja>2017-10-10T00:00:00+02:00</sln:wojIIPWersja><sln:wojIdTeryt>12</sln:wojIdTeryt><sln:wojNazwa>małopolskie</sln:wojNazwa></sln:miejscowosc><sln:miejscowosc><sln:cyklZyciaOd>2012-04-26T00:00:00+02:00</sln:cyklZyciaOd><sln:gmIIPId>4adc8dad-9839-4dfc-b1c3-dcdc78de23e8</sln:gmIIPId><sln:gmIIPPn>PL.PZGIK.200</sln:gmIIPPn><sln:gmIIPWersja>2012-09-26T22:08:55+02:00</sln:gmIIPWersja><sln:gmIdTeryt>1204012</sln:gmIdTeryt><sln:gmNazwa>Bolesław</sln:gmNazwa><sln:miejscIIPId>c7c89a69-000a-4f66-845c-da382c96e898</sln:miejscIIPId><sln:miejscIIPPn>PL.PZGIK.200</sln:miejscIIPPn><sln:miejscIIPWersja>2016-11-24T13:56:32+02:00</sln:miejscIIPWersja><sln:miejscIdTeryt>0813157</sln:miejscIdTeryt><sln:miejscNIIPId>1f78a773-f230-4bb6-896d-fe03f1bba27d</sln:miejscNIIPId><sln:miejscNIIPPn>PL.PZGIK.200</sln:miejscNIIPPn><sln:miejscNIIPWersja>2016-11-24T13:40:50+02:00</sln:miejscNIIPWersja><sln:miejscNIdTeryt>0813140</sln:miejscNIdTeryt><sln:miejscNNazwa>Kuzie</sln:miejscNNazwa><sln:miejscNRodzaj>Wieś</sln:miejscNRodzaj><sln:miejscNazwa>Kawęczyn</sln:miejscNazwa><sln:miejscRodzaj>Inny obiekt</sln:miejscRodzaj><sln:powIIPId>2f8e6930-0088-406e-b684-cebb73fc5bd9</sln:powIIPId><sln:powIIPPn>PL.PZGIK.200</sln:powIIPPn><sln:powIIPWersja>2012-09-27T07:52:00+02:00</sln:powIIPWersja><sln:powIdTeryt>1204</sln:powIdTeryt><sln:powNazwa>dąbrowski</sln:powNazwa><sln:wojIIPId>dd2e3c64-f861-47cf-a3a3-e7751f272b2f</sln:wojIIPId><sln:wojIIPPn>PL.PZGIK.200</sln:wojIIPPn><sln:wojIIPWersja>2017-10-10T00:00:00+02:00</sln:wojIIPWersja><sln:wojIdTeryt>12</sln:wojIdTeryt><sln:wojNazwa>małopolskie</sln:wojNazwa></sln:miejscowosc><sln:miejscowosc><sln:cyklZyciaOd>2012-04-26T00:00:00+02:00</sln:cyklZyciaOd><sln:gmIIPId>4adc8dad-9839-4dfc-b1c3-dcdc78de23e8</sln:gmIIPId><sln:gmIIPPn>PL.PZGIK.200</sln:gmIIPPn><sln:gmIIPWersja>2012-09-26T22:08:55+02:00</sln:gmIIPWersja><sln:gmIdTeryt>1204012</sln:gmIdTeryt><sln:gmNazwa>Bolesław</sln:gmNazwa><sln:miejscIIPId>1e587e48-6ed4-4255-aced-1a7d72072a0f</sln:miejscIIPId><sln:miejscIIPPn>PL.PZGIK.200</sln:miejscIIPPn><sln:miejscIIPWersja>2016-11-24T13:57:45+02:00</sln:miejscIIPWersja><sln:miejscIdTeryt>0813074</sln:miejscIdTeryt><sln:miejscNIIPId>6f506d56-c443-4a88-ac1a-3352ed496e8e</sln:miejscNIIPId><sln:miejscNIIPPn>PL.PZGIK.200</sln:miejscNIIPPn><sln:miejscNIIPWersja>2016-11-24T13:42:10+02:00</sln:miejscNIIPWersja><sln:miejscNIdTeryt>0813068</sln:miejscNIdTeryt><sln:miejscNNazwa>Bolesław</sln:miejscNNazwa><sln:miejscNRodzaj>Wieś</sln:miejscNRodzaj><sln:miejscNazwa>Południowa Ulica</sln:miejscNazwa><sln:miejscRodzaj>Inny obiekt</sln:miejscRodzaj><sln:powIIPId>2f8e6930-0088-406e-b684-cebb73fc5bd9</sln:powIIPId><sln:powIIPPn>PL.PZGIK.200</sln:powIIPPn><sln:powIIPWersja>2012-09-27T07:52:00+02:00</sln:powIIPWersja><sln:powIdTeryt>1204</sln:powIdTeryt><sln:powNazwa>dąbrowski</sln:powNazwa><sln:wojIIPId>dd2e3c64-f861-47cf-a3a3-e7751f272b2f</sln:wojIIPId><sln:wojIIPPn>PL.PZGIK.200</sln:wojIIPPn><sln:wojIIPWersja>2017-10-10T00:00:00+02:00</sln:wojIIPWersja><sln:wojIdTeryt>12</sln:wojIdTeryt><sln:wojNazwa>małopolskie</sln:wojNazwa></sln:miejscowosc><sln:miejscowosc><sln:cyklZyciaOd>2012-04-26T00:00:00+02:00</sln:cyklZyciaOd><sln:gmIIPId>4adc8dad-9839-4dfc-b1c3-dcdc78de23e8</sln:gmIIPId><sln:gmIIPPn>PL.PZGIK.200</sln:gmIIPPn><sln:gmIIPWersja>2012-09-26T22:08:55+02:00</sln:gmIIPWersja><sln:gmIdTeryt>1204012</sln:gmIdTeryt><sln:gmNazwa>Bolesław</sln:gmNazwa><sln:miejscIIPId>7e5caa9b-63a8-4cd7-84a4-59ebebc2ebec</sln:miejscIIPId><sln:miejscIIPPn>PL.PZGIK.200</sln:miejscIIPPn><sln:miejscIIPWersja>2016-11-24T13:57:45+02:00</sln:miejscIIPWersja><sln:miejscIdTeryt>0813080</sln:miejscIdTeryt><sln:miejscNIIPId>6f506d56-c443-4a88-ac1a-3352ed496e8e</sln:miejscNIIPId><sln:miejscNIIPPn>PL.PZGIK.200</sln:miejscNIIPPn><sln:miejscNIIPWersja>2016-11-24T13:42:10+02:00</sln:miejscNIIPWersja><sln:miejscNIdTeryt>0813068</sln:miejscNIdTeryt><sln:miejscNNazwa>Bolesław</sln:miejscNNazwa><sln:miejscNRodzaj>Wieś</sln:miejscNRodzaj><sln:miejscNazwa>Wałowo</sln:miejscNazwa><sln:miejscRodzaj>Inny obiekt</sln:miejscRodzaj><sln:powIIPId>2f8e6930-0088-406e-b684-cebb73fc5bd9</sln:powIIPId><sln:powIIPPn>PL.PZGIK.200</sln:powIIPPn><sln:powIIPWersja>2012-09-27T07:52:00+02:00</sln:powIIPWersja><sln:powIdTeryt>1204</sln:powIdTeryt><sln:powNazwa>dąbrowski</sln:powNazwa><sln:wojIIPId>dd2e3c64-f861-47cf-a3a3-e7751f272b2f</sln:wojIIPId><sln:wojIIPPn>PL.PZGIK.200</sln:wojIIPPn><sln:wojIIPWersja>2017-10-10T00:00:00+02:00</sln:wojIIPWersja><sln:wojIdTeryt>12</sln:wojIdTeryt><sln:wojNazwa>małopolskie</sln:wojNazwa></sln:miejscowosc><sln:miejscowosc><sln:cyklZyciaOd>2012-04-26T00:00:00+02:00</sln:cyklZyciaOd><sln:gmIIPId>4adc8dad-9839-4dfc-b1c3-dcdc78de23e8</sln:gmIIPId><sln:gmIIPPn>PL.PZGIK.200</sln:gmIIPPn><sln:gmIIPWersja>2012-09-26T22:08:55+02:00</sln:gmIIPWersja><sln:gmIdTeryt>1204012</sln:gmIdTeryt><sln:gmNazwa>Bolesław</sln:gmNazwa><sln:miejscIIPId>bc9839af-6c7a-48d9-9893-a368780ae623</sln:miejscIIPId><sln:miejscIIPPn>PL.PZGIK.200</sln:miejscIIPPn><sln:miejscIIPWersja>2016-11-24T13:57:45+02:00</sln:miejscIIPWersja><sln:miejscIdTeryt>0813097</sln:miejscIdTeryt><sln:miejscNIIPId>6f506d56-c443-4a88-ac1a-3352ed496e8e</sln:miejscNIIPId><sln:miejscNIIPPn>PL.PZGIK.200</sln:miejscNIIPPn><sln:miejscNIIPWersja>2016-11-24T13:42:10+02:00</sln:miejscNIIPWersja><sln:miejscNIdTeryt>0813068</sln:miejscNIdTeryt><sln:miejscNNazwa>Bolesław</sln:miejscNNazwa><sln:miejscNRodzaj>Wieś</sln:miejscNRodzaj><sln:miejscNazwa>Zamoście</sln:miejscNazwa><sln:miejscRodzaj>Inny obiekt</sln:miejscRodzaj><sln:powIIPId>2f8e6930-0088-406e-b684-cebb73fc5bd9</sln:powIIPId><sln:powIIPPn>PL.PZGIK.200</sln:powIIPPn><sln:powIIPWersja>2012-09-27T07:52:00+02:00</sln:powIIPWersja><sln:powIdTeryt>1204</sln:powIdTeryt><sln:powNazwa>dąbrowski</sln:powNazwa><sln:wojIIPId>dd2e3c64-f861-47cf-a3a3-e7751f272b2f</sln:wojIIPId><sln:wojIIPPn>PL.PZGIK.200</sln:wojIIPPn><sln:wojIIPWersja>2017-10-10T00:00:00+02:00</sln:wojIIPWersja><sln:wojIdTeryt>12</sln:wojIdTeryt><sln:wojNazwa>małopolskie</sln:wojNazwa></sln:miejscowosc><sln:miejscowosc><sln:cyklZyciaOd>2012-04-26T00:00:00+02:00</sln:cyklZyciaOd><sln:gmIIPId>4adc8dad-9839-4dfc-b1c3-dcdc78de23e8</sln:gmIIPId><sln:gmIIPPn>PL.PZGIK.200</sln:gmIIPPn><sln:gmIIPWersja>2012-09-26T22:08:55+02:00</sln:gmIIPWersja><sln:gmIdTeryt>1204012</sln:gmIdTeryt><sln:gmNazwa>Bolesław</sln:gmNazwa><sln:miejscIIPId>11079197-a6f5-45e0-b2e4-a35de96e5983</sln:miejscIIPId><sln:miejscIIPPn>PL.PZGIK.200</sln:miejscIIPPn><sln:miejscIIPWersja>2016-11-24T13:57:45+02:00</sln:miejscIIPWersja><sln:miejscIdTeryt>0813105</sln:miejscIdTeryt><sln:miejscNIIPId>6f506d56-c443-4a88-ac1a-3352ed496e8e</sln:miejscNIIPId><sln:miejscNIIPPn>PL.PZGIK.200</sln:miejscNIIPPn><sln:miejscNIIPWersja>2016-11-24T13:42:10+02:00</sln:miejscNIIPWersja><sln:miejscNIdTeryt>0813068</sln:miejscNIdTeryt><sln:miejscNNazwa>Bolesław</sln:miejscNNazwa><sln:miejscNRodzaj>Wieś</sln:miejscNRodzaj><sln:miejscNazwa>Zapole</sln:miejscNazwa><sln:miejscRodzaj>Inny obiekt</sln:miejscRodzaj><sln:powIIPId>2f8e6930-0088-406e-b684-cebb73fc5bd9</sln:powIIPId><sln:powIIPPn>PL.PZGIK.200</sln:powIIPPn><sln:powIIPWersja>2012-09-27T07:52:00+02:00</sln:powIIPWersja><sln:powIdTeryt>1204</sln:powIdTeryt><sln:powNazwa>dąbrowski</sln:powNazwa><sln:wojIIPId>dd2e3c64-f861-47cf-a3a3-e7751f272b2f</sln:wojIIPId><sln:wojIIPPn>PL.PZGIK.200</sln:wojIIPPn><sln:wojIIPWersja>2017-10-10T00:00:00+02:00</sln:wojIIPWersja><sln:wojIdTeryt>12</sln:wojIdTeryt><sln:wojNazwa>małopolskie</sln:wojNazwa></sln:miejscowosc><sln:miejscowosc><sln:cyklZyciaOd>2012-04-26T00:00:00+02:00</sln:cyklZyciaOd><sln:gmIIPId>4adc8dad-9839-4dfc-b1c3-dcdc78de23e8</sln:gmIIPId><sln:gmIIPPn>PL.PZGIK.200</sln:gmIIPPn><sln:gmIIPWersja>2012-09-26T22:08:55+02:00</sln:gmIIPWersja><sln:gmIdTeryt>1204012</sln:gmIdTeryt><sln:gmNazwa>Bolesław</sln:gmNazwa><sln:miejscIIPId>bfb2b076-e76f-420d-8380-46d6997d353c</sln:miejscIIPId><sln:miejscIIPPn>PL.PZGIK.200</sln:miejscIIPPn><sln:miejscIIPWersja>2016-11-24T13:59:27+02:00</sln:miejscIIPWersja><sln:miejscIdTeryt>0813170</sln:miejscIdTeryt><sln:miejscNIIPId>c29d98e1-c831-4b99-8405-9d85700de421</sln:miejscNIIPId><sln:miejscNIIPPn>PL.PZGIK.200</sln:miejscNIIPPn><sln:miejscNIIPWersja>2016-11-24T13:44:30+02:00</sln:miejscNIIPWersja><sln:miejscNIdTeryt>0813163</sln:miejscNIdTeryt><sln:miejscNNazwa>Pawłów</sln:miejscNNazwa><sln:miejscNRodzaj>Wieś</sln:miejscNRodzaj><sln:miejscNazwa>Gać</sln:miejscNazwa><sln:miejscRodzaj>Inny obiekt</sln:miejscRodzaj><sln:powIIPId>2f8e6930-0088-406e-b684-cebb73fc5bd9</sln:powIIPId><sln:powIIPPn>PL.PZGIK.200</sln:powIIPPn><sln:powIIPWersja>2012-09-27T07:52:00+02:00</sln:powIIPWersja><sln:powIdTeryt>1204</sln:powIdTeryt><sln:powNazwa>dąbrowski</sln:powNazwa><sln:wojIIPId>dd2e3c64-f861-47cf-a3a3-e7751f272b2f</sln:wojIIPId><sln:wojIIPPn>PL.PZGIK.200</sln:wojIIPPn><sln:wojIIPWersja>2017-10-10T00:00:00+02:00</sln:wojIIPWersja><sln:wojIdTeryt>12</sln:wojIdTeryt><sln:wojNazwa>małopolskie</sln:wojNazwa></sln:miejscowosc><sln:miejscowosc><sln:cyklZyciaOd>2012-04-26T00:00:00+02:00</sln:cyklZyciaOd><sln:gmIIPId>4adc8dad-9839-4dfc-b1c3-dcdc78de23e8</sln:gmIIPId><sln:gmIIPPn>PL.PZGIK.200</sln:gmIIPPn><sln:gmIIPWersja>2012-09-26T22:08:55+02:00</sln:gmIIPWersja><sln:gmIdTeryt>1204012</sln:gmIdTeryt><sln:gmNazwa>Bolesław</sln:gmNazwa><sln:miejscIIPId>be7bbf46-b37a-45a5-a24c-666f179a9ae4</sln:miejscIIPId><sln:miejscIIPPn>PL.PZGIK.200</sln:miejscIIPPn><sln:miejscIIPWersja>2016-11-24T13:59:27+02:00</sln:miejscIIPWersja><sln:miejscIdTeryt>0813186</sln:miejscIdTeryt><sln:miejscNIIPId>c29d98e1-c831-4b99-8405-9d85700de421</sln:miejscNIIPId><sln:miejscNIIPPn>PL.PZGIK.200</sln:miejscNIIPPn><sln:miejscNIIPWersja>2016-11-24T13:44:30+02:00</sln:miejscNIIPWersja><sln:miejscNIdTeryt>0813163</sln:miejscNIdTeryt><sln:miejscNNazwa>Pawłów</sln:miejscNNazwa><sln:miejscNRodzaj>Wieś</sln:miejscNRodzaj><sln:miejscNazwa>Grabówka</sln:miejscNazwa><sln:miejscRodzaj>Inny obiekt</sln:miejscRodzaj><sln:powIIPId>2f8e6930-0088-406e-b684-cebb73fc5bd9</sln:powIIPId><sln:powIIPPn>PL.PZGIK.200</sln:powIIPPn><sln:powIIPWersja>2012-09-27T07:52:00+02:00</sln:powIIPWersja><sln:powIdTeryt>1204</sln:powIdTeryt><sln:powNazwa>dąbrowski</sln:powNazwa><sln:wojIIPId>dd2e3c64-f861-47cf-a3a3-e7751f272b2f</sln:wojIIPId><sln:wojIIPPn>PL.PZGIK.200</sln:wojIIPPn><sln:wojIIPWersja>2017-10-10T00:00:00+02:00</sln:wojIIPWersja><sln:wojIdTeryt>12</sln:wojIdTeryt><sln:wojNazwa>małopolskie</sln:wojNazwa></sln:miejscowosc></sln:lista-miejscowosci>