<?xml version="1.0" encoding="UTF-8" standalone="yes"?><sln:lista-miejscowosci xmlns:srv="http://gugik.gov.pl/schemas/slowniki-service/1.0" xmlns:sln="http://gugik.gov.pl/schemas/slowniki-schema/1.0"><sln:miejscowosc><sln:cyklZyciaOd>2014-12-07T00:00:00+01:00</sln:cyklZyciaOd><sln:gmIIPId>dd17983e-50a0-4c7a-93e6-c681f05af7c4</sln:gmIIPId><sln:gmIIPPn>PL.PZGIK.200</sln:gmIIPPn><sln:gmIIPWersja>2012-09-26T22:10:10+02:00</sln:gmIIPWersja><sln:gmIdTeryt>1209013</sln:gmIdTeryt><sln:gmNazwa>Dobczyce</sln:gmNazwa><sln:miejscIIPId>5a77882f-74c9-441b-bcd6-8ab9cd36f74a</sln:miejscIIPId><sln:miejscIIPPn>PL.PZGIK.200</sln:miejscIIPPn><sln:miejscIIPWersja>2016-11-24T13:58:54+02:00</sln:miejscIIPWersja><sln:miejscIdTeryt>1050566</sln:miejscIdTeryt><sln:miejscNazwa>Porabie</sln:miejscNazwa><sln:miejscRodzaj>Inny obiekt</sln:miejscRodzaj><sln:powIIPId>2eb1253c-735f-4636-981c-bde46943d44c</sln:powIIPId><sln:powIIPPn>PL.PZGIK.200</sln:powIIPPn><sln:powIIPWersja>2012-09-27T07:52:00+02:00</sln:powIIPWersja><sln:powIdTeryt>1209</sln:powIdTeryt><sln:powNazwa>myślenicki</sln:powNazwa><sln:wojIIPId>dd2e3c64-f861-47cf-a3a3-e7751f272b2f</sln:wojIIPId><sln:wojIIPPn>PL.PZGIK.200</sln:wojIIPPn><sln:wojIIPWersja>2017-10-10T00:00:00+02:00</sln:wojIIPWersja><sln:wojIdTeryt>12</sln:wojIdTeryt><sln:wojNazwa>małopolskie</sln:wojNazwa></sln:miejscowosc><sln:miejscowosc><sln:cyklZyciaOd>2014-12-07T00:00:00+01:00</sln:cyklZyciaOd><sln:gmIIPId>dd17983e-50a0-4c7a-93e6-c681f05af7c4</sln:gmIIPId><sln:gmIIPPn>PL.PZGIK.200</sln:gmIIPPn><sln:gmIIPWersja>2012-09-26T22:10:10+02:00</sln:gmIIPWersja><sln:gmIdTeryt>1209013</sln:gmIdTeryt><sln:gmNazwa>Dobczyce</sln:gmNazwa><sln:miejscIIPId>a7f765b4-9783-444a-ab0d-78cc781e8dd2</sln:miejscIIPId><sln:miejscIIPPn>PL.PZGIK.200</sln:miejscIIPPn><sln:miejscIIPWersja>2016-11-24T13:58:54+02:00</sln:miejscIIPWersja><sln:miejscIdTeryt>0951534</sln:miejscIdTeryt><sln:miejscNazwa>Gwoździówka</sln:miejscNazwa><sln:miejscRodzaj>Inny obiekt</sln:miejscRodzaj><sln:powIIPId>2eb1253c-735f-4636-981c-bde46943d44c</sln:powIIPId><sln:powIIPPn>PL.PZGIK.200</sln:powIIPPn><sln:powIIPWersja>2012-09-27T07:52:00+02:00</sln:powIIPWersja><sln:powIdTeryt>1209</sln:powIdTeryt><sln:powNazwa>myślenicki</sln:powNazwa><sln:wojIIPId>dd2e3c64-f861-47cf-a3a3-e7751f272b2f</sln:wojIIPId><sln:wojIIPPn>PL.PZGIK.200</sln:wojIIPPn><sln:wojIIPWersja>2017-10-10T00:00:00+02:00</sln:wojIIPWersja><sln:wojIdTeryt>12</sln:wojIdTeryt><sln:wojNazwa>małopolskie</sln:wojNazwa></sln:miejscowosc><sln:miejscowosc><sln:cyklZyciaOd>2014-12-07T00:00:00+01:00</sln:cyklZyciaOd><sln:gmIIPId>dd17983e-50a0-4c7a-93e6-c681f05af7c4</sln:gmIIPId><sln:gmIIPPn>PL.PZGIK.200</sln:gmIIPPn><sln:gmIIPWersja>2012-09-26T22:10:10+02:00</sln:gmIIPWersja><sln:gmIdTeryt>1209013</sln:gmIdTeryt><sln:gmNazwa>Dobczyce</sln:gmNazwa><sln:miejscIIPId>d1ecaa40-fb23-4ec5-ba25-928a3cd5e71a</sln:miejscIIPId><sln:miejscIIPPn>PL.PZGIK.200</sln:miejscIIPPn><sln:miejscIIPWersja>2016-11-24T13:58:54+02:00</sln:miejscIIPWersja><sln:miejscIdTeryt>1050550</sln:miejscIdTeryt><sln:miejscNazwa>Gaik</sln:miejscNazwa><sln:miejscRodzaj>Inny obiekt</sln:miejscRodzaj><sln:powIIPId>2eb1253c-735f-4636-981c-bde46943d44c</sln:powIIPId><sln:powIIPPn>PL.PZGIK.200</sln:powIIPPn><sln:powIIPWersja>2012-09-27T07:52:00+02:00</sln:powIIPWersja><sln:powIdTeryt>1209</sln:powIdTeryt><sln:powNazwa>myślenicki</sln:powNazwa><sln:wojIIPId>dd2e3c64-f861-47cf-a3a3-e7751f272b2f</sln:wojIIPId><sln:wojIIPPn>PL.PZGIK.200</sln:wojIIPPn><sln:wojIIPWersja>2017-10-10T00:00:00+02:00</sln:wojIIPWersja><sln:wojIdTeryt>12</sln:wojIdTeryt><sln:wojNazwa>małopolskie</sln:wojNazwa></sln:miejscowosc><sln:miejscowosc><sln:cyklZyciaOd>2014-12-07T00:00:00+01:00</sln:cyklZyciaOd><sln:gmIIPId>dd17983e-50a0-4c7a-93e6-c681f05af7c4</sln:gmIIPId><sln:gmIIPPn>PL.PZGIK.200</sln:gmIIPPn><sln:gmIIPWersja>2012-09-26T22:10:10+02:00</sln:gmIIPWersja><sln:gmIdTeryt>1209013</sln:gmIdTeryt><sln:gmNazwa>Dobczyce</sln:gmNazwa><sln:miejscIIPId>9ee37bd1-8ec0-495a-a1ca-aa46df95c057</sln:miejscIIPId><sln:miejscIIPPn>PL.PZGIK.200</sln:miejscIIPPn><sln:miejscIIPWersja>2016-11-24T13:28:42+02:00</sln:miejscIIPWersja><sln:miejscIdTeryt>0316631</sln:miejscIdTeryt><sln:miejscNazwa>Brzączowice</sln:miejscNazwa><sln:miejscRodzaj>Wieś</sln:miejscRodzaj><sln:powIIPId>2eb1253c-735f-4636-981c-bde46943d44c</sln:powIIPId><sln:powIIPPn>PL.PZGIK.200</sln:powIIPPn><sln:powIIPWersja>2012-09-27T07:52:00+02:00</sln:powIIPWersja><sln:powIdTeryt>1209</sln:powIdTeryt><sln:powNazwa>myślenicki</sln:powNazwa><sln:wojIIPId>dd2e3c64-f861-47cf-a3a3-e7751f272b2f</sln:wojIIPId><sln:wojIIPPn>PL.PZGIK.200</sln:wojIIPPn><sln:wojIIPWersja>2017-10-10T00:00:00+02:00</sln:wojIIPWersja><sln:wojIdTeryt>12</sln:wojIdTeryt><sln:wojNazwa>małopolskie</sln:wojNazwa></sln:miejscowosc><sln:miejscowosc><sln:cyklZyciaOd>2014-12-07T00:00:00+01:00</sln:cyklZyciaOd><sln:gmIIPId>dd17983e-50a0-4c7a-93e6-c681f05af7c4</sln:gmIIPId><sln:gmIIPPn>PL.PZGIK.200</sln:gmIIPPn><sln:gmIIPWersja>2012-09-26T22:10:10+02:00</sln:gmIIPWersja><sln:gmIdTeryt>1209013</sln:gmIdTeryt><sln:gmNazwa>Dobczyce</sln:gmNazwa><sln:miejscIIPId>3bfdee3f-db4e-47a1-a31d-0e37537225bd</sln:miejscIIPId><sln:miejscIIPPn>PL.PZGIK.200</sln:miejscIIPPn><sln:miejscIIPWersja>2016-11-24T13:30:34+02:00</sln:miejscIIPWersja><sln:miejscIdTeryt>0316996</sln:miejscIdTeryt><sln:miejscNazwa>Sieraków</sln:miejscNazwa><sln:miejscRodzaj>Wieś</sln:miejscRodzaj><sln:powIIPId>2eb1253c-735f-4636-981c-bde46943d44c</sln:powIIPId><sln:powIIPPn>PL.PZGIK.200</sln:powIIPPn><sln:powIIPWersja>2012-09-27T07:52:00+02:00</sln:powIIPWersja><sln:powIdTeryt>1209</sln:powIdTeryt><sln:powNazwa>myślenicki</sln:powNazwa><sln:wojIIPId>dd2e3c64-f861-47cf-a3a3-e7751f272b2f</sln:wojIIPId><sln:wojIIPPn>PL.PZGIK.200</sln:wojIIPPn><sln:wojIIPWersja>2017-10-10T00:00:00+02:00</sln:wojIIPWersja><sln:wojIdTeryt>12</sln:wojIdTeryt><sln:wojNazwa>małopolskie</sln:wojNazwa></sln:miejscowosc><sln:miejscowosc><sln:cyklZyciaOd>2014-12-07T00:00:00+01:00</sln:cyklZyciaOd><sln:gmIIPId>dd17983e-50a0-4c7a-93e6-c681f05af7c4</sln:gmIIPId><sln:gmIIPPn>PL.PZGIK.200</sln:gmIIPPn><sln:gmIIPWersja>2012-09-26T22:10:10+02:00</sln:gmIIPWersja><sln:gmIdTeryt>1209013</sln:gmIdTeryt><sln:gmNazwa>Dobczyce</sln:gmNazwa><sln:miejscIIPId>cb166cd4-9bcc-4062-8881-af684fa42352</sln:miejscIIPId><sln:miejscIIPPn>PL.PZGIK.200</sln:miejscIIPPn><sln:miejscIIPWersja>2016-11-24T13:39:18+02:00</sln:miejscIIPWersja><sln:miejscIdTeryt>0316743</sln:miejscIdTeryt><sln:miejscNazwa>Kędzierzynka</sln:miejscNazwa><sln:miejscRodzaj>Wieś</sln:miejscRodzaj><sln:powIIPId>2eb1253c-735f-4636-981c-bde46943d44c</sln:powIIPId><sln:powIIPPn>PL.PZGIK.200</sln:powIIPPn><sln:powIIPWersja>2012-09-27T07:52:00+02:00</sln:powIIPWersja><sln:powIdTeryt>1209</sln:powIdTeryt><sln:powNazwa>myślenicki</sln:powNazwa><sln:wojIIPId>dd2e3c64-f861-47cf-a3a3-e7751f272b2f</sln:wojIIPId><sln:wojIIPPn>PL.PZGIK.200</sln:wojIIPPn><sln:wojIIPWersja>2017-10-10T00:00:00+02:00</sln:wojIIPWersja><sln:wojIdTeryt>12</sln:wojIdTeryt><sln:wojNazwa>małopolskie</sln:wojNazwa></sln:miejscowosc><sln:miejscowosc><sln:cyklZyciaOd>2014-12-07T00:00:00+01:00</sln:cyklZyciaOd><sln:gmIIPId>dd17983e-50a0-4c7a-93e6-c681f05af7c4</sln:gmIIPId><sln:gmIIPPn>PL.PZGIK.200</sln:gmIIPPn><sln:gmIIPWersja>2012-09-26T22:10:10+02:00</sln:gmIIPWersja><sln:gmIdTeryt>1209013</sln:gmIdTeryt><sln:gmNazwa>Dobczyce</sln:gmNazwa><sln:miejscIIPId>aaa744bc-23d5-47d7-ace6-f22e4ee38cc4</sln:miejscIIPId><sln:miejscIIPPn>PL.PZGIK.200</sln:miejscIIPPn><sln:miejscIIPWersja>2016-11-24T13:47:35+02:00</sln:miejscIIPWersja><sln:miejscIdTeryt>0317100</sln:miejscIdTeryt><sln:miejscNazwa>Krzyżówki</sln:miejscNazwa><sln:miejscRodzaj>Inny obiekt</sln:miejscRodzaj><sln:powIIPId>2eb1253c-735f-4636-981c-bde46943d44c</sln:powIIPId><sln:powIIPPn>PL.PZGIK.200</sln:powIIPPn><sln:powIIPWersja>2012-09-27T07:52:00+02:00</sln:powIIPWersja><sln:powIdTeryt>1209</sln:powIdTeryt><sln:powNazwa>myślenicki</sln:powNazwa><sln:wojIIPId>dd2e3c64-f861-47cf-a3a3-e7751f272b2f</sln:wojIIPId><sln:wojIIPPn>PL.PZGIK.200</sln:wojIIPPn><sln:wojIIPWersja>2017-10-10T00:00:00+02:00</sln:wojIIPWersja><sln:wojIdTeryt>12</sln:wojIdTeryt><sln:wojNazwa>małopolskie</sln:wojNazwa></sln:miejscowosc><sln:miejscowosc><sln:cyklZyciaOd>2014-12-07T00:00:00+01:00</sln:cyklZyciaOd><sln:gmIIPId>dd17983e-50a0-4c7a-93e6-c681f05af7c4</sln:gmIIPId><sln:gmIIPPn>PL.PZGIK.200</sln:gmIIPPn><sln:gmIIPWersja>2012-09-26T22:10:10+02:00</sln:gmIIPWersja><sln:gmIdTeryt>1209013</sln:gmIdTeryt><sln:gmNazwa>Dobczyce</sln:gmNazwa><sln:miejscIIPId>3731e74d-6c9f-4ae0-8d53-13f2d6ef0b29</sln:miejscIIPId><sln:miejscIIPPn>PL.PZGIK.200</sln:miejscIIPPn><sln:miejscIIPWersja>2016-11-24T13:46:00+02:00</sln:miejscIIPWersja><sln:miejscIdTeryt>0316690</sln:miejscIdTeryt><sln:miejscNazwa>Rola</sln:miejscNazwa><sln:miejscRodzaj>Inny obiekt</sln:miejscRodzaj><sln:powIIPId>2eb1253c-735f-4636-981c-bde46943d44c</sln:powIIPId><sln:powIIPPn>PL.PZGIK.200</sln:powIIPPn><sln:powIIPWersja>2012-09-27T07:52:00+02:00</sln:powIIPWersja><sln:powIdTeryt>1209</sln:powIdTeryt><sln:powNazwa>myślenicki</sln:powNazwa><sln:wojIIPId>dd2e3c64-f861-47cf-a3a3-e7751f272b2f</sln:wojIIPId><sln:wojIIPPn>PL.PZGIK.200</sln:wojIIPPn><sln:wojIIPWersja>2017-10-10T00:00:00+02:00</sln:wojIIPWersja><sln:wojIdTeryt>12</sln:wojIdTeryt><sln:wojNazwa>małopolskie</sln:wojNazwa></sln:miejscowosc><sln:miejscowosc><sln:cyklZyciaOd>2014-12-07T00:00:00+01:00</sln:cyklZyciaOd><sln:gmIIPId>dd17983e-50a0-4c7a-93e6-c681f05af7c4</sln:gmIIPId><sln:gmIIPPn>PL.PZGIK.200</sln:gmIIPPn><sln:gmIIPWersja>2012-09-26T22:10:10+02:00</sln:gmIIPWersja><sln:gmIdTeryt>1209013</sln:gmIdTeryt><sln:gmNazwa>Dobczyce</sln:gmNazwa><sln:miejscIIPId>ffc96bdf-d82d-44b9-a576-7eb39c657da2</sln:miejscIIPId><sln:miejscIIPPn>PL.PZGIK.200</sln:miejscIIPPn><sln:miejscIIPWersja>2016-11-24T13:58:39+02:00</sln:miejscIIPWersja><sln:miejscIdTeryt>0316890</sln:miejscIdTeryt><sln:miejscNazwa>Zarabie</sln:miejscNazwa><sln:miejscRodzaj>Inny obiekt</sln:miejscRodzaj><sln:powIIPId>2eb1253c-735f-4636-981c-bde46943d44c</sln:powIIPId><sln:powIIPPn>PL.PZGIK.200</sln:powIIPPn><sln:powIIPWersja>2012-09-27T07:52:00+02:00</sln:powIIPWersja><sln:powIdTeryt>1209</sln:powIdTeryt><sln:powNazwa>myślenicki</sln:powNazwa><sln:wojIIPId>dd2e3c64-f861-47cf-a3a3-e7751f272b2f</sln:wojIIPId><sln:wojIIPPn>PL.PZGIK.200</sln:wojIIPPn><sln:wojIIPWersja>2017-10-10T00:00:00+02:00</sln:wojIIPWersja><sln:wojIdTeryt>12</sln:wojIdTeryt><sln:wojNazwa>małopolskie</sln:wojNazwa></sln:miejscowosc><sln:miejscowosc><sln:cyklZyciaOd>2014-12-07T00:00:00+01:00</sln:cyklZyciaOd><sln:gmIIPId>dd17983e-50a0-4c7a-93e6-c681f05af7c4</sln:gmIIPId><sln:gmIIPPn>PL.PZGIK.200</sln:gmIIPPn><sln:gmIIPWersja>2012-09-26T22:10:10+02:00</sln:gmIIPWersja><sln:gmIdTeryt>1209013</sln:gmIdTeryt><sln:gmNazwa>Dobczyce</sln:gmNazwa><sln:miejscIIPId>1f76e0a9-be45-4485-a4d2-1d56f4964ce0</sln:miejscIIPId><sln:miejscIIPPn>PL.PZGIK.200</sln:miejscIIPPn><sln:miejscIIPWersja>2016-11-24T13:55:54+02:00</sln:miejscIIPWersja><sln:miejscIdTeryt>0316810</sln:miejscIdTeryt><sln:miejscNazwa>Bór</sln:miejscNazwa><sln:miejscRodzaj>Inny obiekt</sln:miejscRodzaj><sln:powIIPId>2eb1253c-735f-4636-981c-bde46943d44c</sln:powIIPId><sln:powIIPPn>PL.PZGIK.200</sln:powIIPPn><sln:powIIPWersja>2012-09-27T07:52:00+02:00</sln:powIIPWersja><sln:powIdTeryt>1209</sln:powIdTeryt><sln:powNazwa>myślenicki</sln:powNazwa><sln:wojIIPId>dd2e3c64-f861-47cf-a3a3-e7751f272b2f</sln:wojIIPId><sln:wojIIPPn>PL.PZGIK.200</sln:wojIIPPn><sln:wojIIPWersja>2017-10-10T00:00:00+02:00</sln:wojIIPWersja><sln:wojIdTeryt>12</sln:wojIdTeryt><sln:wojNazwa>małopolskie</sln:wojNazwa></sln:miejscowosc><sln:miejscowosc><sln:cyklZyciaOd>2014-12-07T00:00:00+01:00</sln:cyklZyciaOd><sln:gmIIPId>dd17983e-50a0-4c7a-93e6-c681f05af7c4</sln:gmIIPId><sln:gmIIPPn>PL.PZGIK.200</sln:gmIIPPn><sln:gmIIPWersja>2012-09-26T22:10:10+02:00</sln:gmIIPWersja><sln:gmIdTeryt>1209013</sln:gmIdTeryt><sln:gmNazwa>Dobczyce</sln:gmNazwa><sln:miejscIIPId>61cfe52d-608d-4208-a502-680fc84c3c51</sln:miejscIIPId><sln:miejscIIPPn>PL.PZGIK.200</sln:miejscIIPPn><sln:miejscIIPWersja>2016-11-24T13:45:04+02:00</sln:miejscIIPWersja><sln:miejscIdTeryt>0316677</sln:miejscIdTeryt><sln:miejscNazwa>Podlesie</sln:miejscNazwa><sln:miejscRodzaj>Inny obiekt</sln:miejscRodzaj><sln:powIIPId>2eb1253c-735f-4636-981c-bde46943d44c</sln:powIIPId><sln:powIIPPn>PL.PZGIK.200</sln:powIIPPn><sln:powIIPWersja>2012-09-27T07:52:00+02:00</sln:powIIPWersja><sln:powIdTeryt>1209</sln:powIdTeryt><sln:powNazwa>myślenicki</sln:powNazwa><sln:wojIIPId>dd2e3c64-f861-47cf-a3a3-e7751f272b2f</sln:wojIIPId><sln:wojIIPPn>PL.PZGIK.200</sln:wojIIPPn><sln:wojIIPWersja>2017-10-10T00:00:00+02:00</sln:wojIIPWersja><sln:wojIdTeryt>12</sln:wojIdTeryt><sln:wojNazwa>małopolskie</sln:wojNazwa></sln:miejscowosc><sln:miejscowosc><sln:cyklZyciaOd>2014-12-07T00:00:00+01:00</sln:cyklZyciaOd><sln:gmIIPId>dd17983e-50a0-4c7a-93e6-c681f05af7c4</sln:gmIIPId><sln:gmIIPPn>PL.PZGIK.200</sln:gmIIPPn><sln:gmIIPWersja>2012-09-26T22:10:10+02:00</sln:gmIIPWersja><sln:gmIdTeryt>1209013</sln:gmIdTeryt><sln:gmNazwa>Dobczyce</sln:gmNazwa><sln:miejscIIPId>73efcf28-4b25-46cb-a1e7-fa505629685a</sln:miejscIIPId><sln:miejscIIPPn>PL.PZGIK.200</sln:miejscIIPPn><sln:miejscIIPWersja>2016-11-24T13:53:42+02:00</sln:miejscIIPWersja><sln:miejscIdTeryt>0316737</sln:miejscIdTeryt><sln:miejscNazwa>Zabawie</sln:miejscNazwa><sln:miejscRodzaj>Inny obiekt</sln:miejscRodzaj><sln:powIIPId>2eb1253c-735f-4636-981c-bde46943d44c</sln:powIIPId><sln:powIIPPn>PL.PZGIK.200</sln:powIIPPn><sln:powIIPWersja>2012-09-27T07:52:00+02:00</sln:powIIPWersja><sln:powIdTeryt>1209</sln:powIdTeryt><sln:powNazwa>myślenicki</sln:powNazwa><sln:wojIIPId>dd2e3c64-f861-47cf-a3a3-e7751f272b2f</sln:wojIIPId><sln:wojIIPPn>PL.PZGIK.200</sln:wojIIPPn><sln:wojIIPWersja>2017-10-10T00:00:00+02:00</sln:wojIIPWersja><sln:wojIdTeryt>12</sln:wojIdTeryt><sln:wojNazwa>małopolskie</sln:wojNazwa></sln:miejscowosc><sln:miejscowosc><sln:cyklZyciaOd>2014-12-07T00:00:00+01:00</sln:cyklZyciaOd><sln:gmIIPId>dd17983e-50a0-4c7a-93e6-c681f05af7c4</sln:gmIIPId><sln:gmIIPPn>PL.PZGIK.200</sln:gmIIPPn><sln:gmIIPWersja>2012-09-26T22:10:10+02:00</sln:gmIIPWersja><sln:gmIdTeryt>1209013</sln:gmIdTeryt><sln:gmNazwa>Dobczyce</sln:gmNazwa><sln:miejscIIPId>c0f3f880-51e5-451c-a1da-7f810a52e3d3</sln:miejscIIPId><sln:miejscIIPPn>PL.PZGIK.200</sln:miejscIIPPn><sln:miejscIIPWersja>2016-11-24T13:52:37+02:00</sln:miejscIIPWersja><sln:miejscIdTeryt>0951511</sln:miejscIdTeryt><sln:miejscNazwa>Czerwona</sln:miejscNazwa><sln:miejscRodzaj>Inny obiekt</sln:miejscRodzaj><sln:powIIPId>2eb1253c-735f-4636-981c-bde46943d44c</sln:powIIPId><sln:powIIPPn>PL.PZGIK.200</sln:powIIPPn><sln:powIIPWersja>2012-09-27T07:52:00+02:00</sln:powIIPWersja><sln:powIdTeryt>1209</sln:powIdTeryt><sln:powNazwa>myślenicki</sln:powNazwa><sln:wojIIPId>dd2e3c64-f861-47cf-a3a3-e7751f272b2f</sln:wojIIPId><sln:wojIIPPn>PL.PZGIK.200</sln:wojIIPPn><sln:wojIIPWersja>2017-10-10T00:00:00+02:00</sln:wojIIPWersja><sln:wojIdTeryt>12</sln:wojIdTeryt><sln:wojNazwa>małopolskie</sln:wojNazwa></sln:miejscowosc><sln:miejscowosc><sln:cyklZyciaOd>2014-12-07T00:00:00+01:00</sln:cyklZyciaOd><sln:gmIIPId>dd17983e-50a0-4c7a-93e6-c681f05af7c4</sln:gmIIPId><sln:gmIIPPn>PL.PZGIK.200</sln:gmIIPPn><sln:gmIIPWersja>2012-09-26T22:10:10+02:00</sln:gmIIPWersja><sln:gmIdTeryt>1209013</sln:gmIdTeryt><sln:gmNazwa>Dobczyce</sln:gmNazwa><sln:miejscIIPId>168d4d59-ac56-4410-8298-68f0068de9ea</sln:miejscIIPId><sln:miejscIIPPn>PL.PZGIK.200</sln:miejscIIPPn><sln:miejscIIPWersja>2016-11-24T13:55:54+02:00</sln:miejscIIPWersja><sln:miejscIdTeryt>0316826</sln:miejscIdTeryt><sln:miejscNazwa>Dziudża</sln:miejscNazwa><sln:miejscRodzaj>Inny obiekt</sln:miejscRodzaj><sln:powIIPId>2eb1253c-735f-4636-981c-bde46943d44c</sln:powIIPId><sln:powIIPPn>PL.PZGIK.200</sln:powIIPPn><sln:powIIPWersja>2012-09-27T07:52:00+02:00</sln:powIIPWersja><sln:powIdTeryt>1209</sln:powIdTeryt><sln:powNazwa>myślenicki</sln:powNazwa><sln:wojIIPId>dd2e3c64-f861-47cf-a3a3-e7751f272b2f</sln:wojIIPId><sln:wojIIPPn>PL.PZGIK.200</sln:wojIIPPn><sln:wojIIPWersja>2017-10-10T00:00:00+02:00</sln:wojIIPWersja><sln:wojIdTeryt>12</sln:wojIdTeryt><sln:wojNazwa>małopolskie</sln:wojNazwa></sln:miejscowosc><sln:miejscowosc><sln:cyklZyciaOd>2014-12-07T00:00:00+01:00</sln:cyklZyciaOd><sln:gmIIPId>dd17983e-50a0-4c7a-93e6-c681f05af7c4</sln:gmIIPId><sln:gmIIPPn>PL.PZGIK.200</sln:gmIIPPn><sln:gmIIPWersja>2012-09-26T22:10:10+02:00</sln:gmIIPWersja><sln:gmIdTeryt>1209013</sln:gmIdTeryt><sln:gmNazwa>Dobczyce</sln:gmNazwa><sln:miejscIIPId>7e8179fe-bd21-41eb-b48d-171188da80f4</sln:miejscIIPId><sln:miejscIIPPn>PL.PZGIK.200</sln:miejscIIPPn><sln:miejscIIPWersja>2016-11-24T13:46:22+02:00</sln:miejscIIPWersja><sln:miejscIdTeryt>0316980</sln:miejscIdTeryt><sln:miejscNazwa>Zalesie</sln:miejscNazwa><sln:miejscRodzaj>Inny obiekt</sln:miejscRodzaj><sln:powIIPId>2eb1253c-735f-4636-981c-bde46943d44c</sln:powIIPId><sln:powIIPPn>PL.PZGIK.200</sln:powIIPPn><sln:powIIPWersja>2012-09-27T07:52:00+02:00</sln:powIIPWersja><sln:powIdTeryt>1209</sln:powIdTeryt><sln:powNazwa>myślenicki</sln:powNazwa><sln:wojIIPId>dd2e3c64-f861-47cf-a3a3-e7751f272b2f</sln:wojIIPId><sln:wojIIPPn>PL.PZGIK.200</sln:wojIIPPn><sln:wojIIPWersja>2017-10-10T00:00:00+02:00</sln:wojIIPWersja><sln:wojIdTeryt>12</sln:wojIdTeryt><sln:wojNazwa>małopolskie</sln:wojNazwa></sln:miejscowosc><sln:miejscowosc><sln:cyklZyciaOd>2014-12-07T00:00:00+01:00</sln:cyklZyciaOd><sln:gmIIPId>dd17983e-50a0-4c7a-93e6-c681f05af7c4</sln:gmIIPId><sln:gmIIPPn>PL.PZGIK.200</sln:gmIIPPn><sln:gmIIPWersja>2012-09-26T22:10:10+02:00</sln:gmIIPWersja><sln:gmIdTeryt>1209013</sln:gmIdTeryt><sln:gmNazwa>Dobczyce</sln:gmNazwa><sln:miejscIIPId>b24aa1c6-3577-4a4b-a940-052d20130389</sln:miejscIIPId><sln:miejscIIPPn>PL.PZGIK.200</sln:miejscIIPPn><sln:miejscIIPWersja>2016-11-24T13:39:47+02:00</sln:miejscIIPWersja><sln:miejscIdTeryt>0316588</sln:miejscIdTeryt><sln:miejscNazwa>Bieńkowice</sln:miejscNazwa><sln:miejscRodzaj>Wieś</sln:miejscRodzaj><sln:powIIPId>2eb1253c-735f-4636-981c-bde46943d44c</sln:powIIPId><sln:powIIPPn>PL.PZGIK.200</sln:powIIPPn><sln:powIIPWersja>2012-09-27T07:52:00+02:00</sln:powIIPWersja><sln:powIdTeryt>1209</sln:powIdTeryt><sln:powNazwa>myślenicki</sln:powNazwa><sln:wojIIPId>dd2e3c64-f861-47cf-a3a3-e7751f272b2f</sln:wojIIPId><sln:wojIIPPn>PL.PZGIK.200</sln:wojIIPPn><sln:wojIIPWersja>2017-10-10T00:00:00+02:00</sln:wojIIPWersja><sln:wojIdTeryt>12</sln:wojIdTeryt><sln:wojNazwa>małopolskie</sln:wojNazwa></sln:miejscowosc><sln:miejscowosc><sln:cyklZyciaOd>2014-12-07T00:00:00+01:00</sln:cyklZyciaOd><sln:gmIIPId>dd17983e-50a0-4c7a-93e6-c681f05af7c4</sln:gmIIPId><sln:gmIIPPn>PL.PZGIK.200</sln:gmIIPPn><sln:gmIIPWersja>2012-09-26T22:10:10+02:00</sln:gmIIPWersja><sln:gmIdTeryt>1209013</sln:gmIdTeryt><sln:gmNazwa>Dobczyce</sln:gmNazwa><sln:miejscIIPId>8d5feec9-7c4a-48dc-be65-86be9605489c</sln:miejscIIPId><sln:miejscIIPPn>PL.PZGIK.200</sln:miejscIIPPn><sln:miejscIIPWersja>2016-11-24T13:47:02+02:00</sln:miejscIIPWersja><sln:miejscIdTeryt>0317027</sln:miejscIdTeryt><sln:miejscNazwa>Przymiarki</sln:miejscNazwa><sln:miejscRodzaj>Inny obiekt</sln:miejscRodzaj><sln:powIIPId>2eb1253c-735f-4636-981c-bde46943d44c</sln:powIIPId><sln:powIIPPn>PL.PZGIK.200</sln:powIIPPn><sln:powIIPWersja>2012-09-27T07:52:00+02:00</sln:powIIPWersja><sln:powIdTeryt>1209</sln:powIdTeryt><sln:powNazwa>myślenicki</sln:powNazwa><sln:wojIIPId>dd2e3c64-f861-47cf-a3a3-e7751f272b2f</sln:wojIIPId><sln:wojIIPPn>PL.PZGIK.200</sln:wojIIPPn><sln:wojIIPWersja>2017-10-10T00:00:00+02:00</sln:wojIIPWersja><sln:wojIdTeryt>12</sln:wojIdTeryt><sln:wojNazwa>małopolskie</sln:wojNazwa></sln:miejscowosc><sln:miejscowosc><sln:cyklZyciaOd>2014-12-07T00:00:00+01:00</sln:cyklZyciaOd><sln:gmIIPId>dd17983e-50a0-4c7a-93e6-c681f05af7c4</sln:gmIIPId><sln:gmIIPPn>PL.PZGIK.200</sln:gmIIPPn><sln:gmIIPWersja>2012-09-26T22:10:10+02:00</sln:gmIIPWersja><sln:gmIdTeryt>1209013</sln:gmIdTeryt><sln:gmNazwa>Dobczyce</sln:gmNazwa><sln:miejscIIPId>3664ddf7-f98a-4032-baf0-51515915d77f</sln:miejscIIPId><sln:miejscIIPPn>PL.PZGIK.200</sln:miejscIIPPn><sln:miejscIIPWersja>2016-11-24T13:47:24+02:00</sln:miejscIIPWersja><sln:miejscIdTeryt>0317062</sln:miejscIdTeryt><sln:miejscNazwa>Gaj</sln:miejscNazwa><sln:miejscRodzaj>Inny obiekt</sln:miejscRodzaj><sln:powIIPId>2eb1253c-735f-4636-981c-bde46943d44c</sln:powIIPId><sln:powIIPPn>PL.PZGIK.200</sln:powIIPPn><sln:powIIPWersja>2012-09-27T07:52:00+02:00</sln:powIIPWersja><sln:powIdTeryt>1209</sln:powIdTeryt><sln:powNazwa>myślenicki</sln:powNazwa><sln:wojIIPId>dd2e3c64-f861-47cf-a3a3-e7751f272b2f</sln:wojIIPId><sln:wojIIPPn>PL.PZGIK.200</sln:wojIIPPn><sln:wojIIPWersja>2017-10-10T00:00:00+02:00</sln:wojIIPWersja><sln:wojIdTeryt>12</sln:wojIdTeryt><sln:wojNazwa>małopolskie</sln:wojNazwa></sln:miejscowosc><sln:miejscowosc><sln:cyklZyciaOd>2014-12-07T00:00:00+01:00</sln:cyklZyciaOd><sln:gmIIPId>dd17983e-50a0-4c7a-93e6-c681f05af7c4</sln:gmIIPId><sln:gmIIPPn>PL.PZGIK.200</sln:gmIIPPn><sln:gmIIPWersja>2012-09-26T22:10:10+02:00</sln:gmIIPWersja><sln:gmIdTeryt>1209013</sln:gmIdTeryt><sln:gmNazwa>Dobczyce</sln:gmNazwa><sln:miejscIIPId>4c9d23e4-0f86-4d8f-93c1-7ebe148f15d8</sln:miejscIIPId><sln:miejscIIPPn>PL.PZGIK.200</sln:miejscIIPPn><sln:miejscIIPWersja>2016-11-24T13:52:37+02:00</sln:miejscIIPWersja><sln:miejscIdTeryt>0951528</sln:miejscIdTeryt><sln:miejscNazwa>Dębowa</sln:miejscNazwa><sln:miejscRodzaj>Inny obiekt</sln:miejscRodzaj><sln:powIIPId>2eb1253c-735f-4636-981c-bde46943d44c</sln:powIIPId><sln:powIIPPn>PL.PZGIK.200</sln:powIIPPn><sln:powIIPWersja>2012-09-27T07:52:00+02:00</sln:powIIPWersja><sln:powIdTeryt>1209</sln:powIdTeryt><sln:powNazwa>myślenicki</sln:powNazwa><sln:wojIIPId>dd2e3c64-f861-47cf-a3a3-e7751f272b2f</sln:wojIIPId><sln:wojIIPPn>PL.PZGIK.200</sln:wojIIPPn><sln:wojIIPWersja>2017-10-10T00:00:00+02:00</sln:wojIIPWersja><sln:wojIdTeryt>12</sln:wojIdTeryt><sln:wojNazwa>małopolskie</sln:wojNazwa></sln:miejscowosc><sln:miejscowosc><sln:cyklZyciaOd>2014-12-07T00:00:00+01:00</sln:cyklZyciaOd><sln:gmIIPId>dd17983e-50a0-4c7a-93e6-c681f05af7c4</sln:gmIIPId><sln:gmIIPPn>PL.PZGIK.200</sln:gmIIPPn><sln:gmIIPWersja>2012-09-26T22:10:10+02:00</sln:gmIIPWersja><sln:gmIdTeryt>1209013</sln:gmIdTeryt><sln:gmNazwa>Dobczyce</sln:gmNazwa><sln:miejscIIPId>734695ab-1d49-4536-b8b5-4c41f7ee4a8c</sln:miejscIIPId><sln:miejscIIPPn>PL.PZGIK.200</sln:miejscIIPPn><sln:miejscIIPWersja>2016-11-24T13:52:37+02:00</sln:miejscIIPWersja><sln:miejscIdTeryt>0951563</sln:miejscIdTeryt><sln:miejscNazwa>Zarabie</sln:miejscNazwa><sln:miejscRodzaj>Inny obiekt</sln:miejscRodzaj><sln:powIIPId>2eb1253c-735f-4636-981c-bde46943d44c</sln:powIIPId><sln:powIIPPn>PL.PZGIK.200</sln:powIIPPn><sln:powIIPWersja>2012-09-27T07:52:00+02:00</sln:powIIPWersja><sln:powIdTeryt>1209</sln:powIdTeryt><sln:powNazwa>myślenicki</sln:powNazwa><sln:wojIIPId>dd2e3c64-f861-47cf-a3a3-e7751f272b2f</sln:wojIIPId><sln:wojIIPPn>PL.PZGIK.200</sln:wojIIPPn><sln:wojIIPWersja>2017-10-10T00:00:00+02:00</sln:wojIIPWersja><sln:wojIdTeryt>12</sln:wojIdTeryt><sln:wojNazwa>małopolskie</sln:wojNazwa></sln:miejscowosc><sln:miejscowosc><sln:cyklZyciaOd>2014-12-07T00:00:00+01:00</sln:cyklZyciaOd><sln:gmIIPId>dd17983e-50a0-4c7a-93e6-c681f05af7c4</sln:gmIIPId><sln:gmIIPPn>PL.PZGIK.200</sln:gmIIPPn><sln:gmIIPWersja>2012-09-26T22:10:10+02:00</sln:gmIIPWersja><sln:gmIdTeryt>1209013</sln:gmIdTeryt><sln:gmNazwa>Dobczyce</sln:gmNazwa><sln:miejscIIPId>df66d64a-f8fb-402a-8d75-047e60861ab4</sln:miejscIIPId><sln:miejscIIPPn>PL.PZGIK.200</sln:miejscIIPPn><sln:miejscIIPWersja>2016-11-24T13:30:46+02:00</sln:miejscIIPWersja><sln:miejscIdTeryt>0317010</sln:miejscIdTeryt><sln:miejscNazwa>Skrzynka</sln:miejscNazwa><sln:miejscRodzaj>Wieś</sln:miejscRodzaj><sln:powIIPId>2eb1253c-735f-4636-981c-bde46943d44c</sln:powIIPId><sln:powIIPPn>PL.PZGIK.200</sln:powIIPPn><sln:powIIPWersja>2012-09-27T07:52:00+02:00</sln:powIIPWersja><sln:powIdTeryt>1209</sln:powIdTeryt><sln:powNazwa>myślenicki</sln:powNazwa><sln:wojIIPId>dd2e3c64-f861-47cf-a3a3-e7751f272b2f</sln:wojIIPId><sln:wojIIPPn>PL.PZGIK.200</sln:wojIIPPn><sln:wojIIPWersja>2017-10-10T00:00:00+02:00</sln:wojIIPWersja><sln:wojIdTeryt>12</sln:wojIdTeryt><sln:wojNazwa>małopolskie</sln:wojNazwa></sln:miejscowosc><sln:miejscowosc><sln:cyklZyciaOd>2014-12-07T00:00:00+01:00</sln:cyklZyciaOd><sln:gmIIPId>dd17983e-50a0-4c7a-93e6-c681f05af7c4</sln:gmIIPId><sln:gmIIPPn>PL.PZGIK.200</sln:gmIIPPn><sln:gmIIPWersja>2012-09-26T22:10:10+02:00</sln:gmIIPWersja><sln:gmIdTeryt>1209013</sln:gmIdTeryt><sln:gmNazwa>Dobczyce</sln:gmNazwa><sln:miejscIIPId>dba44b3e-3e9d-4923-a457-9c880bb20e54</sln:miejscIIPId><sln:miejscIIPPn>PL.PZGIK.200</sln:miejscIIPPn><sln:miejscIIPWersja>2016-11-24T13:55:16+02:00</sln:miejscIIPWersja><sln:miejscIdTeryt>0316750</sln:miejscIdTeryt><sln:miejscNazwa>Brzegi</sln:miejscNazwa><sln:miejscRodzaj>Inny obiekt</sln:miejscRodzaj><sln:powIIPId>2eb1253c-735f-4636-981c-bde46943d44c</sln:powIIPId><sln:powIIPPn>PL.PZGIK.200</sln:powIIPPn><sln:powIIPWersja>2012-09-27T07:52:00+02:00</sln:powIIPWersja><sln:powIdTeryt>1209</sln:powIdTeryt><sln:powNazwa>myślenicki</sln:powNazwa><sln:wojIIPId>dd2e3c64-f861-47cf-a3a3-e7751f272b2f</sln:wojIIPId><sln:wojIIPPn>PL.PZGIK.200</sln:wojIIPPn><sln:wojIIPWersja>2017-10-10T00:00:00+02:00</sln:wojIIPWersja><sln:wojIdTeryt>12</sln:wojIdTeryt><sln:wojNazwa>małopolskie</sln:wojNazwa></sln:miejscowosc><sln:miejscowosc><sln:cyklZyciaOd>2014-12-07T00:00:00+01:00</sln:cyklZyciaOd><sln:gmIIPId>dd17983e-50a0-4c7a-93e6-c681f05af7c4</sln:gmIIPId><sln:gmIIPPn>PL.PZGIK.200</sln:gmIIPPn><sln:gmIIPWersja>2012-09-26T22:10:10+02:00</sln:gmIIPWersja><sln:gmIdTeryt>1209013</sln:gmIdTeryt><sln:gmNazwa>Dobczyce</sln:gmNazwa><sln:miejscIIPId>345f237c-e7a1-46f2-80ec-009b08e4bd78</sln:miejscIIPId><sln:miejscIIPPn>PL.PZGIK.200</sln:miejscIIPPn><sln:miejscIIPWersja>2016-11-24T13:30:02+02:00</sln:miejscIIPWersja><sln:miejscIdTeryt>0316944</sln:miejscIdTeryt><sln:miejscNazwa>Rudnik</sln:miejscNazwa><sln:miejscRodzaj>Wieś</sln:miejscRodzaj><sln:powIIPId>2eb1253c-735f-4636-981c-bde46943d44c</sln:powIIPId><sln:powIIPPn>PL.PZGIK.200</sln:powIIPPn><sln:powIIPWersja>2012-09-27T07:52:00+02:00</sln:powIIPWersja><sln:powIdTeryt>1209</sln:powIdTeryt><sln:powNazwa>myślenicki</sln:powNazwa><sln:wojIIPId>dd2e3c64-f861-47cf-a3a3-e7751f272b2f</sln:wojIIPId><sln:wojIIPPn>PL.PZGIK.200</sln:wojIIPPn><sln:wojIIPWersja>2017-10-10T00:00:00+02:00</sln:wojIIPWersja><sln:wojIdTeryt>12</sln:wojIdTeryt><sln:wojNazwa>małopolskie</sln:wojNazwa></sln:miejscowosc><sln:miejscowosc><sln:cyklZyciaOd>2014-12-07T00:00:00+01:00</sln:cyklZyciaOd><sln:gmIIPId>dd17983e-50a0-4c7a-93e6-c681f05af7c4</sln:gmIIPId><sln:gmIIPPn>PL.PZGIK.200</sln:gmIIPPn><sln:gmIIPWersja>2012-09-26T22:10:10+02:00</sln:gmIIPWersja><sln:gmIdTeryt>1209013</sln:gmIdTeryt><sln:gmNazwa>Dobczyce</sln:gmNazwa><sln:miejscIIPId>63ebf73d-ac24-497f-a505-24ed4a7fa913</sln:miejscIIPId><sln:miejscIIPPn>PL.PZGIK.200</sln:miejscIIPPn><sln:miejscIIPWersja>2016-11-24T13:31:08+02:00</sln:miejscIIPWersja><sln:miejscIdTeryt>0317033</sln:miejscIdTeryt><sln:miejscNazwa>Stadniki</sln:miejscNazwa><sln:miejscRodzaj>Wieś</sln:miejscRodzaj><sln:powIIPId>2eb1253c-735f-4636-981c-bde46943d44c</sln:powIIPId><sln:powIIPPn>PL.PZGIK.200</sln:powIIPPn><sln:powIIPWersja>2012-09-27T07:52:00+02:00</sln:powIIPWersja><sln:powIdTeryt>1209</sln:powIdTeryt><sln:powNazwa>myślenicki</sln:powNazwa><sln:wojIIPId>dd2e3c64-f861-47cf-a3a3-e7751f272b2f</sln:wojIIPId><sln:wojIIPPn>PL.PZGIK.200</sln:wojIIPPn><sln:wojIIPWersja>2017-10-10T00:00:00+02:00</sln:wojIIPWersja><sln:wojIdTeryt>12</sln:wojIdTeryt><sln:wojNazwa>małopolskie</sln:wojNazwa></sln:miejscowosc><sln:miejscowosc><sln:cyklZyciaOd>2014-12-07T00:00:00+01:00</sln:cyklZyciaOd><sln:gmIIPId>dd17983e-50a0-4c7a-93e6-c681f05af7c4</sln:gmIIPId><sln:gmIIPPn>PL.PZGIK.200</sln:gmIIPPn><sln:gmIIPWersja>2012-09-26T22:10:10+02:00</sln:gmIIPWersja><sln:gmIdTeryt>1209013</sln:gmIdTeryt><sln:gmNazwa>Dobczyce</sln:gmNazwa><sln:miejscIIPId>f0566ae2-23aa-4757-b73f-2a1420ff9015</sln:miejscIIPId><sln:miejscIIPPn>PL.PZGIK.200</sln:miejscIIPPn><sln:miejscIIPWersja>2016-11-24T13:36:53+02:00</sln:miejscIIPWersja><sln:miejscIdTeryt>0316714</sln:miejscIdTeryt><sln:miejscNazwa>Dziekanowice</sln:miejscNazwa><sln:miejscRodzaj>Wieś</sln:miejscRodzaj><sln:powIIPId>2eb1253c-735f-4636-981c-bde46943d44c</sln:powIIPId><sln:powIIPPn>PL.PZGIK.200</sln:powIIPPn><sln:powIIPWersja>2012-09-27T07:52:00+02:00</sln:powIIPWersja><sln:powIdTeryt>1209</sln:powIdTeryt><sln:powNazwa>myślenicki</sln:powNazwa><sln:wojIIPId>dd2e3c64-f861-47cf-a3a3-e7751f272b2f</sln:wojIIPId><sln:wojIIPPn>PL.PZGIK.200</sln:wojIIPPn><sln:wojIIPWersja>2017-10-10T00:00:00+02:00</sln:wojIIPWersja><sln:wojIdTeryt>12</sln:wojIdTeryt><sln:wojNazwa>małopolskie</sln:wojNazwa></sln:miejscowosc><sln:miejscowosc><sln:cyklZyciaOd>2014-12-07T00:00:00+01:00</sln:cyklZyciaOd><sln:gmIIPId>dd17983e-50a0-4c7a-93e6-c681f05af7c4</sln:gmIIPId><sln:gmIIPPn>PL.PZGIK.200</sln:gmIIPPn><sln:gmIIPWersja>2012-09-26T22:10:10+02:00</sln:gmIIPWersja><sln:gmIdTeryt>1209013</sln:gmIdTeryt><sln:gmNazwa>Dobczyce</sln:gmNazwa><sln:miejscIIPId>eb05c5c3-df56-4ced-b2bb-a25e617e92db</sln:miejscIIPId><sln:miejscIIPPn>PL.PZGIK.200</sln:miejscIIPPn><sln:miejscIIPWersja>2016-11-24T13:45:04+02:00</sln:miejscIIPWersja><sln:miejscIdTeryt>0316654</sln:miejscIdTeryt><sln:miejscNazwa>Górki</sln:miejscNazwa><sln:miejscRodzaj>Inny obiekt</sln:miejscRodzaj><sln:powIIPId>2eb1253c-735f-4636-981c-bde46943d44c</sln:powIIPId><sln:powIIPPn>PL.PZGIK.200</sln:powIIPPn><sln:powIIPWersja>2012-09-27T07:52:00+02:00</sln:powIIPWersja><sln:powIdTeryt>1209</sln:powIdTeryt><sln:powNazwa>myślenicki</sln:powNazwa><sln:wojIIPId>dd2e3c64-f861-47cf-a3a3-e7751f272b2f</sln:wojIIPId><sln:wojIIPPn>PL.PZGIK.200</sln:wojIIPPn><sln:wojIIPWersja>2017-10-10T00:00:00+02:00</sln:wojIIPWersja><sln:wojIdTeryt>12</sln:wojIdTeryt><sln:wojNazwa>małopolskie</sln:wojNazwa></sln:miejscowosc><sln:miejscowosc><sln:cyklZyciaOd>2014-12-07T00:00:00+01:00</sln:cyklZyciaOd><sln:gmIIPId>dd17983e-50a0-4c7a-93e6-c681f05af7c4</sln:gmIIPId><sln:gmIIPPn>PL.PZGIK.200</sln:gmIIPPn><sln:gmIIPWersja>2012-09-26T22:10:10+02:00</sln:gmIIPWersja><sln:gmIdTeryt>1209013</sln:gmIdTeryt><sln:gmNazwa>Dobczyce</sln:gmNazwa><sln:miejscIIPId>5c8990b3-19b2-4729-9c81-8214ef04cb97</sln:miejscIIPId><sln:miejscIIPPn>PL.PZGIK.200</sln:miejscIIPPn><sln:miejscIIPWersja>2016-11-24T13:58:42+02:00</sln:miejscIIPWersja><sln:miejscIdTeryt>0316938</sln:miejscIdTeryt><sln:miejscNazwa>Wielka Góra</sln:miejscNazwa><sln:miejscRodzaj>Inny obiekt</sln:miejscRodzaj><sln:powIIPId>2eb1253c-735f-4636-981c-bde46943d44c</sln:powIIPId><sln:powIIPPn>PL.PZGIK.200</sln:powIIPPn><sln:powIIPWersja>2012-09-27T07:52:00+02:00</sln:powIIPWersja><sln:powIdTeryt>1209</sln:powIdTeryt><sln:powNazwa>myślenicki</sln:powNazwa><sln:wojIIPId>dd2e3c64-f861-47cf-a3a3-e7751f272b2f</sln:wojIIPId><sln:wojIIPPn>PL.PZGIK.200</sln:wojIIPPn><sln:wojIIPWersja>2017-10-10T00:00:00+02:00</sln:wojIIPWersja><sln:wojIdTeryt>12</sln:wojIdTeryt><sln:wojNazwa>małopolskie</sln:wojNazwa></sln:miejscowosc><sln:miejscowosc><sln:cyklZyciaOd>2014-12-07T00:00:00+01:00</sln:cyklZyciaOd><sln:gmIIPId>dd17983e-50a0-4c7a-93e6-c681f05af7c4</sln:gmIIPId><sln:gmIIPPn>PL.PZGIK.200</sln:gmIIPPn><sln:gmIIPWersja>2012-09-26T22:10:10+02:00</sln:gmIIPWersja><sln:gmIdTeryt>1209013</sln:gmIdTeryt><sln:gmNazwa>Dobczyce</sln:gmNazwa><sln:miejscIIPId>c0f36e39-ecb9-41ff-ae43-4eaa969109d0</sln:miejscIIPId><sln:miejscIIPPn>PL.PZGIK.200</sln:miejscIIPPn><sln:miejscIIPWersja>2016-11-24T13:58:39+02:00</sln:miejscIIPWersja><sln:miejscIdTeryt>0316884</sln:miejscIdTeryt><sln:miejscNazwa>Pod Górą</sln:miejscNazwa><sln:miejscRodzaj>Inny obiekt</sln:miejscRodzaj><sln:powIIPId>2eb1253c-735f-4636-981c-bde46943d44c</sln:powIIPId><sln:powIIPPn>PL.PZGIK.200</sln:powIIPPn><sln:powIIPWersja>2012-09-27T07:52:00+02:00</sln:powIIPWersja><sln:powIdTeryt>1209</sln:powIdTeryt><sln:powNazwa>myślenicki</sln:powNazwa><sln:wojIIPId>dd2e3c64-f861-47cf-a3a3-e7751f272b2f</sln:wojIIPId><sln:wojIIPPn>PL.PZGIK.200</sln:wojIIPPn><sln:wojIIPWersja>2017-10-10T00:00:00+02:00</sln:wojIIPWersja><sln:wojIdTeryt>12</sln:wojIdTeryt><sln:wojNazwa>małopolskie</sln:wojNazwa></sln:miejscowosc><sln:miejscowosc><sln:cyklZyciaOd>2014-12-07T00:00:00+01:00</sln:cyklZyciaOd><sln:gmIIPId>dd17983e-50a0-4c7a-93e6-c681f05af7c4</sln:gmIIPId><sln:gmIIPPn>PL.PZGIK.200</sln:gmIIPPn><sln:gmIIPWersja>2012-09-26T22:10:10+02:00</sln:gmIIPWersja><sln:gmIdTeryt>1209013</sln:gmIdTeryt><sln:gmNazwa>Dobczyce</sln:gmNazwa><sln:miejscIIPId>d0409c8d-8335-4d7e-93a0-817ed2e6bcca</sln:miejscIIPId><sln:miejscIIPPn>PL.PZGIK.200</sln:miejscIIPPn><sln:miejscIIPWersja>2016-11-24T13:53:42+02:00</sln:miejscIIPWersja><sln:miejscIdTeryt>0316720</sln:miejscIdTeryt><sln:miejscNazwa>Dziekanka</sln:miejscNazwa><sln:miejscRodzaj>Inny obiekt</sln:miejscRodzaj><sln:powIIPId>2eb1253c-735f-4636-981c-bde46943d44c</sln:powIIPId><sln:powIIPPn>PL.PZGIK.200</sln:powIIPPn><sln:powIIPWersja>2012-09-27T07:52:00+02:00</sln:powIIPWersja><sln:powIdTeryt>1209</sln:powIdTeryt><sln:powNazwa>myślenicki</sln:powNazwa><sln:wojIIPId>dd2e3c64-f861-47cf-a3a3-e7751f272b2f</sln:wojIIPId><sln:wojIIPPn>PL.PZGIK.200</sln:wojIIPPn><sln:wojIIPWersja>2017-10-10T00:00:00+02:00</sln:wojIIPWersja><sln:wojIdTeryt>12</sln:wojIdTeryt><sln:wojNazwa>małopolskie</sln:wojNazwa></sln:miejscowosc><sln:miejscowosc><sln:cyklZyciaOd>2014-12-07T00:00:00+01:00</sln:cyklZyciaOd><sln:gmIIPId>dd17983e-50a0-4c7a-93e6-c681f05af7c4</sln:gmIIPId><sln:gmIIPPn>PL.PZGIK.200</sln:gmIIPPn><sln:gmIIPWersja>2012-09-26T22:10:10+02:00</sln:gmIIPWersja><sln:gmIdTeryt>1209013</sln:gmIdTeryt><sln:gmNazwa>Dobczyce</sln:gmNazwa><sln:miejscIIPId>97220577-d49f-4649-9ea0-cd78b8b8614f</sln:miejscIIPId><sln:miejscIIPPn>PL.PZGIK.200</sln:miejscIIPPn><sln:miejscIIPWersja>2016-11-24T13:55:53+02:00</sln:miejscIIPWersja><sln:miejscIdTeryt>0316619</sln:miejscIdTeryt><sln:miejscNazwa>Sikorzyniec</sln:miejscNazwa><sln:miejscRodzaj>Inny obiekt</sln:miejscRodzaj><sln:powIIPId>2eb1253c-735f-4636-981c-bde46943d44c</sln:powIIPId><sln:powIIPPn>PL.PZGIK.200</sln:powIIPPn><sln:powIIPWersja>2012-09-27T07:52:00+02:00</sln:powIIPWersja><sln:powIdTeryt>1209</sln:powIdTeryt><sln:powNazwa>myślenicki</sln:powNazwa><sln:wojIIPId>dd2e3c64-f861-47cf-a3a3-e7751f272b2f</sln:wojIIPId><sln:wojIIPPn>PL.PZGIK.200</sln:wojIIPPn><sln:wojIIPWersja>2017-10-10T00:00:00+02:00</sln:wojIIPWersja><sln:wojIdTeryt>12</sln:wojIdTeryt><sln:wojNazwa>małopolskie</sln:wojNazwa></sln:miejscowosc><sln:miejscowosc><sln:cyklZyciaOd>2014-12-07T00:00:00+01:00</sln:cyklZyciaOd><sln:gmIIPId>dd17983e-50a0-4c7a-93e6-c681f05af7c4</sln:gmIIPId><sln:gmIIPPn>PL.PZGIK.200</sln:gmIIPPn><sln:gmIIPWersja>2012-09-26T22:10:10+02:00</sln:gmIIPWersja><sln:gmIdTeryt>1209013</sln:gmIdTeryt><sln:gmNazwa>Dobczyce</sln:gmNazwa><sln:miejscIIPId>8b4622a6-22ea-4a76-8730-771a9fac903d</sln:miejscIIPId><sln:miejscIIPPn>PL.PZGIK.200</sln:miejscIIPPn><sln:miejscIIPWersja>2016-11-24T13:52:37+02:00</sln:miejscIIPWersja><sln:miejscIdTeryt>0951557</sln:miejscIdTeryt><sln:miejscNazwa>Węgielnica</sln:miejscNazwa><sln:miejscRodzaj>Inny obiekt</sln:miejscRodzaj><sln:powIIPId>2eb1253c-735f-4636-981c-bde46943d44c</sln:powIIPId><sln:powIIPPn>PL.PZGIK.200</sln:powIIPPn><sln:powIIPWersja>2012-09-27T07:52:00+02:00</sln:powIIPWersja><sln:powIdTeryt>1209</sln:powIdTeryt><sln:powNazwa>myślenicki</sln:powNazwa><sln:wojIIPId>dd2e3c64-f861-47cf-a3a3-e7751f272b2f</sln:wojIIPId><sln:wojIIPPn>PL.PZGIK.200</sln:wojIIPPn><sln:wojIIPWersja>2017-10-10T00:00:00+02:00</sln:wojIIPWersja><sln:wojIdTeryt>12</sln:wojIdTeryt><sln:wojNazwa>małopolskie</sln:wojNazwa></sln:miejscowosc><sln:miejscowosc><sln:cyklZyciaOd>2014-12-07T00:00:00+01:00</sln:cyklZyciaOd><sln:gmIIPId>dd17983e-50a0-4c7a-93e6-c681f05af7c4</sln:gmIIPId><sln:gmIIPPn>PL.PZGIK.200</sln:gmIIPPn><sln:gmIIPWersja>2012-09-26T22:10:10+02:00</sln:gmIIPWersja><sln:gmIdTeryt>1209013</sln:gmIdTeryt><sln:gmNazwa>Dobczyce</sln:gmNazwa><sln:miejscIIPId>bb6efb30-3acc-482b-9479-ba19d01d70d4</sln:miejscIIPId><sln:miejscIIPPn>PL.PZGIK.200</sln:miejscIIPPn><sln:miejscIIPWersja>2016-11-24T13:55:16+02:00</sln:miejscIIPWersja><sln:miejscIdTeryt>0316795</sln:miejscIdTeryt><sln:miejscNazwa>Zadziele</sln:miejscNazwa><sln:miejscRodzaj>Inny obiekt</sln:miejscRodzaj><sln:powIIPId>2eb1253c-735f-4636-981c-bde46943d44c</sln:powIIPId><sln:powIIPPn>PL.PZGIK.200</sln:powIIPPn><sln:powIIPWersja>2012-09-27T07:52:00+02:00</sln:powIIPWersja><sln:powIdTeryt>1209</sln:powIdTeryt><sln:powNazwa>myślenicki</sln:powNazwa><sln:wojIIPId>dd2e3c64-f861-47cf-a3a3-e7751f272b2f</sln:wojIIPId><sln:wojIIPPn>PL.PZGIK.200</sln:wojIIPPn><sln:wojIIPWersja>2017-10-10T00:00:00+02:00</sln:wojIIPWersja><sln:wojIdTeryt>12</sln:wojIdTeryt><sln:wojNazwa>małopolskie</sln:wojNazwa></sln:miejscowosc><sln:miejscowosc><sln:cyklZyciaOd>2014-12-07T00:00:00+01:00</sln:cyklZyciaOd><sln:gmIIPId>dd17983e-50a0-4c7a-93e6-c681f05af7c4</sln:gmIIPId><sln:gmIIPPn>PL.PZGIK.200</sln:gmIIPPn><sln:gmIIPWersja>2012-09-26T22:10:10+02:00</sln:gmIIPWersja><sln:gmIdTeryt>1209013</sln:gmIdTeryt><sln:gmNazwa>Dobczyce</sln:gmNazwa><sln:miejscIIPId>d735a417-ec8f-477e-834e-08020f3e5a2b</sln:miejscIIPId><sln:miejscIIPPn>PL.PZGIK.200</sln:miejscIIPPn><sln:miejscIIPWersja>2016-11-24T13:58:42+02:00</sln:miejscIIPWersja><sln:miejscIdTeryt>0316915</sln:miejscIdTeryt><sln:miejscNazwa>Gaiska</sln:miejscNazwa><sln:miejscRodzaj>Inny obiekt</sln:miejscRodzaj><sln:powIIPId>2eb1253c-735f-4636-981c-bde46943d44c</sln:powIIPId><sln:powIIPPn>PL.PZGIK.200</sln:powIIPPn><sln:powIIPWersja>2012-09-27T07:52:00+02:00</sln:powIIPWersja><sln:powIdTeryt>1209</sln:powIdTeryt><sln:powNazwa>myślenicki</sln:powNazwa><sln:wojIIPId>dd2e3c64-f861-47cf-a3a3-e7751f272b2f</sln:wojIIPId><sln:wojIIPPn>PL.PZGIK.200</sln:wojIIPPn><sln:wojIIPWersja>2017-10-10T00:00:00+02:00</sln:wojIIPWersja><sln:wojIdTeryt>12</sln:wojIdTeryt><sln:wojNazwa>małopolskie</sln:wojNazwa></sln:miejscowosc><sln:miejscowosc><sln:cyklZyciaOd>2014-12-07T00:00:00+01:00</sln:cyklZyciaOd><sln:gmIIPId>dd17983e-50a0-4c7a-93e6-c681f05af7c4</sln:gmIIPId><sln:gmIIPPn>PL.PZGIK.200</sln:gmIIPPn><sln:gmIIPWersja>2012-09-26T22:10:10+02:00</sln:gmIIPWersja><sln:gmIdTeryt>1209013</sln:gmIdTeryt><sln:gmNazwa>Dobczyce</sln:gmNazwa><sln:miejscIIPId>4db38122-a81b-4a38-88d1-1d192b6648c0</sln:miejscIIPId><sln:miejscIIPPn>PL.PZGIK.200</sln:miejscIIPPn><sln:miejscIIPWersja>2016-11-24T13:47:35+02:00</sln:miejscIIPWersja><sln:miejscIdTeryt>0317122</sln:miejscIdTeryt><sln:miejscNazwa>Wiatrowice</sln:miejscNazwa><sln:miejscRodzaj>Inny obiekt</sln:miejscRodzaj><sln:powIIPId>2eb1253c-735f-4636-981c-bde46943d44c</sln:powIIPId><sln:powIIPPn>PL.PZGIK.200</sln:powIIPPn><sln:powIIPWersja>2012-09-27T07:52:00+02:00</sln:powIIPWersja><sln:powIdTeryt>1209</sln:powIdTeryt><sln:powNazwa>myślenicki</sln:powNazwa><sln:wojIIPId>dd2e3c64-f861-47cf-a3a3-e7751f272b2f</sln:wojIIPId><sln:wojIIPPn>PL.PZGIK.200</sln:wojIIPPn><sln:wojIIPWersja>2017-10-10T00:00:00+02:00</sln:wojIIPWersja><sln:wojIdTeryt>12</sln:wojIdTeryt><sln:wojNazwa>małopolskie</sln:wojNazwa></sln:miejscowosc><sln:miejscowosc><sln:cyklZyciaOd>2014-12-07T00:00:00+01:00</sln:cyklZyciaOd><sln:gmIIPId>dd17983e-50a0-4c7a-93e6-c681f05af7c4</sln:gmIIPId><sln:gmIIPPn>PL.PZGIK.200</sln:gmIIPPn><sln:gmIIPWersja>2012-09-26T22:10:10+02:00</sln:gmIIPWersja><sln:gmIdTeryt>1209013</sln:gmIdTeryt><sln:gmNazwa>Dobczyce</sln:gmNazwa><sln:miejscIIPId>d5ab04e2-a061-40ad-9afe-2cf3c262f000</sln:miejscIIPId><sln:miejscIIPPn>PL.PZGIK.200</sln:miejscIIPPn><sln:miejscIIPWersja>2016-11-24T13:47:35+02:00</sln:miejscIIPWersja><sln:miejscIdTeryt>0317116</sln:miejscIdTeryt><sln:miejscNazwa>Podlas</sln:miejscNazwa><sln:miejscRodzaj>Inny obiekt</sln:miejscRodzaj><sln:powIIPId>2eb1253c-735f-4636-981c-bde46943d44c</sln:powIIPId><sln:powIIPPn>PL.PZGIK.200</sln:powIIPPn><sln:powIIPWersja>2012-09-27T07:52:00+02:00</sln:powIIPWersja><sln:powIdTeryt>1209</sln:powIdTeryt><sln:powNazwa>myślenicki</sln:powNazwa><sln:wojIIPId>dd2e3c64-f861-47cf-a3a3-e7751f272b2f</sln:wojIIPId><sln:wojIIPPn>PL.PZGIK.200</sln:wojIIPPn><sln:wojIIPWersja>2017-10-10T00:00:00+02:00</sln:wojIIPWersja><sln:wojIdTeryt>12</sln:wojIdTeryt><sln:wojNazwa>małopolskie</sln:wojNazwa></sln:miejscowosc><sln:miejscowosc><sln:cyklZyciaOd>2014-12-07T00:00:00+01:00</sln:cyklZyciaOd><sln:gmIIPId>dd17983e-50a0-4c7a-93e6-c681f05af7c4</sln:gmIIPId><sln:gmIIPPn>PL.PZGIK.200</sln:gmIIPPn><sln:gmIIPWersja>2012-09-26T22:10:10+02:00</sln:gmIIPWersja><sln:gmIdTeryt>1209013</sln:gmIdTeryt><sln:gmNazwa>Dobczyce</sln:gmNazwa><sln:miejscIIPId>f45cd799-9401-40e6-95b4-93c1da692ca0</sln:miejscIIPId><sln:miejscIIPPn>PL.PZGIK.200</sln:miejscIIPPn><sln:miejscIIPWersja>2016-11-24T13:46:22+02:00</sln:miejscIIPWersja><sln:miejscIdTeryt>0316950</sln:miejscIdTeryt><sln:miejscNazwa>Działy</sln:miejscNazwa><sln:miejscRodzaj>Inny obiekt</sln:miejscRodzaj><sln:powIIPId>2eb1253c-735f-4636-981c-bde46943d44c</sln:powIIPId><sln:powIIPPn>PL.PZGIK.200</sln:powIIPPn><sln:powIIPWersja>2012-09-27T07:52:00+02:00</sln:powIIPWersja><sln:powIdTeryt>1209</sln:powIdTeryt><sln:powNazwa>myślenicki</sln:powNazwa><sln:wojIIPId>dd2e3c64-f861-47cf-a3a3-e7751f272b2f</sln:wojIIPId><sln:wojIIPPn>PL.PZGIK.200</sln:wojIIPPn><sln:wojIIPWersja>2017-10-10T00:00:00+02:00</sln:wojIIPWersja><sln:wojIdTeryt>12</sln:wojIdTeryt><sln:wojNazwa>małopolskie</sln:wojNazwa></sln:miejscowosc><sln:miejscowosc><sln:cyklZyciaOd>2014-12-07T00:00:00+01:00</sln:cyklZyciaOd><sln:gmIIPId>dd17983e-50a0-4c7a-93e6-c681f05af7c4</sln:gmIIPId><sln:gmIIPPn>PL.PZGIK.200</sln:gmIIPPn><sln:gmIIPWersja>2012-09-26T22:10:10+02:00</sln:gmIIPWersja><sln:gmIdTeryt>1209013</sln:gmIdTeryt><sln:gmNazwa>Dobczyce</sln:gmNazwa><sln:miejscIIPId>57a16dcf-e2c9-47b1-9f72-d4886c7a2f04</sln:miejscIIPId><sln:miejscIIPPn>PL.PZGIK.200</sln:miejscIIPPn><sln:miejscIIPWersja>2016-11-24T13:46:22+02:00</sln:miejscIIPWersja><sln:miejscIdTeryt>0316973</sln:miejscIdTeryt><sln:miejscNazwa>Węgielnik</sln:miejscNazwa><sln:miejscRodzaj>Inny obiekt</sln:miejscRodzaj><sln:powIIPId>2eb1253c-735f-4636-981c-bde46943d44c</sln:powIIPId><sln:powIIPPn>PL.PZGIK.200</sln:powIIPPn><sln:powIIPWersja>2012-09-27T07:52:00+02:00</sln:powIIPWersja><sln:powIdTeryt>1209</sln:powIdTeryt><sln:powNazwa>myślenicki</sln:powNazwa><sln:wojIIPId>dd2e3c64-f861-47cf-a3a3-e7751f272b2f</sln:wojIIPId><sln:wojIIPPn>PL.PZGIK.200</sln:wojIIPPn><sln:wojIIPWersja>2017-10-10T00:00:00+02:00</sln:wojIIPWersja><sln:wojIdTeryt>12</sln:wojIdTeryt><sln:wojNazwa>małopolskie</sln:wojNazwa></sln:miejscowosc><sln:miejscowosc><sln:cyklZyciaOd>2014-12-07T00:00:00+01:00</sln:cyklZyciaOd><sln:gmIIPId>dd17983e-50a0-4c7a-93e6-c681f05af7c4</sln:gmIIPId><sln:gmIIPPn>PL.PZGIK.200</sln:gmIIPPn><sln:gmIIPWersja>2012-09-26T22:10:10+02:00</sln:gmIIPWersja><sln:gmIdTeryt>1209013</sln:gmIdTeryt><sln:gmNazwa>Dobczyce</sln:gmNazwa><sln:miejscIIPId>3016a8a5-62f1-4fa9-bbe4-9f0b7ed4d33f</sln:miejscIIPId><sln:miejscIIPPn>PL.PZGIK.200</sln:miejscIIPPn><sln:miejscIIPWersja>2016-11-24T13:46:00+02:00</sln:miejscIIPWersja><sln:miejscIdTeryt>0316708</sln:miejscIdTeryt><sln:miejscNazwa>Targoszyna</sln:miejscNazwa><sln:miejscRodzaj>Inny obiekt</sln:miejscRodzaj><sln:powIIPId>2eb1253c-735f-4636-981c-bde46943d44c</sln:powIIPId><sln:powIIPPn>PL.PZGIK.200</sln:powIIPPn><sln:powIIPWersja>2012-09-27T07:52:00+02:00</sln:powIIPWersja><sln:powIdTeryt>1209</sln:powIdTeryt><sln:powNazwa>myślenicki</sln:powNazwa><sln:wojIIPId>dd2e3c64-f861-47cf-a3a3-e7751f272b2f</sln:wojIIPId><sln:wojIIPPn>PL.PZGIK.200</sln:wojIIPPn><sln:wojIIPWersja>2017-10-10T00:00:00+02:00</sln:wojIIPWersja><sln:wojIdTeryt>12</sln:wojIdTeryt><sln:wojNazwa>małopolskie</sln:wojNazwa></sln:miejscowosc><sln:miejscowosc><sln:cyklZyciaOd>2014-12-07T00:00:00+01:00</sln:cyklZyciaOd><sln:gmIIPId>dd17983e-50a0-4c7a-93e6-c681f05af7c4</sln:gmIIPId><sln:gmIIPPn>PL.PZGIK.200</sln:gmIIPPn><sln:gmIIPWersja>2012-09-26T22:10:10+02:00</sln:gmIIPWersja><sln:gmIdTeryt>1209013</sln:gmIdTeryt><sln:gmNazwa>Dobczyce</sln:gmNazwa><sln:miejscIIPId>6cbc2def-64e4-429f-a9bd-40c5fba64465</sln:miejscIIPId><sln:miejscIIPPn>PL.PZGIK.200</sln:miejscIIPPn><sln:miejscIIPWersja>2016-11-24T13:43:00+02:00</sln:miejscIIPWersja><sln:miejscIdTeryt>0316878</sln:miejscIdTeryt><sln:miejscNazwa>Niezdów</sln:miejscNazwa><sln:miejscRodzaj>Wieś</sln:miejscRodzaj><sln:powIIPId>2eb1253c-735f-4636-981c-bde46943d44c</sln:powIIPId><sln:powIIPPn>PL.PZGIK.200</sln:powIIPPn><sln:powIIPWersja>2012-09-27T07:52:00+02:00</sln:powIIPWersja><sln:powIdTeryt>1209</sln:powIdTeryt><sln:powNazwa>myślenicki</sln:powNazwa><sln:wojIIPId>dd2e3c64-f861-47cf-a3a3-e7751f272b2f</sln:wojIIPId><sln:wojIIPPn>PL.PZGIK.200</sln:wojIIPPn><sln:wojIIPWersja>2017-10-10T00:00:00+02:00</sln:wojIIPWersja><sln:wojIdTeryt>12</sln:wojIdTeryt><sln:wojNazwa>małopolskie</sln:wojNazwa></sln:miejscowosc><sln:miejscowosc><sln:cyklZyciaOd>2014-12-07T00:00:00+01:00</sln:cyklZyciaOd><sln:gmIIPId>dd17983e-50a0-4c7a-93e6-c681f05af7c4</sln:gmIIPId><sln:gmIIPPn>PL.PZGIK.200</sln:gmIIPPn><sln:gmIIPWersja>2012-09-26T22:10:10+02:00</sln:gmIIPWersja><sln:gmIdTeryt>1209013</sln:gmIdTeryt><sln:gmNazwa>Dobczyce</sln:gmNazwa><sln:miejscIIPId>6038c786-dc76-4e7e-bc1d-64e3fc1266fe</sln:miejscIIPId><sln:miejscIIPPn>PL.PZGIK.200</sln:miejscIIPPn><sln:miejscIIPWersja>2016-11-24T13:39:48+02:00</sln:miejscIIPWersja><sln:miejscIdTeryt>0316803</sln:miejscIdTeryt><sln:miejscNazwa>Kornatka</sln:miejscNazwa><sln:miejscRodzaj>Wieś</sln:miejscRodzaj><sln:powIIPId>2eb1253c-735f-4636-981c-bde46943d44c</sln:powIIPId><sln:powIIPPn>PL.PZGIK.200</sln:powIIPPn><sln:powIIPWersja>2012-09-27T07:52:00+02:00</sln:powIIPWersja><sln:powIdTeryt>1209</sln:powIdTeryt><sln:powNazwa>myślenicki</sln:powNazwa><sln:wojIIPId>dd2e3c64-f861-47cf-a3a3-e7751f272b2f</sln:wojIIPId><sln:wojIIPPn>PL.PZGIK.200</sln:wojIIPPn><sln:wojIIPWersja>2017-10-10T00:00:00+02:00</sln:wojIIPWersja><sln:wojIdTeryt>12</sln:wojIdTeryt><sln:wojNazwa>małopolskie</sln:wojNazwa></sln:miejscowosc><sln:miejscowosc><sln:cyklZyciaOd>2014-12-07T00:00:00+01:00</sln:cyklZyciaOd><sln:gmIIPId>dd17983e-50a0-4c7a-93e6-c681f05af7c4</sln:gmIIPId><sln:gmIIPPn>PL.PZGIK.200</sln:gmIIPPn><sln:gmIIPWersja>2012-09-26T22:10:10+02:00</sln:gmIIPWersja><sln:gmIdTeryt>1209013</sln:gmIdTeryt><sln:gmNazwa>Dobczyce</sln:gmNazwa><sln:miejscIIPId>2f8e44f8-20e9-40aa-aa30-9aacb79d93b7</sln:miejscIIPId><sln:miejscIIPPn>PL.PZGIK.200</sln:miejscIIPPn><sln:miejscIIPWersja>2016-11-24T13:31:29+02:00</sln:miejscIIPWersja><sln:miejscIdTeryt>0317079</sln:miejscIdTeryt><sln:miejscNazwa>Stojowice</sln:miejscNazwa><sln:miejscRodzaj>Wieś</sln:miejscRodzaj><sln:powIIPId>2eb1253c-735f-4636-981c-bde46943d44c</sln:powIIPId><sln:powIIPPn>PL.PZGIK.200</sln:powIIPPn><sln:powIIPWersja>2012-09-27T07:52:00+02:00</sln:powIIPWersja><sln:powIdTeryt>1209</sln:powIdTeryt><sln:powNazwa>myślenicki</sln:powNazwa><sln:wojIIPId>dd2e3c64-f861-47cf-a3a3-e7751f272b2f</sln:wojIIPId><sln:wojIIPPn>PL.PZGIK.200</sln:wojIIPPn><sln:wojIIPWersja>2017-10-10T00:00:00+02:00</sln:wojIIPWersja><sln:wojIdTeryt>12</sln:wojIdTeryt><sln:wojNazwa>małopolskie</sln:wojNazwa></sln:miejscowosc><sln:miejscowosc><sln:cyklZyciaOd>2014-12-07T00:00:00+01:00</sln:cyklZyciaOd><sln:gmIIPId>dd17983e-50a0-4c7a-93e6-c681f05af7c4</sln:gmIIPId><sln:gmIIPPn>PL.PZGIK.200</sln:gmIIPPn><sln:gmIIPWersja>2012-09-26T22:10:10+02:00</sln:gmIIPWersja><sln:gmIdTeryt>1209013</sln:gmIdTeryt><sln:gmNazwa>Dobczyce</sln:gmNazwa><sln:miejscIIPId>d4b14ae6-c842-4d9d-bfbe-4897eb70e49f</sln:miejscIIPId><sln:miejscIIPPn>PL.PZGIK.200</sln:miejscIIPPn><sln:miejscIIPWersja>2016-11-24T13:55:53+02:00</sln:miejscIIPWersja><sln:miejscIdTeryt>0316602</sln:miejscIdTeryt><sln:miejscNazwa>Pod Granicą</sln:miejscNazwa><sln:miejscRodzaj>Inny obiekt</sln:miejscRodzaj><sln:powIIPId>2eb1253c-735f-4636-981c-bde46943d44c</sln:powIIPId><sln:powIIPPn>PL.PZGIK.200</sln:powIIPPn><sln:powIIPWersja>2012-09-27T07:52:00+02:00</sln:powIIPWersja><sln:powIdTeryt>1209</sln:powIdTeryt><sln:powNazwa>myślenicki</sln:powNazwa><sln:wojIIPId>dd2e3c64-f861-47cf-a3a3-e7751f272b2f</sln:wojIIPId><sln:wojIIPPn>PL.PZGIK.200</sln:wojIIPPn><sln:wojIIPWersja>2017-10-10T00:00:00+02:00</sln:wojIIPWersja><sln:wojIdTeryt>12</sln:wojIdTeryt><sln:wojNazwa>małopolskie</sln:wojNazwa></sln:miejscowosc><sln:miejscowosc><sln:cyklZyciaOd>2014-12-07T00:00:00+01:00</sln:cyklZyciaOd><sln:gmIIPId>dd17983e-50a0-4c7a-93e6-c681f05af7c4</sln:gmIIPId><sln:gmIIPPn>PL.PZGIK.200</sln:gmIIPPn><sln:gmIIPWersja>2012-09-26T22:10:10+02:00</sln:gmIIPWersja><sln:gmIdTeryt>1209013</sln:gmIdTeryt><sln:gmNazwa>Dobczyce</sln:gmNazwa><sln:miejscIIPId>c881125b-caa6-4965-8209-956bae32ca6b</sln:miejscIIPId><sln:miejscIIPPn>PL.PZGIK.200</sln:miejscIIPPn><sln:miejscIIPWersja>2016-11-24T13:55:16+02:00</sln:miejscIIPWersja><sln:miejscIdTeryt>0316766</sln:miejscIdTeryt><sln:miejscNazwa>Górkówka</sln:miejscNazwa><sln:miejscRodzaj>Inny obiekt</sln:miejscRodzaj><sln:powIIPId>2eb1253c-735f-4636-981c-bde46943d44c</sln:powIIPId><sln:powIIPPn>PL.PZGIK.200</sln:powIIPPn><sln:powIIPWersja>2012-09-27T07:52:00+02:00</sln:powIIPWersja><sln:powIdTeryt>1209</sln:powIdTeryt><sln:powNazwa>myślenicki</sln:powNazwa><sln:wojIIPId>dd2e3c64-f861-47cf-a3a3-e7751f272b2f</sln:wojIIPId><sln:wojIIPPn>PL.PZGIK.200</sln:wojIIPPn><sln:wojIIPWersja>2017-10-10T00:00:00+02:00</sln:wojIIPWersja><sln:wojIdTeryt>12</sln:wojIdTeryt><sln:wojNazwa>małopolskie</sln:wojNazwa></sln:miejscowosc><sln:miejscowosc><sln:cyklZyciaOd>2014-12-07T00:00:00+01:00</sln:cyklZyciaOd><sln:gmIIPId>dd17983e-50a0-4c7a-93e6-c681f05af7c4</sln:gmIIPId><sln:gmIIPPn>PL.PZGIK.200</sln:gmIIPPn><sln:gmIIPWersja>2012-09-26T22:10:10+02:00</sln:gmIIPWersja><sln:gmIdTeryt>1209013</sln:gmIdTeryt><sln:gmNazwa>Dobczyce</sln:gmNazwa><sln:miejscIIPId>d0d085f7-3be2-4376-b92f-c32c0d38e5cc</sln:miejscIIPId><sln:miejscIIPPn>PL.PZGIK.200</sln:miejscIIPPn><sln:miejscIIPWersja>2016-11-24T13:55:54+02:00</sln:miejscIIPWersja><sln:miejscIdTeryt>0316832</sln:miejscIdTeryt><sln:miejscNazwa>Sarnulki</sln:miejscNazwa><sln:miejscRodzaj>Inny obiekt</sln:miejscRodzaj><sln:powIIPId>2eb1253c-735f-4636-981c-bde46943d44c</sln:powIIPId><sln:powIIPPn>PL.PZGIK.200</sln:powIIPPn><sln:powIIPWersja>2012-09-27T07:52:00+02:00</sln:powIIPWersja><sln:powIdTeryt>1209</sln:powIdTeryt><sln:powNazwa>myślenicki</sln:powNazwa><sln:wojIIPId>dd2e3c64-f861-47cf-a3a3-e7751f272b2f</sln:wojIIPId><sln:wojIIPPn>PL.PZGIK.200</sln:wojIIPPn><sln:wojIIPWersja>2017-10-10T00:00:00+02:00</sln:wojIIPWersja><sln:wojIdTeryt>12</sln:wojIdTeryt><sln:wojNazwa>małopolskie</sln:wojNazwa></sln:miejscowosc><sln:miejscowosc><sln:cyklZyciaOd>2014-12-07T00:00:00+01:00</sln:cyklZyciaOd><sln:gmIIPId>dd17983e-50a0-4c7a-93e6-c681f05af7c4</sln:gmIIPId><sln:gmIIPPn>PL.PZGIK.200</sln:gmIIPPn><sln:gmIIPWersja>2012-09-26T22:10:10+02:00</sln:gmIIPWersja><sln:gmIdTeryt>1209013</sln:gmIdTeryt><sln:gmNazwa>Dobczyce</sln:gmNazwa><sln:miejscIIPId>93100e93-387f-483d-8b4c-13771ec192e7</sln:miejscIIPId><sln:miejscIIPPn>PL.PZGIK.200</sln:miejscIIPPn><sln:miejscIIPWersja>2016-11-24T13:55:54+02:00</sln:miejscIIPWersja><sln:miejscIdTeryt>0316849</sln:miejscIdTeryt><sln:miejscNazwa>Burletka</sln:miejscNazwa><sln:miejscRodzaj>Inny obiekt</sln:miejscRodzaj><sln:powIIPId>2eb1253c-735f-4636-981c-bde46943d44c</sln:powIIPId><sln:powIIPPn>PL.PZGIK.200</sln:powIIPPn><sln:powIIPWersja>2012-09-27T07:52:00+02:00</sln:powIIPWersja><sln:powIdTeryt>1209</sln:powIdTeryt><sln:powNazwa>myślenicki</sln:powNazwa><sln:wojIIPId>dd2e3c64-f861-47cf-a3a3-e7751f272b2f</sln:wojIIPId><sln:wojIIPPn>PL.PZGIK.200</sln:wojIIPPn><sln:wojIIPWersja>2017-10-10T00:00:00+02:00</sln:wojIIPWersja><sln:wojIdTeryt>12</sln:wojIdTeryt><sln:wojNazwa>małopolskie</sln:wojNazwa></sln:miejscowosc><sln:miejscowosc><sln:cyklZyciaOd>2014-12-07T00:00:00+01:00</sln:cyklZyciaOd><sln:gmIIPId>dd17983e-50a0-4c7a-93e6-c681f05af7c4</sln:gmIIPId><sln:gmIIPPn>PL.PZGIK.200</sln:gmIIPPn><sln:gmIIPWersja>2012-09-26T22:10:10+02:00</sln:gmIIPWersja><sln:gmIdTeryt>1209013</sln:gmIdTeryt><sln:gmNazwa>Dobczyce</sln:gmNazwa><sln:miejscIIPId>5d2eeffe-2bae-4a51-a05b-d8bc4a83888e</sln:miejscIIPId><sln:miejscIIPPn>PL.PZGIK.200</sln:miejscIIPPn><sln:miejscIIPWersja>2016-11-24T13:45:04+02:00</sln:miejscIIPWersja><sln:miejscIdTeryt>0316660</sln:miejscIdTeryt><sln:miejscNazwa>Kozińce</sln:miejscNazwa><sln:miejscRodzaj>Inny obiekt</sln:miejscRodzaj><sln:powIIPId>2eb1253c-735f-4636-981c-bde46943d44c</sln:powIIPId><sln:powIIPPn>PL.PZGIK.200</sln:powIIPPn><sln:powIIPWersja>2012-09-27T07:52:00+02:00</sln:powIIPWersja><sln:powIdTeryt>1209</sln:powIdTeryt><sln:powNazwa>myślenicki</sln:powNazwa><sln:wojIIPId>dd2e3c64-f861-47cf-a3a3-e7751f272b2f</sln:wojIIPId><sln:wojIIPPn>PL.PZGIK.200</sln:wojIIPPn><sln:wojIIPWersja>2017-10-10T00:00:00+02:00</sln:wojIIPWersja><sln:wojIdTeryt>12</sln:wojIdTeryt><sln:wojNazwa>małopolskie</sln:wojNazwa></sln:miejscowosc><sln:miejscowosc><sln:cyklZyciaOd>2014-12-07T00:00:00+01:00</sln:cyklZyciaOd><sln:gmIIPId>dd17983e-50a0-4c7a-93e6-c681f05af7c4</sln:gmIIPId><sln:gmIIPPn>PL.PZGIK.200</sln:gmIIPPn><sln:gmIIPWersja>2012-09-26T22:10:10+02:00</sln:gmIIPWersja><sln:gmIdTeryt>1209013</sln:gmIdTeryt><sln:gmNazwa>Dobczyce</sln:gmNazwa><sln:miejscIIPId>89a4ea31-83e1-43fd-9fe4-97d67b1e2c78</sln:miejscIIPId><sln:miejscIIPPn>PL.PZGIK.200</sln:miejscIIPPn><sln:miejscIIPWersja>2016-11-24T13:47:35+02:00</sln:miejscIIPWersja><sln:miejscIdTeryt>0317085</sln:miejscIdTeryt><sln:miejscNazwa>Dulany</sln:miejscNazwa><sln:miejscRodzaj>Inny obiekt</sln:miejscRodzaj><sln:powIIPId>2eb1253c-735f-4636-981c-bde46943d44c</sln:powIIPId><sln:powIIPPn>PL.PZGIK.200</sln:powIIPPn><sln:powIIPWersja>2012-09-27T07:52:00+02:00</sln:powIIPWersja><sln:powIdTeryt>1209</sln:powIdTeryt><sln:powNazwa>myślenicki</sln:powNazwa><sln:wojIIPId>dd2e3c64-f861-47cf-a3a3-e7751f272b2f</sln:wojIIPId><sln:wojIIPPn>PL.PZGIK.200</sln:wojIIPPn><sln:wojIIPWersja>2017-10-10T00:00:00+02:00</sln:wojIIPWersja><sln:wojIdTeryt>12</sln:wojIdTeryt><sln:wojNazwa>małopolskie</sln:wojNazwa></sln:miejscowosc><sln:miejscowosc><sln:cyklZyciaOd>2014-12-07T00:00:00+01:00</sln:cyklZyciaOd><sln:gmIIPId>dd17983e-50a0-4c7a-93e6-c681f05af7c4</sln:gmIIPId><sln:gmIIPPn>PL.PZGIK.200</sln:gmIIPPn><sln:gmIIPWersja>2012-09-26T22:10:10+02:00</sln:gmIIPWersja><sln:gmIdTeryt>1209013</sln:gmIdTeryt><sln:gmNazwa>Dobczyce</sln:gmNazwa><sln:miejscIIPId>0e16fb10-9cd8-4d56-a048-9019fa53fbd2</sln:miejscIIPId><sln:miejscIIPPn>PL.PZGIK.200</sln:miejscIIPPn><sln:miejscIIPWersja>2016-11-24T13:55:16+02:00</sln:miejscIIPWersja><sln:miejscIdTeryt>0316772</sln:miejscIdTeryt><sln:miejscNazwa>Granice</sln:miejscNazwa><sln:miejscRodzaj>Inny obiekt</sln:miejscRodzaj><sln:powIIPId>2eb1253c-735f-4636-981c-bde46943d44c</sln:powIIPId><sln:powIIPPn>PL.PZGIK.200</sln:powIIPPn><sln:powIIPWersja>2012-09-27T07:52:00+02:00</sln:powIIPWersja><sln:powIdTeryt>1209</sln:powIdTeryt><sln:powNazwa>myślenicki</sln:powNazwa><sln:wojIIPId>dd2e3c64-f861-47cf-a3a3-e7751f272b2f</sln:wojIIPId><sln:wojIIPPn>PL.PZGIK.200</sln:wojIIPPn><sln:wojIIPWersja>2017-10-10T00:00:00+02:00</sln:wojIIPWersja><sln:wojIdTeryt>12</sln:wojIdTeryt><sln:wojNazwa>małopolskie</sln:wojNazwa></sln:miejscowosc><sln:miejscowosc><sln:cyklZyciaOd>2014-12-07T00:00:00+01:00</sln:cyklZyciaOd><sln:gmIIPId>dd17983e-50a0-4c7a-93e6-c681f05af7c4</sln:gmIIPId><sln:gmIIPPn>PL.PZGIK.200</sln:gmIIPPn><sln:gmIIPWersja>2012-09-26T22:10:10+02:00</sln:gmIIPWersja><sln:gmIdTeryt>1209013</sln:gmIdTeryt><sln:gmNazwa>Dobczyce</sln:gmNazwa><sln:miejscIIPId>039a904a-b5e5-4dc5-9f8d-b78c9c5a7940</sln:miejscIIPId><sln:miejscIIPPn>PL.PZGIK.200</sln:miejscIIPPn><sln:miejscIIPWersja>2016-11-24T13:36:31+02:00</sln:miejscIIPWersja><sln:miejscIdTeryt>0951505</sln:miejscIdTeryt><sln:miejscNazwa>Dobczyce</sln:miejscNazwa><sln:miejscRodzaj>Miasto</sln:miejscRodzaj><sln:powIIPId>2eb1253c-735f-4636-981c-bde46943d44c</sln:powIIPId><sln:powIIPPn>PL.PZGIK.200</sln:powIIPPn><sln:powIIPWersja>2012-09-27T07:52:00+02:00</sln:powIIPWersja><sln:powIdTeryt>1209</sln:powIdTeryt><sln:powNazwa>myślenicki</sln:powNazwa><sln:wojIIPId>dd2e3c64-f861-47cf-a3a3-e7751f272b2f</sln:wojIIPId><sln:wojIIPPn>PL.PZGIK.200</sln:wojIIPPn><sln:wojIIPWersja>2017-10-10T00:00:00+02:00</sln:wojIIPWersja><sln:wojIdTeryt>12</sln:wojIdTeryt><sln:wojNazwa>małopolskie</sln:wojNazwa></sln:miejscowosc><sln:miejscowosc><sln:cyklZyciaOd>2014-12-07T00:00:00+01:00</sln:cyklZyciaOd><sln:gmIIPId>dd17983e-50a0-4c7a-93e6-c681f05af7c4</sln:gmIIPId><sln:gmIIPPn>PL.PZGIK.200</sln:gmIIPPn><sln:gmIIPWersja>2012-09-26T22:10:10+02:00</sln:gmIIPWersja><sln:gmIdTeryt>1209013</sln:gmIdTeryt><sln:gmNazwa>Dobczyce</sln:gmNazwa><sln:miejscIIPId>2724a421-9734-48f2-a1b9-5e053381dbff</sln:miejscIIPId><sln:miejscIIPPn>PL.PZGIK.200</sln:miejscIIPPn><sln:miejscIIPWersja>2016-11-24T13:43:13+02:00</sln:miejscIIPWersja><sln:miejscIdTeryt>0316909</sln:miejscIdTeryt><sln:miejscNazwa>Nowa Wieś</sln:miejscNazwa><sln:miejscRodzaj>Wieś</sln:miejscRodzaj><sln:powIIPId>2eb1253c-735f-4636-981c-bde46943d44c</sln:powIIPId><sln:powIIPPn>PL.PZGIK.200</sln:powIIPPn><sln:powIIPWersja>2012-09-27T07:52:00+02:00</sln:powIIPWersja><sln:powIdTeryt>1209</sln:powIdTeryt><sln:powNazwa>myślenicki</sln:powNazwa><sln:wojIIPId>dd2e3c64-f861-47cf-a3a3-e7751f272b2f</sln:wojIIPId><sln:wojIIPPn>PL.PZGIK.200</sln:wojIIPPn><sln:wojIIPWersja>2017-10-10T00:00:00+02:00</sln:wojIIPWersja><sln:wojIdTeryt>12</sln:wojIdTeryt><sln:wojNazwa>małopolskie</sln:wojNazwa></sln:miejscowosc><sln:miejscowosc><sln:cyklZyciaOd>2014-12-07T00:00:00+01:00</sln:cyklZyciaOd><sln:gmIIPId>dd17983e-50a0-4c7a-93e6-c681f05af7c4</sln:gmIIPId><sln:gmIIPPn>PL.PZGIK.200</sln:gmIIPPn><sln:gmIIPWersja>2012-09-26T22:10:10+02:00</sln:gmIIPWersja><sln:gmIdTeryt>1209013</sln:gmIdTeryt><sln:gmNazwa>Dobczyce</sln:gmNazwa><sln:miejscIIPId>9803de19-be06-4e54-8033-29809dd2e465</sln:miejscIIPId><sln:miejscIIPPn>PL.PZGIK.200</sln:miejscIIPPn><sln:miejscIIPWersja>2016-11-24T13:52:37+02:00</sln:miejscIIPWersja><sln:miejscIdTeryt>0951540</sln:miejscIdTeryt><sln:miejscNazwa>Marwin</sln:miejscNazwa><sln:miejscRodzaj>Inny obiekt</sln:miejscRodzaj><sln:powIIPId>2eb1253c-735f-4636-981c-bde46943d44c</sln:powIIPId><sln:powIIPPn>PL.PZGIK.200</sln:powIIPPn><sln:powIIPWersja>2012-09-27T07:52:00+02:00</sln:powIIPWersja><sln:powIdTeryt>1209</sln:powIdTeryt><sln:powNazwa>myślenicki</sln:powNazwa><sln:wojIIPId>dd2e3c64-f861-47cf-a3a3-e7751f272b2f</sln:wojIIPId><sln:wojIIPPn>PL.PZGIK.200</sln:wojIIPPn><sln:wojIIPWersja>2017-10-10T00:00:00+02:00</sln:wojIIPWersja><sln:wojIdTeryt>12</sln:wojIdTeryt><sln:wojNazwa>małopolskie</sln:wojNazwa></sln:miejscowosc><sln:miejscowosc><sln:cyklZyciaOd>2014-12-07T00:00:00+01:00</sln:cyklZyciaOd><sln:gmIIPId>dd17983e-50a0-4c7a-93e6-c681f05af7c4</sln:gmIIPId><sln:gmIIPPn>PL.PZGIK.200</sln:gmIIPPn><sln:gmIIPWersja>2012-09-26T22:10:10+02:00</sln:gmIIPWersja><sln:gmIdTeryt>1209013</sln:gmIdTeryt><sln:gmNazwa>Dobczyce</sln:gmNazwa><sln:miejscIIPId>ec127bee-082b-4ef6-ac6a-a25b14e4807b</sln:miejscIIPId><sln:miejscIIPPn>PL.PZGIK.200</sln:miejscIIPPn><sln:miejscIIPWersja>2016-11-24T13:29:27+02:00</sln:miejscIIPWersja><sln:miejscIdTeryt>0316683</sln:miejscIdTeryt><sln:miejscNazwa>Brzezowa</sln:miejscNazwa><sln:miejscRodzaj>Wieś</sln:miejscRodzaj><sln:powIIPId>2eb1253c-735f-4636-981c-bde46943d44c</sln:powIIPId><sln:powIIPPn>PL.PZGIK.200</sln:powIIPPn><sln:powIIPWersja>2012-09-27T07:52:00+02:00</sln:powIIPWersja><sln:powIdTeryt>1209</sln:powIdTeryt><sln:powNazwa>myślenicki</sln:powNazwa><sln:wojIIPId>dd2e3c64-f861-47cf-a3a3-e7751f272b2f</sln:wojIIPId><sln:wojIIPPn>PL.PZGIK.200</sln:wojIIPPn><sln:wojIIPWersja>2017-10-10T00:00:00+02:00</sln:wojIIPWersja><sln:wojIdTeryt>12</sln:wojIdTeryt><sln:wojNazwa>małopolskie</sln:wojNazwa></sln:miejscowosc><sln:miejscowosc><sln:cyklZyciaOd>2014-12-07T00:00:00+01:00</sln:cyklZyciaOd><sln:gmIIPId>dd17983e-50a0-4c7a-93e6-c681f05af7c4</sln:gmIIPId><sln:gmIIPPn>PL.PZGIK.200</sln:gmIIPPn><sln:gmIIPWersja>2012-09-26T22:10:10+02:00</sln:gmIIPWersja><sln:gmIdTeryt>1209013</sln:gmIdTeryt><sln:gmNazwa>Dobczyce</sln:gmNazwa><sln:miejscIIPId>112ee7c6-df08-4397-bf40-61d9a263bb16</sln:miejscIIPId><sln:miejscIIPPn>PL.PZGIK.200</sln:miejscIIPPn><sln:miejscIIPWersja>2016-11-24T13:55:53+02:00</sln:miejscIIPWersja><sln:miejscIdTeryt>0316594</sln:miejscIdTeryt><sln:miejscNazwa>Gaiska</sln:miejscNazwa><sln:miejscRodzaj>Inny obiekt</sln:miejscRodzaj><sln:powIIPId>2eb1253c-735f-4636-981c-bde46943d44c</sln:powIIPId><sln:powIIPPn>PL.PZGIK.200</sln:powIIPPn><sln:powIIPWersja>2012-09-27T07:52:00+02:00</sln:powIIPWersja><sln:powIdTeryt>1209</sln:powIdTeryt><sln:powNazwa>myślenicki</sln:powNazwa><sln:wojIIPId>dd2e3c64-f861-47cf-a3a3-e7751f272b2f</sln:wojIIPId><sln:wojIIPPn>PL.PZGIK.200</sln:wojIIPPn><sln:wojIIPWersja>2017-10-10T00:00:00+02:00</sln:wojIIPWersja><sln:wojIdTeryt>12</sln:wojIdTeryt><sln:wojNazwa>małopolskie</sln:wojNazwa></sln:miejscowosc><sln:miejscowosc><sln:cyklZyciaOd>2014-12-07T00:00:00+01:00</sln:cyklZyciaOd><sln:gmIIPId>dd17983e-50a0-4c7a-93e6-c681f05af7c4</sln:gmIIPId><sln:gmIIPPn>PL.PZGIK.200</sln:gmIIPPn><sln:gmIIPWersja>2012-09-26T22:10:10+02:00</sln:gmIIPWersja><sln:gmIdTeryt>1209013</sln:gmIdTeryt><sln:gmNazwa>Dobczyce</sln:gmNazwa><sln:miejscIIPId>9f103efc-6be5-4ec5-b4bf-dd7ffea92f8b</sln:miejscIIPId><sln:miejscIIPPn>PL.PZGIK.200</sln:miejscIIPPn><sln:miejscIIPWersja>2016-11-24T13:55:54+02:00</sln:miejscIIPWersja><sln:miejscIdTeryt>0316861</sln:miejscIdTeryt><sln:miejscNazwa>Osicze</sln:miejscNazwa><sln:miejscRodzaj>Inny obiekt</sln:miejscRodzaj><sln:powIIPId>2eb1253c-735f-4636-981c-bde46943d44c</sln:powIIPId><sln:powIIPPn>PL.PZGIK.200</sln:powIIPPn><sln:powIIPWersja>2012-09-27T07:52:00+02:00</sln:powIIPWersja><sln:powIdTeryt>1209</sln:powIdTeryt><sln:powNazwa>myślenicki</sln:powNazwa><sln:wojIIPId>dd2e3c64-f861-47cf-a3a3-e7751f272b2f</sln:wojIIPId><sln:wojIIPPn>PL.PZGIK.200</sln:wojIIPPn><sln:wojIIPWersja>2017-10-10T00:00:00+02:00</sln:wojIIPWersja><sln:wojIdTeryt>12</sln:wojIdTeryt><sln:wojNazwa>małopolskie</sln:wojNazwa></sln:miejscowosc><sln:miejscowosc><sln:cyklZyciaOd>2014-12-07T00:00:00+01:00</sln:cyklZyciaOd><sln:gmIIPId>dd17983e-50a0-4c7a-93e6-c681f05af7c4</sln:gmIIPId><sln:gmIIPPn>PL.PZGIK.200</sln:gmIIPPn><sln:gmIIPWersja>2012-09-26T22:10:10+02:00</sln:gmIIPWersja><sln:gmIdTeryt>1209013</sln:gmIdTeryt><sln:gmNazwa>Dobczyce</sln:gmNazwa><sln:miejscIIPId>bdee622e-79a4-4108-8507-c24583263048</sln:miejscIIPId><sln:miejscIIPPn>PL.PZGIK.200</sln:miejscIIPPn><sln:miejscIIPWersja>2016-11-24T13:45:04+02:00</sln:miejscIIPWersja><sln:miejscIdTeryt>0316648</sln:miejscIdTeryt><sln:miejscNazwa>Dębnik</sln:miejscNazwa><sln:miejscRodzaj>Inny obiekt</sln:miejscRodzaj><sln:powIIPId>2eb1253c-735f-4636-981c-bde46943d44c</sln:powIIPId><sln:powIIPPn>PL.PZGIK.200</sln:powIIPPn><sln:powIIPWersja>2012-09-27T07:52:00+02:00</sln:powIIPWersja><sln:powIdTeryt>1209</sln:powIdTeryt><sln:powNazwa>myślenicki</sln:powNazwa><sln:wojIIPId>dd2e3c64-f861-47cf-a3a3-e7751f272b2f</sln:wojIIPId><sln:wojIIPPn>PL.PZGIK.200</sln:wojIIPPn><sln:wojIIPWersja>2017-10-10T00:00:00+02:00</sln:wojIIPWersja><sln:wojIdTeryt>12</sln:wojIdTeryt><sln:wojNazwa>małopolskie</sln:wojNazwa></sln:miejscowosc><sln:miejscowosc><sln:cyklZyciaOd>2014-12-07T00:00:00+01:00</sln:cyklZyciaOd><sln:gmIIPId>dd17983e-50a0-4c7a-93e6-c681f05af7c4</sln:gmIIPId><sln:gmIIPPn>PL.PZGIK.200</sln:gmIIPPn><sln:gmIIPWersja>2012-09-26T22:10:10+02:00</sln:gmIIPWersja><sln:gmIdTeryt>1209013</sln:gmIdTeryt><sln:gmNazwa>Dobczyce</sln:gmNazwa><sln:miejscIIPId>8c371cc2-8e7a-4085-aa0b-d425e664f007</sln:miejscIIPId><sln:miejscIIPPn>PL.PZGIK.200</sln:miejscIIPPn><sln:miejscIIPWersja>2016-11-24T13:47:24+02:00</sln:miejscIIPWersja><sln:miejscIdTeryt>0317056</sln:miejscIdTeryt><sln:miejscNazwa>Bystrzyca</sln:miejscNazwa><sln:miejscRodzaj>Inny obiekt</sln:miejscRodzaj><sln:powIIPId>2eb1253c-735f-4636-981c-bde46943d44c</sln:powIIPId><sln:powIIPPn>PL.PZGIK.200</sln:powIIPPn><sln:powIIPWersja>2012-09-27T07:52:00+02:00</sln:powIIPWersja><sln:powIdTeryt>1209</sln:powIdTeryt><sln:powNazwa>myślenicki</sln:powNazwa><sln:wojIIPId>dd2e3c64-f861-47cf-a3a3-e7751f272b2f</sln:wojIIPId><sln:wojIIPPn>PL.PZGIK.200</sln:wojIIPPn><sln:wojIIPWersja>2017-10-10T00:00:00+02:00</sln:wojIIPWersja><sln:wojIdTeryt>12</sln:wojIdTeryt><sln:wojNazwa>małopolskie</sln:wojNazwa></sln:miejscowosc><sln:miejscowosc><sln:cyklZyciaOd>2014-12-07T00:00:00+01:00</sln:cyklZyciaOd><sln:gmIIPId>dd17983e-50a0-4c7a-93e6-c681f05af7c4</sln:gmIIPId><sln:gmIIPPn>PL.PZGIK.200</sln:gmIIPPn><sln:gmIIPWersja>2012-09-26T22:10:10+02:00</sln:gmIIPWersja><sln:gmIdTeryt>1209013</sln:gmIdTeryt><sln:gmNazwa>Dobczyce</sln:gmNazwa><sln:miejscIIPId>7da81070-2d3b-4fc0-bc3d-52ba11ea562a</sln:miejscIIPId><sln:miejscIIPPn>PL.PZGIK.200</sln:miejscIIPPn><sln:miejscIIPWersja>2016-11-24T13:46:22+02:00</sln:miejscIIPWersja><sln:miejscIdTeryt>0316967</sln:miejscIdTeryt><sln:miejscNazwa>Kaszówka</sln:miejscNazwa><sln:miejscRodzaj>Inny obiekt</sln:miejscRodzaj><sln:powIIPId>2eb1253c-735f-4636-981c-bde46943d44c</sln:powIIPId><sln:powIIPPn>PL.PZGIK.200</sln:powIIPPn><sln:powIIPWersja>2012-09-27T07:52:00+02:00</sln:powIIPWersja><sln:powIdTeryt>1209</sln:powIdTeryt><sln:powNazwa>myślenicki</sln:powNazwa><sln:wojIIPId>dd2e3c64-f861-47cf-a3a3-e7751f272b2f</sln:wojIIPId><sln:wojIIPPn>PL.PZGIK.200</sln:wojIIPPn><sln:wojIIPWersja>2017-10-10T00:00:00+02:00</sln:wojIIPWersja><sln:wojIdTeryt>12</sln:wojIdTeryt><sln:wojNazwa>małopolskie</sln:wojNazwa></sln:miejscowosc><sln:miejscowosc><sln:cyklZyciaOd>2014-12-07T00:00:00+01:00</sln:cyklZyciaOd><sln:gmIIPId>dd17983e-50a0-4c7a-93e6-c681f05af7c4</sln:gmIIPId><sln:gmIIPPn>PL.PZGIK.200</sln:gmIIPPn><sln:gmIIPWersja>2012-09-26T22:10:10+02:00</sln:gmIIPWersja><sln:gmIdTeryt>1209013</sln:gmIdTeryt><sln:gmNazwa>Dobczyce</sln:gmNazwa><sln:miejscIIPId>17485ed7-2c5a-46ea-a42c-f9ccc2ac62af</sln:miejscIIPId><sln:miejscIIPPn>PL.PZGIK.200</sln:miejscIIPPn><sln:miejscIIPWersja>2016-11-24T13:47:35+02:00</sln:miejscIIPWersja><sln:miejscIdTeryt>0317091</sln:miejscIdTeryt><sln:miejscNazwa>Dział</sln:miejscNazwa><sln:miejscRodzaj>Inny obiekt</sln:miejscRodzaj><sln:powIIPId>2eb1253c-735f-4636-981c-bde46943d44c</sln:powIIPId><sln:powIIPPn>PL.PZGIK.200</sln:powIIPPn><sln:powIIPWersja>2012-09-27T07:52:00+02:00</sln:powIIPWersja><sln:powIdTeryt>1209</sln:powIdTeryt><sln:powNazwa>myślenicki</sln:powNazwa><sln:wojIIPId>dd2e3c64-f861-47cf-a3a3-e7751f272b2f</sln:wojIIPId><sln:wojIIPPn>PL.PZGIK.200</sln:wojIIPPn><sln:wojIIPWersja>2017-10-10T00:00:00+02:00</sln:wojIIPWersja><sln:wojIdTeryt>12</sln:wojIdTeryt><sln:wojNazwa>małopolskie</sln:wojNazwa></sln:miejscowosc><sln:miejscowosc><sln:cyklZyciaOd>2014-12-07T00:00:00+01:00</sln:cyklZyciaOd><sln:gmIIPId>dd17983e-50a0-4c7a-93e6-c681f05af7c4</sln:gmIIPId><sln:gmIIPPn>PL.PZGIK.200</sln:gmIIPPn><sln:gmIIPWersja>2012-09-26T22:10:10+02:00</sln:gmIIPWersja><sln:gmIdTeryt>1209013</sln:gmIdTeryt><sln:gmNazwa>Dobczyce</sln:gmNazwa><sln:miejscIIPId>b62f43a5-bcc8-4b3c-abdd-3f2553e921fd</sln:miejscIIPId><sln:miejscIIPPn>PL.PZGIK.200</sln:miejscIIPPn><sln:miejscIIPWersja>2016-11-24T13:55:16+02:00</sln:miejscIIPWersja><sln:miejscIdTeryt>0316789</sln:miejscIdTeryt><sln:miejscNazwa>Siciny</sln:miejscNazwa><sln:miejscRodzaj>Inny obiekt</sln:miejscRodzaj><sln:powIIPId>2eb1253c-735f-4636-981c-bde46943d44c</sln:powIIPId><sln:powIIPPn>PL.PZGIK.200</sln:powIIPPn><sln:powIIPWersja>2012-09-27T07:52:00+02:00</sln:powIIPWersja><sln:powIdTeryt>1209</sln:powIdTeryt><sln:powNazwa>myślenicki</sln:powNazwa><sln:wojIIPId>dd2e3c64-f861-47cf-a3a3-e7751f272b2f</sln:wojIIPId><sln:wojIIPPn>PL.PZGIK.200</sln:wojIIPPn><sln:wojIIPWersja>2017-10-10T00:00:00+02:00</sln:wojIIPWersja><sln:wojIdTeryt>12</sln:wojIdTeryt><sln:wojNazwa>małopolskie</sln:wojNazwa></sln:miejscowosc><sln:miejscowosc><sln:cyklZyciaOd>2014-12-07T00:00:00+01:00</sln:cyklZyciaOd><sln:gmIIPId>dd17983e-50a0-4c7a-93e6-c681f05af7c4</sln:gmIIPId><sln:gmIIPPn>PL.PZGIK.200</sln:gmIIPPn><sln:gmIIPWersja>2012-09-26T22:10:10+02:00</sln:gmIIPWersja><sln:gmIdTeryt>1209013</sln:gmIdTeryt><sln:gmNazwa>Dobczyce</sln:gmNazwa><sln:miejscIIPId>b91de21f-2354-4ea0-b620-d91c3c6e0878</sln:miejscIIPId><sln:miejscIIPPn>PL.PZGIK.200</sln:miejscIIPPn><sln:miejscIIPWersja>2016-11-24T13:55:53+02:00</sln:miejscIIPWersja><sln:miejscIdTeryt>0316625</sln:miejscIdTeryt><sln:miejscNazwa>Wielka Góra</sln:miejscNazwa><sln:miejscRodzaj>Inny obiekt</sln:miejscRodzaj><sln:powIIPId>2eb1253c-735f-4636-981c-bde46943d44c</sln:powIIPId><sln:powIIPPn>PL.PZGIK.200</sln:powIIPPn><sln:powIIPWersja>2012-09-27T07:52:00+02:00</sln:powIIPWersja><sln:powIdTeryt>1209</sln:powIdTeryt><sln:powNazwa>myślenicki</sln:powNazwa><sln:wojIIPId>dd2e3c64-f861-47cf-a3a3-e7751f272b2f</sln:wojIIPId><sln:wojIIPPn>PL.PZGIK.200</sln:wojIIPPn><sln:wojIIPWersja>2017-10-10T00:00:00+02:00</sln:wojIIPWersja><sln:wojIdTeryt>12</sln:wojIdTeryt><sln:wojNazwa>małopolskie</sln:wojNazwa></sln:miejscowosc><sln:miejscowosc><sln:cyklZyciaOd>2014-12-07T00:00:00+01:00</sln:cyklZyciaOd><sln:gmIIPId>dd17983e-50a0-4c7a-93e6-c681f05af7c4</sln:gmIIPId><sln:gmIIPPn>PL.PZGIK.200</sln:gmIIPPn><sln:gmIIPWersja>2012-09-26T22:10:10+02:00</sln:gmIIPWersja><sln:gmIdTeryt>1209013</sln:gmIdTeryt><sln:gmNazwa>Dobczyce</sln:gmNazwa><sln:miejscIIPId>0b3f78d4-2695-4a76-8830-405ce9afd480</sln:miejscIIPId><sln:miejscIIPPn>PL.PZGIK.200</sln:miejscIIPPn><sln:miejscIIPWersja>2016-11-24T13:55:54+02:00</sln:miejscIIPWersja><sln:miejscIdTeryt>0316855</sln:miejscIdTeryt><sln:miejscNazwa>Dziurak</sln:miejscNazwa><sln:miejscRodzaj>Inny obiekt</sln:miejscRodzaj><sln:powIIPId>2eb1253c-735f-4636-981c-bde46943d44c</sln:powIIPId><sln:powIIPPn>PL.PZGIK.200</sln:powIIPPn><sln:powIIPWersja>2012-09-27T07:52:00+02:00</sln:powIIPWersja><sln:powIdTeryt>1209</sln:powIdTeryt><sln:powNazwa>myślenicki</sln:powNazwa><sln:wojIIPId>dd2e3c64-f861-47cf-a3a3-e7751f272b2f</sln:wojIIPId><sln:wojIIPPn>PL.PZGIK.200</sln:wojIIPPn><sln:wojIIPWersja>2017-10-10T00:00:00+02:00</sln:wojIIPWersja><sln:wojIdTeryt>12</sln:wojIdTeryt><sln:wojNazwa>małopolskie</sln:wojNazwa></sln:miejscowosc><sln:miejscowosc><sln:cyklZyciaOd>2014-12-07T00:00:00+01:00</sln:cyklZyciaOd><sln:gmIIPId>dd17983e-50a0-4c7a-93e6-c681f05af7c4</sln:gmIIPId><sln:gmIIPPn>PL.PZGIK.200</sln:gmIIPPn><sln:gmIIPWersja>2012-09-26T22:10:10+02:00</sln:gmIIPWersja><sln:gmIdTeryt>1209013</sln:gmIdTeryt><sln:gmNazwa>Dobczyce</sln:gmNazwa><sln:miejscIIPId>e8e3d94f-abb1-4686-b14c-810b75183130</sln:miejscIIPId><sln:miejscIIPPn>PL.PZGIK.200</sln:miejscIIPPn><sln:miejscIIPWersja>2016-11-24T13:58:42+02:00</sln:miejscIIPWersja><sln:miejscIdTeryt>0316921</sln:miejscIdTeryt><sln:miejscNazwa>Grabowa</sln:miejscNazwa><sln:miejscRodzaj>Inny obiekt</sln:miejscRodzaj><sln:powIIPId>2eb1253c-735f-4636-981c-bde46943d44c</sln:powIIPId><sln:powIIPPn>PL.PZGIK.200</sln:powIIPPn><sln:powIIPWersja>2012-09-27T07:52:00+02:00</sln:powIIPWersja><sln:powIdTeryt>1209</sln:powIdTeryt><sln:powNazwa>myślenicki</sln:powNazwa><sln:wojIIPId>dd2e3c64-f861-47cf-a3a3-e7751f272b2f</sln:wojIIPId><sln:wojIIPPn>PL.PZGIK.200</sln:wojIIPPn><sln:wojIIPWersja>2017-10-10T00:00:00+02:00</sln:wojIIPWersja><sln:wojIdTeryt>12</sln:wojIdTeryt><sln:wojNazwa>małopolskie</sln:wojNazwa></sln:miejscowosc><sln:miejscowosc><sln:cyklZyciaOd>2014-12-07T00:00:00+01:00</sln:cyklZyciaOd><sln:gmIIPId>dd17983e-50a0-4c7a-93e6-c681f05af7c4</sln:gmIIPId><sln:gmIIPPn>PL.PZGIK.200</sln:gmIIPPn><sln:gmIIPWersja>2012-09-26T22:10:10+02:00</sln:gmIIPWersja><sln:gmIdTeryt>1209013</sln:gmIdTeryt><sln:gmNazwa>Dobczyce</sln:gmNazwa><sln:miejscIIPId>fcda3085-8eb4-41f3-941f-c88f18fa6458</sln:miejscIIPId><sln:miejscIIPPn>PL.PZGIK.200</sln:miejscIIPPn><sln:miejscIIPWersja>2016-11-24T13:46:49+02:00</sln:miejscIIPWersja><sln:miejscIdTeryt>0317004</sln:miejscIdTeryt><sln:miejscNazwa>Zbyszkówka</sln:miejscNazwa><sln:miejscRodzaj>Inny obiekt</sln:miejscRodzaj><sln:powIIPId>2eb1253c-735f-4636-981c-bde46943d44c</sln:powIIPId><sln:powIIPPn>PL.PZGIK.200</sln:powIIPPn><sln:powIIPWersja>2012-09-27T07:52:00+02:00</sln:powIIPWersja><sln:powIdTeryt>1209</sln:powIdTeryt><sln:powNazwa>myślenicki</sln:powNazwa><sln:wojIIPId>dd2e3c64-f861-47cf-a3a3-e7751f272b2f</sln:wojIIPId><sln:wojIIPPn>PL.PZGIK.200</sln:wojIIPPn><sln:wojIIPWersja>2017-10-10T00:00:00+02:00</sln:wojIIPWersja><sln:wojIdTeryt>12</sln:wojIdTeryt><sln:wojNazwa>małopolskie</sln:wojNazwa></sln:miejscowosc><sln:miejscowosc><sln:cyklZyciaOd>2014-12-07T00:00:00+01:00</sln:cyklZyciaOd><sln:gmIIPId>dd17983e-50a0-4c7a-93e6-c681f05af7c4</sln:gmIIPId><sln:gmIIPPn>PL.PZGIK.200</sln:gmIIPPn><sln:gmIIPWersja>2012-09-26T22:10:10+02:00</sln:gmIIPWersja><sln:gmIdTeryt>1209013</sln:gmIdTeryt><sln:gmNazwa>Dobczyce</sln:gmNazwa><sln:miejscIIPId>9b8f4cf9-72e5-4d35-8f26-498b4157301c</sln:miejscIIPId><sln:miejscIIPPn>PL.PZGIK.200</sln:miejscIIPPn><sln:miejscIIPWersja>2016-11-24T13:47:24+02:00</sln:miejscIIPWersja><sln:miejscIdTeryt>0317040</sln:miejscIdTeryt><sln:miejscNazwa>Brzeziny</sln:miejscNazwa><sln:miejscRodzaj>Inny obiekt</sln:miejscRodzaj><sln:powIIPId>2eb1253c-735f-4636-981c-bde46943d44c</sln:powIIPId><sln:powIIPPn>PL.PZGIK.200</sln:powIIPPn><sln:powIIPWersja>2012-09-27T07:52:00+02:00</sln:powIIPWersja><sln:powIdTeryt>1209</sln:powIdTeryt><sln:powNazwa>myślenicki</sln:powNazwa><sln:wojIIPId>dd2e3c64-f861-47cf-a3a3-e7751f272b2f</sln:wojIIPId><sln:wojIIPPn>PL.PZGIK.200</sln:wojIIPPn><sln:wojIIPWersja>2017-10-10T00:00:00+02:00</sln:wojIIPWersja><sln:wojIdTeryt>12</sln:wojIdTeryt><sln:wojNazwa>małopolskie</sln:wojNazwa></sln:miejscowosc></sln:lista-miejscowosci>