<?xml version="1.0" encoding="UTF-8" standalone="yes"?><sln:lista-miejscowosci xmlns:srv="http://gugik.gov.pl/schemas/slowniki-service/1.0" xmlns:sln="http://gugik.gov.pl/schemas/slowniki-schema/1.0"><sln:miejscowosc><sln:cyklZyciaDo>2017-04-18T00:00:00+02:00</sln:cyklZyciaDo><sln:cyklZyciaOd>2016-08-24T00:00:00+02:00</sln:cyklZyciaOd><sln:gmIIPId>52d936f7-7a43-4896-b74c-8fad817195ee</sln:gmIIPId><sln:gmIIPPn>PL.PZGIK.200</sln:gmIIPPn><sln:gmIIPWersja>2017-10-10T00:00:00+02:00</sln:gmIIPWersja><sln:gmIdTeryt>1205092</sln:gmIdTeryt><sln:gmNazwa>Sękowa</sln:gmNazwa><sln:miejscIIPId>97025ac3-31fc-4ada-96c0-ead239f30707</sln:miejscIIPId><sln:miejscIIPPn>PL.PZGIK.200</sln:miejscIIPPn><sln:miejscIIPWersja>2016-11-24T10:25:57+02:00</sln:miejscIIPWersja><sln:miejscIdTeryt>0464739</sln:miejscIdTeryt><sln:miejscNazwa>Bartne</sln:miejscNazwa><sln:miejscRodzaj>Wieś</sln:miejscRodzaj><sln:powIIPId>5b376d4f-e6fb-48f4-9302-a9b0a6cc2aeb</sln:powIIPId><sln:powIIPPn>PL.PZGIK.200</sln:powIIPPn><sln:powIIPWersja>2017-10-10T00:00:00+02:00</sln:powIIPWersja><sln:powIdTeryt>1205</sln:powIdTeryt><sln:powNazwa>gorlicki</sln:powNazwa><sln:waznyOd>2016-06-07T00:00:00+02:00</sln:waznyOd><sln:wojIIPId>dd2e3c64-f861-47cf-a3a3-e7751f272b2f</sln:wojIIPId><sln:wojIIPPn>PL.PZGIK.200</sln:wojIIPPn><sln:wojIIPWersja>2017-10-10T00:00:00+02:00</sln:wojIIPWersja><sln:wojIdTeryt>12</sln:wojIdTeryt><sln:wojNazwa>małopolskie</sln:wojNazwa></sln:miejscowosc><sln:miejscowosc><sln:cyklZyciaDo>2017-04-18T00:00:00+02:00</sln:cyklZyciaDo><sln:cyklZyciaOd>2016-08-24T00:00:00+02:00</sln:cyklZyciaOd><sln:gmIIPId>52d936f7-7a43-4896-b74c-8fad817195ee</sln:gmIIPId><sln:gmIIPPn>PL.PZGIK.200</sln:gmIIPPn><sln:gmIIPWersja>2017-10-10T00:00:00+02:00</sln:gmIIPWersja><sln:gmIdTeryt>1205092</sln:gmIdTeryt><sln:gmNazwa>Sękowa</sln:gmNazwa><sln:miejscIIPId>0663a691-d0c5-4e82-ae39-40afd5e9468d</sln:miejscIIPId><sln:miejscIIPPn>PL.PZGIK.200</sln:miejscIIPPn><sln:miejscIIPWersja>2016-11-24T10:25:57+02:00</sln:miejscIIPWersja><sln:miejscIdTeryt>0464745</sln:miejscIdTeryt><sln:miejscNazwa>Bodaki</sln:miejscNazwa><sln:miejscRodzaj>Wieś</sln:miejscRodzaj><sln:powIIPId>5b376d4f-e6fb-48f4-9302-a9b0a6cc2aeb</sln:powIIPId><sln:powIIPPn>PL.PZGIK.200</sln:powIIPPn><sln:powIIPWersja>2017-10-10T00:00:00+02:00</sln:powIIPWersja><sln:powIdTeryt>1205</sln:powIdTeryt><sln:powNazwa>gorlicki</sln:powNazwa><sln:waznyOd>2016-06-07T00:00:00+02:00</sln:waznyOd><sln:wojIIPId>dd2e3c64-f861-47cf-a3a3-e7751f272b2f</sln:wojIIPId><sln:wojIIPPn>PL.PZGIK.200</sln:wojIIPPn><sln:wojIIPWersja>2017-10-10T00:00:00+02:00</sln:wojIIPWersja><sln:wojIdTeryt>12</sln:wojIdTeryt><sln:wojNazwa>małopolskie</sln:wojNazwa></sln:miejscowosc><sln:miejscowosc><sln:cyklZyciaDo>2017-04-18T00:00:00+02:00</sln:cyklZyciaDo><sln:cyklZyciaOd>2016-08-24T00:00:00+02:00</sln:cyklZyciaOd><sln:gmIIPId>52d936f7-7a43-4896-b74c-8fad817195ee</sln:gmIIPId><sln:gmIIPPn>PL.PZGIK.200</sln:gmIIPPn><sln:gmIIPWersja>2017-10-10T00:00:00+02:00</sln:gmIIPWersja><sln:gmIdTeryt>1205092</sln:gmIdTeryt><sln:gmNazwa>Sękowa</sln:gmNazwa><sln:miejscIIPId>e3354097-69cf-4951-b286-2b503f4864fd</sln:miejscIIPId><sln:miejscIIPPn>PL.PZGIK.200</sln:miejscIIPPn><sln:miejscIIPWersja>2016-11-24T10:25:57+02:00</sln:miejscIIPWersja><sln:miejscIdTeryt>0464774</sln:miejscIdTeryt><sln:miejscNazwa>Czarne</sln:miejscNazwa><sln:miejscRodzaj>Wieś</sln:miejscRodzaj><sln:powIIPId>5b376d4f-e6fb-48f4-9302-a9b0a6cc2aeb</sln:powIIPId><sln:powIIPPn>PL.PZGIK.200</sln:powIIPPn><sln:powIIPWersja>2017-10-10T00:00:00+02:00</sln:powIIPWersja><sln:powIdTeryt>1205</sln:powIdTeryt><sln:powNazwa>gorlicki</sln:powNazwa><sln:waznyOd>2016-06-07T00:00:00+02:00</sln:waznyOd><sln:wojIIPId>dd2e3c64-f861-47cf-a3a3-e7751f272b2f</sln:wojIIPId><sln:wojIIPPn>PL.PZGIK.200</sln:wojIIPPn><sln:wojIIPWersja>2017-10-10T00:00:00+02:00</sln:wojIIPWersja><sln:wojIdTeryt>12</sln:wojIdTeryt><sln:wojNazwa>małopolskie</sln:wojNazwa></sln:miejscowosc><sln:miejscowosc><sln:cyklZyciaDo>2017-04-18T00:00:00+02:00</sln:cyklZyciaDo><sln:cyklZyciaOd>2016-08-24T00:00:00+02:00</sln:cyklZyciaOd><sln:gmIIPId>52d936f7-7a43-4896-b74c-8fad817195ee</sln:gmIIPId><sln:gmIIPPn>PL.PZGIK.200</sln:gmIIPPn><sln:gmIIPWersja>2017-10-10T00:00:00+02:00</sln:gmIIPWersja><sln:gmIdTeryt>1205092</sln:gmIdTeryt><sln:gmNazwa>Sękowa</sln:gmNazwa><sln:miejscIIPId>740fecfc-c762-4dea-bf68-d68f72659a3c</sln:miejscIIPId><sln:miejscIIPPn>PL.PZGIK.200</sln:miejscIIPPn><sln:miejscIIPWersja>2016-11-24T10:25:57+02:00</sln:miejscIIPWersja><sln:miejscIdTeryt>0464797</sln:miejscIdTeryt><sln:miejscNazwa>Krzywa</sln:miejscNazwa><sln:miejscRodzaj>Wieś</sln:miejscRodzaj><sln:powIIPId>5b376d4f-e6fb-48f4-9302-a9b0a6cc2aeb</sln:powIIPId><sln:powIIPPn>PL.PZGIK.200</sln:powIIPPn><sln:powIIPWersja>2017-10-10T00:00:00+02:00</sln:powIIPWersja><sln:powIdTeryt>1205</sln:powIdTeryt><sln:powNazwa>gorlicki</sln:powNazwa><sln:waznyOd>2016-06-07T00:00:00+02:00</sln:waznyOd><sln:wojIIPId>dd2e3c64-f861-47cf-a3a3-e7751f272b2f</sln:wojIIPId><sln:wojIIPPn>PL.PZGIK.200</sln:wojIIPPn><sln:wojIIPWersja>2017-10-10T00:00:00+02:00</sln:wojIIPWersja><sln:wojIdTeryt>12</sln:wojIdTeryt><sln:wojNazwa>małopolskie</sln:wojNazwa></sln:miejscowosc><sln:miejscowosc><sln:cyklZyciaDo>2017-04-18T00:00:00+02:00</sln:cyklZyciaDo><sln:cyklZyciaOd>2016-08-24T00:00:00+02:00</sln:cyklZyciaOd><sln:gmIIPId>52d936f7-7a43-4896-b74c-8fad817195ee</sln:gmIIPId><sln:gmIIPPn>PL.PZGIK.200</sln:gmIIPPn><sln:gmIIPWersja>2017-10-10T00:00:00+02:00</sln:gmIIPWersja><sln:gmIdTeryt>1205092</sln:gmIdTeryt><sln:gmNazwa>Sękowa</sln:gmNazwa><sln:miejscIIPId>8cd3c03c-7d45-48d1-a652-ca71a75263a1</sln:miejscIIPId><sln:miejscIIPPn>PL.PZGIK.200</sln:miejscIIPPn><sln:miejscIIPWersja>2016-11-24T10:25:57+02:00</sln:miejscIIPWersja><sln:miejscIdTeryt>0464811</sln:miejscIdTeryt><sln:miejscNazwa>Małastów</sln:miejscNazwa><sln:miejscRodzaj>Wieś</sln:miejscRodzaj><sln:powIIPId>5b376d4f-e6fb-48f4-9302-a9b0a6cc2aeb</sln:powIIPId><sln:powIIPPn>PL.PZGIK.200</sln:powIIPPn><sln:powIIPWersja>2017-10-10T00:00:00+02:00</sln:powIIPWersja><sln:powIdTeryt>1205</sln:powIdTeryt><sln:powNazwa>gorlicki</sln:powNazwa><sln:waznyOd>2016-06-07T00:00:00+02:00</sln:waznyOd><sln:wojIIPId>dd2e3c64-f861-47cf-a3a3-e7751f272b2f</sln:wojIIPId><sln:wojIIPPn>PL.PZGIK.200</sln:wojIIPPn><sln:wojIIPWersja>2017-10-10T00:00:00+02:00</sln:wojIIPWersja><sln:wojIdTeryt>12</sln:wojIdTeryt><sln:wojNazwa>małopolskie</sln:wojNazwa></sln:miejscowosc><sln:miejscowosc><sln:cyklZyciaDo>2017-04-18T00:00:00+02:00</sln:cyklZyciaDo><sln:cyklZyciaOd>2016-08-24T00:00:00+02:00</sln:cyklZyciaOd><sln:gmIIPId>52d936f7-7a43-4896-b74c-8fad817195ee</sln:gmIIPId><sln:gmIIPPn>PL.PZGIK.200</sln:gmIIPPn><sln:gmIIPWersja>2017-10-10T00:00:00+02:00</sln:gmIIPWersja><sln:gmIdTeryt>1205092</sln:gmIdTeryt><sln:gmNazwa>Sękowa</sln:gmNazwa><sln:miejscIIPId>98af55a7-053f-490a-aca8-0e5dc118efa9</sln:miejscIIPId><sln:miejscIIPPn>PL.PZGIK.200</sln:miejscIIPPn><sln:miejscIIPWersja>2016-11-24T10:25:57+02:00</sln:miejscIIPWersja><sln:miejscIdTeryt>0464834</sln:miejscIdTeryt><sln:miejscNazwa>Męcina Mała</sln:miejscNazwa><sln:miejscRodzaj>Wieś</sln:miejscRodzaj><sln:powIIPId>5b376d4f-e6fb-48f4-9302-a9b0a6cc2aeb</sln:powIIPId><sln:powIIPPn>PL.PZGIK.200</sln:powIIPPn><sln:powIIPWersja>2017-10-10T00:00:00+02:00</sln:powIIPWersja><sln:powIdTeryt>1205</sln:powIdTeryt><sln:powNazwa>gorlicki</sln:powNazwa><sln:waznyOd>2016-06-07T00:00:00+02:00</sln:waznyOd><sln:wojIIPId>dd2e3c64-f861-47cf-a3a3-e7751f272b2f</sln:wojIIPId><sln:wojIIPPn>PL.PZGIK.200</sln:wojIIPPn><sln:wojIIPWersja>2017-10-10T00:00:00+02:00</sln:wojIIPWersja><sln:wojIdTeryt>12</sln:wojIdTeryt><sln:wojNazwa>małopolskie</sln:wojNazwa></sln:miejscowosc><sln:miejscowosc><sln:cyklZyciaDo>2017-04-18T00:00:00+02:00</sln:cyklZyciaDo><sln:cyklZyciaOd>2016-08-24T00:00:00+02:00</sln:cyklZyciaOd><sln:gmIIPId>52d936f7-7a43-4896-b74c-8fad817195ee</sln:gmIIPId><sln:gmIIPPn>PL.PZGIK.200</sln:gmIIPPn><sln:gmIIPWersja>2017-10-10T00:00:00+02:00</sln:gmIIPWersja><sln:gmIdTeryt>1205092</sln:gmIdTeryt><sln:gmNazwa>Sękowa</sln:gmNazwa><sln:miejscIIPId>ef41fe59-b85d-4a22-b1c0-8c20d73553fd</sln:miejscIIPId><sln:miejscIIPPn>PL.PZGIK.200</sln:miejscIIPPn><sln:miejscIIPWersja>2016-11-24T10:25:57+02:00</sln:miejscIIPWersja><sln:miejscIdTeryt>0464930</sln:miejscIdTeryt><sln:miejscNazwa>Męcina Wielka</sln:miejscNazwa><sln:miejscRodzaj>Wieś</sln:miejscRodzaj><sln:powIIPId>5b376d4f-e6fb-48f4-9302-a9b0a6cc2aeb</sln:powIIPId><sln:powIIPPn>PL.PZGIK.200</sln:powIIPPn><sln:powIIPWersja>2017-10-10T00:00:00+02:00</sln:powIIPWersja><sln:powIdTeryt>1205</sln:powIdTeryt><sln:powNazwa>gorlicki</sln:powNazwa><sln:waznyOd>2016-06-07T00:00:00+02:00</sln:waznyOd><sln:wojIIPId>dd2e3c64-f861-47cf-a3a3-e7751f272b2f</sln:wojIIPId><sln:wojIIPPn>PL.PZGIK.200</sln:wojIIPPn><sln:wojIIPWersja>2017-10-10T00:00:00+02:00</sln:wojIIPWersja><sln:wojIdTeryt>12</sln:wojIdTeryt><sln:wojNazwa>małopolskie</sln:wojNazwa></sln:miejscowosc><sln:miejscowosc><sln:cyklZyciaDo>2017-04-18T00:00:00+02:00</sln:cyklZyciaDo><sln:cyklZyciaOd>2016-08-24T00:00:00+02:00</sln:cyklZyciaOd><sln:gmIIPId>52d936f7-7a43-4896-b74c-8fad817195ee</sln:gmIIPId><sln:gmIIPPn>PL.PZGIK.200</sln:gmIIPPn><sln:gmIIPWersja>2017-10-10T00:00:00+02:00</sln:gmIIPWersja><sln:gmIdTeryt>1205092</sln:gmIdTeryt><sln:gmNazwa>Sękowa</sln:gmNazwa><sln:miejscIIPId>9f06c72a-564f-41ba-8020-11e64ed55049</sln:miejscIIPId><sln:miejscIIPPn>PL.PZGIK.200</sln:miejscIIPPn><sln:miejscIIPWersja>2016-11-24T14:00:38+02:00</sln:miejscIIPWersja><sln:miejscIdTeryt>1049209</sln:miejscIdTeryt><sln:miejscNazwa>Nieznajowa</sln:miejscNazwa><sln:miejscRodzaj>Wieś</sln:miejscRodzaj><sln:powIIPId>5b376d4f-e6fb-48f4-9302-a9b0a6cc2aeb</sln:powIIPId><sln:powIIPPn>PL.PZGIK.200</sln:powIIPPn><sln:powIIPWersja>2017-10-10T00:00:00+02:00</sln:powIIPWersja><sln:powIdTeryt>1205</sln:powIdTeryt><sln:powNazwa>gorlicki</sln:powNazwa><sln:waznyOd>2016-06-07T00:00:00+02:00</sln:waznyOd><sln:wojIIPId>dd2e3c64-f861-47cf-a3a3-e7751f272b2f</sln:wojIIPId><sln:wojIIPPn>PL.PZGIK.200</sln:wojIIPPn><sln:wojIIPWersja>2017-10-10T00:00:00+02:00</sln:wojIIPWersja><sln:wojIdTeryt>12</sln:wojIdTeryt><sln:wojNazwa>małopolskie</sln:wojNazwa></sln:miejscowosc><sln:miejscowosc><sln:cyklZyciaDo>2017-04-18T00:00:00+02:00</sln:cyklZyciaDo><sln:cyklZyciaOd>2016-08-24T00:00:00+02:00</sln:cyklZyciaOd><sln:gmIIPId>52d936f7-7a43-4896-b74c-8fad817195ee</sln:gmIIPId><sln:gmIIPPn>PL.PZGIK.200</sln:gmIIPPn><sln:gmIIPWersja>2017-10-10T00:00:00+02:00</sln:gmIIPWersja><sln:gmIdTeryt>1205092</sln:gmIdTeryt><sln:gmNazwa>Sękowa</sln:gmNazwa><sln:miejscIIPId>ecbfc7b6-5074-46fd-bd16-eea6b8bb3f52</sln:miejscIIPId><sln:miejscIIPPn>PL.PZGIK.200</sln:miejscIIPPn><sln:miejscIIPWersja>2016-11-24T10:25:57+02:00</sln:miejscIIPWersja><sln:miejscIdTeryt>0464946</sln:miejscIdTeryt><sln:miejscNazwa>Owczary</sln:miejscNazwa><sln:miejscRodzaj>Wieś</sln:miejscRodzaj><sln:powIIPId>5b376d4f-e6fb-48f4-9302-a9b0a6cc2aeb</sln:powIIPId><sln:powIIPPn>PL.PZGIK.200</sln:powIIPPn><sln:powIIPWersja>2017-10-10T00:00:00+02:00</sln:powIIPWersja><sln:powIdTeryt>1205</sln:powIdTeryt><sln:powNazwa>gorlicki</sln:powNazwa><sln:waznyOd>2016-06-07T00:00:00+02:00</sln:waznyOd><sln:wojIIPId>dd2e3c64-f861-47cf-a3a3-e7751f272b2f</sln:wojIIPId><sln:wojIIPPn>PL.PZGIK.200</sln:wojIIPPn><sln:wojIIPWersja>2017-10-10T00:00:00+02:00</sln:wojIIPWersja><sln:wojIdTeryt>12</sln:wojIdTeryt><sln:wojNazwa>małopolskie</sln:wojNazwa></sln:miejscowosc><sln:miejscowosc><sln:cyklZyciaDo>2017-04-18T00:00:00+02:00</sln:cyklZyciaDo><sln:cyklZyciaOd>2016-08-24T00:00:00+02:00</sln:cyklZyciaOd><sln:gmIIPId>52d936f7-7a43-4896-b74c-8fad817195ee</sln:gmIIPId><sln:gmIIPPn>PL.PZGIK.200</sln:gmIIPPn><sln:gmIIPWersja>2017-10-10T00:00:00+02:00</sln:gmIIPWersja><sln:gmIdTeryt>1205092</sln:gmIdTeryt><sln:gmNazwa>Sękowa</sln:gmNazwa><sln:miejscIIPId>13bb83a1-3807-4853-9691-bacc907bf6d6</sln:miejscIIPId><sln:miejscIIPPn>PL.PZGIK.200</sln:miejscIIPPn><sln:miejscIIPWersja>2016-11-24T10:25:57+02:00</sln:miejscIIPWersja><sln:miejscIdTeryt>0464981</sln:miejscIdTeryt><sln:miejscNazwa>Radocyna</sln:miejscNazwa><sln:miejscRodzaj>Wieś</sln:miejscRodzaj><sln:powIIPId>5b376d4f-e6fb-48f4-9302-a9b0a6cc2aeb</sln:powIIPId><sln:powIIPPn>PL.PZGIK.200</sln:powIIPPn><sln:powIIPWersja>2017-10-10T00:00:00+02:00</sln:powIIPWersja><sln:powIdTeryt>1205</sln:powIdTeryt><sln:powNazwa>gorlicki</sln:powNazwa><sln:waznyOd>2016-06-07T00:00:00+02:00</sln:waznyOd><sln:wojIIPId>dd2e3c64-f861-47cf-a3a3-e7751f272b2f</sln:wojIIPId><sln:wojIIPPn>PL.PZGIK.200</sln:wojIIPPn><sln:wojIIPWersja>2017-10-10T00:00:00+02:00</sln:wojIIPWersja><sln:wojIdTeryt>12</sln:wojIdTeryt><sln:wojNazwa>małopolskie</sln:wojNazwa></sln:miejscowosc><sln:miejscowosc><sln:cyklZyciaDo>2017-04-18T00:00:00+02:00</sln:cyklZyciaDo><sln:cyklZyciaOd>2016-08-24T00:00:00+02:00</sln:cyklZyciaOd><sln:gmIIPId>52d936f7-7a43-4896-b74c-8fad817195ee</sln:gmIIPId><sln:gmIIPPn>PL.PZGIK.200</sln:gmIIPPn><sln:gmIIPWersja>2017-10-10T00:00:00+02:00</sln:gmIIPWersja><sln:gmIdTeryt>1205092</sln:gmIdTeryt><sln:gmNazwa>Sękowa</sln:gmNazwa><sln:miejscIIPId>cadf712b-aa63-4179-a6f7-ad0c6405c87f</sln:miejscIIPId><sln:miejscIIPPn>PL.PZGIK.200</sln:miejscIIPPn><sln:miejscIIPWersja>2016-11-24T10:25:57+02:00</sln:miejscIIPWersja><sln:miejscIdTeryt>0464998</sln:miejscIdTeryt><sln:miejscNazwa>Ropica Górna</sln:miejscNazwa><sln:miejscRodzaj>Wieś</sln:miejscRodzaj><sln:powIIPId>5b376d4f-e6fb-48f4-9302-a9b0a6cc2aeb</sln:powIIPId><sln:powIIPPn>PL.PZGIK.200</sln:powIIPPn><sln:powIIPWersja>2017-10-10T00:00:00+02:00</sln:powIIPWersja><sln:powIdTeryt>1205</sln:powIdTeryt><sln:powNazwa>gorlicki</sln:powNazwa><sln:waznyOd>2016-06-07T00:00:00+02:00</sln:waznyOd><sln:wojIIPId>dd2e3c64-f861-47cf-a3a3-e7751f272b2f</sln:wojIIPId><sln:wojIIPPn>PL.PZGIK.200</sln:wojIIPPn><sln:wojIIPWersja>2017-10-10T00:00:00+02:00</sln:wojIIPWersja><sln:wojIdTeryt>12</sln:wojIdTeryt><sln:wojNazwa>małopolskie</sln:wojNazwa></sln:miejscowosc><sln:miejscowosc><sln:cyklZyciaDo>2017-04-18T00:00:00+02:00</sln:cyklZyciaDo><sln:cyklZyciaOd>2016-08-24T00:00:00+02:00</sln:cyklZyciaOd><sln:gmIIPId>52d936f7-7a43-4896-b74c-8fad817195ee</sln:gmIIPId><sln:gmIIPPn>PL.PZGIK.200</sln:gmIIPPn><sln:gmIIPWersja>2017-10-10T00:00:00+02:00</sln:gmIIPWersja><sln:gmIdTeryt>1205092</sln:gmIdTeryt><sln:gmNazwa>Sękowa</sln:gmNazwa><sln:miejscIIPId>fbee55e3-7f43-41e5-aaa6-2e750a5201e0</sln:miejscIIPId><sln:miejscIIPPn>PL.PZGIK.200</sln:miejscIIPPn><sln:miejscIIPWersja>2016-11-24T10:25:57+02:00</sln:miejscIIPWersja><sln:miejscIdTeryt>0465029</sln:miejscIdTeryt><sln:miejscNazwa>Sękowa</sln:miejscNazwa><sln:miejscRodzaj>Wieś</sln:miejscRodzaj><sln:powIIPId>5b376d4f-e6fb-48f4-9302-a9b0a6cc2aeb</sln:powIIPId><sln:powIIPPn>PL.PZGIK.200</sln:powIIPPn><sln:powIIPWersja>2017-10-10T00:00:00+02:00</sln:powIIPWersja><sln:powIdTeryt>1205</sln:powIdTeryt><sln:powNazwa>gorlicki</sln:powNazwa><sln:waznyOd>2016-06-07T00:00:00+02:00</sln:waznyOd><sln:wojIIPId>dd2e3c64-f861-47cf-a3a3-e7751f272b2f</sln:wojIIPId><sln:wojIIPPn>PL.PZGIK.200</sln:wojIIPPn><sln:wojIIPWersja>2017-10-10T00:00:00+02:00</sln:wojIIPWersja><sln:wojIdTeryt>12</sln:wojIdTeryt><sln:wojNazwa>małopolskie</sln:wojNazwa></sln:miejscowosc><sln:miejscowosc><sln:cyklZyciaDo>2017-04-18T00:00:00+02:00</sln:cyklZyciaDo><sln:cyklZyciaOd>2016-08-24T00:00:00+02:00</sln:cyklZyciaOd><sln:gmIIPId>52d936f7-7a43-4896-b74c-8fad817195ee</sln:gmIIPId><sln:gmIIPPn>PL.PZGIK.200</sln:gmIIPPn><sln:gmIIPWersja>2017-10-10T00:00:00+02:00</sln:gmIIPWersja><sln:gmIdTeryt>1205092</sln:gmIdTeryt><sln:gmNazwa>Sękowa</sln:gmNazwa><sln:miejscIIPId>344ee56d-27f5-4560-92d4-4978ef117e49</sln:miejscIIPId><sln:miejscIIPPn>PL.PZGIK.200</sln:miejscIIPPn><sln:miejscIIPWersja>2016-11-24T10:25:57+02:00</sln:miejscIIPWersja><sln:miejscIdTeryt>0465124</sln:miejscIdTeryt><sln:miejscNazwa>Siary</sln:miejscNazwa><sln:miejscRodzaj>Wieś</sln:miejscRodzaj><sln:powIIPId>5b376d4f-e6fb-48f4-9302-a9b0a6cc2aeb</sln:powIIPId><sln:powIIPPn>PL.PZGIK.200</sln:powIIPPn><sln:powIIPWersja>2017-10-10T00:00:00+02:00</sln:powIIPWersja><sln:powIdTeryt>1205</sln:powIdTeryt><sln:powNazwa>gorlicki</sln:powNazwa><sln:waznyOd>2016-06-07T00:00:00+02:00</sln:waznyOd><sln:wojIIPId>dd2e3c64-f861-47cf-a3a3-e7751f272b2f</sln:wojIIPId><sln:wojIIPPn>PL.PZGIK.200</sln:wojIIPPn><sln:wojIIPWersja>2017-10-10T00:00:00+02:00</sln:wojIIPWersja><sln:wojIdTeryt>12</sln:wojIdTeryt><sln:wojNazwa>małopolskie</sln:wojNazwa></sln:miejscowosc><sln:miejscowosc><sln:cyklZyciaDo>2017-04-18T00:00:00+02:00</sln:cyklZyciaDo><sln:cyklZyciaOd>2016-08-24T00:00:00+02:00</sln:cyklZyciaOd><sln:gmIIPId>52d936f7-7a43-4896-b74c-8fad817195ee</sln:gmIIPId><sln:gmIIPPn>PL.PZGIK.200</sln:gmIIPPn><sln:gmIIPWersja>2017-10-10T00:00:00+02:00</sln:gmIIPWersja><sln:gmIdTeryt>1205092</sln:gmIdTeryt><sln:gmNazwa>Sękowa</sln:gmNazwa><sln:miejscIIPId>d047b655-1529-42be-a963-c94fdfffe0dd</sln:miejscIIPId><sln:miejscIIPPn>PL.PZGIK.200</sln:miejscIIPPn><sln:miejscIIPWersja>2016-11-24T10:25:57+02:00</sln:miejscIIPWersja><sln:miejscIdTeryt>0465236</sln:miejscIdTeryt><sln:miejscNazwa>Wapienne</sln:miejscNazwa><sln:miejscRodzaj>Wieś</sln:miejscRodzaj><sln:powIIPId>5b376d4f-e6fb-48f4-9302-a9b0a6cc2aeb</sln:powIIPId><sln:powIIPPn>PL.PZGIK.200</sln:powIIPPn><sln:powIIPWersja>2017-10-10T00:00:00+02:00</sln:powIIPWersja><sln:powIdTeryt>1205</sln:powIdTeryt><sln:powNazwa>gorlicki</sln:powNazwa><sln:waznyOd>2016-06-07T00:00:00+02:00</sln:waznyOd><sln:wojIIPId>dd2e3c64-f861-47cf-a3a3-e7751f272b2f</sln:wojIIPId><sln:wojIIPPn>PL.PZGIK.200</sln:wojIIPPn><sln:wojIIPWersja>2017-10-10T00:00:00+02:00</sln:wojIIPWersja><sln:wojIdTeryt>12</sln:wojIdTeryt><sln:wojNazwa>małopolskie</sln:wojNazwa></sln:miejscowosc><sln:miejscowosc><sln:cyklZyciaDo>2017-04-18T00:00:00+02:00</sln:cyklZyciaDo><sln:cyklZyciaOd>2016-08-24T00:00:00+02:00</sln:cyklZyciaOd><sln:gmIIPId>52d936f7-7a43-4896-b74c-8fad817195ee</sln:gmIIPId><sln:gmIIPPn>PL.PZGIK.200</sln:gmIIPPn><sln:gmIIPWersja>2017-10-10T00:00:00+02:00</sln:gmIIPWersja><sln:gmIdTeryt>1205092</sln:gmIdTeryt><sln:gmNazwa>Sękowa</sln:gmNazwa><sln:miejscIIPId>f8b132ff-9cf5-4438-a2eb-ab5748aff777</sln:miejscIIPId><sln:miejscIIPPn>PL.PZGIK.200</sln:miejscIIPPn><sln:miejscIIPWersja>2016-11-24T10:25:57+02:00</sln:miejscIIPWersja><sln:miejscIdTeryt>0465265</sln:miejscIdTeryt><sln:miejscNazwa>Wołowiec</sln:miejscNazwa><sln:miejscRodzaj>Wieś</sln:miejscRodzaj><sln:powIIPId>5b376d4f-e6fb-48f4-9302-a9b0a6cc2aeb</sln:powIIPId><sln:powIIPPn>PL.PZGIK.200</sln:powIIPPn><sln:powIIPWersja>2017-10-10T00:00:00+02:00</sln:powIIPWersja><sln:powIdTeryt>1205</sln:powIdTeryt><sln:powNazwa>gorlicki</sln:powNazwa><sln:waznyOd>2016-06-07T00:00:00+02:00</sln:waznyOd><sln:wojIIPId>dd2e3c64-f861-47cf-a3a3-e7751f272b2f</sln:wojIIPId><sln:wojIIPPn>PL.PZGIK.200</sln:wojIIPPn><sln:wojIIPWersja>2017-10-10T00:00:00+02:00</sln:wojIIPWersja><sln:wojIdTeryt>12</sln:wojIdTeryt><sln:wojNazwa>małopolskie</sln:wojNazwa></sln:miejscowosc><sln:miejscowosc><sln:cyklZyciaOd>2017-04-18T00:00:00+02:00</sln:cyklZyciaOd><sln:gmIIPId>52d936f7-7a43-4896-b74c-8fad817195ee</sln:gmIIPId><sln:gmIIPPn>PL.PZGIK.200</sln:gmIIPPn><sln:gmIIPWersja>2017-10-10T00:00:00+02:00</sln:gmIIPWersja><sln:gmIdTeryt>1205092</sln:gmIdTeryt><sln:gmNazwa>Sękowa</sln:gmNazwa><sln:miejscIIPId>97025ac3-31fc-4ada-96c0-ead239f30707</sln:miejscIIPId><sln:miejscIIPPn>PL.PZGIK.200</sln:miejscIIPPn><sln:miejscIIPWersja>2017-04-18T17:36:50+02:00</sln:miejscIIPWersja><sln:miejscIdTeryt>0464739</sln:miejscIdTeryt><sln:miejscNazwa>Bartne</sln:miejscNazwa><sln:miejscRodzaj>Wieś</sln:miejscRodzaj><sln:powIIPId>5b376d4f-e6fb-48f4-9302-a9b0a6cc2aeb</sln:powIIPId><sln:powIIPPn>PL.PZGIK.200</sln:powIIPPn><sln:powIIPWersja>2017-10-10T00:00:00+02:00</sln:powIIPWersja><sln:powIdTeryt>1205</sln:powIdTeryt><sln:powNazwa>gorlicki</sln:powNazwa><sln:waznyOd>2016-06-07T00:00:00+02:00</sln:waznyOd><sln:wojIIPId>dd2e3c64-f861-47cf-a3a3-e7751f272b2f</sln:wojIIPId><sln:wojIIPPn>PL.PZGIK.200</sln:wojIIPPn><sln:wojIIPWersja>2017-10-10T00:00:00+02:00</sln:wojIIPWersja><sln:wojIdTeryt>12</sln:wojIdTeryt><sln:wojNazwa>małopolskie</sln:wojNazwa></sln:miejscowosc><sln:miejscowosc><sln:cyklZyciaOd>2017-04-18T00:00:00+02:00</sln:cyklZyciaOd><sln:gmIIPId>52d936f7-7a43-4896-b74c-8fad817195ee</sln:gmIIPId><sln:gmIIPPn>PL.PZGIK.200</sln:gmIIPPn><sln:gmIIPWersja>2017-10-10T00:00:00+02:00</sln:gmIIPWersja><sln:gmIdTeryt>1205092</sln:gmIdTeryt><sln:gmNazwa>Sękowa</sln:gmNazwa><sln:miejscIIPId>0663a691-d0c5-4e82-ae39-40afd5e9468d</sln:miejscIIPId><sln:miejscIIPPn>PL.PZGIK.200</sln:miejscIIPPn><sln:miejscIIPWersja>2017-04-18T17:36:57+02:00</sln:miejscIIPWersja><sln:miejscIdTeryt>0464745</sln:miejscIdTeryt><sln:miejscNazwa>Bodaki</sln:miejscNazwa><sln:miejscRodzaj>Wieś</sln:miejscRodzaj><sln:powIIPId>5b376d4f-e6fb-48f4-9302-a9b0a6cc2aeb</sln:powIIPId><sln:powIIPPn>PL.PZGIK.200</sln:powIIPPn><sln:powIIPWersja>2017-10-10T00:00:00+02:00</sln:powIIPWersja><sln:powIdTeryt>1205</sln:powIdTeryt><sln:powNazwa>gorlicki</sln:powNazwa><sln:waznyOd>2016-06-07T00:00:00+02:00</sln:waznyOd><sln:wojIIPId>dd2e3c64-f861-47cf-a3a3-e7751f272b2f</sln:wojIIPId><sln:wojIIPPn>PL.PZGIK.200</sln:wojIIPPn><sln:wojIIPWersja>2017-10-10T00:00:00+02:00</sln:wojIIPWersja><sln:wojIdTeryt>12</sln:wojIdTeryt><sln:wojNazwa>małopolskie</sln:wojNazwa></sln:miejscowosc><sln:miejscowosc><sln:cyklZyciaOd>2017-04-18T00:00:00+02:00</sln:cyklZyciaOd><sln:gmIIPId>52d936f7-7a43-4896-b74c-8fad817195ee</sln:gmIIPId><sln:gmIIPPn>PL.PZGIK.200</sln:gmIIPPn><sln:gmIIPWersja>2017-10-10T00:00:00+02:00</sln:gmIIPWersja><sln:gmIdTeryt>1205092</sln:gmIdTeryt><sln:gmNazwa>Sękowa</sln:gmNazwa><sln:miejscIIPId>e3354097-69cf-4951-b286-2b503f4864fd</sln:miejscIIPId><sln:miejscIIPPn>PL.PZGIK.200</sln:miejscIIPPn><sln:miejscIIPWersja>2017-04-18T17:36:58+02:00</sln:miejscIIPWersja><sln:miejscIdTeryt>0464774</sln:miejscIdTeryt><sln:miejscNazwa>Czarne</sln:miejscNazwa><sln:miejscRodzaj>Wieś</sln:miejscRodzaj><sln:powIIPId>5b376d4f-e6fb-48f4-9302-a9b0a6cc2aeb</sln:powIIPId><sln:powIIPPn>PL.PZGIK.200</sln:powIIPPn><sln:powIIPWersja>2017-10-10T00:00:00+02:00</sln:powIIPWersja><sln:powIdTeryt>1205</sln:powIdTeryt><sln:powNazwa>gorlicki</sln:powNazwa><sln:waznyOd>2016-06-07T00:00:00+02:00</sln:waznyOd><sln:wojIIPId>dd2e3c64-f861-47cf-a3a3-e7751f272b2f</sln:wojIIPId><sln:wojIIPPn>PL.PZGIK.200</sln:wojIIPPn><sln:wojIIPWersja>2017-10-10T00:00:00+02:00</sln:wojIIPWersja><sln:wojIdTeryt>12</sln:wojIdTeryt><sln:wojNazwa>małopolskie</sln:wojNazwa></sln:miejscowosc><sln:miejscowosc><sln:cyklZyciaOd>2017-04-18T00:00:00+02:00</sln:cyklZyciaOd><sln:gmIIPId>52d936f7-7a43-4896-b74c-8fad817195ee</sln:gmIIPId><sln:gmIIPPn>PL.PZGIK.200</sln:gmIIPPn><sln:gmIIPWersja>2017-10-10T00:00:00+02:00</sln:gmIIPWersja><sln:gmIdTeryt>1205092</sln:gmIdTeryt><sln:gmNazwa>Sękowa</sln:gmNazwa><sln:miejscIIPId>740fecfc-c762-4dea-bf68-d68f72659a3c</sln:miejscIIPId><sln:miejscIIPPn>PL.PZGIK.200</sln:miejscIIPPn><sln:miejscIIPWersja>2017-04-18T17:36:58+02:00</sln:miejscIIPWersja><sln:miejscIdTeryt>0464797</sln:miejscIdTeryt><sln:miejscNazwa>Krzywa</sln:miejscNazwa><sln:miejscRodzaj>Wieś</sln:miejscRodzaj><sln:powIIPId>5b376d4f-e6fb-48f4-9302-a9b0a6cc2aeb</sln:powIIPId><sln:powIIPPn>PL.PZGIK.200</sln:powIIPPn><sln:powIIPWersja>2017-10-10T00:00:00+02:00</sln:powIIPWersja><sln:powIdTeryt>1205</sln:powIdTeryt><sln:powNazwa>gorlicki</sln:powNazwa><sln:waznyOd>2016-06-07T00:00:00+02:00</sln:waznyOd><sln:wojIIPId>dd2e3c64-f861-47cf-a3a3-e7751f272b2f</sln:wojIIPId><sln:wojIIPPn>PL.PZGIK.200</sln:wojIIPPn><sln:wojIIPWersja>2017-10-10T00:00:00+02:00</sln:wojIIPWersja><sln:wojIdTeryt>12</sln:wojIdTeryt><sln:wojNazwa>małopolskie</sln:wojNazwa></sln:miejscowosc><sln:miejscowosc><sln:cyklZyciaOd>2017-04-18T00:00:00+02:00</sln:cyklZyciaOd><sln:gmIIPId>52d936f7-7a43-4896-b74c-8fad817195ee</sln:gmIIPId><sln:gmIIPPn>PL.PZGIK.200</sln:gmIIPPn><sln:gmIIPWersja>2017-10-10T00:00:00+02:00</sln:gmIIPWersja><sln:gmIdTeryt>1205092</sln:gmIdTeryt><sln:gmNazwa>Sękowa</sln:gmNazwa><sln:miejscIIPId>8cd3c03c-7d45-48d1-a652-ca71a75263a1</sln:miejscIIPId><sln:miejscIIPPn>PL.PZGIK.200</sln:miejscIIPPn><sln:miejscIIPWersja>2017-04-18T17:36:58+02:00</sln:miejscIIPWersja><sln:miejscIdTeryt>0464811</sln:miejscIdTeryt><sln:miejscNazwa>Małastów</sln:miejscNazwa><sln:miejscRodzaj>Wieś</sln:miejscRodzaj><sln:powIIPId>5b376d4f-e6fb-48f4-9302-a9b0a6cc2aeb</sln:powIIPId><sln:powIIPPn>PL.PZGIK.200</sln:powIIPPn><sln:powIIPWersja>2017-10-10T00:00:00+02:00</sln:powIIPWersja><sln:powIdTeryt>1205</sln:powIdTeryt><sln:powNazwa>gorlicki</sln:powNazwa><sln:waznyOd>2016-06-07T00:00:00+02:00</sln:waznyOd><sln:wojIIPId>dd2e3c64-f861-47cf-a3a3-e7751f272b2f</sln:wojIIPId><sln:wojIIPPn>PL.PZGIK.200</sln:wojIIPPn><sln:wojIIPWersja>2017-10-10T00:00:00+02:00</sln:wojIIPWersja><sln:wojIdTeryt>12</sln:wojIdTeryt><sln:wojNazwa>małopolskie</sln:wojNazwa></sln:miejscowosc><sln:miejscowosc><sln:cyklZyciaOd>2017-04-18T00:00:00+02:00</sln:cyklZyciaOd><sln:gmIIPId>52d936f7-7a43-4896-b74c-8fad817195ee</sln:gmIIPId><sln:gmIIPPn>PL.PZGIK.200</sln:gmIIPPn><sln:gmIIPWersja>2017-10-10T00:00:00+02:00</sln:gmIIPWersja><sln:gmIdTeryt>1205092</sln:gmIdTeryt><sln:gmNazwa>Sękowa</sln:gmNazwa><sln:miejscIIPId>98af55a7-053f-490a-aca8-0e5dc118efa9</sln:miejscIIPId><sln:miejscIIPPn>PL.PZGIK.200</sln:miejscIIPPn><sln:miejscIIPWersja>2017-04-18T17:36:58+02:00</sln:miejscIIPWersja><sln:miejscIdTeryt>0464834</sln:miejscIdTeryt><sln:miejscNazwa>Męcina Mała</sln:miejscNazwa><sln:miejscRodzaj>Wieś</sln:miejscRodzaj><sln:powIIPId>5b376d4f-e6fb-48f4-9302-a9b0a6cc2aeb</sln:powIIPId><sln:powIIPPn>PL.PZGIK.200</sln:powIIPPn><sln:powIIPWersja>2017-10-10T00:00:00+02:00</sln:powIIPWersja><sln:powIdTeryt>1205</sln:powIdTeryt><sln:powNazwa>gorlicki</sln:powNazwa><sln:waznyOd>2016-06-07T00:00:00+02:00</sln:waznyOd><sln:wojIIPId>dd2e3c64-f861-47cf-a3a3-e7751f272b2f</sln:wojIIPId><sln:wojIIPPn>PL.PZGIK.200</sln:wojIIPPn><sln:wojIIPWersja>2017-10-10T00:00:00+02:00</sln:wojIIPWersja><sln:wojIdTeryt>12</sln:wojIdTeryt><sln:wojNazwa>małopolskie</sln:wojNazwa></sln:miejscowosc><sln:miejscowosc><sln:cyklZyciaOd>2017-04-18T00:00:00+02:00</sln:cyklZyciaOd><sln:gmIIPId>52d936f7-7a43-4896-b74c-8fad817195ee</sln:gmIIPId><sln:gmIIPPn>PL.PZGIK.200</sln:gmIIPPn><sln:gmIIPWersja>2017-10-10T00:00:00+02:00</sln:gmIIPWersja><sln:gmIdTeryt>1205092</sln:gmIdTeryt><sln:gmNazwa>Sękowa</sln:gmNazwa><sln:miejscIIPId>ef41fe59-b85d-4a22-b1c0-8c20d73553fd</sln:miejscIIPId><sln:miejscIIPPn>PL.PZGIK.200</sln:miejscIIPPn><sln:miejscIIPWersja>2017-04-18T17:36:58+02:00</sln:miejscIIPWersja><sln:miejscIdTeryt>0464930</sln:miejscIdTeryt><sln:miejscNazwa>Męcina Wielka</sln:miejscNazwa><sln:miejscRodzaj>Wieś</sln:miejscRodzaj><sln:powIIPId>5b376d4f-e6fb-48f4-9302-a9b0a6cc2aeb</sln:powIIPId><sln:powIIPPn>PL.PZGIK.200</sln:powIIPPn><sln:powIIPWersja>2017-10-10T00:00:00+02:00</sln:powIIPWersja><sln:powIdTeryt>1205</sln:powIdTeryt><sln:powNazwa>gorlicki</sln:powNazwa><sln:waznyOd>2016-06-07T00:00:00+02:00</sln:waznyOd><sln:wojIIPId>dd2e3c64-f861-47cf-a3a3-e7751f272b2f</sln:wojIIPId><sln:wojIIPPn>PL.PZGIK.200</sln:wojIIPPn><sln:wojIIPWersja>2017-10-10T00:00:00+02:00</sln:wojIIPWersja><sln:wojIdTeryt>12</sln:wojIdTeryt><sln:wojNazwa>małopolskie</sln:wojNazwa></sln:miejscowosc><sln:miejscowosc><sln:cyklZyciaOd>2017-04-18T00:00:00+02:00</sln:cyklZyciaOd><sln:gmIIPId>52d936f7-7a43-4896-b74c-8fad817195ee</sln:gmIIPId><sln:gmIIPPn>PL.PZGIK.200</sln:gmIIPPn><sln:gmIIPWersja>2017-10-10T00:00:00+02:00</sln:gmIIPWersja><sln:gmIdTeryt>1205092</sln:gmIdTeryt><sln:gmNazwa>Sękowa</sln:gmNazwa><sln:miejscIIPId>ecbfc7b6-5074-46fd-bd16-eea6b8bb3f52</sln:miejscIIPId><sln:miejscIIPPn>PL.PZGIK.200</sln:miejscIIPPn><sln:miejscIIPWersja>2017-04-18T17:36:58+02:00</sln:miejscIIPWersja><sln:miejscIdTeryt>0464946</sln:miejscIdTeryt><sln:miejscNazwa>Owczary</sln:miejscNazwa><sln:miejscRodzaj>Wieś</sln:miejscRodzaj><sln:powIIPId>5b376d4f-e6fb-48f4-9302-a9b0a6cc2aeb</sln:powIIPId><sln:powIIPPn>PL.PZGIK.200</sln:powIIPPn><sln:powIIPWersja>2017-10-10T00:00:00+02:00</sln:powIIPWersja><sln:powIdTeryt>1205</sln:powIdTeryt><sln:powNazwa>gorlicki</sln:powNazwa><sln:waznyOd>2016-06-07T00:00:00+02:00</sln:waznyOd><sln:wojIIPId>dd2e3c64-f861-47cf-a3a3-e7751f272b2f</sln:wojIIPId><sln:wojIIPPn>PL.PZGIK.200</sln:wojIIPPn><sln:wojIIPWersja>2017-10-10T00:00:00+02:00</sln:wojIIPWersja><sln:wojIdTeryt>12</sln:wojIdTeryt><sln:wojNazwa>małopolskie</sln:wojNazwa></sln:miejscowosc><sln:miejscowosc><sln:cyklZyciaOd>2017-04-18T00:00:00+02:00</sln:cyklZyciaOd><sln:gmIIPId>52d936f7-7a43-4896-b74c-8fad817195ee</sln:gmIIPId><sln:gmIIPPn>PL.PZGIK.200</sln:gmIIPPn><sln:gmIIPWersja>2017-10-10T00:00:00+02:00</sln:gmIIPWersja><sln:gmIdTeryt>1205092</sln:gmIdTeryt><sln:gmNazwa>Sękowa</sln:gmNazwa><sln:miejscIIPId>13bb83a1-3807-4853-9691-bacc907bf6d6</sln:miejscIIPId><sln:miejscIIPPn>PL.PZGIK.200</sln:miejscIIPPn><sln:miejscIIPWersja>2017-04-18T17:36:58+02:00</sln:miejscIIPWersja><sln:miejscIdTeryt>0464981</sln:miejscIdTeryt><sln:miejscNazwa>Radocyna</sln:miejscNazwa><sln:miejscRodzaj>Wieś</sln:miejscRodzaj><sln:powIIPId>5b376d4f-e6fb-48f4-9302-a9b0a6cc2aeb</sln:powIIPId><sln:powIIPPn>PL.PZGIK.200</sln:powIIPPn><sln:powIIPWersja>2017-10-10T00:00:00+02:00</sln:powIIPWersja><sln:powIdTeryt>1205</sln:powIdTeryt><sln:powNazwa>gorlicki</sln:powNazwa><sln:waznyOd>2016-06-07T00:00:00+02:00</sln:waznyOd><sln:wojIIPId>dd2e3c64-f861-47cf-a3a3-e7751f272b2f</sln:wojIIPId><sln:wojIIPPn>PL.PZGIK.200</sln:wojIIPPn><sln:wojIIPWersja>2017-10-10T00:00:00+02:00</sln:wojIIPWersja><sln:wojIdTeryt>12</sln:wojIdTeryt><sln:wojNazwa>małopolskie</sln:wojNazwa></sln:miejscowosc><sln:miejscowosc><sln:cyklZyciaOd>2017-04-18T00:00:00+02:00</sln:cyklZyciaOd><sln:gmIIPId>52d936f7-7a43-4896-b74c-8fad817195ee</sln:gmIIPId><sln:gmIIPPn>PL.PZGIK.200</sln:gmIIPPn><sln:gmIIPWersja>2017-10-10T00:00:00+02:00</sln:gmIIPWersja><sln:gmIdTeryt>1205092</sln:gmIdTeryt><sln:gmNazwa>Sękowa</sln:gmNazwa><sln:miejscIIPId>cadf712b-aa63-4179-a6f7-ad0c6405c87f</sln:miejscIIPId><sln:miejscIIPPn>PL.PZGIK.200</sln:miejscIIPPn><sln:miejscIIPWersja>2017-04-18T17:36:58+02:00</sln:miejscIIPWersja><sln:miejscIdTeryt>0464998</sln:miejscIdTeryt><sln:miejscNazwa>Ropica Górna</sln:miejscNazwa><sln:miejscRodzaj>Wieś</sln:miejscRodzaj><sln:powIIPId>5b376d4f-e6fb-48f4-9302-a9b0a6cc2aeb</sln:powIIPId><sln:powIIPPn>PL.PZGIK.200</sln:powIIPPn><sln:powIIPWersja>2017-10-10T00:00:00+02:00</sln:powIIPWersja><sln:powIdTeryt>1205</sln:powIdTeryt><sln:powNazwa>gorlicki</sln:powNazwa><sln:waznyOd>2016-06-07T00:00:00+02:00</sln:waznyOd><sln:wojIIPId>dd2e3c64-f861-47cf-a3a3-e7751f272b2f</sln:wojIIPId><sln:wojIIPPn>PL.PZGIK.200</sln:wojIIPPn><sln:wojIIPWersja>2017-10-10T00:00:00+02:00</sln:wojIIPWersja><sln:wojIdTeryt>12</sln:wojIdTeryt><sln:wojNazwa>małopolskie</sln:wojNazwa></sln:miejscowosc><sln:miejscowosc><sln:cyklZyciaOd>2017-04-18T00:00:00+02:00</sln:cyklZyciaOd><sln:gmIIPId>52d936f7-7a43-4896-b74c-8fad817195ee</sln:gmIIPId><sln:gmIIPPn>PL.PZGIK.200</sln:gmIIPPn><sln:gmIIPWersja>2017-10-10T00:00:00+02:00</sln:gmIIPWersja><sln:gmIdTeryt>1205092</sln:gmIdTeryt><sln:gmNazwa>Sękowa</sln:gmNazwa><sln:miejscIIPId>fbee55e3-7f43-41e5-aaa6-2e750a5201e0</sln:miejscIIPId><sln:miejscIIPPn>PL.PZGIK.200</sln:miejscIIPPn><sln:miejscIIPWersja>2017-04-18T17:36:58+02:00</sln:miejscIIPWersja><sln:miejscIdTeryt>0465029</sln:miejscIdTeryt><sln:miejscNazwa>Sękowa</sln:miejscNazwa><sln:miejscRodzaj>Wieś</sln:miejscRodzaj><sln:powIIPId>5b376d4f-e6fb-48f4-9302-a9b0a6cc2aeb</sln:powIIPId><sln:powIIPPn>PL.PZGIK.200</sln:powIIPPn><sln:powIIPWersja>2017-10-10T00:00:00+02:00</sln:powIIPWersja><sln:powIdTeryt>1205</sln:powIdTeryt><sln:powNazwa>gorlicki</sln:powNazwa><sln:waznyOd>2016-06-07T00:00:00+02:00</sln:waznyOd><sln:wojIIPId>dd2e3c64-f861-47cf-a3a3-e7751f272b2f</sln:wojIIPId><sln:wojIIPPn>PL.PZGIK.200</sln:wojIIPPn><sln:wojIIPWersja>2017-10-10T00:00:00+02:00</sln:wojIIPWersja><sln:wojIdTeryt>12</sln:wojIdTeryt><sln:wojNazwa>małopolskie</sln:wojNazwa></sln:miejscowosc><sln:miejscowosc><sln:cyklZyciaOd>2017-04-18T00:00:00+02:00</sln:cyklZyciaOd><sln:gmIIPId>52d936f7-7a43-4896-b74c-8fad817195ee</sln:gmIIPId><sln:gmIIPPn>PL.PZGIK.200</sln:gmIIPPn><sln:gmIIPWersja>2017-10-10T00:00:00+02:00</sln:gmIIPWersja><sln:gmIdTeryt>1205092</sln:gmIdTeryt><sln:gmNazwa>Sękowa</sln:gmNazwa><sln:miejscIIPId>344ee56d-27f5-4560-92d4-4978ef117e49</sln:miejscIIPId><sln:miejscIIPPn>PL.PZGIK.200</sln:miejscIIPPn><sln:miejscIIPWersja>2017-04-18T17:36:58+02:00</sln:miejscIIPWersja><sln:miejscIdTeryt>0465124</sln:miejscIdTeryt><sln:miejscNazwa>Siary</sln:miejscNazwa><sln:miejscRodzaj>Wieś</sln:miejscRodzaj><sln:powIIPId>5b376d4f-e6fb-48f4-9302-a9b0a6cc2aeb</sln:powIIPId><sln:powIIPPn>PL.PZGIK.200</sln:powIIPPn><sln:powIIPWersja>2017-10-10T00:00:00+02:00</sln:powIIPWersja><sln:powIdTeryt>1205</sln:powIdTeryt><sln:powNazwa>gorlicki</sln:powNazwa><sln:waznyOd>2016-06-07T00:00:00+02:00</sln:waznyOd><sln:wojIIPId>dd2e3c64-f861-47cf-a3a3-e7751f272b2f</sln:wojIIPId><sln:wojIIPPn>PL.PZGIK.200</sln:wojIIPPn><sln:wojIIPWersja>2017-10-10T00:00:00+02:00</sln:wojIIPWersja><sln:wojIdTeryt>12</sln:wojIdTeryt><sln:wojNazwa>małopolskie</sln:wojNazwa></sln:miejscowosc><sln:miejscowosc><sln:cyklZyciaOd>2017-04-18T00:00:00+02:00</sln:cyklZyciaOd><sln:gmIIPId>52d936f7-7a43-4896-b74c-8fad817195ee</sln:gmIIPId><sln:gmIIPPn>PL.PZGIK.200</sln:gmIIPPn><sln:gmIIPWersja>2017-10-10T00:00:00+02:00</sln:gmIIPWersja><sln:gmIdTeryt>1205092</sln:gmIdTeryt><sln:gmNazwa>Sękowa</sln:gmNazwa><sln:miejscIIPId>d047b655-1529-42be-a963-c94fdfffe0dd</sln:miejscIIPId><sln:miejscIIPPn>PL.PZGIK.200</sln:miejscIIPPn><sln:miejscIIPWersja>2017-04-18T17:36:58+02:00</sln:miejscIIPWersja><sln:miejscIdTeryt>0465236</sln:miejscIdTeryt><sln:miejscNazwa>Wapienne</sln:miejscNazwa><sln:miejscRodzaj>Wieś</sln:miejscRodzaj><sln:powIIPId>5b376d4f-e6fb-48f4-9302-a9b0a6cc2aeb</sln:powIIPId><sln:powIIPPn>PL.PZGIK.200</sln:powIIPPn><sln:powIIPWersja>2017-10-10T00:00:00+02:00</sln:powIIPWersja><sln:powIdTeryt>1205</sln:powIdTeryt><sln:powNazwa>gorlicki</sln:powNazwa><sln:waznyOd>2016-06-07T00:00:00+02:00</sln:waznyOd><sln:wojIIPId>dd2e3c64-f861-47cf-a3a3-e7751f272b2f</sln:wojIIPId><sln:wojIIPPn>PL.PZGIK.200</sln:wojIIPPn><sln:wojIIPWersja>2017-10-10T00:00:00+02:00</sln:wojIIPWersja><sln:wojIdTeryt>12</sln:wojIdTeryt><sln:wojNazwa>małopolskie</sln:wojNazwa></sln:miejscowosc><sln:miejscowosc><sln:cyklZyciaOd>2017-04-18T00:00:00+02:00</sln:cyklZyciaOd><sln:gmIIPId>52d936f7-7a43-4896-b74c-8fad817195ee</sln:gmIIPId><sln:gmIIPPn>PL.PZGIK.200</sln:gmIIPPn><sln:gmIIPWersja>2017-10-10T00:00:00+02:00</sln:gmIIPWersja><sln:gmIdTeryt>1205092</sln:gmIdTeryt><sln:gmNazwa>Sękowa</sln:gmNazwa><sln:miejscIIPId>f8b132ff-9cf5-4438-a2eb-ab5748aff777</sln:miejscIIPId><sln:miejscIIPPn>PL.PZGIK.200</sln:miejscIIPPn><sln:miejscIIPWersja>2017-04-18T17:36:59+02:00</sln:miejscIIPWersja><sln:miejscIdTeryt>0465265</sln:miejscIdTeryt><sln:miejscNazwa>Wołowiec</sln:miejscNazwa><sln:miejscRodzaj>Wieś</sln:miejscRodzaj><sln:powIIPId>5b376d4f-e6fb-48f4-9302-a9b0a6cc2aeb</sln:powIIPId><sln:powIIPPn>PL.PZGIK.200</sln:powIIPPn><sln:powIIPWersja>2017-10-10T00:00:00+02:00</sln:powIIPWersja><sln:powIdTeryt>1205</sln:powIdTeryt><sln:powNazwa>gorlicki</sln:powNazwa><sln:waznyOd>2016-06-07T00:00:00+02:00</sln:waznyOd><sln:wojIIPId>dd2e3c64-f861-47cf-a3a3-e7751f272b2f</sln:wojIIPId><sln:wojIIPPn>PL.PZGIK.200</sln:wojIIPPn><sln:wojIIPWersja>2017-10-10T00:00:00+02:00</sln:wojIIPWersja><sln:wojIdTeryt>12</sln:wojIdTeryt><sln:wojNazwa>małopolskie</sln:wojNazwa></sln:miejscowosc><sln:miejscowosc><sln:cyklZyciaOd>2017-04-18T00:00:00+02:00</sln:cyklZyciaOd><sln:gmIIPId>52d936f7-7a43-4896-b74c-8fad817195ee</sln:gmIIPId><sln:gmIIPPn>PL.PZGIK.200</sln:gmIIPPn><sln:gmIIPWersja>2017-10-10T00:00:00+02:00</sln:gmIIPWersja><sln:gmIdTeryt>1205092</sln:gmIdTeryt><sln:gmNazwa>Sękowa</sln:gmNazwa><sln:miejscIIPId>9f06c72a-564f-41ba-8020-11e64ed55049</sln:miejscIIPId><sln:miejscIIPPn>PL.PZGIK.200</sln:miejscIIPPn><sln:miejscIIPWersja>2017-04-18T17:36:59+02:00</sln:miejscIIPWersja><sln:miejscIdTeryt>1049209</sln:miejscIdTeryt><sln:miejscNazwa>Nieznajowa</sln:miejscNazwa><sln:miejscRodzaj>Wieś</sln:miejscRodzaj><sln:powIIPId>5b376d4f-e6fb-48f4-9302-a9b0a6cc2aeb</sln:powIIPId><sln:powIIPPn>PL.PZGIK.200</sln:powIIPPn><sln:powIIPWersja>2017-10-10T00:00:00+02:00</sln:powIIPWersja><sln:powIdTeryt>1205</sln:powIdTeryt><sln:powNazwa>gorlicki</sln:powNazwa><sln:waznyOd>2016-06-07T00:00:00+02:00</sln:waznyOd><sln:wojIIPId>dd2e3c64-f861-47cf-a3a3-e7751f272b2f</sln:wojIIPId><sln:wojIIPPn>PL.PZGIK.200</sln:wojIIPPn><sln:wojIIPWersja>2017-10-10T00:00:00+02:00</sln:wojIIPWersja><sln:wojIdTeryt>12</sln:wojIdTeryt><sln:wojNazwa>małopolskie</sln:wojNazwa></sln:miejscowosc></sln:lista-miejscowosci>