<?xml version="1.0" encoding="UTF-8" standalone="yes"?><sln:lista-miejscowosci xmlns:srv="http://gugik.gov.pl/schemas/slowniki-service/1.0" xmlns:sln="http://gugik.gov.pl/schemas/slowniki-schema/1.0"><sln:miejscowosc><sln:cyklZyciaDo>2017-04-18T00:00:00+02:00</sln:cyklZyciaDo><sln:cyklZyciaOd>2015-08-07T00:00:00+02:00</sln:cyklZyciaOd><sln:gmIIPId>4d4f09d1-84e3-4424-9e84-8e89a4fdfccb</sln:gmIIPId><sln:gmIIPPn>PL.PZGIK.200</sln:gmIIPPn><sln:gmIIPWersja>2012-09-26T22:09:02+02:00</sln:gmIIPWersja><sln:gmIdTeryt>1205072</sln:gmIdTeryt><sln:gmNazwa>Moszczenica</sln:gmNazwa><sln:miejscIIPId>21a4c2a1-439b-4f42-9f8a-8321dd9c125e</sln:miejscIIPId><sln:miejscIIPPn>PL.PZGIK.200</sln:miejscIIPPn><sln:miejscIIPWersja>2016-11-24T10:25:57+02:00</sln:miejscIIPWersja><sln:miejscIdTeryt>0450230</sln:miejscIdTeryt><sln:miejscNazwa>Moszczenica</sln:miejscNazwa><sln:miejscRodzaj>Wieś</sln:miejscRodzaj><sln:powIIPId>5b376d4f-e6fb-48f4-9302-a9b0a6cc2aeb</sln:powIIPId><sln:powIIPPn>PL.PZGIK.200</sln:powIIPPn><sln:powIIPWersja>2017-10-10T00:00:00+02:00</sln:powIIPWersja><sln:powIdTeryt>1205</sln:powIdTeryt><sln:powNazwa>gorlicki</sln:powNazwa><sln:waznyOd>2014-12-05T00:00:00+01:00</sln:waznyOd><sln:wojIIPId>dd2e3c64-f861-47cf-a3a3-e7751f272b2f</sln:wojIIPId><sln:wojIIPPn>PL.PZGIK.200</sln:wojIIPPn><sln:wojIIPWersja>2017-10-10T00:00:00+02:00</sln:wojIIPWersja><sln:wojIdTeryt>12</sln:wojIdTeryt><sln:wojNazwa>małopolskie</sln:wojNazwa></sln:miejscowosc><sln:miejscowosc><sln:cyklZyciaDo>2017-04-18T00:00:00+02:00</sln:cyklZyciaDo><sln:cyklZyciaOd>2015-08-07T00:00:00+02:00</sln:cyklZyciaOd><sln:gmIIPId>4d4f09d1-84e3-4424-9e84-8e89a4fdfccb</sln:gmIIPId><sln:gmIIPPn>PL.PZGIK.200</sln:gmIIPPn><sln:gmIIPWersja>2012-09-26T22:09:02+02:00</sln:gmIIPWersja><sln:gmIdTeryt>1205072</sln:gmIdTeryt><sln:gmNazwa>Moszczenica</sln:gmNazwa><sln:miejscIIPId>8093376a-5ef1-4bd0-9a2d-fc9e9e4fce37</sln:miejscIIPId><sln:miejscIIPPn>PL.PZGIK.200</sln:miejscIIPPn><sln:miejscIIPWersja>2016-11-24T10:25:57+02:00</sln:miejscIIPWersja><sln:miejscIdTeryt>0450476</sln:miejscIdTeryt><sln:miejscNazwa>Staszkówka</sln:miejscNazwa><sln:miejscRodzaj>Wieś</sln:miejscRodzaj><sln:powIIPId>5b376d4f-e6fb-48f4-9302-a9b0a6cc2aeb</sln:powIIPId><sln:powIIPPn>PL.PZGIK.200</sln:powIIPPn><sln:powIIPWersja>2017-10-10T00:00:00+02:00</sln:powIIPWersja><sln:powIdTeryt>1205</sln:powIdTeryt><sln:powNazwa>gorlicki</sln:powNazwa><sln:waznyOd>2014-12-05T00:00:00+01:00</sln:waznyOd><sln:wojIIPId>dd2e3c64-f861-47cf-a3a3-e7751f272b2f</sln:wojIIPId><sln:wojIIPPn>PL.PZGIK.200</sln:wojIIPPn><sln:wojIIPWersja>2017-10-10T00:00:00+02:00</sln:wojIIPWersja><sln:wojIdTeryt>12</sln:wojIdTeryt><sln:wojNazwa>małopolskie</sln:wojNazwa></sln:miejscowosc><sln:miejscowosc><sln:cyklZyciaOd>2017-04-18T00:00:00+02:00</sln:cyklZyciaOd><sln:gmIIPId>4d4f09d1-84e3-4424-9e84-8e89a4fdfccb</sln:gmIIPId><sln:gmIIPPn>PL.PZGIK.200</sln:gmIIPPn><sln:gmIIPWersja>2012-09-26T22:09:02+02:00</sln:gmIIPWersja><sln:gmIdTeryt>1205072</sln:gmIdTeryt><sln:gmNazwa>Moszczenica</sln:gmNazwa><sln:miejscIIPId>21a4c2a1-439b-4f42-9f8a-8321dd9c125e</sln:miejscIIPId><sln:miejscIIPPn>PL.PZGIK.200</sln:miejscIIPPn><sln:miejscIIPWersja>2017-04-18T17:19:24+02:00</sln:miejscIIPWersja><sln:miejscIdTeryt>0450230</sln:miejscIdTeryt><sln:miejscNazwa>Moszczenica</sln:miejscNazwa><sln:miejscRodzaj>Wieś</sln:miejscRodzaj><sln:powIIPId>5b376d4f-e6fb-48f4-9302-a9b0a6cc2aeb</sln:powIIPId><sln:powIIPPn>PL.PZGIK.200</sln:powIIPPn><sln:powIIPWersja>2017-10-10T00:00:00+02:00</sln:powIIPWersja><sln:powIdTeryt>1205</sln:powIdTeryt><sln:powNazwa>gorlicki</sln:powNazwa><sln:waznyOd>2014-12-05T00:00:00+01:00</sln:waznyOd><sln:wojIIPId>dd2e3c64-f861-47cf-a3a3-e7751f272b2f</sln:wojIIPId><sln:wojIIPPn>PL.PZGIK.200</sln:wojIIPPn><sln:wojIIPWersja>2017-10-10T00:00:00+02:00</sln:wojIIPWersja><sln:wojIdTeryt>12</sln:wojIdTeryt><sln:wojNazwa>małopolskie</sln:wojNazwa></sln:miejscowosc><sln:miejscowosc><sln:cyklZyciaOd>2017-04-18T00:00:00+02:00</sln:cyklZyciaOd><sln:gmIIPId>4d4f09d1-84e3-4424-9e84-8e89a4fdfccb</sln:gmIIPId><sln:gmIIPPn>PL.PZGIK.200</sln:gmIIPPn><sln:gmIIPWersja>2012-09-26T22:09:02+02:00</sln:gmIIPWersja><sln:gmIdTeryt>1205072</sln:gmIdTeryt><sln:gmNazwa>Moszczenica</sln:gmNazwa><sln:miejscIIPId>8093376a-5ef1-4bd0-9a2d-fc9e9e4fce37</sln:miejscIIPId><sln:miejscIIPPn>PL.PZGIK.200</sln:miejscIIPPn><sln:miejscIIPWersja>2017-04-18T17:19:32+02:00</sln:miejscIIPWersja><sln:miejscIdTeryt>0450476</sln:miejscIdTeryt><sln:miejscNazwa>Staszkówka</sln:miejscNazwa><sln:miejscRodzaj>Wieś</sln:miejscRodzaj><sln:powIIPId>5b376d4f-e6fb-48f4-9302-a9b0a6cc2aeb</sln:powIIPId><sln:powIIPPn>PL.PZGIK.200</sln:powIIPPn><sln:powIIPWersja>2017-10-10T00:00:00+02:00</sln:powIIPWersja><sln:powIdTeryt>1205</sln:powIdTeryt><sln:powNazwa>gorlicki</sln:powNazwa><sln:waznyOd>2014-12-05T00:00:00+01:00</sln:waznyOd><sln:wojIIPId>dd2e3c64-f861-47cf-a3a3-e7751f272b2f</sln:wojIIPId><sln:wojIIPPn>PL.PZGIK.200</sln:wojIIPPn><sln:wojIIPWersja>2017-10-10T00:00:00+02:00</sln:wojIIPWersja><sln:wojIdTeryt>12</sln:wojIdTeryt><sln:wojNazwa>małopolskie</sln:wojNazwa></sln:miejscowosc></sln:lista-miejscowosci>