<?xml version="1.0" encoding="UTF-8" standalone="yes"?><sln:lista-miejscowosci xmlns:srv="http://gugik.gov.pl/schemas/slowniki-service/1.0" xmlns:sln="http://gugik.gov.pl/schemas/slowniki-schema/1.0"><sln:miejscowosc><sln:cyklZyciaOd>2014-12-03T00:00:00+01:00</sln:cyklZyciaOd><sln:gmIIPId>c0375e79-62d7-4f5b-8f2f-d8c592cf4a38</sln:gmIIPId><sln:gmIIPPn>PL.PZGIK.200</sln:gmIIPPn><sln:gmIIPWersja>2012-09-26T22:08:55+02:00</sln:gmIIPWersja><sln:gmIdTeryt>1204032</sln:gmIdTeryt><sln:gmNazwa>Gręboszów</sln:gmNazwa><sln:miejscIIPId>0868f35a-9be6-48fa-9fd2-cd9a0de74538</sln:miejscIIPId><sln:miejscIIPPn>PL.PZGIK.200</sln:miejscIIPPn><sln:miejscIIPWersja>2016-11-24T13:59:03+02:00</sln:miejscIIPWersja><sln:miejscIdTeryt>0820097</sln:miejscIdTeryt><sln:miejscNazwa>Zamoście</sln:miejscNazwa><sln:miejscRodzaj>Inny obiekt</sln:miejscRodzaj><sln:powIIPId>2f8e6930-0088-406e-b684-cebb73fc5bd9</sln:powIIPId><sln:powIIPPn>PL.PZGIK.200</sln:powIIPPn><sln:powIIPWersja>2012-09-27T07:52:00+02:00</sln:powIIPWersja><sln:powIdTeryt>1204</sln:powIdTeryt><sln:powNazwa>dąbrowski</sln:powNazwa><sln:wojIIPId>dd2e3c64-f861-47cf-a3a3-e7751f272b2f</sln:wojIIPId><sln:wojIIPPn>PL.PZGIK.200</sln:wojIIPPn><sln:wojIIPWersja>2017-10-10T00:00:00+02:00</sln:wojIIPWersja><sln:wojIdTeryt>12</sln:wojIdTeryt><sln:wojNazwa>małopolskie</sln:wojNazwa></sln:miejscowosc><sln:miejscowosc><sln:cyklZyciaOd>2014-12-03T00:00:00+01:00</sln:cyklZyciaOd><sln:gmIIPId>c0375e79-62d7-4f5b-8f2f-d8c592cf4a38</sln:gmIIPId><sln:gmIIPPn>PL.PZGIK.200</sln:gmIIPPn><sln:gmIIPWersja>2012-09-26T22:08:55+02:00</sln:gmIIPWersja><sln:gmIdTeryt>1204032</sln:gmIdTeryt><sln:gmNazwa>Gręboszów</sln:gmNazwa><sln:miejscIIPId>5d08868b-74fe-4716-a8a5-400875505fd6</sln:miejscIIPId><sln:miejscIIPPn>PL.PZGIK.200</sln:miejscIIPPn><sln:miejscIIPWersja>2016-11-24T13:32:44+02:00</sln:miejscIIPWersja><sln:miejscIdTeryt>0820223</sln:miejscIdTeryt><sln:miejscNazwa>Ujście Jezuickie</sln:miejscNazwa><sln:miejscRodzaj>Wieś</sln:miejscRodzaj><sln:powIIPId>2f8e6930-0088-406e-b684-cebb73fc5bd9</sln:powIIPId><sln:powIIPPn>PL.PZGIK.200</sln:powIIPPn><sln:powIIPWersja>2012-09-27T07:52:00+02:00</sln:powIIPWersja><sln:powIdTeryt>1204</sln:powIdTeryt><sln:powNazwa>dąbrowski</sln:powNazwa><sln:wojIIPId>dd2e3c64-f861-47cf-a3a3-e7751f272b2f</sln:wojIIPId><sln:wojIIPPn>PL.PZGIK.200</sln:wojIIPPn><sln:wojIIPWersja>2017-10-10T00:00:00+02:00</sln:wojIIPWersja><sln:wojIdTeryt>12</sln:wojIdTeryt><sln:wojNazwa>małopolskie</sln:wojNazwa></sln:miejscowosc><sln:miejscowosc><sln:cyklZyciaOd>2014-12-03T00:00:00+01:00</sln:cyklZyciaOd><sln:gmIIPId>c0375e79-62d7-4f5b-8f2f-d8c592cf4a38</sln:gmIIPId><sln:gmIIPPn>PL.PZGIK.200</sln:gmIIPPn><sln:gmIIPWersja>2012-09-26T22:08:55+02:00</sln:gmIIPWersja><sln:gmIdTeryt>1204032</sln:gmIdTeryt><sln:gmNazwa>Gręboszów</sln:gmNazwa><sln:miejscIIPId>fef92911-eac1-4930-ae43-fd659ac871db</sln:miejscIIPId><sln:miejscIIPPn>PL.PZGIK.200</sln:miejscIIPPn><sln:miejscIIPWersja>2016-11-24T13:49:09+02:00</sln:miejscIIPWersja><sln:miejscIdTeryt>0820230</sln:miejscIdTeryt><sln:miejscNazwa>Podokręże</sln:miejscNazwa><sln:miejscRodzaj>Inny obiekt</sln:miejscRodzaj><sln:powIIPId>2f8e6930-0088-406e-b684-cebb73fc5bd9</sln:powIIPId><sln:powIIPPn>PL.PZGIK.200</sln:powIIPPn><sln:powIIPWersja>2012-09-27T07:52:00+02:00</sln:powIIPWersja><sln:powIdTeryt>1204</sln:powIdTeryt><sln:powNazwa>dąbrowski</sln:powNazwa><sln:wojIIPId>dd2e3c64-f861-47cf-a3a3-e7751f272b2f</sln:wojIIPId><sln:wojIIPPn>PL.PZGIK.200</sln:wojIIPPn><sln:wojIIPWersja>2017-10-10T00:00:00+02:00</sln:wojIIPWersja><sln:wojIdTeryt>12</sln:wojIdTeryt><sln:wojNazwa>małopolskie</sln:wojNazwa></sln:miejscowosc><sln:miejscowosc><sln:cyklZyciaOd>2014-12-03T00:00:00+01:00</sln:cyklZyciaOd><sln:gmIIPId>c0375e79-62d7-4f5b-8f2f-d8c592cf4a38</sln:gmIIPId><sln:gmIIPPn>PL.PZGIK.200</sln:gmIIPPn><sln:gmIIPWersja>2012-09-26T22:08:55+02:00</sln:gmIIPWersja><sln:gmIdTeryt>1204032</sln:gmIdTeryt><sln:gmNazwa>Gręboszów</sln:gmNazwa><sln:miejscIIPId>36deecf6-4e46-4a74-aa57-e7e857ffaaab</sln:miejscIIPId><sln:miejscIIPPn>PL.PZGIK.200</sln:miejscIIPPn><sln:miejscIIPWersja>2016-11-24T13:50:23+02:00</sln:miejscIIPWersja><sln:miejscIdTeryt>0820306</sln:miejscIdTeryt><sln:miejscNazwa>Błonie</sln:miejscNazwa><sln:miejscRodzaj>Inny obiekt</sln:miejscRodzaj><sln:powIIPId>2f8e6930-0088-406e-b684-cebb73fc5bd9</sln:powIIPId><sln:powIIPPn>PL.PZGIK.200</sln:powIIPPn><sln:powIIPWersja>2012-09-27T07:52:00+02:00</sln:powIIPWersja><sln:powIdTeryt>1204</sln:powIdTeryt><sln:powNazwa>dąbrowski</sln:powNazwa><sln:wojIIPId>dd2e3c64-f861-47cf-a3a3-e7751f272b2f</sln:wojIIPId><sln:wojIIPPn>PL.PZGIK.200</sln:wojIIPPn><sln:wojIIPWersja>2017-10-10T00:00:00+02:00</sln:wojIIPWersja><sln:wojIdTeryt>12</sln:wojIdTeryt><sln:wojNazwa>małopolskie</sln:wojNazwa></sln:miejscowosc><sln:miejscowosc><sln:cyklZyciaOd>2014-12-03T00:00:00+01:00</sln:cyklZyciaOd><sln:gmIIPId>c0375e79-62d7-4f5b-8f2f-d8c592cf4a38</sln:gmIIPId><sln:gmIIPPn>PL.PZGIK.200</sln:gmIIPPn><sln:gmIIPWersja>2012-09-26T22:08:55+02:00</sln:gmIIPWersja><sln:gmIdTeryt>1204032</sln:gmIdTeryt><sln:gmNazwa>Gręboszów</sln:gmNazwa><sln:miejscIIPId>4da52696-4ab9-49ba-9d3f-f60289bd78d5</sln:miejscIIPId><sln:miejscIIPPn>PL.PZGIK.200</sln:miejscIIPPn><sln:miejscIIPWersja>2016-11-24T13:50:13+02:00</sln:miejscIIPWersja><sln:miejscIdTeryt>0820281</sln:miejscIdTeryt><sln:miejscNazwa>Zaogrodzie</sln:miejscNazwa><sln:miejscRodzaj>Inny obiekt</sln:miejscRodzaj><sln:powIIPId>2f8e6930-0088-406e-b684-cebb73fc5bd9</sln:powIIPId><sln:powIIPPn>PL.PZGIK.200</sln:powIIPPn><sln:powIIPWersja>2012-09-27T07:52:00+02:00</sln:powIIPWersja><sln:powIdTeryt>1204</sln:powIdTeryt><sln:powNazwa>dąbrowski</sln:powNazwa><sln:wojIIPId>dd2e3c64-f861-47cf-a3a3-e7751f272b2f</sln:wojIIPId><sln:wojIIPPn>PL.PZGIK.200</sln:wojIIPPn><sln:wojIIPWersja>2017-10-10T00:00:00+02:00</sln:wojIIPWersja><sln:wojIdTeryt>12</sln:wojIdTeryt><sln:wojNazwa>małopolskie</sln:wojNazwa></sln:miejscowosc><sln:miejscowosc><sln:cyklZyciaOd>2014-12-03T00:00:00+01:00</sln:cyklZyciaOd><sln:gmIIPId>c0375e79-62d7-4f5b-8f2f-d8c592cf4a38</sln:gmIIPId><sln:gmIIPPn>PL.PZGIK.200</sln:gmIIPPn><sln:gmIIPWersja>2012-09-26T22:08:55+02:00</sln:gmIIPWersja><sln:gmIdTeryt>1204032</sln:gmIdTeryt><sln:gmNazwa>Gręboszów</sln:gmNazwa><sln:miejscIIPId>e1e99256-ebc4-4c7e-ae32-e685f6422472</sln:miejscIIPId><sln:miejscIIPPn>PL.PZGIK.200</sln:miejscIIPPn><sln:miejscIIPWersja>2016-11-24T13:59:03+02:00</sln:miejscIIPWersja><sln:miejscIdTeryt>0820074</sln:miejscIdTeryt><sln:miejscNazwa>Granica</sln:miejscNazwa><sln:miejscRodzaj>Inny obiekt</sln:miejscRodzaj><sln:powIIPId>2f8e6930-0088-406e-b684-cebb73fc5bd9</sln:powIIPId><sln:powIIPPn>PL.PZGIK.200</sln:powIIPPn><sln:powIIPWersja>2012-09-27T07:52:00+02:00</sln:powIIPWersja><sln:powIdTeryt>1204</sln:powIdTeryt><sln:powNazwa>dąbrowski</sln:powNazwa><sln:wojIIPId>dd2e3c64-f861-47cf-a3a3-e7751f272b2f</sln:wojIIPId><sln:wojIIPPn>PL.PZGIK.200</sln:wojIIPPn><sln:wojIIPWersja>2017-10-10T00:00:00+02:00</sln:wojIIPWersja><sln:wojIdTeryt>12</sln:wojIdTeryt><sln:wojNazwa>małopolskie</sln:wojNazwa></sln:miejscowosc><sln:miejscowosc><sln:cyklZyciaOd>2014-12-03T00:00:00+01:00</sln:cyklZyciaOd><sln:gmIIPId>c0375e79-62d7-4f5b-8f2f-d8c592cf4a38</sln:gmIIPId><sln:gmIIPPn>PL.PZGIK.200</sln:gmIIPPn><sln:gmIIPWersja>2012-09-26T22:08:55+02:00</sln:gmIIPWersja><sln:gmIdTeryt>1204032</sln:gmIdTeryt><sln:gmNazwa>Gręboszów</sln:gmNazwa><sln:miejscIIPId>45cacb11-150a-43d3-a20c-0b23b1668ec2</sln:miejscIIPId><sln:miejscIIPPn>PL.PZGIK.200</sln:miejscIIPPn><sln:miejscIIPWersja>2016-11-24T13:40:17+02:00</sln:miejscIIPWersja><sln:miejscIdTeryt>0820039</sln:miejscIdTeryt><sln:miejscNazwa>Biskupice</sln:miejscNazwa><sln:miejscRodzaj>Wieś</sln:miejscRodzaj><sln:powIIPId>2f8e6930-0088-406e-b684-cebb73fc5bd9</sln:powIIPId><sln:powIIPPn>PL.PZGIK.200</sln:powIIPPn><sln:powIIPWersja>2012-09-27T07:52:00+02:00</sln:powIIPWersja><sln:powIdTeryt>1204</sln:powIdTeryt><sln:powNazwa>dąbrowski</sln:powNazwa><sln:wojIIPId>dd2e3c64-f861-47cf-a3a3-e7751f272b2f</sln:wojIIPId><sln:wojIIPPn>PL.PZGIK.200</sln:wojIIPPn><sln:wojIIPWersja>2017-10-10T00:00:00+02:00</sln:wojIIPWersja><sln:wojIdTeryt>12</sln:wojIdTeryt><sln:wojNazwa>małopolskie</sln:wojNazwa></sln:miejscowosc><sln:miejscowosc><sln:cyklZyciaOd>2014-12-03T00:00:00+01:00</sln:cyklZyciaOd><sln:gmIIPId>c0375e79-62d7-4f5b-8f2f-d8c592cf4a38</sln:gmIIPId><sln:gmIIPPn>PL.PZGIK.200</sln:gmIIPPn><sln:gmIIPWersja>2012-09-26T22:08:55+02:00</sln:gmIIPWersja><sln:gmIdTeryt>1204032</sln:gmIdTeryt><sln:gmNazwa>Gręboszów</sln:gmNazwa><sln:miejscIIPId>e7ad319b-9ecd-4cc9-81e3-e2b603fa5126</sln:miejscIIPId><sln:miejscIIPPn>PL.PZGIK.200</sln:miejscIIPPn><sln:miejscIIPWersja>2016-11-24T13:59:03+02:00</sln:miejscIIPWersja><sln:miejscIdTeryt>0820080</sln:miejscIdTeryt><sln:miejscNazwa>Skrzynki</sln:miejscNazwa><sln:miejscRodzaj>Inny obiekt</sln:miejscRodzaj><sln:powIIPId>2f8e6930-0088-406e-b684-cebb73fc5bd9</sln:powIIPId><sln:powIIPPn>PL.PZGIK.200</sln:powIIPPn><sln:powIIPWersja>2012-09-27T07:52:00+02:00</sln:powIIPWersja><sln:powIdTeryt>1204</sln:powIdTeryt><sln:powNazwa>dąbrowski</sln:powNazwa><sln:wojIIPId>dd2e3c64-f861-47cf-a3a3-e7751f272b2f</sln:wojIIPId><sln:wojIIPPn>PL.PZGIK.200</sln:wojIIPPn><sln:wojIIPWersja>2017-10-10T00:00:00+02:00</sln:wojIIPWersja><sln:wojIdTeryt>12</sln:wojIdTeryt><sln:wojNazwa>małopolskie</sln:wojNazwa></sln:miejscowosc><sln:miejscowosc><sln:cyklZyciaOd>2014-12-03T00:00:00+01:00</sln:cyklZyciaOd><sln:gmIIPId>c0375e79-62d7-4f5b-8f2f-d8c592cf4a38</sln:gmIIPId><sln:gmIIPPn>PL.PZGIK.200</sln:gmIIPPn><sln:gmIIPWersja>2012-09-26T22:08:55+02:00</sln:gmIIPWersja><sln:gmIdTeryt>1204032</sln:gmIdTeryt><sln:gmNazwa>Gręboszów</sln:gmNazwa><sln:miejscIIPId>c9a90b95-1d83-46fa-aeaf-5a8aefffe501</sln:miejscIIPId><sln:miejscIIPPn>PL.PZGIK.200</sln:miejscIIPPn><sln:miejscIIPWersja>2016-11-24T13:34:40+02:00</sln:miejscIIPWersja><sln:miejscIdTeryt>0820341</sln:miejscIdTeryt><sln:miejscNazwa>Zawierzbie</sln:miejscNazwa><sln:miejscRodzaj>Wieś</sln:miejscRodzaj><sln:powIIPId>2f8e6930-0088-406e-b684-cebb73fc5bd9</sln:powIIPId><sln:powIIPPn>PL.PZGIK.200</sln:powIIPPn><sln:powIIPWersja>2012-09-27T07:52:00+02:00</sln:powIIPWersja><sln:powIdTeryt>1204</sln:powIdTeryt><sln:powNazwa>dąbrowski</sln:powNazwa><sln:wojIIPId>dd2e3c64-f861-47cf-a3a3-e7751f272b2f</sln:wojIIPId><sln:wojIIPPn>PL.PZGIK.200</sln:wojIIPPn><sln:wojIIPWersja>2017-10-10T00:00:00+02:00</sln:wojIIPWersja><sln:wojIdTeryt>12</sln:wojIdTeryt><sln:wojNazwa>małopolskie</sln:wojNazwa></sln:miejscowosc><sln:miejscowosc><sln:cyklZyciaOd>2014-12-03T00:00:00+01:00</sln:cyklZyciaOd><sln:gmIIPId>c0375e79-62d7-4f5b-8f2f-d8c592cf4a38</sln:gmIIPId><sln:gmIIPPn>PL.PZGIK.200</sln:gmIIPPn><sln:gmIIPWersja>2012-09-26T22:08:55+02:00</sln:gmIIPWersja><sln:gmIdTeryt>1204032</sln:gmIdTeryt><sln:gmNazwa>Gręboszów</sln:gmNazwa><sln:miejscIIPId>644f3394-a7c7-439c-a092-faed75585381</sln:miejscIIPId><sln:miejscIIPPn>PL.PZGIK.200</sln:miejscIIPPn><sln:miejscIIPWersja>2016-11-24T13:40:06+02:00</sln:miejscIIPWersja><sln:miejscIdTeryt>0820192</sln:miejscIdTeryt><sln:miejscNazwa>Kozłów</sln:miejscNazwa><sln:miejscRodzaj>Wieś</sln:miejscRodzaj><sln:powIIPId>2f8e6930-0088-406e-b684-cebb73fc5bd9</sln:powIIPId><sln:powIIPPn>PL.PZGIK.200</sln:powIIPPn><sln:powIIPWersja>2012-09-27T07:52:00+02:00</sln:powIIPWersja><sln:powIdTeryt>1204</sln:powIdTeryt><sln:powNazwa>dąbrowski</sln:powNazwa><sln:wojIIPId>dd2e3c64-f861-47cf-a3a3-e7751f272b2f</sln:wojIIPId><sln:wojIIPPn>PL.PZGIK.200</sln:wojIIPPn><sln:wojIIPWersja>2017-10-10T00:00:00+02:00</sln:wojIIPWersja><sln:wojIdTeryt>12</sln:wojIdTeryt><sln:wojNazwa>małopolskie</sln:wojNazwa></sln:miejscowosc><sln:miejscowosc><sln:cyklZyciaOd>2014-12-03T00:00:00+01:00</sln:cyklZyciaOd><sln:gmIIPId>c0375e79-62d7-4f5b-8f2f-d8c592cf4a38</sln:gmIIPId><sln:gmIIPPn>PL.PZGIK.200</sln:gmIIPPn><sln:gmIIPWersja>2012-09-26T22:08:55+02:00</sln:gmIIPWersja><sln:gmIdTeryt>1204032</sln:gmIdTeryt><sln:gmNazwa>Gręboszów</sln:gmNazwa><sln:miejscIIPId>d5ecd4d7-4c79-4acd-9a2d-ea8b6805b231</sln:miejscIIPId><sln:miejscIIPPn>PL.PZGIK.200</sln:miejscIIPPn><sln:miejscIIPWersja>2016-11-24T13:50:23+02:00</sln:miejscIIPWersja><sln:miejscIdTeryt>0820329</sln:miejscIdTeryt><sln:miejscNazwa>Połać</sln:miejscNazwa><sln:miejscRodzaj>Inny obiekt</sln:miejscRodzaj><sln:powIIPId>2f8e6930-0088-406e-b684-cebb73fc5bd9</sln:powIIPId><sln:powIIPPn>PL.PZGIK.200</sln:powIIPPn><sln:powIIPWersja>2012-09-27T07:52:00+02:00</sln:powIIPWersja><sln:powIdTeryt>1204</sln:powIdTeryt><sln:powNazwa>dąbrowski</sln:powNazwa><sln:wojIIPId>dd2e3c64-f861-47cf-a3a3-e7751f272b2f</sln:wojIIPId><sln:wojIIPPn>PL.PZGIK.200</sln:wojIIPPn><sln:wojIIPWersja>2017-10-10T00:00:00+02:00</sln:wojIIPWersja><sln:wojIdTeryt>12</sln:wojIdTeryt><sln:wojNazwa>małopolskie</sln:wojNazwa></sln:miejscowosc><sln:miejscowosc><sln:cyklZyciaOd>2014-12-03T00:00:00+01:00</sln:cyklZyciaOd><sln:gmIIPId>c0375e79-62d7-4f5b-8f2f-d8c592cf4a38</sln:gmIIPId><sln:gmIIPPn>PL.PZGIK.200</sln:gmIIPPn><sln:gmIIPWersja>2012-09-26T22:08:55+02:00</sln:gmIIPWersja><sln:gmIdTeryt>1204032</sln:gmIdTeryt><sln:gmNazwa>Gręboszów</sln:gmNazwa><sln:miejscIIPId>22bd736b-a576-4bf1-82e6-697211e014c6</sln:miejscIIPId><sln:miejscIIPPn>PL.PZGIK.200</sln:miejscIIPPn><sln:miejscIIPWersja>2016-11-24T13:55:14+02:00</sln:miejscIIPWersja><sln:miejscIdTeryt>0820186</sln:miejscIdTeryt><sln:miejscNazwa>Bugaj</sln:miejscNazwa><sln:miejscRodzaj>Inny obiekt</sln:miejscRodzaj><sln:powIIPId>2f8e6930-0088-406e-b684-cebb73fc5bd9</sln:powIIPId><sln:powIIPPn>PL.PZGIK.200</sln:powIIPPn><sln:powIIPWersja>2012-09-27T07:52:00+02:00</sln:powIIPWersja><sln:powIdTeryt>1204</sln:powIdTeryt><sln:powNazwa>dąbrowski</sln:powNazwa><sln:wojIIPId>dd2e3c64-f861-47cf-a3a3-e7751f272b2f</sln:wojIIPId><sln:wojIIPPn>PL.PZGIK.200</sln:wojIIPPn><sln:wojIIPWersja>2017-10-10T00:00:00+02:00</sln:wojIIPWersja><sln:wojIdTeryt>12</sln:wojIdTeryt><sln:wojNazwa>małopolskie</sln:wojNazwa></sln:miejscowosc><sln:miejscowosc><sln:cyklZyciaOd>2014-12-03T00:00:00+01:00</sln:cyklZyciaOd><sln:gmIIPId>c0375e79-62d7-4f5b-8f2f-d8c592cf4a38</sln:gmIIPId><sln:gmIIPPn>PL.PZGIK.200</sln:gmIIPPn><sln:gmIIPWersja>2012-09-26T22:08:55+02:00</sln:gmIIPWersja><sln:gmIdTeryt>1204032</sln:gmIdTeryt><sln:gmNazwa>Gręboszów</sln:gmNazwa><sln:miejscIIPId>2284ef82-abff-473d-9e07-4d69e51584b4</sln:miejscIIPId><sln:miejscIIPPn>PL.PZGIK.200</sln:miejscIIPPn><sln:miejscIIPWersja>2016-11-24T13:38:16+02:00</sln:miejscIIPWersja><sln:miejscIdTeryt>0820134</sln:miejscIdTeryt><sln:miejscNazwa>Hubenice</sln:miejscNazwa><sln:miejscRodzaj>Wieś</sln:miejscRodzaj><sln:powIIPId>2f8e6930-0088-406e-b684-cebb73fc5bd9</sln:powIIPId><sln:powIIPPn>PL.PZGIK.200</sln:powIIPPn><sln:powIIPWersja>2012-09-27T07:52:00+02:00</sln:powIIPWersja><sln:powIdTeryt>1204</sln:powIdTeryt><sln:powNazwa>dąbrowski</sln:powNazwa><sln:wojIIPId>dd2e3c64-f861-47cf-a3a3-e7751f272b2f</sln:wojIIPId><sln:wojIIPPn>PL.PZGIK.200</sln:wojIIPPn><sln:wojIIPWersja>2017-10-10T00:00:00+02:00</sln:wojIIPWersja><sln:wojIdTeryt>12</sln:wojIdTeryt><sln:wojNazwa>małopolskie</sln:wojNazwa></sln:miejscowosc><sln:miejscowosc><sln:cyklZyciaOd>2014-12-03T00:00:00+01:00</sln:cyklZyciaOd><sln:gmIIPId>c0375e79-62d7-4f5b-8f2f-d8c592cf4a38</sln:gmIIPId><sln:gmIIPPn>PL.PZGIK.200</sln:gmIIPPn><sln:gmIIPWersja>2012-09-26T22:08:55+02:00</sln:gmIIPWersja><sln:gmIdTeryt>1204032</sln:gmIdTeryt><sln:gmNazwa>Gręboszów</sln:gmNazwa><sln:miejscIIPId>d768fb3c-891a-4d1c-9fcd-20ad5c13077c</sln:miejscIIPId><sln:miejscIIPPn>PL.PZGIK.200</sln:miejscIIPPn><sln:miejscIIPWersja>2016-11-24T13:39:15+02:00</sln:miejscIIPWersja><sln:miejscIdTeryt>0820170</sln:miejscIdTeryt><sln:miejscNazwa>Karsy</sln:miejscNazwa><sln:miejscRodzaj>Wieś</sln:miejscRodzaj><sln:powIIPId>2f8e6930-0088-406e-b684-cebb73fc5bd9</sln:powIIPId><sln:powIIPPn>PL.PZGIK.200</sln:powIIPPn><sln:powIIPWersja>2012-09-27T07:52:00+02:00</sln:powIIPWersja><sln:powIdTeryt>1204</sln:powIdTeryt><sln:powNazwa>dąbrowski</sln:powNazwa><sln:wojIIPId>dd2e3c64-f861-47cf-a3a3-e7751f272b2f</sln:wojIIPId><sln:wojIIPPn>PL.PZGIK.200</sln:wojIIPPn><sln:wojIIPWersja>2017-10-10T00:00:00+02:00</sln:wojIIPWersja><sln:wojIdTeryt>12</sln:wojIdTeryt><sln:wojNazwa>małopolskie</sln:wojNazwa></sln:miejscowosc><sln:miejscowosc><sln:cyklZyciaOd>2014-12-03T00:00:00+01:00</sln:cyklZyciaOd><sln:gmIIPId>c0375e79-62d7-4f5b-8f2f-d8c592cf4a38</sln:gmIIPId><sln:gmIIPPn>PL.PZGIK.200</sln:gmIIPPn><sln:gmIIPWersja>2012-09-26T22:08:55+02:00</sln:gmIIPWersja><sln:gmIdTeryt>1204032</sln:gmIdTeryt><sln:gmNazwa>Gręboszów</sln:gmNazwa><sln:miejscIIPId>e60880df-17b2-4e03-9a2f-2798424ae8c2</sln:miejscIIPId><sln:miejscIIPPn>PL.PZGIK.200</sln:miejscIIPPn><sln:miejscIIPWersja>2016-11-24T13:49:09+02:00</sln:miejscIIPWersja><sln:miejscIdTeryt>0820246</sln:miejscIdTeryt><sln:miejscNazwa>Zadworze</sln:miejscNazwa><sln:miejscRodzaj>Inny obiekt</sln:miejscRodzaj><sln:powIIPId>2f8e6930-0088-406e-b684-cebb73fc5bd9</sln:powIIPId><sln:powIIPPn>PL.PZGIK.200</sln:powIIPPn><sln:powIIPWersja>2012-09-27T07:52:00+02:00</sln:powIIPWersja><sln:powIdTeryt>1204</sln:powIdTeryt><sln:powNazwa>dąbrowski</sln:powNazwa><sln:wojIIPId>dd2e3c64-f861-47cf-a3a3-e7751f272b2f</sln:wojIIPId><sln:wojIIPPn>PL.PZGIK.200</sln:wojIIPPn><sln:wojIIPWersja>2017-10-10T00:00:00+02:00</sln:wojIIPWersja><sln:wojIdTeryt>12</sln:wojIdTeryt><sln:wojNazwa>małopolskie</sln:wojNazwa></sln:miejscowosc><sln:miejscowosc><sln:cyklZyciaOd>2014-12-03T00:00:00+01:00</sln:cyklZyciaOd><sln:gmIIPId>c0375e79-62d7-4f5b-8f2f-d8c592cf4a38</sln:gmIIPId><sln:gmIIPPn>PL.PZGIK.200</sln:gmIIPPn><sln:gmIIPWersja>2012-09-26T22:08:55+02:00</sln:gmIIPWersja><sln:gmIdTeryt>1204032</sln:gmIdTeryt><sln:gmNazwa>Gręboszów</sln:gmNazwa><sln:miejscIIPId>ffd59c07-74e3-4215-85cd-1a8462926cd6</sln:miejscIIPId><sln:miejscIIPPn>PL.PZGIK.200</sln:miejscIIPPn><sln:miejscIIPWersja>2016-11-24T13:59:20+02:00</sln:miejscIIPWersja><sln:miejscIdTeryt>0820312</sln:miejscIdTeryt><sln:miejscNazwa>Gliniaki</sln:miejscNazwa><sln:miejscRodzaj>Inny obiekt</sln:miejscRodzaj><sln:powIIPId>2f8e6930-0088-406e-b684-cebb73fc5bd9</sln:powIIPId><sln:powIIPPn>PL.PZGIK.200</sln:powIIPPn><sln:powIIPWersja>2012-09-27T07:52:00+02:00</sln:powIIPWersja><sln:powIdTeryt>1204</sln:powIdTeryt><sln:powNazwa>dąbrowski</sln:powNazwa><sln:wojIIPId>dd2e3c64-f861-47cf-a3a3-e7751f272b2f</sln:wojIIPId><sln:wojIIPPn>PL.PZGIK.200</sln:wojIIPPn><sln:wojIIPWersja>2017-10-10T00:00:00+02:00</sln:wojIIPWersja><sln:wojIdTeryt>12</sln:wojIdTeryt><sln:wojNazwa>małopolskie</sln:wojNazwa></sln:miejscowosc><sln:miejscowosc><sln:cyklZyciaOd>2014-12-03T00:00:00+01:00</sln:cyklZyciaOd><sln:gmIIPId>c0375e79-62d7-4f5b-8f2f-d8c592cf4a38</sln:gmIIPId><sln:gmIIPPn>PL.PZGIK.200</sln:gmIIPPn><sln:gmIIPWersja>2012-09-26T22:08:55+02:00</sln:gmIIPWersja><sln:gmIdTeryt>1204032</sln:gmIdTeryt><sln:gmNazwa>Gręboszów</sln:gmNazwa><sln:miejscIIPId>06bb5584-3c27-4b19-bda0-243189fd66e2</sln:miejscIIPId><sln:miejscIIPPn>PL.PZGIK.200</sln:miejscIIPPn><sln:miejscIIPWersja>2016-11-24T13:54:45+02:00</sln:miejscIIPWersja><sln:miejscIdTeryt>0820140</sln:miejscIdTeryt><sln:miejscNazwa>Nowa Wieś</sln:miejscNazwa><sln:miejscRodzaj>Inny obiekt</sln:miejscRodzaj><sln:powIIPId>2f8e6930-0088-406e-b684-cebb73fc5bd9</sln:powIIPId><sln:powIIPPn>PL.PZGIK.200</sln:powIIPPn><sln:powIIPWersja>2012-09-27T07:52:00+02:00</sln:powIIPWersja><sln:powIdTeryt>1204</sln:powIdTeryt><sln:powNazwa>dąbrowski</sln:powNazwa><sln:wojIIPId>dd2e3c64-f861-47cf-a3a3-e7751f272b2f</sln:wojIIPId><sln:wojIIPPn>PL.PZGIK.200</sln:wojIIPPn><sln:wojIIPWersja>2017-10-10T00:00:00+02:00</sln:wojIIPWersja><sln:wojIdTeryt>12</sln:wojIdTeryt><sln:wojNazwa>małopolskie</sln:wojNazwa></sln:miejscowosc><sln:miejscowosc><sln:cyklZyciaOd>2014-12-03T00:00:00+01:00</sln:cyklZyciaOd><sln:gmIIPId>c0375e79-62d7-4f5b-8f2f-d8c592cf4a38</sln:gmIIPId><sln:gmIIPPn>PL.PZGIK.200</sln:gmIIPPn><sln:gmIIPWersja>2012-09-26T22:08:55+02:00</sln:gmIIPWersja><sln:gmIdTeryt>1204032</sln:gmIdTeryt><sln:gmNazwa>Gręboszów</sln:gmNazwa><sln:miejscIIPId>126a1b90-681f-4b61-9bf8-4283f927bc0a</sln:miejscIIPId><sln:miejscIIPPn>PL.PZGIK.200</sln:miejscIIPPn><sln:miejscIIPWersja>2016-11-24T13:54:28+02:00</sln:miejscIIPWersja><sln:miejscIdTeryt>0820111</sln:miejscIdTeryt><sln:miejscNazwa>Przedmieście</sln:miejscNazwa><sln:miejscRodzaj>Inny obiekt</sln:miejscRodzaj><sln:powIIPId>2f8e6930-0088-406e-b684-cebb73fc5bd9</sln:powIIPId><sln:powIIPPn>PL.PZGIK.200</sln:powIIPPn><sln:powIIPWersja>2012-09-27T07:52:00+02:00</sln:powIIPWersja><sln:powIdTeryt>1204</sln:powIdTeryt><sln:powNazwa>dąbrowski</sln:powNazwa><sln:wojIIPId>dd2e3c64-f861-47cf-a3a3-e7751f272b2f</sln:wojIIPId><sln:wojIIPPn>PL.PZGIK.200</sln:wojIIPPn><sln:wojIIPWersja>2017-10-10T00:00:00+02:00</sln:wojIIPWersja><sln:wojIdTeryt>12</sln:wojIdTeryt><sln:wojNazwa>małopolskie</sln:wojNazwa></sln:miejscowosc><sln:miejscowosc><sln:cyklZyciaOd>2014-12-03T00:00:00+01:00</sln:cyklZyciaOd><sln:gmIIPId>c0375e79-62d7-4f5b-8f2f-d8c592cf4a38</sln:gmIIPId><sln:gmIIPPn>PL.PZGIK.200</sln:gmIIPPn><sln:gmIIPWersja>2012-09-26T22:08:55+02:00</sln:gmIIPWersja><sln:gmIdTeryt>1204032</sln:gmIdTeryt><sln:gmNazwa>Gręboszów</sln:gmNazwa><sln:miejscIIPId>3dde961f-2cc7-42ca-85eb-f79f38b37fba</sln:miejscIIPId><sln:miejscIIPPn>PL.PZGIK.200</sln:miejscIIPPn><sln:miejscIIPWersja>2016-11-24T13:43:50+02:00</sln:miejscIIPWersja><sln:miejscIdTeryt>0820217</sln:miejscIdTeryt><sln:miejscNazwa>Okręg</sln:miejscNazwa><sln:miejscRodzaj>Wieś</sln:miejscRodzaj><sln:powIIPId>2f8e6930-0088-406e-b684-cebb73fc5bd9</sln:powIIPId><sln:powIIPPn>PL.PZGIK.200</sln:powIIPPn><sln:powIIPWersja>2012-09-27T07:52:00+02:00</sln:powIIPWersja><sln:powIdTeryt>1204</sln:powIdTeryt><sln:powNazwa>dąbrowski</sln:powNazwa><sln:wojIIPId>dd2e3c64-f861-47cf-a3a3-e7751f272b2f</sln:wojIIPId><sln:wojIIPPn>PL.PZGIK.200</sln:wojIIPPn><sln:wojIIPWersja>2017-10-10T00:00:00+02:00</sln:wojIIPWersja><sln:wojIdTeryt>12</sln:wojIdTeryt><sln:wojNazwa>małopolskie</sln:wojNazwa></sln:miejscowosc><sln:miejscowosc><sln:cyklZyciaOd>2014-12-03T00:00:00+01:00</sln:cyklZyciaOd><sln:gmIIPId>c0375e79-62d7-4f5b-8f2f-d8c592cf4a38</sln:gmIIPId><sln:gmIIPPn>PL.PZGIK.200</sln:gmIIPPn><sln:gmIIPWersja>2012-09-26T22:08:55+02:00</sln:gmIIPWersja><sln:gmIdTeryt>1204032</sln:gmIdTeryt><sln:gmNazwa>Gręboszów</sln:gmNazwa><sln:miejscIIPId>4f976946-4e11-4dce-aef9-4e88d8f86785</sln:miejscIIPId><sln:miejscIIPPn>PL.PZGIK.200</sln:miejscIIPPn><sln:miejscIIPWersja>2016-11-24T13:35:07+02:00</sln:miejscIIPWersja><sln:miejscIdTeryt>0820358</sln:miejscIdTeryt><sln:miejscNazwa>Żelichów</sln:miejscNazwa><sln:miejscRodzaj>Wieś</sln:miejscRodzaj><sln:powIIPId>2f8e6930-0088-406e-b684-cebb73fc5bd9</sln:powIIPId><sln:powIIPPn>PL.PZGIK.200</sln:powIIPPn><sln:powIIPWersja>2012-09-27T07:52:00+02:00</sln:powIIPWersja><sln:powIdTeryt>1204</sln:powIdTeryt><sln:powNazwa>dąbrowski</sln:powNazwa><sln:wojIIPId>dd2e3c64-f861-47cf-a3a3-e7751f272b2f</sln:wojIIPId><sln:wojIIPPn>PL.PZGIK.200</sln:wojIIPPn><sln:wojIIPWersja>2017-10-10T00:00:00+02:00</sln:wojIIPWersja><sln:wojIdTeryt>12</sln:wojIdTeryt><sln:wojNazwa>małopolskie</sln:wojNazwa></sln:miejscowosc><sln:miejscowosc><sln:cyklZyciaOd>2014-12-03T00:00:00+01:00</sln:cyklZyciaOd><sln:gmIIPId>c0375e79-62d7-4f5b-8f2f-d8c592cf4a38</sln:gmIIPId><sln:gmIIPPn>PL.PZGIK.200</sln:gmIIPPn><sln:gmIIPWersja>2012-09-26T22:08:55+02:00</sln:gmIIPWersja><sln:gmIdTeryt>1204032</sln:gmIdTeryt><sln:gmNazwa>Gręboszów</sln:gmNazwa><sln:miejscIIPId>15b985e6-4207-46ec-b681-02fa4a6c1fb7</sln:miejscIIPId><sln:miejscIIPPn>PL.PZGIK.200</sln:miejscIIPPn><sln:miejscIIPWersja>2016-11-24T13:39:45+02:00</sln:miejscIIPWersja><sln:miejscIdTeryt>0820022</sln:miejscIdTeryt><sln:miejscNazwa>Bieniaszowice</sln:miejscNazwa><sln:miejscRodzaj>Wieś</sln:miejscRodzaj><sln:powIIPId>2f8e6930-0088-406e-b684-cebb73fc5bd9</sln:powIIPId><sln:powIIPPn>PL.PZGIK.200</sln:powIIPPn><sln:powIIPWersja>2012-09-27T07:52:00+02:00</sln:powIIPWersja><sln:powIdTeryt>1204</sln:powIdTeryt><sln:powNazwa>dąbrowski</sln:powNazwa><sln:wojIIPId>dd2e3c64-f861-47cf-a3a3-e7751f272b2f</sln:wojIIPId><sln:wojIIPPn>PL.PZGIK.200</sln:wojIIPPn><sln:wojIIPWersja>2017-10-10T00:00:00+02:00</sln:wojIIPWersja><sln:wojIdTeryt>12</sln:wojIdTeryt><sln:wojNazwa>małopolskie</sln:wojNazwa></sln:miejscowosc><sln:miejscowosc><sln:cyklZyciaOd>2014-12-03T00:00:00+01:00</sln:cyklZyciaOd><sln:gmIIPId>c0375e79-62d7-4f5b-8f2f-d8c592cf4a38</sln:gmIIPId><sln:gmIIPPn>PL.PZGIK.200</sln:gmIIPPn><sln:gmIIPWersja>2012-09-26T22:08:55+02:00</sln:gmIIPWersja><sln:gmIdTeryt>1204032</sln:gmIdTeryt><sln:gmNazwa>Gręboszów</sln:gmNazwa><sln:miejscIIPId>82eb87f1-ac0c-4081-b5c9-945d588e939c</sln:miejscIIPId><sln:miejscIIPPn>PL.PZGIK.200</sln:miejscIIPPn><sln:miejscIIPWersja>2016-11-24T13:28:00+02:00</sln:miejscIIPWersja><sln:miejscIdTeryt>0820163</sln:miejscIdTeryt><sln:miejscNazwa>Zawrocie</sln:miejscNazwa><sln:miejscRodzaj>Inny obiekt</sln:miejscRodzaj><sln:powIIPId>2f8e6930-0088-406e-b684-cebb73fc5bd9</sln:powIIPId><sln:powIIPPn>PL.PZGIK.200</sln:powIIPPn><sln:powIIPWersja>2012-09-27T07:52:00+02:00</sln:powIIPWersja><sln:powIdTeryt>1204</sln:powIdTeryt><sln:powNazwa>dąbrowski</sln:powNazwa><sln:wojIIPId>dd2e3c64-f861-47cf-a3a3-e7751f272b2f</sln:wojIIPId><sln:wojIIPPn>PL.PZGIK.200</sln:wojIIPPn><sln:wojIIPWersja>2017-10-10T00:00:00+02:00</sln:wojIIPWersja><sln:wojIdTeryt>12</sln:wojIdTeryt><sln:wojNazwa>małopolskie</sln:wojNazwa></sln:miejscowosc><sln:miejscowosc><sln:cyklZyciaOd>2014-12-03T00:00:00+01:00</sln:cyklZyciaOd><sln:gmIIPId>c0375e79-62d7-4f5b-8f2f-d8c592cf4a38</sln:gmIIPId><sln:gmIIPPn>PL.PZGIK.200</sln:gmIIPPn><sln:gmIIPWersja>2012-09-26T22:08:55+02:00</sln:gmIIPWersja><sln:gmIdTeryt>1204032</sln:gmIdTeryt><sln:gmNazwa>Gręboszów</sln:gmNazwa><sln:miejscIIPId>fce88d51-ed88-4a6a-9cb9-ce78e48d52d9</sln:miejscIIPId><sln:miejscIIPPn>PL.PZGIK.200</sln:miejscIIPPn><sln:miejscIIPWersja>2016-11-24T13:33:31+02:00</sln:miejscIIPWersja><sln:miejscIdTeryt>0820252</sln:miejscIdTeryt><sln:miejscNazwa>Wola Gręboszowska</sln:miejscNazwa><sln:miejscRodzaj>Wieś</sln:miejscRodzaj><sln:powIIPId>2f8e6930-0088-406e-b684-cebb73fc5bd9</sln:powIIPId><sln:powIIPPn>PL.PZGIK.200</sln:powIIPPn><sln:powIIPWersja>2012-09-27T07:52:00+02:00</sln:powIIPWersja><sln:powIdTeryt>1204</sln:powIdTeryt><sln:powNazwa>dąbrowski</sln:powNazwa><sln:wojIIPId>dd2e3c64-f861-47cf-a3a3-e7751f272b2f</sln:wojIIPId><sln:wojIIPPn>PL.PZGIK.200</sln:wojIIPPn><sln:wojIIPWersja>2017-10-10T00:00:00+02:00</sln:wojIIPWersja><sln:wojIdTeryt>12</sln:wojIdTeryt><sln:wojNazwa>małopolskie</sln:wojNazwa></sln:miejscowosc><sln:miejscowosc><sln:cyklZyciaOd>2014-12-03T00:00:00+01:00</sln:cyklZyciaOd><sln:gmIIPId>c0375e79-62d7-4f5b-8f2f-d8c592cf4a38</sln:gmIIPId><sln:gmIIPPn>PL.PZGIK.200</sln:gmIIPPn><sln:gmIIPWersja>2012-09-26T22:08:55+02:00</sln:gmIIPWersja><sln:gmIdTeryt>1204032</sln:gmIdTeryt><sln:gmNazwa>Gręboszów</sln:gmNazwa><sln:miejscIIPId>d601a9d5-4508-4d57-a56a-1ba38c2c7462</sln:miejscIIPId><sln:miejscIIPPn>PL.PZGIK.200</sln:miejscIIPPn><sln:miejscIIPWersja>2016-11-24T13:59:03+02:00</sln:miejscIIPWersja><sln:miejscIdTeryt>0820068</sln:miejscIdTeryt><sln:miejscNazwa>Dwór</sln:miejscNazwa><sln:miejscRodzaj>Inny obiekt</sln:miejscRodzaj><sln:powIIPId>2f8e6930-0088-406e-b684-cebb73fc5bd9</sln:powIIPId><sln:powIIPPn>PL.PZGIK.200</sln:powIIPPn><sln:powIIPWersja>2012-09-27T07:52:00+02:00</sln:powIIPWersja><sln:powIdTeryt>1204</sln:powIdTeryt><sln:powNazwa>dąbrowski</sln:powNazwa><sln:wojIIPId>dd2e3c64-f861-47cf-a3a3-e7751f272b2f</sln:wojIIPId><sln:wojIIPPn>PL.PZGIK.200</sln:wojIIPPn><sln:wojIIPWersja>2017-10-10T00:00:00+02:00</sln:wojIIPWersja><sln:wojIdTeryt>12</sln:wojIdTeryt><sln:wojNazwa>małopolskie</sln:wojNazwa></sln:miejscowosc><sln:miejscowosc><sln:cyklZyciaOd>2014-12-03T00:00:00+01:00</sln:cyklZyciaOd><sln:gmIIPId>c0375e79-62d7-4f5b-8f2f-d8c592cf4a38</sln:gmIIPId><sln:gmIIPPn>PL.PZGIK.200</sln:gmIIPPn><sln:gmIIPWersja>2012-09-26T22:08:55+02:00</sln:gmIIPWersja><sln:gmIdTeryt>1204032</sln:gmIdTeryt><sln:gmNazwa>Gręboszów</sln:gmNazwa><sln:miejscIIPId>199e3f27-0a54-4dc8-bbb6-e292cf63ac30</sln:miejscIIPId><sln:miejscIIPPn>PL.PZGIK.200</sln:miejscIIPPn><sln:miejscIIPWersja>2016-11-24T13:33:40+02:00</sln:miejscIIPWersja><sln:miejscIdTeryt>0820298</sln:miejscIdTeryt><sln:miejscNazwa>Wola Żelichowska</sln:miejscNazwa><sln:miejscRodzaj>Wieś</sln:miejscRodzaj><sln:powIIPId>2f8e6930-0088-406e-b684-cebb73fc5bd9</sln:powIIPId><sln:powIIPPn>PL.PZGIK.200</sln:powIIPPn><sln:powIIPWersja>2012-09-27T07:52:00+02:00</sln:powIIPWersja><sln:powIdTeryt>1204</sln:powIdTeryt><sln:powNazwa>dąbrowski</sln:powNazwa><sln:wojIIPId>dd2e3c64-f861-47cf-a3a3-e7751f272b2f</sln:wojIIPId><sln:wojIIPPn>PL.PZGIK.200</sln:wojIIPPn><sln:wojIIPWersja>2017-10-10T00:00:00+02:00</sln:wojIIPWersja><sln:wojIdTeryt>12</sln:wojIdTeryt><sln:wojNazwa>małopolskie</sln:wojNazwa></sln:miejscowosc><sln:miejscowosc><sln:cyklZyciaOd>2014-12-03T00:00:00+01:00</sln:cyklZyciaOd><sln:gmIIPId>c0375e79-62d7-4f5b-8f2f-d8c592cf4a38</sln:gmIIPId><sln:gmIIPPn>PL.PZGIK.200</sln:gmIIPPn><sln:gmIIPWersja>2012-09-26T22:08:55+02:00</sln:gmIIPWersja><sln:gmIdTeryt>1204032</sln:gmIdTeryt><sln:gmNazwa>Gręboszów</sln:gmNazwa><sln:miejscIIPId>d7aef9b6-71a0-4bc1-a302-80539df48bc7</sln:miejscIIPId><sln:miejscIIPPn>PL.PZGIK.200</sln:miejscIIPPn><sln:miejscIIPWersja>2016-11-24T13:50:13+02:00</sln:miejscIIPWersja><sln:miejscIdTeryt>0820275</sln:miejscIdTeryt><sln:miejscNazwa>Mała Wola</sln:miejscNazwa><sln:miejscRodzaj>Inny obiekt</sln:miejscRodzaj><sln:powIIPId>2f8e6930-0088-406e-b684-cebb73fc5bd9</sln:powIIPId><sln:powIIPPn>PL.PZGIK.200</sln:powIIPPn><sln:powIIPWersja>2012-09-27T07:52:00+02:00</sln:powIIPWersja><sln:powIdTeryt>1204</sln:powIdTeryt><sln:powNazwa>dąbrowski</sln:powNazwa><sln:wojIIPId>dd2e3c64-f861-47cf-a3a3-e7751f272b2f</sln:wojIIPId><sln:wojIIPPn>PL.PZGIK.200</sln:wojIIPPn><sln:wojIIPWersja>2017-10-10T00:00:00+02:00</sln:wojIIPWersja><sln:wojIdTeryt>12</sln:wojIdTeryt><sln:wojNazwa>małopolskie</sln:wojNazwa></sln:miejscowosc><sln:miejscowosc><sln:cyklZyciaOd>2014-12-03T00:00:00+01:00</sln:cyklZyciaOd><sln:gmIIPId>c0375e79-62d7-4f5b-8f2f-d8c592cf4a38</sln:gmIIPId><sln:gmIIPPn>PL.PZGIK.200</sln:gmIIPPn><sln:gmIIPWersja>2012-09-26T22:08:55+02:00</sln:gmIIPWersja><sln:gmIdTeryt>1204032</sln:gmIdTeryt><sln:gmNazwa>Gręboszów</sln:gmNazwa><sln:miejscIIPId>d1ebdf59-7421-4995-a956-ddd8b39c3c33</sln:miejscIIPId><sln:miejscIIPPn>PL.PZGIK.200</sln:miejscIIPPn><sln:miejscIIPWersja>2016-11-24T13:54:28+02:00</sln:miejscIIPWersja><sln:miejscIdTeryt>0820128</sln:miejscIdTeryt><sln:miejscNazwa>Miłocin</sln:miejscNazwa><sln:miejscRodzaj>Inny obiekt</sln:miejscRodzaj><sln:powIIPId>2f8e6930-0088-406e-b684-cebb73fc5bd9</sln:powIIPId><sln:powIIPPn>PL.PZGIK.200</sln:powIIPPn><sln:powIIPWersja>2012-09-27T07:52:00+02:00</sln:powIIPWersja><sln:powIdTeryt>1204</sln:powIdTeryt><sln:powNazwa>dąbrowski</sln:powNazwa><sln:wojIIPId>dd2e3c64-f861-47cf-a3a3-e7751f272b2f</sln:wojIIPId><sln:wojIIPPn>PL.PZGIK.200</sln:wojIIPPn><sln:wojIIPWersja>2017-10-10T00:00:00+02:00</sln:wojIIPWersja><sln:wojIdTeryt>12</sln:wojIdTeryt><sln:wojNazwa>małopolskie</sln:wojNazwa></sln:miejscowosc><sln:miejscowosc><sln:cyklZyciaOd>2014-12-03T00:00:00+01:00</sln:cyklZyciaOd><sln:gmIIPId>c0375e79-62d7-4f5b-8f2f-d8c592cf4a38</sln:gmIIPId><sln:gmIIPPn>PL.PZGIK.200</sln:gmIIPPn><sln:gmIIPWersja>2012-09-26T22:08:55+02:00</sln:gmIIPWersja><sln:gmIdTeryt>1204032</sln:gmIdTeryt><sln:gmNazwa>Gręboszów</sln:gmNazwa><sln:miejscIIPId>57d5cc9e-e33a-4b74-b6d7-c0a117ea2220</sln:miejscIIPId><sln:miejscIIPPn>PL.PZGIK.200</sln:miejscIIPPn><sln:miejscIIPWersja>2016-11-24T13:54:45+02:00</sln:miejscIIPWersja><sln:miejscIdTeryt>0820157</sln:miejscIdTeryt><sln:miejscNazwa>Posina</sln:miejscNazwa><sln:miejscRodzaj>Inny obiekt</sln:miejscRodzaj><sln:powIIPId>2f8e6930-0088-406e-b684-cebb73fc5bd9</sln:powIIPId><sln:powIIPPn>PL.PZGIK.200</sln:powIIPPn><sln:powIIPWersja>2012-09-27T07:52:00+02:00</sln:powIIPWersja><sln:powIdTeryt>1204</sln:powIdTeryt><sln:powNazwa>dąbrowski</sln:powNazwa><sln:wojIIPId>dd2e3c64-f861-47cf-a3a3-e7751f272b2f</sln:wojIIPId><sln:wojIIPPn>PL.PZGIK.200</sln:wojIIPPn><sln:wojIIPWersja>2017-10-10T00:00:00+02:00</sln:wojIIPWersja><sln:wojIdTeryt>12</sln:wojIdTeryt><sln:wojNazwa>małopolskie</sln:wojNazwa></sln:miejscowosc><sln:miejscowosc><sln:cyklZyciaOd>2014-12-03T00:00:00+01:00</sln:cyklZyciaOd><sln:gmIIPId>c0375e79-62d7-4f5b-8f2f-d8c592cf4a38</sln:gmIIPId><sln:gmIIPPn>PL.PZGIK.200</sln:gmIIPPn><sln:gmIIPWersja>2012-09-26T22:08:55+02:00</sln:gmIIPWersja><sln:gmIdTeryt>1204032</sln:gmIdTeryt><sln:gmNazwa>Gręboszów</sln:gmNazwa><sln:miejscIIPId>8dba58cc-df5a-4103-8a52-84a4a70059ad</sln:miejscIIPId><sln:miejscIIPPn>PL.PZGIK.200</sln:miejscIIPPn><sln:miejscIIPWersja>2016-11-24T13:59:03+02:00</sln:miejscIIPWersja><sln:miejscIdTeryt>0820051</sln:miejscIdTeryt><sln:miejscNazwa>Błonie</sln:miejscNazwa><sln:miejscRodzaj>Inny obiekt</sln:miejscRodzaj><sln:powIIPId>2f8e6930-0088-406e-b684-cebb73fc5bd9</sln:powIIPId><sln:powIIPPn>PL.PZGIK.200</sln:powIIPPn><sln:powIIPWersja>2012-09-27T07:52:00+02:00</sln:powIIPWersja><sln:powIdTeryt>1204</sln:powIdTeryt><sln:powNazwa>dąbrowski</sln:powNazwa><sln:wojIIPId>dd2e3c64-f861-47cf-a3a3-e7751f272b2f</sln:wojIIPId><sln:wojIIPPn>PL.PZGIK.200</sln:wojIIPPn><sln:wojIIPWersja>2017-10-10T00:00:00+02:00</sln:wojIIPWersja><sln:wojIdTeryt>12</sln:wojIdTeryt><sln:wojNazwa>małopolskie</sln:wojNazwa></sln:miejscowosc><sln:miejscowosc><sln:cyklZyciaOd>2014-12-03T00:00:00+01:00</sln:cyklZyciaOd><sln:gmIIPId>c0375e79-62d7-4f5b-8f2f-d8c592cf4a38</sln:gmIIPId><sln:gmIIPPn>PL.PZGIK.200</sln:gmIIPPn><sln:gmIIPWersja>2012-09-26T22:08:55+02:00</sln:gmIIPWersja><sln:gmIdTeryt>1204032</sln:gmIdTeryt><sln:gmNazwa>Gręboszów</sln:gmNazwa><sln:miejscIIPId>d705f91f-194a-4d92-9fe2-5aa4bd5b53af</sln:miejscIIPId><sln:miejscIIPPn>PL.PZGIK.200</sln:miejscIIPPn><sln:miejscIIPWersja>2016-11-24T13:37:55+02:00</sln:miejscIIPWersja><sln:miejscIdTeryt>0820105</sln:miejscIdTeryt><sln:miejscNazwa>Gręboszów</sln:miejscNazwa><sln:miejscRodzaj>Wieś</sln:miejscRodzaj><sln:powIIPId>2f8e6930-0088-406e-b684-cebb73fc5bd9</sln:powIIPId><sln:powIIPPn>PL.PZGIK.200</sln:powIIPPn><sln:powIIPWersja>2012-09-27T07:52:00+02:00</sln:powIIPWersja><sln:powIdTeryt>1204</sln:powIdTeryt><sln:powNazwa>dąbrowski</sln:powNazwa><sln:wojIIPId>dd2e3c64-f861-47cf-a3a3-e7751f272b2f</sln:wojIIPId><sln:wojIIPPn>PL.PZGIK.200</sln:wojIIPPn><sln:wojIIPWersja>2017-10-10T00:00:00+02:00</sln:wojIIPWersja><sln:wojIdTeryt>12</sln:wojIdTeryt><sln:wojNazwa>małopolskie</sln:wojNazwa></sln:miejscowosc><sln:miejscowosc><sln:cyklZyciaOd>2014-12-03T00:00:00+01:00</sln:cyklZyciaOd><sln:gmIIPId>c0375e79-62d7-4f5b-8f2f-d8c592cf4a38</sln:gmIIPId><sln:gmIIPPn>PL.PZGIK.200</sln:gmIIPPn><sln:gmIIPWersja>2012-09-26T22:08:55+02:00</sln:gmIIPWersja><sln:gmIdTeryt>1204032</sln:gmIdTeryt><sln:gmNazwa>Gręboszów</sln:gmNazwa><sln:miejscIIPId>5fcf4617-0fbd-45b0-9a70-c2bc112effde</sln:miejscIIPId><sln:miejscIIPPn>PL.PZGIK.200</sln:miejscIIPPn><sln:miejscIIPWersja>2016-11-24T13:41:14+02:00</sln:miejscIIPWersja><sln:miejscIdTeryt>0820200</sln:miejscIdTeryt><sln:miejscNazwa>Lubiczko</sln:miejscNazwa><sln:miejscRodzaj>Wieś</sln:miejscRodzaj><sln:powIIPId>2f8e6930-0088-406e-b684-cebb73fc5bd9</sln:powIIPId><sln:powIIPPn>PL.PZGIK.200</sln:powIIPPn><sln:powIIPWersja>2012-09-27T07:52:00+02:00</sln:powIIPWersja><sln:powIdTeryt>1204</sln:powIdTeryt><sln:powNazwa>dąbrowski</sln:powNazwa><sln:wojIIPId>dd2e3c64-f861-47cf-a3a3-e7751f272b2f</sln:wojIIPId><sln:wojIIPPn>PL.PZGIK.200</sln:wojIIPPn><sln:wojIIPWersja>2017-10-10T00:00:00+02:00</sln:wojIIPWersja><sln:wojIdTeryt>12</sln:wojIdTeryt><sln:wojNazwa>małopolskie</sln:wojNazwa></sln:miejscowosc><sln:miejscowosc><sln:cyklZyciaOd>2014-12-03T00:00:00+01:00</sln:cyklZyciaOd><sln:gmIIPId>c0375e79-62d7-4f5b-8f2f-d8c592cf4a38</sln:gmIIPId><sln:gmIIPPn>PL.PZGIK.200</sln:gmIIPPn><sln:gmIIPWersja>2012-09-26T22:08:55+02:00</sln:gmIIPWersja><sln:gmIdTeryt>1204032</sln:gmIdTeryt><sln:gmNazwa>Gręboszów</sln:gmNazwa><sln:miejscIIPId>25164430-212d-4a10-b992-7ec8a7a94a9a</sln:miejscIIPId><sln:miejscIIPPn>PL.PZGIK.200</sln:miejscIIPPn><sln:miejscIIPWersja>2016-11-24T13:34:29+02:00</sln:miejscIIPWersja><sln:miejscIdTeryt>0820335</sln:miejscIdTeryt><sln:miejscNazwa>Zapasternicze</sln:miejscNazwa><sln:miejscRodzaj>Wieś</sln:miejscRodzaj><sln:powIIPId>2f8e6930-0088-406e-b684-cebb73fc5bd9</sln:powIIPId><sln:powIIPPn>PL.PZGIK.200</sln:powIIPPn><sln:powIIPWersja>2012-09-27T07:52:00+02:00</sln:powIIPWersja><sln:powIdTeryt>1204</sln:powIdTeryt><sln:powNazwa>dąbrowski</sln:powNazwa><sln:wojIIPId>dd2e3c64-f861-47cf-a3a3-e7751f272b2f</sln:wojIIPId><sln:wojIIPPn>PL.PZGIK.200</sln:wojIIPPn><sln:wojIIPWersja>2017-10-10T00:00:00+02:00</sln:wojIIPWersja><sln:wojIdTeryt>12</sln:wojIdTeryt><sln:wojNazwa>małopolskie</sln:wojNazwa></sln:miejscowosc><sln:miejscowosc><sln:cyklZyciaOd>2014-12-03T00:00:00+01:00</sln:cyklZyciaOd><sln:gmIIPId>c0375e79-62d7-4f5b-8f2f-d8c592cf4a38</sln:gmIIPId><sln:gmIIPPn>PL.PZGIK.200</sln:gmIIPPn><sln:gmIIPWersja>2012-09-26T22:08:55+02:00</sln:gmIIPWersja><sln:gmIdTeryt>1204032</sln:gmIdTeryt><sln:gmNazwa>Gręboszów</sln:gmNazwa><sln:miejscIIPId>ef504258-9597-403e-a40d-4780eac273ad</sln:miejscIIPId><sln:miejscIIPPn>PL.PZGIK.200</sln:miejscIIPPn><sln:miejscIIPWersja>2016-11-24T13:43:58+02:00</sln:miejscIIPWersja><sln:miejscIdTeryt>0820045</sln:miejscIdTeryt><sln:miejscNazwa>Borusowa</sln:miejscNazwa><sln:miejscRodzaj>Wieś</sln:miejscRodzaj><sln:powIIPId>2f8e6930-0088-406e-b684-cebb73fc5bd9</sln:powIIPId><sln:powIIPPn>PL.PZGIK.200</sln:powIIPPn><sln:powIIPWersja>2012-09-27T07:52:00+02:00</sln:powIIPWersja><sln:powIdTeryt>1204</sln:powIdTeryt><sln:powNazwa>dąbrowski</sln:powNazwa><sln:wojIIPId>dd2e3c64-f861-47cf-a3a3-e7751f272b2f</sln:wojIIPId><sln:wojIIPPn>PL.PZGIK.200</sln:wojIIPPn><sln:wojIIPWersja>2017-10-10T00:00:00+02:00</sln:wojIIPWersja><sln:wojIdTeryt>12</sln:wojIdTeryt><sln:wojNazwa>małopolskie</sln:wojNazwa></sln:miejscowosc></sln:lista-miejscowosci>