<?xml version="1.0" encoding="UTF-8" standalone="yes"?><sln:lista-miejscowosci xmlns:srv="http://gugik.gov.pl/schemas/slowniki-service/1.0" xmlns:sln="http://gugik.gov.pl/schemas/slowniki-schema/1.0"><sln:miejscowosc><sln:cyklZyciaDo>2016-11-26T00:00:00+01:00</sln:cyklZyciaDo><sln:cyklZyciaOd>2015-12-08T00:00:00+01:00</sln:cyklZyciaOd><sln:gmIIPId>daed7014-17ce-46b8-9f7f-803fdeaa8373</sln:gmIIPId><sln:gmIIPPn>PL.PZGIK.200</sln:gmIIPPn><sln:gmIIPWersja>2012-09-26T22:11:33+02:00</sln:gmIIPWersja><sln:gmIdTeryt>1212011</sln:gmIdTeryt><sln:gmNazwa>Bukowno</sln:gmNazwa><sln:miejscIIPId>fb436710-8540-43f9-817f-1cef4f02f603</sln:miejscIIPId><sln:miejscIIPPn>PL.PZGIK.200</sln:miejscIIPPn><sln:miejscIIPWersja>2016-11-24T13:48:05+02:00</sln:miejscIIPWersja><sln:miejscIdTeryt>0938410</sln:miejscIdTeryt><sln:miejscNIIPId>ca144a77-28dc-4797-87d0-f8f23e01aac5</sln:miejscNIIPId><sln:miejscNIIPPn>PL.PZGIK.200</sln:miejscNIIPPn><sln:miejscNIIPWersja>2016-11-24T13:31:52+02:00</sln:miejscNIIPWersja><sln:miejscNIdTeryt>0938404</sln:miejscNIdTeryt><sln:miejscNNazwa>Bukowno</sln:miejscNNazwa><sln:miejscNRodzaj>Miasto</sln:miejscNRodzaj><sln:miejscNazwa>Bagno</sln:miejscNazwa><sln:miejscRodzaj>Inny obiekt</sln:miejscRodzaj><sln:powIIPId>635515cd-30e5-47cd-b0b2-db0113ac269f</sln:powIIPId><sln:powIIPPn>PL.PZGIK.200</sln:powIIPPn><sln:powIIPWersja>2012-09-27T07:52:00+02:00</sln:powIIPWersja><sln:powIdTeryt>1212</sln:powIdTeryt><sln:powNazwa>olkuski</sln:powNazwa><sln:wojIIPId>dd2e3c64-f861-47cf-a3a3-e7751f272b2f</sln:wojIIPId><sln:wojIIPPn>PL.PZGIK.200</sln:wojIIPPn><sln:wojIIPWersja>2017-10-10T00:00:00+02:00</sln:wojIIPWersja><sln:wojIdTeryt>12</sln:wojIdTeryt><sln:wojNazwa>małopolskie</sln:wojNazwa></sln:miejscowosc><sln:miejscowosc><sln:cyklZyciaDo>2016-11-26T00:00:00+01:00</sln:cyklZyciaDo><sln:cyklZyciaOd>2014-09-22T00:00:00+02:00</sln:cyklZyciaOd><sln:gmIIPId>daed7014-17ce-46b8-9f7f-803fdeaa8373</sln:gmIIPId><sln:gmIIPPn>PL.PZGIK.200</sln:gmIIPPn><sln:gmIIPWersja>2012-09-26T22:11:33+02:00</sln:gmIIPWersja><sln:gmIdTeryt>1212011</sln:gmIdTeryt><sln:gmNazwa>Bukowno</sln:gmNazwa><sln:miejscIIPId>ca144a77-28dc-4797-87d0-f8f23e01aac5</sln:miejscIIPId><sln:miejscIIPPn>PL.PZGIK.200</sln:miejscIIPPn><sln:miejscIIPWersja>2016-11-24T13:31:52+02:00</sln:miejscIIPWersja><sln:miejscIdTeryt>0938404</sln:miejscIdTeryt><sln:miejscNazwa>Bukowno</sln:miejscNazwa><sln:miejscRodzaj>Miasto</sln:miejscRodzaj><sln:powIIPId>635515cd-30e5-47cd-b0b2-db0113ac269f</sln:powIIPId><sln:powIIPPn>PL.PZGIK.200</sln:powIIPPn><sln:powIIPWersja>2012-09-27T07:52:00+02:00</sln:powIIPWersja><sln:powIdTeryt>1212</sln:powIdTeryt><sln:powNazwa>olkuski</sln:powNazwa><sln:wojIIPId>dd2e3c64-f861-47cf-a3a3-e7751f272b2f</sln:wojIIPId><sln:wojIIPPn>PL.PZGIK.200</sln:wojIIPPn><sln:wojIIPWersja>2017-10-10T00:00:00+02:00</sln:wojIIPWersja><sln:wojIdTeryt>12</sln:wojIdTeryt><sln:wojNazwa>małopolskie</sln:wojNazwa></sln:miejscowosc><sln:miejscowosc><sln:cyklZyciaDo>2016-11-26T00:00:00+01:00</sln:cyklZyciaDo><sln:cyklZyciaOd>2015-12-08T00:00:00+01:00</sln:cyklZyciaOd><sln:gmIIPId>daed7014-17ce-46b8-9f7f-803fdeaa8373</sln:gmIIPId><sln:gmIIPPn>PL.PZGIK.200</sln:gmIIPPn><sln:gmIIPWersja>2012-09-26T22:11:33+02:00</sln:gmIIPWersja><sln:gmIdTeryt>1212011</sln:gmIdTeryt><sln:gmNazwa>Bukowno</sln:gmNazwa><sln:miejscIIPId>304d0052-1792-4c87-bd6a-47225fbf2ad1</sln:miejscIIPId><sln:miejscIIPPn>PL.PZGIK.200</sln:miejscIIPPn><sln:miejscIIPWersja>2016-11-24T13:48:03+02:00</sln:miejscIIPWersja><sln:miejscIdTeryt>0938657</sln:miejscIdTeryt><sln:miejscNIIPId>ca144a77-28dc-4797-87d0-f8f23e01aac5</sln:miejscNIIPId><sln:miejscNIIPPn>PL.PZGIK.200</sln:miejscNIIPPn><sln:miejscNIIPWersja>2016-11-24T13:31:52+02:00</sln:miejscNIIPWersja><sln:miejscNIdTeryt>0938404</sln:miejscNIdTeryt><sln:miejscNNazwa>Bukowno</sln:miejscNNazwa><sln:miejscNRodzaj>Miasto</sln:miejscNRodzaj><sln:miejscNazwa>Wygiełza</sln:miejscNazwa><sln:miejscRodzaj>Inny obiekt</sln:miejscRodzaj><sln:powIIPId>635515cd-30e5-47cd-b0b2-db0113ac269f</sln:powIIPId><sln:powIIPPn>PL.PZGIK.200</sln:powIIPPn><sln:powIIPWersja>2012-09-27T07:52:00+02:00</sln:powIIPWersja><sln:powIdTeryt>1212</sln:powIdTeryt><sln:powNazwa>olkuski</sln:powNazwa><sln:wojIIPId>dd2e3c64-f861-47cf-a3a3-e7751f272b2f</sln:wojIIPId><sln:wojIIPPn>PL.PZGIK.200</sln:wojIIPPn><sln:wojIIPWersja>2017-10-10T00:00:00+02:00</sln:wojIIPWersja><sln:wojIdTeryt>12</sln:wojIdTeryt><sln:wojNazwa>małopolskie</sln:wojNazwa></sln:miejscowosc><sln:miejscowosc><sln:cyklZyciaDo>2016-11-26T00:00:00+01:00</sln:cyklZyciaDo><sln:cyklZyciaOd>2015-12-08T00:00:00+01:00</sln:cyklZyciaOd><sln:gmIIPId>daed7014-17ce-46b8-9f7f-803fdeaa8373</sln:gmIIPId><sln:gmIIPPn>PL.PZGIK.200</sln:gmIIPPn><sln:gmIIPWersja>2012-09-26T22:11:33+02:00</sln:gmIIPWersja><sln:gmIdTeryt>1212011</sln:gmIdTeryt><sln:gmNazwa>Bukowno</sln:gmNazwa><sln:miejscIIPId>7fbaf246-7753-4a96-8463-b80508351465</sln:miejscIIPId><sln:miejscIIPPn>PL.PZGIK.200</sln:miejscIIPPn><sln:miejscIIPWersja>2016-11-24T13:48:02+02:00</sln:miejscIIPWersja><sln:miejscIdTeryt>0938611</sln:miejscIdTeryt><sln:miejscNIIPId>ca144a77-28dc-4797-87d0-f8f23e01aac5</sln:miejscNIIPId><sln:miejscNIIPPn>PL.PZGIK.200</sln:miejscNIIPPn><sln:miejscNIIPWersja>2016-11-24T13:31:52+02:00</sln:miejscNIIPWersja><sln:miejscNIdTeryt>0938404</sln:miejscNIdTeryt><sln:miejscNNazwa>Bukowno</sln:miejscNNazwa><sln:miejscNRodzaj>Miasto</sln:miejscNRodzaj><sln:miejscNazwa>Świnia Góra</sln:miejscNazwa><sln:miejscRodzaj>Inny obiekt</sln:miejscRodzaj><sln:powIIPId>635515cd-30e5-47cd-b0b2-db0113ac269f</sln:powIIPId><sln:powIIPPn>PL.PZGIK.200</sln:powIIPPn><sln:powIIPWersja>2012-09-27T07:52:00+02:00</sln:powIIPWersja><sln:powIdTeryt>1212</sln:powIdTeryt><sln:powNazwa>olkuski</sln:powNazwa><sln:wojIIPId>dd2e3c64-f861-47cf-a3a3-e7751f272b2f</sln:wojIIPId><sln:wojIIPPn>PL.PZGIK.200</sln:wojIIPPn><sln:wojIIPWersja>2017-10-10T00:00:00+02:00</sln:wojIIPWersja><sln:wojIdTeryt>12</sln:wojIdTeryt><sln:wojNazwa>małopolskie</sln:wojNazwa></sln:miejscowosc><sln:miejscowosc><sln:cyklZyciaDo>2016-11-26T00:00:00+01:00</sln:cyklZyciaDo><sln:cyklZyciaOd>2015-12-08T00:00:00+01:00</sln:cyklZyciaOd><sln:gmIIPId>daed7014-17ce-46b8-9f7f-803fdeaa8373</sln:gmIIPId><sln:gmIIPPn>PL.PZGIK.200</sln:gmIIPPn><sln:gmIIPWersja>2012-09-26T22:11:33+02:00</sln:gmIIPWersja><sln:gmIdTeryt>1212011</sln:gmIdTeryt><sln:gmNazwa>Bukowno</sln:gmNazwa><sln:miejscIIPId>adfe6ad8-9ad9-4a02-9b8d-b53bf62628cc</sln:miejscIIPId><sln:miejscIIPPn>PL.PZGIK.200</sln:miejscIIPPn><sln:miejscIIPWersja>2016-11-24T13:48:10+02:00</sln:miejscIIPWersja><sln:miejscIdTeryt>0938427</sln:miejscIdTeryt><sln:miejscNIIPId>ca144a77-28dc-4797-87d0-f8f23e01aac5</sln:miejscNIIPId><sln:miejscNIIPPn>PL.PZGIK.200</sln:miejscNIIPPn><sln:miejscNIIPWersja>2016-11-24T13:31:52+02:00</sln:miejscNIIPWersja><sln:miejscNIdTeryt>0938404</sln:miejscNIdTeryt><sln:miejscNNazwa>Bukowno</sln:miejscNNazwa><sln:miejscNRodzaj>Miasto</sln:miejscNRodzaj><sln:miejscNazwa>Bór Biskupi</sln:miejscNazwa><sln:miejscRodzaj>Inny obiekt</sln:miejscRodzaj><sln:powIIPId>635515cd-30e5-47cd-b0b2-db0113ac269f</sln:powIIPId><sln:powIIPPn>PL.PZGIK.200</sln:powIIPPn><sln:powIIPWersja>2012-09-27T07:52:00+02:00</sln:powIIPWersja><sln:powIdTeryt>1212</sln:powIdTeryt><sln:powNazwa>olkuski</sln:powNazwa><sln:wojIIPId>dd2e3c64-f861-47cf-a3a3-e7751f272b2f</sln:wojIIPId><sln:wojIIPPn>PL.PZGIK.200</sln:wojIIPPn><sln:wojIIPWersja>2017-10-10T00:00:00+02:00</sln:wojIIPWersja><sln:wojIdTeryt>12</sln:wojIdTeryt><sln:wojNazwa>małopolskie</sln:wojNazwa></sln:miejscowosc><sln:miejscowosc><sln:cyklZyciaDo>2016-11-26T00:00:00+01:00</sln:cyklZyciaDo><sln:cyklZyciaOd>2015-12-08T00:00:00+01:00</sln:cyklZyciaOd><sln:gmIIPId>daed7014-17ce-46b8-9f7f-803fdeaa8373</sln:gmIIPId><sln:gmIIPPn>PL.PZGIK.200</sln:gmIIPPn><sln:gmIIPWersja>2012-09-26T22:11:33+02:00</sln:gmIIPWersja><sln:gmIdTeryt>1212011</sln:gmIdTeryt><sln:gmNazwa>Bukowno</sln:gmNazwa><sln:miejscIIPId>4f66f5cc-8d04-4930-8d7c-44d3ac47514d</sln:miejscIIPId><sln:miejscIIPPn>PL.PZGIK.200</sln:miejscIIPPn><sln:miejscIIPWersja>2016-11-24T13:48:01+02:00</sln:miejscIIPWersja><sln:miejscIdTeryt>0938640</sln:miejscIdTeryt><sln:miejscNIIPId>ca144a77-28dc-4797-87d0-f8f23e01aac5</sln:miejscNIIPId><sln:miejscNIIPPn>PL.PZGIK.200</sln:miejscNIIPPn><sln:miejscNIIPWersja>2016-11-24T13:31:52+02:00</sln:miejscNIIPWersja><sln:miejscNIdTeryt>0938404</sln:miejscNIdTeryt><sln:miejscNNazwa>Bukowno</sln:miejscNNazwa><sln:miejscNRodzaj>Miasto</sln:miejscNRodzaj><sln:miejscNazwa>Wodąca</sln:miejscNazwa><sln:miejscRodzaj>Inny obiekt</sln:miejscRodzaj><sln:powIIPId>635515cd-30e5-47cd-b0b2-db0113ac269f</sln:powIIPId><sln:powIIPPn>PL.PZGIK.200</sln:powIIPPn><sln:powIIPWersja>2012-09-27T07:52:00+02:00</sln:powIIPWersja><sln:powIdTeryt>1212</sln:powIdTeryt><sln:powNazwa>olkuski</sln:powNazwa><sln:wojIIPId>dd2e3c64-f861-47cf-a3a3-e7751f272b2f</sln:wojIIPId><sln:wojIIPPn>PL.PZGIK.200</sln:wojIIPPn><sln:wojIIPWersja>2017-10-10T00:00:00+02:00</sln:wojIIPWersja><sln:wojIdTeryt>12</sln:wojIdTeryt><sln:wojNazwa>małopolskie</sln:wojNazwa></sln:miejscowosc><sln:miejscowosc><sln:cyklZyciaDo>2016-11-26T00:00:00+01:00</sln:cyklZyciaDo><sln:cyklZyciaOd>2015-12-08T00:00:00+01:00</sln:cyklZyciaOd><sln:gmIIPId>daed7014-17ce-46b8-9f7f-803fdeaa8373</sln:gmIIPId><sln:gmIIPPn>PL.PZGIK.200</sln:gmIIPPn><sln:gmIIPWersja>2012-09-26T22:11:33+02:00</sln:gmIIPWersja><sln:gmIdTeryt>1212011</sln:gmIdTeryt><sln:gmNazwa>Bukowno</sln:gmNazwa><sln:miejscIIPId>530fbf15-60a6-40e4-8cd6-3cbaa25fd3eb</sln:miejscIIPId><sln:miejscIIPPn>PL.PZGIK.200</sln:miejscIIPPn><sln:miejscIIPWersja>2016-11-24T13:48:00+02:00</sln:miejscIIPWersja><sln:miejscIdTeryt>0938634</sln:miejscIdTeryt><sln:miejscNIIPId>ca144a77-28dc-4797-87d0-f8f23e01aac5</sln:miejscNIIPId><sln:miejscNIIPPn>PL.PZGIK.200</sln:miejscNIIPPn><sln:miejscNIIPWersja>2016-11-24T13:31:52+02:00</sln:miejscNIIPWersja><sln:miejscNIdTeryt>0938404</sln:miejscNIdTeryt><sln:miejscNNazwa>Bukowno</sln:miejscNNazwa><sln:miejscNRodzaj>Miasto</sln:miejscNRodzaj><sln:miejscNazwa>Wapiennik</sln:miejscNazwa><sln:miejscRodzaj>Inny obiekt</sln:miejscRodzaj><sln:powIIPId>635515cd-30e5-47cd-b0b2-db0113ac269f</sln:powIIPId><sln:powIIPPn>PL.PZGIK.200</sln:powIIPPn><sln:powIIPWersja>2012-09-27T07:52:00+02:00</sln:powIIPWersja><sln:powIdTeryt>1212</sln:powIdTeryt><sln:powNazwa>olkuski</sln:powNazwa><sln:wojIIPId>dd2e3c64-f861-47cf-a3a3-e7751f272b2f</sln:wojIIPId><sln:wojIIPPn>PL.PZGIK.200</sln:wojIIPPn><sln:wojIIPWersja>2017-10-10T00:00:00+02:00</sln:wojIIPWersja><sln:wojIdTeryt>12</sln:wojIdTeryt><sln:wojNazwa>małopolskie</sln:wojNazwa></sln:miejscowosc><sln:miejscowosc><sln:cyklZyciaDo>2016-11-26T00:00:00+01:00</sln:cyklZyciaDo><sln:cyklZyciaOd>2015-12-08T00:00:00+01:00</sln:cyklZyciaOd><sln:gmIIPId>daed7014-17ce-46b8-9f7f-803fdeaa8373</sln:gmIIPId><sln:gmIIPPn>PL.PZGIK.200</sln:gmIIPPn><sln:gmIIPWersja>2012-09-26T22:11:33+02:00</sln:gmIIPWersja><sln:gmIdTeryt>1212011</sln:gmIdTeryt><sln:gmNazwa>Bukowno</sln:gmNazwa><sln:miejscIIPId>e89b5801-c93f-4a29-a33e-16985b938425</sln:miejscIIPId><sln:miejscIIPPn>PL.PZGIK.200</sln:miejscIIPPn><sln:miejscIIPWersja>2016-11-24T13:48:08+02:00</sln:miejscIIPWersja><sln:miejscIdTeryt>0938491</sln:miejscIdTeryt><sln:miejscNIIPId>ca144a77-28dc-4797-87d0-f8f23e01aac5</sln:miejscNIIPId><sln:miejscNIIPPn>PL.PZGIK.200</sln:miejscNIIPPn><sln:miejscNIIPWersja>2016-11-24T13:31:52+02:00</sln:miejscNIIPWersja><sln:miejscNIdTeryt>0938404</sln:miejscNIdTeryt><sln:miejscNNazwa>Bukowno</sln:miejscNNazwa><sln:miejscNRodzaj>Miasto</sln:miejscNRodzaj><sln:miejscNazwa>Piaski</sln:miejscNazwa><sln:miejscRodzaj>Inny obiekt</sln:miejscRodzaj><sln:powIIPId>635515cd-30e5-47cd-b0b2-db0113ac269f</sln:powIIPId><sln:powIIPPn>PL.PZGIK.200</sln:powIIPPn><sln:powIIPWersja>2012-09-27T07:52:00+02:00</sln:powIIPWersja><sln:powIdTeryt>1212</sln:powIdTeryt><sln:powNazwa>olkuski</sln:powNazwa><sln:wojIIPId>dd2e3c64-f861-47cf-a3a3-e7751f272b2f</sln:wojIIPId><sln:wojIIPPn>PL.PZGIK.200</sln:wojIIPPn><sln:wojIIPWersja>2017-10-10T00:00:00+02:00</sln:wojIIPWersja><sln:wojIdTeryt>12</sln:wojIdTeryt><sln:wojNazwa>małopolskie</sln:wojNazwa></sln:miejscowosc><sln:miejscowosc><sln:cyklZyciaDo>2016-11-26T00:00:00+01:00</sln:cyklZyciaDo><sln:cyklZyciaOd>2015-12-08T00:00:00+01:00</sln:cyklZyciaOd><sln:gmIIPId>daed7014-17ce-46b8-9f7f-803fdeaa8373</sln:gmIIPId><sln:gmIIPPn>PL.PZGIK.200</sln:gmIIPPn><sln:gmIIPWersja>2012-09-26T22:11:33+02:00</sln:gmIIPWersja><sln:gmIdTeryt>1212011</sln:gmIdTeryt><sln:gmNazwa>Bukowno</sln:gmNazwa><sln:miejscIIPId>3a9bd180-90b0-43a9-82ec-582e15c12bc3</sln:miejscIIPId><sln:miejscIIPPn>PL.PZGIK.200</sln:miejscIIPPn><sln:miejscIIPWersja>2016-11-24T13:48:09+02:00</sln:miejscIIPWersja><sln:miejscIdTeryt>0938462</sln:miejscIdTeryt><sln:miejscNIIPId>ca144a77-28dc-4797-87d0-f8f23e01aac5</sln:miejscNIIPId><sln:miejscNIIPPn>PL.PZGIK.200</sln:miejscNIIPPn><sln:miejscNIIPWersja>2016-11-24T13:31:52+02:00</sln:miejscNIIPWersja><sln:miejscNIdTeryt>0938404</sln:miejscNIdTeryt><sln:miejscNNazwa>Bukowno</sln:miejscNNazwa><sln:miejscNRodzaj>Miasto</sln:miejscNRodzaj><sln:miejscNazwa>Kleparz</sln:miejscNazwa><sln:miejscRodzaj>Inny obiekt</sln:miejscRodzaj><sln:powIIPId>635515cd-30e5-47cd-b0b2-db0113ac269f</sln:powIIPId><sln:powIIPPn>PL.PZGIK.200</sln:powIIPPn><sln:powIIPWersja>2012-09-27T07:52:00+02:00</sln:powIIPWersja><sln:powIdTeryt>1212</sln:powIdTeryt><sln:powNazwa>olkuski</sln:powNazwa><sln:wojIIPId>dd2e3c64-f861-47cf-a3a3-e7751f272b2f</sln:wojIIPId><sln:wojIIPPn>PL.PZGIK.200</sln:wojIIPPn><sln:wojIIPWersja>2017-10-10T00:00:00+02:00</sln:wojIIPWersja><sln:wojIdTeryt>12</sln:wojIdTeryt><sln:wojNazwa>małopolskie</sln:wojNazwa></sln:miejscowosc><sln:miejscowosc><sln:cyklZyciaDo>2016-11-26T00:00:00+01:00</sln:cyklZyciaDo><sln:cyklZyciaOd>2015-12-08T00:00:00+01:00</sln:cyklZyciaOd><sln:gmIIPId>daed7014-17ce-46b8-9f7f-803fdeaa8373</sln:gmIIPId><sln:gmIIPPn>PL.PZGIK.200</sln:gmIIPPn><sln:gmIIPWersja>2012-09-26T22:11:33+02:00</sln:gmIIPWersja><sln:gmIdTeryt>1212011</sln:gmIdTeryt><sln:gmNazwa>Bukowno</sln:gmNazwa><sln:miejscIIPId>a052e0cd-d18a-4bbd-a0f3-4216aa4a5138</sln:miejscIIPId><sln:miejscIIPPn>PL.PZGIK.200</sln:miejscIIPPn><sln:miejscIIPWersja>2016-11-24T13:48:07+02:00</sln:miejscIIPWersja><sln:miejscIdTeryt>0938456</sln:miejscIdTeryt><sln:miejscNIIPId>ca144a77-28dc-4797-87d0-f8f23e01aac5</sln:miejscNIIPId><sln:miejscNIIPPn>PL.PZGIK.200</sln:miejscNIIPPn><sln:miejscNIIPWersja>2016-11-24T13:31:52+02:00</sln:miejscNIIPWersja><sln:miejscNIdTeryt>0938404</sln:miejscNIdTeryt><sln:miejscNNazwa>Bukowno</sln:miejscNNazwa><sln:miejscNRodzaj>Miasto</sln:miejscNRodzaj><sln:miejscNazwa>Jeziorki</sln:miejscNazwa><sln:miejscRodzaj>Inny obiekt</sln:miejscRodzaj><sln:powIIPId>635515cd-30e5-47cd-b0b2-db0113ac269f</sln:powIIPId><sln:powIIPPn>PL.PZGIK.200</sln:powIIPPn><sln:powIIPWersja>2012-09-27T07:52:00+02:00</sln:powIIPWersja><sln:powIdTeryt>1212</sln:powIdTeryt><sln:powNazwa>olkuski</sln:powNazwa><sln:wojIIPId>dd2e3c64-f861-47cf-a3a3-e7751f272b2f</sln:wojIIPId><sln:wojIIPPn>PL.PZGIK.200</sln:wojIIPPn><sln:wojIIPWersja>2017-10-10T00:00:00+02:00</sln:wojIIPWersja><sln:wojIdTeryt>12</sln:wojIdTeryt><sln:wojNazwa>małopolskie</sln:wojNazwa></sln:miejscowosc><sln:miejscowosc><sln:cyklZyciaDo>2016-11-26T00:00:00+01:00</sln:cyklZyciaDo><sln:cyklZyciaOd>2015-12-08T00:00:00+01:00</sln:cyklZyciaOd><sln:gmIIPId>daed7014-17ce-46b8-9f7f-803fdeaa8373</sln:gmIIPId><sln:gmIIPPn>PL.PZGIK.200</sln:gmIIPPn><sln:gmIIPWersja>2012-09-26T22:11:33+02:00</sln:gmIIPWersja><sln:gmIdTeryt>1212011</sln:gmIdTeryt><sln:gmNazwa>Bukowno</sln:gmNazwa><sln:miejscIIPId>638aecde-e281-4091-a31b-ce1c339d0aa2</sln:miejscIIPId><sln:miejscIIPPn>PL.PZGIK.200</sln:miejscIIPPn><sln:miejscIIPWersja>2016-11-24T13:48:04+02:00</sln:miejscIIPWersja><sln:miejscIdTeryt>0938433</sln:miejscIdTeryt><sln:miejscNIIPId>ca144a77-28dc-4797-87d0-f8f23e01aac5</sln:miejscNIIPId><sln:miejscNIIPPn>PL.PZGIK.200</sln:miejscNIIPPn><sln:miejscNIIPWersja>2016-11-24T13:31:52+02:00</sln:miejscNIIPWersja><sln:miejscNIdTeryt>0938404</sln:miejscNIdTeryt><sln:miejscNNazwa>Bukowno</sln:miejscNNazwa><sln:miejscNRodzaj>Miasto</sln:miejscNRodzaj><sln:miejscNazwa>Dołek</sln:miejscNazwa><sln:miejscRodzaj>Inny obiekt</sln:miejscRodzaj><sln:powIIPId>635515cd-30e5-47cd-b0b2-db0113ac269f</sln:powIIPId><sln:powIIPPn>PL.PZGIK.200</sln:powIIPPn><sln:powIIPWersja>2012-09-27T07:52:00+02:00</sln:powIIPWersja><sln:powIdTeryt>1212</sln:powIdTeryt><sln:powNazwa>olkuski</sln:powNazwa><sln:wojIIPId>dd2e3c64-f861-47cf-a3a3-e7751f272b2f</sln:wojIIPId><sln:wojIIPPn>PL.PZGIK.200</sln:wojIIPPn><sln:wojIIPWersja>2017-10-10T00:00:00+02:00</sln:wojIIPWersja><sln:wojIdTeryt>12</sln:wojIdTeryt><sln:wojNazwa>małopolskie</sln:wojNazwa></sln:miejscowosc><sln:miejscowosc><sln:cyklZyciaDo>2016-11-26T00:00:00+01:00</sln:cyklZyciaDo><sln:cyklZyciaOd>2015-12-08T00:00:00+01:00</sln:cyklZyciaOd><sln:gmIIPId>daed7014-17ce-46b8-9f7f-803fdeaa8373</sln:gmIIPId><sln:gmIIPPn>PL.PZGIK.200</sln:gmIIPPn><sln:gmIIPWersja>2012-09-26T22:11:33+02:00</sln:gmIIPWersja><sln:gmIdTeryt>1212011</sln:gmIdTeryt><sln:gmNazwa>Bukowno</sln:gmNazwa><sln:miejscIIPId>7ac7072d-3274-48b9-9170-3aec39b96ece</sln:miejscIIPId><sln:miejscIIPPn>PL.PZGIK.200</sln:miejscIIPPn><sln:miejscIIPWersja>2016-11-24T13:47:50+02:00</sln:miejscIIPWersja><sln:miejscIdTeryt>0938500</sln:miejscIdTeryt><sln:miejscNIIPId>ca144a77-28dc-4797-87d0-f8f23e01aac5</sln:miejscNIIPId><sln:miejscNIIPPn>PL.PZGIK.200</sln:miejscNIIPPn><sln:miejscNIIPWersja>2016-11-24T13:31:52+02:00</sln:miejscNIIPWersja><sln:miejscNIdTeryt>0938404</sln:miejscNIdTeryt><sln:miejscNNazwa>Bukowno</sln:miejscNNazwa><sln:miejscNRodzaj>Miasto</sln:miejscNRodzaj><sln:miejscNazwa>Podlesie</sln:miejscNazwa><sln:miejscRodzaj>Inny obiekt</sln:miejscRodzaj><sln:powIIPId>635515cd-30e5-47cd-b0b2-db0113ac269f</sln:powIIPId><sln:powIIPPn>PL.PZGIK.200</sln:powIIPPn><sln:powIIPWersja>2012-09-27T07:52:00+02:00</sln:powIIPWersja><sln:powIdTeryt>1212</sln:powIdTeryt><sln:powNazwa>olkuski</sln:powNazwa><sln:wojIIPId>dd2e3c64-f861-47cf-a3a3-e7751f272b2f</sln:wojIIPId><sln:wojIIPPn>PL.PZGIK.200</sln:wojIIPPn><sln:wojIIPWersja>2017-10-10T00:00:00+02:00</sln:wojIIPWersja><sln:wojIdTeryt>12</sln:wojIdTeryt><sln:wojNazwa>małopolskie</sln:wojNazwa></sln:miejscowosc><sln:miejscowosc><sln:cyklZyciaDo>2016-11-26T00:00:00+01:00</sln:cyklZyciaDo><sln:cyklZyciaOd>2015-12-08T00:00:00+01:00</sln:cyklZyciaOd><sln:gmIIPId>daed7014-17ce-46b8-9f7f-803fdeaa8373</sln:gmIIPId><sln:gmIIPPn>PL.PZGIK.200</sln:gmIIPPn><sln:gmIIPWersja>2012-09-26T22:11:33+02:00</sln:gmIIPWersja><sln:gmIdTeryt>1212011</sln:gmIdTeryt><sln:gmNazwa>Bukowno</sln:gmNazwa><sln:miejscIIPId>a011ca37-683b-4735-a988-c6b83c8c4a3d</sln:miejscIIPId><sln:miejscIIPPn>PL.PZGIK.200</sln:miejscIIPPn><sln:miejscIIPWersja>2016-11-24T13:47:51+02:00</sln:miejscIIPWersja><sln:miejscIdTeryt>0938516</sln:miejscIdTeryt><sln:miejscNIIPId>ca144a77-28dc-4797-87d0-f8f23e01aac5</sln:miejscNIIPId><sln:miejscNIIPPn>PL.PZGIK.200</sln:miejscNIIPPn><sln:miejscNIIPWersja>2016-11-24T13:31:52+02:00</sln:miejscNIIPWersja><sln:miejscNIdTeryt>0938404</sln:miejscNIdTeryt><sln:miejscNNazwa>Bukowno</sln:miejscNNazwa><sln:miejscNRodzaj>Miasto</sln:miejscNRodzaj><sln:miejscNazwa>Podpolis</sln:miejscNazwa><sln:miejscRodzaj>Inny obiekt</sln:miejscRodzaj><sln:powIIPId>635515cd-30e5-47cd-b0b2-db0113ac269f</sln:powIIPId><sln:powIIPPn>PL.PZGIK.200</sln:powIIPPn><sln:powIIPWersja>2012-09-27T07:52:00+02:00</sln:powIIPWersja><sln:powIdTeryt>1212</sln:powIdTeryt><sln:powNazwa>olkuski</sln:powNazwa><sln:wojIIPId>dd2e3c64-f861-47cf-a3a3-e7751f272b2f</sln:wojIIPId><sln:wojIIPPn>PL.PZGIK.200</sln:wojIIPPn><sln:wojIIPWersja>2017-10-10T00:00:00+02:00</sln:wojIIPWersja><sln:wojIdTeryt>12</sln:wojIdTeryt><sln:wojNazwa>małopolskie</sln:wojNazwa></sln:miejscowosc><sln:miejscowosc><sln:cyklZyciaDo>2016-11-26T00:00:00+01:00</sln:cyklZyciaDo><sln:cyklZyciaOd>2014-09-22T00:00:00+02:00</sln:cyklZyciaOd><sln:gmIIPId>daed7014-17ce-46b8-9f7f-803fdeaa8373</sln:gmIIPId><sln:gmIIPPn>PL.PZGIK.200</sln:gmIIPPn><sln:gmIIPWersja>2012-09-26T22:11:33+02:00</sln:gmIIPWersja><sln:gmIdTeryt>1212011</sln:gmIdTeryt><sln:gmNazwa>Bukowno</sln:gmNazwa><sln:miejscIIPId>6fed228c-4d6f-4143-9f67-945765a6f319</sln:miejscIIPId><sln:miejscIIPPn>PL.PZGIK.200</sln:miejscIIPPn><sln:miejscIIPWersja>2016-11-24T13:47:59+02:00</sln:miejscIIPWersja><sln:miejscIdTeryt>0938605</sln:miejscIdTeryt><sln:miejscNazwa>Stare Bukowno</sln:miejscNazwa><sln:miejscRodzaj>Inny obiekt</sln:miejscRodzaj><sln:powIIPId>635515cd-30e5-47cd-b0b2-db0113ac269f</sln:powIIPId><sln:powIIPPn>PL.PZGIK.200</sln:powIIPPn><sln:powIIPWersja>2012-09-27T07:52:00+02:00</sln:powIIPWersja><sln:powIdTeryt>1212</sln:powIdTeryt><sln:powNazwa>olkuski</sln:powNazwa><sln:wojIIPId>dd2e3c64-f861-47cf-a3a3-e7751f272b2f</sln:wojIIPId><sln:wojIIPPn>PL.PZGIK.200</sln:wojIIPPn><sln:wojIIPWersja>2017-10-10T00:00:00+02:00</sln:wojIIPWersja><sln:wojIdTeryt>12</sln:wojIdTeryt><sln:wojNazwa>małopolskie</sln:wojNazwa></sln:miejscowosc><sln:miejscowosc><sln:cyklZyciaDo>2016-11-26T00:00:00+01:00</sln:cyklZyciaDo><sln:cyklZyciaOd>2015-12-08T00:00:00+01:00</sln:cyklZyciaOd><sln:gmIIPId>daed7014-17ce-46b8-9f7f-803fdeaa8373</sln:gmIIPId><sln:gmIIPPn>PL.PZGIK.200</sln:gmIIPPn><sln:gmIIPWersja>2012-09-26T22:11:33+02:00</sln:gmIIPWersja><sln:gmIdTeryt>1212011</sln:gmIdTeryt><sln:gmNazwa>Bukowno</sln:gmNazwa><sln:miejscIIPId>ffdef30d-d862-487b-b35e-2315d4742bea</sln:miejscIIPId><sln:miejscIIPPn>PL.PZGIK.200</sln:miejscIIPPn><sln:miejscIIPWersja>2016-11-24T13:48:06+02:00</sln:miejscIIPWersja><sln:miejscIdTeryt>0938522</sln:miejscIdTeryt><sln:miejscNIIPId>ca144a77-28dc-4797-87d0-f8f23e01aac5</sln:miejscNIIPId><sln:miejscNIIPPn>PL.PZGIK.200</sln:miejscNIIPPn><sln:miejscNIIPWersja>2016-11-24T13:31:52+02:00</sln:miejscNIIPWersja><sln:miejscNIdTeryt>0938404</sln:miejscNIdTeryt><sln:miejscNNazwa>Bukowno</sln:miejscNNazwa><sln:miejscNRodzaj>Miasto</sln:miejscNRodzaj><sln:miejscNazwa>Polis</sln:miejscNazwa><sln:miejscRodzaj>Inny obiekt</sln:miejscRodzaj><sln:powIIPId>635515cd-30e5-47cd-b0b2-db0113ac269f</sln:powIIPId><sln:powIIPPn>PL.PZGIK.200</sln:powIIPPn><sln:powIIPWersja>2012-09-27T07:52:00+02:00</sln:powIIPWersja><sln:powIdTeryt>1212</sln:powIdTeryt><sln:powNazwa>olkuski</sln:powNazwa><sln:wojIIPId>dd2e3c64-f861-47cf-a3a3-e7751f272b2f</sln:wojIIPId><sln:wojIIPPn>PL.PZGIK.200</sln:wojIIPPn><sln:wojIIPWersja>2017-10-10T00:00:00+02:00</sln:wojIIPWersja><sln:wojIdTeryt>12</sln:wojIdTeryt><sln:wojNazwa>małopolskie</sln:wojNazwa></sln:miejscowosc><sln:miejscowosc><sln:cyklZyciaDo>2016-11-26T00:00:00+01:00</sln:cyklZyciaDo><sln:cyklZyciaOd>2015-12-08T00:00:00+01:00</sln:cyklZyciaOd><sln:gmIIPId>daed7014-17ce-46b8-9f7f-803fdeaa8373</sln:gmIIPId><sln:gmIIPPn>PL.PZGIK.200</sln:gmIIPPn><sln:gmIIPWersja>2012-09-26T22:11:33+02:00</sln:gmIIPWersja><sln:gmIdTeryt>1212011</sln:gmIdTeryt><sln:gmNazwa>Bukowno</sln:gmNazwa><sln:miejscIIPId>73226505-64b7-4f8d-a5bf-f49792263994</sln:miejscIIPId><sln:miejscIIPPn>PL.PZGIK.200</sln:miejscIIPPn><sln:miejscIIPWersja>2016-11-24T13:47:59+02:00</sln:miejscIIPWersja><sln:miejscIdTeryt>0938628</sln:miejscIdTeryt><sln:miejscNIIPId>ca144a77-28dc-4797-87d0-f8f23e01aac5</sln:miejscNIIPId><sln:miejscNIIPPn>PL.PZGIK.200</sln:miejscNIIPPn><sln:miejscNIIPWersja>2016-11-24T13:31:52+02:00</sln:miejscNIIPWersja><sln:miejscNIdTeryt>0938404</sln:miejscNIdTeryt><sln:miejscNNazwa>Bukowno</sln:miejscNNazwa><sln:miejscNRodzaj>Miasto</sln:miejscNRodzaj><sln:miejscNazwa>Tłukienka</sln:miejscNazwa><sln:miejscRodzaj>Inny obiekt</sln:miejscRodzaj><sln:powIIPId>635515cd-30e5-47cd-b0b2-db0113ac269f</sln:powIIPId><sln:powIIPPn>PL.PZGIK.200</sln:powIIPPn><sln:powIIPWersja>2012-09-27T07:52:00+02:00</sln:powIIPWersja><sln:powIdTeryt>1212</sln:powIdTeryt><sln:powNazwa>olkuski</sln:powNazwa><sln:wojIIPId>dd2e3c64-f861-47cf-a3a3-e7751f272b2f</sln:wojIIPId><sln:wojIIPPn>PL.PZGIK.200</sln:wojIIPPn><sln:wojIIPWersja>2017-10-10T00:00:00+02:00</sln:wojIIPWersja><sln:wojIdTeryt>12</sln:wojIdTeryt><sln:wojNazwa>małopolskie</sln:wojNazwa></sln:miejscowosc><sln:miejscowosc><sln:cyklZyciaDo>2016-11-26T00:00:00+01:00</sln:cyklZyciaDo><sln:cyklZyciaOd>2015-12-08T00:00:00+01:00</sln:cyklZyciaOd><sln:gmIIPId>daed7014-17ce-46b8-9f7f-803fdeaa8373</sln:gmIIPId><sln:gmIIPPn>PL.PZGIK.200</sln:gmIIPPn><sln:gmIIPWersja>2012-09-26T22:11:33+02:00</sln:gmIIPWersja><sln:gmIdTeryt>1212011</sln:gmIdTeryt><sln:gmNazwa>Bukowno</sln:gmNazwa><sln:miejscIIPId>2b3ee270-b4a2-4d2d-a284-5c4c1ca37d20</sln:miejscIIPId><sln:miejscIIPPn>PL.PZGIK.200</sln:miejscIIPPn><sln:miejscIIPWersja>2016-11-24T13:41:12+02:00</sln:miejscIIPWersja><sln:miejscIdTeryt>3015083</sln:miejscIdTeryt><sln:miejscNIIPId>ca144a77-28dc-4797-87d0-f8f23e01aac5</sln:miejscNIIPId><sln:miejscNIIPPn>PL.PZGIK.200</sln:miejscNIIPPn><sln:miejscNIIPWersja>2016-11-24T13:31:52+02:00</sln:miejscNIIPWersja><sln:miejscNIdTeryt>0938404</sln:miejscNIdTeryt><sln:miejscNNazwa>Bukowno</sln:miejscNNazwa><sln:miejscNRodzaj>Miasto</sln:miejscNRodzaj><sln:miejscNazwa>Cyzowizna</sln:miejscNazwa><sln:miejscRodzaj>Inny obiekt</sln:miejscRodzaj><sln:powIIPId>635515cd-30e5-47cd-b0b2-db0113ac269f</sln:powIIPId><sln:powIIPPn>PL.PZGIK.200</sln:powIIPPn><sln:powIIPWersja>2012-09-27T07:52:00+02:00</sln:powIIPWersja><sln:powIdTeryt>1212</sln:powIdTeryt><sln:powNazwa>olkuski</sln:powNazwa><sln:wojIIPId>dd2e3c64-f861-47cf-a3a3-e7751f272b2f</sln:wojIIPId><sln:wojIIPPn>PL.PZGIK.200</sln:wojIIPPn><sln:wojIIPWersja>2017-10-10T00:00:00+02:00</sln:wojIIPWersja><sln:wojIdTeryt>12</sln:wojIdTeryt><sln:wojNazwa>małopolskie</sln:wojNazwa></sln:miejscowosc><sln:miejscowosc><sln:cyklZyciaDo>2016-11-26T00:00:00+01:00</sln:cyklZyciaDo><sln:cyklZyciaOd>2015-12-08T00:00:00+01:00</sln:cyklZyciaOd><sln:gmIIPId>daed7014-17ce-46b8-9f7f-803fdeaa8373</sln:gmIIPId><sln:gmIIPPn>PL.PZGIK.200</sln:gmIIPPn><sln:gmIIPWersja>2012-09-26T22:11:33+02:00</sln:gmIIPWersja><sln:gmIdTeryt>1212011</sln:gmIdTeryt><sln:gmNazwa>Bukowno</sln:gmNazwa><sln:miejscIIPId>e48d0b6f-f942-4eb1-81ad-d2fca077c599</sln:miejscIIPId><sln:miejscIIPPn>PL.PZGIK.200</sln:miejscIIPPn><sln:miejscIIPWersja>2016-11-24T13:41:13+02:00</sln:miejscIIPWersja><sln:miejscIdTeryt>3015086</sln:miejscIdTeryt><sln:miejscNIIPId>ca144a77-28dc-4797-87d0-f8f23e01aac5</sln:miejscNIIPId><sln:miejscNIIPPn>PL.PZGIK.200</sln:miejscNIIPPn><sln:miejscNIIPWersja>2016-11-24T13:31:52+02:00</sln:miejscNIIPWersja><sln:miejscNIdTeryt>0938404</sln:miejscNIdTeryt><sln:miejscNNazwa>Bukowno</sln:miejscNNazwa><sln:miejscNRodzaj>Miasto</sln:miejscNRodzaj><sln:miejscNazwa>Pomorzany</sln:miejscNazwa><sln:miejscRodzaj>Inny obiekt</sln:miejscRodzaj><sln:powIIPId>635515cd-30e5-47cd-b0b2-db0113ac269f</sln:powIIPId><sln:powIIPPn>PL.PZGIK.200</sln:powIIPPn><sln:powIIPWersja>2012-09-27T07:52:00+02:00</sln:powIIPWersja><sln:powIdTeryt>1212</sln:powIdTeryt><sln:powNazwa>olkuski</sln:powNazwa><sln:wojIIPId>dd2e3c64-f861-47cf-a3a3-e7751f272b2f</sln:wojIIPId><sln:wojIIPPn>PL.PZGIK.200</sln:wojIIPPn><sln:wojIIPWersja>2017-10-10T00:00:00+02:00</sln:wojIIPWersja><sln:wojIdTeryt>12</sln:wojIdTeryt><sln:wojNazwa>małopolskie</sln:wojNazwa></sln:miejscowosc><sln:miejscowosc><sln:cyklZyciaDo>2016-11-26T00:00:00+01:00</sln:cyklZyciaDo><sln:cyklZyciaOd>2015-12-08T00:00:00+01:00</sln:cyklZyciaOd><sln:gmIIPId>daed7014-17ce-46b8-9f7f-803fdeaa8373</sln:gmIIPId><sln:gmIIPPn>PL.PZGIK.200</sln:gmIIPPn><sln:gmIIPWersja>2012-09-26T22:11:33+02:00</sln:gmIIPWersja><sln:gmIdTeryt>1212011</sln:gmIdTeryt><sln:gmNazwa>Bukowno</sln:gmNazwa><sln:miejscIIPId>3fc81dd8-1ca5-4099-a82f-7a03b49ce3a0</sln:miejscIIPId><sln:miejscIIPPn>PL.PZGIK.200</sln:miejscIIPPn><sln:miejscIIPWersja>2016-11-24T13:47:57+02:00</sln:miejscIIPWersja><sln:miejscIdTeryt>0938580</sln:miejscIdTeryt><sln:miejscNIIPId>ca144a77-28dc-4797-87d0-f8f23e01aac5</sln:miejscNIIPId><sln:miejscNIIPPn>PL.PZGIK.200</sln:miejscNIIPPn><sln:miejscNIIPWersja>2016-11-24T13:31:52+02:00</sln:miejscNIIPWersja><sln:miejscNIdTeryt>0938404</sln:miejscNIdTeryt><sln:miejscNNazwa>Bukowno</sln:miejscNNazwa><sln:miejscNRodzaj>Miasto</sln:miejscNRodzaj><sln:miejscNazwa>Starczynów</sln:miejscNazwa><sln:miejscRodzaj>Inny obiekt</sln:miejscRodzaj><sln:powIIPId>635515cd-30e5-47cd-b0b2-db0113ac269f</sln:powIIPId><sln:powIIPPn>PL.PZGIK.200</sln:powIIPPn><sln:powIIPWersja>2012-09-27T07:52:00+02:00</sln:powIIPWersja><sln:powIdTeryt>1212</sln:powIdTeryt><sln:powNazwa>olkuski</sln:powNazwa><sln:wojIIPId>dd2e3c64-f861-47cf-a3a3-e7751f272b2f</sln:wojIIPId><sln:wojIIPPn>PL.PZGIK.200</sln:wojIIPPn><sln:wojIIPWersja>2017-10-10T00:00:00+02:00</sln:wojIIPWersja><sln:wojIdTeryt>12</sln:wojIdTeryt><sln:wojNazwa>małopolskie</sln:wojNazwa></sln:miejscowosc><sln:miejscowosc><sln:cyklZyciaDo>2016-11-26T00:00:00+01:00</sln:cyklZyciaDo><sln:cyklZyciaOd>2015-12-08T00:00:00+01:00</sln:cyklZyciaOd><sln:gmIIPId>daed7014-17ce-46b8-9f7f-803fdeaa8373</sln:gmIIPId><sln:gmIIPPn>PL.PZGIK.200</sln:gmIIPPn><sln:gmIIPWersja>2012-09-26T22:11:33+02:00</sln:gmIIPWersja><sln:gmIdTeryt>1212011</sln:gmIdTeryt><sln:gmNazwa>Bukowno</sln:gmNazwa><sln:miejscIIPId>886e571a-923a-4d71-91b4-9b334f03a04d</sln:miejscIIPId><sln:miejscIIPPn>PL.PZGIK.200</sln:miejscIIPPn><sln:miejscIIPWersja>2016-11-24T13:47:56+02:00</sln:miejscIIPWersja><sln:miejscIdTeryt>0938574</sln:miejscIdTeryt><sln:miejscNIIPId>ca144a77-28dc-4797-87d0-f8f23e01aac5</sln:miejscNIIPId><sln:miejscNIIPPn>PL.PZGIK.200</sln:miejscNIIPPn><sln:miejscNIIPWersja>2016-11-24T13:31:52+02:00</sln:miejscNIIPWersja><sln:miejscNIdTeryt>0938404</sln:miejscNIdTeryt><sln:miejscNNazwa>Bukowno</sln:miejscNNazwa><sln:miejscNRodzaj>Miasto</sln:miejscNRodzaj><sln:miejscNazwa>Stara Wieś</sln:miejscNazwa><sln:miejscRodzaj>Inny obiekt</sln:miejscRodzaj><sln:powIIPId>635515cd-30e5-47cd-b0b2-db0113ac269f</sln:powIIPId><sln:powIIPPn>PL.PZGIK.200</sln:powIIPPn><sln:powIIPWersja>2012-09-27T07:52:00+02:00</sln:powIIPWersja><sln:powIdTeryt>1212</sln:powIdTeryt><sln:powNazwa>olkuski</sln:powNazwa><sln:wojIIPId>dd2e3c64-f861-47cf-a3a3-e7751f272b2f</sln:wojIIPId><sln:wojIIPPn>PL.PZGIK.200</sln:wojIIPPn><sln:wojIIPWersja>2017-10-10T00:00:00+02:00</sln:wojIIPWersja><sln:wojIdTeryt>12</sln:wojIdTeryt><sln:wojNazwa>małopolskie</sln:wojNazwa></sln:miejscowosc><sln:miejscowosc><sln:cyklZyciaDo>2016-11-26T00:00:00+01:00</sln:cyklZyciaDo><sln:cyklZyciaOd>2015-12-08T00:00:00+01:00</sln:cyklZyciaOd><sln:gmIIPId>daed7014-17ce-46b8-9f7f-803fdeaa8373</sln:gmIIPId><sln:gmIIPPn>PL.PZGIK.200</sln:gmIIPPn><sln:gmIIPWersja>2012-09-26T22:11:33+02:00</sln:gmIIPWersja><sln:gmIdTeryt>1212011</sln:gmIdTeryt><sln:gmNazwa>Bukowno</sln:gmNazwa><sln:miejscIIPId>2cbdfac8-6c4b-4ed8-b3bd-029925a74832</sln:miejscIIPId><sln:miejscIIPPn>PL.PZGIK.200</sln:miejscIIPPn><sln:miejscIIPWersja>2016-11-24T13:47:54+02:00</sln:miejscIIPWersja><sln:miejscIdTeryt>0938551</sln:miejscIdTeryt><sln:miejscNIIPId>ca144a77-28dc-4797-87d0-f8f23e01aac5</sln:miejscNIIPId><sln:miejscNIIPPn>PL.PZGIK.200</sln:miejscNIIPPn><sln:miejscNIIPWersja>2016-11-24T13:31:52+02:00</sln:miejscNIIPWersja><sln:miejscNIdTeryt>0938404</sln:miejscNIdTeryt><sln:miejscNNazwa>Bukowno</sln:miejscNNazwa><sln:miejscNRodzaj>Miasto</sln:miejscNRodzaj><sln:miejscNazwa>Skałka</sln:miejscNazwa><sln:miejscRodzaj>Inny obiekt</sln:miejscRodzaj><sln:powIIPId>635515cd-30e5-47cd-b0b2-db0113ac269f</sln:powIIPId><sln:powIIPPn>PL.PZGIK.200</sln:powIIPPn><sln:powIIPWersja>2012-09-27T07:52:00+02:00</sln:powIIPWersja><sln:powIdTeryt>1212</sln:powIdTeryt><sln:powNazwa>olkuski</sln:powNazwa><sln:wojIIPId>dd2e3c64-f861-47cf-a3a3-e7751f272b2f</sln:wojIIPId><sln:wojIIPPn>PL.PZGIK.200</sln:wojIIPPn><sln:wojIIPWersja>2017-10-10T00:00:00+02:00</sln:wojIIPWersja><sln:wojIdTeryt>12</sln:wojIdTeryt><sln:wojNazwa>małopolskie</sln:wojNazwa></sln:miejscowosc><sln:miejscowosc><sln:cyklZyciaDo>2016-11-26T00:00:00+01:00</sln:cyklZyciaDo><sln:cyklZyciaOd>2015-12-08T00:00:00+01:00</sln:cyklZyciaOd><sln:gmIIPId>daed7014-17ce-46b8-9f7f-803fdeaa8373</sln:gmIIPId><sln:gmIIPPn>PL.PZGIK.200</sln:gmIIPPn><sln:gmIIPWersja>2012-09-26T22:11:33+02:00</sln:gmIIPWersja><sln:gmIdTeryt>1212011</sln:gmIdTeryt><sln:gmNazwa>Bukowno</sln:gmNazwa><sln:miejscIIPId>b15b43e9-1e2b-4ef3-9a67-096433b15bb9</sln:miejscIIPId><sln:miejscIIPPn>PL.PZGIK.200</sln:miejscIIPPn><sln:miejscIIPWersja>2016-11-24T13:47:55+02:00</sln:miejscIIPWersja><sln:miejscIdTeryt>0938568</sln:miejscIdTeryt><sln:miejscNIIPId>ca144a77-28dc-4797-87d0-f8f23e01aac5</sln:miejscNIIPId><sln:miejscNIIPPn>PL.PZGIK.200</sln:miejscNIIPPn><sln:miejscNIIPWersja>2016-11-24T13:31:52+02:00</sln:miejscNIIPWersja><sln:miejscNIdTeryt>0938404</sln:miejscNIdTeryt><sln:miejscNNazwa>Bukowno</sln:miejscNNazwa><sln:miejscNRodzaj>Miasto</sln:miejscNRodzaj><sln:miejscNazwa>Skotnica</sln:miejscNazwa><sln:miejscRodzaj>Inny obiekt</sln:miejscRodzaj><sln:powIIPId>635515cd-30e5-47cd-b0b2-db0113ac269f</sln:powIIPId><sln:powIIPPn>PL.PZGIK.200</sln:powIIPPn><sln:powIIPWersja>2012-09-27T07:52:00+02:00</sln:powIIPWersja><sln:powIdTeryt>1212</sln:powIdTeryt><sln:powNazwa>olkuski</sln:powNazwa><sln:wojIIPId>dd2e3c64-f861-47cf-a3a3-e7751f272b2f</sln:wojIIPId><sln:wojIIPPn>PL.PZGIK.200</sln:wojIIPPn><sln:wojIIPWersja>2017-10-10T00:00:00+02:00</sln:wojIIPWersja><sln:wojIdTeryt>12</sln:wojIdTeryt><sln:wojNazwa>małopolskie</sln:wojNazwa></sln:miejscowosc><sln:miejscowosc><sln:cyklZyciaDo>2016-11-26T00:00:00+01:00</sln:cyklZyciaDo><sln:cyklZyciaOd>2015-12-08T00:00:00+01:00</sln:cyklZyciaOd><sln:gmIIPId>daed7014-17ce-46b8-9f7f-803fdeaa8373</sln:gmIIPId><sln:gmIIPPn>PL.PZGIK.200</sln:gmIIPPn><sln:gmIIPWersja>2012-09-26T22:11:33+02:00</sln:gmIIPWersja><sln:gmIdTeryt>1212011</sln:gmIdTeryt><sln:gmNazwa>Bukowno</sln:gmNazwa><sln:miejscIIPId>4ba3d2cf-d30d-4824-8793-4db4a49d4fba</sln:miejscIIPId><sln:miejscIIPPn>PL.PZGIK.200</sln:miejscIIPPn><sln:miejscIIPWersja>2016-11-24T13:47:52+02:00</sln:miejscIIPWersja><sln:miejscIdTeryt>0938539</sln:miejscIdTeryt><sln:miejscNIIPId>ca144a77-28dc-4797-87d0-f8f23e01aac5</sln:miejscNIIPId><sln:miejscNIIPPn>PL.PZGIK.200</sln:miejscNIIPPn><sln:miejscNIIPWersja>2016-11-24T13:31:52+02:00</sln:miejscNIIPWersja><sln:miejscNIdTeryt>0938404</sln:miejscNIdTeryt><sln:miejscNNazwa>Bukowno</sln:miejscNNazwa><sln:miejscNRodzaj>Miasto</sln:miejscNRodzaj><sln:miejscNazwa>Przymiarki</sln:miejscNazwa><sln:miejscRodzaj>Inny obiekt</sln:miejscRodzaj><sln:powIIPId>635515cd-30e5-47cd-b0b2-db0113ac269f</sln:powIIPId><sln:powIIPPn>PL.PZGIK.200</sln:powIIPPn><sln:powIIPWersja>2012-09-27T07:52:00+02:00</sln:powIIPWersja><sln:powIdTeryt>1212</sln:powIdTeryt><sln:powNazwa>olkuski</sln:powNazwa><sln:wojIIPId>dd2e3c64-f861-47cf-a3a3-e7751f272b2f</sln:wojIIPId><sln:wojIIPPn>PL.PZGIK.200</sln:wojIIPPn><sln:wojIIPWersja>2017-10-10T00:00:00+02:00</sln:wojIIPWersja><sln:wojIdTeryt>12</sln:wojIdTeryt><sln:wojNazwa>małopolskie</sln:wojNazwa></sln:miejscowosc><sln:miejscowosc><sln:cyklZyciaDo>2016-11-26T00:00:00+01:00</sln:cyklZyciaDo><sln:cyklZyciaOd>2015-12-08T00:00:00+01:00</sln:cyklZyciaOd><sln:gmIIPId>daed7014-17ce-46b8-9f7f-803fdeaa8373</sln:gmIIPId><sln:gmIIPPn>PL.PZGIK.200</sln:gmIIPPn><sln:gmIIPWersja>2012-09-26T22:11:33+02:00</sln:gmIIPWersja><sln:gmIdTeryt>1212011</sln:gmIdTeryt><sln:gmNazwa>Bukowno</sln:gmNazwa><sln:miejscIIPId>e19f26d0-8aee-493f-8cfa-af40be684287</sln:miejscIIPId><sln:miejscIIPPn>PL.PZGIK.200</sln:miejscIIPPn><sln:miejscIIPWersja>2016-11-24T13:47:53+02:00</sln:miejscIIPWersja><sln:miejscIdTeryt>0938545</sln:miejscIdTeryt><sln:miejscNIIPId>ca144a77-28dc-4797-87d0-f8f23e01aac5</sln:miejscNIIPId><sln:miejscNIIPPn>PL.PZGIK.200</sln:miejscNIIPPn><sln:miejscNIIPWersja>2016-11-24T13:31:52+02:00</sln:miejscNIIPWersja><sln:miejscNIdTeryt>0938404</sln:miejscNIdTeryt><sln:miejscNNazwa>Bukowno</sln:miejscNNazwa><sln:miejscNRodzaj>Miasto</sln:miejscNRodzaj><sln:miejscNazwa>Pszeń</sln:miejscNazwa><sln:miejscRodzaj>Inny obiekt</sln:miejscRodzaj><sln:powIIPId>635515cd-30e5-47cd-b0b2-db0113ac269f</sln:powIIPId><sln:powIIPPn>PL.PZGIK.200</sln:powIIPPn><sln:powIIPWersja>2012-09-27T07:52:00+02:00</sln:powIIPWersja><sln:powIdTeryt>1212</sln:powIdTeryt><sln:powNazwa>olkuski</sln:powNazwa><sln:wojIIPId>dd2e3c64-f861-47cf-a3a3-e7751f272b2f</sln:wojIIPId><sln:wojIIPPn>PL.PZGIK.200</sln:wojIIPPn><sln:wojIIPWersja>2017-10-10T00:00:00+02:00</sln:wojIIPWersja><sln:wojIdTeryt>12</sln:wojIdTeryt><sln:wojNazwa>małopolskie</sln:wojNazwa></sln:miejscowosc><sln:miejscowosc><sln:cyklZyciaDo>2015-12-08T00:00:00+01:00</sln:cyklZyciaDo><sln:cyklZyciaOd>2014-09-22T00:00:00+02:00</sln:cyklZyciaOd><sln:gmIIPId>daed7014-17ce-46b8-9f7f-803fdeaa8373</sln:gmIIPId><sln:gmIIPPn>PL.PZGIK.200</sln:gmIIPPn><sln:gmIIPWersja>2012-09-26T22:11:33+02:00</sln:gmIIPWersja><sln:gmIdTeryt>1212011</sln:gmIdTeryt><sln:gmNazwa>Bukowno</sln:gmNazwa><sln:miejscIIPId>adfe6ad8-9ad9-4a02-9b8d-b53bf62628cc</sln:miejscIIPId><sln:miejscIIPPn>PL.PZGIK.200</sln:miejscIIPPn><sln:miejscIIPWersja>2016-11-24T13:48:11+02:00</sln:miejscIIPWersja><sln:miejscIdTeryt>0938427</sln:miejscIdTeryt><sln:miejscNazwa>Bór Biskupi</sln:miejscNazwa><sln:miejscRodzaj>Inny obiekt</sln:miejscRodzaj><sln:powIIPId>635515cd-30e5-47cd-b0b2-db0113ac269f</sln:powIIPId><sln:powIIPPn>PL.PZGIK.200</sln:powIIPPn><sln:powIIPWersja>2012-09-27T07:52:00+02:00</sln:powIIPWersja><sln:powIdTeryt>1212</sln:powIdTeryt><sln:powNazwa>olkuski</sln:powNazwa><sln:wojIIPId>dd2e3c64-f861-47cf-a3a3-e7751f272b2f</sln:wojIIPId><sln:wojIIPPn>PL.PZGIK.200</sln:wojIIPPn><sln:wojIIPWersja>2017-10-10T00:00:00+02:00</sln:wojIIPWersja><sln:wojIdTeryt>12</sln:wojIdTeryt><sln:wojNazwa>małopolskie</sln:wojNazwa></sln:miejscowosc><sln:miejscowosc><sln:cyklZyciaDo>2015-12-08T00:00:00+01:00</sln:cyklZyciaDo><sln:cyklZyciaOd>2014-09-22T00:00:00+02:00</sln:cyklZyciaOd><sln:gmIIPId>daed7014-17ce-46b8-9f7f-803fdeaa8373</sln:gmIIPId><sln:gmIIPPn>PL.PZGIK.200</sln:gmIIPPn><sln:gmIIPWersja>2012-09-26T22:11:33+02:00</sln:gmIIPWersja><sln:gmIdTeryt>1212011</sln:gmIdTeryt><sln:gmNazwa>Bukowno</sln:gmNazwa><sln:miejscIIPId>b15b43e9-1e2b-4ef3-9a67-096433b15bb9</sln:miejscIIPId><sln:miejscIIPPn>PL.PZGIK.200</sln:miejscIIPPn><sln:miejscIIPWersja>2016-11-24T13:47:56+02:00</sln:miejscIIPWersja><sln:miejscIdTeryt>0938568</sln:miejscIdTeryt><sln:miejscNazwa>Skotnica</sln:miejscNazwa><sln:miejscRodzaj>Inny obiekt</sln:miejscRodzaj><sln:powIIPId>635515cd-30e5-47cd-b0b2-db0113ac269f</sln:powIIPId><sln:powIIPPn>PL.PZGIK.200</sln:powIIPPn><sln:powIIPWersja>2012-09-27T07:52:00+02:00</sln:powIIPWersja><sln:powIdTeryt>1212</sln:powIdTeryt><sln:powNazwa>olkuski</sln:powNazwa><sln:wojIIPId>dd2e3c64-f861-47cf-a3a3-e7751f272b2f</sln:wojIIPId><sln:wojIIPPn>PL.PZGIK.200</sln:wojIIPPn><sln:wojIIPWersja>2017-10-10T00:00:00+02:00</sln:wojIIPWersja><sln:wojIdTeryt>12</sln:wojIdTeryt><sln:wojNazwa>małopolskie</sln:wojNazwa></sln:miejscowosc><sln:miejscowosc><sln:cyklZyciaDo>2015-12-08T00:00:00+01:00</sln:cyklZyciaDo><sln:cyklZyciaOd>2014-09-22T00:00:00+02:00</sln:cyklZyciaOd><sln:gmIIPId>daed7014-17ce-46b8-9f7f-803fdeaa8373</sln:gmIIPId><sln:gmIIPPn>PL.PZGIK.200</sln:gmIIPPn><sln:gmIIPWersja>2012-09-26T22:11:33+02:00</sln:gmIIPWersja><sln:gmIdTeryt>1212011</sln:gmIdTeryt><sln:gmNazwa>Bukowno</sln:gmNazwa><sln:miejscIIPId>e48d0b6f-f942-4eb1-81ad-d2fca077c599</sln:miejscIIPId><sln:miejscIIPPn>PL.PZGIK.200</sln:miejscIIPPn><sln:miejscIIPWersja>2016-11-24T13:41:14+02:00</sln:miejscIIPWersja><sln:miejscIdTeryt>3015086</sln:miejscIdTeryt><sln:miejscNazwa>Pomorzany</sln:miejscNazwa><sln:miejscRodzaj>Inny obiekt</sln:miejscRodzaj><sln:powIIPId>635515cd-30e5-47cd-b0b2-db0113ac269f</sln:powIIPId><sln:powIIPPn>PL.PZGIK.200</sln:powIIPPn><sln:powIIPWersja>2012-09-27T07:52:00+02:00</sln:powIIPWersja><sln:powIdTeryt>1212</sln:powIdTeryt><sln:powNazwa>olkuski</sln:powNazwa><sln:wojIIPId>dd2e3c64-f861-47cf-a3a3-e7751f272b2f</sln:wojIIPId><sln:wojIIPPn>PL.PZGIK.200</sln:wojIIPPn><sln:wojIIPWersja>2017-10-10T00:00:00+02:00</sln:wojIIPWersja><sln:wojIdTeryt>12</sln:wojIdTeryt><sln:wojNazwa>małopolskie</sln:wojNazwa></sln:miejscowosc><sln:miejscowosc><sln:cyklZyciaDo>2015-12-08T00:00:00+01:00</sln:cyklZyciaDo><sln:cyklZyciaOd>2014-09-22T00:00:00+02:00</sln:cyklZyciaOd><sln:gmIIPId>daed7014-17ce-46b8-9f7f-803fdeaa8373</sln:gmIIPId><sln:gmIIPPn>PL.PZGIK.200</sln:gmIIPPn><sln:gmIIPWersja>2012-09-26T22:11:33+02:00</sln:gmIIPWersja><sln:gmIdTeryt>1212011</sln:gmIdTeryt><sln:gmNazwa>Bukowno</sln:gmNazwa><sln:miejscIIPId>ffdef30d-d862-487b-b35e-2315d4742bea</sln:miejscIIPId><sln:miejscIIPPn>PL.PZGIK.200</sln:miejscIIPPn><sln:miejscIIPWersja>2016-11-24T13:48:07+02:00</sln:miejscIIPWersja><sln:miejscIdTeryt>0938522</sln:miejscIdTeryt><sln:miejscNazwa>Polis</sln:miejscNazwa><sln:miejscRodzaj>Inny obiekt</sln:miejscRodzaj><sln:powIIPId>635515cd-30e5-47cd-b0b2-db0113ac269f</sln:powIIPId><sln:powIIPPn>PL.PZGIK.200</sln:powIIPPn><sln:powIIPWersja>2012-09-27T07:52:00+02:00</sln:powIIPWersja><sln:powIdTeryt>1212</sln:powIdTeryt><sln:powNazwa>olkuski</sln:powNazwa><sln:wojIIPId>dd2e3c64-f861-47cf-a3a3-e7751f272b2f</sln:wojIIPId><sln:wojIIPPn>PL.PZGIK.200</sln:wojIIPPn><sln:wojIIPWersja>2017-10-10T00:00:00+02:00</sln:wojIIPWersja><sln:wojIdTeryt>12</sln:wojIdTeryt><sln:wojNazwa>małopolskie</sln:wojNazwa></sln:miejscowosc><sln:miejscowosc><sln:cyklZyciaDo>2015-12-08T00:00:00+01:00</sln:cyklZyciaDo><sln:cyklZyciaOd>2014-09-22T00:00:00+02:00</sln:cyklZyciaOd><sln:gmIIPId>daed7014-17ce-46b8-9f7f-803fdeaa8373</sln:gmIIPId><sln:gmIIPPn>PL.PZGIK.200</sln:gmIIPPn><sln:gmIIPWersja>2012-09-26T22:11:33+02:00</sln:gmIIPWersja><sln:gmIdTeryt>1212011</sln:gmIdTeryt><sln:gmNazwa>Bukowno</sln:gmNazwa><sln:miejscIIPId>638aecde-e281-4091-a31b-ce1c339d0aa2</sln:miejscIIPId><sln:miejscIIPPn>PL.PZGIK.200</sln:miejscIIPPn><sln:miejscIIPWersja>2016-11-24T13:48:05+02:00</sln:miejscIIPWersja><sln:miejscIdTeryt>0938433</sln:miejscIdTeryt><sln:miejscNazwa>Dołek</sln:miejscNazwa><sln:miejscRodzaj>Inny obiekt</sln:miejscRodzaj><sln:powIIPId>635515cd-30e5-47cd-b0b2-db0113ac269f</sln:powIIPId><sln:powIIPPn>PL.PZGIK.200</sln:powIIPPn><sln:powIIPWersja>2012-09-27T07:52:00+02:00</sln:powIIPWersja><sln:powIdTeryt>1212</sln:powIdTeryt><sln:powNazwa>olkuski</sln:powNazwa><sln:wojIIPId>dd2e3c64-f861-47cf-a3a3-e7751f272b2f</sln:wojIIPId><sln:wojIIPPn>PL.PZGIK.200</sln:wojIIPPn><sln:wojIIPWersja>2017-10-10T00:00:00+02:00</sln:wojIIPWersja><sln:wojIdTeryt>12</sln:wojIdTeryt><sln:wojNazwa>małopolskie</sln:wojNazwa></sln:miejscowosc><sln:miejscowosc><sln:cyklZyciaDo>2015-12-08T00:00:00+01:00</sln:cyklZyciaDo><sln:cyklZyciaOd>2014-09-22T00:00:00+02:00</sln:cyklZyciaOd><sln:gmIIPId>daed7014-17ce-46b8-9f7f-803fdeaa8373</sln:gmIIPId><sln:gmIIPPn>PL.PZGIK.200</sln:gmIIPPn><sln:gmIIPWersja>2012-09-26T22:11:33+02:00</sln:gmIIPWersja><sln:gmIdTeryt>1212011</sln:gmIdTeryt><sln:gmNazwa>Bukowno</sln:gmNazwa><sln:miejscIIPId>7ac7072d-3274-48b9-9170-3aec39b96ece</sln:miejscIIPId><sln:miejscIIPPn>PL.PZGIK.200</sln:miejscIIPPn><sln:miejscIIPWersja>2016-11-24T13:47:51+02:00</sln:miejscIIPWersja><sln:miejscIdTeryt>0938500</sln:miejscIdTeryt><sln:miejscNazwa>Podlesie</sln:miejscNazwa><sln:miejscRodzaj>Inny obiekt</sln:miejscRodzaj><sln:powIIPId>635515cd-30e5-47cd-b0b2-db0113ac269f</sln:powIIPId><sln:powIIPPn>PL.PZGIK.200</sln:powIIPPn><sln:powIIPWersja>2012-09-27T07:52:00+02:00</sln:powIIPWersja><sln:powIdTeryt>1212</sln:powIdTeryt><sln:powNazwa>olkuski</sln:powNazwa><sln:wojIIPId>dd2e3c64-f861-47cf-a3a3-e7751f272b2f</sln:wojIIPId><sln:wojIIPPn>PL.PZGIK.200</sln:wojIIPPn><sln:wojIIPWersja>2017-10-10T00:00:00+02:00</sln:wojIIPWersja><sln:wojIdTeryt>12</sln:wojIdTeryt><sln:wojNazwa>małopolskie</sln:wojNazwa></sln:miejscowosc><sln:miejscowosc><sln:cyklZyciaDo>2015-12-08T00:00:00+01:00</sln:cyklZyciaDo><sln:cyklZyciaOd>2014-09-22T00:00:00+02:00</sln:cyklZyciaOd><sln:gmIIPId>daed7014-17ce-46b8-9f7f-803fdeaa8373</sln:gmIIPId><sln:gmIIPPn>PL.PZGIK.200</sln:gmIIPPn><sln:gmIIPWersja>2012-09-26T22:11:33+02:00</sln:gmIIPWersja><sln:gmIdTeryt>1212011</sln:gmIdTeryt><sln:gmNazwa>Bukowno</sln:gmNazwa><sln:miejscIIPId>2b3ee270-b4a2-4d2d-a284-5c4c1ca37d20</sln:miejscIIPId><sln:miejscIIPPn>PL.PZGIK.200</sln:miejscIIPPn><sln:miejscIIPWersja>2016-11-24T13:41:13+02:00</sln:miejscIIPWersja><sln:miejscIdTeryt>3015083</sln:miejscIdTeryt><sln:miejscNazwa>Cyzowizna</sln:miejscNazwa><sln:miejscRodzaj>Inny obiekt</sln:miejscRodzaj><sln:powIIPId>635515cd-30e5-47cd-b0b2-db0113ac269f</sln:powIIPId><sln:powIIPPn>PL.PZGIK.200</sln:powIIPPn><sln:powIIPWersja>2012-09-27T07:52:00+02:00</sln:powIIPWersja><sln:powIdTeryt>1212</sln:powIdTeryt><sln:powNazwa>olkuski</sln:powNazwa><sln:wojIIPId>dd2e3c64-f861-47cf-a3a3-e7751f272b2f</sln:wojIIPId><sln:wojIIPPn>PL.PZGIK.200</sln:wojIIPPn><sln:wojIIPWersja>2017-10-10T00:00:00+02:00</sln:wojIIPWersja><sln:wojIdTeryt>12</sln:wojIdTeryt><sln:wojNazwa>małopolskie</sln:wojNazwa></sln:miejscowosc><sln:miejscowosc><sln:cyklZyciaDo>2015-12-08T00:00:00+01:00</sln:cyklZyciaDo><sln:cyklZyciaOd>2014-09-22T00:00:00+02:00</sln:cyklZyciaOd><sln:gmIIPId>daed7014-17ce-46b8-9f7f-803fdeaa8373</sln:gmIIPId><sln:gmIIPPn>PL.PZGIK.200</sln:gmIIPPn><sln:gmIIPWersja>2012-09-26T22:11:33+02:00</sln:gmIIPWersja><sln:gmIdTeryt>1212011</sln:gmIdTeryt><sln:gmNazwa>Bukowno</sln:gmNazwa><sln:miejscIIPId>a052e0cd-d18a-4bbd-a0f3-4216aa4a5138</sln:miejscIIPId><sln:miejscIIPPn>PL.PZGIK.200</sln:miejscIIPPn><sln:miejscIIPWersja>2016-11-24T13:48:08+02:00</sln:miejscIIPWersja><sln:miejscIdTeryt>0938456</sln:miejscIdTeryt><sln:miejscNazwa>Jeziorki</sln:miejscNazwa><sln:miejscRodzaj>Inny obiekt</sln:miejscRodzaj><sln:powIIPId>635515cd-30e5-47cd-b0b2-db0113ac269f</sln:powIIPId><sln:powIIPPn>PL.PZGIK.200</sln:powIIPPn><sln:powIIPWersja>2012-09-27T07:52:00+02:00</sln:powIIPWersja><sln:powIdTeryt>1212</sln:powIdTeryt><sln:powNazwa>olkuski</sln:powNazwa><sln:wojIIPId>dd2e3c64-f861-47cf-a3a3-e7751f272b2f</sln:wojIIPId><sln:wojIIPPn>PL.PZGIK.200</sln:wojIIPPn><sln:wojIIPWersja>2017-10-10T00:00:00+02:00</sln:wojIIPWersja><sln:wojIdTeryt>12</sln:wojIdTeryt><sln:wojNazwa>małopolskie</sln:wojNazwa></sln:miejscowosc><sln:miejscowosc><sln:cyklZyciaDo>2015-12-08T00:00:00+01:00</sln:cyklZyciaDo><sln:cyklZyciaOd>2014-09-22T00:00:00+02:00</sln:cyklZyciaOd><sln:gmIIPId>daed7014-17ce-46b8-9f7f-803fdeaa8373</sln:gmIIPId><sln:gmIIPPn>PL.PZGIK.200</sln:gmIIPPn><sln:gmIIPWersja>2012-09-26T22:11:33+02:00</sln:gmIIPWersja><sln:gmIdTeryt>1212011</sln:gmIdTeryt><sln:gmNazwa>Bukowno</sln:gmNazwa><sln:miejscIIPId>886e571a-923a-4d71-91b4-9b334f03a04d</sln:miejscIIPId><sln:miejscIIPPn>PL.PZGIK.200</sln:miejscIIPPn><sln:miejscIIPWersja>2016-11-24T13:47:57+02:00</sln:miejscIIPWersja><sln:miejscIdTeryt>0938574</sln:miejscIdTeryt><sln:miejscNazwa>Stara Wieś</sln:miejscNazwa><sln:miejscRodzaj>Inny obiekt</sln:miejscRodzaj><sln:powIIPId>635515cd-30e5-47cd-b0b2-db0113ac269f</sln:powIIPId><sln:powIIPPn>PL.PZGIK.200</sln:powIIPPn><sln:powIIPWersja>2012-09-27T07:52:00+02:00</sln:powIIPWersja><sln:powIdTeryt>1212</sln:powIdTeryt><sln:powNazwa>olkuski</sln:powNazwa><sln:wojIIPId>dd2e3c64-f861-47cf-a3a3-e7751f272b2f</sln:wojIIPId><sln:wojIIPPn>PL.PZGIK.200</sln:wojIIPPn><sln:wojIIPWersja>2017-10-10T00:00:00+02:00</sln:wojIIPWersja><sln:wojIdTeryt>12</sln:wojIdTeryt><sln:wojNazwa>małopolskie</sln:wojNazwa></sln:miejscowosc><sln:miejscowosc><sln:cyklZyciaDo>2015-12-08T00:00:00+01:00</sln:cyklZyciaDo><sln:cyklZyciaOd>2014-09-22T00:00:00+02:00</sln:cyklZyciaOd><sln:gmIIPId>daed7014-17ce-46b8-9f7f-803fdeaa8373</sln:gmIIPId><sln:gmIIPPn>PL.PZGIK.200</sln:gmIIPPn><sln:gmIIPWersja>2012-09-26T22:11:33+02:00</sln:gmIIPWersja><sln:gmIdTeryt>1212011</sln:gmIdTeryt><sln:gmNazwa>Bukowno</sln:gmNazwa><sln:miejscIIPId>3fc81dd8-1ca5-4099-a82f-7a03b49ce3a0</sln:miejscIIPId><sln:miejscIIPPn>PL.PZGIK.200</sln:miejscIIPPn><sln:miejscIIPWersja>2016-11-24T13:47:59+02:00</sln:miejscIIPWersja><sln:miejscIdTeryt>0938580</sln:miejscIdTeryt><sln:miejscNazwa>Starczynów</sln:miejscNazwa><sln:miejscRodzaj>Inny obiekt</sln:miejscRodzaj><sln:powIIPId>635515cd-30e5-47cd-b0b2-db0113ac269f</sln:powIIPId><sln:powIIPPn>PL.PZGIK.200</sln:powIIPPn><sln:powIIPWersja>2012-09-27T07:52:00+02:00</sln:powIIPWersja><sln:powIdTeryt>1212</sln:powIdTeryt><sln:powNazwa>olkuski</sln:powNazwa><sln:wojIIPId>dd2e3c64-f861-47cf-a3a3-e7751f272b2f</sln:wojIIPId><sln:wojIIPPn>PL.PZGIK.200</sln:wojIIPPn><sln:wojIIPWersja>2017-10-10T00:00:00+02:00</sln:wojIIPWersja><sln:wojIdTeryt>12</sln:wojIdTeryt><sln:wojNazwa>małopolskie</sln:wojNazwa></sln:miejscowosc><sln:miejscowosc><sln:cyklZyciaDo>2015-12-08T00:00:00+01:00</sln:cyklZyciaDo><sln:cyklZyciaOd>2014-09-22T00:00:00+02:00</sln:cyklZyciaOd><sln:gmIIPId>daed7014-17ce-46b8-9f7f-803fdeaa8373</sln:gmIIPId><sln:gmIIPPn>PL.PZGIK.200</sln:gmIIPPn><sln:gmIIPWersja>2012-09-26T22:11:33+02:00</sln:gmIIPWersja><sln:gmIdTeryt>1212011</sln:gmIdTeryt><sln:gmNazwa>Bukowno</sln:gmNazwa><sln:miejscIIPId>2cbdfac8-6c4b-4ed8-b3bd-029925a74832</sln:miejscIIPId><sln:miejscIIPPn>PL.PZGIK.200</sln:miejscIIPPn><sln:miejscIIPWersja>2016-11-24T13:47:55+02:00</sln:miejscIIPWersja><sln:miejscIdTeryt>0938551</sln:miejscIdTeryt><sln:miejscNazwa>Skałka</sln:miejscNazwa><sln:miejscRodzaj>Inny obiekt</sln:miejscRodzaj><sln:powIIPId>635515cd-30e5-47cd-b0b2-db0113ac269f</sln:powIIPId><sln:powIIPPn>PL.PZGIK.200</sln:powIIPPn><sln:powIIPWersja>2012-09-27T07:52:00+02:00</sln:powIIPWersja><sln:powIdTeryt>1212</sln:powIdTeryt><sln:powNazwa>olkuski</sln:powNazwa><sln:wojIIPId>dd2e3c64-f861-47cf-a3a3-e7751f272b2f</sln:wojIIPId><sln:wojIIPPn>PL.PZGIK.200</sln:wojIIPPn><sln:wojIIPWersja>2017-10-10T00:00:00+02:00</sln:wojIIPWersja><sln:wojIdTeryt>12</sln:wojIdTeryt><sln:wojNazwa>małopolskie</sln:wojNazwa></sln:miejscowosc><sln:miejscowosc><sln:cyklZyciaDo>2015-12-08T00:00:00+01:00</sln:cyklZyciaDo><sln:cyklZyciaOd>2014-09-22T00:00:00+02:00</sln:cyklZyciaOd><sln:gmIIPId>daed7014-17ce-46b8-9f7f-803fdeaa8373</sln:gmIIPId><sln:gmIIPPn>PL.PZGIK.200</sln:gmIIPPn><sln:gmIIPWersja>2012-09-26T22:11:33+02:00</sln:gmIIPWersja><sln:gmIdTeryt>1212011</sln:gmIdTeryt><sln:gmNazwa>Bukowno</sln:gmNazwa><sln:miejscIIPId>3a9bd180-90b0-43a9-82ec-582e15c12bc3</sln:miejscIIPId><sln:miejscIIPPn>PL.PZGIK.200</sln:miejscIIPPn><sln:miejscIIPWersja>2016-11-24T13:48:10+02:00</sln:miejscIIPWersja><sln:miejscIdTeryt>0938462</sln:miejscIdTeryt><sln:miejscNazwa>Kleparz</sln:miejscNazwa><sln:miejscRodzaj>Inny obiekt</sln:miejscRodzaj><sln:powIIPId>635515cd-30e5-47cd-b0b2-db0113ac269f</sln:powIIPId><sln:powIIPPn>PL.PZGIK.200</sln:powIIPPn><sln:powIIPWersja>2012-09-27T07:52:00+02:00</sln:powIIPWersja><sln:powIdTeryt>1212</sln:powIdTeryt><sln:powNazwa>olkuski</sln:powNazwa><sln:wojIIPId>dd2e3c64-f861-47cf-a3a3-e7751f272b2f</sln:wojIIPId><sln:wojIIPPn>PL.PZGIK.200</sln:wojIIPPn><sln:wojIIPWersja>2017-10-10T00:00:00+02:00</sln:wojIIPWersja><sln:wojIdTeryt>12</sln:wojIdTeryt><sln:wojNazwa>małopolskie</sln:wojNazwa></sln:miejscowosc><sln:miejscowosc><sln:cyklZyciaDo>2015-12-08T00:00:00+01:00</sln:cyklZyciaDo><sln:cyklZyciaOd>2014-09-22T00:00:00+02:00</sln:cyklZyciaOd><sln:gmIIPId>daed7014-17ce-46b8-9f7f-803fdeaa8373</sln:gmIIPId><sln:gmIIPPn>PL.PZGIK.200</sln:gmIIPPn><sln:gmIIPWersja>2012-09-26T22:11:33+02:00</sln:gmIIPWersja><sln:gmIdTeryt>1212011</sln:gmIdTeryt><sln:gmNazwa>Bukowno</sln:gmNazwa><sln:miejscIIPId>73226505-64b7-4f8d-a5bf-f49792263994</sln:miejscIIPId><sln:miejscIIPPn>PL.PZGIK.200</sln:miejscIIPPn><sln:miejscIIPWersja>2016-11-24T13:48:00+02:00</sln:miejscIIPWersja><sln:miejscIdTeryt>0938628</sln:miejscIdTeryt><sln:miejscNazwa>Tłukienka</sln:miejscNazwa><sln:miejscRodzaj>Inny obiekt</sln:miejscRodzaj><sln:powIIPId>635515cd-30e5-47cd-b0b2-db0113ac269f</sln:powIIPId><sln:powIIPPn>PL.PZGIK.200</sln:powIIPPn><sln:powIIPWersja>2012-09-27T07:52:00+02:00</sln:powIIPWersja><sln:powIdTeryt>1212</sln:powIdTeryt><sln:powNazwa>olkuski</sln:powNazwa><sln:wojIIPId>dd2e3c64-f861-47cf-a3a3-e7751f272b2f</sln:wojIIPId><sln:wojIIPPn>PL.PZGIK.200</sln:wojIIPPn><sln:wojIIPWersja>2017-10-10T00:00:00+02:00</sln:wojIIPWersja><sln:wojIdTeryt>12</sln:wojIdTeryt><sln:wojNazwa>małopolskie</sln:wojNazwa></sln:miejscowosc><sln:miejscowosc><sln:cyklZyciaDo>2015-12-08T00:00:00+01:00</sln:cyklZyciaDo><sln:cyklZyciaOd>2014-09-22T00:00:00+02:00</sln:cyklZyciaOd><sln:gmIIPId>daed7014-17ce-46b8-9f7f-803fdeaa8373</sln:gmIIPId><sln:gmIIPPn>PL.PZGIK.200</sln:gmIIPPn><sln:gmIIPWersja>2012-09-26T22:11:33+02:00</sln:gmIIPWersja><sln:gmIdTeryt>1212011</sln:gmIdTeryt><sln:gmNazwa>Bukowno</sln:gmNazwa><sln:miejscIIPId>530fbf15-60a6-40e4-8cd6-3cbaa25fd3eb</sln:miejscIIPId><sln:miejscIIPPn>PL.PZGIK.200</sln:miejscIIPPn><sln:miejscIIPWersja>2016-11-24T13:48:01+02:00</sln:miejscIIPWersja><sln:miejscIdTeryt>0938634</sln:miejscIdTeryt><sln:miejscNazwa>Wapiennik</sln:miejscNazwa><sln:miejscRodzaj>Inny obiekt</sln:miejscRodzaj><sln:powIIPId>635515cd-30e5-47cd-b0b2-db0113ac269f</sln:powIIPId><sln:powIIPPn>PL.PZGIK.200</sln:powIIPPn><sln:powIIPWersja>2012-09-27T07:52:00+02:00</sln:powIIPWersja><sln:powIdTeryt>1212</sln:powIdTeryt><sln:powNazwa>olkuski</sln:powNazwa><sln:wojIIPId>dd2e3c64-f861-47cf-a3a3-e7751f272b2f</sln:wojIIPId><sln:wojIIPPn>PL.PZGIK.200</sln:wojIIPPn><sln:wojIIPWersja>2017-10-10T00:00:00+02:00</sln:wojIIPWersja><sln:wojIdTeryt>12</sln:wojIdTeryt><sln:wojNazwa>małopolskie</sln:wojNazwa></sln:miejscowosc><sln:miejscowosc><sln:cyklZyciaDo>2015-12-08T00:00:00+01:00</sln:cyklZyciaDo><sln:cyklZyciaOd>2014-09-22T00:00:00+02:00</sln:cyklZyciaOd><sln:gmIIPId>daed7014-17ce-46b8-9f7f-803fdeaa8373</sln:gmIIPId><sln:gmIIPPn>PL.PZGIK.200</sln:gmIIPPn><sln:gmIIPWersja>2012-09-26T22:11:33+02:00</sln:gmIIPWersja><sln:gmIdTeryt>1212011</sln:gmIdTeryt><sln:gmNazwa>Bukowno</sln:gmNazwa><sln:miejscIIPId>304d0052-1792-4c87-bd6a-47225fbf2ad1</sln:miejscIIPId><sln:miejscIIPPn>PL.PZGIK.200</sln:miejscIIPPn><sln:miejscIIPWersja>2016-11-24T13:48:04+02:00</sln:miejscIIPWersja><sln:miejscIdTeryt>0938657</sln:miejscIdTeryt><sln:miejscNazwa>Wygiełza</sln:miejscNazwa><sln:miejscRodzaj>Inny obiekt</sln:miejscRodzaj><sln:powIIPId>635515cd-30e5-47cd-b0b2-db0113ac269f</sln:powIIPId><sln:powIIPPn>PL.PZGIK.200</sln:powIIPPn><sln:powIIPWersja>2012-09-27T07:52:00+02:00</sln:powIIPWersja><sln:powIdTeryt>1212</sln:powIdTeryt><sln:powNazwa>olkuski</sln:powNazwa><sln:wojIIPId>dd2e3c64-f861-47cf-a3a3-e7751f272b2f</sln:wojIIPId><sln:wojIIPPn>PL.PZGIK.200</sln:wojIIPPn><sln:wojIIPWersja>2017-10-10T00:00:00+02:00</sln:wojIIPWersja><sln:wojIdTeryt>12</sln:wojIdTeryt><sln:wojNazwa>małopolskie</sln:wojNazwa></sln:miejscowosc><sln:miejscowosc><sln:cyklZyciaDo>2015-12-08T00:00:00+01:00</sln:cyklZyciaDo><sln:cyklZyciaOd>2014-09-22T00:00:00+02:00</sln:cyklZyciaOd><sln:gmIIPId>daed7014-17ce-46b8-9f7f-803fdeaa8373</sln:gmIIPId><sln:gmIIPPn>PL.PZGIK.200</sln:gmIIPPn><sln:gmIIPWersja>2012-09-26T22:11:33+02:00</sln:gmIIPWersja><sln:gmIdTeryt>1212011</sln:gmIdTeryt><sln:gmNazwa>Bukowno</sln:gmNazwa><sln:miejscIIPId>e19f26d0-8aee-493f-8cfa-af40be684287</sln:miejscIIPId><sln:miejscIIPPn>PL.PZGIK.200</sln:miejscIIPPn><sln:miejscIIPWersja>2016-11-24T13:47:54+02:00</sln:miejscIIPWersja><sln:miejscIdTeryt>0938545</sln:miejscIdTeryt><sln:miejscNazwa>Pszeń</sln:miejscNazwa><sln:miejscRodzaj>Inny obiekt</sln:miejscRodzaj><sln:powIIPId>635515cd-30e5-47cd-b0b2-db0113ac269f</sln:powIIPId><sln:powIIPPn>PL.PZGIK.200</sln:powIIPPn><sln:powIIPWersja>2012-09-27T07:52:00+02:00</sln:powIIPWersja><sln:powIdTeryt>1212</sln:powIdTeryt><sln:powNazwa>olkuski</sln:powNazwa><sln:wojIIPId>dd2e3c64-f861-47cf-a3a3-e7751f272b2f</sln:wojIIPId><sln:wojIIPPn>PL.PZGIK.200</sln:wojIIPPn><sln:wojIIPWersja>2017-10-10T00:00:00+02:00</sln:wojIIPWersja><sln:wojIdTeryt>12</sln:wojIdTeryt><sln:wojNazwa>małopolskie</sln:wojNazwa></sln:miejscowosc><sln:miejscowosc><sln:cyklZyciaDo>2015-12-08T00:00:00+01:00</sln:cyklZyciaDo><sln:cyklZyciaOd>2014-09-22T00:00:00+02:00</sln:cyklZyciaOd><sln:gmIIPId>daed7014-17ce-46b8-9f7f-803fdeaa8373</sln:gmIIPId><sln:gmIIPPn>PL.PZGIK.200</sln:gmIIPPn><sln:gmIIPWersja>2012-09-26T22:11:33+02:00</sln:gmIIPWersja><sln:gmIdTeryt>1212011</sln:gmIdTeryt><sln:gmNazwa>Bukowno</sln:gmNazwa><sln:miejscIIPId>4f66f5cc-8d04-4930-8d7c-44d3ac47514d</sln:miejscIIPId><sln:miejscIIPPn>PL.PZGIK.200</sln:miejscIIPPn><sln:miejscIIPWersja>2016-11-24T13:48:02+02:00</sln:miejscIIPWersja><sln:miejscIdTeryt>0938640</sln:miejscIdTeryt><sln:miejscNazwa>Wodąca</sln:miejscNazwa><sln:miejscRodzaj>Inny obiekt</sln:miejscRodzaj><sln:powIIPId>635515cd-30e5-47cd-b0b2-db0113ac269f</sln:powIIPId><sln:powIIPPn>PL.PZGIK.200</sln:powIIPPn><sln:powIIPWersja>2012-09-27T07:52:00+02:00</sln:powIIPWersja><sln:powIdTeryt>1212</sln:powIdTeryt><sln:powNazwa>olkuski</sln:powNazwa><sln:wojIIPId>dd2e3c64-f861-47cf-a3a3-e7751f272b2f</sln:wojIIPId><sln:wojIIPPn>PL.PZGIK.200</sln:wojIIPPn><sln:wojIIPWersja>2017-10-10T00:00:00+02:00</sln:wojIIPWersja><sln:wojIdTeryt>12</sln:wojIdTeryt><sln:wojNazwa>małopolskie</sln:wojNazwa></sln:miejscowosc><sln:miejscowosc><sln:cyklZyciaDo>2015-12-08T00:00:00+01:00</sln:cyklZyciaDo><sln:cyklZyciaOd>2014-09-22T00:00:00+02:00</sln:cyklZyciaOd><sln:gmIIPId>daed7014-17ce-46b8-9f7f-803fdeaa8373</sln:gmIIPId><sln:gmIIPPn>PL.PZGIK.200</sln:gmIIPPn><sln:gmIIPWersja>2012-09-26T22:11:33+02:00</sln:gmIIPWersja><sln:gmIdTeryt>1212011</sln:gmIdTeryt><sln:gmNazwa>Bukowno</sln:gmNazwa><sln:miejscIIPId>4ba3d2cf-d30d-4824-8793-4db4a49d4fba</sln:miejscIIPId><sln:miejscIIPPn>PL.PZGIK.200</sln:miejscIIPPn><sln:miejscIIPWersja>2016-11-24T13:47:53+02:00</sln:miejscIIPWersja><sln:miejscIdTeryt>0938539</sln:miejscIdTeryt><sln:miejscNazwa>Przymiarki</sln:miejscNazwa><sln:miejscRodzaj>Inny obiekt</sln:miejscRodzaj><sln:powIIPId>635515cd-30e5-47cd-b0b2-db0113ac269f</sln:powIIPId><sln:powIIPPn>PL.PZGIK.200</sln:powIIPPn><sln:powIIPWersja>2012-09-27T07:52:00+02:00</sln:powIIPWersja><sln:powIdTeryt>1212</sln:powIdTeryt><sln:powNazwa>olkuski</sln:powNazwa><sln:wojIIPId>dd2e3c64-f861-47cf-a3a3-e7751f272b2f</sln:wojIIPId><sln:wojIIPPn>PL.PZGIK.200</sln:wojIIPPn><sln:wojIIPWersja>2017-10-10T00:00:00+02:00</sln:wojIIPWersja><sln:wojIdTeryt>12</sln:wojIdTeryt><sln:wojNazwa>małopolskie</sln:wojNazwa></sln:miejscowosc><sln:miejscowosc><sln:cyklZyciaDo>2015-12-08T00:00:00+01:00</sln:cyklZyciaDo><sln:cyklZyciaOd>2014-09-22T00:00:00+02:00</sln:cyklZyciaOd><sln:gmIIPId>daed7014-17ce-46b8-9f7f-803fdeaa8373</sln:gmIIPId><sln:gmIIPPn>PL.PZGIK.200</sln:gmIIPPn><sln:gmIIPWersja>2012-09-26T22:11:33+02:00</sln:gmIIPWersja><sln:gmIdTeryt>1212011</sln:gmIdTeryt><sln:gmNazwa>Bukowno</sln:gmNazwa><sln:miejscIIPId>fb436710-8540-43f9-817f-1cef4f02f603</sln:miejscIIPId><sln:miejscIIPPn>PL.PZGIK.200</sln:miejscIIPPn><sln:miejscIIPWersja>2016-11-24T13:48:06+02:00</sln:miejscIIPWersja><sln:miejscIdTeryt>0938410</sln:miejscIdTeryt><sln:miejscNazwa>Bagno</sln:miejscNazwa><sln:miejscRodzaj>Inny obiekt</sln:miejscRodzaj><sln:powIIPId>635515cd-30e5-47cd-b0b2-db0113ac269f</sln:powIIPId><sln:powIIPPn>PL.PZGIK.200</sln:powIIPPn><sln:powIIPWersja>2012-09-27T07:52:00+02:00</sln:powIIPWersja><sln:powIdTeryt>1212</sln:powIdTeryt><sln:powNazwa>olkuski</sln:powNazwa><sln:wojIIPId>dd2e3c64-f861-47cf-a3a3-e7751f272b2f</sln:wojIIPId><sln:wojIIPPn>PL.PZGIK.200</sln:wojIIPPn><sln:wojIIPWersja>2017-10-10T00:00:00+02:00</sln:wojIIPWersja><sln:wojIdTeryt>12</sln:wojIdTeryt><sln:wojNazwa>małopolskie</sln:wojNazwa></sln:miejscowosc><sln:miejscowosc><sln:cyklZyciaDo>2015-12-08T00:00:00+01:00</sln:cyklZyciaDo><sln:cyklZyciaOd>2014-09-22T00:00:00+02:00</sln:cyklZyciaOd><sln:gmIIPId>daed7014-17ce-46b8-9f7f-803fdeaa8373</sln:gmIIPId><sln:gmIIPPn>PL.PZGIK.200</sln:gmIIPPn><sln:gmIIPWersja>2012-09-26T22:11:33+02:00</sln:gmIIPWersja><sln:gmIdTeryt>1212011</sln:gmIdTeryt><sln:gmNazwa>Bukowno</sln:gmNazwa><sln:miejscIIPId>7fbaf246-7753-4a96-8463-b80508351465</sln:miejscIIPId><sln:miejscIIPPn>PL.PZGIK.200</sln:miejscIIPPn><sln:miejscIIPWersja>2016-11-24T13:48:03+02:00</sln:miejscIIPWersja><sln:miejscIdTeryt>0938611</sln:miejscIdTeryt><sln:miejscNazwa>Świnia Góra</sln:miejscNazwa><sln:miejscRodzaj>Inny obiekt</sln:miejscRodzaj><sln:powIIPId>635515cd-30e5-47cd-b0b2-db0113ac269f</sln:powIIPId><sln:powIIPPn>PL.PZGIK.200</sln:powIIPPn><sln:powIIPWersja>2012-09-27T07:52:00+02:00</sln:powIIPWersja><sln:powIdTeryt>1212</sln:powIdTeryt><sln:powNazwa>olkuski</sln:powNazwa><sln:wojIIPId>dd2e3c64-f861-47cf-a3a3-e7751f272b2f</sln:wojIIPId><sln:wojIIPPn>PL.PZGIK.200</sln:wojIIPPn><sln:wojIIPWersja>2017-10-10T00:00:00+02:00</sln:wojIIPWersja><sln:wojIdTeryt>12</sln:wojIdTeryt><sln:wojNazwa>małopolskie</sln:wojNazwa></sln:miejscowosc><sln:miejscowosc><sln:cyklZyciaDo>2015-12-08T00:00:00+01:00</sln:cyklZyciaDo><sln:cyklZyciaOd>2014-09-22T00:00:00+02:00</sln:cyklZyciaOd><sln:gmIIPId>daed7014-17ce-46b8-9f7f-803fdeaa8373</sln:gmIIPId><sln:gmIIPPn>PL.PZGIK.200</sln:gmIIPPn><sln:gmIIPWersja>2012-09-26T22:11:33+02:00</sln:gmIIPWersja><sln:gmIdTeryt>1212011</sln:gmIdTeryt><sln:gmNazwa>Bukowno</sln:gmNazwa><sln:miejscIIPId>a011ca37-683b-4735-a988-c6b83c8c4a3d</sln:miejscIIPId><sln:miejscIIPPn>PL.PZGIK.200</sln:miejscIIPPn><sln:miejscIIPWersja>2016-11-24T13:47:52+02:00</sln:miejscIIPWersja><sln:miejscIdTeryt>0938516</sln:miejscIdTeryt><sln:miejscNazwa>Podpolis</sln:miejscNazwa><sln:miejscRodzaj>Inny obiekt</sln:miejscRodzaj><sln:powIIPId>635515cd-30e5-47cd-b0b2-db0113ac269f</sln:powIIPId><sln:powIIPPn>PL.PZGIK.200</sln:powIIPPn><sln:powIIPWersja>2012-09-27T07:52:00+02:00</sln:powIIPWersja><sln:powIdTeryt>1212</sln:powIdTeryt><sln:powNazwa>olkuski</sln:powNazwa><sln:wojIIPId>dd2e3c64-f861-47cf-a3a3-e7751f272b2f</sln:wojIIPId><sln:wojIIPPn>PL.PZGIK.200</sln:wojIIPPn><sln:wojIIPWersja>2017-10-10T00:00:00+02:00</sln:wojIIPWersja><sln:wojIdTeryt>12</sln:wojIdTeryt><sln:wojNazwa>małopolskie</sln:wojNazwa></sln:miejscowosc><sln:miejscowosc><sln:cyklZyciaDo>2015-12-08T00:00:00+01:00</sln:cyklZyciaDo><sln:cyklZyciaOd>2014-09-22T00:00:00+02:00</sln:cyklZyciaOd><sln:gmIIPId>daed7014-17ce-46b8-9f7f-803fdeaa8373</sln:gmIIPId><sln:gmIIPPn>PL.PZGIK.200</sln:gmIIPPn><sln:gmIIPWersja>2012-09-26T22:11:33+02:00</sln:gmIIPWersja><sln:gmIdTeryt>1212011</sln:gmIdTeryt><sln:gmNazwa>Bukowno</sln:gmNazwa><sln:miejscIIPId>e89b5801-c93f-4a29-a33e-16985b938425</sln:miejscIIPId><sln:miejscIIPPn>PL.PZGIK.200</sln:miejscIIPPn><sln:miejscIIPWersja>2016-11-24T13:48:09+02:00</sln:miejscIIPWersja><sln:miejscIdTeryt>0938491</sln:miejscIdTeryt><sln:miejscNazwa>Piaski</sln:miejscNazwa><sln:miejscRodzaj>Inny obiekt</sln:miejscRodzaj><sln:powIIPId>635515cd-30e5-47cd-b0b2-db0113ac269f</sln:powIIPId><sln:powIIPPn>PL.PZGIK.200</sln:powIIPPn><sln:powIIPWersja>2012-09-27T07:52:00+02:00</sln:powIIPWersja><sln:powIdTeryt>1212</sln:powIdTeryt><sln:powNazwa>olkuski</sln:powNazwa><sln:wojIIPId>dd2e3c64-f861-47cf-a3a3-e7751f272b2f</sln:wojIIPId><sln:wojIIPPn>PL.PZGIK.200</sln:wojIIPPn><sln:wojIIPWersja>2017-10-10T00:00:00+02:00</sln:wojIIPWersja><sln:wojIdTeryt>12</sln:wojIdTeryt><sln:wojNazwa>małopolskie</sln:wojNazwa></sln:miejscowosc><sln:miejscowosc><sln:cyklZyciaOd>2016-11-26T00:00:00+01:00</sln:cyklZyciaOd><sln:gmIIPId>daed7014-17ce-46b8-9f7f-803fdeaa8373</sln:gmIIPId><sln:gmIIPPn>PL.PZGIK.200</sln:gmIIPPn><sln:gmIIPWersja>2012-09-26T22:11:33+02:00</sln:gmIIPWersja><sln:gmIdTeryt>1212011</sln:gmIdTeryt><sln:gmNazwa>Bukowno</sln:gmNazwa><sln:miejscIIPId>ca144a77-28dc-4797-87d0-f8f23e01aac5</sln:miejscIIPId><sln:miejscIIPPn>PL.PZGIK.200</sln:miejscIIPPn><sln:miejscIIPWersja>2016-11-26T09:48:23+02:00</sln:miejscIIPWersja><sln:miejscIdTeryt>0938404</sln:miejscIdTeryt><sln:miejscNazwa>Bukowno</sln:miejscNazwa><sln:miejscRodzaj>Miasto</sln:miejscRodzaj><sln:powIIPId>635515cd-30e5-47cd-b0b2-db0113ac269f</sln:powIIPId><sln:powIIPPn>PL.PZGIK.200</sln:powIIPPn><sln:powIIPWersja>2012-09-27T07:52:00+02:00</sln:powIIPWersja><sln:powIdTeryt>1212</sln:powIdTeryt><sln:powNazwa>olkuski</sln:powNazwa><sln:waznyOd>2016-11-17T00:00:00+01:00</sln:waznyOd><sln:wojIIPId>dd2e3c64-f861-47cf-a3a3-e7751f272b2f</sln:wojIIPId><sln:wojIIPPn>PL.PZGIK.200</sln:wojIIPPn><sln:wojIIPWersja>2017-10-10T00:00:00+02:00</sln:wojIIPWersja><sln:wojIdTeryt>12</sln:wojIdTeryt><sln:wojNazwa>małopolskie</sln:wojNazwa></sln:miejscowosc><sln:miejscowosc><sln:cyklZyciaOd>2016-11-26T00:00:00+01:00</sln:cyklZyciaOd><sln:gmIIPId>daed7014-17ce-46b8-9f7f-803fdeaa8373</sln:gmIIPId><sln:gmIIPPn>PL.PZGIK.200</sln:gmIIPPn><sln:gmIIPWersja>2012-09-26T22:11:33+02:00</sln:gmIIPWersja><sln:gmIdTeryt>1212011</sln:gmIdTeryt><sln:gmNazwa>Bukowno</sln:gmNazwa><sln:miejscIIPId>2b3ee270-b4a2-4d2d-a284-5c4c1ca37d20</sln:miejscIIPId><sln:miejscIIPPn>PL.PZGIK.200</sln:miejscIIPPn><sln:miejscIIPWersja>2016-11-26T09:48:28+02:00</sln:miejscIIPWersja><sln:miejscIdTeryt>3015083</sln:miejscIdTeryt><sln:miejscNIIPId>ca144a77-28dc-4797-87d0-f8f23e01aac5</sln:miejscNIIPId><sln:miejscNIIPPn>PL.PZGIK.200</sln:miejscNIIPPn><sln:miejscNIIPWersja>2016-11-26T09:48:23+02:00</sln:miejscNIIPWersja><sln:miejscNIdTeryt>0938404</sln:miejscNIdTeryt><sln:miejscNNazwa>Bukowno</sln:miejscNNazwa><sln:miejscNRodzaj>Miasto</sln:miejscNRodzaj><sln:miejscNazwa>Cyzowizna</sln:miejscNazwa><sln:miejscRodzaj>Część miasta</sln:miejscRodzaj><sln:powIIPId>635515cd-30e5-47cd-b0b2-db0113ac269f</sln:powIIPId><sln:powIIPPn>PL.PZGIK.200</sln:powIIPPn><sln:powIIPWersja>2012-09-27T07:52:00+02:00</sln:powIIPWersja><sln:powIdTeryt>1212</sln:powIdTeryt><sln:powNazwa>olkuski</sln:powNazwa><sln:wojIIPId>dd2e3c64-f861-47cf-a3a3-e7751f272b2f</sln:wojIIPId><sln:wojIIPPn>PL.PZGIK.200</sln:wojIIPPn><sln:wojIIPWersja>2017-10-10T00:00:00+02:00</sln:wojIIPWersja><sln:wojIdTeryt>12</sln:wojIdTeryt><sln:wojNazwa>małopolskie</sln:wojNazwa></sln:miejscowosc><sln:miejscowosc><sln:cyklZyciaOd>2016-11-26T00:00:00+01:00</sln:cyklZyciaOd><sln:gmIIPId>daed7014-17ce-46b8-9f7f-803fdeaa8373</sln:gmIIPId><sln:gmIIPPn>PL.PZGIK.200</sln:gmIIPPn><sln:gmIIPWersja>2012-09-26T22:11:33+02:00</sln:gmIIPWersja><sln:gmIdTeryt>1212011</sln:gmIdTeryt><sln:gmNazwa>Bukowno</sln:gmNazwa><sln:miejscIIPId>e48d0b6f-f942-4eb1-81ad-d2fca077c599</sln:miejscIIPId><sln:miejscIIPPn>PL.PZGIK.200</sln:miejscIIPPn><sln:miejscIIPWersja>2016-11-26T09:48:28+02:00</sln:miejscIIPWersja><sln:miejscIdTeryt>3015086</sln:miejscIdTeryt><sln:miejscNIIPId>ca144a77-28dc-4797-87d0-f8f23e01aac5</sln:miejscNIIPId><sln:miejscNIIPPn>PL.PZGIK.200</sln:miejscNIIPPn><sln:miejscNIIPWersja>2016-11-26T09:48:23+02:00</sln:miejscNIIPWersja><sln:miejscNIdTeryt>0938404</sln:miejscNIdTeryt><sln:miejscNNazwa>Bukowno</sln:miejscNNazwa><sln:miejscNRodzaj>Miasto</sln:miejscNRodzaj><sln:miejscNazwa>Pomorzany</sln:miejscNazwa><sln:miejscRodzaj>Część miasta</sln:miejscRodzaj><sln:powIIPId>635515cd-30e5-47cd-b0b2-db0113ac269f</sln:powIIPId><sln:powIIPPn>PL.PZGIK.200</sln:powIIPPn><sln:powIIPWersja>2012-09-27T07:52:00+02:00</sln:powIIPWersja><sln:powIdTeryt>1212</sln:powIdTeryt><sln:powNazwa>olkuski</sln:powNazwa><sln:wojIIPId>dd2e3c64-f861-47cf-a3a3-e7751f272b2f</sln:wojIIPId><sln:wojIIPPn>PL.PZGIK.200</sln:wojIIPPn><sln:wojIIPWersja>2017-10-10T00:00:00+02:00</sln:wojIIPWersja><sln:wojIdTeryt>12</sln:wojIdTeryt><sln:wojNazwa>małopolskie</sln:wojNazwa></sln:miejscowosc><sln:miejscowosc><sln:cyklZyciaOd>2016-11-26T00:00:00+01:00</sln:cyklZyciaOd><sln:gmIIPId>daed7014-17ce-46b8-9f7f-803fdeaa8373</sln:gmIIPId><sln:gmIIPPn>PL.PZGIK.200</sln:gmIIPPn><sln:gmIIPWersja>2012-09-26T22:11:33+02:00</sln:gmIIPWersja><sln:gmIdTeryt>1212011</sln:gmIdTeryt><sln:gmNazwa>Bukowno</sln:gmNazwa><sln:miejscIIPId>7ac7072d-3274-48b9-9170-3aec39b96ece</sln:miejscIIPId><sln:miejscIIPPn>PL.PZGIK.200</sln:miejscIIPPn><sln:miejscIIPWersja>2016-11-26T09:48:28+02:00</sln:miejscIIPWersja><sln:miejscIdTeryt>0938500</sln:miejscIdTeryt><sln:miejscNIIPId>ca144a77-28dc-4797-87d0-f8f23e01aac5</sln:miejscNIIPId><sln:miejscNIIPPn>PL.PZGIK.200</sln:miejscNIIPPn><sln:miejscNIIPWersja>2016-11-26T09:48:23+02:00</sln:miejscNIIPWersja><sln:miejscNIdTeryt>0938404</sln:miejscNIdTeryt><sln:miejscNNazwa>Bukowno</sln:miejscNNazwa><sln:miejscNRodzaj>Miasto</sln:miejscNRodzaj><sln:miejscNazwa>Podlesie</sln:miejscNazwa><sln:miejscRodzaj>Część miasta</sln:miejscRodzaj><sln:powIIPId>635515cd-30e5-47cd-b0b2-db0113ac269f</sln:powIIPId><sln:powIIPPn>PL.PZGIK.200</sln:powIIPPn><sln:powIIPWersja>2012-09-27T07:52:00+02:00</sln:powIIPWersja><sln:powIdTeryt>1212</sln:powIdTeryt><sln:powNazwa>olkuski</sln:powNazwa><sln:wojIIPId>dd2e3c64-f861-47cf-a3a3-e7751f272b2f</sln:wojIIPId><sln:wojIIPPn>PL.PZGIK.200</sln:wojIIPPn><sln:wojIIPWersja>2017-10-10T00:00:00+02:00</sln:wojIIPWersja><sln:wojIdTeryt>12</sln:wojIdTeryt><sln:wojNazwa>małopolskie</sln:wojNazwa></sln:miejscowosc><sln:miejscowosc><sln:cyklZyciaOd>2016-11-26T00:00:00+01:00</sln:cyklZyciaOd><sln:gmIIPId>daed7014-17ce-46b8-9f7f-803fdeaa8373</sln:gmIIPId><sln:gmIIPPn>PL.PZGIK.200</sln:gmIIPPn><sln:gmIIPWersja>2012-09-26T22:11:33+02:00</sln:gmIIPWersja><sln:gmIdTeryt>1212011</sln:gmIdTeryt><sln:gmNazwa>Bukowno</sln:gmNazwa><sln:miejscIIPId>a011ca37-683b-4735-a988-c6b83c8c4a3d</sln:miejscIIPId><sln:miejscIIPPn>PL.PZGIK.200</sln:miejscIIPPn><sln:miejscIIPWersja>2016-11-26T09:48:28+02:00</sln:miejscIIPWersja><sln:miejscIdTeryt>0938516</sln:miejscIdTeryt><sln:miejscNIIPId>ca144a77-28dc-4797-87d0-f8f23e01aac5</sln:miejscNIIPId><sln:miejscNIIPPn>PL.PZGIK.200</sln:miejscNIIPPn><sln:miejscNIIPWersja>2016-11-26T09:48:23+02:00</sln:miejscNIIPWersja><sln:miejscNIdTeryt>0938404</sln:miejscNIdTeryt><sln:miejscNNazwa>Bukowno</sln:miejscNNazwa><sln:miejscNRodzaj>Miasto</sln:miejscNRodzaj><sln:miejscNazwa>Podpolis</sln:miejscNazwa><sln:miejscRodzaj>Część miasta</sln:miejscRodzaj><sln:powIIPId>635515cd-30e5-47cd-b0b2-db0113ac269f</sln:powIIPId><sln:powIIPPn>PL.PZGIK.200</sln:powIIPPn><sln:powIIPWersja>2012-09-27T07:52:00+02:00</sln:powIIPWersja><sln:powIdTeryt>1212</sln:powIdTeryt><sln:powNazwa>olkuski</sln:powNazwa><sln:wojIIPId>dd2e3c64-f861-47cf-a3a3-e7751f272b2f</sln:wojIIPId><sln:wojIIPPn>PL.PZGIK.200</sln:wojIIPPn><sln:wojIIPWersja>2017-10-10T00:00:00+02:00</sln:wojIIPWersja><sln:wojIdTeryt>12</sln:wojIdTeryt><sln:wojNazwa>małopolskie</sln:wojNazwa></sln:miejscowosc><sln:miejscowosc><sln:cyklZyciaOd>2016-11-26T00:00:00+01:00</sln:cyklZyciaOd><sln:gmIIPId>daed7014-17ce-46b8-9f7f-803fdeaa8373</sln:gmIIPId><sln:gmIIPPn>PL.PZGIK.200</sln:gmIIPPn><sln:gmIIPWersja>2012-09-26T22:11:33+02:00</sln:gmIIPWersja><sln:gmIdTeryt>1212011</sln:gmIdTeryt><sln:gmNazwa>Bukowno</sln:gmNazwa><sln:miejscIIPId>4ba3d2cf-d30d-4824-8793-4db4a49d4fba</sln:miejscIIPId><sln:miejscIIPPn>PL.PZGIK.200</sln:miejscIIPPn><sln:miejscIIPWersja>2016-11-26T09:48:28+02:00</sln:miejscIIPWersja><sln:miejscIdTeryt>0938539</sln:miejscIdTeryt><sln:miejscNIIPId>ca144a77-28dc-4797-87d0-f8f23e01aac5</sln:miejscNIIPId><sln:miejscNIIPPn>PL.PZGIK.200</sln:miejscNIIPPn><sln:miejscNIIPWersja>2016-11-26T09:48:23+02:00</sln:miejscNIIPWersja><sln:miejscNIdTeryt>0938404</sln:miejscNIdTeryt><sln:miejscNNazwa>Bukowno</sln:miejscNNazwa><sln:miejscNRodzaj>Miasto</sln:miejscNRodzaj><sln:miejscNazwa>Przymiarki</sln:miejscNazwa><sln:miejscRodzaj>Część miasta</sln:miejscRodzaj><sln:powIIPId>635515cd-30e5-47cd-b0b2-db0113ac269f</sln:powIIPId><sln:powIIPPn>PL.PZGIK.200</sln:powIIPPn><sln:powIIPWersja>2012-09-27T07:52:00+02:00</sln:powIIPWersja><sln:powIdTeryt>1212</sln:powIdTeryt><sln:powNazwa>olkuski</sln:powNazwa><sln:wojIIPId>dd2e3c64-f861-47cf-a3a3-e7751f272b2f</sln:wojIIPId><sln:wojIIPPn>PL.PZGIK.200</sln:wojIIPPn><sln:wojIIPWersja>2017-10-10T00:00:00+02:00</sln:wojIIPWersja><sln:wojIdTeryt>12</sln:wojIdTeryt><sln:wojNazwa>małopolskie</sln:wojNazwa></sln:miejscowosc><sln:miejscowosc><sln:cyklZyciaOd>2016-11-26T00:00:00+01:00</sln:cyklZyciaOd><sln:gmIIPId>daed7014-17ce-46b8-9f7f-803fdeaa8373</sln:gmIIPId><sln:gmIIPPn>PL.PZGIK.200</sln:gmIIPPn><sln:gmIIPWersja>2012-09-26T22:11:33+02:00</sln:gmIIPWersja><sln:gmIdTeryt>1212011</sln:gmIdTeryt><sln:gmNazwa>Bukowno</sln:gmNazwa><sln:miejscIIPId>e19f26d0-8aee-493f-8cfa-af40be684287</sln:miejscIIPId><sln:miejscIIPPn>PL.PZGIK.200</sln:miejscIIPPn><sln:miejscIIPWersja>2016-11-26T09:48:28+02:00</sln:miejscIIPWersja><sln:miejscIdTeryt>0938545</sln:miejscIdTeryt><sln:miejscNIIPId>ca144a77-28dc-4797-87d0-f8f23e01aac5</sln:miejscNIIPId><sln:miejscNIIPPn>PL.PZGIK.200</sln:miejscNIIPPn><sln:miejscNIIPWersja>2016-11-26T09:48:23+02:00</sln:miejscNIIPWersja><sln:miejscNIdTeryt>0938404</sln:miejscNIdTeryt><sln:miejscNNazwa>Bukowno</sln:miejscNNazwa><sln:miejscNRodzaj>Miasto</sln:miejscNRodzaj><sln:miejscNazwa>Pszeń</sln:miejscNazwa><sln:miejscRodzaj>Część miasta</sln:miejscRodzaj><sln:powIIPId>635515cd-30e5-47cd-b0b2-db0113ac269f</sln:powIIPId><sln:powIIPPn>PL.PZGIK.200</sln:powIIPPn><sln:powIIPWersja>2012-09-27T07:52:00+02:00</sln:powIIPWersja><sln:powIdTeryt>1212</sln:powIdTeryt><sln:powNazwa>olkuski</sln:powNazwa><sln:wojIIPId>dd2e3c64-f861-47cf-a3a3-e7751f272b2f</sln:wojIIPId><sln:wojIIPPn>PL.PZGIK.200</sln:wojIIPPn><sln:wojIIPWersja>2017-10-10T00:00:00+02:00</sln:wojIIPWersja><sln:wojIdTeryt>12</sln:wojIdTeryt><sln:wojNazwa>małopolskie</sln:wojNazwa></sln:miejscowosc><sln:miejscowosc><sln:cyklZyciaOd>2016-11-26T00:00:00+01:00</sln:cyklZyciaOd><sln:gmIIPId>daed7014-17ce-46b8-9f7f-803fdeaa8373</sln:gmIIPId><sln:gmIIPPn>PL.PZGIK.200</sln:gmIIPPn><sln:gmIIPWersja>2012-09-26T22:11:33+02:00</sln:gmIIPWersja><sln:gmIdTeryt>1212011</sln:gmIdTeryt><sln:gmNazwa>Bukowno</sln:gmNazwa><sln:miejscIIPId>2cbdfac8-6c4b-4ed8-b3bd-029925a74832</sln:miejscIIPId><sln:miejscIIPPn>PL.PZGIK.200</sln:miejscIIPPn><sln:miejscIIPWersja>2016-11-26T09:48:28+02:00</sln:miejscIIPWersja><sln:miejscIdTeryt>0938551</sln:miejscIdTeryt><sln:miejscNIIPId>ca144a77-28dc-4797-87d0-f8f23e01aac5</sln:miejscNIIPId><sln:miejscNIIPPn>PL.PZGIK.200</sln:miejscNIIPPn><sln:miejscNIIPWersja>2016-11-26T09:48:23+02:00</sln:miejscNIIPWersja><sln:miejscNIdTeryt>0938404</sln:miejscNIdTeryt><sln:miejscNNazwa>Bukowno</sln:miejscNNazwa><sln:miejscNRodzaj>Miasto</sln:miejscNRodzaj><sln:miejscNazwa>Skałka</sln:miejscNazwa><sln:miejscRodzaj>Część miasta</sln:miejscRodzaj><sln:powIIPId>635515cd-30e5-47cd-b0b2-db0113ac269f</sln:powIIPId><sln:powIIPPn>PL.PZGIK.200</sln:powIIPPn><sln:powIIPWersja>2012-09-27T07:52:00+02:00</sln:powIIPWersja><sln:powIdTeryt>1212</sln:powIdTeryt><sln:powNazwa>olkuski</sln:powNazwa><sln:wojIIPId>dd2e3c64-f861-47cf-a3a3-e7751f272b2f</sln:wojIIPId><sln:wojIIPPn>PL.PZGIK.200</sln:wojIIPPn><sln:wojIIPWersja>2017-10-10T00:00:00+02:00</sln:wojIIPWersja><sln:wojIdTeryt>12</sln:wojIdTeryt><sln:wojNazwa>małopolskie</sln:wojNazwa></sln:miejscowosc><sln:miejscowosc><sln:cyklZyciaOd>2016-11-26T00:00:00+01:00</sln:cyklZyciaOd><sln:gmIIPId>daed7014-17ce-46b8-9f7f-803fdeaa8373</sln:gmIIPId><sln:gmIIPPn>PL.PZGIK.200</sln:gmIIPPn><sln:gmIIPWersja>2012-09-26T22:11:33+02:00</sln:gmIIPWersja><sln:gmIdTeryt>1212011</sln:gmIdTeryt><sln:gmNazwa>Bukowno</sln:gmNazwa><sln:miejscIIPId>b15b43e9-1e2b-4ef3-9a67-096433b15bb9</sln:miejscIIPId><sln:miejscIIPPn>PL.PZGIK.200</sln:miejscIIPPn><sln:miejscIIPWersja>2016-11-26T09:48:28+02:00</sln:miejscIIPWersja><sln:miejscIdTeryt>0938568</sln:miejscIdTeryt><sln:miejscNIIPId>ca144a77-28dc-4797-87d0-f8f23e01aac5</sln:miejscNIIPId><sln:miejscNIIPPn>PL.PZGIK.200</sln:miejscNIIPPn><sln:miejscNIIPWersja>2016-11-26T09:48:23+02:00</sln:miejscNIIPWersja><sln:miejscNIdTeryt>0938404</sln:miejscNIdTeryt><sln:miejscNNazwa>Bukowno</sln:miejscNNazwa><sln:miejscNRodzaj>Miasto</sln:miejscNRodzaj><sln:miejscNazwa>Skotnica</sln:miejscNazwa><sln:miejscRodzaj>Część miasta</sln:miejscRodzaj><sln:powIIPId>635515cd-30e5-47cd-b0b2-db0113ac269f</sln:powIIPId><sln:powIIPPn>PL.PZGIK.200</sln:powIIPPn><sln:powIIPWersja>2012-09-27T07:52:00+02:00</sln:powIIPWersja><sln:powIdTeryt>1212</sln:powIdTeryt><sln:powNazwa>olkuski</sln:powNazwa><sln:wojIIPId>dd2e3c64-f861-47cf-a3a3-e7751f272b2f</sln:wojIIPId><sln:wojIIPPn>PL.PZGIK.200</sln:wojIIPPn><sln:wojIIPWersja>2017-10-10T00:00:00+02:00</sln:wojIIPWersja><sln:wojIdTeryt>12</sln:wojIdTeryt><sln:wojNazwa>małopolskie</sln:wojNazwa></sln:miejscowosc><sln:miejscowosc><sln:cyklZyciaOd>2016-11-26T00:00:00+01:00</sln:cyklZyciaOd><sln:gmIIPId>daed7014-17ce-46b8-9f7f-803fdeaa8373</sln:gmIIPId><sln:gmIIPPn>PL.PZGIK.200</sln:gmIIPPn><sln:gmIIPWersja>2012-09-26T22:11:33+02:00</sln:gmIIPWersja><sln:gmIdTeryt>1212011</sln:gmIdTeryt><sln:gmNazwa>Bukowno</sln:gmNazwa><sln:miejscIIPId>886e571a-923a-4d71-91b4-9b334f03a04d</sln:miejscIIPId><sln:miejscIIPPn>PL.PZGIK.200</sln:miejscIIPPn><sln:miejscIIPWersja>2016-11-26T09:48:28+02:00</sln:miejscIIPWersja><sln:miejscIdTeryt>0938574</sln:miejscIdTeryt><sln:miejscNIIPId>ca144a77-28dc-4797-87d0-f8f23e01aac5</sln:miejscNIIPId><sln:miejscNIIPPn>PL.PZGIK.200</sln:miejscNIIPPn><sln:miejscNIIPWersja>2016-11-26T09:48:23+02:00</sln:miejscNIIPWersja><sln:miejscNIdTeryt>0938404</sln:miejscNIdTeryt><sln:miejscNNazwa>Bukowno</sln:miejscNNazwa><sln:miejscNRodzaj>Miasto</sln:miejscNRodzaj><sln:miejscNazwa>Stara Wieś</sln:miejscNazwa><sln:miejscRodzaj>Część miasta</sln:miejscRodzaj><sln:powIIPId>635515cd-30e5-47cd-b0b2-db0113ac269f</sln:powIIPId><sln:powIIPPn>PL.PZGIK.200</sln:powIIPPn><sln:powIIPWersja>2012-09-27T07:52:00+02:00</sln:powIIPWersja><sln:powIdTeryt>1212</sln:powIdTeryt><sln:powNazwa>olkuski</sln:powNazwa><sln:wojIIPId>dd2e3c64-f861-47cf-a3a3-e7751f272b2f</sln:wojIIPId><sln:wojIIPPn>PL.PZGIK.200</sln:wojIIPPn><sln:wojIIPWersja>2017-10-10T00:00:00+02:00</sln:wojIIPWersja><sln:wojIdTeryt>12</sln:wojIdTeryt><sln:wojNazwa>małopolskie</sln:wojNazwa></sln:miejscowosc><sln:miejscowosc><sln:cyklZyciaOd>2016-11-26T00:00:00+01:00</sln:cyklZyciaOd><sln:gmIIPId>daed7014-17ce-46b8-9f7f-803fdeaa8373</sln:gmIIPId><sln:gmIIPPn>PL.PZGIK.200</sln:gmIIPPn><sln:gmIIPWersja>2012-09-26T22:11:33+02:00</sln:gmIIPWersja><sln:gmIdTeryt>1212011</sln:gmIdTeryt><sln:gmNazwa>Bukowno</sln:gmNazwa><sln:miejscIIPId>3fc81dd8-1ca5-4099-a82f-7a03b49ce3a0</sln:miejscIIPId><sln:miejscIIPPn>PL.PZGIK.200</sln:miejscIIPPn><sln:miejscIIPWersja>2016-11-26T09:48:29+02:00</sln:miejscIIPWersja><sln:miejscIdTeryt>0938580</sln:miejscIdTeryt><sln:miejscNIIPId>ca144a77-28dc-4797-87d0-f8f23e01aac5</sln:miejscNIIPId><sln:miejscNIIPPn>PL.PZGIK.200</sln:miejscNIIPPn><sln:miejscNIIPWersja>2016-11-26T09:48:23+02:00</sln:miejscNIIPWersja><sln:miejscNIdTeryt>0938404</sln:miejscNIdTeryt><sln:miejscNNazwa>Bukowno</sln:miejscNNazwa><sln:miejscNRodzaj>Miasto</sln:miejscNRodzaj><sln:miejscNazwa>Starczynów</sln:miejscNazwa><sln:miejscRodzaj>Część miasta</sln:miejscRodzaj><sln:powIIPId>635515cd-30e5-47cd-b0b2-db0113ac269f</sln:powIIPId><sln:powIIPPn>PL.PZGIK.200</sln:powIIPPn><sln:powIIPWersja>2012-09-27T07:52:00+02:00</sln:powIIPWersja><sln:powIdTeryt>1212</sln:powIdTeryt><sln:powNazwa>olkuski</sln:powNazwa><sln:wojIIPId>dd2e3c64-f861-47cf-a3a3-e7751f272b2f</sln:wojIIPId><sln:wojIIPPn>PL.PZGIK.200</sln:wojIIPPn><sln:wojIIPWersja>2017-10-10T00:00:00+02:00</sln:wojIIPWersja><sln:wojIdTeryt>12</sln:wojIdTeryt><sln:wojNazwa>małopolskie</sln:wojNazwa></sln:miejscowosc><sln:miejscowosc><sln:cyklZyciaOd>2016-11-26T00:00:00+01:00</sln:cyklZyciaOd><sln:gmIIPId>daed7014-17ce-46b8-9f7f-803fdeaa8373</sln:gmIIPId><sln:gmIIPPn>PL.PZGIK.200</sln:gmIIPPn><sln:gmIIPWersja>2012-09-26T22:11:33+02:00</sln:gmIIPWersja><sln:gmIdTeryt>1212011</sln:gmIdTeryt><sln:gmNazwa>Bukowno</sln:gmNazwa><sln:miejscIIPId>6fed228c-4d6f-4143-9f67-945765a6f319</sln:miejscIIPId><sln:miejscIIPPn>PL.PZGIK.200</sln:miejscIIPPn><sln:miejscIIPWersja>2016-11-26T09:48:29+02:00</sln:miejscIIPWersja><sln:miejscIdTeryt>0938605</sln:miejscIdTeryt><sln:miejscNIIPId>ca144a77-28dc-4797-87d0-f8f23e01aac5</sln:miejscNIIPId><sln:miejscNIIPPn>PL.PZGIK.200</sln:miejscNIIPPn><sln:miejscNIIPWersja>2016-11-26T09:48:23+02:00</sln:miejscNIIPWersja><sln:miejscNIdTeryt>0938404</sln:miejscNIdTeryt><sln:miejscNNazwa>Bukowno</sln:miejscNNazwa><sln:miejscNRodzaj>Miasto</sln:miejscNRodzaj><sln:miejscNazwa>Stare Bukowno</sln:miejscNazwa><sln:miejscRodzaj>Inny obiekt</sln:miejscRodzaj><sln:powIIPId>635515cd-30e5-47cd-b0b2-db0113ac269f</sln:powIIPId><sln:powIIPPn>PL.PZGIK.200</sln:powIIPPn><sln:powIIPWersja>2012-09-27T07:52:00+02:00</sln:powIIPWersja><sln:powIdTeryt>1212</sln:powIdTeryt><sln:powNazwa>olkuski</sln:powNazwa><sln:wojIIPId>dd2e3c64-f861-47cf-a3a3-e7751f272b2f</sln:wojIIPId><sln:wojIIPPn>PL.PZGIK.200</sln:wojIIPPn><sln:wojIIPWersja>2017-10-10T00:00:00+02:00</sln:wojIIPWersja><sln:wojIdTeryt>12</sln:wojIdTeryt><sln:wojNazwa>małopolskie</sln:wojNazwa></sln:miejscowosc><sln:miejscowosc><sln:cyklZyciaOd>2016-11-26T00:00:00+01:00</sln:cyklZyciaOd><sln:gmIIPId>daed7014-17ce-46b8-9f7f-803fdeaa8373</sln:gmIIPId><sln:gmIIPPn>PL.PZGIK.200</sln:gmIIPPn><sln:gmIIPWersja>2012-09-26T22:11:33+02:00</sln:gmIIPWersja><sln:gmIdTeryt>1212011</sln:gmIdTeryt><sln:gmNazwa>Bukowno</sln:gmNazwa><sln:miejscIIPId>73226505-64b7-4f8d-a5bf-f49792263994</sln:miejscIIPId><sln:miejscIIPPn>PL.PZGIK.200</sln:miejscIIPPn><sln:miejscIIPWersja>2016-11-26T09:48:29+02:00</sln:miejscIIPWersja><sln:miejscIdTeryt>0938628</sln:miejscIdTeryt><sln:miejscNIIPId>ca144a77-28dc-4797-87d0-f8f23e01aac5</sln:miejscNIIPId><sln:miejscNIIPPn>PL.PZGIK.200</sln:miejscNIIPPn><sln:miejscNIIPWersja>2016-11-26T09:48:23+02:00</sln:miejscNIIPWersja><sln:miejscNIdTeryt>0938404</sln:miejscNIdTeryt><sln:miejscNNazwa>Bukowno</sln:miejscNNazwa><sln:miejscNRodzaj>Miasto</sln:miejscNRodzaj><sln:miejscNazwa>Tłukienka</sln:miejscNazwa><sln:miejscRodzaj>Część miasta</sln:miejscRodzaj><sln:powIIPId>635515cd-30e5-47cd-b0b2-db0113ac269f</sln:powIIPId><sln:powIIPPn>PL.PZGIK.200</sln:powIIPPn><sln:powIIPWersja>2012-09-27T07:52:00+02:00</sln:powIIPWersja><sln:powIdTeryt>1212</sln:powIdTeryt><sln:powNazwa>olkuski</sln:powNazwa><sln:wojIIPId>dd2e3c64-f861-47cf-a3a3-e7751f272b2f</sln:wojIIPId><sln:wojIIPPn>PL.PZGIK.200</sln:wojIIPPn><sln:wojIIPWersja>2017-10-10T00:00:00+02:00</sln:wojIIPWersja><sln:wojIdTeryt>12</sln:wojIdTeryt><sln:wojNazwa>małopolskie</sln:wojNazwa></sln:miejscowosc><sln:miejscowosc><sln:cyklZyciaOd>2016-11-26T00:00:00+01:00</sln:cyklZyciaOd><sln:gmIIPId>daed7014-17ce-46b8-9f7f-803fdeaa8373</sln:gmIIPId><sln:gmIIPPn>PL.PZGIK.200</sln:gmIIPPn><sln:gmIIPWersja>2012-09-26T22:11:33+02:00</sln:gmIIPWersja><sln:gmIdTeryt>1212011</sln:gmIdTeryt><sln:gmNazwa>Bukowno</sln:gmNazwa><sln:miejscIIPId>530fbf15-60a6-40e4-8cd6-3cbaa25fd3eb</sln:miejscIIPId><sln:miejscIIPPn>PL.PZGIK.200</sln:miejscIIPPn><sln:miejscIIPWersja>2016-11-26T09:48:29+02:00</sln:miejscIIPWersja><sln:miejscIdTeryt>0938634</sln:miejscIdTeryt><sln:miejscNIIPId>ca144a77-28dc-4797-87d0-f8f23e01aac5</sln:miejscNIIPId><sln:miejscNIIPPn>PL.PZGIK.200</sln:miejscNIIPPn><sln:miejscNIIPWersja>2016-11-26T09:48:23+02:00</sln:miejscNIIPWersja><sln:miejscNIdTeryt>0938404</sln:miejscNIdTeryt><sln:miejscNNazwa>Bukowno</sln:miejscNNazwa><sln:miejscNRodzaj>Miasto</sln:miejscNRodzaj><sln:miejscNazwa>Wapiennik</sln:miejscNazwa><sln:miejscRodzaj>Część miasta</sln:miejscRodzaj><sln:powIIPId>635515cd-30e5-47cd-b0b2-db0113ac269f</sln:powIIPId><sln:powIIPPn>PL.PZGIK.200</sln:powIIPPn><sln:powIIPWersja>2012-09-27T07:52:00+02:00</sln:powIIPWersja><sln:powIdTeryt>1212</sln:powIdTeryt><sln:powNazwa>olkuski</sln:powNazwa><sln:wojIIPId>dd2e3c64-f861-47cf-a3a3-e7751f272b2f</sln:wojIIPId><sln:wojIIPPn>PL.PZGIK.200</sln:wojIIPPn><sln:wojIIPWersja>2017-10-10T00:00:00+02:00</sln:wojIIPWersja><sln:wojIdTeryt>12</sln:wojIdTeryt><sln:wojNazwa>małopolskie</sln:wojNazwa></sln:miejscowosc><sln:miejscowosc><sln:cyklZyciaOd>2016-11-26T00:00:00+01:00</sln:cyklZyciaOd><sln:gmIIPId>daed7014-17ce-46b8-9f7f-803fdeaa8373</sln:gmIIPId><sln:gmIIPPn>PL.PZGIK.200</sln:gmIIPPn><sln:gmIIPWersja>2012-09-26T22:11:33+02:00</sln:gmIIPWersja><sln:gmIdTeryt>1212011</sln:gmIdTeryt><sln:gmNazwa>Bukowno</sln:gmNazwa><sln:miejscIIPId>4f66f5cc-8d04-4930-8d7c-44d3ac47514d</sln:miejscIIPId><sln:miejscIIPPn>PL.PZGIK.200</sln:miejscIIPPn><sln:miejscIIPWersja>2016-11-26T09:48:29+02:00</sln:miejscIIPWersja><sln:miejscIdTeryt>0938640</sln:miejscIdTeryt><sln:miejscNIIPId>ca144a77-28dc-4797-87d0-f8f23e01aac5</sln:miejscNIIPId><sln:miejscNIIPPn>PL.PZGIK.200</sln:miejscNIIPPn><sln:miejscNIIPWersja>2016-11-26T09:48:23+02:00</sln:miejscNIIPWersja><sln:miejscNIdTeryt>0938404</sln:miejscNIdTeryt><sln:miejscNNazwa>Bukowno</sln:miejscNNazwa><sln:miejscNRodzaj>Miasto</sln:miejscNRodzaj><sln:miejscNazwa>Wodąca</sln:miejscNazwa><sln:miejscRodzaj>Część miasta</sln:miejscRodzaj><sln:powIIPId>635515cd-30e5-47cd-b0b2-db0113ac269f</sln:powIIPId><sln:powIIPPn>PL.PZGIK.200</sln:powIIPPn><sln:powIIPWersja>2012-09-27T07:52:00+02:00</sln:powIIPWersja><sln:powIdTeryt>1212</sln:powIdTeryt><sln:powNazwa>olkuski</sln:powNazwa><sln:wojIIPId>dd2e3c64-f861-47cf-a3a3-e7751f272b2f</sln:wojIIPId><sln:wojIIPPn>PL.PZGIK.200</sln:wojIIPPn><sln:wojIIPWersja>2017-10-10T00:00:00+02:00</sln:wojIIPWersja><sln:wojIdTeryt>12</sln:wojIdTeryt><sln:wojNazwa>małopolskie</sln:wojNazwa></sln:miejscowosc><sln:miejscowosc><sln:cyklZyciaOd>2016-11-26T00:00:00+01:00</sln:cyklZyciaOd><sln:gmIIPId>daed7014-17ce-46b8-9f7f-803fdeaa8373</sln:gmIIPId><sln:gmIIPPn>PL.PZGIK.200</sln:gmIIPPn><sln:gmIIPWersja>2012-09-26T22:11:33+02:00</sln:gmIIPWersja><sln:gmIdTeryt>1212011</sln:gmIdTeryt><sln:gmNazwa>Bukowno</sln:gmNazwa><sln:miejscIIPId>7fbaf246-7753-4a96-8463-b80508351465</sln:miejscIIPId><sln:miejscIIPPn>PL.PZGIK.200</sln:miejscIIPPn><sln:miejscIIPWersja>2016-11-26T09:48:29+02:00</sln:miejscIIPWersja><sln:miejscIdTeryt>0938611</sln:miejscIdTeryt><sln:miejscNIIPId>ca144a77-28dc-4797-87d0-f8f23e01aac5</sln:miejscNIIPId><sln:miejscNIIPPn>PL.PZGIK.200</sln:miejscNIIPPn><sln:miejscNIIPWersja>2016-11-26T09:48:23+02:00</sln:miejscNIIPWersja><sln:miejscNIdTeryt>0938404</sln:miejscNIdTeryt><sln:miejscNNazwa>Bukowno</sln:miejscNNazwa><sln:miejscNRodzaj>Miasto</sln:miejscNRodzaj><sln:miejscNazwa>Świnia Góra</sln:miejscNazwa><sln:miejscRodzaj>Część miasta</sln:miejscRodzaj><sln:powIIPId>635515cd-30e5-47cd-b0b2-db0113ac269f</sln:powIIPId><sln:powIIPPn>PL.PZGIK.200</sln:powIIPPn><sln:powIIPWersja>2012-09-27T07:52:00+02:00</sln:powIIPWersja><sln:powIdTeryt>1212</sln:powIdTeryt><sln:powNazwa>olkuski</sln:powNazwa><sln:wojIIPId>dd2e3c64-f861-47cf-a3a3-e7751f272b2f</sln:wojIIPId><sln:wojIIPPn>PL.PZGIK.200</sln:wojIIPPn><sln:wojIIPWersja>2017-10-10T00:00:00+02:00</sln:wojIIPWersja><sln:wojIdTeryt>12</sln:wojIdTeryt><sln:wojNazwa>małopolskie</sln:wojNazwa></sln:miejscowosc><sln:miejscowosc><sln:cyklZyciaOd>2016-11-26T00:00:00+01:00</sln:cyklZyciaOd><sln:gmIIPId>daed7014-17ce-46b8-9f7f-803fdeaa8373</sln:gmIIPId><sln:gmIIPPn>PL.PZGIK.200</sln:gmIIPPn><sln:gmIIPWersja>2012-09-26T22:11:33+02:00</sln:gmIIPWersja><sln:gmIdTeryt>1212011</sln:gmIdTeryt><sln:gmNazwa>Bukowno</sln:gmNazwa><sln:miejscIIPId>304d0052-1792-4c87-bd6a-47225fbf2ad1</sln:miejscIIPId><sln:miejscIIPPn>PL.PZGIK.200</sln:miejscIIPPn><sln:miejscIIPWersja>2016-11-26T09:48:29+02:00</sln:miejscIIPWersja><sln:miejscIdTeryt>0938657</sln:miejscIdTeryt><sln:miejscNIIPId>ca144a77-28dc-4797-87d0-f8f23e01aac5</sln:miejscNIIPId><sln:miejscNIIPPn>PL.PZGIK.200</sln:miejscNIIPPn><sln:miejscNIIPWersja>2016-11-26T09:48:23+02:00</sln:miejscNIIPWersja><sln:miejscNIdTeryt>0938404</sln:miejscNIdTeryt><sln:miejscNNazwa>Bukowno</sln:miejscNNazwa><sln:miejscNRodzaj>Miasto</sln:miejscNRodzaj><sln:miejscNazwa>Wygiełza</sln:miejscNazwa><sln:miejscRodzaj>Część miasta</sln:miejscRodzaj><sln:powIIPId>635515cd-30e5-47cd-b0b2-db0113ac269f</sln:powIIPId><sln:powIIPPn>PL.PZGIK.200</sln:powIIPPn><sln:powIIPWersja>2012-09-27T07:52:00+02:00</sln:powIIPWersja><sln:powIdTeryt>1212</sln:powIdTeryt><sln:powNazwa>olkuski</sln:powNazwa><sln:wojIIPId>dd2e3c64-f861-47cf-a3a3-e7751f272b2f</sln:wojIIPId><sln:wojIIPPn>PL.PZGIK.200</sln:wojIIPPn><sln:wojIIPWersja>2017-10-10T00:00:00+02:00</sln:wojIIPWersja><sln:wojIdTeryt>12</sln:wojIdTeryt><sln:wojNazwa>małopolskie</sln:wojNazwa></sln:miejscowosc><sln:miejscowosc><sln:cyklZyciaOd>2016-11-26T00:00:00+01:00</sln:cyklZyciaOd><sln:gmIIPId>daed7014-17ce-46b8-9f7f-803fdeaa8373</sln:gmIIPId><sln:gmIIPPn>PL.PZGIK.200</sln:gmIIPPn><sln:gmIIPWersja>2012-09-26T22:11:33+02:00</sln:gmIIPWersja><sln:gmIdTeryt>1212011</sln:gmIdTeryt><sln:gmNazwa>Bukowno</sln:gmNazwa><sln:miejscIIPId>638aecde-e281-4091-a31b-ce1c339d0aa2</sln:miejscIIPId><sln:miejscIIPPn>PL.PZGIK.200</sln:miejscIIPPn><sln:miejscIIPWersja>2016-11-26T09:48:29+02:00</sln:miejscIIPWersja><sln:miejscIdTeryt>0938433</sln:miejscIdTeryt><sln:miejscNIIPId>ca144a77-28dc-4797-87d0-f8f23e01aac5</sln:miejscNIIPId><sln:miejscNIIPPn>PL.PZGIK.200</sln:miejscNIIPPn><sln:miejscNIIPWersja>2016-11-26T09:48:23+02:00</sln:miejscNIIPWersja><sln:miejscNIdTeryt>0938404</sln:miejscNIdTeryt><sln:miejscNNazwa>Bukowno</sln:miejscNNazwa><sln:miejscNRodzaj>Miasto</sln:miejscNRodzaj><sln:miejscNazwa>Dołek</sln:miejscNazwa><sln:miejscRodzaj>Część miasta</sln:miejscRodzaj><sln:powIIPId>635515cd-30e5-47cd-b0b2-db0113ac269f</sln:powIIPId><sln:powIIPPn>PL.PZGIK.200</sln:powIIPPn><sln:powIIPWersja>2012-09-27T07:52:00+02:00</sln:powIIPWersja><sln:powIdTeryt>1212</sln:powIdTeryt><sln:powNazwa>olkuski</sln:powNazwa><sln:wojIIPId>dd2e3c64-f861-47cf-a3a3-e7751f272b2f</sln:wojIIPId><sln:wojIIPPn>PL.PZGIK.200</sln:wojIIPPn><sln:wojIIPWersja>2017-10-10T00:00:00+02:00</sln:wojIIPWersja><sln:wojIdTeryt>12</sln:wojIdTeryt><sln:wojNazwa>małopolskie</sln:wojNazwa></sln:miejscowosc><sln:miejscowosc><sln:cyklZyciaOd>2016-11-26T00:00:00+01:00</sln:cyklZyciaOd><sln:gmIIPId>daed7014-17ce-46b8-9f7f-803fdeaa8373</sln:gmIIPId><sln:gmIIPPn>PL.PZGIK.200</sln:gmIIPPn><sln:gmIIPWersja>2012-09-26T22:11:33+02:00</sln:gmIIPWersja><sln:gmIdTeryt>1212011</sln:gmIdTeryt><sln:gmNazwa>Bukowno</sln:gmNazwa><sln:miejscIIPId>fb436710-8540-43f9-817f-1cef4f02f603</sln:miejscIIPId><sln:miejscIIPPn>PL.PZGIK.200</sln:miejscIIPPn><sln:miejscIIPWersja>2016-11-26T09:48:29+02:00</sln:miejscIIPWersja><sln:miejscIdTeryt>0938410</sln:miejscIdTeryt><sln:miejscNIIPId>ca144a77-28dc-4797-87d0-f8f23e01aac5</sln:miejscNIIPId><sln:miejscNIIPPn>PL.PZGIK.200</sln:miejscNIIPPn><sln:miejscNIIPWersja>2016-11-26T09:48:23+02:00</sln:miejscNIIPWersja><sln:miejscNIdTeryt>0938404</sln:miejscNIdTeryt><sln:miejscNNazwa>Bukowno</sln:miejscNNazwa><sln:miejscNRodzaj>Miasto</sln:miejscNRodzaj><sln:miejscNazwa>Bagno</sln:miejscNazwa><sln:miejscRodzaj>Część miasta</sln:miejscRodzaj><sln:powIIPId>635515cd-30e5-47cd-b0b2-db0113ac269f</sln:powIIPId><sln:powIIPPn>PL.PZGIK.200</sln:powIIPPn><sln:powIIPWersja>2012-09-27T07:52:00+02:00</sln:powIIPWersja><sln:powIdTeryt>1212</sln:powIdTeryt><sln:powNazwa>olkuski</sln:powNazwa><sln:wojIIPId>dd2e3c64-f861-47cf-a3a3-e7751f272b2f</sln:wojIIPId><sln:wojIIPPn>PL.PZGIK.200</sln:wojIIPPn><sln:wojIIPWersja>2017-10-10T00:00:00+02:00</sln:wojIIPWersja><sln:wojIdTeryt>12</sln:wojIdTeryt><sln:wojNazwa>małopolskie</sln:wojNazwa></sln:miejscowosc><sln:miejscowosc><sln:cyklZyciaOd>2016-11-26T00:00:00+01:00</sln:cyklZyciaOd><sln:gmIIPId>daed7014-17ce-46b8-9f7f-803fdeaa8373</sln:gmIIPId><sln:gmIIPPn>PL.PZGIK.200</sln:gmIIPPn><sln:gmIIPWersja>2012-09-26T22:11:33+02:00</sln:gmIIPWersja><sln:gmIdTeryt>1212011</sln:gmIdTeryt><sln:gmNazwa>Bukowno</sln:gmNazwa><sln:miejscIIPId>ffdef30d-d862-487b-b35e-2315d4742bea</sln:miejscIIPId><sln:miejscIIPPn>PL.PZGIK.200</sln:miejscIIPPn><sln:miejscIIPWersja>2016-11-26T09:48:29+02:00</sln:miejscIIPWersja><sln:miejscIdTeryt>0938522</sln:miejscIdTeryt><sln:miejscNIIPId>ca144a77-28dc-4797-87d0-f8f23e01aac5</sln:miejscNIIPId><sln:miejscNIIPPn>PL.PZGIK.200</sln:miejscNIIPPn><sln:miejscNIIPWersja>2016-11-26T09:48:23+02:00</sln:miejscNIIPWersja><sln:miejscNIdTeryt>0938404</sln:miejscNIdTeryt><sln:miejscNNazwa>Bukowno</sln:miejscNNazwa><sln:miejscNRodzaj>Miasto</sln:miejscNRodzaj><sln:miejscNazwa>Polis</sln:miejscNazwa><sln:miejscRodzaj>Część miasta</sln:miejscRodzaj><sln:powIIPId>635515cd-30e5-47cd-b0b2-db0113ac269f</sln:powIIPId><sln:powIIPPn>PL.PZGIK.200</sln:powIIPPn><sln:powIIPWersja>2012-09-27T07:52:00+02:00</sln:powIIPWersja><sln:powIdTeryt>1212</sln:powIdTeryt><sln:powNazwa>olkuski</sln:powNazwa><sln:wojIIPId>dd2e3c64-f861-47cf-a3a3-e7751f272b2f</sln:wojIIPId><sln:wojIIPPn>PL.PZGIK.200</sln:wojIIPPn><sln:wojIIPWersja>2017-10-10T00:00:00+02:00</sln:wojIIPWersja><sln:wojIdTeryt>12</sln:wojIdTeryt><sln:wojNazwa>małopolskie</sln:wojNazwa></sln:miejscowosc><sln:miejscowosc><sln:cyklZyciaOd>2016-11-26T00:00:00+01:00</sln:cyklZyciaOd><sln:gmIIPId>daed7014-17ce-46b8-9f7f-803fdeaa8373</sln:gmIIPId><sln:gmIIPPn>PL.PZGIK.200</sln:gmIIPPn><sln:gmIIPWersja>2012-09-26T22:11:33+02:00</sln:gmIIPWersja><sln:gmIdTeryt>1212011</sln:gmIdTeryt><sln:gmNazwa>Bukowno</sln:gmNazwa><sln:miejscIIPId>a052e0cd-d18a-4bbd-a0f3-4216aa4a5138</sln:miejscIIPId><sln:miejscIIPPn>PL.PZGIK.200</sln:miejscIIPPn><sln:miejscIIPWersja>2016-11-26T09:48:29+02:00</sln:miejscIIPWersja><sln:miejscIdTeryt>0938456</sln:miejscIdTeryt><sln:miejscNIIPId>ca144a77-28dc-4797-87d0-f8f23e01aac5</sln:miejscNIIPId><sln:miejscNIIPPn>PL.PZGIK.200</sln:miejscNIIPPn><sln:miejscNIIPWersja>2016-11-26T09:48:23+02:00</sln:miejscNIIPWersja><sln:miejscNIdTeryt>0938404</sln:miejscNIdTeryt><sln:miejscNNazwa>Bukowno</sln:miejscNNazwa><sln:miejscNRodzaj>Miasto</sln:miejscNRodzaj><sln:miejscNazwa>Jeziorki</sln:miejscNazwa><sln:miejscRodzaj>Część miasta</sln:miejscRodzaj><sln:powIIPId>635515cd-30e5-47cd-b0b2-db0113ac269f</sln:powIIPId><sln:powIIPPn>PL.PZGIK.200</sln:powIIPPn><sln:powIIPWersja>2012-09-27T07:52:00+02:00</sln:powIIPWersja><sln:powIdTeryt>1212</sln:powIdTeryt><sln:powNazwa>olkuski</sln:powNazwa><sln:wojIIPId>dd2e3c64-f861-47cf-a3a3-e7751f272b2f</sln:wojIIPId><sln:wojIIPPn>PL.PZGIK.200</sln:wojIIPPn><sln:wojIIPWersja>2017-10-10T00:00:00+02:00</sln:wojIIPWersja><sln:wojIdTeryt>12</sln:wojIdTeryt><sln:wojNazwa>małopolskie</sln:wojNazwa></sln:miejscowosc><sln:miejscowosc><sln:cyklZyciaOd>2016-11-26T00:00:00+01:00</sln:cyklZyciaOd><sln:gmIIPId>daed7014-17ce-46b8-9f7f-803fdeaa8373</sln:gmIIPId><sln:gmIIPPn>PL.PZGIK.200</sln:gmIIPPn><sln:gmIIPWersja>2012-09-26T22:11:33+02:00</sln:gmIIPWersja><sln:gmIdTeryt>1212011</sln:gmIdTeryt><sln:gmNazwa>Bukowno</sln:gmNazwa><sln:miejscIIPId>e89b5801-c93f-4a29-a33e-16985b938425</sln:miejscIIPId><sln:miejscIIPPn>PL.PZGIK.200</sln:miejscIIPPn><sln:miejscIIPWersja>2016-11-26T09:48:29+02:00</sln:miejscIIPWersja><sln:miejscIdTeryt>0938491</sln:miejscIdTeryt><sln:miejscNIIPId>ca144a77-28dc-4797-87d0-f8f23e01aac5</sln:miejscNIIPId><sln:miejscNIIPPn>PL.PZGIK.200</sln:miejscNIIPPn><sln:miejscNIIPWersja>2016-11-26T09:48:23+02:00</sln:miejscNIIPWersja><sln:miejscNIdTeryt>0938404</sln:miejscNIdTeryt><sln:miejscNNazwa>Bukowno</sln:miejscNNazwa><sln:miejscNRodzaj>Miasto</sln:miejscNRodzaj><sln:miejscNazwa>Piaski</sln:miejscNazwa><sln:miejscRodzaj>Część miasta</sln:miejscRodzaj><sln:powIIPId>635515cd-30e5-47cd-b0b2-db0113ac269f</sln:powIIPId><sln:powIIPPn>PL.PZGIK.200</sln:powIIPPn><sln:powIIPWersja>2012-09-27T07:52:00+02:00</sln:powIIPWersja><sln:powIdTeryt>1212</sln:powIdTeryt><sln:powNazwa>olkuski</sln:powNazwa><sln:wojIIPId>dd2e3c64-f861-47cf-a3a3-e7751f272b2f</sln:wojIIPId><sln:wojIIPPn>PL.PZGIK.200</sln:wojIIPPn><sln:wojIIPWersja>2017-10-10T00:00:00+02:00</sln:wojIIPWersja><sln:wojIdTeryt>12</sln:wojIdTeryt><sln:wojNazwa>małopolskie</sln:wojNazwa></sln:miejscowosc><sln:miejscowosc><sln:cyklZyciaOd>2016-11-26T00:00:00+01:00</sln:cyklZyciaOd><sln:gmIIPId>daed7014-17ce-46b8-9f7f-803fdeaa8373</sln:gmIIPId><sln:gmIIPPn>PL.PZGIK.200</sln:gmIIPPn><sln:gmIIPWersja>2012-09-26T22:11:33+02:00</sln:gmIIPWersja><sln:gmIdTeryt>1212011</sln:gmIdTeryt><sln:gmNazwa>Bukowno</sln:gmNazwa><sln:miejscIIPId>3a9bd180-90b0-43a9-82ec-582e15c12bc3</sln:miejscIIPId><sln:miejscIIPPn>PL.PZGIK.200</sln:miejscIIPPn><sln:miejscIIPWersja>2016-11-26T09:48:29+02:00</sln:miejscIIPWersja><sln:miejscIdTeryt>0938462</sln:miejscIdTeryt><sln:miejscNIIPId>ca144a77-28dc-4797-87d0-f8f23e01aac5</sln:miejscNIIPId><sln:miejscNIIPPn>PL.PZGIK.200</sln:miejscNIIPPn><sln:miejscNIIPWersja>2016-11-26T09:48:23+02:00</sln:miejscNIIPWersja><sln:miejscNIdTeryt>0938404</sln:miejscNIdTeryt><sln:miejscNNazwa>Bukowno</sln:miejscNNazwa><sln:miejscNRodzaj>Miasto</sln:miejscNRodzaj><sln:miejscNazwa>Kleparz</sln:miejscNazwa><sln:miejscRodzaj>Część miasta</sln:miejscRodzaj><sln:powIIPId>635515cd-30e5-47cd-b0b2-db0113ac269f</sln:powIIPId><sln:powIIPPn>PL.PZGIK.200</sln:powIIPPn><sln:powIIPWersja>2012-09-27T07:52:00+02:00</sln:powIIPWersja><sln:powIdTeryt>1212</sln:powIdTeryt><sln:powNazwa>olkuski</sln:powNazwa><sln:wojIIPId>dd2e3c64-f861-47cf-a3a3-e7751f272b2f</sln:wojIIPId><sln:wojIIPPn>PL.PZGIK.200</sln:wojIIPPn><sln:wojIIPWersja>2017-10-10T00:00:00+02:00</sln:wojIIPWersja><sln:wojIdTeryt>12</sln:wojIdTeryt><sln:wojNazwa>małopolskie</sln:wojNazwa></sln:miejscowosc><sln:miejscowosc><sln:cyklZyciaOd>2016-11-26T00:00:00+01:00</sln:cyklZyciaOd><sln:gmIIPId>daed7014-17ce-46b8-9f7f-803fdeaa8373</sln:gmIIPId><sln:gmIIPPn>PL.PZGIK.200</sln:gmIIPPn><sln:gmIIPWersja>2012-09-26T22:11:33+02:00</sln:gmIIPWersja><sln:gmIdTeryt>1212011</sln:gmIdTeryt><sln:gmNazwa>Bukowno</sln:gmNazwa><sln:miejscIIPId>adfe6ad8-9ad9-4a02-9b8d-b53bf62628cc</sln:miejscIIPId><sln:miejscIIPPn>PL.PZGIK.200</sln:miejscIIPPn><sln:miejscIIPWersja>2016-11-26T09:48:29+02:00</sln:miejscIIPWersja><sln:miejscIdTeryt>0938427</sln:miejscIdTeryt><sln:miejscNIIPId>ca144a77-28dc-4797-87d0-f8f23e01aac5</sln:miejscNIIPId><sln:miejscNIIPPn>PL.PZGIK.200</sln:miejscNIIPPn><sln:miejscNIIPWersja>2016-11-26T09:48:23+02:00</sln:miejscNIIPWersja><sln:miejscNIdTeryt>0938404</sln:miejscNIdTeryt><sln:miejscNNazwa>Bukowno</sln:miejscNNazwa><sln:miejscNRodzaj>Miasto</sln:miejscNRodzaj><sln:miejscNazwa>Bór Biskupi</sln:miejscNazwa><sln:miejscRodzaj>Część miasta</sln:miejscRodzaj><sln:powIIPId>635515cd-30e5-47cd-b0b2-db0113ac269f</sln:powIIPId><sln:powIIPPn>PL.PZGIK.200</sln:powIIPPn><sln:powIIPWersja>2012-09-27T07:52:00+02:00</sln:powIIPWersja><sln:powIdTeryt>1212</sln:powIdTeryt><sln:powNazwa>olkuski</sln:powNazwa><sln:wojIIPId>dd2e3c64-f861-47cf-a3a3-e7751f272b2f</sln:wojIIPId><sln:wojIIPPn>PL.PZGIK.200</sln:wojIIPPn><sln:wojIIPWersja>2017-10-10T00:00:00+02:00</sln:wojIIPWersja><sln:wojIdTeryt>12</sln:wojIdTeryt><sln:wojNazwa>małopolskie</sln:wojNazwa></sln:miejscowosc></sln:lista-miejscowosci>