<?xml version="1.0" encoding="UTF-8" standalone="yes"?><sln:lista-miejscowosci xmlns:srv="http://gugik.gov.pl/schemas/slowniki-service/1.0" xmlns:sln="http://gugik.gov.pl/schemas/slowniki-schema/1.0"><sln:miejscowosc><sln:cyklZyciaDo>2017-02-21T00:00:00+01:00</sln:cyklZyciaDo><sln:cyklZyciaOd>2015-10-06T00:00:00+02:00</sln:cyklZyciaOd><sln:gmIIPId>ec68b126-791e-40e8-8a2c-cb6978b0b98a</sln:gmIIPId><sln:gmIIPPn>PL.PZGIK.200</sln:gmIIPPn><sln:gmIIPWersja>2012-09-26T22:12:12+02:00</sln:gmIIPWersja><sln:gmIdTeryt>1216103</sln:gmIdTeryt><sln:gmNazwa>Tuchów</sln:gmNazwa><sln:miejscIIPId>024d5082-c4ef-4c50-b02f-999f4bd16cd6</sln:miejscIIPId><sln:miejscIIPPn>PL.PZGIK.200</sln:miejscIIPPn><sln:miejscIIPWersja>2016-11-24T14:10:29+02:00</sln:miejscIIPWersja><sln:miejscIdTeryt>0982457</sln:miejscIdTeryt><sln:miejscNazwa>Tuchów</sln:miejscNazwa><sln:miejscRodzaj>Wieś</sln:miejscRodzaj><sln:powIIPId>17c3b30e-7279-4144-9a54-b54dcc50a95c</sln:powIIPId><sln:powIIPPn>PL.PZGIK.200</sln:powIIPPn><sln:powIIPWersja>2012-09-27T07:52:01+02:00</sln:powIIPWersja><sln:powIdTeryt>1216</sln:powIdTeryt><sln:powNazwa>tarnowski</sln:powNazwa><sln:wojIIPId>dd2e3c64-f861-47cf-a3a3-e7751f272b2f</sln:wojIIPId><sln:wojIIPPn>PL.PZGIK.200</sln:wojIIPPn><sln:wojIIPWersja>2017-10-10T00:00:00+02:00</sln:wojIIPWersja><sln:wojIdTeryt>12</sln:wojIdTeryt><sln:wojNazwa>małopolskie</sln:wojNazwa></sln:miejscowosc><sln:miejscowosc><sln:cyklZyciaDo>2017-02-21T00:00:00+01:00</sln:cyklZyciaDo><sln:cyklZyciaOd>2015-10-06T00:00:00+02:00</sln:cyklZyciaOd><sln:gmIIPId>ec68b126-791e-40e8-8a2c-cb6978b0b98a</sln:gmIIPId><sln:gmIIPPn>PL.PZGIK.200</sln:gmIIPPn><sln:gmIIPWersja>2012-09-26T22:12:12+02:00</sln:gmIIPWersja><sln:gmIdTeryt>1216103</sln:gmIdTeryt><sln:gmNazwa>Tuchów</sln:gmNazwa><sln:miejscIIPId>bd7c0a26-819b-488c-bb1d-bc5746490c44</sln:miejscIIPId><sln:miejscIIPPn>PL.PZGIK.200</sln:miejscIIPPn><sln:miejscIIPWersja>2016-11-24T14:10:29+02:00</sln:miejscIIPWersja><sln:miejscIdTeryt>0833540</sln:miejscIdTeryt><sln:miejscNazwa>Buchcice</sln:miejscNazwa><sln:miejscRodzaj>Wieś</sln:miejscRodzaj><sln:powIIPId>17c3b30e-7279-4144-9a54-b54dcc50a95c</sln:powIIPId><sln:powIIPPn>PL.PZGIK.200</sln:powIIPPn><sln:powIIPWersja>2012-09-27T07:52:01+02:00</sln:powIIPWersja><sln:powIdTeryt>1216</sln:powIdTeryt><sln:powNazwa>tarnowski</sln:powNazwa><sln:wojIIPId>dd2e3c64-f861-47cf-a3a3-e7751f272b2f</sln:wojIIPId><sln:wojIIPPn>PL.PZGIK.200</sln:wojIIPPn><sln:wojIIPWersja>2017-10-10T00:00:00+02:00</sln:wojIIPWersja><sln:wojIdTeryt>12</sln:wojIdTeryt><sln:wojNazwa>małopolskie</sln:wojNazwa></sln:miejscowosc><sln:miejscowosc><sln:cyklZyciaDo>2017-02-21T00:00:00+01:00</sln:cyklZyciaDo><sln:cyklZyciaOd>2015-10-06T00:00:00+02:00</sln:cyklZyciaOd><sln:gmIIPId>ec68b126-791e-40e8-8a2c-cb6978b0b98a</sln:gmIIPId><sln:gmIIPPn>PL.PZGIK.200</sln:gmIIPPn><sln:gmIIPWersja>2012-09-26T22:12:12+02:00</sln:gmIIPWersja><sln:gmIdTeryt>1216103</sln:gmIdTeryt><sln:gmNazwa>Tuchów</sln:gmNazwa><sln:miejscIIPId>5e011859-3b5f-46e2-99ab-6ea4a3800075</sln:miejscIIPId><sln:miejscIIPPn>PL.PZGIK.200</sln:miejscIIPPn><sln:miejscIIPWersja>2016-11-24T14:10:29+02:00</sln:miejscIIPWersja><sln:miejscIdTeryt>0833639</sln:miejscIdTeryt><sln:miejscNazwa>Burzyn</sln:miejscNazwa><sln:miejscRodzaj>Wieś</sln:miejscRodzaj><sln:powIIPId>17c3b30e-7279-4144-9a54-b54dcc50a95c</sln:powIIPId><sln:powIIPPn>PL.PZGIK.200</sln:powIIPPn><sln:powIIPWersja>2012-09-27T07:52:01+02:00</sln:powIIPWersja><sln:powIdTeryt>1216</sln:powIdTeryt><sln:powNazwa>tarnowski</sln:powNazwa><sln:wojIIPId>dd2e3c64-f861-47cf-a3a3-e7751f272b2f</sln:wojIIPId><sln:wojIIPPn>PL.PZGIK.200</sln:wojIIPPn><sln:wojIIPWersja>2017-10-10T00:00:00+02:00</sln:wojIIPWersja><sln:wojIdTeryt>12</sln:wojIdTeryt><sln:wojNazwa>małopolskie</sln:wojNazwa></sln:miejscowosc><sln:miejscowosc><sln:cyklZyciaDo>2017-02-21T00:00:00+01:00</sln:cyklZyciaDo><sln:cyklZyciaOd>2015-10-06T00:00:00+02:00</sln:cyklZyciaOd><sln:gmIIPId>ec68b126-791e-40e8-8a2c-cb6978b0b98a</sln:gmIIPId><sln:gmIIPPn>PL.PZGIK.200</sln:gmIIPPn><sln:gmIIPWersja>2012-09-26T22:12:12+02:00</sln:gmIIPWersja><sln:gmIdTeryt>1216103</sln:gmIdTeryt><sln:gmNazwa>Tuchów</sln:gmNazwa><sln:miejscIIPId>f693c522-1a0b-43e7-afaa-8bfa9f34a83c</sln:miejscIIPId><sln:miejscIIPPn>PL.PZGIK.200</sln:miejscIIPPn><sln:miejscIIPWersja>2016-11-24T14:10:29+02:00</sln:miejscIIPWersja><sln:miejscIdTeryt>0834099</sln:miejscIdTeryt><sln:miejscNazwa>Karwodrza</sln:miejscNazwa><sln:miejscRodzaj>Wieś</sln:miejscRodzaj><sln:powIIPId>17c3b30e-7279-4144-9a54-b54dcc50a95c</sln:powIIPId><sln:powIIPPn>PL.PZGIK.200</sln:powIIPPn><sln:powIIPWersja>2012-09-27T07:52:01+02:00</sln:powIIPWersja><sln:powIdTeryt>1216</sln:powIdTeryt><sln:powNazwa>tarnowski</sln:powNazwa><sln:wojIIPId>dd2e3c64-f861-47cf-a3a3-e7751f272b2f</sln:wojIIPId><sln:wojIIPPn>PL.PZGIK.200</sln:wojIIPPn><sln:wojIIPWersja>2017-10-10T00:00:00+02:00</sln:wojIIPWersja><sln:wojIdTeryt>12</sln:wojIdTeryt><sln:wojNazwa>małopolskie</sln:wojNazwa></sln:miejscowosc><sln:miejscowosc><sln:cyklZyciaDo>2017-02-21T00:00:00+01:00</sln:cyklZyciaDo><sln:cyklZyciaOd>2015-10-06T00:00:00+02:00</sln:cyklZyciaOd><sln:gmIIPId>ec68b126-791e-40e8-8a2c-cb6978b0b98a</sln:gmIIPId><sln:gmIIPPn>PL.PZGIK.200</sln:gmIIPPn><sln:gmIIPWersja>2012-09-26T22:12:12+02:00</sln:gmIIPWersja><sln:gmIdTeryt>1216103</sln:gmIdTeryt><sln:gmNazwa>Tuchów</sln:gmNazwa><sln:miejscIIPId>31de961b-4429-44a0-a16e-3e054fd5bc0d</sln:miejscIIPId><sln:miejscIIPPn>PL.PZGIK.200</sln:miejscIIPPn><sln:miejscIIPWersja>2016-11-24T14:10:29+02:00</sln:miejscIIPWersja><sln:miejscIdTeryt>0834165</sln:miejscIdTeryt><sln:miejscNazwa>Lubaszowa</sln:miejscNazwa><sln:miejscRodzaj>Wieś</sln:miejscRodzaj><sln:powIIPId>17c3b30e-7279-4144-9a54-b54dcc50a95c</sln:powIIPId><sln:powIIPPn>PL.PZGIK.200</sln:powIIPPn><sln:powIIPWersja>2012-09-27T07:52:01+02:00</sln:powIIPWersja><sln:powIdTeryt>1216</sln:powIdTeryt><sln:powNazwa>tarnowski</sln:powNazwa><sln:wojIIPId>dd2e3c64-f861-47cf-a3a3-e7751f272b2f</sln:wojIIPId><sln:wojIIPPn>PL.PZGIK.200</sln:wojIIPPn><sln:wojIIPWersja>2017-10-10T00:00:00+02:00</sln:wojIIPWersja><sln:wojIdTeryt>12</sln:wojIdTeryt><sln:wojNazwa>małopolskie</sln:wojNazwa></sln:miejscowosc><sln:miejscowosc><sln:cyklZyciaDo>2017-02-21T00:00:00+01:00</sln:cyklZyciaDo><sln:cyklZyciaOd>2015-10-06T00:00:00+02:00</sln:cyklZyciaOd><sln:gmIIPId>ec68b126-791e-40e8-8a2c-cb6978b0b98a</sln:gmIIPId><sln:gmIIPPn>PL.PZGIK.200</sln:gmIIPPn><sln:gmIIPWersja>2012-09-26T22:12:12+02:00</sln:gmIIPWersja><sln:gmIdTeryt>1216103</sln:gmIdTeryt><sln:gmNazwa>Tuchów</sln:gmNazwa><sln:miejscIIPId>8a0cfb75-b896-4884-9c41-9e044d2e4dc4</sln:miejscIIPId><sln:miejscIIPPn>PL.PZGIK.200</sln:miejscIIPPn><sln:miejscIIPWersja>2016-11-24T14:10:29+02:00</sln:miejscIIPWersja><sln:miejscIdTeryt>0834219</sln:miejscIdTeryt><sln:miejscNazwa>Łowczów</sln:miejscNazwa><sln:miejscRodzaj>Wieś</sln:miejscRodzaj><sln:powIIPId>17c3b30e-7279-4144-9a54-b54dcc50a95c</sln:powIIPId><sln:powIIPPn>PL.PZGIK.200</sln:powIIPPn><sln:powIIPWersja>2012-09-27T07:52:01+02:00</sln:powIIPWersja><sln:powIdTeryt>1216</sln:powIdTeryt><sln:powNazwa>tarnowski</sln:powNazwa><sln:wojIIPId>dd2e3c64-f861-47cf-a3a3-e7751f272b2f</sln:wojIIPId><sln:wojIIPPn>PL.PZGIK.200</sln:wojIIPPn><sln:wojIIPWersja>2017-10-10T00:00:00+02:00</sln:wojIIPWersja><sln:wojIdTeryt>12</sln:wojIdTeryt><sln:wojNazwa>małopolskie</sln:wojNazwa></sln:miejscowosc><sln:miejscowosc><sln:cyklZyciaDo>2017-02-21T00:00:00+01:00</sln:cyklZyciaDo><sln:cyklZyciaOd>2015-10-06T00:00:00+02:00</sln:cyklZyciaOd><sln:gmIIPId>ec68b126-791e-40e8-8a2c-cb6978b0b98a</sln:gmIIPId><sln:gmIIPPn>PL.PZGIK.200</sln:gmIIPPn><sln:gmIIPWersja>2012-09-26T22:12:12+02:00</sln:gmIIPWersja><sln:gmIdTeryt>1216103</sln:gmIdTeryt><sln:gmNazwa>Tuchów</sln:gmNazwa><sln:miejscIIPId>60874a98-a4c8-4cae-af92-c298e6e578fa</sln:miejscIIPId><sln:miejscIIPPn>PL.PZGIK.200</sln:miejscIIPPn><sln:miejscIIPWersja>2016-11-24T14:10:29+02:00</sln:miejscIIPWersja><sln:miejscIdTeryt>0834283</sln:miejscIdTeryt><sln:miejscNazwa>Meszna Opacka</sln:miejscNazwa><sln:miejscRodzaj>Wieś</sln:miejscRodzaj><sln:powIIPId>17c3b30e-7279-4144-9a54-b54dcc50a95c</sln:powIIPId><sln:powIIPPn>PL.PZGIK.200</sln:powIIPPn><sln:powIIPWersja>2012-09-27T07:52:01+02:00</sln:powIIPWersja><sln:powIdTeryt>1216</sln:powIdTeryt><sln:powNazwa>tarnowski</sln:powNazwa><sln:wojIIPId>dd2e3c64-f861-47cf-a3a3-e7751f272b2f</sln:wojIIPId><sln:wojIIPPn>PL.PZGIK.200</sln:wojIIPPn><sln:wojIIPWersja>2017-10-10T00:00:00+02:00</sln:wojIIPWersja><sln:wojIdTeryt>12</sln:wojIdTeryt><sln:wojNazwa>małopolskie</sln:wojNazwa></sln:miejscowosc><sln:miejscowosc><sln:cyklZyciaDo>2017-02-21T00:00:00+01:00</sln:cyklZyciaDo><sln:cyklZyciaOd>2015-10-06T00:00:00+02:00</sln:cyklZyciaOd><sln:gmIIPId>ec68b126-791e-40e8-8a2c-cb6978b0b98a</sln:gmIIPId><sln:gmIIPPn>PL.PZGIK.200</sln:gmIIPPn><sln:gmIIPWersja>2012-09-26T22:12:12+02:00</sln:gmIIPWersja><sln:gmIdTeryt>1216103</sln:gmIdTeryt><sln:gmNazwa>Tuchów</sln:gmNazwa><sln:miejscIIPId>198f2c23-e7f2-4107-b03e-be841c7701a0</sln:miejscIIPId><sln:miejscIIPPn>PL.PZGIK.200</sln:miejscIIPPn><sln:miejscIIPWersja>2016-11-24T14:10:29+02:00</sln:miejscIIPWersja><sln:miejscIdTeryt>0834343</sln:miejscIdTeryt><sln:miejscNazwa>Piotrkowice</sln:miejscNazwa><sln:miejscRodzaj>Wieś</sln:miejscRodzaj><sln:powIIPId>17c3b30e-7279-4144-9a54-b54dcc50a95c</sln:powIIPId><sln:powIIPPn>PL.PZGIK.200</sln:powIIPPn><sln:powIIPWersja>2012-09-27T07:52:01+02:00</sln:powIIPWersja><sln:powIdTeryt>1216</sln:powIdTeryt><sln:powNazwa>tarnowski</sln:powNazwa><sln:wojIIPId>dd2e3c64-f861-47cf-a3a3-e7751f272b2f</sln:wojIIPId><sln:wojIIPPn>PL.PZGIK.200</sln:wojIIPPn><sln:wojIIPWersja>2017-10-10T00:00:00+02:00</sln:wojIIPWersja><sln:wojIdTeryt>12</sln:wojIdTeryt><sln:wojNazwa>małopolskie</sln:wojNazwa></sln:miejscowosc><sln:miejscowosc><sln:cyklZyciaDo>2017-02-21T00:00:00+01:00</sln:cyklZyciaDo><sln:cyklZyciaOd>2015-10-06T00:00:00+02:00</sln:cyklZyciaOd><sln:gmIIPId>ec68b126-791e-40e8-8a2c-cb6978b0b98a</sln:gmIIPId><sln:gmIIPPn>PL.PZGIK.200</sln:gmIIPPn><sln:gmIIPWersja>2012-09-26T22:12:12+02:00</sln:gmIIPWersja><sln:gmIdTeryt>1216103</sln:gmIdTeryt><sln:gmNazwa>Tuchów</sln:gmNazwa><sln:miejscIIPId>98d3ef2c-b0f5-462d-a0a3-64ad9ff7ce5d</sln:miejscIIPId><sln:miejscIIPPn>PL.PZGIK.200</sln:miejscIIPPn><sln:miejscIIPWersja>2016-11-24T14:10:29+02:00</sln:miejscIIPWersja><sln:miejscIdTeryt>0834395</sln:miejscIdTeryt><sln:miejscNazwa>Siedliska</sln:miejscNazwa><sln:miejscRodzaj>Wieś</sln:miejscRodzaj><sln:powIIPId>17c3b30e-7279-4144-9a54-b54dcc50a95c</sln:powIIPId><sln:powIIPPn>PL.PZGIK.200</sln:powIIPPn><sln:powIIPWersja>2012-09-27T07:52:01+02:00</sln:powIIPWersja><sln:powIdTeryt>1216</sln:powIdTeryt><sln:powNazwa>tarnowski</sln:powNazwa><sln:wojIIPId>dd2e3c64-f861-47cf-a3a3-e7751f272b2f</sln:wojIIPId><sln:wojIIPPn>PL.PZGIK.200</sln:wojIIPPn><sln:wojIIPWersja>2017-10-10T00:00:00+02:00</sln:wojIIPWersja><sln:wojIdTeryt>12</sln:wojIdTeryt><sln:wojNazwa>małopolskie</sln:wojNazwa></sln:miejscowosc><sln:miejscowosc><sln:cyklZyciaDo>2017-02-21T00:00:00+01:00</sln:cyklZyciaDo><sln:cyklZyciaOd>2015-10-06T00:00:00+02:00</sln:cyklZyciaOd><sln:gmIIPId>ec68b126-791e-40e8-8a2c-cb6978b0b98a</sln:gmIIPId><sln:gmIIPPn>PL.PZGIK.200</sln:gmIIPPn><sln:gmIIPWersja>2012-09-26T22:12:12+02:00</sln:gmIIPWersja><sln:gmIdTeryt>1216103</sln:gmIdTeryt><sln:gmNazwa>Tuchów</sln:gmNazwa><sln:miejscIIPId>044422b6-06ca-4f9a-8d0e-adccc24bdb71</sln:miejscIIPId><sln:miejscIIPPn>PL.PZGIK.200</sln:miejscIIPPn><sln:miejscIIPWersja>2016-11-24T14:10:29+02:00</sln:miejscIIPWersja><sln:miejscIdTeryt>0834521</sln:miejscIdTeryt><sln:miejscNazwa>Trzemesna</sln:miejscNazwa><sln:miejscRodzaj>Wieś</sln:miejscRodzaj><sln:powIIPId>17c3b30e-7279-4144-9a54-b54dcc50a95c</sln:powIIPId><sln:powIIPPn>PL.PZGIK.200</sln:powIIPPn><sln:powIIPWersja>2012-09-27T07:52:01+02:00</sln:powIIPWersja><sln:powIdTeryt>1216</sln:powIdTeryt><sln:powNazwa>tarnowski</sln:powNazwa><sln:wojIIPId>dd2e3c64-f861-47cf-a3a3-e7751f272b2f</sln:wojIIPId><sln:wojIIPPn>PL.PZGIK.200</sln:wojIIPPn><sln:wojIIPWersja>2017-10-10T00:00:00+02:00</sln:wojIIPWersja><sln:wojIdTeryt>12</sln:wojIdTeryt><sln:wojNazwa>małopolskie</sln:wojNazwa></sln:miejscowosc><sln:miejscowosc><sln:cyklZyciaDo>2017-02-21T00:00:00+01:00</sln:cyklZyciaDo><sln:cyklZyciaOd>2015-10-06T00:00:00+02:00</sln:cyklZyciaOd><sln:gmIIPId>ec68b126-791e-40e8-8a2c-cb6978b0b98a</sln:gmIIPId><sln:gmIIPPn>PL.PZGIK.200</sln:gmIIPPn><sln:gmIIPWersja>2012-09-26T22:12:12+02:00</sln:gmIIPWersja><sln:gmIdTeryt>1216103</sln:gmIdTeryt><sln:gmNazwa>Tuchów</sln:gmNazwa><sln:miejscIIPId>47b8c20e-dbeb-474c-9c0a-599786ea415c</sln:miejscIIPId><sln:miejscIIPPn>PL.PZGIK.200</sln:miejscIIPPn><sln:miejscIIPWersja>2016-11-24T14:10:29+02:00</sln:miejscIIPWersja><sln:miejscIdTeryt>0834580</sln:miejscIdTeryt><sln:miejscNazwa>Zabłędza</sln:miejscNazwa><sln:miejscRodzaj>Wieś</sln:miejscRodzaj><sln:powIIPId>17c3b30e-7279-4144-9a54-b54dcc50a95c</sln:powIIPId><sln:powIIPPn>PL.PZGIK.200</sln:powIIPPn><sln:powIIPWersja>2012-09-27T07:52:01+02:00</sln:powIIPWersja><sln:powIdTeryt>1216</sln:powIdTeryt><sln:powNazwa>tarnowski</sln:powNazwa><sln:wojIIPId>dd2e3c64-f861-47cf-a3a3-e7751f272b2f</sln:wojIIPId><sln:wojIIPPn>PL.PZGIK.200</sln:wojIIPPn><sln:wojIIPWersja>2017-10-10T00:00:00+02:00</sln:wojIIPWersja><sln:wojIdTeryt>12</sln:wojIdTeryt><sln:wojNazwa>małopolskie</sln:wojNazwa></sln:miejscowosc><sln:miejscowosc><sln:cyklZyciaDo>2017-02-21T00:00:00+01:00</sln:cyklZyciaDo><sln:cyklZyciaOd>2016-07-20T00:00:00+02:00</sln:cyklZyciaOd><sln:gmIIPId>ec68b126-791e-40e8-8a2c-cb6978b0b98a</sln:gmIIPId><sln:gmIIPPn>PL.PZGIK.200</sln:gmIIPPn><sln:gmIIPWersja>2012-09-26T22:12:12+02:00</sln:gmIIPWersja><sln:gmIdTeryt>1216103</sln:gmIdTeryt><sln:gmNazwa>Tuchów</sln:gmNazwa><sln:miejscIIPId>c28600c6-7638-4e73-a3ad-15c8aaae3ef3</sln:miejscIIPId><sln:miejscIIPPn>PL.PZGIK.200</sln:miejscIIPPn><sln:miejscIIPWersja>2016-11-24T14:10:06+02:00</sln:miejscIIPWersja><sln:miejscIdTeryt>0982457</sln:miejscIdTeryt><sln:miejscNazwa>Tuchów</sln:miejscNazwa><sln:miejscRodzaj>Wieś</sln:miejscRodzaj><sln:powIIPId>17c3b30e-7279-4144-9a54-b54dcc50a95c</sln:powIIPId><sln:powIIPPn>PL.PZGIK.200</sln:powIIPPn><sln:powIIPWersja>2012-09-27T07:52:01+02:00</sln:powIIPWersja><sln:powIdTeryt>1216</sln:powIdTeryt><sln:powNazwa>tarnowski</sln:powNazwa><sln:wojIIPId>dd2e3c64-f861-47cf-a3a3-e7751f272b2f</sln:wojIIPId><sln:wojIIPPn>PL.PZGIK.200</sln:wojIIPPn><sln:wojIIPWersja>2017-10-10T00:00:00+02:00</sln:wojIIPWersja><sln:wojIdTeryt>12</sln:wojIdTeryt><sln:wojNazwa>małopolskie</sln:wojNazwa></sln:miejscowosc><sln:miejscowosc><sln:cyklZyciaDo>2017-02-21T00:00:00+01:00</sln:cyklZyciaDo><sln:cyklZyciaOd>2016-07-20T00:00:00+02:00</sln:cyklZyciaOd><sln:gmIIPId>ec68b126-791e-40e8-8a2c-cb6978b0b98a</sln:gmIIPId><sln:gmIIPPn>PL.PZGIK.200</sln:gmIIPPn><sln:gmIIPWersja>2012-09-26T22:12:12+02:00</sln:gmIIPWersja><sln:gmIdTeryt>1216103</sln:gmIdTeryt><sln:gmNazwa>Tuchów</sln:gmNazwa><sln:miejscIIPId>c59dfb16-fca8-434c-b220-569fdcf50b8d</sln:miejscIIPId><sln:miejscIIPPn>PL.PZGIK.200</sln:miejscIIPPn><sln:miejscIIPWersja>2016-11-24T14:10:06+02:00</sln:miejscIIPWersja><sln:miejscIdTeryt>0833540</sln:miejscIdTeryt><sln:miejscNazwa>Buchcice</sln:miejscNazwa><sln:miejscRodzaj>Wieś</sln:miejscRodzaj><sln:powIIPId>17c3b30e-7279-4144-9a54-b54dcc50a95c</sln:powIIPId><sln:powIIPPn>PL.PZGIK.200</sln:powIIPPn><sln:powIIPWersja>2012-09-27T07:52:01+02:00</sln:powIIPWersja><sln:powIdTeryt>1216</sln:powIdTeryt><sln:powNazwa>tarnowski</sln:powNazwa><sln:wojIIPId>dd2e3c64-f861-47cf-a3a3-e7751f272b2f</sln:wojIIPId><sln:wojIIPPn>PL.PZGIK.200</sln:wojIIPPn><sln:wojIIPWersja>2017-10-10T00:00:00+02:00</sln:wojIIPWersja><sln:wojIdTeryt>12</sln:wojIdTeryt><sln:wojNazwa>małopolskie</sln:wojNazwa></sln:miejscowosc><sln:miejscowosc><sln:cyklZyciaDo>2017-02-21T00:00:00+01:00</sln:cyklZyciaDo><sln:cyklZyciaOd>2016-07-20T00:00:00+02:00</sln:cyklZyciaOd><sln:gmIIPId>ec68b126-791e-40e8-8a2c-cb6978b0b98a</sln:gmIIPId><sln:gmIIPPn>PL.PZGIK.200</sln:gmIIPPn><sln:gmIIPWersja>2012-09-26T22:12:12+02:00</sln:gmIIPWersja><sln:gmIdTeryt>1216103</sln:gmIdTeryt><sln:gmNazwa>Tuchów</sln:gmNazwa><sln:miejscIIPId>282c4d63-6ed7-44cf-bf43-7cd4dbc675ab</sln:miejscIIPId><sln:miejscIIPPn>PL.PZGIK.200</sln:miejscIIPPn><sln:miejscIIPWersja>2016-11-24T14:10:06+02:00</sln:miejscIIPWersja><sln:miejscIdTeryt>0833639</sln:miejscIdTeryt><sln:miejscNazwa>Burzyn</sln:miejscNazwa><sln:miejscRodzaj>Wieś</sln:miejscRodzaj><sln:powIIPId>17c3b30e-7279-4144-9a54-b54dcc50a95c</sln:powIIPId><sln:powIIPPn>PL.PZGIK.200</sln:powIIPPn><sln:powIIPWersja>2012-09-27T07:52:01+02:00</sln:powIIPWersja><sln:powIdTeryt>1216</sln:powIdTeryt><sln:powNazwa>tarnowski</sln:powNazwa><sln:wojIIPId>dd2e3c64-f861-47cf-a3a3-e7751f272b2f</sln:wojIIPId><sln:wojIIPPn>PL.PZGIK.200</sln:wojIIPPn><sln:wojIIPWersja>2017-10-10T00:00:00+02:00</sln:wojIIPWersja><sln:wojIdTeryt>12</sln:wojIdTeryt><sln:wojNazwa>małopolskie</sln:wojNazwa></sln:miejscowosc><sln:miejscowosc><sln:cyklZyciaDo>2017-02-21T00:00:00+01:00</sln:cyklZyciaDo><sln:cyklZyciaOd>2016-07-20T00:00:00+02:00</sln:cyklZyciaOd><sln:gmIIPId>ec68b126-791e-40e8-8a2c-cb6978b0b98a</sln:gmIIPId><sln:gmIIPPn>PL.PZGIK.200</sln:gmIIPPn><sln:gmIIPWersja>2012-09-26T22:12:12+02:00</sln:gmIIPWersja><sln:gmIdTeryt>1216103</sln:gmIdTeryt><sln:gmNazwa>Tuchów</sln:gmNazwa><sln:miejscIIPId>a351c1b0-c7c2-4b6b-a885-d248c4edb97c</sln:miejscIIPId><sln:miejscIIPPn>PL.PZGIK.200</sln:miejscIIPPn><sln:miejscIIPWersja>2016-11-24T14:10:06+02:00</sln:miejscIIPWersja><sln:miejscIdTeryt>0833711</sln:miejscIdTeryt><sln:miejscNazwa>Dąbrówka Tuchowska</sln:miejscNazwa><sln:miejscRodzaj>Wieś</sln:miejscRodzaj><sln:powIIPId>17c3b30e-7279-4144-9a54-b54dcc50a95c</sln:powIIPId><sln:powIIPPn>PL.PZGIK.200</sln:powIIPPn><sln:powIIPWersja>2012-09-27T07:52:01+02:00</sln:powIIPWersja><sln:powIdTeryt>1216</sln:powIdTeryt><sln:powNazwa>tarnowski</sln:powNazwa><sln:wojIIPId>dd2e3c64-f861-47cf-a3a3-e7751f272b2f</sln:wojIIPId><sln:wojIIPPn>PL.PZGIK.200</sln:wojIIPPn><sln:wojIIPWersja>2017-10-10T00:00:00+02:00</sln:wojIIPWersja><sln:wojIdTeryt>12</sln:wojIdTeryt><sln:wojNazwa>małopolskie</sln:wojNazwa></sln:miejscowosc><sln:miejscowosc><sln:cyklZyciaDo>2017-02-21T00:00:00+01:00</sln:cyklZyciaDo><sln:cyklZyciaOd>2016-07-20T00:00:00+02:00</sln:cyklZyciaOd><sln:gmIIPId>ec68b126-791e-40e8-8a2c-cb6978b0b98a</sln:gmIIPId><sln:gmIIPPn>PL.PZGIK.200</sln:gmIIPPn><sln:gmIIPWersja>2012-09-26T22:12:12+02:00</sln:gmIIPWersja><sln:gmIdTeryt>1216103</sln:gmIdTeryt><sln:gmNazwa>Tuchów</sln:gmNazwa><sln:miejscIIPId>a7644b42-0429-4e12-90f1-0f052abd5f99</sln:miejscIIPId><sln:miejscIIPPn>PL.PZGIK.200</sln:miejscIIPPn><sln:miejscIIPWersja>2016-11-24T14:10:06+02:00</sln:miejscIIPWersja><sln:miejscIdTeryt>0833740</sln:miejscIdTeryt><sln:miejscNazwa>Jodłówka Tuchowska</sln:miejscNazwa><sln:miejscRodzaj>Wieś</sln:miejscRodzaj><sln:powIIPId>17c3b30e-7279-4144-9a54-b54dcc50a95c</sln:powIIPId><sln:powIIPPn>PL.PZGIK.200</sln:powIIPPn><sln:powIIPWersja>2012-09-27T07:52:01+02:00</sln:powIIPWersja><sln:powIdTeryt>1216</sln:powIdTeryt><sln:powNazwa>tarnowski</sln:powNazwa><sln:wojIIPId>dd2e3c64-f861-47cf-a3a3-e7751f272b2f</sln:wojIIPId><sln:wojIIPPn>PL.PZGIK.200</sln:wojIIPPn><sln:wojIIPWersja>2017-10-10T00:00:00+02:00</sln:wojIIPWersja><sln:wojIdTeryt>12</sln:wojIdTeryt><sln:wojNazwa>małopolskie</sln:wojNazwa></sln:miejscowosc><sln:miejscowosc><sln:cyklZyciaDo>2017-02-21T00:00:00+01:00</sln:cyklZyciaDo><sln:cyklZyciaOd>2016-07-20T00:00:00+02:00</sln:cyklZyciaOd><sln:gmIIPId>ec68b126-791e-40e8-8a2c-cb6978b0b98a</sln:gmIIPId><sln:gmIIPPn>PL.PZGIK.200</sln:gmIIPPn><sln:gmIIPWersja>2012-09-26T22:12:12+02:00</sln:gmIIPWersja><sln:gmIdTeryt>1216103</sln:gmIdTeryt><sln:gmNazwa>Tuchów</sln:gmNazwa><sln:miejscIIPId>84af7923-29ef-4d2c-aa53-61bb69e8394e</sln:miejscIIPId><sln:miejscIIPPn>PL.PZGIK.200</sln:miejscIIPPn><sln:miejscIIPWersja>2016-11-24T14:10:07+02:00</sln:miejscIIPWersja><sln:miejscIdTeryt>0834099</sln:miejscIdTeryt><sln:miejscNazwa>Karwodrza</sln:miejscNazwa><sln:miejscRodzaj>Wieś</sln:miejscRodzaj><sln:powIIPId>17c3b30e-7279-4144-9a54-b54dcc50a95c</sln:powIIPId><sln:powIIPPn>PL.PZGIK.200</sln:powIIPPn><sln:powIIPWersja>2012-09-27T07:52:01+02:00</sln:powIIPWersja><sln:powIdTeryt>1216</sln:powIdTeryt><sln:powNazwa>tarnowski</sln:powNazwa><sln:wojIIPId>dd2e3c64-f861-47cf-a3a3-e7751f272b2f</sln:wojIIPId><sln:wojIIPPn>PL.PZGIK.200</sln:wojIIPPn><sln:wojIIPWersja>2017-10-10T00:00:00+02:00</sln:wojIIPWersja><sln:wojIdTeryt>12</sln:wojIdTeryt><sln:wojNazwa>małopolskie</sln:wojNazwa></sln:miejscowosc><sln:miejscowosc><sln:cyklZyciaDo>2017-02-21T00:00:00+01:00</sln:cyklZyciaDo><sln:cyklZyciaOd>2016-07-20T00:00:00+02:00</sln:cyklZyciaOd><sln:gmIIPId>ec68b126-791e-40e8-8a2c-cb6978b0b98a</sln:gmIIPId><sln:gmIIPPn>PL.PZGIK.200</sln:gmIIPPn><sln:gmIIPWersja>2012-09-26T22:12:12+02:00</sln:gmIIPWersja><sln:gmIdTeryt>1216103</sln:gmIdTeryt><sln:gmNazwa>Tuchów</sln:gmNazwa><sln:miejscIIPId>2b9e3774-bd2a-46ce-8c48-d9ea38512c19</sln:miejscIIPId><sln:miejscIIPPn>PL.PZGIK.200</sln:miejscIIPPn><sln:miejscIIPWersja>2016-11-24T14:10:07+02:00</sln:miejscIIPWersja><sln:miejscIdTeryt>0834165</sln:miejscIdTeryt><sln:miejscNazwa>Lubaszowa</sln:miejscNazwa><sln:miejscRodzaj>Wieś</sln:miejscRodzaj><sln:powIIPId>17c3b30e-7279-4144-9a54-b54dcc50a95c</sln:powIIPId><sln:powIIPPn>PL.PZGIK.200</sln:powIIPPn><sln:powIIPWersja>2012-09-27T07:52:01+02:00</sln:powIIPWersja><sln:powIdTeryt>1216</sln:powIdTeryt><sln:powNazwa>tarnowski</sln:powNazwa><sln:wojIIPId>dd2e3c64-f861-47cf-a3a3-e7751f272b2f</sln:wojIIPId><sln:wojIIPPn>PL.PZGIK.200</sln:wojIIPPn><sln:wojIIPWersja>2017-10-10T00:00:00+02:00</sln:wojIIPWersja><sln:wojIdTeryt>12</sln:wojIdTeryt><sln:wojNazwa>małopolskie</sln:wojNazwa></sln:miejscowosc><sln:miejscowosc><sln:cyklZyciaDo>2017-02-21T00:00:00+01:00</sln:cyklZyciaDo><sln:cyklZyciaOd>2016-07-20T00:00:00+02:00</sln:cyklZyciaOd><sln:gmIIPId>ec68b126-791e-40e8-8a2c-cb6978b0b98a</sln:gmIIPId><sln:gmIIPPn>PL.PZGIK.200</sln:gmIIPPn><sln:gmIIPWersja>2012-09-26T22:12:12+02:00</sln:gmIIPWersja><sln:gmIdTeryt>1216103</sln:gmIdTeryt><sln:gmNazwa>Tuchów</sln:gmNazwa><sln:miejscIIPId>2668b27f-a800-4fab-8da0-fd569d8feeb8</sln:miejscIIPId><sln:miejscIIPPn>PL.PZGIK.200</sln:miejscIIPPn><sln:miejscIIPWersja>2016-11-24T14:10:07+02:00</sln:miejscIIPWersja><sln:miejscIdTeryt>0834219</sln:miejscIdTeryt><sln:miejscNazwa>Łowczów</sln:miejscNazwa><sln:miejscRodzaj>Wieś</sln:miejscRodzaj><sln:powIIPId>17c3b30e-7279-4144-9a54-b54dcc50a95c</sln:powIIPId><sln:powIIPPn>PL.PZGIK.200</sln:powIIPPn><sln:powIIPWersja>2012-09-27T07:52:01+02:00</sln:powIIPWersja><sln:powIdTeryt>1216</sln:powIdTeryt><sln:powNazwa>tarnowski</sln:powNazwa><sln:wojIIPId>dd2e3c64-f861-47cf-a3a3-e7751f272b2f</sln:wojIIPId><sln:wojIIPPn>PL.PZGIK.200</sln:wojIIPPn><sln:wojIIPWersja>2017-10-10T00:00:00+02:00</sln:wojIIPWersja><sln:wojIdTeryt>12</sln:wojIdTeryt><sln:wojNazwa>małopolskie</sln:wojNazwa></sln:miejscowosc><sln:miejscowosc><sln:cyklZyciaDo>2017-02-21T00:00:00+01:00</sln:cyklZyciaDo><sln:cyklZyciaOd>2016-07-20T00:00:00+02:00</sln:cyklZyciaOd><sln:gmIIPId>ec68b126-791e-40e8-8a2c-cb6978b0b98a</sln:gmIIPId><sln:gmIIPPn>PL.PZGIK.200</sln:gmIIPPn><sln:gmIIPWersja>2012-09-26T22:12:12+02:00</sln:gmIIPWersja><sln:gmIdTeryt>1216103</sln:gmIdTeryt><sln:gmNazwa>Tuchów</sln:gmNazwa><sln:miejscIIPId>1f662d3c-fd54-4031-b079-bcc7038f19d9</sln:miejscIIPId><sln:miejscIIPPn>PL.PZGIK.200</sln:miejscIIPPn><sln:miejscIIPWersja>2016-11-24T14:10:07+02:00</sln:miejscIIPWersja><sln:miejscIdTeryt>0834283</sln:miejscIdTeryt><sln:miejscNazwa>Meszna Opacka</sln:miejscNazwa><sln:miejscRodzaj>Wieś</sln:miejscRodzaj><sln:powIIPId>17c3b30e-7279-4144-9a54-b54dcc50a95c</sln:powIIPId><sln:powIIPPn>PL.PZGIK.200</sln:powIIPPn><sln:powIIPWersja>2012-09-27T07:52:01+02:00</sln:powIIPWersja><sln:powIdTeryt>1216</sln:powIdTeryt><sln:powNazwa>tarnowski</sln:powNazwa><sln:wojIIPId>dd2e3c64-f861-47cf-a3a3-e7751f272b2f</sln:wojIIPId><sln:wojIIPPn>PL.PZGIK.200</sln:wojIIPPn><sln:wojIIPWersja>2017-10-10T00:00:00+02:00</sln:wojIIPWersja><sln:wojIdTeryt>12</sln:wojIdTeryt><sln:wojNazwa>małopolskie</sln:wojNazwa></sln:miejscowosc><sln:miejscowosc><sln:cyklZyciaDo>2017-02-21T00:00:00+01:00</sln:cyklZyciaDo><sln:cyklZyciaOd>2016-07-20T00:00:00+02:00</sln:cyklZyciaOd><sln:gmIIPId>ec68b126-791e-40e8-8a2c-cb6978b0b98a</sln:gmIIPId><sln:gmIIPPn>PL.PZGIK.200</sln:gmIIPPn><sln:gmIIPWersja>2012-09-26T22:12:12+02:00</sln:gmIIPWersja><sln:gmIdTeryt>1216103</sln:gmIdTeryt><sln:gmNazwa>Tuchów</sln:gmNazwa><sln:miejscIIPId>aafcfcf8-fc0d-40a0-9fb5-cbdf94eb8802</sln:miejscIIPId><sln:miejscIIPPn>PL.PZGIK.200</sln:miejscIIPPn><sln:miejscIIPWersja>2016-11-24T14:10:06+02:00</sln:miejscIIPWersja><sln:miejscIdTeryt>0834343</sln:miejscIdTeryt><sln:miejscNazwa>Piotrkowice</sln:miejscNazwa><sln:miejscRodzaj>Wieś</sln:miejscRodzaj><sln:powIIPId>17c3b30e-7279-4144-9a54-b54dcc50a95c</sln:powIIPId><sln:powIIPPn>PL.PZGIK.200</sln:powIIPPn><sln:powIIPWersja>2012-09-27T07:52:01+02:00</sln:powIIPWersja><sln:powIdTeryt>1216</sln:powIdTeryt><sln:powNazwa>tarnowski</sln:powNazwa><sln:wojIIPId>dd2e3c64-f861-47cf-a3a3-e7751f272b2f</sln:wojIIPId><sln:wojIIPPn>PL.PZGIK.200</sln:wojIIPPn><sln:wojIIPWersja>2017-10-10T00:00:00+02:00</sln:wojIIPWersja><sln:wojIdTeryt>12</sln:wojIdTeryt><sln:wojNazwa>małopolskie</sln:wojNazwa></sln:miejscowosc><sln:miejscowosc><sln:cyklZyciaDo>2017-02-21T00:00:00+01:00</sln:cyklZyciaDo><sln:cyklZyciaOd>2016-07-20T00:00:00+02:00</sln:cyklZyciaOd><sln:gmIIPId>ec68b126-791e-40e8-8a2c-cb6978b0b98a</sln:gmIIPId><sln:gmIIPPn>PL.PZGIK.200</sln:gmIIPPn><sln:gmIIPWersja>2012-09-26T22:12:12+02:00</sln:gmIIPWersja><sln:gmIdTeryt>1216103</sln:gmIdTeryt><sln:gmNazwa>Tuchów</sln:gmNazwa><sln:miejscIIPId>888b94d2-2194-4028-b72e-d7c975e0a3b5</sln:miejscIIPId><sln:miejscIIPPn>PL.PZGIK.200</sln:miejscIIPPn><sln:miejscIIPWersja>2016-11-24T14:10:06+02:00</sln:miejscIIPWersja><sln:miejscIdTeryt>0834521</sln:miejscIdTeryt><sln:miejscNazwa>Trzemesna</sln:miejscNazwa><sln:miejscRodzaj>Wieś</sln:miejscRodzaj><sln:powIIPId>17c3b30e-7279-4144-9a54-b54dcc50a95c</sln:powIIPId><sln:powIIPPn>PL.PZGIK.200</sln:powIIPPn><sln:powIIPWersja>2012-09-27T07:52:01+02:00</sln:powIIPWersja><sln:powIdTeryt>1216</sln:powIdTeryt><sln:powNazwa>tarnowski</sln:powNazwa><sln:wojIIPId>dd2e3c64-f861-47cf-a3a3-e7751f272b2f</sln:wojIIPId><sln:wojIIPPn>PL.PZGIK.200</sln:wojIIPPn><sln:wojIIPWersja>2017-10-10T00:00:00+02:00</sln:wojIIPWersja><sln:wojIdTeryt>12</sln:wojIdTeryt><sln:wojNazwa>małopolskie</sln:wojNazwa></sln:miejscowosc><sln:miejscowosc><sln:cyklZyciaDo>2017-02-21T00:00:00+01:00</sln:cyklZyciaDo><sln:cyklZyciaOd>2016-07-20T00:00:00+02:00</sln:cyklZyciaOd><sln:gmIIPId>ec68b126-791e-40e8-8a2c-cb6978b0b98a</sln:gmIIPId><sln:gmIIPPn>PL.PZGIK.200</sln:gmIIPPn><sln:gmIIPWersja>2012-09-26T22:12:12+02:00</sln:gmIIPWersja><sln:gmIdTeryt>1216103</sln:gmIdTeryt><sln:gmNazwa>Tuchów</sln:gmNazwa><sln:miejscIIPId>802a1608-cff5-4cf2-b190-024e355d86ef</sln:miejscIIPId><sln:miejscIIPPn>PL.PZGIK.200</sln:miejscIIPPn><sln:miejscIIPWersja>2016-11-24T14:10:06+02:00</sln:miejscIIPWersja><sln:miejscIdTeryt>0834580</sln:miejscIdTeryt><sln:miejscNazwa>Zabłędza</sln:miejscNazwa><sln:miejscRodzaj>Wieś</sln:miejscRodzaj><sln:powIIPId>17c3b30e-7279-4144-9a54-b54dcc50a95c</sln:powIIPId><sln:powIIPPn>PL.PZGIK.200</sln:powIIPPn><sln:powIIPWersja>2012-09-27T07:52:01+02:00</sln:powIIPWersja><sln:powIdTeryt>1216</sln:powIdTeryt><sln:powNazwa>tarnowski</sln:powNazwa><sln:wojIIPId>dd2e3c64-f861-47cf-a3a3-e7751f272b2f</sln:wojIIPId><sln:wojIIPPn>PL.PZGIK.200</sln:wojIIPPn><sln:wojIIPWersja>2017-10-10T00:00:00+02:00</sln:wojIIPWersja><sln:wojIdTeryt>12</sln:wojIdTeryt><sln:wojNazwa>małopolskie</sln:wojNazwa></sln:miejscowosc><sln:miejscowosc><sln:cyklZyciaDo>2017-02-21T00:00:00+01:00</sln:cyklZyciaDo><sln:cyklZyciaOd>2016-07-20T00:00:00+02:00</sln:cyklZyciaOd><sln:gmIIPId>ec68b126-791e-40e8-8a2c-cb6978b0b98a</sln:gmIIPId><sln:gmIIPPn>PL.PZGIK.200</sln:gmIIPPn><sln:gmIIPWersja>2012-09-26T22:12:12+02:00</sln:gmIIPWersja><sln:gmIdTeryt>1216103</sln:gmIdTeryt><sln:gmNazwa>Tuchów</sln:gmNazwa><sln:miejscIIPId>80420b71-f3cf-46c1-b6a7-6f90b6d52960</sln:miejscIIPId><sln:miejscIIPPn>PL.PZGIK.200</sln:miejscIIPPn><sln:miejscIIPWersja>2016-11-24T14:10:06+02:00</sln:miejscIIPWersja><sln:miejscIdTeryt>0834395</sln:miejscIdTeryt><sln:miejscNazwa>Siedliska</sln:miejscNazwa><sln:miejscRodzaj>Wieś</sln:miejscRodzaj><sln:powIIPId>17c3b30e-7279-4144-9a54-b54dcc50a95c</sln:powIIPId><sln:powIIPPn>PL.PZGIK.200</sln:powIIPPn><sln:powIIPWersja>2012-09-27T07:52:01+02:00</sln:powIIPWersja><sln:powIdTeryt>1216</sln:powIdTeryt><sln:powNazwa>tarnowski</sln:powNazwa><sln:wojIIPId>dd2e3c64-f861-47cf-a3a3-e7751f272b2f</sln:wojIIPId><sln:wojIIPPn>PL.PZGIK.200</sln:wojIIPPn><sln:wojIIPWersja>2017-10-10T00:00:00+02:00</sln:wojIIPWersja><sln:wojIdTeryt>12</sln:wojIdTeryt><sln:wojNazwa>małopolskie</sln:wojNazwa></sln:miejscowosc><sln:miejscowosc><sln:cyklZyciaDo>2017-03-08T00:00:00+01:00</sln:cyklZyciaDo><sln:cyklZyciaOd>2017-02-21T00:00:00+01:00</sln:cyklZyciaOd><sln:gmIIPId>ec68b126-791e-40e8-8a2c-cb6978b0b98a</sln:gmIIPId><sln:gmIIPPn>PL.PZGIK.200</sln:gmIIPPn><sln:gmIIPWersja>2012-09-26T22:12:12+02:00</sln:gmIIPWersja><sln:gmIdTeryt>1216103</sln:gmIdTeryt><sln:gmNazwa>Tuchów</sln:gmNazwa><sln:miejscIIPId>c28600c6-7638-4e73-a3ad-15c8aaae3ef3</sln:miejscIIPId><sln:miejscIIPPn>PL.PZGIK.200</sln:miejscIIPPn><sln:miejscIIPWersja>2017-02-21T14:09:03+02:00</sln:miejscIIPWersja><sln:miejscIdTeryt>0982457</sln:miejscIdTeryt><sln:miejscNazwa>Tuchów</sln:miejscNazwa><sln:miejscRodzaj>Wieś</sln:miejscRodzaj><sln:powIIPId>17c3b30e-7279-4144-9a54-b54dcc50a95c</sln:powIIPId><sln:powIIPPn>PL.PZGIK.200</sln:powIIPPn><sln:powIIPWersja>2012-09-27T07:52:01+02:00</sln:powIIPWersja><sln:powIdTeryt>1216</sln:powIdTeryt><sln:powNazwa>tarnowski</sln:powNazwa><sln:wojIIPId>dd2e3c64-f861-47cf-a3a3-e7751f272b2f</sln:wojIIPId><sln:wojIIPPn>PL.PZGIK.200</sln:wojIIPPn><sln:wojIIPWersja>2017-10-10T00:00:00+02:00</sln:wojIIPWersja><sln:wojIdTeryt>12</sln:wojIdTeryt><sln:wojNazwa>małopolskie</sln:wojNazwa></sln:miejscowosc><sln:miejscowosc><sln:cyklZyciaDo>2017-03-08T00:00:00+01:00</sln:cyklZyciaDo><sln:cyklZyciaOd>2017-02-21T00:00:00+01:00</sln:cyklZyciaOd><sln:gmIIPId>ec68b126-791e-40e8-8a2c-cb6978b0b98a</sln:gmIIPId><sln:gmIIPPn>PL.PZGIK.200</sln:gmIIPPn><sln:gmIIPWersja>2012-09-26T22:12:12+02:00</sln:gmIIPWersja><sln:gmIdTeryt>1216103</sln:gmIdTeryt><sln:gmNazwa>Tuchów</sln:gmNazwa><sln:miejscIIPId>aafcfcf8-fc0d-40a0-9fb5-cbdf94eb8802</sln:miejscIIPId><sln:miejscIIPPn>PL.PZGIK.200</sln:miejscIIPPn><sln:miejscIIPWersja>2017-02-21T14:09:07+02:00</sln:miejscIIPWersja><sln:miejscIdTeryt>0834343</sln:miejscIdTeryt><sln:miejscNazwa>Piotrkowice</sln:miejscNazwa><sln:miejscRodzaj>Wieś</sln:miejscRodzaj><sln:powIIPId>17c3b30e-7279-4144-9a54-b54dcc50a95c</sln:powIIPId><sln:powIIPPn>PL.PZGIK.200</sln:powIIPPn><sln:powIIPWersja>2012-09-27T07:52:01+02:00</sln:powIIPWersja><sln:powIdTeryt>1216</sln:powIdTeryt><sln:powNazwa>tarnowski</sln:powNazwa><sln:wojIIPId>dd2e3c64-f861-47cf-a3a3-e7751f272b2f</sln:wojIIPId><sln:wojIIPPn>PL.PZGIK.200</sln:wojIIPPn><sln:wojIIPWersja>2017-10-10T00:00:00+02:00</sln:wojIIPWersja><sln:wojIdTeryt>12</sln:wojIdTeryt><sln:wojNazwa>małopolskie</sln:wojNazwa></sln:miejscowosc><sln:miejscowosc><sln:cyklZyciaDo>2017-03-08T00:00:00+01:00</sln:cyklZyciaDo><sln:cyklZyciaOd>2017-02-21T00:00:00+01:00</sln:cyklZyciaOd><sln:gmIIPId>ec68b126-791e-40e8-8a2c-cb6978b0b98a</sln:gmIIPId><sln:gmIIPPn>PL.PZGIK.200</sln:gmIIPPn><sln:gmIIPWersja>2012-09-26T22:12:12+02:00</sln:gmIIPWersja><sln:gmIdTeryt>1216103</sln:gmIdTeryt><sln:gmNazwa>Tuchów</sln:gmNazwa><sln:miejscIIPId>80420b71-f3cf-46c1-b6a7-6f90b6d52960</sln:miejscIIPId><sln:miejscIIPPn>PL.PZGIK.200</sln:miejscIIPPn><sln:miejscIIPWersja>2017-02-21T14:09:08+02:00</sln:miejscIIPWersja><sln:miejscIdTeryt>0834395</sln:miejscIdTeryt><sln:miejscNazwa>Siedliska</sln:miejscNazwa><sln:miejscRodzaj>Wieś</sln:miejscRodzaj><sln:powIIPId>17c3b30e-7279-4144-9a54-b54dcc50a95c</sln:powIIPId><sln:powIIPPn>PL.PZGIK.200</sln:powIIPPn><sln:powIIPWersja>2012-09-27T07:52:01+02:00</sln:powIIPWersja><sln:powIdTeryt>1216</sln:powIdTeryt><sln:powNazwa>tarnowski</sln:powNazwa><sln:wojIIPId>dd2e3c64-f861-47cf-a3a3-e7751f272b2f</sln:wojIIPId><sln:wojIIPPn>PL.PZGIK.200</sln:wojIIPPn><sln:wojIIPWersja>2017-10-10T00:00:00+02:00</sln:wojIIPWersja><sln:wojIdTeryt>12</sln:wojIdTeryt><sln:wojNazwa>małopolskie</sln:wojNazwa></sln:miejscowosc><sln:miejscowosc><sln:cyklZyciaDo>2017-03-08T00:00:00+01:00</sln:cyklZyciaDo><sln:cyklZyciaOd>2017-02-21T00:00:00+01:00</sln:cyklZyciaOd><sln:gmIIPId>ec68b126-791e-40e8-8a2c-cb6978b0b98a</sln:gmIIPId><sln:gmIIPPn>PL.PZGIK.200</sln:gmIIPPn><sln:gmIIPWersja>2012-09-26T22:12:12+02:00</sln:gmIIPWersja><sln:gmIdTeryt>1216103</sln:gmIdTeryt><sln:gmNazwa>Tuchów</sln:gmNazwa><sln:miejscIIPId>888b94d2-2194-4028-b72e-d7c975e0a3b5</sln:miejscIIPId><sln:miejscIIPPn>PL.PZGIK.200</sln:miejscIIPPn><sln:miejscIIPWersja>2017-02-21T14:09:08+02:00</sln:miejscIIPWersja><sln:miejscIdTeryt>0834521</sln:miejscIdTeryt><sln:miejscNazwa>Trzemesna</sln:miejscNazwa><sln:miejscRodzaj>Wieś</sln:miejscRodzaj><sln:powIIPId>17c3b30e-7279-4144-9a54-b54dcc50a95c</sln:powIIPId><sln:powIIPPn>PL.PZGIK.200</sln:powIIPPn><sln:powIIPWersja>2012-09-27T07:52:01+02:00</sln:powIIPWersja><sln:powIdTeryt>1216</sln:powIdTeryt><sln:powNazwa>tarnowski</sln:powNazwa><sln:wojIIPId>dd2e3c64-f861-47cf-a3a3-e7751f272b2f</sln:wojIIPId><sln:wojIIPPn>PL.PZGIK.200</sln:wojIIPPn><sln:wojIIPWersja>2017-10-10T00:00:00+02:00</sln:wojIIPWersja><sln:wojIdTeryt>12</sln:wojIdTeryt><sln:wojNazwa>małopolskie</sln:wojNazwa></sln:miejscowosc><sln:miejscowosc><sln:cyklZyciaDo>2017-03-08T00:00:00+01:00</sln:cyklZyciaDo><sln:cyklZyciaOd>2017-02-21T00:00:00+01:00</sln:cyklZyciaOd><sln:gmIIPId>ec68b126-791e-40e8-8a2c-cb6978b0b98a</sln:gmIIPId><sln:gmIIPPn>PL.PZGIK.200</sln:gmIIPPn><sln:gmIIPWersja>2012-09-26T22:12:12+02:00</sln:gmIIPWersja><sln:gmIdTeryt>1216103</sln:gmIdTeryt><sln:gmNazwa>Tuchów</sln:gmNazwa><sln:miejscIIPId>802a1608-cff5-4cf2-b190-024e355d86ef</sln:miejscIIPId><sln:miejscIIPPn>PL.PZGIK.200</sln:miejscIIPPn><sln:miejscIIPWersja>2017-02-21T14:09:08+02:00</sln:miejscIIPWersja><sln:miejscIdTeryt>0834580</sln:miejscIdTeryt><sln:miejscNazwa>Zabłędza</sln:miejscNazwa><sln:miejscRodzaj>Wieś</sln:miejscRodzaj><sln:powIIPId>17c3b30e-7279-4144-9a54-b54dcc50a95c</sln:powIIPId><sln:powIIPPn>PL.PZGIK.200</sln:powIIPPn><sln:powIIPWersja>2012-09-27T07:52:01+02:00</sln:powIIPWersja><sln:powIdTeryt>1216</sln:powIdTeryt><sln:powNazwa>tarnowski</sln:powNazwa><sln:wojIIPId>dd2e3c64-f861-47cf-a3a3-e7751f272b2f</sln:wojIIPId><sln:wojIIPPn>PL.PZGIK.200</sln:wojIIPPn><sln:wojIIPWersja>2017-10-10T00:00:00+02:00</sln:wojIIPWersja><sln:wojIdTeryt>12</sln:wojIdTeryt><sln:wojNazwa>małopolskie</sln:wojNazwa></sln:miejscowosc><sln:miejscowosc><sln:cyklZyciaDo>2017-03-08T00:00:00+01:00</sln:cyklZyciaDo><sln:cyklZyciaOd>2017-02-21T00:00:00+01:00</sln:cyklZyciaOd><sln:gmIIPId>ec68b126-791e-40e8-8a2c-cb6978b0b98a</sln:gmIIPId><sln:gmIIPPn>PL.PZGIK.200</sln:gmIIPPn><sln:gmIIPWersja>2012-09-26T22:12:12+02:00</sln:gmIIPWersja><sln:gmIdTeryt>1216103</sln:gmIdTeryt><sln:gmNazwa>Tuchów</sln:gmNazwa><sln:miejscIIPId>c59dfb16-fca8-434c-b220-569fdcf50b8d</sln:miejscIIPId><sln:miejscIIPPn>PL.PZGIK.200</sln:miejscIIPPn><sln:miejscIIPWersja>2017-02-21T14:09:08+02:00</sln:miejscIIPWersja><sln:miejscIdTeryt>0833540</sln:miejscIdTeryt><sln:miejscNazwa>Buchcice</sln:miejscNazwa><sln:miejscRodzaj>Wieś</sln:miejscRodzaj><sln:powIIPId>17c3b30e-7279-4144-9a54-b54dcc50a95c</sln:powIIPId><sln:powIIPPn>PL.PZGIK.200</sln:powIIPPn><sln:powIIPWersja>2012-09-27T07:52:01+02:00</sln:powIIPWersja><sln:powIdTeryt>1216</sln:powIdTeryt><sln:powNazwa>tarnowski</sln:powNazwa><sln:wojIIPId>dd2e3c64-f861-47cf-a3a3-e7751f272b2f</sln:wojIIPId><sln:wojIIPPn>PL.PZGIK.200</sln:wojIIPPn><sln:wojIIPWersja>2017-10-10T00:00:00+02:00</sln:wojIIPWersja><sln:wojIdTeryt>12</sln:wojIdTeryt><sln:wojNazwa>małopolskie</sln:wojNazwa></sln:miejscowosc><sln:miejscowosc><sln:cyklZyciaDo>2017-03-08T00:00:00+01:00</sln:cyklZyciaDo><sln:cyklZyciaOd>2017-02-21T00:00:00+01:00</sln:cyklZyciaOd><sln:gmIIPId>ec68b126-791e-40e8-8a2c-cb6978b0b98a</sln:gmIIPId><sln:gmIIPPn>PL.PZGIK.200</sln:gmIIPPn><sln:gmIIPWersja>2012-09-26T22:12:12+02:00</sln:gmIIPWersja><sln:gmIdTeryt>1216103</sln:gmIdTeryt><sln:gmNazwa>Tuchów</sln:gmNazwa><sln:miejscIIPId>282c4d63-6ed7-44cf-bf43-7cd4dbc675ab</sln:miejscIIPId><sln:miejscIIPPn>PL.PZGIK.200</sln:miejscIIPPn><sln:miejscIIPWersja>2017-02-21T14:09:08+02:00</sln:miejscIIPWersja><sln:miejscIdTeryt>0833639</sln:miejscIdTeryt><sln:miejscNazwa>Burzyn</sln:miejscNazwa><sln:miejscRodzaj>Wieś</sln:miejscRodzaj><sln:powIIPId>17c3b30e-7279-4144-9a54-b54dcc50a95c</sln:powIIPId><sln:powIIPPn>PL.PZGIK.200</sln:powIIPPn><sln:powIIPWersja>2012-09-27T07:52:01+02:00</sln:powIIPWersja><sln:powIdTeryt>1216</sln:powIdTeryt><sln:powNazwa>tarnowski</sln:powNazwa><sln:wojIIPId>dd2e3c64-f861-47cf-a3a3-e7751f272b2f</sln:wojIIPId><sln:wojIIPPn>PL.PZGIK.200</sln:wojIIPPn><sln:wojIIPWersja>2017-10-10T00:00:00+02:00</sln:wojIIPWersja><sln:wojIdTeryt>12</sln:wojIdTeryt><sln:wojNazwa>małopolskie</sln:wojNazwa></sln:miejscowosc><sln:miejscowosc><sln:cyklZyciaDo>2017-03-08T00:00:00+01:00</sln:cyklZyciaDo><sln:cyklZyciaOd>2017-02-21T00:00:00+01:00</sln:cyklZyciaOd><sln:gmIIPId>ec68b126-791e-40e8-8a2c-cb6978b0b98a</sln:gmIIPId><sln:gmIIPPn>PL.PZGIK.200</sln:gmIIPPn><sln:gmIIPWersja>2012-09-26T22:12:12+02:00</sln:gmIIPWersja><sln:gmIdTeryt>1216103</sln:gmIdTeryt><sln:gmNazwa>Tuchów</sln:gmNazwa><sln:miejscIIPId>a351c1b0-c7c2-4b6b-a885-d248c4edb97c</sln:miejscIIPId><sln:miejscIIPPn>PL.PZGIK.200</sln:miejscIIPPn><sln:miejscIIPWersja>2017-02-21T14:09:08+02:00</sln:miejscIIPWersja><sln:miejscIdTeryt>0833711</sln:miejscIdTeryt><sln:miejscNazwa>Dąbrówka Tuchowska</sln:miejscNazwa><sln:miejscRodzaj>Wieś</sln:miejscRodzaj><sln:powIIPId>17c3b30e-7279-4144-9a54-b54dcc50a95c</sln:powIIPId><sln:powIIPPn>PL.PZGIK.200</sln:powIIPPn><sln:powIIPWersja>2012-09-27T07:52:01+02:00</sln:powIIPWersja><sln:powIdTeryt>1216</sln:powIdTeryt><sln:powNazwa>tarnowski</sln:powNazwa><sln:wojIIPId>dd2e3c64-f861-47cf-a3a3-e7751f272b2f</sln:wojIIPId><sln:wojIIPPn>PL.PZGIK.200</sln:wojIIPPn><sln:wojIIPWersja>2017-10-10T00:00:00+02:00</sln:wojIIPWersja><sln:wojIdTeryt>12</sln:wojIdTeryt><sln:wojNazwa>małopolskie</sln:wojNazwa></sln:miejscowosc><sln:miejscowosc><sln:cyklZyciaDo>2017-03-08T00:00:00+01:00</sln:cyklZyciaDo><sln:cyklZyciaOd>2017-02-21T00:00:00+01:00</sln:cyklZyciaOd><sln:gmIIPId>ec68b126-791e-40e8-8a2c-cb6978b0b98a</sln:gmIIPId><sln:gmIIPPn>PL.PZGIK.200</sln:gmIIPPn><sln:gmIIPWersja>2012-09-26T22:12:12+02:00</sln:gmIIPWersja><sln:gmIdTeryt>1216103</sln:gmIdTeryt><sln:gmNazwa>Tuchów</sln:gmNazwa><sln:miejscIIPId>a7644b42-0429-4e12-90f1-0f052abd5f99</sln:miejscIIPId><sln:miejscIIPPn>PL.PZGIK.200</sln:miejscIIPPn><sln:miejscIIPWersja>2017-02-21T14:09:08+02:00</sln:miejscIIPWersja><sln:miejscIdTeryt>0833740</sln:miejscIdTeryt><sln:miejscNazwa>Jodłówka Tuchowska</sln:miejscNazwa><sln:miejscRodzaj>Wieś</sln:miejscRodzaj><sln:powIIPId>17c3b30e-7279-4144-9a54-b54dcc50a95c</sln:powIIPId><sln:powIIPPn>PL.PZGIK.200</sln:powIIPPn><sln:powIIPWersja>2012-09-27T07:52:01+02:00</sln:powIIPWersja><sln:powIdTeryt>1216</sln:powIdTeryt><sln:powNazwa>tarnowski</sln:powNazwa><sln:wojIIPId>dd2e3c64-f861-47cf-a3a3-e7751f272b2f</sln:wojIIPId><sln:wojIIPPn>PL.PZGIK.200</sln:wojIIPPn><sln:wojIIPWersja>2017-10-10T00:00:00+02:00</sln:wojIIPWersja><sln:wojIdTeryt>12</sln:wojIdTeryt><sln:wojNazwa>małopolskie</sln:wojNazwa></sln:miejscowosc><sln:miejscowosc><sln:cyklZyciaDo>2017-03-08T00:00:00+01:00</sln:cyklZyciaDo><sln:cyklZyciaOd>2017-02-21T00:00:00+01:00</sln:cyklZyciaOd><sln:gmIIPId>ec68b126-791e-40e8-8a2c-cb6978b0b98a</sln:gmIIPId><sln:gmIIPPn>PL.PZGIK.200</sln:gmIIPPn><sln:gmIIPWersja>2012-09-26T22:12:12+02:00</sln:gmIIPWersja><sln:gmIdTeryt>1216103</sln:gmIdTeryt><sln:gmNazwa>Tuchów</sln:gmNazwa><sln:miejscIIPId>84af7923-29ef-4d2c-aa53-61bb69e8394e</sln:miejscIIPId><sln:miejscIIPPn>PL.PZGIK.200</sln:miejscIIPPn><sln:miejscIIPWersja>2017-02-21T14:09:08+02:00</sln:miejscIIPWersja><sln:miejscIdTeryt>0834099</sln:miejscIdTeryt><sln:miejscNazwa>Karwodrza</sln:miejscNazwa><sln:miejscRodzaj>Wieś</sln:miejscRodzaj><sln:powIIPId>17c3b30e-7279-4144-9a54-b54dcc50a95c</sln:powIIPId><sln:powIIPPn>PL.PZGIK.200</sln:powIIPPn><sln:powIIPWersja>2012-09-27T07:52:01+02:00</sln:powIIPWersja><sln:powIdTeryt>1216</sln:powIdTeryt><sln:powNazwa>tarnowski</sln:powNazwa><sln:wojIIPId>dd2e3c64-f861-47cf-a3a3-e7751f272b2f</sln:wojIIPId><sln:wojIIPPn>PL.PZGIK.200</sln:wojIIPPn><sln:wojIIPWersja>2017-10-10T00:00:00+02:00</sln:wojIIPWersja><sln:wojIdTeryt>12</sln:wojIdTeryt><sln:wojNazwa>małopolskie</sln:wojNazwa></sln:miejscowosc><sln:miejscowosc><sln:cyklZyciaDo>2017-03-08T00:00:00+01:00</sln:cyklZyciaDo><sln:cyklZyciaOd>2017-02-21T00:00:00+01:00</sln:cyklZyciaOd><sln:gmIIPId>ec68b126-791e-40e8-8a2c-cb6978b0b98a</sln:gmIIPId><sln:gmIIPPn>PL.PZGIK.200</sln:gmIIPPn><sln:gmIIPWersja>2012-09-26T22:12:12+02:00</sln:gmIIPWersja><sln:gmIdTeryt>1216103</sln:gmIdTeryt><sln:gmNazwa>Tuchów</sln:gmNazwa><sln:miejscIIPId>2b9e3774-bd2a-46ce-8c48-d9ea38512c19</sln:miejscIIPId><sln:miejscIIPPn>PL.PZGIK.200</sln:miejscIIPPn><sln:miejscIIPWersja>2017-02-21T14:09:08+02:00</sln:miejscIIPWersja><sln:miejscIdTeryt>0834165</sln:miejscIdTeryt><sln:miejscNazwa>Lubaszowa</sln:miejscNazwa><sln:miejscRodzaj>Wieś</sln:miejscRodzaj><sln:powIIPId>17c3b30e-7279-4144-9a54-b54dcc50a95c</sln:powIIPId><sln:powIIPPn>PL.PZGIK.200</sln:powIIPPn><sln:powIIPWersja>2012-09-27T07:52:01+02:00</sln:powIIPWersja><sln:powIdTeryt>1216</sln:powIdTeryt><sln:powNazwa>tarnowski</sln:powNazwa><sln:wojIIPId>dd2e3c64-f861-47cf-a3a3-e7751f272b2f</sln:wojIIPId><sln:wojIIPPn>PL.PZGIK.200</sln:wojIIPPn><sln:wojIIPWersja>2017-10-10T00:00:00+02:00</sln:wojIIPWersja><sln:wojIdTeryt>12</sln:wojIdTeryt><sln:wojNazwa>małopolskie</sln:wojNazwa></sln:miejscowosc><sln:miejscowosc><sln:cyklZyciaDo>2017-03-08T00:00:00+01:00</sln:cyklZyciaDo><sln:cyklZyciaOd>2017-02-21T00:00:00+01:00</sln:cyklZyciaOd><sln:gmIIPId>ec68b126-791e-40e8-8a2c-cb6978b0b98a</sln:gmIIPId><sln:gmIIPPn>PL.PZGIK.200</sln:gmIIPPn><sln:gmIIPWersja>2012-09-26T22:12:12+02:00</sln:gmIIPWersja><sln:gmIdTeryt>1216103</sln:gmIdTeryt><sln:gmNazwa>Tuchów</sln:gmNazwa><sln:miejscIIPId>2668b27f-a800-4fab-8da0-fd569d8feeb8</sln:miejscIIPId><sln:miejscIIPPn>PL.PZGIK.200</sln:miejscIIPPn><sln:miejscIIPWersja>2017-02-21T14:09:08+02:00</sln:miejscIIPWersja><sln:miejscIdTeryt>0834219</sln:miejscIdTeryt><sln:miejscNazwa>Łowczów</sln:miejscNazwa><sln:miejscRodzaj>Wieś</sln:miejscRodzaj><sln:powIIPId>17c3b30e-7279-4144-9a54-b54dcc50a95c</sln:powIIPId><sln:powIIPPn>PL.PZGIK.200</sln:powIIPPn><sln:powIIPWersja>2012-09-27T07:52:01+02:00</sln:powIIPWersja><sln:powIdTeryt>1216</sln:powIdTeryt><sln:powNazwa>tarnowski</sln:powNazwa><sln:wojIIPId>dd2e3c64-f861-47cf-a3a3-e7751f272b2f</sln:wojIIPId><sln:wojIIPPn>PL.PZGIK.200</sln:wojIIPPn><sln:wojIIPWersja>2017-10-10T00:00:00+02:00</sln:wojIIPWersja><sln:wojIdTeryt>12</sln:wojIdTeryt><sln:wojNazwa>małopolskie</sln:wojNazwa></sln:miejscowosc><sln:miejscowosc><sln:cyklZyciaDo>2017-03-08T00:00:00+01:00</sln:cyklZyciaDo><sln:cyklZyciaOd>2017-02-21T00:00:00+01:00</sln:cyklZyciaOd><sln:gmIIPId>ec68b126-791e-40e8-8a2c-cb6978b0b98a</sln:gmIIPId><sln:gmIIPPn>PL.PZGIK.200</sln:gmIIPPn><sln:gmIIPWersja>2012-09-26T22:12:12+02:00</sln:gmIIPWersja><sln:gmIdTeryt>1216103</sln:gmIdTeryt><sln:gmNazwa>Tuchów</sln:gmNazwa><sln:miejscIIPId>1f662d3c-fd54-4031-b079-bcc7038f19d9</sln:miejscIIPId><sln:miejscIIPPn>PL.PZGIK.200</sln:miejscIIPPn><sln:miejscIIPWersja>2017-02-21T14:09:08+02:00</sln:miejscIIPWersja><sln:miejscIdTeryt>0834283</sln:miejscIdTeryt><sln:miejscNazwa>Meszna Opacka</sln:miejscNazwa><sln:miejscRodzaj>Wieś</sln:miejscRodzaj><sln:powIIPId>17c3b30e-7279-4144-9a54-b54dcc50a95c</sln:powIIPId><sln:powIIPPn>PL.PZGIK.200</sln:powIIPPn><sln:powIIPWersja>2012-09-27T07:52:01+02:00</sln:powIIPWersja><sln:powIdTeryt>1216</sln:powIdTeryt><sln:powNazwa>tarnowski</sln:powNazwa><sln:wojIIPId>dd2e3c64-f861-47cf-a3a3-e7751f272b2f</sln:wojIIPId><sln:wojIIPPn>PL.PZGIK.200</sln:wojIIPPn><sln:wojIIPWersja>2017-10-10T00:00:00+02:00</sln:wojIIPWersja><sln:wojIdTeryt>12</sln:wojIdTeryt><sln:wojNazwa>małopolskie</sln:wojNazwa></sln:miejscowosc><sln:miejscowosc><sln:cyklZyciaOd>2017-03-08T00:00:00+01:00</sln:cyklZyciaOd><sln:gmIIPId>ec68b126-791e-40e8-8a2c-cb6978b0b98a</sln:gmIIPId><sln:gmIIPPn>PL.PZGIK.200</sln:gmIIPPn><sln:gmIIPWersja>2012-09-26T22:12:12+02:00</sln:gmIIPWersja><sln:gmIdTeryt>1216103</sln:gmIdTeryt><sln:gmNazwa>Tuchów</sln:gmNazwa><sln:miejscIIPId>190659ef-817f-407d-aa78-11cdf924bada</sln:miejscIIPId><sln:miejscIIPPn>PL.PZGIK.200</sln:miejscIIPPn><sln:miejscIIPWersja>2017-03-08T14:32:49+02:00</sln:miejscIIPWersja><sln:miejscIdTeryt>0982457</sln:miejscIdTeryt><sln:miejscNazwa>Tuchów</sln:miejscNazwa><sln:miejscRodzaj>Wieś</sln:miejscRodzaj><sln:powIIPId>17c3b30e-7279-4144-9a54-b54dcc50a95c</sln:powIIPId><sln:powIIPPn>PL.PZGIK.200</sln:powIIPPn><sln:powIIPWersja>2012-09-27T07:52:01+02:00</sln:powIIPWersja><sln:powIdTeryt>1216</sln:powIdTeryt><sln:powNazwa>tarnowski</sln:powNazwa><sln:wojIIPId>dd2e3c64-f861-47cf-a3a3-e7751f272b2f</sln:wojIIPId><sln:wojIIPPn>PL.PZGIK.200</sln:wojIIPPn><sln:wojIIPWersja>2017-10-10T00:00:00+02:00</sln:wojIIPWersja><sln:wojIdTeryt>12</sln:wojIdTeryt><sln:wojNazwa>małopolskie</sln:wojNazwa></sln:miejscowosc><sln:miejscowosc><sln:cyklZyciaOd>2017-03-08T00:00:00+01:00</sln:cyklZyciaOd><sln:gmIIPId>ec68b126-791e-40e8-8a2c-cb6978b0b98a</sln:gmIIPId><sln:gmIIPPn>PL.PZGIK.200</sln:gmIIPPn><sln:gmIIPWersja>2012-09-26T22:12:12+02:00</sln:gmIIPWersja><sln:gmIdTeryt>1216103</sln:gmIdTeryt><sln:gmNazwa>Tuchów</sln:gmNazwa><sln:miejscIIPId>43850739-0fd0-41a9-84b5-9420307371e8</sln:miejscIIPId><sln:miejscIIPPn>PL.PZGIK.200</sln:miejscIIPPn><sln:miejscIIPWersja>2017-03-08T14:32:53+02:00</sln:miejscIIPWersja><sln:miejscIdTeryt>0834343</sln:miejscIdTeryt><sln:miejscNazwa>Piotrkowice</sln:miejscNazwa><sln:miejscRodzaj>Wieś</sln:miejscRodzaj><sln:powIIPId>17c3b30e-7279-4144-9a54-b54dcc50a95c</sln:powIIPId><sln:powIIPPn>PL.PZGIK.200</sln:powIIPPn><sln:powIIPWersja>2012-09-27T07:52:01+02:00</sln:powIIPWersja><sln:powIdTeryt>1216</sln:powIdTeryt><sln:powNazwa>tarnowski</sln:powNazwa><sln:wojIIPId>dd2e3c64-f861-47cf-a3a3-e7751f272b2f</sln:wojIIPId><sln:wojIIPPn>PL.PZGIK.200</sln:wojIIPPn><sln:wojIIPWersja>2017-10-10T00:00:00+02:00</sln:wojIIPWersja><sln:wojIdTeryt>12</sln:wojIdTeryt><sln:wojNazwa>małopolskie</sln:wojNazwa></sln:miejscowosc><sln:miejscowosc><sln:cyklZyciaOd>2017-03-08T00:00:00+01:00</sln:cyklZyciaOd><sln:gmIIPId>ec68b126-791e-40e8-8a2c-cb6978b0b98a</sln:gmIIPId><sln:gmIIPPn>PL.PZGIK.200</sln:gmIIPPn><sln:gmIIPWersja>2012-09-26T22:12:12+02:00</sln:gmIIPWersja><sln:gmIdTeryt>1216103</sln:gmIdTeryt><sln:gmNazwa>Tuchów</sln:gmNazwa><sln:miejscIIPId>0d44e772-fb38-4726-8a12-bf5360261af1</sln:miejscIIPId><sln:miejscIIPPn>PL.PZGIK.200</sln:miejscIIPPn><sln:miejscIIPWersja>2017-03-08T14:32:53+02:00</sln:miejscIIPWersja><sln:miejscIdTeryt>0834395</sln:miejscIdTeryt><sln:miejscNazwa>Siedliska</sln:miejscNazwa><sln:miejscRodzaj>Wieś</sln:miejscRodzaj><sln:powIIPId>17c3b30e-7279-4144-9a54-b54dcc50a95c</sln:powIIPId><sln:powIIPPn>PL.PZGIK.200</sln:powIIPPn><sln:powIIPWersja>2012-09-27T07:52:01+02:00</sln:powIIPWersja><sln:powIdTeryt>1216</sln:powIdTeryt><sln:powNazwa>tarnowski</sln:powNazwa><sln:wojIIPId>dd2e3c64-f861-47cf-a3a3-e7751f272b2f</sln:wojIIPId><sln:wojIIPPn>PL.PZGIK.200</sln:wojIIPPn><sln:wojIIPWersja>2017-10-10T00:00:00+02:00</sln:wojIIPWersja><sln:wojIdTeryt>12</sln:wojIdTeryt><sln:wojNazwa>małopolskie</sln:wojNazwa></sln:miejscowosc><sln:miejscowosc><sln:cyklZyciaOd>2017-03-08T00:00:00+01:00</sln:cyklZyciaOd><sln:gmIIPId>ec68b126-791e-40e8-8a2c-cb6978b0b98a</sln:gmIIPId><sln:gmIIPPn>PL.PZGIK.200</sln:gmIIPPn><sln:gmIIPWersja>2012-09-26T22:12:12+02:00</sln:gmIIPWersja><sln:gmIdTeryt>1216103</sln:gmIdTeryt><sln:gmNazwa>Tuchów</sln:gmNazwa><sln:miejscIIPId>4de42632-43d4-4a00-a1de-46aa881dd8bc</sln:miejscIIPId><sln:miejscIIPPn>PL.PZGIK.200</sln:miejscIIPPn><sln:miejscIIPWersja>2017-03-08T14:32:54+02:00</sln:miejscIIPWersja><sln:miejscIdTeryt>0834521</sln:miejscIdTeryt><sln:miejscNazwa>Trzemesna</sln:miejscNazwa><sln:miejscRodzaj>Wieś</sln:miejscRodzaj><sln:powIIPId>17c3b30e-7279-4144-9a54-b54dcc50a95c</sln:powIIPId><sln:powIIPPn>PL.PZGIK.200</sln:powIIPPn><sln:powIIPWersja>2012-09-27T07:52:01+02:00</sln:powIIPWersja><sln:powIdTeryt>1216</sln:powIdTeryt><sln:powNazwa>tarnowski</sln:powNazwa><sln:wojIIPId>dd2e3c64-f861-47cf-a3a3-e7751f272b2f</sln:wojIIPId><sln:wojIIPPn>PL.PZGIK.200</sln:wojIIPPn><sln:wojIIPWersja>2017-10-10T00:00:00+02:00</sln:wojIIPWersja><sln:wojIdTeryt>12</sln:wojIdTeryt><sln:wojNazwa>małopolskie</sln:wojNazwa></sln:miejscowosc><sln:miejscowosc><sln:cyklZyciaOd>2017-03-08T00:00:00+01:00</sln:cyklZyciaOd><sln:gmIIPId>ec68b126-791e-40e8-8a2c-cb6978b0b98a</sln:gmIIPId><sln:gmIIPPn>PL.PZGIK.200</sln:gmIIPPn><sln:gmIIPWersja>2012-09-26T22:12:12+02:00</sln:gmIIPWersja><sln:gmIdTeryt>1216103</sln:gmIdTeryt><sln:gmNazwa>Tuchów</sln:gmNazwa><sln:miejscIIPId>b5d20a55-04c5-4973-a793-21b529150d71</sln:miejscIIPId><sln:miejscIIPPn>PL.PZGIK.200</sln:miejscIIPPn><sln:miejscIIPWersja>2017-03-08T14:32:54+02:00</sln:miejscIIPWersja><sln:miejscIdTeryt>0834580</sln:miejscIdTeryt><sln:miejscNazwa>Zabłędza</sln:miejscNazwa><sln:miejscRodzaj>Wieś</sln:miejscRodzaj><sln:powIIPId>17c3b30e-7279-4144-9a54-b54dcc50a95c</sln:powIIPId><sln:powIIPPn>PL.PZGIK.200</sln:powIIPPn><sln:powIIPWersja>2012-09-27T07:52:01+02:00</sln:powIIPWersja><sln:powIdTeryt>1216</sln:powIdTeryt><sln:powNazwa>tarnowski</sln:powNazwa><sln:wojIIPId>dd2e3c64-f861-47cf-a3a3-e7751f272b2f</sln:wojIIPId><sln:wojIIPPn>PL.PZGIK.200</sln:wojIIPPn><sln:wojIIPWersja>2017-10-10T00:00:00+02:00</sln:wojIIPWersja><sln:wojIdTeryt>12</sln:wojIdTeryt><sln:wojNazwa>małopolskie</sln:wojNazwa></sln:miejscowosc><sln:miejscowosc><sln:cyklZyciaOd>2017-03-08T00:00:00+01:00</sln:cyklZyciaOd><sln:gmIIPId>ec68b126-791e-40e8-8a2c-cb6978b0b98a</sln:gmIIPId><sln:gmIIPPn>PL.PZGIK.200</sln:gmIIPPn><sln:gmIIPWersja>2012-09-26T22:12:12+02:00</sln:gmIIPWersja><sln:gmIdTeryt>1216103</sln:gmIdTeryt><sln:gmNazwa>Tuchów</sln:gmNazwa><sln:miejscIIPId>5386efea-9aca-448f-a5a9-99e41d7e836b</sln:miejscIIPId><sln:miejscIIPPn>PL.PZGIK.200</sln:miejscIIPPn><sln:miejscIIPWersja>2017-03-08T14:32:54+02:00</sln:miejscIIPWersja><sln:miejscIdTeryt>0833540</sln:miejscIdTeryt><sln:miejscNazwa>Buchcice</sln:miejscNazwa><sln:miejscRodzaj>Wieś</sln:miejscRodzaj><sln:powIIPId>17c3b30e-7279-4144-9a54-b54dcc50a95c</sln:powIIPId><sln:powIIPPn>PL.PZGIK.200</sln:powIIPPn><sln:powIIPWersja>2012-09-27T07:52:01+02:00</sln:powIIPWersja><sln:powIdTeryt>1216</sln:powIdTeryt><sln:powNazwa>tarnowski</sln:powNazwa><sln:wojIIPId>dd2e3c64-f861-47cf-a3a3-e7751f272b2f</sln:wojIIPId><sln:wojIIPPn>PL.PZGIK.200</sln:wojIIPPn><sln:wojIIPWersja>2017-10-10T00:00:00+02:00</sln:wojIIPWersja><sln:wojIdTeryt>12</sln:wojIdTeryt><sln:wojNazwa>małopolskie</sln:wojNazwa></sln:miejscowosc><sln:miejscowosc><sln:cyklZyciaOd>2017-03-08T00:00:00+01:00</sln:cyklZyciaOd><sln:gmIIPId>ec68b126-791e-40e8-8a2c-cb6978b0b98a</sln:gmIIPId><sln:gmIIPPn>PL.PZGIK.200</sln:gmIIPPn><sln:gmIIPWersja>2012-09-26T22:12:12+02:00</sln:gmIIPWersja><sln:gmIdTeryt>1216103</sln:gmIdTeryt><sln:gmNazwa>Tuchów</sln:gmNazwa><sln:miejscIIPId>df38864d-f7ec-4f5d-b6b4-144d945146ba</sln:miejscIIPId><sln:miejscIIPPn>PL.PZGIK.200</sln:miejscIIPPn><sln:miejscIIPWersja>2017-03-08T14:32:54+02:00</sln:miejscIIPWersja><sln:miejscIdTeryt>0833639</sln:miejscIdTeryt><sln:miejscNazwa>Burzyn</sln:miejscNazwa><sln:miejscRodzaj>Wieś</sln:miejscRodzaj><sln:powIIPId>17c3b30e-7279-4144-9a54-b54dcc50a95c</sln:powIIPId><sln:powIIPPn>PL.PZGIK.200</sln:powIIPPn><sln:powIIPWersja>2012-09-27T07:52:01+02:00</sln:powIIPWersja><sln:powIdTeryt>1216</sln:powIdTeryt><sln:powNazwa>tarnowski</sln:powNazwa><sln:wojIIPId>dd2e3c64-f861-47cf-a3a3-e7751f272b2f</sln:wojIIPId><sln:wojIIPPn>PL.PZGIK.200</sln:wojIIPPn><sln:wojIIPWersja>2017-10-10T00:00:00+02:00</sln:wojIIPWersja><sln:wojIdTeryt>12</sln:wojIdTeryt><sln:wojNazwa>małopolskie</sln:wojNazwa></sln:miejscowosc><sln:miejscowosc><sln:cyklZyciaOd>2017-03-08T00:00:00+01:00</sln:cyklZyciaOd><sln:gmIIPId>ec68b126-791e-40e8-8a2c-cb6978b0b98a</sln:gmIIPId><sln:gmIIPPn>PL.PZGIK.200</sln:gmIIPPn><sln:gmIIPWersja>2012-09-26T22:12:12+02:00</sln:gmIIPWersja><sln:gmIdTeryt>1216103</sln:gmIdTeryt><sln:gmNazwa>Tuchów</sln:gmNazwa><sln:miejscIIPId>434fb058-86e1-4cd0-9fda-3f08e191457c</sln:miejscIIPId><sln:miejscIIPPn>PL.PZGIK.200</sln:miejscIIPPn><sln:miejscIIPWersja>2017-03-08T14:32:54+02:00</sln:miejscIIPWersja><sln:miejscIdTeryt>0833711</sln:miejscIdTeryt><sln:miejscNazwa>Dąbrówka Tuchowska</sln:miejscNazwa><sln:miejscRodzaj>Wieś</sln:miejscRodzaj><sln:powIIPId>17c3b30e-7279-4144-9a54-b54dcc50a95c</sln:powIIPId><sln:powIIPPn>PL.PZGIK.200</sln:powIIPPn><sln:powIIPWersja>2012-09-27T07:52:01+02:00</sln:powIIPWersja><sln:powIdTeryt>1216</sln:powIdTeryt><sln:powNazwa>tarnowski</sln:powNazwa><sln:wojIIPId>dd2e3c64-f861-47cf-a3a3-e7751f272b2f</sln:wojIIPId><sln:wojIIPPn>PL.PZGIK.200</sln:wojIIPPn><sln:wojIIPWersja>2017-10-10T00:00:00+02:00</sln:wojIIPWersja><sln:wojIdTeryt>12</sln:wojIdTeryt><sln:wojNazwa>małopolskie</sln:wojNazwa></sln:miejscowosc><sln:miejscowosc><sln:cyklZyciaOd>2017-03-08T00:00:00+01:00</sln:cyklZyciaOd><sln:gmIIPId>ec68b126-791e-40e8-8a2c-cb6978b0b98a</sln:gmIIPId><sln:gmIIPPn>PL.PZGIK.200</sln:gmIIPPn><sln:gmIIPWersja>2012-09-26T22:12:12+02:00</sln:gmIIPWersja><sln:gmIdTeryt>1216103</sln:gmIdTeryt><sln:gmNazwa>Tuchów</sln:gmNazwa><sln:miejscIIPId>e5fb6721-efaf-44c9-a79d-0ee3019e0e28</sln:miejscIIPId><sln:miejscIIPPn>PL.PZGIK.200</sln:miejscIIPPn><sln:miejscIIPWersja>2017-03-08T14:32:54+02:00</sln:miejscIIPWersja><sln:miejscIdTeryt>0833740</sln:miejscIdTeryt><sln:miejscNazwa>Jodłówka Tuchowska</sln:miejscNazwa><sln:miejscRodzaj>Wieś</sln:miejscRodzaj><sln:powIIPId>17c3b30e-7279-4144-9a54-b54dcc50a95c</sln:powIIPId><sln:powIIPPn>PL.PZGIK.200</sln:powIIPPn><sln:powIIPWersja>2012-09-27T07:52:01+02:00</sln:powIIPWersja><sln:powIdTeryt>1216</sln:powIdTeryt><sln:powNazwa>tarnowski</sln:powNazwa><sln:wojIIPId>dd2e3c64-f861-47cf-a3a3-e7751f272b2f</sln:wojIIPId><sln:wojIIPPn>PL.PZGIK.200</sln:wojIIPPn><sln:wojIIPWersja>2017-10-10T00:00:00+02:00</sln:wojIIPWersja><sln:wojIdTeryt>12</sln:wojIdTeryt><sln:wojNazwa>małopolskie</sln:wojNazwa></sln:miejscowosc><sln:miejscowosc><sln:cyklZyciaOd>2017-03-08T00:00:00+01:00</sln:cyklZyciaOd><sln:gmIIPId>ec68b126-791e-40e8-8a2c-cb6978b0b98a</sln:gmIIPId><sln:gmIIPPn>PL.PZGIK.200</sln:gmIIPPn><sln:gmIIPWersja>2012-09-26T22:12:12+02:00</sln:gmIIPWersja><sln:gmIdTeryt>1216103</sln:gmIdTeryt><sln:gmNazwa>Tuchów</sln:gmNazwa><sln:miejscIIPId>c5b8d084-81df-4c51-931b-d1619f3f2b27</sln:miejscIIPId><sln:miejscIIPPn>PL.PZGIK.200</sln:miejscIIPPn><sln:miejscIIPWersja>2017-03-08T14:32:54+02:00</sln:miejscIIPWersja><sln:miejscIdTeryt>0834099</sln:miejscIdTeryt><sln:miejscNazwa>Karwodrza</sln:miejscNazwa><sln:miejscRodzaj>Wieś</sln:miejscRodzaj><sln:powIIPId>17c3b30e-7279-4144-9a54-b54dcc50a95c</sln:powIIPId><sln:powIIPPn>PL.PZGIK.200</sln:powIIPPn><sln:powIIPWersja>2012-09-27T07:52:01+02:00</sln:powIIPWersja><sln:powIdTeryt>1216</sln:powIdTeryt><sln:powNazwa>tarnowski</sln:powNazwa><sln:wojIIPId>dd2e3c64-f861-47cf-a3a3-e7751f272b2f</sln:wojIIPId><sln:wojIIPPn>PL.PZGIK.200</sln:wojIIPPn><sln:wojIIPWersja>2017-10-10T00:00:00+02:00</sln:wojIIPWersja><sln:wojIdTeryt>12</sln:wojIdTeryt><sln:wojNazwa>małopolskie</sln:wojNazwa></sln:miejscowosc><sln:miejscowosc><sln:cyklZyciaOd>2017-03-08T00:00:00+01:00</sln:cyklZyciaOd><sln:gmIIPId>ec68b126-791e-40e8-8a2c-cb6978b0b98a</sln:gmIIPId><sln:gmIIPPn>PL.PZGIK.200</sln:gmIIPPn><sln:gmIIPWersja>2012-09-26T22:12:12+02:00</sln:gmIIPWersja><sln:gmIdTeryt>1216103</sln:gmIdTeryt><sln:gmNazwa>Tuchów</sln:gmNazwa><sln:miejscIIPId>2660254b-4f4f-4788-a460-ced5ae53e68e</sln:miejscIIPId><sln:miejscIIPPn>PL.PZGIK.200</sln:miejscIIPPn><sln:miejscIIPWersja>2017-03-08T14:32:54+02:00</sln:miejscIIPWersja><sln:miejscIdTeryt>0834165</sln:miejscIdTeryt><sln:miejscNazwa>Lubaszowa</sln:miejscNazwa><sln:miejscRodzaj>Wieś</sln:miejscRodzaj><sln:powIIPId>17c3b30e-7279-4144-9a54-b54dcc50a95c</sln:powIIPId><sln:powIIPPn>PL.PZGIK.200</sln:powIIPPn><sln:powIIPWersja>2012-09-27T07:52:01+02:00</sln:powIIPWersja><sln:powIdTeryt>1216</sln:powIdTeryt><sln:powNazwa>tarnowski</sln:powNazwa><sln:wojIIPId>dd2e3c64-f861-47cf-a3a3-e7751f272b2f</sln:wojIIPId><sln:wojIIPPn>PL.PZGIK.200</sln:wojIIPPn><sln:wojIIPWersja>2017-10-10T00:00:00+02:00</sln:wojIIPWersja><sln:wojIdTeryt>12</sln:wojIdTeryt><sln:wojNazwa>małopolskie</sln:wojNazwa></sln:miejscowosc><sln:miejscowosc><sln:cyklZyciaOd>2017-03-08T00:00:00+01:00</sln:cyklZyciaOd><sln:gmIIPId>ec68b126-791e-40e8-8a2c-cb6978b0b98a</sln:gmIIPId><sln:gmIIPPn>PL.PZGIK.200</sln:gmIIPPn><sln:gmIIPWersja>2012-09-26T22:12:12+02:00</sln:gmIIPWersja><sln:gmIdTeryt>1216103</sln:gmIdTeryt><sln:gmNazwa>Tuchów</sln:gmNazwa><sln:miejscIIPId>f1f41bac-e87d-4d1d-bc85-b2fb7f922618</sln:miejscIIPId><sln:miejscIIPPn>PL.PZGIK.200</sln:miejscIIPPn><sln:miejscIIPWersja>2017-03-08T14:32:54+02:00</sln:miejscIIPWersja><sln:miejscIdTeryt>0834219</sln:miejscIdTeryt><sln:miejscNazwa>Łowczów</sln:miejscNazwa><sln:miejscRodzaj>Wieś</sln:miejscRodzaj><sln:powIIPId>17c3b30e-7279-4144-9a54-b54dcc50a95c</sln:powIIPId><sln:powIIPPn>PL.PZGIK.200</sln:powIIPPn><sln:powIIPWersja>2012-09-27T07:52:01+02:00</sln:powIIPWersja><sln:powIdTeryt>1216</sln:powIdTeryt><sln:powNazwa>tarnowski</sln:powNazwa><sln:wojIIPId>dd2e3c64-f861-47cf-a3a3-e7751f272b2f</sln:wojIIPId><sln:wojIIPPn>PL.PZGIK.200</sln:wojIIPPn><sln:wojIIPWersja>2017-10-10T00:00:00+02:00</sln:wojIIPWersja><sln:wojIdTeryt>12</sln:wojIdTeryt><sln:wojNazwa>małopolskie</sln:wojNazwa></sln:miejscowosc><sln:miejscowosc><sln:cyklZyciaOd>2017-03-08T00:00:00+01:00</sln:cyklZyciaOd><sln:gmIIPId>ec68b126-791e-40e8-8a2c-cb6978b0b98a</sln:gmIIPId><sln:gmIIPPn>PL.PZGIK.200</sln:gmIIPPn><sln:gmIIPWersja>2012-09-26T22:12:12+02:00</sln:gmIIPWersja><sln:gmIdTeryt>1216103</sln:gmIdTeryt><sln:gmNazwa>Tuchów</sln:gmNazwa><sln:miejscIIPId>35e555ee-5835-4787-abdd-99e8df33d57a</sln:miejscIIPId><sln:miejscIIPPn>PL.PZGIK.200</sln:miejscIIPPn><sln:miejscIIPWersja>2017-03-08T14:32:54+02:00</sln:miejscIIPWersja><sln:miejscIdTeryt>0834283</sln:miejscIdTeryt><sln:miejscNazwa>Meszna Opacka</sln:miejscNazwa><sln:miejscRodzaj>Wieś</sln:miejscRodzaj><sln:powIIPId>17c3b30e-7279-4144-9a54-b54dcc50a95c</sln:powIIPId><sln:powIIPPn>PL.PZGIK.200</sln:powIIPPn><sln:powIIPWersja>2012-09-27T07:52:01+02:00</sln:powIIPWersja><sln:powIdTeryt>1216</sln:powIdTeryt><sln:powNazwa>tarnowski</sln:powNazwa><sln:wojIIPId>dd2e3c64-f861-47cf-a3a3-e7751f272b2f</sln:wojIIPId><sln:wojIIPPn>PL.PZGIK.200</sln:wojIIPPn><sln:wojIIPWersja>2017-10-10T00:00:00+02:00</sln:wojIIPWersja><sln:wojIdTeryt>12</sln:wojIdTeryt><sln:wojNazwa>małopolskie</sln:wojNazwa></sln:miejscowosc></sln:lista-miejscowosci>