<?xml version="1.0" encoding="UTF-8" standalone="yes"?><sln:lista-miejscowosci xmlns:srv="http://gugik.gov.pl/schemas/slowniki-service/1.0" xmlns:sln="http://gugik.gov.pl/schemas/slowniki-schema/1.0"><sln:miejscowosc><sln:cyklZyciaDo>2017-03-20T00:00:00+01:00</sln:cyklZyciaDo><sln:cyklZyciaOd>2016-11-03T00:00:00+01:00</sln:cyklZyciaOd><sln:gmIIPId>771d961a-adba-4f7c-81ce-bdff1f381777</sln:gmIIPId><sln:gmIIPPn>PL.PZGIK.200</sln:gmIIPPn><sln:gmIIPWersja>2012-09-26T22:12:12+02:00</sln:gmIIPWersja><sln:gmIdTeryt>1216032</sln:gmIdTeryt><sln:gmNazwa>Lisia Góra</sln:gmNazwa><sln:miejscIIPId>03a7f2d8-98f3-49f5-83fc-41f31bc38bc4</sln:miejscIIPId><sln:miejscIIPPn>PL.PZGIK.200</sln:miejscIIPPn><sln:miejscIIPWersja>2016-11-24T14:10:06+02:00</sln:miejscIIPWersja><sln:miejscIdTeryt>1216032</sln:miejscIdTeryt><sln:miejscNazwa>Breń</sln:miejscNazwa><sln:miejscRodzaj>Wieś</sln:miejscRodzaj><sln:powIIPId>17c3b30e-7279-4144-9a54-b54dcc50a95c</sln:powIIPId><sln:powIIPPn>PL.PZGIK.200</sln:powIIPPn><sln:powIIPWersja>2012-09-27T07:52:01+02:00</sln:powIIPWersja><sln:powIdTeryt>1216</sln:powIdTeryt><sln:powNazwa>tarnowski</sln:powNazwa><sln:wojIIPId>dd2e3c64-f861-47cf-a3a3-e7751f272b2f</sln:wojIIPId><sln:wojIIPPn>PL.PZGIK.200</sln:wojIIPPn><sln:wojIIPWersja>2017-10-10T00:00:00+02:00</sln:wojIIPWersja><sln:wojIdTeryt>12</sln:wojIdTeryt><sln:wojNazwa>małopolskie</sln:wojNazwa></sln:miejscowosc><sln:miejscowosc><sln:cyklZyciaDo>2017-03-20T00:00:00+01:00</sln:cyklZyciaDo><sln:cyklZyciaOd>2016-11-03T00:00:00+01:00</sln:cyklZyciaOd><sln:gmIIPId>771d961a-adba-4f7c-81ce-bdff1f381777</sln:gmIIPId><sln:gmIIPPn>PL.PZGIK.200</sln:gmIIPPn><sln:gmIIPWersja>2012-09-26T22:12:12+02:00</sln:gmIIPWersja><sln:gmIdTeryt>1216032</sln:gmIdTeryt><sln:gmNazwa>Lisia Góra</sln:gmNazwa><sln:miejscIIPId>0742d7ad-2cce-4395-a0dd-e504202bd8e0</sln:miejscIIPId><sln:miejscIIPPn>PL.PZGIK.200</sln:miejscIIPPn><sln:miejscIIPWersja>2016-11-24T14:10:06+02:00</sln:miejscIIPWersja><sln:miejscIdTeryt>1216032</sln:miejscIdTeryt><sln:miejscNazwa>Brzozówka</sln:miejscNazwa><sln:miejscRodzaj>Wieś</sln:miejscRodzaj><sln:powIIPId>17c3b30e-7279-4144-9a54-b54dcc50a95c</sln:powIIPId><sln:powIIPPn>PL.PZGIK.200</sln:powIIPPn><sln:powIIPWersja>2012-09-27T07:52:01+02:00</sln:powIIPWersja><sln:powIdTeryt>1216</sln:powIdTeryt><sln:powNazwa>tarnowski</sln:powNazwa><sln:wojIIPId>dd2e3c64-f861-47cf-a3a3-e7751f272b2f</sln:wojIIPId><sln:wojIIPPn>PL.PZGIK.200</sln:wojIIPPn><sln:wojIIPWersja>2017-10-10T00:00:00+02:00</sln:wojIIPWersja><sln:wojIdTeryt>12</sln:wojIdTeryt><sln:wojNazwa>małopolskie</sln:wojNazwa></sln:miejscowosc><sln:miejscowosc><sln:cyklZyciaDo>2017-03-20T00:00:00+01:00</sln:cyklZyciaDo><sln:cyklZyciaOd>2016-11-03T00:00:00+01:00</sln:cyklZyciaOd><sln:gmIIPId>771d961a-adba-4f7c-81ce-bdff1f381777</sln:gmIIPId><sln:gmIIPPn>PL.PZGIK.200</sln:gmIIPPn><sln:gmIIPWersja>2012-09-26T22:12:12+02:00</sln:gmIIPWersja><sln:gmIdTeryt>1216032</sln:gmIdTeryt><sln:gmNazwa>Lisia Góra</sln:gmNazwa><sln:miejscIIPId>c464e64a-3087-4ca5-8c16-770e52f55607</sln:miejscIIPId><sln:miejscIIPPn>PL.PZGIK.200</sln:miejscIIPPn><sln:miejscIIPWersja>2016-11-24T14:10:06+02:00</sln:miejscIIPWersja><sln:miejscIdTeryt>1216032</sln:miejscIdTeryt><sln:miejscNazwa>Kobierzyn</sln:miejscNazwa><sln:miejscRodzaj>Wieś</sln:miejscRodzaj><sln:powIIPId>17c3b30e-7279-4144-9a54-b54dcc50a95c</sln:powIIPId><sln:powIIPPn>PL.PZGIK.200</sln:powIIPPn><sln:powIIPWersja>2012-09-27T07:52:01+02:00</sln:powIIPWersja><sln:powIdTeryt>1216</sln:powIdTeryt><sln:powNazwa>tarnowski</sln:powNazwa><sln:wojIIPId>dd2e3c64-f861-47cf-a3a3-e7751f272b2f</sln:wojIIPId><sln:wojIIPPn>PL.PZGIK.200</sln:wojIIPPn><sln:wojIIPWersja>2017-10-10T00:00:00+02:00</sln:wojIIPWersja><sln:wojIdTeryt>12</sln:wojIdTeryt><sln:wojNazwa>małopolskie</sln:wojNazwa></sln:miejscowosc><sln:miejscowosc><sln:cyklZyciaDo>2017-03-20T00:00:00+01:00</sln:cyklZyciaDo><sln:cyklZyciaOd>2016-11-03T00:00:00+01:00</sln:cyklZyciaOd><sln:gmIIPId>771d961a-adba-4f7c-81ce-bdff1f381777</sln:gmIIPId><sln:gmIIPPn>PL.PZGIK.200</sln:gmIIPPn><sln:gmIIPWersja>2012-09-26T22:12:12+02:00</sln:gmIIPWersja><sln:gmIdTeryt>1216032</sln:gmIdTeryt><sln:gmNazwa>Lisia Góra</sln:gmNazwa><sln:miejscIIPId>e174cf2c-e9db-473d-b38b-c2149c779388</sln:miejscIIPId><sln:miejscIIPPn>PL.PZGIK.200</sln:miejscIIPPn><sln:miejscIIPWersja>2016-11-24T14:10:06+02:00</sln:miejscIIPWersja><sln:miejscIdTeryt>1216032</sln:miejscIdTeryt><sln:miejscNazwa>Lisia Góra</sln:miejscNazwa><sln:miejscRodzaj>Wieś</sln:miejscRodzaj><sln:powIIPId>17c3b30e-7279-4144-9a54-b54dcc50a95c</sln:powIIPId><sln:powIIPPn>PL.PZGIK.200</sln:powIIPPn><sln:powIIPWersja>2012-09-27T07:52:01+02:00</sln:powIIPWersja><sln:powIdTeryt>1216</sln:powIdTeryt><sln:powNazwa>tarnowski</sln:powNazwa><sln:wojIIPId>dd2e3c64-f861-47cf-a3a3-e7751f272b2f</sln:wojIIPId><sln:wojIIPPn>PL.PZGIK.200</sln:wojIIPPn><sln:wojIIPWersja>2017-10-10T00:00:00+02:00</sln:wojIIPWersja><sln:wojIdTeryt>12</sln:wojIdTeryt><sln:wojNazwa>małopolskie</sln:wojNazwa></sln:miejscowosc><sln:miejscowosc><sln:cyklZyciaDo>2017-03-20T00:00:00+01:00</sln:cyklZyciaDo><sln:cyklZyciaOd>2016-11-03T00:00:00+01:00</sln:cyklZyciaOd><sln:gmIIPId>771d961a-adba-4f7c-81ce-bdff1f381777</sln:gmIIPId><sln:gmIIPPn>PL.PZGIK.200</sln:gmIIPPn><sln:gmIIPWersja>2012-09-26T22:12:12+02:00</sln:gmIIPWersja><sln:gmIdTeryt>1216032</sln:gmIdTeryt><sln:gmNazwa>Lisia Góra</sln:gmNazwa><sln:miejscIIPId>a4267f21-93a7-4226-a6fd-21ff8bc13019</sln:miejscIIPId><sln:miejscIIPPn>PL.PZGIK.200</sln:miejscIIPPn><sln:miejscIIPWersja>2016-11-24T14:10:06+02:00</sln:miejscIIPWersja><sln:miejscIdTeryt>1216032</sln:miejscIdTeryt><sln:miejscNazwa>Łukowa</sln:miejscNazwa><sln:miejscRodzaj>Wieś</sln:miejscRodzaj><sln:powIIPId>17c3b30e-7279-4144-9a54-b54dcc50a95c</sln:powIIPId><sln:powIIPPn>PL.PZGIK.200</sln:powIIPPn><sln:powIIPWersja>2012-09-27T07:52:01+02:00</sln:powIIPWersja><sln:powIdTeryt>1216</sln:powIdTeryt><sln:powNazwa>tarnowski</sln:powNazwa><sln:wojIIPId>dd2e3c64-f861-47cf-a3a3-e7751f272b2f</sln:wojIIPId><sln:wojIIPPn>PL.PZGIK.200</sln:wojIIPPn><sln:wojIIPWersja>2017-10-10T00:00:00+02:00</sln:wojIIPWersja><sln:wojIdTeryt>12</sln:wojIdTeryt><sln:wojNazwa>małopolskie</sln:wojNazwa></sln:miejscowosc><sln:miejscowosc><sln:cyklZyciaDo>2017-03-20T00:00:00+01:00</sln:cyklZyciaDo><sln:cyklZyciaOd>2016-11-03T00:00:00+01:00</sln:cyklZyciaOd><sln:gmIIPId>771d961a-adba-4f7c-81ce-bdff1f381777</sln:gmIIPId><sln:gmIIPPn>PL.PZGIK.200</sln:gmIIPPn><sln:gmIIPWersja>2012-09-26T22:12:12+02:00</sln:gmIIPWersja><sln:gmIdTeryt>1216032</sln:gmIdTeryt><sln:gmNazwa>Lisia Góra</sln:gmNazwa><sln:miejscIIPId>c878de96-d5ba-45d6-9c6d-43a6fcb93806</sln:miejscIIPId><sln:miejscIIPPn>PL.PZGIK.200</sln:miejscIIPPn><sln:miejscIIPWersja>2016-11-24T14:10:07+02:00</sln:miejscIIPWersja><sln:miejscIdTeryt>1216032</sln:miejscIdTeryt><sln:miejscNazwa>Nowa Jastrząbka</sln:miejscNazwa><sln:miejscRodzaj>Wieś</sln:miejscRodzaj><sln:powIIPId>17c3b30e-7279-4144-9a54-b54dcc50a95c</sln:powIIPId><sln:powIIPPn>PL.PZGIK.200</sln:powIIPPn><sln:powIIPWersja>2012-09-27T07:52:01+02:00</sln:powIIPWersja><sln:powIdTeryt>1216</sln:powIdTeryt><sln:powNazwa>tarnowski</sln:powNazwa><sln:wojIIPId>dd2e3c64-f861-47cf-a3a3-e7751f272b2f</sln:wojIIPId><sln:wojIIPPn>PL.PZGIK.200</sln:wojIIPPn><sln:wojIIPWersja>2017-10-10T00:00:00+02:00</sln:wojIIPWersja><sln:wojIdTeryt>12</sln:wojIdTeryt><sln:wojNazwa>małopolskie</sln:wojNazwa></sln:miejscowosc><sln:miejscowosc><sln:cyklZyciaDo>2017-03-20T00:00:00+01:00</sln:cyklZyciaDo><sln:cyklZyciaOd>2016-11-03T00:00:00+01:00</sln:cyklZyciaOd><sln:gmIIPId>771d961a-adba-4f7c-81ce-bdff1f381777</sln:gmIIPId><sln:gmIIPPn>PL.PZGIK.200</sln:gmIIPPn><sln:gmIIPWersja>2012-09-26T22:12:12+02:00</sln:gmIIPWersja><sln:gmIdTeryt>1216032</sln:gmIdTeryt><sln:gmNazwa>Lisia Góra</sln:gmNazwa><sln:miejscIIPId>d70804ab-656a-4d8a-b8f6-fa4bd5ae145f</sln:miejscIIPId><sln:miejscIIPPn>PL.PZGIK.200</sln:miejscIIPPn><sln:miejscIIPWersja>2016-11-24T14:10:07+02:00</sln:miejscIIPWersja><sln:miejscIdTeryt>1216032</sln:miejscIdTeryt><sln:miejscNazwa>Nowe Żukowice</sln:miejscNazwa><sln:miejscRodzaj>Wieś</sln:miejscRodzaj><sln:powIIPId>17c3b30e-7279-4144-9a54-b54dcc50a95c</sln:powIIPId><sln:powIIPPn>PL.PZGIK.200</sln:powIIPPn><sln:powIIPWersja>2012-09-27T07:52:01+02:00</sln:powIIPWersja><sln:powIdTeryt>1216</sln:powIdTeryt><sln:powNazwa>tarnowski</sln:powNazwa><sln:wojIIPId>dd2e3c64-f861-47cf-a3a3-e7751f272b2f</sln:wojIIPId><sln:wojIIPPn>PL.PZGIK.200</sln:wojIIPPn><sln:wojIIPWersja>2017-10-10T00:00:00+02:00</sln:wojIIPWersja><sln:wojIdTeryt>12</sln:wojIdTeryt><sln:wojNazwa>małopolskie</sln:wojNazwa></sln:miejscowosc><sln:miejscowosc><sln:cyklZyciaDo>2017-03-20T00:00:00+01:00</sln:cyklZyciaDo><sln:cyklZyciaOd>2016-11-03T00:00:00+01:00</sln:cyklZyciaOd><sln:gmIIPId>771d961a-adba-4f7c-81ce-bdff1f381777</sln:gmIIPId><sln:gmIIPPn>PL.PZGIK.200</sln:gmIIPPn><sln:gmIIPWersja>2012-09-26T22:12:12+02:00</sln:gmIIPWersja><sln:gmIdTeryt>1216032</sln:gmIdTeryt><sln:gmNazwa>Lisia Góra</sln:gmNazwa><sln:miejscIIPId>721fab9d-2eae-4bdb-bed8-c9bfcc821759</sln:miejscIIPId><sln:miejscIIPPn>PL.PZGIK.200</sln:miejscIIPPn><sln:miejscIIPWersja>2016-11-24T14:10:07+02:00</sln:miejscIIPWersja><sln:miejscIdTeryt>1216032</sln:miejscIdTeryt><sln:miejscNazwa>Pawęzów</sln:miejscNazwa><sln:miejscRodzaj>Wieś</sln:miejscRodzaj><sln:powIIPId>17c3b30e-7279-4144-9a54-b54dcc50a95c</sln:powIIPId><sln:powIIPPn>PL.PZGIK.200</sln:powIIPPn><sln:powIIPWersja>2012-09-27T07:52:01+02:00</sln:powIIPWersja><sln:powIdTeryt>1216</sln:powIdTeryt><sln:powNazwa>tarnowski</sln:powNazwa><sln:wojIIPId>dd2e3c64-f861-47cf-a3a3-e7751f272b2f</sln:wojIIPId><sln:wojIIPPn>PL.PZGIK.200</sln:wojIIPPn><sln:wojIIPWersja>2017-10-10T00:00:00+02:00</sln:wojIIPWersja><sln:wojIdTeryt>12</sln:wojIdTeryt><sln:wojNazwa>małopolskie</sln:wojNazwa></sln:miejscowosc><sln:miejscowosc><sln:cyklZyciaDo>2017-03-20T00:00:00+01:00</sln:cyklZyciaDo><sln:cyklZyciaOd>2016-11-03T00:00:00+01:00</sln:cyklZyciaOd><sln:gmIIPId>771d961a-adba-4f7c-81ce-bdff1f381777</sln:gmIIPId><sln:gmIIPPn>PL.PZGIK.200</sln:gmIIPPn><sln:gmIIPWersja>2012-09-26T22:12:12+02:00</sln:gmIIPWersja><sln:gmIdTeryt>1216032</sln:gmIdTeryt><sln:gmNazwa>Lisia Góra</sln:gmNazwa><sln:miejscIIPId>1a80492a-5402-40f2-b9d5-80b3b1029abd</sln:miejscIIPId><sln:miejscIIPPn>PL.PZGIK.200</sln:miejscIIPPn><sln:miejscIIPWersja>2016-11-24T14:10:07+02:00</sln:miejscIIPWersja><sln:miejscIdTeryt>1216032</sln:miejscIdTeryt><sln:miejscNazwa>Śmigno</sln:miejscNazwa><sln:miejscRodzaj>Wieś</sln:miejscRodzaj><sln:powIIPId>17c3b30e-7279-4144-9a54-b54dcc50a95c</sln:powIIPId><sln:powIIPPn>PL.PZGIK.200</sln:powIIPPn><sln:powIIPWersja>2012-09-27T07:52:01+02:00</sln:powIIPWersja><sln:powIdTeryt>1216</sln:powIdTeryt><sln:powNazwa>tarnowski</sln:powNazwa><sln:wojIIPId>dd2e3c64-f861-47cf-a3a3-e7751f272b2f</sln:wojIIPId><sln:wojIIPPn>PL.PZGIK.200</sln:wojIIPPn><sln:wojIIPWersja>2017-10-10T00:00:00+02:00</sln:wojIIPWersja><sln:wojIdTeryt>12</sln:wojIdTeryt><sln:wojNazwa>małopolskie</sln:wojNazwa></sln:miejscowosc><sln:miejscowosc><sln:cyklZyciaDo>2017-03-20T00:00:00+01:00</sln:cyklZyciaDo><sln:cyklZyciaOd>2016-11-03T00:00:00+01:00</sln:cyklZyciaOd><sln:gmIIPId>771d961a-adba-4f7c-81ce-bdff1f381777</sln:gmIIPId><sln:gmIIPPn>PL.PZGIK.200</sln:gmIIPPn><sln:gmIIPWersja>2012-09-26T22:12:12+02:00</sln:gmIIPWersja><sln:gmIdTeryt>1216032</sln:gmIdTeryt><sln:gmNazwa>Lisia Góra</sln:gmNazwa><sln:miejscIIPId>86256419-df14-40d3-9c9d-f4c592a9546c</sln:miejscIIPId><sln:miejscIIPPn>PL.PZGIK.200</sln:miejscIIPPn><sln:miejscIIPWersja>2016-11-24T14:10:06+02:00</sln:miejscIIPWersja><sln:miejscIdTeryt>1216032</sln:miejscIdTeryt><sln:miejscNazwa>Stare Żukowice</sln:miejscNazwa><sln:miejscRodzaj>Wieś</sln:miejscRodzaj><sln:powIIPId>17c3b30e-7279-4144-9a54-b54dcc50a95c</sln:powIIPId><sln:powIIPPn>PL.PZGIK.200</sln:powIIPPn><sln:powIIPWersja>2012-09-27T07:52:01+02:00</sln:powIIPWersja><sln:powIdTeryt>1216</sln:powIdTeryt><sln:powNazwa>tarnowski</sln:powNazwa><sln:wojIIPId>dd2e3c64-f861-47cf-a3a3-e7751f272b2f</sln:wojIIPId><sln:wojIIPPn>PL.PZGIK.200</sln:wojIIPPn><sln:wojIIPWersja>2017-10-10T00:00:00+02:00</sln:wojIIPWersja><sln:wojIdTeryt>12</sln:wojIdTeryt><sln:wojNazwa>małopolskie</sln:wojNazwa></sln:miejscowosc><sln:miejscowosc><sln:cyklZyciaDo>2017-03-20T00:00:00+01:00</sln:cyklZyciaDo><sln:cyklZyciaOd>2016-11-03T00:00:00+01:00</sln:cyklZyciaOd><sln:gmIIPId>771d961a-adba-4f7c-81ce-bdff1f381777</sln:gmIIPId><sln:gmIIPPn>PL.PZGIK.200</sln:gmIIPPn><sln:gmIIPWersja>2012-09-26T22:12:12+02:00</sln:gmIIPWersja><sln:gmIdTeryt>1216032</sln:gmIdTeryt><sln:gmNazwa>Lisia Góra</sln:gmNazwa><sln:miejscIIPId>86985e88-7ca4-4bb3-963a-96a7e82cd306</sln:miejscIIPId><sln:miejscIIPPn>PL.PZGIK.200</sln:miejscIIPPn><sln:miejscIIPWersja>2016-11-24T14:10:06+02:00</sln:miejscIIPWersja><sln:miejscIdTeryt>1216032</sln:miejscIdTeryt><sln:miejscNazwa>Zaczarnie</sln:miejscNazwa><sln:miejscRodzaj>Wieś</sln:miejscRodzaj><sln:powIIPId>17c3b30e-7279-4144-9a54-b54dcc50a95c</sln:powIIPId><sln:powIIPPn>PL.PZGIK.200</sln:powIIPPn><sln:powIIPWersja>2012-09-27T07:52:01+02:00</sln:powIIPWersja><sln:powIdTeryt>1216</sln:powIdTeryt><sln:powNazwa>tarnowski</sln:powNazwa><sln:wojIIPId>dd2e3c64-f861-47cf-a3a3-e7751f272b2f</sln:wojIIPId><sln:wojIIPPn>PL.PZGIK.200</sln:wojIIPPn><sln:wojIIPWersja>2017-10-10T00:00:00+02:00</sln:wojIIPWersja><sln:wojIdTeryt>12</sln:wojIdTeryt><sln:wojNazwa>małopolskie</sln:wojNazwa></sln:miejscowosc><sln:miejscowosc><sln:cyklZyciaDo>2017-08-14T00:00:00+02:00</sln:cyklZyciaDo><sln:cyklZyciaOd>2017-03-20T00:00:00+01:00</sln:cyklZyciaOd><sln:gmIIPId>771d961a-adba-4f7c-81ce-bdff1f381777</sln:gmIIPId><sln:gmIIPPn>PL.PZGIK.200</sln:gmIIPPn><sln:gmIIPWersja>2012-09-26T22:12:12+02:00</sln:gmIIPWersja><sln:gmIdTeryt>1216032</sln:gmIdTeryt><sln:gmNazwa>Lisia Góra</sln:gmNazwa><sln:miejscIIPId>c3d3094c-075f-4d52-80e9-15136172edf9</sln:miejscIIPId><sln:miejscIIPPn>PL.PZGIK.200</sln:miejscIIPPn><sln:miejscIIPWersja>2017-03-20T15:07:25+02:00</sln:miejscIIPWersja><sln:miejscIdTeryt>1216032</sln:miejscIdTeryt><sln:miejscNazwa>Breń</sln:miejscNazwa><sln:miejscRodzaj>Wieś</sln:miejscRodzaj><sln:powIIPId>17c3b30e-7279-4144-9a54-b54dcc50a95c</sln:powIIPId><sln:powIIPPn>PL.PZGIK.200</sln:powIIPPn><sln:powIIPWersja>2012-09-27T07:52:01+02:00</sln:powIIPWersja><sln:powIdTeryt>1216</sln:powIdTeryt><sln:powNazwa>tarnowski</sln:powNazwa><sln:wojIIPId>dd2e3c64-f861-47cf-a3a3-e7751f272b2f</sln:wojIIPId><sln:wojIIPPn>PL.PZGIK.200</sln:wojIIPPn><sln:wojIIPWersja>2017-10-10T00:00:00+02:00</sln:wojIIPWersja><sln:wojIdTeryt>12</sln:wojIdTeryt><sln:wojNazwa>małopolskie</sln:wojNazwa></sln:miejscowosc><sln:miejscowosc><sln:cyklZyciaDo>2017-08-14T00:00:00+02:00</sln:cyklZyciaDo><sln:cyklZyciaOd>2017-03-20T00:00:00+01:00</sln:cyklZyciaOd><sln:gmIIPId>771d961a-adba-4f7c-81ce-bdff1f381777</sln:gmIIPId><sln:gmIIPPn>PL.PZGIK.200</sln:gmIIPPn><sln:gmIIPWersja>2012-09-26T22:12:12+02:00</sln:gmIIPWersja><sln:gmIdTeryt>1216032</sln:gmIdTeryt><sln:gmNazwa>Lisia Góra</sln:gmNazwa><sln:miejscIIPId>10aa8b81-89d4-48d0-adfc-dc1a8276b204</sln:miejscIIPId><sln:miejscIIPPn>PL.PZGIK.200</sln:miejscIIPPn><sln:miejscIIPWersja>2017-03-20T15:07:31+02:00</sln:miejscIIPWersja><sln:miejscIdTeryt>1216032</sln:miejscIdTeryt><sln:miejscNazwa>Stare Żukowice</sln:miejscNazwa><sln:miejscRodzaj>Wieś</sln:miejscRodzaj><sln:powIIPId>17c3b30e-7279-4144-9a54-b54dcc50a95c</sln:powIIPId><sln:powIIPPn>PL.PZGIK.200</sln:powIIPPn><sln:powIIPWersja>2012-09-27T07:52:01+02:00</sln:powIIPWersja><sln:powIdTeryt>1216</sln:powIdTeryt><sln:powNazwa>tarnowski</sln:powNazwa><sln:wojIIPId>dd2e3c64-f861-47cf-a3a3-e7751f272b2f</sln:wojIIPId><sln:wojIIPPn>PL.PZGIK.200</sln:wojIIPPn><sln:wojIIPWersja>2017-10-10T00:00:00+02:00</sln:wojIIPWersja><sln:wojIdTeryt>12</sln:wojIdTeryt><sln:wojNazwa>małopolskie</sln:wojNazwa></sln:miejscowosc><sln:miejscowosc><sln:cyklZyciaDo>2017-08-14T00:00:00+02:00</sln:cyklZyciaDo><sln:cyklZyciaOd>2017-03-20T00:00:00+01:00</sln:cyklZyciaOd><sln:gmIIPId>771d961a-adba-4f7c-81ce-bdff1f381777</sln:gmIIPId><sln:gmIIPPn>PL.PZGIK.200</sln:gmIIPPn><sln:gmIIPWersja>2012-09-26T22:12:12+02:00</sln:gmIIPWersja><sln:gmIdTeryt>1216032</sln:gmIdTeryt><sln:gmNazwa>Lisia Góra</sln:gmNazwa><sln:miejscIIPId>09bc5994-9af4-407c-b849-c4d4233d8c10</sln:miejscIIPId><sln:miejscIIPPn>PL.PZGIK.200</sln:miejscIIPPn><sln:miejscIIPWersja>2017-03-20T15:07:31+02:00</sln:miejscIIPWersja><sln:miejscIdTeryt>1216032</sln:miejscIdTeryt><sln:miejscNazwa>Zaczarnie</sln:miejscNazwa><sln:miejscRodzaj>Wieś</sln:miejscRodzaj><sln:powIIPId>17c3b30e-7279-4144-9a54-b54dcc50a95c</sln:powIIPId><sln:powIIPPn>PL.PZGIK.200</sln:powIIPPn><sln:powIIPWersja>2012-09-27T07:52:01+02:00</sln:powIIPWersja><sln:powIdTeryt>1216</sln:powIdTeryt><sln:powNazwa>tarnowski</sln:powNazwa><sln:wojIIPId>dd2e3c64-f861-47cf-a3a3-e7751f272b2f</sln:wojIIPId><sln:wojIIPPn>PL.PZGIK.200</sln:wojIIPPn><sln:wojIIPWersja>2017-10-10T00:00:00+02:00</sln:wojIIPWersja><sln:wojIdTeryt>12</sln:wojIdTeryt><sln:wojNazwa>małopolskie</sln:wojNazwa></sln:miejscowosc><sln:miejscowosc><sln:cyklZyciaDo>2017-08-14T00:00:00+02:00</sln:cyklZyciaDo><sln:cyklZyciaOd>2017-03-20T00:00:00+01:00</sln:cyklZyciaOd><sln:gmIIPId>771d961a-adba-4f7c-81ce-bdff1f381777</sln:gmIIPId><sln:gmIIPPn>PL.PZGIK.200</sln:gmIIPPn><sln:gmIIPWersja>2012-09-26T22:12:12+02:00</sln:gmIIPWersja><sln:gmIdTeryt>1216032</sln:gmIdTeryt><sln:gmNazwa>Lisia Góra</sln:gmNazwa><sln:miejscIIPId>59a37ff6-ca4f-477b-94f8-4f257e5bfb01</sln:miejscIIPId><sln:miejscIIPPn>PL.PZGIK.200</sln:miejscIIPPn><sln:miejscIIPWersja>2017-03-20T15:07:31+02:00</sln:miejscIIPWersja><sln:miejscIdTeryt>1216032</sln:miejscIdTeryt><sln:miejscNazwa>Brzozówka</sln:miejscNazwa><sln:miejscRodzaj>Wieś</sln:miejscRodzaj><sln:powIIPId>17c3b30e-7279-4144-9a54-b54dcc50a95c</sln:powIIPId><sln:powIIPPn>PL.PZGIK.200</sln:powIIPPn><sln:powIIPWersja>2012-09-27T07:52:01+02:00</sln:powIIPWersja><sln:powIdTeryt>1216</sln:powIdTeryt><sln:powNazwa>tarnowski</sln:powNazwa><sln:wojIIPId>dd2e3c64-f861-47cf-a3a3-e7751f272b2f</sln:wojIIPId><sln:wojIIPPn>PL.PZGIK.200</sln:wojIIPPn><sln:wojIIPWersja>2017-10-10T00:00:00+02:00</sln:wojIIPWersja><sln:wojIdTeryt>12</sln:wojIdTeryt><sln:wojNazwa>małopolskie</sln:wojNazwa></sln:miejscowosc><sln:miejscowosc><sln:cyklZyciaDo>2017-08-14T00:00:00+02:00</sln:cyklZyciaDo><sln:cyklZyciaOd>2017-03-20T00:00:00+01:00</sln:cyklZyciaOd><sln:gmIIPId>771d961a-adba-4f7c-81ce-bdff1f381777</sln:gmIIPId><sln:gmIIPPn>PL.PZGIK.200</sln:gmIIPPn><sln:gmIIPWersja>2012-09-26T22:12:12+02:00</sln:gmIIPWersja><sln:gmIdTeryt>1216032</sln:gmIdTeryt><sln:gmNazwa>Lisia Góra</sln:gmNazwa><sln:miejscIIPId>1d9ca795-2c87-4c03-ac30-6f8aa1dd9eed</sln:miejscIIPId><sln:miejscIIPPn>PL.PZGIK.200</sln:miejscIIPPn><sln:miejscIIPWersja>2017-03-20T15:07:31+02:00</sln:miejscIIPWersja><sln:miejscIdTeryt>1216032</sln:miejscIdTeryt><sln:miejscNazwa>Kobierzyn</sln:miejscNazwa><sln:miejscRodzaj>Wieś</sln:miejscRodzaj><sln:powIIPId>17c3b30e-7279-4144-9a54-b54dcc50a95c</sln:powIIPId><sln:powIIPPn>PL.PZGIK.200</sln:powIIPPn><sln:powIIPWersja>2012-09-27T07:52:01+02:00</sln:powIIPWersja><sln:powIdTeryt>1216</sln:powIdTeryt><sln:powNazwa>tarnowski</sln:powNazwa><sln:wojIIPId>dd2e3c64-f861-47cf-a3a3-e7751f272b2f</sln:wojIIPId><sln:wojIIPPn>PL.PZGIK.200</sln:wojIIPPn><sln:wojIIPWersja>2017-10-10T00:00:00+02:00</sln:wojIIPWersja><sln:wojIdTeryt>12</sln:wojIdTeryt><sln:wojNazwa>małopolskie</sln:wojNazwa></sln:miejscowosc><sln:miejscowosc><sln:cyklZyciaDo>2017-08-14T00:00:00+02:00</sln:cyklZyciaDo><sln:cyklZyciaOd>2017-03-20T00:00:00+01:00</sln:cyklZyciaOd><sln:gmIIPId>771d961a-adba-4f7c-81ce-bdff1f381777</sln:gmIIPId><sln:gmIIPPn>PL.PZGIK.200</sln:gmIIPPn><sln:gmIIPWersja>2012-09-26T22:12:12+02:00</sln:gmIIPWersja><sln:gmIdTeryt>1216032</sln:gmIdTeryt><sln:gmNazwa>Lisia Góra</sln:gmNazwa><sln:miejscIIPId>7a670f84-b4a4-4d19-9d03-39aa09b9a121</sln:miejscIIPId><sln:miejscIIPPn>PL.PZGIK.200</sln:miejscIIPPn><sln:miejscIIPWersja>2017-03-20T15:07:31+02:00</sln:miejscIIPWersja><sln:miejscIdTeryt>1216032</sln:miejscIdTeryt><sln:miejscNazwa>Lisia Góra</sln:miejscNazwa><sln:miejscRodzaj>Wieś</sln:miejscRodzaj><sln:powIIPId>17c3b30e-7279-4144-9a54-b54dcc50a95c</sln:powIIPId><sln:powIIPPn>PL.PZGIK.200</sln:powIIPPn><sln:powIIPWersja>2012-09-27T07:52:01+02:00</sln:powIIPWersja><sln:powIdTeryt>1216</sln:powIdTeryt><sln:powNazwa>tarnowski</sln:powNazwa><sln:wojIIPId>dd2e3c64-f861-47cf-a3a3-e7751f272b2f</sln:wojIIPId><sln:wojIIPPn>PL.PZGIK.200</sln:wojIIPPn><sln:wojIIPWersja>2017-10-10T00:00:00+02:00</sln:wojIIPWersja><sln:wojIdTeryt>12</sln:wojIdTeryt><sln:wojNazwa>małopolskie</sln:wojNazwa></sln:miejscowosc><sln:miejscowosc><sln:cyklZyciaDo>2017-08-14T00:00:00+02:00</sln:cyklZyciaDo><sln:cyklZyciaOd>2017-03-20T00:00:00+01:00</sln:cyklZyciaOd><sln:gmIIPId>771d961a-adba-4f7c-81ce-bdff1f381777</sln:gmIIPId><sln:gmIIPPn>PL.PZGIK.200</sln:gmIIPPn><sln:gmIIPWersja>2012-09-26T22:12:12+02:00</sln:gmIIPWersja><sln:gmIdTeryt>1216032</sln:gmIdTeryt><sln:gmNazwa>Lisia Góra</sln:gmNazwa><sln:miejscIIPId>1f17ce0b-0b89-4489-803f-a4eacb6e2d5f</sln:miejscIIPId><sln:miejscIIPPn>PL.PZGIK.200</sln:miejscIIPPn><sln:miejscIIPWersja>2017-03-20T15:07:31+02:00</sln:miejscIIPWersja><sln:miejscIdTeryt>1216032</sln:miejscIdTeryt><sln:miejscNazwa>Łukowa</sln:miejscNazwa><sln:miejscRodzaj>Wieś</sln:miejscRodzaj><sln:powIIPId>17c3b30e-7279-4144-9a54-b54dcc50a95c</sln:powIIPId><sln:powIIPPn>PL.PZGIK.200</sln:powIIPPn><sln:powIIPWersja>2012-09-27T07:52:01+02:00</sln:powIIPWersja><sln:powIdTeryt>1216</sln:powIdTeryt><sln:powNazwa>tarnowski</sln:powNazwa><sln:wojIIPId>dd2e3c64-f861-47cf-a3a3-e7751f272b2f</sln:wojIIPId><sln:wojIIPPn>PL.PZGIK.200</sln:wojIIPPn><sln:wojIIPWersja>2017-10-10T00:00:00+02:00</sln:wojIIPWersja><sln:wojIdTeryt>12</sln:wojIdTeryt><sln:wojNazwa>małopolskie</sln:wojNazwa></sln:miejscowosc><sln:miejscowosc><sln:cyklZyciaDo>2017-08-14T00:00:00+02:00</sln:cyklZyciaDo><sln:cyklZyciaOd>2017-03-20T00:00:00+01:00</sln:cyklZyciaOd><sln:gmIIPId>771d961a-adba-4f7c-81ce-bdff1f381777</sln:gmIIPId><sln:gmIIPPn>PL.PZGIK.200</sln:gmIIPPn><sln:gmIIPWersja>2012-09-26T22:12:12+02:00</sln:gmIIPWersja><sln:gmIdTeryt>1216032</sln:gmIdTeryt><sln:gmNazwa>Lisia Góra</sln:gmNazwa><sln:miejscIIPId>7bb0a4b6-1a32-4879-a115-d2be6da2f530</sln:miejscIIPId><sln:miejscIIPPn>PL.PZGIK.200</sln:miejscIIPPn><sln:miejscIIPWersja>2017-03-20T15:07:31+02:00</sln:miejscIIPWersja><sln:miejscIdTeryt>1216032</sln:miejscIdTeryt><sln:miejscNazwa>Nowa Jastrząbka</sln:miejscNazwa><sln:miejscRodzaj>Wieś</sln:miejscRodzaj><sln:powIIPId>17c3b30e-7279-4144-9a54-b54dcc50a95c</sln:powIIPId><sln:powIIPPn>PL.PZGIK.200</sln:powIIPPn><sln:powIIPWersja>2012-09-27T07:52:01+02:00</sln:powIIPWersja><sln:powIdTeryt>1216</sln:powIdTeryt><sln:powNazwa>tarnowski</sln:powNazwa><sln:wojIIPId>dd2e3c64-f861-47cf-a3a3-e7751f272b2f</sln:wojIIPId><sln:wojIIPPn>PL.PZGIK.200</sln:wojIIPPn><sln:wojIIPWersja>2017-10-10T00:00:00+02:00</sln:wojIIPWersja><sln:wojIdTeryt>12</sln:wojIdTeryt><sln:wojNazwa>małopolskie</sln:wojNazwa></sln:miejscowosc><sln:miejscowosc><sln:cyklZyciaDo>2017-08-14T00:00:00+02:00</sln:cyklZyciaDo><sln:cyklZyciaOd>2017-03-20T00:00:00+01:00</sln:cyklZyciaOd><sln:gmIIPId>771d961a-adba-4f7c-81ce-bdff1f381777</sln:gmIIPId><sln:gmIIPPn>PL.PZGIK.200</sln:gmIIPPn><sln:gmIIPWersja>2012-09-26T22:12:12+02:00</sln:gmIIPWersja><sln:gmIdTeryt>1216032</sln:gmIdTeryt><sln:gmNazwa>Lisia Góra</sln:gmNazwa><sln:miejscIIPId>2a3eb532-18c9-4ae0-b40f-fa5bf5ad8062</sln:miejscIIPId><sln:miejscIIPPn>PL.PZGIK.200</sln:miejscIIPPn><sln:miejscIIPWersja>2017-03-20T15:07:31+02:00</sln:miejscIIPWersja><sln:miejscIdTeryt>1216032</sln:miejscIdTeryt><sln:miejscNazwa>Nowe Żukowice</sln:miejscNazwa><sln:miejscRodzaj>Wieś</sln:miejscRodzaj><sln:powIIPId>17c3b30e-7279-4144-9a54-b54dcc50a95c</sln:powIIPId><sln:powIIPPn>PL.PZGIK.200</sln:powIIPPn><sln:powIIPWersja>2012-09-27T07:52:01+02:00</sln:powIIPWersja><sln:powIdTeryt>1216</sln:powIdTeryt><sln:powNazwa>tarnowski</sln:powNazwa><sln:wojIIPId>dd2e3c64-f861-47cf-a3a3-e7751f272b2f</sln:wojIIPId><sln:wojIIPPn>PL.PZGIK.200</sln:wojIIPPn><sln:wojIIPWersja>2017-10-10T00:00:00+02:00</sln:wojIIPWersja><sln:wojIdTeryt>12</sln:wojIdTeryt><sln:wojNazwa>małopolskie</sln:wojNazwa></sln:miejscowosc><sln:miejscowosc><sln:cyklZyciaDo>2017-08-14T00:00:00+02:00</sln:cyklZyciaDo><sln:cyklZyciaOd>2017-03-20T00:00:00+01:00</sln:cyklZyciaOd><sln:gmIIPId>771d961a-adba-4f7c-81ce-bdff1f381777</sln:gmIIPId><sln:gmIIPPn>PL.PZGIK.200</sln:gmIIPPn><sln:gmIIPWersja>2012-09-26T22:12:12+02:00</sln:gmIIPWersja><sln:gmIdTeryt>1216032</sln:gmIdTeryt><sln:gmNazwa>Lisia Góra</sln:gmNazwa><sln:miejscIIPId>44f6c2e6-0d11-4ed6-8b6f-24e0d3399b3b</sln:miejscIIPId><sln:miejscIIPPn>PL.PZGIK.200</sln:miejscIIPPn><sln:miejscIIPWersja>2017-03-20T15:07:31+02:00</sln:miejscIIPWersja><sln:miejscIdTeryt>1216032</sln:miejscIdTeryt><sln:miejscNazwa>Pawęzów</sln:miejscNazwa><sln:miejscRodzaj>Wieś</sln:miejscRodzaj><sln:powIIPId>17c3b30e-7279-4144-9a54-b54dcc50a95c</sln:powIIPId><sln:powIIPPn>PL.PZGIK.200</sln:powIIPPn><sln:powIIPWersja>2012-09-27T07:52:01+02:00</sln:powIIPWersja><sln:powIdTeryt>1216</sln:powIdTeryt><sln:powNazwa>tarnowski</sln:powNazwa><sln:wojIIPId>dd2e3c64-f861-47cf-a3a3-e7751f272b2f</sln:wojIIPId><sln:wojIIPPn>PL.PZGIK.200</sln:wojIIPPn><sln:wojIIPWersja>2017-10-10T00:00:00+02:00</sln:wojIIPWersja><sln:wojIdTeryt>12</sln:wojIdTeryt><sln:wojNazwa>małopolskie</sln:wojNazwa></sln:miejscowosc><sln:miejscowosc><sln:cyklZyciaDo>2017-08-14T00:00:00+02:00</sln:cyklZyciaDo><sln:cyklZyciaOd>2017-03-20T00:00:00+01:00</sln:cyklZyciaOd><sln:gmIIPId>771d961a-adba-4f7c-81ce-bdff1f381777</sln:gmIIPId><sln:gmIIPPn>PL.PZGIK.200</sln:gmIIPPn><sln:gmIIPWersja>2012-09-26T22:12:12+02:00</sln:gmIIPWersja><sln:gmIdTeryt>1216032</sln:gmIdTeryt><sln:gmNazwa>Lisia Góra</sln:gmNazwa><sln:miejscIIPId>2504059c-1e8c-432b-898c-c3e32d7b297a</sln:miejscIIPId><sln:miejscIIPPn>PL.PZGIK.200</sln:miejscIIPPn><sln:miejscIIPWersja>2017-03-20T15:07:31+02:00</sln:miejscIIPWersja><sln:miejscIdTeryt>1216032</sln:miejscIdTeryt><sln:miejscNazwa>Śmigno</sln:miejscNazwa><sln:miejscRodzaj>Wieś</sln:miejscRodzaj><sln:powIIPId>17c3b30e-7279-4144-9a54-b54dcc50a95c</sln:powIIPId><sln:powIIPPn>PL.PZGIK.200</sln:powIIPPn><sln:powIIPWersja>2012-09-27T07:52:01+02:00</sln:powIIPWersja><sln:powIdTeryt>1216</sln:powIdTeryt><sln:powNazwa>tarnowski</sln:powNazwa><sln:wojIIPId>dd2e3c64-f861-47cf-a3a3-e7751f272b2f</sln:wojIIPId><sln:wojIIPPn>PL.PZGIK.200</sln:wojIIPPn><sln:wojIIPWersja>2017-10-10T00:00:00+02:00</sln:wojIIPWersja><sln:wojIdTeryt>12</sln:wojIdTeryt><sln:wojNazwa>małopolskie</sln:wojNazwa></sln:miejscowosc><sln:miejscowosc><sln:cyklZyciaOd>2017-08-14T00:00:00+02:00</sln:cyklZyciaOd><sln:gmIIPId>771d961a-adba-4f7c-81ce-bdff1f381777</sln:gmIIPId><sln:gmIIPPn>PL.PZGIK.200</sln:gmIIPPn><sln:gmIIPWersja>2012-09-26T22:12:12+02:00</sln:gmIIPWersja><sln:gmIdTeryt>1216032</sln:gmIdTeryt><sln:gmNazwa>Lisia Góra</sln:gmNazwa><sln:miejscIIPId>c3d3094c-075f-4d52-80e9-15136172edf9</sln:miejscIIPId><sln:miejscIIPPn>PL.PZGIK.200</sln:miejscIIPPn><sln:miejscIIPWersja>2017-08-14T12:19:54+02:00</sln:miejscIIPWersja><sln:miejscIdTeryt>0822334</sln:miejscIdTeryt><sln:miejscNazwa>Breń</sln:miejscNazwa><sln:miejscRodzaj>Wieś</sln:miejscRodzaj><sln:powIIPId>17c3b30e-7279-4144-9a54-b54dcc50a95c</sln:powIIPId><sln:powIIPPn>PL.PZGIK.200</sln:powIIPPn><sln:powIIPWersja>2012-09-27T07:52:01+02:00</sln:powIIPWersja><sln:powIdTeryt>1216</sln:powIdTeryt><sln:powNazwa>tarnowski</sln:powNazwa><sln:wojIIPId>dd2e3c64-f861-47cf-a3a3-e7751f272b2f</sln:wojIIPId><sln:wojIIPPn>PL.PZGIK.200</sln:wojIIPPn><sln:wojIIPWersja>2017-10-10T00:00:00+02:00</sln:wojIIPWersja><sln:wojIdTeryt>12</sln:wojIdTeryt><sln:wojNazwa>małopolskie</sln:wojNazwa></sln:miejscowosc><sln:miejscowosc><sln:cyklZyciaOd>2017-08-14T00:00:00+02:00</sln:cyklZyciaOd><sln:gmIIPId>771d961a-adba-4f7c-81ce-bdff1f381777</sln:gmIIPId><sln:gmIIPPn>PL.PZGIK.200</sln:gmIIPPn><sln:gmIIPWersja>2012-09-26T22:12:12+02:00</sln:gmIIPWersja><sln:gmIdTeryt>1216032</sln:gmIdTeryt><sln:gmNazwa>Lisia Góra</sln:gmNazwa><sln:miejscIIPId>10aa8b81-89d4-48d0-adfc-dc1a8276b204</sln:miejscIIPId><sln:miejscIIPPn>PL.PZGIK.200</sln:miejscIIPPn><sln:miejscIIPWersja>2017-08-14T12:20:00+02:00</sln:miejscIIPWersja><sln:miejscIdTeryt>0822736</sln:miejscIdTeryt><sln:miejscNazwa>Stare Żukowice</sln:miejscNazwa><sln:miejscRodzaj>Wieś</sln:miejscRodzaj><sln:powIIPId>17c3b30e-7279-4144-9a54-b54dcc50a95c</sln:powIIPId><sln:powIIPPn>PL.PZGIK.200</sln:powIIPPn><sln:powIIPWersja>2012-09-27T07:52:01+02:00</sln:powIIPWersja><sln:powIdTeryt>1216</sln:powIdTeryt><sln:powNazwa>tarnowski</sln:powNazwa><sln:wojIIPId>dd2e3c64-f861-47cf-a3a3-e7751f272b2f</sln:wojIIPId><sln:wojIIPPn>PL.PZGIK.200</sln:wojIIPPn><sln:wojIIPWersja>2017-10-10T00:00:00+02:00</sln:wojIIPWersja><sln:wojIdTeryt>12</sln:wojIdTeryt><sln:wojNazwa>małopolskie</sln:wojNazwa></sln:miejscowosc><sln:miejscowosc><sln:cyklZyciaOd>2017-08-14T00:00:00+02:00</sln:cyklZyciaOd><sln:gmIIPId>771d961a-adba-4f7c-81ce-bdff1f381777</sln:gmIIPId><sln:gmIIPPn>PL.PZGIK.200</sln:gmIIPPn><sln:gmIIPWersja>2012-09-26T22:12:12+02:00</sln:gmIIPWersja><sln:gmIdTeryt>1216032</sln:gmIdTeryt><sln:gmNazwa>Lisia Góra</sln:gmNazwa><sln:miejscIIPId>09bc5994-9af4-407c-b849-c4d4233d8c10</sln:miejscIIPId><sln:miejscIIPPn>PL.PZGIK.200</sln:miejscIIPPn><sln:miejscIIPWersja>2017-08-14T12:20:00+02:00</sln:miejscIIPWersja><sln:miejscIdTeryt>0822848</sln:miejscIdTeryt><sln:miejscNazwa>Zaczarnie</sln:miejscNazwa><sln:miejscRodzaj>Wieś</sln:miejscRodzaj><sln:powIIPId>17c3b30e-7279-4144-9a54-b54dcc50a95c</sln:powIIPId><sln:powIIPPn>PL.PZGIK.200</sln:powIIPPn><sln:powIIPWersja>2012-09-27T07:52:01+02:00</sln:powIIPWersja><sln:powIdTeryt>1216</sln:powIdTeryt><sln:powNazwa>tarnowski</sln:powNazwa><sln:wojIIPId>dd2e3c64-f861-47cf-a3a3-e7751f272b2f</sln:wojIIPId><sln:wojIIPPn>PL.PZGIK.200</sln:wojIIPPn><sln:wojIIPWersja>2017-10-10T00:00:00+02:00</sln:wojIIPWersja><sln:wojIdTeryt>12</sln:wojIdTeryt><sln:wojNazwa>małopolskie</sln:wojNazwa></sln:miejscowosc><sln:miejscowosc><sln:cyklZyciaOd>2017-08-14T00:00:00+02:00</sln:cyklZyciaOd><sln:gmIIPId>771d961a-adba-4f7c-81ce-bdff1f381777</sln:gmIIPId><sln:gmIIPPn>PL.PZGIK.200</sln:gmIIPPn><sln:gmIIPWersja>2012-09-26T22:12:12+02:00</sln:gmIIPWersja><sln:gmIdTeryt>1216032</sln:gmIdTeryt><sln:gmNazwa>Lisia Góra</sln:gmNazwa><sln:miejscIIPId>59a37ff6-ca4f-477b-94f8-4f257e5bfb01</sln:miejscIIPId><sln:miejscIIPPn>PL.PZGIK.200</sln:miejscIIPPn><sln:miejscIIPWersja>2017-08-14T12:20:00+02:00</sln:miejscIIPWersja><sln:miejscIdTeryt>0822340</sln:miejscIdTeryt><sln:miejscNazwa>Brzozówka</sln:miejscNazwa><sln:miejscRodzaj>Wieś</sln:miejscRodzaj><sln:powIIPId>17c3b30e-7279-4144-9a54-b54dcc50a95c</sln:powIIPId><sln:powIIPPn>PL.PZGIK.200</sln:powIIPPn><sln:powIIPWersja>2012-09-27T07:52:01+02:00</sln:powIIPWersja><sln:powIdTeryt>1216</sln:powIdTeryt><sln:powNazwa>tarnowski</sln:powNazwa><sln:wojIIPId>dd2e3c64-f861-47cf-a3a3-e7751f272b2f</sln:wojIIPId><sln:wojIIPPn>PL.PZGIK.200</sln:wojIIPPn><sln:wojIIPWersja>2017-10-10T00:00:00+02:00</sln:wojIIPWersja><sln:wojIdTeryt>12</sln:wojIdTeryt><sln:wojNazwa>małopolskie</sln:wojNazwa></sln:miejscowosc><sln:miejscowosc><sln:cyklZyciaOd>2017-08-14T00:00:00+02:00</sln:cyklZyciaOd><sln:gmIIPId>771d961a-adba-4f7c-81ce-bdff1f381777</sln:gmIIPId><sln:gmIIPPn>PL.PZGIK.200</sln:gmIIPPn><sln:gmIIPWersja>2012-09-26T22:12:12+02:00</sln:gmIIPWersja><sln:gmIdTeryt>1216032</sln:gmIdTeryt><sln:gmNazwa>Lisia Góra</sln:gmNazwa><sln:miejscIIPId>1d9ca795-2c87-4c03-ac30-6f8aa1dd9eed</sln:miejscIIPId><sln:miejscIIPPn>PL.PZGIK.200</sln:miejscIIPPn><sln:miejscIIPWersja>2017-08-14T12:20:00+02:00</sln:miejscIIPWersja><sln:miejscIdTeryt>0822357</sln:miejscIdTeryt><sln:miejscNazwa>Kobierzyn</sln:miejscNazwa><sln:miejscRodzaj>Wieś</sln:miejscRodzaj><sln:powIIPId>17c3b30e-7279-4144-9a54-b54dcc50a95c</sln:powIIPId><sln:powIIPPn>PL.PZGIK.200</sln:powIIPPn><sln:powIIPWersja>2012-09-27T07:52:01+02:00</sln:powIIPWersja><sln:powIdTeryt>1216</sln:powIdTeryt><sln:powNazwa>tarnowski</sln:powNazwa><sln:wojIIPId>dd2e3c64-f861-47cf-a3a3-e7751f272b2f</sln:wojIIPId><sln:wojIIPPn>PL.PZGIK.200</sln:wojIIPPn><sln:wojIIPWersja>2017-10-10T00:00:00+02:00</sln:wojIIPWersja><sln:wojIdTeryt>12</sln:wojIdTeryt><sln:wojNazwa>małopolskie</sln:wojNazwa></sln:miejscowosc><sln:miejscowosc><sln:cyklZyciaOd>2017-08-14T00:00:00+02:00</sln:cyklZyciaOd><sln:gmIIPId>771d961a-adba-4f7c-81ce-bdff1f381777</sln:gmIIPId><sln:gmIIPPn>PL.PZGIK.200</sln:gmIIPPn><sln:gmIIPWersja>2012-09-26T22:12:12+02:00</sln:gmIIPWersja><sln:gmIdTeryt>1216032</sln:gmIdTeryt><sln:gmNazwa>Lisia Góra</sln:gmNazwa><sln:miejscIIPId>7a670f84-b4a4-4d19-9d03-39aa09b9a121</sln:miejscIIPId><sln:miejscIIPPn>PL.PZGIK.200</sln:miejscIIPPn><sln:miejscIIPWersja>2017-08-14T12:20:00+02:00</sln:miejscIIPWersja><sln:miejscIdTeryt>0822400</sln:miejscIdTeryt><sln:miejscNazwa>Lisia Góra</sln:miejscNazwa><sln:miejscRodzaj>Wieś</sln:miejscRodzaj><sln:powIIPId>17c3b30e-7279-4144-9a54-b54dcc50a95c</sln:powIIPId><sln:powIIPPn>PL.PZGIK.200</sln:powIIPPn><sln:powIIPWersja>2012-09-27T07:52:01+02:00</sln:powIIPWersja><sln:powIdTeryt>1216</sln:powIdTeryt><sln:powNazwa>tarnowski</sln:powNazwa><sln:wojIIPId>dd2e3c64-f861-47cf-a3a3-e7751f272b2f</sln:wojIIPId><sln:wojIIPPn>PL.PZGIK.200</sln:wojIIPPn><sln:wojIIPWersja>2017-10-10T00:00:00+02:00</sln:wojIIPWersja><sln:wojIdTeryt>12</sln:wojIdTeryt><sln:wojNazwa>małopolskie</sln:wojNazwa></sln:miejscowosc><sln:miejscowosc><sln:cyklZyciaOd>2017-08-14T00:00:00+02:00</sln:cyklZyciaOd><sln:gmIIPId>771d961a-adba-4f7c-81ce-bdff1f381777</sln:gmIIPId><sln:gmIIPPn>PL.PZGIK.200</sln:gmIIPPn><sln:gmIIPWersja>2012-09-26T22:12:12+02:00</sln:gmIIPWersja><sln:gmIdTeryt>1216032</sln:gmIdTeryt><sln:gmNazwa>Lisia Góra</sln:gmNazwa><sln:miejscIIPId>1f17ce0b-0b89-4489-803f-a4eacb6e2d5f</sln:miejscIIPId><sln:miejscIIPPn>PL.PZGIK.200</sln:miejscIIPPn><sln:miejscIIPWersja>2017-08-14T12:20:00+02:00</sln:miejscIIPWersja><sln:miejscIdTeryt>0822475</sln:miejscIdTeryt><sln:miejscNazwa>Łukowa</sln:miejscNazwa><sln:miejscRodzaj>Wieś</sln:miejscRodzaj><sln:powIIPId>17c3b30e-7279-4144-9a54-b54dcc50a95c</sln:powIIPId><sln:powIIPPn>PL.PZGIK.200</sln:powIIPPn><sln:powIIPWersja>2012-09-27T07:52:01+02:00</sln:powIIPWersja><sln:powIdTeryt>1216</sln:powIdTeryt><sln:powNazwa>tarnowski</sln:powNazwa><sln:wojIIPId>dd2e3c64-f861-47cf-a3a3-e7751f272b2f</sln:wojIIPId><sln:wojIIPPn>PL.PZGIK.200</sln:wojIIPPn><sln:wojIIPWersja>2017-10-10T00:00:00+02:00</sln:wojIIPWersja><sln:wojIdTeryt>12</sln:wojIdTeryt><sln:wojNazwa>małopolskie</sln:wojNazwa></sln:miejscowosc><sln:miejscowosc><sln:cyklZyciaOd>2017-08-14T00:00:00+02:00</sln:cyklZyciaOd><sln:gmIIPId>771d961a-adba-4f7c-81ce-bdff1f381777</sln:gmIIPId><sln:gmIIPPn>PL.PZGIK.200</sln:gmIIPPn><sln:gmIIPWersja>2012-09-26T22:12:12+02:00</sln:gmIIPWersja><sln:gmIdTeryt>1216032</sln:gmIdTeryt><sln:gmNazwa>Lisia Góra</sln:gmNazwa><sln:miejscIIPId>7bb0a4b6-1a32-4879-a115-d2be6da2f530</sln:miejscIIPId><sln:miejscIIPPn>PL.PZGIK.200</sln:miejscIIPPn><sln:miejscIIPWersja>2017-08-14T12:20:00+02:00</sln:miejscIIPWersja><sln:miejscIdTeryt>0822498</sln:miejscIdTeryt><sln:miejscNazwa>Nowa Jastrząbka</sln:miejscNazwa><sln:miejscRodzaj>Wieś</sln:miejscRodzaj><sln:powIIPId>17c3b30e-7279-4144-9a54-b54dcc50a95c</sln:powIIPId><sln:powIIPPn>PL.PZGIK.200</sln:powIIPPn><sln:powIIPWersja>2012-09-27T07:52:01+02:00</sln:powIIPWersja><sln:powIdTeryt>1216</sln:powIdTeryt><sln:powNazwa>tarnowski</sln:powNazwa><sln:wojIIPId>dd2e3c64-f861-47cf-a3a3-e7751f272b2f</sln:wojIIPId><sln:wojIIPPn>PL.PZGIK.200</sln:wojIIPPn><sln:wojIIPWersja>2017-10-10T00:00:00+02:00</sln:wojIIPWersja><sln:wojIdTeryt>12</sln:wojIdTeryt><sln:wojNazwa>małopolskie</sln:wojNazwa></sln:miejscowosc><sln:miejscowosc><sln:cyklZyciaOd>2017-08-14T00:00:00+02:00</sln:cyklZyciaOd><sln:gmIIPId>771d961a-adba-4f7c-81ce-bdff1f381777</sln:gmIIPId><sln:gmIIPPn>PL.PZGIK.200</sln:gmIIPPn><sln:gmIIPWersja>2012-09-26T22:12:12+02:00</sln:gmIIPWersja><sln:gmIdTeryt>1216032</sln:gmIdTeryt><sln:gmNazwa>Lisia Góra</sln:gmNazwa><sln:miejscIIPId>2a3eb532-18c9-4ae0-b40f-fa5bf5ad8062</sln:miejscIIPId><sln:miejscIIPPn>PL.PZGIK.200</sln:miejscIIPPn><sln:miejscIIPWersja>2017-08-14T12:20:00+02:00</sln:miejscIIPWersja><sln:miejscIdTeryt>0822624</sln:miejscIdTeryt><sln:miejscNazwa>Nowe Żukowice</sln:miejscNazwa><sln:miejscRodzaj>Wieś</sln:miejscRodzaj><sln:powIIPId>17c3b30e-7279-4144-9a54-b54dcc50a95c</sln:powIIPId><sln:powIIPPn>PL.PZGIK.200</sln:powIIPPn><sln:powIIPWersja>2012-09-27T07:52:01+02:00</sln:powIIPWersja><sln:powIdTeryt>1216</sln:powIdTeryt><sln:powNazwa>tarnowski</sln:powNazwa><sln:wojIIPId>dd2e3c64-f861-47cf-a3a3-e7751f272b2f</sln:wojIIPId><sln:wojIIPPn>PL.PZGIK.200</sln:wojIIPPn><sln:wojIIPWersja>2017-10-10T00:00:00+02:00</sln:wojIIPWersja><sln:wojIdTeryt>12</sln:wojIdTeryt><sln:wojNazwa>małopolskie</sln:wojNazwa></sln:miejscowosc><sln:miejscowosc><sln:cyklZyciaOd>2017-08-14T00:00:00+02:00</sln:cyklZyciaOd><sln:gmIIPId>771d961a-adba-4f7c-81ce-bdff1f381777</sln:gmIIPId><sln:gmIIPPn>PL.PZGIK.200</sln:gmIIPPn><sln:gmIIPWersja>2012-09-26T22:12:12+02:00</sln:gmIIPWersja><sln:gmIdTeryt>1216032</sln:gmIdTeryt><sln:gmNazwa>Lisia Góra</sln:gmNazwa><sln:miejscIIPId>44f6c2e6-0d11-4ed6-8b6f-24e0d3399b3b</sln:miejscIIPId><sln:miejscIIPPn>PL.PZGIK.200</sln:miejscIIPPn><sln:miejscIIPWersja>2017-08-14T12:20:00+02:00</sln:miejscIIPWersja><sln:miejscIdTeryt>0822713</sln:miejscIdTeryt><sln:miejscNazwa>Pawęzów</sln:miejscNazwa><sln:miejscRodzaj>Wieś</sln:miejscRodzaj><sln:powIIPId>17c3b30e-7279-4144-9a54-b54dcc50a95c</sln:powIIPId><sln:powIIPPn>PL.PZGIK.200</sln:powIIPPn><sln:powIIPWersja>2012-09-27T07:52:01+02:00</sln:powIIPWersja><sln:powIdTeryt>1216</sln:powIdTeryt><sln:powNazwa>tarnowski</sln:powNazwa><sln:wojIIPId>dd2e3c64-f861-47cf-a3a3-e7751f272b2f</sln:wojIIPId><sln:wojIIPPn>PL.PZGIK.200</sln:wojIIPPn><sln:wojIIPWersja>2017-10-10T00:00:00+02:00</sln:wojIIPWersja><sln:wojIdTeryt>12</sln:wojIdTeryt><sln:wojNazwa>małopolskie</sln:wojNazwa></sln:miejscowosc><sln:miejscowosc><sln:cyklZyciaOd>2017-08-14T00:00:00+02:00</sln:cyklZyciaOd><sln:gmIIPId>771d961a-adba-4f7c-81ce-bdff1f381777</sln:gmIIPId><sln:gmIIPPn>PL.PZGIK.200</sln:gmIIPPn><sln:gmIIPWersja>2012-09-26T22:12:12+02:00</sln:gmIIPWersja><sln:gmIdTeryt>1216032</sln:gmIdTeryt><sln:gmNazwa>Lisia Góra</sln:gmNazwa><sln:miejscIIPId>2504059c-1e8c-432b-898c-c3e32d7b297a</sln:miejscIIPId><sln:miejscIIPPn>PL.PZGIK.200</sln:miejscIIPPn><sln:miejscIIPWersja>2017-08-14T12:20:00+02:00</sln:miejscIIPWersja><sln:miejscIdTeryt>0822825</sln:miejscIdTeryt><sln:miejscNazwa>Śmigno</sln:miejscNazwa><sln:miejscRodzaj>Wieś</sln:miejscRodzaj><sln:powIIPId>17c3b30e-7279-4144-9a54-b54dcc50a95c</sln:powIIPId><sln:powIIPPn>PL.PZGIK.200</sln:powIIPPn><sln:powIIPWersja>2012-09-27T07:52:01+02:00</sln:powIIPWersja><sln:powIdTeryt>1216</sln:powIdTeryt><sln:powNazwa>tarnowski</sln:powNazwa><sln:wojIIPId>dd2e3c64-f861-47cf-a3a3-e7751f272b2f</sln:wojIIPId><sln:wojIIPPn>PL.PZGIK.200</sln:wojIIPPn><sln:wojIIPWersja>2017-10-10T00:00:00+02:00</sln:wojIIPWersja><sln:wojIdTeryt>12</sln:wojIdTeryt><sln:wojNazwa>małopolskie</sln:wojNazwa></sln:miejscowosc></sln:lista-miejscowosci>