<?xml version="1.0" encoding="UTF-8" standalone="yes"?><sln:lista-miejscowosci xmlns:srv="http://gugik.gov.pl/schemas/slowniki-service/1.0" xmlns:sln="http://gugik.gov.pl/schemas/slowniki-schema/1.0"><sln:miejscowosc><sln:cyklZyciaOd>2014-12-06T00:00:00+01:00</sln:cyklZyciaOd><sln:gmIIPId>acc1ddf3-d358-4800-8b32-be1192ad5173</sln:gmIIPId><sln:gmIIPPn>PL.PZGIK.200</sln:gmIIPPn><sln:gmIIPWersja>2012-09-26T22:09:15+02:00</sln:gmIIPWersja><sln:gmIdTeryt>1206042</sln:gmIdTeryt><sln:gmNazwa>Jerzmanowice-Przeginia</sln:gmNazwa><sln:miejscIIPId>be6cedfa-045f-4d7f-90d6-b7eddeeb749c</sln:miejscIIPId><sln:miejscIIPPn>PL.PZGIK.200</sln:miejscIIPPn><sln:miejscIIPWersja>2016-11-24T13:59:39+02:00</sln:miejscIIPWersja><sln:miejscIdTeryt>0321164</sln:miejscIdTeryt><sln:miejscNazwa>Żarnowiec</sln:miejscNazwa><sln:miejscRodzaj>Inny obiekt</sln:miejscRodzaj><sln:powIIPId>3104c00e-f86d-4d1a-ac9e-8c85e101ac95</sln:powIIPId><sln:powIIPPn>PL.PZGIK.200</sln:powIIPPn><sln:powIIPWersja>2013-07-11T08:30:38+02:00</sln:powIIPWersja><sln:powIdTeryt>1206</sln:powIdTeryt><sln:powNazwa>krakowski</sln:powNazwa><sln:wojIIPId>dd2e3c64-f861-47cf-a3a3-e7751f272b2f</sln:wojIIPId><sln:wojIIPPn>PL.PZGIK.200</sln:wojIIPPn><sln:wojIIPWersja>2017-10-10T00:00:00+02:00</sln:wojIIPWersja><sln:wojIdTeryt>12</sln:wojIdTeryt><sln:wojNazwa>małopolskie</sln:wojNazwa></sln:miejscowosc><sln:miejscowosc><sln:cyklZyciaOd>2014-12-06T00:00:00+01:00</sln:cyklZyciaOd><sln:gmIIPId>acc1ddf3-d358-4800-8b32-be1192ad5173</sln:gmIIPId><sln:gmIIPPn>PL.PZGIK.200</sln:gmIIPPn><sln:gmIIPWersja>2012-09-26T22:09:15+02:00</sln:gmIIPWersja><sln:gmIdTeryt>1206042</sln:gmIdTeryt><sln:gmNazwa>Jerzmanowice-Przeginia</sln:gmNazwa><sln:miejscIIPId>ec131573-99ab-4012-b2ab-9019285a7e34</sln:miejscIIPId><sln:miejscIIPPn>PL.PZGIK.200</sln:miejscIIPPn><sln:miejscIIPWersja>2016-11-24T13:59:39+02:00</sln:miejscIIPWersja><sln:miejscIdTeryt>0321187</sln:miejscIdTeryt><sln:miejscNazwa>Gierot</sln:miejscNazwa><sln:miejscRodzaj>Inny obiekt</sln:miejscRodzaj><sln:powIIPId>3104c00e-f86d-4d1a-ac9e-8c85e101ac95</sln:powIIPId><sln:powIIPPn>PL.PZGIK.200</sln:powIIPPn><sln:powIIPWersja>2013-07-11T08:30:38+02:00</sln:powIIPWersja><sln:powIdTeryt>1206</sln:powIdTeryt><sln:powNazwa>krakowski</sln:powNazwa><sln:wojIIPId>dd2e3c64-f861-47cf-a3a3-e7751f272b2f</sln:wojIIPId><sln:wojIIPPn>PL.PZGIK.200</sln:wojIIPPn><sln:wojIIPWersja>2017-10-10T00:00:00+02:00</sln:wojIIPWersja><sln:wojIdTeryt>12</sln:wojIdTeryt><sln:wojNazwa>małopolskie</sln:wojNazwa></sln:miejscowosc><sln:miejscowosc><sln:cyklZyciaOd>2014-12-06T00:00:00+01:00</sln:cyklZyciaOd><sln:gmIIPId>acc1ddf3-d358-4800-8b32-be1192ad5173</sln:gmIIPId><sln:gmIIPPn>PL.PZGIK.200</sln:gmIIPPn><sln:gmIIPWersja>2012-09-26T22:09:15+02:00</sln:gmIIPWersja><sln:gmIdTeryt>1206042</sln:gmIdTeryt><sln:gmNazwa>Jerzmanowice-Przeginia</sln:gmNazwa><sln:miejscIIPId>85f7a766-7408-4310-af7f-dc028777b227</sln:miejscIIPId><sln:miejscIIPPn>PL.PZGIK.200</sln:miejscIIPPn><sln:miejscIIPWersja>2016-11-24T13:46:31+02:00</sln:miejscIIPWersja><sln:miejscIdTeryt>0321460</sln:miejscIdTeryt><sln:miejscNazwa>Pieronka</sln:miejscNazwa><sln:miejscRodzaj>Inny obiekt</sln:miejscRodzaj><sln:powIIPId>3104c00e-f86d-4d1a-ac9e-8c85e101ac95</sln:powIIPId><sln:powIIPPn>PL.PZGIK.200</sln:powIIPPn><sln:powIIPWersja>2013-07-11T08:30:38+02:00</sln:powIIPWersja><sln:powIdTeryt>1206</sln:powIdTeryt><sln:powNazwa>krakowski</sln:powNazwa><sln:wojIIPId>dd2e3c64-f861-47cf-a3a3-e7751f272b2f</sln:wojIIPId><sln:wojIIPPn>PL.PZGIK.200</sln:wojIIPPn><sln:wojIIPWersja>2017-10-10T00:00:00+02:00</sln:wojIIPWersja><sln:wojIdTeryt>12</sln:wojIdTeryt><sln:wojNazwa>małopolskie</sln:wojNazwa></sln:miejscowosc><sln:miejscowosc><sln:cyklZyciaOd>2014-12-06T00:00:00+01:00</sln:cyklZyciaOd><sln:gmIIPId>acc1ddf3-d358-4800-8b32-be1192ad5173</sln:gmIIPId><sln:gmIIPPn>PL.PZGIK.200</sln:gmIIPPn><sln:gmIIPWersja>2012-09-26T22:09:15+02:00</sln:gmIIPWersja><sln:gmIdTeryt>1206042</sln:gmIdTeryt><sln:gmNazwa>Jerzmanowice-Przeginia</sln:gmNazwa><sln:miejscIIPId>952bfe5f-1cfd-4eb7-a47a-f49bedf20ec2</sln:miejscIIPId><sln:miejscIIPPn>PL.PZGIK.200</sln:miejscIIPPn><sln:miejscIIPWersja>2016-11-24T13:59:39+02:00</sln:miejscIIPWersja><sln:miejscIdTeryt>0321081</sln:miejscIdTeryt><sln:miejscNazwa>Góra</sln:miejscNazwa><sln:miejscRodzaj>Inny obiekt</sln:miejscRodzaj><sln:powIIPId>3104c00e-f86d-4d1a-ac9e-8c85e101ac95</sln:powIIPId><sln:powIIPPn>PL.PZGIK.200</sln:powIIPPn><sln:powIIPWersja>2013-07-11T08:30:38+02:00</sln:powIIPWersja><sln:powIdTeryt>1206</sln:powIdTeryt><sln:powNazwa>krakowski</sln:powNazwa><sln:wojIIPId>dd2e3c64-f861-47cf-a3a3-e7751f272b2f</sln:wojIIPId><sln:wojIIPPn>PL.PZGIK.200</sln:wojIIPPn><sln:wojIIPWersja>2017-10-10T00:00:00+02:00</sln:wojIIPWersja><sln:wojIdTeryt>12</sln:wojIdTeryt><sln:wojNazwa>małopolskie</sln:wojNazwa></sln:miejscowosc><sln:miejscowosc><sln:cyklZyciaOd>2014-12-06T00:00:00+01:00</sln:cyklZyciaOd><sln:gmIIPId>acc1ddf3-d358-4800-8b32-be1192ad5173</sln:gmIIPId><sln:gmIIPPn>PL.PZGIK.200</sln:gmIIPPn><sln:gmIIPWersja>2012-09-26T22:09:15+02:00</sln:gmIIPWersja><sln:gmIdTeryt>1206042</sln:gmIdTeryt><sln:gmNazwa>Jerzmanowice-Przeginia</sln:gmNazwa><sln:miejscIIPId>ad16a631-ab57-4d4a-b790-ae08b38b2803</sln:miejscIIPId><sln:miejscIIPPn>PL.PZGIK.200</sln:miejscIIPPn><sln:miejscIIPWersja>2016-11-24T13:59:39+02:00</sln:miejscIIPWersja><sln:miejscIdTeryt>0321158</sln:miejscIdTeryt><sln:miejscNazwa>Za Wieżą</sln:miejscNazwa><sln:miejscRodzaj>Inny obiekt</sln:miejscRodzaj><sln:powIIPId>3104c00e-f86d-4d1a-ac9e-8c85e101ac95</sln:powIIPId><sln:powIIPPn>PL.PZGIK.200</sln:powIIPPn><sln:powIIPWersja>2013-07-11T08:30:38+02:00</sln:powIIPWersja><sln:powIdTeryt>1206</sln:powIdTeryt><sln:powNazwa>krakowski</sln:powNazwa><sln:wojIIPId>dd2e3c64-f861-47cf-a3a3-e7751f272b2f</sln:wojIIPId><sln:wojIIPPn>PL.PZGIK.200</sln:wojIIPPn><sln:wojIIPWersja>2017-10-10T00:00:00+02:00</sln:wojIIPWersja><sln:wojIdTeryt>12</sln:wojIdTeryt><sln:wojNazwa>małopolskie</sln:wojNazwa></sln:miejscowosc><sln:miejscowosc><sln:cyklZyciaOd>2014-12-06T00:00:00+01:00</sln:cyklZyciaOd><sln:gmIIPId>acc1ddf3-d358-4800-8b32-be1192ad5173</sln:gmIIPId><sln:gmIIPPn>PL.PZGIK.200</sln:gmIIPPn><sln:gmIIPWersja>2012-09-26T22:09:15+02:00</sln:gmIIPWersja><sln:gmIdTeryt>1206042</sln:gmIdTeryt><sln:gmNazwa>Jerzmanowice-Przeginia</sln:gmNazwa><sln:miejscIIPId>f254d169-f9eb-413f-a692-edef778cc866</sln:miejscIIPId><sln:miejscIIPPn>PL.PZGIK.200</sln:miejscIIPPn><sln:miejscIIPWersja>2016-11-24T13:57:12+02:00</sln:miejscIIPWersja><sln:miejscIdTeryt>0321193</sln:miejscIdTeryt><sln:miejscNazwa>Kopaniny</sln:miejscNazwa><sln:miejscRodzaj>Inny obiekt</sln:miejscRodzaj><sln:powIIPId>3104c00e-f86d-4d1a-ac9e-8c85e101ac95</sln:powIIPId><sln:powIIPPn>PL.PZGIK.200</sln:powIIPPn><sln:powIIPWersja>2013-07-11T08:30:38+02:00</sln:powIIPWersja><sln:powIdTeryt>1206</sln:powIdTeryt><sln:powNazwa>krakowski</sln:powNazwa><sln:wojIIPId>dd2e3c64-f861-47cf-a3a3-e7751f272b2f</sln:wojIIPId><sln:wojIIPPn>PL.PZGIK.200</sln:wojIIPPn><sln:wojIIPWersja>2017-10-10T00:00:00+02:00</sln:wojIIPWersja><sln:wojIdTeryt>12</sln:wojIdTeryt><sln:wojNazwa>małopolskie</sln:wojNazwa></sln:miejscowosc><sln:miejscowosc><sln:cyklZyciaOd>2014-12-06T00:00:00+01:00</sln:cyklZyciaOd><sln:gmIIPId>acc1ddf3-d358-4800-8b32-be1192ad5173</sln:gmIIPId><sln:gmIIPPn>PL.PZGIK.200</sln:gmIIPPn><sln:gmIIPWersja>2012-09-26T22:09:15+02:00</sln:gmIIPWersja><sln:gmIdTeryt>1206042</sln:gmIdTeryt><sln:gmNazwa>Jerzmanowice-Przeginia</sln:gmNazwa><sln:miejscIIPId>06205e2c-15a4-42b9-aca9-31ddf705c509</sln:miejscIIPId><sln:miejscIIPPn>PL.PZGIK.200</sln:miejscIIPPn><sln:miejscIIPWersja>2016-11-24T13:38:42+02:00</sln:miejscIIPWersja><sln:miejscIdTeryt>0321069</sln:miejscIdTeryt><sln:miejscNazwa>Jerzmanowice</sln:miejscNazwa><sln:miejscRodzaj>Wieś</sln:miejscRodzaj><sln:powIIPId>3104c00e-f86d-4d1a-ac9e-8c85e101ac95</sln:powIIPId><sln:powIIPPn>PL.PZGIK.200</sln:powIIPPn><sln:powIIPWersja>2013-07-11T08:30:38+02:00</sln:powIIPWersja><sln:powIdTeryt>1206</sln:powIdTeryt><sln:powNazwa>krakowski</sln:powNazwa><sln:wojIIPId>dd2e3c64-f861-47cf-a3a3-e7751f272b2f</sln:wojIIPId><sln:wojIIPPn>PL.PZGIK.200</sln:wojIIPPn><sln:wojIIPWersja>2017-10-10T00:00:00+02:00</sln:wojIIPWersja><sln:wojIdTeryt>12</sln:wojIdTeryt><sln:wojNazwa>małopolskie</sln:wojNazwa></sln:miejscowosc><sln:miejscowosc><sln:cyklZyciaOd>2014-12-06T00:00:00+01:00</sln:cyklZyciaOd><sln:gmIIPId>acc1ddf3-d358-4800-8b32-be1192ad5173</sln:gmIIPId><sln:gmIIPPn>PL.PZGIK.200</sln:gmIIPPn><sln:gmIIPWersja>2012-09-26T22:09:15+02:00</sln:gmIIPWersja><sln:gmIdTeryt>1206042</sln:gmIdTeryt><sln:gmNazwa>Jerzmanowice-Przeginia</sln:gmNazwa><sln:miejscIIPId>3acbefed-9b19-4fd5-857e-1317558d18bb</sln:miejscIIPId><sln:miejscIIPPn>PL.PZGIK.200</sln:miejscIIPPn><sln:miejscIIPWersja>2016-11-24T13:46:01+02:00</sln:miejscIIPWersja><sln:miejscIdTeryt>0321359</sln:miejscIdTeryt><sln:miejscNazwa>Króbka</sln:miejscNazwa><sln:miejscRodzaj>Inny obiekt</sln:miejscRodzaj><sln:powIIPId>3104c00e-f86d-4d1a-ac9e-8c85e101ac95</sln:powIIPId><sln:powIIPPn>PL.PZGIK.200</sln:powIIPPn><sln:powIIPWersja>2013-07-11T08:30:38+02:00</sln:powIIPWersja><sln:powIdTeryt>1206</sln:powIdTeryt><sln:powNazwa>krakowski</sln:powNazwa><sln:wojIIPId>dd2e3c64-f861-47cf-a3a3-e7751f272b2f</sln:wojIIPId><sln:wojIIPPn>PL.PZGIK.200</sln:wojIIPPn><sln:wojIIPWersja>2017-10-10T00:00:00+02:00</sln:wojIIPWersja><sln:wojIdTeryt>12</sln:wojIdTeryt><sln:wojNazwa>małopolskie</sln:wojNazwa></sln:miejscowosc><sln:miejscowosc><sln:cyklZyciaOd>2014-12-06T00:00:00+01:00</sln:cyklZyciaOd><sln:gmIIPId>acc1ddf3-d358-4800-8b32-be1192ad5173</sln:gmIIPId><sln:gmIIPPn>PL.PZGIK.200</sln:gmIIPPn><sln:gmIIPWersja>2012-09-26T22:09:15+02:00</sln:gmIIPWersja><sln:gmIdTeryt>1206042</sln:gmIdTeryt><sln:gmNazwa>Jerzmanowice-Przeginia</sln:gmNazwa><sln:miejscIIPId>cae55aa3-0136-4974-bdcf-bbead39e7216</sln:miejscIIPId><sln:miejscIIPPn>PL.PZGIK.200</sln:miejscIIPPn><sln:miejscIIPWersja>2016-11-24T13:46:32+02:00</sln:miejscIIPWersja><sln:miejscIdTeryt>0321520</sln:miejscIdTeryt><sln:miejscNazwa>Sokolec</sln:miejscNazwa><sln:miejscRodzaj>Inny obiekt</sln:miejscRodzaj><sln:powIIPId>3104c00e-f86d-4d1a-ac9e-8c85e101ac95</sln:powIIPId><sln:powIIPPn>PL.PZGIK.200</sln:powIIPPn><sln:powIIPWersja>2013-07-11T08:30:38+02:00</sln:powIIPWersja><sln:powIdTeryt>1206</sln:powIdTeryt><sln:powNazwa>krakowski</sln:powNazwa><sln:wojIIPId>dd2e3c64-f861-47cf-a3a3-e7751f272b2f</sln:wojIIPId><sln:wojIIPPn>PL.PZGIK.200</sln:wojIIPPn><sln:wojIIPWersja>2017-10-10T00:00:00+02:00</sln:wojIIPWersja><sln:wojIdTeryt>12</sln:wojIdTeryt><sln:wojNazwa>małopolskie</sln:wojNazwa></sln:miejscowosc><sln:miejscowosc><sln:cyklZyciaOd>2014-12-06T00:00:00+01:00</sln:cyklZyciaOd><sln:gmIIPId>acc1ddf3-d358-4800-8b32-be1192ad5173</sln:gmIIPId><sln:gmIIPPn>PL.PZGIK.200</sln:gmIIPPn><sln:gmIIPWersja>2012-09-26T22:09:15+02:00</sln:gmIIPWersja><sln:gmIdTeryt>1206042</sln:gmIdTeryt><sln:gmNazwa>Jerzmanowice-Przeginia</sln:gmNazwa><sln:miejscIIPId>688caf2e-542f-4266-a321-6bb632bc4a12</sln:miejscIIPId><sln:miejscIIPPn>PL.PZGIK.200</sln:miejscIIPPn><sln:miejscIIPWersja>2016-11-24T13:46:31+02:00</sln:miejscIIPWersja><sln:miejscIdTeryt>0321483</sln:miejscIdTeryt><sln:miejscNazwa>Poręba</sln:miejscNazwa><sln:miejscRodzaj>Inny obiekt</sln:miejscRodzaj><sln:powIIPId>3104c00e-f86d-4d1a-ac9e-8c85e101ac95</sln:powIIPId><sln:powIIPPn>PL.PZGIK.200</sln:powIIPPn><sln:powIIPWersja>2013-07-11T08:30:38+02:00</sln:powIIPWersja><sln:powIdTeryt>1206</sln:powIdTeryt><sln:powNazwa>krakowski</sln:powNazwa><sln:wojIIPId>dd2e3c64-f861-47cf-a3a3-e7751f272b2f</sln:wojIIPId><sln:wojIIPPn>PL.PZGIK.200</sln:wojIIPPn><sln:wojIIPWersja>2017-10-10T00:00:00+02:00</sln:wojIIPWersja><sln:wojIdTeryt>12</sln:wojIdTeryt><sln:wojNazwa>małopolskie</sln:wojNazwa></sln:miejscowosc><sln:miejscowosc><sln:cyklZyciaOd>2014-12-06T00:00:00+01:00</sln:cyklZyciaOd><sln:gmIIPId>acc1ddf3-d358-4800-8b32-be1192ad5173</sln:gmIIPId><sln:gmIIPPn>PL.PZGIK.200</sln:gmIIPPn><sln:gmIIPWersja>2012-09-26T22:09:15+02:00</sln:gmIIPWersja><sln:gmIdTeryt>1206042</sln:gmIdTeryt><sln:gmNazwa>Jerzmanowice-Przeginia</sln:gmNazwa><sln:miejscIIPId>66eaf01e-b460-4797-85f5-62de787facc5</sln:miejscIIPId><sln:miejscIIPPn>PL.PZGIK.200</sln:miejscIIPPn><sln:miejscIIPWersja>2016-11-24T13:46:32+02:00</sln:miejscIIPWersja><sln:miejscIdTeryt>0321454</sln:miejscIdTeryt><sln:miejscNazwa>Kołowrót</sln:miejscNazwa><sln:miejscRodzaj>Inny obiekt</sln:miejscRodzaj><sln:powIIPId>3104c00e-f86d-4d1a-ac9e-8c85e101ac95</sln:powIIPId><sln:powIIPPn>PL.PZGIK.200</sln:powIIPPn><sln:powIIPWersja>2013-07-11T08:30:38+02:00</sln:powIIPWersja><sln:powIdTeryt>1206</sln:powIdTeryt><sln:powNazwa>krakowski</sln:powNazwa><sln:wojIIPId>dd2e3c64-f861-47cf-a3a3-e7751f272b2f</sln:wojIIPId><sln:wojIIPPn>PL.PZGIK.200</sln:wojIIPPn><sln:wojIIPWersja>2017-10-10T00:00:00+02:00</sln:wojIIPWersja><sln:wojIdTeryt>12</sln:wojIdTeryt><sln:wojNazwa>małopolskie</sln:wojNazwa></sln:miejscowosc><sln:miejscowosc><sln:cyklZyciaOd>2014-12-06T00:00:00+01:00</sln:cyklZyciaOd><sln:gmIIPId>acc1ddf3-d358-4800-8b32-be1192ad5173</sln:gmIIPId><sln:gmIIPPn>PL.PZGIK.200</sln:gmIIPPn><sln:gmIIPWersja>2012-09-26T22:09:15+02:00</sln:gmIIPWersja><sln:gmIdTeryt>1206042</sln:gmIdTeryt><sln:gmNazwa>Jerzmanowice-Przeginia</sln:gmNazwa><sln:miejscIIPId>8bf2a73b-e141-4ce4-a5fc-1555a8febffc</sln:miejscIIPId><sln:miejscIIPPn>PL.PZGIK.200</sln:miejscIIPPn><sln:miejscIIPWersja>2016-11-24T13:46:32+02:00</sln:miejscIIPWersja><sln:miejscIdTeryt>0321431</sln:miejscIdTeryt><sln:miejscNazwa>Dąbrówka</sln:miejscNazwa><sln:miejscRodzaj>Inny obiekt</sln:miejscRodzaj><sln:powIIPId>3104c00e-f86d-4d1a-ac9e-8c85e101ac95</sln:powIIPId><sln:powIIPPn>PL.PZGIK.200</sln:powIIPPn><sln:powIIPWersja>2013-07-11T08:30:38+02:00</sln:powIIPWersja><sln:powIdTeryt>1206</sln:powIdTeryt><sln:powNazwa>krakowski</sln:powNazwa><sln:wojIIPId>dd2e3c64-f861-47cf-a3a3-e7751f272b2f</sln:wojIIPId><sln:wojIIPPn>PL.PZGIK.200</sln:wojIIPPn><sln:wojIIPWersja>2017-10-10T00:00:00+02:00</sln:wojIIPWersja><sln:wojIdTeryt>12</sln:wojIdTeryt><sln:wojNazwa>małopolskie</sln:wojNazwa></sln:miejscowosc><sln:miejscowosc><sln:cyklZyciaOd>2014-12-06T00:00:00+01:00</sln:cyklZyciaOd><sln:gmIIPId>acc1ddf3-d358-4800-8b32-be1192ad5173</sln:gmIIPId><sln:gmIIPPn>PL.PZGIK.200</sln:gmIIPPn><sln:gmIIPWersja>2012-09-26T22:09:15+02:00</sln:gmIIPWersja><sln:gmIdTeryt>1206042</sln:gmIdTeryt><sln:gmNazwa>Jerzmanowice-Przeginia</sln:gmNazwa><sln:miejscIIPId>f036b93f-0daf-40c1-b502-b57deb4b222f</sln:miejscIIPId><sln:miejscIIPPn>PL.PZGIK.200</sln:miejscIIPPn><sln:miejscIIPWersja>2016-11-24T13:30:21+02:00</sln:miejscIIPWersja><sln:miejscIdTeryt>0321419</sln:miejscIdTeryt><sln:miejscNazwa>Sąspów</sln:miejscNazwa><sln:miejscRodzaj>Wieś</sln:miejscRodzaj><sln:powIIPId>3104c00e-f86d-4d1a-ac9e-8c85e101ac95</sln:powIIPId><sln:powIIPPn>PL.PZGIK.200</sln:powIIPPn><sln:powIIPWersja>2013-07-11T08:30:38+02:00</sln:powIIPWersja><sln:powIdTeryt>1206</sln:powIdTeryt><sln:powNazwa>krakowski</sln:powNazwa><sln:wojIIPId>dd2e3c64-f861-47cf-a3a3-e7751f272b2f</sln:wojIIPId><sln:wojIIPPn>PL.PZGIK.200</sln:wojIIPPn><sln:wojIIPWersja>2017-10-10T00:00:00+02:00</sln:wojIIPWersja><sln:wojIdTeryt>12</sln:wojIdTeryt><sln:wojNazwa>małopolskie</sln:wojNazwa></sln:miejscowosc><sln:miejscowosc><sln:cyklZyciaOd>2014-12-06T00:00:00+01:00</sln:cyklZyciaOd><sln:gmIIPId>acc1ddf3-d358-4800-8b32-be1192ad5173</sln:gmIIPId><sln:gmIIPPn>PL.PZGIK.200</sln:gmIIPPn><sln:gmIIPWersja>2012-09-26T22:09:15+02:00</sln:gmIIPWersja><sln:gmIdTeryt>1206042</sln:gmIdTeryt><sln:gmNazwa>Jerzmanowice-Przeginia</sln:gmNazwa><sln:miejscIIPId>d91a4f3d-89eb-485f-b4ce-bf452e7b3d5a</sln:miejscIIPId><sln:miejscIIPPn>PL.PZGIK.200</sln:miejscIIPPn><sln:miejscIIPWersja>2016-11-24T13:29:29+02:00</sln:miejscIIPWersja><sln:miejscIdTeryt>0321342</sln:miejscIdTeryt><sln:miejscNazwa>Racławice</sln:miejscNazwa><sln:miejscRodzaj>Wieś</sln:miejscRodzaj><sln:powIIPId>3104c00e-f86d-4d1a-ac9e-8c85e101ac95</sln:powIIPId><sln:powIIPPn>PL.PZGIK.200</sln:powIIPPn><sln:powIIPWersja>2013-07-11T08:30:38+02:00</sln:powIIPWersja><sln:powIdTeryt>1206</sln:powIdTeryt><sln:powNazwa>krakowski</sln:powNazwa><sln:wojIIPId>dd2e3c64-f861-47cf-a3a3-e7751f272b2f</sln:wojIIPId><sln:wojIIPPn>PL.PZGIK.200</sln:wojIIPPn><sln:wojIIPWersja>2017-10-10T00:00:00+02:00</sln:wojIIPWersja><sln:wojIdTeryt>12</sln:wojIdTeryt><sln:wojNazwa>małopolskie</sln:wojNazwa></sln:miejscowosc><sln:miejscowosc><sln:cyklZyciaOd>2014-12-06T00:00:00+01:00</sln:cyklZyciaOd><sln:gmIIPId>acc1ddf3-d358-4800-8b32-be1192ad5173</sln:gmIIPId><sln:gmIIPPn>PL.PZGIK.200</sln:gmIIPPn><sln:gmIIPWersja>2012-09-26T22:09:15+02:00</sln:gmIIPWersja><sln:gmIdTeryt>1206042</sln:gmIdTeryt><sln:gmNazwa>Jerzmanowice-Przeginia</sln:gmNazwa><sln:miejscIIPId>761b75e5-c1fb-4ea3-9c0c-0eea7abd688d</sln:miejscIIPId><sln:miejscIIPPn>PL.PZGIK.200</sln:miejscIIPPn><sln:miejscIIPWersja>2016-11-24T13:41:28+02:00</sln:miejscIIPWersja><sln:miejscIdTeryt>0321170</sln:miejscIdTeryt><sln:miejscNazwa>Łazy</sln:miejscNazwa><sln:miejscRodzaj>Wieś</sln:miejscRodzaj><sln:powIIPId>3104c00e-f86d-4d1a-ac9e-8c85e101ac95</sln:powIIPId><sln:powIIPPn>PL.PZGIK.200</sln:powIIPPn><sln:powIIPWersja>2013-07-11T08:30:38+02:00</sln:powIIPWersja><sln:powIdTeryt>1206</sln:powIdTeryt><sln:powNazwa>krakowski</sln:powNazwa><sln:wojIIPId>dd2e3c64-f861-47cf-a3a3-e7751f272b2f</sln:wojIIPId><sln:wojIIPPn>PL.PZGIK.200</sln:wojIIPPn><sln:wojIIPWersja>2017-10-10T00:00:00+02:00</sln:wojIIPWersja><sln:wojIdTeryt>12</sln:wojIdTeryt><sln:wojNazwa>małopolskie</sln:wojNazwa></sln:miejscowosc><sln:miejscowosc><sln:cyklZyciaOd>2014-12-06T00:00:00+01:00</sln:cyklZyciaOd><sln:gmIIPId>acc1ddf3-d358-4800-8b32-be1192ad5173</sln:gmIIPId><sln:gmIIPPn>PL.PZGIK.200</sln:gmIIPPn><sln:gmIIPWersja>2012-09-26T22:09:15+02:00</sln:gmIIPWersja><sln:gmIdTeryt>1206042</sln:gmIdTeryt><sln:gmNazwa>Jerzmanowice-Przeginia</sln:gmNazwa><sln:miejscIIPId>90ba5d71-5988-47bd-954e-c7f7a404a8fd</sln:miejscIIPId><sln:miejscIIPPn>PL.PZGIK.200</sln:miejscIIPPn><sln:miejscIIPWersja>2016-11-24T13:29:03+02:00</sln:miejscIIPWersja><sln:miejscIdTeryt>0321247</sln:miejscIdTeryt><sln:miejscNazwa>Przeginia</sln:miejscNazwa><sln:miejscRodzaj>Wieś</sln:miejscRodzaj><sln:powIIPId>3104c00e-f86d-4d1a-ac9e-8c85e101ac95</sln:powIIPId><sln:powIIPPn>PL.PZGIK.200</sln:powIIPPn><sln:powIIPWersja>2013-07-11T08:30:38+02:00</sln:powIIPWersja><sln:powIdTeryt>1206</sln:powIdTeryt><sln:powNazwa>krakowski</sln:powNazwa><sln:wojIIPId>dd2e3c64-f861-47cf-a3a3-e7751f272b2f</sln:wojIIPId><sln:wojIIPPn>PL.PZGIK.200</sln:wojIIPPn><sln:wojIIPWersja>2017-10-10T00:00:00+02:00</sln:wojIIPWersja><sln:wojIdTeryt>12</sln:wojIdTeryt><sln:wojNazwa>małopolskie</sln:wojNazwa></sln:miejscowosc><sln:miejscowosc><sln:cyklZyciaOd>2014-12-06T00:00:00+01:00</sln:cyklZyciaOd><sln:gmIIPId>acc1ddf3-d358-4800-8b32-be1192ad5173</sln:gmIIPId><sln:gmIIPPn>PL.PZGIK.200</sln:gmIIPPn><sln:gmIIPWersja>2012-09-26T22:09:15+02:00</sln:gmIIPWersja><sln:gmIdTeryt>1206042</sln:gmIdTeryt><sln:gmNazwa>Jerzmanowice-Przeginia</sln:gmNazwa><sln:miejscIIPId>bf34b043-78ec-4b29-903a-21f206d8fef0</sln:miejscIIPId><sln:miejscIIPPn>PL.PZGIK.200</sln:miejscIIPPn><sln:miejscIIPWersja>2016-11-24T13:46:01+02:00</sln:miejscIIPWersja><sln:miejscIdTeryt>0321402</sln:miejscIdTeryt><sln:miejscNazwa>Pod Skałą</sln:miejscNazwa><sln:miejscRodzaj>Osada</sln:miejscRodzaj><sln:powIIPId>3104c00e-f86d-4d1a-ac9e-8c85e101ac95</sln:powIIPId><sln:powIIPPn>PL.PZGIK.200</sln:powIIPPn><sln:powIIPWersja>2013-07-11T08:30:38+02:00</sln:powIIPWersja><sln:powIdTeryt>1206</sln:powIdTeryt><sln:powNazwa>krakowski</sln:powNazwa><sln:wojIIPId>dd2e3c64-f861-47cf-a3a3-e7751f272b2f</sln:wojIIPId><sln:wojIIPPn>PL.PZGIK.200</sln:wojIIPPn><sln:wojIIPWersja>2017-10-10T00:00:00+02:00</sln:wojIIPWersja><sln:wojIdTeryt>12</sln:wojIdTeryt><sln:wojNazwa>małopolskie</sln:wojNazwa></sln:miejscowosc><sln:miejscowosc><sln:cyklZyciaOd>2014-12-06T00:00:00+01:00</sln:cyklZyciaOd><sln:gmIIPId>acc1ddf3-d358-4800-8b32-be1192ad5173</sln:gmIIPId><sln:gmIIPPn>PL.PZGIK.200</sln:gmIIPPn><sln:gmIIPWersja>2012-09-26T22:09:15+02:00</sln:gmIIPWersja><sln:gmIdTeryt>1206042</sln:gmIdTeryt><sln:gmNazwa>Jerzmanowice-Przeginia</sln:gmNazwa><sln:miejscIIPId>66050558-d4bc-4aa0-a43b-cf5020b97d36</sln:miejscIIPId><sln:miejscIIPPn>PL.PZGIK.200</sln:miejscIIPPn><sln:miejscIIPWersja>2016-11-24T13:46:32+02:00</sln:miejscIIPWersja><sln:miejscIdTeryt>0321543</sln:miejscIdTeryt><sln:miejscNazwa>Strona Kościelna</sln:miejscNazwa><sln:miejscRodzaj>Inny obiekt</sln:miejscRodzaj><sln:powIIPId>3104c00e-f86d-4d1a-ac9e-8c85e101ac95</sln:powIIPId><sln:powIIPPn>PL.PZGIK.200</sln:powIIPPn><sln:powIIPWersja>2013-07-11T08:30:38+02:00</sln:powIIPWersja><sln:powIdTeryt>1206</sln:powIdTeryt><sln:powNazwa>krakowski</sln:powNazwa><sln:wojIIPId>dd2e3c64-f861-47cf-a3a3-e7751f272b2f</sln:wojIIPId><sln:wojIIPPn>PL.PZGIK.200</sln:wojIIPPn><sln:wojIIPWersja>2017-10-10T00:00:00+02:00</sln:wojIIPWersja><sln:wojIdTeryt>12</sln:wojIdTeryt><sln:wojNazwa>małopolskie</sln:wojNazwa></sln:miejscowosc><sln:miejscowosc><sln:cyklZyciaOd>2014-12-06T00:00:00+01:00</sln:cyklZyciaOd><sln:gmIIPId>acc1ddf3-d358-4800-8b32-be1192ad5173</sln:gmIIPId><sln:gmIIPPn>PL.PZGIK.200</sln:gmIIPPn><sln:gmIIPWersja>2012-09-26T22:09:15+02:00</sln:gmIIPWersja><sln:gmIdTeryt>1206042</sln:gmIdTeryt><sln:gmNazwa>Jerzmanowice-Przeginia</sln:gmNazwa><sln:miejscIIPId>a3c68698-755e-46b9-a143-bfbecb24fa83</sln:miejscIIPId><sln:miejscIIPPn>PL.PZGIK.200</sln:miejscIIPPn><sln:miejscIIPWersja>2016-11-24T13:57:12+02:00</sln:miejscIIPWersja><sln:miejscIdTeryt>0321201</sln:miejscIdTeryt><sln:miejscNazwa>Łazy-Jawor</sln:miejscNazwa><sln:miejscRodzaj>Inny obiekt</sln:miejscRodzaj><sln:powIIPId>3104c00e-f86d-4d1a-ac9e-8c85e101ac95</sln:powIIPId><sln:powIIPPn>PL.PZGIK.200</sln:powIIPPn><sln:powIIPWersja>2013-07-11T08:30:38+02:00</sln:powIIPWersja><sln:powIdTeryt>1206</sln:powIdTeryt><sln:powNazwa>krakowski</sln:powNazwa><sln:wojIIPId>dd2e3c64-f861-47cf-a3a3-e7751f272b2f</sln:wojIIPId><sln:wojIIPPn>PL.PZGIK.200</sln:wojIIPPn><sln:wojIIPWersja>2017-10-10T00:00:00+02:00</sln:wojIIPWersja><sln:wojIdTeryt>12</sln:wojIdTeryt><sln:wojNazwa>małopolskie</sln:wojNazwa></sln:miejscowosc><sln:miejscowosc><sln:cyklZyciaOd>2014-12-06T00:00:00+01:00</sln:cyklZyciaOd><sln:gmIIPId>acc1ddf3-d358-4800-8b32-be1192ad5173</sln:gmIIPId><sln:gmIIPPn>PL.PZGIK.200</sln:gmIIPPn><sln:gmIIPWersja>2012-09-26T22:09:15+02:00</sln:gmIIPWersja><sln:gmIdTeryt>1206042</sln:gmIdTeryt><sln:gmNazwa>Jerzmanowice-Przeginia</sln:gmNazwa><sln:miejscIIPId>2f3d85cd-afb0-4727-b728-39cd1e066a63</sln:miejscIIPId><sln:miejscIIPPn>PL.PZGIK.200</sln:miejscIIPPn><sln:miejscIIPWersja>2016-11-24T13:45:46+02:00</sln:miejscIIPWersja><sln:miejscIdTeryt>0321307</sln:miejscIdTeryt><sln:miejscNazwa>Nowa Wieś</sln:miejscNazwa><sln:miejscRodzaj>Inny obiekt</sln:miejscRodzaj><sln:powIIPId>3104c00e-f86d-4d1a-ac9e-8c85e101ac95</sln:powIIPId><sln:powIIPPn>PL.PZGIK.200</sln:powIIPPn><sln:powIIPWersja>2013-07-11T08:30:38+02:00</sln:powIIPWersja><sln:powIdTeryt>1206</sln:powIdTeryt><sln:powNazwa>krakowski</sln:powNazwa><sln:wojIIPId>dd2e3c64-f861-47cf-a3a3-e7751f272b2f</sln:wojIIPId><sln:wojIIPPn>PL.PZGIK.200</sln:wojIIPPn><sln:wojIIPWersja>2017-10-10T00:00:00+02:00</sln:wojIIPWersja><sln:wojIdTeryt>12</sln:wojIdTeryt><sln:wojNazwa>małopolskie</sln:wojNazwa></sln:miejscowosc><sln:miejscowosc><sln:cyklZyciaOd>2014-12-06T00:00:00+01:00</sln:cyklZyciaOd><sln:gmIIPId>acc1ddf3-d358-4800-8b32-be1192ad5173</sln:gmIIPId><sln:gmIIPPn>PL.PZGIK.200</sln:gmIIPPn><sln:gmIIPWersja>2012-09-26T22:09:15+02:00</sln:gmIIPWersja><sln:gmIdTeryt>1206042</sln:gmIdTeryt><sln:gmNazwa>Jerzmanowice-Przeginia</sln:gmNazwa><sln:miejscIIPId>307bd2fe-5c13-4740-abf8-76b9d0592dd6</sln:miejscIIPId><sln:miejscIIPPn>PL.PZGIK.200</sln:miejscIIPPn><sln:miejscIIPWersja>2016-11-24T13:46:31+02:00</sln:miejscIIPWersja><sln:miejscIdTeryt>0321477</sln:miejscIdTeryt><sln:miejscNazwa>Podkalinowie</sln:miejscNazwa><sln:miejscRodzaj>Inny obiekt</sln:miejscRodzaj><sln:powIIPId>3104c00e-f86d-4d1a-ac9e-8c85e101ac95</sln:powIIPId><sln:powIIPPn>PL.PZGIK.200</sln:powIIPPn><sln:powIIPWersja>2013-07-11T08:30:38+02:00</sln:powIIPWersja><sln:powIdTeryt>1206</sln:powIdTeryt><sln:powNazwa>krakowski</sln:powNazwa><sln:wojIIPId>dd2e3c64-f861-47cf-a3a3-e7751f272b2f</sln:wojIIPId><sln:wojIIPPn>PL.PZGIK.200</sln:wojIIPPn><sln:wojIIPWersja>2017-10-10T00:00:00+02:00</sln:wojIIPWersja><sln:wojIdTeryt>12</sln:wojIdTeryt><sln:wojNazwa>małopolskie</sln:wojNazwa></sln:miejscowosc><sln:miejscowosc><sln:cyklZyciaOd>2014-12-06T00:00:00+01:00</sln:cyklZyciaOd><sln:gmIIPId>acc1ddf3-d358-4800-8b32-be1192ad5173</sln:gmIIPId><sln:gmIIPPn>PL.PZGIK.200</sln:gmIIPPn><sln:gmIIPWersja>2012-09-26T22:09:15+02:00</sln:gmIIPWersja><sln:gmIdTeryt>1206042</sln:gmIdTeryt><sln:gmNazwa>Jerzmanowice-Przeginia</sln:gmNazwa><sln:miejscIIPId>193e9f02-0155-47d5-856e-f628ce9d55a2</sln:miejscIIPId><sln:miejscIIPPn>PL.PZGIK.200</sln:miejscIIPPn><sln:miejscIIPWersja>2016-11-24T13:46:32+02:00</sln:miejscIIPWersja><sln:miejscIdTeryt>0321514</sln:miejscIdTeryt><sln:miejscNazwa>Słupianka</sln:miejscNazwa><sln:miejscRodzaj>Inny obiekt</sln:miejscRodzaj><sln:powIIPId>3104c00e-f86d-4d1a-ac9e-8c85e101ac95</sln:powIIPId><sln:powIIPPn>PL.PZGIK.200</sln:powIIPPn><sln:powIIPWersja>2013-07-11T08:30:38+02:00</sln:powIIPWersja><sln:powIdTeryt>1206</sln:powIdTeryt><sln:powNazwa>krakowski</sln:powNazwa><sln:wojIIPId>dd2e3c64-f861-47cf-a3a3-e7751f272b2f</sln:wojIIPId><sln:wojIIPPn>PL.PZGIK.200</sln:wojIIPPn><sln:wojIIPWersja>2017-10-10T00:00:00+02:00</sln:wojIIPWersja><sln:wojIdTeryt>12</sln:wojIdTeryt><sln:wojNazwa>małopolskie</sln:wojNazwa></sln:miejscowosc><sln:miejscowosc><sln:cyklZyciaOd>2014-12-06T00:00:00+01:00</sln:cyklZyciaOd><sln:gmIIPId>acc1ddf3-d358-4800-8b32-be1192ad5173</sln:gmIIPId><sln:gmIIPPn>PL.PZGIK.200</sln:gmIIPPn><sln:gmIIPWersja>2012-09-26T22:09:15+02:00</sln:gmIIPWersja><sln:gmIdTeryt>1206042</sln:gmIdTeryt><sln:gmNazwa>Jerzmanowice-Przeginia</sln:gmNazwa><sln:miejscIIPId>48411ec3-257d-4643-990c-a76f2ad67171</sln:miejscIIPId><sln:miejscIIPPn>PL.PZGIK.200</sln:miejscIIPPn><sln:miejscIIPWersja>2016-11-24T13:57:12+02:00</sln:miejscIIPWersja><sln:miejscIdTeryt>0321230</sln:miejscIdTeryt><sln:miejscNazwa>Przeczówki</sln:miejscNazwa><sln:miejscRodzaj>Inny obiekt</sln:miejscRodzaj><sln:powIIPId>3104c00e-f86d-4d1a-ac9e-8c85e101ac95</sln:powIIPId><sln:powIIPPn>PL.PZGIK.200</sln:powIIPPn><sln:powIIPWersja>2013-07-11T08:30:38+02:00</sln:powIIPWersja><sln:powIdTeryt>1206</sln:powIdTeryt><sln:powNazwa>krakowski</sln:powNazwa><sln:wojIIPId>dd2e3c64-f861-47cf-a3a3-e7751f272b2f</sln:wojIIPId><sln:wojIIPPn>PL.PZGIK.200</sln:wojIIPPn><sln:wojIIPWersja>2017-10-10T00:00:00+02:00</sln:wojIIPWersja><sln:wojIdTeryt>12</sln:wojIdTeryt><sln:wojNazwa>małopolskie</sln:wojNazwa></sln:miejscowosc><sln:miejscowosc><sln:cyklZyciaOd>2014-12-06T00:00:00+01:00</sln:cyklZyciaOd><sln:gmIIPId>acc1ddf3-d358-4800-8b32-be1192ad5173</sln:gmIIPId><sln:gmIIPPn>PL.PZGIK.200</sln:gmIIPPn><sln:gmIIPWersja>2012-09-26T22:09:15+02:00</sln:gmIIPWersja><sln:gmIdTeryt>1206042</sln:gmIdTeryt><sln:gmNazwa>Jerzmanowice-Przeginia</sln:gmNazwa><sln:miejscIIPId>63b90d42-f8e5-4209-af3d-fa6f3a0871e9</sln:miejscIIPId><sln:miejscIIPPn>PL.PZGIK.200</sln:miejscIIPPn><sln:miejscIIPWersja>2016-11-24T13:55:00+02:00</sln:miejscIIPWersja><sln:miejscIdTeryt>0321098</sln:miejscIdTeryt><sln:miejscNazwa>Kolonia Wschodnia</sln:miejscNazwa><sln:miejscRodzaj>Inny obiekt</sln:miejscRodzaj><sln:powIIPId>3104c00e-f86d-4d1a-ac9e-8c85e101ac95</sln:powIIPId><sln:powIIPPn>PL.PZGIK.200</sln:powIIPPn><sln:powIIPWersja>2013-07-11T08:30:38+02:00</sln:powIIPWersja><sln:powIdTeryt>1206</sln:powIdTeryt><sln:powNazwa>krakowski</sln:powNazwa><sln:wojIIPId>dd2e3c64-f861-47cf-a3a3-e7751f272b2f</sln:wojIIPId><sln:wojIIPPn>PL.PZGIK.200</sln:wojIIPPn><sln:wojIIPWersja>2017-10-10T00:00:00+02:00</sln:wojIIPWersja><sln:wojIdTeryt>12</sln:wojIdTeryt><sln:wojNazwa>małopolskie</sln:wojNazwa></sln:miejscowosc><sln:miejscowosc><sln:cyklZyciaOd>2014-12-06T00:00:00+01:00</sln:cyklZyciaOd><sln:gmIIPId>acc1ddf3-d358-4800-8b32-be1192ad5173</sln:gmIIPId><sln:gmIIPPn>PL.PZGIK.200</sln:gmIIPPn><sln:gmIIPWersja>2012-09-26T22:09:15+02:00</sln:gmIIPWersja><sln:gmIdTeryt>1206042</sln:gmIdTeryt><sln:gmNazwa>Jerzmanowice-Przeginia</sln:gmNazwa><sln:miejscIIPId>91a7cfad-b626-4215-86e4-f05644ae5a74</sln:miejscIIPId><sln:miejscIIPPn>PL.PZGIK.200</sln:miejscIIPPn><sln:miejscIIPWersja>2016-11-24T13:46:32+02:00</sln:miejscIIPWersja><sln:miejscIdTeryt>0321537</sln:miejscIdTeryt><sln:miejscNazwa>Strona Góralska</sln:miejscNazwa><sln:miejscRodzaj>Inny obiekt</sln:miejscRodzaj><sln:powIIPId>3104c00e-f86d-4d1a-ac9e-8c85e101ac95</sln:powIIPId><sln:powIIPPn>PL.PZGIK.200</sln:powIIPPn><sln:powIIPWersja>2013-07-11T08:30:38+02:00</sln:powIIPWersja><sln:powIdTeryt>1206</sln:powIdTeryt><sln:powNazwa>krakowski</sln:powNazwa><sln:wojIIPId>dd2e3c64-f861-47cf-a3a3-e7751f272b2f</sln:wojIIPId><sln:wojIIPPn>PL.PZGIK.200</sln:wojIIPPn><sln:wojIIPWersja>2017-10-10T00:00:00+02:00</sln:wojIIPWersja><sln:wojIdTeryt>12</sln:wojIdTeryt><sln:wojNazwa>małopolskie</sln:wojNazwa></sln:miejscowosc><sln:miejscowosc><sln:cyklZyciaOd>2014-12-06T00:00:00+01:00</sln:cyklZyciaOd><sln:gmIIPId>acc1ddf3-d358-4800-8b32-be1192ad5173</sln:gmIIPId><sln:gmIIPPn>PL.PZGIK.200</sln:gmIIPPn><sln:gmIIPWersja>2012-09-26T22:09:15+02:00</sln:gmIIPWersja><sln:gmIdTeryt>1206042</sln:gmIdTeryt><sln:gmNazwa>Jerzmanowice-Przeginia</sln:gmNazwa><sln:miejscIIPId>18bd0e17-c260-455c-b3dc-8b19a9dae7d6</sln:miejscIIPId><sln:miejscIIPPn>PL.PZGIK.200</sln:miejscIIPPn><sln:miejscIIPWersja>2016-11-24T13:46:32+02:00</sln:miejscIIPWersja><sln:miejscIdTeryt>0321566</sln:miejscIdTeryt><sln:miejscNazwa>Zabugaje</sln:miejscNazwa><sln:miejscRodzaj>Inny obiekt</sln:miejscRodzaj><sln:powIIPId>3104c00e-f86d-4d1a-ac9e-8c85e101ac95</sln:powIIPId><sln:powIIPPn>PL.PZGIK.200</sln:powIIPPn><sln:powIIPWersja>2013-07-11T08:30:38+02:00</sln:powIIPWersja><sln:powIdTeryt>1206</sln:powIdTeryt><sln:powNazwa>krakowski</sln:powNazwa><sln:wojIIPId>dd2e3c64-f861-47cf-a3a3-e7751f272b2f</sln:wojIIPId><sln:wojIIPPn>PL.PZGIK.200</sln:wojIIPPn><sln:wojIIPWersja>2017-10-10T00:00:00+02:00</sln:wojIIPWersja><sln:wojIdTeryt>12</sln:wojIdTeryt><sln:wojNazwa>małopolskie</sln:wojNazwa></sln:miejscowosc><sln:miejscowosc><sln:cyklZyciaOd>2014-12-06T00:00:00+01:00</sln:cyklZyciaOd><sln:gmIIPId>acc1ddf3-d358-4800-8b32-be1192ad5173</sln:gmIIPId><sln:gmIIPPn>PL.PZGIK.200</sln:gmIIPPn><sln:gmIIPWersja>2012-09-26T22:09:15+02:00</sln:gmIIPWersja><sln:gmIdTeryt>1206042</sln:gmIdTeryt><sln:gmNazwa>Jerzmanowice-Przeginia</sln:gmNazwa><sln:miejscIIPId>95b659e1-93dc-4f36-95f4-533fa6054ab0</sln:miejscIIPId><sln:miejscIIPPn>PL.PZGIK.200</sln:miejscIIPPn><sln:miejscIIPWersja>2016-11-24T13:46:32+02:00</sln:miejscIIPWersja><sln:miejscIdTeryt>0321425</sln:miejscIdTeryt><sln:miejscNazwa>Bukowiec</sln:miejscNazwa><sln:miejscRodzaj>Inny obiekt</sln:miejscRodzaj><sln:powIIPId>3104c00e-f86d-4d1a-ac9e-8c85e101ac95</sln:powIIPId><sln:powIIPPn>PL.PZGIK.200</sln:powIIPPn><sln:powIIPWersja>2013-07-11T08:30:38+02:00</sln:powIIPWersja><sln:powIdTeryt>1206</sln:powIdTeryt><sln:powNazwa>krakowski</sln:powNazwa><sln:wojIIPId>dd2e3c64-f861-47cf-a3a3-e7751f272b2f</sln:wojIIPId><sln:wojIIPPn>PL.PZGIK.200</sln:wojIIPPn><sln:wojIIPWersja>2017-10-10T00:00:00+02:00</sln:wojIIPWersja><sln:wojIdTeryt>12</sln:wojIdTeryt><sln:wojNazwa>małopolskie</sln:wojNazwa></sln:miejscowosc><sln:miejscowosc><sln:cyklZyciaOd>2014-12-06T00:00:00+01:00</sln:cyklZyciaOd><sln:gmIIPId>acc1ddf3-d358-4800-8b32-be1192ad5173</sln:gmIIPId><sln:gmIIPPn>PL.PZGIK.200</sln:gmIIPPn><sln:gmIIPWersja>2012-09-26T22:09:15+02:00</sln:gmIIPWersja><sln:gmIdTeryt>1206042</sln:gmIdTeryt><sln:gmNazwa>Jerzmanowice-Przeginia</sln:gmNazwa><sln:miejscIIPId>cd62742d-776c-423b-9cd8-e3dd5cfa1b5c</sln:miejscIIPId><sln:miejscIIPPn>PL.PZGIK.200</sln:miejscIIPPn><sln:miejscIIPWersja>2016-11-24T13:59:39+02:00</sln:miejscIIPWersja><sln:miejscIdTeryt>0321282</sln:miejscIdTeryt><sln:miejscNazwa>Na Pańskie</sln:miejscNazwa><sln:miejscRodzaj>Inny obiekt</sln:miejscRodzaj><sln:powIIPId>3104c00e-f86d-4d1a-ac9e-8c85e101ac95</sln:powIIPId><sln:powIIPPn>PL.PZGIK.200</sln:powIIPPn><sln:powIIPWersja>2013-07-11T08:30:38+02:00</sln:powIIPWersja><sln:powIdTeryt>1206</sln:powIdTeryt><sln:powNazwa>krakowski</sln:powNazwa><sln:wojIIPId>dd2e3c64-f861-47cf-a3a3-e7751f272b2f</sln:wojIIPId><sln:wojIIPPn>PL.PZGIK.200</sln:wojIIPPn><sln:wojIIPWersja>2017-10-10T00:00:00+02:00</sln:wojIIPWersja><sln:wojIdTeryt>12</sln:wojIdTeryt><sln:wojNazwa>małopolskie</sln:wojNazwa></sln:miejscowosc><sln:miejscowosc><sln:cyklZyciaOd>2014-12-06T00:00:00+01:00</sln:cyklZyciaOd><sln:gmIIPId>acc1ddf3-d358-4800-8b32-be1192ad5173</sln:gmIIPId><sln:gmIIPPn>PL.PZGIK.200</sln:gmIIPPn><sln:gmIIPWersja>2012-09-26T22:09:15+02:00</sln:gmIIPWersja><sln:gmIdTeryt>1206042</sln:gmIdTeryt><sln:gmNazwa>Jerzmanowice-Przeginia</sln:gmNazwa><sln:miejscIIPId>ba8c0a07-98f0-4ac5-ac39-b53cabcb4ee5</sln:miejscIIPId><sln:miejscIIPPn>PL.PZGIK.200</sln:miejscIIPPn><sln:miejscIIPWersja>2016-11-24T13:59:39+02:00</sln:miejscIIPWersja><sln:miejscIdTeryt>0321603</sln:miejscIdTeryt><sln:miejscNazwa>Na Brodle</sln:miejscNazwa><sln:miejscRodzaj>Inny obiekt</sln:miejscRodzaj><sln:powIIPId>3104c00e-f86d-4d1a-ac9e-8c85e101ac95</sln:powIIPId><sln:powIIPPn>PL.PZGIK.200</sln:powIIPPn><sln:powIIPWersja>2013-07-11T08:30:38+02:00</sln:powIIPWersja><sln:powIdTeryt>1206</sln:powIdTeryt><sln:powNazwa>krakowski</sln:powNazwa><sln:wojIIPId>dd2e3c64-f861-47cf-a3a3-e7751f272b2f</sln:wojIIPId><sln:wojIIPPn>PL.PZGIK.200</sln:wojIIPPn><sln:wojIIPWersja>2017-10-10T00:00:00+02:00</sln:wojIIPWersja><sln:wojIdTeryt>12</sln:wojIdTeryt><sln:wojNazwa>małopolskie</sln:wojNazwa></sln:miejscowosc><sln:miejscowosc><sln:cyklZyciaOd>2014-12-06T00:00:00+01:00</sln:cyklZyciaOd><sln:gmIIPId>acc1ddf3-d358-4800-8b32-be1192ad5173</sln:gmIIPId><sln:gmIIPPn>PL.PZGIK.200</sln:gmIIPPn><sln:gmIIPWersja>2012-09-26T22:09:15+02:00</sln:gmIIPWersja><sln:gmIdTeryt>1206042</sln:gmIdTeryt><sln:gmNazwa>Jerzmanowice-Przeginia</sln:gmNazwa><sln:miejscIIPId>e74cec09-07ff-4591-8c65-743bfa7ded1b</sln:miejscIIPId><sln:miejscIIPPn>PL.PZGIK.200</sln:miejscIIPPn><sln:miejscIIPWersja>2016-11-24T13:59:39+02:00</sln:miejscIIPWersja><sln:miejscIdTeryt>0321388</sln:miejscIdTeryt><sln:miejscNazwa>Na Świerczynie</sln:miejscNazwa><sln:miejscRodzaj>Inny obiekt</sln:miejscRodzaj><sln:powIIPId>3104c00e-f86d-4d1a-ac9e-8c85e101ac95</sln:powIIPId><sln:powIIPPn>PL.PZGIK.200</sln:powIIPPn><sln:powIIPWersja>2013-07-11T08:30:38+02:00</sln:powIIPWersja><sln:powIdTeryt>1206</sln:powIdTeryt><sln:powNazwa>krakowski</sln:powNazwa><sln:wojIIPId>dd2e3c64-f861-47cf-a3a3-e7751f272b2f</sln:wojIIPId><sln:wojIIPPn>PL.PZGIK.200</sln:wojIIPPn><sln:wojIIPWersja>2017-10-10T00:00:00+02:00</sln:wojIIPWersja><sln:wojIdTeryt>12</sln:wojIdTeryt><sln:wojNazwa>małopolskie</sln:wojNazwa></sln:miejscowosc><sln:miejscowosc><sln:cyklZyciaOd>2014-12-06T00:00:00+01:00</sln:cyklZyciaOd><sln:gmIIPId>acc1ddf3-d358-4800-8b32-be1192ad5173</sln:gmIIPId><sln:gmIIPPn>PL.PZGIK.200</sln:gmIIPPn><sln:gmIIPWersja>2012-09-26T22:09:15+02:00</sln:gmIIPWersja><sln:gmIdTeryt>1206042</sln:gmIdTeryt><sln:gmNazwa>Jerzmanowice-Przeginia</sln:gmNazwa><sln:miejscIIPId>344d2d97-db08-4db9-8c0c-51cc612c9ce6</sln:miejscIIPId><sln:miejscIIPPn>PL.PZGIK.200</sln:miejscIIPPn><sln:miejscIIPWersja>2016-11-24T13:59:39+02:00</sln:miejscIIPWersja><sln:miejscIdTeryt>0321260</sln:miejscIdTeryt><sln:miejscNazwa>Do Mostu</sln:miejscNazwa><sln:miejscRodzaj>Inny obiekt</sln:miejscRodzaj><sln:powIIPId>3104c00e-f86d-4d1a-ac9e-8c85e101ac95</sln:powIIPId><sln:powIIPPn>PL.PZGIK.200</sln:powIIPPn><sln:powIIPWersja>2013-07-11T08:30:38+02:00</sln:powIIPWersja><sln:powIdTeryt>1206</sln:powIdTeryt><sln:powNazwa>krakowski</sln:powNazwa><sln:wojIIPId>dd2e3c64-f861-47cf-a3a3-e7751f272b2f</sln:wojIIPId><sln:wojIIPPn>PL.PZGIK.200</sln:wojIIPPn><sln:wojIIPWersja>2017-10-10T00:00:00+02:00</sln:wojIIPWersja><sln:wojIdTeryt>12</sln:wojIdTeryt><sln:wojNazwa>małopolskie</sln:wojNazwa></sln:miejscowosc><sln:miejscowosc><sln:cyklZyciaOd>2014-12-06T00:00:00+01:00</sln:cyklZyciaOd><sln:gmIIPId>acc1ddf3-d358-4800-8b32-be1192ad5173</sln:gmIIPId><sln:gmIIPPn>PL.PZGIK.200</sln:gmIIPPn><sln:gmIIPWersja>2012-09-26T22:09:15+02:00</sln:gmIIPWersja><sln:gmIdTeryt>1206042</sln:gmIdTeryt><sln:gmNazwa>Jerzmanowice-Przeginia</sln:gmNazwa><sln:miejscIIPId>c7b571d4-15f0-456f-84d5-75fed29dd599</sln:miejscIIPId><sln:miejscIIPPn>PL.PZGIK.200</sln:miejscIIPPn><sln:miejscIIPWersja>2016-11-24T13:57:20+02:00</sln:miejscIIPWersja><sln:miejscIdTeryt>0334416</sln:miejscIdTeryt><sln:miejscNazwa>Sąspówka-Kąty</sln:miejscNazwa><sln:miejscRodzaj>Inny obiekt</sln:miejscRodzaj><sln:powIIPId>3104c00e-f86d-4d1a-ac9e-8c85e101ac95</sln:powIIPId><sln:powIIPPn>PL.PZGIK.200</sln:powIIPPn><sln:powIIPWersja>2013-07-11T08:30:38+02:00</sln:powIIPWersja><sln:powIdTeryt>1206</sln:powIdTeryt><sln:powNazwa>krakowski</sln:powNazwa><sln:wojIIPId>dd2e3c64-f861-47cf-a3a3-e7751f272b2f</sln:wojIIPId><sln:wojIIPPn>PL.PZGIK.200</sln:wojIIPPn><sln:wojIIPWersja>2017-10-10T00:00:00+02:00</sln:wojIIPWersja><sln:wojIdTeryt>12</sln:wojIdTeryt><sln:wojNazwa>małopolskie</sln:wojNazwa></sln:miejscowosc><sln:miejscowosc><sln:cyklZyciaOd>2014-12-06T00:00:00+01:00</sln:cyklZyciaOd><sln:gmIIPId>acc1ddf3-d358-4800-8b32-be1192ad5173</sln:gmIIPId><sln:gmIIPPn>PL.PZGIK.200</sln:gmIIPPn><sln:gmIIPWersja>2012-09-26T22:09:15+02:00</sln:gmIIPWersja><sln:gmIdTeryt>1206042</sln:gmIdTeryt><sln:gmNazwa>Jerzmanowice-Przeginia</sln:gmNazwa><sln:miejscIIPId>b9a4aabd-2b8d-49e4-9472-9e297e98a1e2</sln:miejscIIPId><sln:miejscIIPPn>PL.PZGIK.200</sln:miejscIIPPn><sln:miejscIIPWersja>2016-11-24T13:59:39+02:00</sln:miejscIIPWersja><sln:miejscIdTeryt>0321490</sln:miejscIdTeryt><sln:miejscNazwa>Rzeczki</sln:miejscNazwa><sln:miejscRodzaj>Inny obiekt</sln:miejscRodzaj><sln:powIIPId>3104c00e-f86d-4d1a-ac9e-8c85e101ac95</sln:powIIPId><sln:powIIPPn>PL.PZGIK.200</sln:powIIPPn><sln:powIIPWersja>2013-07-11T08:30:38+02:00</sln:powIIPWersja><sln:powIdTeryt>1206</sln:powIdTeryt><sln:powNazwa>krakowski</sln:powNazwa><sln:wojIIPId>dd2e3c64-f861-47cf-a3a3-e7751f272b2f</sln:wojIIPId><sln:wojIIPPn>PL.PZGIK.200</sln:wojIIPPn><sln:wojIIPWersja>2017-10-10T00:00:00+02:00</sln:wojIIPWersja><sln:wojIdTeryt>12</sln:wojIdTeryt><sln:wojNazwa>małopolskie</sln:wojNazwa></sln:miejscowosc><sln:miejscowosc><sln:cyklZyciaOd>2014-12-06T00:00:00+01:00</sln:cyklZyciaOd><sln:gmIIPId>acc1ddf3-d358-4800-8b32-be1192ad5173</sln:gmIIPId><sln:gmIIPPn>PL.PZGIK.200</sln:gmIIPPn><sln:gmIIPWersja>2012-09-26T22:09:15+02:00</sln:gmIIPWersja><sln:gmIdTeryt>1206042</sln:gmIdTeryt><sln:gmNazwa>Jerzmanowice-Przeginia</sln:gmNazwa><sln:miejscIIPId>d92dee60-6f11-4fa2-846c-b236c044b4ff</sln:miejscIIPId><sln:miejscIIPPn>PL.PZGIK.200</sln:miejscIIPPn><sln:miejscIIPWersja>2016-11-24T13:59:39+02:00</sln:miejscIIPWersja><sln:miejscIdTeryt>0321052</sln:miejscIdTeryt><sln:miejscNazwa>Skotnica</sln:miejscNazwa><sln:miejscRodzaj>Inny obiekt</sln:miejscRodzaj><sln:powIIPId>3104c00e-f86d-4d1a-ac9e-8c85e101ac95</sln:powIIPId><sln:powIIPPn>PL.PZGIK.200</sln:powIIPPn><sln:powIIPWersja>2013-07-11T08:30:38+02:00</sln:powIIPWersja><sln:powIdTeryt>1206</sln:powIdTeryt><sln:powNazwa>krakowski</sln:powNazwa><sln:wojIIPId>dd2e3c64-f861-47cf-a3a3-e7751f272b2f</sln:wojIIPId><sln:wojIIPPn>PL.PZGIK.200</sln:wojIIPPn><sln:wojIIPWersja>2017-10-10T00:00:00+02:00</sln:wojIIPWersja><sln:wojIdTeryt>12</sln:wojIdTeryt><sln:wojNazwa>małopolskie</sln:wojNazwa></sln:miejscowosc><sln:miejscowosc><sln:cyklZyciaOd>2014-12-06T00:00:00+01:00</sln:cyklZyciaOd><sln:gmIIPId>acc1ddf3-d358-4800-8b32-be1192ad5173</sln:gmIIPId><sln:gmIIPPn>PL.PZGIK.200</sln:gmIIPPn><sln:gmIIPWersja>2012-09-26T22:09:15+02:00</sln:gmIIPWersja><sln:gmIdTeryt>1206042</sln:gmIdTeryt><sln:gmNazwa>Jerzmanowice-Przeginia</sln:gmNazwa><sln:miejscIIPId>d4f23ec1-4db0-4324-9b83-0d1175d3b047</sln:miejscIIPId><sln:miejscIIPPn>PL.PZGIK.200</sln:miejscIIPPn><sln:miejscIIPWersja>2016-11-24T13:59:39+02:00</sln:miejscIIPWersja><sln:miejscIdTeryt>0321046</sln:miejscIdTeryt><sln:miejscNazwa>Pod Ostrą Górą</sln:miejscNazwa><sln:miejscRodzaj>Inny obiekt</sln:miejscRodzaj><sln:powIIPId>3104c00e-f86d-4d1a-ac9e-8c85e101ac95</sln:powIIPId><sln:powIIPPn>PL.PZGIK.200</sln:powIIPPn><sln:powIIPWersja>2013-07-11T08:30:38+02:00</sln:powIIPWersja><sln:powIdTeryt>1206</sln:powIdTeryt><sln:powNazwa>krakowski</sln:powNazwa><sln:wojIIPId>dd2e3c64-f861-47cf-a3a3-e7751f272b2f</sln:wojIIPId><sln:wojIIPPn>PL.PZGIK.200</sln:wojIIPPn><sln:wojIIPWersja>2017-10-10T00:00:00+02:00</sln:wojIIPWersja><sln:wojIdTeryt>12</sln:wojIdTeryt><sln:wojNazwa>małopolskie</sln:wojNazwa></sln:miejscowosc><sln:miejscowosc><sln:cyklZyciaOd>2014-12-06T00:00:00+01:00</sln:cyklZyciaOd><sln:gmIIPId>acc1ddf3-d358-4800-8b32-be1192ad5173</sln:gmIIPId><sln:gmIIPPn>PL.PZGIK.200</sln:gmIIPPn><sln:gmIIPWersja>2012-09-26T22:09:15+02:00</sln:gmIIPWersja><sln:gmIdTeryt>1206042</sln:gmIdTeryt><sln:gmNazwa>Jerzmanowice-Przeginia</sln:gmNazwa><sln:miejscIIPId>fc1120b1-242b-4c9d-8ce1-3bba2e382eb8</sln:miejscIIPId><sln:miejscIIPPn>PL.PZGIK.200</sln:miejscIIPPn><sln:miejscIIPWersja>2016-11-24T13:59:39+02:00</sln:miejscIIPWersja><sln:miejscIdTeryt>0321129</sln:miejscIdTeryt><sln:miejscNazwa>Krzemieńce</sln:miejscNazwa><sln:miejscRodzaj>Inny obiekt</sln:miejscRodzaj><sln:powIIPId>3104c00e-f86d-4d1a-ac9e-8c85e101ac95</sln:powIIPId><sln:powIIPPn>PL.PZGIK.200</sln:powIIPPn><sln:powIIPWersja>2013-07-11T08:30:38+02:00</sln:powIIPWersja><sln:powIdTeryt>1206</sln:powIdTeryt><sln:powNazwa>krakowski</sln:powNazwa><sln:wojIIPId>dd2e3c64-f861-47cf-a3a3-e7751f272b2f</sln:wojIIPId><sln:wojIIPPn>PL.PZGIK.200</sln:wojIIPPn><sln:wojIIPWersja>2017-10-10T00:00:00+02:00</sln:wojIIPWersja><sln:wojIdTeryt>12</sln:wojIdTeryt><sln:wojNazwa>małopolskie</sln:wojNazwa></sln:miejscowosc><sln:miejscowosc><sln:cyklZyciaOd>2014-12-06T00:00:00+01:00</sln:cyklZyciaOd><sln:gmIIPId>acc1ddf3-d358-4800-8b32-be1192ad5173</sln:gmIIPId><sln:gmIIPPn>PL.PZGIK.200</sln:gmIIPPn><sln:gmIIPWersja>2012-09-26T22:09:15+02:00</sln:gmIIPWersja><sln:gmIdTeryt>1206042</sln:gmIdTeryt><sln:gmNazwa>Jerzmanowice-Przeginia</sln:gmNazwa><sln:miejscIIPId>d0389e5d-5f8a-4823-bd58-63c021c11e59</sln:miejscIIPId><sln:miejscIIPPn>PL.PZGIK.200</sln:miejscIIPPn><sln:miejscIIPWersja>2016-11-24T13:59:39+02:00</sln:miejscIIPWersja><sln:miejscIdTeryt>0321589</sln:miejscIdTeryt><sln:miejscNazwa>Dół</sln:miejscNazwa><sln:miejscRodzaj>Inny obiekt</sln:miejscRodzaj><sln:powIIPId>3104c00e-f86d-4d1a-ac9e-8c85e101ac95</sln:powIIPId><sln:powIIPPn>PL.PZGIK.200</sln:powIIPPn><sln:powIIPWersja>2013-07-11T08:30:38+02:00</sln:powIIPWersja><sln:powIdTeryt>1206</sln:powIdTeryt><sln:powNazwa>krakowski</sln:powNazwa><sln:wojIIPId>dd2e3c64-f861-47cf-a3a3-e7751f272b2f</sln:wojIIPId><sln:wojIIPPn>PL.PZGIK.200</sln:wojIIPPn><sln:wojIIPWersja>2017-10-10T00:00:00+02:00</sln:wojIIPWersja><sln:wojIdTeryt>12</sln:wojIdTeryt><sln:wojNazwa>małopolskie</sln:wojNazwa></sln:miejscowosc><sln:miejscowosc><sln:cyklZyciaOd>2014-12-06T00:00:00+01:00</sln:cyklZyciaOd><sln:gmIIPId>acc1ddf3-d358-4800-8b32-be1192ad5173</sln:gmIIPId><sln:gmIIPPn>PL.PZGIK.200</sln:gmIIPPn><sln:gmIIPWersja>2012-09-26T22:09:15+02:00</sln:gmIIPWersja><sln:gmIdTeryt>1206042</sln:gmIdTeryt><sln:gmNazwa>Jerzmanowice-Przeginia</sln:gmNazwa><sln:miejscIIPId>2ba41050-465f-4ff2-a7ed-5bd7b7fa058a</sln:miejscIIPId><sln:miejscIIPPn>PL.PZGIK.200</sln:miejscIIPPn><sln:miejscIIPWersja>2016-11-24T13:59:39+02:00</sln:miejscIIPWersja><sln:miejscIdTeryt>0321224</sln:miejscIdTeryt><sln:miejscNazwa>Podzapusty</sln:miejscNazwa><sln:miejscRodzaj>Inny obiekt</sln:miejscRodzaj><sln:powIIPId>3104c00e-f86d-4d1a-ac9e-8c85e101ac95</sln:powIIPId><sln:powIIPPn>PL.PZGIK.200</sln:powIIPPn><sln:powIIPWersja>2013-07-11T08:30:38+02:00</sln:powIIPWersja><sln:powIdTeryt>1206</sln:powIdTeryt><sln:powNazwa>krakowski</sln:powNazwa><sln:wojIIPId>dd2e3c64-f861-47cf-a3a3-e7751f272b2f</sln:wojIIPId><sln:wojIIPPn>PL.PZGIK.200</sln:wojIIPPn><sln:wojIIPWersja>2017-10-10T00:00:00+02:00</sln:wojIIPWersja><sln:wojIdTeryt>12</sln:wojIdTeryt><sln:wojNazwa>małopolskie</sln:wojNazwa></sln:miejscowosc><sln:miejscowosc><sln:cyklZyciaOd>2014-12-06T00:00:00+01:00</sln:cyklZyciaOd><sln:gmIIPId>acc1ddf3-d358-4800-8b32-be1192ad5173</sln:gmIIPId><sln:gmIIPPn>PL.PZGIK.200</sln:gmIIPPn><sln:gmIIPWersja>2012-09-26T22:09:15+02:00</sln:gmIIPWersja><sln:gmIdTeryt>1206042</sln:gmIdTeryt><sln:gmNazwa>Jerzmanowice-Przeginia</sln:gmNazwa><sln:miejscIIPId>038f3a24-e59c-4f42-b803-30c4ca695572</sln:miejscIIPId><sln:miejscIIPPn>PL.PZGIK.200</sln:miejscIIPPn><sln:miejscIIPWersja>2016-11-24T13:59:39+02:00</sln:miejscIIPWersja><sln:miejscIdTeryt>0321075</sln:miejscIdTeryt><sln:miejscNazwa>Gościniec</sln:miejscNazwa><sln:miejscRodzaj>Inny obiekt</sln:miejscRodzaj><sln:powIIPId>3104c00e-f86d-4d1a-ac9e-8c85e101ac95</sln:powIIPId><sln:powIIPPn>PL.PZGIK.200</sln:powIIPPn><sln:powIIPWersja>2013-07-11T08:30:38+02:00</sln:powIIPWersja><sln:powIdTeryt>1206</sln:powIdTeryt><sln:powNazwa>krakowski</sln:powNazwa><sln:wojIIPId>dd2e3c64-f861-47cf-a3a3-e7751f272b2f</sln:wojIIPId><sln:wojIIPPn>PL.PZGIK.200</sln:wojIIPPn><sln:wojIIPWersja>2017-10-10T00:00:00+02:00</sln:wojIIPWersja><sln:wojIdTeryt>12</sln:wojIdTeryt><sln:wojNazwa>małopolskie</sln:wojNazwa></sln:miejscowosc><sln:miejscowosc><sln:cyklZyciaOd>2014-12-06T00:00:00+01:00</sln:cyklZyciaOd><sln:gmIIPId>acc1ddf3-d358-4800-8b32-be1192ad5173</sln:gmIIPId><sln:gmIIPPn>PL.PZGIK.200</sln:gmIIPPn><sln:gmIIPWersja>2012-09-26T22:09:15+02:00</sln:gmIIPWersja><sln:gmIdTeryt>1206042</sln:gmIdTeryt><sln:gmNazwa>Jerzmanowice-Przeginia</sln:gmNazwa><sln:miejscIIPId>b89ed673-8c18-4e5f-8cb2-e019a1ee9218</sln:miejscIIPId><sln:miejscIIPPn>PL.PZGIK.200</sln:miejscIIPPn><sln:miejscIIPWersja>2016-11-24T13:59:39+02:00</sln:miejscIIPWersja><sln:miejscIdTeryt>0321595</sln:miejscIdTeryt><sln:miejscNazwa>Góra</sln:miejscNazwa><sln:miejscRodzaj>Inny obiekt</sln:miejscRodzaj><sln:powIIPId>3104c00e-f86d-4d1a-ac9e-8c85e101ac95</sln:powIIPId><sln:powIIPPn>PL.PZGIK.200</sln:powIIPPn><sln:powIIPWersja>2013-07-11T08:30:38+02:00</sln:powIIPWersja><sln:powIdTeryt>1206</sln:powIdTeryt><sln:powNazwa>krakowski</sln:powNazwa><sln:wojIIPId>dd2e3c64-f861-47cf-a3a3-e7751f272b2f</sln:wojIIPId><sln:wojIIPPn>PL.PZGIK.200</sln:wojIIPPn><sln:wojIIPWersja>2017-10-10T00:00:00+02:00</sln:wojIIPWersja><sln:wojIdTeryt>12</sln:wojIdTeryt><sln:wojNazwa>małopolskie</sln:wojNazwa></sln:miejscowosc><sln:miejscowosc><sln:cyklZyciaOd>2014-12-06T00:00:00+01:00</sln:cyklZyciaOd><sln:gmIIPId>acc1ddf3-d358-4800-8b32-be1192ad5173</sln:gmIIPId><sln:gmIIPPn>PL.PZGIK.200</sln:gmIIPPn><sln:gmIIPWersja>2012-09-26T22:09:15+02:00</sln:gmIIPWersja><sln:gmIdTeryt>1206042</sln:gmIdTeryt><sln:gmNazwa>Jerzmanowice-Przeginia</sln:gmNazwa><sln:miejscIIPId>00d061cd-6fe8-45a9-8dcd-292fda210e21</sln:miejscIIPId><sln:miejscIIPPn>PL.PZGIK.200</sln:miejscIIPPn><sln:miejscIIPWersja>2016-11-24T13:59:39+02:00</sln:miejscIIPWersja><sln:miejscIdTeryt>0321218</sln:miejscIdTeryt><sln:miejscNazwa>Międzygórze</sln:miejscNazwa><sln:miejscRodzaj>Inny obiekt</sln:miejscRodzaj><sln:powIIPId>3104c00e-f86d-4d1a-ac9e-8c85e101ac95</sln:powIIPId><sln:powIIPPn>PL.PZGIK.200</sln:powIIPPn><sln:powIIPWersja>2013-07-11T08:30:38+02:00</sln:powIIPWersja><sln:powIdTeryt>1206</sln:powIdTeryt><sln:powNazwa>krakowski</sln:powNazwa><sln:wojIIPId>dd2e3c64-f861-47cf-a3a3-e7751f272b2f</sln:wojIIPId><sln:wojIIPPn>PL.PZGIK.200</sln:wojIIPPn><sln:wojIIPWersja>2017-10-10T00:00:00+02:00</sln:wojIIPWersja><sln:wojIdTeryt>12</sln:wojIdTeryt><sln:wojNazwa>małopolskie</sln:wojNazwa></sln:miejscowosc><sln:miejscowosc><sln:cyklZyciaOd>2014-12-06T00:00:00+01:00</sln:cyklZyciaOd><sln:gmIIPId>acc1ddf3-d358-4800-8b32-be1192ad5173</sln:gmIIPId><sln:gmIIPPn>PL.PZGIK.200</sln:gmIIPPn><sln:gmIIPWersja>2012-09-26T22:09:15+02:00</sln:gmIIPWersja><sln:gmIdTeryt>1206042</sln:gmIdTeryt><sln:gmNazwa>Jerzmanowice-Przeginia</sln:gmNazwa><sln:miejscIIPId>d96a6517-89b1-4e4d-a52f-c4e922fed16c</sln:miejscIIPId><sln:miejscIIPPn>PL.PZGIK.200</sln:miejscIIPPn><sln:miejscIIPWersja>2016-11-24T13:59:39+02:00</sln:miejscIIPWersja><sln:miejscIdTeryt>0321276</sln:miejscIdTeryt><sln:miejscNazwa>Masalina Góra</sln:miejscNazwa><sln:miejscRodzaj>Inny obiekt</sln:miejscRodzaj><sln:powIIPId>3104c00e-f86d-4d1a-ac9e-8c85e101ac95</sln:powIIPId><sln:powIIPPn>PL.PZGIK.200</sln:powIIPPn><sln:powIIPWersja>2013-07-11T08:30:38+02:00</sln:powIIPWersja><sln:powIdTeryt>1206</sln:powIdTeryt><sln:powNazwa>krakowski</sln:powNazwa><sln:wojIIPId>dd2e3c64-f861-47cf-a3a3-e7751f272b2f</sln:wojIIPId><sln:wojIIPPn>PL.PZGIK.200</sln:wojIIPPn><sln:wojIIPWersja>2017-10-10T00:00:00+02:00</sln:wojIIPWersja><sln:wojIdTeryt>12</sln:wojIdTeryt><sln:wojNazwa>małopolskie</sln:wojNazwa></sln:miejscowosc><sln:miejscowosc><sln:cyklZyciaOd>2014-12-06T00:00:00+01:00</sln:cyklZyciaOd><sln:gmIIPId>acc1ddf3-d358-4800-8b32-be1192ad5173</sln:gmIIPId><sln:gmIIPPn>PL.PZGIK.200</sln:gmIIPPn><sln:gmIIPWersja>2012-09-26T22:09:15+02:00</sln:gmIIPWersja><sln:gmIdTeryt>1206042</sln:gmIdTeryt><sln:gmNazwa>Jerzmanowice-Przeginia</sln:gmNazwa><sln:miejscIIPId>12e12cc2-8e13-4b76-b6a2-1cf658024aec</sln:miejscIIPId><sln:miejscIIPPn>PL.PZGIK.200</sln:miejscIIPPn><sln:miejscIIPWersja>2016-11-24T13:57:20+02:00</sln:miejscIIPWersja><sln:miejscIdTeryt>0321112</sln:miejscIdTeryt><sln:miejscNazwa>Kopaniny</sln:miejscNazwa><sln:miejscRodzaj>Inny obiekt</sln:miejscRodzaj><sln:powIIPId>3104c00e-f86d-4d1a-ac9e-8c85e101ac95</sln:powIIPId><sln:powIIPPn>PL.PZGIK.200</sln:powIIPPn><sln:powIIPWersja>2013-07-11T08:30:38+02:00</sln:powIIPWersja><sln:powIdTeryt>1206</sln:powIdTeryt><sln:powNazwa>krakowski</sln:powNazwa><sln:wojIIPId>dd2e3c64-f861-47cf-a3a3-e7751f272b2f</sln:wojIIPId><sln:wojIIPPn>PL.PZGIK.200</sln:wojIIPPn><sln:wojIIPWersja>2017-10-10T00:00:00+02:00</sln:wojIIPWersja><sln:wojIdTeryt>12</sln:wojIdTeryt><sln:wojNazwa>małopolskie</sln:wojNazwa></sln:miejscowosc><sln:miejscowosc><sln:cyklZyciaOd>2014-12-06T00:00:00+01:00</sln:cyklZyciaOd><sln:gmIIPId>acc1ddf3-d358-4800-8b32-be1192ad5173</sln:gmIIPId><sln:gmIIPPn>PL.PZGIK.200</sln:gmIIPPn><sln:gmIIPWersja>2012-09-26T22:09:15+02:00</sln:gmIIPWersja><sln:gmIdTeryt>1206042</sln:gmIdTeryt><sln:gmNazwa>Jerzmanowice-Przeginia</sln:gmNazwa><sln:miejscIIPId>ab982806-ae46-4b1c-a086-ce02746210ca</sln:miejscIIPId><sln:miejscIIPPn>PL.PZGIK.200</sln:miejscIIPPn><sln:miejscIIPWersja>2016-11-24T13:45:46+02:00</sln:miejscIIPWersja><sln:miejscIdTeryt>0321336</sln:miejscIdTeryt><sln:miejscNazwa>Spławy</sln:miejscNazwa><sln:miejscRodzaj>Inny obiekt</sln:miejscRodzaj><sln:powIIPId>3104c00e-f86d-4d1a-ac9e-8c85e101ac95</sln:powIIPId><sln:powIIPPn>PL.PZGIK.200</sln:powIIPPn><sln:powIIPWersja>2013-07-11T08:30:38+02:00</sln:powIIPWersja><sln:powIdTeryt>1206</sln:powIdTeryt><sln:powNazwa>krakowski</sln:powNazwa><sln:wojIIPId>dd2e3c64-f861-47cf-a3a3-e7751f272b2f</sln:wojIIPId><sln:wojIIPPn>PL.PZGIK.200</sln:wojIIPPn><sln:wojIIPWersja>2017-10-10T00:00:00+02:00</sln:wojIIPWersja><sln:wojIdTeryt>12</sln:wojIdTeryt><sln:wojNazwa>małopolskie</sln:wojNazwa></sln:miejscowosc><sln:miejscowosc><sln:cyklZyciaOd>2014-12-06T00:00:00+01:00</sln:cyklZyciaOd><sln:gmIIPId>acc1ddf3-d358-4800-8b32-be1192ad5173</sln:gmIIPId><sln:gmIIPPn>PL.PZGIK.200</sln:gmIIPPn><sln:gmIIPWersja>2012-09-26T22:09:15+02:00</sln:gmIIPWersja><sln:gmIdTeryt>1206042</sln:gmIdTeryt><sln:gmNazwa>Jerzmanowice-Przeginia</sln:gmNazwa><sln:miejscIIPId>ab97da97-f301-40cd-9bcf-e49324ea9af4</sln:miejscIIPId><sln:miejscIIPPn>PL.PZGIK.200</sln:miejscIIPPn><sln:miejscIIPWersja>2016-11-24T13:46:32+02:00</sln:miejscIIPWersja><sln:miejscIdTeryt>0321550</sln:miejscIdTeryt><sln:miejscNazwa>Wymysłów</sln:miejscNazwa><sln:miejscRodzaj>Inny obiekt</sln:miejscRodzaj><sln:powIIPId>3104c00e-f86d-4d1a-ac9e-8c85e101ac95</sln:powIIPId><sln:powIIPPn>PL.PZGIK.200</sln:powIIPPn><sln:powIIPWersja>2013-07-11T08:30:38+02:00</sln:powIIPWersja><sln:powIdTeryt>1206</sln:powIdTeryt><sln:powNazwa>krakowski</sln:powNazwa><sln:wojIIPId>dd2e3c64-f861-47cf-a3a3-e7751f272b2f</sln:wojIIPId><sln:wojIIPPn>PL.PZGIK.200</sln:wojIIPPn><sln:wojIIPWersja>2017-10-10T00:00:00+02:00</sln:wojIIPWersja><sln:wojIdTeryt>12</sln:wojIdTeryt><sln:wojNazwa>małopolskie</sln:wojNazwa></sln:miejscowosc><sln:miejscowosc><sln:cyklZyciaOd>2014-12-06T00:00:00+01:00</sln:cyklZyciaOd><sln:gmIIPId>acc1ddf3-d358-4800-8b32-be1192ad5173</sln:gmIIPId><sln:gmIIPPn>PL.PZGIK.200</sln:gmIIPPn><sln:gmIIPWersja>2012-09-26T22:09:15+02:00</sln:gmIIPWersja><sln:gmIdTeryt>1206042</sln:gmIdTeryt><sln:gmNazwa>Jerzmanowice-Przeginia</sln:gmNazwa><sln:miejscIIPId>adb19de8-8438-4fb6-bcfd-bf75de1b4b36</sln:miejscIIPId><sln:miejscIIPPn>PL.PZGIK.200</sln:miejscIIPPn><sln:miejscIIPWersja>2016-11-24T13:35:56+02:00</sln:miejscIIPWersja><sln:miejscIdTeryt>0320986</sln:miejscIdTeryt><sln:miejscNazwa>Czubrowice</sln:miejscNazwa><sln:miejscRodzaj>Wieś</sln:miejscRodzaj><sln:powIIPId>3104c00e-f86d-4d1a-ac9e-8c85e101ac95</sln:powIIPId><sln:powIIPPn>PL.PZGIK.200</sln:powIIPPn><sln:powIIPWersja>2013-07-11T08:30:38+02:00</sln:powIIPWersja><sln:powIdTeryt>1206</sln:powIdTeryt><sln:powNazwa>krakowski</sln:powNazwa><sln:wojIIPId>dd2e3c64-f861-47cf-a3a3-e7751f272b2f</sln:wojIIPId><sln:wojIIPPn>PL.PZGIK.200</sln:wojIIPPn><sln:wojIIPWersja>2017-10-10T00:00:00+02:00</sln:wojIIPWersja><sln:wojIdTeryt>12</sln:wojIdTeryt><sln:wojNazwa>małopolskie</sln:wojNazwa></sln:miejscowosc><sln:miejscowosc><sln:cyklZyciaOd>2014-12-06T00:00:00+01:00</sln:cyklZyciaOd><sln:gmIIPId>acc1ddf3-d358-4800-8b32-be1192ad5173</sln:gmIIPId><sln:gmIIPPn>PL.PZGIK.200</sln:gmIIPPn><sln:gmIIPWersja>2012-09-26T22:09:15+02:00</sln:gmIIPWersja><sln:gmIdTeryt>1206042</sln:gmIdTeryt><sln:gmNazwa>Jerzmanowice-Przeginia</sln:gmNazwa><sln:miejscIIPId>2e155ccf-df72-4383-a24a-b972c4646f51</sln:miejscIIPId><sln:miejscIIPPn>PL.PZGIK.200</sln:miejscIIPPn><sln:miejscIIPWersja>2016-11-24T13:46:31+02:00</sln:miejscIIPWersja><sln:miejscIdTeryt>0321508</sln:miejscIdTeryt><sln:miejscNazwa>Skotnica</sln:miejscNazwa><sln:miejscRodzaj>Inny obiekt</sln:miejscRodzaj><sln:powIIPId>3104c00e-f86d-4d1a-ac9e-8c85e101ac95</sln:powIIPId><sln:powIIPPn>PL.PZGIK.200</sln:powIIPPn><sln:powIIPWersja>2013-07-11T08:30:38+02:00</sln:powIIPWersja><sln:powIdTeryt>1206</sln:powIdTeryt><sln:powNazwa>krakowski</sln:powNazwa><sln:wojIIPId>dd2e3c64-f861-47cf-a3a3-e7751f272b2f</sln:wojIIPId><sln:wojIIPPn>PL.PZGIK.200</sln:wojIIPPn><sln:wojIIPWersja>2017-10-10T00:00:00+02:00</sln:wojIIPWersja><sln:wojIdTeryt>12</sln:wojIdTeryt><sln:wojNazwa>małopolskie</sln:wojNazwa></sln:miejscowosc><sln:miejscowosc><sln:cyklZyciaOd>2014-12-06T00:00:00+01:00</sln:cyklZyciaOd><sln:gmIIPId>acc1ddf3-d358-4800-8b32-be1192ad5173</sln:gmIIPId><sln:gmIIPPn>PL.PZGIK.200</sln:gmIIPPn><sln:gmIIPWersja>2012-09-26T22:09:15+02:00</sln:gmIIPWersja><sln:gmIdTeryt>1206042</sln:gmIdTeryt><sln:gmNazwa>Jerzmanowice-Przeginia</sln:gmNazwa><sln:miejscIIPId>825c1d74-5797-4299-8229-82fa2447736f</sln:miejscIIPId><sln:miejscIIPPn>PL.PZGIK.200</sln:miejscIIPPn><sln:miejscIIPWersja>2016-11-24T13:46:32+02:00</sln:miejscIIPWersja><sln:miejscIdTeryt>0321448</sln:miejscIdTeryt><sln:miejscNazwa>Gościniec</sln:miejscNazwa><sln:miejscRodzaj>Inny obiekt</sln:miejscRodzaj><sln:powIIPId>3104c00e-f86d-4d1a-ac9e-8c85e101ac95</sln:powIIPId><sln:powIIPPn>PL.PZGIK.200</sln:powIIPPn><sln:powIIPWersja>2013-07-11T08:30:38+02:00</sln:powIIPWersja><sln:powIdTeryt>1206</sln:powIdTeryt><sln:powNazwa>krakowski</sln:powNazwa><sln:wojIIPId>dd2e3c64-f861-47cf-a3a3-e7751f272b2f</sln:wojIIPId><sln:wojIIPPn>PL.PZGIK.200</sln:wojIIPPn><sln:wojIIPWersja>2017-10-10T00:00:00+02:00</sln:wojIIPWersja><sln:wojIdTeryt>12</sln:wojIdTeryt><sln:wojNazwa>małopolskie</sln:wojNazwa></sln:miejscowosc><sln:miejscowosc><sln:cyklZyciaOd>2014-12-06T00:00:00+01:00</sln:cyklZyciaOd><sln:gmIIPId>acc1ddf3-d358-4800-8b32-be1192ad5173</sln:gmIIPId><sln:gmIIPPn>PL.PZGIK.200</sln:gmIIPPn><sln:gmIIPWersja>2012-09-26T22:09:15+02:00</sln:gmIIPWersja><sln:gmIdTeryt>1206042</sln:gmIdTeryt><sln:gmNazwa>Jerzmanowice-Przeginia</sln:gmNazwa><sln:miejscIIPId>02d315cf-3b31-4130-9355-62a1803080fe</sln:miejscIIPId><sln:miejscIIPPn>PL.PZGIK.200</sln:miejscIIPPn><sln:miejscIIPWersja>2016-11-24T13:52:04+02:00</sln:miejscIIPWersja><sln:miejscIdTeryt>0320992</sln:miejscIdTeryt><sln:miejscNazwa>Górka</sln:miejscNazwa><sln:miejscRodzaj>Inny obiekt</sln:miejscRodzaj><sln:powIIPId>3104c00e-f86d-4d1a-ac9e-8c85e101ac95</sln:powIIPId><sln:powIIPPn>PL.PZGIK.200</sln:powIIPPn><sln:powIIPWersja>2013-07-11T08:30:38+02:00</sln:powIIPWersja><sln:powIdTeryt>1206</sln:powIdTeryt><sln:powNazwa>krakowski</sln:powNazwa><sln:wojIIPId>dd2e3c64-f861-47cf-a3a3-e7751f272b2f</sln:wojIIPId><sln:wojIIPPn>PL.PZGIK.200</sln:wojIIPPn><sln:wojIIPWersja>2017-10-10T00:00:00+02:00</sln:wojIIPWersja><sln:wojIdTeryt>12</sln:wojIdTeryt><sln:wojNazwa>małopolskie</sln:wojNazwa></sln:miejscowosc><sln:miejscowosc><sln:cyklZyciaOd>2014-12-06T00:00:00+01:00</sln:cyklZyciaOd><sln:gmIIPId>acc1ddf3-d358-4800-8b32-be1192ad5173</sln:gmIIPId><sln:gmIIPPn>PL.PZGIK.200</sln:gmIIPPn><sln:gmIIPWersja>2012-09-26T22:09:15+02:00</sln:gmIIPWersja><sln:gmIdTeryt>1206042</sln:gmIdTeryt><sln:gmNazwa>Jerzmanowice-Przeginia</sln:gmNazwa><sln:miejscIIPId>3f1b0aaa-094d-42b5-86c3-13db76327dda</sln:miejscIIPId><sln:miejscIIPPn>PL.PZGIK.200</sln:miejscIIPPn><sln:miejscIIPWersja>2016-11-24T13:55:00+02:00</sln:miejscIIPWersja><sln:miejscIdTeryt>0321106</sln:miejscIdTeryt><sln:miejscNazwa>Kolonia Zachodnia</sln:miejscNazwa><sln:miejscRodzaj>Inny obiekt</sln:miejscRodzaj><sln:powIIPId>3104c00e-f86d-4d1a-ac9e-8c85e101ac95</sln:powIIPId><sln:powIIPPn>PL.PZGIK.200</sln:powIIPPn><sln:powIIPWersja>2013-07-11T08:30:38+02:00</sln:powIIPWersja><sln:powIdTeryt>1206</sln:powIdTeryt><sln:powNazwa>krakowski</sln:powNazwa><sln:wojIIPId>dd2e3c64-f861-47cf-a3a3-e7751f272b2f</sln:wojIIPId><sln:wojIIPPn>PL.PZGIK.200</sln:wojIIPPn><sln:wojIIPWersja>2017-10-10T00:00:00+02:00</sln:wojIIPWersja><sln:wojIdTeryt>12</sln:wojIdTeryt><sln:wojNazwa>małopolskie</sln:wojNazwa></sln:miejscowosc><sln:miejscowosc><sln:cyklZyciaOd>2014-12-06T00:00:00+01:00</sln:cyklZyciaOd><sln:gmIIPId>acc1ddf3-d358-4800-8b32-be1192ad5173</sln:gmIIPId><sln:gmIIPPn>PL.PZGIK.200</sln:gmIIPPn><sln:gmIIPWersja>2012-09-26T22:09:15+02:00</sln:gmIIPWersja><sln:gmIdTeryt>1206042</sln:gmIdTeryt><sln:gmNazwa>Jerzmanowice-Przeginia</sln:gmNazwa><sln:miejscIIPId>c5bc3739-e7ad-4352-8472-1aa56c96c1ea</sln:miejscIIPId><sln:miejscIIPPn>PL.PZGIK.200</sln:miejscIIPPn><sln:miejscIIPWersja>2016-11-24T13:37:37+02:00</sln:miejscIIPWersja><sln:miejscIdTeryt>0321030</sln:miejscIdTeryt><sln:miejscNazwa>Gotkowice</sln:miejscNazwa><sln:miejscRodzaj>Wieś</sln:miejscRodzaj><sln:powIIPId>3104c00e-f86d-4d1a-ac9e-8c85e101ac95</sln:powIIPId><sln:powIIPPn>PL.PZGIK.200</sln:powIIPPn><sln:powIIPWersja>2013-07-11T08:30:38+02:00</sln:powIIPWersja><sln:powIdTeryt>1206</sln:powIdTeryt><sln:powNazwa>krakowski</sln:powNazwa><sln:wojIIPId>dd2e3c64-f861-47cf-a3a3-e7751f272b2f</sln:wojIIPId><sln:wojIIPPn>PL.PZGIK.200</sln:wojIIPPn><sln:wojIIPWersja>2017-10-10T00:00:00+02:00</sln:wojIIPWersja><sln:wojIdTeryt>12</sln:wojIdTeryt><sln:wojNazwa>małopolskie</sln:wojNazwa></sln:miejscowosc><sln:miejscowosc><sln:cyklZyciaOd>2014-12-06T00:00:00+01:00</sln:cyklZyciaOd><sln:gmIIPId>acc1ddf3-d358-4800-8b32-be1192ad5173</sln:gmIIPId><sln:gmIIPPn>PL.PZGIK.200</sln:gmIIPPn><sln:gmIIPWersja>2012-09-26T22:09:15+02:00</sln:gmIIPWersja><sln:gmIdTeryt>1206042</sln:gmIdTeryt><sln:gmNazwa>Jerzmanowice-Przeginia</sln:gmNazwa><sln:miejscIIPId>95954bf5-7b98-4137-866d-02d881ef6183</sln:miejscIIPId><sln:miejscIIPPn>PL.PZGIK.200</sln:miejscIIPPn><sln:miejscIIPWersja>2016-11-24T13:32:00+02:00</sln:miejscIIPWersja><sln:miejscIdTeryt>0321572</sln:miejscIdTeryt><sln:miejscNazwa>Szklary</sln:miejscNazwa><sln:miejscRodzaj>Wieś</sln:miejscRodzaj><sln:powIIPId>3104c00e-f86d-4d1a-ac9e-8c85e101ac95</sln:powIIPId><sln:powIIPPn>PL.PZGIK.200</sln:powIIPPn><sln:powIIPWersja>2013-07-11T08:30:38+02:00</sln:powIIPWersja><sln:powIdTeryt>1206</sln:powIdTeryt><sln:powNazwa>krakowski</sln:powNazwa><sln:wojIIPId>dd2e3c64-f861-47cf-a3a3-e7751f272b2f</sln:wojIIPId><sln:wojIIPPn>PL.PZGIK.200</sln:wojIIPPn><sln:wojIIPWersja>2017-10-10T00:00:00+02:00</sln:wojIIPWersja><sln:wojIdTeryt>12</sln:wojIdTeryt><sln:wojNazwa>małopolskie</sln:wojNazwa></sln:miejscowosc><sln:miejscowosc><sln:cyklZyciaOd>2014-12-06T00:00:00+01:00</sln:cyklZyciaOd><sln:gmIIPId>acc1ddf3-d358-4800-8b32-be1192ad5173</sln:gmIIPId><sln:gmIIPPn>PL.PZGIK.200</sln:gmIIPPn><sln:gmIIPWersja>2012-09-26T22:09:15+02:00</sln:gmIIPWersja><sln:gmIdTeryt>1206042</sln:gmIdTeryt><sln:gmNazwa>Jerzmanowice-Przeginia</sln:gmNazwa><sln:miejscIIPId>56c76133-9385-4a23-b43e-b9641f23cc72</sln:miejscIIPId><sln:miejscIIPPn>PL.PZGIK.200</sln:miejscIIPPn><sln:miejscIIPWersja>2016-11-24T13:59:39+02:00</sln:miejscIIPWersja><sln:miejscIdTeryt>0321313</sln:miejscIdTeryt><sln:miejscNazwa>Pod Bożą Męką</sln:miejscNazwa><sln:miejscRodzaj>Inny obiekt</sln:miejscRodzaj><sln:powIIPId>3104c00e-f86d-4d1a-ac9e-8c85e101ac95</sln:powIIPId><sln:powIIPPn>PL.PZGIK.200</sln:powIIPPn><sln:powIIPWersja>2013-07-11T08:30:38+02:00</sln:powIIPWersja><sln:powIdTeryt>1206</sln:powIdTeryt><sln:powNazwa>krakowski</sln:powNazwa><sln:wojIIPId>dd2e3c64-f861-47cf-a3a3-e7751f272b2f</sln:wojIIPId><sln:wojIIPPn>PL.PZGIK.200</sln:wojIIPPn><sln:wojIIPWersja>2017-10-10T00:00:00+02:00</sln:wojIIPWersja><sln:wojIdTeryt>12</sln:wojIdTeryt><sln:wojNazwa>małopolskie</sln:wojNazwa></sln:miejscowosc><sln:miejscowosc><sln:cyklZyciaOd>2014-12-06T00:00:00+01:00</sln:cyklZyciaOd><sln:gmIIPId>acc1ddf3-d358-4800-8b32-be1192ad5173</sln:gmIIPId><sln:gmIIPPn>PL.PZGIK.200</sln:gmIIPPn><sln:gmIIPWersja>2012-09-26T22:09:15+02:00</sln:gmIIPWersja><sln:gmIdTeryt>1206042</sln:gmIdTeryt><sln:gmNazwa>Jerzmanowice-Przeginia</sln:gmNazwa><sln:miejscIIPId>4a4e1c03-d308-4a6f-9184-c9382e17e071</sln:miejscIIPId><sln:miejscIIPPn>PL.PZGIK.200</sln:miejscIIPPn><sln:miejscIIPWersja>2016-11-24T13:59:39+02:00</sln:miejscIIPWersja><sln:miejscIdTeryt>0321299</sln:miejscIdTeryt><sln:miejscNazwa>Na Skotnicy</sln:miejscNazwa><sln:miejscRodzaj>Inny obiekt</sln:miejscRodzaj><sln:powIIPId>3104c00e-f86d-4d1a-ac9e-8c85e101ac95</sln:powIIPId><sln:powIIPPn>PL.PZGIK.200</sln:powIIPPn><sln:powIIPWersja>2013-07-11T08:30:38+02:00</sln:powIIPWersja><sln:powIdTeryt>1206</sln:powIdTeryt><sln:powNazwa>krakowski</sln:powNazwa><sln:wojIIPId>dd2e3c64-f861-47cf-a3a3-e7751f272b2f</sln:wojIIPId><sln:wojIIPPn>PL.PZGIK.200</sln:wojIIPPn><sln:wojIIPWersja>2017-10-10T00:00:00+02:00</sln:wojIIPWersja><sln:wojIdTeryt>12</sln:wojIdTeryt><sln:wojNazwa>małopolskie</sln:wojNazwa></sln:miejscowosc><sln:miejscowosc><sln:cyklZyciaOd>2014-12-06T00:00:00+01:00</sln:cyklZyciaOd><sln:gmIIPId>acc1ddf3-d358-4800-8b32-be1192ad5173</sln:gmIIPId><sln:gmIIPPn>PL.PZGIK.200</sln:gmIIPPn><sln:gmIIPWersja>2012-09-26T22:09:15+02:00</sln:gmIIPWersja><sln:gmIdTeryt>1206042</sln:gmIdTeryt><sln:gmNazwa>Jerzmanowice-Przeginia</sln:gmNazwa><sln:miejscIIPId>6293ddb6-8a66-4d38-9024-57493211a79d</sln:miejscIIPId><sln:miejscIIPPn>PL.PZGIK.200</sln:miejscIIPPn><sln:miejscIIPWersja>2016-11-24T13:59:39+02:00</sln:miejscIIPWersja><sln:miejscIdTeryt>0321394</sln:miejscIdTeryt><sln:miejscNazwa>Na Księżnym Polu</sln:miejscNazwa><sln:miejscRodzaj>Osada</sln:miejscRodzaj><sln:powIIPId>3104c00e-f86d-4d1a-ac9e-8c85e101ac95</sln:powIIPId><sln:powIIPPn>PL.PZGIK.200</sln:powIIPPn><sln:powIIPWersja>2013-07-11T08:30:38+02:00</sln:powIIPWersja><sln:powIdTeryt>1206</sln:powIdTeryt><sln:powNazwa>krakowski</sln:powNazwa><sln:wojIIPId>dd2e3c64-f861-47cf-a3a3-e7751f272b2f</sln:wojIIPId><sln:wojIIPPn>PL.PZGIK.200</sln:wojIIPPn><sln:wojIIPWersja>2017-10-10T00:00:00+02:00</sln:wojIIPWersja><sln:wojIdTeryt>12</sln:wojIdTeryt><sln:wojNazwa>małopolskie</sln:wojNazwa></sln:miejscowosc><sln:miejscowosc><sln:cyklZyciaOd>2014-12-06T00:00:00+01:00</sln:cyklZyciaOd><sln:gmIIPId>acc1ddf3-d358-4800-8b32-be1192ad5173</sln:gmIIPId><sln:gmIIPPn>PL.PZGIK.200</sln:gmIIPPn><sln:gmIIPWersja>2012-09-26T22:09:15+02:00</sln:gmIIPWersja><sln:gmIdTeryt>1206042</sln:gmIdTeryt><sln:gmNazwa>Jerzmanowice-Przeginia</sln:gmNazwa><sln:miejscIIPId>58f03648-5bab-441d-a0bc-6af3c728906d</sln:miejscIIPId><sln:miejscIIPPn>PL.PZGIK.200</sln:miejscIIPPn><sln:miejscIIPWersja>2016-11-24T13:59:39+02:00</sln:miejscIIPWersja><sln:miejscIdTeryt>0321017</sln:miejscIdTeryt><sln:miejscNazwa>Koło Szkoły</sln:miejscNazwa><sln:miejscRodzaj>Inny obiekt</sln:miejscRodzaj><sln:powIIPId>3104c00e-f86d-4d1a-ac9e-8c85e101ac95</sln:powIIPId><sln:powIIPPn>PL.PZGIK.200</sln:powIIPPn><sln:powIIPWersja>2013-07-11T08:30:38+02:00</sln:powIIPWersja><sln:powIdTeryt>1206</sln:powIdTeryt><sln:powNazwa>krakowski</sln:powNazwa><sln:wojIIPId>dd2e3c64-f861-47cf-a3a3-e7751f272b2f</sln:wojIIPId><sln:wojIIPPn>PL.PZGIK.200</sln:wojIIPPn><sln:wojIIPWersja>2017-10-10T00:00:00+02:00</sln:wojIIPWersja><sln:wojIdTeryt>12</sln:wojIdTeryt><sln:wojNazwa>małopolskie</sln:wojNazwa></sln:miejscowosc><sln:miejscowosc><sln:cyklZyciaOd>2014-12-06T00:00:00+01:00</sln:cyklZyciaOd><sln:gmIIPId>acc1ddf3-d358-4800-8b32-be1192ad5173</sln:gmIIPId><sln:gmIIPPn>PL.PZGIK.200</sln:gmIIPPn><sln:gmIIPWersja>2012-09-26T22:09:15+02:00</sln:gmIIPWersja><sln:gmIdTeryt>1206042</sln:gmIdTeryt><sln:gmNazwa>Jerzmanowice-Przeginia</sln:gmNazwa><sln:miejscIIPId>4fc7ffdc-5730-4ec6-935f-d4de2c3e83b9</sln:miejscIIPId><sln:miejscIIPPn>PL.PZGIK.200</sln:miejscIIPPn><sln:miejscIIPWersja>2016-11-24T13:59:39+02:00</sln:miejscIIPWersja><sln:miejscIdTeryt>0321135</sln:miejscIdTeryt><sln:miejscNazwa>Lepianka</sln:miejscNazwa><sln:miejscRodzaj>Inny obiekt</sln:miejscRodzaj><sln:powIIPId>3104c00e-f86d-4d1a-ac9e-8c85e101ac95</sln:powIIPId><sln:powIIPPn>PL.PZGIK.200</sln:powIIPPn><sln:powIIPWersja>2013-07-11T08:30:38+02:00</sln:powIIPWersja><sln:powIdTeryt>1206</sln:powIdTeryt><sln:powNazwa>krakowski</sln:powNazwa><sln:wojIIPId>dd2e3c64-f861-47cf-a3a3-e7751f272b2f</sln:wojIIPId><sln:wojIIPPn>PL.PZGIK.200</sln:wojIIPPn><sln:wojIIPWersja>2017-10-10T00:00:00+02:00</sln:wojIIPWersja><sln:wojIdTeryt>12</sln:wojIdTeryt><sln:wojNazwa>małopolskie</sln:wojNazwa></sln:miejscowosc><sln:miejscowosc><sln:cyklZyciaOd>2014-12-06T00:00:00+01:00</sln:cyklZyciaOd><sln:gmIIPId>acc1ddf3-d358-4800-8b32-be1192ad5173</sln:gmIIPId><sln:gmIIPPn>PL.PZGIK.200</sln:gmIIPPn><sln:gmIIPWersja>2012-09-26T22:09:15+02:00</sln:gmIIPWersja><sln:gmIdTeryt>1206042</sln:gmIdTeryt><sln:gmNazwa>Jerzmanowice-Przeginia</sln:gmNazwa><sln:miejscIIPId>60a15244-8b17-477b-aef5-f02185a7f392</sln:miejscIIPId><sln:miejscIIPPn>PL.PZGIK.200</sln:miejscIIPPn><sln:miejscIIPWersja>2016-11-24T13:59:39+02:00</sln:miejscIIPWersja><sln:miejscIdTeryt>0321365</sln:miejscIdTeryt><sln:miejscNazwa>Miasto</sln:miejscNazwa><sln:miejscRodzaj>Inny obiekt</sln:miejscRodzaj><sln:powIIPId>3104c00e-f86d-4d1a-ac9e-8c85e101ac95</sln:powIIPId><sln:powIIPPn>PL.PZGIK.200</sln:powIIPPn><sln:powIIPWersja>2013-07-11T08:30:38+02:00</sln:powIIPWersja><sln:powIdTeryt>1206</sln:powIdTeryt><sln:powNazwa>krakowski</sln:powNazwa><sln:wojIIPId>dd2e3c64-f861-47cf-a3a3-e7751f272b2f</sln:wojIIPId><sln:wojIIPPn>PL.PZGIK.200</sln:wojIIPPn><sln:wojIIPWersja>2017-10-10T00:00:00+02:00</sln:wojIIPWersja><sln:wojIdTeryt>12</sln:wojIdTeryt><sln:wojNazwa>małopolskie</sln:wojNazwa></sln:miejscowosc><sln:miejscowosc><sln:cyklZyciaOd>2014-12-06T00:00:00+01:00</sln:cyklZyciaOd><sln:gmIIPId>acc1ddf3-d358-4800-8b32-be1192ad5173</sln:gmIIPId><sln:gmIIPPn>PL.PZGIK.200</sln:gmIIPPn><sln:gmIIPWersja>2012-09-26T22:09:15+02:00</sln:gmIIPWersja><sln:gmIdTeryt>1206042</sln:gmIdTeryt><sln:gmNazwa>Jerzmanowice-Przeginia</sln:gmNazwa><sln:miejscIIPId>d1a85263-3d5a-45a4-8e67-540f2a063b9e</sln:miejscIIPId><sln:miejscIIPPn>PL.PZGIK.200</sln:miejscIIPPn><sln:miejscIIPWersja>2016-11-24T13:59:39+02:00</sln:miejscIIPWersja><sln:miejscIdTeryt>0321371</sln:miejscIdTeryt><sln:miejscNazwa>Na Skale</sln:miejscNazwa><sln:miejscRodzaj>Inny obiekt</sln:miejscRodzaj><sln:powIIPId>3104c00e-f86d-4d1a-ac9e-8c85e101ac95</sln:powIIPId><sln:powIIPPn>PL.PZGIK.200</sln:powIIPPn><sln:powIIPWersja>2013-07-11T08:30:38+02:00</sln:powIIPWersja><sln:powIdTeryt>1206</sln:powIdTeryt><sln:powNazwa>krakowski</sln:powNazwa><sln:wojIIPId>dd2e3c64-f861-47cf-a3a3-e7751f272b2f</sln:wojIIPId><sln:wojIIPPn>PL.PZGIK.200</sln:wojIIPPn><sln:wojIIPWersja>2017-10-10T00:00:00+02:00</sln:wojIIPWersja><sln:wojIdTeryt>12</sln:wojIdTeryt><sln:wojNazwa>małopolskie</sln:wojNazwa></sln:miejscowosc><sln:miejscowosc><sln:cyklZyciaOd>2014-12-06T00:00:00+01:00</sln:cyklZyciaOd><sln:gmIIPId>acc1ddf3-d358-4800-8b32-be1192ad5173</sln:gmIIPId><sln:gmIIPPn>PL.PZGIK.200</sln:gmIIPPn><sln:gmIIPWersja>2012-09-26T22:09:15+02:00</sln:gmIIPWersja><sln:gmIdTeryt>1206042</sln:gmIdTeryt><sln:gmNazwa>Jerzmanowice-Przeginia</sln:gmNazwa><sln:miejscIIPId>cc1b2738-0c3c-4c93-af4a-6a40b2389e28</sln:miejscIIPId><sln:miejscIIPPn>PL.PZGIK.200</sln:miejscIIPPn><sln:miejscIIPWersja>2016-11-24T13:59:39+02:00</sln:miejscIIPWersja><sln:miejscIdTeryt>0321023</sln:miejscIdTeryt><sln:miejscNazwa>Polesie</sln:miejscNazwa><sln:miejscRodzaj>Przysiółek</sln:miejscRodzaj><sln:powIIPId>3104c00e-f86d-4d1a-ac9e-8c85e101ac95</sln:powIIPId><sln:powIIPPn>PL.PZGIK.200</sln:powIIPPn><sln:powIIPWersja>2013-07-11T08:30:38+02:00</sln:powIIPWersja><sln:powIdTeryt>1206</sln:powIdTeryt><sln:powNazwa>krakowski</sln:powNazwa><sln:wojIIPId>dd2e3c64-f861-47cf-a3a3-e7751f272b2f</sln:wojIIPId><sln:wojIIPPn>PL.PZGIK.200</sln:wojIIPPn><sln:wojIIPWersja>2017-10-10T00:00:00+02:00</sln:wojIIPWersja><sln:wojIdTeryt>12</sln:wojIdTeryt><sln:wojNazwa>małopolskie</sln:wojNazwa></sln:miejscowosc><sln:miejscowosc><sln:cyklZyciaOd>2014-12-06T00:00:00+01:00</sln:cyklZyciaOd><sln:gmIIPId>acc1ddf3-d358-4800-8b32-be1192ad5173</sln:gmIIPId><sln:gmIIPPn>PL.PZGIK.200</sln:gmIIPPn><sln:gmIIPWersja>2012-09-26T22:09:15+02:00</sln:gmIIPWersja><sln:gmIdTeryt>1206042</sln:gmIdTeryt><sln:gmNazwa>Jerzmanowice-Przeginia</sln:gmNazwa><sln:miejscIIPId>e049eae8-2126-475a-b4ea-86f2b785cd2d</sln:miejscIIPId><sln:miejscIIPPn>PL.PZGIK.200</sln:miejscIIPPn><sln:miejscIIPWersja>2016-11-24T13:59:39+02:00</sln:miejscIIPWersja><sln:miejscIdTeryt>0321141</sln:miejscIdTeryt><sln:miejscNazwa>W Dole</sln:miejscNazwa><sln:miejscRodzaj>Inny obiekt</sln:miejscRodzaj><sln:powIIPId>3104c00e-f86d-4d1a-ac9e-8c85e101ac95</sln:powIIPId><sln:powIIPPn>PL.PZGIK.200</sln:powIIPPn><sln:powIIPWersja>2013-07-11T08:30:38+02:00</sln:powIIPWersja><sln:powIdTeryt>1206</sln:powIdTeryt><sln:powNazwa>krakowski</sln:powNazwa><sln:wojIIPId>dd2e3c64-f861-47cf-a3a3-e7751f272b2f</sln:wojIIPId><sln:wojIIPPn>PL.PZGIK.200</sln:wojIIPPn><sln:wojIIPWersja>2017-10-10T00:00:00+02:00</sln:wojIIPWersja><sln:wojIdTeryt>12</sln:wojIdTeryt><sln:wojNazwa>małopolskie</sln:wojNazwa></sln:miejscowosc><sln:miejscowosc><sln:cyklZyciaOd>2014-12-06T00:00:00+01:00</sln:cyklZyciaOd><sln:gmIIPId>acc1ddf3-d358-4800-8b32-be1192ad5173</sln:gmIIPId><sln:gmIIPPn>PL.PZGIK.200</sln:gmIIPPn><sln:gmIIPWersja>2012-09-26T22:09:15+02:00</sln:gmIIPWersja><sln:gmIdTeryt>1206042</sln:gmIdTeryt><sln:gmNazwa>Jerzmanowice-Przeginia</sln:gmNazwa><sln:miejscIIPId>ae24604f-8c20-4180-a866-0a0704275b8d</sln:miejscIIPId><sln:miejscIIPPn>PL.PZGIK.200</sln:miejscIIPPn><sln:miejscIIPWersja>2016-11-24T13:59:39+02:00</sln:miejscIIPWersja><sln:miejscIdTeryt>0321610</sln:miejscIdTeryt><sln:miejscNazwa>Pod Brodłem</sln:miejscNazwa><sln:miejscRodzaj>Inny obiekt</sln:miejscRodzaj><sln:powIIPId>3104c00e-f86d-4d1a-ac9e-8c85e101ac95</sln:powIIPId><sln:powIIPPn>PL.PZGIK.200</sln:powIIPPn><sln:powIIPWersja>2013-07-11T08:30:38+02:00</sln:powIIPWersja><sln:powIdTeryt>1206</sln:powIdTeryt><sln:powNazwa>krakowski</sln:powNazwa><sln:wojIIPId>dd2e3c64-f861-47cf-a3a3-e7751f272b2f</sln:wojIIPId><sln:wojIIPPn>PL.PZGIK.200</sln:wojIIPPn><sln:wojIIPWersja>2017-10-10T00:00:00+02:00</sln:wojIIPWersja><sln:wojIdTeryt>12</sln:wojIdTeryt><sln:wojNazwa>małopolskie</sln:wojNazwa></sln:miejscowosc><sln:miejscowosc><sln:cyklZyciaOd>2014-12-06T00:00:00+01:00</sln:cyklZyciaOd><sln:gmIIPId>acc1ddf3-d358-4800-8b32-be1192ad5173</sln:gmIIPId><sln:gmIIPPn>PL.PZGIK.200</sln:gmIIPPn><sln:gmIIPWersja>2012-09-26T22:09:15+02:00</sln:gmIIPWersja><sln:gmIdTeryt>1206042</sln:gmIdTeryt><sln:gmNazwa>Jerzmanowice-Przeginia</sln:gmNazwa><sln:miejscIIPId>d15c987b-d6dd-4216-a378-2548de80d99d</sln:miejscIIPId><sln:miejscIIPPn>PL.PZGIK.200</sln:miejscIIPPn><sln:miejscIIPWersja>2016-11-24T13:59:39+02:00</sln:miejscIIPWersja><sln:miejscIdTeryt>0321000</sln:miejscIdTeryt><sln:miejscNazwa>Koło Kapliczki</sln:miejscNazwa><sln:miejscRodzaj>Inny obiekt</sln:miejscRodzaj><sln:powIIPId>3104c00e-f86d-4d1a-ac9e-8c85e101ac95</sln:powIIPId><sln:powIIPPn>PL.PZGIK.200</sln:powIIPPn><sln:powIIPWersja>2013-07-11T08:30:38+02:00</sln:powIIPWersja><sln:powIdTeryt>1206</sln:powIdTeryt><sln:powNazwa>krakowski</sln:powNazwa><sln:wojIIPId>dd2e3c64-f861-47cf-a3a3-e7751f272b2f</sln:wojIIPId><sln:wojIIPPn>PL.PZGIK.200</sln:wojIIPPn><sln:wojIIPWersja>2017-10-10T00:00:00+02:00</sln:wojIIPWersja><sln:wojIdTeryt>12</sln:wojIdTeryt><sln:wojNazwa>małopolskie</sln:wojNazwa></sln:miejscowosc></sln:lista-miejscowosci>