<?xml version="1.0" encoding="UTF-8" standalone="yes"?><sln:lista-miejscowosci xmlns:srv="http://gugik.gov.pl/schemas/slowniki-service/1.0" xmlns:sln="http://gugik.gov.pl/schemas/slowniki-schema/1.0"><sln:miejscowosc><sln:cyklZyciaDo>2017-03-07T00:00:00+01:00</sln:cyklZyciaDo><sln:cyklZyciaOd>2015-12-18T00:00:00+01:00</sln:cyklZyciaOd><sln:gmIIPId>b211218d-0b0c-4552-bacf-c56111a6a356</sln:gmIIPId><sln:gmIIPPn>PL.PZGIK.200</sln:gmIIPPn><sln:gmIIPWersja>2012-09-26T22:13:44+02:00</sln:gmIIPWersja><sln:gmIdTeryt>1218013</sln:gmIdTeryt><sln:gmNazwa>Andrychów</sln:gmNazwa><sln:miejscIIPId>3eb1d98c-7375-4895-ad80-68550725fc97</sln:miejscIIPId><sln:miejscIIPPn>PL.PZGIK.200</sln:miejscIIPPn><sln:miejscIIPWersja>2016-11-24T13:15:12+02:00</sln:miejscIIPWersja><sln:miejscIdTeryt>0924023</sln:miejscIdTeryt><sln:miejscNazwa>Andrychów</sln:miejscNazwa><sln:miejscRodzaj>Miasto</sln:miejscRodzaj><sln:powIIPId>db2b392c-5d8b-4afe-ae75-bc6f563eeb80</sln:powIIPId><sln:powIIPPn>PL.PZGIK.200</sln:powIIPPn><sln:powIIPWersja>2012-09-27T07:52:01+02:00</sln:powIIPWersja><sln:powIdTeryt>1218</sln:powIdTeryt><sln:powNazwa>wadowicki</sln:powNazwa><sln:waznyOd>2013-07-10T00:00:00+02:00</sln:waznyOd><sln:wojIIPId>dd2e3c64-f861-47cf-a3a3-e7751f272b2f</sln:wojIIPId><sln:wojIIPPn>PL.PZGIK.200</sln:wojIIPPn><sln:wojIIPWersja>2017-10-10T00:00:00+02:00</sln:wojIIPWersja><sln:wojIdTeryt>12</sln:wojIdTeryt><sln:wojNazwa>małopolskie</sln:wojNazwa></sln:miejscowosc><sln:miejscowosc><sln:cyklZyciaDo>2017-03-07T00:00:00+01:00</sln:cyklZyciaDo><sln:cyklZyciaOd>2015-12-18T00:00:00+01:00</sln:cyklZyciaOd><sln:gmIIPId>b211218d-0b0c-4552-bacf-c56111a6a356</sln:gmIIPId><sln:gmIIPPn>PL.PZGIK.200</sln:gmIIPPn><sln:gmIIPWersja>2012-09-26T22:13:44+02:00</sln:gmIIPWersja><sln:gmIdTeryt>1218013</sln:gmIdTeryt><sln:gmNazwa>Andrychów</sln:gmNazwa><sln:miejscIIPId>660c8736-bed6-42a5-a462-177b90dfdf1b</sln:miejscIIPId><sln:miejscIIPPn>PL.PZGIK.200</sln:miejscIIPPn><sln:miejscIIPWersja>2016-11-24T08:44:29+02:00</sln:miejscIIPWersja><sln:miejscIdTeryt>0045014</sln:miejscIdTeryt><sln:miejscNazwa>Brzezinka</sln:miejscNazwa><sln:miejscRodzaj>Wieś</sln:miejscRodzaj><sln:powIIPId>db2b392c-5d8b-4afe-ae75-bc6f563eeb80</sln:powIIPId><sln:powIIPPn>PL.PZGIK.200</sln:powIIPPn><sln:powIIPWersja>2012-09-27T07:52:01+02:00</sln:powIIPWersja><sln:powIdTeryt>1218</sln:powIdTeryt><sln:powNazwa>wadowicki</sln:powNazwa><sln:waznyOd>2015-04-07T00:00:00+02:00</sln:waznyOd><sln:wojIIPId>dd2e3c64-f861-47cf-a3a3-e7751f272b2f</sln:wojIIPId><sln:wojIIPPn>PL.PZGIK.200</sln:wojIIPPn><sln:wojIIPWersja>2017-10-10T00:00:00+02:00</sln:wojIIPWersja><sln:wojIdTeryt>12</sln:wojIdTeryt><sln:wojNazwa>małopolskie</sln:wojNazwa></sln:miejscowosc><sln:miejscowosc><sln:cyklZyciaDo>2017-03-07T00:00:00+01:00</sln:cyklZyciaDo><sln:cyklZyciaOd>2015-12-18T00:00:00+01:00</sln:cyklZyciaOd><sln:gmIIPId>b211218d-0b0c-4552-bacf-c56111a6a356</sln:gmIIPId><sln:gmIIPPn>PL.PZGIK.200</sln:gmIIPPn><sln:gmIIPWersja>2012-09-26T22:13:44+02:00</sln:gmIIPWersja><sln:gmIdTeryt>1218013</sln:gmIdTeryt><sln:gmNazwa>Andrychów</sln:gmNazwa><sln:miejscIIPId>9d81ee2b-519f-4298-a9e2-6a195b2d6ef3</sln:miejscIIPId><sln:miejscIIPPn>PL.PZGIK.200</sln:miejscIIPPn><sln:miejscIIPWersja>2016-11-24T08:44:34+02:00</sln:miejscIIPWersja><sln:miejscIdTeryt>0045089</sln:miejscIdTeryt><sln:miejscNazwa>Inwałd</sln:miejscNazwa><sln:miejscRodzaj>Wieś</sln:miejscRodzaj><sln:powIIPId>db2b392c-5d8b-4afe-ae75-bc6f563eeb80</sln:powIIPId><sln:powIIPPn>PL.PZGIK.200</sln:powIIPPn><sln:powIIPWersja>2012-09-27T07:52:01+02:00</sln:powIIPWersja><sln:powIdTeryt>1218</sln:powIdTeryt><sln:powNazwa>wadowicki</sln:powNazwa><sln:waznyOd>2015-04-07T00:00:00+02:00</sln:waznyOd><sln:wojIIPId>dd2e3c64-f861-47cf-a3a3-e7751f272b2f</sln:wojIIPId><sln:wojIIPPn>PL.PZGIK.200</sln:wojIIPPn><sln:wojIIPWersja>2017-10-10T00:00:00+02:00</sln:wojIIPWersja><sln:wojIdTeryt>12</sln:wojIdTeryt><sln:wojNazwa>małopolskie</sln:wojNazwa></sln:miejscowosc><sln:miejscowosc><sln:cyklZyciaDo>2017-03-07T00:00:00+01:00</sln:cyklZyciaDo><sln:cyklZyciaOd>2015-12-18T00:00:00+01:00</sln:cyklZyciaOd><sln:gmIIPId>b211218d-0b0c-4552-bacf-c56111a6a356</sln:gmIIPId><sln:gmIIPPn>PL.PZGIK.200</sln:gmIIPPn><sln:gmIIPWersja>2012-09-26T22:13:44+02:00</sln:gmIIPWersja><sln:gmIdTeryt>1218013</sln:gmIdTeryt><sln:gmNazwa>Andrychów</sln:gmNazwa><sln:miejscIIPId>a40bbd1c-5ade-4fb9-bfe5-2ee50c4f787f</sln:miejscIIPId><sln:miejscIIPPn>PL.PZGIK.200</sln:miejscIIPPn><sln:miejscIIPWersja>2016-11-24T08:44:39+02:00</sln:miejscIIPWersja><sln:miejscIdTeryt>0045221</sln:miejscIdTeryt><sln:miejscNazwa>Roczyny</sln:miejscNazwa><sln:miejscRodzaj>Wieś</sln:miejscRodzaj><sln:powIIPId>db2b392c-5d8b-4afe-ae75-bc6f563eeb80</sln:powIIPId><sln:powIIPPn>PL.PZGIK.200</sln:powIIPPn><sln:powIIPWersja>2012-09-27T07:52:01+02:00</sln:powIIPWersja><sln:powIdTeryt>1218</sln:powIdTeryt><sln:powNazwa>wadowicki</sln:powNazwa><sln:waznyOd>2015-04-07T00:00:00+02:00</sln:waznyOd><sln:wojIIPId>dd2e3c64-f861-47cf-a3a3-e7751f272b2f</sln:wojIIPId><sln:wojIIPPn>PL.PZGIK.200</sln:wojIIPPn><sln:wojIIPWersja>2017-10-10T00:00:00+02:00</sln:wojIIPWersja><sln:wojIdTeryt>12</sln:wojIdTeryt><sln:wojNazwa>małopolskie</sln:wojNazwa></sln:miejscowosc><sln:miejscowosc><sln:cyklZyciaDo>2017-03-07T00:00:00+01:00</sln:cyklZyciaDo><sln:cyklZyciaOd>2015-12-18T00:00:00+01:00</sln:cyklZyciaOd><sln:gmIIPId>b211218d-0b0c-4552-bacf-c56111a6a356</sln:gmIIPId><sln:gmIIPPn>PL.PZGIK.200</sln:gmIIPPn><sln:gmIIPWersja>2012-09-26T22:13:44+02:00</sln:gmIIPWersja><sln:gmIdTeryt>1218013</sln:gmIdTeryt><sln:gmNazwa>Andrychów</sln:gmNazwa><sln:miejscIIPId>603917aa-8655-4793-b2ff-6ca2c4a2a54c</sln:miejscIIPId><sln:miejscIIPPn>PL.PZGIK.200</sln:miejscIIPPn><sln:miejscIIPWersja>2016-11-24T08:44:44+02:00</sln:miejscIIPWersja><sln:miejscIdTeryt>0045333</sln:miejscIdTeryt><sln:miejscNazwa>Rzyki</sln:miejscNazwa><sln:miejscRodzaj>Wieś</sln:miejscRodzaj><sln:powIIPId>db2b392c-5d8b-4afe-ae75-bc6f563eeb80</sln:powIIPId><sln:powIIPPn>PL.PZGIK.200</sln:powIIPPn><sln:powIIPWersja>2012-09-27T07:52:01+02:00</sln:powIIPWersja><sln:powIdTeryt>1218</sln:powIdTeryt><sln:powNazwa>wadowicki</sln:powNazwa><sln:waznyOd>2015-04-07T00:00:00+02:00</sln:waznyOd><sln:wojIIPId>dd2e3c64-f861-47cf-a3a3-e7751f272b2f</sln:wojIIPId><sln:wojIIPPn>PL.PZGIK.200</sln:wojIIPPn><sln:wojIIPWersja>2017-10-10T00:00:00+02:00</sln:wojIIPWersja><sln:wojIdTeryt>12</sln:wojIdTeryt><sln:wojNazwa>małopolskie</sln:wojNazwa></sln:miejscowosc><sln:miejscowosc><sln:cyklZyciaDo>2017-03-07T00:00:00+01:00</sln:cyklZyciaDo><sln:cyklZyciaOd>2015-12-18T00:00:00+01:00</sln:cyklZyciaOd><sln:gmIIPId>b211218d-0b0c-4552-bacf-c56111a6a356</sln:gmIIPId><sln:gmIIPPn>PL.PZGIK.200</sln:gmIIPPn><sln:gmIIPWersja>2012-09-26T22:13:44+02:00</sln:gmIIPWersja><sln:gmIdTeryt>1218013</sln:gmIdTeryt><sln:gmNazwa>Andrychów</sln:gmNazwa><sln:miejscIIPId>fec86ab3-b40b-481f-a07f-2e55f93b20e9</sln:miejscIIPId><sln:miejscIIPPn>PL.PZGIK.200</sln:miejscIIPPn><sln:miejscIIPWersja>2016-11-24T08:44:49+02:00</sln:miejscIIPWersja><sln:miejscIdTeryt>0045681</sln:miejscIdTeryt><sln:miejscNazwa>Sułkowice</sln:miejscNazwa><sln:miejscRodzaj>Wieś</sln:miejscRodzaj><sln:powIIPId>db2b392c-5d8b-4afe-ae75-bc6f563eeb80</sln:powIIPId><sln:powIIPPn>PL.PZGIK.200</sln:powIIPPn><sln:powIIPWersja>2012-09-27T07:52:01+02:00</sln:powIIPWersja><sln:powIdTeryt>1218</sln:powIdTeryt><sln:powNazwa>wadowicki</sln:powNazwa><sln:waznyOd>2015-04-07T00:00:00+02:00</sln:waznyOd><sln:wojIIPId>dd2e3c64-f861-47cf-a3a3-e7751f272b2f</sln:wojIIPId><sln:wojIIPPn>PL.PZGIK.200</sln:wojIIPPn><sln:wojIIPWersja>2017-10-10T00:00:00+02:00</sln:wojIIPWersja><sln:wojIdTeryt>12</sln:wojIdTeryt><sln:wojNazwa>małopolskie</sln:wojNazwa></sln:miejscowosc><sln:miejscowosc><sln:cyklZyciaDo>2017-03-07T00:00:00+01:00</sln:cyklZyciaDo><sln:cyklZyciaOd>2015-12-18T00:00:00+01:00</sln:cyklZyciaOd><sln:gmIIPId>b211218d-0b0c-4552-bacf-c56111a6a356</sln:gmIIPId><sln:gmIIPPn>PL.PZGIK.200</sln:gmIIPPn><sln:gmIIPWersja>2012-09-26T22:13:44+02:00</sln:gmIIPWersja><sln:gmIdTeryt>1218013</sln:gmIdTeryt><sln:gmNazwa>Andrychów</sln:gmNazwa><sln:miejscIIPId>135d1106-5186-485f-9c43-618ea1f95ac6</sln:miejscIIPId><sln:miejscIIPPn>PL.PZGIK.200</sln:miejscIIPPn><sln:miejscIIPWersja>2016-11-24T08:44:54+02:00</sln:miejscIIPWersja><sln:miejscIdTeryt>0045830</sln:miejscIdTeryt><sln:miejscNazwa>Targanice</sln:miejscNazwa><sln:miejscRodzaj>Wieś</sln:miejscRodzaj><sln:powIIPId>db2b392c-5d8b-4afe-ae75-bc6f563eeb80</sln:powIIPId><sln:powIIPPn>PL.PZGIK.200</sln:powIIPPn><sln:powIIPWersja>2012-09-27T07:52:01+02:00</sln:powIIPWersja><sln:powIdTeryt>1218</sln:powIdTeryt><sln:powNazwa>wadowicki</sln:powNazwa><sln:waznyOd>2015-04-07T00:00:00+02:00</sln:waznyOd><sln:wojIIPId>dd2e3c64-f861-47cf-a3a3-e7751f272b2f</sln:wojIIPId><sln:wojIIPPn>PL.PZGIK.200</sln:wojIIPPn><sln:wojIIPWersja>2017-10-10T00:00:00+02:00</sln:wojIIPWersja><sln:wojIdTeryt>12</sln:wojIdTeryt><sln:wojNazwa>małopolskie</sln:wojNazwa></sln:miejscowosc><sln:miejscowosc><sln:cyklZyciaDo>2017-03-07T00:00:00+01:00</sln:cyklZyciaDo><sln:cyklZyciaOd>2015-12-18T00:00:00+01:00</sln:cyklZyciaOd><sln:gmIIPId>b211218d-0b0c-4552-bacf-c56111a6a356</sln:gmIIPId><sln:gmIIPPn>PL.PZGIK.200</sln:gmIIPPn><sln:gmIIPWersja>2012-09-26T22:13:44+02:00</sln:gmIIPWersja><sln:gmIdTeryt>1218013</sln:gmIdTeryt><sln:gmNazwa>Andrychów</sln:gmNazwa><sln:miejscIIPId>019aa271-3a45-4e17-a1f6-52b6bb8aa9f5</sln:miejscIIPId><sln:miejscIIPPn>PL.PZGIK.200</sln:miejscIIPPn><sln:miejscIIPWersja>2016-11-24T08:44:59+02:00</sln:miejscIIPWersja><sln:miejscIdTeryt>0046048</sln:miejscIdTeryt><sln:miejscNazwa>Zagórnik</sln:miejscNazwa><sln:miejscRodzaj>Wieś</sln:miejscRodzaj><sln:powIIPId>db2b392c-5d8b-4afe-ae75-bc6f563eeb80</sln:powIIPId><sln:powIIPPn>PL.PZGIK.200</sln:powIIPPn><sln:powIIPWersja>2012-09-27T07:52:01+02:00</sln:powIIPWersja><sln:powIdTeryt>1218</sln:powIdTeryt><sln:powNazwa>wadowicki</sln:powNazwa><sln:waznyOd>2015-04-07T00:00:00+02:00</sln:waznyOd><sln:wojIIPId>dd2e3c64-f861-47cf-a3a3-e7751f272b2f</sln:wojIIPId><sln:wojIIPPn>PL.PZGIK.200</sln:wojIIPPn><sln:wojIIPWersja>2017-10-10T00:00:00+02:00</sln:wojIIPWersja><sln:wojIdTeryt>12</sln:wojIdTeryt><sln:wojNazwa>małopolskie</sln:wojNazwa></sln:miejscowosc><sln:miejscowosc><sln:cyklZyciaDo>2015-06-15T00:00:00+02:00</sln:cyklZyciaDo><sln:cyklZyciaOd>2014-12-02T00:00:00+01:00</sln:cyklZyciaOd><sln:gmIIPId>b211218d-0b0c-4552-bacf-c56111a6a356</sln:gmIIPId><sln:gmIIPPn>PL.PZGIK.200</sln:gmIIPPn><sln:gmIIPWersja>2012-09-26T22:13:44+02:00</sln:gmIIPWersja><sln:gmIdTeryt>1218013</sln:gmIdTeryt><sln:gmNazwa>Andrychów</sln:gmNazwa><sln:miejscIIPId>3eb1d98c-7375-4895-ad80-68550725fc97</sln:miejscIIPId><sln:miejscIIPPn>PL.PZGIK.200</sln:miejscIIPPn><sln:miejscIIPWersja>2016-11-24T13:15:13+02:00</sln:miejscIIPWersja><sln:miejscIdTeryt>0924023</sln:miejscIdTeryt><sln:miejscNazwa>Andrychów</sln:miejscNazwa><sln:miejscRodzaj>Inny obiekt</sln:miejscRodzaj><sln:powIIPId>db2b392c-5d8b-4afe-ae75-bc6f563eeb80</sln:powIIPId><sln:powIIPPn>PL.PZGIK.200</sln:powIIPPn><sln:powIIPWersja>2012-09-27T07:52:01+02:00</sln:powIIPWersja><sln:powIdTeryt>1218</sln:powIdTeryt><sln:powNazwa>wadowicki</sln:powNazwa><sln:waznyOd>2013-07-10T00:00:00+02:00</sln:waznyOd><sln:wojIIPId>dd2e3c64-f861-47cf-a3a3-e7751f272b2f</sln:wojIIPId><sln:wojIIPPn>PL.PZGIK.200</sln:wojIIPPn><sln:wojIIPWersja>2017-10-10T00:00:00+02:00</sln:wojIIPWersja><sln:wojIdTeryt>12</sln:wojIdTeryt><sln:wojNazwa>małopolskie</sln:wojNazwa></sln:miejscowosc><sln:miejscowosc><sln:cyklZyciaDo>2015-06-15T00:00:00+02:00</sln:cyklZyciaDo><sln:cyklZyciaOd>2014-12-02T00:00:00+01:00</sln:cyklZyciaOd><sln:gmIIPId>b211218d-0b0c-4552-bacf-c56111a6a356</sln:gmIIPId><sln:gmIIPPn>PL.PZGIK.200</sln:gmIIPPn><sln:gmIIPWersja>2012-09-26T22:13:44+02:00</sln:gmIIPWersja><sln:gmIdTeryt>1218013</sln:gmIdTeryt><sln:gmNazwa>Andrychów</sln:gmNazwa><sln:miejscIIPId>660c8736-bed6-42a5-a462-177b90dfdf1b</sln:miejscIIPId><sln:miejscIIPPn>PL.PZGIK.200</sln:miejscIIPPn><sln:miejscIIPWersja>2016-11-24T08:44:30+02:00</sln:miejscIIPWersja><sln:miejscIdTeryt>0045014</sln:miejscIdTeryt><sln:miejscNazwa>Brzezinka</sln:miejscNazwa><sln:miejscRodzaj>Inny obiekt</sln:miejscRodzaj><sln:powIIPId>db2b392c-5d8b-4afe-ae75-bc6f563eeb80</sln:powIIPId><sln:powIIPPn>PL.PZGIK.200</sln:powIIPPn><sln:powIIPWersja>2012-09-27T07:52:01+02:00</sln:powIIPWersja><sln:powIdTeryt>1218</sln:powIdTeryt><sln:powNazwa>wadowicki</sln:powNazwa><sln:waznyOd>2013-07-10T00:00:00+02:00</sln:waznyOd><sln:wojIIPId>dd2e3c64-f861-47cf-a3a3-e7751f272b2f</sln:wojIIPId><sln:wojIIPPn>PL.PZGIK.200</sln:wojIIPPn><sln:wojIIPWersja>2017-10-10T00:00:00+02:00</sln:wojIIPWersja><sln:wojIdTeryt>12</sln:wojIdTeryt><sln:wojNazwa>małopolskie</sln:wojNazwa></sln:miejscowosc><sln:miejscowosc><sln:cyklZyciaDo>2015-06-15T00:00:00+02:00</sln:cyklZyciaDo><sln:cyklZyciaOd>2014-12-02T00:00:00+01:00</sln:cyklZyciaOd><sln:gmIIPId>b211218d-0b0c-4552-bacf-c56111a6a356</sln:gmIIPId><sln:gmIIPPn>PL.PZGIK.200</sln:gmIIPPn><sln:gmIIPWersja>2012-09-26T22:13:44+02:00</sln:gmIIPWersja><sln:gmIdTeryt>1218013</sln:gmIdTeryt><sln:gmNazwa>Andrychów</sln:gmNazwa><sln:miejscIIPId>9d81ee2b-519f-4298-a9e2-6a195b2d6ef3</sln:miejscIIPId><sln:miejscIIPPn>PL.PZGIK.200</sln:miejscIIPPn><sln:miejscIIPWersja>2016-11-24T08:44:35+02:00</sln:miejscIIPWersja><sln:miejscIdTeryt>0045089</sln:miejscIdTeryt><sln:miejscNazwa>Inwałd</sln:miejscNazwa><sln:miejscRodzaj>Inny obiekt</sln:miejscRodzaj><sln:powIIPId>db2b392c-5d8b-4afe-ae75-bc6f563eeb80</sln:powIIPId><sln:powIIPPn>PL.PZGIK.200</sln:powIIPPn><sln:powIIPWersja>2012-09-27T07:52:01+02:00</sln:powIIPWersja><sln:powIdTeryt>1218</sln:powIdTeryt><sln:powNazwa>wadowicki</sln:powNazwa><sln:waznyOd>2013-07-10T00:00:00+02:00</sln:waznyOd><sln:wojIIPId>dd2e3c64-f861-47cf-a3a3-e7751f272b2f</sln:wojIIPId><sln:wojIIPPn>PL.PZGIK.200</sln:wojIIPPn><sln:wojIIPWersja>2017-10-10T00:00:00+02:00</sln:wojIIPWersja><sln:wojIdTeryt>12</sln:wojIdTeryt><sln:wojNazwa>małopolskie</sln:wojNazwa></sln:miejscowosc><sln:miejscowosc><sln:cyklZyciaDo>2015-06-15T00:00:00+02:00</sln:cyklZyciaDo><sln:cyklZyciaOd>2014-12-02T00:00:00+01:00</sln:cyklZyciaOd><sln:gmIIPId>b211218d-0b0c-4552-bacf-c56111a6a356</sln:gmIIPId><sln:gmIIPPn>PL.PZGIK.200</sln:gmIIPPn><sln:gmIIPWersja>2012-09-26T22:13:44+02:00</sln:gmIIPWersja><sln:gmIdTeryt>1218013</sln:gmIdTeryt><sln:gmNazwa>Andrychów</sln:gmNazwa><sln:miejscIIPId>a40bbd1c-5ade-4fb9-bfe5-2ee50c4f787f</sln:miejscIIPId><sln:miejscIIPPn>PL.PZGIK.200</sln:miejscIIPPn><sln:miejscIIPWersja>2016-11-24T08:44:40+02:00</sln:miejscIIPWersja><sln:miejscIdTeryt>0045221</sln:miejscIdTeryt><sln:miejscNazwa>Roczyny</sln:miejscNazwa><sln:miejscRodzaj>Inny obiekt</sln:miejscRodzaj><sln:powIIPId>db2b392c-5d8b-4afe-ae75-bc6f563eeb80</sln:powIIPId><sln:powIIPPn>PL.PZGIK.200</sln:powIIPPn><sln:powIIPWersja>2012-09-27T07:52:01+02:00</sln:powIIPWersja><sln:powIdTeryt>1218</sln:powIdTeryt><sln:powNazwa>wadowicki</sln:powNazwa><sln:waznyOd>2013-07-10T00:00:00+02:00</sln:waznyOd><sln:wojIIPId>dd2e3c64-f861-47cf-a3a3-e7751f272b2f</sln:wojIIPId><sln:wojIIPPn>PL.PZGIK.200</sln:wojIIPPn><sln:wojIIPWersja>2017-10-10T00:00:00+02:00</sln:wojIIPWersja><sln:wojIdTeryt>12</sln:wojIdTeryt><sln:wojNazwa>małopolskie</sln:wojNazwa></sln:miejscowosc><sln:miejscowosc><sln:cyklZyciaDo>2015-06-15T00:00:00+02:00</sln:cyklZyciaDo><sln:cyklZyciaOd>2014-12-02T00:00:00+01:00</sln:cyklZyciaOd><sln:gmIIPId>b211218d-0b0c-4552-bacf-c56111a6a356</sln:gmIIPId><sln:gmIIPPn>PL.PZGIK.200</sln:gmIIPPn><sln:gmIIPWersja>2012-09-26T22:13:44+02:00</sln:gmIIPWersja><sln:gmIdTeryt>1218013</sln:gmIdTeryt><sln:gmNazwa>Andrychów</sln:gmNazwa><sln:miejscIIPId>603917aa-8655-4793-b2ff-6ca2c4a2a54c</sln:miejscIIPId><sln:miejscIIPPn>PL.PZGIK.200</sln:miejscIIPPn><sln:miejscIIPWersja>2016-11-24T08:44:45+02:00</sln:miejscIIPWersja><sln:miejscIdTeryt>0045333</sln:miejscIdTeryt><sln:miejscNazwa>Rzyki</sln:miejscNazwa><sln:miejscRodzaj>Inny obiekt</sln:miejscRodzaj><sln:powIIPId>db2b392c-5d8b-4afe-ae75-bc6f563eeb80</sln:powIIPId><sln:powIIPPn>PL.PZGIK.200</sln:powIIPPn><sln:powIIPWersja>2012-09-27T07:52:01+02:00</sln:powIIPWersja><sln:powIdTeryt>1218</sln:powIdTeryt><sln:powNazwa>wadowicki</sln:powNazwa><sln:waznyOd>2013-07-10T00:00:00+02:00</sln:waznyOd><sln:wojIIPId>dd2e3c64-f861-47cf-a3a3-e7751f272b2f</sln:wojIIPId><sln:wojIIPPn>PL.PZGIK.200</sln:wojIIPPn><sln:wojIIPWersja>2017-10-10T00:00:00+02:00</sln:wojIIPWersja><sln:wojIdTeryt>12</sln:wojIdTeryt><sln:wojNazwa>małopolskie</sln:wojNazwa></sln:miejscowosc><sln:miejscowosc><sln:cyklZyciaDo>2015-06-15T00:00:00+02:00</sln:cyklZyciaDo><sln:cyklZyciaOd>2014-12-02T00:00:00+01:00</sln:cyklZyciaOd><sln:gmIIPId>b211218d-0b0c-4552-bacf-c56111a6a356</sln:gmIIPId><sln:gmIIPPn>PL.PZGIK.200</sln:gmIIPPn><sln:gmIIPWersja>2012-09-26T22:13:44+02:00</sln:gmIIPWersja><sln:gmIdTeryt>1218013</sln:gmIdTeryt><sln:gmNazwa>Andrychów</sln:gmNazwa><sln:miejscIIPId>fec86ab3-b40b-481f-a07f-2e55f93b20e9</sln:miejscIIPId><sln:miejscIIPPn>PL.PZGIK.200</sln:miejscIIPPn><sln:miejscIIPWersja>2016-11-24T08:44:50+02:00</sln:miejscIIPWersja><sln:miejscIdTeryt>0045681</sln:miejscIdTeryt><sln:miejscNazwa>Sułkowice</sln:miejscNazwa><sln:miejscRodzaj>Inny obiekt</sln:miejscRodzaj><sln:powIIPId>db2b392c-5d8b-4afe-ae75-bc6f563eeb80</sln:powIIPId><sln:powIIPPn>PL.PZGIK.200</sln:powIIPPn><sln:powIIPWersja>2012-09-27T07:52:01+02:00</sln:powIIPWersja><sln:powIdTeryt>1218</sln:powIdTeryt><sln:powNazwa>wadowicki</sln:powNazwa><sln:waznyOd>2013-07-10T00:00:00+02:00</sln:waznyOd><sln:wojIIPId>dd2e3c64-f861-47cf-a3a3-e7751f272b2f</sln:wojIIPId><sln:wojIIPPn>PL.PZGIK.200</sln:wojIIPPn><sln:wojIIPWersja>2017-10-10T00:00:00+02:00</sln:wojIIPWersja><sln:wojIdTeryt>12</sln:wojIdTeryt><sln:wojNazwa>małopolskie</sln:wojNazwa></sln:miejscowosc><sln:miejscowosc><sln:cyklZyciaDo>2015-06-15T00:00:00+02:00</sln:cyklZyciaDo><sln:cyklZyciaOd>2014-12-02T00:00:00+01:00</sln:cyklZyciaOd><sln:gmIIPId>b211218d-0b0c-4552-bacf-c56111a6a356</sln:gmIIPId><sln:gmIIPPn>PL.PZGIK.200</sln:gmIIPPn><sln:gmIIPWersja>2012-09-26T22:13:44+02:00</sln:gmIIPWersja><sln:gmIdTeryt>1218013</sln:gmIdTeryt><sln:gmNazwa>Andrychów</sln:gmNazwa><sln:miejscIIPId>135d1106-5186-485f-9c43-618ea1f95ac6</sln:miejscIIPId><sln:miejscIIPPn>PL.PZGIK.200</sln:miejscIIPPn><sln:miejscIIPWersja>2016-11-24T08:44:55+02:00</sln:miejscIIPWersja><sln:miejscIdTeryt>0045830</sln:miejscIdTeryt><sln:miejscNazwa>Targanice</sln:miejscNazwa><sln:miejscRodzaj>Inny obiekt</sln:miejscRodzaj><sln:powIIPId>db2b392c-5d8b-4afe-ae75-bc6f563eeb80</sln:powIIPId><sln:powIIPPn>PL.PZGIK.200</sln:powIIPPn><sln:powIIPWersja>2012-09-27T07:52:01+02:00</sln:powIIPWersja><sln:powIdTeryt>1218</sln:powIdTeryt><sln:powNazwa>wadowicki</sln:powNazwa><sln:waznyOd>2013-07-10T00:00:00+02:00</sln:waznyOd><sln:wojIIPId>dd2e3c64-f861-47cf-a3a3-e7751f272b2f</sln:wojIIPId><sln:wojIIPPn>PL.PZGIK.200</sln:wojIIPPn><sln:wojIIPWersja>2017-10-10T00:00:00+02:00</sln:wojIIPWersja><sln:wojIdTeryt>12</sln:wojIdTeryt><sln:wojNazwa>małopolskie</sln:wojNazwa></sln:miejscowosc><sln:miejscowosc><sln:cyklZyciaDo>2015-06-15T00:00:00+02:00</sln:cyklZyciaDo><sln:cyklZyciaOd>2014-12-02T00:00:00+01:00</sln:cyklZyciaOd><sln:gmIIPId>b211218d-0b0c-4552-bacf-c56111a6a356</sln:gmIIPId><sln:gmIIPPn>PL.PZGIK.200</sln:gmIIPPn><sln:gmIIPWersja>2012-09-26T22:13:44+02:00</sln:gmIIPWersja><sln:gmIdTeryt>1218013</sln:gmIdTeryt><sln:gmNazwa>Andrychów</sln:gmNazwa><sln:miejscIIPId>019aa271-3a45-4e17-a1f6-52b6bb8aa9f5</sln:miejscIIPId><sln:miejscIIPPn>PL.PZGIK.200</sln:miejscIIPPn><sln:miejscIIPWersja>2016-11-24T08:45:00+02:00</sln:miejscIIPWersja><sln:miejscIdTeryt>0046048</sln:miejscIdTeryt><sln:miejscNazwa>Zagórnik</sln:miejscNazwa><sln:miejscRodzaj>Inny obiekt</sln:miejscRodzaj><sln:powIIPId>db2b392c-5d8b-4afe-ae75-bc6f563eeb80</sln:powIIPId><sln:powIIPPn>PL.PZGIK.200</sln:powIIPPn><sln:powIIPWersja>2012-09-27T07:52:01+02:00</sln:powIIPWersja><sln:powIdTeryt>1218</sln:powIdTeryt><sln:powNazwa>wadowicki</sln:powNazwa><sln:waznyOd>2013-07-10T00:00:00+02:00</sln:waznyOd><sln:wojIIPId>dd2e3c64-f861-47cf-a3a3-e7751f272b2f</sln:wojIIPId><sln:wojIIPPn>PL.PZGIK.200</sln:wojIIPPn><sln:wojIIPWersja>2017-10-10T00:00:00+02:00</sln:wojIIPWersja><sln:wojIdTeryt>12</sln:wojIdTeryt><sln:wojNazwa>małopolskie</sln:wojNazwa></sln:miejscowosc><sln:miejscowosc><sln:cyklZyciaDo>2015-06-23T00:00:00+02:00</sln:cyklZyciaDo><sln:cyklZyciaOd>2015-06-15T00:00:00+02:00</sln:cyklZyciaOd><sln:gmIIPId>b211218d-0b0c-4552-bacf-c56111a6a356</sln:gmIIPId><sln:gmIIPPn>PL.PZGIK.200</sln:gmIIPPn><sln:gmIIPWersja>2012-09-26T22:13:44+02:00</sln:gmIIPWersja><sln:gmIdTeryt>1218013</sln:gmIdTeryt><sln:gmNazwa>Andrychów</sln:gmNazwa><sln:miejscIIPId>3eb1d98c-7375-4895-ad80-68550725fc97</sln:miejscIIPId><sln:miejscIIPPn>PL.PZGIK.200</sln:miejscIIPPn><sln:miejscIIPWersja>2016-11-24T13:15:14+02:00</sln:miejscIIPWersja><sln:miejscIdTeryt>0924023</sln:miejscIdTeryt><sln:miejscNazwa>Andrychów</sln:miejscNazwa><sln:miejscRodzaj>Miasto</sln:miejscRodzaj><sln:powIIPId>db2b392c-5d8b-4afe-ae75-bc6f563eeb80</sln:powIIPId><sln:powIIPPn>PL.PZGIK.200</sln:powIIPPn><sln:powIIPWersja>2012-09-27T07:52:01+02:00</sln:powIIPWersja><sln:powIdTeryt>1218</sln:powIdTeryt><sln:powNazwa>wadowicki</sln:powNazwa><sln:waznyOd>2013-07-10T00:00:00+02:00</sln:waznyOd><sln:wojIIPId>dd2e3c64-f861-47cf-a3a3-e7751f272b2f</sln:wojIIPId><sln:wojIIPPn>PL.PZGIK.200</sln:wojIIPPn><sln:wojIIPWersja>2017-10-10T00:00:00+02:00</sln:wojIIPWersja><sln:wojIdTeryt>12</sln:wojIdTeryt><sln:wojNazwa>małopolskie</sln:wojNazwa></sln:miejscowosc><sln:miejscowosc><sln:cyklZyciaDo>2015-06-23T00:00:00+02:00</sln:cyklZyciaDo><sln:cyklZyciaOd>2015-06-15T00:00:00+02:00</sln:cyklZyciaOd><sln:gmIIPId>b211218d-0b0c-4552-bacf-c56111a6a356</sln:gmIIPId><sln:gmIIPPn>PL.PZGIK.200</sln:gmIIPPn><sln:gmIIPWersja>2012-09-26T22:13:44+02:00</sln:gmIIPWersja><sln:gmIdTeryt>1218013</sln:gmIdTeryt><sln:gmNazwa>Andrychów</sln:gmNazwa><sln:miejscIIPId>660c8736-bed6-42a5-a462-177b90dfdf1b</sln:miejscIIPId><sln:miejscIIPPn>PL.PZGIK.200</sln:miejscIIPPn><sln:miejscIIPWersja>2016-11-24T08:44:31+02:00</sln:miejscIIPWersja><sln:miejscIdTeryt>0045014</sln:miejscIdTeryt><sln:miejscNazwa>Brzezinka</sln:miejscNazwa><sln:miejscRodzaj>Wieś</sln:miejscRodzaj><sln:powIIPId>db2b392c-5d8b-4afe-ae75-bc6f563eeb80</sln:powIIPId><sln:powIIPPn>PL.PZGIK.200</sln:powIIPPn><sln:powIIPWersja>2012-09-27T07:52:01+02:00</sln:powIIPWersja><sln:powIdTeryt>1218</sln:powIdTeryt><sln:powNazwa>wadowicki</sln:powNazwa><sln:waznyOd>2015-04-07T00:00:00+02:00</sln:waznyOd><sln:wojIIPId>dd2e3c64-f861-47cf-a3a3-e7751f272b2f</sln:wojIIPId><sln:wojIIPPn>PL.PZGIK.200</sln:wojIIPPn><sln:wojIIPWersja>2017-10-10T00:00:00+02:00</sln:wojIIPWersja><sln:wojIdTeryt>12</sln:wojIdTeryt><sln:wojNazwa>małopolskie</sln:wojNazwa></sln:miejscowosc><sln:miejscowosc><sln:cyklZyciaDo>2015-06-23T00:00:00+02:00</sln:cyklZyciaDo><sln:cyklZyciaOd>2015-06-15T00:00:00+02:00</sln:cyklZyciaOd><sln:gmIIPId>b211218d-0b0c-4552-bacf-c56111a6a356</sln:gmIIPId><sln:gmIIPPn>PL.PZGIK.200</sln:gmIIPPn><sln:gmIIPWersja>2012-09-26T22:13:44+02:00</sln:gmIIPWersja><sln:gmIdTeryt>1218013</sln:gmIdTeryt><sln:gmNazwa>Andrychów</sln:gmNazwa><sln:miejscIIPId>9d81ee2b-519f-4298-a9e2-6a195b2d6ef3</sln:miejscIIPId><sln:miejscIIPPn>PL.PZGIK.200</sln:miejscIIPPn><sln:miejscIIPWersja>2016-11-24T08:44:36+02:00</sln:miejscIIPWersja><sln:miejscIdTeryt>0045089</sln:miejscIdTeryt><sln:miejscNazwa>Inwałd</sln:miejscNazwa><sln:miejscRodzaj>Wieś</sln:miejscRodzaj><sln:powIIPId>db2b392c-5d8b-4afe-ae75-bc6f563eeb80</sln:powIIPId><sln:powIIPPn>PL.PZGIK.200</sln:powIIPPn><sln:powIIPWersja>2012-09-27T07:52:01+02:00</sln:powIIPWersja><sln:powIdTeryt>1218</sln:powIdTeryt><sln:powNazwa>wadowicki</sln:powNazwa><sln:waznyOd>2015-04-07T00:00:00+02:00</sln:waznyOd><sln:wojIIPId>dd2e3c64-f861-47cf-a3a3-e7751f272b2f</sln:wojIIPId><sln:wojIIPPn>PL.PZGIK.200</sln:wojIIPPn><sln:wojIIPWersja>2017-10-10T00:00:00+02:00</sln:wojIIPWersja><sln:wojIdTeryt>12</sln:wojIdTeryt><sln:wojNazwa>małopolskie</sln:wojNazwa></sln:miejscowosc><sln:miejscowosc><sln:cyklZyciaDo>2015-06-23T00:00:00+02:00</sln:cyklZyciaDo><sln:cyklZyciaOd>2015-06-15T00:00:00+02:00</sln:cyklZyciaOd><sln:gmIIPId>b211218d-0b0c-4552-bacf-c56111a6a356</sln:gmIIPId><sln:gmIIPPn>PL.PZGIK.200</sln:gmIIPPn><sln:gmIIPWersja>2012-09-26T22:13:44+02:00</sln:gmIIPWersja><sln:gmIdTeryt>1218013</sln:gmIdTeryt><sln:gmNazwa>Andrychów</sln:gmNazwa><sln:miejscIIPId>a40bbd1c-5ade-4fb9-bfe5-2ee50c4f787f</sln:miejscIIPId><sln:miejscIIPPn>PL.PZGIK.200</sln:miejscIIPPn><sln:miejscIIPWersja>2016-11-24T08:44:41+02:00</sln:miejscIIPWersja><sln:miejscIdTeryt>0045221</sln:miejscIdTeryt><sln:miejscNazwa>Roczyny</sln:miejscNazwa><sln:miejscRodzaj>Wieś</sln:miejscRodzaj><sln:powIIPId>db2b392c-5d8b-4afe-ae75-bc6f563eeb80</sln:powIIPId><sln:powIIPPn>PL.PZGIK.200</sln:powIIPPn><sln:powIIPWersja>2012-09-27T07:52:01+02:00</sln:powIIPWersja><sln:powIdTeryt>1218</sln:powIdTeryt><sln:powNazwa>wadowicki</sln:powNazwa><sln:waznyOd>2015-04-07T00:00:00+02:00</sln:waznyOd><sln:wojIIPId>dd2e3c64-f861-47cf-a3a3-e7751f272b2f</sln:wojIIPId><sln:wojIIPPn>PL.PZGIK.200</sln:wojIIPPn><sln:wojIIPWersja>2017-10-10T00:00:00+02:00</sln:wojIIPWersja><sln:wojIdTeryt>12</sln:wojIdTeryt><sln:wojNazwa>małopolskie</sln:wojNazwa></sln:miejscowosc><sln:miejscowosc><sln:cyklZyciaDo>2015-06-23T00:00:00+02:00</sln:cyklZyciaDo><sln:cyklZyciaOd>2015-06-15T00:00:00+02:00</sln:cyklZyciaOd><sln:gmIIPId>b211218d-0b0c-4552-bacf-c56111a6a356</sln:gmIIPId><sln:gmIIPPn>PL.PZGIK.200</sln:gmIIPPn><sln:gmIIPWersja>2012-09-26T22:13:44+02:00</sln:gmIIPWersja><sln:gmIdTeryt>1218013</sln:gmIdTeryt><sln:gmNazwa>Andrychów</sln:gmNazwa><sln:miejscIIPId>603917aa-8655-4793-b2ff-6ca2c4a2a54c</sln:miejscIIPId><sln:miejscIIPPn>PL.PZGIK.200</sln:miejscIIPPn><sln:miejscIIPWersja>2016-11-24T08:44:46+02:00</sln:miejscIIPWersja><sln:miejscIdTeryt>0045333</sln:miejscIdTeryt><sln:miejscNazwa>Rzyki</sln:miejscNazwa><sln:miejscRodzaj>Wieś</sln:miejscRodzaj><sln:powIIPId>db2b392c-5d8b-4afe-ae75-bc6f563eeb80</sln:powIIPId><sln:powIIPPn>PL.PZGIK.200</sln:powIIPPn><sln:powIIPWersja>2012-09-27T07:52:01+02:00</sln:powIIPWersja><sln:powIdTeryt>1218</sln:powIdTeryt><sln:powNazwa>wadowicki</sln:powNazwa><sln:waznyOd>2015-04-07T00:00:00+02:00</sln:waznyOd><sln:wojIIPId>dd2e3c64-f861-47cf-a3a3-e7751f272b2f</sln:wojIIPId><sln:wojIIPPn>PL.PZGIK.200</sln:wojIIPPn><sln:wojIIPWersja>2017-10-10T00:00:00+02:00</sln:wojIIPWersja><sln:wojIdTeryt>12</sln:wojIdTeryt><sln:wojNazwa>małopolskie</sln:wojNazwa></sln:miejscowosc><sln:miejscowosc><sln:cyklZyciaDo>2015-06-23T00:00:00+02:00</sln:cyklZyciaDo><sln:cyklZyciaOd>2015-06-15T00:00:00+02:00</sln:cyklZyciaOd><sln:gmIIPId>b211218d-0b0c-4552-bacf-c56111a6a356</sln:gmIIPId><sln:gmIIPPn>PL.PZGIK.200</sln:gmIIPPn><sln:gmIIPWersja>2012-09-26T22:13:44+02:00</sln:gmIIPWersja><sln:gmIdTeryt>1218013</sln:gmIdTeryt><sln:gmNazwa>Andrychów</sln:gmNazwa><sln:miejscIIPId>fec86ab3-b40b-481f-a07f-2e55f93b20e9</sln:miejscIIPId><sln:miejscIIPPn>PL.PZGIK.200</sln:miejscIIPPn><sln:miejscIIPWersja>2016-11-24T08:44:51+02:00</sln:miejscIIPWersja><sln:miejscIdTeryt>0045681</sln:miejscIdTeryt><sln:miejscNazwa>Sułkowice</sln:miejscNazwa><sln:miejscRodzaj>Wieś</sln:miejscRodzaj><sln:powIIPId>db2b392c-5d8b-4afe-ae75-bc6f563eeb80</sln:powIIPId><sln:powIIPPn>PL.PZGIK.200</sln:powIIPPn><sln:powIIPWersja>2012-09-27T07:52:01+02:00</sln:powIIPWersja><sln:powIdTeryt>1218</sln:powIdTeryt><sln:powNazwa>wadowicki</sln:powNazwa><sln:waznyOd>2015-04-07T00:00:00+02:00</sln:waznyOd><sln:wojIIPId>dd2e3c64-f861-47cf-a3a3-e7751f272b2f</sln:wojIIPId><sln:wojIIPPn>PL.PZGIK.200</sln:wojIIPPn><sln:wojIIPWersja>2017-10-10T00:00:00+02:00</sln:wojIIPWersja><sln:wojIdTeryt>12</sln:wojIdTeryt><sln:wojNazwa>małopolskie</sln:wojNazwa></sln:miejscowosc><sln:miejscowosc><sln:cyklZyciaDo>2015-06-23T00:00:00+02:00</sln:cyklZyciaDo><sln:cyklZyciaOd>2015-06-15T00:00:00+02:00</sln:cyklZyciaOd><sln:gmIIPId>b211218d-0b0c-4552-bacf-c56111a6a356</sln:gmIIPId><sln:gmIIPPn>PL.PZGIK.200</sln:gmIIPPn><sln:gmIIPWersja>2012-09-26T22:13:44+02:00</sln:gmIIPWersja><sln:gmIdTeryt>1218013</sln:gmIdTeryt><sln:gmNazwa>Andrychów</sln:gmNazwa><sln:miejscIIPId>135d1106-5186-485f-9c43-618ea1f95ac6</sln:miejscIIPId><sln:miejscIIPPn>PL.PZGIK.200</sln:miejscIIPPn><sln:miejscIIPWersja>2016-11-24T08:44:56+02:00</sln:miejscIIPWersja><sln:miejscIdTeryt>0045830</sln:miejscIdTeryt><sln:miejscNazwa>Targanice</sln:miejscNazwa><sln:miejscRodzaj>Wieś</sln:miejscRodzaj><sln:powIIPId>db2b392c-5d8b-4afe-ae75-bc6f563eeb80</sln:powIIPId><sln:powIIPPn>PL.PZGIK.200</sln:powIIPPn><sln:powIIPWersja>2012-09-27T07:52:01+02:00</sln:powIIPWersja><sln:powIdTeryt>1218</sln:powIdTeryt><sln:powNazwa>wadowicki</sln:powNazwa><sln:waznyOd>2015-04-07T00:00:00+02:00</sln:waznyOd><sln:wojIIPId>dd2e3c64-f861-47cf-a3a3-e7751f272b2f</sln:wojIIPId><sln:wojIIPPn>PL.PZGIK.200</sln:wojIIPPn><sln:wojIIPWersja>2017-10-10T00:00:00+02:00</sln:wojIIPWersja><sln:wojIdTeryt>12</sln:wojIdTeryt><sln:wojNazwa>małopolskie</sln:wojNazwa></sln:miejscowosc><sln:miejscowosc><sln:cyklZyciaDo>2015-06-23T00:00:00+02:00</sln:cyklZyciaDo><sln:cyklZyciaOd>2015-06-15T00:00:00+02:00</sln:cyklZyciaOd><sln:gmIIPId>b211218d-0b0c-4552-bacf-c56111a6a356</sln:gmIIPId><sln:gmIIPPn>PL.PZGIK.200</sln:gmIIPPn><sln:gmIIPWersja>2012-09-26T22:13:44+02:00</sln:gmIIPWersja><sln:gmIdTeryt>1218013</sln:gmIdTeryt><sln:gmNazwa>Andrychów</sln:gmNazwa><sln:miejscIIPId>019aa271-3a45-4e17-a1f6-52b6bb8aa9f5</sln:miejscIIPId><sln:miejscIIPPn>PL.PZGIK.200</sln:miejscIIPPn><sln:miejscIIPWersja>2016-11-24T08:45:02+02:00</sln:miejscIIPWersja><sln:miejscIdTeryt>0046048</sln:miejscIdTeryt><sln:miejscNazwa>Zagórnik</sln:miejscNazwa><sln:miejscRodzaj>Wieś</sln:miejscRodzaj><sln:powIIPId>db2b392c-5d8b-4afe-ae75-bc6f563eeb80</sln:powIIPId><sln:powIIPPn>PL.PZGIK.200</sln:powIIPPn><sln:powIIPWersja>2012-09-27T07:52:01+02:00</sln:powIIPWersja><sln:powIdTeryt>1218</sln:powIdTeryt><sln:powNazwa>wadowicki</sln:powNazwa><sln:waznyOd>2015-04-07T00:00:00+02:00</sln:waznyOd><sln:wojIIPId>dd2e3c64-f861-47cf-a3a3-e7751f272b2f</sln:wojIIPId><sln:wojIIPPn>PL.PZGIK.200</sln:wojIIPPn><sln:wojIIPWersja>2017-10-10T00:00:00+02:00</sln:wojIIPWersja><sln:wojIdTeryt>12</sln:wojIdTeryt><sln:wojNazwa>małopolskie</sln:wojNazwa></sln:miejscowosc><sln:miejscowosc><sln:cyklZyciaDo>2015-09-22T00:00:00+02:00</sln:cyklZyciaDo><sln:cyklZyciaOd>2015-06-23T00:00:00+02:00</sln:cyklZyciaOd><sln:gmIIPId>b211218d-0b0c-4552-bacf-c56111a6a356</sln:gmIIPId><sln:gmIIPPn>PL.PZGIK.200</sln:gmIIPPn><sln:gmIIPWersja>2012-09-26T22:13:44+02:00</sln:gmIIPWersja><sln:gmIdTeryt>1218013</sln:gmIdTeryt><sln:gmNazwa>Andrychów</sln:gmNazwa><sln:miejscIIPId>3eb1d98c-7375-4895-ad80-68550725fc97</sln:miejscIIPId><sln:miejscIIPPn>PL.PZGIK.200</sln:miejscIIPPn><sln:miejscIIPWersja>2016-11-24T13:15:15+02:00</sln:miejscIIPWersja><sln:miejscIdTeryt>0924023</sln:miejscIdTeryt><sln:miejscNazwa>Andrychów</sln:miejscNazwa><sln:miejscRodzaj>Miasto</sln:miejscRodzaj><sln:powIIPId>db2b392c-5d8b-4afe-ae75-bc6f563eeb80</sln:powIIPId><sln:powIIPPn>PL.PZGIK.200</sln:powIIPPn><sln:powIIPWersja>2012-09-27T07:52:01+02:00</sln:powIIPWersja><sln:powIdTeryt>1218</sln:powIdTeryt><sln:powNazwa>wadowicki</sln:powNazwa><sln:waznyOd>2013-07-10T00:00:00+02:00</sln:waznyOd><sln:wojIIPId>dd2e3c64-f861-47cf-a3a3-e7751f272b2f</sln:wojIIPId><sln:wojIIPPn>PL.PZGIK.200</sln:wojIIPPn><sln:wojIIPWersja>2017-10-10T00:00:00+02:00</sln:wojIIPWersja><sln:wojIdTeryt>12</sln:wojIdTeryt><sln:wojNazwa>małopolskie</sln:wojNazwa></sln:miejscowosc><sln:miejscowosc><sln:cyklZyciaDo>2015-09-22T00:00:00+02:00</sln:cyklZyciaDo><sln:cyklZyciaOd>2015-06-23T00:00:00+02:00</sln:cyklZyciaOd><sln:gmIIPId>b211218d-0b0c-4552-bacf-c56111a6a356</sln:gmIIPId><sln:gmIIPPn>PL.PZGIK.200</sln:gmIIPPn><sln:gmIIPWersja>2012-09-26T22:13:44+02:00</sln:gmIIPWersja><sln:gmIdTeryt>1218013</sln:gmIdTeryt><sln:gmNazwa>Andrychów</sln:gmNazwa><sln:miejscIIPId>660c8736-bed6-42a5-a462-177b90dfdf1b</sln:miejscIIPId><sln:miejscIIPPn>PL.PZGIK.200</sln:miejscIIPPn><sln:miejscIIPWersja>2016-11-24T08:44:32+02:00</sln:miejscIIPWersja><sln:miejscIdTeryt>0045014</sln:miejscIdTeryt><sln:miejscNazwa>Brzezinka</sln:miejscNazwa><sln:miejscRodzaj>Wieś</sln:miejscRodzaj><sln:powIIPId>db2b392c-5d8b-4afe-ae75-bc6f563eeb80</sln:powIIPId><sln:powIIPPn>PL.PZGIK.200</sln:powIIPPn><sln:powIIPWersja>2012-09-27T07:52:01+02:00</sln:powIIPWersja><sln:powIdTeryt>1218</sln:powIdTeryt><sln:powNazwa>wadowicki</sln:powNazwa><sln:waznyOd>2015-04-07T00:00:00+02:00</sln:waznyOd><sln:wojIIPId>dd2e3c64-f861-47cf-a3a3-e7751f272b2f</sln:wojIIPId><sln:wojIIPPn>PL.PZGIK.200</sln:wojIIPPn><sln:wojIIPWersja>2017-10-10T00:00:00+02:00</sln:wojIIPWersja><sln:wojIdTeryt>12</sln:wojIdTeryt><sln:wojNazwa>małopolskie</sln:wojNazwa></sln:miejscowosc><sln:miejscowosc><sln:cyklZyciaDo>2015-09-22T00:00:00+02:00</sln:cyklZyciaDo><sln:cyklZyciaOd>2015-06-23T00:00:00+02:00</sln:cyklZyciaOd><sln:gmIIPId>b211218d-0b0c-4552-bacf-c56111a6a356</sln:gmIIPId><sln:gmIIPPn>PL.PZGIK.200</sln:gmIIPPn><sln:gmIIPWersja>2012-09-26T22:13:44+02:00</sln:gmIIPWersja><sln:gmIdTeryt>1218013</sln:gmIdTeryt><sln:gmNazwa>Andrychów</sln:gmNazwa><sln:miejscIIPId>9d81ee2b-519f-4298-a9e2-6a195b2d6ef3</sln:miejscIIPId><sln:miejscIIPPn>PL.PZGIK.200</sln:miejscIIPPn><sln:miejscIIPWersja>2016-11-24T08:44:37+02:00</sln:miejscIIPWersja><sln:miejscIdTeryt>0045089</sln:miejscIdTeryt><sln:miejscNazwa>Inwałd</sln:miejscNazwa><sln:miejscRodzaj>Wieś</sln:miejscRodzaj><sln:powIIPId>db2b392c-5d8b-4afe-ae75-bc6f563eeb80</sln:powIIPId><sln:powIIPPn>PL.PZGIK.200</sln:powIIPPn><sln:powIIPWersja>2012-09-27T07:52:01+02:00</sln:powIIPWersja><sln:powIdTeryt>1218</sln:powIdTeryt><sln:powNazwa>wadowicki</sln:powNazwa><sln:waznyOd>2015-04-07T00:00:00+02:00</sln:waznyOd><sln:wojIIPId>dd2e3c64-f861-47cf-a3a3-e7751f272b2f</sln:wojIIPId><sln:wojIIPPn>PL.PZGIK.200</sln:wojIIPPn><sln:wojIIPWersja>2017-10-10T00:00:00+02:00</sln:wojIIPWersja><sln:wojIdTeryt>12</sln:wojIdTeryt><sln:wojNazwa>małopolskie</sln:wojNazwa></sln:miejscowosc><sln:miejscowosc><sln:cyklZyciaDo>2015-09-22T00:00:00+02:00</sln:cyklZyciaDo><sln:cyklZyciaOd>2015-06-23T00:00:00+02:00</sln:cyklZyciaOd><sln:gmIIPId>b211218d-0b0c-4552-bacf-c56111a6a356</sln:gmIIPId><sln:gmIIPPn>PL.PZGIK.200</sln:gmIIPPn><sln:gmIIPWersja>2012-09-26T22:13:44+02:00</sln:gmIIPWersja><sln:gmIdTeryt>1218013</sln:gmIdTeryt><sln:gmNazwa>Andrychów</sln:gmNazwa><sln:miejscIIPId>a40bbd1c-5ade-4fb9-bfe5-2ee50c4f787f</sln:miejscIIPId><sln:miejscIIPPn>PL.PZGIK.200</sln:miejscIIPPn><sln:miejscIIPWersja>2016-11-24T08:44:42+02:00</sln:miejscIIPWersja><sln:miejscIdTeryt>0045221</sln:miejscIdTeryt><sln:miejscNazwa>Roczyny</sln:miejscNazwa><sln:miejscRodzaj>Wieś</sln:miejscRodzaj><sln:powIIPId>db2b392c-5d8b-4afe-ae75-bc6f563eeb80</sln:powIIPId><sln:powIIPPn>PL.PZGIK.200</sln:powIIPPn><sln:powIIPWersja>2012-09-27T07:52:01+02:00</sln:powIIPWersja><sln:powIdTeryt>1218</sln:powIdTeryt><sln:powNazwa>wadowicki</sln:powNazwa><sln:waznyOd>2015-04-07T00:00:00+02:00</sln:waznyOd><sln:wojIIPId>dd2e3c64-f861-47cf-a3a3-e7751f272b2f</sln:wojIIPId><sln:wojIIPPn>PL.PZGIK.200</sln:wojIIPPn><sln:wojIIPWersja>2017-10-10T00:00:00+02:00</sln:wojIIPWersja><sln:wojIdTeryt>12</sln:wojIdTeryt><sln:wojNazwa>małopolskie</sln:wojNazwa></sln:miejscowosc><sln:miejscowosc><sln:cyklZyciaDo>2015-09-22T00:00:00+02:00</sln:cyklZyciaDo><sln:cyklZyciaOd>2015-06-23T00:00:00+02:00</sln:cyklZyciaOd><sln:gmIIPId>b211218d-0b0c-4552-bacf-c56111a6a356</sln:gmIIPId><sln:gmIIPPn>PL.PZGIK.200</sln:gmIIPPn><sln:gmIIPWersja>2012-09-26T22:13:44+02:00</sln:gmIIPWersja><sln:gmIdTeryt>1218013</sln:gmIdTeryt><sln:gmNazwa>Andrychów</sln:gmNazwa><sln:miejscIIPId>603917aa-8655-4793-b2ff-6ca2c4a2a54c</sln:miejscIIPId><sln:miejscIIPPn>PL.PZGIK.200</sln:miejscIIPPn><sln:miejscIIPWersja>2016-11-24T08:44:47+02:00</sln:miejscIIPWersja><sln:miejscIdTeryt>0045333</sln:miejscIdTeryt><sln:miejscNazwa>Rzyki</sln:miejscNazwa><sln:miejscRodzaj>Wieś</sln:miejscRodzaj><sln:powIIPId>db2b392c-5d8b-4afe-ae75-bc6f563eeb80</sln:powIIPId><sln:powIIPPn>PL.PZGIK.200</sln:powIIPPn><sln:powIIPWersja>2012-09-27T07:52:01+02:00</sln:powIIPWersja><sln:powIdTeryt>1218</sln:powIdTeryt><sln:powNazwa>wadowicki</sln:powNazwa><sln:waznyOd>2015-04-07T00:00:00+02:00</sln:waznyOd><sln:wojIIPId>dd2e3c64-f861-47cf-a3a3-e7751f272b2f</sln:wojIIPId><sln:wojIIPPn>PL.PZGIK.200</sln:wojIIPPn><sln:wojIIPWersja>2017-10-10T00:00:00+02:00</sln:wojIIPWersja><sln:wojIdTeryt>12</sln:wojIdTeryt><sln:wojNazwa>małopolskie</sln:wojNazwa></sln:miejscowosc><sln:miejscowosc><sln:cyklZyciaDo>2015-09-22T00:00:00+02:00</sln:cyklZyciaDo><sln:cyklZyciaOd>2015-06-23T00:00:00+02:00</sln:cyklZyciaOd><sln:gmIIPId>b211218d-0b0c-4552-bacf-c56111a6a356</sln:gmIIPId><sln:gmIIPPn>PL.PZGIK.200</sln:gmIIPPn><sln:gmIIPWersja>2012-09-26T22:13:44+02:00</sln:gmIIPWersja><sln:gmIdTeryt>1218013</sln:gmIdTeryt><sln:gmNazwa>Andrychów</sln:gmNazwa><sln:miejscIIPId>fec86ab3-b40b-481f-a07f-2e55f93b20e9</sln:miejscIIPId><sln:miejscIIPPn>PL.PZGIK.200</sln:miejscIIPPn><sln:miejscIIPWersja>2016-11-24T08:44:52+02:00</sln:miejscIIPWersja><sln:miejscIdTeryt>0045681</sln:miejscIdTeryt><sln:miejscNazwa>Sułkowice</sln:miejscNazwa><sln:miejscRodzaj>Wieś</sln:miejscRodzaj><sln:powIIPId>db2b392c-5d8b-4afe-ae75-bc6f563eeb80</sln:powIIPId><sln:powIIPPn>PL.PZGIK.200</sln:powIIPPn><sln:powIIPWersja>2012-09-27T07:52:01+02:00</sln:powIIPWersja><sln:powIdTeryt>1218</sln:powIdTeryt><sln:powNazwa>wadowicki</sln:powNazwa><sln:waznyOd>2015-04-07T00:00:00+02:00</sln:waznyOd><sln:wojIIPId>dd2e3c64-f861-47cf-a3a3-e7751f272b2f</sln:wojIIPId><sln:wojIIPPn>PL.PZGIK.200</sln:wojIIPPn><sln:wojIIPWersja>2017-10-10T00:00:00+02:00</sln:wojIIPWersja><sln:wojIdTeryt>12</sln:wojIdTeryt><sln:wojNazwa>małopolskie</sln:wojNazwa></sln:miejscowosc><sln:miejscowosc><sln:cyklZyciaDo>2015-09-22T00:00:00+02:00</sln:cyklZyciaDo><sln:cyklZyciaOd>2015-06-23T00:00:00+02:00</sln:cyklZyciaOd><sln:gmIIPId>b211218d-0b0c-4552-bacf-c56111a6a356</sln:gmIIPId><sln:gmIIPPn>PL.PZGIK.200</sln:gmIIPPn><sln:gmIIPWersja>2012-09-26T22:13:44+02:00</sln:gmIIPWersja><sln:gmIdTeryt>1218013</sln:gmIdTeryt><sln:gmNazwa>Andrychów</sln:gmNazwa><sln:miejscIIPId>135d1106-5186-485f-9c43-618ea1f95ac6</sln:miejscIIPId><sln:miejscIIPPn>PL.PZGIK.200</sln:miejscIIPPn><sln:miejscIIPWersja>2016-11-24T08:44:57+02:00</sln:miejscIIPWersja><sln:miejscIdTeryt>0045830</sln:miejscIdTeryt><sln:miejscNazwa>Targanice</sln:miejscNazwa><sln:miejscRodzaj>Wieś</sln:miejscRodzaj><sln:powIIPId>db2b392c-5d8b-4afe-ae75-bc6f563eeb80</sln:powIIPId><sln:powIIPPn>PL.PZGIK.200</sln:powIIPPn><sln:powIIPWersja>2012-09-27T07:52:01+02:00</sln:powIIPWersja><sln:powIdTeryt>1218</sln:powIdTeryt><sln:powNazwa>wadowicki</sln:powNazwa><sln:waznyOd>2015-04-07T00:00:00+02:00</sln:waznyOd><sln:wojIIPId>dd2e3c64-f861-47cf-a3a3-e7751f272b2f</sln:wojIIPId><sln:wojIIPPn>PL.PZGIK.200</sln:wojIIPPn><sln:wojIIPWersja>2017-10-10T00:00:00+02:00</sln:wojIIPWersja><sln:wojIdTeryt>12</sln:wojIdTeryt><sln:wojNazwa>małopolskie</sln:wojNazwa></sln:miejscowosc><sln:miejscowosc><sln:cyklZyciaDo>2015-09-22T00:00:00+02:00</sln:cyklZyciaDo><sln:cyklZyciaOd>2015-06-23T00:00:00+02:00</sln:cyklZyciaOd><sln:gmIIPId>b211218d-0b0c-4552-bacf-c56111a6a356</sln:gmIIPId><sln:gmIIPPn>PL.PZGIK.200</sln:gmIIPPn><sln:gmIIPWersja>2012-09-26T22:13:44+02:00</sln:gmIIPWersja><sln:gmIdTeryt>1218013</sln:gmIdTeryt><sln:gmNazwa>Andrychów</sln:gmNazwa><sln:miejscIIPId>019aa271-3a45-4e17-a1f6-52b6bb8aa9f5</sln:miejscIIPId><sln:miejscIIPPn>PL.PZGIK.200</sln:miejscIIPPn><sln:miejscIIPWersja>2016-11-24T08:45:03+02:00</sln:miejscIIPWersja><sln:miejscIdTeryt>0046048</sln:miejscIdTeryt><sln:miejscNazwa>Zagórnik</sln:miejscNazwa><sln:miejscRodzaj>Wieś</sln:miejscRodzaj><sln:powIIPId>db2b392c-5d8b-4afe-ae75-bc6f563eeb80</sln:powIIPId><sln:powIIPPn>PL.PZGIK.200</sln:powIIPPn><sln:powIIPWersja>2012-09-27T07:52:01+02:00</sln:powIIPWersja><sln:powIdTeryt>1218</sln:powIdTeryt><sln:powNazwa>wadowicki</sln:powNazwa><sln:waznyOd>2015-04-07T00:00:00+02:00</sln:waznyOd><sln:wojIIPId>dd2e3c64-f861-47cf-a3a3-e7751f272b2f</sln:wojIIPId><sln:wojIIPPn>PL.PZGIK.200</sln:wojIIPPn><sln:wojIIPWersja>2017-10-10T00:00:00+02:00</sln:wojIIPWersja><sln:wojIdTeryt>12</sln:wojIdTeryt><sln:wojNazwa>małopolskie</sln:wojNazwa></sln:miejscowosc><sln:miejscowosc><sln:cyklZyciaDo>2015-12-15T00:00:00+01:00</sln:cyklZyciaDo><sln:cyklZyciaOd>2015-09-22T00:00:00+02:00</sln:cyklZyciaOd><sln:gmIIPId>b211218d-0b0c-4552-bacf-c56111a6a356</sln:gmIIPId><sln:gmIIPPn>PL.PZGIK.200</sln:gmIIPPn><sln:gmIIPWersja>2012-09-26T22:13:44+02:00</sln:gmIIPWersja><sln:gmIdTeryt>1218013</sln:gmIdTeryt><sln:gmNazwa>Andrychów</sln:gmNazwa><sln:miejscIIPId>3eb1d98c-7375-4895-ad80-68550725fc97</sln:miejscIIPId><sln:miejscIIPPn>PL.PZGIK.200</sln:miejscIIPPn><sln:miejscIIPWersja>2016-11-24T13:15:16+02:00</sln:miejscIIPWersja><sln:miejscIdTeryt>0924023</sln:miejscIdTeryt><sln:miejscNazwa>Andrychów</sln:miejscNazwa><sln:miejscRodzaj>Miasto</sln:miejscRodzaj><sln:powIIPId>db2b392c-5d8b-4afe-ae75-bc6f563eeb80</sln:powIIPId><sln:powIIPPn>PL.PZGIK.200</sln:powIIPPn><sln:powIIPWersja>2012-09-27T07:52:01+02:00</sln:powIIPWersja><sln:powIdTeryt>1218</sln:powIdTeryt><sln:powNazwa>wadowicki</sln:powNazwa><sln:waznyOd>2013-07-10T00:00:00+02:00</sln:waznyOd><sln:wojIIPId>dd2e3c64-f861-47cf-a3a3-e7751f272b2f</sln:wojIIPId><sln:wojIIPPn>PL.PZGIK.200</sln:wojIIPPn><sln:wojIIPWersja>2017-10-10T00:00:00+02:00</sln:wojIIPWersja><sln:wojIdTeryt>12</sln:wojIdTeryt><sln:wojNazwa>małopolskie</sln:wojNazwa></sln:miejscowosc><sln:miejscowosc><sln:cyklZyciaDo>2015-12-15T00:00:00+01:00</sln:cyklZyciaDo><sln:cyklZyciaOd>2015-09-22T00:00:00+02:00</sln:cyklZyciaOd><sln:gmIIPId>b211218d-0b0c-4552-bacf-c56111a6a356</sln:gmIIPId><sln:gmIIPPn>PL.PZGIK.200</sln:gmIIPPn><sln:gmIIPWersja>2012-09-26T22:13:44+02:00</sln:gmIIPWersja><sln:gmIdTeryt>1218013</sln:gmIdTeryt><sln:gmNazwa>Andrychów</sln:gmNazwa><sln:miejscIIPId>9d81ee2b-519f-4298-a9e2-6a195b2d6ef3</sln:miejscIIPId><sln:miejscIIPPn>PL.PZGIK.200</sln:miejscIIPPn><sln:miejscIIPWersja>2016-11-24T08:44:38+02:00</sln:miejscIIPWersja><sln:miejscIdTeryt>0045089</sln:miejscIdTeryt><sln:miejscNazwa>Inwałd</sln:miejscNazwa><sln:miejscRodzaj>Wieś</sln:miejscRodzaj><sln:powIIPId>db2b392c-5d8b-4afe-ae75-bc6f563eeb80</sln:powIIPId><sln:powIIPPn>PL.PZGIK.200</sln:powIIPPn><sln:powIIPWersja>2012-09-27T07:52:01+02:00</sln:powIIPWersja><sln:powIdTeryt>1218</sln:powIdTeryt><sln:powNazwa>wadowicki</sln:powNazwa><sln:waznyOd>2015-04-07T00:00:00+02:00</sln:waznyOd><sln:wojIIPId>dd2e3c64-f861-47cf-a3a3-e7751f272b2f</sln:wojIIPId><sln:wojIIPPn>PL.PZGIK.200</sln:wojIIPPn><sln:wojIIPWersja>2017-10-10T00:00:00+02:00</sln:wojIIPWersja><sln:wojIdTeryt>12</sln:wojIdTeryt><sln:wojNazwa>małopolskie</sln:wojNazwa></sln:miejscowosc><sln:miejscowosc><sln:cyklZyciaDo>2015-12-15T00:00:00+01:00</sln:cyklZyciaDo><sln:cyklZyciaOd>2015-09-22T00:00:00+02:00</sln:cyklZyciaOd><sln:gmIIPId>b211218d-0b0c-4552-bacf-c56111a6a356</sln:gmIIPId><sln:gmIIPPn>PL.PZGIK.200</sln:gmIIPPn><sln:gmIIPWersja>2012-09-26T22:13:44+02:00</sln:gmIIPWersja><sln:gmIdTeryt>1218013</sln:gmIdTeryt><sln:gmNazwa>Andrychów</sln:gmNazwa><sln:miejscIIPId>a40bbd1c-5ade-4fb9-bfe5-2ee50c4f787f</sln:miejscIIPId><sln:miejscIIPPn>PL.PZGIK.200</sln:miejscIIPPn><sln:miejscIIPWersja>2016-11-24T08:44:43+02:00</sln:miejscIIPWersja><sln:miejscIdTeryt>0045221</sln:miejscIdTeryt><sln:miejscNazwa>Roczyny</sln:miejscNazwa><sln:miejscRodzaj>Wieś</sln:miejscRodzaj><sln:powIIPId>db2b392c-5d8b-4afe-ae75-bc6f563eeb80</sln:powIIPId><sln:powIIPPn>PL.PZGIK.200</sln:powIIPPn><sln:powIIPWersja>2012-09-27T07:52:01+02:00</sln:powIIPWersja><sln:powIdTeryt>1218</sln:powIdTeryt><sln:powNazwa>wadowicki</sln:powNazwa><sln:waznyOd>2015-04-07T00:00:00+02:00</sln:waznyOd><sln:wojIIPId>dd2e3c64-f861-47cf-a3a3-e7751f272b2f</sln:wojIIPId><sln:wojIIPPn>PL.PZGIK.200</sln:wojIIPPn><sln:wojIIPWersja>2017-10-10T00:00:00+02:00</sln:wojIIPWersja><sln:wojIdTeryt>12</sln:wojIdTeryt><sln:wojNazwa>małopolskie</sln:wojNazwa></sln:miejscowosc><sln:miejscowosc><sln:cyklZyciaDo>2015-12-15T00:00:00+01:00</sln:cyklZyciaDo><sln:cyklZyciaOd>2015-09-22T00:00:00+02:00</sln:cyklZyciaOd><sln:gmIIPId>b211218d-0b0c-4552-bacf-c56111a6a356</sln:gmIIPId><sln:gmIIPPn>PL.PZGIK.200</sln:gmIIPPn><sln:gmIIPWersja>2012-09-26T22:13:44+02:00</sln:gmIIPWersja><sln:gmIdTeryt>1218013</sln:gmIdTeryt><sln:gmNazwa>Andrychów</sln:gmNazwa><sln:miejscIIPId>603917aa-8655-4793-b2ff-6ca2c4a2a54c</sln:miejscIIPId><sln:miejscIIPPn>PL.PZGIK.200</sln:miejscIIPPn><sln:miejscIIPWersja>2016-11-24T08:44:48+02:00</sln:miejscIIPWersja><sln:miejscIdTeryt>0045333</sln:miejscIdTeryt><sln:miejscNazwa>Rzyki</sln:miejscNazwa><sln:miejscRodzaj>Wieś</sln:miejscRodzaj><sln:powIIPId>db2b392c-5d8b-4afe-ae75-bc6f563eeb80</sln:powIIPId><sln:powIIPPn>PL.PZGIK.200</sln:powIIPPn><sln:powIIPWersja>2012-09-27T07:52:01+02:00</sln:powIIPWersja><sln:powIdTeryt>1218</sln:powIdTeryt><sln:powNazwa>wadowicki</sln:powNazwa><sln:waznyOd>2015-04-07T00:00:00+02:00</sln:waznyOd><sln:wojIIPId>dd2e3c64-f861-47cf-a3a3-e7751f272b2f</sln:wojIIPId><sln:wojIIPPn>PL.PZGIK.200</sln:wojIIPPn><sln:wojIIPWersja>2017-10-10T00:00:00+02:00</sln:wojIIPWersja><sln:wojIdTeryt>12</sln:wojIdTeryt><sln:wojNazwa>małopolskie</sln:wojNazwa></sln:miejscowosc><sln:miejscowosc><sln:cyklZyciaDo>2015-12-15T00:00:00+01:00</sln:cyklZyciaDo><sln:cyklZyciaOd>2015-09-22T00:00:00+02:00</sln:cyklZyciaOd><sln:gmIIPId>b211218d-0b0c-4552-bacf-c56111a6a356</sln:gmIIPId><sln:gmIIPPn>PL.PZGIK.200</sln:gmIIPPn><sln:gmIIPWersja>2012-09-26T22:13:44+02:00</sln:gmIIPWersja><sln:gmIdTeryt>1218013</sln:gmIdTeryt><sln:gmNazwa>Andrychów</sln:gmNazwa><sln:miejscIIPId>fec86ab3-b40b-481f-a07f-2e55f93b20e9</sln:miejscIIPId><sln:miejscIIPPn>PL.PZGIK.200</sln:miejscIIPPn><sln:miejscIIPWersja>2016-11-24T08:44:53+02:00</sln:miejscIIPWersja><sln:miejscIdTeryt>0045681</sln:miejscIdTeryt><sln:miejscNazwa>Sułkowice</sln:miejscNazwa><sln:miejscRodzaj>Wieś</sln:miejscRodzaj><sln:powIIPId>db2b392c-5d8b-4afe-ae75-bc6f563eeb80</sln:powIIPId><sln:powIIPPn>PL.PZGIK.200</sln:powIIPPn><sln:powIIPWersja>2012-09-27T07:52:01+02:00</sln:powIIPWersja><sln:powIdTeryt>1218</sln:powIdTeryt><sln:powNazwa>wadowicki</sln:powNazwa><sln:waznyOd>2015-04-07T00:00:00+02:00</sln:waznyOd><sln:wojIIPId>dd2e3c64-f861-47cf-a3a3-e7751f272b2f</sln:wojIIPId><sln:wojIIPPn>PL.PZGIK.200</sln:wojIIPPn><sln:wojIIPWersja>2017-10-10T00:00:00+02:00</sln:wojIIPWersja><sln:wojIdTeryt>12</sln:wojIdTeryt><sln:wojNazwa>małopolskie</sln:wojNazwa></sln:miejscowosc><sln:miejscowosc><sln:cyklZyciaDo>2015-12-15T00:00:00+01:00</sln:cyklZyciaDo><sln:cyklZyciaOd>2015-09-22T00:00:00+02:00</sln:cyklZyciaOd><sln:gmIIPId>b211218d-0b0c-4552-bacf-c56111a6a356</sln:gmIIPId><sln:gmIIPPn>PL.PZGIK.200</sln:gmIIPPn><sln:gmIIPWersja>2012-09-26T22:13:44+02:00</sln:gmIIPWersja><sln:gmIdTeryt>1218013</sln:gmIdTeryt><sln:gmNazwa>Andrychów</sln:gmNazwa><sln:miejscIIPId>660c8736-bed6-42a5-a462-177b90dfdf1b</sln:miejscIIPId><sln:miejscIIPPn>PL.PZGIK.200</sln:miejscIIPPn><sln:miejscIIPWersja>2016-11-24T08:44:33+02:00</sln:miejscIIPWersja><sln:miejscIdTeryt>0045014</sln:miejscIdTeryt><sln:miejscNazwa>Brzezinka</sln:miejscNazwa><sln:miejscRodzaj>Wieś</sln:miejscRodzaj><sln:powIIPId>db2b392c-5d8b-4afe-ae75-bc6f563eeb80</sln:powIIPId><sln:powIIPPn>PL.PZGIK.200</sln:powIIPPn><sln:powIIPWersja>2012-09-27T07:52:01+02:00</sln:powIIPWersja><sln:powIdTeryt>1218</sln:powIdTeryt><sln:powNazwa>wadowicki</sln:powNazwa><sln:waznyOd>2015-04-07T00:00:00+02:00</sln:waznyOd><sln:wojIIPId>dd2e3c64-f861-47cf-a3a3-e7751f272b2f</sln:wojIIPId><sln:wojIIPPn>PL.PZGIK.200</sln:wojIIPPn><sln:wojIIPWersja>2017-10-10T00:00:00+02:00</sln:wojIIPWersja><sln:wojIdTeryt>12</sln:wojIdTeryt><sln:wojNazwa>małopolskie</sln:wojNazwa></sln:miejscowosc><sln:miejscowosc><sln:cyklZyciaDo>2015-12-15T00:00:00+01:00</sln:cyklZyciaDo><sln:cyklZyciaOd>2015-09-22T00:00:00+02:00</sln:cyklZyciaOd><sln:gmIIPId>b211218d-0b0c-4552-bacf-c56111a6a356</sln:gmIIPId><sln:gmIIPPn>PL.PZGIK.200</sln:gmIIPPn><sln:gmIIPWersja>2012-09-26T22:13:44+02:00</sln:gmIIPWersja><sln:gmIdTeryt>1218013</sln:gmIdTeryt><sln:gmNazwa>Andrychów</sln:gmNazwa><sln:miejscIIPId>135d1106-5186-485f-9c43-618ea1f95ac6</sln:miejscIIPId><sln:miejscIIPPn>PL.PZGIK.200</sln:miejscIIPPn><sln:miejscIIPWersja>2016-11-24T08:44:58+02:00</sln:miejscIIPWersja><sln:miejscIdTeryt>0045830</sln:miejscIdTeryt><sln:miejscNazwa>Targanice</sln:miejscNazwa><sln:miejscRodzaj>Wieś</sln:miejscRodzaj><sln:powIIPId>db2b392c-5d8b-4afe-ae75-bc6f563eeb80</sln:powIIPId><sln:powIIPPn>PL.PZGIK.200</sln:powIIPPn><sln:powIIPWersja>2012-09-27T07:52:01+02:00</sln:powIIPWersja><sln:powIdTeryt>1218</sln:powIdTeryt><sln:powNazwa>wadowicki</sln:powNazwa><sln:waznyOd>2015-04-07T00:00:00+02:00</sln:waznyOd><sln:wojIIPId>dd2e3c64-f861-47cf-a3a3-e7751f272b2f</sln:wojIIPId><sln:wojIIPPn>PL.PZGIK.200</sln:wojIIPPn><sln:wojIIPWersja>2017-10-10T00:00:00+02:00</sln:wojIIPWersja><sln:wojIdTeryt>12</sln:wojIdTeryt><sln:wojNazwa>małopolskie</sln:wojNazwa></sln:miejscowosc><sln:miejscowosc><sln:cyklZyciaDo>2015-12-15T00:00:00+01:00</sln:cyklZyciaDo><sln:cyklZyciaOd>2015-09-22T00:00:00+02:00</sln:cyklZyciaOd><sln:gmIIPId>b211218d-0b0c-4552-bacf-c56111a6a356</sln:gmIIPId><sln:gmIIPPn>PL.PZGIK.200</sln:gmIIPPn><sln:gmIIPWersja>2012-09-26T22:13:44+02:00</sln:gmIIPWersja><sln:gmIdTeryt>1218013</sln:gmIdTeryt><sln:gmNazwa>Andrychów</sln:gmNazwa><sln:miejscIIPId>019aa271-3a45-4e17-a1f6-52b6bb8aa9f5</sln:miejscIIPId><sln:miejscIIPPn>PL.PZGIK.200</sln:miejscIIPPn><sln:miejscIIPWersja>2016-11-24T08:45:04+02:00</sln:miejscIIPWersja><sln:miejscIdTeryt>0046048</sln:miejscIdTeryt><sln:miejscNazwa>Zagórnik</sln:miejscNazwa><sln:miejscRodzaj>Wieś</sln:miejscRodzaj><sln:powIIPId>db2b392c-5d8b-4afe-ae75-bc6f563eeb80</sln:powIIPId><sln:powIIPPn>PL.PZGIK.200</sln:powIIPPn><sln:powIIPWersja>2012-09-27T07:52:01+02:00</sln:powIIPWersja><sln:powIdTeryt>1218</sln:powIdTeryt><sln:powNazwa>wadowicki</sln:powNazwa><sln:waznyOd>2015-04-07T00:00:00+02:00</sln:waznyOd><sln:wojIIPId>dd2e3c64-f861-47cf-a3a3-e7751f272b2f</sln:wojIIPId><sln:wojIIPPn>PL.PZGIK.200</sln:wojIIPPn><sln:wojIIPWersja>2017-10-10T00:00:00+02:00</sln:wojIIPWersja><sln:wojIdTeryt>12</sln:wojIdTeryt><sln:wojNazwa>małopolskie</sln:wojNazwa></sln:miejscowosc><sln:miejscowosc><sln:cyklZyciaDo>2015-12-18T00:00:00+01:00</sln:cyklZyciaDo><sln:cyklZyciaOd>2015-12-15T00:00:00+01:00</sln:cyklZyciaOd><sln:gmIIPId>b211218d-0b0c-4552-bacf-c56111a6a356</sln:gmIIPId><sln:gmIIPPn>PL.PZGIK.200</sln:gmIIPPn><sln:gmIIPWersja>2012-09-26T22:13:44+02:00</sln:gmIIPWersja><sln:gmIdTeryt>1218013</sln:gmIdTeryt><sln:gmNazwa>Andrychów</sln:gmNazwa><sln:miejscIIPId>3eb1d98c-7375-4895-ad80-68550725fc97</sln:miejscIIPId><sln:miejscIIPPn>PL.PZGIK.200</sln:miejscIIPPn><sln:miejscIIPWersja>2016-11-24T13:15:17+02:00</sln:miejscIIPWersja><sln:miejscIdTeryt>0924023</sln:miejscIdTeryt><sln:miejscNazwa>Andrychów</sln:miejscNazwa><sln:miejscRodzaj>Miasto</sln:miejscRodzaj><sln:powIIPId>db2b392c-5d8b-4afe-ae75-bc6f563eeb80</sln:powIIPId><sln:powIIPPn>PL.PZGIK.200</sln:powIIPPn><sln:powIIPWersja>2012-09-27T07:52:01+02:00</sln:powIIPWersja><sln:powIdTeryt>1218</sln:powIdTeryt><sln:powNazwa>wadowicki</sln:powNazwa><sln:waznyOd>2013-07-10T00:00:00+02:00</sln:waznyOd><sln:wojIIPId>dd2e3c64-f861-47cf-a3a3-e7751f272b2f</sln:wojIIPId><sln:wojIIPPn>PL.PZGIK.200</sln:wojIIPPn><sln:wojIIPWersja>2017-10-10T00:00:00+02:00</sln:wojIIPWersja><sln:wojIdTeryt>12</sln:wojIdTeryt><sln:wojNazwa>małopolskie</sln:wojNazwa></sln:miejscowosc><sln:miejscowosc><sln:cyklZyciaDo>2015-12-18T00:00:00+01:00</sln:cyklZyciaDo><sln:cyklZyciaOd>2015-12-15T00:00:00+01:00</sln:cyklZyciaOd><sln:gmIIPId>b211218d-0b0c-4552-bacf-c56111a6a356</sln:gmIIPId><sln:gmIIPPn>PL.PZGIK.200</sln:gmIIPPn><sln:gmIIPWersja>2012-09-26T22:13:44+02:00</sln:gmIIPWersja><sln:gmIdTeryt>1218013</sln:gmIdTeryt><sln:gmNazwa>Andrychów</sln:gmNazwa><sln:miejscIIPId>660c8736-bed6-42a5-a462-177b90dfdf1b</sln:miejscIIPId><sln:miejscIIPPn>PL.PZGIK.200</sln:miejscIIPPn><sln:miejscIIPWersja>2016-11-24T08:44:34+02:00</sln:miejscIIPWersja><sln:miejscIdTeryt>0045014</sln:miejscIdTeryt><sln:miejscNazwa>Brzezinka</sln:miejscNazwa><sln:miejscRodzaj>Wieś</sln:miejscRodzaj><sln:powIIPId>db2b392c-5d8b-4afe-ae75-bc6f563eeb80</sln:powIIPId><sln:powIIPPn>PL.PZGIK.200</sln:powIIPPn><sln:powIIPWersja>2012-09-27T07:52:01+02:00</sln:powIIPWersja><sln:powIdTeryt>1218</sln:powIdTeryt><sln:powNazwa>wadowicki</sln:powNazwa><sln:waznyOd>2015-04-07T00:00:00+02:00</sln:waznyOd><sln:wojIIPId>dd2e3c64-f861-47cf-a3a3-e7751f272b2f</sln:wojIIPId><sln:wojIIPPn>PL.PZGIK.200</sln:wojIIPPn><sln:wojIIPWersja>2017-10-10T00:00:00+02:00</sln:wojIIPWersja><sln:wojIdTeryt>12</sln:wojIdTeryt><sln:wojNazwa>małopolskie</sln:wojNazwa></sln:miejscowosc><sln:miejscowosc><sln:cyklZyciaDo>2015-12-18T00:00:00+01:00</sln:cyklZyciaDo><sln:cyklZyciaOd>2015-12-15T00:00:00+01:00</sln:cyklZyciaOd><sln:gmIIPId>b211218d-0b0c-4552-bacf-c56111a6a356</sln:gmIIPId><sln:gmIIPPn>PL.PZGIK.200</sln:gmIIPPn><sln:gmIIPWersja>2012-09-26T22:13:44+02:00</sln:gmIIPWersja><sln:gmIdTeryt>1218013</sln:gmIdTeryt><sln:gmNazwa>Andrychów</sln:gmNazwa><sln:miejscIIPId>9d81ee2b-519f-4298-a9e2-6a195b2d6ef3</sln:miejscIIPId><sln:miejscIIPPn>PL.PZGIK.200</sln:miejscIIPPn><sln:miejscIIPWersja>2016-11-24T08:44:39+02:00</sln:miejscIIPWersja><sln:miejscIdTeryt>0045089</sln:miejscIdTeryt><sln:miejscNazwa>Inwałd</sln:miejscNazwa><sln:miejscRodzaj>Wieś</sln:miejscRodzaj><sln:powIIPId>db2b392c-5d8b-4afe-ae75-bc6f563eeb80</sln:powIIPId><sln:powIIPPn>PL.PZGIK.200</sln:powIIPPn><sln:powIIPWersja>2012-09-27T07:52:01+02:00</sln:powIIPWersja><sln:powIdTeryt>1218</sln:powIdTeryt><sln:powNazwa>wadowicki</sln:powNazwa><sln:waznyOd>2015-04-07T00:00:00+02:00</sln:waznyOd><sln:wojIIPId>dd2e3c64-f861-47cf-a3a3-e7751f272b2f</sln:wojIIPId><sln:wojIIPPn>PL.PZGIK.200</sln:wojIIPPn><sln:wojIIPWersja>2017-10-10T00:00:00+02:00</sln:wojIIPWersja><sln:wojIdTeryt>12</sln:wojIdTeryt><sln:wojNazwa>małopolskie</sln:wojNazwa></sln:miejscowosc><sln:miejscowosc><sln:cyklZyciaDo>2015-12-18T00:00:00+01:00</sln:cyklZyciaDo><sln:cyklZyciaOd>2015-12-15T00:00:00+01:00</sln:cyklZyciaOd><sln:gmIIPId>b211218d-0b0c-4552-bacf-c56111a6a356</sln:gmIIPId><sln:gmIIPPn>PL.PZGIK.200</sln:gmIIPPn><sln:gmIIPWersja>2012-09-26T22:13:44+02:00</sln:gmIIPWersja><sln:gmIdTeryt>1218013</sln:gmIdTeryt><sln:gmNazwa>Andrychów</sln:gmNazwa><sln:miejscIIPId>a40bbd1c-5ade-4fb9-bfe5-2ee50c4f787f</sln:miejscIIPId><sln:miejscIIPPn>PL.PZGIK.200</sln:miejscIIPPn><sln:miejscIIPWersja>2016-11-24T08:44:44+02:00</sln:miejscIIPWersja><sln:miejscIdTeryt>0045221</sln:miejscIdTeryt><sln:miejscNazwa>Roczyny</sln:miejscNazwa><sln:miejscRodzaj>Wieś</sln:miejscRodzaj><sln:powIIPId>db2b392c-5d8b-4afe-ae75-bc6f563eeb80</sln:powIIPId><sln:powIIPPn>PL.PZGIK.200</sln:powIIPPn><sln:powIIPWersja>2012-09-27T07:52:01+02:00</sln:powIIPWersja><sln:powIdTeryt>1218</sln:powIdTeryt><sln:powNazwa>wadowicki</sln:powNazwa><sln:waznyOd>2015-04-07T00:00:00+02:00</sln:waznyOd><sln:wojIIPId>dd2e3c64-f861-47cf-a3a3-e7751f272b2f</sln:wojIIPId><sln:wojIIPPn>PL.PZGIK.200</sln:wojIIPPn><sln:wojIIPWersja>2017-10-10T00:00:00+02:00</sln:wojIIPWersja><sln:wojIdTeryt>12</sln:wojIdTeryt><sln:wojNazwa>małopolskie</sln:wojNazwa></sln:miejscowosc><sln:miejscowosc><sln:cyklZyciaDo>2015-12-18T00:00:00+01:00</sln:cyklZyciaDo><sln:cyklZyciaOd>2015-12-15T00:00:00+01:00</sln:cyklZyciaOd><sln:gmIIPId>b211218d-0b0c-4552-bacf-c56111a6a356</sln:gmIIPId><sln:gmIIPPn>PL.PZGIK.200</sln:gmIIPPn><sln:gmIIPWersja>2012-09-26T22:13:44+02:00</sln:gmIIPWersja><sln:gmIdTeryt>1218013</sln:gmIdTeryt><sln:gmNazwa>Andrychów</sln:gmNazwa><sln:miejscIIPId>603917aa-8655-4793-b2ff-6ca2c4a2a54c</sln:miejscIIPId><sln:miejscIIPPn>PL.PZGIK.200</sln:miejscIIPPn><sln:miejscIIPWersja>2016-11-24T08:44:49+02:00</sln:miejscIIPWersja><sln:miejscIdTeryt>0045333</sln:miejscIdTeryt><sln:miejscNazwa>Rzyki</sln:miejscNazwa><sln:miejscRodzaj>Wieś</sln:miejscRodzaj><sln:powIIPId>db2b392c-5d8b-4afe-ae75-bc6f563eeb80</sln:powIIPId><sln:powIIPPn>PL.PZGIK.200</sln:powIIPPn><sln:powIIPWersja>2012-09-27T07:52:01+02:00</sln:powIIPWersja><sln:powIdTeryt>1218</sln:powIdTeryt><sln:powNazwa>wadowicki</sln:powNazwa><sln:waznyOd>2015-04-07T00:00:00+02:00</sln:waznyOd><sln:wojIIPId>dd2e3c64-f861-47cf-a3a3-e7751f272b2f</sln:wojIIPId><sln:wojIIPPn>PL.PZGIK.200</sln:wojIIPPn><sln:wojIIPWersja>2017-10-10T00:00:00+02:00</sln:wojIIPWersja><sln:wojIdTeryt>12</sln:wojIdTeryt><sln:wojNazwa>małopolskie</sln:wojNazwa></sln:miejscowosc><sln:miejscowosc><sln:cyklZyciaDo>2015-12-18T00:00:00+01:00</sln:cyklZyciaDo><sln:cyklZyciaOd>2015-12-15T00:00:00+01:00</sln:cyklZyciaOd><sln:gmIIPId>b211218d-0b0c-4552-bacf-c56111a6a356</sln:gmIIPId><sln:gmIIPPn>PL.PZGIK.200</sln:gmIIPPn><sln:gmIIPWersja>2012-09-26T22:13:44+02:00</sln:gmIIPWersja><sln:gmIdTeryt>1218013</sln:gmIdTeryt><sln:gmNazwa>Andrychów</sln:gmNazwa><sln:miejscIIPId>fec86ab3-b40b-481f-a07f-2e55f93b20e9</sln:miejscIIPId><sln:miejscIIPPn>PL.PZGIK.200</sln:miejscIIPPn><sln:miejscIIPWersja>2016-11-24T08:44:54+02:00</sln:miejscIIPWersja><sln:miejscIdTeryt>0045681</sln:miejscIdTeryt><sln:miejscNazwa>Sułkowice</sln:miejscNazwa><sln:miejscRodzaj>Wieś</sln:miejscRodzaj><sln:powIIPId>db2b392c-5d8b-4afe-ae75-bc6f563eeb80</sln:powIIPId><sln:powIIPPn>PL.PZGIK.200</sln:powIIPPn><sln:powIIPWersja>2012-09-27T07:52:01+02:00</sln:powIIPWersja><sln:powIdTeryt>1218</sln:powIdTeryt><sln:powNazwa>wadowicki</sln:powNazwa><sln:waznyOd>2015-04-07T00:00:00+02:00</sln:waznyOd><sln:wojIIPId>dd2e3c64-f861-47cf-a3a3-e7751f272b2f</sln:wojIIPId><sln:wojIIPPn>PL.PZGIK.200</sln:wojIIPPn><sln:wojIIPWersja>2017-10-10T00:00:00+02:00</sln:wojIIPWersja><sln:wojIdTeryt>12</sln:wojIdTeryt><sln:wojNazwa>małopolskie</sln:wojNazwa></sln:miejscowosc><sln:miejscowosc><sln:cyklZyciaDo>2015-12-18T00:00:00+01:00</sln:cyklZyciaDo><sln:cyklZyciaOd>2015-12-15T00:00:00+01:00</sln:cyklZyciaOd><sln:gmIIPId>b211218d-0b0c-4552-bacf-c56111a6a356</sln:gmIIPId><sln:gmIIPPn>PL.PZGIK.200</sln:gmIIPPn><sln:gmIIPWersja>2012-09-26T22:13:44+02:00</sln:gmIIPWersja><sln:gmIdTeryt>1218013</sln:gmIdTeryt><sln:gmNazwa>Andrychów</sln:gmNazwa><sln:miejscIIPId>135d1106-5186-485f-9c43-618ea1f95ac6</sln:miejscIIPId><sln:miejscIIPPn>PL.PZGIK.200</sln:miejscIIPPn><sln:miejscIIPWersja>2016-11-24T08:44:59+02:00</sln:miejscIIPWersja><sln:miejscIdTeryt>0045830</sln:miejscIdTeryt><sln:miejscNazwa>Targanice</sln:miejscNazwa><sln:miejscRodzaj>Wieś</sln:miejscRodzaj><sln:powIIPId>db2b392c-5d8b-4afe-ae75-bc6f563eeb80</sln:powIIPId><sln:powIIPPn>PL.PZGIK.200</sln:powIIPPn><sln:powIIPWersja>2012-09-27T07:52:01+02:00</sln:powIIPWersja><sln:powIdTeryt>1218</sln:powIdTeryt><sln:powNazwa>wadowicki</sln:powNazwa><sln:waznyOd>2015-04-07T00:00:00+02:00</sln:waznyOd><sln:wojIIPId>dd2e3c64-f861-47cf-a3a3-e7751f272b2f</sln:wojIIPId><sln:wojIIPPn>PL.PZGIK.200</sln:wojIIPPn><sln:wojIIPWersja>2017-10-10T00:00:00+02:00</sln:wojIIPWersja><sln:wojIdTeryt>12</sln:wojIdTeryt><sln:wojNazwa>małopolskie</sln:wojNazwa></sln:miejscowosc><sln:miejscowosc><sln:cyklZyciaDo>2015-12-18T00:00:00+01:00</sln:cyklZyciaDo><sln:cyklZyciaOd>2015-12-15T00:00:00+01:00</sln:cyklZyciaOd><sln:gmIIPId>b211218d-0b0c-4552-bacf-c56111a6a356</sln:gmIIPId><sln:gmIIPPn>PL.PZGIK.200</sln:gmIIPPn><sln:gmIIPWersja>2012-09-26T22:13:44+02:00</sln:gmIIPWersja><sln:gmIdTeryt>1218013</sln:gmIdTeryt><sln:gmNazwa>Andrychów</sln:gmNazwa><sln:miejscIIPId>019aa271-3a45-4e17-a1f6-52b6bb8aa9f5</sln:miejscIIPId><sln:miejscIIPPn>PL.PZGIK.200</sln:miejscIIPPn><sln:miejscIIPWersja>2016-11-24T08:45:05+02:00</sln:miejscIIPWersja><sln:miejscIdTeryt>0046048</sln:miejscIdTeryt><sln:miejscNazwa>Zagórnik</sln:miejscNazwa><sln:miejscRodzaj>Wieś</sln:miejscRodzaj><sln:powIIPId>db2b392c-5d8b-4afe-ae75-bc6f563eeb80</sln:powIIPId><sln:powIIPPn>PL.PZGIK.200</sln:powIIPPn><sln:powIIPWersja>2012-09-27T07:52:01+02:00</sln:powIIPWersja><sln:powIdTeryt>1218</sln:powIdTeryt><sln:powNazwa>wadowicki</sln:powNazwa><sln:waznyOd>2015-04-07T00:00:00+02:00</sln:waznyOd><sln:wojIIPId>dd2e3c64-f861-47cf-a3a3-e7751f272b2f</sln:wojIIPId><sln:wojIIPPn>PL.PZGIK.200</sln:wojIIPPn><sln:wojIIPWersja>2017-10-10T00:00:00+02:00</sln:wojIIPWersja><sln:wojIdTeryt>12</sln:wojIdTeryt><sln:wojNazwa>małopolskie</sln:wojNazwa></sln:miejscowosc><sln:miejscowosc><sln:cyklZyciaOd>2017-03-07T00:00:00+01:00</sln:cyklZyciaOd><sln:gmIIPId>b211218d-0b0c-4552-bacf-c56111a6a356</sln:gmIIPId><sln:gmIIPPn>PL.PZGIK.200</sln:gmIIPPn><sln:gmIIPWersja>2012-09-26T22:13:44+02:00</sln:gmIIPWersja><sln:gmIdTeryt>1218013</sln:gmIdTeryt><sln:gmNazwa>Andrychów</sln:gmNazwa><sln:miejscIIPId>660c8736-bed6-42a5-a462-177b90dfdf1b</sln:miejscIIPId><sln:miejscIIPPn>PL.PZGIK.200</sln:miejscIIPPn><sln:miejscIIPWersja>2017-03-07T16:36:10+02:00</sln:miejscIIPWersja><sln:miejscIdTeryt>0045014</sln:miejscIdTeryt><sln:miejscNazwa>Brzezinka</sln:miejscNazwa><sln:miejscRodzaj>Wieś</sln:miejscRodzaj><sln:powIIPId>db2b392c-5d8b-4afe-ae75-bc6f563eeb80</sln:powIIPId><sln:powIIPPn>PL.PZGIK.200</sln:powIIPPn><sln:powIIPWersja>2012-09-27T07:52:01+02:00</sln:powIIPWersja><sln:powIdTeryt>1218</sln:powIdTeryt><sln:powNazwa>wadowicki</sln:powNazwa><sln:waznyOd>2015-04-07T00:00:00+02:00</sln:waznyOd><sln:wojIIPId>dd2e3c64-f861-47cf-a3a3-e7751f272b2f</sln:wojIIPId><sln:wojIIPPn>PL.PZGIK.200</sln:wojIIPPn><sln:wojIIPWersja>2017-10-10T00:00:00+02:00</sln:wojIIPWersja><sln:wojIdTeryt>12</sln:wojIdTeryt><sln:wojNazwa>małopolskie</sln:wojNazwa></sln:miejscowosc><sln:miejscowosc><sln:cyklZyciaOd>2017-03-07T00:00:00+01:00</sln:cyklZyciaOd><sln:gmIIPId>b211218d-0b0c-4552-bacf-c56111a6a356</sln:gmIIPId><sln:gmIIPPn>PL.PZGIK.200</sln:gmIIPPn><sln:gmIIPWersja>2012-09-26T22:13:44+02:00</sln:gmIIPWersja><sln:gmIdTeryt>1218013</sln:gmIdTeryt><sln:gmNazwa>Andrychów</sln:gmNazwa><sln:miejscIIPId>9d81ee2b-519f-4298-a9e2-6a195b2d6ef3</sln:miejscIIPId><sln:miejscIIPPn>PL.PZGIK.200</sln:miejscIIPPn><sln:miejscIIPWersja>2017-03-07T16:36:14+02:00</sln:miejscIIPWersja><sln:miejscIdTeryt>0045089</sln:miejscIdTeryt><sln:miejscNazwa>Inwałd</sln:miejscNazwa><sln:miejscRodzaj>Wieś</sln:miejscRodzaj><sln:powIIPId>db2b392c-5d8b-4afe-ae75-bc6f563eeb80</sln:powIIPId><sln:powIIPPn>PL.PZGIK.200</sln:powIIPPn><sln:powIIPWersja>2012-09-27T07:52:01+02:00</sln:powIIPWersja><sln:powIdTeryt>1218</sln:powIdTeryt><sln:powNazwa>wadowicki</sln:powNazwa><sln:waznyOd>2015-04-07T00:00:00+02:00</sln:waznyOd><sln:wojIIPId>dd2e3c64-f861-47cf-a3a3-e7751f272b2f</sln:wojIIPId><sln:wojIIPPn>PL.PZGIK.200</sln:wojIIPPn><sln:wojIIPWersja>2017-10-10T00:00:00+02:00</sln:wojIIPWersja><sln:wojIdTeryt>12</sln:wojIdTeryt><sln:wojNazwa>małopolskie</sln:wojNazwa></sln:miejscowosc><sln:miejscowosc><sln:cyklZyciaOd>2017-03-07T00:00:00+01:00</sln:cyklZyciaOd><sln:gmIIPId>b211218d-0b0c-4552-bacf-c56111a6a356</sln:gmIIPId><sln:gmIIPPn>PL.PZGIK.200</sln:gmIIPPn><sln:gmIIPWersja>2012-09-26T22:13:44+02:00</sln:gmIIPWersja><sln:gmIdTeryt>1218013</sln:gmIdTeryt><sln:gmNazwa>Andrychów</sln:gmNazwa><sln:miejscIIPId>a40bbd1c-5ade-4fb9-bfe5-2ee50c4f787f</sln:miejscIIPId><sln:miejscIIPPn>PL.PZGIK.200</sln:miejscIIPPn><sln:miejscIIPWersja>2017-03-07T16:36:14+02:00</sln:miejscIIPWersja><sln:miejscIdTeryt>0045221</sln:miejscIdTeryt><sln:miejscNazwa>Roczyny</sln:miejscNazwa><sln:miejscRodzaj>Wieś</sln:miejscRodzaj><sln:powIIPId>db2b392c-5d8b-4afe-ae75-bc6f563eeb80</sln:powIIPId><sln:powIIPPn>PL.PZGIK.200</sln:powIIPPn><sln:powIIPWersja>2012-09-27T07:52:01+02:00</sln:powIIPWersja><sln:powIdTeryt>1218</sln:powIdTeryt><sln:powNazwa>wadowicki</sln:powNazwa><sln:waznyOd>2015-04-07T00:00:00+02:00</sln:waznyOd><sln:wojIIPId>dd2e3c64-f861-47cf-a3a3-e7751f272b2f</sln:wojIIPId><sln:wojIIPPn>PL.PZGIK.200</sln:wojIIPPn><sln:wojIIPWersja>2017-10-10T00:00:00+02:00</sln:wojIIPWersja><sln:wojIdTeryt>12</sln:wojIdTeryt><sln:wojNazwa>małopolskie</sln:wojNazwa></sln:miejscowosc><sln:miejscowosc><sln:cyklZyciaOd>2017-03-07T00:00:00+01:00</sln:cyklZyciaOd><sln:gmIIPId>b211218d-0b0c-4552-bacf-c56111a6a356</sln:gmIIPId><sln:gmIIPPn>PL.PZGIK.200</sln:gmIIPPn><sln:gmIIPWersja>2012-09-26T22:13:44+02:00</sln:gmIIPWersja><sln:gmIdTeryt>1218013</sln:gmIdTeryt><sln:gmNazwa>Andrychów</sln:gmNazwa><sln:miejscIIPId>603917aa-8655-4793-b2ff-6ca2c4a2a54c</sln:miejscIIPId><sln:miejscIIPPn>PL.PZGIK.200</sln:miejscIIPPn><sln:miejscIIPWersja>2017-03-07T16:36:14+02:00</sln:miejscIIPWersja><sln:miejscIdTeryt>0045333</sln:miejscIdTeryt><sln:miejscNazwa>Rzyki</sln:miejscNazwa><sln:miejscRodzaj>Wieś</sln:miejscRodzaj><sln:powIIPId>db2b392c-5d8b-4afe-ae75-bc6f563eeb80</sln:powIIPId><sln:powIIPPn>PL.PZGIK.200</sln:powIIPPn><sln:powIIPWersja>2012-09-27T07:52:01+02:00</sln:powIIPWersja><sln:powIdTeryt>1218</sln:powIdTeryt><sln:powNazwa>wadowicki</sln:powNazwa><sln:waznyOd>2015-04-07T00:00:00+02:00</sln:waznyOd><sln:wojIIPId>dd2e3c64-f861-47cf-a3a3-e7751f272b2f</sln:wojIIPId><sln:wojIIPPn>PL.PZGIK.200</sln:wojIIPPn><sln:wojIIPWersja>2017-10-10T00:00:00+02:00</sln:wojIIPWersja><sln:wojIdTeryt>12</sln:wojIdTeryt><sln:wojNazwa>małopolskie</sln:wojNazwa></sln:miejscowosc><sln:miejscowosc><sln:cyklZyciaOd>2017-03-07T00:00:00+01:00</sln:cyklZyciaOd><sln:gmIIPId>b211218d-0b0c-4552-bacf-c56111a6a356</sln:gmIIPId><sln:gmIIPPn>PL.PZGIK.200</sln:gmIIPPn><sln:gmIIPWersja>2012-09-26T22:13:44+02:00</sln:gmIIPWersja><sln:gmIdTeryt>1218013</sln:gmIdTeryt><sln:gmNazwa>Andrychów</sln:gmNazwa><sln:miejscIIPId>fec86ab3-b40b-481f-a07f-2e55f93b20e9</sln:miejscIIPId><sln:miejscIIPPn>PL.PZGIK.200</sln:miejscIIPPn><sln:miejscIIPWersja>2017-03-07T16:36:14+02:00</sln:miejscIIPWersja><sln:miejscIdTeryt>0045681</sln:miejscIdTeryt><sln:miejscNazwa>Sułkowice</sln:miejscNazwa><sln:miejscRodzaj>Wieś</sln:miejscRodzaj><sln:powIIPId>db2b392c-5d8b-4afe-ae75-bc6f563eeb80</sln:powIIPId><sln:powIIPPn>PL.PZGIK.200</sln:powIIPPn><sln:powIIPWersja>2012-09-27T07:52:01+02:00</sln:powIIPWersja><sln:powIdTeryt>1218</sln:powIdTeryt><sln:powNazwa>wadowicki</sln:powNazwa><sln:waznyOd>2015-04-07T00:00:00+02:00</sln:waznyOd><sln:wojIIPId>dd2e3c64-f861-47cf-a3a3-e7751f272b2f</sln:wojIIPId><sln:wojIIPPn>PL.PZGIK.200</sln:wojIIPPn><sln:wojIIPWersja>2017-10-10T00:00:00+02:00</sln:wojIIPWersja><sln:wojIdTeryt>12</sln:wojIdTeryt><sln:wojNazwa>małopolskie</sln:wojNazwa></sln:miejscowosc><sln:miejscowosc><sln:cyklZyciaOd>2017-03-07T00:00:00+01:00</sln:cyklZyciaOd><sln:gmIIPId>b211218d-0b0c-4552-bacf-c56111a6a356</sln:gmIIPId><sln:gmIIPPn>PL.PZGIK.200</sln:gmIIPPn><sln:gmIIPWersja>2012-09-26T22:13:44+02:00</sln:gmIIPWersja><sln:gmIdTeryt>1218013</sln:gmIdTeryt><sln:gmNazwa>Andrychów</sln:gmNazwa><sln:miejscIIPId>135d1106-5186-485f-9c43-618ea1f95ac6</sln:miejscIIPId><sln:miejscIIPPn>PL.PZGIK.200</sln:miejscIIPPn><sln:miejscIIPWersja>2017-03-07T16:36:14+02:00</sln:miejscIIPWersja><sln:miejscIdTeryt>0045830</sln:miejscIdTeryt><sln:miejscNazwa>Targanice</sln:miejscNazwa><sln:miejscRodzaj>Wieś</sln:miejscRodzaj><sln:powIIPId>db2b392c-5d8b-4afe-ae75-bc6f563eeb80</sln:powIIPId><sln:powIIPPn>PL.PZGIK.200</sln:powIIPPn><sln:powIIPWersja>2012-09-27T07:52:01+02:00</sln:powIIPWersja><sln:powIdTeryt>1218</sln:powIdTeryt><sln:powNazwa>wadowicki</sln:powNazwa><sln:waznyOd>2015-04-07T00:00:00+02:00</sln:waznyOd><sln:wojIIPId>dd2e3c64-f861-47cf-a3a3-e7751f272b2f</sln:wojIIPId><sln:wojIIPPn>PL.PZGIK.200</sln:wojIIPPn><sln:wojIIPWersja>2017-10-10T00:00:00+02:00</sln:wojIIPWersja><sln:wojIdTeryt>12</sln:wojIdTeryt><sln:wojNazwa>małopolskie</sln:wojNazwa></sln:miejscowosc><sln:miejscowosc><sln:cyklZyciaOd>2017-03-07T00:00:00+01:00</sln:cyklZyciaOd><sln:gmIIPId>b211218d-0b0c-4552-bacf-c56111a6a356</sln:gmIIPId><sln:gmIIPPn>PL.PZGIK.200</sln:gmIIPPn><sln:gmIIPWersja>2012-09-26T22:13:44+02:00</sln:gmIIPWersja><sln:gmIdTeryt>1218013</sln:gmIdTeryt><sln:gmNazwa>Andrychów</sln:gmNazwa><sln:miejscIIPId>019aa271-3a45-4e17-a1f6-52b6bb8aa9f5</sln:miejscIIPId><sln:miejscIIPPn>PL.PZGIK.200</sln:miejscIIPPn><sln:miejscIIPWersja>2017-03-07T16:36:14+02:00</sln:miejscIIPWersja><sln:miejscIdTeryt>0046048</sln:miejscIdTeryt><sln:miejscNazwa>Zagórnik</sln:miejscNazwa><sln:miejscRodzaj>Wieś</sln:miejscRodzaj><sln:powIIPId>db2b392c-5d8b-4afe-ae75-bc6f563eeb80</sln:powIIPId><sln:powIIPPn>PL.PZGIK.200</sln:powIIPPn><sln:powIIPWersja>2012-09-27T07:52:01+02:00</sln:powIIPWersja><sln:powIdTeryt>1218</sln:powIdTeryt><sln:powNazwa>wadowicki</sln:powNazwa><sln:waznyOd>2015-04-07T00:00:00+02:00</sln:waznyOd><sln:wojIIPId>dd2e3c64-f861-47cf-a3a3-e7751f272b2f</sln:wojIIPId><sln:wojIIPPn>PL.PZGIK.200</sln:wojIIPPn><sln:wojIIPWersja>2017-10-10T00:00:00+02:00</sln:wojIIPWersja><sln:wojIdTeryt>12</sln:wojIdTeryt><sln:wojNazwa>małopolskie</sln:wojNazwa></sln:miejscowosc><sln:miejscowosc><sln:cyklZyciaOd>2017-03-07T00:00:00+01:00</sln:cyklZyciaOd><sln:gmIIPId>b211218d-0b0c-4552-bacf-c56111a6a356</sln:gmIIPId><sln:gmIIPPn>PL.PZGIK.200</sln:gmIIPPn><sln:gmIIPWersja>2012-09-26T22:13:44+02:00</sln:gmIIPWersja><sln:gmIdTeryt>1218013</sln:gmIdTeryt><sln:gmNazwa>Andrychów</sln:gmNazwa><sln:miejscIIPId>3eb1d98c-7375-4895-ad80-68550725fc97</sln:miejscIIPId><sln:miejscIIPPn>PL.PZGIK.200</sln:miejscIIPPn><sln:miejscIIPWersja>2017-03-07T16:36:14+02:00</sln:miejscIIPWersja><sln:miejscIdTeryt>0924023</sln:miejscIdTeryt><sln:miejscNazwa>Andrychów</sln:miejscNazwa><sln:miejscRodzaj>Miasto</sln:miejscRodzaj><sln:powIIPId>db2b392c-5d8b-4afe-ae75-bc6f563eeb80</sln:powIIPId><sln:powIIPPn>PL.PZGIK.200</sln:powIIPPn><sln:powIIPWersja>2012-09-27T07:52:01+02:00</sln:powIIPWersja><sln:powIdTeryt>1218</sln:powIdTeryt><sln:powNazwa>wadowicki</sln:powNazwa><sln:waznyOd>2013-07-10T00:00:00+02:00</sln:waznyOd><sln:wojIIPId>dd2e3c64-f861-47cf-a3a3-e7751f272b2f</sln:wojIIPId><sln:wojIIPPn>PL.PZGIK.200</sln:wojIIPPn><sln:wojIIPWersja>2017-10-10T00:00:00+02:00</sln:wojIIPWersja><sln:wojIdTeryt>12</sln:wojIdTeryt><sln:wojNazwa>małopolskie</sln:wojNazwa></sln:miejscowosc></sln:lista-miejscowosci>