<?xml version="1.0" encoding="UTF-8" standalone="yes"?><sln:lista-miejscowosci xmlns:srv="http://gugik.gov.pl/schemas/slowniki-service/1.0" xmlns:sln="http://gugik.gov.pl/schemas/slowniki-schema/1.0"><sln:miejscowosc><sln:cyklZyciaOd>2014-12-08T00:00:00+01:00</sln:cyklZyciaOd><sln:gmIIPId>b9adf79e-94b1-4a28-91db-e1bba3b66618</sln:gmIIPId><sln:gmIIPPn>PL.PZGIK.200</sln:gmIIPPn><sln:gmIIPWersja>2017-10-10T00:00:00+02:00</sln:gmIIPWersja><sln:gmIdTeryt>1211023</sln:gmIdTeryt><sln:gmNazwa>Szczawnica</sln:gmNazwa><sln:miejscIIPId>0aa69411-adfd-41ce-a6d7-fe5d86c313c4</sln:miejscIIPId><sln:miejscIIPPn>PL.PZGIK.200</sln:miejscIIPPn><sln:miejscIIPWersja>2016-11-24T13:32:00+02:00</sln:miejscIIPWersja><sln:miejscIdTeryt>0963715</sln:miejscIdTeryt><sln:miejscNazwa>Szlachtowa</sln:miejscNazwa><sln:miejscRodzaj>Wieś</sln:miejscRodzaj><sln:powIIPId>a472069d-aabd-4128-a1dc-c3f6f7c8c11a</sln:powIIPId><sln:powIIPPn>PL.PZGIK.200</sln:powIIPPn><sln:powIIPWersja>2017-10-10T00:00:00+02:00</sln:powIIPWersja><sln:powIdTeryt>1211</sln:powIdTeryt><sln:powNazwa>nowotarski</sln:powNazwa><sln:wojIIPId>dd2e3c64-f861-47cf-a3a3-e7751f272b2f</sln:wojIIPId><sln:wojIIPPn>PL.PZGIK.200</sln:wojIIPPn><sln:wojIIPWersja>2017-10-10T00:00:00+02:00</sln:wojIIPWersja><sln:wojIdTeryt>12</sln:wojIdTeryt><sln:wojNazwa>małopolskie</sln:wojNazwa></sln:miejscowosc><sln:miejscowosc><sln:cyklZyciaOd>2014-12-08T00:00:00+01:00</sln:cyklZyciaOd><sln:gmIIPId>b9adf79e-94b1-4a28-91db-e1bba3b66618</sln:gmIIPId><sln:gmIIPPn>PL.PZGIK.200</sln:gmIIPPn><sln:gmIIPWersja>2017-10-10T00:00:00+02:00</sln:gmIIPWersja><sln:gmIdTeryt>1211023</sln:gmIdTeryt><sln:gmNazwa>Szczawnica</sln:gmNazwa><sln:miejscIIPId>61652bc8-410a-43e7-9d6f-bc8004ba7d67</sln:miejscIIPId><sln:miejscIIPPn>PL.PZGIK.200</sln:miejscIIPPn><sln:miejscIIPWersja>2016-11-24T13:31:52+02:00</sln:miejscIIPWersja><sln:miejscIdTeryt>0963454</sln:miejscIdTeryt><sln:miejscNazwa>Szczawnica</sln:miejscNazwa><sln:miejscRodzaj>Miasto</sln:miejscRodzaj><sln:powIIPId>a472069d-aabd-4128-a1dc-c3f6f7c8c11a</sln:powIIPId><sln:powIIPPn>PL.PZGIK.200</sln:powIIPPn><sln:powIIPWersja>2017-10-10T00:00:00+02:00</sln:powIIPWersja><sln:powIdTeryt>1211</sln:powIdTeryt><sln:powNazwa>nowotarski</sln:powNazwa><sln:wojIIPId>dd2e3c64-f861-47cf-a3a3-e7751f272b2f</sln:wojIIPId><sln:wojIIPPn>PL.PZGIK.200</sln:wojIIPPn><sln:wojIIPWersja>2017-10-10T00:00:00+02:00</sln:wojIIPWersja><sln:wojIdTeryt>12</sln:wojIdTeryt><sln:wojNazwa>małopolskie</sln:wojNazwa></sln:miejscowosc><sln:miejscowosc><sln:cyklZyciaOd>2014-12-08T00:00:00+01:00</sln:cyklZyciaOd><sln:gmIIPId>b9adf79e-94b1-4a28-91db-e1bba3b66618</sln:gmIIPId><sln:gmIIPPn>PL.PZGIK.200</sln:gmIIPPn><sln:gmIIPWersja>2017-10-10T00:00:00+02:00</sln:gmIIPWersja><sln:gmIdTeryt>1211023</sln:gmIdTeryt><sln:gmNazwa>Szczawnica</sln:gmNazwa><sln:miejscIIPId>f4876434-e5f2-4107-bc86-f3f70318fab2</sln:miejscIIPId><sln:miejscIIPPn>PL.PZGIK.200</sln:miejscIIPPn><sln:miejscIIPWersja>2016-11-24T13:55:04+02:00</sln:miejscIIPWersja><sln:miejscIdTeryt>0963595</sln:miejscIdTeryt><sln:miejscNazwa>Niterbog</sln:miejscNazwa><sln:miejscRodzaj>Inny obiekt</sln:miejscRodzaj><sln:powIIPId>a472069d-aabd-4128-a1dc-c3f6f7c8c11a</sln:powIIPId><sln:powIIPPn>PL.PZGIK.200</sln:powIIPPn><sln:powIIPWersja>2017-10-10T00:00:00+02:00</sln:powIIPWersja><sln:powIdTeryt>1211</sln:powIdTeryt><sln:powNazwa>nowotarski</sln:powNazwa><sln:wojIIPId>dd2e3c64-f861-47cf-a3a3-e7751f272b2f</sln:wojIIPId><sln:wojIIPPn>PL.PZGIK.200</sln:wojIIPPn><sln:wojIIPWersja>2017-10-10T00:00:00+02:00</sln:wojIIPWersja><sln:wojIdTeryt>12</sln:wojIdTeryt><sln:wojNazwa>małopolskie</sln:wojNazwa></sln:miejscowosc><sln:miejscowosc><sln:cyklZyciaOd>2014-12-08T00:00:00+01:00</sln:cyklZyciaOd><sln:gmIIPId>b9adf79e-94b1-4a28-91db-e1bba3b66618</sln:gmIIPId><sln:gmIIPPn>PL.PZGIK.200</sln:gmIIPPn><sln:gmIIPWersja>2017-10-10T00:00:00+02:00</sln:gmIIPWersja><sln:gmIdTeryt>1211023</sln:gmIdTeryt><sln:gmNazwa>Szczawnica</sln:gmNazwa><sln:miejscIIPId>2abd430a-6751-4727-afce-10a4a1f2d452</sln:miejscIIPId><sln:miejscIIPPn>PL.PZGIK.200</sln:miejscIIPPn><sln:miejscIIPWersja>2016-11-24T13:55:04+02:00</sln:miejscIIPWersja><sln:miejscIdTeryt>0963632</sln:miejscIdTeryt><sln:miejscNazwa>Podoły Szczawnickie</sln:miejscNazwa><sln:miejscRodzaj>Inny obiekt</sln:miejscRodzaj><sln:powIIPId>a472069d-aabd-4128-a1dc-c3f6f7c8c11a</sln:powIIPId><sln:powIIPPn>PL.PZGIK.200</sln:powIIPPn><sln:powIIPWersja>2017-10-10T00:00:00+02:00</sln:powIIPWersja><sln:powIdTeryt>1211</sln:powIdTeryt><sln:powNazwa>nowotarski</sln:powNazwa><sln:wojIIPId>dd2e3c64-f861-47cf-a3a3-e7751f272b2f</sln:wojIIPId><sln:wojIIPPn>PL.PZGIK.200</sln:wojIIPPn><sln:wojIIPWersja>2017-10-10T00:00:00+02:00</sln:wojIIPWersja><sln:wojIdTeryt>12</sln:wojIdTeryt><sln:wojNazwa>małopolskie</sln:wojNazwa></sln:miejscowosc><sln:miejscowosc><sln:cyklZyciaOd>2014-12-08T00:00:00+01:00</sln:cyklZyciaOd><sln:gmIIPId>b9adf79e-94b1-4a28-91db-e1bba3b66618</sln:gmIIPId><sln:gmIIPPn>PL.PZGIK.200</sln:gmIIPPn><sln:gmIIPWersja>2017-10-10T00:00:00+02:00</sln:gmIIPWersja><sln:gmIdTeryt>1211023</sln:gmIdTeryt><sln:gmNazwa>Szczawnica</sln:gmNazwa><sln:miejscIIPId>177a89e0-3b60-4b3d-af10-b46afe37c78f</sln:miejscIIPId><sln:miejscIIPPn>PL.PZGIK.200</sln:miejscIIPPn><sln:miejscIIPWersja>2016-11-24T13:55:04+02:00</sln:miejscIIPWersja><sln:miejscIdTeryt>0963537</sln:miejscIdTeryt><sln:miejscNazwa>Kowalczyk</sln:miejscNazwa><sln:miejscRodzaj>Inny obiekt</sln:miejscRodzaj><sln:powIIPId>a472069d-aabd-4128-a1dc-c3f6f7c8c11a</sln:powIIPId><sln:powIIPPn>PL.PZGIK.200</sln:powIIPPn><sln:powIIPWersja>2017-10-10T00:00:00+02:00</sln:powIIPWersja><sln:powIdTeryt>1211</sln:powIdTeryt><sln:powNazwa>nowotarski</sln:powNazwa><sln:wojIIPId>dd2e3c64-f861-47cf-a3a3-e7751f272b2f</sln:wojIIPId><sln:wojIIPPn>PL.PZGIK.200</sln:wojIIPPn><sln:wojIIPWersja>2017-10-10T00:00:00+02:00</sln:wojIIPWersja><sln:wojIdTeryt>12</sln:wojIdTeryt><sln:wojNazwa>małopolskie</sln:wojNazwa></sln:miejscowosc><sln:miejscowosc><sln:cyklZyciaOd>2014-12-08T00:00:00+01:00</sln:cyklZyciaOd><sln:gmIIPId>b9adf79e-94b1-4a28-91db-e1bba3b66618</sln:gmIIPId><sln:gmIIPPn>PL.PZGIK.200</sln:gmIIPPn><sln:gmIIPWersja>2017-10-10T00:00:00+02:00</sln:gmIIPWersja><sln:gmIdTeryt>1211023</sln:gmIdTeryt><sln:gmNazwa>Szczawnica</sln:gmNazwa><sln:miejscIIPId>32a4f2d9-23f3-417f-ac85-3091c5e4d665</sln:miejscIIPId><sln:miejscIIPPn>PL.PZGIK.200</sln:miejscIIPPn><sln:miejscIIPWersja>2016-11-24T13:55:04+02:00</sln:miejscIIPWersja><sln:miejscIdTeryt>0963709</sln:miejscIdTeryt><sln:miejscNazwa>Szczawnica Wyżna</sln:miejscNazwa><sln:miejscRodzaj>Inny obiekt</sln:miejscRodzaj><sln:powIIPId>a472069d-aabd-4128-a1dc-c3f6f7c8c11a</sln:powIIPId><sln:powIIPPn>PL.PZGIK.200</sln:powIIPPn><sln:powIIPWersja>2017-10-10T00:00:00+02:00</sln:powIIPWersja><sln:powIdTeryt>1211</sln:powIdTeryt><sln:powNazwa>nowotarski</sln:powNazwa><sln:wojIIPId>dd2e3c64-f861-47cf-a3a3-e7751f272b2f</sln:wojIIPId><sln:wojIIPPn>PL.PZGIK.200</sln:wojIIPPn><sln:wojIIPWersja>2017-10-10T00:00:00+02:00</sln:wojIIPWersja><sln:wojIdTeryt>12</sln:wojIdTeryt><sln:wojNazwa>małopolskie</sln:wojNazwa></sln:miejscowosc><sln:miejscowosc><sln:cyklZyciaOd>2014-12-08T00:00:00+01:00</sln:cyklZyciaOd><sln:gmIIPId>b9adf79e-94b1-4a28-91db-e1bba3b66618</sln:gmIIPId><sln:gmIIPPn>PL.PZGIK.200</sln:gmIIPPn><sln:gmIIPWersja>2017-10-10T00:00:00+02:00</sln:gmIIPWersja><sln:gmIdTeryt>1211023</sln:gmIdTeryt><sln:gmNazwa>Szczawnica</sln:gmNazwa><sln:miejscIIPId>25dc9a3a-9c33-408d-900b-d536cd5ae246</sln:miejscIIPId><sln:miejscIIPPn>PL.PZGIK.200</sln:miejscIIPPn><sln:miejscIIPWersja>2016-11-24T13:55:04+02:00</sln:miejscIIPWersja><sln:miejscIdTeryt>0963684</sln:miejscIdTeryt><sln:miejscNazwa>Staszowa</sln:miejscNazwa><sln:miejscRodzaj>Inny obiekt</sln:miejscRodzaj><sln:powIIPId>a472069d-aabd-4128-a1dc-c3f6f7c8c11a</sln:powIIPId><sln:powIIPPn>PL.PZGIK.200</sln:powIIPPn><sln:powIIPWersja>2017-10-10T00:00:00+02:00</sln:powIIPWersja><sln:powIdTeryt>1211</sln:powIdTeryt><sln:powNazwa>nowotarski</sln:powNazwa><sln:wojIIPId>dd2e3c64-f861-47cf-a3a3-e7751f272b2f</sln:wojIIPId><sln:wojIIPPn>PL.PZGIK.200</sln:wojIIPPn><sln:wojIIPWersja>2017-10-10T00:00:00+02:00</sln:wojIIPWersja><sln:wojIdTeryt>12</sln:wojIdTeryt><sln:wojNazwa>małopolskie</sln:wojNazwa></sln:miejscowosc><sln:miejscowosc><sln:cyklZyciaOd>2014-12-08T00:00:00+01:00</sln:cyklZyciaOd><sln:gmIIPId>b9adf79e-94b1-4a28-91db-e1bba3b66618</sln:gmIIPId><sln:gmIIPPn>PL.PZGIK.200</sln:gmIIPPn><sln:gmIIPWersja>2017-10-10T00:00:00+02:00</sln:gmIIPWersja><sln:gmIdTeryt>1211023</sln:gmIdTeryt><sln:gmNazwa>Szczawnica</sln:gmNazwa><sln:miejscIIPId>04209ad8-d205-40bd-b7e6-7f077c617776</sln:miejscIIPId><sln:miejscIIPPn>PL.PZGIK.200</sln:miejscIIPPn><sln:miejscIIPWersja>2016-11-24T13:55:04+02:00</sln:miejscIIPWersja><sln:miejscIdTeryt>0963649</sln:miejscIdTeryt><sln:miejscNazwa>Połoniny</sln:miejscNazwa><sln:miejscRodzaj>Inny obiekt</sln:miejscRodzaj><sln:powIIPId>a472069d-aabd-4128-a1dc-c3f6f7c8c11a</sln:powIIPId><sln:powIIPPn>PL.PZGIK.200</sln:powIIPPn><sln:powIIPWersja>2017-10-10T00:00:00+02:00</sln:powIIPWersja><sln:powIdTeryt>1211</sln:powIdTeryt><sln:powNazwa>nowotarski</sln:powNazwa><sln:wojIIPId>dd2e3c64-f861-47cf-a3a3-e7751f272b2f</sln:wojIIPId><sln:wojIIPPn>PL.PZGIK.200</sln:wojIIPPn><sln:wojIIPWersja>2017-10-10T00:00:00+02:00</sln:wojIIPWersja><sln:wojIdTeryt>12</sln:wojIdTeryt><sln:wojNazwa>małopolskie</sln:wojNazwa></sln:miejscowosc><sln:miejscowosc><sln:cyklZyciaOd>2014-12-08T00:00:00+01:00</sln:cyklZyciaOd><sln:gmIIPId>b9adf79e-94b1-4a28-91db-e1bba3b66618</sln:gmIIPId><sln:gmIIPPn>PL.PZGIK.200</sln:gmIIPPn><sln:gmIIPWersja>2017-10-10T00:00:00+02:00</sln:gmIIPWersja><sln:gmIdTeryt>1211023</sln:gmIdTeryt><sln:gmNazwa>Szczawnica</sln:gmNazwa><sln:miejscIIPId>7a4fab72-cc5b-4d23-bf0b-bc0b083864ab</sln:miejscIIPId><sln:miejscIIPPn>PL.PZGIK.200</sln:miejscIIPPn><sln:miejscIIPWersja>2016-11-24T13:55:04+02:00</sln:miejscIIPWersja><sln:miejscIdTeryt>0963490</sln:miejscIdTeryt><sln:miejscNazwa>Gabańka</sln:miejscNazwa><sln:miejscRodzaj>Inny obiekt</sln:miejscRodzaj><sln:powIIPId>a472069d-aabd-4128-a1dc-c3f6f7c8c11a</sln:powIIPId><sln:powIIPPn>PL.PZGIK.200</sln:powIIPPn><sln:powIIPWersja>2017-10-10T00:00:00+02:00</sln:powIIPWersja><sln:powIdTeryt>1211</sln:powIdTeryt><sln:powNazwa>nowotarski</sln:powNazwa><sln:wojIIPId>dd2e3c64-f861-47cf-a3a3-e7751f272b2f</sln:wojIIPId><sln:wojIIPPn>PL.PZGIK.200</sln:wojIIPPn><sln:wojIIPWersja>2017-10-10T00:00:00+02:00</sln:wojIIPWersja><sln:wojIdTeryt>12</sln:wojIdTeryt><sln:wojNazwa>małopolskie</sln:wojNazwa></sln:miejscowosc><sln:miejscowosc><sln:cyklZyciaOd>2014-12-08T00:00:00+01:00</sln:cyklZyciaOd><sln:gmIIPId>b9adf79e-94b1-4a28-91db-e1bba3b66618</sln:gmIIPId><sln:gmIIPPn>PL.PZGIK.200</sln:gmIIPPn><sln:gmIIPWersja>2017-10-10T00:00:00+02:00</sln:gmIIPWersja><sln:gmIdTeryt>1211023</sln:gmIdTeryt><sln:gmNazwa>Szczawnica</sln:gmNazwa><sln:miejscIIPId>e5a3831a-79d7-4dbd-8058-8ca4f1c8f8a9</sln:miejscIIPId><sln:miejscIIPPn>PL.PZGIK.200</sln:miejscIIPPn><sln:miejscIIPWersja>2016-11-24T13:55:04+02:00</sln:miejscIIPWersja><sln:miejscIdTeryt>0963738</sln:miejscIdTeryt><sln:miejscNazwa>Świerkówka</sln:miejscNazwa><sln:miejscRodzaj>Inny obiekt</sln:miejscRodzaj><sln:powIIPId>a472069d-aabd-4128-a1dc-c3f6f7c8c11a</sln:powIIPId><sln:powIIPPn>PL.PZGIK.200</sln:powIIPPn><sln:powIIPWersja>2017-10-10T00:00:00+02:00</sln:powIIPWersja><sln:powIdTeryt>1211</sln:powIdTeryt><sln:powNazwa>nowotarski</sln:powNazwa><sln:wojIIPId>dd2e3c64-f861-47cf-a3a3-e7751f272b2f</sln:wojIIPId><sln:wojIIPPn>PL.PZGIK.200</sln:wojIIPPn><sln:wojIIPWersja>2017-10-10T00:00:00+02:00</sln:wojIIPWersja><sln:wojIdTeryt>12</sln:wojIdTeryt><sln:wojNazwa>małopolskie</sln:wojNazwa></sln:miejscowosc><sln:miejscowosc><sln:cyklZyciaOd>2014-12-08T00:00:00+01:00</sln:cyklZyciaOd><sln:gmIIPId>b9adf79e-94b1-4a28-91db-e1bba3b66618</sln:gmIIPId><sln:gmIIPPn>PL.PZGIK.200</sln:gmIIPPn><sln:gmIIPWersja>2017-10-10T00:00:00+02:00</sln:gmIIPWersja><sln:gmIdTeryt>1211023</sln:gmIdTeryt><sln:gmNazwa>Szczawnica</sln:gmNazwa><sln:miejscIIPId>b15cf499-8376-4556-add8-e7547f58a44a</sln:miejscIIPId><sln:miejscIIPPn>PL.PZGIK.200</sln:miejscIIPPn><sln:miejscIIPWersja>2016-11-24T13:55:04+02:00</sln:miejscIIPWersja><sln:miejscIdTeryt>0963543</sln:miejscIdTeryt><sln:miejscNazwa>Kunie</sln:miejscNazwa><sln:miejscRodzaj>Inny obiekt</sln:miejscRodzaj><sln:powIIPId>a472069d-aabd-4128-a1dc-c3f6f7c8c11a</sln:powIIPId><sln:powIIPPn>PL.PZGIK.200</sln:powIIPPn><sln:powIIPWersja>2017-10-10T00:00:00+02:00</sln:powIIPWersja><sln:powIdTeryt>1211</sln:powIdTeryt><sln:powNazwa>nowotarski</sln:powNazwa><sln:wojIIPId>dd2e3c64-f861-47cf-a3a3-e7751f272b2f</sln:wojIIPId><sln:wojIIPPn>PL.PZGIK.200</sln:wojIIPPn><sln:wojIIPWersja>2017-10-10T00:00:00+02:00</sln:wojIIPWersja><sln:wojIdTeryt>12</sln:wojIdTeryt><sln:wojNazwa>małopolskie</sln:wojNazwa></sln:miejscowosc><sln:miejscowosc><sln:cyklZyciaOd>2014-12-08T00:00:00+01:00</sln:cyklZyciaOd><sln:gmIIPId>b9adf79e-94b1-4a28-91db-e1bba3b66618</sln:gmIIPId><sln:gmIIPPn>PL.PZGIK.200</sln:gmIIPPn><sln:gmIIPWersja>2017-10-10T00:00:00+02:00</sln:gmIIPWersja><sln:gmIdTeryt>1211023</sln:gmIdTeryt><sln:gmNazwa>Szczawnica</sln:gmNazwa><sln:miejscIIPId>266c5c8f-db5a-424e-9b1d-d5c64be9e30c</sln:miejscIIPId><sln:miejscIIPPn>PL.PZGIK.200</sln:miejscIIPPn><sln:miejscIIPWersja>2016-11-24T13:55:04+02:00</sln:miejscIIPWersja><sln:miejscIdTeryt>0963626</sln:miejscIdTeryt><sln:miejscNazwa>Podołek</sln:miejscNazwa><sln:miejscRodzaj>Inny obiekt</sln:miejscRodzaj><sln:powIIPId>a472069d-aabd-4128-a1dc-c3f6f7c8c11a</sln:powIIPId><sln:powIIPPn>PL.PZGIK.200</sln:powIIPPn><sln:powIIPWersja>2017-10-10T00:00:00+02:00</sln:powIIPWersja><sln:powIdTeryt>1211</sln:powIdTeryt><sln:powNazwa>nowotarski</sln:powNazwa><sln:wojIIPId>dd2e3c64-f861-47cf-a3a3-e7751f272b2f</sln:wojIIPId><sln:wojIIPPn>PL.PZGIK.200</sln:wojIIPPn><sln:wojIIPWersja>2017-10-10T00:00:00+02:00</sln:wojIIPWersja><sln:wojIdTeryt>12</sln:wojIdTeryt><sln:wojNazwa>małopolskie</sln:wojNazwa></sln:miejscowosc><sln:miejscowosc><sln:cyklZyciaOd>2014-12-08T00:00:00+01:00</sln:cyklZyciaOd><sln:gmIIPId>b9adf79e-94b1-4a28-91db-e1bba3b66618</sln:gmIIPId><sln:gmIIPPn>PL.PZGIK.200</sln:gmIIPPn><sln:gmIIPWersja>2017-10-10T00:00:00+02:00</sln:gmIIPWersja><sln:gmIdTeryt>1211023</sln:gmIdTeryt><sln:gmNazwa>Szczawnica</sln:gmNazwa><sln:miejscIIPId>173759e3-f46a-4cb6-8f51-000848e3426c</sln:miejscIIPId><sln:miejscIIPPn>PL.PZGIK.200</sln:miejscIIPPn><sln:miejscIIPWersja>2016-11-24T13:55:04+02:00</sln:miejscIIPWersja><sln:miejscIdTeryt>0963744</sln:miejscIdTeryt><sln:miejscNazwa>Zabaniszcze</sln:miejscNazwa><sln:miejscRodzaj>Inny obiekt</sln:miejscRodzaj><sln:powIIPId>a472069d-aabd-4128-a1dc-c3f6f7c8c11a</sln:powIIPId><sln:powIIPPn>PL.PZGIK.200</sln:powIIPPn><sln:powIIPWersja>2017-10-10T00:00:00+02:00</sln:powIIPWersja><sln:powIdTeryt>1211</sln:powIdTeryt><sln:powNazwa>nowotarski</sln:powNazwa><sln:wojIIPId>dd2e3c64-f861-47cf-a3a3-e7751f272b2f</sln:wojIIPId><sln:wojIIPPn>PL.PZGIK.200</sln:wojIIPPn><sln:wojIIPWersja>2017-10-10T00:00:00+02:00</sln:wojIIPWersja><sln:wojIdTeryt>12</sln:wojIdTeryt><sln:wojNazwa>małopolskie</sln:wojNazwa></sln:miejscowosc><sln:miejscowosc><sln:cyklZyciaOd>2014-12-08T00:00:00+01:00</sln:cyklZyciaOd><sln:gmIIPId>b9adf79e-94b1-4a28-91db-e1bba3b66618</sln:gmIIPId><sln:gmIIPPn>PL.PZGIK.200</sln:gmIIPPn><sln:gmIIPWersja>2017-10-10T00:00:00+02:00</sln:gmIIPWersja><sln:gmIdTeryt>1211023</sln:gmIdTeryt><sln:gmNazwa>Szczawnica</sln:gmNazwa><sln:miejscIIPId>04b85326-ab40-4bfd-a7c4-69a5d7d12583</sln:miejscIIPId><sln:miejscIIPPn>PL.PZGIK.200</sln:miejscIIPPn><sln:miejscIIPWersja>2016-11-24T13:55:04+02:00</sln:miejscIIPWersja><sln:miejscIdTeryt>0963550</sln:miejscIdTeryt><sln:miejscNazwa>Łęgi</sln:miejscNazwa><sln:miejscRodzaj>Inny obiekt</sln:miejscRodzaj><sln:powIIPId>a472069d-aabd-4128-a1dc-c3f6f7c8c11a</sln:powIIPId><sln:powIIPPn>PL.PZGIK.200</sln:powIIPPn><sln:powIIPWersja>2017-10-10T00:00:00+02:00</sln:powIIPWersja><sln:powIdTeryt>1211</sln:powIdTeryt><sln:powNazwa>nowotarski</sln:powNazwa><sln:wojIIPId>dd2e3c64-f861-47cf-a3a3-e7751f272b2f</sln:wojIIPId><sln:wojIIPPn>PL.PZGIK.200</sln:wojIIPPn><sln:wojIIPWersja>2017-10-10T00:00:00+02:00</sln:wojIIPWersja><sln:wojIdTeryt>12</sln:wojIdTeryt><sln:wojNazwa>małopolskie</sln:wojNazwa></sln:miejscowosc><sln:miejscowosc><sln:cyklZyciaOd>2014-12-08T00:00:00+01:00</sln:cyklZyciaOd><sln:gmIIPId>b9adf79e-94b1-4a28-91db-e1bba3b66618</sln:gmIIPId><sln:gmIIPPn>PL.PZGIK.200</sln:gmIIPPn><sln:gmIIPWersja>2017-10-10T00:00:00+02:00</sln:gmIIPWersja><sln:gmIdTeryt>1211023</sln:gmIdTeryt><sln:gmNazwa>Szczawnica</sln:gmNazwa><sln:miejscIIPId>7c469dc2-04ef-45eb-b1cb-788afb2c4abd</sln:miejscIIPId><sln:miejscIIPPn>PL.PZGIK.200</sln:miejscIIPPn><sln:miejscIIPWersja>2016-11-24T13:55:04+02:00</sln:miejscIIPWersja><sln:miejscIdTeryt>0963750</sln:miejscIdTeryt><sln:miejscNazwa>Zagórze</sln:miejscNazwa><sln:miejscRodzaj>Inny obiekt</sln:miejscRodzaj><sln:powIIPId>a472069d-aabd-4128-a1dc-c3f6f7c8c11a</sln:powIIPId><sln:powIIPPn>PL.PZGIK.200</sln:powIIPPn><sln:powIIPWersja>2017-10-10T00:00:00+02:00</sln:powIIPWersja><sln:powIdTeryt>1211</sln:powIdTeryt><sln:powNazwa>nowotarski</sln:powNazwa><sln:wojIIPId>dd2e3c64-f861-47cf-a3a3-e7751f272b2f</sln:wojIIPId><sln:wojIIPPn>PL.PZGIK.200</sln:wojIIPPn><sln:wojIIPWersja>2017-10-10T00:00:00+02:00</sln:wojIIPWersja><sln:wojIdTeryt>12</sln:wojIdTeryt><sln:wojNazwa>małopolskie</sln:wojNazwa></sln:miejscowosc><sln:miejscowosc><sln:cyklZyciaOd>2014-12-08T00:00:00+01:00</sln:cyklZyciaOd><sln:gmIIPId>b9adf79e-94b1-4a28-91db-e1bba3b66618</sln:gmIIPId><sln:gmIIPPn>PL.PZGIK.200</sln:gmIIPPn><sln:gmIIPWersja>2017-10-10T00:00:00+02:00</sln:gmIIPWersja><sln:gmIdTeryt>1211023</sln:gmIdTeryt><sln:gmNazwa>Szczawnica</sln:gmNazwa><sln:miejscIIPId>122b2c84-5d37-4a98-a070-2cffdc731501</sln:miejscIIPId><sln:miejscIIPPn>PL.PZGIK.200</sln:miejscIIPPn><sln:miejscIIPWersja>2016-11-24T13:55:04+02:00</sln:miejscIIPWersja><sln:miejscIdTeryt>0963603</sln:miejscIdTeryt><sln:miejscNazwa>Padołek</sln:miejscNazwa><sln:miejscRodzaj>Inny obiekt</sln:miejscRodzaj><sln:powIIPId>a472069d-aabd-4128-a1dc-c3f6f7c8c11a</sln:powIIPId><sln:powIIPPn>PL.PZGIK.200</sln:powIIPPn><sln:powIIPWersja>2017-10-10T00:00:00+02:00</sln:powIIPWersja><sln:powIdTeryt>1211</sln:powIdTeryt><sln:powNazwa>nowotarski</sln:powNazwa><sln:wojIIPId>dd2e3c64-f861-47cf-a3a3-e7751f272b2f</sln:wojIIPId><sln:wojIIPPn>PL.PZGIK.200</sln:wojIIPPn><sln:wojIIPWersja>2017-10-10T00:00:00+02:00</sln:wojIIPWersja><sln:wojIdTeryt>12</sln:wojIdTeryt><sln:wojNazwa>małopolskie</sln:wojNazwa></sln:miejscowosc><sln:miejscowosc><sln:cyklZyciaOd>2014-12-08T00:00:00+01:00</sln:cyklZyciaOd><sln:gmIIPId>b9adf79e-94b1-4a28-91db-e1bba3b66618</sln:gmIIPId><sln:gmIIPPn>PL.PZGIK.200</sln:gmIIPPn><sln:gmIIPWersja>2017-10-10T00:00:00+02:00</sln:gmIIPWersja><sln:gmIdTeryt>1211023</sln:gmIdTeryt><sln:gmNazwa>Szczawnica</sln:gmNazwa><sln:miejscIIPId>3901ea26-4a67-43fc-82a8-5d74dfc6490e</sln:miejscIIPId><sln:miejscIIPPn>PL.PZGIK.200</sln:miejscIIPPn><sln:miejscIIPWersja>2016-11-24T13:55:04+02:00</sln:miejscIIPWersja><sln:miejscIdTeryt>0963610</sln:miejscIdTeryt><sln:miejscNazwa>Piaski</sln:miejscNazwa><sln:miejscRodzaj>Inny obiekt</sln:miejscRodzaj><sln:powIIPId>a472069d-aabd-4128-a1dc-c3f6f7c8c11a</sln:powIIPId><sln:powIIPPn>PL.PZGIK.200</sln:powIIPPn><sln:powIIPWersja>2017-10-10T00:00:00+02:00</sln:powIIPWersja><sln:powIdTeryt>1211</sln:powIdTeryt><sln:powNazwa>nowotarski</sln:powNazwa><sln:wojIIPId>dd2e3c64-f861-47cf-a3a3-e7751f272b2f</sln:wojIIPId><sln:wojIIPPn>PL.PZGIK.200</sln:wojIIPPn><sln:wojIIPWersja>2017-10-10T00:00:00+02:00</sln:wojIIPWersja><sln:wojIdTeryt>12</sln:wojIdTeryt><sln:wojNazwa>małopolskie</sln:wojNazwa></sln:miejscowosc><sln:miejscowosc><sln:cyklZyciaOd>2014-12-08T00:00:00+01:00</sln:cyklZyciaOd><sln:gmIIPId>b9adf79e-94b1-4a28-91db-e1bba3b66618</sln:gmIIPId><sln:gmIIPPn>PL.PZGIK.200</sln:gmIIPPn><sln:gmIIPWersja>2017-10-10T00:00:00+02:00</sln:gmIIPWersja><sln:gmIdTeryt>1211023</sln:gmIdTeryt><sln:gmNazwa>Szczawnica</sln:gmNazwa><sln:miejscIIPId>dfcdec8e-d97c-4f9a-97c6-4ff35d799643</sln:miejscIIPId><sln:miejscIIPPn>PL.PZGIK.200</sln:miejscIIPPn><sln:miejscIIPWersja>2016-11-24T13:48:11+02:00</sln:miejscIIPWersja><sln:miejscIdTeryt>0963566</sln:miejscIdTeryt><sln:miejscNazwa>Miedziuś</sln:miejscNazwa><sln:miejscRodzaj>Inny obiekt</sln:miejscRodzaj><sln:powIIPId>a472069d-aabd-4128-a1dc-c3f6f7c8c11a</sln:powIIPId><sln:powIIPPn>PL.PZGIK.200</sln:powIIPPn><sln:powIIPWersja>2017-10-10T00:00:00+02:00</sln:powIIPWersja><sln:powIdTeryt>1211</sln:powIdTeryt><sln:powNazwa>nowotarski</sln:powNazwa><sln:wojIIPId>dd2e3c64-f861-47cf-a3a3-e7751f272b2f</sln:wojIIPId><sln:wojIIPPn>PL.PZGIK.200</sln:wojIIPPn><sln:wojIIPWersja>2017-10-10T00:00:00+02:00</sln:wojIIPWersja><sln:wojIdTeryt>12</sln:wojIdTeryt><sln:wojNazwa>małopolskie</sln:wojNazwa></sln:miejscowosc><sln:miejscowosc><sln:cyklZyciaOd>2014-12-08T00:00:00+01:00</sln:cyklZyciaOd><sln:gmIIPId>b9adf79e-94b1-4a28-91db-e1bba3b66618</sln:gmIIPId><sln:gmIIPPn>PL.PZGIK.200</sln:gmIIPPn><sln:gmIIPWersja>2017-10-10T00:00:00+02:00</sln:gmIIPWersja><sln:gmIdTeryt>1211023</sln:gmIdTeryt><sln:gmNazwa>Szczawnica</sln:gmNazwa><sln:miejscIIPId>e17ef3d8-9f11-4887-adcb-3908f4659f05</sln:miejscIIPId><sln:miejscIIPPn>PL.PZGIK.200</sln:miejscIIPPn><sln:miejscIIPWersja>2016-11-24T13:30:21+02:00</sln:miejscIIPWersja><sln:miejscIdTeryt>0963460</sln:miejscIdTeryt><sln:miejscNazwa>Biała Woda</sln:miejscNazwa><sln:miejscRodzaj>Inny obiekt</sln:miejscRodzaj><sln:powIIPId>a472069d-aabd-4128-a1dc-c3f6f7c8c11a</sln:powIIPId><sln:powIIPPn>PL.PZGIK.200</sln:powIIPPn><sln:powIIPWersja>2017-10-10T00:00:00+02:00</sln:powIIPWersja><sln:powIdTeryt>1211</sln:powIdTeryt><sln:powNazwa>nowotarski</sln:powNazwa><sln:wojIIPId>dd2e3c64-f861-47cf-a3a3-e7751f272b2f</sln:wojIIPId><sln:wojIIPPn>PL.PZGIK.200</sln:wojIIPPn><sln:wojIIPWersja>2017-10-10T00:00:00+02:00</sln:wojIIPWersja><sln:wojIdTeryt>12</sln:wojIdTeryt><sln:wojNazwa>małopolskie</sln:wojNazwa></sln:miejscowosc><sln:miejscowosc><sln:cyklZyciaOd>2014-12-08T00:00:00+01:00</sln:cyklZyciaOd><sln:gmIIPId>b9adf79e-94b1-4a28-91db-e1bba3b66618</sln:gmIIPId><sln:gmIIPPn>PL.PZGIK.200</sln:gmIIPPn><sln:gmIIPWersja>2017-10-10T00:00:00+02:00</sln:gmIIPWersja><sln:gmIdTeryt>1211023</sln:gmIdTeryt><sln:gmNazwa>Szczawnica</sln:gmNazwa><sln:miejscIIPId>01d0d2da-567c-4a00-8d4a-1c4db05ec225</sln:miejscIIPId><sln:miejscIIPPn>PL.PZGIK.200</sln:miejscIIPPn><sln:miejscIIPWersja>2016-11-24T13:30:21+02:00</sln:miejscIIPWersja><sln:miejscIdTeryt>0963520</sln:miejscIdTeryt><sln:miejscNazwa>Języki</sln:miejscNazwa><sln:miejscRodzaj>Inny obiekt</sln:miejscRodzaj><sln:powIIPId>a472069d-aabd-4128-a1dc-c3f6f7c8c11a</sln:powIIPId><sln:powIIPPn>PL.PZGIK.200</sln:powIIPPn><sln:powIIPWersja>2017-10-10T00:00:00+02:00</sln:powIIPWersja><sln:powIdTeryt>1211</sln:powIdTeryt><sln:powNazwa>nowotarski</sln:powNazwa><sln:wojIIPId>dd2e3c64-f861-47cf-a3a3-e7751f272b2f</sln:wojIIPId><sln:wojIIPPn>PL.PZGIK.200</sln:wojIIPPn><sln:wojIIPWersja>2017-10-10T00:00:00+02:00</sln:wojIIPWersja><sln:wojIdTeryt>12</sln:wojIdTeryt><sln:wojNazwa>małopolskie</sln:wojNazwa></sln:miejscowosc><sln:miejscowosc><sln:cyklZyciaOd>2014-12-08T00:00:00+01:00</sln:cyklZyciaOd><sln:gmIIPId>b9adf79e-94b1-4a28-91db-e1bba3b66618</sln:gmIIPId><sln:gmIIPPn>PL.PZGIK.200</sln:gmIIPPn><sln:gmIIPWersja>2017-10-10T00:00:00+02:00</sln:gmIIPWersja><sln:gmIdTeryt>1211023</sln:gmIdTeryt><sln:gmNazwa>Szczawnica</sln:gmNazwa><sln:miejscIIPId>ba1c4462-d0b6-42a9-9906-f7b707766874</sln:miejscIIPId><sln:miejscIIPPn>PL.PZGIK.200</sln:miejscIIPPn><sln:miejscIIPWersja>2016-11-24T13:48:11+02:00</sln:miejscIIPWersja><sln:miejscIdTeryt>0963661</sln:miejscIdTeryt><sln:miejscNazwa>Sewerynówka</sln:miejscNazwa><sln:miejscRodzaj>Inny obiekt</sln:miejscRodzaj><sln:powIIPId>a472069d-aabd-4128-a1dc-c3f6f7c8c11a</sln:powIIPId><sln:powIIPPn>PL.PZGIK.200</sln:powIIPPn><sln:powIIPWersja>2017-10-10T00:00:00+02:00</sln:powIIPWersja><sln:powIdTeryt>1211</sln:powIdTeryt><sln:powNazwa>nowotarski</sln:powNazwa><sln:wojIIPId>dd2e3c64-f861-47cf-a3a3-e7751f272b2f</sln:wojIIPId><sln:wojIIPPn>PL.PZGIK.200</sln:wojIIPPn><sln:wojIIPWersja>2017-10-10T00:00:00+02:00</sln:wojIIPWersja><sln:wojIdTeryt>12</sln:wojIdTeryt><sln:wojNazwa>małopolskie</sln:wojNazwa></sln:miejscowosc><sln:miejscowosc><sln:cyklZyciaOd>2014-12-08T00:00:00+01:00</sln:cyklZyciaOd><sln:gmIIPId>b9adf79e-94b1-4a28-91db-e1bba3b66618</sln:gmIIPId><sln:gmIIPPn>PL.PZGIK.200</sln:gmIIPPn><sln:gmIIPWersja>2017-10-10T00:00:00+02:00</sln:gmIIPWersja><sln:gmIdTeryt>1211023</sln:gmIdTeryt><sln:gmNazwa>Szczawnica</sln:gmNazwa><sln:miejscIIPId>f0aa26b1-1abc-4c69-b9e9-d2df1a34b626</sln:miejscIIPId><sln:miejscIIPPn>PL.PZGIK.200</sln:miejscIIPPn><sln:miejscIIPWersja>2016-11-24T13:48:11+02:00</sln:miejscIIPWersja><sln:miejscIdTeryt>0963655</sln:miejscIdTeryt><sln:miejscNazwa>Przysłop</sln:miejscNazwa><sln:miejscRodzaj>Inny obiekt</sln:miejscRodzaj><sln:powIIPId>a472069d-aabd-4128-a1dc-c3f6f7c8c11a</sln:powIIPId><sln:powIIPPn>PL.PZGIK.200</sln:powIIPPn><sln:powIIPWersja>2017-10-10T00:00:00+02:00</sln:powIIPWersja><sln:powIdTeryt>1211</sln:powIdTeryt><sln:powNazwa>nowotarski</sln:powNazwa><sln:wojIIPId>dd2e3c64-f861-47cf-a3a3-e7751f272b2f</sln:wojIIPId><sln:wojIIPPn>PL.PZGIK.200</sln:wojIIPPn><sln:wojIIPWersja>2017-10-10T00:00:00+02:00</sln:wojIIPWersja><sln:wojIdTeryt>12</sln:wojIdTeryt><sln:wojNazwa>małopolskie</sln:wojNazwa></sln:miejscowosc><sln:miejscowosc><sln:cyklZyciaOd>2014-12-08T00:00:00+01:00</sln:cyklZyciaOd><sln:gmIIPId>b9adf79e-94b1-4a28-91db-e1bba3b66618</sln:gmIIPId><sln:gmIIPPn>PL.PZGIK.200</sln:gmIIPPn><sln:gmIIPWersja>2017-10-10T00:00:00+02:00</sln:gmIIPWersja><sln:gmIdTeryt>1211023</sln:gmIdTeryt><sln:gmNazwa>Szczawnica</sln:gmNazwa><sln:miejscIIPId>d4bc7cbb-c6d8-4396-9d13-f7798ca95871</sln:miejscIIPId><sln:miejscIIPPn>PL.PZGIK.200</sln:miejscIIPPn><sln:miejscIIPWersja>2016-11-24T13:38:40+02:00</sln:miejscIIPWersja><sln:miejscIdTeryt>0963514</sln:miejscIdTeryt><sln:miejscNazwa>Jaworki</sln:miejscNazwa><sln:miejscRodzaj>Wieś</sln:miejscRodzaj><sln:powIIPId>a472069d-aabd-4128-a1dc-c3f6f7c8c11a</sln:powIIPId><sln:powIIPPn>PL.PZGIK.200</sln:powIIPPn><sln:powIIPWersja>2017-10-10T00:00:00+02:00</sln:powIIPWersja><sln:powIdTeryt>1211</sln:powIdTeryt><sln:powNazwa>nowotarski</sln:powNazwa><sln:wojIIPId>dd2e3c64-f861-47cf-a3a3-e7751f272b2f</sln:wojIIPId><sln:wojIIPPn>PL.PZGIK.200</sln:wojIIPPn><sln:wojIIPWersja>2017-10-10T00:00:00+02:00</sln:wojIIPWersja><sln:wojIdTeryt>12</sln:wojIdTeryt><sln:wojNazwa>małopolskie</sln:wojNazwa></sln:miejscowosc><sln:miejscowosc><sln:cyklZyciaOd>2014-12-08T00:00:00+01:00</sln:cyklZyciaOd><sln:gmIIPId>b9adf79e-94b1-4a28-91db-e1bba3b66618</sln:gmIIPId><sln:gmIIPPn>PL.PZGIK.200</sln:gmIIPPn><sln:gmIIPWersja>2017-10-10T00:00:00+02:00</sln:gmIIPWersja><sln:gmIdTeryt>1211023</sln:gmIdTeryt><sln:gmNazwa>Szczawnica</sln:gmNazwa><sln:miejscIIPId>a28423b9-ea11-48f7-b6f8-55b5a3888429</sln:miejscIIPId><sln:miejscIIPPn>PL.PZGIK.200</sln:miejscIIPPn><sln:miejscIIPWersja>2016-11-24T13:48:11+02:00</sln:miejscIIPWersja><sln:miejscIdTeryt>0963508</sln:miejscIdTeryt><sln:miejscNazwa>Groń Wyżni</sln:miejscNazwa><sln:miejscRodzaj>Inny obiekt</sln:miejscRodzaj><sln:powIIPId>a472069d-aabd-4128-a1dc-c3f6f7c8c11a</sln:powIIPId><sln:powIIPPn>PL.PZGIK.200</sln:powIIPPn><sln:powIIPWersja>2017-10-10T00:00:00+02:00</sln:powIIPWersja><sln:powIdTeryt>1211</sln:powIdTeryt><sln:powNazwa>nowotarski</sln:powNazwa><sln:wojIIPId>dd2e3c64-f861-47cf-a3a3-e7751f272b2f</sln:wojIIPId><sln:wojIIPPn>PL.PZGIK.200</sln:wojIIPPn><sln:wojIIPWersja>2017-10-10T00:00:00+02:00</sln:wojIIPWersja><sln:wojIdTeryt>12</sln:wojIdTeryt><sln:wojNazwa>małopolskie</sln:wojNazwa></sln:miejscowosc><sln:miejscowosc><sln:cyklZyciaOd>2014-12-08T00:00:00+01:00</sln:cyklZyciaOd><sln:gmIIPId>b9adf79e-94b1-4a28-91db-e1bba3b66618</sln:gmIIPId><sln:gmIIPPn>PL.PZGIK.200</sln:gmIIPPn><sln:gmIIPWersja>2017-10-10T00:00:00+02:00</sln:gmIIPWersja><sln:gmIdTeryt>1211023</sln:gmIdTeryt><sln:gmNazwa>Szczawnica</sln:gmNazwa><sln:miejscIIPId>f340861d-8fae-46ae-8a65-b95f95da56b7</sln:miejscIIPId><sln:miejscIIPPn>PL.PZGIK.200</sln:miejscIIPPn><sln:miejscIIPWersja>2016-11-24T13:48:18+02:00</sln:miejscIIPWersja><sln:miejscIdTeryt>0963572</sln:miejscIdTeryt><sln:miejscNazwa>Na Brzegu</sln:miejscNazwa><sln:miejscRodzaj>Inny obiekt</sln:miejscRodzaj><sln:powIIPId>a472069d-aabd-4128-a1dc-c3f6f7c8c11a</sln:powIIPId><sln:powIIPPn>PL.PZGIK.200</sln:powIIPPn><sln:powIIPWersja>2017-10-10T00:00:00+02:00</sln:powIIPWersja><sln:powIdTeryt>1211</sln:powIdTeryt><sln:powNazwa>nowotarski</sln:powNazwa><sln:wojIIPId>dd2e3c64-f861-47cf-a3a3-e7751f272b2f</sln:wojIIPId><sln:wojIIPPn>PL.PZGIK.200</sln:wojIIPPn><sln:wojIIPWersja>2017-10-10T00:00:00+02:00</sln:wojIIPWersja><sln:wojIdTeryt>12</sln:wojIdTeryt><sln:wojNazwa>małopolskie</sln:wojNazwa></sln:miejscowosc><sln:miejscowosc><sln:cyklZyciaOd>2014-12-08T00:00:00+01:00</sln:cyklZyciaOd><sln:gmIIPId>b9adf79e-94b1-4a28-91db-e1bba3b66618</sln:gmIIPId><sln:gmIIPPn>PL.PZGIK.200</sln:gmIIPPn><sln:gmIIPWersja>2017-10-10T00:00:00+02:00</sln:gmIIPWersja><sln:gmIdTeryt>1211023</sln:gmIdTeryt><sln:gmNazwa>Szczawnica</sln:gmNazwa><sln:miejscIIPId>b3294307-f515-424d-8dc8-f34b9657dbbf</sln:miejscIIPId><sln:miejscIIPPn>PL.PZGIK.200</sln:miejscIIPPn><sln:miejscIIPWersja>2016-11-24T13:54:59+02:00</sln:miejscIIPWersja><sln:miejscIdTeryt>0963483</sln:miejscIdTeryt><sln:miejscNazwa>Czarna Woda</sln:miejscNazwa><sln:miejscRodzaj>Inny obiekt</sln:miejscRodzaj><sln:powIIPId>a472069d-aabd-4128-a1dc-c3f6f7c8c11a</sln:powIIPId><sln:powIIPPn>PL.PZGIK.200</sln:powIIPPn><sln:powIIPWersja>2017-10-10T00:00:00+02:00</sln:powIIPWersja><sln:powIdTeryt>1211</sln:powIdTeryt><sln:powNazwa>nowotarski</sln:powNazwa><sln:wojIIPId>dd2e3c64-f861-47cf-a3a3-e7751f272b2f</sln:wojIIPId><sln:wojIIPPn>PL.PZGIK.200</sln:wojIIPPn><sln:wojIIPWersja>2017-10-10T00:00:00+02:00</sln:wojIIPWersja><sln:wojIdTeryt>12</sln:wojIdTeryt><sln:wojNazwa>małopolskie</sln:wojNazwa></sln:miejscowosc><sln:miejscowosc><sln:cyklZyciaOd>2014-12-08T00:00:00+01:00</sln:cyklZyciaOd><sln:gmIIPId>b9adf79e-94b1-4a28-91db-e1bba3b66618</sln:gmIIPId><sln:gmIIPPn>PL.PZGIK.200</sln:gmIIPPn><sln:gmIIPWersja>2017-10-10T00:00:00+02:00</sln:gmIIPWersja><sln:gmIdTeryt>1211023</sln:gmIdTeryt><sln:gmNazwa>Szczawnica</sln:gmNazwa><sln:miejscIIPId>9ba954c5-f287-4c3a-8a05-4dd5d970f048</sln:miejscIIPId><sln:miejscIIPPn>PL.PZGIK.200</sln:miejscIIPPn><sln:miejscIIPWersja>2016-11-24T13:30:21+02:00</sln:miejscIIPWersja><sln:miejscIdTeryt>0963690</sln:miejscIdTeryt><sln:miejscNazwa>Szczawnica Nyżna</sln:miejscNazwa><sln:miejscRodzaj>Inny obiekt</sln:miejscRodzaj><sln:powIIPId>a472069d-aabd-4128-a1dc-c3f6f7c8c11a</sln:powIIPId><sln:powIIPPn>PL.PZGIK.200</sln:powIIPPn><sln:powIIPWersja>2017-10-10T00:00:00+02:00</sln:powIIPWersja><sln:powIdTeryt>1211</sln:powIdTeryt><sln:powNazwa>nowotarski</sln:powNazwa><sln:wojIIPId>dd2e3c64-f861-47cf-a3a3-e7751f272b2f</sln:wojIIPId><sln:wojIIPPn>PL.PZGIK.200</sln:wojIIPPn><sln:wojIIPWersja>2017-10-10T00:00:00+02:00</sln:wojIIPWersja><sln:wojIdTeryt>12</sln:wojIdTeryt><sln:wojNazwa>małopolskie</sln:wojNazwa></sln:miejscowosc><sln:miejscowosc><sln:cyklZyciaOd>2014-12-08T00:00:00+01:00</sln:cyklZyciaOd><sln:gmIIPId>b9adf79e-94b1-4a28-91db-e1bba3b66618</sln:gmIIPId><sln:gmIIPPn>PL.PZGIK.200</sln:gmIIPPn><sln:gmIIPWersja>2017-10-10T00:00:00+02:00</sln:gmIIPWersja><sln:gmIdTeryt>1211023</sln:gmIdTeryt><sln:gmNazwa>Szczawnica</sln:gmNazwa><sln:miejscIIPId>888c5db1-8816-41fb-8e71-d800f7fce625</sln:miejscIIPId><sln:miejscIIPPn>PL.PZGIK.200</sln:miejscIIPPn><sln:miejscIIPWersja>2016-11-24T13:54:59+02:00</sln:miejscIIPWersja><sln:miejscIdTeryt>0963767</sln:miejscIdTeryt><sln:miejscNazwa>Zapustek</sln:miejscNazwa><sln:miejscRodzaj>Inny obiekt</sln:miejscRodzaj><sln:powIIPId>a472069d-aabd-4128-a1dc-c3f6f7c8c11a</sln:powIIPId><sln:powIIPPn>PL.PZGIK.200</sln:powIIPPn><sln:powIIPWersja>2017-10-10T00:00:00+02:00</sln:powIIPWersja><sln:powIdTeryt>1211</sln:powIdTeryt><sln:powNazwa>nowotarski</sln:powNazwa><sln:wojIIPId>dd2e3c64-f861-47cf-a3a3-e7751f272b2f</sln:wojIIPId><sln:wojIIPPn>PL.PZGIK.200</sln:wojIIPPn><sln:wojIIPWersja>2017-10-10T00:00:00+02:00</sln:wojIIPWersja><sln:wojIdTeryt>12</sln:wojIdTeryt><sln:wojNazwa>małopolskie</sln:wojNazwa></sln:miejscowosc><sln:miejscowosc><sln:cyklZyciaOd>2014-12-08T00:00:00+01:00</sln:cyklZyciaOd><sln:gmIIPId>b9adf79e-94b1-4a28-91db-e1bba3b66618</sln:gmIIPId><sln:gmIIPPn>PL.PZGIK.200</sln:gmIIPPn><sln:gmIIPWersja>2017-10-10T00:00:00+02:00</sln:gmIIPWersja><sln:gmIdTeryt>1211023</sln:gmIdTeryt><sln:gmNazwa>Szczawnica</sln:gmNazwa><sln:miejscIIPId>e700ff6b-811c-4a89-bcb4-1969c40c6a3d</sln:miejscIIPId><sln:miejscIIPPn>PL.PZGIK.200</sln:miejscIIPPn><sln:miejscIIPWersja>2016-11-24T13:48:11+02:00</sln:miejscIIPWersja><sln:miejscIdTeryt>0963721</sln:miejscIdTeryt><sln:miejscNazwa>Średniak</sln:miejscNazwa><sln:miejscRodzaj>Inny obiekt</sln:miejscRodzaj><sln:powIIPId>a472069d-aabd-4128-a1dc-c3f6f7c8c11a</sln:powIIPId><sln:powIIPPn>PL.PZGIK.200</sln:powIIPPn><sln:powIIPWersja>2017-10-10T00:00:00+02:00</sln:powIIPWersja><sln:powIdTeryt>1211</sln:powIdTeryt><sln:powNazwa>nowotarski</sln:powNazwa><sln:wojIIPId>dd2e3c64-f861-47cf-a3a3-e7751f272b2f</sln:wojIIPId><sln:wojIIPPn>PL.PZGIK.200</sln:wojIIPPn><sln:wojIIPWersja>2017-10-10T00:00:00+02:00</sln:wojIIPWersja><sln:wojIdTeryt>12</sln:wojIdTeryt><sln:wojNazwa>małopolskie</sln:wojNazwa></sln:miejscowosc></sln:lista-miejscowosci>