<?xml version="1.0" encoding="UTF-8" standalone="yes"?><sln:lista-miejscowosci xmlns:srv="http://gugik.gov.pl/schemas/slowniki-service/1.0" xmlns:sln="http://gugik.gov.pl/schemas/slowniki-schema/1.0"><sln:miejscowosc><sln:cyklZyciaOd>2012-04-26T00:00:00+02:00</sln:cyklZyciaOd><sln:gmIIPId>229fc258-bc59-43e5-ba05-9c4310c3dce7</sln:gmIIPId><sln:gmIIPPn>PL.PZGIK.200</sln:gmIIPPn><sln:gmIIPWersja>2012-09-26T22:13:44+02:00</sln:gmIIPWersja><sln:gmIdTeryt>1218082</sln:gmIdTeryt><sln:gmNazwa>Tomice</sln:gmNazwa><sln:miejscIIPId>447919c0-abcc-4562-8350-b38dc4768e46</sln:miejscIIPId><sln:miejscIIPPn>PL.PZGIK.200</sln:miejscIIPPn><sln:miejscIIPWersja>2016-11-24T13:28:41+02:00</sln:miejscIIPWersja><sln:miejscIdTeryt>4000121</sln:miejscIdTeryt><sln:miejscNazwa>Pogórze</sln:miejscNazwa><sln:miejscRodzaj>Inny obiekt</sln:miejscRodzaj><sln:powIIPId>db2b392c-5d8b-4afe-ae75-bc6f563eeb80</sln:powIIPId><sln:powIIPPn>PL.PZGIK.200</sln:powIIPPn><sln:powIIPWersja>2012-09-27T07:52:01+02:00</sln:powIIPWersja><sln:powIdTeryt>1218</sln:powIdTeryt><sln:powNazwa>wadowicki</sln:powNazwa><sln:wojIIPId>dd2e3c64-f861-47cf-a3a3-e7751f272b2f</sln:wojIIPId><sln:wojIIPPn>PL.PZGIK.200</sln:wojIIPPn><sln:wojIIPWersja>2017-10-10T00:00:00+02:00</sln:wojIIPWersja><sln:wojIdTeryt>12</sln:wojIdTeryt><sln:wojNazwa>małopolskie</sln:wojNazwa></sln:miejscowosc><sln:miejscowosc><sln:cyklZyciaOd>2012-04-26T00:00:00+02:00</sln:cyklZyciaOd><sln:gmIIPId>229fc258-bc59-43e5-ba05-9c4310c3dce7</sln:gmIIPId><sln:gmIIPPn>PL.PZGIK.200</sln:gmIIPPn><sln:gmIIPWersja>2012-09-26T22:13:44+02:00</sln:gmIIPWersja><sln:gmIdTeryt>1218082</sln:gmIdTeryt><sln:gmNazwa>Tomice</sln:gmNazwa><sln:miejscIIPId>2566c537-a817-47f8-996c-06f92fabd2c4</sln:miejscIIPId><sln:miejscIIPPn>PL.PZGIK.200</sln:miejscIIPPn><sln:miejscIIPWersja>2016-11-24T13:29:31+02:00</sln:miejscIIPWersja><sln:miejscIdTeryt>0072710</sln:miejscIdTeryt><sln:miejscNazwa>Radocza</sln:miejscNazwa><sln:miejscRodzaj>Wieś</sln:miejscRodzaj><sln:powIIPId>db2b392c-5d8b-4afe-ae75-bc6f563eeb80</sln:powIIPId><sln:powIIPPn>PL.PZGIK.200</sln:powIIPPn><sln:powIIPWersja>2012-09-27T07:52:01+02:00</sln:powIIPWersja><sln:powIdTeryt>1218</sln:powIdTeryt><sln:powNazwa>wadowicki</sln:powNazwa><sln:wojIIPId>dd2e3c64-f861-47cf-a3a3-e7751f272b2f</sln:wojIIPId><sln:wojIIPPn>PL.PZGIK.200</sln:wojIIPPn><sln:wojIIPWersja>2017-10-10T00:00:00+02:00</sln:wojIIPWersja><sln:wojIdTeryt>12</sln:wojIdTeryt><sln:wojNazwa>małopolskie</sln:wojNazwa></sln:miejscowosc><sln:miejscowosc><sln:cyklZyciaOd>2012-04-26T00:00:00+02:00</sln:cyklZyciaOd><sln:gmIIPId>229fc258-bc59-43e5-ba05-9c4310c3dce7</sln:gmIIPId><sln:gmIIPPn>PL.PZGIK.200</sln:gmIIPPn><sln:gmIIPWersja>2012-09-26T22:13:44+02:00</sln:gmIIPWersja><sln:gmIdTeryt>1218082</sln:gmIdTeryt><sln:gmNazwa>Tomice</sln:gmNazwa><sln:miejscIIPId>d40b3b2a-3f2d-4d83-9876-90a3dabae53b</sln:miejscIIPId><sln:miejscIIPPn>PL.PZGIK.200</sln:miejscIIPPn><sln:miejscIIPWersja>2016-11-24T13:30:37+02:00</sln:miejscIIPWersja><sln:miejscIdTeryt>4000276</sln:miejscIdTeryt><sln:miejscNazwa>Sikorzec</sln:miejscNazwa><sln:miejscRodzaj>Inny obiekt</sln:miejscRodzaj><sln:powIIPId>db2b392c-5d8b-4afe-ae75-bc6f563eeb80</sln:powIIPId><sln:powIIPPn>PL.PZGIK.200</sln:powIIPPn><sln:powIIPWersja>2012-09-27T07:52:01+02:00</sln:powIIPWersja><sln:powIdTeryt>1218</sln:powIdTeryt><sln:powNazwa>wadowicki</sln:powNazwa><sln:wojIIPId>dd2e3c64-f861-47cf-a3a3-e7751f272b2f</sln:wojIIPId><sln:wojIIPPn>PL.PZGIK.200</sln:wojIIPPn><sln:wojIIPWersja>2017-10-10T00:00:00+02:00</sln:wojIIPWersja><sln:wojIdTeryt>12</sln:wojIdTeryt><sln:wojNazwa>małopolskie</sln:wojNazwa></sln:miejscowosc><sln:miejscowosc><sln:cyklZyciaOd>2012-04-26T00:00:00+02:00</sln:cyklZyciaOd><sln:gmIIPId>229fc258-bc59-43e5-ba05-9c4310c3dce7</sln:gmIIPId><sln:gmIIPPn>PL.PZGIK.200</sln:gmIIPPn><sln:gmIIPWersja>2012-09-26T22:13:44+02:00</sln:gmIIPWersja><sln:gmIdTeryt>1218082</sln:gmIdTeryt><sln:gmNazwa>Tomice</sln:gmNazwa><sln:miejscIIPId>41963fcc-8206-4d1f-a2eb-13baf3dc1464</sln:miejscIIPId><sln:miejscIIPPn>PL.PZGIK.200</sln:miejscIIPPn><sln:miejscIIPWersja>2016-11-24T13:32:07+02:00</sln:miejscIIPWersja><sln:miejscIdTeryt>4000417</sln:miejscIdTeryt><sln:miejscNazwa>Średnia</sln:miejscNazwa><sln:miejscRodzaj>Inny obiekt</sln:miejscRodzaj><sln:powIIPId>db2b392c-5d8b-4afe-ae75-bc6f563eeb80</sln:powIIPId><sln:powIIPPn>PL.PZGIK.200</sln:powIIPPn><sln:powIIPWersja>2012-09-27T07:52:01+02:00</sln:powIIPWersja><sln:powIdTeryt>1218</sln:powIdTeryt><sln:powNazwa>wadowicki</sln:powNazwa><sln:wojIIPId>dd2e3c64-f861-47cf-a3a3-e7751f272b2f</sln:wojIIPId><sln:wojIIPPn>PL.PZGIK.200</sln:wojIIPPn><sln:wojIIPWersja>2017-10-10T00:00:00+02:00</sln:wojIIPWersja><sln:wojIdTeryt>12</sln:wojIdTeryt><sln:wojNazwa>małopolskie</sln:wojNazwa></sln:miejscowosc><sln:miejscowosc><sln:cyklZyciaOd>2012-04-26T00:00:00+02:00</sln:cyklZyciaOd><sln:gmIIPId>229fc258-bc59-43e5-ba05-9c4310c3dce7</sln:gmIIPId><sln:gmIIPPn>PL.PZGIK.200</sln:gmIIPPn><sln:gmIIPWersja>2012-09-26T22:13:44+02:00</sln:gmIIPWersja><sln:gmIdTeryt>1218082</sln:gmIdTeryt><sln:gmNazwa>Tomice</sln:gmNazwa><sln:miejscIIPId>eb94e0e5-317b-47ab-9ffc-052290592145</sln:miejscIIPId><sln:miejscIIPPn>PL.PZGIK.200</sln:miejscIIPPn><sln:miejscIIPWersja>2016-11-24T13:32:23+02:00</sln:miejscIIPWersja><sln:miejscIdTeryt>0072815</sln:miejscIdTeryt><sln:miejscNazwa>Tomice</sln:miejscNazwa><sln:miejscRodzaj>Wieś</sln:miejscRodzaj><sln:powIIPId>db2b392c-5d8b-4afe-ae75-bc6f563eeb80</sln:powIIPId><sln:powIIPPn>PL.PZGIK.200</sln:powIIPPn><sln:powIIPWersja>2012-09-27T07:52:01+02:00</sln:powIIPWersja><sln:powIdTeryt>1218</sln:powIdTeryt><sln:powNazwa>wadowicki</sln:powNazwa><sln:wojIIPId>dd2e3c64-f861-47cf-a3a3-e7751f272b2f</sln:wojIIPId><sln:wojIIPPn>PL.PZGIK.200</sln:wojIIPPn><sln:wojIIPWersja>2017-10-10T00:00:00+02:00</sln:wojIIPWersja><sln:wojIdTeryt>12</sln:wojIdTeryt><sln:wojNazwa>małopolskie</sln:wojNazwa></sln:miejscowosc><sln:miejscowosc><sln:cyklZyciaOd>2012-04-26T00:00:00+02:00</sln:cyklZyciaOd><sln:gmIIPId>229fc258-bc59-43e5-ba05-9c4310c3dce7</sln:gmIIPId><sln:gmIIPPn>PL.PZGIK.200</sln:gmIIPPn><sln:gmIIPWersja>2012-09-26T22:13:44+02:00</sln:gmIIPWersja><sln:gmIdTeryt>1218082</sln:gmIdTeryt><sln:gmNazwa>Tomice</sln:gmNazwa><sln:miejscIIPId>2147c920-1cb2-49ef-b7df-91a6e68061c2</sln:miejscIIPId><sln:miejscIIPPn>PL.PZGIK.200</sln:miejscIIPPn><sln:miejscIIPWersja>2016-11-24T13:33:25+02:00</sln:miejscIIPWersja><sln:miejscIdTeryt>0072896</sln:miejscIdTeryt><sln:miejscNazwa>Witanowice</sln:miejscNazwa><sln:miejscRodzaj>Wieś</sln:miejscRodzaj><sln:powIIPId>db2b392c-5d8b-4afe-ae75-bc6f563eeb80</sln:powIIPId><sln:powIIPPn>PL.PZGIK.200</sln:powIIPPn><sln:powIIPWersja>2012-09-27T07:52:01+02:00</sln:powIIPWersja><sln:powIdTeryt>1218</sln:powIdTeryt><sln:powNazwa>wadowicki</sln:powNazwa><sln:wojIIPId>dd2e3c64-f861-47cf-a3a3-e7751f272b2f</sln:wojIIPId><sln:wojIIPPn>PL.PZGIK.200</sln:wojIIPPn><sln:wojIIPWersja>2017-10-10T00:00:00+02:00</sln:wojIIPWersja><sln:wojIdTeryt>12</sln:wojIdTeryt><sln:wojNazwa>małopolskie</sln:wojNazwa></sln:miejscowosc><sln:miejscowosc><sln:cyklZyciaOd>2012-04-26T00:00:00+02:00</sln:cyklZyciaOd><sln:gmIIPId>229fc258-bc59-43e5-ba05-9c4310c3dce7</sln:gmIIPId><sln:gmIIPPn>PL.PZGIK.200</sln:gmIIPPn><sln:gmIIPWersja>2012-09-26T22:13:44+02:00</sln:gmIIPWersja><sln:gmIdTeryt>1218082</sln:gmIdTeryt><sln:gmNazwa>Tomice</sln:gmNazwa><sln:miejscIIPId>5b231ddb-88fa-4564-a8eb-c8a6920bab92</sln:miejscIIPId><sln:miejscIIPPn>PL.PZGIK.200</sln:miejscIIPPn><sln:miejscIIPWersja>2016-11-24T13:33:43+02:00</sln:miejscIIPWersja><sln:miejscIdTeryt>0072991</sln:miejscIdTeryt><sln:miejscNazwa>Woźniki</sln:miejscNazwa><sln:miejscRodzaj>Wieś</sln:miejscRodzaj><sln:powIIPId>db2b392c-5d8b-4afe-ae75-bc6f563eeb80</sln:powIIPId><sln:powIIPPn>PL.PZGIK.200</sln:powIIPPn><sln:powIIPWersja>2012-09-27T07:52:01+02:00</sln:powIIPWersja><sln:powIdTeryt>1218</sln:powIdTeryt><sln:powNazwa>wadowicki</sln:powNazwa><sln:wojIIPId>dd2e3c64-f861-47cf-a3a3-e7751f272b2f</sln:wojIIPId><sln:wojIIPPn>PL.PZGIK.200</sln:wojIIPPn><sln:wojIIPWersja>2017-10-10T00:00:00+02:00</sln:wojIIPWersja><sln:wojIdTeryt>12</sln:wojIdTeryt><sln:wojNazwa>małopolskie</sln:wojNazwa></sln:miejscowosc><sln:miejscowosc><sln:cyklZyciaOd>2012-04-26T00:00:00+02:00</sln:cyklZyciaOd><sln:gmIIPId>229fc258-bc59-43e5-ba05-9c4310c3dce7</sln:gmIIPId><sln:gmIIPPn>PL.PZGIK.200</sln:gmIIPPn><sln:gmIIPWersja>2012-09-26T22:13:44+02:00</sln:gmIIPWersja><sln:gmIdTeryt>1218082</sln:gmIdTeryt><sln:gmNazwa>Tomice</sln:gmNazwa><sln:miejscIIPId>762f01d5-0090-4aad-b8d8-db26abe82945</sln:miejscIIPId><sln:miejscIIPPn>PL.PZGIK.200</sln:miejscIIPPn><sln:miejscIIPWersja>2016-11-24T13:34:57+02:00</sln:miejscIIPWersja><sln:miejscIdTeryt>0073097</sln:miejscIdTeryt><sln:miejscNazwa>Zygodowice</sln:miejscNazwa><sln:miejscRodzaj>Wieś</sln:miejscRodzaj><sln:powIIPId>db2b392c-5d8b-4afe-ae75-bc6f563eeb80</sln:powIIPId><sln:powIIPPn>PL.PZGIK.200</sln:powIIPPn><sln:powIIPWersja>2012-09-27T07:52:01+02:00</sln:powIIPWersja><sln:powIdTeryt>1218</sln:powIdTeryt><sln:powNazwa>wadowicki</sln:powNazwa><sln:wojIIPId>dd2e3c64-f861-47cf-a3a3-e7751f272b2f</sln:wojIIPId><sln:wojIIPPn>PL.PZGIK.200</sln:wojIIPPn><sln:wojIIPWersja>2017-10-10T00:00:00+02:00</sln:wojIIPWersja><sln:wojIdTeryt>12</sln:wojIdTeryt><sln:wojNazwa>małopolskie</sln:wojNazwa></sln:miejscowosc><sln:miejscowosc><sln:cyklZyciaOd>2012-04-26T00:00:00+02:00</sln:cyklZyciaOd><sln:gmIIPId>229fc258-bc59-43e5-ba05-9c4310c3dce7</sln:gmIIPId><sln:gmIIPPn>PL.PZGIK.200</sln:gmIIPPn><sln:gmIIPWersja>2012-09-26T22:13:44+02:00</sln:gmIIPWersja><sln:gmIdTeryt>1218082</sln:gmIdTeryt><sln:gmNazwa>Tomice</sln:gmNazwa><sln:miejscIIPId>18f26adf-79e9-4c30-98da-cc802a3bb8aa</sln:miejscIIPId><sln:miejscIIPPn>PL.PZGIK.200</sln:miejscIIPPn><sln:miejscIIPWersja>2016-11-24T13:39:13+02:00</sln:miejscIIPWersja><sln:miejscIdTeryt>4000959</sln:miejscIdTeryt><sln:miejscNazwa>Kaniów</sln:miejscNazwa><sln:miejscRodzaj>Inny obiekt</sln:miejscRodzaj><sln:powIIPId>db2b392c-5d8b-4afe-ae75-bc6f563eeb80</sln:powIIPId><sln:powIIPPn>PL.PZGIK.200</sln:powIIPPn><sln:powIIPWersja>2012-09-27T07:52:01+02:00</sln:powIIPWersja><sln:powIdTeryt>1218</sln:powIdTeryt><sln:powNazwa>wadowicki</sln:powNazwa><sln:wojIIPId>dd2e3c64-f861-47cf-a3a3-e7751f272b2f</sln:wojIIPId><sln:wojIIPPn>PL.PZGIK.200</sln:wojIIPPn><sln:wojIIPWersja>2017-10-10T00:00:00+02:00</sln:wojIIPWersja><sln:wojIdTeryt>12</sln:wojIdTeryt><sln:wojNazwa>małopolskie</sln:wojNazwa></sln:miejscowosc><sln:miejscowosc><sln:cyklZyciaOd>2012-04-26T00:00:00+02:00</sln:cyklZyciaOd><sln:gmIIPId>229fc258-bc59-43e5-ba05-9c4310c3dce7</sln:gmIIPId><sln:gmIIPPn>PL.PZGIK.200</sln:gmIIPPn><sln:gmIIPWersja>2012-09-26T22:13:44+02:00</sln:gmIIPWersja><sln:gmIdTeryt>1218082</sln:gmIdTeryt><sln:gmNazwa>Tomice</sln:gmNazwa><sln:miejscIIPId>98a4a268-2e33-405d-9882-4d8ce6a58046</sln:miejscIIPId><sln:miejscIIPPn>PL.PZGIK.200</sln:miejscIIPPn><sln:miejscIIPWersja>2016-11-24T13:41:04+02:00</sln:miejscIIPWersja><sln:miejscIdTeryt>0072643</sln:miejscIdTeryt><sln:miejscNazwa>Lgota</sln:miejscNazwa><sln:miejscRodzaj>Wieś</sln:miejscRodzaj><sln:powIIPId>db2b392c-5d8b-4afe-ae75-bc6f563eeb80</sln:powIIPId><sln:powIIPPn>PL.PZGIK.200</sln:powIIPPn><sln:powIIPWersja>2012-09-27T07:52:01+02:00</sln:powIIPWersja><sln:powIdTeryt>1218</sln:powIdTeryt><sln:powNazwa>wadowicki</sln:powNazwa><sln:wojIIPId>dd2e3c64-f861-47cf-a3a3-e7751f272b2f</sln:wojIIPId><sln:wojIIPPn>PL.PZGIK.200</sln:wojIIPPn><sln:wojIIPWersja>2017-10-10T00:00:00+02:00</sln:wojIIPWersja><sln:wojIdTeryt>12</sln:wojIdTeryt><sln:wojNazwa>małopolskie</sln:wojNazwa></sln:miejscowosc><sln:miejscowosc><sln:cyklZyciaOd>2012-04-26T00:00:00+02:00</sln:cyklZyciaOd><sln:gmIIPId>229fc258-bc59-43e5-ba05-9c4310c3dce7</sln:gmIIPId><sln:gmIIPPn>PL.PZGIK.200</sln:gmIIPPn><sln:gmIIPWersja>2012-09-26T22:13:44+02:00</sln:gmIIPWersja><sln:gmIdTeryt>1218082</sln:gmIdTeryt><sln:gmNazwa>Tomice</sln:gmNazwa><sln:miejscIIPId>bbfc48cc-ccdc-4db3-a3d6-773bcc2c2b1a</sln:miejscIIPId><sln:miejscIIPPn>PL.PZGIK.200</sln:miejscIIPPn><sln:miejscIIPWersja>2016-11-24T13:42:53+02:00</sln:miejscIIPWersja><sln:miejscIdTeryt>4001299</sln:miejscIdTeryt><sln:miejscNazwa>Nawsie</sln:miejscNazwa><sln:miejscRodzaj>Inny obiekt</sln:miejscRodzaj><sln:powIIPId>db2b392c-5d8b-4afe-ae75-bc6f563eeb80</sln:powIIPId><sln:powIIPPn>PL.PZGIK.200</sln:powIIPPn><sln:powIIPWersja>2012-09-27T07:52:01+02:00</sln:powIIPWersja><sln:powIdTeryt>1218</sln:powIdTeryt><sln:powNazwa>wadowicki</sln:powNazwa><sln:wojIIPId>dd2e3c64-f861-47cf-a3a3-e7751f272b2f</sln:wojIIPId><sln:wojIIPPn>PL.PZGIK.200</sln:wojIIPPn><sln:wojIIPWersja>2017-10-10T00:00:00+02:00</sln:wojIIPWersja><sln:wojIdTeryt>12</sln:wojIdTeryt><sln:wojNazwa>małopolskie</sln:wojNazwa></sln:miejscowosc><sln:miejscowosc><sln:cyklZyciaOd>2012-04-26T00:00:00+02:00</sln:cyklZyciaOd><sln:gmIIPId>229fc258-bc59-43e5-ba05-9c4310c3dce7</sln:gmIIPId><sln:gmIIPPn>PL.PZGIK.200</sln:gmIIPPn><sln:gmIIPWersja>2012-09-26T22:13:44+02:00</sln:gmIIPWersja><sln:gmIdTeryt>1218082</sln:gmIdTeryt><sln:gmNazwa>Tomice</sln:gmNazwa><sln:miejscIIPId>650f5507-dff5-4fc1-ada3-516a09696b5e</sln:miejscIIPId><sln:miejscIIPPn>PL.PZGIK.200</sln:miejscIIPPn><sln:miejscIIPWersja>2016-11-24T13:44:00+02:00</sln:miejscIIPWersja><sln:miejscIdTeryt>4001411</sln:miejscIdTeryt><sln:miejscNazwa>Osiedle</sln:miejscNazwa><sln:miejscRodzaj>Inny obiekt</sln:miejscRodzaj><sln:powIIPId>db2b392c-5d8b-4afe-ae75-bc6f563eeb80</sln:powIIPId><sln:powIIPPn>PL.PZGIK.200</sln:powIIPPn><sln:powIIPWersja>2012-09-27T07:52:01+02:00</sln:powIIPWersja><sln:powIdTeryt>1218</sln:powIdTeryt><sln:powNazwa>wadowicki</sln:powNazwa><sln:wojIIPId>dd2e3c64-f861-47cf-a3a3-e7751f272b2f</sln:wojIIPId><sln:wojIIPPn>PL.PZGIK.200</sln:wojIIPPn><sln:wojIIPWersja>2017-10-10T00:00:00+02:00</sln:wojIIPWersja><sln:wojIdTeryt>12</sln:wojIdTeryt><sln:wojNazwa>małopolskie</sln:wojNazwa></sln:miejscowosc><sln:miejscowosc><sln:cyklZyciaOd>2012-04-26T00:00:00+02:00</sln:cyklZyciaOd><sln:gmIIPId>229fc258-bc59-43e5-ba05-9c4310c3dce7</sln:gmIIPId><sln:gmIIPPn>PL.PZGIK.200</sln:gmIIPPn><sln:gmIIPWersja>2012-09-26T22:13:44+02:00</sln:gmIIPWersja><sln:gmIdTeryt>1218082</sln:gmIdTeryt><sln:gmNazwa>Tomice</sln:gmNazwa><sln:miejscIIPId>1d6c005d-5506-461b-88ac-8282698e6bb9</sln:miejscIIPId><sln:miejscIIPPn>PL.PZGIK.200</sln:miejscIIPPn><sln:miejscIIPWersja>2016-11-24T13:46:02+02:00</sln:miejscIIPWersja><sln:miejscIdTeryt>0072778</sln:miejscIdTeryt><sln:miejscNIIPId>2566c537-a817-47f8-996c-06f92fabd2c4</sln:miejscNIIPId><sln:miejscNIIPPn>PL.PZGIK.200</sln:miejscNIIPPn><sln:miejscNIIPWersja>2016-11-24T13:29:31+02:00</sln:miejscNIIPWersja><sln:miejscNIdTeryt>0072710</sln:miejscNIdTeryt><sln:miejscNNazwa>Radocza</sln:miejscNNazwa><sln:miejscNRodzaj>Wieś</sln:miejscNRodzaj><sln:miejscNazwa>Pustki</sln:miejscNazwa><sln:miejscRodzaj>Inny obiekt</sln:miejscRodzaj><sln:powIIPId>db2b392c-5d8b-4afe-ae75-bc6f563eeb80</sln:powIIPId><sln:powIIPPn>PL.PZGIK.200</sln:powIIPPn><sln:powIIPWersja>2012-09-27T07:52:01+02:00</sln:powIIPWersja><sln:powIdTeryt>1218</sln:powIdTeryt><sln:powNazwa>wadowicki</sln:powNazwa><sln:wojIIPId>dd2e3c64-f861-47cf-a3a3-e7751f272b2f</sln:wojIIPId><sln:wojIIPPn>PL.PZGIK.200</sln:wojIIPPn><sln:wojIIPWersja>2017-10-10T00:00:00+02:00</sln:wojIIPWersja><sln:wojIdTeryt>12</sln:wojIdTeryt><sln:wojNazwa>małopolskie</sln:wojNazwa></sln:miejscowosc><sln:miejscowosc><sln:cyklZyciaOd>2012-04-26T00:00:00+02:00</sln:cyklZyciaOd><sln:gmIIPId>229fc258-bc59-43e5-ba05-9c4310c3dce7</sln:gmIIPId><sln:gmIIPPn>PL.PZGIK.200</sln:gmIIPPn><sln:gmIIPWersja>2012-09-26T22:13:44+02:00</sln:gmIIPWersja><sln:gmIdTeryt>1218082</sln:gmIdTeryt><sln:gmNazwa>Tomice</sln:gmNazwa><sln:miejscIIPId>36e97626-2c02-4b94-bbb8-144541f7c7ce</sln:miejscIIPId><sln:miejscIIPPn>PL.PZGIK.200</sln:miejscIIPPn><sln:miejscIIPWersja>2016-11-24T13:46:02+02:00</sln:miejscIIPWersja><sln:miejscIdTeryt>0072784</sln:miejscIdTeryt><sln:miejscNIIPId>2566c537-a817-47f8-996c-06f92fabd2c4</sln:miejscNIIPId><sln:miejscNIIPPn>PL.PZGIK.200</sln:miejscNIIPPn><sln:miejscNIIPWersja>2016-11-24T13:29:31+02:00</sln:miejscNIIPWersja><sln:miejscNIdTeryt>0072710</sln:miejscNIdTeryt><sln:miejscNNazwa>Radocza</sln:miejscNNazwa><sln:miejscNRodzaj>Wieś</sln:miejscNRodzaj><sln:miejscNazwa>Redz</sln:miejscNazwa><sln:miejscRodzaj>Inny obiekt</sln:miejscRodzaj><sln:powIIPId>db2b392c-5d8b-4afe-ae75-bc6f563eeb80</sln:powIIPId><sln:powIIPPn>PL.PZGIK.200</sln:powIIPPn><sln:powIIPWersja>2012-09-27T07:52:01+02:00</sln:powIIPWersja><sln:powIdTeryt>1218</sln:powIdTeryt><sln:powNazwa>wadowicki</sln:powNazwa><sln:wojIIPId>dd2e3c64-f861-47cf-a3a3-e7751f272b2f</sln:wojIIPId><sln:wojIIPPn>PL.PZGIK.200</sln:wojIIPPn><sln:wojIIPWersja>2017-10-10T00:00:00+02:00</sln:wojIIPWersja><sln:wojIdTeryt>12</sln:wojIdTeryt><sln:wojNazwa>małopolskie</sln:wojNazwa></sln:miejscowosc><sln:miejscowosc><sln:cyklZyciaOd>2012-04-26T00:00:00+02:00</sln:cyklZyciaOd><sln:gmIIPId>229fc258-bc59-43e5-ba05-9c4310c3dce7</sln:gmIIPId><sln:gmIIPPn>PL.PZGIK.200</sln:gmIIPPn><sln:gmIIPWersja>2012-09-26T22:13:44+02:00</sln:gmIIPWersja><sln:gmIdTeryt>1218082</sln:gmIdTeryt><sln:gmNazwa>Tomice</sln:gmNazwa><sln:miejscIIPId>fd8ccc6d-4832-4f7b-96c1-e52157a5a4f7</sln:miejscIIPId><sln:miejscIIPPn>PL.PZGIK.200</sln:miejscIIPPn><sln:miejscIIPWersja>2016-11-24T13:46:02+02:00</sln:miejscIIPWersja><sln:miejscIdTeryt>0072790</sln:miejscIdTeryt><sln:miejscNIIPId>2566c537-a817-47f8-996c-06f92fabd2c4</sln:miejscNIIPId><sln:miejscNIIPPn>PL.PZGIK.200</sln:miejscNIIPPn><sln:miejscNIIPWersja>2016-11-24T13:29:31+02:00</sln:miejscNIIPWersja><sln:miejscNIdTeryt>0072710</sln:miejscNIdTeryt><sln:miejscNNazwa>Radocza</sln:miejscNNazwa><sln:miejscNRodzaj>Wieś</sln:miejscNRodzaj><sln:miejscNazwa>Skawisko</sln:miejscNazwa><sln:miejscRodzaj>Inny obiekt</sln:miejscRodzaj><sln:powIIPId>db2b392c-5d8b-4afe-ae75-bc6f563eeb80</sln:powIIPId><sln:powIIPPn>PL.PZGIK.200</sln:powIIPPn><sln:powIIPWersja>2012-09-27T07:52:01+02:00</sln:powIIPWersja><sln:powIdTeryt>1218</sln:powIdTeryt><sln:powNazwa>wadowicki</sln:powNazwa><sln:wojIIPId>dd2e3c64-f861-47cf-a3a3-e7751f272b2f</sln:wojIIPId><sln:wojIIPPn>PL.PZGIK.200</sln:wojIIPPn><sln:wojIIPWersja>2017-10-10T00:00:00+02:00</sln:wojIIPWersja><sln:wojIdTeryt>12</sln:wojIdTeryt><sln:wojNazwa>małopolskie</sln:wojNazwa></sln:miejscowosc><sln:miejscowosc><sln:cyklZyciaOd>2012-04-26T00:00:00+02:00</sln:cyklZyciaOd><sln:gmIIPId>229fc258-bc59-43e5-ba05-9c4310c3dce7</sln:gmIIPId><sln:gmIIPPn>PL.PZGIK.200</sln:gmIIPPn><sln:gmIIPWersja>2012-09-26T22:13:44+02:00</sln:gmIIPWersja><sln:gmIdTeryt>1218082</sln:gmIdTeryt><sln:gmNazwa>Tomice</sln:gmNazwa><sln:miejscIIPId>a6b0d4f1-0a1c-4496-8cf0-289703aabe35</sln:miejscIIPId><sln:miejscIIPPn>PL.PZGIK.200</sln:miejscIIPPn><sln:miejscIIPWersja>2016-11-24T13:46:02+02:00</sln:miejscIIPWersja><sln:miejscIdTeryt>0072809</sln:miejscIdTeryt><sln:miejscNIIPId>2566c537-a817-47f8-996c-06f92fabd2c4</sln:miejscNIIPId><sln:miejscNIIPPn>PL.PZGIK.200</sln:miejscNIIPPn><sln:miejscNIIPWersja>2016-11-24T13:29:31+02:00</sln:miejscNIIPWersja><sln:miejscNIdTeryt>0072710</sln:miejscNIdTeryt><sln:miejscNNazwa>Radocza</sln:miejscNNazwa><sln:miejscNRodzaj>Wieś</sln:miejscNRodzaj><sln:miejscNazwa>Widów</sln:miejscNazwa><sln:miejscRodzaj>Inny obiekt</sln:miejscRodzaj><sln:powIIPId>db2b392c-5d8b-4afe-ae75-bc6f563eeb80</sln:powIIPId><sln:powIIPPn>PL.PZGIK.200</sln:powIIPPn><sln:powIIPWersja>2012-09-27T07:52:01+02:00</sln:powIIPWersja><sln:powIdTeryt>1218</sln:powIdTeryt><sln:powNazwa>wadowicki</sln:powNazwa><sln:wojIIPId>dd2e3c64-f861-47cf-a3a3-e7751f272b2f</sln:wojIIPId><sln:wojIIPPn>PL.PZGIK.200</sln:wojIIPPn><sln:wojIIPWersja>2017-10-10T00:00:00+02:00</sln:wojIIPWersja><sln:wojIdTeryt>12</sln:wojIdTeryt><sln:wojNazwa>małopolskie</sln:wojNazwa></sln:miejscowosc><sln:miejscowosc><sln:cyklZyciaOd>2012-04-26T00:00:00+02:00</sln:cyklZyciaOd><sln:gmIIPId>229fc258-bc59-43e5-ba05-9c4310c3dce7</sln:gmIIPId><sln:gmIIPPn>PL.PZGIK.200</sln:gmIIPPn><sln:gmIIPWersja>2012-09-26T22:13:44+02:00</sln:gmIIPWersja><sln:gmIdTeryt>1218082</sln:gmIdTeryt><sln:gmNazwa>Tomice</sln:gmNazwa><sln:miejscIIPId>dba549f4-a996-4eb3-acdb-50d97c31a02b</sln:miejscIIPId><sln:miejscIIPPn>PL.PZGIK.200</sln:miejscIIPPn><sln:miejscIIPWersja>2016-11-24T13:46:02+02:00</sln:miejscIIPWersja><sln:miejscIdTeryt>0072726</sln:miejscIdTeryt><sln:miejscNIIPId>2566c537-a817-47f8-996c-06f92fabd2c4</sln:miejscNIIPId><sln:miejscNIIPPn>PL.PZGIK.200</sln:miejscNIIPPn><sln:miejscNIIPWersja>2016-11-24T13:29:31+02:00</sln:miejscNIIPWersja><sln:miejscNIdTeryt>0072710</sln:miejscNIdTeryt><sln:miejscNNazwa>Radocza</sln:miejscNNazwa><sln:miejscNRodzaj>Wieś</sln:miejscNRodzaj><sln:miejscNazwa>Derpowizna</sln:miejscNazwa><sln:miejscRodzaj>Inny obiekt</sln:miejscRodzaj><sln:powIIPId>db2b392c-5d8b-4afe-ae75-bc6f563eeb80</sln:powIIPId><sln:powIIPPn>PL.PZGIK.200</sln:powIIPPn><sln:powIIPWersja>2012-09-27T07:52:01+02:00</sln:powIIPWersja><sln:powIdTeryt>1218</sln:powIdTeryt><sln:powNazwa>wadowicki</sln:powNazwa><sln:wojIIPId>dd2e3c64-f861-47cf-a3a3-e7751f272b2f</sln:wojIIPId><sln:wojIIPPn>PL.PZGIK.200</sln:wojIIPPn><sln:wojIIPWersja>2017-10-10T00:00:00+02:00</sln:wojIIPWersja><sln:wojIdTeryt>12</sln:wojIdTeryt><sln:wojNazwa>małopolskie</sln:wojNazwa></sln:miejscowosc><sln:miejscowosc><sln:cyklZyciaOd>2012-04-26T00:00:00+02:00</sln:cyklZyciaOd><sln:gmIIPId>229fc258-bc59-43e5-ba05-9c4310c3dce7</sln:gmIIPId><sln:gmIIPPn>PL.PZGIK.200</sln:gmIIPPn><sln:gmIIPWersja>2012-09-26T22:13:44+02:00</sln:gmIIPWersja><sln:gmIdTeryt>1218082</sln:gmIdTeryt><sln:gmNazwa>Tomice</sln:gmNazwa><sln:miejscIIPId>f70eb03c-557a-4cc8-9346-fa372a3af018</sln:miejscIIPId><sln:miejscIIPPn>PL.PZGIK.200</sln:miejscIIPPn><sln:miejscIIPWersja>2016-11-24T13:46:02+02:00</sln:miejscIIPWersja><sln:miejscIdTeryt>0072755</sln:miejscIdTeryt><sln:miejscNIIPId>2566c537-a817-47f8-996c-06f92fabd2c4</sln:miejscNIIPId><sln:miejscNIIPPn>PL.PZGIK.200</sln:miejscNIIPPn><sln:miejscNIIPWersja>2016-11-24T13:29:31+02:00</sln:miejscNIIPWersja><sln:miejscNIdTeryt>0072710</sln:miejscNIdTeryt><sln:miejscNNazwa>Radocza</sln:miejscNNazwa><sln:miejscNRodzaj>Wieś</sln:miejscNRodzaj><sln:miejscNazwa>Łęg</sln:miejscNazwa><sln:miejscRodzaj>Inny obiekt</sln:miejscRodzaj><sln:powIIPId>db2b392c-5d8b-4afe-ae75-bc6f563eeb80</sln:powIIPId><sln:powIIPPn>PL.PZGIK.200</sln:powIIPPn><sln:powIIPWersja>2012-09-27T07:52:01+02:00</sln:powIIPWersja><sln:powIdTeryt>1218</sln:powIdTeryt><sln:powNazwa>wadowicki</sln:powNazwa><sln:wojIIPId>dd2e3c64-f861-47cf-a3a3-e7751f272b2f</sln:wojIIPId><sln:wojIIPPn>PL.PZGIK.200</sln:wojIIPPn><sln:wojIIPWersja>2017-10-10T00:00:00+02:00</sln:wojIIPWersja><sln:wojIdTeryt>12</sln:wojIdTeryt><sln:wojNazwa>małopolskie</sln:wojNazwa></sln:miejscowosc><sln:miejscowosc><sln:cyklZyciaOd>2012-04-26T00:00:00+02:00</sln:cyklZyciaOd><sln:gmIIPId>229fc258-bc59-43e5-ba05-9c4310c3dce7</sln:gmIIPId><sln:gmIIPPn>PL.PZGIK.200</sln:gmIIPPn><sln:gmIIPWersja>2012-09-26T22:13:44+02:00</sln:gmIIPWersja><sln:gmIdTeryt>1218082</sln:gmIdTeryt><sln:gmNazwa>Tomice</sln:gmNazwa><sln:miejscIIPId>9c817dff-d643-4e1c-998f-0f86c2c51e69</sln:miejscIIPId><sln:miejscIIPPn>PL.PZGIK.200</sln:miejscIIPPn><sln:miejscIIPWersja>2016-11-24T13:46:02+02:00</sln:miejscIIPWersja><sln:miejscIdTeryt>0072749</sln:miejscIdTeryt><sln:miejscNIIPId>2566c537-a817-47f8-996c-06f92fabd2c4</sln:miejscNIIPId><sln:miejscNIIPPn>PL.PZGIK.200</sln:miejscNIIPPn><sln:miejscNIIPWersja>2016-11-24T13:29:31+02:00</sln:miejscNIIPWersja><sln:miejscNIdTeryt>0072710</sln:miejscNIdTeryt><sln:miejscNNazwa>Radocza</sln:miejscNNazwa><sln:miejscNRodzaj>Wieś</sln:miejscNRodzaj><sln:miejscNazwa>Góra</sln:miejscNazwa><sln:miejscRodzaj>Inny obiekt</sln:miejscRodzaj><sln:powIIPId>db2b392c-5d8b-4afe-ae75-bc6f563eeb80</sln:powIIPId><sln:powIIPPn>PL.PZGIK.200</sln:powIIPPn><sln:powIIPWersja>2012-09-27T07:52:01+02:00</sln:powIIPWersja><sln:powIdTeryt>1218</sln:powIdTeryt><sln:powNazwa>wadowicki</sln:powNazwa><sln:wojIIPId>dd2e3c64-f861-47cf-a3a3-e7751f272b2f</sln:wojIIPId><sln:wojIIPPn>PL.PZGIK.200</sln:wojIIPPn><sln:wojIIPWersja>2017-10-10T00:00:00+02:00</sln:wojIIPWersja><sln:wojIdTeryt>12</sln:wojIdTeryt><sln:wojNazwa>małopolskie</sln:wojNazwa></sln:miejscowosc><sln:miejscowosc><sln:cyklZyciaOd>2012-04-26T00:00:00+02:00</sln:cyklZyciaOd><sln:gmIIPId>229fc258-bc59-43e5-ba05-9c4310c3dce7</sln:gmIIPId><sln:gmIIPPn>PL.PZGIK.200</sln:gmIIPPn><sln:gmIIPWersja>2012-09-26T22:13:44+02:00</sln:gmIIPWersja><sln:gmIdTeryt>1218082</sln:gmIdTeryt><sln:gmNazwa>Tomice</sln:gmNazwa><sln:miejscIIPId>cf509dab-e977-4fd3-abc4-21f853893a11</sln:miejscIIPId><sln:miejscIIPPn>PL.PZGIK.200</sln:miejscIIPPn><sln:miejscIIPWersja>2016-11-24T13:46:02+02:00</sln:miejscIIPWersja><sln:miejscIdTeryt>0072732</sln:miejscIdTeryt><sln:miejscNIIPId>2566c537-a817-47f8-996c-06f92fabd2c4</sln:miejscNIIPId><sln:miejscNIIPPn>PL.PZGIK.200</sln:miejscNIIPPn><sln:miejscNIIPWersja>2016-11-24T13:29:31+02:00</sln:miejscNIIPWersja><sln:miejscNIdTeryt>0072710</sln:miejscNIdTeryt><sln:miejscNNazwa>Radocza</sln:miejscNNazwa><sln:miejscNRodzaj>Wieś</sln:miejscNRodzaj><sln:miejscNazwa>Dół</sln:miejscNazwa><sln:miejscRodzaj>Inny obiekt</sln:miejscRodzaj><sln:powIIPId>db2b392c-5d8b-4afe-ae75-bc6f563eeb80</sln:powIIPId><sln:powIIPPn>PL.PZGIK.200</sln:powIIPPn><sln:powIIPWersja>2012-09-27T07:52:01+02:00</sln:powIIPWersja><sln:powIdTeryt>1218</sln:powIdTeryt><sln:powNazwa>wadowicki</sln:powNazwa><sln:wojIIPId>dd2e3c64-f861-47cf-a3a3-e7751f272b2f</sln:wojIIPId><sln:wojIIPPn>PL.PZGIK.200</sln:wojIIPPn><sln:wojIIPWersja>2017-10-10T00:00:00+02:00</sln:wojIIPWersja><sln:wojIdTeryt>12</sln:wojIdTeryt><sln:wojNazwa>małopolskie</sln:wojNazwa></sln:miejscowosc><sln:miejscowosc><sln:cyklZyciaOd>2012-04-26T00:00:00+02:00</sln:cyklZyciaOd><sln:gmIIPId>229fc258-bc59-43e5-ba05-9c4310c3dce7</sln:gmIIPId><sln:gmIIPPn>PL.PZGIK.200</sln:gmIIPPn><sln:gmIIPWersja>2012-09-26T22:13:44+02:00</sln:gmIIPWersja><sln:gmIdTeryt>1218082</sln:gmIdTeryt><sln:gmNazwa>Tomice</sln:gmNazwa><sln:miejscIIPId>da02e192-f885-4a2d-a57d-d1e2cc28188e</sln:miejscIIPId><sln:miejscIIPPn>PL.PZGIK.200</sln:miejscIIPPn><sln:miejscIIPWersja>2016-11-24T13:46:02+02:00</sln:miejscIIPWersja><sln:miejscIdTeryt>0072761</sln:miejscIdTeryt><sln:miejscNIIPId>2566c537-a817-47f8-996c-06f92fabd2c4</sln:miejscNIIPId><sln:miejscNIIPPn>PL.PZGIK.200</sln:miejscNIIPPn><sln:miejscNIIPWersja>2016-11-24T13:29:31+02:00</sln:miejscNIIPWersja><sln:miejscNIdTeryt>0072710</sln:miejscNIdTeryt><sln:miejscNNazwa>Radocza</sln:miejscNNazwa><sln:miejscNRodzaj>Wieś</sln:miejscNRodzaj><sln:miejscNazwa>Ochentał</sln:miejscNazwa><sln:miejscRodzaj>Inny obiekt</sln:miejscRodzaj><sln:powIIPId>db2b392c-5d8b-4afe-ae75-bc6f563eeb80</sln:powIIPId><sln:powIIPPn>PL.PZGIK.200</sln:powIIPPn><sln:powIIPWersja>2012-09-27T07:52:01+02:00</sln:powIIPWersja><sln:powIdTeryt>1218</sln:powIdTeryt><sln:powNazwa>wadowicki</sln:powNazwa><sln:wojIIPId>dd2e3c64-f861-47cf-a3a3-e7751f272b2f</sln:wojIIPId><sln:wojIIPPn>PL.PZGIK.200</sln:wojIIPPn><sln:wojIIPWersja>2017-10-10T00:00:00+02:00</sln:wojIIPWersja><sln:wojIdTeryt>12</sln:wojIdTeryt><sln:wojNazwa>małopolskie</sln:wojNazwa></sln:miejscowosc><sln:miejscowosc><sln:cyklZyciaOd>2012-04-26T00:00:00+02:00</sln:cyklZyciaOd><sln:gmIIPId>229fc258-bc59-43e5-ba05-9c4310c3dce7</sln:gmIIPId><sln:gmIIPPn>PL.PZGIK.200</sln:gmIIPPn><sln:gmIIPWersja>2012-09-26T22:13:44+02:00</sln:gmIIPWersja><sln:gmIdTeryt>1218082</sln:gmIdTeryt><sln:gmNazwa>Tomice</sln:gmNazwa><sln:miejscIIPId>2149a7a9-b4ba-42a1-a9c4-35573d66615c</sln:miejscIIPId><sln:miejscIIPPn>PL.PZGIK.200</sln:miejscIIPPn><sln:miejscIIPWersja>2016-11-24T13:48:44+02:00</sln:miejscIIPWersja><sln:miejscIdTeryt>0072844</sln:miejscIdTeryt><sln:miejscNIIPId>eb94e0e5-317b-47ab-9ffc-052290592145</sln:miejscNIIPId><sln:miejscNIIPPn>PL.PZGIK.200</sln:miejscNIIPPn><sln:miejscNIIPWersja>2016-11-24T13:32:23+02:00</sln:miejscNIIPWersja><sln:miejscNIdTeryt>0072815</sln:miejscNIdTeryt><sln:miejscNNazwa>Tomice</sln:miejscNNazwa><sln:miejscNRodzaj>Wieś</sln:miejscNRodzaj><sln:miejscNazwa>Piekło</sln:miejscNazwa><sln:miejscRodzaj>Inny obiekt</sln:miejscRodzaj><sln:powIIPId>db2b392c-5d8b-4afe-ae75-bc6f563eeb80</sln:powIIPId><sln:powIIPPn>PL.PZGIK.200</sln:powIIPPn><sln:powIIPWersja>2012-09-27T07:52:01+02:00</sln:powIIPWersja><sln:powIdTeryt>1218</sln:powIdTeryt><sln:powNazwa>wadowicki</sln:powNazwa><sln:wojIIPId>dd2e3c64-f861-47cf-a3a3-e7751f272b2f</sln:wojIIPId><sln:wojIIPPn>PL.PZGIK.200</sln:wojIIPPn><sln:wojIIPWersja>2017-10-10T00:00:00+02:00</sln:wojIIPWersja><sln:wojIdTeryt>12</sln:wojIdTeryt><sln:wojNazwa>małopolskie</sln:wojNazwa></sln:miejscowosc><sln:miejscowosc><sln:cyklZyciaOd>2012-04-26T00:00:00+02:00</sln:cyklZyciaOd><sln:gmIIPId>229fc258-bc59-43e5-ba05-9c4310c3dce7</sln:gmIIPId><sln:gmIIPPn>PL.PZGIK.200</sln:gmIIPPn><sln:gmIIPWersja>2012-09-26T22:13:44+02:00</sln:gmIIPWersja><sln:gmIdTeryt>1218082</sln:gmIdTeryt><sln:gmNazwa>Tomice</sln:gmNazwa><sln:miejscIIPId>fc4b7952-3291-42ac-87ce-4eb117663a18</sln:miejscIIPId><sln:miejscIIPPn>PL.PZGIK.200</sln:miejscIIPPn><sln:miejscIIPWersja>2016-11-24T13:48:44+02:00</sln:miejscIIPWersja><sln:miejscIdTeryt>0072850</sln:miejscIdTeryt><sln:miejscNIIPId>eb94e0e5-317b-47ab-9ffc-052290592145</sln:miejscNIIPId><sln:miejscNIIPPn>PL.PZGIK.200</sln:miejscNIIPPn><sln:miejscNIIPWersja>2016-11-24T13:32:23+02:00</sln:miejscNIIPWersja><sln:miejscNIdTeryt>0072815</sln:miejscNIdTeryt><sln:miejscNNazwa>Tomice</sln:miejscNNazwa><sln:miejscNRodzaj>Wieś</sln:miejscNRodzaj><sln:miejscNazwa>Podlesie</sln:miejscNazwa><sln:miejscRodzaj>Inny obiekt</sln:miejscRodzaj><sln:powIIPId>db2b392c-5d8b-4afe-ae75-bc6f563eeb80</sln:powIIPId><sln:powIIPPn>PL.PZGIK.200</sln:powIIPPn><sln:powIIPWersja>2012-09-27T07:52:01+02:00</sln:powIIPWersja><sln:powIdTeryt>1218</sln:powIdTeryt><sln:powNazwa>wadowicki</sln:powNazwa><sln:wojIIPId>dd2e3c64-f861-47cf-a3a3-e7751f272b2f</sln:wojIIPId><sln:wojIIPPn>PL.PZGIK.200</sln:wojIIPPn><sln:wojIIPWersja>2017-10-10T00:00:00+02:00</sln:wojIIPWersja><sln:wojIdTeryt>12</sln:wojIdTeryt><sln:wojNazwa>małopolskie</sln:wojNazwa></sln:miejscowosc><sln:miejscowosc><sln:cyklZyciaOd>2012-04-26T00:00:00+02:00</sln:cyklZyciaOd><sln:gmIIPId>229fc258-bc59-43e5-ba05-9c4310c3dce7</sln:gmIIPId><sln:gmIIPPn>PL.PZGIK.200</sln:gmIIPPn><sln:gmIIPWersja>2012-09-26T22:13:44+02:00</sln:gmIIPWersja><sln:gmIdTeryt>1218082</sln:gmIdTeryt><sln:gmNazwa>Tomice</sln:gmNazwa><sln:miejscIIPId>6959767a-38ce-4234-8224-8c546704bd43</sln:miejscIIPId><sln:miejscIIPPn>PL.PZGIK.200</sln:miejscIIPPn><sln:miejscIIPWersja>2016-11-24T13:48:44+02:00</sln:miejscIIPWersja><sln:miejscIdTeryt>0072867</sln:miejscIdTeryt><sln:miejscNIIPId>eb94e0e5-317b-47ab-9ffc-052290592145</sln:miejscNIIPId><sln:miejscNIIPPn>PL.PZGIK.200</sln:miejscNIIPPn><sln:miejscNIIPWersja>2016-11-24T13:32:23+02:00</sln:miejscNIIPWersja><sln:miejscNIdTeryt>0072815</sln:miejscNIdTeryt><sln:miejscNNazwa>Tomice</sln:miejscNNazwa><sln:miejscNRodzaj>Wieś</sln:miejscNRodzaj><sln:miejscNazwa>Rzyczki</sln:miejscNazwa><sln:miejscRodzaj>Inny obiekt</sln:miejscRodzaj><sln:powIIPId>db2b392c-5d8b-4afe-ae75-bc6f563eeb80</sln:powIIPId><sln:powIIPPn>PL.PZGIK.200</sln:powIIPPn><sln:powIIPWersja>2012-09-27T07:52:01+02:00</sln:powIIPWersja><sln:powIdTeryt>1218</sln:powIdTeryt><sln:powNazwa>wadowicki</sln:powNazwa><sln:wojIIPId>dd2e3c64-f861-47cf-a3a3-e7751f272b2f</sln:wojIIPId><sln:wojIIPPn>PL.PZGIK.200</sln:wojIIPPn><sln:wojIIPWersja>2017-10-10T00:00:00+02:00</sln:wojIIPWersja><sln:wojIdTeryt>12</sln:wojIdTeryt><sln:wojNazwa>małopolskie</sln:wojNazwa></sln:miejscowosc><sln:miejscowosc><sln:cyklZyciaOd>2012-04-26T00:00:00+02:00</sln:cyklZyciaOd><sln:gmIIPId>229fc258-bc59-43e5-ba05-9c4310c3dce7</sln:gmIIPId><sln:gmIIPPn>PL.PZGIK.200</sln:gmIIPPn><sln:gmIIPWersja>2012-09-26T22:13:44+02:00</sln:gmIIPWersja><sln:gmIdTeryt>1218082</sln:gmIdTeryt><sln:gmNazwa>Tomice</sln:gmNazwa><sln:miejscIIPId>b999315d-5127-44cd-9a32-5f306674343c</sln:miejscIIPId><sln:miejscIIPPn>PL.PZGIK.200</sln:miejscIIPPn><sln:miejscIIPWersja>2016-11-24T13:48:44+02:00</sln:miejscIIPWersja><sln:miejscIdTeryt>0072873</sln:miejscIdTeryt><sln:miejscNIIPId>eb94e0e5-317b-47ab-9ffc-052290592145</sln:miejscNIIPId><sln:miejscNIIPPn>PL.PZGIK.200</sln:miejscNIIPPn><sln:miejscNIIPWersja>2016-11-24T13:32:23+02:00</sln:miejscNIIPWersja><sln:miejscNIdTeryt>0072815</sln:miejscNIdTeryt><sln:miejscNNazwa>Tomice</sln:miejscNNazwa><sln:miejscNRodzaj>Wieś</sln:miejscNRodzaj><sln:miejscNazwa>Trybulec</sln:miejscNazwa><sln:miejscRodzaj>Inny obiekt</sln:miejscRodzaj><sln:powIIPId>db2b392c-5d8b-4afe-ae75-bc6f563eeb80</sln:powIIPId><sln:powIIPPn>PL.PZGIK.200</sln:powIIPPn><sln:powIIPWersja>2012-09-27T07:52:01+02:00</sln:powIIPWersja><sln:powIdTeryt>1218</sln:powIdTeryt><sln:powNazwa>wadowicki</sln:powNazwa><sln:wojIIPId>dd2e3c64-f861-47cf-a3a3-e7751f272b2f</sln:wojIIPId><sln:wojIIPPn>PL.PZGIK.200</sln:wojIIPPn><sln:wojIIPWersja>2017-10-10T00:00:00+02:00</sln:wojIIPWersja><sln:wojIdTeryt>12</sln:wojIdTeryt><sln:wojNazwa>małopolskie</sln:wojNazwa></sln:miejscowosc><sln:miejscowosc><sln:cyklZyciaOd>2012-04-26T00:00:00+02:00</sln:cyklZyciaOd><sln:gmIIPId>229fc258-bc59-43e5-ba05-9c4310c3dce7</sln:gmIIPId><sln:gmIIPPn>PL.PZGIK.200</sln:gmIIPPn><sln:gmIIPWersja>2012-09-26T22:13:44+02:00</sln:gmIIPWersja><sln:gmIdTeryt>1218082</sln:gmIdTeryt><sln:gmNazwa>Tomice</sln:gmNazwa><sln:miejscIIPId>1c15a3c5-00c1-442a-a2d2-c5e5f35b18b1</sln:miejscIIPId><sln:miejscIIPPn>PL.PZGIK.200</sln:miejscIIPPn><sln:miejscIIPWersja>2016-11-24T13:48:44+02:00</sln:miejscIIPWersja><sln:miejscIdTeryt>0072880</sln:miejscIdTeryt><sln:miejscNIIPId>eb94e0e5-317b-47ab-9ffc-052290592145</sln:miejscNIIPId><sln:miejscNIIPPn>PL.PZGIK.200</sln:miejscNIIPPn><sln:miejscNIIPWersja>2016-11-24T13:32:23+02:00</sln:miejscNIIPWersja><sln:miejscNIdTeryt>0072815</sln:miejscNIdTeryt><sln:miejscNNazwa>Tomice</sln:miejscNNazwa><sln:miejscNRodzaj>Wieś</sln:miejscNRodzaj><sln:miejscNazwa>Wilkowice</sln:miejscNazwa><sln:miejscRodzaj>Inny obiekt</sln:miejscRodzaj><sln:powIIPId>db2b392c-5d8b-4afe-ae75-bc6f563eeb80</sln:powIIPId><sln:powIIPPn>PL.PZGIK.200</sln:powIIPPn><sln:powIIPWersja>2012-09-27T07:52:01+02:00</sln:powIIPWersja><sln:powIdTeryt>1218</sln:powIdTeryt><sln:powNazwa>wadowicki</sln:powNazwa><sln:wojIIPId>dd2e3c64-f861-47cf-a3a3-e7751f272b2f</sln:wojIIPId><sln:wojIIPPn>PL.PZGIK.200</sln:wojIIPPn><sln:wojIIPWersja>2017-10-10T00:00:00+02:00</sln:wojIIPWersja><sln:wojIdTeryt>12</sln:wojIdTeryt><sln:wojNazwa>małopolskie</sln:wojNazwa></sln:miejscowosc><sln:miejscowosc><sln:cyklZyciaOd>2012-04-26T00:00:00+02:00</sln:cyklZyciaOd><sln:gmIIPId>229fc258-bc59-43e5-ba05-9c4310c3dce7</sln:gmIIPId><sln:gmIIPPn>PL.PZGIK.200</sln:gmIIPPn><sln:gmIIPWersja>2012-09-26T22:13:44+02:00</sln:gmIIPWersja><sln:gmIdTeryt>1218082</sln:gmIdTeryt><sln:gmNazwa>Tomice</sln:gmNazwa><sln:miejscIIPId>fd0374fa-acd0-49c6-b9b1-683105e44fd3</sln:miejscIIPId><sln:miejscIIPPn>PL.PZGIK.200</sln:miejscIIPPn><sln:miejscIIPWersja>2016-11-24T13:48:44+02:00</sln:miejscIIPWersja><sln:miejscIdTeryt>0072821</sln:miejscIdTeryt><sln:miejscNIIPId>eb94e0e5-317b-47ab-9ffc-052290592145</sln:miejscNIIPId><sln:miejscNIIPPn>PL.PZGIK.200</sln:miejscNIIPPn><sln:miejscNIIPWersja>2016-11-24T13:32:23+02:00</sln:miejscNIIPWersja><sln:miejscNIdTeryt>0072815</sln:miejscNIdTeryt><sln:miejscNNazwa>Tomice</sln:miejscNNazwa><sln:miejscNRodzaj>Wieś</sln:miejscNRodzaj><sln:miejscNazwa>Łęg</sln:miejscNazwa><sln:miejscRodzaj>Inny obiekt</sln:miejscRodzaj><sln:powIIPId>db2b392c-5d8b-4afe-ae75-bc6f563eeb80</sln:powIIPId><sln:powIIPPn>PL.PZGIK.200</sln:powIIPPn><sln:powIIPWersja>2012-09-27T07:52:01+02:00</sln:powIIPWersja><sln:powIdTeryt>1218</sln:powIdTeryt><sln:powNazwa>wadowicki</sln:powNazwa><sln:wojIIPId>dd2e3c64-f861-47cf-a3a3-e7751f272b2f</sln:wojIIPId><sln:wojIIPPn>PL.PZGIK.200</sln:wojIIPPn><sln:wojIIPWersja>2017-10-10T00:00:00+02:00</sln:wojIIPWersja><sln:wojIdTeryt>12</sln:wojIdTeryt><sln:wojNazwa>małopolskie</sln:wojNazwa></sln:miejscowosc><sln:miejscowosc><sln:cyklZyciaOd>2012-04-26T00:00:00+02:00</sln:cyklZyciaOd><sln:gmIIPId>229fc258-bc59-43e5-ba05-9c4310c3dce7</sln:gmIIPId><sln:gmIIPPn>PL.PZGIK.200</sln:gmIIPPn><sln:gmIIPWersja>2012-09-26T22:13:44+02:00</sln:gmIIPWersja><sln:gmIdTeryt>1218082</sln:gmIdTeryt><sln:gmNazwa>Tomice</sln:gmNazwa><sln:miejscIIPId>7db8f711-5caf-4cc7-b344-4b66ccc5f9cd</sln:miejscIIPId><sln:miejscIIPPn>PL.PZGIK.200</sln:miejscIIPPn><sln:miejscIIPWersja>2016-11-24T13:48:44+02:00</sln:miejscIIPWersja><sln:miejscIdTeryt>0072838</sln:miejscIdTeryt><sln:miejscNIIPId>eb94e0e5-317b-47ab-9ffc-052290592145</sln:miejscNIIPId><sln:miejscNIIPPn>PL.PZGIK.200</sln:miejscNIIPPn><sln:miejscNIIPWersja>2016-11-24T13:32:23+02:00</sln:miejscNIIPWersja><sln:miejscNIdTeryt>0072815</sln:miejscNIdTeryt><sln:miejscNNazwa>Tomice</sln:miejscNNazwa><sln:miejscNRodzaj>Wieś</sln:miejscNRodzaj><sln:miejscNazwa>Patryja</sln:miejscNazwa><sln:miejscRodzaj>Inny obiekt</sln:miejscRodzaj><sln:powIIPId>db2b392c-5d8b-4afe-ae75-bc6f563eeb80</sln:powIIPId><sln:powIIPPn>PL.PZGIK.200</sln:powIIPPn><sln:powIIPWersja>2012-09-27T07:52:01+02:00</sln:powIIPWersja><sln:powIdTeryt>1218</sln:powIdTeryt><sln:powNazwa>wadowicki</sln:powNazwa><sln:wojIIPId>dd2e3c64-f861-47cf-a3a3-e7751f272b2f</sln:wojIIPId><sln:wojIIPPn>PL.PZGIK.200</sln:wojIIPPn><sln:wojIIPWersja>2017-10-10T00:00:00+02:00</sln:wojIIPWersja><sln:wojIdTeryt>12</sln:wojIdTeryt><sln:wojNazwa>małopolskie</sln:wojNazwa></sln:miejscowosc><sln:miejscowosc><sln:cyklZyciaOd>2012-04-26T00:00:00+02:00</sln:cyklZyciaOd><sln:gmIIPId>229fc258-bc59-43e5-ba05-9c4310c3dce7</sln:gmIIPId><sln:gmIIPPn>PL.PZGIK.200</sln:gmIIPPn><sln:gmIIPWersja>2012-09-26T22:13:44+02:00</sln:gmIIPWersja><sln:gmIdTeryt>1218082</sln:gmIdTeryt><sln:gmNazwa>Tomice</sln:gmNazwa><sln:miejscIIPId>20a030a5-1de4-4dcb-8c5e-7df7a99978aa</sln:miejscIIPId><sln:miejscIIPPn>PL.PZGIK.200</sln:miejscIIPPn><sln:miejscIIPWersja>2016-11-24T13:50:10+02:00</sln:miejscIIPWersja><sln:miejscIdTeryt>0072962</sln:miejscIdTeryt><sln:miejscNIIPId>2147c920-1cb2-49ef-b7df-91a6e68061c2</sln:miejscNIIPId><sln:miejscNIIPPn>PL.PZGIK.200</sln:miejscNIIPPn><sln:miejscNIIPWersja>2016-11-24T13:33:25+02:00</sln:miejscNIIPWersja><sln:miejscNIdTeryt>0072896</sln:miejscNIdTeryt><sln:miejscNNazwa>Witanowice</sln:miejscNNazwa><sln:miejscNRodzaj>Wieś</sln:miejscNRodzaj><sln:miejscNazwa>Radwany</sln:miejscNazwa><sln:miejscRodzaj>Inny obiekt</sln:miejscRodzaj><sln:powIIPId>db2b392c-5d8b-4afe-ae75-bc6f563eeb80</sln:powIIPId><sln:powIIPPn>PL.PZGIK.200</sln:powIIPPn><sln:powIIPWersja>2012-09-27T07:52:01+02:00</sln:powIIPWersja><sln:powIdTeryt>1218</sln:powIdTeryt><sln:powNazwa>wadowicki</sln:powNazwa><sln:wojIIPId>dd2e3c64-f861-47cf-a3a3-e7751f272b2f</sln:wojIIPId><sln:wojIIPPn>PL.PZGIK.200</sln:wojIIPPn><sln:wojIIPWersja>2017-10-10T00:00:00+02:00</sln:wojIIPWersja><sln:wojIdTeryt>12</sln:wojIdTeryt><sln:wojNazwa>małopolskie</sln:wojNazwa></sln:miejscowosc><sln:miejscowosc><sln:cyklZyciaOd>2012-04-26T00:00:00+02:00</sln:cyklZyciaOd><sln:gmIIPId>229fc258-bc59-43e5-ba05-9c4310c3dce7</sln:gmIIPId><sln:gmIIPPn>PL.PZGIK.200</sln:gmIIPPn><sln:gmIIPWersja>2012-09-26T22:13:44+02:00</sln:gmIIPWersja><sln:gmIdTeryt>1218082</sln:gmIdTeryt><sln:gmNazwa>Tomice</sln:gmNazwa><sln:miejscIIPId>962299fe-fafa-4c72-bad4-585a405bfa89</sln:miejscIIPId><sln:miejscIIPPn>PL.PZGIK.200</sln:miejscIIPPn><sln:miejscIIPWersja>2016-11-24T13:50:10+02:00</sln:miejscIIPWersja><sln:miejscIdTeryt>0072979</sln:miejscIdTeryt><sln:miejscNIIPId>2147c920-1cb2-49ef-b7df-91a6e68061c2</sln:miejscNIIPId><sln:miejscNIIPPn>PL.PZGIK.200</sln:miejscNIIPPn><sln:miejscNIIPWersja>2016-11-24T13:33:25+02:00</sln:miejscNIIPWersja><sln:miejscNIdTeryt>0072896</sln:miejscNIdTeryt><sln:miejscNNazwa>Witanowice</sln:miejscNNazwa><sln:miejscNRodzaj>Wieś</sln:miejscNRodzaj><sln:miejscNazwa>Wieńce</sln:miejscNazwa><sln:miejscRodzaj>Inny obiekt</sln:miejscRodzaj><sln:powIIPId>db2b392c-5d8b-4afe-ae75-bc6f563eeb80</sln:powIIPId><sln:powIIPPn>PL.PZGIK.200</sln:powIIPPn><sln:powIIPWersja>2012-09-27T07:52:01+02:00</sln:powIIPWersja><sln:powIdTeryt>1218</sln:powIdTeryt><sln:powNazwa>wadowicki</sln:powNazwa><sln:wojIIPId>dd2e3c64-f861-47cf-a3a3-e7751f272b2f</sln:wojIIPId><sln:wojIIPPn>PL.PZGIK.200</sln:wojIIPPn><sln:wojIIPWersja>2017-10-10T00:00:00+02:00</sln:wojIIPWersja><sln:wojIdTeryt>12</sln:wojIdTeryt><sln:wojNazwa>małopolskie</sln:wojNazwa></sln:miejscowosc><sln:miejscowosc><sln:cyklZyciaOd>2012-04-26T00:00:00+02:00</sln:cyklZyciaOd><sln:gmIIPId>229fc258-bc59-43e5-ba05-9c4310c3dce7</sln:gmIIPId><sln:gmIIPPn>PL.PZGIK.200</sln:gmIIPPn><sln:gmIIPWersja>2012-09-26T22:13:44+02:00</sln:gmIIPWersja><sln:gmIdTeryt>1218082</sln:gmIdTeryt><sln:gmNazwa>Tomice</sln:gmNazwa><sln:miejscIIPId>71001381-d06d-4844-8e97-84e2dd73d7c5</sln:miejscIIPId><sln:miejscIIPPn>PL.PZGIK.200</sln:miejscIIPPn><sln:miejscIIPWersja>2016-11-24T13:50:10+02:00</sln:miejscIIPWersja><sln:miejscIdTeryt>0072985</sln:miejscIdTeryt><sln:miejscNIIPId>2147c920-1cb2-49ef-b7df-91a6e68061c2</sln:miejscNIIPId><sln:miejscNIIPPn>PL.PZGIK.200</sln:miejscNIIPPn><sln:miejscNIIPWersja>2016-11-24T13:33:25+02:00</sln:miejscNIIPWersja><sln:miejscNIdTeryt>0072896</sln:miejscNIdTeryt><sln:miejscNNazwa>Witanowice</sln:miejscNNazwa><sln:miejscNRodzaj>Wieś</sln:miejscNRodzaj><sln:miejscNazwa>Zagórze</sln:miejscNazwa><sln:miejscRodzaj>Inny obiekt</sln:miejscRodzaj><sln:powIIPId>db2b392c-5d8b-4afe-ae75-bc6f563eeb80</sln:powIIPId><sln:powIIPPn>PL.PZGIK.200</sln:powIIPPn><sln:powIIPWersja>2012-09-27T07:52:01+02:00</sln:powIIPWersja><sln:powIdTeryt>1218</sln:powIdTeryt><sln:powNazwa>wadowicki</sln:powNazwa><sln:wojIIPId>dd2e3c64-f861-47cf-a3a3-e7751f272b2f</sln:wojIIPId><sln:wojIIPPn>PL.PZGIK.200</sln:wojIIPPn><sln:wojIIPWersja>2017-10-10T00:00:00+02:00</sln:wojIIPWersja><sln:wojIdTeryt>12</sln:wojIdTeryt><sln:wojNazwa>małopolskie</sln:wojNazwa></sln:miejscowosc><sln:miejscowosc><sln:cyklZyciaOd>2012-04-26T00:00:00+02:00</sln:cyklZyciaOd><sln:gmIIPId>229fc258-bc59-43e5-ba05-9c4310c3dce7</sln:gmIIPId><sln:gmIIPPn>PL.PZGIK.200</sln:gmIIPPn><sln:gmIIPWersja>2012-09-26T22:13:44+02:00</sln:gmIIPWersja><sln:gmIdTeryt>1218082</sln:gmIdTeryt><sln:gmNazwa>Tomice</sln:gmNazwa><sln:miejscIIPId>8e1c8aa3-f8e7-46c9-b50e-0e815b942f09</sln:miejscIIPId><sln:miejscIIPPn>PL.PZGIK.200</sln:miejscIIPPn><sln:miejscIIPWersja>2016-11-24T13:50:10+02:00</sln:miejscIIPWersja><sln:miejscIdTeryt>0072956</sln:miejscIdTeryt><sln:miejscNIIPId>2147c920-1cb2-49ef-b7df-91a6e68061c2</sln:miejscNIIPId><sln:miejscNIIPPn>PL.PZGIK.200</sln:miejscNIIPPn><sln:miejscNIIPWersja>2016-11-24T13:33:25+02:00</sln:miejscNIIPWersja><sln:miejscNIdTeryt>0072896</sln:miejscNIdTeryt><sln:miejscNNazwa>Witanowice</sln:miejscNNazwa><sln:miejscNRodzaj>Wieś</sln:miejscNRodzaj><sln:miejscNazwa>Pagór</sln:miejscNazwa><sln:miejscRodzaj>Inny obiekt</sln:miejscRodzaj><sln:powIIPId>db2b392c-5d8b-4afe-ae75-bc6f563eeb80</sln:powIIPId><sln:powIIPPn>PL.PZGIK.200</sln:powIIPPn><sln:powIIPWersja>2012-09-27T07:52:01+02:00</sln:powIIPWersja><sln:powIdTeryt>1218</sln:powIdTeryt><sln:powNazwa>wadowicki</sln:powNazwa><sln:wojIIPId>dd2e3c64-f861-47cf-a3a3-e7751f272b2f</sln:wojIIPId><sln:wojIIPPn>PL.PZGIK.200</sln:wojIIPPn><sln:wojIIPWersja>2017-10-10T00:00:00+02:00</sln:wojIIPWersja><sln:wojIdTeryt>12</sln:wojIdTeryt><sln:wojNazwa>małopolskie</sln:wojNazwa></sln:miejscowosc><sln:miejscowosc><sln:cyklZyciaOd>2012-04-26T00:00:00+02:00</sln:cyklZyciaOd><sln:gmIIPId>229fc258-bc59-43e5-ba05-9c4310c3dce7</sln:gmIIPId><sln:gmIIPPn>PL.PZGIK.200</sln:gmIIPPn><sln:gmIIPWersja>2012-09-26T22:13:44+02:00</sln:gmIIPWersja><sln:gmIdTeryt>1218082</sln:gmIdTeryt><sln:gmNazwa>Tomice</sln:gmNazwa><sln:miejscIIPId>e893df63-b57b-4713-8ad2-6a7b91236b99</sln:miejscIIPId><sln:miejscIIPPn>PL.PZGIK.200</sln:miejscIIPPn><sln:miejscIIPWersja>2016-11-24T13:50:10+02:00</sln:miejscIIPWersja><sln:miejscIdTeryt>0072933</sln:miejscIdTeryt><sln:miejscNIIPId>2147c920-1cb2-49ef-b7df-91a6e68061c2</sln:miejscNIIPId><sln:miejscNIIPPn>PL.PZGIK.200</sln:miejscNIIPPn><sln:miejscNIIPWersja>2016-11-24T13:33:25+02:00</sln:miejscNIIPWersja><sln:miejscNIdTeryt>0072896</sln:miejscNIdTeryt><sln:miejscNNazwa>Witanowice</sln:miejscNNazwa><sln:miejscNRodzaj>Wieś</sln:miejscNRodzaj><sln:miejscNazwa>Nawsie</sln:miejscNazwa><sln:miejscRodzaj>Inny obiekt</sln:miejscRodzaj><sln:powIIPId>db2b392c-5d8b-4afe-ae75-bc6f563eeb80</sln:powIIPId><sln:powIIPPn>PL.PZGIK.200</sln:powIIPPn><sln:powIIPWersja>2012-09-27T07:52:01+02:00</sln:powIIPWersja><sln:powIdTeryt>1218</sln:powIdTeryt><sln:powNazwa>wadowicki</sln:powNazwa><sln:wojIIPId>dd2e3c64-f861-47cf-a3a3-e7751f272b2f</sln:wojIIPId><sln:wojIIPPn>PL.PZGIK.200</sln:wojIIPPn><sln:wojIIPWersja>2017-10-10T00:00:00+02:00</sln:wojIIPWersja><sln:wojIdTeryt>12</sln:wojIdTeryt><sln:wojNazwa>małopolskie</sln:wojNazwa></sln:miejscowosc><sln:miejscowosc><sln:cyklZyciaOd>2012-04-26T00:00:00+02:00</sln:cyklZyciaOd><sln:gmIIPId>229fc258-bc59-43e5-ba05-9c4310c3dce7</sln:gmIIPId><sln:gmIIPPn>PL.PZGIK.200</sln:gmIIPPn><sln:gmIIPWersja>2012-09-26T22:13:44+02:00</sln:gmIIPWersja><sln:gmIdTeryt>1218082</sln:gmIdTeryt><sln:gmNazwa>Tomice</sln:gmNazwa><sln:miejscIIPId>99d3ed19-0f76-46cb-9faf-3feae38847f1</sln:miejscIIPId><sln:miejscIIPPn>PL.PZGIK.200</sln:miejscIIPPn><sln:miejscIIPWersja>2016-11-24T13:50:10+02:00</sln:miejscIIPWersja><sln:miejscIdTeryt>0072910</sln:miejscIdTeryt><sln:miejscNIIPId>2147c920-1cb2-49ef-b7df-91a6e68061c2</sln:miejscNIIPId><sln:miejscNIIPPn>PL.PZGIK.200</sln:miejscNIIPPn><sln:miejscNIIPWersja>2016-11-24T13:33:25+02:00</sln:miejscNIIPWersja><sln:miejscNIdTeryt>0072896</sln:miejscNIdTeryt><sln:miejscNNazwa>Witanowice</sln:miejscNNazwa><sln:miejscNRodzaj>Wieś</sln:miejscNRodzaj><sln:miejscNazwa>Dział</sln:miejscNazwa><sln:miejscRodzaj>Inny obiekt</sln:miejscRodzaj><sln:powIIPId>db2b392c-5d8b-4afe-ae75-bc6f563eeb80</sln:powIIPId><sln:powIIPPn>PL.PZGIK.200</sln:powIIPPn><sln:powIIPWersja>2012-09-27T07:52:01+02:00</sln:powIIPWersja><sln:powIdTeryt>1218</sln:powIdTeryt><sln:powNazwa>wadowicki</sln:powNazwa><sln:wojIIPId>dd2e3c64-f861-47cf-a3a3-e7751f272b2f</sln:wojIIPId><sln:wojIIPPn>PL.PZGIK.200</sln:wojIIPPn><sln:wojIIPWersja>2017-10-10T00:00:00+02:00</sln:wojIIPWersja><sln:wojIdTeryt>12</sln:wojIdTeryt><sln:wojNazwa>małopolskie</sln:wojNazwa></sln:miejscowosc><sln:miejscowosc><sln:cyklZyciaOd>2012-04-26T00:00:00+02:00</sln:cyklZyciaOd><sln:gmIIPId>229fc258-bc59-43e5-ba05-9c4310c3dce7</sln:gmIIPId><sln:gmIIPPn>PL.PZGIK.200</sln:gmIIPPn><sln:gmIIPWersja>2012-09-26T22:13:44+02:00</sln:gmIIPWersja><sln:gmIdTeryt>1218082</sln:gmIdTeryt><sln:gmNazwa>Tomice</sln:gmNazwa><sln:miejscIIPId>88deb86e-785b-4b29-aa58-610c64308e8e</sln:miejscIIPId><sln:miejscIIPPn>PL.PZGIK.200</sln:miejscIIPPn><sln:miejscIIPWersja>2016-11-24T13:50:10+02:00</sln:miejscIIPWersja><sln:miejscIdTeryt>0072940</sln:miejscIdTeryt><sln:miejscNIIPId>2147c920-1cb2-49ef-b7df-91a6e68061c2</sln:miejscNIIPId><sln:miejscNIIPPn>PL.PZGIK.200</sln:miejscNIIPPn><sln:miejscNIIPWersja>2016-11-24T13:33:25+02:00</sln:miejscNIIPWersja><sln:miejscNIdTeryt>0072896</sln:miejscNIdTeryt><sln:miejscNNazwa>Witanowice</sln:miejscNNazwa><sln:miejscNRodzaj>Wieś</sln:miejscNRodzaj><sln:miejscNazwa>Nowy Świat</sln:miejscNazwa><sln:miejscRodzaj>Inny obiekt</sln:miejscRodzaj><sln:powIIPId>db2b392c-5d8b-4afe-ae75-bc6f563eeb80</sln:powIIPId><sln:powIIPPn>PL.PZGIK.200</sln:powIIPPn><sln:powIIPWersja>2012-09-27T07:52:01+02:00</sln:powIIPWersja><sln:powIdTeryt>1218</sln:powIdTeryt><sln:powNazwa>wadowicki</sln:powNazwa><sln:wojIIPId>dd2e3c64-f861-47cf-a3a3-e7751f272b2f</sln:wojIIPId><sln:wojIIPPn>PL.PZGIK.200</sln:wojIIPPn><sln:wojIIPWersja>2017-10-10T00:00:00+02:00</sln:wojIIPWersja><sln:wojIdTeryt>12</sln:wojIdTeryt><sln:wojNazwa>małopolskie</sln:wojNazwa></sln:miejscowosc><sln:miejscowosc><sln:cyklZyciaOd>2012-04-26T00:00:00+02:00</sln:cyklZyciaOd><sln:gmIIPId>229fc258-bc59-43e5-ba05-9c4310c3dce7</sln:gmIIPId><sln:gmIIPPn>PL.PZGIK.200</sln:gmIIPPn><sln:gmIIPWersja>2012-09-26T22:13:44+02:00</sln:gmIIPWersja><sln:gmIdTeryt>1218082</sln:gmIdTeryt><sln:gmNazwa>Tomice</sln:gmNazwa><sln:miejscIIPId>010f7748-8c96-40d3-a70f-323f8062a7a0</sln:miejscIIPId><sln:miejscIIPPn>PL.PZGIK.200</sln:miejscIIPPn><sln:miejscIIPWersja>2016-11-24T13:50:10+02:00</sln:miejscIIPWersja><sln:miejscIdTeryt>0072904</sln:miejscIdTeryt><sln:miejscNIIPId>2147c920-1cb2-49ef-b7df-91a6e68061c2</sln:miejscNIIPId><sln:miejscNIIPPn>PL.PZGIK.200</sln:miejscNIIPPn><sln:miejscNIIPWersja>2016-11-24T13:33:25+02:00</sln:miejscNIIPWersja><sln:miejscNIdTeryt>0072896</sln:miejscNIdTeryt><sln:miejscNNazwa>Witanowice</sln:miejscNNazwa><sln:miejscNRodzaj>Wieś</sln:miejscNRodzaj><sln:miejscNazwa>Dalachówka</sln:miejscNazwa><sln:miejscRodzaj>Inny obiekt</sln:miejscRodzaj><sln:powIIPId>db2b392c-5d8b-4afe-ae75-bc6f563eeb80</sln:powIIPId><sln:powIIPPn>PL.PZGIK.200</sln:powIIPPn><sln:powIIPWersja>2012-09-27T07:52:01+02:00</sln:powIIPWersja><sln:powIdTeryt>1218</sln:powIdTeryt><sln:powNazwa>wadowicki</sln:powNazwa><sln:wojIIPId>dd2e3c64-f861-47cf-a3a3-e7751f272b2f</sln:wojIIPId><sln:wojIIPPn>PL.PZGIK.200</sln:wojIIPPn><sln:wojIIPWersja>2017-10-10T00:00:00+02:00</sln:wojIIPWersja><sln:wojIdTeryt>12</sln:wojIdTeryt><sln:wojNazwa>małopolskie</sln:wojNazwa></sln:miejscowosc><sln:miejscowosc><sln:cyklZyciaOd>2012-04-26T00:00:00+02:00</sln:cyklZyciaOd><sln:gmIIPId>229fc258-bc59-43e5-ba05-9c4310c3dce7</sln:gmIIPId><sln:gmIIPPn>PL.PZGIK.200</sln:gmIIPPn><sln:gmIIPWersja>2012-09-26T22:13:44+02:00</sln:gmIIPWersja><sln:gmIdTeryt>1218082</sln:gmIdTeryt><sln:gmNazwa>Tomice</sln:gmNazwa><sln:miejscIIPId>bc0cf2d7-5419-4670-9974-407f6976d868</sln:miejscIIPId><sln:miejscIIPPn>PL.PZGIK.200</sln:miejscIIPPn><sln:miejscIIPWersja>2016-11-24T13:50:10+02:00</sln:miejscIIPWersja><sln:miejscIdTeryt>0072927</sln:miejscIdTeryt><sln:miejscNIIPId>2147c920-1cb2-49ef-b7df-91a6e68061c2</sln:miejscNIIPId><sln:miejscNIIPPn>PL.PZGIK.200</sln:miejscNIIPPn><sln:miejscNIIPWersja>2016-11-24T13:33:25+02:00</sln:miejscNIIPWersja><sln:miejscNIdTeryt>0072896</sln:miejscNIdTeryt><sln:miejscNNazwa>Witanowice</sln:miejscNNazwa><sln:miejscNRodzaj>Wieś</sln:miejscNRodzaj><sln:miejscNazwa>Folwark</sln:miejscNazwa><sln:miejscRodzaj>Inny obiekt</sln:miejscRodzaj><sln:powIIPId>db2b392c-5d8b-4afe-ae75-bc6f563eeb80</sln:powIIPId><sln:powIIPPn>PL.PZGIK.200</sln:powIIPPn><sln:powIIPWersja>2012-09-27T07:52:01+02:00</sln:powIIPWersja><sln:powIdTeryt>1218</sln:powIdTeryt><sln:powNazwa>wadowicki</sln:powNazwa><sln:wojIIPId>dd2e3c64-f861-47cf-a3a3-e7751f272b2f</sln:wojIIPId><sln:wojIIPPn>PL.PZGIK.200</sln:wojIIPPn><sln:wojIIPWersja>2017-10-10T00:00:00+02:00</sln:wojIIPWersja><sln:wojIdTeryt>12</sln:wojIdTeryt><sln:wojNazwa>małopolskie</sln:wojNazwa></sln:miejscowosc><sln:miejscowosc><sln:cyklZyciaOd>2012-04-26T00:00:00+02:00</sln:cyklZyciaOd><sln:gmIIPId>229fc258-bc59-43e5-ba05-9c4310c3dce7</sln:gmIIPId><sln:gmIIPPn>PL.PZGIK.200</sln:gmIIPPn><sln:gmIIPWersja>2012-09-26T22:13:44+02:00</sln:gmIIPWersja><sln:gmIdTeryt>1218082</sln:gmIdTeryt><sln:gmNazwa>Tomice</sln:gmNazwa><sln:miejscIIPId>71d425cd-acab-49fa-969f-731d72025ff8</sln:miejscIIPId><sln:miejscIIPPn>PL.PZGIK.200</sln:miejscIIPPn><sln:miejscIIPWersja>2016-11-24T13:50:37+02:00</sln:miejscIIPWersja><sln:miejscIdTeryt>0073074</sln:miejscIdTeryt><sln:miejscNIIPId>5b231ddb-88fa-4564-a8eb-c8a6920bab92</sln:miejscNIIPId><sln:miejscNIIPPn>PL.PZGIK.200</sln:miejscNIIPPn><sln:miejscNIIPWersja>2016-11-24T13:33:43+02:00</sln:miejscNIIPWersja><sln:miejscNIdTeryt>0072991</sln:miejscNIdTeryt><sln:miejscNNazwa>Woźniki</sln:miejscNNazwa><sln:miejscNRodzaj>Wieś</sln:miejscNRodzaj><sln:miejscNazwa>Potok</sln:miejscNazwa><sln:miejscRodzaj>Inny obiekt</sln:miejscRodzaj><sln:powIIPId>db2b392c-5d8b-4afe-ae75-bc6f563eeb80</sln:powIIPId><sln:powIIPPn>PL.PZGIK.200</sln:powIIPPn><sln:powIIPWersja>2012-09-27T07:52:01+02:00</sln:powIIPWersja><sln:powIdTeryt>1218</sln:powIdTeryt><sln:powNazwa>wadowicki</sln:powNazwa><sln:wojIIPId>dd2e3c64-f861-47cf-a3a3-e7751f272b2f</sln:wojIIPId><sln:wojIIPPn>PL.PZGIK.200</sln:wojIIPPn><sln:wojIIPWersja>2017-10-10T00:00:00+02:00</sln:wojIIPWersja><sln:wojIdTeryt>12</sln:wojIdTeryt><sln:wojNazwa>małopolskie</sln:wojNazwa></sln:miejscowosc><sln:miejscowosc><sln:cyklZyciaOd>2012-04-26T00:00:00+02:00</sln:cyklZyciaOd><sln:gmIIPId>229fc258-bc59-43e5-ba05-9c4310c3dce7</sln:gmIIPId><sln:gmIIPPn>PL.PZGIK.200</sln:gmIIPPn><sln:gmIIPWersja>2012-09-26T22:13:44+02:00</sln:gmIIPWersja><sln:gmIdTeryt>1218082</sln:gmIdTeryt><sln:gmNazwa>Tomice</sln:gmNazwa><sln:miejscIIPId>b2c09d0f-4568-4751-923f-a212bce09b3c</sln:miejscIIPId><sln:miejscIIPPn>PL.PZGIK.200</sln:miejscIIPPn><sln:miejscIIPWersja>2016-11-24T13:50:37+02:00</sln:miejscIIPWersja><sln:miejscIdTeryt>0073080</sln:miejscIdTeryt><sln:miejscNIIPId>5b231ddb-88fa-4564-a8eb-c8a6920bab92</sln:miejscNIIPId><sln:miejscNIIPPn>PL.PZGIK.200</sln:miejscNIIPPn><sln:miejscNIIPWersja>2016-11-24T13:33:43+02:00</sln:miejscNIIPWersja><sln:miejscNIdTeryt>0072991</sln:miejscNIdTeryt><sln:miejscNNazwa>Woźniki</sln:miejscNNazwa><sln:miejscNRodzaj>Wieś</sln:miejscNRodzaj><sln:miejscNazwa>Przygórze</sln:miejscNazwa><sln:miejscRodzaj>Inny obiekt</sln:miejscRodzaj><sln:powIIPId>db2b392c-5d8b-4afe-ae75-bc6f563eeb80</sln:powIIPId><sln:powIIPPn>PL.PZGIK.200</sln:powIIPPn><sln:powIIPWersja>2012-09-27T07:52:01+02:00</sln:powIIPWersja><sln:powIdTeryt>1218</sln:powIdTeryt><sln:powNazwa>wadowicki</sln:powNazwa><sln:wojIIPId>dd2e3c64-f861-47cf-a3a3-e7751f272b2f</sln:wojIIPId><sln:wojIIPPn>PL.PZGIK.200</sln:wojIIPPn><sln:wojIIPWersja>2017-10-10T00:00:00+02:00</sln:wojIIPWersja><sln:wojIdTeryt>12</sln:wojIdTeryt><sln:wojNazwa>małopolskie</sln:wojNazwa></sln:miejscowosc><sln:miejscowosc><sln:cyklZyciaOd>2012-04-26T00:00:00+02:00</sln:cyklZyciaOd><sln:gmIIPId>229fc258-bc59-43e5-ba05-9c4310c3dce7</sln:gmIIPId><sln:gmIIPPn>PL.PZGIK.200</sln:gmIIPPn><sln:gmIIPWersja>2012-09-26T22:13:44+02:00</sln:gmIIPWersja><sln:gmIdTeryt>1218082</sln:gmIdTeryt><sln:gmNazwa>Tomice</sln:gmNazwa><sln:miejscIIPId>16d18e92-c537-4916-ab92-a76a7d4aab1c</sln:miejscIIPId><sln:miejscIIPPn>PL.PZGIK.200</sln:miejscIIPPn><sln:miejscIIPWersja>2016-11-24T13:50:37+02:00</sln:miejscIIPWersja><sln:miejscIdTeryt>0073039</sln:miejscIdTeryt><sln:miejscNIIPId>5b231ddb-88fa-4564-a8eb-c8a6920bab92</sln:miejscNIIPId><sln:miejscNIIPPn>PL.PZGIK.200</sln:miejscNIIPPn><sln:miejscNIIPWersja>2016-11-24T13:33:43+02:00</sln:miejscNIIPWersja><sln:miejscNIdTeryt>0072991</sln:miejscNIdTeryt><sln:miejscNNazwa>Woźniki</sln:miejscNNazwa><sln:miejscNRodzaj>Wieś</sln:miejscNRodzaj><sln:miejscNazwa>Grudki</sln:miejscNazwa><sln:miejscRodzaj>Inny obiekt</sln:miejscRodzaj><sln:powIIPId>db2b392c-5d8b-4afe-ae75-bc6f563eeb80</sln:powIIPId><sln:powIIPPn>PL.PZGIK.200</sln:powIIPPn><sln:powIIPWersja>2012-09-27T07:52:01+02:00</sln:powIIPWersja><sln:powIdTeryt>1218</sln:powIdTeryt><sln:powNazwa>wadowicki</sln:powNazwa><sln:wojIIPId>dd2e3c64-f861-47cf-a3a3-e7751f272b2f</sln:wojIIPId><sln:wojIIPPn>PL.PZGIK.200</sln:wojIIPPn><sln:wojIIPWersja>2017-10-10T00:00:00+02:00</sln:wojIIPWersja><sln:wojIdTeryt>12</sln:wojIdTeryt><sln:wojNazwa>małopolskie</sln:wojNazwa></sln:miejscowosc><sln:miejscowosc><sln:cyklZyciaOd>2012-04-26T00:00:00+02:00</sln:cyklZyciaOd><sln:gmIIPId>229fc258-bc59-43e5-ba05-9c4310c3dce7</sln:gmIIPId><sln:gmIIPPn>PL.PZGIK.200</sln:gmIIPPn><sln:gmIIPWersja>2012-09-26T22:13:44+02:00</sln:gmIIPWersja><sln:gmIdTeryt>1218082</sln:gmIdTeryt><sln:gmNazwa>Tomice</sln:gmNazwa><sln:miejscIIPId>f3e7b457-e0ea-4c05-8e54-4d3ae66b83a0</sln:miejscIIPId><sln:miejscIIPPn>PL.PZGIK.200</sln:miejscIIPPn><sln:miejscIIPWersja>2016-11-24T13:50:37+02:00</sln:miejscIIPWersja><sln:miejscIdTeryt>0073022</sln:miejscIdTeryt><sln:miejscNIIPId>5b231ddb-88fa-4564-a8eb-c8a6920bab92</sln:miejscNIIPId><sln:miejscNIIPPn>PL.PZGIK.200</sln:miejscNIIPPn><sln:miejscNIIPWersja>2016-11-24T13:33:43+02:00</sln:miejscNIIPWersja><sln:miejscNIdTeryt>0072991</sln:miejscNIdTeryt><sln:miejscNNazwa>Woźniki</sln:miejscNNazwa><sln:miejscNRodzaj>Wieś</sln:miejscNRodzaj><sln:miejscNazwa>Góra</sln:miejscNazwa><sln:miejscRodzaj>Inny obiekt</sln:miejscRodzaj><sln:powIIPId>db2b392c-5d8b-4afe-ae75-bc6f563eeb80</sln:powIIPId><sln:powIIPPn>PL.PZGIK.200</sln:powIIPPn><sln:powIIPWersja>2012-09-27T07:52:01+02:00</sln:powIIPWersja><sln:powIdTeryt>1218</sln:powIdTeryt><sln:powNazwa>wadowicki</sln:powNazwa><sln:wojIIPId>dd2e3c64-f861-47cf-a3a3-e7751f272b2f</sln:wojIIPId><sln:wojIIPPn>PL.PZGIK.200</sln:wojIIPPn><sln:wojIIPWersja>2017-10-10T00:00:00+02:00</sln:wojIIPWersja><sln:wojIdTeryt>12</sln:wojIdTeryt><sln:wojNazwa>małopolskie</sln:wojNazwa></sln:miejscowosc><sln:miejscowosc><sln:cyklZyciaOd>2012-04-26T00:00:00+02:00</sln:cyklZyciaOd><sln:gmIIPId>229fc258-bc59-43e5-ba05-9c4310c3dce7</sln:gmIIPId><sln:gmIIPPn>PL.PZGIK.200</sln:gmIIPPn><sln:gmIIPWersja>2012-09-26T22:13:44+02:00</sln:gmIIPWersja><sln:gmIdTeryt>1218082</sln:gmIdTeryt><sln:gmNazwa>Tomice</sln:gmNazwa><sln:miejscIIPId>1f5f79ed-9000-4371-9df7-2bba525019d2</sln:miejscIIPId><sln:miejscIIPPn>PL.PZGIK.200</sln:miejscIIPPn><sln:miejscIIPWersja>2016-11-24T13:50:38+02:00</sln:miejscIIPWersja><sln:miejscIdTeryt>0073016</sln:miejscIdTeryt><sln:miejscNIIPId>5b231ddb-88fa-4564-a8eb-c8a6920bab92</sln:miejscNIIPId><sln:miejscNIIPPn>PL.PZGIK.200</sln:miejscNIIPPn><sln:miejscNIIPWersja>2016-11-24T13:33:43+02:00</sln:miejscNIIPWersja><sln:miejscNIdTeryt>0072991</sln:miejscNIdTeryt><sln:miejscNNazwa>Woźniki</sln:miejscNNazwa><sln:miejscNRodzaj>Wieś</sln:miejscNRodzaj><sln:miejscNazwa>Dół</sln:miejscNazwa><sln:miejscRodzaj>Inny obiekt</sln:miejscRodzaj><sln:powIIPId>db2b392c-5d8b-4afe-ae75-bc6f563eeb80</sln:powIIPId><sln:powIIPPn>PL.PZGIK.200</sln:powIIPPn><sln:powIIPWersja>2012-09-27T07:52:01+02:00</sln:powIIPWersja><sln:powIdTeryt>1218</sln:powIdTeryt><sln:powNazwa>wadowicki</sln:powNazwa><sln:wojIIPId>dd2e3c64-f861-47cf-a3a3-e7751f272b2f</sln:wojIIPId><sln:wojIIPPn>PL.PZGIK.200</sln:wojIIPPn><sln:wojIIPWersja>2017-10-10T00:00:00+02:00</sln:wojIIPWersja><sln:wojIdTeryt>12</sln:wojIdTeryt><sln:wojNazwa>małopolskie</sln:wojNazwa></sln:miejscowosc><sln:miejscowosc><sln:cyklZyciaOd>2012-04-26T00:00:00+02:00</sln:cyklZyciaOd><sln:gmIIPId>229fc258-bc59-43e5-ba05-9c4310c3dce7</sln:gmIIPId><sln:gmIIPPn>PL.PZGIK.200</sln:gmIIPPn><sln:gmIIPWersja>2012-09-26T22:13:44+02:00</sln:gmIIPWersja><sln:gmIdTeryt>1218082</sln:gmIdTeryt><sln:gmNazwa>Tomice</sln:gmNazwa><sln:miejscIIPId>0ac0b0db-2105-45d1-a266-3e2a42a26503</sln:miejscIIPId><sln:miejscIIPPn>PL.PZGIK.200</sln:miejscIIPPn><sln:miejscIIPWersja>2016-11-24T13:50:38+02:00</sln:miejscIIPWersja><sln:miejscIdTeryt>0073045</sln:miejscIdTeryt><sln:miejscNIIPId>5b231ddb-88fa-4564-a8eb-c8a6920bab92</sln:miejscNIIPId><sln:miejscNIIPPn>PL.PZGIK.200</sln:miejscNIIPPn><sln:miejscNIIPWersja>2016-11-24T13:33:43+02:00</sln:miejscNIIPWersja><sln:miejscNIdTeryt>0072991</sln:miejscNIdTeryt><sln:miejscNNazwa>Woźniki</sln:miejscNNazwa><sln:miejscNRodzaj>Wieś</sln:miejscNRodzaj><sln:miejscNazwa>Łęg</sln:miejscNazwa><sln:miejscRodzaj>Inny obiekt</sln:miejscRodzaj><sln:powIIPId>db2b392c-5d8b-4afe-ae75-bc6f563eeb80</sln:powIIPId><sln:powIIPPn>PL.PZGIK.200</sln:powIIPPn><sln:powIIPWersja>2012-09-27T07:52:01+02:00</sln:powIIPWersja><sln:powIdTeryt>1218</sln:powIdTeryt><sln:powNazwa>wadowicki</sln:powNazwa><sln:wojIIPId>dd2e3c64-f861-47cf-a3a3-e7751f272b2f</sln:wojIIPId><sln:wojIIPPn>PL.PZGIK.200</sln:wojIIPPn><sln:wojIIPWersja>2017-10-10T00:00:00+02:00</sln:wojIIPWersja><sln:wojIdTeryt>12</sln:wojIdTeryt><sln:wojNazwa>małopolskie</sln:wojNazwa></sln:miejscowosc><sln:miejscowosc><sln:cyklZyciaOd>2012-04-26T00:00:00+02:00</sln:cyklZyciaOd><sln:gmIIPId>229fc258-bc59-43e5-ba05-9c4310c3dce7</sln:gmIIPId><sln:gmIIPPn>PL.PZGIK.200</sln:gmIIPPn><sln:gmIIPWersja>2012-09-26T22:13:44+02:00</sln:gmIIPWersja><sln:gmIdTeryt>1218082</sln:gmIdTeryt><sln:gmNazwa>Tomice</sln:gmNazwa><sln:miejscIIPId>d85378fc-6f22-422e-8f48-52eb1f6ce3d2</sln:miejscIIPId><sln:miejscIIPPn>PL.PZGIK.200</sln:miejscIIPPn><sln:miejscIIPWersja>2016-11-24T13:50:38+02:00</sln:miejscIIPWersja><sln:miejscIdTeryt>0073051</sln:miejscIdTeryt><sln:miejscNIIPId>5b231ddb-88fa-4564-a8eb-c8a6920bab92</sln:miejscNIIPId><sln:miejscNIIPPn>PL.PZGIK.200</sln:miejscNIIPPn><sln:miejscNIIPWersja>2016-11-24T13:33:43+02:00</sln:miejscNIIPWersja><sln:miejscNIdTeryt>0072991</sln:miejscNIdTeryt><sln:miejscNNazwa>Woźniki</sln:miejscNNazwa><sln:miejscNRodzaj>Wieś</sln:miejscNRodzaj><sln:miejscNazwa>Miasto</sln:miejscNazwa><sln:miejscRodzaj>Inny obiekt</sln:miejscRodzaj><sln:powIIPId>db2b392c-5d8b-4afe-ae75-bc6f563eeb80</sln:powIIPId><sln:powIIPPn>PL.PZGIK.200</sln:powIIPPn><sln:powIIPWersja>2012-09-27T07:52:01+02:00</sln:powIIPWersja><sln:powIdTeryt>1218</sln:powIdTeryt><sln:powNazwa>wadowicki</sln:powNazwa><sln:wojIIPId>dd2e3c64-f861-47cf-a3a3-e7751f272b2f</sln:wojIIPId><sln:wojIIPPn>PL.PZGIK.200</sln:wojIIPPn><sln:wojIIPWersja>2017-10-10T00:00:00+02:00</sln:wojIIPWersja><sln:wojIdTeryt>12</sln:wojIdTeryt><sln:wojNazwa>małopolskie</sln:wojNazwa></sln:miejscowosc><sln:miejscowosc><sln:cyklZyciaOd>2012-04-26T00:00:00+02:00</sln:cyklZyciaOd><sln:gmIIPId>229fc258-bc59-43e5-ba05-9c4310c3dce7</sln:gmIIPId><sln:gmIIPPn>PL.PZGIK.200</sln:gmIIPPn><sln:gmIIPWersja>2012-09-26T22:13:44+02:00</sln:gmIIPWersja><sln:gmIdTeryt>1218082</sln:gmIdTeryt><sln:gmNazwa>Tomice</sln:gmNazwa><sln:miejscIIPId>bca0d01d-58d3-4953-be1c-83dbbc58d8c1</sln:miejscIIPId><sln:miejscIIPPn>PL.PZGIK.200</sln:miejscIIPPn><sln:miejscIIPWersja>2016-11-24T13:50:38+02:00</sln:miejscIIPWersja><sln:miejscIdTeryt>0073000</sln:miejscIdTeryt><sln:miejscNIIPId>5b231ddb-88fa-4564-a8eb-c8a6920bab92</sln:miejscNIIPId><sln:miejscNIIPPn>PL.PZGIK.200</sln:miejscNIIPPn><sln:miejscNIIPWersja>2016-11-24T13:33:43+02:00</sln:miejscNIIPWersja><sln:miejscNIdTeryt>0072991</sln:miejscNIdTeryt><sln:miejscNNazwa>Woźniki</sln:miejscNNazwa><sln:miejscNRodzaj>Wieś</sln:miejscNRodzaj><sln:miejscNazwa>Byk</sln:miejscNazwa><sln:miejscRodzaj>Inny obiekt</sln:miejscRodzaj><sln:powIIPId>db2b392c-5d8b-4afe-ae75-bc6f563eeb80</sln:powIIPId><sln:powIIPPn>PL.PZGIK.200</sln:powIIPPn><sln:powIIPWersja>2012-09-27T07:52:01+02:00</sln:powIIPWersja><sln:powIdTeryt>1218</sln:powIdTeryt><sln:powNazwa>wadowicki</sln:powNazwa><sln:wojIIPId>dd2e3c64-f861-47cf-a3a3-e7751f272b2f</sln:wojIIPId><sln:wojIIPPn>PL.PZGIK.200</sln:wojIIPPn><sln:wojIIPWersja>2017-10-10T00:00:00+02:00</sln:wojIIPWersja><sln:wojIdTeryt>12</sln:wojIdTeryt><sln:wojNazwa>małopolskie</sln:wojNazwa></sln:miejscowosc><sln:miejscowosc><sln:cyklZyciaOd>2012-04-26T00:00:00+02:00</sln:cyklZyciaOd><sln:gmIIPId>229fc258-bc59-43e5-ba05-9c4310c3dce7</sln:gmIIPId><sln:gmIIPPn>PL.PZGIK.200</sln:gmIIPPn><sln:gmIIPWersja>2012-09-26T22:13:44+02:00</sln:gmIIPWersja><sln:gmIdTeryt>1218082</sln:gmIdTeryt><sln:gmNazwa>Tomice</sln:gmNazwa><sln:miejscIIPId>36ce5826-894d-42ff-956f-c7a6bd606808</sln:miejscIIPId><sln:miejscIIPPn>PL.PZGIK.200</sln:miejscIIPPn><sln:miejscIIPWersja>2016-11-24T13:51:16+02:00</sln:miejscIIPWersja><sln:miejscIdTeryt>0073111</sln:miejscIdTeryt><sln:miejscNIIPId>762f01d5-0090-4aad-b8d8-db26abe82945</sln:miejscNIIPId><sln:miejscNIIPPn>PL.PZGIK.200</sln:miejscNIIPPn><sln:miejscNIIPWersja>2016-11-24T13:34:57+02:00</sln:miejscNIIPWersja><sln:miejscNIdTeryt>0073097</sln:miejscNIdTeryt><sln:miejscNNazwa>Zygodowice</sln:miejscNNazwa><sln:miejscNRodzaj>Wieś</sln:miejscNRodzaj><sln:miejscNazwa>Dół</sln:miejscNazwa><sln:miejscRodzaj>Inny obiekt</sln:miejscRodzaj><sln:powIIPId>db2b392c-5d8b-4afe-ae75-bc6f563eeb80</sln:powIIPId><sln:powIIPPn>PL.PZGIK.200</sln:powIIPPn><sln:powIIPWersja>2012-09-27T07:52:01+02:00</sln:powIIPWersja><sln:powIdTeryt>1218</sln:powIdTeryt><sln:powNazwa>wadowicki</sln:powNazwa><sln:wojIIPId>dd2e3c64-f861-47cf-a3a3-e7751f272b2f</sln:wojIIPId><sln:wojIIPPn>PL.PZGIK.200</sln:wojIIPPn><sln:wojIIPWersja>2017-10-10T00:00:00+02:00</sln:wojIIPWersja><sln:wojIdTeryt>12</sln:wojIdTeryt><sln:wojNazwa>małopolskie</sln:wojNazwa></sln:miejscowosc><sln:miejscowosc><sln:cyklZyciaOd>2012-04-26T00:00:00+02:00</sln:cyklZyciaOd><sln:gmIIPId>229fc258-bc59-43e5-ba05-9c4310c3dce7</sln:gmIIPId><sln:gmIIPPn>PL.PZGIK.200</sln:gmIIPPn><sln:gmIIPWersja>2012-09-26T22:13:44+02:00</sln:gmIIPWersja><sln:gmIdTeryt>1218082</sln:gmIdTeryt><sln:gmNazwa>Tomice</sln:gmNazwa><sln:miejscIIPId>30c698a9-d77c-4c4d-a0cc-9d9737934de5</sln:miejscIIPId><sln:miejscIIPPn>PL.PZGIK.200</sln:miejscIIPPn><sln:miejscIIPWersja>2016-11-24T13:51:16+02:00</sln:miejscIIPWersja><sln:miejscIdTeryt>0073134</sln:miejscIdTeryt><sln:miejscNIIPId>762f01d5-0090-4aad-b8d8-db26abe82945</sln:miejscNIIPId><sln:miejscNIIPPn>PL.PZGIK.200</sln:miejscNIIPPn><sln:miejscNIIPWersja>2016-11-24T13:34:57+02:00</sln:miejscNIIPWersja><sln:miejscNIdTeryt>0073097</sln:miejscNIdTeryt><sln:miejscNNazwa>Zygodowice</sln:miejscNNazwa><sln:miejscNRodzaj>Wieś</sln:miejscNRodzaj><sln:miejscNazwa>Jasionek</sln:miejscNazwa><sln:miejscRodzaj>Inny obiekt</sln:miejscRodzaj><sln:powIIPId>db2b392c-5d8b-4afe-ae75-bc6f563eeb80</sln:powIIPId><sln:powIIPPn>PL.PZGIK.200</sln:powIIPPn><sln:powIIPWersja>2012-09-27T07:52:01+02:00</sln:powIIPWersja><sln:powIdTeryt>1218</sln:powIdTeryt><sln:powNazwa>wadowicki</sln:powNazwa><sln:wojIIPId>dd2e3c64-f861-47cf-a3a3-e7751f272b2f</sln:wojIIPId><sln:wojIIPPn>PL.PZGIK.200</sln:wojIIPPn><sln:wojIIPWersja>2017-10-10T00:00:00+02:00</sln:wojIIPWersja><sln:wojIdTeryt>12</sln:wojIdTeryt><sln:wojNazwa>małopolskie</sln:wojNazwa></sln:miejscowosc><sln:miejscowosc><sln:cyklZyciaOd>2012-04-26T00:00:00+02:00</sln:cyklZyciaOd><sln:gmIIPId>229fc258-bc59-43e5-ba05-9c4310c3dce7</sln:gmIIPId><sln:gmIIPPn>PL.PZGIK.200</sln:gmIIPPn><sln:gmIIPWersja>2012-09-26T22:13:44+02:00</sln:gmIIPWersja><sln:gmIdTeryt>1218082</sln:gmIdTeryt><sln:gmNazwa>Tomice</sln:gmNazwa><sln:miejscIIPId>19fe2b31-3a2f-4394-9c33-d768df251065</sln:miejscIIPId><sln:miejscIIPPn>PL.PZGIK.200</sln:miejscIIPPn><sln:miejscIIPWersja>2016-11-24T13:51:16+02:00</sln:miejscIIPWersja><sln:miejscIdTeryt>0073157</sln:miejscIdTeryt><sln:miejscNIIPId>762f01d5-0090-4aad-b8d8-db26abe82945</sln:miejscNIIPId><sln:miejscNIIPPn>PL.PZGIK.200</sln:miejscNIIPPn><sln:miejscNIIPWersja>2016-11-24T13:34:57+02:00</sln:miejscNIIPWersja><sln:miejscNIdTeryt>0073097</sln:miejscNIdTeryt><sln:miejscNNazwa>Zygodowice</sln:miejscNNazwa><sln:miejscNRodzaj>Wieś</sln:miejscNRodzaj><sln:miejscNazwa>Przymiarek</sln:miejscNazwa><sln:miejscRodzaj>Inny obiekt</sln:miejscRodzaj><sln:powIIPId>db2b392c-5d8b-4afe-ae75-bc6f563eeb80</sln:powIIPId><sln:powIIPPn>PL.PZGIK.200</sln:powIIPPn><sln:powIIPWersja>2012-09-27T07:52:01+02:00</sln:powIIPWersja><sln:powIdTeryt>1218</sln:powIdTeryt><sln:powNazwa>wadowicki</sln:powNazwa><sln:wojIIPId>dd2e3c64-f861-47cf-a3a3-e7751f272b2f</sln:wojIIPId><sln:wojIIPPn>PL.PZGIK.200</sln:wojIIPPn><sln:wojIIPWersja>2017-10-10T00:00:00+02:00</sln:wojIIPWersja><sln:wojIdTeryt>12</sln:wojIdTeryt><sln:wojNazwa>małopolskie</sln:wojNazwa></sln:miejscowosc><sln:miejscowosc><sln:cyklZyciaOd>2012-04-26T00:00:00+02:00</sln:cyklZyciaOd><sln:gmIIPId>229fc258-bc59-43e5-ba05-9c4310c3dce7</sln:gmIIPId><sln:gmIIPPn>PL.PZGIK.200</sln:gmIIPPn><sln:gmIIPWersja>2012-09-26T22:13:44+02:00</sln:gmIIPWersja><sln:gmIdTeryt>1218082</sln:gmIdTeryt><sln:gmNazwa>Tomice</sln:gmNazwa><sln:miejscIIPId>6cd26269-1b98-4457-9121-4117409ed1e8</sln:miejscIIPId><sln:miejscIIPPn>PL.PZGIK.200</sln:miejscIIPPn><sln:miejscIIPWersja>2016-11-24T13:51:16+02:00</sln:miejscIIPWersja><sln:miejscIdTeryt>0073128</sln:miejscIdTeryt><sln:miejscNIIPId>762f01d5-0090-4aad-b8d8-db26abe82945</sln:miejscNIIPId><sln:miejscNIIPPn>PL.PZGIK.200</sln:miejscNIIPPn><sln:miejscNIIPWersja>2016-11-24T13:34:57+02:00</sln:miejscNIIPWersja><sln:miejscNIdTeryt>0073097</sln:miejscNIdTeryt><sln:miejscNNazwa>Zygodowice</sln:miejscNNazwa><sln:miejscNRodzaj>Wieś</sln:miejscNRodzaj><sln:miejscNazwa>Góra</sln:miejscNazwa><sln:miejscRodzaj>Inny obiekt</sln:miejscRodzaj><sln:powIIPId>db2b392c-5d8b-4afe-ae75-bc6f563eeb80</sln:powIIPId><sln:powIIPPn>PL.PZGIK.200</sln:powIIPPn><sln:powIIPWersja>2012-09-27T07:52:01+02:00</sln:powIIPWersja><sln:powIdTeryt>1218</sln:powIdTeryt><sln:powNazwa>wadowicki</sln:powNazwa><sln:wojIIPId>dd2e3c64-f861-47cf-a3a3-e7751f272b2f</sln:wojIIPId><sln:wojIIPPn>PL.PZGIK.200</sln:wojIIPPn><sln:wojIIPWersja>2017-10-10T00:00:00+02:00</sln:wojIIPWersja><sln:wojIdTeryt>12</sln:wojIdTeryt><sln:wojNazwa>małopolskie</sln:wojNazwa></sln:miejscowosc><sln:miejscowosc><sln:cyklZyciaOd>2012-04-26T00:00:00+02:00</sln:cyklZyciaOd><sln:gmIIPId>229fc258-bc59-43e5-ba05-9c4310c3dce7</sln:gmIIPId><sln:gmIIPPn>PL.PZGIK.200</sln:gmIIPPn><sln:gmIIPWersja>2012-09-26T22:13:44+02:00</sln:gmIIPWersja><sln:gmIdTeryt>1218082</sln:gmIdTeryt><sln:gmNazwa>Tomice</sln:gmNazwa><sln:miejscIIPId>1428a2e4-f633-449a-b70f-ec015d83ea80</sln:miejscIIPId><sln:miejscIIPPn>PL.PZGIK.200</sln:miejscIIPPn><sln:miejscIIPWersja>2016-11-24T13:51:16+02:00</sln:miejscIIPWersja><sln:miejscIdTeryt>0073105</sln:miejscIdTeryt><sln:miejscNIIPId>762f01d5-0090-4aad-b8d8-db26abe82945</sln:miejscNIIPId><sln:miejscNIIPPn>PL.PZGIK.200</sln:miejscNIIPPn><sln:miejscNIIPWersja>2016-11-24T13:34:57+02:00</sln:miejscNIIPWersja><sln:miejscNIdTeryt>0073097</sln:miejscNIdTeryt><sln:miejscNNazwa>Zygodowice</sln:miejscNNazwa><sln:miejscNRodzaj>Wieś</sln:miejscNRodzaj><sln:miejscNazwa>Byk</sln:miejscNazwa><sln:miejscRodzaj>Inny obiekt</sln:miejscRodzaj><sln:powIIPId>db2b392c-5d8b-4afe-ae75-bc6f563eeb80</sln:powIIPId><sln:powIIPPn>PL.PZGIK.200</sln:powIIPPn><sln:powIIPWersja>2012-09-27T07:52:01+02:00</sln:powIIPWersja><sln:powIdTeryt>1218</sln:powIdTeryt><sln:powNazwa>wadowicki</sln:powNazwa><sln:wojIIPId>dd2e3c64-f861-47cf-a3a3-e7751f272b2f</sln:wojIIPId><sln:wojIIPPn>PL.PZGIK.200</sln:wojIIPPn><sln:wojIIPWersja>2017-10-10T00:00:00+02:00</sln:wojIIPWersja><sln:wojIdTeryt>12</sln:wojIdTeryt><sln:wojNazwa>małopolskie</sln:wojNazwa></sln:miejscowosc><sln:miejscowosc><sln:cyklZyciaOd>2012-04-26T00:00:00+02:00</sln:cyklZyciaOd><sln:gmIIPId>229fc258-bc59-43e5-ba05-9c4310c3dce7</sln:gmIIPId><sln:gmIIPPn>PL.PZGIK.200</sln:gmIIPPn><sln:gmIIPWersja>2012-09-26T22:13:44+02:00</sln:gmIIPWersja><sln:gmIdTeryt>1218082</sln:gmIdTeryt><sln:gmNazwa>Tomice</sln:gmNazwa><sln:miejscIIPId>377c8f64-44f4-4bf5-84f1-0fd66219b93b</sln:miejscIIPId><sln:miejscIIPPn>PL.PZGIK.200</sln:miejscIIPPn><sln:miejscIIPWersja>2016-11-24T13:51:16+02:00</sln:miejscIIPWersja><sln:miejscIdTeryt>0073140</sln:miejscIdTeryt><sln:miejscNIIPId>762f01d5-0090-4aad-b8d8-db26abe82945</sln:miejscNIIPId><sln:miejscNIIPPn>PL.PZGIK.200</sln:miejscNIIPPn><sln:miejscNIIPWersja>2016-11-24T13:34:57+02:00</sln:miejscNIIPWersja><sln:miejscNIdTeryt>0073097</sln:miejscNIdTeryt><sln:miejscNNazwa>Zygodowice</sln:miejscNNazwa><sln:miejscNRodzaj>Wieś</sln:miejscNRodzaj><sln:miejscNazwa>Osiczyna</sln:miejscNazwa><sln:miejscRodzaj>Inny obiekt</sln:miejscRodzaj><sln:powIIPId>db2b392c-5d8b-4afe-ae75-bc6f563eeb80</sln:powIIPId><sln:powIIPPn>PL.PZGIK.200</sln:powIIPPn><sln:powIIPWersja>2012-09-27T07:52:01+02:00</sln:powIIPWersja><sln:powIdTeryt>1218</sln:powIdTeryt><sln:powNazwa>wadowicki</sln:powNazwa><sln:wojIIPId>dd2e3c64-f861-47cf-a3a3-e7751f272b2f</sln:wojIIPId><sln:wojIIPPn>PL.PZGIK.200</sln:wojIIPPn><sln:wojIIPWersja>2017-10-10T00:00:00+02:00</sln:wojIIPWersja><sln:wojIdTeryt>12</sln:wojIdTeryt><sln:wojNazwa>małopolskie</sln:wojNazwa></sln:miejscowosc><sln:miejscowosc><sln:cyklZyciaOd>2012-04-26T00:00:00+02:00</sln:cyklZyciaOd><sln:gmIIPId>229fc258-bc59-43e5-ba05-9c4310c3dce7</sln:gmIIPId><sln:gmIIPPn>PL.PZGIK.200</sln:gmIIPPn><sln:gmIIPWersja>2012-09-26T22:13:44+02:00</sln:gmIIPWersja><sln:gmIdTeryt>1218082</sln:gmIdTeryt><sln:gmNazwa>Tomice</sln:gmNazwa><sln:miejscIIPId>4df7d49d-b843-49cf-8303-22239822028f</sln:miejscIIPId><sln:miejscIIPPn>PL.PZGIK.200</sln:miejscIIPPn><sln:miejscIIPWersja>2016-11-24T13:56:42+02:00</sln:miejscIIPWersja><sln:miejscIdTeryt>0072689</sln:miejscIdTeryt><sln:miejscNIIPId>98a4a268-2e33-405d-9882-4d8ce6a58046</sln:miejscNIIPId><sln:miejscNIIPPn>PL.PZGIK.200</sln:miejscNIIPPn><sln:miejscNIIPWersja>2016-11-24T13:41:04+02:00</sln:miejscNIIPWersja><sln:miejscNIdTeryt>0072643</sln:miejscNIdTeryt><sln:miejscNNazwa>Lgota</sln:miejscNNazwa><sln:miejscNRodzaj>Wieś</sln:miejscNRodzaj><sln:miejscNazwa>Podlas</sln:miejscNazwa><sln:miejscRodzaj>Inny obiekt</sln:miejscRodzaj><sln:powIIPId>db2b392c-5d8b-4afe-ae75-bc6f563eeb80</sln:powIIPId><sln:powIIPPn>PL.PZGIK.200</sln:powIIPPn><sln:powIIPWersja>2012-09-27T07:52:01+02:00</sln:powIIPWersja><sln:powIdTeryt>1218</sln:powIdTeryt><sln:powNazwa>wadowicki</sln:powNazwa><sln:wojIIPId>dd2e3c64-f861-47cf-a3a3-e7751f272b2f</sln:wojIIPId><sln:wojIIPPn>PL.PZGIK.200</sln:wojIIPPn><sln:wojIIPWersja>2017-10-10T00:00:00+02:00</sln:wojIIPWersja><sln:wojIdTeryt>12</sln:wojIdTeryt><sln:wojNazwa>małopolskie</sln:wojNazwa></sln:miejscowosc><sln:miejscowosc><sln:cyklZyciaOd>2012-04-26T00:00:00+02:00</sln:cyklZyciaOd><sln:gmIIPId>229fc258-bc59-43e5-ba05-9c4310c3dce7</sln:gmIIPId><sln:gmIIPPn>PL.PZGIK.200</sln:gmIIPPn><sln:gmIIPWersja>2012-09-26T22:13:44+02:00</sln:gmIIPWersja><sln:gmIdTeryt>1218082</sln:gmIdTeryt><sln:gmNazwa>Tomice</sln:gmNazwa><sln:miejscIIPId>b3313521-4376-4f35-9c07-415603295875</sln:miejscIIPId><sln:miejscIIPPn>PL.PZGIK.200</sln:miejscIIPPn><sln:miejscIIPWersja>2016-11-24T13:56:42+02:00</sln:miejscIIPWersja><sln:miejscIdTeryt>0072695</sln:miejscIdTeryt><sln:miejscNIIPId>98a4a268-2e33-405d-9882-4d8ce6a58046</sln:miejscNIIPId><sln:miejscNIIPPn>PL.PZGIK.200</sln:miejscNIIPPn><sln:miejscNIIPWersja>2016-11-24T13:41:04+02:00</sln:miejscNIIPWersja><sln:miejscNIdTeryt>0072643</sln:miejscNIdTeryt><sln:miejscNNazwa>Lgota</sln:miejscNNazwa><sln:miejscNRodzaj>Wieś</sln:miejscNRodzaj><sln:miejscNazwa>Rzeki</sln:miejscNazwa><sln:miejscRodzaj>Inny obiekt</sln:miejscRodzaj><sln:powIIPId>db2b392c-5d8b-4afe-ae75-bc6f563eeb80</sln:powIIPId><sln:powIIPPn>PL.PZGIK.200</sln:powIIPPn><sln:powIIPWersja>2012-09-27T07:52:01+02:00</sln:powIIPWersja><sln:powIdTeryt>1218</sln:powIdTeryt><sln:powNazwa>wadowicki</sln:powNazwa><sln:wojIIPId>dd2e3c64-f861-47cf-a3a3-e7751f272b2f</sln:wojIIPId><sln:wojIIPPn>PL.PZGIK.200</sln:wojIIPPn><sln:wojIIPWersja>2017-10-10T00:00:00+02:00</sln:wojIIPWersja><sln:wojIdTeryt>12</sln:wojIdTeryt><sln:wojNazwa>małopolskie</sln:wojNazwa></sln:miejscowosc><sln:miejscowosc><sln:cyklZyciaOd>2012-04-26T00:00:00+02:00</sln:cyklZyciaOd><sln:gmIIPId>229fc258-bc59-43e5-ba05-9c4310c3dce7</sln:gmIIPId><sln:gmIIPPn>PL.PZGIK.200</sln:gmIIPPn><sln:gmIIPWersja>2012-09-26T22:13:44+02:00</sln:gmIIPWersja><sln:gmIdTeryt>1218082</sln:gmIdTeryt><sln:gmNazwa>Tomice</sln:gmNazwa><sln:miejscIIPId>48cb30bc-b06b-47a6-825b-72f1722d627a</sln:miejscIIPId><sln:miejscIIPPn>PL.PZGIK.200</sln:miejscIIPPn><sln:miejscIIPWersja>2016-11-24T13:56:42+02:00</sln:miejscIIPWersja><sln:miejscIdTeryt>0072650</sln:miejscIdTeryt><sln:miejscNIIPId>98a4a268-2e33-405d-9882-4d8ce6a58046</sln:miejscNIIPId><sln:miejscNIIPPn>PL.PZGIK.200</sln:miejscNIIPPn><sln:miejscNIIPWersja>2016-11-24T13:41:04+02:00</sln:miejscNIIPWersja><sln:miejscNIdTeryt>0072643</sln:miejscNIdTeryt><sln:miejscNNazwa>Lgota</sln:miejscNNazwa><sln:miejscNRodzaj>Wieś</sln:miejscNRodzaj><sln:miejscNazwa>Czwarta Część</sln:miejscNazwa><sln:miejscRodzaj>Inny obiekt</sln:miejscRodzaj><sln:powIIPId>db2b392c-5d8b-4afe-ae75-bc6f563eeb80</sln:powIIPId><sln:powIIPPn>PL.PZGIK.200</sln:powIIPPn><sln:powIIPWersja>2012-09-27T07:52:01+02:00</sln:powIIPWersja><sln:powIdTeryt>1218</sln:powIdTeryt><sln:powNazwa>wadowicki</sln:powNazwa><sln:wojIIPId>dd2e3c64-f861-47cf-a3a3-e7751f272b2f</sln:wojIIPId><sln:wojIIPPn>PL.PZGIK.200</sln:wojIIPPn><sln:wojIIPWersja>2017-10-10T00:00:00+02:00</sln:wojIIPWersja><sln:wojIdTeryt>12</sln:wojIdTeryt><sln:wojNazwa>małopolskie</sln:wojNazwa></sln:miejscowosc><sln:miejscowosc><sln:cyklZyciaOd>2012-04-26T00:00:00+02:00</sln:cyklZyciaOd><sln:gmIIPId>229fc258-bc59-43e5-ba05-9c4310c3dce7</sln:gmIIPId><sln:gmIIPPn>PL.PZGIK.200</sln:gmIIPPn><sln:gmIIPWersja>2012-09-26T22:13:44+02:00</sln:gmIIPWersja><sln:gmIdTeryt>1218082</sln:gmIdTeryt><sln:gmNazwa>Tomice</sln:gmNazwa><sln:miejscIIPId>1d08b87b-73f3-493b-b7c8-38ec4b1e65b6</sln:miejscIIPId><sln:miejscIIPPn>PL.PZGIK.200</sln:miejscIIPPn><sln:miejscIIPWersja>2016-11-24T13:56:42+02:00</sln:miejscIIPWersja><sln:miejscIdTeryt>0072666</sln:miejscIdTeryt><sln:miejscNIIPId>98a4a268-2e33-405d-9882-4d8ce6a58046</sln:miejscNIIPId><sln:miejscNIIPPn>PL.PZGIK.200</sln:miejscNIIPPn><sln:miejscNIIPWersja>2016-11-24T13:41:04+02:00</sln:miejscNIIPWersja><sln:miejscNIdTeryt>0072643</sln:miejscNIdTeryt><sln:miejscNNazwa>Lgota</sln:miejscNNazwa><sln:miejscNRodzaj>Wieś</sln:miejscNRodzaj><sln:miejscNazwa>Hornikówka</sln:miejscNazwa><sln:miejscRodzaj>Inny obiekt</sln:miejscRodzaj><sln:powIIPId>db2b392c-5d8b-4afe-ae75-bc6f563eeb80</sln:powIIPId><sln:powIIPPn>PL.PZGIK.200</sln:powIIPPn><sln:powIIPWersja>2012-09-27T07:52:01+02:00</sln:powIIPWersja><sln:powIdTeryt>1218</sln:powIdTeryt><sln:powNazwa>wadowicki</sln:powNazwa><sln:wojIIPId>dd2e3c64-f861-47cf-a3a3-e7751f272b2f</sln:wojIIPId><sln:wojIIPPn>PL.PZGIK.200</sln:wojIIPPn><sln:wojIIPWersja>2017-10-10T00:00:00+02:00</sln:wojIIPWersja><sln:wojIdTeryt>12</sln:wojIdTeryt><sln:wojNazwa>małopolskie</sln:wojNazwa></sln:miejscowosc><sln:miejscowosc><sln:cyklZyciaOd>2012-04-26T00:00:00+02:00</sln:cyklZyciaOd><sln:gmIIPId>229fc258-bc59-43e5-ba05-9c4310c3dce7</sln:gmIIPId><sln:gmIIPPn>PL.PZGIK.200</sln:gmIIPPn><sln:gmIIPWersja>2012-09-26T22:13:44+02:00</sln:gmIIPWersja><sln:gmIdTeryt>1218082</sln:gmIdTeryt><sln:gmNazwa>Tomice</sln:gmNazwa><sln:miejscIIPId>584e3712-6094-41f9-98e5-25e02efcd212</sln:miejscIIPId><sln:miejscIIPPn>PL.PZGIK.200</sln:miejscIIPPn><sln:miejscIIPWersja>2016-11-24T13:56:42+02:00</sln:miejscIIPWersja><sln:miejscIdTeryt>0072672</sln:miejscIdTeryt><sln:miejscNIIPId>98a4a268-2e33-405d-9882-4d8ce6a58046</sln:miejscNIIPId><sln:miejscNIIPPn>PL.PZGIK.200</sln:miejscNIIPPn><sln:miejscNIIPWersja>2016-11-24T13:41:04+02:00</sln:miejscNIIPWersja><sln:miejscNIdTeryt>0072643</sln:miejscNIdTeryt><sln:miejscNNazwa>Lgota</sln:miejscNNazwa><sln:miejscNRodzaj>Wieś</sln:miejscNRodzaj><sln:miejscNazwa>Pod Krzemionką</sln:miejscNazwa><sln:miejscRodzaj>Inny obiekt</sln:miejscRodzaj><sln:powIIPId>db2b392c-5d8b-4afe-ae75-bc6f563eeb80</sln:powIIPId><sln:powIIPPn>PL.PZGIK.200</sln:powIIPPn><sln:powIIPWersja>2012-09-27T07:52:01+02:00</sln:powIIPWersja><sln:powIdTeryt>1218</sln:powIdTeryt><sln:powNazwa>wadowicki</sln:powNazwa><sln:wojIIPId>dd2e3c64-f861-47cf-a3a3-e7751f272b2f</sln:wojIIPId><sln:wojIIPPn>PL.PZGIK.200</sln:wojIIPPn><sln:wojIIPWersja>2017-10-10T00:00:00+02:00</sln:wojIIPWersja><sln:wojIdTeryt>12</sln:wojIdTeryt><sln:wojNazwa>małopolskie</sln:wojNazwa></sln:miejscowosc><sln:miejscowosc><sln:cyklZyciaOd>2012-04-26T00:00:00+02:00</sln:cyklZyciaOd><sln:gmIIPId>229fc258-bc59-43e5-ba05-9c4310c3dce7</sln:gmIIPId><sln:gmIIPPn>PL.PZGIK.200</sln:gmIIPPn><sln:gmIIPWersja>2012-09-26T22:13:44+02:00</sln:gmIIPWersja><sln:gmIdTeryt>1218082</sln:gmIdTeryt><sln:gmNazwa>Tomice</sln:gmNazwa><sln:miejscIIPId>59f2d890-d9e4-4fe4-ac89-77a4ba34e80c</sln:miejscIIPId><sln:miejscIIPPn>PL.PZGIK.200</sln:miejscIIPPn><sln:miejscIIPWersja>2016-11-24T13:56:42+02:00</sln:miejscIIPWersja><sln:miejscIdTeryt>0072703</sln:miejscIdTeryt><sln:miejscNIIPId>98a4a268-2e33-405d-9882-4d8ce6a58046</sln:miejscNIIPId><sln:miejscNIIPPn>PL.PZGIK.200</sln:miejscNIIPPn><sln:miejscNIIPWersja>2016-11-24T13:41:04+02:00</sln:miejscNIIPWersja><sln:miejscNIdTeryt>0072643</sln:miejscNIdTeryt><sln:miejscNNazwa>Lgota</sln:miejscNNazwa><sln:miejscNRodzaj>Wieś</sln:miejscNRodzaj><sln:miejscNazwa>Ulica Anny</sln:miejscNazwa><sln:miejscRodzaj>Inny obiekt</sln:miejscRodzaj><sln:powIIPId>db2b392c-5d8b-4afe-ae75-bc6f563eeb80</sln:powIIPId><sln:powIIPPn>PL.PZGIK.200</sln:powIIPPn><sln:powIIPWersja>2012-09-27T07:52:01+02:00</sln:powIIPWersja><sln:powIdTeryt>1218</sln:powIdTeryt><sln:powNazwa>wadowicki</sln:powNazwa><sln:wojIIPId>dd2e3c64-f861-47cf-a3a3-e7751f272b2f</sln:wojIIPId><sln:wojIIPPn>PL.PZGIK.200</sln:wojIIPPn><sln:wojIIPWersja>2017-10-10T00:00:00+02:00</sln:wojIIPWersja><sln:wojIdTeryt>12</sln:wojIdTeryt><sln:wojNazwa>małopolskie</sln:wojNazwa></sln:miejscowosc></sln:lista-miejscowosci>