<?xml version="1.0" encoding="UTF-8" standalone="yes"?><sln:lista-miejscowosci xmlns:srv="http://gugik.gov.pl/schemas/slowniki-service/1.0" xmlns:sln="http://gugik.gov.pl/schemas/slowniki-schema/1.0"><sln:miejscowosc><sln:cyklZyciaDo>2017-04-19T00:00:00+02:00</sln:cyklZyciaDo><sln:cyklZyciaOd>2015-06-23T00:00:00+02:00</sln:cyklZyciaOd><sln:gmIIPId>4f4dd250-38f9-4316-a96a-aec164110b2f</sln:gmIIPId><sln:gmIIPPn>PL.PZGIK.200</sln:gmIIPPn><sln:gmIIPWersja>2012-09-26T22:14:36+02:00</sln:gmIIPWersja><sln:gmIdTeryt>1219043</sln:gmIdTeryt><sln:gmNazwa>Niepołomice</sln:gmNazwa><sln:miejscIIPId>5f844a65-2d58-4275-8707-ad3b578ccf78</sln:miejscIIPId><sln:miejscIIPPn>PL.PZGIK.200</sln:miejscIIPPn><sln:miejscIIPWersja>2016-11-24T10:01:49+02:00</sln:miejscIIPWersja><sln:miejscIdTeryt>0328574</sln:miejscIdTeryt><sln:miejscNazwa>Chobot</sln:miejscNazwa><sln:miejscRodzaj>Wieś</sln:miejscRodzaj><sln:powIIPId>45aa4cc1-64be-4f7b-96b3-b782b62d0baf</sln:powIIPId><sln:powIIPPn>PL.PZGIK.200</sln:powIIPPn><sln:powIIPWersja>2012-09-27T07:52:01+02:00</sln:powIIPWersja><sln:powIdTeryt>1219</sln:powIdTeryt><sln:powNazwa>wielicki</sln:powNazwa><sln:waznyOd>2015-03-17T00:00:00+01:00</sln:waznyOd><sln:wojIIPId>dd2e3c64-f861-47cf-a3a3-e7751f272b2f</sln:wojIIPId><sln:wojIIPPn>PL.PZGIK.200</sln:wojIIPPn><sln:wojIIPWersja>2017-10-10T00:00:00+02:00</sln:wojIIPWersja><sln:wojIdTeryt>12</sln:wojIdTeryt><sln:wojNazwa>małopolskie</sln:wojNazwa></sln:miejscowosc><sln:miejscowosc><sln:cyklZyciaDo>2017-04-19T00:00:00+02:00</sln:cyklZyciaDo><sln:cyklZyciaOd>2015-06-23T00:00:00+02:00</sln:cyklZyciaOd><sln:gmIIPId>4f4dd250-38f9-4316-a96a-aec164110b2f</sln:gmIIPId><sln:gmIIPPn>PL.PZGIK.200</sln:gmIIPPn><sln:gmIIPWersja>2012-09-26T22:14:36+02:00</sln:gmIIPWersja><sln:gmIdTeryt>1219043</sln:gmIdTeryt><sln:gmNazwa>Niepołomice</sln:gmNazwa><sln:miejscIIPId>cd18da6d-2f26-40a5-bb72-8d9c0e17eb82</sln:miejscIIPId><sln:miejscIIPPn>PL.PZGIK.200</sln:miejscIIPPn><sln:miejscIIPWersja>2016-11-24T13:16:50+02:00</sln:miejscIIPWersja><sln:miejscIdTeryt>0951675</sln:miejscIdTeryt><sln:miejscNazwa>Niepołomice</sln:miejscNazwa><sln:miejscRodzaj>Miasto</sln:miejscRodzaj><sln:powIIPId>45aa4cc1-64be-4f7b-96b3-b782b62d0baf</sln:powIIPId><sln:powIIPPn>PL.PZGIK.200</sln:powIIPPn><sln:powIIPWersja>2012-09-27T07:52:01+02:00</sln:powIIPWersja><sln:powIdTeryt>1219</sln:powIdTeryt><sln:powNazwa>wielicki</sln:powNazwa><sln:waznyOd>2015-03-17T00:00:00+01:00</sln:waznyOd><sln:wojIIPId>dd2e3c64-f861-47cf-a3a3-e7751f272b2f</sln:wojIIPId><sln:wojIIPPn>PL.PZGIK.200</sln:wojIIPPn><sln:wojIIPWersja>2017-10-10T00:00:00+02:00</sln:wojIIPWersja><sln:wojIdTeryt>12</sln:wojIdTeryt><sln:wojNazwa>małopolskie</sln:wojNazwa></sln:miejscowosc><sln:miejscowosc><sln:cyklZyciaDo>2017-04-19T00:00:00+02:00</sln:cyklZyciaDo><sln:cyklZyciaOd>2015-06-23T00:00:00+02:00</sln:cyklZyciaOd><sln:gmIIPId>4f4dd250-38f9-4316-a96a-aec164110b2f</sln:gmIIPId><sln:gmIIPPn>PL.PZGIK.200</sln:gmIIPPn><sln:gmIIPWersja>2012-09-26T22:14:36+02:00</sln:gmIIPWersja><sln:gmIdTeryt>1219043</sln:gmIdTeryt><sln:gmNazwa>Niepołomice</sln:gmNazwa><sln:miejscIIPId>0de9fb9e-f067-4e28-a432-542b38af5bb6</sln:miejscIIPId><sln:miejscIIPPn>PL.PZGIK.200</sln:miejscIIPPn><sln:miejscIIPWersja>2016-11-24T10:01:50+02:00</sln:miejscIIPWersja><sln:miejscIdTeryt>0328605</sln:miejscIdTeryt><sln:miejscNazwa>Ochmanów</sln:miejscNazwa><sln:miejscRodzaj>Wieś</sln:miejscRodzaj><sln:powIIPId>45aa4cc1-64be-4f7b-96b3-b782b62d0baf</sln:powIIPId><sln:powIIPPn>PL.PZGIK.200</sln:powIIPPn><sln:powIIPWersja>2012-09-27T07:52:01+02:00</sln:powIIPWersja><sln:powIdTeryt>1219</sln:powIdTeryt><sln:powNazwa>wielicki</sln:powNazwa><sln:waznyOd>2015-03-17T00:00:00+01:00</sln:waznyOd><sln:wojIIPId>dd2e3c64-f861-47cf-a3a3-e7751f272b2f</sln:wojIIPId><sln:wojIIPPn>PL.PZGIK.200</sln:wojIIPPn><sln:wojIIPWersja>2017-10-10T00:00:00+02:00</sln:wojIIPWersja><sln:wojIdTeryt>12</sln:wojIdTeryt><sln:wojNazwa>małopolskie</sln:wojNazwa></sln:miejscowosc><sln:miejscowosc><sln:cyklZyciaDo>2017-04-19T00:00:00+02:00</sln:cyklZyciaDo><sln:cyklZyciaOd>2015-06-23T00:00:00+02:00</sln:cyklZyciaOd><sln:gmIIPId>4f4dd250-38f9-4316-a96a-aec164110b2f</sln:gmIIPId><sln:gmIIPPn>PL.PZGIK.200</sln:gmIIPPn><sln:gmIIPWersja>2012-09-26T22:14:36+02:00</sln:gmIIPWersja><sln:gmIdTeryt>1219043</sln:gmIdTeryt><sln:gmNazwa>Niepołomice</sln:gmNazwa><sln:miejscIIPId>7405c7a2-495f-46ae-896f-1baea6b37325</sln:miejscIIPId><sln:miejscIIPPn>PL.PZGIK.200</sln:miejscIIPPn><sln:miejscIIPWersja>2016-11-24T10:01:50+02:00</sln:miejscIIPWersja><sln:miejscIdTeryt>0328686</sln:miejscIdTeryt><sln:miejscNazwa>Podłęże</sln:miejscNazwa><sln:miejscRodzaj>Wieś</sln:miejscRodzaj><sln:powIIPId>45aa4cc1-64be-4f7b-96b3-b782b62d0baf</sln:powIIPId><sln:powIIPPn>PL.PZGIK.200</sln:powIIPPn><sln:powIIPWersja>2012-09-27T07:52:01+02:00</sln:powIIPWersja><sln:powIdTeryt>1219</sln:powIdTeryt><sln:powNazwa>wielicki</sln:powNazwa><sln:waznyOd>2015-03-17T00:00:00+01:00</sln:waznyOd><sln:wojIIPId>dd2e3c64-f861-47cf-a3a3-e7751f272b2f</sln:wojIIPId><sln:wojIIPPn>PL.PZGIK.200</sln:wojIIPPn><sln:wojIIPWersja>2017-10-10T00:00:00+02:00</sln:wojIIPWersja><sln:wojIdTeryt>12</sln:wojIdTeryt><sln:wojNazwa>małopolskie</sln:wojNazwa></sln:miejscowosc><sln:miejscowosc><sln:cyklZyciaDo>2017-04-19T00:00:00+02:00</sln:cyklZyciaDo><sln:cyklZyciaOd>2015-06-23T00:00:00+02:00</sln:cyklZyciaOd><sln:gmIIPId>4f4dd250-38f9-4316-a96a-aec164110b2f</sln:gmIIPId><sln:gmIIPPn>PL.PZGIK.200</sln:gmIIPPn><sln:gmIIPWersja>2012-09-26T22:14:36+02:00</sln:gmIIPWersja><sln:gmIdTeryt>1219043</sln:gmIdTeryt><sln:gmNazwa>Niepołomice</sln:gmNazwa><sln:miejscIIPId>6f1b0f96-66e6-47ab-85f3-57b7fd9d8e5f</sln:miejscIIPId><sln:miejscIIPPn>PL.PZGIK.200</sln:miejscIIPPn><sln:miejscIIPWersja>2016-11-24T10:01:50+02:00</sln:miejscIIPWersja><sln:miejscIdTeryt>0328781</sln:miejscIdTeryt><sln:miejscNazwa>Słomiróg</sln:miejscNazwa><sln:miejscRodzaj>Wieś</sln:miejscRodzaj><sln:powIIPId>45aa4cc1-64be-4f7b-96b3-b782b62d0baf</sln:powIIPId><sln:powIIPPn>PL.PZGIK.200</sln:powIIPPn><sln:powIIPWersja>2012-09-27T07:52:01+02:00</sln:powIIPWersja><sln:powIdTeryt>1219</sln:powIdTeryt><sln:powNazwa>wielicki</sln:powNazwa><sln:waznyOd>2015-03-17T00:00:00+01:00</sln:waznyOd><sln:wojIIPId>dd2e3c64-f861-47cf-a3a3-e7751f272b2f</sln:wojIIPId><sln:wojIIPPn>PL.PZGIK.200</sln:wojIIPPn><sln:wojIIPWersja>2017-10-10T00:00:00+02:00</sln:wojIIPWersja><sln:wojIdTeryt>12</sln:wojIdTeryt><sln:wojNazwa>małopolskie</sln:wojNazwa></sln:miejscowosc><sln:miejscowosc><sln:cyklZyciaDo>2017-04-19T00:00:00+02:00</sln:cyklZyciaDo><sln:cyklZyciaOd>2015-06-23T00:00:00+02:00</sln:cyklZyciaOd><sln:gmIIPId>4f4dd250-38f9-4316-a96a-aec164110b2f</sln:gmIIPId><sln:gmIIPPn>PL.PZGIK.200</sln:gmIIPPn><sln:gmIIPWersja>2012-09-26T22:14:36+02:00</sln:gmIIPWersja><sln:gmIdTeryt>1219043</sln:gmIdTeryt><sln:gmNazwa>Niepołomice</sln:gmNazwa><sln:miejscIIPId>6650e8d9-fd57-46a7-9bd7-432f49e65631</sln:miejscIIPId><sln:miejscIIPPn>PL.PZGIK.200</sln:miejscIIPPn><sln:miejscIIPWersja>2016-11-24T10:01:50+02:00</sln:miejscIIPWersja><sln:miejscIdTeryt>0328835</sln:miejscIdTeryt><sln:miejscNazwa>Staniątki</sln:miejscNazwa><sln:miejscRodzaj>Wieś</sln:miejscRodzaj><sln:powIIPId>45aa4cc1-64be-4f7b-96b3-b782b62d0baf</sln:powIIPId><sln:powIIPPn>PL.PZGIK.200</sln:powIIPPn><sln:powIIPWersja>2012-09-27T07:52:01+02:00</sln:powIIPWersja><sln:powIdTeryt>1219</sln:powIdTeryt><sln:powNazwa>wielicki</sln:powNazwa><sln:waznyOd>2015-03-17T00:00:00+01:00</sln:waznyOd><sln:wojIIPId>dd2e3c64-f861-47cf-a3a3-e7751f272b2f</sln:wojIIPId><sln:wojIIPPn>PL.PZGIK.200</sln:wojIIPPn><sln:wojIIPWersja>2017-10-10T00:00:00+02:00</sln:wojIIPWersja><sln:wojIdTeryt>12</sln:wojIdTeryt><sln:wojNazwa>małopolskie</sln:wojNazwa></sln:miejscowosc><sln:miejscowosc><sln:cyklZyciaDo>2017-04-19T00:00:00+02:00</sln:cyklZyciaDo><sln:cyklZyciaOd>2015-06-23T00:00:00+02:00</sln:cyklZyciaOd><sln:gmIIPId>4f4dd250-38f9-4316-a96a-aec164110b2f</sln:gmIIPId><sln:gmIIPPn>PL.PZGIK.200</sln:gmIIPPn><sln:gmIIPWersja>2012-09-26T22:14:36+02:00</sln:gmIIPWersja><sln:gmIdTeryt>1219043</sln:gmIdTeryt><sln:gmNazwa>Niepołomice</sln:gmNazwa><sln:miejscIIPId>0f92d392-1457-4e03-a438-77af041c85a0</sln:miejscIIPId><sln:miejscIIPPn>PL.PZGIK.200</sln:miejscIIPPn><sln:miejscIIPWersja>2016-11-24T10:01:50+02:00</sln:miejscIIPWersja><sln:miejscIdTeryt>0328953</sln:miejscIdTeryt><sln:miejscNazwa>Suchoraba</sln:miejscNazwa><sln:miejscRodzaj>Wieś</sln:miejscRodzaj><sln:powIIPId>45aa4cc1-64be-4f7b-96b3-b782b62d0baf</sln:powIIPId><sln:powIIPPn>PL.PZGIK.200</sln:powIIPPn><sln:powIIPWersja>2012-09-27T07:52:01+02:00</sln:powIIPWersja><sln:powIdTeryt>1219</sln:powIdTeryt><sln:powNazwa>wielicki</sln:powNazwa><sln:waznyOd>2015-03-17T00:00:00+01:00</sln:waznyOd><sln:wojIIPId>dd2e3c64-f861-47cf-a3a3-e7751f272b2f</sln:wojIIPId><sln:wojIIPPn>PL.PZGIK.200</sln:wojIIPPn><sln:wojIIPWersja>2017-10-10T00:00:00+02:00</sln:wojIIPWersja><sln:wojIdTeryt>12</sln:wojIdTeryt><sln:wojNazwa>małopolskie</sln:wojNazwa></sln:miejscowosc><sln:miejscowosc><sln:cyklZyciaDo>2017-04-19T00:00:00+02:00</sln:cyklZyciaDo><sln:cyklZyciaOd>2015-06-23T00:00:00+02:00</sln:cyklZyciaOd><sln:gmIIPId>4f4dd250-38f9-4316-a96a-aec164110b2f</sln:gmIIPId><sln:gmIIPPn>PL.PZGIK.200</sln:gmIIPPn><sln:gmIIPWersja>2012-09-26T22:14:36+02:00</sln:gmIIPWersja><sln:gmIdTeryt>1219043</sln:gmIdTeryt><sln:gmNazwa>Niepołomice</sln:gmNazwa><sln:miejscIIPId>353e4918-30f1-4f3b-abb4-6c821e233c33</sln:miejscIIPId><sln:miejscIIPPn>PL.PZGIK.200</sln:miejscIIPPn><sln:miejscIIPWersja>2016-11-24T10:01:50+02:00</sln:miejscIIPWersja><sln:miejscIdTeryt>0329020</sln:miejscIdTeryt><sln:miejscNazwa>Wola Batorska</sln:miejscNazwa><sln:miejscRodzaj>Wieś</sln:miejscRodzaj><sln:powIIPId>45aa4cc1-64be-4f7b-96b3-b782b62d0baf</sln:powIIPId><sln:powIIPPn>PL.PZGIK.200</sln:powIIPPn><sln:powIIPWersja>2012-09-27T07:52:01+02:00</sln:powIIPWersja><sln:powIdTeryt>1219</sln:powIdTeryt><sln:powNazwa>wielicki</sln:powNazwa><sln:waznyOd>2015-03-17T00:00:00+01:00</sln:waznyOd><sln:wojIIPId>dd2e3c64-f861-47cf-a3a3-e7751f272b2f</sln:wojIIPId><sln:wojIIPPn>PL.PZGIK.200</sln:wojIIPPn><sln:wojIIPWersja>2017-10-10T00:00:00+02:00</sln:wojIIPWersja><sln:wojIdTeryt>12</sln:wojIdTeryt><sln:wojNazwa>małopolskie</sln:wojNazwa></sln:miejscowosc><sln:miejscowosc><sln:cyklZyciaDo>2017-04-19T00:00:00+02:00</sln:cyklZyciaDo><sln:cyklZyciaOd>2015-06-23T00:00:00+02:00</sln:cyklZyciaOd><sln:gmIIPId>4f4dd250-38f9-4316-a96a-aec164110b2f</sln:gmIIPId><sln:gmIIPPn>PL.PZGIK.200</sln:gmIIPPn><sln:gmIIPWersja>2012-09-26T22:14:36+02:00</sln:gmIIPWersja><sln:gmIdTeryt>1219043</sln:gmIdTeryt><sln:gmNazwa>Niepołomice</sln:gmNazwa><sln:miejscIIPId>e21b8f7b-a215-4c13-bb82-678392814dcc</sln:miejscIIPId><sln:miejscIIPPn>PL.PZGIK.200</sln:miejscIIPPn><sln:miejscIIPWersja>2016-11-24T10:01:50+02:00</sln:miejscIIPWersja><sln:miejscIdTeryt>0329208</sln:miejscIdTeryt><sln:miejscNazwa>Wola Zabierzowska</sln:miejscNazwa><sln:miejscRodzaj>Wieś</sln:miejscRodzaj><sln:powIIPId>45aa4cc1-64be-4f7b-96b3-b782b62d0baf</sln:powIIPId><sln:powIIPPn>PL.PZGIK.200</sln:powIIPPn><sln:powIIPWersja>2012-09-27T07:52:01+02:00</sln:powIIPWersja><sln:powIdTeryt>1219</sln:powIdTeryt><sln:powNazwa>wielicki</sln:powNazwa><sln:waznyOd>2015-03-17T00:00:00+01:00</sln:waznyOd><sln:wojIIPId>dd2e3c64-f861-47cf-a3a3-e7751f272b2f</sln:wojIIPId><sln:wojIIPPn>PL.PZGIK.200</sln:wojIIPPn><sln:wojIIPWersja>2017-10-10T00:00:00+02:00</sln:wojIIPWersja><sln:wojIdTeryt>12</sln:wojIdTeryt><sln:wojNazwa>małopolskie</sln:wojNazwa></sln:miejscowosc><sln:miejscowosc><sln:cyklZyciaDo>2017-04-19T00:00:00+02:00</sln:cyklZyciaDo><sln:cyklZyciaOd>2015-06-23T00:00:00+02:00</sln:cyklZyciaOd><sln:gmIIPId>4f4dd250-38f9-4316-a96a-aec164110b2f</sln:gmIIPId><sln:gmIIPPn>PL.PZGIK.200</sln:gmIIPPn><sln:gmIIPWersja>2012-09-26T22:14:36+02:00</sln:gmIIPWersja><sln:gmIdTeryt>1219043</sln:gmIdTeryt><sln:gmNazwa>Niepołomice</sln:gmNazwa><sln:miejscIIPId>e8f03590-8630-4490-8f8c-5241e1f7c965</sln:miejscIIPId><sln:miejscIIPPn>PL.PZGIK.200</sln:miejscIIPPn><sln:miejscIIPWersja>2016-11-24T10:01:50+02:00</sln:miejscIIPWersja><sln:miejscIdTeryt>0329303</sln:miejscIdTeryt><sln:miejscNazwa>Zabierzów Bocheński</sln:miejscNazwa><sln:miejscRodzaj>Wieś</sln:miejscRodzaj><sln:powIIPId>45aa4cc1-64be-4f7b-96b3-b782b62d0baf</sln:powIIPId><sln:powIIPPn>PL.PZGIK.200</sln:powIIPPn><sln:powIIPWersja>2012-09-27T07:52:01+02:00</sln:powIIPWersja><sln:powIdTeryt>1219</sln:powIdTeryt><sln:powNazwa>wielicki</sln:powNazwa><sln:waznyOd>2015-03-17T00:00:00+01:00</sln:waznyOd><sln:wojIIPId>dd2e3c64-f861-47cf-a3a3-e7751f272b2f</sln:wojIIPId><sln:wojIIPPn>PL.PZGIK.200</sln:wojIIPPn><sln:wojIIPWersja>2017-10-10T00:00:00+02:00</sln:wojIIPWersja><sln:wojIdTeryt>12</sln:wojIdTeryt><sln:wojNazwa>małopolskie</sln:wojNazwa></sln:miejscowosc><sln:miejscowosc><sln:cyklZyciaDo>2017-04-19T00:00:00+02:00</sln:cyklZyciaDo><sln:cyklZyciaOd>2015-06-23T00:00:00+02:00</sln:cyklZyciaOd><sln:gmIIPId>4f4dd250-38f9-4316-a96a-aec164110b2f</sln:gmIIPId><sln:gmIIPPn>PL.PZGIK.200</sln:gmIIPPn><sln:gmIIPWersja>2012-09-26T22:14:36+02:00</sln:gmIIPWersja><sln:gmIdTeryt>1219043</sln:gmIdTeryt><sln:gmNazwa>Niepołomice</sln:gmNazwa><sln:miejscIIPId>5145e4ff-fa12-4d61-bcf0-770234234fbb</sln:miejscIIPId><sln:miejscIIPPn>PL.PZGIK.200</sln:miejscIIPPn><sln:miejscIIPWersja>2016-11-24T10:01:50+02:00</sln:miejscIIPWersja><sln:miejscIdTeryt>0329384</sln:miejscIdTeryt><sln:miejscNazwa>Zagórze</sln:miejscNazwa><sln:miejscRodzaj>Wieś</sln:miejscRodzaj><sln:powIIPId>45aa4cc1-64be-4f7b-96b3-b782b62d0baf</sln:powIIPId><sln:powIIPPn>PL.PZGIK.200</sln:powIIPPn><sln:powIIPWersja>2012-09-27T07:52:01+02:00</sln:powIIPWersja><sln:powIdTeryt>1219</sln:powIdTeryt><sln:powNazwa>wielicki</sln:powNazwa><sln:waznyOd>2015-03-17T00:00:00+01:00</sln:waznyOd><sln:wojIIPId>dd2e3c64-f861-47cf-a3a3-e7751f272b2f</sln:wojIIPId><sln:wojIIPPn>PL.PZGIK.200</sln:wojIIPPn><sln:wojIIPWersja>2017-10-10T00:00:00+02:00</sln:wojIIPWersja><sln:wojIdTeryt>12</sln:wojIdTeryt><sln:wojNazwa>małopolskie</sln:wojNazwa></sln:miejscowosc><sln:miejscowosc><sln:cyklZyciaDo>2017-04-19T00:00:00+02:00</sln:cyklZyciaDo><sln:cyklZyciaOd>2015-06-23T00:00:00+02:00</sln:cyklZyciaOd><sln:gmIIPId>4f4dd250-38f9-4316-a96a-aec164110b2f</sln:gmIIPId><sln:gmIIPPn>PL.PZGIK.200</sln:gmIIPPn><sln:gmIIPWersja>2012-09-26T22:14:36+02:00</sln:gmIIPWersja><sln:gmIdTeryt>1219043</sln:gmIdTeryt><sln:gmNazwa>Niepołomice</sln:gmNazwa><sln:miejscIIPId>e51cf3f3-4e97-4b2b-b525-d0b9902c98a8</sln:miejscIIPId><sln:miejscIIPPn>PL.PZGIK.200</sln:miejscIIPPn><sln:miejscIIPWersja>2016-11-24T10:01:50+02:00</sln:miejscIIPWersja><sln:miejscIdTeryt>0329496</sln:miejscIdTeryt><sln:miejscNazwa>Zakrzowiec</sln:miejscNazwa><sln:miejscRodzaj>Wieś</sln:miejscRodzaj><sln:powIIPId>45aa4cc1-64be-4f7b-96b3-b782b62d0baf</sln:powIIPId><sln:powIIPPn>PL.PZGIK.200</sln:powIIPPn><sln:powIIPWersja>2012-09-27T07:52:01+02:00</sln:powIIPWersja><sln:powIdTeryt>1219</sln:powIdTeryt><sln:powNazwa>wielicki</sln:powNazwa><sln:waznyOd>2015-03-17T00:00:00+01:00</sln:waznyOd><sln:wojIIPId>dd2e3c64-f861-47cf-a3a3-e7751f272b2f</sln:wojIIPId><sln:wojIIPPn>PL.PZGIK.200</sln:wojIIPPn><sln:wojIIPWersja>2017-10-10T00:00:00+02:00</sln:wojIIPWersja><sln:wojIdTeryt>12</sln:wojIdTeryt><sln:wojNazwa>małopolskie</sln:wojNazwa></sln:miejscowosc><sln:miejscowosc><sln:cyklZyciaDo>2017-04-19T00:00:00+02:00</sln:cyklZyciaDo><sln:cyklZyciaOd>2015-06-23T00:00:00+02:00</sln:cyklZyciaOd><sln:gmIIPId>4f4dd250-38f9-4316-a96a-aec164110b2f</sln:gmIIPId><sln:gmIIPPn>PL.PZGIK.200</sln:gmIIPPn><sln:gmIIPWersja>2012-09-26T22:14:36+02:00</sln:gmIIPWersja><sln:gmIdTeryt>1219043</sln:gmIdTeryt><sln:gmNazwa>Niepołomice</sln:gmNazwa><sln:miejscIIPId>4a356615-c9f2-4561-ad0f-246da4e8b4a8</sln:miejscIIPId><sln:miejscIIPPn>PL.PZGIK.200</sln:miejscIIPPn><sln:miejscIIPWersja>2016-11-24T10:01:50+02:00</sln:miejscIIPWersja><sln:miejscIdTeryt>0329504</sln:miejscIdTeryt><sln:miejscNazwa>Zakrzów</sln:miejscNazwa><sln:miejscRodzaj>Wieś</sln:miejscRodzaj><sln:powIIPId>45aa4cc1-64be-4f7b-96b3-b782b62d0baf</sln:powIIPId><sln:powIIPPn>PL.PZGIK.200</sln:powIIPPn><sln:powIIPWersja>2012-09-27T07:52:01+02:00</sln:powIIPWersja><sln:powIdTeryt>1219</sln:powIdTeryt><sln:powNazwa>wielicki</sln:powNazwa><sln:waznyOd>2015-03-17T00:00:00+01:00</sln:waznyOd><sln:wojIIPId>dd2e3c64-f861-47cf-a3a3-e7751f272b2f</sln:wojIIPId><sln:wojIIPPn>PL.PZGIK.200</sln:wojIIPPn><sln:wojIIPWersja>2017-10-10T00:00:00+02:00</sln:wojIIPWersja><sln:wojIdTeryt>12</sln:wojIdTeryt><sln:wojNazwa>małopolskie</sln:wojNazwa></sln:miejscowosc><sln:miejscowosc><sln:cyklZyciaOd>2017-04-19T00:00:00+02:00</sln:cyklZyciaOd><sln:gmIIPId>4f4dd250-38f9-4316-a96a-aec164110b2f</sln:gmIIPId><sln:gmIIPPn>PL.PZGIK.200</sln:gmIIPPn><sln:gmIIPWersja>2012-09-26T22:14:36+02:00</sln:gmIIPWersja><sln:gmIdTeryt>1219043</sln:gmIdTeryt><sln:gmNazwa>Niepołomice</sln:gmNazwa><sln:miejscIIPId>5f844a65-2d58-4275-8707-ad3b578ccf78</sln:miejscIIPId><sln:miejscIIPPn>PL.PZGIK.200</sln:miejscIIPPn><sln:miejscIIPWersja>2017-04-19T10:31:54+02:00</sln:miejscIIPWersja><sln:miejscIdTeryt>0328574</sln:miejscIdTeryt><sln:miejscNazwa>Chobot</sln:miejscNazwa><sln:miejscRodzaj>Wieś</sln:miejscRodzaj><sln:powIIPId>45aa4cc1-64be-4f7b-96b3-b782b62d0baf</sln:powIIPId><sln:powIIPPn>PL.PZGIK.200</sln:powIIPPn><sln:powIIPWersja>2012-09-27T07:52:01+02:00</sln:powIIPWersja><sln:powIdTeryt>1219</sln:powIdTeryt><sln:powNazwa>wielicki</sln:powNazwa><sln:waznyOd>2015-03-17T00:00:00+01:00</sln:waznyOd><sln:wojIIPId>dd2e3c64-f861-47cf-a3a3-e7751f272b2f</sln:wojIIPId><sln:wojIIPPn>PL.PZGIK.200</sln:wojIIPPn><sln:wojIIPWersja>2017-10-10T00:00:00+02:00</sln:wojIIPWersja><sln:wojIdTeryt>12</sln:wojIdTeryt><sln:wojNazwa>małopolskie</sln:wojNazwa></sln:miejscowosc><sln:miejscowosc><sln:cyklZyciaOd>2017-04-19T00:00:00+02:00</sln:cyklZyciaOd><sln:gmIIPId>4f4dd250-38f9-4316-a96a-aec164110b2f</sln:gmIIPId><sln:gmIIPPn>PL.PZGIK.200</sln:gmIIPPn><sln:gmIIPWersja>2012-09-26T22:14:36+02:00</sln:gmIIPWersja><sln:gmIdTeryt>1219043</sln:gmIdTeryt><sln:gmNazwa>Niepołomice</sln:gmNazwa><sln:miejscIIPId>0de9fb9e-f067-4e28-a432-542b38af5bb6</sln:miejscIIPId><sln:miejscIIPPn>PL.PZGIK.200</sln:miejscIIPPn><sln:miejscIIPWersja>2017-04-19T10:32:01+02:00</sln:miejscIIPWersja><sln:miejscIdTeryt>0328605</sln:miejscIdTeryt><sln:miejscNazwa>Ochmanów</sln:miejscNazwa><sln:miejscRodzaj>Wieś</sln:miejscRodzaj><sln:powIIPId>45aa4cc1-64be-4f7b-96b3-b782b62d0baf</sln:powIIPId><sln:powIIPPn>PL.PZGIK.200</sln:powIIPPn><sln:powIIPWersja>2012-09-27T07:52:01+02:00</sln:powIIPWersja><sln:powIdTeryt>1219</sln:powIdTeryt><sln:powNazwa>wielicki</sln:powNazwa><sln:waznyOd>2015-03-17T00:00:00+01:00</sln:waznyOd><sln:wojIIPId>dd2e3c64-f861-47cf-a3a3-e7751f272b2f</sln:wojIIPId><sln:wojIIPPn>PL.PZGIK.200</sln:wojIIPPn><sln:wojIIPWersja>2017-10-10T00:00:00+02:00</sln:wojIIPWersja><sln:wojIdTeryt>12</sln:wojIdTeryt><sln:wojNazwa>małopolskie</sln:wojNazwa></sln:miejscowosc><sln:miejscowosc><sln:cyklZyciaOd>2017-04-19T00:00:00+02:00</sln:cyklZyciaOd><sln:gmIIPId>4f4dd250-38f9-4316-a96a-aec164110b2f</sln:gmIIPId><sln:gmIIPPn>PL.PZGIK.200</sln:gmIIPPn><sln:gmIIPWersja>2012-09-26T22:14:36+02:00</sln:gmIIPWersja><sln:gmIdTeryt>1219043</sln:gmIdTeryt><sln:gmNazwa>Niepołomice</sln:gmNazwa><sln:miejscIIPId>7405c7a2-495f-46ae-896f-1baea6b37325</sln:miejscIIPId><sln:miejscIIPPn>PL.PZGIK.200</sln:miejscIIPPn><sln:miejscIIPWersja>2017-04-19T10:32:01+02:00</sln:miejscIIPWersja><sln:miejscIdTeryt>0328686</sln:miejscIdTeryt><sln:miejscNazwa>Podłęże</sln:miejscNazwa><sln:miejscRodzaj>Wieś</sln:miejscRodzaj><sln:powIIPId>45aa4cc1-64be-4f7b-96b3-b782b62d0baf</sln:powIIPId><sln:powIIPPn>PL.PZGIK.200</sln:powIIPPn><sln:powIIPWersja>2012-09-27T07:52:01+02:00</sln:powIIPWersja><sln:powIdTeryt>1219</sln:powIdTeryt><sln:powNazwa>wielicki</sln:powNazwa><sln:waznyOd>2015-03-17T00:00:00+01:00</sln:waznyOd><sln:wojIIPId>dd2e3c64-f861-47cf-a3a3-e7751f272b2f</sln:wojIIPId><sln:wojIIPPn>PL.PZGIK.200</sln:wojIIPPn><sln:wojIIPWersja>2017-10-10T00:00:00+02:00</sln:wojIIPWersja><sln:wojIdTeryt>12</sln:wojIdTeryt><sln:wojNazwa>małopolskie</sln:wojNazwa></sln:miejscowosc><sln:miejscowosc><sln:cyklZyciaOd>2017-04-19T00:00:00+02:00</sln:cyklZyciaOd><sln:gmIIPId>4f4dd250-38f9-4316-a96a-aec164110b2f</sln:gmIIPId><sln:gmIIPPn>PL.PZGIK.200</sln:gmIIPPn><sln:gmIIPWersja>2012-09-26T22:14:36+02:00</sln:gmIIPWersja><sln:gmIdTeryt>1219043</sln:gmIdTeryt><sln:gmNazwa>Niepołomice</sln:gmNazwa><sln:miejscIIPId>6f1b0f96-66e6-47ab-85f3-57b7fd9d8e5f</sln:miejscIIPId><sln:miejscIIPPn>PL.PZGIK.200</sln:miejscIIPPn><sln:miejscIIPWersja>2017-04-19T10:32:01+02:00</sln:miejscIIPWersja><sln:miejscIdTeryt>0328781</sln:miejscIdTeryt><sln:miejscNazwa>Słomiróg</sln:miejscNazwa><sln:miejscRodzaj>Wieś</sln:miejscRodzaj><sln:powIIPId>45aa4cc1-64be-4f7b-96b3-b782b62d0baf</sln:powIIPId><sln:powIIPPn>PL.PZGIK.200</sln:powIIPPn><sln:powIIPWersja>2012-09-27T07:52:01+02:00</sln:powIIPWersja><sln:powIdTeryt>1219</sln:powIdTeryt><sln:powNazwa>wielicki</sln:powNazwa><sln:waznyOd>2015-03-17T00:00:00+01:00</sln:waznyOd><sln:wojIIPId>dd2e3c64-f861-47cf-a3a3-e7751f272b2f</sln:wojIIPId><sln:wojIIPPn>PL.PZGIK.200</sln:wojIIPPn><sln:wojIIPWersja>2017-10-10T00:00:00+02:00</sln:wojIIPWersja><sln:wojIdTeryt>12</sln:wojIdTeryt><sln:wojNazwa>małopolskie</sln:wojNazwa></sln:miejscowosc><sln:miejscowosc><sln:cyklZyciaOd>2017-04-19T00:00:00+02:00</sln:cyklZyciaOd><sln:gmIIPId>4f4dd250-38f9-4316-a96a-aec164110b2f</sln:gmIIPId><sln:gmIIPPn>PL.PZGIK.200</sln:gmIIPPn><sln:gmIIPWersja>2012-09-26T22:14:36+02:00</sln:gmIIPWersja><sln:gmIdTeryt>1219043</sln:gmIdTeryt><sln:gmNazwa>Niepołomice</sln:gmNazwa><sln:miejscIIPId>6650e8d9-fd57-46a7-9bd7-432f49e65631</sln:miejscIIPId><sln:miejscIIPPn>PL.PZGIK.200</sln:miejscIIPPn><sln:miejscIIPWersja>2017-04-19T10:32:01+02:00</sln:miejscIIPWersja><sln:miejscIdTeryt>0328835</sln:miejscIdTeryt><sln:miejscNazwa>Staniątki</sln:miejscNazwa><sln:miejscRodzaj>Wieś</sln:miejscRodzaj><sln:powIIPId>45aa4cc1-64be-4f7b-96b3-b782b62d0baf</sln:powIIPId><sln:powIIPPn>PL.PZGIK.200</sln:powIIPPn><sln:powIIPWersja>2012-09-27T07:52:01+02:00</sln:powIIPWersja><sln:powIdTeryt>1219</sln:powIdTeryt><sln:powNazwa>wielicki</sln:powNazwa><sln:waznyOd>2015-03-17T00:00:00+01:00</sln:waznyOd><sln:wojIIPId>dd2e3c64-f861-47cf-a3a3-e7751f272b2f</sln:wojIIPId><sln:wojIIPPn>PL.PZGIK.200</sln:wojIIPPn><sln:wojIIPWersja>2017-10-10T00:00:00+02:00</sln:wojIIPWersja><sln:wojIdTeryt>12</sln:wojIdTeryt><sln:wojNazwa>małopolskie</sln:wojNazwa></sln:miejscowosc><sln:miejscowosc><sln:cyklZyciaOd>2017-04-19T00:00:00+02:00</sln:cyklZyciaOd><sln:gmIIPId>4f4dd250-38f9-4316-a96a-aec164110b2f</sln:gmIIPId><sln:gmIIPPn>PL.PZGIK.200</sln:gmIIPPn><sln:gmIIPWersja>2012-09-26T22:14:36+02:00</sln:gmIIPWersja><sln:gmIdTeryt>1219043</sln:gmIdTeryt><sln:gmNazwa>Niepołomice</sln:gmNazwa><sln:miejscIIPId>0f92d392-1457-4e03-a438-77af041c85a0</sln:miejscIIPId><sln:miejscIIPPn>PL.PZGIK.200</sln:miejscIIPPn><sln:miejscIIPWersja>2017-04-19T10:32:01+02:00</sln:miejscIIPWersja><sln:miejscIdTeryt>0328953</sln:miejscIdTeryt><sln:miejscNazwa>Suchoraba</sln:miejscNazwa><sln:miejscRodzaj>Wieś</sln:miejscRodzaj><sln:powIIPId>45aa4cc1-64be-4f7b-96b3-b782b62d0baf</sln:powIIPId><sln:powIIPPn>PL.PZGIK.200</sln:powIIPPn><sln:powIIPWersja>2012-09-27T07:52:01+02:00</sln:powIIPWersja><sln:powIdTeryt>1219</sln:powIdTeryt><sln:powNazwa>wielicki</sln:powNazwa><sln:waznyOd>2015-03-17T00:00:00+01:00</sln:waznyOd><sln:wojIIPId>dd2e3c64-f861-47cf-a3a3-e7751f272b2f</sln:wojIIPId><sln:wojIIPPn>PL.PZGIK.200</sln:wojIIPPn><sln:wojIIPWersja>2017-10-10T00:00:00+02:00</sln:wojIIPWersja><sln:wojIdTeryt>12</sln:wojIdTeryt><sln:wojNazwa>małopolskie</sln:wojNazwa></sln:miejscowosc><sln:miejscowosc><sln:cyklZyciaOd>2017-04-19T00:00:00+02:00</sln:cyklZyciaOd><sln:gmIIPId>4f4dd250-38f9-4316-a96a-aec164110b2f</sln:gmIIPId><sln:gmIIPPn>PL.PZGIK.200</sln:gmIIPPn><sln:gmIIPWersja>2012-09-26T22:14:36+02:00</sln:gmIIPWersja><sln:gmIdTeryt>1219043</sln:gmIdTeryt><sln:gmNazwa>Niepołomice</sln:gmNazwa><sln:miejscIIPId>353e4918-30f1-4f3b-abb4-6c821e233c33</sln:miejscIIPId><sln:miejscIIPPn>PL.PZGIK.200</sln:miejscIIPPn><sln:miejscIIPWersja>2017-04-19T10:32:02+02:00</sln:miejscIIPWersja><sln:miejscIdTeryt>0329020</sln:miejscIdTeryt><sln:miejscNazwa>Wola Batorska</sln:miejscNazwa><sln:miejscRodzaj>Wieś</sln:miejscRodzaj><sln:powIIPId>45aa4cc1-64be-4f7b-96b3-b782b62d0baf</sln:powIIPId><sln:powIIPPn>PL.PZGIK.200</sln:powIIPPn><sln:powIIPWersja>2012-09-27T07:52:01+02:00</sln:powIIPWersja><sln:powIdTeryt>1219</sln:powIdTeryt><sln:powNazwa>wielicki</sln:powNazwa><sln:waznyOd>2015-03-17T00:00:00+01:00</sln:waznyOd><sln:wojIIPId>dd2e3c64-f861-47cf-a3a3-e7751f272b2f</sln:wojIIPId><sln:wojIIPPn>PL.PZGIK.200</sln:wojIIPPn><sln:wojIIPWersja>2017-10-10T00:00:00+02:00</sln:wojIIPWersja><sln:wojIdTeryt>12</sln:wojIdTeryt><sln:wojNazwa>małopolskie</sln:wojNazwa></sln:miejscowosc><sln:miejscowosc><sln:cyklZyciaOd>2017-04-19T00:00:00+02:00</sln:cyklZyciaOd><sln:gmIIPId>4f4dd250-38f9-4316-a96a-aec164110b2f</sln:gmIIPId><sln:gmIIPPn>PL.PZGIK.200</sln:gmIIPPn><sln:gmIIPWersja>2012-09-26T22:14:36+02:00</sln:gmIIPWersja><sln:gmIdTeryt>1219043</sln:gmIdTeryt><sln:gmNazwa>Niepołomice</sln:gmNazwa><sln:miejscIIPId>e21b8f7b-a215-4c13-bb82-678392814dcc</sln:miejscIIPId><sln:miejscIIPPn>PL.PZGIK.200</sln:miejscIIPPn><sln:miejscIIPWersja>2017-04-19T10:32:02+02:00</sln:miejscIIPWersja><sln:miejscIdTeryt>0329208</sln:miejscIdTeryt><sln:miejscNazwa>Wola Zabierzowska</sln:miejscNazwa><sln:miejscRodzaj>Wieś</sln:miejscRodzaj><sln:powIIPId>45aa4cc1-64be-4f7b-96b3-b782b62d0baf</sln:powIIPId><sln:powIIPPn>PL.PZGIK.200</sln:powIIPPn><sln:powIIPWersja>2012-09-27T07:52:01+02:00</sln:powIIPWersja><sln:powIdTeryt>1219</sln:powIdTeryt><sln:powNazwa>wielicki</sln:powNazwa><sln:waznyOd>2015-03-17T00:00:00+01:00</sln:waznyOd><sln:wojIIPId>dd2e3c64-f861-47cf-a3a3-e7751f272b2f</sln:wojIIPId><sln:wojIIPPn>PL.PZGIK.200</sln:wojIIPPn><sln:wojIIPWersja>2017-10-10T00:00:00+02:00</sln:wojIIPWersja><sln:wojIdTeryt>12</sln:wojIdTeryt><sln:wojNazwa>małopolskie</sln:wojNazwa></sln:miejscowosc><sln:miejscowosc><sln:cyklZyciaOd>2017-04-19T00:00:00+02:00</sln:cyklZyciaOd><sln:gmIIPId>4f4dd250-38f9-4316-a96a-aec164110b2f</sln:gmIIPId><sln:gmIIPPn>PL.PZGIK.200</sln:gmIIPPn><sln:gmIIPWersja>2012-09-26T22:14:36+02:00</sln:gmIIPWersja><sln:gmIdTeryt>1219043</sln:gmIdTeryt><sln:gmNazwa>Niepołomice</sln:gmNazwa><sln:miejscIIPId>e8f03590-8630-4490-8f8c-5241e1f7c965</sln:miejscIIPId><sln:miejscIIPPn>PL.PZGIK.200</sln:miejscIIPPn><sln:miejscIIPWersja>2017-04-19T10:32:02+02:00</sln:miejscIIPWersja><sln:miejscIdTeryt>0329303</sln:miejscIdTeryt><sln:miejscNazwa>Zabierzów Bocheński</sln:miejscNazwa><sln:miejscRodzaj>Wieś</sln:miejscRodzaj><sln:powIIPId>45aa4cc1-64be-4f7b-96b3-b782b62d0baf</sln:powIIPId><sln:powIIPPn>PL.PZGIK.200</sln:powIIPPn><sln:powIIPWersja>2012-09-27T07:52:01+02:00</sln:powIIPWersja><sln:powIdTeryt>1219</sln:powIdTeryt><sln:powNazwa>wielicki</sln:powNazwa><sln:waznyOd>2015-03-17T00:00:00+01:00</sln:waznyOd><sln:wojIIPId>dd2e3c64-f861-47cf-a3a3-e7751f272b2f</sln:wojIIPId><sln:wojIIPPn>PL.PZGIK.200</sln:wojIIPPn><sln:wojIIPWersja>2017-10-10T00:00:00+02:00</sln:wojIIPWersja><sln:wojIdTeryt>12</sln:wojIdTeryt><sln:wojNazwa>małopolskie</sln:wojNazwa></sln:miejscowosc><sln:miejscowosc><sln:cyklZyciaOd>2017-04-19T00:00:00+02:00</sln:cyklZyciaOd><sln:gmIIPId>4f4dd250-38f9-4316-a96a-aec164110b2f</sln:gmIIPId><sln:gmIIPPn>PL.PZGIK.200</sln:gmIIPPn><sln:gmIIPWersja>2012-09-26T22:14:36+02:00</sln:gmIIPWersja><sln:gmIdTeryt>1219043</sln:gmIdTeryt><sln:gmNazwa>Niepołomice</sln:gmNazwa><sln:miejscIIPId>5145e4ff-fa12-4d61-bcf0-770234234fbb</sln:miejscIIPId><sln:miejscIIPPn>PL.PZGIK.200</sln:miejscIIPPn><sln:miejscIIPWersja>2017-04-19T10:32:02+02:00</sln:miejscIIPWersja><sln:miejscIdTeryt>0329384</sln:miejscIdTeryt><sln:miejscNazwa>Zagórze</sln:miejscNazwa><sln:miejscRodzaj>Wieś</sln:miejscRodzaj><sln:powIIPId>45aa4cc1-64be-4f7b-96b3-b782b62d0baf</sln:powIIPId><sln:powIIPPn>PL.PZGIK.200</sln:powIIPPn><sln:powIIPWersja>2012-09-27T07:52:01+02:00</sln:powIIPWersja><sln:powIdTeryt>1219</sln:powIdTeryt><sln:powNazwa>wielicki</sln:powNazwa><sln:waznyOd>2015-03-17T00:00:00+01:00</sln:waznyOd><sln:wojIIPId>dd2e3c64-f861-47cf-a3a3-e7751f272b2f</sln:wojIIPId><sln:wojIIPPn>PL.PZGIK.200</sln:wojIIPPn><sln:wojIIPWersja>2017-10-10T00:00:00+02:00</sln:wojIIPWersja><sln:wojIdTeryt>12</sln:wojIdTeryt><sln:wojNazwa>małopolskie</sln:wojNazwa></sln:miejscowosc><sln:miejscowosc><sln:cyklZyciaOd>2017-04-19T00:00:00+02:00</sln:cyklZyciaOd><sln:gmIIPId>4f4dd250-38f9-4316-a96a-aec164110b2f</sln:gmIIPId><sln:gmIIPPn>PL.PZGIK.200</sln:gmIIPPn><sln:gmIIPWersja>2012-09-26T22:14:36+02:00</sln:gmIIPWersja><sln:gmIdTeryt>1219043</sln:gmIdTeryt><sln:gmNazwa>Niepołomice</sln:gmNazwa><sln:miejscIIPId>e51cf3f3-4e97-4b2b-b525-d0b9902c98a8</sln:miejscIIPId><sln:miejscIIPPn>PL.PZGIK.200</sln:miejscIIPPn><sln:miejscIIPWersja>2017-04-19T10:32:02+02:00</sln:miejscIIPWersja><sln:miejscIdTeryt>0329496</sln:miejscIdTeryt><sln:miejscNazwa>Zakrzowiec</sln:miejscNazwa><sln:miejscRodzaj>Wieś</sln:miejscRodzaj><sln:powIIPId>45aa4cc1-64be-4f7b-96b3-b782b62d0baf</sln:powIIPId><sln:powIIPPn>PL.PZGIK.200</sln:powIIPPn><sln:powIIPWersja>2012-09-27T07:52:01+02:00</sln:powIIPWersja><sln:powIdTeryt>1219</sln:powIdTeryt><sln:powNazwa>wielicki</sln:powNazwa><sln:waznyOd>2015-03-17T00:00:00+01:00</sln:waznyOd><sln:wojIIPId>dd2e3c64-f861-47cf-a3a3-e7751f272b2f</sln:wojIIPId><sln:wojIIPPn>PL.PZGIK.200</sln:wojIIPPn><sln:wojIIPWersja>2017-10-10T00:00:00+02:00</sln:wojIIPWersja><sln:wojIdTeryt>12</sln:wojIdTeryt><sln:wojNazwa>małopolskie</sln:wojNazwa></sln:miejscowosc><sln:miejscowosc><sln:cyklZyciaOd>2017-04-19T00:00:00+02:00</sln:cyklZyciaOd><sln:gmIIPId>4f4dd250-38f9-4316-a96a-aec164110b2f</sln:gmIIPId><sln:gmIIPPn>PL.PZGIK.200</sln:gmIIPPn><sln:gmIIPWersja>2012-09-26T22:14:36+02:00</sln:gmIIPWersja><sln:gmIdTeryt>1219043</sln:gmIdTeryt><sln:gmNazwa>Niepołomice</sln:gmNazwa><sln:miejscIIPId>4a356615-c9f2-4561-ad0f-246da4e8b4a8</sln:miejscIIPId><sln:miejscIIPPn>PL.PZGIK.200</sln:miejscIIPPn><sln:miejscIIPWersja>2017-04-19T10:32:02+02:00</sln:miejscIIPWersja><sln:miejscIdTeryt>0329504</sln:miejscIdTeryt><sln:miejscNazwa>Zakrzów</sln:miejscNazwa><sln:miejscRodzaj>Wieś</sln:miejscRodzaj><sln:powIIPId>45aa4cc1-64be-4f7b-96b3-b782b62d0baf</sln:powIIPId><sln:powIIPPn>PL.PZGIK.200</sln:powIIPPn><sln:powIIPWersja>2012-09-27T07:52:01+02:00</sln:powIIPWersja><sln:powIdTeryt>1219</sln:powIdTeryt><sln:powNazwa>wielicki</sln:powNazwa><sln:waznyOd>2015-03-17T00:00:00+01:00</sln:waznyOd><sln:wojIIPId>dd2e3c64-f861-47cf-a3a3-e7751f272b2f</sln:wojIIPId><sln:wojIIPPn>PL.PZGIK.200</sln:wojIIPPn><sln:wojIIPWersja>2017-10-10T00:00:00+02:00</sln:wojIIPWersja><sln:wojIdTeryt>12</sln:wojIdTeryt><sln:wojNazwa>małopolskie</sln:wojNazwa></sln:miejscowosc><sln:miejscowosc><sln:cyklZyciaOd>2017-04-19T00:00:00+02:00</sln:cyklZyciaOd><sln:gmIIPId>4f4dd250-38f9-4316-a96a-aec164110b2f</sln:gmIIPId><sln:gmIIPPn>PL.PZGIK.200</sln:gmIIPPn><sln:gmIIPWersja>2012-09-26T22:14:36+02:00</sln:gmIIPWersja><sln:gmIdTeryt>1219043</sln:gmIdTeryt><sln:gmNazwa>Niepołomice</sln:gmNazwa><sln:miejscIIPId>cd18da6d-2f26-40a5-bb72-8d9c0e17eb82</sln:miejscIIPId><sln:miejscIIPPn>PL.PZGIK.200</sln:miejscIIPPn><sln:miejscIIPWersja>2017-04-19T10:32:02+02:00</sln:miejscIIPWersja><sln:miejscIdTeryt>0951675</sln:miejscIdTeryt><sln:miejscNazwa>Niepołomice</sln:miejscNazwa><sln:miejscRodzaj>Miasto</sln:miejscRodzaj><sln:powIIPId>45aa4cc1-64be-4f7b-96b3-b782b62d0baf</sln:powIIPId><sln:powIIPPn>PL.PZGIK.200</sln:powIIPPn><sln:powIIPWersja>2012-09-27T07:52:01+02:00</sln:powIIPWersja><sln:powIdTeryt>1219</sln:powIdTeryt><sln:powNazwa>wielicki</sln:powNazwa><sln:waznyOd>2015-03-17T00:00:00+01:00</sln:waznyOd><sln:wojIIPId>dd2e3c64-f861-47cf-a3a3-e7751f272b2f</sln:wojIIPId><sln:wojIIPPn>PL.PZGIK.200</sln:wojIIPPn><sln:wojIIPWersja>2017-10-10T00:00:00+02:00</sln:wojIIPWersja><sln:wojIdTeryt>12</sln:wojIdTeryt><sln:wojNazwa>małopolskie</sln:wojNazwa></sln:miejscowosc></sln:lista-miejscowosci>