<?xml version="1.0" encoding="UTF-8" standalone="yes"?><sln:lista-miejscowosci xmlns:srv="http://gugik.gov.pl/schemas/slowniki-service/1.0" xmlns:sln="http://gugik.gov.pl/schemas/slowniki-schema/1.0"><sln:miejscowosc><sln:cyklZyciaOd>2014-12-03T00:00:00+01:00</sln:cyklZyciaOd><sln:gmIIPId>f3c0fed0-df9c-484f-93c8-a9a282156504</sln:gmIIPId><sln:gmIIPPn>PL.PZGIK.200</sln:gmIIPPn><sln:gmIIPWersja>2012-09-26T22:10:04+02:00</sln:gmIIPWersja><sln:gmIdTeryt>1208032</sln:gmIdTeryt><sln:gmNazwa>Kozłów</sln:gmNazwa><sln:miejscIIPId>d8e0a230-3a54-4585-b0e5-9078d0254bf0</sln:miejscIIPId><sln:miejscIIPPn>PL.PZGIK.200</sln:miejscIIPPn><sln:miejscIIPWersja>2016-11-24T13:40:06+02:00</sln:miejscIIPWersja><sln:miejscIdTeryt>0245291</sln:miejscIdTeryt><sln:miejscNazwa>Kozłów</sln:miejscNazwa><sln:miejscRodzaj>Wieś</sln:miejscRodzaj><sln:powIIPId>044838ea-446c-4679-9bf9-a0f7351d0e26</sln:powIIPId><sln:powIIPPn>PL.PZGIK.200</sln:powIIPPn><sln:powIIPWersja>2012-09-27T07:52:00+02:00</sln:powIIPWersja><sln:powIdTeryt>1208</sln:powIdTeryt><sln:powNazwa>miechowski</sln:powNazwa><sln:wojIIPId>dd2e3c64-f861-47cf-a3a3-e7751f272b2f</sln:wojIIPId><sln:wojIIPPn>PL.PZGIK.200</sln:wojIIPPn><sln:wojIIPWersja>2017-10-10T00:00:00+02:00</sln:wojIIPWersja><sln:wojIdTeryt>12</sln:wojIdTeryt><sln:wojNazwa>małopolskie</sln:wojNazwa></sln:miejscowosc><sln:miejscowosc><sln:cyklZyciaDo>2018-01-26T00:00:00+01:00</sln:cyklZyciaDo><sln:cyklZyciaOd>2014-12-03T00:00:00+01:00</sln:cyklZyciaOd><sln:gmIIPId>f3c0fed0-df9c-484f-93c8-a9a282156504</sln:gmIIPId><sln:gmIIPPn>PL.PZGIK.200</sln:gmIIPPn><sln:gmIIPWersja>2012-09-26T22:10:04+02:00</sln:gmIIPWersja><sln:gmIdTeryt>1208032</sln:gmIdTeryt><sln:gmNazwa>Kozłów</sln:gmNazwa><sln:miejscIIPId>d4df3d26-04d9-4efa-8cea-c749f7840e22</sln:miejscIIPId><sln:miejscIIPPn>PL.PZGIK.200</sln:miejscIIPPn><sln:miejscIIPWersja>2016-11-24T13:45:54+02:00</sln:miejscIIPWersja><sln:miejscIdTeryt>0245486</sln:miejscIdTeryt><sln:miejscNazwa>Pod Lasem</sln:miejscNazwa><sln:miejscRodzaj>Inny obiekt</sln:miejscRodzaj><sln:powIIPId>044838ea-446c-4679-9bf9-a0f7351d0e26</sln:powIIPId><sln:powIIPPn>PL.PZGIK.200</sln:powIIPPn><sln:powIIPWersja>2012-09-27T07:52:00+02:00</sln:powIIPWersja><sln:powIdTeryt>1208</sln:powIdTeryt><sln:powNazwa>miechowski</sln:powNazwa><sln:wojIIPId>dd2e3c64-f861-47cf-a3a3-e7751f272b2f</sln:wojIIPId><sln:wojIIPPn>PL.PZGIK.200</sln:wojIIPPn><sln:wojIIPWersja>2017-10-10T00:00:00+02:00</sln:wojIIPWersja><sln:wojIdTeryt>12</sln:wojIdTeryt><sln:wojNazwa>małopolskie</sln:wojNazwa></sln:miejscowosc><sln:miejscowosc><sln:cyklZyciaOd>2014-12-03T00:00:00+01:00</sln:cyklZyciaOd><sln:gmIIPId>f3c0fed0-df9c-484f-93c8-a9a282156504</sln:gmIIPId><sln:gmIIPPn>PL.PZGIK.200</sln:gmIIPPn><sln:gmIIPWersja>2012-09-26T22:10:04+02:00</sln:gmIIPWersja><sln:gmIdTeryt>1208032</sln:gmIdTeryt><sln:gmNazwa>Kozłów</sln:gmNazwa><sln:miejscIIPId>eb384993-f21e-409d-a758-f51d752af33c</sln:miejscIIPId><sln:miejscIIPPn>PL.PZGIK.200</sln:miejscIIPPn><sln:miejscIIPWersja>2016-11-24T13:45:47+02:00</sln:miejscIIPWersja><sln:miejscIdTeryt>0245405</sln:miejscIdTeryt><sln:miejscNazwa>Miechówka</sln:miejscNazwa><sln:miejscRodzaj>Inny obiekt</sln:miejscRodzaj><sln:powIIPId>044838ea-446c-4679-9bf9-a0f7351d0e26</sln:powIIPId><sln:powIIPPn>PL.PZGIK.200</sln:powIIPPn><sln:powIIPWersja>2012-09-27T07:52:00+02:00</sln:powIIPWersja><sln:powIdTeryt>1208</sln:powIdTeryt><sln:powNazwa>miechowski</sln:powNazwa><sln:wojIIPId>dd2e3c64-f861-47cf-a3a3-e7751f272b2f</sln:wojIIPId><sln:wojIIPPn>PL.PZGIK.200</sln:wojIIPPn><sln:wojIIPWersja>2017-10-10T00:00:00+02:00</sln:wojIIPWersja><sln:wojIdTeryt>12</sln:wojIdTeryt><sln:wojNazwa>małopolskie</sln:wojNazwa></sln:miejscowosc><sln:miejscowosc><sln:cyklZyciaOd>2014-12-03T00:00:00+01:00</sln:cyklZyciaOd><sln:gmIIPId>f3c0fed0-df9c-484f-93c8-a9a282156504</sln:gmIIPId><sln:gmIIPPn>PL.PZGIK.200</sln:gmIIPPn><sln:gmIIPWersja>2012-09-26T22:10:04+02:00</sln:gmIIPWersja><sln:gmIdTeryt>1208032</sln:gmIdTeryt><sln:gmNazwa>Kozłów</sln:gmNazwa><sln:miejscIIPId>48901e5b-8be5-4177-8edd-c2a486e0af88</sln:miejscIIPId><sln:miejscIIPPn>PL.PZGIK.200</sln:miejscIIPPn><sln:miejscIIPWersja>2016-11-24T13:39:11+02:00</sln:miejscIIPWersja><sln:miejscIdTeryt>0245150</sln:miejscIdTeryt><sln:miejscNazwa>Kamionka</sln:miejscNazwa><sln:miejscRodzaj>Wieś</sln:miejscRodzaj><sln:powIIPId>044838ea-446c-4679-9bf9-a0f7351d0e26</sln:powIIPId><sln:powIIPPn>PL.PZGIK.200</sln:powIIPPn><sln:powIIPWersja>2012-09-27T07:52:00+02:00</sln:powIIPWersja><sln:powIdTeryt>1208</sln:powIdTeryt><sln:powNazwa>miechowski</sln:powNazwa><sln:wojIIPId>dd2e3c64-f861-47cf-a3a3-e7751f272b2f</sln:wojIIPId><sln:wojIIPPn>PL.PZGIK.200</sln:wojIIPPn><sln:wojIIPWersja>2017-10-10T00:00:00+02:00</sln:wojIIPWersja><sln:wojIdTeryt>12</sln:wojIdTeryt><sln:wojNazwa>małopolskie</sln:wojNazwa></sln:miejscowosc><sln:miejscowosc><sln:cyklZyciaOd>2014-12-03T00:00:00+01:00</sln:cyklZyciaOd><sln:gmIIPId>f3c0fed0-df9c-484f-93c8-a9a282156504</sln:gmIIPId><sln:gmIIPPn>PL.PZGIK.200</sln:gmIIPPn><sln:gmIIPWersja>2012-09-26T22:10:04+02:00</sln:gmIIPWersja><sln:gmIdTeryt>1208032</sln:gmIdTeryt><sln:gmNazwa>Kozłów</sln:gmNazwa><sln:miejscIIPId>acea9587-6cb6-414c-be41-10ef94f5800d</sln:miejscIIPId><sln:miejscIIPPn>PL.PZGIK.200</sln:miejscIIPPn><sln:miejscIIPWersja>2016-11-24T13:45:47+02:00</sln:miejscIIPWersja><sln:miejscIdTeryt>0245428</sln:miejscIdTeryt><sln:miejscNazwa>Podlesie</sln:miejscNazwa><sln:miejscRodzaj>Inny obiekt</sln:miejscRodzaj><sln:powIIPId>044838ea-446c-4679-9bf9-a0f7351d0e26</sln:powIIPId><sln:powIIPPn>PL.PZGIK.200</sln:powIIPPn><sln:powIIPWersja>2012-09-27T07:52:00+02:00</sln:powIIPWersja><sln:powIdTeryt>1208</sln:powIdTeryt><sln:powNazwa>miechowski</sln:powNazwa><sln:wojIIPId>dd2e3c64-f861-47cf-a3a3-e7751f272b2f</sln:wojIIPId><sln:wojIIPPn>PL.PZGIK.200</sln:wojIIPPn><sln:wojIIPWersja>2017-10-10T00:00:00+02:00</sln:wojIIPWersja><sln:wojIdTeryt>12</sln:wojIdTeryt><sln:wojNazwa>małopolskie</sln:wojNazwa></sln:miejscowosc><sln:miejscowosc><sln:cyklZyciaOd>2014-12-03T00:00:00+01:00</sln:cyklZyciaOd><sln:gmIIPId>f3c0fed0-df9c-484f-93c8-a9a282156504</sln:gmIIPId><sln:gmIIPPn>PL.PZGIK.200</sln:gmIIPPn><sln:gmIIPWersja>2012-09-26T22:10:04+02:00</sln:gmIIPWersja><sln:gmIdTeryt>1208032</sln:gmIdTeryt><sln:gmNazwa>Kozłów</sln:gmNazwa><sln:miejscIIPId>33a89eb8-1d55-4ddf-ae7d-5b10ae1a45db</sln:miejscIIPId><sln:miejscIIPPn>PL.PZGIK.200</sln:miejscIIPPn><sln:miejscIIPWersja>2016-11-24T13:41:55+02:00</sln:miejscIIPWersja><sln:miejscIdTeryt>0245316</sln:miejscIdTeryt><sln:miejscNazwa>Marcinowice</sln:miejscNazwa><sln:miejscRodzaj>Wieś</sln:miejscRodzaj><sln:powIIPId>044838ea-446c-4679-9bf9-a0f7351d0e26</sln:powIIPId><sln:powIIPPn>PL.PZGIK.200</sln:powIIPPn><sln:powIIPWersja>2012-09-27T07:52:00+02:00</sln:powIIPWersja><sln:powIdTeryt>1208</sln:powIdTeryt><sln:powNazwa>miechowski</sln:powNazwa><sln:wojIIPId>dd2e3c64-f861-47cf-a3a3-e7751f272b2f</sln:wojIIPId><sln:wojIIPPn>PL.PZGIK.200</sln:wojIIPPn><sln:wojIIPWersja>2017-10-10T00:00:00+02:00</sln:wojIIPWersja><sln:wojIdTeryt>12</sln:wojIdTeryt><sln:wojNazwa>małopolskie</sln:wojNazwa></sln:miejscowosc><sln:miejscowosc><sln:cyklZyciaOd>2014-12-03T00:00:00+01:00</sln:cyklZyciaOd><sln:gmIIPId>f3c0fed0-df9c-484f-93c8-a9a282156504</sln:gmIIPId><sln:gmIIPPn>PL.PZGIK.200</sln:gmIIPPn><sln:gmIIPWersja>2012-09-26T22:10:04+02:00</sln:gmIIPWersja><sln:gmIdTeryt>1208032</sln:gmIdTeryt><sln:gmNazwa>Kozłów</sln:gmNazwa><sln:miejscIIPId>a3247a84-85fd-4c9c-a3cc-f6cffc005c0d</sln:miejscIIPId><sln:miejscIIPPn>PL.PZGIK.200</sln:miejscIIPPn><sln:miejscIIPWersja>2016-11-24T13:57:55+02:00</sln:miejscIIPWersja><sln:miejscIdTeryt>0245115</sln:miejscIdTeryt><sln:miejscNazwa>Bogdanów-Kolonia</sln:miejscNazwa><sln:miejscRodzaj>Inny obiekt</sln:miejscRodzaj><sln:powIIPId>044838ea-446c-4679-9bf9-a0f7351d0e26</sln:powIIPId><sln:powIIPPn>PL.PZGIK.200</sln:powIIPPn><sln:powIIPWersja>2012-09-27T07:52:00+02:00</sln:powIIPWersja><sln:powIdTeryt>1208</sln:powIdTeryt><sln:powNazwa>miechowski</sln:powNazwa><sln:wojIIPId>dd2e3c64-f861-47cf-a3a3-e7751f272b2f</sln:wojIIPId><sln:wojIIPPn>PL.PZGIK.200</sln:wojIIPPn><sln:wojIIPWersja>2017-10-10T00:00:00+02:00</sln:wojIIPWersja><sln:wojIdTeryt>12</sln:wojIdTeryt><sln:wojNazwa>małopolskie</sln:wojNazwa></sln:miejscowosc><sln:miejscowosc><sln:cyklZyciaOd>2014-12-03T00:00:00+01:00</sln:cyklZyciaOd><sln:gmIIPId>f3c0fed0-df9c-484f-93c8-a9a282156504</sln:gmIIPId><sln:gmIIPPn>PL.PZGIK.200</sln:gmIIPPn><sln:gmIIPWersja>2012-09-26T22:10:04+02:00</sln:gmIIPWersja><sln:gmIdTeryt>1208032</sln:gmIdTeryt><sln:gmNazwa>Kozłów</sln:gmNazwa><sln:miejscIIPId>68503ab5-b288-4779-bc40-ffd585185cba</sln:miejscIIPId><sln:miejscIIPPn>PL.PZGIK.200</sln:miejscIIPPn><sln:miejscIIPWersja>2016-11-24T13:45:47+02:00</sln:miejscIIPWersja><sln:miejscIdTeryt>0245457</sln:miejscIdTeryt><sln:miejscNazwa>Zarzecze</sln:miejscNazwa><sln:miejscRodzaj>Inny obiekt</sln:miejscRodzaj><sln:powIIPId>044838ea-446c-4679-9bf9-a0f7351d0e26</sln:powIIPId><sln:powIIPPn>PL.PZGIK.200</sln:powIIPPn><sln:powIIPWersja>2012-09-27T07:52:00+02:00</sln:powIIPWersja><sln:powIdTeryt>1208</sln:powIdTeryt><sln:powNazwa>miechowski</sln:powNazwa><sln:wojIIPId>dd2e3c64-f861-47cf-a3a3-e7751f272b2f</sln:wojIIPId><sln:wojIIPPn>PL.PZGIK.200</sln:wojIIPPn><sln:wojIIPWersja>2017-10-10T00:00:00+02:00</sln:wojIIPWersja><sln:wojIdTeryt>12</sln:wojIdTeryt><sln:wojNazwa>małopolskie</sln:wojNazwa></sln:miejscowosc><sln:miejscowosc><sln:cyklZyciaDo>2018-01-26T00:00:00+01:00</sln:cyklZyciaDo><sln:cyklZyciaOd>2014-12-03T00:00:00+01:00</sln:cyklZyciaOd><sln:gmIIPId>f3c0fed0-df9c-484f-93c8-a9a282156504</sln:gmIIPId><sln:gmIIPPn>PL.PZGIK.200</sln:gmIIPPn><sln:gmIIPWersja>2012-09-26T22:10:04+02:00</sln:gmIIPWersja><sln:gmIdTeryt>1208032</sln:gmIdTeryt><sln:gmNazwa>Kozłów</sln:gmNazwa><sln:miejscIIPId>25fcf6a9-776a-4e19-b06e-4c487b7da8d9</sln:miejscIIPId><sln:miejscIIPPn>PL.PZGIK.200</sln:miejscIIPPn><sln:miejscIIPWersja>2016-11-24T13:45:54+02:00</sln:miejscIIPWersja><sln:miejscIdTeryt>0245517</sln:miejscIdTeryt><sln:miejscNazwa>Za Stacją</sln:miejscNazwa><sln:miejscRodzaj>Inny obiekt</sln:miejscRodzaj><sln:powIIPId>044838ea-446c-4679-9bf9-a0f7351d0e26</sln:powIIPId><sln:powIIPPn>PL.PZGIK.200</sln:powIIPPn><sln:powIIPWersja>2012-09-27T07:52:00+02:00</sln:powIIPWersja><sln:powIdTeryt>1208</sln:powIdTeryt><sln:powNazwa>miechowski</sln:powNazwa><sln:wojIIPId>dd2e3c64-f861-47cf-a3a3-e7751f272b2f</sln:wojIIPId><sln:wojIIPPn>PL.PZGIK.200</sln:wojIIPPn><sln:wojIIPWersja>2017-10-10T00:00:00+02:00</sln:wojIIPWersja><sln:wojIdTeryt>12</sln:wojIdTeryt><sln:wojNazwa>małopolskie</sln:wojNazwa></sln:miejscowosc><sln:miejscowosc><sln:cyklZyciaOd>2014-12-03T00:00:00+01:00</sln:cyklZyciaOd><sln:gmIIPId>f3c0fed0-df9c-484f-93c8-a9a282156504</sln:gmIIPId><sln:gmIIPPn>PL.PZGIK.200</sln:gmIIPPn><sln:gmIIPWersja>2012-09-26T22:10:04+02:00</sln:gmIIPWersja><sln:gmIdTeryt>1208032</sln:gmIdTeryt><sln:gmNazwa>Kozłów</sln:gmNazwa><sln:miejscIIPId>945b6ad3-47db-460a-ad15-ceda0f94212c</sln:miejscIIPId><sln:miejscIIPPn>PL.PZGIK.200</sln:miejscIIPPn><sln:miejscIIPWersja>2016-11-24T13:55:17+02:00</sln:miejscIIPWersja><sln:miejscIdTeryt>0245279</sln:miejscIdTeryt><sln:miejscNazwa>Staszyn</sln:miejscNazwa><sln:miejscRodzaj>Inny obiekt</sln:miejscRodzaj><sln:powIIPId>044838ea-446c-4679-9bf9-a0f7351d0e26</sln:powIIPId><sln:powIIPPn>PL.PZGIK.200</sln:powIIPPn><sln:powIIPWersja>2012-09-27T07:52:00+02:00</sln:powIIPWersja><sln:powIdTeryt>1208</sln:powIdTeryt><sln:powNazwa>miechowski</sln:powNazwa><sln:wojIIPId>dd2e3c64-f861-47cf-a3a3-e7751f272b2f</sln:wojIIPId><sln:wojIIPPn>PL.PZGIK.200</sln:wojIIPPn><sln:wojIIPWersja>2017-10-10T00:00:00+02:00</sln:wojIIPWersja><sln:wojIdTeryt>12</sln:wojIdTeryt><sln:wojNazwa>małopolskie</sln:wojNazwa></sln:miejscowosc><sln:miejscowosc><sln:cyklZyciaOd>2014-12-03T00:00:00+01:00</sln:cyklZyciaOd><sln:gmIIPId>f3c0fed0-df9c-484f-93c8-a9a282156504</sln:gmIIPId><sln:gmIIPPn>PL.PZGIK.200</sln:gmIIPPn><sln:gmIIPWersja>2012-09-26T22:10:04+02:00</sln:gmIIPWersja><sln:gmIdTeryt>1208032</sln:gmIdTeryt><sln:gmNazwa>Kozłów</sln:gmNazwa><sln:miejscIIPId>cc6b09c5-49bb-4099-b5d8-a1b9fbceb0cb</sln:miejscIIPId><sln:miejscIIPPn>PL.PZGIK.200</sln:miejscIIPPn><sln:miejscIIPWersja>2016-11-24T13:57:36+02:00</sln:miejscIIPWersja><sln:miejscIdTeryt>0245345</sln:miejscIdTeryt><sln:miejscNazwa>Piekło</sln:miejscNazwa><sln:miejscRodzaj>Inny obiekt</sln:miejscRodzaj><sln:powIIPId>044838ea-446c-4679-9bf9-a0f7351d0e26</sln:powIIPId><sln:powIIPPn>PL.PZGIK.200</sln:powIIPPn><sln:powIIPWersja>2012-09-27T07:52:00+02:00</sln:powIIPWersja><sln:powIdTeryt>1208</sln:powIdTeryt><sln:powNazwa>miechowski</sln:powNazwa><sln:wojIIPId>dd2e3c64-f861-47cf-a3a3-e7751f272b2f</sln:wojIIPId><sln:wojIIPPn>PL.PZGIK.200</sln:wojIIPPn><sln:wojIIPWersja>2017-10-10T00:00:00+02:00</sln:wojIIPWersja><sln:wojIdTeryt>12</sln:wojIdTeryt><sln:wojNazwa>małopolskie</sln:wojNazwa></sln:miejscowosc><sln:miejscowosc><sln:cyklZyciaOd>2014-12-03T00:00:00+01:00</sln:cyklZyciaOd><sln:gmIIPId>f3c0fed0-df9c-484f-93c8-a9a282156504</sln:gmIIPId><sln:gmIIPPn>PL.PZGIK.200</sln:gmIIPPn><sln:gmIIPWersja>2012-09-26T22:10:04+02:00</sln:gmIIPWersja><sln:gmIdTeryt>1208032</sln:gmIdTeryt><sln:gmNazwa>Kozłów</sln:gmNazwa><sln:miejscIIPId>fb750e80-57d6-4ff8-9015-717039a40cae</sln:miejscIIPId><sln:miejscIIPPn>PL.PZGIK.200</sln:miejscIIPPn><sln:miejscIIPWersja>2016-11-24T13:57:36+02:00</sln:miejscIIPWersja><sln:miejscIdTeryt>0245368</sln:miejscIdTeryt><sln:miejscNazwa>Za Górą</sln:miejscNazwa><sln:miejscRodzaj>Inny obiekt</sln:miejscRodzaj><sln:powIIPId>044838ea-446c-4679-9bf9-a0f7351d0e26</sln:powIIPId><sln:powIIPPn>PL.PZGIK.200</sln:powIIPPn><sln:powIIPWersja>2012-09-27T07:52:00+02:00</sln:powIIPWersja><sln:powIdTeryt>1208</sln:powIdTeryt><sln:powNazwa>miechowski</sln:powNazwa><sln:wojIIPId>dd2e3c64-f861-47cf-a3a3-e7751f272b2f</sln:wojIIPId><sln:wojIIPPn>PL.PZGIK.200</sln:wojIIPPn><sln:wojIIPWersja>2017-10-10T00:00:00+02:00</sln:wojIIPWersja><sln:wojIdTeryt>12</sln:wojIdTeryt><sln:wojNazwa>małopolskie</sln:wojNazwa></sln:miejscowosc><sln:miejscowosc><sln:cyklZyciaDo>2018-01-26T00:00:00+01:00</sln:cyklZyciaDo><sln:cyklZyciaOd>2014-12-03T00:00:00+01:00</sln:cyklZyciaOd><sln:gmIIPId>f3c0fed0-df9c-484f-93c8-a9a282156504</sln:gmIIPId><sln:gmIIPPn>PL.PZGIK.200</sln:gmIIPPn><sln:gmIIPWersja>2012-09-26T22:10:04+02:00</sln:gmIIPWersja><sln:gmIdTeryt>1208032</sln:gmIdTeryt><sln:gmNazwa>Kozłów</sln:gmNazwa><sln:miejscIIPId>a649b706-54c5-4904-a0c0-18b1837ebb27</sln:miejscIIPId><sln:miejscIIPPn>PL.PZGIK.200</sln:miejscIIPPn><sln:miejscIIPWersja>2016-11-24T13:45:54+02:00</sln:miejscIIPWersja><sln:miejscIdTeryt>0245492</sln:miejscIdTeryt><sln:miejscNazwa>Stara Wieś</sln:miejscNazwa><sln:miejscRodzaj>Inny obiekt</sln:miejscRodzaj><sln:powIIPId>044838ea-446c-4679-9bf9-a0f7351d0e26</sln:powIIPId><sln:powIIPPn>PL.PZGIK.200</sln:powIIPPn><sln:powIIPWersja>2012-09-27T07:52:00+02:00</sln:powIIPWersja><sln:powIdTeryt>1208</sln:powIdTeryt><sln:powNazwa>miechowski</sln:powNazwa><sln:wojIIPId>dd2e3c64-f861-47cf-a3a3-e7751f272b2f</sln:wojIIPId><sln:wojIIPPn>PL.PZGIK.200</sln:wojIIPPn><sln:wojIIPWersja>2017-10-10T00:00:00+02:00</sln:wojIIPWersja><sln:wojIdTeryt>12</sln:wojIdTeryt><sln:wojNazwa>małopolskie</sln:wojNazwa></sln:miejscowosc><sln:miejscowosc><sln:cyklZyciaOd>2014-12-03T00:00:00+01:00</sln:cyklZyciaOd><sln:gmIIPId>f3c0fed0-df9c-484f-93c8-a9a282156504</sln:gmIIPId><sln:gmIIPPn>PL.PZGIK.200</sln:gmIIPPn><sln:gmIIPWersja>2012-09-26T22:10:04+02:00</sln:gmIIPWersja><sln:gmIdTeryt>1208032</sln:gmIdTeryt><sln:gmNazwa>Kozłów</sln:gmNazwa><sln:miejscIIPId>71fc99eb-2938-446f-8b1e-111699af12f9</sln:miejscIIPId><sln:miejscIIPPn>PL.PZGIK.200</sln:miejscIIPPn><sln:miejscIIPWersja>2016-11-24T13:33:42+02:00</sln:miejscIIPWersja><sln:miejscIdTeryt>0245552</sln:miejscIdTeryt><sln:miejscNazwa>Wolica</sln:miejscNazwa><sln:miejscRodzaj>Wieś</sln:miejscRodzaj><sln:powIIPId>044838ea-446c-4679-9bf9-a0f7351d0e26</sln:powIIPId><sln:powIIPPn>PL.PZGIK.200</sln:powIIPPn><sln:powIIPWersja>2012-09-27T07:52:00+02:00</sln:powIIPWersja><sln:powIdTeryt>1208</sln:powIdTeryt><sln:powNazwa>miechowski</sln:powNazwa><sln:wojIIPId>dd2e3c64-f861-47cf-a3a3-e7751f272b2f</sln:wojIIPId><sln:wojIIPPn>PL.PZGIK.200</sln:wojIIPPn><sln:wojIIPWersja>2017-10-10T00:00:00+02:00</sln:wojIIPWersja><sln:wojIdTeryt>12</sln:wojIdTeryt><sln:wojNazwa>małopolskie</sln:wojNazwa></sln:miejscowosc><sln:miejscowosc><sln:cyklZyciaOd>2014-12-03T00:00:00+01:00</sln:cyklZyciaOd><sln:gmIIPId>f3c0fed0-df9c-484f-93c8-a9a282156504</sln:gmIIPId><sln:gmIIPPn>PL.PZGIK.200</sln:gmIIPPn><sln:gmIIPWersja>2012-09-26T22:10:04+02:00</sln:gmIIPWersja><sln:gmIdTeryt>1208032</sln:gmIdTeryt><sln:gmNazwa>Kozłów</sln:gmNazwa><sln:miejscIIPId>d645bb3a-4918-4375-b530-2a0b5cdc0097</sln:miejscIIPId><sln:miejscIIPPn>PL.PZGIK.200</sln:miejscIIPPn><sln:miejscIIPWersja>2016-11-24T13:45:47+02:00</sln:miejscIIPWersja><sln:miejscIdTeryt>0245397</sln:miejscIdTeryt><sln:miejscNazwa>Góry</sln:miejscNazwa><sln:miejscRodzaj>Inny obiekt</sln:miejscRodzaj><sln:powIIPId>044838ea-446c-4679-9bf9-a0f7351d0e26</sln:powIIPId><sln:powIIPPn>PL.PZGIK.200</sln:powIIPPn><sln:powIIPWersja>2012-09-27T07:52:00+02:00</sln:powIIPWersja><sln:powIdTeryt>1208</sln:powIdTeryt><sln:powNazwa>miechowski</sln:powNazwa><sln:wojIIPId>dd2e3c64-f861-47cf-a3a3-e7751f272b2f</sln:wojIIPId><sln:wojIIPPn>PL.PZGIK.200</sln:wojIIPPn><sln:wojIIPWersja>2017-10-10T00:00:00+02:00</sln:wojIIPWersja><sln:wojIdTeryt>12</sln:wojIdTeryt><sln:wojNazwa>małopolskie</sln:wojNazwa></sln:miejscowosc><sln:miejscowosc><sln:cyklZyciaOd>2014-12-03T00:00:00+01:00</sln:cyklZyciaOd><sln:gmIIPId>f3c0fed0-df9c-484f-93c8-a9a282156504</sln:gmIIPId><sln:gmIIPPn>PL.PZGIK.200</sln:gmIIPPn><sln:gmIIPWersja>2012-09-26T22:10:04+02:00</sln:gmIIPWersja><sln:gmIdTeryt>1208032</sln:gmIdTeryt><sln:gmNazwa>Kozłów</sln:gmNazwa><sln:miejscIIPId>06dd6f76-a445-4bbf-99b9-7ab59cb94fd0</sln:miejscIIPId><sln:miejscIIPPn>PL.PZGIK.200</sln:miejscIIPPn><sln:miejscIIPWersja>2016-11-24T13:55:17+02:00</sln:miejscIIPWersja><sln:miejscIdTeryt>0245240</sln:miejscIdTeryt><sln:miejscNazwa>Brzozowiec</sln:miejscNazwa><sln:miejscRodzaj>Inny obiekt</sln:miejscRodzaj><sln:powIIPId>044838ea-446c-4679-9bf9-a0f7351d0e26</sln:powIIPId><sln:powIIPPn>PL.PZGIK.200</sln:powIIPPn><sln:powIIPWersja>2012-09-27T07:52:00+02:00</sln:powIIPWersja><sln:powIdTeryt>1208</sln:powIdTeryt><sln:powNazwa>miechowski</sln:powNazwa><sln:wojIIPId>dd2e3c64-f861-47cf-a3a3-e7751f272b2f</sln:wojIIPId><sln:wojIIPPn>PL.PZGIK.200</sln:wojIIPPn><sln:wojIIPWersja>2017-10-10T00:00:00+02:00</sln:wojIIPWersja><sln:wojIdTeryt>12</sln:wojIdTeryt><sln:wojNazwa>małopolskie</sln:wojNazwa></sln:miejscowosc><sln:miejscowosc><sln:cyklZyciaOd>2014-12-03T00:00:00+01:00</sln:cyklZyciaOd><sln:gmIIPId>f3c0fed0-df9c-484f-93c8-a9a282156504</sln:gmIIPId><sln:gmIIPPn>PL.PZGIK.200</sln:gmIIPPn><sln:gmIIPWersja>2012-09-26T22:10:04+02:00</sln:gmIIPWersja><sln:gmIdTeryt>1208032</sln:gmIdTeryt><sln:gmNazwa>Kozłów</sln:gmNazwa><sln:miejscIIPId>c21442a6-65f7-4e6d-b89e-2d35945ab82c</sln:miejscIIPId><sln:miejscIIPPn>PL.PZGIK.200</sln:miejscIIPPn><sln:miejscIIPWersja>2016-11-24T13:45:47+02:00</sln:miejscIIPWersja><sln:miejscIdTeryt>0245380</sln:miejscIdTeryt><sln:miejscNazwa>Chrapy</sln:miejscNazwa><sln:miejscRodzaj>Inny obiekt</sln:miejscRodzaj><sln:powIIPId>044838ea-446c-4679-9bf9-a0f7351d0e26</sln:powIIPId><sln:powIIPPn>PL.PZGIK.200</sln:powIIPPn><sln:powIIPWersja>2012-09-27T07:52:00+02:00</sln:powIIPWersja><sln:powIdTeryt>1208</sln:powIdTeryt><sln:powNazwa>miechowski</sln:powNazwa><sln:wojIIPId>dd2e3c64-f861-47cf-a3a3-e7751f272b2f</sln:wojIIPId><sln:wojIIPPn>PL.PZGIK.200</sln:wojIIPPn><sln:wojIIPWersja>2017-10-10T00:00:00+02:00</sln:wojIIPWersja><sln:wojIdTeryt>12</sln:wojIdTeryt><sln:wojNazwa>małopolskie</sln:wojNazwa></sln:miejscowosc><sln:miejscowosc><sln:cyklZyciaOd>2014-12-03T00:00:00+01:00</sln:cyklZyciaOd><sln:gmIIPId>f3c0fed0-df9c-484f-93c8-a9a282156504</sln:gmIIPId><sln:gmIIPPn>PL.PZGIK.200</sln:gmIIPPn><sln:gmIIPWersja>2012-09-26T22:10:04+02:00</sln:gmIIPWersja><sln:gmIdTeryt>1208032</sln:gmIdTeryt><sln:gmNazwa>Kozłów</sln:gmNazwa><sln:miejscIIPId>1bc57ff0-6db3-4032-9c22-ef50a426dbe2</sln:miejscIIPId><sln:miejscIIPPn>PL.PZGIK.200</sln:miejscIIPPn><sln:miejscIIPWersja>2016-11-24T13:39:13+02:00</sln:miejscIIPWersja><sln:miejscIdTeryt>0245173</sln:miejscIdTeryt><sln:miejscNazwa>Karczowice</sln:miejscNazwa><sln:miejscRodzaj>Wieś</sln:miejscRodzaj><sln:powIIPId>044838ea-446c-4679-9bf9-a0f7351d0e26</sln:powIIPId><sln:powIIPPn>PL.PZGIK.200</sln:powIIPPn><sln:powIIPWersja>2012-09-27T07:52:00+02:00</sln:powIIPWersja><sln:powIdTeryt>1208</sln:powIdTeryt><sln:powNazwa>miechowski</sln:powNazwa><sln:wojIIPId>dd2e3c64-f861-47cf-a3a3-e7751f272b2f</sln:wojIIPId><sln:wojIIPPn>PL.PZGIK.200</sln:wojIIPPn><sln:wojIIPWersja>2017-10-10T00:00:00+02:00</sln:wojIIPWersja><sln:wojIdTeryt>12</sln:wojIdTeryt><sln:wojNazwa>małopolskie</sln:wojNazwa></sln:miejscowosc><sln:miejscowosc><sln:cyklZyciaOd>2014-12-03T00:00:00+01:00</sln:cyklZyciaOd><sln:gmIIPId>f3c0fed0-df9c-484f-93c8-a9a282156504</sln:gmIIPId><sln:gmIIPPn>PL.PZGIK.200</sln:gmIIPPn><sln:gmIIPWersja>2012-09-26T22:10:04+02:00</sln:gmIIPWersja><sln:gmIdTeryt>1208032</sln:gmIdTeryt><sln:gmNazwa>Kozłów</sln:gmNazwa><sln:miejscIIPId>5dbe5809-8d2f-42d9-ac52-e54b1dfcd989</sln:miejscIIPId><sln:miejscIIPPn>PL.PZGIK.200</sln:miejscIIPPn><sln:miejscIIPWersja>2016-11-24T13:55:17+02:00</sln:miejscIIPWersja><sln:miejscIdTeryt>0245285</sln:miejscIdTeryt><sln:miejscNazwa>Zagumnie</sln:miejscNazwa><sln:miejscRodzaj>Inny obiekt</sln:miejscRodzaj><sln:powIIPId>044838ea-446c-4679-9bf9-a0f7351d0e26</sln:powIIPId><sln:powIIPPn>PL.PZGIK.200</sln:powIIPPn><sln:powIIPWersja>2012-09-27T07:52:00+02:00</sln:powIIPWersja><sln:powIdTeryt>1208</sln:powIdTeryt><sln:powNazwa>miechowski</sln:powNazwa><sln:wojIIPId>dd2e3c64-f861-47cf-a3a3-e7751f272b2f</sln:wojIIPId><sln:wojIIPPn>PL.PZGIK.200</sln:wojIIPPn><sln:wojIIPWersja>2017-10-10T00:00:00+02:00</sln:wojIIPWersja><sln:wojIdTeryt>12</sln:wojIdTeryt><sln:wojNazwa>małopolskie</sln:wojNazwa></sln:miejscowosc><sln:miejscowosc><sln:cyklZyciaOd>2014-12-03T00:00:00+01:00</sln:cyklZyciaOd><sln:gmIIPId>f3c0fed0-df9c-484f-93c8-a9a282156504</sln:gmIIPId><sln:gmIIPPn>PL.PZGIK.200</sln:gmIIPPn><sln:gmIIPWersja>2012-09-26T22:10:04+02:00</sln:gmIIPWersja><sln:gmIdTeryt>1208032</sln:gmIdTeryt><sln:gmNazwa>Kozłów</sln:gmNazwa><sln:miejscIIPId>50dac864-8173-4cff-97d0-97052b52698d</sln:miejscIIPId><sln:miejscIIPPn>PL.PZGIK.200</sln:miejscIIPPn><sln:miejscIIPWersja>2016-11-24T13:45:03+02:00</sln:miejscIIPWersja><sln:miejscIdTeryt>0245144</sln:miejscIdTeryt><sln:miejscNazwa>Stary Bryzdzyn</sln:miejscNazwa><sln:miejscRodzaj>Inny obiekt</sln:miejscRodzaj><sln:powIIPId>044838ea-446c-4679-9bf9-a0f7351d0e26</sln:powIIPId><sln:powIIPPn>PL.PZGIK.200</sln:powIIPPn><sln:powIIPWersja>2012-09-27T07:52:00+02:00</sln:powIIPWersja><sln:powIdTeryt>1208</sln:powIdTeryt><sln:powNazwa>miechowski</sln:powNazwa><sln:wojIIPId>dd2e3c64-f861-47cf-a3a3-e7751f272b2f</sln:wojIIPId><sln:wojIIPPn>PL.PZGIK.200</sln:wojIIPPn><sln:wojIIPWersja>2017-10-10T00:00:00+02:00</sln:wojIIPWersja><sln:wojIdTeryt>12</sln:wojIdTeryt><sln:wojNazwa>małopolskie</sln:wojNazwa></sln:miejscowosc><sln:miejscowosc><sln:cyklZyciaOd>2014-12-03T00:00:00+01:00</sln:cyklZyciaOd><sln:gmIIPId>f3c0fed0-df9c-484f-93c8-a9a282156504</sln:gmIIPId><sln:gmIIPPn>PL.PZGIK.200</sln:gmIIPPn><sln:gmIIPWersja>2012-09-26T22:10:04+02:00</sln:gmIIPWersja><sln:gmIdTeryt>1208032</sln:gmIdTeryt><sln:gmNazwa>Kozłów</sln:gmNazwa><sln:miejscIIPId>a2d31094-3522-4549-9b42-51ee00d7a668</sln:miejscIIPId><sln:miejscIIPPn>PL.PZGIK.200</sln:miejscIIPPn><sln:miejscIIPWersja>2016-11-24T13:56:05+02:00</sln:miejscIIPWersja><sln:miejscIdTeryt>0245300</sln:miejscIdTeryt><sln:miejscNazwa>Żabieniec</sln:miejscNazwa><sln:miejscRodzaj>Inny obiekt</sln:miejscRodzaj><sln:powIIPId>044838ea-446c-4679-9bf9-a0f7351d0e26</sln:powIIPId><sln:powIIPPn>PL.PZGIK.200</sln:powIIPPn><sln:powIIPWersja>2012-09-27T07:52:00+02:00</sln:powIIPWersja><sln:powIdTeryt>1208</sln:powIdTeryt><sln:powNazwa>miechowski</sln:powNazwa><sln:wojIIPId>dd2e3c64-f861-47cf-a3a3-e7751f272b2f</sln:wojIIPId><sln:wojIIPPn>PL.PZGIK.200</sln:wojIIPPn><sln:wojIIPWersja>2017-10-10T00:00:00+02:00</sln:wojIIPWersja><sln:wojIdTeryt>12</sln:wojIdTeryt><sln:wojNazwa>małopolskie</sln:wojNazwa></sln:miejscowosc><sln:miejscowosc><sln:cyklZyciaOd>2014-12-03T00:00:00+01:00</sln:cyklZyciaOd><sln:gmIIPId>f3c0fed0-df9c-484f-93c8-a9a282156504</sln:gmIIPId><sln:gmIIPPn>PL.PZGIK.200</sln:gmIIPPn><sln:gmIIPWersja>2012-09-26T22:10:04+02:00</sln:gmIIPWersja><sln:gmIdTeryt>1208032</sln:gmIdTeryt><sln:gmNazwa>Kozłów</sln:gmNazwa><sln:miejscIIPId>5af0fd03-8560-4911-b81e-dc0cb513526a</sln:miejscIIPId><sln:miejscIIPPn>PL.PZGIK.200</sln:miejscIIPPn><sln:miejscIIPWersja>2016-11-24T13:57:36+02:00</sln:miejscIIPWersja><sln:miejscIdTeryt>0245322</sln:miejscIdTeryt><sln:miejscNazwa>Kolonia Podleśna</sln:miejscNazwa><sln:miejscRodzaj>Inny obiekt</sln:miejscRodzaj><sln:powIIPId>044838ea-446c-4679-9bf9-a0f7351d0e26</sln:powIIPId><sln:powIIPPn>PL.PZGIK.200</sln:powIIPPn><sln:powIIPWersja>2012-09-27T07:52:00+02:00</sln:powIIPWersja><sln:powIdTeryt>1208</sln:powIdTeryt><sln:powNazwa>miechowski</sln:powNazwa><sln:wojIIPId>dd2e3c64-f861-47cf-a3a3-e7751f272b2f</sln:wojIIPId><sln:wojIIPPn>PL.PZGIK.200</sln:wojIIPPn><sln:wojIIPWersja>2017-10-10T00:00:00+02:00</sln:wojIIPWersja><sln:wojIdTeryt>12</sln:wojIdTeryt><sln:wojNazwa>małopolskie</sln:wojNazwa></sln:miejscowosc><sln:miejscowosc><sln:cyklZyciaOd>2014-12-03T00:00:00+01:00</sln:cyklZyciaOd><sln:gmIIPId>f3c0fed0-df9c-484f-93c8-a9a282156504</sln:gmIIPId><sln:gmIIPPn>PL.PZGIK.200</sln:gmIIPPn><sln:gmIIPWersja>2012-09-26T22:10:04+02:00</sln:gmIIPWersja><sln:gmIdTeryt>1208032</sln:gmIdTeryt><sln:gmNazwa>Kozłów</sln:gmNazwa><sln:miejscIIPId>7ad4480f-18ac-421a-9d36-852a53f4e9b9</sln:miejscIIPId><sln:miejscIIPPn>PL.PZGIK.200</sln:miejscIIPPn><sln:miejscIIPWersja>2016-11-24T13:55:13+02:00</sln:miejscIIPWersja><sln:miejscIdTeryt>0245210</sln:miejscIdTeryt><sln:miejscNazwa>Podleśna</sln:miejscNazwa><sln:miejscRodzaj>Inny obiekt</sln:miejscRodzaj><sln:powIIPId>044838ea-446c-4679-9bf9-a0f7351d0e26</sln:powIIPId><sln:powIIPPn>PL.PZGIK.200</sln:powIIPPn><sln:powIIPWersja>2012-09-27T07:52:00+02:00</sln:powIIPWersja><sln:powIdTeryt>1208</sln:powIdTeryt><sln:powNazwa>miechowski</sln:powNazwa><sln:wojIIPId>dd2e3c64-f861-47cf-a3a3-e7751f272b2f</sln:wojIIPId><sln:wojIIPPn>PL.PZGIK.200</sln:wojIIPPn><sln:wojIIPWersja>2017-10-10T00:00:00+02:00</sln:wojIIPWersja><sln:wojIdTeryt>12</sln:wojIdTeryt><sln:wojNazwa>małopolskie</sln:wojNazwa></sln:miejscowosc><sln:miejscowosc><sln:cyklZyciaOd>2014-12-03T00:00:00+01:00</sln:cyklZyciaOd><sln:gmIIPId>f3c0fed0-df9c-484f-93c8-a9a282156504</sln:gmIIPId><sln:gmIIPPn>PL.PZGIK.200</sln:gmIIPPn><sln:gmIIPWersja>2012-09-26T22:10:04+02:00</sln:gmIIPWersja><sln:gmIdTeryt>1208032</sln:gmIdTeryt><sln:gmNazwa>Kozłów</sln:gmNazwa><sln:miejscIIPId>35b74458-0687-4982-aba6-37e1a642d4cb</sln:miejscIIPId><sln:miejscIIPPn>PL.PZGIK.200</sln:miejscIIPPn><sln:miejscIIPWersja>2016-11-24T13:55:13+02:00</sln:miejscIIPWersja><sln:miejscIdTeryt>0245227</sln:miejscIdTeryt><sln:miejscNazwa>Stara Wieś</sln:miejscNazwa><sln:miejscRodzaj>Inny obiekt</sln:miejscRodzaj><sln:powIIPId>044838ea-446c-4679-9bf9-a0f7351d0e26</sln:powIIPId><sln:powIIPPn>PL.PZGIK.200</sln:powIIPPn><sln:powIIPWersja>2012-09-27T07:52:00+02:00</sln:powIIPWersja><sln:powIdTeryt>1208</sln:powIdTeryt><sln:powNazwa>miechowski</sln:powNazwa><sln:wojIIPId>dd2e3c64-f861-47cf-a3a3-e7751f272b2f</sln:wojIIPId><sln:wojIIPPn>PL.PZGIK.200</sln:wojIIPPn><sln:wojIIPWersja>2017-10-10T00:00:00+02:00</sln:wojIIPWersja><sln:wojIdTeryt>12</sln:wojIdTeryt><sln:wojNazwa>małopolskie</sln:wojNazwa></sln:miejscowosc><sln:miejscowosc><sln:cyklZyciaOd>2014-12-03T00:00:00+01:00</sln:cyklZyciaOd><sln:gmIIPId>f3c0fed0-df9c-484f-93c8-a9a282156504</sln:gmIIPId><sln:gmIIPPn>PL.PZGIK.200</sln:gmIIPPn><sln:gmIIPWersja>2012-09-26T22:10:04+02:00</sln:gmIIPWersja><sln:gmIdTeryt>1208032</sln:gmIdTeryt><sln:gmNazwa>Kozłów</sln:gmNazwa><sln:miejscIIPId>7ff171e5-c616-404e-b836-ea6377d53fd9</sln:miejscIIPId><sln:miejscIIPPn>PL.PZGIK.200</sln:miejscIIPPn><sln:miejscIIPWersja>2016-11-24T13:33:13+02:00</sln:miejscIIPWersja><sln:miejscIdTeryt>0245530</sln:miejscIdTeryt><sln:miejscNazwa>Wierzbica</sln:miejscNazwa><sln:miejscRodzaj>Wieś</sln:miejscRodzaj><sln:powIIPId>044838ea-446c-4679-9bf9-a0f7351d0e26</sln:powIIPId><sln:powIIPPn>PL.PZGIK.200</sln:powIIPPn><sln:powIIPWersja>2012-09-27T07:52:00+02:00</sln:powIIPWersja><sln:powIdTeryt>1208</sln:powIdTeryt><sln:powNazwa>miechowski</sln:powNazwa><sln:wojIIPId>dd2e3c64-f861-47cf-a3a3-e7751f272b2f</sln:wojIIPId><sln:wojIIPPn>PL.PZGIK.200</sln:wojIIPPn><sln:wojIIPWersja>2017-10-10T00:00:00+02:00</sln:wojIIPWersja><sln:wojIdTeryt>12</sln:wojIdTeryt><sln:wojNazwa>małopolskie</sln:wojNazwa></sln:miejscowosc><sln:miejscowosc><sln:cyklZyciaDo>2018-01-26T00:00:00+01:00</sln:cyklZyciaDo><sln:cyklZyciaOd>2014-12-03T00:00:00+01:00</sln:cyklZyciaOd><sln:gmIIPId>f3c0fed0-df9c-484f-93c8-a9a282156504</sln:gmIIPId><sln:gmIIPPn>PL.PZGIK.200</sln:gmIIPPn><sln:gmIIPWersja>2012-09-26T22:10:04+02:00</sln:gmIIPWersja><sln:gmIdTeryt>1208032</sln:gmIdTeryt><sln:gmNazwa>Kozłów</sln:gmNazwa><sln:miejscIIPId>7a5d8be8-5b80-49a6-92bb-78be20a8a523</sln:miejscIIPId><sln:miejscIIPPn>PL.PZGIK.200</sln:miejscIIPPn><sln:miejscIIPWersja>2016-11-24T13:45:54+02:00</sln:miejscIIPWersja><sln:miejscIdTeryt>0245500</sln:miejscIdTeryt><sln:miejscNazwa>Wiśniówka</sln:miejscNazwa><sln:miejscRodzaj>Inny obiekt</sln:miejscRodzaj><sln:powIIPId>044838ea-446c-4679-9bf9-a0f7351d0e26</sln:powIIPId><sln:powIIPPn>PL.PZGIK.200</sln:powIIPPn><sln:powIIPWersja>2012-09-27T07:52:00+02:00</sln:powIIPWersja><sln:powIdTeryt>1208</sln:powIdTeryt><sln:powNazwa>miechowski</sln:powNazwa><sln:wojIIPId>dd2e3c64-f861-47cf-a3a3-e7751f272b2f</sln:wojIIPId><sln:wojIIPPn>PL.PZGIK.200</sln:wojIIPPn><sln:wojIIPWersja>2017-10-10T00:00:00+02:00</sln:wojIIPWersja><sln:wojIdTeryt>12</sln:wojIdTeryt><sln:wojNazwa>małopolskie</sln:wojNazwa></sln:miejscowosc><sln:miejscowosc><sln:cyklZyciaOd>2014-12-03T00:00:00+01:00</sln:cyklZyciaOd><sln:gmIIPId>f3c0fed0-df9c-484f-93c8-a9a282156504</sln:gmIIPId><sln:gmIIPPn>PL.PZGIK.200</sln:gmIIPPn><sln:gmIIPWersja>2012-09-26T22:10:04+02:00</sln:gmIIPWersja><sln:gmIdTeryt>1208032</sln:gmIdTeryt><sln:gmNazwa>Kozłów</sln:gmNazwa><sln:miejscIIPId>56921d31-c2bc-4a02-8cda-4206e542fd9f</sln:miejscIIPId><sln:miejscIIPPn>PL.PZGIK.200</sln:miejscIIPPn><sln:miejscIIPWersja>2016-11-24T13:50:23+02:00</sln:miejscIIPWersja><sln:miejscIdTeryt>0245569</sln:miejscIdTeryt><sln:miejscNazwa>Narta</sln:miejscNazwa><sln:miejscRodzaj>Inny obiekt</sln:miejscRodzaj><sln:powIIPId>044838ea-446c-4679-9bf9-a0f7351d0e26</sln:powIIPId><sln:powIIPPn>PL.PZGIK.200</sln:powIIPPn><sln:powIIPWersja>2012-09-27T07:52:00+02:00</sln:powIIPWersja><sln:powIdTeryt>1208</sln:powIdTeryt><sln:powNazwa>miechowski</sln:powNazwa><sln:wojIIPId>dd2e3c64-f861-47cf-a3a3-e7751f272b2f</sln:wojIIPId><sln:wojIIPPn>PL.PZGIK.200</sln:wojIIPPn><sln:wojIIPWersja>2017-10-10T00:00:00+02:00</sln:wojIIPWersja><sln:wojIdTeryt>12</sln:wojIdTeryt><sln:wojNazwa>małopolskie</sln:wojNazwa></sln:miejscowosc><sln:miejscowosc><sln:cyklZyciaOd>2014-12-03T00:00:00+01:00</sln:cyklZyciaOd><sln:gmIIPId>f3c0fed0-df9c-484f-93c8-a9a282156504</sln:gmIIPId><sln:gmIIPPn>PL.PZGIK.200</sln:gmIIPPn><sln:gmIIPWersja>2012-09-26T22:10:04+02:00</sln:gmIIPWersja><sln:gmIdTeryt>1208032</sln:gmIdTeryt><sln:gmNazwa>Kozłów</sln:gmNazwa><sln:miejscIIPId>4c3c07a2-8cb5-4904-80a0-deb42ca2975d</sln:miejscIIPId><sln:miejscIIPPn>PL.PZGIK.200</sln:miejscIIPPn><sln:miejscIIPWersja>2016-11-24T13:55:13+02:00</sln:miejscIIPWersja><sln:miejscIdTeryt>0245204</sln:miejscIdTeryt><sln:miejscNazwa>Pierwsza Kolonia za Górą</sln:miejscNazwa><sln:miejscRodzaj>Inny obiekt</sln:miejscRodzaj><sln:powIIPId>044838ea-446c-4679-9bf9-a0f7351d0e26</sln:powIIPId><sln:powIIPPn>PL.PZGIK.200</sln:powIIPPn><sln:powIIPWersja>2012-09-27T07:52:00+02:00</sln:powIIPWersja><sln:powIdTeryt>1208</sln:powIdTeryt><sln:powNazwa>miechowski</sln:powNazwa><sln:wojIIPId>dd2e3c64-f861-47cf-a3a3-e7751f272b2f</sln:wojIIPId><sln:wojIIPPn>PL.PZGIK.200</sln:wojIIPPn><sln:wojIIPWersja>2017-10-10T00:00:00+02:00</sln:wojIIPWersja><sln:wojIdTeryt>12</sln:wojIdTeryt><sln:wojNazwa>małopolskie</sln:wojNazwa></sln:miejscowosc><sln:miejscowosc><sln:cyklZyciaOd>2014-12-03T00:00:00+01:00</sln:cyklZyciaOd><sln:gmIIPId>f3c0fed0-df9c-484f-93c8-a9a282156504</sln:gmIIPId><sln:gmIIPPn>PL.PZGIK.200</sln:gmIIPPn><sln:gmIIPWersja>2012-09-26T22:10:04+02:00</sln:gmIIPWersja><sln:gmIdTeryt>1208032</sln:gmIdTeryt><sln:gmNazwa>Kozłów</sln:gmNazwa><sln:miejscIIPId>47ee2d24-9d85-47ff-98e5-c7aa34234968</sln:miejscIIPId><sln:miejscIIPPn>PL.PZGIK.200</sln:miejscIIPPn><sln:miejscIIPWersja>2016-11-24T13:28:42+02:00</sln:miejscIIPWersja><sln:miejscIdTeryt>0245121</sln:miejscIdTeryt><sln:miejscNazwa>Bryzdzyn</sln:miejscNazwa><sln:miejscRodzaj>Wieś</sln:miejscRodzaj><sln:powIIPId>044838ea-446c-4679-9bf9-a0f7351d0e26</sln:powIIPId><sln:powIIPPn>PL.PZGIK.200</sln:powIIPPn><sln:powIIPWersja>2012-09-27T07:52:00+02:00</sln:powIIPWersja><sln:powIdTeryt>1208</sln:powIdTeryt><sln:powNazwa>miechowski</sln:powNazwa><sln:wojIIPId>dd2e3c64-f861-47cf-a3a3-e7751f272b2f</sln:wojIIPId><sln:wojIIPPn>PL.PZGIK.200</sln:wojIIPPn><sln:wojIIPWersja>2017-10-10T00:00:00+02:00</sln:wojIIPWersja><sln:wojIdTeryt>12</sln:wojIdTeryt><sln:wojNazwa>małopolskie</sln:wojNazwa></sln:miejscowosc><sln:miejscowosc><sln:cyklZyciaOd>2014-12-03T00:00:00+01:00</sln:cyklZyciaOd><sln:gmIIPId>f3c0fed0-df9c-484f-93c8-a9a282156504</sln:gmIIPId><sln:gmIIPPn>PL.PZGIK.200</sln:gmIIPPn><sln:gmIIPWersja>2012-09-26T22:10:04+02:00</sln:gmIIPWersja><sln:gmIdTeryt>1208032</sln:gmIdTeryt><sln:gmNazwa>Kozłów</sln:gmNazwa><sln:miejscIIPId>357db86c-e1f3-48c2-b3e2-7762b779db16</sln:miejscIIPId><sln:miejscIIPPn>PL.PZGIK.200</sln:miejscIIPPn><sln:miejscIIPWersja>2016-11-24T13:39:21+02:00</sln:miejscIIPWersja><sln:miejscIdTeryt>0245233</sln:miejscIdTeryt><sln:miejscNazwa>Kępie</sln:miejscNazwa><sln:miejscRodzaj>Wieś</sln:miejscRodzaj><sln:powIIPId>044838ea-446c-4679-9bf9-a0f7351d0e26</sln:powIIPId><sln:powIIPPn>PL.PZGIK.200</sln:powIIPPn><sln:powIIPWersja>2012-09-27T07:52:00+02:00</sln:powIIPWersja><sln:powIdTeryt>1208</sln:powIdTeryt><sln:powNazwa>miechowski</sln:powNazwa><sln:wojIIPId>dd2e3c64-f861-47cf-a3a3-e7751f272b2f</sln:wojIIPId><sln:wojIIPPn>PL.PZGIK.200</sln:wojIIPPn><sln:wojIIPWersja>2017-10-10T00:00:00+02:00</sln:wojIIPWersja><sln:wojIdTeryt>12</sln:wojIdTeryt><sln:wojNazwa>małopolskie</sln:wojNazwa></sln:miejscowosc><sln:miejscowosc><sln:cyklZyciaOd>2014-12-03T00:00:00+01:00</sln:cyklZyciaOd><sln:gmIIPId>f3c0fed0-df9c-484f-93c8-a9a282156504</sln:gmIIPId><sln:gmIIPPn>PL.PZGIK.200</sln:gmIIPPn><sln:gmIIPWersja>2012-09-26T22:10:04+02:00</sln:gmIIPWersja><sln:gmIdTeryt>1208032</sln:gmIdTeryt><sln:gmNazwa>Kozłów</sln:gmNazwa><sln:miejscIIPId>cf6a2f72-8bf4-46d4-89a2-9f63094d9a54</sln:miejscIIPId><sln:miejscIIPPn>PL.PZGIK.200</sln:miejscIIPPn><sln:miejscIIPWersja>2016-11-24T13:45:47+02:00</sln:miejscIIPWersja><sln:miejscIdTeryt>0245411</sln:miejscIdTeryt><sln:miejscNazwa>Piaski</sln:miejscNazwa><sln:miejscRodzaj>Inny obiekt</sln:miejscRodzaj><sln:powIIPId>044838ea-446c-4679-9bf9-a0f7351d0e26</sln:powIIPId><sln:powIIPPn>PL.PZGIK.200</sln:powIIPPn><sln:powIIPWersja>2012-09-27T07:52:00+02:00</sln:powIIPWersja><sln:powIdTeryt>1208</sln:powIdTeryt><sln:powNazwa>miechowski</sln:powNazwa><sln:wojIIPId>dd2e3c64-f861-47cf-a3a3-e7751f272b2f</sln:wojIIPId><sln:wojIIPPn>PL.PZGIK.200</sln:wojIIPPn><sln:wojIIPWersja>2017-10-10T00:00:00+02:00</sln:wojIIPWersja><sln:wojIdTeryt>12</sln:wojIdTeryt><sln:wojNazwa>małopolskie</sln:wojNazwa></sln:miejscowosc><sln:miejscowosc><sln:cyklZyciaDo>2018-01-26T00:00:00+01:00</sln:cyklZyciaDo><sln:cyklZyciaOd>2014-12-03T00:00:00+01:00</sln:cyklZyciaOd><sln:gmIIPId>f3c0fed0-df9c-484f-93c8-a9a282156504</sln:gmIIPId><sln:gmIIPPn>PL.PZGIK.200</sln:gmIIPPn><sln:gmIIPWersja>2012-09-26T22:10:04+02:00</sln:gmIIPWersja><sln:gmIdTeryt>1208032</sln:gmIdTeryt><sln:gmNazwa>Kozłów</sln:gmNazwa><sln:miejscIIPId>eef3bf62-5b75-4686-b299-5a0e8d6f3a97</sln:miejscIIPId><sln:miejscIIPPn>PL.PZGIK.200</sln:miejscIIPPn><sln:miejscIIPWersja>2016-11-24T13:45:54+02:00</sln:miejscIIPWersja><sln:miejscIdTeryt>0245470</sln:miejscIdTeryt><sln:miejscNazwa>Kozinki</sln:miejscNazwa><sln:miejscRodzaj>Inny obiekt</sln:miejscRodzaj><sln:powIIPId>044838ea-446c-4679-9bf9-a0f7351d0e26</sln:powIIPId><sln:powIIPPn>PL.PZGIK.200</sln:powIIPPn><sln:powIIPWersja>2012-09-27T07:52:00+02:00</sln:powIIPWersja><sln:powIdTeryt>1208</sln:powIdTeryt><sln:powNazwa>miechowski</sln:powNazwa><sln:wojIIPId>dd2e3c64-f861-47cf-a3a3-e7751f272b2f</sln:wojIIPId><sln:wojIIPPn>PL.PZGIK.200</sln:wojIIPPn><sln:wojIIPWersja>2017-10-10T00:00:00+02:00</sln:wojIIPWersja><sln:wojIdTeryt>12</sln:wojIdTeryt><sln:wojNazwa>małopolskie</sln:wojNazwa></sln:miejscowosc><sln:miejscowosc><sln:cyklZyciaOd>2014-12-03T00:00:00+01:00</sln:cyklZyciaOd><sln:gmIIPId>f3c0fed0-df9c-484f-93c8-a9a282156504</sln:gmIIPId><sln:gmIIPPn>PL.PZGIK.200</sln:gmIIPPn><sln:gmIIPWersja>2012-09-26T22:10:04+02:00</sln:gmIIPWersja><sln:gmIdTeryt>1208032</sln:gmIdTeryt><sln:gmNazwa>Kozłów</sln:gmNazwa><sln:miejscIIPId>1a52070a-6003-4339-ab98-c5616a8272d4</sln:miejscIIPId><sln:miejscIIPPn>PL.PZGIK.200</sln:miejscIIPPn><sln:miejscIIPWersja>2016-11-24T13:49:46+02:00</sln:miejscIIPWersja><sln:miejscIdTeryt>0245546</sln:miejscIdTeryt><sln:miejscNazwa>Zagonie</sln:miejscNazwa><sln:miejscRodzaj>Inny obiekt</sln:miejscRodzaj><sln:powIIPId>044838ea-446c-4679-9bf9-a0f7351d0e26</sln:powIIPId><sln:powIIPPn>PL.PZGIK.200</sln:powIIPPn><sln:powIIPWersja>2012-09-27T07:52:00+02:00</sln:powIIPWersja><sln:powIdTeryt>1208</sln:powIdTeryt><sln:powNazwa>miechowski</sln:powNazwa><sln:wojIIPId>dd2e3c64-f861-47cf-a3a3-e7751f272b2f</sln:wojIIPId><sln:wojIIPPn>PL.PZGIK.200</sln:wojIIPPn><sln:wojIIPWersja>2017-10-10T00:00:00+02:00</sln:wojIIPWersja><sln:wojIdTeryt>12</sln:wojIdTeryt><sln:wojNazwa>małopolskie</sln:wojNazwa></sln:miejscowosc><sln:miejscowosc><sln:cyklZyciaOd>2014-12-03T00:00:00+01:00</sln:cyklZyciaOd><sln:gmIIPId>f3c0fed0-df9c-484f-93c8-a9a282156504</sln:gmIIPId><sln:gmIIPPn>PL.PZGIK.200</sln:gmIIPPn><sln:gmIIPWersja>2012-09-26T22:10:04+02:00</sln:gmIIPWersja><sln:gmIdTeryt>1208032</sln:gmIdTeryt><sln:gmNazwa>Kozłów</sln:gmNazwa><sln:miejscIIPId>c593911f-48b2-4bb8-811b-f042cc193614</sln:miejscIIPId><sln:miejscIIPPn>PL.PZGIK.200</sln:miejscIIPPn><sln:miejscIIPWersja>2016-11-24T13:29:11+02:00</sln:miejscIIPWersja><sln:miejscIdTeryt>0245374</sln:miejscIdTeryt><sln:miejscNazwa>Przybysławice</sln:miejscNazwa><sln:miejscRodzaj>Wieś</sln:miejscRodzaj><sln:powIIPId>044838ea-446c-4679-9bf9-a0f7351d0e26</sln:powIIPId><sln:powIIPPn>PL.PZGIK.200</sln:powIIPPn><sln:powIIPWersja>2012-09-27T07:52:00+02:00</sln:powIIPWersja><sln:powIdTeryt>1208</sln:powIdTeryt><sln:powNazwa>miechowski</sln:powNazwa><sln:wojIIPId>dd2e3c64-f861-47cf-a3a3-e7751f272b2f</sln:wojIIPId><sln:wojIIPPn>PL.PZGIK.200</sln:wojIIPPn><sln:wojIIPWersja>2017-10-10T00:00:00+02:00</sln:wojIIPWersja><sln:wojIdTeryt>12</sln:wojIdTeryt><sln:wojNazwa>małopolskie</sln:wojNazwa></sln:miejscowosc><sln:miejscowosc><sln:cyklZyciaOd>2014-12-03T00:00:00+01:00</sln:cyklZyciaOd><sln:gmIIPId>f3c0fed0-df9c-484f-93c8-a9a282156504</sln:gmIIPId><sln:gmIIPPn>PL.PZGIK.200</sln:gmIIPPn><sln:gmIIPWersja>2012-09-26T22:10:04+02:00</sln:gmIIPWersja><sln:gmIdTeryt>1208032</sln:gmIdTeryt><sln:gmNazwa>Kozłów</sln:gmNazwa><sln:miejscIIPId>e3eb8e2d-adc4-4c6d-b2a4-c6c28f059155</sln:miejscIIPId><sln:miejscIIPPn>PL.PZGIK.200</sln:miejscIIPPn><sln:miejscIIPWersja>2016-11-24T13:29:47+02:00</sln:miejscIIPWersja><sln:miejscIdTeryt>0245523</sln:miejscIdTeryt><sln:miejscNazwa>Rogów</sln:miejscNazwa><sln:miejscRodzaj>Wieś</sln:miejscRodzaj><sln:powIIPId>044838ea-446c-4679-9bf9-a0f7351d0e26</sln:powIIPId><sln:powIIPPn>PL.PZGIK.200</sln:powIIPPn><sln:powIIPWersja>2012-09-27T07:52:00+02:00</sln:powIIPWersja><sln:powIdTeryt>1208</sln:powIdTeryt><sln:powNazwa>miechowski</sln:powNazwa><sln:wojIIPId>dd2e3c64-f861-47cf-a3a3-e7751f272b2f</sln:wojIIPId><sln:wojIIPPn>PL.PZGIK.200</sln:wojIIPPn><sln:wojIIPWersja>2017-10-10T00:00:00+02:00</sln:wojIIPWersja><sln:wojIdTeryt>12</sln:wojIdTeryt><sln:wojNazwa>małopolskie</sln:wojNazwa></sln:miejscowosc><sln:miejscowosc><sln:cyklZyciaOd>2014-12-03T00:00:00+01:00</sln:cyklZyciaOd><sln:gmIIPId>f3c0fed0-df9c-484f-93c8-a9a282156504</sln:gmIIPId><sln:gmIIPPn>PL.PZGIK.200</sln:gmIIPPn><sln:gmIIPWersja>2012-09-26T22:10:04+02:00</sln:gmIIPWersja><sln:gmIdTeryt>1208032</sln:gmIdTeryt><sln:gmNazwa>Kozłów</sln:gmNazwa><sln:miejscIIPId>bf0c3b2d-e0d3-4044-b2f4-65056dd7fc37</sln:miejscIIPId><sln:miejscIIPPn>PL.PZGIK.200</sln:miejscIIPPn><sln:miejscIIPWersja>2016-11-24T13:55:17+02:00</sln:miejscIIPWersja><sln:miejscIdTeryt>0245262</sln:miejscIdTeryt><sln:miejscNazwa>Nawsie</sln:miejscNazwa><sln:miejscRodzaj>Inny obiekt</sln:miejscRodzaj><sln:powIIPId>044838ea-446c-4679-9bf9-a0f7351d0e26</sln:powIIPId><sln:powIIPPn>PL.PZGIK.200</sln:powIIPPn><sln:powIIPWersja>2012-09-27T07:52:00+02:00</sln:powIIPWersja><sln:powIdTeryt>1208</sln:powIdTeryt><sln:powNazwa>miechowski</sln:powNazwa><sln:wojIIPId>dd2e3c64-f861-47cf-a3a3-e7751f272b2f</sln:wojIIPId><sln:wojIIPPn>PL.PZGIK.200</sln:wojIIPPn><sln:wojIIPWersja>2017-10-10T00:00:00+02:00</sln:wojIIPWersja><sln:wojIdTeryt>12</sln:wojIdTeryt><sln:wojNazwa>małopolskie</sln:wojNazwa></sln:miejscowosc><sln:miejscowosc><sln:cyklZyciaOd>2014-12-03T00:00:00+01:00</sln:cyklZyciaOd><sln:gmIIPId>f3c0fed0-df9c-484f-93c8-a9a282156504</sln:gmIIPId><sln:gmIIPPn>PL.PZGIK.200</sln:gmIIPPn><sln:gmIIPWersja>2012-09-26T22:10:04+02:00</sln:gmIIPWersja><sln:gmIdTeryt>1208032</sln:gmIdTeryt><sln:gmNazwa>Kozłów</sln:gmNazwa><sln:miejscIIPId>9a2a5ad3-727e-4bb2-9341-e7620fc08711</sln:miejscIIPId><sln:miejscIIPPn>PL.PZGIK.200</sln:miejscIIPPn><sln:miejscIIPWersja>2016-11-24T13:45:47+02:00</sln:miejscIIPWersja><sln:miejscIdTeryt>0245434</sln:miejscIdTeryt><sln:miejscNazwa>Rzędówka</sln:miejscNazwa><sln:miejscRodzaj>Inny obiekt</sln:miejscRodzaj><sln:powIIPId>044838ea-446c-4679-9bf9-a0f7351d0e26</sln:powIIPId><sln:powIIPPn>PL.PZGIK.200</sln:powIIPPn><sln:powIIPWersja>2012-09-27T07:52:00+02:00</sln:powIIPWersja><sln:powIdTeryt>1208</sln:powIdTeryt><sln:powNazwa>miechowski</sln:powNazwa><sln:wojIIPId>dd2e3c64-f861-47cf-a3a3-e7751f272b2f</sln:wojIIPId><sln:wojIIPPn>PL.PZGIK.200</sln:wojIIPPn><sln:wojIIPWersja>2017-10-10T00:00:00+02:00</sln:wojIIPWersja><sln:wojIdTeryt>12</sln:wojIdTeryt><sln:wojNazwa>małopolskie</sln:wojNazwa></sln:miejscowosc><sln:miejscowosc><sln:cyklZyciaOd>2014-12-03T00:00:00+01:00</sln:cyklZyciaOd><sln:gmIIPId>f3c0fed0-df9c-484f-93c8-a9a282156504</sln:gmIIPId><sln:gmIIPPn>PL.PZGIK.200</sln:gmIIPPn><sln:gmIIPWersja>2012-09-26T22:10:04+02:00</sln:gmIIPWersja><sln:gmIdTeryt>1208032</sln:gmIdTeryt><sln:gmNazwa>Kozłów</sln:gmNazwa><sln:miejscIIPId>a18eb8d7-cbb7-48a4-b033-668288a1a80a</sln:miejscIIPId><sln:miejscIIPPn>PL.PZGIK.200</sln:miejscIIPPn><sln:miejscIIPWersja>2016-11-24T13:45:03+02:00</sln:miejscIIPWersja><sln:miejscIdTeryt>0245138</sln:miejscIdTeryt><sln:miejscNazwa>Nowy Bryzdzyn</sln:miejscNazwa><sln:miejscRodzaj>Inny obiekt</sln:miejscRodzaj><sln:powIIPId>044838ea-446c-4679-9bf9-a0f7351d0e26</sln:powIIPId><sln:powIIPPn>PL.PZGIK.200</sln:powIIPPn><sln:powIIPWersja>2012-09-27T07:52:00+02:00</sln:powIIPWersja><sln:powIdTeryt>1208</sln:powIdTeryt><sln:powNazwa>miechowski</sln:powNazwa><sln:wojIIPId>dd2e3c64-f861-47cf-a3a3-e7751f272b2f</sln:wojIIPId><sln:wojIIPPn>PL.PZGIK.200</sln:wojIIPPn><sln:wojIIPWersja>2017-10-10T00:00:00+02:00</sln:wojIIPWersja><sln:wojIdTeryt>12</sln:wojIdTeryt><sln:wojNazwa>małopolskie</sln:wojNazwa></sln:miejscowosc><sln:miejscowosc><sln:cyklZyciaOd>2014-12-03T00:00:00+01:00</sln:cyklZyciaOd><sln:gmIIPId>f3c0fed0-df9c-484f-93c8-a9a282156504</sln:gmIIPId><sln:gmIIPPn>PL.PZGIK.200</sln:gmIIPPn><sln:gmIIPWersja>2012-09-26T22:10:04+02:00</sln:gmIIPWersja><sln:gmIdTeryt>1208032</sln:gmIdTeryt><sln:gmNazwa>Kozłów</sln:gmNazwa><sln:miejscIIPId>d112a3e4-97c7-4b36-9bb0-cf798394bb12</sln:miejscIIPId><sln:miejscIIPPn>PL.PZGIK.200</sln:miejscIIPPn><sln:miejscIIPWersja>2016-11-24T13:57:36+02:00</sln:miejscIIPWersja><sln:miejscIdTeryt>0245351</sln:miejscIdTeryt><sln:miejscNazwa>Podmstyczów</sln:miejscNazwa><sln:miejscRodzaj>Inny obiekt</sln:miejscRodzaj><sln:powIIPId>044838ea-446c-4679-9bf9-a0f7351d0e26</sln:powIIPId><sln:powIIPPn>PL.PZGIK.200</sln:powIIPPn><sln:powIIPWersja>2012-09-27T07:52:00+02:00</sln:powIIPWersja><sln:powIdTeryt>1208</sln:powIdTeryt><sln:powNazwa>miechowski</sln:powNazwa><sln:wojIIPId>dd2e3c64-f861-47cf-a3a3-e7751f272b2f</sln:wojIIPId><sln:wojIIPPn>PL.PZGIK.200</sln:wojIIPPn><sln:wojIIPWersja>2017-10-10T00:00:00+02:00</sln:wojIIPWersja><sln:wojIdTeryt>12</sln:wojIdTeryt><sln:wojNazwa>małopolskie</sln:wojNazwa></sln:miejscowosc><sln:miejscowosc><sln:cyklZyciaOd>2014-12-03T00:00:00+01:00</sln:cyklZyciaOd><sln:gmIIPId>f3c0fed0-df9c-484f-93c8-a9a282156504</sln:gmIIPId><sln:gmIIPPn>PL.PZGIK.200</sln:gmIIPPn><sln:gmIIPWersja>2012-09-26T22:10:04+02:00</sln:gmIIPWersja><sln:gmIdTeryt>1208032</sln:gmIdTeryt><sln:gmNazwa>Kozłów</sln:gmNazwa><sln:miejscIIPId>ac0d80f8-7732-4ba4-9f76-4d51cffa4f99</sln:miejscIIPId><sln:miejscIIPPn>PL.PZGIK.200</sln:miejscIIPPn><sln:miejscIIPWersja>2016-11-24T13:57:36+02:00</sln:miejscIIPWersja><sln:miejscIdTeryt>0245339</sln:miejscIdTeryt><sln:miejscNazwa>Kolonia Podworska</sln:miejscNazwa><sln:miejscRodzaj>Inny obiekt</sln:miejscRodzaj><sln:powIIPId>044838ea-446c-4679-9bf9-a0f7351d0e26</sln:powIIPId><sln:powIIPPn>PL.PZGIK.200</sln:powIIPPn><sln:powIIPWersja>2012-09-27T07:52:00+02:00</sln:powIIPWersja><sln:powIdTeryt>1208</sln:powIdTeryt><sln:powNazwa>miechowski</sln:powNazwa><sln:wojIIPId>dd2e3c64-f861-47cf-a3a3-e7751f272b2f</sln:wojIIPId><sln:wojIIPPn>PL.PZGIK.200</sln:wojIIPPn><sln:wojIIPWersja>2017-10-10T00:00:00+02:00</sln:wojIIPWersja><sln:wojIdTeryt>12</sln:wojIdTeryt><sln:wojNazwa>małopolskie</sln:wojNazwa></sln:miejscowosc><sln:miejscowosc><sln:cyklZyciaOd>2014-12-03T00:00:00+01:00</sln:cyklZyciaOd><sln:gmIIPId>f3c0fed0-df9c-484f-93c8-a9a282156504</sln:gmIIPId><sln:gmIIPPn>PL.PZGIK.200</sln:gmIIPPn><sln:gmIIPWersja>2012-09-26T22:10:04+02:00</sln:gmIIPWersja><sln:gmIdTeryt>1208032</sln:gmIdTeryt><sln:gmNazwa>Kozłów</sln:gmNazwa><sln:miejscIIPId>1347ccdc-8acd-4a29-854d-f36abaa1a9b3</sln:miejscIIPId><sln:miejscIIPPn>PL.PZGIK.200</sln:miejscIIPPn><sln:miejscIIPWersja>2016-11-24T13:41:48+02:00</sln:miejscIIPWersja><sln:miejscIdTeryt>0245109</sln:miejscIdTeryt><sln:miejscNazwa>Bogdanów</sln:miejscNazwa><sln:miejscRodzaj>Wieś</sln:miejscRodzaj><sln:powIIPId>044838ea-446c-4679-9bf9-a0f7351d0e26</sln:powIIPId><sln:powIIPPn>PL.PZGIK.200</sln:powIIPPn><sln:powIIPWersja>2012-09-27T07:52:00+02:00</sln:powIIPWersja><sln:powIdTeryt>1208</sln:powIdTeryt><sln:powNazwa>miechowski</sln:powNazwa><sln:wojIIPId>dd2e3c64-f861-47cf-a3a3-e7751f272b2f</sln:wojIIPId><sln:wojIIPPn>PL.PZGIK.200</sln:wojIIPPn><sln:wojIIPWersja>2017-10-10T00:00:00+02:00</sln:wojIIPWersja><sln:wojIdTeryt>12</sln:wojIdTeryt><sln:wojNazwa>małopolskie</sln:wojNazwa></sln:miejscowosc><sln:miejscowosc><sln:cyklZyciaDo>2018-01-26T00:00:00+01:00</sln:cyklZyciaDo><sln:cyklZyciaOd>2014-12-03T00:00:00+01:00</sln:cyklZyciaOd><sln:gmIIPId>f3c0fed0-df9c-484f-93c8-a9a282156504</sln:gmIIPId><sln:gmIIPPn>PL.PZGIK.200</sln:gmIIPPn><sln:gmIIPWersja>2012-09-26T22:10:04+02:00</sln:gmIIPWersja><sln:gmIdTeryt>1208032</sln:gmIdTeryt><sln:gmNazwa>Kozłów</sln:gmNazwa><sln:miejscIIPId>6be487f3-2ab3-41d9-8183-8fee8773b029</sln:miejscIIPId><sln:miejscIIPPn>PL.PZGIK.200</sln:miejscIIPPn><sln:miejscIIPWersja>2016-11-24T13:29:16+02:00</sln:miejscIIPWersja><sln:miejscIdTeryt>0245463</sln:miejscIdTeryt><sln:miejscNazwa>Przysieka</sln:miejscNazwa><sln:miejscRodzaj>Wieś</sln:miejscRodzaj><sln:powIIPId>044838ea-446c-4679-9bf9-a0f7351d0e26</sln:powIIPId><sln:powIIPPn>PL.PZGIK.200</sln:powIIPPn><sln:powIIPWersja>2012-09-27T07:52:00+02:00</sln:powIIPWersja><sln:powIdTeryt>1208</sln:powIdTeryt><sln:powNazwa>miechowski</sln:powNazwa><sln:wojIIPId>dd2e3c64-f861-47cf-a3a3-e7751f272b2f</sln:wojIIPId><sln:wojIIPPn>PL.PZGIK.200</sln:wojIIPPn><sln:wojIIPWersja>2017-10-10T00:00:00+02:00</sln:wojIIPWersja><sln:wojIdTeryt>12</sln:wojIdTeryt><sln:wojNazwa>małopolskie</sln:wojNazwa></sln:miejscowosc><sln:miejscowosc><sln:cyklZyciaOd>2014-12-03T00:00:00+01:00</sln:cyklZyciaOd><sln:gmIIPId>f3c0fed0-df9c-484f-93c8-a9a282156504</sln:gmIIPId><sln:gmIIPPn>PL.PZGIK.200</sln:gmIIPPn><sln:gmIIPWersja>2012-09-26T22:10:04+02:00</sln:gmIIPWersja><sln:gmIdTeryt>1208032</sln:gmIdTeryt><sln:gmNazwa>Kozłów</sln:gmNazwa><sln:miejscIIPId>eb8df6a2-f7d9-4d53-95be-1bcf1975c7ae</sln:miejscIIPId><sln:miejscIIPPn>PL.PZGIK.200</sln:miejscIIPPn><sln:miejscIIPWersja>2016-11-24T13:55:17+02:00</sln:miejscIIPWersja><sln:miejscIdTeryt>0245256</sln:miejscIdTeryt><sln:miejscNazwa>Florentynów</sln:miejscNazwa><sln:miejscRodzaj>Inny obiekt</sln:miejscRodzaj><sln:powIIPId>044838ea-446c-4679-9bf9-a0f7351d0e26</sln:powIIPId><sln:powIIPPn>PL.PZGIK.200</sln:powIIPPn><sln:powIIPWersja>2012-09-27T07:52:00+02:00</sln:powIIPWersja><sln:powIdTeryt>1208</sln:powIdTeryt><sln:powNazwa>miechowski</sln:powNazwa><sln:wojIIPId>dd2e3c64-f861-47cf-a3a3-e7751f272b2f</sln:wojIIPId><sln:wojIIPPn>PL.PZGIK.200</sln:wojIIPPn><sln:wojIIPWersja>2017-10-10T00:00:00+02:00</sln:wojIIPWersja><sln:wojIdTeryt>12</sln:wojIdTeryt><sln:wojNazwa>małopolskie</sln:wojNazwa></sln:miejscowosc><sln:miejscowosc><sln:cyklZyciaOd>2014-12-03T00:00:00+01:00</sln:cyklZyciaOd><sln:gmIIPId>f3c0fed0-df9c-484f-93c8-a9a282156504</sln:gmIIPId><sln:gmIIPPn>PL.PZGIK.200</sln:gmIIPPn><sln:gmIIPWersja>2012-09-26T22:10:04+02:00</sln:gmIIPWersja><sln:gmIdTeryt>1208032</sln:gmIdTeryt><sln:gmNazwa>Kozłów</sln:gmNazwa><sln:miejscIIPId>053dab2b-1cff-4377-95c0-64a174623a61</sln:miejscIIPId><sln:miejscIIPPn>PL.PZGIK.200</sln:miejscIIPPn><sln:miejscIIPWersja>2016-11-24T13:55:13+02:00</sln:miejscIIPWersja><sln:miejscIdTeryt>0245196</sln:miejscIdTeryt><sln:miejscNazwa>Koryczany</sln:miejscNazwa><sln:miejscRodzaj>Inny obiekt</sln:miejscRodzaj><sln:powIIPId>044838ea-446c-4679-9bf9-a0f7351d0e26</sln:powIIPId><sln:powIIPPn>PL.PZGIK.200</sln:powIIPPn><sln:powIIPWersja>2012-09-27T07:52:00+02:00</sln:powIIPWersja><sln:powIdTeryt>1208</sln:powIdTeryt><sln:powNazwa>miechowski</sln:powNazwa><sln:wojIIPId>dd2e3c64-f861-47cf-a3a3-e7751f272b2f</sln:wojIIPId><sln:wojIIPPn>PL.PZGIK.200</sln:wojIIPPn><sln:wojIIPWersja>2017-10-10T00:00:00+02:00</sln:wojIIPWersja><sln:wojIdTeryt>12</sln:wojIdTeryt><sln:wojNazwa>małopolskie</sln:wojNazwa></sln:miejscowosc><sln:miejscowosc><sln:cyklZyciaOd>2014-12-03T00:00:00+01:00</sln:cyklZyciaOd><sln:gmIIPId>f3c0fed0-df9c-484f-93c8-a9a282156504</sln:gmIIPId><sln:gmIIPPn>PL.PZGIK.200</sln:gmIIPPn><sln:gmIIPWersja>2012-09-26T22:10:04+02:00</sln:gmIIPWersja><sln:gmIdTeryt>1208032</sln:gmIdTeryt><sln:gmNazwa>Kozłów</sln:gmNazwa><sln:miejscIIPId>7036d38d-5aaf-46a8-b39a-46f2b569436f</sln:miejscIIPId><sln:miejscIIPPn>PL.PZGIK.200</sln:miejscIIPPn><sln:miejscIIPWersja>2016-11-24T13:55:12+02:00</sln:miejscIIPWersja><sln:miejscIdTeryt>0245167</sln:miejscIdTeryt><sln:miejscNazwa>Kozinki</sln:miejscNazwa><sln:miejscRodzaj>Inny obiekt</sln:miejscRodzaj><sln:powIIPId>044838ea-446c-4679-9bf9-a0f7351d0e26</sln:powIIPId><sln:powIIPPn>PL.PZGIK.200</sln:powIIPPn><sln:powIIPWersja>2012-09-27T07:52:00+02:00</sln:powIIPWersja><sln:powIdTeryt>1208</sln:powIdTeryt><sln:powNazwa>miechowski</sln:powNazwa><sln:wojIIPId>dd2e3c64-f861-47cf-a3a3-e7751f272b2f</sln:wojIIPId><sln:wojIIPPn>PL.PZGIK.200</sln:wojIIPPn><sln:wojIIPWersja>2017-10-10T00:00:00+02:00</sln:wojIIPWersja><sln:wojIdTeryt>12</sln:wojIdTeryt><sln:wojNazwa>małopolskie</sln:wojNazwa></sln:miejscowosc><sln:miejscowosc><sln:cyklZyciaOd>2014-12-03T00:00:00+01:00</sln:cyklZyciaOd><sln:gmIIPId>f3c0fed0-df9c-484f-93c8-a9a282156504</sln:gmIIPId><sln:gmIIPPn>PL.PZGIK.200</sln:gmIIPPn><sln:gmIIPWersja>2012-09-26T22:10:04+02:00</sln:gmIIPWersja><sln:gmIdTeryt>1208032</sln:gmIdTeryt><sln:gmNazwa>Kozłów</sln:gmNazwa><sln:miejscIIPId>8cf7a4cc-34eb-4006-9ac6-98f3dfdf55ab</sln:miejscIIPId><sln:miejscIIPPn>PL.PZGIK.200</sln:miejscIIPPn><sln:miejscIIPWersja>2016-11-24T13:45:47+02:00</sln:miejscIIPWersja><sln:miejscIdTeryt>0245440</sln:miejscIdTeryt><sln:miejscNazwa>Srogowie</sln:miejscNazwa><sln:miejscRodzaj>Inny obiekt</sln:miejscRodzaj><sln:powIIPId>044838ea-446c-4679-9bf9-a0f7351d0e26</sln:powIIPId><sln:powIIPPn>PL.PZGIK.200</sln:powIIPPn><sln:powIIPWersja>2012-09-27T07:52:00+02:00</sln:powIIPWersja><sln:powIdTeryt>1208</sln:powIdTeryt><sln:powNazwa>miechowski</sln:powNazwa><sln:wojIIPId>dd2e3c64-f861-47cf-a3a3-e7751f272b2f</sln:wojIIPId><sln:wojIIPPn>PL.PZGIK.200</sln:wojIIPPn><sln:wojIIPWersja>2017-10-10T00:00:00+02:00</sln:wojIIPWersja><sln:wojIdTeryt>12</sln:wojIdTeryt><sln:wojNazwa>małopolskie</sln:wojNazwa></sln:miejscowosc><sln:miejscowosc><sln:cyklZyciaOd>2014-12-03T00:00:00+01:00</sln:cyklZyciaOd><sln:gmIIPId>f3c0fed0-df9c-484f-93c8-a9a282156504</sln:gmIIPId><sln:gmIIPPn>PL.PZGIK.200</sln:gmIIPPn><sln:gmIIPWersja>2012-09-26T22:10:04+02:00</sln:gmIIPWersja><sln:gmIdTeryt>1208032</sln:gmIdTeryt><sln:gmNazwa>Kozłów</sln:gmNazwa><sln:miejscIIPId>6fd7e519-2a22-4f5e-97be-7b75b1056df2</sln:miejscIIPId><sln:miejscIIPPn>PL.PZGIK.200</sln:miejscIIPPn><sln:miejscIIPWersja>2016-11-24T13:55:13+02:00</sln:miejscIIPWersja><sln:miejscIdTeryt>0245180</sln:miejscIdTeryt><sln:miejscNazwa>Druga Kolonia za Górą</sln:miejscNazwa><sln:miejscRodzaj>Inny obiekt</sln:miejscRodzaj><sln:powIIPId>044838ea-446c-4679-9bf9-a0f7351d0e26</sln:powIIPId><sln:powIIPPn>PL.PZGIK.200</sln:powIIPPn><sln:powIIPWersja>2012-09-27T07:52:00+02:00</sln:powIIPWersja><sln:powIdTeryt>1208</sln:powIdTeryt><sln:powNazwa>miechowski</sln:powNazwa><sln:wojIIPId>dd2e3c64-f861-47cf-a3a3-e7751f272b2f</sln:wojIIPId><sln:wojIIPPn>PL.PZGIK.200</sln:wojIIPPn><sln:wojIIPWersja>2017-10-10T00:00:00+02:00</sln:wojIIPWersja><sln:wojIdTeryt>12</sln:wojIdTeryt><sln:wojNazwa>małopolskie</sln:wojNazwa></sln:miejscowosc><sln:miejscowosc><sln:cyklZyciaOd>2018-01-26T00:00:00+01:00</sln:cyklZyciaOd><sln:gmIIPId>f3c0fed0-df9c-484f-93c8-a9a282156504</sln:gmIIPId><sln:gmIIPPn>PL.PZGIK.200</sln:gmIIPPn><sln:gmIIPWersja>2012-09-26T22:10:04+02:00</sln:gmIIPWersja><sln:gmIdTeryt>1208032</sln:gmIdTeryt><sln:gmNazwa>Kozłów</sln:gmNazwa><sln:miejscIIPId>6be487f3-2ab3-41d9-8183-8fee8773b029</sln:miejscIIPId><sln:miejscIIPPn>PL.PZGIK.200</sln:miejscIIPPn><sln:miejscIIPWersja>2018-01-26T00:12:08+02:00</sln:miejscIIPWersja><sln:miejscIdTeryt>0245463</sln:miejscIdTeryt><sln:miejscNazwa>Przysieka</sln:miejscNazwa><sln:miejscRodzaj>Wieś</sln:miejscRodzaj><sln:powIIPId>044838ea-446c-4679-9bf9-a0f7351d0e26</sln:powIIPId><sln:powIIPPn>PL.PZGIK.200</sln:powIIPPn><sln:powIIPWersja>2012-09-27T07:52:00+02:00</sln:powIIPWersja><sln:powIdTeryt>1208</sln:powIdTeryt><sln:powNazwa>miechowski</sln:powNazwa><sln:wojIIPId>dd2e3c64-f861-47cf-a3a3-e7751f272b2f</sln:wojIIPId><sln:wojIIPPn>PL.PZGIK.200</sln:wojIIPPn><sln:wojIIPWersja>2017-10-10T00:00:00+02:00</sln:wojIIPWersja><sln:wojIdTeryt>12</sln:wojIdTeryt><sln:wojNazwa>małopolskie</sln:wojNazwa></sln:miejscowosc><sln:miejscowosc><sln:cyklZyciaOd>2018-01-26T00:00:00+01:00</sln:cyklZyciaOd><sln:gmIIPId>f3c0fed0-df9c-484f-93c8-a9a282156504</sln:gmIIPId><sln:gmIIPPn>PL.PZGIK.200</sln:gmIIPPn><sln:gmIIPWersja>2012-09-26T22:10:04+02:00</sln:gmIIPWersja><sln:gmIdTeryt>1208032</sln:gmIdTeryt><sln:gmNazwa>Kozłów</sln:gmNazwa><sln:miejscIIPId>d4df3d26-04d9-4efa-8cea-c749f7840e22</sln:miejscIIPId><sln:miejscIIPPn>PL.PZGIK.200</sln:miejscIIPPn><sln:miejscIIPWersja>2018-01-26T00:12:10+02:00</sln:miejscIIPWersja><sln:miejscIdTeryt>0245486</sln:miejscIdTeryt><sln:miejscNIIPId>6be487f3-2ab3-41d9-8183-8fee8773b029</sln:miejscNIIPId><sln:miejscNIIPPn>PL.PZGIK.200</sln:miejscNIIPPn><sln:miejscNIIPWersja>2018-01-26T00:12:08+02:00</sln:miejscNIIPWersja><sln:miejscNIdTeryt>0245463</sln:miejscNIdTeryt><sln:miejscNNazwa>Przysieka</sln:miejscNNazwa><sln:miejscNRodzaj>Wieś</sln:miejscNRodzaj><sln:miejscNazwa>Pod Lasem</sln:miejscNazwa><sln:miejscRodzaj>Inny obiekt</sln:miejscRodzaj><sln:powIIPId>044838ea-446c-4679-9bf9-a0f7351d0e26</sln:powIIPId><sln:powIIPPn>PL.PZGIK.200</sln:powIIPPn><sln:powIIPWersja>2012-09-27T07:52:00+02:00</sln:powIIPWersja><sln:powIdTeryt>1208</sln:powIdTeryt><sln:powNazwa>miechowski</sln:powNazwa><sln:wojIIPId>dd2e3c64-f861-47cf-a3a3-e7751f272b2f</sln:wojIIPId><sln:wojIIPPn>PL.PZGIK.200</sln:wojIIPPn><sln:wojIIPWersja>2017-10-10T00:00:00+02:00</sln:wojIIPWersja><sln:wojIdTeryt>12</sln:wojIdTeryt><sln:wojNazwa>małopolskie</sln:wojNazwa></sln:miejscowosc><sln:miejscowosc><sln:cyklZyciaOd>2018-01-26T00:00:00+01:00</sln:cyklZyciaOd><sln:gmIIPId>f3c0fed0-df9c-484f-93c8-a9a282156504</sln:gmIIPId><sln:gmIIPPn>PL.PZGIK.200</sln:gmIIPPn><sln:gmIIPWersja>2012-09-26T22:10:04+02:00</sln:gmIIPWersja><sln:gmIdTeryt>1208032</sln:gmIdTeryt><sln:gmNazwa>Kozłów</sln:gmNazwa><sln:miejscIIPId>7a5d8be8-5b80-49a6-92bb-78be20a8a523</sln:miejscIIPId><sln:miejscIIPPn>PL.PZGIK.200</sln:miejscIIPPn><sln:miejscIIPWersja>2018-01-26T00:12:10+02:00</sln:miejscIIPWersja><sln:miejscIdTeryt>0245500</sln:miejscIdTeryt><sln:miejscNIIPId>6be487f3-2ab3-41d9-8183-8fee8773b029</sln:miejscNIIPId><sln:miejscNIIPPn>PL.PZGIK.200</sln:miejscNIIPPn><sln:miejscNIIPWersja>2018-01-26T00:12:08+02:00</sln:miejscNIIPWersja><sln:miejscNIdTeryt>0245463</sln:miejscNIdTeryt><sln:miejscNNazwa>Przysieka</sln:miejscNNazwa><sln:miejscNRodzaj>Wieś</sln:miejscNRodzaj><sln:miejscNazwa>Wiśniówka</sln:miejscNazwa><sln:miejscRodzaj>Inny obiekt</sln:miejscRodzaj><sln:powIIPId>044838ea-446c-4679-9bf9-a0f7351d0e26</sln:powIIPId><sln:powIIPPn>PL.PZGIK.200</sln:powIIPPn><sln:powIIPWersja>2012-09-27T07:52:00+02:00</sln:powIIPWersja><sln:powIdTeryt>1208</sln:powIdTeryt><sln:powNazwa>miechowski</sln:powNazwa><sln:wojIIPId>dd2e3c64-f861-47cf-a3a3-e7751f272b2f</sln:wojIIPId><sln:wojIIPPn>PL.PZGIK.200</sln:wojIIPPn><sln:wojIIPWersja>2017-10-10T00:00:00+02:00</sln:wojIIPWersja><sln:wojIdTeryt>12</sln:wojIdTeryt><sln:wojNazwa>małopolskie</sln:wojNazwa></sln:miejscowosc><sln:miejscowosc><sln:cyklZyciaOd>2018-01-26T00:00:00+01:00</sln:cyklZyciaOd><sln:gmIIPId>f3c0fed0-df9c-484f-93c8-a9a282156504</sln:gmIIPId><sln:gmIIPPn>PL.PZGIK.200</sln:gmIIPPn><sln:gmIIPWersja>2012-09-26T22:10:04+02:00</sln:gmIIPWersja><sln:gmIdTeryt>1208032</sln:gmIdTeryt><sln:gmNazwa>Kozłów</sln:gmNazwa><sln:miejscIIPId>a649b706-54c5-4904-a0c0-18b1837ebb27</sln:miejscIIPId><sln:miejscIIPPn>PL.PZGIK.200</sln:miejscIIPPn><sln:miejscIIPWersja>2018-01-26T00:12:10+02:00</sln:miejscIIPWersja><sln:miejscIdTeryt>0245492</sln:miejscIdTeryt><sln:miejscNIIPId>6be487f3-2ab3-41d9-8183-8fee8773b029</sln:miejscNIIPId><sln:miejscNIIPPn>PL.PZGIK.200</sln:miejscNIIPPn><sln:miejscNIIPWersja>2018-01-26T00:12:08+02:00</sln:miejscNIIPWersja><sln:miejscNIdTeryt>0245463</sln:miejscNIdTeryt><sln:miejscNNazwa>Przysieka</sln:miejscNNazwa><sln:miejscNRodzaj>Wieś</sln:miejscNRodzaj><sln:miejscNazwa>Stara Wieś</sln:miejscNazwa><sln:miejscRodzaj>Inny obiekt</sln:miejscRodzaj><sln:powIIPId>044838ea-446c-4679-9bf9-a0f7351d0e26</sln:powIIPId><sln:powIIPPn>PL.PZGIK.200</sln:powIIPPn><sln:powIIPWersja>2012-09-27T07:52:00+02:00</sln:powIIPWersja><sln:powIdTeryt>1208</sln:powIdTeryt><sln:powNazwa>miechowski</sln:powNazwa><sln:wojIIPId>dd2e3c64-f861-47cf-a3a3-e7751f272b2f</sln:wojIIPId><sln:wojIIPPn>PL.PZGIK.200</sln:wojIIPPn><sln:wojIIPWersja>2017-10-10T00:00:00+02:00</sln:wojIIPWersja><sln:wojIdTeryt>12</sln:wojIdTeryt><sln:wojNazwa>małopolskie</sln:wojNazwa></sln:miejscowosc><sln:miejscowosc><sln:cyklZyciaOd>2018-01-26T00:00:00+01:00</sln:cyklZyciaOd><sln:gmIIPId>f3c0fed0-df9c-484f-93c8-a9a282156504</sln:gmIIPId><sln:gmIIPPn>PL.PZGIK.200</sln:gmIIPPn><sln:gmIIPWersja>2012-09-26T22:10:04+02:00</sln:gmIIPWersja><sln:gmIdTeryt>1208032</sln:gmIdTeryt><sln:gmNazwa>Kozłów</sln:gmNazwa><sln:miejscIIPId>25fcf6a9-776a-4e19-b06e-4c487b7da8d9</sln:miejscIIPId><sln:miejscIIPPn>PL.PZGIK.200</sln:miejscIIPPn><sln:miejscIIPWersja>2018-01-26T00:12:10+02:00</sln:miejscIIPWersja><sln:miejscIdTeryt>0245517</sln:miejscIdTeryt><sln:miejscNIIPId>6be487f3-2ab3-41d9-8183-8fee8773b029</sln:miejscNIIPId><sln:miejscNIIPPn>PL.PZGIK.200</sln:miejscNIIPPn><sln:miejscNIIPWersja>2018-01-26T00:12:08+02:00</sln:miejscNIIPWersja><sln:miejscNIdTeryt>0245463</sln:miejscNIdTeryt><sln:miejscNNazwa>Przysieka</sln:miejscNNazwa><sln:miejscNRodzaj>Wieś</sln:miejscNRodzaj><sln:miejscNazwa>Za Stacją</sln:miejscNazwa><sln:miejscRodzaj>Inny obiekt</sln:miejscRodzaj><sln:powIIPId>044838ea-446c-4679-9bf9-a0f7351d0e26</sln:powIIPId><sln:powIIPPn>PL.PZGIK.200</sln:powIIPPn><sln:powIIPWersja>2012-09-27T07:52:00+02:00</sln:powIIPWersja><sln:powIdTeryt>1208</sln:powIdTeryt><sln:powNazwa>miechowski</sln:powNazwa><sln:wojIIPId>dd2e3c64-f861-47cf-a3a3-e7751f272b2f</sln:wojIIPId><sln:wojIIPPn>PL.PZGIK.200</sln:wojIIPPn><sln:wojIIPWersja>2017-10-10T00:00:00+02:00</sln:wojIIPWersja><sln:wojIdTeryt>12</sln:wojIdTeryt><sln:wojNazwa>małopolskie</sln:wojNazwa></sln:miejscowosc><sln:miejscowosc><sln:cyklZyciaOd>2018-01-26T00:00:00+01:00</sln:cyklZyciaOd><sln:gmIIPId>f3c0fed0-df9c-484f-93c8-a9a282156504</sln:gmIIPId><sln:gmIIPPn>PL.PZGIK.200</sln:gmIIPPn><sln:gmIIPWersja>2012-09-26T22:10:04+02:00</sln:gmIIPWersja><sln:gmIdTeryt>1208032</sln:gmIdTeryt><sln:gmNazwa>Kozłów</sln:gmNazwa><sln:miejscIIPId>eef3bf62-5b75-4686-b299-5a0e8d6f3a97</sln:miejscIIPId><sln:miejscIIPPn>PL.PZGIK.200</sln:miejscIIPPn><sln:miejscIIPWersja>2018-01-26T00:12:10+02:00</sln:miejscIIPWersja><sln:miejscIdTeryt>0245470</sln:miejscIdTeryt><sln:miejscNIIPId>6be487f3-2ab3-41d9-8183-8fee8773b029</sln:miejscNIIPId><sln:miejscNIIPPn>PL.PZGIK.200</sln:miejscNIIPPn><sln:miejscNIIPWersja>2018-01-26T00:12:08+02:00</sln:miejscNIIPWersja><sln:miejscNIdTeryt>0245463</sln:miejscNIdTeryt><sln:miejscNNazwa>Przysieka</sln:miejscNNazwa><sln:miejscNRodzaj>Wieś</sln:miejscNRodzaj><sln:miejscNazwa>Kozinki</sln:miejscNazwa><sln:miejscRodzaj>Inny obiekt</sln:miejscRodzaj><sln:powIIPId>044838ea-446c-4679-9bf9-a0f7351d0e26</sln:powIIPId><sln:powIIPPn>PL.PZGIK.200</sln:powIIPPn><sln:powIIPWersja>2012-09-27T07:52:00+02:00</sln:powIIPWersja><sln:powIdTeryt>1208</sln:powIdTeryt><sln:powNazwa>miechowski</sln:powNazwa><sln:wojIIPId>dd2e3c64-f861-47cf-a3a3-e7751f272b2f</sln:wojIIPId><sln:wojIIPPn>PL.PZGIK.200</sln:wojIIPPn><sln:wojIIPWersja>2017-10-10T00:00:00+02:00</sln:wojIIPWersja><sln:wojIdTeryt>12</sln:wojIdTeryt><sln:wojNazwa>małopolskie</sln:wojNazwa></sln:miejscowosc></sln:lista-miejscowosci>