<?xml version="1.0" encoding="UTF-8" standalone="yes"?><sln:lista-miejscowosci xmlns:srv="http://gugik.gov.pl/schemas/slowniki-service/1.0" xmlns:sln="http://gugik.gov.pl/schemas/slowniki-schema/1.0"><sln:miejscowosc><sln:cyklZyciaOd>2014-12-07T00:00:00+01:00</sln:cyklZyciaOd><sln:gmIIPId>f25e4eff-f6f3-43de-ab9a-9bbc1a10ed05</sln:gmIIPId><sln:gmIIPPn>PL.PZGIK.200</sln:gmIIPPn><sln:gmIIPWersja>2012-09-26T22:09:51+02:00</sln:gmIIPWersja><sln:gmIdTeryt>1207112</sln:gmIdTeryt><sln:gmNazwa>Słopnice</sln:gmNazwa><sln:miejscIIPId>1e4a1d17-63b0-444d-a378-e1a9e3b7375f</sln:miejscIIPId><sln:miejscIIPPn>PL.PZGIK.200</sln:miejscIIPPn><sln:miejscIIPWersja>2016-11-24T13:47:06+02:00</sln:miejscIIPWersja><sln:miejscIdTeryt>0467324</sln:miejscIdTeryt><sln:miejscNazwa>Rola Dolna</sln:miejscNazwa><sln:miejscRodzaj>Inny obiekt</sln:miejscRodzaj><sln:powIIPId>8526b8c8-68f6-4c04-9098-9e7f03c3d15d</sln:powIIPId><sln:powIIPPn>PL.PZGIK.200</sln:powIIPPn><sln:powIIPWersja>2012-09-27T07:52:00+02:00</sln:powIIPWersja><sln:powIdTeryt>1207</sln:powIdTeryt><sln:powNazwa>limanowski</sln:powNazwa><sln:wojIIPId>dd2e3c64-f861-47cf-a3a3-e7751f272b2f</sln:wojIIPId><sln:wojIIPPn>PL.PZGIK.200</sln:wojIIPPn><sln:wojIIPWersja>2017-10-10T00:00:00+02:00</sln:wojIIPWersja><sln:wojIdTeryt>12</sln:wojIdTeryt><sln:wojNazwa>małopolskie</sln:wojNazwa></sln:miejscowosc><sln:miejscowosc><sln:cyklZyciaOd>2014-12-07T00:00:00+01:00</sln:cyklZyciaOd><sln:gmIIPId>f25e4eff-f6f3-43de-ab9a-9bbc1a10ed05</sln:gmIIPId><sln:gmIIPPn>PL.PZGIK.200</sln:gmIIPPn><sln:gmIIPWersja>2012-09-26T22:09:51+02:00</sln:gmIIPWersja><sln:gmIdTeryt>1207112</sln:gmIdTeryt><sln:gmNazwa>Słopnice</sln:gmNazwa><sln:miejscIIPId>db27e886-7c36-4e12-a4bf-e4535b461e63</sln:miejscIIPId><sln:miejscIIPPn>PL.PZGIK.200</sln:miejscIIPPn><sln:miejscIIPWersja>2016-11-24T13:47:06+02:00</sln:miejscIIPWersja><sln:miejscIdTeryt>0467287</sln:miejscIdTeryt><sln:miejscNazwa>Porębówka</sln:miejscNazwa><sln:miejscRodzaj>Inny obiekt</sln:miejscRodzaj><sln:powIIPId>8526b8c8-68f6-4c04-9098-9e7f03c3d15d</sln:powIIPId><sln:powIIPPn>PL.PZGIK.200</sln:powIIPPn><sln:powIIPWersja>2012-09-27T07:52:00+02:00</sln:powIIPWersja><sln:powIdTeryt>1207</sln:powIdTeryt><sln:powNazwa>limanowski</sln:powNazwa><sln:wojIIPId>dd2e3c64-f861-47cf-a3a3-e7751f272b2f</sln:wojIIPId><sln:wojIIPPn>PL.PZGIK.200</sln:wojIIPPn><sln:wojIIPWersja>2017-10-10T00:00:00+02:00</sln:wojIIPWersja><sln:wojIdTeryt>12</sln:wojIdTeryt><sln:wojNazwa>małopolskie</sln:wojNazwa></sln:miejscowosc><sln:miejscowosc><sln:cyklZyciaOd>2014-12-07T00:00:00+01:00</sln:cyklZyciaOd><sln:gmIIPId>f25e4eff-f6f3-43de-ab9a-9bbc1a10ed05</sln:gmIIPId><sln:gmIIPPn>PL.PZGIK.200</sln:gmIIPPn><sln:gmIIPWersja>2012-09-26T22:09:51+02:00</sln:gmIIPWersja><sln:gmIdTeryt>1207112</sln:gmIdTeryt><sln:gmNazwa>Słopnice</sln:gmNazwa><sln:miejscIIPId>5e786e33-39c6-4bb8-a750-f17b1a449c5d</sln:miejscIIPId><sln:miejscIIPPn>PL.PZGIK.200</sln:miejscIIPPn><sln:miejscIIPWersja>2016-11-24T13:30:48+02:00</sln:miejscIIPWersja><sln:miejscIdTeryt>0466939</sln:miejscIdTeryt><sln:miejscNazwa>Słopnice</sln:miejscNazwa><sln:miejscRodzaj>Wieś</sln:miejscRodzaj><sln:powIIPId>8526b8c8-68f6-4c04-9098-9e7f03c3d15d</sln:powIIPId><sln:powIIPPn>PL.PZGIK.200</sln:powIIPPn><sln:powIIPWersja>2012-09-27T07:52:00+02:00</sln:powIIPWersja><sln:powIdTeryt>1207</sln:powIdTeryt><sln:powNazwa>limanowski</sln:powNazwa><sln:wojIIPId>dd2e3c64-f861-47cf-a3a3-e7751f272b2f</sln:wojIIPId><sln:wojIIPPn>PL.PZGIK.200</sln:wojIIPPn><sln:wojIIPWersja>2017-10-10T00:00:00+02:00</sln:wojIIPWersja><sln:wojIdTeryt>12</sln:wojIdTeryt><sln:wojNazwa>małopolskie</sln:wojNazwa></sln:miejscowosc><sln:miejscowosc><sln:cyklZyciaOd>2014-12-07T00:00:00+01:00</sln:cyklZyciaOd><sln:gmIIPId>f25e4eff-f6f3-43de-ab9a-9bbc1a10ed05</sln:gmIIPId><sln:gmIIPPn>PL.PZGIK.200</sln:gmIIPPn><sln:gmIIPWersja>2012-09-26T22:09:51+02:00</sln:gmIIPWersja><sln:gmIdTeryt>1207112</sln:gmIdTeryt><sln:gmNazwa>Słopnice</sln:gmNazwa><sln:miejscIIPId>97db50fe-26d8-4f47-93ab-e96a3e92453e</sln:miejscIIPId><sln:miejscIIPPn>PL.PZGIK.200</sln:miejscIIPPn><sln:miejscIIPWersja>2016-11-24T13:47:06+02:00</sln:miejscIIPWersja><sln:miejscIdTeryt>0467011</sln:miejscIdTeryt><sln:miejscNazwa>Dwór</sln:miejscNazwa><sln:miejscRodzaj>Inny obiekt</sln:miejscRodzaj><sln:powIIPId>8526b8c8-68f6-4c04-9098-9e7f03c3d15d</sln:powIIPId><sln:powIIPPn>PL.PZGIK.200</sln:powIIPPn><sln:powIIPWersja>2012-09-27T07:52:00+02:00</sln:powIIPWersja><sln:powIdTeryt>1207</sln:powIdTeryt><sln:powNazwa>limanowski</sln:powNazwa><sln:wojIIPId>dd2e3c64-f861-47cf-a3a3-e7751f272b2f</sln:wojIIPId><sln:wojIIPPn>PL.PZGIK.200</sln:wojIIPPn><sln:wojIIPWersja>2017-10-10T00:00:00+02:00</sln:wojIIPWersja><sln:wojIdTeryt>12</sln:wojIdTeryt><sln:wojNazwa>małopolskie</sln:wojNazwa></sln:miejscowosc><sln:miejscowosc><sln:cyklZyciaOd>2014-12-07T00:00:00+01:00</sln:cyklZyciaOd><sln:gmIIPId>f25e4eff-f6f3-43de-ab9a-9bbc1a10ed05</sln:gmIIPId><sln:gmIIPPn>PL.PZGIK.200</sln:gmIIPPn><sln:gmIIPWersja>2012-09-26T22:09:51+02:00</sln:gmIIPWersja><sln:gmIdTeryt>1207112</sln:gmIdTeryt><sln:gmNazwa>Słopnice</sln:gmNazwa><sln:miejscIIPId>8a57acaa-5211-4f5c-aa5e-416dfc3e1c61</sln:miejscIIPId><sln:miejscIIPPn>PL.PZGIK.200</sln:miejscIIPPn><sln:miejscIIPWersja>2016-11-24T13:47:06+02:00</sln:miejscIIPWersja><sln:miejscIdTeryt>0466951</sln:miejscIdTeryt><sln:miejscNazwa>Biała Noga</sln:miejscNazwa><sln:miejscRodzaj>Inny obiekt</sln:miejscRodzaj><sln:powIIPId>8526b8c8-68f6-4c04-9098-9e7f03c3d15d</sln:powIIPId><sln:powIIPPn>PL.PZGIK.200</sln:powIIPPn><sln:powIIPWersja>2012-09-27T07:52:00+02:00</sln:powIIPWersja><sln:powIdTeryt>1207</sln:powIdTeryt><sln:powNazwa>limanowski</sln:powNazwa><sln:wojIIPId>dd2e3c64-f861-47cf-a3a3-e7751f272b2f</sln:wojIIPId><sln:wojIIPPn>PL.PZGIK.200</sln:wojIIPPn><sln:wojIIPWersja>2017-10-10T00:00:00+02:00</sln:wojIIPWersja><sln:wojIdTeryt>12</sln:wojIdTeryt><sln:wojNazwa>małopolskie</sln:wojNazwa></sln:miejscowosc><sln:miejscowosc><sln:cyklZyciaOd>2014-12-07T00:00:00+01:00</sln:cyklZyciaOd><sln:gmIIPId>f25e4eff-f6f3-43de-ab9a-9bbc1a10ed05</sln:gmIIPId><sln:gmIIPPn>PL.PZGIK.200</sln:gmIIPPn><sln:gmIIPWersja>2012-09-26T22:09:51+02:00</sln:gmIIPWersja><sln:gmIdTeryt>1207112</sln:gmIdTeryt><sln:gmNazwa>Słopnice</sln:gmNazwa><sln:miejscIIPId>3a781252-7aeb-493d-be41-ab1050c44cb4</sln:miejscIIPId><sln:miejscIIPPn>PL.PZGIK.200</sln:miejscIIPPn><sln:miejscIIPWersja>2016-11-24T13:47:06+02:00</sln:miejscIIPWersja><sln:miejscIdTeryt>0467212</sln:miejscIdTeryt><sln:miejscNazwa>Marki</sln:miejscNazwa><sln:miejscRodzaj>Inny obiekt</sln:miejscRodzaj><sln:powIIPId>8526b8c8-68f6-4c04-9098-9e7f03c3d15d</sln:powIIPId><sln:powIIPPn>PL.PZGIK.200</sln:powIIPPn><sln:powIIPWersja>2012-09-27T07:52:00+02:00</sln:powIIPWersja><sln:powIdTeryt>1207</sln:powIdTeryt><sln:powNazwa>limanowski</sln:powNazwa><sln:wojIIPId>dd2e3c64-f861-47cf-a3a3-e7751f272b2f</sln:wojIIPId><sln:wojIIPPn>PL.PZGIK.200</sln:wojIIPPn><sln:wojIIPWersja>2017-10-10T00:00:00+02:00</sln:wojIIPWersja><sln:wojIdTeryt>12</sln:wojIdTeryt><sln:wojNazwa>małopolskie</sln:wojNazwa></sln:miejscowosc><sln:miejscowosc><sln:cyklZyciaOd>2014-12-07T00:00:00+01:00</sln:cyklZyciaOd><sln:gmIIPId>f25e4eff-f6f3-43de-ab9a-9bbc1a10ed05</sln:gmIIPId><sln:gmIIPPn>PL.PZGIK.200</sln:gmIIPPn><sln:gmIIPWersja>2012-09-26T22:09:51+02:00</sln:gmIIPWersja><sln:gmIdTeryt>1207112</sln:gmIdTeryt><sln:gmNazwa>Słopnice</sln:gmNazwa><sln:miejscIIPId>850a1193-a144-4676-b9a5-c45b1763b577</sln:miejscIIPId><sln:miejscIIPPn>PL.PZGIK.200</sln:miejscIIPPn><sln:miejscIIPWersja>2016-11-24T13:47:06+02:00</sln:miejscIIPWersja><sln:miejscIdTeryt>0467353</sln:miejscIdTeryt><sln:miejscNazwa>Sączki</sln:miejscNazwa><sln:miejscRodzaj>Inny obiekt</sln:miejscRodzaj><sln:powIIPId>8526b8c8-68f6-4c04-9098-9e7f03c3d15d</sln:powIIPId><sln:powIIPPn>PL.PZGIK.200</sln:powIIPPn><sln:powIIPWersja>2012-09-27T07:52:00+02:00</sln:powIIPWersja><sln:powIdTeryt>1207</sln:powIdTeryt><sln:powNazwa>limanowski</sln:powNazwa><sln:wojIIPId>dd2e3c64-f861-47cf-a3a3-e7751f272b2f</sln:wojIIPId><sln:wojIIPPn>PL.PZGIK.200</sln:wojIIPPn><sln:wojIIPWersja>2017-10-10T00:00:00+02:00</sln:wojIIPWersja><sln:wojIdTeryt>12</sln:wojIdTeryt><sln:wojNazwa>małopolskie</sln:wojNazwa></sln:miejscowosc><sln:miejscowosc><sln:cyklZyciaOd>2014-12-07T00:00:00+01:00</sln:cyklZyciaOd><sln:gmIIPId>f25e4eff-f6f3-43de-ab9a-9bbc1a10ed05</sln:gmIIPId><sln:gmIIPPn>PL.PZGIK.200</sln:gmIIPPn><sln:gmIIPWersja>2012-09-26T22:09:51+02:00</sln:gmIIPWersja><sln:gmIdTeryt>1207112</sln:gmIdTeryt><sln:gmNazwa>Słopnice</sln:gmNazwa><sln:miejscIIPId>8028dc77-78f1-4b2d-a0a6-a56610c5baf1</sln:miejscIIPId><sln:miejscIIPPn>PL.PZGIK.200</sln:miejscIIPPn><sln:miejscIIPWersja>2016-11-24T13:47:06+02:00</sln:miejscIIPWersja><sln:miejscIdTeryt>0467465</sln:miejscIdTeryt><sln:miejscNazwa>Zadziele</sln:miejscNazwa><sln:miejscRodzaj>Inny obiekt</sln:miejscRodzaj><sln:powIIPId>8526b8c8-68f6-4c04-9098-9e7f03c3d15d</sln:powIIPId><sln:powIIPPn>PL.PZGIK.200</sln:powIIPPn><sln:powIIPWersja>2012-09-27T07:52:00+02:00</sln:powIIPWersja><sln:powIdTeryt>1207</sln:powIdTeryt><sln:powNazwa>limanowski</sln:powNazwa><sln:wojIIPId>dd2e3c64-f861-47cf-a3a3-e7751f272b2f</sln:wojIIPId><sln:wojIIPPn>PL.PZGIK.200</sln:wojIIPPn><sln:wojIIPWersja>2017-10-10T00:00:00+02:00</sln:wojIIPWersja><sln:wojIdTeryt>12</sln:wojIdTeryt><sln:wojNazwa>małopolskie</sln:wojNazwa></sln:miejscowosc><sln:miejscowosc><sln:cyklZyciaOd>2014-12-07T00:00:00+01:00</sln:cyklZyciaOd><sln:gmIIPId>f25e4eff-f6f3-43de-ab9a-9bbc1a10ed05</sln:gmIIPId><sln:gmIIPPn>PL.PZGIK.200</sln:gmIIPPn><sln:gmIIPWersja>2012-09-26T22:09:51+02:00</sln:gmIIPWersja><sln:gmIdTeryt>1207112</sln:gmIdTeryt><sln:gmNazwa>Słopnice</sln:gmNazwa><sln:miejscIIPId>55385d6d-b421-4453-bbb7-589a709e5da1</sln:miejscIIPId><sln:miejscIIPPn>PL.PZGIK.200</sln:miejscIIPPn><sln:miejscIIPWersja>2016-11-24T13:47:06+02:00</sln:miejscIIPWersja><sln:miejscIdTeryt>0467330</sln:miejscIdTeryt><sln:miejscNazwa>Rola Górna</sln:miejscNazwa><sln:miejscRodzaj>Inny obiekt</sln:miejscRodzaj><sln:powIIPId>8526b8c8-68f6-4c04-9098-9e7f03c3d15d</sln:powIIPId><sln:powIIPPn>PL.PZGIK.200</sln:powIIPPn><sln:powIIPWersja>2012-09-27T07:52:00+02:00</sln:powIIPWersja><sln:powIdTeryt>1207</sln:powIdTeryt><sln:powNazwa>limanowski</sln:powNazwa><sln:wojIIPId>dd2e3c64-f861-47cf-a3a3-e7751f272b2f</sln:wojIIPId><sln:wojIIPPn>PL.PZGIK.200</sln:wojIIPPn><sln:wojIIPWersja>2017-10-10T00:00:00+02:00</sln:wojIIPWersja><sln:wojIdTeryt>12</sln:wojIdTeryt><sln:wojNazwa>małopolskie</sln:wojNazwa></sln:miejscowosc><sln:miejscowosc><sln:cyklZyciaOd>2014-12-07T00:00:00+01:00</sln:cyklZyciaOd><sln:gmIIPId>f25e4eff-f6f3-43de-ab9a-9bbc1a10ed05</sln:gmIIPId><sln:gmIIPPn>PL.PZGIK.200</sln:gmIIPPn><sln:gmIIPWersja>2012-09-26T22:09:51+02:00</sln:gmIIPWersja><sln:gmIdTeryt>1207112</sln:gmIdTeryt><sln:gmNazwa>Słopnice</sln:gmNazwa><sln:miejscIIPId>592da945-e68c-40e3-83a4-996bf1423717</sln:miejscIIPId><sln:miejscIIPPn>PL.PZGIK.200</sln:miejscIIPPn><sln:miejscIIPWersja>2016-11-24T13:47:06+02:00</sln:miejscIIPWersja><sln:miejscIdTeryt>0467442</sln:miejscIdTeryt><sln:miejscNazwa>Woźniówka</sln:miejscNazwa><sln:miejscRodzaj>Inny obiekt</sln:miejscRodzaj><sln:powIIPId>8526b8c8-68f6-4c04-9098-9e7f03c3d15d</sln:powIIPId><sln:powIIPPn>PL.PZGIK.200</sln:powIIPPn><sln:powIIPWersja>2012-09-27T07:52:00+02:00</sln:powIIPWersja><sln:powIdTeryt>1207</sln:powIdTeryt><sln:powNazwa>limanowski</sln:powNazwa><sln:wojIIPId>dd2e3c64-f861-47cf-a3a3-e7751f272b2f</sln:wojIIPId><sln:wojIIPPn>PL.PZGIK.200</sln:wojIIPPn><sln:wojIIPWersja>2017-10-10T00:00:00+02:00</sln:wojIIPWersja><sln:wojIdTeryt>12</sln:wojIdTeryt><sln:wojNazwa>małopolskie</sln:wojNazwa></sln:miejscowosc><sln:miejscowosc><sln:cyklZyciaOd>2014-12-07T00:00:00+01:00</sln:cyklZyciaOd><sln:gmIIPId>f25e4eff-f6f3-43de-ab9a-9bbc1a10ed05</sln:gmIIPId><sln:gmIIPPn>PL.PZGIK.200</sln:gmIIPPn><sln:gmIIPWersja>2012-09-26T22:09:51+02:00</sln:gmIIPWersja><sln:gmIdTeryt>1207112</sln:gmIdTeryt><sln:gmNazwa>Słopnice</sln:gmNazwa><sln:miejscIIPId>24a4e0c1-da97-47df-a772-b918b857732e</sln:miejscIIPId><sln:miejscIIPPn>PL.PZGIK.200</sln:miejscIIPPn><sln:miejscIIPWersja>2016-11-24T13:47:06+02:00</sln:miejscIIPWersja><sln:miejscIdTeryt>0467525</sln:miejscIdTeryt><sln:miejscNazwa>Zaświercze</sln:miejscNazwa><sln:miejscRodzaj>Osada</sln:miejscRodzaj><sln:powIIPId>8526b8c8-68f6-4c04-9098-9e7f03c3d15d</sln:powIIPId><sln:powIIPPn>PL.PZGIK.200</sln:powIIPPn><sln:powIIPWersja>2012-09-27T07:52:00+02:00</sln:powIIPWersja><sln:powIdTeryt>1207</sln:powIdTeryt><sln:powNazwa>limanowski</sln:powNazwa><sln:wojIIPId>dd2e3c64-f861-47cf-a3a3-e7751f272b2f</sln:wojIIPId><sln:wojIIPPn>PL.PZGIK.200</sln:wojIIPPn><sln:wojIIPWersja>2017-10-10T00:00:00+02:00</sln:wojIIPWersja><sln:wojIdTeryt>12</sln:wojIdTeryt><sln:wojNazwa>małopolskie</sln:wojNazwa></sln:miejscowosc><sln:miejscowosc><sln:cyklZyciaOd>2014-12-07T00:00:00+01:00</sln:cyklZyciaOd><sln:gmIIPId>f25e4eff-f6f3-43de-ab9a-9bbc1a10ed05</sln:gmIIPId><sln:gmIIPPn>PL.PZGIK.200</sln:gmIIPPn><sln:gmIIPWersja>2012-09-26T22:09:51+02:00</sln:gmIIPWersja><sln:gmIdTeryt>1207112</sln:gmIdTeryt><sln:gmNazwa>Słopnice</sln:gmNazwa><sln:miejscIIPId>520f6ca2-9a19-4ea7-b378-838519384007</sln:miejscIIPId><sln:miejscIIPPn>PL.PZGIK.200</sln:miejscIIPPn><sln:miejscIIPWersja>2016-11-24T13:47:06+02:00</sln:miejscIIPWersja><sln:miejscIdTeryt>0467070</sln:miejscIdTeryt><sln:miejscNazwa>Głębiec</sln:miejscNazwa><sln:miejscRodzaj>Inny obiekt</sln:miejscRodzaj><sln:powIIPId>8526b8c8-68f6-4c04-9098-9e7f03c3d15d</sln:powIIPId><sln:powIIPPn>PL.PZGIK.200</sln:powIIPPn><sln:powIIPWersja>2012-09-27T07:52:00+02:00</sln:powIIPWersja><sln:powIdTeryt>1207</sln:powIdTeryt><sln:powNazwa>limanowski</sln:powNazwa><sln:wojIIPId>dd2e3c64-f861-47cf-a3a3-e7751f272b2f</sln:wojIIPId><sln:wojIIPPn>PL.PZGIK.200</sln:wojIIPPn><sln:wojIIPWersja>2017-10-10T00:00:00+02:00</sln:wojIIPWersja><sln:wojIdTeryt>12</sln:wojIdTeryt><sln:wojNazwa>małopolskie</sln:wojNazwa></sln:miejscowosc><sln:miejscowosc><sln:cyklZyciaOd>2014-12-07T00:00:00+01:00</sln:cyklZyciaOd><sln:gmIIPId>f25e4eff-f6f3-43de-ab9a-9bbc1a10ed05</sln:gmIIPId><sln:gmIIPPn>PL.PZGIK.200</sln:gmIIPPn><sln:gmIIPWersja>2012-09-26T22:09:51+02:00</sln:gmIIPWersja><sln:gmIdTeryt>1207112</sln:gmIdTeryt><sln:gmNazwa>Słopnice</sln:gmNazwa><sln:miejscIIPId>b8a5c75f-fcc7-4bfc-8423-f6dce1dec33d</sln:miejscIIPId><sln:miejscIIPPn>PL.PZGIK.200</sln:miejscIIPPn><sln:miejscIIPWersja>2016-11-24T13:47:06+02:00</sln:miejscIIPWersja><sln:miejscIdTeryt>0467092</sln:miejscIdTeryt><sln:miejscNazwa>Grabkówka</sln:miejscNazwa><sln:miejscRodzaj>Inny obiekt</sln:miejscRodzaj><sln:powIIPId>8526b8c8-68f6-4c04-9098-9e7f03c3d15d</sln:powIIPId><sln:powIIPPn>PL.PZGIK.200</sln:powIIPPn><sln:powIIPWersja>2012-09-27T07:52:00+02:00</sln:powIIPWersja><sln:powIdTeryt>1207</sln:powIdTeryt><sln:powNazwa>limanowski</sln:powNazwa><sln:wojIIPId>dd2e3c64-f861-47cf-a3a3-e7751f272b2f</sln:wojIIPId><sln:wojIIPPn>PL.PZGIK.200</sln:wojIIPPn><sln:wojIIPWersja>2017-10-10T00:00:00+02:00</sln:wojIIPWersja><sln:wojIdTeryt>12</sln:wojIdTeryt><sln:wojNazwa>małopolskie</sln:wojNazwa></sln:miejscowosc><sln:miejscowosc><sln:cyklZyciaOd>2014-12-07T00:00:00+01:00</sln:cyklZyciaOd><sln:gmIIPId>f25e4eff-f6f3-43de-ab9a-9bbc1a10ed05</sln:gmIIPId><sln:gmIIPPn>PL.PZGIK.200</sln:gmIIPPn><sln:gmIIPWersja>2012-09-26T22:09:51+02:00</sln:gmIIPWersja><sln:gmIdTeryt>1207112</sln:gmIdTeryt><sln:gmNazwa>Słopnice</sln:gmNazwa><sln:miejscIIPId>81338ca2-5e52-4b9a-85dc-95b4d457110f</sln:miejscIIPId><sln:miejscIIPPn>PL.PZGIK.200</sln:miejscIIPPn><sln:miejscIIPWersja>2016-11-24T13:47:06+02:00</sln:miejscIIPWersja><sln:miejscIdTeryt>0467123</sln:miejscIdTeryt><sln:miejscNazwa>Hajdówka</sln:miejscNazwa><sln:miejscRodzaj>Inny obiekt</sln:miejscRodzaj><sln:powIIPId>8526b8c8-68f6-4c04-9098-9e7f03c3d15d</sln:powIIPId><sln:powIIPPn>PL.PZGIK.200</sln:powIIPPn><sln:powIIPWersja>2012-09-27T07:52:00+02:00</sln:powIIPWersja><sln:powIdTeryt>1207</sln:powIdTeryt><sln:powNazwa>limanowski</sln:powNazwa><sln:wojIIPId>dd2e3c64-f861-47cf-a3a3-e7751f272b2f</sln:wojIIPId><sln:wojIIPPn>PL.PZGIK.200</sln:wojIIPPn><sln:wojIIPWersja>2017-10-10T00:00:00+02:00</sln:wojIIPWersja><sln:wojIdTeryt>12</sln:wojIdTeryt><sln:wojNazwa>małopolskie</sln:wojNazwa></sln:miejscowosc><sln:miejscowosc><sln:cyklZyciaOd>2014-12-07T00:00:00+01:00</sln:cyklZyciaOd><sln:gmIIPId>f25e4eff-f6f3-43de-ab9a-9bbc1a10ed05</sln:gmIIPId><sln:gmIIPPn>PL.PZGIK.200</sln:gmIIPPn><sln:gmIIPWersja>2012-09-26T22:09:51+02:00</sln:gmIIPWersja><sln:gmIdTeryt>1207112</sln:gmIdTeryt><sln:gmNazwa>Słopnice</sln:gmNazwa><sln:miejscIIPId>8d429468-e9d3-4c12-bce6-fa516671135b</sln:miejscIIPId><sln:miejscIIPPn>PL.PZGIK.200</sln:miejscIIPPn><sln:miejscIIPWersja>2016-11-24T13:47:06+02:00</sln:miejscIIPWersja><sln:miejscIdTeryt>0467241</sln:miejscIdTeryt><sln:miejscNazwa>Papierzówka</sln:miejscNazwa><sln:miejscRodzaj>Inny obiekt</sln:miejscRodzaj><sln:powIIPId>8526b8c8-68f6-4c04-9098-9e7f03c3d15d</sln:powIIPId><sln:powIIPPn>PL.PZGIK.200</sln:powIIPPn><sln:powIIPWersja>2012-09-27T07:52:00+02:00</sln:powIIPWersja><sln:powIdTeryt>1207</sln:powIdTeryt><sln:powNazwa>limanowski</sln:powNazwa><sln:wojIIPId>dd2e3c64-f861-47cf-a3a3-e7751f272b2f</sln:wojIIPId><sln:wojIIPPn>PL.PZGIK.200</sln:wojIIPPn><sln:wojIIPWersja>2017-10-10T00:00:00+02:00</sln:wojIIPWersja><sln:wojIdTeryt>12</sln:wojIdTeryt><sln:wojNazwa>małopolskie</sln:wojNazwa></sln:miejscowosc><sln:miejscowosc><sln:cyklZyciaOd>2014-12-07T00:00:00+01:00</sln:cyklZyciaOd><sln:gmIIPId>f25e4eff-f6f3-43de-ab9a-9bbc1a10ed05</sln:gmIIPId><sln:gmIIPPn>PL.PZGIK.200</sln:gmIIPPn><sln:gmIIPWersja>2012-09-26T22:09:51+02:00</sln:gmIIPWersja><sln:gmIdTeryt>1207112</sln:gmIdTeryt><sln:gmNazwa>Słopnice</sln:gmNazwa><sln:miejscIIPId>b30b8294-4ef1-4442-95ec-62f564a1eeae</sln:miejscIIPId><sln:miejscIIPPn>PL.PZGIK.200</sln:miejscIIPPn><sln:miejscIIPWersja>2016-11-24T13:47:06+02:00</sln:miejscIIPWersja><sln:miejscIdTeryt>0466968</sln:miejscIdTeryt><sln:miejscNazwa>Brodki</sln:miejscNazwa><sln:miejscRodzaj>Inny obiekt</sln:miejscRodzaj><sln:powIIPId>8526b8c8-68f6-4c04-9098-9e7f03c3d15d</sln:powIIPId><sln:powIIPPn>PL.PZGIK.200</sln:powIIPPn><sln:powIIPWersja>2012-09-27T07:52:00+02:00</sln:powIIPWersja><sln:powIdTeryt>1207</sln:powIdTeryt><sln:powNazwa>limanowski</sln:powNazwa><sln:wojIIPId>dd2e3c64-f861-47cf-a3a3-e7751f272b2f</sln:wojIIPId><sln:wojIIPPn>PL.PZGIK.200</sln:wojIIPPn><sln:wojIIPWersja>2017-10-10T00:00:00+02:00</sln:wojIIPWersja><sln:wojIdTeryt>12</sln:wojIdTeryt><sln:wojNazwa>małopolskie</sln:wojNazwa></sln:miejscowosc><sln:miejscowosc><sln:cyklZyciaOd>2014-12-07T00:00:00+01:00</sln:cyklZyciaOd><sln:gmIIPId>f25e4eff-f6f3-43de-ab9a-9bbc1a10ed05</sln:gmIIPId><sln:gmIIPPn>PL.PZGIK.200</sln:gmIIPPn><sln:gmIIPWersja>2012-09-26T22:09:51+02:00</sln:gmIIPWersja><sln:gmIdTeryt>1207112</sln:gmIdTeryt><sln:gmNazwa>Słopnice</sln:gmNazwa><sln:miejscIIPId>e4a354c0-610c-4122-a53d-193446903b40</sln:miejscIIPId><sln:miejscIIPPn>PL.PZGIK.200</sln:miejscIIPPn><sln:miejscIIPWersja>2016-11-24T13:47:06+02:00</sln:miejscIIPWersja><sln:miejscIdTeryt>0467471</sln:miejscIdTeryt><sln:miejscNazwa>Zalas</sln:miejscNazwa><sln:miejscRodzaj>Inny obiekt</sln:miejscRodzaj><sln:powIIPId>8526b8c8-68f6-4c04-9098-9e7f03c3d15d</sln:powIIPId><sln:powIIPPn>PL.PZGIK.200</sln:powIIPPn><sln:powIIPWersja>2012-09-27T07:52:00+02:00</sln:powIIPWersja><sln:powIdTeryt>1207</sln:powIdTeryt><sln:powNazwa>limanowski</sln:powNazwa><sln:wojIIPId>dd2e3c64-f861-47cf-a3a3-e7751f272b2f</sln:wojIIPId><sln:wojIIPPn>PL.PZGIK.200</sln:wojIIPPn><sln:wojIIPWersja>2017-10-10T00:00:00+02:00</sln:wojIIPWersja><sln:wojIdTeryt>12</sln:wojIdTeryt><sln:wojNazwa>małopolskie</sln:wojNazwa></sln:miejscowosc><sln:miejscowosc><sln:cyklZyciaOd>2014-12-07T00:00:00+01:00</sln:cyklZyciaOd><sln:gmIIPId>f25e4eff-f6f3-43de-ab9a-9bbc1a10ed05</sln:gmIIPId><sln:gmIIPPn>PL.PZGIK.200</sln:gmIIPPn><sln:gmIIPWersja>2012-09-26T22:09:51+02:00</sln:gmIIPWersja><sln:gmIdTeryt>1207112</sln:gmIdTeryt><sln:gmNazwa>Słopnice</sln:gmNazwa><sln:miejscIIPId>d57b6e87-bd61-40c9-9efc-bec9bbb20092</sln:miejscIIPId><sln:miejscIIPPn>PL.PZGIK.200</sln:miejscIIPPn><sln:miejscIIPWersja>2016-11-24T13:47:06+02:00</sln:miejscIIPWersja><sln:miejscIdTeryt>0467459</sln:miejscIdTeryt><sln:miejscNazwa>Wójtostwo</sln:miejscNazwa><sln:miejscRodzaj>Inny obiekt</sln:miejscRodzaj><sln:powIIPId>8526b8c8-68f6-4c04-9098-9e7f03c3d15d</sln:powIIPId><sln:powIIPPn>PL.PZGIK.200</sln:powIIPPn><sln:powIIPWersja>2012-09-27T07:52:00+02:00</sln:powIIPWersja><sln:powIdTeryt>1207</sln:powIdTeryt><sln:powNazwa>limanowski</sln:powNazwa><sln:wojIIPId>dd2e3c64-f861-47cf-a3a3-e7751f272b2f</sln:wojIIPId><sln:wojIIPPn>PL.PZGIK.200</sln:wojIIPPn><sln:wojIIPWersja>2017-10-10T00:00:00+02:00</sln:wojIIPWersja><sln:wojIdTeryt>12</sln:wojIdTeryt><sln:wojNazwa>małopolskie</sln:wojNazwa></sln:miejscowosc><sln:miejscowosc><sln:cyklZyciaOd>2014-12-07T00:00:00+01:00</sln:cyklZyciaOd><sln:gmIIPId>f25e4eff-f6f3-43de-ab9a-9bbc1a10ed05</sln:gmIIPId><sln:gmIIPPn>PL.PZGIK.200</sln:gmIIPPn><sln:gmIIPWersja>2012-09-26T22:09:51+02:00</sln:gmIIPWersja><sln:gmIdTeryt>1207112</sln:gmIdTeryt><sln:gmNazwa>Słopnice</sln:gmNazwa><sln:miejscIIPId>75090c00-5b32-4bbb-8432-5851b6532408</sln:miejscIIPId><sln:miejscIIPPn>PL.PZGIK.200</sln:miejscIIPPn><sln:miejscIIPWersja>2016-11-24T13:47:06+02:00</sln:miejscIIPWersja><sln:miejscIdTeryt>0467028</sln:miejscIdTeryt><sln:miejscNazwa>Filipówka</sln:miejscNazwa><sln:miejscRodzaj>Inny obiekt</sln:miejscRodzaj><sln:powIIPId>8526b8c8-68f6-4c04-9098-9e7f03c3d15d</sln:powIIPId><sln:powIIPPn>PL.PZGIK.200</sln:powIIPPn><sln:powIIPWersja>2012-09-27T07:52:00+02:00</sln:powIIPWersja><sln:powIdTeryt>1207</sln:powIdTeryt><sln:powNazwa>limanowski</sln:powNazwa><sln:wojIIPId>dd2e3c64-f861-47cf-a3a3-e7751f272b2f</sln:wojIIPId><sln:wojIIPPn>PL.PZGIK.200</sln:wojIIPPn><sln:wojIIPWersja>2017-10-10T00:00:00+02:00</sln:wojIIPWersja><sln:wojIdTeryt>12</sln:wojIdTeryt><sln:wojNazwa>małopolskie</sln:wojNazwa></sln:miejscowosc><sln:miejscowosc><sln:cyklZyciaOd>2014-12-07T00:00:00+01:00</sln:cyklZyciaOd><sln:gmIIPId>f25e4eff-f6f3-43de-ab9a-9bbc1a10ed05</sln:gmIIPId><sln:gmIIPPn>PL.PZGIK.200</sln:gmIIPPn><sln:gmIIPWersja>2012-09-26T22:09:51+02:00</sln:gmIIPWersja><sln:gmIdTeryt>1207112</sln:gmIdTeryt><sln:gmNazwa>Słopnice</sln:gmNazwa><sln:miejscIIPId>89324575-46b8-47f4-8156-72d887fd55ae</sln:miejscIIPId><sln:miejscIIPPn>PL.PZGIK.200</sln:miejscIIPPn><sln:miejscIIPWersja>2016-11-24T13:47:06+02:00</sln:miejscIIPWersja><sln:miejscIdTeryt>0467117</sln:miejscIdTeryt><sln:miejscNazwa>Gwizdówka</sln:miejscNazwa><sln:miejscRodzaj>Inny obiekt</sln:miejscRodzaj><sln:powIIPId>8526b8c8-68f6-4c04-9098-9e7f03c3d15d</sln:powIIPId><sln:powIIPPn>PL.PZGIK.200</sln:powIIPPn><sln:powIIPWersja>2012-09-27T07:52:00+02:00</sln:powIIPWersja><sln:powIdTeryt>1207</sln:powIdTeryt><sln:powNazwa>limanowski</sln:powNazwa><sln:wojIIPId>dd2e3c64-f861-47cf-a3a3-e7751f272b2f</sln:wojIIPId><sln:wojIIPPn>PL.PZGIK.200</sln:wojIIPPn><sln:wojIIPWersja>2017-10-10T00:00:00+02:00</sln:wojIIPWersja><sln:wojIdTeryt>12</sln:wojIdTeryt><sln:wojNazwa>małopolskie</sln:wojNazwa></sln:miejscowosc><sln:miejscowosc><sln:cyklZyciaOd>2014-12-07T00:00:00+01:00</sln:cyklZyciaOd><sln:gmIIPId>f25e4eff-f6f3-43de-ab9a-9bbc1a10ed05</sln:gmIIPId><sln:gmIIPPn>PL.PZGIK.200</sln:gmIIPPn><sln:gmIIPWersja>2012-09-26T22:09:51+02:00</sln:gmIIPWersja><sln:gmIdTeryt>1207112</sln:gmIdTeryt><sln:gmNazwa>Słopnice</sln:gmNazwa><sln:miejscIIPId>b9d66bf9-2d6a-45d2-ba89-e2c6a3bc5bed</sln:miejscIIPId><sln:miejscIIPPn>PL.PZGIK.200</sln:miejscIIPPn><sln:miejscIIPWersja>2016-11-24T13:47:06+02:00</sln:miejscIIPWersja><sln:miejscIdTeryt>0467040</sln:miejscIdTeryt><sln:miejscNazwa>Garncarzówka</sln:miejscNazwa><sln:miejscRodzaj>Inny obiekt</sln:miejscRodzaj><sln:powIIPId>8526b8c8-68f6-4c04-9098-9e7f03c3d15d</sln:powIIPId><sln:powIIPPn>PL.PZGIK.200</sln:powIIPPn><sln:powIIPWersja>2012-09-27T07:52:00+02:00</sln:powIIPWersja><sln:powIdTeryt>1207</sln:powIdTeryt><sln:powNazwa>limanowski</sln:powNazwa><sln:wojIIPId>dd2e3c64-f861-47cf-a3a3-e7751f272b2f</sln:wojIIPId><sln:wojIIPPn>PL.PZGIK.200</sln:wojIIPPn><sln:wojIIPWersja>2017-10-10T00:00:00+02:00</sln:wojIIPWersja><sln:wojIdTeryt>12</sln:wojIdTeryt><sln:wojNazwa>małopolskie</sln:wojNazwa></sln:miejscowosc><sln:miejscowosc><sln:cyklZyciaOd>2014-12-07T00:00:00+01:00</sln:cyklZyciaOd><sln:gmIIPId>f25e4eff-f6f3-43de-ab9a-9bbc1a10ed05</sln:gmIIPId><sln:gmIIPPn>PL.PZGIK.200</sln:gmIIPPn><sln:gmIIPWersja>2012-09-26T22:09:51+02:00</sln:gmIIPWersja><sln:gmIdTeryt>1207112</sln:gmIdTeryt><sln:gmNazwa>Słopnice</sln:gmNazwa><sln:miejscIIPId>51744ef3-3027-47dd-bc9b-f7673be0fac5</sln:miejscIIPId><sln:miejscIIPPn>PL.PZGIK.200</sln:miejscIIPPn><sln:miejscIIPWersja>2016-11-24T13:47:06+02:00</sln:miejscIIPWersja><sln:miejscIdTeryt>0467436</sln:miejscIdTeryt><sln:miejscNazwa>Wikarówka</sln:miejscNazwa><sln:miejscRodzaj>Inny obiekt</sln:miejscRodzaj><sln:powIIPId>8526b8c8-68f6-4c04-9098-9e7f03c3d15d</sln:powIIPId><sln:powIIPPn>PL.PZGIK.200</sln:powIIPPn><sln:powIIPWersja>2012-09-27T07:52:00+02:00</sln:powIIPWersja><sln:powIdTeryt>1207</sln:powIdTeryt><sln:powNazwa>limanowski</sln:powNazwa><sln:wojIIPId>dd2e3c64-f861-47cf-a3a3-e7751f272b2f</sln:wojIIPId><sln:wojIIPPn>PL.PZGIK.200</sln:wojIIPPn><sln:wojIIPWersja>2017-10-10T00:00:00+02:00</sln:wojIIPWersja><sln:wojIdTeryt>12</sln:wojIdTeryt><sln:wojNazwa>małopolskie</sln:wojNazwa></sln:miejscowosc><sln:miejscowosc><sln:cyklZyciaOd>2014-12-07T00:00:00+01:00</sln:cyklZyciaOd><sln:gmIIPId>f25e4eff-f6f3-43de-ab9a-9bbc1a10ed05</sln:gmIIPId><sln:gmIIPPn>PL.PZGIK.200</sln:gmIIPPn><sln:gmIIPWersja>2012-09-26T22:09:51+02:00</sln:gmIIPWersja><sln:gmIdTeryt>1207112</sln:gmIdTeryt><sln:gmNazwa>Słopnice</sln:gmNazwa><sln:miejscIIPId>e8fd9777-b3df-4509-8f21-d798d5c53d36</sln:miejscIIPId><sln:miejscIIPPn>PL.PZGIK.200</sln:miejscIIPPn><sln:miejscIIPWersja>2016-11-24T13:47:06+02:00</sln:miejscIIPWersja><sln:miejscIdTeryt>0467198</sln:miejscIdTeryt><sln:miejscNazwa>Malarzówka</sln:miejscNazwa><sln:miejscRodzaj>Inny obiekt</sln:miejscRodzaj><sln:powIIPId>8526b8c8-68f6-4c04-9098-9e7f03c3d15d</sln:powIIPId><sln:powIIPPn>PL.PZGIK.200</sln:powIIPPn><sln:powIIPWersja>2012-09-27T07:52:00+02:00</sln:powIIPWersja><sln:powIdTeryt>1207</sln:powIdTeryt><sln:powNazwa>limanowski</sln:powNazwa><sln:wojIIPId>dd2e3c64-f861-47cf-a3a3-e7751f272b2f</sln:wojIIPId><sln:wojIIPPn>PL.PZGIK.200</sln:wojIIPPn><sln:wojIIPWersja>2017-10-10T00:00:00+02:00</sln:wojIIPWersja><sln:wojIdTeryt>12</sln:wojIdTeryt><sln:wojNazwa>małopolskie</sln:wojNazwa></sln:miejscowosc><sln:miejscowosc><sln:cyklZyciaOd>2014-12-07T00:00:00+01:00</sln:cyklZyciaOd><sln:gmIIPId>f25e4eff-f6f3-43de-ab9a-9bbc1a10ed05</sln:gmIIPId><sln:gmIIPPn>PL.PZGIK.200</sln:gmIIPPn><sln:gmIIPWersja>2012-09-26T22:09:51+02:00</sln:gmIIPWersja><sln:gmIdTeryt>1207112</sln:gmIdTeryt><sln:gmNazwa>Słopnice</sln:gmNazwa><sln:miejscIIPId>0b333be4-5198-4bee-8ff1-4579b637817e</sln:miejscIIPId><sln:miejscIIPPn>PL.PZGIK.200</sln:miejscIIPPn><sln:miejscIIPWersja>2016-11-24T13:47:06+02:00</sln:miejscIIPWersja><sln:miejscIdTeryt>0467146</sln:miejscIdTeryt><sln:miejscNazwa>Janówka</sln:miejscNazwa><sln:miejscRodzaj>Inny obiekt</sln:miejscRodzaj><sln:powIIPId>8526b8c8-68f6-4c04-9098-9e7f03c3d15d</sln:powIIPId><sln:powIIPPn>PL.PZGIK.200</sln:powIIPPn><sln:powIIPWersja>2012-09-27T07:52:00+02:00</sln:powIIPWersja><sln:powIdTeryt>1207</sln:powIdTeryt><sln:powNazwa>limanowski</sln:powNazwa><sln:wojIIPId>dd2e3c64-f861-47cf-a3a3-e7751f272b2f</sln:wojIIPId><sln:wojIIPPn>PL.PZGIK.200</sln:wojIIPPn><sln:wojIIPWersja>2017-10-10T00:00:00+02:00</sln:wojIIPWersja><sln:wojIdTeryt>12</sln:wojIdTeryt><sln:wojNazwa>małopolskie</sln:wojNazwa></sln:miejscowosc><sln:miejscowosc><sln:cyklZyciaOd>2014-12-07T00:00:00+01:00</sln:cyklZyciaOd><sln:gmIIPId>f25e4eff-f6f3-43de-ab9a-9bbc1a10ed05</sln:gmIIPId><sln:gmIIPPn>PL.PZGIK.200</sln:gmIIPPn><sln:gmIIPWersja>2012-09-26T22:09:51+02:00</sln:gmIIPWersja><sln:gmIdTeryt>1207112</sln:gmIdTeryt><sln:gmNazwa>Słopnice</sln:gmNazwa><sln:miejscIIPId>9680d62c-28ed-43b3-aa05-1d867fb466bb</sln:miejscIIPId><sln:miejscIIPPn>PL.PZGIK.200</sln:miejscIIPPn><sln:miejscIIPWersja>2016-11-24T13:47:06+02:00</sln:miejscIIPWersja><sln:miejscIdTeryt>0466997</sln:miejscIdTeryt><sln:miejscNazwa>Czeczotki</sln:miejscNazwa><sln:miejscRodzaj>Inny obiekt</sln:miejscRodzaj><sln:powIIPId>8526b8c8-68f6-4c04-9098-9e7f03c3d15d</sln:powIIPId><sln:powIIPPn>PL.PZGIK.200</sln:powIIPPn><sln:powIIPWersja>2012-09-27T07:52:00+02:00</sln:powIIPWersja><sln:powIdTeryt>1207</sln:powIdTeryt><sln:powNazwa>limanowski</sln:powNazwa><sln:wojIIPId>dd2e3c64-f861-47cf-a3a3-e7751f272b2f</sln:wojIIPId><sln:wojIIPPn>PL.PZGIK.200</sln:wojIIPPn><sln:wojIIPWersja>2017-10-10T00:00:00+02:00</sln:wojIIPWersja><sln:wojIdTeryt>12</sln:wojIdTeryt><sln:wojNazwa>małopolskie</sln:wojNazwa></sln:miejscowosc><sln:miejscowosc><sln:cyklZyciaOd>2014-12-07T00:00:00+01:00</sln:cyklZyciaOd><sln:gmIIPId>f25e4eff-f6f3-43de-ab9a-9bbc1a10ed05</sln:gmIIPId><sln:gmIIPPn>PL.PZGIK.200</sln:gmIIPPn><sln:gmIIPWersja>2012-09-26T22:09:51+02:00</sln:gmIIPWersja><sln:gmIdTeryt>1207112</sln:gmIdTeryt><sln:gmNazwa>Słopnice</sln:gmNazwa><sln:miejscIIPId>0f844a36-204d-4354-a9f4-eaf416099ae2</sln:miejscIIPId><sln:miejscIIPPn>PL.PZGIK.200</sln:miejscIIPPn><sln:miejscIIPWersja>2016-11-24T13:47:06+02:00</sln:miejscIIPWersja><sln:miejscIdTeryt>0466980</sln:miejscIdTeryt><sln:miejscNazwa>Czajnówka</sln:miejscNazwa><sln:miejscRodzaj>Inny obiekt</sln:miejscRodzaj><sln:powIIPId>8526b8c8-68f6-4c04-9098-9e7f03c3d15d</sln:powIIPId><sln:powIIPPn>PL.PZGIK.200</sln:powIIPPn><sln:powIIPWersja>2012-09-27T07:52:00+02:00</sln:powIIPWersja><sln:powIdTeryt>1207</sln:powIdTeryt><sln:powNazwa>limanowski</sln:powNazwa><sln:wojIIPId>dd2e3c64-f861-47cf-a3a3-e7751f272b2f</sln:wojIIPId><sln:wojIIPPn>PL.PZGIK.200</sln:wojIIPPn><sln:wojIIPWersja>2017-10-10T00:00:00+02:00</sln:wojIIPWersja><sln:wojIdTeryt>12</sln:wojIdTeryt><sln:wojNazwa>małopolskie</sln:wojNazwa></sln:miejscowosc><sln:miejscowosc><sln:cyklZyciaOd>2014-12-07T00:00:00+01:00</sln:cyklZyciaOd><sln:gmIIPId>f25e4eff-f6f3-43de-ab9a-9bbc1a10ed05</sln:gmIIPId><sln:gmIIPPn>PL.PZGIK.200</sln:gmIIPPn><sln:gmIIPWersja>2012-09-26T22:09:51+02:00</sln:gmIIPWersja><sln:gmIdTeryt>1207112</sln:gmIdTeryt><sln:gmNazwa>Słopnice</sln:gmNazwa><sln:miejscIIPId>6686e201-e092-4fd6-a1de-172b34eca10e</sln:miejscIIPId><sln:miejscIIPPn>PL.PZGIK.200</sln:miejscIIPPn><sln:miejscIIPWersja>2016-11-24T13:47:06+02:00</sln:miejscIIPWersja><sln:miejscIdTeryt>0467407</sln:miejscIdTeryt><sln:miejscNazwa>Talaski</sln:miejscNazwa><sln:miejscRodzaj>Inny obiekt</sln:miejscRodzaj><sln:powIIPId>8526b8c8-68f6-4c04-9098-9e7f03c3d15d</sln:powIIPId><sln:powIIPPn>PL.PZGIK.200</sln:powIIPPn><sln:powIIPWersja>2012-09-27T07:52:00+02:00</sln:powIIPWersja><sln:powIdTeryt>1207</sln:powIdTeryt><sln:powNazwa>limanowski</sln:powNazwa><sln:wojIIPId>dd2e3c64-f861-47cf-a3a3-e7751f272b2f</sln:wojIIPId><sln:wojIIPPn>PL.PZGIK.200</sln:wojIIPPn><sln:wojIIPWersja>2017-10-10T00:00:00+02:00</sln:wojIIPWersja><sln:wojIdTeryt>12</sln:wojIdTeryt><sln:wojNazwa>małopolskie</sln:wojNazwa></sln:miejscowosc><sln:miejscowosc><sln:cyklZyciaOd>2014-12-07T00:00:00+01:00</sln:cyklZyciaOd><sln:gmIIPId>f25e4eff-f6f3-43de-ab9a-9bbc1a10ed05</sln:gmIIPId><sln:gmIIPPn>PL.PZGIK.200</sln:gmIIPPn><sln:gmIIPWersja>2012-09-26T22:09:51+02:00</sln:gmIIPWersja><sln:gmIdTeryt>1207112</sln:gmIdTeryt><sln:gmNazwa>Słopnice</sln:gmNazwa><sln:miejscIIPId>a3547232-7955-46ad-b000-433781588804</sln:miejscIIPId><sln:miejscIIPPn>PL.PZGIK.200</sln:miejscIIPPn><sln:miejscIIPWersja>2016-11-24T13:47:06+02:00</sln:miejscIIPWersja><sln:miejscIdTeryt>0467057</sln:miejscIdTeryt><sln:miejscNazwa>Giemziki Dolne</sln:miejscNazwa><sln:miejscRodzaj>Inny obiekt</sln:miejscRodzaj><sln:powIIPId>8526b8c8-68f6-4c04-9098-9e7f03c3d15d</sln:powIIPId><sln:powIIPPn>PL.PZGIK.200</sln:powIIPPn><sln:powIIPWersja>2012-09-27T07:52:00+02:00</sln:powIIPWersja><sln:powIdTeryt>1207</sln:powIdTeryt><sln:powNazwa>limanowski</sln:powNazwa><sln:wojIIPId>dd2e3c64-f861-47cf-a3a3-e7751f272b2f</sln:wojIIPId><sln:wojIIPPn>PL.PZGIK.200</sln:wojIIPPn><sln:wojIIPWersja>2017-10-10T00:00:00+02:00</sln:wojIIPWersja><sln:wojIdTeryt>12</sln:wojIdTeryt><sln:wojNazwa>małopolskie</sln:wojNazwa></sln:miejscowosc><sln:miejscowosc><sln:cyklZyciaOd>2014-12-07T00:00:00+01:00</sln:cyklZyciaOd><sln:gmIIPId>f25e4eff-f6f3-43de-ab9a-9bbc1a10ed05</sln:gmIIPId><sln:gmIIPPn>PL.PZGIK.200</sln:gmIIPPn><sln:gmIIPWersja>2012-09-26T22:09:51+02:00</sln:gmIIPWersja><sln:gmIdTeryt>1207112</sln:gmIdTeryt><sln:gmNazwa>Słopnice</sln:gmNazwa><sln:miejscIIPId>021dc261-a868-4916-be88-81a33de3dc11</sln:miejscIIPId><sln:miejscIIPPn>PL.PZGIK.200</sln:miejscIIPPn><sln:miejscIIPWersja>2016-11-24T13:47:06+02:00</sln:miejscIIPWersja><sln:miejscIdTeryt>0467399</sln:miejscIdTeryt><sln:miejscNazwa>Śliwówka</sln:miejscNazwa><sln:miejscRodzaj>Inny obiekt</sln:miejscRodzaj><sln:powIIPId>8526b8c8-68f6-4c04-9098-9e7f03c3d15d</sln:powIIPId><sln:powIIPPn>PL.PZGIK.200</sln:powIIPPn><sln:powIIPWersja>2012-09-27T07:52:00+02:00</sln:powIIPWersja><sln:powIdTeryt>1207</sln:powIdTeryt><sln:powNazwa>limanowski</sln:powNazwa><sln:wojIIPId>dd2e3c64-f861-47cf-a3a3-e7751f272b2f</sln:wojIIPId><sln:wojIIPPn>PL.PZGIK.200</sln:wojIIPPn><sln:wojIIPWersja>2017-10-10T00:00:00+02:00</sln:wojIIPWersja><sln:wojIdTeryt>12</sln:wojIdTeryt><sln:wojNazwa>małopolskie</sln:wojNazwa></sln:miejscowosc><sln:miejscowosc><sln:cyklZyciaOd>2014-12-07T00:00:00+01:00</sln:cyklZyciaOd><sln:gmIIPId>f25e4eff-f6f3-43de-ab9a-9bbc1a10ed05</sln:gmIIPId><sln:gmIIPPn>PL.PZGIK.200</sln:gmIIPPn><sln:gmIIPWersja>2012-09-26T22:09:51+02:00</sln:gmIIPWersja><sln:gmIdTeryt>1207112</sln:gmIdTeryt><sln:gmNazwa>Słopnice</sln:gmNazwa><sln:miejscIIPId>4f2794b3-f6fe-4a58-92c1-a027b232bb66</sln:miejscIIPId><sln:miejscIIPPn>PL.PZGIK.200</sln:miejscIIPPn><sln:miejscIIPWersja>2016-11-24T13:47:06+02:00</sln:miejscIIPWersja><sln:miejscIdTeryt>0467360</sln:miejscIdTeryt><sln:miejscNazwa>Sroki Dolne</sln:miejscNazwa><sln:miejscRodzaj>Inny obiekt</sln:miejscRodzaj><sln:powIIPId>8526b8c8-68f6-4c04-9098-9e7f03c3d15d</sln:powIIPId><sln:powIIPPn>PL.PZGIK.200</sln:powIIPPn><sln:powIIPWersja>2012-09-27T07:52:00+02:00</sln:powIIPWersja><sln:powIdTeryt>1207</sln:powIdTeryt><sln:powNazwa>limanowski</sln:powNazwa><sln:wojIIPId>dd2e3c64-f861-47cf-a3a3-e7751f272b2f</sln:wojIIPId><sln:wojIIPPn>PL.PZGIK.200</sln:wojIIPPn><sln:wojIIPWersja>2017-10-10T00:00:00+02:00</sln:wojIIPWersja><sln:wojIdTeryt>12</sln:wojIdTeryt><sln:wojNazwa>małopolskie</sln:wojNazwa></sln:miejscowosc><sln:miejscowosc><sln:cyklZyciaOd>2014-12-07T00:00:00+01:00</sln:cyklZyciaOd><sln:gmIIPId>f25e4eff-f6f3-43de-ab9a-9bbc1a10ed05</sln:gmIIPId><sln:gmIIPPn>PL.PZGIK.200</sln:gmIIPPn><sln:gmIIPWersja>2012-09-26T22:09:51+02:00</sln:gmIIPWersja><sln:gmIdTeryt>1207112</sln:gmIdTeryt><sln:gmNazwa>Słopnice</sln:gmNazwa><sln:miejscIIPId>cdabd621-9097-45ef-b063-4c0a05a91825</sln:miejscIIPId><sln:miejscIIPPn>PL.PZGIK.200</sln:miejscIIPPn><sln:miejscIIPWersja>2016-11-24T13:47:06+02:00</sln:miejscIIPWersja><sln:miejscIdTeryt>0467502</sln:miejscIdTeryt><sln:miejscNazwa>Ząbczykówka</sln:miejscNazwa><sln:miejscRodzaj>Inny obiekt</sln:miejscRodzaj><sln:powIIPId>8526b8c8-68f6-4c04-9098-9e7f03c3d15d</sln:powIIPId><sln:powIIPPn>PL.PZGIK.200</sln:powIIPPn><sln:powIIPWersja>2012-09-27T07:52:00+02:00</sln:powIIPWersja><sln:powIdTeryt>1207</sln:powIdTeryt><sln:powNazwa>limanowski</sln:powNazwa><sln:wojIIPId>dd2e3c64-f861-47cf-a3a3-e7751f272b2f</sln:wojIIPId><sln:wojIIPPn>PL.PZGIK.200</sln:wojIIPPn><sln:wojIIPWersja>2017-10-10T00:00:00+02:00</sln:wojIIPWersja><sln:wojIdTeryt>12</sln:wojIdTeryt><sln:wojNazwa>małopolskie</sln:wojNazwa></sln:miejscowosc><sln:miejscowosc><sln:cyklZyciaOd>2014-12-07T00:00:00+01:00</sln:cyklZyciaOd><sln:gmIIPId>f25e4eff-f6f3-43de-ab9a-9bbc1a10ed05</sln:gmIIPId><sln:gmIIPPn>PL.PZGIK.200</sln:gmIIPPn><sln:gmIIPWersja>2012-09-26T22:09:51+02:00</sln:gmIIPWersja><sln:gmIdTeryt>1207112</sln:gmIdTeryt><sln:gmNazwa>Słopnice</sln:gmNazwa><sln:miejscIIPId>8a03dc53-ad87-4565-92ac-725673ae30d4</sln:miejscIIPId><sln:miejscIIPPn>PL.PZGIK.200</sln:miejscIIPPn><sln:miejscIIPWersja>2016-11-24T13:47:06+02:00</sln:miejscIIPWersja><sln:miejscIdTeryt>0467494</sln:miejscIdTeryt><sln:miejscNazwa>Zarębki</sln:miejscNazwa><sln:miejscRodzaj>Inny obiekt</sln:miejscRodzaj><sln:powIIPId>8526b8c8-68f6-4c04-9098-9e7f03c3d15d</sln:powIIPId><sln:powIIPPn>PL.PZGIK.200</sln:powIIPPn><sln:powIIPWersja>2012-09-27T07:52:00+02:00</sln:powIIPWersja><sln:powIdTeryt>1207</sln:powIdTeryt><sln:powNazwa>limanowski</sln:powNazwa><sln:wojIIPId>dd2e3c64-f861-47cf-a3a3-e7751f272b2f</sln:wojIIPId><sln:wojIIPPn>PL.PZGIK.200</sln:wojIIPPn><sln:wojIIPWersja>2017-10-10T00:00:00+02:00</sln:wojIIPWersja><sln:wojIdTeryt>12</sln:wojIdTeryt><sln:wojNazwa>małopolskie</sln:wojNazwa></sln:miejscowosc><sln:miejscowosc><sln:cyklZyciaOd>2014-12-07T00:00:00+01:00</sln:cyklZyciaOd><sln:gmIIPId>f25e4eff-f6f3-43de-ab9a-9bbc1a10ed05</sln:gmIIPId><sln:gmIIPPn>PL.PZGIK.200</sln:gmIIPPn><sln:gmIIPWersja>2012-09-26T22:09:51+02:00</sln:gmIIPWersja><sln:gmIdTeryt>1207112</sln:gmIdTeryt><sln:gmNazwa>Słopnice</sln:gmNazwa><sln:miejscIIPId>f7226228-6ccf-4221-85b7-1a96aeb27139</sln:miejscIIPId><sln:miejscIIPPn>PL.PZGIK.200</sln:miejscIIPPn><sln:miejscIIPWersja>2016-11-24T13:47:06+02:00</sln:miejscIIPWersja><sln:miejscIdTeryt>0467347</sln:miejscIdTeryt><sln:miejscNazwa>Sasy</sln:miejscNazwa><sln:miejscRodzaj>Inny obiekt</sln:miejscRodzaj><sln:powIIPId>8526b8c8-68f6-4c04-9098-9e7f03c3d15d</sln:powIIPId><sln:powIIPPn>PL.PZGIK.200</sln:powIIPPn><sln:powIIPWersja>2012-09-27T07:52:00+02:00</sln:powIIPWersja><sln:powIdTeryt>1207</sln:powIdTeryt><sln:powNazwa>limanowski</sln:powNazwa><sln:wojIIPId>dd2e3c64-f861-47cf-a3a3-e7751f272b2f</sln:wojIIPId><sln:wojIIPPn>PL.PZGIK.200</sln:wojIIPPn><sln:wojIIPWersja>2017-10-10T00:00:00+02:00</sln:wojIIPWersja><sln:wojIdTeryt>12</sln:wojIdTeryt><sln:wojNazwa>małopolskie</sln:wojNazwa></sln:miejscowosc><sln:miejscowosc><sln:cyklZyciaOd>2014-12-07T00:00:00+01:00</sln:cyklZyciaOd><sln:gmIIPId>f25e4eff-f6f3-43de-ab9a-9bbc1a10ed05</sln:gmIIPId><sln:gmIIPPn>PL.PZGIK.200</sln:gmIIPPn><sln:gmIIPWersja>2012-09-26T22:09:51+02:00</sln:gmIIPWersja><sln:gmIdTeryt>1207112</sln:gmIdTeryt><sln:gmNazwa>Słopnice</sln:gmNazwa><sln:miejscIIPId>083df702-999a-41f8-949e-fa3a9af09c16</sln:miejscIIPId><sln:miejscIIPPn>PL.PZGIK.200</sln:miejscIIPPn><sln:miejscIIPWersja>2016-11-24T13:47:06+02:00</sln:miejscIIPWersja><sln:miejscIdTeryt>0467376</sln:miejscIdTeryt><sln:miejscNazwa>Sroki Górne</sln:miejscNazwa><sln:miejscRodzaj>Inny obiekt</sln:miejscRodzaj><sln:powIIPId>8526b8c8-68f6-4c04-9098-9e7f03c3d15d</sln:powIIPId><sln:powIIPPn>PL.PZGIK.200</sln:powIIPPn><sln:powIIPWersja>2012-09-27T07:52:00+02:00</sln:powIIPWersja><sln:powIdTeryt>1207</sln:powIdTeryt><sln:powNazwa>limanowski</sln:powNazwa><sln:wojIIPId>dd2e3c64-f861-47cf-a3a3-e7751f272b2f</sln:wojIIPId><sln:wojIIPPn>PL.PZGIK.200</sln:wojIIPPn><sln:wojIIPWersja>2017-10-10T00:00:00+02:00</sln:wojIIPWersja><sln:wojIdTeryt>12</sln:wojIdTeryt><sln:wojNazwa>małopolskie</sln:wojNazwa></sln:miejscowosc><sln:miejscowosc><sln:cyklZyciaOd>2014-12-07T00:00:00+01:00</sln:cyklZyciaOd><sln:gmIIPId>f25e4eff-f6f3-43de-ab9a-9bbc1a10ed05</sln:gmIIPId><sln:gmIIPPn>PL.PZGIK.200</sln:gmIIPPn><sln:gmIIPWersja>2012-09-26T22:09:51+02:00</sln:gmIIPWersja><sln:gmIdTeryt>1207112</sln:gmIdTeryt><sln:gmNazwa>Słopnice</sln:gmNazwa><sln:miejscIIPId>42d11e7d-8f72-4826-9dd9-647370baa1c1</sln:miejscIIPId><sln:miejscIIPPn>PL.PZGIK.200</sln:miejscIIPPn><sln:miejscIIPWersja>2016-11-24T13:47:06+02:00</sln:miejscIIPWersja><sln:miejscIdTeryt>0467181</sln:miejscIdTeryt><sln:miejscNazwa>Liski</sln:miejscNazwa><sln:miejscRodzaj>Inny obiekt</sln:miejscRodzaj><sln:powIIPId>8526b8c8-68f6-4c04-9098-9e7f03c3d15d</sln:powIIPId><sln:powIIPPn>PL.PZGIK.200</sln:powIIPPn><sln:powIIPWersja>2012-09-27T07:52:00+02:00</sln:powIIPWersja><sln:powIdTeryt>1207</sln:powIdTeryt><sln:powNazwa>limanowski</sln:powNazwa><sln:wojIIPId>dd2e3c64-f861-47cf-a3a3-e7751f272b2f</sln:wojIIPId><sln:wojIIPPn>PL.PZGIK.200</sln:wojIIPPn><sln:wojIIPWersja>2017-10-10T00:00:00+02:00</sln:wojIIPWersja><sln:wojIdTeryt>12</sln:wojIdTeryt><sln:wojNazwa>małopolskie</sln:wojNazwa></sln:miejscowosc><sln:miejscowosc><sln:cyklZyciaOd>2014-12-07T00:00:00+01:00</sln:cyklZyciaOd><sln:gmIIPId>f25e4eff-f6f3-43de-ab9a-9bbc1a10ed05</sln:gmIIPId><sln:gmIIPPn>PL.PZGIK.200</sln:gmIIPPn><sln:gmIIPWersja>2012-09-26T22:09:51+02:00</sln:gmIIPWersja><sln:gmIdTeryt>1207112</sln:gmIdTeryt><sln:gmNazwa>Słopnice</sln:gmNazwa><sln:miejscIIPId>c5630063-202c-488a-a0a1-d1ba843e2eef</sln:miejscIIPId><sln:miejscIIPPn>PL.PZGIK.200</sln:miejscIIPPn><sln:miejscIIPWersja>2016-11-24T13:47:06+02:00</sln:miejscIIPWersja><sln:miejscIdTeryt>0467301</sln:miejscIdTeryt><sln:miejscNazwa>Putówka</sln:miejscNazwa><sln:miejscRodzaj>Inny obiekt</sln:miejscRodzaj><sln:powIIPId>8526b8c8-68f6-4c04-9098-9e7f03c3d15d</sln:powIIPId><sln:powIIPPn>PL.PZGIK.200</sln:powIIPPn><sln:powIIPWersja>2012-09-27T07:52:00+02:00</sln:powIIPWersja><sln:powIdTeryt>1207</sln:powIdTeryt><sln:powNazwa>limanowski</sln:powNazwa><sln:wojIIPId>dd2e3c64-f861-47cf-a3a3-e7751f272b2f</sln:wojIIPId><sln:wojIIPPn>PL.PZGIK.200</sln:wojIIPPn><sln:wojIIPWersja>2017-10-10T00:00:00+02:00</sln:wojIIPWersja><sln:wojIdTeryt>12</sln:wojIdTeryt><sln:wojNazwa>małopolskie</sln:wojNazwa></sln:miejscowosc><sln:miejscowosc><sln:cyklZyciaOd>2014-12-07T00:00:00+01:00</sln:cyklZyciaOd><sln:gmIIPId>f25e4eff-f6f3-43de-ab9a-9bbc1a10ed05</sln:gmIIPId><sln:gmIIPPn>PL.PZGIK.200</sln:gmIIPPn><sln:gmIIPWersja>2012-09-26T22:09:51+02:00</sln:gmIIPWersja><sln:gmIdTeryt>1207112</sln:gmIdTeryt><sln:gmNazwa>Słopnice</sln:gmNazwa><sln:miejscIIPId>5a77a22d-2e5e-46e4-8edf-678b3bcc174d</sln:miejscIIPId><sln:miejscIIPPn>PL.PZGIK.200</sln:miejscIIPPn><sln:miejscIIPWersja>2016-11-24T13:47:06+02:00</sln:miejscIIPWersja><sln:miejscIdTeryt>0467005</sln:miejscIdTeryt><sln:miejscNazwa>Do Kaima</sln:miejscNazwa><sln:miejscRodzaj>Inny obiekt</sln:miejscRodzaj><sln:powIIPId>8526b8c8-68f6-4c04-9098-9e7f03c3d15d</sln:powIIPId><sln:powIIPPn>PL.PZGIK.200</sln:powIIPPn><sln:powIIPWersja>2012-09-27T07:52:00+02:00</sln:powIIPWersja><sln:powIdTeryt>1207</sln:powIdTeryt><sln:powNazwa>limanowski</sln:powNazwa><sln:wojIIPId>dd2e3c64-f861-47cf-a3a3-e7751f272b2f</sln:wojIIPId><sln:wojIIPPn>PL.PZGIK.200</sln:wojIIPPn><sln:wojIIPWersja>2017-10-10T00:00:00+02:00</sln:wojIIPWersja><sln:wojIdTeryt>12</sln:wojIdTeryt><sln:wojNazwa>małopolskie</sln:wojNazwa></sln:miejscowosc><sln:miejscowosc><sln:cyklZyciaOd>2014-12-07T00:00:00+01:00</sln:cyklZyciaOd><sln:gmIIPId>f25e4eff-f6f3-43de-ab9a-9bbc1a10ed05</sln:gmIIPId><sln:gmIIPPn>PL.PZGIK.200</sln:gmIIPPn><sln:gmIIPWersja>2012-09-26T22:09:51+02:00</sln:gmIIPWersja><sln:gmIdTeryt>1207112</sln:gmIdTeryt><sln:gmNazwa>Słopnice</sln:gmNazwa><sln:miejscIIPId>40191b4e-ae4b-405f-907d-8bf2586f8309</sln:miejscIIPId><sln:miejscIIPPn>PL.PZGIK.200</sln:miejscIIPPn><sln:miejscIIPWersja>2016-11-24T13:47:06+02:00</sln:miejscIIPWersja><sln:miejscIdTeryt>0467169</sln:miejscIdTeryt><sln:miejscNazwa>Kulpówka</sln:miejscNazwa><sln:miejscRodzaj>Inny obiekt</sln:miejscRodzaj><sln:powIIPId>8526b8c8-68f6-4c04-9098-9e7f03c3d15d</sln:powIIPId><sln:powIIPPn>PL.PZGIK.200</sln:powIIPPn><sln:powIIPWersja>2012-09-27T07:52:00+02:00</sln:powIIPWersja><sln:powIdTeryt>1207</sln:powIdTeryt><sln:powNazwa>limanowski</sln:powNazwa><sln:wojIIPId>dd2e3c64-f861-47cf-a3a3-e7751f272b2f</sln:wojIIPId><sln:wojIIPPn>PL.PZGIK.200</sln:wojIIPPn><sln:wojIIPWersja>2017-10-10T00:00:00+02:00</sln:wojIIPWersja><sln:wojIdTeryt>12</sln:wojIdTeryt><sln:wojNazwa>małopolskie</sln:wojNazwa></sln:miejscowosc><sln:miejscowosc><sln:cyklZyciaOd>2014-12-07T00:00:00+01:00</sln:cyklZyciaOd><sln:gmIIPId>f25e4eff-f6f3-43de-ab9a-9bbc1a10ed05</sln:gmIIPId><sln:gmIIPPn>PL.PZGIK.200</sln:gmIIPPn><sln:gmIIPWersja>2012-09-26T22:09:51+02:00</sln:gmIIPWersja><sln:gmIdTeryt>1207112</sln:gmIdTeryt><sln:gmNazwa>Słopnice</sln:gmNazwa><sln:miejscIIPId>10bebbe2-0f62-4167-ae58-6c11a0b1f5ce</sln:miejscIIPId><sln:miejscIIPPn>PL.PZGIK.200</sln:miejscIIPPn><sln:miejscIIPWersja>2016-11-24T13:47:06+02:00</sln:miejscIIPWersja><sln:miejscIdTeryt>0467382</sln:miejscIdTeryt><sln:miejscNazwa>Staniszówka</sln:miejscNazwa><sln:miejscRodzaj>Inny obiekt</sln:miejscRodzaj><sln:powIIPId>8526b8c8-68f6-4c04-9098-9e7f03c3d15d</sln:powIIPId><sln:powIIPPn>PL.PZGIK.200</sln:powIIPPn><sln:powIIPWersja>2012-09-27T07:52:00+02:00</sln:powIIPWersja><sln:powIdTeryt>1207</sln:powIdTeryt><sln:powNazwa>limanowski</sln:powNazwa><sln:wojIIPId>dd2e3c64-f861-47cf-a3a3-e7751f272b2f</sln:wojIIPId><sln:wojIIPPn>PL.PZGIK.200</sln:wojIIPPn><sln:wojIIPWersja>2017-10-10T00:00:00+02:00</sln:wojIIPWersja><sln:wojIdTeryt>12</sln:wojIdTeryt><sln:wojNazwa>małopolskie</sln:wojNazwa></sln:miejscowosc><sln:miejscowosc><sln:cyklZyciaOd>2014-12-07T00:00:00+01:00</sln:cyklZyciaOd><sln:gmIIPId>f25e4eff-f6f3-43de-ab9a-9bbc1a10ed05</sln:gmIIPId><sln:gmIIPPn>PL.PZGIK.200</sln:gmIIPPn><sln:gmIIPWersja>2012-09-26T22:09:51+02:00</sln:gmIIPWersja><sln:gmIdTeryt>1207112</sln:gmIdTeryt><sln:gmNazwa>Słopnice</sln:gmNazwa><sln:miejscIIPId>b47b7677-5807-4cc7-a4f9-cd307eda2c08</sln:miejscIIPId><sln:miejscIIPPn>PL.PZGIK.200</sln:miejscIIPPn><sln:miejscIIPWersja>2016-11-24T13:47:06+02:00</sln:miejscIIPWersja><sln:miejscIdTeryt>0467270</sln:miejscIdTeryt><sln:miejscNazwa>Pod Mogielnicą</sln:miejscNazwa><sln:miejscRodzaj>Inny obiekt</sln:miejscRodzaj><sln:powIIPId>8526b8c8-68f6-4c04-9098-9e7f03c3d15d</sln:powIIPId><sln:powIIPPn>PL.PZGIK.200</sln:powIIPPn><sln:powIIPWersja>2012-09-27T07:52:00+02:00</sln:powIIPWersja><sln:powIdTeryt>1207</sln:powIdTeryt><sln:powNazwa>limanowski</sln:powNazwa><sln:wojIIPId>dd2e3c64-f861-47cf-a3a3-e7751f272b2f</sln:wojIIPId><sln:wojIIPPn>PL.PZGIK.200</sln:wojIIPPn><sln:wojIIPWersja>2017-10-10T00:00:00+02:00</sln:wojIIPWersja><sln:wojIdTeryt>12</sln:wojIdTeryt><sln:wojNazwa>małopolskie</sln:wojNazwa></sln:miejscowosc><sln:miejscowosc><sln:cyklZyciaOd>2014-12-07T00:00:00+01:00</sln:cyklZyciaOd><sln:gmIIPId>f25e4eff-f6f3-43de-ab9a-9bbc1a10ed05</sln:gmIIPId><sln:gmIIPPn>PL.PZGIK.200</sln:gmIIPPn><sln:gmIIPWersja>2012-09-26T22:09:51+02:00</sln:gmIIPWersja><sln:gmIdTeryt>1207112</sln:gmIdTeryt><sln:gmNazwa>Słopnice</sln:gmNazwa><sln:miejscIIPId>50944a6d-cb85-42c9-a41b-bf850c731df9</sln:miejscIIPId><sln:miejscIIPPn>PL.PZGIK.200</sln:miejscIIPPn><sln:miejscIIPWersja>2016-11-24T13:47:06+02:00</sln:miejscIIPWersja><sln:miejscIdTeryt>0467318</sln:miejscIdTeryt><sln:miejscNazwa>Pyrdały</sln:miejscNazwa><sln:miejscRodzaj>Inny obiekt</sln:miejscRodzaj><sln:powIIPId>8526b8c8-68f6-4c04-9098-9e7f03c3d15d</sln:powIIPId><sln:powIIPPn>PL.PZGIK.200</sln:powIIPPn><sln:powIIPWersja>2012-09-27T07:52:00+02:00</sln:powIIPWersja><sln:powIdTeryt>1207</sln:powIdTeryt><sln:powNazwa>limanowski</sln:powNazwa><sln:wojIIPId>dd2e3c64-f861-47cf-a3a3-e7751f272b2f</sln:wojIIPId><sln:wojIIPPn>PL.PZGIK.200</sln:wojIIPPn><sln:wojIIPWersja>2017-10-10T00:00:00+02:00</sln:wojIIPWersja><sln:wojIdTeryt>12</sln:wojIdTeryt><sln:wojNazwa>małopolskie</sln:wojNazwa></sln:miejscowosc><sln:miejscowosc><sln:cyklZyciaOd>2014-12-07T00:00:00+01:00</sln:cyklZyciaOd><sln:gmIIPId>f25e4eff-f6f3-43de-ab9a-9bbc1a10ed05</sln:gmIIPId><sln:gmIIPPn>PL.PZGIK.200</sln:gmIIPPn><sln:gmIIPWersja>2012-09-26T22:09:51+02:00</sln:gmIIPWersja><sln:gmIdTeryt>1207112</sln:gmIdTeryt><sln:gmNazwa>Słopnice</sln:gmNazwa><sln:miejscIIPId>25932d40-8a09-47c8-ad35-1360298d1160</sln:miejscIIPId><sln:miejscIIPPn>PL.PZGIK.200</sln:miejscIIPPn><sln:miejscIIPWersja>2016-11-24T13:47:06+02:00</sln:miejscIIPWersja><sln:miejscIdTeryt>0467519</sln:miejscIdTeryt><sln:miejscNazwa>Zielińskówka</sln:miejscNazwa><sln:miejscRodzaj>Inny obiekt</sln:miejscRodzaj><sln:powIIPId>8526b8c8-68f6-4c04-9098-9e7f03c3d15d</sln:powIIPId><sln:powIIPPn>PL.PZGIK.200</sln:powIIPPn><sln:powIIPWersja>2012-09-27T07:52:00+02:00</sln:powIIPWersja><sln:powIdTeryt>1207</sln:powIdTeryt><sln:powNazwa>limanowski</sln:powNazwa><sln:wojIIPId>dd2e3c64-f861-47cf-a3a3-e7751f272b2f</sln:wojIIPId><sln:wojIIPPn>PL.PZGIK.200</sln:wojIIPPn><sln:wojIIPWersja>2017-10-10T00:00:00+02:00</sln:wojIIPWersja><sln:wojIdTeryt>12</sln:wojIdTeryt><sln:wojNazwa>małopolskie</sln:wojNazwa></sln:miejscowosc><sln:miejscowosc><sln:cyklZyciaOd>2014-12-07T00:00:00+01:00</sln:cyklZyciaOd><sln:gmIIPId>f25e4eff-f6f3-43de-ab9a-9bbc1a10ed05</sln:gmIIPId><sln:gmIIPPn>PL.PZGIK.200</sln:gmIIPPn><sln:gmIIPWersja>2012-09-26T22:09:51+02:00</sln:gmIIPWersja><sln:gmIdTeryt>1207112</sln:gmIdTeryt><sln:gmNazwa>Słopnice</sln:gmNazwa><sln:miejscIIPId>4f43c354-f578-49cc-8d98-991a2f99cf89</sln:miejscIIPId><sln:miejscIIPPn>PL.PZGIK.200</sln:miejscIIPPn><sln:miejscIIPWersja>2016-11-24T13:47:06+02:00</sln:miejscIIPWersja><sln:miejscIdTeryt>0467258</sln:miejscIdTeryt><sln:miejscNazwa>Piaski</sln:miejscNazwa><sln:miejscRodzaj>Inny obiekt</sln:miejscRodzaj><sln:powIIPId>8526b8c8-68f6-4c04-9098-9e7f03c3d15d</sln:powIIPId><sln:powIIPPn>PL.PZGIK.200</sln:powIIPPn><sln:powIIPWersja>2012-09-27T07:52:00+02:00</sln:powIIPWersja><sln:powIdTeryt>1207</sln:powIdTeryt><sln:powNazwa>limanowski</sln:powNazwa><sln:wojIIPId>dd2e3c64-f861-47cf-a3a3-e7751f272b2f</sln:wojIIPId><sln:wojIIPPn>PL.PZGIK.200</sln:wojIIPPn><sln:wojIIPWersja>2017-10-10T00:00:00+02:00</sln:wojIIPWersja><sln:wojIdTeryt>12</sln:wojIdTeryt><sln:wojNazwa>małopolskie</sln:wojNazwa></sln:miejscowosc><sln:miejscowosc><sln:cyklZyciaOd>2014-12-07T00:00:00+01:00</sln:cyklZyciaOd><sln:gmIIPId>f25e4eff-f6f3-43de-ab9a-9bbc1a10ed05</sln:gmIIPId><sln:gmIIPPn>PL.PZGIK.200</sln:gmIIPPn><sln:gmIIPWersja>2012-09-26T22:09:51+02:00</sln:gmIIPWersja><sln:gmIdTeryt>1207112</sln:gmIdTeryt><sln:gmNazwa>Słopnice</sln:gmNazwa><sln:miejscIIPId>2014e009-c94b-4f9a-9de7-c1e2918d9aa1</sln:miejscIIPId><sln:miejscIIPPn>PL.PZGIK.200</sln:miejscIIPPn><sln:miejscIIPWersja>2016-11-24T13:47:06+02:00</sln:miejscIIPWersja><sln:miejscIdTeryt>0467293</sln:miejscIdTeryt><sln:miejscNazwa>Przylaski</sln:miejscNazwa><sln:miejscRodzaj>Inny obiekt</sln:miejscRodzaj><sln:powIIPId>8526b8c8-68f6-4c04-9098-9e7f03c3d15d</sln:powIIPId><sln:powIIPPn>PL.PZGIK.200</sln:powIIPPn><sln:powIIPWersja>2012-09-27T07:52:00+02:00</sln:powIIPWersja><sln:powIdTeryt>1207</sln:powIdTeryt><sln:powNazwa>limanowski</sln:powNazwa><sln:wojIIPId>dd2e3c64-f861-47cf-a3a3-e7751f272b2f</sln:wojIIPId><sln:wojIIPPn>PL.PZGIK.200</sln:wojIIPPn><sln:wojIIPWersja>2017-10-10T00:00:00+02:00</sln:wojIIPWersja><sln:wojIdTeryt>12</sln:wojIdTeryt><sln:wojNazwa>małopolskie</sln:wojNazwa></sln:miejscowosc><sln:miejscowosc><sln:cyklZyciaOd>2014-12-07T00:00:00+01:00</sln:cyklZyciaOd><sln:gmIIPId>f25e4eff-f6f3-43de-ab9a-9bbc1a10ed05</sln:gmIIPId><sln:gmIIPPn>PL.PZGIK.200</sln:gmIIPPn><sln:gmIIPWersja>2012-09-26T22:09:51+02:00</sln:gmIIPWersja><sln:gmIdTeryt>1207112</sln:gmIdTeryt><sln:gmNazwa>Słopnice</sln:gmNazwa><sln:miejscIIPId>3ea2e0a5-9be7-4e49-8cdd-bb022db3078a</sln:miejscIIPId><sln:miejscIIPPn>PL.PZGIK.200</sln:miejscIIPPn><sln:miejscIIPWersja>2016-11-24T13:47:06+02:00</sln:miejscIIPWersja><sln:miejscIdTeryt>0467152</sln:miejscIdTeryt><sln:miejscNazwa>Karczówka</sln:miejscNazwa><sln:miejscRodzaj>Inny obiekt</sln:miejscRodzaj><sln:powIIPId>8526b8c8-68f6-4c04-9098-9e7f03c3d15d</sln:powIIPId><sln:powIIPPn>PL.PZGIK.200</sln:powIIPPn><sln:powIIPWersja>2012-09-27T07:52:00+02:00</sln:powIIPWersja><sln:powIdTeryt>1207</sln:powIdTeryt><sln:powNazwa>limanowski</sln:powNazwa><sln:wojIIPId>dd2e3c64-f861-47cf-a3a3-e7751f272b2f</sln:wojIIPId><sln:wojIIPPn>PL.PZGIK.200</sln:wojIIPPn><sln:wojIIPWersja>2017-10-10T00:00:00+02:00</sln:wojIIPWersja><sln:wojIdTeryt>12</sln:wojIdTeryt><sln:wojNazwa>małopolskie</sln:wojNazwa></sln:miejscowosc><sln:miejscowosc><sln:cyklZyciaOd>2014-12-07T00:00:00+01:00</sln:cyklZyciaOd><sln:gmIIPId>f25e4eff-f6f3-43de-ab9a-9bbc1a10ed05</sln:gmIIPId><sln:gmIIPPn>PL.PZGIK.200</sln:gmIIPPn><sln:gmIIPWersja>2012-09-26T22:09:51+02:00</sln:gmIIPWersja><sln:gmIdTeryt>1207112</sln:gmIdTeryt><sln:gmNazwa>Słopnice</sln:gmNazwa><sln:miejscIIPId>56e0862c-7099-429a-a65e-f8d5c3be3c0a</sln:miejscIIPId><sln:miejscIIPPn>PL.PZGIK.200</sln:miejscIIPPn><sln:miejscIIPWersja>2016-11-24T13:47:06+02:00</sln:miejscIIPWersja><sln:miejscIdTeryt>0467175</sln:miejscIdTeryt><sln:miejscNazwa>Kwaśniakówka</sln:miejscNazwa><sln:miejscRodzaj>Inny obiekt</sln:miejscRodzaj><sln:powIIPId>8526b8c8-68f6-4c04-9098-9e7f03c3d15d</sln:powIIPId><sln:powIIPPn>PL.PZGIK.200</sln:powIIPPn><sln:powIIPWersja>2012-09-27T07:52:00+02:00</sln:powIIPWersja><sln:powIdTeryt>1207</sln:powIdTeryt><sln:powNazwa>limanowski</sln:powNazwa><sln:wojIIPId>dd2e3c64-f861-47cf-a3a3-e7751f272b2f</sln:wojIIPId><sln:wojIIPPn>PL.PZGIK.200</sln:wojIIPPn><sln:wojIIPWersja>2017-10-10T00:00:00+02:00</sln:wojIIPWersja><sln:wojIdTeryt>12</sln:wojIdTeryt><sln:wojNazwa>małopolskie</sln:wojNazwa></sln:miejscowosc><sln:miejscowosc><sln:cyklZyciaDo>2016-11-26T00:00:00+01:00</sln:cyklZyciaDo><sln:cyklZyciaOd>2014-12-07T00:00:00+01:00</sln:cyklZyciaOd><sln:gmIIPId>f25e4eff-f6f3-43de-ab9a-9bbc1a10ed05</sln:gmIIPId><sln:gmIIPPn>PL.PZGIK.200</sln:gmIIPPn><sln:gmIIPWersja>2012-09-26T22:09:51+02:00</sln:gmIIPWersja><sln:gmIdTeryt>1207112</sln:gmIdTeryt><sln:gmNazwa>Słopnice</sln:gmNazwa><sln:miejscIIPId>8cdd37ae-4407-483a-9c9d-817ab72a7e2e</sln:miejscIIPId><sln:miejscIIPPn>PL.PZGIK.200</sln:miejscIIPPn><sln:miejscIIPWersja>2016-11-24T13:47:06+02:00</sln:miejscIIPWersja><sln:miejscIdTeryt>0467130</sln:miejscIdTeryt><sln:miejscNazwa>Jachymówka</sln:miejscNazwa><sln:miejscRodzaj>Inny obiekt</sln:miejscRodzaj><sln:powIIPId>8526b8c8-68f6-4c04-9098-9e7f03c3d15d</sln:powIIPId><sln:powIIPPn>PL.PZGIK.200</sln:powIIPPn><sln:powIIPWersja>2012-09-27T07:52:00+02:00</sln:powIIPWersja><sln:powIdTeryt>1207</sln:powIdTeryt><sln:powNazwa>limanowski</sln:powNazwa><sln:wojIIPId>dd2e3c64-f861-47cf-a3a3-e7751f272b2f</sln:wojIIPId><sln:wojIIPPn>PL.PZGIK.200</sln:wojIIPPn><sln:wojIIPWersja>2017-10-10T00:00:00+02:00</sln:wojIIPWersja><sln:wojIdTeryt>12</sln:wojIdTeryt><sln:wojNazwa>małopolskie</sln:wojNazwa></sln:miejscowosc><sln:miejscowosc><sln:cyklZyciaOd>2014-12-07T00:00:00+01:00</sln:cyklZyciaOd><sln:gmIIPId>f25e4eff-f6f3-43de-ab9a-9bbc1a10ed05</sln:gmIIPId><sln:gmIIPPn>PL.PZGIK.200</sln:gmIIPPn><sln:gmIIPWersja>2012-09-26T22:09:51+02:00</sln:gmIIPWersja><sln:gmIdTeryt>1207112</sln:gmIdTeryt><sln:gmNazwa>Słopnice</sln:gmNazwa><sln:miejscIIPId>fc4e01b7-0f1a-4abf-8ea5-64335df3bbea</sln:miejscIIPId><sln:miejscIIPPn>PL.PZGIK.200</sln:miejscIIPPn><sln:miejscIIPWersja>2016-11-24T13:47:06+02:00</sln:miejscIIPWersja><sln:miejscIdTeryt>0467086</sln:miejscIdTeryt><sln:miejscNazwa>Górki</sln:miejscNazwa><sln:miejscRodzaj>Inny obiekt</sln:miejscRodzaj><sln:powIIPId>8526b8c8-68f6-4c04-9098-9e7f03c3d15d</sln:powIIPId><sln:powIIPPn>PL.PZGIK.200</sln:powIIPPn><sln:powIIPWersja>2012-09-27T07:52:00+02:00</sln:powIIPWersja><sln:powIdTeryt>1207</sln:powIdTeryt><sln:powNazwa>limanowski</sln:powNazwa><sln:wojIIPId>dd2e3c64-f861-47cf-a3a3-e7751f272b2f</sln:wojIIPId><sln:wojIIPPn>PL.PZGIK.200</sln:wojIIPPn><sln:wojIIPWersja>2017-10-10T00:00:00+02:00</sln:wojIIPWersja><sln:wojIdTeryt>12</sln:wojIdTeryt><sln:wojNazwa>małopolskie</sln:wojNazwa></sln:miejscowosc><sln:miejscowosc><sln:cyklZyciaOd>2014-12-07T00:00:00+01:00</sln:cyklZyciaOd><sln:gmIIPId>f25e4eff-f6f3-43de-ab9a-9bbc1a10ed05</sln:gmIIPId><sln:gmIIPPn>PL.PZGIK.200</sln:gmIIPPn><sln:gmIIPWersja>2012-09-26T22:09:51+02:00</sln:gmIIPWersja><sln:gmIdTeryt>1207112</sln:gmIdTeryt><sln:gmNazwa>Słopnice</sln:gmNazwa><sln:miejscIIPId>425e6862-32b9-40ed-891a-367d83a54901</sln:miejscIIPId><sln:miejscIIPPn>PL.PZGIK.200</sln:miejscIIPPn><sln:miejscIIPWersja>2016-11-24T13:47:06+02:00</sln:miejscIIPWersja><sln:miejscIdTeryt>0467206</sln:miejscIdTeryt><sln:miejscNazwa>Marciszówka</sln:miejscNazwa><sln:miejscRodzaj>Inny obiekt</sln:miejscRodzaj><sln:powIIPId>8526b8c8-68f6-4c04-9098-9e7f03c3d15d</sln:powIIPId><sln:powIIPPn>PL.PZGIK.200</sln:powIIPPn><sln:powIIPWersja>2012-09-27T07:52:00+02:00</sln:powIIPWersja><sln:powIdTeryt>1207</sln:powIdTeryt><sln:powNazwa>limanowski</sln:powNazwa><sln:wojIIPId>dd2e3c64-f861-47cf-a3a3-e7751f272b2f</sln:wojIIPId><sln:wojIIPPn>PL.PZGIK.200</sln:wojIIPPn><sln:wojIIPWersja>2017-10-10T00:00:00+02:00</sln:wojIIPWersja><sln:wojIdTeryt>12</sln:wojIdTeryt><sln:wojNazwa>małopolskie</sln:wojNazwa></sln:miejscowosc><sln:miejscowosc><sln:cyklZyciaOd>2014-12-07T00:00:00+01:00</sln:cyklZyciaOd><sln:gmIIPId>f25e4eff-f6f3-43de-ab9a-9bbc1a10ed05</sln:gmIIPId><sln:gmIIPPn>PL.PZGIK.200</sln:gmIIPPn><sln:gmIIPWersja>2012-09-26T22:09:51+02:00</sln:gmIIPWersja><sln:gmIdTeryt>1207112</sln:gmIdTeryt><sln:gmNazwa>Słopnice</sln:gmNazwa><sln:miejscIIPId>de061af1-36e6-4a3a-b5d7-cfb418d8ac72</sln:miejscIIPId><sln:miejscIIPPn>PL.PZGIK.200</sln:miejscIIPPn><sln:miejscIIPWersja>2016-11-24T13:47:06+02:00</sln:miejscIIPWersja><sln:miejscIdTeryt>0467229</sln:miejscIdTeryt><sln:miejscNazwa>Pachuty Dolne</sln:miejscNazwa><sln:miejscRodzaj>Inny obiekt</sln:miejscRodzaj><sln:powIIPId>8526b8c8-68f6-4c04-9098-9e7f03c3d15d</sln:powIIPId><sln:powIIPPn>PL.PZGIK.200</sln:powIIPPn><sln:powIIPWersja>2012-09-27T07:52:00+02:00</sln:powIIPWersja><sln:powIdTeryt>1207</sln:powIdTeryt><sln:powNazwa>limanowski</sln:powNazwa><sln:wojIIPId>dd2e3c64-f861-47cf-a3a3-e7751f272b2f</sln:wojIIPId><sln:wojIIPPn>PL.PZGIK.200</sln:wojIIPPn><sln:wojIIPWersja>2017-10-10T00:00:00+02:00</sln:wojIIPWersja><sln:wojIdTeryt>12</sln:wojIdTeryt><sln:wojNazwa>małopolskie</sln:wojNazwa></sln:miejscowosc><sln:miejscowosc><sln:cyklZyciaOd>2014-12-07T00:00:00+01:00</sln:cyklZyciaOd><sln:gmIIPId>f25e4eff-f6f3-43de-ab9a-9bbc1a10ed05</sln:gmIIPId><sln:gmIIPPn>PL.PZGIK.200</sln:gmIIPPn><sln:gmIIPWersja>2012-09-26T22:09:51+02:00</sln:gmIIPWersja><sln:gmIdTeryt>1207112</sln:gmIdTeryt><sln:gmNazwa>Słopnice</sln:gmNazwa><sln:miejscIIPId>69c4598a-8afb-4501-b75a-0f5815ad065b</sln:miejscIIPId><sln:miejscIIPPn>PL.PZGIK.200</sln:miejscIIPPn><sln:miejscIIPWersja>2016-11-24T13:47:06+02:00</sln:miejscIIPWersja><sln:miejscIdTeryt>0467235</sln:miejscIdTeryt><sln:miejscNazwa>Pachuty Górne</sln:miejscNazwa><sln:miejscRodzaj>Inny obiekt</sln:miejscRodzaj><sln:powIIPId>8526b8c8-68f6-4c04-9098-9e7f03c3d15d</sln:powIIPId><sln:powIIPPn>PL.PZGIK.200</sln:powIIPPn><sln:powIIPWersja>2012-09-27T07:52:00+02:00</sln:powIIPWersja><sln:powIdTeryt>1207</sln:powIdTeryt><sln:powNazwa>limanowski</sln:powNazwa><sln:wojIIPId>dd2e3c64-f861-47cf-a3a3-e7751f272b2f</sln:wojIIPId><sln:wojIIPPn>PL.PZGIK.200</sln:wojIIPPn><sln:wojIIPWersja>2017-10-10T00:00:00+02:00</sln:wojIIPWersja><sln:wojIdTeryt>12</sln:wojIdTeryt><sln:wojNazwa>małopolskie</sln:wojNazwa></sln:miejscowosc><sln:miejscowosc><sln:cyklZyciaOd>2014-12-07T00:00:00+01:00</sln:cyklZyciaOd><sln:gmIIPId>f25e4eff-f6f3-43de-ab9a-9bbc1a10ed05</sln:gmIIPId><sln:gmIIPPn>PL.PZGIK.200</sln:gmIIPPn><sln:gmIIPWersja>2012-09-26T22:09:51+02:00</sln:gmIIPWersja><sln:gmIdTeryt>1207112</sln:gmIdTeryt><sln:gmNazwa>Słopnice</sln:gmNazwa><sln:miejscIIPId>0b01b564-2f9b-4d11-b013-adadbdbb056c</sln:miejscIIPId><sln:miejscIIPPn>PL.PZGIK.200</sln:miejscIIPPn><sln:miejscIIPWersja>2016-11-24T13:35:50+02:00</sln:miejscIIPWersja><sln:miejscIdTeryt>0467264</sln:miejscIdTeryt><sln:miejscNazwa>Piechotówka</sln:miejscNazwa><sln:miejscRodzaj>Inny obiekt</sln:miejscRodzaj><sln:powIIPId>8526b8c8-68f6-4c04-9098-9e7f03c3d15d</sln:powIIPId><sln:powIIPPn>PL.PZGIK.200</sln:powIIPPn><sln:powIIPWersja>2012-09-27T07:52:00+02:00</sln:powIIPWersja><sln:powIdTeryt>1207</sln:powIdTeryt><sln:powNazwa>limanowski</sln:powNazwa><sln:wojIIPId>dd2e3c64-f861-47cf-a3a3-e7751f272b2f</sln:wojIIPId><sln:wojIIPPn>PL.PZGIK.200</sln:wojIIPPn><sln:wojIIPWersja>2017-10-10T00:00:00+02:00</sln:wojIIPWersja><sln:wojIdTeryt>12</sln:wojIdTeryt><sln:wojNazwa>małopolskie</sln:wojNazwa></sln:miejscowosc><sln:miejscowosc><sln:cyklZyciaOd>2014-12-07T00:00:00+01:00</sln:cyklZyciaOd><sln:gmIIPId>f25e4eff-f6f3-43de-ab9a-9bbc1a10ed05</sln:gmIIPId><sln:gmIIPPn>PL.PZGIK.200</sln:gmIIPPn><sln:gmIIPWersja>2012-09-26T22:09:51+02:00</sln:gmIIPWersja><sln:gmIdTeryt>1207112</sln:gmIdTeryt><sln:gmNazwa>Słopnice</sln:gmNazwa><sln:miejscIIPId>3cfab0c1-2daf-48a5-9195-e5e25ff67ee4</sln:miejscIIPId><sln:miejscIIPPn>PL.PZGIK.200</sln:miejscIIPPn><sln:miejscIIPWersja>2016-11-24T13:47:06+02:00</sln:miejscIIPWersja><sln:miejscIdTeryt>0466974</sln:miejscIdTeryt><sln:miejscNazwa>Chochołówka</sln:miejscNazwa><sln:miejscRodzaj>Inny obiekt</sln:miejscRodzaj><sln:powIIPId>8526b8c8-68f6-4c04-9098-9e7f03c3d15d</sln:powIIPId><sln:powIIPPn>PL.PZGIK.200</sln:powIIPPn><sln:powIIPWersja>2012-09-27T07:52:00+02:00</sln:powIIPWersja><sln:powIdTeryt>1207</sln:powIdTeryt><sln:powNazwa>limanowski</sln:powNazwa><sln:wojIIPId>dd2e3c64-f861-47cf-a3a3-e7751f272b2f</sln:wojIIPId><sln:wojIIPPn>PL.PZGIK.200</sln:wojIIPPn><sln:wojIIPWersja>2017-10-10T00:00:00+02:00</sln:wojIIPWersja><sln:wojIdTeryt>12</sln:wojIdTeryt><sln:wojNazwa>małopolskie</sln:wojNazwa></sln:miejscowosc><sln:miejscowosc><sln:cyklZyciaOd>2014-12-07T00:00:00+01:00</sln:cyklZyciaOd><sln:gmIIPId>f25e4eff-f6f3-43de-ab9a-9bbc1a10ed05</sln:gmIIPId><sln:gmIIPPn>PL.PZGIK.200</sln:gmIIPPn><sln:gmIIPWersja>2012-09-26T22:09:51+02:00</sln:gmIIPWersja><sln:gmIdTeryt>1207112</sln:gmIdTeryt><sln:gmNazwa>Słopnice</sln:gmNazwa><sln:miejscIIPId>d167f119-7e81-4f40-af18-a3d0b4c0280a</sln:miejscIIPId><sln:miejscIIPPn>PL.PZGIK.200</sln:miejscIIPPn><sln:miejscIIPWersja>2016-11-24T13:47:06+02:00</sln:miejscIIPWersja><sln:miejscIdTeryt>0467420</sln:miejscIdTeryt><sln:miejscNazwa>Więcki</sln:miejscNazwa><sln:miejscRodzaj>Inny obiekt</sln:miejscRodzaj><sln:powIIPId>8526b8c8-68f6-4c04-9098-9e7f03c3d15d</sln:powIIPId><sln:powIIPPn>PL.PZGIK.200</sln:powIIPPn><sln:powIIPWersja>2012-09-27T07:52:00+02:00</sln:powIIPWersja><sln:powIdTeryt>1207</sln:powIdTeryt><sln:powNazwa>limanowski</sln:powNazwa><sln:wojIIPId>dd2e3c64-f861-47cf-a3a3-e7751f272b2f</sln:wojIIPId><sln:wojIIPPn>PL.PZGIK.200</sln:wojIIPPn><sln:wojIIPWersja>2017-10-10T00:00:00+02:00</sln:wojIIPWersja><sln:wojIdTeryt>12</sln:wojIdTeryt><sln:wojNazwa>małopolskie</sln:wojNazwa></sln:miejscowosc><sln:miejscowosc><sln:cyklZyciaOd>2014-12-07T00:00:00+01:00</sln:cyklZyciaOd><sln:gmIIPId>f25e4eff-f6f3-43de-ab9a-9bbc1a10ed05</sln:gmIIPId><sln:gmIIPPn>PL.PZGIK.200</sln:gmIIPPn><sln:gmIIPWersja>2012-09-26T22:09:51+02:00</sln:gmIIPWersja><sln:gmIdTeryt>1207112</sln:gmIdTeryt><sln:gmNazwa>Słopnice</sln:gmNazwa><sln:miejscIIPId>50264c12-b129-40b7-8632-54c21a7d396b</sln:miejscIIPId><sln:miejscIIPPn>PL.PZGIK.200</sln:miejscIIPPn><sln:miejscIIPWersja>2016-11-24T13:47:06+02:00</sln:miejscIIPWersja><sln:miejscIdTeryt>0467100</sln:miejscIdTeryt><sln:miejscNazwa>Granice</sln:miejscNazwa><sln:miejscRodzaj>Inny obiekt</sln:miejscRodzaj><sln:powIIPId>8526b8c8-68f6-4c04-9098-9e7f03c3d15d</sln:powIIPId><sln:powIIPPn>PL.PZGIK.200</sln:powIIPPn><sln:powIIPWersja>2012-09-27T07:52:00+02:00</sln:powIIPWersja><sln:powIdTeryt>1207</sln:powIdTeryt><sln:powNazwa>limanowski</sln:powNazwa><sln:wojIIPId>dd2e3c64-f861-47cf-a3a3-e7751f272b2f</sln:wojIIPId><sln:wojIIPPn>PL.PZGIK.200</sln:wojIIPPn><sln:wojIIPWersja>2017-10-10T00:00:00+02:00</sln:wojIIPWersja><sln:wojIdTeryt>12</sln:wojIdTeryt><sln:wojNazwa>małopolskie</sln:wojNazwa></sln:miejscowosc><sln:miejscowosc><sln:cyklZyciaOd>2014-12-07T00:00:00+01:00</sln:cyklZyciaOd><sln:gmIIPId>f25e4eff-f6f3-43de-ab9a-9bbc1a10ed05</sln:gmIIPId><sln:gmIIPPn>PL.PZGIK.200</sln:gmIIPPn><sln:gmIIPWersja>2012-09-26T22:09:51+02:00</sln:gmIIPWersja><sln:gmIdTeryt>1207112</sln:gmIdTeryt><sln:gmNazwa>Słopnice</sln:gmNazwa><sln:miejscIIPId>4dcaa642-dc96-4eea-b332-b826258957bc</sln:miejscIIPId><sln:miejscIIPPn>PL.PZGIK.200</sln:miejscIIPPn><sln:miejscIIPWersja>2016-11-24T13:47:06+02:00</sln:miejscIIPWersja><sln:miejscIdTeryt>0467034</sln:miejscIdTeryt><sln:miejscNazwa>Folwark</sln:miejscNazwa><sln:miejscRodzaj>Inny obiekt</sln:miejscRodzaj><sln:powIIPId>8526b8c8-68f6-4c04-9098-9e7f03c3d15d</sln:powIIPId><sln:powIIPPn>PL.PZGIK.200</sln:powIIPPn><sln:powIIPWersja>2012-09-27T07:52:00+02:00</sln:powIIPWersja><sln:powIdTeryt>1207</sln:powIdTeryt><sln:powNazwa>limanowski</sln:powNazwa><sln:wojIIPId>dd2e3c64-f861-47cf-a3a3-e7751f272b2f</sln:wojIIPId><sln:wojIIPPn>PL.PZGIK.200</sln:wojIIPPn><sln:wojIIPWersja>2017-10-10T00:00:00+02:00</sln:wojIIPWersja><sln:wojIdTeryt>12</sln:wojIdTeryt><sln:wojNazwa>małopolskie</sln:wojNazwa></sln:miejscowosc><sln:miejscowosc><sln:cyklZyciaOd>2014-12-07T00:00:00+01:00</sln:cyklZyciaOd><sln:gmIIPId>f25e4eff-f6f3-43de-ab9a-9bbc1a10ed05</sln:gmIIPId><sln:gmIIPPn>PL.PZGIK.200</sln:gmIIPPn><sln:gmIIPWersja>2012-09-26T22:09:51+02:00</sln:gmIIPWersja><sln:gmIdTeryt>1207112</sln:gmIdTeryt><sln:gmNazwa>Słopnice</sln:gmNazwa><sln:miejscIIPId>b1dc9471-b4e4-4e99-88a8-7e5cd505209e</sln:miejscIIPId><sln:miejscIIPPn>PL.PZGIK.200</sln:miejscIIPPn><sln:miejscIIPWersja>2016-11-24T13:47:06+02:00</sln:miejscIIPWersja><sln:miejscIdTeryt>0467413</sln:miejscIdTeryt><sln:miejscNazwa>Udzielówka</sln:miejscNazwa><sln:miejscRodzaj>Inny obiekt</sln:miejscRodzaj><sln:powIIPId>8526b8c8-68f6-4c04-9098-9e7f03c3d15d</sln:powIIPId><sln:powIIPPn>PL.PZGIK.200</sln:powIIPPn><sln:powIIPWersja>2012-09-27T07:52:00+02:00</sln:powIIPWersja><sln:powIdTeryt>1207</sln:powIdTeryt><sln:powNazwa>limanowski</sln:powNazwa><sln:wojIIPId>dd2e3c64-f861-47cf-a3a3-e7751f272b2f</sln:wojIIPId><sln:wojIIPPn>PL.PZGIK.200</sln:wojIIPPn><sln:wojIIPWersja>2017-10-10T00:00:00+02:00</sln:wojIIPWersja><sln:wojIdTeryt>12</sln:wojIdTeryt><sln:wojNazwa>małopolskie</sln:wojNazwa></sln:miejscowosc><sln:miejscowosc><sln:cyklZyciaOd>2014-12-07T00:00:00+01:00</sln:cyklZyciaOd><sln:gmIIPId>f25e4eff-f6f3-43de-ab9a-9bbc1a10ed05</sln:gmIIPId><sln:gmIIPPn>PL.PZGIK.200</sln:gmIIPPn><sln:gmIIPWersja>2012-09-26T22:09:51+02:00</sln:gmIIPWersja><sln:gmIdTeryt>1207112</sln:gmIdTeryt><sln:gmNazwa>Słopnice</sln:gmNazwa><sln:miejscIIPId>a610ba06-9c68-478d-9c14-802f88078d5f</sln:miejscIIPId><sln:miejscIIPPn>PL.PZGIK.200</sln:miejscIIPPn><sln:miejscIIPWersja>2016-11-24T13:47:06+02:00</sln:miejscIIPWersja><sln:miejscIdTeryt>0467063</sln:miejscIdTeryt><sln:miejscNazwa>Giemziki Górne</sln:miejscNazwa><sln:miejscRodzaj>Inny obiekt</sln:miejscRodzaj><sln:powIIPId>8526b8c8-68f6-4c04-9098-9e7f03c3d15d</sln:powIIPId><sln:powIIPPn>PL.PZGIK.200</sln:powIIPPn><sln:powIIPWersja>2012-09-27T07:52:00+02:00</sln:powIIPWersja><sln:powIdTeryt>1207</sln:powIdTeryt><sln:powNazwa>limanowski</sln:powNazwa><sln:wojIIPId>dd2e3c64-f861-47cf-a3a3-e7751f272b2f</sln:wojIIPId><sln:wojIIPPn>PL.PZGIK.200</sln:wojIIPPn><sln:wojIIPWersja>2017-10-10T00:00:00+02:00</sln:wojIIPWersja><sln:wojIdTeryt>12</sln:wojIdTeryt><sln:wojNazwa>małopolskie</sln:wojNazwa></sln:miejscowosc><sln:miejscowosc><sln:cyklZyciaOd>2014-12-07T00:00:00+01:00</sln:cyklZyciaOd><sln:gmIIPId>f25e4eff-f6f3-43de-ab9a-9bbc1a10ed05</sln:gmIIPId><sln:gmIIPPn>PL.PZGIK.200</sln:gmIIPPn><sln:gmIIPWersja>2012-09-26T22:09:51+02:00</sln:gmIIPWersja><sln:gmIdTeryt>1207112</sln:gmIdTeryt><sln:gmNazwa>Słopnice</sln:gmNazwa><sln:miejscIIPId>1b5b35d0-83e3-4c8c-a9cb-263216b57288</sln:miejscIIPId><sln:miejscIIPPn>PL.PZGIK.200</sln:miejscIIPPn><sln:miejscIIPWersja>2016-11-24T13:47:06+02:00</sln:miejscIIPWersja><sln:miejscIdTeryt>0467488</sln:miejscIdTeryt><sln:miejscNazwa>Zapotok</sln:miejscNazwa><sln:miejscRodzaj>Inny obiekt</sln:miejscRodzaj><sln:powIIPId>8526b8c8-68f6-4c04-9098-9e7f03c3d15d</sln:powIIPId><sln:powIIPPn>PL.PZGIK.200</sln:powIIPPn><sln:powIIPWersja>2012-09-27T07:52:00+02:00</sln:powIIPWersja><sln:powIdTeryt>1207</sln:powIdTeryt><sln:powNazwa>limanowski</sln:powNazwa><sln:wojIIPId>dd2e3c64-f861-47cf-a3a3-e7751f272b2f</sln:wojIIPId><sln:wojIIPPn>PL.PZGIK.200</sln:wojIIPPn><sln:wojIIPWersja>2017-10-10T00:00:00+02:00</sln:wojIIPWersja><sln:wojIdTeryt>12</sln:wojIdTeryt><sln:wojNazwa>małopolskie</sln:wojNazwa></sln:miejscowosc></sln:lista-miejscowosci>