<?xml version="1.0" encoding="UTF-8" standalone="yes"?><sln:lista-miejscowosci xmlns:srv="http://gugik.gov.pl/schemas/slowniki-service/1.0" xmlns:sln="http://gugik.gov.pl/schemas/slowniki-schema/1.0"><sln:miejscowosc><sln:cyklZyciaOd>2014-12-07T00:00:00+01:00</sln:cyklZyciaOd><sln:gmIIPId>00c6a160-c255-4eb2-acbf-fc3156226b9f</sln:gmIIPId><sln:gmIIPPn>PL.PZGIK.200</sln:gmIIPPn><sln:gmIIPWersja>2012-09-26T22:12:02+02:00</sln:gmIIPWersja><sln:gmIdTeryt>1215021</sln:gmIdTeryt><sln:gmNazwa>Sucha Beskidzka</sln:gmNazwa><sln:miejscIIPId>1f4c7dad-de16-4446-a768-8078dc10b0c9</sln:miejscIIPId><sln:miejscIIPPn>PL.PZGIK.200</sln:miejscIIPPn><sln:miejscIIPWersja>2016-11-24T13:47:38+02:00</sln:miejscIIPWersja><sln:miejscIdTeryt>0925554</sln:miejscIdTeryt><sln:miejscNazwa>Kubasy</sln:miejscNazwa><sln:miejscRodzaj>Inny obiekt</sln:miejscRodzaj><sln:powIIPId>449427a1-a4c0-468a-b0ac-8da55c551398</sln:powIIPId><sln:powIIPPn>PL.PZGIK.200</sln:powIIPPn><sln:powIIPWersja>2017-10-10T00:00:00+02:00</sln:powIIPWersja><sln:powIdTeryt>1215</sln:powIdTeryt><sln:powNazwa>suski</sln:powNazwa><sln:wojIIPId>dd2e3c64-f861-47cf-a3a3-e7751f272b2f</sln:wojIIPId><sln:wojIIPPn>PL.PZGIK.200</sln:wojIIPPn><sln:wojIIPWersja>2017-10-10T00:00:00+02:00</sln:wojIIPWersja><sln:wojIdTeryt>12</sln:wojIdTeryt><sln:wojNazwa>małopolskie</sln:wojNazwa></sln:miejscowosc><sln:miejscowosc><sln:cyklZyciaOd>2014-12-07T00:00:00+01:00</sln:cyklZyciaOd><sln:gmIIPId>00c6a160-c255-4eb2-acbf-fc3156226b9f</sln:gmIIPId><sln:gmIIPPn>PL.PZGIK.200</sln:gmIIPPn><sln:gmIIPWersja>2012-09-26T22:12:02+02:00</sln:gmIIPWersja><sln:gmIdTeryt>1215021</sln:gmIdTeryt><sln:gmNazwa>Sucha Beskidzka</sln:gmNazwa><sln:miejscIIPId>979f7ea0-5312-462d-9e15-b8b738f42f70</sln:miejscIIPId><sln:miejscIIPPn>PL.PZGIK.200</sln:miejscIIPPn><sln:miejscIIPWersja>2016-11-24T13:47:38+02:00</sln:miejscIIPWersja><sln:miejscIdTeryt>0925637</sln:miejscIdTeryt><sln:miejscNazwa>Matuszki</sln:miejscNazwa><sln:miejscRodzaj>Inny obiekt</sln:miejscRodzaj><sln:powIIPId>449427a1-a4c0-468a-b0ac-8da55c551398</sln:powIIPId><sln:powIIPPn>PL.PZGIK.200</sln:powIIPPn><sln:powIIPWersja>2017-10-10T00:00:00+02:00</sln:powIIPWersja><sln:powIdTeryt>1215</sln:powIdTeryt><sln:powNazwa>suski</sln:powNazwa><sln:wojIIPId>dd2e3c64-f861-47cf-a3a3-e7751f272b2f</sln:wojIIPId><sln:wojIIPPn>PL.PZGIK.200</sln:wojIIPPn><sln:wojIIPWersja>2017-10-10T00:00:00+02:00</sln:wojIIPWersja><sln:wojIdTeryt>12</sln:wojIdTeryt><sln:wojNazwa>małopolskie</sln:wojNazwa></sln:miejscowosc><sln:miejscowosc><sln:cyklZyciaOd>2014-12-07T00:00:00+01:00</sln:cyklZyciaOd><sln:gmIIPId>00c6a160-c255-4eb2-acbf-fc3156226b9f</sln:gmIIPId><sln:gmIIPPn>PL.PZGIK.200</sln:gmIIPPn><sln:gmIIPWersja>2012-09-26T22:12:02+02:00</sln:gmIIPWersja><sln:gmIdTeryt>1215021</sln:gmIdTeryt><sln:gmNazwa>Sucha Beskidzka</sln:gmNazwa><sln:miejscIIPId>c6583100-d1a7-493e-bc53-1730af20ad36</sln:miejscIIPId><sln:miejscIIPPn>PL.PZGIK.200</sln:miejscIIPPn><sln:miejscIIPWersja>2016-11-24T13:47:38+02:00</sln:miejscIIPWersja><sln:miejscIdTeryt>0925330</sln:miejscIdTeryt><sln:miejscNazwa>Bogdanówka</sln:miejscNazwa><sln:miejscRodzaj>Inny obiekt</sln:miejscRodzaj><sln:powIIPId>449427a1-a4c0-468a-b0ac-8da55c551398</sln:powIIPId><sln:powIIPPn>PL.PZGIK.200</sln:powIIPPn><sln:powIIPWersja>2017-10-10T00:00:00+02:00</sln:powIIPWersja><sln:powIdTeryt>1215</sln:powIdTeryt><sln:powNazwa>suski</sln:powNazwa><sln:wojIIPId>dd2e3c64-f861-47cf-a3a3-e7751f272b2f</sln:wojIIPId><sln:wojIIPPn>PL.PZGIK.200</sln:wojIIPPn><sln:wojIIPWersja>2017-10-10T00:00:00+02:00</sln:wojIIPWersja><sln:wojIdTeryt>12</sln:wojIdTeryt><sln:wojNazwa>małopolskie</sln:wojNazwa></sln:miejscowosc><sln:miejscowosc><sln:cyklZyciaOd>2014-12-07T00:00:00+01:00</sln:cyklZyciaOd><sln:gmIIPId>00c6a160-c255-4eb2-acbf-fc3156226b9f</sln:gmIIPId><sln:gmIIPPn>PL.PZGIK.200</sln:gmIIPPn><sln:gmIIPWersja>2012-09-26T22:12:02+02:00</sln:gmIIPWersja><sln:gmIdTeryt>1215021</sln:gmIdTeryt><sln:gmNazwa>Sucha Beskidzka</sln:gmNazwa><sln:miejscIIPId>3936af77-bf93-40f6-963c-90b1f6055d8b</sln:miejscIIPId><sln:miejscIIPPn>PL.PZGIK.200</sln:miejscIIPPn><sln:miejscIIPWersja>2016-11-24T13:47:38+02:00</sln:miejscIIPWersja><sln:miejscIdTeryt>0925672</sln:miejscIdTeryt><sln:miejscNazwa>Podksięże</sln:miejscNazwa><sln:miejscRodzaj>Inny obiekt</sln:miejscRodzaj><sln:powIIPId>449427a1-a4c0-468a-b0ac-8da55c551398</sln:powIIPId><sln:powIIPPn>PL.PZGIK.200</sln:powIIPPn><sln:powIIPWersja>2017-10-10T00:00:00+02:00</sln:powIIPWersja><sln:powIdTeryt>1215</sln:powIdTeryt><sln:powNazwa>suski</sln:powNazwa><sln:wojIIPId>dd2e3c64-f861-47cf-a3a3-e7751f272b2f</sln:wojIIPId><sln:wojIIPPn>PL.PZGIK.200</sln:wojIIPPn><sln:wojIIPWersja>2017-10-10T00:00:00+02:00</sln:wojIIPWersja><sln:wojIdTeryt>12</sln:wojIdTeryt><sln:wojNazwa>małopolskie</sln:wojNazwa></sln:miejscowosc><sln:miejscowosc><sln:cyklZyciaOd>2014-12-07T00:00:00+01:00</sln:cyklZyciaOd><sln:gmIIPId>00c6a160-c255-4eb2-acbf-fc3156226b9f</sln:gmIIPId><sln:gmIIPPn>PL.PZGIK.200</sln:gmIIPPn><sln:gmIIPWersja>2012-09-26T22:12:02+02:00</sln:gmIIPWersja><sln:gmIdTeryt>1215021</sln:gmIdTeryt><sln:gmNazwa>Sucha Beskidzka</sln:gmNazwa><sln:miejscIIPId>8c5cdf80-2123-4f3a-9136-8e6113045a5d</sln:miejscIIPId><sln:miejscIIPPn>PL.PZGIK.200</sln:miejscIIPPn><sln:miejscIIPWersja>2016-11-24T13:47:38+02:00</sln:miejscIIPWersja><sln:miejscIdTeryt>0925407</sln:miejscIdTeryt><sln:miejscNazwa>Hyrby</sln:miejscNazwa><sln:miejscRodzaj>Inny obiekt</sln:miejscRodzaj><sln:powIIPId>449427a1-a4c0-468a-b0ac-8da55c551398</sln:powIIPId><sln:powIIPPn>PL.PZGIK.200</sln:powIIPPn><sln:powIIPWersja>2017-10-10T00:00:00+02:00</sln:powIIPWersja><sln:powIdTeryt>1215</sln:powIdTeryt><sln:powNazwa>suski</sln:powNazwa><sln:wojIIPId>dd2e3c64-f861-47cf-a3a3-e7751f272b2f</sln:wojIIPId><sln:wojIIPPn>PL.PZGIK.200</sln:wojIIPPn><sln:wojIIPWersja>2017-10-10T00:00:00+02:00</sln:wojIIPWersja><sln:wojIdTeryt>12</sln:wojIdTeryt><sln:wojNazwa>małopolskie</sln:wojNazwa></sln:miejscowosc><sln:miejscowosc><sln:cyklZyciaDo>2017-10-03T00:00:00+02:00</sln:cyklZyciaDo><sln:cyklZyciaOd>2014-12-07T00:00:00+01:00</sln:cyklZyciaOd><sln:gmIIPId>00c6a160-c255-4eb2-acbf-fc3156226b9f</sln:gmIIPId><sln:gmIIPPn>PL.PZGIK.200</sln:gmIIPPn><sln:gmIIPWersja>2012-09-26T22:12:02+02:00</sln:gmIIPWersja><sln:gmIdTeryt>1215021</sln:gmIdTeryt><sln:gmNazwa>Sucha Beskidzka</sln:gmNazwa><sln:miejscIIPId>9e2cfa32-247f-45a8-a2df-82235804be01</sln:miejscIIPId><sln:miejscIIPPn>PL.PZGIK.200</sln:miejscIIPPn><sln:miejscIIPWersja>2016-11-24T13:47:38+02:00</sln:miejscIIPWersja><sln:miejscIdTeryt>0925459</sln:miejscIdTeryt><sln:miejscNazwa>Józefy</sln:miejscNazwa><sln:miejscRodzaj>Inny obiekt</sln:miejscRodzaj><sln:powIIPId>449427a1-a4c0-468a-b0ac-8da55c551398</sln:powIIPId><sln:powIIPPn>PL.PZGIK.200</sln:powIIPPn><sln:powIIPWersja>2017-10-10T00:00:00+02:00</sln:powIIPWersja><sln:powIdTeryt>1215</sln:powIdTeryt><sln:powNazwa>suski</sln:powNazwa><sln:wojIIPId>dd2e3c64-f861-47cf-a3a3-e7751f272b2f</sln:wojIIPId><sln:wojIIPPn>PL.PZGIK.200</sln:wojIIPPn><sln:wojIIPWersja>2017-10-10T00:00:00+02:00</sln:wojIIPWersja><sln:wojIdTeryt>12</sln:wojIdTeryt><sln:wojNazwa>małopolskie</sln:wojNazwa></sln:miejscowosc><sln:miejscowosc><sln:cyklZyciaOd>2014-12-07T00:00:00+01:00</sln:cyklZyciaOd><sln:gmIIPId>00c6a160-c255-4eb2-acbf-fc3156226b9f</sln:gmIIPId><sln:gmIIPPn>PL.PZGIK.200</sln:gmIIPPn><sln:gmIIPWersja>2012-09-26T22:12:02+02:00</sln:gmIIPWersja><sln:gmIdTeryt>1215021</sln:gmIdTeryt><sln:gmNazwa>Sucha Beskidzka</sln:gmNazwa><sln:miejscIIPId>130c33ef-d09f-425e-9826-090ac80cea3b</sln:miejscIIPId><sln:miejscIIPPn>PL.PZGIK.200</sln:miejscIIPPn><sln:miejscIIPWersja>2016-11-24T13:47:38+02:00</sln:miejscIIPWersja><sln:miejscIdTeryt>0925666</sln:miejscIdTeryt><sln:miejscNazwa>Pikieta</sln:miejscNazwa><sln:miejscRodzaj>Inny obiekt</sln:miejscRodzaj><sln:powIIPId>449427a1-a4c0-468a-b0ac-8da55c551398</sln:powIIPId><sln:powIIPPn>PL.PZGIK.200</sln:powIIPPn><sln:powIIPWersja>2017-10-10T00:00:00+02:00</sln:powIIPWersja><sln:powIdTeryt>1215</sln:powIdTeryt><sln:powNazwa>suski</sln:powNazwa><sln:wojIIPId>dd2e3c64-f861-47cf-a3a3-e7751f272b2f</sln:wojIIPId><sln:wojIIPPn>PL.PZGIK.200</sln:wojIIPPn><sln:wojIIPWersja>2017-10-10T00:00:00+02:00</sln:wojIIPWersja><sln:wojIdTeryt>12</sln:wojIdTeryt><sln:wojNazwa>małopolskie</sln:wojNazwa></sln:miejscowosc><sln:miejscowosc><sln:cyklZyciaOd>2014-12-07T00:00:00+01:00</sln:cyklZyciaOd><sln:gmIIPId>00c6a160-c255-4eb2-acbf-fc3156226b9f</sln:gmIIPId><sln:gmIIPPn>PL.PZGIK.200</sln:gmIIPPn><sln:gmIIPWersja>2012-09-26T22:12:02+02:00</sln:gmIIPWersja><sln:gmIdTeryt>1215021</sln:gmIdTeryt><sln:gmNazwa>Sucha Beskidzka</sln:gmNazwa><sln:miejscIIPId>3ebf280d-e2f6-4db9-9b7f-20c9a00c07b3</sln:miejscIIPId><sln:miejscIIPPn>PL.PZGIK.200</sln:miejscIIPPn><sln:miejscIIPWersja>2016-11-24T13:47:38+02:00</sln:miejscIIPWersja><sln:miejscIdTeryt>0925784</sln:miejscIdTeryt><sln:miejscNazwa>Wajdówka</sln:miejscNazwa><sln:miejscRodzaj>Inny obiekt</sln:miejscRodzaj><sln:powIIPId>449427a1-a4c0-468a-b0ac-8da55c551398</sln:powIIPId><sln:powIIPPn>PL.PZGIK.200</sln:powIIPPn><sln:powIIPWersja>2017-10-10T00:00:00+02:00</sln:powIIPWersja><sln:powIdTeryt>1215</sln:powIdTeryt><sln:powNazwa>suski</sln:powNazwa><sln:wojIIPId>dd2e3c64-f861-47cf-a3a3-e7751f272b2f</sln:wojIIPId><sln:wojIIPPn>PL.PZGIK.200</sln:wojIIPPn><sln:wojIIPWersja>2017-10-10T00:00:00+02:00</sln:wojIIPWersja><sln:wojIdTeryt>12</sln:wojIdTeryt><sln:wojNazwa>małopolskie</sln:wojNazwa></sln:miejscowosc><sln:miejscowosc><sln:cyklZyciaOd>2014-12-07T00:00:00+01:00</sln:cyklZyciaOd><sln:gmIIPId>00c6a160-c255-4eb2-acbf-fc3156226b9f</sln:gmIIPId><sln:gmIIPPn>PL.PZGIK.200</sln:gmIIPPn><sln:gmIIPWersja>2012-09-26T22:12:02+02:00</sln:gmIIPWersja><sln:gmIdTeryt>1215021</sln:gmIdTeryt><sln:gmNazwa>Sucha Beskidzka</sln:gmNazwa><sln:miejscIIPId>107415f8-a218-4516-8a67-8a3d68f98520</sln:miejscIIPId><sln:miejscIIPPn>PL.PZGIK.200</sln:miejscIIPPn><sln:miejscIIPWersja>2016-11-24T13:47:38+02:00</sln:miejscIIPWersja><sln:miejscIdTeryt>0925590</sln:miejscIdTeryt><sln:miejscNazwa>Lenarty</sln:miejscNazwa><sln:miejscRodzaj>Inny obiekt</sln:miejscRodzaj><sln:powIIPId>449427a1-a4c0-468a-b0ac-8da55c551398</sln:powIIPId><sln:powIIPPn>PL.PZGIK.200</sln:powIIPPn><sln:powIIPWersja>2017-10-10T00:00:00+02:00</sln:powIIPWersja><sln:powIdTeryt>1215</sln:powIdTeryt><sln:powNazwa>suski</sln:powNazwa><sln:wojIIPId>dd2e3c64-f861-47cf-a3a3-e7751f272b2f</sln:wojIIPId><sln:wojIIPPn>PL.PZGIK.200</sln:wojIIPPn><sln:wojIIPWersja>2017-10-10T00:00:00+02:00</sln:wojIIPWersja><sln:wojIdTeryt>12</sln:wojIdTeryt><sln:wojNazwa>małopolskie</sln:wojNazwa></sln:miejscowosc><sln:miejscowosc><sln:cyklZyciaOd>2014-12-07T00:00:00+01:00</sln:cyklZyciaOd><sln:gmIIPId>00c6a160-c255-4eb2-acbf-fc3156226b9f</sln:gmIIPId><sln:gmIIPPn>PL.PZGIK.200</sln:gmIIPPn><sln:gmIIPWersja>2012-09-26T22:12:02+02:00</sln:gmIIPWersja><sln:gmIdTeryt>1215021</sln:gmIdTeryt><sln:gmNazwa>Sucha Beskidzka</sln:gmNazwa><sln:miejscIIPId>f6871df1-0d73-44fb-9c8c-2ad529d66f35</sln:miejscIIPId><sln:miejscIIPPn>PL.PZGIK.200</sln:miejscIIPPn><sln:miejscIIPWersja>2016-11-24T13:47:38+02:00</sln:miejscIIPWersja><sln:miejscIdTeryt>0925778</sln:miejscIdTeryt><sln:miejscNazwa>U Burego</sln:miejscNazwa><sln:miejscRodzaj>Inny obiekt</sln:miejscRodzaj><sln:powIIPId>449427a1-a4c0-468a-b0ac-8da55c551398</sln:powIIPId><sln:powIIPPn>PL.PZGIK.200</sln:powIIPPn><sln:powIIPWersja>2017-10-10T00:00:00+02:00</sln:powIIPWersja><sln:powIdTeryt>1215</sln:powIdTeryt><sln:powNazwa>suski</sln:powNazwa><sln:wojIIPId>dd2e3c64-f861-47cf-a3a3-e7751f272b2f</sln:wojIIPId><sln:wojIIPPn>PL.PZGIK.200</sln:wojIIPPn><sln:wojIIPWersja>2017-10-10T00:00:00+02:00</sln:wojIIPWersja><sln:wojIdTeryt>12</sln:wojIdTeryt><sln:wojNazwa>małopolskie</sln:wojNazwa></sln:miejscowosc><sln:miejscowosc><sln:cyklZyciaDo>2017-08-23T00:00:00+02:00</sln:cyklZyciaDo><sln:cyklZyciaOd>2014-12-07T00:00:00+01:00</sln:cyklZyciaOd><sln:gmIIPId>00c6a160-c255-4eb2-acbf-fc3156226b9f</sln:gmIIPId><sln:gmIIPPn>PL.PZGIK.200</sln:gmIIPPn><sln:gmIIPWersja>2012-09-26T22:12:02+02:00</sln:gmIIPWersja><sln:gmIdTeryt>1215021</sln:gmIdTeryt><sln:gmNazwa>Sucha Beskidzka</sln:gmNazwa><sln:miejscIIPId>a03cc976-a1e8-4609-ab47-99aaca1fc98c</sln:miejscIIPId><sln:miejscIIPPn>PL.PZGIK.200</sln:miejscIIPPn><sln:miejscIIPWersja>2016-11-24T13:47:38+02:00</sln:miejscIIPWersja><sln:miejscIdTeryt>0925531</sln:miejscIdTeryt><sln:miejscNazwa>Książki</sln:miejscNazwa><sln:miejscRodzaj>Inny obiekt</sln:miejscRodzaj><sln:powIIPId>449427a1-a4c0-468a-b0ac-8da55c551398</sln:powIIPId><sln:powIIPPn>PL.PZGIK.200</sln:powIIPPn><sln:powIIPWersja>2017-10-10T00:00:00+02:00</sln:powIIPWersja><sln:powIdTeryt>1215</sln:powIdTeryt><sln:powNazwa>suski</sln:powNazwa><sln:wojIIPId>dd2e3c64-f861-47cf-a3a3-e7751f272b2f</sln:wojIIPId><sln:wojIIPPn>PL.PZGIK.200</sln:wojIIPPn><sln:wojIIPWersja>2017-10-10T00:00:00+02:00</sln:wojIIPWersja><sln:wojIdTeryt>12</sln:wojIdTeryt><sln:wojNazwa>małopolskie</sln:wojNazwa></sln:miejscowosc><sln:miejscowosc><sln:cyklZyciaDo>2017-08-23T00:00:00+02:00</sln:cyklZyciaDo><sln:cyklZyciaOd>2014-12-07T00:00:00+01:00</sln:cyklZyciaOd><sln:gmIIPId>00c6a160-c255-4eb2-acbf-fc3156226b9f</sln:gmIIPId><sln:gmIIPPn>PL.PZGIK.200</sln:gmIIPPn><sln:gmIIPWersja>2012-09-26T22:12:02+02:00</sln:gmIIPWersja><sln:gmIdTeryt>1215021</sln:gmIdTeryt><sln:gmNazwa>Sucha Beskidzka</sln:gmNazwa><sln:miejscIIPId>bb8962a7-9b20-4b1b-a235-02d05064273a</sln:miejscIIPId><sln:miejscIIPPn>PL.PZGIK.200</sln:miejscIIPPn><sln:miejscIIPWersja>2016-11-24T13:47:38+02:00</sln:miejscIIPWersja><sln:miejscIdTeryt>0925360</sln:miejscIdTeryt><sln:miejscNazwa>Dulskówka</sln:miejscNazwa><sln:miejscRodzaj>Inny obiekt</sln:miejscRodzaj><sln:powIIPId>449427a1-a4c0-468a-b0ac-8da55c551398</sln:powIIPId><sln:powIIPPn>PL.PZGIK.200</sln:powIIPPn><sln:powIIPWersja>2017-10-10T00:00:00+02:00</sln:powIIPWersja><sln:powIdTeryt>1215</sln:powIdTeryt><sln:powNazwa>suski</sln:powNazwa><sln:wojIIPId>dd2e3c64-f861-47cf-a3a3-e7751f272b2f</sln:wojIIPId><sln:wojIIPPn>PL.PZGIK.200</sln:wojIIPPn><sln:wojIIPWersja>2017-10-10T00:00:00+02:00</sln:wojIIPWersja><sln:wojIdTeryt>12</sln:wojIdTeryt><sln:wojNazwa>małopolskie</sln:wojNazwa></sln:miejscowosc><sln:miejscowosc><sln:cyklZyciaOd>2014-12-07T00:00:00+01:00</sln:cyklZyciaOd><sln:gmIIPId>00c6a160-c255-4eb2-acbf-fc3156226b9f</sln:gmIIPId><sln:gmIIPPn>PL.PZGIK.200</sln:gmIIPPn><sln:gmIIPWersja>2012-09-26T22:12:02+02:00</sln:gmIIPWersja><sln:gmIdTeryt>1215021</sln:gmIdTeryt><sln:gmNazwa>Sucha Beskidzka</sln:gmNazwa><sln:miejscIIPId>d7e2808c-0ae6-4812-94f8-92ca0bdccf44</sln:miejscIIPId><sln:miejscIIPPn>PL.PZGIK.200</sln:miejscIIPPn><sln:miejscIIPWersja>2016-11-24T13:28:00+02:00</sln:miejscIIPWersja><sln:miejscIdTeryt>0925318</sln:miejscIdTeryt><sln:miejscNazwa>Błachuty</sln:miejscNazwa><sln:miejscRodzaj>Inny obiekt</sln:miejscRodzaj><sln:powIIPId>449427a1-a4c0-468a-b0ac-8da55c551398</sln:powIIPId><sln:powIIPPn>PL.PZGIK.200</sln:powIIPPn><sln:powIIPWersja>2017-10-10T00:00:00+02:00</sln:powIIPWersja><sln:powIdTeryt>1215</sln:powIdTeryt><sln:powNazwa>suski</sln:powNazwa><sln:wojIIPId>dd2e3c64-f861-47cf-a3a3-e7751f272b2f</sln:wojIIPId><sln:wojIIPPn>PL.PZGIK.200</sln:wojIIPPn><sln:wojIIPWersja>2017-10-10T00:00:00+02:00</sln:wojIIPWersja><sln:wojIdTeryt>12</sln:wojIdTeryt><sln:wojNazwa>małopolskie</sln:wojNazwa></sln:miejscowosc><sln:miejscowosc><sln:cyklZyciaOd>2014-12-07T00:00:00+01:00</sln:cyklZyciaOd><sln:gmIIPId>00c6a160-c255-4eb2-acbf-fc3156226b9f</sln:gmIIPId><sln:gmIIPPn>PL.PZGIK.200</sln:gmIIPPn><sln:gmIIPWersja>2012-09-26T22:12:02+02:00</sln:gmIIPWersja><sln:gmIdTeryt>1215021</sln:gmIdTeryt><sln:gmNazwa>Sucha Beskidzka</sln:gmNazwa><sln:miejscIIPId>fb615e78-3a57-473d-abd6-ba8cc53befab</sln:miejscIIPId><sln:miejscIIPPn>PL.PZGIK.200</sln:miejscIIPPn><sln:miejscIIPWersja>2016-11-24T13:47:38+02:00</sln:miejscIIPWersja><sln:miejscIdTeryt>0925560</sln:miejscIdTeryt><sln:miejscNazwa>Kułasówka</sln:miejscNazwa><sln:miejscRodzaj>Inny obiekt</sln:miejscRodzaj><sln:powIIPId>449427a1-a4c0-468a-b0ac-8da55c551398</sln:powIIPId><sln:powIIPPn>PL.PZGIK.200</sln:powIIPPn><sln:powIIPWersja>2017-10-10T00:00:00+02:00</sln:powIIPWersja><sln:powIdTeryt>1215</sln:powIdTeryt><sln:powNazwa>suski</sln:powNazwa><sln:wojIIPId>dd2e3c64-f861-47cf-a3a3-e7751f272b2f</sln:wojIIPId><sln:wojIIPPn>PL.PZGIK.200</sln:wojIIPPn><sln:wojIIPWersja>2017-10-10T00:00:00+02:00</sln:wojIIPWersja><sln:wojIdTeryt>12</sln:wojIdTeryt><sln:wojNazwa>małopolskie</sln:wojNazwa></sln:miejscowosc><sln:miejscowosc><sln:cyklZyciaOd>2014-12-07T00:00:00+01:00</sln:cyklZyciaOd><sln:gmIIPId>00c6a160-c255-4eb2-acbf-fc3156226b9f</sln:gmIIPId><sln:gmIIPPn>PL.PZGIK.200</sln:gmIIPPn><sln:gmIIPWersja>2012-09-26T22:12:02+02:00</sln:gmIIPWersja><sln:gmIdTeryt>1215021</sln:gmIdTeryt><sln:gmNazwa>Sucha Beskidzka</sln:gmNazwa><sln:miejscIIPId>9dbeeaab-0a34-4a57-8b1d-179b5092a8de</sln:miejscIIPId><sln:miejscIIPPn>PL.PZGIK.200</sln:miejscIIPPn><sln:miejscIIPWersja>2016-11-24T13:47:38+02:00</sln:miejscIIPWersja><sln:miejscIdTeryt>0925809</sln:miejscIdTeryt><sln:miejscNazwa>Za Wodą</sln:miejscNazwa><sln:miejscRodzaj>Inny obiekt</sln:miejscRodzaj><sln:powIIPId>449427a1-a4c0-468a-b0ac-8da55c551398</sln:powIIPId><sln:powIIPPn>PL.PZGIK.200</sln:powIIPPn><sln:powIIPWersja>2017-10-10T00:00:00+02:00</sln:powIIPWersja><sln:powIdTeryt>1215</sln:powIdTeryt><sln:powNazwa>suski</sln:powNazwa><sln:wojIIPId>dd2e3c64-f861-47cf-a3a3-e7751f272b2f</sln:wojIIPId><sln:wojIIPPn>PL.PZGIK.200</sln:wojIIPPn><sln:wojIIPWersja>2017-10-10T00:00:00+02:00</sln:wojIIPWersja><sln:wojIdTeryt>12</sln:wojIdTeryt><sln:wojNazwa>małopolskie</sln:wojNazwa></sln:miejscowosc><sln:miejscowosc><sln:cyklZyciaOd>2014-12-07T00:00:00+01:00</sln:cyklZyciaOd><sln:gmIIPId>00c6a160-c255-4eb2-acbf-fc3156226b9f</sln:gmIIPId><sln:gmIIPPn>PL.PZGIK.200</sln:gmIIPPn><sln:gmIIPWersja>2012-09-26T22:12:02+02:00</sln:gmIIPWersja><sln:gmIdTeryt>1215021</sln:gmIdTeryt><sln:gmNazwa>Sucha Beskidzka</sln:gmNazwa><sln:miejscIIPId>92778bbd-bb68-4abd-a3b9-1130b1b21f6d</sln:miejscIIPId><sln:miejscIIPPn>PL.PZGIK.200</sln:miejscIIPPn><sln:miejscIIPWersja>2016-11-24T13:47:38+02:00</sln:miejscIIPWersja><sln:miejscIdTeryt>0925620</sln:miejscIdTeryt><sln:miejscNazwa>Mamczarzów</sln:miejscNazwa><sln:miejscRodzaj>Inny obiekt</sln:miejscRodzaj><sln:powIIPId>449427a1-a4c0-468a-b0ac-8da55c551398</sln:powIIPId><sln:powIIPPn>PL.PZGIK.200</sln:powIIPPn><sln:powIIPWersja>2017-10-10T00:00:00+02:00</sln:powIIPWersja><sln:powIdTeryt>1215</sln:powIdTeryt><sln:powNazwa>suski</sln:powNazwa><sln:wojIIPId>dd2e3c64-f861-47cf-a3a3-e7751f272b2f</sln:wojIIPId><sln:wojIIPPn>PL.PZGIK.200</sln:wojIIPPn><sln:wojIIPWersja>2017-10-10T00:00:00+02:00</sln:wojIIPWersja><sln:wojIdTeryt>12</sln:wojIdTeryt><sln:wojNazwa>małopolskie</sln:wojNazwa></sln:miejscowosc><sln:miejscowosc><sln:cyklZyciaOd>2014-12-07T00:00:00+01:00</sln:cyklZyciaOd><sln:gmIIPId>00c6a160-c255-4eb2-acbf-fc3156226b9f</sln:gmIIPId><sln:gmIIPPn>PL.PZGIK.200</sln:gmIIPPn><sln:gmIIPWersja>2012-09-26T22:12:02+02:00</sln:gmIIPWersja><sln:gmIdTeryt>1215021</sln:gmIdTeryt><sln:gmNazwa>Sucha Beskidzka</sln:gmNazwa><sln:miejscIIPId>37b754f5-64da-4a44-ae89-e78d97cc0096</sln:miejscIIPId><sln:miejscIIPPn>PL.PZGIK.200</sln:miejscIIPPn><sln:miejscIIPWersja>2016-11-24T13:47:38+02:00</sln:miejscIIPWersja><sln:miejscIdTeryt>0925761</sln:miejscIdTeryt><sln:miejscNazwa>Śpiwle</sln:miejscNazwa><sln:miejscRodzaj>Inny obiekt</sln:miejscRodzaj><sln:powIIPId>449427a1-a4c0-468a-b0ac-8da55c551398</sln:powIIPId><sln:powIIPPn>PL.PZGIK.200</sln:powIIPPn><sln:powIIPWersja>2017-10-10T00:00:00+02:00</sln:powIIPWersja><sln:powIdTeryt>1215</sln:powIdTeryt><sln:powNazwa>suski</sln:powNazwa><sln:wojIIPId>dd2e3c64-f861-47cf-a3a3-e7751f272b2f</sln:wojIIPId><sln:wojIIPPn>PL.PZGIK.200</sln:wojIIPPn><sln:wojIIPWersja>2017-10-10T00:00:00+02:00</sln:wojIIPWersja><sln:wojIdTeryt>12</sln:wojIdTeryt><sln:wojNazwa>małopolskie</sln:wojNazwa></sln:miejscowosc><sln:miejscowosc><sln:cyklZyciaOd>2014-12-07T00:00:00+01:00</sln:cyklZyciaOd><sln:gmIIPId>00c6a160-c255-4eb2-acbf-fc3156226b9f</sln:gmIIPId><sln:gmIIPPn>PL.PZGIK.200</sln:gmIIPPn><sln:gmIIPWersja>2012-09-26T22:12:02+02:00</sln:gmIIPWersja><sln:gmIdTeryt>1215021</sln:gmIdTeryt><sln:gmNazwa>Sucha Beskidzka</sln:gmNazwa><sln:miejscIIPId>4e7e1727-e098-48fd-95f9-e6144e8439ac</sln:miejscIIPId><sln:miejscIIPPn>PL.PZGIK.200</sln:miejscIIPPn><sln:miejscIIPWersja>2016-11-24T13:47:38+02:00</sln:miejscIIPWersja><sln:miejscIdTeryt>0925382</sln:miejscIdTeryt><sln:miejscNazwa>Garce</sln:miejscNazwa><sln:miejscRodzaj>Inny obiekt</sln:miejscRodzaj><sln:powIIPId>449427a1-a4c0-468a-b0ac-8da55c551398</sln:powIIPId><sln:powIIPPn>PL.PZGIK.200</sln:powIIPPn><sln:powIIPWersja>2017-10-10T00:00:00+02:00</sln:powIIPWersja><sln:powIdTeryt>1215</sln:powIdTeryt><sln:powNazwa>suski</sln:powNazwa><sln:wojIIPId>dd2e3c64-f861-47cf-a3a3-e7751f272b2f</sln:wojIIPId><sln:wojIIPPn>PL.PZGIK.200</sln:wojIIPPn><sln:wojIIPWersja>2017-10-10T00:00:00+02:00</sln:wojIIPWersja><sln:wojIdTeryt>12</sln:wojIdTeryt><sln:wojNazwa>małopolskie</sln:wojNazwa></sln:miejscowosc><sln:miejscowosc><sln:cyklZyciaOd>2014-12-07T00:00:00+01:00</sln:cyklZyciaOd><sln:gmIIPId>00c6a160-c255-4eb2-acbf-fc3156226b9f</sln:gmIIPId><sln:gmIIPPn>PL.PZGIK.200</sln:gmIIPPn><sln:gmIIPWersja>2012-09-26T22:12:02+02:00</sln:gmIIPWersja><sln:gmIdTeryt>1215021</sln:gmIdTeryt><sln:gmNazwa>Sucha Beskidzka</sln:gmNazwa><sln:miejscIIPId>522457f8-db7a-41f9-b404-d1f3ed426fc5</sln:miejscIIPId><sln:miejscIIPPn>PL.PZGIK.200</sln:miejscIIPPn><sln:miejscIIPWersja>2016-11-24T13:47:38+02:00</sln:miejscIIPWersja><sln:miejscIdTeryt>0925413</sln:miejscIdTeryt><sln:miejscNazwa>Jany</sln:miejscNazwa><sln:miejscRodzaj>Inny obiekt</sln:miejscRodzaj><sln:powIIPId>449427a1-a4c0-468a-b0ac-8da55c551398</sln:powIIPId><sln:powIIPPn>PL.PZGIK.200</sln:powIIPPn><sln:powIIPWersja>2017-10-10T00:00:00+02:00</sln:powIIPWersja><sln:powIdTeryt>1215</sln:powIdTeryt><sln:powNazwa>suski</sln:powNazwa><sln:wojIIPId>dd2e3c64-f861-47cf-a3a3-e7751f272b2f</sln:wojIIPId><sln:wojIIPPn>PL.PZGIK.200</sln:wojIIPPn><sln:wojIIPWersja>2017-10-10T00:00:00+02:00</sln:wojIIPWersja><sln:wojIdTeryt>12</sln:wojIdTeryt><sln:wojNazwa>małopolskie</sln:wojNazwa></sln:miejscowosc><sln:miejscowosc><sln:cyklZyciaOd>2014-12-07T00:00:00+01:00</sln:cyklZyciaOd><sln:gmIIPId>00c6a160-c255-4eb2-acbf-fc3156226b9f</sln:gmIIPId><sln:gmIIPPn>PL.PZGIK.200</sln:gmIIPPn><sln:gmIIPWersja>2012-09-26T22:12:02+02:00</sln:gmIIPWersja><sln:gmIdTeryt>1215021</sln:gmIdTeryt><sln:gmNazwa>Sucha Beskidzka</sln:gmNazwa><sln:miejscIIPId>067d636d-c755-4630-b50b-c70b1fec59b0</sln:miejscIIPId><sln:miejscIIPPn>PL.PZGIK.200</sln:miejscIIPPn><sln:miejscIIPWersja>2016-11-24T13:47:38+02:00</sln:miejscIIPWersja><sln:miejscIdTeryt>0925525</sln:miejscIdTeryt><sln:miejscNazwa>Kozikówka</sln:miejscNazwa><sln:miejscRodzaj>Inny obiekt</sln:miejscRodzaj><sln:powIIPId>449427a1-a4c0-468a-b0ac-8da55c551398</sln:powIIPId><sln:powIIPPn>PL.PZGIK.200</sln:powIIPPn><sln:powIIPWersja>2017-10-10T00:00:00+02:00</sln:powIIPWersja><sln:powIdTeryt>1215</sln:powIdTeryt><sln:powNazwa>suski</sln:powNazwa><sln:wojIIPId>dd2e3c64-f861-47cf-a3a3-e7751f272b2f</sln:wojIIPId><sln:wojIIPPn>PL.PZGIK.200</sln:wojIIPPn><sln:wojIIPWersja>2017-10-10T00:00:00+02:00</sln:wojIIPWersja><sln:wojIdTeryt>12</sln:wojIdTeryt><sln:wojNazwa>małopolskie</sln:wojNazwa></sln:miejscowosc><sln:miejscowosc><sln:cyklZyciaOd>2014-12-07T00:00:00+01:00</sln:cyklZyciaOd><sln:gmIIPId>00c6a160-c255-4eb2-acbf-fc3156226b9f</sln:gmIIPId><sln:gmIIPPn>PL.PZGIK.200</sln:gmIIPPn><sln:gmIIPWersja>2012-09-26T22:12:02+02:00</sln:gmIIPWersja><sln:gmIdTeryt>1215021</sln:gmIdTeryt><sln:gmNazwa>Sucha Beskidzka</sln:gmNazwa><sln:miejscIIPId>44e34146-e393-4a71-b10f-15b6df9a7b00</sln:miejscIIPId><sln:miejscIIPPn>PL.PZGIK.200</sln:miejscIIPPn><sln:miejscIIPWersja>2016-11-24T13:47:38+02:00</sln:miejscIIPWersja><sln:miejscIdTeryt>0925710</sln:miejscIdTeryt><sln:miejscNazwa>Smolikówka</sln:miejscNazwa><sln:miejscRodzaj>Inny obiekt</sln:miejscRodzaj><sln:powIIPId>449427a1-a4c0-468a-b0ac-8da55c551398</sln:powIIPId><sln:powIIPPn>PL.PZGIK.200</sln:powIIPPn><sln:powIIPWersja>2017-10-10T00:00:00+02:00</sln:powIIPWersja><sln:powIdTeryt>1215</sln:powIdTeryt><sln:powNazwa>suski</sln:powNazwa><sln:wojIIPId>dd2e3c64-f861-47cf-a3a3-e7751f272b2f</sln:wojIIPId><sln:wojIIPPn>PL.PZGIK.200</sln:wojIIPPn><sln:wojIIPWersja>2017-10-10T00:00:00+02:00</sln:wojIIPWersja><sln:wojIdTeryt>12</sln:wojIdTeryt><sln:wojNazwa>małopolskie</sln:wojNazwa></sln:miejscowosc><sln:miejscowosc><sln:cyklZyciaDo>2017-08-23T00:00:00+02:00</sln:cyklZyciaDo><sln:cyklZyciaOd>2014-12-07T00:00:00+01:00</sln:cyklZyciaOd><sln:gmIIPId>00c6a160-c255-4eb2-acbf-fc3156226b9f</sln:gmIIPId><sln:gmIIPPn>PL.PZGIK.200</sln:gmIIPPn><sln:gmIIPWersja>2012-09-26T22:12:02+02:00</sln:gmIIPWersja><sln:gmIdTeryt>1215021</sln:gmIdTeryt><sln:gmNazwa>Sucha Beskidzka</sln:gmNazwa><sln:miejscIIPId>1e31a5ad-8740-4856-b0b3-587e7269cf3c</sln:miejscIIPId><sln:miejscIIPPn>PL.PZGIK.200</sln:miejscIIPPn><sln:miejscIIPWersja>2016-11-24T13:47:38+02:00</sln:miejscIIPWersja><sln:miejscIdTeryt>0925726</sln:miejscIdTeryt><sln:miejscNazwa>Stachurzy</sln:miejscNazwa><sln:miejscRodzaj>Inny obiekt</sln:miejscRodzaj><sln:powIIPId>449427a1-a4c0-468a-b0ac-8da55c551398</sln:powIIPId><sln:powIIPPn>PL.PZGIK.200</sln:powIIPPn><sln:powIIPWersja>2017-10-10T00:00:00+02:00</sln:powIIPWersja><sln:powIdTeryt>1215</sln:powIdTeryt><sln:powNazwa>suski</sln:powNazwa><sln:wojIIPId>dd2e3c64-f861-47cf-a3a3-e7751f272b2f</sln:wojIIPId><sln:wojIIPPn>PL.PZGIK.200</sln:wojIIPPn><sln:wojIIPWersja>2017-10-10T00:00:00+02:00</sln:wojIIPWersja><sln:wojIdTeryt>12</sln:wojIdTeryt><sln:wojNazwa>małopolskie</sln:wojNazwa></sln:miejscowosc><sln:miejscowosc><sln:cyklZyciaOd>2014-12-07T00:00:00+01:00</sln:cyklZyciaOd><sln:gmIIPId>00c6a160-c255-4eb2-acbf-fc3156226b9f</sln:gmIIPId><sln:gmIIPPn>PL.PZGIK.200</sln:gmIIPPn><sln:gmIIPWersja>2012-09-26T22:12:02+02:00</sln:gmIIPWersja><sln:gmIdTeryt>1215021</sln:gmIdTeryt><sln:gmNazwa>Sucha Beskidzka</sln:gmNazwa><sln:miejscIIPId>13220b1e-46a9-4bff-b61d-5836b9a3239e</sln:miejscIIPId><sln:miejscIIPPn>PL.PZGIK.200</sln:miejscIIPPn><sln:miejscIIPWersja>2016-11-24T13:47:38+02:00</sln:miejscIIPWersja><sln:miejscIdTeryt>0925502</sln:miejscIdTeryt><sln:miejscNazwa>Kopaliny</sln:miejscNazwa><sln:miejscRodzaj>Inny obiekt</sln:miejscRodzaj><sln:powIIPId>449427a1-a4c0-468a-b0ac-8da55c551398</sln:powIIPId><sln:powIIPPn>PL.PZGIK.200</sln:powIIPPn><sln:powIIPWersja>2017-10-10T00:00:00+02:00</sln:powIIPWersja><sln:powIdTeryt>1215</sln:powIdTeryt><sln:powNazwa>suski</sln:powNazwa><sln:wojIIPId>dd2e3c64-f861-47cf-a3a3-e7751f272b2f</sln:wojIIPId><sln:wojIIPPn>PL.PZGIK.200</sln:wojIIPPn><sln:wojIIPWersja>2017-10-10T00:00:00+02:00</sln:wojIIPWersja><sln:wojIdTeryt>12</sln:wojIdTeryt><sln:wojNazwa>małopolskie</sln:wojNazwa></sln:miejscowosc><sln:miejscowosc><sln:cyklZyciaOd>2014-12-07T00:00:00+01:00</sln:cyklZyciaOd><sln:gmIIPId>00c6a160-c255-4eb2-acbf-fc3156226b9f</sln:gmIIPId><sln:gmIIPPn>PL.PZGIK.200</sln:gmIIPPn><sln:gmIIPWersja>2012-09-26T22:12:02+02:00</sln:gmIIPWersja><sln:gmIdTeryt>1215021</sln:gmIdTeryt><sln:gmNazwa>Sucha Beskidzka</sln:gmNazwa><sln:miejscIIPId>d1b89a3b-e190-4e71-86d0-5b6ddb2a1362</sln:miejscIIPId><sln:miejscIIPPn>PL.PZGIK.200</sln:miejscIIPPn><sln:miejscIIPWersja>2016-11-24T13:47:38+02:00</sln:miejscIIPWersja><sln:miejscIdTeryt>0925790</sln:miejscIdTeryt><sln:miejscNazwa>Włochów</sln:miejscNazwa><sln:miejscRodzaj>Inny obiekt</sln:miejscRodzaj><sln:powIIPId>449427a1-a4c0-468a-b0ac-8da55c551398</sln:powIIPId><sln:powIIPPn>PL.PZGIK.200</sln:powIIPPn><sln:powIIPWersja>2017-10-10T00:00:00+02:00</sln:powIIPWersja><sln:powIdTeryt>1215</sln:powIdTeryt><sln:powNazwa>suski</sln:powNazwa><sln:wojIIPId>dd2e3c64-f861-47cf-a3a3-e7751f272b2f</sln:wojIIPId><sln:wojIIPPn>PL.PZGIK.200</sln:wojIIPPn><sln:wojIIPWersja>2017-10-10T00:00:00+02:00</sln:wojIIPWersja><sln:wojIdTeryt>12</sln:wojIdTeryt><sln:wojNazwa>małopolskie</sln:wojNazwa></sln:miejscowosc><sln:miejscowosc><sln:cyklZyciaDo>2017-09-23T00:00:00+02:00</sln:cyklZyciaDo><sln:cyklZyciaOd>2014-12-07T00:00:00+01:00</sln:cyklZyciaOd><sln:gmIIPId>00c6a160-c255-4eb2-acbf-fc3156226b9f</sln:gmIIPId><sln:gmIIPPn>PL.PZGIK.200</sln:gmIIPPn><sln:gmIIPWersja>2012-09-26T22:12:02+02:00</sln:gmIIPWersja><sln:gmIdTeryt>1215021</sln:gmIdTeryt><sln:gmNazwa>Sucha Beskidzka</sln:gmNazwa><sln:miejscIIPId>78fd72ad-7ab7-4527-b058-d65fcc647668</sln:miejscIIPId><sln:miejscIIPPn>PL.PZGIK.200</sln:miejscIIPPn><sln:miejscIIPWersja>2016-11-24T13:47:38+02:00</sln:miejscIIPWersja><sln:miejscIdTeryt>0925324</sln:miejscIdTeryt><sln:miejscNazwa>Błądzonka</sln:miejscNazwa><sln:miejscRodzaj>Inny obiekt</sln:miejscRodzaj><sln:powIIPId>449427a1-a4c0-468a-b0ac-8da55c551398</sln:powIIPId><sln:powIIPPn>PL.PZGIK.200</sln:powIIPPn><sln:powIIPWersja>2017-10-10T00:00:00+02:00</sln:powIIPWersja><sln:powIdTeryt>1215</sln:powIdTeryt><sln:powNazwa>suski</sln:powNazwa><sln:wojIIPId>dd2e3c64-f861-47cf-a3a3-e7751f272b2f</sln:wojIIPId><sln:wojIIPPn>PL.PZGIK.200</sln:wojIIPPn><sln:wojIIPWersja>2017-10-10T00:00:00+02:00</sln:wojIIPWersja><sln:wojIdTeryt>12</sln:wojIdTeryt><sln:wojNazwa>małopolskie</sln:wojNazwa></sln:miejscowosc><sln:miejscowosc><sln:cyklZyciaOd>2014-12-07T00:00:00+01:00</sln:cyklZyciaOd><sln:gmIIPId>00c6a160-c255-4eb2-acbf-fc3156226b9f</sln:gmIIPId><sln:gmIIPPn>PL.PZGIK.200</sln:gmIIPPn><sln:gmIIPWersja>2012-09-26T22:12:02+02:00</sln:gmIIPWersja><sln:gmIdTeryt>1215021</sln:gmIdTeryt><sln:gmNazwa>Sucha Beskidzka</sln:gmNazwa><sln:miejscIIPId>7d78142a-22b7-45bf-828a-328071925a20</sln:miejscIIPId><sln:miejscIIPPn>PL.PZGIK.200</sln:miejscIIPPn><sln:miejscIIPWersja>2016-11-24T13:38:07+02:00</sln:miejscIIPWersja><sln:miejscIdTeryt>0925695</sln:miejscIdTeryt><sln:miejscNazwa>Semikówka</sln:miejscNazwa><sln:miejscRodzaj>Inny obiekt</sln:miejscRodzaj><sln:powIIPId>449427a1-a4c0-468a-b0ac-8da55c551398</sln:powIIPId><sln:powIIPPn>PL.PZGIK.200</sln:powIIPPn><sln:powIIPWersja>2017-10-10T00:00:00+02:00</sln:powIIPWersja><sln:powIdTeryt>1215</sln:powIdTeryt><sln:powNazwa>suski</sln:powNazwa><sln:wojIIPId>dd2e3c64-f861-47cf-a3a3-e7751f272b2f</sln:wojIIPId><sln:wojIIPPn>PL.PZGIK.200</sln:wojIIPPn><sln:wojIIPWersja>2017-10-10T00:00:00+02:00</sln:wojIIPWersja><sln:wojIdTeryt>12</sln:wojIdTeryt><sln:wojNazwa>małopolskie</sln:wojNazwa></sln:miejscowosc><sln:miejscowosc><sln:cyklZyciaOd>2014-12-07T00:00:00+01:00</sln:cyklZyciaOd><sln:gmIIPId>00c6a160-c255-4eb2-acbf-fc3156226b9f</sln:gmIIPId><sln:gmIIPPn>PL.PZGIK.200</sln:gmIIPPn><sln:gmIIPWersja>2012-09-26T22:12:02+02:00</sln:gmIIPWersja><sln:gmIdTeryt>1215021</sln:gmIdTeryt><sln:gmNazwa>Sucha Beskidzka</sln:gmNazwa><sln:miejscIIPId>88da3822-9fab-4d55-8082-b4846efce0fc</sln:miejscIIPId><sln:miejscIIPPn>PL.PZGIK.200</sln:miejscIIPPn><sln:miejscIIPWersja>2016-11-24T13:47:38+02:00</sln:miejscIIPWersja><sln:miejscIdTeryt>0925420</sln:miejscIdTeryt><sln:miejscNazwa>Jasnochowa</sln:miejscNazwa><sln:miejscRodzaj>Inny obiekt</sln:miejscRodzaj><sln:powIIPId>449427a1-a4c0-468a-b0ac-8da55c551398</sln:powIIPId><sln:powIIPPn>PL.PZGIK.200</sln:powIIPPn><sln:powIIPWersja>2017-10-10T00:00:00+02:00</sln:powIIPWersja><sln:powIdTeryt>1215</sln:powIdTeryt><sln:powNazwa>suski</sln:powNazwa><sln:wojIIPId>dd2e3c64-f861-47cf-a3a3-e7751f272b2f</sln:wojIIPId><sln:wojIIPPn>PL.PZGIK.200</sln:wojIIPPn><sln:wojIIPWersja>2017-10-10T00:00:00+02:00</sln:wojIIPWersja><sln:wojIdTeryt>12</sln:wojIdTeryt><sln:wojNazwa>małopolskie</sln:wojNazwa></sln:miejscowosc><sln:miejscowosc><sln:cyklZyciaOd>2014-12-07T00:00:00+01:00</sln:cyklZyciaOd><sln:gmIIPId>00c6a160-c255-4eb2-acbf-fc3156226b9f</sln:gmIIPId><sln:gmIIPPn>PL.PZGIK.200</sln:gmIIPPn><sln:gmIIPWersja>2012-09-26T22:12:02+02:00</sln:gmIIPWersja><sln:gmIdTeryt>1215021</sln:gmIdTeryt><sln:gmNazwa>Sucha Beskidzka</sln:gmNazwa><sln:miejscIIPId>17498dd5-c36f-4e31-983b-25bd7daa92b5</sln:miejscIIPId><sln:miejscIIPPn>PL.PZGIK.200</sln:miejscIIPPn><sln:miejscIIPWersja>2016-11-24T13:47:38+02:00</sln:miejscIIPWersja><sln:miejscIdTeryt>0925347</sln:miejscIdTeryt><sln:miejscNazwa>Bucałówka</sln:miejscNazwa><sln:miejscRodzaj>Inny obiekt</sln:miejscRodzaj><sln:powIIPId>449427a1-a4c0-468a-b0ac-8da55c551398</sln:powIIPId><sln:powIIPPn>PL.PZGIK.200</sln:powIIPPn><sln:powIIPWersja>2017-10-10T00:00:00+02:00</sln:powIIPWersja><sln:powIdTeryt>1215</sln:powIdTeryt><sln:powNazwa>suski</sln:powNazwa><sln:wojIIPId>dd2e3c64-f861-47cf-a3a3-e7751f272b2f</sln:wojIIPId><sln:wojIIPPn>PL.PZGIK.200</sln:wojIIPPn><sln:wojIIPWersja>2017-10-10T00:00:00+02:00</sln:wojIIPWersja><sln:wojIdTeryt>12</sln:wojIdTeryt><sln:wojNazwa>małopolskie</sln:wojNazwa></sln:miejscowosc><sln:miejscowosc><sln:cyklZyciaOd>2014-12-07T00:00:00+01:00</sln:cyklZyciaOd><sln:gmIIPId>00c6a160-c255-4eb2-acbf-fc3156226b9f</sln:gmIIPId><sln:gmIIPPn>PL.PZGIK.200</sln:gmIIPPn><sln:gmIIPWersja>2012-09-26T22:12:02+02:00</sln:gmIIPWersja><sln:gmIdTeryt>1215021</sln:gmIdTeryt><sln:gmNazwa>Sucha Beskidzka</sln:gmNazwa><sln:miejscIIPId>088f9d42-3f4f-4b9a-8b4d-b106d70d4f22</sln:miejscIIPId><sln:miejscIIPPn>PL.PZGIK.200</sln:miejscIIPPn><sln:miejscIIPWersja>2016-11-24T13:47:38+02:00</sln:miejscIIPWersja><sln:miejscIdTeryt>0925650</sln:miejscIdTeryt><sln:miejscNazwa>Pasierbiaki</sln:miejscNazwa><sln:miejscRodzaj>Inny obiekt</sln:miejscRodzaj><sln:powIIPId>449427a1-a4c0-468a-b0ac-8da55c551398</sln:powIIPId><sln:powIIPPn>PL.PZGIK.200</sln:powIIPPn><sln:powIIPWersja>2017-10-10T00:00:00+02:00</sln:powIIPWersja><sln:powIdTeryt>1215</sln:powIdTeryt><sln:powNazwa>suski</sln:powNazwa><sln:wojIIPId>dd2e3c64-f861-47cf-a3a3-e7751f272b2f</sln:wojIIPId><sln:wojIIPPn>PL.PZGIK.200</sln:wojIIPPn><sln:wojIIPWersja>2017-10-10T00:00:00+02:00</sln:wojIIPWersja><sln:wojIdTeryt>12</sln:wojIdTeryt><sln:wojNazwa>małopolskie</sln:wojNazwa></sln:miejscowosc><sln:miejscowosc><sln:cyklZyciaOd>2014-12-07T00:00:00+01:00</sln:cyklZyciaOd><sln:gmIIPId>00c6a160-c255-4eb2-acbf-fc3156226b9f</sln:gmIIPId><sln:gmIIPPn>PL.PZGIK.200</sln:gmIIPPn><sln:gmIIPWersja>2012-09-26T22:12:02+02:00</sln:gmIIPWersja><sln:gmIdTeryt>1215021</sln:gmIdTeryt><sln:gmNazwa>Sucha Beskidzka</sln:gmNazwa><sln:miejscIIPId>5c22a78f-0acf-4da6-a4c2-550ad37ae55a</sln:miejscIIPId><sln:miejscIIPPn>PL.PZGIK.200</sln:miejscIIPPn><sln:miejscIIPWersja>2016-11-24T13:47:38+02:00</sln:miejscIIPWersja><sln:miejscIdTeryt>0925376</sln:miejscIdTeryt><sln:miejscNazwa>Dupaki</sln:miejscNazwa><sln:miejscRodzaj>Inny obiekt</sln:miejscRodzaj><sln:powIIPId>449427a1-a4c0-468a-b0ac-8da55c551398</sln:powIIPId><sln:powIIPPn>PL.PZGIK.200</sln:powIIPPn><sln:powIIPWersja>2017-10-10T00:00:00+02:00</sln:powIIPWersja><sln:powIdTeryt>1215</sln:powIdTeryt><sln:powNazwa>suski</sln:powNazwa><sln:wojIIPId>dd2e3c64-f861-47cf-a3a3-e7751f272b2f</sln:wojIIPId><sln:wojIIPPn>PL.PZGIK.200</sln:wojIIPPn><sln:wojIIPWersja>2017-10-10T00:00:00+02:00</sln:wojIIPWersja><sln:wojIdTeryt>12</sln:wojIdTeryt><sln:wojNazwa>małopolskie</sln:wojNazwa></sln:miejscowosc><sln:miejscowosc><sln:cyklZyciaOd>2014-12-07T00:00:00+01:00</sln:cyklZyciaOd><sln:gmIIPId>00c6a160-c255-4eb2-acbf-fc3156226b9f</sln:gmIIPId><sln:gmIIPPn>PL.PZGIK.200</sln:gmIIPPn><sln:gmIIPWersja>2012-09-26T22:12:02+02:00</sln:gmIIPWersja><sln:gmIdTeryt>1215021</sln:gmIdTeryt><sln:gmNazwa>Sucha Beskidzka</sln:gmNazwa><sln:miejscIIPId>a257dfb0-1f6d-44dd-8fab-05be8e5ec7f4</sln:miejscIIPId><sln:miejscIIPPn>PL.PZGIK.200</sln:miejscIIPPn><sln:miejscIIPWersja>2016-11-24T13:47:38+02:00</sln:miejscIIPWersja><sln:miejscIdTeryt>0925643</sln:miejscIdTeryt><sln:miejscNazwa>Nowy Świat</sln:miejscNazwa><sln:miejscRodzaj>Inny obiekt</sln:miejscRodzaj><sln:powIIPId>449427a1-a4c0-468a-b0ac-8da55c551398</sln:powIIPId><sln:powIIPPn>PL.PZGIK.200</sln:powIIPPn><sln:powIIPWersja>2017-10-10T00:00:00+02:00</sln:powIIPWersja><sln:powIdTeryt>1215</sln:powIdTeryt><sln:powNazwa>suski</sln:powNazwa><sln:wojIIPId>dd2e3c64-f861-47cf-a3a3-e7751f272b2f</sln:wojIIPId><sln:wojIIPPn>PL.PZGIK.200</sln:wojIIPPn><sln:wojIIPWersja>2017-10-10T00:00:00+02:00</sln:wojIIPWersja><sln:wojIdTeryt>12</sln:wojIdTeryt><sln:wojNazwa>małopolskie</sln:wojNazwa></sln:miejscowosc><sln:miejscowosc><sln:cyklZyciaOd>2014-12-07T00:00:00+01:00</sln:cyklZyciaOd><sln:gmIIPId>00c6a160-c255-4eb2-acbf-fc3156226b9f</sln:gmIIPId><sln:gmIIPPn>PL.PZGIK.200</sln:gmIIPPn><sln:gmIIPWersja>2012-09-26T22:12:02+02:00</sln:gmIIPWersja><sln:gmIdTeryt>1215021</sln:gmIdTeryt><sln:gmNazwa>Sucha Beskidzka</sln:gmNazwa><sln:miejscIIPId>c07029cc-f7d7-4976-9e22-ae0b6f36b5c8</sln:miejscIIPId><sln:miejscIIPPn>PL.PZGIK.200</sln:miejscIIPPn><sln:miejscIIPWersja>2016-11-24T13:47:38+02:00</sln:miejscIIPWersja><sln:miejscIdTeryt>0925494</sln:miejscIdTeryt><sln:miejscNazwa>Kocury</sln:miejscNazwa><sln:miejscRodzaj>Inny obiekt</sln:miejscRodzaj><sln:powIIPId>449427a1-a4c0-468a-b0ac-8da55c551398</sln:powIIPId><sln:powIIPPn>PL.PZGIK.200</sln:powIIPPn><sln:powIIPWersja>2017-10-10T00:00:00+02:00</sln:powIIPWersja><sln:powIdTeryt>1215</sln:powIdTeryt><sln:powNazwa>suski</sln:powNazwa><sln:wojIIPId>dd2e3c64-f861-47cf-a3a3-e7751f272b2f</sln:wojIIPId><sln:wojIIPPn>PL.PZGIK.200</sln:wojIIPPn><sln:wojIIPWersja>2017-10-10T00:00:00+02:00</sln:wojIIPWersja><sln:wojIdTeryt>12</sln:wojIdTeryt><sln:wojNazwa>małopolskie</sln:wojNazwa></sln:miejscowosc><sln:miejscowosc><sln:cyklZyciaOd>2014-12-07T00:00:00+01:00</sln:cyklZyciaOd><sln:gmIIPId>00c6a160-c255-4eb2-acbf-fc3156226b9f</sln:gmIIPId><sln:gmIIPPn>PL.PZGIK.200</sln:gmIIPPn><sln:gmIIPWersja>2012-09-26T22:12:02+02:00</sln:gmIIPWersja><sln:gmIdTeryt>1215021</sln:gmIdTeryt><sln:gmNazwa>Sucha Beskidzka</sln:gmNazwa><sln:miejscIIPId>457990d9-eb38-4a45-9404-7fa292f4ca2b</sln:miejscIIPId><sln:miejscIIPPn>PL.PZGIK.200</sln:miejscIIPPn><sln:miejscIIPWersja>2016-11-24T13:47:38+02:00</sln:miejscIIPWersja><sln:miejscIdTeryt>0925583</sln:miejscIdTeryt><sln:miejscNazwa>Lenartówka</sln:miejscNazwa><sln:miejscRodzaj>Inny obiekt</sln:miejscRodzaj><sln:powIIPId>449427a1-a4c0-468a-b0ac-8da55c551398</sln:powIIPId><sln:powIIPPn>PL.PZGIK.200</sln:powIIPPn><sln:powIIPWersja>2017-10-10T00:00:00+02:00</sln:powIIPWersja><sln:powIdTeryt>1215</sln:powIdTeryt><sln:powNazwa>suski</sln:powNazwa><sln:wojIIPId>dd2e3c64-f861-47cf-a3a3-e7751f272b2f</sln:wojIIPId><sln:wojIIPPn>PL.PZGIK.200</sln:wojIIPPn><sln:wojIIPWersja>2017-10-10T00:00:00+02:00</sln:wojIIPWersja><sln:wojIdTeryt>12</sln:wojIdTeryt><sln:wojNazwa>małopolskie</sln:wojNazwa></sln:miejscowosc><sln:miejscowosc><sln:cyklZyciaOd>2014-12-07T00:00:00+01:00</sln:cyklZyciaOd><sln:gmIIPId>00c6a160-c255-4eb2-acbf-fc3156226b9f</sln:gmIIPId><sln:gmIIPPn>PL.PZGIK.200</sln:gmIIPPn><sln:gmIIPWersja>2012-09-26T22:12:02+02:00</sln:gmIIPWersja><sln:gmIdTeryt>1215021</sln:gmIdTeryt><sln:gmNazwa>Sucha Beskidzka</sln:gmNazwa><sln:miejscIIPId>dafd3e0f-645e-4e18-a4e9-b39b254c8a9b</sln:miejscIIPId><sln:miejscIIPPn>PL.PZGIK.200</sln:miejscIIPPn><sln:miejscIIPWersja>2016-11-24T13:47:38+02:00</sln:miejscIIPWersja><sln:miejscIdTeryt>0925821</sln:miejscIdTeryt><sln:miejscNazwa>Zbój</sln:miejscNazwa><sln:miejscRodzaj>Inny obiekt</sln:miejscRodzaj><sln:powIIPId>449427a1-a4c0-468a-b0ac-8da55c551398</sln:powIIPId><sln:powIIPPn>PL.PZGIK.200</sln:powIIPPn><sln:powIIPWersja>2017-10-10T00:00:00+02:00</sln:powIIPWersja><sln:powIdTeryt>1215</sln:powIdTeryt><sln:powNazwa>suski</sln:powNazwa><sln:wojIIPId>dd2e3c64-f861-47cf-a3a3-e7751f272b2f</sln:wojIIPId><sln:wojIIPPn>PL.PZGIK.200</sln:wojIIPPn><sln:wojIIPWersja>2017-10-10T00:00:00+02:00</sln:wojIIPWersja><sln:wojIdTeryt>12</sln:wojIdTeryt><sln:wojNazwa>małopolskie</sln:wojNazwa></sln:miejscowosc><sln:miejscowosc><sln:cyklZyciaOd>2014-12-07T00:00:00+01:00</sln:cyklZyciaOd><sln:gmIIPId>00c6a160-c255-4eb2-acbf-fc3156226b9f</sln:gmIIPId><sln:gmIIPPn>PL.PZGIK.200</sln:gmIIPPn><sln:gmIIPWersja>2012-09-26T22:12:02+02:00</sln:gmIIPWersja><sln:gmIdTeryt>1215021</sln:gmIdTeryt><sln:gmNazwa>Sucha Beskidzka</sln:gmNazwa><sln:miejscIIPId>edb9c67d-7495-4cb9-bfa8-787528f8b57a</sln:miejscIIPId><sln:miejscIIPPn>PL.PZGIK.200</sln:miejscIIPPn><sln:miejscIIPWersja>2016-11-24T13:47:38+02:00</sln:miejscIIPWersja><sln:miejscIdTeryt>0925548</sln:miejscIdTeryt><sln:miejscNazwa>Kubasiaki</sln:miejscNazwa><sln:miejscRodzaj>Inny obiekt</sln:miejscRodzaj><sln:powIIPId>449427a1-a4c0-468a-b0ac-8da55c551398</sln:powIIPId><sln:powIIPPn>PL.PZGIK.200</sln:powIIPPn><sln:powIIPWersja>2017-10-10T00:00:00+02:00</sln:powIIPWersja><sln:powIdTeryt>1215</sln:powIdTeryt><sln:powNazwa>suski</sln:powNazwa><sln:wojIIPId>dd2e3c64-f861-47cf-a3a3-e7751f272b2f</sln:wojIIPId><sln:wojIIPPn>PL.PZGIK.200</sln:wojIIPPn><sln:wojIIPWersja>2017-10-10T00:00:00+02:00</sln:wojIIPWersja><sln:wojIdTeryt>12</sln:wojIdTeryt><sln:wojNazwa>małopolskie</sln:wojNazwa></sln:miejscowosc><sln:miejscowosc><sln:cyklZyciaOd>2014-12-07T00:00:00+01:00</sln:cyklZyciaOd><sln:gmIIPId>00c6a160-c255-4eb2-acbf-fc3156226b9f</sln:gmIIPId><sln:gmIIPPn>PL.PZGIK.200</sln:gmIIPPn><sln:gmIIPWersja>2012-09-26T22:12:02+02:00</sln:gmIIPWersja><sln:gmIdTeryt>1215021</sln:gmIdTeryt><sln:gmNazwa>Sucha Beskidzka</sln:gmNazwa><sln:miejscIIPId>d634c06b-1309-481e-abd6-f8e2d592a0bb</sln:miejscIIPId><sln:miejscIIPPn>PL.PZGIK.200</sln:miejscIIPPn><sln:miejscIIPWersja>2016-11-24T13:47:38+02:00</sln:miejscIIPWersja><sln:miejscIdTeryt>0925703</sln:miejscIdTeryt><sln:miejscNazwa>Skrzypki</sln:miejscNazwa><sln:miejscRodzaj>Inny obiekt</sln:miejscRodzaj><sln:powIIPId>449427a1-a4c0-468a-b0ac-8da55c551398</sln:powIIPId><sln:powIIPPn>PL.PZGIK.200</sln:powIIPPn><sln:powIIPWersja>2017-10-10T00:00:00+02:00</sln:powIIPWersja><sln:powIdTeryt>1215</sln:powIdTeryt><sln:powNazwa>suski</sln:powNazwa><sln:wojIIPId>dd2e3c64-f861-47cf-a3a3-e7751f272b2f</sln:wojIIPId><sln:wojIIPPn>PL.PZGIK.200</sln:wojIIPPn><sln:wojIIPWersja>2017-10-10T00:00:00+02:00</sln:wojIIPWersja><sln:wojIdTeryt>12</sln:wojIdTeryt><sln:wojNazwa>małopolskie</sln:wojNazwa></sln:miejscowosc><sln:miejscowosc><sln:cyklZyciaOd>2014-12-07T00:00:00+01:00</sln:cyklZyciaOd><sln:gmIIPId>00c6a160-c255-4eb2-acbf-fc3156226b9f</sln:gmIIPId><sln:gmIIPPn>PL.PZGIK.200</sln:gmIIPPn><sln:gmIIPWersja>2012-09-26T22:12:02+02:00</sln:gmIIPWersja><sln:gmIdTeryt>1215021</sln:gmIdTeryt><sln:gmNazwa>Sucha Beskidzka</sln:gmNazwa><sln:miejscIIPId>3c4da244-68d5-4c20-aa47-ff8462a3067f</sln:miejscIIPId><sln:miejscIIPPn>PL.PZGIK.200</sln:miejscIIPPn><sln:miejscIIPWersja>2016-11-24T13:47:38+02:00</sln:miejscIIPWersja><sln:miejscIdTeryt>0925293</sln:miejscIdTeryt><sln:miejscNazwa>Bańdury</sln:miejscNazwa><sln:miejscRodzaj>Inny obiekt</sln:miejscRodzaj><sln:powIIPId>449427a1-a4c0-468a-b0ac-8da55c551398</sln:powIIPId><sln:powIIPPn>PL.PZGIK.200</sln:powIIPPn><sln:powIIPWersja>2017-10-10T00:00:00+02:00</sln:powIIPWersja><sln:powIdTeryt>1215</sln:powIdTeryt><sln:powNazwa>suski</sln:powNazwa><sln:wojIIPId>dd2e3c64-f861-47cf-a3a3-e7751f272b2f</sln:wojIIPId><sln:wojIIPPn>PL.PZGIK.200</sln:wojIIPPn><sln:wojIIPWersja>2017-10-10T00:00:00+02:00</sln:wojIIPWersja><sln:wojIdTeryt>12</sln:wojIdTeryt><sln:wojNazwa>małopolskie</sln:wojNazwa></sln:miejscowosc><sln:miejscowosc><sln:cyklZyciaOd>2014-12-07T00:00:00+01:00</sln:cyklZyciaOd><sln:gmIIPId>00c6a160-c255-4eb2-acbf-fc3156226b9f</sln:gmIIPId><sln:gmIIPPn>PL.PZGIK.200</sln:gmIIPPn><sln:gmIIPWersja>2012-09-26T22:12:02+02:00</sln:gmIIPWersja><sln:gmIdTeryt>1215021</sln:gmIdTeryt><sln:gmNazwa>Sucha Beskidzka</sln:gmNazwa><sln:miejscIIPId>ffd5a7ba-614c-46a0-a951-56e284601891</sln:miejscIIPId><sln:miejscIIPPn>PL.PZGIK.200</sln:miejscIIPPn><sln:miejscIIPWersja>2016-11-24T13:47:38+02:00</sln:miejscIIPWersja><sln:miejscIdTeryt>0925519</sln:miejscIdTeryt><sln:miejscNazwa>Korczaki</sln:miejscNazwa><sln:miejscRodzaj>Inny obiekt</sln:miejscRodzaj><sln:powIIPId>449427a1-a4c0-468a-b0ac-8da55c551398</sln:powIIPId><sln:powIIPPn>PL.PZGIK.200</sln:powIIPPn><sln:powIIPWersja>2017-10-10T00:00:00+02:00</sln:powIIPWersja><sln:powIdTeryt>1215</sln:powIdTeryt><sln:powNazwa>suski</sln:powNazwa><sln:wojIIPId>dd2e3c64-f861-47cf-a3a3-e7751f272b2f</sln:wojIIPId><sln:wojIIPPn>PL.PZGIK.200</sln:wojIIPPn><sln:wojIIPWersja>2017-10-10T00:00:00+02:00</sln:wojIIPWersja><sln:wojIdTeryt>12</sln:wojIdTeryt><sln:wojNazwa>małopolskie</sln:wojNazwa></sln:miejscowosc><sln:miejscowosc><sln:cyklZyciaOd>2014-12-07T00:00:00+01:00</sln:cyklZyciaOd><sln:gmIIPId>00c6a160-c255-4eb2-acbf-fc3156226b9f</sln:gmIIPId><sln:gmIIPPn>PL.PZGIK.200</sln:gmIIPPn><sln:gmIIPWersja>2012-09-26T22:12:02+02:00</sln:gmIIPWersja><sln:gmIdTeryt>1215021</sln:gmIdTeryt><sln:gmNazwa>Sucha Beskidzka</sln:gmNazwa><sln:miejscIIPId>fda4a708-0a26-4d88-bd72-14e4969d28aa</sln:miejscIIPId><sln:miejscIIPPn>PL.PZGIK.200</sln:miejscIIPPn><sln:miejscIIPWersja>2016-11-24T13:47:38+02:00</sln:miejscIIPWersja><sln:miejscIdTeryt>0925353</sln:miejscIdTeryt><sln:miejscNazwa>Chudziaki</sln:miejscNazwa><sln:miejscRodzaj>Inny obiekt</sln:miejscRodzaj><sln:powIIPId>449427a1-a4c0-468a-b0ac-8da55c551398</sln:powIIPId><sln:powIIPPn>PL.PZGIK.200</sln:powIIPPn><sln:powIIPWersja>2017-10-10T00:00:00+02:00</sln:powIIPWersja><sln:powIdTeryt>1215</sln:powIdTeryt><sln:powNazwa>suski</sln:powNazwa><sln:wojIIPId>dd2e3c64-f861-47cf-a3a3-e7751f272b2f</sln:wojIIPId><sln:wojIIPPn>PL.PZGIK.200</sln:wojIIPPn><sln:wojIIPWersja>2017-10-10T00:00:00+02:00</sln:wojIIPWersja><sln:wojIdTeryt>12</sln:wojIdTeryt><sln:wojNazwa>małopolskie</sln:wojNazwa></sln:miejscowosc><sln:miejscowosc><sln:cyklZyciaOd>2014-12-07T00:00:00+01:00</sln:cyklZyciaOd><sln:gmIIPId>00c6a160-c255-4eb2-acbf-fc3156226b9f</sln:gmIIPId><sln:gmIIPPn>PL.PZGIK.200</sln:gmIIPPn><sln:gmIIPWersja>2012-09-26T22:12:02+02:00</sln:gmIIPWersja><sln:gmIdTeryt>1215021</sln:gmIdTeryt><sln:gmNazwa>Sucha Beskidzka</sln:gmNazwa><sln:miejscIIPId>5a4a41a0-495c-41e9-a669-9bd78f9f01b2</sln:miejscIIPId><sln:miejscIIPPn>PL.PZGIK.200</sln:miejscIIPPn><sln:miejscIIPWersja>2016-11-24T13:47:38+02:00</sln:miejscIIPWersja><sln:miejscIdTeryt>0925844</sln:miejscIdTeryt><sln:miejscNazwa>Żmije</sln:miejscNazwa><sln:miejscRodzaj>Inny obiekt</sln:miejscRodzaj><sln:powIIPId>449427a1-a4c0-468a-b0ac-8da55c551398</sln:powIIPId><sln:powIIPPn>PL.PZGIK.200</sln:powIIPPn><sln:powIIPWersja>2017-10-10T00:00:00+02:00</sln:powIIPWersja><sln:powIdTeryt>1215</sln:powIdTeryt><sln:powNazwa>suski</sln:powNazwa><sln:wojIIPId>dd2e3c64-f861-47cf-a3a3-e7751f272b2f</sln:wojIIPId><sln:wojIIPPn>PL.PZGIK.200</sln:wojIIPPn><sln:wojIIPWersja>2017-10-10T00:00:00+02:00</sln:wojIIPWersja><sln:wojIdTeryt>12</sln:wojIdTeryt><sln:wojNazwa>małopolskie</sln:wojNazwa></sln:miejscowosc><sln:miejscowosc><sln:cyklZyciaOd>2014-12-07T00:00:00+01:00</sln:cyklZyciaOd><sln:gmIIPId>00c6a160-c255-4eb2-acbf-fc3156226b9f</sln:gmIIPId><sln:gmIIPPn>PL.PZGIK.200</sln:gmIIPPn><sln:gmIIPWersja>2012-09-26T22:12:02+02:00</sln:gmIIPWersja><sln:gmIdTeryt>1215021</sln:gmIdTeryt><sln:gmNazwa>Sucha Beskidzka</sln:gmNazwa><sln:miejscIIPId>ba052489-556d-4605-bb80-dae199066831</sln:miejscIIPId><sln:miejscIIPPn>PL.PZGIK.200</sln:miejscIIPPn><sln:miejscIIPWersja>2016-11-24T13:47:38+02:00</sln:miejscIIPWersja><sln:miejscIdTeryt>0925614</sln:miejscIdTeryt><sln:miejscNazwa>Listwany</sln:miejscNazwa><sln:miejscRodzaj>Inny obiekt</sln:miejscRodzaj><sln:powIIPId>449427a1-a4c0-468a-b0ac-8da55c551398</sln:powIIPId><sln:powIIPPn>PL.PZGIK.200</sln:powIIPPn><sln:powIIPWersja>2017-10-10T00:00:00+02:00</sln:powIIPWersja><sln:powIdTeryt>1215</sln:powIdTeryt><sln:powNazwa>suski</sln:powNazwa><sln:wojIIPId>dd2e3c64-f861-47cf-a3a3-e7751f272b2f</sln:wojIIPId><sln:wojIIPPn>PL.PZGIK.200</sln:wojIIPPn><sln:wojIIPWersja>2017-10-10T00:00:00+02:00</sln:wojIIPWersja><sln:wojIdTeryt>12</sln:wojIdTeryt><sln:wojNazwa>małopolskie</sln:wojNazwa></sln:miejscowosc><sln:miejscowosc><sln:cyklZyciaOd>2014-12-07T00:00:00+01:00</sln:cyklZyciaOd><sln:gmIIPId>00c6a160-c255-4eb2-acbf-fc3156226b9f</sln:gmIIPId><sln:gmIIPPn>PL.PZGIK.200</sln:gmIIPPn><sln:gmIIPWersja>2012-09-26T22:12:02+02:00</sln:gmIIPWersja><sln:gmIdTeryt>1215021</sln:gmIdTeryt><sln:gmNazwa>Sucha Beskidzka</sln:gmNazwa><sln:miejscIIPId>498cf01c-edfa-46cd-bb8d-c9927da7c399</sln:miejscIIPId><sln:miejscIIPPn>PL.PZGIK.200</sln:miejscIIPPn><sln:miejscIIPWersja>2016-11-24T13:47:38+02:00</sln:miejscIIPWersja><sln:miejscIdTeryt>0925608</sln:miejscIdTeryt><sln:miejscNazwa>Listwanówka</sln:miejscNazwa><sln:miejscRodzaj>Inny obiekt</sln:miejscRodzaj><sln:powIIPId>449427a1-a4c0-468a-b0ac-8da55c551398</sln:powIIPId><sln:powIIPPn>PL.PZGIK.200</sln:powIIPPn><sln:powIIPWersja>2017-10-10T00:00:00+02:00</sln:powIIPWersja><sln:powIdTeryt>1215</sln:powIdTeryt><sln:powNazwa>suski</sln:powNazwa><sln:wojIIPId>dd2e3c64-f861-47cf-a3a3-e7751f272b2f</sln:wojIIPId><sln:wojIIPPn>PL.PZGIK.200</sln:wojIIPPn><sln:wojIIPWersja>2017-10-10T00:00:00+02:00</sln:wojIIPWersja><sln:wojIdTeryt>12</sln:wojIdTeryt><sln:wojNazwa>małopolskie</sln:wojNazwa></sln:miejscowosc><sln:miejscowosc><sln:cyklZyciaOd>2014-12-07T00:00:00+01:00</sln:cyklZyciaOd><sln:gmIIPId>00c6a160-c255-4eb2-acbf-fc3156226b9f</sln:gmIIPId><sln:gmIIPPn>PL.PZGIK.200</sln:gmIIPPn><sln:gmIIPWersja>2012-09-26T22:12:02+02:00</sln:gmIIPWersja><sln:gmIdTeryt>1215021</sln:gmIdTeryt><sln:gmNazwa>Sucha Beskidzka</sln:gmNazwa><sln:miejscIIPId>c987a55b-7764-4fa8-9ff3-9bdaba2dc734</sln:miejscIIPId><sln:miejscIIPPn>PL.PZGIK.200</sln:miejscIIPPn><sln:miejscIIPWersja>2016-11-24T13:47:38+02:00</sln:miejscIIPWersja><sln:miejscIdTeryt>0925755</sln:miejscIdTeryt><sln:miejscNazwa>Ślubarzówka</sln:miejscNazwa><sln:miejscRodzaj>Inny obiekt</sln:miejscRodzaj><sln:powIIPId>449427a1-a4c0-468a-b0ac-8da55c551398</sln:powIIPId><sln:powIIPPn>PL.PZGIK.200</sln:powIIPPn><sln:powIIPWersja>2017-10-10T00:00:00+02:00</sln:powIIPWersja><sln:powIdTeryt>1215</sln:powIdTeryt><sln:powNazwa>suski</sln:powNazwa><sln:wojIIPId>dd2e3c64-f861-47cf-a3a3-e7751f272b2f</sln:wojIIPId><sln:wojIIPPn>PL.PZGIK.200</sln:wojIIPPn><sln:wojIIPWersja>2017-10-10T00:00:00+02:00</sln:wojIIPWersja><sln:wojIdTeryt>12</sln:wojIdTeryt><sln:wojNazwa>małopolskie</sln:wojNazwa></sln:miejscowosc><sln:miejscowosc><sln:cyklZyciaOd>2014-12-07T00:00:00+01:00</sln:cyklZyciaOd><sln:gmIIPId>00c6a160-c255-4eb2-acbf-fc3156226b9f</sln:gmIIPId><sln:gmIIPPn>PL.PZGIK.200</sln:gmIIPPn><sln:gmIIPWersja>2012-09-26T22:12:02+02:00</sln:gmIIPWersja><sln:gmIdTeryt>1215021</sln:gmIdTeryt><sln:gmNazwa>Sucha Beskidzka</sln:gmNazwa><sln:miejscIIPId>019b8398-104d-42e6-ab9d-03711f9585dd</sln:miejscIIPId><sln:miejscIIPPn>PL.PZGIK.200</sln:miejscIIPPn><sln:miejscIIPWersja>2016-11-24T13:47:38+02:00</sln:miejscIIPWersja><sln:miejscIdTeryt>0925436</sln:miejscIdTeryt><sln:miejscNazwa>Jędrzejaki</sln:miejscNazwa><sln:miejscRodzaj>Inny obiekt</sln:miejscRodzaj><sln:powIIPId>449427a1-a4c0-468a-b0ac-8da55c551398</sln:powIIPId><sln:powIIPPn>PL.PZGIK.200</sln:powIIPPn><sln:powIIPWersja>2017-10-10T00:00:00+02:00</sln:powIIPWersja><sln:powIdTeryt>1215</sln:powIdTeryt><sln:powNazwa>suski</sln:powNazwa><sln:wojIIPId>dd2e3c64-f861-47cf-a3a3-e7751f272b2f</sln:wojIIPId><sln:wojIIPPn>PL.PZGIK.200</sln:wojIIPPn><sln:wojIIPWersja>2017-10-10T00:00:00+02:00</sln:wojIIPWersja><sln:wojIdTeryt>12</sln:wojIdTeryt><sln:wojNazwa>małopolskie</sln:wojNazwa></sln:miejscowosc><sln:miejscowosc><sln:cyklZyciaOd>2014-12-07T00:00:00+01:00</sln:cyklZyciaOd><sln:gmIIPId>00c6a160-c255-4eb2-acbf-fc3156226b9f</sln:gmIIPId><sln:gmIIPPn>PL.PZGIK.200</sln:gmIIPPn><sln:gmIIPWersja>2012-09-26T22:12:02+02:00</sln:gmIIPWersja><sln:gmIdTeryt>1215021</sln:gmIdTeryt><sln:gmNazwa>Sucha Beskidzka</sln:gmNazwa><sln:miejscIIPId>895f5b99-96af-4946-a57e-ba9cbaca32b0</sln:miejscIIPId><sln:miejscIIPPn>PL.PZGIK.200</sln:miejscIIPPn><sln:miejscIIPWersja>2016-11-24T13:47:38+02:00</sln:miejscIIPWersja><sln:miejscIdTeryt>0925838</sln:miejscIdTeryt><sln:miejscNazwa>Zwaliściaki</sln:miejscNazwa><sln:miejscRodzaj>Inny obiekt</sln:miejscRodzaj><sln:powIIPId>449427a1-a4c0-468a-b0ac-8da55c551398</sln:powIIPId><sln:powIIPPn>PL.PZGIK.200</sln:powIIPPn><sln:powIIPWersja>2017-10-10T00:00:00+02:00</sln:powIIPWersja><sln:powIdTeryt>1215</sln:powIdTeryt><sln:powNazwa>suski</sln:powNazwa><sln:wojIIPId>dd2e3c64-f861-47cf-a3a3-e7751f272b2f</sln:wojIIPId><sln:wojIIPPn>PL.PZGIK.200</sln:wojIIPPn><sln:wojIIPWersja>2017-10-10T00:00:00+02:00</sln:wojIIPWersja><sln:wojIdTeryt>12</sln:wojIdTeryt><sln:wojNazwa>małopolskie</sln:wojNazwa></sln:miejscowosc><sln:miejscowosc><sln:cyklZyciaOd>2014-12-07T00:00:00+01:00</sln:cyklZyciaOd><sln:gmIIPId>00c6a160-c255-4eb2-acbf-fc3156226b9f</sln:gmIIPId><sln:gmIIPPn>PL.PZGIK.200</sln:gmIIPPn><sln:gmIIPWersja>2012-09-26T22:12:02+02:00</sln:gmIIPWersja><sln:gmIdTeryt>1215021</sln:gmIdTeryt><sln:gmNazwa>Sucha Beskidzka</sln:gmNazwa><sln:miejscIIPId>4cac83da-3058-4121-95f4-bce31ba1892c</sln:miejscIIPId><sln:miejscIIPPn>PL.PZGIK.200</sln:miejscIIPPn><sln:miejscIIPWersja>2016-11-24T13:47:38+02:00</sln:miejscIIPWersja><sln:miejscIdTeryt>0925815</sln:miejscIdTeryt><sln:miejscNazwa>Zasepnica</sln:miejscNazwa><sln:miejscRodzaj>Inny obiekt</sln:miejscRodzaj><sln:powIIPId>449427a1-a4c0-468a-b0ac-8da55c551398</sln:powIIPId><sln:powIIPPn>PL.PZGIK.200</sln:powIIPPn><sln:powIIPWersja>2017-10-10T00:00:00+02:00</sln:powIIPWersja><sln:powIdTeryt>1215</sln:powIdTeryt><sln:powNazwa>suski</sln:powNazwa><sln:wojIIPId>dd2e3c64-f861-47cf-a3a3-e7751f272b2f</sln:wojIIPId><sln:wojIIPPn>PL.PZGIK.200</sln:wojIIPPn><sln:wojIIPWersja>2017-10-10T00:00:00+02:00</sln:wojIIPWersja><sln:wojIdTeryt>12</sln:wojIdTeryt><sln:wojNazwa>małopolskie</sln:wojNazwa></sln:miejscowosc><sln:miejscowosc><sln:cyklZyciaOd>2014-12-07T00:00:00+01:00</sln:cyklZyciaOd><sln:gmIIPId>00c6a160-c255-4eb2-acbf-fc3156226b9f</sln:gmIIPId><sln:gmIIPPn>PL.PZGIK.200</sln:gmIIPPn><sln:gmIIPWersja>2012-09-26T22:12:02+02:00</sln:gmIIPWersja><sln:gmIdTeryt>1215021</sln:gmIdTeryt><sln:gmNazwa>Sucha Beskidzka</sln:gmNazwa><sln:miejscIIPId>f97669a2-f421-4254-8b60-7843b6d01d40</sln:miejscIIPId><sln:miejscIIPPn>PL.PZGIK.200</sln:miejscIIPPn><sln:miejscIIPWersja>2016-11-24T13:31:37+02:00</sln:miejscIIPWersja><sln:miejscIdTeryt>0925287</sln:miejscIdTeryt><sln:miejscNazwa>Sucha Beskidzka</sln:miejscNazwa><sln:miejscRodzaj>Miasto</sln:miejscRodzaj><sln:powIIPId>449427a1-a4c0-468a-b0ac-8da55c551398</sln:powIIPId><sln:powIIPPn>PL.PZGIK.200</sln:powIIPPn><sln:powIIPWersja>2017-10-10T00:00:00+02:00</sln:powIIPWersja><sln:powIdTeryt>1215</sln:powIdTeryt><sln:powNazwa>suski</sln:powNazwa><sln:wojIIPId>dd2e3c64-f861-47cf-a3a3-e7751f272b2f</sln:wojIIPId><sln:wojIIPPn>PL.PZGIK.200</sln:wojIIPPn><sln:wojIIPWersja>2017-10-10T00:00:00+02:00</sln:wojIIPWersja><sln:wojIdTeryt>12</sln:wojIdTeryt><sln:wojNazwa>małopolskie</sln:wojNazwa></sln:miejscowosc><sln:miejscowosc><sln:cyklZyciaOd>2014-12-07T00:00:00+01:00</sln:cyklZyciaOd><sln:gmIIPId>00c6a160-c255-4eb2-acbf-fc3156226b9f</sln:gmIIPId><sln:gmIIPPn>PL.PZGIK.200</sln:gmIIPPn><sln:gmIIPWersja>2012-09-26T22:12:02+02:00</sln:gmIIPWersja><sln:gmIdTeryt>1215021</sln:gmIdTeryt><sln:gmNazwa>Sucha Beskidzka</sln:gmNazwa><sln:miejscIIPId>033f95e2-f5b8-4d6e-ad3e-7ba96a3fbc45</sln:miejscIIPId><sln:miejscIIPPn>PL.PZGIK.200</sln:miejscIIPPn><sln:miejscIIPWersja>2016-11-24T13:47:38+02:00</sln:miejscIIPWersja><sln:miejscIdTeryt>0925301</sln:miejscIdTeryt><sln:miejscNazwa>Błachutówka</sln:miejscNazwa><sln:miejscRodzaj>Inny obiekt</sln:miejscRodzaj><sln:powIIPId>449427a1-a4c0-468a-b0ac-8da55c551398</sln:powIIPId><sln:powIIPPn>PL.PZGIK.200</sln:powIIPPn><sln:powIIPWersja>2017-10-10T00:00:00+02:00</sln:powIIPWersja><sln:powIdTeryt>1215</sln:powIdTeryt><sln:powNazwa>suski</sln:powNazwa><sln:wojIIPId>dd2e3c64-f861-47cf-a3a3-e7751f272b2f</sln:wojIIPId><sln:wojIIPPn>PL.PZGIK.200</sln:wojIIPPn><sln:wojIIPWersja>2017-10-10T00:00:00+02:00</sln:wojIIPWersja><sln:wojIdTeryt>12</sln:wojIdTeryt><sln:wojNazwa>małopolskie</sln:wojNazwa></sln:miejscowosc><sln:miejscowosc><sln:cyklZyciaOd>2014-12-07T00:00:00+01:00</sln:cyklZyciaOd><sln:gmIIPId>00c6a160-c255-4eb2-acbf-fc3156226b9f</sln:gmIIPId><sln:gmIIPPn>PL.PZGIK.200</sln:gmIIPPn><sln:gmIIPWersja>2012-09-26T22:12:02+02:00</sln:gmIIPWersja><sln:gmIdTeryt>1215021</sln:gmIdTeryt><sln:gmNazwa>Sucha Beskidzka</sln:gmNazwa><sln:miejscIIPId>85133a37-f1fc-4ddf-9011-dc7d25b3c758</sln:miejscIIPId><sln:miejscIIPPn>PL.PZGIK.200</sln:miejscIIPPn><sln:miejscIIPWersja>2016-11-24T13:47:38+02:00</sln:miejscIIPWersja><sln:miejscIdTeryt>0925577</sln:miejscIdTeryt><sln:miejscNazwa>Kysiówka</sln:miejscNazwa><sln:miejscRodzaj>Inny obiekt</sln:miejscRodzaj><sln:powIIPId>449427a1-a4c0-468a-b0ac-8da55c551398</sln:powIIPId><sln:powIIPPn>PL.PZGIK.200</sln:powIIPPn><sln:powIIPWersja>2017-10-10T00:00:00+02:00</sln:powIIPWersja><sln:powIdTeryt>1215</sln:powIdTeryt><sln:powNazwa>suski</sln:powNazwa><sln:wojIIPId>dd2e3c64-f861-47cf-a3a3-e7751f272b2f</sln:wojIIPId><sln:wojIIPPn>PL.PZGIK.200</sln:wojIIPPn><sln:wojIIPWersja>2017-10-10T00:00:00+02:00</sln:wojIIPWersja><sln:wojIdTeryt>12</sln:wojIdTeryt><sln:wojNazwa>małopolskie</sln:wojNazwa></sln:miejscowosc><sln:miejscowosc><sln:cyklZyciaOd>2014-12-07T00:00:00+01:00</sln:cyklZyciaOd><sln:gmIIPId>00c6a160-c255-4eb2-acbf-fc3156226b9f</sln:gmIIPId><sln:gmIIPPn>PL.PZGIK.200</sln:gmIIPPn><sln:gmIIPWersja>2012-09-26T22:12:02+02:00</sln:gmIIPWersja><sln:gmIdTeryt>1215021</sln:gmIdTeryt><sln:gmNazwa>Sucha Beskidzka</sln:gmNazwa><sln:miejscIIPId>3bebf7c7-5300-4b6d-8bd1-954cce711fe4</sln:miejscIIPId><sln:miejscIIPPn>PL.PZGIK.200</sln:miejscIIPPn><sln:miejscIIPWersja>2016-11-24T13:47:38+02:00</sln:miejscIIPWersja><sln:miejscIdTeryt>0925399</sln:miejscIdTeryt><sln:miejscNazwa>Hajdyłów</sln:miejscNazwa><sln:miejscRodzaj>Inny obiekt</sln:miejscRodzaj><sln:powIIPId>449427a1-a4c0-468a-b0ac-8da55c551398</sln:powIIPId><sln:powIIPPn>PL.PZGIK.200</sln:powIIPPn><sln:powIIPWersja>2017-10-10T00:00:00+02:00</sln:powIIPWersja><sln:powIdTeryt>1215</sln:powIdTeryt><sln:powNazwa>suski</sln:powNazwa><sln:wojIIPId>dd2e3c64-f861-47cf-a3a3-e7751f272b2f</sln:wojIIPId><sln:wojIIPPn>PL.PZGIK.200</sln:wojIIPPn><sln:wojIIPWersja>2017-10-10T00:00:00+02:00</sln:wojIIPWersja><sln:wojIdTeryt>12</sln:wojIdTeryt><sln:wojNazwa>małopolskie</sln:wojNazwa></sln:miejscowosc><sln:miejscowosc><sln:cyklZyciaOd>2014-12-07T00:00:00+01:00</sln:cyklZyciaOd><sln:gmIIPId>00c6a160-c255-4eb2-acbf-fc3156226b9f</sln:gmIIPId><sln:gmIIPPn>PL.PZGIK.200</sln:gmIIPPn><sln:gmIIPWersja>2012-09-26T22:12:02+02:00</sln:gmIIPWersja><sln:gmIdTeryt>1215021</sln:gmIdTeryt><sln:gmNazwa>Sucha Beskidzka</sln:gmNazwa><sln:miejscIIPId>2abd76e2-f86f-430f-8c41-fb0120245b53</sln:miejscIIPId><sln:miejscIIPPn>PL.PZGIK.200</sln:miejscIIPPn><sln:miejscIIPWersja>2016-11-24T13:47:38+02:00</sln:miejscIIPWersja><sln:miejscIdTeryt>0925732</sln:miejscIdTeryt><sln:miejscNazwa>Sumerówka</sln:miejscNazwa><sln:miejscRodzaj>Inny obiekt</sln:miejscRodzaj><sln:powIIPId>449427a1-a4c0-468a-b0ac-8da55c551398</sln:powIIPId><sln:powIIPPn>PL.PZGIK.200</sln:powIIPPn><sln:powIIPWersja>2017-10-10T00:00:00+02:00</sln:powIIPWersja><sln:powIdTeryt>1215</sln:powIdTeryt><sln:powNazwa>suski</sln:powNazwa><sln:wojIIPId>dd2e3c64-f861-47cf-a3a3-e7751f272b2f</sln:wojIIPId><sln:wojIIPPn>PL.PZGIK.200</sln:wojIIPPn><sln:wojIIPWersja>2017-10-10T00:00:00+02:00</sln:wojIIPWersja><sln:wojIdTeryt>12</sln:wojIdTeryt><sln:wojNazwa>małopolskie</sln:wojNazwa></sln:miejscowosc><sln:miejscowosc><sln:cyklZyciaOd>2014-12-07T00:00:00+01:00</sln:cyklZyciaOd><sln:gmIIPId>00c6a160-c255-4eb2-acbf-fc3156226b9f</sln:gmIIPId><sln:gmIIPPn>PL.PZGIK.200</sln:gmIIPPn><sln:gmIIPWersja>2012-09-26T22:12:02+02:00</sln:gmIIPWersja><sln:gmIdTeryt>1215021</sln:gmIdTeryt><sln:gmNazwa>Sucha Beskidzka</sln:gmNazwa><sln:miejscIIPId>5ecd7841-4270-4f22-ad1f-57fff7344999</sln:miejscIIPId><sln:miejscIIPPn>PL.PZGIK.200</sln:miejscIIPPn><sln:miejscIIPWersja>2016-11-24T13:47:38+02:00</sln:miejscIIPWersja><sln:miejscIdTeryt>0925689</sln:miejscIdTeryt><sln:miejscNazwa>Role</sln:miejscNazwa><sln:miejscRodzaj>Inny obiekt</sln:miejscRodzaj><sln:powIIPId>449427a1-a4c0-468a-b0ac-8da55c551398</sln:powIIPId><sln:powIIPPn>PL.PZGIK.200</sln:powIIPPn><sln:powIIPWersja>2017-10-10T00:00:00+02:00</sln:powIIPWersja><sln:powIdTeryt>1215</sln:powIdTeryt><sln:powNazwa>suski</sln:powNazwa><sln:wojIIPId>dd2e3c64-f861-47cf-a3a3-e7751f272b2f</sln:wojIIPId><sln:wojIIPPn>PL.PZGIK.200</sln:wojIIPPn><sln:wojIIPWersja>2017-10-10T00:00:00+02:00</sln:wojIIPWersja><sln:wojIdTeryt>12</sln:wojIdTeryt><sln:wojNazwa>małopolskie</sln:wojNazwa></sln:miejscowosc><sln:miejscowosc><sln:cyklZyciaOd>2014-12-07T00:00:00+01:00</sln:cyklZyciaOd><sln:gmIIPId>00c6a160-c255-4eb2-acbf-fc3156226b9f</sln:gmIIPId><sln:gmIIPPn>PL.PZGIK.200</sln:gmIIPPn><sln:gmIIPWersja>2012-09-26T22:12:02+02:00</sln:gmIIPWersja><sln:gmIdTeryt>1215021</sln:gmIdTeryt><sln:gmNazwa>Sucha Beskidzka</sln:gmNazwa><sln:miejscIIPId>5c3fa7c1-3ae2-41eb-bf0d-f12086185ac9</sln:miejscIIPId><sln:miejscIIPPn>PL.PZGIK.200</sln:miejscIIPPn><sln:miejscIIPWersja>2016-11-24T13:47:38+02:00</sln:miejscIIPWersja><sln:miejscIdTeryt>0925465</sln:miejscIdTeryt><sln:miejscNazwa>Kamienna</sln:miejscNazwa><sln:miejscRodzaj>Inny obiekt</sln:miejscRodzaj><sln:powIIPId>449427a1-a4c0-468a-b0ac-8da55c551398</sln:powIIPId><sln:powIIPPn>PL.PZGIK.200</sln:powIIPPn><sln:powIIPWersja>2017-10-10T00:00:00+02:00</sln:powIIPWersja><sln:powIdTeryt>1215</sln:powIdTeryt><sln:powNazwa>suski</sln:powNazwa><sln:wojIIPId>dd2e3c64-f861-47cf-a3a3-e7751f272b2f</sln:wojIIPId><sln:wojIIPPn>PL.PZGIK.200</sln:wojIIPPn><sln:wojIIPWersja>2017-10-10T00:00:00+02:00</sln:wojIIPWersja><sln:wojIdTeryt>12</sln:wojIdTeryt><sln:wojNazwa>małopolskie</sln:wojNazwa></sln:miejscowosc><sln:miejscowosc><sln:cyklZyciaOd>2014-12-07T00:00:00+01:00</sln:cyklZyciaOd><sln:gmIIPId>00c6a160-c255-4eb2-acbf-fc3156226b9f</sln:gmIIPId><sln:gmIIPPn>PL.PZGIK.200</sln:gmIIPPn><sln:gmIIPWersja>2012-09-26T22:12:02+02:00</sln:gmIIPWersja><sln:gmIdTeryt>1215021</sln:gmIdTeryt><sln:gmNazwa>Sucha Beskidzka</sln:gmNazwa><sln:miejscIIPId>d942bf3e-2de1-422a-87fa-ae81eebed2b1</sln:miejscIIPId><sln:miejscIIPPn>PL.PZGIK.200</sln:miejscIIPPn><sln:miejscIIPWersja>2016-11-24T13:47:38+02:00</sln:miejscIIPWersja><sln:miejscIdTeryt>0925749</sln:miejscIdTeryt><sln:miejscNazwa>Szklarczyki</sln:miejscNazwa><sln:miejscRodzaj>Inny obiekt</sln:miejscRodzaj><sln:powIIPId>449427a1-a4c0-468a-b0ac-8da55c551398</sln:powIIPId><sln:powIIPPn>PL.PZGIK.200</sln:powIIPPn><sln:powIIPWersja>2017-10-10T00:00:00+02:00</sln:powIIPWersja><sln:powIdTeryt>1215</sln:powIdTeryt><sln:powNazwa>suski</sln:powNazwa><sln:wojIIPId>dd2e3c64-f861-47cf-a3a3-e7751f272b2f</sln:wojIIPId><sln:wojIIPPn>PL.PZGIK.200</sln:wojIIPPn><sln:wojIIPWersja>2017-10-10T00:00:00+02:00</sln:wojIIPWersja><sln:wojIdTeryt>12</sln:wojIdTeryt><sln:wojNazwa>małopolskie</sln:wojNazwa></sln:miejscowosc><sln:miejscowosc><sln:cyklZyciaOd>2014-12-07T00:00:00+01:00</sln:cyklZyciaOd><sln:gmIIPId>00c6a160-c255-4eb2-acbf-fc3156226b9f</sln:gmIIPId><sln:gmIIPPn>PL.PZGIK.200</sln:gmIIPPn><sln:gmIIPWersja>2012-09-26T22:12:02+02:00</sln:gmIIPWersja><sln:gmIdTeryt>1215021</sln:gmIdTeryt><sln:gmNazwa>Sucha Beskidzka</sln:gmNazwa><sln:miejscIIPId>38e68f44-667d-40c7-a584-9890062472a5</sln:miejscIIPId><sln:miejscIIPPn>PL.PZGIK.200</sln:miejscIIPPn><sln:miejscIIPWersja>2016-11-24T13:47:38+02:00</sln:miejscIIPWersja><sln:miejscIdTeryt>0925471</sln:miejscIdTeryt><sln:miejscNazwa>Knapiki</sln:miejscNazwa><sln:miejscRodzaj>Inny obiekt</sln:miejscRodzaj><sln:powIIPId>449427a1-a4c0-468a-b0ac-8da55c551398</sln:powIIPId><sln:powIIPPn>PL.PZGIK.200</sln:powIIPPn><sln:powIIPWersja>2017-10-10T00:00:00+02:00</sln:powIIPWersja><sln:powIdTeryt>1215</sln:powIdTeryt><sln:powNazwa>suski</sln:powNazwa><sln:wojIIPId>dd2e3c64-f861-47cf-a3a3-e7751f272b2f</sln:wojIIPId><sln:wojIIPPn>PL.PZGIK.200</sln:wojIIPPn><sln:wojIIPWersja>2017-10-10T00:00:00+02:00</sln:wojIIPWersja><sln:wojIdTeryt>12</sln:wojIdTeryt><sln:wojNazwa>małopolskie</sln:wojNazwa></sln:miejscowosc><sln:miejscowosc><sln:cyklZyciaOd>2014-12-07T00:00:00+01:00</sln:cyklZyciaOd><sln:gmIIPId>00c6a160-c255-4eb2-acbf-fc3156226b9f</sln:gmIIPId><sln:gmIIPPn>PL.PZGIK.200</sln:gmIIPPn><sln:gmIIPWersja>2012-09-26T22:12:02+02:00</sln:gmIIPWersja><sln:gmIdTeryt>1215021</sln:gmIdTeryt><sln:gmNazwa>Sucha Beskidzka</sln:gmNazwa><sln:miejscIIPId>f2fe32c4-f918-483e-8fc8-620322047894</sln:miejscIIPId><sln:miejscIIPPn>PL.PZGIK.200</sln:miejscIIPPn><sln:miejscIIPWersja>2016-11-24T13:47:38+02:00</sln:miejscIIPWersja><sln:miejscIdTeryt>0925488</sln:miejscIdTeryt><sln:miejscNazwa>Knapówka</sln:miejscNazwa><sln:miejscRodzaj>Inny obiekt</sln:miejscRodzaj><sln:powIIPId>449427a1-a4c0-468a-b0ac-8da55c551398</sln:powIIPId><sln:powIIPPn>PL.PZGIK.200</sln:powIIPPn><sln:powIIPWersja>2017-10-10T00:00:00+02:00</sln:powIIPWersja><sln:powIdTeryt>1215</sln:powIdTeryt><sln:powNazwa>suski</sln:powNazwa><sln:wojIIPId>dd2e3c64-f861-47cf-a3a3-e7751f272b2f</sln:wojIIPId><sln:wojIIPPn>PL.PZGIK.200</sln:wojIIPPn><sln:wojIIPWersja>2017-10-10T00:00:00+02:00</sln:wojIIPWersja><sln:wojIdTeryt>12</sln:wojIdTeryt><sln:wojNazwa>małopolskie</sln:wojNazwa></sln:miejscowosc><sln:miejscowosc><sln:cyklZyciaOd>2017-08-23T00:00:00+02:00</sln:cyklZyciaOd><sln:gmIIPId>00c6a160-c255-4eb2-acbf-fc3156226b9f</sln:gmIIPId><sln:gmIIPPn>PL.PZGIK.200</sln:gmIIPPn><sln:gmIIPWersja>2012-09-26T22:12:02+02:00</sln:gmIIPWersja><sln:gmIdTeryt>1215021</sln:gmIdTeryt><sln:gmNazwa>Sucha Beskidzka</sln:gmNazwa><sln:miejscIIPId>c30cb40a-f774-4e8b-b20c-1aff1b37851e</sln:miejscIIPId><sln:miejscIIPPn>PL.PZGIK.200</sln:miejscIIPPn><sln:miejscIIPWersja>2017-08-23T00:19:55+02:00</sln:miejscIIPWersja><sln:miejscIdTeryt>0925726</sln:miejscIdTeryt><sln:miejscNazwa>Stachurzy</sln:miejscNazwa><sln:miejscRodzaj>Inny obiekt</sln:miejscRodzaj><sln:powIIPId>449427a1-a4c0-468a-b0ac-8da55c551398</sln:powIIPId><sln:powIIPPn>PL.PZGIK.200</sln:powIIPPn><sln:powIIPWersja>2017-10-10T00:00:00+02:00</sln:powIIPWersja><sln:powIdTeryt>1215</sln:powIdTeryt><sln:powNazwa>suski</sln:powNazwa><sln:wojIIPId>dd2e3c64-f861-47cf-a3a3-e7751f272b2f</sln:wojIIPId><sln:wojIIPPn>PL.PZGIK.200</sln:wojIIPPn><sln:wojIIPWersja>2017-10-10T00:00:00+02:00</sln:wojIIPWersja><sln:wojIdTeryt>12</sln:wojIdTeryt><sln:wojNazwa>małopolskie</sln:wojNazwa></sln:miejscowosc><sln:miejscowosc><sln:cyklZyciaDo>2017-11-30T00:00:00+01:00</sln:cyklZyciaDo><sln:cyklZyciaOd>2017-08-23T00:00:00+02:00</sln:cyklZyciaOd><sln:gmIIPId>00c6a160-c255-4eb2-acbf-fc3156226b9f</sln:gmIIPId><sln:gmIIPPn>PL.PZGIK.200</sln:gmIIPPn><sln:gmIIPWersja>2012-09-26T22:12:02+02:00</sln:gmIIPWersja><sln:gmIdTeryt>1215021</sln:gmIdTeryt><sln:gmNazwa>Sucha Beskidzka</sln:gmNazwa><sln:miejscIIPId>bb8962a7-9b20-4b1b-a235-02d05064273a</sln:miejscIIPId><sln:miejscIIPPn>PL.PZGIK.200</sln:miejscIIPPn><sln:miejscIIPWersja>2017-08-23T00:19:55+02:00</sln:miejscIIPWersja><sln:miejscIdTeryt>0925531</sln:miejscIdTeryt><sln:miejscNIIPId>f97669a2-f421-4254-8b60-7843b6d01d40</sln:miejscNIIPId><sln:miejscNIIPPn>PL.PZGIK.200</sln:miejscNIIPPn><sln:miejscNIIPWersja>2016-11-24T13:31:37+02:00</sln:miejscNIIPWersja><sln:miejscNIdTeryt>0925287</sln:miejscNIdTeryt><sln:miejscNNazwa>Sucha Beskidzka</sln:miejscNNazwa><sln:miejscNRodzaj>Miasto</sln:miejscNRodzaj><sln:miejscNazwa>Książki</sln:miejscNazwa><sln:miejscRodzaj>Inny obiekt</sln:miejscRodzaj><sln:powIIPId>449427a1-a4c0-468a-b0ac-8da55c551398</sln:powIIPId><sln:powIIPPn>PL.PZGIK.200</sln:powIIPPn><sln:powIIPWersja>2017-10-10T00:00:00+02:00</sln:powIIPWersja><sln:powIdTeryt>1215</sln:powIdTeryt><sln:powNazwa>suski</sln:powNazwa><sln:wojIIPId>dd2e3c64-f861-47cf-a3a3-e7751f272b2f</sln:wojIIPId><sln:wojIIPPn>PL.PZGIK.200</sln:wojIIPPn><sln:wojIIPWersja>2017-10-10T00:00:00+02:00</sln:wojIIPWersja><sln:wojIdTeryt>12</sln:wojIdTeryt><sln:wojNazwa>małopolskie</sln:wojNazwa></sln:miejscowosc><sln:miejscowosc><sln:cyklZyciaDo>2017-09-23T00:00:00+02:00</sln:cyklZyciaDo><sln:cyklZyciaOd>2017-08-23T00:00:00+02:00</sln:cyklZyciaOd><sln:gmIIPId>00c6a160-c255-4eb2-acbf-fc3156226b9f</sln:gmIIPId><sln:gmIIPPn>PL.PZGIK.200</sln:gmIIPPn><sln:gmIIPWersja>2012-09-26T22:12:02+02:00</sln:gmIIPWersja><sln:gmIdTeryt>1215021</sln:gmIdTeryt><sln:gmNazwa>Sucha Beskidzka</sln:gmNazwa><sln:miejscIIPId>a03cc976-a1e8-4609-ab47-99aaca1fc98c</sln:miejscIIPId><sln:miejscIIPPn>PL.PZGIK.200</sln:miejscIIPPn><sln:miejscIIPWersja>2017-08-23T00:19:55+02:00</sln:miejscIIPWersja><sln:miejscIdTeryt>0925531</sln:miejscIdTeryt><sln:miejscNIIPId>f97669a2-f421-4254-8b60-7843b6d01d40</sln:miejscNIIPId><sln:miejscNIIPPn>PL.PZGIK.200</sln:miejscNIIPPn><sln:miejscNIIPWersja>2016-11-24T13:31:37+02:00</sln:miejscNIIPWersja><sln:miejscNIdTeryt>0925287</sln:miejscNIdTeryt><sln:miejscNNazwa>Sucha Beskidzka</sln:miejscNNazwa><sln:miejscNRodzaj>Miasto</sln:miejscNRodzaj><sln:miejscNazwa>Dulskówka</sln:miejscNazwa><sln:miejscRodzaj>Inny obiekt</sln:miejscRodzaj><sln:powIIPId>449427a1-a4c0-468a-b0ac-8da55c551398</sln:powIIPId><sln:powIIPPn>PL.PZGIK.200</sln:powIIPPn><sln:powIIPWersja>2017-10-10T00:00:00+02:00</sln:powIIPWersja><sln:powIdTeryt>1215</sln:powIdTeryt><sln:powNazwa>suski</sln:powNazwa><sln:wojIIPId>dd2e3c64-f861-47cf-a3a3-e7751f272b2f</sln:wojIIPId><sln:wojIIPPn>PL.PZGIK.200</sln:wojIIPPn><sln:wojIIPWersja>2017-10-10T00:00:00+02:00</sln:wojIIPWersja><sln:wojIdTeryt>12</sln:wojIdTeryt><sln:wojNazwa>małopolskie</sln:wojNazwa></sln:miejscowosc><sln:miejscowosc><sln:cyklZyciaDo>2017-11-30T00:00:00+01:00</sln:cyklZyciaDo><sln:cyklZyciaOd>2017-09-23T00:00:00+02:00</sln:cyklZyciaOd><sln:gmIIPId>00c6a160-c255-4eb2-acbf-fc3156226b9f</sln:gmIIPId><sln:gmIIPPn>PL.PZGIK.200</sln:gmIIPPn><sln:gmIIPWersja>2012-09-26T22:12:02+02:00</sln:gmIIPWersja><sln:gmIdTeryt>1215021</sln:gmIdTeryt><sln:gmNazwa>Sucha Beskidzka</sln:gmNazwa><sln:miejscIIPId>a03cc976-a1e8-4609-ab47-99aaca1fc98c</sln:miejscIIPId><sln:miejscIIPPn>PL.PZGIK.200</sln:miejscIIPPn><sln:miejscIIPWersja>2017-09-23T00:18:22+02:00</sln:miejscIIPWersja><sln:miejscIdTeryt>0925360</sln:miejscIdTeryt><sln:miejscNIIPId>f97669a2-f421-4254-8b60-7843b6d01d40</sln:miejscNIIPId><sln:miejscNIIPPn>PL.PZGIK.200</sln:miejscNIIPPn><sln:miejscNIIPWersja>2016-11-24T13:31:37+02:00</sln:miejscNIIPWersja><sln:miejscNIdTeryt>0925287</sln:miejscNIdTeryt><sln:miejscNNazwa>Sucha Beskidzka</sln:miejscNNazwa><sln:miejscNRodzaj>Miasto</sln:miejscNRodzaj><sln:miejscNazwa>Dulskówka</sln:miejscNazwa><sln:miejscRodzaj>Inny obiekt</sln:miejscRodzaj><sln:powIIPId>449427a1-a4c0-468a-b0ac-8da55c551398</sln:powIIPId><sln:powIIPPn>PL.PZGIK.200</sln:powIIPPn><sln:powIIPWersja>2017-10-10T00:00:00+02:00</sln:powIIPWersja><sln:powIdTeryt>1215</sln:powIdTeryt><sln:powNazwa>suski</sln:powNazwa><sln:wojIIPId>dd2e3c64-f861-47cf-a3a3-e7751f272b2f</sln:wojIIPId><sln:wojIIPPn>PL.PZGIK.200</sln:wojIIPPn><sln:wojIIPWersja>2017-10-10T00:00:00+02:00</sln:wojIIPWersja><sln:wojIdTeryt>12</sln:wojIdTeryt><sln:wojNazwa>małopolskie</sln:wojNazwa></sln:miejscowosc><sln:miejscowosc><sln:cyklZyciaOd>2017-09-23T00:00:00+02:00</sln:cyklZyciaOd><sln:gmIIPId>00c6a160-c255-4eb2-acbf-fc3156226b9f</sln:gmIIPId><sln:gmIIPPn>PL.PZGIK.200</sln:gmIIPPn><sln:gmIIPWersja>2012-09-26T22:12:02+02:00</sln:gmIIPWersja><sln:gmIdTeryt>1215021</sln:gmIdTeryt><sln:gmNazwa>Sucha Beskidzka</sln:gmNazwa><sln:miejscIIPId>78fd72ad-7ab7-4527-b058-d65fcc647668</sln:miejscIIPId><sln:miejscIIPPn>PL.PZGIK.200</sln:miejscIIPPn><sln:miejscIIPWersja>2017-09-23T00:18:22+02:00</sln:miejscIIPWersja><sln:miejscIdTeryt>0925324</sln:miejscIdTeryt><sln:miejscNIIPId>f97669a2-f421-4254-8b60-7843b6d01d40</sln:miejscNIIPId><sln:miejscNIIPPn>PL.PZGIK.200</sln:miejscNIIPPn><sln:miejscNIIPWersja>2016-11-24T13:31:37+02:00</sln:miejscNIIPWersja><sln:miejscNIdTeryt>0925287</sln:miejscNIdTeryt><sln:miejscNNazwa>Sucha Beskidzka</sln:miejscNNazwa><sln:miejscNRodzaj>Miasto</sln:miejscNRodzaj><sln:miejscNazwa>Błądzonka</sln:miejscNazwa><sln:miejscRodzaj>Inny obiekt</sln:miejscRodzaj><sln:powIIPId>449427a1-a4c0-468a-b0ac-8da55c551398</sln:powIIPId><sln:powIIPPn>PL.PZGIK.200</sln:powIIPPn><sln:powIIPWersja>2017-10-10T00:00:00+02:00</sln:powIIPWersja><sln:powIdTeryt>1215</sln:powIdTeryt><sln:powNazwa>suski</sln:powNazwa><sln:wojIIPId>dd2e3c64-f861-47cf-a3a3-e7751f272b2f</sln:wojIIPId><sln:wojIIPPn>PL.PZGIK.200</sln:wojIIPPn><sln:wojIIPWersja>2017-10-10T00:00:00+02:00</sln:wojIIPWersja><sln:wojIdTeryt>12</sln:wojIdTeryt><sln:wojNazwa>małopolskie</sln:wojNazwa></sln:miejscowosc><sln:miejscowosc><sln:cyklZyciaOd>2017-10-03T00:00:00+02:00</sln:cyklZyciaOd><sln:gmIIPId>00c6a160-c255-4eb2-acbf-fc3156226b9f</sln:gmIIPId><sln:gmIIPPn>PL.PZGIK.200</sln:gmIIPPn><sln:gmIIPWersja>2012-09-26T22:12:02+02:00</sln:gmIIPWersja><sln:gmIdTeryt>1215021</sln:gmIdTeryt><sln:gmNazwa>Sucha Beskidzka</sln:gmNazwa><sln:miejscIIPId>8db6160c-4fa3-4bb6-a354-a20119019951</sln:miejscIIPId><sln:miejscIIPPn>PL.PZGIK.200</sln:miejscIIPPn><sln:miejscIIPWersja>2017-10-03T00:18:10+02:00</sln:miejscIIPWersja><sln:miejscIdTeryt>0925459</sln:miejscIdTeryt><sln:miejscNazwa>Józefy</sln:miejscNazwa><sln:miejscRodzaj>Inny obiekt</sln:miejscRodzaj><sln:powIIPId>449427a1-a4c0-468a-b0ac-8da55c551398</sln:powIIPId><sln:powIIPPn>PL.PZGIK.200</sln:powIIPPn><sln:powIIPWersja>2017-10-10T00:00:00+02:00</sln:powIIPWersja><sln:powIdTeryt>1215</sln:powIdTeryt><sln:powNazwa>suski</sln:powNazwa><sln:wojIIPId>dd2e3c64-f861-47cf-a3a3-e7751f272b2f</sln:wojIIPId><sln:wojIIPPn>PL.PZGIK.200</sln:wojIIPPn><sln:wojIIPWersja>2017-10-10T00:00:00+02:00</sln:wojIIPWersja><sln:wojIdTeryt>12</sln:wojIdTeryt><sln:wojNazwa>małopolskie</sln:wojNazwa></sln:miejscowosc><sln:miejscowosc><sln:cyklZyciaOd>2017-10-03T00:00:00+02:00</sln:cyklZyciaOd><sln:gmIIPId>00c6a160-c255-4eb2-acbf-fc3156226b9f</sln:gmIIPId><sln:gmIIPPn>PL.PZGIK.200</sln:gmIIPPn><sln:gmIIPWersja>2012-09-26T22:12:02+02:00</sln:gmIIPWersja><sln:gmIdTeryt>1215021</sln:gmIdTeryt><sln:gmNazwa>Sucha Beskidzka</sln:gmNazwa><sln:miejscIIPId>9e2cfa32-247f-45a8-a2df-82235804be01</sln:miejscIIPId><sln:miejscIIPPn>PL.PZGIK.200</sln:miejscIIPPn><sln:miejscIIPWersja>2017-10-03T00:18:11+02:00</sln:miejscIIPWersja><sln:miejscIdTeryt>0925442</sln:miejscIdTeryt><sln:miejscNIIPId>f97669a2-f421-4254-8b60-7843b6d01d40</sln:miejscNIIPId><sln:miejscNIIPPn>PL.PZGIK.200</sln:miejscNIIPPn><sln:miejscNIIPWersja>2016-11-24T13:31:37+02:00</sln:miejscNIIPWersja><sln:miejscNIdTeryt>0925287</sln:miejscNIdTeryt><sln:miejscNNazwa>Sucha Beskidzka</sln:miejscNNazwa><sln:miejscNRodzaj>Miasto</sln:miejscNRodzaj><sln:miejscNazwa>Józefiaki</sln:miejscNazwa><sln:miejscRodzaj>Inny obiekt</sln:miejscRodzaj><sln:powIIPId>449427a1-a4c0-468a-b0ac-8da55c551398</sln:powIIPId><sln:powIIPPn>PL.PZGIK.200</sln:powIIPPn><sln:powIIPWersja>2017-10-10T00:00:00+02:00</sln:powIIPWersja><sln:powIdTeryt>1215</sln:powIdTeryt><sln:powNazwa>suski</sln:powNazwa><sln:wojIIPId>dd2e3c64-f861-47cf-a3a3-e7751f272b2f</sln:wojIIPId><sln:wojIIPPn>PL.PZGIK.200</sln:wojIIPPn><sln:wojIIPWersja>2017-10-10T00:00:00+02:00</sln:wojIIPWersja><sln:wojIdTeryt>12</sln:wojIdTeryt><sln:wojNazwa>małopolskie</sln:wojNazwa></sln:miejscowosc><sln:miejscowosc><sln:cyklZyciaOd>2017-11-30T00:00:00+01:00</sln:cyklZyciaOd><sln:gmIIPId>00c6a160-c255-4eb2-acbf-fc3156226b9f</sln:gmIIPId><sln:gmIIPPn>PL.PZGIK.200</sln:gmIIPPn><sln:gmIIPWersja>2012-09-26T22:12:02+02:00</sln:gmIIPWersja><sln:gmIdTeryt>1215021</sln:gmIdTeryt><sln:gmNazwa>Sucha Beskidzka</sln:gmNazwa><sln:miejscIIPId>bb8962a7-9b20-4b1b-a235-02d05064273a</sln:miejscIIPId><sln:miejscIIPPn>PL.PZGIK.200</sln:miejscIIPPn><sln:miejscIIPWersja>2017-11-30T00:18:47+02:00</sln:miejscIIPWersja><sln:miejscIdTeryt>0925360</sln:miejscIdTeryt><sln:miejscNIIPId>f97669a2-f421-4254-8b60-7843b6d01d40</sln:miejscNIIPId><sln:miejscNIIPPn>PL.PZGIK.200</sln:miejscNIIPPn><sln:miejscNIIPWersja>2016-11-24T13:31:37+02:00</sln:miejscNIIPWersja><sln:miejscNIdTeryt>0925287</sln:miejscNIdTeryt><sln:miejscNNazwa>Sucha Beskidzka</sln:miejscNNazwa><sln:miejscNRodzaj>Miasto</sln:miejscNRodzaj><sln:miejscNazwa>Dulskówka</sln:miejscNazwa><sln:miejscRodzaj>Inny obiekt</sln:miejscRodzaj><sln:powIIPId>449427a1-a4c0-468a-b0ac-8da55c551398</sln:powIIPId><sln:powIIPPn>PL.PZGIK.200</sln:powIIPPn><sln:powIIPWersja>2017-10-10T00:00:00+02:00</sln:powIIPWersja><sln:powIdTeryt>1215</sln:powIdTeryt><sln:powNazwa>suski</sln:powNazwa><sln:wojIIPId>dd2e3c64-f861-47cf-a3a3-e7751f272b2f</sln:wojIIPId><sln:wojIIPPn>PL.PZGIK.200</sln:wojIIPPn><sln:wojIIPWersja>2017-10-10T00:00:00+02:00</sln:wojIIPWersja><sln:wojIdTeryt>12</sln:wojIdTeryt><sln:wojNazwa>małopolskie</sln:wojNazwa></sln:miejscowosc><sln:miejscowosc><sln:cyklZyciaOd>2017-11-30T00:00:00+01:00</sln:cyklZyciaOd><sln:gmIIPId>00c6a160-c255-4eb2-acbf-fc3156226b9f</sln:gmIIPId><sln:gmIIPPn>PL.PZGIK.200</sln:gmIIPPn><sln:gmIIPWersja>2012-09-26T22:12:02+02:00</sln:gmIIPWersja><sln:gmIdTeryt>1215021</sln:gmIdTeryt><sln:gmNazwa>Sucha Beskidzka</sln:gmNazwa><sln:miejscIIPId>a03cc976-a1e8-4609-ab47-99aaca1fc98c</sln:miejscIIPId><sln:miejscIIPPn>PL.PZGIK.200</sln:miejscIIPPn><sln:miejscIIPWersja>2017-11-30T00:18:47+02:00</sln:miejscIIPWersja><sln:miejscIdTeryt>0925531</sln:miejscIdTeryt><sln:miejscNIIPId>f97669a2-f421-4254-8b60-7843b6d01d40</sln:miejscNIIPId><sln:miejscNIIPPn>PL.PZGIK.200</sln:miejscNIIPPn><sln:miejscNIIPWersja>2016-11-24T13:31:37+02:00</sln:miejscNIIPWersja><sln:miejscNIdTeryt>0925287</sln:miejscNIdTeryt><sln:miejscNNazwa>Sucha Beskidzka</sln:miejscNNazwa><sln:miejscNRodzaj>Miasto</sln:miejscNRodzaj><sln:miejscNazwa>Książki</sln:miejscNazwa><sln:miejscRodzaj>Inny obiekt</sln:miejscRodzaj><sln:powIIPId>449427a1-a4c0-468a-b0ac-8da55c551398</sln:powIIPId><sln:powIIPPn>PL.PZGIK.200</sln:powIIPPn><sln:powIIPWersja>2017-10-10T00:00:00+02:00</sln:powIIPWersja><sln:powIdTeryt>1215</sln:powIdTeryt><sln:powNazwa>suski</sln:powNazwa><sln:wojIIPId>dd2e3c64-f861-47cf-a3a3-e7751f272b2f</sln:wojIIPId><sln:wojIIPPn>PL.PZGIK.200</sln:wojIIPPn><sln:wojIIPWersja>2017-10-10T00:00:00+02:00</sln:wojIIPWersja><sln:wojIdTeryt>12</sln:wojIdTeryt><sln:wojNazwa>małopolskie</sln:wojNazwa></sln:miejscowosc></sln:lista-miejscowosci>