<?xml version="1.0" encoding="UTF-8" standalone="yes"?><sln:lista-miejscowosci xmlns:srv="http://gugik.gov.pl/schemas/slowniki-service/1.0" xmlns:sln="http://gugik.gov.pl/schemas/slowniki-schema/1.0"><sln:miejscowosc><sln:cyklZyciaDo>2017-04-21T00:00:00+02:00</sln:cyklZyciaDo><sln:cyklZyciaOd>2015-10-14T00:00:00+02:00</sln:cyklZyciaOd><sln:gmIIPId>ed647a44-3044-4e17-8558-f1646b072d2a</sln:gmIIPId><sln:gmIIPPn>PL.PZGIK.200</sln:gmIIPPn><sln:gmIIPWersja>2012-09-26T22:12:12+02:00</sln:gmIIPWersja><sln:gmIdTeryt>1216072</sln:gmIdTeryt><sln:gmNazwa>Rzepiennik Strzyżewski</sln:gmNazwa><sln:miejscIIPId>56403330-5c82-4c27-9670-191b5b4af47f</sln:miejscIIPId><sln:miejscIIPPn>PL.PZGIK.200</sln:miejscIIPPn><sln:miejscIIPWersja>2016-11-24T12:53:30+02:00</sln:miejscIIPWersja><sln:miejscIdTeryt>0829595</sln:miejscIdTeryt><sln:miejscNazwa>Kołkówka</sln:miejscNazwa><sln:miejscRodzaj>Wieś</sln:miejscRodzaj><sln:powIIPId>17c3b30e-7279-4144-9a54-b54dcc50a95c</sln:powIIPId><sln:powIIPPn>PL.PZGIK.200</sln:powIIPPn><sln:powIIPWersja>2012-09-27T07:52:01+02:00</sln:powIIPWersja><sln:powIdTeryt>1216</sln:powIdTeryt><sln:powNazwa>tarnowski</sln:powNazwa><sln:waznyOd>2015-08-26T00:00:00+02:00</sln:waznyOd><sln:wojIIPId>dd2e3c64-f861-47cf-a3a3-e7751f272b2f</sln:wojIIPId><sln:wojIIPPn>PL.PZGIK.200</sln:wojIIPPn><sln:wojIIPWersja>2017-10-10T00:00:00+02:00</sln:wojIIPWersja><sln:wojIdTeryt>12</sln:wojIdTeryt><sln:wojNazwa>małopolskie</sln:wojNazwa></sln:miejscowosc><sln:miejscowosc><sln:cyklZyciaDo>2017-04-21T00:00:00+02:00</sln:cyklZyciaDo><sln:cyklZyciaOd>2015-10-14T00:00:00+02:00</sln:cyklZyciaOd><sln:gmIIPId>ed647a44-3044-4e17-8558-f1646b072d2a</sln:gmIIPId><sln:gmIIPPn>PL.PZGIK.200</sln:gmIIPPn><sln:gmIIPWersja>2012-09-26T22:12:12+02:00</sln:gmIIPWersja><sln:gmIdTeryt>1216072</sln:gmIdTeryt><sln:gmNazwa>Rzepiennik Strzyżewski</sln:gmNazwa><sln:miejscIIPId>92199bc8-8d1d-4ea9-9a14-53127ce4af0f</sln:miejscIIPId><sln:miejscIIPPn>PL.PZGIK.200</sln:miejscIIPPn><sln:miejscIIPWersja>2016-11-24T12:53:30+02:00</sln:miejscIIPWersja><sln:miejscIdTeryt>0829431</sln:miejscIdTeryt><sln:miejscNazwa>Olszyny</sln:miejscNazwa><sln:miejscRodzaj>Wieś</sln:miejscRodzaj><sln:powIIPId>17c3b30e-7279-4144-9a54-b54dcc50a95c</sln:powIIPId><sln:powIIPPn>PL.PZGIK.200</sln:powIIPPn><sln:powIIPWersja>2012-09-27T07:52:01+02:00</sln:powIIPWersja><sln:powIdTeryt>1216</sln:powIdTeryt><sln:powNazwa>tarnowski</sln:powNazwa><sln:waznyOd>2015-07-30T00:00:00+02:00</sln:waznyOd><sln:wojIIPId>dd2e3c64-f861-47cf-a3a3-e7751f272b2f</sln:wojIIPId><sln:wojIIPPn>PL.PZGIK.200</sln:wojIIPPn><sln:wojIIPWersja>2017-10-10T00:00:00+02:00</sln:wojIIPWersja><sln:wojIdTeryt>12</sln:wojIdTeryt><sln:wojNazwa>małopolskie</sln:wojNazwa></sln:miejscowosc><sln:miejscowosc><sln:cyklZyciaDo>2017-04-21T00:00:00+02:00</sln:cyklZyciaDo><sln:cyklZyciaOd>2015-10-14T00:00:00+02:00</sln:cyklZyciaOd><sln:gmIIPId>ed647a44-3044-4e17-8558-f1646b072d2a</sln:gmIIPId><sln:gmIIPPn>PL.PZGIK.200</sln:gmIIPPn><sln:gmIIPWersja>2012-09-26T22:12:12+02:00</sln:gmIIPWersja><sln:gmIdTeryt>1216072</sln:gmIdTeryt><sln:gmNazwa>Rzepiennik Strzyżewski</sln:gmNazwa><sln:miejscIIPId>cb56cd1e-9858-4f4c-917f-5ee09cf93390</sln:miejscIIPId><sln:miejscIIPPn>PL.PZGIK.200</sln:miejscIIPPn><sln:miejscIIPWersja>2016-11-24T12:53:30+02:00</sln:miejscIIPWersja><sln:miejscIdTeryt>0829566</sln:miejscIdTeryt><sln:miejscNazwa>Rzepiennik Biskupi</sln:miejscNazwa><sln:miejscRodzaj>Wieś</sln:miejscRodzaj><sln:powIIPId>17c3b30e-7279-4144-9a54-b54dcc50a95c</sln:powIIPId><sln:powIIPPn>PL.PZGIK.200</sln:powIIPPn><sln:powIIPWersja>2012-09-27T07:52:01+02:00</sln:powIIPWersja><sln:powIdTeryt>1216</sln:powIdTeryt><sln:powNazwa>tarnowski</sln:powNazwa><sln:waznyOd>2015-07-30T00:00:00+02:00</sln:waznyOd><sln:wojIIPId>dd2e3c64-f861-47cf-a3a3-e7751f272b2f</sln:wojIIPId><sln:wojIIPPn>PL.PZGIK.200</sln:wojIIPPn><sln:wojIIPWersja>2017-10-10T00:00:00+02:00</sln:wojIIPWersja><sln:wojIdTeryt>12</sln:wojIdTeryt><sln:wojNazwa>małopolskie</sln:wojNazwa></sln:miejscowosc><sln:miejscowosc><sln:cyklZyciaDo>2017-04-21T00:00:00+02:00</sln:cyklZyciaDo><sln:cyklZyciaOd>2015-10-14T00:00:00+02:00</sln:cyklZyciaOd><sln:gmIIPId>ed647a44-3044-4e17-8558-f1646b072d2a</sln:gmIIPId><sln:gmIIPPn>PL.PZGIK.200</sln:gmIIPPn><sln:gmIIPWersja>2012-09-26T22:12:12+02:00</sln:gmIIPWersja><sln:gmIdTeryt>1216072</sln:gmIdTeryt><sln:gmNazwa>Rzepiennik Strzyżewski</sln:gmNazwa><sln:miejscIIPId>aaf7d137-2f4c-4b90-ac1c-f54236659fb9</sln:miejscIIPId><sln:miejscIIPPn>PL.PZGIK.200</sln:miejscIIPPn><sln:miejscIIPWersja>2016-11-24T12:53:30+02:00</sln:miejscIIPWersja><sln:miejscIdTeryt>0829655</sln:miejscIdTeryt><sln:miejscNazwa>Rzepiennik Strzyżewski</sln:miejscNazwa><sln:miejscRodzaj>Wieś</sln:miejscRodzaj><sln:powIIPId>17c3b30e-7279-4144-9a54-b54dcc50a95c</sln:powIIPId><sln:powIIPPn>PL.PZGIK.200</sln:powIIPPn><sln:powIIPWersja>2012-09-27T07:52:01+02:00</sln:powIIPWersja><sln:powIdTeryt>1216</sln:powIdTeryt><sln:powNazwa>tarnowski</sln:powNazwa><sln:waznyOd>2015-08-26T00:00:00+02:00</sln:waznyOd><sln:wojIIPId>dd2e3c64-f861-47cf-a3a3-e7751f272b2f</sln:wojIIPId><sln:wojIIPPn>PL.PZGIK.200</sln:wojIIPPn><sln:wojIIPWersja>2017-10-10T00:00:00+02:00</sln:wojIIPWersja><sln:wojIdTeryt>12</sln:wojIdTeryt><sln:wojNazwa>małopolskie</sln:wojNazwa></sln:miejscowosc><sln:miejscowosc><sln:cyklZyciaDo>2017-04-21T00:00:00+02:00</sln:cyklZyciaDo><sln:cyklZyciaOd>2015-10-14T00:00:00+02:00</sln:cyklZyciaOd><sln:gmIIPId>ed647a44-3044-4e17-8558-f1646b072d2a</sln:gmIIPId><sln:gmIIPPn>PL.PZGIK.200</sln:gmIIPPn><sln:gmIIPWersja>2012-09-26T22:12:12+02:00</sln:gmIIPWersja><sln:gmIdTeryt>1216072</sln:gmIdTeryt><sln:gmNazwa>Rzepiennik Strzyżewski</sln:gmNazwa><sln:miejscIIPId>ca15da81-8556-4228-930a-1239505082fe</sln:miejscIIPId><sln:miejscIIPPn>PL.PZGIK.200</sln:miejscIIPPn><sln:miejscIIPWersja>2016-11-24T12:53:30+02:00</sln:miejscIIPWersja><sln:miejscIdTeryt>0829721</sln:miejscIdTeryt><sln:miejscNazwa>Rzepiennik Suchy</sln:miejscNazwa><sln:miejscRodzaj>Wieś</sln:miejscRodzaj><sln:powIIPId>17c3b30e-7279-4144-9a54-b54dcc50a95c</sln:powIIPId><sln:powIIPPn>PL.PZGIK.200</sln:powIIPPn><sln:powIIPWersja>2012-09-27T07:52:01+02:00</sln:powIIPWersja><sln:powIdTeryt>1216</sln:powIdTeryt><sln:powNazwa>tarnowski</sln:powNazwa><sln:waznyOd>2015-07-30T00:00:00+02:00</sln:waznyOd><sln:wojIIPId>dd2e3c64-f861-47cf-a3a3-e7751f272b2f</sln:wojIIPId><sln:wojIIPPn>PL.PZGIK.200</sln:wojIIPPn><sln:wojIIPWersja>2017-10-10T00:00:00+02:00</sln:wojIIPWersja><sln:wojIdTeryt>12</sln:wojIdTeryt><sln:wojNazwa>małopolskie</sln:wojNazwa></sln:miejscowosc><sln:miejscowosc><sln:cyklZyciaDo>2017-04-21T00:00:00+02:00</sln:cyklZyciaDo><sln:cyklZyciaOd>2015-10-14T00:00:00+02:00</sln:cyklZyciaOd><sln:gmIIPId>ed647a44-3044-4e17-8558-f1646b072d2a</sln:gmIIPId><sln:gmIIPPn>PL.PZGIK.200</sln:gmIIPPn><sln:gmIIPWersja>2012-09-26T22:12:12+02:00</sln:gmIIPWersja><sln:gmIdTeryt>1216072</sln:gmIdTeryt><sln:gmNazwa>Rzepiennik Strzyżewski</sln:gmNazwa><sln:miejscIIPId>98623732-9ca9-4908-801d-2a663a57867c</sln:miejscIIPId><sln:miejscIIPPn>PL.PZGIK.200</sln:miejscIIPPn><sln:miejscIIPWersja>2016-11-24T12:53:30+02:00</sln:miejscIIPWersja><sln:miejscIdTeryt>0829767</sln:miejscIdTeryt><sln:miejscNazwa>Turza</sln:miejscNazwa><sln:miejscRodzaj>Wieś</sln:miejscRodzaj><sln:powIIPId>17c3b30e-7279-4144-9a54-b54dcc50a95c</sln:powIIPId><sln:powIIPPn>PL.PZGIK.200</sln:powIIPPn><sln:powIIPWersja>2012-09-27T07:52:01+02:00</sln:powIIPWersja><sln:powIdTeryt>1216</sln:powIdTeryt><sln:powNazwa>tarnowski</sln:powNazwa><sln:waznyOd>2015-07-30T00:00:00+02:00</sln:waznyOd><sln:wojIIPId>dd2e3c64-f861-47cf-a3a3-e7751f272b2f</sln:wojIIPId><sln:wojIIPPn>PL.PZGIK.200</sln:wojIIPPn><sln:wojIIPWersja>2017-10-10T00:00:00+02:00</sln:wojIIPWersja><sln:wojIdTeryt>12</sln:wojIdTeryt><sln:wojNazwa>małopolskie</sln:wojNazwa></sln:miejscowosc><sln:miejscowosc><sln:cyklZyciaOd>2017-04-21T00:00:00+02:00</sln:cyklZyciaOd><sln:gmIIPId>ed647a44-3044-4e17-8558-f1646b072d2a</sln:gmIIPId><sln:gmIIPPn>PL.PZGIK.200</sln:gmIIPPn><sln:gmIIPWersja>2012-09-26T22:12:12+02:00</sln:gmIIPWersja><sln:gmIdTeryt>1216072</sln:gmIdTeryt><sln:gmNazwa>Rzepiennik Strzyżewski</sln:gmNazwa><sln:miejscIIPId>92199bc8-8d1d-4ea9-9a14-53127ce4af0f</sln:miejscIIPId><sln:miejscIIPPn>PL.PZGIK.200</sln:miejscIIPPn><sln:miejscIIPWersja>2017-04-21T14:32:19+02:00</sln:miejscIIPWersja><sln:miejscIdTeryt>0829431</sln:miejscIdTeryt><sln:miejscNazwa>Olszyny</sln:miejscNazwa><sln:miejscRodzaj>Wieś</sln:miejscRodzaj><sln:powIIPId>17c3b30e-7279-4144-9a54-b54dcc50a95c</sln:powIIPId><sln:powIIPPn>PL.PZGIK.200</sln:powIIPPn><sln:powIIPWersja>2012-09-27T07:52:01+02:00</sln:powIIPWersja><sln:powIdTeryt>1216</sln:powIdTeryt><sln:powNazwa>tarnowski</sln:powNazwa><sln:waznyOd>2015-07-30T00:00:00+02:00</sln:waznyOd><sln:wojIIPId>dd2e3c64-f861-47cf-a3a3-e7751f272b2f</sln:wojIIPId><sln:wojIIPPn>PL.PZGIK.200</sln:wojIIPPn><sln:wojIIPWersja>2017-10-10T00:00:00+02:00</sln:wojIIPWersja><sln:wojIdTeryt>12</sln:wojIdTeryt><sln:wojNazwa>małopolskie</sln:wojNazwa></sln:miejscowosc><sln:miejscowosc><sln:cyklZyciaOd>2017-04-21T00:00:00+02:00</sln:cyklZyciaOd><sln:gmIIPId>ed647a44-3044-4e17-8558-f1646b072d2a</sln:gmIIPId><sln:gmIIPPn>PL.PZGIK.200</sln:gmIIPPn><sln:gmIIPWersja>2012-09-26T22:12:12+02:00</sln:gmIIPWersja><sln:gmIdTeryt>1216072</sln:gmIdTeryt><sln:gmNazwa>Rzepiennik Strzyżewski</sln:gmNazwa><sln:miejscIIPId>cb56cd1e-9858-4f4c-917f-5ee09cf93390</sln:miejscIIPId><sln:miejscIIPPn>PL.PZGIK.200</sln:miejscIIPPn><sln:miejscIIPWersja>2017-04-21T14:32:26+02:00</sln:miejscIIPWersja><sln:miejscIdTeryt>0829566</sln:miejscIdTeryt><sln:miejscNazwa>Rzepiennik Biskupi</sln:miejscNazwa><sln:miejscRodzaj>Wieś</sln:miejscRodzaj><sln:powIIPId>17c3b30e-7279-4144-9a54-b54dcc50a95c</sln:powIIPId><sln:powIIPPn>PL.PZGIK.200</sln:powIIPPn><sln:powIIPWersja>2012-09-27T07:52:01+02:00</sln:powIIPWersja><sln:powIdTeryt>1216</sln:powIdTeryt><sln:powNazwa>tarnowski</sln:powNazwa><sln:waznyOd>2015-07-30T00:00:00+02:00</sln:waznyOd><sln:wojIIPId>dd2e3c64-f861-47cf-a3a3-e7751f272b2f</sln:wojIIPId><sln:wojIIPPn>PL.PZGIK.200</sln:wojIIPPn><sln:wojIIPWersja>2017-10-10T00:00:00+02:00</sln:wojIIPWersja><sln:wojIdTeryt>12</sln:wojIdTeryt><sln:wojNazwa>małopolskie</sln:wojNazwa></sln:miejscowosc><sln:miejscowosc><sln:cyklZyciaOd>2017-04-21T00:00:00+02:00</sln:cyklZyciaOd><sln:gmIIPId>ed647a44-3044-4e17-8558-f1646b072d2a</sln:gmIIPId><sln:gmIIPPn>PL.PZGIK.200</sln:gmIIPPn><sln:gmIIPWersja>2012-09-26T22:12:12+02:00</sln:gmIIPWersja><sln:gmIdTeryt>1216072</sln:gmIdTeryt><sln:gmNazwa>Rzepiennik Strzyżewski</sln:gmNazwa><sln:miejscIIPId>56403330-5c82-4c27-9670-191b5b4af47f</sln:miejscIIPId><sln:miejscIIPPn>PL.PZGIK.200</sln:miejscIIPPn><sln:miejscIIPWersja>2017-04-21T14:32:26+02:00</sln:miejscIIPWersja><sln:miejscIdTeryt>0829595</sln:miejscIdTeryt><sln:miejscNazwa>Kołkówka</sln:miejscNazwa><sln:miejscRodzaj>Wieś</sln:miejscRodzaj><sln:powIIPId>17c3b30e-7279-4144-9a54-b54dcc50a95c</sln:powIIPId><sln:powIIPPn>PL.PZGIK.200</sln:powIIPPn><sln:powIIPWersja>2012-09-27T07:52:01+02:00</sln:powIIPWersja><sln:powIdTeryt>1216</sln:powIdTeryt><sln:powNazwa>tarnowski</sln:powNazwa><sln:waznyOd>2015-08-26T00:00:00+02:00</sln:waznyOd><sln:wojIIPId>dd2e3c64-f861-47cf-a3a3-e7751f272b2f</sln:wojIIPId><sln:wojIIPPn>PL.PZGIK.200</sln:wojIIPPn><sln:wojIIPWersja>2017-10-10T00:00:00+02:00</sln:wojIIPWersja><sln:wojIdTeryt>12</sln:wojIdTeryt><sln:wojNazwa>małopolskie</sln:wojNazwa></sln:miejscowosc><sln:miejscowosc><sln:cyklZyciaOd>2017-04-21T00:00:00+02:00</sln:cyklZyciaOd><sln:gmIIPId>ed647a44-3044-4e17-8558-f1646b072d2a</sln:gmIIPId><sln:gmIIPPn>PL.PZGIK.200</sln:gmIIPPn><sln:gmIIPWersja>2012-09-26T22:12:12+02:00</sln:gmIIPWersja><sln:gmIdTeryt>1216072</sln:gmIdTeryt><sln:gmNazwa>Rzepiennik Strzyżewski</sln:gmNazwa><sln:miejscIIPId>aaf7d137-2f4c-4b90-ac1c-f54236659fb9</sln:miejscIIPId><sln:miejscIIPPn>PL.PZGIK.200</sln:miejscIIPPn><sln:miejscIIPWersja>2017-04-21T14:32:26+02:00</sln:miejscIIPWersja><sln:miejscIdTeryt>0829655</sln:miejscIdTeryt><sln:miejscNazwa>Rzepiennik Strzyżewski</sln:miejscNazwa><sln:miejscRodzaj>Wieś</sln:miejscRodzaj><sln:powIIPId>17c3b30e-7279-4144-9a54-b54dcc50a95c</sln:powIIPId><sln:powIIPPn>PL.PZGIK.200</sln:powIIPPn><sln:powIIPWersja>2012-09-27T07:52:01+02:00</sln:powIIPWersja><sln:powIdTeryt>1216</sln:powIdTeryt><sln:powNazwa>tarnowski</sln:powNazwa><sln:waznyOd>2015-08-26T00:00:00+02:00</sln:waznyOd><sln:wojIIPId>dd2e3c64-f861-47cf-a3a3-e7751f272b2f</sln:wojIIPId><sln:wojIIPPn>PL.PZGIK.200</sln:wojIIPPn><sln:wojIIPWersja>2017-10-10T00:00:00+02:00</sln:wojIIPWersja><sln:wojIdTeryt>12</sln:wojIdTeryt><sln:wojNazwa>małopolskie</sln:wojNazwa></sln:miejscowosc><sln:miejscowosc><sln:cyklZyciaOd>2017-04-21T00:00:00+02:00</sln:cyklZyciaOd><sln:gmIIPId>ed647a44-3044-4e17-8558-f1646b072d2a</sln:gmIIPId><sln:gmIIPPn>PL.PZGIK.200</sln:gmIIPPn><sln:gmIIPWersja>2012-09-26T22:12:12+02:00</sln:gmIIPWersja><sln:gmIdTeryt>1216072</sln:gmIdTeryt><sln:gmNazwa>Rzepiennik Strzyżewski</sln:gmNazwa><sln:miejscIIPId>ca15da81-8556-4228-930a-1239505082fe</sln:miejscIIPId><sln:miejscIIPPn>PL.PZGIK.200</sln:miejscIIPPn><sln:miejscIIPWersja>2017-04-21T14:32:26+02:00</sln:miejscIIPWersja><sln:miejscIdTeryt>0829721</sln:miejscIdTeryt><sln:miejscNazwa>Rzepiennik Suchy</sln:miejscNazwa><sln:miejscRodzaj>Wieś</sln:miejscRodzaj><sln:powIIPId>17c3b30e-7279-4144-9a54-b54dcc50a95c</sln:powIIPId><sln:powIIPPn>PL.PZGIK.200</sln:powIIPPn><sln:powIIPWersja>2012-09-27T07:52:01+02:00</sln:powIIPWersja><sln:powIdTeryt>1216</sln:powIdTeryt><sln:powNazwa>tarnowski</sln:powNazwa><sln:waznyOd>2015-07-30T00:00:00+02:00</sln:waznyOd><sln:wojIIPId>dd2e3c64-f861-47cf-a3a3-e7751f272b2f</sln:wojIIPId><sln:wojIIPPn>PL.PZGIK.200</sln:wojIIPPn><sln:wojIIPWersja>2017-10-10T00:00:00+02:00</sln:wojIIPWersja><sln:wojIdTeryt>12</sln:wojIdTeryt><sln:wojNazwa>małopolskie</sln:wojNazwa></sln:miejscowosc><sln:miejscowosc><sln:cyklZyciaOd>2017-04-21T00:00:00+02:00</sln:cyklZyciaOd><sln:gmIIPId>ed647a44-3044-4e17-8558-f1646b072d2a</sln:gmIIPId><sln:gmIIPPn>PL.PZGIK.200</sln:gmIIPPn><sln:gmIIPWersja>2012-09-26T22:12:12+02:00</sln:gmIIPWersja><sln:gmIdTeryt>1216072</sln:gmIdTeryt><sln:gmNazwa>Rzepiennik Strzyżewski</sln:gmNazwa><sln:miejscIIPId>98623732-9ca9-4908-801d-2a663a57867c</sln:miejscIIPId><sln:miejscIIPPn>PL.PZGIK.200</sln:miejscIIPPn><sln:miejscIIPWersja>2017-04-21T14:32:26+02:00</sln:miejscIIPWersja><sln:miejscIdTeryt>0829767</sln:miejscIdTeryt><sln:miejscNazwa>Turza</sln:miejscNazwa><sln:miejscRodzaj>Wieś</sln:miejscRodzaj><sln:powIIPId>17c3b30e-7279-4144-9a54-b54dcc50a95c</sln:powIIPId><sln:powIIPPn>PL.PZGIK.200</sln:powIIPPn><sln:powIIPWersja>2012-09-27T07:52:01+02:00</sln:powIIPWersja><sln:powIdTeryt>1216</sln:powIdTeryt><sln:powNazwa>tarnowski</sln:powNazwa><sln:waznyOd>2015-07-30T00:00:00+02:00</sln:waznyOd><sln:wojIIPId>dd2e3c64-f861-47cf-a3a3-e7751f272b2f</sln:wojIIPId><sln:wojIIPPn>PL.PZGIK.200</sln:wojIIPPn><sln:wojIIPWersja>2017-10-10T00:00:00+02:00</sln:wojIIPWersja><sln:wojIdTeryt>12</sln:wojIdTeryt><sln:wojNazwa>małopolskie</sln:wojNazwa></sln:miejscowosc></sln:lista-miejscowosci>