<?xml version="1.0" encoding="UTF-8" standalone="yes"?><sln:lista-miejscowosci xmlns:srv="http://gugik.gov.pl/schemas/slowniki-service/1.0" xmlns:sln="http://gugik.gov.pl/schemas/slowniki-schema/1.0"><sln:miejscowosc><sln:cyklZyciaOd>2014-12-06T00:00:00+01:00</sln:cyklZyciaOd><sln:gmIIPId>df5f55fa-21bd-46a8-bb86-b0eaf9bbac37</sln:gmIIPId><sln:gmIIPPn>PL.PZGIK.200</sln:gmIIPPn><sln:gmIIPWersja>2012-09-26T22:09:15+02:00</sln:gmIIPWersja><sln:gmIdTeryt>1206162</sln:gmIdTeryt><sln:gmNazwa>Zabierzów</sln:gmNazwa><sln:miejscIIPId>49c80b32-f65a-4e74-9467-3058e317b55e</sln:miejscIIPId><sln:miejscIIPPn>PL.PZGIK.200</sln:miejscIIPPn><sln:miejscIIPWersja>2016-11-24T13:58:25+02:00</sln:miejscIIPWersja><sln:miejscIdTeryt>0343510</sln:miejscIdTeryt><sln:miejscNazwa>Podlesie</sln:miejscNazwa><sln:miejscRodzaj>Inny obiekt</sln:miejscRodzaj><sln:powIIPId>3104c00e-f86d-4d1a-ac9e-8c85e101ac95</sln:powIIPId><sln:powIIPPn>PL.PZGIK.200</sln:powIIPPn><sln:powIIPWersja>2013-07-11T08:30:38+02:00</sln:powIIPWersja><sln:powIdTeryt>1206</sln:powIdTeryt><sln:powNazwa>krakowski</sln:powNazwa><sln:wojIIPId>dd2e3c64-f861-47cf-a3a3-e7751f272b2f</sln:wojIIPId><sln:wojIIPPn>PL.PZGIK.200</sln:wojIIPPn><sln:wojIIPWersja>2017-10-10T00:00:00+02:00</sln:wojIIPWersja><sln:wojIdTeryt>12</sln:wojIdTeryt><sln:wojNazwa>małopolskie</sln:wojNazwa></sln:miejscowosc><sln:miejscowosc><sln:cyklZyciaOd>2014-12-06T00:00:00+01:00</sln:cyklZyciaOd><sln:gmIIPId>df5f55fa-21bd-46a8-bb86-b0eaf9bbac37</sln:gmIIPId><sln:gmIIPPn>PL.PZGIK.200</sln:gmIIPPn><sln:gmIIPWersja>2012-09-26T22:09:15+02:00</sln:gmIIPWersja><sln:gmIdTeryt>1206162</sln:gmIdTeryt><sln:gmNazwa>Zabierzów</sln:gmNazwa><sln:miejscIIPId>f83d63cb-95b0-4db1-9551-82f2c6e518c3</sln:miejscIIPId><sln:miejscIIPPn>PL.PZGIK.200</sln:miejscIIPPn><sln:miejscIIPWersja>2016-11-24T13:58:24+02:00</sln:miejscIIPWersja><sln:miejscIdTeryt>0343705</sln:miejscIdTeryt><sln:miejscNazwa>Krzemionki</sln:miejscNazwa><sln:miejscRodzaj>Inny obiekt</sln:miejscRodzaj><sln:powIIPId>3104c00e-f86d-4d1a-ac9e-8c85e101ac95</sln:powIIPId><sln:powIIPPn>PL.PZGIK.200</sln:powIIPPn><sln:powIIPWersja>2013-07-11T08:30:38+02:00</sln:powIIPWersja><sln:powIdTeryt>1206</sln:powIdTeryt><sln:powNazwa>krakowski</sln:powNazwa><sln:wojIIPId>dd2e3c64-f861-47cf-a3a3-e7751f272b2f</sln:wojIIPId><sln:wojIIPPn>PL.PZGIK.200</sln:wojIIPPn><sln:wojIIPWersja>2017-10-10T00:00:00+02:00</sln:wojIIPWersja><sln:wojIdTeryt>12</sln:wojIdTeryt><sln:wojNazwa>małopolskie</sln:wojNazwa></sln:miejscowosc><sln:miejscowosc><sln:cyklZyciaOd>2014-12-06T00:00:00+01:00</sln:cyklZyciaOd><sln:gmIIPId>df5f55fa-21bd-46a8-bb86-b0eaf9bbac37</sln:gmIIPId><sln:gmIIPPn>PL.PZGIK.200</sln:gmIIPPn><sln:gmIIPWersja>2012-09-26T22:09:15+02:00</sln:gmIIPWersja><sln:gmIdTeryt>1206162</sln:gmIdTeryt><sln:gmNazwa>Zabierzów</sln:gmNazwa><sln:miejscIIPId>0252823a-745c-469a-ac93-d009ce0cf063</sln:miejscIIPId><sln:miejscIIPPn>PL.PZGIK.200</sln:miejscIIPPn><sln:miejscIIPWersja>2016-11-24T13:58:25+02:00</sln:miejscIIPWersja><sln:miejscIdTeryt>0343734</sln:miejscIdTeryt><sln:miejscNazwa>Winna Góra</sln:miejscNazwa><sln:miejscRodzaj>Inny obiekt</sln:miejscRodzaj><sln:powIIPId>3104c00e-f86d-4d1a-ac9e-8c85e101ac95</sln:powIIPId><sln:powIIPPn>PL.PZGIK.200</sln:powIIPPn><sln:powIIPWersja>2013-07-11T08:30:38+02:00</sln:powIIPWersja><sln:powIdTeryt>1206</sln:powIdTeryt><sln:powNazwa>krakowski</sln:powNazwa><sln:wojIIPId>dd2e3c64-f861-47cf-a3a3-e7751f272b2f</sln:wojIIPId><sln:wojIIPPn>PL.PZGIK.200</sln:wojIIPPn><sln:wojIIPWersja>2017-10-10T00:00:00+02:00</sln:wojIIPWersja><sln:wojIdTeryt>12</sln:wojIdTeryt><sln:wojNazwa>małopolskie</sln:wojNazwa></sln:miejscowosc><sln:miejscowosc><sln:cyklZyciaOd>2014-12-06T00:00:00+01:00</sln:cyklZyciaOd><sln:gmIIPId>df5f55fa-21bd-46a8-bb86-b0eaf9bbac37</sln:gmIIPId><sln:gmIIPPn>PL.PZGIK.200</sln:gmIIPPn><sln:gmIIPWersja>2012-09-26T22:09:15+02:00</sln:gmIIPWersja><sln:gmIdTeryt>1206162</sln:gmIdTeryt><sln:gmNazwa>Zabierzów</sln:gmNazwa><sln:miejscIIPId>3468cf05-6ef7-41f6-b09d-28e90cc49558</sln:miejscIIPId><sln:miejscIIPPn>PL.PZGIK.200</sln:miejscIIPPn><sln:miejscIIPWersja>2016-11-24T13:57:43+02:00</sln:miejscIIPWersja><sln:miejscIdTeryt>0343616</sln:miejscIdTeryt><sln:miejscNazwa>Wola</sln:miejscNazwa><sln:miejscRodzaj>Inny obiekt</sln:miejscRodzaj><sln:powIIPId>3104c00e-f86d-4d1a-ac9e-8c85e101ac95</sln:powIIPId><sln:powIIPPn>PL.PZGIK.200</sln:powIIPPn><sln:powIIPWersja>2013-07-11T08:30:38+02:00</sln:powIIPWersja><sln:powIdTeryt>1206</sln:powIdTeryt><sln:powNazwa>krakowski</sln:powNazwa><sln:wojIIPId>dd2e3c64-f861-47cf-a3a3-e7751f272b2f</sln:wojIIPId><sln:wojIIPPn>PL.PZGIK.200</sln:wojIIPPn><sln:wojIIPWersja>2017-10-10T00:00:00+02:00</sln:wojIIPWersja><sln:wojIdTeryt>12</sln:wojIdTeryt><sln:wojNazwa>małopolskie</sln:wojNazwa></sln:miejscowosc><sln:miejscowosc><sln:cyklZyciaOd>2014-12-06T00:00:00+01:00</sln:cyklZyciaOd><sln:gmIIPId>df5f55fa-21bd-46a8-bb86-b0eaf9bbac37</sln:gmIIPId><sln:gmIIPPn>PL.PZGIK.200</sln:gmIIPPn><sln:gmIIPWersja>2012-09-26T22:09:15+02:00</sln:gmIIPWersja><sln:gmIdTeryt>1206162</sln:gmIdTeryt><sln:gmNazwa>Zabierzów</sln:gmNazwa><sln:miejscIIPId>67f360d8-a8bd-4800-a49d-d77221e1069e</sln:miejscIIPId><sln:miejscIIPPn>PL.PZGIK.200</sln:miejscIIPPn><sln:miejscIIPWersja>2016-11-24T13:31:54+02:00</sln:miejscIIPWersja><sln:miejscIdTeryt>0343964</sln:miejscIdTeryt><sln:miejscNazwa>Szczyglice</sln:miejscNazwa><sln:miejscRodzaj>Wieś</sln:miejscRodzaj><sln:powIIPId>3104c00e-f86d-4d1a-ac9e-8c85e101ac95</sln:powIIPId><sln:powIIPPn>PL.PZGIK.200</sln:powIIPPn><sln:powIIPWersja>2013-07-11T08:30:38+02:00</sln:powIIPWersja><sln:powIdTeryt>1206</sln:powIdTeryt><sln:powNazwa>krakowski</sln:powNazwa><sln:wojIIPId>dd2e3c64-f861-47cf-a3a3-e7751f272b2f</sln:wojIIPId><sln:wojIIPPn>PL.PZGIK.200</sln:wojIIPPn><sln:wojIIPWersja>2017-10-10T00:00:00+02:00</sln:wojIIPWersja><sln:wojIdTeryt>12</sln:wojIdTeryt><sln:wojNazwa>małopolskie</sln:wojNazwa></sln:miejscowosc><sln:miejscowosc><sln:cyklZyciaOd>2014-12-06T00:00:00+01:00</sln:cyklZyciaOd><sln:gmIIPId>df5f55fa-21bd-46a8-bb86-b0eaf9bbac37</sln:gmIIPId><sln:gmIIPPn>PL.PZGIK.200</sln:gmIIPPn><sln:gmIIPWersja>2012-09-26T22:09:15+02:00</sln:gmIIPWersja><sln:gmIdTeryt>1206162</sln:gmIdTeryt><sln:gmNazwa>Zabierzów</sln:gmNazwa><sln:miejscIIPId>83a321a8-75a2-45d0-8b04-44288f073759</sln:miejscIIPId><sln:miejscIIPPn>PL.PZGIK.200</sln:miejscIIPPn><sln:miejscIIPWersja>2016-11-24T13:29:36+02:00</sln:miejscIIPWersja><sln:miejscIdTeryt>0343881</sln:miejscIdTeryt><sln:miejscNazwa>Radwanowice</sln:miejscNazwa><sln:miejscRodzaj>Wieś</sln:miejscRodzaj><sln:powIIPId>3104c00e-f86d-4d1a-ac9e-8c85e101ac95</sln:powIIPId><sln:powIIPPn>PL.PZGIK.200</sln:powIIPPn><sln:powIIPWersja>2013-07-11T08:30:38+02:00</sln:powIIPWersja><sln:powIdTeryt>1206</sln:powIdTeryt><sln:powNazwa>krakowski</sln:powNazwa><sln:wojIIPId>dd2e3c64-f861-47cf-a3a3-e7751f272b2f</sln:wojIIPId><sln:wojIIPPn>PL.PZGIK.200</sln:wojIIPPn><sln:wojIIPWersja>2017-10-10T00:00:00+02:00</sln:wojIIPWersja><sln:wojIdTeryt>12</sln:wojIdTeryt><sln:wojNazwa>małopolskie</sln:wojNazwa></sln:miejscowosc><sln:miejscowosc><sln:cyklZyciaOd>2014-12-06T00:00:00+01:00</sln:cyklZyciaOd><sln:gmIIPId>df5f55fa-21bd-46a8-bb86-b0eaf9bbac37</sln:gmIIPId><sln:gmIIPPn>PL.PZGIK.200</sln:gmIIPPn><sln:gmIIPWersja>2012-09-26T22:09:15+02:00</sln:gmIIPWersja><sln:gmIdTeryt>1206162</sln:gmIdTeryt><sln:gmNazwa>Zabierzów</sln:gmNazwa><sln:miejscIIPId>da95d1fc-9aa2-46a7-8fb1-7ca5d51c894f</sln:miejscIIPId><sln:miejscIIPPn>PL.PZGIK.200</sln:miejscIIPPn><sln:miejscIIPWersja>2016-11-24T13:49:47+02:00</sln:miejscIIPWersja><sln:miejscIdTeryt>0344001</sln:miejscIdTeryt><sln:miejscNazwa>Lipka</sln:miejscNazwa><sln:miejscRodzaj>Inny obiekt</sln:miejscRodzaj><sln:powIIPId>3104c00e-f86d-4d1a-ac9e-8c85e101ac95</sln:powIIPId><sln:powIIPPn>PL.PZGIK.200</sln:powIIPPn><sln:powIIPWersja>2013-07-11T08:30:38+02:00</sln:powIIPWersja><sln:powIdTeryt>1206</sln:powIdTeryt><sln:powNazwa>krakowski</sln:powNazwa><sln:wojIIPId>dd2e3c64-f861-47cf-a3a3-e7751f272b2f</sln:wojIIPId><sln:wojIIPPn>PL.PZGIK.200</sln:wojIIPPn><sln:wojIIPWersja>2017-10-10T00:00:00+02:00</sln:wojIIPWersja><sln:wojIdTeryt>12</sln:wojIdTeryt><sln:wojNazwa>małopolskie</sln:wojNazwa></sln:miejscowosc><sln:miejscowosc><sln:cyklZyciaOd>2014-12-06T00:00:00+01:00</sln:cyklZyciaOd><sln:gmIIPId>df5f55fa-21bd-46a8-bb86-b0eaf9bbac37</sln:gmIIPId><sln:gmIIPPn>PL.PZGIK.200</sln:gmIIPPn><sln:gmIIPWersja>2012-09-26T22:09:15+02:00</sln:gmIIPWersja><sln:gmIdTeryt>1206162</sln:gmIdTeryt><sln:gmNazwa>Zabierzów</sln:gmNazwa><sln:miejscIIPId>2238f75d-f0f8-4c6e-86e1-66703aab205a</sln:miejscIIPId><sln:miejscIIPPn>PL.PZGIK.200</sln:miejscIIPPn><sln:miejscIIPWersja>2016-11-24T13:37:13+02:00</sln:miejscIIPWersja><sln:miejscIdTeryt>0343504</sln:miejscIdTeryt><sln:miejscNazwa>Aleksandrowice</sln:miejscNazwa><sln:miejscRodzaj>Wieś</sln:miejscRodzaj><sln:powIIPId>3104c00e-f86d-4d1a-ac9e-8c85e101ac95</sln:powIIPId><sln:powIIPPn>PL.PZGIK.200</sln:powIIPPn><sln:powIIPWersja>2013-07-11T08:30:38+02:00</sln:powIIPWersja><sln:powIdTeryt>1206</sln:powIdTeryt><sln:powNazwa>krakowski</sln:powNazwa><sln:wojIIPId>dd2e3c64-f861-47cf-a3a3-e7751f272b2f</sln:wojIIPId><sln:wojIIPPn>PL.PZGIK.200</sln:wojIIPPn><sln:wojIIPWersja>2017-10-10T00:00:00+02:00</sln:wojIIPWersja><sln:wojIdTeryt>12</sln:wojIdTeryt><sln:wojNazwa>małopolskie</sln:wojNazwa></sln:miejscowosc><sln:miejscowosc><sln:cyklZyciaOd>2014-12-06T00:00:00+01:00</sln:cyklZyciaOd><sln:gmIIPId>df5f55fa-21bd-46a8-bb86-b0eaf9bbac37</sln:gmIIPId><sln:gmIIPPn>PL.PZGIK.200</sln:gmIIPPn><sln:gmIIPWersja>2012-09-26T22:09:15+02:00</sln:gmIIPWersja><sln:gmIdTeryt>1206162</sln:gmIdTeryt><sln:gmNazwa>Zabierzów</sln:gmNazwa><sln:miejscIIPId>18624336-97b6-45db-bda3-379f705a17fb</sln:miejscIIPId><sln:miejscIIPPn>PL.PZGIK.200</sln:miejscIIPPn><sln:miejscIIPWersja>2016-11-24T13:39:35+02:00</sln:miejscIIPWersja><sln:miejscIdTeryt>0343817</sln:miejscIdTeryt><sln:miejscNazwa>Kochanów</sln:miejscNazwa><sln:miejscRodzaj>Wieś</sln:miejscRodzaj><sln:powIIPId>3104c00e-f86d-4d1a-ac9e-8c85e101ac95</sln:powIIPId><sln:powIIPPn>PL.PZGIK.200</sln:powIIPPn><sln:powIIPWersja>2013-07-11T08:30:38+02:00</sln:powIIPWersja><sln:powIdTeryt>1206</sln:powIdTeryt><sln:powNazwa>krakowski</sln:powNazwa><sln:wojIIPId>dd2e3c64-f861-47cf-a3a3-e7751f272b2f</sln:wojIIPId><sln:wojIIPPn>PL.PZGIK.200</sln:wojIIPPn><sln:wojIIPWersja>2017-10-10T00:00:00+02:00</sln:wojIIPWersja><sln:wojIdTeryt>12</sln:wojIdTeryt><sln:wojNazwa>małopolskie</sln:wojNazwa></sln:miejscowosc><sln:miejscowosc><sln:cyklZyciaOd>2014-12-06T00:00:00+01:00</sln:cyklZyciaOd><sln:gmIIPId>df5f55fa-21bd-46a8-bb86-b0eaf9bbac37</sln:gmIIPId><sln:gmIIPPn>PL.PZGIK.200</sln:gmIIPPn><sln:gmIIPWersja>2012-09-26T22:09:15+02:00</sln:gmIIPWersja><sln:gmIdTeryt>1206162</sln:gmIdTeryt><sln:gmNazwa>Zabierzów</sln:gmNazwa><sln:miejscIIPId>b712fe4c-0395-4ec2-88f4-e89352f6ba55</sln:miejscIIPId><sln:miejscIIPPn>PL.PZGIK.200</sln:miejscIIPPn><sln:miejscIIPWersja>2016-11-24T13:33:15+02:00</sln:miejscIIPWersja><sln:miejscIdTeryt>0343993</sln:miejscIdTeryt><sln:miejscNazwa>Więckowice</sln:miejscNazwa><sln:miejscRodzaj>Wieś</sln:miejscRodzaj><sln:powIIPId>3104c00e-f86d-4d1a-ac9e-8c85e101ac95</sln:powIIPId><sln:powIIPPn>PL.PZGIK.200</sln:powIIPPn><sln:powIIPWersja>2013-07-11T08:30:38+02:00</sln:powIIPWersja><sln:powIdTeryt>1206</sln:powIdTeryt><sln:powNazwa>krakowski</sln:powNazwa><sln:wojIIPId>dd2e3c64-f861-47cf-a3a3-e7751f272b2f</sln:wojIIPId><sln:wojIIPPn>PL.PZGIK.200</sln:wojIIPPn><sln:wojIIPWersja>2017-10-10T00:00:00+02:00</sln:wojIIPWersja><sln:wojIdTeryt>12</sln:wojIdTeryt><sln:wojNazwa>małopolskie</sln:wojNazwa></sln:miejscowosc><sln:miejscowosc><sln:cyklZyciaOd>2014-12-06T00:00:00+01:00</sln:cyklZyciaOd><sln:gmIIPId>df5f55fa-21bd-46a8-bb86-b0eaf9bbac37</sln:gmIIPId><sln:gmIIPPn>PL.PZGIK.200</sln:gmIIPPn><sln:gmIIPWersja>2012-09-26T22:09:15+02:00</sln:gmIIPWersja><sln:gmIdTeryt>1206162</sln:gmIdTeryt><sln:gmNazwa>Zabierzów</sln:gmNazwa><sln:miejscIIPId>d18b89f9-5c5b-432d-a041-33305696c6d2</sln:miejscIIPId><sln:miejscIIPPn>PL.PZGIK.200</sln:miejscIIPPn><sln:miejscIIPWersja>2016-11-24T13:34:44+02:00</sln:miejscIIPWersja><sln:miejscIdTeryt>0344030</sln:miejscIdTeryt><sln:miejscNazwa>Zelków</sln:miejscNazwa><sln:miejscRodzaj>Wieś</sln:miejscRodzaj><sln:powIIPId>3104c00e-f86d-4d1a-ac9e-8c85e101ac95</sln:powIIPId><sln:powIIPPn>PL.PZGIK.200</sln:powIIPPn><sln:powIIPWersja>2013-07-11T08:30:38+02:00</sln:powIIPWersja><sln:powIdTeryt>1206</sln:powIdTeryt><sln:powNazwa>krakowski</sln:powNazwa><sln:wojIIPId>dd2e3c64-f861-47cf-a3a3-e7751f272b2f</sln:wojIIPId><sln:wojIIPPn>PL.PZGIK.200</sln:wojIIPPn><sln:wojIIPWersja>2017-10-10T00:00:00+02:00</sln:wojIIPWersja><sln:wojIdTeryt>12</sln:wojIdTeryt><sln:wojNazwa>małopolskie</sln:wojNazwa></sln:miejscowosc><sln:miejscowosc><sln:cyklZyciaOd>2014-12-06T00:00:00+01:00</sln:cyklZyciaOd><sln:gmIIPId>df5f55fa-21bd-46a8-bb86-b0eaf9bbac37</sln:gmIIPId><sln:gmIIPPn>PL.PZGIK.200</sln:gmIIPPn><sln:gmIIPWersja>2012-09-26T22:09:15+02:00</sln:gmIIPWersja><sln:gmIdTeryt>1206162</sln:gmIdTeryt><sln:gmNazwa>Zabierzów</sln:gmNazwa><sln:miejscIIPId>9108beb9-2fa8-4d45-b96e-8c41ced48d89</sln:miejscIIPId><sln:miejscIIPPn>PL.PZGIK.200</sln:miejscIIPPn><sln:miejscIIPWersja>2016-11-24T13:55:38+02:00</sln:miejscIIPWersja><sln:miejscIdTeryt>0343800</sln:miejscIdTeryt><sln:miejscNazwa>Łączki</sln:miejscNazwa><sln:miejscRodzaj>Inny obiekt</sln:miejscRodzaj><sln:powIIPId>3104c00e-f86d-4d1a-ac9e-8c85e101ac95</sln:powIIPId><sln:powIIPPn>PL.PZGIK.200</sln:powIIPPn><sln:powIIPWersja>2013-07-11T08:30:38+02:00</sln:powIIPWersja><sln:powIdTeryt>1206</sln:powIdTeryt><sln:powNazwa>krakowski</sln:powNazwa><sln:wojIIPId>dd2e3c64-f861-47cf-a3a3-e7751f272b2f</sln:wojIIPId><sln:wojIIPPn>PL.PZGIK.200</sln:wojIIPPn><sln:wojIIPWersja>2017-10-10T00:00:00+02:00</sln:wojIIPWersja><sln:wojIdTeryt>12</sln:wojIdTeryt><sln:wojNazwa>małopolskie</sln:wojNazwa></sln:miejscowosc><sln:miejscowosc><sln:cyklZyciaOd>2014-12-06T00:00:00+01:00</sln:cyklZyciaOd><sln:gmIIPId>df5f55fa-21bd-46a8-bb86-b0eaf9bbac37</sln:gmIIPId><sln:gmIIPPn>PL.PZGIK.200</sln:gmIIPPn><sln:gmIIPWersja>2012-09-26T22:09:15+02:00</sln:gmIIPWersja><sln:gmIdTeryt>1206162</sln:gmIdTeryt><sln:gmNazwa>Zabierzów</sln:gmNazwa><sln:miejscIIPId>147d6892-4fcd-448b-9cf9-335613aa1df8</sln:miejscIIPId><sln:miejscIIPPn>PL.PZGIK.200</sln:miejscIIPPn><sln:miejscIIPWersja>2016-11-24T13:57:43+02:00</sln:miejscIIPWersja><sln:miejscIdTeryt>0343600</sln:miejscIdTeryt><sln:miejscNazwa>Skotnica</sln:miejscNazwa><sln:miejscRodzaj>Inny obiekt</sln:miejscRodzaj><sln:powIIPId>3104c00e-f86d-4d1a-ac9e-8c85e101ac95</sln:powIIPId><sln:powIIPPn>PL.PZGIK.200</sln:powIIPPn><sln:powIIPWersja>2013-07-11T08:30:38+02:00</sln:powIIPWersja><sln:powIdTeryt>1206</sln:powIdTeryt><sln:powNazwa>krakowski</sln:powNazwa><sln:wojIIPId>dd2e3c64-f861-47cf-a3a3-e7751f272b2f</sln:wojIIPId><sln:wojIIPPn>PL.PZGIK.200</sln:wojIIPPn><sln:wojIIPWersja>2017-10-10T00:00:00+02:00</sln:wojIIPWersja><sln:wojIdTeryt>12</sln:wojIdTeryt><sln:wojNazwa>małopolskie</sln:wojNazwa></sln:miejscowosc><sln:miejscowosc><sln:cyklZyciaOd>2014-12-06T00:00:00+01:00</sln:cyklZyciaOd><sln:gmIIPId>df5f55fa-21bd-46a8-bb86-b0eaf9bbac37</sln:gmIIPId><sln:gmIIPPn>PL.PZGIK.200</sln:gmIIPPn><sln:gmIIPWersja>2012-09-26T22:09:15+02:00</sln:gmIIPWersja><sln:gmIdTeryt>1206162</sln:gmIdTeryt><sln:gmNazwa>Zabierzów</sln:gmNazwa><sln:miejscIIPId>00c3dd26-573b-4723-829d-7de9c9bc510a</sln:miejscIIPId><sln:miejscIIPPn>PL.PZGIK.200</sln:miejscIIPPn><sln:miejscIIPWersja>2016-11-24T13:46:12+02:00</sln:miejscIIPWersja><sln:miejscIdTeryt>0343697</sln:miejscIdTeryt><sln:miejscNazwa>Koziary</sln:miejscNazwa><sln:miejscRodzaj>Inny obiekt</sln:miejscRodzaj><sln:powIIPId>3104c00e-f86d-4d1a-ac9e-8c85e101ac95</sln:powIIPId><sln:powIIPPn>PL.PZGIK.200</sln:powIIPPn><sln:powIIPWersja>2013-07-11T08:30:38+02:00</sln:powIIPWersja><sln:powIdTeryt>1206</sln:powIdTeryt><sln:powNazwa>krakowski</sln:powNazwa><sln:wojIIPId>dd2e3c64-f861-47cf-a3a3-e7751f272b2f</sln:wojIIPId><sln:wojIIPPn>PL.PZGIK.200</sln:wojIIPPn><sln:wojIIPWersja>2017-10-10T00:00:00+02:00</sln:wojIIPWersja><sln:wojIdTeryt>12</sln:wojIdTeryt><sln:wojNazwa>małopolskie</sln:wojNazwa></sln:miejscowosc><sln:miejscowosc><sln:cyklZyciaOd>2014-12-06T00:00:00+01:00</sln:cyklZyciaOd><sln:gmIIPId>df5f55fa-21bd-46a8-bb86-b0eaf9bbac37</sln:gmIIPId><sln:gmIIPPn>PL.PZGIK.200</sln:gmIIPPn><sln:gmIIPWersja>2012-09-26T22:09:15+02:00</sln:gmIIPWersja><sln:gmIdTeryt>1206162</sln:gmIdTeryt><sln:gmNazwa>Zabierzów</sln:gmNazwa><sln:miejscIIPId>9aeb3190-ce01-4f55-a653-eeb4479bfa7c</sln:miejscIIPId><sln:miejscIIPPn>PL.PZGIK.200</sln:miejscIIPPn><sln:miejscIIPWersja>2016-11-24T13:55:38+02:00</sln:miejscIIPWersja><sln:miejscIdTeryt>0343792</sln:miejscIdTeryt><sln:miejscNazwa>Gaj</sln:miejscNazwa><sln:miejscRodzaj>Inny obiekt</sln:miejscRodzaj><sln:powIIPId>3104c00e-f86d-4d1a-ac9e-8c85e101ac95</sln:powIIPId><sln:powIIPPn>PL.PZGIK.200</sln:powIIPPn><sln:powIIPWersja>2013-07-11T08:30:38+02:00</sln:powIIPWersja><sln:powIdTeryt>1206</sln:powIdTeryt><sln:powNazwa>krakowski</sln:powNazwa><sln:wojIIPId>dd2e3c64-f861-47cf-a3a3-e7751f272b2f</sln:wojIIPId><sln:wojIIPPn>PL.PZGIK.200</sln:wojIIPPn><sln:wojIIPWersja>2017-10-10T00:00:00+02:00</sln:wojIIPWersja><sln:wojIdTeryt>12</sln:wojIdTeryt><sln:wojNazwa>małopolskie</sln:wojNazwa></sln:miejscowosc><sln:miejscowosc><sln:cyklZyciaOd>2014-12-06T00:00:00+01:00</sln:cyklZyciaOd><sln:gmIIPId>df5f55fa-21bd-46a8-bb86-b0eaf9bbac37</sln:gmIIPId><sln:gmIIPPn>PL.PZGIK.200</sln:gmIIPPn><sln:gmIIPWersja>2012-09-26T22:09:15+02:00</sln:gmIIPWersja><sln:gmIdTeryt>1206162</sln:gmIdTeryt><sln:gmNazwa>Zabierzów</sln:gmNazwa><sln:miejscIIPId>2c287a61-b973-4ac4-9c1d-19264e9e0cd0</sln:miejscIIPId><sln:miejscIIPPn>PL.PZGIK.200</sln:miejscIIPPn><sln:miejscIIPWersja>2016-11-24T13:29:45+02:00</sln:miejscIIPWersja><sln:miejscIdTeryt>0343674</sln:miejscIdTeryt><sln:miejscNazwa>Brzoskwinia</sln:miejscNazwa><sln:miejscRodzaj>Wieś</sln:miejscRodzaj><sln:powIIPId>3104c00e-f86d-4d1a-ac9e-8c85e101ac95</sln:powIIPId><sln:powIIPPn>PL.PZGIK.200</sln:powIIPPn><sln:powIIPWersja>2013-07-11T08:30:38+02:00</sln:powIIPWersja><sln:powIdTeryt>1206</sln:powIdTeryt><sln:powNazwa>krakowski</sln:powNazwa><sln:wojIIPId>dd2e3c64-f861-47cf-a3a3-e7751f272b2f</sln:wojIIPId><sln:wojIIPPn>PL.PZGIK.200</sln:wojIIPPn><sln:wojIIPWersja>2017-10-10T00:00:00+02:00</sln:wojIIPWersja><sln:wojIdTeryt>12</sln:wojIdTeryt><sln:wojNazwa>małopolskie</sln:wojNazwa></sln:miejscowosc><sln:miejscowosc><sln:cyklZyciaOd>2014-12-06T00:00:00+01:00</sln:cyklZyciaOd><sln:gmIIPId>df5f55fa-21bd-46a8-bb86-b0eaf9bbac37</sln:gmIIPId><sln:gmIIPPn>PL.PZGIK.200</sln:gmIIPPn><sln:gmIIPWersja>2012-09-26T22:09:15+02:00</sln:gmIIPWersja><sln:gmIdTeryt>1206162</sln:gmIdTeryt><sln:gmNazwa>Zabierzów</sln:gmNazwa><sln:miejscIIPId>c5e2e8b3-c02d-4fc3-9399-5449fa5b810f</sln:miejscIIPId><sln:miejscIIPPn>PL.PZGIK.200</sln:miejscIIPPn><sln:miejscIIPWersja>2016-11-24T13:29:05+02:00</sln:miejscIIPWersja><sln:miejscIdTeryt>0343651</sln:miejscIdTeryt><sln:miejscNazwa>Brzezinka</sln:miejscNazwa><sln:miejscRodzaj>Wieś</sln:miejscRodzaj><sln:powIIPId>3104c00e-f86d-4d1a-ac9e-8c85e101ac95</sln:powIIPId><sln:powIIPPn>PL.PZGIK.200</sln:powIIPPn><sln:powIIPWersja>2013-07-11T08:30:38+02:00</sln:powIIPWersja><sln:powIdTeryt>1206</sln:powIdTeryt><sln:powNazwa>krakowski</sln:powNazwa><sln:wojIIPId>dd2e3c64-f861-47cf-a3a3-e7751f272b2f</sln:wojIIPId><sln:wojIIPPn>PL.PZGIK.200</sln:wojIIPPn><sln:wojIIPWersja>2017-10-10T00:00:00+02:00</sln:wojIIPWersja><sln:wojIdTeryt>12</sln:wojIdTeryt><sln:wojNazwa>małopolskie</sln:wojNazwa></sln:miejscowosc><sln:miejscowosc><sln:cyklZyciaOd>2014-12-06T00:00:00+01:00</sln:cyklZyciaOd><sln:gmIIPId>df5f55fa-21bd-46a8-bb86-b0eaf9bbac37</sln:gmIIPId><sln:gmIIPPn>PL.PZGIK.200</sln:gmIIPPn><sln:gmIIPWersja>2012-09-26T22:09:15+02:00</sln:gmIIPWersja><sln:gmIdTeryt>1206162</sln:gmIdTeryt><sln:gmNazwa>Zabierzów</sln:gmNazwa><sln:miejscIIPId>db9605ca-d5f4-4af8-9e1e-49b2f7aa45ab</sln:miejscIIPId><sln:miejscIIPPn>PL.PZGIK.200</sln:miejscIIPPn><sln:miejscIIPWersja>2016-11-24T13:45:46+02:00</sln:miejscIIPWersja><sln:miejscIdTeryt>0343668</sln:miejscIdTeryt><sln:miejscNazwa>Łączki</sln:miejscNazwa><sln:miejscRodzaj>Inny obiekt</sln:miejscRodzaj><sln:powIIPId>3104c00e-f86d-4d1a-ac9e-8c85e101ac95</sln:powIIPId><sln:powIIPPn>PL.PZGIK.200</sln:powIIPPn><sln:powIIPWersja>2013-07-11T08:30:38+02:00</sln:powIIPWersja><sln:powIdTeryt>1206</sln:powIdTeryt><sln:powNazwa>krakowski</sln:powNazwa><sln:wojIIPId>dd2e3c64-f861-47cf-a3a3-e7751f272b2f</sln:wojIIPId><sln:wojIIPPn>PL.PZGIK.200</sln:wojIIPPn><sln:wojIIPWersja>2017-10-10T00:00:00+02:00</sln:wojIIPWersja><sln:wojIdTeryt>12</sln:wojIdTeryt><sln:wojNazwa>małopolskie</sln:wojNazwa></sln:miejscowosc><sln:miejscowosc><sln:cyklZyciaOd>2014-12-06T00:00:00+01:00</sln:cyklZyciaOd><sln:gmIIPId>df5f55fa-21bd-46a8-bb86-b0eaf9bbac37</sln:gmIIPId><sln:gmIIPPn>PL.PZGIK.200</sln:gmIIPPn><sln:gmIIPWersja>2012-09-26T22:09:15+02:00</sln:gmIIPWersja><sln:gmIdTeryt>1206162</sln:gmIdTeryt><sln:gmNazwa>Zabierzów</sln:gmNazwa><sln:miejscIIPId>6925b981-ca89-4751-9b4e-1e2195779f06</sln:miejscIIPId><sln:miejscIIPPn>PL.PZGIK.200</sln:miejscIIPPn><sln:miejscIIPWersja>2016-11-24T13:57:43+02:00</sln:miejscIIPWersja><sln:miejscIdTeryt>0343639</sln:miejscIdTeryt><sln:miejscNazwa>Zielona Mała</sln:miejscNazwa><sln:miejscRodzaj>Inny obiekt</sln:miejscRodzaj><sln:powIIPId>3104c00e-f86d-4d1a-ac9e-8c85e101ac95</sln:powIIPId><sln:powIIPPn>PL.PZGIK.200</sln:powIIPPn><sln:powIIPWersja>2013-07-11T08:30:38+02:00</sln:powIIPWersja><sln:powIdTeryt>1206</sln:powIdTeryt><sln:powNazwa>krakowski</sln:powNazwa><sln:wojIIPId>dd2e3c64-f861-47cf-a3a3-e7751f272b2f</sln:wojIIPId><sln:wojIIPPn>PL.PZGIK.200</sln:wojIIPPn><sln:wojIIPWersja>2017-10-10T00:00:00+02:00</sln:wojIIPWersja><sln:wojIdTeryt>12</sln:wojIdTeryt><sln:wojNazwa>małopolskie</sln:wojNazwa></sln:miejscowosc><sln:miejscowosc><sln:cyklZyciaOd>2014-12-06T00:00:00+01:00</sln:cyklZyciaOd><sln:gmIIPId>df5f55fa-21bd-46a8-bb86-b0eaf9bbac37</sln:gmIIPId><sln:gmIIPPn>PL.PZGIK.200</sln:gmIIPPn><sln:gmIIPWersja>2012-09-26T22:09:15+02:00</sln:gmIIPWersja><sln:gmIdTeryt>1206162</sln:gmIdTeryt><sln:gmNazwa>Zabierzów</sln:gmNazwa><sln:miejscIIPId>c2221e5d-b7ca-4324-851c-56c035cc0f32</sln:miejscIIPId><sln:miejscIIPPn>PL.PZGIK.200</sln:miejscIIPPn><sln:miejscIIPWersja>2016-11-24T13:42:29+02:00</sln:miejscIIPWersja><sln:miejscIdTeryt>0343823</sln:miejscIdTeryt><sln:miejscNazwa>Młynka</sln:miejscNazwa><sln:miejscRodzaj>Wieś</sln:miejscRodzaj><sln:powIIPId>3104c00e-f86d-4d1a-ac9e-8c85e101ac95</sln:powIIPId><sln:powIIPPn>PL.PZGIK.200</sln:powIIPPn><sln:powIIPWersja>2013-07-11T08:30:38+02:00</sln:powIIPWersja><sln:powIdTeryt>1206</sln:powIdTeryt><sln:powNazwa>krakowski</sln:powNazwa><sln:wojIIPId>dd2e3c64-f861-47cf-a3a3-e7751f272b2f</sln:wojIIPId><sln:wojIIPPn>PL.PZGIK.200</sln:wojIIPPn><sln:wojIIPWersja>2017-10-10T00:00:00+02:00</sln:wojIIPWersja><sln:wojIdTeryt>12</sln:wojIdTeryt><sln:wojNazwa>małopolskie</sln:wojNazwa></sln:miejscowosc><sln:miejscowosc><sln:cyklZyciaOd>2014-12-06T00:00:00+01:00</sln:cyklZyciaOd><sln:gmIIPId>df5f55fa-21bd-46a8-bb86-b0eaf9bbac37</sln:gmIIPId><sln:gmIIPPn>PL.PZGIK.200</sln:gmIIPPn><sln:gmIIPWersja>2012-09-26T22:09:15+02:00</sln:gmIIPWersja><sln:gmIdTeryt>1206162</sln:gmIdTeryt><sln:gmNazwa>Zabierzów</sln:gmNazwa><sln:miejscIIPId>5520a2e3-3a0e-45ae-9995-7946a04776b1</sln:miejscIIPId><sln:miejscIIPPn>PL.PZGIK.200</sln:miejscIIPPn><sln:miejscIIPWersja>2016-11-24T13:34:02+02:00</sln:miejscIIPWersja><sln:miejscIdTeryt>0344024</sln:miejscIdTeryt><sln:miejscNazwa>Zabierzów</sln:miejscNazwa><sln:miejscRodzaj>Wieś</sln:miejscRodzaj><sln:powIIPId>3104c00e-f86d-4d1a-ac9e-8c85e101ac95</sln:powIIPId><sln:powIIPPn>PL.PZGIK.200</sln:powIIPPn><sln:powIIPWersja>2013-07-11T08:30:38+02:00</sln:powIIPWersja><sln:powIdTeryt>1206</sln:powIdTeryt><sln:powNazwa>krakowski</sln:powNazwa><sln:wojIIPId>dd2e3c64-f861-47cf-a3a3-e7751f272b2f</sln:wojIIPId><sln:wojIIPPn>PL.PZGIK.200</sln:wojIIPPn><sln:wojIIPWersja>2017-10-10T00:00:00+02:00</sln:wojIIPWersja><sln:wojIdTeryt>12</sln:wojIdTeryt><sln:wojNazwa>małopolskie</sln:wojNazwa></sln:miejscowosc><sln:miejscowosc><sln:cyklZyciaOd>2014-12-06T00:00:00+01:00</sln:cyklZyciaOd><sln:gmIIPId>df5f55fa-21bd-46a8-bb86-b0eaf9bbac37</sln:gmIIPId><sln:gmIIPPn>PL.PZGIK.200</sln:gmIIPPn><sln:gmIIPWersja>2012-09-26T22:09:15+02:00</sln:gmIIPWersja><sln:gmIdTeryt>1206162</sln:gmIdTeryt><sln:gmNazwa>Zabierzów</sln:gmNazwa><sln:miejscIIPId>39969ce9-7913-48d3-85d1-09351090fb28</sln:miejscIIPId><sln:miejscIIPPn>PL.PZGIK.200</sln:miejscIIPPn><sln:miejscIIPWersja>2016-11-24T13:51:09+02:00</sln:miejscIIPWersja><sln:miejscIdTeryt>0344053</sln:miejscIdTeryt><sln:miejscNazwa>Gacki</sln:miejscNazwa><sln:miejscRodzaj>Inny obiekt</sln:miejscRodzaj><sln:powIIPId>3104c00e-f86d-4d1a-ac9e-8c85e101ac95</sln:powIIPId><sln:powIIPPn>PL.PZGIK.200</sln:powIIPPn><sln:powIIPWersja>2013-07-11T08:30:38+02:00</sln:powIIPWersja><sln:powIdTeryt>1206</sln:powIdTeryt><sln:powNazwa>krakowski</sln:powNazwa><sln:wojIIPId>dd2e3c64-f861-47cf-a3a3-e7751f272b2f</sln:wojIIPId><sln:wojIIPPn>PL.PZGIK.200</sln:wojIIPPn><sln:wojIIPWersja>2017-10-10T00:00:00+02:00</sln:wojIIPWersja><sln:wojIdTeryt>12</sln:wojIdTeryt><sln:wojNazwa>małopolskie</sln:wojNazwa></sln:miejscowosc><sln:miejscowosc><sln:cyklZyciaOd>2014-12-06T00:00:00+01:00</sln:cyklZyciaOd><sln:gmIIPId>df5f55fa-21bd-46a8-bb86-b0eaf9bbac37</sln:gmIIPId><sln:gmIIPPn>PL.PZGIK.200</sln:gmIIPPn><sln:gmIIPWersja>2012-09-26T22:09:15+02:00</sln:gmIIPWersja><sln:gmIdTeryt>1206162</sln:gmIdTeryt><sln:gmNazwa>Zabierzów</sln:gmNazwa><sln:miejscIIPId>ca82a3f7-bc3d-4a06-b44c-b3f8fcfcff2b</sln:miejscIIPId><sln:miejscIIPPn>PL.PZGIK.200</sln:miejscIIPPn><sln:miejscIIPWersja>2016-11-24T13:48:26+02:00</sln:miejscIIPWersja><sln:miejscIdTeryt>0343728</sln:miejscIdTeryt><sln:miejscNazwa>Grzybów</sln:miejscNazwa><sln:miejscRodzaj>Inny obiekt</sln:miejscRodzaj><sln:powIIPId>3104c00e-f86d-4d1a-ac9e-8c85e101ac95</sln:powIIPId><sln:powIIPPn>PL.PZGIK.200</sln:powIIPPn><sln:powIIPWersja>2013-07-11T08:30:38+02:00</sln:powIIPWersja><sln:powIdTeryt>1206</sln:powIdTeryt><sln:powNazwa>krakowski</sln:powNazwa><sln:wojIIPId>dd2e3c64-f861-47cf-a3a3-e7751f272b2f</sln:wojIIPId><sln:wojIIPPn>PL.PZGIK.200</sln:wojIIPPn><sln:wojIIPWersja>2017-10-10T00:00:00+02:00</sln:wojIIPWersja><sln:wojIdTeryt>12</sln:wojIdTeryt><sln:wojNazwa>małopolskie</sln:wojNazwa></sln:miejscowosc><sln:miejscowosc><sln:cyklZyciaOd>2014-12-06T00:00:00+01:00</sln:cyklZyciaOd><sln:gmIIPId>df5f55fa-21bd-46a8-bb86-b0eaf9bbac37</sln:gmIIPId><sln:gmIIPPn>PL.PZGIK.200</sln:gmIIPPn><sln:gmIIPWersja>2012-09-26T22:09:15+02:00</sln:gmIIPWersja><sln:gmIdTeryt>1206162</sln:gmIdTeryt><sln:gmNazwa>Zabierzów</sln:gmNazwa><sln:miejscIIPId>e07dff5c-1ba0-450a-9d9d-2a4bf0a91ca1</sln:miejscIIPId><sln:miejscIIPPn>PL.PZGIK.200</sln:miejscIIPPn><sln:miejscIIPWersja>2016-11-24T13:42:56+02:00</sln:miejscIIPWersja><sln:miejscIdTeryt>0343869</sln:miejscIdTeryt><sln:miejscNazwa>Nielepice</sln:miejscNazwa><sln:miejscRodzaj>Wieś</sln:miejscRodzaj><sln:powIIPId>3104c00e-f86d-4d1a-ac9e-8c85e101ac95</sln:powIIPId><sln:powIIPPn>PL.PZGIK.200</sln:powIIPPn><sln:powIIPWersja>2013-07-11T08:30:38+02:00</sln:powIIPWersja><sln:powIdTeryt>1206</sln:powIdTeryt><sln:powNazwa>krakowski</sln:powNazwa><sln:wojIIPId>dd2e3c64-f861-47cf-a3a3-e7751f272b2f</sln:wojIIPId><sln:wojIIPPn>PL.PZGIK.200</sln:wojIIPPn><sln:wojIIPWersja>2017-10-10T00:00:00+02:00</sln:wojIIPWersja><sln:wojIdTeryt>12</sln:wojIdTeryt><sln:wojNazwa>małopolskie</sln:wojNazwa></sln:miejscowosc><sln:miejscowosc><sln:cyklZyciaOd>2014-12-06T00:00:00+01:00</sln:cyklZyciaOd><sln:gmIIPId>df5f55fa-21bd-46a8-bb86-b0eaf9bbac37</sln:gmIIPId><sln:gmIIPPn>PL.PZGIK.200</sln:gmIIPPn><sln:gmIIPWersja>2012-09-26T22:09:15+02:00</sln:gmIIPWersja><sln:gmIdTeryt>1206162</sln:gmIdTeryt><sln:gmNazwa>Zabierzów</sln:gmNazwa><sln:miejscIIPId>6d2acbf6-635d-4fa3-a4bd-e35af7c91afd</sln:miejscIIPId><sln:miejscIIPPn>PL.PZGIK.200</sln:miejscIIPPn><sln:miejscIIPWersja>2016-11-24T13:30:01+02:00</sln:miejscIIPWersja><sln:miejscIdTeryt>0343941</sln:miejscIdTeryt><sln:miejscNazwa>Rudawa</sln:miejscNazwa><sln:miejscRodzaj>Wieś</sln:miejscRodzaj><sln:powIIPId>3104c00e-f86d-4d1a-ac9e-8c85e101ac95</sln:powIIPId><sln:powIIPPn>PL.PZGIK.200</sln:powIIPPn><sln:powIIPWersja>2013-07-11T08:30:38+02:00</sln:powIIPWersja><sln:powIdTeryt>1206</sln:powIdTeryt><sln:powNazwa>krakowski</sln:powNazwa><sln:wojIIPId>dd2e3c64-f861-47cf-a3a3-e7751f272b2f</sln:wojIIPId><sln:wojIIPPn>PL.PZGIK.200</sln:wojIIPPn><sln:wojIIPWersja>2017-10-10T00:00:00+02:00</sln:wojIIPWersja><sln:wojIdTeryt>12</sln:wojIdTeryt><sln:wojNazwa>małopolskie</sln:wojNazwa></sln:miejscowosc><sln:miejscowosc><sln:cyklZyciaOd>2014-12-06T00:00:00+01:00</sln:cyklZyciaOd><sln:gmIIPId>df5f55fa-21bd-46a8-bb86-b0eaf9bbac37</sln:gmIIPId><sln:gmIIPPn>PL.PZGIK.200</sln:gmIIPPn><sln:gmIIPWersja>2012-09-26T22:09:15+02:00</sln:gmIIPWersja><sln:gmIdTeryt>1206162</sln:gmIdTeryt><sln:gmNazwa>Zabierzów</sln:gmNazwa><sln:miejscIIPId>35480e0f-2eae-4e10-b711-db2dc64d0226</sln:miejscIIPId><sln:miejscIIPPn>PL.PZGIK.200</sln:miejscIIPPn><sln:miejscIIPWersja>2016-11-24T13:46:04+02:00</sln:miejscIIPWersja><sln:miejscIdTeryt>0343906</sln:miejscIdTeryt><sln:miejscNazwa>Skotnica</sln:miejscNazwa><sln:miejscRodzaj>Inny obiekt</sln:miejscRodzaj><sln:powIIPId>3104c00e-f86d-4d1a-ac9e-8c85e101ac95</sln:powIIPId><sln:powIIPPn>PL.PZGIK.200</sln:powIIPPn><sln:powIIPWersja>2013-07-11T08:30:38+02:00</sln:powIIPWersja><sln:powIdTeryt>1206</sln:powIdTeryt><sln:powNazwa>krakowski</sln:powNazwa><sln:wojIIPId>dd2e3c64-f861-47cf-a3a3-e7751f272b2f</sln:wojIIPId><sln:wojIIPPn>PL.PZGIK.200</sln:wojIIPPn><sln:wojIIPWersja>2017-10-10T00:00:00+02:00</sln:wojIIPWersja><sln:wojIdTeryt>12</sln:wojIdTeryt><sln:wojNazwa>małopolskie</sln:wojNazwa></sln:miejscowosc><sln:miejscowosc><sln:cyklZyciaOd>2014-12-06T00:00:00+01:00</sln:cyklZyciaOd><sln:gmIIPId>df5f55fa-21bd-46a8-bb86-b0eaf9bbac37</sln:gmIIPId><sln:gmIIPPn>PL.PZGIK.200</sln:gmIIPPn><sln:gmIIPWersja>2012-09-26T22:09:15+02:00</sln:gmIIPWersja><sln:gmIdTeryt>1206162</sln:gmIdTeryt><sln:gmNazwa>Zabierzów</sln:gmNazwa><sln:miejscIIPId>a9eebbb8-9985-4eb8-816e-e6b5b1504c4f</sln:miejscIIPId><sln:miejscIIPPn>PL.PZGIK.200</sln:miejscIIPPn><sln:miejscIIPWersja>2016-11-24T13:42:56+02:00</sln:miejscIIPWersja><sln:miejscIdTeryt>0343846</sln:miejscIdTeryt><sln:miejscNazwa>Niegoszowice</sln:miejscNazwa><sln:miejscRodzaj>Wieś</sln:miejscRodzaj><sln:powIIPId>3104c00e-f86d-4d1a-ac9e-8c85e101ac95</sln:powIIPId><sln:powIIPPn>PL.PZGIK.200</sln:powIIPPn><sln:powIIPWersja>2013-07-11T08:30:38+02:00</sln:powIIPWersja><sln:powIdTeryt>1206</sln:powIdTeryt><sln:powNazwa>krakowski</sln:powNazwa><sln:wojIIPId>dd2e3c64-f861-47cf-a3a3-e7751f272b2f</sln:wojIIPId><sln:wojIIPPn>PL.PZGIK.200</sln:wojIIPPn><sln:wojIIPWersja>2017-10-10T00:00:00+02:00</sln:wojIIPWersja><sln:wojIdTeryt>12</sln:wojIdTeryt><sln:wojNazwa>małopolskie</sln:wojNazwa></sln:miejscowosc><sln:miejscowosc><sln:cyklZyciaOd>2014-12-06T00:00:00+01:00</sln:cyklZyciaOd><sln:gmIIPId>df5f55fa-21bd-46a8-bb86-b0eaf9bbac37</sln:gmIIPId><sln:gmIIPPn>PL.PZGIK.200</sln:gmIIPPn><sln:gmIIPWersja>2012-09-26T22:09:15+02:00</sln:gmIIPWersja><sln:gmIdTeryt>1206162</sln:gmIdTeryt><sln:gmNazwa>Zabierzów</sln:gmNazwa><sln:miejscIIPId>96f3bb81-c66e-4721-a617-318d9d4e6b05</sln:miejscIIPId><sln:miejscIIPPn>PL.PZGIK.200</sln:miejscIIPPn><sln:miejscIIPWersja>2016-11-24T13:32:43+02:00</sln:miejscIIPWersja><sln:miejscIdTeryt>0343987</sln:miejscIdTeryt><sln:miejscNazwa>Ujazd</sln:miejscNazwa><sln:miejscRodzaj>Wieś</sln:miejscRodzaj><sln:powIIPId>3104c00e-f86d-4d1a-ac9e-8c85e101ac95</sln:powIIPId><sln:powIIPPn>PL.PZGIK.200</sln:powIIPPn><sln:powIIPWersja>2013-07-11T08:30:38+02:00</sln:powIIPWersja><sln:powIdTeryt>1206</sln:powIdTeryt><sln:powNazwa>krakowski</sln:powNazwa><sln:wojIIPId>dd2e3c64-f861-47cf-a3a3-e7751f272b2f</sln:wojIIPId><sln:wojIIPPn>PL.PZGIK.200</sln:wojIIPPn><sln:wojIIPWersja>2017-10-10T00:00:00+02:00</sln:wojIIPWersja><sln:wojIdTeryt>12</sln:wojIdTeryt><sln:wojNazwa>małopolskie</sln:wojNazwa></sln:miejscowosc><sln:miejscowosc><sln:cyklZyciaOd>2014-12-06T00:00:00+01:00</sln:cyklZyciaOd><sln:gmIIPId>df5f55fa-21bd-46a8-bb86-b0eaf9bbac37</sln:gmIIPId><sln:gmIIPPn>PL.PZGIK.200</sln:gmIIPPn><sln:gmIIPWersja>2012-09-26T22:09:15+02:00</sln:gmIIPWersja><sln:gmIdTeryt>1206162</sln:gmIdTeryt><sln:gmNazwa>Zabierzów</sln:gmNazwa><sln:miejscIIPId>1866e58e-43f7-4f72-b1f9-4fc7d493779e</sln:miejscIIPId><sln:miejscIIPPn>PL.PZGIK.200</sln:miejscIIPPn><sln:miejscIIPWersja>2016-11-24T13:57:43+02:00</sln:miejscIIPWersja><sln:miejscIdTeryt>0343585</sln:miejscIdTeryt><sln:miejscNazwa>Górki</sln:miejscNazwa><sln:miejscRodzaj>Inny obiekt</sln:miejscRodzaj><sln:powIIPId>3104c00e-f86d-4d1a-ac9e-8c85e101ac95</sln:powIIPId><sln:powIIPPn>PL.PZGIK.200</sln:powIIPPn><sln:powIIPWersja>2013-07-11T08:30:38+02:00</sln:powIIPWersja><sln:powIdTeryt>1206</sln:powIdTeryt><sln:powNazwa>krakowski</sln:powNazwa><sln:wojIIPId>dd2e3c64-f861-47cf-a3a3-e7751f272b2f</sln:wojIIPId><sln:wojIIPPn>PL.PZGIK.200</sln:wojIIPPn><sln:wojIIPWersja>2017-10-10T00:00:00+02:00</sln:wojIIPWersja><sln:wojIdTeryt>12</sln:wojIdTeryt><sln:wojNazwa>małopolskie</sln:wojNazwa></sln:miejscowosc><sln:miejscowosc><sln:cyklZyciaOd>2014-12-06T00:00:00+01:00</sln:cyklZyciaOd><sln:gmIIPId>df5f55fa-21bd-46a8-bb86-b0eaf9bbac37</sln:gmIIPId><sln:gmIIPPn>PL.PZGIK.200</sln:gmIIPPn><sln:gmIIPWersja>2012-09-26T22:09:15+02:00</sln:gmIIPWersja><sln:gmIdTeryt>1206162</sln:gmIdTeryt><sln:gmNazwa>Zabierzów</sln:gmNazwa><sln:miejscIIPId>e71ca7d0-028d-4b20-a6f6-10fa66c2c509</sln:miejscIIPId><sln:miejscIIPPn>PL.PZGIK.200</sln:miejscIIPPn><sln:miejscIIPWersja>2016-11-24T13:55:14+02:00</sln:miejscIIPWersja><sln:miejscIdTeryt>0343757</sln:miejscIdTeryt><sln:miejscNazwa>Gaj</sln:miejscNazwa><sln:miejscRodzaj>Inny obiekt</sln:miejscRodzaj><sln:powIIPId>3104c00e-f86d-4d1a-ac9e-8c85e101ac95</sln:powIIPId><sln:powIIPPn>PL.PZGIK.200</sln:powIIPPn><sln:powIIPWersja>2013-07-11T08:30:38+02:00</sln:powIIPWersja><sln:powIdTeryt>1206</sln:powIdTeryt><sln:powNazwa>krakowski</sln:powNazwa><sln:wojIIPId>dd2e3c64-f861-47cf-a3a3-e7751f272b2f</sln:wojIIPId><sln:wojIIPPn>PL.PZGIK.200</sln:wojIIPPn><sln:wojIIPWersja>2017-10-10T00:00:00+02:00</sln:wojIIPWersja><sln:wojIdTeryt>12</sln:wojIdTeryt><sln:wojNazwa>małopolskie</sln:wojNazwa></sln:miejscowosc><sln:miejscowosc><sln:cyklZyciaOd>2014-12-06T00:00:00+01:00</sln:cyklZyciaOd><sln:gmIIPId>df5f55fa-21bd-46a8-bb86-b0eaf9bbac37</sln:gmIIPId><sln:gmIIPPn>PL.PZGIK.200</sln:gmIIPPn><sln:gmIIPWersja>2012-09-26T22:09:15+02:00</sln:gmIIPWersja><sln:gmIdTeryt>1206162</sln:gmIdTeryt><sln:gmNazwa>Zabierzów</sln:gmNazwa><sln:miejscIIPId>b9eec2e5-d0ed-4b00-b819-8d21c56f01a1</sln:miejscIIPId><sln:miejscIIPPn>PL.PZGIK.200</sln:miejscIIPPn><sln:miejscIIPWersja>2016-11-24T13:52:10+02:00</sln:miejscIIPWersja><sln:miejscIdTeryt>0343556</sln:miejscIdTeryt><sln:miejscNazwa>Podkamycze</sln:miejscNazwa><sln:miejscRodzaj>Inny obiekt</sln:miejscRodzaj><sln:powIIPId>3104c00e-f86d-4d1a-ac9e-8c85e101ac95</sln:powIIPId><sln:powIIPPn>PL.PZGIK.200</sln:powIIPPn><sln:powIIPWersja>2013-07-11T08:30:38+02:00</sln:powIIPWersja><sln:powIdTeryt>1206</sln:powIdTeryt><sln:powNazwa>krakowski</sln:powNazwa><sln:wojIIPId>dd2e3c64-f861-47cf-a3a3-e7751f272b2f</sln:wojIIPId><sln:wojIIPPn>PL.PZGIK.200</sln:wojIIPPn><sln:wojIIPWersja>2017-10-10T00:00:00+02:00</sln:wojIIPWersja><sln:wojIdTeryt>12</sln:wojIdTeryt><sln:wojNazwa>małopolskie</sln:wojNazwa></sln:miejscowosc><sln:miejscowosc><sln:cyklZyciaOd>2014-12-06T00:00:00+01:00</sln:cyklZyciaOd><sln:gmIIPId>df5f55fa-21bd-46a8-bb86-b0eaf9bbac37</sln:gmIIPId><sln:gmIIPPn>PL.PZGIK.200</sln:gmIIPPn><sln:gmIIPWersja>2012-09-26T22:09:15+02:00</sln:gmIIPWersja><sln:gmIdTeryt>1206162</sln:gmIdTeryt><sln:gmNazwa>Zabierzów</sln:gmNazwa><sln:miejscIIPId>c83f30b6-0c18-48f8-92d9-40ca3d641baf</sln:miejscIIPId><sln:miejscIIPPn>PL.PZGIK.200</sln:miejscIIPPn><sln:miejscIIPWersja>2016-11-24T13:58:25+02:00</sln:miejscIIPWersja><sln:miejscIdTeryt>0343929</sln:miejscIdTeryt><sln:miejscNazwa>Podkamyk</sln:miejscNazwa><sln:miejscRodzaj>Inny obiekt</sln:miejscRodzaj><sln:powIIPId>3104c00e-f86d-4d1a-ac9e-8c85e101ac95</sln:powIIPId><sln:powIIPPn>PL.PZGIK.200</sln:powIIPPn><sln:powIIPWersja>2013-07-11T08:30:38+02:00</sln:powIIPWersja><sln:powIdTeryt>1206</sln:powIdTeryt><sln:powNazwa>krakowski</sln:powNazwa><sln:wojIIPId>dd2e3c64-f861-47cf-a3a3-e7751f272b2f</sln:wojIIPId><sln:wojIIPPn>PL.PZGIK.200</sln:wojIIPPn><sln:wojIIPWersja>2017-10-10T00:00:00+02:00</sln:wojIIPWersja><sln:wojIdTeryt>12</sln:wojIdTeryt><sln:wojNazwa>małopolskie</sln:wojNazwa></sln:miejscowosc><sln:miejscowosc><sln:cyklZyciaOd>2014-12-06T00:00:00+01:00</sln:cyklZyciaOd><sln:gmIIPId>df5f55fa-21bd-46a8-bb86-b0eaf9bbac37</sln:gmIIPId><sln:gmIIPPn>PL.PZGIK.200</sln:gmIIPPn><sln:gmIIPWersja>2012-09-26T22:09:15+02:00</sln:gmIIPWersja><sln:gmIdTeryt>1206162</sln:gmIdTeryt><sln:gmNazwa>Zabierzów</sln:gmNazwa><sln:miejscIIPId>625c543a-a8b7-4d09-b0d2-45c636c22881</sln:miejscIIPId><sln:miejscIIPPn>PL.PZGIK.200</sln:miejscIIPPn><sln:miejscIIPWersja>2016-11-24T13:58:25+02:00</sln:miejscIIPWersja><sln:miejscIdTeryt>0343527</sln:miejscIdTeryt><sln:miejscNazwa>Popówka</sln:miejscNazwa><sln:miejscRodzaj>Inny obiekt</sln:miejscRodzaj><sln:powIIPId>3104c00e-f86d-4d1a-ac9e-8c85e101ac95</sln:powIIPId><sln:powIIPPn>PL.PZGIK.200</sln:powIIPPn><sln:powIIPWersja>2013-07-11T08:30:38+02:00</sln:powIIPWersja><sln:powIdTeryt>1206</sln:powIdTeryt><sln:powNazwa>krakowski</sln:powNazwa><sln:wojIIPId>dd2e3c64-f861-47cf-a3a3-e7751f272b2f</sln:wojIIPId><sln:wojIIPPn>PL.PZGIK.200</sln:wojIIPPn><sln:wojIIPWersja>2017-10-10T00:00:00+02:00</sln:wojIIPWersja><sln:wojIdTeryt>12</sln:wojIdTeryt><sln:wojNazwa>małopolskie</sln:wojNazwa></sln:miejscowosc><sln:miejscowosc><sln:cyklZyciaOd>2014-12-06T00:00:00+01:00</sln:cyklZyciaOd><sln:gmIIPId>df5f55fa-21bd-46a8-bb86-b0eaf9bbac37</sln:gmIIPId><sln:gmIIPPn>PL.PZGIK.200</sln:gmIIPPn><sln:gmIIPWersja>2012-09-26T22:09:15+02:00</sln:gmIIPWersja><sln:gmIdTeryt>1206162</sln:gmIdTeryt><sln:gmNazwa>Zabierzów</sln:gmNazwa><sln:miejscIIPId>d38f293e-3e7c-4533-b110-68864f1ad1f5</sln:miejscIIPId><sln:miejscIIPPn>PL.PZGIK.200</sln:miejscIIPPn><sln:miejscIIPWersja>2016-11-24T13:58:24+02:00</sln:miejscIIPWersja><sln:miejscIdTeryt>0343898</sln:miejscIdTeryt><sln:miejscNazwa>Pod Skałą</sln:miejscNazwa><sln:miejscRodzaj>Inny obiekt</sln:miejscRodzaj><sln:powIIPId>3104c00e-f86d-4d1a-ac9e-8c85e101ac95</sln:powIIPId><sln:powIIPPn>PL.PZGIK.200</sln:powIIPPn><sln:powIIPWersja>2013-07-11T08:30:38+02:00</sln:powIIPWersja><sln:powIdTeryt>1206</sln:powIdTeryt><sln:powNazwa>krakowski</sln:powNazwa><sln:wojIIPId>dd2e3c64-f861-47cf-a3a3-e7751f272b2f</sln:wojIIPId><sln:wojIIPPn>PL.PZGIK.200</sln:wojIIPPn><sln:wojIIPWersja>2017-10-10T00:00:00+02:00</sln:wojIIPWersja><sln:wojIdTeryt>12</sln:wojIdTeryt><sln:wojNazwa>małopolskie</sln:wojNazwa></sln:miejscowosc><sln:miejscowosc><sln:cyklZyciaOd>2014-12-06T00:00:00+01:00</sln:cyklZyciaOd><sln:gmIIPId>df5f55fa-21bd-46a8-bb86-b0eaf9bbac37</sln:gmIIPId><sln:gmIIPPn>PL.PZGIK.200</sln:gmIIPPn><sln:gmIIPWersja>2012-09-26T22:09:15+02:00</sln:gmIIPWersja><sln:gmIdTeryt>1206162</sln:gmIdTeryt><sln:gmNazwa>Zabierzów</sln:gmNazwa><sln:miejscIIPId>6b0fba1e-c3db-46b0-be87-49615477db7c</sln:miejscIIPId><sln:miejscIIPPn>PL.PZGIK.200</sln:miejscIIPPn><sln:miejscIIPWersja>2016-11-24T13:58:24+02:00</sln:miejscIIPWersja><sln:miejscIdTeryt>0343970</sln:miejscIdTeryt><sln:miejscNazwa>Jałowiec</sln:miejscNazwa><sln:miejscRodzaj>Inny obiekt</sln:miejscRodzaj><sln:powIIPId>3104c00e-f86d-4d1a-ac9e-8c85e101ac95</sln:powIIPId><sln:powIIPPn>PL.PZGIK.200</sln:powIIPPn><sln:powIIPWersja>2013-07-11T08:30:38+02:00</sln:powIIPWersja><sln:powIdTeryt>1206</sln:powIdTeryt><sln:powNazwa>krakowski</sln:powNazwa><sln:wojIIPId>dd2e3c64-f861-47cf-a3a3-e7751f272b2f</sln:wojIIPId><sln:wojIIPPn>PL.PZGIK.200</sln:wojIIPPn><sln:wojIIPWersja>2017-10-10T00:00:00+02:00</sln:wojIIPWersja><sln:wojIdTeryt>12</sln:wojIdTeryt><sln:wojNazwa>małopolskie</sln:wojNazwa></sln:miejscowosc><sln:miejscowosc><sln:cyklZyciaOd>2014-12-06T00:00:00+01:00</sln:cyklZyciaOd><sln:gmIIPId>df5f55fa-21bd-46a8-bb86-b0eaf9bbac37</sln:gmIIPId><sln:gmIIPPn>PL.PZGIK.200</sln:gmIIPPn><sln:gmIIPWersja>2012-09-26T22:09:15+02:00</sln:gmIIPWersja><sln:gmIdTeryt>1206162</sln:gmIdTeryt><sln:gmNazwa>Zabierzów</sln:gmNazwa><sln:miejscIIPId>08de68ab-32fc-4a85-ad28-6afd1cb6c22d</sln:miejscIIPId><sln:miejscIIPPn>PL.PZGIK.200</sln:miejscIIPPn><sln:miejscIIPWersja>2016-11-24T13:28:11+02:00</sln:miejscIIPWersja><sln:miejscIdTeryt>0343875</sln:miejscIdTeryt><sln:miejscNazwa>Pisary</sln:miejscNazwa><sln:miejscRodzaj>Wieś</sln:miejscRodzaj><sln:powIIPId>3104c00e-f86d-4d1a-ac9e-8c85e101ac95</sln:powIIPId><sln:powIIPPn>PL.PZGIK.200</sln:powIIPPn><sln:powIIPWersja>2013-07-11T08:30:38+02:00</sln:powIIPWersja><sln:powIdTeryt>1206</sln:powIdTeryt><sln:powNazwa>krakowski</sln:powNazwa><sln:wojIIPId>dd2e3c64-f861-47cf-a3a3-e7751f272b2f</sln:wojIIPId><sln:wojIIPPn>PL.PZGIK.200</sln:wojIIPPn><sln:wojIIPWersja>2017-10-10T00:00:00+02:00</sln:wojIIPWersja><sln:wojIdTeryt>12</sln:wojIdTeryt><sln:wojNazwa>małopolskie</sln:wojNazwa></sln:miejscowosc><sln:miejscowosc><sln:cyklZyciaOd>2014-12-06T00:00:00+01:00</sln:cyklZyciaOd><sln:gmIIPId>df5f55fa-21bd-46a8-bb86-b0eaf9bbac37</sln:gmIIPId><sln:gmIIPPn>PL.PZGIK.200</sln:gmIIPPn><sln:gmIIPWersja>2012-09-26T22:09:15+02:00</sln:gmIIPWersja><sln:gmIdTeryt>1206162</sln:gmIdTeryt><sln:gmNazwa>Zabierzów</sln:gmNazwa><sln:miejscIIPId>73fc940d-43b8-4c02-9317-e64e7ccd2e9c</sln:miejscIIPId><sln:miejscIIPPn>PL.PZGIK.200</sln:miejscIIPPn><sln:miejscIIPWersja>2016-11-24T13:51:09+02:00</sln:miejscIIPWersja><sln:miejscIdTeryt>0344047</sln:miejscIdTeryt><sln:miejscNazwa>Wyźrał</sln:miejscNazwa><sln:miejscRodzaj>Inny obiekt</sln:miejscRodzaj><sln:powIIPId>3104c00e-f86d-4d1a-ac9e-8c85e101ac95</sln:powIIPId><sln:powIIPPn>PL.PZGIK.200</sln:powIIPPn><sln:powIIPWersja>2013-07-11T08:30:38+02:00</sln:powIIPWersja><sln:powIdTeryt>1206</sln:powIdTeryt><sln:powNazwa>krakowski</sln:powNazwa><sln:wojIIPId>dd2e3c64-f861-47cf-a3a3-e7751f272b2f</sln:wojIIPId><sln:wojIIPPn>PL.PZGIK.200</sln:wojIIPPn><sln:wojIIPWersja>2017-10-10T00:00:00+02:00</sln:wojIIPWersja><sln:wojIdTeryt>12</sln:wojIdTeryt><sln:wojNazwa>małopolskie</sln:wojNazwa></sln:miejscowosc><sln:miejscowosc><sln:cyklZyciaOd>2014-12-06T00:00:00+01:00</sln:cyklZyciaOd><sln:gmIIPId>df5f55fa-21bd-46a8-bb86-b0eaf9bbac37</sln:gmIIPId><sln:gmIIPPn>PL.PZGIK.200</sln:gmIIPPn><sln:gmIIPWersja>2012-09-26T22:09:15+02:00</sln:gmIIPWersja><sln:gmIdTeryt>1206162</sln:gmIdTeryt><sln:gmNazwa>Zabierzów</sln:gmNazwa><sln:miejscIIPId>37917642-f865-4b3f-8e48-ec1e0b0382b3</sln:miejscIIPId><sln:miejscIIPPn>PL.PZGIK.200</sln:miejscIIPPn><sln:miejscIIPWersja>2016-11-24T13:35:59+02:00</sln:miejscIIPWersja><sln:miejscIdTeryt>0343533</sln:miejscIdTeryt><sln:miejscNazwa>Balice</sln:miejscNazwa><sln:miejscRodzaj>Wieś</sln:miejscRodzaj><sln:powIIPId>3104c00e-f86d-4d1a-ac9e-8c85e101ac95</sln:powIIPId><sln:powIIPPn>PL.PZGIK.200</sln:powIIPPn><sln:powIIPWersja>2013-07-11T08:30:38+02:00</sln:powIIPWersja><sln:powIdTeryt>1206</sln:powIdTeryt><sln:powNazwa>krakowski</sln:powNazwa><sln:wojIIPId>dd2e3c64-f861-47cf-a3a3-e7751f272b2f</sln:wojIIPId><sln:wojIIPPn>PL.PZGIK.200</sln:wojIIPPn><sln:wojIIPWersja>2017-10-10T00:00:00+02:00</sln:wojIIPWersja><sln:wojIdTeryt>12</sln:wojIdTeryt><sln:wojNazwa>małopolskie</sln:wojNazwa></sln:miejscowosc><sln:miejscowosc><sln:cyklZyciaOd>2014-12-06T00:00:00+01:00</sln:cyklZyciaOd><sln:gmIIPId>df5f55fa-21bd-46a8-bb86-b0eaf9bbac37</sln:gmIIPId><sln:gmIIPPn>PL.PZGIK.200</sln:gmIIPPn><sln:gmIIPWersja>2012-09-26T22:09:15+02:00</sln:gmIIPWersja><sln:gmIdTeryt>1206162</sln:gmIdTeryt><sln:gmNazwa>Zabierzów</sln:gmNazwa><sln:miejscIIPId>4ca1d8fc-63e4-4f0b-b6bf-91c4e287a186</sln:miejscIIPId><sln:miejscIIPPn>PL.PZGIK.200</sln:miejscIIPPn><sln:miejscIIPWersja>2016-11-24T13:58:24+02:00</sln:miejscIIPWersja><sln:miejscIdTeryt>0343852</sln:miejscIdTeryt><sln:miejscNazwa>Sowiarka</sln:miejscNazwa><sln:miejscRodzaj>Inny obiekt</sln:miejscRodzaj><sln:powIIPId>3104c00e-f86d-4d1a-ac9e-8c85e101ac95</sln:powIIPId><sln:powIIPPn>PL.PZGIK.200</sln:powIIPPn><sln:powIIPWersja>2013-07-11T08:30:38+02:00</sln:powIIPWersja><sln:powIdTeryt>1206</sln:powIdTeryt><sln:powNazwa>krakowski</sln:powNazwa><sln:wojIIPId>dd2e3c64-f861-47cf-a3a3-e7751f272b2f</sln:wojIIPId><sln:wojIIPPn>PL.PZGIK.200</sln:wojIIPPn><sln:wojIIPWersja>2017-10-10T00:00:00+02:00</sln:wojIIPWersja><sln:wojIdTeryt>12</sln:wojIdTeryt><sln:wojNazwa>małopolskie</sln:wojNazwa></sln:miejscowosc><sln:miejscowosc><sln:cyklZyciaOd>2014-12-06T00:00:00+01:00</sln:cyklZyciaOd><sln:gmIIPId>df5f55fa-21bd-46a8-bb86-b0eaf9bbac37</sln:gmIIPId><sln:gmIIPPn>PL.PZGIK.200</sln:gmIIPPn><sln:gmIIPWersja>2012-09-26T22:09:15+02:00</sln:gmIIPWersja><sln:gmIdTeryt>1206162</sln:gmIdTeryt><sln:gmNazwa>Zabierzów</sln:gmNazwa><sln:miejscIIPId>91318ccd-66a8-4b59-bfe6-32b1cc1b990b</sln:miejscIIPId><sln:miejscIIPPn>PL.PZGIK.200</sln:miejscIIPPn><sln:miejscIIPWersja>2016-11-24T13:39:13+02:00</sln:miejscIIPWersja><sln:miejscIdTeryt>0343740</sln:miejscIdTeryt><sln:miejscNazwa>Karniowice</sln:miejscNazwa><sln:miejscRodzaj>Wieś</sln:miejscRodzaj><sln:powIIPId>3104c00e-f86d-4d1a-ac9e-8c85e101ac95</sln:powIIPId><sln:powIIPPn>PL.PZGIK.200</sln:powIIPPn><sln:powIIPWersja>2013-07-11T08:30:38+02:00</sln:powIIPWersja><sln:powIdTeryt>1206</sln:powIdTeryt><sln:powNazwa>krakowski</sln:powNazwa><sln:wojIIPId>dd2e3c64-f861-47cf-a3a3-e7751f272b2f</sln:wojIIPId><sln:wojIIPPn>PL.PZGIK.200</sln:wojIIPPn><sln:wojIIPWersja>2017-10-10T00:00:00+02:00</sln:wojIIPWersja><sln:wojIdTeryt>12</sln:wojIdTeryt><sln:wojNazwa>małopolskie</sln:wojNazwa></sln:miejscowosc><sln:miejscowosc><sln:cyklZyciaOd>2014-12-06T00:00:00+01:00</sln:cyklZyciaOd><sln:gmIIPId>df5f55fa-21bd-46a8-bb86-b0eaf9bbac37</sln:gmIIPId><sln:gmIIPPn>PL.PZGIK.200</sln:gmIIPPn><sln:gmIIPWersja>2012-09-26T22:09:15+02:00</sln:gmIIPWersja><sln:gmIdTeryt>1206162</sln:gmIdTeryt><sln:gmNazwa>Zabierzów</sln:gmNazwa><sln:miejscIIPId>2e486bc5-1604-49e2-85b7-29af5e53de3b</sln:miejscIIPId><sln:miejscIIPPn>PL.PZGIK.200</sln:miejscIIPPn><sln:miejscIIPWersja>2016-11-24T13:32:07+02:00</sln:miejscIIPWersja><sln:miejscIdTeryt>0343711</sln:miejscIdTeryt><sln:miejscNazwa>Burów</sln:miejscNazwa><sln:miejscRodzaj>Wieś</sln:miejscRodzaj><sln:powIIPId>3104c00e-f86d-4d1a-ac9e-8c85e101ac95</sln:powIIPId><sln:powIIPPn>PL.PZGIK.200</sln:powIIPPn><sln:powIIPWersja>2013-07-11T08:30:38+02:00</sln:powIIPWersja><sln:powIdTeryt>1206</sln:powIdTeryt><sln:powNazwa>krakowski</sln:powNazwa><sln:wojIIPId>dd2e3c64-f861-47cf-a3a3-e7751f272b2f</sln:wojIIPId><sln:wojIIPPn>PL.PZGIK.200</sln:wojIIPPn><sln:wojIIPWersja>2017-10-10T00:00:00+02:00</sln:wojIIPWersja><sln:wojIdTeryt>12</sln:wojIdTeryt><sln:wojNazwa>małopolskie</sln:wojNazwa></sln:miejscowosc><sln:miejscowosc><sln:cyklZyciaOd>2014-12-06T00:00:00+01:00</sln:cyklZyciaOd><sln:gmIIPId>df5f55fa-21bd-46a8-bb86-b0eaf9bbac37</sln:gmIIPId><sln:gmIIPPn>PL.PZGIK.200</sln:gmIIPPn><sln:gmIIPWersja>2012-09-26T22:09:15+02:00</sln:gmIIPWersja><sln:gmIdTeryt>1206162</sln:gmIdTeryt><sln:gmNazwa>Zabierzów</sln:gmNazwa><sln:miejscIIPId>a570c5c2-1261-418e-95d7-14f503610657</sln:miejscIIPId><sln:miejscIIPPn>PL.PZGIK.200</sln:miejscIIPPn><sln:miejscIIPWersja>2016-11-24T13:46:18+02:00</sln:miejscIIPWersja><sln:miejscIdTeryt>0343958</sln:miejscIdTeryt><sln:miejscNazwa>Werbownia</sln:miejscNazwa><sln:miejscRodzaj>Inny obiekt</sln:miejscRodzaj><sln:powIIPId>3104c00e-f86d-4d1a-ac9e-8c85e101ac95</sln:powIIPId><sln:powIIPPn>PL.PZGIK.200</sln:powIIPPn><sln:powIIPWersja>2013-07-11T08:30:38+02:00</sln:powIIPWersja><sln:powIdTeryt>1206</sln:powIdTeryt><sln:powNazwa>krakowski</sln:powNazwa><sln:wojIIPId>dd2e3c64-f861-47cf-a3a3-e7751f272b2f</sln:wojIIPId><sln:wojIIPPn>PL.PZGIK.200</sln:wojIIPPn><sln:wojIIPWersja>2017-10-10T00:00:00+02:00</sln:wojIIPWersja><sln:wojIdTeryt>12</sln:wojIdTeryt><sln:wojNazwa>małopolskie</sln:wojNazwa></sln:miejscowosc><sln:miejscowosc><sln:cyklZyciaOd>2014-12-06T00:00:00+01:00</sln:cyklZyciaOd><sln:gmIIPId>df5f55fa-21bd-46a8-bb86-b0eaf9bbac37</sln:gmIIPId><sln:gmIIPPn>PL.PZGIK.200</sln:gmIIPPn><sln:gmIIPWersja>2012-09-26T22:09:15+02:00</sln:gmIIPWersja><sln:gmIdTeryt>1206162</sln:gmIdTeryt><sln:gmNazwa>Zabierzów</sln:gmNazwa><sln:miejscIIPId>3369e20f-9111-4cb2-a46d-75d414d91a9b</sln:miejscIIPId><sln:miejscIIPPn>PL.PZGIK.200</sln:miejscIIPPn><sln:miejscIIPWersja>2016-11-24T13:28:54+02:00</sln:miejscIIPWersja><sln:miejscIdTeryt>0343645</sln:miejscIdTeryt><sln:miejscNazwa>Brzezie</sln:miejscNazwa><sln:miejscRodzaj>Wieś</sln:miejscRodzaj><sln:powIIPId>3104c00e-f86d-4d1a-ac9e-8c85e101ac95</sln:powIIPId><sln:powIIPPn>PL.PZGIK.200</sln:powIIPPn><sln:powIIPWersja>2013-07-11T08:30:38+02:00</sln:powIIPWersja><sln:powIdTeryt>1206</sln:powIdTeryt><sln:powNazwa>krakowski</sln:powNazwa><sln:wojIIPId>dd2e3c64-f861-47cf-a3a3-e7751f272b2f</sln:wojIIPId><sln:wojIIPPn>PL.PZGIK.200</sln:wojIIPPn><sln:wojIIPWersja>2017-10-10T00:00:00+02:00</sln:wojIIPWersja><sln:wojIdTeryt>12</sln:wojIdTeryt><sln:wojNazwa>małopolskie</sln:wojNazwa></sln:miejscowosc><sln:miejscowosc><sln:cyklZyciaOd>2014-12-06T00:00:00+01:00</sln:cyklZyciaOd><sln:gmIIPId>df5f55fa-21bd-46a8-bb86-b0eaf9bbac37</sln:gmIIPId><sln:gmIIPPn>PL.PZGIK.200</sln:gmIIPPn><sln:gmIIPWersja>2012-09-26T22:09:15+02:00</sln:gmIIPWersja><sln:gmIdTeryt>1206162</sln:gmIdTeryt><sln:gmNazwa>Zabierzów</sln:gmNazwa><sln:miejscIIPId>604dc1d6-e459-4fdd-84c9-a86f67ce70d2</sln:miejscIIPId><sln:miejscIIPPn>PL.PZGIK.200</sln:miejscIIPPn><sln:miejscIIPWersja>2016-11-24T13:57:43+02:00</sln:miejscIIPWersja><sln:miejscIdTeryt>0343622</sln:miejscIdTeryt><sln:miejscNazwa>Zielona Duża</sln:miejscNazwa><sln:miejscRodzaj>Inny obiekt</sln:miejscRodzaj><sln:powIIPId>3104c00e-f86d-4d1a-ac9e-8c85e101ac95</sln:powIIPId><sln:powIIPPn>PL.PZGIK.200</sln:powIIPPn><sln:powIIPWersja>2013-07-11T08:30:38+02:00</sln:powIIPWersja><sln:powIdTeryt>1206</sln:powIdTeryt><sln:powNazwa>krakowski</sln:powNazwa><sln:wojIIPId>dd2e3c64-f861-47cf-a3a3-e7751f272b2f</sln:wojIIPId><sln:wojIIPPn>PL.PZGIK.200</sln:wojIIPPn><sln:wojIIPWersja>2017-10-10T00:00:00+02:00</sln:wojIIPWersja><sln:wojIdTeryt>12</sln:wojIdTeryt><sln:wojNazwa>małopolskie</sln:wojNazwa></sln:miejscowosc><sln:miejscowosc><sln:cyklZyciaOd>2014-12-06T00:00:00+01:00</sln:cyklZyciaOd><sln:gmIIPId>df5f55fa-21bd-46a8-bb86-b0eaf9bbac37</sln:gmIIPId><sln:gmIIPPn>PL.PZGIK.200</sln:gmIIPPn><sln:gmIIPWersja>2012-09-26T22:09:15+02:00</sln:gmIIPWersja><sln:gmIdTeryt>1206162</sln:gmIdTeryt><sln:gmNazwa>Zabierzów</sln:gmNazwa><sln:miejscIIPId>b632c23b-8180-4ab8-83d0-1e08fa6438c6</sln:miejscIIPId><sln:miejscIIPPn>PL.PZGIK.200</sln:miejscIIPPn><sln:miejscIIPWersja>2016-11-24T13:58:01+02:00</sln:miejscIIPWersja><sln:miejscIdTeryt>0343830</sln:miejscIdTeryt><sln:miejscNazwa>Podborze</sln:miejscNazwa><sln:miejscRodzaj>Inny obiekt</sln:miejscRodzaj><sln:powIIPId>3104c00e-f86d-4d1a-ac9e-8c85e101ac95</sln:powIIPId><sln:powIIPPn>PL.PZGIK.200</sln:powIIPPn><sln:powIIPWersja>2013-07-11T08:30:38+02:00</sln:powIIPWersja><sln:powIdTeryt>1206</sln:powIdTeryt><sln:powNazwa>krakowski</sln:powNazwa><sln:wojIIPId>dd2e3c64-f861-47cf-a3a3-e7751f272b2f</sln:wojIIPId><sln:wojIIPPn>PL.PZGIK.200</sln:wojIIPPn><sln:wojIIPWersja>2017-10-10T00:00:00+02:00</sln:wojIIPWersja><sln:wojIdTeryt>12</sln:wojIdTeryt><sln:wojNazwa>małopolskie</sln:wojNazwa></sln:miejscowosc><sln:miejscowosc><sln:cyklZyciaOd>2014-12-06T00:00:00+01:00</sln:cyklZyciaOd><sln:gmIIPId>df5f55fa-21bd-46a8-bb86-b0eaf9bbac37</sln:gmIIPId><sln:gmIIPPn>PL.PZGIK.200</sln:gmIIPPn><sln:gmIIPWersja>2012-09-26T22:09:15+02:00</sln:gmIIPWersja><sln:gmIdTeryt>1206162</sln:gmIdTeryt><sln:gmNazwa>Zabierzów</sln:gmNazwa><sln:miejscIIPId>3e2512fc-cb02-4b5b-b0fb-0df8d78d42a2</sln:miejscIIPId><sln:miejscIIPPn>PL.PZGIK.200</sln:miejscIIPPn><sln:miejscIIPWersja>2016-11-24T13:57:43+02:00</sln:miejscIIPWersja><sln:miejscIdTeryt>0343591</sln:miejscIdTeryt><sln:miejscNazwa>Morgi</sln:miejscNazwa><sln:miejscRodzaj>Inny obiekt</sln:miejscRodzaj><sln:powIIPId>3104c00e-f86d-4d1a-ac9e-8c85e101ac95</sln:powIIPId><sln:powIIPPn>PL.PZGIK.200</sln:powIIPPn><sln:powIIPWersja>2013-07-11T08:30:38+02:00</sln:powIIPWersja><sln:powIdTeryt>1206</sln:powIdTeryt><sln:powNazwa>krakowski</sln:powNazwa><sln:wojIIPId>dd2e3c64-f861-47cf-a3a3-e7751f272b2f</sln:wojIIPId><sln:wojIIPPn>PL.PZGIK.200</sln:wojIIPPn><sln:wojIIPWersja>2017-10-10T00:00:00+02:00</sln:wojIIPWersja><sln:wojIdTeryt>12</sln:wojIdTeryt><sln:wojNazwa>małopolskie</sln:wojNazwa></sln:miejscowosc><sln:miejscowosc><sln:cyklZyciaOd>2014-12-06T00:00:00+01:00</sln:cyklZyciaOd><sln:gmIIPId>df5f55fa-21bd-46a8-bb86-b0eaf9bbac37</sln:gmIIPId><sln:gmIIPPn>PL.PZGIK.200</sln:gmIIPPn><sln:gmIIPWersja>2012-09-26T22:09:15+02:00</sln:gmIIPWersja><sln:gmIdTeryt>1206162</sln:gmIdTeryt><sln:gmNazwa>Zabierzów</sln:gmNazwa><sln:miejscIIPId>6c740bb9-9854-4f19-abe6-e899e3ea40e2</sln:miejscIIPId><sln:miejscIIPPn>PL.PZGIK.200</sln:miejscIIPPn><sln:miejscIIPWersja>2016-11-24T13:57:43+02:00</sln:miejscIIPWersja><sln:miejscIdTeryt>0343579</sln:miejscIdTeryt><sln:miejscNazwa>Drogi</sln:miejscNazwa><sln:miejscRodzaj>Inny obiekt</sln:miejscRodzaj><sln:powIIPId>3104c00e-f86d-4d1a-ac9e-8c85e101ac95</sln:powIIPId><sln:powIIPPn>PL.PZGIK.200</sln:powIIPPn><sln:powIIPWersja>2013-07-11T08:30:38+02:00</sln:powIIPWersja><sln:powIdTeryt>1206</sln:powIdTeryt><sln:powNazwa>krakowski</sln:powNazwa><sln:wojIIPId>dd2e3c64-f861-47cf-a3a3-e7751f272b2f</sln:wojIIPId><sln:wojIIPPn>PL.PZGIK.200</sln:wojIIPPn><sln:wojIIPWersja>2017-10-10T00:00:00+02:00</sln:wojIIPWersja><sln:wojIdTeryt>12</sln:wojIdTeryt><sln:wojNazwa>małopolskie</sln:wojNazwa></sln:miejscowosc><sln:miejscowosc><sln:cyklZyciaOd>2014-12-06T00:00:00+01:00</sln:cyklZyciaOd><sln:gmIIPId>df5f55fa-21bd-46a8-bb86-b0eaf9bbac37</sln:gmIIPId><sln:gmIIPPn>PL.PZGIK.200</sln:gmIIPPn><sln:gmIIPWersja>2012-09-26T22:09:15+02:00</sln:gmIIPWersja><sln:gmIdTeryt>1206162</sln:gmIdTeryt><sln:gmNazwa>Zabierzów</sln:gmNazwa><sln:miejscIIPId>752ebdbb-8488-4720-85bf-2dfc76701dc6</sln:miejscIIPId><sln:miejscIIPPn>PL.PZGIK.200</sln:miejscIIPPn><sln:miejscIIPWersja>2016-11-24T13:46:12+02:00</sln:miejscIIPWersja><sln:miejscIdTeryt>0343680</sln:miejscIdTeryt><sln:miejscNazwa>Kamyk</sln:miejscNazwa><sln:miejscRodzaj>Inny obiekt</sln:miejscRodzaj><sln:powIIPId>3104c00e-f86d-4d1a-ac9e-8c85e101ac95</sln:powIIPId><sln:powIIPPn>PL.PZGIK.200</sln:powIIPPn><sln:powIIPWersja>2013-07-11T08:30:38+02:00</sln:powIIPWersja><sln:powIdTeryt>1206</sln:powIdTeryt><sln:powNazwa>krakowski</sln:powNazwa><sln:wojIIPId>dd2e3c64-f861-47cf-a3a3-e7751f272b2f</sln:wojIIPId><sln:wojIIPPn>PL.PZGIK.200</sln:wojIIPPn><sln:wojIIPWersja>2017-10-10T00:00:00+02:00</sln:wojIIPWersja><sln:wojIdTeryt>12</sln:wojIdTeryt><sln:wojNazwa>małopolskie</sln:wojNazwa></sln:miejscowosc><sln:miejscowosc><sln:cyklZyciaOd>2014-12-06T00:00:00+01:00</sln:cyklZyciaOd><sln:gmIIPId>df5f55fa-21bd-46a8-bb86-b0eaf9bbac37</sln:gmIIPId><sln:gmIIPPn>PL.PZGIK.200</sln:gmIIPPn><sln:gmIIPWersja>2012-09-26T22:09:15+02:00</sln:gmIIPWersja><sln:gmIdTeryt>1206162</sln:gmIdTeryt><sln:gmNazwa>Zabierzów</sln:gmNazwa><sln:miejscIIPId>e8c00385-52c5-4e35-8e92-bb6213832165</sln:miejscIIPId><sln:miejscIIPPn>PL.PZGIK.200</sln:miejscIIPPn><sln:miejscIIPWersja>2016-11-24T13:30:08+02:00</sln:miejscIIPWersja><sln:miejscIdTeryt>0343912</sln:miejscIdTeryt><sln:miejscNazwa>Rząska</sln:miejscNazwa><sln:miejscRodzaj>Wieś</sln:miejscRodzaj><sln:powIIPId>3104c00e-f86d-4d1a-ac9e-8c85e101ac95</sln:powIIPId><sln:powIIPPn>PL.PZGIK.200</sln:powIIPPn><sln:powIIPWersja>2013-07-11T08:30:38+02:00</sln:powIIPWersja><sln:powIdTeryt>1206</sln:powIdTeryt><sln:powNazwa>krakowski</sln:powNazwa><sln:wojIIPId>dd2e3c64-f861-47cf-a3a3-e7751f272b2f</sln:wojIIPId><sln:wojIIPPn>PL.PZGIK.200</sln:wojIIPPn><sln:wojIIPWersja>2017-10-10T00:00:00+02:00</sln:wojIIPWersja><sln:wojIdTeryt>12</sln:wojIdTeryt><sln:wojNazwa>małopolskie</sln:wojNazwa></sln:miejscowosc><sln:miejscowosc><sln:cyklZyciaOd>2014-12-06T00:00:00+01:00</sln:cyklZyciaOd><sln:gmIIPId>df5f55fa-21bd-46a8-bb86-b0eaf9bbac37</sln:gmIIPId><sln:gmIIPPn>PL.PZGIK.200</sln:gmIIPPn><sln:gmIIPWersja>2012-09-26T22:09:15+02:00</sln:gmIIPWersja><sln:gmIdTeryt>1206162</sln:gmIdTeryt><sln:gmNazwa>Zabierzów</sln:gmNazwa><sln:miejscIIPId>d74c5868-f127-4834-a055-ffd847d5651a</sln:miejscIIPId><sln:miejscIIPPn>PL.PZGIK.200</sln:miejscIIPPn><sln:miejscIIPWersja>2016-11-24T13:55:14+02:00</sln:miejscIIPWersja><sln:miejscIdTeryt>0343763</sln:miejscIdTeryt><sln:miejscNazwa>Góry</sln:miejscNazwa><sln:miejscRodzaj>Inny obiekt</sln:miejscRodzaj><sln:powIIPId>3104c00e-f86d-4d1a-ac9e-8c85e101ac95</sln:powIIPId><sln:powIIPPn>PL.PZGIK.200</sln:powIIPPn><sln:powIIPWersja>2013-07-11T08:30:38+02:00</sln:powIIPWersja><sln:powIdTeryt>1206</sln:powIdTeryt><sln:powNazwa>krakowski</sln:powNazwa><sln:wojIIPId>dd2e3c64-f861-47cf-a3a3-e7751f272b2f</sln:wojIIPId><sln:wojIIPPn>PL.PZGIK.200</sln:wojIIPPn><sln:wojIIPWersja>2017-10-10T00:00:00+02:00</sln:wojIIPWersja><sln:wojIdTeryt>12</sln:wojIdTeryt><sln:wojNazwa>małopolskie</sln:wojNazwa></sln:miejscowosc><sln:miejscowosc><sln:cyklZyciaOd>2014-12-06T00:00:00+01:00</sln:cyklZyciaOd><sln:gmIIPId>df5f55fa-21bd-46a8-bb86-b0eaf9bbac37</sln:gmIIPId><sln:gmIIPPn>PL.PZGIK.200</sln:gmIIPPn><sln:gmIIPWersja>2012-09-26T22:09:15+02:00</sln:gmIIPWersja><sln:gmIdTeryt>1206162</sln:gmIdTeryt><sln:gmNazwa>Zabierzów</sln:gmNazwa><sln:miejscIIPId>38922694-478c-4bda-a165-bf3b05f30a11</sln:miejscIIPId><sln:miejscIIPPn>PL.PZGIK.200</sln:miejscIIPPn><sln:miejscIIPWersja>2016-11-24T13:49:47+02:00</sln:miejscIIPWersja><sln:miejscIdTeryt>0344018</sln:miejscIdTeryt><sln:miejscNazwa>Rzeki</sln:miejscNazwa><sln:miejscRodzaj>Inny obiekt</sln:miejscRodzaj><sln:powIIPId>3104c00e-f86d-4d1a-ac9e-8c85e101ac95</sln:powIIPId><sln:powIIPPn>PL.PZGIK.200</sln:powIIPPn><sln:powIIPWersja>2013-07-11T08:30:38+02:00</sln:powIIPWersja><sln:powIdTeryt>1206</sln:powIdTeryt><sln:powNazwa>krakowski</sln:powNazwa><sln:wojIIPId>dd2e3c64-f861-47cf-a3a3-e7751f272b2f</sln:wojIIPId><sln:wojIIPPn>PL.PZGIK.200</sln:wojIIPPn><sln:wojIIPWersja>2017-10-10T00:00:00+02:00</sln:wojIIPWersja><sln:wojIdTeryt>12</sln:wojIdTeryt><sln:wojNazwa>małopolskie</sln:wojNazwa></sln:miejscowosc><sln:miejscowosc><sln:cyklZyciaOd>2014-12-06T00:00:00+01:00</sln:cyklZyciaOd><sln:gmIIPId>df5f55fa-21bd-46a8-bb86-b0eaf9bbac37</sln:gmIIPId><sln:gmIIPPn>PL.PZGIK.200</sln:gmIIPPn><sln:gmIIPWersja>2012-09-26T22:09:15+02:00</sln:gmIIPWersja><sln:gmIdTeryt>1206162</sln:gmIdTeryt><sln:gmNazwa>Zabierzów</sln:gmNazwa><sln:miejscIIPId>e3556745-cb40-4973-8257-1772de2064c5</sln:miejscIIPId><sln:miejscIIPPn>PL.PZGIK.200</sln:miejscIIPPn><sln:miejscIIPWersja>2016-11-24T13:39:29+02:00</sln:miejscIIPWersja><sln:miejscIdTeryt>0343770</sln:miejscIdTeryt><sln:miejscNazwa>Kleszczów</sln:miejscNazwa><sln:miejscRodzaj>Wieś</sln:miejscRodzaj><sln:powIIPId>3104c00e-f86d-4d1a-ac9e-8c85e101ac95</sln:powIIPId><sln:powIIPPn>PL.PZGIK.200</sln:powIIPPn><sln:powIIPWersja>2013-07-11T08:30:38+02:00</sln:powIIPWersja><sln:powIdTeryt>1206</sln:powIdTeryt><sln:powNazwa>krakowski</sln:powNazwa><sln:wojIIPId>dd2e3c64-f861-47cf-a3a3-e7751f272b2f</sln:wojIIPId><sln:wojIIPPn>PL.PZGIK.200</sln:wojIIPPn><sln:wojIIPWersja>2017-10-10T00:00:00+02:00</sln:wojIIPWersja><sln:wojIdTeryt>12</sln:wojIdTeryt><sln:wojNazwa>małopolskie</sln:wojNazwa></sln:miejscowosc><sln:miejscowosc><sln:cyklZyciaOd>2014-12-06T00:00:00+01:00</sln:cyklZyciaOd><sln:gmIIPId>df5f55fa-21bd-46a8-bb86-b0eaf9bbac37</sln:gmIIPId><sln:gmIIPPn>PL.PZGIK.200</sln:gmIIPPn><sln:gmIIPWersja>2012-09-26T22:09:15+02:00</sln:gmIIPWersja><sln:gmIdTeryt>1206162</sln:gmIdTeryt><sln:gmNazwa>Zabierzów</sln:gmNazwa><sln:miejscIIPId>b69c3e05-1b25-4411-ad6f-104ed93681c4</sln:miejscIIPId><sln:miejscIIPPn>PL.PZGIK.200</sln:miejscIIPPn><sln:miejscIIPWersja>2016-11-24T13:39:34+02:00</sln:miejscIIPWersja><sln:miejscIdTeryt>0343786</sln:miejscIdTeryt><sln:miejscNazwa>Kobylany</sln:miejscNazwa><sln:miejscRodzaj>Wieś</sln:miejscRodzaj><sln:powIIPId>3104c00e-f86d-4d1a-ac9e-8c85e101ac95</sln:powIIPId><sln:powIIPPn>PL.PZGIK.200</sln:powIIPPn><sln:powIIPWersja>2013-07-11T08:30:38+02:00</sln:powIIPWersja><sln:powIdTeryt>1206</sln:powIdTeryt><sln:powNazwa>krakowski</sln:powNazwa><sln:wojIIPId>dd2e3c64-f861-47cf-a3a3-e7751f272b2f</sln:wojIIPId><sln:wojIIPPn>PL.PZGIK.200</sln:wojIIPPn><sln:wojIIPWersja>2017-10-10T00:00:00+02:00</sln:wojIIPWersja><sln:wojIdTeryt>12</sln:wojIdTeryt><sln:wojNazwa>małopolskie</sln:wojNazwa></sln:miejscowosc><sln:miejscowosc><sln:cyklZyciaOd>2014-12-06T00:00:00+01:00</sln:cyklZyciaOd><sln:gmIIPId>df5f55fa-21bd-46a8-bb86-b0eaf9bbac37</sln:gmIIPId><sln:gmIIPPn>PL.PZGIK.200</sln:gmIIPPn><sln:gmIIPWersja>2012-09-26T22:09:15+02:00</sln:gmIIPWersja><sln:gmIdTeryt>1206162</sln:gmIdTeryt><sln:gmNazwa>Zabierzów</sln:gmNazwa><sln:miejscIIPId>fd9d4c3b-df5a-4d65-abaa-89de8bed352e</sln:miejscIIPId><sln:miejscIIPPn>PL.PZGIK.200</sln:miejscIIPPn><sln:miejscIIPWersja>2016-11-24T13:42:08+02:00</sln:miejscIIPWersja><sln:miejscIdTeryt>0343562</sln:miejscIdTeryt><sln:miejscNazwa>Bolechowice</sln:miejscNazwa><sln:miejscRodzaj>Wieś</sln:miejscRodzaj><sln:powIIPId>3104c00e-f86d-4d1a-ac9e-8c85e101ac95</sln:powIIPId><sln:powIIPPn>PL.PZGIK.200</sln:powIIPPn><sln:powIIPWersja>2013-07-11T08:30:38+02:00</sln:powIIPWersja><sln:powIdTeryt>1206</sln:powIdTeryt><sln:powNazwa>krakowski</sln:powNazwa><sln:wojIIPId>dd2e3c64-f861-47cf-a3a3-e7751f272b2f</sln:wojIIPId><sln:wojIIPPn>PL.PZGIK.200</sln:wojIIPPn><sln:wojIIPWersja>2017-10-10T00:00:00+02:00</sln:wojIIPWersja><sln:wojIdTeryt>12</sln:wojIdTeryt><sln:wojNazwa>małopolskie</sln:wojNazwa></sln:miejscowosc></sln:lista-miejscowosci>