<?xml version="1.0" encoding="UTF-8" standalone="yes"?><sln:lista-miejscowosci xmlns:srv="http://gugik.gov.pl/schemas/slowniki-service/1.0" xmlns:sln="http://gugik.gov.pl/schemas/slowniki-schema/1.0"><sln:miejscowosc><sln:cyklZyciaOd>2014-12-07T00:00:00+01:00</sln:cyklZyciaOd><sln:gmIIPId>a898256c-74f7-4b90-963c-908ee80b3dc4</sln:gmIIPId><sln:gmIIPPn>PL.PZGIK.200</sln:gmIIPPn><sln:gmIIPWersja>2012-09-26T22:14:36+02:00</sln:gmIIPWersja><sln:gmIdTeryt>1219012</sln:gmIdTeryt><sln:gmNazwa>Biskupice</sln:gmNazwa><sln:miejscIIPId>e0901cee-19b4-4f44-865a-6ac3d33585da</sln:miejscIIPId><sln:miejscIIPPn>PL.PZGIK.200</sln:miejscIIPPn><sln:miejscIIPWersja>2016-11-24T13:48:57+02:00</sln:miejscIIPWersja><sln:miejscIdTeryt>0315442</sln:miejscIdTeryt><sln:miejscNazwa>Tarnówka</sln:miejscNazwa><sln:miejscRodzaj>Inny obiekt</sln:miejscRodzaj><sln:powIIPId>45aa4cc1-64be-4f7b-96b3-b782b62d0baf</sln:powIIPId><sln:powIIPPn>PL.PZGIK.200</sln:powIIPPn><sln:powIIPWersja>2012-09-27T07:52:01+02:00</sln:powIIPWersja><sln:powIdTeryt>1219</sln:powIdTeryt><sln:powNazwa>wielicki</sln:powNazwa><sln:wojIIPId>dd2e3c64-f861-47cf-a3a3-e7751f272b2f</sln:wojIIPId><sln:wojIIPPn>PL.PZGIK.200</sln:wojIIPPn><sln:wojIIPWersja>2017-10-10T00:00:00+02:00</sln:wojIIPWersja><sln:wojIdTeryt>12</sln:wojIdTeryt><sln:wojNazwa>małopolskie</sln:wojNazwa></sln:miejscowosc><sln:miejscowosc><sln:cyklZyciaOd>2014-12-07T00:00:00+01:00</sln:cyklZyciaOd><sln:gmIIPId>a898256c-74f7-4b90-963c-908ee80b3dc4</sln:gmIIPId><sln:gmIIPPn>PL.PZGIK.200</sln:gmIIPPn><sln:gmIIPWersja>2012-09-26T22:14:36+02:00</sln:gmIIPWersja><sln:gmIdTeryt>1219012</sln:gmIdTeryt><sln:gmNazwa>Biskupice</sln:gmNazwa><sln:miejscIIPId>4328814d-a9b6-4607-a22f-fcf1a6000d70</sln:miejscIIPId><sln:miejscIIPPn>PL.PZGIK.200</sln:miejscIIPPn><sln:miejscIIPWersja>2016-11-24T13:48:57+02:00</sln:miejscIIPWersja><sln:miejscIdTeryt>0315465</sln:miejscIdTeryt><sln:miejscNazwa>Zborówek</sln:miejscNazwa><sln:miejscRodzaj>Inny obiekt</sln:miejscRodzaj><sln:powIIPId>45aa4cc1-64be-4f7b-96b3-b782b62d0baf</sln:powIIPId><sln:powIIPPn>PL.PZGIK.200</sln:powIIPPn><sln:powIIPWersja>2012-09-27T07:52:01+02:00</sln:powIIPWersja><sln:powIdTeryt>1219</sln:powIdTeryt><sln:powNazwa>wielicki</sln:powNazwa><sln:wojIIPId>dd2e3c64-f861-47cf-a3a3-e7751f272b2f</sln:wojIIPId><sln:wojIIPPn>PL.PZGIK.200</sln:wojIIPPn><sln:wojIIPWersja>2017-10-10T00:00:00+02:00</sln:wojIIPWersja><sln:wojIdTeryt>12</sln:wojIdTeryt><sln:wojNazwa>małopolskie</sln:wojNazwa></sln:miejscowosc><sln:miejscowosc><sln:cyklZyciaOd>2014-12-07T00:00:00+01:00</sln:cyklZyciaOd><sln:gmIIPId>a898256c-74f7-4b90-963c-908ee80b3dc4</sln:gmIIPId><sln:gmIIPPn>PL.PZGIK.200</sln:gmIIPPn><sln:gmIIPWersja>2012-09-26T22:14:36+02:00</sln:gmIIPWersja><sln:gmIdTeryt>1219012</sln:gmIdTeryt><sln:gmNazwa>Biskupice</sln:gmNazwa><sln:miejscIIPId>e9f65eb0-7bf6-4aae-b6ad-2870590f4f8f</sln:miejscIIPId><sln:miejscIIPPn>PL.PZGIK.200</sln:miejscIIPPn><sln:miejscIIPWersja>2016-11-24T13:48:57+02:00</sln:miejscIIPWersja><sln:miejscIdTeryt>0315459</sln:miejscIdTeryt><sln:miejscNazwa>Darczyce</sln:miejscNazwa><sln:miejscRodzaj>Inny obiekt</sln:miejscRodzaj><sln:powIIPId>45aa4cc1-64be-4f7b-96b3-b782b62d0baf</sln:powIIPId><sln:powIIPPn>PL.PZGIK.200</sln:powIIPPn><sln:powIIPWersja>2012-09-27T07:52:01+02:00</sln:powIIPWersja><sln:powIdTeryt>1219</sln:powIdTeryt><sln:powNazwa>wielicki</sln:powNazwa><sln:wojIIPId>dd2e3c64-f861-47cf-a3a3-e7751f272b2f</sln:wojIIPId><sln:wojIIPPn>PL.PZGIK.200</sln:wojIIPPn><sln:wojIIPWersja>2017-10-10T00:00:00+02:00</sln:wojIIPWersja><sln:wojIdTeryt>12</sln:wojIdTeryt><sln:wojNazwa>małopolskie</sln:wojNazwa></sln:miejscowosc><sln:miejscowosc><sln:cyklZyciaOd>2014-12-07T00:00:00+01:00</sln:cyklZyciaOd><sln:gmIIPId>a898256c-74f7-4b90-963c-908ee80b3dc4</sln:gmIIPId><sln:gmIIPPn>PL.PZGIK.200</sln:gmIIPPn><sln:gmIIPWersja>2012-09-26T22:14:36+02:00</sln:gmIIPWersja><sln:gmIdTeryt>1219012</sln:gmIdTeryt><sln:gmNazwa>Biskupice</sln:gmNazwa><sln:miejscIIPId>d82d17da-b1a6-4806-a997-b97f7bf1cb67</sln:miejscIIPId><sln:miejscIIPPn>PL.PZGIK.200</sln:miejscIIPPn><sln:miejscIIPWersja>2016-11-24T13:54:59+02:00</sln:miejscIIPWersja><sln:miejscIdTeryt>0315028</sln:miejscIdTeryt><sln:miejscNazwa>Leśniówka</sln:miejscNazwa><sln:miejscRodzaj>Inny obiekt</sln:miejscRodzaj><sln:powIIPId>45aa4cc1-64be-4f7b-96b3-b782b62d0baf</sln:powIIPId><sln:powIIPPn>PL.PZGIK.200</sln:powIIPPn><sln:powIIPWersja>2012-09-27T07:52:01+02:00</sln:powIIPWersja><sln:powIdTeryt>1219</sln:powIdTeryt><sln:powNazwa>wielicki</sln:powNazwa><sln:wojIIPId>dd2e3c64-f861-47cf-a3a3-e7751f272b2f</sln:wojIIPId><sln:wojIIPPn>PL.PZGIK.200</sln:wojIIPPn><sln:wojIIPWersja>2017-10-10T00:00:00+02:00</sln:wojIIPWersja><sln:wojIdTeryt>12</sln:wojIdTeryt><sln:wojNazwa>małopolskie</sln:wojNazwa></sln:miejscowosc><sln:miejscowosc><sln:cyklZyciaOd>2014-12-07T00:00:00+01:00</sln:cyklZyciaOd><sln:gmIIPId>a898256c-74f7-4b90-963c-908ee80b3dc4</sln:gmIIPId><sln:gmIIPPn>PL.PZGIK.200</sln:gmIIPPn><sln:gmIIPWersja>2012-09-26T22:14:36+02:00</sln:gmIIPWersja><sln:gmIdTeryt>1219012</sln:gmIdTeryt><sln:gmNazwa>Biskupice</sln:gmNazwa><sln:miejscIIPId>352bd411-9e6f-4a93-9d02-537bad1125b0</sln:miejscIIPId><sln:miejscIIPPn>PL.PZGIK.200</sln:miejscIIPPn><sln:miejscIIPWersja>2016-11-24T13:47:40+02:00</sln:miejscIIPWersja><sln:miejscIdTeryt>0315330</sln:miejscIdTeryt><sln:miejscNazwa>Dołki</sln:miejscNazwa><sln:miejscRodzaj>Inny obiekt</sln:miejscRodzaj><sln:powIIPId>45aa4cc1-64be-4f7b-96b3-b782b62d0baf</sln:powIIPId><sln:powIIPPn>PL.PZGIK.200</sln:powIIPPn><sln:powIIPWersja>2012-09-27T07:52:01+02:00</sln:powIIPWersja><sln:powIdTeryt>1219</sln:powIdTeryt><sln:powNazwa>wielicki</sln:powNazwa><sln:wojIIPId>dd2e3c64-f861-47cf-a3a3-e7751f272b2f</sln:wojIIPId><sln:wojIIPPn>PL.PZGIK.200</sln:wojIIPPn><sln:wojIIPWersja>2017-10-10T00:00:00+02:00</sln:wojIIPWersja><sln:wojIdTeryt>12</sln:wojIdTeryt><sln:wojNazwa>małopolskie</sln:wojNazwa></sln:miejscowosc><sln:miejscowosc><sln:cyklZyciaOd>2014-12-07T00:00:00+01:00</sln:cyklZyciaOd><sln:gmIIPId>a898256c-74f7-4b90-963c-908ee80b3dc4</sln:gmIIPId><sln:gmIIPPn>PL.PZGIK.200</sln:gmIIPPn><sln:gmIIPWersja>2012-09-26T22:14:36+02:00</sln:gmIIPWersja><sln:gmIdTeryt>1219012</sln:gmIdTeryt><sln:gmNazwa>Biskupice</sln:gmNazwa><sln:miejscIIPId>a0f1c46c-8ccc-48a2-bf5a-44a8ae2ad9c2</sln:miejscIIPId><sln:miejscIIPPn>PL.PZGIK.200</sln:miejscIIPPn><sln:miejscIIPWersja>2016-11-24T13:29:00+02:00</sln:miejscIIPWersja><sln:miejscIdTeryt>0315175</sln:miejscIdTeryt><sln:miejscNazwa>Przebieczany</sln:miejscNazwa><sln:miejscRodzaj>Wieś</sln:miejscRodzaj><sln:powIIPId>45aa4cc1-64be-4f7b-96b3-b782b62d0baf</sln:powIIPId><sln:powIIPPn>PL.PZGIK.200</sln:powIIPPn><sln:powIIPWersja>2012-09-27T07:52:01+02:00</sln:powIIPWersja><sln:powIdTeryt>1219</sln:powIdTeryt><sln:powNazwa>wielicki</sln:powNazwa><sln:wojIIPId>dd2e3c64-f861-47cf-a3a3-e7751f272b2f</sln:wojIIPId><sln:wojIIPPn>PL.PZGIK.200</sln:wojIIPPn><sln:wojIIPWersja>2017-10-10T00:00:00+02:00</sln:wojIIPWersja><sln:wojIdTeryt>12</sln:wojIdTeryt><sln:wojNazwa>małopolskie</sln:wojNazwa></sln:miejscowosc><sln:miejscowosc><sln:cyklZyciaOd>2014-12-07T00:00:00+01:00</sln:cyklZyciaOd><sln:gmIIPId>a898256c-74f7-4b90-963c-908ee80b3dc4</sln:gmIIPId><sln:gmIIPPn>PL.PZGIK.200</sln:gmIIPPn><sln:gmIIPWersja>2012-09-26T22:14:36+02:00</sln:gmIIPWersja><sln:gmIdTeryt>1219012</sln:gmIdTeryt><sln:gmNazwa>Biskupice</sln:gmNazwa><sln:miejscIIPId>1c81b91e-43de-4bdc-b80b-9ec9da0a3880</sln:miejscIIPId><sln:miejscIIPPn>PL.PZGIK.200</sln:miejscIIPPn><sln:miejscIIPWersja>2016-11-24T13:56:13+02:00</sln:miejscIIPWersja><sln:miejscIdTeryt>0314891</sln:miejscIdTeryt><sln:miejscNazwa>Pacówki</sln:miejscNazwa><sln:miejscRodzaj>Inny obiekt</sln:miejscRodzaj><sln:powIIPId>45aa4cc1-64be-4f7b-96b3-b782b62d0baf</sln:powIIPId><sln:powIIPPn>PL.PZGIK.200</sln:powIIPPn><sln:powIIPWersja>2012-09-27T07:52:01+02:00</sln:powIIPWersja><sln:powIdTeryt>1219</sln:powIdTeryt><sln:powNazwa>wielicki</sln:powNazwa><sln:wojIIPId>dd2e3c64-f861-47cf-a3a3-e7751f272b2f</sln:wojIIPId><sln:wojIIPPn>PL.PZGIK.200</sln:wojIIPPn><sln:wojIIPWersja>2017-10-10T00:00:00+02:00</sln:wojIIPWersja><sln:wojIdTeryt>12</sln:wojIdTeryt><sln:wojNazwa>małopolskie</sln:wojNazwa></sln:miejscowosc><sln:miejscowosc><sln:cyklZyciaOd>2014-12-07T00:00:00+01:00</sln:cyklZyciaOd><sln:gmIIPId>a898256c-74f7-4b90-963c-908ee80b3dc4</sln:gmIIPId><sln:gmIIPPn>PL.PZGIK.200</sln:gmIIPPn><sln:gmIIPWersja>2012-09-26T22:14:36+02:00</sln:gmIIPWersja><sln:gmIdTeryt>1219012</sln:gmIdTeryt><sln:gmNazwa>Biskupice</sln:gmNazwa><sln:miejscIIPId>530271bf-59d0-4dd5-9203-6b8c03303a66</sln:miejscIIPId><sln:miejscIIPPn>PL.PZGIK.200</sln:miejscIIPPn><sln:miejscIIPWersja>2016-11-24T13:32:22+02:00</sln:miejscIIPWersja><sln:miejscIdTeryt>0315181</sln:miejscIdTeryt><sln:miejscNazwa>Tomaszkowice</sln:miejscNazwa><sln:miejscRodzaj>Wieś</sln:miejscRodzaj><sln:powIIPId>45aa4cc1-64be-4f7b-96b3-b782b62d0baf</sln:powIIPId><sln:powIIPPn>PL.PZGIK.200</sln:powIIPPn><sln:powIIPWersja>2012-09-27T07:52:01+02:00</sln:powIIPWersja><sln:powIdTeryt>1219</sln:powIdTeryt><sln:powNazwa>wielicki</sln:powNazwa><sln:wojIIPId>dd2e3c64-f861-47cf-a3a3-e7751f272b2f</sln:wojIIPId><sln:wojIIPPn>PL.PZGIK.200</sln:wojIIPPn><sln:wojIIPWersja>2017-10-10T00:00:00+02:00</sln:wojIIPWersja><sln:wojIdTeryt>12</sln:wojIdTeryt><sln:wojNazwa>małopolskie</sln:wojNazwa></sln:miejscowosc><sln:miejscowosc><sln:cyklZyciaOd>2014-12-07T00:00:00+01:00</sln:cyklZyciaOd><sln:gmIIPId>a898256c-74f7-4b90-963c-908ee80b3dc4</sln:gmIIPId><sln:gmIIPPn>PL.PZGIK.200</sln:gmIIPPn><sln:gmIIPWersja>2012-09-26T22:14:36+02:00</sln:gmIIPWersja><sln:gmIdTeryt>1219012</sln:gmIdTeryt><sln:gmNazwa>Biskupice</sln:gmNazwa><sln:miejscIIPId>34efcc6e-419e-4430-b88e-e0e72f2e096d</sln:miejscIIPId><sln:miejscIIPPn>PL.PZGIK.200</sln:miejscIIPPn><sln:miejscIIPWersja>2016-11-24T13:31:54+02:00</sln:miejscIIPWersja><sln:miejscIdTeryt>0315376</sln:miejscIdTeryt><sln:miejscNazwa>Szczygłów</sln:miejscNazwa><sln:miejscRodzaj>Wieś</sln:miejscRodzaj><sln:powIIPId>45aa4cc1-64be-4f7b-96b3-b782b62d0baf</sln:powIIPId><sln:powIIPPn>PL.PZGIK.200</sln:powIIPPn><sln:powIIPWersja>2012-09-27T07:52:01+02:00</sln:powIIPWersja><sln:powIdTeryt>1219</sln:powIdTeryt><sln:powNazwa>wielicki</sln:powNazwa><sln:wojIIPId>dd2e3c64-f861-47cf-a3a3-e7751f272b2f</sln:wojIIPId><sln:wojIIPPn>PL.PZGIK.200</sln:wojIIPPn><sln:wojIIPWersja>2017-10-10T00:00:00+02:00</sln:wojIIPWersja><sln:wojIdTeryt>12</sln:wojIdTeryt><sln:wojNazwa>małopolskie</sln:wojNazwa></sln:miejscowosc><sln:miejscowosc><sln:cyklZyciaOd>2014-12-07T00:00:00+01:00</sln:cyklZyciaOd><sln:gmIIPId>a898256c-74f7-4b90-963c-908ee80b3dc4</sln:gmIIPId><sln:gmIIPPn>PL.PZGIK.200</sln:gmIIPPn><sln:gmIIPWersja>2012-09-26T22:14:36+02:00</sln:gmIIPWersja><sln:gmIdTeryt>1219012</sln:gmIdTeryt><sln:gmNazwa>Biskupice</sln:gmNazwa><sln:miejscIIPId>4b12376a-ca04-424f-b6a8-5906550b4e9d</sln:miejscIIPId><sln:miejscIIPPn>PL.PZGIK.200</sln:miejscIIPPn><sln:miejscIIPWersja>2016-11-24T13:57:22+02:00</sln:miejscIIPWersja><sln:miejscIdTeryt>0315117</sln:miejscIdTeryt><sln:miejscNazwa>Huta</sln:miejscNazwa><sln:miejscRodzaj>Inny obiekt</sln:miejscRodzaj><sln:powIIPId>45aa4cc1-64be-4f7b-96b3-b782b62d0baf</sln:powIIPId><sln:powIIPPn>PL.PZGIK.200</sln:powIIPPn><sln:powIIPWersja>2012-09-27T07:52:01+02:00</sln:powIIPWersja><sln:powIdTeryt>1219</sln:powIdTeryt><sln:powNazwa>wielicki</sln:powNazwa><sln:wojIIPId>dd2e3c64-f861-47cf-a3a3-e7751f272b2f</sln:wojIIPId><sln:wojIIPPn>PL.PZGIK.200</sln:wojIIPPn><sln:wojIIPWersja>2017-10-10T00:00:00+02:00</sln:wojIIPWersja><sln:wojIdTeryt>12</sln:wojIdTeryt><sln:wojNazwa>małopolskie</sln:wojNazwa></sln:miejscowosc><sln:miejscowosc><sln:cyklZyciaOd>2014-12-07T00:00:00+01:00</sln:cyklZyciaOd><sln:gmIIPId>a898256c-74f7-4b90-963c-908ee80b3dc4</sln:gmIIPId><sln:gmIIPPn>PL.PZGIK.200</sln:gmIIPPn><sln:gmIIPWersja>2012-09-26T22:14:36+02:00</sln:gmIIPWersja><sln:gmIdTeryt>1219012</sln:gmIdTeryt><sln:gmNazwa>Biskupice</sln:gmNazwa><sln:miejscIIPId>88a8ed18-9728-4aaf-9783-176ae745a862</sln:miejscIIPId><sln:miejscIIPPn>PL.PZGIK.200</sln:miejscIIPPn><sln:miejscIIPWersja>2016-11-24T13:57:22+02:00</sln:miejscIIPWersja><sln:miejscIdTeryt>0315130</sln:miejscIdTeryt><sln:miejscNazwa>Słotwiny</sln:miejscNazwa><sln:miejscRodzaj>Inny obiekt</sln:miejscRodzaj><sln:powIIPId>45aa4cc1-64be-4f7b-96b3-b782b62d0baf</sln:powIIPId><sln:powIIPPn>PL.PZGIK.200</sln:powIIPPn><sln:powIIPWersja>2012-09-27T07:52:01+02:00</sln:powIIPWersja><sln:powIdTeryt>1219</sln:powIdTeryt><sln:powNazwa>wielicki</sln:powNazwa><sln:wojIIPId>dd2e3c64-f861-47cf-a3a3-e7751f272b2f</sln:wojIIPId><sln:wojIIPPn>PL.PZGIK.200</sln:wojIIPPn><sln:wojIIPWersja>2017-10-10T00:00:00+02:00</sln:wojIIPWersja><sln:wojIdTeryt>12</sln:wojIdTeryt><sln:wojNazwa>małopolskie</sln:wojNazwa></sln:miejscowosc><sln:miejscowosc><sln:cyklZyciaOd>2014-12-07T00:00:00+01:00</sln:cyklZyciaOd><sln:gmIIPId>a898256c-74f7-4b90-963c-908ee80b3dc4</sln:gmIIPId><sln:gmIIPPn>PL.PZGIK.200</sln:gmIIPPn><sln:gmIIPWersja>2012-09-26T22:14:36+02:00</sln:gmIIPWersja><sln:gmIdTeryt>1219012</sln:gmIdTeryt><sln:gmNazwa>Biskupice</sln:gmNazwa><sln:miejscIIPId>130b1b18-cf11-4f7d-816a-85ec7a0cda12</sln:miejscIIPId><sln:miejscIIPPn>PL.PZGIK.200</sln:miejscIIPPn><sln:miejscIIPWersja>2016-11-24T13:57:22+02:00</sln:miejscIIPWersja><sln:miejscIdTeryt>0315270</sln:miejscIdTeryt><sln:miejscNazwa>Liskówka</sln:miejscNazwa><sln:miejscRodzaj>Inny obiekt</sln:miejscRodzaj><sln:powIIPId>45aa4cc1-64be-4f7b-96b3-b782b62d0baf</sln:powIIPId><sln:powIIPPn>PL.PZGIK.200</sln:powIIPPn><sln:powIIPWersja>2012-09-27T07:52:01+02:00</sln:powIIPWersja><sln:powIdTeryt>1219</sln:powIdTeryt><sln:powNazwa>wielicki</sln:powNazwa><sln:wojIIPId>dd2e3c64-f861-47cf-a3a3-e7751f272b2f</sln:wojIIPId><sln:wojIIPPn>PL.PZGIK.200</sln:wojIIPPn><sln:wojIIPWersja>2017-10-10T00:00:00+02:00</sln:wojIIPWersja><sln:wojIdTeryt>12</sln:wojIdTeryt><sln:wojNazwa>małopolskie</sln:wojNazwa></sln:miejscowosc><sln:miejscowosc><sln:cyklZyciaOd>2014-12-07T00:00:00+01:00</sln:cyklZyciaOd><sln:gmIIPId>a898256c-74f7-4b90-963c-908ee80b3dc4</sln:gmIIPId><sln:gmIIPPn>PL.PZGIK.200</sln:gmIIPPn><sln:gmIIPWersja>2012-09-26T22:14:36+02:00</sln:gmIIPWersja><sln:gmIdTeryt>1219012</sln:gmIdTeryt><sln:gmNazwa>Biskupice</sln:gmNazwa><sln:miejscIIPId>cbd75447-9b41-4e18-b075-304865b87a28</sln:miejscIIPId><sln:miejscIIPPn>PL.PZGIK.200</sln:miejscIIPPn><sln:miejscIIPWersja>2016-11-24T13:57:22+02:00</sln:miejscIIPWersja><sln:miejscIdTeryt>0314997</sln:miejscIdTeryt><sln:miejscNazwa>Wzory</sln:miejscNazwa><sln:miejscRodzaj>Inny obiekt</sln:miejscRodzaj><sln:powIIPId>45aa4cc1-64be-4f7b-96b3-b782b62d0baf</sln:powIIPId><sln:powIIPPn>PL.PZGIK.200</sln:powIIPPn><sln:powIIPWersja>2012-09-27T07:52:01+02:00</sln:powIIPWersja><sln:powIdTeryt>1219</sln:powIdTeryt><sln:powNazwa>wielicki</sln:powNazwa><sln:wojIIPId>dd2e3c64-f861-47cf-a3a3-e7751f272b2f</sln:wojIIPId><sln:wojIIPPn>PL.PZGIK.200</sln:wojIIPPn><sln:wojIIPWersja>2017-10-10T00:00:00+02:00</sln:wojIIPWersja><sln:wojIdTeryt>12</sln:wojIdTeryt><sln:wojNazwa>małopolskie</sln:wojNazwa></sln:miejscowosc><sln:miejscowosc><sln:cyklZyciaOd>2014-12-07T00:00:00+01:00</sln:cyklZyciaOd><sln:gmIIPId>a898256c-74f7-4b90-963c-908ee80b3dc4</sln:gmIIPId><sln:gmIIPPn>PL.PZGIK.200</sln:gmIIPPn><sln:gmIIPWersja>2012-09-26T22:14:36+02:00</sln:gmIIPWersja><sln:gmIdTeryt>1219012</sln:gmIdTeryt><sln:gmNazwa>Biskupice</sln:gmNazwa><sln:miejscIIPId>7c26b31b-a04f-4670-a3c8-0c6cee63038b</sln:miejscIIPId><sln:miejscIIPPn>PL.PZGIK.200</sln:miejscIIPPn><sln:miejscIIPWersja>2016-11-24T13:57:22+02:00</sln:miejscIIPWersja><sln:miejscIdTeryt>0315494</sln:miejscIdTeryt><sln:miejscNazwa>Góra</sln:miejscNazwa><sln:miejscRodzaj>Inny obiekt</sln:miejscRodzaj><sln:powIIPId>45aa4cc1-64be-4f7b-96b3-b782b62d0baf</sln:powIIPId><sln:powIIPPn>PL.PZGIK.200</sln:powIIPPn><sln:powIIPWersja>2012-09-27T07:52:01+02:00</sln:powIIPWersja><sln:powIdTeryt>1219</sln:powIdTeryt><sln:powNazwa>wielicki</sln:powNazwa><sln:wojIIPId>dd2e3c64-f861-47cf-a3a3-e7751f272b2f</sln:wojIIPId><sln:wojIIPPn>PL.PZGIK.200</sln:wojIIPPn><sln:wojIIPWersja>2017-10-10T00:00:00+02:00</sln:wojIIPWersja><sln:wojIdTeryt>12</sln:wojIdTeryt><sln:wojNazwa>małopolskie</sln:wojNazwa></sln:miejscowosc><sln:miejscowosc><sln:cyklZyciaOd>2014-12-07T00:00:00+01:00</sln:cyklZyciaOd><sln:gmIIPId>a898256c-74f7-4b90-963c-908ee80b3dc4</sln:gmIIPId><sln:gmIIPPn>PL.PZGIK.200</sln:gmIIPPn><sln:gmIIPWersja>2012-09-26T22:14:36+02:00</sln:gmIIPWersja><sln:gmIdTeryt>1219012</sln:gmIdTeryt><sln:gmNazwa>Biskupice</sln:gmNazwa><sln:miejscIIPId>c6789a70-b888-439f-9864-8730ad75740f</sln:miejscIIPId><sln:miejscIIPPn>PL.PZGIK.200</sln:miejscIIPPn><sln:miejscIIPWersja>2016-11-24T13:57:22+02:00</sln:miejscIIPWersja><sln:miejscIdTeryt>0315070</sln:miejscIdTeryt><sln:miejscNazwa>Za Górą</sln:miejscNazwa><sln:miejscRodzaj>Inny obiekt</sln:miejscRodzaj><sln:powIIPId>45aa4cc1-64be-4f7b-96b3-b782b62d0baf</sln:powIIPId><sln:powIIPPn>PL.PZGIK.200</sln:powIIPPn><sln:powIIPWersja>2012-09-27T07:52:01+02:00</sln:powIIPWersja><sln:powIdTeryt>1219</sln:powIdTeryt><sln:powNazwa>wielicki</sln:powNazwa><sln:wojIIPId>dd2e3c64-f861-47cf-a3a3-e7751f272b2f</sln:wojIIPId><sln:wojIIPPn>PL.PZGIK.200</sln:wojIIPPn><sln:wojIIPWersja>2017-10-10T00:00:00+02:00</sln:wojIIPWersja><sln:wojIdTeryt>12</sln:wojIdTeryt><sln:wojNazwa>małopolskie</sln:wojNazwa></sln:miejscowosc><sln:miejscowosc><sln:cyklZyciaOd>2014-12-07T00:00:00+01:00</sln:cyklZyciaOd><sln:gmIIPId>a898256c-74f7-4b90-963c-908ee80b3dc4</sln:gmIIPId><sln:gmIIPPn>PL.PZGIK.200</sln:gmIIPPn><sln:gmIIPWersja>2012-09-26T22:14:36+02:00</sln:gmIIPWersja><sln:gmIdTeryt>1219012</sln:gmIdTeryt><sln:gmNazwa>Biskupice</sln:gmNazwa><sln:miejscIIPId>fb104ee4-a3ca-404a-a288-2c9e59cfc69b</sln:miejscIIPId><sln:miejscIIPPn>PL.PZGIK.200</sln:miejscIIPPn><sln:miejscIIPWersja>2016-11-24T13:47:03+02:00</sln:miejscIIPWersja><sln:miejscIdTeryt>0315287</sln:miejscIdTeryt><sln:miejscNazwa>Sosnówki</sln:miejscNazwa><sln:miejscRodzaj>Inny obiekt</sln:miejscRodzaj><sln:powIIPId>45aa4cc1-64be-4f7b-96b3-b782b62d0baf</sln:powIIPId><sln:powIIPPn>PL.PZGIK.200</sln:powIIPPn><sln:powIIPWersja>2012-09-27T07:52:01+02:00</sln:powIIPWersja><sln:powIdTeryt>1219</sln:powIdTeryt><sln:powNazwa>wielicki</sln:powNazwa><sln:wojIIPId>dd2e3c64-f861-47cf-a3a3-e7751f272b2f</sln:wojIIPId><sln:wojIIPPn>PL.PZGIK.200</sln:wojIIPPn><sln:wojIIPWersja>2017-10-10T00:00:00+02:00</sln:wojIIPWersja><sln:wojIdTeryt>12</sln:wojIdTeryt><sln:wojNazwa>małopolskie</sln:wojNazwa></sln:miejscowosc><sln:miejscowosc><sln:cyklZyciaOd>2014-12-07T00:00:00+01:00</sln:cyklZyciaOd><sln:gmIIPId>a898256c-74f7-4b90-963c-908ee80b3dc4</sln:gmIIPId><sln:gmIIPPn>PL.PZGIK.200</sln:gmIIPPn><sln:gmIIPWersja>2012-09-26T22:14:36+02:00</sln:gmIIPWersja><sln:gmIdTeryt>1219012</sln:gmIdTeryt><sln:gmNazwa>Biskupice</sln:gmNazwa><sln:miejscIIPId>4a7d6f66-9f74-4e6c-b444-ec163615dc70</sln:miejscIIPId><sln:miejscIIPPn>PL.PZGIK.200</sln:miejscIIPPn><sln:miejscIIPWersja>2016-11-24T13:50:44+02:00</sln:miejscIIPWersja><sln:miejscIdTeryt>0315502</sln:miejscIdTeryt><sln:miejscNazwa>Kawki</sln:miejscNazwa><sln:miejscRodzaj>Inny obiekt</sln:miejscRodzaj><sln:powIIPId>45aa4cc1-64be-4f7b-96b3-b782b62d0baf</sln:powIIPId><sln:powIIPPn>PL.PZGIK.200</sln:powIIPPn><sln:powIIPWersja>2012-09-27T07:52:01+02:00</sln:powIIPWersja><sln:powIdTeryt>1219</sln:powIdTeryt><sln:powNazwa>wielicki</sln:powNazwa><sln:wojIIPId>dd2e3c64-f861-47cf-a3a3-e7751f272b2f</sln:wojIIPId><sln:wojIIPPn>PL.PZGIK.200</sln:wojIIPPn><sln:wojIIPWersja>2017-10-10T00:00:00+02:00</sln:wojIIPWersja><sln:wojIdTeryt>12</sln:wojIdTeryt><sln:wojNazwa>małopolskie</sln:wojNazwa></sln:miejscowosc><sln:miejscowosc><sln:cyklZyciaOd>2014-12-07T00:00:00+01:00</sln:cyklZyciaOd><sln:gmIIPId>a898256c-74f7-4b90-963c-908ee80b3dc4</sln:gmIIPId><sln:gmIIPPn>PL.PZGIK.200</sln:gmIIPPn><sln:gmIIPWersja>2012-09-26T22:14:36+02:00</sln:gmIIPWersja><sln:gmIdTeryt>1219012</sln:gmIdTeryt><sln:gmNazwa>Biskupice</sln:gmNazwa><sln:miejscIIPId>9296d775-1b55-4768-a221-ee5501dc2e11</sln:miejscIIPId><sln:miejscIIPPn>PL.PZGIK.200</sln:miejscIIPPn><sln:miejscIIPWersja>2016-11-24T13:40:17+02:00</sln:miejscIIPWersja><sln:miejscIdTeryt>0314879</sln:miejscIdTeryt><sln:miejscNazwa>Biskupice</sln:miejscNazwa><sln:miejscRodzaj>Wieś</sln:miejscRodzaj><sln:powIIPId>45aa4cc1-64be-4f7b-96b3-b782b62d0baf</sln:powIIPId><sln:powIIPPn>PL.PZGIK.200</sln:powIIPPn><sln:powIIPWersja>2012-09-27T07:52:01+02:00</sln:powIIPWersja><sln:powIdTeryt>1219</sln:powIdTeryt><sln:powNazwa>wielicki</sln:powNazwa><sln:wojIIPId>dd2e3c64-f861-47cf-a3a3-e7751f272b2f</sln:wojIIPId><sln:wojIIPPn>PL.PZGIK.200</sln:wojIIPPn><sln:wojIIPWersja>2017-10-10T00:00:00+02:00</sln:wojIIPWersja><sln:wojIdTeryt>12</sln:wojIdTeryt><sln:wojNazwa>małopolskie</sln:wojNazwa></sln:miejscowosc><sln:miejscowosc><sln:cyklZyciaOd>2014-12-07T00:00:00+01:00</sln:cyklZyciaOd><sln:gmIIPId>a898256c-74f7-4b90-963c-908ee80b3dc4</sln:gmIIPId><sln:gmIIPPn>PL.PZGIK.200</sln:gmIIPPn><sln:gmIIPWersja>2012-09-26T22:14:36+02:00</sln:gmIIPWersja><sln:gmIdTeryt>1219012</sln:gmIdTeryt><sln:gmNazwa>Biskupice</sln:gmNazwa><sln:miejscIIPId>63605484-b13b-438e-b6cc-218264eac4ba</sln:miejscIIPId><sln:miejscIIPPn>PL.PZGIK.200</sln:miejscIIPPn><sln:miejscIIPWersja>2016-11-24T13:45:37+02:00</sln:miejscIIPWersja><sln:miejscIdTeryt>0315229</sln:miejscIdTeryt><sln:miejscNazwa>Zapanki</sln:miejscNazwa><sln:miejscRodzaj>Inny obiekt</sln:miejscRodzaj><sln:powIIPId>45aa4cc1-64be-4f7b-96b3-b782b62d0baf</sln:powIIPId><sln:powIIPPn>PL.PZGIK.200</sln:powIIPPn><sln:powIIPWersja>2012-09-27T07:52:01+02:00</sln:powIIPWersja><sln:powIdTeryt>1219</sln:powIdTeryt><sln:powNazwa>wielicki</sln:powNazwa><sln:wojIIPId>dd2e3c64-f861-47cf-a3a3-e7751f272b2f</sln:wojIIPId><sln:wojIIPPn>PL.PZGIK.200</sln:wojIIPPn><sln:wojIIPWersja>2017-10-10T00:00:00+02:00</sln:wojIIPWersja><sln:wojIdTeryt>12</sln:wojIdTeryt><sln:wojNazwa>małopolskie</sln:wojNazwa></sln:miejscowosc><sln:miejscowosc><sln:cyklZyciaOd>2014-12-07T00:00:00+01:00</sln:cyklZyciaOd><sln:gmIIPId>a898256c-74f7-4b90-963c-908ee80b3dc4</sln:gmIIPId><sln:gmIIPPn>PL.PZGIK.200</sln:gmIIPPn><sln:gmIIPWersja>2012-09-26T22:14:36+02:00</sln:gmIIPWersja><sln:gmIdTeryt>1219012</sln:gmIdTeryt><sln:gmNazwa>Biskupice</sln:gmNazwa><sln:miejscIIPId>fce5c6b7-a635-4bec-881e-6e96e79525e9</sln:miejscIIPId><sln:miejscIIPPn>PL.PZGIK.200</sln:miejscIIPPn><sln:miejscIIPWersja>2016-11-24T13:45:37+02:00</sln:miejscIIPWersja><sln:miejscIdTeryt>0315206</sln:miejscIdTeryt><sln:miejscNazwa>Zabiele</sln:miejscNazwa><sln:miejscRodzaj>Inny obiekt</sln:miejscRodzaj><sln:powIIPId>45aa4cc1-64be-4f7b-96b3-b782b62d0baf</sln:powIIPId><sln:powIIPPn>PL.PZGIK.200</sln:powIIPPn><sln:powIIPWersja>2012-09-27T07:52:01+02:00</sln:powIIPWersja><sln:powIdTeryt>1219</sln:powIdTeryt><sln:powNazwa>wielicki</sln:powNazwa><sln:wojIIPId>dd2e3c64-f861-47cf-a3a3-e7751f272b2f</sln:wojIIPId><sln:wojIIPPn>PL.PZGIK.200</sln:wojIIPPn><sln:wojIIPWersja>2017-10-10T00:00:00+02:00</sln:wojIIPWersja><sln:wojIdTeryt>12</sln:wojIdTeryt><sln:wojNazwa>małopolskie</sln:wojNazwa></sln:miejscowosc><sln:miejscowosc><sln:cyklZyciaOd>2014-12-07T00:00:00+01:00</sln:cyklZyciaOd><sln:gmIIPId>a898256c-74f7-4b90-963c-908ee80b3dc4</sln:gmIIPId><sln:gmIIPPn>PL.PZGIK.200</sln:gmIIPPn><sln:gmIIPWersja>2012-09-26T22:14:36+02:00</sln:gmIIPWersja><sln:gmIdTeryt>1219012</sln:gmIdTeryt><sln:gmNazwa>Biskupice</sln:gmNazwa><sln:miejscIIPId>29f8f251-a1ed-4b50-bcbf-7ed28ea2b100</sln:miejscIIPId><sln:miejscIIPPn>PL.PZGIK.200</sln:miejscIIPPn><sln:miejscIIPWersja>2016-11-24T13:45:37+02:00</sln:miejscIIPWersja><sln:miejscIdTeryt>0315212</sln:miejscIdTeryt><sln:miejscNazwa>Zagajszcze</sln:miejscNazwa><sln:miejscRodzaj>Inny obiekt</sln:miejscRodzaj><sln:powIIPId>45aa4cc1-64be-4f7b-96b3-b782b62d0baf</sln:powIIPId><sln:powIIPPn>PL.PZGIK.200</sln:powIIPPn><sln:powIIPWersja>2012-09-27T07:52:01+02:00</sln:powIIPWersja><sln:powIdTeryt>1219</sln:powIdTeryt><sln:powNazwa>wielicki</sln:powNazwa><sln:wojIIPId>dd2e3c64-f861-47cf-a3a3-e7751f272b2f</sln:wojIIPId><sln:wojIIPPn>PL.PZGIK.200</sln:wojIIPPn><sln:wojIIPWersja>2017-10-10T00:00:00+02:00</sln:wojIIPWersja><sln:wojIdTeryt>12</sln:wojIdTeryt><sln:wojNazwa>małopolskie</sln:wojNazwa></sln:miejscowosc><sln:miejscowosc><sln:cyklZyciaOd>2014-12-07T00:00:00+01:00</sln:cyklZyciaOd><sln:gmIIPId>a898256c-74f7-4b90-963c-908ee80b3dc4</sln:gmIIPId><sln:gmIIPPn>PL.PZGIK.200</sln:gmIIPPn><sln:gmIIPWersja>2012-09-26T22:14:36+02:00</sln:gmIIPWersja><sln:gmIdTeryt>1219012</sln:gmIdTeryt><sln:gmNazwa>Biskupice</sln:gmNazwa><sln:miejscIIPId>4335349c-0f0f-4370-87f5-60652ed0ccf9</sln:miejscIIPId><sln:miejscIIPPn>PL.PZGIK.200</sln:miejscIIPPn><sln:miejscIIPWersja>2016-11-24T13:57:02+02:00</sln:miejscIIPWersja><sln:miejscIdTeryt>0315092</sln:miejscIdTeryt><sln:miejscNazwa>Brodki</sln:miejscNazwa><sln:miejscRodzaj>Inny obiekt</sln:miejscRodzaj><sln:powIIPId>45aa4cc1-64be-4f7b-96b3-b782b62d0baf</sln:powIIPId><sln:powIIPPn>PL.PZGIK.200</sln:powIIPPn><sln:powIIPWersja>2012-09-27T07:52:01+02:00</sln:powIIPWersja><sln:powIdTeryt>1219</sln:powIdTeryt><sln:powNazwa>wielicki</sln:powNazwa><sln:wojIIPId>dd2e3c64-f861-47cf-a3a3-e7751f272b2f</sln:wojIIPId><sln:wojIIPPn>PL.PZGIK.200</sln:wojIIPPn><sln:wojIIPWersja>2017-10-10T00:00:00+02:00</sln:wojIIPWersja><sln:wojIdTeryt>12</sln:wojIdTeryt><sln:wojNazwa>małopolskie</sln:wojNazwa></sln:miejscowosc><sln:miejscowosc><sln:cyklZyciaOd>2014-12-07T00:00:00+01:00</sln:cyklZyciaOd><sln:gmIIPId>a898256c-74f7-4b90-963c-908ee80b3dc4</sln:gmIIPId><sln:gmIIPPn>PL.PZGIK.200</sln:gmIIPPn><sln:gmIIPWersja>2012-09-26T22:14:36+02:00</sln:gmIIPWersja><sln:gmIdTeryt>1219012</sln:gmIdTeryt><sln:gmNazwa>Biskupice</sln:gmNazwa><sln:miejscIIPId>0c060fa8-25c0-4550-ba12-f2c5a00f419e</sln:miejscIIPId><sln:miejscIIPPn>PL.PZGIK.200</sln:miejscIIPPn><sln:miejscIIPWersja>2016-11-24T13:57:02+02:00</sln:miejscIIPWersja><sln:miejscIdTeryt>0315169</sln:miejscIdTeryt><sln:miejscNazwa>Wola Podłazańska</sln:miejscNazwa><sln:miejscRodzaj>Inny obiekt</sln:miejscRodzaj><sln:powIIPId>45aa4cc1-64be-4f7b-96b3-b782b62d0baf</sln:powIIPId><sln:powIIPPn>PL.PZGIK.200</sln:powIIPPn><sln:powIIPWersja>2012-09-27T07:52:01+02:00</sln:powIIPWersja><sln:powIdTeryt>1219</sln:powIdTeryt><sln:powNazwa>wielicki</sln:powNazwa><sln:wojIIPId>dd2e3c64-f861-47cf-a3a3-e7751f272b2f</sln:wojIIPId><sln:wojIIPPn>PL.PZGIK.200</sln:wojIIPPn><sln:wojIIPWersja>2017-10-10T00:00:00+02:00</sln:wojIIPWersja><sln:wojIdTeryt>12</sln:wojIdTeryt><sln:wojNazwa>małopolskie</sln:wojNazwa></sln:miejscowosc><sln:miejscowosc><sln:cyklZyciaOd>2014-12-07T00:00:00+01:00</sln:cyklZyciaOd><sln:gmIIPId>a898256c-74f7-4b90-963c-908ee80b3dc4</sln:gmIIPId><sln:gmIIPPn>PL.PZGIK.200</sln:gmIIPPn><sln:gmIIPWersja>2012-09-26T22:14:36+02:00</sln:gmIIPWersja><sln:gmIdTeryt>1219012</sln:gmIdTeryt><sln:gmNazwa>Biskupice</sln:gmNazwa><sln:miejscIIPId>b5303359-c888-4277-b55e-d89757ed69c0</sln:miejscIIPId><sln:miejscIIPPn>PL.PZGIK.200</sln:miejscIIPPn><sln:miejscIIPWersja>2016-11-24T13:57:22+02:00</sln:miejscIIPWersja><sln:miejscIdTeryt>0314945</sln:miejscIdTeryt><sln:miejscNazwa>Łaziski</sln:miejscNazwa><sln:miejscRodzaj>Inny obiekt</sln:miejscRodzaj><sln:powIIPId>45aa4cc1-64be-4f7b-96b3-b782b62d0baf</sln:powIIPId><sln:powIIPPn>PL.PZGIK.200</sln:powIIPPn><sln:powIIPWersja>2012-09-27T07:52:01+02:00</sln:powIIPWersja><sln:powIdTeryt>1219</sln:powIdTeryt><sln:powNazwa>wielicki</sln:powNazwa><sln:wojIIPId>dd2e3c64-f861-47cf-a3a3-e7751f272b2f</sln:wojIIPId><sln:wojIIPPn>PL.PZGIK.200</sln:wojIIPPn><sln:wojIIPWersja>2017-10-10T00:00:00+02:00</sln:wojIIPWersja><sln:wojIdTeryt>12</sln:wojIdTeryt><sln:wojNazwa>małopolskie</sln:wojNazwa></sln:miejscowosc><sln:miejscowosc><sln:cyklZyciaOd>2014-12-07T00:00:00+01:00</sln:cyklZyciaOd><sln:gmIIPId>a898256c-74f7-4b90-963c-908ee80b3dc4</sln:gmIIPId><sln:gmIIPPn>PL.PZGIK.200</sln:gmIIPPn><sln:gmIIPWersja>2012-09-26T22:14:36+02:00</sln:gmIIPWersja><sln:gmIdTeryt>1219012</sln:gmIdTeryt><sln:gmNazwa>Biskupice</sln:gmNazwa><sln:miejscIIPId>5d411126-aa4a-40d3-9f02-a0a99ae04ddf</sln:miejscIIPId><sln:miejscIIPPn>PL.PZGIK.200</sln:miejscIIPPn><sln:miejscIIPWersja>2016-11-24T13:56:13+02:00</sln:miejscIIPWersja><sln:miejscIdTeryt>0314885</sln:miejscIdTeryt><sln:miejscNazwa>Bukowiec</sln:miejscNazwa><sln:miejscRodzaj>Inny obiekt</sln:miejscRodzaj><sln:powIIPId>45aa4cc1-64be-4f7b-96b3-b782b62d0baf</sln:powIIPId><sln:powIIPPn>PL.PZGIK.200</sln:powIIPPn><sln:powIIPWersja>2012-09-27T07:52:01+02:00</sln:powIIPWersja><sln:powIdTeryt>1219</sln:powIdTeryt><sln:powNazwa>wielicki</sln:powNazwa><sln:wojIIPId>dd2e3c64-f861-47cf-a3a3-e7751f272b2f</sln:wojIIPId><sln:wojIIPPn>PL.PZGIK.200</sln:wojIIPPn><sln:wojIIPWersja>2017-10-10T00:00:00+02:00</sln:wojIIPWersja><sln:wojIdTeryt>12</sln:wojIdTeryt><sln:wojNazwa>małopolskie</sln:wojNazwa></sln:miejscowosc><sln:miejscowosc><sln:cyklZyciaOd>2014-12-07T00:00:00+01:00</sln:cyklZyciaOd><sln:gmIIPId>a898256c-74f7-4b90-963c-908ee80b3dc4</sln:gmIIPId><sln:gmIIPPn>PL.PZGIK.200</sln:gmIIPPn><sln:gmIIPWersja>2012-09-26T22:14:36+02:00</sln:gmIIPWersja><sln:gmIdTeryt>1219012</sln:gmIdTeryt><sln:gmNazwa>Biskupice</sln:gmNazwa><sln:miejscIIPId>a5f73473-c866-4b29-ad4f-22bed718f80c</sln:miejscIIPId><sln:miejscIIPPn>PL.PZGIK.200</sln:miejscIIPPn><sln:miejscIIPWersja>2016-11-24T13:30:46+02:00</sln:miejscIIPWersja><sln:miejscIdTeryt>0315235</sln:miejscIdTeryt><sln:miejscNazwa>Sławkowice</sln:miejscNazwa><sln:miejscRodzaj>Wieś</sln:miejscRodzaj><sln:powIIPId>45aa4cc1-64be-4f7b-96b3-b782b62d0baf</sln:powIIPId><sln:powIIPPn>PL.PZGIK.200</sln:powIIPPn><sln:powIIPWersja>2012-09-27T07:52:01+02:00</sln:powIIPWersja><sln:powIdTeryt>1219</sln:powIdTeryt><sln:powNazwa>wielicki</sln:powNazwa><sln:wojIIPId>dd2e3c64-f861-47cf-a3a3-e7751f272b2f</sln:wojIIPId><sln:wojIIPPn>PL.PZGIK.200</sln:wojIIPPn><sln:wojIIPWersja>2017-10-10T00:00:00+02:00</sln:wojIIPWersja><sln:wojIdTeryt>12</sln:wojIdTeryt><sln:wojNazwa>małopolskie</sln:wojNazwa></sln:miejscowosc><sln:miejscowosc><sln:cyklZyciaOd>2014-12-07T00:00:00+01:00</sln:cyklZyciaOd><sln:gmIIPId>a898256c-74f7-4b90-963c-908ee80b3dc4</sln:gmIIPId><sln:gmIIPPn>PL.PZGIK.200</sln:gmIIPPn><sln:gmIIPWersja>2012-09-26T22:14:36+02:00</sln:gmIIPWersja><sln:gmIdTeryt>1219012</sln:gmIdTeryt><sln:gmNazwa>Biskupice</sln:gmNazwa><sln:miejscIIPId>a60b6e74-fcf9-4ae4-9f59-822763481a34</sln:miejscIIPId><sln:miejscIIPPn>PL.PZGIK.200</sln:miejscIIPPn><sln:miejscIIPWersja>2016-11-24T13:57:22+02:00</sln:miejscIIPWersja><sln:miejscIdTeryt>0314939</sln:miejscIdTeryt><sln:miejscNazwa>Kąty</sln:miejscNazwa><sln:miejscRodzaj>Inny obiekt</sln:miejscRodzaj><sln:powIIPId>45aa4cc1-64be-4f7b-96b3-b782b62d0baf</sln:powIIPId><sln:powIIPPn>PL.PZGIK.200</sln:powIIPPn><sln:powIIPWersja>2012-09-27T07:52:01+02:00</sln:powIIPWersja><sln:powIdTeryt>1219</sln:powIdTeryt><sln:powNazwa>wielicki</sln:powNazwa><sln:wojIIPId>dd2e3c64-f861-47cf-a3a3-e7751f272b2f</sln:wojIIPId><sln:wojIIPPn>PL.PZGIK.200</sln:wojIIPPn><sln:wojIIPWersja>2017-10-10T00:00:00+02:00</sln:wojIIPWersja><sln:wojIdTeryt>12</sln:wojIdTeryt><sln:wojNazwa>małopolskie</sln:wojNazwa></sln:miejscowosc><sln:miejscowosc><sln:cyklZyciaOd>2014-12-07T00:00:00+01:00</sln:cyklZyciaOd><sln:gmIIPId>a898256c-74f7-4b90-963c-908ee80b3dc4</sln:gmIIPId><sln:gmIIPPn>PL.PZGIK.200</sln:gmIIPPn><sln:gmIIPWersja>2012-09-26T22:14:36+02:00</sln:gmIIPWersja><sln:gmIdTeryt>1219012</sln:gmIdTeryt><sln:gmNazwa>Biskupice</sln:gmNazwa><sln:miejscIIPId>8c5222d4-871e-4bf0-a1d1-011ae550f484</sln:miejscIIPId><sln:miejscIIPPn>PL.PZGIK.200</sln:miejscIIPPn><sln:miejscIIPWersja>2016-11-24T13:38:40+02:00</sln:miejscIIPWersja><sln:miejscIdTeryt>0315005</sln:miejscIdTeryt><sln:miejscNazwa>Jawczyce</sln:miejscNazwa><sln:miejscRodzaj>Wieś</sln:miejscRodzaj><sln:powIIPId>45aa4cc1-64be-4f7b-96b3-b782b62d0baf</sln:powIIPId><sln:powIIPPn>PL.PZGIK.200</sln:powIIPPn><sln:powIIPWersja>2012-09-27T07:52:01+02:00</sln:powIIPWersja><sln:powIdTeryt>1219</sln:powIdTeryt><sln:powNazwa>wielicki</sln:powNazwa><sln:wojIIPId>dd2e3c64-f861-47cf-a3a3-e7751f272b2f</sln:wojIIPId><sln:wojIIPPn>PL.PZGIK.200</sln:wojIIPPn><sln:wojIIPWersja>2017-10-10T00:00:00+02:00</sln:wojIIPWersja><sln:wojIdTeryt>12</sln:wojIdTeryt><sln:wojNazwa>małopolskie</sln:wojNazwa></sln:miejscowosc><sln:miejscowosc><sln:cyklZyciaOd>2014-12-07T00:00:00+01:00</sln:cyklZyciaOd><sln:gmIIPId>a898256c-74f7-4b90-963c-908ee80b3dc4</sln:gmIIPId><sln:gmIIPPn>PL.PZGIK.200</sln:gmIIPPn><sln:gmIIPWersja>2012-09-26T22:14:36+02:00</sln:gmIIPWersja><sln:gmIdTeryt>1219012</sln:gmIdTeryt><sln:gmNazwa>Biskupice</sln:gmNazwa><sln:miejscIIPId>87c3bb9f-580e-4ef0-ab61-56668bf47802</sln:miejscIIPId><sln:miejscIIPPn>PL.PZGIK.200</sln:miejscIIPPn><sln:miejscIIPWersja>2016-11-24T13:31:44+02:00</sln:miejscIIPWersja><sln:miejscIdTeryt>0315318</sln:miejscIdTeryt><sln:miejscNazwa>Sułów</sln:miejscNazwa><sln:miejscRodzaj>Wieś</sln:miejscRodzaj><sln:powIIPId>45aa4cc1-64be-4f7b-96b3-b782b62d0baf</sln:powIIPId><sln:powIIPPn>PL.PZGIK.200</sln:powIIPPn><sln:powIIPWersja>2012-09-27T07:52:01+02:00</sln:powIIPWersja><sln:powIdTeryt>1219</sln:powIdTeryt><sln:powNazwa>wielicki</sln:powNazwa><sln:wojIIPId>dd2e3c64-f861-47cf-a3a3-e7751f272b2f</sln:wojIIPId><sln:wojIIPPn>PL.PZGIK.200</sln:wojIIPPn><sln:wojIIPWersja>2017-10-10T00:00:00+02:00</sln:wojIIPWersja><sln:wojIdTeryt>12</sln:wojIdTeryt><sln:wojNazwa>małopolskie</sln:wojNazwa></sln:miejscowosc><sln:miejscowosc><sln:cyklZyciaOd>2014-12-07T00:00:00+01:00</sln:cyklZyciaOd><sln:gmIIPId>a898256c-74f7-4b90-963c-908ee80b3dc4</sln:gmIIPId><sln:gmIIPPn>PL.PZGIK.200</sln:gmIIPPn><sln:gmIIPWersja>2012-09-26T22:14:36+02:00</sln:gmIIPWersja><sln:gmIdTeryt>1219012</sln:gmIdTeryt><sln:gmNazwa>Biskupice</sln:gmNazwa><sln:miejscIIPId>97a3e73b-8495-4ded-8486-e7a4bc143c70</sln:miejscIIPId><sln:miejscIIPPn>PL.PZGIK.200</sln:miejscIIPPn><sln:miejscIIPWersja>2016-11-24T13:57:22+02:00</sln:miejscIIPWersja><sln:miejscIdTeryt>0314974</sln:miejscIdTeryt><sln:miejscNazwa>Rędziny</sln:miejscNazwa><sln:miejscRodzaj>Inny obiekt</sln:miejscRodzaj><sln:powIIPId>45aa4cc1-64be-4f7b-96b3-b782b62d0baf</sln:powIIPId><sln:powIIPPn>PL.PZGIK.200</sln:powIIPPn><sln:powIIPWersja>2012-09-27T07:52:01+02:00</sln:powIIPWersja><sln:powIdTeryt>1219</sln:powIdTeryt><sln:powNazwa>wielicki</sln:powNazwa><sln:wojIIPId>dd2e3c64-f861-47cf-a3a3-e7751f272b2f</sln:wojIIPId><sln:wojIIPPn>PL.PZGIK.200</sln:wojIIPPn><sln:wojIIPWersja>2017-10-10T00:00:00+02:00</sln:wojIIPWersja><sln:wojIdTeryt>12</sln:wojIdTeryt><sln:wojNazwa>małopolskie</sln:wojNazwa></sln:miejscowosc><sln:miejscowosc><sln:cyklZyciaOd>2014-12-07T00:00:00+01:00</sln:cyklZyciaOd><sln:gmIIPId>a898256c-74f7-4b90-963c-908ee80b3dc4</sln:gmIIPId><sln:gmIIPPn>PL.PZGIK.200</sln:gmIIPPn><sln:gmIIPWersja>2012-09-26T22:14:36+02:00</sln:gmIIPWersja><sln:gmIdTeryt>1219012</sln:gmIdTeryt><sln:gmNazwa>Biskupice</sln:gmNazwa><sln:miejscIIPId>5c074f5e-b676-4154-aeb6-5d1a44967842</sln:miejscIIPId><sln:miejscIIPPn>PL.PZGIK.200</sln:miejscIIPPn><sln:miejscIIPWersja>2016-11-24T13:45:37+02:00</sln:miejscIIPWersja><sln:miejscIdTeryt>0315198</sln:miejscIdTeryt><sln:miejscNazwa>Wielopole</sln:miejscNazwa><sln:miejscRodzaj>Inny obiekt</sln:miejscRodzaj><sln:powIIPId>45aa4cc1-64be-4f7b-96b3-b782b62d0baf</sln:powIIPId><sln:powIIPPn>PL.PZGIK.200</sln:powIIPPn><sln:powIIPWersja>2012-09-27T07:52:01+02:00</sln:powIIPWersja><sln:powIdTeryt>1219</sln:powIdTeryt><sln:powNazwa>wielicki</sln:powNazwa><sln:wojIIPId>dd2e3c64-f861-47cf-a3a3-e7751f272b2f</sln:wojIIPId><sln:wojIIPPn>PL.PZGIK.200</sln:wojIIPPn><sln:wojIIPWersja>2017-10-10T00:00:00+02:00</sln:wojIIPWersja><sln:wojIdTeryt>12</sln:wojIdTeryt><sln:wojNazwa>małopolskie</sln:wojNazwa></sln:miejscowosc><sln:miejscowosc><sln:cyklZyciaOd>2014-12-07T00:00:00+01:00</sln:cyklZyciaOd><sln:gmIIPId>a898256c-74f7-4b90-963c-908ee80b3dc4</sln:gmIIPId><sln:gmIIPPn>PL.PZGIK.200</sln:gmIIPPn><sln:gmIIPWersja>2012-09-26T22:14:36+02:00</sln:gmIIPWersja><sln:gmIdTeryt>1219012</sln:gmIdTeryt><sln:gmNazwa>Biskupice</sln:gmNazwa><sln:miejscIIPId>29629834-cfb8-472c-b737-af91569793cd</sln:miejscIIPId><sln:miejscIIPPn>PL.PZGIK.200</sln:miejscIIPPn><sln:miejscIIPWersja>2016-11-24T13:48:57+02:00</sln:miejscIIPWersja><sln:miejscIdTeryt>0315436</sln:miejscIdTeryt><sln:miejscNazwa>Podryje</sln:miejscNazwa><sln:miejscRodzaj>Inny obiekt</sln:miejscRodzaj><sln:powIIPId>45aa4cc1-64be-4f7b-96b3-b782b62d0baf</sln:powIIPId><sln:powIIPPn>PL.PZGIK.200</sln:powIIPPn><sln:powIIPWersja>2012-09-27T07:52:01+02:00</sln:powIIPWersja><sln:powIdTeryt>1219</sln:powIdTeryt><sln:powNazwa>wielicki</sln:powNazwa><sln:wojIIPId>dd2e3c64-f861-47cf-a3a3-e7751f272b2f</sln:wojIIPId><sln:wojIIPPn>PL.PZGIK.200</sln:wojIIPPn><sln:wojIIPWersja>2017-10-10T00:00:00+02:00</sln:wojIIPWersja><sln:wojIdTeryt>12</sln:wojIdTeryt><sln:wojNazwa>małopolskie</sln:wojNazwa></sln:miejscowosc><sln:miejscowosc><sln:cyklZyciaOd>2014-12-07T00:00:00+01:00</sln:cyklZyciaOd><sln:gmIIPId>a898256c-74f7-4b90-963c-908ee80b3dc4</sln:gmIIPId><sln:gmIIPPn>PL.PZGIK.200</sln:gmIIPPn><sln:gmIIPWersja>2012-09-26T22:14:36+02:00</sln:gmIIPWersja><sln:gmIdTeryt>1219012</sln:gmIdTeryt><sln:gmNazwa>Biskupice</sln:gmNazwa><sln:miejscIIPId>ecc83a64-d569-495a-ab78-ca88542c98f6</sln:miejscIIPId><sln:miejscIIPPn>PL.PZGIK.200</sln:miejscIIPPn><sln:miejscIIPWersja>2016-11-24T13:54:58+02:00</sln:miejscIIPWersja><sln:miejscIdTeryt>0315057</sln:miejscIdTeryt><sln:miejscNazwa>Podsojka</sln:miejscNazwa><sln:miejscRodzaj>Inny obiekt</sln:miejscRodzaj><sln:powIIPId>45aa4cc1-64be-4f7b-96b3-b782b62d0baf</sln:powIIPId><sln:powIIPPn>PL.PZGIK.200</sln:powIIPPn><sln:powIIPWersja>2012-09-27T07:52:01+02:00</sln:powIIPWersja><sln:powIdTeryt>1219</sln:powIdTeryt><sln:powNazwa>wielicki</sln:powNazwa><sln:wojIIPId>dd2e3c64-f861-47cf-a3a3-e7751f272b2f</sln:wojIIPId><sln:wojIIPPn>PL.PZGIK.200</sln:wojIIPPn><sln:wojIIPWersja>2017-10-10T00:00:00+02:00</sln:wojIIPWersja><sln:wojIdTeryt>12</sln:wojIdTeryt><sln:wojNazwa>małopolskie</sln:wojNazwa></sln:miejscowosc><sln:miejscowosc><sln:cyklZyciaOd>2014-12-07T00:00:00+01:00</sln:cyklZyciaOd><sln:gmIIPId>a898256c-74f7-4b90-963c-908ee80b3dc4</sln:gmIIPId><sln:gmIIPPn>PL.PZGIK.200</sln:gmIIPPn><sln:gmIIPWersja>2012-09-26T22:14:36+02:00</sln:gmIIPWersja><sln:gmIdTeryt>1219012</sln:gmIdTeryt><sln:gmNazwa>Biskupice</sln:gmNazwa><sln:miejscIIPId>d494d702-f94f-4cbf-b1b6-993336c9d29e</sln:miejscIIPId><sln:miejscIIPPn>PL.PZGIK.200</sln:miejscIIPPn><sln:miejscIIPWersja>2016-11-24T13:57:22+02:00</sln:miejscIIPWersja><sln:miejscIdTeryt>0314968</sln:miejscIdTeryt><sln:miejscNazwa>Poddana</sln:miejscNazwa><sln:miejscRodzaj>Inny obiekt</sln:miejscRodzaj><sln:powIIPId>45aa4cc1-64be-4f7b-96b3-b782b62d0baf</sln:powIIPId><sln:powIIPPn>PL.PZGIK.200</sln:powIIPPn><sln:powIIPWersja>2012-09-27T07:52:01+02:00</sln:powIIPWersja><sln:powIdTeryt>1219</sln:powIdTeryt><sln:powNazwa>wielicki</sln:powNazwa><sln:wojIIPId>dd2e3c64-f861-47cf-a3a3-e7751f272b2f</sln:wojIIPId><sln:wojIIPPn>PL.PZGIK.200</sln:wojIIPPn><sln:wojIIPWersja>2017-10-10T00:00:00+02:00</sln:wojIIPWersja><sln:wojIdTeryt>12</sln:wojIdTeryt><sln:wojNazwa>małopolskie</sln:wojNazwa></sln:miejscowosc><sln:miejscowosc><sln:cyklZyciaOd>2014-12-07T00:00:00+01:00</sln:cyklZyciaOd><sln:gmIIPId>a898256c-74f7-4b90-963c-908ee80b3dc4</sln:gmIIPId><sln:gmIIPPn>PL.PZGIK.200</sln:gmIIPPn><sln:gmIIPWersja>2012-09-26T22:14:36+02:00</sln:gmIIPWersja><sln:gmIdTeryt>1219012</sln:gmIdTeryt><sln:gmNazwa>Biskupice</sln:gmNazwa><sln:miejscIIPId>5399c405-0cec-44f7-b08a-4a1cff9f89e1</sln:miejscIIPId><sln:miejscIIPPn>PL.PZGIK.200</sln:miejscIIPPn><sln:miejscIIPWersja>2016-11-24T13:57:22+02:00</sln:miejscIIPWersja><sln:miejscIdTeryt>0315324</sln:miejscIdTeryt><sln:miejscNazwa>Czekaj</sln:miejscNazwa><sln:miejscRodzaj>Inny obiekt</sln:miejscRodzaj><sln:powIIPId>45aa4cc1-64be-4f7b-96b3-b782b62d0baf</sln:powIIPId><sln:powIIPPn>PL.PZGIK.200</sln:powIIPPn><sln:powIIPWersja>2012-09-27T07:52:01+02:00</sln:powIIPWersja><sln:powIdTeryt>1219</sln:powIdTeryt><sln:powNazwa>wielicki</sln:powNazwa><sln:wojIIPId>dd2e3c64-f861-47cf-a3a3-e7751f272b2f</sln:wojIIPId><sln:wojIIPPn>PL.PZGIK.200</sln:wojIIPPn><sln:wojIIPWersja>2017-10-10T00:00:00+02:00</sln:wojIIPWersja><sln:wojIdTeryt>12</sln:wojIdTeryt><sln:wojNazwa>małopolskie</sln:wojNazwa></sln:miejscowosc><sln:miejscowosc><sln:cyklZyciaOd>2014-12-07T00:00:00+01:00</sln:cyklZyciaOd><sln:gmIIPId>a898256c-74f7-4b90-963c-908ee80b3dc4</sln:gmIIPId><sln:gmIIPPn>PL.PZGIK.200</sln:gmIIPPn><sln:gmIIPWersja>2012-09-26T22:14:36+02:00</sln:gmIIPWersja><sln:gmIdTeryt>1219012</sln:gmIdTeryt><sln:gmNazwa>Biskupice</sln:gmNazwa><sln:miejscIIPId>7f04659c-7a41-4102-9353-74c64913749e</sln:miejscIIPId><sln:miejscIIPPn>PL.PZGIK.200</sln:miejscIIPPn><sln:miejscIIPWersja>2016-11-24T13:41:27+02:00</sln:miejscIIPWersja><sln:miejscIdTeryt>0315086</sln:miejscIdTeryt><sln:miejscNazwa>Łazany</sln:miejscNazwa><sln:miejscRodzaj>Wieś</sln:miejscRodzaj><sln:powIIPId>45aa4cc1-64be-4f7b-96b3-b782b62d0baf</sln:powIIPId><sln:powIIPPn>PL.PZGIK.200</sln:powIIPPn><sln:powIIPWersja>2012-09-27T07:52:01+02:00</sln:powIIPWersja><sln:powIdTeryt>1219</sln:powIdTeryt><sln:powNazwa>wielicki</sln:powNazwa><sln:wojIIPId>dd2e3c64-f861-47cf-a3a3-e7751f272b2f</sln:wojIIPId><sln:wojIIPPn>PL.PZGIK.200</sln:wojIIPPn><sln:wojIIPWersja>2017-10-10T00:00:00+02:00</sln:wojIIPWersja><sln:wojIdTeryt>12</sln:wojIdTeryt><sln:wojNazwa>małopolskie</sln:wojNazwa></sln:miejscowosc><sln:miejscowosc><sln:cyklZyciaOd>2014-12-07T00:00:00+01:00</sln:cyklZyciaOd><sln:gmIIPId>a898256c-74f7-4b90-963c-908ee80b3dc4</sln:gmIIPId><sln:gmIIPPn>PL.PZGIK.200</sln:gmIIPPn><sln:gmIIPWersja>2012-09-26T22:14:36+02:00</sln:gmIIPWersja><sln:gmIdTeryt>1219012</sln:gmIdTeryt><sln:gmNazwa>Biskupice</sln:gmNazwa><sln:miejscIIPId>6727d897-8ee4-4890-9c3c-f0d7015ca36a</sln:miejscIIPId><sln:miejscIIPPn>PL.PZGIK.200</sln:miejscIIPPn><sln:miejscIIPWersja>2016-11-24T13:47:40+02:00</sln:miejscIIPWersja><sln:miejscIdTeryt>0315353</sln:miejscIdTeryt><sln:miejscNazwa>Ryje</sln:miejscNazwa><sln:miejscRodzaj>Inny obiekt</sln:miejscRodzaj><sln:powIIPId>45aa4cc1-64be-4f7b-96b3-b782b62d0baf</sln:powIIPId><sln:powIIPPn>PL.PZGIK.200</sln:powIIPPn><sln:powIIPWersja>2012-09-27T07:52:01+02:00</sln:powIIPWersja><sln:powIdTeryt>1219</sln:powIdTeryt><sln:powNazwa>wielicki</sln:powNazwa><sln:wojIIPId>dd2e3c64-f861-47cf-a3a3-e7751f272b2f</sln:wojIIPId><sln:wojIIPPn>PL.PZGIK.200</sln:wojIIPPn><sln:wojIIPWersja>2017-10-10T00:00:00+02:00</sln:wojIIPWersja><sln:wojIdTeryt>12</sln:wojIdTeryt><sln:wojNazwa>małopolskie</sln:wojNazwa></sln:miejscowosc><sln:miejscowosc><sln:cyklZyciaOd>2014-12-07T00:00:00+01:00</sln:cyklZyciaOd><sln:gmIIPId>a898256c-74f7-4b90-963c-908ee80b3dc4</sln:gmIIPId><sln:gmIIPPn>PL.PZGIK.200</sln:gmIIPPn><sln:gmIIPWersja>2012-09-26T22:14:36+02:00</sln:gmIIPWersja><sln:gmIdTeryt>1219012</sln:gmIdTeryt><sln:gmNazwa>Biskupice</sln:gmNazwa><sln:miejscIIPId>1beeb957-b07c-4018-9d74-b9e2cbfd3863</sln:miejscIIPId><sln:miejscIIPPn>PL.PZGIK.200</sln:miejscIIPPn><sln:miejscIIPWersja>2016-11-24T13:47:03+02:00</sln:miejscIIPWersja><sln:miejscIdTeryt>0315241</sln:miejscIdTeryt><sln:miejscNazwa>Brzezowa</sln:miejscNazwa><sln:miejscRodzaj>Inny obiekt</sln:miejscRodzaj><sln:powIIPId>45aa4cc1-64be-4f7b-96b3-b782b62d0baf</sln:powIIPId><sln:powIIPPn>PL.PZGIK.200</sln:powIIPPn><sln:powIIPWersja>2012-09-27T07:52:01+02:00</sln:powIIPWersja><sln:powIdTeryt>1219</sln:powIdTeryt><sln:powNazwa>wielicki</sln:powNazwa><sln:wojIIPId>dd2e3c64-f861-47cf-a3a3-e7751f272b2f</sln:wojIIPId><sln:wojIIPPn>PL.PZGIK.200</sln:wojIIPPn><sln:wojIIPWersja>2017-10-10T00:00:00+02:00</sln:wojIIPWersja><sln:wojIdTeryt>12</sln:wojIdTeryt><sln:wojNazwa>małopolskie</sln:wojNazwa></sln:miejscowosc><sln:miejscowosc><sln:cyklZyciaOd>2014-12-07T00:00:00+01:00</sln:cyklZyciaOd><sln:gmIIPId>a898256c-74f7-4b90-963c-908ee80b3dc4</sln:gmIIPId><sln:gmIIPPn>PL.PZGIK.200</sln:gmIIPPn><sln:gmIIPWersja>2012-09-26T22:14:36+02:00</sln:gmIIPWersja><sln:gmIdTeryt>1219012</sln:gmIdTeryt><sln:gmNazwa>Biskupice</sln:gmNazwa><sln:miejscIIPId>a0d8ce83-8df3-4ce7-a8cb-59504007c936</sln:miejscIIPId><sln:miejscIIPPn>PL.PZGIK.200</sln:miejscIIPPn><sln:miejscIIPWersja>2016-11-24T13:57:22+02:00</sln:miejscIIPWersja><sln:miejscIdTeryt>0314916</sln:miejscIdTeryt><sln:miejscNazwa>Słomiana</sln:miejscNazwa><sln:miejscRodzaj>Inny obiekt</sln:miejscRodzaj><sln:powIIPId>45aa4cc1-64be-4f7b-96b3-b782b62d0baf</sln:powIIPId><sln:powIIPPn>PL.PZGIK.200</sln:powIIPPn><sln:powIIPWersja>2012-09-27T07:52:01+02:00</sln:powIIPWersja><sln:powIdTeryt>1219</sln:powIdTeryt><sln:powNazwa>wielicki</sln:powNazwa><sln:wojIIPId>dd2e3c64-f861-47cf-a3a3-e7751f272b2f</sln:wojIIPId><sln:wojIIPPn>PL.PZGIK.200</sln:wojIIPPn><sln:wojIIPWersja>2017-10-10T00:00:00+02:00</sln:wojIIPWersja><sln:wojIdTeryt>12</sln:wojIdTeryt><sln:wojNazwa>małopolskie</sln:wojNazwa></sln:miejscowosc><sln:miejscowosc><sln:cyklZyciaOd>2014-12-07T00:00:00+01:00</sln:cyklZyciaOd><sln:gmIIPId>a898256c-74f7-4b90-963c-908ee80b3dc4</sln:gmIIPId><sln:gmIIPPn>PL.PZGIK.200</sln:gmIIPPn><sln:gmIIPWersja>2012-09-26T22:14:36+02:00</sln:gmIIPWersja><sln:gmIdTeryt>1219012</sln:gmIdTeryt><sln:gmNazwa>Biskupice</sln:gmNazwa><sln:miejscIIPId>419da956-2a26-40d9-be7e-ae5b1e3be74b</sln:miejscIIPId><sln:miejscIIPPn>PL.PZGIK.200</sln:miejscIIPPn><sln:miejscIIPWersja>2016-11-24T13:57:22+02:00</sln:miejscIIPWersja><sln:miejscIdTeryt>0315100</sln:miejscIdTeryt><sln:miejscNazwa>Dołówki</sln:miejscNazwa><sln:miejscRodzaj>Inny obiekt</sln:miejscRodzaj><sln:powIIPId>45aa4cc1-64be-4f7b-96b3-b782b62d0baf</sln:powIIPId><sln:powIIPPn>PL.PZGIK.200</sln:powIIPPn><sln:powIIPWersja>2012-09-27T07:52:01+02:00</sln:powIIPWersja><sln:powIdTeryt>1219</sln:powIdTeryt><sln:powNazwa>wielicki</sln:powNazwa><sln:wojIIPId>dd2e3c64-f861-47cf-a3a3-e7751f272b2f</sln:wojIIPId><sln:wojIIPPn>PL.PZGIK.200</sln:wojIIPPn><sln:wojIIPWersja>2017-10-10T00:00:00+02:00</sln:wojIIPWersja><sln:wojIdTeryt>12</sln:wojIdTeryt><sln:wojNazwa>małopolskie</sln:wojNazwa></sln:miejscowosc><sln:miejscowosc><sln:cyklZyciaOd>2014-12-07T00:00:00+01:00</sln:cyklZyciaOd><sln:gmIIPId>a898256c-74f7-4b90-963c-908ee80b3dc4</sln:gmIIPId><sln:gmIIPPn>PL.PZGIK.200</sln:gmIIPPn><sln:gmIIPWersja>2012-09-26T22:14:36+02:00</sln:gmIIPWersja><sln:gmIdTeryt>1219012</sln:gmIdTeryt><sln:gmNazwa>Biskupice</sln:gmNazwa><sln:miejscIIPId>66be7cd6-8475-4aac-b002-f4c5ca8bb60f</sln:miejscIIPId><sln:miejscIIPPn>PL.PZGIK.200</sln:miejscIIPPn><sln:miejscIIPWersja>2016-11-24T13:57:22+02:00</sln:miejscIIPWersja><sln:miejscIdTeryt>0315293</sln:miejscIdTeryt><sln:miejscNazwa>Widlichów</sln:miejscNazwa><sln:miejscRodzaj>Inny obiekt</sln:miejscRodzaj><sln:powIIPId>45aa4cc1-64be-4f7b-96b3-b782b62d0baf</sln:powIIPId><sln:powIIPPn>PL.PZGIK.200</sln:powIIPPn><sln:powIIPWersja>2012-09-27T07:52:01+02:00</sln:powIIPWersja><sln:powIdTeryt>1219</sln:powIdTeryt><sln:powNazwa>wielicki</sln:powNazwa><sln:wojIIPId>dd2e3c64-f861-47cf-a3a3-e7751f272b2f</sln:wojIIPId><sln:wojIIPPn>PL.PZGIK.200</sln:wojIIPPn><sln:wojIIPWersja>2017-10-10T00:00:00+02:00</sln:wojIIPWersja><sln:wojIdTeryt>12</sln:wojIdTeryt><sln:wojNazwa>małopolskie</sln:wojNazwa></sln:miejscowosc><sln:miejscowosc><sln:cyklZyciaOd>2014-12-07T00:00:00+01:00</sln:cyklZyciaOd><sln:gmIIPId>a898256c-74f7-4b90-963c-908ee80b3dc4</sln:gmIIPId><sln:gmIIPPn>PL.PZGIK.200</sln:gmIIPPn><sln:gmIIPWersja>2012-09-26T22:14:36+02:00</sln:gmIIPWersja><sln:gmIdTeryt>1219012</sln:gmIdTeryt><sln:gmNazwa>Biskupice</sln:gmNazwa><sln:miejscIIPId>55e6ad3d-8132-49af-a74b-93aea299d133</sln:miejscIIPId><sln:miejscIIPPn>PL.PZGIK.200</sln:miejscIIPPn><sln:miejscIIPWersja>2016-11-24T13:57:22+02:00</sln:miejscIIPWersja><sln:miejscIdTeryt>0314951</sln:miejscIdTeryt><sln:miejscNazwa>Na Podlasiu</sln:miejscNazwa><sln:miejscRodzaj>Inny obiekt</sln:miejscRodzaj><sln:powIIPId>45aa4cc1-64be-4f7b-96b3-b782b62d0baf</sln:powIIPId><sln:powIIPPn>PL.PZGIK.200</sln:powIIPPn><sln:powIIPWersja>2012-09-27T07:52:01+02:00</sln:powIIPWersja><sln:powIdTeryt>1219</sln:powIdTeryt><sln:powNazwa>wielicki</sln:powNazwa><sln:wojIIPId>dd2e3c64-f861-47cf-a3a3-e7751f272b2f</sln:wojIIPId><sln:wojIIPPn>PL.PZGIK.200</sln:wojIIPPn><sln:wojIIPWersja>2017-10-10T00:00:00+02:00</sln:wojIIPWersja><sln:wojIdTeryt>12</sln:wojIdTeryt><sln:wojNazwa>małopolskie</sln:wojNazwa></sln:miejscowosc><sln:miejscowosc><sln:cyklZyciaOd>2014-12-07T00:00:00+01:00</sln:cyklZyciaOd><sln:gmIIPId>a898256c-74f7-4b90-963c-908ee80b3dc4</sln:gmIIPId><sln:gmIIPPn>PL.PZGIK.200</sln:gmIIPPn><sln:gmIIPWersja>2012-09-26T22:14:36+02:00</sln:gmIIPWersja><sln:gmIdTeryt>1219012</sln:gmIdTeryt><sln:gmNazwa>Biskupice</sln:gmNazwa><sln:miejscIIPId>09f0c049-124b-49b0-a243-0c01b3dd3752</sln:miejscIIPId><sln:miejscIIPPn>PL.PZGIK.200</sln:miejscIIPPn><sln:miejscIIPWersja>2016-11-24T13:57:22+02:00</sln:miejscIIPWersja><sln:miejscIdTeryt>0315040</sln:miejscIdTeryt><sln:miejscNazwa>Pod Wolę</sln:miejscNazwa><sln:miejscRodzaj>Inny obiekt</sln:miejscRodzaj><sln:powIIPId>45aa4cc1-64be-4f7b-96b3-b782b62d0baf</sln:powIIPId><sln:powIIPPn>PL.PZGIK.200</sln:powIIPPn><sln:powIIPWersja>2012-09-27T07:52:01+02:00</sln:powIIPWersja><sln:powIdTeryt>1219</sln:powIdTeryt><sln:powNazwa>wielicki</sln:powNazwa><sln:wojIIPId>dd2e3c64-f861-47cf-a3a3-e7751f272b2f</sln:wojIIPId><sln:wojIIPPn>PL.PZGIK.200</sln:wojIIPPn><sln:wojIIPWersja>2017-10-10T00:00:00+02:00</sln:wojIIPWersja><sln:wojIdTeryt>12</sln:wojIdTeryt><sln:wojNazwa>małopolskie</sln:wojNazwa></sln:miejscowosc><sln:miejscowosc><sln:cyklZyciaOd>2014-12-07T00:00:00+01:00</sln:cyklZyciaOd><sln:gmIIPId>a898256c-74f7-4b90-963c-908ee80b3dc4</sln:gmIIPId><sln:gmIIPPn>PL.PZGIK.200</sln:gmIIPPn><sln:gmIIPWersja>2012-09-26T22:14:36+02:00</sln:gmIIPWersja><sln:gmIdTeryt>1219012</sln:gmIdTeryt><sln:gmNazwa>Biskupice</sln:gmNazwa><sln:miejscIIPId>355ac506-6acd-4d27-b2b6-5ce701da2678</sln:miejscIIPId><sln:miejscIIPPn>PL.PZGIK.200</sln:miejscIIPPn><sln:miejscIIPWersja>2016-11-24T13:47:40+02:00</sln:miejscIIPWersja><sln:miejscIdTeryt>0315347</sln:miejscIdTeryt><sln:miejscNazwa>Pod Makową</sln:miejscNazwa><sln:miejscRodzaj>Inny obiekt</sln:miejscRodzaj><sln:powIIPId>45aa4cc1-64be-4f7b-96b3-b782b62d0baf</sln:powIIPId><sln:powIIPPn>PL.PZGIK.200</sln:powIIPPn><sln:powIIPWersja>2012-09-27T07:52:01+02:00</sln:powIIPWersja><sln:powIdTeryt>1219</sln:powIdTeryt><sln:powNazwa>wielicki</sln:powNazwa><sln:wojIIPId>dd2e3c64-f861-47cf-a3a3-e7751f272b2f</sln:wojIIPId><sln:wojIIPPn>PL.PZGIK.200</sln:wojIIPPn><sln:wojIIPWersja>2017-10-10T00:00:00+02:00</sln:wojIIPWersja><sln:wojIdTeryt>12</sln:wojIdTeryt><sln:wojNazwa>małopolskie</sln:wojNazwa></sln:miejscowosc><sln:miejscowosc><sln:cyklZyciaOd>2014-12-07T00:00:00+01:00</sln:cyklZyciaOd><sln:gmIIPId>a898256c-74f7-4b90-963c-908ee80b3dc4</sln:gmIIPId><sln:gmIIPPn>PL.PZGIK.200</sln:gmIIPPn><sln:gmIIPWersja>2012-09-26T22:14:36+02:00</sln:gmIIPWersja><sln:gmIdTeryt>1219012</sln:gmIdTeryt><sln:gmNazwa>Biskupice</sln:gmNazwa><sln:miejscIIPId>b0e3b6e1-4616-468c-ab3b-0ff4acec7395</sln:miejscIIPId><sln:miejscIIPPn>PL.PZGIK.200</sln:miejscIIPPn><sln:miejscIIPWersja>2016-11-24T13:57:22+02:00</sln:miejscIIPWersja><sln:miejscIdTeryt>0315360</sln:miejscIdTeryt><sln:miejscNazwa>Zagaje</sln:miejscNazwa><sln:miejscRodzaj>Inny obiekt</sln:miejscRodzaj><sln:powIIPId>45aa4cc1-64be-4f7b-96b3-b782b62d0baf</sln:powIIPId><sln:powIIPPn>PL.PZGIK.200</sln:powIIPPn><sln:powIIPWersja>2012-09-27T07:52:01+02:00</sln:powIIPWersja><sln:powIdTeryt>1219</sln:powIdTeryt><sln:powNazwa>wielicki</sln:powNazwa><sln:wojIIPId>dd2e3c64-f861-47cf-a3a3-e7751f272b2f</sln:wojIIPId><sln:wojIIPPn>PL.PZGIK.200</sln:wojIIPPn><sln:wojIIPWersja>2017-10-10T00:00:00+02:00</sln:wojIIPWersja><sln:wojIdTeryt>12</sln:wojIdTeryt><sln:wojNazwa>małopolskie</sln:wojNazwa></sln:miejscowosc><sln:miejscowosc><sln:cyklZyciaOd>2014-12-07T00:00:00+01:00</sln:cyklZyciaOd><sln:gmIIPId>a898256c-74f7-4b90-963c-908ee80b3dc4</sln:gmIIPId><sln:gmIIPPn>PL.PZGIK.200</sln:gmIIPPn><sln:gmIIPWersja>2012-09-26T22:14:36+02:00</sln:gmIIPWersja><sln:gmIdTeryt>1219012</sln:gmIdTeryt><sln:gmNazwa>Biskupice</sln:gmNazwa><sln:miejscIIPId>3e089cc4-462e-4297-a833-14f6b8b8d924</sln:miejscIIPId><sln:miejscIIPPn>PL.PZGIK.200</sln:miejscIIPPn><sln:miejscIIPWersja>2016-11-24T13:57:22+02:00</sln:miejscIIPWersja><sln:miejscIdTeryt>0315123</sln:miejscIdTeryt><sln:miejscNazwa>Ignacówka</sln:miejscNazwa><sln:miejscRodzaj>Inny obiekt</sln:miejscRodzaj><sln:powIIPId>45aa4cc1-64be-4f7b-96b3-b782b62d0baf</sln:powIIPId><sln:powIIPPn>PL.PZGIK.200</sln:powIIPPn><sln:powIIPWersja>2012-09-27T07:52:01+02:00</sln:powIIPWersja><sln:powIdTeryt>1219</sln:powIdTeryt><sln:powNazwa>wielicki</sln:powNazwa><sln:wojIIPId>dd2e3c64-f861-47cf-a3a3-e7751f272b2f</sln:wojIIPId><sln:wojIIPPn>PL.PZGIK.200</sln:wojIIPPn><sln:wojIIPWersja>2017-10-10T00:00:00+02:00</sln:wojIIPWersja><sln:wojIdTeryt>12</sln:wojIdTeryt><sln:wojNazwa>małopolskie</sln:wojNazwa></sln:miejscowosc><sln:miejscowosc><sln:cyklZyciaOd>2014-12-07T00:00:00+01:00</sln:cyklZyciaOd><sln:gmIIPId>a898256c-74f7-4b90-963c-908ee80b3dc4</sln:gmIIPId><sln:gmIIPPn>PL.PZGIK.200</sln:gmIIPPn><sln:gmIIPWersja>2012-09-26T22:14:36+02:00</sln:gmIIPWersja><sln:gmIdTeryt>1219012</sln:gmIdTeryt><sln:gmNazwa>Biskupice</sln:gmNazwa><sln:miejscIIPId>75adaad5-3c3b-48e5-bd16-dab3e828fd6b</sln:miejscIIPId><sln:miejscIIPPn>PL.PZGIK.200</sln:miejscIIPPn><sln:miejscIIPWersja>2016-11-24T13:57:22+02:00</sln:miejscIIPWersja><sln:miejscIdTeryt>0315407</sln:miejscIdTeryt><sln:miejscNazwa>Stara Droga</sln:miejscNazwa><sln:miejscRodzaj>Inny obiekt</sln:miejscRodzaj><sln:powIIPId>45aa4cc1-64be-4f7b-96b3-b782b62d0baf</sln:powIIPId><sln:powIIPPn>PL.PZGIK.200</sln:powIIPPn><sln:powIIPWersja>2012-09-27T07:52:01+02:00</sln:powIIPWersja><sln:powIdTeryt>1219</sln:powIdTeryt><sln:powNazwa>wielicki</sln:powNazwa><sln:wojIIPId>dd2e3c64-f861-47cf-a3a3-e7751f272b2f</sln:wojIIPId><sln:wojIIPPn>PL.PZGIK.200</sln:wojIIPPn><sln:wojIIPWersja>2017-10-10T00:00:00+02:00</sln:wojIIPWersja><sln:wojIdTeryt>12</sln:wojIdTeryt><sln:wojNazwa>małopolskie</sln:wojNazwa></sln:miejscowosc><sln:miejscowosc><sln:cyklZyciaOd>2014-12-07T00:00:00+01:00</sln:cyklZyciaOd><sln:gmIIPId>a898256c-74f7-4b90-963c-908ee80b3dc4</sln:gmIIPId><sln:gmIIPPn>PL.PZGIK.200</sln:gmIIPPn><sln:gmIIPWersja>2012-09-26T22:14:36+02:00</sln:gmIIPWersja><sln:gmIdTeryt>1219012</sln:gmIdTeryt><sln:gmNazwa>Biskupice</sln:gmNazwa><sln:miejscIIPId>be3b67aa-c46d-4d65-af2b-45edece42846</sln:miejscIIPId><sln:miejscIIPPn>PL.PZGIK.200</sln:miejscIIPPn><sln:miejscIIPWersja>2016-11-24T13:57:22+02:00</sln:miejscIIPWersja><sln:miejscIdTeryt>0315382</sln:miejscIdTeryt><sln:miejscNazwa>Dół</sln:miejscNazwa><sln:miejscRodzaj>Inny obiekt</sln:miejscRodzaj><sln:powIIPId>45aa4cc1-64be-4f7b-96b3-b782b62d0baf</sln:powIIPId><sln:powIIPPn>PL.PZGIK.200</sln:powIIPPn><sln:powIIPWersja>2012-09-27T07:52:01+02:00</sln:powIIPWersja><sln:powIdTeryt>1219</sln:powIdTeryt><sln:powNazwa>wielicki</sln:powNazwa><sln:wojIIPId>dd2e3c64-f861-47cf-a3a3-e7751f272b2f</sln:wojIIPId><sln:wojIIPPn>PL.PZGIK.200</sln:wojIIPPn><sln:wojIIPWersja>2017-10-10T00:00:00+02:00</sln:wojIIPWersja><sln:wojIdTeryt>12</sln:wojIdTeryt><sln:wojNazwa>małopolskie</sln:wojNazwa></sln:miejscowosc><sln:miejscowosc><sln:cyklZyciaOd>2014-12-07T00:00:00+01:00</sln:cyklZyciaOd><sln:gmIIPId>a898256c-74f7-4b90-963c-908ee80b3dc4</sln:gmIIPId><sln:gmIIPPn>PL.PZGIK.200</sln:gmIIPPn><sln:gmIIPWersja>2012-09-26T22:14:36+02:00</sln:gmIIPWersja><sln:gmIdTeryt>1219012</sln:gmIdTeryt><sln:gmNazwa>Biskupice</sln:gmNazwa><sln:miejscIIPId>947a7808-f226-413e-b313-bb2d7754a9dc</sln:miejscIIPId><sln:miejscIIPPn>PL.PZGIK.200</sln:miejscIIPPn><sln:miejscIIPWersja>2016-11-24T13:50:44+02:00</sln:miejscIIPWersja><sln:miejscIdTeryt>0315519</sln:miejscIdTeryt><sln:miejscNazwa>Surówki</sln:miejscNazwa><sln:miejscRodzaj>Inny obiekt</sln:miejscRodzaj><sln:powIIPId>45aa4cc1-64be-4f7b-96b3-b782b62d0baf</sln:powIIPId><sln:powIIPPn>PL.PZGIK.200</sln:powIIPPn><sln:powIIPWersja>2012-09-27T07:52:01+02:00</sln:powIIPWersja><sln:powIdTeryt>1219</sln:powIdTeryt><sln:powNazwa>wielicki</sln:powNazwa><sln:wojIIPId>dd2e3c64-f861-47cf-a3a3-e7751f272b2f</sln:wojIIPId><sln:wojIIPPn>PL.PZGIK.200</sln:wojIIPPn><sln:wojIIPWersja>2017-10-10T00:00:00+02:00</sln:wojIIPWersja><sln:wojIdTeryt>12</sln:wojIdTeryt><sln:wojNazwa>małopolskie</sln:wojNazwa></sln:miejscowosc><sln:miejscowosc><sln:cyklZyciaOd>2014-12-07T00:00:00+01:00</sln:cyklZyciaOd><sln:gmIIPId>a898256c-74f7-4b90-963c-908ee80b3dc4</sln:gmIIPId><sln:gmIIPPn>PL.PZGIK.200</sln:gmIIPPn><sln:gmIIPWersja>2012-09-26T22:14:36+02:00</sln:gmIIPWersja><sln:gmIdTeryt>1219012</sln:gmIdTeryt><sln:gmNazwa>Biskupice</sln:gmNazwa><sln:miejscIIPId>751b93bf-1ad1-4ce9-92a6-64c08365588a</sln:miejscIIPId><sln:miejscIIPPn>PL.PZGIK.200</sln:miejscIIPPn><sln:miejscIIPWersja>2016-11-24T13:32:25+02:00</sln:miejscIIPWersja><sln:miejscIdTeryt>0315420</sln:miejscIdTeryt><sln:miejscNazwa>Trąbki</sln:miejscNazwa><sln:miejscRodzaj>Wieś</sln:miejscRodzaj><sln:powIIPId>45aa4cc1-64be-4f7b-96b3-b782b62d0baf</sln:powIIPId><sln:powIIPPn>PL.PZGIK.200</sln:powIIPPn><sln:powIIPWersja>2012-09-27T07:52:01+02:00</sln:powIIPWersja><sln:powIdTeryt>1219</sln:powIdTeryt><sln:powNazwa>wielicki</sln:powNazwa><sln:wojIIPId>dd2e3c64-f861-47cf-a3a3-e7751f272b2f</sln:wojIIPId><sln:wojIIPPn>PL.PZGIK.200</sln:wojIIPPn><sln:wojIIPWersja>2017-10-10T00:00:00+02:00</sln:wojIIPWersja><sln:wojIdTeryt>12</sln:wojIdTeryt><sln:wojNazwa>małopolskie</sln:wojNazwa></sln:miejscowosc><sln:miejscowosc><sln:cyklZyciaOd>2014-12-07T00:00:00+01:00</sln:cyklZyciaOd><sln:gmIIPId>a898256c-74f7-4b90-963c-908ee80b3dc4</sln:gmIIPId><sln:gmIIPPn>PL.PZGIK.200</sln:gmIIPPn><sln:gmIIPWersja>2012-09-26T22:14:36+02:00</sln:gmIIPWersja><sln:gmIdTeryt>1219012</sln:gmIdTeryt><sln:gmNazwa>Biskupice</sln:gmNazwa><sln:miejscIIPId>3ab8ff25-bf76-4246-b818-321b1809b267</sln:miejscIIPId><sln:miejscIIPPn>PL.PZGIK.200</sln:miejscIIPPn><sln:miejscIIPWersja>2016-11-24T13:34:02+02:00</sln:miejscIIPWersja><sln:miejscIdTeryt>0315471</sln:miejscIdTeryt><sln:miejscNazwa>Zabłocie</sln:miejscNazwa><sln:miejscRodzaj>Wieś</sln:miejscRodzaj><sln:powIIPId>45aa4cc1-64be-4f7b-96b3-b782b62d0baf</sln:powIIPId><sln:powIIPPn>PL.PZGIK.200</sln:powIIPPn><sln:powIIPWersja>2012-09-27T07:52:01+02:00</sln:powIIPWersja><sln:powIdTeryt>1219</sln:powIdTeryt><sln:powNazwa>wielicki</sln:powNazwa><sln:wojIIPId>dd2e3c64-f861-47cf-a3a3-e7751f272b2f</sln:wojIIPId><sln:wojIIPPn>PL.PZGIK.200</sln:wojIIPPn><sln:wojIIPWersja>2017-10-10T00:00:00+02:00</sln:wojIIPWersja><sln:wojIdTeryt>12</sln:wojIdTeryt><sln:wojNazwa>małopolskie</sln:wojNazwa></sln:miejscowosc><sln:miejscowosc><sln:cyklZyciaOd>2014-12-07T00:00:00+01:00</sln:cyklZyciaOd><sln:gmIIPId>a898256c-74f7-4b90-963c-908ee80b3dc4</sln:gmIIPId><sln:gmIIPPn>PL.PZGIK.200</sln:gmIIPPn><sln:gmIIPWersja>2012-09-26T22:14:36+02:00</sln:gmIIPWersja><sln:gmIdTeryt>1219012</sln:gmIdTeryt><sln:gmNazwa>Biskupice</sln:gmNazwa><sln:miejscIIPId>c4501e52-ef28-41e4-8f01-3c77bfcd6034</sln:miejscIIPId><sln:miejscIIPPn>PL.PZGIK.200</sln:miejscIIPPn><sln:miejscIIPWersja>2016-11-24T13:57:22+02:00</sln:miejscIIPWersja><sln:miejscIdTeryt>0314980</sln:miejscIdTeryt><sln:miejscNazwa>Słomiana</sln:miejscNazwa><sln:miejscRodzaj>Inny obiekt</sln:miejscRodzaj><sln:powIIPId>45aa4cc1-64be-4f7b-96b3-b782b62d0baf</sln:powIIPId><sln:powIIPPn>PL.PZGIK.200</sln:powIIPPn><sln:powIIPWersja>2012-09-27T07:52:01+02:00</sln:powIIPWersja><sln:powIdTeryt>1219</sln:powIdTeryt><sln:powNazwa>wielicki</sln:powNazwa><sln:wojIIPId>dd2e3c64-f861-47cf-a3a3-e7751f272b2f</sln:wojIIPId><sln:wojIIPPn>PL.PZGIK.200</sln:wojIIPPn><sln:wojIIPWersja>2017-10-10T00:00:00+02:00</sln:wojIIPWersja><sln:wojIdTeryt>12</sln:wojIdTeryt><sln:wojNazwa>małopolskie</sln:wojNazwa></sln:miejscowosc><sln:miejscowosc><sln:cyklZyciaOd>2014-12-07T00:00:00+01:00</sln:cyklZyciaOd><sln:gmIIPId>a898256c-74f7-4b90-963c-908ee80b3dc4</sln:gmIIPId><sln:gmIIPPn>PL.PZGIK.200</sln:gmIIPPn><sln:gmIIPWersja>2012-09-26T22:14:36+02:00</sln:gmIIPWersja><sln:gmIdTeryt>1219012</sln:gmIdTeryt><sln:gmNazwa>Biskupice</sln:gmNazwa><sln:miejscIIPId>a2104966-b011-4757-8dc9-0a7e9252fd2c</sln:miejscIIPId><sln:miejscIIPPn>PL.PZGIK.200</sln:miejscIIPPn><sln:miejscIIPWersja>2016-11-24T13:41:43+02:00</sln:miejscIIPWersja><sln:miejscIdTeryt>0314922</sln:miejscIdTeryt><sln:miejscNazwa>Bodzanów</sln:miejscNazwa><sln:miejscRodzaj>Wieś</sln:miejscRodzaj><sln:powIIPId>45aa4cc1-64be-4f7b-96b3-b782b62d0baf</sln:powIIPId><sln:powIIPPn>PL.PZGIK.200</sln:powIIPPn><sln:powIIPWersja>2012-09-27T07:52:01+02:00</sln:powIIPWersja><sln:powIdTeryt>1219</sln:powIdTeryt><sln:powNazwa>wielicki</sln:powNazwa><sln:wojIIPId>dd2e3c64-f861-47cf-a3a3-e7751f272b2f</sln:wojIIPId><sln:wojIIPPn>PL.PZGIK.200</sln:wojIIPPn><sln:wojIIPWersja>2017-10-10T00:00:00+02:00</sln:wojIIPWersja><sln:wojIdTeryt>12</sln:wojIdTeryt><sln:wojNazwa>małopolskie</sln:wojNazwa></sln:miejscowosc><sln:miejscowosc><sln:cyklZyciaOd>2014-12-07T00:00:00+01:00</sln:cyklZyciaOd><sln:gmIIPId>a898256c-74f7-4b90-963c-908ee80b3dc4</sln:gmIIPId><sln:gmIIPPn>PL.PZGIK.200</sln:gmIIPPn><sln:gmIIPWersja>2012-09-26T22:14:36+02:00</sln:gmIIPWersja><sln:gmIdTeryt>1219012</sln:gmIdTeryt><sln:gmNazwa>Biskupice</sln:gmNazwa><sln:miejscIIPId>48a68834-e4cc-41f9-9c34-deb32a1cac84</sln:miejscIIPId><sln:miejscIIPPn>PL.PZGIK.200</sln:miejscIIPPn><sln:miejscIIPWersja>2016-11-24T13:57:22+02:00</sln:miejscIIPWersja><sln:miejscIdTeryt>0315034</sln:miejscIdTeryt><sln:miejscNazwa>Pod Lasem</sln:miejscNazwa><sln:miejscRodzaj>Inny obiekt</sln:miejscRodzaj><sln:powIIPId>45aa4cc1-64be-4f7b-96b3-b782b62d0baf</sln:powIIPId><sln:powIIPPn>PL.PZGIK.200</sln:powIIPPn><sln:powIIPWersja>2012-09-27T07:52:01+02:00</sln:powIIPWersja><sln:powIdTeryt>1219</sln:powIdTeryt><sln:powNazwa>wielicki</sln:powNazwa><sln:wojIIPId>dd2e3c64-f861-47cf-a3a3-e7751f272b2f</sln:wojIIPId><sln:wojIIPPn>PL.PZGIK.200</sln:wojIIPPn><sln:wojIIPWersja>2017-10-10T00:00:00+02:00</sln:wojIIPWersja><sln:wojIdTeryt>12</sln:wojIdTeryt><sln:wojNazwa>małopolskie</sln:wojNazwa></sln:miejscowosc><sln:miejscowosc><sln:cyklZyciaOd>2014-12-07T00:00:00+01:00</sln:cyklZyciaOd><sln:gmIIPId>a898256c-74f7-4b90-963c-908ee80b3dc4</sln:gmIIPId><sln:gmIIPPn>PL.PZGIK.200</sln:gmIIPPn><sln:gmIIPWersja>2012-09-26T22:14:36+02:00</sln:gmIIPWersja><sln:gmIdTeryt>1219012</sln:gmIdTeryt><sln:gmNazwa>Biskupice</sln:gmNazwa><sln:miejscIIPId>6e96e0d4-0c32-4ab5-877c-6df32d2ffd84</sln:miejscIIPId><sln:miejscIIPPn>PL.PZGIK.200</sln:miejscIIPPn><sln:miejscIIPWersja>2016-11-24T13:57:22+02:00</sln:miejscIIPWersja><sln:miejscIdTeryt>0315488</sln:miejscIdTeryt><sln:miejscNazwa>Dół</sln:miejscNazwa><sln:miejscRodzaj>Inny obiekt</sln:miejscRodzaj><sln:powIIPId>45aa4cc1-64be-4f7b-96b3-b782b62d0baf</sln:powIIPId><sln:powIIPPn>PL.PZGIK.200</sln:powIIPPn><sln:powIIPWersja>2012-09-27T07:52:01+02:00</sln:powIIPWersja><sln:powIdTeryt>1219</sln:powIdTeryt><sln:powNazwa>wielicki</sln:powNazwa><sln:wojIIPId>dd2e3c64-f861-47cf-a3a3-e7751f272b2f</sln:wojIIPId><sln:wojIIPPn>PL.PZGIK.200</sln:wojIIPPn><sln:wojIIPWersja>2017-10-10T00:00:00+02:00</sln:wojIIPWersja><sln:wojIdTeryt>12</sln:wojIdTeryt><sln:wojNazwa>małopolskie</sln:wojNazwa></sln:miejscowosc><sln:miejscowosc><sln:cyklZyciaOd>2014-12-07T00:00:00+01:00</sln:cyklZyciaOd><sln:gmIIPId>a898256c-74f7-4b90-963c-908ee80b3dc4</sln:gmIIPId><sln:gmIIPPn>PL.PZGIK.200</sln:gmIIPPn><sln:gmIIPWersja>2012-09-26T22:14:36+02:00</sln:gmIIPWersja><sln:gmIdTeryt>1219012</sln:gmIdTeryt><sln:gmNazwa>Biskupice</sln:gmNazwa><sln:miejscIIPId>ec00ffff-1478-4c3a-9f2a-7f9d2ebf0d02</sln:miejscIIPId><sln:miejscIIPPn>PL.PZGIK.200</sln:miejscIIPPn><sln:miejscIIPWersja>2016-11-24T13:57:22+02:00</sln:miejscIIPWersja><sln:miejscIdTeryt>0315399</sln:miejscIdTeryt><sln:miejscNazwa>Góra</sln:miejscNazwa><sln:miejscRodzaj>Inny obiekt</sln:miejscRodzaj><sln:powIIPId>45aa4cc1-64be-4f7b-96b3-b782b62d0baf</sln:powIIPId><sln:powIIPPn>PL.PZGIK.200</sln:powIIPPn><sln:powIIPWersja>2012-09-27T07:52:01+02:00</sln:powIIPWersja><sln:powIdTeryt>1219</sln:powIdTeryt><sln:powNazwa>wielicki</sln:powNazwa><sln:wojIIPId>dd2e3c64-f861-47cf-a3a3-e7751f272b2f</sln:wojIIPId><sln:wojIIPPn>PL.PZGIK.200</sln:wojIIPPn><sln:wojIIPWersja>2017-10-10T00:00:00+02:00</sln:wojIIPWersja><sln:wojIdTeryt>12</sln:wojIdTeryt><sln:wojNazwa>małopolskie</sln:wojNazwa></sln:miejscowosc><sln:miejscowosc><sln:cyklZyciaOd>2014-12-07T00:00:00+01:00</sln:cyklZyciaOd><sln:gmIIPId>a898256c-74f7-4b90-963c-908ee80b3dc4</sln:gmIIPId><sln:gmIIPPn>PL.PZGIK.200</sln:gmIIPPn><sln:gmIIPWersja>2012-09-26T22:14:36+02:00</sln:gmIIPWersja><sln:gmIdTeryt>1219012</sln:gmIdTeryt><sln:gmNazwa>Biskupice</sln:gmNazwa><sln:miejscIIPId>03c7a6c2-4968-4953-b15b-9357dede514c</sln:miejscIIPId><sln:miejscIIPPn>PL.PZGIK.200</sln:miejscIIPPn><sln:miejscIIPWersja>2016-11-24T13:57:22+02:00</sln:miejscIIPWersja><sln:miejscIdTeryt>0315011</sln:miejscIdTeryt><sln:miejscNazwa>Kępie</sln:miejscNazwa><sln:miejscRodzaj>Inny obiekt</sln:miejscRodzaj><sln:powIIPId>45aa4cc1-64be-4f7b-96b3-b782b62d0baf</sln:powIIPId><sln:powIIPPn>PL.PZGIK.200</sln:powIIPPn><sln:powIIPWersja>2012-09-27T07:52:01+02:00</sln:powIIPWersja><sln:powIdTeryt>1219</sln:powIdTeryt><sln:powNazwa>wielicki</sln:powNazwa><sln:wojIIPId>dd2e3c64-f861-47cf-a3a3-e7751f272b2f</sln:wojIIPId><sln:wojIIPPn>PL.PZGIK.200</sln:wojIIPPn><sln:wojIIPWersja>2017-10-10T00:00:00+02:00</sln:wojIIPWersja><sln:wojIdTeryt>12</sln:wojIdTeryt><sln:wojNazwa>małopolskie</sln:wojNazwa></sln:miejscowosc><sln:miejscowosc><sln:cyklZyciaOd>2014-12-07T00:00:00+01:00</sln:cyklZyciaOd><sln:gmIIPId>a898256c-74f7-4b90-963c-908ee80b3dc4</sln:gmIIPId><sln:gmIIPPn>PL.PZGIK.200</sln:gmIIPPn><sln:gmIIPWersja>2012-09-26T22:14:36+02:00</sln:gmIIPWersja><sln:gmIdTeryt>1219012</sln:gmIdTeryt><sln:gmNazwa>Biskupice</sln:gmNazwa><sln:miejscIIPId>389d7225-67a0-484f-b5ee-d8663d77b0fd</sln:miejscIIPId><sln:miejscIIPPn>PL.PZGIK.200</sln:miejscIIPPn><sln:miejscIIPWersja>2016-11-24T13:57:22+02:00</sln:miejscIIPWersja><sln:miejscIdTeryt>0315063</sln:miejscIdTeryt><sln:miejscNazwa>Surówki</sln:miejscNazwa><sln:miejscRodzaj>Inny obiekt</sln:miejscRodzaj><sln:powIIPId>45aa4cc1-64be-4f7b-96b3-b782b62d0baf</sln:powIIPId><sln:powIIPPn>PL.PZGIK.200</sln:powIIPPn><sln:powIIPWersja>2012-09-27T07:52:01+02:00</sln:powIIPWersja><sln:powIdTeryt>1219</sln:powIdTeryt><sln:powNazwa>wielicki</sln:powNazwa><sln:wojIIPId>dd2e3c64-f861-47cf-a3a3-e7751f272b2f</sln:wojIIPId><sln:wojIIPPn>PL.PZGIK.200</sln:wojIIPPn><sln:wojIIPWersja>2017-10-10T00:00:00+02:00</sln:wojIIPWersja><sln:wojIdTeryt>12</sln:wojIdTeryt><sln:wojNazwa>małopolskie</sln:wojNazwa></sln:miejscowosc><sln:miejscowosc><sln:cyklZyciaOd>2014-12-07T00:00:00+01:00</sln:cyklZyciaOd><sln:gmIIPId>a898256c-74f7-4b90-963c-908ee80b3dc4</sln:gmIIPId><sln:gmIIPPn>PL.PZGIK.200</sln:gmIIPPn><sln:gmIIPWersja>2012-09-26T22:14:36+02:00</sln:gmIIPWersja><sln:gmIdTeryt>1219012</sln:gmIdTeryt><sln:gmNazwa>Biskupice</sln:gmNazwa><sln:miejscIIPId>93d6e301-722b-43e4-a423-c45ff7b7455c</sln:miejscIIPId><sln:miejscIIPPn>PL.PZGIK.200</sln:miejscIIPPn><sln:miejscIIPWersja>2016-11-24T13:57:22+02:00</sln:miejscIIPWersja><sln:miejscIdTeryt>0315531</sln:miejscIdTeryt><sln:miejscNazwa>Za Rzeką</sln:miejscNazwa><sln:miejscRodzaj>Inny obiekt</sln:miejscRodzaj><sln:powIIPId>45aa4cc1-64be-4f7b-96b3-b782b62d0baf</sln:powIIPId><sln:powIIPPn>PL.PZGIK.200</sln:powIIPPn><sln:powIIPWersja>2012-09-27T07:52:01+02:00</sln:powIIPWersja><sln:powIdTeryt>1219</sln:powIdTeryt><sln:powNazwa>wielicki</sln:powNazwa><sln:wojIIPId>dd2e3c64-f861-47cf-a3a3-e7751f272b2f</sln:wojIIPId><sln:wojIIPPn>PL.PZGIK.200</sln:wojIIPPn><sln:wojIIPWersja>2017-10-10T00:00:00+02:00</sln:wojIIPWersja><sln:wojIdTeryt>12</sln:wojIdTeryt><sln:wojNazwa>małopolskie</sln:wojNazwa></sln:miejscowosc><sln:miejscowosc><sln:cyklZyciaOd>2014-12-07T00:00:00+01:00</sln:cyklZyciaOd><sln:gmIIPId>a898256c-74f7-4b90-963c-908ee80b3dc4</sln:gmIIPId><sln:gmIIPPn>PL.PZGIK.200</sln:gmIIPPn><sln:gmIIPWersja>2012-09-26T22:14:36+02:00</sln:gmIIPWersja><sln:gmIdTeryt>1219012</sln:gmIdTeryt><sln:gmNazwa>Biskupice</sln:gmNazwa><sln:miejscIIPId>b489a24f-06fb-4709-bf88-d2a3fc453935</sln:miejscIIPId><sln:miejscIIPPn>PL.PZGIK.200</sln:miejscIIPPn><sln:miejscIIPWersja>2016-11-24T13:57:22+02:00</sln:miejscIIPWersja><sln:miejscIdTeryt>0315301</sln:miejscIdTeryt><sln:miejscNazwa>Zwały</sln:miejscNazwa><sln:miejscRodzaj>Inny obiekt</sln:miejscRodzaj><sln:powIIPId>45aa4cc1-64be-4f7b-96b3-b782b62d0baf</sln:powIIPId><sln:powIIPPn>PL.PZGIK.200</sln:powIIPPn><sln:powIIPWersja>2012-09-27T07:52:01+02:00</sln:powIIPWersja><sln:powIdTeryt>1219</sln:powIdTeryt><sln:powNazwa>wielicki</sln:powNazwa><sln:wojIIPId>dd2e3c64-f861-47cf-a3a3-e7751f272b2f</sln:wojIIPId><sln:wojIIPPn>PL.PZGIK.200</sln:wojIIPPn><sln:wojIIPWersja>2017-10-10T00:00:00+02:00</sln:wojIIPWersja><sln:wojIdTeryt>12</sln:wojIdTeryt><sln:wojNazwa>małopolskie</sln:wojNazwa></sln:miejscowosc><sln:miejscowosc><sln:cyklZyciaOd>2014-12-07T00:00:00+01:00</sln:cyklZyciaOd><sln:gmIIPId>a898256c-74f7-4b90-963c-908ee80b3dc4</sln:gmIIPId><sln:gmIIPPn>PL.PZGIK.200</sln:gmIIPPn><sln:gmIIPWersja>2012-09-26T22:14:36+02:00</sln:gmIIPWersja><sln:gmIdTeryt>1219012</sln:gmIdTeryt><sln:gmNazwa>Biskupice</sln:gmNazwa><sln:miejscIIPId>b114ab02-444f-4889-b976-8613b2fb7f3f</sln:miejscIIPId><sln:miejscIIPPn>PL.PZGIK.200</sln:miejscIIPPn><sln:miejscIIPWersja>2016-11-24T13:57:22+02:00</sln:miejscIIPWersja><sln:miejscIdTeryt>0315152</sln:miejscIdTeryt><sln:miejscNazwa>Żelazna</sln:miejscNazwa><sln:miejscRodzaj>Inny obiekt</sln:miejscRodzaj><sln:powIIPId>45aa4cc1-64be-4f7b-96b3-b782b62d0baf</sln:powIIPId><sln:powIIPPn>PL.PZGIK.200</sln:powIIPPn><sln:powIIPWersja>2012-09-27T07:52:01+02:00</sln:powIIPWersja><sln:powIdTeryt>1219</sln:powIdTeryt><sln:powNazwa>wielicki</sln:powNazwa><sln:wojIIPId>dd2e3c64-f861-47cf-a3a3-e7751f272b2f</sln:wojIIPId><sln:wojIIPPn>PL.PZGIK.200</sln:wojIIPPn><sln:wojIIPWersja>2017-10-10T00:00:00+02:00</sln:wojIIPWersja><sln:wojIdTeryt>12</sln:wojIdTeryt><sln:wojNazwa>małopolskie</sln:wojNazwa></sln:miejscowosc><sln:miejscowosc><sln:cyklZyciaOd>2014-12-07T00:00:00+01:00</sln:cyklZyciaOd><sln:gmIIPId>a898256c-74f7-4b90-963c-908ee80b3dc4</sln:gmIIPId><sln:gmIIPPn>PL.PZGIK.200</sln:gmIIPPn><sln:gmIIPWersja>2012-09-26T22:14:36+02:00</sln:gmIIPWersja><sln:gmIdTeryt>1219012</sln:gmIdTeryt><sln:gmNazwa>Biskupice</sln:gmNazwa><sln:miejscIIPId>c9cd814d-a5bc-4ad3-a52d-f53642b58115</sln:miejscIIPId><sln:miejscIIPPn>PL.PZGIK.200</sln:miejscIIPPn><sln:miejscIIPWersja>2016-11-24T13:57:22+02:00</sln:miejscIIPWersja><sln:miejscIdTeryt>0315413</sln:miejscIdTeryt><sln:miejscNazwa>Za Rzeką</sln:miejscNazwa><sln:miejscRodzaj>Inny obiekt</sln:miejscRodzaj><sln:powIIPId>45aa4cc1-64be-4f7b-96b3-b782b62d0baf</sln:powIIPId><sln:powIIPPn>PL.PZGIK.200</sln:powIIPPn><sln:powIIPWersja>2012-09-27T07:52:01+02:00</sln:powIIPWersja><sln:powIdTeryt>1219</sln:powIdTeryt><sln:powNazwa>wielicki</sln:powNazwa><sln:wojIIPId>dd2e3c64-f861-47cf-a3a3-e7751f272b2f</sln:wojIIPId><sln:wojIIPPn>PL.PZGIK.200</sln:wojIIPPn><sln:wojIIPWersja>2017-10-10T00:00:00+02:00</sln:wojIIPWersja><sln:wojIdTeryt>12</sln:wojIdTeryt><sln:wojNazwa>małopolskie</sln:wojNazwa></sln:miejscowosc><sln:miejscowosc><sln:cyklZyciaOd>2014-12-07T00:00:00+01:00</sln:cyklZyciaOd><sln:gmIIPId>a898256c-74f7-4b90-963c-908ee80b3dc4</sln:gmIIPId><sln:gmIIPPn>PL.PZGIK.200</sln:gmIIPPn><sln:gmIIPWersja>2012-09-26T22:14:36+02:00</sln:gmIIPWersja><sln:gmIdTeryt>1219012</sln:gmIdTeryt><sln:gmNazwa>Biskupice</sln:gmNazwa><sln:miejscIIPId>ef892847-f70b-4b77-829d-47febce25855</sln:miejscIIPId><sln:miejscIIPPn>PL.PZGIK.200</sln:miejscIIPPn><sln:miejscIIPWersja>2016-11-24T13:57:22+02:00</sln:miejscIIPWersja><sln:miejscIdTeryt>0314900</sln:miejscIdTeryt><sln:miejscNazwa>Rymarówka</sln:miejscNazwa><sln:miejscRodzaj>Inny obiekt</sln:miejscRodzaj><sln:powIIPId>45aa4cc1-64be-4f7b-96b3-b782b62d0baf</sln:powIIPId><sln:powIIPPn>PL.PZGIK.200</sln:powIIPPn><sln:powIIPWersja>2012-09-27T07:52:01+02:00</sln:powIIPWersja><sln:powIdTeryt>1219</sln:powIdTeryt><sln:powNazwa>wielicki</sln:powNazwa><sln:wojIIPId>dd2e3c64-f861-47cf-a3a3-e7751f272b2f</sln:wojIIPId><sln:wojIIPPn>PL.PZGIK.200</sln:wojIIPPn><sln:wojIIPWersja>2017-10-10T00:00:00+02:00</sln:wojIIPWersja><sln:wojIdTeryt>12</sln:wojIdTeryt><sln:wojNazwa>małopolskie</sln:wojNazwa></sln:miejscowosc><sln:miejscowosc><sln:cyklZyciaOd>2014-12-07T00:00:00+01:00</sln:cyklZyciaOd><sln:gmIIPId>a898256c-74f7-4b90-963c-908ee80b3dc4</sln:gmIIPId><sln:gmIIPPn>PL.PZGIK.200</sln:gmIIPPn><sln:gmIIPWersja>2012-09-26T22:14:36+02:00</sln:gmIIPWersja><sln:gmIdTeryt>1219012</sln:gmIdTeryt><sln:gmNazwa>Biskupice</sln:gmNazwa><sln:miejscIIPId>fb60a019-48a1-40ee-b09d-5ec1e87526b5</sln:miejscIIPId><sln:miejscIIPPn>PL.PZGIK.200</sln:miejscIIPPn><sln:miejscIIPWersja>2016-11-24T13:57:22+02:00</sln:miejscIIPWersja><sln:miejscIdTeryt>0315146</sln:miejscIdTeryt><sln:miejscNazwa>Ścieżki</sln:miejscNazwa><sln:miejscRodzaj>Inny obiekt</sln:miejscRodzaj><sln:powIIPId>45aa4cc1-64be-4f7b-96b3-b782b62d0baf</sln:powIIPId><sln:powIIPPn>PL.PZGIK.200</sln:powIIPPn><sln:powIIPWersja>2012-09-27T07:52:01+02:00</sln:powIIPWersja><sln:powIdTeryt>1219</sln:powIdTeryt><sln:powNazwa>wielicki</sln:powNazwa><sln:wojIIPId>dd2e3c64-f861-47cf-a3a3-e7751f272b2f</sln:wojIIPId><sln:wojIIPPn>PL.PZGIK.200</sln:wojIIPPn><sln:wojIIPWersja>2017-10-10T00:00:00+02:00</sln:wojIIPWersja><sln:wojIdTeryt>12</sln:wojIdTeryt><sln:wojNazwa>małopolskie</sln:wojNazwa></sln:miejscowosc><sln:miejscowosc><sln:cyklZyciaOd>2014-12-07T00:00:00+01:00</sln:cyklZyciaOd><sln:gmIIPId>a898256c-74f7-4b90-963c-908ee80b3dc4</sln:gmIIPId><sln:gmIIPPn>PL.PZGIK.200</sln:gmIIPPn><sln:gmIIPWersja>2012-09-26T22:14:36+02:00</sln:gmIIPWersja><sln:gmIdTeryt>1219012</sln:gmIdTeryt><sln:gmNazwa>Biskupice</sln:gmNazwa><sln:miejscIIPId>a5ee4bf0-21dc-4702-8cd1-e2dd22c513f9</sln:miejscIIPId><sln:miejscIIPPn>PL.PZGIK.200</sln:miejscIIPPn><sln:miejscIIPWersja>2016-11-24T13:57:22+02:00</sln:miejscIIPWersja><sln:miejscIdTeryt>0315258</sln:miejscIdTeryt><sln:miejscNazwa>Dukla</sln:miejscNazwa><sln:miejscRodzaj>Inny obiekt</sln:miejscRodzaj><sln:powIIPId>45aa4cc1-64be-4f7b-96b3-b782b62d0baf</sln:powIIPId><sln:powIIPPn>PL.PZGIK.200</sln:powIIPPn><sln:powIIPWersja>2012-09-27T07:52:01+02:00</sln:powIIPWersja><sln:powIdTeryt>1219</sln:powIdTeryt><sln:powNazwa>wielicki</sln:powNazwa><sln:wojIIPId>dd2e3c64-f861-47cf-a3a3-e7751f272b2f</sln:wojIIPId><sln:wojIIPPn>PL.PZGIK.200</sln:wojIIPPn><sln:wojIIPWersja>2017-10-10T00:00:00+02:00</sln:wojIIPWersja><sln:wojIdTeryt>12</sln:wojIdTeryt><sln:wojNazwa>małopolskie</sln:wojNazwa></sln:miejscowosc><sln:miejscowosc><sln:cyklZyciaOd>2014-12-07T00:00:00+01:00</sln:cyklZyciaOd><sln:gmIIPId>a898256c-74f7-4b90-963c-908ee80b3dc4</sln:gmIIPId><sln:gmIIPPn>PL.PZGIK.200</sln:gmIIPPn><sln:gmIIPWersja>2012-09-26T22:14:36+02:00</sln:gmIIPWersja><sln:gmIdTeryt>1219012</sln:gmIdTeryt><sln:gmNazwa>Biskupice</sln:gmNazwa><sln:miejscIIPId>7c5e4160-6585-495c-9f8c-6fcb52ef11ee</sln:miejscIIPId><sln:miejscIIPPn>PL.PZGIK.200</sln:miejscIIPPn><sln:miejscIIPWersja>2016-11-24T13:57:22+02:00</sln:miejscIIPWersja><sln:miejscIdTeryt>0315525</sln:miejscIdTeryt><sln:miejscNazwa>Wyczesana</sln:miejscNazwa><sln:miejscRodzaj>Inny obiekt</sln:miejscRodzaj><sln:powIIPId>45aa4cc1-64be-4f7b-96b3-b782b62d0baf</sln:powIIPId><sln:powIIPPn>PL.PZGIK.200</sln:powIIPPn><sln:powIIPWersja>2012-09-27T07:52:01+02:00</sln:powIIPWersja><sln:powIdTeryt>1219</sln:powIdTeryt><sln:powNazwa>wielicki</sln:powNazwa><sln:wojIIPId>dd2e3c64-f861-47cf-a3a3-e7751f272b2f</sln:wojIIPId><sln:wojIIPPn>PL.PZGIK.200</sln:wojIIPPn><sln:wojIIPWersja>2017-10-10T00:00:00+02:00</sln:wojIIPWersja><sln:wojIdTeryt>12</sln:wojIdTeryt><sln:wojNazwa>małopolskie</sln:wojNazwa></sln:miejscowosc><sln:miejscowosc><sln:cyklZyciaOd>2014-12-07T00:00:00+01:00</sln:cyklZyciaOd><sln:gmIIPId>a898256c-74f7-4b90-963c-908ee80b3dc4</sln:gmIIPId><sln:gmIIPPn>PL.PZGIK.200</sln:gmIIPPn><sln:gmIIPWersja>2012-09-26T22:14:36+02:00</sln:gmIIPWersja><sln:gmIdTeryt>1219012</sln:gmIdTeryt><sln:gmNazwa>Biskupice</sln:gmNazwa><sln:miejscIIPId>78fffc90-fac4-4c4f-b68d-45c74e3c6d78</sln:miejscIIPId><sln:miejscIIPPn>PL.PZGIK.200</sln:miejscIIPPn><sln:miejscIIPWersja>2016-11-24T13:57:22+02:00</sln:miejscIIPWersja><sln:miejscIdTeryt>0315264</sln:miejscIdTeryt><sln:miejscNazwa>Kalinów</sln:miejscNazwa><sln:miejscRodzaj>Inny obiekt</sln:miejscRodzaj><sln:powIIPId>45aa4cc1-64be-4f7b-96b3-b782b62d0baf</sln:powIIPId><sln:powIIPPn>PL.PZGIK.200</sln:powIIPPn><sln:powIIPWersja>2012-09-27T07:52:01+02:00</sln:powIIPWersja><sln:powIdTeryt>1219</sln:powIdTeryt><sln:powNazwa>wielicki</sln:powNazwa><sln:wojIIPId>dd2e3c64-f861-47cf-a3a3-e7751f272b2f</sln:wojIIPId><sln:wojIIPPn>PL.PZGIK.200</sln:wojIIPPn><sln:wojIIPWersja>2017-10-10T00:00:00+02:00</sln:wojIIPWersja><sln:wojIdTeryt>12</sln:wojIdTeryt><sln:wojNazwa>małopolskie</sln:wojNazwa></sln:miejscowosc></sln:lista-miejscowosci>