<?xml version="1.0" encoding="UTF-8" standalone="yes"?><sln:lista-miejscowosci xmlns:srv="http://gugik.gov.pl/schemas/slowniki-service/1.0" xmlns:sln="http://gugik.gov.pl/schemas/slowniki-schema/1.0"><sln:miejscowosc><sln:cyklZyciaOd>2014-12-10T00:00:00+01:00</sln:cyklZyciaOd><sln:gmIIPId>d4aeac5b-11cd-4516-b951-fecaec684dcf</sln:gmIIPId><sln:gmIIPPn>PL.PZGIK.200</sln:gmIIPPn><sln:gmIIPWersja>2012-09-26T22:08:55+02:00</sln:gmIIPWersja><sln:gmIdTeryt>1204023</sln:gmIdTeryt><sln:gmNazwa>Dąbrowa Tarnowska</sln:gmNazwa><sln:miejscIIPId>fdc7b9eb-c776-4e2e-8f7a-e28e5f9a9e01</sln:miejscIIPId><sln:miejscIIPPn>PL.PZGIK.200</sln:miejscIIPPn><sln:miejscIIPWersja>2016-11-24T13:36:06+02:00</sln:miejscIIPWersja><sln:miejscIdTeryt>0982167</sln:miejscIdTeryt><sln:miejscNazwa>Dąbrowa Tarnowska</sln:miejscNazwa><sln:miejscRodzaj>Miasto</sln:miejscRodzaj><sln:powIIPId>2f8e6930-0088-406e-b684-cebb73fc5bd9</sln:powIIPId><sln:powIIPPn>PL.PZGIK.200</sln:powIIPPn><sln:powIIPWersja>2012-09-27T07:52:00+02:00</sln:powIIPWersja><sln:powIdTeryt>1204</sln:powIdTeryt><sln:powNazwa>dąbrowski</sln:powNazwa><sln:wojIIPId>dd2e3c64-f861-47cf-a3a3-e7751f272b2f</sln:wojIIPId><sln:wojIIPPn>PL.PZGIK.200</sln:wojIIPPn><sln:wojIIPWersja>2017-10-10T00:00:00+02:00</sln:wojIIPWersja><sln:wojIdTeryt>12</sln:wojIdTeryt><sln:wojNazwa>małopolskie</sln:wojNazwa></sln:miejscowosc><sln:miejscowosc><sln:cyklZyciaOd>2014-12-10T00:00:00+01:00</sln:cyklZyciaOd><sln:gmIIPId>d4aeac5b-11cd-4516-b951-fecaec684dcf</sln:gmIIPId><sln:gmIIPPn>PL.PZGIK.200</sln:gmIIPPn><sln:gmIIPWersja>2012-09-26T22:08:55+02:00</sln:gmIIPWersja><sln:gmIdTeryt>1204023</sln:gmIdTeryt><sln:gmNazwa>Dąbrowa Tarnowska</sln:gmNazwa><sln:miejscIIPId>e43d11d5-7759-4379-ab84-5e9e3f56940e</sln:miejscIIPId><sln:miejscIIPPn>PL.PZGIK.200</sln:miejscIIPPn><sln:miejscIIPWersja>2016-11-24T13:51:20+02:00</sln:miejscIIPWersja><sln:miejscIdTeryt>0817876</sln:miejscIdTeryt><sln:miejscNazwa>Polany</sln:miejscNazwa><sln:miejscRodzaj>Inny obiekt</sln:miejscRodzaj><sln:powIIPId>2f8e6930-0088-406e-b684-cebb73fc5bd9</sln:powIIPId><sln:powIIPPn>PL.PZGIK.200</sln:powIIPPn><sln:powIIPWersja>2012-09-27T07:52:00+02:00</sln:powIIPWersja><sln:powIdTeryt>1204</sln:powIdTeryt><sln:powNazwa>dąbrowski</sln:powNazwa><sln:wojIIPId>dd2e3c64-f861-47cf-a3a3-e7751f272b2f</sln:wojIIPId><sln:wojIIPPn>PL.PZGIK.200</sln:wojIIPPn><sln:wojIIPWersja>2017-10-10T00:00:00+02:00</sln:wojIIPWersja><sln:wojIdTeryt>12</sln:wojIdTeryt><sln:wojNazwa>małopolskie</sln:wojNazwa></sln:miejscowosc><sln:miejscowosc><sln:cyklZyciaOd>2014-12-10T00:00:00+01:00</sln:cyklZyciaOd><sln:gmIIPId>d4aeac5b-11cd-4516-b951-fecaec684dcf</sln:gmIIPId><sln:gmIIPPn>PL.PZGIK.200</sln:gmIIPPn><sln:gmIIPWersja>2012-09-26T22:08:55+02:00</sln:gmIIPWersja><sln:gmIdTeryt>1204023</sln:gmIdTeryt><sln:gmNazwa>Dąbrowa Tarnowska</sln:gmNazwa><sln:miejscIIPId>b6241e7c-1c85-434a-8db3-ee6d916fb5a0</sln:miejscIIPId><sln:miejscIIPPn>PL.PZGIK.200</sln:miejscIIPPn><sln:miejscIIPWersja>2016-11-24T13:42:42+02:00</sln:miejscIIPWersja><sln:miejscIdTeryt>0837940</sln:miejscIdTeryt><sln:miejscNazwa>Morzychna</sln:miejscNazwa><sln:miejscRodzaj>Wieś</sln:miejscRodzaj><sln:powIIPId>2f8e6930-0088-406e-b684-cebb73fc5bd9</sln:powIIPId><sln:powIIPPn>PL.PZGIK.200</sln:powIIPPn><sln:powIIPWersja>2012-09-27T07:52:00+02:00</sln:powIIPWersja><sln:powIdTeryt>1204</sln:powIdTeryt><sln:powNazwa>dąbrowski</sln:powNazwa><sln:wojIIPId>dd2e3c64-f861-47cf-a3a3-e7751f272b2f</sln:wojIIPId><sln:wojIIPPn>PL.PZGIK.200</sln:wojIIPPn><sln:wojIIPWersja>2017-10-10T00:00:00+02:00</sln:wojIIPWersja><sln:wojIdTeryt>12</sln:wojIdTeryt><sln:wojNazwa>małopolskie</sln:wojNazwa></sln:miejscowosc><sln:miejscowosc><sln:cyklZyciaOd>2014-12-10T00:00:00+01:00</sln:cyklZyciaOd><sln:gmIIPId>d4aeac5b-11cd-4516-b951-fecaec684dcf</sln:gmIIPId><sln:gmIIPPn>PL.PZGIK.200</sln:gmIIPPn><sln:gmIIPWersja>2012-09-26T22:08:55+02:00</sln:gmIIPWersja><sln:gmIdTeryt>1204023</sln:gmIdTeryt><sln:gmNazwa>Dąbrowa Tarnowska</sln:gmNazwa><sln:miejscIIPId>89d6f6f5-b638-40f9-9f3f-4f7d2b9349d4</sln:miejscIIPId><sln:miejscIIPPn>PL.PZGIK.200</sln:miejscIIPPn><sln:miejscIIPWersja>2016-11-24T13:58:24+02:00</sln:miejscIIPWersja><sln:miejscIdTeryt>0817681</sln:miejscIdTeryt><sln:miejscNazwa>Podkaczówka</sln:miejscNazwa><sln:miejscRodzaj>Osada</sln:miejscRodzaj><sln:powIIPId>2f8e6930-0088-406e-b684-cebb73fc5bd9</sln:powIIPId><sln:powIIPPn>PL.PZGIK.200</sln:powIIPPn><sln:powIIPWersja>2012-09-27T07:52:00+02:00</sln:powIIPWersja><sln:powIdTeryt>1204</sln:powIdTeryt><sln:powNazwa>dąbrowski</sln:powNazwa><sln:wojIIPId>dd2e3c64-f861-47cf-a3a3-e7751f272b2f</sln:wojIIPId><sln:wojIIPPn>PL.PZGIK.200</sln:wojIIPPn><sln:wojIIPWersja>2017-10-10T00:00:00+02:00</sln:wojIIPWersja><sln:wojIdTeryt>12</sln:wojIdTeryt><sln:wojNazwa>małopolskie</sln:wojNazwa></sln:miejscowosc><sln:miejscowosc><sln:cyklZyciaOd>2014-12-10T00:00:00+01:00</sln:cyklZyciaOd><sln:gmIIPId>d4aeac5b-11cd-4516-b951-fecaec684dcf</sln:gmIIPId><sln:gmIIPPn>PL.PZGIK.200</sln:gmIIPPn><sln:gmIIPWersja>2012-09-26T22:08:55+02:00</sln:gmIIPWersja><sln:gmIdTeryt>1204023</sln:gmIdTeryt><sln:gmNazwa>Dąbrowa Tarnowska</sln:gmNazwa><sln:miejscIIPId>fbba1082-edf7-4ee5-baef-add8547d9c49</sln:miejscIIPId><sln:miejscIIPPn>PL.PZGIK.200</sln:miejscIIPPn><sln:miejscIIPWersja>2016-11-24T13:41:09+02:00</sln:miejscIIPWersja><sln:miejscIdTeryt>0817586</sln:miejscIdTeryt><sln:miejscNazwa>Lipiny</sln:miejscNazwa><sln:miejscRodzaj>Wieś</sln:miejscRodzaj><sln:powIIPId>2f8e6930-0088-406e-b684-cebb73fc5bd9</sln:powIIPId><sln:powIIPPn>PL.PZGIK.200</sln:powIIPPn><sln:powIIPWersja>2012-09-27T07:52:00+02:00</sln:powIIPWersja><sln:powIdTeryt>1204</sln:powIdTeryt><sln:powNazwa>dąbrowski</sln:powNazwa><sln:wojIIPId>dd2e3c64-f861-47cf-a3a3-e7751f272b2f</sln:wojIIPId><sln:wojIIPPn>PL.PZGIK.200</sln:wojIIPPn><sln:wojIIPWersja>2017-10-10T00:00:00+02:00</sln:wojIIPWersja><sln:wojIdTeryt>12</sln:wojIdTeryt><sln:wojNazwa>małopolskie</sln:wojNazwa></sln:miejscowosc><sln:miejscowosc><sln:cyklZyciaOd>2014-12-10T00:00:00+01:00</sln:cyklZyciaOd><sln:gmIIPId>d4aeac5b-11cd-4516-b951-fecaec684dcf</sln:gmIIPId><sln:gmIIPPn>PL.PZGIK.200</sln:gmIIPPn><sln:gmIIPWersja>2012-09-26T22:08:55+02:00</sln:gmIIPWersja><sln:gmIdTeryt>1204023</sln:gmIdTeryt><sln:gmNazwa>Dąbrowa Tarnowska</sln:gmNazwa><sln:miejscIIPId>1d4975a0-ac8e-4c06-83f4-565b28cf0a87</sln:miejscIIPId><sln:miejscIIPPn>PL.PZGIK.200</sln:miejscIIPPn><sln:miejscIIPWersja>2016-11-24T13:58:24+02:00</sln:miejscIIPWersja><sln:miejscIdTeryt>0817675</sln:miejscIdTeryt><sln:miejscNazwa>Pańskie Pola</sln:miejscNazwa><sln:miejscRodzaj>Inny obiekt</sln:miejscRodzaj><sln:powIIPId>2f8e6930-0088-406e-b684-cebb73fc5bd9</sln:powIIPId><sln:powIIPPn>PL.PZGIK.200</sln:powIIPPn><sln:powIIPWersja>2012-09-27T07:52:00+02:00</sln:powIIPWersja><sln:powIdTeryt>1204</sln:powIdTeryt><sln:powNazwa>dąbrowski</sln:powNazwa><sln:wojIIPId>dd2e3c64-f861-47cf-a3a3-e7751f272b2f</sln:wojIIPId><sln:wojIIPPn>PL.PZGIK.200</sln:wojIIPPn><sln:wojIIPWersja>2017-10-10T00:00:00+02:00</sln:wojIIPWersja><sln:wojIdTeryt>12</sln:wojIdTeryt><sln:wojNazwa>małopolskie</sln:wojNazwa></sln:miejscowosc><sln:miejscowosc><sln:cyklZyciaOd>2014-12-10T00:00:00+01:00</sln:cyklZyciaOd><sln:gmIIPId>d4aeac5b-11cd-4516-b951-fecaec684dcf</sln:gmIIPId><sln:gmIIPPn>PL.PZGIK.200</sln:gmIIPPn><sln:gmIIPWersja>2012-09-26T22:08:55+02:00</sln:gmIIPWersja><sln:gmIdTeryt>1204023</sln:gmIdTeryt><sln:gmNazwa>Dąbrowa Tarnowska</sln:gmNazwa><sln:miejscIIPId>40cedb8f-10ca-4def-9da0-bd0f318d38d7</sln:miejscIIPId><sln:miejscIIPPn>PL.PZGIK.200</sln:miejscIIPPn><sln:miejscIIPWersja>2016-11-24T13:44:39+02:00</sln:miejscIIPWersja><sln:miejscIdTeryt>0817416</sln:miejscIdTeryt><sln:miejscNazwa>Malarka</sln:miejscNazwa><sln:miejscRodzaj>Inny obiekt</sln:miejscRodzaj><sln:powIIPId>2f8e6930-0088-406e-b684-cebb73fc5bd9</sln:powIIPId><sln:powIIPPn>PL.PZGIK.200</sln:powIIPPn><sln:powIIPWersja>2012-09-27T07:52:00+02:00</sln:powIIPWersja><sln:powIdTeryt>1204</sln:powIdTeryt><sln:powNazwa>dąbrowski</sln:powNazwa><sln:wojIIPId>dd2e3c64-f861-47cf-a3a3-e7751f272b2f</sln:wojIIPId><sln:wojIIPPn>PL.PZGIK.200</sln:wojIIPPn><sln:wojIIPWersja>2017-10-10T00:00:00+02:00</sln:wojIIPWersja><sln:wojIdTeryt>12</sln:wojIdTeryt><sln:wojNazwa>małopolskie</sln:wojNazwa></sln:miejscowosc><sln:miejscowosc><sln:cyklZyciaOd>2014-12-10T00:00:00+01:00</sln:cyklZyciaOd><sln:gmIIPId>d4aeac5b-11cd-4516-b951-fecaec684dcf</sln:gmIIPId><sln:gmIIPPn>PL.PZGIK.200</sln:gmIIPPn><sln:gmIIPWersja>2012-09-26T22:08:55+02:00</sln:gmIIPWersja><sln:gmIdTeryt>1204023</sln:gmIdTeryt><sln:gmNazwa>Dąbrowa Tarnowska</sln:gmNazwa><sln:miejscIIPId>a1d66fc1-431d-469e-b412-31c40c88bdaf</sln:miejscIIPId><sln:miejscIIPPn>PL.PZGIK.200</sln:miejscIIPPn><sln:miejscIIPWersja>2016-11-24T13:54:37+02:00</sln:miejscIIPWersja><sln:miejscIdTeryt>0817540</sln:miejscIdTeryt><sln:miejscNazwa>Zaszkole</sln:miejscNazwa><sln:miejscRodzaj>Inny obiekt</sln:miejscRodzaj><sln:powIIPId>2f8e6930-0088-406e-b684-cebb73fc5bd9</sln:powIIPId><sln:powIIPPn>PL.PZGIK.200</sln:powIIPPn><sln:powIIPWersja>2012-09-27T07:52:00+02:00</sln:powIIPWersja><sln:powIdTeryt>1204</sln:powIdTeryt><sln:powNazwa>dąbrowski</sln:powNazwa><sln:wojIIPId>dd2e3c64-f861-47cf-a3a3-e7751f272b2f</sln:wojIIPId><sln:wojIIPPn>PL.PZGIK.200</sln:wojIIPPn><sln:wojIIPWersja>2017-10-10T00:00:00+02:00</sln:wojIIPWersja><sln:wojIdTeryt>12</sln:wojIdTeryt><sln:wojNazwa>małopolskie</sln:wojNazwa></sln:miejscowosc><sln:miejscowosc><sln:cyklZyciaOd>2014-12-10T00:00:00+01:00</sln:cyklZyciaOd><sln:gmIIPId>d4aeac5b-11cd-4516-b951-fecaec684dcf</sln:gmIIPId><sln:gmIIPPn>PL.PZGIK.200</sln:gmIIPPn><sln:gmIIPWersja>2012-09-26T22:08:55+02:00</sln:gmIIPWersja><sln:gmIdTeryt>1204023</sln:gmIdTeryt><sln:gmNazwa>Dąbrowa Tarnowska</sln:gmNazwa><sln:miejscIIPId>dedc35ca-76d9-48a0-980d-053e92810851</sln:miejscIIPId><sln:miejscIIPPn>PL.PZGIK.200</sln:miejscIIPPn><sln:miejscIIPWersja>2016-11-24T13:47:07+02:00</sln:miejscIIPWersja><sln:miejscIdTeryt>0817712</sln:miejscIdTeryt><sln:miejscNazwa>Granica</sln:miejscNazwa><sln:miejscRodzaj>Inny obiekt</sln:miejscRodzaj><sln:powIIPId>2f8e6930-0088-406e-b684-cebb73fc5bd9</sln:powIIPId><sln:powIIPPn>PL.PZGIK.200</sln:powIIPPn><sln:powIIPWersja>2012-09-27T07:52:00+02:00</sln:powIIPWersja><sln:powIdTeryt>1204</sln:powIdTeryt><sln:powNazwa>dąbrowski</sln:powNazwa><sln:wojIIPId>dd2e3c64-f861-47cf-a3a3-e7751f272b2f</sln:wojIIPId><sln:wojIIPPn>PL.PZGIK.200</sln:wojIIPPn><sln:wojIIPWersja>2017-10-10T00:00:00+02:00</sln:wojIIPWersja><sln:wojIdTeryt>12</sln:wojIdTeryt><sln:wojNazwa>małopolskie</sln:wojNazwa></sln:miejscowosc><sln:miejscowosc><sln:cyklZyciaOd>2014-12-10T00:00:00+01:00</sln:cyklZyciaOd><sln:gmIIPId>d4aeac5b-11cd-4516-b951-fecaec684dcf</sln:gmIIPId><sln:gmIIPPn>PL.PZGIK.200</sln:gmIIPPn><sln:gmIIPWersja>2012-09-26T22:08:55+02:00</sln:gmIIPWersja><sln:gmIdTeryt>1204023</sln:gmIdTeryt><sln:gmNazwa>Dąbrowa Tarnowska</sln:gmNazwa><sln:miejscIIPId>5283139b-0542-4b29-96cd-db16deacbd93</sln:miejscIIPId><sln:miejscIIPPn>PL.PZGIK.200</sln:miejscIIPPn><sln:miejscIIPWersja>2016-11-24T13:51:20+02:00</sln:miejscIIPWersja><sln:miejscIdTeryt>0817882</sln:miejscIdTeryt><sln:miejscNazwa>Włosienice</sln:miejscNazwa><sln:miejscRodzaj>Inny obiekt</sln:miejscRodzaj><sln:powIIPId>2f8e6930-0088-406e-b684-cebb73fc5bd9</sln:powIIPId><sln:powIIPPn>PL.PZGIK.200</sln:powIIPPn><sln:powIIPWersja>2012-09-27T07:52:00+02:00</sln:powIIPWersja><sln:powIdTeryt>1204</sln:powIdTeryt><sln:powNazwa>dąbrowski</sln:powNazwa><sln:wojIIPId>dd2e3c64-f861-47cf-a3a3-e7751f272b2f</sln:wojIIPId><sln:wojIIPPn>PL.PZGIK.200</sln:wojIIPPn><sln:wojIIPWersja>2017-10-10T00:00:00+02:00</sln:wojIIPWersja><sln:wojIdTeryt>12</sln:wojIdTeryt><sln:wojNazwa>małopolskie</sln:wojNazwa></sln:miejscowosc><sln:miejscowosc><sln:cyklZyciaOd>2014-12-10T00:00:00+01:00</sln:cyklZyciaOd><sln:gmIIPId>d4aeac5b-11cd-4516-b951-fecaec684dcf</sln:gmIIPId><sln:gmIIPPn>PL.PZGIK.200</sln:gmIIPPn><sln:gmIIPWersja>2012-09-26T22:08:55+02:00</sln:gmIIPWersja><sln:gmIdTeryt>1204023</sln:gmIdTeryt><sln:gmNazwa>Dąbrowa Tarnowska</sln:gmNazwa><sln:miejscIIPId>8ce4c2c3-83f0-4432-bae6-3ba328322013</sln:miejscIIPId><sln:miejscIIPPn>PL.PZGIK.200</sln:miejscIIPPn><sln:miejscIIPWersja>2016-11-24T13:58:24+02:00</sln:miejscIIPWersja><sln:miejscIdTeryt>0817646</sln:miejscIdTeryt><sln:miejscNazwa>Zadworze</sln:miejscNazwa><sln:miejscRodzaj>Inny obiekt</sln:miejscRodzaj><sln:powIIPId>2f8e6930-0088-406e-b684-cebb73fc5bd9</sln:powIIPId><sln:powIIPPn>PL.PZGIK.200</sln:powIIPPn><sln:powIIPWersja>2012-09-27T07:52:00+02:00</sln:powIIPWersja><sln:powIdTeryt>1204</sln:powIdTeryt><sln:powNazwa>dąbrowski</sln:powNazwa><sln:wojIIPId>dd2e3c64-f861-47cf-a3a3-e7751f272b2f</sln:wojIIPId><sln:wojIIPPn>PL.PZGIK.200</sln:wojIIPPn><sln:wojIIPWersja>2017-10-10T00:00:00+02:00</sln:wojIIPWersja><sln:wojIdTeryt>12</sln:wojIdTeryt><sln:wojNazwa>małopolskie</sln:wojNazwa></sln:miejscowosc><sln:miejscowosc><sln:cyklZyciaOd>2014-12-10T00:00:00+01:00</sln:cyklZyciaOd><sln:gmIIPId>d4aeac5b-11cd-4516-b951-fecaec684dcf</sln:gmIIPId><sln:gmIIPPn>PL.PZGIK.200</sln:gmIIPPn><sln:gmIIPWersja>2012-09-26T22:08:55+02:00</sln:gmIIPWersja><sln:gmIdTeryt>1204023</sln:gmIdTeryt><sln:gmNazwa>Dąbrowa Tarnowska</sln:gmNazwa><sln:miejscIIPId>1538b4b7-07a8-40d2-b4e2-90a67b7be433</sln:miejscIIPId><sln:miejscIIPPn>PL.PZGIK.200</sln:miejscIIPPn><sln:miejscIIPWersja>2016-11-24T13:51:20+02:00</sln:miejscIIPWersja><sln:miejscIdTeryt>0817860</sln:miejscIdTeryt><sln:miejscNazwa>Laskówka</sln:miejscNazwa><sln:miejscRodzaj>Inny obiekt</sln:miejscRodzaj><sln:powIIPId>2f8e6930-0088-406e-b684-cebb73fc5bd9</sln:powIIPId><sln:powIIPPn>PL.PZGIK.200</sln:powIIPPn><sln:powIIPWersja>2012-09-27T07:52:00+02:00</sln:powIIPWersja><sln:powIdTeryt>1204</sln:powIdTeryt><sln:powNazwa>dąbrowski</sln:powNazwa><sln:wojIIPId>dd2e3c64-f861-47cf-a3a3-e7751f272b2f</sln:wojIIPId><sln:wojIIPPn>PL.PZGIK.200</sln:wojIIPPn><sln:wojIIPWersja>2017-10-10T00:00:00+02:00</sln:wojIIPWersja><sln:wojIdTeryt>12</sln:wojIdTeryt><sln:wojNazwa>małopolskie</sln:wojNazwa></sln:miejscowosc><sln:miejscowosc><sln:cyklZyciaOd>2014-12-10T00:00:00+01:00</sln:cyklZyciaOd><sln:gmIIPId>d4aeac5b-11cd-4516-b951-fecaec684dcf</sln:gmIIPId><sln:gmIIPPn>PL.PZGIK.200</sln:gmIIPPn><sln:gmIIPWersja>2012-09-26T22:08:55+02:00</sln:gmIIPWersja><sln:gmIdTeryt>1204023</sln:gmIdTeryt><sln:gmNazwa>Dąbrowa Tarnowska</sln:gmNazwa><sln:miejscIIPId>5a771486-4d56-4317-89a8-ebe173a329d7</sln:miejscIIPId><sln:miejscIIPPn>PL.PZGIK.200</sln:miejscIIPPn><sln:miejscIIPWersja>2016-11-24T13:54:37+02:00</sln:miejscIIPWersja><sln:miejscIdTeryt>0817505</sln:miejscIdTeryt><sln:miejscNazwa>Bugaj</sln:miejscNazwa><sln:miejscRodzaj>Inny obiekt</sln:miejscRodzaj><sln:powIIPId>2f8e6930-0088-406e-b684-cebb73fc5bd9</sln:powIIPId><sln:powIIPPn>PL.PZGIK.200</sln:powIIPPn><sln:powIIPWersja>2012-09-27T07:52:00+02:00</sln:powIIPWersja><sln:powIdTeryt>1204</sln:powIdTeryt><sln:powNazwa>dąbrowski</sln:powNazwa><sln:wojIIPId>dd2e3c64-f861-47cf-a3a3-e7751f272b2f</sln:wojIIPId><sln:wojIIPPn>PL.PZGIK.200</sln:wojIIPPn><sln:wojIIPWersja>2017-10-10T00:00:00+02:00</sln:wojIIPWersja><sln:wojIdTeryt>12</sln:wojIdTeryt><sln:wojNazwa>małopolskie</sln:wojNazwa></sln:miejscowosc><sln:miejscowosc><sln:cyklZyciaOd>2014-12-10T00:00:00+01:00</sln:cyklZyciaOd><sln:gmIIPId>d4aeac5b-11cd-4516-b951-fecaec684dcf</sln:gmIIPId><sln:gmIIPPn>PL.PZGIK.200</sln:gmIIPPn><sln:gmIIPWersja>2012-09-26T22:08:55+02:00</sln:gmIIPWersja><sln:gmIdTeryt>1204023</sln:gmIdTeryt><sln:gmNazwa>Dąbrowa Tarnowska</sln:gmNazwa><sln:miejscIIPId>2c9d7670-45da-4bdd-9409-6d6c192845d8</sln:miejscIIPId><sln:miejscIIPPn>PL.PZGIK.200</sln:miejscIIPPn><sln:miejscIIPWersja>2016-11-24T13:58:24+02:00</sln:miejscIIPWersja><sln:miejscIdTeryt>0817630</sln:miejscIdTeryt><sln:miejscNazwa>Płoniki</sln:miejscNazwa><sln:miejscRodzaj>Inny obiekt</sln:miejscRodzaj><sln:powIIPId>2f8e6930-0088-406e-b684-cebb73fc5bd9</sln:powIIPId><sln:powIIPPn>PL.PZGIK.200</sln:powIIPPn><sln:powIIPWersja>2012-09-27T07:52:00+02:00</sln:powIIPWersja><sln:powIdTeryt>1204</sln:powIdTeryt><sln:powNazwa>dąbrowski</sln:powNazwa><sln:wojIIPId>dd2e3c64-f861-47cf-a3a3-e7751f272b2f</sln:wojIIPId><sln:wojIIPPn>PL.PZGIK.200</sln:wojIIPPn><sln:wojIIPWersja>2017-10-10T00:00:00+02:00</sln:wojIIPWersja><sln:wojIdTeryt>12</sln:wojIdTeryt><sln:wojNazwa>małopolskie</sln:wojNazwa></sln:miejscowosc><sln:miejscowosc><sln:cyklZyciaOd>2014-12-10T00:00:00+01:00</sln:cyklZyciaOd><sln:gmIIPId>d4aeac5b-11cd-4516-b951-fecaec684dcf</sln:gmIIPId><sln:gmIIPPn>PL.PZGIK.200</sln:gmIIPPn><sln:gmIIPWersja>2012-09-26T22:08:55+02:00</sln:gmIIPWersja><sln:gmIdTeryt>1204023</sln:gmIdTeryt><sln:gmNazwa>Dąbrowa Tarnowska</sln:gmNazwa><sln:miejscIIPId>9bac8256-5fae-41e7-b52d-b271df6a5771</sln:miejscIIPId><sln:miejscIIPPn>PL.PZGIK.200</sln:miejscIIPPn><sln:miejscIIPWersja>2016-11-24T13:47:07+02:00</sln:miejscIIPWersja><sln:miejscIdTeryt>0817706</sln:miejscIdTeryt><sln:miejscNazwa>Bór</sln:miejscNazwa><sln:miejscRodzaj>Inny obiekt</sln:miejscRodzaj><sln:powIIPId>2f8e6930-0088-406e-b684-cebb73fc5bd9</sln:powIIPId><sln:powIIPPn>PL.PZGIK.200</sln:powIIPPn><sln:powIIPWersja>2012-09-27T07:52:00+02:00</sln:powIIPWersja><sln:powIdTeryt>1204</sln:powIdTeryt><sln:powNazwa>dąbrowski</sln:powNazwa><sln:wojIIPId>dd2e3c64-f861-47cf-a3a3-e7751f272b2f</sln:wojIIPId><sln:wojIIPPn>PL.PZGIK.200</sln:wojIIPPn><sln:wojIIPWersja>2017-10-10T00:00:00+02:00</sln:wojIIPWersja><sln:wojIdTeryt>12</sln:wojIdTeryt><sln:wojNazwa>małopolskie</sln:wojNazwa></sln:miejscowosc><sln:miejscowosc><sln:cyklZyciaOd>2014-12-10T00:00:00+01:00</sln:cyklZyciaOd><sln:gmIIPId>d4aeac5b-11cd-4516-b951-fecaec684dcf</sln:gmIIPId><sln:gmIIPPn>PL.PZGIK.200</sln:gmIIPPn><sln:gmIIPWersja>2012-09-26T22:08:55+02:00</sln:gmIIPWersja><sln:gmIdTeryt>1204023</sln:gmIdTeryt><sln:gmNazwa>Dąbrowa Tarnowska</sln:gmNazwa><sln:miejscIIPId>793f53d1-10cd-4ef5-bb45-7213e477ea01</sln:miejscIIPId><sln:miejscIIPPn>PL.PZGIK.200</sln:miejscIIPPn><sln:miejscIIPWersja>2016-11-24T13:31:46+02:00</sln:miejscIIPWersja><sln:miejscIdTeryt>0817770</sln:miejscIdTeryt><sln:miejscNazwa>Sutków</sln:miejscNazwa><sln:miejscRodzaj>Wieś</sln:miejscRodzaj><sln:powIIPId>2f8e6930-0088-406e-b684-cebb73fc5bd9</sln:powIIPId><sln:powIIPPn>PL.PZGIK.200</sln:powIIPPn><sln:powIIPWersja>2012-09-27T07:52:00+02:00</sln:powIIPWersja><sln:powIdTeryt>1204</sln:powIdTeryt><sln:powNazwa>dąbrowski</sln:powNazwa><sln:wojIIPId>dd2e3c64-f861-47cf-a3a3-e7751f272b2f</sln:wojIIPId><sln:wojIIPPn>PL.PZGIK.200</sln:wojIIPPn><sln:wojIIPWersja>2017-10-10T00:00:00+02:00</sln:wojIIPWersja><sln:wojIdTeryt>12</sln:wojIdTeryt><sln:wojNazwa>małopolskie</sln:wojNazwa></sln:miejscowosc><sln:miejscowosc><sln:cyklZyciaOd>2014-12-10T00:00:00+01:00</sln:cyklZyciaOd><sln:gmIIPId>d4aeac5b-11cd-4516-b951-fecaec684dcf</sln:gmIIPId><sln:gmIIPPn>PL.PZGIK.200</sln:gmIIPPn><sln:gmIIPWersja>2012-09-26T22:08:55+02:00</sln:gmIIPWersja><sln:gmIdTeryt>1204023</sln:gmIdTeryt><sln:gmNazwa>Dąbrowa Tarnowska</sln:gmNazwa><sln:miejscIIPId>cd875e94-e8ae-4f6b-8807-6965281d0f93</sln:miejscIIPId><sln:miejscIIPPn>PL.PZGIK.200</sln:miejscIIPPn><sln:miejscIIPWersja>2016-11-24T13:31:52+02:00</sln:miejscIIPWersja><sln:miejscIdTeryt>0817818</sln:miejscIdTeryt><sln:miejscNazwa>Szarwark</sln:miejscNazwa><sln:miejscRodzaj>Wieś</sln:miejscRodzaj><sln:powIIPId>2f8e6930-0088-406e-b684-cebb73fc5bd9</sln:powIIPId><sln:powIIPPn>PL.PZGIK.200</sln:powIIPPn><sln:powIIPWersja>2012-09-27T07:52:00+02:00</sln:powIIPWersja><sln:powIdTeryt>1204</sln:powIdTeryt><sln:powNazwa>dąbrowski</sln:powNazwa><sln:wojIIPId>dd2e3c64-f861-47cf-a3a3-e7751f272b2f</sln:wojIIPId><sln:wojIIPPn>PL.PZGIK.200</sln:wojIIPPn><sln:wojIIPWersja>2017-10-10T00:00:00+02:00</sln:wojIIPWersja><sln:wojIdTeryt>12</sln:wojIdTeryt><sln:wojNazwa>małopolskie</sln:wojNazwa></sln:miejscowosc><sln:miejscowosc><sln:cyklZyciaOd>2014-12-10T00:00:00+01:00</sln:cyklZyciaOd><sln:gmIIPId>d4aeac5b-11cd-4516-b951-fecaec684dcf</sln:gmIIPId><sln:gmIIPPn>PL.PZGIK.200</sln:gmIIPPn><sln:gmIIPWersja>2012-09-26T22:08:55+02:00</sln:gmIIPWersja><sln:gmIdTeryt>1204023</sln:gmIdTeryt><sln:gmNazwa>Dąbrowa Tarnowska</sln:gmNazwa><sln:miejscIIPId>b6700d35-a80f-4a79-83e6-433790a0c939</sln:miejscIIPId><sln:miejscIIPPn>PL.PZGIK.200</sln:miejscIIPPn><sln:miejscIIPWersja>2016-11-24T13:44:39+02:00</sln:miejscIIPWersja><sln:miejscIdTeryt>0817445</sln:miejscIdTeryt><sln:miejscNazwa>Wola</sln:miejscNazwa><sln:miejscRodzaj>Inny obiekt</sln:miejscRodzaj><sln:powIIPId>2f8e6930-0088-406e-b684-cebb73fc5bd9</sln:powIIPId><sln:powIIPPn>PL.PZGIK.200</sln:powIIPPn><sln:powIIPWersja>2012-09-27T07:52:00+02:00</sln:powIIPWersja><sln:powIdTeryt>1204</sln:powIdTeryt><sln:powNazwa>dąbrowski</sln:powNazwa><sln:wojIIPId>dd2e3c64-f861-47cf-a3a3-e7751f272b2f</sln:wojIIPId><sln:wojIIPPn>PL.PZGIK.200</sln:wojIIPPn><sln:wojIIPWersja>2017-10-10T00:00:00+02:00</sln:wojIIPWersja><sln:wojIdTeryt>12</sln:wojIdTeryt><sln:wojNazwa>małopolskie</sln:wojNazwa></sln:miejscowosc><sln:miejscowosc><sln:cyklZyciaOd>2014-12-10T00:00:00+01:00</sln:cyklZyciaOd><sln:gmIIPId>d4aeac5b-11cd-4516-b951-fecaec684dcf</sln:gmIIPId><sln:gmIIPPn>PL.PZGIK.200</sln:gmIIPPn><sln:gmIIPWersja>2012-09-26T22:08:55+02:00</sln:gmIIPWersja><sln:gmIdTeryt>1204023</sln:gmIdTeryt><sln:gmNazwa>Dąbrowa Tarnowska</sln:gmNazwa><sln:miejscIIPId>9cb57f3f-f751-4120-8aa0-9b0873b9f266</sln:miejscIIPId><sln:miejscIIPPn>PL.PZGIK.200</sln:miejscIIPPn><sln:miejscIIPWersja>2016-11-24T13:52:19+02:00</sln:miejscIIPWersja><sln:miejscIdTeryt>0982204</sln:miejscIdTeryt><sln:miejscNazwa>Ruda-Zazamcze</sln:miejscNazwa><sln:miejscRodzaj>Inny obiekt</sln:miejscRodzaj><sln:powIIPId>2f8e6930-0088-406e-b684-cebb73fc5bd9</sln:powIIPId><sln:powIIPPn>PL.PZGIK.200</sln:powIIPPn><sln:powIIPWersja>2012-09-27T07:52:00+02:00</sln:powIIPWersja><sln:powIdTeryt>1204</sln:powIdTeryt><sln:powNazwa>dąbrowski</sln:powNazwa><sln:wojIIPId>dd2e3c64-f861-47cf-a3a3-e7751f272b2f</sln:wojIIPId><sln:wojIIPPn>PL.PZGIK.200</sln:wojIIPPn><sln:wojIIPWersja>2017-10-10T00:00:00+02:00</sln:wojIIPWersja><sln:wojIdTeryt>12</sln:wojIdTeryt><sln:wojNazwa>małopolskie</sln:wojNazwa></sln:miejscowosc><sln:miejscowosc><sln:cyklZyciaOd>2014-12-10T00:00:00+01:00</sln:cyklZyciaOd><sln:gmIIPId>d4aeac5b-11cd-4516-b951-fecaec684dcf</sln:gmIIPId><sln:gmIIPPn>PL.PZGIK.200</sln:gmIIPPn><sln:gmIIPWersja>2012-09-26T22:08:55+02:00</sln:gmIIPWersja><sln:gmIdTeryt>1204023</sln:gmIdTeryt><sln:gmNazwa>Dąbrowa Tarnowska</sln:gmNazwa><sln:miejscIIPId>d5e253ba-5eee-4038-8f39-c10b17712864</sln:miejscIIPId><sln:miejscIIPPn>PL.PZGIK.200</sln:miejscIIPPn><sln:miejscIIPWersja>2016-11-24T13:56:33+02:00</sln:miejscIIPWersja><sln:miejscIdTeryt>0817570</sln:miejscIdTeryt><sln:miejscNazwa>Piaski</sln:miejscNazwa><sln:miejscRodzaj>Inny obiekt</sln:miejscRodzaj><sln:powIIPId>2f8e6930-0088-406e-b684-cebb73fc5bd9</sln:powIIPId><sln:powIIPPn>PL.PZGIK.200</sln:powIIPPn><sln:powIIPWersja>2012-09-27T07:52:00+02:00</sln:powIIPWersja><sln:powIdTeryt>1204</sln:powIdTeryt><sln:powNazwa>dąbrowski</sln:powNazwa><sln:wojIIPId>dd2e3c64-f861-47cf-a3a3-e7751f272b2f</sln:wojIIPId><sln:wojIIPPn>PL.PZGIK.200</sln:wojIIPPn><sln:wojIIPWersja>2017-10-10T00:00:00+02:00</sln:wojIIPWersja><sln:wojIdTeryt>12</sln:wojIdTeryt><sln:wojNazwa>małopolskie</sln:wojNazwa></sln:miejscowosc><sln:miejscowosc><sln:cyklZyciaOd>2014-12-10T00:00:00+01:00</sln:cyklZyciaOd><sln:gmIIPId>d4aeac5b-11cd-4516-b951-fecaec684dcf</sln:gmIIPId><sln:gmIIPPn>PL.PZGIK.200</sln:gmIIPPn><sln:gmIIPWersja>2012-09-26T22:08:55+02:00</sln:gmIIPWersja><sln:gmIdTeryt>1204023</sln:gmIdTeryt><sln:gmNazwa>Dąbrowa Tarnowska</sln:gmNazwa><sln:miejscIIPId>ffbc48f4-6a91-4413-a3a8-5fffc256a050</sln:miejscIIPId><sln:miejscIIPPn>PL.PZGIK.200</sln:miejscIIPPn><sln:miejscIIPWersja>2016-11-24T13:54:37+02:00</sln:miejscIIPWersja><sln:miejscIdTeryt>0817511</sln:miejscIdTeryt><sln:miejscNazwa>Górka</sln:miejscNazwa><sln:miejscRodzaj>Inny obiekt</sln:miejscRodzaj><sln:powIIPId>2f8e6930-0088-406e-b684-cebb73fc5bd9</sln:powIIPId><sln:powIIPPn>PL.PZGIK.200</sln:powIIPPn><sln:powIIPWersja>2012-09-27T07:52:00+02:00</sln:powIIPWersja><sln:powIdTeryt>1204</sln:powIdTeryt><sln:powNazwa>dąbrowski</sln:powNazwa><sln:wojIIPId>dd2e3c64-f861-47cf-a3a3-e7751f272b2f</sln:wojIIPId><sln:wojIIPPn>PL.PZGIK.200</sln:wojIIPPn><sln:wojIIPWersja>2017-10-10T00:00:00+02:00</sln:wojIIPWersja><sln:wojIdTeryt>12</sln:wojIdTeryt><sln:wojNazwa>małopolskie</sln:wojNazwa></sln:miejscowosc><sln:miejscowosc><sln:cyklZyciaOd>2014-12-10T00:00:00+01:00</sln:cyklZyciaOd><sln:gmIIPId>d4aeac5b-11cd-4516-b951-fecaec684dcf</sln:gmIIPId><sln:gmIIPPn>PL.PZGIK.200</sln:gmIIPPn><sln:gmIIPWersja>2012-09-26T22:08:55+02:00</sln:gmIIPWersja><sln:gmIdTeryt>1204023</sln:gmIdTeryt><sln:gmNazwa>Dąbrowa Tarnowska</sln:gmNazwa><sln:miejscIIPId>db2cff1a-fe30-41ff-9693-897a206573d2</sln:miejscIIPId><sln:miejscIIPPn>PL.PZGIK.200</sln:miejscIIPPn><sln:miejscIIPWersja>2016-11-24T13:54:37+02:00</sln:miejscIIPWersja><sln:miejscIdTeryt>0817480</sln:miejscIdTeryt><sln:miejscNazwa>Zagrody</sln:miejscNazwa><sln:miejscRodzaj>Inny obiekt</sln:miejscRodzaj><sln:powIIPId>2f8e6930-0088-406e-b684-cebb73fc5bd9</sln:powIIPId><sln:powIIPPn>PL.PZGIK.200</sln:powIIPPn><sln:powIIPWersja>2012-09-27T07:52:00+02:00</sln:powIIPWersja><sln:powIdTeryt>1204</sln:powIdTeryt><sln:powNazwa>dąbrowski</sln:powNazwa><sln:wojIIPId>dd2e3c64-f861-47cf-a3a3-e7751f272b2f</sln:wojIIPId><sln:wojIIPPn>PL.PZGIK.200</sln:wojIIPPn><sln:wojIIPWersja>2017-10-10T00:00:00+02:00</sln:wojIIPWersja><sln:wojIdTeryt>12</sln:wojIdTeryt><sln:wojNazwa>małopolskie</sln:wojNazwa></sln:miejscowosc><sln:miejscowosc><sln:cyklZyciaOd>2014-12-10T00:00:00+01:00</sln:cyklZyciaOd><sln:gmIIPId>d4aeac5b-11cd-4516-b951-fecaec684dcf</sln:gmIIPId><sln:gmIIPPn>PL.PZGIK.200</sln:gmIIPPn><sln:gmIIPWersja>2012-09-26T22:08:55+02:00</sln:gmIIPWersja><sln:gmIdTeryt>1204023</sln:gmIdTeryt><sln:gmNazwa>Dąbrowa Tarnowska</sln:gmNazwa><sln:miejscIIPId>4cd38ff6-2fe2-4a8d-8c72-ba55de817489</sln:miejscIIPId><sln:miejscIIPPn>PL.PZGIK.200</sln:miejscIIPPn><sln:miejscIIPWersja>2016-11-24T13:38:03+02:00</sln:miejscIIPWersja><sln:miejscIdTeryt>0817497</sln:miejscIdTeryt><sln:miejscNazwa>Gruszów Wielki</sln:miejscNazwa><sln:miejscRodzaj>Wieś</sln:miejscRodzaj><sln:powIIPId>2f8e6930-0088-406e-b684-cebb73fc5bd9</sln:powIIPId><sln:powIIPPn>PL.PZGIK.200</sln:powIIPPn><sln:powIIPWersja>2012-09-27T07:52:00+02:00</sln:powIIPWersja><sln:powIdTeryt>1204</sln:powIdTeryt><sln:powNazwa>dąbrowski</sln:powNazwa><sln:wojIIPId>dd2e3c64-f861-47cf-a3a3-e7751f272b2f</sln:wojIIPId><sln:wojIIPPn>PL.PZGIK.200</sln:wojIIPPn><sln:wojIIPWersja>2017-10-10T00:00:00+02:00</sln:wojIIPWersja><sln:wojIdTeryt>12</sln:wojIdTeryt><sln:wojNazwa>małopolskie</sln:wojNazwa></sln:miejscowosc><sln:miejscowosc><sln:cyklZyciaOd>2014-12-10T00:00:00+01:00</sln:cyklZyciaOd><sln:gmIIPId>d4aeac5b-11cd-4516-b951-fecaec684dcf</sln:gmIIPId><sln:gmIIPPn>PL.PZGIK.200</sln:gmIIPPn><sln:gmIIPWersja>2012-09-26T22:08:55+02:00</sln:gmIIPWersja><sln:gmIdTeryt>1204023</sln:gmIdTeryt><sln:gmNazwa>Dąbrowa Tarnowska</sln:gmNazwa><sln:miejscIIPId>f4102aed-2c03-4e6f-be61-39dfb297c5d7</sln:miejscIIPId><sln:miejscIIPPn>PL.PZGIK.200</sln:miejscIIPPn><sln:miejscIIPWersja>2016-11-24T13:47:07+02:00</sln:miejscIIPWersja><sln:miejscIdTeryt>0817729</sln:miejscIdTeryt><sln:miejscNazwa>Kmiecie</sln:miejscNazwa><sln:miejscRodzaj>Inny obiekt</sln:miejscRodzaj><sln:powIIPId>2f8e6930-0088-406e-b684-cebb73fc5bd9</sln:powIIPId><sln:powIIPPn>PL.PZGIK.200</sln:powIIPPn><sln:powIIPWersja>2012-09-27T07:52:00+02:00</sln:powIIPWersja><sln:powIdTeryt>1204</sln:powIdTeryt><sln:powNazwa>dąbrowski</sln:powNazwa><sln:wojIIPId>dd2e3c64-f861-47cf-a3a3-e7751f272b2f</sln:wojIIPId><sln:wojIIPPn>PL.PZGIK.200</sln:wojIIPPn><sln:wojIIPWersja>2017-10-10T00:00:00+02:00</sln:wojIIPWersja><sln:wojIdTeryt>12</sln:wojIdTeryt><sln:wojNazwa>małopolskie</sln:wojNazwa></sln:miejscowosc><sln:miejscowosc><sln:cyklZyciaOd>2014-12-10T00:00:00+01:00</sln:cyklZyciaOd><sln:gmIIPId>d4aeac5b-11cd-4516-b951-fecaec684dcf</sln:gmIIPId><sln:gmIIPPn>PL.PZGIK.200</sln:gmIIPPn><sln:gmIIPWersja>2012-09-26T22:08:55+02:00</sln:gmIIPWersja><sln:gmIdTeryt>1204023</sln:gmIdTeryt><sln:gmNazwa>Dąbrowa Tarnowska</sln:gmNazwa><sln:miejscIIPId>bc6b55a7-7506-4b9d-90fd-4711b545840c</sln:miejscIIPId><sln:miejscIIPPn>PL.PZGIK.200</sln:miejscIIPPn><sln:miejscIIPWersja>2016-11-24T13:42:56+02:00</sln:miejscIIPWersja><sln:miejscIdTeryt>0817652</sln:miejscIdTeryt><sln:miejscNazwa>Nieczajna Górna</sln:miejscNazwa><sln:miejscRodzaj>Wieś</sln:miejscRodzaj><sln:powIIPId>2f8e6930-0088-406e-b684-cebb73fc5bd9</sln:powIIPId><sln:powIIPPn>PL.PZGIK.200</sln:powIIPPn><sln:powIIPWersja>2012-09-27T07:52:00+02:00</sln:powIIPWersja><sln:powIdTeryt>1204</sln:powIdTeryt><sln:powNazwa>dąbrowski</sln:powNazwa><sln:wojIIPId>dd2e3c64-f861-47cf-a3a3-e7751f272b2f</sln:wojIIPId><sln:wojIIPPn>PL.PZGIK.200</sln:wojIIPPn><sln:wojIIPWersja>2017-10-10T00:00:00+02:00</sln:wojIIPWersja><sln:wojIdTeryt>12</sln:wojIdTeryt><sln:wojNazwa>małopolskie</sln:wojNazwa></sln:miejscowosc><sln:miejscowosc><sln:cyklZyciaOd>2014-12-10T00:00:00+01:00</sln:cyklZyciaOd><sln:gmIIPId>d4aeac5b-11cd-4516-b951-fecaec684dcf</sln:gmIIPId><sln:gmIIPPn>PL.PZGIK.200</sln:gmIIPPn><sln:gmIIPWersja>2012-09-26T22:08:55+02:00</sln:gmIIPWersja><sln:gmIdTeryt>1204023</sln:gmIdTeryt><sln:gmNazwa>Dąbrowa Tarnowska</sln:gmNazwa><sln:miejscIIPId>6fa66c44-e992-4a59-8077-b925ef941d96</sln:miejscIIPId><sln:miejscIIPPn>PL.PZGIK.200</sln:miejscIIPPn><sln:miejscIIPWersja>2016-11-24T13:47:41+02:00</sln:miejscIIPWersja><sln:miejscIdTeryt>0817801</sln:miejscIdTeryt><sln:miejscNazwa>Podradwanie</sln:miejscNazwa><sln:miejscRodzaj>Inny obiekt</sln:miejscRodzaj><sln:powIIPId>2f8e6930-0088-406e-b684-cebb73fc5bd9</sln:powIIPId><sln:powIIPPn>PL.PZGIK.200</sln:powIIPPn><sln:powIIPWersja>2012-09-27T07:52:00+02:00</sln:powIIPWersja><sln:powIdTeryt>1204</sln:powIdTeryt><sln:powNazwa>dąbrowski</sln:powNazwa><sln:wojIIPId>dd2e3c64-f861-47cf-a3a3-e7751f272b2f</sln:wojIIPId><sln:wojIIPPn>PL.PZGIK.200</sln:wojIIPPn><sln:wojIIPWersja>2017-10-10T00:00:00+02:00</sln:wojIIPWersja><sln:wojIdTeryt>12</sln:wojIdTeryt><sln:wojNazwa>małopolskie</sln:wojNazwa></sln:miejscowosc><sln:miejscowosc><sln:cyklZyciaOd>2014-12-10T00:00:00+01:00</sln:cyklZyciaOd><sln:gmIIPId>d4aeac5b-11cd-4516-b951-fecaec684dcf</sln:gmIIPId><sln:gmIIPPn>PL.PZGIK.200</sln:gmIIPPn><sln:gmIIPWersja>2012-09-26T22:08:55+02:00</sln:gmIIPWersja><sln:gmIdTeryt>1204023</sln:gmIdTeryt><sln:gmNazwa>Dąbrowa Tarnowska</sln:gmNazwa><sln:miejscIIPId>84aa3089-97b8-434d-a2ce-9b37fde1b133</sln:miejscIIPId><sln:miejscIIPPn>PL.PZGIK.200</sln:miejscIIPPn><sln:miejscIIPWersja>2016-11-24T13:44:39+02:00</sln:miejscIIPWersja><sln:miejscIdTeryt>0817439</sln:miejscIdTeryt><sln:miejscNazwa>Polany</sln:miejscNazwa><sln:miejscRodzaj>Inny obiekt</sln:miejscRodzaj><sln:powIIPId>2f8e6930-0088-406e-b684-cebb73fc5bd9</sln:powIIPId><sln:powIIPPn>PL.PZGIK.200</sln:powIIPPn><sln:powIIPWersja>2012-09-27T07:52:00+02:00</sln:powIIPWersja><sln:powIdTeryt>1204</sln:powIdTeryt><sln:powNazwa>dąbrowski</sln:powNazwa><sln:wojIIPId>dd2e3c64-f861-47cf-a3a3-e7751f272b2f</sln:wojIIPId><sln:wojIIPPn>PL.PZGIK.200</sln:wojIIPPn><sln:wojIIPWersja>2017-10-10T00:00:00+02:00</sln:wojIIPWersja><sln:wojIdTeryt>12</sln:wojIdTeryt><sln:wojNazwa>małopolskie</sln:wojNazwa></sln:miejscowosc><sln:miejscowosc><sln:cyklZyciaOd>2014-12-10T00:00:00+01:00</sln:cyklZyciaOd><sln:gmIIPId>d4aeac5b-11cd-4516-b951-fecaec684dcf</sln:gmIIPId><sln:gmIIPPn>PL.PZGIK.200</sln:gmIIPPn><sln:gmIIPWersja>2012-09-26T22:08:55+02:00</sln:gmIIPWersja><sln:gmIdTeryt>1204023</sln:gmIdTeryt><sln:gmNazwa>Dąbrowa Tarnowska</sln:gmNazwa><sln:miejscIIPId>e2cdee99-6bb6-4dce-9e9d-f9d6e173498b</sln:miejscIIPId><sln:miejscIIPPn>PL.PZGIK.200</sln:miejscIIPPn><sln:miejscIIPWersja>2016-11-24T13:47:07+02:00</sln:miejscIIPWersja><sln:miejscIdTeryt>0817735</sln:miejscIdTeryt><sln:miejscNazwa>Łężce</sln:miejscNazwa><sln:miejscRodzaj>Inny obiekt</sln:miejscRodzaj><sln:powIIPId>2f8e6930-0088-406e-b684-cebb73fc5bd9</sln:powIIPId><sln:powIIPPn>PL.PZGIK.200</sln:powIIPPn><sln:powIIPWersja>2012-09-27T07:52:00+02:00</sln:powIIPWersja><sln:powIdTeryt>1204</sln:powIdTeryt><sln:powNazwa>dąbrowski</sln:powNazwa><sln:wojIIPId>dd2e3c64-f861-47cf-a3a3-e7751f272b2f</sln:wojIIPId><sln:wojIIPPn>PL.PZGIK.200</sln:wojIIPPn><sln:wojIIPWersja>2017-10-10T00:00:00+02:00</sln:wojIIPWersja><sln:wojIdTeryt>12</sln:wojIdTeryt><sln:wojNazwa>małopolskie</sln:wojNazwa></sln:miejscowosc><sln:miejscowosc><sln:cyklZyciaOd>2014-12-10T00:00:00+01:00</sln:cyklZyciaOd><sln:gmIIPId>d4aeac5b-11cd-4516-b951-fecaec684dcf</sln:gmIIPId><sln:gmIIPPn>PL.PZGIK.200</sln:gmIIPPn><sln:gmIIPWersja>2012-09-26T22:08:55+02:00</sln:gmIIPWersja><sln:gmIdTeryt>1204023</sln:gmIdTeryt><sln:gmNazwa>Dąbrowa Tarnowska</sln:gmNazwa><sln:miejscIIPId>d6d67103-e0e9-42d2-b9e5-d1f4d650d41b</sln:miejscIIPId><sln:miejscIIPPn>PL.PZGIK.200</sln:miejscIIPPn><sln:miejscIIPWersja>2016-11-24T13:44:39+02:00</sln:miejscIIPWersja><sln:miejscIdTeryt>0817422</sln:miejscIdTeryt><sln:miejscNazwa>Pary</sln:miejscNazwa><sln:miejscRodzaj>Inny obiekt</sln:miejscRodzaj><sln:powIIPId>2f8e6930-0088-406e-b684-cebb73fc5bd9</sln:powIIPId><sln:powIIPPn>PL.PZGIK.200</sln:powIIPPn><sln:powIIPWersja>2012-09-27T07:52:00+02:00</sln:powIIPWersja><sln:powIdTeryt>1204</sln:powIdTeryt><sln:powNazwa>dąbrowski</sln:powNazwa><sln:wojIIPId>dd2e3c64-f861-47cf-a3a3-e7751f272b2f</sln:wojIIPId><sln:wojIIPPn>PL.PZGIK.200</sln:wojIIPPn><sln:wojIIPWersja>2017-10-10T00:00:00+02:00</sln:wojIIPWersja><sln:wojIdTeryt>12</sln:wojIdTeryt><sln:wojNazwa>małopolskie</sln:wojNazwa></sln:miejscowosc><sln:miejscowosc><sln:cyklZyciaOd>2014-12-10T00:00:00+01:00</sln:cyklZyciaOd><sln:gmIIPId>d4aeac5b-11cd-4516-b951-fecaec684dcf</sln:gmIIPId><sln:gmIIPPn>PL.PZGIK.200</sln:gmIIPPn><sln:gmIIPWersja>2012-09-26T22:08:55+02:00</sln:gmIIPWersja><sln:gmIdTeryt>1204023</sln:gmIdTeryt><sln:gmNazwa>Dąbrowa Tarnowska</sln:gmNazwa><sln:miejscIIPId>63d54247-bfcb-47c5-a722-07195b6b61e3</sln:miejscIIPId><sln:miejscIIPPn>PL.PZGIK.200</sln:miejscIIPPn><sln:miejscIIPWersja>2016-11-24T13:47:07+02:00</sln:miejscIIPWersja><sln:miejscIdTeryt>0817741</sln:miejscIdTeryt><sln:miejscNazwa>Wieś Wschodnia</sln:miejscNazwa><sln:miejscRodzaj>Inny obiekt</sln:miejscRodzaj><sln:powIIPId>2f8e6930-0088-406e-b684-cebb73fc5bd9</sln:powIIPId><sln:powIIPPn>PL.PZGIK.200</sln:powIIPPn><sln:powIIPWersja>2012-09-27T07:52:00+02:00</sln:powIIPWersja><sln:powIdTeryt>1204</sln:powIdTeryt><sln:powNazwa>dąbrowski</sln:powNazwa><sln:wojIIPId>dd2e3c64-f861-47cf-a3a3-e7751f272b2f</sln:wojIIPId><sln:wojIIPPn>PL.PZGIK.200</sln:wojIIPPn><sln:wojIIPWersja>2017-10-10T00:00:00+02:00</sln:wojIIPWersja><sln:wojIdTeryt>12</sln:wojIdTeryt><sln:wojNazwa>małopolskie</sln:wojNazwa></sln:miejscowosc><sln:miejscowosc><sln:cyklZyciaOd>2014-12-10T00:00:00+01:00</sln:cyklZyciaOd><sln:gmIIPId>d4aeac5b-11cd-4516-b951-fecaec684dcf</sln:gmIIPId><sln:gmIIPPn>PL.PZGIK.200</sln:gmIIPPn><sln:gmIIPWersja>2012-09-26T22:08:55+02:00</sln:gmIIPWersja><sln:gmIdTeryt>1204023</sln:gmIdTeryt><sln:gmNazwa>Dąbrowa Tarnowska</sln:gmNazwa><sln:miejscIIPId>0fe9a54b-44f8-4801-ba3d-919de15df715</sln:miejscIIPId><sln:miejscIIPPn>PL.PZGIK.200</sln:miejscIIPPn><sln:miejscIIPWersja>2016-11-24T13:52:19+02:00</sln:miejscIIPWersja><sln:miejscIdTeryt>0837956</sln:miejscIdTeryt><sln:miejscNazwa>Koło Gościńca</sln:miejscNazwa><sln:miejscRodzaj>Inny obiekt</sln:miejscRodzaj><sln:powIIPId>2f8e6930-0088-406e-b684-cebb73fc5bd9</sln:powIIPId><sln:powIIPPn>PL.PZGIK.200</sln:powIIPPn><sln:powIIPWersja>2012-09-27T07:52:00+02:00</sln:powIIPWersja><sln:powIdTeryt>1204</sln:powIdTeryt><sln:powNazwa>dąbrowski</sln:powNazwa><sln:wojIIPId>dd2e3c64-f861-47cf-a3a3-e7751f272b2f</sln:wojIIPId><sln:wojIIPPn>PL.PZGIK.200</sln:wojIIPPn><sln:wojIIPWersja>2017-10-10T00:00:00+02:00</sln:wojIIPWersja><sln:wojIdTeryt>12</sln:wojIdTeryt><sln:wojNazwa>małopolskie</sln:wojNazwa></sln:miejscowosc><sln:miejscowosc><sln:cyklZyciaOd>2014-12-10T00:00:00+01:00</sln:cyklZyciaOd><sln:gmIIPId>d4aeac5b-11cd-4516-b951-fecaec684dcf</sln:gmIIPId><sln:gmIIPPn>PL.PZGIK.200</sln:gmIIPPn><sln:gmIIPWersja>2012-09-26T22:08:55+02:00</sln:gmIIPWersja><sln:gmIdTeryt>1204023</sln:gmIdTeryt><sln:gmNazwa>Dąbrowa Tarnowska</sln:gmNazwa><sln:miejscIIPId>6ee13acd-e756-4019-b24f-e17ae5137ffd</sln:miejscIIPId><sln:miejscIIPPn>PL.PZGIK.200</sln:miejscIIPPn><sln:miejscIIPWersja>2016-11-24T13:48:11+02:00</sln:miejscIIPWersja><sln:miejscIdTeryt>0817830</sln:miejscIdTeryt><sln:miejscNazwa>Podlesie</sln:miejscNazwa><sln:miejscRodzaj>Inny obiekt</sln:miejscRodzaj><sln:powIIPId>2f8e6930-0088-406e-b684-cebb73fc5bd9</sln:powIIPId><sln:powIIPPn>PL.PZGIK.200</sln:powIIPPn><sln:powIIPWersja>2012-09-27T07:52:00+02:00</sln:powIIPWersja><sln:powIdTeryt>1204</sln:powIdTeryt><sln:powNazwa>dąbrowski</sln:powNazwa><sln:wojIIPId>dd2e3c64-f861-47cf-a3a3-e7751f272b2f</sln:wojIIPId><sln:wojIIPPn>PL.PZGIK.200</sln:wojIIPPn><sln:wojIIPWersja>2017-10-10T00:00:00+02:00</sln:wojIIPWersja><sln:wojIdTeryt>12</sln:wojIdTeryt><sln:wojNazwa>małopolskie</sln:wojNazwa></sln:miejscowosc><sln:miejscowosc><sln:cyklZyciaOd>2014-12-10T00:00:00+01:00</sln:cyklZyciaOd><sln:gmIIPId>d4aeac5b-11cd-4516-b951-fecaec684dcf</sln:gmIIPId><sln:gmIIPPn>PL.PZGIK.200</sln:gmIIPPn><sln:gmIIPWersja>2012-09-26T22:08:55+02:00</sln:gmIIPWersja><sln:gmIdTeryt>1204023</sln:gmIdTeryt><sln:gmNazwa>Dąbrowa Tarnowska</sln:gmNazwa><sln:miejscIIPId>b0b6a5c7-f92d-475f-8fee-baf6d6362de5</sln:miejscIIPId><sln:miejscIIPPn>PL.PZGIK.200</sln:miejscIIPPn><sln:miejscIIPWersja>2016-11-24T13:54:37+02:00</sln:miejscIIPWersja><sln:miejscIdTeryt>0817468</sln:miejscIdTeryt><sln:miejscNazwa>Kmiecie</sln:miejscNazwa><sln:miejscRodzaj>Inny obiekt</sln:miejscRodzaj><sln:powIIPId>2f8e6930-0088-406e-b684-cebb73fc5bd9</sln:powIIPId><sln:powIIPPn>PL.PZGIK.200</sln:powIIPPn><sln:powIIPWersja>2012-09-27T07:52:00+02:00</sln:powIIPWersja><sln:powIdTeryt>1204</sln:powIdTeryt><sln:powNazwa>dąbrowski</sln:powNazwa><sln:wojIIPId>dd2e3c64-f861-47cf-a3a3-e7751f272b2f</sln:wojIIPId><sln:wojIIPPn>PL.PZGIK.200</sln:wojIIPPn><sln:wojIIPWersja>2017-10-10T00:00:00+02:00</sln:wojIIPWersja><sln:wojIdTeryt>12</sln:wojIdTeryt><sln:wojNazwa>małopolskie</sln:wojNazwa></sln:miejscowosc><sln:miejscowosc><sln:cyklZyciaOd>2014-12-10T00:00:00+01:00</sln:cyklZyciaOd><sln:gmIIPId>d4aeac5b-11cd-4516-b951-fecaec684dcf</sln:gmIIPId><sln:gmIIPPn>PL.PZGIK.200</sln:gmIIPPn><sln:gmIIPWersja>2012-09-26T22:08:55+02:00</sln:gmIIPWersja><sln:gmIdTeryt>1204023</sln:gmIdTeryt><sln:gmNazwa>Dąbrowa Tarnowska</sln:gmNazwa><sln:miejscIIPId>8cf2bcd8-3f1a-494c-b943-ffc7ad821826</sln:miejscIIPId><sln:miejscIIPPn>PL.PZGIK.200</sln:miejscIIPPn><sln:miejscIIPWersja>2016-11-24T13:47:41+02:00</sln:miejscIIPWersja><sln:miejscIdTeryt>0817787</sln:miejscIdTeryt><sln:miejscNazwa>Chałupki</sln:miejscNazwa><sln:miejscRodzaj>Inny obiekt</sln:miejscRodzaj><sln:powIIPId>2f8e6930-0088-406e-b684-cebb73fc5bd9</sln:powIIPId><sln:powIIPPn>PL.PZGIK.200</sln:powIIPPn><sln:powIIPWersja>2012-09-27T07:52:00+02:00</sln:powIIPWersja><sln:powIdTeryt>1204</sln:powIdTeryt><sln:powNazwa>dąbrowski</sln:powNazwa><sln:wojIIPId>dd2e3c64-f861-47cf-a3a3-e7751f272b2f</sln:wojIIPId><sln:wojIIPPn>PL.PZGIK.200</sln:wojIIPPn><sln:wojIIPWersja>2017-10-10T00:00:00+02:00</sln:wojIIPWersja><sln:wojIdTeryt>12</sln:wojIdTeryt><sln:wojNazwa>małopolskie</sln:wojNazwa></sln:miejscowosc><sln:miejscowosc><sln:cyklZyciaOd>2014-12-10T00:00:00+01:00</sln:cyklZyciaOd><sln:gmIIPId>d4aeac5b-11cd-4516-b951-fecaec684dcf</sln:gmIIPId><sln:gmIIPPn>PL.PZGIK.200</sln:gmIIPPn><sln:gmIIPWersja>2012-09-26T22:08:55+02:00</sln:gmIIPWersja><sln:gmIdTeryt>1204023</sln:gmIdTeryt><sln:gmNazwa>Dąbrowa Tarnowska</sln:gmNazwa><sln:miejscIIPId>0eec7bba-3b19-45bb-877a-85260422b20e</sln:miejscIIPId><sln:miejscIIPPn>PL.PZGIK.200</sln:miejscIIPPn><sln:miejscIIPWersja>2016-11-24T13:54:37+02:00</sln:miejscIIPWersja><sln:miejscIdTeryt>0817534</sln:miejscIdTeryt><sln:miejscNazwa>Stara Wieś</sln:miejscNazwa><sln:miejscRodzaj>Inny obiekt</sln:miejscRodzaj><sln:powIIPId>2f8e6930-0088-406e-b684-cebb73fc5bd9</sln:powIIPId><sln:powIIPPn>PL.PZGIK.200</sln:powIIPPn><sln:powIIPWersja>2012-09-27T07:52:00+02:00</sln:powIIPWersja><sln:powIdTeryt>1204</sln:powIdTeryt><sln:powNazwa>dąbrowski</sln:powNazwa><sln:wojIIPId>dd2e3c64-f861-47cf-a3a3-e7751f272b2f</sln:wojIIPId><sln:wojIIPPn>PL.PZGIK.200</sln:wojIIPPn><sln:wojIIPWersja>2017-10-10T00:00:00+02:00</sln:wojIIPWersja><sln:wojIdTeryt>12</sln:wojIdTeryt><sln:wojNazwa>małopolskie</sln:wojNazwa></sln:miejscowosc><sln:miejscowosc><sln:cyklZyciaOd>2014-12-10T00:00:00+01:00</sln:cyklZyciaOd><sln:gmIIPId>d4aeac5b-11cd-4516-b951-fecaec684dcf</sln:gmIIPId><sln:gmIIPPn>PL.PZGIK.200</sln:gmIIPPn><sln:gmIIPWersja>2012-09-26T22:08:55+02:00</sln:gmIIPWersja><sln:gmIdTeryt>1204023</sln:gmIdTeryt><sln:gmNazwa>Dąbrowa Tarnowska</sln:gmNazwa><sln:miejscIIPId>4beb07ef-11eb-4f71-aa3b-236f9b0ec819</sln:miejscIIPId><sln:miejscIIPPn>PL.PZGIK.200</sln:miejscIIPPn><sln:miejscIIPWersja>2016-11-24T13:52:19+02:00</sln:miejscIIPWersja><sln:miejscIdTeryt>0982196</sln:miejscIdTeryt><sln:miejscNazwa>Podkościele</sln:miejscNazwa><sln:miejscRodzaj>Inny obiekt</sln:miejscRodzaj><sln:powIIPId>2f8e6930-0088-406e-b684-cebb73fc5bd9</sln:powIIPId><sln:powIIPPn>PL.PZGIK.200</sln:powIIPPn><sln:powIIPWersja>2012-09-27T07:52:00+02:00</sln:powIIPWersja><sln:powIdTeryt>1204</sln:powIdTeryt><sln:powNazwa>dąbrowski</sln:powNazwa><sln:wojIIPId>dd2e3c64-f861-47cf-a3a3-e7751f272b2f</sln:wojIIPId><sln:wojIIPPn>PL.PZGIK.200</sln:wojIIPPn><sln:wojIIPWersja>2017-10-10T00:00:00+02:00</sln:wojIIPWersja><sln:wojIdTeryt>12</sln:wojIdTeryt><sln:wojNazwa>małopolskie</sln:wojNazwa></sln:miejscowosc><sln:miejscowosc><sln:cyklZyciaOd>2014-12-10T00:00:00+01:00</sln:cyklZyciaOd><sln:gmIIPId>d4aeac5b-11cd-4516-b951-fecaec684dcf</sln:gmIIPId><sln:gmIIPPn>PL.PZGIK.200</sln:gmIIPPn><sln:gmIIPWersja>2012-09-26T22:08:55+02:00</sln:gmIIPWersja><sln:gmIdTeryt>1204023</sln:gmIdTeryt><sln:gmNazwa>Dąbrowa Tarnowska</sln:gmNazwa><sln:miejscIIPId>02dee78f-01a5-4145-9b03-109f325f6b78</sln:miejscIIPId><sln:miejscIIPPn>PL.PZGIK.200</sln:miejscIIPPn><sln:miejscIIPWersja>2016-11-24T13:54:37+02:00</sln:miejscIIPWersja><sln:miejscIdTeryt>0817528</sln:miejscIdTeryt><sln:miejscNazwa>Pańskie Pole</sln:miejscNazwa><sln:miejscRodzaj>Inny obiekt</sln:miejscRodzaj><sln:powIIPId>2f8e6930-0088-406e-b684-cebb73fc5bd9</sln:powIIPId><sln:powIIPPn>PL.PZGIK.200</sln:powIIPPn><sln:powIIPWersja>2012-09-27T07:52:00+02:00</sln:powIIPWersja><sln:powIdTeryt>1204</sln:powIdTeryt><sln:powNazwa>dąbrowski</sln:powNazwa><sln:wojIIPId>dd2e3c64-f861-47cf-a3a3-e7751f272b2f</sln:wojIIPId><sln:wojIIPPn>PL.PZGIK.200</sln:wojIIPPn><sln:wojIIPWersja>2017-10-10T00:00:00+02:00</sln:wojIIPWersja><sln:wojIdTeryt>12</sln:wojIdTeryt><sln:wojNazwa>małopolskie</sln:wojNazwa></sln:miejscowosc><sln:miejscowosc><sln:cyklZyciaOd>2014-12-10T00:00:00+01:00</sln:cyklZyciaOd><sln:gmIIPId>d4aeac5b-11cd-4516-b951-fecaec684dcf</sln:gmIIPId><sln:gmIIPPn>PL.PZGIK.200</sln:gmIIPPn><sln:gmIIPWersja>2012-09-26T22:08:55+02:00</sln:gmIIPWersja><sln:gmIdTeryt>1204023</sln:gmIdTeryt><sln:gmNazwa>Dąbrowa Tarnowska</sln:gmNazwa><sln:miejscIIPId>616155f7-8ecc-458b-8ad6-f16b5f14e4cb</sln:miejscIIPId><sln:miejscIIPPn>PL.PZGIK.200</sln:miejscIIPPn><sln:miejscIIPWersja>2016-11-24T13:52:19+02:00</sln:miejscIIPWersja><sln:miejscIdTeryt>0982227</sln:miejscIdTeryt><sln:miejscNazwa>Zazamcze</sln:miejscNazwa><sln:miejscRodzaj>Inny obiekt</sln:miejscRodzaj><sln:powIIPId>2f8e6930-0088-406e-b684-cebb73fc5bd9</sln:powIIPId><sln:powIIPPn>PL.PZGIK.200</sln:powIIPPn><sln:powIIPWersja>2012-09-27T07:52:00+02:00</sln:powIIPWersja><sln:powIdTeryt>1204</sln:powIdTeryt><sln:powNazwa>dąbrowski</sln:powNazwa><sln:wojIIPId>dd2e3c64-f861-47cf-a3a3-e7751f272b2f</sln:wojIIPId><sln:wojIIPPn>PL.PZGIK.200</sln:wojIIPPn><sln:wojIIPWersja>2017-10-10T00:00:00+02:00</sln:wojIIPWersja><sln:wojIdTeryt>12</sln:wojIdTeryt><sln:wojNazwa>małopolskie</sln:wojNazwa></sln:miejscowosc><sln:miejscowosc><sln:cyklZyciaOd>2014-12-10T00:00:00+01:00</sln:cyklZyciaOd><sln:gmIIPId>d4aeac5b-11cd-4516-b951-fecaec684dcf</sln:gmIIPId><sln:gmIIPPn>PL.PZGIK.200</sln:gmIIPPn><sln:gmIIPWersja>2012-09-26T22:08:55+02:00</sln:gmIIPWersja><sln:gmIdTeryt>1204023</sln:gmIdTeryt><sln:gmNazwa>Dąbrowa Tarnowska</sln:gmNazwa><sln:miejscIIPId>308fdb79-76df-4464-9ea5-98054693d077</sln:miejscIIPId><sln:miejscIIPPn>PL.PZGIK.200</sln:miejscIIPPn><sln:miejscIIPWersja>2016-11-24T13:47:41+02:00</sln:miejscIIPWersja><sln:miejscIdTeryt>0817793</sln:miejscIdTeryt><sln:miejscNazwa>Granica</sln:miejscNazwa><sln:miejscRodzaj>Inny obiekt</sln:miejscRodzaj><sln:powIIPId>2f8e6930-0088-406e-b684-cebb73fc5bd9</sln:powIIPId><sln:powIIPPn>PL.PZGIK.200</sln:powIIPPn><sln:powIIPWersja>2012-09-27T07:52:00+02:00</sln:powIIPWersja><sln:powIdTeryt>1204</sln:powIdTeryt><sln:powNazwa>dąbrowski</sln:powNazwa><sln:wojIIPId>dd2e3c64-f861-47cf-a3a3-e7751f272b2f</sln:wojIIPId><sln:wojIIPPn>PL.PZGIK.200</sln:wojIIPPn><sln:wojIIPWersja>2017-10-10T00:00:00+02:00</sln:wojIIPWersja><sln:wojIdTeryt>12</sln:wojIdTeryt><sln:wojNazwa>małopolskie</sln:wojNazwa></sln:miejscowosc><sln:miejscowosc><sln:cyklZyciaOd>2014-12-10T00:00:00+01:00</sln:cyklZyciaOd><sln:gmIIPId>d4aeac5b-11cd-4516-b951-fecaec684dcf</sln:gmIIPId><sln:gmIIPPn>PL.PZGIK.200</sln:gmIIPPn><sln:gmIIPWersja>2012-09-26T22:08:55+02:00</sln:gmIIPWersja><sln:gmIdTeryt>1204023</sln:gmIdTeryt><sln:gmNazwa>Dąbrowa Tarnowska</sln:gmNazwa><sln:miejscIIPId>e41a7000-a273-4115-a651-6071b93b9737</sln:miejscIIPId><sln:miejscIIPPn>PL.PZGIK.200</sln:miejscIIPPn><sln:miejscIIPWersja>2016-11-24T13:38:04+02:00</sln:miejscIIPWersja><sln:miejscIdTeryt>0817451</sln:miejscIdTeryt><sln:miejscNazwa>Gruszów Mały</sln:miejscNazwa><sln:miejscRodzaj>Wieś</sln:miejscRodzaj><sln:powIIPId>2f8e6930-0088-406e-b684-cebb73fc5bd9</sln:powIIPId><sln:powIIPPn>PL.PZGIK.200</sln:powIIPPn><sln:powIIPWersja>2012-09-27T07:52:00+02:00</sln:powIIPWersja><sln:powIdTeryt>1204</sln:powIdTeryt><sln:powNazwa>dąbrowski</sln:powNazwa><sln:wojIIPId>dd2e3c64-f861-47cf-a3a3-e7751f272b2f</sln:wojIIPId><sln:wojIIPPn>PL.PZGIK.200</sln:wojIIPPn><sln:wojIIPWersja>2017-10-10T00:00:00+02:00</sln:wojIIPWersja><sln:wojIdTeryt>12</sln:wojIdTeryt><sln:wojNazwa>małopolskie</sln:wojNazwa></sln:miejscowosc><sln:miejscowosc><sln:cyklZyciaOd>2014-12-10T00:00:00+01:00</sln:cyklZyciaOd><sln:gmIIPId>d4aeac5b-11cd-4516-b951-fecaec684dcf</sln:gmIIPId><sln:gmIIPPn>PL.PZGIK.200</sln:gmIIPPn><sln:gmIIPWersja>2012-09-26T22:08:55+02:00</sln:gmIIPWersja><sln:gmIdTeryt>1204023</sln:gmIdTeryt><sln:gmNazwa>Dąbrowa Tarnowska</sln:gmNazwa><sln:miejscIIPId>be38bda8-1a33-495c-b547-6e83ee857b7b</sln:miejscIIPId><sln:miejscIIPPn>PL.PZGIK.200</sln:miejscIIPPn><sln:miejscIIPWersja>2016-11-24T13:52:19+02:00</sln:miejscIIPWersja><sln:miejscIdTeryt>0982173</sln:miejscIdTeryt><sln:miejscNazwa>Bagienica</sln:miejscNazwa><sln:miejscRodzaj>Inny obiekt</sln:miejscRodzaj><sln:powIIPId>2f8e6930-0088-406e-b684-cebb73fc5bd9</sln:powIIPId><sln:powIIPPn>PL.PZGIK.200</sln:powIIPPn><sln:powIIPWersja>2012-09-27T07:52:00+02:00</sln:powIIPWersja><sln:powIdTeryt>1204</sln:powIdTeryt><sln:powNazwa>dąbrowski</sln:powNazwa><sln:wojIIPId>dd2e3c64-f861-47cf-a3a3-e7751f272b2f</sln:wojIIPId><sln:wojIIPPn>PL.PZGIK.200</sln:wojIIPPn><sln:wojIIPWersja>2017-10-10T00:00:00+02:00</sln:wojIIPWersja><sln:wojIdTeryt>12</sln:wojIdTeryt><sln:wojNazwa>małopolskie</sln:wojNazwa></sln:miejscowosc><sln:miejscowosc><sln:cyklZyciaOd>2014-12-10T00:00:00+01:00</sln:cyklZyciaOd><sln:gmIIPId>d4aeac5b-11cd-4516-b951-fecaec684dcf</sln:gmIIPId><sln:gmIIPPn>PL.PZGIK.200</sln:gmIIPPn><sln:gmIIPWersja>2012-09-26T22:08:55+02:00</sln:gmIIPWersja><sln:gmIdTeryt>1204023</sln:gmIdTeryt><sln:gmNazwa>Dąbrowa Tarnowska</sln:gmNazwa><sln:miejscIIPId>d08bebf8-8767-45e5-a532-da1956f21280</sln:miejscIIPId><sln:miejscIIPPn>PL.PZGIK.200</sln:miejscIIPPn><sln:miejscIIPWersja>2016-11-24T13:58:11+02:00</sln:miejscIIPWersja><sln:miejscIdTeryt>0837962</sln:miejscIdTeryt><sln:miejscNazwa>Za Górą</sln:miejscNazwa><sln:miejscRodzaj>Inny obiekt</sln:miejscRodzaj><sln:powIIPId>2f8e6930-0088-406e-b684-cebb73fc5bd9</sln:powIIPId><sln:powIIPPn>PL.PZGIK.200</sln:powIIPPn><sln:powIIPWersja>2012-09-27T07:52:00+02:00</sln:powIIPWersja><sln:powIdTeryt>1204</sln:powIdTeryt><sln:powNazwa>dąbrowski</sln:powNazwa><sln:wojIIPId>dd2e3c64-f861-47cf-a3a3-e7751f272b2f</sln:wojIIPId><sln:wojIIPPn>PL.PZGIK.200</sln:wojIIPPn><sln:wojIIPWersja>2017-10-10T00:00:00+02:00</sln:wojIIPWersja><sln:wojIdTeryt>12</sln:wojIdTeryt><sln:wojNazwa>małopolskie</sln:wojNazwa></sln:miejscowosc><sln:miejscowosc><sln:cyklZyciaOd>2014-12-10T00:00:00+01:00</sln:cyklZyciaOd><sln:gmIIPId>d4aeac5b-11cd-4516-b951-fecaec684dcf</sln:gmIIPId><sln:gmIIPPn>PL.PZGIK.200</sln:gmIIPPn><sln:gmIIPWersja>2012-09-26T22:08:55+02:00</sln:gmIIPWersja><sln:gmIdTeryt>1204023</sln:gmIdTeryt><sln:gmNazwa>Dąbrowa Tarnowska</sln:gmNazwa><sln:miejscIIPId>76da56d5-4e6b-42a2-b6f5-eff95d67fe6c</sln:miejscIIPId><sln:miejscIIPPn>PL.PZGIK.200</sln:miejscIIPPn><sln:miejscIIPWersja>2016-11-24T13:56:45+02:00</sln:miejscIIPWersja><sln:miejscIdTeryt>0817600</sln:miejscIdTeryt><sln:miejscNazwa>Zagrody</sln:miejscNazwa><sln:miejscRodzaj>Inny obiekt</sln:miejscRodzaj><sln:powIIPId>2f8e6930-0088-406e-b684-cebb73fc5bd9</sln:powIIPId><sln:powIIPPn>PL.PZGIK.200</sln:powIIPPn><sln:powIIPWersja>2012-09-27T07:52:00+02:00</sln:powIIPWersja><sln:powIdTeryt>1204</sln:powIdTeryt><sln:powNazwa>dąbrowski</sln:powNazwa><sln:wojIIPId>dd2e3c64-f861-47cf-a3a3-e7751f272b2f</sln:wojIIPId><sln:wojIIPPn>PL.PZGIK.200</sln:wojIIPPn><sln:wojIIPWersja>2017-10-10T00:00:00+02:00</sln:wojIIPWersja><sln:wojIdTeryt>12</sln:wojIdTeryt><sln:wojNazwa>małopolskie</sln:wojNazwa></sln:miejscowosc><sln:miejscowosc><sln:cyklZyciaOd>2014-12-10T00:00:00+01:00</sln:cyklZyciaOd><sln:gmIIPId>d4aeac5b-11cd-4516-b951-fecaec684dcf</sln:gmIIPId><sln:gmIIPPn>PL.PZGIK.200</sln:gmIIPPn><sln:gmIIPWersja>2012-09-26T22:08:55+02:00</sln:gmIIPWersja><sln:gmIdTeryt>1204023</sln:gmIdTeryt><sln:gmNazwa>Dąbrowa Tarnowska</sln:gmNazwa><sln:miejscIIPId>908f28ee-77dc-433a-94f8-e810de91c585</sln:miejscIIPId><sln:miejscIIPPn>PL.PZGIK.200</sln:miejscIIPPn><sln:miejscIIPWersja>2016-11-24T13:42:56+02:00</sln:miejscIIPWersja><sln:miejscIdTeryt>0817623</sln:miejscIdTeryt><sln:miejscNazwa>Nieczajna Dolna</sln:miejscNazwa><sln:miejscRodzaj>Wieś</sln:miejscRodzaj><sln:powIIPId>2f8e6930-0088-406e-b684-cebb73fc5bd9</sln:powIIPId><sln:powIIPPn>PL.PZGIK.200</sln:powIIPPn><sln:powIIPWersja>2012-09-27T07:52:00+02:00</sln:powIIPWersja><sln:powIdTeryt>1204</sln:powIdTeryt><sln:powNazwa>dąbrowski</sln:powNazwa><sln:wojIIPId>dd2e3c64-f861-47cf-a3a3-e7751f272b2f</sln:wojIIPId><sln:wojIIPPn>PL.PZGIK.200</sln:wojIIPPn><sln:wojIIPWersja>2017-10-10T00:00:00+02:00</sln:wojIIPWersja><sln:wojIdTeryt>12</sln:wojIdTeryt><sln:wojNazwa>małopolskie</sln:wojNazwa></sln:miejscowosc><sln:miejscowosc><sln:cyklZyciaOd>2014-12-10T00:00:00+01:00</sln:cyklZyciaOd><sln:gmIIPId>d4aeac5b-11cd-4516-b951-fecaec684dcf</sln:gmIIPId><sln:gmIIPPn>PL.PZGIK.200</sln:gmIIPPn><sln:gmIIPWersja>2012-09-26T22:08:55+02:00</sln:gmIIPWersja><sln:gmIdTeryt>1204023</sln:gmIdTeryt><sln:gmNazwa>Dąbrowa Tarnowska</sln:gmNazwa><sln:miejscIIPId>91619314-5c70-4f78-9cfb-8903dfac8e7e</sln:miejscIIPId><sln:miejscIIPPn>PL.PZGIK.200</sln:miejscIIPPn><sln:miejscIIPWersja>2016-11-24T13:40:54+02:00</sln:miejscIIPWersja><sln:miejscIdTeryt>0817557</sln:miejscIdTeryt><sln:miejscNazwa>Laskówka Chorąska</sln:miejscNazwa><sln:miejscRodzaj>Wieś</sln:miejscRodzaj><sln:powIIPId>2f8e6930-0088-406e-b684-cebb73fc5bd9</sln:powIIPId><sln:powIIPPn>PL.PZGIK.200</sln:powIIPPn><sln:powIIPWersja>2012-09-27T07:52:00+02:00</sln:powIIPWersja><sln:powIdTeryt>1204</sln:powIdTeryt><sln:powNazwa>dąbrowski</sln:powNazwa><sln:wojIIPId>dd2e3c64-f861-47cf-a3a3-e7751f272b2f</sln:wojIIPId><sln:wojIIPPn>PL.PZGIK.200</sln:wojIIPPn><sln:wojIIPWersja>2017-10-10T00:00:00+02:00</sln:wojIIPWersja><sln:wojIdTeryt>12</sln:wojIdTeryt><sln:wojNazwa>małopolskie</sln:wojNazwa></sln:miejscowosc><sln:miejscowosc><sln:cyklZyciaOd>2014-12-10T00:00:00+01:00</sln:cyklZyciaOd><sln:gmIIPId>d4aeac5b-11cd-4516-b951-fecaec684dcf</sln:gmIIPId><sln:gmIIPPn>PL.PZGIK.200</sln:gmIIPPn><sln:gmIIPWersja>2012-09-26T22:08:55+02:00</sln:gmIIPWersja><sln:gmIdTeryt>1204023</sln:gmIdTeryt><sln:gmNazwa>Dąbrowa Tarnowska</sln:gmNazwa><sln:miejscIIPId>7361a078-7851-46ae-9833-13f771837c5a</sln:miejscIIPId><sln:miejscIIPPn>PL.PZGIK.200</sln:miejscIIPPn><sln:miejscIIPWersja>2016-11-24T13:28:00+02:00</sln:miejscIIPWersja><sln:miejscIdTeryt>0817400</sln:miejscIdTeryt><sln:miejscNazwa>Brnik</sln:miejscNazwa><sln:miejscRodzaj>Wieś</sln:miejscRodzaj><sln:powIIPId>2f8e6930-0088-406e-b684-cebb73fc5bd9</sln:powIIPId><sln:powIIPPn>PL.PZGIK.200</sln:powIIPPn><sln:powIIPWersja>2012-09-27T07:52:00+02:00</sln:powIIPWersja><sln:powIdTeryt>1204</sln:powIdTeryt><sln:powNazwa>dąbrowski</sln:powNazwa><sln:wojIIPId>dd2e3c64-f861-47cf-a3a3-e7751f272b2f</sln:wojIIPId><sln:wojIIPPn>PL.PZGIK.200</sln:wojIIPPn><sln:wojIIPWersja>2017-10-10T00:00:00+02:00</sln:wojIIPWersja><sln:wojIdTeryt>12</sln:wojIdTeryt><sln:wojNazwa>małopolskie</sln:wojNazwa></sln:miejscowosc><sln:miejscowosc><sln:cyklZyciaOd>2014-12-10T00:00:00+01:00</sln:cyklZyciaOd><sln:gmIIPId>d4aeac5b-11cd-4516-b951-fecaec684dcf</sln:gmIIPId><sln:gmIIPPn>PL.PZGIK.200</sln:gmIIPPn><sln:gmIIPWersja>2012-09-26T22:08:55+02:00</sln:gmIIPWersja><sln:gmIdTeryt>1204023</sln:gmIdTeryt><sln:gmNazwa>Dąbrowa Tarnowska</sln:gmNazwa><sln:miejscIIPId>88643cc5-e45f-4088-96cb-cd29d2f071e2</sln:miejscIIPId><sln:miejscIIPPn>PL.PZGIK.200</sln:miejscIIPPn><sln:miejscIIPWersja>2016-11-24T13:58:11+02:00</sln:miejscIIPWersja><sln:miejscIdTeryt>0837979</sln:miejscIdTeryt><sln:miejscNazwa>Za Krzakami</sln:miejscNazwa><sln:miejscRodzaj>Inny obiekt</sln:miejscRodzaj><sln:powIIPId>2f8e6930-0088-406e-b684-cebb73fc5bd9</sln:powIIPId><sln:powIIPPn>PL.PZGIK.200</sln:powIIPPn><sln:powIIPWersja>2012-09-27T07:52:00+02:00</sln:powIIPWersja><sln:powIdTeryt>1204</sln:powIdTeryt><sln:powNazwa>dąbrowski</sln:powNazwa><sln:wojIIPId>dd2e3c64-f861-47cf-a3a3-e7751f272b2f</sln:wojIIPId><sln:wojIIPPn>PL.PZGIK.200</sln:wojIIPPn><sln:wojIIPWersja>2017-10-10T00:00:00+02:00</sln:wojIIPWersja><sln:wojIdTeryt>12</sln:wojIdTeryt><sln:wojNazwa>małopolskie</sln:wojNazwa></sln:miejscowosc><sln:miejscowosc><sln:cyklZyciaOd>2014-12-10T00:00:00+01:00</sln:cyklZyciaOd><sln:gmIIPId>d4aeac5b-11cd-4516-b951-fecaec684dcf</sln:gmIIPId><sln:gmIIPPn>PL.PZGIK.200</sln:gmIIPPn><sln:gmIIPWersja>2012-09-26T22:08:55+02:00</sln:gmIIPWersja><sln:gmIdTeryt>1204023</sln:gmIdTeryt><sln:gmNazwa>Dąbrowa Tarnowska</sln:gmNazwa><sln:miejscIIPId>9491865d-a313-4332-a2ca-41d76e4b10ec</sln:miejscIIPId><sln:miejscIIPPn>PL.PZGIK.200</sln:miejscIIPPn><sln:miejscIIPWersja>2016-11-24T13:52:19+02:00</sln:miejscIIPWersja><sln:miejscIdTeryt>0982210</sln:miejscIdTeryt><sln:miejscNazwa>Ulinów</sln:miejscNazwa><sln:miejscRodzaj>Inny obiekt</sln:miejscRodzaj><sln:powIIPId>2f8e6930-0088-406e-b684-cebb73fc5bd9</sln:powIIPId><sln:powIIPPn>PL.PZGIK.200</sln:powIIPPn><sln:powIIPWersja>2012-09-27T07:52:00+02:00</sln:powIIPWersja><sln:powIdTeryt>1204</sln:powIdTeryt><sln:powNazwa>dąbrowski</sln:powNazwa><sln:wojIIPId>dd2e3c64-f861-47cf-a3a3-e7751f272b2f</sln:wojIIPId><sln:wojIIPPn>PL.PZGIK.200</sln:wojIIPPn><sln:wojIIPWersja>2017-10-10T00:00:00+02:00</sln:wojIIPWersja><sln:wojIdTeryt>12</sln:wojIdTeryt><sln:wojNazwa>małopolskie</sln:wojNazwa></sln:miejscowosc><sln:miejscowosc><sln:cyklZyciaOd>2014-12-10T00:00:00+01:00</sln:cyklZyciaOd><sln:gmIIPId>d4aeac5b-11cd-4516-b951-fecaec684dcf</sln:gmIIPId><sln:gmIIPPn>PL.PZGIK.200</sln:gmIIPPn><sln:gmIIPWersja>2012-09-26T22:08:55+02:00</sln:gmIIPWersja><sln:gmIdTeryt>1204023</sln:gmIdTeryt><sln:gmNazwa>Dąbrowa Tarnowska</sln:gmNazwa><sln:miejscIIPId>c82ba053-a4f1-4cd7-a8fe-e88ae184e275</sln:miejscIIPId><sln:miejscIIPPn>PL.PZGIK.200</sln:miejscIIPPn><sln:miejscIIPWersja>2016-11-24T13:56:33+02:00</sln:miejscIIPWersja><sln:miejscIdTeryt>0817563</sln:miejscIdTeryt><sln:miejscNazwa>Łazy</sln:miejscNazwa><sln:miejscRodzaj>Inny obiekt</sln:miejscRodzaj><sln:powIIPId>2f8e6930-0088-406e-b684-cebb73fc5bd9</sln:powIIPId><sln:powIIPPn>PL.PZGIK.200</sln:powIIPPn><sln:powIIPWersja>2012-09-27T07:52:00+02:00</sln:powIIPWersja><sln:powIdTeryt>1204</sln:powIdTeryt><sln:powNazwa>dąbrowski</sln:powNazwa><sln:wojIIPId>dd2e3c64-f861-47cf-a3a3-e7751f272b2f</sln:wojIIPId><sln:wojIIPPn>PL.PZGIK.200</sln:wojIIPPn><sln:wojIIPWersja>2017-10-10T00:00:00+02:00</sln:wojIIPWersja><sln:wojIdTeryt>12</sln:wojIdTeryt><sln:wojNazwa>małopolskie</sln:wojNazwa></sln:miejscowosc><sln:miejscowosc><sln:cyklZyciaOd>2014-12-10T00:00:00+01:00</sln:cyklZyciaOd><sln:gmIIPId>d4aeac5b-11cd-4516-b951-fecaec684dcf</sln:gmIIPId><sln:gmIIPPn>PL.PZGIK.200</sln:gmIIPPn><sln:gmIIPWersja>2012-09-26T22:08:55+02:00</sln:gmIIPWersja><sln:gmIdTeryt>1204023</sln:gmIdTeryt><sln:gmNazwa>Dąbrowa Tarnowska</sln:gmNazwa><sln:miejscIIPId>e938d4ec-38e0-4297-92a2-dcbbc9e8f419</sln:miejscIIPId><sln:miejscIIPPn>PL.PZGIK.200</sln:miejscIIPPn><sln:miejscIIPWersja>2016-11-24T13:35:07+02:00</sln:miejscIIPWersja><sln:miejscIdTeryt>0817847</sln:miejscIdTeryt><sln:miejscNazwa>Żelazówka</sln:miejscNazwa><sln:miejscRodzaj>Wieś</sln:miejscRodzaj><sln:powIIPId>2f8e6930-0088-406e-b684-cebb73fc5bd9</sln:powIIPId><sln:powIIPPn>PL.PZGIK.200</sln:powIIPPn><sln:powIIPWersja>2012-09-27T07:52:00+02:00</sln:powIIPWersja><sln:powIdTeryt>1204</sln:powIdTeryt><sln:powNazwa>dąbrowski</sln:powNazwa><sln:wojIIPId>dd2e3c64-f861-47cf-a3a3-e7751f272b2f</sln:wojIIPId><sln:wojIIPPn>PL.PZGIK.200</sln:wojIIPPn><sln:wojIIPWersja>2017-10-10T00:00:00+02:00</sln:wojIIPWersja><sln:wojIdTeryt>12</sln:wojIdTeryt><sln:wojNazwa>małopolskie</sln:wojNazwa></sln:miejscowosc><sln:miejscowosc><sln:cyklZyciaOd>2014-12-10T00:00:00+01:00</sln:cyklZyciaOd><sln:gmIIPId>d4aeac5b-11cd-4516-b951-fecaec684dcf</sln:gmIIPId><sln:gmIIPPn>PL.PZGIK.200</sln:gmIIPPn><sln:gmIIPWersja>2012-09-26T22:08:55+02:00</sln:gmIIPWersja><sln:gmIdTeryt>1204023</sln:gmIdTeryt><sln:gmNazwa>Dąbrowa Tarnowska</sln:gmNazwa><sln:miejscIIPId>0aba041b-0d83-43aa-976e-c98663b244c1</sln:miejscIIPId><sln:miejscIIPPn>PL.PZGIK.200</sln:miejscIIPPn><sln:miejscIIPWersja>2016-11-24T13:52:19+02:00</sln:miejscIIPWersja><sln:miejscIdTeryt>0982180</sln:miejscIdTeryt><sln:miejscNazwa>Czernia</sln:miejscNazwa><sln:miejscRodzaj>Inny obiekt</sln:miejscRodzaj><sln:powIIPId>2f8e6930-0088-406e-b684-cebb73fc5bd9</sln:powIIPId><sln:powIIPPn>PL.PZGIK.200</sln:powIIPPn><sln:powIIPWersja>2012-09-27T07:52:00+02:00</sln:powIIPWersja><sln:powIdTeryt>1204</sln:powIdTeryt><sln:powNazwa>dąbrowski</sln:powNazwa><sln:wojIIPId>dd2e3c64-f861-47cf-a3a3-e7751f272b2f</sln:wojIIPId><sln:wojIIPPn>PL.PZGIK.200</sln:wojIIPPn><sln:wojIIPWersja>2017-10-10T00:00:00+02:00</sln:wojIIPWersja><sln:wojIdTeryt>12</sln:wojIdTeryt><sln:wojNazwa>małopolskie</sln:wojNazwa></sln:miejscowosc><sln:miejscowosc><sln:cyklZyciaOd>2014-12-10T00:00:00+01:00</sln:cyklZyciaOd><sln:gmIIPId>d4aeac5b-11cd-4516-b951-fecaec684dcf</sln:gmIIPId><sln:gmIIPPn>PL.PZGIK.200</sln:gmIIPPn><sln:gmIIPWersja>2012-09-26T22:08:55+02:00</sln:gmIIPWersja><sln:gmIdTeryt>1204023</sln:gmIdTeryt><sln:gmNazwa>Dąbrowa Tarnowska</sln:gmNazwa><sln:miejscIIPId>a0bec838-e1c4-4f77-8213-b84464add410</sln:miejscIIPId><sln:miejscIIPPn>PL.PZGIK.200</sln:miejscIIPPn><sln:miejscIIPWersja>2016-11-24T13:56:45+02:00</sln:miejscIIPWersja><sln:miejscIdTeryt>0817617</sln:miejscIdTeryt><sln:miejscNazwa>Jeziorki</sln:miejscNazwa><sln:miejscRodzaj>Inny obiekt</sln:miejscRodzaj><sln:powIIPId>2f8e6930-0088-406e-b684-cebb73fc5bd9</sln:powIIPId><sln:powIIPPn>PL.PZGIK.200</sln:powIIPPn><sln:powIIPWersja>2012-09-27T07:52:00+02:00</sln:powIIPWersja><sln:powIdTeryt>1204</sln:powIdTeryt><sln:powNazwa>dąbrowski</sln:powNazwa><sln:wojIIPId>dd2e3c64-f861-47cf-a3a3-e7751f272b2f</sln:wojIIPId><sln:wojIIPPn>PL.PZGIK.200</sln:wojIIPPn><sln:wojIIPWersja>2017-10-10T00:00:00+02:00</sln:wojIIPWersja><sln:wojIdTeryt>12</sln:wojIdTeryt><sln:wojNazwa>małopolskie</sln:wojNazwa></sln:miejscowosc><sln:miejscowosc><sln:cyklZyciaOd>2014-12-10T00:00:00+01:00</sln:cyklZyciaOd><sln:gmIIPId>d4aeac5b-11cd-4516-b951-fecaec684dcf</sln:gmIIPId><sln:gmIIPPn>PL.PZGIK.200</sln:gmIIPPn><sln:gmIIPWersja>2012-09-26T22:08:55+02:00</sln:gmIIPWersja><sln:gmIdTeryt>1204023</sln:gmIdTeryt><sln:gmNazwa>Dąbrowa Tarnowska</sln:gmNazwa><sln:miejscIIPId>090d1524-2f1a-4241-acea-92d43f360386</sln:miejscIIPId><sln:miejscIIPPn>PL.PZGIK.200</sln:miejscIIPPn><sln:miejscIIPWersja>2016-11-24T13:47:07+02:00</sln:miejscIIPWersja><sln:miejscIdTeryt>0817758</sln:miejscIdTeryt><sln:miejscNazwa>Wieś Zachodnia</sln:miejscNazwa><sln:miejscRodzaj>Inny obiekt</sln:miejscRodzaj><sln:powIIPId>2f8e6930-0088-406e-b684-cebb73fc5bd9</sln:powIIPId><sln:powIIPPn>PL.PZGIK.200</sln:powIIPPn><sln:powIIPWersja>2012-09-27T07:52:00+02:00</sln:powIIPWersja><sln:powIdTeryt>1204</sln:powIdTeryt><sln:powNazwa>dąbrowski</sln:powNazwa><sln:wojIIPId>dd2e3c64-f861-47cf-a3a3-e7751f272b2f</sln:wojIIPId><sln:wojIIPPn>PL.PZGIK.200</sln:wojIIPPn><sln:wojIIPWersja>2017-10-10T00:00:00+02:00</sln:wojIIPWersja><sln:wojIdTeryt>12</sln:wojIdTeryt><sln:wojNazwa>małopolskie</sln:wojNazwa></sln:miejscowosc><sln:miejscowosc><sln:cyklZyciaOd>2014-12-10T00:00:00+01:00</sln:cyklZyciaOd><sln:gmIIPId>d4aeac5b-11cd-4516-b951-fecaec684dcf</sln:gmIIPId><sln:gmIIPPn>PL.PZGIK.200</sln:gmIIPPn><sln:gmIIPWersja>2012-09-26T22:08:55+02:00</sln:gmIIPWersja><sln:gmIdTeryt>1204023</sln:gmIdTeryt><sln:gmNazwa>Dąbrowa Tarnowska</sln:gmNazwa><sln:miejscIIPId>53e4ddfe-c0d5-4b15-8419-4d2327d4e6da</sln:miejscIIPId><sln:miejscIIPPn>PL.PZGIK.200</sln:miejscIIPPn><sln:miejscIIPWersja>2016-11-24T13:56:45+02:00</sln:miejscIIPWersja><sln:miejscIdTeryt>0817592</sln:miejscIdTeryt><sln:miejscNazwa>Czekaj</sln:miejscNazwa><sln:miejscRodzaj>Inny obiekt</sln:miejscRodzaj><sln:powIIPId>2f8e6930-0088-406e-b684-cebb73fc5bd9</sln:powIIPId><sln:powIIPPn>PL.PZGIK.200</sln:powIIPPn><sln:powIIPWersja>2012-09-27T07:52:00+02:00</sln:powIIPWersja><sln:powIdTeryt>1204</sln:powIdTeryt><sln:powNazwa>dąbrowski</sln:powNazwa><sln:wojIIPId>dd2e3c64-f861-47cf-a3a3-e7751f272b2f</sln:wojIIPId><sln:wojIIPPn>PL.PZGIK.200</sln:wojIIPPn><sln:wojIIPWersja>2017-10-10T00:00:00+02:00</sln:wojIIPWersja><sln:wojIdTeryt>12</sln:wojIdTeryt><sln:wojNazwa>małopolskie</sln:wojNazwa></sln:miejscowosc><sln:miejscowosc><sln:cyklZyciaOd>2014-12-10T00:00:00+01:00</sln:cyklZyciaOd><sln:gmIIPId>d4aeac5b-11cd-4516-b951-fecaec684dcf</sln:gmIIPId><sln:gmIIPPn>PL.PZGIK.200</sln:gmIIPPn><sln:gmIIPWersja>2012-09-26T22:08:55+02:00</sln:gmIIPWersja><sln:gmIdTeryt>1204023</sln:gmIdTeryt><sln:gmNazwa>Dąbrowa Tarnowska</sln:gmNazwa><sln:miejscIIPId>699482f9-57b0-4dbd-ae6c-f3772059f548</sln:miejscIIPId><sln:miejscIIPPn>PL.PZGIK.200</sln:miejscIIPPn><sln:miejscIIPWersja>2016-11-24T13:47:07+02:00</sln:miejscIIPWersja><sln:miejscIdTeryt>0817764</sln:miejscIdTeryt><sln:miejscNazwa>Zagrody</sln:miejscNazwa><sln:miejscRodzaj>Inny obiekt</sln:miejscRodzaj><sln:powIIPId>2f8e6930-0088-406e-b684-cebb73fc5bd9</sln:powIIPId><sln:powIIPPn>PL.PZGIK.200</sln:powIIPPn><sln:powIIPWersja>2012-09-27T07:52:00+02:00</sln:powIIPWersja><sln:powIdTeryt>1204</sln:powIdTeryt><sln:powNazwa>dąbrowski</sln:powNazwa><sln:wojIIPId>dd2e3c64-f861-47cf-a3a3-e7751f272b2f</sln:wojIIPId><sln:wojIIPPn>PL.PZGIK.200</sln:wojIIPPn><sln:wojIIPWersja>2017-10-10T00:00:00+02:00</sln:wojIIPWersja><sln:wojIdTeryt>12</sln:wojIdTeryt><sln:wojNazwa>małopolskie</sln:wojNazwa></sln:miejscowosc><sln:miejscowosc><sln:cyklZyciaOd>2014-12-10T00:00:00+01:00</sln:cyklZyciaOd><sln:gmIIPId>d4aeac5b-11cd-4516-b951-fecaec684dcf</sln:gmIIPId><sln:gmIIPPn>PL.PZGIK.200</sln:gmIIPPn><sln:gmIIPWersja>2012-09-26T22:08:55+02:00</sln:gmIIPWersja><sln:gmIdTeryt>1204023</sln:gmIdTeryt><sln:gmNazwa>Dąbrowa Tarnowska</sln:gmNazwa><sln:miejscIIPId>8a25942d-a117-42a4-898d-e2072d43860e</sln:miejscIIPId><sln:miejscIIPPn>PL.PZGIK.200</sln:miejscIIPPn><sln:miejscIIPWersja>2016-11-24T13:30:50+02:00</sln:miejscIIPWersja><sln:miejscIdTeryt>0817698</sln:miejscIdTeryt><sln:miejscNazwa>Smęgorzów</sln:miejscNazwa><sln:miejscRodzaj>Wieś</sln:miejscRodzaj><sln:powIIPId>2f8e6930-0088-406e-b684-cebb73fc5bd9</sln:powIIPId><sln:powIIPPn>PL.PZGIK.200</sln:powIIPPn><sln:powIIPWersja>2012-09-27T07:52:00+02:00</sln:powIIPWersja><sln:powIdTeryt>1204</sln:powIdTeryt><sln:powNazwa>dąbrowski</sln:powNazwa><sln:wojIIPId>dd2e3c64-f861-47cf-a3a3-e7751f272b2f</sln:wojIIPId><sln:wojIIPPn>PL.PZGIK.200</sln:wojIIPPn><sln:wojIIPWersja>2017-10-10T00:00:00+02:00</sln:wojIIPWersja><sln:wojIdTeryt>12</sln:wojIdTeryt><sln:wojNazwa>małopolskie</sln:wojNazwa></sln:miejscowosc><sln:miejscowosc><sln:cyklZyciaOd>2014-12-10T00:00:00+01:00</sln:cyklZyciaOd><sln:gmIIPId>d4aeac5b-11cd-4516-b951-fecaec684dcf</sln:gmIIPId><sln:gmIIPPn>PL.PZGIK.200</sln:gmIIPPn><sln:gmIIPWersja>2012-09-26T22:08:55+02:00</sln:gmIIPWersja><sln:gmIdTeryt>1204023</sln:gmIdTeryt><sln:gmNazwa>Dąbrowa Tarnowska</sln:gmNazwa><sln:miejscIIPId>192f2a76-934f-4ab8-aa26-43363c191cf3</sln:miejscIIPId><sln:miejscIIPPn>PL.PZGIK.200</sln:miejscIIPPn><sln:miejscIIPWersja>2016-11-24T13:51:20+02:00</sln:miejscIIPWersja><sln:miejscIdTeryt>0817853</sln:miejscIdTeryt><sln:miejscNazwa>Koło Jedlin</sln:miejscNazwa><sln:miejscRodzaj>Inny obiekt</sln:miejscRodzaj><sln:powIIPId>2f8e6930-0088-406e-b684-cebb73fc5bd9</sln:powIIPId><sln:powIIPPn>PL.PZGIK.200</sln:powIIPPn><sln:powIIPWersja>2012-09-27T07:52:00+02:00</sln:powIIPWersja><sln:powIdTeryt>1204</sln:powIdTeryt><sln:powNazwa>dąbrowski</sln:powNazwa><sln:wojIIPId>dd2e3c64-f861-47cf-a3a3-e7751f272b2f</sln:wojIIPId><sln:wojIIPPn>PL.PZGIK.200</sln:wojIIPPn><sln:wojIIPWersja>2017-10-10T00:00:00+02:00</sln:wojIIPWersja><sln:wojIdTeryt>12</sln:wojIdTeryt><sln:wojNazwa>małopolskie</sln:wojNazwa></sln:miejscowosc><sln:miejscowosc><sln:cyklZyciaOd>2014-12-10T00:00:00+01:00</sln:cyklZyciaOd><sln:gmIIPId>d4aeac5b-11cd-4516-b951-fecaec684dcf</sln:gmIIPId><sln:gmIIPPn>PL.PZGIK.200</sln:gmIIPPn><sln:gmIIPWersja>2012-09-26T22:08:55+02:00</sln:gmIIPWersja><sln:gmIdTeryt>1204023</sln:gmIdTeryt><sln:gmNazwa>Dąbrowa Tarnowska</sln:gmNazwa><sln:miejscIIPId>f117b7bc-08e8-4960-aa28-b833cabd0e6d</sln:miejscIIPId><sln:miejscIIPPn>PL.PZGIK.200</sln:miejscIIPPn><sln:miejscIIPWersja>2016-11-24T13:58:24+02:00</sln:miejscIIPWersja><sln:miejscIdTeryt>0817669</sln:miejscIdTeryt><sln:miejscNazwa>Podlasek</sln:miejscNazwa><sln:miejscRodzaj>Inny obiekt</sln:miejscRodzaj><sln:powIIPId>2f8e6930-0088-406e-b684-cebb73fc5bd9</sln:powIIPId><sln:powIIPPn>PL.PZGIK.200</sln:powIIPPn><sln:powIIPWersja>2012-09-27T07:52:00+02:00</sln:powIIPWersja><sln:powIdTeryt>1204</sln:powIdTeryt><sln:powNazwa>dąbrowski</sln:powNazwa><sln:wojIIPId>dd2e3c64-f861-47cf-a3a3-e7751f272b2f</sln:wojIIPId><sln:wojIIPPn>PL.PZGIK.200</sln:wojIIPPn><sln:wojIIPWersja>2017-10-10T00:00:00+02:00</sln:wojIIPWersja><sln:wojIdTeryt>12</sln:wojIdTeryt><sln:wojNazwa>małopolskie</sln:wojNazwa></sln:miejscowosc><sln:miejscowosc><sln:cyklZyciaOd>2014-12-10T00:00:00+01:00</sln:cyklZyciaOd><sln:gmIIPId>d4aeac5b-11cd-4516-b951-fecaec684dcf</sln:gmIIPId><sln:gmIIPPn>PL.PZGIK.200</sln:gmIIPPn><sln:gmIIPWersja>2012-09-26T22:08:55+02:00</sln:gmIIPWersja><sln:gmIdTeryt>1204023</sln:gmIdTeryt><sln:gmNazwa>Dąbrowa Tarnowska</sln:gmNazwa><sln:miejscIIPId>f7db3895-8209-4e1d-912c-099ce4373fc8</sln:miejscIIPId><sln:miejscIIPPn>PL.PZGIK.200</sln:miejscIIPPn><sln:miejscIIPWersja>2016-11-24T13:48:11+02:00</sln:miejscIIPWersja><sln:miejscIdTeryt>0817824</sln:miejscIdTeryt><sln:miejscNazwa>Podbeleryt</sln:miejscNazwa><sln:miejscRodzaj>Inny obiekt</sln:miejscRodzaj><sln:powIIPId>2f8e6930-0088-406e-b684-cebb73fc5bd9</sln:powIIPId><sln:powIIPPn>PL.PZGIK.200</sln:powIIPPn><sln:powIIPWersja>2012-09-27T07:52:00+02:00</sln:powIIPWersja><sln:powIdTeryt>1204</sln:powIdTeryt><sln:powNazwa>dąbrowski</sln:powNazwa><sln:wojIIPId>dd2e3c64-f861-47cf-a3a3-e7751f272b2f</sln:wojIIPId><sln:wojIIPPn>PL.PZGIK.200</sln:wojIIPPn><sln:wojIIPWersja>2017-10-10T00:00:00+02:00</sln:wojIIPWersja><sln:wojIdTeryt>12</sln:wojIdTeryt><sln:wojNazwa>małopolskie</sln:wojNazwa></sln:miejscowosc></sln:lista-miejscowosci>