<?xml version="1.0" encoding="UTF-8" standalone="yes"?><sln:lista-miejscowosci xmlns:srv="http://gugik.gov.pl/schemas/slowniki-service/1.0" xmlns:sln="http://gugik.gov.pl/schemas/slowniki-schema/1.0"><sln:miejscowosc><sln:cyklZyciaDo>2017-04-19T00:00:00+02:00</sln:cyklZyciaDo><sln:cyklZyciaOd>2015-09-15T00:00:00+02:00</sln:cyklZyciaOd><sln:gmIIPId>8398c13e-4ec3-4fac-a8de-fc95268a6cc0</sln:gmIIPId><sln:gmIIPPn>PL.PZGIK.200</sln:gmIIPPn><sln:gmIIPWersja>2012-09-26T22:13:44+02:00</sln:gmIIPWersja><sln:gmIdTeryt>1218022</sln:gmIdTeryt><sln:gmNazwa>Brzeźnica</sln:gmNazwa><sln:miejscIIPId>f86bcac8-d2d2-4d7d-b4a9-562c3632ab69</sln:miejscIIPId><sln:miejscIIPPn>PL.PZGIK.200</sln:miejscIIPPn><sln:miejscIIPWersja>2016-11-24T08:45:05+02:00</sln:miejscIIPWersja><sln:miejscIdTeryt>0047220</sln:miejscIdTeryt><sln:miejscNazwa>Bęczyn</sln:miejscNazwa><sln:miejscRodzaj>Wieś</sln:miejscRodzaj><sln:powIIPId>db2b392c-5d8b-4afe-ae75-bc6f563eeb80</sln:powIIPId><sln:powIIPPn>PL.PZGIK.200</sln:powIIPPn><sln:powIIPWersja>2012-09-27T07:52:01+02:00</sln:powIIPWersja><sln:powIdTeryt>1218</sln:powIdTeryt><sln:powNazwa>wadowicki</sln:powNazwa><sln:waznyOd>2014-07-18T00:00:00+02:00</sln:waznyOd><sln:wojIIPId>dd2e3c64-f861-47cf-a3a3-e7751f272b2f</sln:wojIIPId><sln:wojIIPPn>PL.PZGIK.200</sln:wojIIPPn><sln:wojIIPWersja>2017-10-10T00:00:00+02:00</sln:wojIIPWersja><sln:wojIdTeryt>12</sln:wojIdTeryt><sln:wojNazwa>małopolskie</sln:wojNazwa></sln:miejscowosc><sln:miejscowosc><sln:cyklZyciaDo>2017-04-19T00:00:00+02:00</sln:cyklZyciaDo><sln:cyklZyciaOd>2015-09-15T00:00:00+02:00</sln:cyklZyciaOd><sln:gmIIPId>8398c13e-4ec3-4fac-a8de-fc95268a6cc0</sln:gmIIPId><sln:gmIIPPn>PL.PZGIK.200</sln:gmIIPPn><sln:gmIIPWersja>2012-09-26T22:13:44+02:00</sln:gmIIPWersja><sln:gmIdTeryt>1218022</sln:gmIdTeryt><sln:gmNazwa>Brzeźnica</sln:gmNazwa><sln:miejscIIPId>4a90c1ed-e565-4b65-90be-8aca3ac90546</sln:miejscIIPId><sln:miejscIIPPn>PL.PZGIK.200</sln:miejscIIPPn><sln:miejscIIPWersja>2016-11-24T08:45:05+02:00</sln:miejscIIPWersja><sln:miejscIdTeryt>0047310</sln:miejscIdTeryt><sln:miejscNazwa>Brzezinka</sln:miejscNazwa><sln:miejscRodzaj>Wieś</sln:miejscRodzaj><sln:powIIPId>db2b392c-5d8b-4afe-ae75-bc6f563eeb80</sln:powIIPId><sln:powIIPPn>PL.PZGIK.200</sln:powIIPPn><sln:powIIPWersja>2012-09-27T07:52:01+02:00</sln:powIIPWersja><sln:powIdTeryt>1218</sln:powIdTeryt><sln:powNazwa>wadowicki</sln:powNazwa><sln:waznyOd>2014-07-18T00:00:00+02:00</sln:waznyOd><sln:wojIIPId>dd2e3c64-f861-47cf-a3a3-e7751f272b2f</sln:wojIIPId><sln:wojIIPPn>PL.PZGIK.200</sln:wojIIPPn><sln:wojIIPWersja>2017-10-10T00:00:00+02:00</sln:wojIIPWersja><sln:wojIdTeryt>12</sln:wojIdTeryt><sln:wojNazwa>małopolskie</sln:wojNazwa></sln:miejscowosc><sln:miejscowosc><sln:cyklZyciaDo>2017-04-19T00:00:00+02:00</sln:cyklZyciaDo><sln:cyklZyciaOd>2015-09-15T00:00:00+02:00</sln:cyklZyciaOd><sln:gmIIPId>8398c13e-4ec3-4fac-a8de-fc95268a6cc0</sln:gmIIPId><sln:gmIIPPn>PL.PZGIK.200</sln:gmIIPPn><sln:gmIIPWersja>2012-09-26T22:13:44+02:00</sln:gmIIPWersja><sln:gmIdTeryt>1218022</sln:gmIdTeryt><sln:gmNazwa>Brzeźnica</sln:gmNazwa><sln:miejscIIPId>a4f4ec31-2cc6-44ef-a326-7456c6009b91</sln:miejscIIPId><sln:miejscIIPPn>PL.PZGIK.200</sln:miejscIIPPn><sln:miejscIIPWersja>2016-11-24T08:45:05+02:00</sln:miejscIIPWersja><sln:miejscIdTeryt>0047361</sln:miejscIdTeryt><sln:miejscNazwa>Brzeźnica</sln:miejscNazwa><sln:miejscRodzaj>Wieś</sln:miejscRodzaj><sln:powIIPId>db2b392c-5d8b-4afe-ae75-bc6f563eeb80</sln:powIIPId><sln:powIIPPn>PL.PZGIK.200</sln:powIIPPn><sln:powIIPWersja>2012-09-27T07:52:01+02:00</sln:powIIPWersja><sln:powIdTeryt>1218</sln:powIdTeryt><sln:powNazwa>wadowicki</sln:powNazwa><sln:waznyOd>2014-07-18T00:00:00+02:00</sln:waznyOd><sln:wojIIPId>dd2e3c64-f861-47cf-a3a3-e7751f272b2f</sln:wojIIPId><sln:wojIIPPn>PL.PZGIK.200</sln:wojIIPPn><sln:wojIIPWersja>2017-10-10T00:00:00+02:00</sln:wojIIPWersja><sln:wojIdTeryt>12</sln:wojIdTeryt><sln:wojNazwa>małopolskie</sln:wojNazwa></sln:miejscowosc><sln:miejscowosc><sln:cyklZyciaDo>2017-04-19T00:00:00+02:00</sln:cyklZyciaDo><sln:cyklZyciaOd>2015-09-15T00:00:00+02:00</sln:cyklZyciaOd><sln:gmIIPId>8398c13e-4ec3-4fac-a8de-fc95268a6cc0</sln:gmIIPId><sln:gmIIPPn>PL.PZGIK.200</sln:gmIIPPn><sln:gmIIPWersja>2012-09-26T22:13:44+02:00</sln:gmIIPWersja><sln:gmIdTeryt>1218022</sln:gmIdTeryt><sln:gmNazwa>Brzeźnica</sln:gmNazwa><sln:miejscIIPId>b979a3c2-1f6d-49a4-bd39-3d0f53754f59</sln:miejscIIPId><sln:miejscIIPPn>PL.PZGIK.200</sln:miejscIIPPn><sln:miejscIIPWersja>2016-11-24T08:45:05+02:00</sln:miejscIIPWersja><sln:miejscIdTeryt>0047467</sln:miejscIdTeryt><sln:miejscNazwa>Chrząstowice</sln:miejscNazwa><sln:miejscRodzaj>Wieś</sln:miejscRodzaj><sln:powIIPId>db2b392c-5d8b-4afe-ae75-bc6f563eeb80</sln:powIIPId><sln:powIIPPn>PL.PZGIK.200</sln:powIIPPn><sln:powIIPWersja>2012-09-27T07:52:01+02:00</sln:powIIPWersja><sln:powIdTeryt>1218</sln:powIdTeryt><sln:powNazwa>wadowicki</sln:powNazwa><sln:waznyOd>2014-07-18T00:00:00+02:00</sln:waznyOd><sln:wojIIPId>dd2e3c64-f861-47cf-a3a3-e7751f272b2f</sln:wojIIPId><sln:wojIIPPn>PL.PZGIK.200</sln:wojIIPPn><sln:wojIIPWersja>2017-10-10T00:00:00+02:00</sln:wojIIPWersja><sln:wojIdTeryt>12</sln:wojIdTeryt><sln:wojNazwa>małopolskie</sln:wojNazwa></sln:miejscowosc><sln:miejscowosc><sln:cyklZyciaDo>2017-04-19T00:00:00+02:00</sln:cyklZyciaDo><sln:cyklZyciaOd>2015-09-15T00:00:00+02:00</sln:cyklZyciaOd><sln:gmIIPId>8398c13e-4ec3-4fac-a8de-fc95268a6cc0</sln:gmIIPId><sln:gmIIPPn>PL.PZGIK.200</sln:gmIIPPn><sln:gmIIPWersja>2012-09-26T22:13:44+02:00</sln:gmIIPWersja><sln:gmIdTeryt>1218022</sln:gmIdTeryt><sln:gmNazwa>Brzeźnica</sln:gmNazwa><sln:miejscIIPId>f46a63be-af29-4f3a-82c8-719658349fb1</sln:miejscIIPId><sln:miejscIIPPn>PL.PZGIK.200</sln:miejscIIPPn><sln:miejscIIPWersja>2016-11-24T08:45:05+02:00</sln:miejscIIPWersja><sln:miejscIdTeryt>0047510</sln:miejscIdTeryt><sln:miejscNazwa>Kopytówka</sln:miejscNazwa><sln:miejscRodzaj>Wieś</sln:miejscRodzaj><sln:powIIPId>db2b392c-5d8b-4afe-ae75-bc6f563eeb80</sln:powIIPId><sln:powIIPPn>PL.PZGIK.200</sln:powIIPPn><sln:powIIPWersja>2012-09-27T07:52:01+02:00</sln:powIIPWersja><sln:powIdTeryt>1218</sln:powIdTeryt><sln:powNazwa>wadowicki</sln:powNazwa><sln:waznyOd>2014-07-18T00:00:00+02:00</sln:waznyOd><sln:wojIIPId>dd2e3c64-f861-47cf-a3a3-e7751f272b2f</sln:wojIIPId><sln:wojIIPPn>PL.PZGIK.200</sln:wojIIPPn><sln:wojIIPWersja>2017-10-10T00:00:00+02:00</sln:wojIIPWersja><sln:wojIdTeryt>12</sln:wojIdTeryt><sln:wojNazwa>małopolskie</sln:wojNazwa></sln:miejscowosc><sln:miejscowosc><sln:cyklZyciaDo>2017-04-19T00:00:00+02:00</sln:cyklZyciaDo><sln:cyklZyciaOd>2015-09-15T00:00:00+02:00</sln:cyklZyciaOd><sln:gmIIPId>8398c13e-4ec3-4fac-a8de-fc95268a6cc0</sln:gmIIPId><sln:gmIIPPn>PL.PZGIK.200</sln:gmIIPPn><sln:gmIIPWersja>2012-09-26T22:13:44+02:00</sln:gmIIPWersja><sln:gmIdTeryt>1218022</sln:gmIdTeryt><sln:gmNazwa>Brzeźnica</sln:gmNazwa><sln:miejscIIPId>53400a5c-4f17-401c-a2b9-8b440fb6d491</sln:miejscIIPId><sln:miejscIIPPn>PL.PZGIK.200</sln:miejscIIPPn><sln:miejscIIPWersja>2016-11-24T08:45:05+02:00</sln:miejscIIPWersja><sln:miejscIdTeryt>0047579</sln:miejscIdTeryt><sln:miejscNazwa>Kossowa</sln:miejscNazwa><sln:miejscRodzaj>Wieś</sln:miejscRodzaj><sln:powIIPId>db2b392c-5d8b-4afe-ae75-bc6f563eeb80</sln:powIIPId><sln:powIIPPn>PL.PZGIK.200</sln:powIIPPn><sln:powIIPWersja>2012-09-27T07:52:01+02:00</sln:powIIPWersja><sln:powIdTeryt>1218</sln:powIdTeryt><sln:powNazwa>wadowicki</sln:powNazwa><sln:waznyOd>2014-07-18T00:00:00+02:00</sln:waznyOd><sln:wojIIPId>dd2e3c64-f861-47cf-a3a3-e7751f272b2f</sln:wojIIPId><sln:wojIIPPn>PL.PZGIK.200</sln:wojIIPPn><sln:wojIIPWersja>2017-10-10T00:00:00+02:00</sln:wojIIPWersja><sln:wojIdTeryt>12</sln:wojIdTeryt><sln:wojNazwa>małopolskie</sln:wojNazwa></sln:miejscowosc><sln:miejscowosc><sln:cyklZyciaDo>2017-04-19T00:00:00+02:00</sln:cyklZyciaDo><sln:cyklZyciaOd>2015-09-15T00:00:00+02:00</sln:cyklZyciaOd><sln:gmIIPId>8398c13e-4ec3-4fac-a8de-fc95268a6cc0</sln:gmIIPId><sln:gmIIPPn>PL.PZGIK.200</sln:gmIIPPn><sln:gmIIPWersja>2012-09-26T22:13:44+02:00</sln:gmIIPWersja><sln:gmIdTeryt>1218022</sln:gmIdTeryt><sln:gmNazwa>Brzeźnica</sln:gmNazwa><sln:miejscIIPId>ca829152-0cfd-4571-a4f3-9ec238b7fd6d</sln:miejscIIPId><sln:miejscIIPPn>PL.PZGIK.200</sln:miejscIIPPn><sln:miejscIIPWersja>2016-11-24T08:45:05+02:00</sln:miejscIIPWersja><sln:miejscIdTeryt>0047639</sln:miejscIdTeryt><sln:miejscNazwa>Łączany</sln:miejscNazwa><sln:miejscRodzaj>Wieś</sln:miejscRodzaj><sln:powIIPId>db2b392c-5d8b-4afe-ae75-bc6f563eeb80</sln:powIIPId><sln:powIIPPn>PL.PZGIK.200</sln:powIIPPn><sln:powIIPWersja>2012-09-27T07:52:01+02:00</sln:powIIPWersja><sln:powIdTeryt>1218</sln:powIdTeryt><sln:powNazwa>wadowicki</sln:powNazwa><sln:waznyOd>2014-07-18T00:00:00+02:00</sln:waznyOd><sln:wojIIPId>dd2e3c64-f861-47cf-a3a3-e7751f272b2f</sln:wojIIPId><sln:wojIIPPn>PL.PZGIK.200</sln:wojIIPPn><sln:wojIIPWersja>2017-10-10T00:00:00+02:00</sln:wojIIPWersja><sln:wojIdTeryt>12</sln:wojIdTeryt><sln:wojNazwa>małopolskie</sln:wojNazwa></sln:miejscowosc><sln:miejscowosc><sln:cyklZyciaDo>2017-04-19T00:00:00+02:00</sln:cyklZyciaDo><sln:cyklZyciaOd>2015-09-15T00:00:00+02:00</sln:cyklZyciaOd><sln:gmIIPId>8398c13e-4ec3-4fac-a8de-fc95268a6cc0</sln:gmIIPId><sln:gmIIPPn>PL.PZGIK.200</sln:gmIIPPn><sln:gmIIPWersja>2012-09-26T22:13:44+02:00</sln:gmIIPWersja><sln:gmIdTeryt>1218022</sln:gmIdTeryt><sln:gmNazwa>Brzeźnica</sln:gmNazwa><sln:miejscIIPId>50b2c394-b8ca-47f9-a265-34e80b83262c</sln:miejscIIPId><sln:miejscIIPPn>PL.PZGIK.200</sln:miejscIIPPn><sln:miejscIIPWersja>2016-11-24T08:45:05+02:00</sln:miejscIIPWersja><sln:miejscIdTeryt>0047711</sln:miejscIdTeryt><sln:miejscNazwa>Marcyporęba</sln:miejscNazwa><sln:miejscRodzaj>Wieś</sln:miejscRodzaj><sln:powIIPId>db2b392c-5d8b-4afe-ae75-bc6f563eeb80</sln:powIIPId><sln:powIIPPn>PL.PZGIK.200</sln:powIIPPn><sln:powIIPWersja>2012-09-27T07:52:01+02:00</sln:powIIPWersja><sln:powIdTeryt>1218</sln:powIdTeryt><sln:powNazwa>wadowicki</sln:powNazwa><sln:waznyOd>2014-07-18T00:00:00+02:00</sln:waznyOd><sln:wojIIPId>dd2e3c64-f861-47cf-a3a3-e7751f272b2f</sln:wojIIPId><sln:wojIIPPn>PL.PZGIK.200</sln:wojIIPPn><sln:wojIIPWersja>2017-10-10T00:00:00+02:00</sln:wojIIPWersja><sln:wojIdTeryt>12</sln:wojIdTeryt><sln:wojNazwa>małopolskie</sln:wojNazwa></sln:miejscowosc><sln:miejscowosc><sln:cyklZyciaDo>2017-04-19T00:00:00+02:00</sln:cyklZyciaDo><sln:cyklZyciaOd>2015-09-15T00:00:00+02:00</sln:cyklZyciaOd><sln:gmIIPId>8398c13e-4ec3-4fac-a8de-fc95268a6cc0</sln:gmIIPId><sln:gmIIPPn>PL.PZGIK.200</sln:gmIIPPn><sln:gmIIPWersja>2012-09-26T22:13:44+02:00</sln:gmIIPWersja><sln:gmIdTeryt>1218022</sln:gmIdTeryt><sln:gmNazwa>Brzeźnica</sln:gmNazwa><sln:miejscIIPId>fb2c9bc6-6e5f-45d6-bdd0-ab14e35a8d25</sln:miejscIIPId><sln:miejscIIPPn>PL.PZGIK.200</sln:miejscIIPPn><sln:miejscIIPWersja>2016-11-24T08:45:05+02:00</sln:miejscIIPWersja><sln:miejscIdTeryt>0047869</sln:miejscIdTeryt><sln:miejscNazwa>Nowe Dwory</sln:miejscNazwa><sln:miejscRodzaj>Wieś</sln:miejscRodzaj><sln:powIIPId>db2b392c-5d8b-4afe-ae75-bc6f563eeb80</sln:powIIPId><sln:powIIPPn>PL.PZGIK.200</sln:powIIPPn><sln:powIIPWersja>2012-09-27T07:52:01+02:00</sln:powIIPWersja><sln:powIdTeryt>1218</sln:powIdTeryt><sln:powNazwa>wadowicki</sln:powNazwa><sln:waznyOd>2014-07-18T00:00:00+02:00</sln:waznyOd><sln:wojIIPId>dd2e3c64-f861-47cf-a3a3-e7751f272b2f</sln:wojIIPId><sln:wojIIPPn>PL.PZGIK.200</sln:wojIIPPn><sln:wojIIPWersja>2017-10-10T00:00:00+02:00</sln:wojIIPWersja><sln:wojIdTeryt>12</sln:wojIdTeryt><sln:wojNazwa>małopolskie</sln:wojNazwa></sln:miejscowosc><sln:miejscowosc><sln:cyklZyciaDo>2017-04-19T00:00:00+02:00</sln:cyklZyciaDo><sln:cyklZyciaOd>2015-09-15T00:00:00+02:00</sln:cyklZyciaOd><sln:gmIIPId>8398c13e-4ec3-4fac-a8de-fc95268a6cc0</sln:gmIIPId><sln:gmIIPPn>PL.PZGIK.200</sln:gmIIPPn><sln:gmIIPWersja>2012-09-26T22:13:44+02:00</sln:gmIIPWersja><sln:gmIdTeryt>1218022</sln:gmIdTeryt><sln:gmNazwa>Brzeźnica</sln:gmNazwa><sln:miejscIIPId>283fa655-b069-4784-b3fa-1aa1f1af2e12</sln:miejscIIPId><sln:miejscIIPPn>PL.PZGIK.200</sln:miejscIIPPn><sln:miejscIIPWersja>2016-11-24T08:45:05+02:00</sln:miejscIIPWersja><sln:miejscIdTeryt>0047912</sln:miejscIdTeryt><sln:miejscNazwa>Paszkówka</sln:miejscNazwa><sln:miejscRodzaj>Wieś</sln:miejscRodzaj><sln:powIIPId>db2b392c-5d8b-4afe-ae75-bc6f563eeb80</sln:powIIPId><sln:powIIPPn>PL.PZGIK.200</sln:powIIPPn><sln:powIIPWersja>2012-09-27T07:52:01+02:00</sln:powIIPWersja><sln:powIdTeryt>1218</sln:powIdTeryt><sln:powNazwa>wadowicki</sln:powNazwa><sln:waznyOd>2014-07-18T00:00:00+02:00</sln:waznyOd><sln:wojIIPId>dd2e3c64-f861-47cf-a3a3-e7751f272b2f</sln:wojIIPId><sln:wojIIPPn>PL.PZGIK.200</sln:wojIIPPn><sln:wojIIPWersja>2017-10-10T00:00:00+02:00</sln:wojIIPWersja><sln:wojIdTeryt>12</sln:wojIdTeryt><sln:wojNazwa>małopolskie</sln:wojNazwa></sln:miejscowosc><sln:miejscowosc><sln:cyklZyciaDo>2017-04-19T00:00:00+02:00</sln:cyklZyciaDo><sln:cyklZyciaOd>2015-09-15T00:00:00+02:00</sln:cyklZyciaOd><sln:gmIIPId>8398c13e-4ec3-4fac-a8de-fc95268a6cc0</sln:gmIIPId><sln:gmIIPPn>PL.PZGIK.200</sln:gmIIPPn><sln:gmIIPWersja>2012-09-26T22:13:44+02:00</sln:gmIIPWersja><sln:gmIdTeryt>1218022</sln:gmIdTeryt><sln:gmNazwa>Brzeźnica</sln:gmNazwa><sln:miejscIIPId>e69b45a9-3156-4844-b017-011d54bead6e</sln:miejscIIPId><sln:miejscIIPPn>PL.PZGIK.200</sln:miejscIIPPn><sln:miejscIIPWersja>2016-11-24T08:45:05+02:00</sln:miejscIIPWersja><sln:miejscIdTeryt>0048136</sln:miejscIdTeryt><sln:miejscNazwa>Sosnowice</sln:miejscNazwa><sln:miejscRodzaj>Wieś</sln:miejscRodzaj><sln:powIIPId>db2b392c-5d8b-4afe-ae75-bc6f563eeb80</sln:powIIPId><sln:powIIPPn>PL.PZGIK.200</sln:powIIPPn><sln:powIIPWersja>2012-09-27T07:52:01+02:00</sln:powIIPWersja><sln:powIdTeryt>1218</sln:powIdTeryt><sln:powNazwa>wadowicki</sln:powNazwa><sln:waznyOd>2014-07-18T00:00:00+02:00</sln:waznyOd><sln:wojIIPId>dd2e3c64-f861-47cf-a3a3-e7751f272b2f</sln:wojIIPId><sln:wojIIPPn>PL.PZGIK.200</sln:wojIIPPn><sln:wojIIPWersja>2017-10-10T00:00:00+02:00</sln:wojIIPWersja><sln:wojIdTeryt>12</sln:wojIdTeryt><sln:wojNazwa>małopolskie</sln:wojNazwa></sln:miejscowosc><sln:miejscowosc><sln:cyklZyciaDo>2017-04-19T00:00:00+02:00</sln:cyklZyciaDo><sln:cyklZyciaOd>2015-09-15T00:00:00+02:00</sln:cyklZyciaOd><sln:gmIIPId>8398c13e-4ec3-4fac-a8de-fc95268a6cc0</sln:gmIIPId><sln:gmIIPPn>PL.PZGIK.200</sln:gmIIPPn><sln:gmIIPWersja>2012-09-26T22:13:44+02:00</sln:gmIIPWersja><sln:gmIdTeryt>1218022</sln:gmIdTeryt><sln:gmNazwa>Brzeźnica</sln:gmNazwa><sln:miejscIIPId>d6767d86-ee2e-406d-ad4f-9fcdd937da94</sln:miejscIIPId><sln:miejscIIPPn>PL.PZGIK.200</sln:miejscIIPPn><sln:miejscIIPWersja>2016-11-24T08:45:05+02:00</sln:miejscIIPWersja><sln:miejscIdTeryt>0048231</sln:miejscIdTeryt><sln:miejscNazwa>Tłuczań</sln:miejscNazwa><sln:miejscRodzaj>Wieś</sln:miejscRodzaj><sln:powIIPId>db2b392c-5d8b-4afe-ae75-bc6f563eeb80</sln:powIIPId><sln:powIIPPn>PL.PZGIK.200</sln:powIIPPn><sln:powIIPWersja>2012-09-27T07:52:01+02:00</sln:powIIPWersja><sln:powIdTeryt>1218</sln:powIdTeryt><sln:powNazwa>wadowicki</sln:powNazwa><sln:waznyOd>2014-07-18T00:00:00+02:00</sln:waznyOd><sln:wojIIPId>dd2e3c64-f861-47cf-a3a3-e7751f272b2f</sln:wojIIPId><sln:wojIIPPn>PL.PZGIK.200</sln:wojIIPPn><sln:wojIIPWersja>2017-10-10T00:00:00+02:00</sln:wojIIPWersja><sln:wojIdTeryt>12</sln:wojIdTeryt><sln:wojNazwa>małopolskie</sln:wojNazwa></sln:miejscowosc><sln:miejscowosc><sln:cyklZyciaDo>2017-04-19T00:00:00+02:00</sln:cyklZyciaDo><sln:cyklZyciaOd>2015-09-15T00:00:00+02:00</sln:cyklZyciaOd><sln:gmIIPId>8398c13e-4ec3-4fac-a8de-fc95268a6cc0</sln:gmIIPId><sln:gmIIPPn>PL.PZGIK.200</sln:gmIIPPn><sln:gmIIPWersja>2012-09-26T22:13:44+02:00</sln:gmIIPWersja><sln:gmIdTeryt>1218022</sln:gmIdTeryt><sln:gmNazwa>Brzeźnica</sln:gmNazwa><sln:miejscIIPId>90f5cb00-12b4-4460-82ca-cdefe7958ece</sln:miejscIIPId><sln:miejscIIPPn>PL.PZGIK.200</sln:miejscIIPPn><sln:miejscIIPWersja>2016-11-24T08:45:05+02:00</sln:miejscIIPWersja><sln:miejscIdTeryt>0048320</sln:miejscIdTeryt><sln:miejscNazwa>Wyźrał</sln:miejscNazwa><sln:miejscRodzaj>Wieś</sln:miejscRodzaj><sln:powIIPId>db2b392c-5d8b-4afe-ae75-bc6f563eeb80</sln:powIIPId><sln:powIIPPn>PL.PZGIK.200</sln:powIIPPn><sln:powIIPWersja>2012-09-27T07:52:01+02:00</sln:powIIPWersja><sln:powIdTeryt>1218</sln:powIdTeryt><sln:powNazwa>wadowicki</sln:powNazwa><sln:waznyOd>2014-07-18T00:00:00+02:00</sln:waznyOd><sln:wojIIPId>dd2e3c64-f861-47cf-a3a3-e7751f272b2f</sln:wojIIPId><sln:wojIIPPn>PL.PZGIK.200</sln:wojIIPPn><sln:wojIIPWersja>2017-10-10T00:00:00+02:00</sln:wojIIPWersja><sln:wojIdTeryt>12</sln:wojIdTeryt><sln:wojNazwa>małopolskie</sln:wojNazwa></sln:miejscowosc><sln:miejscowosc><sln:cyklZyciaOd>2017-04-19T00:00:00+02:00</sln:cyklZyciaOd><sln:gmIIPId>8398c13e-4ec3-4fac-a8de-fc95268a6cc0</sln:gmIIPId><sln:gmIIPPn>PL.PZGIK.200</sln:gmIIPPn><sln:gmIIPWersja>2012-09-26T22:13:44+02:00</sln:gmIIPWersja><sln:gmIdTeryt>1218022</sln:gmIdTeryt><sln:gmNazwa>Brzeźnica</sln:gmNazwa><sln:miejscIIPId>f86bcac8-d2d2-4d7d-b4a9-562c3632ab69</sln:miejscIIPId><sln:miejscIIPPn>PL.PZGIK.200</sln:miejscIIPPn><sln:miejscIIPWersja>2017-04-19T09:01:59+02:00</sln:miejscIIPWersja><sln:miejscIdTeryt>0047220</sln:miejscIdTeryt><sln:miejscNazwa>Bęczyn</sln:miejscNazwa><sln:miejscRodzaj>Wieś</sln:miejscRodzaj><sln:powIIPId>db2b392c-5d8b-4afe-ae75-bc6f563eeb80</sln:powIIPId><sln:powIIPPn>PL.PZGIK.200</sln:powIIPPn><sln:powIIPWersja>2012-09-27T07:52:01+02:00</sln:powIIPWersja><sln:powIdTeryt>1218</sln:powIdTeryt><sln:powNazwa>wadowicki</sln:powNazwa><sln:waznyOd>2014-07-18T00:00:00+02:00</sln:waznyOd><sln:wojIIPId>dd2e3c64-f861-47cf-a3a3-e7751f272b2f</sln:wojIIPId><sln:wojIIPPn>PL.PZGIK.200</sln:wojIIPPn><sln:wojIIPWersja>2017-10-10T00:00:00+02:00</sln:wojIIPWersja><sln:wojIdTeryt>12</sln:wojIdTeryt><sln:wojNazwa>małopolskie</sln:wojNazwa></sln:miejscowosc><sln:miejscowosc><sln:cyklZyciaOd>2017-04-19T00:00:00+02:00</sln:cyklZyciaOd><sln:gmIIPId>8398c13e-4ec3-4fac-a8de-fc95268a6cc0</sln:gmIIPId><sln:gmIIPPn>PL.PZGIK.200</sln:gmIIPPn><sln:gmIIPWersja>2012-09-26T22:13:44+02:00</sln:gmIIPWersja><sln:gmIdTeryt>1218022</sln:gmIdTeryt><sln:gmNazwa>Brzeźnica</sln:gmNazwa><sln:miejscIIPId>4a90c1ed-e565-4b65-90be-8aca3ac90546</sln:miejscIIPId><sln:miejscIIPPn>PL.PZGIK.200</sln:miejscIIPPn><sln:miejscIIPWersja>2017-04-19T09:02:08+02:00</sln:miejscIIPWersja><sln:miejscIdTeryt>0047310</sln:miejscIdTeryt><sln:miejscNazwa>Brzezinka</sln:miejscNazwa><sln:miejscRodzaj>Wieś</sln:miejscRodzaj><sln:powIIPId>db2b392c-5d8b-4afe-ae75-bc6f563eeb80</sln:powIIPId><sln:powIIPPn>PL.PZGIK.200</sln:powIIPPn><sln:powIIPWersja>2012-09-27T07:52:01+02:00</sln:powIIPWersja><sln:powIdTeryt>1218</sln:powIdTeryt><sln:powNazwa>wadowicki</sln:powNazwa><sln:waznyOd>2014-07-18T00:00:00+02:00</sln:waznyOd><sln:wojIIPId>dd2e3c64-f861-47cf-a3a3-e7751f272b2f</sln:wojIIPId><sln:wojIIPPn>PL.PZGIK.200</sln:wojIIPPn><sln:wojIIPWersja>2017-10-10T00:00:00+02:00</sln:wojIIPWersja><sln:wojIdTeryt>12</sln:wojIdTeryt><sln:wojNazwa>małopolskie</sln:wojNazwa></sln:miejscowosc><sln:miejscowosc><sln:cyklZyciaOd>2017-04-19T00:00:00+02:00</sln:cyklZyciaOd><sln:gmIIPId>8398c13e-4ec3-4fac-a8de-fc95268a6cc0</sln:gmIIPId><sln:gmIIPPn>PL.PZGIK.200</sln:gmIIPPn><sln:gmIIPWersja>2012-09-26T22:13:44+02:00</sln:gmIIPWersja><sln:gmIdTeryt>1218022</sln:gmIdTeryt><sln:gmNazwa>Brzeźnica</sln:gmNazwa><sln:miejscIIPId>a4f4ec31-2cc6-44ef-a326-7456c6009b91</sln:miejscIIPId><sln:miejscIIPPn>PL.PZGIK.200</sln:miejscIIPPn><sln:miejscIIPWersja>2017-04-19T09:02:08+02:00</sln:miejscIIPWersja><sln:miejscIdTeryt>0047361</sln:miejscIdTeryt><sln:miejscNazwa>Brzeźnica</sln:miejscNazwa><sln:miejscRodzaj>Wieś</sln:miejscRodzaj><sln:powIIPId>db2b392c-5d8b-4afe-ae75-bc6f563eeb80</sln:powIIPId><sln:powIIPPn>PL.PZGIK.200</sln:powIIPPn><sln:powIIPWersja>2012-09-27T07:52:01+02:00</sln:powIIPWersja><sln:powIdTeryt>1218</sln:powIdTeryt><sln:powNazwa>wadowicki</sln:powNazwa><sln:waznyOd>2014-07-18T00:00:00+02:00</sln:waznyOd><sln:wojIIPId>dd2e3c64-f861-47cf-a3a3-e7751f272b2f</sln:wojIIPId><sln:wojIIPPn>PL.PZGIK.200</sln:wojIIPPn><sln:wojIIPWersja>2017-10-10T00:00:00+02:00</sln:wojIIPWersja><sln:wojIdTeryt>12</sln:wojIdTeryt><sln:wojNazwa>małopolskie</sln:wojNazwa></sln:miejscowosc><sln:miejscowosc><sln:cyklZyciaOd>2017-04-19T00:00:00+02:00</sln:cyklZyciaOd><sln:gmIIPId>8398c13e-4ec3-4fac-a8de-fc95268a6cc0</sln:gmIIPId><sln:gmIIPPn>PL.PZGIK.200</sln:gmIIPPn><sln:gmIIPWersja>2012-09-26T22:13:44+02:00</sln:gmIIPWersja><sln:gmIdTeryt>1218022</sln:gmIdTeryt><sln:gmNazwa>Brzeźnica</sln:gmNazwa><sln:miejscIIPId>b979a3c2-1f6d-49a4-bd39-3d0f53754f59</sln:miejscIIPId><sln:miejscIIPPn>PL.PZGIK.200</sln:miejscIIPPn><sln:miejscIIPWersja>2017-04-19T09:02:08+02:00</sln:miejscIIPWersja><sln:miejscIdTeryt>0047467</sln:miejscIdTeryt><sln:miejscNazwa>Chrząstowice</sln:miejscNazwa><sln:miejscRodzaj>Wieś</sln:miejscRodzaj><sln:powIIPId>db2b392c-5d8b-4afe-ae75-bc6f563eeb80</sln:powIIPId><sln:powIIPPn>PL.PZGIK.200</sln:powIIPPn><sln:powIIPWersja>2012-09-27T07:52:01+02:00</sln:powIIPWersja><sln:powIdTeryt>1218</sln:powIdTeryt><sln:powNazwa>wadowicki</sln:powNazwa><sln:waznyOd>2014-07-18T00:00:00+02:00</sln:waznyOd><sln:wojIIPId>dd2e3c64-f861-47cf-a3a3-e7751f272b2f</sln:wojIIPId><sln:wojIIPPn>PL.PZGIK.200</sln:wojIIPPn><sln:wojIIPWersja>2017-10-10T00:00:00+02:00</sln:wojIIPWersja><sln:wojIdTeryt>12</sln:wojIdTeryt><sln:wojNazwa>małopolskie</sln:wojNazwa></sln:miejscowosc><sln:miejscowosc><sln:cyklZyciaOd>2017-04-19T00:00:00+02:00</sln:cyklZyciaOd><sln:gmIIPId>8398c13e-4ec3-4fac-a8de-fc95268a6cc0</sln:gmIIPId><sln:gmIIPPn>PL.PZGIK.200</sln:gmIIPPn><sln:gmIIPWersja>2012-09-26T22:13:44+02:00</sln:gmIIPWersja><sln:gmIdTeryt>1218022</sln:gmIdTeryt><sln:gmNazwa>Brzeźnica</sln:gmNazwa><sln:miejscIIPId>f46a63be-af29-4f3a-82c8-719658349fb1</sln:miejscIIPId><sln:miejscIIPPn>PL.PZGIK.200</sln:miejscIIPPn><sln:miejscIIPWersja>2017-04-19T09:02:08+02:00</sln:miejscIIPWersja><sln:miejscIdTeryt>0047510</sln:miejscIdTeryt><sln:miejscNazwa>Kopytówka</sln:miejscNazwa><sln:miejscRodzaj>Wieś</sln:miejscRodzaj><sln:powIIPId>db2b392c-5d8b-4afe-ae75-bc6f563eeb80</sln:powIIPId><sln:powIIPPn>PL.PZGIK.200</sln:powIIPPn><sln:powIIPWersja>2012-09-27T07:52:01+02:00</sln:powIIPWersja><sln:powIdTeryt>1218</sln:powIdTeryt><sln:powNazwa>wadowicki</sln:powNazwa><sln:waznyOd>2014-07-18T00:00:00+02:00</sln:waznyOd><sln:wojIIPId>dd2e3c64-f861-47cf-a3a3-e7751f272b2f</sln:wojIIPId><sln:wojIIPPn>PL.PZGIK.200</sln:wojIIPPn><sln:wojIIPWersja>2017-10-10T00:00:00+02:00</sln:wojIIPWersja><sln:wojIdTeryt>12</sln:wojIdTeryt><sln:wojNazwa>małopolskie</sln:wojNazwa></sln:miejscowosc><sln:miejscowosc><sln:cyklZyciaOd>2017-04-19T00:00:00+02:00</sln:cyklZyciaOd><sln:gmIIPId>8398c13e-4ec3-4fac-a8de-fc95268a6cc0</sln:gmIIPId><sln:gmIIPPn>PL.PZGIK.200</sln:gmIIPPn><sln:gmIIPWersja>2012-09-26T22:13:44+02:00</sln:gmIIPWersja><sln:gmIdTeryt>1218022</sln:gmIdTeryt><sln:gmNazwa>Brzeźnica</sln:gmNazwa><sln:miejscIIPId>53400a5c-4f17-401c-a2b9-8b440fb6d491</sln:miejscIIPId><sln:miejscIIPPn>PL.PZGIK.200</sln:miejscIIPPn><sln:miejscIIPWersja>2017-04-19T09:02:08+02:00</sln:miejscIIPWersja><sln:miejscIdTeryt>0047579</sln:miejscIdTeryt><sln:miejscNazwa>Kossowa</sln:miejscNazwa><sln:miejscRodzaj>Wieś</sln:miejscRodzaj><sln:powIIPId>db2b392c-5d8b-4afe-ae75-bc6f563eeb80</sln:powIIPId><sln:powIIPPn>PL.PZGIK.200</sln:powIIPPn><sln:powIIPWersja>2012-09-27T07:52:01+02:00</sln:powIIPWersja><sln:powIdTeryt>1218</sln:powIdTeryt><sln:powNazwa>wadowicki</sln:powNazwa><sln:waznyOd>2014-07-18T00:00:00+02:00</sln:waznyOd><sln:wojIIPId>dd2e3c64-f861-47cf-a3a3-e7751f272b2f</sln:wojIIPId><sln:wojIIPPn>PL.PZGIK.200</sln:wojIIPPn><sln:wojIIPWersja>2017-10-10T00:00:00+02:00</sln:wojIIPWersja><sln:wojIdTeryt>12</sln:wojIdTeryt><sln:wojNazwa>małopolskie</sln:wojNazwa></sln:miejscowosc><sln:miejscowosc><sln:cyklZyciaOd>2017-04-19T00:00:00+02:00</sln:cyklZyciaOd><sln:gmIIPId>8398c13e-4ec3-4fac-a8de-fc95268a6cc0</sln:gmIIPId><sln:gmIIPPn>PL.PZGIK.200</sln:gmIIPPn><sln:gmIIPWersja>2012-09-26T22:13:44+02:00</sln:gmIIPWersja><sln:gmIdTeryt>1218022</sln:gmIdTeryt><sln:gmNazwa>Brzeźnica</sln:gmNazwa><sln:miejscIIPId>ca829152-0cfd-4571-a4f3-9ec238b7fd6d</sln:miejscIIPId><sln:miejscIIPPn>PL.PZGIK.200</sln:miejscIIPPn><sln:miejscIIPWersja>2017-04-19T09:02:08+02:00</sln:miejscIIPWersja><sln:miejscIdTeryt>0047639</sln:miejscIdTeryt><sln:miejscNazwa>Łączany</sln:miejscNazwa><sln:miejscRodzaj>Wieś</sln:miejscRodzaj><sln:powIIPId>db2b392c-5d8b-4afe-ae75-bc6f563eeb80</sln:powIIPId><sln:powIIPPn>PL.PZGIK.200</sln:powIIPPn><sln:powIIPWersja>2012-09-27T07:52:01+02:00</sln:powIIPWersja><sln:powIdTeryt>1218</sln:powIdTeryt><sln:powNazwa>wadowicki</sln:powNazwa><sln:waznyOd>2014-07-18T00:00:00+02:00</sln:waznyOd><sln:wojIIPId>dd2e3c64-f861-47cf-a3a3-e7751f272b2f</sln:wojIIPId><sln:wojIIPPn>PL.PZGIK.200</sln:wojIIPPn><sln:wojIIPWersja>2017-10-10T00:00:00+02:00</sln:wojIIPWersja><sln:wojIdTeryt>12</sln:wojIdTeryt><sln:wojNazwa>małopolskie</sln:wojNazwa></sln:miejscowosc><sln:miejscowosc><sln:cyklZyciaOd>2017-04-19T00:00:00+02:00</sln:cyklZyciaOd><sln:gmIIPId>8398c13e-4ec3-4fac-a8de-fc95268a6cc0</sln:gmIIPId><sln:gmIIPPn>PL.PZGIK.200</sln:gmIIPPn><sln:gmIIPWersja>2012-09-26T22:13:44+02:00</sln:gmIIPWersja><sln:gmIdTeryt>1218022</sln:gmIdTeryt><sln:gmNazwa>Brzeźnica</sln:gmNazwa><sln:miejscIIPId>50b2c394-b8ca-47f9-a265-34e80b83262c</sln:miejscIIPId><sln:miejscIIPPn>PL.PZGIK.200</sln:miejscIIPPn><sln:miejscIIPWersja>2017-04-19T09:02:08+02:00</sln:miejscIIPWersja><sln:miejscIdTeryt>0047711</sln:miejscIdTeryt><sln:miejscNazwa>Marcyporęba</sln:miejscNazwa><sln:miejscRodzaj>Wieś</sln:miejscRodzaj><sln:powIIPId>db2b392c-5d8b-4afe-ae75-bc6f563eeb80</sln:powIIPId><sln:powIIPPn>PL.PZGIK.200</sln:powIIPPn><sln:powIIPWersja>2012-09-27T07:52:01+02:00</sln:powIIPWersja><sln:powIdTeryt>1218</sln:powIdTeryt><sln:powNazwa>wadowicki</sln:powNazwa><sln:waznyOd>2014-07-18T00:00:00+02:00</sln:waznyOd><sln:wojIIPId>dd2e3c64-f861-47cf-a3a3-e7751f272b2f</sln:wojIIPId><sln:wojIIPPn>PL.PZGIK.200</sln:wojIIPPn><sln:wojIIPWersja>2017-10-10T00:00:00+02:00</sln:wojIIPWersja><sln:wojIdTeryt>12</sln:wojIdTeryt><sln:wojNazwa>małopolskie</sln:wojNazwa></sln:miejscowosc><sln:miejscowosc><sln:cyklZyciaOd>2017-04-19T00:00:00+02:00</sln:cyklZyciaOd><sln:gmIIPId>8398c13e-4ec3-4fac-a8de-fc95268a6cc0</sln:gmIIPId><sln:gmIIPPn>PL.PZGIK.200</sln:gmIIPPn><sln:gmIIPWersja>2012-09-26T22:13:44+02:00</sln:gmIIPWersja><sln:gmIdTeryt>1218022</sln:gmIdTeryt><sln:gmNazwa>Brzeźnica</sln:gmNazwa><sln:miejscIIPId>fb2c9bc6-6e5f-45d6-bdd0-ab14e35a8d25</sln:miejscIIPId><sln:miejscIIPPn>PL.PZGIK.200</sln:miejscIIPPn><sln:miejscIIPWersja>2017-04-19T09:02:08+02:00</sln:miejscIIPWersja><sln:miejscIdTeryt>0047869</sln:miejscIdTeryt><sln:miejscNazwa>Nowe Dwory</sln:miejscNazwa><sln:miejscRodzaj>Wieś</sln:miejscRodzaj><sln:powIIPId>db2b392c-5d8b-4afe-ae75-bc6f563eeb80</sln:powIIPId><sln:powIIPPn>PL.PZGIK.200</sln:powIIPPn><sln:powIIPWersja>2012-09-27T07:52:01+02:00</sln:powIIPWersja><sln:powIdTeryt>1218</sln:powIdTeryt><sln:powNazwa>wadowicki</sln:powNazwa><sln:waznyOd>2014-07-18T00:00:00+02:00</sln:waznyOd><sln:wojIIPId>dd2e3c64-f861-47cf-a3a3-e7751f272b2f</sln:wojIIPId><sln:wojIIPPn>PL.PZGIK.200</sln:wojIIPPn><sln:wojIIPWersja>2017-10-10T00:00:00+02:00</sln:wojIIPWersja><sln:wojIdTeryt>12</sln:wojIdTeryt><sln:wojNazwa>małopolskie</sln:wojNazwa></sln:miejscowosc><sln:miejscowosc><sln:cyklZyciaOd>2017-04-19T00:00:00+02:00</sln:cyklZyciaOd><sln:gmIIPId>8398c13e-4ec3-4fac-a8de-fc95268a6cc0</sln:gmIIPId><sln:gmIIPPn>PL.PZGIK.200</sln:gmIIPPn><sln:gmIIPWersja>2012-09-26T22:13:44+02:00</sln:gmIIPWersja><sln:gmIdTeryt>1218022</sln:gmIdTeryt><sln:gmNazwa>Brzeźnica</sln:gmNazwa><sln:miejscIIPId>283fa655-b069-4784-b3fa-1aa1f1af2e12</sln:miejscIIPId><sln:miejscIIPPn>PL.PZGIK.200</sln:miejscIIPPn><sln:miejscIIPWersja>2017-04-19T09:02:08+02:00</sln:miejscIIPWersja><sln:miejscIdTeryt>0047912</sln:miejscIdTeryt><sln:miejscNazwa>Paszkówka</sln:miejscNazwa><sln:miejscRodzaj>Wieś</sln:miejscRodzaj><sln:powIIPId>db2b392c-5d8b-4afe-ae75-bc6f563eeb80</sln:powIIPId><sln:powIIPPn>PL.PZGIK.200</sln:powIIPPn><sln:powIIPWersja>2012-09-27T07:52:01+02:00</sln:powIIPWersja><sln:powIdTeryt>1218</sln:powIdTeryt><sln:powNazwa>wadowicki</sln:powNazwa><sln:waznyOd>2014-07-18T00:00:00+02:00</sln:waznyOd><sln:wojIIPId>dd2e3c64-f861-47cf-a3a3-e7751f272b2f</sln:wojIIPId><sln:wojIIPPn>PL.PZGIK.200</sln:wojIIPPn><sln:wojIIPWersja>2017-10-10T00:00:00+02:00</sln:wojIIPWersja><sln:wojIdTeryt>12</sln:wojIdTeryt><sln:wojNazwa>małopolskie</sln:wojNazwa></sln:miejscowosc><sln:miejscowosc><sln:cyklZyciaOd>2017-04-19T00:00:00+02:00</sln:cyklZyciaOd><sln:gmIIPId>8398c13e-4ec3-4fac-a8de-fc95268a6cc0</sln:gmIIPId><sln:gmIIPPn>PL.PZGIK.200</sln:gmIIPPn><sln:gmIIPWersja>2012-09-26T22:13:44+02:00</sln:gmIIPWersja><sln:gmIdTeryt>1218022</sln:gmIdTeryt><sln:gmNazwa>Brzeźnica</sln:gmNazwa><sln:miejscIIPId>e69b45a9-3156-4844-b017-011d54bead6e</sln:miejscIIPId><sln:miejscIIPPn>PL.PZGIK.200</sln:miejscIIPPn><sln:miejscIIPWersja>2017-04-19T09:02:08+02:00</sln:miejscIIPWersja><sln:miejscIdTeryt>0048136</sln:miejscIdTeryt><sln:miejscNazwa>Sosnowice</sln:miejscNazwa><sln:miejscRodzaj>Wieś</sln:miejscRodzaj><sln:powIIPId>db2b392c-5d8b-4afe-ae75-bc6f563eeb80</sln:powIIPId><sln:powIIPPn>PL.PZGIK.200</sln:powIIPPn><sln:powIIPWersja>2012-09-27T07:52:01+02:00</sln:powIIPWersja><sln:powIdTeryt>1218</sln:powIdTeryt><sln:powNazwa>wadowicki</sln:powNazwa><sln:waznyOd>2014-07-18T00:00:00+02:00</sln:waznyOd><sln:wojIIPId>dd2e3c64-f861-47cf-a3a3-e7751f272b2f</sln:wojIIPId><sln:wojIIPPn>PL.PZGIK.200</sln:wojIIPPn><sln:wojIIPWersja>2017-10-10T00:00:00+02:00</sln:wojIIPWersja><sln:wojIdTeryt>12</sln:wojIdTeryt><sln:wojNazwa>małopolskie</sln:wojNazwa></sln:miejscowosc><sln:miejscowosc><sln:cyklZyciaOd>2017-04-19T00:00:00+02:00</sln:cyklZyciaOd><sln:gmIIPId>8398c13e-4ec3-4fac-a8de-fc95268a6cc0</sln:gmIIPId><sln:gmIIPPn>PL.PZGIK.200</sln:gmIIPPn><sln:gmIIPWersja>2012-09-26T22:13:44+02:00</sln:gmIIPWersja><sln:gmIdTeryt>1218022</sln:gmIdTeryt><sln:gmNazwa>Brzeźnica</sln:gmNazwa><sln:miejscIIPId>d6767d86-ee2e-406d-ad4f-9fcdd937da94</sln:miejscIIPId><sln:miejscIIPPn>PL.PZGIK.200</sln:miejscIIPPn><sln:miejscIIPWersja>2017-04-19T09:02:09+02:00</sln:miejscIIPWersja><sln:miejscIdTeryt>0048231</sln:miejscIdTeryt><sln:miejscNazwa>Tłuczań</sln:miejscNazwa><sln:miejscRodzaj>Wieś</sln:miejscRodzaj><sln:powIIPId>db2b392c-5d8b-4afe-ae75-bc6f563eeb80</sln:powIIPId><sln:powIIPPn>PL.PZGIK.200</sln:powIIPPn><sln:powIIPWersja>2012-09-27T07:52:01+02:00</sln:powIIPWersja><sln:powIdTeryt>1218</sln:powIdTeryt><sln:powNazwa>wadowicki</sln:powNazwa><sln:waznyOd>2014-07-18T00:00:00+02:00</sln:waznyOd><sln:wojIIPId>dd2e3c64-f861-47cf-a3a3-e7751f272b2f</sln:wojIIPId><sln:wojIIPPn>PL.PZGIK.200</sln:wojIIPPn><sln:wojIIPWersja>2017-10-10T00:00:00+02:00</sln:wojIIPWersja><sln:wojIdTeryt>12</sln:wojIdTeryt><sln:wojNazwa>małopolskie</sln:wojNazwa></sln:miejscowosc><sln:miejscowosc><sln:cyklZyciaOd>2017-04-19T00:00:00+02:00</sln:cyklZyciaOd><sln:gmIIPId>8398c13e-4ec3-4fac-a8de-fc95268a6cc0</sln:gmIIPId><sln:gmIIPPn>PL.PZGIK.200</sln:gmIIPPn><sln:gmIIPWersja>2012-09-26T22:13:44+02:00</sln:gmIIPWersja><sln:gmIdTeryt>1218022</sln:gmIdTeryt><sln:gmNazwa>Brzeźnica</sln:gmNazwa><sln:miejscIIPId>90f5cb00-12b4-4460-82ca-cdefe7958ece</sln:miejscIIPId><sln:miejscIIPPn>PL.PZGIK.200</sln:miejscIIPPn><sln:miejscIIPWersja>2017-04-19T09:02:09+02:00</sln:miejscIIPWersja><sln:miejscIdTeryt>0048320</sln:miejscIdTeryt><sln:miejscNazwa>Wyźrał</sln:miejscNazwa><sln:miejscRodzaj>Wieś</sln:miejscRodzaj><sln:powIIPId>db2b392c-5d8b-4afe-ae75-bc6f563eeb80</sln:powIIPId><sln:powIIPPn>PL.PZGIK.200</sln:powIIPPn><sln:powIIPWersja>2012-09-27T07:52:01+02:00</sln:powIIPWersja><sln:powIdTeryt>1218</sln:powIdTeryt><sln:powNazwa>wadowicki</sln:powNazwa><sln:waznyOd>2014-07-18T00:00:00+02:00</sln:waznyOd><sln:wojIIPId>dd2e3c64-f861-47cf-a3a3-e7751f272b2f</sln:wojIIPId><sln:wojIIPPn>PL.PZGIK.200</sln:wojIIPPn><sln:wojIIPWersja>2017-10-10T00:00:00+02:00</sln:wojIIPWersja><sln:wojIdTeryt>12</sln:wojIdTeryt><sln:wojNazwa>małopolskie</sln:wojNazwa></sln:miejscowosc></sln:lista-miejscowosci>