<?xml version="1.0" encoding="UTF-8" standalone="yes"?><sln:lista-miejscowosci xmlns:srv="http://gugik.gov.pl/schemas/slowniki-service/1.0" xmlns:sln="http://gugik.gov.pl/schemas/slowniki-schema/1.0"><sln:miejscowosc><sln:cyklZyciaOd>2014-11-25T00:00:00+01:00</sln:cyklZyciaOd><sln:gmIIPId>a6ceeb8a-dca8-45d6-bb16-f1325537ac9b</sln:gmIIPId><sln:gmIIPPn>PL.PZGIK.200</sln:gmIIPPn><sln:gmIIPWersja>2012-09-26T22:09:02+02:00</sln:gmIIPWersja><sln:gmIdTeryt>1205011</sln:gmIdTeryt><sln:gmNazwa>Gorlice</sln:gmNazwa><sln:miejscIIPId>91154e59-8c68-48f5-a8d8-75fbff7c7ba1</sln:miejscIIPId><sln:miejscIIPPn>PL.PZGIK.200</sln:miejscIIPPn><sln:miejscIIPWersja>2016-11-24T13:44:37+02:00</sln:miejscIIPWersja><sln:miejscIdTeryt>3019628</sln:miejscIdTeryt><sln:miejscNazwa>Łużna</sln:miejscNazwa><sln:miejscRodzaj>Inny obiekt</sln:miejscRodzaj><sln:powIIPId>5b376d4f-e6fb-48f4-9302-a9b0a6cc2aeb</sln:powIIPId><sln:powIIPPn>PL.PZGIK.200</sln:powIIPPn><sln:powIIPWersja>2017-10-10T00:00:00+02:00</sln:powIIPWersja><sln:powIdTeryt>1205</sln:powIdTeryt><sln:powNazwa>gorlicki</sln:powNazwa><sln:wojIIPId>dd2e3c64-f861-47cf-a3a3-e7751f272b2f</sln:wojIIPId><sln:wojIIPPn>PL.PZGIK.200</sln:wojIIPPn><sln:wojIIPWersja>2017-10-10T00:00:00+02:00</sln:wojIIPWersja><sln:wojIdTeryt>12</sln:wojIdTeryt><sln:wojNazwa>małopolskie</sln:wojNazwa></sln:miejscowosc><sln:miejscowosc><sln:cyklZyciaOd>2014-11-25T00:00:00+01:00</sln:cyklZyciaOd><sln:gmIIPId>a6ceeb8a-dca8-45d6-bb16-f1325537ac9b</sln:gmIIPId><sln:gmIIPPn>PL.PZGIK.200</sln:gmIIPPn><sln:gmIIPWersja>2012-09-26T22:09:02+02:00</sln:gmIIPWersja><sln:gmIdTeryt>1205011</sln:gmIdTeryt><sln:gmNazwa>Gorlice</sln:gmNazwa><sln:miejscIIPId>9fbf799f-e211-45cd-b461-f8ca9e3073da</sln:miejscIIPId><sln:miejscIIPPn>PL.PZGIK.200</sln:miejscIIPPn><sln:miejscIIPWersja>2016-11-24T13:37:31+02:00</sln:miejscIIPWersja><sln:miejscIdTeryt>0959903</sln:miejscIdTeryt><sln:miejscNazwa>Gorlice</sln:miejscNazwa><sln:miejscRodzaj>Miasto</sln:miejscRodzaj><sln:powIIPId>5b376d4f-e6fb-48f4-9302-a9b0a6cc2aeb</sln:powIIPId><sln:powIIPPn>PL.PZGIK.200</sln:powIIPPn><sln:powIIPWersja>2017-10-10T00:00:00+02:00</sln:powIIPWersja><sln:powIdTeryt>1205</sln:powIdTeryt><sln:powNazwa>gorlicki</sln:powNazwa><sln:wojIIPId>dd2e3c64-f861-47cf-a3a3-e7751f272b2f</sln:wojIIPId><sln:wojIIPPn>PL.PZGIK.200</sln:wojIIPPn><sln:wojIIPWersja>2017-10-10T00:00:00+02:00</sln:wojIIPWersja><sln:wojIdTeryt>12</sln:wojIdTeryt><sln:wojNazwa>małopolskie</sln:wojNazwa></sln:miejscowosc><sln:miejscowosc><sln:cyklZyciaOd>2014-11-25T00:00:00+01:00</sln:cyklZyciaOd><sln:gmIIPId>a6ceeb8a-dca8-45d6-bb16-f1325537ac9b</sln:gmIIPId><sln:gmIIPPn>PL.PZGIK.200</sln:gmIIPPn><sln:gmIIPWersja>2012-09-26T22:09:02+02:00</sln:gmIIPWersja><sln:gmIdTeryt>1205011</sln:gmIdTeryt><sln:gmNazwa>Gorlice</sln:gmNazwa><sln:miejscIIPId>fc016a2d-1e7c-4197-b912-e15cfa838ed9</sln:miejscIIPId><sln:miejscIIPPn>PL.PZGIK.200</sln:miejscIIPPn><sln:miejscIIPWersja>2016-11-24T13:44:37+02:00</sln:miejscIIPWersja><sln:miejscIdTeryt>3019637</sln:miejscIdTeryt><sln:miejscNazwa>Dębina</sln:miejscNazwa><sln:miejscRodzaj>Inny obiekt</sln:miejscRodzaj><sln:powIIPId>5b376d4f-e6fb-48f4-9302-a9b0a6cc2aeb</sln:powIIPId><sln:powIIPPn>PL.PZGIK.200</sln:powIIPPn><sln:powIIPWersja>2017-10-10T00:00:00+02:00</sln:powIIPWersja><sln:powIdTeryt>1205</sln:powIdTeryt><sln:powNazwa>gorlicki</sln:powNazwa><sln:wojIIPId>dd2e3c64-f861-47cf-a3a3-e7751f272b2f</sln:wojIIPId><sln:wojIIPPn>PL.PZGIK.200</sln:wojIIPPn><sln:wojIIPWersja>2017-10-10T00:00:00+02:00</sln:wojIIPWersja><sln:wojIdTeryt>12</sln:wojIdTeryt><sln:wojNazwa>małopolskie</sln:wojNazwa></sln:miejscowosc><sln:miejscowosc><sln:cyklZyciaOd>2014-11-25T00:00:00+01:00</sln:cyklZyciaOd><sln:gmIIPId>a6ceeb8a-dca8-45d6-bb16-f1325537ac9b</sln:gmIIPId><sln:gmIIPPn>PL.PZGIK.200</sln:gmIIPPn><sln:gmIIPWersja>2012-09-26T22:09:02+02:00</sln:gmIIPWersja><sln:gmIdTeryt>1205011</sln:gmIdTeryt><sln:gmNazwa>Gorlice</sln:gmNazwa><sln:miejscIIPId>92a321a1-2905-44fe-861c-2bebfa8d0e62</sln:miejscIIPId><sln:miejscIIPPn>PL.PZGIK.200</sln:miejscIIPPn><sln:miejscIIPWersja>2016-11-24T13:44:37+02:00</sln:miejscIIPWersja><sln:miejscIdTeryt>3019631</sln:miejscIdTeryt><sln:miejscNazwa>Podlesie</sln:miejscNazwa><sln:miejscRodzaj>Inny obiekt</sln:miejscRodzaj><sln:powIIPId>5b376d4f-e6fb-48f4-9302-a9b0a6cc2aeb</sln:powIIPId><sln:powIIPPn>PL.PZGIK.200</sln:powIIPPn><sln:powIIPWersja>2017-10-10T00:00:00+02:00</sln:powIIPWersja><sln:powIdTeryt>1205</sln:powIdTeryt><sln:powNazwa>gorlicki</sln:powNazwa><sln:wojIIPId>dd2e3c64-f861-47cf-a3a3-e7751f272b2f</sln:wojIIPId><sln:wojIIPPn>PL.PZGIK.200</sln:wojIIPPn><sln:wojIIPWersja>2017-10-10T00:00:00+02:00</sln:wojIIPWersja><sln:wojIdTeryt>12</sln:wojIdTeryt><sln:wojNazwa>małopolskie</sln:wojNazwa></sln:miejscowosc><sln:miejscowosc><sln:cyklZyciaOd>2014-11-25T00:00:00+01:00</sln:cyklZyciaOd><sln:gmIIPId>a6ceeb8a-dca8-45d6-bb16-f1325537ac9b</sln:gmIIPId><sln:gmIIPPn>PL.PZGIK.200</sln:gmIIPPn><sln:gmIIPWersja>2012-09-26T22:09:02+02:00</sln:gmIIPWersja><sln:gmIdTeryt>1205011</sln:gmIdTeryt><sln:gmNazwa>Gorlice</sln:gmNazwa><sln:miejscIIPId>ccb58fa2-f46c-4ed9-9f69-653c461d0b0e</sln:miejscIIPId><sln:miejscIIPPn>PL.PZGIK.200</sln:miejscIIPPn><sln:miejscIIPWersja>2016-11-24T13:54:09+02:00</sln:miejscIIPWersja><sln:miejscIdTeryt>0959990</sln:miejscIdTeryt><sln:miejscNazwa>Pocieszka</sln:miejscNazwa><sln:miejscRodzaj>Inny obiekt</sln:miejscRodzaj><sln:powIIPId>5b376d4f-e6fb-48f4-9302-a9b0a6cc2aeb</sln:powIIPId><sln:powIIPPn>PL.PZGIK.200</sln:powIIPPn><sln:powIIPWersja>2017-10-10T00:00:00+02:00</sln:powIIPWersja><sln:powIdTeryt>1205</sln:powIdTeryt><sln:powNazwa>gorlicki</sln:powNazwa><sln:wojIIPId>dd2e3c64-f861-47cf-a3a3-e7751f272b2f</sln:wojIIPId><sln:wojIIPPn>PL.PZGIK.200</sln:wojIIPPn><sln:wojIIPWersja>2017-10-10T00:00:00+02:00</sln:wojIIPWersja><sln:wojIdTeryt>12</sln:wojIdTeryt><sln:wojNazwa>małopolskie</sln:wojNazwa></sln:miejscowosc><sln:miejscowosc><sln:cyklZyciaOd>2014-11-25T00:00:00+01:00</sln:cyklZyciaOd><sln:gmIIPId>a6ceeb8a-dca8-45d6-bb16-f1325537ac9b</sln:gmIIPId><sln:gmIIPPn>PL.PZGIK.200</sln:gmIIPPn><sln:gmIIPWersja>2012-09-26T22:09:02+02:00</sln:gmIIPWersja><sln:gmIdTeryt>1205011</sln:gmIdTeryt><sln:gmNazwa>Gorlice</sln:gmNazwa><sln:miejscIIPId>2e250775-bbad-4c9c-95b1-4a94e8b89d54</sln:miejscIIPId><sln:miejscIIPPn>PL.PZGIK.200</sln:miejscIIPPn><sln:miejscIIPWersja>2016-11-24T13:54:09+02:00</sln:miejscIIPWersja><sln:miejscIdTeryt>0960013</sln:miejscIdTeryt><sln:miejscNazwa>Sokół</sln:miejscNazwa><sln:miejscRodzaj>Inny obiekt</sln:miejscRodzaj><sln:powIIPId>5b376d4f-e6fb-48f4-9302-a9b0a6cc2aeb</sln:powIIPId><sln:powIIPPn>PL.PZGIK.200</sln:powIIPPn><sln:powIIPWersja>2017-10-10T00:00:00+02:00</sln:powIIPWersja><sln:powIdTeryt>1205</sln:powIdTeryt><sln:powNazwa>gorlicki</sln:powNazwa><sln:wojIIPId>dd2e3c64-f861-47cf-a3a3-e7751f272b2f</sln:wojIIPId><sln:wojIIPPn>PL.PZGIK.200</sln:wojIIPPn><sln:wojIIPWersja>2017-10-10T00:00:00+02:00</sln:wojIIPWersja><sln:wojIdTeryt>12</sln:wojIdTeryt><sln:wojNazwa>małopolskie</sln:wojNazwa></sln:miejscowosc><sln:miejscowosc><sln:cyklZyciaOd>2014-11-25T00:00:00+01:00</sln:cyklZyciaOd><sln:gmIIPId>a6ceeb8a-dca8-45d6-bb16-f1325537ac9b</sln:gmIIPId><sln:gmIIPPn>PL.PZGIK.200</sln:gmIIPPn><sln:gmIIPWersja>2012-09-26T22:09:02+02:00</sln:gmIIPWersja><sln:gmIdTeryt>1205011</sln:gmIdTeryt><sln:gmNazwa>Gorlice</sln:gmNazwa><sln:miejscIIPId>1d5bfb1a-727d-4be9-86f4-b4ea232fe174</sln:miejscIIPId><sln:miejscIIPPn>PL.PZGIK.200</sln:miejscIIPPn><sln:miejscIIPWersja>2016-11-24T13:54:09+02:00</sln:miejscIIPWersja><sln:miejscIdTeryt>0960036</sln:miejscIdTeryt><sln:miejscNazwa>Zawodzie</sln:miejscNazwa><sln:miejscRodzaj>Inny obiekt</sln:miejscRodzaj><sln:powIIPId>5b376d4f-e6fb-48f4-9302-a9b0a6cc2aeb</sln:powIIPId><sln:powIIPPn>PL.PZGIK.200</sln:powIIPPn><sln:powIIPWersja>2017-10-10T00:00:00+02:00</sln:powIIPWersja><sln:powIdTeryt>1205</sln:powIdTeryt><sln:powNazwa>gorlicki</sln:powNazwa><sln:wojIIPId>dd2e3c64-f861-47cf-a3a3-e7751f272b2f</sln:wojIIPId><sln:wojIIPPn>PL.PZGIK.200</sln:wojIIPPn><sln:wojIIPWersja>2017-10-10T00:00:00+02:00</sln:wojIIPWersja><sln:wojIdTeryt>12</sln:wojIdTeryt><sln:wojNazwa>małopolskie</sln:wojNazwa></sln:miejscowosc><sln:miejscowosc><sln:cyklZyciaOd>2014-11-25T00:00:00+01:00</sln:cyklZyciaOd><sln:gmIIPId>a6ceeb8a-dca8-45d6-bb16-f1325537ac9b</sln:gmIIPId><sln:gmIIPPn>PL.PZGIK.200</sln:gmIIPPn><sln:gmIIPWersja>2012-09-26T22:09:02+02:00</sln:gmIIPWersja><sln:gmIdTeryt>1205011</sln:gmIdTeryt><sln:gmNazwa>Gorlice</sln:gmNazwa><sln:miejscIIPId>be3ba671-b610-4cd6-adf9-bfdb5756fc1c</sln:miejscIIPId><sln:miejscIIPPn>PL.PZGIK.200</sln:miejscIIPPn><sln:miejscIIPWersja>2016-11-24T13:54:09+02:00</sln:miejscIIPWersja><sln:miejscIdTeryt>0960020</sln:miejscIdTeryt><sln:miejscNazwa>Śródmieście</sln:miejscNazwa><sln:miejscRodzaj>Inny obiekt</sln:miejscRodzaj><sln:powIIPId>5b376d4f-e6fb-48f4-9302-a9b0a6cc2aeb</sln:powIIPId><sln:powIIPPn>PL.PZGIK.200</sln:powIIPPn><sln:powIIPWersja>2017-10-10T00:00:00+02:00</sln:powIIPWersja><sln:powIdTeryt>1205</sln:powIdTeryt><sln:powNazwa>gorlicki</sln:powNazwa><sln:wojIIPId>dd2e3c64-f861-47cf-a3a3-e7751f272b2f</sln:wojIIPId><sln:wojIIPPn>PL.PZGIK.200</sln:wojIIPPn><sln:wojIIPWersja>2017-10-10T00:00:00+02:00</sln:wojIIPWersja><sln:wojIdTeryt>12</sln:wojIdTeryt><sln:wojNazwa>małopolskie</sln:wojNazwa></sln:miejscowosc><sln:miejscowosc><sln:cyklZyciaOd>2014-11-25T00:00:00+01:00</sln:cyklZyciaOd><sln:gmIIPId>a6ceeb8a-dca8-45d6-bb16-f1325537ac9b</sln:gmIIPId><sln:gmIIPPn>PL.PZGIK.200</sln:gmIIPPn><sln:gmIIPWersja>2012-09-26T22:09:02+02:00</sln:gmIIPWersja><sln:gmIdTeryt>1205011</sln:gmIdTeryt><sln:gmNazwa>Gorlice</sln:gmNazwa><sln:miejscIIPId>6cf40dab-a723-4e10-9477-4edf71c4b630</sln:miejscIIPId><sln:miejscIIPPn>PL.PZGIK.200</sln:miejscIIPPn><sln:miejscIIPWersja>2016-11-24T13:54:09+02:00</sln:miejscIIPWersja><sln:miejscIdTeryt>0959984</sln:miejscIdTeryt><sln:miejscNazwa>Nowa Wieś</sln:miejscNazwa><sln:miejscRodzaj>Inny obiekt</sln:miejscRodzaj><sln:powIIPId>5b376d4f-e6fb-48f4-9302-a9b0a6cc2aeb</sln:powIIPId><sln:powIIPPn>PL.PZGIK.200</sln:powIIPPn><sln:powIIPWersja>2017-10-10T00:00:00+02:00</sln:powIIPWersja><sln:powIdTeryt>1205</sln:powIdTeryt><sln:powNazwa>gorlicki</sln:powNazwa><sln:wojIIPId>dd2e3c64-f861-47cf-a3a3-e7751f272b2f</sln:wojIIPId><sln:wojIIPPn>PL.PZGIK.200</sln:wojIIPPn><sln:wojIIPWersja>2017-10-10T00:00:00+02:00</sln:wojIIPWersja><sln:wojIdTeryt>12</sln:wojIdTeryt><sln:wojNazwa>małopolskie</sln:wojNazwa></sln:miejscowosc><sln:miejscowosc><sln:cyklZyciaOd>2014-11-25T00:00:00+01:00</sln:cyklZyciaOd><sln:gmIIPId>a6ceeb8a-dca8-45d6-bb16-f1325537ac9b</sln:gmIIPId><sln:gmIIPPn>PL.PZGIK.200</sln:gmIIPPn><sln:gmIIPWersja>2012-09-26T22:09:02+02:00</sln:gmIIPWersja><sln:gmIdTeryt>1205011</sln:gmIdTeryt><sln:gmNazwa>Gorlice</sln:gmNazwa><sln:miejscIIPId>3c0b40fc-311e-4b89-8027-743dae4a0601</sln:miejscIIPId><sln:miejscIIPPn>PL.PZGIK.200</sln:miejscIIPPn><sln:miejscIIPWersja>2016-11-24T13:54:09+02:00</sln:miejscIIPWersja><sln:miejscIdTeryt>0960007</sln:miejscIdTeryt><sln:miejscNazwa>Pod Łysą Górą</sln:miejscNazwa><sln:miejscRodzaj>Inny obiekt</sln:miejscRodzaj><sln:powIIPId>5b376d4f-e6fb-48f4-9302-a9b0a6cc2aeb</sln:powIIPId><sln:powIIPPn>PL.PZGIK.200</sln:powIIPPn><sln:powIIPWersja>2017-10-10T00:00:00+02:00</sln:powIIPWersja><sln:powIdTeryt>1205</sln:powIdTeryt><sln:powNazwa>gorlicki</sln:powNazwa><sln:wojIIPId>dd2e3c64-f861-47cf-a3a3-e7751f272b2f</sln:wojIIPId><sln:wojIIPPn>PL.PZGIK.200</sln:wojIIPPn><sln:wojIIPWersja>2017-10-10T00:00:00+02:00</sln:wojIIPWersja><sln:wojIdTeryt>12</sln:wojIdTeryt><sln:wojNazwa>małopolskie</sln:wojNazwa></sln:miejscowosc><sln:miejscowosc><sln:cyklZyciaOd>2014-11-25T00:00:00+01:00</sln:cyklZyciaOd><sln:gmIIPId>a6ceeb8a-dca8-45d6-bb16-f1325537ac9b</sln:gmIIPId><sln:gmIIPPn>PL.PZGIK.200</sln:gmIIPPn><sln:gmIIPWersja>2012-09-26T22:09:02+02:00</sln:gmIIPWersja><sln:gmIdTeryt>1205011</sln:gmIdTeryt><sln:gmNazwa>Gorlice</sln:gmNazwa><sln:miejscIIPId>46c6cbb1-3981-45cd-a2b0-080926cd8320</sln:miejscIIPId><sln:miejscIIPPn>PL.PZGIK.200</sln:miejscIIPPn><sln:miejscIIPWersja>2016-11-24T13:54:09+02:00</sln:miejscIIPWersja><sln:miejscIdTeryt>0959932</sln:miejscIdTeryt><sln:miejscNazwa>Glinik</sln:miejscNazwa><sln:miejscRodzaj>Inny obiekt</sln:miejscRodzaj><sln:powIIPId>5b376d4f-e6fb-48f4-9302-a9b0a6cc2aeb</sln:powIIPId><sln:powIIPPn>PL.PZGIK.200</sln:powIIPPn><sln:powIIPWersja>2017-10-10T00:00:00+02:00</sln:powIIPWersja><sln:powIdTeryt>1205</sln:powIdTeryt><sln:powNazwa>gorlicki</sln:powNazwa><sln:wojIIPId>dd2e3c64-f861-47cf-a3a3-e7751f272b2f</sln:wojIIPId><sln:wojIIPPn>PL.PZGIK.200</sln:wojIIPPn><sln:wojIIPWersja>2017-10-10T00:00:00+02:00</sln:wojIIPWersja><sln:wojIdTeryt>12</sln:wojIdTeryt><sln:wojNazwa>małopolskie</sln:wojNazwa></sln:miejscowosc><sln:miejscowosc><sln:cyklZyciaOd>2014-11-25T00:00:00+01:00</sln:cyklZyciaOd><sln:gmIIPId>a6ceeb8a-dca8-45d6-bb16-f1325537ac9b</sln:gmIIPId><sln:gmIIPPn>PL.PZGIK.200</sln:gmIIPPn><sln:gmIIPWersja>2012-09-26T22:09:02+02:00</sln:gmIIPWersja><sln:gmIdTeryt>1205011</sln:gmIdTeryt><sln:gmNazwa>Gorlice</sln:gmNazwa><sln:miejscIIPId>ad111cb8-a47d-41ac-a44c-0f45c6460eb0</sln:miejscIIPId><sln:miejscIIPPn>PL.PZGIK.200</sln:miejscIIPPn><sln:miejscIIPWersja>2016-11-24T13:54:09+02:00</sln:miejscIIPWersja><sln:miejscIdTeryt>0959961</sln:miejscIdTeryt><sln:miejscNazwa>Łęgi</sln:miejscNazwa><sln:miejscRodzaj>Inny obiekt</sln:miejscRodzaj><sln:powIIPId>5b376d4f-e6fb-48f4-9302-a9b0a6cc2aeb</sln:powIIPId><sln:powIIPPn>PL.PZGIK.200</sln:powIIPPn><sln:powIIPWersja>2017-10-10T00:00:00+02:00</sln:powIIPWersja><sln:powIdTeryt>1205</sln:powIdTeryt><sln:powNazwa>gorlicki</sln:powNazwa><sln:wojIIPId>dd2e3c64-f861-47cf-a3a3-e7751f272b2f</sln:wojIIPId><sln:wojIIPPn>PL.PZGIK.200</sln:wojIIPPn><sln:wojIIPWersja>2017-10-10T00:00:00+02:00</sln:wojIIPWersja><sln:wojIdTeryt>12</sln:wojIdTeryt><sln:wojNazwa>małopolskie</sln:wojNazwa></sln:miejscowosc><sln:miejscowosc><sln:cyklZyciaOd>2014-11-25T00:00:00+01:00</sln:cyklZyciaOd><sln:gmIIPId>a6ceeb8a-dca8-45d6-bb16-f1325537ac9b</sln:gmIIPId><sln:gmIIPPn>PL.PZGIK.200</sln:gmIIPPn><sln:gmIIPWersja>2012-09-26T22:09:02+02:00</sln:gmIIPWersja><sln:gmIdTeryt>1205011</sln:gmIdTeryt><sln:gmNazwa>Gorlice</sln:gmNazwa><sln:miejscIIPId>20b01c1f-0bf4-42fc-a272-f0db8b2e4088</sln:miejscIIPId><sln:miejscIIPPn>PL.PZGIK.200</sln:miejscIIPPn><sln:miejscIIPWersja>2016-11-24T13:54:09+02:00</sln:miejscIIPWersja><sln:miejscIdTeryt>0959926</sln:miejscIdTeryt><sln:miejscNazwa>Dworzysko</sln:miejscNazwa><sln:miejscRodzaj>Inny obiekt</sln:miejscRodzaj><sln:powIIPId>5b376d4f-e6fb-48f4-9302-a9b0a6cc2aeb</sln:powIIPId><sln:powIIPPn>PL.PZGIK.200</sln:powIIPPn><sln:powIIPWersja>2017-10-10T00:00:00+02:00</sln:powIIPWersja><sln:powIdTeryt>1205</sln:powIdTeryt><sln:powNazwa>gorlicki</sln:powNazwa><sln:wojIIPId>dd2e3c64-f861-47cf-a3a3-e7751f272b2f</sln:wojIIPId><sln:wojIIPPn>PL.PZGIK.200</sln:wojIIPPn><sln:wojIIPWersja>2017-10-10T00:00:00+02:00</sln:wojIIPWersja><sln:wojIdTeryt>12</sln:wojIdTeryt><sln:wojNazwa>małopolskie</sln:wojNazwa></sln:miejscowosc><sln:miejscowosc><sln:cyklZyciaOd>2014-11-25T00:00:00+01:00</sln:cyklZyciaOd><sln:gmIIPId>a6ceeb8a-dca8-45d6-bb16-f1325537ac9b</sln:gmIIPId><sln:gmIIPPn>PL.PZGIK.200</sln:gmIIPPn><sln:gmIIPWersja>2012-09-26T22:09:02+02:00</sln:gmIIPWersja><sln:gmIdTeryt>1205011</sln:gmIdTeryt><sln:gmNazwa>Gorlice</sln:gmNazwa><sln:miejscIIPId>989895c1-13e7-47d8-b2d8-6c894434cf26</sln:miejscIIPId><sln:miejscIIPPn>PL.PZGIK.200</sln:miejscIIPPn><sln:miejscIIPWersja>2016-11-24T13:54:09+02:00</sln:miejscIIPWersja><sln:miejscIdTeryt>0959955</sln:miejscIdTeryt><sln:miejscNazwa>Korczak</sln:miejscNazwa><sln:miejscRodzaj>Inny obiekt</sln:miejscRodzaj><sln:powIIPId>5b376d4f-e6fb-48f4-9302-a9b0a6cc2aeb</sln:powIIPId><sln:powIIPPn>PL.PZGIK.200</sln:powIIPPn><sln:powIIPWersja>2017-10-10T00:00:00+02:00</sln:powIIPWersja><sln:powIdTeryt>1205</sln:powIdTeryt><sln:powNazwa>gorlicki</sln:powNazwa><sln:wojIIPId>dd2e3c64-f861-47cf-a3a3-e7751f272b2f</sln:wojIIPId><sln:wojIIPPn>PL.PZGIK.200</sln:wojIIPPn><sln:wojIIPWersja>2017-10-10T00:00:00+02:00</sln:wojIIPWersja><sln:wojIdTeryt>12</sln:wojIdTeryt><sln:wojNazwa>małopolskie</sln:wojNazwa></sln:miejscowosc><sln:miejscowosc><sln:cyklZyciaOd>2014-11-25T00:00:00+01:00</sln:cyklZyciaOd><sln:gmIIPId>a6ceeb8a-dca8-45d6-bb16-f1325537ac9b</sln:gmIIPId><sln:gmIIPPn>PL.PZGIK.200</sln:gmIIPPn><sln:gmIIPWersja>2012-09-26T22:09:02+02:00</sln:gmIIPWersja><sln:gmIdTeryt>1205011</sln:gmIdTeryt><sln:gmNazwa>Gorlice</sln:gmNazwa><sln:miejscIIPId>747d6c4e-1de9-474b-8156-6121f493f53f</sln:miejscIIPId><sln:miejscIIPPn>PL.PZGIK.200</sln:miejscIIPPn><sln:miejscIIPWersja>2016-11-24T13:54:09+02:00</sln:miejscIIPWersja><sln:miejscIdTeryt>0959949</sln:miejscIdTeryt><sln:miejscNazwa>Glinik Mariampolski</sln:miejscNazwa><sln:miejscRodzaj>Inny obiekt</sln:miejscRodzaj><sln:powIIPId>5b376d4f-e6fb-48f4-9302-a9b0a6cc2aeb</sln:powIIPId><sln:powIIPPn>PL.PZGIK.200</sln:powIIPPn><sln:powIIPWersja>2017-10-10T00:00:00+02:00</sln:powIIPWersja><sln:powIdTeryt>1205</sln:powIdTeryt><sln:powNazwa>gorlicki</sln:powNazwa><sln:wojIIPId>dd2e3c64-f861-47cf-a3a3-e7751f272b2f</sln:wojIIPId><sln:wojIIPPn>PL.PZGIK.200</sln:wojIIPPn><sln:wojIIPWersja>2017-10-10T00:00:00+02:00</sln:wojIIPWersja><sln:wojIdTeryt>12</sln:wojIdTeryt><sln:wojNazwa>małopolskie</sln:wojNazwa></sln:miejscowosc><sln:miejscowosc><sln:cyklZyciaOd>2014-11-25T00:00:00+01:00</sln:cyklZyciaOd><sln:gmIIPId>a6ceeb8a-dca8-45d6-bb16-f1325537ac9b</sln:gmIIPId><sln:gmIIPPn>PL.PZGIK.200</sln:gmIIPPn><sln:gmIIPWersja>2012-09-26T22:09:02+02:00</sln:gmIIPWersja><sln:gmIdTeryt>1205011</sln:gmIdTeryt><sln:gmNazwa>Gorlice</sln:gmNazwa><sln:miejscIIPId>1cbd07a6-c64a-44ab-a8a1-11b2f73fdba3</sln:miejscIIPId><sln:miejscIIPPn>PL.PZGIK.200</sln:miejscIIPPn><sln:miejscIIPWersja>2016-11-24T13:54:09+02:00</sln:miejscIIPWersja><sln:miejscIdTeryt>0959910</sln:miejscIdTeryt><sln:miejscNazwa>Blich</sln:miejscNazwa><sln:miejscRodzaj>Inny obiekt</sln:miejscRodzaj><sln:powIIPId>5b376d4f-e6fb-48f4-9302-a9b0a6cc2aeb</sln:powIIPId><sln:powIIPPn>PL.PZGIK.200</sln:powIIPPn><sln:powIIPWersja>2017-10-10T00:00:00+02:00</sln:powIIPWersja><sln:powIdTeryt>1205</sln:powIdTeryt><sln:powNazwa>gorlicki</sln:powNazwa><sln:wojIIPId>dd2e3c64-f861-47cf-a3a3-e7751f272b2f</sln:wojIIPId><sln:wojIIPPn>PL.PZGIK.200</sln:wojIIPPn><sln:wojIIPWersja>2017-10-10T00:00:00+02:00</sln:wojIIPWersja><sln:wojIdTeryt>12</sln:wojIdTeryt><sln:wojNazwa>małopolskie</sln:wojNazwa></sln:miejscowosc><sln:miejscowosc><sln:cyklZyciaOd>2014-11-25T00:00:00+01:00</sln:cyklZyciaOd><sln:gmIIPId>a6ceeb8a-dca8-45d6-bb16-f1325537ac9b</sln:gmIIPId><sln:gmIIPPn>PL.PZGIK.200</sln:gmIIPPn><sln:gmIIPWersja>2012-09-26T22:09:02+02:00</sln:gmIIPWersja><sln:gmIdTeryt>1205011</sln:gmIdTeryt><sln:gmNazwa>Gorlice</sln:gmNazwa><sln:miejscIIPId>b7c33613-1319-4135-8d08-95488732744d</sln:miejscIIPId><sln:miejscIIPPn>PL.PZGIK.200</sln:miejscIIPPn><sln:miejscIIPWersja>2016-11-24T13:54:09+02:00</sln:miejscIIPWersja><sln:miejscIdTeryt>0959978</sln:miejscIdTeryt><sln:miejscNazwa>Magdalena</sln:miejscNazwa><sln:miejscRodzaj>Inny obiekt</sln:miejscRodzaj><sln:powIIPId>5b376d4f-e6fb-48f4-9302-a9b0a6cc2aeb</sln:powIIPId><sln:powIIPPn>PL.PZGIK.200</sln:powIIPPn><sln:powIIPWersja>2017-10-10T00:00:00+02:00</sln:powIIPWersja><sln:powIdTeryt>1205</sln:powIdTeryt><sln:powNazwa>gorlicki</sln:powNazwa><sln:wojIIPId>dd2e3c64-f861-47cf-a3a3-e7751f272b2f</sln:wojIIPId><sln:wojIIPPn>PL.PZGIK.200</sln:wojIIPPn><sln:wojIIPWersja>2017-10-10T00:00:00+02:00</sln:wojIIPWersja><sln:wojIdTeryt>12</sln:wojIdTeryt><sln:wojNazwa>małopolskie</sln:wojNazwa></sln:miejscowosc></sln:lista-miejscowosci>