<?xml version="1.0" encoding="UTF-8" standalone="yes"?><sln:lista-miejscowosci xmlns:srv="http://gugik.gov.pl/schemas/slowniki-service/1.0" xmlns:sln="http://gugik.gov.pl/schemas/slowniki-schema/1.0"><sln:miejscowosc><sln:cyklZyciaDo>2017-08-19T00:00:00+02:00</sln:cyklZyciaDo><sln:cyklZyciaOd>2014-11-27T00:00:00+01:00</sln:cyklZyciaOd><sln:gmIIPId>00f66382-0826-4c5b-8ef6-ae599a9f5eb4</sln:gmIIPId><sln:gmIIPPn>PL.PZGIK.200</sln:gmIIPPn><sln:gmIIPWersja>2012-09-26T22:11:49+02:00</sln:gmIIPWersja><sln:gmIdTeryt>1213033</sln:gmIdTeryt><sln:gmNazwa>Chełmek</sln:gmNazwa><sln:miejscIIPId>41b50c41-2418-4164-bbc5-ac69bbf708d3</sln:miejscIIPId><sln:miejscIIPPn>PL.PZGIK.200</sln:miejscIIPPn><sln:miejscIIPWersja>2016-11-24T13:38:07+02:00</sln:miejscIIPWersja><sln:miejscIdTeryt>3013148</sln:miejscIdTeryt><sln:miejscNazwa>Wygiełzów</sln:miejscNazwa><sln:miejscRodzaj>Inny obiekt</sln:miejscRodzaj><sln:powIIPId>1cf65b44-f4d5-4a14-961f-8363a199b2d6</sln:powIIPId><sln:powIIPPn>PL.PZGIK.200</sln:powIIPPn><sln:powIIPWersja>2012-09-27T07:52:00+02:00</sln:powIIPWersja><sln:powIdTeryt>1213</sln:powIdTeryt><sln:powNazwa>oświęcimski</sln:powNazwa><sln:wojIIPId>dd2e3c64-f861-47cf-a3a3-e7751f272b2f</sln:wojIIPId><sln:wojIIPPn>PL.PZGIK.200</sln:wojIIPPn><sln:wojIIPWersja>2017-10-10T00:00:00+02:00</sln:wojIIPWersja><sln:wojIdTeryt>12</sln:wojIdTeryt><sln:wojNazwa>małopolskie</sln:wojNazwa></sln:miejscowosc><sln:miejscowosc><sln:cyklZyciaDo>2016-11-26T00:00:00+01:00</sln:cyklZyciaDo><sln:cyklZyciaOd>2014-11-27T00:00:00+01:00</sln:cyklZyciaOd><sln:gmIIPId>00f66382-0826-4c5b-8ef6-ae599a9f5eb4</sln:gmIIPId><sln:gmIIPPn>PL.PZGIK.200</sln:gmIIPPn><sln:gmIIPWersja>2012-09-26T22:11:49+02:00</sln:gmIIPWersja><sln:gmIdTeryt>1213033</sln:gmIdTeryt><sln:gmNazwa>Chełmek</sln:gmNazwa><sln:miejscIIPId>ec745a8a-2eac-4806-8bf2-8382aba51dd1</sln:miejscIIPId><sln:miejscIIPPn>PL.PZGIK.200</sln:miejscIIPPn><sln:miejscIIPWersja>2016-11-24T13:50:43+02:00</sln:miejscIIPWersja><sln:miejscIdTeryt>0924135</sln:miejscIdTeryt><sln:miejscNazwa>Podzagórnie</sln:miejscNazwa><sln:miejscRodzaj>Inny obiekt</sln:miejscRodzaj><sln:powIIPId>1cf65b44-f4d5-4a14-961f-8363a199b2d6</sln:powIIPId><sln:powIIPPn>PL.PZGIK.200</sln:powIIPPn><sln:powIIPWersja>2012-09-27T07:52:00+02:00</sln:powIIPWersja><sln:powIdTeryt>1213</sln:powIdTeryt><sln:powNazwa>oświęcimski</sln:powNazwa><sln:wojIIPId>dd2e3c64-f861-47cf-a3a3-e7751f272b2f</sln:wojIIPId><sln:wojIIPPn>PL.PZGIK.200</sln:wojIIPPn><sln:wojIIPWersja>2017-10-10T00:00:00+02:00</sln:wojIIPWersja><sln:wojIdTeryt>12</sln:wojIdTeryt><sln:wojNazwa>małopolskie</sln:wojNazwa></sln:miejscowosc><sln:miejscowosc><sln:cyklZyciaDo>2016-11-26T00:00:00+01:00</sln:cyklZyciaDo><sln:cyklZyciaOd>2014-11-27T00:00:00+01:00</sln:cyklZyciaOd><sln:gmIIPId>00f66382-0826-4c5b-8ef6-ae599a9f5eb4</sln:gmIIPId><sln:gmIIPPn>PL.PZGIK.200</sln:gmIIPPn><sln:gmIIPWersja>2012-09-26T22:11:49+02:00</sln:gmIIPWersja><sln:gmIdTeryt>1213033</sln:gmIdTeryt><sln:gmNazwa>Chełmek</sln:gmNazwa><sln:miejscIIPId>303ab600-f2a2-4ea6-b94e-9b45368ad294</sln:miejscIIPId><sln:miejscIIPPn>PL.PZGIK.200</sln:miejscIIPPn><sln:miejscIIPWersja>2016-11-24T13:50:43+02:00</sln:miejscIIPWersja><sln:miejscIdTeryt>0924106</sln:miejscIdTeryt><sln:miejscNazwa>Nowopole</sln:miejscNazwa><sln:miejscRodzaj>Inny obiekt</sln:miejscRodzaj><sln:powIIPId>1cf65b44-f4d5-4a14-961f-8363a199b2d6</sln:powIIPId><sln:powIIPPn>PL.PZGIK.200</sln:powIIPPn><sln:powIIPWersja>2012-09-27T07:52:00+02:00</sln:powIIPWersja><sln:powIdTeryt>1213</sln:powIdTeryt><sln:powNazwa>oświęcimski</sln:powNazwa><sln:wojIIPId>dd2e3c64-f861-47cf-a3a3-e7751f272b2f</sln:wojIIPId><sln:wojIIPPn>PL.PZGIK.200</sln:wojIIPPn><sln:wojIIPWersja>2017-10-10T00:00:00+02:00</sln:wojIIPWersja><sln:wojIdTeryt>12</sln:wojIdTeryt><sln:wojNazwa>małopolskie</sln:wojNazwa></sln:miejscowosc><sln:miejscowosc><sln:cyklZyciaDo>2016-11-26T00:00:00+01:00</sln:cyklZyciaDo><sln:cyklZyciaOd>2014-11-27T00:00:00+01:00</sln:cyklZyciaOd><sln:gmIIPId>00f66382-0826-4c5b-8ef6-ae599a9f5eb4</sln:gmIIPId><sln:gmIIPPn>PL.PZGIK.200</sln:gmIIPPn><sln:gmIIPWersja>2012-09-26T22:11:49+02:00</sln:gmIIPWersja><sln:gmIdTeryt>1213033</sln:gmIdTeryt><sln:gmNazwa>Chełmek</sln:gmNazwa><sln:miejscIIPId>a8571e5a-541d-404a-adeb-c9fb51f6b3cc</sln:miejscIIPId><sln:miejscIIPPn>PL.PZGIK.200</sln:miejscIIPPn><sln:miejscIIPWersja>2016-11-24T13:50:43+02:00</sln:miejscIIPWersja><sln:miejscIdTeryt>0924129</sln:miejscIdTeryt><sln:miejscNazwa>Podgórze</sln:miejscNazwa><sln:miejscRodzaj>Inny obiekt</sln:miejscRodzaj><sln:powIIPId>1cf65b44-f4d5-4a14-961f-8363a199b2d6</sln:powIIPId><sln:powIIPPn>PL.PZGIK.200</sln:powIIPPn><sln:powIIPWersja>2012-09-27T07:52:00+02:00</sln:powIIPWersja><sln:powIdTeryt>1213</sln:powIdTeryt><sln:powNazwa>oświęcimski</sln:powNazwa><sln:wojIIPId>dd2e3c64-f861-47cf-a3a3-e7751f272b2f</sln:wojIIPId><sln:wojIIPPn>PL.PZGIK.200</sln:wojIIPPn><sln:wojIIPWersja>2017-10-10T00:00:00+02:00</sln:wojIIPWersja><sln:wojIdTeryt>12</sln:wojIdTeryt><sln:wojNazwa>małopolskie</sln:wojNazwa></sln:miejscowosc><sln:miejscowosc><sln:cyklZyciaOd>2014-11-27T00:00:00+01:00</sln:cyklZyciaOd><sln:gmIIPId>00f66382-0826-4c5b-8ef6-ae599a9f5eb4</sln:gmIIPId><sln:gmIIPPn>PL.PZGIK.200</sln:gmIIPPn><sln:gmIIPWersja>2012-09-26T22:11:49+02:00</sln:gmIIPWersja><sln:gmIdTeryt>1213033</sln:gmIdTeryt><sln:gmNazwa>Chełmek</sln:gmNazwa><sln:miejscIIPId>ee2d69ae-5cae-4b97-bc9c-a423667c9894</sln:miejscIIPId><sln:miejscIIPPn>PL.PZGIK.200</sln:miejscIIPPn><sln:miejscIIPWersja>2016-11-24T13:54:12+02:00</sln:miejscIIPWersja><sln:miejscIdTeryt>0050742</sln:miejscIdTeryt><sln:miejscNazwa>Podkomorek</sln:miejscNazwa><sln:miejscRodzaj>Inny obiekt</sln:miejscRodzaj><sln:powIIPId>1cf65b44-f4d5-4a14-961f-8363a199b2d6</sln:powIIPId><sln:powIIPPn>PL.PZGIK.200</sln:powIIPPn><sln:powIIPWersja>2012-09-27T07:52:00+02:00</sln:powIIPWersja><sln:powIdTeryt>1213</sln:powIdTeryt><sln:powNazwa>oświęcimski</sln:powNazwa><sln:wojIIPId>dd2e3c64-f861-47cf-a3a3-e7751f272b2f</sln:wojIIPId><sln:wojIIPPn>PL.PZGIK.200</sln:wojIIPPn><sln:wojIIPWersja>2017-10-10T00:00:00+02:00</sln:wojIIPWersja><sln:wojIdTeryt>12</sln:wojIdTeryt><sln:wojNazwa>małopolskie</sln:wojNazwa></sln:miejscowosc><sln:miejscowosc><sln:cyklZyciaDo>2016-11-26T00:00:00+01:00</sln:cyklZyciaDo><sln:cyklZyciaOd>2014-11-27T00:00:00+01:00</sln:cyklZyciaOd><sln:gmIIPId>00f66382-0826-4c5b-8ef6-ae599a9f5eb4</sln:gmIIPId><sln:gmIIPPn>PL.PZGIK.200</sln:gmIIPPn><sln:gmIIPWersja>2012-09-26T22:11:49+02:00</sln:gmIIPWersja><sln:gmIdTeryt>1213033</sln:gmIdTeryt><sln:gmNazwa>Chełmek</sln:gmNazwa><sln:miejscIIPId>12fa2dec-bb6c-42f9-b696-f4d9523b6328</sln:miejscIIPId><sln:miejscIIPPn>PL.PZGIK.200</sln:miejscIIPPn><sln:miejscIIPWersja>2016-11-24T13:50:43+02:00</sln:miejscIIPWersja><sln:miejscIdTeryt>0924141</sln:miejscIdTeryt><sln:miejscNazwa>Zagórcze</sln:miejscNazwa><sln:miejscRodzaj>Inny obiekt</sln:miejscRodzaj><sln:powIIPId>1cf65b44-f4d5-4a14-961f-8363a199b2d6</sln:powIIPId><sln:powIIPPn>PL.PZGIK.200</sln:powIIPPn><sln:powIIPWersja>2012-09-27T07:52:00+02:00</sln:powIIPWersja><sln:powIdTeryt>1213</sln:powIdTeryt><sln:powNazwa>oświęcimski</sln:powNazwa><sln:wojIIPId>dd2e3c64-f861-47cf-a3a3-e7751f272b2f</sln:wojIIPId><sln:wojIIPPn>PL.PZGIK.200</sln:wojIIPPn><sln:wojIIPWersja>2017-10-10T00:00:00+02:00</sln:wojIIPWersja><sln:wojIdTeryt>12</sln:wojIdTeryt><sln:wojNazwa>małopolskie</sln:wojNazwa></sln:miejscowosc><sln:miejscowosc><sln:cyklZyciaDo>2016-11-26T00:00:00+01:00</sln:cyklZyciaDo><sln:cyklZyciaOd>2014-11-27T00:00:00+01:00</sln:cyklZyciaOd><sln:gmIIPId>00f66382-0826-4c5b-8ef6-ae599a9f5eb4</sln:gmIIPId><sln:gmIIPPn>PL.PZGIK.200</sln:gmIIPPn><sln:gmIIPWersja>2012-09-26T22:11:49+02:00</sln:gmIIPWersja><sln:gmIdTeryt>1213033</sln:gmIdTeryt><sln:gmNazwa>Chełmek</sln:gmNazwa><sln:miejscIIPId>5f47ccd0-5240-43ba-999b-833f79f39677</sln:miejscIIPId><sln:miejscIIPPn>PL.PZGIK.200</sln:miejscIIPPn><sln:miejscIIPWersja>2016-11-24T13:50:43+02:00</sln:miejscIIPWersja><sln:miejscIdTeryt>0924112</sln:miejscIdTeryt><sln:miejscNazwa>Paprotnik</sln:miejscNazwa><sln:miejscRodzaj>Inny obiekt</sln:miejscRodzaj><sln:powIIPId>1cf65b44-f4d5-4a14-961f-8363a199b2d6</sln:powIIPId><sln:powIIPPn>PL.PZGIK.200</sln:powIIPPn><sln:powIIPWersja>2012-09-27T07:52:00+02:00</sln:powIIPWersja><sln:powIdTeryt>1213</sln:powIdTeryt><sln:powNazwa>oświęcimski</sln:powNazwa><sln:wojIIPId>dd2e3c64-f861-47cf-a3a3-e7751f272b2f</sln:wojIIPId><sln:wojIIPPn>PL.PZGIK.200</sln:wojIIPPn><sln:wojIIPWersja>2017-10-10T00:00:00+02:00</sln:wojIIPWersja><sln:wojIdTeryt>12</sln:wojIdTeryt><sln:wojNazwa>małopolskie</sln:wojNazwa></sln:miejscowosc><sln:miejscowosc><sln:cyklZyciaOd>2014-11-27T00:00:00+01:00</sln:cyklZyciaOd><sln:gmIIPId>00f66382-0826-4c5b-8ef6-ae599a9f5eb4</sln:gmIIPId><sln:gmIIPPn>PL.PZGIK.200</sln:gmIIPPn><sln:gmIIPWersja>2012-09-26T22:11:49+02:00</sln:gmIIPWersja><sln:gmIdTeryt>1213033</sln:gmIdTeryt><sln:gmNazwa>Chełmek</sln:gmNazwa><sln:miejscIIPId>d30053be-987a-465d-9ab2-84b4e82899ef</sln:miejscIIPId><sln:miejscIIPPn>PL.PZGIK.200</sln:miejscIIPPn><sln:miejscIIPWersja>2016-11-24T13:54:12+02:00</sln:miejscIIPWersja><sln:miejscIdTeryt>0050759</sln:miejscIdTeryt><sln:miejscNazwa>Świnna</sln:miejscNazwa><sln:miejscRodzaj>Inny obiekt</sln:miejscRodzaj><sln:powIIPId>1cf65b44-f4d5-4a14-961f-8363a199b2d6</sln:powIIPId><sln:powIIPPn>PL.PZGIK.200</sln:powIIPPn><sln:powIIPWersja>2012-09-27T07:52:00+02:00</sln:powIIPWersja><sln:powIdTeryt>1213</sln:powIdTeryt><sln:powNazwa>oświęcimski</sln:powNazwa><sln:wojIIPId>dd2e3c64-f861-47cf-a3a3-e7751f272b2f</sln:wojIIPId><sln:wojIIPPn>PL.PZGIK.200</sln:wojIIPPn><sln:wojIIPWersja>2017-10-10T00:00:00+02:00</sln:wojIIPWersja><sln:wojIdTeryt>12</sln:wojIdTeryt><sln:wojNazwa>małopolskie</sln:wojNazwa></sln:miejscowosc><sln:miejscowosc><sln:cyklZyciaDo>2017-08-17T00:00:00+02:00</sln:cyklZyciaDo><sln:cyklZyciaOd>2014-11-27T00:00:00+01:00</sln:cyklZyciaOd><sln:gmIIPId>00f66382-0826-4c5b-8ef6-ae599a9f5eb4</sln:gmIIPId><sln:gmIIPPn>PL.PZGIK.200</sln:gmIIPPn><sln:gmIIPWersja>2012-09-26T22:11:49+02:00</sln:gmIIPWersja><sln:gmIdTeryt>1213033</sln:gmIdTeryt><sln:gmNazwa>Chełmek</sln:gmNazwa><sln:miejscIIPId>bdcbe0a7-957e-4fd4-9b40-ce36643da979</sln:miejscIIPId><sln:miejscIIPPn>PL.PZGIK.200</sln:miejscIIPPn><sln:miejscIIPWersja>2016-11-24T13:38:07+02:00</sln:miejscIIPWersja><sln:miejscIdTeryt>3012938</sln:miejscIdTeryt><sln:miejscNazwa>Nowa Wieś</sln:miejscNazwa><sln:miejscRodzaj>Inny obiekt</sln:miejscRodzaj><sln:powIIPId>1cf65b44-f4d5-4a14-961f-8363a199b2d6</sln:powIIPId><sln:powIIPPn>PL.PZGIK.200</sln:powIIPPn><sln:powIIPWersja>2012-09-27T07:52:00+02:00</sln:powIIPWersja><sln:powIdTeryt>1213</sln:powIdTeryt><sln:powNazwa>oświęcimski</sln:powNazwa><sln:wojIIPId>dd2e3c64-f861-47cf-a3a3-e7751f272b2f</sln:wojIIPId><sln:wojIIPPn>PL.PZGIK.200</sln:wojIIPPn><sln:wojIIPWersja>2017-10-10T00:00:00+02:00</sln:wojIIPWersja><sln:wojIdTeryt>12</sln:wojIdTeryt><sln:wojNazwa>małopolskie</sln:wojNazwa></sln:miejscowosc><sln:miejscowosc><sln:cyklZyciaOd>2014-11-27T00:00:00+01:00</sln:cyklZyciaOd><sln:gmIIPId>00f66382-0826-4c5b-8ef6-ae599a9f5eb4</sln:gmIIPId><sln:gmIIPPn>PL.PZGIK.200</sln:gmIIPPn><sln:gmIIPWersja>2012-09-26T22:11:49+02:00</sln:gmIIPWersja><sln:gmIdTeryt>1213033</sln:gmIdTeryt><sln:gmNazwa>Chełmek</sln:gmNazwa><sln:miejscIIPId>1da16d44-5f6b-4513-a8ab-046aa20e0dee</sln:miejscIIPId><sln:miejscIIPPn>PL.PZGIK.200</sln:miejscIIPPn><sln:miejscIIPWersja>2016-11-24T13:54:12+02:00</sln:miejscIIPWersja><sln:miejscIdTeryt>1050299</sln:miejscIdTeryt><sln:miejscNazwa>Małowy</sln:miejscNazwa><sln:miejscRodzaj>Inny obiekt</sln:miejscRodzaj><sln:powIIPId>1cf65b44-f4d5-4a14-961f-8363a199b2d6</sln:powIIPId><sln:powIIPPn>PL.PZGIK.200</sln:powIIPPn><sln:powIIPWersja>2012-09-27T07:52:00+02:00</sln:powIIPWersja><sln:powIdTeryt>1213</sln:powIdTeryt><sln:powNazwa>oświęcimski</sln:powNazwa><sln:wojIIPId>dd2e3c64-f861-47cf-a3a3-e7751f272b2f</sln:wojIIPId><sln:wojIIPPn>PL.PZGIK.200</sln:wojIIPPn><sln:wojIIPWersja>2017-10-10T00:00:00+02:00</sln:wojIIPWersja><sln:wojIdTeryt>12</sln:wojIdTeryt><sln:wojNazwa>małopolskie</sln:wojNazwa></sln:miejscowosc><sln:miejscowosc><sln:cyklZyciaDo>2017-09-06T00:00:00+02:00</sln:cyklZyciaDo><sln:cyklZyciaOd>2014-11-27T00:00:00+01:00</sln:cyklZyciaOd><sln:gmIIPId>00f66382-0826-4c5b-8ef6-ae599a9f5eb4</sln:gmIIPId><sln:gmIIPPn>PL.PZGIK.200</sln:gmIIPPn><sln:gmIIPWersja>2012-09-26T22:11:49+02:00</sln:gmIIPWersja><sln:gmIdTeryt>1213033</sln:gmIdTeryt><sln:gmNazwa>Chełmek</sln:gmNazwa><sln:miejscIIPId>09a3a1bc-bff8-44f6-8ab2-10d5332d0057</sln:miejscIIPId><sln:miejscIIPPn>PL.PZGIK.200</sln:miejscIIPPn><sln:miejscIIPWersja>2016-11-24T13:28:21+02:00</sln:miejscIIPWersja><sln:miejscIdTeryt>3003045</sln:miejscIdTeryt><sln:miejscNazwa>Kopanki</sln:miejscNazwa><sln:miejscRodzaj>Inny obiekt</sln:miejscRodzaj><sln:powIIPId>1cf65b44-f4d5-4a14-961f-8363a199b2d6</sln:powIIPId><sln:powIIPPn>PL.PZGIK.200</sln:powIIPPn><sln:powIIPWersja>2012-09-27T07:52:00+02:00</sln:powIIPWersja><sln:powIdTeryt>1213</sln:powIdTeryt><sln:powNazwa>oświęcimski</sln:powNazwa><sln:wojIIPId>dd2e3c64-f861-47cf-a3a3-e7751f272b2f</sln:wojIIPId><sln:wojIIPPn>PL.PZGIK.200</sln:wojIIPPn><sln:wojIIPWersja>2017-10-10T00:00:00+02:00</sln:wojIIPWersja><sln:wojIdTeryt>12</sln:wojIdTeryt><sln:wojNazwa>małopolskie</sln:wojNazwa></sln:miejscowosc><sln:miejscowosc><sln:cyklZyciaOd>2014-11-27T00:00:00+01:00</sln:cyklZyciaOd><sln:gmIIPId>00f66382-0826-4c5b-8ef6-ae599a9f5eb4</sln:gmIIPId><sln:gmIIPPn>PL.PZGIK.200</sln:gmIIPPn><sln:gmIIPWersja>2012-09-26T22:11:49+02:00</sln:gmIIPWersja><sln:gmIdTeryt>1213033</sln:gmIdTeryt><sln:gmNazwa>Chełmek</sln:gmNazwa><sln:miejscIIPId>11989a69-47fe-4545-9835-1fe7b0c96029</sln:miejscIIPId><sln:miejscIIPPn>PL.PZGIK.200</sln:miejscIIPPn><sln:miejscIIPWersja>2016-11-24T13:37:32+02:00</sln:miejscIIPWersja><sln:miejscIdTeryt>0050736</sln:miejscIdTeryt><sln:miejscNazwa>Gorzów</sln:miejscNazwa><sln:miejscRodzaj>Wieś</sln:miejscRodzaj><sln:powIIPId>1cf65b44-f4d5-4a14-961f-8363a199b2d6</sln:powIIPId><sln:powIIPPn>PL.PZGIK.200</sln:powIIPPn><sln:powIIPWersja>2012-09-27T07:52:00+02:00</sln:powIIPWersja><sln:powIdTeryt>1213</sln:powIdTeryt><sln:powNazwa>oświęcimski</sln:powNazwa><sln:wojIIPId>dd2e3c64-f861-47cf-a3a3-e7751f272b2f</sln:wojIIPId><sln:wojIIPPn>PL.PZGIK.200</sln:wojIIPPn><sln:wojIIPWersja>2017-10-10T00:00:00+02:00</sln:wojIIPWersja><sln:wojIdTeryt>12</sln:wojIdTeryt><sln:wojNazwa>małopolskie</sln:wojNazwa></sln:miejscowosc><sln:miejscowosc><sln:cyklZyciaDo>2017-08-19T00:00:00+02:00</sln:cyklZyciaDo><sln:cyklZyciaOd>2014-11-27T00:00:00+01:00</sln:cyklZyciaOd><sln:gmIIPId>00f66382-0826-4c5b-8ef6-ae599a9f5eb4</sln:gmIIPId><sln:gmIIPPn>PL.PZGIK.200</sln:gmIIPPn><sln:gmIIPWersja>2012-09-26T22:11:49+02:00</sln:gmIIPWersja><sln:gmIdTeryt>1213033</sln:gmIdTeryt><sln:gmNazwa>Chełmek</sln:gmNazwa><sln:miejscIIPId>a9d8eb35-7430-4c8c-aea5-6f818774f463</sln:miejscIIPId><sln:miejscIIPPn>PL.PZGIK.200</sln:miejscIIPPn><sln:miejscIIPWersja>2016-11-24T13:38:07+02:00</sln:miejscIIPWersja><sln:miejscIdTeryt>3012919</sln:miejscIdTeryt><sln:miejscNazwa>Za Piłą</sln:miejscNazwa><sln:miejscRodzaj>Inny obiekt</sln:miejscRodzaj><sln:powIIPId>1cf65b44-f4d5-4a14-961f-8363a199b2d6</sln:powIIPId><sln:powIIPPn>PL.PZGIK.200</sln:powIIPPn><sln:powIIPWersja>2012-09-27T07:52:00+02:00</sln:powIIPWersja><sln:powIdTeryt>1213</sln:powIdTeryt><sln:powNazwa>oświęcimski</sln:powNazwa><sln:wojIIPId>dd2e3c64-f861-47cf-a3a3-e7751f272b2f</sln:wojIIPId><sln:wojIIPPn>PL.PZGIK.200</sln:wojIIPPn><sln:wojIIPWersja>2017-10-10T00:00:00+02:00</sln:wojIIPWersja><sln:wojIdTeryt>12</sln:wojIdTeryt><sln:wojNazwa>małopolskie</sln:wojNazwa></sln:miejscowosc><sln:miejscowosc><sln:cyklZyciaDo>2017-08-17T00:00:00+02:00</sln:cyklZyciaDo><sln:cyklZyciaOd>2014-11-27T00:00:00+01:00</sln:cyklZyciaOd><sln:gmIIPId>00f66382-0826-4c5b-8ef6-ae599a9f5eb4</sln:gmIIPId><sln:gmIIPPn>PL.PZGIK.200</sln:gmIIPPn><sln:gmIIPWersja>2012-09-26T22:11:49+02:00</sln:gmIIPWersja><sln:gmIdTeryt>1213033</sln:gmIdTeryt><sln:gmNazwa>Chełmek</sln:gmNazwa><sln:miejscIIPId>5d7e6c05-86d6-47a8-b241-070d3d5b0c36</sln:miejscIIPId><sln:miejscIIPPn>PL.PZGIK.200</sln:miejscIIPPn><sln:miejscIIPWersja>2016-11-24T13:38:07+02:00</sln:miejscIIPWersja><sln:miejscIdTeryt>3012923</sln:miejscIdTeryt><sln:miejscNazwa>Dębina</sln:miejscNazwa><sln:miejscRodzaj>Inny obiekt</sln:miejscRodzaj><sln:powIIPId>1cf65b44-f4d5-4a14-961f-8363a199b2d6</sln:powIIPId><sln:powIIPPn>PL.PZGIK.200</sln:powIIPPn><sln:powIIPWersja>2012-09-27T07:52:00+02:00</sln:powIIPWersja><sln:powIdTeryt>1213</sln:powIdTeryt><sln:powNazwa>oświęcimski</sln:powNazwa><sln:wojIIPId>dd2e3c64-f861-47cf-a3a3-e7751f272b2f</sln:wojIIPId><sln:wojIIPPn>PL.PZGIK.200</sln:wojIIPPn><sln:wojIIPWersja>2017-10-10T00:00:00+02:00</sln:wojIIPWersja><sln:wojIdTeryt>12</sln:wojIdTeryt><sln:wojNazwa>małopolskie</sln:wojNazwa></sln:miejscowosc><sln:miejscowosc><sln:cyklZyciaDo>2017-08-17T00:00:00+02:00</sln:cyklZyciaDo><sln:cyklZyciaOd>2014-11-27T00:00:00+01:00</sln:cyklZyciaOd><sln:gmIIPId>00f66382-0826-4c5b-8ef6-ae599a9f5eb4</sln:gmIIPId><sln:gmIIPPn>PL.PZGIK.200</sln:gmIIPPn><sln:gmIIPWersja>2012-09-26T22:11:49+02:00</sln:gmIIPWersja><sln:gmIdTeryt>1213033</sln:gmIdTeryt><sln:gmNazwa>Chełmek</sln:gmNazwa><sln:miejscIIPId>f962ac57-3e4e-44dc-85b9-9695c406eaef</sln:miejscIIPId><sln:miejscIIPPn>PL.PZGIK.200</sln:miejscIIPPn><sln:miejscIIPWersja>2016-11-24T13:38:07+02:00</sln:miejscIIPWersja><sln:miejscIdTeryt>3012929</sln:miejscIdTeryt><sln:miejscNazwa>Ostrówek</sln:miejscNazwa><sln:miejscRodzaj>Inny obiekt</sln:miejscRodzaj><sln:powIIPId>1cf65b44-f4d5-4a14-961f-8363a199b2d6</sln:powIIPId><sln:powIIPPn>PL.PZGIK.200</sln:powIIPPn><sln:powIIPWersja>2012-09-27T07:52:00+02:00</sln:powIIPWersja><sln:powIdTeryt>1213</sln:powIdTeryt><sln:powNazwa>oświęcimski</sln:powNazwa><sln:wojIIPId>dd2e3c64-f861-47cf-a3a3-e7751f272b2f</sln:wojIIPId><sln:wojIIPPn>PL.PZGIK.200</sln:wojIIPPn><sln:wojIIPWersja>2017-10-10T00:00:00+02:00</sln:wojIIPWersja><sln:wojIdTeryt>12</sln:wojIdTeryt><sln:wojNazwa>małopolskie</sln:wojNazwa></sln:miejscowosc><sln:miejscowosc><sln:cyklZyciaDo>2017-08-19T00:00:00+02:00</sln:cyklZyciaDo><sln:cyklZyciaOd>2014-11-27T00:00:00+01:00</sln:cyklZyciaOd><sln:gmIIPId>00f66382-0826-4c5b-8ef6-ae599a9f5eb4</sln:gmIIPId><sln:gmIIPPn>PL.PZGIK.200</sln:gmIIPPn><sln:gmIIPWersja>2012-09-26T22:11:49+02:00</sln:gmIIPWersja><sln:gmIdTeryt>1213033</sln:gmIdTeryt><sln:gmNazwa>Chełmek</sln:gmNazwa><sln:miejscIIPId>e88a5b3a-5165-4da5-b968-d0605e1f3602</sln:miejscIIPId><sln:miejscIIPPn>PL.PZGIK.200</sln:miejscIIPPn><sln:miejscIIPWersja>2016-11-24T13:38:07+02:00</sln:miejscIIPWersja><sln:miejscIdTeryt>3012933</sln:miejscIdTeryt><sln:miejscNazwa>Pustynia</sln:miejscNazwa><sln:miejscRodzaj>Inny obiekt</sln:miejscRodzaj><sln:powIIPId>1cf65b44-f4d5-4a14-961f-8363a199b2d6</sln:powIIPId><sln:powIIPPn>PL.PZGIK.200</sln:powIIPPn><sln:powIIPWersja>2012-09-27T07:52:00+02:00</sln:powIIPWersja><sln:powIdTeryt>1213</sln:powIdTeryt><sln:powNazwa>oświęcimski</sln:powNazwa><sln:wojIIPId>dd2e3c64-f861-47cf-a3a3-e7751f272b2f</sln:wojIIPId><sln:wojIIPPn>PL.PZGIK.200</sln:wojIIPPn><sln:wojIIPWersja>2017-10-10T00:00:00+02:00</sln:wojIIPWersja><sln:wojIdTeryt>12</sln:wojIdTeryt><sln:wojNazwa>małopolskie</sln:wojNazwa></sln:miejscowosc><sln:miejscowosc><sln:cyklZyciaDo>2017-08-17T00:00:00+02:00</sln:cyklZyciaDo><sln:cyklZyciaOd>2014-11-27T00:00:00+01:00</sln:cyklZyciaOd><sln:gmIIPId>00f66382-0826-4c5b-8ef6-ae599a9f5eb4</sln:gmIIPId><sln:gmIIPPn>PL.PZGIK.200</sln:gmIIPPn><sln:gmIIPWersja>2012-09-26T22:11:49+02:00</sln:gmIIPWersja><sln:gmIdTeryt>1213033</sln:gmIdTeryt><sln:gmNazwa>Chełmek</sln:gmNazwa><sln:miejscIIPId>70d26e8e-a72d-44ac-bf28-5d555728de4e</sln:miejscIIPId><sln:miejscIIPPn>PL.PZGIK.200</sln:miejscIIPPn><sln:miejscIIPWersja>2016-11-24T13:38:07+02:00</sln:miejscIIPWersja><sln:miejscIdTeryt>3012931</sln:miejscIdTeryt><sln:miejscNazwa>Babin</sln:miejscNazwa><sln:miejscRodzaj>Inny obiekt</sln:miejscRodzaj><sln:powIIPId>1cf65b44-f4d5-4a14-961f-8363a199b2d6</sln:powIIPId><sln:powIIPPn>PL.PZGIK.200</sln:powIIPPn><sln:powIIPWersja>2012-09-27T07:52:00+02:00</sln:powIIPWersja><sln:powIdTeryt>1213</sln:powIdTeryt><sln:powNazwa>oświęcimski</sln:powNazwa><sln:wojIIPId>dd2e3c64-f861-47cf-a3a3-e7751f272b2f</sln:wojIIPId><sln:wojIIPPn>PL.PZGIK.200</sln:wojIIPPn><sln:wojIIPWersja>2017-10-10T00:00:00+02:00</sln:wojIIPWersja><sln:wojIdTeryt>12</sln:wojIdTeryt><sln:wojNazwa>małopolskie</sln:wojNazwa></sln:miejscowosc><sln:miejscowosc><sln:cyklZyciaDo>2017-08-17T00:00:00+02:00</sln:cyklZyciaDo><sln:cyklZyciaOd>2014-11-27T00:00:00+01:00</sln:cyklZyciaOd><sln:gmIIPId>00f66382-0826-4c5b-8ef6-ae599a9f5eb4</sln:gmIIPId><sln:gmIIPPn>PL.PZGIK.200</sln:gmIIPPn><sln:gmIIPWersja>2012-09-26T22:11:49+02:00</sln:gmIIPWersja><sln:gmIdTeryt>1213033</sln:gmIdTeryt><sln:gmNazwa>Chełmek</sln:gmNazwa><sln:miejscIIPId>6eaaae42-6073-4bf9-9c51-09ec94dcacac</sln:miejscIIPId><sln:miejscIIPPn>PL.PZGIK.200</sln:miejscIIPPn><sln:miejscIIPWersja>2016-11-24T13:38:07+02:00</sln:miejscIIPWersja><sln:miejscIdTeryt>3012921</sln:miejscIdTeryt><sln:miejscNazwa>Młyny</sln:miejscNazwa><sln:miejscRodzaj>Inny obiekt</sln:miejscRodzaj><sln:powIIPId>1cf65b44-f4d5-4a14-961f-8363a199b2d6</sln:powIIPId><sln:powIIPPn>PL.PZGIK.200</sln:powIIPPn><sln:powIIPWersja>2012-09-27T07:52:00+02:00</sln:powIIPWersja><sln:powIdTeryt>1213</sln:powIdTeryt><sln:powNazwa>oświęcimski</sln:powNazwa><sln:wojIIPId>dd2e3c64-f861-47cf-a3a3-e7751f272b2f</sln:wojIIPId><sln:wojIIPPn>PL.PZGIK.200</sln:wojIIPPn><sln:wojIIPWersja>2017-10-10T00:00:00+02:00</sln:wojIIPWersja><sln:wojIdTeryt>12</sln:wojIdTeryt><sln:wojNazwa>małopolskie</sln:wojNazwa></sln:miejscowosc><sln:miejscowosc><sln:cyklZyciaOd>2014-11-27T00:00:00+01:00</sln:cyklZyciaOd><sln:gmIIPId>00f66382-0826-4c5b-8ef6-ae599a9f5eb4</sln:gmIIPId><sln:gmIIPPn>PL.PZGIK.200</sln:gmIIPPn><sln:gmIIPWersja>2012-09-26T22:11:49+02:00</sln:gmIIPWersja><sln:gmIdTeryt>1213033</sln:gmIdTeryt><sln:gmNazwa>Chełmek</sln:gmNazwa><sln:miejscIIPId>c70155f3-0d4d-435c-bf7f-872f164f7b2b</sln:miejscIIPId><sln:miejscIIPPn>PL.PZGIK.200</sln:miejscIIPPn><sln:miejscIIPWersja>2016-11-24T13:57:11+02:00</sln:miejscIIPWersja><sln:miejscIdTeryt>0050707</sln:miejscIdTeryt><sln:miejscNazwa>Kolonia</sln:miejscNazwa><sln:miejscRodzaj>Inny obiekt</sln:miejscRodzaj><sln:powIIPId>1cf65b44-f4d5-4a14-961f-8363a199b2d6</sln:powIIPId><sln:powIIPPn>PL.PZGIK.200</sln:powIIPPn><sln:powIIPWersja>2012-09-27T07:52:00+02:00</sln:powIIPWersja><sln:powIdTeryt>1213</sln:powIdTeryt><sln:powNazwa>oświęcimski</sln:powNazwa><sln:wojIIPId>dd2e3c64-f861-47cf-a3a3-e7751f272b2f</sln:wojIIPId><sln:wojIIPPn>PL.PZGIK.200</sln:wojIIPPn><sln:wojIIPWersja>2017-10-10T00:00:00+02:00</sln:wojIIPWersja><sln:wojIdTeryt>12</sln:wojIdTeryt><sln:wojNazwa>małopolskie</sln:wojNazwa></sln:miejscowosc><sln:miejscowosc><sln:cyklZyciaOd>2014-11-27T00:00:00+01:00</sln:cyklZyciaOd><sln:gmIIPId>00f66382-0826-4c5b-8ef6-ae599a9f5eb4</sln:gmIIPId><sln:gmIIPPn>PL.PZGIK.200</sln:gmIIPPn><sln:gmIIPWersja>2012-09-26T22:11:49+02:00</sln:gmIIPWersja><sln:gmIdTeryt>1213033</sln:gmIdTeryt><sln:gmNazwa>Chełmek</sln:gmNazwa><sln:miejscIIPId>4699eb0e-0ccd-4d01-bc22-b79a1194f831</sln:miejscIIPId><sln:miejscIIPPn>PL.PZGIK.200</sln:miejscIIPPn><sln:miejscIIPWersja>2016-11-24T13:57:11+02:00</sln:miejscIIPWersja><sln:miejscIdTeryt>0050713</sln:miejscIdTeryt><sln:miejscNazwa>Podkomorek</sln:miejscNazwa><sln:miejscRodzaj>Inny obiekt</sln:miejscRodzaj><sln:powIIPId>1cf65b44-f4d5-4a14-961f-8363a199b2d6</sln:powIIPId><sln:powIIPPn>PL.PZGIK.200</sln:powIIPPn><sln:powIIPWersja>2012-09-27T07:52:00+02:00</sln:powIIPWersja><sln:powIdTeryt>1213</sln:powIdTeryt><sln:powNazwa>oświęcimski</sln:powNazwa><sln:wojIIPId>dd2e3c64-f861-47cf-a3a3-e7751f272b2f</sln:wojIIPId><sln:wojIIPPn>PL.PZGIK.200</sln:wojIIPPn><sln:wojIIPWersja>2017-10-10T00:00:00+02:00</sln:wojIIPWersja><sln:wojIdTeryt>12</sln:wojIdTeryt><sln:wojNazwa>małopolskie</sln:wojNazwa></sln:miejscowosc><sln:miejscowosc><sln:cyklZyciaDo>2016-11-26T00:00:00+01:00</sln:cyklZyciaDo><sln:cyklZyciaOd>2014-11-27T00:00:00+01:00</sln:cyklZyciaOd><sln:gmIIPId>00f66382-0826-4c5b-8ef6-ae599a9f5eb4</sln:gmIIPId><sln:gmIIPPn>PL.PZGIK.200</sln:gmIIPPn><sln:gmIIPWersja>2012-09-26T22:11:49+02:00</sln:gmIIPWersja><sln:gmIdTeryt>1213033</sln:gmIdTeryt><sln:gmNazwa>Chełmek</sln:gmNazwa><sln:miejscIIPId>6b74f6f3-ee19-481a-b438-25d6f64b10b1</sln:miejscIIPId><sln:miejscIIPPn>PL.PZGIK.200</sln:miejscIIPPn><sln:miejscIIPWersja>2016-11-24T13:33:55+02:00</sln:miejscIIPWersja><sln:miejscIdTeryt>0924098</sln:miejscIdTeryt><sln:miejscNazwa>Chełmek</sln:miejscNazwa><sln:miejscRodzaj>Miasto</sln:miejscRodzaj><sln:powIIPId>1cf65b44-f4d5-4a14-961f-8363a199b2d6</sln:powIIPId><sln:powIIPPn>PL.PZGIK.200</sln:powIIPPn><sln:powIIPWersja>2012-09-27T07:52:00+02:00</sln:powIIPWersja><sln:powIdTeryt>1213</sln:powIdTeryt><sln:powNazwa>oświęcimski</sln:powNazwa><sln:wojIIPId>dd2e3c64-f861-47cf-a3a3-e7751f272b2f</sln:wojIIPId><sln:wojIIPPn>PL.PZGIK.200</sln:wojIIPPn><sln:wojIIPWersja>2017-10-10T00:00:00+02:00</sln:wojIIPWersja><sln:wojIdTeryt>12</sln:wojIdTeryt><sln:wojNazwa>małopolskie</sln:wojNazwa></sln:miejscowosc><sln:miejscowosc><sln:cyklZyciaOd>2014-11-27T00:00:00+01:00</sln:cyklZyciaOd><sln:gmIIPId>00f66382-0826-4c5b-8ef6-ae599a9f5eb4</sln:gmIIPId><sln:gmIIPPn>PL.PZGIK.200</sln:gmIIPPn><sln:gmIIPWersja>2012-09-26T22:11:49+02:00</sln:gmIIPWersja><sln:gmIdTeryt>1213033</sln:gmIdTeryt><sln:gmNazwa>Chełmek</sln:gmNazwa><sln:miejscIIPId>d5502fed-933c-4741-b507-89d210ba2c0b</sln:miejscIIPId><sln:miejscIIPPn>PL.PZGIK.200</sln:miejscIIPPn><sln:miejscIIPWersja>2016-11-24T13:41:28+02:00</sln:miejscIIPWersja><sln:miejscIdTeryt>0050676</sln:miejscIdTeryt><sln:miejscNazwa>Bobrek</sln:miejscNazwa><sln:miejscRodzaj>Wieś</sln:miejscRodzaj><sln:powIIPId>1cf65b44-f4d5-4a14-961f-8363a199b2d6</sln:powIIPId><sln:powIIPPn>PL.PZGIK.200</sln:powIIPPn><sln:powIIPWersja>2012-09-27T07:52:00+02:00</sln:powIIPWersja><sln:powIdTeryt>1213</sln:powIdTeryt><sln:powNazwa>oświęcimski</sln:powNazwa><sln:wojIIPId>dd2e3c64-f861-47cf-a3a3-e7751f272b2f</sln:wojIIPId><sln:wojIIPPn>PL.PZGIK.200</sln:wojIIPPn><sln:wojIIPWersja>2017-10-10T00:00:00+02:00</sln:wojIIPWersja><sln:wojIdTeryt>12</sln:wojIdTeryt><sln:wojNazwa>małopolskie</sln:wojNazwa></sln:miejscowosc><sln:miejscowosc><sln:cyklZyciaOd>2014-11-27T00:00:00+01:00</sln:cyklZyciaOd><sln:gmIIPId>00f66382-0826-4c5b-8ef6-ae599a9f5eb4</sln:gmIIPId><sln:gmIIPPn>PL.PZGIK.200</sln:gmIIPPn><sln:gmIIPWersja>2012-09-26T22:11:49+02:00</sln:gmIIPWersja><sln:gmIdTeryt>1213033</sln:gmIdTeryt><sln:gmNazwa>Chełmek</sln:gmNazwa><sln:miejscIIPId>cc2e7b16-d3d5-4e19-872d-a4471e748bbe</sln:miejscIIPId><sln:miejscIIPPn>PL.PZGIK.200</sln:miejscIIPPn><sln:miejscIIPWersja>2016-11-24T13:57:11+02:00</sln:miejscIIPWersja><sln:miejscIdTeryt>0050699</sln:miejscIdTeryt><sln:miejscNazwa>Bobrek Górny</sln:miejscNazwa><sln:miejscRodzaj>Inny obiekt</sln:miejscRodzaj><sln:powIIPId>1cf65b44-f4d5-4a14-961f-8363a199b2d6</sln:powIIPId><sln:powIIPPn>PL.PZGIK.200</sln:powIIPPn><sln:powIIPWersja>2012-09-27T07:52:00+02:00</sln:powIIPWersja><sln:powIdTeryt>1213</sln:powIdTeryt><sln:powNazwa>oświęcimski</sln:powNazwa><sln:wojIIPId>dd2e3c64-f861-47cf-a3a3-e7751f272b2f</sln:wojIIPId><sln:wojIIPPn>PL.PZGIK.200</sln:wojIIPPn><sln:wojIIPWersja>2017-10-10T00:00:00+02:00</sln:wojIIPWersja><sln:wojIdTeryt>12</sln:wojIdTeryt><sln:wojNazwa>małopolskie</sln:wojNazwa></sln:miejscowosc><sln:miejscowosc><sln:cyklZyciaOd>2014-11-27T00:00:00+01:00</sln:cyklZyciaOd><sln:gmIIPId>00f66382-0826-4c5b-8ef6-ae599a9f5eb4</sln:gmIIPId><sln:gmIIPPn>PL.PZGIK.200</sln:gmIIPPn><sln:gmIIPWersja>2012-09-26T22:11:49+02:00</sln:gmIIPWersja><sln:gmIdTeryt>1213033</sln:gmIdTeryt><sln:gmNazwa>Chełmek</sln:gmNazwa><sln:miejscIIPId>bf9cfbe8-bd7e-4166-88cb-210c9873dc98</sln:miejscIIPId><sln:miejscIIPPn>PL.PZGIK.200</sln:miejscIIPPn><sln:miejscIIPWersja>2016-11-24T13:57:11+02:00</sln:miejscIIPWersja><sln:miejscIdTeryt>0050682</sln:miejscIdTeryt><sln:miejscNazwa>Bobrek Dolny</sln:miejscNazwa><sln:miejscRodzaj>Inny obiekt</sln:miejscRodzaj><sln:powIIPId>1cf65b44-f4d5-4a14-961f-8363a199b2d6</sln:powIIPId><sln:powIIPPn>PL.PZGIK.200</sln:powIIPPn><sln:powIIPWersja>2012-09-27T07:52:00+02:00</sln:powIIPWersja><sln:powIdTeryt>1213</sln:powIdTeryt><sln:powNazwa>oświęcimski</sln:powNazwa><sln:wojIIPId>dd2e3c64-f861-47cf-a3a3-e7751f272b2f</sln:wojIIPId><sln:wojIIPPn>PL.PZGIK.200</sln:wojIIPPn><sln:wojIIPWersja>2017-10-10T00:00:00+02:00</sln:wojIIPWersja><sln:wojIdTeryt>12</sln:wojIdTeryt><sln:wojNazwa>małopolskie</sln:wojNazwa></sln:miejscowosc><sln:miejscowosc><sln:cyklZyciaDo>2017-08-12T00:00:00+02:00</sln:cyklZyciaDo><sln:cyklZyciaOd>2014-11-27T00:00:00+01:00</sln:cyklZyciaOd><sln:gmIIPId>00f66382-0826-4c5b-8ef6-ae599a9f5eb4</sln:gmIIPId><sln:gmIIPPn>PL.PZGIK.200</sln:gmIIPPn><sln:gmIIPWersja>2012-09-26T22:11:49+02:00</sln:gmIIPWersja><sln:gmIdTeryt>1213033</sln:gmIdTeryt><sln:gmNazwa>Chełmek</sln:gmNazwa><sln:miejscIIPId>370efb19-2d55-4da4-a889-ffee8031a394</sln:miejscIIPId><sln:miejscIIPPn>PL.PZGIK.200</sln:miejscIIPPn><sln:miejscIIPWersja>2016-11-24T13:57:11+02:00</sln:miejscIIPWersja><sln:miejscIdTeryt>0050720</sln:miejscIdTeryt><sln:miejscNazwa>Nowopole</sln:miejscNazwa><sln:miejscRodzaj>Gajówka</sln:miejscRodzaj><sln:powIIPId>1cf65b44-f4d5-4a14-961f-8363a199b2d6</sln:powIIPId><sln:powIIPPn>PL.PZGIK.200</sln:powIIPPn><sln:powIIPWersja>2012-09-27T07:52:00+02:00</sln:powIIPWersja><sln:powIdTeryt>1213</sln:powIdTeryt><sln:powNazwa>oświęcimski</sln:powNazwa><sln:wojIIPId>dd2e3c64-f861-47cf-a3a3-e7751f272b2f</sln:wojIIPId><sln:wojIIPPn>PL.PZGIK.200</sln:wojIIPPn><sln:wojIIPWersja>2017-10-10T00:00:00+02:00</sln:wojIIPWersja><sln:wojIdTeryt>12</sln:wojIdTeryt><sln:wojNazwa>małopolskie</sln:wojNazwa></sln:miejscowosc><sln:miejscowosc><sln:cyklZyciaDo>2017-08-19T00:00:00+02:00</sln:cyklZyciaDo><sln:cyklZyciaOd>2014-11-27T00:00:00+01:00</sln:cyklZyciaOd><sln:gmIIPId>00f66382-0826-4c5b-8ef6-ae599a9f5eb4</sln:gmIIPId><sln:gmIIPPn>PL.PZGIK.200</sln:gmIIPPn><sln:gmIIPWersja>2012-09-26T22:11:49+02:00</sln:gmIIPWersja><sln:gmIdTeryt>1213033</sln:gmIdTeryt><sln:gmNazwa>Chełmek</sln:gmNazwa><sln:miejscIIPId>a8a3bcb6-55db-4472-89dd-8b99bea0e1bc</sln:miejscIIPId><sln:miejscIIPPn>PL.PZGIK.200</sln:miejscIIPPn><sln:miejscIIPWersja>2016-11-24T13:38:07+02:00</sln:miejscIIPWersja><sln:miejscIdTeryt>3012927</sln:miejscIdTeryt><sln:miejscNazwa>Ulica</sln:miejscNazwa><sln:miejscRodzaj>Inny obiekt</sln:miejscRodzaj><sln:powIIPId>1cf65b44-f4d5-4a14-961f-8363a199b2d6</sln:powIIPId><sln:powIIPPn>PL.PZGIK.200</sln:powIIPPn><sln:powIIPWersja>2012-09-27T07:52:00+02:00</sln:powIIPWersja><sln:powIdTeryt>1213</sln:powIdTeryt><sln:powNazwa>oświęcimski</sln:powNazwa><sln:wojIIPId>dd2e3c64-f861-47cf-a3a3-e7751f272b2f</sln:wojIIPId><sln:wojIIPPn>PL.PZGIK.200</sln:wojIIPPn><sln:wojIIPWersja>2017-10-10T00:00:00+02:00</sln:wojIIPWersja><sln:wojIdTeryt>12</sln:wojIdTeryt><sln:wojNazwa>małopolskie</sln:wojNazwa></sln:miejscowosc><sln:miejscowosc><sln:cyklZyciaDo>2017-08-17T00:00:00+02:00</sln:cyklZyciaDo><sln:cyklZyciaOd>2014-11-27T00:00:00+01:00</sln:cyklZyciaOd><sln:gmIIPId>00f66382-0826-4c5b-8ef6-ae599a9f5eb4</sln:gmIIPId><sln:gmIIPPn>PL.PZGIK.200</sln:gmIIPPn><sln:gmIIPWersja>2012-09-26T22:11:49+02:00</sln:gmIIPWersja><sln:gmIdTeryt>1213033</sln:gmIdTeryt><sln:gmNazwa>Chełmek</sln:gmNazwa><sln:miejscIIPId>35706a33-c7d0-4d30-b7da-187a9036778a</sln:miejscIIPId><sln:miejscIIPPn>PL.PZGIK.200</sln:miejscIIPPn><sln:miejscIIPWersja>2016-11-24T13:38:07+02:00</sln:miejscIIPWersja><sln:miejscIdTeryt>3012925</sln:miejscIdTeryt><sln:miejscNazwa>Nowiska</sln:miejscNazwa><sln:miejscRodzaj>Inny obiekt</sln:miejscRodzaj><sln:powIIPId>1cf65b44-f4d5-4a14-961f-8363a199b2d6</sln:powIIPId><sln:powIIPPn>PL.PZGIK.200</sln:powIIPPn><sln:powIIPWersja>2012-09-27T07:52:00+02:00</sln:powIIPWersja><sln:powIdTeryt>1213</sln:powIdTeryt><sln:powNazwa>oświęcimski</sln:powNazwa><sln:wojIIPId>dd2e3c64-f861-47cf-a3a3-e7751f272b2f</sln:wojIIPId><sln:wojIIPPn>PL.PZGIK.200</sln:wojIIPPn><sln:wojIIPWersja>2017-10-10T00:00:00+02:00</sln:wojIIPWersja><sln:wojIdTeryt>12</sln:wojIdTeryt><sln:wojNazwa>małopolskie</sln:wojNazwa></sln:miejscowosc><sln:miejscowosc><sln:cyklZyciaDo>2017-08-19T00:00:00+02:00</sln:cyklZyciaDo><sln:cyklZyciaOd>2014-11-27T00:00:00+01:00</sln:cyklZyciaOd><sln:gmIIPId>00f66382-0826-4c5b-8ef6-ae599a9f5eb4</sln:gmIIPId><sln:gmIIPPn>PL.PZGIK.200</sln:gmIIPPn><sln:gmIIPWersja>2012-09-26T22:11:49+02:00</sln:gmIIPWersja><sln:gmIdTeryt>1213033</sln:gmIdTeryt><sln:gmNazwa>Chełmek</sln:gmNazwa><sln:miejscIIPId>ea69d976-d742-4bfd-81d5-e0e3713b8ed2</sln:miejscIIPId><sln:miejscIIPPn>PL.PZGIK.200</sln:miejscIIPPn><sln:miejscIIPWersja>2016-11-24T13:38:07+02:00</sln:miejscIIPWersja><sln:miejscIdTeryt>3012935</sln:miejscIdTeryt><sln:miejscNazwa>Źródła</sln:miejscNazwa><sln:miejscRodzaj>Inny obiekt</sln:miejscRodzaj><sln:powIIPId>1cf65b44-f4d5-4a14-961f-8363a199b2d6</sln:powIIPId><sln:powIIPPn>PL.PZGIK.200</sln:powIIPPn><sln:powIIPWersja>2012-09-27T07:52:00+02:00</sln:powIIPWersja><sln:powIdTeryt>1213</sln:powIdTeryt><sln:powNazwa>oświęcimski</sln:powNazwa><sln:wojIIPId>dd2e3c64-f861-47cf-a3a3-e7751f272b2f</sln:wojIIPId><sln:wojIIPPn>PL.PZGIK.200</sln:wojIIPPn><sln:wojIIPWersja>2017-10-10T00:00:00+02:00</sln:wojIIPWersja><sln:wojIdTeryt>12</sln:wojIdTeryt><sln:wojNazwa>małopolskie</sln:wojNazwa></sln:miejscowosc><sln:miejscowosc><sln:cyklZyciaOd>2016-11-26T00:00:00+01:00</sln:cyklZyciaOd><sln:gmIIPId>00f66382-0826-4c5b-8ef6-ae599a9f5eb4</sln:gmIIPId><sln:gmIIPPn>PL.PZGIK.200</sln:gmIIPPn><sln:gmIIPWersja>2012-09-26T22:11:49+02:00</sln:gmIIPWersja><sln:gmIdTeryt>1213033</sln:gmIdTeryt><sln:gmNazwa>Chełmek</sln:gmNazwa><sln:miejscIIPId>6b74f6f3-ee19-481a-b438-25d6f64b10b1</sln:miejscIIPId><sln:miejscIIPPn>PL.PZGIK.200</sln:miejscIIPPn><sln:miejscIIPWersja>2016-11-26T09:32:42+02:00</sln:miejscIIPWersja><sln:miejscIdTeryt>0924098</sln:miejscIdTeryt><sln:miejscNazwa>Chełmek</sln:miejscNazwa><sln:miejscRodzaj>Miasto</sln:miejscRodzaj><sln:powIIPId>1cf65b44-f4d5-4a14-961f-8363a199b2d6</sln:powIIPId><sln:powIIPPn>PL.PZGIK.200</sln:powIIPPn><sln:powIIPWersja>2012-09-27T07:52:00+02:00</sln:powIIPWersja><sln:powIdTeryt>1213</sln:powIdTeryt><sln:powNazwa>oświęcimski</sln:powNazwa><sln:wojIIPId>dd2e3c64-f861-47cf-a3a3-e7751f272b2f</sln:wojIIPId><sln:wojIIPPn>PL.PZGIK.200</sln:wojIIPPn><sln:wojIIPWersja>2017-10-10T00:00:00+02:00</sln:wojIIPWersja><sln:wojIdTeryt>12</sln:wojIdTeryt><sln:wojNazwa>małopolskie</sln:wojNazwa></sln:miejscowosc><sln:miejscowosc><sln:cyklZyciaOd>2016-11-26T00:00:00+01:00</sln:cyklZyciaOd><sln:gmIIPId>00f66382-0826-4c5b-8ef6-ae599a9f5eb4</sln:gmIIPId><sln:gmIIPPn>PL.PZGIK.200</sln:gmIIPPn><sln:gmIIPWersja>2012-09-26T22:11:49+02:00</sln:gmIIPWersja><sln:gmIdTeryt>1213033</sln:gmIdTeryt><sln:gmNazwa>Chełmek</sln:gmNazwa><sln:miejscIIPId>ec745a8a-2eac-4806-8bf2-8382aba51dd1</sln:miejscIIPId><sln:miejscIIPPn>PL.PZGIK.200</sln:miejscIIPPn><sln:miejscIIPWersja>2016-11-26T09:32:43+02:00</sln:miejscIIPWersja><sln:miejscIdTeryt>0924135</sln:miejscIdTeryt><sln:miejscNIIPId>6b74f6f3-ee19-481a-b438-25d6f64b10b1</sln:miejscNIIPId><sln:miejscNIIPPn>PL.PZGIK.200</sln:miejscNIIPPn><sln:miejscNIIPWersja>2016-11-26T09:32:42+02:00</sln:miejscNIIPWersja><sln:miejscNIdTeryt>0924098</sln:miejscNIdTeryt><sln:miejscNNazwa>Chełmek</sln:miejscNNazwa><sln:miejscNRodzaj>Miasto</sln:miejscNRodzaj><sln:miejscNazwa>Podzagórnie</sln:miejscNazwa><sln:miejscRodzaj>Inny obiekt</sln:miejscRodzaj><sln:powIIPId>1cf65b44-f4d5-4a14-961f-8363a199b2d6</sln:powIIPId><sln:powIIPPn>PL.PZGIK.200</sln:powIIPPn><sln:powIIPWersja>2012-09-27T07:52:00+02:00</sln:powIIPWersja><sln:powIdTeryt>1213</sln:powIdTeryt><sln:powNazwa>oświęcimski</sln:powNazwa><sln:wojIIPId>dd2e3c64-f861-47cf-a3a3-e7751f272b2f</sln:wojIIPId><sln:wojIIPPn>PL.PZGIK.200</sln:wojIIPPn><sln:wojIIPWersja>2017-10-10T00:00:00+02:00</sln:wojIIPWersja><sln:wojIdTeryt>12</sln:wojIdTeryt><sln:wojNazwa>małopolskie</sln:wojNazwa></sln:miejscowosc><sln:miejscowosc><sln:cyklZyciaOd>2016-11-26T00:00:00+01:00</sln:cyklZyciaOd><sln:gmIIPId>00f66382-0826-4c5b-8ef6-ae599a9f5eb4</sln:gmIIPId><sln:gmIIPPn>PL.PZGIK.200</sln:gmIIPPn><sln:gmIIPWersja>2012-09-26T22:11:49+02:00</sln:gmIIPWersja><sln:gmIdTeryt>1213033</sln:gmIdTeryt><sln:gmNazwa>Chełmek</sln:gmNazwa><sln:miejscIIPId>12fa2dec-bb6c-42f9-b696-f4d9523b6328</sln:miejscIIPId><sln:miejscIIPPn>PL.PZGIK.200</sln:miejscIIPPn><sln:miejscIIPWersja>2016-11-26T09:32:43+02:00</sln:miejscIIPWersja><sln:miejscIdTeryt>0924141</sln:miejscIdTeryt><sln:miejscNIIPId>6b74f6f3-ee19-481a-b438-25d6f64b10b1</sln:miejscNIIPId><sln:miejscNIIPPn>PL.PZGIK.200</sln:miejscNIIPPn><sln:miejscNIIPWersja>2016-11-26T09:32:42+02:00</sln:miejscNIIPWersja><sln:miejscNIdTeryt>0924098</sln:miejscNIdTeryt><sln:miejscNNazwa>Chełmek</sln:miejscNNazwa><sln:miejscNRodzaj>Miasto</sln:miejscNRodzaj><sln:miejscNazwa>Zagórcze</sln:miejscNazwa><sln:miejscRodzaj>Inny obiekt</sln:miejscRodzaj><sln:powIIPId>1cf65b44-f4d5-4a14-961f-8363a199b2d6</sln:powIIPId><sln:powIIPPn>PL.PZGIK.200</sln:powIIPPn><sln:powIIPWersja>2012-09-27T07:52:00+02:00</sln:powIIPWersja><sln:powIdTeryt>1213</sln:powIdTeryt><sln:powNazwa>oświęcimski</sln:powNazwa><sln:wojIIPId>dd2e3c64-f861-47cf-a3a3-e7751f272b2f</sln:wojIIPId><sln:wojIIPPn>PL.PZGIK.200</sln:wojIIPPn><sln:wojIIPWersja>2017-10-10T00:00:00+02:00</sln:wojIIPWersja><sln:wojIdTeryt>12</sln:wojIdTeryt><sln:wojNazwa>małopolskie</sln:wojNazwa></sln:miejscowosc><sln:miejscowosc><sln:cyklZyciaOd>2016-11-26T00:00:00+01:00</sln:cyklZyciaOd><sln:gmIIPId>00f66382-0826-4c5b-8ef6-ae599a9f5eb4</sln:gmIIPId><sln:gmIIPPn>PL.PZGIK.200</sln:gmIIPPn><sln:gmIIPWersja>2012-09-26T22:11:49+02:00</sln:gmIIPWersja><sln:gmIdTeryt>1213033</sln:gmIdTeryt><sln:gmNazwa>Chełmek</sln:gmNazwa><sln:miejscIIPId>a8571e5a-541d-404a-adeb-c9fb51f6b3cc</sln:miejscIIPId><sln:miejscIIPPn>PL.PZGIK.200</sln:miejscIIPPn><sln:miejscIIPWersja>2016-11-26T09:32:43+02:00</sln:miejscIIPWersja><sln:miejscIdTeryt>0924129</sln:miejscIdTeryt><sln:miejscNIIPId>6b74f6f3-ee19-481a-b438-25d6f64b10b1</sln:miejscNIIPId><sln:miejscNIIPPn>PL.PZGIK.200</sln:miejscNIIPPn><sln:miejscNIIPWersja>2016-11-26T09:32:42+02:00</sln:miejscNIIPWersja><sln:miejscNIdTeryt>0924098</sln:miejscNIdTeryt><sln:miejscNNazwa>Chełmek</sln:miejscNNazwa><sln:miejscNRodzaj>Miasto</sln:miejscNRodzaj><sln:miejscNazwa>Podgórze</sln:miejscNazwa><sln:miejscRodzaj>Inny obiekt</sln:miejscRodzaj><sln:powIIPId>1cf65b44-f4d5-4a14-961f-8363a199b2d6</sln:powIIPId><sln:powIIPPn>PL.PZGIK.200</sln:powIIPPn><sln:powIIPWersja>2012-09-27T07:52:00+02:00</sln:powIIPWersja><sln:powIdTeryt>1213</sln:powIdTeryt><sln:powNazwa>oświęcimski</sln:powNazwa><sln:wojIIPId>dd2e3c64-f861-47cf-a3a3-e7751f272b2f</sln:wojIIPId><sln:wojIIPPn>PL.PZGIK.200</sln:wojIIPPn><sln:wojIIPWersja>2017-10-10T00:00:00+02:00</sln:wojIIPWersja><sln:wojIdTeryt>12</sln:wojIdTeryt><sln:wojNazwa>małopolskie</sln:wojNazwa></sln:miejscowosc><sln:miejscowosc><sln:cyklZyciaDo>2017-03-13T00:00:00+01:00</sln:cyklZyciaDo><sln:cyklZyciaOd>2016-11-26T00:00:00+01:00</sln:cyklZyciaOd><sln:gmIIPId>00f66382-0826-4c5b-8ef6-ae599a9f5eb4</sln:gmIIPId><sln:gmIIPPn>PL.PZGIK.200</sln:gmIIPPn><sln:gmIIPWersja>2012-09-26T22:11:49+02:00</sln:gmIIPWersja><sln:gmIdTeryt>1213033</sln:gmIdTeryt><sln:gmNazwa>Chełmek</sln:gmNazwa><sln:miejscIIPId>303ab600-f2a2-4ea6-b94e-9b45368ad294</sln:miejscIIPId><sln:miejscIIPPn>PL.PZGIK.200</sln:miejscIIPPn><sln:miejscIIPWersja>2016-11-26T09:32:43+02:00</sln:miejscIIPWersja><sln:miejscIdTeryt>0924106</sln:miejscIdTeryt><sln:miejscNIIPId>6b74f6f3-ee19-481a-b438-25d6f64b10b1</sln:miejscNIIPId><sln:miejscNIIPPn>PL.PZGIK.200</sln:miejscNIIPPn><sln:miejscNIIPWersja>2016-11-26T09:32:42+02:00</sln:miejscNIIPWersja><sln:miejscNIdTeryt>0924098</sln:miejscNIdTeryt><sln:miejscNNazwa>Chełmek</sln:miejscNNazwa><sln:miejscNRodzaj>Miasto</sln:miejscNRodzaj><sln:miejscNazwa>Nowopole</sln:miejscNazwa><sln:miejscRodzaj>Inny obiekt</sln:miejscRodzaj><sln:powIIPId>1cf65b44-f4d5-4a14-961f-8363a199b2d6</sln:powIIPId><sln:powIIPPn>PL.PZGIK.200</sln:powIIPPn><sln:powIIPWersja>2012-09-27T07:52:00+02:00</sln:powIIPWersja><sln:powIdTeryt>1213</sln:powIdTeryt><sln:powNazwa>oświęcimski</sln:powNazwa><sln:wojIIPId>dd2e3c64-f861-47cf-a3a3-e7751f272b2f</sln:wojIIPId><sln:wojIIPPn>PL.PZGIK.200</sln:wojIIPPn><sln:wojIIPWersja>2017-10-10T00:00:00+02:00</sln:wojIIPWersja><sln:wojIdTeryt>12</sln:wojIdTeryt><sln:wojNazwa>małopolskie</sln:wojNazwa></sln:miejscowosc><sln:miejscowosc><sln:cyklZyciaDo>2017-08-18T00:00:00+02:00</sln:cyklZyciaDo><sln:cyklZyciaOd>2016-11-26T00:00:00+01:00</sln:cyklZyciaOd><sln:gmIIPId>00f66382-0826-4c5b-8ef6-ae599a9f5eb4</sln:gmIIPId><sln:gmIIPPn>PL.PZGIK.200</sln:gmIIPPn><sln:gmIIPWersja>2012-09-26T22:11:49+02:00</sln:gmIIPWersja><sln:gmIdTeryt>1213033</sln:gmIdTeryt><sln:gmNazwa>Chełmek</sln:gmNazwa><sln:miejscIIPId>5f47ccd0-5240-43ba-999b-833f79f39677</sln:miejscIIPId><sln:miejscIIPPn>PL.PZGIK.200</sln:miejscIIPPn><sln:miejscIIPWersja>2016-11-26T09:32:43+02:00</sln:miejscIIPWersja><sln:miejscIdTeryt>0924112</sln:miejscIdTeryt><sln:miejscNIIPId>6b74f6f3-ee19-481a-b438-25d6f64b10b1</sln:miejscNIIPId><sln:miejscNIIPPn>PL.PZGIK.200</sln:miejscNIIPPn><sln:miejscNIIPWersja>2016-11-26T09:32:42+02:00</sln:miejscNIIPWersja><sln:miejscNIdTeryt>0924098</sln:miejscNIdTeryt><sln:miejscNNazwa>Chełmek</sln:miejscNNazwa><sln:miejscNRodzaj>Miasto</sln:miejscNRodzaj><sln:miejscNazwa>Paprotnik</sln:miejscNazwa><sln:miejscRodzaj>Inny obiekt</sln:miejscRodzaj><sln:powIIPId>1cf65b44-f4d5-4a14-961f-8363a199b2d6</sln:powIIPId><sln:powIIPPn>PL.PZGIK.200</sln:powIIPPn><sln:powIIPWersja>2012-09-27T07:52:00+02:00</sln:powIIPWersja><sln:powIdTeryt>1213</sln:powIdTeryt><sln:powNazwa>oświęcimski</sln:powNazwa><sln:wojIIPId>dd2e3c64-f861-47cf-a3a3-e7751f272b2f</sln:wojIIPId><sln:wojIIPPn>PL.PZGIK.200</sln:wojIIPPn><sln:wojIIPWersja>2017-10-10T00:00:00+02:00</sln:wojIIPWersja><sln:wojIdTeryt>12</sln:wojIdTeryt><sln:wojNazwa>małopolskie</sln:wojNazwa></sln:miejscowosc><sln:miejscowosc><sln:cyklZyciaDo>2017-08-12T00:00:00+02:00</sln:cyklZyciaDo><sln:cyklZyciaOd>2017-03-13T00:00:00+01:00</sln:cyklZyciaOd><sln:gmIIPId>00f66382-0826-4c5b-8ef6-ae599a9f5eb4</sln:gmIIPId><sln:gmIIPPn>PL.PZGIK.200</sln:gmIIPPn><sln:gmIIPWersja>2012-09-26T22:11:49+02:00</sln:gmIIPWersja><sln:gmIdTeryt>1213033</sln:gmIdTeryt><sln:gmNazwa>Chełmek</sln:gmNazwa><sln:miejscIIPId>303ab600-f2a2-4ea6-b94e-9b45368ad294</sln:miejscIIPId><sln:miejscIIPPn>PL.PZGIK.200</sln:miejscIIPPn><sln:miejscIIPWersja>2017-03-13T12:08:04+02:00</sln:miejscIIPWersja><sln:miejscNIIPId>6b74f6f3-ee19-481a-b438-25d6f64b10b1</sln:miejscNIIPId><sln:miejscNIIPPn>PL.PZGIK.200</sln:miejscNIIPPn><sln:miejscNIIPWersja>2016-11-26T09:32:42+02:00</sln:miejscNIIPWersja><sln:miejscNIdTeryt>0924098</sln:miejscNIdTeryt><sln:miejscNNazwa>Chełmek</sln:miejscNNazwa><sln:miejscNRodzaj>Miasto</sln:miejscNRodzaj><sln:miejscNazwa>Nowe Miasto</sln:miejscNazwa><sln:miejscRodzaj>Osiedle</sln:miejscRodzaj><sln:powIIPId>1cf65b44-f4d5-4a14-961f-8363a199b2d6</sln:powIIPId><sln:powIIPPn>PL.PZGIK.200</sln:powIIPPn><sln:powIIPWersja>2012-09-27T07:52:00+02:00</sln:powIIPWersja><sln:powIdTeryt>1213</sln:powIdTeryt><sln:powNazwa>oświęcimski</sln:powNazwa><sln:wojIIPId>dd2e3c64-f861-47cf-a3a3-e7751f272b2f</sln:wojIIPId><sln:wojIIPPn>PL.PZGIK.200</sln:wojIIPPn><sln:wojIIPWersja>2017-10-10T00:00:00+02:00</sln:wojIIPWersja><sln:wojIdTeryt>12</sln:wojIdTeryt><sln:wojNazwa>małopolskie</sln:wojNazwa></sln:miejscowosc><sln:miejscowosc><sln:cyklZyciaOd>2017-08-12T00:00:00+02:00</sln:cyklZyciaOd><sln:gmIIPId>00f66382-0826-4c5b-8ef6-ae599a9f5eb4</sln:gmIIPId><sln:gmIIPPn>PL.PZGIK.200</sln:gmIIPPn><sln:gmIIPWersja>2012-09-26T22:11:49+02:00</sln:gmIIPWersja><sln:gmIdTeryt>1213033</sln:gmIdTeryt><sln:gmNazwa>Chełmek</sln:gmNazwa><sln:miejscIIPId>303ab600-f2a2-4ea6-b94e-9b45368ad294</sln:miejscIIPId><sln:miejscIIPPn>PL.PZGIK.200</sln:miejscIIPPn><sln:miejscIIPWersja>2017-08-12T00:16:36+02:00</sln:miejscIIPWersja><sln:miejscNIIPId>6b74f6f3-ee19-481a-b438-25d6f64b10b1</sln:miejscNIIPId><sln:miejscNIIPPn>PL.PZGIK.200</sln:miejscNIIPPn><sln:miejscNIIPWersja>2016-11-26T09:32:42+02:00</sln:miejscNIIPWersja><sln:miejscNIdTeryt>0924098</sln:miejscNIdTeryt><sln:miejscNNazwa>Chełmek</sln:miejscNNazwa><sln:miejscNRodzaj>Miasto</sln:miejscNRodzaj><sln:miejscNazwa>Nowe Miasto</sln:miejscNazwa><sln:miejscRodzaj>Osiedle</sln:miejscRodzaj><sln:powIIPId>1cf65b44-f4d5-4a14-961f-8363a199b2d6</sln:powIIPId><sln:powIIPPn>PL.PZGIK.200</sln:powIIPPn><sln:powIIPWersja>2012-09-27T07:52:00+02:00</sln:powIIPWersja><sln:powIdTeryt>1213</sln:powIdTeryt><sln:powNazwa>oświęcimski</sln:powNazwa><sln:wojIIPId>dd2e3c64-f861-47cf-a3a3-e7751f272b2f</sln:wojIIPId><sln:wojIIPPn>PL.PZGIK.200</sln:wojIIPPn><sln:wojIIPWersja>2017-10-10T00:00:00+02:00</sln:wojIIPWersja><sln:wojIdTeryt>12</sln:wojIdTeryt><sln:wojNazwa>małopolskie</sln:wojNazwa></sln:miejscowosc><sln:miejscowosc><sln:cyklZyciaOd>2017-08-12T00:00:00+02:00</sln:cyklZyciaOd><sln:gmIIPId>00f66382-0826-4c5b-8ef6-ae599a9f5eb4</sln:gmIIPId><sln:gmIIPPn>PL.PZGIK.200</sln:gmIIPPn><sln:gmIIPWersja>2012-09-26T22:11:49+02:00</sln:gmIIPWersja><sln:gmIdTeryt>1213033</sln:gmIdTeryt><sln:gmNazwa>Chełmek</sln:gmNazwa><sln:miejscIIPId>370efb19-2d55-4da4-a889-ffee8031a394</sln:miejscIIPId><sln:miejscIIPPn>PL.PZGIK.200</sln:miejscIIPPn><sln:miejscIIPWersja>2017-08-12T00:16:36+02:00</sln:miejscIIPWersja><sln:miejscIdTeryt>0050720</sln:miejscIdTeryt><sln:miejscNIIPId>d5502fed-933c-4741-b507-89d210ba2c0b</sln:miejscNIIPId><sln:miejscNIIPPn>PL.PZGIK.200</sln:miejscNIIPPn><sln:miejscNIIPWersja>2016-11-24T13:41:28+02:00</sln:miejscNIIPWersja><sln:miejscNIdTeryt>0050676</sln:miejscNIdTeryt><sln:miejscNNazwa>Bobrek</sln:miejscNNazwa><sln:miejscNRodzaj>Wieś</sln:miejscNRodzaj><sln:miejscNazwa>Nowopole</sln:miejscNazwa><sln:miejscRodzaj>Osada leśna</sln:miejscRodzaj><sln:powIIPId>1cf65b44-f4d5-4a14-961f-8363a199b2d6</sln:powIIPId><sln:powIIPPn>PL.PZGIK.200</sln:powIIPPn><sln:powIIPWersja>2012-09-27T07:52:00+02:00</sln:powIIPWersja><sln:powIdTeryt>1213</sln:powIdTeryt><sln:powNazwa>oświęcimski</sln:powNazwa><sln:wojIIPId>dd2e3c64-f861-47cf-a3a3-e7751f272b2f</sln:wojIIPId><sln:wojIIPPn>PL.PZGIK.200</sln:wojIIPPn><sln:wojIIPWersja>2017-10-10T00:00:00+02:00</sln:wojIIPWersja><sln:wojIdTeryt>12</sln:wojIdTeryt><sln:wojNazwa>małopolskie</sln:wojNazwa></sln:miejscowosc><sln:miejscowosc><sln:cyklZyciaDo>2017-09-06T00:00:00+02:00</sln:cyklZyciaDo><sln:cyklZyciaOd>2017-08-18T00:00:00+02:00</sln:cyklZyciaOd><sln:gmIIPId>00f66382-0826-4c5b-8ef6-ae599a9f5eb4</sln:gmIIPId><sln:gmIIPPn>PL.PZGIK.200</sln:gmIIPPn><sln:gmIIPWersja>2012-09-26T22:11:49+02:00</sln:gmIIPWersja><sln:gmIdTeryt>1213033</sln:gmIdTeryt><sln:gmNazwa>Chełmek</sln:gmNazwa><sln:miejscIIPId>5f47ccd0-5240-43ba-999b-833f79f39677</sln:miejscIIPId><sln:miejscIIPPn>PL.PZGIK.200</sln:miejscIIPPn><sln:miejscIIPWersja>2017-08-18T00:20:52+02:00</sln:miejscIIPWersja><sln:miejscIdTeryt>15670</sln:miejscIdTeryt><sln:miejscNIIPId>6b74f6f3-ee19-481a-b438-25d6f64b10b1</sln:miejscNIIPId><sln:miejscNIIPPn>PL.PZGIK.200</sln:miejscNIIPPn><sln:miejscNIIPWersja>2016-11-26T09:32:42+02:00</sln:miejscNIIPWersja><sln:miejscNIdTeryt>0924098</sln:miejscNIdTeryt><sln:miejscNNazwa>Chełmek</sln:miejscNNazwa><sln:miejscNRodzaj>Miasto</sln:miejscNRodzaj><sln:miejscNazwa>Paprotnik</sln:miejscNazwa><sln:miejscRodzaj>Osiedle</sln:miejscRodzaj><sln:powIIPId>1cf65b44-f4d5-4a14-961f-8363a199b2d6</sln:powIIPId><sln:powIIPPn>PL.PZGIK.200</sln:powIIPPn><sln:powIIPWersja>2012-09-27T07:52:00+02:00</sln:powIIPWersja><sln:powIdTeryt>1213</sln:powIdTeryt><sln:powNazwa>oświęcimski</sln:powNazwa><sln:wojIIPId>dd2e3c64-f861-47cf-a3a3-e7751f272b2f</sln:wojIIPId><sln:wojIIPPn>PL.PZGIK.200</sln:wojIIPPn><sln:wojIIPWersja>2017-10-10T00:00:00+02:00</sln:wojIIPWersja><sln:wojIdTeryt>12</sln:wojIdTeryt><sln:wojNazwa>małopolskie</sln:wojNazwa></sln:miejscowosc><sln:miejscowosc><sln:cyklZyciaOd>2017-09-06T00:00:00+02:00</sln:cyklZyciaOd><sln:gmIIPId>00f66382-0826-4c5b-8ef6-ae599a9f5eb4</sln:gmIIPId><sln:gmIIPPn>PL.PZGIK.200</sln:gmIIPPn><sln:gmIIPWersja>2012-09-26T22:11:49+02:00</sln:gmIIPWersja><sln:gmIdTeryt>1213033</sln:gmIdTeryt><sln:gmNazwa>Chełmek</sln:gmNazwa><sln:miejscIIPId>09a3a1bc-bff8-44f6-8ab2-10d5332d0057</sln:miejscIIPId><sln:miejscIIPPn>PL.PZGIK.200</sln:miejscIIPPn><sln:miejscIIPWersja>2017-09-06T00:18:42+02:00</sln:miejscIIPWersja><sln:miejscIdTeryt>1050282</sln:miejscIdTeryt><sln:miejscNazwa>Kopanki</sln:miejscNazwa><sln:miejscRodzaj>Inny obiekt</sln:miejscRodzaj><sln:powIIPId>1cf65b44-f4d5-4a14-961f-8363a199b2d6</sln:powIIPId><sln:powIIPPn>PL.PZGIK.200</sln:powIIPPn><sln:powIIPWersja>2012-09-27T07:52:00+02:00</sln:powIIPWersja><sln:powIdTeryt>1213</sln:powIdTeryt><sln:powNazwa>oświęcimski</sln:powNazwa><sln:wojIIPId>dd2e3c64-f861-47cf-a3a3-e7751f272b2f</sln:wojIIPId><sln:wojIIPPn>PL.PZGIK.200</sln:wojIIPPn><sln:wojIIPWersja>2017-10-10T00:00:00+02:00</sln:wojIIPWersja><sln:wojIdTeryt>12</sln:wojIdTeryt><sln:wojNazwa>małopolskie</sln:wojNazwa></sln:miejscowosc><sln:miejscowosc><sln:cyklZyciaOd>2017-09-06T00:00:00+02:00</sln:cyklZyciaOd><sln:gmIIPId>00f66382-0826-4c5b-8ef6-ae599a9f5eb4</sln:gmIIPId><sln:gmIIPPn>PL.PZGIK.200</sln:gmIIPPn><sln:gmIIPWersja>2012-09-26T22:11:49+02:00</sln:gmIIPWersja><sln:gmIdTeryt>1213033</sln:gmIdTeryt><sln:gmNazwa>Chełmek</sln:gmNazwa><sln:miejscIIPId>5f47ccd0-5240-43ba-999b-833f79f39677</sln:miejscIIPId><sln:miejscIIPPn>PL.PZGIK.200</sln:miejscIIPPn><sln:miejscIIPWersja>2017-09-06T00:18:42+02:00</sln:miejscIIPWersja><sln:miejscIdTeryt>0924112</sln:miejscIdTeryt><sln:miejscNIIPId>6b74f6f3-ee19-481a-b438-25d6f64b10b1</sln:miejscNIIPId><sln:miejscNIIPPn>PL.PZGIK.200</sln:miejscNIIPPn><sln:miejscNIIPWersja>2016-11-26T09:32:42+02:00</sln:miejscNIIPWersja><sln:miejscNIdTeryt>0924098</sln:miejscNIdTeryt><sln:miejscNNazwa>Chełmek</sln:miejscNNazwa><sln:miejscNRodzaj>Miasto</sln:miejscNRodzaj><sln:miejscNazwa>Paprotnik</sln:miejscNazwa><sln:miejscRodzaj>Osiedle</sln:miejscRodzaj><sln:powIIPId>1cf65b44-f4d5-4a14-961f-8363a199b2d6</sln:powIIPId><sln:powIIPPn>PL.PZGIK.200</sln:powIIPPn><sln:powIIPWersja>2012-09-27T07:52:00+02:00</sln:powIIPWersja><sln:powIdTeryt>1213</sln:powIdTeryt><sln:powNazwa>oświęcimski</sln:powNazwa><sln:wojIIPId>dd2e3c64-f861-47cf-a3a3-e7751f272b2f</sln:wojIIPId><sln:wojIIPPn>PL.PZGIK.200</sln:wojIIPPn><sln:wojIIPWersja>2017-10-10T00:00:00+02:00</sln:wojIIPWersja><sln:wojIdTeryt>12</sln:wojIdTeryt><sln:wojNazwa>małopolskie</sln:wojNazwa></sln:miejscowosc></sln:lista-miejscowosci>