<?xml version="1.0" encoding="UTF-8" standalone="yes"?><sln:lista-miejscowosci xmlns:srv="http://gugik.gov.pl/schemas/slowniki-service/1.0" xmlns:sln="http://gugik.gov.pl/schemas/slowniki-schema/1.0"><sln:miejscowosc><sln:cyklZyciaOd>2014-12-06T00:00:00+01:00</sln:cyklZyciaOd><sln:gmIIPId>8c81fc14-1eb5-46c0-9282-fab0c59b3d18</sln:gmIIPId><sln:gmIIPPn>PL.PZGIK.200</sln:gmIIPPn><sln:gmIIPWersja>2012-09-26T22:08:48+02:00</sln:gmIIPWersja><sln:gmIdTeryt>1203013</sln:gmIdTeryt><sln:gmNazwa>Alwernia</sln:gmNazwa><sln:miejscIIPId>9c254e13-3156-484a-ab05-872fdd1dd46c</sln:miejscIIPId><sln:miejscIIPPn>PL.PZGIK.200</sln:miejscIIPPn><sln:miejscIIPWersja>2016-11-24T13:41:12+02:00</sln:miejscIIPWersja><sln:miejscIdTeryt>0314767</sln:miejscIdTeryt><sln:miejscNazwa>Spalona</sln:miejscNazwa><sln:miejscRodzaj>Inny obiekt</sln:miejscRodzaj><sln:powIIPId>8eaf0bfb-3bf3-40dd-a6bb-f5afb0a466c6</sln:powIIPId><sln:powIIPPn>PL.PZGIK.200</sln:powIIPPn><sln:powIIPWersja>2012-09-27T07:52:00+02:00</sln:powIIPWersja><sln:powIdTeryt>1203</sln:powIdTeryt><sln:powNazwa>chrzanowski</sln:powNazwa><sln:wojIIPId>dd2e3c64-f861-47cf-a3a3-e7751f272b2f</sln:wojIIPId><sln:wojIIPPn>PL.PZGIK.200</sln:wojIIPPn><sln:wojIIPWersja>2017-10-10T00:00:00+02:00</sln:wojIIPWersja><sln:wojIdTeryt>12</sln:wojIdTeryt><sln:wojNazwa>małopolskie</sln:wojNazwa></sln:miejscowosc><sln:miejscowosc><sln:cyklZyciaOd>2014-12-06T00:00:00+01:00</sln:cyklZyciaOd><sln:gmIIPId>8c81fc14-1eb5-46c0-9282-fab0c59b3d18</sln:gmIIPId><sln:gmIIPPn>PL.PZGIK.200</sln:gmIIPPn><sln:gmIIPWersja>2012-09-26T22:08:48+02:00</sln:gmIIPWersja><sln:gmIdTeryt>1203013</sln:gmIdTeryt><sln:gmNazwa>Alwernia</sln:gmNazwa><sln:miejscIIPId>42d920c0-8056-489a-a9a0-8d0ae08071f7</sln:miejscIIPId><sln:miejscIIPPn>PL.PZGIK.200</sln:miejscIIPPn><sln:miejscIIPWersja>2016-11-24T13:44:39+02:00</sln:miejscIIPWersja><sln:miejscIdTeryt>0314477</sln:miejscIdTeryt><sln:miejscNazwa>Działki</sln:miejscNazwa><sln:miejscRodzaj>Inny obiekt</sln:miejscRodzaj><sln:powIIPId>8eaf0bfb-3bf3-40dd-a6bb-f5afb0a466c6</sln:powIIPId><sln:powIIPPn>PL.PZGIK.200</sln:powIIPPn><sln:powIIPWersja>2012-09-27T07:52:00+02:00</sln:powIIPWersja><sln:powIdTeryt>1203</sln:powIdTeryt><sln:powNazwa>chrzanowski</sln:powNazwa><sln:wojIIPId>dd2e3c64-f861-47cf-a3a3-e7751f272b2f</sln:wojIIPId><sln:wojIIPPn>PL.PZGIK.200</sln:wojIIPPn><sln:wojIIPWersja>2017-10-10T00:00:00+02:00</sln:wojIIPWersja><sln:wojIdTeryt>12</sln:wojIdTeryt><sln:wojNazwa>małopolskie</sln:wojNazwa></sln:miejscowosc><sln:miejscowosc><sln:cyklZyciaOd>2014-12-06T00:00:00+01:00</sln:cyklZyciaOd><sln:gmIIPId>8c81fc14-1eb5-46c0-9282-fab0c59b3d18</sln:gmIIPId><sln:gmIIPPn>PL.PZGIK.200</sln:gmIIPPn><sln:gmIIPWersja>2012-09-26T22:08:48+02:00</sln:gmIIPWersja><sln:gmIdTeryt>1203013</sln:gmIdTeryt><sln:gmNazwa>Alwernia</sln:gmNazwa><sln:miejscIIPId>f3b1ad50-1d24-4664-be17-a597e6ff3901</sln:miejscIIPId><sln:miejscIIPPn>PL.PZGIK.200</sln:miejscIIPPn><sln:miejscIIPWersja>2016-11-24T13:59:09+02:00</sln:miejscIIPWersja><sln:miejscIdTeryt>0314721</sln:miejscIdTeryt><sln:miejscNazwa>Nawsie</sln:miejscNazwa><sln:miejscRodzaj>Inny obiekt</sln:miejscRodzaj><sln:powIIPId>8eaf0bfb-3bf3-40dd-a6bb-f5afb0a466c6</sln:powIIPId><sln:powIIPPn>PL.PZGIK.200</sln:powIIPPn><sln:powIIPWersja>2012-09-27T07:52:00+02:00</sln:powIIPWersja><sln:powIdTeryt>1203</sln:powIdTeryt><sln:powNazwa>chrzanowski</sln:powNazwa><sln:wojIIPId>dd2e3c64-f861-47cf-a3a3-e7751f272b2f</sln:wojIIPId><sln:wojIIPPn>PL.PZGIK.200</sln:wojIIPPn><sln:wojIIPWersja>2017-10-10T00:00:00+02:00</sln:wojIIPWersja><sln:wojIdTeryt>12</sln:wojIdTeryt><sln:wojNazwa>małopolskie</sln:wojNazwa></sln:miejscowosc><sln:miejscowosc><sln:cyklZyciaOd>2014-12-06T00:00:00+01:00</sln:cyklZyciaOd><sln:gmIIPId>8c81fc14-1eb5-46c0-9282-fab0c59b3d18</sln:gmIIPId><sln:gmIIPPn>PL.PZGIK.200</sln:gmIIPPn><sln:gmIIPWersja>2012-09-26T22:08:48+02:00</sln:gmIIPWersja><sln:gmIdTeryt>1203013</sln:gmIdTeryt><sln:gmNazwa>Alwernia</sln:gmNazwa><sln:miejscIIPId>23899a95-6d14-4940-8aa9-60a6c7c29179</sln:miejscIIPId><sln:miejscIIPPn>PL.PZGIK.200</sln:miejscIIPPn><sln:miejscIIPWersja>2016-11-24T13:35:25+02:00</sln:miejscIIPWersja><sln:miejscIdTeryt>0314840</sln:miejscIdTeryt><sln:miejscNazwa>Źródła</sln:miejscNazwa><sln:miejscRodzaj>Wieś</sln:miejscRodzaj><sln:powIIPId>8eaf0bfb-3bf3-40dd-a6bb-f5afb0a466c6</sln:powIIPId><sln:powIIPPn>PL.PZGIK.200</sln:powIIPPn><sln:powIIPWersja>2012-09-27T07:52:00+02:00</sln:powIIPWersja><sln:powIdTeryt>1203</sln:powIdTeryt><sln:powNazwa>chrzanowski</sln:powNazwa><sln:wojIIPId>dd2e3c64-f861-47cf-a3a3-e7751f272b2f</sln:wojIIPId><sln:wojIIPPn>PL.PZGIK.200</sln:wojIIPPn><sln:wojIIPWersja>2017-10-10T00:00:00+02:00</sln:wojIIPWersja><sln:wojIdTeryt>12</sln:wojIdTeryt><sln:wojNazwa>małopolskie</sln:wojNazwa></sln:miejscowosc><sln:miejscowosc><sln:cyklZyciaOd>2014-12-06T00:00:00+01:00</sln:cyklZyciaOd><sln:gmIIPId>8c81fc14-1eb5-46c0-9282-fab0c59b3d18</sln:gmIIPId><sln:gmIIPPn>PL.PZGIK.200</sln:gmIIPPn><sln:gmIIPWersja>2012-09-26T22:08:48+02:00</sln:gmIIPWersja><sln:gmIdTeryt>1203013</sln:gmIdTeryt><sln:gmNazwa>Alwernia</sln:gmNazwa><sln:miejscIIPId>24b538f5-3050-4892-abbf-eb03261739ea</sln:miejscIIPId><sln:miejscIIPPn>PL.PZGIK.200</sln:miejscIIPPn><sln:miejscIIPWersja>2016-11-24T13:58:25+02:00</sln:miejscIIPWersja><sln:miejscIdTeryt>0314655</sln:miejscIdTeryt><sln:miejscNazwa>Oblaski</sln:miejscNazwa><sln:miejscRodzaj>Inny obiekt</sln:miejscRodzaj><sln:powIIPId>8eaf0bfb-3bf3-40dd-a6bb-f5afb0a466c6</sln:powIIPId><sln:powIIPPn>PL.PZGIK.200</sln:powIIPPn><sln:powIIPWersja>2012-09-27T07:52:00+02:00</sln:powIIPWersja><sln:powIdTeryt>1203</sln:powIdTeryt><sln:powNazwa>chrzanowski</sln:powNazwa><sln:wojIIPId>dd2e3c64-f861-47cf-a3a3-e7751f272b2f</sln:wojIIPId><sln:wojIIPPn>PL.PZGIK.200</sln:wojIIPPn><sln:wojIIPWersja>2017-10-10T00:00:00+02:00</sln:wojIIPWersja><sln:wojIdTeryt>12</sln:wojIdTeryt><sln:wojNazwa>małopolskie</sln:wojNazwa></sln:miejscowosc><sln:miejscowosc><sln:cyklZyciaOd>2014-12-06T00:00:00+01:00</sln:cyklZyciaOd><sln:gmIIPId>8c81fc14-1eb5-46c0-9282-fab0c59b3d18</sln:gmIIPId><sln:gmIIPPn>PL.PZGIK.200</sln:gmIIPPn><sln:gmIIPWersja>2012-09-26T22:08:48+02:00</sln:gmIIPWersja><sln:gmIdTeryt>1203013</sln:gmIdTeryt><sln:gmNazwa>Alwernia</sln:gmNazwa><sln:miejscIIPId>17916e12-091a-441e-b97f-1f16ec306bc6</sln:miejscIIPId><sln:miejscIIPPn>PL.PZGIK.200</sln:miejscIIPPn><sln:miejscIIPWersja>2016-11-24T13:28:30+02:00</sln:miejscIIPWersja><sln:miejscIdTeryt>0314690</sln:miejscIdTeryt><sln:miejscNazwa>Podłęże</sln:miejscNazwa><sln:miejscRodzaj>Wieś</sln:miejscRodzaj><sln:powIIPId>8eaf0bfb-3bf3-40dd-a6bb-f5afb0a466c6</sln:powIIPId><sln:powIIPPn>PL.PZGIK.200</sln:powIIPPn><sln:powIIPWersja>2012-09-27T07:52:00+02:00</sln:powIIPWersja><sln:powIdTeryt>1203</sln:powIdTeryt><sln:powNazwa>chrzanowski</sln:powNazwa><sln:wojIIPId>dd2e3c64-f861-47cf-a3a3-e7751f272b2f</sln:wojIIPId><sln:wojIIPPn>PL.PZGIK.200</sln:wojIIPPn><sln:wojIIPWersja>2017-10-10T00:00:00+02:00</sln:wojIIPWersja><sln:wojIdTeryt>12</sln:wojIdTeryt><sln:wojNazwa>małopolskie</sln:wojNazwa></sln:miejscowosc><sln:miejscowosc><sln:cyklZyciaOd>2014-12-06T00:00:00+01:00</sln:cyklZyciaOd><sln:gmIIPId>8c81fc14-1eb5-46c0-9282-fab0c59b3d18</sln:gmIIPId><sln:gmIIPPn>PL.PZGIK.200</sln:gmIIPPn><sln:gmIIPWersja>2012-09-26T22:08:48+02:00</sln:gmIIPWersja><sln:gmIdTeryt>1203013</sln:gmIdTeryt><sln:gmNazwa>Alwernia</sln:gmNazwa><sln:miejscIIPId>d031a88d-57a7-4c8a-a978-16506b41a71c</sln:miejscIIPId><sln:miejscIIPPn>PL.PZGIK.200</sln:miejscIIPPn><sln:miejscIIPWersja>2016-11-24T13:45:24+02:00</sln:miejscIIPWersja><sln:miejscIdTeryt>0314738</sln:miejscIdTeryt><sln:miejscNazwa>Potok</sln:miejscNazwa><sln:miejscRodzaj>Inny obiekt</sln:miejscRodzaj><sln:powIIPId>8eaf0bfb-3bf3-40dd-a6bb-f5afb0a466c6</sln:powIIPId><sln:powIIPPn>PL.PZGIK.200</sln:powIIPPn><sln:powIIPWersja>2012-09-27T07:52:00+02:00</sln:powIIPWersja><sln:powIdTeryt>1203</sln:powIdTeryt><sln:powNazwa>chrzanowski</sln:powNazwa><sln:wojIIPId>dd2e3c64-f861-47cf-a3a3-e7751f272b2f</sln:wojIIPId><sln:wojIIPPn>PL.PZGIK.200</sln:wojIIPPn><sln:wojIIPWersja>2017-10-10T00:00:00+02:00</sln:wojIIPWersja><sln:wojIdTeryt>12</sln:wojIdTeryt><sln:wojNazwa>małopolskie</sln:wojNazwa></sln:miejscowosc><sln:miejscowosc><sln:cyklZyciaOd>2014-12-06T00:00:00+01:00</sln:cyklZyciaOd><sln:gmIIPId>8c81fc14-1eb5-46c0-9282-fab0c59b3d18</sln:gmIIPId><sln:gmIIPPn>PL.PZGIK.200</sln:gmIIPPn><sln:gmIIPWersja>2012-09-26T22:08:48+02:00</sln:gmIIPWersja><sln:gmIdTeryt>1203013</sln:gmIdTeryt><sln:gmNazwa>Alwernia</sln:gmNazwa><sln:miejscIIPId>9603aefe-2003-4c81-9d18-f6174d61bf05</sln:miejscIIPId><sln:miejscIIPPn>PL.PZGIK.200</sln:miejscIIPPn><sln:miejscIIPWersja>2016-11-24T13:46:11+02:00</sln:miejscIIPWersja><sln:miejscIdTeryt>0314827</sln:miejscIdTeryt><sln:miejscNazwa>Grzmiączka</sln:miejscNazwa><sln:miejscRodzaj>Inny obiekt</sln:miejscRodzaj><sln:powIIPId>8eaf0bfb-3bf3-40dd-a6bb-f5afb0a466c6</sln:powIIPId><sln:powIIPPn>PL.PZGIK.200</sln:powIIPPn><sln:powIIPWersja>2012-09-27T07:52:00+02:00</sln:powIIPWersja><sln:powIdTeryt>1203</sln:powIdTeryt><sln:powNazwa>chrzanowski</sln:powNazwa><sln:wojIIPId>dd2e3c64-f861-47cf-a3a3-e7751f272b2f</sln:wojIIPId><sln:wojIIPPn>PL.PZGIK.200</sln:wojIIPPn><sln:wojIIPWersja>2017-10-10T00:00:00+02:00</sln:wojIIPWersja><sln:wojIdTeryt>12</sln:wojIdTeryt><sln:wojNazwa>małopolskie</sln:wojNazwa></sln:miejscowosc><sln:miejscowosc><sln:cyklZyciaOd>2014-12-06T00:00:00+01:00</sln:cyklZyciaOd><sln:gmIIPId>8c81fc14-1eb5-46c0-9282-fab0c59b3d18</sln:gmIIPId><sln:gmIIPPn>PL.PZGIK.200</sln:gmIIPPn><sln:gmIIPWersja>2012-09-26T22:08:48+02:00</sln:gmIIPWersja><sln:gmIdTeryt>1203013</sln:gmIdTeryt><sln:gmNazwa>Alwernia</sln:gmNazwa><sln:miejscIIPId>e17614f3-a9f7-4d95-a015-95278ddd70d9</sln:miejscIIPId><sln:miejscIIPPn>PL.PZGIK.200</sln:miejscIIPPn><sln:miejscIIPWersja>2016-11-24T13:59:09+02:00</sln:miejscIIPWersja><sln:miejscIdTeryt>0314750</sln:miejscIdTeryt><sln:miejscNazwa>Skowronek</sln:miejscNazwa><sln:miejscRodzaj>Inny obiekt</sln:miejscRodzaj><sln:powIIPId>8eaf0bfb-3bf3-40dd-a6bb-f5afb0a466c6</sln:powIIPId><sln:powIIPPn>PL.PZGIK.200</sln:powIIPPn><sln:powIIPWersja>2012-09-27T07:52:00+02:00</sln:powIIPWersja><sln:powIdTeryt>1203</sln:powIdTeryt><sln:powNazwa>chrzanowski</sln:powNazwa><sln:wojIIPId>dd2e3c64-f861-47cf-a3a3-e7751f272b2f</sln:wojIIPId><sln:wojIIPPn>PL.PZGIK.200</sln:wojIIPPn><sln:wojIIPWersja>2017-10-10T00:00:00+02:00</sln:wojIIPWersja><sln:wojIdTeryt>12</sln:wojIdTeryt><sln:wojNazwa>małopolskie</sln:wojNazwa></sln:miejscowosc><sln:miejscowosc><sln:cyklZyciaOd>2014-12-06T00:00:00+01:00</sln:cyklZyciaOd><sln:gmIIPId>8c81fc14-1eb5-46c0-9282-fab0c59b3d18</sln:gmIIPId><sln:gmIIPPn>PL.PZGIK.200</sln:gmIIPPn><sln:gmIIPWersja>2012-09-26T22:08:48+02:00</sln:gmIIPWersja><sln:gmIdTeryt>1203013</sln:gmIdTeryt><sln:gmNazwa>Alwernia</sln:gmNazwa><sln:miejscIIPId>5cbfbd1f-0cfd-4181-add3-34ef436cae43</sln:miejscIIPId><sln:miejscIIPPn>PL.PZGIK.200</sln:miejscIIPPn><sln:miejscIIPWersja>2016-11-24T13:59:09+02:00</sln:miejscIIPWersja><sln:miejscIdTeryt>0314744</sln:miejscIdTeryt><sln:miejscNazwa>Psia Górka</sln:miejscNazwa><sln:miejscRodzaj>Inny obiekt</sln:miejscRodzaj><sln:powIIPId>8eaf0bfb-3bf3-40dd-a6bb-f5afb0a466c6</sln:powIIPId><sln:powIIPPn>PL.PZGIK.200</sln:powIIPPn><sln:powIIPWersja>2012-09-27T07:52:00+02:00</sln:powIIPWersja><sln:powIdTeryt>1203</sln:powIdTeryt><sln:powNazwa>chrzanowski</sln:powNazwa><sln:wojIIPId>dd2e3c64-f861-47cf-a3a3-e7751f272b2f</sln:wojIIPId><sln:wojIIPPn>PL.PZGIK.200</sln:wojIIPPn><sln:wojIIPWersja>2017-10-10T00:00:00+02:00</sln:wojIIPWersja><sln:wojIdTeryt>12</sln:wojIdTeryt><sln:wojNazwa>małopolskie</sln:wojNazwa></sln:miejscowosc><sln:miejscowosc><sln:cyklZyciaOd>2014-12-06T00:00:00+01:00</sln:cyklZyciaOd><sln:gmIIPId>8c81fc14-1eb5-46c0-9282-fab0c59b3d18</sln:gmIIPId><sln:gmIIPPn>PL.PZGIK.200</sln:gmIIPPn><sln:gmIIPWersja>2012-09-26T22:08:48+02:00</sln:gmIIPWersja><sln:gmIdTeryt>1203013</sln:gmIdTeryt><sln:gmNazwa>Alwernia</sln:gmNazwa><sln:miejscIIPId>83eb35c2-9f16-4bc2-889a-83a2af249c41</sln:miejscIIPId><sln:miejscIIPPn>PL.PZGIK.200</sln:miejscIIPPn><sln:miejscIIPWersja>2016-11-24T13:59:09+02:00</sln:miejscIIPWersja><sln:miejscIdTeryt>0314537</sln:miejscIdTeryt><sln:miejscNazwa>Pod Rudnem</sln:miejscNazwa><sln:miejscRodzaj>Inny obiekt</sln:miejscRodzaj><sln:powIIPId>8eaf0bfb-3bf3-40dd-a6bb-f5afb0a466c6</sln:powIIPId><sln:powIIPPn>PL.PZGIK.200</sln:powIIPPn><sln:powIIPWersja>2012-09-27T07:52:00+02:00</sln:powIIPWersja><sln:powIdTeryt>1203</sln:powIdTeryt><sln:powNazwa>chrzanowski</sln:powNazwa><sln:wojIIPId>dd2e3c64-f861-47cf-a3a3-e7751f272b2f</sln:wojIIPId><sln:wojIIPPn>PL.PZGIK.200</sln:wojIIPPn><sln:wojIIPWersja>2017-10-10T00:00:00+02:00</sln:wojIIPWersja><sln:wojIdTeryt>12</sln:wojIdTeryt><sln:wojNazwa>małopolskie</sln:wojNazwa></sln:miejscowosc><sln:miejscowosc><sln:cyklZyciaOd>2014-12-06T00:00:00+01:00</sln:cyklZyciaOd><sln:gmIIPId>8c81fc14-1eb5-46c0-9282-fab0c59b3d18</sln:gmIIPId><sln:gmIIPPn>PL.PZGIK.200</sln:gmIIPPn><sln:gmIIPWersja>2012-09-26T22:08:48+02:00</sln:gmIIPWersja><sln:gmIdTeryt>1203013</sln:gmIdTeryt><sln:gmNazwa>Alwernia</sln:gmNazwa><sln:miejscIIPId>f5ccb4d2-0d1c-4f62-a65f-5ce4ef319c99</sln:miejscIIPId><sln:miejscIIPPn>PL.PZGIK.200</sln:miejscIIPPn><sln:miejscIIPWersja>2016-11-24T13:59:09+02:00</sln:miejscIIPWersja><sln:miejscIdTeryt>0314483</sln:miejscIdTeryt><sln:miejscNazwa>Murowanka</sln:miejscNazwa><sln:miejscRodzaj>Inny obiekt</sln:miejscRodzaj><sln:powIIPId>8eaf0bfb-3bf3-40dd-a6bb-f5afb0a466c6</sln:powIIPId><sln:powIIPPn>PL.PZGIK.200</sln:powIIPPn><sln:powIIPWersja>2012-09-27T07:52:00+02:00</sln:powIIPWersja><sln:powIdTeryt>1203</sln:powIdTeryt><sln:powNazwa>chrzanowski</sln:powNazwa><sln:wojIIPId>dd2e3c64-f861-47cf-a3a3-e7751f272b2f</sln:wojIIPId><sln:wojIIPPn>PL.PZGIK.200</sln:wojIIPPn><sln:wojIIPWersja>2017-10-10T00:00:00+02:00</sln:wojIIPWersja><sln:wojIdTeryt>12</sln:wojIdTeryt><sln:wojNazwa>małopolskie</sln:wojNazwa></sln:miejscowosc><sln:miejscowosc><sln:cyklZyciaOd>2014-12-06T00:00:00+01:00</sln:cyklZyciaOd><sln:gmIIPId>8c81fc14-1eb5-46c0-9282-fab0c59b3d18</sln:gmIIPId><sln:gmIIPPn>PL.PZGIK.200</sln:gmIIPPn><sln:gmIIPWersja>2012-09-26T22:08:48+02:00</sln:gmIIPWersja><sln:gmIdTeryt>1203013</sln:gmIdTeryt><sln:gmNazwa>Alwernia</sln:gmNazwa><sln:miejscIIPId>c007e52a-ee3b-45fc-bda4-c2a7a7861f9a</sln:miejscIIPId><sln:miejscIIPPn>PL.PZGIK.200</sln:miejscIIPPn><sln:miejscIIPWersja>2016-11-24T13:40:50+02:00</sln:miejscIIPWersja><sln:miejscIdTeryt>0314543</sln:miejscIdTeryt><sln:miejscNazwa>Kwaczała</sln:miejscNazwa><sln:miejscRodzaj>Wieś</sln:miejscRodzaj><sln:powIIPId>8eaf0bfb-3bf3-40dd-a6bb-f5afb0a466c6</sln:powIIPId><sln:powIIPPn>PL.PZGIK.200</sln:powIIPPn><sln:powIIPWersja>2012-09-27T07:52:00+02:00</sln:powIIPWersja><sln:powIdTeryt>1203</sln:powIdTeryt><sln:powNazwa>chrzanowski</sln:powNazwa><sln:wojIIPId>dd2e3c64-f861-47cf-a3a3-e7751f272b2f</sln:wojIIPId><sln:wojIIPPn>PL.PZGIK.200</sln:wojIIPPn><sln:wojIIPWersja>2017-10-10T00:00:00+02:00</sln:wojIIPWersja><sln:wojIdTeryt>12</sln:wojIdTeryt><sln:wojNazwa>małopolskie</sln:wojNazwa></sln:miejscowosc><sln:miejscowosc><sln:cyklZyciaOd>2014-12-06T00:00:00+01:00</sln:cyklZyciaOd><sln:gmIIPId>8c81fc14-1eb5-46c0-9282-fab0c59b3d18</sln:gmIIPId><sln:gmIIPPn>PL.PZGIK.200</sln:gmIIPPn><sln:gmIIPWersja>2012-09-26T22:08:48+02:00</sln:gmIIPWersja><sln:gmIdTeryt>1203013</sln:gmIdTeryt><sln:gmNazwa>Alwernia</sln:gmNazwa><sln:miejscIIPId>1078aa0d-1427-4b5e-912e-08a7ae502c6a</sln:miejscIIPId><sln:miejscIIPPn>PL.PZGIK.200</sln:miejscIIPPn><sln:miejscIIPWersja>2016-11-24T13:58:54+02:00</sln:miejscIIPWersja><sln:miejscIdTeryt>0314684</sln:miejscIdTeryt><sln:miejscNazwa>Latarka</sln:miejscNazwa><sln:miejscRodzaj>Inny obiekt</sln:miejscRodzaj><sln:powIIPId>8eaf0bfb-3bf3-40dd-a6bb-f5afb0a466c6</sln:powIIPId><sln:powIIPPn>PL.PZGIK.200</sln:powIIPPn><sln:powIIPWersja>2012-09-27T07:52:00+02:00</sln:powIIPWersja><sln:powIdTeryt>1203</sln:powIdTeryt><sln:powNazwa>chrzanowski</sln:powNazwa><sln:wojIIPId>dd2e3c64-f861-47cf-a3a3-e7751f272b2f</sln:wojIIPId><sln:wojIIPPn>PL.PZGIK.200</sln:wojIIPPn><sln:wojIIPWersja>2017-10-10T00:00:00+02:00</sln:wojIIPWersja><sln:wojIdTeryt>12</sln:wojIdTeryt><sln:wojNazwa>małopolskie</sln:wojNazwa></sln:miejscowosc><sln:miejscowosc><sln:cyklZyciaOd>2014-12-06T00:00:00+01:00</sln:cyklZyciaOd><sln:gmIIPId>8c81fc14-1eb5-46c0-9282-fab0c59b3d18</sln:gmIIPId><sln:gmIIPPn>PL.PZGIK.200</sln:gmIIPPn><sln:gmIIPWersja>2012-09-26T22:08:48+02:00</sln:gmIIPWersja><sln:gmIdTeryt>1203013</sln:gmIdTeryt><sln:gmNazwa>Alwernia</sln:gmNazwa><sln:miejscIIPId>15b0cf01-984e-4e79-b7a7-0d8b52da462b</sln:miejscIIPId><sln:miejscIIPPn>PL.PZGIK.200</sln:miejscIIPPn><sln:miejscIIPWersja>2016-11-24T13:44:39+02:00</sln:miejscIIPWersja><sln:miejscIdTeryt>0314490</sln:miejscIdTeryt><sln:miejscNazwa>Podlas</sln:miejscNazwa><sln:miejscRodzaj>Inny obiekt</sln:miejscRodzaj><sln:powIIPId>8eaf0bfb-3bf3-40dd-a6bb-f5afb0a466c6</sln:powIIPId><sln:powIIPPn>PL.PZGIK.200</sln:powIIPPn><sln:powIIPWersja>2012-09-27T07:52:00+02:00</sln:powIIPWersja><sln:powIdTeryt>1203</sln:powIdTeryt><sln:powNazwa>chrzanowski</sln:powNazwa><sln:wojIIPId>dd2e3c64-f861-47cf-a3a3-e7751f272b2f</sln:wojIIPId><sln:wojIIPPn>PL.PZGIK.200</sln:wojIIPPn><sln:wojIIPWersja>2017-10-10T00:00:00+02:00</sln:wojIIPWersja><sln:wojIdTeryt>12</sln:wojIdTeryt><sln:wojNazwa>małopolskie</sln:wojNazwa></sln:miejscowosc><sln:miejscowosc><sln:cyklZyciaOd>2014-12-06T00:00:00+01:00</sln:cyklZyciaOd><sln:gmIIPId>8c81fc14-1eb5-46c0-9282-fab0c59b3d18</sln:gmIIPId><sln:gmIIPPn>PL.PZGIK.200</sln:gmIIPPn><sln:gmIIPWersja>2012-09-26T22:08:48+02:00</sln:gmIIPWersja><sln:gmIdTeryt>1203013</sln:gmIdTeryt><sln:gmNazwa>Alwernia</sln:gmNazwa><sln:miejscIIPId>66c6d808-023b-4e45-8d99-bbef08fb41d6</sln:miejscIIPId><sln:miejscIIPPn>PL.PZGIK.200</sln:miejscIIPPn><sln:miejscIIPWersja>2016-11-24T13:28:03+02:00</sln:miejscIIPWersja><sln:miejscIdTeryt>0314460</sln:miejscIdTeryt><sln:miejscNazwa>Brodła</sln:miejscNazwa><sln:miejscRodzaj>Wieś</sln:miejscRodzaj><sln:powIIPId>8eaf0bfb-3bf3-40dd-a6bb-f5afb0a466c6</sln:powIIPId><sln:powIIPPn>PL.PZGIK.200</sln:powIIPPn><sln:powIIPWersja>2012-09-27T07:52:00+02:00</sln:powIIPWersja><sln:powIdTeryt>1203</sln:powIdTeryt><sln:powNazwa>chrzanowski</sln:powNazwa><sln:wojIIPId>dd2e3c64-f861-47cf-a3a3-e7751f272b2f</sln:wojIIPId><sln:wojIIPPn>PL.PZGIK.200</sln:wojIIPPn><sln:wojIIPWersja>2017-10-10T00:00:00+02:00</sln:wojIIPWersja><sln:wojIdTeryt>12</sln:wojIdTeryt><sln:wojNazwa>małopolskie</sln:wojNazwa></sln:miejscowosc><sln:miejscowosc><sln:cyklZyciaOd>2014-12-06T00:00:00+01:00</sln:cyklZyciaOd><sln:gmIIPId>8c81fc14-1eb5-46c0-9282-fab0c59b3d18</sln:gmIIPId><sln:gmIIPPn>PL.PZGIK.200</sln:gmIIPPn><sln:gmIIPWersja>2012-09-26T22:08:48+02:00</sln:gmIIPWersja><sln:gmIdTeryt>1203013</sln:gmIdTeryt><sln:gmNazwa>Alwernia</sln:gmNazwa><sln:miejscIIPId>7b06c514-047e-472b-beaf-d8c7fc5bff97</sln:miejscIIPId><sln:miejscIIPPn>PL.PZGIK.200</sln:miejscIIPPn><sln:miejscIIPWersja>2016-11-24T13:56:32+02:00</sln:miejscIIPWersja><sln:miejscIdTeryt>0314550</sln:miejscIdTeryt><sln:miejscNazwa>Kamionka Duża</sln:miejscNazwa><sln:miejscRodzaj>Inny obiekt</sln:miejscRodzaj><sln:powIIPId>8eaf0bfb-3bf3-40dd-a6bb-f5afb0a466c6</sln:powIIPId><sln:powIIPPn>PL.PZGIK.200</sln:powIIPPn><sln:powIIPWersja>2012-09-27T07:52:00+02:00</sln:powIIPWersja><sln:powIdTeryt>1203</sln:powIdTeryt><sln:powNazwa>chrzanowski</sln:powNazwa><sln:wojIIPId>dd2e3c64-f861-47cf-a3a3-e7751f272b2f</sln:wojIIPId><sln:wojIIPPn>PL.PZGIK.200</sln:wojIIPPn><sln:wojIIPWersja>2017-10-10T00:00:00+02:00</sln:wojIIPWersja><sln:wojIdTeryt>12</sln:wojIdTeryt><sln:wojNazwa>małopolskie</sln:wojNazwa></sln:miejscowosc><sln:miejscowosc><sln:cyklZyciaOd>2014-12-06T00:00:00+01:00</sln:cyklZyciaOd><sln:gmIIPId>8c81fc14-1eb5-46c0-9282-fab0c59b3d18</sln:gmIIPId><sln:gmIIPPn>PL.PZGIK.200</sln:gmIIPPn><sln:gmIIPWersja>2012-09-26T22:08:48+02:00</sln:gmIIPWersja><sln:gmIdTeryt>1203013</sln:gmIdTeryt><sln:gmNazwa>Alwernia</sln:gmNazwa><sln:miejscIIPId>649e704c-6ed3-4f45-9fa9-5c3e4d73e660</sln:miejscIIPId><sln:miejscIIPPn>PL.PZGIK.200</sln:miejscIIPPn><sln:miejscIIPWersja>2016-11-24T13:56:32+02:00</sln:miejscIIPWersja><sln:miejscIdTeryt>0314610</sln:miejscIdTeryt><sln:miejscNazwa>Płoszczań</sln:miejscNazwa><sln:miejscRodzaj>Inny obiekt</sln:miejscRodzaj><sln:powIIPId>8eaf0bfb-3bf3-40dd-a6bb-f5afb0a466c6</sln:powIIPId><sln:powIIPPn>PL.PZGIK.200</sln:powIIPPn><sln:powIIPWersja>2012-09-27T07:52:00+02:00</sln:powIIPWersja><sln:powIdTeryt>1203</sln:powIdTeryt><sln:powNazwa>chrzanowski</sln:powNazwa><sln:wojIIPId>dd2e3c64-f861-47cf-a3a3-e7751f272b2f</sln:wojIIPId><sln:wojIIPPn>PL.PZGIK.200</sln:wojIIPPn><sln:wojIIPWersja>2017-10-10T00:00:00+02:00</sln:wojIIPWersja><sln:wojIdTeryt>12</sln:wojIdTeryt><sln:wojNazwa>małopolskie</sln:wojNazwa></sln:miejscowosc><sln:miejscowosc><sln:cyklZyciaOd>2014-12-06T00:00:00+01:00</sln:cyklZyciaOd><sln:gmIIPId>8c81fc14-1eb5-46c0-9282-fab0c59b3d18</sln:gmIIPId><sln:gmIIPPn>PL.PZGIK.200</sln:gmIIPPn><sln:gmIIPWersja>2012-09-26T22:08:48+02:00</sln:gmIIPWersja><sln:gmIdTeryt>1203013</sln:gmIdTeryt><sln:gmNazwa>Alwernia</sln:gmNazwa><sln:miejscIIPId>d3c4f793-dece-4a32-96b5-5c1f740471ae</sln:miejscIIPId><sln:miejscIIPPn>PL.PZGIK.200</sln:miejscIIPPn><sln:miejscIIPWersja>2016-11-24T13:46:10+02:00</sln:miejscIIPWersja><sln:miejscIdTeryt>0314833</sln:miejscIdTeryt><sln:miejscNazwa>Kijów</sln:miejscNazwa><sln:miejscRodzaj>Inny obiekt</sln:miejscRodzaj><sln:powIIPId>8eaf0bfb-3bf3-40dd-a6bb-f5afb0a466c6</sln:powIIPId><sln:powIIPPn>PL.PZGIK.200</sln:powIIPPn><sln:powIIPWersja>2012-09-27T07:52:00+02:00</sln:powIIPWersja><sln:powIdTeryt>1203</sln:powIdTeryt><sln:powNazwa>chrzanowski</sln:powNazwa><sln:wojIIPId>dd2e3c64-f861-47cf-a3a3-e7751f272b2f</sln:wojIIPId><sln:wojIIPPn>PL.PZGIK.200</sln:wojIIPPn><sln:wojIIPWersja>2017-10-10T00:00:00+02:00</sln:wojIIPWersja><sln:wojIdTeryt>12</sln:wojIdTeryt><sln:wojNazwa>małopolskie</sln:wojNazwa></sln:miejscowosc><sln:miejscowosc><sln:cyklZyciaOd>2014-12-06T00:00:00+01:00</sln:cyklZyciaOd><sln:gmIIPId>8c81fc14-1eb5-46c0-9282-fab0c59b3d18</sln:gmIIPId><sln:gmIIPPn>PL.PZGIK.200</sln:gmIIPPn><sln:gmIIPWersja>2012-09-26T22:08:48+02:00</sln:gmIIPWersja><sln:gmIdTeryt>1203013</sln:gmIdTeryt><sln:gmNazwa>Alwernia</sln:gmNazwa><sln:miejscIIPId>a282e44f-075e-4b7e-9a6d-ca1568d93d11</sln:miejscIIPId><sln:miejscIIPPn>PL.PZGIK.200</sln:miejscIIPPn><sln:miejscIIPWersja>2016-11-24T13:44:39+02:00</sln:miejscIIPWersja><sln:miejscIdTeryt>0314508</sln:miejscIdTeryt><sln:miejscNazwa>Spaliska</sln:miejscNazwa><sln:miejscRodzaj>Inny obiekt</sln:miejscRodzaj><sln:powIIPId>8eaf0bfb-3bf3-40dd-a6bb-f5afb0a466c6</sln:powIIPId><sln:powIIPPn>PL.PZGIK.200</sln:powIIPPn><sln:powIIPWersja>2012-09-27T07:52:00+02:00</sln:powIIPWersja><sln:powIdTeryt>1203</sln:powIdTeryt><sln:powNazwa>chrzanowski</sln:powNazwa><sln:wojIIPId>dd2e3c64-f861-47cf-a3a3-e7751f272b2f</sln:wojIIPId><sln:wojIIPPn>PL.PZGIK.200</sln:wojIIPPn><sln:wojIIPWersja>2017-10-10T00:00:00+02:00</sln:wojIIPWersja><sln:wojIdTeryt>12</sln:wojIdTeryt><sln:wojNazwa>małopolskie</sln:wojNazwa></sln:miejscowosc><sln:miejscowosc><sln:cyklZyciaOd>2014-12-06T00:00:00+01:00</sln:cyklZyciaOd><sln:gmIIPId>8c81fc14-1eb5-46c0-9282-fab0c59b3d18</sln:gmIIPId><sln:gmIIPPn>PL.PZGIK.200</sln:gmIIPPn><sln:gmIIPWersja>2012-09-26T22:08:48+02:00</sln:gmIIPWersja><sln:gmIdTeryt>1203013</sln:gmIdTeryt><sln:gmNazwa>Alwernia</sln:gmNazwa><sln:miejscIIPId>40599b91-8b7e-46af-bc60-804e5b0daa7d</sln:miejscIIPId><sln:miejscIIPPn>PL.PZGIK.200</sln:miejscIIPPn><sln:miejscIIPWersja>2016-11-24T13:57:58+02:00</sln:miejscIIPWersja><sln:miejscIdTeryt>0314632</sln:miejscIdTeryt><sln:miejscNazwa>Betlejówka</sln:miejscNazwa><sln:miejscRodzaj>Inny obiekt</sln:miejscRodzaj><sln:powIIPId>8eaf0bfb-3bf3-40dd-a6bb-f5afb0a466c6</sln:powIIPId><sln:powIIPPn>PL.PZGIK.200</sln:powIIPPn><sln:powIIPWersja>2012-09-27T07:52:00+02:00</sln:powIIPWersja><sln:powIdTeryt>1203</sln:powIdTeryt><sln:powNazwa>chrzanowski</sln:powNazwa><sln:wojIIPId>dd2e3c64-f861-47cf-a3a3-e7751f272b2f</sln:wojIIPId><sln:wojIIPPn>PL.PZGIK.200</sln:wojIIPPn><sln:wojIIPWersja>2017-10-10T00:00:00+02:00</sln:wojIIPWersja><sln:wojIdTeryt>12</sln:wojIdTeryt><sln:wojNazwa>małopolskie</sln:wojNazwa></sln:miejscowosc><sln:miejscowosc><sln:cyklZyciaOd>2014-12-06T00:00:00+01:00</sln:cyklZyciaOd><sln:gmIIPId>8c81fc14-1eb5-46c0-9282-fab0c59b3d18</sln:gmIIPId><sln:gmIIPPn>PL.PZGIK.200</sln:gmIIPPn><sln:gmIIPWersja>2012-09-26T22:08:48+02:00</sln:gmIIPWersja><sln:gmIdTeryt>1203013</sln:gmIdTeryt><sln:gmNazwa>Alwernia</sln:gmNazwa><sln:miejscIIPId>ad413968-866c-45b2-997e-beb48ec4185f</sln:miejscIIPId><sln:miejscIIPPn>PL.PZGIK.200</sln:miejscIIPPn><sln:miejscIIPWersja>2016-11-24T13:51:32+02:00</sln:miejscIIPWersja><sln:miejscIdTeryt>0314856</sln:miejscIdTeryt><sln:miejscNazwa>Źródła Duże</sln:miejscNazwa><sln:miejscRodzaj>Inny obiekt</sln:miejscRodzaj><sln:powIIPId>8eaf0bfb-3bf3-40dd-a6bb-f5afb0a466c6</sln:powIIPId><sln:powIIPPn>PL.PZGIK.200</sln:powIIPPn><sln:powIIPWersja>2012-09-27T07:52:00+02:00</sln:powIIPWersja><sln:powIdTeryt>1203</sln:powIdTeryt><sln:powNazwa>chrzanowski</sln:powNazwa><sln:wojIIPId>dd2e3c64-f861-47cf-a3a3-e7751f272b2f</sln:wojIIPId><sln:wojIIPPn>PL.PZGIK.200</sln:wojIIPPn><sln:wojIIPWersja>2017-10-10T00:00:00+02:00</sln:wojIIPWersja><sln:wojIdTeryt>12</sln:wojIdTeryt><sln:wojNazwa>małopolskie</sln:wojNazwa></sln:miejscowosc><sln:miejscowosc><sln:cyklZyciaOd>2014-12-06T00:00:00+01:00</sln:cyklZyciaOd><sln:gmIIPId>8c81fc14-1eb5-46c0-9282-fab0c59b3d18</sln:gmIIPId><sln:gmIIPPn>PL.PZGIK.200</sln:gmIIPPn><sln:gmIIPWersja>2012-09-26T22:08:48+02:00</sln:gmIIPWersja><sln:gmIdTeryt>1203013</sln:gmIdTeryt><sln:gmNazwa>Alwernia</sln:gmNazwa><sln:miejscIIPId>8ad4b428-61e8-4c2e-a33b-a40d437b72ee</sln:miejscIIPId><sln:miejscIIPPn>PL.PZGIK.200</sln:miejscIIPPn><sln:miejscIIPWersja>2016-11-24T13:42:57+02:00</sln:miejscIIPWersja><sln:miejscIdTeryt>0314649</sln:miejscIdTeryt><sln:miejscNazwa>Nieporaz</sln:miejscNazwa><sln:miejscRodzaj>Wieś</sln:miejscRodzaj><sln:powIIPId>8eaf0bfb-3bf3-40dd-a6bb-f5afb0a466c6</sln:powIIPId><sln:powIIPPn>PL.PZGIK.200</sln:powIIPPn><sln:powIIPWersja>2012-09-27T07:52:00+02:00</sln:powIIPWersja><sln:powIdTeryt>1203</sln:powIdTeryt><sln:powNazwa>chrzanowski</sln:powNazwa><sln:wojIIPId>dd2e3c64-f861-47cf-a3a3-e7751f272b2f</sln:wojIIPId><sln:wojIIPPn>PL.PZGIK.200</sln:wojIIPPn><sln:wojIIPWersja>2017-10-10T00:00:00+02:00</sln:wojIIPWersja><sln:wojIdTeryt>12</sln:wojIdTeryt><sln:wojNazwa>małopolskie</sln:wojNazwa></sln:miejscowosc><sln:miejscowosc><sln:cyklZyciaOd>2014-12-06T00:00:00+01:00</sln:cyklZyciaOd><sln:gmIIPId>8c81fc14-1eb5-46c0-9282-fab0c59b3d18</sln:gmIIPId><sln:gmIIPPn>PL.PZGIK.200</sln:gmIIPPn><sln:gmIIPWersja>2012-09-26T22:08:48+02:00</sln:gmIIPWersja><sln:gmIdTeryt>1203013</sln:gmIdTeryt><sln:gmNazwa>Alwernia</sln:gmNazwa><sln:miejscIIPId>17afb008-9c71-4a63-b1e6-981e16aa9c90</sln:miejscIIPId><sln:miejscIIPPn>PL.PZGIK.200</sln:miejscIIPPn><sln:miejscIIPWersja>2016-11-24T13:29:42+02:00</sln:miejscIIPWersja><sln:miejscIdTeryt>0314780</sln:miejscIdTeryt><sln:miejscNazwa>Regulice</sln:miejscNazwa><sln:miejscRodzaj>Wieś</sln:miejscRodzaj><sln:powIIPId>8eaf0bfb-3bf3-40dd-a6bb-f5afb0a466c6</sln:powIIPId><sln:powIIPPn>PL.PZGIK.200</sln:powIIPPn><sln:powIIPWersja>2012-09-27T07:52:00+02:00</sln:powIIPWersja><sln:powIdTeryt>1203</sln:powIdTeryt><sln:powNazwa>chrzanowski</sln:powNazwa><sln:wojIIPId>dd2e3c64-f861-47cf-a3a3-e7751f272b2f</sln:wojIIPId><sln:wojIIPPn>PL.PZGIK.200</sln:wojIIPPn><sln:wojIIPWersja>2017-10-10T00:00:00+02:00</sln:wojIIPWersja><sln:wojIdTeryt>12</sln:wojIdTeryt><sln:wojNazwa>małopolskie</sln:wojNazwa></sln:miejscowosc><sln:miejscowosc><sln:cyklZyciaOd>2014-12-06T00:00:00+01:00</sln:cyklZyciaOd><sln:gmIIPId>8c81fc14-1eb5-46c0-9282-fab0c59b3d18</sln:gmIIPId><sln:gmIIPPn>PL.PZGIK.200</sln:gmIIPPn><sln:gmIIPWersja>2012-09-26T22:08:48+02:00</sln:gmIIPWersja><sln:gmIdTeryt>1203013</sln:gmIdTeryt><sln:gmNazwa>Alwernia</sln:gmNazwa><sln:miejscIIPId>5b192406-259b-47a1-ba13-21321af3b696</sln:miejscIIPId><sln:miejscIIPPn>PL.PZGIK.200</sln:miejscIIPPn><sln:miejscIIPWersja>2016-11-24T13:58:54+02:00</sln:miejscIIPWersja><sln:miejscIdTeryt>0314678</sln:miejscIdTeryt><sln:miejscNazwa>Kolonia</sln:miejscNazwa><sln:miejscRodzaj>Inny obiekt</sln:miejscRodzaj><sln:powIIPId>8eaf0bfb-3bf3-40dd-a6bb-f5afb0a466c6</sln:powIIPId><sln:powIIPPn>PL.PZGIK.200</sln:powIIPPn><sln:powIIPWersja>2012-09-27T07:52:00+02:00</sln:powIIPWersja><sln:powIdTeryt>1203</sln:powIdTeryt><sln:powNazwa>chrzanowski</sln:powNazwa><sln:wojIIPId>dd2e3c64-f861-47cf-a3a3-e7751f272b2f</sln:wojIIPId><sln:wojIIPPn>PL.PZGIK.200</sln:wojIIPPn><sln:wojIIPWersja>2017-10-10T00:00:00+02:00</sln:wojIIPWersja><sln:wojIdTeryt>12</sln:wojIdTeryt><sln:wojNazwa>małopolskie</sln:wojNazwa></sln:miejscowosc><sln:miejscowosc><sln:cyklZyciaOd>2014-12-06T00:00:00+01:00</sln:cyklZyciaOd><sln:gmIIPId>8c81fc14-1eb5-46c0-9282-fab0c59b3d18</sln:gmIIPId><sln:gmIIPPn>PL.PZGIK.200</sln:gmIIPPn><sln:gmIIPWersja>2012-09-26T22:08:48+02:00</sln:gmIIPWersja><sln:gmIdTeryt>1203013</sln:gmIdTeryt><sln:gmNazwa>Alwernia</sln:gmNazwa><sln:miejscIIPId>5eef5e3a-5b72-419c-8773-a7fc45422a52</sln:miejscIIPId><sln:miejscIIPPn>PL.PZGIK.200</sln:miejscIIPPn><sln:miejscIIPWersja>2016-11-24T13:56:32+02:00</sln:miejscIIPWersja><sln:miejscIdTeryt>0314595</sln:miejscIdTeryt><sln:miejscNazwa>Simota</sln:miejscNazwa><sln:miejscRodzaj>Inny obiekt</sln:miejscRodzaj><sln:powIIPId>8eaf0bfb-3bf3-40dd-a6bb-f5afb0a466c6</sln:powIIPId><sln:powIIPPn>PL.PZGIK.200</sln:powIIPPn><sln:powIIPWersja>2012-09-27T07:52:00+02:00</sln:powIIPWersja><sln:powIdTeryt>1203</sln:powIdTeryt><sln:powNazwa>chrzanowski</sln:powNazwa><sln:wojIIPId>dd2e3c64-f861-47cf-a3a3-e7751f272b2f</sln:wojIIPId><sln:wojIIPPn>PL.PZGIK.200</sln:wojIIPPn><sln:wojIIPWersja>2017-10-10T00:00:00+02:00</sln:wojIIPWersja><sln:wojIdTeryt>12</sln:wojIdTeryt><sln:wojNazwa>małopolskie</sln:wojNazwa></sln:miejscowosc><sln:miejscowosc><sln:cyklZyciaOd>2014-12-06T00:00:00+01:00</sln:cyklZyciaOd><sln:gmIIPId>8c81fc14-1eb5-46c0-9282-fab0c59b3d18</sln:gmIIPId><sln:gmIIPPn>PL.PZGIK.200</sln:gmIIPPn><sln:gmIIPWersja>2012-09-26T22:08:48+02:00</sln:gmIIPWersja><sln:gmIdTeryt>1203013</sln:gmIdTeryt><sln:gmNazwa>Alwernia</sln:gmNazwa><sln:miejscIIPId>77c15494-9668-45d1-a390-efe4cd2016ae</sln:miejscIIPId><sln:miejscIIPPn>PL.PZGIK.200</sln:miejscIIPPn><sln:miejscIIPWersja>2016-11-24T13:51:32+02:00</sln:miejscIIPWersja><sln:miejscIdTeryt>0314862</sln:miejscIdTeryt><sln:miejscNazwa>Źródła Małe</sln:miejscNazwa><sln:miejscRodzaj>Inny obiekt</sln:miejscRodzaj><sln:powIIPId>8eaf0bfb-3bf3-40dd-a6bb-f5afb0a466c6</sln:powIIPId><sln:powIIPPn>PL.PZGIK.200</sln:powIIPPn><sln:powIIPWersja>2012-09-27T07:52:00+02:00</sln:powIIPWersja><sln:powIdTeryt>1203</sln:powIdTeryt><sln:powNazwa>chrzanowski</sln:powNazwa><sln:wojIIPId>dd2e3c64-f861-47cf-a3a3-e7751f272b2f</sln:wojIIPId><sln:wojIIPPn>PL.PZGIK.200</sln:wojIIPPn><sln:wojIIPWersja>2017-10-10T00:00:00+02:00</sln:wojIIPWersja><sln:wojIdTeryt>12</sln:wojIdTeryt><sln:wojNazwa>małopolskie</sln:wojNazwa></sln:miejscowosc><sln:miejscowosc><sln:cyklZyciaOd>2014-12-06T00:00:00+01:00</sln:cyklZyciaOd><sln:gmIIPId>8c81fc14-1eb5-46c0-9282-fab0c59b3d18</sln:gmIIPId><sln:gmIIPPn>PL.PZGIK.200</sln:gmIIPPn><sln:gmIIPWersja>2012-09-26T22:08:48+02:00</sln:gmIIPWersja><sln:gmIdTeryt>1203013</sln:gmIdTeryt><sln:gmNazwa>Alwernia</sln:gmNazwa><sln:miejscIIPId>feb9c957-6b0b-4bf8-8a0b-3ea60ee5acd8</sln:miejscIIPId><sln:miejscIIPPn>PL.PZGIK.200</sln:miejscIIPPn><sln:miejscIIPWersja>2016-11-24T13:56:32+02:00</sln:miejscIIPWersja><sln:miejscIdTeryt>0314566</sln:miejscIdTeryt><sln:miejscNazwa>Kamionka Mała</sln:miejscNazwa><sln:miejscRodzaj>Inny obiekt</sln:miejscRodzaj><sln:powIIPId>8eaf0bfb-3bf3-40dd-a6bb-f5afb0a466c6</sln:powIIPId><sln:powIIPPn>PL.PZGIK.200</sln:powIIPPn><sln:powIIPWersja>2012-09-27T07:52:00+02:00</sln:powIIPWersja><sln:powIdTeryt>1203</sln:powIdTeryt><sln:powNazwa>chrzanowski</sln:powNazwa><sln:wojIIPId>dd2e3c64-f861-47cf-a3a3-e7751f272b2f</sln:wojIIPId><sln:wojIIPPn>PL.PZGIK.200</sln:wojIIPPn><sln:wojIIPWersja>2017-10-10T00:00:00+02:00</sln:wojIIPWersja><sln:wojIdTeryt>12</sln:wojIdTeryt><sln:wojNazwa>małopolskie</sln:wojNazwa></sln:miejscowosc><sln:miejscowosc><sln:cyklZyciaOd>2014-12-06T00:00:00+01:00</sln:cyklZyciaOd><sln:gmIIPId>8c81fc14-1eb5-46c0-9282-fab0c59b3d18</sln:gmIIPId><sln:gmIIPPn>PL.PZGIK.200</sln:gmIIPPn><sln:gmIIPWersja>2012-09-26T22:08:48+02:00</sln:gmIIPWersja><sln:gmIdTeryt>1203013</sln:gmIdTeryt><sln:gmNazwa>Alwernia</sln:gmNazwa><sln:miejscIIPId>c4f3a856-e1b9-4f98-b393-c496a43a67d0</sln:miejscIIPId><sln:miejscIIPPn>PL.PZGIK.200</sln:miejscIIPPn><sln:miejscIIPWersja>2016-11-24T13:46:11+02:00</sln:miejscIIPWersja><sln:miejscIdTeryt>0314810</sln:miejscIdTeryt><sln:miejscNazwa>Czarna Góra</sln:miejscNazwa><sln:miejscRodzaj>Inny obiekt</sln:miejscRodzaj><sln:powIIPId>8eaf0bfb-3bf3-40dd-a6bb-f5afb0a466c6</sln:powIIPId><sln:powIIPPn>PL.PZGIK.200</sln:powIIPPn><sln:powIIPWersja>2012-09-27T07:52:00+02:00</sln:powIIPWersja><sln:powIdTeryt>1203</sln:powIdTeryt><sln:powNazwa>chrzanowski</sln:powNazwa><sln:wojIIPId>dd2e3c64-f861-47cf-a3a3-e7751f272b2f</sln:wojIIPId><sln:wojIIPPn>PL.PZGIK.200</sln:wojIIPPn><sln:wojIIPWersja>2017-10-10T00:00:00+02:00</sln:wojIIPWersja><sln:wojIdTeryt>12</sln:wojIdTeryt><sln:wojNazwa>małopolskie</sln:wojNazwa></sln:miejscowosc><sln:miejscowosc><sln:cyklZyciaOd>2014-12-06T00:00:00+01:00</sln:cyklZyciaOd><sln:gmIIPId>8c81fc14-1eb5-46c0-9282-fab0c59b3d18</sln:gmIIPId><sln:gmIIPPn>PL.PZGIK.200</sln:gmIIPPn><sln:gmIIPWersja>2012-09-26T22:08:48+02:00</sln:gmIIPWersja><sln:gmIdTeryt>1203013</sln:gmIdTeryt><sln:gmNazwa>Alwernia</sln:gmNazwa><sln:miejscIIPId>405aa40a-59c1-4444-808f-78af25b4e407</sln:miejscIIPId><sln:miejscIIPPn>PL.PZGIK.200</sln:miejscIIPPn><sln:miejscIIPWersja>2016-11-24T13:43:49+02:00</sln:miejscIIPWersja><sln:miejscIdTeryt>0314661</sln:miejscIdTeryt><sln:miejscNazwa>Okleśna</sln:miejscNazwa><sln:miejscRodzaj>Wieś</sln:miejscRodzaj><sln:powIIPId>8eaf0bfb-3bf3-40dd-a6bb-f5afb0a466c6</sln:powIIPId><sln:powIIPPn>PL.PZGIK.200</sln:powIIPPn><sln:powIIPWersja>2012-09-27T07:52:00+02:00</sln:powIIPWersja><sln:powIdTeryt>1203</sln:powIdTeryt><sln:powNazwa>chrzanowski</sln:powNazwa><sln:wojIIPId>dd2e3c64-f861-47cf-a3a3-e7751f272b2f</sln:wojIIPId><sln:wojIIPPn>PL.PZGIK.200</sln:wojIIPPn><sln:wojIIPWersja>2017-10-10T00:00:00+02:00</sln:wojIIPWersja><sln:wojIdTeryt>12</sln:wojIdTeryt><sln:wojNazwa>małopolskie</sln:wojNazwa></sln:miejscowosc><sln:miejscowosc><sln:cyklZyciaOd>2014-12-06T00:00:00+01:00</sln:cyklZyciaOd><sln:gmIIPId>8c81fc14-1eb5-46c0-9282-fab0c59b3d18</sln:gmIIPId><sln:gmIIPPn>PL.PZGIK.200</sln:gmIIPPn><sln:gmIIPWersja>2012-09-26T22:08:48+02:00</sln:gmIIPWersja><sln:gmIdTeryt>1203013</sln:gmIdTeryt><sln:gmNazwa>Alwernia</sln:gmNazwa><sln:miejscIIPId>120c8054-2407-4434-8542-b588c8b4e23b</sln:miejscIIPId><sln:miejscIIPPn>PL.PZGIK.200</sln:miejscIIPPn><sln:miejscIIPWersja>2016-11-24T13:45:24+02:00</sln:miejscIIPWersja><sln:miejscIdTeryt>0314773</sln:miejscIdTeryt><sln:miejscNazwa>Szwaby</sln:miejscNazwa><sln:miejscRodzaj>Inny obiekt</sln:miejscRodzaj><sln:powIIPId>8eaf0bfb-3bf3-40dd-a6bb-f5afb0a466c6</sln:powIIPId><sln:powIIPPn>PL.PZGIK.200</sln:powIIPPn><sln:powIIPWersja>2012-09-27T07:52:00+02:00</sln:powIIPWersja><sln:powIdTeryt>1203</sln:powIdTeryt><sln:powNazwa>chrzanowski</sln:powNazwa><sln:wojIIPId>dd2e3c64-f861-47cf-a3a3-e7751f272b2f</sln:wojIIPId><sln:wojIIPPn>PL.PZGIK.200</sln:wojIIPPn><sln:wojIIPWersja>2017-10-10T00:00:00+02:00</sln:wojIIPWersja><sln:wojIdTeryt>12</sln:wojIdTeryt><sln:wojNazwa>małopolskie</sln:wojNazwa></sln:miejscowosc><sln:miejscowosc><sln:cyklZyciaOd>2014-12-06T00:00:00+01:00</sln:cyklZyciaOd><sln:gmIIPId>8c81fc14-1eb5-46c0-9282-fab0c59b3d18</sln:gmIIPId><sln:gmIIPPn>PL.PZGIK.200</sln:gmIIPPn><sln:gmIIPWersja>2012-09-26T22:08:48+02:00</sln:gmIIPWersja><sln:gmIdTeryt>1203013</sln:gmIdTeryt><sln:gmNazwa>Alwernia</sln:gmNazwa><sln:miejscIIPId>272aac1e-2727-4767-ba51-8a3eb9643244</sln:miejscIIPId><sln:miejscIIPPn>PL.PZGIK.200</sln:miejscIIPPn><sln:miejscIIPWersja>2016-11-24T13:46:10+02:00</sln:miejscIIPWersja><sln:miejscIdTeryt>0314804</sln:miejscIdTeryt><sln:miejscNazwa>Brzeziny</sln:miejscNazwa><sln:miejscRodzaj>Inny obiekt</sln:miejscRodzaj><sln:powIIPId>8eaf0bfb-3bf3-40dd-a6bb-f5afb0a466c6</sln:powIIPId><sln:powIIPPn>PL.PZGIK.200</sln:powIIPPn><sln:powIIPWersja>2012-09-27T07:52:00+02:00</sln:powIIPWersja><sln:powIdTeryt>1203</sln:powIdTeryt><sln:powNazwa>chrzanowski</sln:powNazwa><sln:wojIIPId>dd2e3c64-f861-47cf-a3a3-e7751f272b2f</sln:wojIIPId><sln:wojIIPPn>PL.PZGIK.200</sln:wojIIPPn><sln:wojIIPWersja>2017-10-10T00:00:00+02:00</sln:wojIIPWersja><sln:wojIdTeryt>12</sln:wojIdTeryt><sln:wojNazwa>małopolskie</sln:wojNazwa></sln:miejscowosc><sln:miejscowosc><sln:cyklZyciaOd>2014-12-06T00:00:00+01:00</sln:cyklZyciaOd><sln:gmIIPId>8c81fc14-1eb5-46c0-9282-fab0c59b3d18</sln:gmIIPId><sln:gmIIPPn>PL.PZGIK.200</sln:gmIIPPn><sln:gmIIPWersja>2012-09-26T22:08:48+02:00</sln:gmIIPWersja><sln:gmIdTeryt>1203013</sln:gmIdTeryt><sln:gmNazwa>Alwernia</sln:gmNazwa><sln:miejscIIPId>acf46fa3-a210-42c8-bbb6-662833e4aeb4</sln:miejscIIPId><sln:miejscIIPPn>PL.PZGIK.200</sln:miejscIIPPn><sln:miejscIIPWersja>2016-11-24T13:54:34+02:00</sln:miejscIIPWersja><sln:miejscIdTeryt>0314520</sln:miejscIdTeryt><sln:miejscNazwa>Nowa Wieś</sln:miejscNazwa><sln:miejscRodzaj>Inny obiekt</sln:miejscRodzaj><sln:powIIPId>8eaf0bfb-3bf3-40dd-a6bb-f5afb0a466c6</sln:powIIPId><sln:powIIPPn>PL.PZGIK.200</sln:powIIPPn><sln:powIIPWersja>2012-09-27T07:52:00+02:00</sln:powIIPWersja><sln:powIdTeryt>1203</sln:powIdTeryt><sln:powNazwa>chrzanowski</sln:powNazwa><sln:wojIIPId>dd2e3c64-f861-47cf-a3a3-e7751f272b2f</sln:wojIIPId><sln:wojIIPPn>PL.PZGIK.200</sln:wojIIPPn><sln:wojIIPWersja>2017-10-10T00:00:00+02:00</sln:wojIIPWersja><sln:wojIdTeryt>12</sln:wojIdTeryt><sln:wojNazwa>małopolskie</sln:wojNazwa></sln:miejscowosc><sln:miejscowosc><sln:cyklZyciaOd>2014-12-06T00:00:00+01:00</sln:cyklZyciaOd><sln:gmIIPId>8c81fc14-1eb5-46c0-9282-fab0c59b3d18</sln:gmIIPId><sln:gmIIPPn>PL.PZGIK.200</sln:gmIIPPn><sln:gmIIPWersja>2012-09-26T22:08:48+02:00</sln:gmIIPWersja><sln:gmIdTeryt>1203013</sln:gmIdTeryt><sln:gmNazwa>Alwernia</sln:gmNazwa><sln:miejscIIPId>c9aab002-ab22-436c-b906-dc70ae395b91</sln:miejscIIPId><sln:miejscIIPPn>PL.PZGIK.200</sln:miejscIIPPn><sln:miejscIIPWersja>2016-11-24T13:46:11+02:00</sln:miejscIIPWersja><sln:miejscIdTeryt>0314796</sln:miejscIdTeryt><sln:miejscNazwa>Brandyska</sln:miejscNazwa><sln:miejscRodzaj>Inny obiekt</sln:miejscRodzaj><sln:powIIPId>8eaf0bfb-3bf3-40dd-a6bb-f5afb0a466c6</sln:powIIPId><sln:powIIPPn>PL.PZGIK.200</sln:powIIPPn><sln:powIIPWersja>2012-09-27T07:52:00+02:00</sln:powIIPWersja><sln:powIdTeryt>1203</sln:powIdTeryt><sln:powNazwa>chrzanowski</sln:powNazwa><sln:wojIIPId>dd2e3c64-f861-47cf-a3a3-e7751f272b2f</sln:wojIIPId><sln:wojIIPPn>PL.PZGIK.200</sln:wojIIPPn><sln:wojIIPWersja>2017-10-10T00:00:00+02:00</sln:wojIIPWersja><sln:wojIdTeryt>12</sln:wojIdTeryt><sln:wojNazwa>małopolskie</sln:wojNazwa></sln:miejscowosc><sln:miejscowosc><sln:cyklZyciaOd>2014-12-06T00:00:00+01:00</sln:cyklZyciaOd><sln:gmIIPId>8c81fc14-1eb5-46c0-9282-fab0c59b3d18</sln:gmIIPId><sln:gmIIPPn>PL.PZGIK.200</sln:gmIIPPn><sln:gmIIPWersja>2012-09-26T22:08:48+02:00</sln:gmIIPWersja><sln:gmIdTeryt>1203013</sln:gmIdTeryt><sln:gmNazwa>Alwernia</sln:gmNazwa><sln:miejscIIPId>7ec43731-3850-4086-a78b-6715f2566c8a</sln:miejscIIPId><sln:miejscIIPPn>PL.PZGIK.200</sln:miejscIIPPn><sln:miejscIIPWersja>2016-11-24T13:56:32+02:00</sln:miejscIIPWersja><sln:miejscIdTeryt>0314589</sln:miejscIdTeryt><sln:miejscNazwa>Piasek</sln:miejscNazwa><sln:miejscRodzaj>Inny obiekt</sln:miejscRodzaj><sln:powIIPId>8eaf0bfb-3bf3-40dd-a6bb-f5afb0a466c6</sln:powIIPId><sln:powIIPPn>PL.PZGIK.200</sln:powIIPPn><sln:powIIPWersja>2012-09-27T07:52:00+02:00</sln:powIIPWersja><sln:powIdTeryt>1203</sln:powIdTeryt><sln:powNazwa>chrzanowski</sln:powNazwa><sln:wojIIPId>dd2e3c64-f861-47cf-a3a3-e7751f272b2f</sln:wojIIPId><sln:wojIIPPn>PL.PZGIK.200</sln:wojIIPPn><sln:wojIIPWersja>2017-10-10T00:00:00+02:00</sln:wojIIPWersja><sln:wojIdTeryt>12</sln:wojIdTeryt><sln:wojNazwa>małopolskie</sln:wojNazwa></sln:miejscowosc><sln:miejscowosc><sln:cyklZyciaOd>2014-12-06T00:00:00+01:00</sln:cyklZyciaOd><sln:gmIIPId>8c81fc14-1eb5-46c0-9282-fab0c59b3d18</sln:gmIIPId><sln:gmIIPPn>PL.PZGIK.200</sln:gmIIPPn><sln:gmIIPWersja>2012-09-26T22:08:48+02:00</sln:gmIIPWersja><sln:gmIdTeryt>1203013</sln:gmIdTeryt><sln:gmNazwa>Alwernia</sln:gmNazwa><sln:miejscIIPId>ba49cee3-3d7c-4fc0-8735-419f70540efd</sln:miejscIIPId><sln:miejscIIPPn>PL.PZGIK.200</sln:miejscIIPPn><sln:miejscIIPWersja>2016-11-24T13:28:49+02:00</sln:miejscIIPWersja><sln:miejscIdTeryt>0314709</sln:miejscIdTeryt><sln:miejscNazwa>Poręba Żegoty</sln:miejscNazwa><sln:miejscRodzaj>Wieś</sln:miejscRodzaj><sln:powIIPId>8eaf0bfb-3bf3-40dd-a6bb-f5afb0a466c6</sln:powIIPId><sln:powIIPPn>PL.PZGIK.200</sln:powIIPPn><sln:powIIPWersja>2012-09-27T07:52:00+02:00</sln:powIIPWersja><sln:powIdTeryt>1203</sln:powIdTeryt><sln:powNazwa>chrzanowski</sln:powNazwa><sln:wojIIPId>dd2e3c64-f861-47cf-a3a3-e7751f272b2f</sln:wojIIPId><sln:wojIIPPn>PL.PZGIK.200</sln:wojIIPPn><sln:wojIIPWersja>2017-10-10T00:00:00+02:00</sln:wojIIPWersja><sln:wojIdTeryt>12</sln:wojIdTeryt><sln:wojNazwa>małopolskie</sln:wojNazwa></sln:miejscowosc><sln:miejscowosc><sln:cyklZyciaOd>2014-12-06T00:00:00+01:00</sln:cyklZyciaOd><sln:gmIIPId>8c81fc14-1eb5-46c0-9282-fab0c59b3d18</sln:gmIIPId><sln:gmIIPPn>PL.PZGIK.200</sln:gmIIPPn><sln:gmIIPWersja>2012-09-26T22:08:48+02:00</sln:gmIIPWersja><sln:gmIdTeryt>1203013</sln:gmIdTeryt><sln:gmNazwa>Alwernia</sln:gmNazwa><sln:miejscIIPId>130818dd-f932-4f03-bf40-6ec9cf0c7ecf</sln:miejscIIPId><sln:miejscIIPPn>PL.PZGIK.200</sln:miejscIIPPn><sln:miejscIIPWersja>2016-11-24T13:42:24+02:00</sln:miejscIIPWersja><sln:miejscIdTeryt>0314626</sln:miejscIdTeryt><sln:miejscNazwa>Mirów</sln:miejscNazwa><sln:miejscRodzaj>Wieś</sln:miejscRodzaj><sln:powIIPId>8eaf0bfb-3bf3-40dd-a6bb-f5afb0a466c6</sln:powIIPId><sln:powIIPPn>PL.PZGIK.200</sln:powIIPPn><sln:powIIPWersja>2012-09-27T07:52:00+02:00</sln:powIIPWersja><sln:powIdTeryt>1203</sln:powIdTeryt><sln:powNazwa>chrzanowski</sln:powNazwa><sln:wojIIPId>dd2e3c64-f861-47cf-a3a3-e7751f272b2f</sln:wojIIPId><sln:wojIIPPn>PL.PZGIK.200</sln:wojIIPPn><sln:wojIIPWersja>2017-10-10T00:00:00+02:00</sln:wojIIPWersja><sln:wojIdTeryt>12</sln:wojIdTeryt><sln:wojNazwa>małopolskie</sln:wojNazwa></sln:miejscowosc><sln:miejscowosc><sln:cyklZyciaOd>2014-12-06T00:00:00+01:00</sln:cyklZyciaOd><sln:gmIIPId>8c81fc14-1eb5-46c0-9282-fab0c59b3d18</sln:gmIIPId><sln:gmIIPPn>PL.PZGIK.200</sln:gmIIPPn><sln:gmIIPWersja>2012-09-26T22:08:48+02:00</sln:gmIIPWersja><sln:gmIdTeryt>1203013</sln:gmIdTeryt><sln:gmNazwa>Alwernia</sln:gmNazwa><sln:miejscIIPId>cddf6187-fe00-412a-815b-1495226742cc</sln:miejscIIPId><sln:miejscIIPPn>PL.PZGIK.200</sln:miejscIIPPn><sln:miejscIIPWersja>2016-11-24T13:56:32+02:00</sln:miejscIIPWersja><sln:miejscIdTeryt>0314572</sln:miejscIdTeryt><sln:miejscNazwa>Łazek</sln:miejscNazwa><sln:miejscRodzaj>Inny obiekt</sln:miejscRodzaj><sln:powIIPId>8eaf0bfb-3bf3-40dd-a6bb-f5afb0a466c6</sln:powIIPId><sln:powIIPPn>PL.PZGIK.200</sln:powIIPPn><sln:powIIPWersja>2012-09-27T07:52:00+02:00</sln:powIIPWersja><sln:powIdTeryt>1203</sln:powIdTeryt><sln:powNazwa>chrzanowski</sln:powNazwa><sln:wojIIPId>dd2e3c64-f861-47cf-a3a3-e7751f272b2f</sln:wojIIPId><sln:wojIIPPn>PL.PZGIK.200</sln:wojIIPPn><sln:wojIIPWersja>2017-10-10T00:00:00+02:00</sln:wojIIPWersja><sln:wojIdTeryt>12</sln:wojIdTeryt><sln:wojNazwa>małopolskie</sln:wojNazwa></sln:miejscowosc><sln:miejscowosc><sln:cyklZyciaOd>2014-12-06T00:00:00+01:00</sln:cyklZyciaOd><sln:gmIIPId>8c81fc14-1eb5-46c0-9282-fab0c59b3d18</sln:gmIIPId><sln:gmIIPPn>PL.PZGIK.200</sln:gmIIPPn><sln:gmIIPWersja>2012-09-26T22:08:48+02:00</sln:gmIIPWersja><sln:gmIdTeryt>1203013</sln:gmIdTeryt><sln:gmNazwa>Alwernia</sln:gmNazwa><sln:miejscIIPId>30318971-0041-43c9-9848-bd5439e7ad00</sln:miejscIIPId><sln:miejscIIPPn>PL.PZGIK.200</sln:miejscIIPPn><sln:miejscIIPWersja>2016-11-24T13:38:00+02:00</sln:miejscIIPWersja><sln:miejscIdTeryt>0314514</sln:miejscIdTeryt><sln:miejscNazwa>Grojec</sln:miejscNazwa><sln:miejscRodzaj>Wieś</sln:miejscRodzaj><sln:powIIPId>8eaf0bfb-3bf3-40dd-a6bb-f5afb0a466c6</sln:powIIPId><sln:powIIPPn>PL.PZGIK.200</sln:powIIPPn><sln:powIIPWersja>2012-09-27T07:52:00+02:00</sln:powIIPWersja><sln:powIdTeryt>1203</sln:powIdTeryt><sln:powNazwa>chrzanowski</sln:powNazwa><sln:wojIIPId>dd2e3c64-f861-47cf-a3a3-e7751f272b2f</sln:wojIIPId><sln:wojIIPPn>PL.PZGIK.200</sln:wojIIPPn><sln:wojIIPWersja>2017-10-10T00:00:00+02:00</sln:wojIIPWersja><sln:wojIdTeryt>12</sln:wojIdTeryt><sln:wojNazwa>małopolskie</sln:wojNazwa></sln:miejscowosc><sln:miejscowosc><sln:cyklZyciaOd>2014-12-06T00:00:00+01:00</sln:cyklZyciaOd><sln:gmIIPId>8c81fc14-1eb5-46c0-9282-fab0c59b3d18</sln:gmIIPId><sln:gmIIPPn>PL.PZGIK.200</sln:gmIIPPn><sln:gmIIPWersja>2012-09-26T22:08:48+02:00</sln:gmIIPWersja><sln:gmIdTeryt>1203013</sln:gmIdTeryt><sln:gmNazwa>Alwernia</sln:gmNazwa><sln:miejscIIPId>04976590-9305-41ee-93b8-b8dc0bb881d2</sln:miejscIIPId><sln:miejscIIPPn>PL.PZGIK.200</sln:miejscIIPPn><sln:miejscIIPWersja>2016-11-24T13:38:59+02:00</sln:miejscIIPWersja><sln:miejscIdTeryt>0314454</sln:miejscIdTeryt><sln:miejscNazwa>Alwernia</sln:miejscNazwa><sln:miejscRodzaj>Miasto</sln:miejscRodzaj><sln:powIIPId>8eaf0bfb-3bf3-40dd-a6bb-f5afb0a466c6</sln:powIIPId><sln:powIIPPn>PL.PZGIK.200</sln:powIIPPn><sln:powIIPWersja>2012-09-27T07:52:00+02:00</sln:powIIPWersja><sln:powIdTeryt>1203</sln:powIdTeryt><sln:powNazwa>chrzanowski</sln:powNazwa><sln:wojIIPId>dd2e3c64-f861-47cf-a3a3-e7751f272b2f</sln:wojIIPId><sln:wojIIPPn>PL.PZGIK.200</sln:wojIIPPn><sln:wojIIPWersja>2017-10-10T00:00:00+02:00</sln:wojIIPWersja><sln:wojIdTeryt>12</sln:wojIdTeryt><sln:wojNazwa>małopolskie</sln:wojNazwa></sln:miejscowosc><sln:miejscowosc><sln:cyklZyciaOd>2014-12-06T00:00:00+01:00</sln:cyklZyciaOd><sln:gmIIPId>8c81fc14-1eb5-46c0-9282-fab0c59b3d18</sln:gmIIPId><sln:gmIIPPn>PL.PZGIK.200</sln:gmIIPPn><sln:gmIIPWersja>2012-09-26T22:08:48+02:00</sln:gmIIPWersja><sln:gmIdTeryt>1203013</sln:gmIdTeryt><sln:gmNazwa>Alwernia</sln:gmNazwa><sln:miejscIIPId>9df90341-60a0-46c2-b8a9-bccecf2ff38b</sln:miejscIIPId><sln:miejscIIPPn>PL.PZGIK.200</sln:miejscIIPPn><sln:miejscIIPWersja>2016-11-24T13:41:12+02:00</sln:miejscIIPWersja><sln:miejscIdTeryt>0314715</sln:miejscIdTeryt><sln:miejscNazwa>Kamionki</sln:miejscNazwa><sln:miejscRodzaj>Inny obiekt</sln:miejscRodzaj><sln:powIIPId>8eaf0bfb-3bf3-40dd-a6bb-f5afb0a466c6</sln:powIIPId><sln:powIIPPn>PL.PZGIK.200</sln:powIIPPn><sln:powIIPWersja>2012-09-27T07:52:00+02:00</sln:powIIPWersja><sln:powIdTeryt>1203</sln:powIdTeryt><sln:powNazwa>chrzanowski</sln:powNazwa><sln:wojIIPId>dd2e3c64-f861-47cf-a3a3-e7751f272b2f</sln:wojIIPId><sln:wojIIPPn>PL.PZGIK.200</sln:wojIIPPn><sln:wojIIPWersja>2017-10-10T00:00:00+02:00</sln:wojIIPWersja><sln:wojIdTeryt>12</sln:wojIdTeryt><sln:wojNazwa>małopolskie</sln:wojNazwa></sln:miejscowosc></sln:lista-miejscowosci>