<?xml version="1.0" encoding="UTF-8" standalone="yes"?><sln:lista-miejscowosci xmlns:srv="http://gugik.gov.pl/schemas/slowniki-service/1.0" xmlns:sln="http://gugik.gov.pl/schemas/slowniki-schema/1.0"><sln:miejscowosc><sln:cyklZyciaOd>2014-12-07T00:00:00+01:00</sln:cyklZyciaOd><sln:gmIIPId>18eb80ed-edc2-4767-bff5-e2d8c2305db5</sln:gmIIPId><sln:gmIIPPn>PL.PZGIK.200</sln:gmIIPPn><sln:gmIIPWersja>2012-09-26T22:11:09+02:00</sln:gmIIPWersja><sln:gmIdTeryt>1211092</sln:gmIdTeryt><sln:gmNazwa>Nowy Targ</sln:gmNazwa><sln:miejscIIPId>04ded7b5-cf19-45c4-9eaf-afac0db78ab1</sln:miejscIIPId><sln:miejscIIPPn>PL.PZGIK.200</sln:miejscIIPPn><sln:miejscIIPWersja>2016-11-24T13:59:30+02:00</sln:miejscIIPWersja><sln:miejscIdTeryt>0457432</sln:miejscIdTeryt><sln:miejscNazwa>Turbacz</sln:miejscNazwa><sln:miejscRodzaj>Inny obiekt</sln:miejscRodzaj><sln:powIIPId>a472069d-aabd-4128-a1dc-c3f6f7c8c11a</sln:powIIPId><sln:powIIPPn>PL.PZGIK.200</sln:powIIPPn><sln:powIIPWersja>2017-10-10T00:00:00+02:00</sln:powIIPWersja><sln:powIdTeryt>1211</sln:powIdTeryt><sln:powNazwa>nowotarski</sln:powNazwa><sln:wojIIPId>dd2e3c64-f861-47cf-a3a3-e7751f272b2f</sln:wojIIPId><sln:wojIIPPn>PL.PZGIK.200</sln:wojIIPPn><sln:wojIIPWersja>2017-10-10T00:00:00+02:00</sln:wojIIPWersja><sln:wojIdTeryt>12</sln:wojIdTeryt><sln:wojNazwa>małopolskie</sln:wojNazwa></sln:miejscowosc><sln:miejscowosc><sln:cyklZyciaOd>2014-12-07T00:00:00+01:00</sln:cyklZyciaOd><sln:gmIIPId>18eb80ed-edc2-4767-bff5-e2d8c2305db5</sln:gmIIPId><sln:gmIIPPn>PL.PZGIK.200</sln:gmIIPPn><sln:gmIIPWersja>2012-09-26T22:11:09+02:00</sln:gmIIPWersja><sln:gmIdTeryt>1211092</sln:gmIdTeryt><sln:gmNazwa>Nowy Targ</sln:gmNazwa><sln:miejscIIPId>42cd2e87-b2d4-4324-888e-8e6cb9bcd150</sln:miejscIIPId><sln:miejscIIPPn>PL.PZGIK.200</sln:miejscIIPPn><sln:miejscIIPWersja>2016-11-24T13:59:30+02:00</sln:miejscIIPWersja><sln:miejscIdTeryt>0457509</sln:miejscIdTeryt><sln:miejscNazwa>Przy Strudze</sln:miejscNazwa><sln:miejscRodzaj>Inny obiekt</sln:miejscRodzaj><sln:powIIPId>a472069d-aabd-4128-a1dc-c3f6f7c8c11a</sln:powIIPId><sln:powIIPPn>PL.PZGIK.200</sln:powIIPPn><sln:powIIPWersja>2017-10-10T00:00:00+02:00</sln:powIIPWersja><sln:powIdTeryt>1211</sln:powIdTeryt><sln:powNazwa>nowotarski</sln:powNazwa><sln:wojIIPId>dd2e3c64-f861-47cf-a3a3-e7751f272b2f</sln:wojIIPId><sln:wojIIPPn>PL.PZGIK.200</sln:wojIIPPn><sln:wojIIPWersja>2017-10-10T00:00:00+02:00</sln:wojIIPWersja><sln:wojIdTeryt>12</sln:wojIdTeryt><sln:wojNazwa>małopolskie</sln:wojNazwa></sln:miejscowosc><sln:miejscowosc><sln:cyklZyciaOd>2014-12-07T00:00:00+01:00</sln:cyklZyciaOd><sln:gmIIPId>18eb80ed-edc2-4767-bff5-e2d8c2305db5</sln:gmIIPId><sln:gmIIPPn>PL.PZGIK.200</sln:gmIIPPn><sln:gmIIPWersja>2012-09-26T22:11:09+02:00</sln:gmIIPWersja><sln:gmIdTeryt>1211092</sln:gmIdTeryt><sln:gmNazwa>Nowy Targ</sln:gmNazwa><sln:miejscIIPId>7a8c650f-0209-48d7-8501-a4edb1e0a117</sln:miejscIIPId><sln:miejscIIPPn>PL.PZGIK.200</sln:miejscIIPPn><sln:miejscIIPWersja>2016-11-24T13:41:38+02:00</sln:miejscIIPWersja><sln:miejscIdTeryt>0457372</sln:miejscIdTeryt><sln:miejscNazwa>Łopuszna</sln:miejscNazwa><sln:miejscRodzaj>Wieś</sln:miejscRodzaj><sln:powIIPId>a472069d-aabd-4128-a1dc-c3f6f7c8c11a</sln:powIIPId><sln:powIIPPn>PL.PZGIK.200</sln:powIIPPn><sln:powIIPWersja>2017-10-10T00:00:00+02:00</sln:powIIPWersja><sln:powIdTeryt>1211</sln:powIdTeryt><sln:powNazwa>nowotarski</sln:powNazwa><sln:wojIIPId>dd2e3c64-f861-47cf-a3a3-e7751f272b2f</sln:wojIIPId><sln:wojIIPPn>PL.PZGIK.200</sln:wojIIPPn><sln:wojIIPWersja>2017-10-10T00:00:00+02:00</sln:wojIIPWersja><sln:wojIdTeryt>12</sln:wojIdTeryt><sln:wojNazwa>małopolskie</sln:wojNazwa></sln:miejscowosc><sln:miejscowosc><sln:cyklZyciaOd>2014-12-07T00:00:00+01:00</sln:cyklZyciaOd><sln:gmIIPId>18eb80ed-edc2-4767-bff5-e2d8c2305db5</sln:gmIIPId><sln:gmIIPPn>PL.PZGIK.200</sln:gmIIPPn><sln:gmIIPWersja>2012-09-26T22:11:09+02:00</sln:gmIIPWersja><sln:gmIdTeryt>1211092</sln:gmIdTeryt><sln:gmNazwa>Nowy Targ</sln:gmNazwa><sln:miejscIIPId>42e900e6-f852-422b-950b-e019ba1be8c0</sln:miejscIIPId><sln:miejscIIPPn>PL.PZGIK.200</sln:miejscIIPPn><sln:miejscIIPWersja>2016-11-24T13:38:15+02:00</sln:miejscIIPWersja><sln:miejscIdTeryt>0457171</sln:miejscIdTeryt><sln:miejscNazwa>Harklowa</sln:miejscNazwa><sln:miejscRodzaj>Wieś</sln:miejscRodzaj><sln:powIIPId>a472069d-aabd-4128-a1dc-c3f6f7c8c11a</sln:powIIPId><sln:powIIPPn>PL.PZGIK.200</sln:powIIPPn><sln:powIIPWersja>2017-10-10T00:00:00+02:00</sln:powIIPWersja><sln:powIdTeryt>1211</sln:powIdTeryt><sln:powNazwa>nowotarski</sln:powNazwa><sln:wojIIPId>dd2e3c64-f861-47cf-a3a3-e7751f272b2f</sln:wojIIPId><sln:wojIIPPn>PL.PZGIK.200</sln:wojIIPPn><sln:wojIIPWersja>2017-10-10T00:00:00+02:00</sln:wojIIPWersja><sln:wojIdTeryt>12</sln:wojIdTeryt><sln:wojNazwa>małopolskie</sln:wojNazwa></sln:miejscowosc><sln:miejscowosc><sln:cyklZyciaOd>2014-12-07T00:00:00+01:00</sln:cyklZyciaOd><sln:gmIIPId>18eb80ed-edc2-4767-bff5-e2d8c2305db5</sln:gmIIPId><sln:gmIIPPn>PL.PZGIK.200</sln:gmIIPPn><sln:gmIIPWersja>2012-09-26T22:11:09+02:00</sln:gmIIPWersja><sln:gmIdTeryt>1211092</sln:gmIdTeryt><sln:gmNazwa>Nowy Targ</sln:gmNazwa><sln:miejscIIPId>d9c2a518-213e-4645-a6b1-30b80daa7b11</sln:miejscIIPId><sln:miejscIIPPn>PL.PZGIK.200</sln:miejscIIPPn><sln:miejscIIPWersja>2016-11-24T13:59:30+02:00</sln:miejscIIPWersja><sln:miejscIdTeryt>0457113</sln:miejscIdTeryt><sln:miejscNazwa>Za Cesarką</sln:miejscNazwa><sln:miejscRodzaj>Inny obiekt</sln:miejscRodzaj><sln:powIIPId>a472069d-aabd-4128-a1dc-c3f6f7c8c11a</sln:powIIPId><sln:powIIPPn>PL.PZGIK.200</sln:powIIPPn><sln:powIIPWersja>2017-10-10T00:00:00+02:00</sln:powIIPWersja><sln:powIdTeryt>1211</sln:powIdTeryt><sln:powNazwa>nowotarski</sln:powNazwa><sln:wojIIPId>dd2e3c64-f861-47cf-a3a3-e7751f272b2f</sln:wojIIPId><sln:wojIIPPn>PL.PZGIK.200</sln:wojIIPPn><sln:wojIIPWersja>2017-10-10T00:00:00+02:00</sln:wojIIPWersja><sln:wojIdTeryt>12</sln:wojIdTeryt><sln:wojNazwa>małopolskie</sln:wojNazwa></sln:miejscowosc><sln:miejscowosc><sln:cyklZyciaOd>2014-12-07T00:00:00+01:00</sln:cyklZyciaOd><sln:gmIIPId>18eb80ed-edc2-4767-bff5-e2d8c2305db5</sln:gmIIPId><sln:gmIIPPn>PL.PZGIK.200</sln:gmIIPPn><sln:gmIIPWersja>2012-09-26T22:11:09+02:00</sln:gmIIPWersja><sln:gmIdTeryt>1211092</sln:gmIdTeryt><sln:gmNazwa>Nowy Targ</sln:gmNazwa><sln:miejscIIPId>68b3a9bb-f62d-4248-8545-d30d7cf84ab0</sln:miejscIIPId><sln:miejscIIPPn>PL.PZGIK.200</sln:miejscIIPPn><sln:miejscIIPWersja>2016-11-24T13:59:30+02:00</sln:miejscIIPWersja><sln:miejscIdTeryt>0457490</sln:miejscIdTeryt><sln:miejscNazwa>Przy Gościńcu</sln:miejscNazwa><sln:miejscRodzaj>Inny obiekt</sln:miejscRodzaj><sln:powIIPId>a472069d-aabd-4128-a1dc-c3f6f7c8c11a</sln:powIIPId><sln:powIIPPn>PL.PZGIK.200</sln:powIIPPn><sln:powIIPWersja>2017-10-10T00:00:00+02:00</sln:powIIPWersja><sln:powIdTeryt>1211</sln:powIdTeryt><sln:powNazwa>nowotarski</sln:powNazwa><sln:wojIIPId>dd2e3c64-f861-47cf-a3a3-e7751f272b2f</sln:wojIIPId><sln:wojIIPPn>PL.PZGIK.200</sln:wojIIPPn><sln:wojIIPWersja>2017-10-10T00:00:00+02:00</sln:wojIIPWersja><sln:wojIdTeryt>12</sln:wojIdTeryt><sln:wojNazwa>małopolskie</sln:wojNazwa></sln:miejscowosc><sln:miejscowosc><sln:cyklZyciaOd>2014-12-07T00:00:00+01:00</sln:cyklZyciaOd><sln:gmIIPId>18eb80ed-edc2-4767-bff5-e2d8c2305db5</sln:gmIIPId><sln:gmIIPPn>PL.PZGIK.200</sln:gmIIPPn><sln:gmIIPWersja>2012-09-26T22:11:09+02:00</sln:gmIIPWersja><sln:gmIdTeryt>1211092</sln:gmIdTeryt><sln:gmNazwa>Nowy Targ</sln:gmNazwa><sln:miejscIIPId>164ebf5b-1640-46c0-a69b-ecfb1ce3c2fc</sln:miejscIIPId><sln:miejscIIPPn>PL.PZGIK.200</sln:miejscIIPPn><sln:miejscIIPWersja>2016-11-24T13:59:30+02:00</sln:miejscIIPWersja><sln:miejscIdTeryt>0457120</sln:miejscIdTeryt><sln:miejscNazwa>Za Rzeką</sln:miejscNazwa><sln:miejscRodzaj>Inny obiekt</sln:miejscRodzaj><sln:powIIPId>a472069d-aabd-4128-a1dc-c3f6f7c8c11a</sln:powIIPId><sln:powIIPPn>PL.PZGIK.200</sln:powIIPPn><sln:powIIPWersja>2017-10-10T00:00:00+02:00</sln:powIIPWersja><sln:powIdTeryt>1211</sln:powIdTeryt><sln:powNazwa>nowotarski</sln:powNazwa><sln:wojIIPId>dd2e3c64-f861-47cf-a3a3-e7751f272b2f</sln:wojIIPId><sln:wojIIPPn>PL.PZGIK.200</sln:wojIIPPn><sln:wojIIPWersja>2017-10-10T00:00:00+02:00</sln:wojIIPWersja><sln:wojIdTeryt>12</sln:wojIdTeryt><sln:wojNazwa>małopolskie</sln:wojNazwa></sln:miejscowosc><sln:miejscowosc><sln:cyklZyciaOd>2014-12-07T00:00:00+01:00</sln:cyklZyciaOd><sln:gmIIPId>18eb80ed-edc2-4767-bff5-e2d8c2305db5</sln:gmIIPId><sln:gmIIPPn>PL.PZGIK.200</sln:gmIIPPn><sln:gmIIPWersja>2012-09-26T22:11:09+02:00</sln:gmIIPWersja><sln:gmIdTeryt>1211092</sln:gmIdTeryt><sln:gmNazwa>Nowy Targ</sln:gmNazwa><sln:miejscIIPId>59ab65b5-73fd-4ff0-b0ca-97c660999ee7</sln:miejscIIPId><sln:miejscIIPPn>PL.PZGIK.200</sln:miejscIIPPn><sln:miejscIIPWersja>2016-11-24T13:36:14+02:00</sln:miejscIIPWersja><sln:miejscIdTeryt>0457082</sln:miejscIdTeryt><sln:miejscNazwa>Dębno</sln:miejscNazwa><sln:miejscRodzaj>Wieś</sln:miejscRodzaj><sln:powIIPId>a472069d-aabd-4128-a1dc-c3f6f7c8c11a</sln:powIIPId><sln:powIIPPn>PL.PZGIK.200</sln:powIIPPn><sln:powIIPWersja>2017-10-10T00:00:00+02:00</sln:powIIPWersja><sln:powIdTeryt>1211</sln:powIdTeryt><sln:powNazwa>nowotarski</sln:powNazwa><sln:wojIIPId>dd2e3c64-f861-47cf-a3a3-e7751f272b2f</sln:wojIIPId><sln:wojIIPPn>PL.PZGIK.200</sln:wojIIPPn><sln:wojIIPWersja>2017-10-10T00:00:00+02:00</sln:wojIIPWersja><sln:wojIdTeryt>12</sln:wojIdTeryt><sln:wojNazwa>małopolskie</sln:wojNazwa></sln:miejscowosc><sln:miejscowosc><sln:cyklZyciaOd>2014-12-07T00:00:00+01:00</sln:cyklZyciaOd><sln:gmIIPId>18eb80ed-edc2-4767-bff5-e2d8c2305db5</sln:gmIIPId><sln:gmIIPPn>PL.PZGIK.200</sln:gmIIPPn><sln:gmIIPWersja>2012-09-26T22:11:09+02:00</sln:gmIIPWersja><sln:gmIdTeryt>1211092</sln:gmIdTeryt><sln:gmNazwa>Nowy Targ</sln:gmNazwa><sln:miejscIIPId>d35d2a83-6012-4649-93a4-1ab9ebf72e46</sln:miejscIIPId><sln:miejscIIPPn>PL.PZGIK.200</sln:miejscIIPPn><sln:miejscIIPWersja>2016-11-24T13:38:00+02:00</sln:miejscIIPWersja><sln:miejscIdTeryt>0457165</sln:miejscIdTeryt><sln:miejscNazwa>Gronków</sln:miejscNazwa><sln:miejscRodzaj>Wieś</sln:miejscRodzaj><sln:powIIPId>a472069d-aabd-4128-a1dc-c3f6f7c8c11a</sln:powIIPId><sln:powIIPPn>PL.PZGIK.200</sln:powIIPPn><sln:powIIPWersja>2017-10-10T00:00:00+02:00</sln:powIIPWersja><sln:powIdTeryt>1211</sln:powIdTeryt><sln:powNazwa>nowotarski</sln:powNazwa><sln:wojIIPId>dd2e3c64-f861-47cf-a3a3-e7751f272b2f</sln:wojIIPId><sln:wojIIPPn>PL.PZGIK.200</sln:wojIIPPn><sln:wojIIPWersja>2017-10-10T00:00:00+02:00</sln:wojIIPWersja><sln:wojIdTeryt>12</sln:wojIdTeryt><sln:wojNazwa>małopolskie</sln:wojNazwa></sln:miejscowosc><sln:miejscowosc><sln:cyklZyciaOd>2014-12-07T00:00:00+01:00</sln:cyklZyciaOd><sln:gmIIPId>18eb80ed-edc2-4767-bff5-e2d8c2305db5</sln:gmIIPId><sln:gmIIPPn>PL.PZGIK.200</sln:gmIIPPn><sln:gmIIPWersja>2012-09-26T22:11:09+02:00</sln:gmIIPWersja><sln:gmIdTeryt>1211092</sln:gmIdTeryt><sln:gmNazwa>Nowy Targ</sln:gmNazwa><sln:miejscIIPId>afbcf958-fda5-41af-9dd5-06a01604505d</sln:miejscIIPId><sln:miejscIIPPn>PL.PZGIK.200</sln:miejscIIPPn><sln:miejscIIPWersja>2016-11-24T13:29:26+02:00</sln:miejscIIPWersja><sln:miejscIdTeryt>0457521</sln:miejscIdTeryt><sln:miejscNazwa>Pyzówka</sln:miejscNazwa><sln:miejscRodzaj>Wieś</sln:miejscRodzaj><sln:powIIPId>a472069d-aabd-4128-a1dc-c3f6f7c8c11a</sln:powIIPId><sln:powIIPPn>PL.PZGIK.200</sln:powIIPPn><sln:powIIPWersja>2017-10-10T00:00:00+02:00</sln:powIIPWersja><sln:powIdTeryt>1211</sln:powIdTeryt><sln:powNazwa>nowotarski</sln:powNazwa><sln:wojIIPId>dd2e3c64-f861-47cf-a3a3-e7751f272b2f</sln:wojIIPId><sln:wojIIPPn>PL.PZGIK.200</sln:wojIIPPn><sln:wojIIPWersja>2017-10-10T00:00:00+02:00</sln:wojIIPWersja><sln:wojIdTeryt>12</sln:wojIdTeryt><sln:wojNazwa>małopolskie</sln:wojNazwa></sln:miejscowosc><sln:miejscowosc><sln:cyklZyciaOd>2014-12-07T00:00:00+01:00</sln:cyklZyciaOd><sln:gmIIPId>18eb80ed-edc2-4767-bff5-e2d8c2305db5</sln:gmIIPId><sln:gmIIPPn>PL.PZGIK.200</sln:gmIIPPn><sln:gmIIPWersja>2012-09-26T22:11:09+02:00</sln:gmIIPWersja><sln:gmIdTeryt>1211092</sln:gmIdTeryt><sln:gmNazwa>Nowy Targ</sln:gmNazwa><sln:miejscIIPId>216f0113-cf40-465d-8c4c-f228ed594abb</sln:miejscIIPId><sln:miejscIIPPn>PL.PZGIK.200</sln:miejscIIPPn><sln:miejscIIPWersja>2016-11-24T13:40:17+02:00</sln:miejscIIPWersja><sln:miejscIdTeryt>0457308</sln:miejscIdTeryt><sln:miejscNazwa>Krauszów</sln:miejscNazwa><sln:miejscRodzaj>Wieś</sln:miejscRodzaj><sln:powIIPId>a472069d-aabd-4128-a1dc-c3f6f7c8c11a</sln:powIIPId><sln:powIIPPn>PL.PZGIK.200</sln:powIIPPn><sln:powIIPWersja>2017-10-10T00:00:00+02:00</sln:powIIPWersja><sln:powIdTeryt>1211</sln:powIdTeryt><sln:powNazwa>nowotarski</sln:powNazwa><sln:wojIIPId>dd2e3c64-f861-47cf-a3a3-e7751f272b2f</sln:wojIIPId><sln:wojIIPPn>PL.PZGIK.200</sln:wojIIPPn><sln:wojIIPWersja>2017-10-10T00:00:00+02:00</sln:wojIIPWersja><sln:wojIdTeryt>12</sln:wojIdTeryt><sln:wojNazwa>małopolskie</sln:wojNazwa></sln:miejscowosc><sln:miejscowosc><sln:cyklZyciaOd>2014-12-07T00:00:00+01:00</sln:cyklZyciaOd><sln:gmIIPId>18eb80ed-edc2-4767-bff5-e2d8c2305db5</sln:gmIIPId><sln:gmIIPPn>PL.PZGIK.200</sln:gmIIPPn><sln:gmIIPWersja>2012-09-26T22:11:09+02:00</sln:gmIIPWersja><sln:gmIdTeryt>1211092</sln:gmIdTeryt><sln:gmNazwa>Nowy Targ</sln:gmNazwa><sln:miejscIIPId>fdfe9bec-1aad-4955-9fb6-47c352937ead</sln:miejscIIPId><sln:miejscIIPPn>PL.PZGIK.200</sln:miejscIIPPn><sln:miejscIIPWersja>2016-11-24T13:55:36+02:00</sln:miejscIIPWersja><sln:miejscIdTeryt>0457283</sln:miejscIdTeryt><sln:miejscNazwa>Potok</sln:miejscNazwa><sln:miejscRodzaj>Inny obiekt</sln:miejscRodzaj><sln:powIIPId>a472069d-aabd-4128-a1dc-c3f6f7c8c11a</sln:powIIPId><sln:powIIPPn>PL.PZGIK.200</sln:powIIPPn><sln:powIIPWersja>2017-10-10T00:00:00+02:00</sln:powIIPWersja><sln:powIdTeryt>1211</sln:powIdTeryt><sln:powNazwa>nowotarski</sln:powNazwa><sln:wojIIPId>dd2e3c64-f861-47cf-a3a3-e7751f272b2f</sln:wojIIPId><sln:wojIIPPn>PL.PZGIK.200</sln:wojIIPPn><sln:wojIIPWersja>2017-10-10T00:00:00+02:00</sln:wojIIPWersja><sln:wojIdTeryt>12</sln:wojIdTeryt><sln:wojNazwa>małopolskie</sln:wojNazwa></sln:miejscowosc><sln:miejscowosc><sln:cyklZyciaOd>2014-12-07T00:00:00+01:00</sln:cyklZyciaOd><sln:gmIIPId>18eb80ed-edc2-4767-bff5-e2d8c2305db5</sln:gmIIPId><sln:gmIIPPn>PL.PZGIK.200</sln:gmIIPPn><sln:gmIIPWersja>2012-09-26T22:11:09+02:00</sln:gmIIPWersja><sln:gmIdTeryt>1211092</sln:gmIdTeryt><sln:gmNazwa>Nowy Targ</sln:gmNazwa><sln:miejscIIPId>b6b4bf49-79bf-47da-ae6c-b10e82ffca7b</sln:miejscIIPId><sln:miejscIIPPn>PL.PZGIK.200</sln:miejscIIPPn><sln:miejscIIPWersja>2016-11-24T13:39:32+02:00</sln:miejscIIPWersja><sln:miejscIdTeryt>0457277</sln:miejscIdTeryt><sln:miejscNazwa>Knurów</sln:miejscNazwa><sln:miejscRodzaj>Wieś</sln:miejscRodzaj><sln:powIIPId>a472069d-aabd-4128-a1dc-c3f6f7c8c11a</sln:powIIPId><sln:powIIPPn>PL.PZGIK.200</sln:powIIPPn><sln:powIIPWersja>2017-10-10T00:00:00+02:00</sln:powIIPWersja><sln:powIdTeryt>1211</sln:powIdTeryt><sln:powNazwa>nowotarski</sln:powNazwa><sln:wojIIPId>dd2e3c64-f861-47cf-a3a3-e7751f272b2f</sln:wojIIPId><sln:wojIIPPn>PL.PZGIK.200</sln:wojIIPPn><sln:wojIIPWersja>2017-10-10T00:00:00+02:00</sln:wojIIPWersja><sln:wojIdTeryt>12</sln:wojIdTeryt><sln:wojNazwa>małopolskie</sln:wojNazwa></sln:miejscowosc><sln:miejscowosc><sln:cyklZyciaOd>2014-12-07T00:00:00+01:00</sln:cyklZyciaOd><sln:gmIIPId>18eb80ed-edc2-4767-bff5-e2d8c2305db5</sln:gmIIPId><sln:gmIIPPn>PL.PZGIK.200</sln:gmIIPPn><sln:gmIIPWersja>2012-09-26T22:11:09+02:00</sln:gmIIPWersja><sln:gmIdTeryt>1211092</sln:gmIdTeryt><sln:gmNazwa>Nowy Targ</sln:gmNazwa><sln:miejscIIPId>a64a2f65-47e9-46f5-942d-28177ea5d562</sln:miejscIIPId><sln:miejscIIPPn>PL.PZGIK.200</sln:miejscIIPPn><sln:miejscIIPWersja>2016-11-24T13:46:12+02:00</sln:miejscIIPWersja><sln:miejscIdTeryt>0457550</sln:miejscIdTeryt><sln:miejscNazwa>Śmietany</sln:miejscNazwa><sln:miejscRodzaj>Inny obiekt</sln:miejscRodzaj><sln:powIIPId>a472069d-aabd-4128-a1dc-c3f6f7c8c11a</sln:powIIPId><sln:powIIPPn>PL.PZGIK.200</sln:powIIPPn><sln:powIIPWersja>2017-10-10T00:00:00+02:00</sln:powIIPWersja><sln:powIdTeryt>1211</sln:powIdTeryt><sln:powNazwa>nowotarski</sln:powNazwa><sln:wojIIPId>dd2e3c64-f861-47cf-a3a3-e7751f272b2f</sln:wojIIPId><sln:wojIIPPn>PL.PZGIK.200</sln:wojIIPPn><sln:wojIIPWersja>2017-10-10T00:00:00+02:00</sln:wojIIPWersja><sln:wojIdTeryt>12</sln:wojIdTeryt><sln:wojNazwa>małopolskie</sln:wojNazwa></sln:miejscowosc><sln:miejscowosc><sln:cyklZyciaOd>2014-12-07T00:00:00+01:00</sln:cyklZyciaOd><sln:gmIIPId>18eb80ed-edc2-4767-bff5-e2d8c2305db5</sln:gmIIPId><sln:gmIIPPn>PL.PZGIK.200</sln:gmIIPPn><sln:gmIIPWersja>2012-09-26T22:11:09+02:00</sln:gmIIPWersja><sln:gmIdTeryt>1211092</sln:gmIdTeryt><sln:gmNazwa>Nowy Targ</sln:gmNazwa><sln:miejscIIPId>6e1b963b-0bf5-475a-8b99-619d1ceb83af</sln:miejscIIPId><sln:miejscIIPPn>PL.PZGIK.200</sln:miejscIIPPn><sln:miejscIIPWersja>2016-11-24T13:56:33+02:00</sln:miejscIIPWersja><sln:miejscIdTeryt>0457350</sln:miejscIdTeryt><sln:miejscNazwa>Trute</sln:miejscNazwa><sln:miejscRodzaj>Inny obiekt</sln:miejscRodzaj><sln:powIIPId>a472069d-aabd-4128-a1dc-c3f6f7c8c11a</sln:powIIPId><sln:powIIPPn>PL.PZGIK.200</sln:powIIPPn><sln:powIIPWersja>2017-10-10T00:00:00+02:00</sln:powIIPWersja><sln:powIdTeryt>1211</sln:powIdTeryt><sln:powNazwa>nowotarski</sln:powNazwa><sln:wojIIPId>dd2e3c64-f861-47cf-a3a3-e7751f272b2f</sln:wojIIPId><sln:wojIIPPn>PL.PZGIK.200</sln:wojIIPPn><sln:wojIIPWersja>2017-10-10T00:00:00+02:00</sln:wojIIPWersja><sln:wojIdTeryt>12</sln:wojIdTeryt><sln:wojNazwa>małopolskie</sln:wojNazwa></sln:miejscowosc><sln:miejscowosc><sln:cyklZyciaOd>2014-12-07T00:00:00+01:00</sln:cyklZyciaOd><sln:gmIIPId>18eb80ed-edc2-4767-bff5-e2d8c2305db5</sln:gmIIPId><sln:gmIIPPn>PL.PZGIK.200</sln:gmIIPPn><sln:gmIIPWersja>2012-09-26T22:11:09+02:00</sln:gmIIPWersja><sln:gmIdTeryt>1211092</sln:gmIdTeryt><sln:gmNazwa>Nowy Targ</sln:gmNazwa><sln:miejscIIPId>90d99940-9ef0-46ec-8e5d-b01cf0546394</sln:miejscIIPId><sln:miejscIIPPn>PL.PZGIK.200</sln:miejscIIPPn><sln:miejscIIPWersja>2016-11-24T13:41:18+02:00</sln:miejscIIPWersja><sln:miejscIdTeryt>0457366</sln:miejscIdTeryt><sln:miejscNazwa>Ludźmierz</sln:miejscNazwa><sln:miejscRodzaj>Wieś</sln:miejscRodzaj><sln:powIIPId>a472069d-aabd-4128-a1dc-c3f6f7c8c11a</sln:powIIPId><sln:powIIPPn>PL.PZGIK.200</sln:powIIPPn><sln:powIIPWersja>2017-10-10T00:00:00+02:00</sln:powIIPWersja><sln:powIdTeryt>1211</sln:powIdTeryt><sln:powNazwa>nowotarski</sln:powNazwa><sln:wojIIPId>dd2e3c64-f861-47cf-a3a3-e7751f272b2f</sln:wojIIPId><sln:wojIIPPn>PL.PZGIK.200</sln:wojIIPPn><sln:wojIIPWersja>2017-10-10T00:00:00+02:00</sln:wojIIPWersja><sln:wojIdTeryt>12</sln:wojIdTeryt><sln:wojNazwa>małopolskie</sln:wojNazwa></sln:miejscowosc><sln:miejscowosc><sln:cyklZyciaOd>2014-12-07T00:00:00+01:00</sln:cyklZyciaOd><sln:gmIIPId>18eb80ed-edc2-4767-bff5-e2d8c2305db5</sln:gmIIPId><sln:gmIIPPn>PL.PZGIK.200</sln:gmIIPPn><sln:gmIIPWersja>2012-09-26T22:11:09+02:00</sln:gmIIPWersja><sln:gmIdTeryt>1211092</sln:gmIdTeryt><sln:gmNazwa>Nowy Targ</sln:gmNazwa><sln:miejscIIPId>d41005f9-09bc-4000-82a4-a4fbcb965114</sln:miejscIIPId><sln:miejscIIPPn>PL.PZGIK.200</sln:miejscIIPPn><sln:miejscIIPWersja>2016-11-24T13:42:40+02:00</sln:miejscIIPWersja><sln:miejscIdTeryt>0457410</sln:miejscIdTeryt><sln:miejscNazwa>Morawczyna</sln:miejscNazwa><sln:miejscRodzaj>Wieś</sln:miejscRodzaj><sln:powIIPId>a472069d-aabd-4128-a1dc-c3f6f7c8c11a</sln:powIIPId><sln:powIIPPn>PL.PZGIK.200</sln:powIIPPn><sln:powIIPWersja>2017-10-10T00:00:00+02:00</sln:powIIPWersja><sln:powIdTeryt>1211</sln:powIdTeryt><sln:powNazwa>nowotarski</sln:powNazwa><sln:wojIIPId>dd2e3c64-f861-47cf-a3a3-e7751f272b2f</sln:wojIIPId><sln:wojIIPPn>PL.PZGIK.200</sln:wojIIPPn><sln:wojIIPWersja>2017-10-10T00:00:00+02:00</sln:wojIIPWersja><sln:wojIdTeryt>12</sln:wojIdTeryt><sln:wojNazwa>małopolskie</sln:wojNazwa></sln:miejscowosc><sln:miejscowosc><sln:cyklZyciaOd>2014-12-07T00:00:00+01:00</sln:cyklZyciaOd><sln:gmIIPId>18eb80ed-edc2-4767-bff5-e2d8c2305db5</sln:gmIIPId><sln:gmIIPPn>PL.PZGIK.200</sln:gmIIPPn><sln:gmIIPWersja>2012-09-26T22:11:09+02:00</sln:gmIIPWersja><sln:gmIdTeryt>1211092</sln:gmIdTeryt><sln:gmNazwa>Nowy Targ</sln:gmNazwa><sln:miejscIIPId>c9486a7b-5add-4718-89d5-253c6c880a61</sln:miejscIIPId><sln:miejscIIPPn>PL.PZGIK.200</sln:miejscIIPPn><sln:miejscIIPWersja>2016-11-24T13:55:34+02:00</sln:miejscIIPWersja><sln:miejscIdTeryt>0457254</sln:miejscIdTeryt><sln:miejscNazwa>Rynek</sln:miejscNazwa><sln:miejscRodzaj>Inny obiekt</sln:miejscRodzaj><sln:powIIPId>a472069d-aabd-4128-a1dc-c3f6f7c8c11a</sln:powIIPId><sln:powIIPPn>PL.PZGIK.200</sln:powIIPPn><sln:powIIPWersja>2017-10-10T00:00:00+02:00</sln:powIIPWersja><sln:powIdTeryt>1211</sln:powIdTeryt><sln:powNazwa>nowotarski</sln:powNazwa><sln:wojIIPId>dd2e3c64-f861-47cf-a3a3-e7751f272b2f</sln:wojIIPId><sln:wojIIPPn>PL.PZGIK.200</sln:wojIIPPn><sln:wojIIPWersja>2017-10-10T00:00:00+02:00</sln:wojIIPWersja><sln:wojIdTeryt>12</sln:wojIdTeryt><sln:wojNazwa>małopolskie</sln:wojNazwa></sln:miejscowosc><sln:miejscowosc><sln:cyklZyciaOd>2014-12-07T00:00:00+01:00</sln:cyklZyciaOd><sln:gmIIPId>18eb80ed-edc2-4767-bff5-e2d8c2305db5</sln:gmIIPId><sln:gmIIPPn>PL.PZGIK.200</sln:gmIIPPn><sln:gmIIPWersja>2012-09-26T22:11:09+02:00</sln:gmIIPWersja><sln:gmIdTeryt>1211092</sln:gmIdTeryt><sln:gmNazwa>Nowy Targ</sln:gmNazwa><sln:miejscIIPId>b807dca5-321a-4abd-8056-3920c0e74d49</sln:miejscIIPId><sln:miejscIIPPn>PL.PZGIK.200</sln:miejscIIPPn><sln:miejscIIPWersja>2016-11-24T13:57:17+02:00</sln:miejscIIPWersja><sln:miejscIdTeryt>0457395</sln:miejscIdTeryt><sln:miejscNazwa>Średni Zarębek</sln:miejscNazwa><sln:miejscRodzaj>Inny obiekt</sln:miejscRodzaj><sln:powIIPId>a472069d-aabd-4128-a1dc-c3f6f7c8c11a</sln:powIIPId><sln:powIIPPn>PL.PZGIK.200</sln:powIIPPn><sln:powIIPWersja>2017-10-10T00:00:00+02:00</sln:powIIPWersja><sln:powIdTeryt>1211</sln:powIdTeryt><sln:powNazwa>nowotarski</sln:powNazwa><sln:wojIIPId>dd2e3c64-f861-47cf-a3a3-e7751f272b2f</sln:wojIIPId><sln:wojIIPPn>PL.PZGIK.200</sln:wojIIPPn><sln:wojIIPWersja>2017-10-10T00:00:00+02:00</sln:wojIIPWersja><sln:wojIdTeryt>12</sln:wojIdTeryt><sln:wojNazwa>małopolskie</sln:wojNazwa></sln:miejscowosc><sln:miejscowosc><sln:cyklZyciaOd>2014-12-07T00:00:00+01:00</sln:cyklZyciaOd><sln:gmIIPId>18eb80ed-edc2-4767-bff5-e2d8c2305db5</sln:gmIIPId><sln:gmIIPPn>PL.PZGIK.200</sln:gmIIPPn><sln:gmIIPWersja>2012-09-26T22:11:09+02:00</sln:gmIIPWersja><sln:gmIdTeryt>1211092</sln:gmIdTeryt><sln:gmNazwa>Nowy Targ</sln:gmNazwa><sln:miejscIIPId>8067a540-deb6-412c-8fa7-7193d10d02b9</sln:miejscIIPId><sln:miejscIIPPn>PL.PZGIK.200</sln:miejscIIPPn><sln:miejscIIPWersja>2016-11-24T13:43:05+02:00</sln:miejscIIPWersja><sln:miejscIdTeryt>0457449</sln:miejscIdTeryt><sln:miejscNazwa>Nowa Biała</sln:miejscNazwa><sln:miejscRodzaj>Wieś</sln:miejscRodzaj><sln:powIIPId>a472069d-aabd-4128-a1dc-c3f6f7c8c11a</sln:powIIPId><sln:powIIPPn>PL.PZGIK.200</sln:powIIPPn><sln:powIIPWersja>2017-10-10T00:00:00+02:00</sln:powIIPWersja><sln:powIdTeryt>1211</sln:powIdTeryt><sln:powNazwa>nowotarski</sln:powNazwa><sln:wojIIPId>dd2e3c64-f861-47cf-a3a3-e7751f272b2f</sln:wojIIPId><sln:wojIIPPn>PL.PZGIK.200</sln:wojIIPPn><sln:wojIIPWersja>2017-10-10T00:00:00+02:00</sln:wojIIPWersja><sln:wojIdTeryt>12</sln:wojIdTeryt><sln:wojNazwa>małopolskie</sln:wojNazwa></sln:miejscowosc><sln:miejscowosc><sln:cyklZyciaOd>2014-12-07T00:00:00+01:00</sln:cyklZyciaOd><sln:gmIIPId>18eb80ed-edc2-4767-bff5-e2d8c2305db5</sln:gmIIPId><sln:gmIIPPn>PL.PZGIK.200</sln:gmIIPPn><sln:gmIIPWersja>2012-09-26T22:11:09+02:00</sln:gmIIPWersja><sln:gmIdTeryt>1211092</sln:gmIdTeryt><sln:gmNazwa>Nowy Targ</sln:gmNazwa><sln:miejscIIPId>2a0a28c8-0502-4b5c-b843-97de45ce87ab</sln:miejscIIPId><sln:miejscIIPPn>PL.PZGIK.200</sln:miejscIIPPn><sln:miejscIIPWersja>2016-11-24T13:36:44+02:00</sln:miejscIIPWersja><sln:miejscIdTeryt>0457159</sln:miejscIdTeryt><sln:miejscNazwa>Dursztyn</sln:miejscNazwa><sln:miejscRodzaj>Wieś</sln:miejscRodzaj><sln:powIIPId>a472069d-aabd-4128-a1dc-c3f6f7c8c11a</sln:powIIPId><sln:powIIPPn>PL.PZGIK.200</sln:powIIPPn><sln:powIIPWersja>2017-10-10T00:00:00+02:00</sln:powIIPWersja><sln:powIdTeryt>1211</sln:powIdTeryt><sln:powNazwa>nowotarski</sln:powNazwa><sln:wojIIPId>dd2e3c64-f861-47cf-a3a3-e7751f272b2f</sln:wojIIPId><sln:wojIIPPn>PL.PZGIK.200</sln:wojIIPPn><sln:wojIIPWersja>2017-10-10T00:00:00+02:00</sln:wojIIPWersja><sln:wojIdTeryt>12</sln:wojIdTeryt><sln:wojNazwa>małopolskie</sln:wojNazwa></sln:miejscowosc><sln:miejscowosc><sln:cyklZyciaOd>2014-12-07T00:00:00+01:00</sln:cyklZyciaOd><sln:gmIIPId>18eb80ed-edc2-4767-bff5-e2d8c2305db5</sln:gmIIPId><sln:gmIIPPn>PL.PZGIK.200</sln:gmIIPPn><sln:gmIIPWersja>2012-09-26T22:11:09+02:00</sln:gmIIPWersja><sln:gmIdTeryt>1211092</sln:gmIdTeryt><sln:gmNazwa>Nowy Targ</sln:gmNazwa><sln:miejscIIPId>a0fe5395-42ec-46dc-9a2b-efadb5a49205</sln:miejscIIPId><sln:miejscIIPPn>PL.PZGIK.200</sln:miejscIIPPn><sln:miejscIIPWersja>2016-11-24T13:59:09+02:00</sln:miejscIIPWersja><sln:miejscIdTeryt>0457515</sln:miejscIdTeryt><sln:miejscNazwa>Za Wodą</sln:miejscNazwa><sln:miejscRodzaj>Inny obiekt</sln:miejscRodzaj><sln:powIIPId>a472069d-aabd-4128-a1dc-c3f6f7c8c11a</sln:powIIPId><sln:powIIPPn>PL.PZGIK.200</sln:powIIPPn><sln:powIIPWersja>2017-10-10T00:00:00+02:00</sln:powIIPWersja><sln:powIdTeryt>1211</sln:powIdTeryt><sln:powNazwa>nowotarski</sln:powNazwa><sln:wojIIPId>dd2e3c64-f861-47cf-a3a3-e7751f272b2f</sln:wojIIPId><sln:wojIIPPn>PL.PZGIK.200</sln:wojIIPPn><sln:wojIIPWersja>2017-10-10T00:00:00+02:00</sln:wojIIPWersja><sln:wojIdTeryt>12</sln:wojIdTeryt><sln:wojNazwa>małopolskie</sln:wojNazwa></sln:miejscowosc><sln:miejscowosc><sln:cyklZyciaOd>2014-12-07T00:00:00+01:00</sln:cyklZyciaOd><sln:gmIIPId>18eb80ed-edc2-4767-bff5-e2d8c2305db5</sln:gmIIPId><sln:gmIIPPn>PL.PZGIK.200</sln:gmIIPPn><sln:gmIIPWersja>2012-09-26T22:11:09+02:00</sln:gmIIPWersja><sln:gmIdTeryt>1211092</sln:gmIdTeryt><sln:gmNazwa>Nowy Targ</sln:gmNazwa><sln:miejscIIPId>bf1fcdf7-5b36-48c8-b99d-3998eef48d14</sln:miejscIIPId><sln:miejscIIPPn>PL.PZGIK.200</sln:miejscIIPPn><sln:miejscIIPWersja>2016-11-24T13:30:03+02:00</sln:miejscIIPWersja><sln:miejscIdTeryt>0457290</sln:miejscIdTeryt><sln:miejscNazwa>Rówienki</sln:miejscNazwa><sln:miejscRodzaj>Inny obiekt</sln:miejscRodzaj><sln:powIIPId>a472069d-aabd-4128-a1dc-c3f6f7c8c11a</sln:powIIPId><sln:powIIPPn>PL.PZGIK.200</sln:powIIPPn><sln:powIIPWersja>2017-10-10T00:00:00+02:00</sln:powIIPWersja><sln:powIdTeryt>1211</sln:powIdTeryt><sln:powNazwa>nowotarski</sln:powNazwa><sln:wojIIPId>dd2e3c64-f861-47cf-a3a3-e7751f272b2f</sln:wojIIPId><sln:wojIIPPn>PL.PZGIK.200</sln:wojIIPPn><sln:wojIIPWersja>2017-10-10T00:00:00+02:00</sln:wojIIPWersja><sln:wojIdTeryt>12</sln:wojIdTeryt><sln:wojNazwa>małopolskie</sln:wojNazwa></sln:miejscowosc><sln:miejscowosc><sln:cyklZyciaOd>2014-12-07T00:00:00+01:00</sln:cyklZyciaOd><sln:gmIIPId>18eb80ed-edc2-4767-bff5-e2d8c2305db5</sln:gmIIPId><sln:gmIIPPn>PL.PZGIK.200</sln:gmIIPPn><sln:gmIIPWersja>2012-09-26T22:11:09+02:00</sln:gmIIPWersja><sln:gmIdTeryt>1211092</sln:gmIdTeryt><sln:gmNazwa>Nowy Targ</sln:gmNazwa><sln:miejscIIPId>f8d550ab-e2d0-467a-b640-3eb063852f28</sln:miejscIIPId><sln:miejscIIPPn>PL.PZGIK.200</sln:miejscIIPPn><sln:miejscIIPWersja>2016-11-24T13:40:17+02:00</sln:miejscIIPWersja><sln:miejscIdTeryt>0457320</sln:miejscIdTeryt><sln:miejscNazwa>Krempachy</sln:miejscNazwa><sln:miejscRodzaj>Wieś</sln:miejscRodzaj><sln:powIIPId>a472069d-aabd-4128-a1dc-c3f6f7c8c11a</sln:powIIPId><sln:powIIPPn>PL.PZGIK.200</sln:powIIPPn><sln:powIIPWersja>2017-10-10T00:00:00+02:00</sln:powIIPWersja><sln:powIdTeryt>1211</sln:powIdTeryt><sln:powNazwa>nowotarski</sln:powNazwa><sln:wojIIPId>dd2e3c64-f861-47cf-a3a3-e7751f272b2f</sln:wojIIPId><sln:wojIIPPn>PL.PZGIK.200</sln:wojIIPPn><sln:wojIIPWersja>2017-10-10T00:00:00+02:00</sln:wojIIPWersja><sln:wojIdTeryt>12</sln:wojIdTeryt><sln:wojNazwa>małopolskie</sln:wojNazwa></sln:miejscowosc><sln:miejscowosc><sln:cyklZyciaOd>2014-12-07T00:00:00+01:00</sln:cyklZyciaOd><sln:gmIIPId>18eb80ed-edc2-4767-bff5-e2d8c2305db5</sln:gmIIPId><sln:gmIIPPn>PL.PZGIK.200</sln:gmIIPPn><sln:gmIIPWersja>2012-09-26T22:11:09+02:00</sln:gmIIPWersja><sln:gmIdTeryt>1211092</sln:gmIdTeryt><sln:gmNazwa>Nowy Targ</sln:gmNazwa><sln:miejscIIPId>87ae5a63-2e85-4624-bc8e-9ddd36b9f0dc</sln:miejscIIPId><sln:miejscIIPPn>PL.PZGIK.200</sln:miejscIIPPn><sln:miejscIIPWersja>2016-11-24T13:39:30+02:00</sln:miejscIIPWersja><sln:miejscIdTeryt>0457231</sln:miejscIdTeryt><sln:miejscNazwa>Klikuszowa</sln:miejscNazwa><sln:miejscRodzaj>Wieś</sln:miejscRodzaj><sln:powIIPId>a472069d-aabd-4128-a1dc-c3f6f7c8c11a</sln:powIIPId><sln:powIIPPn>PL.PZGIK.200</sln:powIIPPn><sln:powIIPWersja>2017-10-10T00:00:00+02:00</sln:powIIPWersja><sln:powIdTeryt>1211</sln:powIdTeryt><sln:powNazwa>nowotarski</sln:powNazwa><sln:wojIIPId>dd2e3c64-f861-47cf-a3a3-e7751f272b2f</sln:wojIIPId><sln:wojIIPPn>PL.PZGIK.200</sln:wojIIPPn><sln:wojIIPWersja>2017-10-10T00:00:00+02:00</sln:wojIIPWersja><sln:wojIdTeryt>12</sln:wojIdTeryt><sln:wojNazwa>małopolskie</sln:wojNazwa></sln:miejscowosc><sln:miejscowosc><sln:cyklZyciaOd>2014-12-07T00:00:00+01:00</sln:cyklZyciaOd><sln:gmIIPId>18eb80ed-edc2-4767-bff5-e2d8c2305db5</sln:gmIIPId><sln:gmIIPPn>PL.PZGIK.200</sln:gmIIPPn><sln:gmIIPWersja>2012-09-26T22:11:09+02:00</sln:gmIIPWersja><sln:gmIdTeryt>1211092</sln:gmIdTeryt><sln:gmNazwa>Nowy Targ</sln:gmNazwa><sln:miejscIIPId>304c5738-5f29-4f41-94f0-60bc6ed35727</sln:miejscIIPId><sln:miejscIIPPn>PL.PZGIK.200</sln:miejscIIPPn><sln:miejscIIPWersja>2016-11-24T13:29:47+02:00</sln:miejscIIPWersja><sln:miejscIdTeryt>0457538</sln:miejscIdTeryt><sln:miejscNazwa>Rogoźnik</sln:miejscNazwa><sln:miejscRodzaj>Wieś</sln:miejscRodzaj><sln:powIIPId>a472069d-aabd-4128-a1dc-c3f6f7c8c11a</sln:powIIPId><sln:powIIPPn>PL.PZGIK.200</sln:powIIPPn><sln:powIIPWersja>2017-10-10T00:00:00+02:00</sln:powIIPWersja><sln:powIdTeryt>1211</sln:powIdTeryt><sln:powNazwa>nowotarski</sln:powNazwa><sln:wojIIPId>dd2e3c64-f861-47cf-a3a3-e7751f272b2f</sln:wojIIPId><sln:wojIIPPn>PL.PZGIK.200</sln:wojIIPPn><sln:wojIIPWersja>2017-10-10T00:00:00+02:00</sln:wojIIPWersja><sln:wojIdTeryt>12</sln:wojIdTeryt><sln:wojNazwa>małopolskie</sln:wojNazwa></sln:miejscowosc><sln:miejscowosc><sln:cyklZyciaOd>2014-12-07T00:00:00+01:00</sln:cyklZyciaOd><sln:gmIIPId>18eb80ed-edc2-4767-bff5-e2d8c2305db5</sln:gmIIPId><sln:gmIIPPn>PL.PZGIK.200</sln:gmIIPPn><sln:gmIIPWersja>2012-09-26T22:11:09+02:00</sln:gmIIPWersja><sln:gmIdTeryt>1211092</sln:gmIdTeryt><sln:gmNazwa>Nowy Targ</sln:gmNazwa><sln:miejscIIPId>0b50924e-6d05-45c0-b321-7c067982fed9</sln:miejscIIPId><sln:miejscIIPPn>PL.PZGIK.200</sln:miejscIIPPn><sln:miejscIIPWersja>2016-11-24T13:40:52+02:00</sln:miejscIIPWersja><sln:miejscIdTeryt>0457337</sln:miejscIdTeryt><sln:miejscNazwa>Lasek</sln:miejscNazwa><sln:miejscRodzaj>Wieś</sln:miejscRodzaj><sln:powIIPId>a472069d-aabd-4128-a1dc-c3f6f7c8c11a</sln:powIIPId><sln:powIIPPn>PL.PZGIK.200</sln:powIIPPn><sln:powIIPWersja>2017-10-10T00:00:00+02:00</sln:powIIPWersja><sln:powIdTeryt>1211</sln:powIdTeryt><sln:powNazwa>nowotarski</sln:powNazwa><sln:wojIIPId>dd2e3c64-f861-47cf-a3a3-e7751f272b2f</sln:wojIIPId><sln:wojIIPPn>PL.PZGIK.200</sln:wojIIPPn><sln:wojIIPWersja>2017-10-10T00:00:00+02:00</sln:wojIIPWersja><sln:wojIdTeryt>12</sln:wojIdTeryt><sln:wojNazwa>małopolskie</sln:wojNazwa></sln:miejscowosc><sln:miejscowosc><sln:cyklZyciaOd>2014-12-07T00:00:00+01:00</sln:cyklZyciaOd><sln:gmIIPId>18eb80ed-edc2-4767-bff5-e2d8c2305db5</sln:gmIIPId><sln:gmIIPPn>PL.PZGIK.200</sln:gmIIPPn><sln:gmIIPWersja>2012-09-26T22:11:09+02:00</sln:gmIIPWersja><sln:gmIdTeryt>1211092</sln:gmIdTeryt><sln:gmNazwa>Nowy Targ</sln:gmNazwa><sln:miejscIIPId>6d635e34-e7e6-4e72-b967-afc4c9b77b2b</sln:miejscIIPId><sln:miejscIIPPn>PL.PZGIK.200</sln:miejscIIPPn><sln:miejscIIPWersja>2016-11-24T13:30:21+02:00</sln:miejscIIPWersja><sln:miejscIdTeryt>0457478</sln:miejscIdTeryt><sln:miejscNazwa>Grapa</sln:miejscNazwa><sln:miejscRodzaj>Osada</sln:miejscRodzaj><sln:powIIPId>a472069d-aabd-4128-a1dc-c3f6f7c8c11a</sln:powIIPId><sln:powIIPPn>PL.PZGIK.200</sln:powIIPPn><sln:powIIPWersja>2017-10-10T00:00:00+02:00</sln:powIIPWersja><sln:powIdTeryt>1211</sln:powIdTeryt><sln:powNazwa>nowotarski</sln:powNazwa><sln:wojIIPId>dd2e3c64-f861-47cf-a3a3-e7751f272b2f</sln:wojIIPId><sln:wojIIPPn>PL.PZGIK.200</sln:wojIIPPn><sln:wojIIPWersja>2017-10-10T00:00:00+02:00</sln:wojIIPWersja><sln:wojIdTeryt>12</sln:wojIdTeryt><sln:wojNazwa>małopolskie</sln:wojNazwa></sln:miejscowosc><sln:miejscowosc><sln:cyklZyciaOd>2014-12-07T00:00:00+01:00</sln:cyklZyciaOd><sln:gmIIPId>18eb80ed-edc2-4767-bff5-e2d8c2305db5</sln:gmIIPId><sln:gmIIPPn>PL.PZGIK.200</sln:gmIIPPn><sln:gmIIPWersja>2012-09-26T22:11:09+02:00</sln:gmIIPWersja><sln:gmIdTeryt>1211092</sln:gmIdTeryt><sln:gmNazwa>Nowy Targ</sln:gmNazwa><sln:miejscIIPId>528d4fc5-48dd-4ba1-8f88-4e234aa91c2b</sln:miejscIIPId><sln:miejscIIPPn>PL.PZGIK.200</sln:miejscIIPPn><sln:miejscIIPWersja>2016-11-24T13:32:52+02:00</sln:miejscIIPWersja><sln:miejscIdTeryt>0457573</sln:miejscIdTeryt><sln:miejscNazwa>Waksmund</sln:miejscNazwa><sln:miejscRodzaj>Wieś</sln:miejscRodzaj><sln:powIIPId>a472069d-aabd-4128-a1dc-c3f6f7c8c11a</sln:powIIPId><sln:powIIPPn>PL.PZGIK.200</sln:powIIPPn><sln:powIIPWersja>2017-10-10T00:00:00+02:00</sln:powIIPWersja><sln:powIdTeryt>1211</sln:powIdTeryt><sln:powNazwa>nowotarski</sln:powNazwa><sln:wojIIPId>dd2e3c64-f861-47cf-a3a3-e7751f272b2f</sln:wojIIPId><sln:wojIIPPn>PL.PZGIK.200</sln:wojIIPPn><sln:wojIIPWersja>2017-10-10T00:00:00+02:00</sln:wojIIPWersja><sln:wojIdTeryt>12</sln:wojIdTeryt><sln:wojNazwa>małopolskie</sln:wojNazwa></sln:miejscowosc><sln:miejscowosc><sln:cyklZyciaOd>2014-12-07T00:00:00+01:00</sln:cyklZyciaOd><sln:gmIIPId>18eb80ed-edc2-4767-bff5-e2d8c2305db5</sln:gmIIPId><sln:gmIIPPn>PL.PZGIK.200</sln:gmIIPPn><sln:gmIIPWersja>2012-09-26T22:11:09+02:00</sln:gmIIPWersja><sln:gmIdTeryt>1211092</sln:gmIdTeryt><sln:gmNazwa>Nowy Targ</sln:gmNazwa><sln:miejscIIPId>03218dae-3363-4ca7-989e-c01973ef4aea</sln:miejscIIPId><sln:miejscIIPPn>PL.PZGIK.200</sln:miejscIIPPn><sln:miejscIIPWersja>2016-11-24T13:30:21+02:00</sln:miejscIIPWersja><sln:miejscIdTeryt>1049439</sln:miejscIdTeryt><sln:miejscNazwa>Osiedle za Wodą</sln:miejscNazwa><sln:miejscRodzaj>Inny obiekt</sln:miejscRodzaj><sln:powIIPId>a472069d-aabd-4128-a1dc-c3f6f7c8c11a</sln:powIIPId><sln:powIIPPn>PL.PZGIK.200</sln:powIIPPn><sln:powIIPWersja>2017-10-10T00:00:00+02:00</sln:powIIPWersja><sln:powIdTeryt>1211</sln:powIdTeryt><sln:powNazwa>nowotarski</sln:powNazwa><sln:wojIIPId>dd2e3c64-f861-47cf-a3a3-e7751f272b2f</sln:wojIIPId><sln:wojIIPPn>PL.PZGIK.200</sln:wojIIPPn><sln:wojIIPWersja>2017-10-10T00:00:00+02:00</sln:wojIIPWersja><sln:wojIdTeryt>12</sln:wojIdTeryt><sln:wojNazwa>małopolskie</sln:wojNazwa></sln:miejscowosc><sln:miejscowosc><sln:cyklZyciaOd>2014-12-07T00:00:00+01:00</sln:cyklZyciaOd><sln:gmIIPId>18eb80ed-edc2-4767-bff5-e2d8c2305db5</sln:gmIIPId><sln:gmIIPPn>PL.PZGIK.200</sln:gmIIPPn><sln:gmIIPWersja>2012-09-26T22:11:09+02:00</sln:gmIIPWersja><sln:gmIdTeryt>1211092</sln:gmIdTeryt><sln:gmNazwa>Nowy Targ</sln:gmNazwa><sln:miejscIIPId>dddb1193-7c86-491d-b7ad-4cb3f66ace46</sln:miejscIIPId><sln:miejscIIPPn>PL.PZGIK.200</sln:miejscIIPPn><sln:miejscIIPWersja>2016-11-24T13:57:18+02:00</sln:miejscIIPWersja><sln:miejscIdTeryt>0457389</sln:miejscIdTeryt><sln:miejscNazwa>Niżni Zarębek</sln:miejscNazwa><sln:miejscRodzaj>Inny obiekt</sln:miejscRodzaj><sln:powIIPId>a472069d-aabd-4128-a1dc-c3f6f7c8c11a</sln:powIIPId><sln:powIIPPn>PL.PZGIK.200</sln:powIIPPn><sln:powIIPWersja>2017-10-10T00:00:00+02:00</sln:powIIPWersja><sln:powIdTeryt>1211</sln:powIdTeryt><sln:powNazwa>nowotarski</sln:powNazwa><sln:wojIIPId>dd2e3c64-f861-47cf-a3a3-e7751f272b2f</sln:wojIIPId><sln:wojIIPPn>PL.PZGIK.200</sln:wojIIPPn><sln:wojIIPWersja>2017-10-10T00:00:00+02:00</sln:wojIIPWersja><sln:wojIdTeryt>12</sln:wojIdTeryt><sln:wojNazwa>małopolskie</sln:wojNazwa></sln:miejscowosc><sln:miejscowosc><sln:cyklZyciaOd>2014-12-07T00:00:00+01:00</sln:cyklZyciaOd><sln:gmIIPId>18eb80ed-edc2-4767-bff5-e2d8c2305db5</sln:gmIIPId><sln:gmIIPPn>PL.PZGIK.200</sln:gmIIPPn><sln:gmIIPWersja>2012-09-26T22:11:09+02:00</sln:gmIIPWersja><sln:gmIdTeryt>1211092</sln:gmIdTeryt><sln:gmNazwa>Nowy Targ</sln:gmNazwa><sln:miejscIIPId>d8a52dab-f6b9-432f-b1e2-9e9abe0ea5ac</sln:miejscIIPId><sln:miejscIIPPn>PL.PZGIK.200</sln:miejscIIPPn><sln:miejscIIPWersja>2016-11-24T13:57:18+02:00</sln:miejscIIPWersja><sln:miejscIdTeryt>0457403</sln:miejscIdTeryt><sln:miejscNazwa>Wyżni Zarębek</sln:miejscNazwa><sln:miejscRodzaj>Inny obiekt</sln:miejscRodzaj><sln:powIIPId>a472069d-aabd-4128-a1dc-c3f6f7c8c11a</sln:powIIPId><sln:powIIPPn>PL.PZGIK.200</sln:powIIPPn><sln:powIIPWersja>2017-10-10T00:00:00+02:00</sln:powIIPWersja><sln:powIdTeryt>1211</sln:powIdTeryt><sln:powNazwa>nowotarski</sln:powNazwa><sln:wojIIPId>dd2e3c64-f861-47cf-a3a3-e7751f272b2f</sln:wojIIPId><sln:wojIIPPn>PL.PZGIK.200</sln:wojIIPPn><sln:wojIIPWersja>2017-10-10T00:00:00+02:00</sln:wojIIPWersja><sln:wojIdTeryt>12</sln:wojIdTeryt><sln:wojNazwa>małopolskie</sln:wojNazwa></sln:miejscowosc><sln:miejscowosc><sln:cyklZyciaOd>2014-12-07T00:00:00+01:00</sln:cyklZyciaOd><sln:gmIIPId>18eb80ed-edc2-4767-bff5-e2d8c2305db5</sln:gmIIPId><sln:gmIIPPn>PL.PZGIK.200</sln:gmIIPPn><sln:gmIIPWersja>2012-09-26T22:11:09+02:00</sln:gmIIPWersja><sln:gmIdTeryt>1211092</sln:gmIdTeryt><sln:gmNazwa>Nowy Targ</sln:gmNazwa><sln:miejscIIPId>9a8db13c-013a-47e7-bef9-2957a6389c92</sln:miejscIIPId><sln:miejscIIPPn>PL.PZGIK.200</sln:miejscIIPPn><sln:miejscIIPWersja>2016-11-24T13:30:21+02:00</sln:miejscIIPWersja><sln:miejscIdTeryt>0457314</sln:miejscIdTeryt><sln:miejscNazwa>Osiedle Ogrody</sln:miejscNazwa><sln:miejscRodzaj>Inny obiekt</sln:miejscRodzaj><sln:powIIPId>a472069d-aabd-4128-a1dc-c3f6f7c8c11a</sln:powIIPId><sln:powIIPPn>PL.PZGIK.200</sln:powIIPPn><sln:powIIPWersja>2017-10-10T00:00:00+02:00</sln:powIIPWersja><sln:powIdTeryt>1211</sln:powIdTeryt><sln:powNazwa>nowotarski</sln:powNazwa><sln:wojIIPId>dd2e3c64-f861-47cf-a3a3-e7751f272b2f</sln:wojIIPId><sln:wojIIPPn>PL.PZGIK.200</sln:wojIIPPn><sln:wojIIPWersja>2017-10-10T00:00:00+02:00</sln:wojIIPWersja><sln:wojIdTeryt>12</sln:wojIdTeryt><sln:wojNazwa>małopolskie</sln:wojNazwa></sln:miejscowosc><sln:miejscowosc><sln:cyklZyciaOd>2014-12-07T00:00:00+01:00</sln:cyklZyciaOd><sln:gmIIPId>18eb80ed-edc2-4767-bff5-e2d8c2305db5</sln:gmIIPId><sln:gmIIPPn>PL.PZGIK.200</sln:gmIIPPn><sln:gmIIPWersja>2012-09-26T22:11:09+02:00</sln:gmIIPWersja><sln:gmIdTeryt>1211092</sln:gmIdTeryt><sln:gmNazwa>Nowy Targ</sln:gmNazwa><sln:miejscIIPId>cdd4a349-26c8-48f3-84ce-f8e7cd7cb9ba</sln:miejscIIPId><sln:miejscIIPPn>PL.PZGIK.200</sln:miejscIIPPn><sln:miejscIIPWersja>2016-11-24T13:58:10+02:00</sln:miejscIIPWersja><sln:miejscIdTeryt>1049391</sln:miejscIdTeryt><sln:miejscNazwa>Hawierka</sln:miejscNazwa><sln:miejscRodzaj>Inny obiekt</sln:miejscRodzaj><sln:powIIPId>a472069d-aabd-4128-a1dc-c3f6f7c8c11a</sln:powIIPId><sln:powIIPPn>PL.PZGIK.200</sln:powIIPPn><sln:powIIPWersja>2017-10-10T00:00:00+02:00</sln:powIIPWersja><sln:powIdTeryt>1211</sln:powIdTeryt><sln:powNazwa>nowotarski</sln:powNazwa><sln:wojIIPId>dd2e3c64-f861-47cf-a3a3-e7751f272b2f</sln:wojIIPId><sln:wojIIPPn>PL.PZGIK.200</sln:wojIIPPn><sln:wojIIPWersja>2017-10-10T00:00:00+02:00</sln:wojIIPWersja><sln:wojIdTeryt>12</sln:wojIdTeryt><sln:wojNazwa>małopolskie</sln:wojNazwa></sln:miejscowosc><sln:miejscowosc><sln:cyklZyciaOd>2014-12-07T00:00:00+01:00</sln:cyklZyciaOd><sln:gmIIPId>18eb80ed-edc2-4767-bff5-e2d8c2305db5</sln:gmIIPId><sln:gmIIPPn>PL.PZGIK.200</sln:gmIIPPn><sln:gmIIPWersja>2012-09-26T22:11:09+02:00</sln:gmIIPWersja><sln:gmIdTeryt>1211092</sln:gmIdTeryt><sln:gmNazwa>Nowy Targ</sln:gmNazwa><sln:miejscIIPId>e82e1c70-83ec-4495-9e2a-6b25dc402b5a</sln:miejscIIPId><sln:miejscIIPPn>PL.PZGIK.200</sln:miejscIIPPn><sln:miejscIIPWersja>2016-11-24T13:30:21+02:00</sln:miejscIIPWersja><sln:miejscIdTeryt>0457248</sln:miejscIdTeryt><sln:miejscNazwa>Pińczów</sln:miejscNazwa><sln:miejscRodzaj>Inny obiekt</sln:miejscRodzaj><sln:powIIPId>a472069d-aabd-4128-a1dc-c3f6f7c8c11a</sln:powIIPId><sln:powIIPPn>PL.PZGIK.200</sln:powIIPPn><sln:powIIPWersja>2017-10-10T00:00:00+02:00</sln:powIIPWersja><sln:powIdTeryt>1211</sln:powIdTeryt><sln:powNazwa>nowotarski</sln:powNazwa><sln:wojIIPId>dd2e3c64-f861-47cf-a3a3-e7751f272b2f</sln:wojIIPId><sln:wojIIPPn>PL.PZGIK.200</sln:wojIIPPn><sln:wojIIPWersja>2017-10-10T00:00:00+02:00</sln:wojIIPWersja><sln:wojIdTeryt>12</sln:wojIdTeryt><sln:wojNazwa>małopolskie</sln:wojNazwa></sln:miejscowosc><sln:miejscowosc><sln:cyklZyciaOd>2014-12-07T00:00:00+01:00</sln:cyklZyciaOd><sln:gmIIPId>18eb80ed-edc2-4767-bff5-e2d8c2305db5</sln:gmIIPId><sln:gmIIPPn>PL.PZGIK.200</sln:gmIIPPn><sln:gmIIPWersja>2012-09-26T22:11:09+02:00</sln:gmIIPWersja><sln:gmIdTeryt>1211092</sln:gmIdTeryt><sln:gmNazwa>Nowy Targ</sln:gmNazwa><sln:miejscIIPId>988fdc47-3474-49ce-9f58-1227fabb269c</sln:miejscIIPId><sln:miejscIIPPn>PL.PZGIK.200</sln:miejscIIPPn><sln:miejscIIPWersja>2016-11-24T13:32:00+02:00</sln:miejscIIPWersja><sln:miejscIdTeryt>0457567</sln:miejscIdTeryt><sln:miejscNazwa>Szlembark</sln:miejscNazwa><sln:miejscRodzaj>Wieś</sln:miejscRodzaj><sln:powIIPId>a472069d-aabd-4128-a1dc-c3f6f7c8c11a</sln:powIIPId><sln:powIIPPn>PL.PZGIK.200</sln:powIIPPn><sln:powIIPWersja>2017-10-10T00:00:00+02:00</sln:powIIPWersja><sln:powIdTeryt>1211</sln:powIdTeryt><sln:powNazwa>nowotarski</sln:powNazwa><sln:wojIIPId>dd2e3c64-f861-47cf-a3a3-e7751f272b2f</sln:wojIIPId><sln:wojIIPPn>PL.PZGIK.200</sln:wojIIPPn><sln:wojIIPWersja>2017-10-10T00:00:00+02:00</sln:wojIIPWersja><sln:wojIdTeryt>12</sln:wojIdTeryt><sln:wojNazwa>małopolskie</sln:wojNazwa></sln:miejscowosc><sln:miejscowosc><sln:cyklZyciaOd>2014-12-07T00:00:00+01:00</sln:cyklZyciaOd><sln:gmIIPId>18eb80ed-edc2-4767-bff5-e2d8c2305db5</sln:gmIIPId><sln:gmIIPPn>PL.PZGIK.200</sln:gmIIPPn><sln:gmIIPWersja>2012-09-26T22:11:09+02:00</sln:gmIIPWersja><sln:gmIdTeryt>1211092</sln:gmIdTeryt><sln:gmNazwa>Nowy Targ</sln:gmNazwa><sln:miejscIIPId>101da2ea-128d-4877-84db-b921678d9a04</sln:miejscIIPId><sln:miejscIIPPn>PL.PZGIK.200</sln:miejscIIPPn><sln:miejscIIPWersja>2016-11-24T13:30:21+02:00</sln:miejscIIPWersja><sln:miejscIdTeryt>0457343</sln:miejscIdTeryt><sln:miejscNazwa>Obroczna</sln:miejscNazwa><sln:miejscRodzaj>Osada</sln:miejscRodzaj><sln:powIIPId>a472069d-aabd-4128-a1dc-c3f6f7c8c11a</sln:powIIPId><sln:powIIPPn>PL.PZGIK.200</sln:powIIPPn><sln:powIIPWersja>2017-10-10T00:00:00+02:00</sln:powIIPWersja><sln:powIdTeryt>1211</sln:powIdTeryt><sln:powNazwa>nowotarski</sln:powNazwa><sln:wojIIPId>dd2e3c64-f861-47cf-a3a3-e7751f272b2f</sln:wojIIPId><sln:wojIIPPn>PL.PZGIK.200</sln:wojIIPPn><sln:wojIIPWersja>2017-10-10T00:00:00+02:00</sln:wojIIPWersja><sln:wojIdTeryt>12</sln:wojIdTeryt><sln:wojNazwa>małopolskie</sln:wojNazwa></sln:miejscowosc><sln:miejscowosc><sln:cyklZyciaOd>2014-12-07T00:00:00+01:00</sln:cyklZyciaOd><sln:gmIIPId>18eb80ed-edc2-4767-bff5-e2d8c2305db5</sln:gmIIPId><sln:gmIIPPn>PL.PZGIK.200</sln:gmIIPPn><sln:gmIIPWersja>2012-09-26T22:11:09+02:00</sln:gmIIPWersja><sln:gmIdTeryt>1211092</sln:gmIdTeryt><sln:gmNazwa>Nowy Targ</sln:gmNazwa><sln:miejscIIPId>053034b2-02c1-4467-aebb-da7326e86ca3</sln:miejscIIPId><sln:miejscIIPPn>PL.PZGIK.200</sln:miejscIIPPn><sln:miejscIIPWersja>2016-11-24T13:44:14+02:00</sln:miejscIIPWersja><sln:miejscIdTeryt>0457484</sln:miejscIdTeryt><sln:miejscNazwa>Ostrowsko</sln:miejscNazwa><sln:miejscRodzaj>Wieś</sln:miejscRodzaj><sln:powIIPId>a472069d-aabd-4128-a1dc-c3f6f7c8c11a</sln:powIIPId><sln:powIIPPn>PL.PZGIK.200</sln:powIIPPn><sln:powIIPWersja>2017-10-10T00:00:00+02:00</sln:powIIPWersja><sln:powIdTeryt>1211</sln:powIdTeryt><sln:powNazwa>nowotarski</sln:powNazwa><sln:wojIIPId>dd2e3c64-f861-47cf-a3a3-e7751f272b2f</sln:wojIIPId><sln:wojIIPPn>PL.PZGIK.200</sln:wojIIPPn><sln:wojIIPWersja>2017-10-10T00:00:00+02:00</sln:wojIIPWersja><sln:wojIdTeryt>12</sln:wojIdTeryt><sln:wojNazwa>małopolskie</sln:wojNazwa></sln:miejscowosc><sln:miejscowosc><sln:cyklZyciaOd>2014-12-07T00:00:00+01:00</sln:cyklZyciaOd><sln:gmIIPId>18eb80ed-edc2-4767-bff5-e2d8c2305db5</sln:gmIIPId><sln:gmIIPPn>PL.PZGIK.200</sln:gmIIPPn><sln:gmIIPWersja>2012-09-26T22:11:09+02:00</sln:gmIIPWersja><sln:gmIdTeryt>1211092</sln:gmIdTeryt><sln:gmNazwa>Nowy Targ</sln:gmNazwa><sln:miejscIIPId>98bbfda9-19d0-468d-8c3d-290ba3adba9a</sln:miejscIIPId><sln:miejscIIPPn>PL.PZGIK.200</sln:miejscIIPPn><sln:miejscIIPWersja>2016-11-24T13:36:28+02:00</sln:miejscIIPWersja><sln:miejscIdTeryt>0457136</sln:miejscIdTeryt><sln:miejscNazwa>Długopole</sln:miejscNazwa><sln:miejscRodzaj>Wieś</sln:miejscRodzaj><sln:powIIPId>a472069d-aabd-4128-a1dc-c3f6f7c8c11a</sln:powIIPId><sln:powIIPPn>PL.PZGIK.200</sln:powIIPPn><sln:powIIPWersja>2017-10-10T00:00:00+02:00</sln:powIIPWersja><sln:powIdTeryt>1211</sln:powIdTeryt><sln:powNazwa>nowotarski</sln:powNazwa><sln:wojIIPId>dd2e3c64-f861-47cf-a3a3-e7751f272b2f</sln:wojIIPId><sln:wojIIPPn>PL.PZGIK.200</sln:wojIIPPn><sln:wojIIPWersja>2017-10-10T00:00:00+02:00</sln:wojIIPWersja><sln:wojIdTeryt>12</sln:wojIdTeryt><sln:wojNazwa>małopolskie</sln:wojNazwa></sln:miejscowosc><sln:miejscowosc><sln:cyklZyciaOd>2014-12-07T00:00:00+01:00</sln:cyklZyciaOd><sln:gmIIPId>18eb80ed-edc2-4767-bff5-e2d8c2305db5</sln:gmIIPId><sln:gmIIPPn>PL.PZGIK.200</sln:gmIIPPn><sln:gmIIPWersja>2012-09-26T22:11:09+02:00</sln:gmIIPWersja><sln:gmIdTeryt>1211092</sln:gmIdTeryt><sln:gmNazwa>Nowy Targ</sln:gmNazwa><sln:miejscIIPId>4be41301-da0b-4a60-9c7c-cc562553a2ee</sln:miejscIIPId><sln:miejscIIPPn>PL.PZGIK.200</sln:miejscIIPPn><sln:miejscIIPWersja>2016-11-24T13:54:44+02:00</sln:miejscIIPWersja><sln:miejscIdTeryt>0457225</sln:miejscIdTeryt><sln:miejscNazwa>Koszary</sln:miejscNazwa><sln:miejscRodzaj>Inny obiekt</sln:miejscRodzaj><sln:powIIPId>a472069d-aabd-4128-a1dc-c3f6f7c8c11a</sln:powIIPId><sln:powIIPPn>PL.PZGIK.200</sln:powIIPPn><sln:powIIPWersja>2017-10-10T00:00:00+02:00</sln:powIIPWersja><sln:powIdTeryt>1211</sln:powIdTeryt><sln:powNazwa>nowotarski</sln:powNazwa><sln:wojIIPId>dd2e3c64-f861-47cf-a3a3-e7751f272b2f</sln:wojIIPId><sln:wojIIPPn>PL.PZGIK.200</sln:wojIIPPn><sln:wojIIPWersja>2017-10-10T00:00:00+02:00</sln:wojIIPWersja><sln:wojIdTeryt>12</sln:wojIdTeryt><sln:wojNazwa>małopolskie</sln:wojNazwa></sln:miejscowosc><sln:miejscowosc><sln:cyklZyciaOd>2014-12-07T00:00:00+01:00</sln:cyklZyciaOd><sln:gmIIPId>18eb80ed-edc2-4767-bff5-e2d8c2305db5</sln:gmIIPId><sln:gmIIPPn>PL.PZGIK.200</sln:gmIIPPn><sln:gmIIPWersja>2012-09-26T22:11:09+02:00</sln:gmIIPWersja><sln:gmIdTeryt>1211092</sln:gmIdTeryt><sln:gmNazwa>Nowy Targ</sln:gmNazwa><sln:miejscIIPId>263a0048-ddbf-4ea8-9939-eec950c533a6</sln:miejscIIPId><sln:miejscIIPPn>PL.PZGIK.200</sln:miejscIIPPn><sln:miejscIIPWersja>2016-11-24T13:30:21+02:00</sln:miejscIIPWersja><sln:miejscIdTeryt>0457142</sln:miejscIdTeryt><sln:miejscNazwa>Osiedle za Wodą</sln:miejscNazwa><sln:miejscRodzaj>Inny obiekt</sln:miejscRodzaj><sln:powIIPId>a472069d-aabd-4128-a1dc-c3f6f7c8c11a</sln:powIIPId><sln:powIIPPn>PL.PZGIK.200</sln:powIIPPn><sln:powIIPWersja>2017-10-10T00:00:00+02:00</sln:powIIPWersja><sln:powIdTeryt>1211</sln:powIdTeryt><sln:powNazwa>nowotarski</sln:powNazwa><sln:wojIIPId>dd2e3c64-f861-47cf-a3a3-e7751f272b2f</sln:wojIIPId><sln:wojIIPPn>PL.PZGIK.200</sln:wojIIPPn><sln:wojIIPWersja>2017-10-10T00:00:00+02:00</sln:wojIIPWersja><sln:wojIdTeryt>12</sln:wojIdTeryt><sln:wojNazwa>małopolskie</sln:wojNazwa></sln:miejscowosc><sln:miejscowosc><sln:cyklZyciaOd>2014-12-07T00:00:00+01:00</sln:cyklZyciaOd><sln:gmIIPId>18eb80ed-edc2-4767-bff5-e2d8c2305db5</sln:gmIIPId><sln:gmIIPPn>PL.PZGIK.200</sln:gmIIPPn><sln:gmIIPWersja>2012-09-26T22:11:09+02:00</sln:gmIIPWersja><sln:gmIdTeryt>1211092</sln:gmIdTeryt><sln:gmNazwa>Nowy Targ</sln:gmNazwa><sln:miejscIIPId>8a1c5def-9808-4b33-a9c7-85de185512cd</sln:miejscIIPId><sln:miejscIIPPn>PL.PZGIK.200</sln:miejscIIPPn><sln:miejscIIPWersja>2016-11-24T13:43:39+02:00</sln:miejscIIPWersja><sln:miejscIdTeryt>0457455</sln:miejscIdTeryt><sln:miejscNazwa>Obidowa</sln:miejscNazwa><sln:miejscRodzaj>Wieś</sln:miejscRodzaj><sln:powIIPId>a472069d-aabd-4128-a1dc-c3f6f7c8c11a</sln:powIIPId><sln:powIIPPn>PL.PZGIK.200</sln:powIIPPn><sln:powIIPWersja>2017-10-10T00:00:00+02:00</sln:powIIPWersja><sln:powIdTeryt>1211</sln:powIdTeryt><sln:powNazwa>nowotarski</sln:powNazwa><sln:wojIIPId>dd2e3c64-f861-47cf-a3a3-e7751f272b2f</sln:wojIIPId><sln:wojIIPPn>PL.PZGIK.200</sln:wojIIPPn><sln:wojIIPWersja>2017-10-10T00:00:00+02:00</sln:wojIIPWersja><sln:wojIdTeryt>12</sln:wojIdTeryt><sln:wojNazwa>małopolskie</sln:wojNazwa></sln:miejscowosc><sln:miejscowosc><sln:cyklZyciaOd>2014-12-07T00:00:00+01:00</sln:cyklZyciaOd><sln:gmIIPId>18eb80ed-edc2-4767-bff5-e2d8c2305db5</sln:gmIIPId><sln:gmIIPPn>PL.PZGIK.200</sln:gmIIPPn><sln:gmIIPWersja>2012-09-26T22:11:09+02:00</sln:gmIIPWersja><sln:gmIdTeryt>1211092</sln:gmIdTeryt><sln:gmNazwa>Nowy Targ</sln:gmNazwa><sln:miejscIIPId>631bc88a-d5ac-40a6-8f71-bff8604c59dd</sln:miejscIIPId><sln:miejscIIPPn>PL.PZGIK.200</sln:miejscIIPPn><sln:miejscIIPWersja>2016-11-24T13:58:49+02:00</sln:miejscIIPWersja><sln:miejscIdTeryt>0457461</sln:miejscIdTeryt><sln:miejscNazwa>Białoniówka</sln:miejscNazwa><sln:miejscRodzaj>Inny obiekt</sln:miejscRodzaj><sln:powIIPId>a472069d-aabd-4128-a1dc-c3f6f7c8c11a</sln:powIIPId><sln:powIIPPn>PL.PZGIK.200</sln:powIIPPn><sln:powIIPWersja>2017-10-10T00:00:00+02:00</sln:powIIPWersja><sln:powIdTeryt>1211</sln:powIdTeryt><sln:powNazwa>nowotarski</sln:powNazwa><sln:wojIIPId>dd2e3c64-f861-47cf-a3a3-e7751f272b2f</sln:wojIIPId><sln:wojIIPPn>PL.PZGIK.200</sln:wojIIPPn><sln:wojIIPWersja>2017-10-10T00:00:00+02:00</sln:wojIIPWersja><sln:wojIdTeryt>12</sln:wojIdTeryt><sln:wojNazwa>małopolskie</sln:wojNazwa></sln:miejscowosc><sln:miejscowosc><sln:cyklZyciaOd>2014-12-07T00:00:00+01:00</sln:cyklZyciaOd><sln:gmIIPId>18eb80ed-edc2-4767-bff5-e2d8c2305db5</sln:gmIIPId><sln:gmIIPPn>PL.PZGIK.200</sln:gmIIPPn><sln:gmIIPWersja>2012-09-26T22:11:09+02:00</sln:gmIIPWersja><sln:gmIdTeryt>1211092</sln:gmIdTeryt><sln:gmNazwa>Nowy Targ</sln:gmNazwa><sln:miejscIIPId>779c3394-20e7-4990-99ad-7fc0c0d89875</sln:miejscIIPId><sln:miejscIIPPn>PL.PZGIK.200</sln:miejscIIPPn><sln:miejscIIPWersja>2016-11-24T13:52:29+02:00</sln:miejscIIPWersja><sln:miejscIdTeryt>1049379</sln:miejscIdTeryt><sln:miejscNazwa>Furmaniec</sln:miejscNazwa><sln:miejscRodzaj>Inny obiekt</sln:miejscRodzaj><sln:powIIPId>a472069d-aabd-4128-a1dc-c3f6f7c8c11a</sln:powIIPId><sln:powIIPPn>PL.PZGIK.200</sln:powIIPPn><sln:powIIPWersja>2017-10-10T00:00:00+02:00</sln:powIIPWersja><sln:powIdTeryt>1211</sln:powIdTeryt><sln:powNazwa>nowotarski</sln:powNazwa><sln:wojIIPId>dd2e3c64-f861-47cf-a3a3-e7751f272b2f</sln:wojIIPId><sln:wojIIPPn>PL.PZGIK.200</sln:wojIIPPn><sln:wojIIPWersja>2017-10-10T00:00:00+02:00</sln:wojIIPWersja><sln:wojIdTeryt>12</sln:wojIdTeryt><sln:wojNazwa>małopolskie</sln:wojNazwa></sln:miejscowosc><sln:miejscowosc><sln:cyklZyciaOd>2014-12-07T00:00:00+01:00</sln:cyklZyciaOd><sln:gmIIPId>18eb80ed-edc2-4767-bff5-e2d8c2305db5</sln:gmIIPId><sln:gmIIPPn>PL.PZGIK.200</sln:gmIIPPn><sln:gmIIPWersja>2012-09-26T22:11:09+02:00</sln:gmIIPWersja><sln:gmIdTeryt>1211092</sln:gmIdTeryt><sln:gmNazwa>Nowy Targ</sln:gmNazwa><sln:miejscIIPId>65a1628a-bdcb-4b74-b508-4f2c91d2e41a</sln:miejscIIPId><sln:miejscIIPPn>PL.PZGIK.200</sln:miejscIIPPn><sln:miejscIIPWersja>2016-11-24T13:55:34+02:00</sln:miejscIIPWersja><sln:miejscIdTeryt>0457260</sln:miejscIdTeryt><sln:miejscNazwa>Szewczykówka</sln:miejscNazwa><sln:miejscRodzaj>Inny obiekt</sln:miejscRodzaj><sln:powIIPId>a472069d-aabd-4128-a1dc-c3f6f7c8c11a</sln:powIIPId><sln:powIIPPn>PL.PZGIK.200</sln:powIIPPn><sln:powIIPWersja>2017-10-10T00:00:00+02:00</sln:powIIPWersja><sln:powIdTeryt>1211</sln:powIdTeryt><sln:powNazwa>nowotarski</sln:powNazwa><sln:wojIIPId>dd2e3c64-f861-47cf-a3a3-e7751f272b2f</sln:wojIIPId><sln:wojIIPPn>PL.PZGIK.200</sln:wojIIPPn><sln:wojIIPWersja>2017-10-10T00:00:00+02:00</sln:wojIIPWersja><sln:wojIdTeryt>12</sln:wojIdTeryt><sln:wojNazwa>małopolskie</sln:wojNazwa></sln:miejscowosc><sln:miejscowosc><sln:cyklZyciaOd>2014-12-07T00:00:00+01:00</sln:cyklZyciaOd><sln:gmIIPId>18eb80ed-edc2-4767-bff5-e2d8c2305db5</sln:gmIIPId><sln:gmIIPPn>PL.PZGIK.200</sln:gmIIPPn><sln:gmIIPWersja>2012-09-26T22:11:09+02:00</sln:gmIIPWersja><sln:gmIdTeryt>1211092</sln:gmIdTeryt><sln:gmNazwa>Nowy Targ</sln:gmNazwa><sln:miejscIIPId>81bddb47-9756-494b-87e9-46b20f7f72c6</sln:miejscIIPId><sln:miejscIIPPn>PL.PZGIK.200</sln:miejscIIPPn><sln:miejscIIPWersja>2016-11-24T13:30:21+02:00</sln:miejscIIPWersja><sln:miejscIdTeryt>0457426</sln:miejscIdTeryt><sln:miejscNazwa>Obroczna</sln:miejscNazwa><sln:miejscRodzaj>Inny obiekt</sln:miejscRodzaj><sln:powIIPId>a472069d-aabd-4128-a1dc-c3f6f7c8c11a</sln:powIIPId><sln:powIIPPn>PL.PZGIK.200</sln:powIIPPn><sln:powIIPWersja>2017-10-10T00:00:00+02:00</sln:powIIPWersja><sln:powIdTeryt>1211</sln:powIdTeryt><sln:powNazwa>nowotarski</sln:powNazwa><sln:wojIIPId>dd2e3c64-f861-47cf-a3a3-e7751f272b2f</sln:wojIIPId><sln:wojIIPPn>PL.PZGIK.200</sln:wojIIPPn><sln:wojIIPWersja>2017-10-10T00:00:00+02:00</sln:wojIIPWersja><sln:wojIdTeryt>12</sln:wojIdTeryt><sln:wojNazwa>małopolskie</sln:wojNazwa></sln:miejscowosc><sln:miejscowosc><sln:cyklZyciaOd>2014-12-07T00:00:00+01:00</sln:cyklZyciaOd><sln:gmIIPId>18eb80ed-edc2-4767-bff5-e2d8c2305db5</sln:gmIIPId><sln:gmIIPPn>PL.PZGIK.200</sln:gmIIPPn><sln:gmIIPWersja>2012-09-26T22:11:09+02:00</sln:gmIIPWersja><sln:gmIdTeryt>1211092</sln:gmIdTeryt><sln:gmNazwa>Nowy Targ</sln:gmNazwa><sln:miejscIIPId>2ebbc3f6-02c8-40e4-bda3-20632cba1050</sln:miejscIIPId><sln:miejscIIPPn>PL.PZGIK.200</sln:miejscIIPPn><sln:miejscIIPWersja>2016-11-24T13:46:12+02:00</sln:miejscIIPWersja><sln:miejscIdTeryt>0457544</sln:miejscIdTeryt><sln:miejscNazwa>Osiedle za Torem</sln:miejscNazwa><sln:miejscRodzaj>Inny obiekt</sln:miejscRodzaj><sln:powIIPId>a472069d-aabd-4128-a1dc-c3f6f7c8c11a</sln:powIIPId><sln:powIIPPn>PL.PZGIK.200</sln:powIIPPn><sln:powIIPWersja>2017-10-10T00:00:00+02:00</sln:powIIPWersja><sln:powIdTeryt>1211</sln:powIdTeryt><sln:powNazwa>nowotarski</sln:powNazwa><sln:wojIIPId>dd2e3c64-f861-47cf-a3a3-e7751f272b2f</sln:wojIIPId><sln:wojIIPPn>PL.PZGIK.200</sln:wojIIPPn><sln:wojIIPWersja>2017-10-10T00:00:00+02:00</sln:wojIIPWersja><sln:wojIdTeryt>12</sln:wojIdTeryt><sln:wojNazwa>małopolskie</sln:wojNazwa></sln:miejscowosc></sln:lista-miejscowosci>