<?xml version="1.0" encoding="UTF-8" standalone="yes"?><sln:lista-miejscowosci xmlns:srv="http://gugik.gov.pl/schemas/slowniki-service/1.0" xmlns:sln="http://gugik.gov.pl/schemas/slowniki-schema/1.0"><sln:miejscowosc><sln:cyklZyciaOd>2014-12-07T00:00:00+01:00</sln:cyklZyciaOd><sln:gmIIPId>c917078a-2095-4344-9d12-d8b7fb4f2bf8</sln:gmIIPId><sln:gmIIPPn>PL.PZGIK.200</sln:gmIIPPn><sln:gmIIPWersja>2012-09-26T22:11:49+02:00</sln:gmIIPWersja><sln:gmIdTeryt>1213011</sln:gmIdTeryt><sln:gmNazwa>Oświęcim</sln:gmNazwa><sln:miejscIIPId>907f2b05-69c0-433d-a525-1bdc449127b6</sln:miejscIIPId><sln:miejscIIPPn>PL.PZGIK.200</sln:miejscIIPPn><sln:miejscIIPWersja>2016-11-24T13:59:17+02:00</sln:miejscIIPWersja><sln:miejscIdTeryt>0925034</sln:miejscIdTeryt><sln:miejscNazwa>Dwory</sln:miejscNazwa><sln:miejscRodzaj>Inny obiekt</sln:miejscRodzaj><sln:powIIPId>1cf65b44-f4d5-4a14-961f-8363a199b2d6</sln:powIIPId><sln:powIIPPn>PL.PZGIK.200</sln:powIIPPn><sln:powIIPWersja>2012-09-27T07:52:00+02:00</sln:powIIPWersja><sln:powIdTeryt>1213</sln:powIdTeryt><sln:powNazwa>oświęcimski</sln:powNazwa><sln:wojIIPId>dd2e3c64-f861-47cf-a3a3-e7751f272b2f</sln:wojIIPId><sln:wojIIPPn>PL.PZGIK.200</sln:wojIIPPn><sln:wojIIPWersja>2017-10-10T00:00:00+02:00</sln:wojIIPWersja><sln:wojIdTeryt>12</sln:wojIdTeryt><sln:wojNazwa>małopolskie</sln:wojNazwa></sln:miejscowosc><sln:miejscowosc><sln:cyklZyciaOd>2014-12-07T00:00:00+01:00</sln:cyklZyciaOd><sln:gmIIPId>c917078a-2095-4344-9d12-d8b7fb4f2bf8</sln:gmIIPId><sln:gmIIPPn>PL.PZGIK.200</sln:gmIIPPn><sln:gmIIPWersja>2012-09-26T22:11:49+02:00</sln:gmIIPWersja><sln:gmIdTeryt>1213011</sln:gmIdTeryt><sln:gmNazwa>Oświęcim</sln:gmNazwa><sln:miejscIIPId>05460b3e-ff77-4bdd-a4bb-19f7d4525f73</sln:miejscIIPId><sln:miejscIIPPn>PL.PZGIK.200</sln:miejscIIPPn><sln:miejscIIPWersja>2016-11-24T13:59:17+02:00</sln:miejscIIPWersja><sln:miejscIdTeryt>0925100</sln:miejscIdTeryt><sln:miejscNazwa>Obóz</sln:miejscNazwa><sln:miejscRodzaj>Inny obiekt</sln:miejscRodzaj><sln:powIIPId>1cf65b44-f4d5-4a14-961f-8363a199b2d6</sln:powIIPId><sln:powIIPPn>PL.PZGIK.200</sln:powIIPPn><sln:powIIPWersja>2012-09-27T07:52:00+02:00</sln:powIIPWersja><sln:powIdTeryt>1213</sln:powIdTeryt><sln:powNazwa>oświęcimski</sln:powNazwa><sln:wojIIPId>dd2e3c64-f861-47cf-a3a3-e7751f272b2f</sln:wojIIPId><sln:wojIIPPn>PL.PZGIK.200</sln:wojIIPPn><sln:wojIIPWersja>2017-10-10T00:00:00+02:00</sln:wojIIPWersja><sln:wojIdTeryt>12</sln:wojIdTeryt><sln:wojNazwa>małopolskie</sln:wojNazwa></sln:miejscowosc><sln:miejscowosc><sln:cyklZyciaOd>2014-12-07T00:00:00+01:00</sln:cyklZyciaOd><sln:gmIIPId>c917078a-2095-4344-9d12-d8b7fb4f2bf8</sln:gmIIPId><sln:gmIIPPn>PL.PZGIK.200</sln:gmIIPPn><sln:gmIIPWersja>2012-09-26T22:11:49+02:00</sln:gmIIPWersja><sln:gmIdTeryt>1213011</sln:gmIdTeryt><sln:gmNazwa>Oświęcim</sln:gmNazwa><sln:miejscIIPId>1413a567-a5be-43da-9c4b-33fb1600d2a4</sln:miejscIIPId><sln:miejscIIPPn>PL.PZGIK.200</sln:miejscIIPPn><sln:miejscIIPWersja>2016-11-24T13:59:17+02:00</sln:miejscIIPWersja><sln:miejscIdTeryt>0925175</sln:miejscIdTeryt><sln:miejscNazwa>Wysokie Brzegi</sln:miejscNazwa><sln:miejscRodzaj>Inny obiekt</sln:miejscRodzaj><sln:powIIPId>1cf65b44-f4d5-4a14-961f-8363a199b2d6</sln:powIIPId><sln:powIIPPn>PL.PZGIK.200</sln:powIIPPn><sln:powIIPWersja>2012-09-27T07:52:00+02:00</sln:powIIPWersja><sln:powIdTeryt>1213</sln:powIdTeryt><sln:powNazwa>oświęcimski</sln:powNazwa><sln:wojIIPId>dd2e3c64-f861-47cf-a3a3-e7751f272b2f</sln:wojIIPId><sln:wojIIPPn>PL.PZGIK.200</sln:wojIIPPn><sln:wojIIPWersja>2017-10-10T00:00:00+02:00</sln:wojIIPWersja><sln:wojIdTeryt>12</sln:wojIdTeryt><sln:wojNazwa>małopolskie</sln:wojNazwa></sln:miejscowosc><sln:miejscowosc><sln:cyklZyciaOd>2014-12-07T00:00:00+01:00</sln:cyklZyciaOd><sln:gmIIPId>c917078a-2095-4344-9d12-d8b7fb4f2bf8</sln:gmIIPId><sln:gmIIPPn>PL.PZGIK.200</sln:gmIIPPn><sln:gmIIPWersja>2012-09-26T22:11:49+02:00</sln:gmIIPWersja><sln:gmIdTeryt>1213011</sln:gmIdTeryt><sln:gmNazwa>Oświęcim</sln:gmNazwa><sln:miejscIIPId>c7af5152-3c90-44e3-898b-5e14c738be4d</sln:miejscIIPId><sln:miejscIIPPn>PL.PZGIK.200</sln:miejscIIPPn><sln:miejscIIPWersja>2016-11-24T13:59:17+02:00</sln:miejscIIPWersja><sln:miejscIdTeryt>0925040</sln:miejscIdTeryt><sln:miejscNazwa>Dwory Pierwsze</sln:miejscNazwa><sln:miejscRodzaj>Inny obiekt</sln:miejscRodzaj><sln:powIIPId>1cf65b44-f4d5-4a14-961f-8363a199b2d6</sln:powIIPId><sln:powIIPPn>PL.PZGIK.200</sln:powIIPPn><sln:powIIPWersja>2012-09-27T07:52:00+02:00</sln:powIIPWersja><sln:powIdTeryt>1213</sln:powIdTeryt><sln:powNazwa>oświęcimski</sln:powNazwa><sln:wojIIPId>dd2e3c64-f861-47cf-a3a3-e7751f272b2f</sln:wojIIPId><sln:wojIIPPn>PL.PZGIK.200</sln:wojIIPPn><sln:wojIIPWersja>2017-10-10T00:00:00+02:00</sln:wojIIPWersja><sln:wojIdTeryt>12</sln:wojIdTeryt><sln:wojNazwa>małopolskie</sln:wojNazwa></sln:miejscowosc><sln:miejscowosc><sln:cyklZyciaOd>2014-12-07T00:00:00+01:00</sln:cyklZyciaOd><sln:gmIIPId>c917078a-2095-4344-9d12-d8b7fb4f2bf8</sln:gmIIPId><sln:gmIIPPn>PL.PZGIK.200</sln:gmIIPPn><sln:gmIIPWersja>2012-09-26T22:11:49+02:00</sln:gmIIPWersja><sln:gmIdTeryt>1213011</sln:gmIdTeryt><sln:gmNazwa>Oświęcim</sln:gmNazwa><sln:miejscIIPId>56023401-79bc-4fb9-b9ee-a419b34db3fc</sln:miejscIIPId><sln:miejscIIPPn>PL.PZGIK.200</sln:miejscIIPPn><sln:miejscIIPWersja>2016-11-24T13:59:17+02:00</sln:miejscIIPWersja><sln:miejscIdTeryt>0925169</sln:miejscIdTeryt><sln:miejscNazwa>Stare Stawy</sln:miejscNazwa><sln:miejscRodzaj>Inny obiekt</sln:miejscRodzaj><sln:powIIPId>1cf65b44-f4d5-4a14-961f-8363a199b2d6</sln:powIIPId><sln:powIIPPn>PL.PZGIK.200</sln:powIIPPn><sln:powIIPWersja>2012-09-27T07:52:00+02:00</sln:powIIPWersja><sln:powIdTeryt>1213</sln:powIdTeryt><sln:powNazwa>oświęcimski</sln:powNazwa><sln:wojIIPId>dd2e3c64-f861-47cf-a3a3-e7751f272b2f</sln:wojIIPId><sln:wojIIPPn>PL.PZGIK.200</sln:wojIIPPn><sln:wojIIPWersja>2017-10-10T00:00:00+02:00</sln:wojIIPWersja><sln:wojIdTeryt>12</sln:wojIdTeryt><sln:wojNazwa>małopolskie</sln:wojNazwa></sln:miejscowosc><sln:miejscowosc><sln:cyklZyciaOd>2014-12-07T00:00:00+01:00</sln:cyklZyciaOd><sln:gmIIPId>c917078a-2095-4344-9d12-d8b7fb4f2bf8</sln:gmIIPId><sln:gmIIPPn>PL.PZGIK.200</sln:gmIIPPn><sln:gmIIPWersja>2012-09-26T22:11:49+02:00</sln:gmIIPWersja><sln:gmIdTeryt>1213011</sln:gmIdTeryt><sln:gmNazwa>Oświęcim</sln:gmNazwa><sln:miejscIIPId>0706a86e-b073-4241-b985-dc3e9eb2c990</sln:miejscIIPId><sln:miejscIIPPn>PL.PZGIK.200</sln:miejscIIPPn><sln:miejscIIPWersja>2016-11-24T13:59:17+02:00</sln:miejscIIPWersja><sln:miejscIdTeryt>0925063</sln:miejscIdTeryt><sln:miejscNazwa>Klucznikowice</sln:miejscNazwa><sln:miejscRodzaj>Inny obiekt</sln:miejscRodzaj><sln:powIIPId>1cf65b44-f4d5-4a14-961f-8363a199b2d6</sln:powIIPId><sln:powIIPPn>PL.PZGIK.200</sln:powIIPPn><sln:powIIPWersja>2012-09-27T07:52:00+02:00</sln:powIIPWersja><sln:powIdTeryt>1213</sln:powIdTeryt><sln:powNazwa>oświęcimski</sln:powNazwa><sln:wojIIPId>dd2e3c64-f861-47cf-a3a3-e7751f272b2f</sln:wojIIPId><sln:wojIIPPn>PL.PZGIK.200</sln:wojIIPPn><sln:wojIIPWersja>2017-10-10T00:00:00+02:00</sln:wojIIPWersja><sln:wojIdTeryt>12</sln:wojIdTeryt><sln:wojNazwa>małopolskie</sln:wojNazwa></sln:miejscowosc><sln:miejscowosc><sln:cyklZyciaOd>2014-12-07T00:00:00+01:00</sln:cyklZyciaOd><sln:gmIIPId>c917078a-2095-4344-9d12-d8b7fb4f2bf8</sln:gmIIPId><sln:gmIIPPn>PL.PZGIK.200</sln:gmIIPPn><sln:gmIIPWersja>2012-09-26T22:11:49+02:00</sln:gmIIPWersja><sln:gmIdTeryt>1213011</sln:gmIdTeryt><sln:gmNazwa>Oświęcim</sln:gmNazwa><sln:miejscIIPId>f43fd8d0-5fcd-4653-b884-a35fdd19ac97</sln:miejscIIPId><sln:miejscIIPPn>PL.PZGIK.200</sln:miejscIIPPn><sln:miejscIIPWersja>2016-11-24T13:59:17+02:00</sln:miejscIIPWersja><sln:miejscIdTeryt>0925070</sln:miejscIdTeryt><sln:miejscNazwa>Kruki</sln:miejscNazwa><sln:miejscRodzaj>Inny obiekt</sln:miejscRodzaj><sln:powIIPId>1cf65b44-f4d5-4a14-961f-8363a199b2d6</sln:powIIPId><sln:powIIPPn>PL.PZGIK.200</sln:powIIPPn><sln:powIIPWersja>2012-09-27T07:52:00+02:00</sln:powIIPWersja><sln:powIdTeryt>1213</sln:powIdTeryt><sln:powNazwa>oświęcimski</sln:powNazwa><sln:wojIIPId>dd2e3c64-f861-47cf-a3a3-e7751f272b2f</sln:wojIIPId><sln:wojIIPPn>PL.PZGIK.200</sln:wojIIPPn><sln:wojIIPWersja>2017-10-10T00:00:00+02:00</sln:wojIIPWersja><sln:wojIdTeryt>12</sln:wojIdTeryt><sln:wojNazwa>małopolskie</sln:wojNazwa></sln:miejscowosc><sln:miejscowosc><sln:cyklZyciaOd>2014-12-07T00:00:00+01:00</sln:cyklZyciaOd><sln:gmIIPId>c917078a-2095-4344-9d12-d8b7fb4f2bf8</sln:gmIIPId><sln:gmIIPPn>PL.PZGIK.200</sln:gmIIPPn><sln:gmIIPWersja>2012-09-26T22:11:49+02:00</sln:gmIIPWersja><sln:gmIdTeryt>1213011</sln:gmIdTeryt><sln:gmNazwa>Oświęcim</sln:gmNazwa><sln:miejscIIPId>ff92d5dd-3bc7-4eba-80a7-e9569b40eaa4</sln:miejscIIPId><sln:miejscIIPPn>PL.PZGIK.200</sln:miejscIIPPn><sln:miejscIIPWersja>2016-11-24T13:44:18+02:00</sln:miejscIIPWersja><sln:miejscIdTeryt>0924997</sln:miejscIdTeryt><sln:miejscNazwa>Oświęcim</sln:miejscNazwa><sln:miejscRodzaj>Miasto</sln:miejscRodzaj><sln:powIIPId>1cf65b44-f4d5-4a14-961f-8363a199b2d6</sln:powIIPId><sln:powIIPPn>PL.PZGIK.200</sln:powIIPPn><sln:powIIPWersja>2012-09-27T07:52:00+02:00</sln:powIIPWersja><sln:powIdTeryt>1213</sln:powIdTeryt><sln:powNazwa>oświęcimski</sln:powNazwa><sln:wojIIPId>dd2e3c64-f861-47cf-a3a3-e7751f272b2f</sln:wojIIPId><sln:wojIIPPn>PL.PZGIK.200</sln:wojIIPPn><sln:wojIIPWersja>2017-10-10T00:00:00+02:00</sln:wojIIPWersja><sln:wojIdTeryt>12</sln:wojIdTeryt><sln:wojNazwa>małopolskie</sln:wojNazwa></sln:miejscowosc><sln:miejscowosc><sln:cyklZyciaOd>2014-12-07T00:00:00+01:00</sln:cyklZyciaOd><sln:gmIIPId>c917078a-2095-4344-9d12-d8b7fb4f2bf8</sln:gmIIPId><sln:gmIIPPn>PL.PZGIK.200</sln:gmIIPPn><sln:gmIIPWersja>2012-09-26T22:11:49+02:00</sln:gmIIPWersja><sln:gmIdTeryt>1213011</sln:gmIdTeryt><sln:gmNazwa>Oświęcim</sln:gmNazwa><sln:miejscIIPId>65af0ce9-057f-4d1e-9965-7e58973bbd0f</sln:miejscIIPId><sln:miejscIIPPn>PL.PZGIK.200</sln:miejscIIPPn><sln:miejscIIPWersja>2016-11-24T13:59:17+02:00</sln:miejscIIPWersja><sln:miejscIdTeryt>0925152</sln:miejscIdTeryt><sln:miejscNazwa>Stare Miasto</sln:miejscNazwa><sln:miejscRodzaj>Inny obiekt</sln:miejscRodzaj><sln:powIIPId>1cf65b44-f4d5-4a14-961f-8363a199b2d6</sln:powIIPId><sln:powIIPPn>PL.PZGIK.200</sln:powIIPPn><sln:powIIPWersja>2012-09-27T07:52:00+02:00</sln:powIIPWersja><sln:powIdTeryt>1213</sln:powIdTeryt><sln:powNazwa>oświęcimski</sln:powNazwa><sln:wojIIPId>dd2e3c64-f861-47cf-a3a3-e7751f272b2f</sln:wojIIPId><sln:wojIIPPn>PL.PZGIK.200</sln:wojIIPPn><sln:wojIIPWersja>2017-10-10T00:00:00+02:00</sln:wojIIPWersja><sln:wojIdTeryt>12</sln:wojIdTeryt><sln:wojNazwa>małopolskie</sln:wojNazwa></sln:miejscowosc><sln:miejscowosc><sln:cyklZyciaOd>2014-12-07T00:00:00+01:00</sln:cyklZyciaOd><sln:gmIIPId>c917078a-2095-4344-9d12-d8b7fb4f2bf8</sln:gmIIPId><sln:gmIIPPn>PL.PZGIK.200</sln:gmIIPPn><sln:gmIIPWersja>2012-09-26T22:11:49+02:00</sln:gmIIPWersja><sln:gmIdTeryt>1213011</sln:gmIdTeryt><sln:gmNazwa>Oświęcim</sln:gmNazwa><sln:miejscIIPId>9148afad-ffc7-4f0e-a757-f5b9592e0d41</sln:miejscIIPId><sln:miejscIIPPn>PL.PZGIK.200</sln:miejscIIPPn><sln:miejscIIPWersja>2016-11-24T13:59:17+02:00</sln:miejscIIPWersja><sln:miejscIdTeryt>0925011</sln:miejscIdTeryt><sln:miejscNazwa>Balcarki</sln:miejscNazwa><sln:miejscRodzaj>Inny obiekt</sln:miejscRodzaj><sln:powIIPId>1cf65b44-f4d5-4a14-961f-8363a199b2d6</sln:powIIPId><sln:powIIPPn>PL.PZGIK.200</sln:powIIPPn><sln:powIIPWersja>2012-09-27T07:52:00+02:00</sln:powIIPWersja><sln:powIdTeryt>1213</sln:powIdTeryt><sln:powNazwa>oświęcimski</sln:powNazwa><sln:wojIIPId>dd2e3c64-f861-47cf-a3a3-e7751f272b2f</sln:wojIIPId><sln:wojIIPPn>PL.PZGIK.200</sln:wojIIPPn><sln:wojIIPWersja>2017-10-10T00:00:00+02:00</sln:wojIIPWersja><sln:wojIdTeryt>12</sln:wojIdTeryt><sln:wojNazwa>małopolskie</sln:wojNazwa></sln:miejscowosc><sln:miejscowosc><sln:cyklZyciaOd>2014-12-07T00:00:00+01:00</sln:cyklZyciaOd><sln:gmIIPId>c917078a-2095-4344-9d12-d8b7fb4f2bf8</sln:gmIIPId><sln:gmIIPPn>PL.PZGIK.200</sln:gmIIPPn><sln:gmIIPWersja>2012-09-26T22:11:49+02:00</sln:gmIIPWersja><sln:gmIdTeryt>1213011</sln:gmIdTeryt><sln:gmNazwa>Oświęcim</sln:gmNazwa><sln:miejscIIPId>3db4c489-ca8b-461c-9a1b-ab96b1933679</sln:miejscIIPId><sln:miejscIIPPn>PL.PZGIK.200</sln:miejscIIPPn><sln:miejscIIPWersja>2016-11-24T13:59:17+02:00</sln:miejscIIPWersja><sln:miejscIdTeryt>0925146</sln:miejscIdTeryt><sln:miejscNazwa>Pod Olszyną</sln:miejscNazwa><sln:miejscRodzaj>Inny obiekt</sln:miejscRodzaj><sln:powIIPId>1cf65b44-f4d5-4a14-961f-8363a199b2d6</sln:powIIPId><sln:powIIPPn>PL.PZGIK.200</sln:powIIPPn><sln:powIIPWersja>2012-09-27T07:52:00+02:00</sln:powIIPWersja><sln:powIdTeryt>1213</sln:powIdTeryt><sln:powNazwa>oświęcimski</sln:powNazwa><sln:wojIIPId>dd2e3c64-f861-47cf-a3a3-e7751f272b2f</sln:wojIIPId><sln:wojIIPPn>PL.PZGIK.200</sln:wojIIPPn><sln:wojIIPWersja>2017-10-10T00:00:00+02:00</sln:wojIIPWersja><sln:wojIdTeryt>12</sln:wojIdTeryt><sln:wojNazwa>małopolskie</sln:wojNazwa></sln:miejscowosc><sln:miejscowosc><sln:cyklZyciaOd>2014-12-07T00:00:00+01:00</sln:cyklZyciaOd><sln:gmIIPId>c917078a-2095-4344-9d12-d8b7fb4f2bf8</sln:gmIIPId><sln:gmIIPPn>PL.PZGIK.200</sln:gmIIPPn><sln:gmIIPWersja>2012-09-26T22:11:49+02:00</sln:gmIIPWersja><sln:gmIdTeryt>1213011</sln:gmIdTeryt><sln:gmNazwa>Oświęcim</sln:gmNazwa><sln:miejscIIPId>93df4abf-1cbc-431c-b2a9-bac3c0430a67</sln:miejscIIPId><sln:miejscIIPPn>PL.PZGIK.200</sln:miejscIIPPn><sln:miejscIIPWersja>2016-11-24T13:59:17+02:00</sln:miejscIIPWersja><sln:miejscIdTeryt>0925130</sln:miejscIdTeryt><sln:miejscNazwa>Pitrop</sln:miejscNazwa><sln:miejscRodzaj>Inny obiekt</sln:miejscRodzaj><sln:powIIPId>1cf65b44-f4d5-4a14-961f-8363a199b2d6</sln:powIIPId><sln:powIIPPn>PL.PZGIK.200</sln:powIIPPn><sln:powIIPWersja>2012-09-27T07:52:00+02:00</sln:powIIPWersja><sln:powIdTeryt>1213</sln:powIdTeryt><sln:powNazwa>oświęcimski</sln:powNazwa><sln:wojIIPId>dd2e3c64-f861-47cf-a3a3-e7751f272b2f</sln:wojIIPId><sln:wojIIPPn>PL.PZGIK.200</sln:wojIIPPn><sln:wojIIPWersja>2017-10-10T00:00:00+02:00</sln:wojIIPWersja><sln:wojIdTeryt>12</sln:wojIdTeryt><sln:wojNazwa>małopolskie</sln:wojNazwa></sln:miejscowosc><sln:miejscowosc><sln:cyklZyciaOd>2014-12-07T00:00:00+01:00</sln:cyklZyciaOd><sln:gmIIPId>c917078a-2095-4344-9d12-d8b7fb4f2bf8</sln:gmIIPId><sln:gmIIPPn>PL.PZGIK.200</sln:gmIIPPn><sln:gmIIPWersja>2012-09-26T22:11:49+02:00</sln:gmIIPWersja><sln:gmIdTeryt>1213011</sln:gmIdTeryt><sln:gmNazwa>Oświęcim</sln:gmNazwa><sln:miejscIIPId>f05cbb5c-9f65-4a8d-b080-6b8007da1077</sln:miejscIIPId><sln:miejscIIPPn>PL.PZGIK.200</sln:miejscIIPPn><sln:miejscIIPWersja>2016-11-24T13:59:17+02:00</sln:miejscIIPWersja><sln:miejscIdTeryt>0925092</sln:miejscIdTeryt><sln:miejscNazwa>Monowice</sln:miejscNazwa><sln:miejscRodzaj>Inny obiekt</sln:miejscRodzaj><sln:powIIPId>1cf65b44-f4d5-4a14-961f-8363a199b2d6</sln:powIIPId><sln:powIIPPn>PL.PZGIK.200</sln:powIIPPn><sln:powIIPWersja>2012-09-27T07:52:00+02:00</sln:powIIPWersja><sln:powIdTeryt>1213</sln:powIdTeryt><sln:powNazwa>oświęcimski</sln:powNazwa><sln:wojIIPId>dd2e3c64-f861-47cf-a3a3-e7751f272b2f</sln:wojIIPId><sln:wojIIPPn>PL.PZGIK.200</sln:wojIIPPn><sln:wojIIPWersja>2017-10-10T00:00:00+02:00</sln:wojIIPWersja><sln:wojIdTeryt>12</sln:wojIdTeryt><sln:wojNazwa>małopolskie</sln:wojNazwa></sln:miejscowosc><sln:miejscowosc><sln:cyklZyciaOd>2014-12-07T00:00:00+01:00</sln:cyklZyciaOd><sln:gmIIPId>c917078a-2095-4344-9d12-d8b7fb4f2bf8</sln:gmIIPId><sln:gmIIPPn>PL.PZGIK.200</sln:gmIIPPn><sln:gmIIPWersja>2012-09-26T22:11:49+02:00</sln:gmIIPWersja><sln:gmIdTeryt>1213011</sln:gmIdTeryt><sln:gmNazwa>Oświęcim</sln:gmNazwa><sln:miejscIIPId>7d4bc18f-19a3-4957-9c8e-30b0b8e69fd7</sln:miejscIIPId><sln:miejscIIPPn>PL.PZGIK.200</sln:miejscIIPPn><sln:miejscIIPWersja>2016-11-24T13:59:17+02:00</sln:miejscIIPWersja><sln:miejscIdTeryt>0925117</sln:miejscIdTeryt><sln:miejscNazwa>Osiedle</sln:miejscNazwa><sln:miejscRodzaj>Inny obiekt</sln:miejscRodzaj><sln:powIIPId>1cf65b44-f4d5-4a14-961f-8363a199b2d6</sln:powIIPId><sln:powIIPPn>PL.PZGIK.200</sln:powIIPPn><sln:powIIPWersja>2012-09-27T07:52:00+02:00</sln:powIIPWersja><sln:powIdTeryt>1213</sln:powIdTeryt><sln:powNazwa>oświęcimski</sln:powNazwa><sln:wojIIPId>dd2e3c64-f861-47cf-a3a3-e7751f272b2f</sln:wojIIPId><sln:wojIIPPn>PL.PZGIK.200</sln:wojIIPPn><sln:wojIIPWersja>2017-10-10T00:00:00+02:00</sln:wojIIPWersja><sln:wojIdTeryt>12</sln:wojIdTeryt><sln:wojNazwa>małopolskie</sln:wojNazwa></sln:miejscowosc><sln:miejscowosc><sln:cyklZyciaOd>2014-12-07T00:00:00+01:00</sln:cyklZyciaOd><sln:gmIIPId>c917078a-2095-4344-9d12-d8b7fb4f2bf8</sln:gmIIPId><sln:gmIIPPn>PL.PZGIK.200</sln:gmIIPPn><sln:gmIIPWersja>2012-09-26T22:11:49+02:00</sln:gmIIPWersja><sln:gmIdTeryt>1213011</sln:gmIdTeryt><sln:gmNazwa>Oświęcim</sln:gmNazwa><sln:miejscIIPId>2840f17b-baec-4fb2-a424-de2c7ca6cae9</sln:miejscIIPId><sln:miejscIIPPn>PL.PZGIK.200</sln:miejscIIPPn><sln:miejscIIPWersja>2016-11-24T13:59:17+02:00</sln:miejscIIPWersja><sln:miejscIdTeryt>0925057</sln:miejscIdTeryt><sln:miejscNazwa>Kamieniec</sln:miejscNazwa><sln:miejscRodzaj>Inny obiekt</sln:miejscRodzaj><sln:powIIPId>1cf65b44-f4d5-4a14-961f-8363a199b2d6</sln:powIIPId><sln:powIIPPn>PL.PZGIK.200</sln:powIIPPn><sln:powIIPWersja>2012-09-27T07:52:00+02:00</sln:powIIPWersja><sln:powIdTeryt>1213</sln:powIdTeryt><sln:powNazwa>oświęcimski</sln:powNazwa><sln:wojIIPId>dd2e3c64-f861-47cf-a3a3-e7751f272b2f</sln:wojIIPId><sln:wojIIPPn>PL.PZGIK.200</sln:wojIIPPn><sln:wojIIPWersja>2017-10-10T00:00:00+02:00</sln:wojIIPWersja><sln:wojIdTeryt>12</sln:wojIdTeryt><sln:wojNazwa>małopolskie</sln:wojNazwa></sln:miejscowosc><sln:miejscowosc><sln:cyklZyciaOd>2014-12-07T00:00:00+01:00</sln:cyklZyciaOd><sln:gmIIPId>c917078a-2095-4344-9d12-d8b7fb4f2bf8</sln:gmIIPId><sln:gmIIPPn>PL.PZGIK.200</sln:gmIIPPn><sln:gmIIPWersja>2012-09-26T22:11:49+02:00</sln:gmIIPWersja><sln:gmIdTeryt>1213011</sln:gmIdTeryt><sln:gmNazwa>Oświęcim</sln:gmNazwa><sln:miejscIIPId>f5fec053-9c66-445d-bb05-e91866650ced</sln:miejscIIPId><sln:miejscIIPPn>PL.PZGIK.200</sln:miejscIIPPn><sln:miejscIIPWersja>2016-11-24T13:59:17+02:00</sln:miejscIIPWersja><sln:miejscIdTeryt>0925028</sln:miejscIdTeryt><sln:miejscNazwa>Brzezinka</sln:miejscNazwa><sln:miejscRodzaj>Inny obiekt</sln:miejscRodzaj><sln:powIIPId>1cf65b44-f4d5-4a14-961f-8363a199b2d6</sln:powIIPId><sln:powIIPPn>PL.PZGIK.200</sln:powIIPPn><sln:powIIPWersja>2012-09-27T07:52:00+02:00</sln:powIIPWersja><sln:powIdTeryt>1213</sln:powIdTeryt><sln:powNazwa>oświęcimski</sln:powNazwa><sln:wojIIPId>dd2e3c64-f861-47cf-a3a3-e7751f272b2f</sln:wojIIPId><sln:wojIIPPn>PL.PZGIK.200</sln:wojIIPPn><sln:wojIIPWersja>2017-10-10T00:00:00+02:00</sln:wojIIPWersja><sln:wojIdTeryt>12</sln:wojIdTeryt><sln:wojNazwa>małopolskie</sln:wojNazwa></sln:miejscowosc><sln:miejscowosc><sln:cyklZyciaOd>2014-12-07T00:00:00+01:00</sln:cyklZyciaOd><sln:gmIIPId>c917078a-2095-4344-9d12-d8b7fb4f2bf8</sln:gmIIPId><sln:gmIIPPn>PL.PZGIK.200</sln:gmIIPPn><sln:gmIIPWersja>2012-09-26T22:11:49+02:00</sln:gmIIPWersja><sln:gmIdTeryt>1213011</sln:gmIdTeryt><sln:gmNazwa>Oświęcim</sln:gmNazwa><sln:miejscIIPId>a3d600ea-b702-4ea1-8331-41b9fca3d0fd</sln:miejscIIPId><sln:miejscIIPPn>PL.PZGIK.200</sln:miejscIIPPn><sln:miejscIIPWersja>2016-11-24T13:59:17+02:00</sln:miejscIIPWersja><sln:miejscIdTeryt>0925181</sln:miejscIdTeryt><sln:miejscNazwa>Zasole</sln:miejscNazwa><sln:miejscRodzaj>Inny obiekt</sln:miejscRodzaj><sln:powIIPId>1cf65b44-f4d5-4a14-961f-8363a199b2d6</sln:powIIPId><sln:powIIPPn>PL.PZGIK.200</sln:powIIPPn><sln:powIIPWersja>2012-09-27T07:52:00+02:00</sln:powIIPWersja><sln:powIdTeryt>1213</sln:powIdTeryt><sln:powNazwa>oświęcimski</sln:powNazwa><sln:wojIIPId>dd2e3c64-f861-47cf-a3a3-e7751f272b2f</sln:wojIIPId><sln:wojIIPPn>PL.PZGIK.200</sln:wojIIPPn><sln:wojIIPWersja>2017-10-10T00:00:00+02:00</sln:wojIIPWersja><sln:wojIdTeryt>12</sln:wojIdTeryt><sln:wojNazwa>małopolskie</sln:wojNazwa></sln:miejscowosc><sln:miejscowosc><sln:cyklZyciaOd>2014-12-07T00:00:00+01:00</sln:cyklZyciaOd><sln:gmIIPId>c917078a-2095-4344-9d12-d8b7fb4f2bf8</sln:gmIIPId><sln:gmIIPPn>PL.PZGIK.200</sln:gmIIPPn><sln:gmIIPWersja>2012-09-26T22:11:49+02:00</sln:gmIIPWersja><sln:gmIdTeryt>1213011</sln:gmIdTeryt><sln:gmNazwa>Oświęcim</sln:gmNazwa><sln:miejscIIPId>dcb812ad-d2db-4aa9-94c5-44083994cf92</sln:miejscIIPId><sln:miejscIIPPn>PL.PZGIK.200</sln:miejscIIPPn><sln:miejscIIPWersja>2016-11-24T13:59:17+02:00</sln:miejscIIPWersja><sln:miejscIdTeryt>0925005</sln:miejscIdTeryt><sln:miejscNazwa>Babice</sln:miejscNazwa><sln:miejscRodzaj>Inny obiekt</sln:miejscRodzaj><sln:powIIPId>1cf65b44-f4d5-4a14-961f-8363a199b2d6</sln:powIIPId><sln:powIIPPn>PL.PZGIK.200</sln:powIIPPn><sln:powIIPWersja>2012-09-27T07:52:00+02:00</sln:powIIPWersja><sln:powIdTeryt>1213</sln:powIdTeryt><sln:powNazwa>oświęcimski</sln:powNazwa><sln:wojIIPId>dd2e3c64-f861-47cf-a3a3-e7751f272b2f</sln:wojIIPId><sln:wojIIPPn>PL.PZGIK.200</sln:wojIIPPn><sln:wojIIPWersja>2017-10-10T00:00:00+02:00</sln:wojIIPWersja><sln:wojIdTeryt>12</sln:wojIdTeryt><sln:wojNazwa>małopolskie</sln:wojNazwa></sln:miejscowosc><sln:miejscowosc><sln:cyklZyciaOd>2014-12-07T00:00:00+01:00</sln:cyklZyciaOd><sln:gmIIPId>c917078a-2095-4344-9d12-d8b7fb4f2bf8</sln:gmIIPId><sln:gmIIPPn>PL.PZGIK.200</sln:gmIIPPn><sln:gmIIPWersja>2012-09-26T22:11:49+02:00</sln:gmIIPWersja><sln:gmIdTeryt>1213011</sln:gmIdTeryt><sln:gmNazwa>Oświęcim</sln:gmNazwa><sln:miejscIIPId>2e60d5a3-9b61-4ed9-af9b-be1d23e8b7b0</sln:miejscIIPId><sln:miejscIIPPn>PL.PZGIK.200</sln:miejscIIPPn><sln:miejscIIPWersja>2016-11-24T13:59:17+02:00</sln:miejscIIPWersja><sln:miejscIdTeryt>0925123</sln:miejscIdTeryt><sln:miejscNazwa>Paździory</sln:miejscNazwa><sln:miejscRodzaj>Inny obiekt</sln:miejscRodzaj><sln:powIIPId>1cf65b44-f4d5-4a14-961f-8363a199b2d6</sln:powIIPId><sln:powIIPPn>PL.PZGIK.200</sln:powIIPPn><sln:powIIPWersja>2012-09-27T07:52:00+02:00</sln:powIIPWersja><sln:powIdTeryt>1213</sln:powIdTeryt><sln:powNazwa>oświęcimski</sln:powNazwa><sln:wojIIPId>dd2e3c64-f861-47cf-a3a3-e7751f272b2f</sln:wojIIPId><sln:wojIIPPn>PL.PZGIK.200</sln:wojIIPPn><sln:wojIIPWersja>2017-10-10T00:00:00+02:00</sln:wojIIPWersja><sln:wojIdTeryt>12</sln:wojIdTeryt><sln:wojNazwa>małopolskie</sln:wojNazwa></sln:miejscowosc><sln:miejscowosc><sln:cyklZyciaOd>2014-12-07T00:00:00+01:00</sln:cyklZyciaOd><sln:gmIIPId>c917078a-2095-4344-9d12-d8b7fb4f2bf8</sln:gmIIPId><sln:gmIIPPn>PL.PZGIK.200</sln:gmIIPPn><sln:gmIIPWersja>2012-09-26T22:11:49+02:00</sln:gmIIPWersja><sln:gmIdTeryt>1213011</sln:gmIdTeryt><sln:gmNazwa>Oświęcim</sln:gmNazwa><sln:miejscIIPId>b3a89194-9a36-4b87-930c-80ed60603e28</sln:miejscIIPId><sln:miejscIIPPn>PL.PZGIK.200</sln:miejscIIPPn><sln:miejscIIPWersja>2016-11-24T13:59:17+02:00</sln:miejscIIPWersja><sln:miejscIdTeryt>0925086</sln:miejscIdTeryt><sln:miejscNazwa>Mańki</sln:miejscNazwa><sln:miejscRodzaj>Inny obiekt</sln:miejscRodzaj><sln:powIIPId>1cf65b44-f4d5-4a14-961f-8363a199b2d6</sln:powIIPId><sln:powIIPPn>PL.PZGIK.200</sln:powIIPPn><sln:powIIPWersja>2012-09-27T07:52:00+02:00</sln:powIIPWersja><sln:powIdTeryt>1213</sln:powIdTeryt><sln:powNazwa>oświęcimski</sln:powNazwa><sln:wojIIPId>dd2e3c64-f861-47cf-a3a3-e7751f272b2f</sln:wojIIPId><sln:wojIIPPn>PL.PZGIK.200</sln:wojIIPPn><sln:wojIIPWersja>2017-10-10T00:00:00+02:00</sln:wojIIPWersja><sln:wojIdTeryt>12</sln:wojIdTeryt><sln:wojNazwa>małopolskie</sln:wojNazwa></sln:miejscowosc></sln:lista-miejscowosci>