<?xml version="1.0" encoding="UTF-8" standalone="yes"?><sln:lista-miejscowosci xmlns:srv="http://gugik.gov.pl/schemas/slowniki-service/1.0" xmlns:sln="http://gugik.gov.pl/schemas/slowniki-schema/1.0"><sln:miejscowosc><sln:cyklZyciaOd>2014-12-06T00:00:00+01:00</sln:cyklZyciaOd><sln:gmIIPId>c1b9f35e-c8d2-408b-b1ac-bf59596aeec9</sln:gmIIPId><sln:gmIIPPn>PL.PZGIK.200</sln:gmIIPPn><sln:gmIIPWersja>2012-09-26T22:09:15+02:00</sln:gmIIPWersja><sln:gmIdTeryt>1206022</sln:gmIdTeryt><sln:gmNazwa>Igołomia-Wawrzeńczyce</sln:gmNazwa><sln:miejscIIPId>bf6c0483-e6ec-43ce-ac8d-0bcbdde7f95b</sln:miejscIIPId><sln:miejscIIPPn>PL.PZGIK.200</sln:miejscIIPPn><sln:miejscIIPWersja>2016-11-24T13:59:39+02:00</sln:miejscIIPWersja><sln:miejscIdTeryt>0320213</sln:miejscIdTeryt><sln:miejscNazwa>Stara Wieś</sln:miejscNazwa><sln:miejscRodzaj>Inny obiekt</sln:miejscRodzaj><sln:powIIPId>3104c00e-f86d-4d1a-ac9e-8c85e101ac95</sln:powIIPId><sln:powIIPPn>PL.PZGIK.200</sln:powIIPPn><sln:powIIPWersja>2013-07-11T08:30:38+02:00</sln:powIIPWersja><sln:powIdTeryt>1206</sln:powIdTeryt><sln:powNazwa>krakowski</sln:powNazwa><sln:wojIIPId>dd2e3c64-f861-47cf-a3a3-e7751f272b2f</sln:wojIIPId><sln:wojIIPPn>PL.PZGIK.200</sln:wojIIPPn><sln:wojIIPWersja>2017-10-10T00:00:00+02:00</sln:wojIIPWersja><sln:wojIdTeryt>12</sln:wojIdTeryt><sln:wojNazwa>małopolskie</sln:wojNazwa></sln:miejscowosc><sln:miejscowosc><sln:cyklZyciaOd>2014-12-06T00:00:00+01:00</sln:cyklZyciaOd><sln:gmIIPId>c1b9f35e-c8d2-408b-b1ac-bf59596aeec9</sln:gmIIPId><sln:gmIIPPn>PL.PZGIK.200</sln:gmIIPPn><sln:gmIIPWersja>2012-09-26T22:09:15+02:00</sln:gmIIPWersja><sln:gmIdTeryt>1206022</sln:gmIdTeryt><sln:gmNazwa>Igołomia-Wawrzeńczyce</sln:gmNazwa><sln:miejscIIPId>c942e7ad-1ceb-475a-af77-dbd8a357f672</sln:miejscIIPId><sln:miejscIIPPn>PL.PZGIK.200</sln:miejscIIPPn><sln:miejscIIPWersja>2016-11-24T13:28:16+02:00</sln:miejscIIPWersja><sln:miejscIdTeryt>0319859</sln:miejscIdTeryt><sln:miejscNazwa>Pobiednik Mały</sln:miejscNazwa><sln:miejscRodzaj>Wieś</sln:miejscRodzaj><sln:powIIPId>3104c00e-f86d-4d1a-ac9e-8c85e101ac95</sln:powIIPId><sln:powIIPPn>PL.PZGIK.200</sln:powIIPPn><sln:powIIPWersja>2013-07-11T08:30:38+02:00</sln:powIIPWersja><sln:powIdTeryt>1206</sln:powIdTeryt><sln:powNazwa>krakowski</sln:powNazwa><sln:wojIIPId>dd2e3c64-f861-47cf-a3a3-e7751f272b2f</sln:wojIIPId><sln:wojIIPPn>PL.PZGIK.200</sln:wojIIPPn><sln:wojIIPWersja>2017-10-10T00:00:00+02:00</sln:wojIIPWersja><sln:wojIdTeryt>12</sln:wojIdTeryt><sln:wojNazwa>małopolskie</sln:wojNazwa></sln:miejscowosc><sln:miejscowosc><sln:cyklZyciaOd>2014-12-06T00:00:00+01:00</sln:cyklZyciaOd><sln:gmIIPId>c1b9f35e-c8d2-408b-b1ac-bf59596aeec9</sln:gmIIPId><sln:gmIIPPn>PL.PZGIK.200</sln:gmIIPPn><sln:gmIIPWersja>2012-09-26T22:09:15+02:00</sln:gmIIPWersja><sln:gmIdTeryt>1206022</sln:gmIdTeryt><sln:gmNazwa>Igołomia-Wawrzeńczyce</sln:gmNazwa><sln:miejscIIPId>5868c671-3d32-4deb-ad28-b37b9f53fe8b</sln:miejscIIPId><sln:miejscIIPPn>PL.PZGIK.200</sln:miejscIIPPn><sln:miejscIIPWersja>2016-11-24T13:34:51+02:00</sln:miejscIIPWersja><sln:miejscIdTeryt>0320199</sln:miejscIdTeryt><sln:miejscNazwa>Złotniki</sln:miejscNazwa><sln:miejscRodzaj>Wieś</sln:miejscRodzaj><sln:powIIPId>3104c00e-f86d-4d1a-ac9e-8c85e101ac95</sln:powIIPId><sln:powIIPPn>PL.PZGIK.200</sln:powIIPPn><sln:powIIPWersja>2013-07-11T08:30:38+02:00</sln:powIIPWersja><sln:powIdTeryt>1206</sln:powIdTeryt><sln:powNazwa>krakowski</sln:powNazwa><sln:wojIIPId>dd2e3c64-f861-47cf-a3a3-e7751f272b2f</sln:wojIIPId><sln:wojIIPPn>PL.PZGIK.200</sln:wojIIPPn><sln:wojIIPWersja>2017-10-10T00:00:00+02:00</sln:wojIIPWersja><sln:wojIdTeryt>12</sln:wojIdTeryt><sln:wojNazwa>małopolskie</sln:wojNazwa></sln:miejscowosc><sln:miejscowosc><sln:cyklZyciaOd>2014-12-06T00:00:00+01:00</sln:cyklZyciaOd><sln:gmIIPId>c1b9f35e-c8d2-408b-b1ac-bf59596aeec9</sln:gmIIPId><sln:gmIIPPn>PL.PZGIK.200</sln:gmIIPPn><sln:gmIIPWersja>2012-09-26T22:09:15+02:00</sln:gmIIPWersja><sln:gmIdTeryt>1206022</sln:gmIdTeryt><sln:gmNazwa>Igołomia-Wawrzeńczyce</sln:gmNazwa><sln:miejscIIPId>591a8524-b44f-4844-b06d-2b6f4ba5bdb4</sln:miejscIIPId><sln:miejscIIPPn>PL.PZGIK.200</sln:miejscIIPPn><sln:miejscIIPWersja>2016-11-24T13:36:35+02:00</sln:miejscIIPWersja><sln:miejscIdTeryt>0319718</sln:miejscIdTeryt><sln:miejscNazwa>Dobranowice</sln:miejscNazwa><sln:miejscRodzaj>Wieś</sln:miejscRodzaj><sln:powIIPId>3104c00e-f86d-4d1a-ac9e-8c85e101ac95</sln:powIIPId><sln:powIIPPn>PL.PZGIK.200</sln:powIIPPn><sln:powIIPWersja>2013-07-11T08:30:38+02:00</sln:powIIPWersja><sln:powIdTeryt>1206</sln:powIdTeryt><sln:powNazwa>krakowski</sln:powNazwa><sln:wojIIPId>dd2e3c64-f861-47cf-a3a3-e7751f272b2f</sln:wojIIPId><sln:wojIIPPn>PL.PZGIK.200</sln:wojIIPPn><sln:wojIIPWersja>2017-10-10T00:00:00+02:00</sln:wojIIPWersja><sln:wojIdTeryt>12</sln:wojIdTeryt><sln:wojNazwa>małopolskie</sln:wojNazwa></sln:miejscowosc><sln:miejscowosc><sln:cyklZyciaOd>2014-12-06T00:00:00+01:00</sln:cyklZyciaOd><sln:gmIIPId>c1b9f35e-c8d2-408b-b1ac-bf59596aeec9</sln:gmIIPId><sln:gmIIPPn>PL.PZGIK.200</sln:gmIIPPn><sln:gmIIPWersja>2012-09-26T22:09:15+02:00</sln:gmIIPWersja><sln:gmIdTeryt>1206022</sln:gmIdTeryt><sln:gmNazwa>Igołomia-Wawrzeńczyce</sln:gmNazwa><sln:miejscIIPId>f34fe0bb-d283-4c1d-89c4-f5815f65e2ba</sln:miejscIIPId><sln:miejscIIPPn>PL.PZGIK.200</sln:miejscIIPPn><sln:miejscIIPWersja>2016-11-24T13:44:48+02:00</sln:miejscIIPWersja><sln:miejscIdTeryt>0319919</sln:miejscIdTeryt><sln:miejscNazwa>Komora</sln:miejscNazwa><sln:miejscRodzaj>Inny obiekt</sln:miejscRodzaj><sln:powIIPId>3104c00e-f86d-4d1a-ac9e-8c85e101ac95</sln:powIIPId><sln:powIIPPn>PL.PZGIK.200</sln:powIIPPn><sln:powIIPWersja>2013-07-11T08:30:38+02:00</sln:powIIPWersja><sln:powIdTeryt>1206</sln:powIdTeryt><sln:powNazwa>krakowski</sln:powNazwa><sln:wojIIPId>dd2e3c64-f861-47cf-a3a3-e7751f272b2f</sln:wojIIPId><sln:wojIIPPn>PL.PZGIK.200</sln:wojIIPPn><sln:wojIIPWersja>2017-10-10T00:00:00+02:00</sln:wojIIPWersja><sln:wojIdTeryt>12</sln:wojIdTeryt><sln:wojNazwa>małopolskie</sln:wojNazwa></sln:miejscowosc><sln:miejscowosc><sln:cyklZyciaOd>2014-12-06T00:00:00+01:00</sln:cyklZyciaOd><sln:gmIIPId>c1b9f35e-c8d2-408b-b1ac-bf59596aeec9</sln:gmIIPId><sln:gmIIPPn>PL.PZGIK.200</sln:gmIIPPn><sln:gmIIPWersja>2012-09-26T22:09:15+02:00</sln:gmIIPWersja><sln:gmIdTeryt>1206022</sln:gmIdTeryt><sln:gmNazwa>Igołomia-Wawrzeńczyce</sln:gmNazwa><sln:miejscIIPId>f90fae39-f85f-4274-b71b-350aa4674610</sln:miejscIIPId><sln:miejscIIPPn>PL.PZGIK.200</sln:miejscIIPPn><sln:miejscIIPWersja>2016-11-24T13:49:16+02:00</sln:miejscIIPWersja><sln:miejscIdTeryt>0320101</sln:miejscIdTeryt><sln:miejscNazwa>Brzegi</sln:miejscNazwa><sln:miejscRodzaj>Inny obiekt</sln:miejscRodzaj><sln:powIIPId>3104c00e-f86d-4d1a-ac9e-8c85e101ac95</sln:powIIPId><sln:powIIPPn>PL.PZGIK.200</sln:powIIPPn><sln:powIIPWersja>2013-07-11T08:30:38+02:00</sln:powIIPWersja><sln:powIdTeryt>1206</sln:powIdTeryt><sln:powNazwa>krakowski</sln:powNazwa><sln:wojIIPId>dd2e3c64-f861-47cf-a3a3-e7751f272b2f</sln:wojIIPId><sln:wojIIPPn>PL.PZGIK.200</sln:wojIIPPn><sln:wojIIPWersja>2017-10-10T00:00:00+02:00</sln:wojIIPWersja><sln:wojIdTeryt>12</sln:wojIdTeryt><sln:wojNazwa>małopolskie</sln:wojNazwa></sln:miejscowosc><sln:miejscowosc><sln:cyklZyciaOd>2014-12-06T00:00:00+01:00</sln:cyklZyciaOd><sln:gmIIPId>c1b9f35e-c8d2-408b-b1ac-bf59596aeec9</sln:gmIIPId><sln:gmIIPPn>PL.PZGIK.200</sln:gmIIPPn><sln:gmIIPWersja>2012-09-26T22:09:15+02:00</sln:gmIIPWersja><sln:gmIdTeryt>1206022</sln:gmIdTeryt><sln:gmNazwa>Igołomia-Wawrzeńczyce</sln:gmNazwa><sln:miejscIIPId>1b6a866f-064b-411d-948b-711a9832ddf8</sln:miejscIIPId><sln:miejscIIPPn>PL.PZGIK.200</sln:miejscIIPPn><sln:miejscIIPWersja>2016-11-24T13:51:11+02:00</sln:miejscIIPWersja><sln:miejscIdTeryt>0320207</sln:miejscIdTeryt><sln:miejscNazwa>Parcelacja</sln:miejscNazwa><sln:miejscRodzaj>Inny obiekt</sln:miejscRodzaj><sln:powIIPId>3104c00e-f86d-4d1a-ac9e-8c85e101ac95</sln:powIIPId><sln:powIIPPn>PL.PZGIK.200</sln:powIIPPn><sln:powIIPWersja>2013-07-11T08:30:38+02:00</sln:powIIPWersja><sln:powIdTeryt>1206</sln:powIdTeryt><sln:powNazwa>krakowski</sln:powNazwa><sln:wojIIPId>dd2e3c64-f861-47cf-a3a3-e7751f272b2f</sln:wojIIPId><sln:wojIIPPn>PL.PZGIK.200</sln:wojIIPPn><sln:wojIIPWersja>2017-10-10T00:00:00+02:00</sln:wojIIPWersja><sln:wojIdTeryt>12</sln:wojIdTeryt><sln:wojNazwa>małopolskie</sln:wojNazwa></sln:miejscowosc><sln:miejscowosc><sln:cyklZyciaOd>2014-12-06T00:00:00+01:00</sln:cyklZyciaOd><sln:gmIIPId>c1b9f35e-c8d2-408b-b1ac-bf59596aeec9</sln:gmIIPId><sln:gmIIPPn>PL.PZGIK.200</sln:gmIIPPn><sln:gmIIPWersja>2012-09-26T22:09:15+02:00</sln:gmIIPWersja><sln:gmIdTeryt>1206022</sln:gmIdTeryt><sln:gmNazwa>Igołomia-Wawrzeńczyce</sln:gmNazwa><sln:miejscIIPId>ba053f25-5d80-4a65-ac49-231b8ee71c6a</sln:miejscIIPId><sln:miejscIIPPn>PL.PZGIK.200</sln:miejscIIPPn><sln:miejscIIPWersja>2016-11-24T13:49:01+02:00</sln:miejscIIPWersja><sln:miejscIdTeryt>0320035</sln:miejscIdTeryt><sln:miejscNazwa>Kolonia Warszawska</sln:miejscNazwa><sln:miejscRodzaj>Inny obiekt</sln:miejscRodzaj><sln:powIIPId>3104c00e-f86d-4d1a-ac9e-8c85e101ac95</sln:powIIPId><sln:powIIPPn>PL.PZGIK.200</sln:powIIPPn><sln:powIIPWersja>2013-07-11T08:30:38+02:00</sln:powIIPWersja><sln:powIdTeryt>1206</sln:powIdTeryt><sln:powNazwa>krakowski</sln:powNazwa><sln:wojIIPId>dd2e3c64-f861-47cf-a3a3-e7751f272b2f</sln:wojIIPId><sln:wojIIPPn>PL.PZGIK.200</sln:wojIIPPn><sln:wojIIPWersja>2017-10-10T00:00:00+02:00</sln:wojIIPWersja><sln:wojIdTeryt>12</sln:wojIdTeryt><sln:wojNazwa>małopolskie</sln:wojNazwa></sln:miejscowosc><sln:miejscowosc><sln:cyklZyciaOd>2014-12-06T00:00:00+01:00</sln:cyklZyciaOd><sln:gmIIPId>c1b9f35e-c8d2-408b-b1ac-bf59596aeec9</sln:gmIIPId><sln:gmIIPPn>PL.PZGIK.200</sln:gmIIPPn><sln:gmIIPWersja>2012-09-26T22:09:15+02:00</sln:gmIIPWersja><sln:gmIdTeryt>1206022</sln:gmIdTeryt><sln:gmNazwa>Igołomia-Wawrzeńczyce</sln:gmNazwa><sln:miejscIIPId>73b7dfe1-d24e-465f-aea0-fe04970ad620</sln:miejscIIPId><sln:miejscIIPPn>PL.PZGIK.200</sln:miejscIIPPn><sln:miejscIIPWersja>2016-11-24T13:49:16+02:00</sln:miejscIIPWersja><sln:miejscIdTeryt>0320160</sln:miejscIdTeryt><sln:miejscNazwa>Podgaje</sln:miejscNazwa><sln:miejscRodzaj>Inny obiekt</sln:miejscRodzaj><sln:powIIPId>3104c00e-f86d-4d1a-ac9e-8c85e101ac95</sln:powIIPId><sln:powIIPPn>PL.PZGIK.200</sln:powIIPPn><sln:powIIPWersja>2013-07-11T08:30:38+02:00</sln:powIIPWersja><sln:powIdTeryt>1206</sln:powIdTeryt><sln:powNazwa>krakowski</sln:powNazwa><sln:wojIIPId>dd2e3c64-f861-47cf-a3a3-e7751f272b2f</sln:wojIIPId><sln:wojIIPPn>PL.PZGIK.200</sln:wojIIPPn><sln:wojIIPWersja>2017-10-10T00:00:00+02:00</sln:wojIIPWersja><sln:wojIdTeryt>12</sln:wojIdTeryt><sln:wojNazwa>małopolskie</sln:wojNazwa></sln:miejscowosc><sln:miejscowosc><sln:cyklZyciaOd>2014-12-06T00:00:00+01:00</sln:cyklZyciaOd><sln:gmIIPId>c1b9f35e-c8d2-408b-b1ac-bf59596aeec9</sln:gmIIPId><sln:gmIIPPn>PL.PZGIK.200</sln:gmIIPPn><sln:gmIIPWersja>2012-09-26T22:09:15+02:00</sln:gmIIPWersja><sln:gmIdTeryt>1206022</sln:gmIdTeryt><sln:gmNazwa>Igołomia-Wawrzeńczyce</sln:gmNazwa><sln:miejscIIPId>3ac801cd-066c-494d-beb8-b76652e81cd1</sln:miejscIIPId><sln:miejscIIPPn>PL.PZGIK.200</sln:miejscIIPPn><sln:miejscIIPWersja>2016-11-24T13:56:05+02:00</sln:miejscIIPWersja><sln:miejscIdTeryt>0319782</sln:miejscIdTeryt><sln:miejscNazwa>Koźlica Igołomska</sln:miejscNazwa><sln:miejscRodzaj>Inny obiekt</sln:miejscRodzaj><sln:powIIPId>3104c00e-f86d-4d1a-ac9e-8c85e101ac95</sln:powIIPId><sln:powIIPPn>PL.PZGIK.200</sln:powIIPPn><sln:powIIPWersja>2013-07-11T08:30:38+02:00</sln:powIIPWersja><sln:powIdTeryt>1206</sln:powIdTeryt><sln:powNazwa>krakowski</sln:powNazwa><sln:wojIIPId>dd2e3c64-f861-47cf-a3a3-e7751f272b2f</sln:wojIIPId><sln:wojIIPPn>PL.PZGIK.200</sln:wojIIPPn><sln:wojIIPWersja>2017-10-10T00:00:00+02:00</sln:wojIIPWersja><sln:wojIdTeryt>12</sln:wojIdTeryt><sln:wojNazwa>małopolskie</sln:wojNazwa></sln:miejscowosc><sln:miejscowosc><sln:cyklZyciaOd>2014-12-06T00:00:00+01:00</sln:cyklZyciaOd><sln:gmIIPId>c1b9f35e-c8d2-408b-b1ac-bf59596aeec9</sln:gmIIPId><sln:gmIIPPn>PL.PZGIK.200</sln:gmIIPPn><sln:gmIIPWersja>2012-09-26T22:09:15+02:00</sln:gmIIPWersja><sln:gmIdTeryt>1206022</sln:gmIdTeryt><sln:gmNazwa>Igołomia-Wawrzeńczyce</sln:gmNazwa><sln:miejscIIPId>a2e1d394-3a0a-4a78-839f-cded9999b886</sln:miejscIIPId><sln:miejscIIPPn>PL.PZGIK.200</sln:miejscIIPPn><sln:miejscIIPWersja>2016-11-24T13:46:25+02:00</sln:miejscIIPWersja><sln:miejscIdTeryt>0319931</sln:miejscIdTeryt><sln:miejscNazwa>Rudzienko</sln:miejscNazwa><sln:miejscRodzaj>Inny obiekt</sln:miejscRodzaj><sln:powIIPId>3104c00e-f86d-4d1a-ac9e-8c85e101ac95</sln:powIIPId><sln:powIIPPn>PL.PZGIK.200</sln:powIIPPn><sln:powIIPWersja>2013-07-11T08:30:38+02:00</sln:powIIPWersja><sln:powIdTeryt>1206</sln:powIdTeryt><sln:powNazwa>krakowski</sln:powNazwa><sln:wojIIPId>dd2e3c64-f861-47cf-a3a3-e7751f272b2f</sln:wojIIPId><sln:wojIIPPn>PL.PZGIK.200</sln:wojIIPPn><sln:wojIIPWersja>2017-10-10T00:00:00+02:00</sln:wojIIPWersja><sln:wojIdTeryt>12</sln:wojIdTeryt><sln:wojNazwa>małopolskie</sln:wojNazwa></sln:miejscowosc><sln:miejscowosc><sln:cyklZyciaOd>2014-12-06T00:00:00+01:00</sln:cyklZyciaOd><sln:gmIIPId>c1b9f35e-c8d2-408b-b1ac-bf59596aeec9</sln:gmIIPId><sln:gmIIPPn>PL.PZGIK.200</sln:gmIIPPn><sln:gmIIPWersja>2012-09-26T22:09:15+02:00</sln:gmIIPWersja><sln:gmIdTeryt>1206022</sln:gmIdTeryt><sln:gmNazwa>Igołomia-Wawrzeńczyce</sln:gmNazwa><sln:miejscIIPId>20fb3d38-6cd8-475d-a09f-5bd21387e87e</sln:miejscIIPId><sln:miejscIIPPn>PL.PZGIK.200</sln:miejscIIPPn><sln:miejscIIPWersja>2016-11-24T13:49:01+02:00</sln:miejscIIPWersja><sln:miejscIdTeryt>0320058</sln:miejscIdTeryt><sln:miejscNazwa>Sachalina</sln:miejscNazwa><sln:miejscRodzaj>Inny obiekt</sln:miejscRodzaj><sln:powIIPId>3104c00e-f86d-4d1a-ac9e-8c85e101ac95</sln:powIIPId><sln:powIIPPn>PL.PZGIK.200</sln:powIIPPn><sln:powIIPWersja>2013-07-11T08:30:38+02:00</sln:powIIPWersja><sln:powIdTeryt>1206</sln:powIdTeryt><sln:powNazwa>krakowski</sln:powNazwa><sln:wojIIPId>dd2e3c64-f861-47cf-a3a3-e7751f272b2f</sln:wojIIPId><sln:wojIIPPn>PL.PZGIK.200</sln:wojIIPPn><sln:wojIIPWersja>2017-10-10T00:00:00+02:00</sln:wojIIPWersja><sln:wojIdTeryt>12</sln:wojIdTeryt><sln:wojNazwa>małopolskie</sln:wojNazwa></sln:miejscowosc><sln:miejscowosc><sln:cyklZyciaOd>2014-12-06T00:00:00+01:00</sln:cyklZyciaOd><sln:gmIIPId>c1b9f35e-c8d2-408b-b1ac-bf59596aeec9</sln:gmIIPId><sln:gmIIPPn>PL.PZGIK.200</sln:gmIIPPn><sln:gmIIPWersja>2012-09-26T22:09:15+02:00</sln:gmIIPWersja><sln:gmIdTeryt>1206022</sln:gmIdTeryt><sln:gmNazwa>Igołomia-Wawrzeńczyce</sln:gmNazwa><sln:miejscIIPId>86167d87-a8bd-4bb4-b4bb-0370c33cf300</sln:miejscIIPId><sln:miejscIIPPn>PL.PZGIK.200</sln:miejscIIPPn><sln:miejscIIPWersja>2016-11-24T13:49:01+02:00</sln:miejscIIPWersja><sln:miejscIdTeryt>0319990</sln:miejscIdTeryt><sln:miejscNazwa>Gać</sln:miejscNazwa><sln:miejscRodzaj>Inny obiekt</sln:miejscRodzaj><sln:powIIPId>3104c00e-f86d-4d1a-ac9e-8c85e101ac95</sln:powIIPId><sln:powIIPPn>PL.PZGIK.200</sln:powIIPPn><sln:powIIPWersja>2013-07-11T08:30:38+02:00</sln:powIIPWersja><sln:powIdTeryt>1206</sln:powIdTeryt><sln:powNazwa>krakowski</sln:powNazwa><sln:wojIIPId>dd2e3c64-f861-47cf-a3a3-e7751f272b2f</sln:wojIIPId><sln:wojIIPPn>PL.PZGIK.200</sln:wojIIPPn><sln:wojIIPWersja>2017-10-10T00:00:00+02:00</sln:wojIIPWersja><sln:wojIdTeryt>12</sln:wojIdTeryt><sln:wojNazwa>małopolskie</sln:wojNazwa></sln:miejscowosc><sln:miejscowosc><sln:cyklZyciaOd>2014-12-06T00:00:00+01:00</sln:cyklZyciaOd><sln:gmIIPId>c1b9f35e-c8d2-408b-b1ac-bf59596aeec9</sln:gmIIPId><sln:gmIIPPn>PL.PZGIK.200</sln:gmIIPPn><sln:gmIIPWersja>2012-09-26T22:09:15+02:00</sln:gmIIPWersja><sln:gmIdTeryt>1206022</sln:gmIdTeryt><sln:gmNazwa>Igołomia-Wawrzeńczyce</sln:gmNazwa><sln:miejscIIPId>c50072c4-0b4f-4a90-a0ea-c456b4ce3ae0</sln:miejscIIPId><sln:miejscIIPPn>PL.PZGIK.200</sln:miejscIIPPn><sln:miejscIIPWersja>2016-11-24T13:49:16+02:00</sln:miejscIIPWersja><sln:miejscIdTeryt>0320176</sln:miejscIdTeryt><sln:miejscNazwa>Stara Wieś</sln:miejscNazwa><sln:miejscRodzaj>Inny obiekt</sln:miejscRodzaj><sln:powIIPId>3104c00e-f86d-4d1a-ac9e-8c85e101ac95</sln:powIIPId><sln:powIIPPn>PL.PZGIK.200</sln:powIIPPn><sln:powIIPWersja>2013-07-11T08:30:38+02:00</sln:powIIPWersja><sln:powIdTeryt>1206</sln:powIdTeryt><sln:powNazwa>krakowski</sln:powNazwa><sln:wojIIPId>dd2e3c64-f861-47cf-a3a3-e7751f272b2f</sln:wojIIPId><sln:wojIIPPn>PL.PZGIK.200</sln:wojIIPPn><sln:wojIIPWersja>2017-10-10T00:00:00+02:00</sln:wojIIPWersja><sln:wojIdTeryt>12</sln:wojIdTeryt><sln:wojNazwa>małopolskie</sln:wojNazwa></sln:miejscowosc><sln:miejscowosc><sln:cyklZyciaOd>2014-12-06T00:00:00+01:00</sln:cyklZyciaOd><sln:gmIIPId>c1b9f35e-c8d2-408b-b1ac-bf59596aeec9</sln:gmIIPId><sln:gmIIPPn>PL.PZGIK.200</sln:gmIIPPn><sln:gmIIPWersja>2012-09-26T22:09:15+02:00</sln:gmIIPWersja><sln:gmIdTeryt>1206022</sln:gmIdTeryt><sln:gmNazwa>Igołomia-Wawrzeńczyce</sln:gmNazwa><sln:miejscIIPId>1777777f-9b6d-404c-970a-26232570ba83</sln:miejscIIPId><sln:miejscIIPPn>PL.PZGIK.200</sln:miejscIIPPn><sln:miejscIIPWersja>2016-11-24T13:38:21+02:00</sln:miejscIIPWersja><sln:miejscIdTeryt>0319747</sln:miejscIdTeryt><sln:miejscNazwa>Igołomia</sln:miejscNazwa><sln:miejscRodzaj>Wieś</sln:miejscRodzaj><sln:powIIPId>3104c00e-f86d-4d1a-ac9e-8c85e101ac95</sln:powIIPId><sln:powIIPPn>PL.PZGIK.200</sln:powIIPPn><sln:powIIPWersja>2013-07-11T08:30:38+02:00</sln:powIIPWersja><sln:powIdTeryt>1206</sln:powIdTeryt><sln:powNazwa>krakowski</sln:powNazwa><sln:wojIIPId>dd2e3c64-f861-47cf-a3a3-e7751f272b2f</sln:wojIIPId><sln:wojIIPPn>PL.PZGIK.200</sln:wojIIPPn><sln:wojIIPWersja>2017-10-10T00:00:00+02:00</sln:wojIIPWersja><sln:wojIdTeryt>12</sln:wojIdTeryt><sln:wojNazwa>małopolskie</sln:wojNazwa></sln:miejscowosc><sln:miejscowosc><sln:cyklZyciaOd>2014-12-06T00:00:00+01:00</sln:cyklZyciaOd><sln:gmIIPId>c1b9f35e-c8d2-408b-b1ac-bf59596aeec9</sln:gmIIPId><sln:gmIIPPn>PL.PZGIK.200</sln:gmIIPPn><sln:gmIIPWersja>2012-09-26T22:09:15+02:00</sln:gmIIPWersja><sln:gmIdTeryt>1206022</sln:gmIdTeryt><sln:gmNazwa>Igołomia-Wawrzeńczyce</sln:gmNazwa><sln:miejscIIPId>25527d1b-ec00-492f-99a3-afdc342ae8ba</sln:miejscIIPId><sln:miejscIIPPn>PL.PZGIK.200</sln:miejscIIPPn><sln:miejscIIPWersja>2016-11-24T13:49:01+02:00</sln:miejscIIPWersja><sln:miejscIdTeryt>0320070</sln:miejscIdTeryt><sln:miejscNazwa>Zakopane</sln:miejscNazwa><sln:miejscRodzaj>Inny obiekt</sln:miejscRodzaj><sln:powIIPId>3104c00e-f86d-4d1a-ac9e-8c85e101ac95</sln:powIIPId><sln:powIIPPn>PL.PZGIK.200</sln:powIIPPn><sln:powIIPWersja>2013-07-11T08:30:38+02:00</sln:powIIPWersja><sln:powIdTeryt>1206</sln:powIdTeryt><sln:powNazwa>krakowski</sln:powNazwa><sln:wojIIPId>dd2e3c64-f861-47cf-a3a3-e7751f272b2f</sln:wojIIPId><sln:wojIIPPn>PL.PZGIK.200</sln:wojIIPPn><sln:wojIIPWersja>2017-10-10T00:00:00+02:00</sln:wojIIPWersja><sln:wojIdTeryt>12</sln:wojIdTeryt><sln:wojNazwa>małopolskie</sln:wojNazwa></sln:miejscowosc><sln:miejscowosc><sln:cyklZyciaOd>2014-12-06T00:00:00+01:00</sln:cyklZyciaOd><sln:gmIIPId>c1b9f35e-c8d2-408b-b1ac-bf59596aeec9</sln:gmIIPId><sln:gmIIPPn>PL.PZGIK.200</sln:gmIIPPn><sln:gmIIPWersja>2012-09-26T22:09:15+02:00</sln:gmIIPWersja><sln:gmIdTeryt>1206022</sln:gmIdTeryt><sln:gmNazwa>Igołomia-Wawrzeńczyce</sln:gmNazwa><sln:miejscIIPId>58d731dd-205c-4e06-9166-875babc4a2cf</sln:miejscIIPId><sln:miejscIIPPn>PL.PZGIK.200</sln:miejscIIPPn><sln:miejscIIPWersja>2016-11-24T13:44:48+02:00</sln:miejscIIPWersja><sln:miejscIdTeryt>0319865</sln:miejscIdTeryt><sln:miejscNazwa>Morgi</sln:miejscNazwa><sln:miejscRodzaj>Inny obiekt</sln:miejscRodzaj><sln:powIIPId>3104c00e-f86d-4d1a-ac9e-8c85e101ac95</sln:powIIPId><sln:powIIPPn>PL.PZGIK.200</sln:powIIPPn><sln:powIIPWersja>2013-07-11T08:30:38+02:00</sln:powIIPWersja><sln:powIdTeryt>1206</sln:powIdTeryt><sln:powNazwa>krakowski</sln:powNazwa><sln:wojIIPId>dd2e3c64-f861-47cf-a3a3-e7751f272b2f</sln:wojIIPId><sln:wojIIPPn>PL.PZGIK.200</sln:wojIIPPn><sln:wojIIPWersja>2017-10-10T00:00:00+02:00</sln:wojIIPWersja><sln:wojIdTeryt>12</sln:wojIdTeryt><sln:wojNazwa>małopolskie</sln:wojNazwa></sln:miejscowosc><sln:miejscowosc><sln:cyklZyciaOd>2014-12-06T00:00:00+01:00</sln:cyklZyciaOd><sln:gmIIPId>c1b9f35e-c8d2-408b-b1ac-bf59596aeec9</sln:gmIIPId><sln:gmIIPPn>PL.PZGIK.200</sln:gmIIPPn><sln:gmIIPWersja>2012-09-26T22:09:15+02:00</sln:gmIIPWersja><sln:gmIdTeryt>1206022</sln:gmIdTeryt><sln:gmNazwa>Igołomia-Wawrzeńczyce</sln:gmNazwa><sln:miejscIIPId>bafe9046-0ba7-4cae-a10a-aa66ac76c416</sln:miejscIIPId><sln:miejscIIPPn>PL.PZGIK.200</sln:miejscIIPPn><sln:miejscIIPWersja>2016-11-24T13:28:16+02:00</sln:miejscIIPWersja><sln:miejscIdTeryt>0319871</sln:miejscIdTeryt><sln:miejscNazwa>Pobiednik Wielki</sln:miejscNazwa><sln:miejscRodzaj>Wieś</sln:miejscRodzaj><sln:powIIPId>3104c00e-f86d-4d1a-ac9e-8c85e101ac95</sln:powIIPId><sln:powIIPPn>PL.PZGIK.200</sln:powIIPPn><sln:powIIPWersja>2013-07-11T08:30:38+02:00</sln:powIIPWersja><sln:powIdTeryt>1206</sln:powIdTeryt><sln:powNazwa>krakowski</sln:powNazwa><sln:wojIIPId>dd2e3c64-f861-47cf-a3a3-e7751f272b2f</sln:wojIIPId><sln:wojIIPPn>PL.PZGIK.200</sln:wojIIPPn><sln:wojIIPWersja>2017-10-10T00:00:00+02:00</sln:wojIIPWersja><sln:wojIdTeryt>12</sln:wojIdTeryt><sln:wojNazwa>małopolskie</sln:wojNazwa></sln:miejscowosc><sln:miejscowosc><sln:cyklZyciaOd>2014-12-06T00:00:00+01:00</sln:cyklZyciaOd><sln:gmIIPId>c1b9f35e-c8d2-408b-b1ac-bf59596aeec9</sln:gmIIPId><sln:gmIIPPn>PL.PZGIK.200</sln:gmIIPPn><sln:gmIIPWersja>2012-09-26T22:09:15+02:00</sln:gmIIPWersja><sln:gmIdTeryt>1206022</sln:gmIdTeryt><sln:gmNazwa>Igołomia-Wawrzeńczyce</sln:gmNazwa><sln:miejscIIPId>97ad0e42-fd37-41ac-aa86-af19f39f86de</sln:miejscIIPId><sln:miejscIIPPn>PL.PZGIK.200</sln:miejscIIPPn><sln:miejscIIPWersja>2016-11-24T13:32:26+02:00</sln:miejscIIPWersja><sln:miejscIdTeryt>0319977</sln:miejscIdTeryt><sln:miejscNazwa>Tropiszów</sln:miejscNazwa><sln:miejscRodzaj>Wieś</sln:miejscRodzaj><sln:powIIPId>3104c00e-f86d-4d1a-ac9e-8c85e101ac95</sln:powIIPId><sln:powIIPPn>PL.PZGIK.200</sln:powIIPPn><sln:powIIPWersja>2013-07-11T08:30:38+02:00</sln:powIIPWersja><sln:powIdTeryt>1206</sln:powIdTeryt><sln:powNazwa>krakowski</sln:powNazwa><sln:wojIIPId>dd2e3c64-f861-47cf-a3a3-e7751f272b2f</sln:wojIIPId><sln:wojIIPPn>PL.PZGIK.200</sln:wojIIPPn><sln:wojIIPWersja>2017-10-10T00:00:00+02:00</sln:wojIIPWersja><sln:wojIdTeryt>12</sln:wojIdTeryt><sln:wojNazwa>małopolskie</sln:wojNazwa></sln:miejscowosc><sln:miejscowosc><sln:cyklZyciaOd>2014-12-06T00:00:00+01:00</sln:cyklZyciaOd><sln:gmIIPId>c1b9f35e-c8d2-408b-b1ac-bf59596aeec9</sln:gmIIPId><sln:gmIIPPn>PL.PZGIK.200</sln:gmIIPPn><sln:gmIIPWersja>2012-09-26T22:09:15+02:00</sln:gmIIPWersja><sln:gmIdTeryt>1206022</sln:gmIdTeryt><sln:gmNazwa>Igołomia-Wawrzeńczyce</sln:gmNazwa><sln:miejscIIPId>fc73487f-16dd-4466-a6cb-0b1194516a08</sln:miejscIIPId><sln:miejscIIPPn>PL.PZGIK.200</sln:miejscIIPPn><sln:miejscIIPWersja>2016-11-24T13:30:04+02:00</sln:miejscIIPWersja><sln:miejscIdTeryt>0319925</sln:miejscIdTeryt><sln:miejscNazwa>Rudno Górne</sln:miejscNazwa><sln:miejscRodzaj>Wieś</sln:miejscRodzaj><sln:powIIPId>3104c00e-f86d-4d1a-ac9e-8c85e101ac95</sln:powIIPId><sln:powIIPPn>PL.PZGIK.200</sln:powIIPPn><sln:powIIPWersja>2013-07-11T08:30:38+02:00</sln:powIIPWersja><sln:powIdTeryt>1206</sln:powIdTeryt><sln:powNazwa>krakowski</sln:powNazwa><sln:wojIIPId>dd2e3c64-f861-47cf-a3a3-e7751f272b2f</sln:wojIIPId><sln:wojIIPPn>PL.PZGIK.200</sln:wojIIPPn><sln:wojIIPWersja>2017-10-10T00:00:00+02:00</sln:wojIIPWersja><sln:wojIdTeryt>12</sln:wojIdTeryt><sln:wojNazwa>małopolskie</sln:wojNazwa></sln:miejscowosc><sln:miejscowosc><sln:cyklZyciaOd>2014-12-06T00:00:00+01:00</sln:cyklZyciaOd><sln:gmIIPId>c1b9f35e-c8d2-408b-b1ac-bf59596aeec9</sln:gmIIPId><sln:gmIIPPn>PL.PZGIK.200</sln:gmIIPPn><sln:gmIIPWersja>2012-09-26T22:09:15+02:00</sln:gmIIPWersja><sln:gmIdTeryt>1206022</sln:gmIdTeryt><sln:gmNazwa>Igołomia-Wawrzeńczyce</sln:gmNazwa><sln:miejscIIPId>d2636006-a4a4-4cf9-b357-5fb50fc136b0</sln:miejscIIPId><sln:miejscIIPPn>PL.PZGIK.200</sln:miejscIIPPn><sln:miejscIIPWersja>2016-11-24T13:49:16+02:00</sln:miejscIIPWersja><sln:miejscIdTeryt>0320093</sln:miejscIdTeryt><sln:miejscNazwa>Błotko</sln:miejscNazwa><sln:miejscRodzaj>Inny obiekt</sln:miejscRodzaj><sln:powIIPId>3104c00e-f86d-4d1a-ac9e-8c85e101ac95</sln:powIIPId><sln:powIIPPn>PL.PZGIK.200</sln:powIIPPn><sln:powIIPWersja>2013-07-11T08:30:38+02:00</sln:powIIPWersja><sln:powIdTeryt>1206</sln:powIdTeryt><sln:powNazwa>krakowski</sln:powNazwa><sln:wojIIPId>dd2e3c64-f861-47cf-a3a3-e7751f272b2f</sln:wojIIPId><sln:wojIIPPn>PL.PZGIK.200</sln:wojIIPPn><sln:wojIIPWersja>2017-10-10T00:00:00+02:00</sln:wojIIPWersja><sln:wojIdTeryt>12</sln:wojIdTeryt><sln:wojNazwa>małopolskie</sln:wojNazwa></sln:miejscowosc><sln:miejscowosc><sln:cyklZyciaOd>2014-12-06T00:00:00+01:00</sln:cyklZyciaOd><sln:gmIIPId>c1b9f35e-c8d2-408b-b1ac-bf59596aeec9</sln:gmIIPId><sln:gmIIPPn>PL.PZGIK.200</sln:gmIIPPn><sln:gmIIPWersja>2012-09-26T22:09:15+02:00</sln:gmIIPWersja><sln:gmIdTeryt>1206022</sln:gmIdTeryt><sln:gmNazwa>Igołomia-Wawrzeńczyce</sln:gmNazwa><sln:miejscIIPId>c55c0838-2984-4e90-aa10-61b01f523324</sln:miejscIIPId><sln:miejscIIPPn>PL.PZGIK.200</sln:miejscIIPPn><sln:miejscIIPWersja>2016-11-24T13:43:46+02:00</sln:miejscIIPWersja><sln:miejscIdTeryt>0319813</sln:miejscIdTeryt><sln:miejscNazwa>Odwiśle</sln:miejscNazwa><sln:miejscRodzaj>Wieś</sln:miejscRodzaj><sln:powIIPId>3104c00e-f86d-4d1a-ac9e-8c85e101ac95</sln:powIIPId><sln:powIIPPn>PL.PZGIK.200</sln:powIIPPn><sln:powIIPWersja>2013-07-11T08:30:38+02:00</sln:powIIPWersja><sln:powIdTeryt>1206</sln:powIdTeryt><sln:powNazwa>krakowski</sln:powNazwa><sln:wojIIPId>dd2e3c64-f861-47cf-a3a3-e7751f272b2f</sln:wojIIPId><sln:wojIIPPn>PL.PZGIK.200</sln:wojIIPPn><sln:wojIIPWersja>2017-10-10T00:00:00+02:00</sln:wojIIPWersja><sln:wojIdTeryt>12</sln:wojIdTeryt><sln:wojNazwa>małopolskie</sln:wojNazwa></sln:miejscowosc><sln:miejscowosc><sln:cyklZyciaOd>2014-12-06T00:00:00+01:00</sln:cyklZyciaOd><sln:gmIIPId>c1b9f35e-c8d2-408b-b1ac-bf59596aeec9</sln:gmIIPId><sln:gmIIPPn>PL.PZGIK.200</sln:gmIIPPn><sln:gmIIPWersja>2012-09-26T22:09:15+02:00</sln:gmIIPWersja><sln:gmIdTeryt>1206022</sln:gmIdTeryt><sln:gmNazwa>Igołomia-Wawrzeńczyce</sln:gmNazwa><sln:miejscIIPId>2efab987-85f9-4550-aae8-41edf2a6533e</sln:miejscIIPId><sln:miejscIIPPn>PL.PZGIK.200</sln:miejscIIPPn><sln:miejscIIPWersja>2016-11-24T13:53:36+02:00</sln:miejscIIPWersja><sln:miejscIdTeryt>0319730</sln:miejscIdTeryt><sln:miejscNazwa>Poborowice</sln:miejscNazwa><sln:miejscRodzaj>Przysiółek</sln:miejscRodzaj><sln:powIIPId>3104c00e-f86d-4d1a-ac9e-8c85e101ac95</sln:powIIPId><sln:powIIPPn>PL.PZGIK.200</sln:powIIPPn><sln:powIIPWersja>2013-07-11T08:30:38+02:00</sln:powIIPWersja><sln:powIdTeryt>1206</sln:powIdTeryt><sln:powNazwa>krakowski</sln:powNazwa><sln:wojIIPId>dd2e3c64-f861-47cf-a3a3-e7751f272b2f</sln:wojIIPId><sln:wojIIPPn>PL.PZGIK.200</sln:wojIIPPn><sln:wojIIPWersja>2017-10-10T00:00:00+02:00</sln:wojIIPWersja><sln:wojIdTeryt>12</sln:wojIdTeryt><sln:wojNazwa>małopolskie</sln:wojNazwa></sln:miejscowosc><sln:miejscowosc><sln:cyklZyciaOd>2014-12-06T00:00:00+01:00</sln:cyklZyciaOd><sln:gmIIPId>c1b9f35e-c8d2-408b-b1ac-bf59596aeec9</sln:gmIIPId><sln:gmIIPPn>PL.PZGIK.200</sln:gmIIPPn><sln:gmIIPWersja>2012-09-26T22:09:15+02:00</sln:gmIIPWersja><sln:gmIdTeryt>1206022</sln:gmIdTeryt><sln:gmNazwa>Igołomia-Wawrzeńczyce</sln:gmNazwa><sln:miejscIIPId>592a16e8-e7dd-4822-9195-da1a8afdfbca</sln:miejscIIPId><sln:miejscIIPPn>PL.PZGIK.200</sln:miejscIIPPn><sln:miejscIIPWersja>2016-11-24T13:49:16+02:00</sln:miejscIIPWersja><sln:miejscIdTeryt>0320182</sln:miejscIdTeryt><sln:miejscNazwa>Ścieżczany</sln:miejscNazwa><sln:miejscRodzaj>Inny obiekt</sln:miejscRodzaj><sln:powIIPId>3104c00e-f86d-4d1a-ac9e-8c85e101ac95</sln:powIIPId><sln:powIIPPn>PL.PZGIK.200</sln:powIIPPn><sln:powIIPWersja>2013-07-11T08:30:38+02:00</sln:powIIPWersja><sln:powIdTeryt>1206</sln:powIdTeryt><sln:powNazwa>krakowski</sln:powNazwa><sln:wojIIPId>dd2e3c64-f861-47cf-a3a3-e7751f272b2f</sln:wojIIPId><sln:wojIIPPn>PL.PZGIK.200</sln:wojIIPPn><sln:wojIIPWersja>2017-10-10T00:00:00+02:00</sln:wojIIPWersja><sln:wojIdTeryt>12</sln:wojIdTeryt><sln:wojNazwa>małopolskie</sln:wojNazwa></sln:miejscowosc><sln:miejscowosc><sln:cyklZyciaOd>2014-12-06T00:00:00+01:00</sln:cyklZyciaOd><sln:gmIIPId>c1b9f35e-c8d2-408b-b1ac-bf59596aeec9</sln:gmIIPId><sln:gmIIPPn>PL.PZGIK.200</sln:gmIIPPn><sln:gmIIPWersja>2012-09-26T22:09:15+02:00</sln:gmIIPWersja><sln:gmIdTeryt>1206022</sln:gmIdTeryt><sln:gmNazwa>Igołomia-Wawrzeńczyce</sln:gmNazwa><sln:miejscIIPId>3fe319c2-4469-468b-97e6-a78397c6ea4e</sln:miejscIIPId><sln:miejscIIPPn>PL.PZGIK.200</sln:miejscIIPPn><sln:miejscIIPWersja>2016-11-24T13:59:39+02:00</sln:miejscIIPWersja><sln:miejscIdTeryt>0319954</sln:miejscIdTeryt><sln:miejscNazwa>Korea</sln:miejscNazwa><sln:miejscRodzaj>Inny obiekt</sln:miejscRodzaj><sln:powIIPId>3104c00e-f86d-4d1a-ac9e-8c85e101ac95</sln:powIIPId><sln:powIIPPn>PL.PZGIK.200</sln:powIIPPn><sln:powIIPWersja>2013-07-11T08:30:38+02:00</sln:powIIPWersja><sln:powIdTeryt>1206</sln:powIdTeryt><sln:powNazwa>krakowski</sln:powNazwa><sln:wojIIPId>dd2e3c64-f861-47cf-a3a3-e7751f272b2f</sln:wojIIPId><sln:wojIIPPn>PL.PZGIK.200</sln:wojIIPPn><sln:wojIIPWersja>2017-10-10T00:00:00+02:00</sln:wojIIPWersja><sln:wojIdTeryt>12</sln:wojIdTeryt><sln:wojNazwa>małopolskie</sln:wojNazwa></sln:miejscowosc><sln:miejscowosc><sln:cyklZyciaOd>2014-12-06T00:00:00+01:00</sln:cyklZyciaOd><sln:gmIIPId>c1b9f35e-c8d2-408b-b1ac-bf59596aeec9</sln:gmIIPId><sln:gmIIPPn>PL.PZGIK.200</sln:gmIIPPn><sln:gmIIPWersja>2012-09-26T22:09:15+02:00</sln:gmIIPWersja><sln:gmIdTeryt>1206022</sln:gmIdTeryt><sln:gmNazwa>Igołomia-Wawrzeńczyce</sln:gmNazwa><sln:miejscIIPId>0de41b82-131e-4960-b99f-7e7e390adb3a</sln:miejscIIPId><sln:miejscIIPPn>PL.PZGIK.200</sln:miejscIIPPn><sln:miejscIIPWersja>2016-11-24T13:59:39+02:00</sln:miejscIIPWersja><sln:miejscIdTeryt>0320029</sln:miejscIdTeryt><sln:miejscNazwa>Kolonia nad Błoniem</sln:miejscNazwa><sln:miejscRodzaj>Inny obiekt</sln:miejscRodzaj><sln:powIIPId>3104c00e-f86d-4d1a-ac9e-8c85e101ac95</sln:powIIPId><sln:powIIPPn>PL.PZGIK.200</sln:powIIPPn><sln:powIIPWersja>2013-07-11T08:30:38+02:00</sln:powIIPWersja><sln:powIdTeryt>1206</sln:powIdTeryt><sln:powNazwa>krakowski</sln:powNazwa><sln:wojIIPId>dd2e3c64-f861-47cf-a3a3-e7751f272b2f</sln:wojIIPId><sln:wojIIPPn>PL.PZGIK.200</sln:wojIIPPn><sln:wojIIPWersja>2017-10-10T00:00:00+02:00</sln:wojIIPWersja><sln:wojIdTeryt>12</sln:wojIdTeryt><sln:wojNazwa>małopolskie</sln:wojNazwa></sln:miejscowosc><sln:miejscowosc><sln:cyklZyciaOd>2014-12-06T00:00:00+01:00</sln:cyklZyciaOd><sln:gmIIPId>c1b9f35e-c8d2-408b-b1ac-bf59596aeec9</sln:gmIIPId><sln:gmIIPPn>PL.PZGIK.200</sln:gmIIPPn><sln:gmIIPWersja>2012-09-26T22:09:15+02:00</sln:gmIIPWersja><sln:gmIdTeryt>1206022</sln:gmIdTeryt><sln:gmNazwa>Igołomia-Wawrzeńczyce</sln:gmNazwa><sln:miejscIIPId>540627fb-551e-4427-82a1-a761eda0c792</sln:miejscIIPId><sln:miejscIIPPn>PL.PZGIK.200</sln:miejscIIPPn><sln:miejscIIPWersja>2016-11-24T13:59:39+02:00</sln:miejscIIPWersja><sln:miejscIdTeryt>0319820</sln:miejscIdTeryt><sln:miejscNazwa>Kępka</sln:miejscNazwa><sln:miejscRodzaj>Inny obiekt</sln:miejscRodzaj><sln:powIIPId>3104c00e-f86d-4d1a-ac9e-8c85e101ac95</sln:powIIPId><sln:powIIPPn>PL.PZGIK.200</sln:powIIPPn><sln:powIIPWersja>2013-07-11T08:30:38+02:00</sln:powIIPWersja><sln:powIdTeryt>1206</sln:powIdTeryt><sln:powNazwa>krakowski</sln:powNazwa><sln:wojIIPId>dd2e3c64-f861-47cf-a3a3-e7751f272b2f</sln:wojIIPId><sln:wojIIPPn>PL.PZGIK.200</sln:wojIIPPn><sln:wojIIPWersja>2017-10-10T00:00:00+02:00</sln:wojIIPWersja><sln:wojIdTeryt>12</sln:wojIdTeryt><sln:wojNazwa>małopolskie</sln:wojNazwa></sln:miejscowosc><sln:miejscowosc><sln:cyklZyciaOd>2014-12-06T00:00:00+01:00</sln:cyklZyciaOd><sln:gmIIPId>c1b9f35e-c8d2-408b-b1ac-bf59596aeec9</sln:gmIIPId><sln:gmIIPPn>PL.PZGIK.200</sln:gmIIPPn><sln:gmIIPWersja>2012-09-26T22:09:15+02:00</sln:gmIIPWersja><sln:gmIdTeryt>1206022</sln:gmIdTeryt><sln:gmNazwa>Igołomia-Wawrzeńczyce</sln:gmNazwa><sln:miejscIIPId>008ff3bc-929c-4d7b-8030-3ea3e339bb07</sln:miejscIIPId><sln:miejscIIPPn>PL.PZGIK.200</sln:miejscIIPPn><sln:miejscIIPWersja>2016-11-24T13:49:01+02:00</sln:miejscIIPWersja><sln:miejscIdTeryt>0320041</sln:miejscIdTeryt><sln:miejscNazwa>Ogiernia</sln:miejscNazwa><sln:miejscRodzaj>Inny obiekt</sln:miejscRodzaj><sln:powIIPId>3104c00e-f86d-4d1a-ac9e-8c85e101ac95</sln:powIIPId><sln:powIIPPn>PL.PZGIK.200</sln:powIIPPn><sln:powIIPWersja>2013-07-11T08:30:38+02:00</sln:powIIPWersja><sln:powIdTeryt>1206</sln:powIdTeryt><sln:powNazwa>krakowski</sln:powNazwa><sln:wojIIPId>dd2e3c64-f861-47cf-a3a3-e7751f272b2f</sln:wojIIPId><sln:wojIIPPn>PL.PZGIK.200</sln:wojIIPPn><sln:wojIIPWersja>2017-10-10T00:00:00+02:00</sln:wojIIPWersja><sln:wojIdTeryt>12</sln:wojIdTeryt><sln:wojNazwa>małopolskie</sln:wojNazwa></sln:miejscowosc><sln:miejscowosc><sln:cyklZyciaOd>2014-12-06T00:00:00+01:00</sln:cyklZyciaOd><sln:gmIIPId>c1b9f35e-c8d2-408b-b1ac-bf59596aeec9</sln:gmIIPId><sln:gmIIPPn>PL.PZGIK.200</sln:gmIIPPn><sln:gmIIPWersja>2012-09-26T22:09:15+02:00</sln:gmIIPWersja><sln:gmIdTeryt>1206022</sln:gmIdTeryt><sln:gmNazwa>Igołomia-Wawrzeńczyce</sln:gmNazwa><sln:miejscIIPId>e0c51d91-f172-4ba5-be91-5374d262d8bb</sln:miejscIIPId><sln:miejscIIPPn>PL.PZGIK.200</sln:miejscIIPPn><sln:miejscIIPWersja>2016-11-24T13:49:16+02:00</sln:miejscIIPWersja><sln:miejscIdTeryt>0320147</sln:miejscIdTeryt><sln:miejscNazwa>Litwa</sln:miejscNazwa><sln:miejscRodzaj>Inny obiekt</sln:miejscRodzaj><sln:powIIPId>3104c00e-f86d-4d1a-ac9e-8c85e101ac95</sln:powIIPId><sln:powIIPPn>PL.PZGIK.200</sln:powIIPPn><sln:powIIPWersja>2013-07-11T08:30:38+02:00</sln:powIIPWersja><sln:powIdTeryt>1206</sln:powIdTeryt><sln:powNazwa>krakowski</sln:powNazwa><sln:wojIIPId>dd2e3c64-f861-47cf-a3a3-e7751f272b2f</sln:wojIIPId><sln:wojIIPPn>PL.PZGIK.200</sln:wojIIPPn><sln:wojIIPWersja>2017-10-10T00:00:00+02:00</sln:wojIIPWersja><sln:wojIdTeryt>12</sln:wojIdTeryt><sln:wojNazwa>małopolskie</sln:wojNazwa></sln:miejscowosc><sln:miejscowosc><sln:cyklZyciaOd>2014-12-06T00:00:00+01:00</sln:cyklZyciaOd><sln:gmIIPId>c1b9f35e-c8d2-408b-b1ac-bf59596aeec9</sln:gmIIPId><sln:gmIIPPn>PL.PZGIK.200</sln:gmIIPPn><sln:gmIIPWersja>2012-09-26T22:09:15+02:00</sln:gmIIPWersja><sln:gmIdTeryt>1206022</sln:gmIdTeryt><sln:gmNazwa>Igołomia-Wawrzeńczyce</sln:gmNazwa><sln:miejscIIPId>cc3e525c-970e-465a-9eb8-46983681a8d0</sln:miejscIIPId><sln:miejscIIPPn>PL.PZGIK.200</sln:miejscIIPPn><sln:miejscIIPWersja>2016-11-24T13:44:48+02:00</sln:miejscIIPWersja><sln:miejscIdTeryt>0319894</sln:miejscIdTeryt><sln:miejscNazwa>Dubinek</sln:miejscNazwa><sln:miejscRodzaj>Inny obiekt</sln:miejscRodzaj><sln:powIIPId>3104c00e-f86d-4d1a-ac9e-8c85e101ac95</sln:powIIPId><sln:powIIPPn>PL.PZGIK.200</sln:powIIPPn><sln:powIIPWersja>2013-07-11T08:30:38+02:00</sln:powIIPWersja><sln:powIdTeryt>1206</sln:powIdTeryt><sln:powNazwa>krakowski</sln:powNazwa><sln:wojIIPId>dd2e3c64-f861-47cf-a3a3-e7751f272b2f</sln:wojIIPId><sln:wojIIPPn>PL.PZGIK.200</sln:wojIIPPn><sln:wojIIPWersja>2017-10-10T00:00:00+02:00</sln:wojIIPWersja><sln:wojIdTeryt>12</sln:wojIdTeryt><sln:wojNazwa>małopolskie</sln:wojNazwa></sln:miejscowosc><sln:miejscowosc><sln:cyklZyciaOd>2014-12-06T00:00:00+01:00</sln:cyklZyciaOd><sln:gmIIPId>c1b9f35e-c8d2-408b-b1ac-bf59596aeec9</sln:gmIIPId><sln:gmIIPPn>PL.PZGIK.200</sln:gmIIPPn><sln:gmIIPWersja>2012-09-26T22:09:15+02:00</sln:gmIIPWersja><sln:gmIdTeryt>1206022</sln:gmIdTeryt><sln:gmNazwa>Igołomia-Wawrzeńczyce</sln:gmNazwa><sln:miejscIIPId>e39c29c5-82cc-4d06-ad3c-c1b994282476</sln:miejscIIPId><sln:miejscIIPPn>PL.PZGIK.200</sln:miejscIIPPn><sln:miejscIIPWersja>2016-11-24T13:49:01+02:00</sln:miejscIIPWersja><sln:miejscIdTeryt>0319983</sln:miejscIdTeryt><sln:miejscNazwa>Brzostek</sln:miejscNazwa><sln:miejscRodzaj>Inny obiekt</sln:miejscRodzaj><sln:powIIPId>3104c00e-f86d-4d1a-ac9e-8c85e101ac95</sln:powIIPId><sln:powIIPPn>PL.PZGIK.200</sln:powIIPPn><sln:powIIPWersja>2013-07-11T08:30:38+02:00</sln:powIIPWersja><sln:powIdTeryt>1206</sln:powIdTeryt><sln:powNazwa>krakowski</sln:powNazwa><sln:wojIIPId>dd2e3c64-f861-47cf-a3a3-e7751f272b2f</sln:wojIIPId><sln:wojIIPPn>PL.PZGIK.200</sln:wojIIPPn><sln:wojIIPWersja>2017-10-10T00:00:00+02:00</sln:wojIIPWersja><sln:wojIdTeryt>12</sln:wojIdTeryt><sln:wojNazwa>małopolskie</sln:wojNazwa></sln:miejscowosc><sln:miejscowosc><sln:cyklZyciaOd>2014-12-06T00:00:00+01:00</sln:cyklZyciaOd><sln:gmIIPId>c1b9f35e-c8d2-408b-b1ac-bf59596aeec9</sln:gmIIPId><sln:gmIIPPn>PL.PZGIK.200</sln:gmIIPPn><sln:gmIIPWersja>2012-09-26T22:09:15+02:00</sln:gmIIPWersja><sln:gmIdTeryt>1206022</sln:gmIdTeryt><sln:gmNazwa>Igołomia-Wawrzeńczyce</sln:gmNazwa><sln:miejscIIPId>ed01e132-8ad0-446f-a99b-d5d53faf8a16</sln:miejscIIPId><sln:miejscIIPPn>PL.PZGIK.200</sln:miejscIIPPn><sln:miejscIIPWersja>2016-11-24T13:59:39+02:00</sln:miejscIIPWersja><sln:miejscIdTeryt>0320064</sln:miejscIdTeryt><sln:miejscNazwa>Stara Wieś</sln:miejscNazwa><sln:miejscRodzaj>Inny obiekt</sln:miejscRodzaj><sln:powIIPId>3104c00e-f86d-4d1a-ac9e-8c85e101ac95</sln:powIIPId><sln:powIIPPn>PL.PZGIK.200</sln:powIIPPn><sln:powIIPWersja>2013-07-11T08:30:38+02:00</sln:powIIPWersja><sln:powIdTeryt>1206</sln:powIdTeryt><sln:powNazwa>krakowski</sln:powNazwa><sln:wojIIPId>dd2e3c64-f861-47cf-a3a3-e7751f272b2f</sln:wojIIPId><sln:wojIIPPn>PL.PZGIK.200</sln:wojIIPPn><sln:wojIIPWersja>2017-10-10T00:00:00+02:00</sln:wojIIPWersja><sln:wojIdTeryt>12</sln:wojIdTeryt><sln:wojNazwa>małopolskie</sln:wojNazwa></sln:miejscowosc><sln:miejscowosc><sln:cyklZyciaOd>2014-12-06T00:00:00+01:00</sln:cyklZyciaOd><sln:gmIIPId>c1b9f35e-c8d2-408b-b1ac-bf59596aeec9</sln:gmIIPId><sln:gmIIPPn>PL.PZGIK.200</sln:gmIIPPn><sln:gmIIPWersja>2012-09-26T22:09:15+02:00</sln:gmIIPWersja><sln:gmIdTeryt>1206022</sln:gmIdTeryt><sln:gmNazwa>Igołomia-Wawrzeńczyce</sln:gmNazwa><sln:miejscIIPId>408a2290-8cf4-4f3a-9a2b-4d7bd7375c43</sln:miejscIIPId><sln:miejscIIPPn>PL.PZGIK.200</sln:miejscIIPPn><sln:miejscIIPWersja>2016-11-24T13:59:39+02:00</sln:miejscIIPWersja><sln:miejscIdTeryt>0320006</sln:miejscIdTeryt><sln:miejscNazwa>Jatki</sln:miejscNazwa><sln:miejscRodzaj>Inny obiekt</sln:miejscRodzaj><sln:powIIPId>3104c00e-f86d-4d1a-ac9e-8c85e101ac95</sln:powIIPId><sln:powIIPPn>PL.PZGIK.200</sln:powIIPPn><sln:powIIPWersja>2013-07-11T08:30:38+02:00</sln:powIIPWersja><sln:powIdTeryt>1206</sln:powIdTeryt><sln:powNazwa>krakowski</sln:powNazwa><sln:wojIIPId>dd2e3c64-f861-47cf-a3a3-e7751f272b2f</sln:wojIIPId><sln:wojIIPPn>PL.PZGIK.200</sln:wojIIPPn><sln:wojIIPWersja>2017-10-10T00:00:00+02:00</sln:wojIIPWersja><sln:wojIdTeryt>12</sln:wojIdTeryt><sln:wojNazwa>małopolskie</sln:wojNazwa></sln:miejscowosc><sln:miejscowosc><sln:cyklZyciaOd>2014-12-06T00:00:00+01:00</sln:cyklZyciaOd><sln:gmIIPId>c1b9f35e-c8d2-408b-b1ac-bf59596aeec9</sln:gmIIPId><sln:gmIIPPn>PL.PZGIK.200</sln:gmIIPPn><sln:gmIIPWersja>2012-09-26T22:09:15+02:00</sln:gmIIPWersja><sln:gmIdTeryt>1206022</sln:gmIdTeryt><sln:gmNazwa>Igołomia-Wawrzeńczyce</sln:gmNazwa><sln:miejscIIPId>49201aa3-ad61-4c55-9ef5-809f8e17058e</sln:miejscIIPId><sln:miejscIIPPn>PL.PZGIK.200</sln:miejscIIPPn><sln:miejscIIPWersja>2016-11-24T13:59:39+02:00</sln:miejscIIPWersja><sln:miejscIdTeryt>0319842</sln:miejscIdTeryt><sln:miejscNazwa>Ulica</sln:miejscNazwa><sln:miejscRodzaj>Inny obiekt</sln:miejscRodzaj><sln:powIIPId>3104c00e-f86d-4d1a-ac9e-8c85e101ac95</sln:powIIPId><sln:powIIPPn>PL.PZGIK.200</sln:powIIPPn><sln:powIIPWersja>2013-07-11T08:30:38+02:00</sln:powIIPWersja><sln:powIdTeryt>1206</sln:powIdTeryt><sln:powNazwa>krakowski</sln:powNazwa><sln:wojIIPId>dd2e3c64-f861-47cf-a3a3-e7751f272b2f</sln:wojIIPId><sln:wojIIPPn>PL.PZGIK.200</sln:wojIIPPn><sln:wojIIPWersja>2017-10-10T00:00:00+02:00</sln:wojIIPWersja><sln:wojIdTeryt>12</sln:wojIdTeryt><sln:wojNazwa>małopolskie</sln:wojNazwa></sln:miejscowosc><sln:miejscowosc><sln:cyklZyciaOd>2014-12-06T00:00:00+01:00</sln:cyklZyciaOd><sln:gmIIPId>c1b9f35e-c8d2-408b-b1ac-bf59596aeec9</sln:gmIIPId><sln:gmIIPPn>PL.PZGIK.200</sln:gmIIPPn><sln:gmIIPWersja>2012-09-26T22:09:15+02:00</sln:gmIIPWersja><sln:gmIdTeryt>1206022</sln:gmIdTeryt><sln:gmNazwa>Igołomia-Wawrzeńczyce</sln:gmNazwa><sln:miejscIIPId>65f9a23f-6102-4ae6-9c88-8285d01d4346</sln:miejscIIPId><sln:miejscIIPPn>PL.PZGIK.200</sln:miejscIIPPn><sln:miejscIIPWersja>2016-11-24T13:59:39+02:00</sln:miejscIIPWersja><sln:miejscIdTeryt>0319753</sln:miejscIdTeryt><sln:miejscNazwa>Błonie</sln:miejscNazwa><sln:miejscRodzaj>Inny obiekt</sln:miejscRodzaj><sln:powIIPId>3104c00e-f86d-4d1a-ac9e-8c85e101ac95</sln:powIIPId><sln:powIIPPn>PL.PZGIK.200</sln:powIIPPn><sln:powIIPWersja>2013-07-11T08:30:38+02:00</sln:powIIPWersja><sln:powIdTeryt>1206</sln:powIdTeryt><sln:powNazwa>krakowski</sln:powNazwa><sln:wojIIPId>dd2e3c64-f861-47cf-a3a3-e7751f272b2f</sln:wojIIPId><sln:wojIIPPn>PL.PZGIK.200</sln:wojIIPPn><sln:wojIIPWersja>2017-10-10T00:00:00+02:00</sln:wojIIPWersja><sln:wojIdTeryt>12</sln:wojIdTeryt><sln:wojNazwa>małopolskie</sln:wojNazwa></sln:miejscowosc><sln:miejscowosc><sln:cyklZyciaOd>2014-12-06T00:00:00+01:00</sln:cyklZyciaOd><sln:gmIIPId>c1b9f35e-c8d2-408b-b1ac-bf59596aeec9</sln:gmIIPId><sln:gmIIPPn>PL.PZGIK.200</sln:gmIIPPn><sln:gmIIPWersja>2012-09-26T22:09:15+02:00</sln:gmIIPWersja><sln:gmIdTeryt>1206022</sln:gmIdTeryt><sln:gmNazwa>Igołomia-Wawrzeńczyce</sln:gmNazwa><sln:miejscIIPId>531cab3d-354a-48d5-9dde-40145f74fd9e</sln:miejscIIPId><sln:miejscIIPPn>PL.PZGIK.200</sln:miejscIIPPn><sln:miejscIIPWersja>2016-11-24T13:59:39+02:00</sln:miejscIIPWersja><sln:miejscIdTeryt>0319836</sln:miejscIdTeryt><sln:miejscNazwa>Szwaby</sln:miejscNazwa><sln:miejscRodzaj>Inny obiekt</sln:miejscRodzaj><sln:powIIPId>3104c00e-f86d-4d1a-ac9e-8c85e101ac95</sln:powIIPId><sln:powIIPPn>PL.PZGIK.200</sln:powIIPPn><sln:powIIPWersja>2013-07-11T08:30:38+02:00</sln:powIIPWersja><sln:powIdTeryt>1206</sln:powIdTeryt><sln:powNazwa>krakowski</sln:powNazwa><sln:wojIIPId>dd2e3c64-f861-47cf-a3a3-e7751f272b2f</sln:wojIIPId><sln:wojIIPPn>PL.PZGIK.200</sln:wojIIPPn><sln:wojIIPWersja>2017-10-10T00:00:00+02:00</sln:wojIIPWersja><sln:wojIdTeryt>12</sln:wojIdTeryt><sln:wojNazwa>małopolskie</sln:wojNazwa></sln:miejscowosc><sln:miejscowosc><sln:cyklZyciaOd>2014-12-06T00:00:00+01:00</sln:cyklZyciaOd><sln:gmIIPId>c1b9f35e-c8d2-408b-b1ac-bf59596aeec9</sln:gmIIPId><sln:gmIIPPn>PL.PZGIK.200</sln:gmIIPPn><sln:gmIIPWersja>2012-09-26T22:09:15+02:00</sln:gmIIPWersja><sln:gmIdTeryt>1206022</sln:gmIdTeryt><sln:gmNazwa>Igołomia-Wawrzeńczyce</sln:gmNazwa><sln:miejscIIPId>0bdca9b1-fddb-4691-bf99-ebcc8c258f43</sln:miejscIIPId><sln:miejscIIPPn>PL.PZGIK.200</sln:miejscIIPPn><sln:miejscIIPWersja>2016-11-24T13:59:39+02:00</sln:miejscIIPWersja><sln:miejscIdTeryt>0319799</sln:miejscIdTeryt><sln:miejscNazwa>Koźlica Tropiszowska</sln:miejscNazwa><sln:miejscRodzaj>Inny obiekt</sln:miejscRodzaj><sln:powIIPId>3104c00e-f86d-4d1a-ac9e-8c85e101ac95</sln:powIIPId><sln:powIIPPn>PL.PZGIK.200</sln:powIIPPn><sln:powIIPWersja>2013-07-11T08:30:38+02:00</sln:powIIPWersja><sln:powIdTeryt>1206</sln:powIdTeryt><sln:powNazwa>krakowski</sln:powNazwa><sln:wojIIPId>dd2e3c64-f861-47cf-a3a3-e7751f272b2f</sln:wojIIPId><sln:wojIIPPn>PL.PZGIK.200</sln:wojIIPPn><sln:wojIIPWersja>2017-10-10T00:00:00+02:00</sln:wojIIPWersja><sln:wojIdTeryt>12</sln:wojIdTeryt><sln:wojNazwa>małopolskie</sln:wojNazwa></sln:miejscowosc><sln:miejscowosc><sln:cyklZyciaOd>2014-12-06T00:00:00+01:00</sln:cyklZyciaOd><sln:gmIIPId>c1b9f35e-c8d2-408b-b1ac-bf59596aeec9</sln:gmIIPId><sln:gmIIPPn>PL.PZGIK.200</sln:gmIIPPn><sln:gmIIPWersja>2012-09-26T22:09:15+02:00</sln:gmIIPWersja><sln:gmIdTeryt>1206022</sln:gmIdTeryt><sln:gmNazwa>Igołomia-Wawrzeńczyce</sln:gmNazwa><sln:miejscIIPId>ea7693a2-e4fb-4892-9ffb-a1ca9b225fa7</sln:miejscIIPId><sln:miejscIIPPn>PL.PZGIK.200</sln:miejscIIPPn><sln:miejscIIPWersja>2016-11-24T13:59:39+02:00</sln:miejscIIPWersja><sln:miejscIdTeryt>0320220</sln:miejscIdTeryt><sln:miejscNazwa>Złotniki-Kolonia</sln:miejscNazwa><sln:miejscRodzaj>Inny obiekt</sln:miejscRodzaj><sln:powIIPId>3104c00e-f86d-4d1a-ac9e-8c85e101ac95</sln:powIIPId><sln:powIIPPn>PL.PZGIK.200</sln:powIIPPn><sln:powIIPWersja>2013-07-11T08:30:38+02:00</sln:powIIPWersja><sln:powIdTeryt>1206</sln:powIdTeryt><sln:powNazwa>krakowski</sln:powNazwa><sln:wojIIPId>dd2e3c64-f861-47cf-a3a3-e7751f272b2f</sln:wojIIPId><sln:wojIIPPn>PL.PZGIK.200</sln:wojIIPPn><sln:wojIIPWersja>2017-10-10T00:00:00+02:00</sln:wojIIPWersja><sln:wojIdTeryt>12</sln:wojIdTeryt><sln:wojNazwa>małopolskie</sln:wojNazwa></sln:miejscowosc><sln:miejscowosc><sln:cyklZyciaOd>2014-12-06T00:00:00+01:00</sln:cyklZyciaOd><sln:gmIIPId>c1b9f35e-c8d2-408b-b1ac-bf59596aeec9</sln:gmIIPId><sln:gmIIPPn>PL.PZGIK.200</sln:gmIIPPn><sln:gmIIPWersja>2012-09-26T22:09:15+02:00</sln:gmIIPWersja><sln:gmIdTeryt>1206022</sln:gmIdTeryt><sln:gmNazwa>Igołomia-Wawrzeńczyce</sln:gmNazwa><sln:miejscIIPId>a962741c-14db-4da1-afd1-1139fdd39c65</sln:miejscIIPId><sln:miejscIIPPn>PL.PZGIK.200</sln:miejscIIPPn><sln:miejscIIPWersja>2016-11-24T13:59:39+02:00</sln:miejscIIPWersja><sln:miejscIdTeryt>0320242</sln:miejscIdTeryt><sln:miejscNazwa>Błonie</sln:miejscNazwa><sln:miejscRodzaj>Inny obiekt</sln:miejscRodzaj><sln:powIIPId>3104c00e-f86d-4d1a-ac9e-8c85e101ac95</sln:powIIPId><sln:powIIPPn>PL.PZGIK.200</sln:powIIPPn><sln:powIIPWersja>2013-07-11T08:30:38+02:00</sln:powIIPWersja><sln:powIdTeryt>1206</sln:powIdTeryt><sln:powNazwa>krakowski</sln:powNazwa><sln:wojIIPId>dd2e3c64-f861-47cf-a3a3-e7751f272b2f</sln:wojIIPId><sln:wojIIPPn>PL.PZGIK.200</sln:wojIIPPn><sln:wojIIPWersja>2017-10-10T00:00:00+02:00</sln:wojIIPWersja><sln:wojIdTeryt>12</sln:wojIdTeryt><sln:wojNazwa>małopolskie</sln:wojNazwa></sln:miejscowosc><sln:miejscowosc><sln:cyklZyciaOd>2014-12-06T00:00:00+01:00</sln:cyklZyciaOd><sln:gmIIPId>c1b9f35e-c8d2-408b-b1ac-bf59596aeec9</sln:gmIIPId><sln:gmIIPPn>PL.PZGIK.200</sln:gmIIPPn><sln:gmIIPWersja>2012-09-26T22:09:15+02:00</sln:gmIIPWersja><sln:gmIdTeryt>1206022</sln:gmIdTeryt><sln:gmNazwa>Igołomia-Wawrzeńczyce</sln:gmNazwa><sln:miejscIIPId>62488df1-d876-46dc-b8de-7403ed3b5db7</sln:miejscIIPId><sln:miejscIIPPn>PL.PZGIK.200</sln:miejscIIPPn><sln:miejscIIPWersja>2016-11-24T13:49:01+02:00</sln:miejscIIPWersja><sln:miejscIdTeryt>0320012</sln:miejscIdTeryt><sln:miejscNazwa>Kamienna</sln:miejscNazwa><sln:miejscRodzaj>Inny obiekt</sln:miejscRodzaj><sln:powIIPId>3104c00e-f86d-4d1a-ac9e-8c85e101ac95</sln:powIIPId><sln:powIIPPn>PL.PZGIK.200</sln:powIIPPn><sln:powIIPWersja>2013-07-11T08:30:38+02:00</sln:powIIPWersja><sln:powIdTeryt>1206</sln:powIdTeryt><sln:powNazwa>krakowski</sln:powNazwa><sln:wojIIPId>dd2e3c64-f861-47cf-a3a3-e7751f272b2f</sln:wojIIPId><sln:wojIIPPn>PL.PZGIK.200</sln:wojIIPPn><sln:wojIIPWersja>2017-10-10T00:00:00+02:00</sln:wojIIPWersja><sln:wojIdTeryt>12</sln:wojIdTeryt><sln:wojNazwa>małopolskie</sln:wojNazwa></sln:miejscowosc><sln:miejscowosc><sln:cyklZyciaOd>2014-12-06T00:00:00+01:00</sln:cyklZyciaOd><sln:gmIIPId>c1b9f35e-c8d2-408b-b1ac-bf59596aeec9</sln:gmIIPId><sln:gmIIPPn>PL.PZGIK.200</sln:gmIIPPn><sln:gmIIPWersja>2012-09-26T22:09:15+02:00</sln:gmIIPWersja><sln:gmIdTeryt>1206022</sln:gmIdTeryt><sln:gmNazwa>Igołomia-Wawrzeńczyce</sln:gmNazwa><sln:miejscIIPId>c55130ea-304d-4067-a1ac-682e6716f9c9</sln:miejscIIPId><sln:miejscIIPPn>PL.PZGIK.200</sln:miejscIIPPn><sln:miejscIIPWersja>2016-11-24T13:47:35+02:00</sln:miejscIIPWersja><sln:miejscIdTeryt>0319960</sln:miejscIdTeryt><sln:miejscNazwa>Wygnanów</sln:miejscNazwa><sln:miejscRodzaj>Przysiółek</sln:miejscRodzaj><sln:powIIPId>3104c00e-f86d-4d1a-ac9e-8c85e101ac95</sln:powIIPId><sln:powIIPPn>PL.PZGIK.200</sln:powIIPPn><sln:powIIPWersja>2013-07-11T08:30:38+02:00</sln:powIIPWersja><sln:powIdTeryt>1206</sln:powIdTeryt><sln:powNazwa>krakowski</sln:powNazwa><sln:wojIIPId>dd2e3c64-f861-47cf-a3a3-e7751f272b2f</sln:wojIIPId><sln:wojIIPPn>PL.PZGIK.200</sln:wojIIPPn><sln:wojIIPWersja>2017-10-10T00:00:00+02:00</sln:wojIIPWersja><sln:wojIdTeryt>12</sln:wojIdTeryt><sln:wojNazwa>małopolskie</sln:wojNazwa></sln:miejscowosc><sln:miejscowosc><sln:cyklZyciaOd>2014-12-06T00:00:00+01:00</sln:cyklZyciaOd><sln:gmIIPId>c1b9f35e-c8d2-408b-b1ac-bf59596aeec9</sln:gmIIPId><sln:gmIIPPn>PL.PZGIK.200</sln:gmIIPPn><sln:gmIIPWersja>2012-09-26T22:09:15+02:00</sln:gmIIPWersja><sln:gmIdTeryt>1206022</sln:gmIdTeryt><sln:gmNazwa>Igołomia-Wawrzeńczyce</sln:gmNazwa><sln:miejscIIPId>d828d200-07ad-41be-980d-09117b814cd0</sln:miejscIIPId><sln:miejscIIPPn>PL.PZGIK.200</sln:miejscIIPPn><sln:miejscIIPWersja>2016-11-24T13:44:48+02:00</sln:miejscIIPWersja><sln:miejscIdTeryt>0319888</sln:miejscIdTeryt><sln:miejscNazwa>Brzostek</sln:miejscNazwa><sln:miejscRodzaj>Inny obiekt</sln:miejscRodzaj><sln:powIIPId>3104c00e-f86d-4d1a-ac9e-8c85e101ac95</sln:powIIPId><sln:powIIPPn>PL.PZGIK.200</sln:powIIPPn><sln:powIIPWersja>2013-07-11T08:30:38+02:00</sln:powIIPWersja><sln:powIdTeryt>1206</sln:powIdTeryt><sln:powNazwa>krakowski</sln:powNazwa><sln:wojIIPId>dd2e3c64-f861-47cf-a3a3-e7751f272b2f</sln:wojIIPId><sln:wojIIPPn>PL.PZGIK.200</sln:wojIIPPn><sln:wojIIPWersja>2017-10-10T00:00:00+02:00</sln:wojIIPWersja><sln:wojIdTeryt>12</sln:wojIdTeryt><sln:wojNazwa>małopolskie</sln:wojNazwa></sln:miejscowosc><sln:miejscowosc><sln:cyklZyciaOd>2014-12-06T00:00:00+01:00</sln:cyklZyciaOd><sln:gmIIPId>c1b9f35e-c8d2-408b-b1ac-bf59596aeec9</sln:gmIIPId><sln:gmIIPPn>PL.PZGIK.200</sln:gmIIPPn><sln:gmIIPWersja>2012-09-26T22:09:15+02:00</sln:gmIIPWersja><sln:gmIdTeryt>1206022</sln:gmIdTeryt><sln:gmNazwa>Igołomia-Wawrzeńczyce</sln:gmNazwa><sln:miejscIIPId>83512e32-f055-4e22-b52e-640d844f39c4</sln:miejscIIPId><sln:miejscIIPPn>PL.PZGIK.200</sln:miejscIIPPn><sln:miejscIIPWersja>2016-11-24T13:35:17+02:00</sln:miejscIIPWersja><sln:miejscIdTeryt>0320265</sln:miejscIdTeryt><sln:miejscNazwa>Żydów</sln:miejscNazwa><sln:miejscRodzaj>Wieś</sln:miejscRodzaj><sln:powIIPId>3104c00e-f86d-4d1a-ac9e-8c85e101ac95</sln:powIIPId><sln:powIIPPn>PL.PZGIK.200</sln:powIIPPn><sln:powIIPWersja>2013-07-11T08:30:38+02:00</sln:powIIPWersja><sln:powIdTeryt>1206</sln:powIdTeryt><sln:powNazwa>krakowski</sln:powNazwa><sln:wojIIPId>dd2e3c64-f861-47cf-a3a3-e7751f272b2f</sln:wojIIPId><sln:wojIIPPn>PL.PZGIK.200</sln:wojIIPPn><sln:wojIIPWersja>2017-10-10T00:00:00+02:00</sln:wojIIPWersja><sln:wojIdTeryt>12</sln:wojIdTeryt><sln:wojNazwa>małopolskie</sln:wojNazwa></sln:miejscowosc><sln:miejscowosc><sln:cyklZyciaOd>2014-12-06T00:00:00+01:00</sln:cyklZyciaOd><sln:gmIIPId>c1b9f35e-c8d2-408b-b1ac-bf59596aeec9</sln:gmIIPId><sln:gmIIPPn>PL.PZGIK.200</sln:gmIIPPn><sln:gmIIPWersja>2012-09-26T22:09:15+02:00</sln:gmIIPWersja><sln:gmIdTeryt>1206022</sln:gmIdTeryt><sln:gmNazwa>Igołomia-Wawrzeńczyce</sln:gmNazwa><sln:miejscIIPId>220bad70-d288-4adf-bf56-be8bbad3b195</sln:miejscIIPId><sln:miejscIIPPn>PL.PZGIK.200</sln:miejscIIPPn><sln:miejscIIPWersja>2016-11-24T13:32:58+02:00</sln:miejscIIPWersja><sln:miejscIdTeryt>0320087</sln:miejscIdTeryt><sln:miejscNazwa>Wawrzeńczyce</sln:miejscNazwa><sln:miejscRodzaj>Wieś</sln:miejscRodzaj><sln:powIIPId>3104c00e-f86d-4d1a-ac9e-8c85e101ac95</sln:powIIPId><sln:powIIPPn>PL.PZGIK.200</sln:powIIPPn><sln:powIIPWersja>2013-07-11T08:30:38+02:00</sln:powIIPWersja><sln:powIdTeryt>1206</sln:powIdTeryt><sln:powNazwa>krakowski</sln:powNazwa><sln:wojIIPId>dd2e3c64-f861-47cf-a3a3-e7751f272b2f</sln:wojIIPId><sln:wojIIPPn>PL.PZGIK.200</sln:wojIIPPn><sln:wojIIPWersja>2017-10-10T00:00:00+02:00</sln:wojIIPWersja><sln:wojIdTeryt>12</sln:wojIdTeryt><sln:wojNazwa>małopolskie</sln:wojNazwa></sln:miejscowosc><sln:miejscowosc><sln:cyklZyciaOd>2014-12-06T00:00:00+01:00</sln:cyklZyciaOd><sln:gmIIPId>c1b9f35e-c8d2-408b-b1ac-bf59596aeec9</sln:gmIIPId><sln:gmIIPPn>PL.PZGIK.200</sln:gmIIPPn><sln:gmIIPWersja>2012-09-26T22:09:15+02:00</sln:gmIIPWersja><sln:gmIdTeryt>1206022</sln:gmIdTeryt><sln:gmNazwa>Igołomia-Wawrzeńczyce</sln:gmNazwa><sln:miejscIIPId>6a5e3af0-9926-4ac5-855b-e1f47ddddaf2</sln:miejscIIPId><sln:miejscIIPPn>PL.PZGIK.200</sln:miejscIIPPn><sln:miejscIIPWersja>2016-11-24T13:54:49+02:00</sln:miejscIIPWersja><sln:miejscIdTeryt>0319760</sln:miejscIdTeryt><sln:miejscNazwa>Luborzyczka</sln:miejscNazwa><sln:miejscRodzaj>Inny obiekt</sln:miejscRodzaj><sln:powIIPId>3104c00e-f86d-4d1a-ac9e-8c85e101ac95</sln:powIIPId><sln:powIIPPn>PL.PZGIK.200</sln:powIIPPn><sln:powIIPWersja>2013-07-11T08:30:38+02:00</sln:powIIPWersja><sln:powIdTeryt>1206</sln:powIdTeryt><sln:powNazwa>krakowski</sln:powNazwa><sln:wojIIPId>dd2e3c64-f861-47cf-a3a3-e7751f272b2f</sln:wojIIPId><sln:wojIIPPn>PL.PZGIK.200</sln:wojIIPPn><sln:wojIIPWersja>2017-10-10T00:00:00+02:00</sln:wojIIPWersja><sln:wojIdTeryt>12</sln:wojIdTeryt><sln:wojNazwa>małopolskie</sln:wojNazwa></sln:miejscowosc><sln:miejscowosc><sln:cyklZyciaOd>2014-12-06T00:00:00+01:00</sln:cyklZyciaOd><sln:gmIIPId>c1b9f35e-c8d2-408b-b1ac-bf59596aeec9</sln:gmIIPId><sln:gmIIPPn>PL.PZGIK.200</sln:gmIIPPn><sln:gmIIPWersja>2012-09-26T22:09:15+02:00</sln:gmIIPWersja><sln:gmIdTeryt>1206022</sln:gmIdTeryt><sln:gmNazwa>Igołomia-Wawrzeńczyce</sln:gmNazwa><sln:miejscIIPId>7c3fc83a-1e15-4024-970f-fc693cdc2243</sln:miejscIIPId><sln:miejscIIPPn>PL.PZGIK.200</sln:miejscIIPPn><sln:miejscIIPWersja>2016-11-24T13:49:16+02:00</sln:miejscIIPWersja><sln:miejscIdTeryt>0320124</sln:miejscIdTeryt><sln:miejscNazwa>Hektary</sln:miejscNazwa><sln:miejscRodzaj>Inny obiekt</sln:miejscRodzaj><sln:powIIPId>3104c00e-f86d-4d1a-ac9e-8c85e101ac95</sln:powIIPId><sln:powIIPPn>PL.PZGIK.200</sln:powIIPPn><sln:powIIPWersja>2013-07-11T08:30:38+02:00</sln:powIIPWersja><sln:powIdTeryt>1206</sln:powIdTeryt><sln:powNazwa>krakowski</sln:powNazwa><sln:wojIIPId>dd2e3c64-f861-47cf-a3a3-e7751f272b2f</sln:wojIIPId><sln:wojIIPPn>PL.PZGIK.200</sln:wojIIPPn><sln:wojIIPWersja>2017-10-10T00:00:00+02:00</sln:wojIIPWersja><sln:wojIdTeryt>12</sln:wojIdTeryt><sln:wojNazwa>małopolskie</sln:wojNazwa></sln:miejscowosc><sln:miejscowosc><sln:cyklZyciaOd>2014-12-06T00:00:00+01:00</sln:cyklZyciaOd><sln:gmIIPId>c1b9f35e-c8d2-408b-b1ac-bf59596aeec9</sln:gmIIPId><sln:gmIIPPn>PL.PZGIK.200</sln:gmIIPPn><sln:gmIIPWersja>2012-09-26T22:09:15+02:00</sln:gmIIPWersja><sln:gmIdTeryt>1206022</sln:gmIdTeryt><sln:gmNazwa>Igołomia-Wawrzeńczyce</sln:gmNazwa><sln:miejscIIPId>5799cd18-4cc1-4023-a2cf-6a9f67da1d24</sln:miejscIIPId><sln:miejscIIPPn>PL.PZGIK.200</sln:miejscIIPPn><sln:miejscIIPWersja>2016-11-24T13:49:16+02:00</sln:miejscIIPWersja><sln:miejscIdTeryt>0320130</sln:miejscIdTeryt><sln:miejscNazwa>Kolonia</sln:miejscNazwa><sln:miejscRodzaj>Inny obiekt</sln:miejscRodzaj><sln:powIIPId>3104c00e-f86d-4d1a-ac9e-8c85e101ac95</sln:powIIPId><sln:powIIPPn>PL.PZGIK.200</sln:powIIPPn><sln:powIIPWersja>2013-07-11T08:30:38+02:00</sln:powIIPWersja><sln:powIdTeryt>1206</sln:powIdTeryt><sln:powNazwa>krakowski</sln:powNazwa><sln:wojIIPId>dd2e3c64-f861-47cf-a3a3-e7751f272b2f</sln:wojIIPId><sln:wojIIPPn>PL.PZGIK.200</sln:wojIIPPn><sln:wojIIPWersja>2017-10-10T00:00:00+02:00</sln:wojIIPWersja><sln:wojIdTeryt>12</sln:wojIdTeryt><sln:wojNazwa>małopolskie</sln:wojNazwa></sln:miejscowosc><sln:miejscowosc><sln:cyklZyciaOd>2014-12-06T00:00:00+01:00</sln:cyklZyciaOd><sln:gmIIPId>c1b9f35e-c8d2-408b-b1ac-bf59596aeec9</sln:gmIIPId><sln:gmIIPPn>PL.PZGIK.200</sln:gmIIPPn><sln:gmIIPWersja>2012-09-26T22:09:15+02:00</sln:gmIIPWersja><sln:gmIdTeryt>1206022</sln:gmIdTeryt><sln:gmNazwa>Igołomia-Wawrzeńczyce</sln:gmNazwa><sln:miejscIIPId>7d1d94e8-af22-4bb4-b739-1f3c1bc6a0f8</sln:miejscIIPId><sln:miejscIIPPn>PL.PZGIK.200</sln:miejscIIPPn><sln:miejscIIPWersja>2016-11-24T13:49:16+02:00</sln:miejscIIPWersja><sln:miejscIdTeryt>0320118</sln:miejscIdTeryt><sln:miejscNazwa>Grobla</sln:miejscNazwa><sln:miejscRodzaj>Inny obiekt</sln:miejscRodzaj><sln:powIIPId>3104c00e-f86d-4d1a-ac9e-8c85e101ac95</sln:powIIPId><sln:powIIPPn>PL.PZGIK.200</sln:powIIPPn><sln:powIIPWersja>2013-07-11T08:30:38+02:00</sln:powIIPWersja><sln:powIdTeryt>1206</sln:powIdTeryt><sln:powNazwa>krakowski</sln:powNazwa><sln:wojIIPId>dd2e3c64-f861-47cf-a3a3-e7751f272b2f</sln:wojIIPId><sln:wojIIPPn>PL.PZGIK.200</sln:wojIIPPn><sln:wojIIPWersja>2017-10-10T00:00:00+02:00</sln:wojIIPWersja><sln:wojIdTeryt>12</sln:wojIdTeryt><sln:wojNazwa>małopolskie</sln:wojNazwa></sln:miejscowosc><sln:miejscowosc><sln:cyklZyciaOd>2014-12-06T00:00:00+01:00</sln:cyklZyciaOd><sln:gmIIPId>c1b9f35e-c8d2-408b-b1ac-bf59596aeec9</sln:gmIIPId><sln:gmIIPPn>PL.PZGIK.200</sln:gmIIPPn><sln:gmIIPWersja>2012-09-26T22:09:15+02:00</sln:gmIIPWersja><sln:gmIdTeryt>1206022</sln:gmIdTeryt><sln:gmNazwa>Igołomia-Wawrzeńczyce</sln:gmNazwa><sln:miejscIIPId>26a17016-1dc9-4990-b8e7-5f3e6047f525</sln:miejscIIPId><sln:miejscIIPPn>PL.PZGIK.200</sln:miejscIIPPn><sln:miejscIIPWersja>2016-11-24T13:34:53+02:00</sln:miejscIIPWersja><sln:miejscIdTeryt>0320236</sln:miejscIdTeryt><sln:miejscNazwa>Zofipole</sln:miejscNazwa><sln:miejscRodzaj>Wieś</sln:miejscRodzaj><sln:powIIPId>3104c00e-f86d-4d1a-ac9e-8c85e101ac95</sln:powIIPId><sln:powIIPPn>PL.PZGIK.200</sln:powIIPPn><sln:powIIPWersja>2013-07-11T08:30:38+02:00</sln:powIIPWersja><sln:powIdTeryt>1206</sln:powIdTeryt><sln:powNazwa>krakowski</sln:powNazwa><sln:wojIIPId>dd2e3c64-f861-47cf-a3a3-e7751f272b2f</sln:wojIIPId><sln:wojIIPPn>PL.PZGIK.200</sln:wojIIPPn><sln:wojIIPWersja>2017-10-10T00:00:00+02:00</sln:wojIIPWersja><sln:wojIdTeryt>12</sln:wojIdTeryt><sln:wojNazwa>małopolskie</sln:wojNazwa></sln:miejscowosc><sln:miejscowosc><sln:cyklZyciaOd>2014-12-06T00:00:00+01:00</sln:cyklZyciaOd><sln:gmIIPId>c1b9f35e-c8d2-408b-b1ac-bf59596aeec9</sln:gmIIPId><sln:gmIIPPn>PL.PZGIK.200</sln:gmIIPPn><sln:gmIIPWersja>2012-09-26T22:09:15+02:00</sln:gmIIPWersja><sln:gmIdTeryt>1206022</sln:gmIdTeryt><sln:gmNazwa>Igołomia-Wawrzeńczyce</sln:gmNazwa><sln:miejscIIPId>11ef6721-534c-4671-a958-679a66ced46b</sln:miejscIIPId><sln:miejscIIPPn>PL.PZGIK.200</sln:miejscIIPPn><sln:miejscIIPWersja>2016-11-24T13:31:29+02:00</sln:miejscIIPWersja><sln:miejscIdTeryt>0319948</sln:miejscIdTeryt><sln:miejscNazwa>Stręgoborzyce</sln:miejscNazwa><sln:miejscRodzaj>Wieś</sln:miejscRodzaj><sln:powIIPId>3104c00e-f86d-4d1a-ac9e-8c85e101ac95</sln:powIIPId><sln:powIIPPn>PL.PZGIK.200</sln:powIIPPn><sln:powIIPWersja>2013-07-11T08:30:38+02:00</sln:powIIPWersja><sln:powIdTeryt>1206</sln:powIdTeryt><sln:powNazwa>krakowski</sln:powNazwa><sln:wojIIPId>dd2e3c64-f861-47cf-a3a3-e7751f272b2f</sln:wojIIPId><sln:wojIIPPn>PL.PZGIK.200</sln:wojIIPPn><sln:wojIIPWersja>2017-10-10T00:00:00+02:00</sln:wojIIPWersja><sln:wojIdTeryt>12</sln:wojIdTeryt><sln:wojNazwa>małopolskie</sln:wojNazwa></sln:miejscowosc><sln:miejscowosc><sln:cyklZyciaOd>2014-12-06T00:00:00+01:00</sln:cyklZyciaOd><sln:gmIIPId>c1b9f35e-c8d2-408b-b1ac-bf59596aeec9</sln:gmIIPId><sln:gmIIPPn>PL.PZGIK.200</sln:gmIIPPn><sln:gmIIPWersja>2012-09-26T22:09:15+02:00</sln:gmIIPWersja><sln:gmIdTeryt>1206022</sln:gmIdTeryt><sln:gmNazwa>Igołomia-Wawrzeńczyce</sln:gmNazwa><sln:miejscIIPId>47900edd-db9b-497c-b60f-6ad353770268</sln:miejscIIPId><sln:miejscIIPPn>PL.PZGIK.200</sln:miejscIIPPn><sln:miejscIIPWersja>2016-11-24T13:40:08+02:00</sln:miejscIIPWersja><sln:miejscIdTeryt>0319776</sln:miejscIdTeryt><sln:miejscNazwa>Koźlica</sln:miejscNazwa><sln:miejscRodzaj>Wieś</sln:miejscRodzaj><sln:powIIPId>3104c00e-f86d-4d1a-ac9e-8c85e101ac95</sln:powIIPId><sln:powIIPPn>PL.PZGIK.200</sln:powIIPPn><sln:powIIPWersja>2013-07-11T08:30:38+02:00</sln:powIIPWersja><sln:powIdTeryt>1206</sln:powIdTeryt><sln:powNazwa>krakowski</sln:powNazwa><sln:wojIIPId>dd2e3c64-f861-47cf-a3a3-e7751f272b2f</sln:wojIIPId><sln:wojIIPPn>PL.PZGIK.200</sln:wojIIPPn><sln:wojIIPWersja>2017-10-10T00:00:00+02:00</sln:wojIIPWersja><sln:wojIdTeryt>12</sln:wojIdTeryt><sln:wojNazwa>małopolskie</sln:wojNazwa></sln:miejscowosc><sln:miejscowosc><sln:cyklZyciaOd>2014-12-06T00:00:00+01:00</sln:cyklZyciaOd><sln:gmIIPId>c1b9f35e-c8d2-408b-b1ac-bf59596aeec9</sln:gmIIPId><sln:gmIIPPn>PL.PZGIK.200</sln:gmIIPPn><sln:gmIIPWersja>2012-09-26T22:09:15+02:00</sln:gmIIPWersja><sln:gmIdTeryt>1206022</sln:gmIdTeryt><sln:gmNazwa>Igołomia-Wawrzeńczyce</sln:gmNazwa><sln:miejscIIPId>9f0ccd27-3e5a-41c2-8d03-3b6dbc3dd72f</sln:miejscIIPId><sln:miejscIIPPn>PL.PZGIK.200</sln:miejscIIPPn><sln:miejscIIPWersja>2016-11-24T13:56:05+02:00</sln:miejscIIPWersja><sln:miejscIdTeryt>0319807</sln:miejscIdTeryt><sln:miejscNazwa>Koźlica Węgrzynowska</sln:miejscNazwa><sln:miejscRodzaj>Inny obiekt</sln:miejscRodzaj><sln:powIIPId>3104c00e-f86d-4d1a-ac9e-8c85e101ac95</sln:powIIPId><sln:powIIPPn>PL.PZGIK.200</sln:powIIPPn><sln:powIIPWersja>2013-07-11T08:30:38+02:00</sln:powIIPWersja><sln:powIdTeryt>1206</sln:powIdTeryt><sln:powNazwa>krakowski</sln:powNazwa><sln:wojIIPId>dd2e3c64-f861-47cf-a3a3-e7751f272b2f</sln:wojIIPId><sln:wojIIPPn>PL.PZGIK.200</sln:wojIIPPn><sln:wojIIPWersja>2017-10-10T00:00:00+02:00</sln:wojIIPWersja><sln:wojIdTeryt>12</sln:wojIdTeryt><sln:wojNazwa>małopolskie</sln:wojNazwa></sln:miejscowosc><sln:miejscowosc><sln:cyklZyciaOd>2014-12-06T00:00:00+01:00</sln:cyklZyciaOd><sln:gmIIPId>c1b9f35e-c8d2-408b-b1ac-bf59596aeec9</sln:gmIIPId><sln:gmIIPPn>PL.PZGIK.200</sln:gmIIPPn><sln:gmIIPWersja>2012-09-26T22:09:15+02:00</sln:gmIIPWersja><sln:gmIdTeryt>1206022</sln:gmIdTeryt><sln:gmNazwa>Igołomia-Wawrzeńczyce</sln:gmNazwa><sln:miejscIIPId>22869937-a3dc-43a9-94b8-c08aae2994df</sln:miejscIIPId><sln:miejscIIPPn>PL.PZGIK.200</sln:miejscIIPPn><sln:miejscIIPWersja>2016-11-24T13:49:16+02:00</sln:miejscIIPWersja><sln:miejscIdTeryt>0320153</sln:miejscIdTeryt><sln:miejscNazwa>Odwiśle</sln:miejscNazwa><sln:miejscRodzaj>Inny obiekt</sln:miejscRodzaj><sln:powIIPId>3104c00e-f86d-4d1a-ac9e-8c85e101ac95</sln:powIIPId><sln:powIIPPn>PL.PZGIK.200</sln:powIIPPn><sln:powIIPWersja>2013-07-11T08:30:38+02:00</sln:powIIPWersja><sln:powIdTeryt>1206</sln:powIdTeryt><sln:powNazwa>krakowski</sln:powNazwa><sln:wojIIPId>dd2e3c64-f861-47cf-a3a3-e7751f272b2f</sln:wojIIPId><sln:wojIIPPn>PL.PZGIK.200</sln:wojIIPPn><sln:wojIIPWersja>2017-10-10T00:00:00+02:00</sln:wojIIPWersja><sln:wojIdTeryt>12</sln:wojIdTeryt><sln:wojNazwa>małopolskie</sln:wojNazwa></sln:miejscowosc><sln:miejscowosc><sln:cyklZyciaOd>2014-12-06T00:00:00+01:00</sln:cyklZyciaOd><sln:gmIIPId>c1b9f35e-c8d2-408b-b1ac-bf59596aeec9</sln:gmIIPId><sln:gmIIPPn>PL.PZGIK.200</sln:gmIIPPn><sln:gmIIPWersja>2012-09-26T22:09:15+02:00</sln:gmIIPWersja><sln:gmIdTeryt>1206022</sln:gmIdTeryt><sln:gmNazwa>Igołomia-Wawrzeńczyce</sln:gmNazwa><sln:miejscIIPId>c18b27bc-7bc6-414c-83f9-2d72bb05a8dc</sln:miejscIIPId><sln:miejscIIPPn>PL.PZGIK.200</sln:miejscIIPPn><sln:miejscIIPWersja>2016-11-24T13:59:39+02:00</sln:miejscIIPWersja><sln:miejscIdTeryt>0320259</sln:miejscIdTeryt><sln:miejscNazwa>Osiedle</sln:miejscNazwa><sln:miejscRodzaj>Inny obiekt</sln:miejscRodzaj><sln:powIIPId>3104c00e-f86d-4d1a-ac9e-8c85e101ac95</sln:powIIPId><sln:powIIPPn>PL.PZGIK.200</sln:powIIPPn><sln:powIIPWersja>2013-07-11T08:30:38+02:00</sln:powIIPWersja><sln:powIdTeryt>1206</sln:powIdTeryt><sln:powNazwa>krakowski</sln:powNazwa><sln:wojIIPId>dd2e3c64-f861-47cf-a3a3-e7751f272b2f</sln:wojIIPId><sln:wojIIPPn>PL.PZGIK.200</sln:wojIIPPn><sln:wojIIPWersja>2017-10-10T00:00:00+02:00</sln:wojIIPWersja><sln:wojIdTeryt>12</sln:wojIdTeryt><sln:wojNazwa>małopolskie</sln:wojNazwa></sln:miejscowosc><sln:miejscowosc><sln:cyklZyciaOd>2014-12-06T00:00:00+01:00</sln:cyklZyciaOd><sln:gmIIPId>c1b9f35e-c8d2-408b-b1ac-bf59596aeec9</sln:gmIIPId><sln:gmIIPPn>PL.PZGIK.200</sln:gmIIPPn><sln:gmIIPWersja>2012-09-26T22:09:15+02:00</sln:gmIIPWersja><sln:gmIdTeryt>1206022</sln:gmIdTeryt><sln:gmNazwa>Igołomia-Wawrzeńczyce</sln:gmNazwa><sln:miejscIIPId>bec22601-de3e-4db4-af61-ff975abfc82c</sln:miejscIIPId><sln:miejscIIPPn>PL.PZGIK.200</sln:miejscIIPPn><sln:miejscIIPWersja>2016-11-24T13:59:39+02:00</sln:miejscIIPWersja><sln:miejscIdTeryt>0319724</sln:miejscIdTeryt><sln:miejscNazwa>Błonie</sln:miejscNazwa><sln:miejscRodzaj>Inny obiekt</sln:miejscRodzaj><sln:powIIPId>3104c00e-f86d-4d1a-ac9e-8c85e101ac95</sln:powIIPId><sln:powIIPPn>PL.PZGIK.200</sln:powIIPPn><sln:powIIPWersja>2013-07-11T08:30:38+02:00</sln:powIIPWersja><sln:powIdTeryt>1206</sln:powIdTeryt><sln:powNazwa>krakowski</sln:powNazwa><sln:wojIIPId>dd2e3c64-f861-47cf-a3a3-e7751f272b2f</sln:wojIIPId><sln:wojIIPPn>PL.PZGIK.200</sln:wojIIPPn><sln:wojIIPWersja>2017-10-10T00:00:00+02:00</sln:wojIIPWersja><sln:wojIdTeryt>12</sln:wojIdTeryt><sln:wojNazwa>małopolskie</sln:wojNazwa></sln:miejscowosc><sln:miejscowosc><sln:cyklZyciaOd>2014-12-06T00:00:00+01:00</sln:cyklZyciaOd><sln:gmIIPId>c1b9f35e-c8d2-408b-b1ac-bf59596aeec9</sln:gmIIPId><sln:gmIIPPn>PL.PZGIK.200</sln:gmIIPPn><sln:gmIIPWersja>2012-09-26T22:09:15+02:00</sln:gmIIPWersja><sln:gmIdTeryt>1206022</sln:gmIdTeryt><sln:gmNazwa>Igołomia-Wawrzeńczyce</sln:gmNazwa><sln:miejscIIPId>64029cb2-6f21-4972-8e42-28ef717fff88</sln:miejscIIPId><sln:miejscIIPPn>PL.PZGIK.200</sln:miejscIIPPn><sln:miejscIIPWersja>2016-11-24T13:59:39+02:00</sln:miejscIIPWersja><sln:miejscIdTeryt>0319902</sln:miejscIdTeryt><sln:miejscNazwa>Kolonia</sln:miejscNazwa><sln:miejscRodzaj>Inny obiekt</sln:miejscRodzaj><sln:powIIPId>3104c00e-f86d-4d1a-ac9e-8c85e101ac95</sln:powIIPId><sln:powIIPPn>PL.PZGIK.200</sln:powIIPPn><sln:powIIPWersja>2013-07-11T08:30:38+02:00</sln:powIIPWersja><sln:powIdTeryt>1206</sln:powIdTeryt><sln:powNazwa>krakowski</sln:powNazwa><sln:wojIIPId>dd2e3c64-f861-47cf-a3a3-e7751f272b2f</sln:wojIIPId><sln:wojIIPPn>PL.PZGIK.200</sln:wojIIPPn><sln:wojIIPWersja>2017-10-10T00:00:00+02:00</sln:wojIIPWersja><sln:wojIdTeryt>12</sln:wojIdTeryt><sln:wojNazwa>małopolskie</sln:wojNazwa></sln:miejscowosc></sln:lista-miejscowosci>