<?xml version="1.0" encoding="UTF-8" standalone="yes"?><sln:lista-miejscowosci xmlns:srv="http://gugik.gov.pl/schemas/slowniki-service/1.0" xmlns:sln="http://gugik.gov.pl/schemas/slowniki-schema/1.0"><sln:miejscowosc><sln:cyklZyciaDo>2017-02-21T00:00:00+01:00</sln:cyklZyciaDo><sln:cyklZyciaOd>2015-10-31T00:00:00+01:00</sln:cyklZyciaOd><sln:gmIIPId>601699f7-9bad-4a19-a723-eef4d609aa66</sln:gmIIPId><sln:gmIIPPn>PL.PZGIK.200</sln:gmIIPPn><sln:gmIIPWersja>2012-09-26T22:12:12+02:00</sln:gmIIPWersja><sln:gmIdTeryt>1216082</sln:gmIdTeryt><sln:gmNazwa>Skrzyszów</sln:gmNazwa><sln:miejscIIPId>c174d318-9194-49f0-942d-84a0f9896839</sln:miejscIIPId><sln:miejscIIPPn>PL.PZGIK.200</sln:miejscIIPPn><sln:miejscIIPWersja>2016-11-24T14:10:29+02:00</sln:miejscIIPWersja><sln:miejscIdTeryt>0830316</sln:miejscIdTeryt><sln:miejscNazwa>Ładna</sln:miejscNazwa><sln:miejscRodzaj>Wieś</sln:miejscRodzaj><sln:powIIPId>17c3b30e-7279-4144-9a54-b54dcc50a95c</sln:powIIPId><sln:powIIPPn>PL.PZGIK.200</sln:powIIPPn><sln:powIIPWersja>2012-09-27T07:52:01+02:00</sln:powIIPWersja><sln:powIdTeryt>1216</sln:powIdTeryt><sln:powNazwa>tarnowski</sln:powNazwa><sln:wojIIPId>dd2e3c64-f861-47cf-a3a3-e7751f272b2f</sln:wojIIPId><sln:wojIIPPn>PL.PZGIK.200</sln:wojIIPPn><sln:wojIIPWersja>2017-10-10T00:00:00+02:00</sln:wojIIPWersja><sln:wojIdTeryt>12</sln:wojIdTeryt><sln:wojNazwa>małopolskie</sln:wojNazwa></sln:miejscowosc><sln:miejscowosc><sln:cyklZyciaDo>2017-02-21T00:00:00+01:00</sln:cyklZyciaDo><sln:cyklZyciaOd>2015-10-31T00:00:00+01:00</sln:cyklZyciaOd><sln:gmIIPId>601699f7-9bad-4a19-a723-eef4d609aa66</sln:gmIIPId><sln:gmIIPPn>PL.PZGIK.200</sln:gmIIPPn><sln:gmIIPWersja>2012-09-26T22:12:12+02:00</sln:gmIIPWersja><sln:gmIdTeryt>1216082</sln:gmIdTeryt><sln:gmNazwa>Skrzyszów</sln:gmNazwa><sln:miejscIIPId>bafac766-470d-49ad-b49d-220d0175e34e</sln:miejscIIPId><sln:miejscIIPPn>PL.PZGIK.200</sln:miejscIIPPn><sln:miejscIIPWersja>2016-11-24T14:10:29+02:00</sln:miejscIIPWersja><sln:miejscIdTeryt>0830351</sln:miejscIdTeryt><sln:miejscNazwa>Łękawica</sln:miejscNazwa><sln:miejscRodzaj>Wieś</sln:miejscRodzaj><sln:powIIPId>17c3b30e-7279-4144-9a54-b54dcc50a95c</sln:powIIPId><sln:powIIPPn>PL.PZGIK.200</sln:powIIPPn><sln:powIIPWersja>2012-09-27T07:52:01+02:00</sln:powIIPWersja><sln:powIdTeryt>1216</sln:powIdTeryt><sln:powNazwa>tarnowski</sln:powNazwa><sln:wojIIPId>dd2e3c64-f861-47cf-a3a3-e7751f272b2f</sln:wojIIPId><sln:wojIIPPn>PL.PZGIK.200</sln:wojIIPPn><sln:wojIIPWersja>2017-10-10T00:00:00+02:00</sln:wojIIPWersja><sln:wojIdTeryt>12</sln:wojIdTeryt><sln:wojNazwa>małopolskie</sln:wojNazwa></sln:miejscowosc><sln:miejscowosc><sln:cyklZyciaDo>2017-02-21T00:00:00+01:00</sln:cyklZyciaDo><sln:cyklZyciaOd>2015-10-31T00:00:00+01:00</sln:cyklZyciaOd><sln:gmIIPId>601699f7-9bad-4a19-a723-eef4d609aa66</sln:gmIIPId><sln:gmIIPPn>PL.PZGIK.200</sln:gmIIPPn><sln:gmIIPWersja>2012-09-26T22:12:12+02:00</sln:gmIIPWersja><sln:gmIdTeryt>1216082</sln:gmIdTeryt><sln:gmNazwa>Skrzyszów</sln:gmNazwa><sln:miejscIIPId>f0effbe1-c250-476f-ab3a-f4f65d18c769</sln:miejscIIPId><sln:miejscIIPPn>PL.PZGIK.200</sln:miejscIIPPn><sln:miejscIIPWersja>2016-11-24T14:10:29+02:00</sln:miejscIIPWersja><sln:miejscIdTeryt>0830368</sln:miejscIdTeryt><sln:miejscNazwa>Pogórska Wola</sln:miejscNazwa><sln:miejscRodzaj>Wieś</sln:miejscRodzaj><sln:powIIPId>17c3b30e-7279-4144-9a54-b54dcc50a95c</sln:powIIPId><sln:powIIPPn>PL.PZGIK.200</sln:powIIPPn><sln:powIIPWersja>2012-09-27T07:52:01+02:00</sln:powIIPWersja><sln:powIdTeryt>1216</sln:powIdTeryt><sln:powNazwa>tarnowski</sln:powNazwa><sln:wojIIPId>dd2e3c64-f861-47cf-a3a3-e7751f272b2f</sln:wojIIPId><sln:wojIIPPn>PL.PZGIK.200</sln:wojIIPPn><sln:wojIIPWersja>2017-10-10T00:00:00+02:00</sln:wojIIPWersja><sln:wojIdTeryt>12</sln:wojIdTeryt><sln:wojNazwa>małopolskie</sln:wojNazwa></sln:miejscowosc><sln:miejscowosc><sln:cyklZyciaDo>2017-02-21T00:00:00+01:00</sln:cyklZyciaDo><sln:cyklZyciaOd>2015-10-31T00:00:00+01:00</sln:cyklZyciaOd><sln:gmIIPId>601699f7-9bad-4a19-a723-eef4d609aa66</sln:gmIIPId><sln:gmIIPPn>PL.PZGIK.200</sln:gmIIPPn><sln:gmIIPWersja>2012-09-26T22:12:12+02:00</sln:gmIIPWersja><sln:gmIdTeryt>1216082</sln:gmIdTeryt><sln:gmNazwa>Skrzyszów</sln:gmNazwa><sln:miejscIIPId>21a648d3-670a-4252-ac36-a1578ed8168b</sln:miejscIIPId><sln:miejscIIPPn>PL.PZGIK.200</sln:miejscIIPPn><sln:miejscIIPWersja>2016-11-24T14:10:29+02:00</sln:miejscIIPWersja><sln:miejscIdTeryt>0830428</sln:miejscIdTeryt><sln:miejscNazwa>Skrzyszów</sln:miejscNazwa><sln:miejscRodzaj>Wieś</sln:miejscRodzaj><sln:powIIPId>17c3b30e-7279-4144-9a54-b54dcc50a95c</sln:powIIPId><sln:powIIPPn>PL.PZGIK.200</sln:powIIPPn><sln:powIIPWersja>2012-09-27T07:52:01+02:00</sln:powIIPWersja><sln:powIdTeryt>1216</sln:powIdTeryt><sln:powNazwa>tarnowski</sln:powNazwa><sln:wojIIPId>dd2e3c64-f861-47cf-a3a3-e7751f272b2f</sln:wojIIPId><sln:wojIIPPn>PL.PZGIK.200</sln:wojIIPPn><sln:wojIIPWersja>2017-10-10T00:00:00+02:00</sln:wojIIPWersja><sln:wojIdTeryt>12</sln:wojIdTeryt><sln:wojNazwa>małopolskie</sln:wojNazwa></sln:miejscowosc><sln:miejscowosc><sln:cyklZyciaDo>2017-02-21T00:00:00+01:00</sln:cyklZyciaDo><sln:cyklZyciaOd>2015-10-31T00:00:00+01:00</sln:cyklZyciaOd><sln:gmIIPId>601699f7-9bad-4a19-a723-eef4d609aa66</sln:gmIIPId><sln:gmIIPPn>PL.PZGIK.200</sln:gmIIPPn><sln:gmIIPWersja>2012-09-26T22:12:12+02:00</sln:gmIIPWersja><sln:gmIdTeryt>1216082</sln:gmIdTeryt><sln:gmNazwa>Skrzyszów</sln:gmNazwa><sln:miejscIIPId>9ac1ccf3-4d9c-43c2-93ec-0e858e49598a</sln:miejscIIPId><sln:miejscIIPPn>PL.PZGIK.200</sln:miejscIIPPn><sln:miejscIIPWersja>2016-11-24T14:10:29+02:00</sln:miejscIIPWersja><sln:miejscIdTeryt>0830440</sln:miejscIdTeryt><sln:miejscNazwa>Szynwałd</sln:miejscNazwa><sln:miejscRodzaj>Wieś</sln:miejscRodzaj><sln:powIIPId>17c3b30e-7279-4144-9a54-b54dcc50a95c</sln:powIIPId><sln:powIIPPn>PL.PZGIK.200</sln:powIIPPn><sln:powIIPWersja>2012-09-27T07:52:01+02:00</sln:powIIPWersja><sln:powIdTeryt>1216</sln:powIdTeryt><sln:powNazwa>tarnowski</sln:powNazwa><sln:wojIIPId>dd2e3c64-f861-47cf-a3a3-e7751f272b2f</sln:wojIIPId><sln:wojIIPPn>PL.PZGIK.200</sln:wojIIPPn><sln:wojIIPWersja>2017-10-10T00:00:00+02:00</sln:wojIIPWersja><sln:wojIdTeryt>12</sln:wojIdTeryt><sln:wojNazwa>małopolskie</sln:wojNazwa></sln:miejscowosc><sln:miejscowosc><sln:cyklZyciaDo>2017-02-21T00:00:00+01:00</sln:cyklZyciaDo><sln:cyklZyciaOd>2016-07-20T00:00:00+02:00</sln:cyklZyciaOd><sln:gmIIPId>601699f7-9bad-4a19-a723-eef4d609aa66</sln:gmIIPId><sln:gmIIPPn>PL.PZGIK.200</sln:gmIIPPn><sln:gmIIPWersja>2012-09-26T22:12:12+02:00</sln:gmIIPWersja><sln:gmIdTeryt>1216082</sln:gmIdTeryt><sln:gmNazwa>Skrzyszów</sln:gmNazwa><sln:miejscIIPId>35e3407a-1c84-4591-b2b7-560a04db505f</sln:miejscIIPId><sln:miejscIIPPn>PL.PZGIK.200</sln:miejscIIPPn><sln:miejscIIPWersja>2016-11-24T14:10:06+02:00</sln:miejscIIPWersja><sln:miejscIdTeryt>0830316</sln:miejscIdTeryt><sln:miejscNazwa>Ładna</sln:miejscNazwa><sln:miejscRodzaj>Wieś</sln:miejscRodzaj><sln:powIIPId>17c3b30e-7279-4144-9a54-b54dcc50a95c</sln:powIIPId><sln:powIIPPn>PL.PZGIK.200</sln:powIIPPn><sln:powIIPWersja>2012-09-27T07:52:01+02:00</sln:powIIPWersja><sln:powIdTeryt>1216</sln:powIdTeryt><sln:powNazwa>tarnowski</sln:powNazwa><sln:wojIIPId>dd2e3c64-f861-47cf-a3a3-e7751f272b2f</sln:wojIIPId><sln:wojIIPPn>PL.PZGIK.200</sln:wojIIPPn><sln:wojIIPWersja>2017-10-10T00:00:00+02:00</sln:wojIIPWersja><sln:wojIdTeryt>12</sln:wojIdTeryt><sln:wojNazwa>małopolskie</sln:wojNazwa></sln:miejscowosc><sln:miejscowosc><sln:cyklZyciaDo>2017-02-21T00:00:00+01:00</sln:cyklZyciaDo><sln:cyklZyciaOd>2016-07-20T00:00:00+02:00</sln:cyklZyciaOd><sln:gmIIPId>601699f7-9bad-4a19-a723-eef4d609aa66</sln:gmIIPId><sln:gmIIPPn>PL.PZGIK.200</sln:gmIIPPn><sln:gmIIPWersja>2012-09-26T22:12:12+02:00</sln:gmIIPWersja><sln:gmIdTeryt>1216082</sln:gmIdTeryt><sln:gmNazwa>Skrzyszów</sln:gmNazwa><sln:miejscIIPId>9995c1dd-0295-426e-9baf-f692602d4761</sln:miejscIIPId><sln:miejscIIPPn>PL.PZGIK.200</sln:miejscIIPPn><sln:miejscIIPWersja>2016-11-24T14:10:06+02:00</sln:miejscIIPWersja><sln:miejscIdTeryt>0830351</sln:miejscIdTeryt><sln:miejscNazwa>Łękawica</sln:miejscNazwa><sln:miejscRodzaj>Wieś</sln:miejscRodzaj><sln:powIIPId>17c3b30e-7279-4144-9a54-b54dcc50a95c</sln:powIIPId><sln:powIIPPn>PL.PZGIK.200</sln:powIIPPn><sln:powIIPWersja>2012-09-27T07:52:01+02:00</sln:powIIPWersja><sln:powIdTeryt>1216</sln:powIdTeryt><sln:powNazwa>tarnowski</sln:powNazwa><sln:wojIIPId>dd2e3c64-f861-47cf-a3a3-e7751f272b2f</sln:wojIIPId><sln:wojIIPPn>PL.PZGIK.200</sln:wojIIPPn><sln:wojIIPWersja>2017-10-10T00:00:00+02:00</sln:wojIIPWersja><sln:wojIdTeryt>12</sln:wojIdTeryt><sln:wojNazwa>małopolskie</sln:wojNazwa></sln:miejscowosc><sln:miejscowosc><sln:cyklZyciaDo>2017-02-21T00:00:00+01:00</sln:cyklZyciaDo><sln:cyklZyciaOd>2016-07-20T00:00:00+02:00</sln:cyklZyciaOd><sln:gmIIPId>601699f7-9bad-4a19-a723-eef4d609aa66</sln:gmIIPId><sln:gmIIPPn>PL.PZGIK.200</sln:gmIIPPn><sln:gmIIPWersja>2012-09-26T22:12:12+02:00</sln:gmIIPWersja><sln:gmIdTeryt>1216082</sln:gmIdTeryt><sln:gmNazwa>Skrzyszów</sln:gmNazwa><sln:miejscIIPId>87525492-53eb-4f1e-a980-677930f94014</sln:miejscIIPId><sln:miejscIIPPn>PL.PZGIK.200</sln:miejscIIPPn><sln:miejscIIPWersja>2016-11-24T14:10:06+02:00</sln:miejscIIPWersja><sln:miejscIdTeryt>0830368</sln:miejscIdTeryt><sln:miejscNazwa>Pogórska Wola</sln:miejscNazwa><sln:miejscRodzaj>Wieś</sln:miejscRodzaj><sln:powIIPId>17c3b30e-7279-4144-9a54-b54dcc50a95c</sln:powIIPId><sln:powIIPPn>PL.PZGIK.200</sln:powIIPPn><sln:powIIPWersja>2012-09-27T07:52:01+02:00</sln:powIIPWersja><sln:powIdTeryt>1216</sln:powIdTeryt><sln:powNazwa>tarnowski</sln:powNazwa><sln:wojIIPId>dd2e3c64-f861-47cf-a3a3-e7751f272b2f</sln:wojIIPId><sln:wojIIPPn>PL.PZGIK.200</sln:wojIIPPn><sln:wojIIPWersja>2017-10-10T00:00:00+02:00</sln:wojIIPWersja><sln:wojIdTeryt>12</sln:wojIdTeryt><sln:wojNazwa>małopolskie</sln:wojNazwa></sln:miejscowosc><sln:miejscowosc><sln:cyklZyciaDo>2017-02-21T00:00:00+01:00</sln:cyklZyciaDo><sln:cyklZyciaOd>2016-07-20T00:00:00+02:00</sln:cyklZyciaOd><sln:gmIIPId>601699f7-9bad-4a19-a723-eef4d609aa66</sln:gmIIPId><sln:gmIIPPn>PL.PZGIK.200</sln:gmIIPPn><sln:gmIIPWersja>2012-09-26T22:12:12+02:00</sln:gmIIPWersja><sln:gmIdTeryt>1216082</sln:gmIdTeryt><sln:gmNazwa>Skrzyszów</sln:gmNazwa><sln:miejscIIPId>12b3dcb5-e9be-4273-94e3-e74b4045ed50</sln:miejscIIPId><sln:miejscIIPPn>PL.PZGIK.200</sln:miejscIIPPn><sln:miejscIIPWersja>2016-11-24T14:10:06+02:00</sln:miejscIIPWersja><sln:miejscIdTeryt>0830428</sln:miejscIdTeryt><sln:miejscNazwa>Skrzyszów</sln:miejscNazwa><sln:miejscRodzaj>Wieś</sln:miejscRodzaj><sln:powIIPId>17c3b30e-7279-4144-9a54-b54dcc50a95c</sln:powIIPId><sln:powIIPPn>PL.PZGIK.200</sln:powIIPPn><sln:powIIPWersja>2012-09-27T07:52:01+02:00</sln:powIIPWersja><sln:powIdTeryt>1216</sln:powIdTeryt><sln:powNazwa>tarnowski</sln:powNazwa><sln:wojIIPId>dd2e3c64-f861-47cf-a3a3-e7751f272b2f</sln:wojIIPId><sln:wojIIPPn>PL.PZGIK.200</sln:wojIIPPn><sln:wojIIPWersja>2017-10-10T00:00:00+02:00</sln:wojIIPWersja><sln:wojIdTeryt>12</sln:wojIdTeryt><sln:wojNazwa>małopolskie</sln:wojNazwa></sln:miejscowosc><sln:miejscowosc><sln:cyklZyciaDo>2017-02-21T00:00:00+01:00</sln:cyklZyciaDo><sln:cyklZyciaOd>2016-07-20T00:00:00+02:00</sln:cyklZyciaOd><sln:gmIIPId>601699f7-9bad-4a19-a723-eef4d609aa66</sln:gmIIPId><sln:gmIIPPn>PL.PZGIK.200</sln:gmIIPPn><sln:gmIIPWersja>2012-09-26T22:12:12+02:00</sln:gmIIPWersja><sln:gmIdTeryt>1216082</sln:gmIdTeryt><sln:gmNazwa>Skrzyszów</sln:gmNazwa><sln:miejscIIPId>74f37ecd-7387-4b1b-bad6-dd662120f541</sln:miejscIIPId><sln:miejscIIPPn>PL.PZGIK.200</sln:miejscIIPPn><sln:miejscIIPWersja>2016-11-24T14:10:06+02:00</sln:miejscIIPWersja><sln:miejscIdTeryt>0830440</sln:miejscIdTeryt><sln:miejscNazwa>Szynwałd</sln:miejscNazwa><sln:miejscRodzaj>Wieś</sln:miejscRodzaj><sln:powIIPId>17c3b30e-7279-4144-9a54-b54dcc50a95c</sln:powIIPId><sln:powIIPPn>PL.PZGIK.200</sln:powIIPPn><sln:powIIPWersja>2012-09-27T07:52:01+02:00</sln:powIIPWersja><sln:powIdTeryt>1216</sln:powIdTeryt><sln:powNazwa>tarnowski</sln:powNazwa><sln:wojIIPId>dd2e3c64-f861-47cf-a3a3-e7751f272b2f</sln:wojIIPId><sln:wojIIPPn>PL.PZGIK.200</sln:wojIIPPn><sln:wojIIPWersja>2017-10-10T00:00:00+02:00</sln:wojIIPWersja><sln:wojIdTeryt>12</sln:wojIdTeryt><sln:wojNazwa>małopolskie</sln:wojNazwa></sln:miejscowosc><sln:miejscowosc><sln:cyklZyciaDo>2017-06-09T00:00:00+02:00</sln:cyklZyciaDo><sln:cyklZyciaOd>2017-02-21T00:00:00+01:00</sln:cyklZyciaOd><sln:gmIIPId>601699f7-9bad-4a19-a723-eef4d609aa66</sln:gmIIPId><sln:gmIIPPn>PL.PZGIK.200</sln:gmIIPPn><sln:gmIIPWersja>2012-09-26T22:12:12+02:00</sln:gmIIPWersja><sln:gmIdTeryt>1216082</sln:gmIdTeryt><sln:gmNazwa>Skrzyszów</sln:gmNazwa><sln:miejscIIPId>35e3407a-1c84-4591-b2b7-560a04db505f</sln:miejscIIPId><sln:miejscIIPPn>PL.PZGIK.200</sln:miejscIIPPn><sln:miejscIIPWersja>2017-02-21T13:35:31+02:00</sln:miejscIIPWersja><sln:miejscIdTeryt>0830316</sln:miejscIdTeryt><sln:miejscNazwa>Ładna</sln:miejscNazwa><sln:miejscRodzaj>Wieś</sln:miejscRodzaj><sln:powIIPId>17c3b30e-7279-4144-9a54-b54dcc50a95c</sln:powIIPId><sln:powIIPPn>PL.PZGIK.200</sln:powIIPPn><sln:powIIPWersja>2012-09-27T07:52:01+02:00</sln:powIIPWersja><sln:powIdTeryt>1216</sln:powIdTeryt><sln:powNazwa>tarnowski</sln:powNazwa><sln:wojIIPId>dd2e3c64-f861-47cf-a3a3-e7751f272b2f</sln:wojIIPId><sln:wojIIPPn>PL.PZGIK.200</sln:wojIIPPn><sln:wojIIPWersja>2017-10-10T00:00:00+02:00</sln:wojIIPWersja><sln:wojIdTeryt>12</sln:wojIdTeryt><sln:wojNazwa>małopolskie</sln:wojNazwa></sln:miejscowosc><sln:miejscowosc><sln:cyklZyciaDo>2017-06-09T00:00:00+02:00</sln:cyklZyciaDo><sln:cyklZyciaOd>2017-02-21T00:00:00+01:00</sln:cyklZyciaOd><sln:gmIIPId>601699f7-9bad-4a19-a723-eef4d609aa66</sln:gmIIPId><sln:gmIIPPn>PL.PZGIK.200</sln:gmIIPPn><sln:gmIIPWersja>2012-09-26T22:12:12+02:00</sln:gmIIPWersja><sln:gmIdTeryt>1216082</sln:gmIdTeryt><sln:gmNazwa>Skrzyszów</sln:gmNazwa><sln:miejscIIPId>9995c1dd-0295-426e-9baf-f692602d4761</sln:miejscIIPId><sln:miejscIIPPn>PL.PZGIK.200</sln:miejscIIPPn><sln:miejscIIPWersja>2017-02-21T13:35:35+02:00</sln:miejscIIPWersja><sln:miejscIdTeryt>0830351</sln:miejscIdTeryt><sln:miejscNazwa>Łękawica</sln:miejscNazwa><sln:miejscRodzaj>Wieś</sln:miejscRodzaj><sln:powIIPId>17c3b30e-7279-4144-9a54-b54dcc50a95c</sln:powIIPId><sln:powIIPPn>PL.PZGIK.200</sln:powIIPPn><sln:powIIPWersja>2012-09-27T07:52:01+02:00</sln:powIIPWersja><sln:powIdTeryt>1216</sln:powIdTeryt><sln:powNazwa>tarnowski</sln:powNazwa><sln:wojIIPId>dd2e3c64-f861-47cf-a3a3-e7751f272b2f</sln:wojIIPId><sln:wojIIPPn>PL.PZGIK.200</sln:wojIIPPn><sln:wojIIPWersja>2017-10-10T00:00:00+02:00</sln:wojIIPWersja><sln:wojIdTeryt>12</sln:wojIdTeryt><sln:wojNazwa>małopolskie</sln:wojNazwa></sln:miejscowosc><sln:miejscowosc><sln:cyklZyciaDo>2017-06-09T00:00:00+02:00</sln:cyklZyciaDo><sln:cyklZyciaOd>2017-02-21T00:00:00+01:00</sln:cyklZyciaOd><sln:gmIIPId>601699f7-9bad-4a19-a723-eef4d609aa66</sln:gmIIPId><sln:gmIIPPn>PL.PZGIK.200</sln:gmIIPPn><sln:gmIIPWersja>2012-09-26T22:12:12+02:00</sln:gmIIPWersja><sln:gmIdTeryt>1216082</sln:gmIdTeryt><sln:gmNazwa>Skrzyszów</sln:gmNazwa><sln:miejscIIPId>87525492-53eb-4f1e-a980-677930f94014</sln:miejscIIPId><sln:miejscIIPPn>PL.PZGIK.200</sln:miejscIIPPn><sln:miejscIIPWersja>2017-02-21T13:35:35+02:00</sln:miejscIIPWersja><sln:miejscIdTeryt>0830368</sln:miejscIdTeryt><sln:miejscNazwa>Pogórska Wola</sln:miejscNazwa><sln:miejscRodzaj>Wieś</sln:miejscRodzaj><sln:powIIPId>17c3b30e-7279-4144-9a54-b54dcc50a95c</sln:powIIPId><sln:powIIPPn>PL.PZGIK.200</sln:powIIPPn><sln:powIIPWersja>2012-09-27T07:52:01+02:00</sln:powIIPWersja><sln:powIdTeryt>1216</sln:powIdTeryt><sln:powNazwa>tarnowski</sln:powNazwa><sln:wojIIPId>dd2e3c64-f861-47cf-a3a3-e7751f272b2f</sln:wojIIPId><sln:wojIIPPn>PL.PZGIK.200</sln:wojIIPPn><sln:wojIIPWersja>2017-10-10T00:00:00+02:00</sln:wojIIPWersja><sln:wojIdTeryt>12</sln:wojIdTeryt><sln:wojNazwa>małopolskie</sln:wojNazwa></sln:miejscowosc><sln:miejscowosc><sln:cyklZyciaDo>2017-06-09T00:00:00+02:00</sln:cyklZyciaDo><sln:cyklZyciaOd>2017-02-21T00:00:00+01:00</sln:cyklZyciaOd><sln:gmIIPId>601699f7-9bad-4a19-a723-eef4d609aa66</sln:gmIIPId><sln:gmIIPPn>PL.PZGIK.200</sln:gmIIPPn><sln:gmIIPWersja>2012-09-26T22:12:12+02:00</sln:gmIIPWersja><sln:gmIdTeryt>1216082</sln:gmIdTeryt><sln:gmNazwa>Skrzyszów</sln:gmNazwa><sln:miejscIIPId>12b3dcb5-e9be-4273-94e3-e74b4045ed50</sln:miejscIIPId><sln:miejscIIPPn>PL.PZGIK.200</sln:miejscIIPPn><sln:miejscIIPWersja>2017-02-21T13:35:35+02:00</sln:miejscIIPWersja><sln:miejscIdTeryt>0830428</sln:miejscIdTeryt><sln:miejscNazwa>Skrzyszów</sln:miejscNazwa><sln:miejscRodzaj>Wieś</sln:miejscRodzaj><sln:powIIPId>17c3b30e-7279-4144-9a54-b54dcc50a95c</sln:powIIPId><sln:powIIPPn>PL.PZGIK.200</sln:powIIPPn><sln:powIIPWersja>2012-09-27T07:52:01+02:00</sln:powIIPWersja><sln:powIdTeryt>1216</sln:powIdTeryt><sln:powNazwa>tarnowski</sln:powNazwa><sln:wojIIPId>dd2e3c64-f861-47cf-a3a3-e7751f272b2f</sln:wojIIPId><sln:wojIIPPn>PL.PZGIK.200</sln:wojIIPPn><sln:wojIIPWersja>2017-10-10T00:00:00+02:00</sln:wojIIPWersja><sln:wojIdTeryt>12</sln:wojIdTeryt><sln:wojNazwa>małopolskie</sln:wojNazwa></sln:miejscowosc><sln:miejscowosc><sln:cyklZyciaDo>2017-06-09T00:00:00+02:00</sln:cyklZyciaDo><sln:cyklZyciaOd>2017-02-21T00:00:00+01:00</sln:cyklZyciaOd><sln:gmIIPId>601699f7-9bad-4a19-a723-eef4d609aa66</sln:gmIIPId><sln:gmIIPPn>PL.PZGIK.200</sln:gmIIPPn><sln:gmIIPWersja>2012-09-26T22:12:12+02:00</sln:gmIIPWersja><sln:gmIdTeryt>1216082</sln:gmIdTeryt><sln:gmNazwa>Skrzyszów</sln:gmNazwa><sln:miejscIIPId>74f37ecd-7387-4b1b-bad6-dd662120f541</sln:miejscIIPId><sln:miejscIIPPn>PL.PZGIK.200</sln:miejscIIPPn><sln:miejscIIPWersja>2017-02-21T13:35:35+02:00</sln:miejscIIPWersja><sln:miejscIdTeryt>0830440</sln:miejscIdTeryt><sln:miejscNazwa>Szynwałd</sln:miejscNazwa><sln:miejscRodzaj>Wieś</sln:miejscRodzaj><sln:powIIPId>17c3b30e-7279-4144-9a54-b54dcc50a95c</sln:powIIPId><sln:powIIPPn>PL.PZGIK.200</sln:powIIPPn><sln:powIIPWersja>2012-09-27T07:52:01+02:00</sln:powIIPWersja><sln:powIdTeryt>1216</sln:powIdTeryt><sln:powNazwa>tarnowski</sln:powNazwa><sln:wojIIPId>dd2e3c64-f861-47cf-a3a3-e7751f272b2f</sln:wojIIPId><sln:wojIIPPn>PL.PZGIK.200</sln:wojIIPPn><sln:wojIIPWersja>2017-10-10T00:00:00+02:00</sln:wojIIPWersja><sln:wojIdTeryt>12</sln:wojIdTeryt><sln:wojNazwa>małopolskie</sln:wojNazwa></sln:miejscowosc><sln:miejscowosc><sln:cyklZyciaOd>2017-03-08T00:00:00+01:00</sln:cyklZyciaOd><sln:gmIIPId>601699f7-9bad-4a19-a723-eef4d609aa66</sln:gmIIPId><sln:gmIIPPn>PL.PZGIK.200</sln:gmIIPPn><sln:gmIIPWersja>2012-09-26T22:12:12+02:00</sln:gmIIPWersja><sln:gmIdTeryt>1216082</sln:gmIdTeryt><sln:gmNazwa>Skrzyszów</sln:gmNazwa><sln:miejscIIPId>6fd8482e-41c1-429d-a3e1-172c9b0d64a4</sln:miejscIIPId><sln:miejscIIPPn>PL.PZGIK.200</sln:miejscIIPPn><sln:miejscIIPWersja>2017-03-08T15:03:42+02:00</sln:miejscIIPWersja><sln:miejscIdTeryt>0830316</sln:miejscIdTeryt><sln:miejscNazwa>Ładna</sln:miejscNazwa><sln:miejscRodzaj>Wieś</sln:miejscRodzaj><sln:powIIPId>17c3b30e-7279-4144-9a54-b54dcc50a95c</sln:powIIPId><sln:powIIPPn>PL.PZGIK.200</sln:powIIPPn><sln:powIIPWersja>2012-09-27T07:52:01+02:00</sln:powIIPWersja><sln:powIdTeryt>1216</sln:powIdTeryt><sln:powNazwa>tarnowski</sln:powNazwa><sln:wojIIPId>dd2e3c64-f861-47cf-a3a3-e7751f272b2f</sln:wojIIPId><sln:wojIIPPn>PL.PZGIK.200</sln:wojIIPPn><sln:wojIIPWersja>2017-10-10T00:00:00+02:00</sln:wojIIPWersja><sln:wojIdTeryt>12</sln:wojIdTeryt><sln:wojNazwa>małopolskie</sln:wojNazwa></sln:miejscowosc><sln:miejscowosc><sln:cyklZyciaOd>2017-03-08T00:00:00+01:00</sln:cyklZyciaOd><sln:gmIIPId>601699f7-9bad-4a19-a723-eef4d609aa66</sln:gmIIPId><sln:gmIIPPn>PL.PZGIK.200</sln:gmIIPPn><sln:gmIIPWersja>2012-09-26T22:12:12+02:00</sln:gmIIPWersja><sln:gmIdTeryt>1216082</sln:gmIdTeryt><sln:gmNazwa>Skrzyszów</sln:gmNazwa><sln:miejscIIPId>2c18e4fb-6289-4ee2-85c1-dc65ec6c3a13</sln:miejscIIPId><sln:miejscIIPPn>PL.PZGIK.200</sln:miejscIIPPn><sln:miejscIIPWersja>2017-03-08T15:03:46+02:00</sln:miejscIIPWersja><sln:miejscIdTeryt>0830351</sln:miejscIdTeryt><sln:miejscNazwa>Łękawica</sln:miejscNazwa><sln:miejscRodzaj>Wieś</sln:miejscRodzaj><sln:powIIPId>17c3b30e-7279-4144-9a54-b54dcc50a95c</sln:powIIPId><sln:powIIPPn>PL.PZGIK.200</sln:powIIPPn><sln:powIIPWersja>2012-09-27T07:52:01+02:00</sln:powIIPWersja><sln:powIdTeryt>1216</sln:powIdTeryt><sln:powNazwa>tarnowski</sln:powNazwa><sln:wojIIPId>dd2e3c64-f861-47cf-a3a3-e7751f272b2f</sln:wojIIPId><sln:wojIIPPn>PL.PZGIK.200</sln:wojIIPPn><sln:wojIIPWersja>2017-10-10T00:00:00+02:00</sln:wojIIPWersja><sln:wojIdTeryt>12</sln:wojIdTeryt><sln:wojNazwa>małopolskie</sln:wojNazwa></sln:miejscowosc><sln:miejscowosc><sln:cyklZyciaOd>2017-03-08T00:00:00+01:00</sln:cyklZyciaOd><sln:gmIIPId>601699f7-9bad-4a19-a723-eef4d609aa66</sln:gmIIPId><sln:gmIIPPn>PL.PZGIK.200</sln:gmIIPPn><sln:gmIIPWersja>2012-09-26T22:12:12+02:00</sln:gmIIPWersja><sln:gmIdTeryt>1216082</sln:gmIdTeryt><sln:gmNazwa>Skrzyszów</sln:gmNazwa><sln:miejscIIPId>85026c23-69dc-4e2e-9a39-169525ec229d</sln:miejscIIPId><sln:miejscIIPPn>PL.PZGIK.200</sln:miejscIIPPn><sln:miejscIIPWersja>2017-03-08T15:03:46+02:00</sln:miejscIIPWersja><sln:miejscIdTeryt>0830368</sln:miejscIdTeryt><sln:miejscNazwa>Pogórska Wola</sln:miejscNazwa><sln:miejscRodzaj>Wieś</sln:miejscRodzaj><sln:powIIPId>17c3b30e-7279-4144-9a54-b54dcc50a95c</sln:powIIPId><sln:powIIPPn>PL.PZGIK.200</sln:powIIPPn><sln:powIIPWersja>2012-09-27T07:52:01+02:00</sln:powIIPWersja><sln:powIdTeryt>1216</sln:powIdTeryt><sln:powNazwa>tarnowski</sln:powNazwa><sln:wojIIPId>dd2e3c64-f861-47cf-a3a3-e7751f272b2f</sln:wojIIPId><sln:wojIIPPn>PL.PZGIK.200</sln:wojIIPPn><sln:wojIIPWersja>2017-10-10T00:00:00+02:00</sln:wojIIPWersja><sln:wojIdTeryt>12</sln:wojIdTeryt><sln:wojNazwa>małopolskie</sln:wojNazwa></sln:miejscowosc><sln:miejscowosc><sln:cyklZyciaOd>2017-03-08T00:00:00+01:00</sln:cyklZyciaOd><sln:gmIIPId>601699f7-9bad-4a19-a723-eef4d609aa66</sln:gmIIPId><sln:gmIIPPn>PL.PZGIK.200</sln:gmIIPPn><sln:gmIIPWersja>2012-09-26T22:12:12+02:00</sln:gmIIPWersja><sln:gmIdTeryt>1216082</sln:gmIdTeryt><sln:gmNazwa>Skrzyszów</sln:gmNazwa><sln:miejscIIPId>4793c6fb-bccd-46fa-bb5e-def9e8d74525</sln:miejscIIPId><sln:miejscIIPPn>PL.PZGIK.200</sln:miejscIIPPn><sln:miejscIIPWersja>2017-03-08T15:03:47+02:00</sln:miejscIIPWersja><sln:miejscIdTeryt>0830428</sln:miejscIdTeryt><sln:miejscNazwa>Skrzyszów</sln:miejscNazwa><sln:miejscRodzaj>Wieś</sln:miejscRodzaj><sln:powIIPId>17c3b30e-7279-4144-9a54-b54dcc50a95c</sln:powIIPId><sln:powIIPPn>PL.PZGIK.200</sln:powIIPPn><sln:powIIPWersja>2012-09-27T07:52:01+02:00</sln:powIIPWersja><sln:powIdTeryt>1216</sln:powIdTeryt><sln:powNazwa>tarnowski</sln:powNazwa><sln:wojIIPId>dd2e3c64-f861-47cf-a3a3-e7751f272b2f</sln:wojIIPId><sln:wojIIPPn>PL.PZGIK.200</sln:wojIIPPn><sln:wojIIPWersja>2017-10-10T00:00:00+02:00</sln:wojIIPWersja><sln:wojIdTeryt>12</sln:wojIdTeryt><sln:wojNazwa>małopolskie</sln:wojNazwa></sln:miejscowosc><sln:miejscowosc><sln:cyklZyciaOd>2017-03-08T00:00:00+01:00</sln:cyklZyciaOd><sln:gmIIPId>601699f7-9bad-4a19-a723-eef4d609aa66</sln:gmIIPId><sln:gmIIPPn>PL.PZGIK.200</sln:gmIIPPn><sln:gmIIPWersja>2012-09-26T22:12:12+02:00</sln:gmIIPWersja><sln:gmIdTeryt>1216082</sln:gmIdTeryt><sln:gmNazwa>Skrzyszów</sln:gmNazwa><sln:miejscIIPId>8b83ef0f-64fb-42a4-be2a-0867842bd7e3</sln:miejscIIPId><sln:miejscIIPPn>PL.PZGIK.200</sln:miejscIIPPn><sln:miejscIIPWersja>2017-03-08T15:03:47+02:00</sln:miejscIIPWersja><sln:miejscIdTeryt>0830440</sln:miejscIdTeryt><sln:miejscNazwa>Szynwałd</sln:miejscNazwa><sln:miejscRodzaj>Wieś</sln:miejscRodzaj><sln:powIIPId>17c3b30e-7279-4144-9a54-b54dcc50a95c</sln:powIIPId><sln:powIIPPn>PL.PZGIK.200</sln:powIIPPn><sln:powIIPWersja>2012-09-27T07:52:01+02:00</sln:powIIPWersja><sln:powIdTeryt>1216</sln:powIdTeryt><sln:powNazwa>tarnowski</sln:powNazwa><sln:wojIIPId>dd2e3c64-f861-47cf-a3a3-e7751f272b2f</sln:wojIIPId><sln:wojIIPPn>PL.PZGIK.200</sln:wojIIPPn><sln:wojIIPWersja>2017-10-10T00:00:00+02:00</sln:wojIIPWersja><sln:wojIdTeryt>12</sln:wojIdTeryt><sln:wojNazwa>małopolskie</sln:wojNazwa></sln:miejscowosc></sln:lista-miejscowosci>