<?xml version="1.0" encoding="UTF-8" standalone="yes"?><sln:lista-miejscowosci xmlns:srv="http://gugik.gov.pl/schemas/slowniki-service/1.0" xmlns:sln="http://gugik.gov.pl/schemas/slowniki-schema/1.0"><sln:miejscowosc><sln:cyklZyciaDo>2017-04-19T00:00:00+02:00</sln:cyklZyciaDo><sln:cyklZyciaOd>2016-02-05T00:00:00+01:00</sln:cyklZyciaOd><sln:gmIIPId>1d2cb538-d2b8-4b18-97cb-a6c7bc0cec17</sln:gmIIPId><sln:gmIIPPn>PL.PZGIK.200</sln:gmIIPPn><sln:gmIIPWersja>2012-09-26T22:11:49+02:00</sln:gmIIPWersja><sln:gmIdTeryt>1213093</sln:gmIdTeryt><sln:gmNazwa>Zator</sln:gmNazwa><sln:miejscIIPId>a591e19a-6439-49d6-8753-419f155ef2b9</sln:miejscIIPId><sln:miejscIIPPn>PL.PZGIK.200</sln:miejscIIPPn><sln:miejscIIPWersja>2016-11-24T08:46:30+02:00</sln:miejscIIPWersja><sln:miejscIdTeryt>0076641</sln:miejscIdTeryt><sln:miejscNazwa>Graboszyce</sln:miejscNazwa><sln:miejscRodzaj>Wieś</sln:miejscRodzaj><sln:powIIPId>1cf65b44-f4d5-4a14-961f-8363a199b2d6</sln:powIIPId><sln:powIIPPn>PL.PZGIK.200</sln:powIIPPn><sln:powIIPWersja>2012-09-27T07:52:00+02:00</sln:powIIPWersja><sln:powIdTeryt>1213</sln:powIdTeryt><sln:powNazwa>oświęcimski</sln:powNazwa><sln:waznyOd>2013-08-21T00:00:00+02:00</sln:waznyOd><sln:wojIIPId>dd2e3c64-f861-47cf-a3a3-e7751f272b2f</sln:wojIIPId><sln:wojIIPPn>PL.PZGIK.200</sln:wojIIPPn><sln:wojIIPWersja>2017-10-10T00:00:00+02:00</sln:wojIIPWersja><sln:wojIdTeryt>12</sln:wojIdTeryt><sln:wojNazwa>małopolskie</sln:wojNazwa></sln:miejscowosc><sln:miejscowosc><sln:cyklZyciaDo>2017-04-19T00:00:00+02:00</sln:cyklZyciaDo><sln:cyklZyciaOd>2016-02-05T00:00:00+01:00</sln:cyklZyciaOd><sln:gmIIPId>1d2cb538-d2b8-4b18-97cb-a6c7bc0cec17</sln:gmIIPId><sln:gmIIPPn>PL.PZGIK.200</sln:gmIIPPn><sln:gmIIPWersja>2012-09-26T22:11:49+02:00</sln:gmIIPWersja><sln:gmIdTeryt>1213093</sln:gmIdTeryt><sln:gmNazwa>Zator</sln:gmNazwa><sln:miejscIIPId>5d47726f-31a5-4a7f-95aa-3094cf4da781</sln:miejscIIPId><sln:miejscIIPPn>PL.PZGIK.200</sln:miejscIIPPn><sln:miejscIIPWersja>2016-11-24T08:46:33+02:00</sln:miejscIIPWersja><sln:miejscIdTeryt>0076701</sln:miejscIdTeryt><sln:miejscNazwa>Grodzisko</sln:miejscNazwa><sln:miejscRodzaj>Wieś</sln:miejscRodzaj><sln:powIIPId>1cf65b44-f4d5-4a14-961f-8363a199b2d6</sln:powIIPId><sln:powIIPPn>PL.PZGIK.200</sln:powIIPPn><sln:powIIPWersja>2012-09-27T07:52:00+02:00</sln:powIIPWersja><sln:powIdTeryt>1213</sln:powIdTeryt><sln:powNazwa>oświęcimski</sln:powNazwa><sln:waznyOd>2013-08-21T00:00:00+02:00</sln:waznyOd><sln:wojIIPId>dd2e3c64-f861-47cf-a3a3-e7751f272b2f</sln:wojIIPId><sln:wojIIPPn>PL.PZGIK.200</sln:wojIIPPn><sln:wojIIPWersja>2017-10-10T00:00:00+02:00</sln:wojIIPWersja><sln:wojIdTeryt>12</sln:wojIdTeryt><sln:wojNazwa>małopolskie</sln:wojNazwa></sln:miejscowosc><sln:miejscowosc><sln:cyklZyciaDo>2017-04-19T00:00:00+02:00</sln:cyklZyciaDo><sln:cyklZyciaOd>2016-02-05T00:00:00+01:00</sln:cyklZyciaOd><sln:gmIIPId>1d2cb538-d2b8-4b18-97cb-a6c7bc0cec17</sln:gmIIPId><sln:gmIIPPn>PL.PZGIK.200</sln:gmIIPPn><sln:gmIIPWersja>2012-09-26T22:11:49+02:00</sln:gmIIPWersja><sln:gmIdTeryt>1213093</sln:gmIdTeryt><sln:gmNazwa>Zator</sln:gmNazwa><sln:miejscIIPId>2905aa0a-e956-4ea6-ae95-0aec6ca622f5</sln:miejscIIPId><sln:miejscIIPPn>PL.PZGIK.200</sln:miejscIIPPn><sln:miejscIIPWersja>2016-11-24T08:46:35+02:00</sln:miejscIIPWersja><sln:miejscIdTeryt>0076747</sln:miejscIdTeryt><sln:miejscNazwa>Laskowa</sln:miejscNazwa><sln:miejscRodzaj>Wieś</sln:miejscRodzaj><sln:powIIPId>1cf65b44-f4d5-4a14-961f-8363a199b2d6</sln:powIIPId><sln:powIIPPn>PL.PZGIK.200</sln:powIIPPn><sln:powIIPWersja>2012-09-27T07:52:00+02:00</sln:powIIPWersja><sln:powIdTeryt>1213</sln:powIdTeryt><sln:powNazwa>oświęcimski</sln:powNazwa><sln:waznyOd>2013-08-21T00:00:00+02:00</sln:waznyOd><sln:wojIIPId>dd2e3c64-f861-47cf-a3a3-e7751f272b2f</sln:wojIIPId><sln:wojIIPPn>PL.PZGIK.200</sln:wojIIPPn><sln:wojIIPWersja>2017-10-10T00:00:00+02:00</sln:wojIIPWersja><sln:wojIdTeryt>12</sln:wojIdTeryt><sln:wojNazwa>małopolskie</sln:wojNazwa></sln:miejscowosc><sln:miejscowosc><sln:cyklZyciaDo>2017-04-19T00:00:00+02:00</sln:cyklZyciaDo><sln:cyklZyciaOd>2016-02-05T00:00:00+01:00</sln:cyklZyciaOd><sln:gmIIPId>1d2cb538-d2b8-4b18-97cb-a6c7bc0cec17</sln:gmIIPId><sln:gmIIPPn>PL.PZGIK.200</sln:gmIIPPn><sln:gmIIPWersja>2012-09-26T22:11:49+02:00</sln:gmIIPWersja><sln:gmIdTeryt>1213093</sln:gmIdTeryt><sln:gmNazwa>Zator</sln:gmNazwa><sln:miejscIIPId>1d445c19-f294-4988-b240-47ee262f0686</sln:miejscIIPId><sln:miejscIIPPn>PL.PZGIK.200</sln:miejscIIPPn><sln:miejscIIPWersja>2016-11-24T08:46:37+02:00</sln:miejscIIPWersja><sln:miejscIdTeryt>0076782</sln:miejscIdTeryt><sln:miejscNazwa>Łowiczki</sln:miejscNazwa><sln:miejscRodzaj>Wieś</sln:miejscRodzaj><sln:powIIPId>1cf65b44-f4d5-4a14-961f-8363a199b2d6</sln:powIIPId><sln:powIIPPn>PL.PZGIK.200</sln:powIIPPn><sln:powIIPWersja>2012-09-27T07:52:00+02:00</sln:powIIPWersja><sln:powIdTeryt>1213</sln:powIdTeryt><sln:powNazwa>oświęcimski</sln:powNazwa><sln:waznyOd>2013-08-21T00:00:00+02:00</sln:waznyOd><sln:wojIIPId>dd2e3c64-f861-47cf-a3a3-e7751f272b2f</sln:wojIIPId><sln:wojIIPPn>PL.PZGIK.200</sln:wojIIPPn><sln:wojIIPWersja>2017-10-10T00:00:00+02:00</sln:wojIIPWersja><sln:wojIdTeryt>12</sln:wojIdTeryt><sln:wojNazwa>małopolskie</sln:wojNazwa></sln:miejscowosc><sln:miejscowosc><sln:cyklZyciaDo>2017-04-19T00:00:00+02:00</sln:cyklZyciaDo><sln:cyklZyciaOd>2016-02-05T00:00:00+01:00</sln:cyklZyciaOd><sln:gmIIPId>1d2cb538-d2b8-4b18-97cb-a6c7bc0cec17</sln:gmIIPId><sln:gmIIPPn>PL.PZGIK.200</sln:gmIIPPn><sln:gmIIPWersja>2012-09-26T22:11:49+02:00</sln:gmIIPWersja><sln:gmIdTeryt>1213093</sln:gmIdTeryt><sln:gmNazwa>Zator</sln:gmNazwa><sln:miejscIIPId>c820418b-3aef-4303-ab10-2d45783cdb41</sln:miejscIIPId><sln:miejscIIPPn>PL.PZGIK.200</sln:miejscIIPPn><sln:miejscIIPWersja>2016-11-24T08:46:39+02:00</sln:miejscIIPWersja><sln:miejscIdTeryt>0076813</sln:miejscIdTeryt><sln:miejscNazwa>Palczowice</sln:miejscNazwa><sln:miejscRodzaj>Wieś</sln:miejscRodzaj><sln:powIIPId>1cf65b44-f4d5-4a14-961f-8363a199b2d6</sln:powIIPId><sln:powIIPPn>PL.PZGIK.200</sln:powIIPPn><sln:powIIPWersja>2012-09-27T07:52:00+02:00</sln:powIIPWersja><sln:powIdTeryt>1213</sln:powIdTeryt><sln:powNazwa>oświęcimski</sln:powNazwa><sln:waznyOd>2013-08-21T00:00:00+02:00</sln:waznyOd><sln:wojIIPId>dd2e3c64-f861-47cf-a3a3-e7751f272b2f</sln:wojIIPId><sln:wojIIPPn>PL.PZGIK.200</sln:wojIIPPn><sln:wojIIPWersja>2017-10-10T00:00:00+02:00</sln:wojIIPWersja><sln:wojIdTeryt>12</sln:wojIdTeryt><sln:wojNazwa>małopolskie</sln:wojNazwa></sln:miejscowosc><sln:miejscowosc><sln:cyklZyciaDo>2017-04-19T00:00:00+02:00</sln:cyklZyciaDo><sln:cyklZyciaOd>2016-02-05T00:00:00+01:00</sln:cyklZyciaOd><sln:gmIIPId>1d2cb538-d2b8-4b18-97cb-a6c7bc0cec17</sln:gmIIPId><sln:gmIIPPn>PL.PZGIK.200</sln:gmIIPPn><sln:gmIIPWersja>2012-09-26T22:11:49+02:00</sln:gmIIPWersja><sln:gmIdTeryt>1213093</sln:gmIdTeryt><sln:gmNazwa>Zator</sln:gmNazwa><sln:miejscIIPId>6bcaaf5b-2a8d-479c-8a61-d0753627390c</sln:miejscIIPId><sln:miejscIIPPn>PL.PZGIK.200</sln:miejscIIPPn><sln:miejscIIPWersja>2016-11-24T08:46:41+02:00</sln:miejscIIPWersja><sln:miejscIdTeryt>0076836</sln:miejscIdTeryt><sln:miejscNazwa>Podolsze</sln:miejscNazwa><sln:miejscRodzaj>Wieś</sln:miejscRodzaj><sln:powIIPId>1cf65b44-f4d5-4a14-961f-8363a199b2d6</sln:powIIPId><sln:powIIPPn>PL.PZGIK.200</sln:powIIPPn><sln:powIIPWersja>2012-09-27T07:52:00+02:00</sln:powIIPWersja><sln:powIdTeryt>1213</sln:powIdTeryt><sln:powNazwa>oświęcimski</sln:powNazwa><sln:waznyOd>2013-08-21T00:00:00+02:00</sln:waznyOd><sln:wojIIPId>dd2e3c64-f861-47cf-a3a3-e7751f272b2f</sln:wojIIPId><sln:wojIIPPn>PL.PZGIK.200</sln:wojIIPPn><sln:wojIIPWersja>2017-10-10T00:00:00+02:00</sln:wojIIPWersja><sln:wojIdTeryt>12</sln:wojIdTeryt><sln:wojNazwa>małopolskie</sln:wojNazwa></sln:miejscowosc><sln:miejscowosc><sln:cyklZyciaDo>2017-04-19T00:00:00+02:00</sln:cyklZyciaDo><sln:cyklZyciaOd>2016-02-05T00:00:00+01:00</sln:cyklZyciaOd><sln:gmIIPId>1d2cb538-d2b8-4b18-97cb-a6c7bc0cec17</sln:gmIIPId><sln:gmIIPPn>PL.PZGIK.200</sln:gmIIPPn><sln:gmIIPWersja>2012-09-26T22:11:49+02:00</sln:gmIIPWersja><sln:gmIdTeryt>1213093</sln:gmIdTeryt><sln:gmNazwa>Zator</sln:gmNazwa><sln:miejscIIPId>87ae89fa-71c9-4611-b2a3-20ce51f82af9</sln:miejscIIPId><sln:miejscIIPPn>PL.PZGIK.200</sln:miejscIIPPn><sln:miejscIIPWersja>2016-11-24T08:46:43+02:00</sln:miejscIIPWersja><sln:miejscIdTeryt>0076894</sln:miejscIdTeryt><sln:miejscNazwa>Rudze</sln:miejscNazwa><sln:miejscRodzaj>Wieś</sln:miejscRodzaj><sln:powIIPId>1cf65b44-f4d5-4a14-961f-8363a199b2d6</sln:powIIPId><sln:powIIPPn>PL.PZGIK.200</sln:powIIPPn><sln:powIIPWersja>2012-09-27T07:52:00+02:00</sln:powIIPWersja><sln:powIdTeryt>1213</sln:powIdTeryt><sln:powNazwa>oświęcimski</sln:powNazwa><sln:waznyOd>2013-08-21T00:00:00+02:00</sln:waznyOd><sln:wojIIPId>dd2e3c64-f861-47cf-a3a3-e7751f272b2f</sln:wojIIPId><sln:wojIIPPn>PL.PZGIK.200</sln:wojIIPPn><sln:wojIIPWersja>2017-10-10T00:00:00+02:00</sln:wojIIPWersja><sln:wojIdTeryt>12</sln:wojIdTeryt><sln:wojNazwa>małopolskie</sln:wojNazwa></sln:miejscowosc><sln:miejscowosc><sln:cyklZyciaDo>2017-04-19T00:00:00+02:00</sln:cyklZyciaDo><sln:cyklZyciaOd>2016-02-05T00:00:00+01:00</sln:cyklZyciaOd><sln:gmIIPId>1d2cb538-d2b8-4b18-97cb-a6c7bc0cec17</sln:gmIIPId><sln:gmIIPPn>PL.PZGIK.200</sln:gmIIPPn><sln:gmIIPWersja>2012-09-26T22:11:49+02:00</sln:gmIIPWersja><sln:gmIdTeryt>1213093</sln:gmIdTeryt><sln:gmNazwa>Zator</sln:gmNazwa><sln:miejscIIPId>0ffd1d4f-16f0-45be-b525-e25c1f449889</sln:miejscIIPId><sln:miejscIIPPn>PL.PZGIK.200</sln:miejscIIPPn><sln:miejscIIPWersja>2016-11-24T08:46:45+02:00</sln:miejscIIPWersja><sln:miejscIdTeryt>0076925</sln:miejscIdTeryt><sln:miejscNazwa>Smolice</sln:miejscNazwa><sln:miejscRodzaj>Wieś</sln:miejscRodzaj><sln:powIIPId>1cf65b44-f4d5-4a14-961f-8363a199b2d6</sln:powIIPId><sln:powIIPPn>PL.PZGIK.200</sln:powIIPPn><sln:powIIPWersja>2012-09-27T07:52:00+02:00</sln:powIIPWersja><sln:powIdTeryt>1213</sln:powIdTeryt><sln:powNazwa>oświęcimski</sln:powNazwa><sln:waznyOd>2013-08-21T00:00:00+02:00</sln:waznyOd><sln:wojIIPId>dd2e3c64-f861-47cf-a3a3-e7751f272b2f</sln:wojIIPId><sln:wojIIPPn>PL.PZGIK.200</sln:wojIIPPn><sln:wojIIPWersja>2017-10-10T00:00:00+02:00</sln:wojIIPWersja><sln:wojIdTeryt>12</sln:wojIdTeryt><sln:wojNazwa>małopolskie</sln:wojNazwa></sln:miejscowosc><sln:miejscowosc><sln:cyklZyciaDo>2017-04-19T00:00:00+02:00</sln:cyklZyciaDo><sln:cyklZyciaOd>2016-02-05T00:00:00+01:00</sln:cyklZyciaOd><sln:gmIIPId>1d2cb538-d2b8-4b18-97cb-a6c7bc0cec17</sln:gmIIPId><sln:gmIIPPn>PL.PZGIK.200</sln:gmIIPPn><sln:gmIIPWersja>2012-09-26T22:11:49+02:00</sln:gmIIPWersja><sln:gmIdTeryt>1213093</sln:gmIdTeryt><sln:gmNazwa>Zator</sln:gmNazwa><sln:miejscIIPId>ca654e66-e80a-4bea-aa1c-fe0d3aadfa9e</sln:miejscIIPId><sln:miejscIIPPn>PL.PZGIK.200</sln:miejscIIPPn><sln:miejscIIPWersja>2016-11-24T08:46:47+02:00</sln:miejscIIPWersja><sln:miejscIdTeryt>0076960</sln:miejscIdTeryt><sln:miejscNazwa>Trzebieńczyce</sln:miejscNazwa><sln:miejscRodzaj>Wieś</sln:miejscRodzaj><sln:powIIPId>1cf65b44-f4d5-4a14-961f-8363a199b2d6</sln:powIIPId><sln:powIIPPn>PL.PZGIK.200</sln:powIIPPn><sln:powIIPWersja>2012-09-27T07:52:00+02:00</sln:powIIPWersja><sln:powIdTeryt>1213</sln:powIdTeryt><sln:powNazwa>oświęcimski</sln:powNazwa><sln:waznyOd>2013-08-21T00:00:00+02:00</sln:waznyOd><sln:wojIIPId>dd2e3c64-f861-47cf-a3a3-e7751f272b2f</sln:wojIIPId><sln:wojIIPPn>PL.PZGIK.200</sln:wojIIPPn><sln:wojIIPWersja>2017-10-10T00:00:00+02:00</sln:wojIIPWersja><sln:wojIdTeryt>12</sln:wojIdTeryt><sln:wojNazwa>małopolskie</sln:wojNazwa></sln:miejscowosc><sln:miejscowosc><sln:cyklZyciaDo>2017-04-19T00:00:00+02:00</sln:cyklZyciaDo><sln:cyklZyciaOd>2016-02-05T00:00:00+01:00</sln:cyklZyciaOd><sln:gmIIPId>1d2cb538-d2b8-4b18-97cb-a6c7bc0cec17</sln:gmIIPId><sln:gmIIPPn>PL.PZGIK.200</sln:gmIIPPn><sln:gmIIPWersja>2012-09-26T22:11:49+02:00</sln:gmIIPWersja><sln:gmIdTeryt>1213093</sln:gmIdTeryt><sln:gmNazwa>Zator</sln:gmNazwa><sln:miejscIIPId>af33024a-c66b-403e-8bae-618b7ab62bee</sln:miejscIIPId><sln:miejscIIPPn>PL.PZGIK.200</sln:miejscIIPPn><sln:miejscIIPWersja>2016-11-24T13:15:21+02:00</sln:miejscIIPWersja><sln:miejscIdTeryt>0927576</sln:miejscIdTeryt><sln:miejscNazwa>Zator</sln:miejscNazwa><sln:miejscRodzaj>Miasto</sln:miejscRodzaj><sln:powIIPId>1cf65b44-f4d5-4a14-961f-8363a199b2d6</sln:powIIPId><sln:powIIPPn>PL.PZGIK.200</sln:powIIPPn><sln:powIIPWersja>2012-09-27T07:52:00+02:00</sln:powIIPWersja><sln:powIdTeryt>1213</sln:powIdTeryt><sln:powNazwa>oświęcimski</sln:powNazwa><sln:waznyOd>2013-08-21T00:00:00+02:00</sln:waznyOd><sln:wojIIPId>dd2e3c64-f861-47cf-a3a3-e7751f272b2f</sln:wojIIPId><sln:wojIIPPn>PL.PZGIK.200</sln:wojIIPPn><sln:wojIIPWersja>2017-10-10T00:00:00+02:00</sln:wojIIPWersja><sln:wojIdTeryt>12</sln:wojIdTeryt><sln:wojNazwa>małopolskie</sln:wojNazwa></sln:miejscowosc><sln:miejscowosc><sln:cyklZyciaDo>2015-12-15T00:00:00+01:00</sln:cyklZyciaDo><sln:cyklZyciaOd>2015-08-06T00:00:00+02:00</sln:cyklZyciaOd><sln:gmIIPId>1d2cb538-d2b8-4b18-97cb-a6c7bc0cec17</sln:gmIIPId><sln:gmIIPPn>PL.PZGIK.200</sln:gmIIPPn><sln:gmIIPWersja>2012-09-26T22:11:49+02:00</sln:gmIIPWersja><sln:gmIdTeryt>1213093</sln:gmIdTeryt><sln:gmNazwa>Zator</sln:gmNazwa><sln:miejscIIPId>a591e19a-6439-49d6-8753-419f155ef2b9</sln:miejscIIPId><sln:miejscIIPPn>PL.PZGIK.200</sln:miejscIIPPn><sln:miejscIIPWersja>2016-11-24T08:46:31+02:00</sln:miejscIIPWersja><sln:miejscIdTeryt>0076641</sln:miejscIdTeryt><sln:miejscNazwa>Graboszyce</sln:miejscNazwa><sln:miejscRodzaj>Wieś</sln:miejscRodzaj><sln:powIIPId>1cf65b44-f4d5-4a14-961f-8363a199b2d6</sln:powIIPId><sln:powIIPPn>PL.PZGIK.200</sln:powIIPPn><sln:powIIPWersja>2012-09-27T07:52:00+02:00</sln:powIIPWersja><sln:powIdTeryt>1213</sln:powIdTeryt><sln:powNazwa>oświęcimski</sln:powNazwa><sln:waznyOd>2013-08-21T00:00:00+02:00</sln:waznyOd><sln:wojIIPId>dd2e3c64-f861-47cf-a3a3-e7751f272b2f</sln:wojIIPId><sln:wojIIPPn>PL.PZGIK.200</sln:wojIIPPn><sln:wojIIPWersja>2017-10-10T00:00:00+02:00</sln:wojIIPWersja><sln:wojIdTeryt>12</sln:wojIdTeryt><sln:wojNazwa>małopolskie</sln:wojNazwa></sln:miejscowosc><sln:miejscowosc><sln:cyklZyciaDo>2015-12-15T00:00:00+01:00</sln:cyklZyciaDo><sln:cyklZyciaOd>2015-08-06T00:00:00+02:00</sln:cyklZyciaOd><sln:gmIIPId>1d2cb538-d2b8-4b18-97cb-a6c7bc0cec17</sln:gmIIPId><sln:gmIIPPn>PL.PZGIK.200</sln:gmIIPPn><sln:gmIIPWersja>2012-09-26T22:11:49+02:00</sln:gmIIPWersja><sln:gmIdTeryt>1213093</sln:gmIdTeryt><sln:gmNazwa>Zator</sln:gmNazwa><sln:miejscIIPId>5d47726f-31a5-4a7f-95aa-3094cf4da781</sln:miejscIIPId><sln:miejscIIPPn>PL.PZGIK.200</sln:miejscIIPPn><sln:miejscIIPWersja>2016-11-24T08:46:34+02:00</sln:miejscIIPWersja><sln:miejscIdTeryt>0076701</sln:miejscIdTeryt><sln:miejscNazwa>Grodzisko</sln:miejscNazwa><sln:miejscRodzaj>Wieś</sln:miejscRodzaj><sln:powIIPId>1cf65b44-f4d5-4a14-961f-8363a199b2d6</sln:powIIPId><sln:powIIPPn>PL.PZGIK.200</sln:powIIPPn><sln:powIIPWersja>2012-09-27T07:52:00+02:00</sln:powIIPWersja><sln:powIdTeryt>1213</sln:powIdTeryt><sln:powNazwa>oświęcimski</sln:powNazwa><sln:waznyOd>2013-08-21T00:00:00+02:00</sln:waznyOd><sln:wojIIPId>dd2e3c64-f861-47cf-a3a3-e7751f272b2f</sln:wojIIPId><sln:wojIIPPn>PL.PZGIK.200</sln:wojIIPPn><sln:wojIIPWersja>2017-10-10T00:00:00+02:00</sln:wojIIPWersja><sln:wojIdTeryt>12</sln:wojIdTeryt><sln:wojNazwa>małopolskie</sln:wojNazwa></sln:miejscowosc><sln:miejscowosc><sln:cyklZyciaDo>2015-12-15T00:00:00+01:00</sln:cyklZyciaDo><sln:cyklZyciaOd>2015-08-06T00:00:00+02:00</sln:cyklZyciaOd><sln:gmIIPId>1d2cb538-d2b8-4b18-97cb-a6c7bc0cec17</sln:gmIIPId><sln:gmIIPPn>PL.PZGIK.200</sln:gmIIPPn><sln:gmIIPWersja>2012-09-26T22:11:49+02:00</sln:gmIIPWersja><sln:gmIdTeryt>1213093</sln:gmIdTeryt><sln:gmNazwa>Zator</sln:gmNazwa><sln:miejscIIPId>2905aa0a-e956-4ea6-ae95-0aec6ca622f5</sln:miejscIIPId><sln:miejscIIPPn>PL.PZGIK.200</sln:miejscIIPPn><sln:miejscIIPWersja>2016-11-24T08:46:36+02:00</sln:miejscIIPWersja><sln:miejscIdTeryt>0076747</sln:miejscIdTeryt><sln:miejscNazwa>Laskowa</sln:miejscNazwa><sln:miejscRodzaj>Wieś</sln:miejscRodzaj><sln:powIIPId>1cf65b44-f4d5-4a14-961f-8363a199b2d6</sln:powIIPId><sln:powIIPPn>PL.PZGIK.200</sln:powIIPPn><sln:powIIPWersja>2012-09-27T07:52:00+02:00</sln:powIIPWersja><sln:powIdTeryt>1213</sln:powIdTeryt><sln:powNazwa>oświęcimski</sln:powNazwa><sln:waznyOd>2013-08-21T00:00:00+02:00</sln:waznyOd><sln:wojIIPId>dd2e3c64-f861-47cf-a3a3-e7751f272b2f</sln:wojIIPId><sln:wojIIPPn>PL.PZGIK.200</sln:wojIIPPn><sln:wojIIPWersja>2017-10-10T00:00:00+02:00</sln:wojIIPWersja><sln:wojIdTeryt>12</sln:wojIdTeryt><sln:wojNazwa>małopolskie</sln:wojNazwa></sln:miejscowosc><sln:miejscowosc><sln:cyklZyciaDo>2015-12-15T00:00:00+01:00</sln:cyklZyciaDo><sln:cyklZyciaOd>2015-08-06T00:00:00+02:00</sln:cyklZyciaOd><sln:gmIIPId>1d2cb538-d2b8-4b18-97cb-a6c7bc0cec17</sln:gmIIPId><sln:gmIIPPn>PL.PZGIK.200</sln:gmIIPPn><sln:gmIIPWersja>2012-09-26T22:11:49+02:00</sln:gmIIPWersja><sln:gmIdTeryt>1213093</sln:gmIdTeryt><sln:gmNazwa>Zator</sln:gmNazwa><sln:miejscIIPId>1d445c19-f294-4988-b240-47ee262f0686</sln:miejscIIPId><sln:miejscIIPPn>PL.PZGIK.200</sln:miejscIIPPn><sln:miejscIIPWersja>2016-11-24T08:46:38+02:00</sln:miejscIIPWersja><sln:miejscIdTeryt>0076782</sln:miejscIdTeryt><sln:miejscNazwa>Łowiczki</sln:miejscNazwa><sln:miejscRodzaj>Wieś</sln:miejscRodzaj><sln:powIIPId>1cf65b44-f4d5-4a14-961f-8363a199b2d6</sln:powIIPId><sln:powIIPPn>PL.PZGIK.200</sln:powIIPPn><sln:powIIPWersja>2012-09-27T07:52:00+02:00</sln:powIIPWersja><sln:powIdTeryt>1213</sln:powIdTeryt><sln:powNazwa>oświęcimski</sln:powNazwa><sln:waznyOd>2013-08-21T00:00:00+02:00</sln:waznyOd><sln:wojIIPId>dd2e3c64-f861-47cf-a3a3-e7751f272b2f</sln:wojIIPId><sln:wojIIPPn>PL.PZGIK.200</sln:wojIIPPn><sln:wojIIPWersja>2017-10-10T00:00:00+02:00</sln:wojIIPWersja><sln:wojIdTeryt>12</sln:wojIdTeryt><sln:wojNazwa>małopolskie</sln:wojNazwa></sln:miejscowosc><sln:miejscowosc><sln:cyklZyciaDo>2015-12-15T00:00:00+01:00</sln:cyklZyciaDo><sln:cyklZyciaOd>2015-08-06T00:00:00+02:00</sln:cyklZyciaOd><sln:gmIIPId>1d2cb538-d2b8-4b18-97cb-a6c7bc0cec17</sln:gmIIPId><sln:gmIIPPn>PL.PZGIK.200</sln:gmIIPPn><sln:gmIIPWersja>2012-09-26T22:11:49+02:00</sln:gmIIPWersja><sln:gmIdTeryt>1213093</sln:gmIdTeryt><sln:gmNazwa>Zator</sln:gmNazwa><sln:miejscIIPId>c820418b-3aef-4303-ab10-2d45783cdb41</sln:miejscIIPId><sln:miejscIIPPn>PL.PZGIK.200</sln:miejscIIPPn><sln:miejscIIPWersja>2016-11-24T08:46:40+02:00</sln:miejscIIPWersja><sln:miejscIdTeryt>0076813</sln:miejscIdTeryt><sln:miejscNazwa>Palczowice</sln:miejscNazwa><sln:miejscRodzaj>Wieś</sln:miejscRodzaj><sln:powIIPId>1cf65b44-f4d5-4a14-961f-8363a199b2d6</sln:powIIPId><sln:powIIPPn>PL.PZGIK.200</sln:powIIPPn><sln:powIIPWersja>2012-09-27T07:52:00+02:00</sln:powIIPWersja><sln:powIdTeryt>1213</sln:powIdTeryt><sln:powNazwa>oświęcimski</sln:powNazwa><sln:waznyOd>2013-08-21T00:00:00+02:00</sln:waznyOd><sln:wojIIPId>dd2e3c64-f861-47cf-a3a3-e7751f272b2f</sln:wojIIPId><sln:wojIIPPn>PL.PZGIK.200</sln:wojIIPPn><sln:wojIIPWersja>2017-10-10T00:00:00+02:00</sln:wojIIPWersja><sln:wojIdTeryt>12</sln:wojIdTeryt><sln:wojNazwa>małopolskie</sln:wojNazwa></sln:miejscowosc><sln:miejscowosc><sln:cyklZyciaDo>2015-12-15T00:00:00+01:00</sln:cyklZyciaDo><sln:cyklZyciaOd>2015-08-06T00:00:00+02:00</sln:cyklZyciaOd><sln:gmIIPId>1d2cb538-d2b8-4b18-97cb-a6c7bc0cec17</sln:gmIIPId><sln:gmIIPPn>PL.PZGIK.200</sln:gmIIPPn><sln:gmIIPWersja>2012-09-26T22:11:49+02:00</sln:gmIIPWersja><sln:gmIdTeryt>1213093</sln:gmIdTeryt><sln:gmNazwa>Zator</sln:gmNazwa><sln:miejscIIPId>6bcaaf5b-2a8d-479c-8a61-d0753627390c</sln:miejscIIPId><sln:miejscIIPPn>PL.PZGIK.200</sln:miejscIIPPn><sln:miejscIIPWersja>2016-11-24T08:46:42+02:00</sln:miejscIIPWersja><sln:miejscIdTeryt>0076836</sln:miejscIdTeryt><sln:miejscNazwa>Podolsze</sln:miejscNazwa><sln:miejscRodzaj>Wieś</sln:miejscRodzaj><sln:powIIPId>1cf65b44-f4d5-4a14-961f-8363a199b2d6</sln:powIIPId><sln:powIIPPn>PL.PZGIK.200</sln:powIIPPn><sln:powIIPWersja>2012-09-27T07:52:00+02:00</sln:powIIPWersja><sln:powIdTeryt>1213</sln:powIdTeryt><sln:powNazwa>oświęcimski</sln:powNazwa><sln:waznyOd>2013-08-21T00:00:00+02:00</sln:waznyOd><sln:wojIIPId>dd2e3c64-f861-47cf-a3a3-e7751f272b2f</sln:wojIIPId><sln:wojIIPPn>PL.PZGIK.200</sln:wojIIPPn><sln:wojIIPWersja>2017-10-10T00:00:00+02:00</sln:wojIIPWersja><sln:wojIdTeryt>12</sln:wojIdTeryt><sln:wojNazwa>małopolskie</sln:wojNazwa></sln:miejscowosc><sln:miejscowosc><sln:cyklZyciaDo>2015-12-15T00:00:00+01:00</sln:cyklZyciaDo><sln:cyklZyciaOd>2015-08-06T00:00:00+02:00</sln:cyklZyciaOd><sln:gmIIPId>1d2cb538-d2b8-4b18-97cb-a6c7bc0cec17</sln:gmIIPId><sln:gmIIPPn>PL.PZGIK.200</sln:gmIIPPn><sln:gmIIPWersja>2012-09-26T22:11:49+02:00</sln:gmIIPWersja><sln:gmIdTeryt>1213093</sln:gmIdTeryt><sln:gmNazwa>Zator</sln:gmNazwa><sln:miejscIIPId>87ae89fa-71c9-4611-b2a3-20ce51f82af9</sln:miejscIIPId><sln:miejscIIPPn>PL.PZGIK.200</sln:miejscIIPPn><sln:miejscIIPWersja>2016-11-24T08:46:44+02:00</sln:miejscIIPWersja><sln:miejscIdTeryt>0076894</sln:miejscIdTeryt><sln:miejscNazwa>Rudze</sln:miejscNazwa><sln:miejscRodzaj>Wieś</sln:miejscRodzaj><sln:powIIPId>1cf65b44-f4d5-4a14-961f-8363a199b2d6</sln:powIIPId><sln:powIIPPn>PL.PZGIK.200</sln:powIIPPn><sln:powIIPWersja>2012-09-27T07:52:00+02:00</sln:powIIPWersja><sln:powIdTeryt>1213</sln:powIdTeryt><sln:powNazwa>oświęcimski</sln:powNazwa><sln:waznyOd>2013-08-21T00:00:00+02:00</sln:waznyOd><sln:wojIIPId>dd2e3c64-f861-47cf-a3a3-e7751f272b2f</sln:wojIIPId><sln:wojIIPPn>PL.PZGIK.200</sln:wojIIPPn><sln:wojIIPWersja>2017-10-10T00:00:00+02:00</sln:wojIIPWersja><sln:wojIdTeryt>12</sln:wojIdTeryt><sln:wojNazwa>małopolskie</sln:wojNazwa></sln:miejscowosc><sln:miejscowosc><sln:cyklZyciaDo>2015-12-15T00:00:00+01:00</sln:cyklZyciaDo><sln:cyklZyciaOd>2015-08-06T00:00:00+02:00</sln:cyklZyciaOd><sln:gmIIPId>1d2cb538-d2b8-4b18-97cb-a6c7bc0cec17</sln:gmIIPId><sln:gmIIPPn>PL.PZGIK.200</sln:gmIIPPn><sln:gmIIPWersja>2012-09-26T22:11:49+02:00</sln:gmIIPWersja><sln:gmIdTeryt>1213093</sln:gmIdTeryt><sln:gmNazwa>Zator</sln:gmNazwa><sln:miejscIIPId>0ffd1d4f-16f0-45be-b525-e25c1f449889</sln:miejscIIPId><sln:miejscIIPPn>PL.PZGIK.200</sln:miejscIIPPn><sln:miejscIIPWersja>2016-11-24T08:46:46+02:00</sln:miejscIIPWersja><sln:miejscIdTeryt>0076925</sln:miejscIdTeryt><sln:miejscNazwa>Smolice</sln:miejscNazwa><sln:miejscRodzaj>Wieś</sln:miejscRodzaj><sln:powIIPId>1cf65b44-f4d5-4a14-961f-8363a199b2d6</sln:powIIPId><sln:powIIPPn>PL.PZGIK.200</sln:powIIPPn><sln:powIIPWersja>2012-09-27T07:52:00+02:00</sln:powIIPWersja><sln:powIdTeryt>1213</sln:powIdTeryt><sln:powNazwa>oświęcimski</sln:powNazwa><sln:waznyOd>2013-08-21T00:00:00+02:00</sln:waznyOd><sln:wojIIPId>dd2e3c64-f861-47cf-a3a3-e7751f272b2f</sln:wojIIPId><sln:wojIIPPn>PL.PZGIK.200</sln:wojIIPPn><sln:wojIIPWersja>2017-10-10T00:00:00+02:00</sln:wojIIPWersja><sln:wojIdTeryt>12</sln:wojIdTeryt><sln:wojNazwa>małopolskie</sln:wojNazwa></sln:miejscowosc><sln:miejscowosc><sln:cyklZyciaDo>2015-12-15T00:00:00+01:00</sln:cyklZyciaDo><sln:cyklZyciaOd>2015-08-06T00:00:00+02:00</sln:cyklZyciaOd><sln:gmIIPId>1d2cb538-d2b8-4b18-97cb-a6c7bc0cec17</sln:gmIIPId><sln:gmIIPPn>PL.PZGIK.200</sln:gmIIPPn><sln:gmIIPWersja>2012-09-26T22:11:49+02:00</sln:gmIIPWersja><sln:gmIdTeryt>1213093</sln:gmIdTeryt><sln:gmNazwa>Zator</sln:gmNazwa><sln:miejscIIPId>ca654e66-e80a-4bea-aa1c-fe0d3aadfa9e</sln:miejscIIPId><sln:miejscIIPPn>PL.PZGIK.200</sln:miejscIIPPn><sln:miejscIIPWersja>2016-11-24T08:46:48+02:00</sln:miejscIIPWersja><sln:miejscIdTeryt>0076960</sln:miejscIdTeryt><sln:miejscNazwa>Trzebieńczyce</sln:miejscNazwa><sln:miejscRodzaj>Wieś</sln:miejscRodzaj><sln:powIIPId>1cf65b44-f4d5-4a14-961f-8363a199b2d6</sln:powIIPId><sln:powIIPPn>PL.PZGIK.200</sln:powIIPPn><sln:powIIPWersja>2012-09-27T07:52:00+02:00</sln:powIIPWersja><sln:powIdTeryt>1213</sln:powIdTeryt><sln:powNazwa>oświęcimski</sln:powNazwa><sln:waznyOd>2013-08-21T00:00:00+02:00</sln:waznyOd><sln:wojIIPId>dd2e3c64-f861-47cf-a3a3-e7751f272b2f</sln:wojIIPId><sln:wojIIPPn>PL.PZGIK.200</sln:wojIIPPn><sln:wojIIPWersja>2017-10-10T00:00:00+02:00</sln:wojIIPWersja><sln:wojIdTeryt>12</sln:wojIdTeryt><sln:wojNazwa>małopolskie</sln:wojNazwa></sln:miejscowosc><sln:miejscowosc><sln:cyklZyciaDo>2015-12-15T00:00:00+01:00</sln:cyklZyciaDo><sln:cyklZyciaOd>2015-08-06T00:00:00+02:00</sln:cyklZyciaOd><sln:gmIIPId>1d2cb538-d2b8-4b18-97cb-a6c7bc0cec17</sln:gmIIPId><sln:gmIIPPn>PL.PZGIK.200</sln:gmIIPPn><sln:gmIIPWersja>2012-09-26T22:11:49+02:00</sln:gmIIPWersja><sln:gmIdTeryt>1213093</sln:gmIdTeryt><sln:gmNazwa>Zator</sln:gmNazwa><sln:miejscIIPId>af33024a-c66b-403e-8bae-618b7ab62bee</sln:miejscIIPId><sln:miejscIIPPn>PL.PZGIK.200</sln:miejscIIPPn><sln:miejscIIPWersja>2016-11-24T13:15:22+02:00</sln:miejscIIPWersja><sln:miejscIdTeryt>0927576</sln:miejscIdTeryt><sln:miejscNazwa>Zator</sln:miejscNazwa><sln:miejscRodzaj>Miasto</sln:miejscRodzaj><sln:powIIPId>1cf65b44-f4d5-4a14-961f-8363a199b2d6</sln:powIIPId><sln:powIIPPn>PL.PZGIK.200</sln:powIIPPn><sln:powIIPWersja>2012-09-27T07:52:00+02:00</sln:powIIPWersja><sln:powIdTeryt>1213</sln:powIdTeryt><sln:powNazwa>oświęcimski</sln:powNazwa><sln:waznyOd>2013-08-21T00:00:00+02:00</sln:waznyOd><sln:wojIIPId>dd2e3c64-f861-47cf-a3a3-e7751f272b2f</sln:wojIIPId><sln:wojIIPPn>PL.PZGIK.200</sln:wojIIPPn><sln:wojIIPWersja>2017-10-10T00:00:00+02:00</sln:wojIIPWersja><sln:wojIdTeryt>12</sln:wojIdTeryt><sln:wojNazwa>małopolskie</sln:wojNazwa></sln:miejscowosc><sln:miejscowosc><sln:cyklZyciaDo>2016-02-05T00:00:00+01:00</sln:cyklZyciaDo><sln:cyklZyciaOd>2015-12-15T00:00:00+01:00</sln:cyklZyciaOd><sln:gmIIPId>1d2cb538-d2b8-4b18-97cb-a6c7bc0cec17</sln:gmIIPId><sln:gmIIPPn>PL.PZGIK.200</sln:gmIIPPn><sln:gmIIPWersja>2012-09-26T22:11:49+02:00</sln:gmIIPWersja><sln:gmIdTeryt>1213093</sln:gmIdTeryt><sln:gmNazwa>Zator</sln:gmNazwa><sln:miejscIIPId>a591e19a-6439-49d6-8753-419f155ef2b9</sln:miejscIIPId><sln:miejscIIPPn>PL.PZGIK.200</sln:miejscIIPPn><sln:miejscIIPWersja>2016-11-24T08:46:33+02:00</sln:miejscIIPWersja><sln:miejscIdTeryt>0076641</sln:miejscIdTeryt><sln:miejscNazwa>Graboszyce</sln:miejscNazwa><sln:miejscRodzaj>Wieś</sln:miejscRodzaj><sln:powIIPId>1cf65b44-f4d5-4a14-961f-8363a199b2d6</sln:powIIPId><sln:powIIPPn>PL.PZGIK.200</sln:powIIPPn><sln:powIIPWersja>2012-09-27T07:52:00+02:00</sln:powIIPWersja><sln:powIdTeryt>1213</sln:powIdTeryt><sln:powNazwa>oświęcimski</sln:powNazwa><sln:waznyOd>2013-08-21T00:00:00+02:00</sln:waznyOd><sln:wojIIPId>dd2e3c64-f861-47cf-a3a3-e7751f272b2f</sln:wojIIPId><sln:wojIIPPn>PL.PZGIK.200</sln:wojIIPPn><sln:wojIIPWersja>2017-10-10T00:00:00+02:00</sln:wojIIPWersja><sln:wojIdTeryt>12</sln:wojIdTeryt><sln:wojNazwa>małopolskie</sln:wojNazwa></sln:miejscowosc><sln:miejscowosc><sln:cyklZyciaDo>2016-02-05T00:00:00+01:00</sln:cyklZyciaDo><sln:cyklZyciaOd>2015-12-15T00:00:00+01:00</sln:cyklZyciaOd><sln:gmIIPId>1d2cb538-d2b8-4b18-97cb-a6c7bc0cec17</sln:gmIIPId><sln:gmIIPPn>PL.PZGIK.200</sln:gmIIPPn><sln:gmIIPWersja>2012-09-26T22:11:49+02:00</sln:gmIIPWersja><sln:gmIdTeryt>1213093</sln:gmIdTeryt><sln:gmNazwa>Zator</sln:gmNazwa><sln:miejscIIPId>5d47726f-31a5-4a7f-95aa-3094cf4da781</sln:miejscIIPId><sln:miejscIIPPn>PL.PZGIK.200</sln:miejscIIPPn><sln:miejscIIPWersja>2016-11-24T08:46:35+02:00</sln:miejscIIPWersja><sln:miejscIdTeryt>0076701</sln:miejscIdTeryt><sln:miejscNazwa>Grodzisko</sln:miejscNazwa><sln:miejscRodzaj>Wieś</sln:miejscRodzaj><sln:powIIPId>1cf65b44-f4d5-4a14-961f-8363a199b2d6</sln:powIIPId><sln:powIIPPn>PL.PZGIK.200</sln:powIIPPn><sln:powIIPWersja>2012-09-27T07:52:00+02:00</sln:powIIPWersja><sln:powIdTeryt>1213</sln:powIdTeryt><sln:powNazwa>oświęcimski</sln:powNazwa><sln:waznyOd>2013-08-21T00:00:00+02:00</sln:waznyOd><sln:wojIIPId>dd2e3c64-f861-47cf-a3a3-e7751f272b2f</sln:wojIIPId><sln:wojIIPPn>PL.PZGIK.200</sln:wojIIPPn><sln:wojIIPWersja>2017-10-10T00:00:00+02:00</sln:wojIIPWersja><sln:wojIdTeryt>12</sln:wojIdTeryt><sln:wojNazwa>małopolskie</sln:wojNazwa></sln:miejscowosc><sln:miejscowosc><sln:cyklZyciaDo>2016-02-05T00:00:00+01:00</sln:cyklZyciaDo><sln:cyklZyciaOd>2015-12-15T00:00:00+01:00</sln:cyklZyciaOd><sln:gmIIPId>1d2cb538-d2b8-4b18-97cb-a6c7bc0cec17</sln:gmIIPId><sln:gmIIPPn>PL.PZGIK.200</sln:gmIIPPn><sln:gmIIPWersja>2012-09-26T22:11:49+02:00</sln:gmIIPWersja><sln:gmIdTeryt>1213093</sln:gmIdTeryt><sln:gmNazwa>Zator</sln:gmNazwa><sln:miejscIIPId>2905aa0a-e956-4ea6-ae95-0aec6ca622f5</sln:miejscIIPId><sln:miejscIIPPn>PL.PZGIK.200</sln:miejscIIPPn><sln:miejscIIPWersja>2016-11-24T08:46:37+02:00</sln:miejscIIPWersja><sln:miejscIdTeryt>0076747</sln:miejscIdTeryt><sln:miejscNazwa>Laskowa</sln:miejscNazwa><sln:miejscRodzaj>Wieś</sln:miejscRodzaj><sln:powIIPId>1cf65b44-f4d5-4a14-961f-8363a199b2d6</sln:powIIPId><sln:powIIPPn>PL.PZGIK.200</sln:powIIPPn><sln:powIIPWersja>2012-09-27T07:52:00+02:00</sln:powIIPWersja><sln:powIdTeryt>1213</sln:powIdTeryt><sln:powNazwa>oświęcimski</sln:powNazwa><sln:waznyOd>2013-08-21T00:00:00+02:00</sln:waznyOd><sln:wojIIPId>dd2e3c64-f861-47cf-a3a3-e7751f272b2f</sln:wojIIPId><sln:wojIIPPn>PL.PZGIK.200</sln:wojIIPPn><sln:wojIIPWersja>2017-10-10T00:00:00+02:00</sln:wojIIPWersja><sln:wojIdTeryt>12</sln:wojIdTeryt><sln:wojNazwa>małopolskie</sln:wojNazwa></sln:miejscowosc><sln:miejscowosc><sln:cyklZyciaDo>2016-02-05T00:00:00+01:00</sln:cyklZyciaDo><sln:cyklZyciaOd>2015-12-15T00:00:00+01:00</sln:cyklZyciaOd><sln:gmIIPId>1d2cb538-d2b8-4b18-97cb-a6c7bc0cec17</sln:gmIIPId><sln:gmIIPPn>PL.PZGIK.200</sln:gmIIPPn><sln:gmIIPWersja>2012-09-26T22:11:49+02:00</sln:gmIIPWersja><sln:gmIdTeryt>1213093</sln:gmIdTeryt><sln:gmNazwa>Zator</sln:gmNazwa><sln:miejscIIPId>1d445c19-f294-4988-b240-47ee262f0686</sln:miejscIIPId><sln:miejscIIPPn>PL.PZGIK.200</sln:miejscIIPPn><sln:miejscIIPWersja>2016-11-24T08:46:39+02:00</sln:miejscIIPWersja><sln:miejscIdTeryt>0076782</sln:miejscIdTeryt><sln:miejscNazwa>Łowiczki</sln:miejscNazwa><sln:miejscRodzaj>Wieś</sln:miejscRodzaj><sln:powIIPId>1cf65b44-f4d5-4a14-961f-8363a199b2d6</sln:powIIPId><sln:powIIPPn>PL.PZGIK.200</sln:powIIPPn><sln:powIIPWersja>2012-09-27T07:52:00+02:00</sln:powIIPWersja><sln:powIdTeryt>1213</sln:powIdTeryt><sln:powNazwa>oświęcimski</sln:powNazwa><sln:waznyOd>2013-08-21T00:00:00+02:00</sln:waznyOd><sln:wojIIPId>dd2e3c64-f861-47cf-a3a3-e7751f272b2f</sln:wojIIPId><sln:wojIIPPn>PL.PZGIK.200</sln:wojIIPPn><sln:wojIIPWersja>2017-10-10T00:00:00+02:00</sln:wojIIPWersja><sln:wojIdTeryt>12</sln:wojIdTeryt><sln:wojNazwa>małopolskie</sln:wojNazwa></sln:miejscowosc><sln:miejscowosc><sln:cyklZyciaDo>2016-02-05T00:00:00+01:00</sln:cyklZyciaDo><sln:cyklZyciaOd>2015-12-15T00:00:00+01:00</sln:cyklZyciaOd><sln:gmIIPId>1d2cb538-d2b8-4b18-97cb-a6c7bc0cec17</sln:gmIIPId><sln:gmIIPPn>PL.PZGIK.200</sln:gmIIPPn><sln:gmIIPWersja>2012-09-26T22:11:49+02:00</sln:gmIIPWersja><sln:gmIdTeryt>1213093</sln:gmIdTeryt><sln:gmNazwa>Zator</sln:gmNazwa><sln:miejscIIPId>c820418b-3aef-4303-ab10-2d45783cdb41</sln:miejscIIPId><sln:miejscIIPPn>PL.PZGIK.200</sln:miejscIIPPn><sln:miejscIIPWersja>2016-11-24T08:46:41+02:00</sln:miejscIIPWersja><sln:miejscIdTeryt>0076813</sln:miejscIdTeryt><sln:miejscNazwa>Palczowice</sln:miejscNazwa><sln:miejscRodzaj>Wieś</sln:miejscRodzaj><sln:powIIPId>1cf65b44-f4d5-4a14-961f-8363a199b2d6</sln:powIIPId><sln:powIIPPn>PL.PZGIK.200</sln:powIIPPn><sln:powIIPWersja>2012-09-27T07:52:00+02:00</sln:powIIPWersja><sln:powIdTeryt>1213</sln:powIdTeryt><sln:powNazwa>oświęcimski</sln:powNazwa><sln:waznyOd>2013-08-21T00:00:00+02:00</sln:waznyOd><sln:wojIIPId>dd2e3c64-f861-47cf-a3a3-e7751f272b2f</sln:wojIIPId><sln:wojIIPPn>PL.PZGIK.200</sln:wojIIPPn><sln:wojIIPWersja>2017-10-10T00:00:00+02:00</sln:wojIIPWersja><sln:wojIdTeryt>12</sln:wojIdTeryt><sln:wojNazwa>małopolskie</sln:wojNazwa></sln:miejscowosc><sln:miejscowosc><sln:cyklZyciaDo>2016-02-05T00:00:00+01:00</sln:cyklZyciaDo><sln:cyklZyciaOd>2015-12-15T00:00:00+01:00</sln:cyklZyciaOd><sln:gmIIPId>1d2cb538-d2b8-4b18-97cb-a6c7bc0cec17</sln:gmIIPId><sln:gmIIPPn>PL.PZGIK.200</sln:gmIIPPn><sln:gmIIPWersja>2012-09-26T22:11:49+02:00</sln:gmIIPWersja><sln:gmIdTeryt>1213093</sln:gmIdTeryt><sln:gmNazwa>Zator</sln:gmNazwa><sln:miejscIIPId>6bcaaf5b-2a8d-479c-8a61-d0753627390c</sln:miejscIIPId><sln:miejscIIPPn>PL.PZGIK.200</sln:miejscIIPPn><sln:miejscIIPWersja>2016-11-24T08:46:43+02:00</sln:miejscIIPWersja><sln:miejscIdTeryt>0076836</sln:miejscIdTeryt><sln:miejscNazwa>Podolsze</sln:miejscNazwa><sln:miejscRodzaj>Wieś</sln:miejscRodzaj><sln:powIIPId>1cf65b44-f4d5-4a14-961f-8363a199b2d6</sln:powIIPId><sln:powIIPPn>PL.PZGIK.200</sln:powIIPPn><sln:powIIPWersja>2012-09-27T07:52:00+02:00</sln:powIIPWersja><sln:powIdTeryt>1213</sln:powIdTeryt><sln:powNazwa>oświęcimski</sln:powNazwa><sln:waznyOd>2013-08-21T00:00:00+02:00</sln:waznyOd><sln:wojIIPId>dd2e3c64-f861-47cf-a3a3-e7751f272b2f</sln:wojIIPId><sln:wojIIPPn>PL.PZGIK.200</sln:wojIIPPn><sln:wojIIPWersja>2017-10-10T00:00:00+02:00</sln:wojIIPWersja><sln:wojIdTeryt>12</sln:wojIdTeryt><sln:wojNazwa>małopolskie</sln:wojNazwa></sln:miejscowosc><sln:miejscowosc><sln:cyklZyciaDo>2016-02-05T00:00:00+01:00</sln:cyklZyciaDo><sln:cyklZyciaOd>2015-12-15T00:00:00+01:00</sln:cyklZyciaOd><sln:gmIIPId>1d2cb538-d2b8-4b18-97cb-a6c7bc0cec17</sln:gmIIPId><sln:gmIIPPn>PL.PZGIK.200</sln:gmIIPPn><sln:gmIIPWersja>2012-09-26T22:11:49+02:00</sln:gmIIPWersja><sln:gmIdTeryt>1213093</sln:gmIdTeryt><sln:gmNazwa>Zator</sln:gmNazwa><sln:miejscIIPId>87ae89fa-71c9-4611-b2a3-20ce51f82af9</sln:miejscIIPId><sln:miejscIIPPn>PL.PZGIK.200</sln:miejscIIPPn><sln:miejscIIPWersja>2016-11-24T08:46:45+02:00</sln:miejscIIPWersja><sln:miejscIdTeryt>0076894</sln:miejscIdTeryt><sln:miejscNazwa>Rudze</sln:miejscNazwa><sln:miejscRodzaj>Wieś</sln:miejscRodzaj><sln:powIIPId>1cf65b44-f4d5-4a14-961f-8363a199b2d6</sln:powIIPId><sln:powIIPPn>PL.PZGIK.200</sln:powIIPPn><sln:powIIPWersja>2012-09-27T07:52:00+02:00</sln:powIIPWersja><sln:powIdTeryt>1213</sln:powIdTeryt><sln:powNazwa>oświęcimski</sln:powNazwa><sln:waznyOd>2013-08-21T00:00:00+02:00</sln:waznyOd><sln:wojIIPId>dd2e3c64-f861-47cf-a3a3-e7751f272b2f</sln:wojIIPId><sln:wojIIPPn>PL.PZGIK.200</sln:wojIIPPn><sln:wojIIPWersja>2017-10-10T00:00:00+02:00</sln:wojIIPWersja><sln:wojIdTeryt>12</sln:wojIdTeryt><sln:wojNazwa>małopolskie</sln:wojNazwa></sln:miejscowosc><sln:miejscowosc><sln:cyklZyciaDo>2016-02-05T00:00:00+01:00</sln:cyklZyciaDo><sln:cyklZyciaOd>2015-12-15T00:00:00+01:00</sln:cyklZyciaOd><sln:gmIIPId>1d2cb538-d2b8-4b18-97cb-a6c7bc0cec17</sln:gmIIPId><sln:gmIIPPn>PL.PZGIK.200</sln:gmIIPPn><sln:gmIIPWersja>2012-09-26T22:11:49+02:00</sln:gmIIPWersja><sln:gmIdTeryt>1213093</sln:gmIdTeryt><sln:gmNazwa>Zator</sln:gmNazwa><sln:miejscIIPId>0ffd1d4f-16f0-45be-b525-e25c1f449889</sln:miejscIIPId><sln:miejscIIPPn>PL.PZGIK.200</sln:miejscIIPPn><sln:miejscIIPWersja>2016-11-24T08:46:47+02:00</sln:miejscIIPWersja><sln:miejscIdTeryt>0076925</sln:miejscIdTeryt><sln:miejscNazwa>Smolice</sln:miejscNazwa><sln:miejscRodzaj>Wieś</sln:miejscRodzaj><sln:powIIPId>1cf65b44-f4d5-4a14-961f-8363a199b2d6</sln:powIIPId><sln:powIIPPn>PL.PZGIK.200</sln:powIIPPn><sln:powIIPWersja>2012-09-27T07:52:00+02:00</sln:powIIPWersja><sln:powIdTeryt>1213</sln:powIdTeryt><sln:powNazwa>oświęcimski</sln:powNazwa><sln:waznyOd>2013-08-21T00:00:00+02:00</sln:waznyOd><sln:wojIIPId>dd2e3c64-f861-47cf-a3a3-e7751f272b2f</sln:wojIIPId><sln:wojIIPPn>PL.PZGIK.200</sln:wojIIPPn><sln:wojIIPWersja>2017-10-10T00:00:00+02:00</sln:wojIIPWersja><sln:wojIdTeryt>12</sln:wojIdTeryt><sln:wojNazwa>małopolskie</sln:wojNazwa></sln:miejscowosc><sln:miejscowosc><sln:cyklZyciaDo>2016-02-05T00:00:00+01:00</sln:cyklZyciaDo><sln:cyklZyciaOd>2015-12-15T00:00:00+01:00</sln:cyklZyciaOd><sln:gmIIPId>1d2cb538-d2b8-4b18-97cb-a6c7bc0cec17</sln:gmIIPId><sln:gmIIPPn>PL.PZGIK.200</sln:gmIIPPn><sln:gmIIPWersja>2012-09-26T22:11:49+02:00</sln:gmIIPWersja><sln:gmIdTeryt>1213093</sln:gmIdTeryt><sln:gmNazwa>Zator</sln:gmNazwa><sln:miejscIIPId>ca654e66-e80a-4bea-aa1c-fe0d3aadfa9e</sln:miejscIIPId><sln:miejscIIPPn>PL.PZGIK.200</sln:miejscIIPPn><sln:miejscIIPWersja>2016-11-24T08:46:49+02:00</sln:miejscIIPWersja><sln:miejscIdTeryt>0076960</sln:miejscIdTeryt><sln:miejscNazwa>Trzebieńczyce</sln:miejscNazwa><sln:miejscRodzaj>Wieś</sln:miejscRodzaj><sln:powIIPId>1cf65b44-f4d5-4a14-961f-8363a199b2d6</sln:powIIPId><sln:powIIPPn>PL.PZGIK.200</sln:powIIPPn><sln:powIIPWersja>2012-09-27T07:52:00+02:00</sln:powIIPWersja><sln:powIdTeryt>1213</sln:powIdTeryt><sln:powNazwa>oświęcimski</sln:powNazwa><sln:waznyOd>2013-08-21T00:00:00+02:00</sln:waznyOd><sln:wojIIPId>dd2e3c64-f861-47cf-a3a3-e7751f272b2f</sln:wojIIPId><sln:wojIIPPn>PL.PZGIK.200</sln:wojIIPPn><sln:wojIIPWersja>2017-10-10T00:00:00+02:00</sln:wojIIPWersja><sln:wojIdTeryt>12</sln:wojIdTeryt><sln:wojNazwa>małopolskie</sln:wojNazwa></sln:miejscowosc><sln:miejscowosc><sln:cyklZyciaDo>2016-02-05T00:00:00+01:00</sln:cyklZyciaDo><sln:cyklZyciaOd>2015-12-15T00:00:00+01:00</sln:cyklZyciaOd><sln:gmIIPId>1d2cb538-d2b8-4b18-97cb-a6c7bc0cec17</sln:gmIIPId><sln:gmIIPPn>PL.PZGIK.200</sln:gmIIPPn><sln:gmIIPWersja>2012-09-26T22:11:49+02:00</sln:gmIIPWersja><sln:gmIdTeryt>1213093</sln:gmIdTeryt><sln:gmNazwa>Zator</sln:gmNazwa><sln:miejscIIPId>af33024a-c66b-403e-8bae-618b7ab62bee</sln:miejscIIPId><sln:miejscIIPPn>PL.PZGIK.200</sln:miejscIIPPn><sln:miejscIIPWersja>2016-11-24T13:15:23+02:00</sln:miejscIIPWersja><sln:miejscIdTeryt>0927576</sln:miejscIdTeryt><sln:miejscNazwa>Zator</sln:miejscNazwa><sln:miejscRodzaj>Miasto</sln:miejscRodzaj><sln:powIIPId>1cf65b44-f4d5-4a14-961f-8363a199b2d6</sln:powIIPId><sln:powIIPPn>PL.PZGIK.200</sln:powIIPPn><sln:powIIPWersja>2012-09-27T07:52:00+02:00</sln:powIIPWersja><sln:powIdTeryt>1213</sln:powIdTeryt><sln:powNazwa>oświęcimski</sln:powNazwa><sln:waznyOd>2013-08-21T00:00:00+02:00</sln:waznyOd><sln:wojIIPId>dd2e3c64-f861-47cf-a3a3-e7751f272b2f</sln:wojIIPId><sln:wojIIPPn>PL.PZGIK.200</sln:wojIIPPn><sln:wojIIPWersja>2017-10-10T00:00:00+02:00</sln:wojIIPWersja><sln:wojIdTeryt>12</sln:wojIdTeryt><sln:wojNazwa>małopolskie</sln:wojNazwa></sln:miejscowosc><sln:miejscowosc><sln:cyklZyciaOd>2017-04-19T00:00:00+02:00</sln:cyklZyciaOd><sln:gmIIPId>1d2cb538-d2b8-4b18-97cb-a6c7bc0cec17</sln:gmIIPId><sln:gmIIPPn>PL.PZGIK.200</sln:gmIIPPn><sln:gmIIPWersja>2012-09-26T22:11:49+02:00</sln:gmIIPWersja><sln:gmIdTeryt>1213093</sln:gmIdTeryt><sln:gmNazwa>Zator</sln:gmNazwa><sln:miejscIIPId>a591e19a-6439-49d6-8753-419f155ef2b9</sln:miejscIIPId><sln:miejscIIPPn>PL.PZGIK.200</sln:miejscIIPPn><sln:miejscIIPWersja>2017-04-19T10:22:05+02:00</sln:miejscIIPWersja><sln:miejscIdTeryt>0076641</sln:miejscIdTeryt><sln:miejscNazwa>Graboszyce</sln:miejscNazwa><sln:miejscRodzaj>Wieś</sln:miejscRodzaj><sln:powIIPId>1cf65b44-f4d5-4a14-961f-8363a199b2d6</sln:powIIPId><sln:powIIPPn>PL.PZGIK.200</sln:powIIPPn><sln:powIIPWersja>2012-09-27T07:52:00+02:00</sln:powIIPWersja><sln:powIdTeryt>1213</sln:powIdTeryt><sln:powNazwa>oświęcimski</sln:powNazwa><sln:waznyOd>2013-08-21T00:00:00+02:00</sln:waznyOd><sln:wojIIPId>dd2e3c64-f861-47cf-a3a3-e7751f272b2f</sln:wojIIPId><sln:wojIIPPn>PL.PZGIK.200</sln:wojIIPPn><sln:wojIIPWersja>2017-10-10T00:00:00+02:00</sln:wojIIPWersja><sln:wojIdTeryt>12</sln:wojIdTeryt><sln:wojNazwa>małopolskie</sln:wojNazwa></sln:miejscowosc><sln:miejscowosc><sln:cyklZyciaOd>2017-04-19T00:00:00+02:00</sln:cyklZyciaOd><sln:gmIIPId>1d2cb538-d2b8-4b18-97cb-a6c7bc0cec17</sln:gmIIPId><sln:gmIIPPn>PL.PZGIK.200</sln:gmIIPPn><sln:gmIIPWersja>2012-09-26T22:11:49+02:00</sln:gmIIPWersja><sln:gmIdTeryt>1213093</sln:gmIdTeryt><sln:gmNazwa>Zator</sln:gmNazwa><sln:miejscIIPId>5d47726f-31a5-4a7f-95aa-3094cf4da781</sln:miejscIIPId><sln:miejscIIPPn>PL.PZGIK.200</sln:miejscIIPPn><sln:miejscIIPWersja>2017-04-19T10:22:12+02:00</sln:miejscIIPWersja><sln:miejscIdTeryt>0076701</sln:miejscIdTeryt><sln:miejscNazwa>Grodzisko</sln:miejscNazwa><sln:miejscRodzaj>Wieś</sln:miejscRodzaj><sln:powIIPId>1cf65b44-f4d5-4a14-961f-8363a199b2d6</sln:powIIPId><sln:powIIPPn>PL.PZGIK.200</sln:powIIPPn><sln:powIIPWersja>2012-09-27T07:52:00+02:00</sln:powIIPWersja><sln:powIdTeryt>1213</sln:powIdTeryt><sln:powNazwa>oświęcimski</sln:powNazwa><sln:waznyOd>2013-08-21T00:00:00+02:00</sln:waznyOd><sln:wojIIPId>dd2e3c64-f861-47cf-a3a3-e7751f272b2f</sln:wojIIPId><sln:wojIIPPn>PL.PZGIK.200</sln:wojIIPPn><sln:wojIIPWersja>2017-10-10T00:00:00+02:00</sln:wojIIPWersja><sln:wojIdTeryt>12</sln:wojIdTeryt><sln:wojNazwa>małopolskie</sln:wojNazwa></sln:miejscowosc><sln:miejscowosc><sln:cyklZyciaOd>2017-04-19T00:00:00+02:00</sln:cyklZyciaOd><sln:gmIIPId>1d2cb538-d2b8-4b18-97cb-a6c7bc0cec17</sln:gmIIPId><sln:gmIIPPn>PL.PZGIK.200</sln:gmIIPPn><sln:gmIIPWersja>2012-09-26T22:11:49+02:00</sln:gmIIPWersja><sln:gmIdTeryt>1213093</sln:gmIdTeryt><sln:gmNazwa>Zator</sln:gmNazwa><sln:miejscIIPId>2905aa0a-e956-4ea6-ae95-0aec6ca622f5</sln:miejscIIPId><sln:miejscIIPPn>PL.PZGIK.200</sln:miejscIIPPn><sln:miejscIIPWersja>2017-04-19T10:22:12+02:00</sln:miejscIIPWersja><sln:miejscIdTeryt>0076747</sln:miejscIdTeryt><sln:miejscNazwa>Laskowa</sln:miejscNazwa><sln:miejscRodzaj>Wieś</sln:miejscRodzaj><sln:powIIPId>1cf65b44-f4d5-4a14-961f-8363a199b2d6</sln:powIIPId><sln:powIIPPn>PL.PZGIK.200</sln:powIIPPn><sln:powIIPWersja>2012-09-27T07:52:00+02:00</sln:powIIPWersja><sln:powIdTeryt>1213</sln:powIdTeryt><sln:powNazwa>oświęcimski</sln:powNazwa><sln:waznyOd>2013-08-21T00:00:00+02:00</sln:waznyOd><sln:wojIIPId>dd2e3c64-f861-47cf-a3a3-e7751f272b2f</sln:wojIIPId><sln:wojIIPPn>PL.PZGIK.200</sln:wojIIPPn><sln:wojIIPWersja>2017-10-10T00:00:00+02:00</sln:wojIIPWersja><sln:wojIdTeryt>12</sln:wojIdTeryt><sln:wojNazwa>małopolskie</sln:wojNazwa></sln:miejscowosc><sln:miejscowosc><sln:cyklZyciaOd>2017-04-19T00:00:00+02:00</sln:cyklZyciaOd><sln:gmIIPId>1d2cb538-d2b8-4b18-97cb-a6c7bc0cec17</sln:gmIIPId><sln:gmIIPPn>PL.PZGIK.200</sln:gmIIPPn><sln:gmIIPWersja>2012-09-26T22:11:49+02:00</sln:gmIIPWersja><sln:gmIdTeryt>1213093</sln:gmIdTeryt><sln:gmNazwa>Zator</sln:gmNazwa><sln:miejscIIPId>1d445c19-f294-4988-b240-47ee262f0686</sln:miejscIIPId><sln:miejscIIPPn>PL.PZGIK.200</sln:miejscIIPPn><sln:miejscIIPWersja>2017-04-19T10:22:12+02:00</sln:miejscIIPWersja><sln:miejscIdTeryt>0076782</sln:miejscIdTeryt><sln:miejscNazwa>Łowiczki</sln:miejscNazwa><sln:miejscRodzaj>Wieś</sln:miejscRodzaj><sln:powIIPId>1cf65b44-f4d5-4a14-961f-8363a199b2d6</sln:powIIPId><sln:powIIPPn>PL.PZGIK.200</sln:powIIPPn><sln:powIIPWersja>2012-09-27T07:52:00+02:00</sln:powIIPWersja><sln:powIdTeryt>1213</sln:powIdTeryt><sln:powNazwa>oświęcimski</sln:powNazwa><sln:waznyOd>2013-08-21T00:00:00+02:00</sln:waznyOd><sln:wojIIPId>dd2e3c64-f861-47cf-a3a3-e7751f272b2f</sln:wojIIPId><sln:wojIIPPn>PL.PZGIK.200</sln:wojIIPPn><sln:wojIIPWersja>2017-10-10T00:00:00+02:00</sln:wojIIPWersja><sln:wojIdTeryt>12</sln:wojIdTeryt><sln:wojNazwa>małopolskie</sln:wojNazwa></sln:miejscowosc><sln:miejscowosc><sln:cyklZyciaOd>2017-04-19T00:00:00+02:00</sln:cyklZyciaOd><sln:gmIIPId>1d2cb538-d2b8-4b18-97cb-a6c7bc0cec17</sln:gmIIPId><sln:gmIIPPn>PL.PZGIK.200</sln:gmIIPPn><sln:gmIIPWersja>2012-09-26T22:11:49+02:00</sln:gmIIPWersja><sln:gmIdTeryt>1213093</sln:gmIdTeryt><sln:gmNazwa>Zator</sln:gmNazwa><sln:miejscIIPId>c820418b-3aef-4303-ab10-2d45783cdb41</sln:miejscIIPId><sln:miejscIIPPn>PL.PZGIK.200</sln:miejscIIPPn><sln:miejscIIPWersja>2017-04-19T10:22:12+02:00</sln:miejscIIPWersja><sln:miejscIdTeryt>0076813</sln:miejscIdTeryt><sln:miejscNazwa>Palczowice</sln:miejscNazwa><sln:miejscRodzaj>Wieś</sln:miejscRodzaj><sln:powIIPId>1cf65b44-f4d5-4a14-961f-8363a199b2d6</sln:powIIPId><sln:powIIPPn>PL.PZGIK.200</sln:powIIPPn><sln:powIIPWersja>2012-09-27T07:52:00+02:00</sln:powIIPWersja><sln:powIdTeryt>1213</sln:powIdTeryt><sln:powNazwa>oświęcimski</sln:powNazwa><sln:waznyOd>2013-08-21T00:00:00+02:00</sln:waznyOd><sln:wojIIPId>dd2e3c64-f861-47cf-a3a3-e7751f272b2f</sln:wojIIPId><sln:wojIIPPn>PL.PZGIK.200</sln:wojIIPPn><sln:wojIIPWersja>2017-10-10T00:00:00+02:00</sln:wojIIPWersja><sln:wojIdTeryt>12</sln:wojIdTeryt><sln:wojNazwa>małopolskie</sln:wojNazwa></sln:miejscowosc><sln:miejscowosc><sln:cyklZyciaOd>2017-04-19T00:00:00+02:00</sln:cyklZyciaOd><sln:gmIIPId>1d2cb538-d2b8-4b18-97cb-a6c7bc0cec17</sln:gmIIPId><sln:gmIIPPn>PL.PZGIK.200</sln:gmIIPPn><sln:gmIIPWersja>2012-09-26T22:11:49+02:00</sln:gmIIPWersja><sln:gmIdTeryt>1213093</sln:gmIdTeryt><sln:gmNazwa>Zator</sln:gmNazwa><sln:miejscIIPId>6bcaaf5b-2a8d-479c-8a61-d0753627390c</sln:miejscIIPId><sln:miejscIIPPn>PL.PZGIK.200</sln:miejscIIPPn><sln:miejscIIPWersja>2017-04-19T10:22:12+02:00</sln:miejscIIPWersja><sln:miejscIdTeryt>0076836</sln:miejscIdTeryt><sln:miejscNazwa>Podolsze</sln:miejscNazwa><sln:miejscRodzaj>Wieś</sln:miejscRodzaj><sln:powIIPId>1cf65b44-f4d5-4a14-961f-8363a199b2d6</sln:powIIPId><sln:powIIPPn>PL.PZGIK.200</sln:powIIPPn><sln:powIIPWersja>2012-09-27T07:52:00+02:00</sln:powIIPWersja><sln:powIdTeryt>1213</sln:powIdTeryt><sln:powNazwa>oświęcimski</sln:powNazwa><sln:waznyOd>2013-08-21T00:00:00+02:00</sln:waznyOd><sln:wojIIPId>dd2e3c64-f861-47cf-a3a3-e7751f272b2f</sln:wojIIPId><sln:wojIIPPn>PL.PZGIK.200</sln:wojIIPPn><sln:wojIIPWersja>2017-10-10T00:00:00+02:00</sln:wojIIPWersja><sln:wojIdTeryt>12</sln:wojIdTeryt><sln:wojNazwa>małopolskie</sln:wojNazwa></sln:miejscowosc><sln:miejscowosc><sln:cyklZyciaOd>2017-04-19T00:00:00+02:00</sln:cyklZyciaOd><sln:gmIIPId>1d2cb538-d2b8-4b18-97cb-a6c7bc0cec17</sln:gmIIPId><sln:gmIIPPn>PL.PZGIK.200</sln:gmIIPPn><sln:gmIIPWersja>2012-09-26T22:11:49+02:00</sln:gmIIPWersja><sln:gmIdTeryt>1213093</sln:gmIdTeryt><sln:gmNazwa>Zator</sln:gmNazwa><sln:miejscIIPId>87ae89fa-71c9-4611-b2a3-20ce51f82af9</sln:miejscIIPId><sln:miejscIIPPn>PL.PZGIK.200</sln:miejscIIPPn><sln:miejscIIPWersja>2017-04-19T10:22:12+02:00</sln:miejscIIPWersja><sln:miejscIdTeryt>0076894</sln:miejscIdTeryt><sln:miejscNazwa>Rudze</sln:miejscNazwa><sln:miejscRodzaj>Wieś</sln:miejscRodzaj><sln:powIIPId>1cf65b44-f4d5-4a14-961f-8363a199b2d6</sln:powIIPId><sln:powIIPPn>PL.PZGIK.200</sln:powIIPPn><sln:powIIPWersja>2012-09-27T07:52:00+02:00</sln:powIIPWersja><sln:powIdTeryt>1213</sln:powIdTeryt><sln:powNazwa>oświęcimski</sln:powNazwa><sln:waznyOd>2013-08-21T00:00:00+02:00</sln:waznyOd><sln:wojIIPId>dd2e3c64-f861-47cf-a3a3-e7751f272b2f</sln:wojIIPId><sln:wojIIPPn>PL.PZGIK.200</sln:wojIIPPn><sln:wojIIPWersja>2017-10-10T00:00:00+02:00</sln:wojIIPWersja><sln:wojIdTeryt>12</sln:wojIdTeryt><sln:wojNazwa>małopolskie</sln:wojNazwa></sln:miejscowosc><sln:miejscowosc><sln:cyklZyciaOd>2017-04-19T00:00:00+02:00</sln:cyklZyciaOd><sln:gmIIPId>1d2cb538-d2b8-4b18-97cb-a6c7bc0cec17</sln:gmIIPId><sln:gmIIPPn>PL.PZGIK.200</sln:gmIIPPn><sln:gmIIPWersja>2012-09-26T22:11:49+02:00</sln:gmIIPWersja><sln:gmIdTeryt>1213093</sln:gmIdTeryt><sln:gmNazwa>Zator</sln:gmNazwa><sln:miejscIIPId>0ffd1d4f-16f0-45be-b525-e25c1f449889</sln:miejscIIPId><sln:miejscIIPPn>PL.PZGIK.200</sln:miejscIIPPn><sln:miejscIIPWersja>2017-04-19T10:22:12+02:00</sln:miejscIIPWersja><sln:miejscIdTeryt>0076925</sln:miejscIdTeryt><sln:miejscNazwa>Smolice</sln:miejscNazwa><sln:miejscRodzaj>Wieś</sln:miejscRodzaj><sln:powIIPId>1cf65b44-f4d5-4a14-961f-8363a199b2d6</sln:powIIPId><sln:powIIPPn>PL.PZGIK.200</sln:powIIPPn><sln:powIIPWersja>2012-09-27T07:52:00+02:00</sln:powIIPWersja><sln:powIdTeryt>1213</sln:powIdTeryt><sln:powNazwa>oświęcimski</sln:powNazwa><sln:waznyOd>2013-08-21T00:00:00+02:00</sln:waznyOd><sln:wojIIPId>dd2e3c64-f861-47cf-a3a3-e7751f272b2f</sln:wojIIPId><sln:wojIIPPn>PL.PZGIK.200</sln:wojIIPPn><sln:wojIIPWersja>2017-10-10T00:00:00+02:00</sln:wojIIPWersja><sln:wojIdTeryt>12</sln:wojIdTeryt><sln:wojNazwa>małopolskie</sln:wojNazwa></sln:miejscowosc><sln:miejscowosc><sln:cyklZyciaOd>2017-04-19T00:00:00+02:00</sln:cyklZyciaOd><sln:gmIIPId>1d2cb538-d2b8-4b18-97cb-a6c7bc0cec17</sln:gmIIPId><sln:gmIIPPn>PL.PZGIK.200</sln:gmIIPPn><sln:gmIIPWersja>2012-09-26T22:11:49+02:00</sln:gmIIPWersja><sln:gmIdTeryt>1213093</sln:gmIdTeryt><sln:gmNazwa>Zator</sln:gmNazwa><sln:miejscIIPId>ca654e66-e80a-4bea-aa1c-fe0d3aadfa9e</sln:miejscIIPId><sln:miejscIIPPn>PL.PZGIK.200</sln:miejscIIPPn><sln:miejscIIPWersja>2017-04-19T10:22:12+02:00</sln:miejscIIPWersja><sln:miejscIdTeryt>0076960</sln:miejscIdTeryt><sln:miejscNazwa>Trzebieńczyce</sln:miejscNazwa><sln:miejscRodzaj>Wieś</sln:miejscRodzaj><sln:powIIPId>1cf65b44-f4d5-4a14-961f-8363a199b2d6</sln:powIIPId><sln:powIIPPn>PL.PZGIK.200</sln:powIIPPn><sln:powIIPWersja>2012-09-27T07:52:00+02:00</sln:powIIPWersja><sln:powIdTeryt>1213</sln:powIdTeryt><sln:powNazwa>oświęcimski</sln:powNazwa><sln:waznyOd>2013-08-21T00:00:00+02:00</sln:waznyOd><sln:wojIIPId>dd2e3c64-f861-47cf-a3a3-e7751f272b2f</sln:wojIIPId><sln:wojIIPPn>PL.PZGIK.200</sln:wojIIPPn><sln:wojIIPWersja>2017-10-10T00:00:00+02:00</sln:wojIIPWersja><sln:wojIdTeryt>12</sln:wojIdTeryt><sln:wojNazwa>małopolskie</sln:wojNazwa></sln:miejscowosc><sln:miejscowosc><sln:cyklZyciaOd>2017-04-19T00:00:00+02:00</sln:cyklZyciaOd><sln:gmIIPId>1d2cb538-d2b8-4b18-97cb-a6c7bc0cec17</sln:gmIIPId><sln:gmIIPPn>PL.PZGIK.200</sln:gmIIPPn><sln:gmIIPWersja>2012-09-26T22:11:49+02:00</sln:gmIIPWersja><sln:gmIdTeryt>1213093</sln:gmIdTeryt><sln:gmNazwa>Zator</sln:gmNazwa><sln:miejscIIPId>af33024a-c66b-403e-8bae-618b7ab62bee</sln:miejscIIPId><sln:miejscIIPPn>PL.PZGIK.200</sln:miejscIIPPn><sln:miejscIIPWersja>2017-04-19T10:22:13+02:00</sln:miejscIIPWersja><sln:miejscIdTeryt>0927576</sln:miejscIdTeryt><sln:miejscNazwa>Zator</sln:miejscNazwa><sln:miejscRodzaj>Miasto</sln:miejscRodzaj><sln:powIIPId>1cf65b44-f4d5-4a14-961f-8363a199b2d6</sln:powIIPId><sln:powIIPPn>PL.PZGIK.200</sln:powIIPPn><sln:powIIPWersja>2012-09-27T07:52:00+02:00</sln:powIIPWersja><sln:powIdTeryt>1213</sln:powIdTeryt><sln:powNazwa>oświęcimski</sln:powNazwa><sln:waznyOd>2013-08-21T00:00:00+02:00</sln:waznyOd><sln:wojIIPId>dd2e3c64-f861-47cf-a3a3-e7751f272b2f</sln:wojIIPId><sln:wojIIPPn>PL.PZGIK.200</sln:wojIIPPn><sln:wojIIPWersja>2017-10-10T00:00:00+02:00</sln:wojIIPWersja><sln:wojIdTeryt>12</sln:wojIdTeryt><sln:wojNazwa>małopolskie</sln:wojNazwa></sln:miejscowosc></sln:lista-miejscowosci>