<?xml version="1.0" encoding="UTF-8" standalone="yes"?><sln:lista-miejscowosci xmlns:srv="http://gugik.gov.pl/schemas/slowniki-service/1.0" xmlns:sln="http://gugik.gov.pl/schemas/slowniki-schema/1.0"><sln:miejscowosc><sln:cyklZyciaOd>2014-12-07T00:00:00+01:00</sln:cyklZyciaOd><sln:gmIIPId>ab8491c7-27ac-4e82-b92e-994a6c8ffc3c</sln:gmIIPId><sln:gmIIPPn>PL.PZGIK.200</sln:gmIIPPn><sln:gmIIPWersja>2012-09-26T22:10:24+02:00</sln:gmIIPWersja><sln:gmIdTeryt>1210142</sln:gmIdTeryt><sln:gmNazwa>Podegrodzie</sln:gmNazwa><sln:miejscIIPId>678ecf71-994c-42e1-b8be-36d0be9f90a5</sln:miejscIIPId><sln:miejscIIPPn>PL.PZGIK.200</sln:miejscIIPPn><sln:miejscIIPWersja>2016-11-24T13:58:23+02:00</sln:miejscIIPWersja><sln:miejscIdTeryt>0460635</sln:miejscIdTeryt><sln:miejscNazwa>Łysa Góra</sln:miejscNazwa><sln:miejscRodzaj>Inny obiekt</sln:miejscRodzaj><sln:powIIPId>27013993-b504-487f-aca8-9f17768d81b4</sln:powIIPId><sln:powIIPPn>PL.PZGIK.200</sln:powIIPPn><sln:powIIPWersja>2017-10-10T00:00:00+02:00</sln:powIIPWersja><sln:powIdTeryt>1210</sln:powIdTeryt><sln:powNazwa>nowosądecki</sln:powNazwa><sln:wojIIPId>dd2e3c64-f861-47cf-a3a3-e7751f272b2f</sln:wojIIPId><sln:wojIIPPn>PL.PZGIK.200</sln:wojIIPPn><sln:wojIIPWersja>2017-10-10T00:00:00+02:00</sln:wojIIPWersja><sln:wojIdTeryt>12</sln:wojIdTeryt><sln:wojNazwa>małopolskie</sln:wojNazwa></sln:miejscowosc><sln:miejscowosc><sln:cyklZyciaOd>2014-12-07T00:00:00+01:00</sln:cyklZyciaOd><sln:gmIIPId>ab8491c7-27ac-4e82-b92e-994a6c8ffc3c</sln:gmIIPId><sln:gmIIPPn>PL.PZGIK.200</sln:gmIIPPn><sln:gmIIPWersja>2012-09-26T22:10:24+02:00</sln:gmIIPWersja><sln:gmIdTeryt>1210142</sln:gmIdTeryt><sln:gmNazwa>Podegrodzie</sln:gmNazwa><sln:miejscIIPId>aad961a7-2195-4d54-a574-b5ef5a8246b6</sln:miejscIIPId><sln:miejscIIPPn>PL.PZGIK.200</sln:miejscIIPPn><sln:miejscIIPWersja>2016-11-24T13:29:27+02:00</sln:miejscIIPWersja><sln:miejscIdTeryt>0459891</sln:miejscIdTeryt><sln:miejscNazwa>Brzezna</sln:miejscNazwa><sln:miejscRodzaj>Wieś</sln:miejscRodzaj><sln:powIIPId>27013993-b504-487f-aca8-9f17768d81b4</sln:powIIPId><sln:powIIPPn>PL.PZGIK.200</sln:powIIPPn><sln:powIIPWersja>2017-10-10T00:00:00+02:00</sln:powIIPWersja><sln:powIdTeryt>1210</sln:powIdTeryt><sln:powNazwa>nowosądecki</sln:powNazwa><sln:wojIIPId>dd2e3c64-f861-47cf-a3a3-e7751f272b2f</sln:wojIIPId><sln:wojIIPPn>PL.PZGIK.200</sln:wojIIPPn><sln:wojIIPWersja>2017-10-10T00:00:00+02:00</sln:wojIIPWersja><sln:wojIdTeryt>12</sln:wojIdTeryt><sln:wojNazwa>małopolskie</sln:wojNazwa></sln:miejscowosc><sln:miejscowosc><sln:cyklZyciaOd>2014-12-07T00:00:00+01:00</sln:cyklZyciaOd><sln:gmIIPId>ab8491c7-27ac-4e82-b92e-994a6c8ffc3c</sln:gmIIPId><sln:gmIIPPn>PL.PZGIK.200</sln:gmIIPPn><sln:gmIIPWersja>2012-09-26T22:10:24+02:00</sln:gmIIPWersja><sln:gmIdTeryt>1210142</sln:gmIdTeryt><sln:gmNazwa>Podegrodzie</sln:gmNazwa><sln:miejscIIPId>23cad8de-9a93-4d32-ba64-62e11e565c65</sln:miejscIIPId><sln:miejscIIPPn>PL.PZGIK.200</sln:miejscIIPPn><sln:miejscIIPWersja>2016-11-24T13:42:38+02:00</sln:miejscIIPWersja><sln:miejscIdTeryt>0460463</sln:miejscIdTeryt><sln:miejscNazwa>Mokra Wieś</sln:miejscNazwa><sln:miejscRodzaj>Wieś</sln:miejscRodzaj><sln:powIIPId>27013993-b504-487f-aca8-9f17768d81b4</sln:powIIPId><sln:powIIPPn>PL.PZGIK.200</sln:powIIPPn><sln:powIIPWersja>2017-10-10T00:00:00+02:00</sln:powIIPWersja><sln:powIdTeryt>1210</sln:powIdTeryt><sln:powNazwa>nowosądecki</sln:powNazwa><sln:wojIIPId>dd2e3c64-f861-47cf-a3a3-e7751f272b2f</sln:wojIIPId><sln:wojIIPPn>PL.PZGIK.200</sln:wojIIPPn><sln:wojIIPWersja>2017-10-10T00:00:00+02:00</sln:wojIIPWersja><sln:wojIdTeryt>12</sln:wojIdTeryt><sln:wojNazwa>małopolskie</sln:wojNazwa></sln:miejscowosc><sln:miejscowosc><sln:cyklZyciaOd>2014-12-07T00:00:00+01:00</sln:cyklZyciaOd><sln:gmIIPId>ab8491c7-27ac-4e82-b92e-994a6c8ffc3c</sln:gmIIPId><sln:gmIIPPn>PL.PZGIK.200</sln:gmIIPPn><sln:gmIIPWersja>2012-09-26T22:10:24+02:00</sln:gmIIPWersja><sln:gmIdTeryt>1210142</sln:gmIdTeryt><sln:gmNazwa>Podegrodzie</sln:gmNazwa><sln:miejscIIPId>9b05b4f9-ec85-4b53-acaf-e52d6851d843</sln:miejscIIPId><sln:miejscIIPPn>PL.PZGIK.200</sln:miejscIIPPn><sln:miejscIIPWersja>2016-11-24T13:44:52+02:00</sln:miejscIIPWersja><sln:miejscIdTeryt>0460990</sln:miejscIdTeryt><sln:miejscNazwa>Łazy Podegrodzkie</sln:miejscNazwa><sln:miejscRodzaj>Inny obiekt</sln:miejscRodzaj><sln:powIIPId>27013993-b504-487f-aca8-9f17768d81b4</sln:powIIPId><sln:powIIPPn>PL.PZGIK.200</sln:powIIPPn><sln:powIIPWersja>2017-10-10T00:00:00+02:00</sln:powIIPWersja><sln:powIdTeryt>1210</sln:powIdTeryt><sln:powNazwa>nowosądecki</sln:powNazwa><sln:wojIIPId>dd2e3c64-f861-47cf-a3a3-e7751f272b2f</sln:wojIIPId><sln:wojIIPPn>PL.PZGIK.200</sln:wojIIPPn><sln:wojIIPWersja>2017-10-10T00:00:00+02:00</sln:wojIIPWersja><sln:wojIdTeryt>12</sln:wojIdTeryt><sln:wojNazwa>małopolskie</sln:wojNazwa></sln:miejscowosc><sln:miejscowosc><sln:cyklZyciaOd>2014-12-07T00:00:00+01:00</sln:cyklZyciaOd><sln:gmIIPId>ab8491c7-27ac-4e82-b92e-994a6c8ffc3c</sln:gmIIPId><sln:gmIIPPn>PL.PZGIK.200</sln:gmIIPPn><sln:gmIIPWersja>2012-09-26T22:10:24+02:00</sln:gmIIPWersja><sln:gmIdTeryt>1210142</sln:gmIdTeryt><sln:gmNazwa>Podegrodzie</sln:gmNazwa><sln:miejscIIPId>cd939254-231c-4a43-a445-1022211c9ba8</sln:miejscIIPId><sln:miejscIIPPn>PL.PZGIK.200</sln:miejscIIPPn><sln:miejscIIPWersja>2016-11-24T13:46:00+02:00</sln:miejscIIPWersja><sln:miejscIdTeryt>0460032</sln:miejscIdTeryt><sln:miejscNazwa>Strzyganiec</sln:miejscNazwa><sln:miejscRodzaj>Inny obiekt</sln:miejscRodzaj><sln:powIIPId>27013993-b504-487f-aca8-9f17768d81b4</sln:powIIPId><sln:powIIPPn>PL.PZGIK.200</sln:powIIPPn><sln:powIIPWersja>2017-10-10T00:00:00+02:00</sln:powIIPWersja><sln:powIdTeryt>1210</sln:powIdTeryt><sln:powNazwa>nowosądecki</sln:powNazwa><sln:wojIIPId>dd2e3c64-f861-47cf-a3a3-e7751f272b2f</sln:wojIIPId><sln:wojIIPPn>PL.PZGIK.200</sln:wojIIPPn><sln:wojIIPWersja>2017-10-10T00:00:00+02:00</sln:wojIIPWersja><sln:wojIdTeryt>12</sln:wojIdTeryt><sln:wojNazwa>małopolskie</sln:wojNazwa></sln:miejscowosc><sln:miejscowosc><sln:cyklZyciaOd>2014-12-07T00:00:00+01:00</sln:cyklZyciaOd><sln:gmIIPId>ab8491c7-27ac-4e82-b92e-994a6c8ffc3c</sln:gmIIPId><sln:gmIIPPn>PL.PZGIK.200</sln:gmIIPPn><sln:gmIIPWersja>2012-09-26T22:10:24+02:00</sln:gmIIPWersja><sln:gmIdTeryt>1210142</sln:gmIdTeryt><sln:gmNazwa>Podegrodzie</sln:gmNazwa><sln:miejscIIPId>079df4ef-60f0-4a57-83f7-edd328ebd1bc</sln:miejscIIPId><sln:miejscIIPPn>PL.PZGIK.200</sln:miejscIIPPn><sln:miejscIIPWersja>2016-11-24T13:59:18+02:00</sln:miejscIIPWersja><sln:miejscIdTeryt>0460180</sln:miejscIdTeryt><sln:miejscNazwa>Poddąbrowie</sln:miejscNazwa><sln:miejscRodzaj>Inny obiekt</sln:miejscRodzaj><sln:powIIPId>27013993-b504-487f-aca8-9f17768d81b4</sln:powIIPId><sln:powIIPPn>PL.PZGIK.200</sln:powIIPPn><sln:powIIPWersja>2017-10-10T00:00:00+02:00</sln:powIIPWersja><sln:powIdTeryt>1210</sln:powIdTeryt><sln:powNazwa>nowosądecki</sln:powNazwa><sln:wojIIPId>dd2e3c64-f861-47cf-a3a3-e7751f272b2f</sln:wojIIPId><sln:wojIIPPn>PL.PZGIK.200</sln:wojIIPPn><sln:wojIIPWersja>2017-10-10T00:00:00+02:00</sln:wojIIPWersja><sln:wojIdTeryt>12</sln:wojIdTeryt><sln:wojNazwa>małopolskie</sln:wojNazwa></sln:miejscowosc><sln:miejscowosc><sln:cyklZyciaOd>2014-12-07T00:00:00+01:00</sln:cyklZyciaOd><sln:gmIIPId>ab8491c7-27ac-4e82-b92e-994a6c8ffc3c</sln:gmIIPId><sln:gmIIPPn>PL.PZGIK.200</sln:gmIIPPn><sln:gmIIPWersja>2012-09-26T22:10:24+02:00</sln:gmIIPWersja><sln:gmIdTeryt>1210142</sln:gmIdTeryt><sln:gmNazwa>Podegrodzie</sln:gmNazwa><sln:miejscIIPId>abaf6c34-75e4-4058-b704-7ca19b7a0009</sln:miejscIIPId><sln:miejscIIPPn>PL.PZGIK.200</sln:miejscIIPPn><sln:miejscIIPWersja>2016-11-24T13:59:18+02:00</sln:miejscIIPWersja><sln:miejscIdTeryt>0460919</sln:miejscIdTeryt><sln:miejscNazwa>Stanęcin</sln:miejscNazwa><sln:miejscRodzaj>Inny obiekt</sln:miejscRodzaj><sln:powIIPId>27013993-b504-487f-aca8-9f17768d81b4</sln:powIIPId><sln:powIIPPn>PL.PZGIK.200</sln:powIIPPn><sln:powIIPWersja>2017-10-10T00:00:00+02:00</sln:powIIPWersja><sln:powIdTeryt>1210</sln:powIdTeryt><sln:powNazwa>nowosądecki</sln:powNazwa><sln:wojIIPId>dd2e3c64-f861-47cf-a3a3-e7751f272b2f</sln:wojIIPId><sln:wojIIPPn>PL.PZGIK.200</sln:wojIIPPn><sln:wojIIPWersja>2017-10-10T00:00:00+02:00</sln:wojIIPWersja><sln:wojIdTeryt>12</sln:wojIdTeryt><sln:wojNazwa>małopolskie</sln:wojNazwa></sln:miejscowosc><sln:miejscowosc><sln:cyklZyciaOd>2014-12-07T00:00:00+01:00</sln:cyklZyciaOd><sln:gmIIPId>ab8491c7-27ac-4e82-b92e-994a6c8ffc3c</sln:gmIIPId><sln:gmIIPPn>PL.PZGIK.200</sln:gmIIPPn><sln:gmIIPWersja>2012-09-26T22:10:24+02:00</sln:gmIIPWersja><sln:gmIdTeryt>1210142</sln:gmIdTeryt><sln:gmNazwa>Podegrodzie</sln:gmNazwa><sln:miejscIIPId>0827cbe9-01e1-4049-a393-edc5df31f5fe</sln:miejscIIPId><sln:miejscIIPPn>PL.PZGIK.200</sln:miejscIIPPn><sln:miejscIIPWersja>2016-11-24T13:59:18+02:00</sln:miejscIIPWersja><sln:miejscIdTeryt>0460210</sln:miejscIdTeryt><sln:miejscNazwa>Zalas</sln:miejscNazwa><sln:miejscRodzaj>Inny obiekt</sln:miejscRodzaj><sln:powIIPId>27013993-b504-487f-aca8-9f17768d81b4</sln:powIIPId><sln:powIIPPn>PL.PZGIK.200</sln:powIIPPn><sln:powIIPWersja>2017-10-10T00:00:00+02:00</sln:powIIPWersja><sln:powIdTeryt>1210</sln:powIdTeryt><sln:powNazwa>nowosądecki</sln:powNazwa><sln:wojIIPId>dd2e3c64-f861-47cf-a3a3-e7751f272b2f</sln:wojIIPId><sln:wojIIPPn>PL.PZGIK.200</sln:wojIIPPn><sln:wojIIPWersja>2017-10-10T00:00:00+02:00</sln:wojIIPWersja><sln:wojIdTeryt>12</sln:wojIdTeryt><sln:wojNazwa>małopolskie</sln:wojNazwa></sln:miejscowosc><sln:miejscowosc><sln:cyklZyciaOd>2014-12-07T00:00:00+01:00</sln:cyklZyciaOd><sln:gmIIPId>ab8491c7-27ac-4e82-b92e-994a6c8ffc3c</sln:gmIIPId><sln:gmIIPPn>PL.PZGIK.200</sln:gmIIPPn><sln:gmIIPWersja>2012-09-26T22:10:24+02:00</sln:gmIIPWersja><sln:gmIdTeryt>1210142</sln:gmIdTeryt><sln:gmNazwa>Podegrodzie</sln:gmNazwa><sln:miejscIIPId>dcbbac69-2533-4860-a92d-b19323f84d7c</sln:miejscIIPId><sln:miejscIIPPn>PL.PZGIK.200</sln:miejscIIPPn><sln:miejscIIPWersja>2016-11-24T13:59:00+02:00</sln:miejscIIPWersja><sln:miejscIdTeryt>0460782</sln:miejscIdTeryt><sln:miejscNazwa>Wolica</sln:miejscNazwa><sln:miejscRodzaj>Inny obiekt</sln:miejscRodzaj><sln:powIIPId>27013993-b504-487f-aca8-9f17768d81b4</sln:powIIPId><sln:powIIPPn>PL.PZGIK.200</sln:powIIPPn><sln:powIIPWersja>2017-10-10T00:00:00+02:00</sln:powIIPWersja><sln:powIdTeryt>1210</sln:powIdTeryt><sln:powNazwa>nowosądecki</sln:powNazwa><sln:wojIIPId>dd2e3c64-f861-47cf-a3a3-e7751f272b2f</sln:wojIIPId><sln:wojIIPPn>PL.PZGIK.200</sln:wojIIPPn><sln:wojIIPWersja>2017-10-10T00:00:00+02:00</sln:wojIIPWersja><sln:wojIdTeryt>12</sln:wojIdTeryt><sln:wojNazwa>małopolskie</sln:wojNazwa></sln:miejscowosc><sln:miejscowosc><sln:cyklZyciaOd>2014-12-07T00:00:00+01:00</sln:cyklZyciaOd><sln:gmIIPId>ab8491c7-27ac-4e82-b92e-994a6c8ffc3c</sln:gmIIPId><sln:gmIIPPn>PL.PZGIK.200</sln:gmIIPPn><sln:gmIIPWersja>2012-09-26T22:10:24+02:00</sln:gmIIPWersja><sln:gmIdTeryt>1210142</sln:gmIdTeryt><sln:gmNazwa>Podegrodzie</sln:gmNazwa><sln:miejscIIPId>19b3c28e-421c-45ce-9689-43ad7715ca6c</sln:miejscIIPId><sln:miejscIIPPn>PL.PZGIK.200</sln:miejscIIPPn><sln:miejscIIPWersja>2016-11-24T13:59:18+02:00</sln:miejscIIPWersja><sln:miejscIdTeryt>0460055</sln:miejscIdTeryt><sln:miejscNazwa>Za Górą</sln:miejscNazwa><sln:miejscRodzaj>Inny obiekt</sln:miejscRodzaj><sln:powIIPId>27013993-b504-487f-aca8-9f17768d81b4</sln:powIIPId><sln:powIIPPn>PL.PZGIK.200</sln:powIIPPn><sln:powIIPWersja>2017-10-10T00:00:00+02:00</sln:powIIPWersja><sln:powIdTeryt>1210</sln:powIdTeryt><sln:powNazwa>nowosądecki</sln:powNazwa><sln:wojIIPId>dd2e3c64-f861-47cf-a3a3-e7751f272b2f</sln:wojIIPId><sln:wojIIPPn>PL.PZGIK.200</sln:wojIIPPn><sln:wojIIPWersja>2017-10-10T00:00:00+02:00</sln:wojIIPWersja><sln:wojIdTeryt>12</sln:wojIdTeryt><sln:wojNazwa>małopolskie</sln:wojNazwa></sln:miejscowosc><sln:miejscowosc><sln:cyklZyciaOd>2014-12-07T00:00:00+01:00</sln:cyklZyciaOd><sln:gmIIPId>ab8491c7-27ac-4e82-b92e-994a6c8ffc3c</sln:gmIIPId><sln:gmIIPPn>PL.PZGIK.200</sln:gmIIPPn><sln:gmIIPWersja>2012-09-26T22:10:24+02:00</sln:gmIIPWersja><sln:gmIdTeryt>1210142</sln:gmIdTeryt><sln:gmNazwa>Podegrodzie</sln:gmNazwa><sln:miejscIIPId>c53c0094-b0c2-425b-993b-d0412ace453a</sln:miejscIIPId><sln:miejscIIPPn>PL.PZGIK.200</sln:miejscIIPPn><sln:miejscIIPWersja>2016-11-24T13:38:56+02:00</sln:miejscIIPWersja><sln:miejscIdTeryt>0460411</sln:miejscIdTeryt><sln:miejscNazwa>Juraszowa</sln:miejscNazwa><sln:miejscRodzaj>Wieś</sln:miejscRodzaj><sln:powIIPId>27013993-b504-487f-aca8-9f17768d81b4</sln:powIIPId><sln:powIIPPn>PL.PZGIK.200</sln:powIIPPn><sln:powIIPWersja>2017-10-10T00:00:00+02:00</sln:powIIPWersja><sln:powIdTeryt>1210</sln:powIdTeryt><sln:powNazwa>nowosądecki</sln:powNazwa><sln:wojIIPId>dd2e3c64-f861-47cf-a3a3-e7751f272b2f</sln:wojIIPId><sln:wojIIPPn>PL.PZGIK.200</sln:wojIIPPn><sln:wojIIPWersja>2017-10-10T00:00:00+02:00</sln:wojIIPWersja><sln:wojIdTeryt>12</sln:wojIdTeryt><sln:wojNazwa>małopolskie</sln:wojNazwa></sln:miejscowosc><sln:miejscowosc><sln:cyklZyciaOd>2014-12-07T00:00:00+01:00</sln:cyklZyciaOd><sln:gmIIPId>ab8491c7-27ac-4e82-b92e-994a6c8ffc3c</sln:gmIIPId><sln:gmIIPPn>PL.PZGIK.200</sln:gmIIPPn><sln:gmIIPWersja>2012-09-26T22:10:24+02:00</sln:gmIIPWersja><sln:gmIdTeryt>1210142</sln:gmIdTeryt><sln:gmNazwa>Podegrodzie</sln:gmNazwa><sln:miejscIIPId>231055d8-0da7-4472-a317-73687f0cff5e</sln:miejscIIPId><sln:miejscIIPPn>PL.PZGIK.200</sln:miejscIIPPn><sln:miejscIIPWersja>2016-11-24T13:59:18+02:00</sln:miejscIIPWersja><sln:miejscIdTeryt>0460820</sln:miejscIdTeryt><sln:miejscNazwa>Wydarta</sln:miejscNazwa><sln:miejscRodzaj>Inny obiekt</sln:miejscRodzaj><sln:powIIPId>27013993-b504-487f-aca8-9f17768d81b4</sln:powIIPId><sln:powIIPPn>PL.PZGIK.200</sln:powIIPPn><sln:powIIPWersja>2017-10-10T00:00:00+02:00</sln:powIIPWersja><sln:powIdTeryt>1210</sln:powIdTeryt><sln:powNazwa>nowosądecki</sln:powNazwa><sln:wojIIPId>dd2e3c64-f861-47cf-a3a3-e7751f272b2f</sln:wojIIPId><sln:wojIIPPn>PL.PZGIK.200</sln:wojIIPPn><sln:wojIIPWersja>2017-10-10T00:00:00+02:00</sln:wojIIPWersja><sln:wojIdTeryt>12</sln:wojIdTeryt><sln:wojNazwa>małopolskie</sln:wojNazwa></sln:miejscowosc><sln:miejscowosc><sln:cyklZyciaOd>2014-12-07T00:00:00+01:00</sln:cyklZyciaOd><sln:gmIIPId>ab8491c7-27ac-4e82-b92e-994a6c8ffc3c</sln:gmIIPId><sln:gmIIPPn>PL.PZGIK.200</sln:gmIIPPn><sln:gmIIPWersja>2012-09-26T22:10:24+02:00</sln:gmIIPWersja><sln:gmIdTeryt>1210142</sln:gmIdTeryt><sln:gmNazwa>Podegrodzie</sln:gmNazwa><sln:miejscIIPId>fa6ade01-0e1b-42a8-8cc6-87a93e866828</sln:miejscIIPId><sln:miejscIIPPn>PL.PZGIK.200</sln:miejscIIPPn><sln:miejscIIPWersja>2016-11-24T13:59:18+02:00</sln:miejscIIPWersja><sln:miejscIdTeryt>0461043</sln:miejscIdTeryt><sln:miejscNazwa>Stolica</sln:miejscNazwa><sln:miejscRodzaj>Inny obiekt</sln:miejscRodzaj><sln:powIIPId>27013993-b504-487f-aca8-9f17768d81b4</sln:powIIPId><sln:powIIPPn>PL.PZGIK.200</sln:powIIPPn><sln:powIIPWersja>2017-10-10T00:00:00+02:00</sln:powIIPWersja><sln:powIdTeryt>1210</sln:powIdTeryt><sln:powNazwa>nowosądecki</sln:powNazwa><sln:wojIIPId>dd2e3c64-f861-47cf-a3a3-e7751f272b2f</sln:wojIIPId><sln:wojIIPPn>PL.PZGIK.200</sln:wojIIPPn><sln:wojIIPWersja>2017-10-10T00:00:00+02:00</sln:wojIIPWersja><sln:wojIdTeryt>12</sln:wojIdTeryt><sln:wojNazwa>małopolskie</sln:wojNazwa></sln:miejscowosc><sln:miejscowosc><sln:cyklZyciaOd>2014-12-07T00:00:00+01:00</sln:cyklZyciaOd><sln:gmIIPId>ab8491c7-27ac-4e82-b92e-994a6c8ffc3c</sln:gmIIPId><sln:gmIIPPn>PL.PZGIK.200</sln:gmIIPPn><sln:gmIIPWersja>2012-09-26T22:10:24+02:00</sln:gmIIPWersja><sln:gmIdTeryt>1210142</sln:gmIdTeryt><sln:gmNazwa>Podegrodzie</sln:gmNazwa><sln:miejscIIPId>34c31a29-4569-4ddc-ad4f-23ae494ee64e</sln:miejscIIPId><sln:miejscIIPPn>PL.PZGIK.200</sln:miejscIIPPn><sln:miejscIIPWersja>2016-11-24T13:59:18+02:00</sln:miejscIIPWersja><sln:miejscIdTeryt>0460931</sln:miejscIdTeryt><sln:miejscNazwa>Barcynka</sln:miejscNazwa><sln:miejscRodzaj>Inny obiekt</sln:miejscRodzaj><sln:powIIPId>27013993-b504-487f-aca8-9f17768d81b4</sln:powIIPId><sln:powIIPPn>PL.PZGIK.200</sln:powIIPPn><sln:powIIPWersja>2017-10-10T00:00:00+02:00</sln:powIIPWersja><sln:powIdTeryt>1210</sln:powIdTeryt><sln:powNazwa>nowosądecki</sln:powNazwa><sln:wojIIPId>dd2e3c64-f861-47cf-a3a3-e7751f272b2f</sln:wojIIPId><sln:wojIIPPn>PL.PZGIK.200</sln:wojIIPPn><sln:wojIIPWersja>2017-10-10T00:00:00+02:00</sln:wojIIPWersja><sln:wojIdTeryt>12</sln:wojIdTeryt><sln:wojNazwa>małopolskie</sln:wojNazwa></sln:miejscowosc><sln:miejscowosc><sln:cyklZyciaOd>2014-12-07T00:00:00+01:00</sln:cyklZyciaOd><sln:gmIIPId>ab8491c7-27ac-4e82-b92e-994a6c8ffc3c</sln:gmIIPId><sln:gmIIPPn>PL.PZGIK.200</sln:gmIIPPn><sln:gmIIPWersja>2012-09-26T22:10:24+02:00</sln:gmIIPWersja><sln:gmIdTeryt>1210142</sln:gmIdTeryt><sln:gmNazwa>Podegrodzie</sln:gmNazwa><sln:miejscIIPId>861bd6f0-37eb-4147-a47f-6732f42e3680</sln:miejscIIPId><sln:miejscIIPPn>PL.PZGIK.200</sln:miejscIIPPn><sln:miejscIIPWersja>2016-11-24T13:54:14+02:00</sln:miejscIIPWersja><sln:miejscIdTeryt>0460380</sln:miejscIdTeryt><sln:miejscNazwa>Wierzchowina</sln:miejscNazwa><sln:miejscRodzaj>Inny obiekt</sln:miejscRodzaj><sln:powIIPId>27013993-b504-487f-aca8-9f17768d81b4</sln:powIIPId><sln:powIIPPn>PL.PZGIK.200</sln:powIIPPn><sln:powIIPWersja>2017-10-10T00:00:00+02:00</sln:powIIPWersja><sln:powIdTeryt>1210</sln:powIdTeryt><sln:powNazwa>nowosądecki</sln:powNazwa><sln:wojIIPId>dd2e3c64-f861-47cf-a3a3-e7751f272b2f</sln:wojIIPId><sln:wojIIPPn>PL.PZGIK.200</sln:wojIIPPn><sln:wojIIPWersja>2017-10-10T00:00:00+02:00</sln:wojIIPWersja><sln:wojIdTeryt>12</sln:wojIdTeryt><sln:wojNazwa>małopolskie</sln:wojNazwa></sln:miejscowosc><sln:miejscowosc><sln:cyklZyciaOd>2014-12-07T00:00:00+01:00</sln:cyklZyciaOd><sln:gmIIPId>ab8491c7-27ac-4e82-b92e-994a6c8ffc3c</sln:gmIIPId><sln:gmIIPPn>PL.PZGIK.200</sln:gmIIPPn><sln:gmIIPWersja>2012-09-26T22:10:24+02:00</sln:gmIIPWersja><sln:gmIdTeryt>1210142</sln:gmIdTeryt><sln:gmNazwa>Podegrodzie</sln:gmNazwa><sln:miejscIIPId>be42f3c8-720e-4629-bcb9-cd7d910439fb</sln:miejscIIPId><sln:miejscIIPPn>PL.PZGIK.200</sln:miejscIIPPn><sln:miejscIIPWersja>2016-11-24T13:54:14+02:00</sln:miejscIIPWersja><sln:miejscIdTeryt>0460256</sln:miejscIdTeryt><sln:miejscNazwa>Góry Gostwickie</sln:miejscNazwa><sln:miejscRodzaj>Inny obiekt</sln:miejscRodzaj><sln:powIIPId>27013993-b504-487f-aca8-9f17768d81b4</sln:powIIPId><sln:powIIPPn>PL.PZGIK.200</sln:powIIPPn><sln:powIIPWersja>2017-10-10T00:00:00+02:00</sln:powIIPWersja><sln:powIdTeryt>1210</sln:powIdTeryt><sln:powNazwa>nowosądecki</sln:powNazwa><sln:wojIIPId>dd2e3c64-f861-47cf-a3a3-e7751f272b2f</sln:wojIIPId><sln:wojIIPPn>PL.PZGIK.200</sln:wojIIPPn><sln:wojIIPWersja>2017-10-10T00:00:00+02:00</sln:wojIIPWersja><sln:wojIdTeryt>12</sln:wojIdTeryt><sln:wojNazwa>małopolskie</sln:wojNazwa></sln:miejscowosc><sln:miejscowosc><sln:cyklZyciaOd>2014-12-07T00:00:00+01:00</sln:cyklZyciaOd><sln:gmIIPId>ab8491c7-27ac-4e82-b92e-994a6c8ffc3c</sln:gmIIPId><sln:gmIIPPn>PL.PZGIK.200</sln:gmIIPPn><sln:gmIIPWersja>2012-09-26T22:10:24+02:00</sln:gmIIPWersja><sln:gmIdTeryt>1210142</sln:gmIdTeryt><sln:gmNazwa>Podegrodzie</sln:gmNazwa><sln:miejscIIPId>a63e7577-f2b4-4846-82c0-42188006cca5</sln:miejscIIPId><sln:miejscIIPPn>PL.PZGIK.200</sln:miejscIIPPn><sln:miejscIIPWersja>2016-11-24T13:44:52+02:00</sln:miejscIIPWersja><sln:miejscIdTeryt>0460977</sln:miejscIdTeryt><sln:miejscNazwa>Kąty</sln:miejscNazwa><sln:miejscRodzaj>Inny obiekt</sln:miejscRodzaj><sln:powIIPId>27013993-b504-487f-aca8-9f17768d81b4</sln:powIIPId><sln:powIIPPn>PL.PZGIK.200</sln:powIIPPn><sln:powIIPWersja>2017-10-10T00:00:00+02:00</sln:powIIPWersja><sln:powIdTeryt>1210</sln:powIdTeryt><sln:powNazwa>nowosądecki</sln:powNazwa><sln:wojIIPId>dd2e3c64-f861-47cf-a3a3-e7751f272b2f</sln:wojIIPId><sln:wojIIPPn>PL.PZGIK.200</sln:wojIIPPn><sln:wojIIPWersja>2017-10-10T00:00:00+02:00</sln:wojIIPWersja><sln:wojIdTeryt>12</sln:wojIdTeryt><sln:wojNazwa>małopolskie</sln:wojNazwa></sln:miejscowosc><sln:miejscowosc><sln:cyklZyciaOd>2014-12-07T00:00:00+01:00</sln:cyklZyciaOd><sln:gmIIPId>ab8491c7-27ac-4e82-b92e-994a6c8ffc3c</sln:gmIIPId><sln:gmIIPPn>PL.PZGIK.200</sln:gmIIPPn><sln:gmIIPWersja>2012-09-26T22:10:24+02:00</sln:gmIIPWersja><sln:gmIdTeryt>1210142</sln:gmIdTeryt><sln:gmNazwa>Podegrodzie</sln:gmNazwa><sln:miejscIIPId>43ea1ba4-2874-4864-aba0-aad63cd00852</sln:miejscIIPId><sln:miejscIIPPn>PL.PZGIK.200</sln:miejscIIPPn><sln:miejscIIPWersja>2016-11-24T13:34:19+02:00</sln:miejscIIPWersja><sln:miejscIdTeryt>0460061</sln:miejscIdTeryt><sln:miejscNazwa>Chochorowice</sln:miejscNazwa><sln:miejscRodzaj>Wieś</sln:miejscRodzaj><sln:powIIPId>27013993-b504-487f-aca8-9f17768d81b4</sln:powIIPId><sln:powIIPPn>PL.PZGIK.200</sln:powIIPPn><sln:powIIPWersja>2017-10-10T00:00:00+02:00</sln:powIIPWersja><sln:powIdTeryt>1210</sln:powIdTeryt><sln:powNazwa>nowosądecki</sln:powNazwa><sln:wojIIPId>dd2e3c64-f861-47cf-a3a3-e7751f272b2f</sln:wojIIPId><sln:wojIIPPn>PL.PZGIK.200</sln:wojIIPPn><sln:wojIIPWersja>2017-10-10T00:00:00+02:00</sln:wojIIPWersja><sln:wojIdTeryt>12</sln:wojIdTeryt><sln:wojNazwa>małopolskie</sln:wojNazwa></sln:miejscowosc><sln:miejscowosc><sln:cyklZyciaOd>2014-12-07T00:00:00+01:00</sln:cyklZyciaOd><sln:gmIIPId>ab8491c7-27ac-4e82-b92e-994a6c8ffc3c</sln:gmIIPId><sln:gmIIPPn>PL.PZGIK.200</sln:gmIIPPn><sln:gmIIPWersja>2012-09-26T22:10:24+02:00</sln:gmIIPWersja><sln:gmIdTeryt>1210142</sln:gmIdTeryt><sln:gmNazwa>Podegrodzie</sln:gmNazwa><sln:miejscIIPId>00790396-f8fa-4ed2-8e7a-35adde63377e</sln:miejscIIPId><sln:miejscIIPPn>PL.PZGIK.200</sln:miejscIIPPn><sln:miejscIIPWersja>2016-11-24T13:27:58+02:00</sln:miejscIIPWersja><sln:miejscIdTeryt>0461126</sln:miejscIdTeryt><sln:miejscNazwa>Tłoki</sln:miejscNazwa><sln:miejscRodzaj>Inny obiekt</sln:miejscRodzaj><sln:powIIPId>27013993-b504-487f-aca8-9f17768d81b4</sln:powIIPId><sln:powIIPPn>PL.PZGIK.200</sln:powIIPPn><sln:powIIPWersja>2017-10-10T00:00:00+02:00</sln:powIIPWersja><sln:powIdTeryt>1210</sln:powIdTeryt><sln:powNazwa>nowosądecki</sln:powNazwa><sln:wojIIPId>dd2e3c64-f861-47cf-a3a3-e7751f272b2f</sln:wojIIPId><sln:wojIIPPn>PL.PZGIK.200</sln:wojIIPPn><sln:wojIIPWersja>2017-10-10T00:00:00+02:00</sln:wojIIPWersja><sln:wojIdTeryt>12</sln:wojIdTeryt><sln:wojNazwa>małopolskie</sln:wojNazwa></sln:miejscowosc><sln:miejscowosc><sln:cyklZyciaOd>2014-12-07T00:00:00+01:00</sln:cyklZyciaOd><sln:gmIIPId>ab8491c7-27ac-4e82-b92e-994a6c8ffc3c</sln:gmIIPId><sln:gmIIPPn>PL.PZGIK.200</sln:gmIIPPn><sln:gmIIPWersja>2012-09-26T22:10:24+02:00</sln:gmIIPWersja><sln:gmIdTeryt>1210142</sln:gmIdTeryt><sln:gmNazwa>Podegrodzie</sln:gmNazwa><sln:miejscIIPId>5d5fe503-23bd-4d6f-9c46-77459a91c1d4</sln:miejscIIPId><sln:miejscIIPPn>PL.PZGIK.200</sln:miejscIIPPn><sln:miejscIIPWersja>2016-11-24T13:37:36+02:00</sln:miejscIIPWersja><sln:miejscIdTeryt>0460227</sln:miejscIdTeryt><sln:miejscNazwa>Gostwica</sln:miejscNazwa><sln:miejscRodzaj>Wieś</sln:miejscRodzaj><sln:powIIPId>27013993-b504-487f-aca8-9f17768d81b4</sln:powIIPId><sln:powIIPPn>PL.PZGIK.200</sln:powIIPPn><sln:powIIPWersja>2017-10-10T00:00:00+02:00</sln:powIIPWersja><sln:powIdTeryt>1210</sln:powIdTeryt><sln:powNazwa>nowosądecki</sln:powNazwa><sln:wojIIPId>dd2e3c64-f861-47cf-a3a3-e7751f272b2f</sln:wojIIPId><sln:wojIIPPn>PL.PZGIK.200</sln:wojIIPPn><sln:wojIIPWersja>2017-10-10T00:00:00+02:00</sln:wojIIPWersja><sln:wojIdTeryt>12</sln:wojIdTeryt><sln:wojNazwa>małopolskie</sln:wojNazwa></sln:miejscowosc><sln:miejscowosc><sln:cyklZyciaOd>2014-12-07T00:00:00+01:00</sln:cyklZyciaOd><sln:gmIIPId>ab8491c7-27ac-4e82-b92e-994a6c8ffc3c</sln:gmIIPId><sln:gmIIPPn>PL.PZGIK.200</sln:gmIIPPn><sln:gmIIPWersja>2012-09-26T22:10:24+02:00</sln:gmIIPWersja><sln:gmIdTeryt>1210142</sln:gmIdTeryt><sln:gmNazwa>Podegrodzie</sln:gmNazwa><sln:miejscIIPId>93ad25d1-e076-4e34-b595-8f3830b6ca44</sln:miejscIIPId><sln:miejscIIPPn>PL.PZGIK.200</sln:miejscIIPPn><sln:miejscIIPWersja>2016-11-24T13:36:27+02:00</sln:miejscIIPWersja><sln:miejscIdTeryt>0460115</sln:miejscIdTeryt><sln:miejscNazwa>Długołęka-Świerkla</sln:miejscNazwa><sln:miejscRodzaj>Wieś</sln:miejscRodzaj><sln:powIIPId>27013993-b504-487f-aca8-9f17768d81b4</sln:powIIPId><sln:powIIPPn>PL.PZGIK.200</sln:powIIPPn><sln:powIIPWersja>2017-10-10T00:00:00+02:00</sln:powIIPWersja><sln:powIdTeryt>1210</sln:powIdTeryt><sln:powNazwa>nowosądecki</sln:powNazwa><sln:wojIIPId>dd2e3c64-f861-47cf-a3a3-e7751f272b2f</sln:wojIIPId><sln:wojIIPPn>PL.PZGIK.200</sln:wojIIPPn><sln:wojIIPWersja>2017-10-10T00:00:00+02:00</sln:wojIIPWersja><sln:wojIdTeryt>12</sln:wojIdTeryt><sln:wojNazwa>małopolskie</sln:wojNazwa></sln:miejscowosc><sln:miejscowosc><sln:cyklZyciaOd>2014-12-07T00:00:00+01:00</sln:cyklZyciaOd><sln:gmIIPId>ab8491c7-27ac-4e82-b92e-994a6c8ffc3c</sln:gmIIPId><sln:gmIIPPn>PL.PZGIK.200</sln:gmIIPPn><sln:gmIIPWersja>2012-09-26T22:10:24+02:00</sln:gmIIPWersja><sln:gmIdTeryt>1210142</sln:gmIdTeryt><sln:gmNazwa>Podegrodzie</sln:gmNazwa><sln:miejscIIPId>424a332b-823d-4a7e-a24b-1c24b4c3b5d8</sln:miejscIIPId><sln:miejscIIPPn>PL.PZGIK.200</sln:miejscIIPPn><sln:miejscIIPWersja>2016-11-24T13:43:53+02:00</sln:miejscIIPWersja><sln:miejscIdTeryt>0460693</sln:miejscIdTeryt><sln:miejscNazwa>Olszana</sln:miejscNazwa><sln:miejscRodzaj>Wieś</sln:miejscRodzaj><sln:powIIPId>27013993-b504-487f-aca8-9f17768d81b4</sln:powIIPId><sln:powIIPPn>PL.PZGIK.200</sln:powIIPPn><sln:powIIPWersja>2017-10-10T00:00:00+02:00</sln:powIIPWersja><sln:powIdTeryt>1210</sln:powIdTeryt><sln:powNazwa>nowosądecki</sln:powNazwa><sln:wojIIPId>dd2e3c64-f861-47cf-a3a3-e7751f272b2f</sln:wojIIPId><sln:wojIIPPn>PL.PZGIK.200</sln:wojIIPPn><sln:wojIIPWersja>2017-10-10T00:00:00+02:00</sln:wojIIPWersja><sln:wojIdTeryt>12</sln:wojIdTeryt><sln:wojNazwa>małopolskie</sln:wojNazwa></sln:miejscowosc><sln:miejscowosc><sln:cyklZyciaOd>2014-12-07T00:00:00+01:00</sln:cyklZyciaOd><sln:gmIIPId>ab8491c7-27ac-4e82-b92e-994a6c8ffc3c</sln:gmIIPId><sln:gmIIPPn>PL.PZGIK.200</sln:gmIIPPn><sln:gmIIPWersja>2012-09-26T22:10:24+02:00</sln:gmIIPWersja><sln:gmIdTeryt>1210142</sln:gmIdTeryt><sln:gmNazwa>Podegrodzie</sln:gmNazwa><sln:miejscIIPId>ec626f8f-e2e4-4b55-9591-11520cb9732c</sln:miejscIIPId><sln:miejscIIPPn>PL.PZGIK.200</sln:miejscIIPPn><sln:miejscIIPWersja>2016-11-24T13:59:18+02:00</sln:miejscIIPWersja><sln:miejscIdTeryt>0459997</sln:miejscIdTeryt><sln:miejscNazwa>Pod Gwizdorem</sln:miejscNazwa><sln:miejscRodzaj>Inny obiekt</sln:miejscRodzaj><sln:powIIPId>27013993-b504-487f-aca8-9f17768d81b4</sln:powIIPId><sln:powIIPPn>PL.PZGIK.200</sln:powIIPPn><sln:powIIPWersja>2017-10-10T00:00:00+02:00</sln:powIIPWersja><sln:powIdTeryt>1210</sln:powIdTeryt><sln:powNazwa>nowosądecki</sln:powNazwa><sln:wojIIPId>dd2e3c64-f861-47cf-a3a3-e7751f272b2f</sln:wojIIPId><sln:wojIIPPn>PL.PZGIK.200</sln:wojIIPPn><sln:wojIIPWersja>2017-10-10T00:00:00+02:00</sln:wojIIPWersja><sln:wojIdTeryt>12</sln:wojIdTeryt><sln:wojNazwa>małopolskie</sln:wojNazwa></sln:miejscowosc><sln:miejscowosc><sln:cyklZyciaOd>2014-12-07T00:00:00+01:00</sln:cyklZyciaOd><sln:gmIIPId>ab8491c7-27ac-4e82-b92e-994a6c8ffc3c</sln:gmIIPId><sln:gmIIPPn>PL.PZGIK.200</sln:gmIIPPn><sln:gmIIPWersja>2012-09-26T22:10:24+02:00</sln:gmIIPWersja><sln:gmIdTeryt>1210142</sln:gmIdTeryt><sln:gmNazwa>Podegrodzie</sln:gmNazwa><sln:miejscIIPId>cbb4b449-08c1-46e0-a049-41340b15f960</sln:miejscIIPId><sln:miejscIIPPn>PL.PZGIK.200</sln:miejscIIPPn><sln:miejscIIPWersja>2016-11-24T13:59:18+02:00</sln:miejscIIPWersja><sln:miejscIdTeryt>0459939</sln:miejscIdTeryt><sln:miejscNazwa>Dół</sln:miejscNazwa><sln:miejscRodzaj>Inny obiekt</sln:miejscRodzaj><sln:powIIPId>27013993-b504-487f-aca8-9f17768d81b4</sln:powIIPId><sln:powIIPPn>PL.PZGIK.200</sln:powIIPPn><sln:powIIPWersja>2017-10-10T00:00:00+02:00</sln:powIIPWersja><sln:powIdTeryt>1210</sln:powIdTeryt><sln:powNazwa>nowosądecki</sln:powNazwa><sln:wojIIPId>dd2e3c64-f861-47cf-a3a3-e7751f272b2f</sln:wojIIPId><sln:wojIIPPn>PL.PZGIK.200</sln:wojIIPPn><sln:wojIIPWersja>2017-10-10T00:00:00+02:00</sln:wojIIPWersja><sln:wojIdTeryt>12</sln:wojIdTeryt><sln:wojNazwa>małopolskie</sln:wojNazwa></sln:miejscowosc><sln:miejscowosc><sln:cyklZyciaOd>2014-12-07T00:00:00+01:00</sln:cyklZyciaOd><sln:gmIIPId>ab8491c7-27ac-4e82-b92e-994a6c8ffc3c</sln:gmIIPId><sln:gmIIPPn>PL.PZGIK.200</sln:gmIIPPn><sln:gmIIPWersja>2012-09-26T22:10:24+02:00</sln:gmIIPWersja><sln:gmIdTeryt>1210142</sln:gmIdTeryt><sln:gmNazwa>Podegrodzie</sln:gmNazwa><sln:miejscIIPId>01c0d9ce-08b9-45fc-a909-4c03a7cdb80c</sln:miejscIIPId><sln:miejscIIPPn>PL.PZGIK.200</sln:miejscIIPPn><sln:miejscIIPWersja>2016-11-24T13:59:00+02:00</sln:miejscIIPWersja><sln:miejscIdTeryt>0460724</sln:miejscIdTeryt><sln:miejscNazwa>Górki</sln:miejscNazwa><sln:miejscRodzaj>Inny obiekt</sln:miejscRodzaj><sln:powIIPId>27013993-b504-487f-aca8-9f17768d81b4</sln:powIIPId><sln:powIIPPn>PL.PZGIK.200</sln:powIIPPn><sln:powIIPWersja>2017-10-10T00:00:00+02:00</sln:powIIPWersja><sln:powIdTeryt>1210</sln:powIdTeryt><sln:powNazwa>nowosądecki</sln:powNazwa><sln:wojIIPId>dd2e3c64-f861-47cf-a3a3-e7751f272b2f</sln:wojIIPId><sln:wojIIPPn>PL.PZGIK.200</sln:wojIIPPn><sln:wojIIPWersja>2017-10-10T00:00:00+02:00</sln:wojIIPWersja><sln:wojIdTeryt>12</sln:wojIdTeryt><sln:wojNazwa>małopolskie</sln:wojNazwa></sln:miejscowosc><sln:miejscowosc><sln:cyklZyciaOd>2014-12-07T00:00:00+01:00</sln:cyklZyciaOd><sln:gmIIPId>ab8491c7-27ac-4e82-b92e-994a6c8ffc3c</sln:gmIIPId><sln:gmIIPPn>PL.PZGIK.200</sln:gmIIPPn><sln:gmIIPWersja>2012-09-26T22:10:24+02:00</sln:gmIIPWersja><sln:gmIdTeryt>1210142</sln:gmIdTeryt><sln:gmNazwa>Podegrodzie</sln:gmNazwa><sln:miejscIIPId>388ebf86-1175-4ce4-a836-dac4ff34efbf</sln:miejscIIPId><sln:miejscIIPPn>PL.PZGIK.200</sln:miejscIIPPn><sln:miejscIIPWersja>2016-11-24T13:29:47+02:00</sln:miejscIIPWersja><sln:miejscIdTeryt>0461132</sln:miejscIdTeryt><sln:miejscNazwa>Rogi</sln:miejscNazwa><sln:miejscRodzaj>Wieś</sln:miejscRodzaj><sln:powIIPId>27013993-b504-487f-aca8-9f17768d81b4</sln:powIIPId><sln:powIIPPn>PL.PZGIK.200</sln:powIIPPn><sln:powIIPWersja>2017-10-10T00:00:00+02:00</sln:powIIPWersja><sln:powIdTeryt>1210</sln:powIdTeryt><sln:powNazwa>nowosądecki</sln:powNazwa><sln:wojIIPId>dd2e3c64-f861-47cf-a3a3-e7751f272b2f</sln:wojIIPId><sln:wojIIPPn>PL.PZGIK.200</sln:wojIIPPn><sln:wojIIPWersja>2017-10-10T00:00:00+02:00</sln:wojIIPWersja><sln:wojIdTeryt>12</sln:wojIdTeryt><sln:wojNazwa>małopolskie</sln:wojNazwa></sln:miejscowosc><sln:miejscowosc><sln:cyklZyciaOd>2014-12-07T00:00:00+01:00</sln:cyklZyciaOd><sln:gmIIPId>ab8491c7-27ac-4e82-b92e-994a6c8ffc3c</sln:gmIIPId><sln:gmIIPPn>PL.PZGIK.200</sln:gmIIPPn><sln:gmIIPWersja>2012-09-26T22:10:24+02:00</sln:gmIIPWersja><sln:gmIdTeryt>1210142</sln:gmIdTeryt><sln:gmNazwa>Podegrodzie</sln:gmNazwa><sln:miejscIIPId>d81d28cc-47f7-475c-a7c7-debf8e2fdd3f</sln:miejscIIPId><sln:miejscIIPPn>PL.PZGIK.200</sln:miejscIIPPn><sln:miejscIIPWersja>2016-11-24T13:54:14+02:00</sln:miejscIIPWersja><sln:miejscIdTeryt>0460316</sln:miejscIdTeryt><sln:miejscNazwa>Łąki Gostwickie</sln:miejscNazwa><sln:miejscRodzaj>Inny obiekt</sln:miejscRodzaj><sln:powIIPId>27013993-b504-487f-aca8-9f17768d81b4</sln:powIIPId><sln:powIIPPn>PL.PZGIK.200</sln:powIIPPn><sln:powIIPWersja>2017-10-10T00:00:00+02:00</sln:powIIPWersja><sln:powIdTeryt>1210</sln:powIdTeryt><sln:powNazwa>nowosądecki</sln:powNazwa><sln:wojIIPId>dd2e3c64-f861-47cf-a3a3-e7751f272b2f</sln:wojIIPId><sln:wojIIPPn>PL.PZGIK.200</sln:wojIIPPn><sln:wojIIPWersja>2017-10-10T00:00:00+02:00</sln:wojIIPWersja><sln:wojIdTeryt>12</sln:wojIdTeryt><sln:wojNazwa>małopolskie</sln:wojNazwa></sln:miejscowosc><sln:miejscowosc><sln:cyklZyciaOd>2014-12-07T00:00:00+01:00</sln:cyklZyciaOd><sln:gmIIPId>ab8491c7-27ac-4e82-b92e-994a6c8ffc3c</sln:gmIIPId><sln:gmIIPPn>PL.PZGIK.200</sln:gmIIPPn><sln:gmIIPWersja>2012-09-26T22:10:24+02:00</sln:gmIIPWersja><sln:gmIdTeryt>1210142</sln:gmIdTeryt><sln:gmNazwa>Podegrodzie</sln:gmNazwa><sln:miejscIIPId>432fe7bb-e8c5-4254-a01a-c996e14338c8</sln:miejscIIPId><sln:miejscIIPPn>PL.PZGIK.200</sln:miejscIIPPn><sln:miejscIIPWersja>2016-11-24T13:58:07+02:00</sln:miejscIIPWersja><sln:miejscIdTeryt>0460530</sln:miejscIdTeryt><sln:miejscNazwa>Pod Sośliną</sln:miejscNazwa><sln:miejscRodzaj>Inny obiekt</sln:miejscRodzaj><sln:powIIPId>27013993-b504-487f-aca8-9f17768d81b4</sln:powIIPId><sln:powIIPPn>PL.PZGIK.200</sln:powIIPPn><sln:powIIPWersja>2017-10-10T00:00:00+02:00</sln:powIIPWersja><sln:powIdTeryt>1210</sln:powIdTeryt><sln:powNazwa>nowosądecki</sln:powNazwa><sln:wojIIPId>dd2e3c64-f861-47cf-a3a3-e7751f272b2f</sln:wojIIPId><sln:wojIIPPn>PL.PZGIK.200</sln:wojIIPPn><sln:wojIIPWersja>2017-10-10T00:00:00+02:00</sln:wojIIPWersja><sln:wojIdTeryt>12</sln:wojIdTeryt><sln:wojNazwa>małopolskie</sln:wojNazwa></sln:miejscowosc><sln:miejscowosc><sln:cyklZyciaOd>2014-12-07T00:00:00+01:00</sln:cyklZyciaOd><sln:gmIIPId>ab8491c7-27ac-4e82-b92e-994a6c8ffc3c</sln:gmIIPId><sln:gmIIPPn>PL.PZGIK.200</sln:gmIIPPn><sln:gmIIPWersja>2012-09-26T22:10:24+02:00</sln:gmIIPWersja><sln:gmIdTeryt>1210142</sln:gmIdTeryt><sln:gmNazwa>Podegrodzie</sln:gmNazwa><sln:miejscIIPId>c41406bb-ae8d-4162-9d78-c1951d38a209</sln:miejscIIPId><sln:miejscIIPPn>PL.PZGIK.200</sln:miejscIIPPn><sln:miejscIIPWersja>2016-11-24T13:27:58+02:00</sln:miejscIIPWersja><sln:miejscIdTeryt>0460954</sln:miejscIdTeryt><sln:miejscNazwa>Góra-Wieś</sln:miejscNazwa><sln:miejscRodzaj>Inny obiekt</sln:miejscRodzaj><sln:powIIPId>27013993-b504-487f-aca8-9f17768d81b4</sln:powIIPId><sln:powIIPPn>PL.PZGIK.200</sln:powIIPPn><sln:powIIPWersja>2017-10-10T00:00:00+02:00</sln:powIIPWersja><sln:powIdTeryt>1210</sln:powIdTeryt><sln:powNazwa>nowosądecki</sln:powNazwa><sln:wojIIPId>dd2e3c64-f861-47cf-a3a3-e7751f272b2f</sln:wojIIPId><sln:wojIIPPn>PL.PZGIK.200</sln:wojIIPPn><sln:wojIIPWersja>2017-10-10T00:00:00+02:00</sln:wojIIPWersja><sln:wojIdTeryt>12</sln:wojIdTeryt><sln:wojNazwa>małopolskie</sln:wojNazwa></sln:miejscowosc><sln:miejscowosc><sln:cyklZyciaOd>2014-12-07T00:00:00+01:00</sln:cyklZyciaOd><sln:gmIIPId>ab8491c7-27ac-4e82-b92e-994a6c8ffc3c</sln:gmIIPId><sln:gmIIPPn>PL.PZGIK.200</sln:gmIIPPn><sln:gmIIPWersja>2012-09-26T22:10:24+02:00</sln:gmIIPWersja><sln:gmIdTeryt>1210142</sln:gmIdTeryt><sln:gmNazwa>Podegrodzie</sln:gmNazwa><sln:miejscIIPId>6124bdd5-7211-4f16-922d-0f4aa5c25123</sln:miejscIIPId><sln:miejscIIPPn>PL.PZGIK.200</sln:miejscIIPPn><sln:miejscIIPWersja>2016-11-24T13:59:00+02:00</sln:miejscIIPWersja><sln:miejscIdTeryt>0460871</sln:miejscIdTeryt><sln:miejscNazwa>Łysa Góra</sln:miejscNazwa><sln:miejscRodzaj>Inny obiekt</sln:miejscRodzaj><sln:powIIPId>27013993-b504-487f-aca8-9f17768d81b4</sln:powIIPId><sln:powIIPPn>PL.PZGIK.200</sln:powIIPPn><sln:powIIPWersja>2017-10-10T00:00:00+02:00</sln:powIIPWersja><sln:powIdTeryt>1210</sln:powIdTeryt><sln:powNazwa>nowosądecki</sln:powNazwa><sln:wojIIPId>dd2e3c64-f861-47cf-a3a3-e7751f272b2f</sln:wojIIPId><sln:wojIIPPn>PL.PZGIK.200</sln:wojIIPPn><sln:wojIIPWersja>2017-10-10T00:00:00+02:00</sln:wojIIPWersja><sln:wojIdTeryt>12</sln:wojIdTeryt><sln:wojNazwa>małopolskie</sln:wojNazwa></sln:miejscowosc><sln:miejscowosc><sln:cyklZyciaOd>2014-12-07T00:00:00+01:00</sln:cyklZyciaOd><sln:gmIIPId>ab8491c7-27ac-4e82-b92e-994a6c8ffc3c</sln:gmIIPId><sln:gmIIPPn>PL.PZGIK.200</sln:gmIIPPn><sln:gmIIPWersja>2012-09-26T22:10:24+02:00</sln:gmIIPWersja><sln:gmIdTeryt>1210142</sln:gmIdTeryt><sln:gmNazwa>Podegrodzie</sln:gmNazwa><sln:miejscIIPId>bb007be5-d4a3-4c28-ab53-f9c2fa774880</sln:miejscIIPId><sln:miejscIIPPn>PL.PZGIK.200</sln:miejscIIPPn><sln:miejscIIPWersja>2016-11-24T13:54:14+02:00</sln:miejscIIPWersja><sln:miejscIdTeryt>0460291</sln:miejscIdTeryt><sln:miejscNazwa>Kwasowiec</sln:miejscNazwa><sln:miejscRodzaj>Inny obiekt</sln:miejscRodzaj><sln:powIIPId>27013993-b504-487f-aca8-9f17768d81b4</sln:powIIPId><sln:powIIPPn>PL.PZGIK.200</sln:powIIPPn><sln:powIIPWersja>2017-10-10T00:00:00+02:00</sln:powIIPWersja><sln:powIdTeryt>1210</sln:powIdTeryt><sln:powNazwa>nowosądecki</sln:powNazwa><sln:wojIIPId>dd2e3c64-f861-47cf-a3a3-e7751f272b2f</sln:wojIIPId><sln:wojIIPPn>PL.PZGIK.200</sln:wojIIPPn><sln:wojIIPWersja>2017-10-10T00:00:00+02:00</sln:wojIIPWersja><sln:wojIdTeryt>12</sln:wojIdTeryt><sln:wojNazwa>małopolskie</sln:wojNazwa></sln:miejscowosc><sln:miejscowosc><sln:cyklZyciaOd>2014-12-07T00:00:00+01:00</sln:cyklZyciaOd><sln:gmIIPId>ab8491c7-27ac-4e82-b92e-994a6c8ffc3c</sln:gmIIPId><sln:gmIIPPn>PL.PZGIK.200</sln:gmIIPPn><sln:gmIIPWersja>2012-09-26T22:10:24+02:00</sln:gmIIPWersja><sln:gmIdTeryt>1210142</sln:gmIdTeryt><sln:gmNazwa>Podegrodzie</sln:gmNazwa><sln:miejscIIPId>95b8bfbd-8ca4-44ad-a73c-a5f1133dd4ba</sln:miejscIIPId><sln:miejscIIPPn>PL.PZGIK.200</sln:miejscIIPPn><sln:miejscIIPWersja>2016-11-24T13:58:23+02:00</sln:miejscIIPWersja><sln:miejscIdTeryt>0460612</sln:miejscIdTeryt><sln:miejscNazwa>Drapka</sln:miejscNazwa><sln:miejscRodzaj>Inny obiekt</sln:miejscRodzaj><sln:powIIPId>27013993-b504-487f-aca8-9f17768d81b4</sln:powIIPId><sln:powIIPPn>PL.PZGIK.200</sln:powIIPPn><sln:powIIPWersja>2017-10-10T00:00:00+02:00</sln:powIIPWersja><sln:powIdTeryt>1210</sln:powIdTeryt><sln:powNazwa>nowosądecki</sln:powNazwa><sln:wojIIPId>dd2e3c64-f861-47cf-a3a3-e7751f272b2f</sln:wojIIPId><sln:wojIIPPn>PL.PZGIK.200</sln:wojIIPPn><sln:wojIIPWersja>2017-10-10T00:00:00+02:00</sln:wojIIPWersja><sln:wojIdTeryt>12</sln:wojIdTeryt><sln:wojNazwa>małopolskie</sln:wojNazwa></sln:miejscowosc><sln:miejscowosc><sln:cyklZyciaOd>2014-12-07T00:00:00+01:00</sln:cyklZyciaOd><sln:gmIIPId>ab8491c7-27ac-4e82-b92e-994a6c8ffc3c</sln:gmIIPId><sln:gmIIPPn>PL.PZGIK.200</sln:gmIIPPn><sln:gmIIPWersja>2012-09-26T22:10:24+02:00</sln:gmIIPWersja><sln:gmIdTeryt>1210142</sln:gmIdTeryt><sln:gmNazwa>Podegrodzie</sln:gmNazwa><sln:miejscIIPId>edead317-44bd-40bd-bf40-bbe5e242eac3</sln:miejscIIPId><sln:miejscIIPPn>PL.PZGIK.200</sln:miejscIIPPn><sln:miejscIIPWersja>2016-11-24T13:58:23+02:00</sln:miejscIIPWersja><sln:miejscIdTeryt>0460670</sln:miejscIdTeryt><sln:miejscNazwa>Zalas</sln:miejscNazwa><sln:miejscRodzaj>Inny obiekt</sln:miejscRodzaj><sln:powIIPId>27013993-b504-487f-aca8-9f17768d81b4</sln:powIIPId><sln:powIIPPn>PL.PZGIK.200</sln:powIIPPn><sln:powIIPWersja>2017-10-10T00:00:00+02:00</sln:powIIPWersja><sln:powIdTeryt>1210</sln:powIdTeryt><sln:powNazwa>nowosądecki</sln:powNazwa><sln:wojIIPId>dd2e3c64-f861-47cf-a3a3-e7751f272b2f</sln:wojIIPId><sln:wojIIPPn>PL.PZGIK.200</sln:wojIIPPn><sln:wojIIPWersja>2017-10-10T00:00:00+02:00</sln:wojIIPWersja><sln:wojIdTeryt>12</sln:wojIdTeryt><sln:wojNazwa>małopolskie</sln:wojNazwa></sln:miejscowosc><sln:miejscowosc><sln:cyklZyciaOd>2014-12-07T00:00:00+01:00</sln:cyklZyciaOd><sln:gmIIPId>ab8491c7-27ac-4e82-b92e-994a6c8ffc3c</sln:gmIIPId><sln:gmIIPPn>PL.PZGIK.200</sln:gmIIPPn><sln:gmIIPWersja>2012-09-26T22:10:24+02:00</sln:gmIIPWersja><sln:gmIdTeryt>1210142</sln:gmIdTeryt><sln:gmNazwa>Podegrodzie</sln:gmNazwa><sln:miejscIIPId>2170bfdf-cbb9-4075-a24e-d6484c464e52</sln:miejscIIPId><sln:miejscIIPPn>PL.PZGIK.200</sln:miejscIIPPn><sln:miejscIIPWersja>2016-11-24T13:59:00+02:00</sln:miejscIIPWersja><sln:miejscIdTeryt>0460776</sln:miejscIdTeryt><sln:miejscNazwa>Stanęcin</sln:miejscNazwa><sln:miejscRodzaj>Inny obiekt</sln:miejscRodzaj><sln:powIIPId>27013993-b504-487f-aca8-9f17768d81b4</sln:powIIPId><sln:powIIPPn>PL.PZGIK.200</sln:powIIPPn><sln:powIIPWersja>2017-10-10T00:00:00+02:00</sln:powIIPWersja><sln:powIdTeryt>1210</sln:powIdTeryt><sln:powNazwa>nowosądecki</sln:powNazwa><sln:wojIIPId>dd2e3c64-f861-47cf-a3a3-e7751f272b2f</sln:wojIIPId><sln:wojIIPPn>PL.PZGIK.200</sln:wojIIPPn><sln:wojIIPWersja>2017-10-10T00:00:00+02:00</sln:wojIIPWersja><sln:wojIdTeryt>12</sln:wojIdTeryt><sln:wojNazwa>małopolskie</sln:wojNazwa></sln:miejscowosc><sln:miejscowosc><sln:cyklZyciaOd>2014-12-07T00:00:00+01:00</sln:cyklZyciaOd><sln:gmIIPId>ab8491c7-27ac-4e82-b92e-994a6c8ffc3c</sln:gmIIPId><sln:gmIIPPn>PL.PZGIK.200</sln:gmIIPPn><sln:gmIIPWersja>2012-09-26T22:10:24+02:00</sln:gmIIPWersja><sln:gmIdTeryt>1210142</sln:gmIdTeryt><sln:gmNazwa>Podegrodzie</sln:gmNazwa><sln:miejscIIPId>61254b10-36f4-42a7-bec3-1d6ba996a6fc</sln:miejscIIPId><sln:miejscIIPPn>PL.PZGIK.200</sln:miejscIIPPn><sln:miejscIIPWersja>2016-11-24T13:58:23+02:00</sln:miejscIIPWersja><sln:miejscIdTeryt>0460658</sln:miejscIdTeryt><sln:miejscNazwa>Podglinka</sln:miejscNazwa><sln:miejscRodzaj>Inny obiekt</sln:miejscRodzaj><sln:powIIPId>27013993-b504-487f-aca8-9f17768d81b4</sln:powIIPId><sln:powIIPPn>PL.PZGIK.200</sln:powIIPPn><sln:powIIPWersja>2017-10-10T00:00:00+02:00</sln:powIIPWersja><sln:powIdTeryt>1210</sln:powIdTeryt><sln:powNazwa>nowosądecki</sln:powNazwa><sln:wojIIPId>dd2e3c64-f861-47cf-a3a3-e7751f272b2f</sln:wojIIPId><sln:wojIIPPn>PL.PZGIK.200</sln:wojIIPPn><sln:wojIIPWersja>2017-10-10T00:00:00+02:00</sln:wojIIPWersja><sln:wojIdTeryt>12</sln:wojIdTeryt><sln:wojNazwa>małopolskie</sln:wojNazwa></sln:miejscowosc><sln:miejscowosc><sln:cyklZyciaOd>2014-12-07T00:00:00+01:00</sln:cyklZyciaOd><sln:gmIIPId>ab8491c7-27ac-4e82-b92e-994a6c8ffc3c</sln:gmIIPId><sln:gmIIPPn>PL.PZGIK.200</sln:gmIIPPn><sln:gmIIPWersja>2012-09-26T22:10:24+02:00</sln:gmIIPWersja><sln:gmIdTeryt>1210142</sln:gmIdTeryt><sln:gmNazwa>Podegrodzie</sln:gmNazwa><sln:miejscIIPId>fa5995e2-3465-4909-9b63-4c76baedb555</sln:miejscIIPId><sln:miejscIIPPn>PL.PZGIK.200</sln:miejscIIPPn><sln:miejscIIPWersja>2016-11-24T13:43:54+02:00</sln:miejscIIPWersja><sln:miejscIdTeryt>0460859</sln:miejscIdTeryt><sln:miejscNazwa>Olszanka</sln:miejscNazwa><sln:miejscRodzaj>Wieś</sln:miejscRodzaj><sln:powIIPId>27013993-b504-487f-aca8-9f17768d81b4</sln:powIIPId><sln:powIIPPn>PL.PZGIK.200</sln:powIIPPn><sln:powIIPWersja>2017-10-10T00:00:00+02:00</sln:powIIPWersja><sln:powIdTeryt>1210</sln:powIdTeryt><sln:powNazwa>nowosądecki</sln:powNazwa><sln:wojIIPId>dd2e3c64-f861-47cf-a3a3-e7751f272b2f</sln:wojIIPId><sln:wojIIPPn>PL.PZGIK.200</sln:wojIIPPn><sln:wojIIPWersja>2017-10-10T00:00:00+02:00</sln:wojIIPWersja><sln:wojIdTeryt>12</sln:wojIdTeryt><sln:wojNazwa>małopolskie</sln:wojNazwa></sln:miejscowosc><sln:miejscowosc><sln:cyklZyciaOd>2014-12-07T00:00:00+01:00</sln:cyklZyciaOd><sln:gmIIPId>ab8491c7-27ac-4e82-b92e-994a6c8ffc3c</sln:gmIIPId><sln:gmIIPPn>PL.PZGIK.200</sln:gmIIPPn><sln:gmIIPWersja>2012-09-26T22:10:24+02:00</sln:gmIIPWersja><sln:gmIdTeryt>1210142</sln:gmIdTeryt><sln:gmNazwa>Podegrodzie</sln:gmNazwa><sln:miejscIIPId>1c67aa14-3364-4b05-b4e7-76d7f8879299</sln:miejscIIPId><sln:miejscIIPPn>PL.PZGIK.200</sln:miejscIIPPn><sln:miejscIIPWersja>2016-11-24T13:31:08+02:00</sln:miejscIIPWersja><sln:miejscIdTeryt>0461178</sln:miejscIdTeryt><sln:miejscNazwa>Stadła</sln:miejscNazwa><sln:miejscRodzaj>Wieś</sln:miejscRodzaj><sln:powIIPId>27013993-b504-487f-aca8-9f17768d81b4</sln:powIIPId><sln:powIIPPn>PL.PZGIK.200</sln:powIIPPn><sln:powIIPWersja>2017-10-10T00:00:00+02:00</sln:powIIPWersja><sln:powIdTeryt>1210</sln:powIdTeryt><sln:powNazwa>nowosądecki</sln:powNazwa><sln:wojIIPId>dd2e3c64-f861-47cf-a3a3-e7751f272b2f</sln:wojIIPId><sln:wojIIPPn>PL.PZGIK.200</sln:wojIIPPn><sln:wojIIPWersja>2017-10-10T00:00:00+02:00</sln:wojIIPWersja><sln:wojIdTeryt>12</sln:wojIdTeryt><sln:wojNazwa>małopolskie</sln:wojNazwa></sln:miejscowosc><sln:miejscowosc><sln:cyklZyciaOd>2014-12-07T00:00:00+01:00</sln:cyklZyciaOd><sln:gmIIPId>ab8491c7-27ac-4e82-b92e-994a6c8ffc3c</sln:gmIIPId><sln:gmIIPPn>PL.PZGIK.200</sln:gmIIPPn><sln:gmIIPWersja>2012-09-26T22:10:24+02:00</sln:gmIIPWersja><sln:gmIdTeryt>1210142</sln:gmIdTeryt><sln:gmNazwa>Podegrodzie</sln:gmNazwa><sln:miejscIIPId>ad3af433-dc5b-437b-8c2f-637070157642</sln:miejscIIPId><sln:miejscIIPPn>PL.PZGIK.200</sln:miejscIIPPn><sln:miejscIIPWersja>2016-11-24T13:54:14+02:00</sln:miejscIIPWersja><sln:miejscIdTeryt>0460285</sln:miejscIdTeryt><sln:miejscNazwa>Kurkowskie</sln:miejscNazwa><sln:miejscRodzaj>Inny obiekt</sln:miejscRodzaj><sln:powIIPId>27013993-b504-487f-aca8-9f17768d81b4</sln:powIIPId><sln:powIIPPn>PL.PZGIK.200</sln:powIIPPn><sln:powIIPWersja>2017-10-10T00:00:00+02:00</sln:powIIPWersja><sln:powIdTeryt>1210</sln:powIdTeryt><sln:powNazwa>nowosądecki</sln:powNazwa><sln:wojIIPId>dd2e3c64-f861-47cf-a3a3-e7751f272b2f</sln:wojIIPId><sln:wojIIPPn>PL.PZGIK.200</sln:wojIIPPn><sln:wojIIPWersja>2017-10-10T00:00:00+02:00</sln:wojIIPWersja><sln:wojIdTeryt>12</sln:wojIdTeryt><sln:wojNazwa>małopolskie</sln:wojNazwa></sln:miejscowosc><sln:miejscowosc><sln:cyklZyciaOd>2014-12-07T00:00:00+01:00</sln:cyklZyciaOd><sln:gmIIPId>ab8491c7-27ac-4e82-b92e-994a6c8ffc3c</sln:gmIIPId><sln:gmIIPPn>PL.PZGIK.200</sln:gmIIPPn><sln:gmIIPWersja>2012-09-26T22:10:24+02:00</sln:gmIIPWersja><sln:gmIdTeryt>1210142</sln:gmIdTeryt><sln:gmNazwa>Podegrodzie</sln:gmNazwa><sln:miejscIIPId>3b8410b0-77af-4a54-8423-fd3873665b6e</sln:miejscIIPId><sln:miejscIIPPn>PL.PZGIK.200</sln:miejscIIPPn><sln:miejscIIPWersja>2016-11-24T13:54:14+02:00</sln:miejscIIPWersja><sln:miejscIdTeryt>0460374</sln:miejscIdTeryt><sln:miejscNazwa>Wardężyny</sln:miejscNazwa><sln:miejscRodzaj>Inny obiekt</sln:miejscRodzaj><sln:powIIPId>27013993-b504-487f-aca8-9f17768d81b4</sln:powIIPId><sln:powIIPPn>PL.PZGIK.200</sln:powIIPPn><sln:powIIPWersja>2017-10-10T00:00:00+02:00</sln:powIIPWersja><sln:powIdTeryt>1210</sln:powIdTeryt><sln:powNazwa>nowosądecki</sln:powNazwa><sln:wojIIPId>dd2e3c64-f861-47cf-a3a3-e7751f272b2f</sln:wojIIPId><sln:wojIIPPn>PL.PZGIK.200</sln:wojIIPPn><sln:wojIIPWersja>2017-10-10T00:00:00+02:00</sln:wojIIPWersja><sln:wojIdTeryt>12</sln:wojIdTeryt><sln:wojNazwa>małopolskie</sln:wojNazwa></sln:miejscowosc><sln:miejscowosc><sln:cyklZyciaOd>2014-12-07T00:00:00+01:00</sln:cyklZyciaOd><sln:gmIIPId>ab8491c7-27ac-4e82-b92e-994a6c8ffc3c</sln:gmIIPId><sln:gmIIPPn>PL.PZGIK.200</sln:gmIIPPn><sln:gmIIPWersja>2012-09-26T22:10:24+02:00</sln:gmIIPWersja><sln:gmIdTeryt>1210142</sln:gmIdTeryt><sln:gmNazwa>Podegrodzie</sln:gmNazwa><sln:miejscIIPId>5271a28a-9517-48c4-ac2e-bb6a08d70733</sln:miejscIIPId><sln:miejscIIPPn>PL.PZGIK.200</sln:miejscIIPPn><sln:miejscIIPWersja>2016-11-24T13:59:00+02:00</sln:miejscIIPWersja><sln:miejscIdTeryt>0460888</sln:miejscIdTeryt><sln:miejscNazwa>Niżny Las</sln:miejscNazwa><sln:miejscRodzaj>Inny obiekt</sln:miejscRodzaj><sln:powIIPId>27013993-b504-487f-aca8-9f17768d81b4</sln:powIIPId><sln:powIIPPn>PL.PZGIK.200</sln:powIIPPn><sln:powIIPWersja>2017-10-10T00:00:00+02:00</sln:powIIPWersja><sln:powIdTeryt>1210</sln:powIdTeryt><sln:powNazwa>nowosądecki</sln:powNazwa><sln:wojIIPId>dd2e3c64-f861-47cf-a3a3-e7751f272b2f</sln:wojIIPId><sln:wojIIPPn>PL.PZGIK.200</sln:wojIIPPn><sln:wojIIPWersja>2017-10-10T00:00:00+02:00</sln:wojIIPWersja><sln:wojIdTeryt>12</sln:wojIdTeryt><sln:wojNazwa>małopolskie</sln:wojNazwa></sln:miejscowosc><sln:miejscowosc><sln:cyklZyciaOd>2014-12-07T00:00:00+01:00</sln:cyklZyciaOd><sln:gmIIPId>ab8491c7-27ac-4e82-b92e-994a6c8ffc3c</sln:gmIIPId><sln:gmIIPPn>PL.PZGIK.200</sln:gmIIPPn><sln:gmIIPWersja>2012-09-26T22:10:24+02:00</sln:gmIIPWersja><sln:gmIdTeryt>1210142</sln:gmIdTeryt><sln:gmNazwa>Podegrodzie</sln:gmNazwa><sln:miejscIIPId>092b9571-1fb9-4427-abb7-0fb3f3f21dea</sln:miejscIIPId><sln:miejscIIPPn>PL.PZGIK.200</sln:miejscIIPPn><sln:miejscIIPWersja>2016-11-24T13:54:14+02:00</sln:miejscIIPWersja><sln:miejscIdTeryt>0460345</sln:miejscIdTeryt><sln:miejscNazwa>Poświątne</sln:miejscNazwa><sln:miejscRodzaj>Inny obiekt</sln:miejscRodzaj><sln:powIIPId>27013993-b504-487f-aca8-9f17768d81b4</sln:powIIPId><sln:powIIPPn>PL.PZGIK.200</sln:powIIPPn><sln:powIIPWersja>2017-10-10T00:00:00+02:00</sln:powIIPWersja><sln:powIdTeryt>1210</sln:powIdTeryt><sln:powNazwa>nowosądecki</sln:powNazwa><sln:wojIIPId>dd2e3c64-f861-47cf-a3a3-e7751f272b2f</sln:wojIIPId><sln:wojIIPPn>PL.PZGIK.200</sln:wojIIPPn><sln:wojIIPWersja>2017-10-10T00:00:00+02:00</sln:wojIIPWersja><sln:wojIdTeryt>12</sln:wojIdTeryt><sln:wojNazwa>małopolskie</sln:wojNazwa></sln:miejscowosc><sln:miejscowosc><sln:cyklZyciaOd>2014-12-07T00:00:00+01:00</sln:cyklZyciaOd><sln:gmIIPId>ab8491c7-27ac-4e82-b92e-994a6c8ffc3c</sln:gmIIPId><sln:gmIIPPn>PL.PZGIK.200</sln:gmIIPPn><sln:gmIIPWersja>2012-09-26T22:10:24+02:00</sln:gmIIPWersja><sln:gmIdTeryt>1210142</sln:gmIdTeryt><sln:gmNazwa>Podegrodzie</sln:gmNazwa><sln:miejscIIPId>4b57cd5d-4813-42ed-88e9-bbc7de7534a4</sln:miejscIIPId><sln:miejscIIPPn>PL.PZGIK.200</sln:miejscIIPPn><sln:miejscIIPWersja>2016-11-24T13:54:14+02:00</sln:miejscIIPWersja><sln:miejscIdTeryt>0460300</sln:miejscIdTeryt><sln:miejscNazwa>Łączki</sln:miejscNazwa><sln:miejscRodzaj>Inny obiekt</sln:miejscRodzaj><sln:powIIPId>27013993-b504-487f-aca8-9f17768d81b4</sln:powIIPId><sln:powIIPPn>PL.PZGIK.200</sln:powIIPPn><sln:powIIPWersja>2017-10-10T00:00:00+02:00</sln:powIIPWersja><sln:powIdTeryt>1210</sln:powIdTeryt><sln:powNazwa>nowosądecki</sln:powNazwa><sln:wojIIPId>dd2e3c64-f861-47cf-a3a3-e7751f272b2f</sln:wojIIPId><sln:wojIIPPn>PL.PZGIK.200</sln:wojIIPPn><sln:wojIIPWersja>2017-10-10T00:00:00+02:00</sln:wojIIPWersja><sln:wojIdTeryt>12</sln:wojIdTeryt><sln:wojNazwa>małopolskie</sln:wojNazwa></sln:miejscowosc><sln:miejscowosc><sln:cyklZyciaOd>2014-12-07T00:00:00+01:00</sln:cyklZyciaOd><sln:gmIIPId>ab8491c7-27ac-4e82-b92e-994a6c8ffc3c</sln:gmIIPId><sln:gmIIPPn>PL.PZGIK.200</sln:gmIIPPn><sln:gmIIPWersja>2012-09-26T22:10:24+02:00</sln:gmIIPWersja><sln:gmIdTeryt>1210142</sln:gmIdTeryt><sln:gmNazwa>Podegrodzie</sln:gmNazwa><sln:miejscIIPId>b719e506-2ad5-4459-8e5a-551215742a11</sln:miejscIIPId><sln:miejscIIPPn>PL.PZGIK.200</sln:miejscIIPPn><sln:miejscIIPWersja>2016-11-24T13:44:52+02:00</sln:miejscIIPWersja><sln:miejscIdTeryt>0461037</sln:miejscIdTeryt><sln:miejscNazwa>Pędzicha</sln:miejscNazwa><sln:miejscRodzaj>Inny obiekt</sln:miejscRodzaj><sln:powIIPId>27013993-b504-487f-aca8-9f17768d81b4</sln:powIIPId><sln:powIIPPn>PL.PZGIK.200</sln:powIIPPn><sln:powIIPWersja>2017-10-10T00:00:00+02:00</sln:powIIPWersja><sln:powIdTeryt>1210</sln:powIdTeryt><sln:powNazwa>nowosądecki</sln:powNazwa><sln:wojIIPId>dd2e3c64-f861-47cf-a3a3-e7751f272b2f</sln:wojIIPId><sln:wojIIPPn>PL.PZGIK.200</sln:wojIIPPn><sln:wojIIPWersja>2017-10-10T00:00:00+02:00</sln:wojIIPWersja><sln:wojIdTeryt>12</sln:wojIdTeryt><sln:wojNazwa>małopolskie</sln:wojNazwa></sln:miejscowosc><sln:miejscowosc><sln:cyklZyciaOd>2014-12-07T00:00:00+01:00</sln:cyklZyciaOd><sln:gmIIPId>ab8491c7-27ac-4e82-b92e-994a6c8ffc3c</sln:gmIIPId><sln:gmIIPPn>PL.PZGIK.200</sln:gmIIPPn><sln:gmIIPWersja>2012-09-26T22:10:24+02:00</sln:gmIIPWersja><sln:gmIdTeryt>1210142</sln:gmIdTeryt><sln:gmNazwa>Podegrodzie</sln:gmNazwa><sln:miejscIIPId>b93791e0-d8a5-45df-bdd0-1a4ce0513aa3</sln:miejscIIPId><sln:miejscIIPPn>PL.PZGIK.200</sln:miejscIIPPn><sln:miejscIIPWersja>2016-11-24T13:59:18+02:00</sln:miejscIIPWersja><sln:miejscIdTeryt>0459945</sln:miejscIdTeryt><sln:miejscNazwa>Górny Litacz</sln:miejscNazwa><sln:miejscRodzaj>Inny obiekt</sln:miejscRodzaj><sln:powIIPId>27013993-b504-487f-aca8-9f17768d81b4</sln:powIIPId><sln:powIIPPn>PL.PZGIK.200</sln:powIIPPn><sln:powIIPWersja>2017-10-10T00:00:00+02:00</sln:powIIPWersja><sln:powIdTeryt>1210</sln:powIdTeryt><sln:powNazwa>nowosądecki</sln:powNazwa><sln:wojIIPId>dd2e3c64-f861-47cf-a3a3-e7751f272b2f</sln:wojIIPId><sln:wojIIPPn>PL.PZGIK.200</sln:wojIIPPn><sln:wojIIPWersja>2017-10-10T00:00:00+02:00</sln:wojIIPWersja><sln:wojIdTeryt>12</sln:wojIdTeryt><sln:wojNazwa>małopolskie</sln:wojNazwa></sln:miejscowosc><sln:miejscowosc><sln:cyklZyciaOd>2014-12-07T00:00:00+01:00</sln:cyklZyciaOd><sln:gmIIPId>ab8491c7-27ac-4e82-b92e-994a6c8ffc3c</sln:gmIIPId><sln:gmIIPPn>PL.PZGIK.200</sln:gmIIPPn><sln:gmIIPWersja>2012-09-26T22:10:24+02:00</sln:gmIIPWersja><sln:gmIdTeryt>1210142</sln:gmIdTeryt><sln:gmNazwa>Podegrodzie</sln:gmNazwa><sln:miejscIIPId>7f5e925c-0f03-4c6e-8b8a-0987b793eca6</sln:miejscIIPId><sln:miejscIIPPn>PL.PZGIK.200</sln:miejscIIPPn><sln:miejscIIPWersja>2016-11-24T13:46:00+02:00</sln:miejscIIPWersja><sln:miejscIdTeryt>0459951</sln:miejscIdTeryt><sln:miejscNazwa>Jedlane</sln:miejscNazwa><sln:miejscRodzaj>Inny obiekt</sln:miejscRodzaj><sln:powIIPId>27013993-b504-487f-aca8-9f17768d81b4</sln:powIIPId><sln:powIIPPn>PL.PZGIK.200</sln:powIIPPn><sln:powIIPWersja>2017-10-10T00:00:00+02:00</sln:powIIPWersja><sln:powIdTeryt>1210</sln:powIdTeryt><sln:powNazwa>nowosądecki</sln:powNazwa><sln:wojIIPId>dd2e3c64-f861-47cf-a3a3-e7751f272b2f</sln:wojIIPId><sln:wojIIPPn>PL.PZGIK.200</sln:wojIIPPn><sln:wojIIPWersja>2017-10-10T00:00:00+02:00</sln:wojIIPWersja><sln:wojIdTeryt>12</sln:wojIdTeryt><sln:wojNazwa>małopolskie</sln:wojNazwa></sln:miejscowosc><sln:miejscowosc><sln:cyklZyciaOd>2014-12-07T00:00:00+01:00</sln:cyklZyciaOd><sln:gmIIPId>ab8491c7-27ac-4e82-b92e-994a6c8ffc3c</sln:gmIIPId><sln:gmIIPPn>PL.PZGIK.200</sln:gmIIPPn><sln:gmIIPWersja>2012-09-26T22:10:24+02:00</sln:gmIIPWersja><sln:gmIdTeryt>1210142</sln:gmIdTeryt><sln:gmNazwa>Podegrodzie</sln:gmNazwa><sln:miejscIIPId>a1a9c6d2-d8b3-40f7-b91a-d84d25568db1</sln:miejscIIPId><sln:miejscIIPPn>PL.PZGIK.200</sln:miejscIIPPn><sln:miejscIIPWersja>2016-11-24T13:46:00+02:00</sln:miejscIIPWersja><sln:miejscIdTeryt>0460026</sln:miejscIdTeryt><sln:miejscNazwa>Prusówka</sln:miejscNazwa><sln:miejscRodzaj>Inny obiekt</sln:miejscRodzaj><sln:powIIPId>27013993-b504-487f-aca8-9f17768d81b4</sln:powIIPId><sln:powIIPPn>PL.PZGIK.200</sln:powIIPPn><sln:powIIPWersja>2017-10-10T00:00:00+02:00</sln:powIIPWersja><sln:powIdTeryt>1210</sln:powIdTeryt><sln:powNazwa>nowosądecki</sln:powNazwa><sln:wojIIPId>dd2e3c64-f861-47cf-a3a3-e7751f272b2f</sln:wojIIPId><sln:wojIIPPn>PL.PZGIK.200</sln:wojIIPPn><sln:wojIIPWersja>2017-10-10T00:00:00+02:00</sln:wojIIPWersja><sln:wojIdTeryt>12</sln:wojIdTeryt><sln:wojNazwa>małopolskie</sln:wojNazwa></sln:miejscowosc><sln:miejscowosc><sln:cyklZyciaOd>2014-12-07T00:00:00+01:00</sln:cyklZyciaOd><sln:gmIIPId>ab8491c7-27ac-4e82-b92e-994a6c8ffc3c</sln:gmIIPId><sln:gmIIPPn>PL.PZGIK.200</sln:gmIIPPn><sln:gmIIPWersja>2012-09-26T22:10:24+02:00</sln:gmIIPWersja><sln:gmIdTeryt>1210142</sln:gmIdTeryt><sln:gmNazwa>Podegrodzie</sln:gmNazwa><sln:miejscIIPId>264e33f9-91ac-4805-abe5-7df2705b020e</sln:miejscIIPId><sln:miejscIIPPn>PL.PZGIK.200</sln:miejscIIPPn><sln:miejscIIPWersja>2016-11-24T13:46:00+02:00</sln:miejscIIPWersja><sln:miejscIdTeryt>0459974</sln:miejscIdTeryt><sln:miejscNazwa>Niżny Litacz</sln:miejscNazwa><sln:miejscRodzaj>Inny obiekt</sln:miejscRodzaj><sln:powIIPId>27013993-b504-487f-aca8-9f17768d81b4</sln:powIIPId><sln:powIIPPn>PL.PZGIK.200</sln:powIIPPn><sln:powIIPWersja>2017-10-10T00:00:00+02:00</sln:powIIPWersja><sln:powIdTeryt>1210</sln:powIdTeryt><sln:powNazwa>nowosądecki</sln:powNazwa><sln:wojIIPId>dd2e3c64-f861-47cf-a3a3-e7751f272b2f</sln:wojIIPId><sln:wojIIPPn>PL.PZGIK.200</sln:wojIIPPn><sln:wojIIPWersja>2017-10-10T00:00:00+02:00</sln:wojIIPWersja><sln:wojIdTeryt>12</sln:wojIdTeryt><sln:wojNazwa>małopolskie</sln:wojNazwa></sln:miejscowosc><sln:miejscowosc><sln:cyklZyciaOd>2014-12-07T00:00:00+01:00</sln:cyklZyciaOd><sln:gmIIPId>ab8491c7-27ac-4e82-b92e-994a6c8ffc3c</sln:gmIIPId><sln:gmIIPPn>PL.PZGIK.200</sln:gmIIPPn><sln:gmIIPWersja>2012-09-26T22:10:24+02:00</sln:gmIIPWersja><sln:gmIdTeryt>1210142</sln:gmIdTeryt><sln:gmNazwa>Podegrodzie</sln:gmNazwa><sln:miejscIIPId>0eba9d0f-f633-4e69-825f-bbe9ace9b59c</sln:miejscIIPId><sln:miejscIIPPn>PL.PZGIK.200</sln:miejscIIPPn><sln:miejscIIPWersja>2016-11-24T13:46:12+02:00</sln:miejscIIPWersja><sln:miejscIdTeryt>0461155</sln:miejscIdTeryt><sln:miejscNazwa>Pod Rogami</sln:miejscNazwa><sln:miejscRodzaj>Inny obiekt</sln:miejscRodzaj><sln:powIIPId>27013993-b504-487f-aca8-9f17768d81b4</sln:powIIPId><sln:powIIPPn>PL.PZGIK.200</sln:powIIPPn><sln:powIIPWersja>2017-10-10T00:00:00+02:00</sln:powIIPWersja><sln:powIdTeryt>1210</sln:powIdTeryt><sln:powNazwa>nowosądecki</sln:powNazwa><sln:wojIIPId>dd2e3c64-f861-47cf-a3a3-e7751f272b2f</sln:wojIIPId><sln:wojIIPPn>PL.PZGIK.200</sln:wojIIPPn><sln:wojIIPWersja>2017-10-10T00:00:00+02:00</sln:wojIIPWersja><sln:wojIdTeryt>12</sln:wojIdTeryt><sln:wojNazwa>małopolskie</sln:wojNazwa></sln:miejscowosc><sln:miejscowosc><sln:cyklZyciaOd>2014-12-07T00:00:00+01:00</sln:cyklZyciaOd><sln:gmIIPId>ab8491c7-27ac-4e82-b92e-994a6c8ffc3c</sln:gmIIPId><sln:gmIIPPn>PL.PZGIK.200</sln:gmIIPPn><sln:gmIIPWersja>2012-09-26T22:10:24+02:00</sln:gmIIPWersja><sln:gmIdTeryt>1210142</sln:gmIdTeryt><sln:gmNazwa>Podegrodzie</sln:gmNazwa><sln:miejscIIPId>c07f89ab-629c-4271-bc35-c62644ededef</sln:miejscIIPId><sln:miejscIIPPn>PL.PZGIK.200</sln:miejscIIPPn><sln:miejscIIPWersja>2016-11-24T13:28:31+02:00</sln:miejscIIPWersja><sln:miejscIdTeryt>0461103</sln:miejscIdTeryt><sln:miejscNazwa>Podrzecze</sln:miejscNazwa><sln:miejscRodzaj>Wieś</sln:miejscRodzaj><sln:powIIPId>27013993-b504-487f-aca8-9f17768d81b4</sln:powIIPId><sln:powIIPPn>PL.PZGIK.200</sln:powIIPPn><sln:powIIPWersja>2017-10-10T00:00:00+02:00</sln:powIIPWersja><sln:powIdTeryt>1210</sln:powIdTeryt><sln:powNazwa>nowosądecki</sln:powNazwa><sln:wojIIPId>dd2e3c64-f861-47cf-a3a3-e7751f272b2f</sln:wojIIPId><sln:wojIIPPn>PL.PZGIK.200</sln:wojIIPPn><sln:wojIIPWersja>2017-10-10T00:00:00+02:00</sln:wojIIPWersja><sln:wojIdTeryt>12</sln:wojIdTeryt><sln:wojNazwa>małopolskie</sln:wojNazwa></sln:miejscowosc><sln:miejscowosc><sln:cyklZyciaOd>2014-12-07T00:00:00+01:00</sln:cyklZyciaOd><sln:gmIIPId>ab8491c7-27ac-4e82-b92e-994a6c8ffc3c</sln:gmIIPId><sln:gmIIPPn>PL.PZGIK.200</sln:gmIIPPn><sln:gmIIPWersja>2012-09-26T22:10:24+02:00</sln:gmIIPWersja><sln:gmIdTeryt>1210142</sln:gmIdTeryt><sln:gmNazwa>Podegrodzie</sln:gmNazwa><sln:miejscIIPId>ba4abc7d-e022-4963-bf6a-8e9a44c20ab3</sln:miejscIIPId><sln:miejscIIPPn>PL.PZGIK.200</sln:miejscIIPPn><sln:miejscIIPWersja>2016-11-24T13:59:00+02:00</sln:miejscIIPWersja><sln:miejscIdTeryt>0460799</sln:miejscIdTeryt><sln:miejscNazwa>Budzyń</sln:miejscNazwa><sln:miejscRodzaj>Inny obiekt</sln:miejscRodzaj><sln:powIIPId>27013993-b504-487f-aca8-9f17768d81b4</sln:powIIPId><sln:powIIPPn>PL.PZGIK.200</sln:powIIPPn><sln:powIIPWersja>2017-10-10T00:00:00+02:00</sln:powIIPWersja><sln:powIdTeryt>1210</sln:powIdTeryt><sln:powNazwa>nowosądecki</sln:powNazwa><sln:wojIIPId>dd2e3c64-f861-47cf-a3a3-e7751f272b2f</sln:wojIIPId><sln:wojIIPPn>PL.PZGIK.200</sln:wojIIPPn><sln:wojIIPWersja>2017-10-10T00:00:00+02:00</sln:wojIIPWersja><sln:wojIdTeryt>12</sln:wojIdTeryt><sln:wojNazwa>małopolskie</sln:wojNazwa></sln:miejscowosc><sln:miejscowosc><sln:cyklZyciaOd>2014-12-07T00:00:00+01:00</sln:cyklZyciaOd><sln:gmIIPId>ab8491c7-27ac-4e82-b92e-994a6c8ffc3c</sln:gmIIPId><sln:gmIIPPn>PL.PZGIK.200</sln:gmIIPPn><sln:gmIIPWersja>2012-09-26T22:10:24+02:00</sln:gmIIPWersja><sln:gmIdTeryt>1210142</sln:gmIdTeryt><sln:gmNazwa>Podegrodzie</sln:gmNazwa><sln:miejscIIPId>5fa57c15-48b4-4c02-aa90-4042ab29393d</sln:miejscIIPId><sln:miejscIIPPn>PL.PZGIK.200</sln:miejscIIPPn><sln:miejscIIPWersja>2016-11-24T13:58:07+02:00</sln:miejscIIPWersja><sln:miejscIdTeryt>0460500</sln:miejscIdTeryt><sln:miejscNazwa>Krzyże</sln:miejscNazwa><sln:miejscRodzaj>Inny obiekt</sln:miejscRodzaj><sln:powIIPId>27013993-b504-487f-aca8-9f17768d81b4</sln:powIIPId><sln:powIIPPn>PL.PZGIK.200</sln:powIIPPn><sln:powIIPWersja>2017-10-10T00:00:00+02:00</sln:powIIPWersja><sln:powIdTeryt>1210</sln:powIdTeryt><sln:powNazwa>nowosądecki</sln:powNazwa><sln:wojIIPId>dd2e3c64-f861-47cf-a3a3-e7751f272b2f</sln:wojIIPId><sln:wojIIPPn>PL.PZGIK.200</sln:wojIIPPn><sln:wojIIPWersja>2017-10-10T00:00:00+02:00</sln:wojIIPWersja><sln:wojIdTeryt>12</sln:wojIdTeryt><sln:wojNazwa>małopolskie</sln:wojNazwa></sln:miejscowosc><sln:miejscowosc><sln:cyklZyciaOd>2014-12-07T00:00:00+01:00</sln:cyklZyciaOd><sln:gmIIPId>ab8491c7-27ac-4e82-b92e-994a6c8ffc3c</sln:gmIIPId><sln:gmIIPPn>PL.PZGIK.200</sln:gmIIPPn><sln:gmIIPWersja>2012-09-26T22:10:24+02:00</sln:gmIIPWersja><sln:gmIdTeryt>1210142</sln:gmIdTeryt><sln:gmNazwa>Podegrodzie</sln:gmNazwa><sln:miejscIIPId>6bdc4ca0-7f2f-498c-92b1-6312e25bc2ac</sln:miejscIIPId><sln:miejscIIPPn>PL.PZGIK.200</sln:miejscIIPPn><sln:miejscIIPWersja>2016-11-24T13:54:14+02:00</sln:miejscIIPWersja><sln:miejscIdTeryt>0460262</sln:miejscIdTeryt><sln:miejscNazwa>Jedlane</sln:miejscNazwa><sln:miejscRodzaj>Inny obiekt</sln:miejscRodzaj><sln:powIIPId>27013993-b504-487f-aca8-9f17768d81b4</sln:powIIPId><sln:powIIPPn>PL.PZGIK.200</sln:powIIPPn><sln:powIIPWersja>2017-10-10T00:00:00+02:00</sln:powIIPWersja><sln:powIdTeryt>1210</sln:powIdTeryt><sln:powNazwa>nowosądecki</sln:powNazwa><sln:wojIIPId>dd2e3c64-f861-47cf-a3a3-e7751f272b2f</sln:wojIIPId><sln:wojIIPPn>PL.PZGIK.200</sln:wojIIPPn><sln:wojIIPWersja>2017-10-10T00:00:00+02:00</sln:wojIIPWersja><sln:wojIdTeryt>12</sln:wojIdTeryt><sln:wojNazwa>małopolskie</sln:wojNazwa></sln:miejscowosc><sln:miejscowosc><sln:cyklZyciaOd>2014-12-07T00:00:00+01:00</sln:cyklZyciaOd><sln:gmIIPId>ab8491c7-27ac-4e82-b92e-994a6c8ffc3c</sln:gmIIPId><sln:gmIIPPn>PL.PZGIK.200</sln:gmIIPPn><sln:gmIIPWersja>2012-09-26T22:10:24+02:00</sln:gmIIPWersja><sln:gmIdTeryt>1210142</sln:gmIdTeryt><sln:gmNazwa>Podegrodzie</sln:gmNazwa><sln:miejscIIPId>75a0ebc4-dc16-46a9-9a79-7f94a3ddfbd3</sln:miejscIIPId><sln:miejscIIPPn>PL.PZGIK.200</sln:miejscIIPPn><sln:miejscIIPWersja>2016-11-24T13:59:00+02:00</sln:miejscIIPWersja><sln:miejscIdTeryt>0460902</sln:miejscIdTeryt><sln:miejscNazwa>Podglinka</sln:miejscNazwa><sln:miejscRodzaj>Inny obiekt</sln:miejscRodzaj><sln:powIIPId>27013993-b504-487f-aca8-9f17768d81b4</sln:powIIPId><sln:powIIPPn>PL.PZGIK.200</sln:powIIPPn><sln:powIIPWersja>2017-10-10T00:00:00+02:00</sln:powIIPWersja><sln:powIdTeryt>1210</sln:powIdTeryt><sln:powNazwa>nowosądecki</sln:powNazwa><sln:wojIIPId>dd2e3c64-f861-47cf-a3a3-e7751f272b2f</sln:wojIIPId><sln:wojIIPPn>PL.PZGIK.200</sln:wojIIPPn><sln:wojIIPWersja>2017-10-10T00:00:00+02:00</sln:wojIIPWersja><sln:wojIdTeryt>12</sln:wojIdTeryt><sln:wojNazwa>małopolskie</sln:wojNazwa></sln:miejscowosc><sln:miejscowosc><sln:cyklZyciaOd>2014-12-07T00:00:00+01:00</sln:cyklZyciaOd><sln:gmIIPId>ab8491c7-27ac-4e82-b92e-994a6c8ffc3c</sln:gmIIPId><sln:gmIIPPn>PL.PZGIK.200</sln:gmIIPPn><sln:gmIIPWersja>2012-09-26T22:10:24+02:00</sln:gmIIPWersja><sln:gmIdTeryt>1210142</sln:gmIdTeryt><sln:gmNazwa>Podegrodzie</sln:gmNazwa><sln:miejscIIPId>2bef4b35-1314-4b18-8069-9bee05ff7b70</sln:miejscIIPId><sln:miejscIIPPn>PL.PZGIK.200</sln:miejscIIPPn><sln:miejscIIPWersja>2016-11-24T13:47:24+02:00</sln:miejscIIPWersja><sln:miejscIdTeryt>0461221</sln:miejscIdTeryt><sln:miejscNazwa>Wyglanowice</sln:miejscNazwa><sln:miejscRodzaj>Inny obiekt</sln:miejscRodzaj><sln:powIIPId>27013993-b504-487f-aca8-9f17768d81b4</sln:powIIPId><sln:powIIPPn>PL.PZGIK.200</sln:powIIPPn><sln:powIIPWersja>2017-10-10T00:00:00+02:00</sln:powIIPWersja><sln:powIdTeryt>1210</sln:powIdTeryt><sln:powNazwa>nowosądecki</sln:powNazwa><sln:wojIIPId>dd2e3c64-f861-47cf-a3a3-e7751f272b2f</sln:wojIIPId><sln:wojIIPPn>PL.PZGIK.200</sln:wojIIPPn><sln:wojIIPWersja>2017-10-10T00:00:00+02:00</sln:wojIIPWersja><sln:wojIdTeryt>12</sln:wojIdTeryt><sln:wojNazwa>małopolskie</sln:wojNazwa></sln:miejscowosc><sln:miejscowosc><sln:cyklZyciaOd>2014-12-07T00:00:00+01:00</sln:cyklZyciaOd><sln:gmIIPId>ab8491c7-27ac-4e82-b92e-994a6c8ffc3c</sln:gmIIPId><sln:gmIIPPn>PL.PZGIK.200</sln:gmIIPPn><sln:gmIIPWersja>2012-09-26T22:10:24+02:00</sln:gmIIPWersja><sln:gmIdTeryt>1210142</sln:gmIdTeryt><sln:gmNazwa>Podegrodzie</sln:gmNazwa><sln:miejscIIPId>2fd0514e-eabb-43e1-b1e2-5f843756c2da</sln:miejscIIPId><sln:miejscIIPPn>PL.PZGIK.200</sln:miejscIIPPn><sln:miejscIIPWersja>2016-11-24T13:59:00+02:00</sln:miejscIIPWersja><sln:miejscIdTeryt>0460701</sln:miejscIdTeryt><sln:miejscNazwa>Dworskie</sln:miejscNazwa><sln:miejscRodzaj>Inny obiekt</sln:miejscRodzaj><sln:powIIPId>27013993-b504-487f-aca8-9f17768d81b4</sln:powIIPId><sln:powIIPPn>PL.PZGIK.200</sln:powIIPPn><sln:powIIPWersja>2017-10-10T00:00:00+02:00</sln:powIIPWersja><sln:powIdTeryt>1210</sln:powIdTeryt><sln:powNazwa>nowosądecki</sln:powNazwa><sln:wojIIPId>dd2e3c64-f861-47cf-a3a3-e7751f272b2f</sln:wojIIPId><sln:wojIIPPn>PL.PZGIK.200</sln:wojIIPPn><sln:wojIIPWersja>2017-10-10T00:00:00+02:00</sln:wojIIPWersja><sln:wojIdTeryt>12</sln:wojIdTeryt><sln:wojNazwa>małopolskie</sln:wojNazwa></sln:miejscowosc><sln:miejscowosc><sln:cyklZyciaOd>2014-12-07T00:00:00+01:00</sln:cyklZyciaOd><sln:gmIIPId>ab8491c7-27ac-4e82-b92e-994a6c8ffc3c</sln:gmIIPId><sln:gmIIPPn>PL.PZGIK.200</sln:gmIIPPn><sln:gmIIPWersja>2012-09-26T22:10:24+02:00</sln:gmIIPWersja><sln:gmIdTeryt>1210142</sln:gmIdTeryt><sln:gmNazwa>Podegrodzie</sln:gmNazwa><sln:miejscIIPId>708d651b-5723-4916-937a-a670143cc42b</sln:miejscIIPId><sln:miejscIIPPn>PL.PZGIK.200</sln:miejscIIPPn><sln:miejscIIPWersja>2016-11-24T13:59:00+02:00</sln:miejscIIPWersja><sln:miejscIdTeryt>0460813</sln:miejscIdTeryt><sln:miejscNazwa>Świercze</sln:miejscNazwa><sln:miejscRodzaj>Inny obiekt</sln:miejscRodzaj><sln:powIIPId>27013993-b504-487f-aca8-9f17768d81b4</sln:powIIPId><sln:powIIPPn>PL.PZGIK.200</sln:powIIPPn><sln:powIIPWersja>2017-10-10T00:00:00+02:00</sln:powIIPWersja><sln:powIdTeryt>1210</sln:powIdTeryt><sln:powNazwa>nowosądecki</sln:powNazwa><sln:wojIIPId>dd2e3c64-f861-47cf-a3a3-e7751f272b2f</sln:wojIIPId><sln:wojIIPPn>PL.PZGIK.200</sln:wojIIPPn><sln:wojIIPWersja>2017-10-10T00:00:00+02:00</sln:wojIIPWersja><sln:wojIdTeryt>12</sln:wojIdTeryt><sln:wojNazwa>małopolskie</sln:wojNazwa></sln:miejscowosc><sln:miejscowosc><sln:cyklZyciaOd>2014-12-07T00:00:00+01:00</sln:cyklZyciaOd><sln:gmIIPId>ab8491c7-27ac-4e82-b92e-994a6c8ffc3c</sln:gmIIPId><sln:gmIIPPn>PL.PZGIK.200</sln:gmIIPPn><sln:gmIIPWersja>2012-09-26T22:10:24+02:00</sln:gmIIPWersja><sln:gmIdTeryt>1210142</sln:gmIdTeryt><sln:gmNazwa>Podegrodzie</sln:gmNazwa><sln:miejscIIPId>04fb0982-1a3d-4fd0-a971-09c1b84ef73f</sln:miejscIIPId><sln:miejscIIPPn>PL.PZGIK.200</sln:miejscIIPPn><sln:miejscIIPWersja>2016-11-24T13:46:00+02:00</sln:miejscIIPWersja><sln:miejscIdTeryt>0459916</sln:miejscIdTeryt><sln:miejscNazwa>Brzezna-Litacz</sln:miejscNazwa><sln:miejscRodzaj>Inny obiekt</sln:miejscRodzaj><sln:powIIPId>27013993-b504-487f-aca8-9f17768d81b4</sln:powIIPId><sln:powIIPPn>PL.PZGIK.200</sln:powIIPPn><sln:powIIPWersja>2017-10-10T00:00:00+02:00</sln:powIIPWersja><sln:powIdTeryt>1210</sln:powIdTeryt><sln:powNazwa>nowosądecki</sln:powNazwa><sln:wojIIPId>dd2e3c64-f861-47cf-a3a3-e7751f272b2f</sln:wojIIPId><sln:wojIIPPn>PL.PZGIK.200</sln:wojIIPPn><sln:wojIIPWersja>2017-10-10T00:00:00+02:00</sln:wojIIPWersja><sln:wojIdTeryt>12</sln:wojIdTeryt><sln:wojNazwa>małopolskie</sln:wojNazwa></sln:miejscowosc><sln:miejscowosc><sln:cyklZyciaOd>2014-12-07T00:00:00+01:00</sln:cyklZyciaOd><sln:gmIIPId>ab8491c7-27ac-4e82-b92e-994a6c8ffc3c</sln:gmIIPId><sln:gmIIPPn>PL.PZGIK.200</sln:gmIIPPn><sln:gmIIPWersja>2012-09-26T22:10:24+02:00</sln:gmIIPWersja><sln:gmIdTeryt>1210142</sln:gmIdTeryt><sln:gmNazwa>Podegrodzie</sln:gmNazwa><sln:miejscIIPId>9161d936-0e84-4107-bd46-cac6d6faedcb</sln:miejscIIPId><sln:miejscIIPPn>PL.PZGIK.200</sln:miejscIIPPn><sln:miejscIIPWersja>2016-11-24T13:44:52+02:00</sln:miejscIIPWersja><sln:miejscIdTeryt>0460948</sln:miejscIdTeryt><sln:miejscNazwa>Buczkówka</sln:miejscNazwa><sln:miejscRodzaj>Inny obiekt</sln:miejscRodzaj><sln:powIIPId>27013993-b504-487f-aca8-9f17768d81b4</sln:powIIPId><sln:powIIPPn>PL.PZGIK.200</sln:powIIPPn><sln:powIIPWersja>2017-10-10T00:00:00+02:00</sln:powIIPWersja><sln:powIdTeryt>1210</sln:powIdTeryt><sln:powNazwa>nowosądecki</sln:powNazwa><sln:wojIIPId>dd2e3c64-f861-47cf-a3a3-e7751f272b2f</sln:wojIIPId><sln:wojIIPPn>PL.PZGIK.200</sln:wojIIPPn><sln:wojIIPWersja>2017-10-10T00:00:00+02:00</sln:wojIIPWersja><sln:wojIdTeryt>12</sln:wojIdTeryt><sln:wojNazwa>małopolskie</sln:wojNazwa></sln:miejscowosc><sln:miejscowosc><sln:cyklZyciaOd>2014-12-07T00:00:00+01:00</sln:cyklZyciaOd><sln:gmIIPId>ab8491c7-27ac-4e82-b92e-994a6c8ffc3c</sln:gmIIPId><sln:gmIIPPn>PL.PZGIK.200</sln:gmIIPPn><sln:gmIIPWersja>2012-09-26T22:10:24+02:00</sln:gmIIPWersja><sln:gmIdTeryt>1210142</sln:gmIdTeryt><sln:gmNazwa>Podegrodzie</sln:gmNazwa><sln:miejscIIPId>993e0ab5-a6a6-4d07-b381-024f321694a2</sln:miejscIIPId><sln:miejscIIPPn>PL.PZGIK.200</sln:miejscIIPPn><sln:miejscIIPWersja>2016-11-24T13:52:32+02:00</sln:miejscIIPWersja><sln:miejscIdTeryt>0460121</sln:miejscIdTeryt><sln:miejscNazwa>Brzeziny</sln:miejscNazwa><sln:miejscRodzaj>Inny obiekt</sln:miejscRodzaj><sln:powIIPId>27013993-b504-487f-aca8-9f17768d81b4</sln:powIIPId><sln:powIIPPn>PL.PZGIK.200</sln:powIIPPn><sln:powIIPWersja>2017-10-10T00:00:00+02:00</sln:powIIPWersja><sln:powIdTeryt>1210</sln:powIdTeryt><sln:powNazwa>nowosądecki</sln:powNazwa><sln:wojIIPId>dd2e3c64-f861-47cf-a3a3-e7751f272b2f</sln:wojIIPId><sln:wojIIPPn>PL.PZGIK.200</sln:wojIIPPn><sln:wojIIPWersja>2017-10-10T00:00:00+02:00</sln:wojIIPWersja><sln:wojIdTeryt>12</sln:wojIdTeryt><sln:wojNazwa>małopolskie</sln:wojNazwa></sln:miejscowosc><sln:miejscowosc><sln:cyklZyciaOd>2014-12-07T00:00:00+01:00</sln:cyklZyciaOd><sln:gmIIPId>ab8491c7-27ac-4e82-b92e-994a6c8ffc3c</sln:gmIIPId><sln:gmIIPPn>PL.PZGIK.200</sln:gmIIPPn><sln:gmIIPWersja>2012-09-26T22:10:24+02:00</sln:gmIIPWersja><sln:gmIdTeryt>1210142</sln:gmIdTeryt><sln:gmNazwa>Podegrodzie</sln:gmNazwa><sln:miejscIIPId>990e75ee-e3e7-4842-bcf6-078838b3b8d3</sln:miejscIIPId><sln:miejscIIPPn>PL.PZGIK.200</sln:miejscIIPPn><sln:miejscIIPWersja>2016-11-24T13:44:52+02:00</sln:miejscIIPWersja><sln:miejscIdTeryt>0461020</sln:miejscIdTeryt><sln:miejscNazwa>Osieki</sln:miejscNazwa><sln:miejscRodzaj>Inny obiekt</sln:miejscRodzaj><sln:powIIPId>27013993-b504-487f-aca8-9f17768d81b4</sln:powIIPId><sln:powIIPPn>PL.PZGIK.200</sln:powIIPPn><sln:powIIPWersja>2017-10-10T00:00:00+02:00</sln:powIIPWersja><sln:powIdTeryt>1210</sln:powIdTeryt><sln:powNazwa>nowosądecki</sln:powNazwa><sln:wojIIPId>dd2e3c64-f861-47cf-a3a3-e7751f272b2f</sln:wojIIPId><sln:wojIIPPn>PL.PZGIK.200</sln:wojIIPPn><sln:wojIIPWersja>2017-10-10T00:00:00+02:00</sln:wojIIPWersja><sln:wojIdTeryt>12</sln:wojIdTeryt><sln:wojNazwa>małopolskie</sln:wojNazwa></sln:miejscowosc><sln:miejscowosc><sln:cyklZyciaOd>2014-12-07T00:00:00+01:00</sln:cyklZyciaOd><sln:gmIIPId>ab8491c7-27ac-4e82-b92e-994a6c8ffc3c</sln:gmIIPId><sln:gmIIPPn>PL.PZGIK.200</sln:gmIIPPn><sln:gmIIPWersja>2012-09-26T22:10:24+02:00</sln:gmIIPWersja><sln:gmIdTeryt>1210142</sln:gmIdTeryt><sln:gmNazwa>Podegrodzie</sln:gmNazwa><sln:miejscIIPId>e151ccea-c3f8-40da-8fa8-32ebb4f0a3d2</sln:miejscIIPId><sln:miejscIIPPn>PL.PZGIK.200</sln:miejscIIPPn><sln:miejscIIPWersja>2016-11-24T13:52:32+02:00</sln:miejscIIPWersja><sln:miejscIdTeryt>0460204</sln:miejscIdTeryt><sln:miejscNazwa>Sołtystwo</sln:miejscNazwa><sln:miejscRodzaj>Inny obiekt</sln:miejscRodzaj><sln:powIIPId>27013993-b504-487f-aca8-9f17768d81b4</sln:powIIPId><sln:powIIPPn>PL.PZGIK.200</sln:powIIPPn><sln:powIIPWersja>2017-10-10T00:00:00+02:00</sln:powIIPWersja><sln:powIdTeryt>1210</sln:powIdTeryt><sln:powNazwa>nowosądecki</sln:powNazwa><sln:wojIIPId>dd2e3c64-f861-47cf-a3a3-e7751f272b2f</sln:wojIIPId><sln:wojIIPPn>PL.PZGIK.200</sln:wojIIPPn><sln:wojIIPWersja>2017-10-10T00:00:00+02:00</sln:wojIIPWersja><sln:wojIdTeryt>12</sln:wojIdTeryt><sln:wojNazwa>małopolskie</sln:wojNazwa></sln:miejscowosc><sln:miejscowosc><sln:cyklZyciaOd>2014-12-07T00:00:00+01:00</sln:cyklZyciaOd><sln:gmIIPId>ab8491c7-27ac-4e82-b92e-994a6c8ffc3c</sln:gmIIPId><sln:gmIIPPn>PL.PZGIK.200</sln:gmIIPPn><sln:gmIIPWersja>2012-09-26T22:10:24+02:00</sln:gmIIPWersja><sln:gmIdTeryt>1210142</sln:gmIdTeryt><sln:gmNazwa>Podegrodzie</sln:gmNazwa><sln:miejscIIPId>d5c289fe-8c97-4b3d-b7ad-87f3e52215b3</sln:miejscIIPId><sln:miejscIIPPn>PL.PZGIK.200</sln:miejscIIPPn><sln:miejscIIPWersja>2016-11-24T13:52:32+02:00</sln:miejscIIPWersja><sln:miejscIdTeryt>0460196</sln:miejscIdTeryt><sln:miejscNazwa>Rąbacz</sln:miejscNazwa><sln:miejscRodzaj>Inny obiekt</sln:miejscRodzaj><sln:powIIPId>27013993-b504-487f-aca8-9f17768d81b4</sln:powIIPId><sln:powIIPPn>PL.PZGIK.200</sln:powIIPPn><sln:powIIPWersja>2017-10-10T00:00:00+02:00</sln:powIIPWersja><sln:powIdTeryt>1210</sln:powIdTeryt><sln:powNazwa>nowosądecki</sln:powNazwa><sln:wojIIPId>dd2e3c64-f861-47cf-a3a3-e7751f272b2f</sln:wojIIPId><sln:wojIIPPn>PL.PZGIK.200</sln:wojIIPPn><sln:wojIIPWersja>2017-10-10T00:00:00+02:00</sln:wojIIPWersja><sln:wojIdTeryt>12</sln:wojIdTeryt><sln:wojNazwa>małopolskie</sln:wojNazwa></sln:miejscowosc><sln:miejscowosc><sln:cyklZyciaOd>2014-12-07T00:00:00+01:00</sln:cyklZyciaOd><sln:gmIIPId>ab8491c7-27ac-4e82-b92e-994a6c8ffc3c</sln:gmIIPId><sln:gmIIPPn>PL.PZGIK.200</sln:gmIIPPn><sln:gmIIPWersja>2012-09-26T22:10:24+02:00</sln:gmIIPWersja><sln:gmIdTeryt>1210142</sln:gmIdTeryt><sln:gmNazwa>Podegrodzie</sln:gmNazwa><sln:miejscIIPId>3e984283-d8fb-4959-ac11-e621d6f74010</sln:miejscIIPId><sln:miejscIIPPn>PL.PZGIK.200</sln:miejscIIPPn><sln:miejscIIPWersja>2016-11-24T13:44:52+02:00</sln:miejscIIPWersja><sln:miejscIdTeryt>0461095</sln:miejscIdTeryt><sln:miejscNazwa>Osowie</sln:miejscNazwa><sln:miejscRodzaj>Inny obiekt</sln:miejscRodzaj><sln:powIIPId>27013993-b504-487f-aca8-9f17768d81b4</sln:powIIPId><sln:powIIPPn>PL.PZGIK.200</sln:powIIPPn><sln:powIIPWersja>2017-10-10T00:00:00+02:00</sln:powIIPWersja><sln:powIdTeryt>1210</sln:powIdTeryt><sln:powNazwa>nowosądecki</sln:powNazwa><sln:wojIIPId>dd2e3c64-f861-47cf-a3a3-e7751f272b2f</sln:wojIIPId><sln:wojIIPPn>PL.PZGIK.200</sln:wojIIPPn><sln:wojIIPWersja>2017-10-10T00:00:00+02:00</sln:wojIIPWersja><sln:wojIdTeryt>12</sln:wojIdTeryt><sln:wojNazwa>małopolskie</sln:wojNazwa></sln:miejscowosc><sln:miejscowosc><sln:cyklZyciaOd>2014-12-07T00:00:00+01:00</sln:cyklZyciaOd><sln:gmIIPId>ab8491c7-27ac-4e82-b92e-994a6c8ffc3c</sln:gmIIPId><sln:gmIIPPn>PL.PZGIK.200</sln:gmIIPPn><sln:gmIIPWersja>2012-09-26T22:10:24+02:00</sln:gmIIPWersja><sln:gmIdTeryt>1210142</sln:gmIdTeryt><sln:gmNazwa>Podegrodzie</sln:gmNazwa><sln:miejscIIPId>8a677bb8-b906-46a5-8c28-2da07ded00a2</sln:miejscIIPId><sln:miejscIIPPn>PL.PZGIK.200</sln:miejscIIPPn><sln:miejscIIPWersja>2016-11-24T13:59:00+02:00</sln:miejscIIPWersja><sln:miejscIdTeryt>0460865</sln:miejscIdTeryt><sln:miejscNazwa>Działy</sln:miejscNazwa><sln:miejscRodzaj>Inny obiekt</sln:miejscRodzaj><sln:powIIPId>27013993-b504-487f-aca8-9f17768d81b4</sln:powIIPId><sln:powIIPPn>PL.PZGIK.200</sln:powIIPPn><sln:powIIPWersja>2017-10-10T00:00:00+02:00</sln:powIIPWersja><sln:powIdTeryt>1210</sln:powIdTeryt><sln:powNazwa>nowosądecki</sln:powNazwa><sln:wojIIPId>dd2e3c64-f861-47cf-a3a3-e7751f272b2f</sln:wojIIPId><sln:wojIIPPn>PL.PZGIK.200</sln:wojIIPPn><sln:wojIIPWersja>2017-10-10T00:00:00+02:00</sln:wojIIPWersja><sln:wojIdTeryt>12</sln:wojIdTeryt><sln:wojNazwa>małopolskie</sln:wojNazwa></sln:miejscowosc><sln:miejscowosc><sln:cyklZyciaOd>2014-12-07T00:00:00+01:00</sln:cyklZyciaOd><sln:gmIIPId>ab8491c7-27ac-4e82-b92e-994a6c8ffc3c</sln:gmIIPId><sln:gmIIPPn>PL.PZGIK.200</sln:gmIIPPn><sln:gmIIPWersja>2012-09-26T22:10:24+02:00</sln:gmIIPWersja><sln:gmIdTeryt>1210142</sln:gmIdTeryt><sln:gmNazwa>Podegrodzie</sln:gmNazwa><sln:miejscIIPId>7a86c63b-31cf-4282-9947-4a5176bc02a5</sln:miejscIIPId><sln:miejscIIPPn>PL.PZGIK.200</sln:miejscIIPPn><sln:miejscIIPWersja>2016-11-24T13:27:58+02:00</sln:miejscIIPWersja><sln:miejscIdTeryt>0461066</sln:miejscIdTeryt><sln:miejscNazwa>U Wody</sln:miejscNazwa><sln:miejscRodzaj>Inny obiekt</sln:miejscRodzaj><sln:powIIPId>27013993-b504-487f-aca8-9f17768d81b4</sln:powIIPId><sln:powIIPPn>PL.PZGIK.200</sln:powIIPPn><sln:powIIPWersja>2017-10-10T00:00:00+02:00</sln:powIIPWersja><sln:powIdTeryt>1210</sln:powIdTeryt><sln:powNazwa>nowosądecki</sln:powNazwa><sln:wojIIPId>dd2e3c64-f861-47cf-a3a3-e7751f272b2f</sln:wojIIPId><sln:wojIIPPn>PL.PZGIK.200</sln:wojIIPPn><sln:wojIIPWersja>2017-10-10T00:00:00+02:00</sln:wojIIPWersja><sln:wojIdTeryt>12</sln:wojIdTeryt><sln:wojNazwa>małopolskie</sln:wojNazwa></sln:miejscowosc><sln:miejscowosc><sln:cyklZyciaOd>2014-12-07T00:00:00+01:00</sln:cyklZyciaOd><sln:gmIIPId>ab8491c7-27ac-4e82-b92e-994a6c8ffc3c</sln:gmIIPId><sln:gmIIPPn>PL.PZGIK.200</sln:gmIIPPn><sln:gmIIPWersja>2012-09-26T22:10:24+02:00</sln:gmIIPWersja><sln:gmIdTeryt>1210142</sln:gmIdTeryt><sln:gmNazwa>Podegrodzie</sln:gmNazwa><sln:miejscIIPId>ad4e644d-668f-4570-9c86-355652a51b23</sln:miejscIIPId><sln:miejscIIPPn>PL.PZGIK.200</sln:miejscIIPPn><sln:miejscIIPWersja>2016-11-24T13:28:18+02:00</sln:miejscIIPWersja><sln:miejscIdTeryt>0460925</sln:miejscIdTeryt><sln:miejscNazwa>Podegrodzie</sln:miejscNazwa><sln:miejscRodzaj>Wieś</sln:miejscRodzaj><sln:powIIPId>27013993-b504-487f-aca8-9f17768d81b4</sln:powIIPId><sln:powIIPPn>PL.PZGIK.200</sln:powIIPPn><sln:powIIPWersja>2017-10-10T00:00:00+02:00</sln:powIIPWersja><sln:powIdTeryt>1210</sln:powIdTeryt><sln:powNazwa>nowosądecki</sln:powNazwa><sln:wojIIPId>dd2e3c64-f861-47cf-a3a3-e7751f272b2f</sln:wojIIPId><sln:wojIIPPn>PL.PZGIK.200</sln:wojIIPPn><sln:wojIIPWersja>2017-10-10T00:00:00+02:00</sln:wojIIPWersja><sln:wojIdTeryt>12</sln:wojIdTeryt><sln:wojNazwa>małopolskie</sln:wojNazwa></sln:miejscowosc><sln:miejscowosc><sln:cyklZyciaOd>2014-12-07T00:00:00+01:00</sln:cyklZyciaOd><sln:gmIIPId>ab8491c7-27ac-4e82-b92e-994a6c8ffc3c</sln:gmIIPId><sln:gmIIPPn>PL.PZGIK.200</sln:gmIIPPn><sln:gmIIPWersja>2012-09-26T22:10:24+02:00</sln:gmIIPWersja><sln:gmIdTeryt>1210142</sln:gmIdTeryt><sln:gmNazwa>Podegrodzie</sln:gmNazwa><sln:miejscIIPId>cb108280-d00a-406e-bc53-417734fa36bf</sln:miejscIIPId><sln:miejscIIPPn>PL.PZGIK.200</sln:miejscIIPPn><sln:miejscIIPWersja>2016-11-24T13:59:00+02:00</sln:miejscIIPWersja><sln:miejscIdTeryt>0460760</sln:miejscIdTeryt><sln:miejscNazwa>Słona</sln:miejscNazwa><sln:miejscRodzaj>Inny obiekt</sln:miejscRodzaj><sln:powIIPId>27013993-b504-487f-aca8-9f17768d81b4</sln:powIIPId><sln:powIIPPn>PL.PZGIK.200</sln:powIIPPn><sln:powIIPWersja>2017-10-10T00:00:00+02:00</sln:powIIPWersja><sln:powIdTeryt>1210</sln:powIdTeryt><sln:powNazwa>nowosądecki</sln:powNazwa><sln:wojIIPId>dd2e3c64-f861-47cf-a3a3-e7751f272b2f</sln:wojIIPId><sln:wojIIPPn>PL.PZGIK.200</sln:wojIIPPn><sln:wojIIPWersja>2017-10-10T00:00:00+02:00</sln:wojIIPWersja><sln:wojIdTeryt>12</sln:wojIdTeryt><sln:wojNazwa>małopolskie</sln:wojNazwa></sln:miejscowosc><sln:miejscowosc><sln:cyklZyciaOd>2014-12-07T00:00:00+01:00</sln:cyklZyciaOd><sln:gmIIPId>ab8491c7-27ac-4e82-b92e-994a6c8ffc3c</sln:gmIIPId><sln:gmIIPPn>PL.PZGIK.200</sln:gmIIPPn><sln:gmIIPWersja>2012-09-26T22:10:24+02:00</sln:gmIIPWersja><sln:gmIdTeryt>1210142</sln:gmIdTeryt><sln:gmNazwa>Podegrodzie</sln:gmNazwa><sln:miejscIIPId>b5059f9e-7a5f-4bd9-b8b2-efd64a588ab5</sln:miejscIIPId><sln:miejscIIPPn>PL.PZGIK.200</sln:miejscIIPPn><sln:miejscIIPWersja>2016-11-24T13:42:53+02:00</sln:miejscIIPWersja><sln:miejscIdTeryt>0460598</sln:miejscIdTeryt><sln:miejscNazwa>Naszacowice</sln:miejscNazwa><sln:miejscRodzaj>Wieś</sln:miejscRodzaj><sln:powIIPId>27013993-b504-487f-aca8-9f17768d81b4</sln:powIIPId><sln:powIIPPn>PL.PZGIK.200</sln:powIIPPn><sln:powIIPWersja>2017-10-10T00:00:00+02:00</sln:powIIPWersja><sln:powIdTeryt>1210</sln:powIdTeryt><sln:powNazwa>nowosądecki</sln:powNazwa><sln:wojIIPId>dd2e3c64-f861-47cf-a3a3-e7751f272b2f</sln:wojIIPId><sln:wojIIPPn>PL.PZGIK.200</sln:wojIIPPn><sln:wojIIPWersja>2017-10-10T00:00:00+02:00</sln:wojIIPWersja><sln:wojIdTeryt>12</sln:wojIdTeryt><sln:wojNazwa>małopolskie</sln:wojNazwa></sln:miejscowosc><sln:miejscowosc><sln:cyklZyciaOd>2014-12-07T00:00:00+01:00</sln:cyklZyciaOd><sln:gmIIPId>ab8491c7-27ac-4e82-b92e-994a6c8ffc3c</sln:gmIIPId><sln:gmIIPPn>PL.PZGIK.200</sln:gmIIPPn><sln:gmIIPWersja>2012-09-26T22:10:24+02:00</sln:gmIIPWersja><sln:gmIdTeryt>1210142</sln:gmIdTeryt><sln:gmNazwa>Podegrodzie</sln:gmNazwa><sln:miejscIIPId>21b93d03-803e-4754-8918-331f7f89216c</sln:miejscIIPId><sln:miejscIIPPn>PL.PZGIK.200</sln:miejscIIPPn><sln:miejscIIPWersja>2016-11-24T13:54:14+02:00</sln:miejscIIPWersja><sln:miejscIdTeryt>0460405</sln:miejscIdTeryt><sln:miejscNazwa>Zagrody</sln:miejscNazwa><sln:miejscRodzaj>Inny obiekt</sln:miejscRodzaj><sln:powIIPId>27013993-b504-487f-aca8-9f17768d81b4</sln:powIIPId><sln:powIIPPn>PL.PZGIK.200</sln:powIIPPn><sln:powIIPWersja>2017-10-10T00:00:00+02:00</sln:powIIPWersja><sln:powIdTeryt>1210</sln:powIdTeryt><sln:powNazwa>nowosądecki</sln:powNazwa><sln:wojIIPId>dd2e3c64-f861-47cf-a3a3-e7751f272b2f</sln:wojIIPId><sln:wojIIPPn>PL.PZGIK.200</sln:wojIIPPn><sln:wojIIPWersja>2017-10-10T00:00:00+02:00</sln:wojIIPWersja><sln:wojIdTeryt>12</sln:wojIdTeryt><sln:wojNazwa>małopolskie</sln:wojNazwa></sln:miejscowosc><sln:miejscowosc><sln:cyklZyciaOd>2014-12-07T00:00:00+01:00</sln:cyklZyciaOd><sln:gmIIPId>ab8491c7-27ac-4e82-b92e-994a6c8ffc3c</sln:gmIIPId><sln:gmIIPPn>PL.PZGIK.200</sln:gmIIPPn><sln:gmIIPWersja>2012-09-26T22:10:24+02:00</sln:gmIIPWersja><sln:gmIdTeryt>1210142</sln:gmIdTeryt><sln:gmNazwa>Podegrodzie</sln:gmNazwa><sln:miejscIIPId>fdafc04f-6ddf-48c0-8dd8-d8b33308bb20</sln:miejscIIPId><sln:miejscIIPPn>PL.PZGIK.200</sln:miejscIIPPn><sln:miejscIIPWersja>2016-11-24T13:58:07+02:00</sln:miejscIIPWersja><sln:miejscIdTeryt>0460517</sln:miejscIdTeryt><sln:miejscNazwa>Lipne Niwy</sln:miejscNazwa><sln:miejscRodzaj>Inny obiekt</sln:miejscRodzaj><sln:powIIPId>27013993-b504-487f-aca8-9f17768d81b4</sln:powIIPId><sln:powIIPPn>PL.PZGIK.200</sln:powIIPPn><sln:powIIPWersja>2017-10-10T00:00:00+02:00</sln:powIIPWersja><sln:powIdTeryt>1210</sln:powIdTeryt><sln:powNazwa>nowosądecki</sln:powNazwa><sln:wojIIPId>dd2e3c64-f861-47cf-a3a3-e7751f272b2f</sln:wojIIPId><sln:wojIIPPn>PL.PZGIK.200</sln:wojIIPPn><sln:wojIIPWersja>2017-10-10T00:00:00+02:00</sln:wojIIPWersja><sln:wojIdTeryt>12</sln:wojIdTeryt><sln:wojNazwa>małopolskie</sln:wojNazwa></sln:miejscowosc><sln:miejscowosc><sln:cyklZyciaOd>2014-12-07T00:00:00+01:00</sln:cyklZyciaOd><sln:gmIIPId>ab8491c7-27ac-4e82-b92e-994a6c8ffc3c</sln:gmIIPId><sln:gmIIPPn>PL.PZGIK.200</sln:gmIIPPn><sln:gmIIPWersja>2012-09-26T22:10:24+02:00</sln:gmIIPWersja><sln:gmIdTeryt>1210142</sln:gmIdTeryt><sln:gmNazwa>Podegrodzie</sln:gmNazwa><sln:miejscIIPId>7908e48c-7549-4a96-a305-2bd4e5985e02</sln:miejscIIPId><sln:miejscIIPPn>PL.PZGIK.200</sln:miejscIIPPn><sln:miejscIIPWersja>2016-11-24T13:47:24+02:00</sln:miejscIIPWersja><sln:miejscIdTeryt>0461215</sln:miejscIdTeryt><sln:miejscNazwa>Wieś Polska</sln:miejscNazwa><sln:miejscRodzaj>Inny obiekt</sln:miejscRodzaj><sln:powIIPId>27013993-b504-487f-aca8-9f17768d81b4</sln:powIIPId><sln:powIIPPn>PL.PZGIK.200</sln:powIIPPn><sln:powIIPWersja>2017-10-10T00:00:00+02:00</sln:powIIPWersja><sln:powIdTeryt>1210</sln:powIdTeryt><sln:powNazwa>nowosądecki</sln:powNazwa><sln:wojIIPId>dd2e3c64-f861-47cf-a3a3-e7751f272b2f</sln:wojIIPId><sln:wojIIPPn>PL.PZGIK.200</sln:wojIIPPn><sln:wojIIPWersja>2017-10-10T00:00:00+02:00</sln:wojIIPWersja><sln:wojIdTeryt>12</sln:wojIdTeryt><sln:wojNazwa>małopolskie</sln:wojNazwa></sln:miejscowosc><sln:miejscowosc><sln:cyklZyciaOd>2014-12-07T00:00:00+01:00</sln:cyklZyciaOd><sln:gmIIPId>ab8491c7-27ac-4e82-b92e-994a6c8ffc3c</sln:gmIIPId><sln:gmIIPPn>PL.PZGIK.200</sln:gmIIPPn><sln:gmIIPWersja>2012-09-26T22:10:24+02:00</sln:gmIIPWersja><sln:gmIdTeryt>1210142</sln:gmIdTeryt><sln:gmNazwa>Podegrodzie</sln:gmNazwa><sln:miejscIIPId>3c69fe4d-eab5-4c97-8ceb-4842440b9875</sln:miejscIIPId><sln:miejscIIPPn>PL.PZGIK.200</sln:miejscIIPPn><sln:miejscIIPWersja>2016-11-24T13:59:18+02:00</sln:miejscIIPWersja><sln:miejscIdTeryt>1053524</sln:miejscIdTeryt><sln:miejscNazwa>Wieś Niemiecka</sln:miejscNazwa><sln:miejscRodzaj>Inny obiekt</sln:miejscRodzaj><sln:powIIPId>27013993-b504-487f-aca8-9f17768d81b4</sln:powIIPId><sln:powIIPPn>PL.PZGIK.200</sln:powIIPPn><sln:powIIPWersja>2017-10-10T00:00:00+02:00</sln:powIIPWersja><sln:powIdTeryt>1210</sln:powIdTeryt><sln:powNazwa>nowosądecki</sln:powNazwa><sln:wojIIPId>dd2e3c64-f861-47cf-a3a3-e7751f272b2f</sln:wojIIPId><sln:wojIIPPn>PL.PZGIK.200</sln:wojIIPPn><sln:wojIIPWersja>2017-10-10T00:00:00+02:00</sln:wojIIPWersja><sln:wojIdTeryt>12</sln:wojIdTeryt><sln:wojNazwa>małopolskie</sln:wojNazwa></sln:miejscowosc><sln:miejscowosc><sln:cyklZyciaOd>2014-12-07T00:00:00+01:00</sln:cyklZyciaOd><sln:gmIIPId>ab8491c7-27ac-4e82-b92e-994a6c8ffc3c</sln:gmIIPId><sln:gmIIPPn>PL.PZGIK.200</sln:gmIIPPn><sln:gmIIPWersja>2012-09-26T22:10:24+02:00</sln:gmIIPWersja><sln:gmIdTeryt>1210142</sln:gmIdTeryt><sln:gmNazwa>Podegrodzie</sln:gmNazwa><sln:miejscIIPId>2430ccd8-c813-49ad-b4a5-448a19bc0372</sln:miejscIIPId><sln:miejscIIPPn>PL.PZGIK.200</sln:miejscIIPPn><sln:miejscIIPWersja>2016-11-24T13:59:18+02:00</sln:miejscIIPWersja><sln:miejscIdTeryt>0459980</sln:miejscIdTeryt><sln:miejscNazwa>Pod Chełmkiem</sln:miejscNazwa><sln:miejscRodzaj>Inny obiekt</sln:miejscRodzaj><sln:powIIPId>27013993-b504-487f-aca8-9f17768d81b4</sln:powIIPId><sln:powIIPPn>PL.PZGIK.200</sln:powIIPPn><sln:powIIPWersja>2017-10-10T00:00:00+02:00</sln:powIIPWersja><sln:powIdTeryt>1210</sln:powIdTeryt><sln:powNazwa>nowosądecki</sln:powNazwa><sln:wojIIPId>dd2e3c64-f861-47cf-a3a3-e7751f272b2f</sln:wojIIPId><sln:wojIIPPn>PL.PZGIK.200</sln:wojIIPPn><sln:wojIIPWersja>2017-10-10T00:00:00+02:00</sln:wojIIPWersja><sln:wojIdTeryt>12</sln:wojIdTeryt><sln:wojNazwa>małopolskie</sln:wojNazwa></sln:miejscowosc><sln:miejscowosc><sln:cyklZyciaOd>2014-12-07T00:00:00+01:00</sln:cyklZyciaOd><sln:gmIIPId>ab8491c7-27ac-4e82-b92e-994a6c8ffc3c</sln:gmIIPId><sln:gmIIPPn>PL.PZGIK.200</sln:gmIIPPn><sln:gmIIPWersja>2012-09-26T22:10:24+02:00</sln:gmIIPWersja><sln:gmIdTeryt>1210142</sln:gmIdTeryt><sln:gmNazwa>Podegrodzie</sln:gmNazwa><sln:miejscIIPId>ba697222-5ffa-48e9-80a4-f5ee55868505</sln:miejscIIPId><sln:miejscIIPPn>PL.PZGIK.200</sln:miejscIIPPn><sln:miejscIIPWersja>2016-11-24T13:59:18+02:00</sln:miejscIIPWersja><sln:miejscIdTeryt>0460173</sln:miejscIdTeryt><sln:miejscNazwa>Pod Piekłem</sln:miejscNazwa><sln:miejscRodzaj>Inny obiekt</sln:miejscRodzaj><sln:powIIPId>27013993-b504-487f-aca8-9f17768d81b4</sln:powIIPId><sln:powIIPPn>PL.PZGIK.200</sln:powIIPPn><sln:powIIPWersja>2017-10-10T00:00:00+02:00</sln:powIIPWersja><sln:powIdTeryt>1210</sln:powIdTeryt><sln:powNazwa>nowosądecki</sln:powNazwa><sln:wojIIPId>dd2e3c64-f861-47cf-a3a3-e7751f272b2f</sln:wojIIPId><sln:wojIIPPn>PL.PZGIK.200</sln:wojIIPPn><sln:wojIIPWersja>2017-10-10T00:00:00+02:00</sln:wojIIPWersja><sln:wojIdTeryt>12</sln:wojIdTeryt><sln:wojNazwa>małopolskie</sln:wojNazwa></sln:miejscowosc><sln:miejscowosc><sln:cyklZyciaOd>2014-12-07T00:00:00+01:00</sln:cyklZyciaOd><sln:gmIIPId>ab8491c7-27ac-4e82-b92e-994a6c8ffc3c</sln:gmIIPId><sln:gmIIPPn>PL.PZGIK.200</sln:gmIIPPn><sln:gmIIPWersja>2012-09-26T22:10:24+02:00</sln:gmIIPWersja><sln:gmIdTeryt>1210142</sln:gmIdTeryt><sln:gmNazwa>Podegrodzie</sln:gmNazwa><sln:miejscIIPId>27e46cd6-1c02-4b3c-bac3-f3a3e3962db2</sln:miejscIIPId><sln:miejscIIPPn>PL.PZGIK.200</sln:miejscIIPPn><sln:miejscIIPWersja>2016-11-24T13:59:18+02:00</sln:miejscIIPWersja><sln:miejscIdTeryt>0460138</sln:miejscIdTeryt><sln:miejscNazwa>Burdak Długołęcki</sln:miejscNazwa><sln:miejscRodzaj>Inny obiekt</sln:miejscRodzaj><sln:powIIPId>27013993-b504-487f-aca8-9f17768d81b4</sln:powIIPId><sln:powIIPPn>PL.PZGIK.200</sln:powIIPPn><sln:powIIPWersja>2017-10-10T00:00:00+02:00</sln:powIIPWersja><sln:powIdTeryt>1210</sln:powIdTeryt><sln:powNazwa>nowosądecki</sln:powNazwa><sln:wojIIPId>dd2e3c64-f861-47cf-a3a3-e7751f272b2f</sln:wojIIPId><sln:wojIIPPn>PL.PZGIK.200</sln:wojIIPPn><sln:wojIIPWersja>2017-10-10T00:00:00+02:00</sln:wojIIPWersja><sln:wojIdTeryt>12</sln:wojIdTeryt><sln:wojNazwa>małopolskie</sln:wojNazwa></sln:miejscowosc><sln:miejscowosc><sln:cyklZyciaOd>2014-12-07T00:00:00+01:00</sln:cyklZyciaOd><sln:gmIIPId>ab8491c7-27ac-4e82-b92e-994a6c8ffc3c</sln:gmIIPId><sln:gmIIPPn>PL.PZGIK.200</sln:gmIIPPn><sln:gmIIPWersja>2012-09-26T22:10:24+02:00</sln:gmIIPWersja><sln:gmIdTeryt>1210142</sln:gmIdTeryt><sln:gmNazwa>Podegrodzie</sln:gmNazwa><sln:miejscIIPId>95bac271-19d6-48ee-9792-dc68ba8ae256</sln:miejscIIPId><sln:miejscIIPPn>PL.PZGIK.200</sln:miejscIIPPn><sln:miejscIIPWersja>2016-11-24T13:59:18+02:00</sln:miejscIIPWersja><sln:miejscIdTeryt>0459922</sln:miejscIdTeryt><sln:miejscNazwa>Burdak</sln:miejscNazwa><sln:miejscRodzaj>Inny obiekt</sln:miejscRodzaj><sln:powIIPId>27013993-b504-487f-aca8-9f17768d81b4</sln:powIIPId><sln:powIIPPn>PL.PZGIK.200</sln:powIIPPn><sln:powIIPWersja>2017-10-10T00:00:00+02:00</sln:powIIPWersja><sln:powIdTeryt>1210</sln:powIdTeryt><sln:powNazwa>nowosądecki</sln:powNazwa><sln:wojIIPId>dd2e3c64-f861-47cf-a3a3-e7751f272b2f</sln:wojIIPId><sln:wojIIPPn>PL.PZGIK.200</sln:wojIIPPn><sln:wojIIPWersja>2017-10-10T00:00:00+02:00</sln:wojIIPWersja><sln:wojIdTeryt>12</sln:wojIdTeryt><sln:wojNazwa>małopolskie</sln:wojNazwa></sln:miejscowosc><sln:miejscowosc><sln:cyklZyciaOd>2014-12-07T00:00:00+01:00</sln:cyklZyciaOd><sln:gmIIPId>ab8491c7-27ac-4e82-b92e-994a6c8ffc3c</sln:gmIIPId><sln:gmIIPPn>PL.PZGIK.200</sln:gmIIPPn><sln:gmIIPWersja>2012-09-26T22:10:24+02:00</sln:gmIIPWersja><sln:gmIdTeryt>1210142</sln:gmIdTeryt><sln:gmNazwa>Podegrodzie</sln:gmNazwa><sln:miejscIIPId>47d30628-bf51-49ee-9c3a-9222d8905453</sln:miejscIIPId><sln:miejscIIPPn>PL.PZGIK.200</sln:miejscIIPPn><sln:miejscIIPWersja>2016-11-24T13:59:18+02:00</sln:miejscIIPWersja><sln:miejscIdTeryt>0460049</sln:miejscIdTeryt><sln:miejscNazwa>Wola Brzeziańska</sln:miejscNazwa><sln:miejscRodzaj>Inny obiekt</sln:miejscRodzaj><sln:powIIPId>27013993-b504-487f-aca8-9f17768d81b4</sln:powIIPId><sln:powIIPPn>PL.PZGIK.200</sln:powIIPPn><sln:powIIPWersja>2017-10-10T00:00:00+02:00</sln:powIIPWersja><sln:powIdTeryt>1210</sln:powIdTeryt><sln:powNazwa>nowosądecki</sln:powNazwa><sln:wojIIPId>dd2e3c64-f861-47cf-a3a3-e7751f272b2f</sln:wojIIPId><sln:wojIIPPn>PL.PZGIK.200</sln:wojIIPPn><sln:wojIIPWersja>2017-10-10T00:00:00+02:00</sln:wojIIPWersja><sln:wojIdTeryt>12</sln:wojIdTeryt><sln:wojNazwa>małopolskie</sln:wojNazwa></sln:miejscowosc><sln:miejscowosc><sln:cyklZyciaOd>2014-12-07T00:00:00+01:00</sln:cyklZyciaOd><sln:gmIIPId>ab8491c7-27ac-4e82-b92e-994a6c8ffc3c</sln:gmIIPId><sln:gmIIPPn>PL.PZGIK.200</sln:gmIIPPn><sln:gmIIPWersja>2012-09-26T22:10:24+02:00</sln:gmIIPWersja><sln:gmIdTeryt>1210142</sln:gmIdTeryt><sln:gmNazwa>Podegrodzie</sln:gmNazwa><sln:miejscIIPId>d5330da1-1e50-44a0-bafc-ba6ed5e20aa5</sln:miejscIIPId><sln:miejscIIPPn>PL.PZGIK.200</sln:miejscIIPPn><sln:miejscIIPWersja>2016-11-24T13:59:18+02:00</sln:miejscIIPWersja><sln:miejscIdTeryt>0461014</sln:miejscIdTeryt><sln:miejscNazwa>Niżne Pole</sln:miejscNazwa><sln:miejscRodzaj>Inny obiekt</sln:miejscRodzaj><sln:powIIPId>27013993-b504-487f-aca8-9f17768d81b4</sln:powIIPId><sln:powIIPPn>PL.PZGIK.200</sln:powIIPPn><sln:powIIPWersja>2017-10-10T00:00:00+02:00</sln:powIIPWersja><sln:powIdTeryt>1210</sln:powIdTeryt><sln:powNazwa>nowosądecki</sln:powNazwa><sln:wojIIPId>dd2e3c64-f861-47cf-a3a3-e7751f272b2f</sln:wojIIPId><sln:wojIIPPn>PL.PZGIK.200</sln:wojIIPPn><sln:wojIIPWersja>2017-10-10T00:00:00+02:00</sln:wojIIPWersja><sln:wojIdTeryt>12</sln:wojIdTeryt><sln:wojNazwa>małopolskie</sln:wojNazwa></sln:miejscowosc><sln:miejscowosc><sln:cyklZyciaOd>2014-12-07T00:00:00+01:00</sln:cyklZyciaOd><sln:gmIIPId>ab8491c7-27ac-4e82-b92e-994a6c8ffc3c</sln:gmIIPId><sln:gmIIPPn>PL.PZGIK.200</sln:gmIIPPn><sln:gmIIPWersja>2012-09-26T22:10:24+02:00</sln:gmIIPWersja><sln:gmIdTeryt>1210142</sln:gmIdTeryt><sln:gmNazwa>Podegrodzie</sln:gmNazwa><sln:miejscIIPId>413577d9-8f75-443d-ba40-f471eb6abd58</sln:miejscIIPId><sln:miejscIIPPn>PL.PZGIK.200</sln:miejscIIPPn><sln:miejscIIPWersja>2016-11-24T13:59:00+02:00</sln:miejscIIPWersja><sln:miejscIdTeryt>0460807</sln:miejscIdTeryt><sln:miejscNazwa>Granica</sln:miejscNazwa><sln:miejscRodzaj>Osada</sln:miejscRodzaj><sln:powIIPId>27013993-b504-487f-aca8-9f17768d81b4</sln:powIIPId><sln:powIIPPn>PL.PZGIK.200</sln:powIIPPn><sln:powIIPWersja>2017-10-10T00:00:00+02:00</sln:powIIPWersja><sln:powIdTeryt>1210</sln:powIdTeryt><sln:powNazwa>nowosądecki</sln:powNazwa><sln:wojIIPId>dd2e3c64-f861-47cf-a3a3-e7751f272b2f</sln:wojIIPId><sln:wojIIPPn>PL.PZGIK.200</sln:wojIIPPn><sln:wojIIPWersja>2017-10-10T00:00:00+02:00</sln:wojIIPWersja><sln:wojIdTeryt>12</sln:wojIdTeryt><sln:wojNazwa>małopolskie</sln:wojNazwa></sln:miejscowosc><sln:miejscowosc><sln:cyklZyciaOd>2014-12-07T00:00:00+01:00</sln:cyklZyciaOd><sln:gmIIPId>ab8491c7-27ac-4e82-b92e-994a6c8ffc3c</sln:gmIIPId><sln:gmIIPPn>PL.PZGIK.200</sln:gmIIPPn><sln:gmIIPWersja>2012-09-26T22:10:24+02:00</sln:gmIIPWersja><sln:gmIdTeryt>1210142</sln:gmIdTeryt><sln:gmNazwa>Podegrodzie</sln:gmNazwa><sln:miejscIIPId>08f73fd9-5e2b-40e4-a080-6a291a3b6ec0</sln:miejscIIPId><sln:miejscIIPPn>PL.PZGIK.200</sln:miejscIIPPn><sln:miejscIIPWersja>2016-11-24T13:54:14+02:00</sln:miejscIIPWersja><sln:miejscIdTeryt>0460279</sln:miejscIdTeryt><sln:miejscNazwa>Krzaki Gostwickie</sln:miejscNazwa><sln:miejscRodzaj>Inny obiekt</sln:miejscRodzaj><sln:powIIPId>27013993-b504-487f-aca8-9f17768d81b4</sln:powIIPId><sln:powIIPPn>PL.PZGIK.200</sln:powIIPPn><sln:powIIPWersja>2017-10-10T00:00:00+02:00</sln:powIIPWersja><sln:powIdTeryt>1210</sln:powIdTeryt><sln:powNazwa>nowosądecki</sln:powNazwa><sln:wojIIPId>dd2e3c64-f861-47cf-a3a3-e7751f272b2f</sln:wojIIPId><sln:wojIIPPn>PL.PZGIK.200</sln:wojIIPPn><sln:wojIIPWersja>2017-10-10T00:00:00+02:00</sln:wojIIPWersja><sln:wojIdTeryt>12</sln:wojIdTeryt><sln:wojNazwa>małopolskie</sln:wojNazwa></sln:miejscowosc><sln:miejscowosc><sln:cyklZyciaOd>2014-12-07T00:00:00+01:00</sln:cyklZyciaOd><sln:gmIIPId>ab8491c7-27ac-4e82-b92e-994a6c8ffc3c</sln:gmIIPId><sln:gmIIPPn>PL.PZGIK.200</sln:gmIIPPn><sln:gmIIPWersja>2012-09-26T22:10:24+02:00</sln:gmIIPWersja><sln:gmIdTeryt>1210142</sln:gmIdTeryt><sln:gmNazwa>Podegrodzie</sln:gmNazwa><sln:miejscIIPId>40fec0e3-16db-4333-9b07-f3b6ddad94e2</sln:miejscIIPId><sln:miejscIIPPn>PL.PZGIK.200</sln:miejscIIPPn><sln:miejscIIPWersja>2016-11-24T13:55:02+02:00</sln:miejscIIPWersja><sln:miejscIdTeryt>0460440</sln:miejscIdTeryt><sln:miejscNazwa>Place Juraszowskie</sln:miejscNazwa><sln:miejscRodzaj>Inny obiekt</sln:miejscRodzaj><sln:powIIPId>27013993-b504-487f-aca8-9f17768d81b4</sln:powIIPId><sln:powIIPPn>PL.PZGIK.200</sln:powIIPPn><sln:powIIPWersja>2017-10-10T00:00:00+02:00</sln:powIIPWersja><sln:powIdTeryt>1210</sln:powIdTeryt><sln:powNazwa>nowosądecki</sln:powNazwa><sln:wojIIPId>dd2e3c64-f861-47cf-a3a3-e7751f272b2f</sln:wojIIPId><sln:wojIIPPn>PL.PZGIK.200</sln:wojIIPPn><sln:wojIIPWersja>2017-10-10T00:00:00+02:00</sln:wojIIPWersja><sln:wojIdTeryt>12</sln:wojIdTeryt><sln:wojNazwa>małopolskie</sln:wojNazwa></sln:miejscowosc></sln:lista-miejscowosci>