<?xml version="1.0" encoding="UTF-8" standalone="yes"?><sln:lista-miejscowosci xmlns:srv="http://gugik.gov.pl/schemas/slowniki-service/1.0" xmlns:sln="http://gugik.gov.pl/schemas/slowniki-schema/1.0"><sln:miejscowosc><sln:cyklZyciaDo>2017-04-21T00:00:00+02:00</sln:cyklZyciaDo><sln:cyklZyciaOd>2016-06-10T00:00:00+02:00</sln:cyklZyciaOd><sln:gmIIPId>45911156-7717-40b2-94ed-9186391fddb1</sln:gmIIPId><sln:gmIIPPn>PL.PZGIK.200</sln:gmIIPPn><sln:gmIIPWersja>2012-09-26T22:09:02+02:00</sln:gmIIPWersja><sln:gmIdTeryt>1205052</sln:gmIdTeryt><sln:gmNazwa>Lipinki</sln:gmNazwa><sln:miejscIIPId>812ed931-e9d4-44ef-888b-767139e3a2bb</sln:miejscIIPId><sln:miejscIIPPn>PL.PZGIK.200</sln:miejscIIPPn><sln:miejscIIPWersja>2016-11-24T10:05:32+02:00</sln:miejscIIPWersja><sln:miejscIdTeryt>0355826</sln:miejscIdTeryt><sln:miejscNazwa>Bednarka</sln:miejscNazwa><sln:miejscRodzaj>Wieś</sln:miejscRodzaj><sln:powIIPId>5b376d4f-e6fb-48f4-9302-a9b0a6cc2aeb</sln:powIIPId><sln:powIIPPn>PL.PZGIK.200</sln:powIIPPn><sln:powIIPWersja>2017-10-10T00:00:00+02:00</sln:powIIPWersja><sln:powIdTeryt>1205</sln:powIdTeryt><sln:powNazwa>gorlicki</sln:powNazwa><sln:waznyOd>2016-05-04T00:00:00+02:00</sln:waznyOd><sln:wojIIPId>dd2e3c64-f861-47cf-a3a3-e7751f272b2f</sln:wojIIPId><sln:wojIIPPn>PL.PZGIK.200</sln:wojIIPPn><sln:wojIIPWersja>2017-10-10T00:00:00+02:00</sln:wojIIPWersja><sln:wojIdTeryt>12</sln:wojIdTeryt><sln:wojNazwa>małopolskie</sln:wojNazwa></sln:miejscowosc><sln:miejscowosc><sln:cyklZyciaDo>2017-04-21T00:00:00+02:00</sln:cyklZyciaDo><sln:cyklZyciaOd>2016-06-10T00:00:00+02:00</sln:cyklZyciaOd><sln:gmIIPId>45911156-7717-40b2-94ed-9186391fddb1</sln:gmIIPId><sln:gmIIPPn>PL.PZGIK.200</sln:gmIIPPn><sln:gmIIPWersja>2012-09-26T22:09:02+02:00</sln:gmIIPWersja><sln:gmIdTeryt>1205052</sln:gmIdTeryt><sln:gmNazwa>Lipinki</sln:gmNazwa><sln:miejscIIPId>46d4b413-6c8c-42c6-9f38-a7446fea064a</sln:miejscIIPId><sln:miejscIIPPn>PL.PZGIK.200</sln:miejscIIPPn><sln:miejscIIPWersja>2016-11-24T10:05:32+02:00</sln:miejscIIPWersja><sln:miejscIdTeryt>0355849</sln:miejscIdTeryt><sln:miejscNazwa>Kryg</sln:miejscNazwa><sln:miejscRodzaj>Wieś</sln:miejscRodzaj><sln:powIIPId>5b376d4f-e6fb-48f4-9302-a9b0a6cc2aeb</sln:powIIPId><sln:powIIPPn>PL.PZGIK.200</sln:powIIPPn><sln:powIIPWersja>2017-10-10T00:00:00+02:00</sln:powIIPWersja><sln:powIdTeryt>1205</sln:powIdTeryt><sln:powNazwa>gorlicki</sln:powNazwa><sln:waznyOd>2016-05-04T00:00:00+02:00</sln:waznyOd><sln:wojIIPId>dd2e3c64-f861-47cf-a3a3-e7751f272b2f</sln:wojIIPId><sln:wojIIPPn>PL.PZGIK.200</sln:wojIIPPn><sln:wojIIPWersja>2017-10-10T00:00:00+02:00</sln:wojIIPWersja><sln:wojIdTeryt>12</sln:wojIdTeryt><sln:wojNazwa>małopolskie</sln:wojNazwa></sln:miejscowosc><sln:miejscowosc><sln:cyklZyciaDo>2017-04-21T00:00:00+02:00</sln:cyklZyciaDo><sln:cyklZyciaOd>2016-06-10T00:00:00+02:00</sln:cyklZyciaOd><sln:gmIIPId>45911156-7717-40b2-94ed-9186391fddb1</sln:gmIIPId><sln:gmIIPPn>PL.PZGIK.200</sln:gmIIPPn><sln:gmIIPWersja>2012-09-26T22:09:02+02:00</sln:gmIIPWersja><sln:gmIdTeryt>1205052</sln:gmIdTeryt><sln:gmNazwa>Lipinki</sln:gmNazwa><sln:miejscIIPId>e9d25ac4-a57e-49b7-96f2-cc862d999f9c</sln:miejscIIPId><sln:miejscIIPPn>PL.PZGIK.200</sln:miejscIIPPn><sln:miejscIIPWersja>2016-11-24T10:05:32+02:00</sln:miejscIIPWersja><sln:miejscIdTeryt>0355909</sln:miejscIdTeryt><sln:miejscNazwa>Lipinki</sln:miejscNazwa><sln:miejscRodzaj>Wieś</sln:miejscRodzaj><sln:powIIPId>5b376d4f-e6fb-48f4-9302-a9b0a6cc2aeb</sln:powIIPId><sln:powIIPPn>PL.PZGIK.200</sln:powIIPPn><sln:powIIPWersja>2017-10-10T00:00:00+02:00</sln:powIIPWersja><sln:powIdTeryt>1205</sln:powIdTeryt><sln:powNazwa>gorlicki</sln:powNazwa><sln:waznyOd>2016-05-04T00:00:00+02:00</sln:waznyOd><sln:wojIIPId>dd2e3c64-f861-47cf-a3a3-e7751f272b2f</sln:wojIIPId><sln:wojIIPPn>PL.PZGIK.200</sln:wojIIPPn><sln:wojIIPWersja>2017-10-10T00:00:00+02:00</sln:wojIIPWersja><sln:wojIdTeryt>12</sln:wojIdTeryt><sln:wojNazwa>małopolskie</sln:wojNazwa></sln:miejscowosc><sln:miejscowosc><sln:cyklZyciaDo>2017-04-21T00:00:00+02:00</sln:cyklZyciaDo><sln:cyklZyciaOd>2016-06-10T00:00:00+02:00</sln:cyklZyciaOd><sln:gmIIPId>45911156-7717-40b2-94ed-9186391fddb1</sln:gmIIPId><sln:gmIIPPn>PL.PZGIK.200</sln:gmIIPPn><sln:gmIIPWersja>2012-09-26T22:09:02+02:00</sln:gmIIPWersja><sln:gmIdTeryt>1205052</sln:gmIdTeryt><sln:gmNazwa>Lipinki</sln:gmNazwa><sln:miejscIIPId>1fb2ed74-57bd-42d6-afa8-e311a43bec0f</sln:miejscIIPId><sln:miejscIIPPn>PL.PZGIK.200</sln:miejscIIPPn><sln:miejscIIPWersja>2016-11-24T10:05:32+02:00</sln:miejscIIPWersja><sln:miejscIdTeryt>0355996</sln:miejscIdTeryt><sln:miejscNazwa>Pagorzyna</sln:miejscNazwa><sln:miejscRodzaj>Wieś</sln:miejscRodzaj><sln:powIIPId>5b376d4f-e6fb-48f4-9302-a9b0a6cc2aeb</sln:powIIPId><sln:powIIPPn>PL.PZGIK.200</sln:powIIPPn><sln:powIIPWersja>2017-10-10T00:00:00+02:00</sln:powIIPWersja><sln:powIdTeryt>1205</sln:powIdTeryt><sln:powNazwa>gorlicki</sln:powNazwa><sln:waznyOd>2016-05-04T00:00:00+02:00</sln:waznyOd><sln:wojIIPId>dd2e3c64-f861-47cf-a3a3-e7751f272b2f</sln:wojIIPId><sln:wojIIPPn>PL.PZGIK.200</sln:wojIIPPn><sln:wojIIPWersja>2017-10-10T00:00:00+02:00</sln:wojIIPWersja><sln:wojIdTeryt>12</sln:wojIdTeryt><sln:wojNazwa>małopolskie</sln:wojNazwa></sln:miejscowosc><sln:miejscowosc><sln:cyklZyciaDo>2017-04-21T00:00:00+02:00</sln:cyklZyciaDo><sln:cyklZyciaOd>2016-06-10T00:00:00+02:00</sln:cyklZyciaOd><sln:gmIIPId>45911156-7717-40b2-94ed-9186391fddb1</sln:gmIIPId><sln:gmIIPPn>PL.PZGIK.200</sln:gmIIPPn><sln:gmIIPWersja>2012-09-26T22:09:02+02:00</sln:gmIIPWersja><sln:gmIdTeryt>1205052</sln:gmIdTeryt><sln:gmNazwa>Lipinki</sln:gmNazwa><sln:miejscIIPId>65822b2d-b35c-4183-8d4c-86bcf9f23794</sln:miejscIIPId><sln:miejscIIPPn>PL.PZGIK.200</sln:miejscIIPPn><sln:miejscIIPWersja>2016-11-24T10:05:32+02:00</sln:miejscIIPWersja><sln:miejscIdTeryt>0356027</sln:miejscIdTeryt><sln:miejscNazwa>Rozdziele</sln:miejscNazwa><sln:miejscRodzaj>Wieś</sln:miejscRodzaj><sln:powIIPId>5b376d4f-e6fb-48f4-9302-a9b0a6cc2aeb</sln:powIIPId><sln:powIIPPn>PL.PZGIK.200</sln:powIIPPn><sln:powIIPWersja>2017-10-10T00:00:00+02:00</sln:powIIPWersja><sln:powIdTeryt>1205</sln:powIdTeryt><sln:powNazwa>gorlicki</sln:powNazwa><sln:waznyOd>2016-05-04T00:00:00+02:00</sln:waznyOd><sln:wojIIPId>dd2e3c64-f861-47cf-a3a3-e7751f272b2f</sln:wojIIPId><sln:wojIIPPn>PL.PZGIK.200</sln:wojIIPPn><sln:wojIIPWersja>2017-10-10T00:00:00+02:00</sln:wojIIPWersja><sln:wojIdTeryt>12</sln:wojIdTeryt><sln:wojNazwa>małopolskie</sln:wojNazwa></sln:miejscowosc><sln:miejscowosc><sln:cyklZyciaDo>2017-04-21T00:00:00+02:00</sln:cyklZyciaDo><sln:cyklZyciaOd>2016-06-10T00:00:00+02:00</sln:cyklZyciaOd><sln:gmIIPId>45911156-7717-40b2-94ed-9186391fddb1</sln:gmIIPId><sln:gmIIPPn>PL.PZGIK.200</sln:gmIIPPn><sln:gmIIPWersja>2012-09-26T22:09:02+02:00</sln:gmIIPWersja><sln:gmIdTeryt>1205052</sln:gmIdTeryt><sln:gmNazwa>Lipinki</sln:gmNazwa><sln:miejscIIPId>027e8e81-250e-4a24-be8f-8f96c05a61a9</sln:miejscIIPId><sln:miejscIIPPn>PL.PZGIK.200</sln:miejscIIPPn><sln:miejscIIPWersja>2016-11-24T10:05:32+02:00</sln:miejscIIPWersja><sln:miejscIdTeryt>0356056</sln:miejscIdTeryt><sln:miejscNazwa>Wójtowa</sln:miejscNazwa><sln:miejscRodzaj>Wieś</sln:miejscRodzaj><sln:powIIPId>5b376d4f-e6fb-48f4-9302-a9b0a6cc2aeb</sln:powIIPId><sln:powIIPPn>PL.PZGIK.200</sln:powIIPPn><sln:powIIPWersja>2017-10-10T00:00:00+02:00</sln:powIIPWersja><sln:powIdTeryt>1205</sln:powIdTeryt><sln:powNazwa>gorlicki</sln:powNazwa><sln:waznyOd>2016-05-04T00:00:00+02:00</sln:waznyOd><sln:wojIIPId>dd2e3c64-f861-47cf-a3a3-e7751f272b2f</sln:wojIIPId><sln:wojIIPPn>PL.PZGIK.200</sln:wojIIPPn><sln:wojIIPWersja>2017-10-10T00:00:00+02:00</sln:wojIIPWersja><sln:wojIdTeryt>12</sln:wojIdTeryt><sln:wojNazwa>małopolskie</sln:wojNazwa></sln:miejscowosc><sln:miejscowosc><sln:cyklZyciaOd>2017-04-21T00:00:00+02:00</sln:cyklZyciaOd><sln:gmIIPId>45911156-7717-40b2-94ed-9186391fddb1</sln:gmIIPId><sln:gmIIPPn>PL.PZGIK.200</sln:gmIIPPn><sln:gmIIPWersja>2012-09-26T22:09:02+02:00</sln:gmIIPWersja><sln:gmIdTeryt>1205052</sln:gmIdTeryt><sln:gmNazwa>Lipinki</sln:gmNazwa><sln:miejscIIPId>812ed931-e9d4-44ef-888b-767139e3a2bb</sln:miejscIIPId><sln:miejscIIPPn>PL.PZGIK.200</sln:miejscIIPPn><sln:miejscIIPWersja>2017-04-21T13:41:30+02:00</sln:miejscIIPWersja><sln:miejscIdTeryt>0355826</sln:miejscIdTeryt><sln:miejscNazwa>Bednarka</sln:miejscNazwa><sln:miejscRodzaj>Wieś</sln:miejscRodzaj><sln:powIIPId>5b376d4f-e6fb-48f4-9302-a9b0a6cc2aeb</sln:powIIPId><sln:powIIPPn>PL.PZGIK.200</sln:powIIPPn><sln:powIIPWersja>2017-10-10T00:00:00+02:00</sln:powIIPWersja><sln:powIdTeryt>1205</sln:powIdTeryt><sln:powNazwa>gorlicki</sln:powNazwa><sln:waznyOd>2016-05-04T00:00:00+02:00</sln:waznyOd><sln:wojIIPId>dd2e3c64-f861-47cf-a3a3-e7751f272b2f</sln:wojIIPId><sln:wojIIPPn>PL.PZGIK.200</sln:wojIIPPn><sln:wojIIPWersja>2017-10-10T00:00:00+02:00</sln:wojIIPWersja><sln:wojIdTeryt>12</sln:wojIdTeryt><sln:wojNazwa>małopolskie</sln:wojNazwa></sln:miejscowosc><sln:miejscowosc><sln:cyklZyciaOd>2017-04-21T00:00:00+02:00</sln:cyklZyciaOd><sln:gmIIPId>45911156-7717-40b2-94ed-9186391fddb1</sln:gmIIPId><sln:gmIIPPn>PL.PZGIK.200</sln:gmIIPPn><sln:gmIIPWersja>2012-09-26T22:09:02+02:00</sln:gmIIPWersja><sln:gmIdTeryt>1205052</sln:gmIdTeryt><sln:gmNazwa>Lipinki</sln:gmNazwa><sln:miejscIIPId>46d4b413-6c8c-42c6-9f38-a7446fea064a</sln:miejscIIPId><sln:miejscIIPPn>PL.PZGIK.200</sln:miejscIIPPn><sln:miejscIIPWersja>2017-04-21T13:41:37+02:00</sln:miejscIIPWersja><sln:miejscIdTeryt>0355849</sln:miejscIdTeryt><sln:miejscNazwa>Kryg</sln:miejscNazwa><sln:miejscRodzaj>Wieś</sln:miejscRodzaj><sln:powIIPId>5b376d4f-e6fb-48f4-9302-a9b0a6cc2aeb</sln:powIIPId><sln:powIIPPn>PL.PZGIK.200</sln:powIIPPn><sln:powIIPWersja>2017-10-10T00:00:00+02:00</sln:powIIPWersja><sln:powIdTeryt>1205</sln:powIdTeryt><sln:powNazwa>gorlicki</sln:powNazwa><sln:waznyOd>2016-05-04T00:00:00+02:00</sln:waznyOd><sln:wojIIPId>dd2e3c64-f861-47cf-a3a3-e7751f272b2f</sln:wojIIPId><sln:wojIIPPn>PL.PZGIK.200</sln:wojIIPPn><sln:wojIIPWersja>2017-10-10T00:00:00+02:00</sln:wojIIPWersja><sln:wojIdTeryt>12</sln:wojIdTeryt><sln:wojNazwa>małopolskie</sln:wojNazwa></sln:miejscowosc><sln:miejscowosc><sln:cyklZyciaOd>2017-04-21T00:00:00+02:00</sln:cyklZyciaOd><sln:gmIIPId>45911156-7717-40b2-94ed-9186391fddb1</sln:gmIIPId><sln:gmIIPPn>PL.PZGIK.200</sln:gmIIPPn><sln:gmIIPWersja>2012-09-26T22:09:02+02:00</sln:gmIIPWersja><sln:gmIdTeryt>1205052</sln:gmIdTeryt><sln:gmNazwa>Lipinki</sln:gmNazwa><sln:miejscIIPId>e9d25ac4-a57e-49b7-96f2-cc862d999f9c</sln:miejscIIPId><sln:miejscIIPPn>PL.PZGIK.200</sln:miejscIIPPn><sln:miejscIIPWersja>2017-04-21T13:41:37+02:00</sln:miejscIIPWersja><sln:miejscIdTeryt>0355909</sln:miejscIdTeryt><sln:miejscNazwa>Lipinki</sln:miejscNazwa><sln:miejscRodzaj>Wieś</sln:miejscRodzaj><sln:powIIPId>5b376d4f-e6fb-48f4-9302-a9b0a6cc2aeb</sln:powIIPId><sln:powIIPPn>PL.PZGIK.200</sln:powIIPPn><sln:powIIPWersja>2017-10-10T00:00:00+02:00</sln:powIIPWersja><sln:powIdTeryt>1205</sln:powIdTeryt><sln:powNazwa>gorlicki</sln:powNazwa><sln:waznyOd>2016-05-04T00:00:00+02:00</sln:waznyOd><sln:wojIIPId>dd2e3c64-f861-47cf-a3a3-e7751f272b2f</sln:wojIIPId><sln:wojIIPPn>PL.PZGIK.200</sln:wojIIPPn><sln:wojIIPWersja>2017-10-10T00:00:00+02:00</sln:wojIIPWersja><sln:wojIdTeryt>12</sln:wojIdTeryt><sln:wojNazwa>małopolskie</sln:wojNazwa></sln:miejscowosc><sln:miejscowosc><sln:cyklZyciaOd>2017-04-21T00:00:00+02:00</sln:cyklZyciaOd><sln:gmIIPId>45911156-7717-40b2-94ed-9186391fddb1</sln:gmIIPId><sln:gmIIPPn>PL.PZGIK.200</sln:gmIIPPn><sln:gmIIPWersja>2012-09-26T22:09:02+02:00</sln:gmIIPWersja><sln:gmIdTeryt>1205052</sln:gmIdTeryt><sln:gmNazwa>Lipinki</sln:gmNazwa><sln:miejscIIPId>1fb2ed74-57bd-42d6-afa8-e311a43bec0f</sln:miejscIIPId><sln:miejscIIPPn>PL.PZGIK.200</sln:miejscIIPPn><sln:miejscIIPWersja>2017-04-21T13:41:37+02:00</sln:miejscIIPWersja><sln:miejscIdTeryt>0355996</sln:miejscIdTeryt><sln:miejscNazwa>Pagorzyna</sln:miejscNazwa><sln:miejscRodzaj>Wieś</sln:miejscRodzaj><sln:powIIPId>5b376d4f-e6fb-48f4-9302-a9b0a6cc2aeb</sln:powIIPId><sln:powIIPPn>PL.PZGIK.200</sln:powIIPPn><sln:powIIPWersja>2017-10-10T00:00:00+02:00</sln:powIIPWersja><sln:powIdTeryt>1205</sln:powIdTeryt><sln:powNazwa>gorlicki</sln:powNazwa><sln:waznyOd>2016-05-04T00:00:00+02:00</sln:waznyOd><sln:wojIIPId>dd2e3c64-f861-47cf-a3a3-e7751f272b2f</sln:wojIIPId><sln:wojIIPPn>PL.PZGIK.200</sln:wojIIPPn><sln:wojIIPWersja>2017-10-10T00:00:00+02:00</sln:wojIIPWersja><sln:wojIdTeryt>12</sln:wojIdTeryt><sln:wojNazwa>małopolskie</sln:wojNazwa></sln:miejscowosc><sln:miejscowosc><sln:cyklZyciaOd>2017-04-21T00:00:00+02:00</sln:cyklZyciaOd><sln:gmIIPId>45911156-7717-40b2-94ed-9186391fddb1</sln:gmIIPId><sln:gmIIPPn>PL.PZGIK.200</sln:gmIIPPn><sln:gmIIPWersja>2012-09-26T22:09:02+02:00</sln:gmIIPWersja><sln:gmIdTeryt>1205052</sln:gmIdTeryt><sln:gmNazwa>Lipinki</sln:gmNazwa><sln:miejscIIPId>65822b2d-b35c-4183-8d4c-86bcf9f23794</sln:miejscIIPId><sln:miejscIIPPn>PL.PZGIK.200</sln:miejscIIPPn><sln:miejscIIPWersja>2017-04-21T13:41:37+02:00</sln:miejscIIPWersja><sln:miejscIdTeryt>0356027</sln:miejscIdTeryt><sln:miejscNazwa>Rozdziele</sln:miejscNazwa><sln:miejscRodzaj>Wieś</sln:miejscRodzaj><sln:powIIPId>5b376d4f-e6fb-48f4-9302-a9b0a6cc2aeb</sln:powIIPId><sln:powIIPPn>PL.PZGIK.200</sln:powIIPPn><sln:powIIPWersja>2017-10-10T00:00:00+02:00</sln:powIIPWersja><sln:powIdTeryt>1205</sln:powIdTeryt><sln:powNazwa>gorlicki</sln:powNazwa><sln:waznyOd>2016-05-04T00:00:00+02:00</sln:waznyOd><sln:wojIIPId>dd2e3c64-f861-47cf-a3a3-e7751f272b2f</sln:wojIIPId><sln:wojIIPPn>PL.PZGIK.200</sln:wojIIPPn><sln:wojIIPWersja>2017-10-10T00:00:00+02:00</sln:wojIIPWersja><sln:wojIdTeryt>12</sln:wojIdTeryt><sln:wojNazwa>małopolskie</sln:wojNazwa></sln:miejscowosc><sln:miejscowosc><sln:cyklZyciaOd>2017-04-21T00:00:00+02:00</sln:cyklZyciaOd><sln:gmIIPId>45911156-7717-40b2-94ed-9186391fddb1</sln:gmIIPId><sln:gmIIPPn>PL.PZGIK.200</sln:gmIIPPn><sln:gmIIPWersja>2012-09-26T22:09:02+02:00</sln:gmIIPWersja><sln:gmIdTeryt>1205052</sln:gmIdTeryt><sln:gmNazwa>Lipinki</sln:gmNazwa><sln:miejscIIPId>027e8e81-250e-4a24-be8f-8f96c05a61a9</sln:miejscIIPId><sln:miejscIIPPn>PL.PZGIK.200</sln:miejscIIPPn><sln:miejscIIPWersja>2017-04-21T13:41:37+02:00</sln:miejscIIPWersja><sln:miejscIdTeryt>0356056</sln:miejscIdTeryt><sln:miejscNazwa>Wójtowa</sln:miejscNazwa><sln:miejscRodzaj>Wieś</sln:miejscRodzaj><sln:powIIPId>5b376d4f-e6fb-48f4-9302-a9b0a6cc2aeb</sln:powIIPId><sln:powIIPPn>PL.PZGIK.200</sln:powIIPPn><sln:powIIPWersja>2017-10-10T00:00:00+02:00</sln:powIIPWersja><sln:powIdTeryt>1205</sln:powIdTeryt><sln:powNazwa>gorlicki</sln:powNazwa><sln:waznyOd>2016-05-04T00:00:00+02:00</sln:waznyOd><sln:wojIIPId>dd2e3c64-f861-47cf-a3a3-e7751f272b2f</sln:wojIIPId><sln:wojIIPPn>PL.PZGIK.200</sln:wojIIPPn><sln:wojIIPWersja>2017-10-10T00:00:00+02:00</sln:wojIIPWersja><sln:wojIdTeryt>12</sln:wojIdTeryt><sln:wojNazwa>małopolskie</sln:wojNazwa></sln:miejscowosc></sln:lista-miejscowosci>