<?xml version="1.0" encoding="UTF-8" standalone="yes"?><sln:lista-miejscowosci xmlns:srv="http://gugik.gov.pl/schemas/slowniki-service/1.0" xmlns:sln="http://gugik.gov.pl/schemas/slowniki-schema/1.0"><sln:miejscowosc><sln:cyklZyciaDo>2016-12-02T00:00:00+01:00</sln:cyklZyciaDo><sln:cyklZyciaOd>2015-09-23T00:00:00+02:00</sln:cyklZyciaOd><sln:gmIIPId>e0772f3c-5000-4468-907f-c4a847810ff4</sln:gmIIPId><sln:gmIIPPn>PL.PZGIK.200</sln:gmIIPPn><sln:gmIIPWersja>2012-09-26T22:08:26+02:00</sln:gmIIPWersja><sln:gmIdTeryt>1202062</sln:gmIdTeryt><sln:gmNazwa>Iwkowa</sln:gmNazwa><sln:miejscIIPId>255bbad9-7609-4905-a93b-5c09c065864d</sln:miejscIIPId><sln:miejscIIPPn>PL.PZGIK.200</sln:miejscIIPPn><sln:miejscIIPWersja>2016-11-24T12:52:58+02:00</sln:miejscIIPWersja><sln:miejscIdTeryt>0820832</sln:miejscIdTeryt><sln:miejscNazwa>Dobrociesz</sln:miejscNazwa><sln:miejscRodzaj>Wieś</sln:miejscRodzaj><sln:powIIPId>8d0b0a85-17f0-4358-98a4-d312d6212b93</sln:powIIPId><sln:powIIPPn>PL.PZGIK.200</sln:powIIPPn><sln:powIIPWersja>2012-09-27T07:52:00+02:00</sln:powIIPWersja><sln:powIdTeryt>1202</sln:powIdTeryt><sln:powNazwa>brzeski</sln:powNazwa><sln:waznyOd>2015-05-14T00:00:00+02:00</sln:waznyOd><sln:wojIIPId>dd2e3c64-f861-47cf-a3a3-e7751f272b2f</sln:wojIIPId><sln:wojIIPPn>PL.PZGIK.200</sln:wojIIPPn><sln:wojIIPWersja>2017-10-10T00:00:00+02:00</sln:wojIIPWersja><sln:wojIdTeryt>12</sln:wojIdTeryt><sln:wojNazwa>małopolskie</sln:wojNazwa></sln:miejscowosc><sln:miejscowosc><sln:cyklZyciaDo>2016-12-02T00:00:00+01:00</sln:cyklZyciaDo><sln:cyklZyciaOd>2015-09-23T00:00:00+02:00</sln:cyklZyciaOd><sln:gmIIPId>e0772f3c-5000-4468-907f-c4a847810ff4</sln:gmIIPId><sln:gmIIPPn>PL.PZGIK.200</sln:gmIIPPn><sln:gmIIPWersja>2012-09-26T22:08:26+02:00</sln:gmIIPWersja><sln:gmIdTeryt>1202062</sln:gmIdTeryt><sln:gmNazwa>Iwkowa</sln:gmNazwa><sln:miejscIIPId>100ab3d5-e313-498e-a363-c68c6ebbe35e</sln:miejscIIPId><sln:miejscIIPPn>PL.PZGIK.200</sln:miejscIIPPn><sln:miejscIIPWersja>2016-11-24T12:52:58+02:00</sln:miejscIIPWersja><sln:miejscIdTeryt>0820921</sln:miejscIdTeryt><sln:miejscNazwa>Drużków Pusty</sln:miejscNazwa><sln:miejscRodzaj>Wieś</sln:miejscRodzaj><sln:powIIPId>8d0b0a85-17f0-4358-98a4-d312d6212b93</sln:powIIPId><sln:powIIPPn>PL.PZGIK.200</sln:powIIPPn><sln:powIIPWersja>2012-09-27T07:52:00+02:00</sln:powIIPWersja><sln:powIdTeryt>1202</sln:powIdTeryt><sln:powNazwa>brzeski</sln:powNazwa><sln:waznyOd>2015-05-14T00:00:00+02:00</sln:waznyOd><sln:wojIIPId>dd2e3c64-f861-47cf-a3a3-e7751f272b2f</sln:wojIIPId><sln:wojIIPPn>PL.PZGIK.200</sln:wojIIPPn><sln:wojIIPWersja>2017-10-10T00:00:00+02:00</sln:wojIIPWersja><sln:wojIdTeryt>12</sln:wojIdTeryt><sln:wojNazwa>małopolskie</sln:wojNazwa></sln:miejscowosc><sln:miejscowosc><sln:cyklZyciaDo>2016-12-02T00:00:00+01:00</sln:cyklZyciaDo><sln:cyklZyciaOd>2015-09-23T00:00:00+02:00</sln:cyklZyciaOd><sln:gmIIPId>e0772f3c-5000-4468-907f-c4a847810ff4</sln:gmIIPId><sln:gmIIPPn>PL.PZGIK.200</sln:gmIIPPn><sln:gmIIPWersja>2012-09-26T22:08:26+02:00</sln:gmIIPWersja><sln:gmIdTeryt>1202062</sln:gmIdTeryt><sln:gmNazwa>Iwkowa</sln:gmNazwa><sln:miejscIIPId>23c12f93-2217-4c33-b97d-8b781b6cfec5</sln:miejscIIPId><sln:miejscIIPPn>PL.PZGIK.200</sln:miejscIIPPn><sln:miejscIIPWersja>2016-11-24T12:52:58+02:00</sln:miejscIIPWersja><sln:miejscIdTeryt>0820967</sln:miejscIdTeryt><sln:miejscNazwa>Iwkowa</sln:miejscNazwa><sln:miejscRodzaj>Wieś</sln:miejscRodzaj><sln:powIIPId>8d0b0a85-17f0-4358-98a4-d312d6212b93</sln:powIIPId><sln:powIIPPn>PL.PZGIK.200</sln:powIIPPn><sln:powIIPWersja>2012-09-27T07:52:00+02:00</sln:powIIPWersja><sln:powIdTeryt>1202</sln:powIdTeryt><sln:powNazwa>brzeski</sln:powNazwa><sln:waznyOd>2015-05-14T00:00:00+02:00</sln:waznyOd><sln:wojIIPId>dd2e3c64-f861-47cf-a3a3-e7751f272b2f</sln:wojIIPId><sln:wojIIPPn>PL.PZGIK.200</sln:wojIIPPn><sln:wojIIPWersja>2017-10-10T00:00:00+02:00</sln:wojIIPWersja><sln:wojIdTeryt>12</sln:wojIdTeryt><sln:wojNazwa>małopolskie</sln:wojNazwa></sln:miejscowosc><sln:miejscowosc><sln:cyklZyciaDo>2016-12-02T00:00:00+01:00</sln:cyklZyciaDo><sln:cyklZyciaOd>2015-09-23T00:00:00+02:00</sln:cyklZyciaOd><sln:gmIIPId>e0772f3c-5000-4468-907f-c4a847810ff4</sln:gmIIPId><sln:gmIIPPn>PL.PZGIK.200</sln:gmIIPPn><sln:gmIIPWersja>2012-09-26T22:08:26+02:00</sln:gmIIPWersja><sln:gmIdTeryt>1202062</sln:gmIdTeryt><sln:gmNazwa>Iwkowa</sln:gmNazwa><sln:miejscIIPId>7f48084f-c493-417c-a563-5e575e79710d</sln:miejscIIPId><sln:miejscIIPPn>PL.PZGIK.200</sln:miejscIIPPn><sln:miejscIIPWersja>2016-11-24T12:52:58+02:00</sln:miejscIIPWersja><sln:miejscIdTeryt>0821062</sln:miejscIdTeryt><sln:miejscNazwa>Kąty</sln:miejscNazwa><sln:miejscRodzaj>Wieś</sln:miejscRodzaj><sln:powIIPId>8d0b0a85-17f0-4358-98a4-d312d6212b93</sln:powIIPId><sln:powIIPPn>PL.PZGIK.200</sln:powIIPPn><sln:powIIPWersja>2012-09-27T07:52:00+02:00</sln:powIIPWersja><sln:powIdTeryt>1202</sln:powIdTeryt><sln:powNazwa>brzeski</sln:powNazwa><sln:waznyOd>2015-05-14T00:00:00+02:00</sln:waznyOd><sln:wojIIPId>dd2e3c64-f861-47cf-a3a3-e7751f272b2f</sln:wojIIPId><sln:wojIIPPn>PL.PZGIK.200</sln:wojIIPPn><sln:wojIIPWersja>2017-10-10T00:00:00+02:00</sln:wojIIPWersja><sln:wojIdTeryt>12</sln:wojIdTeryt><sln:wojNazwa>małopolskie</sln:wojNazwa></sln:miejscowosc><sln:miejscowosc><sln:cyklZyciaDo>2016-12-02T00:00:00+01:00</sln:cyklZyciaDo><sln:cyklZyciaOd>2015-09-23T00:00:00+02:00</sln:cyklZyciaOd><sln:gmIIPId>e0772f3c-5000-4468-907f-c4a847810ff4</sln:gmIIPId><sln:gmIIPPn>PL.PZGIK.200</sln:gmIIPPn><sln:gmIIPWersja>2012-09-26T22:08:26+02:00</sln:gmIIPWersja><sln:gmIdTeryt>1202062</sln:gmIdTeryt><sln:gmNazwa>Iwkowa</sln:gmNazwa><sln:miejscIIPId>d48e4a6d-1711-4b83-a85a-c6a24858d085</sln:miejscIIPId><sln:miejscIIPPn>PL.PZGIK.200</sln:miejscIIPPn><sln:miejscIIPWersja>2016-11-24T12:52:58+02:00</sln:miejscIIPWersja><sln:miejscIdTeryt>0821116</sln:miejscIdTeryt><sln:miejscNazwa>Połom Mały</sln:miejscNazwa><sln:miejscRodzaj>Wieś</sln:miejscRodzaj><sln:powIIPId>8d0b0a85-17f0-4358-98a4-d312d6212b93</sln:powIIPId><sln:powIIPPn>PL.PZGIK.200</sln:powIIPPn><sln:powIIPWersja>2012-09-27T07:52:00+02:00</sln:powIIPWersja><sln:powIdTeryt>1202</sln:powIdTeryt><sln:powNazwa>brzeski</sln:powNazwa><sln:waznyOd>2015-05-14T00:00:00+02:00</sln:waznyOd><sln:wojIIPId>dd2e3c64-f861-47cf-a3a3-e7751f272b2f</sln:wojIIPId><sln:wojIIPPn>PL.PZGIK.200</sln:wojIIPPn><sln:wojIIPWersja>2017-10-10T00:00:00+02:00</sln:wojIIPWersja><sln:wojIdTeryt>12</sln:wojIdTeryt><sln:wojNazwa>małopolskie</sln:wojNazwa></sln:miejscowosc><sln:miejscowosc><sln:cyklZyciaDo>2016-12-02T00:00:00+01:00</sln:cyklZyciaDo><sln:cyklZyciaOd>2015-09-23T00:00:00+02:00</sln:cyklZyciaOd><sln:gmIIPId>e0772f3c-5000-4468-907f-c4a847810ff4</sln:gmIIPId><sln:gmIIPPn>PL.PZGIK.200</sln:gmIIPPn><sln:gmIIPWersja>2012-09-26T22:08:26+02:00</sln:gmIIPWersja><sln:gmIdTeryt>1202062</sln:gmIdTeryt><sln:gmNazwa>Iwkowa</sln:gmNazwa><sln:miejscIIPId>68f06d0d-1b83-4082-bcd9-9442ef1d16a3</sln:miejscIIPId><sln:miejscIIPPn>PL.PZGIK.200</sln:miejscIIPPn><sln:miejscIIPWersja>2016-11-24T12:52:58+02:00</sln:miejscIIPWersja><sln:miejscIdTeryt>0821151</sln:miejscIdTeryt><sln:miejscNazwa>Porąbka Iwkowska</sln:miejscNazwa><sln:miejscRodzaj>Wieś</sln:miejscRodzaj><sln:powIIPId>8d0b0a85-17f0-4358-98a4-d312d6212b93</sln:powIIPId><sln:powIIPPn>PL.PZGIK.200</sln:powIIPPn><sln:powIIPWersja>2012-09-27T07:52:00+02:00</sln:powIIPWersja><sln:powIdTeryt>1202</sln:powIdTeryt><sln:powNazwa>brzeski</sln:powNazwa><sln:waznyOd>2015-05-14T00:00:00+02:00</sln:waznyOd><sln:wojIIPId>dd2e3c64-f861-47cf-a3a3-e7751f272b2f</sln:wojIIPId><sln:wojIIPPn>PL.PZGIK.200</sln:wojIIPPn><sln:wojIIPWersja>2017-10-10T00:00:00+02:00</sln:wojIIPWersja><sln:wojIdTeryt>12</sln:wojIdTeryt><sln:wojNazwa>małopolskie</sln:wojNazwa></sln:miejscowosc><sln:miejscowosc><sln:cyklZyciaDo>2016-12-02T00:00:00+01:00</sln:cyklZyciaDo><sln:cyklZyciaOd>2015-09-23T00:00:00+02:00</sln:cyklZyciaOd><sln:gmIIPId>e0772f3c-5000-4468-907f-c4a847810ff4</sln:gmIIPId><sln:gmIIPPn>PL.PZGIK.200</sln:gmIIPPn><sln:gmIIPWersja>2012-09-26T22:08:26+02:00</sln:gmIIPWersja><sln:gmIdTeryt>1202062</sln:gmIdTeryt><sln:gmNazwa>Iwkowa</sln:gmNazwa><sln:miejscIIPId>30572c5f-034b-4f26-9b30-abae37875733</sln:miejscIIPId><sln:miejscIIPPn>PL.PZGIK.200</sln:miejscIIPPn><sln:miejscIIPWersja>2016-11-24T12:52:58+02:00</sln:miejscIIPWersja><sln:miejscIdTeryt>0821180</sln:miejscIdTeryt><sln:miejscNazwa>Wojakowa</sln:miejscNazwa><sln:miejscRodzaj>Wieś</sln:miejscRodzaj><sln:powIIPId>8d0b0a85-17f0-4358-98a4-d312d6212b93</sln:powIIPId><sln:powIIPPn>PL.PZGIK.200</sln:powIIPPn><sln:powIIPWersja>2012-09-27T07:52:00+02:00</sln:powIIPWersja><sln:powIdTeryt>1202</sln:powIdTeryt><sln:powNazwa>brzeski</sln:powNazwa><sln:waznyOd>2015-05-14T00:00:00+02:00</sln:waznyOd><sln:wojIIPId>dd2e3c64-f861-47cf-a3a3-e7751f272b2f</sln:wojIIPId><sln:wojIIPPn>PL.PZGIK.200</sln:wojIIPPn><sln:wojIIPWersja>2017-10-10T00:00:00+02:00</sln:wojIIPWersja><sln:wojIdTeryt>12</sln:wojIdTeryt><sln:wojNazwa>małopolskie</sln:wojNazwa></sln:miejscowosc><sln:miejscowosc><sln:cyklZyciaOd>2016-12-02T00:00:00+01:00</sln:cyklZyciaOd><sln:gmIIPId>e0772f3c-5000-4468-907f-c4a847810ff4</sln:gmIIPId><sln:gmIIPPn>PL.PZGIK.200</sln:gmIIPPn><sln:gmIIPWersja>2012-09-26T22:08:26+02:00</sln:gmIIPWersja><sln:gmIdTeryt>1202062</sln:gmIdTeryt><sln:gmNazwa>Iwkowa</sln:gmNazwa><sln:miejscIIPId>6f4429da-4dda-4e05-9300-c4967021f04e</sln:miejscIIPId><sln:miejscIIPPn>PL.PZGIK.200</sln:miejscIIPPn><sln:miejscIIPWersja>2016-12-02T12:56:03+02:00</sln:miejscIIPWersja><sln:miejscIdTeryt>0821116</sln:miejscIdTeryt><sln:miejscNazwa>Połom Mały</sln:miejscNazwa><sln:miejscRodzaj>Wieś</sln:miejscRodzaj><sln:powIIPId>8d0b0a85-17f0-4358-98a4-d312d6212b93</sln:powIIPId><sln:powIIPPn>PL.PZGIK.200</sln:powIIPPn><sln:powIIPWersja>2012-09-27T07:52:00+02:00</sln:powIIPWersja><sln:powIdTeryt>1202</sln:powIdTeryt><sln:powNazwa>brzeski</sln:powNazwa><sln:wojIIPId>dd2e3c64-f861-47cf-a3a3-e7751f272b2f</sln:wojIIPId><sln:wojIIPPn>PL.PZGIK.200</sln:wojIIPPn><sln:wojIIPWersja>2017-10-10T00:00:00+02:00</sln:wojIIPWersja><sln:wojIdTeryt>12</sln:wojIdTeryt><sln:wojNazwa>małopolskie</sln:wojNazwa></sln:miejscowosc><sln:miejscowosc><sln:cyklZyciaOd>2016-12-02T00:00:00+01:00</sln:cyklZyciaOd><sln:gmIIPId>e0772f3c-5000-4468-907f-c4a847810ff4</sln:gmIIPId><sln:gmIIPPn>PL.PZGIK.200</sln:gmIIPPn><sln:gmIIPWersja>2012-09-26T22:08:26+02:00</sln:gmIIPWersja><sln:gmIdTeryt>1202062</sln:gmIdTeryt><sln:gmNazwa>Iwkowa</sln:gmNazwa><sln:miejscIIPId>9338a958-b55b-41af-a6d1-7de8e4117815</sln:miejscIIPId><sln:miejscIIPPn>PL.PZGIK.200</sln:miejscIIPPn><sln:miejscIIPWersja>2016-12-02T12:56:09+02:00</sln:miejscIIPWersja><sln:miejscIdTeryt>0821151</sln:miejscIdTeryt><sln:miejscNazwa>Porąbka Iwkowska</sln:miejscNazwa><sln:miejscRodzaj>Wieś</sln:miejscRodzaj><sln:powIIPId>8d0b0a85-17f0-4358-98a4-d312d6212b93</sln:powIIPId><sln:powIIPPn>PL.PZGIK.200</sln:powIIPPn><sln:powIIPWersja>2012-09-27T07:52:00+02:00</sln:powIIPWersja><sln:powIdTeryt>1202</sln:powIdTeryt><sln:powNazwa>brzeski</sln:powNazwa><sln:wojIIPId>dd2e3c64-f861-47cf-a3a3-e7751f272b2f</sln:wojIIPId><sln:wojIIPPn>PL.PZGIK.200</sln:wojIIPPn><sln:wojIIPWersja>2017-10-10T00:00:00+02:00</sln:wojIIPWersja><sln:wojIdTeryt>12</sln:wojIdTeryt><sln:wojNazwa>małopolskie</sln:wojNazwa></sln:miejscowosc><sln:miejscowosc><sln:cyklZyciaOd>2016-12-02T00:00:00+01:00</sln:cyklZyciaOd><sln:gmIIPId>e0772f3c-5000-4468-907f-c4a847810ff4</sln:gmIIPId><sln:gmIIPPn>PL.PZGIK.200</sln:gmIIPPn><sln:gmIIPWersja>2012-09-26T22:08:26+02:00</sln:gmIIPWersja><sln:gmIdTeryt>1202062</sln:gmIdTeryt><sln:gmNazwa>Iwkowa</sln:gmNazwa><sln:miejscIIPId>47071408-7d71-4fac-a2bb-91c40f36fe7f</sln:miejscIIPId><sln:miejscIIPPn>PL.PZGIK.200</sln:miejscIIPPn><sln:miejscIIPWersja>2016-12-02T12:56:10+02:00</sln:miejscIIPWersja><sln:miejscIdTeryt>0821180</sln:miejscIdTeryt><sln:miejscNazwa>Wojakowa</sln:miejscNazwa><sln:miejscRodzaj>Wieś</sln:miejscRodzaj><sln:powIIPId>8d0b0a85-17f0-4358-98a4-d312d6212b93</sln:powIIPId><sln:powIIPPn>PL.PZGIK.200</sln:powIIPPn><sln:powIIPWersja>2012-09-27T07:52:00+02:00</sln:powIIPWersja><sln:powIdTeryt>1202</sln:powIdTeryt><sln:powNazwa>brzeski</sln:powNazwa><sln:wojIIPId>dd2e3c64-f861-47cf-a3a3-e7751f272b2f</sln:wojIIPId><sln:wojIIPPn>PL.PZGIK.200</sln:wojIIPPn><sln:wojIIPWersja>2017-10-10T00:00:00+02:00</sln:wojIIPWersja><sln:wojIdTeryt>12</sln:wojIdTeryt><sln:wojNazwa>małopolskie</sln:wojNazwa></sln:miejscowosc><sln:miejscowosc><sln:cyklZyciaOd>2016-12-02T00:00:00+01:00</sln:cyklZyciaOd><sln:gmIIPId>e0772f3c-5000-4468-907f-c4a847810ff4</sln:gmIIPId><sln:gmIIPPn>PL.PZGIK.200</sln:gmIIPPn><sln:gmIIPWersja>2012-09-26T22:08:26+02:00</sln:gmIIPWersja><sln:gmIdTeryt>1202062</sln:gmIdTeryt><sln:gmNazwa>Iwkowa</sln:gmNazwa><sln:miejscIIPId>ce931ce3-8a96-4239-a227-6f808feaaa0f</sln:miejscIIPId><sln:miejscIIPPn>PL.PZGIK.200</sln:miejscIIPPn><sln:miejscIIPWersja>2016-12-02T12:56:10+02:00</sln:miejscIIPWersja><sln:miejscIdTeryt>0820832</sln:miejscIdTeryt><sln:miejscNazwa>Dobrociesz</sln:miejscNazwa><sln:miejscRodzaj>Wieś</sln:miejscRodzaj><sln:powIIPId>8d0b0a85-17f0-4358-98a4-d312d6212b93</sln:powIIPId><sln:powIIPPn>PL.PZGIK.200</sln:powIIPPn><sln:powIIPWersja>2012-09-27T07:52:00+02:00</sln:powIIPWersja><sln:powIdTeryt>1202</sln:powIdTeryt><sln:powNazwa>brzeski</sln:powNazwa><sln:wojIIPId>dd2e3c64-f861-47cf-a3a3-e7751f272b2f</sln:wojIIPId><sln:wojIIPPn>PL.PZGIK.200</sln:wojIIPPn><sln:wojIIPWersja>2017-10-10T00:00:00+02:00</sln:wojIIPWersja><sln:wojIdTeryt>12</sln:wojIdTeryt><sln:wojNazwa>małopolskie</sln:wojNazwa></sln:miejscowosc><sln:miejscowosc><sln:cyklZyciaOd>2016-12-02T00:00:00+01:00</sln:cyklZyciaOd><sln:gmIIPId>e0772f3c-5000-4468-907f-c4a847810ff4</sln:gmIIPId><sln:gmIIPPn>PL.PZGIK.200</sln:gmIIPPn><sln:gmIIPWersja>2012-09-26T22:08:26+02:00</sln:gmIIPWersja><sln:gmIdTeryt>1202062</sln:gmIdTeryt><sln:gmNazwa>Iwkowa</sln:gmNazwa><sln:miejscIIPId>bbb4d00b-3ce0-4e9f-ae69-bba3b78a6b63</sln:miejscIIPId><sln:miejscIIPPn>PL.PZGIK.200</sln:miejscIIPPn><sln:miejscIIPWersja>2016-12-02T12:56:10+02:00</sln:miejscIIPWersja><sln:miejscIdTeryt>0820921</sln:miejscIdTeryt><sln:miejscNazwa>Drużków Pusty</sln:miejscNazwa><sln:miejscRodzaj>Wieś</sln:miejscRodzaj><sln:powIIPId>8d0b0a85-17f0-4358-98a4-d312d6212b93</sln:powIIPId><sln:powIIPPn>PL.PZGIK.200</sln:powIIPPn><sln:powIIPWersja>2012-09-27T07:52:00+02:00</sln:powIIPWersja><sln:powIdTeryt>1202</sln:powIdTeryt><sln:powNazwa>brzeski</sln:powNazwa><sln:wojIIPId>dd2e3c64-f861-47cf-a3a3-e7751f272b2f</sln:wojIIPId><sln:wojIIPPn>PL.PZGIK.200</sln:wojIIPPn><sln:wojIIPWersja>2017-10-10T00:00:00+02:00</sln:wojIIPWersja><sln:wojIdTeryt>12</sln:wojIdTeryt><sln:wojNazwa>małopolskie</sln:wojNazwa></sln:miejscowosc><sln:miejscowosc><sln:cyklZyciaOd>2016-12-02T00:00:00+01:00</sln:cyklZyciaOd><sln:gmIIPId>e0772f3c-5000-4468-907f-c4a847810ff4</sln:gmIIPId><sln:gmIIPPn>PL.PZGIK.200</sln:gmIIPPn><sln:gmIIPWersja>2012-09-26T22:08:26+02:00</sln:gmIIPWersja><sln:gmIdTeryt>1202062</sln:gmIdTeryt><sln:gmNazwa>Iwkowa</sln:gmNazwa><sln:miejscIIPId>39bad0a8-ea45-478c-8965-9f1d511690de</sln:miejscIIPId><sln:miejscIIPPn>PL.PZGIK.200</sln:miejscIIPPn><sln:miejscIIPWersja>2016-12-02T12:56:10+02:00</sln:miejscIIPWersja><sln:miejscIdTeryt>0820967</sln:miejscIdTeryt><sln:miejscNazwa>Iwkowa</sln:miejscNazwa><sln:miejscRodzaj>Wieś</sln:miejscRodzaj><sln:powIIPId>8d0b0a85-17f0-4358-98a4-d312d6212b93</sln:powIIPId><sln:powIIPPn>PL.PZGIK.200</sln:powIIPPn><sln:powIIPWersja>2012-09-27T07:52:00+02:00</sln:powIIPWersja><sln:powIdTeryt>1202</sln:powIdTeryt><sln:powNazwa>brzeski</sln:powNazwa><sln:wojIIPId>dd2e3c64-f861-47cf-a3a3-e7751f272b2f</sln:wojIIPId><sln:wojIIPPn>PL.PZGIK.200</sln:wojIIPPn><sln:wojIIPWersja>2017-10-10T00:00:00+02:00</sln:wojIIPWersja><sln:wojIdTeryt>12</sln:wojIdTeryt><sln:wojNazwa>małopolskie</sln:wojNazwa></sln:miejscowosc><sln:miejscowosc><sln:cyklZyciaOd>2016-12-02T00:00:00+01:00</sln:cyklZyciaOd><sln:gmIIPId>e0772f3c-5000-4468-907f-c4a847810ff4</sln:gmIIPId><sln:gmIIPPn>PL.PZGIK.200</sln:gmIIPPn><sln:gmIIPWersja>2012-09-26T22:08:26+02:00</sln:gmIIPWersja><sln:gmIdTeryt>1202062</sln:gmIdTeryt><sln:gmNazwa>Iwkowa</sln:gmNazwa><sln:miejscIIPId>4b6bc72a-8cb1-46a4-90e8-eb809998f7cc</sln:miejscIIPId><sln:miejscIIPPn>PL.PZGIK.200</sln:miejscIIPPn><sln:miejscIIPWersja>2016-12-02T12:56:10+02:00</sln:miejscIIPWersja><sln:miejscIdTeryt>0821062</sln:miejscIdTeryt><sln:miejscNazwa>Kąty</sln:miejscNazwa><sln:miejscRodzaj>Wieś</sln:miejscRodzaj><sln:powIIPId>8d0b0a85-17f0-4358-98a4-d312d6212b93</sln:powIIPId><sln:powIIPPn>PL.PZGIK.200</sln:powIIPPn><sln:powIIPWersja>2012-09-27T07:52:00+02:00</sln:powIIPWersja><sln:powIdTeryt>1202</sln:powIdTeryt><sln:powNazwa>brzeski</sln:powNazwa><sln:wojIIPId>dd2e3c64-f861-47cf-a3a3-e7751f272b2f</sln:wojIIPId><sln:wojIIPPn>PL.PZGIK.200</sln:wojIIPPn><sln:wojIIPWersja>2017-10-10T00:00:00+02:00</sln:wojIIPWersja><sln:wojIdTeryt>12</sln:wojIdTeryt><sln:wojNazwa>małopolskie</sln:wojNazwa></sln:miejscowosc><sln:miejscowosc><sln:cyklZyciaOd>2016-12-02T00:00:00+01:00</sln:cyklZyciaOd><sln:gmIIPId>e0772f3c-5000-4468-907f-c4a847810ff4</sln:gmIIPId><sln:gmIIPPn>PL.PZGIK.200</sln:gmIIPPn><sln:gmIIPWersja>2012-09-26T22:08:26+02:00</sln:gmIIPWersja><sln:gmIdTeryt>1202062</sln:gmIdTeryt><sln:gmNazwa>Iwkowa</sln:gmNazwa><sln:miejscIIPId>4b7e10c3-100b-4623-9205-1731483ae779</sln:miejscIIPId><sln:miejscIIPPn>PL.PZGIK.200</sln:miejscIIPPn><sln:miejscIIPWersja>2016-12-02T12:56:10+02:00</sln:miejscIIPWersja><sln:miejscIdTeryt>0821168</sln:miejscIdTeryt><sln:miejscNIIPId>9338a958-b55b-41af-a6d1-7de8e4117815</sln:miejscNIIPId><sln:miejscNIIPPn>PL.PZGIK.200</sln:miejscNIIPPn><sln:miejscNIIPWersja>2016-12-02T12:56:09+02:00</sln:miejscNIIPWersja><sln:miejscNIdTeryt>0821151</sln:miejscNIdTeryt><sln:miejscNNazwa>Porąbka Iwkowska</sln:miejscNNazwa><sln:miejscNRodzaj>Wieś</sln:miejscNRodzaj><sln:miejscNazwa>Klin</sln:miejscNazwa><sln:miejscRodzaj>Inny obiekt</sln:miejscRodzaj><sln:powIIPId>8d0b0a85-17f0-4358-98a4-d312d6212b93</sln:powIIPId><sln:powIIPPn>PL.PZGIK.200</sln:powIIPPn><sln:powIIPWersja>2012-09-27T07:52:00+02:00</sln:powIIPWersja><sln:powIdTeryt>1202</sln:powIdTeryt><sln:powNazwa>brzeski</sln:powNazwa><sln:wojIIPId>dd2e3c64-f861-47cf-a3a3-e7751f272b2f</sln:wojIIPId><sln:wojIIPPn>PL.PZGIK.200</sln:wojIIPPn><sln:wojIIPWersja>2017-10-10T00:00:00+02:00</sln:wojIIPWersja><sln:wojIdTeryt>12</sln:wojIdTeryt><sln:wojNazwa>małopolskie</sln:wojNazwa></sln:miejscowosc><sln:miejscowosc><sln:cyklZyciaOd>2016-12-02T00:00:00+01:00</sln:cyklZyciaOd><sln:gmIIPId>e0772f3c-5000-4468-907f-c4a847810ff4</sln:gmIIPId><sln:gmIIPPn>PL.PZGIK.200</sln:gmIIPPn><sln:gmIIPWersja>2012-09-26T22:08:26+02:00</sln:gmIIPWersja><sln:gmIdTeryt>1202062</sln:gmIdTeryt><sln:gmNazwa>Iwkowa</sln:gmNazwa><sln:miejscIIPId>32fb0d58-5be1-4619-87ad-659c6311db9c</sln:miejscIIPId><sln:miejscIIPPn>PL.PZGIK.200</sln:miejscIIPPn><sln:miejscIIPWersja>2016-12-02T12:56:10+02:00</sln:miejscIIPWersja><sln:miejscIdTeryt>0821174</sln:miejscIdTeryt><sln:miejscNIIPId>9338a958-b55b-41af-a6d1-7de8e4117815</sln:miejscNIIPId><sln:miejscNIIPPn>PL.PZGIK.200</sln:miejscNIIPPn><sln:miejscNIIPWersja>2016-12-02T12:56:09+02:00</sln:miejscNIIPWersja><sln:miejscNIdTeryt>0821151</sln:miejscNIdTeryt><sln:miejscNNazwa>Porąbka Iwkowska</sln:miejscNNazwa><sln:miejscNRodzaj>Wieś</sln:miejscNRodzaj><sln:miejscNazwa>Mulkówka</sln:miejscNazwa><sln:miejscRodzaj>Inny obiekt</sln:miejscRodzaj><sln:powIIPId>8d0b0a85-17f0-4358-98a4-d312d6212b93</sln:powIIPId><sln:powIIPPn>PL.PZGIK.200</sln:powIIPPn><sln:powIIPWersja>2012-09-27T07:52:00+02:00</sln:powIIPWersja><sln:powIdTeryt>1202</sln:powIdTeryt><sln:powNazwa>brzeski</sln:powNazwa><sln:wojIIPId>dd2e3c64-f861-47cf-a3a3-e7751f272b2f</sln:wojIIPId><sln:wojIIPPn>PL.PZGIK.200</sln:wojIIPPn><sln:wojIIPWersja>2017-10-10T00:00:00+02:00</sln:wojIIPWersja><sln:wojIdTeryt>12</sln:wojIdTeryt><sln:wojNazwa>małopolskie</sln:wojNazwa></sln:miejscowosc><sln:miejscowosc><sln:cyklZyciaOd>2016-12-02T00:00:00+01:00</sln:cyklZyciaOd><sln:gmIIPId>e0772f3c-5000-4468-907f-c4a847810ff4</sln:gmIIPId><sln:gmIIPPn>PL.PZGIK.200</sln:gmIIPPn><sln:gmIIPWersja>2012-09-26T22:08:26+02:00</sln:gmIIPWersja><sln:gmIdTeryt>1202062</sln:gmIdTeryt><sln:gmNazwa>Iwkowa</sln:gmNazwa><sln:miejscIIPId>f8ee137b-72af-4314-a05d-a74cb32c797b</sln:miejscIIPId><sln:miejscIIPPn>PL.PZGIK.200</sln:miejscIIPPn><sln:miejscIIPWersja>2016-12-02T12:56:10+02:00</sln:miejscIIPWersja><sln:miejscIdTeryt>0821286</sln:miejscIdTeryt><sln:miejscNIIPId>47071408-7d71-4fac-a2bb-91c40f36fe7f</sln:miejscNIIPId><sln:miejscNIIPPn>PL.PZGIK.200</sln:miejscNIIPPn><sln:miejscNIIPWersja>2016-12-02T12:56:10+02:00</sln:miejscNIIPWersja><sln:miejscNIdTeryt>0821180</sln:miejscNIdTeryt><sln:miejscNNazwa>Wojakowa</sln:miejscNNazwa><sln:miejscNRodzaj>Wieś</sln:miejscNRodzaj><sln:miejscNazwa>Podlipie</sln:miejscNazwa><sln:miejscRodzaj>Inny obiekt</sln:miejscRodzaj><sln:powIIPId>8d0b0a85-17f0-4358-98a4-d312d6212b93</sln:powIIPId><sln:powIIPPn>PL.PZGIK.200</sln:powIIPPn><sln:powIIPWersja>2012-09-27T07:52:00+02:00</sln:powIIPWersja><sln:powIdTeryt>1202</sln:powIdTeryt><sln:powNazwa>brzeski</sln:powNazwa><sln:wojIIPId>dd2e3c64-f861-47cf-a3a3-e7751f272b2f</sln:wojIIPId><sln:wojIIPPn>PL.PZGIK.200</sln:wojIIPPn><sln:wojIIPWersja>2017-10-10T00:00:00+02:00</sln:wojIIPWersja><sln:wojIdTeryt>12</sln:wojIdTeryt><sln:wojNazwa>małopolskie</sln:wojNazwa></sln:miejscowosc><sln:miejscowosc><sln:cyklZyciaOd>2016-12-02T00:00:00+01:00</sln:cyklZyciaOd><sln:gmIIPId>e0772f3c-5000-4468-907f-c4a847810ff4</sln:gmIIPId><sln:gmIIPPn>PL.PZGIK.200</sln:gmIIPPn><sln:gmIIPWersja>2012-09-26T22:08:26+02:00</sln:gmIIPWersja><sln:gmIdTeryt>1202062</sln:gmIdTeryt><sln:gmNazwa>Iwkowa</sln:gmNazwa><sln:miejscIIPId>7f331b4b-1a17-4e6b-a4e8-311c2a676363</sln:miejscIIPId><sln:miejscIIPPn>PL.PZGIK.200</sln:miejscIIPPn><sln:miejscIIPWersja>2016-12-02T12:56:10+02:00</sln:miejscIIPWersja><sln:miejscIdTeryt>0821317</sln:miejscIdTeryt><sln:miejscNIIPId>47071408-7d71-4fac-a2bb-91c40f36fe7f</sln:miejscNIIPId><sln:miejscNIIPPn>PL.PZGIK.200</sln:miejscNIIPPn><sln:miejscNIIPWersja>2016-12-02T12:56:10+02:00</sln:miejscNIIPWersja><sln:miejscNIdTeryt>0821180</sln:miejscNIdTeryt><sln:miejscNNazwa>Wojakowa</sln:miejscNNazwa><sln:miejscNRodzaj>Wieś</sln:miejscNRodzaj><sln:miejscNazwa>Role</sln:miejscNazwa><sln:miejscRodzaj>Inny obiekt</sln:miejscRodzaj><sln:powIIPId>8d0b0a85-17f0-4358-98a4-d312d6212b93</sln:powIIPId><sln:powIIPPn>PL.PZGIK.200</sln:powIIPPn><sln:powIIPWersja>2012-09-27T07:52:00+02:00</sln:powIIPWersja><sln:powIdTeryt>1202</sln:powIdTeryt><sln:powNazwa>brzeski</sln:powNazwa><sln:wojIIPId>dd2e3c64-f861-47cf-a3a3-e7751f272b2f</sln:wojIIPId><sln:wojIIPPn>PL.PZGIK.200</sln:wojIIPPn><sln:wojIIPWersja>2017-10-10T00:00:00+02:00</sln:wojIIPWersja><sln:wojIdTeryt>12</sln:wojIdTeryt><sln:wojNazwa>małopolskie</sln:wojNazwa></sln:miejscowosc><sln:miejscowosc><sln:cyklZyciaOd>2016-12-02T00:00:00+01:00</sln:cyklZyciaOd><sln:gmIIPId>e0772f3c-5000-4468-907f-c4a847810ff4</sln:gmIIPId><sln:gmIIPPn>PL.PZGIK.200</sln:gmIIPPn><sln:gmIIPWersja>2012-09-26T22:08:26+02:00</sln:gmIIPWersja><sln:gmIdTeryt>1202062</sln:gmIdTeryt><sln:gmNazwa>Iwkowa</sln:gmNazwa><sln:miejscIIPId>d1acce99-9593-44e5-a1b6-b805e908c71f</sln:miejscIIPId><sln:miejscIIPPn>PL.PZGIK.200</sln:miejscIIPPn><sln:miejscIIPWersja>2016-12-02T12:56:10+02:00</sln:miejscIIPWersja><sln:miejscIdTeryt>0821369</sln:miejscIdTeryt><sln:miejscNIIPId>47071408-7d71-4fac-a2bb-91c40f36fe7f</sln:miejscNIIPId><sln:miejscNIIPPn>PL.PZGIK.200</sln:miejscNIIPPn><sln:miejscNIIPWersja>2016-12-02T12:56:10+02:00</sln:miejscNIIPWersja><sln:miejscNIdTeryt>0821180</sln:miejscNIdTeryt><sln:miejscNNazwa>Wojakowa</sln:miejscNNazwa><sln:miejscNRodzaj>Wieś</sln:miejscNRodzaj><sln:miejscNazwa>Wola</sln:miejscNazwa><sln:miejscRodzaj>Inny obiekt</sln:miejscRodzaj><sln:powIIPId>8d0b0a85-17f0-4358-98a4-d312d6212b93</sln:powIIPId><sln:powIIPPn>PL.PZGIK.200</sln:powIIPPn><sln:powIIPWersja>2012-09-27T07:52:00+02:00</sln:powIIPWersja><sln:powIdTeryt>1202</sln:powIdTeryt><sln:powNazwa>brzeski</sln:powNazwa><sln:wojIIPId>dd2e3c64-f861-47cf-a3a3-e7751f272b2f</sln:wojIIPId><sln:wojIIPPn>PL.PZGIK.200</sln:wojIIPPn><sln:wojIIPWersja>2017-10-10T00:00:00+02:00</sln:wojIIPWersja><sln:wojIdTeryt>12</sln:wojIdTeryt><sln:wojNazwa>małopolskie</sln:wojNazwa></sln:miejscowosc><sln:miejscowosc><sln:cyklZyciaOd>2016-12-02T00:00:00+01:00</sln:cyklZyciaOd><sln:gmIIPId>e0772f3c-5000-4468-907f-c4a847810ff4</sln:gmIIPId><sln:gmIIPPn>PL.PZGIK.200</sln:gmIIPPn><sln:gmIIPWersja>2012-09-26T22:08:26+02:00</sln:gmIIPWersja><sln:gmIdTeryt>1202062</sln:gmIdTeryt><sln:gmNazwa>Iwkowa</sln:gmNazwa><sln:miejscIIPId>6f55d506-934c-44bf-a86c-9aac5e3c8e6d</sln:miejscIIPId><sln:miejscIIPPn>PL.PZGIK.200</sln:miejscIIPPn><sln:miejscIIPWersja>2016-12-02T12:56:10+02:00</sln:miejscIIPWersja><sln:miejscIdTeryt>0821381</sln:miejscIdTeryt><sln:miejscNIIPId>47071408-7d71-4fac-a2bb-91c40f36fe7f</sln:miejscNIIPId><sln:miejscNIIPPn>PL.PZGIK.200</sln:miejscNIIPPn><sln:miejscNIIPWersja>2016-12-02T12:56:10+02:00</sln:miejscNIIPWersja><sln:miejscNIdTeryt>0821180</sln:miejscNIdTeryt><sln:miejscNNazwa>Wojakowa</sln:miejscNNazwa><sln:miejscNRodzaj>Wieś</sln:miejscNRodzaj><sln:miejscNazwa>Zagórze</sln:miejscNazwa><sln:miejscRodzaj>Inny obiekt</sln:miejscRodzaj><sln:powIIPId>8d0b0a85-17f0-4358-98a4-d312d6212b93</sln:powIIPId><sln:powIIPPn>PL.PZGIK.200</sln:powIIPPn><sln:powIIPWersja>2012-09-27T07:52:00+02:00</sln:powIIPWersja><sln:powIdTeryt>1202</sln:powIdTeryt><sln:powNazwa>brzeski</sln:powNazwa><sln:wojIIPId>dd2e3c64-f861-47cf-a3a3-e7751f272b2f</sln:wojIIPId><sln:wojIIPPn>PL.PZGIK.200</sln:wojIIPPn><sln:wojIIPWersja>2017-10-10T00:00:00+02:00</sln:wojIIPWersja><sln:wojIdTeryt>12</sln:wojIdTeryt><sln:wojNazwa>małopolskie</sln:wojNazwa></sln:miejscowosc><sln:miejscowosc><sln:cyklZyciaOd>2016-12-02T00:00:00+01:00</sln:cyklZyciaOd><sln:gmIIPId>e0772f3c-5000-4468-907f-c4a847810ff4</sln:gmIIPId><sln:gmIIPPn>PL.PZGIK.200</sln:gmIIPPn><sln:gmIIPWersja>2012-09-26T22:08:26+02:00</sln:gmIIPWersja><sln:gmIdTeryt>1202062</sln:gmIdTeryt><sln:gmNazwa>Iwkowa</sln:gmNazwa><sln:miejscIIPId>6bd7e5a8-4489-4a24-ad50-44135ba5c8c4</sln:miejscIIPId><sln:miejscIIPPn>PL.PZGIK.200</sln:miejscIIPPn><sln:miejscIIPWersja>2016-12-02T12:56:10+02:00</sln:miejscIIPWersja><sln:miejscIdTeryt>0821205</sln:miejscIdTeryt><sln:miejscNIIPId>47071408-7d71-4fac-a2bb-91c40f36fe7f</sln:miejscNIIPId><sln:miejscNIIPPn>PL.PZGIK.200</sln:miejscNIIPPn><sln:miejscNIIPWersja>2016-12-02T12:56:10+02:00</sln:miejscNIIPWersja><sln:miejscNIdTeryt>0821180</sln:miejscNIdTeryt><sln:miejscNNazwa>Wojakowa</sln:miejscNNazwa><sln:miejscNRodzaj>Wieś</sln:miejscNRodzaj><sln:miejscNazwa>Działek</sln:miejscNazwa><sln:miejscRodzaj>Inny obiekt</sln:miejscRodzaj><sln:powIIPId>8d0b0a85-17f0-4358-98a4-d312d6212b93</sln:powIIPId><sln:powIIPPn>PL.PZGIK.200</sln:powIIPPn><sln:powIIPWersja>2012-09-27T07:52:00+02:00</sln:powIIPWersja><sln:powIdTeryt>1202</sln:powIdTeryt><sln:powNazwa>brzeski</sln:powNazwa><sln:wojIIPId>dd2e3c64-f861-47cf-a3a3-e7751f272b2f</sln:wojIIPId><sln:wojIIPPn>PL.PZGIK.200</sln:wojIIPPn><sln:wojIIPWersja>2017-10-10T00:00:00+02:00</sln:wojIIPWersja><sln:wojIdTeryt>12</sln:wojIdTeryt><sln:wojNazwa>małopolskie</sln:wojNazwa></sln:miejscowosc><sln:miejscowosc><sln:cyklZyciaOd>2016-12-02T00:00:00+01:00</sln:cyklZyciaOd><sln:gmIIPId>e0772f3c-5000-4468-907f-c4a847810ff4</sln:gmIIPId><sln:gmIIPPn>PL.PZGIK.200</sln:gmIIPPn><sln:gmIIPWersja>2012-09-26T22:08:26+02:00</sln:gmIIPWersja><sln:gmIdTeryt>1202062</sln:gmIdTeryt><sln:gmNazwa>Iwkowa</sln:gmNazwa><sln:miejscIIPId>0abc8423-2211-45e0-8ca0-0bda976088f2</sln:miejscIIPId><sln:miejscIIPPn>PL.PZGIK.200</sln:miejscIIPPn><sln:miejscIIPWersja>2016-12-02T12:56:10+02:00</sln:miejscIIPWersja><sln:miejscIdTeryt>0821323</sln:miejscIdTeryt><sln:miejscNIIPId>47071408-7d71-4fac-a2bb-91c40f36fe7f</sln:miejscNIIPId><sln:miejscNIIPPn>PL.PZGIK.200</sln:miejscNIIPPn><sln:miejscNIIPWersja>2016-12-02T12:56:10+02:00</sln:miejscNIIPWersja><sln:miejscNIdTeryt>0821180</sln:miejscNIdTeryt><sln:miejscNNazwa>Wojakowa</sln:miejscNNazwa><sln:miejscNRodzaj>Wieś</sln:miejscNRodzaj><sln:miejscNazwa>Roztoka</sln:miejscNazwa><sln:miejscRodzaj>Inny obiekt</sln:miejscRodzaj><sln:powIIPId>8d0b0a85-17f0-4358-98a4-d312d6212b93</sln:powIIPId><sln:powIIPPn>PL.PZGIK.200</sln:powIIPPn><sln:powIIPWersja>2012-09-27T07:52:00+02:00</sln:powIIPWersja><sln:powIdTeryt>1202</sln:powIdTeryt><sln:powNazwa>brzeski</sln:powNazwa><sln:wojIIPId>dd2e3c64-f861-47cf-a3a3-e7751f272b2f</sln:wojIIPId><sln:wojIIPPn>PL.PZGIK.200</sln:wojIIPPn><sln:wojIIPWersja>2017-10-10T00:00:00+02:00</sln:wojIIPWersja><sln:wojIdTeryt>12</sln:wojIdTeryt><sln:wojNazwa>małopolskie</sln:wojNazwa></sln:miejscowosc><sln:miejscowosc><sln:cyklZyciaOd>2016-12-02T00:00:00+01:00</sln:cyklZyciaOd><sln:gmIIPId>e0772f3c-5000-4468-907f-c4a847810ff4</sln:gmIIPId><sln:gmIIPPn>PL.PZGIK.200</sln:gmIIPPn><sln:gmIIPWersja>2012-09-26T22:08:26+02:00</sln:gmIIPWersja><sln:gmIdTeryt>1202062</sln:gmIdTeryt><sln:gmNazwa>Iwkowa</sln:gmNazwa><sln:miejscIIPId>065480ca-661b-4c0f-821f-bfb8bedcfd01</sln:miejscIIPId><sln:miejscIIPPn>PL.PZGIK.200</sln:miejscIIPPn><sln:miejscIIPWersja>2016-12-02T12:56:10+02:00</sln:miejscIIPWersja><sln:miejscIdTeryt>0821240</sln:miejscIdTeryt><sln:miejscNIIPId>47071408-7d71-4fac-a2bb-91c40f36fe7f</sln:miejscNIIPId><sln:miejscNIIPPn>PL.PZGIK.200</sln:miejscNIIPPn><sln:miejscNIIPWersja>2016-12-02T12:56:10+02:00</sln:miejscNIIPWersja><sln:miejscNIdTeryt>0821180</sln:miejscNIdTeryt><sln:miejscNNazwa>Wojakowa</sln:miejscNNazwa><sln:miejscNRodzaj>Wieś</sln:miejscNRodzaj><sln:miejscNazwa>Lutrynki</sln:miejscNazwa><sln:miejscRodzaj>Inny obiekt</sln:miejscRodzaj><sln:powIIPId>8d0b0a85-17f0-4358-98a4-d312d6212b93</sln:powIIPId><sln:powIIPPn>PL.PZGIK.200</sln:powIIPPn><sln:powIIPWersja>2012-09-27T07:52:00+02:00</sln:powIIPWersja><sln:powIdTeryt>1202</sln:powIdTeryt><sln:powNazwa>brzeski</sln:powNazwa><sln:wojIIPId>dd2e3c64-f861-47cf-a3a3-e7751f272b2f</sln:wojIIPId><sln:wojIIPPn>PL.PZGIK.200</sln:wojIIPPn><sln:wojIIPWersja>2017-10-10T00:00:00+02:00</sln:wojIIPWersja><sln:wojIdTeryt>12</sln:wojIdTeryt><sln:wojNazwa>małopolskie</sln:wojNazwa></sln:miejscowosc><sln:miejscowosc><sln:cyklZyciaOd>2016-12-02T00:00:00+01:00</sln:cyklZyciaOd><sln:gmIIPId>e0772f3c-5000-4468-907f-c4a847810ff4</sln:gmIIPId><sln:gmIIPPn>PL.PZGIK.200</sln:gmIIPPn><sln:gmIIPWersja>2012-09-26T22:08:26+02:00</sln:gmIIPWersja><sln:gmIdTeryt>1202062</sln:gmIdTeryt><sln:gmNazwa>Iwkowa</sln:gmNazwa><sln:miejscIIPId>5d494a43-62dd-42d5-9daf-71e2ac354c49</sln:miejscIIPId><sln:miejscIIPPn>PL.PZGIK.200</sln:miejscIIPPn><sln:miejscIIPWersja>2016-12-02T12:56:11+02:00</sln:miejscIIPWersja><sln:miejscIdTeryt>0992020</sln:miejscIdTeryt><sln:miejscNIIPId>47071408-7d71-4fac-a2bb-91c40f36fe7f</sln:miejscNIIPId><sln:miejscNIIPPn>PL.PZGIK.200</sln:miejscNIIPPn><sln:miejscNIIPWersja>2016-12-02T12:56:10+02:00</sln:miejscNIIPWersja><sln:miejscNIdTeryt>0821180</sln:miejscNIdTeryt><sln:miejscNNazwa>Wojakowa</sln:miejscNNazwa><sln:miejscNRodzaj>Wieś</sln:miejscNRodzaj><sln:miejscNazwa>Górakówka</sln:miejscNazwa><sln:miejscRodzaj>Inny obiekt</sln:miejscRodzaj><sln:powIIPId>8d0b0a85-17f0-4358-98a4-d312d6212b93</sln:powIIPId><sln:powIIPPn>PL.PZGIK.200</sln:powIIPPn><sln:powIIPWersja>2012-09-27T07:52:00+02:00</sln:powIIPWersja><sln:powIdTeryt>1202</sln:powIdTeryt><sln:powNazwa>brzeski</sln:powNazwa><sln:wojIIPId>dd2e3c64-f861-47cf-a3a3-e7751f272b2f</sln:wojIIPId><sln:wojIIPPn>PL.PZGIK.200</sln:wojIIPPn><sln:wojIIPWersja>2017-10-10T00:00:00+02:00</sln:wojIIPWersja><sln:wojIdTeryt>12</sln:wojIdTeryt><sln:wojNazwa>małopolskie</sln:wojNazwa></sln:miejscowosc><sln:miejscowosc><sln:cyklZyciaOd>2016-12-02T00:00:00+01:00</sln:cyklZyciaOd><sln:gmIIPId>e0772f3c-5000-4468-907f-c4a847810ff4</sln:gmIIPId><sln:gmIIPPn>PL.PZGIK.200</sln:gmIIPPn><sln:gmIIPWersja>2012-09-26T22:08:26+02:00</sln:gmIIPWersja><sln:gmIdTeryt>1202062</sln:gmIdTeryt><sln:gmNazwa>Iwkowa</sln:gmNazwa><sln:miejscIIPId>5e6c8837-10db-43e0-9b20-97607c44bcb9</sln:miejscIIPId><sln:miejscIIPPn>PL.PZGIK.200</sln:miejscIIPPn><sln:miejscIIPWersja>2016-12-02T12:56:11+02:00</sln:miejscIIPWersja><sln:miejscIdTeryt>0821228</sln:miejscIdTeryt><sln:miejscNIIPId>47071408-7d71-4fac-a2bb-91c40f36fe7f</sln:miejscNIIPId><sln:miejscNIIPPn>PL.PZGIK.200</sln:miejscNIIPPn><sln:miejscNIIPWersja>2016-12-02T12:56:10+02:00</sln:miejscNIIPWersja><sln:miejscNIdTeryt>0821180</sln:miejscNIdTeryt><sln:miejscNNazwa>Wojakowa</sln:miejscNNazwa><sln:miejscNRodzaj>Wieś</sln:miejscNRodzaj><sln:miejscNazwa>Kotliny</sln:miejscNazwa><sln:miejscRodzaj>Inny obiekt</sln:miejscRodzaj><sln:powIIPId>8d0b0a85-17f0-4358-98a4-d312d6212b93</sln:powIIPId><sln:powIIPPn>PL.PZGIK.200</sln:powIIPPn><sln:powIIPWersja>2012-09-27T07:52:00+02:00</sln:powIIPWersja><sln:powIdTeryt>1202</sln:powIdTeryt><sln:powNazwa>brzeski</sln:powNazwa><sln:wojIIPId>dd2e3c64-f861-47cf-a3a3-e7751f272b2f</sln:wojIIPId><sln:wojIIPPn>PL.PZGIK.200</sln:wojIIPPn><sln:wojIIPWersja>2017-10-10T00:00:00+02:00</sln:wojIIPWersja><sln:wojIdTeryt>12</sln:wojIdTeryt><sln:wojNazwa>małopolskie</sln:wojNazwa></sln:miejscowosc><sln:miejscowosc><sln:cyklZyciaOd>2016-12-02T00:00:00+01:00</sln:cyklZyciaOd><sln:gmIIPId>e0772f3c-5000-4468-907f-c4a847810ff4</sln:gmIIPId><sln:gmIIPPn>PL.PZGIK.200</sln:gmIIPPn><sln:gmIIPWersja>2012-09-26T22:08:26+02:00</sln:gmIIPWersja><sln:gmIdTeryt>1202062</sln:gmIdTeryt><sln:gmNazwa>Iwkowa</sln:gmNazwa><sln:miejscIIPId>3f3cfcdd-34e9-49f4-831c-55e56beeafaf</sln:miejscIIPId><sln:miejscIIPPn>PL.PZGIK.200</sln:miejscIIPPn><sln:miejscIIPWersja>2016-12-02T12:56:11+02:00</sln:miejscIIPWersja><sln:miejscIdTeryt>0821234</sln:miejscIdTeryt><sln:miejscNIIPId>47071408-7d71-4fac-a2bb-91c40f36fe7f</sln:miejscNIIPId><sln:miejscNIIPPn>PL.PZGIK.200</sln:miejscNIIPPn><sln:miejscNIIPWersja>2016-12-02T12:56:10+02:00</sln:miejscNIIPWersja><sln:miejscNIdTeryt>0821180</sln:miejscNIdTeryt><sln:miejscNNazwa>Wojakowa</sln:miejscNNazwa><sln:miejscNRodzaj>Wieś</sln:miejscNRodzaj><sln:miejscNazwa>Koziny</sln:miejscNazwa><sln:miejscRodzaj>Inny obiekt</sln:miejscRodzaj><sln:powIIPId>8d0b0a85-17f0-4358-98a4-d312d6212b93</sln:powIIPId><sln:powIIPPn>PL.PZGIK.200</sln:powIIPPn><sln:powIIPWersja>2012-09-27T07:52:00+02:00</sln:powIIPWersja><sln:powIdTeryt>1202</sln:powIdTeryt><sln:powNazwa>brzeski</sln:powNazwa><sln:wojIIPId>dd2e3c64-f861-47cf-a3a3-e7751f272b2f</sln:wojIIPId><sln:wojIIPPn>PL.PZGIK.200</sln:wojIIPPn><sln:wojIIPWersja>2017-10-10T00:00:00+02:00</sln:wojIIPWersja><sln:wojIdTeryt>12</sln:wojIdTeryt><sln:wojNazwa>małopolskie</sln:wojNazwa></sln:miejscowosc><sln:miejscowosc><sln:cyklZyciaOd>2016-12-02T00:00:00+01:00</sln:cyklZyciaOd><sln:gmIIPId>e0772f3c-5000-4468-907f-c4a847810ff4</sln:gmIIPId><sln:gmIIPPn>PL.PZGIK.200</sln:gmIIPPn><sln:gmIIPWersja>2012-09-26T22:08:26+02:00</sln:gmIIPWersja><sln:gmIdTeryt>1202062</sln:gmIdTeryt><sln:gmNazwa>Iwkowa</sln:gmNazwa><sln:miejscIIPId>e2edfccf-4853-4776-8c45-bed2f01a358b</sln:miejscIIPId><sln:miejscIIPPn>PL.PZGIK.200</sln:miejscIIPPn><sln:miejscIIPWersja>2016-12-02T12:56:11+02:00</sln:miejscIIPWersja><sln:miejscIdTeryt>0821257</sln:miejscIdTeryt><sln:miejscNIIPId>47071408-7d71-4fac-a2bb-91c40f36fe7f</sln:miejscNIIPId><sln:miejscNIIPPn>PL.PZGIK.200</sln:miejscNIIPPn><sln:miejscNIIPWersja>2016-12-02T12:56:10+02:00</sln:miejscNIIPWersja><sln:miejscNIdTeryt>0821180</sln:miejscNIdTeryt><sln:miejscNNazwa>Wojakowa</sln:miejscNNazwa><sln:miejscNRodzaj>Wieś</sln:miejscNRodzaj><sln:miejscNazwa>Nowa Wieś</sln:miejscNazwa><sln:miejscRodzaj>Inny obiekt</sln:miejscRodzaj><sln:powIIPId>8d0b0a85-17f0-4358-98a4-d312d6212b93</sln:powIIPId><sln:powIIPPn>PL.PZGIK.200</sln:powIIPPn><sln:powIIPWersja>2012-09-27T07:52:00+02:00</sln:powIIPWersja><sln:powIdTeryt>1202</sln:powIdTeryt><sln:powNazwa>brzeski</sln:powNazwa><sln:wojIIPId>dd2e3c64-f861-47cf-a3a3-e7751f272b2f</sln:wojIIPId><sln:wojIIPPn>PL.PZGIK.200</sln:wojIIPPn><sln:wojIIPWersja>2017-10-10T00:00:00+02:00</sln:wojIIPWersja><sln:wojIdTeryt>12</sln:wojIdTeryt><sln:wojNazwa>małopolskie</sln:wojNazwa></sln:miejscowosc><sln:miejscowosc><sln:cyklZyciaOd>2016-12-02T00:00:00+01:00</sln:cyklZyciaOd><sln:gmIIPId>e0772f3c-5000-4468-907f-c4a847810ff4</sln:gmIIPId><sln:gmIIPPn>PL.PZGIK.200</sln:gmIIPPn><sln:gmIIPWersja>2012-09-26T22:08:26+02:00</sln:gmIIPWersja><sln:gmIdTeryt>1202062</sln:gmIdTeryt><sln:gmNazwa>Iwkowa</sln:gmNazwa><sln:miejscIIPId>7cd6f8e7-f922-4c7b-8006-e8ce32383c9a</sln:miejscIIPId><sln:miejscIIPPn>PL.PZGIK.200</sln:miejscIIPPn><sln:miejscIIPWersja>2016-12-02T12:56:11+02:00</sln:miejscIIPWersja><sln:miejscIdTeryt>0821292</sln:miejscIdTeryt><sln:miejscNIIPId>47071408-7d71-4fac-a2bb-91c40f36fe7f</sln:miejscNIIPId><sln:miejscNIIPPn>PL.PZGIK.200</sln:miejscNIIPPn><sln:miejscNIIPWersja>2016-12-02T12:56:10+02:00</sln:miejscNIIPWersja><sln:miejscNIdTeryt>0821180</sln:miejscNIdTeryt><sln:miejscNNazwa>Wojakowa</sln:miejscNNazwa><sln:miejscNRodzaj>Wieś</sln:miejscNRodzaj><sln:miejscNazwa>Półrolki</sln:miejscNazwa><sln:miejscRodzaj>Inny obiekt</sln:miejscRodzaj><sln:powIIPId>8d0b0a85-17f0-4358-98a4-d312d6212b93</sln:powIIPId><sln:powIIPPn>PL.PZGIK.200</sln:powIIPPn><sln:powIIPWersja>2012-09-27T07:52:00+02:00</sln:powIIPWersja><sln:powIdTeryt>1202</sln:powIdTeryt><sln:powNazwa>brzeski</sln:powNazwa><sln:wojIIPId>dd2e3c64-f861-47cf-a3a3-e7751f272b2f</sln:wojIIPId><sln:wojIIPPn>PL.PZGIK.200</sln:wojIIPPn><sln:wojIIPWersja>2017-10-10T00:00:00+02:00</sln:wojIIPWersja><sln:wojIdTeryt>12</sln:wojIdTeryt><sln:wojNazwa>małopolskie</sln:wojNazwa></sln:miejscowosc><sln:miejscowosc><sln:cyklZyciaOd>2016-12-02T00:00:00+01:00</sln:cyklZyciaOd><sln:gmIIPId>e0772f3c-5000-4468-907f-c4a847810ff4</sln:gmIIPId><sln:gmIIPPn>PL.PZGIK.200</sln:gmIIPPn><sln:gmIIPWersja>2012-09-26T22:08:26+02:00</sln:gmIIPWersja><sln:gmIdTeryt>1202062</sln:gmIdTeryt><sln:gmNazwa>Iwkowa</sln:gmNazwa><sln:miejscIIPId>c94c9c4d-d3f0-4bed-8b97-a711962b0fc2</sln:miejscIIPId><sln:miejscIIPPn>PL.PZGIK.200</sln:miejscIIPPn><sln:miejscIIPWersja>2016-12-02T12:56:11+02:00</sln:miejscIIPWersja><sln:miejscIdTeryt>0821270</sln:miejscIdTeryt><sln:miejscNIIPId>47071408-7d71-4fac-a2bb-91c40f36fe7f</sln:miejscNIIPId><sln:miejscNIIPPn>PL.PZGIK.200</sln:miejscNIIPPn><sln:miejscNIIPWersja>2016-12-02T12:56:10+02:00</sln:miejscNIIPWersja><sln:miejscNIdTeryt>0821180</sln:miejscNIdTeryt><sln:miejscNNazwa>Wojakowa</sln:miejscNNazwa><sln:miejscNRodzaj>Wieś</sln:miejscNRodzaj><sln:miejscNazwa>Podgórki</sln:miejscNazwa><sln:miejscRodzaj>Inny obiekt</sln:miejscRodzaj><sln:powIIPId>8d0b0a85-17f0-4358-98a4-d312d6212b93</sln:powIIPId><sln:powIIPPn>PL.PZGIK.200</sln:powIIPPn><sln:powIIPWersja>2012-09-27T07:52:00+02:00</sln:powIIPWersja><sln:powIdTeryt>1202</sln:powIdTeryt><sln:powNazwa>brzeski</sln:powNazwa><sln:wojIIPId>dd2e3c64-f861-47cf-a3a3-e7751f272b2f</sln:wojIIPId><sln:wojIIPPn>PL.PZGIK.200</sln:wojIIPPn><sln:wojIIPWersja>2017-10-10T00:00:00+02:00</sln:wojIIPWersja><sln:wojIdTeryt>12</sln:wojIdTeryt><sln:wojNazwa>małopolskie</sln:wojNazwa></sln:miejscowosc><sln:miejscowosc><sln:cyklZyciaOd>2016-12-02T00:00:00+01:00</sln:cyklZyciaOd><sln:gmIIPId>e0772f3c-5000-4468-907f-c4a847810ff4</sln:gmIIPId><sln:gmIIPPn>PL.PZGIK.200</sln:gmIIPPn><sln:gmIIPWersja>2012-09-26T22:08:26+02:00</sln:gmIIPWersja><sln:gmIdTeryt>1202062</sln:gmIdTeryt><sln:gmNazwa>Iwkowa</sln:gmNazwa><sln:miejscIIPId>98c7d158-53e1-4688-b522-5f2b54be8077</sln:miejscIIPId><sln:miejscIIPPn>PL.PZGIK.200</sln:miejscIIPPn><sln:miejscIIPWersja>2016-12-02T12:56:11+02:00</sln:miejscIIPWersja><sln:miejscIdTeryt>0821300</sln:miejscIdTeryt><sln:miejscNIIPId>47071408-7d71-4fac-a2bb-91c40f36fe7f</sln:miejscNIIPId><sln:miejscNIIPPn>PL.PZGIK.200</sln:miejscNIIPPn><sln:miejscNIIPWersja>2016-12-02T12:56:10+02:00</sln:miejscNIIPWersja><sln:miejscNIdTeryt>0821180</sln:miejscNIdTeryt><sln:miejscNNazwa>Wojakowa</sln:miejscNNazwa><sln:miejscNRodzaj>Wieś</sln:miejscNRodzaj><sln:miejscNazwa>Rędziny</sln:miejscNazwa><sln:miejscRodzaj>Inny obiekt</sln:miejscRodzaj><sln:powIIPId>8d0b0a85-17f0-4358-98a4-d312d6212b93</sln:powIIPId><sln:powIIPPn>PL.PZGIK.200</sln:powIIPPn><sln:powIIPWersja>2012-09-27T07:52:00+02:00</sln:powIIPWersja><sln:powIdTeryt>1202</sln:powIdTeryt><sln:powNazwa>brzeski</sln:powNazwa><sln:wojIIPId>dd2e3c64-f861-47cf-a3a3-e7751f272b2f</sln:wojIIPId><sln:wojIIPPn>PL.PZGIK.200</sln:wojIIPPn><sln:wojIIPWersja>2017-10-10T00:00:00+02:00</sln:wojIIPWersja><sln:wojIdTeryt>12</sln:wojIdTeryt><sln:wojNazwa>małopolskie</sln:wojNazwa></sln:miejscowosc><sln:miejscowosc><sln:cyklZyciaOd>2016-12-02T00:00:00+01:00</sln:cyklZyciaOd><sln:gmIIPId>e0772f3c-5000-4468-907f-c4a847810ff4</sln:gmIIPId><sln:gmIIPPn>PL.PZGIK.200</sln:gmIIPPn><sln:gmIIPWersja>2012-09-26T22:08:26+02:00</sln:gmIIPWersja><sln:gmIdTeryt>1202062</sln:gmIdTeryt><sln:gmNazwa>Iwkowa</sln:gmNazwa><sln:miejscIIPId>779ffe6a-b5dc-4d3f-95bc-d1ffe99dc998</sln:miejscIIPId><sln:miejscIIPPn>PL.PZGIK.200</sln:miejscIIPPn><sln:miejscIIPWersja>2016-12-02T12:56:11+02:00</sln:miejscIIPWersja><sln:miejscIdTeryt>0821330</sln:miejscIdTeryt><sln:miejscNIIPId>47071408-7d71-4fac-a2bb-91c40f36fe7f</sln:miejscNIIPId><sln:miejscNIIPPn>PL.PZGIK.200</sln:miejscNIIPPn><sln:miejscNIIPWersja>2016-12-02T12:56:10+02:00</sln:miejscNIIPWersja><sln:miejscNIdTeryt>0821180</sln:miejscNIdTeryt><sln:miejscNNazwa>Wojakowa</sln:miejscNNazwa><sln:miejscNRodzaj>Wieś</sln:miejscNRodzaj><sln:miejscNazwa>Sikornik</sln:miejscNazwa><sln:miejscRodzaj>Inny obiekt</sln:miejscRodzaj><sln:powIIPId>8d0b0a85-17f0-4358-98a4-d312d6212b93</sln:powIIPId><sln:powIIPPn>PL.PZGIK.200</sln:powIIPPn><sln:powIIPWersja>2012-09-27T07:52:00+02:00</sln:powIIPWersja><sln:powIdTeryt>1202</sln:powIdTeryt><sln:powNazwa>brzeski</sln:powNazwa><sln:wojIIPId>dd2e3c64-f861-47cf-a3a3-e7751f272b2f</sln:wojIIPId><sln:wojIIPPn>PL.PZGIK.200</sln:wojIIPPn><sln:wojIIPWersja>2017-10-10T00:00:00+02:00</sln:wojIIPWersja><sln:wojIdTeryt>12</sln:wojIdTeryt><sln:wojNazwa>małopolskie</sln:wojNazwa></sln:miejscowosc><sln:miejscowosc><sln:cyklZyciaOd>2016-12-02T00:00:00+01:00</sln:cyklZyciaOd><sln:gmIIPId>e0772f3c-5000-4468-907f-c4a847810ff4</sln:gmIIPId><sln:gmIIPPn>PL.PZGIK.200</sln:gmIIPPn><sln:gmIIPWersja>2012-09-26T22:08:26+02:00</sln:gmIIPWersja><sln:gmIdTeryt>1202062</sln:gmIdTeryt><sln:gmNazwa>Iwkowa</sln:gmNazwa><sln:miejscIIPId>16e33e10-edc0-4369-b5d4-d80349cccdcc</sln:miejscIIPId><sln:miejscIIPPn>PL.PZGIK.200</sln:miejscIIPPn><sln:miejscIIPWersja>2016-12-02T12:56:11+02:00</sln:miejscIIPWersja><sln:miejscIdTeryt>0821346</sln:miejscIdTeryt><sln:miejscNIIPId>47071408-7d71-4fac-a2bb-91c40f36fe7f</sln:miejscNIIPId><sln:miejscNIIPPn>PL.PZGIK.200</sln:miejscNIIPPn><sln:miejscNIIPWersja>2016-12-02T12:56:10+02:00</sln:miejscNIIPWersja><sln:miejscNIdTeryt>0821180</sln:miejscNIdTeryt><sln:miejscNNazwa>Wojakowa</sln:miejscNNazwa><sln:miejscNRodzaj>Wieś</sln:miejscNRodzaj><sln:miejscNazwa>Słomiana</sln:miejscNazwa><sln:miejscRodzaj>Inny obiekt</sln:miejscRodzaj><sln:powIIPId>8d0b0a85-17f0-4358-98a4-d312d6212b93</sln:powIIPId><sln:powIIPPn>PL.PZGIK.200</sln:powIIPPn><sln:powIIPWersja>2012-09-27T07:52:00+02:00</sln:powIIPWersja><sln:powIdTeryt>1202</sln:powIdTeryt><sln:powNazwa>brzeski</sln:powNazwa><sln:wojIIPId>dd2e3c64-f861-47cf-a3a3-e7751f272b2f</sln:wojIIPId><sln:wojIIPPn>PL.PZGIK.200</sln:wojIIPPn><sln:wojIIPWersja>2017-10-10T00:00:00+02:00</sln:wojIIPWersja><sln:wojIdTeryt>12</sln:wojIdTeryt><sln:wojNazwa>małopolskie</sln:wojNazwa></sln:miejscowosc><sln:miejscowosc><sln:cyklZyciaOd>2016-12-02T00:00:00+01:00</sln:cyklZyciaOd><sln:gmIIPId>e0772f3c-5000-4468-907f-c4a847810ff4</sln:gmIIPId><sln:gmIIPPn>PL.PZGIK.200</sln:gmIIPPn><sln:gmIIPWersja>2012-09-26T22:08:26+02:00</sln:gmIIPWersja><sln:gmIdTeryt>1202062</sln:gmIdTeryt><sln:gmNazwa>Iwkowa</sln:gmNazwa><sln:miejscIIPId>cd93a545-29be-4ca5-931e-d2f2ecec4bb4</sln:miejscIIPId><sln:miejscIIPPn>PL.PZGIK.200</sln:miejscIIPPn><sln:miejscIIPWersja>2016-12-02T12:56:11+02:00</sln:miejscIIPWersja><sln:miejscIdTeryt>0821352</sln:miejscIdTeryt><sln:miejscNIIPId>47071408-7d71-4fac-a2bb-91c40f36fe7f</sln:miejscNIIPId><sln:miejscNIIPPn>PL.PZGIK.200</sln:miejscNIIPPn><sln:miejscNIIPWersja>2016-12-02T12:56:10+02:00</sln:miejscNIIPWersja><sln:miejscNIdTeryt>0821180</sln:miejscNIdTeryt><sln:miejscNNazwa>Wojakowa</sln:miejscNNazwa><sln:miejscNRodzaj>Wieś</sln:miejscNRodzaj><sln:miejscNazwa>Wądoły</sln:miejscNazwa><sln:miejscRodzaj>Inny obiekt</sln:miejscRodzaj><sln:powIIPId>8d0b0a85-17f0-4358-98a4-d312d6212b93</sln:powIIPId><sln:powIIPPn>PL.PZGIK.200</sln:powIIPPn><sln:powIIPWersja>2012-09-27T07:52:00+02:00</sln:powIIPWersja><sln:powIdTeryt>1202</sln:powIdTeryt><sln:powNazwa>brzeski</sln:powNazwa><sln:wojIIPId>dd2e3c64-f861-47cf-a3a3-e7751f272b2f</sln:wojIIPId><sln:wojIIPPn>PL.PZGIK.200</sln:wojIIPPn><sln:wojIIPWersja>2017-10-10T00:00:00+02:00</sln:wojIIPWersja><sln:wojIdTeryt>12</sln:wojIdTeryt><sln:wojNazwa>małopolskie</sln:wojNazwa></sln:miejscowosc><sln:miejscowosc><sln:cyklZyciaOd>2016-12-02T00:00:00+01:00</sln:cyklZyciaOd><sln:gmIIPId>e0772f3c-5000-4468-907f-c4a847810ff4</sln:gmIIPId><sln:gmIIPPn>PL.PZGIK.200</sln:gmIIPPn><sln:gmIIPWersja>2012-09-26T22:08:26+02:00</sln:gmIIPWersja><sln:gmIdTeryt>1202062</sln:gmIdTeryt><sln:gmNazwa>Iwkowa</sln:gmNazwa><sln:miejscIIPId>faed7c01-2aeb-4e78-a2cf-a7d5926e63f1</sln:miejscIIPId><sln:miejscIIPPn>PL.PZGIK.200</sln:miejscIIPPn><sln:miejscIIPWersja>2016-12-02T12:56:11+02:00</sln:miejscIIPWersja><sln:miejscIdTeryt>0821375</sln:miejscIdTeryt><sln:miejscNIIPId>47071408-7d71-4fac-a2bb-91c40f36fe7f</sln:miejscNIIPId><sln:miejscNIIPPn>PL.PZGIK.200</sln:miejscNIIPPn><sln:miejscNIIPWersja>2016-12-02T12:56:10+02:00</sln:miejscNIIPWersja><sln:miejscNIdTeryt>0821180</sln:miejscNIdTeryt><sln:miejscNNazwa>Wojakowa</sln:miejscNNazwa><sln:miejscNRodzaj>Wieś</sln:miejscNRodzaj><sln:miejscNazwa>Zabrzezie</sln:miejscNazwa><sln:miejscRodzaj>Inny obiekt</sln:miejscRodzaj><sln:powIIPId>8d0b0a85-17f0-4358-98a4-d312d6212b93</sln:powIIPId><sln:powIIPPn>PL.PZGIK.200</sln:powIIPPn><sln:powIIPWersja>2012-09-27T07:52:00+02:00</sln:powIIPWersja><sln:powIdTeryt>1202</sln:powIdTeryt><sln:powNazwa>brzeski</sln:powNazwa><sln:wojIIPId>dd2e3c64-f861-47cf-a3a3-e7751f272b2f</sln:wojIIPId><sln:wojIIPPn>PL.PZGIK.200</sln:wojIIPPn><sln:wojIIPWersja>2017-10-10T00:00:00+02:00</sln:wojIIPWersja><sln:wojIdTeryt>12</sln:wojIdTeryt><sln:wojNazwa>małopolskie</sln:wojNazwa></sln:miejscowosc><sln:miejscowosc><sln:cyklZyciaOd>2016-12-02T00:00:00+01:00</sln:cyklZyciaOd><sln:gmIIPId>e0772f3c-5000-4468-907f-c4a847810ff4</sln:gmIIPId><sln:gmIIPPn>PL.PZGIK.200</sln:gmIIPPn><sln:gmIIPWersja>2012-09-26T22:08:26+02:00</sln:gmIIPWersja><sln:gmIdTeryt>1202062</sln:gmIdTeryt><sln:gmNazwa>Iwkowa</sln:gmNazwa><sln:miejscIIPId>fe4cb581-ca54-4466-a1d4-d3da5a832439</sln:miejscIIPId><sln:miejscIIPPn>PL.PZGIK.200</sln:miejscIIPPn><sln:miejscIIPWersja>2016-12-02T12:56:11+02:00</sln:miejscIIPWersja><sln:miejscIdTeryt>0821197</sln:miejscIdTeryt><sln:miejscNIIPId>47071408-7d71-4fac-a2bb-91c40f36fe7f</sln:miejscNIIPId><sln:miejscNIIPPn>PL.PZGIK.200</sln:miejscNIIPPn><sln:miejscNIIPWersja>2016-12-02T12:56:10+02:00</sln:miejscNIIPWersja><sln:miejscNIdTeryt>0821180</sln:miejscNIdTeryt><sln:miejscNNazwa>Wojakowa</sln:miejscNNazwa><sln:miejscNRodzaj>Wieś</sln:miejscNRodzaj><sln:miejscNazwa>Dębina</sln:miejscNazwa><sln:miejscRodzaj>Inny obiekt</sln:miejscRodzaj><sln:powIIPId>8d0b0a85-17f0-4358-98a4-d312d6212b93</sln:powIIPId><sln:powIIPPn>PL.PZGIK.200</sln:powIIPPn><sln:powIIPWersja>2012-09-27T07:52:00+02:00</sln:powIIPWersja><sln:powIdTeryt>1202</sln:powIdTeryt><sln:powNazwa>brzeski</sln:powNazwa><sln:wojIIPId>dd2e3c64-f861-47cf-a3a3-e7751f272b2f</sln:wojIIPId><sln:wojIIPPn>PL.PZGIK.200</sln:wojIIPPn><sln:wojIIPWersja>2017-10-10T00:00:00+02:00</sln:wojIIPWersja><sln:wojIdTeryt>12</sln:wojIdTeryt><sln:wojNazwa>małopolskie</sln:wojNazwa></sln:miejscowosc><sln:miejscowosc><sln:cyklZyciaOd>2016-12-02T00:00:00+01:00</sln:cyklZyciaOd><sln:gmIIPId>e0772f3c-5000-4468-907f-c4a847810ff4</sln:gmIIPId><sln:gmIIPPn>PL.PZGIK.200</sln:gmIIPPn><sln:gmIIPWersja>2012-09-26T22:08:26+02:00</sln:gmIIPWersja><sln:gmIdTeryt>1202062</sln:gmIdTeryt><sln:gmNazwa>Iwkowa</sln:gmNazwa><sln:miejscIIPId>33c432ec-110a-4e88-80c9-80faf3b50911</sln:miejscIIPId><sln:miejscIIPPn>PL.PZGIK.200</sln:miejscIIPPn><sln:miejscIIPWersja>2016-12-02T12:56:11+02:00</sln:miejscIIPWersja><sln:miejscIdTeryt>0821211</sln:miejscIdTeryt><sln:miejscNIIPId>47071408-7d71-4fac-a2bb-91c40f36fe7f</sln:miejscNIIPId><sln:miejscNIIPPn>PL.PZGIK.200</sln:miejscNIIPPn><sln:miejscNIIPWersja>2016-12-02T12:56:10+02:00</sln:miejscNIIPWersja><sln:miejscNIdTeryt>0821180</sln:miejscNIdTeryt><sln:miejscNNazwa>Wojakowa</sln:miejscNNazwa><sln:miejscNRodzaj>Wieś</sln:miejscNRodzaj><sln:miejscNazwa>Góry</sln:miejscNazwa><sln:miejscRodzaj>Inny obiekt</sln:miejscRodzaj><sln:powIIPId>8d0b0a85-17f0-4358-98a4-d312d6212b93</sln:powIIPId><sln:powIIPPn>PL.PZGIK.200</sln:powIIPPn><sln:powIIPWersja>2012-09-27T07:52:00+02:00</sln:powIIPWersja><sln:powIdTeryt>1202</sln:powIdTeryt><sln:powNazwa>brzeski</sln:powNazwa><sln:wojIIPId>dd2e3c64-f861-47cf-a3a3-e7751f272b2f</sln:wojIIPId><sln:wojIIPPn>PL.PZGIK.200</sln:wojIIPPn><sln:wojIIPWersja>2017-10-10T00:00:00+02:00</sln:wojIIPWersja><sln:wojIdTeryt>12</sln:wojIdTeryt><sln:wojNazwa>małopolskie</sln:wojNazwa></sln:miejscowosc><sln:miejscowosc><sln:cyklZyciaOd>2016-12-02T00:00:00+01:00</sln:cyklZyciaOd><sln:gmIIPId>e0772f3c-5000-4468-907f-c4a847810ff4</sln:gmIIPId><sln:gmIIPPn>PL.PZGIK.200</sln:gmIIPPn><sln:gmIIPWersja>2012-09-26T22:08:26+02:00</sln:gmIIPWersja><sln:gmIdTeryt>1202062</sln:gmIdTeryt><sln:gmNazwa>Iwkowa</sln:gmNazwa><sln:miejscIIPId>a5d3c846-0cf1-424b-a6aa-37746f3f57ad</sln:miejscIIPId><sln:miejscIIPPn>PL.PZGIK.200</sln:miejscIIPPn><sln:miejscIIPWersja>2016-12-02T12:56:11+02:00</sln:miejscIIPWersja><sln:miejscIdTeryt>0821263</sln:miejscIdTeryt><sln:miejscNIIPId>47071408-7d71-4fac-a2bb-91c40f36fe7f</sln:miejscNIIPId><sln:miejscNIIPPn>PL.PZGIK.200</sln:miejscNIIPPn><sln:miejscNIIPWersja>2016-12-02T12:56:10+02:00</sln:miejscNIIPWersja><sln:miejscNIdTeryt>0821180</sln:miejscNIdTeryt><sln:miejscNNazwa>Wojakowa</sln:miejscNNazwa><sln:miejscNRodzaj>Wieś</sln:miejscNRodzaj><sln:miejscNazwa>Piechówka</sln:miejscNazwa><sln:miejscRodzaj>Inny obiekt</sln:miejscRodzaj><sln:powIIPId>8d0b0a85-17f0-4358-98a4-d312d6212b93</sln:powIIPId><sln:powIIPPn>PL.PZGIK.200</sln:powIIPPn><sln:powIIPWersja>2012-09-27T07:52:00+02:00</sln:powIIPWersja><sln:powIdTeryt>1202</sln:powIdTeryt><sln:powNazwa>brzeski</sln:powNazwa><sln:wojIIPId>dd2e3c64-f861-47cf-a3a3-e7751f272b2f</sln:wojIIPId><sln:wojIIPPn>PL.PZGIK.200</sln:wojIIPPn><sln:wojIIPWersja>2017-10-10T00:00:00+02:00</sln:wojIIPWersja><sln:wojIdTeryt>12</sln:wojIdTeryt><sln:wojNazwa>małopolskie</sln:wojNazwa></sln:miejscowosc><sln:miejscowosc><sln:cyklZyciaOd>2016-12-02T00:00:00+01:00</sln:cyklZyciaOd><sln:gmIIPId>e0772f3c-5000-4468-907f-c4a847810ff4</sln:gmIIPId><sln:gmIIPPn>PL.PZGIK.200</sln:gmIIPPn><sln:gmIIPWersja>2012-09-26T22:08:26+02:00</sln:gmIIPWersja><sln:gmIdTeryt>1202062</sln:gmIdTeryt><sln:gmNazwa>Iwkowa</sln:gmNazwa><sln:miejscIIPId>cce9089c-583d-4795-b2cb-5b2b6914e3aa</sln:miejscIIPId><sln:miejscIIPPn>PL.PZGIK.200</sln:miejscIIPPn><sln:miejscIIPWersja>2016-12-02T12:56:11+02:00</sln:miejscIIPWersja><sln:miejscIdTeryt>0820849</sln:miejscIdTeryt><sln:miejscNIIPId>ce931ce3-8a96-4239-a227-6f808feaaa0f</sln:miejscNIIPId><sln:miejscNIIPPn>PL.PZGIK.200</sln:miejscNIIPPn><sln:miejscNIIPWersja>2016-12-02T12:56:10+02:00</sln:miejscNIIPWersja><sln:miejscNIdTeryt>0820832</sln:miejscNIdTeryt><sln:miejscNNazwa>Dobrociesz</sln:miejscNNazwa><sln:miejscNRodzaj>Wieś</sln:miejscNRodzaj><sln:miejscNazwa>Bagna</sln:miejscNazwa><sln:miejscRodzaj>Inny obiekt</sln:miejscRodzaj><sln:powIIPId>8d0b0a85-17f0-4358-98a4-d312d6212b93</sln:powIIPId><sln:powIIPPn>PL.PZGIK.200</sln:powIIPPn><sln:powIIPWersja>2012-09-27T07:52:00+02:00</sln:powIIPWersja><sln:powIdTeryt>1202</sln:powIdTeryt><sln:powNazwa>brzeski</sln:powNazwa><sln:wojIIPId>dd2e3c64-f861-47cf-a3a3-e7751f272b2f</sln:wojIIPId><sln:wojIIPPn>PL.PZGIK.200</sln:wojIIPPn><sln:wojIIPWersja>2017-10-10T00:00:00+02:00</sln:wojIIPWersja><sln:wojIdTeryt>12</sln:wojIdTeryt><sln:wojNazwa>małopolskie</sln:wojNazwa></sln:miejscowosc><sln:miejscowosc><sln:cyklZyciaOd>2016-12-02T00:00:00+01:00</sln:cyklZyciaOd><sln:gmIIPId>e0772f3c-5000-4468-907f-c4a847810ff4</sln:gmIIPId><sln:gmIIPPn>PL.PZGIK.200</sln:gmIIPPn><sln:gmIIPWersja>2012-09-26T22:08:26+02:00</sln:gmIIPWersja><sln:gmIdTeryt>1202062</sln:gmIdTeryt><sln:gmNazwa>Iwkowa</sln:gmNazwa><sln:miejscIIPId>c7cf398f-21ff-45de-af3e-43962c4a27df</sln:miejscIIPId><sln:miejscIIPPn>PL.PZGIK.200</sln:miejscIIPPn><sln:miejscIIPWersja>2016-12-02T12:56:11+02:00</sln:miejscIIPWersja><sln:miejscIdTeryt>0820855</sln:miejscIdTeryt><sln:miejscNIIPId>ce931ce3-8a96-4239-a227-6f808feaaa0f</sln:miejscNIIPId><sln:miejscNIIPPn>PL.PZGIK.200</sln:miejscNIIPPn><sln:miejscNIIPWersja>2016-12-02T12:56:10+02:00</sln:miejscNIIPWersja><sln:miejscNIdTeryt>0820832</sln:miejscNIdTeryt><sln:miejscNNazwa>Dobrociesz</sln:miejscNNazwa><sln:miejscNRodzaj>Wieś</sln:miejscNRodzaj><sln:miejscNazwa>Bieleckówka</sln:miejscNazwa><sln:miejscRodzaj>Inny obiekt</sln:miejscRodzaj><sln:powIIPId>8d0b0a85-17f0-4358-98a4-d312d6212b93</sln:powIIPId><sln:powIIPPn>PL.PZGIK.200</sln:powIIPPn><sln:powIIPWersja>2012-09-27T07:52:00+02:00</sln:powIIPWersja><sln:powIdTeryt>1202</sln:powIdTeryt><sln:powNazwa>brzeski</sln:powNazwa><sln:wojIIPId>dd2e3c64-f861-47cf-a3a3-e7751f272b2f</sln:wojIIPId><sln:wojIIPPn>PL.PZGIK.200</sln:wojIIPPn><sln:wojIIPWersja>2017-10-10T00:00:00+02:00</sln:wojIIPWersja><sln:wojIdTeryt>12</sln:wojIdTeryt><sln:wojNazwa>małopolskie</sln:wojNazwa></sln:miejscowosc><sln:miejscowosc><sln:cyklZyciaOd>2016-12-02T00:00:00+01:00</sln:cyklZyciaOd><sln:gmIIPId>e0772f3c-5000-4468-907f-c4a847810ff4</sln:gmIIPId><sln:gmIIPPn>PL.PZGIK.200</sln:gmIIPPn><sln:gmIIPWersja>2012-09-26T22:08:26+02:00</sln:gmIIPWersja><sln:gmIdTeryt>1202062</sln:gmIdTeryt><sln:gmNazwa>Iwkowa</sln:gmNazwa><sln:miejscIIPId>a042d5ab-fda1-47fb-bdf2-297afb47cc5d</sln:miejscIIPId><sln:miejscIIPPn>PL.PZGIK.200</sln:miejscIIPPn><sln:miejscIIPWersja>2016-12-02T12:56:11+02:00</sln:miejscIIPWersja><sln:miejscIdTeryt>0820861</sln:miejscIdTeryt><sln:miejscNIIPId>ce931ce3-8a96-4239-a227-6f808feaaa0f</sln:miejscNIIPId><sln:miejscNIIPPn>PL.PZGIK.200</sln:miejscNIIPPn><sln:miejscNIIPWersja>2016-12-02T12:56:10+02:00</sln:miejscNIIPWersja><sln:miejscNIdTeryt>0820832</sln:miejscNIdTeryt><sln:miejscNNazwa>Dobrociesz</sln:miejscNNazwa><sln:miejscNRodzaj>Wieś</sln:miejscNRodzaj><sln:miejscNazwa>Czyżyce</sln:miejscNazwa><sln:miejscRodzaj>Inny obiekt</sln:miejscRodzaj><sln:powIIPId>8d0b0a85-17f0-4358-98a4-d312d6212b93</sln:powIIPId><sln:powIIPPn>PL.PZGIK.200</sln:powIIPPn><sln:powIIPWersja>2012-09-27T07:52:00+02:00</sln:powIIPWersja><sln:powIdTeryt>1202</sln:powIdTeryt><sln:powNazwa>brzeski</sln:powNazwa><sln:wojIIPId>dd2e3c64-f861-47cf-a3a3-e7751f272b2f</sln:wojIIPId><sln:wojIIPPn>PL.PZGIK.200</sln:wojIIPPn><sln:wojIIPWersja>2017-10-10T00:00:00+02:00</sln:wojIIPWersja><sln:wojIdTeryt>12</sln:wojIdTeryt><sln:wojNazwa>małopolskie</sln:wojNazwa></sln:miejscowosc><sln:miejscowosc><sln:cyklZyciaOd>2016-12-02T00:00:00+01:00</sln:cyklZyciaOd><sln:gmIIPId>e0772f3c-5000-4468-907f-c4a847810ff4</sln:gmIIPId><sln:gmIIPPn>PL.PZGIK.200</sln:gmIIPPn><sln:gmIIPWersja>2012-09-26T22:08:26+02:00</sln:gmIIPWersja><sln:gmIdTeryt>1202062</sln:gmIdTeryt><sln:gmNazwa>Iwkowa</sln:gmNazwa><sln:miejscIIPId>c22469f8-890b-409a-9f75-7edc14260210</sln:miejscIIPId><sln:miejscIIPPn>PL.PZGIK.200</sln:miejscIIPPn><sln:miejscIIPWersja>2016-12-02T12:56:12+02:00</sln:miejscIIPWersja><sln:miejscIdTeryt>0820878</sln:miejscIdTeryt><sln:miejscNIIPId>ce931ce3-8a96-4239-a227-6f808feaaa0f</sln:miejscNIIPId><sln:miejscNIIPPn>PL.PZGIK.200</sln:miejscNIIPPn><sln:miejscNIIPWersja>2016-12-02T12:56:10+02:00</sln:miejscNIIPWersja><sln:miejscNIdTeryt>0820832</sln:miejscNIdTeryt><sln:miejscNNazwa>Dobrociesz</sln:miejscNNazwa><sln:miejscNRodzaj>Wieś</sln:miejscNRodzaj><sln:miejscNazwa>Góry</sln:miejscNazwa><sln:miejscRodzaj>Inny obiekt</sln:miejscRodzaj><sln:powIIPId>8d0b0a85-17f0-4358-98a4-d312d6212b93</sln:powIIPId><sln:powIIPPn>PL.PZGIK.200</sln:powIIPPn><sln:powIIPWersja>2012-09-27T07:52:00+02:00</sln:powIIPWersja><sln:powIdTeryt>1202</sln:powIdTeryt><sln:powNazwa>brzeski</sln:powNazwa><sln:wojIIPId>dd2e3c64-f861-47cf-a3a3-e7751f272b2f</sln:wojIIPId><sln:wojIIPPn>PL.PZGIK.200</sln:wojIIPPn><sln:wojIIPWersja>2017-10-10T00:00:00+02:00</sln:wojIIPWersja><sln:wojIdTeryt>12</sln:wojIdTeryt><sln:wojNazwa>małopolskie</sln:wojNazwa></sln:miejscowosc><sln:miejscowosc><sln:cyklZyciaOd>2016-12-02T00:00:00+01:00</sln:cyklZyciaOd><sln:gmIIPId>e0772f3c-5000-4468-907f-c4a847810ff4</sln:gmIIPId><sln:gmIIPPn>PL.PZGIK.200</sln:gmIIPPn><sln:gmIIPWersja>2012-09-26T22:08:26+02:00</sln:gmIIPWersja><sln:gmIdTeryt>1202062</sln:gmIdTeryt><sln:gmNazwa>Iwkowa</sln:gmNazwa><sln:miejscIIPId>e82ec529-1a6a-4c1a-a842-07f9122843e1</sln:miejscIIPId><sln:miejscIIPPn>PL.PZGIK.200</sln:miejscIIPPn><sln:miejscIIPWersja>2016-12-02T12:56:12+02:00</sln:miejscIIPWersja><sln:miejscIdTeryt>0820884</sln:miejscIdTeryt><sln:miejscNIIPId>ce931ce3-8a96-4239-a227-6f808feaaa0f</sln:miejscNIIPId><sln:miejscNIIPPn>PL.PZGIK.200</sln:miejscNIIPPn><sln:miejscNIIPWersja>2016-12-02T12:56:10+02:00</sln:miejscNIIPWersja><sln:miejscNIdTeryt>0820832</sln:miejscNIdTeryt><sln:miejscNNazwa>Dobrociesz</sln:miejscNNazwa><sln:miejscNRodzaj>Wieś</sln:miejscNRodzaj><sln:miejscNazwa>Kąciny</sln:miejscNazwa><sln:miejscRodzaj>Inny obiekt</sln:miejscRodzaj><sln:powIIPId>8d0b0a85-17f0-4358-98a4-d312d6212b93</sln:powIIPId><sln:powIIPPn>PL.PZGIK.200</sln:powIIPPn><sln:powIIPWersja>2012-09-27T07:52:00+02:00</sln:powIIPWersja><sln:powIdTeryt>1202</sln:powIdTeryt><sln:powNazwa>brzeski</sln:powNazwa><sln:wojIIPId>dd2e3c64-f861-47cf-a3a3-e7751f272b2f</sln:wojIIPId><sln:wojIIPPn>PL.PZGIK.200</sln:wojIIPPn><sln:wojIIPWersja>2017-10-10T00:00:00+02:00</sln:wojIIPWersja><sln:wojIdTeryt>12</sln:wojIdTeryt><sln:wojNazwa>małopolskie</sln:wojNazwa></sln:miejscowosc><sln:miejscowosc><sln:cyklZyciaOd>2016-12-02T00:00:00+01:00</sln:cyklZyciaOd><sln:gmIIPId>e0772f3c-5000-4468-907f-c4a847810ff4</sln:gmIIPId><sln:gmIIPPn>PL.PZGIK.200</sln:gmIIPPn><sln:gmIIPWersja>2012-09-26T22:08:26+02:00</sln:gmIIPWersja><sln:gmIdTeryt>1202062</sln:gmIdTeryt><sln:gmNazwa>Iwkowa</sln:gmNazwa><sln:miejscIIPId>142060a0-31a9-4bc8-88c7-efe3b5675210</sln:miejscIIPId><sln:miejscIIPPn>PL.PZGIK.200</sln:miejscIIPPn><sln:miejscIIPWersja>2016-12-02T12:56:12+02:00</sln:miejscIIPWersja><sln:miejscIdTeryt>0820890</sln:miejscIdTeryt><sln:miejscNIIPId>ce931ce3-8a96-4239-a227-6f808feaaa0f</sln:miejscNIIPId><sln:miejscNIIPPn>PL.PZGIK.200</sln:miejscNIIPPn><sln:miejscNIIPWersja>2016-12-02T12:56:10+02:00</sln:miejscNIIPWersja><sln:miejscNIdTeryt>0820832</sln:miejscNIdTeryt><sln:miejscNNazwa>Dobrociesz</sln:miejscNNazwa><sln:miejscNRodzaj>Wieś</sln:miejscNRodzaj><sln:miejscNazwa>Lipowa</sln:miejscNazwa><sln:miejscRodzaj>Inny obiekt</sln:miejscRodzaj><sln:powIIPId>8d0b0a85-17f0-4358-98a4-d312d6212b93</sln:powIIPId><sln:powIIPPn>PL.PZGIK.200</sln:powIIPPn><sln:powIIPWersja>2012-09-27T07:52:00+02:00</sln:powIIPWersja><sln:powIdTeryt>1202</sln:powIdTeryt><sln:powNazwa>brzeski</sln:powNazwa><sln:wojIIPId>dd2e3c64-f861-47cf-a3a3-e7751f272b2f</sln:wojIIPId><sln:wojIIPPn>PL.PZGIK.200</sln:wojIIPPn><sln:wojIIPWersja>2017-10-10T00:00:00+02:00</sln:wojIIPWersja><sln:wojIdTeryt>12</sln:wojIdTeryt><sln:wojNazwa>małopolskie</sln:wojNazwa></sln:miejscowosc><sln:miejscowosc><sln:cyklZyciaOd>2016-12-02T00:00:00+01:00</sln:cyklZyciaOd><sln:gmIIPId>e0772f3c-5000-4468-907f-c4a847810ff4</sln:gmIIPId><sln:gmIIPPn>PL.PZGIK.200</sln:gmIIPPn><sln:gmIIPWersja>2012-09-26T22:08:26+02:00</sln:gmIIPWersja><sln:gmIdTeryt>1202062</sln:gmIdTeryt><sln:gmNazwa>Iwkowa</sln:gmNazwa><sln:miejscIIPId>648fc5a3-6d95-404a-8f74-76eddf1aab4e</sln:miejscIIPId><sln:miejscIIPPn>PL.PZGIK.200</sln:miejscIIPPn><sln:miejscIIPWersja>2016-12-02T12:56:12+02:00</sln:miejscIIPWersja><sln:miejscIdTeryt>0820915</sln:miejscIdTeryt><sln:miejscNIIPId>ce931ce3-8a96-4239-a227-6f808feaaa0f</sln:miejscNIIPId><sln:miejscNIIPPn>PL.PZGIK.200</sln:miejscNIIPPn><sln:miejscNIIPWersja>2016-12-02T12:56:10+02:00</sln:miejscNIIPWersja><sln:miejscNIdTeryt>0820832</sln:miejscNIdTeryt><sln:miejscNNazwa>Dobrociesz</sln:miejscNNazwa><sln:miejscNRodzaj>Wieś</sln:miejscNRodzaj><sln:miejscNazwa>Padoły</sln:miejscNazwa><sln:miejscRodzaj>Inny obiekt</sln:miejscRodzaj><sln:powIIPId>8d0b0a85-17f0-4358-98a4-d312d6212b93</sln:powIIPId><sln:powIIPPn>PL.PZGIK.200</sln:powIIPPn><sln:powIIPWersja>2012-09-27T07:52:00+02:00</sln:powIIPWersja><sln:powIdTeryt>1202</sln:powIdTeryt><sln:powNazwa>brzeski</sln:powNazwa><sln:wojIIPId>dd2e3c64-f861-47cf-a3a3-e7751f272b2f</sln:wojIIPId><sln:wojIIPPn>PL.PZGIK.200</sln:wojIIPPn><sln:wojIIPWersja>2017-10-10T00:00:00+02:00</sln:wojIIPWersja><sln:wojIdTeryt>12</sln:wojIdTeryt><sln:wojNazwa>małopolskie</sln:wojNazwa></sln:miejscowosc><sln:miejscowosc><sln:cyklZyciaOd>2016-12-02T00:00:00+01:00</sln:cyklZyciaOd><sln:gmIIPId>e0772f3c-5000-4468-907f-c4a847810ff4</sln:gmIIPId><sln:gmIIPPn>PL.PZGIK.200</sln:gmIIPPn><sln:gmIIPWersja>2012-09-26T22:08:26+02:00</sln:gmIIPWersja><sln:gmIdTeryt>1202062</sln:gmIdTeryt><sln:gmNazwa>Iwkowa</sln:gmNazwa><sln:miejscIIPId>da42262a-fff9-4d45-ae51-7213b6471925</sln:miejscIIPId><sln:miejscIIPPn>PL.PZGIK.200</sln:miejscIIPPn><sln:miejscIIPWersja>2016-12-02T12:56:12+02:00</sln:miejscIIPWersja><sln:miejscIdTeryt>0820909</sln:miejscIdTeryt><sln:miejscNIIPId>ce931ce3-8a96-4239-a227-6f808feaaa0f</sln:miejscNIIPId><sln:miejscNIIPPn>PL.PZGIK.200</sln:miejscNIIPPn><sln:miejscNIIPWersja>2016-12-02T12:56:10+02:00</sln:miejscNIIPWersja><sln:miejscNIdTeryt>0820832</sln:miejscNIdTeryt><sln:miejscNNazwa>Dobrociesz</sln:miejscNNazwa><sln:miejscNRodzaj>Wieś</sln:miejscNRodzaj><sln:miejscNazwa>Nawsie</sln:miejscNazwa><sln:miejscRodzaj>Inny obiekt</sln:miejscRodzaj><sln:powIIPId>8d0b0a85-17f0-4358-98a4-d312d6212b93</sln:powIIPId><sln:powIIPPn>PL.PZGIK.200</sln:powIIPPn><sln:powIIPWersja>2012-09-27T07:52:00+02:00</sln:powIIPWersja><sln:powIdTeryt>1202</sln:powIdTeryt><sln:powNazwa>brzeski</sln:powNazwa><sln:wojIIPId>dd2e3c64-f861-47cf-a3a3-e7751f272b2f</sln:wojIIPId><sln:wojIIPPn>PL.PZGIK.200</sln:wojIIPPn><sln:wojIIPWersja>2017-10-10T00:00:00+02:00</sln:wojIIPWersja><sln:wojIdTeryt>12</sln:wojIdTeryt><sln:wojNazwa>małopolskie</sln:wojNazwa></sln:miejscowosc><sln:miejscowosc><sln:cyklZyciaOd>2016-12-02T00:00:00+01:00</sln:cyklZyciaOd><sln:gmIIPId>e0772f3c-5000-4468-907f-c4a847810ff4</sln:gmIIPId><sln:gmIIPPn>PL.PZGIK.200</sln:gmIIPPn><sln:gmIIPWersja>2012-09-26T22:08:26+02:00</sln:gmIIPWersja><sln:gmIdTeryt>1202062</sln:gmIdTeryt><sln:gmNazwa>Iwkowa</sln:gmNazwa><sln:miejscIIPId>65b48fd0-b92b-41b3-bce8-d112b55dc6b9</sln:miejscIIPId><sln:miejscIIPPn>PL.PZGIK.200</sln:miejscIIPPn><sln:miejscIIPWersja>2016-12-02T12:56:12+02:00</sln:miejscIIPWersja><sln:miejscIdTeryt>0820938</sln:miejscIdTeryt><sln:miejscNIIPId>bbb4d00b-3ce0-4e9f-ae69-bba3b78a6b63</sln:miejscNIIPId><sln:miejscNIIPPn>PL.PZGIK.200</sln:miejscNIIPPn><sln:miejscNIIPWersja>2016-12-02T12:56:10+02:00</sln:miejscNIIPWersja><sln:miejscNIdTeryt>0820921</sln:miejscNIdTeryt><sln:miejscNNazwa>Drużków Pusty</sln:miejscNNazwa><sln:miejscNRodzaj>Wieś</sln:miejscNRodzaj><sln:miejscNazwa>Burdak</sln:miejscNazwa><sln:miejscRodzaj>Inny obiekt</sln:miejscRodzaj><sln:powIIPId>8d0b0a85-17f0-4358-98a4-d312d6212b93</sln:powIIPId><sln:powIIPPn>PL.PZGIK.200</sln:powIIPPn><sln:powIIPWersja>2012-09-27T07:52:00+02:00</sln:powIIPWersja><sln:powIdTeryt>1202</sln:powIdTeryt><sln:powNazwa>brzeski</sln:powNazwa><sln:wojIIPId>dd2e3c64-f861-47cf-a3a3-e7751f272b2f</sln:wojIIPId><sln:wojIIPPn>PL.PZGIK.200</sln:wojIIPPn><sln:wojIIPWersja>2017-10-10T00:00:00+02:00</sln:wojIIPWersja><sln:wojIdTeryt>12</sln:wojIdTeryt><sln:wojNazwa>małopolskie</sln:wojNazwa></sln:miejscowosc><sln:miejscowosc><sln:cyklZyciaOd>2016-12-02T00:00:00+01:00</sln:cyklZyciaOd><sln:gmIIPId>e0772f3c-5000-4468-907f-c4a847810ff4</sln:gmIIPId><sln:gmIIPPn>PL.PZGIK.200</sln:gmIIPPn><sln:gmIIPWersja>2012-09-26T22:08:26+02:00</sln:gmIIPWersja><sln:gmIdTeryt>1202062</sln:gmIdTeryt><sln:gmNazwa>Iwkowa</sln:gmNazwa><sln:miejscIIPId>336cc204-1288-4f3a-ab3d-04296bc8915e</sln:miejscIIPId><sln:miejscIIPPn>PL.PZGIK.200</sln:miejscIIPPn><sln:miejscIIPWersja>2016-12-02T12:56:12+02:00</sln:miejscIIPWersja><sln:miejscIdTeryt>0820944</sln:miejscIdTeryt><sln:miejscNIIPId>bbb4d00b-3ce0-4e9f-ae69-bba3b78a6b63</sln:miejscNIIPId><sln:miejscNIIPPn>PL.PZGIK.200</sln:miejscNIIPPn><sln:miejscNIIPWersja>2016-12-02T12:56:10+02:00</sln:miejscNIIPWersja><sln:miejscNIdTeryt>0820921</sln:miejscNIdTeryt><sln:miejscNNazwa>Drużków Pusty</sln:miejscNNazwa><sln:miejscNRodzaj>Wieś</sln:miejscNRodzaj><sln:miejscNazwa>Koziny</sln:miejscNazwa><sln:miejscRodzaj>Inny obiekt</sln:miejscRodzaj><sln:powIIPId>8d0b0a85-17f0-4358-98a4-d312d6212b93</sln:powIIPId><sln:powIIPPn>PL.PZGIK.200</sln:powIIPPn><sln:powIIPWersja>2012-09-27T07:52:00+02:00</sln:powIIPWersja><sln:powIdTeryt>1202</sln:powIdTeryt><sln:powNazwa>brzeski</sln:powNazwa><sln:wojIIPId>dd2e3c64-f861-47cf-a3a3-e7751f272b2f</sln:wojIIPId><sln:wojIIPPn>PL.PZGIK.200</sln:wojIIPPn><sln:wojIIPWersja>2017-10-10T00:00:00+02:00</sln:wojIIPWersja><sln:wojIdTeryt>12</sln:wojIdTeryt><sln:wojNazwa>małopolskie</sln:wojNazwa></sln:miejscowosc><sln:miejscowosc><sln:cyklZyciaOd>2016-12-02T00:00:00+01:00</sln:cyklZyciaOd><sln:gmIIPId>e0772f3c-5000-4468-907f-c4a847810ff4</sln:gmIIPId><sln:gmIIPPn>PL.PZGIK.200</sln:gmIIPPn><sln:gmIIPWersja>2012-09-26T22:08:26+02:00</sln:gmIIPWersja><sln:gmIdTeryt>1202062</sln:gmIdTeryt><sln:gmNazwa>Iwkowa</sln:gmNazwa><sln:miejscIIPId>80fca700-d142-4731-9e0a-5bff3ad133a4</sln:miejscIIPId><sln:miejscIIPPn>PL.PZGIK.200</sln:miejscIIPPn><sln:miejscIIPWersja>2016-12-02T12:56:12+02:00</sln:miejscIIPWersja><sln:miejscIdTeryt>0992036</sln:miejscIdTeryt><sln:miejscNIIPId>bbb4d00b-3ce0-4e9f-ae69-bba3b78a6b63</sln:miejscNIIPId><sln:miejscNIIPPn>PL.PZGIK.200</sln:miejscNIIPPn><sln:miejscNIIPWersja>2016-12-02T12:56:10+02:00</sln:miejscNIIPWersja><sln:miejscNIdTeryt>0820921</sln:miejscNIdTeryt><sln:miejscNNazwa>Drużków Pusty</sln:miejscNNazwa><sln:miejscNRodzaj>Wieś</sln:miejscNRodzaj><sln:miejscNazwa>Lzy</sln:miejscNazwa><sln:miejscRodzaj>Inny obiekt</sln:miejscRodzaj><sln:powIIPId>8d0b0a85-17f0-4358-98a4-d312d6212b93</sln:powIIPId><sln:powIIPPn>PL.PZGIK.200</sln:powIIPPn><sln:powIIPWersja>2012-09-27T07:52:00+02:00</sln:powIIPWersja><sln:powIdTeryt>1202</sln:powIdTeryt><sln:powNazwa>brzeski</sln:powNazwa><sln:wojIIPId>dd2e3c64-f861-47cf-a3a3-e7751f272b2f</sln:wojIIPId><sln:wojIIPPn>PL.PZGIK.200</sln:wojIIPPn><sln:wojIIPWersja>2017-10-10T00:00:00+02:00</sln:wojIIPWersja><sln:wojIdTeryt>12</sln:wojIdTeryt><sln:wojNazwa>małopolskie</sln:wojNazwa></sln:miejscowosc><sln:miejscowosc><sln:cyklZyciaOd>2016-12-02T00:00:00+01:00</sln:cyklZyciaOd><sln:gmIIPId>e0772f3c-5000-4468-907f-c4a847810ff4</sln:gmIIPId><sln:gmIIPPn>PL.PZGIK.200</sln:gmIIPPn><sln:gmIIPWersja>2012-09-26T22:08:26+02:00</sln:gmIIPWersja><sln:gmIdTeryt>1202062</sln:gmIdTeryt><sln:gmNazwa>Iwkowa</sln:gmNazwa><sln:miejscIIPId>64ca3eb8-7d41-430c-b9f2-2102a460871d</sln:miejscIIPId><sln:miejscIIPPn>PL.PZGIK.200</sln:miejscIIPPn><sln:miejscIIPWersja>2016-12-02T12:56:12+02:00</sln:miejscIIPWersja><sln:miejscIdTeryt>0820950</sln:miejscIdTeryt><sln:miejscNIIPId>bbb4d00b-3ce0-4e9f-ae69-bba3b78a6b63</sln:miejscNIIPId><sln:miejscNIIPPn>PL.PZGIK.200</sln:miejscNIIPPn><sln:miejscNIIPWersja>2016-12-02T12:56:10+02:00</sln:miejscNIIPWersja><sln:miejscNIdTeryt>0820921</sln:miejscNIdTeryt><sln:miejscNNazwa>Drużków Pusty</sln:miejscNNazwa><sln:miejscNRodzaj>Wieś</sln:miejscNRodzaj><sln:miejscNazwa>Poczekaj</sln:miejscNazwa><sln:miejscRodzaj>Inny obiekt</sln:miejscRodzaj><sln:powIIPId>8d0b0a85-17f0-4358-98a4-d312d6212b93</sln:powIIPId><sln:powIIPPn>PL.PZGIK.200</sln:powIIPPn><sln:powIIPWersja>2012-09-27T07:52:00+02:00</sln:powIIPWersja><sln:powIdTeryt>1202</sln:powIdTeryt><sln:powNazwa>brzeski</sln:powNazwa><sln:wojIIPId>dd2e3c64-f861-47cf-a3a3-e7751f272b2f</sln:wojIIPId><sln:wojIIPPn>PL.PZGIK.200</sln:wojIIPPn><sln:wojIIPWersja>2017-10-10T00:00:00+02:00</sln:wojIIPWersja><sln:wojIdTeryt>12</sln:wojIdTeryt><sln:wojNazwa>małopolskie</sln:wojNazwa></sln:miejscowosc><sln:miejscowosc><sln:cyklZyciaOd>2016-12-02T00:00:00+01:00</sln:cyklZyciaOd><sln:gmIIPId>e0772f3c-5000-4468-907f-c4a847810ff4</sln:gmIIPId><sln:gmIIPPn>PL.PZGIK.200</sln:gmIIPPn><sln:gmIIPWersja>2012-09-26T22:08:26+02:00</sln:gmIIPWersja><sln:gmIdTeryt>1202062</sln:gmIdTeryt><sln:gmNazwa>Iwkowa</sln:gmNazwa><sln:miejscIIPId>6a9db0d0-81bc-4781-8050-750548e81629</sln:miejscIIPId><sln:miejscIIPPn>PL.PZGIK.200</sln:miejscIIPPn><sln:miejscIIPWersja>2016-12-02T12:56:12+02:00</sln:miejscIIPWersja><sln:miejscIdTeryt>0821033</sln:miejscIdTeryt><sln:miejscNIIPId>39bad0a8-ea45-478c-8965-9f1d511690de</sln:miejscNIIPId><sln:miejscNIIPPn>PL.PZGIK.200</sln:miejscNIIPPn><sln:miejscNIIPWersja>2016-12-02T12:56:10+02:00</sln:miejscNIIPWersja><sln:miejscNIdTeryt>0820967</sln:miejscNIdTeryt><sln:miejscNNazwa>Iwkowa</sln:miejscNNazwa><sln:miejscNRodzaj>Wieś</sln:miejscNRodzaj><sln:miejscNazwa>Piekarzowo</sln:miejscNazwa><sln:miejscRodzaj>Inny obiekt</sln:miejscRodzaj><sln:powIIPId>8d0b0a85-17f0-4358-98a4-d312d6212b93</sln:powIIPId><sln:powIIPPn>PL.PZGIK.200</sln:powIIPPn><sln:powIIPWersja>2012-09-27T07:52:00+02:00</sln:powIIPWersja><sln:powIdTeryt>1202</sln:powIdTeryt><sln:powNazwa>brzeski</sln:powNazwa><sln:wojIIPId>dd2e3c64-f861-47cf-a3a3-e7751f272b2f</sln:wojIIPId><sln:wojIIPPn>PL.PZGIK.200</sln:wojIIPPn><sln:wojIIPWersja>2017-10-10T00:00:00+02:00</sln:wojIIPWersja><sln:wojIdTeryt>12</sln:wojIdTeryt><sln:wojNazwa>małopolskie</sln:wojNazwa></sln:miejscowosc><sln:miejscowosc><sln:cyklZyciaOd>2016-12-02T00:00:00+01:00</sln:cyklZyciaOd><sln:gmIIPId>e0772f3c-5000-4468-907f-c4a847810ff4</sln:gmIIPId><sln:gmIIPPn>PL.PZGIK.200</sln:gmIIPPn><sln:gmIIPWersja>2012-09-26T22:08:26+02:00</sln:gmIIPWersja><sln:gmIdTeryt>1202062</sln:gmIdTeryt><sln:gmNazwa>Iwkowa</sln:gmNazwa><sln:miejscIIPId>b0364a7f-bfa5-4f04-8c98-5c257480866d</sln:miejscIIPId><sln:miejscIIPPn>PL.PZGIK.200</sln:miejscIIPPn><sln:miejscIIPWersja>2016-12-02T12:56:12+02:00</sln:miejscIIPWersja><sln:miejscIdTeryt>0821056</sln:miejscIdTeryt><sln:miejscNIIPId>39bad0a8-ea45-478c-8965-9f1d511690de</sln:miejscNIIPId><sln:miejscNIIPPn>PL.PZGIK.200</sln:miejscNIIPPn><sln:miejscNIIPWersja>2016-12-02T12:56:10+02:00</sln:miejscNIIPWersja><sln:miejscNIdTeryt>0820967</sln:miejscNIdTeryt><sln:miejscNNazwa>Iwkowa</sln:miejscNNazwa><sln:miejscNRodzaj>Wieś</sln:miejscNRodzaj><sln:miejscNazwa>Zagroda</sln:miejscNazwa><sln:miejscRodzaj>Inny obiekt</sln:miejscRodzaj><sln:powIIPId>8d0b0a85-17f0-4358-98a4-d312d6212b93</sln:powIIPId><sln:powIIPPn>PL.PZGIK.200</sln:powIIPPn><sln:powIIPWersja>2012-09-27T07:52:00+02:00</sln:powIIPWersja><sln:powIdTeryt>1202</sln:powIdTeryt><sln:powNazwa>brzeski</sln:powNazwa><sln:wojIIPId>dd2e3c64-f861-47cf-a3a3-e7751f272b2f</sln:wojIIPId><sln:wojIIPPn>PL.PZGIK.200</sln:wojIIPPn><sln:wojIIPWersja>2017-10-10T00:00:00+02:00</sln:wojIIPWersja><sln:wojIdTeryt>12</sln:wojIdTeryt><sln:wojNazwa>małopolskie</sln:wojNazwa></sln:miejscowosc><sln:miejscowosc><sln:cyklZyciaOd>2016-12-02T00:00:00+01:00</sln:cyklZyciaOd><sln:gmIIPId>e0772f3c-5000-4468-907f-c4a847810ff4</sln:gmIIPId><sln:gmIIPPn>PL.PZGIK.200</sln:gmIIPPn><sln:gmIIPWersja>2012-09-26T22:08:26+02:00</sln:gmIIPWersja><sln:gmIdTeryt>1202062</sln:gmIdTeryt><sln:gmNazwa>Iwkowa</sln:gmNazwa><sln:miejscIIPId>da0036ae-56d5-4590-b094-d16f4a3db801</sln:miejscIIPId><sln:miejscIIPPn>PL.PZGIK.200</sln:miejscIIPPn><sln:miejscIIPWersja>2016-12-02T12:56:12+02:00</sln:miejscIIPWersja><sln:miejscIdTeryt>0820996</sln:miejscIdTeryt><sln:miejscNIIPId>39bad0a8-ea45-478c-8965-9f1d511690de</sln:miejscNIIPId><sln:miejscNIIPPn>PL.PZGIK.200</sln:miejscNIIPPn><sln:miejscNIIPWersja>2016-12-02T12:56:10+02:00</sln:miejscNIIPWersja><sln:miejscNIdTeryt>0820967</sln:miejscNIdTeryt><sln:miejscNNazwa>Iwkowa</sln:miejscNNazwa><sln:miejscNRodzaj>Wieś</sln:miejscNRodzaj><sln:miejscNazwa>Kozieniec</sln:miejscNazwa><sln:miejscRodzaj>Inny obiekt</sln:miejscRodzaj><sln:powIIPId>8d0b0a85-17f0-4358-98a4-d312d6212b93</sln:powIIPId><sln:powIIPPn>PL.PZGIK.200</sln:powIIPPn><sln:powIIPWersja>2012-09-27T07:52:00+02:00</sln:powIIPWersja><sln:powIdTeryt>1202</sln:powIdTeryt><sln:powNazwa>brzeski</sln:powNazwa><sln:wojIIPId>dd2e3c64-f861-47cf-a3a3-e7751f272b2f</sln:wojIIPId><sln:wojIIPPn>PL.PZGIK.200</sln:wojIIPPn><sln:wojIIPWersja>2017-10-10T00:00:00+02:00</sln:wojIIPWersja><sln:wojIdTeryt>12</sln:wojIdTeryt><sln:wojNazwa>małopolskie</sln:wojNazwa></sln:miejscowosc><sln:miejscowosc><sln:cyklZyciaOd>2016-12-02T00:00:00+01:00</sln:cyklZyciaOd><sln:gmIIPId>e0772f3c-5000-4468-907f-c4a847810ff4</sln:gmIIPId><sln:gmIIPPn>PL.PZGIK.200</sln:gmIIPPn><sln:gmIIPWersja>2012-09-26T22:08:26+02:00</sln:gmIIPWersja><sln:gmIdTeryt>1202062</sln:gmIdTeryt><sln:gmNazwa>Iwkowa</sln:gmNazwa><sln:miejscIIPId>569a3bef-99c8-46ae-8502-15727cae9e49</sln:miejscIIPId><sln:miejscIIPPn>PL.PZGIK.200</sln:miejscIIPPn><sln:miejscIIPWersja>2016-12-02T12:56:12+02:00</sln:miejscIIPWersja><sln:miejscIdTeryt>0820973</sln:miejscIdTeryt><sln:miejscNIIPId>39bad0a8-ea45-478c-8965-9f1d511690de</sln:miejscNIIPId><sln:miejscNIIPPn>PL.PZGIK.200</sln:miejscNIIPPn><sln:miejscNIIPWersja>2016-12-02T12:56:10+02:00</sln:miejscNIIPWersja><sln:miejscNIdTeryt>0820967</sln:miejscNIdTeryt><sln:miejscNNazwa>Iwkowa</sln:miejscNNazwa><sln:miejscNRodzaj>Wieś</sln:miejscNRodzaj><sln:miejscNazwa>Góry</sln:miejscNazwa><sln:miejscRodzaj>Inny obiekt</sln:miejscRodzaj><sln:powIIPId>8d0b0a85-17f0-4358-98a4-d312d6212b93</sln:powIIPId><sln:powIIPPn>PL.PZGIK.200</sln:powIIPPn><sln:powIIPWersja>2012-09-27T07:52:00+02:00</sln:powIIPWersja><sln:powIdTeryt>1202</sln:powIdTeryt><sln:powNazwa>brzeski</sln:powNazwa><sln:wojIIPId>dd2e3c64-f861-47cf-a3a3-e7751f272b2f</sln:wojIIPId><sln:wojIIPPn>PL.PZGIK.200</sln:wojIIPPn><sln:wojIIPWersja>2017-10-10T00:00:00+02:00</sln:wojIIPWersja><sln:wojIdTeryt>12</sln:wojIdTeryt><sln:wojNazwa>małopolskie</sln:wojNazwa></sln:miejscowosc><sln:miejscowosc><sln:cyklZyciaOd>2016-12-02T00:00:00+01:00</sln:cyklZyciaOd><sln:gmIIPId>e0772f3c-5000-4468-907f-c4a847810ff4</sln:gmIIPId><sln:gmIIPPn>PL.PZGIK.200</sln:gmIIPPn><sln:gmIIPWersja>2012-09-26T22:08:26+02:00</sln:gmIIPWersja><sln:gmIdTeryt>1202062</sln:gmIdTeryt><sln:gmNazwa>Iwkowa</sln:gmNazwa><sln:miejscIIPId>2dae2d8d-d437-4440-9a15-2b4a73cb092f</sln:miejscIIPId><sln:miejscIIPPn>PL.PZGIK.200</sln:miejscIIPPn><sln:miejscIIPWersja>2016-12-02T12:56:12+02:00</sln:miejscIIPWersja><sln:miejscIdTeryt>0821004</sln:miejscIdTeryt><sln:miejscNIIPId>39bad0a8-ea45-478c-8965-9f1d511690de</sln:miejscNIIPId><sln:miejscNIIPPn>PL.PZGIK.200</sln:miejscNIIPPn><sln:miejscNIIPWersja>2016-12-02T12:56:10+02:00</sln:miejscNIIPWersja><sln:miejscNIdTeryt>0820967</sln:miejscNIdTeryt><sln:miejscNNazwa>Iwkowa</sln:miejscNNazwa><sln:miejscNRodzaj>Wieś</sln:miejscNRodzaj><sln:miejscNazwa>Nadole</sln:miejscNazwa><sln:miejscRodzaj>Inny obiekt</sln:miejscRodzaj><sln:powIIPId>8d0b0a85-17f0-4358-98a4-d312d6212b93</sln:powIIPId><sln:powIIPPn>PL.PZGIK.200</sln:powIIPPn><sln:powIIPWersja>2012-09-27T07:52:00+02:00</sln:powIIPWersja><sln:powIdTeryt>1202</sln:powIdTeryt><sln:powNazwa>brzeski</sln:powNazwa><sln:wojIIPId>dd2e3c64-f861-47cf-a3a3-e7751f272b2f</sln:wojIIPId><sln:wojIIPPn>PL.PZGIK.200</sln:wojIIPPn><sln:wojIIPWersja>2017-10-10T00:00:00+02:00</sln:wojIIPWersja><sln:wojIdTeryt>12</sln:wojIdTeryt><sln:wojNazwa>małopolskie</sln:wojNazwa></sln:miejscowosc><sln:miejscowosc><sln:cyklZyciaOd>2016-12-02T00:00:00+01:00</sln:cyklZyciaOd><sln:gmIIPId>e0772f3c-5000-4468-907f-c4a847810ff4</sln:gmIIPId><sln:gmIIPPn>PL.PZGIK.200</sln:gmIIPPn><sln:gmIIPWersja>2012-09-26T22:08:26+02:00</sln:gmIIPWersja><sln:gmIdTeryt>1202062</sln:gmIdTeryt><sln:gmNazwa>Iwkowa</sln:gmNazwa><sln:miejscIIPId>829c4346-304c-4cf1-9c84-3ca174e2cc7c</sln:miejscIIPId><sln:miejscIIPPn>PL.PZGIK.200</sln:miejscIIPPn><sln:miejscIIPWersja>2016-12-02T12:56:12+02:00</sln:miejscIIPWersja><sln:miejscIdTeryt>0821027</sln:miejscIdTeryt><sln:miejscNIIPId>39bad0a8-ea45-478c-8965-9f1d511690de</sln:miejscNIIPId><sln:miejscNIIPPn>PL.PZGIK.200</sln:miejscNIIPPn><sln:miejscNIIPWersja>2016-12-02T12:56:10+02:00</sln:miejscNIIPWersja><sln:miejscNIdTeryt>0820967</sln:miejscNIdTeryt><sln:miejscNNazwa>Iwkowa</sln:miejscNNazwa><sln:miejscNRodzaj>Wieś</sln:miejscNRodzaj><sln:miejscNazwa>Pagórek</sln:miejscNazwa><sln:miejscRodzaj>Inny obiekt</sln:miejscRodzaj><sln:powIIPId>8d0b0a85-17f0-4358-98a4-d312d6212b93</sln:powIIPId><sln:powIIPPn>PL.PZGIK.200</sln:powIIPPn><sln:powIIPWersja>2012-09-27T07:52:00+02:00</sln:powIIPWersja><sln:powIdTeryt>1202</sln:powIdTeryt><sln:powNazwa>brzeski</sln:powNazwa><sln:wojIIPId>dd2e3c64-f861-47cf-a3a3-e7751f272b2f</sln:wojIIPId><sln:wojIIPPn>PL.PZGIK.200</sln:wojIIPPn><sln:wojIIPWersja>2017-10-10T00:00:00+02:00</sln:wojIIPWersja><sln:wojIdTeryt>12</sln:wojIdTeryt><sln:wojNazwa>małopolskie</sln:wojNazwa></sln:miejscowosc><sln:miejscowosc><sln:cyklZyciaOd>2016-12-02T00:00:00+01:00</sln:cyklZyciaOd><sln:gmIIPId>e0772f3c-5000-4468-907f-c4a847810ff4</sln:gmIIPId><sln:gmIIPPn>PL.PZGIK.200</sln:gmIIPPn><sln:gmIIPWersja>2012-09-26T22:08:26+02:00</sln:gmIIPWersja><sln:gmIdTeryt>1202062</sln:gmIdTeryt><sln:gmNazwa>Iwkowa</sln:gmNazwa><sln:miejscIIPId>08c5b844-f295-4de4-930d-bab41896be87</sln:miejscIIPId><sln:miejscIIPPn>PL.PZGIK.200</sln:miejscIIPPn><sln:miejscIIPWersja>2016-12-02T12:56:12+02:00</sln:miejscIIPWersja><sln:miejscIdTeryt>0821040</sln:miejscIdTeryt><sln:miejscNIIPId>39bad0a8-ea45-478c-8965-9f1d511690de</sln:miejscNIIPId><sln:miejscNIIPPn>PL.PZGIK.200</sln:miejscNIIPPn><sln:miejscNIIPWersja>2016-12-02T12:56:10+02:00</sln:miejscNIIPWersja><sln:miejscNIdTeryt>0820967</sln:miejscNIdTeryt><sln:miejscNNazwa>Iwkowa</sln:miejscNNazwa><sln:miejscNRodzaj>Wieś</sln:miejscNRodzaj><sln:miejscNazwa>Sołtysie</sln:miejscNazwa><sln:miejscRodzaj>Inny obiekt</sln:miejscRodzaj><sln:powIIPId>8d0b0a85-17f0-4358-98a4-d312d6212b93</sln:powIIPId><sln:powIIPPn>PL.PZGIK.200</sln:powIIPPn><sln:powIIPWersja>2012-09-27T07:52:00+02:00</sln:powIIPWersja><sln:powIdTeryt>1202</sln:powIdTeryt><sln:powNazwa>brzeski</sln:powNazwa><sln:wojIIPId>dd2e3c64-f861-47cf-a3a3-e7751f272b2f</sln:wojIIPId><sln:wojIIPPn>PL.PZGIK.200</sln:wojIIPPn><sln:wojIIPWersja>2017-10-10T00:00:00+02:00</sln:wojIIPWersja><sln:wojIdTeryt>12</sln:wojIdTeryt><sln:wojNazwa>małopolskie</sln:wojNazwa></sln:miejscowosc><sln:miejscowosc><sln:cyklZyciaOd>2016-12-02T00:00:00+01:00</sln:cyklZyciaOd><sln:gmIIPId>e0772f3c-5000-4468-907f-c4a847810ff4</sln:gmIIPId><sln:gmIIPPn>PL.PZGIK.200</sln:gmIIPPn><sln:gmIIPWersja>2012-09-26T22:08:26+02:00</sln:gmIIPWersja><sln:gmIdTeryt>1202062</sln:gmIdTeryt><sln:gmNazwa>Iwkowa</sln:gmNazwa><sln:miejscIIPId>612c4b85-d66e-4452-8590-31f586c8a813</sln:miejscIIPId><sln:miejscIIPPn>PL.PZGIK.200</sln:miejscIIPPn><sln:miejscIIPWersja>2016-12-02T12:56:13+02:00</sln:miejscIIPWersja><sln:miejscIdTeryt>0820980</sln:miejscIdTeryt><sln:miejscNIIPId>39bad0a8-ea45-478c-8965-9f1d511690de</sln:miejscNIIPId><sln:miejscNIIPPn>PL.PZGIK.200</sln:miejscNIIPPn><sln:miejscNIIPWersja>2016-12-02T12:56:10+02:00</sln:miejscNIIPWersja><sln:miejscNIdTeryt>0820967</sln:miejscNIdTeryt><sln:miejscNNazwa>Iwkowa</sln:miejscNNazwa><sln:miejscNRodzaj>Wieś</sln:miejscNRodzaj><sln:miejscNazwa>Kąciny</sln:miejscNazwa><sln:miejscRodzaj>Inny obiekt</sln:miejscRodzaj><sln:powIIPId>8d0b0a85-17f0-4358-98a4-d312d6212b93</sln:powIIPId><sln:powIIPPn>PL.PZGIK.200</sln:powIIPPn><sln:powIIPWersja>2012-09-27T07:52:00+02:00</sln:powIIPWersja><sln:powIdTeryt>1202</sln:powIdTeryt><sln:powNazwa>brzeski</sln:powNazwa><sln:wojIIPId>dd2e3c64-f861-47cf-a3a3-e7751f272b2f</sln:wojIIPId><sln:wojIIPPn>PL.PZGIK.200</sln:wojIIPPn><sln:wojIIPWersja>2017-10-10T00:00:00+02:00</sln:wojIIPWersja><sln:wojIdTeryt>12</sln:wojIdTeryt><sln:wojNazwa>małopolskie</sln:wojNazwa></sln:miejscowosc><sln:miejscowosc><sln:cyklZyciaOd>2016-12-02T00:00:00+01:00</sln:cyklZyciaOd><sln:gmIIPId>e0772f3c-5000-4468-907f-c4a847810ff4</sln:gmIIPId><sln:gmIIPPn>PL.PZGIK.200</sln:gmIIPPn><sln:gmIIPWersja>2012-09-26T22:08:26+02:00</sln:gmIIPWersja><sln:gmIdTeryt>1202062</sln:gmIdTeryt><sln:gmNazwa>Iwkowa</sln:gmNazwa><sln:miejscIIPId>fec1037b-f255-4629-b27c-b187dacb40a7</sln:miejscIIPId><sln:miejscIIPPn>PL.PZGIK.200</sln:miejscIIPPn><sln:miejscIIPWersja>2016-12-02T12:56:13+02:00</sln:miejscIIPWersja><sln:miejscIdTeryt>0821010</sln:miejscIdTeryt><sln:miejscNIIPId>39bad0a8-ea45-478c-8965-9f1d511690de</sln:miejscNIIPId><sln:miejscNIIPPn>PL.PZGIK.200</sln:miejscNIIPPn><sln:miejscNIIPWersja>2016-12-02T12:56:10+02:00</sln:miejscNIIPWersja><sln:miejscNIdTeryt>0820967</sln:miejscNIdTeryt><sln:miejscNNazwa>Iwkowa</sln:miejscNNazwa><sln:miejscNRodzaj>Wieś</sln:miejscNRodzaj><sln:miejscNazwa>Nagórze</sln:miejscNazwa><sln:miejscRodzaj>Inny obiekt</sln:miejscRodzaj><sln:powIIPId>8d0b0a85-17f0-4358-98a4-d312d6212b93</sln:powIIPId><sln:powIIPPn>PL.PZGIK.200</sln:powIIPPn><sln:powIIPWersja>2012-09-27T07:52:00+02:00</sln:powIIPWersja><sln:powIdTeryt>1202</sln:powIdTeryt><sln:powNazwa>brzeski</sln:powNazwa><sln:wojIIPId>dd2e3c64-f861-47cf-a3a3-e7751f272b2f</sln:wojIIPId><sln:wojIIPPn>PL.PZGIK.200</sln:wojIIPPn><sln:wojIIPWersja>2017-10-10T00:00:00+02:00</sln:wojIIPWersja><sln:wojIdTeryt>12</sln:wojIdTeryt><sln:wojNazwa>małopolskie</sln:wojNazwa></sln:miejscowosc><sln:miejscowosc><sln:cyklZyciaOd>2016-12-02T00:00:00+01:00</sln:cyklZyciaOd><sln:gmIIPId>e0772f3c-5000-4468-907f-c4a847810ff4</sln:gmIIPId><sln:gmIIPPn>PL.PZGIK.200</sln:gmIIPPn><sln:gmIIPWersja>2012-09-26T22:08:26+02:00</sln:gmIIPWersja><sln:gmIdTeryt>1202062</sln:gmIdTeryt><sln:gmNazwa>Iwkowa</sln:gmNazwa><sln:miejscIIPId>c83d27d6-a9da-4505-bf06-9a8ca65acfff</sln:miejscIIPId><sln:miejscIIPPn>PL.PZGIK.200</sln:miejscIIPPn><sln:miejscIIPWersja>2016-12-02T12:56:13+02:00</sln:miejscIIPWersja><sln:miejscIdTeryt>0821091</sln:miejscIdTeryt><sln:miejscNIIPId>4b6bc72a-8cb1-46a4-90e8-eb809998f7cc</sln:miejscNIIPId><sln:miejscNIIPPn>PL.PZGIK.200</sln:miejscNIIPPn><sln:miejscNIIPWersja>2016-12-02T12:56:10+02:00</sln:miejscNIIPWersja><sln:miejscNIdTeryt>0821062</sln:miejscNIdTeryt><sln:miejscNNazwa>Kąty</sln:miejscNNazwa><sln:miejscNRodzaj>Wieś</sln:miejscNRodzaj><sln:miejscNazwa>Zatoki</sln:miejscNazwa><sln:miejscRodzaj>Inny obiekt</sln:miejscRodzaj><sln:powIIPId>8d0b0a85-17f0-4358-98a4-d312d6212b93</sln:powIIPId><sln:powIIPPn>PL.PZGIK.200</sln:powIIPPn><sln:powIIPWersja>2012-09-27T07:52:00+02:00</sln:powIIPWersja><sln:powIdTeryt>1202</sln:powIdTeryt><sln:powNazwa>brzeski</sln:powNazwa><sln:wojIIPId>dd2e3c64-f861-47cf-a3a3-e7751f272b2f</sln:wojIIPId><sln:wojIIPPn>PL.PZGIK.200</sln:wojIIPPn><sln:wojIIPWersja>2017-10-10T00:00:00+02:00</sln:wojIIPWersja><sln:wojIdTeryt>12</sln:wojIdTeryt><sln:wojNazwa>małopolskie</sln:wojNazwa></sln:miejscowosc><sln:miejscowosc><sln:cyklZyciaOd>2016-12-02T00:00:00+01:00</sln:cyklZyciaOd><sln:gmIIPId>e0772f3c-5000-4468-907f-c4a847810ff4</sln:gmIIPId><sln:gmIIPPn>PL.PZGIK.200</sln:gmIIPPn><sln:gmIIPWersja>2012-09-26T22:08:26+02:00</sln:gmIIPWersja><sln:gmIdTeryt>1202062</sln:gmIdTeryt><sln:gmNazwa>Iwkowa</sln:gmNazwa><sln:miejscIIPId>394f6be9-493d-4e8e-b659-a6590687a736</sln:miejscIIPId><sln:miejscIIPPn>PL.PZGIK.200</sln:miejscIIPPn><sln:miejscIIPWersja>2016-12-02T12:56:13+02:00</sln:miejscIIPWersja><sln:miejscIdTeryt>0821079</sln:miejscIdTeryt><sln:miejscNIIPId>4b6bc72a-8cb1-46a4-90e8-eb809998f7cc</sln:miejscNIIPId><sln:miejscNIIPPn>PL.PZGIK.200</sln:miejscNIIPPn><sln:miejscNIIPWersja>2016-12-02T12:56:10+02:00</sln:miejscNIIPWersja><sln:miejscNIdTeryt>0821062</sln:miejscNIdTeryt><sln:miejscNNazwa>Kąty</sln:miejscNNazwa><sln:miejscNRodzaj>Wieś</sln:miejscNRodzaj><sln:miejscNazwa>Góry</sln:miejscNazwa><sln:miejscRodzaj>Inny obiekt</sln:miejscRodzaj><sln:powIIPId>8d0b0a85-17f0-4358-98a4-d312d6212b93</sln:powIIPId><sln:powIIPPn>PL.PZGIK.200</sln:powIIPPn><sln:powIIPWersja>2012-09-27T07:52:00+02:00</sln:powIIPWersja><sln:powIdTeryt>1202</sln:powIdTeryt><sln:powNazwa>brzeski</sln:powNazwa><sln:wojIIPId>dd2e3c64-f861-47cf-a3a3-e7751f272b2f</sln:wojIIPId><sln:wojIIPPn>PL.PZGIK.200</sln:wojIIPPn><sln:wojIIPWersja>2017-10-10T00:00:00+02:00</sln:wojIIPWersja><sln:wojIdTeryt>12</sln:wojIdTeryt><sln:wojNazwa>małopolskie</sln:wojNazwa></sln:miejscowosc><sln:miejscowosc><sln:cyklZyciaOd>2016-12-02T00:00:00+01:00</sln:cyklZyciaOd><sln:gmIIPId>e0772f3c-5000-4468-907f-c4a847810ff4</sln:gmIIPId><sln:gmIIPPn>PL.PZGIK.200</sln:gmIIPPn><sln:gmIIPWersja>2012-09-26T22:08:26+02:00</sln:gmIIPWersja><sln:gmIdTeryt>1202062</sln:gmIdTeryt><sln:gmNazwa>Iwkowa</sln:gmNazwa><sln:miejscIIPId>c82597ee-8e02-4215-a7e0-8f898d3207b7</sln:miejscIIPId><sln:miejscIIPPn>PL.PZGIK.200</sln:miejscIIPPn><sln:miejscIIPWersja>2016-12-02T12:56:13+02:00</sln:miejscIIPWersja><sln:miejscIdTeryt>0821085</sln:miejscIdTeryt><sln:miejscNIIPId>4b6bc72a-8cb1-46a4-90e8-eb809998f7cc</sln:miejscNIIPId><sln:miejscNIIPPn>PL.PZGIK.200</sln:miejscNIIPPn><sln:miejscNIIPWersja>2016-12-02T12:56:10+02:00</sln:miejscNIIPWersja><sln:miejscNIdTeryt>0821062</sln:miejscNIdTeryt><sln:miejscNNazwa>Kąty</sln:miejscNNazwa><sln:miejscNRodzaj>Wieś</sln:miejscNRodzaj><sln:miejscNazwa>Pasterniki</sln:miejscNazwa><sln:miejscRodzaj>Inny obiekt</sln:miejscRodzaj><sln:powIIPId>8d0b0a85-17f0-4358-98a4-d312d6212b93</sln:powIIPId><sln:powIIPPn>PL.PZGIK.200</sln:powIIPPn><sln:powIIPWersja>2012-09-27T07:52:00+02:00</sln:powIIPWersja><sln:powIdTeryt>1202</sln:powIdTeryt><sln:powNazwa>brzeski</sln:powNazwa><sln:wojIIPId>dd2e3c64-f861-47cf-a3a3-e7751f272b2f</sln:wojIIPId><sln:wojIIPPn>PL.PZGIK.200</sln:wojIIPPn><sln:wojIIPWersja>2017-10-10T00:00:00+02:00</sln:wojIIPWersja><sln:wojIdTeryt>12</sln:wojIdTeryt><sln:wojNazwa>małopolskie</sln:wojNazwa></sln:miejscowosc><sln:miejscowosc><sln:cyklZyciaOd>2016-12-02T00:00:00+01:00</sln:cyklZyciaOd><sln:gmIIPId>e0772f3c-5000-4468-907f-c4a847810ff4</sln:gmIIPId><sln:gmIIPPn>PL.PZGIK.200</sln:gmIIPPn><sln:gmIIPWersja>2012-09-26T22:08:26+02:00</sln:gmIIPWersja><sln:gmIdTeryt>1202062</sln:gmIdTeryt><sln:gmNazwa>Iwkowa</sln:gmNazwa><sln:miejscIIPId>225ed8e4-e9c3-4d50-951e-3c7d3a761e9a</sln:miejscIIPId><sln:miejscIIPPn>PL.PZGIK.200</sln:miejscIIPPn><sln:miejscIIPWersja>2016-12-02T12:56:13+02:00</sln:miejscIIPWersja><sln:miejscIdTeryt>0821100</sln:miejscIdTeryt><sln:miejscNIIPId>4b6bc72a-8cb1-46a4-90e8-eb809998f7cc</sln:miejscNIIPId><sln:miejscNIIPPn>PL.PZGIK.200</sln:miejscNIIPPn><sln:miejscNIIPWersja>2016-12-02T12:56:10+02:00</sln:miejscNIIPWersja><sln:miejscNIdTeryt>0821062</sln:miejscNIdTeryt><sln:miejscNNazwa>Kąty</sln:miejscNNazwa><sln:miejscNRodzaj>Wieś</sln:miejscNRodzaj><sln:miejscNazwa>Grabie</sln:miejscNazwa><sln:miejscRodzaj>Inny obiekt</sln:miejscRodzaj><sln:powIIPId>8d0b0a85-17f0-4358-98a4-d312d6212b93</sln:powIIPId><sln:powIIPPn>PL.PZGIK.200</sln:powIIPPn><sln:powIIPWersja>2012-09-27T07:52:00+02:00</sln:powIIPWersja><sln:powIdTeryt>1202</sln:powIdTeryt><sln:powNazwa>brzeski</sln:powNazwa><sln:wojIIPId>dd2e3c64-f861-47cf-a3a3-e7751f272b2f</sln:wojIIPId><sln:wojIIPPn>PL.PZGIK.200</sln:wojIIPPn><sln:wojIIPWersja>2017-10-10T00:00:00+02:00</sln:wojIIPWersja><sln:wojIdTeryt>12</sln:wojIdTeryt><sln:wojNazwa>małopolskie</sln:wojNazwa></sln:miejscowosc><sln:miejscowosc><sln:cyklZyciaOd>2016-12-02T00:00:00+01:00</sln:cyklZyciaOd><sln:gmIIPId>e0772f3c-5000-4468-907f-c4a847810ff4</sln:gmIIPId><sln:gmIIPPn>PL.PZGIK.200</sln:gmIIPPn><sln:gmIIPWersja>2012-09-26T22:08:26+02:00</sln:gmIIPWersja><sln:gmIdTeryt>1202062</sln:gmIdTeryt><sln:gmNazwa>Iwkowa</sln:gmNazwa><sln:miejscIIPId>22b97077-a038-41ba-adf0-78eb170032ef</sln:miejscIIPId><sln:miejscIIPPn>PL.PZGIK.200</sln:miejscIIPPn><sln:miejscIIPWersja>2016-12-02T12:56:13+02:00</sln:miejscIIPWersja><sln:miejscIdTeryt>0821122</sln:miejscIdTeryt><sln:miejscNIIPId>6f4429da-4dda-4e05-9300-c4967021f04e</sln:miejscNIIPId><sln:miejscNIIPPn>PL.PZGIK.200</sln:miejscNIIPPn><sln:miejscNIIPWersja>2016-12-02T12:56:03+02:00</sln:miejscNIIPWersja><sln:miejscNIdTeryt>0821116</sln:miejscNIdTeryt><sln:miejscNNazwa>Połom Mały</sln:miejscNNazwa><sln:miejscNRodzaj>Wieś</sln:miejscNRodzaj><sln:miejscNazwa>Markówka</sln:miejscNazwa><sln:miejscRodzaj>Inny obiekt</sln:miejscRodzaj><sln:powIIPId>8d0b0a85-17f0-4358-98a4-d312d6212b93</sln:powIIPId><sln:powIIPPn>PL.PZGIK.200</sln:powIIPPn><sln:powIIPWersja>2012-09-27T07:52:00+02:00</sln:powIIPWersja><sln:powIdTeryt>1202</sln:powIdTeryt><sln:powNazwa>brzeski</sln:powNazwa><sln:wojIIPId>dd2e3c64-f861-47cf-a3a3-e7751f272b2f</sln:wojIIPId><sln:wojIIPPn>PL.PZGIK.200</sln:wojIIPPn><sln:wojIIPWersja>2017-10-10T00:00:00+02:00</sln:wojIIPWersja><sln:wojIdTeryt>12</sln:wojIdTeryt><sln:wojNazwa>małopolskie</sln:wojNazwa></sln:miejscowosc><sln:miejscowosc><sln:cyklZyciaOd>2016-12-02T00:00:00+01:00</sln:cyklZyciaOd><sln:gmIIPId>e0772f3c-5000-4468-907f-c4a847810ff4</sln:gmIIPId><sln:gmIIPPn>PL.PZGIK.200</sln:gmIIPPn><sln:gmIIPWersja>2012-09-26T22:08:26+02:00</sln:gmIIPWersja><sln:gmIdTeryt>1202062</sln:gmIdTeryt><sln:gmNazwa>Iwkowa</sln:gmNazwa><sln:miejscIIPId>fa930e9a-1b41-47ac-8414-1ed8c535d061</sln:miejscIIPId><sln:miejscIIPPn>PL.PZGIK.200</sln:miejscIIPPn><sln:miejscIIPWersja>2016-12-02T12:56:13+02:00</sln:miejscIIPWersja><sln:miejscIdTeryt>0821145</sln:miejscIdTeryt><sln:miejscNIIPId>6f4429da-4dda-4e05-9300-c4967021f04e</sln:miejscNIIPId><sln:miejscNIIPPn>PL.PZGIK.200</sln:miejscNIIPPn><sln:miejscNIIPWersja>2016-12-02T12:56:03+02:00</sln:miejscNIIPWersja><sln:miejscNIdTeryt>0821116</sln:miejscNIdTeryt><sln:miejscNNazwa>Połom Mały</sln:miejscNNazwa><sln:miejscNRodzaj>Wieś</sln:miejscNRodzaj><sln:miejscNazwa>Psia Góra</sln:miejscNazwa><sln:miejscRodzaj>Inny obiekt</sln:miejscRodzaj><sln:powIIPId>8d0b0a85-17f0-4358-98a4-d312d6212b93</sln:powIIPId><sln:powIIPPn>PL.PZGIK.200</sln:powIIPPn><sln:powIIPWersja>2012-09-27T07:52:00+02:00</sln:powIIPWersja><sln:powIdTeryt>1202</sln:powIdTeryt><sln:powNazwa>brzeski</sln:powNazwa><sln:wojIIPId>dd2e3c64-f861-47cf-a3a3-e7751f272b2f</sln:wojIIPId><sln:wojIIPPn>PL.PZGIK.200</sln:wojIIPPn><sln:wojIIPWersja>2017-10-10T00:00:00+02:00</sln:wojIIPWersja><sln:wojIdTeryt>12</sln:wojIdTeryt><sln:wojNazwa>małopolskie</sln:wojNazwa></sln:miejscowosc></sln:lista-miejscowosci>