<?xml version="1.0" encoding="UTF-8" standalone="yes"?><sln:lista-miejscowosci xmlns:srv="http://gugik.gov.pl/schemas/slowniki-service/1.0" xmlns:sln="http://gugik.gov.pl/schemas/slowniki-schema/1.0"><sln:miejscowosc><sln:cyklZyciaDo>2017-04-21T00:00:00+02:00</sln:cyklZyciaDo><sln:cyklZyciaOd>2015-12-18T00:00:00+01:00</sln:cyklZyciaOd><sln:gmIIPId>e23dbff0-c33d-4b10-b8e6-8aa6cf98aa38</sln:gmIIPId><sln:gmIIPPn>PL.PZGIK.200</sln:gmIIPPn><sln:gmIIPWersja>2012-09-26T22:09:02+02:00</sln:gmIIPWersja><sln:gmIdTeryt>1205062</sln:gmIdTeryt><sln:gmNazwa>Łużna</sln:gmNazwa><sln:miejscIIPId>fd898a1c-7346-4112-b47a-42f81fe40a91</sln:miejscIIPId><sln:miejscIIPPn>PL.PZGIK.200</sln:miejscIIPPn><sln:miejscIIPWersja>2016-11-24T10:25:45+02:00</sln:miejscIIPWersja><sln:miejscIdTeryt>0449674</sln:miejscIdTeryt><sln:miejscNazwa>Biesna</sln:miejscNazwa><sln:miejscRodzaj>Wieś</sln:miejscRodzaj><sln:powIIPId>5b376d4f-e6fb-48f4-9302-a9b0a6cc2aeb</sln:powIIPId><sln:powIIPPn>PL.PZGIK.200</sln:powIIPPn><sln:powIIPWersja>2017-10-10T00:00:00+02:00</sln:powIIPWersja><sln:powIdTeryt>1205</sln:powIdTeryt><sln:powNazwa>gorlicki</sln:powNazwa><sln:waznyOd>2015-05-14T00:00:00+02:00</sln:waznyOd><sln:wojIIPId>dd2e3c64-f861-47cf-a3a3-e7751f272b2f</sln:wojIIPId><sln:wojIIPPn>PL.PZGIK.200</sln:wojIIPPn><sln:wojIIPWersja>2017-10-10T00:00:00+02:00</sln:wojIIPWersja><sln:wojIdTeryt>12</sln:wojIdTeryt><sln:wojNazwa>małopolskie</sln:wojNazwa></sln:miejscowosc><sln:miejscowosc><sln:cyklZyciaDo>2017-04-21T00:00:00+02:00</sln:cyklZyciaDo><sln:cyklZyciaOd>2015-12-18T00:00:00+01:00</sln:cyklZyciaOd><sln:gmIIPId>e23dbff0-c33d-4b10-b8e6-8aa6cf98aa38</sln:gmIIPId><sln:gmIIPPn>PL.PZGIK.200</sln:gmIIPPn><sln:gmIIPWersja>2012-09-26T22:09:02+02:00</sln:gmIIPWersja><sln:gmIdTeryt>1205062</sln:gmIdTeryt><sln:gmNazwa>Łużna</sln:gmNazwa><sln:miejscIIPId>3ec9a8df-4f93-465f-8d18-2ca257f351f6</sln:miejscIIPId><sln:miejscIIPPn>PL.PZGIK.200</sln:miejscIIPPn><sln:miejscIIPWersja>2016-11-24T10:25:47+02:00</sln:miejscIIPWersja><sln:miejscIdTeryt>0449711</sln:miejscIdTeryt><sln:miejscNazwa>Bieśnik</sln:miejscNazwa><sln:miejscRodzaj>Wieś</sln:miejscRodzaj><sln:powIIPId>5b376d4f-e6fb-48f4-9302-a9b0a6cc2aeb</sln:powIIPId><sln:powIIPPn>PL.PZGIK.200</sln:powIIPPn><sln:powIIPWersja>2017-10-10T00:00:00+02:00</sln:powIIPWersja><sln:powIdTeryt>1205</sln:powIdTeryt><sln:powNazwa>gorlicki</sln:powNazwa><sln:waznyOd>2015-05-14T00:00:00+02:00</sln:waznyOd><sln:wojIIPId>dd2e3c64-f861-47cf-a3a3-e7751f272b2f</sln:wojIIPId><sln:wojIIPPn>PL.PZGIK.200</sln:wojIIPPn><sln:wojIIPWersja>2017-10-10T00:00:00+02:00</sln:wojIIPWersja><sln:wojIdTeryt>12</sln:wojIdTeryt><sln:wojNazwa>małopolskie</sln:wojNazwa></sln:miejscowosc><sln:miejscowosc><sln:cyklZyciaDo>2017-04-21T00:00:00+02:00</sln:cyklZyciaDo><sln:cyklZyciaOd>2015-12-18T00:00:00+01:00</sln:cyklZyciaOd><sln:gmIIPId>e23dbff0-c33d-4b10-b8e6-8aa6cf98aa38</sln:gmIIPId><sln:gmIIPPn>PL.PZGIK.200</sln:gmIIPPn><sln:gmIIPWersja>2012-09-26T22:09:02+02:00</sln:gmIIPWersja><sln:gmIdTeryt>1205062</sln:gmIdTeryt><sln:gmNazwa>Łużna</sln:gmNazwa><sln:miejscIIPId>cfb2d194-4e5d-47f1-a5d4-41f492273f2d</sln:miejscIIPId><sln:miejscIIPPn>PL.PZGIK.200</sln:miejscIIPPn><sln:miejscIIPWersja>2016-11-24T10:25:49+02:00</sln:miejscIIPWersja><sln:miejscIdTeryt>0449800</sln:miejscIdTeryt><sln:miejscNazwa>Łużna</sln:miejscNazwa><sln:miejscRodzaj>Wieś</sln:miejscRodzaj><sln:powIIPId>5b376d4f-e6fb-48f4-9302-a9b0a6cc2aeb</sln:powIIPId><sln:powIIPPn>PL.PZGIK.200</sln:powIIPPn><sln:powIIPWersja>2017-10-10T00:00:00+02:00</sln:powIIPWersja><sln:powIdTeryt>1205</sln:powIdTeryt><sln:powNazwa>gorlicki</sln:powNazwa><sln:waznyOd>2015-05-14T00:00:00+02:00</sln:waznyOd><sln:wojIIPId>dd2e3c64-f861-47cf-a3a3-e7751f272b2f</sln:wojIIPId><sln:wojIIPPn>PL.PZGIK.200</sln:wojIIPPn><sln:wojIIPWersja>2017-10-10T00:00:00+02:00</sln:wojIIPWersja><sln:wojIdTeryt>12</sln:wojIdTeryt><sln:wojNazwa>małopolskie</sln:wojNazwa></sln:miejscowosc><sln:miejscowosc><sln:cyklZyciaDo>2017-04-21T00:00:00+02:00</sln:cyklZyciaDo><sln:cyklZyciaOd>2015-12-18T00:00:00+01:00</sln:cyklZyciaOd><sln:gmIIPId>e23dbff0-c33d-4b10-b8e6-8aa6cf98aa38</sln:gmIIPId><sln:gmIIPPn>PL.PZGIK.200</sln:gmIIPPn><sln:gmIIPWersja>2012-09-26T22:09:02+02:00</sln:gmIIPWersja><sln:gmIdTeryt>1205062</sln:gmIdTeryt><sln:gmNazwa>Łużna</sln:gmNazwa><sln:miejscIIPId>aafca089-3bd3-4784-a09a-452bcb54fd0e</sln:miejscIIPId><sln:miejscIIPPn>PL.PZGIK.200</sln:miejscIIPPn><sln:miejscIIPWersja>2016-11-24T10:25:51+02:00</sln:miejscIIPWersja><sln:miejscIdTeryt>0450000</sln:miejscIdTeryt><sln:miejscNazwa>Mszanka</sln:miejscNazwa><sln:miejscRodzaj>Wieś</sln:miejscRodzaj><sln:powIIPId>5b376d4f-e6fb-48f4-9302-a9b0a6cc2aeb</sln:powIIPId><sln:powIIPPn>PL.PZGIK.200</sln:powIIPPn><sln:powIIPWersja>2017-10-10T00:00:00+02:00</sln:powIIPWersja><sln:powIdTeryt>1205</sln:powIdTeryt><sln:powNazwa>gorlicki</sln:powNazwa><sln:waznyOd>2015-05-14T00:00:00+02:00</sln:waznyOd><sln:wojIIPId>dd2e3c64-f861-47cf-a3a3-e7751f272b2f</sln:wojIIPId><sln:wojIIPPn>PL.PZGIK.200</sln:wojIIPPn><sln:wojIIPWersja>2017-10-10T00:00:00+02:00</sln:wojIIPWersja><sln:wojIdTeryt>12</sln:wojIdTeryt><sln:wojNazwa>małopolskie</sln:wojNazwa></sln:miejscowosc><sln:miejscowosc><sln:cyklZyciaDo>2017-04-21T00:00:00+02:00</sln:cyklZyciaDo><sln:cyklZyciaOd>2015-12-18T00:00:00+01:00</sln:cyklZyciaOd><sln:gmIIPId>e23dbff0-c33d-4b10-b8e6-8aa6cf98aa38</sln:gmIIPId><sln:gmIIPPn>PL.PZGIK.200</sln:gmIIPPn><sln:gmIIPWersja>2012-09-26T22:09:02+02:00</sln:gmIIPWersja><sln:gmIdTeryt>1205062</sln:gmIdTeryt><sln:gmNazwa>Łużna</sln:gmNazwa><sln:miejscIIPId>f32c4705-245f-41df-8043-924aa69fe2d8</sln:miejscIIPId><sln:miejscIIPPn>PL.PZGIK.200</sln:miejscIIPPn><sln:miejscIIPWersja>2016-11-24T10:25:53+02:00</sln:miejscIIPWersja><sln:miejscIdTeryt>0450097</sln:miejscIdTeryt><sln:miejscNazwa>Szalowa</sln:miejscNazwa><sln:miejscRodzaj>Wieś</sln:miejscRodzaj><sln:powIIPId>5b376d4f-e6fb-48f4-9302-a9b0a6cc2aeb</sln:powIIPId><sln:powIIPPn>PL.PZGIK.200</sln:powIIPPn><sln:powIIPWersja>2017-10-10T00:00:00+02:00</sln:powIIPWersja><sln:powIdTeryt>1205</sln:powIdTeryt><sln:powNazwa>gorlicki</sln:powNazwa><sln:waznyOd>2015-05-14T00:00:00+02:00</sln:waznyOd><sln:wojIIPId>dd2e3c64-f861-47cf-a3a3-e7751f272b2f</sln:wojIIPId><sln:wojIIPPn>PL.PZGIK.200</sln:wojIIPPn><sln:wojIIPWersja>2017-10-10T00:00:00+02:00</sln:wojIIPWersja><sln:wojIdTeryt>12</sln:wojIdTeryt><sln:wojNazwa>małopolskie</sln:wojNazwa></sln:miejscowosc><sln:miejscowosc><sln:cyklZyciaDo>2017-04-21T00:00:00+02:00</sln:cyklZyciaDo><sln:cyklZyciaOd>2015-12-18T00:00:00+01:00</sln:cyklZyciaOd><sln:gmIIPId>e23dbff0-c33d-4b10-b8e6-8aa6cf98aa38</sln:gmIIPId><sln:gmIIPPn>PL.PZGIK.200</sln:gmIIPPn><sln:gmIIPWersja>2012-09-26T22:09:02+02:00</sln:gmIIPWersja><sln:gmIdTeryt>1205062</sln:gmIdTeryt><sln:gmNazwa>Łużna</sln:gmNazwa><sln:miejscIIPId>f9c66c48-0f34-4c3f-9406-462092da42e6</sln:miejscIIPId><sln:miejscIIPPn>PL.PZGIK.200</sln:miejscIIPPn><sln:miejscIIPWersja>2016-11-24T10:25:55+02:00</sln:miejscIIPWersja><sln:miejscIdTeryt>0450163</sln:miejscIdTeryt><sln:miejscNazwa>Wola Łużańska</sln:miejscNazwa><sln:miejscRodzaj>Wieś</sln:miejscRodzaj><sln:powIIPId>5b376d4f-e6fb-48f4-9302-a9b0a6cc2aeb</sln:powIIPId><sln:powIIPPn>PL.PZGIK.200</sln:powIIPPn><sln:powIIPWersja>2017-10-10T00:00:00+02:00</sln:powIIPWersja><sln:powIdTeryt>1205</sln:powIdTeryt><sln:powNazwa>gorlicki</sln:powNazwa><sln:waznyOd>2015-05-14T00:00:00+02:00</sln:waznyOd><sln:wojIIPId>dd2e3c64-f861-47cf-a3a3-e7751f272b2f</sln:wojIIPId><sln:wojIIPPn>PL.PZGIK.200</sln:wojIIPPn><sln:wojIIPWersja>2017-10-10T00:00:00+02:00</sln:wojIIPWersja><sln:wojIdTeryt>12</sln:wojIdTeryt><sln:wojNazwa>małopolskie</sln:wojNazwa></sln:miejscowosc><sln:miejscowosc><sln:cyklZyciaDo>2015-12-15T00:00:00+01:00</sln:cyklZyciaDo><sln:cyklZyciaOd>2015-10-19T00:00:00+02:00</sln:cyklZyciaOd><sln:gmIIPId>e23dbff0-c33d-4b10-b8e6-8aa6cf98aa38</sln:gmIIPId><sln:gmIIPPn>PL.PZGIK.200</sln:gmIIPPn><sln:gmIIPWersja>2012-09-26T22:09:02+02:00</sln:gmIIPWersja><sln:gmIdTeryt>1205062</sln:gmIdTeryt><sln:gmNazwa>Łużna</sln:gmNazwa><sln:miejscIIPId>fd898a1c-7346-4112-b47a-42f81fe40a91</sln:miejscIIPId><sln:miejscIIPPn>PL.PZGIK.200</sln:miejscIIPPn><sln:miejscIIPWersja>2016-11-24T10:25:46+02:00</sln:miejscIIPWersja><sln:miejscIdTeryt>0449674</sln:miejscIdTeryt><sln:miejscNazwa>Biesna</sln:miejscNazwa><sln:miejscRodzaj>Wieś</sln:miejscRodzaj><sln:powIIPId>5b376d4f-e6fb-48f4-9302-a9b0a6cc2aeb</sln:powIIPId><sln:powIIPPn>PL.PZGIK.200</sln:powIIPPn><sln:powIIPWersja>2017-10-10T00:00:00+02:00</sln:powIIPWersja><sln:powIdTeryt>1205</sln:powIdTeryt><sln:powNazwa>gorlicki</sln:powNazwa><sln:waznyOd>2015-05-14T00:00:00+02:00</sln:waznyOd><sln:wojIIPId>dd2e3c64-f861-47cf-a3a3-e7751f272b2f</sln:wojIIPId><sln:wojIIPPn>PL.PZGIK.200</sln:wojIIPPn><sln:wojIIPWersja>2017-10-10T00:00:00+02:00</sln:wojIIPWersja><sln:wojIdTeryt>12</sln:wojIdTeryt><sln:wojNazwa>małopolskie</sln:wojNazwa></sln:miejscowosc><sln:miejscowosc><sln:cyklZyciaDo>2015-12-15T00:00:00+01:00</sln:cyklZyciaDo><sln:cyklZyciaOd>2015-10-19T00:00:00+02:00</sln:cyklZyciaOd><sln:gmIIPId>e23dbff0-c33d-4b10-b8e6-8aa6cf98aa38</sln:gmIIPId><sln:gmIIPPn>PL.PZGIK.200</sln:gmIIPPn><sln:gmIIPWersja>2012-09-26T22:09:02+02:00</sln:gmIIPWersja><sln:gmIdTeryt>1205062</sln:gmIdTeryt><sln:gmNazwa>Łużna</sln:gmNazwa><sln:miejscIIPId>3ec9a8df-4f93-465f-8d18-2ca257f351f6</sln:miejscIIPId><sln:miejscIIPPn>PL.PZGIK.200</sln:miejscIIPPn><sln:miejscIIPWersja>2016-11-24T10:25:48+02:00</sln:miejscIIPWersja><sln:miejscIdTeryt>0449711</sln:miejscIdTeryt><sln:miejscNazwa>Bieśnik</sln:miejscNazwa><sln:miejscRodzaj>Wieś</sln:miejscRodzaj><sln:powIIPId>5b376d4f-e6fb-48f4-9302-a9b0a6cc2aeb</sln:powIIPId><sln:powIIPPn>PL.PZGIK.200</sln:powIIPPn><sln:powIIPWersja>2017-10-10T00:00:00+02:00</sln:powIIPWersja><sln:powIdTeryt>1205</sln:powIdTeryt><sln:powNazwa>gorlicki</sln:powNazwa><sln:waznyOd>2015-05-14T00:00:00+02:00</sln:waznyOd><sln:wojIIPId>dd2e3c64-f861-47cf-a3a3-e7751f272b2f</sln:wojIIPId><sln:wojIIPPn>PL.PZGIK.200</sln:wojIIPPn><sln:wojIIPWersja>2017-10-10T00:00:00+02:00</sln:wojIIPWersja><sln:wojIdTeryt>12</sln:wojIdTeryt><sln:wojNazwa>małopolskie</sln:wojNazwa></sln:miejscowosc><sln:miejscowosc><sln:cyklZyciaDo>2015-12-15T00:00:00+01:00</sln:cyklZyciaDo><sln:cyklZyciaOd>2015-10-19T00:00:00+02:00</sln:cyklZyciaOd><sln:gmIIPId>e23dbff0-c33d-4b10-b8e6-8aa6cf98aa38</sln:gmIIPId><sln:gmIIPPn>PL.PZGIK.200</sln:gmIIPPn><sln:gmIIPWersja>2012-09-26T22:09:02+02:00</sln:gmIIPWersja><sln:gmIdTeryt>1205062</sln:gmIdTeryt><sln:gmNazwa>Łużna</sln:gmNazwa><sln:miejscIIPId>cfb2d194-4e5d-47f1-a5d4-41f492273f2d</sln:miejscIIPId><sln:miejscIIPPn>PL.PZGIK.200</sln:miejscIIPPn><sln:miejscIIPWersja>2016-11-24T10:25:50+02:00</sln:miejscIIPWersja><sln:miejscIdTeryt>0449800</sln:miejscIdTeryt><sln:miejscNazwa>Łużna</sln:miejscNazwa><sln:miejscRodzaj>Wieś</sln:miejscRodzaj><sln:powIIPId>5b376d4f-e6fb-48f4-9302-a9b0a6cc2aeb</sln:powIIPId><sln:powIIPPn>PL.PZGIK.200</sln:powIIPPn><sln:powIIPWersja>2017-10-10T00:00:00+02:00</sln:powIIPWersja><sln:powIdTeryt>1205</sln:powIdTeryt><sln:powNazwa>gorlicki</sln:powNazwa><sln:waznyOd>2015-05-14T00:00:00+02:00</sln:waznyOd><sln:wojIIPId>dd2e3c64-f861-47cf-a3a3-e7751f272b2f</sln:wojIIPId><sln:wojIIPPn>PL.PZGIK.200</sln:wojIIPPn><sln:wojIIPWersja>2017-10-10T00:00:00+02:00</sln:wojIIPWersja><sln:wojIdTeryt>12</sln:wojIdTeryt><sln:wojNazwa>małopolskie</sln:wojNazwa></sln:miejscowosc><sln:miejscowosc><sln:cyklZyciaDo>2015-12-15T00:00:00+01:00</sln:cyklZyciaDo><sln:cyklZyciaOd>2015-10-19T00:00:00+02:00</sln:cyklZyciaOd><sln:gmIIPId>e23dbff0-c33d-4b10-b8e6-8aa6cf98aa38</sln:gmIIPId><sln:gmIIPPn>PL.PZGIK.200</sln:gmIIPPn><sln:gmIIPWersja>2012-09-26T22:09:02+02:00</sln:gmIIPWersja><sln:gmIdTeryt>1205062</sln:gmIdTeryt><sln:gmNazwa>Łużna</sln:gmNazwa><sln:miejscIIPId>aafca089-3bd3-4784-a09a-452bcb54fd0e</sln:miejscIIPId><sln:miejscIIPPn>PL.PZGIK.200</sln:miejscIIPPn><sln:miejscIIPWersja>2016-11-24T10:25:52+02:00</sln:miejscIIPWersja><sln:miejscIdTeryt>0450000</sln:miejscIdTeryt><sln:miejscNazwa>Mszanka</sln:miejscNazwa><sln:miejscRodzaj>Wieś</sln:miejscRodzaj><sln:powIIPId>5b376d4f-e6fb-48f4-9302-a9b0a6cc2aeb</sln:powIIPId><sln:powIIPPn>PL.PZGIK.200</sln:powIIPPn><sln:powIIPWersja>2017-10-10T00:00:00+02:00</sln:powIIPWersja><sln:powIdTeryt>1205</sln:powIdTeryt><sln:powNazwa>gorlicki</sln:powNazwa><sln:waznyOd>2015-05-14T00:00:00+02:00</sln:waznyOd><sln:wojIIPId>dd2e3c64-f861-47cf-a3a3-e7751f272b2f</sln:wojIIPId><sln:wojIIPPn>PL.PZGIK.200</sln:wojIIPPn><sln:wojIIPWersja>2017-10-10T00:00:00+02:00</sln:wojIIPWersja><sln:wojIdTeryt>12</sln:wojIdTeryt><sln:wojNazwa>małopolskie</sln:wojNazwa></sln:miejscowosc><sln:miejscowosc><sln:cyklZyciaDo>2015-12-15T00:00:00+01:00</sln:cyklZyciaDo><sln:cyklZyciaOd>2015-10-19T00:00:00+02:00</sln:cyklZyciaOd><sln:gmIIPId>e23dbff0-c33d-4b10-b8e6-8aa6cf98aa38</sln:gmIIPId><sln:gmIIPPn>PL.PZGIK.200</sln:gmIIPPn><sln:gmIIPWersja>2012-09-26T22:09:02+02:00</sln:gmIIPWersja><sln:gmIdTeryt>1205062</sln:gmIdTeryt><sln:gmNazwa>Łużna</sln:gmNazwa><sln:miejscIIPId>f32c4705-245f-41df-8043-924aa69fe2d8</sln:miejscIIPId><sln:miejscIIPPn>PL.PZGIK.200</sln:miejscIIPPn><sln:miejscIIPWersja>2016-11-24T10:25:54+02:00</sln:miejscIIPWersja><sln:miejscIdTeryt>0450097</sln:miejscIdTeryt><sln:miejscNazwa>Szalowa</sln:miejscNazwa><sln:miejscRodzaj>Wieś</sln:miejscRodzaj><sln:powIIPId>5b376d4f-e6fb-48f4-9302-a9b0a6cc2aeb</sln:powIIPId><sln:powIIPPn>PL.PZGIK.200</sln:powIIPPn><sln:powIIPWersja>2017-10-10T00:00:00+02:00</sln:powIIPWersja><sln:powIdTeryt>1205</sln:powIdTeryt><sln:powNazwa>gorlicki</sln:powNazwa><sln:waznyOd>2015-05-14T00:00:00+02:00</sln:waznyOd><sln:wojIIPId>dd2e3c64-f861-47cf-a3a3-e7751f272b2f</sln:wojIIPId><sln:wojIIPPn>PL.PZGIK.200</sln:wojIIPPn><sln:wojIIPWersja>2017-10-10T00:00:00+02:00</sln:wojIIPWersja><sln:wojIdTeryt>12</sln:wojIdTeryt><sln:wojNazwa>małopolskie</sln:wojNazwa></sln:miejscowosc><sln:miejscowosc><sln:cyklZyciaDo>2015-12-15T00:00:00+01:00</sln:cyklZyciaDo><sln:cyklZyciaOd>2015-10-19T00:00:00+02:00</sln:cyklZyciaOd><sln:gmIIPId>e23dbff0-c33d-4b10-b8e6-8aa6cf98aa38</sln:gmIIPId><sln:gmIIPPn>PL.PZGIK.200</sln:gmIIPPn><sln:gmIIPWersja>2012-09-26T22:09:02+02:00</sln:gmIIPWersja><sln:gmIdTeryt>1205062</sln:gmIdTeryt><sln:gmNazwa>Łużna</sln:gmNazwa><sln:miejscIIPId>f9c66c48-0f34-4c3f-9406-462092da42e6</sln:miejscIIPId><sln:miejscIIPPn>PL.PZGIK.200</sln:miejscIIPPn><sln:miejscIIPWersja>2016-11-24T10:25:56+02:00</sln:miejscIIPWersja><sln:miejscIdTeryt>0450163</sln:miejscIdTeryt><sln:miejscNazwa>Wola Łużańska</sln:miejscNazwa><sln:miejscRodzaj>Wieś</sln:miejscRodzaj><sln:powIIPId>5b376d4f-e6fb-48f4-9302-a9b0a6cc2aeb</sln:powIIPId><sln:powIIPPn>PL.PZGIK.200</sln:powIIPPn><sln:powIIPWersja>2017-10-10T00:00:00+02:00</sln:powIIPWersja><sln:powIdTeryt>1205</sln:powIdTeryt><sln:powNazwa>gorlicki</sln:powNazwa><sln:waznyOd>2015-05-14T00:00:00+02:00</sln:waznyOd><sln:wojIIPId>dd2e3c64-f861-47cf-a3a3-e7751f272b2f</sln:wojIIPId><sln:wojIIPPn>PL.PZGIK.200</sln:wojIIPPn><sln:wojIIPWersja>2017-10-10T00:00:00+02:00</sln:wojIIPWersja><sln:wojIdTeryt>12</sln:wojIdTeryt><sln:wojNazwa>małopolskie</sln:wojNazwa></sln:miejscowosc><sln:miejscowosc><sln:cyklZyciaDo>2015-12-18T00:00:00+01:00</sln:cyklZyciaDo><sln:cyklZyciaOd>2015-12-15T00:00:00+01:00</sln:cyklZyciaOd><sln:gmIIPId>e23dbff0-c33d-4b10-b8e6-8aa6cf98aa38</sln:gmIIPId><sln:gmIIPPn>PL.PZGIK.200</sln:gmIIPPn><sln:gmIIPWersja>2012-09-26T22:09:02+02:00</sln:gmIIPWersja><sln:gmIdTeryt>1205062</sln:gmIdTeryt><sln:gmNazwa>Łużna</sln:gmNazwa><sln:miejscIIPId>fd898a1c-7346-4112-b47a-42f81fe40a91</sln:miejscIIPId><sln:miejscIIPPn>PL.PZGIK.200</sln:miejscIIPPn><sln:miejscIIPWersja>2016-11-24T10:25:47+02:00</sln:miejscIIPWersja><sln:miejscIdTeryt>0449674</sln:miejscIdTeryt><sln:miejscNazwa>Biesna</sln:miejscNazwa><sln:miejscRodzaj>Wieś</sln:miejscRodzaj><sln:powIIPId>5b376d4f-e6fb-48f4-9302-a9b0a6cc2aeb</sln:powIIPId><sln:powIIPPn>PL.PZGIK.200</sln:powIIPPn><sln:powIIPWersja>2017-10-10T00:00:00+02:00</sln:powIIPWersja><sln:powIdTeryt>1205</sln:powIdTeryt><sln:powNazwa>gorlicki</sln:powNazwa><sln:waznyOd>2015-05-14T00:00:00+02:00</sln:waznyOd><sln:wojIIPId>dd2e3c64-f861-47cf-a3a3-e7751f272b2f</sln:wojIIPId><sln:wojIIPPn>PL.PZGIK.200</sln:wojIIPPn><sln:wojIIPWersja>2017-10-10T00:00:00+02:00</sln:wojIIPWersja><sln:wojIdTeryt>12</sln:wojIdTeryt><sln:wojNazwa>małopolskie</sln:wojNazwa></sln:miejscowosc><sln:miejscowosc><sln:cyklZyciaDo>2015-12-18T00:00:00+01:00</sln:cyklZyciaDo><sln:cyklZyciaOd>2015-12-15T00:00:00+01:00</sln:cyklZyciaOd><sln:gmIIPId>e23dbff0-c33d-4b10-b8e6-8aa6cf98aa38</sln:gmIIPId><sln:gmIIPPn>PL.PZGIK.200</sln:gmIIPPn><sln:gmIIPWersja>2012-09-26T22:09:02+02:00</sln:gmIIPWersja><sln:gmIdTeryt>1205062</sln:gmIdTeryt><sln:gmNazwa>Łużna</sln:gmNazwa><sln:miejscIIPId>3ec9a8df-4f93-465f-8d18-2ca257f351f6</sln:miejscIIPId><sln:miejscIIPPn>PL.PZGIK.200</sln:miejscIIPPn><sln:miejscIIPWersja>2016-11-24T10:25:49+02:00</sln:miejscIIPWersja><sln:miejscIdTeryt>0449711</sln:miejscIdTeryt><sln:miejscNazwa>Bieśnik</sln:miejscNazwa><sln:miejscRodzaj>Wieś</sln:miejscRodzaj><sln:powIIPId>5b376d4f-e6fb-48f4-9302-a9b0a6cc2aeb</sln:powIIPId><sln:powIIPPn>PL.PZGIK.200</sln:powIIPPn><sln:powIIPWersja>2017-10-10T00:00:00+02:00</sln:powIIPWersja><sln:powIdTeryt>1205</sln:powIdTeryt><sln:powNazwa>gorlicki</sln:powNazwa><sln:waznyOd>2015-05-14T00:00:00+02:00</sln:waznyOd><sln:wojIIPId>dd2e3c64-f861-47cf-a3a3-e7751f272b2f</sln:wojIIPId><sln:wojIIPPn>PL.PZGIK.200</sln:wojIIPPn><sln:wojIIPWersja>2017-10-10T00:00:00+02:00</sln:wojIIPWersja><sln:wojIdTeryt>12</sln:wojIdTeryt><sln:wojNazwa>małopolskie</sln:wojNazwa></sln:miejscowosc><sln:miejscowosc><sln:cyklZyciaDo>2015-12-18T00:00:00+01:00</sln:cyklZyciaDo><sln:cyklZyciaOd>2015-12-15T00:00:00+01:00</sln:cyklZyciaOd><sln:gmIIPId>e23dbff0-c33d-4b10-b8e6-8aa6cf98aa38</sln:gmIIPId><sln:gmIIPPn>PL.PZGIK.200</sln:gmIIPPn><sln:gmIIPWersja>2012-09-26T22:09:02+02:00</sln:gmIIPWersja><sln:gmIdTeryt>1205062</sln:gmIdTeryt><sln:gmNazwa>Łużna</sln:gmNazwa><sln:miejscIIPId>cfb2d194-4e5d-47f1-a5d4-41f492273f2d</sln:miejscIIPId><sln:miejscIIPPn>PL.PZGIK.200</sln:miejscIIPPn><sln:miejscIIPWersja>2016-11-24T10:25:51+02:00</sln:miejscIIPWersja><sln:miejscIdTeryt>0449800</sln:miejscIdTeryt><sln:miejscNazwa>Łużna</sln:miejscNazwa><sln:miejscRodzaj>Wieś</sln:miejscRodzaj><sln:powIIPId>5b376d4f-e6fb-48f4-9302-a9b0a6cc2aeb</sln:powIIPId><sln:powIIPPn>PL.PZGIK.200</sln:powIIPPn><sln:powIIPWersja>2017-10-10T00:00:00+02:00</sln:powIIPWersja><sln:powIdTeryt>1205</sln:powIdTeryt><sln:powNazwa>gorlicki</sln:powNazwa><sln:waznyOd>2015-05-14T00:00:00+02:00</sln:waznyOd><sln:wojIIPId>dd2e3c64-f861-47cf-a3a3-e7751f272b2f</sln:wojIIPId><sln:wojIIPPn>PL.PZGIK.200</sln:wojIIPPn><sln:wojIIPWersja>2017-10-10T00:00:00+02:00</sln:wojIIPWersja><sln:wojIdTeryt>12</sln:wojIdTeryt><sln:wojNazwa>małopolskie</sln:wojNazwa></sln:miejscowosc><sln:miejscowosc><sln:cyklZyciaDo>2015-12-18T00:00:00+01:00</sln:cyklZyciaDo><sln:cyklZyciaOd>2015-12-15T00:00:00+01:00</sln:cyklZyciaOd><sln:gmIIPId>e23dbff0-c33d-4b10-b8e6-8aa6cf98aa38</sln:gmIIPId><sln:gmIIPPn>PL.PZGIK.200</sln:gmIIPPn><sln:gmIIPWersja>2012-09-26T22:09:02+02:00</sln:gmIIPWersja><sln:gmIdTeryt>1205062</sln:gmIdTeryt><sln:gmNazwa>Łużna</sln:gmNazwa><sln:miejscIIPId>aafca089-3bd3-4784-a09a-452bcb54fd0e</sln:miejscIIPId><sln:miejscIIPPn>PL.PZGIK.200</sln:miejscIIPPn><sln:miejscIIPWersja>2016-11-24T10:25:53+02:00</sln:miejscIIPWersja><sln:miejscIdTeryt>0450000</sln:miejscIdTeryt><sln:miejscNazwa>Mszanka</sln:miejscNazwa><sln:miejscRodzaj>Wieś</sln:miejscRodzaj><sln:powIIPId>5b376d4f-e6fb-48f4-9302-a9b0a6cc2aeb</sln:powIIPId><sln:powIIPPn>PL.PZGIK.200</sln:powIIPPn><sln:powIIPWersja>2017-10-10T00:00:00+02:00</sln:powIIPWersja><sln:powIdTeryt>1205</sln:powIdTeryt><sln:powNazwa>gorlicki</sln:powNazwa><sln:waznyOd>2015-05-14T00:00:00+02:00</sln:waznyOd><sln:wojIIPId>dd2e3c64-f861-47cf-a3a3-e7751f272b2f</sln:wojIIPId><sln:wojIIPPn>PL.PZGIK.200</sln:wojIIPPn><sln:wojIIPWersja>2017-10-10T00:00:00+02:00</sln:wojIIPWersja><sln:wojIdTeryt>12</sln:wojIdTeryt><sln:wojNazwa>małopolskie</sln:wojNazwa></sln:miejscowosc><sln:miejscowosc><sln:cyklZyciaDo>2015-12-18T00:00:00+01:00</sln:cyklZyciaDo><sln:cyklZyciaOd>2015-12-15T00:00:00+01:00</sln:cyklZyciaOd><sln:gmIIPId>e23dbff0-c33d-4b10-b8e6-8aa6cf98aa38</sln:gmIIPId><sln:gmIIPPn>PL.PZGIK.200</sln:gmIIPPn><sln:gmIIPWersja>2012-09-26T22:09:02+02:00</sln:gmIIPWersja><sln:gmIdTeryt>1205062</sln:gmIdTeryt><sln:gmNazwa>Łużna</sln:gmNazwa><sln:miejscIIPId>f32c4705-245f-41df-8043-924aa69fe2d8</sln:miejscIIPId><sln:miejscIIPPn>PL.PZGIK.200</sln:miejscIIPPn><sln:miejscIIPWersja>2016-11-24T10:25:55+02:00</sln:miejscIIPWersja><sln:miejscIdTeryt>0450097</sln:miejscIdTeryt><sln:miejscNazwa>Szalowa</sln:miejscNazwa><sln:miejscRodzaj>Wieś</sln:miejscRodzaj><sln:powIIPId>5b376d4f-e6fb-48f4-9302-a9b0a6cc2aeb</sln:powIIPId><sln:powIIPPn>PL.PZGIK.200</sln:powIIPPn><sln:powIIPWersja>2017-10-10T00:00:00+02:00</sln:powIIPWersja><sln:powIdTeryt>1205</sln:powIdTeryt><sln:powNazwa>gorlicki</sln:powNazwa><sln:waznyOd>2015-05-14T00:00:00+02:00</sln:waznyOd><sln:wojIIPId>dd2e3c64-f861-47cf-a3a3-e7751f272b2f</sln:wojIIPId><sln:wojIIPPn>PL.PZGIK.200</sln:wojIIPPn><sln:wojIIPWersja>2017-10-10T00:00:00+02:00</sln:wojIIPWersja><sln:wojIdTeryt>12</sln:wojIdTeryt><sln:wojNazwa>małopolskie</sln:wojNazwa></sln:miejscowosc><sln:miejscowosc><sln:cyklZyciaDo>2015-12-18T00:00:00+01:00</sln:cyklZyciaDo><sln:cyklZyciaOd>2015-12-15T00:00:00+01:00</sln:cyklZyciaOd><sln:gmIIPId>e23dbff0-c33d-4b10-b8e6-8aa6cf98aa38</sln:gmIIPId><sln:gmIIPPn>PL.PZGIK.200</sln:gmIIPPn><sln:gmIIPWersja>2012-09-26T22:09:02+02:00</sln:gmIIPWersja><sln:gmIdTeryt>1205062</sln:gmIdTeryt><sln:gmNazwa>Łużna</sln:gmNazwa><sln:miejscIIPId>f9c66c48-0f34-4c3f-9406-462092da42e6</sln:miejscIIPId><sln:miejscIIPPn>PL.PZGIK.200</sln:miejscIIPPn><sln:miejscIIPWersja>2016-11-24T10:25:57+02:00</sln:miejscIIPWersja><sln:miejscIdTeryt>0450163</sln:miejscIdTeryt><sln:miejscNazwa>Wola Łużańska</sln:miejscNazwa><sln:miejscRodzaj>Wieś</sln:miejscRodzaj><sln:powIIPId>5b376d4f-e6fb-48f4-9302-a9b0a6cc2aeb</sln:powIIPId><sln:powIIPPn>PL.PZGIK.200</sln:powIIPPn><sln:powIIPWersja>2017-10-10T00:00:00+02:00</sln:powIIPWersja><sln:powIdTeryt>1205</sln:powIdTeryt><sln:powNazwa>gorlicki</sln:powNazwa><sln:waznyOd>2015-05-14T00:00:00+02:00</sln:waznyOd><sln:wojIIPId>dd2e3c64-f861-47cf-a3a3-e7751f272b2f</sln:wojIIPId><sln:wojIIPPn>PL.PZGIK.200</sln:wojIIPPn><sln:wojIIPWersja>2017-10-10T00:00:00+02:00</sln:wojIIPWersja><sln:wojIdTeryt>12</sln:wojIdTeryt><sln:wojNazwa>małopolskie</sln:wojNazwa></sln:miejscowosc><sln:miejscowosc><sln:cyklZyciaDo>2018-01-31T00:00:00+01:00</sln:cyklZyciaDo><sln:cyklZyciaOd>2017-04-21T00:00:00+02:00</sln:cyklZyciaOd><sln:gmIIPId>e23dbff0-c33d-4b10-b8e6-8aa6cf98aa38</sln:gmIIPId><sln:gmIIPPn>PL.PZGIK.200</sln:gmIIPPn><sln:gmIIPWersja>2012-09-26T22:09:02+02:00</sln:gmIIPWersja><sln:gmIdTeryt>1205062</sln:gmIdTeryt><sln:gmNazwa>Łużna</sln:gmNazwa><sln:miejscIIPId>fd898a1c-7346-4112-b47a-42f81fe40a91</sln:miejscIIPId><sln:miejscIIPPn>PL.PZGIK.200</sln:miejscIIPPn><sln:miejscIIPWersja>2017-04-21T14:03:53+02:00</sln:miejscIIPWersja><sln:miejscIdTeryt>0449674</sln:miejscIdTeryt><sln:miejscNazwa>Biesna</sln:miejscNazwa><sln:miejscRodzaj>Wieś</sln:miejscRodzaj><sln:powIIPId>5b376d4f-e6fb-48f4-9302-a9b0a6cc2aeb</sln:powIIPId><sln:powIIPPn>PL.PZGIK.200</sln:powIIPPn><sln:powIIPWersja>2017-10-10T00:00:00+02:00</sln:powIIPWersja><sln:powIdTeryt>1205</sln:powIdTeryt><sln:powNazwa>gorlicki</sln:powNazwa><sln:waznyOd>2015-05-14T00:00:00+02:00</sln:waznyOd><sln:wojIIPId>dd2e3c64-f861-47cf-a3a3-e7751f272b2f</sln:wojIIPId><sln:wojIIPPn>PL.PZGIK.200</sln:wojIIPPn><sln:wojIIPWersja>2017-10-10T00:00:00+02:00</sln:wojIIPWersja><sln:wojIdTeryt>12</sln:wojIdTeryt><sln:wojNazwa>małopolskie</sln:wojNazwa></sln:miejscowosc><sln:miejscowosc><sln:cyklZyciaDo>2018-01-31T00:00:00+01:00</sln:cyklZyciaDo><sln:cyklZyciaOd>2017-04-21T00:00:00+02:00</sln:cyklZyciaOd><sln:gmIIPId>e23dbff0-c33d-4b10-b8e6-8aa6cf98aa38</sln:gmIIPId><sln:gmIIPPn>PL.PZGIK.200</sln:gmIIPPn><sln:gmIIPWersja>2012-09-26T22:09:02+02:00</sln:gmIIPWersja><sln:gmIdTeryt>1205062</sln:gmIdTeryt><sln:gmNazwa>Łużna</sln:gmNazwa><sln:miejscIIPId>3ec9a8df-4f93-465f-8d18-2ca257f351f6</sln:miejscIIPId><sln:miejscIIPPn>PL.PZGIK.200</sln:miejscIIPPn><sln:miejscIIPWersja>2017-04-21T14:04:00+02:00</sln:miejscIIPWersja><sln:miejscIdTeryt>0449711</sln:miejscIdTeryt><sln:miejscNazwa>Bieśnik</sln:miejscNazwa><sln:miejscRodzaj>Wieś</sln:miejscRodzaj><sln:powIIPId>5b376d4f-e6fb-48f4-9302-a9b0a6cc2aeb</sln:powIIPId><sln:powIIPPn>PL.PZGIK.200</sln:powIIPPn><sln:powIIPWersja>2017-10-10T00:00:00+02:00</sln:powIIPWersja><sln:powIdTeryt>1205</sln:powIdTeryt><sln:powNazwa>gorlicki</sln:powNazwa><sln:waznyOd>2015-05-14T00:00:00+02:00</sln:waznyOd><sln:wojIIPId>dd2e3c64-f861-47cf-a3a3-e7751f272b2f</sln:wojIIPId><sln:wojIIPPn>PL.PZGIK.200</sln:wojIIPPn><sln:wojIIPWersja>2017-10-10T00:00:00+02:00</sln:wojIIPWersja><sln:wojIdTeryt>12</sln:wojIdTeryt><sln:wojNazwa>małopolskie</sln:wojNazwa></sln:miejscowosc><sln:miejscowosc><sln:cyklZyciaDo>2018-01-31T00:00:00+01:00</sln:cyklZyciaDo><sln:cyklZyciaOd>2017-04-21T00:00:00+02:00</sln:cyklZyciaOd><sln:gmIIPId>e23dbff0-c33d-4b10-b8e6-8aa6cf98aa38</sln:gmIIPId><sln:gmIIPPn>PL.PZGIK.200</sln:gmIIPPn><sln:gmIIPWersja>2012-09-26T22:09:02+02:00</sln:gmIIPWersja><sln:gmIdTeryt>1205062</sln:gmIdTeryt><sln:gmNazwa>Łużna</sln:gmNazwa><sln:miejscIIPId>cfb2d194-4e5d-47f1-a5d4-41f492273f2d</sln:miejscIIPId><sln:miejscIIPPn>PL.PZGIK.200</sln:miejscIIPPn><sln:miejscIIPWersja>2017-04-21T14:04:00+02:00</sln:miejscIIPWersja><sln:miejscIdTeryt>0449800</sln:miejscIdTeryt><sln:miejscNazwa>Łużna</sln:miejscNazwa><sln:miejscRodzaj>Wieś</sln:miejscRodzaj><sln:powIIPId>5b376d4f-e6fb-48f4-9302-a9b0a6cc2aeb</sln:powIIPId><sln:powIIPPn>PL.PZGIK.200</sln:powIIPPn><sln:powIIPWersja>2017-10-10T00:00:00+02:00</sln:powIIPWersja><sln:powIdTeryt>1205</sln:powIdTeryt><sln:powNazwa>gorlicki</sln:powNazwa><sln:waznyOd>2015-05-14T00:00:00+02:00</sln:waznyOd><sln:wojIIPId>dd2e3c64-f861-47cf-a3a3-e7751f272b2f</sln:wojIIPId><sln:wojIIPPn>PL.PZGIK.200</sln:wojIIPPn><sln:wojIIPWersja>2017-10-10T00:00:00+02:00</sln:wojIIPWersja><sln:wojIdTeryt>12</sln:wojIdTeryt><sln:wojNazwa>małopolskie</sln:wojNazwa></sln:miejscowosc><sln:miejscowosc><sln:cyklZyciaDo>2018-01-31T00:00:00+01:00</sln:cyklZyciaDo><sln:cyklZyciaOd>2017-04-21T00:00:00+02:00</sln:cyklZyciaOd><sln:gmIIPId>e23dbff0-c33d-4b10-b8e6-8aa6cf98aa38</sln:gmIIPId><sln:gmIIPPn>PL.PZGIK.200</sln:gmIIPPn><sln:gmIIPWersja>2012-09-26T22:09:02+02:00</sln:gmIIPWersja><sln:gmIdTeryt>1205062</sln:gmIdTeryt><sln:gmNazwa>Łużna</sln:gmNazwa><sln:miejscIIPId>aafca089-3bd3-4784-a09a-452bcb54fd0e</sln:miejscIIPId><sln:miejscIIPPn>PL.PZGIK.200</sln:miejscIIPPn><sln:miejscIIPWersja>2017-04-21T14:04:00+02:00</sln:miejscIIPWersja><sln:miejscIdTeryt>0450000</sln:miejscIdTeryt><sln:miejscNazwa>Mszanka</sln:miejscNazwa><sln:miejscRodzaj>Wieś</sln:miejscRodzaj><sln:powIIPId>5b376d4f-e6fb-48f4-9302-a9b0a6cc2aeb</sln:powIIPId><sln:powIIPPn>PL.PZGIK.200</sln:powIIPPn><sln:powIIPWersja>2017-10-10T00:00:00+02:00</sln:powIIPWersja><sln:powIdTeryt>1205</sln:powIdTeryt><sln:powNazwa>gorlicki</sln:powNazwa><sln:waznyOd>2015-05-14T00:00:00+02:00</sln:waznyOd><sln:wojIIPId>dd2e3c64-f861-47cf-a3a3-e7751f272b2f</sln:wojIIPId><sln:wojIIPPn>PL.PZGIK.200</sln:wojIIPPn><sln:wojIIPWersja>2017-10-10T00:00:00+02:00</sln:wojIIPWersja><sln:wojIdTeryt>12</sln:wojIdTeryt><sln:wojNazwa>małopolskie</sln:wojNazwa></sln:miejscowosc><sln:miejscowosc><sln:cyklZyciaDo>2018-01-31T00:00:00+01:00</sln:cyklZyciaDo><sln:cyklZyciaOd>2017-04-21T00:00:00+02:00</sln:cyklZyciaOd><sln:gmIIPId>e23dbff0-c33d-4b10-b8e6-8aa6cf98aa38</sln:gmIIPId><sln:gmIIPPn>PL.PZGIK.200</sln:gmIIPPn><sln:gmIIPWersja>2012-09-26T22:09:02+02:00</sln:gmIIPWersja><sln:gmIdTeryt>1205062</sln:gmIdTeryt><sln:gmNazwa>Łużna</sln:gmNazwa><sln:miejscIIPId>f32c4705-245f-41df-8043-924aa69fe2d8</sln:miejscIIPId><sln:miejscIIPPn>PL.PZGIK.200</sln:miejscIIPPn><sln:miejscIIPWersja>2017-04-21T14:04:00+02:00</sln:miejscIIPWersja><sln:miejscIdTeryt>0450097</sln:miejscIdTeryt><sln:miejscNazwa>Szalowa</sln:miejscNazwa><sln:miejscRodzaj>Wieś</sln:miejscRodzaj><sln:powIIPId>5b376d4f-e6fb-48f4-9302-a9b0a6cc2aeb</sln:powIIPId><sln:powIIPPn>PL.PZGIK.200</sln:powIIPPn><sln:powIIPWersja>2017-10-10T00:00:00+02:00</sln:powIIPWersja><sln:powIdTeryt>1205</sln:powIdTeryt><sln:powNazwa>gorlicki</sln:powNazwa><sln:waznyOd>2015-05-14T00:00:00+02:00</sln:waznyOd><sln:wojIIPId>dd2e3c64-f861-47cf-a3a3-e7751f272b2f</sln:wojIIPId><sln:wojIIPPn>PL.PZGIK.200</sln:wojIIPPn><sln:wojIIPWersja>2017-10-10T00:00:00+02:00</sln:wojIIPWersja><sln:wojIdTeryt>12</sln:wojIdTeryt><sln:wojNazwa>małopolskie</sln:wojNazwa></sln:miejscowosc><sln:miejscowosc><sln:cyklZyciaDo>2018-01-31T00:00:00+01:00</sln:cyklZyciaDo><sln:cyklZyciaOd>2017-04-21T00:00:00+02:00</sln:cyklZyciaOd><sln:gmIIPId>e23dbff0-c33d-4b10-b8e6-8aa6cf98aa38</sln:gmIIPId><sln:gmIIPPn>PL.PZGIK.200</sln:gmIIPPn><sln:gmIIPWersja>2012-09-26T22:09:02+02:00</sln:gmIIPWersja><sln:gmIdTeryt>1205062</sln:gmIdTeryt><sln:gmNazwa>Łużna</sln:gmNazwa><sln:miejscIIPId>f9c66c48-0f34-4c3f-9406-462092da42e6</sln:miejscIIPId><sln:miejscIIPPn>PL.PZGIK.200</sln:miejscIIPPn><sln:miejscIIPWersja>2017-04-21T14:04:00+02:00</sln:miejscIIPWersja><sln:miejscIdTeryt>0450163</sln:miejscIdTeryt><sln:miejscNazwa>Wola Łużańska</sln:miejscNazwa><sln:miejscRodzaj>Wieś</sln:miejscRodzaj><sln:powIIPId>5b376d4f-e6fb-48f4-9302-a9b0a6cc2aeb</sln:powIIPId><sln:powIIPPn>PL.PZGIK.200</sln:powIIPPn><sln:powIIPWersja>2017-10-10T00:00:00+02:00</sln:powIIPWersja><sln:powIdTeryt>1205</sln:powIdTeryt><sln:powNazwa>gorlicki</sln:powNazwa><sln:waznyOd>2015-05-14T00:00:00+02:00</sln:waznyOd><sln:wojIIPId>dd2e3c64-f861-47cf-a3a3-e7751f272b2f</sln:wojIIPId><sln:wojIIPPn>PL.PZGIK.200</sln:wojIIPPn><sln:wojIIPWersja>2017-10-10T00:00:00+02:00</sln:wojIIPWersja><sln:wojIdTeryt>12</sln:wojIdTeryt><sln:wojNazwa>małopolskie</sln:wojNazwa></sln:miejscowosc><sln:miejscowosc><sln:cyklZyciaOd>2018-01-31T00:00:00+01:00</sln:cyklZyciaOd><sln:gmIIPId>e23dbff0-c33d-4b10-b8e6-8aa6cf98aa38</sln:gmIIPId><sln:gmIIPPn>PL.PZGIK.200</sln:gmIIPPn><sln:gmIIPWersja>2012-09-26T22:09:02+02:00</sln:gmIIPWersja><sln:gmIdTeryt>1205062</sln:gmIdTeryt><sln:gmNazwa>Łużna</sln:gmNazwa><sln:miejscIIPId>1558b4b1-9038-4722-87cd-3d75561714d5</sln:miejscIIPId><sln:miejscIIPPn>PL.PZGIK.200</sln:miejscIIPPn><sln:miejscIIPWersja>2018-01-31T17:44:45+02:00</sln:miejscIIPWersja><sln:miejscIdTeryt>0449674</sln:miejscIdTeryt><sln:miejscNazwa>Biesna</sln:miejscNazwa><sln:miejscRodzaj>Wieś</sln:miejscRodzaj><sln:powIIPId>5b376d4f-e6fb-48f4-9302-a9b0a6cc2aeb</sln:powIIPId><sln:powIIPPn>PL.PZGIK.200</sln:powIIPPn><sln:powIIPWersja>2017-10-10T00:00:00+02:00</sln:powIIPWersja><sln:powIdTeryt>1205</sln:powIdTeryt><sln:powNazwa>gorlicki</sln:powNazwa><sln:waznyOd>2018-01-31T00:00:00+01:00</sln:waznyOd><sln:wojIIPId>dd2e3c64-f861-47cf-a3a3-e7751f272b2f</sln:wojIIPId><sln:wojIIPPn>PL.PZGIK.200</sln:wojIIPPn><sln:wojIIPWersja>2017-10-10T00:00:00+02:00</sln:wojIIPWersja><sln:wojIdTeryt>12</sln:wojIdTeryt><sln:wojNazwa>małopolskie</sln:wojNazwa></sln:miejscowosc><sln:miejscowosc><sln:cyklZyciaOd>2018-01-31T00:00:00+01:00</sln:cyklZyciaOd><sln:gmIIPId>e23dbff0-c33d-4b10-b8e6-8aa6cf98aa38</sln:gmIIPId><sln:gmIIPPn>PL.PZGIK.200</sln:gmIIPPn><sln:gmIIPWersja>2012-09-26T22:09:02+02:00</sln:gmIIPWersja><sln:gmIdTeryt>1205062</sln:gmIdTeryt><sln:gmNazwa>Łużna</sln:gmNazwa><sln:miejscIIPId>c4e019ba-57fd-4f64-b77e-ad92da4ccb2c</sln:miejscIIPId><sln:miejscIIPPn>PL.PZGIK.200</sln:miejscIIPPn><sln:miejscIIPWersja>2018-01-31T17:44:51+02:00</sln:miejscIIPWersja><sln:miejscIdTeryt>0449711</sln:miejscIdTeryt><sln:miejscNazwa>Bieśnik</sln:miejscNazwa><sln:miejscRodzaj>Wieś</sln:miejscRodzaj><sln:powIIPId>5b376d4f-e6fb-48f4-9302-a9b0a6cc2aeb</sln:powIIPId><sln:powIIPPn>PL.PZGIK.200</sln:powIIPPn><sln:powIIPWersja>2017-10-10T00:00:00+02:00</sln:powIIPWersja><sln:powIdTeryt>1205</sln:powIdTeryt><sln:powNazwa>gorlicki</sln:powNazwa><sln:waznyOd>2018-01-31T00:00:00+01:00</sln:waznyOd><sln:wojIIPId>dd2e3c64-f861-47cf-a3a3-e7751f272b2f</sln:wojIIPId><sln:wojIIPPn>PL.PZGIK.200</sln:wojIIPPn><sln:wojIIPWersja>2017-10-10T00:00:00+02:00</sln:wojIIPWersja><sln:wojIdTeryt>12</sln:wojIdTeryt><sln:wojNazwa>małopolskie</sln:wojNazwa></sln:miejscowosc><sln:miejscowosc><sln:cyklZyciaOd>2018-01-31T00:00:00+01:00</sln:cyklZyciaOd><sln:gmIIPId>e23dbff0-c33d-4b10-b8e6-8aa6cf98aa38</sln:gmIIPId><sln:gmIIPPn>PL.PZGIK.200</sln:gmIIPPn><sln:gmIIPWersja>2012-09-26T22:09:02+02:00</sln:gmIIPWersja><sln:gmIdTeryt>1205062</sln:gmIdTeryt><sln:gmNazwa>Łużna</sln:gmNazwa><sln:miejscIIPId>f5e4a077-227f-4047-b033-096654ca38b3</sln:miejscIIPId><sln:miejscIIPPn>PL.PZGIK.200</sln:miejscIIPPn><sln:miejscIIPWersja>2018-01-31T17:44:51+02:00</sln:miejscIIPWersja><sln:miejscIdTeryt>0449800</sln:miejscIdTeryt><sln:miejscNazwa>Łużna</sln:miejscNazwa><sln:miejscRodzaj>Wieś</sln:miejscRodzaj><sln:powIIPId>5b376d4f-e6fb-48f4-9302-a9b0a6cc2aeb</sln:powIIPId><sln:powIIPPn>PL.PZGIK.200</sln:powIIPPn><sln:powIIPWersja>2017-10-10T00:00:00+02:00</sln:powIIPWersja><sln:powIdTeryt>1205</sln:powIdTeryt><sln:powNazwa>gorlicki</sln:powNazwa><sln:waznyOd>2018-01-31T00:00:00+01:00</sln:waznyOd><sln:wojIIPId>dd2e3c64-f861-47cf-a3a3-e7751f272b2f</sln:wojIIPId><sln:wojIIPPn>PL.PZGIK.200</sln:wojIIPPn><sln:wojIIPWersja>2017-10-10T00:00:00+02:00</sln:wojIIPWersja><sln:wojIdTeryt>12</sln:wojIdTeryt><sln:wojNazwa>małopolskie</sln:wojNazwa></sln:miejscowosc><sln:miejscowosc><sln:cyklZyciaOd>2018-01-31T00:00:00+01:00</sln:cyklZyciaOd><sln:gmIIPId>e23dbff0-c33d-4b10-b8e6-8aa6cf98aa38</sln:gmIIPId><sln:gmIIPPn>PL.PZGIK.200</sln:gmIIPPn><sln:gmIIPWersja>2012-09-26T22:09:02+02:00</sln:gmIIPWersja><sln:gmIdTeryt>1205062</sln:gmIdTeryt><sln:gmNazwa>Łużna</sln:gmNazwa><sln:miejscIIPId>4d9dcd42-8af0-4ac0-8abb-0c48e258cef4</sln:miejscIIPId><sln:miejscIIPPn>PL.PZGIK.200</sln:miejscIIPPn><sln:miejscIIPWersja>2018-01-31T17:44:51+02:00</sln:miejscIIPWersja><sln:miejscIdTeryt>0450000</sln:miejscIdTeryt><sln:miejscNazwa>Mszanka</sln:miejscNazwa><sln:miejscRodzaj>Wieś</sln:miejscRodzaj><sln:powIIPId>5b376d4f-e6fb-48f4-9302-a9b0a6cc2aeb</sln:powIIPId><sln:powIIPPn>PL.PZGIK.200</sln:powIIPPn><sln:powIIPWersja>2017-10-10T00:00:00+02:00</sln:powIIPWersja><sln:powIdTeryt>1205</sln:powIdTeryt><sln:powNazwa>gorlicki</sln:powNazwa><sln:waznyOd>2018-01-31T00:00:00+01:00</sln:waznyOd><sln:wojIIPId>dd2e3c64-f861-47cf-a3a3-e7751f272b2f</sln:wojIIPId><sln:wojIIPPn>PL.PZGIK.200</sln:wojIIPPn><sln:wojIIPWersja>2017-10-10T00:00:00+02:00</sln:wojIIPWersja><sln:wojIdTeryt>12</sln:wojIdTeryt><sln:wojNazwa>małopolskie</sln:wojNazwa></sln:miejscowosc><sln:miejscowosc><sln:cyklZyciaOd>2018-01-31T00:00:00+01:00</sln:cyklZyciaOd><sln:gmIIPId>e23dbff0-c33d-4b10-b8e6-8aa6cf98aa38</sln:gmIIPId><sln:gmIIPPn>PL.PZGIK.200</sln:gmIIPPn><sln:gmIIPWersja>2012-09-26T22:09:02+02:00</sln:gmIIPWersja><sln:gmIdTeryt>1205062</sln:gmIdTeryt><sln:gmNazwa>Łużna</sln:gmNazwa><sln:miejscIIPId>acbc359b-4738-4bcd-9bb7-385c994425b0</sln:miejscIIPId><sln:miejscIIPPn>PL.PZGIK.200</sln:miejscIIPPn><sln:miejscIIPWersja>2018-01-31T17:44:51+02:00</sln:miejscIIPWersja><sln:miejscIdTeryt>0450097</sln:miejscIdTeryt><sln:miejscNazwa>Szalowa</sln:miejscNazwa><sln:miejscRodzaj>Wieś</sln:miejscRodzaj><sln:powIIPId>5b376d4f-e6fb-48f4-9302-a9b0a6cc2aeb</sln:powIIPId><sln:powIIPPn>PL.PZGIK.200</sln:powIIPPn><sln:powIIPWersja>2017-10-10T00:00:00+02:00</sln:powIIPWersja><sln:powIdTeryt>1205</sln:powIdTeryt><sln:powNazwa>gorlicki</sln:powNazwa><sln:waznyOd>2018-01-31T00:00:00+01:00</sln:waznyOd><sln:wojIIPId>dd2e3c64-f861-47cf-a3a3-e7751f272b2f</sln:wojIIPId><sln:wojIIPPn>PL.PZGIK.200</sln:wojIIPPn><sln:wojIIPWersja>2017-10-10T00:00:00+02:00</sln:wojIIPWersja><sln:wojIdTeryt>12</sln:wojIdTeryt><sln:wojNazwa>małopolskie</sln:wojNazwa></sln:miejscowosc><sln:miejscowosc><sln:cyklZyciaOd>2018-01-31T00:00:00+01:00</sln:cyklZyciaOd><sln:gmIIPId>e23dbff0-c33d-4b10-b8e6-8aa6cf98aa38</sln:gmIIPId><sln:gmIIPPn>PL.PZGIK.200</sln:gmIIPPn><sln:gmIIPWersja>2012-09-26T22:09:02+02:00</sln:gmIIPWersja><sln:gmIdTeryt>1205062</sln:gmIdTeryt><sln:gmNazwa>Łużna</sln:gmNazwa><sln:miejscIIPId>9938cb44-c2c6-4a8b-bb38-edf13a936545</sln:miejscIIPId><sln:miejscIIPPn>PL.PZGIK.200</sln:miejscIIPPn><sln:miejscIIPWersja>2018-01-31T17:44:51+02:00</sln:miejscIIPWersja><sln:miejscIdTeryt>0450163</sln:miejscIdTeryt><sln:miejscNazwa>Wola Łużańska</sln:miejscNazwa><sln:miejscRodzaj>Wieś</sln:miejscRodzaj><sln:powIIPId>5b376d4f-e6fb-48f4-9302-a9b0a6cc2aeb</sln:powIIPId><sln:powIIPPn>PL.PZGIK.200</sln:powIIPPn><sln:powIIPWersja>2017-10-10T00:00:00+02:00</sln:powIIPWersja><sln:powIdTeryt>1205</sln:powIdTeryt><sln:powNazwa>gorlicki</sln:powNazwa><sln:waznyOd>2018-01-31T00:00:00+01:00</sln:waznyOd><sln:wojIIPId>dd2e3c64-f861-47cf-a3a3-e7751f272b2f</sln:wojIIPId><sln:wojIIPPn>PL.PZGIK.200</sln:wojIIPPn><sln:wojIIPWersja>2017-10-10T00:00:00+02:00</sln:wojIIPWersja><sln:wojIdTeryt>12</sln:wojIdTeryt><sln:wojNazwa>małopolskie</sln:wojNazwa></sln:miejscowosc></sln:lista-miejscowosci>