<?xml version="1.0" encoding="UTF-8" standalone="yes"?><sln:lista-miejscowosci xmlns:srv="http://gugik.gov.pl/schemas/slowniki-service/1.0" xmlns:sln="http://gugik.gov.pl/schemas/slowniki-schema/1.0"><sln:miejscowosc><sln:cyklZyciaDo>2017-04-18T00:00:00+02:00</sln:cyklZyciaDo><sln:cyklZyciaOd>2016-04-05T00:00:00+02:00</sln:cyklZyciaOd><sln:gmIIPId>ea754923-cf8a-4e78-a6cb-af933d229d28</sln:gmIIPId><sln:gmIIPPn>PL.PZGIK.200</sln:gmIIPPn><sln:gmIIPWersja>2012-09-26T22:11:56+02:00</sln:gmIIPWersja><sln:gmIdTeryt>1214022</sln:gmIdTeryt><sln:gmNazwa>Koszyce</sln:gmNazwa><sln:miejscIIPId>4bd78dcf-47cc-465c-8885-29bb51e1ddd6</sln:miejscIIPId><sln:miejscIIPPn>PL.PZGIK.200</sln:miejscIIPPn><sln:miejscIIPWersja>2016-11-24T09:50:48+02:00</sln:miejscIIPWersja><sln:miejscIdTeryt>0244452</sln:miejscIdTeryt><sln:miejscNazwa>Biskupice</sln:miejscNazwa><sln:miejscRodzaj>Wieś</sln:miejscRodzaj><sln:powIIPId>adb95dd1-f39a-46c3-a2ee-c5dfb69b1d25</sln:powIIPId><sln:powIIPPn>PL.PZGIK.200</sln:powIIPPn><sln:powIIPWersja>2012-09-27T07:52:00+02:00</sln:powIIPWersja><sln:powIdTeryt>1214</sln:powIdTeryt><sln:powNazwa>proszowicki</sln:powNazwa><sln:waznyOd>2015-02-02T00:00:00+01:00</sln:waznyOd><sln:wojIIPId>dd2e3c64-f861-47cf-a3a3-e7751f272b2f</sln:wojIIPId><sln:wojIIPPn>PL.PZGIK.200</sln:wojIIPPn><sln:wojIIPWersja>2017-10-10T00:00:00+02:00</sln:wojIIPWersja><sln:wojIdTeryt>12</sln:wojIdTeryt><sln:wojNazwa>małopolskie</sln:wojNazwa></sln:miejscowosc><sln:miejscowosc><sln:cyklZyciaDo>2017-04-18T00:00:00+02:00</sln:cyklZyciaDo><sln:cyklZyciaOd>2016-04-05T00:00:00+02:00</sln:cyklZyciaOd><sln:gmIIPId>ea754923-cf8a-4e78-a6cb-af933d229d28</sln:gmIIPId><sln:gmIIPPn>PL.PZGIK.200</sln:gmIIPPn><sln:gmIIPWersja>2012-09-26T22:11:56+02:00</sln:gmIIPWersja><sln:gmIdTeryt>1214022</sln:gmIdTeryt><sln:gmNazwa>Koszyce</sln:gmNazwa><sln:miejscIIPId>28f5a51f-eed8-43f9-858d-719da35a7a1b</sln:miejscIIPId><sln:miejscIIPPn>PL.PZGIK.200</sln:miejscIIPPn><sln:miejscIIPWersja>2016-11-24T09:50:50+02:00</sln:miejscIIPWersja><sln:miejscIdTeryt>0244481</sln:miejscIdTeryt><sln:miejscNazwa>Dolany</sln:miejscNazwa><sln:miejscRodzaj>Wieś</sln:miejscRodzaj><sln:powIIPId>adb95dd1-f39a-46c3-a2ee-c5dfb69b1d25</sln:powIIPId><sln:powIIPPn>PL.PZGIK.200</sln:powIIPPn><sln:powIIPWersja>2012-09-27T07:52:00+02:00</sln:powIIPWersja><sln:powIdTeryt>1214</sln:powIdTeryt><sln:powNazwa>proszowicki</sln:powNazwa><sln:waznyOd>2015-02-02T00:00:00+01:00</sln:waznyOd><sln:wojIIPId>dd2e3c64-f861-47cf-a3a3-e7751f272b2f</sln:wojIIPId><sln:wojIIPPn>PL.PZGIK.200</sln:wojIIPPn><sln:wojIIPWersja>2017-10-10T00:00:00+02:00</sln:wojIIPWersja><sln:wojIdTeryt>12</sln:wojIdTeryt><sln:wojNazwa>małopolskie</sln:wojNazwa></sln:miejscowosc><sln:miejscowosc><sln:cyklZyciaDo>2017-04-18T00:00:00+02:00</sln:cyklZyciaDo><sln:cyklZyciaOd>2016-04-05T00:00:00+02:00</sln:cyklZyciaOd><sln:gmIIPId>ea754923-cf8a-4e78-a6cb-af933d229d28</sln:gmIIPId><sln:gmIIPPn>PL.PZGIK.200</sln:gmIIPPn><sln:gmIIPWersja>2012-09-26T22:11:56+02:00</sln:gmIIPWersja><sln:gmIdTeryt>1214022</sln:gmIdTeryt><sln:gmNazwa>Koszyce</sln:gmNazwa><sln:miejscIIPId>6ac69d75-8d3e-478e-8f6e-72c83534e603</sln:miejscIIPId><sln:miejscIIPPn>PL.PZGIK.200</sln:miejscIIPPn><sln:miejscIIPWersja>2016-11-24T09:50:52+02:00</sln:miejscIIPWersja><sln:miejscIdTeryt>0244512</sln:miejscIdTeryt><sln:miejscNazwa>Filipowice</sln:miejscNazwa><sln:miejscRodzaj>Wieś</sln:miejscRodzaj><sln:powIIPId>adb95dd1-f39a-46c3-a2ee-c5dfb69b1d25</sln:powIIPId><sln:powIIPPn>PL.PZGIK.200</sln:powIIPPn><sln:powIIPWersja>2012-09-27T07:52:00+02:00</sln:powIIPWersja><sln:powIdTeryt>1214</sln:powIdTeryt><sln:powNazwa>proszowicki</sln:powNazwa><sln:waznyOd>2015-02-02T00:00:00+01:00</sln:waznyOd><sln:wojIIPId>dd2e3c64-f861-47cf-a3a3-e7751f272b2f</sln:wojIIPId><sln:wojIIPPn>PL.PZGIK.200</sln:wojIIPPn><sln:wojIIPWersja>2017-10-10T00:00:00+02:00</sln:wojIIPWersja><sln:wojIdTeryt>12</sln:wojIdTeryt><sln:wojNazwa>małopolskie</sln:wojNazwa></sln:miejscowosc><sln:miejscowosc><sln:cyklZyciaDo>2017-04-18T00:00:00+02:00</sln:cyklZyciaDo><sln:cyklZyciaOd>2016-04-05T00:00:00+02:00</sln:cyklZyciaOd><sln:gmIIPId>ea754923-cf8a-4e78-a6cb-af933d229d28</sln:gmIIPId><sln:gmIIPPn>PL.PZGIK.200</sln:gmIIPPn><sln:gmIIPWersja>2012-09-26T22:11:56+02:00</sln:gmIIPWersja><sln:gmIdTeryt>1214022</sln:gmIdTeryt><sln:gmNazwa>Koszyce</sln:gmNazwa><sln:miejscIIPId>29cfa650-8b1d-4f1a-98f1-2135f3365936</sln:miejscIIPId><sln:miejscIIPPn>PL.PZGIK.200</sln:miejscIIPPn><sln:miejscIIPWersja>2016-11-24T09:50:54+02:00</sln:miejscIIPWersja><sln:miejscIdTeryt>0244541</sln:miejscIdTeryt><sln:miejscNazwa>Jaksice</sln:miejscNazwa><sln:miejscRodzaj>Wieś</sln:miejscRodzaj><sln:powIIPId>adb95dd1-f39a-46c3-a2ee-c5dfb69b1d25</sln:powIIPId><sln:powIIPPn>PL.PZGIK.200</sln:powIIPPn><sln:powIIPWersja>2012-09-27T07:52:00+02:00</sln:powIIPWersja><sln:powIdTeryt>1214</sln:powIdTeryt><sln:powNazwa>proszowicki</sln:powNazwa><sln:waznyOd>2015-02-02T00:00:00+01:00</sln:waznyOd><sln:wojIIPId>dd2e3c64-f861-47cf-a3a3-e7751f272b2f</sln:wojIIPId><sln:wojIIPPn>PL.PZGIK.200</sln:wojIIPPn><sln:wojIIPWersja>2017-10-10T00:00:00+02:00</sln:wojIIPWersja><sln:wojIdTeryt>12</sln:wojIdTeryt><sln:wojNazwa>małopolskie</sln:wojNazwa></sln:miejscowosc><sln:miejscowosc><sln:cyklZyciaDo>2017-04-18T00:00:00+02:00</sln:cyklZyciaDo><sln:cyklZyciaOd>2016-04-05T00:00:00+02:00</sln:cyklZyciaOd><sln:gmIIPId>ea754923-cf8a-4e78-a6cb-af933d229d28</sln:gmIIPId><sln:gmIIPPn>PL.PZGIK.200</sln:gmIIPPn><sln:gmIIPWersja>2012-09-26T22:11:56+02:00</sln:gmIIPWersja><sln:gmIdTeryt>1214022</sln:gmIdTeryt><sln:gmNazwa>Koszyce</sln:gmNazwa><sln:miejscIIPId>91490569-ae15-4887-8da8-14721c687760</sln:miejscIIPId><sln:miejscIIPPn>PL.PZGIK.200</sln:miejscIIPPn><sln:miejscIIPWersja>2016-11-24T09:47:40+02:00</sln:miejscIIPWersja><sln:miejscIdTeryt>0226968</sln:miejscIdTeryt><sln:miejscNazwa>Jankowice</sln:miejscNazwa><sln:miejscRodzaj>Wieś</sln:miejscRodzaj><sln:powIIPId>adb95dd1-f39a-46c3-a2ee-c5dfb69b1d25</sln:powIIPId><sln:powIIPPn>PL.PZGIK.200</sln:powIIPPn><sln:powIIPWersja>2012-09-27T07:52:00+02:00</sln:powIIPWersja><sln:powIdTeryt>1214</sln:powIdTeryt><sln:powNazwa>proszowicki</sln:powNazwa><sln:waznyOd>2015-02-02T00:00:00+01:00</sln:waznyOd><sln:wojIIPId>dd2e3c64-f861-47cf-a3a3-e7751f272b2f</sln:wojIIPId><sln:wojIIPPn>PL.PZGIK.200</sln:wojIIPPn><sln:wojIIPWersja>2017-10-10T00:00:00+02:00</sln:wojIIPWersja><sln:wojIdTeryt>12</sln:wojIdTeryt><sln:wojNazwa>małopolskie</sln:wojNazwa></sln:miejscowosc><sln:miejscowosc><sln:cyklZyciaDo>2017-04-18T00:00:00+02:00</sln:cyklZyciaDo><sln:cyklZyciaOd>2016-04-05T00:00:00+02:00</sln:cyklZyciaOd><sln:gmIIPId>ea754923-cf8a-4e78-a6cb-af933d229d28</sln:gmIIPId><sln:gmIIPPn>PL.PZGIK.200</sln:gmIIPPn><sln:gmIIPWersja>2012-09-26T22:11:56+02:00</sln:gmIIPWersja><sln:gmIdTeryt>1214022</sln:gmIdTeryt><sln:gmNazwa>Koszyce</sln:gmNazwa><sln:miejscIIPId>7802a244-a312-4604-ab51-3afb71014cc6</sln:miejscIIPId><sln:miejscIIPPn>PL.PZGIK.200</sln:miejscIIPPn><sln:miejscIIPWersja>2016-11-24T09:50:57+02:00</sln:miejscIIPWersja><sln:miejscIdTeryt>0244630</sln:miejscIdTeryt><sln:miejscNazwa>Koszyce</sln:miejscNazwa><sln:miejscRodzaj>Wieś</sln:miejscRodzaj><sln:powIIPId>adb95dd1-f39a-46c3-a2ee-c5dfb69b1d25</sln:powIIPId><sln:powIIPPn>PL.PZGIK.200</sln:powIIPPn><sln:powIIPWersja>2012-09-27T07:52:00+02:00</sln:powIIPWersja><sln:powIdTeryt>1214</sln:powIdTeryt><sln:powNazwa>proszowicki</sln:powNazwa><sln:waznyOd>2015-02-02T00:00:00+01:00</sln:waznyOd><sln:wojIIPId>dd2e3c64-f861-47cf-a3a3-e7751f272b2f</sln:wojIIPId><sln:wojIIPPn>PL.PZGIK.200</sln:wojIIPPn><sln:wojIIPWersja>2017-10-10T00:00:00+02:00</sln:wojIIPWersja><sln:wojIdTeryt>12</sln:wojIdTeryt><sln:wojNazwa>małopolskie</sln:wojNazwa></sln:miejscowosc><sln:miejscowosc><sln:cyklZyciaDo>2017-04-18T00:00:00+02:00</sln:cyklZyciaDo><sln:cyklZyciaOd>2016-04-05T00:00:00+02:00</sln:cyklZyciaOd><sln:gmIIPId>ea754923-cf8a-4e78-a6cb-af933d229d28</sln:gmIIPId><sln:gmIIPPn>PL.PZGIK.200</sln:gmIIPPn><sln:gmIIPWersja>2012-09-26T22:11:56+02:00</sln:gmIIPWersja><sln:gmIdTeryt>1214022</sln:gmIdTeryt><sln:gmNazwa>Koszyce</sln:gmNazwa><sln:miejscIIPId>90996499-5ab9-4f2f-a050-b49a7c9279d2</sln:miejscIIPId><sln:miejscIIPPn>PL.PZGIK.200</sln:miejscIIPPn><sln:miejscIIPWersja>2016-11-24T09:50:59+02:00</sln:miejscIIPWersja><sln:miejscIdTeryt>0244647</sln:miejscIdTeryt><sln:miejscNazwa>Książnice Małe</sln:miejscNazwa><sln:miejscRodzaj>Wieś</sln:miejscRodzaj><sln:powIIPId>adb95dd1-f39a-46c3-a2ee-c5dfb69b1d25</sln:powIIPId><sln:powIIPPn>PL.PZGIK.200</sln:powIIPPn><sln:powIIPWersja>2012-09-27T07:52:00+02:00</sln:powIIPWersja><sln:powIdTeryt>1214</sln:powIdTeryt><sln:powNazwa>proszowicki</sln:powNazwa><sln:waznyOd>2015-02-02T00:00:00+01:00</sln:waznyOd><sln:wojIIPId>dd2e3c64-f861-47cf-a3a3-e7751f272b2f</sln:wojIIPId><sln:wojIIPPn>PL.PZGIK.200</sln:wojIIPPn><sln:wojIIPWersja>2017-10-10T00:00:00+02:00</sln:wojIIPWersja><sln:wojIdTeryt>12</sln:wojIdTeryt><sln:wojNazwa>małopolskie</sln:wojNazwa></sln:miejscowosc><sln:miejscowosc><sln:cyklZyciaDo>2017-04-18T00:00:00+02:00</sln:cyklZyciaDo><sln:cyklZyciaOd>2016-04-05T00:00:00+02:00</sln:cyklZyciaOd><sln:gmIIPId>ea754923-cf8a-4e78-a6cb-af933d229d28</sln:gmIIPId><sln:gmIIPPn>PL.PZGIK.200</sln:gmIIPPn><sln:gmIIPWersja>2012-09-26T22:11:56+02:00</sln:gmIIPWersja><sln:gmIdTeryt>1214022</sln:gmIdTeryt><sln:gmNazwa>Koszyce</sln:gmNazwa><sln:miejscIIPId>c6eeee6f-7146-470a-88f7-897766532dcb</sln:miejscIIPId><sln:miejscIIPPn>PL.PZGIK.200</sln:miejscIIPPn><sln:miejscIIPWersja>2016-11-24T09:51:01+02:00</sln:miejscIIPWersja><sln:miejscIdTeryt>0244660</sln:miejscIdTeryt><sln:miejscNazwa>Książnice Wielkie</sln:miejscNazwa><sln:miejscRodzaj>Wieś</sln:miejscRodzaj><sln:powIIPId>adb95dd1-f39a-46c3-a2ee-c5dfb69b1d25</sln:powIIPId><sln:powIIPPn>PL.PZGIK.200</sln:powIIPPn><sln:powIIPWersja>2012-09-27T07:52:00+02:00</sln:powIIPWersja><sln:powIdTeryt>1214</sln:powIdTeryt><sln:powNazwa>proszowicki</sln:powNazwa><sln:waznyOd>2015-02-02T00:00:00+01:00</sln:waznyOd><sln:wojIIPId>dd2e3c64-f861-47cf-a3a3-e7751f272b2f</sln:wojIIPId><sln:wojIIPPn>PL.PZGIK.200</sln:wojIIPPn><sln:wojIIPWersja>2017-10-10T00:00:00+02:00</sln:wojIIPWersja><sln:wojIdTeryt>12</sln:wojIdTeryt><sln:wojNazwa>małopolskie</sln:wojNazwa></sln:miejscowosc><sln:miejscowosc><sln:cyklZyciaDo>2017-04-18T00:00:00+02:00</sln:cyklZyciaDo><sln:cyklZyciaOd>2016-04-05T00:00:00+02:00</sln:cyklZyciaOd><sln:gmIIPId>ea754923-cf8a-4e78-a6cb-af933d229d28</sln:gmIIPId><sln:gmIIPPn>PL.PZGIK.200</sln:gmIIPPn><sln:gmIIPWersja>2012-09-26T22:11:56+02:00</sln:gmIIPWersja><sln:gmIdTeryt>1214022</sln:gmIdTeryt><sln:gmNazwa>Koszyce</sln:gmNazwa><sln:miejscIIPId>de266820-eb46-4090-85d6-7ce543a494b5</sln:miejscIIPId><sln:miejscIIPPn>PL.PZGIK.200</sln:miejscIIPPn><sln:miejscIIPWersja>2016-11-24T09:51:03+02:00</sln:miejscIIPWersja><sln:miejscIdTeryt>0244720</sln:miejscIdTeryt><sln:miejscNazwa>Łapszów</sln:miejscNazwa><sln:miejscRodzaj>Wieś</sln:miejscRodzaj><sln:powIIPId>adb95dd1-f39a-46c3-a2ee-c5dfb69b1d25</sln:powIIPId><sln:powIIPPn>PL.PZGIK.200</sln:powIIPPn><sln:powIIPWersja>2012-09-27T07:52:00+02:00</sln:powIIPWersja><sln:powIdTeryt>1214</sln:powIdTeryt><sln:powNazwa>proszowicki</sln:powNazwa><sln:waznyOd>2015-02-02T00:00:00+01:00</sln:waznyOd><sln:wojIIPId>dd2e3c64-f861-47cf-a3a3-e7751f272b2f</sln:wojIIPId><sln:wojIIPPn>PL.PZGIK.200</sln:wojIIPPn><sln:wojIIPWersja>2017-10-10T00:00:00+02:00</sln:wojIIPWersja><sln:wojIdTeryt>12</sln:wojIdTeryt><sln:wojNazwa>małopolskie</sln:wojNazwa></sln:miejscowosc><sln:miejscowosc><sln:cyklZyciaDo>2017-04-18T00:00:00+02:00</sln:cyklZyciaDo><sln:cyklZyciaOd>2016-04-05T00:00:00+02:00</sln:cyklZyciaOd><sln:gmIIPId>ea754923-cf8a-4e78-a6cb-af933d229d28</sln:gmIIPId><sln:gmIIPPn>PL.PZGIK.200</sln:gmIIPPn><sln:gmIIPWersja>2012-09-26T22:11:56+02:00</sln:gmIIPWersja><sln:gmIdTeryt>1214022</sln:gmIdTeryt><sln:gmNazwa>Koszyce</sln:gmNazwa><sln:miejscIIPId>b81d20f1-63fd-43ec-87ef-eff825ed506e</sln:miejscIIPId><sln:miejscIIPPn>PL.PZGIK.200</sln:miejscIIPPn><sln:miejscIIPWersja>2016-11-24T09:51:05+02:00</sln:miejscIIPWersja><sln:miejscIdTeryt>0244759</sln:miejscIdTeryt><sln:miejscNazwa>Malkowice</sln:miejscNazwa><sln:miejscRodzaj>Wieś</sln:miejscRodzaj><sln:powIIPId>adb95dd1-f39a-46c3-a2ee-c5dfb69b1d25</sln:powIIPId><sln:powIIPPn>PL.PZGIK.200</sln:powIIPPn><sln:powIIPWersja>2012-09-27T07:52:00+02:00</sln:powIIPWersja><sln:powIdTeryt>1214</sln:powIdTeryt><sln:powNazwa>proszowicki</sln:powNazwa><sln:waznyOd>2015-02-02T00:00:00+01:00</sln:waznyOd><sln:wojIIPId>dd2e3c64-f861-47cf-a3a3-e7751f272b2f</sln:wojIIPId><sln:wojIIPPn>PL.PZGIK.200</sln:wojIIPPn><sln:wojIIPWersja>2017-10-10T00:00:00+02:00</sln:wojIIPWersja><sln:wojIdTeryt>12</sln:wojIdTeryt><sln:wojNazwa>małopolskie</sln:wojNazwa></sln:miejscowosc><sln:miejscowosc><sln:cyklZyciaDo>2017-04-18T00:00:00+02:00</sln:cyklZyciaDo><sln:cyklZyciaOd>2016-04-05T00:00:00+02:00</sln:cyklZyciaOd><sln:gmIIPId>ea754923-cf8a-4e78-a6cb-af933d229d28</sln:gmIIPId><sln:gmIIPPn>PL.PZGIK.200</sln:gmIIPPn><sln:gmIIPWersja>2012-09-26T22:11:56+02:00</sln:gmIIPWersja><sln:gmIdTeryt>1214022</sln:gmIdTeryt><sln:gmNazwa>Koszyce</sln:gmNazwa><sln:miejscIIPId>5143c48a-8503-403d-992e-640d1583eaeb</sln:miejscIIPId><sln:miejscIIPPn>PL.PZGIK.200</sln:miejscIIPPn><sln:miejscIIPWersja>2016-11-24T09:51:07+02:00</sln:miejscIIPWersja><sln:miejscIdTeryt>0244771</sln:miejscIdTeryt><sln:miejscNazwa>Modrzany</sln:miejscNazwa><sln:miejscRodzaj>Wieś</sln:miejscRodzaj><sln:powIIPId>adb95dd1-f39a-46c3-a2ee-c5dfb69b1d25</sln:powIIPId><sln:powIIPPn>PL.PZGIK.200</sln:powIIPPn><sln:powIIPWersja>2012-09-27T07:52:00+02:00</sln:powIIPWersja><sln:powIdTeryt>1214</sln:powIdTeryt><sln:powNazwa>proszowicki</sln:powNazwa><sln:waznyOd>2015-02-02T00:00:00+01:00</sln:waznyOd><sln:wojIIPId>dd2e3c64-f861-47cf-a3a3-e7751f272b2f</sln:wojIIPId><sln:wojIIPPn>PL.PZGIK.200</sln:wojIIPPn><sln:wojIIPWersja>2017-10-10T00:00:00+02:00</sln:wojIIPWersja><sln:wojIdTeryt>12</sln:wojIdTeryt><sln:wojNazwa>małopolskie</sln:wojNazwa></sln:miejscowosc><sln:miejscowosc><sln:cyklZyciaDo>2017-04-18T00:00:00+02:00</sln:cyklZyciaDo><sln:cyklZyciaOd>2016-04-05T00:00:00+02:00</sln:cyklZyciaOd><sln:gmIIPId>ea754923-cf8a-4e78-a6cb-af933d229d28</sln:gmIIPId><sln:gmIIPPn>PL.PZGIK.200</sln:gmIIPPn><sln:gmIIPWersja>2012-09-26T22:11:56+02:00</sln:gmIIPWersja><sln:gmIdTeryt>1214022</sln:gmIdTeryt><sln:gmNazwa>Koszyce</sln:gmNazwa><sln:miejscIIPId>1ddfdfef-3126-4ec3-a816-e2a03165286d</sln:miejscIIPId><sln:miejscIIPPn>PL.PZGIK.200</sln:miejscIIPPn><sln:miejscIIPWersja>2016-11-24T09:51:09+02:00</sln:miejscIIPWersja><sln:miejscIdTeryt>0244788</sln:miejscIdTeryt><sln:miejscNazwa>Morsko</sln:miejscNazwa><sln:miejscRodzaj>Wieś</sln:miejscRodzaj><sln:powIIPId>adb95dd1-f39a-46c3-a2ee-c5dfb69b1d25</sln:powIIPId><sln:powIIPPn>PL.PZGIK.200</sln:powIIPPn><sln:powIIPWersja>2012-09-27T07:52:00+02:00</sln:powIIPWersja><sln:powIdTeryt>1214</sln:powIdTeryt><sln:powNazwa>proszowicki</sln:powNazwa><sln:waznyOd>2015-02-02T00:00:00+01:00</sln:waznyOd><sln:wojIIPId>dd2e3c64-f861-47cf-a3a3-e7751f272b2f</sln:wojIIPId><sln:wojIIPPn>PL.PZGIK.200</sln:wojIIPPn><sln:wojIIPWersja>2017-10-10T00:00:00+02:00</sln:wojIIPWersja><sln:wojIdTeryt>12</sln:wojIdTeryt><sln:wojNazwa>małopolskie</sln:wojNazwa></sln:miejscowosc><sln:miejscowosc><sln:cyklZyciaDo>2017-04-18T00:00:00+02:00</sln:cyklZyciaDo><sln:cyklZyciaOd>2016-04-05T00:00:00+02:00</sln:cyklZyciaOd><sln:gmIIPId>ea754923-cf8a-4e78-a6cb-af933d229d28</sln:gmIIPId><sln:gmIIPPn>PL.PZGIK.200</sln:gmIIPPn><sln:gmIIPWersja>2012-09-26T22:11:56+02:00</sln:gmIIPWersja><sln:gmIdTeryt>1214022</sln:gmIdTeryt><sln:gmNazwa>Koszyce</sln:gmNazwa><sln:miejscIIPId>109d2167-afb4-4975-b736-4465b36496ff</sln:miejscIIPId><sln:miejscIIPPn>PL.PZGIK.200</sln:miejscIIPPn><sln:miejscIIPWersja>2016-11-24T09:51:11+02:00</sln:miejscIIPWersja><sln:miejscIdTeryt>0244819</sln:miejscIdTeryt><sln:miejscNazwa>Piotrowice</sln:miejscNazwa><sln:miejscRodzaj>Wieś</sln:miejscRodzaj><sln:powIIPId>adb95dd1-f39a-46c3-a2ee-c5dfb69b1d25</sln:powIIPId><sln:powIIPPn>PL.PZGIK.200</sln:powIIPPn><sln:powIIPWersja>2012-09-27T07:52:00+02:00</sln:powIIPWersja><sln:powIdTeryt>1214</sln:powIdTeryt><sln:powNazwa>proszowicki</sln:powNazwa><sln:waznyOd>2015-02-02T00:00:00+01:00</sln:waznyOd><sln:wojIIPId>dd2e3c64-f861-47cf-a3a3-e7751f272b2f</sln:wojIIPId><sln:wojIIPPn>PL.PZGIK.200</sln:wojIIPPn><sln:wojIIPWersja>2017-10-10T00:00:00+02:00</sln:wojIIPWersja><sln:wojIdTeryt>12</sln:wojIdTeryt><sln:wojNazwa>małopolskie</sln:wojNazwa></sln:miejscowosc><sln:miejscowosc><sln:cyklZyciaDo>2017-04-18T00:00:00+02:00</sln:cyklZyciaDo><sln:cyklZyciaOd>2016-04-05T00:00:00+02:00</sln:cyklZyciaOd><sln:gmIIPId>ea754923-cf8a-4e78-a6cb-af933d229d28</sln:gmIIPId><sln:gmIIPPn>PL.PZGIK.200</sln:gmIIPPn><sln:gmIIPWersja>2012-09-26T22:11:56+02:00</sln:gmIIPWersja><sln:gmIdTeryt>1214022</sln:gmIdTeryt><sln:gmNazwa>Koszyce</sln:gmNazwa><sln:miejscIIPId>98a4bb7b-07a0-4868-8247-7ccaf782ca60</sln:miejscIIPId><sln:miejscIIPPn>PL.PZGIK.200</sln:miejscIIPPn><sln:miejscIIPWersja>2016-11-24T09:51:13+02:00</sln:miejscIIPWersja><sln:miejscIdTeryt>0244848</sln:miejscIdTeryt><sln:miejscNazwa>Przemyków</sln:miejscNazwa><sln:miejscRodzaj>Wieś</sln:miejscRodzaj><sln:powIIPId>adb95dd1-f39a-46c3-a2ee-c5dfb69b1d25</sln:powIIPId><sln:powIIPPn>PL.PZGIK.200</sln:powIIPPn><sln:powIIPWersja>2012-09-27T07:52:00+02:00</sln:powIIPWersja><sln:powIdTeryt>1214</sln:powIdTeryt><sln:powNazwa>proszowicki</sln:powNazwa><sln:waznyOd>2015-02-02T00:00:00+01:00</sln:waznyOd><sln:wojIIPId>dd2e3c64-f861-47cf-a3a3-e7751f272b2f</sln:wojIIPId><sln:wojIIPPn>PL.PZGIK.200</sln:wojIIPPn><sln:wojIIPWersja>2017-10-10T00:00:00+02:00</sln:wojIIPWersja><sln:wojIdTeryt>12</sln:wojIdTeryt><sln:wojNazwa>małopolskie</sln:wojNazwa></sln:miejscowosc><sln:miejscowosc><sln:cyklZyciaDo>2017-04-18T00:00:00+02:00</sln:cyklZyciaDo><sln:cyklZyciaOd>2016-04-05T00:00:00+02:00</sln:cyklZyciaOd><sln:gmIIPId>ea754923-cf8a-4e78-a6cb-af933d229d28</sln:gmIIPId><sln:gmIIPPn>PL.PZGIK.200</sln:gmIIPPn><sln:gmIIPWersja>2012-09-26T22:11:56+02:00</sln:gmIIPWersja><sln:gmIdTeryt>1214022</sln:gmIdTeryt><sln:gmNazwa>Koszyce</sln:gmNazwa><sln:miejscIIPId>eda2dd4c-cca0-4b8c-bba6-32afac894e21</sln:miejscIIPId><sln:miejscIIPPn>PL.PZGIK.200</sln:miejscIIPPn><sln:miejscIIPWersja>2016-11-24T09:51:15+02:00</sln:miejscIIPWersja><sln:miejscIdTeryt>0244883</sln:miejscIdTeryt><sln:miejscNazwa>Rachwałowice</sln:miejscNazwa><sln:miejscRodzaj>Wieś</sln:miejscRodzaj><sln:powIIPId>adb95dd1-f39a-46c3-a2ee-c5dfb69b1d25</sln:powIIPId><sln:powIIPPn>PL.PZGIK.200</sln:powIIPPn><sln:powIIPWersja>2012-09-27T07:52:00+02:00</sln:powIIPWersja><sln:powIdTeryt>1214</sln:powIdTeryt><sln:powNazwa>proszowicki</sln:powNazwa><sln:waznyOd>2015-02-02T00:00:00+01:00</sln:waznyOd><sln:wojIIPId>dd2e3c64-f861-47cf-a3a3-e7751f272b2f</sln:wojIIPId><sln:wojIIPPn>PL.PZGIK.200</sln:wojIIPPn><sln:wojIIPWersja>2017-10-10T00:00:00+02:00</sln:wojIIPWersja><sln:wojIdTeryt>12</sln:wojIdTeryt><sln:wojNazwa>małopolskie</sln:wojNazwa></sln:miejscowosc><sln:miejscowosc><sln:cyklZyciaDo>2017-04-18T00:00:00+02:00</sln:cyklZyciaDo><sln:cyklZyciaOd>2016-04-05T00:00:00+02:00</sln:cyklZyciaOd><sln:gmIIPId>ea754923-cf8a-4e78-a6cb-af933d229d28</sln:gmIIPId><sln:gmIIPPn>PL.PZGIK.200</sln:gmIIPPn><sln:gmIIPWersja>2012-09-26T22:11:56+02:00</sln:gmIIPWersja><sln:gmIdTeryt>1214022</sln:gmIdTeryt><sln:gmNazwa>Koszyce</sln:gmNazwa><sln:miejscIIPId>157b7e8c-fb56-4a5c-aefe-93904a13a57f</sln:miejscIIPId><sln:miejscIIPPn>PL.PZGIK.200</sln:miejscIIPPn><sln:miejscIIPWersja>2016-11-24T09:51:17+02:00</sln:miejscIIPWersja><sln:miejscIdTeryt>0244920</sln:miejscIdTeryt><sln:miejscNazwa>Siedliska</sln:miejscNazwa><sln:miejscRodzaj>Wieś</sln:miejscRodzaj><sln:powIIPId>adb95dd1-f39a-46c3-a2ee-c5dfb69b1d25</sln:powIIPId><sln:powIIPPn>PL.PZGIK.200</sln:powIIPPn><sln:powIIPWersja>2012-09-27T07:52:00+02:00</sln:powIIPWersja><sln:powIdTeryt>1214</sln:powIdTeryt><sln:powNazwa>proszowicki</sln:powNazwa><sln:waznyOd>2015-02-02T00:00:00+01:00</sln:waznyOd><sln:wojIIPId>dd2e3c64-f861-47cf-a3a3-e7751f272b2f</sln:wojIIPId><sln:wojIIPPn>PL.PZGIK.200</sln:wojIIPPn><sln:wojIIPWersja>2017-10-10T00:00:00+02:00</sln:wojIIPWersja><sln:wojIdTeryt>12</sln:wojIdTeryt><sln:wojNazwa>małopolskie</sln:wojNazwa></sln:miejscowosc><sln:miejscowosc><sln:cyklZyciaDo>2017-04-18T00:00:00+02:00</sln:cyklZyciaDo><sln:cyklZyciaOd>2016-04-05T00:00:00+02:00</sln:cyklZyciaOd><sln:gmIIPId>ea754923-cf8a-4e78-a6cb-af933d229d28</sln:gmIIPId><sln:gmIIPPn>PL.PZGIK.200</sln:gmIIPPn><sln:gmIIPWersja>2012-09-26T22:11:56+02:00</sln:gmIIPWersja><sln:gmIdTeryt>1214022</sln:gmIdTeryt><sln:gmNazwa>Koszyce</sln:gmNazwa><sln:miejscIIPId>7c55de38-44b6-409d-aeb4-cf18eedca347</sln:miejscIIPId><sln:miejscIIPPn>PL.PZGIK.200</sln:miejscIIPPn><sln:miejscIIPWersja>2016-11-24T09:51:19+02:00</sln:miejscIIPWersja><sln:miejscIdTeryt>0244966</sln:miejscIdTeryt><sln:miejscNazwa>Sokołowice</sln:miejscNazwa><sln:miejscRodzaj>Wieś</sln:miejscRodzaj><sln:powIIPId>adb95dd1-f39a-46c3-a2ee-c5dfb69b1d25</sln:powIIPId><sln:powIIPPn>PL.PZGIK.200</sln:powIIPPn><sln:powIIPWersja>2012-09-27T07:52:00+02:00</sln:powIIPWersja><sln:powIdTeryt>1214</sln:powIdTeryt><sln:powNazwa>proszowicki</sln:powNazwa><sln:waznyOd>2015-02-02T00:00:00+01:00</sln:waznyOd><sln:wojIIPId>dd2e3c64-f861-47cf-a3a3-e7751f272b2f</sln:wojIIPId><sln:wojIIPPn>PL.PZGIK.200</sln:wojIIPPn><sln:wojIIPWersja>2017-10-10T00:00:00+02:00</sln:wojIIPWersja><sln:wojIdTeryt>12</sln:wojIdTeryt><sln:wojNazwa>małopolskie</sln:wojNazwa></sln:miejscowosc><sln:miejscowosc><sln:cyklZyciaDo>2017-04-18T00:00:00+02:00</sln:cyklZyciaDo><sln:cyklZyciaOd>2016-04-05T00:00:00+02:00</sln:cyklZyciaOd><sln:gmIIPId>ea754923-cf8a-4e78-a6cb-af933d229d28</sln:gmIIPId><sln:gmIIPPn>PL.PZGIK.200</sln:gmIIPPn><sln:gmIIPWersja>2012-09-26T22:11:56+02:00</sln:gmIIPWersja><sln:gmIdTeryt>1214022</sln:gmIdTeryt><sln:gmNazwa>Koszyce</sln:gmNazwa><sln:miejscIIPId>d3aef038-ba80-429b-ac11-e300527bd17c</sln:miejscIIPId><sln:miejscIIPPn>PL.PZGIK.200</sln:miejscIIPPn><sln:miejscIIPWersja>2016-11-24T09:51:21+02:00</sln:miejscIIPWersja><sln:miejscIdTeryt>0245003</sln:miejscIdTeryt><sln:miejscNazwa>Witów</sln:miejscNazwa><sln:miejscRodzaj>Wieś</sln:miejscRodzaj><sln:powIIPId>adb95dd1-f39a-46c3-a2ee-c5dfb69b1d25</sln:powIIPId><sln:powIIPPn>PL.PZGIK.200</sln:powIIPPn><sln:powIIPWersja>2012-09-27T07:52:00+02:00</sln:powIIPWersja><sln:powIdTeryt>1214</sln:powIdTeryt><sln:powNazwa>proszowicki</sln:powNazwa><sln:waznyOd>2015-02-02T00:00:00+01:00</sln:waznyOd><sln:wojIIPId>dd2e3c64-f861-47cf-a3a3-e7751f272b2f</sln:wojIIPId><sln:wojIIPPn>PL.PZGIK.200</sln:wojIIPPn><sln:wojIIPWersja>2017-10-10T00:00:00+02:00</sln:wojIIPWersja><sln:wojIdTeryt>12</sln:wojIdTeryt><sln:wojNazwa>małopolskie</sln:wojNazwa></sln:miejscowosc><sln:miejscowosc><sln:cyklZyciaDo>2017-04-18T00:00:00+02:00</sln:cyklZyciaDo><sln:cyklZyciaOd>2016-04-05T00:00:00+02:00</sln:cyklZyciaOd><sln:gmIIPId>ea754923-cf8a-4e78-a6cb-af933d229d28</sln:gmIIPId><sln:gmIIPPn>PL.PZGIK.200</sln:gmIIPPn><sln:gmIIPWersja>2012-09-26T22:11:56+02:00</sln:gmIIPWersja><sln:gmIdTeryt>1214022</sln:gmIdTeryt><sln:gmNazwa>Koszyce</sln:gmNazwa><sln:miejscIIPId>e021d8b6-edbc-410d-8878-31d13919eada</sln:miejscIIPId><sln:miejscIIPPn>PL.PZGIK.200</sln:miejscIIPPn><sln:miejscIIPWersja>2016-11-24T09:51:23+02:00</sln:miejscIIPWersja><sln:miejscIdTeryt>0245049</sln:miejscIdTeryt><sln:miejscNazwa>Włostowice</sln:miejscNazwa><sln:miejscRodzaj>Wieś</sln:miejscRodzaj><sln:powIIPId>adb95dd1-f39a-46c3-a2ee-c5dfb69b1d25</sln:powIIPId><sln:powIIPPn>PL.PZGIK.200</sln:powIIPPn><sln:powIIPWersja>2012-09-27T07:52:00+02:00</sln:powIIPWersja><sln:powIdTeryt>1214</sln:powIdTeryt><sln:powNazwa>proszowicki</sln:powNazwa><sln:waznyOd>2015-02-02T00:00:00+01:00</sln:waznyOd><sln:wojIIPId>dd2e3c64-f861-47cf-a3a3-e7751f272b2f</sln:wojIIPId><sln:wojIIPPn>PL.PZGIK.200</sln:wojIIPPn><sln:wojIIPWersja>2017-10-10T00:00:00+02:00</sln:wojIIPWersja><sln:wojIdTeryt>12</sln:wojIdTeryt><sln:wojNazwa>małopolskie</sln:wojNazwa></sln:miejscowosc><sln:miejscowosc><sln:cyklZyciaDo>2017-04-18T00:00:00+02:00</sln:cyklZyciaDo><sln:cyklZyciaOd>2016-04-05T00:00:00+02:00</sln:cyklZyciaOd><sln:gmIIPId>ea754923-cf8a-4e78-a6cb-af933d229d28</sln:gmIIPId><sln:gmIIPPn>PL.PZGIK.200</sln:gmIIPPn><sln:gmIIPWersja>2012-09-26T22:11:56+02:00</sln:gmIIPWersja><sln:gmIdTeryt>1214022</sln:gmIdTeryt><sln:gmNazwa>Koszyce</sln:gmNazwa><sln:miejscIIPId>fa054543-0388-4013-ba2a-00e6e00dde1d</sln:miejscIIPId><sln:miejscIIPPn>PL.PZGIK.200</sln:miejscIIPPn><sln:miejscIIPWersja>2016-11-24T09:51:25+02:00</sln:miejscIIPWersja><sln:miejscIdTeryt>0245078</sln:miejscIdTeryt><sln:miejscNazwa>Zagaje Książnickie</sln:miejscNazwa><sln:miejscRodzaj>Wieś</sln:miejscRodzaj><sln:powIIPId>adb95dd1-f39a-46c3-a2ee-c5dfb69b1d25</sln:powIIPId><sln:powIIPPn>PL.PZGIK.200</sln:powIIPPn><sln:powIIPWersja>2012-09-27T07:52:00+02:00</sln:powIIPWersja><sln:powIdTeryt>1214</sln:powIdTeryt><sln:powNazwa>proszowicki</sln:powNazwa><sln:waznyOd>2015-02-10T00:00:00+01:00</sln:waznyOd><sln:wojIIPId>dd2e3c64-f861-47cf-a3a3-e7751f272b2f</sln:wojIIPId><sln:wojIIPPn>PL.PZGIK.200</sln:wojIIPPn><sln:wojIIPWersja>2017-10-10T00:00:00+02:00</sln:wojIIPWersja><sln:wojIdTeryt>12</sln:wojIdTeryt><sln:wojNazwa>małopolskie</sln:wojNazwa></sln:miejscowosc><sln:miejscowosc><sln:cyklZyciaDo>2015-12-15T00:00:00+01:00</sln:cyklZyciaDo><sln:cyklZyciaOd>2015-08-06T00:00:00+02:00</sln:cyklZyciaOd><sln:gmIIPId>ea754923-cf8a-4e78-a6cb-af933d229d28</sln:gmIIPId><sln:gmIIPPn>PL.PZGIK.200</sln:gmIIPPn><sln:gmIIPWersja>2012-09-26T22:11:56+02:00</sln:gmIIPWersja><sln:gmIdTeryt>1214022</sln:gmIdTeryt><sln:gmNazwa>Koszyce</sln:gmNazwa><sln:miejscIIPId>4bd78dcf-47cc-465c-8885-29bb51e1ddd6</sln:miejscIIPId><sln:miejscIIPPn>PL.PZGIK.200</sln:miejscIIPPn><sln:miejscIIPWersja>2016-11-24T09:50:49+02:00</sln:miejscIIPWersja><sln:miejscIdTeryt>0244452</sln:miejscIdTeryt><sln:miejscNazwa>Biskupice</sln:miejscNazwa><sln:miejscRodzaj>Wieś</sln:miejscRodzaj><sln:powIIPId>adb95dd1-f39a-46c3-a2ee-c5dfb69b1d25</sln:powIIPId><sln:powIIPPn>PL.PZGIK.200</sln:powIIPPn><sln:powIIPWersja>2012-09-27T07:52:00+02:00</sln:powIIPWersja><sln:powIdTeryt>1214</sln:powIdTeryt><sln:powNazwa>proszowicki</sln:powNazwa><sln:waznyOd>2015-02-02T00:00:00+01:00</sln:waznyOd><sln:wojIIPId>dd2e3c64-f861-47cf-a3a3-e7751f272b2f</sln:wojIIPId><sln:wojIIPPn>PL.PZGIK.200</sln:wojIIPPn><sln:wojIIPWersja>2017-10-10T00:00:00+02:00</sln:wojIIPWersja><sln:wojIdTeryt>12</sln:wojIdTeryt><sln:wojNazwa>małopolskie</sln:wojNazwa></sln:miejscowosc><sln:miejscowosc><sln:cyklZyciaDo>2015-12-15T00:00:00+01:00</sln:cyklZyciaDo><sln:cyklZyciaOd>2015-08-06T00:00:00+02:00</sln:cyklZyciaOd><sln:gmIIPId>ea754923-cf8a-4e78-a6cb-af933d229d28</sln:gmIIPId><sln:gmIIPPn>PL.PZGIK.200</sln:gmIIPPn><sln:gmIIPWersja>2012-09-26T22:11:56+02:00</sln:gmIIPWersja><sln:gmIdTeryt>1214022</sln:gmIdTeryt><sln:gmNazwa>Koszyce</sln:gmNazwa><sln:miejscIIPId>28f5a51f-eed8-43f9-858d-719da35a7a1b</sln:miejscIIPId><sln:miejscIIPPn>PL.PZGIK.200</sln:miejscIIPPn><sln:miejscIIPWersja>2016-11-24T09:50:51+02:00</sln:miejscIIPWersja><sln:miejscIdTeryt>0244481</sln:miejscIdTeryt><sln:miejscNazwa>Dolany</sln:miejscNazwa><sln:miejscRodzaj>Wieś</sln:miejscRodzaj><sln:powIIPId>adb95dd1-f39a-46c3-a2ee-c5dfb69b1d25</sln:powIIPId><sln:powIIPPn>PL.PZGIK.200</sln:powIIPPn><sln:powIIPWersja>2012-09-27T07:52:00+02:00</sln:powIIPWersja><sln:powIdTeryt>1214</sln:powIdTeryt><sln:powNazwa>proszowicki</sln:powNazwa><sln:waznyOd>2015-02-02T00:00:00+01:00</sln:waznyOd><sln:wojIIPId>dd2e3c64-f861-47cf-a3a3-e7751f272b2f</sln:wojIIPId><sln:wojIIPPn>PL.PZGIK.200</sln:wojIIPPn><sln:wojIIPWersja>2017-10-10T00:00:00+02:00</sln:wojIIPWersja><sln:wojIdTeryt>12</sln:wojIdTeryt><sln:wojNazwa>małopolskie</sln:wojNazwa></sln:miejscowosc><sln:miejscowosc><sln:cyklZyciaDo>2015-12-15T00:00:00+01:00</sln:cyklZyciaDo><sln:cyklZyciaOd>2015-08-06T00:00:00+02:00</sln:cyklZyciaOd><sln:gmIIPId>ea754923-cf8a-4e78-a6cb-af933d229d28</sln:gmIIPId><sln:gmIIPPn>PL.PZGIK.200</sln:gmIIPPn><sln:gmIIPWersja>2012-09-26T22:11:56+02:00</sln:gmIIPWersja><sln:gmIdTeryt>1214022</sln:gmIdTeryt><sln:gmNazwa>Koszyce</sln:gmNazwa><sln:miejscIIPId>6ac69d75-8d3e-478e-8f6e-72c83534e603</sln:miejscIIPId><sln:miejscIIPPn>PL.PZGIK.200</sln:miejscIIPPn><sln:miejscIIPWersja>2016-11-24T09:50:53+02:00</sln:miejscIIPWersja><sln:miejscIdTeryt>0244512</sln:miejscIdTeryt><sln:miejscNazwa>Filipowice</sln:miejscNazwa><sln:miejscRodzaj>Wieś</sln:miejscRodzaj><sln:powIIPId>adb95dd1-f39a-46c3-a2ee-c5dfb69b1d25</sln:powIIPId><sln:powIIPPn>PL.PZGIK.200</sln:powIIPPn><sln:powIIPWersja>2012-09-27T07:52:00+02:00</sln:powIIPWersja><sln:powIdTeryt>1214</sln:powIdTeryt><sln:powNazwa>proszowicki</sln:powNazwa><sln:waznyOd>2015-02-02T00:00:00+01:00</sln:waznyOd><sln:wojIIPId>dd2e3c64-f861-47cf-a3a3-e7751f272b2f</sln:wojIIPId><sln:wojIIPPn>PL.PZGIK.200</sln:wojIIPPn><sln:wojIIPWersja>2017-10-10T00:00:00+02:00</sln:wojIIPWersja><sln:wojIdTeryt>12</sln:wojIdTeryt><sln:wojNazwa>małopolskie</sln:wojNazwa></sln:miejscowosc><sln:miejscowosc><sln:cyklZyciaDo>2015-12-15T00:00:00+01:00</sln:cyklZyciaDo><sln:cyklZyciaOd>2015-08-06T00:00:00+02:00</sln:cyklZyciaOd><sln:gmIIPId>ea754923-cf8a-4e78-a6cb-af933d229d28</sln:gmIIPId><sln:gmIIPPn>PL.PZGIK.200</sln:gmIIPPn><sln:gmIIPWersja>2012-09-26T22:11:56+02:00</sln:gmIIPWersja><sln:gmIdTeryt>1214022</sln:gmIdTeryt><sln:gmNazwa>Koszyce</sln:gmNazwa><sln:miejscIIPId>29cfa650-8b1d-4f1a-98f1-2135f3365936</sln:miejscIIPId><sln:miejscIIPPn>PL.PZGIK.200</sln:miejscIIPPn><sln:miejscIIPWersja>2016-11-24T09:50:55+02:00</sln:miejscIIPWersja><sln:miejscIdTeryt>0244541</sln:miejscIdTeryt><sln:miejscNazwa>Jaksice</sln:miejscNazwa><sln:miejscRodzaj>Wieś</sln:miejscRodzaj><sln:powIIPId>adb95dd1-f39a-46c3-a2ee-c5dfb69b1d25</sln:powIIPId><sln:powIIPPn>PL.PZGIK.200</sln:powIIPPn><sln:powIIPWersja>2012-09-27T07:52:00+02:00</sln:powIIPWersja><sln:powIdTeryt>1214</sln:powIdTeryt><sln:powNazwa>proszowicki</sln:powNazwa><sln:waznyOd>2015-02-02T00:00:00+01:00</sln:waznyOd><sln:wojIIPId>dd2e3c64-f861-47cf-a3a3-e7751f272b2f</sln:wojIIPId><sln:wojIIPPn>PL.PZGIK.200</sln:wojIIPPn><sln:wojIIPWersja>2017-10-10T00:00:00+02:00</sln:wojIIPWersja><sln:wojIdTeryt>12</sln:wojIdTeryt><sln:wojNazwa>małopolskie</sln:wojNazwa></sln:miejscowosc><sln:miejscowosc><sln:cyklZyciaDo>2015-12-15T00:00:00+01:00</sln:cyklZyciaDo><sln:cyklZyciaOd>2015-08-06T00:00:00+02:00</sln:cyklZyciaOd><sln:gmIIPId>ea754923-cf8a-4e78-a6cb-af933d229d28</sln:gmIIPId><sln:gmIIPPn>PL.PZGIK.200</sln:gmIIPPn><sln:gmIIPWersja>2012-09-26T22:11:56+02:00</sln:gmIIPWersja><sln:gmIdTeryt>1214022</sln:gmIdTeryt><sln:gmNazwa>Koszyce</sln:gmNazwa><sln:miejscIIPId>91490569-ae15-4887-8da8-14721c687760</sln:miejscIIPId><sln:miejscIIPPn>PL.PZGIK.200</sln:miejscIIPPn><sln:miejscIIPWersja>2016-11-24T09:47:41+02:00</sln:miejscIIPWersja><sln:miejscIdTeryt>0226968</sln:miejscIdTeryt><sln:miejscNazwa>Jankowice</sln:miejscNazwa><sln:miejscRodzaj>Wieś</sln:miejscRodzaj><sln:powIIPId>adb95dd1-f39a-46c3-a2ee-c5dfb69b1d25</sln:powIIPId><sln:powIIPPn>PL.PZGIK.200</sln:powIIPPn><sln:powIIPWersja>2012-09-27T07:52:00+02:00</sln:powIIPWersja><sln:powIdTeryt>1214</sln:powIdTeryt><sln:powNazwa>proszowicki</sln:powNazwa><sln:waznyOd>2015-02-02T00:00:00+01:00</sln:waznyOd><sln:wojIIPId>dd2e3c64-f861-47cf-a3a3-e7751f272b2f</sln:wojIIPId><sln:wojIIPPn>PL.PZGIK.200</sln:wojIIPPn><sln:wojIIPWersja>2017-10-10T00:00:00+02:00</sln:wojIIPWersja><sln:wojIdTeryt>12</sln:wojIdTeryt><sln:wojNazwa>małopolskie</sln:wojNazwa></sln:miejscowosc><sln:miejscowosc><sln:cyklZyciaDo>2015-12-15T00:00:00+01:00</sln:cyklZyciaDo><sln:cyklZyciaOd>2015-08-06T00:00:00+02:00</sln:cyklZyciaOd><sln:gmIIPId>ea754923-cf8a-4e78-a6cb-af933d229d28</sln:gmIIPId><sln:gmIIPPn>PL.PZGIK.200</sln:gmIIPPn><sln:gmIIPWersja>2012-09-26T22:11:56+02:00</sln:gmIIPWersja><sln:gmIdTeryt>1214022</sln:gmIdTeryt><sln:gmNazwa>Koszyce</sln:gmNazwa><sln:miejscIIPId>7802a244-a312-4604-ab51-3afb71014cc6</sln:miejscIIPId><sln:miejscIIPPn>PL.PZGIK.200</sln:miejscIIPPn><sln:miejscIIPWersja>2016-11-24T09:50:58+02:00</sln:miejscIIPWersja><sln:miejscIdTeryt>0244630</sln:miejscIdTeryt><sln:miejscNazwa>Koszyce</sln:miejscNazwa><sln:miejscRodzaj>Wieś</sln:miejscRodzaj><sln:powIIPId>adb95dd1-f39a-46c3-a2ee-c5dfb69b1d25</sln:powIIPId><sln:powIIPPn>PL.PZGIK.200</sln:powIIPPn><sln:powIIPWersja>2012-09-27T07:52:00+02:00</sln:powIIPWersja><sln:powIdTeryt>1214</sln:powIdTeryt><sln:powNazwa>proszowicki</sln:powNazwa><sln:waznyOd>2015-02-02T00:00:00+01:00</sln:waznyOd><sln:wojIIPId>dd2e3c64-f861-47cf-a3a3-e7751f272b2f</sln:wojIIPId><sln:wojIIPPn>PL.PZGIK.200</sln:wojIIPPn><sln:wojIIPWersja>2017-10-10T00:00:00+02:00</sln:wojIIPWersja><sln:wojIdTeryt>12</sln:wojIdTeryt><sln:wojNazwa>małopolskie</sln:wojNazwa></sln:miejscowosc><sln:miejscowosc><sln:cyklZyciaDo>2015-12-15T00:00:00+01:00</sln:cyklZyciaDo><sln:cyklZyciaOd>2015-08-06T00:00:00+02:00</sln:cyklZyciaOd><sln:gmIIPId>ea754923-cf8a-4e78-a6cb-af933d229d28</sln:gmIIPId><sln:gmIIPPn>PL.PZGIK.200</sln:gmIIPPn><sln:gmIIPWersja>2012-09-26T22:11:56+02:00</sln:gmIIPWersja><sln:gmIdTeryt>1214022</sln:gmIdTeryt><sln:gmNazwa>Koszyce</sln:gmNazwa><sln:miejscIIPId>90996499-5ab9-4f2f-a050-b49a7c9279d2</sln:miejscIIPId><sln:miejscIIPPn>PL.PZGIK.200</sln:miejscIIPPn><sln:miejscIIPWersja>2016-11-24T09:51:00+02:00</sln:miejscIIPWersja><sln:miejscIdTeryt>0244647</sln:miejscIdTeryt><sln:miejscNazwa>Książnice Małe</sln:miejscNazwa><sln:miejscRodzaj>Wieś</sln:miejscRodzaj><sln:powIIPId>adb95dd1-f39a-46c3-a2ee-c5dfb69b1d25</sln:powIIPId><sln:powIIPPn>PL.PZGIK.200</sln:powIIPPn><sln:powIIPWersja>2012-09-27T07:52:00+02:00</sln:powIIPWersja><sln:powIdTeryt>1214</sln:powIdTeryt><sln:powNazwa>proszowicki</sln:powNazwa><sln:waznyOd>2015-02-02T00:00:00+01:00</sln:waznyOd><sln:wojIIPId>dd2e3c64-f861-47cf-a3a3-e7751f272b2f</sln:wojIIPId><sln:wojIIPPn>PL.PZGIK.200</sln:wojIIPPn><sln:wojIIPWersja>2017-10-10T00:00:00+02:00</sln:wojIIPWersja><sln:wojIdTeryt>12</sln:wojIdTeryt><sln:wojNazwa>małopolskie</sln:wojNazwa></sln:miejscowosc><sln:miejscowosc><sln:cyklZyciaDo>2015-12-15T00:00:00+01:00</sln:cyklZyciaDo><sln:cyklZyciaOd>2015-08-06T00:00:00+02:00</sln:cyklZyciaOd><sln:gmIIPId>ea754923-cf8a-4e78-a6cb-af933d229d28</sln:gmIIPId><sln:gmIIPPn>PL.PZGIK.200</sln:gmIIPPn><sln:gmIIPWersja>2012-09-26T22:11:56+02:00</sln:gmIIPWersja><sln:gmIdTeryt>1214022</sln:gmIdTeryt><sln:gmNazwa>Koszyce</sln:gmNazwa><sln:miejscIIPId>c6eeee6f-7146-470a-88f7-897766532dcb</sln:miejscIIPId><sln:miejscIIPPn>PL.PZGIK.200</sln:miejscIIPPn><sln:miejscIIPWersja>2016-11-24T09:51:02+02:00</sln:miejscIIPWersja><sln:miejscIdTeryt>0244660</sln:miejscIdTeryt><sln:miejscNazwa>Książnice Wielkie</sln:miejscNazwa><sln:miejscRodzaj>Wieś</sln:miejscRodzaj><sln:powIIPId>adb95dd1-f39a-46c3-a2ee-c5dfb69b1d25</sln:powIIPId><sln:powIIPPn>PL.PZGIK.200</sln:powIIPPn><sln:powIIPWersja>2012-09-27T07:52:00+02:00</sln:powIIPWersja><sln:powIdTeryt>1214</sln:powIdTeryt><sln:powNazwa>proszowicki</sln:powNazwa><sln:waznyOd>2015-02-02T00:00:00+01:00</sln:waznyOd><sln:wojIIPId>dd2e3c64-f861-47cf-a3a3-e7751f272b2f</sln:wojIIPId><sln:wojIIPPn>PL.PZGIK.200</sln:wojIIPPn><sln:wojIIPWersja>2017-10-10T00:00:00+02:00</sln:wojIIPWersja><sln:wojIdTeryt>12</sln:wojIdTeryt><sln:wojNazwa>małopolskie</sln:wojNazwa></sln:miejscowosc><sln:miejscowosc><sln:cyklZyciaDo>2015-12-15T00:00:00+01:00</sln:cyklZyciaDo><sln:cyklZyciaOd>2015-08-06T00:00:00+02:00</sln:cyklZyciaOd><sln:gmIIPId>ea754923-cf8a-4e78-a6cb-af933d229d28</sln:gmIIPId><sln:gmIIPPn>PL.PZGIK.200</sln:gmIIPPn><sln:gmIIPWersja>2012-09-26T22:11:56+02:00</sln:gmIIPWersja><sln:gmIdTeryt>1214022</sln:gmIdTeryt><sln:gmNazwa>Koszyce</sln:gmNazwa><sln:miejscIIPId>de266820-eb46-4090-85d6-7ce543a494b5</sln:miejscIIPId><sln:miejscIIPPn>PL.PZGIK.200</sln:miejscIIPPn><sln:miejscIIPWersja>2016-11-24T09:51:04+02:00</sln:miejscIIPWersja><sln:miejscIdTeryt>0244720</sln:miejscIdTeryt><sln:miejscNazwa>Łapszów</sln:miejscNazwa><sln:miejscRodzaj>Wieś</sln:miejscRodzaj><sln:powIIPId>adb95dd1-f39a-46c3-a2ee-c5dfb69b1d25</sln:powIIPId><sln:powIIPPn>PL.PZGIK.200</sln:powIIPPn><sln:powIIPWersja>2012-09-27T07:52:00+02:00</sln:powIIPWersja><sln:powIdTeryt>1214</sln:powIdTeryt><sln:powNazwa>proszowicki</sln:powNazwa><sln:waznyOd>2015-02-02T00:00:00+01:00</sln:waznyOd><sln:wojIIPId>dd2e3c64-f861-47cf-a3a3-e7751f272b2f</sln:wojIIPId><sln:wojIIPPn>PL.PZGIK.200</sln:wojIIPPn><sln:wojIIPWersja>2017-10-10T00:00:00+02:00</sln:wojIIPWersja><sln:wojIdTeryt>12</sln:wojIdTeryt><sln:wojNazwa>małopolskie</sln:wojNazwa></sln:miejscowosc><sln:miejscowosc><sln:cyklZyciaDo>2015-12-15T00:00:00+01:00</sln:cyklZyciaDo><sln:cyklZyciaOd>2015-08-06T00:00:00+02:00</sln:cyklZyciaOd><sln:gmIIPId>ea754923-cf8a-4e78-a6cb-af933d229d28</sln:gmIIPId><sln:gmIIPPn>PL.PZGIK.200</sln:gmIIPPn><sln:gmIIPWersja>2012-09-26T22:11:56+02:00</sln:gmIIPWersja><sln:gmIdTeryt>1214022</sln:gmIdTeryt><sln:gmNazwa>Koszyce</sln:gmNazwa><sln:miejscIIPId>b81d20f1-63fd-43ec-87ef-eff825ed506e</sln:miejscIIPId><sln:miejscIIPPn>PL.PZGIK.200</sln:miejscIIPPn><sln:miejscIIPWersja>2016-11-24T09:51:06+02:00</sln:miejscIIPWersja><sln:miejscIdTeryt>0244759</sln:miejscIdTeryt><sln:miejscNazwa>Malkowice</sln:miejscNazwa><sln:miejscRodzaj>Wieś</sln:miejscRodzaj><sln:powIIPId>adb95dd1-f39a-46c3-a2ee-c5dfb69b1d25</sln:powIIPId><sln:powIIPPn>PL.PZGIK.200</sln:powIIPPn><sln:powIIPWersja>2012-09-27T07:52:00+02:00</sln:powIIPWersja><sln:powIdTeryt>1214</sln:powIdTeryt><sln:powNazwa>proszowicki</sln:powNazwa><sln:waznyOd>2015-02-02T00:00:00+01:00</sln:waznyOd><sln:wojIIPId>dd2e3c64-f861-47cf-a3a3-e7751f272b2f</sln:wojIIPId><sln:wojIIPPn>PL.PZGIK.200</sln:wojIIPPn><sln:wojIIPWersja>2017-10-10T00:00:00+02:00</sln:wojIIPWersja><sln:wojIdTeryt>12</sln:wojIdTeryt><sln:wojNazwa>małopolskie</sln:wojNazwa></sln:miejscowosc><sln:miejscowosc><sln:cyklZyciaDo>2015-12-15T00:00:00+01:00</sln:cyklZyciaDo><sln:cyklZyciaOd>2015-08-06T00:00:00+02:00</sln:cyklZyciaOd><sln:gmIIPId>ea754923-cf8a-4e78-a6cb-af933d229d28</sln:gmIIPId><sln:gmIIPPn>PL.PZGIK.200</sln:gmIIPPn><sln:gmIIPWersja>2012-09-26T22:11:56+02:00</sln:gmIIPWersja><sln:gmIdTeryt>1214022</sln:gmIdTeryt><sln:gmNazwa>Koszyce</sln:gmNazwa><sln:miejscIIPId>5143c48a-8503-403d-992e-640d1583eaeb</sln:miejscIIPId><sln:miejscIIPPn>PL.PZGIK.200</sln:miejscIIPPn><sln:miejscIIPWersja>2016-11-24T09:51:08+02:00</sln:miejscIIPWersja><sln:miejscIdTeryt>0244771</sln:miejscIdTeryt><sln:miejscNazwa>Modrzany</sln:miejscNazwa><sln:miejscRodzaj>Wieś</sln:miejscRodzaj><sln:powIIPId>adb95dd1-f39a-46c3-a2ee-c5dfb69b1d25</sln:powIIPId><sln:powIIPPn>PL.PZGIK.200</sln:powIIPPn><sln:powIIPWersja>2012-09-27T07:52:00+02:00</sln:powIIPWersja><sln:powIdTeryt>1214</sln:powIdTeryt><sln:powNazwa>proszowicki</sln:powNazwa><sln:waznyOd>2015-02-02T00:00:00+01:00</sln:waznyOd><sln:wojIIPId>dd2e3c64-f861-47cf-a3a3-e7751f272b2f</sln:wojIIPId><sln:wojIIPPn>PL.PZGIK.200</sln:wojIIPPn><sln:wojIIPWersja>2017-10-10T00:00:00+02:00</sln:wojIIPWersja><sln:wojIdTeryt>12</sln:wojIdTeryt><sln:wojNazwa>małopolskie</sln:wojNazwa></sln:miejscowosc><sln:miejscowosc><sln:cyklZyciaDo>2015-12-15T00:00:00+01:00</sln:cyklZyciaDo><sln:cyklZyciaOd>2015-08-06T00:00:00+02:00</sln:cyklZyciaOd><sln:gmIIPId>ea754923-cf8a-4e78-a6cb-af933d229d28</sln:gmIIPId><sln:gmIIPPn>PL.PZGIK.200</sln:gmIIPPn><sln:gmIIPWersja>2012-09-26T22:11:56+02:00</sln:gmIIPWersja><sln:gmIdTeryt>1214022</sln:gmIdTeryt><sln:gmNazwa>Koszyce</sln:gmNazwa><sln:miejscIIPId>1ddfdfef-3126-4ec3-a816-e2a03165286d</sln:miejscIIPId><sln:miejscIIPPn>PL.PZGIK.200</sln:miejscIIPPn><sln:miejscIIPWersja>2016-11-24T09:51:10+02:00</sln:miejscIIPWersja><sln:miejscIdTeryt>0244788</sln:miejscIdTeryt><sln:miejscNazwa>Morsko</sln:miejscNazwa><sln:miejscRodzaj>Wieś</sln:miejscRodzaj><sln:powIIPId>adb95dd1-f39a-46c3-a2ee-c5dfb69b1d25</sln:powIIPId><sln:powIIPPn>PL.PZGIK.200</sln:powIIPPn><sln:powIIPWersja>2012-09-27T07:52:00+02:00</sln:powIIPWersja><sln:powIdTeryt>1214</sln:powIdTeryt><sln:powNazwa>proszowicki</sln:powNazwa><sln:waznyOd>2015-02-02T00:00:00+01:00</sln:waznyOd><sln:wojIIPId>dd2e3c64-f861-47cf-a3a3-e7751f272b2f</sln:wojIIPId><sln:wojIIPPn>PL.PZGIK.200</sln:wojIIPPn><sln:wojIIPWersja>2017-10-10T00:00:00+02:00</sln:wojIIPWersja><sln:wojIdTeryt>12</sln:wojIdTeryt><sln:wojNazwa>małopolskie</sln:wojNazwa></sln:miejscowosc><sln:miejscowosc><sln:cyklZyciaDo>2015-12-15T00:00:00+01:00</sln:cyklZyciaDo><sln:cyklZyciaOd>2015-08-06T00:00:00+02:00</sln:cyklZyciaOd><sln:gmIIPId>ea754923-cf8a-4e78-a6cb-af933d229d28</sln:gmIIPId><sln:gmIIPPn>PL.PZGIK.200</sln:gmIIPPn><sln:gmIIPWersja>2012-09-26T22:11:56+02:00</sln:gmIIPWersja><sln:gmIdTeryt>1214022</sln:gmIdTeryt><sln:gmNazwa>Koszyce</sln:gmNazwa><sln:miejscIIPId>109d2167-afb4-4975-b736-4465b36496ff</sln:miejscIIPId><sln:miejscIIPPn>PL.PZGIK.200</sln:miejscIIPPn><sln:miejscIIPWersja>2016-11-24T09:51:12+02:00</sln:miejscIIPWersja><sln:miejscIdTeryt>0244819</sln:miejscIdTeryt><sln:miejscNazwa>Piotrowice</sln:miejscNazwa><sln:miejscRodzaj>Wieś</sln:miejscRodzaj><sln:powIIPId>adb95dd1-f39a-46c3-a2ee-c5dfb69b1d25</sln:powIIPId><sln:powIIPPn>PL.PZGIK.200</sln:powIIPPn><sln:powIIPWersja>2012-09-27T07:52:00+02:00</sln:powIIPWersja><sln:powIdTeryt>1214</sln:powIdTeryt><sln:powNazwa>proszowicki</sln:powNazwa><sln:waznyOd>2015-02-02T00:00:00+01:00</sln:waznyOd><sln:wojIIPId>dd2e3c64-f861-47cf-a3a3-e7751f272b2f</sln:wojIIPId><sln:wojIIPPn>PL.PZGIK.200</sln:wojIIPPn><sln:wojIIPWersja>2017-10-10T00:00:00+02:00</sln:wojIIPWersja><sln:wojIdTeryt>12</sln:wojIdTeryt><sln:wojNazwa>małopolskie</sln:wojNazwa></sln:miejscowosc><sln:miejscowosc><sln:cyklZyciaDo>2015-12-15T00:00:00+01:00</sln:cyklZyciaDo><sln:cyklZyciaOd>2015-08-06T00:00:00+02:00</sln:cyklZyciaOd><sln:gmIIPId>ea754923-cf8a-4e78-a6cb-af933d229d28</sln:gmIIPId><sln:gmIIPPn>PL.PZGIK.200</sln:gmIIPPn><sln:gmIIPWersja>2012-09-26T22:11:56+02:00</sln:gmIIPWersja><sln:gmIdTeryt>1214022</sln:gmIdTeryt><sln:gmNazwa>Koszyce</sln:gmNazwa><sln:miejscIIPId>98a4bb7b-07a0-4868-8247-7ccaf782ca60</sln:miejscIIPId><sln:miejscIIPPn>PL.PZGIK.200</sln:miejscIIPPn><sln:miejscIIPWersja>2016-11-24T09:51:14+02:00</sln:miejscIIPWersja><sln:miejscIdTeryt>0244848</sln:miejscIdTeryt><sln:miejscNazwa>Przemyków</sln:miejscNazwa><sln:miejscRodzaj>Wieś</sln:miejscRodzaj><sln:powIIPId>adb95dd1-f39a-46c3-a2ee-c5dfb69b1d25</sln:powIIPId><sln:powIIPPn>PL.PZGIK.200</sln:powIIPPn><sln:powIIPWersja>2012-09-27T07:52:00+02:00</sln:powIIPWersja><sln:powIdTeryt>1214</sln:powIdTeryt><sln:powNazwa>proszowicki</sln:powNazwa><sln:waznyOd>2015-02-02T00:00:00+01:00</sln:waznyOd><sln:wojIIPId>dd2e3c64-f861-47cf-a3a3-e7751f272b2f</sln:wojIIPId><sln:wojIIPPn>PL.PZGIK.200</sln:wojIIPPn><sln:wojIIPWersja>2017-10-10T00:00:00+02:00</sln:wojIIPWersja><sln:wojIdTeryt>12</sln:wojIdTeryt><sln:wojNazwa>małopolskie</sln:wojNazwa></sln:miejscowosc><sln:miejscowosc><sln:cyklZyciaDo>2015-12-15T00:00:00+01:00</sln:cyklZyciaDo><sln:cyklZyciaOd>2015-08-06T00:00:00+02:00</sln:cyklZyciaOd><sln:gmIIPId>ea754923-cf8a-4e78-a6cb-af933d229d28</sln:gmIIPId><sln:gmIIPPn>PL.PZGIK.200</sln:gmIIPPn><sln:gmIIPWersja>2012-09-26T22:11:56+02:00</sln:gmIIPWersja><sln:gmIdTeryt>1214022</sln:gmIdTeryt><sln:gmNazwa>Koszyce</sln:gmNazwa><sln:miejscIIPId>eda2dd4c-cca0-4b8c-bba6-32afac894e21</sln:miejscIIPId><sln:miejscIIPPn>PL.PZGIK.200</sln:miejscIIPPn><sln:miejscIIPWersja>2016-11-24T09:51:16+02:00</sln:miejscIIPWersja><sln:miejscIdTeryt>0244883</sln:miejscIdTeryt><sln:miejscNazwa>Rachwałowice</sln:miejscNazwa><sln:miejscRodzaj>Wieś</sln:miejscRodzaj><sln:powIIPId>adb95dd1-f39a-46c3-a2ee-c5dfb69b1d25</sln:powIIPId><sln:powIIPPn>PL.PZGIK.200</sln:powIIPPn><sln:powIIPWersja>2012-09-27T07:52:00+02:00</sln:powIIPWersja><sln:powIdTeryt>1214</sln:powIdTeryt><sln:powNazwa>proszowicki</sln:powNazwa><sln:waznyOd>2015-02-02T00:00:00+01:00</sln:waznyOd><sln:wojIIPId>dd2e3c64-f861-47cf-a3a3-e7751f272b2f</sln:wojIIPId><sln:wojIIPPn>PL.PZGIK.200</sln:wojIIPPn><sln:wojIIPWersja>2017-10-10T00:00:00+02:00</sln:wojIIPWersja><sln:wojIdTeryt>12</sln:wojIdTeryt><sln:wojNazwa>małopolskie</sln:wojNazwa></sln:miejscowosc><sln:miejscowosc><sln:cyklZyciaDo>2015-12-15T00:00:00+01:00</sln:cyklZyciaDo><sln:cyklZyciaOd>2015-08-06T00:00:00+02:00</sln:cyklZyciaOd><sln:gmIIPId>ea754923-cf8a-4e78-a6cb-af933d229d28</sln:gmIIPId><sln:gmIIPPn>PL.PZGIK.200</sln:gmIIPPn><sln:gmIIPWersja>2012-09-26T22:11:56+02:00</sln:gmIIPWersja><sln:gmIdTeryt>1214022</sln:gmIdTeryt><sln:gmNazwa>Koszyce</sln:gmNazwa><sln:miejscIIPId>157b7e8c-fb56-4a5c-aefe-93904a13a57f</sln:miejscIIPId><sln:miejscIIPPn>PL.PZGIK.200</sln:miejscIIPPn><sln:miejscIIPWersja>2016-11-24T09:51:18+02:00</sln:miejscIIPWersja><sln:miejscIdTeryt>0244920</sln:miejscIdTeryt><sln:miejscNazwa>Siedliska</sln:miejscNazwa><sln:miejscRodzaj>Wieś</sln:miejscRodzaj><sln:powIIPId>adb95dd1-f39a-46c3-a2ee-c5dfb69b1d25</sln:powIIPId><sln:powIIPPn>PL.PZGIK.200</sln:powIIPPn><sln:powIIPWersja>2012-09-27T07:52:00+02:00</sln:powIIPWersja><sln:powIdTeryt>1214</sln:powIdTeryt><sln:powNazwa>proszowicki</sln:powNazwa><sln:waznyOd>2015-02-02T00:00:00+01:00</sln:waznyOd><sln:wojIIPId>dd2e3c64-f861-47cf-a3a3-e7751f272b2f</sln:wojIIPId><sln:wojIIPPn>PL.PZGIK.200</sln:wojIIPPn><sln:wojIIPWersja>2017-10-10T00:00:00+02:00</sln:wojIIPWersja><sln:wojIdTeryt>12</sln:wojIdTeryt><sln:wojNazwa>małopolskie</sln:wojNazwa></sln:miejscowosc><sln:miejscowosc><sln:cyklZyciaDo>2015-12-15T00:00:00+01:00</sln:cyklZyciaDo><sln:cyklZyciaOd>2015-08-06T00:00:00+02:00</sln:cyklZyciaOd><sln:gmIIPId>ea754923-cf8a-4e78-a6cb-af933d229d28</sln:gmIIPId><sln:gmIIPPn>PL.PZGIK.200</sln:gmIIPPn><sln:gmIIPWersja>2012-09-26T22:11:56+02:00</sln:gmIIPWersja><sln:gmIdTeryt>1214022</sln:gmIdTeryt><sln:gmNazwa>Koszyce</sln:gmNazwa><sln:miejscIIPId>7c55de38-44b6-409d-aeb4-cf18eedca347</sln:miejscIIPId><sln:miejscIIPPn>PL.PZGIK.200</sln:miejscIIPPn><sln:miejscIIPWersja>2016-11-24T09:51:20+02:00</sln:miejscIIPWersja><sln:miejscIdTeryt>0244966</sln:miejscIdTeryt><sln:miejscNazwa>Sokołowice</sln:miejscNazwa><sln:miejscRodzaj>Wieś</sln:miejscRodzaj><sln:powIIPId>adb95dd1-f39a-46c3-a2ee-c5dfb69b1d25</sln:powIIPId><sln:powIIPPn>PL.PZGIK.200</sln:powIIPPn><sln:powIIPWersja>2012-09-27T07:52:00+02:00</sln:powIIPWersja><sln:powIdTeryt>1214</sln:powIdTeryt><sln:powNazwa>proszowicki</sln:powNazwa><sln:waznyOd>2015-02-02T00:00:00+01:00</sln:waznyOd><sln:wojIIPId>dd2e3c64-f861-47cf-a3a3-e7751f272b2f</sln:wojIIPId><sln:wojIIPPn>PL.PZGIK.200</sln:wojIIPPn><sln:wojIIPWersja>2017-10-10T00:00:00+02:00</sln:wojIIPWersja><sln:wojIdTeryt>12</sln:wojIdTeryt><sln:wojNazwa>małopolskie</sln:wojNazwa></sln:miejscowosc><sln:miejscowosc><sln:cyklZyciaDo>2015-12-15T00:00:00+01:00</sln:cyklZyciaDo><sln:cyklZyciaOd>2015-08-06T00:00:00+02:00</sln:cyklZyciaOd><sln:gmIIPId>ea754923-cf8a-4e78-a6cb-af933d229d28</sln:gmIIPId><sln:gmIIPPn>PL.PZGIK.200</sln:gmIIPPn><sln:gmIIPWersja>2012-09-26T22:11:56+02:00</sln:gmIIPWersja><sln:gmIdTeryt>1214022</sln:gmIdTeryt><sln:gmNazwa>Koszyce</sln:gmNazwa><sln:miejscIIPId>d3aef038-ba80-429b-ac11-e300527bd17c</sln:miejscIIPId><sln:miejscIIPPn>PL.PZGIK.200</sln:miejscIIPPn><sln:miejscIIPWersja>2016-11-24T09:51:22+02:00</sln:miejscIIPWersja><sln:miejscIdTeryt>0245003</sln:miejscIdTeryt><sln:miejscNazwa>Witów</sln:miejscNazwa><sln:miejscRodzaj>Wieś</sln:miejscRodzaj><sln:powIIPId>adb95dd1-f39a-46c3-a2ee-c5dfb69b1d25</sln:powIIPId><sln:powIIPPn>PL.PZGIK.200</sln:powIIPPn><sln:powIIPWersja>2012-09-27T07:52:00+02:00</sln:powIIPWersja><sln:powIdTeryt>1214</sln:powIdTeryt><sln:powNazwa>proszowicki</sln:powNazwa><sln:waznyOd>2015-02-02T00:00:00+01:00</sln:waznyOd><sln:wojIIPId>dd2e3c64-f861-47cf-a3a3-e7751f272b2f</sln:wojIIPId><sln:wojIIPPn>PL.PZGIK.200</sln:wojIIPPn><sln:wojIIPWersja>2017-10-10T00:00:00+02:00</sln:wojIIPWersja><sln:wojIdTeryt>12</sln:wojIdTeryt><sln:wojNazwa>małopolskie</sln:wojNazwa></sln:miejscowosc><sln:miejscowosc><sln:cyklZyciaDo>2015-12-15T00:00:00+01:00</sln:cyklZyciaDo><sln:cyklZyciaOd>2015-08-06T00:00:00+02:00</sln:cyklZyciaOd><sln:gmIIPId>ea754923-cf8a-4e78-a6cb-af933d229d28</sln:gmIIPId><sln:gmIIPPn>PL.PZGIK.200</sln:gmIIPPn><sln:gmIIPWersja>2012-09-26T22:11:56+02:00</sln:gmIIPWersja><sln:gmIdTeryt>1214022</sln:gmIdTeryt><sln:gmNazwa>Koszyce</sln:gmNazwa><sln:miejscIIPId>e021d8b6-edbc-410d-8878-31d13919eada</sln:miejscIIPId><sln:miejscIIPPn>PL.PZGIK.200</sln:miejscIIPPn><sln:miejscIIPWersja>2016-11-24T09:51:24+02:00</sln:miejscIIPWersja><sln:miejscIdTeryt>0245049</sln:miejscIdTeryt><sln:miejscNazwa>Włostowice</sln:miejscNazwa><sln:miejscRodzaj>Wieś</sln:miejscRodzaj><sln:powIIPId>adb95dd1-f39a-46c3-a2ee-c5dfb69b1d25</sln:powIIPId><sln:powIIPPn>PL.PZGIK.200</sln:powIIPPn><sln:powIIPWersja>2012-09-27T07:52:00+02:00</sln:powIIPWersja><sln:powIdTeryt>1214</sln:powIdTeryt><sln:powNazwa>proszowicki</sln:powNazwa><sln:waznyOd>2015-02-02T00:00:00+01:00</sln:waznyOd><sln:wojIIPId>dd2e3c64-f861-47cf-a3a3-e7751f272b2f</sln:wojIIPId><sln:wojIIPPn>PL.PZGIK.200</sln:wojIIPPn><sln:wojIIPWersja>2017-10-10T00:00:00+02:00</sln:wojIIPWersja><sln:wojIdTeryt>12</sln:wojIdTeryt><sln:wojNazwa>małopolskie</sln:wojNazwa></sln:miejscowosc><sln:miejscowosc><sln:cyklZyciaDo>2015-12-15T00:00:00+01:00</sln:cyklZyciaDo><sln:cyklZyciaOd>2015-08-06T00:00:00+02:00</sln:cyklZyciaOd><sln:gmIIPId>ea754923-cf8a-4e78-a6cb-af933d229d28</sln:gmIIPId><sln:gmIIPPn>PL.PZGIK.200</sln:gmIIPPn><sln:gmIIPWersja>2012-09-26T22:11:56+02:00</sln:gmIIPWersja><sln:gmIdTeryt>1214022</sln:gmIdTeryt><sln:gmNazwa>Koszyce</sln:gmNazwa><sln:miejscIIPId>fa054543-0388-4013-ba2a-00e6e00dde1d</sln:miejscIIPId><sln:miejscIIPPn>PL.PZGIK.200</sln:miejscIIPPn><sln:miejscIIPWersja>2016-11-24T09:51:26+02:00</sln:miejscIIPWersja><sln:miejscIdTeryt>0245078</sln:miejscIdTeryt><sln:miejscNazwa>Zagaje Książnickie</sln:miejscNazwa><sln:miejscRodzaj>Wieś</sln:miejscRodzaj><sln:powIIPId>adb95dd1-f39a-46c3-a2ee-c5dfb69b1d25</sln:powIIPId><sln:powIIPPn>PL.PZGIK.200</sln:powIIPPn><sln:powIIPWersja>2012-09-27T07:52:00+02:00</sln:powIIPWersja><sln:powIdTeryt>1214</sln:powIdTeryt><sln:powNazwa>proszowicki</sln:powNazwa><sln:waznyOd>2015-02-10T00:00:00+01:00</sln:waznyOd><sln:wojIIPId>dd2e3c64-f861-47cf-a3a3-e7751f272b2f</sln:wojIIPId><sln:wojIIPPn>PL.PZGIK.200</sln:wojIIPPn><sln:wojIIPWersja>2017-10-10T00:00:00+02:00</sln:wojIIPWersja><sln:wojIdTeryt>12</sln:wojIdTeryt><sln:wojNazwa>małopolskie</sln:wojNazwa></sln:miejscowosc><sln:miejscowosc><sln:cyklZyciaDo>2016-04-05T00:00:00+02:00</sln:cyklZyciaDo><sln:cyklZyciaOd>2015-12-15T00:00:00+01:00</sln:cyklZyciaOd><sln:gmIIPId>ea754923-cf8a-4e78-a6cb-af933d229d28</sln:gmIIPId><sln:gmIIPPn>PL.PZGIK.200</sln:gmIIPPn><sln:gmIIPWersja>2012-09-26T22:11:56+02:00</sln:gmIIPWersja><sln:gmIdTeryt>1214022</sln:gmIdTeryt><sln:gmNazwa>Koszyce</sln:gmNazwa><sln:miejscIIPId>4bd78dcf-47cc-465c-8885-29bb51e1ddd6</sln:miejscIIPId><sln:miejscIIPPn>PL.PZGIK.200</sln:miejscIIPPn><sln:miejscIIPWersja>2016-11-24T09:50:50+02:00</sln:miejscIIPWersja><sln:miejscIdTeryt>0244452</sln:miejscIdTeryt><sln:miejscNazwa>Biskupice</sln:miejscNazwa><sln:miejscRodzaj>Wieś</sln:miejscRodzaj><sln:powIIPId>adb95dd1-f39a-46c3-a2ee-c5dfb69b1d25</sln:powIIPId><sln:powIIPPn>PL.PZGIK.200</sln:powIIPPn><sln:powIIPWersja>2012-09-27T07:52:00+02:00</sln:powIIPWersja><sln:powIdTeryt>1214</sln:powIdTeryt><sln:powNazwa>proszowicki</sln:powNazwa><sln:waznyOd>2015-02-02T00:00:00+01:00</sln:waznyOd><sln:wojIIPId>dd2e3c64-f861-47cf-a3a3-e7751f272b2f</sln:wojIIPId><sln:wojIIPPn>PL.PZGIK.200</sln:wojIIPPn><sln:wojIIPWersja>2017-10-10T00:00:00+02:00</sln:wojIIPWersja><sln:wojIdTeryt>12</sln:wojIdTeryt><sln:wojNazwa>małopolskie</sln:wojNazwa></sln:miejscowosc><sln:miejscowosc><sln:cyklZyciaDo>2016-04-05T00:00:00+02:00</sln:cyklZyciaDo><sln:cyklZyciaOd>2015-12-15T00:00:00+01:00</sln:cyklZyciaOd><sln:gmIIPId>ea754923-cf8a-4e78-a6cb-af933d229d28</sln:gmIIPId><sln:gmIIPPn>PL.PZGIK.200</sln:gmIIPPn><sln:gmIIPWersja>2012-09-26T22:11:56+02:00</sln:gmIIPWersja><sln:gmIdTeryt>1214022</sln:gmIdTeryt><sln:gmNazwa>Koszyce</sln:gmNazwa><sln:miejscIIPId>28f5a51f-eed8-43f9-858d-719da35a7a1b</sln:miejscIIPId><sln:miejscIIPPn>PL.PZGIK.200</sln:miejscIIPPn><sln:miejscIIPWersja>2016-11-24T09:50:52+02:00</sln:miejscIIPWersja><sln:miejscIdTeryt>0244481</sln:miejscIdTeryt><sln:miejscNazwa>Dolany</sln:miejscNazwa><sln:miejscRodzaj>Wieś</sln:miejscRodzaj><sln:powIIPId>adb95dd1-f39a-46c3-a2ee-c5dfb69b1d25</sln:powIIPId><sln:powIIPPn>PL.PZGIK.200</sln:powIIPPn><sln:powIIPWersja>2012-09-27T07:52:00+02:00</sln:powIIPWersja><sln:powIdTeryt>1214</sln:powIdTeryt><sln:powNazwa>proszowicki</sln:powNazwa><sln:waznyOd>2015-02-02T00:00:00+01:00</sln:waznyOd><sln:wojIIPId>dd2e3c64-f861-47cf-a3a3-e7751f272b2f</sln:wojIIPId><sln:wojIIPPn>PL.PZGIK.200</sln:wojIIPPn><sln:wojIIPWersja>2017-10-10T00:00:00+02:00</sln:wojIIPWersja><sln:wojIdTeryt>12</sln:wojIdTeryt><sln:wojNazwa>małopolskie</sln:wojNazwa></sln:miejscowosc><sln:miejscowosc><sln:cyklZyciaDo>2016-04-05T00:00:00+02:00</sln:cyklZyciaDo><sln:cyklZyciaOd>2015-12-15T00:00:00+01:00</sln:cyklZyciaOd><sln:gmIIPId>ea754923-cf8a-4e78-a6cb-af933d229d28</sln:gmIIPId><sln:gmIIPPn>PL.PZGIK.200</sln:gmIIPPn><sln:gmIIPWersja>2012-09-26T22:11:56+02:00</sln:gmIIPWersja><sln:gmIdTeryt>1214022</sln:gmIdTeryt><sln:gmNazwa>Koszyce</sln:gmNazwa><sln:miejscIIPId>6ac69d75-8d3e-478e-8f6e-72c83534e603</sln:miejscIIPId><sln:miejscIIPPn>PL.PZGIK.200</sln:miejscIIPPn><sln:miejscIIPWersja>2016-11-24T09:50:54+02:00</sln:miejscIIPWersja><sln:miejscIdTeryt>0244512</sln:miejscIdTeryt><sln:miejscNazwa>Filipowice</sln:miejscNazwa><sln:miejscRodzaj>Wieś</sln:miejscRodzaj><sln:powIIPId>adb95dd1-f39a-46c3-a2ee-c5dfb69b1d25</sln:powIIPId><sln:powIIPPn>PL.PZGIK.200</sln:powIIPPn><sln:powIIPWersja>2012-09-27T07:52:00+02:00</sln:powIIPWersja><sln:powIdTeryt>1214</sln:powIdTeryt><sln:powNazwa>proszowicki</sln:powNazwa><sln:waznyOd>2015-02-02T00:00:00+01:00</sln:waznyOd><sln:wojIIPId>dd2e3c64-f861-47cf-a3a3-e7751f272b2f</sln:wojIIPId><sln:wojIIPPn>PL.PZGIK.200</sln:wojIIPPn><sln:wojIIPWersja>2017-10-10T00:00:00+02:00</sln:wojIIPWersja><sln:wojIdTeryt>12</sln:wojIdTeryt><sln:wojNazwa>małopolskie</sln:wojNazwa></sln:miejscowosc><sln:miejscowosc><sln:cyklZyciaDo>2016-04-05T00:00:00+02:00</sln:cyklZyciaDo><sln:cyklZyciaOd>2015-12-15T00:00:00+01:00</sln:cyklZyciaOd><sln:gmIIPId>ea754923-cf8a-4e78-a6cb-af933d229d28</sln:gmIIPId><sln:gmIIPPn>PL.PZGIK.200</sln:gmIIPPn><sln:gmIIPWersja>2012-09-26T22:11:56+02:00</sln:gmIIPWersja><sln:gmIdTeryt>1214022</sln:gmIdTeryt><sln:gmNazwa>Koszyce</sln:gmNazwa><sln:miejscIIPId>29cfa650-8b1d-4f1a-98f1-2135f3365936</sln:miejscIIPId><sln:miejscIIPPn>PL.PZGIK.200</sln:miejscIIPPn><sln:miejscIIPWersja>2016-11-24T09:50:57+02:00</sln:miejscIIPWersja><sln:miejscIdTeryt>0244541</sln:miejscIdTeryt><sln:miejscNazwa>Jaksice</sln:miejscNazwa><sln:miejscRodzaj>Wieś</sln:miejscRodzaj><sln:powIIPId>adb95dd1-f39a-46c3-a2ee-c5dfb69b1d25</sln:powIIPId><sln:powIIPPn>PL.PZGIK.200</sln:powIIPPn><sln:powIIPWersja>2012-09-27T07:52:00+02:00</sln:powIIPWersja><sln:powIdTeryt>1214</sln:powIdTeryt><sln:powNazwa>proszowicki</sln:powNazwa><sln:waznyOd>2015-02-02T00:00:00+01:00</sln:waznyOd><sln:wojIIPId>dd2e3c64-f861-47cf-a3a3-e7751f272b2f</sln:wojIIPId><sln:wojIIPPn>PL.PZGIK.200</sln:wojIIPPn><sln:wojIIPWersja>2017-10-10T00:00:00+02:00</sln:wojIIPWersja><sln:wojIdTeryt>12</sln:wojIdTeryt><sln:wojNazwa>małopolskie</sln:wojNazwa></sln:miejscowosc><sln:miejscowosc><sln:cyklZyciaDo>2016-04-05T00:00:00+02:00</sln:cyklZyciaDo><sln:cyklZyciaOd>2015-12-15T00:00:00+01:00</sln:cyklZyciaOd><sln:gmIIPId>ea754923-cf8a-4e78-a6cb-af933d229d28</sln:gmIIPId><sln:gmIIPPn>PL.PZGIK.200</sln:gmIIPPn><sln:gmIIPWersja>2012-09-26T22:11:56+02:00</sln:gmIIPWersja><sln:gmIdTeryt>1214022</sln:gmIdTeryt><sln:gmNazwa>Koszyce</sln:gmNazwa><sln:miejscIIPId>91490569-ae15-4887-8da8-14721c687760</sln:miejscIIPId><sln:miejscIIPPn>PL.PZGIK.200</sln:miejscIIPPn><sln:miejscIIPWersja>2016-11-24T09:47:42+02:00</sln:miejscIIPWersja><sln:miejscIdTeryt>0226968</sln:miejscIdTeryt><sln:miejscNazwa>Jankowice</sln:miejscNazwa><sln:miejscRodzaj>Wieś</sln:miejscRodzaj><sln:powIIPId>adb95dd1-f39a-46c3-a2ee-c5dfb69b1d25</sln:powIIPId><sln:powIIPPn>PL.PZGIK.200</sln:powIIPPn><sln:powIIPWersja>2012-09-27T07:52:00+02:00</sln:powIIPWersja><sln:powIdTeryt>1214</sln:powIdTeryt><sln:powNazwa>proszowicki</sln:powNazwa><sln:waznyOd>2015-02-02T00:00:00+01:00</sln:waznyOd><sln:wojIIPId>dd2e3c64-f861-47cf-a3a3-e7751f272b2f</sln:wojIIPId><sln:wojIIPPn>PL.PZGIK.200</sln:wojIIPPn><sln:wojIIPWersja>2017-10-10T00:00:00+02:00</sln:wojIIPWersja><sln:wojIdTeryt>12</sln:wojIdTeryt><sln:wojNazwa>małopolskie</sln:wojNazwa></sln:miejscowosc><sln:miejscowosc><sln:cyklZyciaDo>2016-04-05T00:00:00+02:00</sln:cyklZyciaDo><sln:cyklZyciaOd>2015-12-15T00:00:00+01:00</sln:cyklZyciaOd><sln:gmIIPId>ea754923-cf8a-4e78-a6cb-af933d229d28</sln:gmIIPId><sln:gmIIPPn>PL.PZGIK.200</sln:gmIIPPn><sln:gmIIPWersja>2012-09-26T22:11:56+02:00</sln:gmIIPWersja><sln:gmIdTeryt>1214022</sln:gmIdTeryt><sln:gmNazwa>Koszyce</sln:gmNazwa><sln:miejscIIPId>7802a244-a312-4604-ab51-3afb71014cc6</sln:miejscIIPId><sln:miejscIIPPn>PL.PZGIK.200</sln:miejscIIPPn><sln:miejscIIPWersja>2016-11-24T09:50:59+02:00</sln:miejscIIPWersja><sln:miejscIdTeryt>0244630</sln:miejscIdTeryt><sln:miejscNazwa>Koszyce</sln:miejscNazwa><sln:miejscRodzaj>Wieś</sln:miejscRodzaj><sln:powIIPId>adb95dd1-f39a-46c3-a2ee-c5dfb69b1d25</sln:powIIPId><sln:powIIPPn>PL.PZGIK.200</sln:powIIPPn><sln:powIIPWersja>2012-09-27T07:52:00+02:00</sln:powIIPWersja><sln:powIdTeryt>1214</sln:powIdTeryt><sln:powNazwa>proszowicki</sln:powNazwa><sln:waznyOd>2015-02-02T00:00:00+01:00</sln:waznyOd><sln:wojIIPId>dd2e3c64-f861-47cf-a3a3-e7751f272b2f</sln:wojIIPId><sln:wojIIPPn>PL.PZGIK.200</sln:wojIIPPn><sln:wojIIPWersja>2017-10-10T00:00:00+02:00</sln:wojIIPWersja><sln:wojIdTeryt>12</sln:wojIdTeryt><sln:wojNazwa>małopolskie</sln:wojNazwa></sln:miejscowosc><sln:miejscowosc><sln:cyklZyciaDo>2016-04-05T00:00:00+02:00</sln:cyklZyciaDo><sln:cyklZyciaOd>2015-12-15T00:00:00+01:00</sln:cyklZyciaOd><sln:gmIIPId>ea754923-cf8a-4e78-a6cb-af933d229d28</sln:gmIIPId><sln:gmIIPPn>PL.PZGIK.200</sln:gmIIPPn><sln:gmIIPWersja>2012-09-26T22:11:56+02:00</sln:gmIIPWersja><sln:gmIdTeryt>1214022</sln:gmIdTeryt><sln:gmNazwa>Koszyce</sln:gmNazwa><sln:miejscIIPId>fa054543-0388-4013-ba2a-00e6e00dde1d</sln:miejscIIPId><sln:miejscIIPPn>PL.PZGIK.200</sln:miejscIIPPn><sln:miejscIIPWersja>2016-11-24T09:51:27+02:00</sln:miejscIIPWersja><sln:miejscIdTeryt>0245078</sln:miejscIdTeryt><sln:miejscNazwa>Zagaje Książnickie</sln:miejscNazwa><sln:miejscRodzaj>Wieś</sln:miejscRodzaj><sln:powIIPId>adb95dd1-f39a-46c3-a2ee-c5dfb69b1d25</sln:powIIPId><sln:powIIPPn>PL.PZGIK.200</sln:powIIPPn><sln:powIIPWersja>2012-09-27T07:52:00+02:00</sln:powIIPWersja><sln:powIdTeryt>1214</sln:powIdTeryt><sln:powNazwa>proszowicki</sln:powNazwa><sln:waznyOd>2015-02-10T00:00:00+01:00</sln:waznyOd><sln:wojIIPId>dd2e3c64-f861-47cf-a3a3-e7751f272b2f</sln:wojIIPId><sln:wojIIPPn>PL.PZGIK.200</sln:wojIIPPn><sln:wojIIPWersja>2017-10-10T00:00:00+02:00</sln:wojIIPWersja><sln:wojIdTeryt>12</sln:wojIdTeryt><sln:wojNazwa>małopolskie</sln:wojNazwa></sln:miejscowosc><sln:miejscowosc><sln:cyklZyciaDo>2016-04-05T00:00:00+02:00</sln:cyklZyciaDo><sln:cyklZyciaOd>2015-12-15T00:00:00+01:00</sln:cyklZyciaOd><sln:gmIIPId>ea754923-cf8a-4e78-a6cb-af933d229d28</sln:gmIIPId><sln:gmIIPPn>PL.PZGIK.200</sln:gmIIPPn><sln:gmIIPWersja>2012-09-26T22:11:56+02:00</sln:gmIIPWersja><sln:gmIdTeryt>1214022</sln:gmIdTeryt><sln:gmNazwa>Koszyce</sln:gmNazwa><sln:miejscIIPId>90996499-5ab9-4f2f-a050-b49a7c9279d2</sln:miejscIIPId><sln:miejscIIPPn>PL.PZGIK.200</sln:miejscIIPPn><sln:miejscIIPWersja>2016-11-24T09:51:01+02:00</sln:miejscIIPWersja><sln:miejscIdTeryt>0244647</sln:miejscIdTeryt><sln:miejscNazwa>Książnice Małe</sln:miejscNazwa><sln:miejscRodzaj>Wieś</sln:miejscRodzaj><sln:powIIPId>adb95dd1-f39a-46c3-a2ee-c5dfb69b1d25</sln:powIIPId><sln:powIIPPn>PL.PZGIK.200</sln:powIIPPn><sln:powIIPWersja>2012-09-27T07:52:00+02:00</sln:powIIPWersja><sln:powIdTeryt>1214</sln:powIdTeryt><sln:powNazwa>proszowicki</sln:powNazwa><sln:waznyOd>2015-02-02T00:00:00+01:00</sln:waznyOd><sln:wojIIPId>dd2e3c64-f861-47cf-a3a3-e7751f272b2f</sln:wojIIPId><sln:wojIIPPn>PL.PZGIK.200</sln:wojIIPPn><sln:wojIIPWersja>2017-10-10T00:00:00+02:00</sln:wojIIPWersja><sln:wojIdTeryt>12</sln:wojIdTeryt><sln:wojNazwa>małopolskie</sln:wojNazwa></sln:miejscowosc><sln:miejscowosc><sln:cyklZyciaDo>2016-04-05T00:00:00+02:00</sln:cyklZyciaDo><sln:cyklZyciaOd>2015-12-15T00:00:00+01:00</sln:cyklZyciaOd><sln:gmIIPId>ea754923-cf8a-4e78-a6cb-af933d229d28</sln:gmIIPId><sln:gmIIPPn>PL.PZGIK.200</sln:gmIIPPn><sln:gmIIPWersja>2012-09-26T22:11:56+02:00</sln:gmIIPWersja><sln:gmIdTeryt>1214022</sln:gmIdTeryt><sln:gmNazwa>Koszyce</sln:gmNazwa><sln:miejscIIPId>c6eeee6f-7146-470a-88f7-897766532dcb</sln:miejscIIPId><sln:miejscIIPPn>PL.PZGIK.200</sln:miejscIIPPn><sln:miejscIIPWersja>2016-11-24T09:51:03+02:00</sln:miejscIIPWersja><sln:miejscIdTeryt>0244660</sln:miejscIdTeryt><sln:miejscNazwa>Książnice Wielkie</sln:miejscNazwa><sln:miejscRodzaj>Wieś</sln:miejscRodzaj><sln:powIIPId>adb95dd1-f39a-46c3-a2ee-c5dfb69b1d25</sln:powIIPId><sln:powIIPPn>PL.PZGIK.200</sln:powIIPPn><sln:powIIPWersja>2012-09-27T07:52:00+02:00</sln:powIIPWersja><sln:powIdTeryt>1214</sln:powIdTeryt><sln:powNazwa>proszowicki</sln:powNazwa><sln:waznyOd>2015-02-02T00:00:00+01:00</sln:waznyOd><sln:wojIIPId>dd2e3c64-f861-47cf-a3a3-e7751f272b2f</sln:wojIIPId><sln:wojIIPPn>PL.PZGIK.200</sln:wojIIPPn><sln:wojIIPWersja>2017-10-10T00:00:00+02:00</sln:wojIIPWersja><sln:wojIdTeryt>12</sln:wojIdTeryt><sln:wojNazwa>małopolskie</sln:wojNazwa></sln:miejscowosc><sln:miejscowosc><sln:cyklZyciaDo>2016-04-05T00:00:00+02:00</sln:cyklZyciaDo><sln:cyklZyciaOd>2015-12-15T00:00:00+01:00</sln:cyklZyciaOd><sln:gmIIPId>ea754923-cf8a-4e78-a6cb-af933d229d28</sln:gmIIPId><sln:gmIIPPn>PL.PZGIK.200</sln:gmIIPPn><sln:gmIIPWersja>2012-09-26T22:11:56+02:00</sln:gmIIPWersja><sln:gmIdTeryt>1214022</sln:gmIdTeryt><sln:gmNazwa>Koszyce</sln:gmNazwa><sln:miejscIIPId>de266820-eb46-4090-85d6-7ce543a494b5</sln:miejscIIPId><sln:miejscIIPPn>PL.PZGIK.200</sln:miejscIIPPn><sln:miejscIIPWersja>2016-11-24T09:51:05+02:00</sln:miejscIIPWersja><sln:miejscIdTeryt>0244720</sln:miejscIdTeryt><sln:miejscNazwa>Łapszów</sln:miejscNazwa><sln:miejscRodzaj>Wieś</sln:miejscRodzaj><sln:powIIPId>adb95dd1-f39a-46c3-a2ee-c5dfb69b1d25</sln:powIIPId><sln:powIIPPn>PL.PZGIK.200</sln:powIIPPn><sln:powIIPWersja>2012-09-27T07:52:00+02:00</sln:powIIPWersja><sln:powIdTeryt>1214</sln:powIdTeryt><sln:powNazwa>proszowicki</sln:powNazwa><sln:waznyOd>2015-02-02T00:00:00+01:00</sln:waznyOd><sln:wojIIPId>dd2e3c64-f861-47cf-a3a3-e7751f272b2f</sln:wojIIPId><sln:wojIIPPn>PL.PZGIK.200</sln:wojIIPPn><sln:wojIIPWersja>2017-10-10T00:00:00+02:00</sln:wojIIPWersja><sln:wojIdTeryt>12</sln:wojIdTeryt><sln:wojNazwa>małopolskie</sln:wojNazwa></sln:miejscowosc><sln:miejscowosc><sln:cyklZyciaDo>2016-04-05T00:00:00+02:00</sln:cyklZyciaDo><sln:cyklZyciaOd>2015-12-15T00:00:00+01:00</sln:cyklZyciaOd><sln:gmIIPId>ea754923-cf8a-4e78-a6cb-af933d229d28</sln:gmIIPId><sln:gmIIPPn>PL.PZGIK.200</sln:gmIIPPn><sln:gmIIPWersja>2012-09-26T22:11:56+02:00</sln:gmIIPWersja><sln:gmIdTeryt>1214022</sln:gmIdTeryt><sln:gmNazwa>Koszyce</sln:gmNazwa><sln:miejscIIPId>b81d20f1-63fd-43ec-87ef-eff825ed506e</sln:miejscIIPId><sln:miejscIIPPn>PL.PZGIK.200</sln:miejscIIPPn><sln:miejscIIPWersja>2016-11-24T09:51:07+02:00</sln:miejscIIPWersja><sln:miejscIdTeryt>0244759</sln:miejscIdTeryt><sln:miejscNazwa>Malkowice</sln:miejscNazwa><sln:miejscRodzaj>Wieś</sln:miejscRodzaj><sln:powIIPId>adb95dd1-f39a-46c3-a2ee-c5dfb69b1d25</sln:powIIPId><sln:powIIPPn>PL.PZGIK.200</sln:powIIPPn><sln:powIIPWersja>2012-09-27T07:52:00+02:00</sln:powIIPWersja><sln:powIdTeryt>1214</sln:powIdTeryt><sln:powNazwa>proszowicki</sln:powNazwa><sln:waznyOd>2015-02-02T00:00:00+01:00</sln:waznyOd><sln:wojIIPId>dd2e3c64-f861-47cf-a3a3-e7751f272b2f</sln:wojIIPId><sln:wojIIPPn>PL.PZGIK.200</sln:wojIIPPn><sln:wojIIPWersja>2017-10-10T00:00:00+02:00</sln:wojIIPWersja><sln:wojIdTeryt>12</sln:wojIdTeryt><sln:wojNazwa>małopolskie</sln:wojNazwa></sln:miejscowosc><sln:miejscowosc><sln:cyklZyciaDo>2016-04-05T00:00:00+02:00</sln:cyklZyciaDo><sln:cyklZyciaOd>2015-12-15T00:00:00+01:00</sln:cyklZyciaOd><sln:gmIIPId>ea754923-cf8a-4e78-a6cb-af933d229d28</sln:gmIIPId><sln:gmIIPPn>PL.PZGIK.200</sln:gmIIPPn><sln:gmIIPWersja>2012-09-26T22:11:56+02:00</sln:gmIIPWersja><sln:gmIdTeryt>1214022</sln:gmIdTeryt><sln:gmNazwa>Koszyce</sln:gmNazwa><sln:miejscIIPId>5143c48a-8503-403d-992e-640d1583eaeb</sln:miejscIIPId><sln:miejscIIPPn>PL.PZGIK.200</sln:miejscIIPPn><sln:miejscIIPWersja>2016-11-24T09:51:09+02:00</sln:miejscIIPWersja><sln:miejscIdTeryt>0244771</sln:miejscIdTeryt><sln:miejscNazwa>Modrzany</sln:miejscNazwa><sln:miejscRodzaj>Wieś</sln:miejscRodzaj><sln:powIIPId>adb95dd1-f39a-46c3-a2ee-c5dfb69b1d25</sln:powIIPId><sln:powIIPPn>PL.PZGIK.200</sln:powIIPPn><sln:powIIPWersja>2012-09-27T07:52:00+02:00</sln:powIIPWersja><sln:powIdTeryt>1214</sln:powIdTeryt><sln:powNazwa>proszowicki</sln:powNazwa><sln:waznyOd>2015-02-02T00:00:00+01:00</sln:waznyOd><sln:wojIIPId>dd2e3c64-f861-47cf-a3a3-e7751f272b2f</sln:wojIIPId><sln:wojIIPPn>PL.PZGIK.200</sln:wojIIPPn><sln:wojIIPWersja>2017-10-10T00:00:00+02:00</sln:wojIIPWersja><sln:wojIdTeryt>12</sln:wojIdTeryt><sln:wojNazwa>małopolskie</sln:wojNazwa></sln:miejscowosc><sln:miejscowosc><sln:cyklZyciaDo>2016-04-05T00:00:00+02:00</sln:cyklZyciaDo><sln:cyklZyciaOd>2015-12-15T00:00:00+01:00</sln:cyklZyciaOd><sln:gmIIPId>ea754923-cf8a-4e78-a6cb-af933d229d28</sln:gmIIPId><sln:gmIIPPn>PL.PZGIK.200</sln:gmIIPPn><sln:gmIIPWersja>2012-09-26T22:11:56+02:00</sln:gmIIPWersja><sln:gmIdTeryt>1214022</sln:gmIdTeryt><sln:gmNazwa>Koszyce</sln:gmNazwa><sln:miejscIIPId>1ddfdfef-3126-4ec3-a816-e2a03165286d</sln:miejscIIPId><sln:miejscIIPPn>PL.PZGIK.200</sln:miejscIIPPn><sln:miejscIIPWersja>2016-11-24T09:51:11+02:00</sln:miejscIIPWersja><sln:miejscIdTeryt>0244788</sln:miejscIdTeryt><sln:miejscNazwa>Morsko</sln:miejscNazwa><sln:miejscRodzaj>Wieś</sln:miejscRodzaj><sln:powIIPId>adb95dd1-f39a-46c3-a2ee-c5dfb69b1d25</sln:powIIPId><sln:powIIPPn>PL.PZGIK.200</sln:powIIPPn><sln:powIIPWersja>2012-09-27T07:52:00+02:00</sln:powIIPWersja><sln:powIdTeryt>1214</sln:powIdTeryt><sln:powNazwa>proszowicki</sln:powNazwa><sln:waznyOd>2015-02-02T00:00:00+01:00</sln:waznyOd><sln:wojIIPId>dd2e3c64-f861-47cf-a3a3-e7751f272b2f</sln:wojIIPId><sln:wojIIPPn>PL.PZGIK.200</sln:wojIIPPn><sln:wojIIPWersja>2017-10-10T00:00:00+02:00</sln:wojIIPWersja><sln:wojIdTeryt>12</sln:wojIdTeryt><sln:wojNazwa>małopolskie</sln:wojNazwa></sln:miejscowosc><sln:miejscowosc><sln:cyklZyciaDo>2016-04-05T00:00:00+02:00</sln:cyklZyciaDo><sln:cyklZyciaOd>2015-12-15T00:00:00+01:00</sln:cyklZyciaOd><sln:gmIIPId>ea754923-cf8a-4e78-a6cb-af933d229d28</sln:gmIIPId><sln:gmIIPPn>PL.PZGIK.200</sln:gmIIPPn><sln:gmIIPWersja>2012-09-26T22:11:56+02:00</sln:gmIIPWersja><sln:gmIdTeryt>1214022</sln:gmIdTeryt><sln:gmNazwa>Koszyce</sln:gmNazwa><sln:miejscIIPId>109d2167-afb4-4975-b736-4465b36496ff</sln:miejscIIPId><sln:miejscIIPPn>PL.PZGIK.200</sln:miejscIIPPn><sln:miejscIIPWersja>2016-11-24T09:51:13+02:00</sln:miejscIIPWersja><sln:miejscIdTeryt>0244819</sln:miejscIdTeryt><sln:miejscNazwa>Piotrowice</sln:miejscNazwa><sln:miejscRodzaj>Wieś</sln:miejscRodzaj><sln:powIIPId>adb95dd1-f39a-46c3-a2ee-c5dfb69b1d25</sln:powIIPId><sln:powIIPPn>PL.PZGIK.200</sln:powIIPPn><sln:powIIPWersja>2012-09-27T07:52:00+02:00</sln:powIIPWersja><sln:powIdTeryt>1214</sln:powIdTeryt><sln:powNazwa>proszowicki</sln:powNazwa><sln:waznyOd>2015-02-02T00:00:00+01:00</sln:waznyOd><sln:wojIIPId>dd2e3c64-f861-47cf-a3a3-e7751f272b2f</sln:wojIIPId><sln:wojIIPPn>PL.PZGIK.200</sln:wojIIPPn><sln:wojIIPWersja>2017-10-10T00:00:00+02:00</sln:wojIIPWersja><sln:wojIdTeryt>12</sln:wojIdTeryt><sln:wojNazwa>małopolskie</sln:wojNazwa></sln:miejscowosc><sln:miejscowosc><sln:cyklZyciaDo>2016-04-05T00:00:00+02:00</sln:cyklZyciaDo><sln:cyklZyciaOd>2015-12-15T00:00:00+01:00</sln:cyklZyciaOd><sln:gmIIPId>ea754923-cf8a-4e78-a6cb-af933d229d28</sln:gmIIPId><sln:gmIIPPn>PL.PZGIK.200</sln:gmIIPPn><sln:gmIIPWersja>2012-09-26T22:11:56+02:00</sln:gmIIPWersja><sln:gmIdTeryt>1214022</sln:gmIdTeryt><sln:gmNazwa>Koszyce</sln:gmNazwa><sln:miejscIIPId>98a4bb7b-07a0-4868-8247-7ccaf782ca60</sln:miejscIIPId><sln:miejscIIPPn>PL.PZGIK.200</sln:miejscIIPPn><sln:miejscIIPWersja>2016-11-24T09:51:15+02:00</sln:miejscIIPWersja><sln:miejscIdTeryt>0244848</sln:miejscIdTeryt><sln:miejscNazwa>Przemyków</sln:miejscNazwa><sln:miejscRodzaj>Wieś</sln:miejscRodzaj><sln:powIIPId>adb95dd1-f39a-46c3-a2ee-c5dfb69b1d25</sln:powIIPId><sln:powIIPPn>PL.PZGIK.200</sln:powIIPPn><sln:powIIPWersja>2012-09-27T07:52:00+02:00</sln:powIIPWersja><sln:powIdTeryt>1214</sln:powIdTeryt><sln:powNazwa>proszowicki</sln:powNazwa><sln:waznyOd>2015-02-02T00:00:00+01:00</sln:waznyOd><sln:wojIIPId>dd2e3c64-f861-47cf-a3a3-e7751f272b2f</sln:wojIIPId><sln:wojIIPPn>PL.PZGIK.200</sln:wojIIPPn><sln:wojIIPWersja>2017-10-10T00:00:00+02:00</sln:wojIIPWersja><sln:wojIdTeryt>12</sln:wojIdTeryt><sln:wojNazwa>małopolskie</sln:wojNazwa></sln:miejscowosc><sln:miejscowosc><sln:cyklZyciaDo>2016-04-05T00:00:00+02:00</sln:cyklZyciaDo><sln:cyklZyciaOd>2015-12-15T00:00:00+01:00</sln:cyklZyciaOd><sln:gmIIPId>ea754923-cf8a-4e78-a6cb-af933d229d28</sln:gmIIPId><sln:gmIIPPn>PL.PZGIK.200</sln:gmIIPPn><sln:gmIIPWersja>2012-09-26T22:11:56+02:00</sln:gmIIPWersja><sln:gmIdTeryt>1214022</sln:gmIdTeryt><sln:gmNazwa>Koszyce</sln:gmNazwa><sln:miejscIIPId>eda2dd4c-cca0-4b8c-bba6-32afac894e21</sln:miejscIIPId><sln:miejscIIPPn>PL.PZGIK.200</sln:miejscIIPPn><sln:miejscIIPWersja>2016-11-24T09:51:17+02:00</sln:miejscIIPWersja><sln:miejscIdTeryt>0244883</sln:miejscIdTeryt><sln:miejscNazwa>Rachwałowice</sln:miejscNazwa><sln:miejscRodzaj>Wieś</sln:miejscRodzaj><sln:powIIPId>adb95dd1-f39a-46c3-a2ee-c5dfb69b1d25</sln:powIIPId><sln:powIIPPn>PL.PZGIK.200</sln:powIIPPn><sln:powIIPWersja>2012-09-27T07:52:00+02:00</sln:powIIPWersja><sln:powIdTeryt>1214</sln:powIdTeryt><sln:powNazwa>proszowicki</sln:powNazwa><sln:waznyOd>2015-02-02T00:00:00+01:00</sln:waznyOd><sln:wojIIPId>dd2e3c64-f861-47cf-a3a3-e7751f272b2f</sln:wojIIPId><sln:wojIIPPn>PL.PZGIK.200</sln:wojIIPPn><sln:wojIIPWersja>2017-10-10T00:00:00+02:00</sln:wojIIPWersja><sln:wojIdTeryt>12</sln:wojIdTeryt><sln:wojNazwa>małopolskie</sln:wojNazwa></sln:miejscowosc><sln:miejscowosc><sln:cyklZyciaDo>2016-04-05T00:00:00+02:00</sln:cyklZyciaDo><sln:cyklZyciaOd>2015-12-15T00:00:00+01:00</sln:cyklZyciaOd><sln:gmIIPId>ea754923-cf8a-4e78-a6cb-af933d229d28</sln:gmIIPId><sln:gmIIPPn>PL.PZGIK.200</sln:gmIIPPn><sln:gmIIPWersja>2012-09-26T22:11:56+02:00</sln:gmIIPWersja><sln:gmIdTeryt>1214022</sln:gmIdTeryt><sln:gmNazwa>Koszyce</sln:gmNazwa><sln:miejscIIPId>157b7e8c-fb56-4a5c-aefe-93904a13a57f</sln:miejscIIPId><sln:miejscIIPPn>PL.PZGIK.200</sln:miejscIIPPn><sln:miejscIIPWersja>2016-11-24T09:51:19+02:00</sln:miejscIIPWersja><sln:miejscIdTeryt>0244920</sln:miejscIdTeryt><sln:miejscNazwa>Siedliska</sln:miejscNazwa><sln:miejscRodzaj>Wieś</sln:miejscRodzaj><sln:powIIPId>adb95dd1-f39a-46c3-a2ee-c5dfb69b1d25</sln:powIIPId><sln:powIIPPn>PL.PZGIK.200</sln:powIIPPn><sln:powIIPWersja>2012-09-27T07:52:00+02:00</sln:powIIPWersja><sln:powIdTeryt>1214</sln:powIdTeryt><sln:powNazwa>proszowicki</sln:powNazwa><sln:waznyOd>2015-02-02T00:00:00+01:00</sln:waznyOd><sln:wojIIPId>dd2e3c64-f861-47cf-a3a3-e7751f272b2f</sln:wojIIPId><sln:wojIIPPn>PL.PZGIK.200</sln:wojIIPPn><sln:wojIIPWersja>2017-10-10T00:00:00+02:00</sln:wojIIPWersja><sln:wojIdTeryt>12</sln:wojIdTeryt><sln:wojNazwa>małopolskie</sln:wojNazwa></sln:miejscowosc><sln:miejscowosc><sln:cyklZyciaDo>2016-04-05T00:00:00+02:00</sln:cyklZyciaDo><sln:cyklZyciaOd>2015-12-15T00:00:00+01:00</sln:cyklZyciaOd><sln:gmIIPId>ea754923-cf8a-4e78-a6cb-af933d229d28</sln:gmIIPId><sln:gmIIPPn>PL.PZGIK.200</sln:gmIIPPn><sln:gmIIPWersja>2012-09-26T22:11:56+02:00</sln:gmIIPWersja><sln:gmIdTeryt>1214022</sln:gmIdTeryt><sln:gmNazwa>Koszyce</sln:gmNazwa><sln:miejscIIPId>7c55de38-44b6-409d-aeb4-cf18eedca347</sln:miejscIIPId><sln:miejscIIPPn>PL.PZGIK.200</sln:miejscIIPPn><sln:miejscIIPWersja>2016-11-24T09:51:21+02:00</sln:miejscIIPWersja><sln:miejscIdTeryt>0244966</sln:miejscIdTeryt><sln:miejscNazwa>Sokołowice</sln:miejscNazwa><sln:miejscRodzaj>Wieś</sln:miejscRodzaj><sln:powIIPId>adb95dd1-f39a-46c3-a2ee-c5dfb69b1d25</sln:powIIPId><sln:powIIPPn>PL.PZGIK.200</sln:powIIPPn><sln:powIIPWersja>2012-09-27T07:52:00+02:00</sln:powIIPWersja><sln:powIdTeryt>1214</sln:powIdTeryt><sln:powNazwa>proszowicki</sln:powNazwa><sln:waznyOd>2015-02-02T00:00:00+01:00</sln:waznyOd><sln:wojIIPId>dd2e3c64-f861-47cf-a3a3-e7751f272b2f</sln:wojIIPId><sln:wojIIPPn>PL.PZGIK.200</sln:wojIIPPn><sln:wojIIPWersja>2017-10-10T00:00:00+02:00</sln:wojIIPWersja><sln:wojIdTeryt>12</sln:wojIdTeryt><sln:wojNazwa>małopolskie</sln:wojNazwa></sln:miejscowosc><sln:miejscowosc><sln:cyklZyciaDo>2016-04-05T00:00:00+02:00</sln:cyklZyciaDo><sln:cyklZyciaOd>2015-12-15T00:00:00+01:00</sln:cyklZyciaOd><sln:gmIIPId>ea754923-cf8a-4e78-a6cb-af933d229d28</sln:gmIIPId><sln:gmIIPPn>PL.PZGIK.200</sln:gmIIPPn><sln:gmIIPWersja>2012-09-26T22:11:56+02:00</sln:gmIIPWersja><sln:gmIdTeryt>1214022</sln:gmIdTeryt><sln:gmNazwa>Koszyce</sln:gmNazwa><sln:miejscIIPId>d3aef038-ba80-429b-ac11-e300527bd17c</sln:miejscIIPId><sln:miejscIIPPn>PL.PZGIK.200</sln:miejscIIPPn><sln:miejscIIPWersja>2016-11-24T09:51:23+02:00</sln:miejscIIPWersja><sln:miejscIdTeryt>0245003</sln:miejscIdTeryt><sln:miejscNazwa>Witów</sln:miejscNazwa><sln:miejscRodzaj>Wieś</sln:miejscRodzaj><sln:powIIPId>adb95dd1-f39a-46c3-a2ee-c5dfb69b1d25</sln:powIIPId><sln:powIIPPn>PL.PZGIK.200</sln:powIIPPn><sln:powIIPWersja>2012-09-27T07:52:00+02:00</sln:powIIPWersja><sln:powIdTeryt>1214</sln:powIdTeryt><sln:powNazwa>proszowicki</sln:powNazwa><sln:waznyOd>2015-02-02T00:00:00+01:00</sln:waznyOd><sln:wojIIPId>dd2e3c64-f861-47cf-a3a3-e7751f272b2f</sln:wojIIPId><sln:wojIIPPn>PL.PZGIK.200</sln:wojIIPPn><sln:wojIIPWersja>2017-10-10T00:00:00+02:00</sln:wojIIPWersja><sln:wojIdTeryt>12</sln:wojIdTeryt><sln:wojNazwa>małopolskie</sln:wojNazwa></sln:miejscowosc><sln:miejscowosc><sln:cyklZyciaDo>2016-04-05T00:00:00+02:00</sln:cyklZyciaDo><sln:cyklZyciaOd>2015-12-15T00:00:00+01:00</sln:cyklZyciaOd><sln:gmIIPId>ea754923-cf8a-4e78-a6cb-af933d229d28</sln:gmIIPId><sln:gmIIPPn>PL.PZGIK.200</sln:gmIIPPn><sln:gmIIPWersja>2012-09-26T22:11:56+02:00</sln:gmIIPWersja><sln:gmIdTeryt>1214022</sln:gmIdTeryt><sln:gmNazwa>Koszyce</sln:gmNazwa><sln:miejscIIPId>e021d8b6-edbc-410d-8878-31d13919eada</sln:miejscIIPId><sln:miejscIIPPn>PL.PZGIK.200</sln:miejscIIPPn><sln:miejscIIPWersja>2016-11-24T09:51:25+02:00</sln:miejscIIPWersja><sln:miejscIdTeryt>0245049</sln:miejscIdTeryt><sln:miejscNazwa>Włostowice</sln:miejscNazwa><sln:miejscRodzaj>Wieś</sln:miejscRodzaj><sln:powIIPId>adb95dd1-f39a-46c3-a2ee-c5dfb69b1d25</sln:powIIPId><sln:powIIPPn>PL.PZGIK.200</sln:powIIPPn><sln:powIIPWersja>2012-09-27T07:52:00+02:00</sln:powIIPWersja><sln:powIdTeryt>1214</sln:powIdTeryt><sln:powNazwa>proszowicki</sln:powNazwa><sln:waznyOd>2015-02-02T00:00:00+01:00</sln:waznyOd><sln:wojIIPId>dd2e3c64-f861-47cf-a3a3-e7751f272b2f</sln:wojIIPId><sln:wojIIPPn>PL.PZGIK.200</sln:wojIIPPn><sln:wojIIPWersja>2017-10-10T00:00:00+02:00</sln:wojIIPWersja><sln:wojIdTeryt>12</sln:wojIdTeryt><sln:wojNazwa>małopolskie</sln:wojNazwa></sln:miejscowosc><sln:miejscowosc><sln:cyklZyciaOd>2017-04-18T00:00:00+02:00</sln:cyklZyciaOd><sln:gmIIPId>ea754923-cf8a-4e78-a6cb-af933d229d28</sln:gmIIPId><sln:gmIIPPn>PL.PZGIK.200</sln:gmIIPPn><sln:gmIIPWersja>2012-09-26T22:11:56+02:00</sln:gmIIPWersja><sln:gmIdTeryt>1214022</sln:gmIdTeryt><sln:gmNazwa>Koszyce</sln:gmNazwa><sln:miejscIIPId>91490569-ae15-4887-8da8-14721c687760</sln:miejscIIPId><sln:miejscIIPPn>PL.PZGIK.200</sln:miejscIIPPn><sln:miejscIIPWersja>2017-04-18T16:52:22+02:00</sln:miejscIIPWersja><sln:miejscIdTeryt>0226968</sln:miejscIdTeryt><sln:miejscNazwa>Jankowice</sln:miejscNazwa><sln:miejscRodzaj>Wieś</sln:miejscRodzaj><sln:powIIPId>adb95dd1-f39a-46c3-a2ee-c5dfb69b1d25</sln:powIIPId><sln:powIIPPn>PL.PZGIK.200</sln:powIIPPn><sln:powIIPWersja>2012-09-27T07:52:00+02:00</sln:powIIPWersja><sln:powIdTeryt>1214</sln:powIdTeryt><sln:powNazwa>proszowicki</sln:powNazwa><sln:waznyOd>2015-02-02T00:00:00+01:00</sln:waznyOd><sln:wojIIPId>dd2e3c64-f861-47cf-a3a3-e7751f272b2f</sln:wojIIPId><sln:wojIIPPn>PL.PZGIK.200</sln:wojIIPPn><sln:wojIIPWersja>2017-10-10T00:00:00+02:00</sln:wojIIPWersja><sln:wojIdTeryt>12</sln:wojIdTeryt><sln:wojNazwa>małopolskie</sln:wojNazwa></sln:miejscowosc><sln:miejscowosc><sln:cyklZyciaOd>2017-04-18T00:00:00+02:00</sln:cyklZyciaOd><sln:gmIIPId>ea754923-cf8a-4e78-a6cb-af933d229d28</sln:gmIIPId><sln:gmIIPPn>PL.PZGIK.200</sln:gmIIPPn><sln:gmIIPWersja>2012-09-26T22:11:56+02:00</sln:gmIIPWersja><sln:gmIdTeryt>1214022</sln:gmIdTeryt><sln:gmNazwa>Koszyce</sln:gmNazwa><sln:miejscIIPId>4bd78dcf-47cc-465c-8885-29bb51e1ddd6</sln:miejscIIPId><sln:miejscIIPPn>PL.PZGIK.200</sln:miejscIIPPn><sln:miejscIIPWersja>2017-04-18T16:52:31+02:00</sln:miejscIIPWersja><sln:miejscIdTeryt>0244452</sln:miejscIdTeryt><sln:miejscNazwa>Biskupice</sln:miejscNazwa><sln:miejscRodzaj>Wieś</sln:miejscRodzaj><sln:powIIPId>adb95dd1-f39a-46c3-a2ee-c5dfb69b1d25</sln:powIIPId><sln:powIIPPn>PL.PZGIK.200</sln:powIIPPn><sln:powIIPWersja>2012-09-27T07:52:00+02:00</sln:powIIPWersja><sln:powIdTeryt>1214</sln:powIdTeryt><sln:powNazwa>proszowicki</sln:powNazwa><sln:waznyOd>2015-02-02T00:00:00+01:00</sln:waznyOd><sln:wojIIPId>dd2e3c64-f861-47cf-a3a3-e7751f272b2f</sln:wojIIPId><sln:wojIIPPn>PL.PZGIK.200</sln:wojIIPPn><sln:wojIIPWersja>2017-10-10T00:00:00+02:00</sln:wojIIPWersja><sln:wojIdTeryt>12</sln:wojIdTeryt><sln:wojNazwa>małopolskie</sln:wojNazwa></sln:miejscowosc><sln:miejscowosc><sln:cyklZyciaOd>2017-04-18T00:00:00+02:00</sln:cyklZyciaOd><sln:gmIIPId>ea754923-cf8a-4e78-a6cb-af933d229d28</sln:gmIIPId><sln:gmIIPPn>PL.PZGIK.200</sln:gmIIPPn><sln:gmIIPWersja>2012-09-26T22:11:56+02:00</sln:gmIIPWersja><sln:gmIdTeryt>1214022</sln:gmIdTeryt><sln:gmNazwa>Koszyce</sln:gmNazwa><sln:miejscIIPId>28f5a51f-eed8-43f9-858d-719da35a7a1b</sln:miejscIIPId><sln:miejscIIPPn>PL.PZGIK.200</sln:miejscIIPPn><sln:miejscIIPWersja>2017-04-18T16:52:31+02:00</sln:miejscIIPWersja><sln:miejscIdTeryt>0244481</sln:miejscIdTeryt><sln:miejscNazwa>Dolany</sln:miejscNazwa><sln:miejscRodzaj>Wieś</sln:miejscRodzaj><sln:powIIPId>adb95dd1-f39a-46c3-a2ee-c5dfb69b1d25</sln:powIIPId><sln:powIIPPn>PL.PZGIK.200</sln:powIIPPn><sln:powIIPWersja>2012-09-27T07:52:00+02:00</sln:powIIPWersja><sln:powIdTeryt>1214</sln:powIdTeryt><sln:powNazwa>proszowicki</sln:powNazwa><sln:waznyOd>2015-02-02T00:00:00+01:00</sln:waznyOd><sln:wojIIPId>dd2e3c64-f861-47cf-a3a3-e7751f272b2f</sln:wojIIPId><sln:wojIIPPn>PL.PZGIK.200</sln:wojIIPPn><sln:wojIIPWersja>2017-10-10T00:00:00+02:00</sln:wojIIPWersja><sln:wojIdTeryt>12</sln:wojIdTeryt><sln:wojNazwa>małopolskie</sln:wojNazwa></sln:miejscowosc><sln:miejscowosc><sln:cyklZyciaOd>2017-04-18T00:00:00+02:00</sln:cyklZyciaOd><sln:gmIIPId>ea754923-cf8a-4e78-a6cb-af933d229d28</sln:gmIIPId><sln:gmIIPPn>PL.PZGIK.200</sln:gmIIPPn><sln:gmIIPWersja>2012-09-26T22:11:56+02:00</sln:gmIIPWersja><sln:gmIdTeryt>1214022</sln:gmIdTeryt><sln:gmNazwa>Koszyce</sln:gmNazwa><sln:miejscIIPId>6ac69d75-8d3e-478e-8f6e-72c83534e603</sln:miejscIIPId><sln:miejscIIPPn>PL.PZGIK.200</sln:miejscIIPPn><sln:miejscIIPWersja>2017-04-18T16:52:31+02:00</sln:miejscIIPWersja><sln:miejscIdTeryt>0244512</sln:miejscIdTeryt><sln:miejscNazwa>Filipowice</sln:miejscNazwa><sln:miejscRodzaj>Wieś</sln:miejscRodzaj><sln:powIIPId>adb95dd1-f39a-46c3-a2ee-c5dfb69b1d25</sln:powIIPId><sln:powIIPPn>PL.PZGIK.200</sln:powIIPPn><sln:powIIPWersja>2012-09-27T07:52:00+02:00</sln:powIIPWersja><sln:powIdTeryt>1214</sln:powIdTeryt><sln:powNazwa>proszowicki</sln:powNazwa><sln:waznyOd>2015-02-02T00:00:00+01:00</sln:waznyOd><sln:wojIIPId>dd2e3c64-f861-47cf-a3a3-e7751f272b2f</sln:wojIIPId><sln:wojIIPPn>PL.PZGIK.200</sln:wojIIPPn><sln:wojIIPWersja>2017-10-10T00:00:00+02:00</sln:wojIIPWersja><sln:wojIdTeryt>12</sln:wojIdTeryt><sln:wojNazwa>małopolskie</sln:wojNazwa></sln:miejscowosc><sln:miejscowosc><sln:cyklZyciaOd>2017-04-18T00:00:00+02:00</sln:cyklZyciaOd><sln:gmIIPId>ea754923-cf8a-4e78-a6cb-af933d229d28</sln:gmIIPId><sln:gmIIPPn>PL.PZGIK.200</sln:gmIIPPn><sln:gmIIPWersja>2012-09-26T22:11:56+02:00</sln:gmIIPWersja><sln:gmIdTeryt>1214022</sln:gmIdTeryt><sln:gmNazwa>Koszyce</sln:gmNazwa><sln:miejscIIPId>29cfa650-8b1d-4f1a-98f1-2135f3365936</sln:miejscIIPId><sln:miejscIIPPn>PL.PZGIK.200</sln:miejscIIPPn><sln:miejscIIPWersja>2017-04-18T16:52:31+02:00</sln:miejscIIPWersja><sln:miejscIdTeryt>0244541</sln:miejscIdTeryt><sln:miejscNazwa>Jaksice</sln:miejscNazwa><sln:miejscRodzaj>Wieś</sln:miejscRodzaj><sln:powIIPId>adb95dd1-f39a-46c3-a2ee-c5dfb69b1d25</sln:powIIPId><sln:powIIPPn>PL.PZGIK.200</sln:powIIPPn><sln:powIIPWersja>2012-09-27T07:52:00+02:00</sln:powIIPWersja><sln:powIdTeryt>1214</sln:powIdTeryt><sln:powNazwa>proszowicki</sln:powNazwa><sln:waznyOd>2015-02-02T00:00:00+01:00</sln:waznyOd><sln:wojIIPId>dd2e3c64-f861-47cf-a3a3-e7751f272b2f</sln:wojIIPId><sln:wojIIPPn>PL.PZGIK.200</sln:wojIIPPn><sln:wojIIPWersja>2017-10-10T00:00:00+02:00</sln:wojIIPWersja><sln:wojIdTeryt>12</sln:wojIdTeryt><sln:wojNazwa>małopolskie</sln:wojNazwa></sln:miejscowosc><sln:miejscowosc><sln:cyklZyciaOd>2017-04-18T00:00:00+02:00</sln:cyklZyciaOd><sln:gmIIPId>ea754923-cf8a-4e78-a6cb-af933d229d28</sln:gmIIPId><sln:gmIIPPn>PL.PZGIK.200</sln:gmIIPPn><sln:gmIIPWersja>2012-09-26T22:11:56+02:00</sln:gmIIPWersja><sln:gmIdTeryt>1214022</sln:gmIdTeryt><sln:gmNazwa>Koszyce</sln:gmNazwa><sln:miejscIIPId>7802a244-a312-4604-ab51-3afb71014cc6</sln:miejscIIPId><sln:miejscIIPPn>PL.PZGIK.200</sln:miejscIIPPn><sln:miejscIIPWersja>2017-04-18T16:52:31+02:00</sln:miejscIIPWersja><sln:miejscIdTeryt>0244630</sln:miejscIdTeryt><sln:miejscNazwa>Koszyce</sln:miejscNazwa><sln:miejscRodzaj>Wieś</sln:miejscRodzaj><sln:powIIPId>adb95dd1-f39a-46c3-a2ee-c5dfb69b1d25</sln:powIIPId><sln:powIIPPn>PL.PZGIK.200</sln:powIIPPn><sln:powIIPWersja>2012-09-27T07:52:00+02:00</sln:powIIPWersja><sln:powIdTeryt>1214</sln:powIdTeryt><sln:powNazwa>proszowicki</sln:powNazwa><sln:waznyOd>2015-02-02T00:00:00+01:00</sln:waznyOd><sln:wojIIPId>dd2e3c64-f861-47cf-a3a3-e7751f272b2f</sln:wojIIPId><sln:wojIIPPn>PL.PZGIK.200</sln:wojIIPPn><sln:wojIIPWersja>2017-10-10T00:00:00+02:00</sln:wojIIPWersja><sln:wojIdTeryt>12</sln:wojIdTeryt><sln:wojNazwa>małopolskie</sln:wojNazwa></sln:miejscowosc><sln:miejscowosc><sln:cyklZyciaOd>2017-04-18T00:00:00+02:00</sln:cyklZyciaOd><sln:gmIIPId>ea754923-cf8a-4e78-a6cb-af933d229d28</sln:gmIIPId><sln:gmIIPPn>PL.PZGIK.200</sln:gmIIPPn><sln:gmIIPWersja>2012-09-26T22:11:56+02:00</sln:gmIIPWersja><sln:gmIdTeryt>1214022</sln:gmIdTeryt><sln:gmNazwa>Koszyce</sln:gmNazwa><sln:miejscIIPId>90996499-5ab9-4f2f-a050-b49a7c9279d2</sln:miejscIIPId><sln:miejscIIPPn>PL.PZGIK.200</sln:miejscIIPPn><sln:miejscIIPWersja>2017-04-18T16:52:31+02:00</sln:miejscIIPWersja><sln:miejscIdTeryt>0244647</sln:miejscIdTeryt><sln:miejscNazwa>Książnice Małe</sln:miejscNazwa><sln:miejscRodzaj>Wieś</sln:miejscRodzaj><sln:powIIPId>adb95dd1-f39a-46c3-a2ee-c5dfb69b1d25</sln:powIIPId><sln:powIIPPn>PL.PZGIK.200</sln:powIIPPn><sln:powIIPWersja>2012-09-27T07:52:00+02:00</sln:powIIPWersja><sln:powIdTeryt>1214</sln:powIdTeryt><sln:powNazwa>proszowicki</sln:powNazwa><sln:waznyOd>2015-02-02T00:00:00+01:00</sln:waznyOd><sln:wojIIPId>dd2e3c64-f861-47cf-a3a3-e7751f272b2f</sln:wojIIPId><sln:wojIIPPn>PL.PZGIK.200</sln:wojIIPPn><sln:wojIIPWersja>2017-10-10T00:00:00+02:00</sln:wojIIPWersja><sln:wojIdTeryt>12</sln:wojIdTeryt><sln:wojNazwa>małopolskie</sln:wojNazwa></sln:miejscowosc><sln:miejscowosc><sln:cyklZyciaOd>2017-04-18T00:00:00+02:00</sln:cyklZyciaOd><sln:gmIIPId>ea754923-cf8a-4e78-a6cb-af933d229d28</sln:gmIIPId><sln:gmIIPPn>PL.PZGIK.200</sln:gmIIPPn><sln:gmIIPWersja>2012-09-26T22:11:56+02:00</sln:gmIIPWersja><sln:gmIdTeryt>1214022</sln:gmIdTeryt><sln:gmNazwa>Koszyce</sln:gmNazwa><sln:miejscIIPId>c6eeee6f-7146-470a-88f7-897766532dcb</sln:miejscIIPId><sln:miejscIIPPn>PL.PZGIK.200</sln:miejscIIPPn><sln:miejscIIPWersja>2017-04-18T16:52:31+02:00</sln:miejscIIPWersja><sln:miejscIdTeryt>0244660</sln:miejscIdTeryt><sln:miejscNazwa>Książnice Wielkie</sln:miejscNazwa><sln:miejscRodzaj>Wieś</sln:miejscRodzaj><sln:powIIPId>adb95dd1-f39a-46c3-a2ee-c5dfb69b1d25</sln:powIIPId><sln:powIIPPn>PL.PZGIK.200</sln:powIIPPn><sln:powIIPWersja>2012-09-27T07:52:00+02:00</sln:powIIPWersja><sln:powIdTeryt>1214</sln:powIdTeryt><sln:powNazwa>proszowicki</sln:powNazwa><sln:waznyOd>2015-02-02T00:00:00+01:00</sln:waznyOd><sln:wojIIPId>dd2e3c64-f861-47cf-a3a3-e7751f272b2f</sln:wojIIPId><sln:wojIIPPn>PL.PZGIK.200</sln:wojIIPPn><sln:wojIIPWersja>2017-10-10T00:00:00+02:00</sln:wojIIPWersja><sln:wojIdTeryt>12</sln:wojIdTeryt><sln:wojNazwa>małopolskie</sln:wojNazwa></sln:miejscowosc><sln:miejscowosc><sln:cyklZyciaOd>2017-04-18T00:00:00+02:00</sln:cyklZyciaOd><sln:gmIIPId>ea754923-cf8a-4e78-a6cb-af933d229d28</sln:gmIIPId><sln:gmIIPPn>PL.PZGIK.200</sln:gmIIPPn><sln:gmIIPWersja>2012-09-26T22:11:56+02:00</sln:gmIIPWersja><sln:gmIdTeryt>1214022</sln:gmIdTeryt><sln:gmNazwa>Koszyce</sln:gmNazwa><sln:miejscIIPId>de266820-eb46-4090-85d6-7ce543a494b5</sln:miejscIIPId><sln:miejscIIPPn>PL.PZGIK.200</sln:miejscIIPPn><sln:miejscIIPWersja>2017-04-18T16:52:31+02:00</sln:miejscIIPWersja><sln:miejscIdTeryt>0244720</sln:miejscIdTeryt><sln:miejscNazwa>Łapszów</sln:miejscNazwa><sln:miejscRodzaj>Wieś</sln:miejscRodzaj><sln:powIIPId>adb95dd1-f39a-46c3-a2ee-c5dfb69b1d25</sln:powIIPId><sln:powIIPPn>PL.PZGIK.200</sln:powIIPPn><sln:powIIPWersja>2012-09-27T07:52:00+02:00</sln:powIIPWersja><sln:powIdTeryt>1214</sln:powIdTeryt><sln:powNazwa>proszowicki</sln:powNazwa><sln:waznyOd>2015-02-02T00:00:00+01:00</sln:waznyOd><sln:wojIIPId>dd2e3c64-f861-47cf-a3a3-e7751f272b2f</sln:wojIIPId><sln:wojIIPPn>PL.PZGIK.200</sln:wojIIPPn><sln:wojIIPWersja>2017-10-10T00:00:00+02:00</sln:wojIIPWersja><sln:wojIdTeryt>12</sln:wojIdTeryt><sln:wojNazwa>małopolskie</sln:wojNazwa></sln:miejscowosc><sln:miejscowosc><sln:cyklZyciaOd>2017-04-18T00:00:00+02:00</sln:cyklZyciaOd><sln:gmIIPId>ea754923-cf8a-4e78-a6cb-af933d229d28</sln:gmIIPId><sln:gmIIPPn>PL.PZGIK.200</sln:gmIIPPn><sln:gmIIPWersja>2012-09-26T22:11:56+02:00</sln:gmIIPWersja><sln:gmIdTeryt>1214022</sln:gmIdTeryt><sln:gmNazwa>Koszyce</sln:gmNazwa><sln:miejscIIPId>b81d20f1-63fd-43ec-87ef-eff825ed506e</sln:miejscIIPId><sln:miejscIIPPn>PL.PZGIK.200</sln:miejscIIPPn><sln:miejscIIPWersja>2017-04-18T16:52:31+02:00</sln:miejscIIPWersja><sln:miejscIdTeryt>0244759</sln:miejscIdTeryt><sln:miejscNazwa>Malkowice</sln:miejscNazwa><sln:miejscRodzaj>Wieś</sln:miejscRodzaj><sln:powIIPId>adb95dd1-f39a-46c3-a2ee-c5dfb69b1d25</sln:powIIPId><sln:powIIPPn>PL.PZGIK.200</sln:powIIPPn><sln:powIIPWersja>2012-09-27T07:52:00+02:00</sln:powIIPWersja><sln:powIdTeryt>1214</sln:powIdTeryt><sln:powNazwa>proszowicki</sln:powNazwa><sln:waznyOd>2015-02-02T00:00:00+01:00</sln:waznyOd><sln:wojIIPId>dd2e3c64-f861-47cf-a3a3-e7751f272b2f</sln:wojIIPId><sln:wojIIPPn>PL.PZGIK.200</sln:wojIIPPn><sln:wojIIPWersja>2017-10-10T00:00:00+02:00</sln:wojIIPWersja><sln:wojIdTeryt>12</sln:wojIdTeryt><sln:wojNazwa>małopolskie</sln:wojNazwa></sln:miejscowosc><sln:miejscowosc><sln:cyklZyciaOd>2017-04-18T00:00:00+02:00</sln:cyklZyciaOd><sln:gmIIPId>ea754923-cf8a-4e78-a6cb-af933d229d28</sln:gmIIPId><sln:gmIIPPn>PL.PZGIK.200</sln:gmIIPPn><sln:gmIIPWersja>2012-09-26T22:11:56+02:00</sln:gmIIPWersja><sln:gmIdTeryt>1214022</sln:gmIdTeryt><sln:gmNazwa>Koszyce</sln:gmNazwa><sln:miejscIIPId>5143c48a-8503-403d-992e-640d1583eaeb</sln:miejscIIPId><sln:miejscIIPPn>PL.PZGIK.200</sln:miejscIIPPn><sln:miejscIIPWersja>2017-04-18T16:52:31+02:00</sln:miejscIIPWersja><sln:miejscIdTeryt>0244771</sln:miejscIdTeryt><sln:miejscNazwa>Modrzany</sln:miejscNazwa><sln:miejscRodzaj>Wieś</sln:miejscRodzaj><sln:powIIPId>adb95dd1-f39a-46c3-a2ee-c5dfb69b1d25</sln:powIIPId><sln:powIIPPn>PL.PZGIK.200</sln:powIIPPn><sln:powIIPWersja>2012-09-27T07:52:00+02:00</sln:powIIPWersja><sln:powIdTeryt>1214</sln:powIdTeryt><sln:powNazwa>proszowicki</sln:powNazwa><sln:waznyOd>2015-02-02T00:00:00+01:00</sln:waznyOd><sln:wojIIPId>dd2e3c64-f861-47cf-a3a3-e7751f272b2f</sln:wojIIPId><sln:wojIIPPn>PL.PZGIK.200</sln:wojIIPPn><sln:wojIIPWersja>2017-10-10T00:00:00+02:00</sln:wojIIPWersja><sln:wojIdTeryt>12</sln:wojIdTeryt><sln:wojNazwa>małopolskie</sln:wojNazwa></sln:miejscowosc><sln:miejscowosc><sln:cyklZyciaOd>2017-04-18T00:00:00+02:00</sln:cyklZyciaOd><sln:gmIIPId>ea754923-cf8a-4e78-a6cb-af933d229d28</sln:gmIIPId><sln:gmIIPPn>PL.PZGIK.200</sln:gmIIPPn><sln:gmIIPWersja>2012-09-26T22:11:56+02:00</sln:gmIIPWersja><sln:gmIdTeryt>1214022</sln:gmIdTeryt><sln:gmNazwa>Koszyce</sln:gmNazwa><sln:miejscIIPId>1ddfdfef-3126-4ec3-a816-e2a03165286d</sln:miejscIIPId><sln:miejscIIPPn>PL.PZGIK.200</sln:miejscIIPPn><sln:miejscIIPWersja>2017-04-18T16:52:31+02:00</sln:miejscIIPWersja><sln:miejscIdTeryt>0244788</sln:miejscIdTeryt><sln:miejscNazwa>Morsko</sln:miejscNazwa><sln:miejscRodzaj>Wieś</sln:miejscRodzaj><sln:powIIPId>adb95dd1-f39a-46c3-a2ee-c5dfb69b1d25</sln:powIIPId><sln:powIIPPn>PL.PZGIK.200</sln:powIIPPn><sln:powIIPWersja>2012-09-27T07:52:00+02:00</sln:powIIPWersja><sln:powIdTeryt>1214</sln:powIdTeryt><sln:powNazwa>proszowicki</sln:powNazwa><sln:waznyOd>2015-02-02T00:00:00+01:00</sln:waznyOd><sln:wojIIPId>dd2e3c64-f861-47cf-a3a3-e7751f272b2f</sln:wojIIPId><sln:wojIIPPn>PL.PZGIK.200</sln:wojIIPPn><sln:wojIIPWersja>2017-10-10T00:00:00+02:00</sln:wojIIPWersja><sln:wojIdTeryt>12</sln:wojIdTeryt><sln:wojNazwa>małopolskie</sln:wojNazwa></sln:miejscowosc><sln:miejscowosc><sln:cyklZyciaOd>2017-04-18T00:00:00+02:00</sln:cyklZyciaOd><sln:gmIIPId>ea754923-cf8a-4e78-a6cb-af933d229d28</sln:gmIIPId><sln:gmIIPPn>PL.PZGIK.200</sln:gmIIPPn><sln:gmIIPWersja>2012-09-26T22:11:56+02:00</sln:gmIIPWersja><sln:gmIdTeryt>1214022</sln:gmIdTeryt><sln:gmNazwa>Koszyce</sln:gmNazwa><sln:miejscIIPId>109d2167-afb4-4975-b736-4465b36496ff</sln:miejscIIPId><sln:miejscIIPPn>PL.PZGIK.200</sln:miejscIIPPn><sln:miejscIIPWersja>2017-04-18T16:52:31+02:00</sln:miejscIIPWersja><sln:miejscIdTeryt>0244819</sln:miejscIdTeryt><sln:miejscNazwa>Piotrowice</sln:miejscNazwa><sln:miejscRodzaj>Wieś</sln:miejscRodzaj><sln:powIIPId>adb95dd1-f39a-46c3-a2ee-c5dfb69b1d25</sln:powIIPId><sln:powIIPPn>PL.PZGIK.200</sln:powIIPPn><sln:powIIPWersja>2012-09-27T07:52:00+02:00</sln:powIIPWersja><sln:powIdTeryt>1214</sln:powIdTeryt><sln:powNazwa>proszowicki</sln:powNazwa><sln:waznyOd>2015-02-02T00:00:00+01:00</sln:waznyOd><sln:wojIIPId>dd2e3c64-f861-47cf-a3a3-e7751f272b2f</sln:wojIIPId><sln:wojIIPPn>PL.PZGIK.200</sln:wojIIPPn><sln:wojIIPWersja>2017-10-10T00:00:00+02:00</sln:wojIIPWersja><sln:wojIdTeryt>12</sln:wojIdTeryt><sln:wojNazwa>małopolskie</sln:wojNazwa></sln:miejscowosc><sln:miejscowosc><sln:cyklZyciaOd>2017-04-18T00:00:00+02:00</sln:cyklZyciaOd><sln:gmIIPId>ea754923-cf8a-4e78-a6cb-af933d229d28</sln:gmIIPId><sln:gmIIPPn>PL.PZGIK.200</sln:gmIIPPn><sln:gmIIPWersja>2012-09-26T22:11:56+02:00</sln:gmIIPWersja><sln:gmIdTeryt>1214022</sln:gmIdTeryt><sln:gmNazwa>Koszyce</sln:gmNazwa><sln:miejscIIPId>98a4bb7b-07a0-4868-8247-7ccaf782ca60</sln:miejscIIPId><sln:miejscIIPPn>PL.PZGIK.200</sln:miejscIIPPn><sln:miejscIIPWersja>2017-04-18T16:52:31+02:00</sln:miejscIIPWersja><sln:miejscIdTeryt>0244848</sln:miejscIdTeryt><sln:miejscNazwa>Przemyków</sln:miejscNazwa><sln:miejscRodzaj>Wieś</sln:miejscRodzaj><sln:powIIPId>adb95dd1-f39a-46c3-a2ee-c5dfb69b1d25</sln:powIIPId><sln:powIIPPn>PL.PZGIK.200</sln:powIIPPn><sln:powIIPWersja>2012-09-27T07:52:00+02:00</sln:powIIPWersja><sln:powIdTeryt>1214</sln:powIdTeryt><sln:powNazwa>proszowicki</sln:powNazwa><sln:waznyOd>2015-02-02T00:00:00+01:00</sln:waznyOd><sln:wojIIPId>dd2e3c64-f861-47cf-a3a3-e7751f272b2f</sln:wojIIPId><sln:wojIIPPn>PL.PZGIK.200</sln:wojIIPPn><sln:wojIIPWersja>2017-10-10T00:00:00+02:00</sln:wojIIPWersja><sln:wojIdTeryt>12</sln:wojIdTeryt><sln:wojNazwa>małopolskie</sln:wojNazwa></sln:miejscowosc><sln:miejscowosc><sln:cyklZyciaOd>2017-04-18T00:00:00+02:00</sln:cyklZyciaOd><sln:gmIIPId>ea754923-cf8a-4e78-a6cb-af933d229d28</sln:gmIIPId><sln:gmIIPPn>PL.PZGIK.200</sln:gmIIPPn><sln:gmIIPWersja>2012-09-26T22:11:56+02:00</sln:gmIIPWersja><sln:gmIdTeryt>1214022</sln:gmIdTeryt><sln:gmNazwa>Koszyce</sln:gmNazwa><sln:miejscIIPId>eda2dd4c-cca0-4b8c-bba6-32afac894e21</sln:miejscIIPId><sln:miejscIIPPn>PL.PZGIK.200</sln:miejscIIPPn><sln:miejscIIPWersja>2017-04-18T16:52:32+02:00</sln:miejscIIPWersja><sln:miejscIdTeryt>0244883</sln:miejscIdTeryt><sln:miejscNazwa>Rachwałowice</sln:miejscNazwa><sln:miejscRodzaj>Wieś</sln:miejscRodzaj><sln:powIIPId>adb95dd1-f39a-46c3-a2ee-c5dfb69b1d25</sln:powIIPId><sln:powIIPPn>PL.PZGIK.200</sln:powIIPPn><sln:powIIPWersja>2012-09-27T07:52:00+02:00</sln:powIIPWersja><sln:powIdTeryt>1214</sln:powIdTeryt><sln:powNazwa>proszowicki</sln:powNazwa><sln:waznyOd>2015-02-02T00:00:00+01:00</sln:waznyOd><sln:wojIIPId>dd2e3c64-f861-47cf-a3a3-e7751f272b2f</sln:wojIIPId><sln:wojIIPPn>PL.PZGIK.200</sln:wojIIPPn><sln:wojIIPWersja>2017-10-10T00:00:00+02:00</sln:wojIIPWersja><sln:wojIdTeryt>12</sln:wojIdTeryt><sln:wojNazwa>małopolskie</sln:wojNazwa></sln:miejscowosc><sln:miejscowosc><sln:cyklZyciaOd>2017-04-18T00:00:00+02:00</sln:cyklZyciaOd><sln:gmIIPId>ea754923-cf8a-4e78-a6cb-af933d229d28</sln:gmIIPId><sln:gmIIPPn>PL.PZGIK.200</sln:gmIIPPn><sln:gmIIPWersja>2012-09-26T22:11:56+02:00</sln:gmIIPWersja><sln:gmIdTeryt>1214022</sln:gmIdTeryt><sln:gmNazwa>Koszyce</sln:gmNazwa><sln:miejscIIPId>157b7e8c-fb56-4a5c-aefe-93904a13a57f</sln:miejscIIPId><sln:miejscIIPPn>PL.PZGIK.200</sln:miejscIIPPn><sln:miejscIIPWersja>2017-04-18T16:52:32+02:00</sln:miejscIIPWersja><sln:miejscIdTeryt>0244920</sln:miejscIdTeryt><sln:miejscNazwa>Siedliska</sln:miejscNazwa><sln:miejscRodzaj>Wieś</sln:miejscRodzaj><sln:powIIPId>adb95dd1-f39a-46c3-a2ee-c5dfb69b1d25</sln:powIIPId><sln:powIIPPn>PL.PZGIK.200</sln:powIIPPn><sln:powIIPWersja>2012-09-27T07:52:00+02:00</sln:powIIPWersja><sln:powIdTeryt>1214</sln:powIdTeryt><sln:powNazwa>proszowicki</sln:powNazwa><sln:waznyOd>2015-02-02T00:00:00+01:00</sln:waznyOd><sln:wojIIPId>dd2e3c64-f861-47cf-a3a3-e7751f272b2f</sln:wojIIPId><sln:wojIIPPn>PL.PZGIK.200</sln:wojIIPPn><sln:wojIIPWersja>2017-10-10T00:00:00+02:00</sln:wojIIPWersja><sln:wojIdTeryt>12</sln:wojIdTeryt><sln:wojNazwa>małopolskie</sln:wojNazwa></sln:miejscowosc><sln:miejscowosc><sln:cyklZyciaOd>2017-04-18T00:00:00+02:00</sln:cyklZyciaOd><sln:gmIIPId>ea754923-cf8a-4e78-a6cb-af933d229d28</sln:gmIIPId><sln:gmIIPPn>PL.PZGIK.200</sln:gmIIPPn><sln:gmIIPWersja>2012-09-26T22:11:56+02:00</sln:gmIIPWersja><sln:gmIdTeryt>1214022</sln:gmIdTeryt><sln:gmNazwa>Koszyce</sln:gmNazwa><sln:miejscIIPId>7c55de38-44b6-409d-aeb4-cf18eedca347</sln:miejscIIPId><sln:miejscIIPPn>PL.PZGIK.200</sln:miejscIIPPn><sln:miejscIIPWersja>2017-04-18T16:52:32+02:00</sln:miejscIIPWersja><sln:miejscIdTeryt>0244966</sln:miejscIdTeryt><sln:miejscNazwa>Sokołowice</sln:miejscNazwa><sln:miejscRodzaj>Wieś</sln:miejscRodzaj><sln:powIIPId>adb95dd1-f39a-46c3-a2ee-c5dfb69b1d25</sln:powIIPId><sln:powIIPPn>PL.PZGIK.200</sln:powIIPPn><sln:powIIPWersja>2012-09-27T07:52:00+02:00</sln:powIIPWersja><sln:powIdTeryt>1214</sln:powIdTeryt><sln:powNazwa>proszowicki</sln:powNazwa><sln:waznyOd>2015-02-02T00:00:00+01:00</sln:waznyOd><sln:wojIIPId>dd2e3c64-f861-47cf-a3a3-e7751f272b2f</sln:wojIIPId><sln:wojIIPPn>PL.PZGIK.200</sln:wojIIPPn><sln:wojIIPWersja>2017-10-10T00:00:00+02:00</sln:wojIIPWersja><sln:wojIdTeryt>12</sln:wojIdTeryt><sln:wojNazwa>małopolskie</sln:wojNazwa></sln:miejscowosc><sln:miejscowosc><sln:cyklZyciaOd>2017-04-18T00:00:00+02:00</sln:cyklZyciaOd><sln:gmIIPId>ea754923-cf8a-4e78-a6cb-af933d229d28</sln:gmIIPId><sln:gmIIPPn>PL.PZGIK.200</sln:gmIIPPn><sln:gmIIPWersja>2012-09-26T22:11:56+02:00</sln:gmIIPWersja><sln:gmIdTeryt>1214022</sln:gmIdTeryt><sln:gmNazwa>Koszyce</sln:gmNazwa><sln:miejscIIPId>d3aef038-ba80-429b-ac11-e300527bd17c</sln:miejscIIPId><sln:miejscIIPPn>PL.PZGIK.200</sln:miejscIIPPn><sln:miejscIIPWersja>2017-04-18T16:52:32+02:00</sln:miejscIIPWersja><sln:miejscIdTeryt>0245003</sln:miejscIdTeryt><sln:miejscNazwa>Witów</sln:miejscNazwa><sln:miejscRodzaj>Wieś</sln:miejscRodzaj><sln:powIIPId>adb95dd1-f39a-46c3-a2ee-c5dfb69b1d25</sln:powIIPId><sln:powIIPPn>PL.PZGIK.200</sln:powIIPPn><sln:powIIPWersja>2012-09-27T07:52:00+02:00</sln:powIIPWersja><sln:powIdTeryt>1214</sln:powIdTeryt><sln:powNazwa>proszowicki</sln:powNazwa><sln:waznyOd>2015-02-02T00:00:00+01:00</sln:waznyOd><sln:wojIIPId>dd2e3c64-f861-47cf-a3a3-e7751f272b2f</sln:wojIIPId><sln:wojIIPPn>PL.PZGIK.200</sln:wojIIPPn><sln:wojIIPWersja>2017-10-10T00:00:00+02:00</sln:wojIIPWersja><sln:wojIdTeryt>12</sln:wojIdTeryt><sln:wojNazwa>małopolskie</sln:wojNazwa></sln:miejscowosc><sln:miejscowosc><sln:cyklZyciaOd>2017-04-18T00:00:00+02:00</sln:cyklZyciaOd><sln:gmIIPId>ea754923-cf8a-4e78-a6cb-af933d229d28</sln:gmIIPId><sln:gmIIPPn>PL.PZGIK.200</sln:gmIIPPn><sln:gmIIPWersja>2012-09-26T22:11:56+02:00</sln:gmIIPWersja><sln:gmIdTeryt>1214022</sln:gmIdTeryt><sln:gmNazwa>Koszyce</sln:gmNazwa><sln:miejscIIPId>e021d8b6-edbc-410d-8878-31d13919eada</sln:miejscIIPId><sln:miejscIIPPn>PL.PZGIK.200</sln:miejscIIPPn><sln:miejscIIPWersja>2017-04-18T16:52:32+02:00</sln:miejscIIPWersja><sln:miejscIdTeryt>0245049</sln:miejscIdTeryt><sln:miejscNazwa>Włostowice</sln:miejscNazwa><sln:miejscRodzaj>Wieś</sln:miejscRodzaj><sln:powIIPId>adb95dd1-f39a-46c3-a2ee-c5dfb69b1d25</sln:powIIPId><sln:powIIPPn>PL.PZGIK.200</sln:powIIPPn><sln:powIIPWersja>2012-09-27T07:52:00+02:00</sln:powIIPWersja><sln:powIdTeryt>1214</sln:powIdTeryt><sln:powNazwa>proszowicki</sln:powNazwa><sln:waznyOd>2015-02-02T00:00:00+01:00</sln:waznyOd><sln:wojIIPId>dd2e3c64-f861-47cf-a3a3-e7751f272b2f</sln:wojIIPId><sln:wojIIPPn>PL.PZGIK.200</sln:wojIIPPn><sln:wojIIPWersja>2017-10-10T00:00:00+02:00</sln:wojIIPWersja><sln:wojIdTeryt>12</sln:wojIdTeryt><sln:wojNazwa>małopolskie</sln:wojNazwa></sln:miejscowosc><sln:miejscowosc><sln:cyklZyciaOd>2017-04-18T00:00:00+02:00</sln:cyklZyciaOd><sln:gmIIPId>ea754923-cf8a-4e78-a6cb-af933d229d28</sln:gmIIPId><sln:gmIIPPn>PL.PZGIK.200</sln:gmIIPPn><sln:gmIIPWersja>2012-09-26T22:11:56+02:00</sln:gmIIPWersja><sln:gmIdTeryt>1214022</sln:gmIdTeryt><sln:gmNazwa>Koszyce</sln:gmNazwa><sln:miejscIIPId>fa054543-0388-4013-ba2a-00e6e00dde1d</sln:miejscIIPId><sln:miejscIIPPn>PL.PZGIK.200</sln:miejscIIPPn><sln:miejscIIPWersja>2017-04-18T16:52:32+02:00</sln:miejscIIPWersja><sln:miejscIdTeryt>0245078</sln:miejscIdTeryt><sln:miejscNazwa>Zagaje Książnickie</sln:miejscNazwa><sln:miejscRodzaj>Wieś</sln:miejscRodzaj><sln:powIIPId>adb95dd1-f39a-46c3-a2ee-c5dfb69b1d25</sln:powIIPId><sln:powIIPPn>PL.PZGIK.200</sln:powIIPPn><sln:powIIPWersja>2012-09-27T07:52:00+02:00</sln:powIIPWersja><sln:powIdTeryt>1214</sln:powIdTeryt><sln:powNazwa>proszowicki</sln:powNazwa><sln:waznyOd>2015-02-10T00:00:00+01:00</sln:waznyOd><sln:wojIIPId>dd2e3c64-f861-47cf-a3a3-e7751f272b2f</sln:wojIIPId><sln:wojIIPPn>PL.PZGIK.200</sln:wojIIPPn><sln:wojIIPWersja>2017-10-10T00:00:00+02:00</sln:wojIIPWersja><sln:wojIdTeryt>12</sln:wojIdTeryt><sln:wojNazwa>małopolskie</sln:wojNazwa></sln:miejscowosc></sln:lista-miejscowosci>