<?xml version="1.0" encoding="UTF-8" standalone="yes"?><sln:lista-miejscowosci xmlns:srv="http://gugik.gov.pl/schemas/slowniki-service/1.0" xmlns:sln="http://gugik.gov.pl/schemas/slowniki-schema/1.0"><sln:miejscowosc><sln:cyklZyciaOd>2014-12-06T00:00:00+01:00</sln:cyklZyciaOd><sln:gmIIPId>cc6eff22-cfd7-428d-96b5-e434a99e5a60</sln:gmIIPId><sln:gmIIPPn>PL.PZGIK.200</sln:gmIIPPn><sln:gmIIPWersja>2012-09-26T22:08:36+02:00</sln:gmIIPWersja><sln:gmIdTeryt>1201082</sln:gmIdTeryt><sln:gmNazwa>Trzciana</sln:gmNazwa><sln:miejscIIPId>0c2161b3-9098-4e7c-a7a0-bbeb1da8448e</sln:miejscIIPId><sln:miejscIIPPn>PL.PZGIK.200</sln:miejscIIPPn><sln:miejscIIPWersja>2016-11-24T13:56:40+02:00</sln:miejscIIPWersja><sln:miejscIdTeryt>0838861</sln:miejscIdTeryt><sln:miejscNazwa>Wichraż</sln:miejscNazwa><sln:miejscRodzaj>Inny obiekt</sln:miejscRodzaj><sln:powIIPId>9ae62200-8233-49ef-aec3-b3c95fa6127e</sln:powIIPId><sln:powIIPPn>PL.PZGIK.200</sln:powIIPPn><sln:powIIPWersja>2012-09-27T07:52:00+02:00</sln:powIIPWersja><sln:powIdTeryt>1201</sln:powIdTeryt><sln:powNazwa>bocheński</sln:powNazwa><sln:wojIIPId>dd2e3c64-f861-47cf-a3a3-e7751f272b2f</sln:wojIIPId><sln:wojIIPPn>PL.PZGIK.200</sln:wojIIPPn><sln:wojIIPWersja>2017-10-10T00:00:00+02:00</sln:wojIIPWersja><sln:wojIdTeryt>12</sln:wojIdTeryt><sln:wojNazwa>małopolskie</sln:wojNazwa></sln:miejscowosc><sln:miejscowosc><sln:cyklZyciaOd>2014-12-06T00:00:00+01:00</sln:cyklZyciaOd><sln:gmIIPId>cc6eff22-cfd7-428d-96b5-e434a99e5a60</sln:gmIIPId><sln:gmIIPPn>PL.PZGIK.200</sln:gmIIPPn><sln:gmIIPWersja>2012-09-26T22:08:36+02:00</sln:gmIIPWersja><sln:gmIdTeryt>1201082</sln:gmIdTeryt><sln:gmNazwa>Trzciana</sln:gmNazwa><sln:miejscIIPId>a3745ac1-86a9-463f-b6b9-47a535657efc</sln:miejscIIPId><sln:miejscIIPPn>PL.PZGIK.200</sln:miejscIIPPn><sln:miejscIIPWersja>2016-11-24T13:57:15+02:00</sln:miejscIIPWersja><sln:miejscIdTeryt>0838938</sln:miejscIdTeryt><sln:miejscNazwa>Pasternik</sln:miejscNazwa><sln:miejscRodzaj>Inny obiekt</sln:miejscRodzaj><sln:powIIPId>9ae62200-8233-49ef-aec3-b3c95fa6127e</sln:powIIPId><sln:powIIPPn>PL.PZGIK.200</sln:powIIPPn><sln:powIIPWersja>2012-09-27T07:52:00+02:00</sln:powIIPWersja><sln:powIdTeryt>1201</sln:powIdTeryt><sln:powNazwa>bocheński</sln:powNazwa><sln:wojIIPId>dd2e3c64-f861-47cf-a3a3-e7751f272b2f</sln:wojIIPId><sln:wojIIPPn>PL.PZGIK.200</sln:wojIIPPn><sln:wojIIPWersja>2017-10-10T00:00:00+02:00</sln:wojIIPWersja><sln:wojIdTeryt>12</sln:wojIdTeryt><sln:wojNazwa>małopolskie</sln:wojNazwa></sln:miejscowosc><sln:miejscowosc><sln:cyklZyciaOd>2014-12-06T00:00:00+01:00</sln:cyklZyciaOd><sln:gmIIPId>cc6eff22-cfd7-428d-96b5-e434a99e5a60</sln:gmIIPId><sln:gmIIPPn>PL.PZGIK.200</sln:gmIIPPn><sln:gmIIPWersja>2012-09-26T22:08:36+02:00</sln:gmIIPWersja><sln:gmIdTeryt>1201082</sln:gmIdTeryt><sln:gmNazwa>Trzciana</sln:gmNazwa><sln:miejscIIPId>b5a83b91-ae36-4e5d-a051-ea13117a7b55</sln:miejscIIPId><sln:miejscIIPPn>PL.PZGIK.200</sln:miejscIIPPn><sln:miejscIIPWersja>2016-11-24T13:57:21+02:00</sln:miejscIIPWersja><sln:miejscIdTeryt>0839406</sln:miejscIdTeryt><sln:miejscNazwa>Żyznówka</sln:miejscNazwa><sln:miejscRodzaj>Inny obiekt</sln:miejscRodzaj><sln:powIIPId>9ae62200-8233-49ef-aec3-b3c95fa6127e</sln:powIIPId><sln:powIIPPn>PL.PZGIK.200</sln:powIIPPn><sln:powIIPWersja>2012-09-27T07:52:00+02:00</sln:powIIPWersja><sln:powIdTeryt>1201</sln:powIdTeryt><sln:powNazwa>bocheński</sln:powNazwa><sln:wojIIPId>dd2e3c64-f861-47cf-a3a3-e7751f272b2f</sln:wojIIPId><sln:wojIIPPn>PL.PZGIK.200</sln:wojIIPPn><sln:wojIIPWersja>2017-10-10T00:00:00+02:00</sln:wojIIPWersja><sln:wojIdTeryt>12</sln:wojIdTeryt><sln:wojNazwa>małopolskie</sln:wojNazwa></sln:miejscowosc><sln:miejscowosc><sln:cyklZyciaOd>2014-12-06T00:00:00+01:00</sln:cyklZyciaOd><sln:gmIIPId>cc6eff22-cfd7-428d-96b5-e434a99e5a60</sln:gmIIPId><sln:gmIIPPn>PL.PZGIK.200</sln:gmIIPPn><sln:gmIIPWersja>2012-09-26T22:08:36+02:00</sln:gmIIPWersja><sln:gmIdTeryt>1201082</sln:gmIdTeryt><sln:gmNazwa>Trzciana</sln:gmNazwa><sln:miejscIIPId>ff49567c-02d1-4a3f-9f79-7c519916dde7</sln:miejscIIPId><sln:miejscIIPPn>PL.PZGIK.200</sln:miejscIIPPn><sln:miejscIIPWersja>2016-11-24T13:55:13+02:00</sln:miejscIIPWersja><sln:miejscIdTeryt>0838708</sln:miejscIdTeryt><sln:miejscNazwa>Rzeki</sln:miejscNazwa><sln:miejscRodzaj>Inny obiekt</sln:miejscRodzaj><sln:powIIPId>9ae62200-8233-49ef-aec3-b3c95fa6127e</sln:powIIPId><sln:powIIPPn>PL.PZGIK.200</sln:powIIPPn><sln:powIIPWersja>2012-09-27T07:52:00+02:00</sln:powIIPWersja><sln:powIdTeryt>1201</sln:powIdTeryt><sln:powNazwa>bocheński</sln:powNazwa><sln:wojIIPId>dd2e3c64-f861-47cf-a3a3-e7751f272b2f</sln:wojIIPId><sln:wojIIPPn>PL.PZGIK.200</sln:wojIIPPn><sln:wojIIPWersja>2017-10-10T00:00:00+02:00</sln:wojIIPWersja><sln:wojIdTeryt>12</sln:wojIdTeryt><sln:wojNazwa>małopolskie</sln:wojNazwa></sln:miejscowosc><sln:miejscowosc><sln:cyklZyciaOd>2014-12-06T00:00:00+01:00</sln:cyklZyciaOd><sln:gmIIPId>cc6eff22-cfd7-428d-96b5-e434a99e5a60</sln:gmIIPId><sln:gmIIPPn>PL.PZGIK.200</sln:gmIIPPn><sln:gmIIPWersja>2012-09-26T22:08:36+02:00</sln:gmIIPWersja><sln:gmIdTeryt>1201082</sln:gmIdTeryt><sln:gmNazwa>Trzciana</sln:gmNazwa><sln:miejscIIPId>a82475a7-fb58-4284-a8a2-63ab5ac9ecfe</sln:miejscIIPId><sln:miejscIIPPn>PL.PZGIK.200</sln:miejscIIPPn><sln:miejscIIPWersja>2016-11-24T13:55:27+02:00</sln:miejscIIPWersja><sln:miejscIdTeryt>0838743</sln:miejscIdTeryt><sln:miejscNazwa>Dołki</sln:miejscNazwa><sln:miejscRodzaj>Inny obiekt</sln:miejscRodzaj><sln:powIIPId>9ae62200-8233-49ef-aec3-b3c95fa6127e</sln:powIIPId><sln:powIIPPn>PL.PZGIK.200</sln:powIIPPn><sln:powIIPWersja>2012-09-27T07:52:00+02:00</sln:powIIPWersja><sln:powIdTeryt>1201</sln:powIdTeryt><sln:powNazwa>bocheński</sln:powNazwa><sln:wojIIPId>dd2e3c64-f861-47cf-a3a3-e7751f272b2f</sln:wojIIPId><sln:wojIIPPn>PL.PZGIK.200</sln:wojIIPPn><sln:wojIIPWersja>2017-10-10T00:00:00+02:00</sln:wojIIPWersja><sln:wojIdTeryt>12</sln:wojIdTeryt><sln:wojNazwa>małopolskie</sln:wojNazwa></sln:miejscowosc><sln:miejscowosc><sln:cyklZyciaOd>2014-12-06T00:00:00+01:00</sln:cyklZyciaOd><sln:gmIIPId>cc6eff22-cfd7-428d-96b5-e434a99e5a60</sln:gmIIPId><sln:gmIIPPn>PL.PZGIK.200</sln:gmIIPPn><sln:gmIIPWersja>2012-09-26T22:08:36+02:00</sln:gmIIPWersja><sln:gmIdTeryt>1201082</sln:gmIdTeryt><sln:gmNazwa>Trzciana</sln:gmNazwa><sln:miejscIIPId>7a51cd72-40dd-4fba-bbfc-606c787478b7</sln:miejscIIPId><sln:miejscIIPPn>PL.PZGIK.200</sln:miejscIIPPn><sln:miejscIIPWersja>2016-11-24T13:56:40+02:00</sln:miejscIIPWersja><sln:miejscIdTeryt>0838878</sln:miejscIdTeryt><sln:miejscNazwa>Zagraniczna</sln:miejscNazwa><sln:miejscRodzaj>Inny obiekt</sln:miejscRodzaj><sln:powIIPId>9ae62200-8233-49ef-aec3-b3c95fa6127e</sln:powIIPId><sln:powIIPPn>PL.PZGIK.200</sln:powIIPPn><sln:powIIPWersja>2012-09-27T07:52:00+02:00</sln:powIIPWersja><sln:powIdTeryt>1201</sln:powIdTeryt><sln:powNazwa>bocheński</sln:powNazwa><sln:wojIIPId>dd2e3c64-f861-47cf-a3a3-e7751f272b2f</sln:wojIIPId><sln:wojIIPPn>PL.PZGIK.200</sln:wojIIPPn><sln:wojIIPWersja>2017-10-10T00:00:00+02:00</sln:wojIIPWersja><sln:wojIdTeryt>12</sln:wojIdTeryt><sln:wojNazwa>małopolskie</sln:wojNazwa></sln:miejscowosc><sln:miejscowosc><sln:cyklZyciaOd>2014-12-06T00:00:00+01:00</sln:cyklZyciaOd><sln:gmIIPId>cc6eff22-cfd7-428d-96b5-e434a99e5a60</sln:gmIIPId><sln:gmIIPPn>PL.PZGIK.200</sln:gmIIPPn><sln:gmIIPWersja>2012-09-26T22:08:36+02:00</sln:gmIIPWersja><sln:gmIdTeryt>1201082</sln:gmIdTeryt><sln:gmNazwa>Trzciana</sln:gmNazwa><sln:miejscIIPId>69be9114-4475-4e23-83d2-9313c48c08de</sln:miejscIIPId><sln:miejscIIPPn>PL.PZGIK.200</sln:miejscIIPPn><sln:miejscIIPWersja>2016-11-24T13:55:13+02:00</sln:miejscIIPWersja><sln:miejscIdTeryt>0838625</sln:miejscIdTeryt><sln:miejscNazwa>Pod Brzegiem</sln:miejscNazwa><sln:miejscRodzaj>Inny obiekt</sln:miejscRodzaj><sln:powIIPId>9ae62200-8233-49ef-aec3-b3c95fa6127e</sln:powIIPId><sln:powIIPPn>PL.PZGIK.200</sln:powIIPPn><sln:powIIPWersja>2012-09-27T07:52:00+02:00</sln:powIIPWersja><sln:powIdTeryt>1201</sln:powIdTeryt><sln:powNazwa>bocheński</sln:powNazwa><sln:wojIIPId>dd2e3c64-f861-47cf-a3a3-e7751f272b2f</sln:wojIIPId><sln:wojIIPPn>PL.PZGIK.200</sln:wojIIPPn><sln:wojIIPWersja>2017-10-10T00:00:00+02:00</sln:wojIIPWersja><sln:wojIdTeryt>12</sln:wojIdTeryt><sln:wojNazwa>małopolskie</sln:wojNazwa></sln:miejscowosc><sln:miejscowosc><sln:cyklZyciaOd>2014-12-06T00:00:00+01:00</sln:cyklZyciaOd><sln:gmIIPId>cc6eff22-cfd7-428d-96b5-e434a99e5a60</sln:gmIIPId><sln:gmIIPPn>PL.PZGIK.200</sln:gmIIPPn><sln:gmIIPWersja>2012-09-26T22:08:36+02:00</sln:gmIIPWersja><sln:gmIdTeryt>1201082</sln:gmIdTeryt><sln:gmNazwa>Trzciana</sln:gmNazwa><sln:miejscIIPId>3334cb52-0615-4c90-b7a0-d641fe0ad713</sln:miejscIIPId><sln:miejscIIPPn>PL.PZGIK.200</sln:miejscIIPPn><sln:miejscIIPWersja>2016-11-24T13:57:15+02:00</sln:miejscIIPWersja><sln:miejscIdTeryt>0838915</sln:miejscIdTeryt><sln:miejscNazwa>Nagórze</sln:miejscNazwa><sln:miejscRodzaj>Inny obiekt</sln:miejscRodzaj><sln:powIIPId>9ae62200-8233-49ef-aec3-b3c95fa6127e</sln:powIIPId><sln:powIIPPn>PL.PZGIK.200</sln:powIIPPn><sln:powIIPWersja>2012-09-27T07:52:00+02:00</sln:powIIPWersja><sln:powIdTeryt>1201</sln:powIdTeryt><sln:powNazwa>bocheński</sln:powNazwa><sln:wojIIPId>dd2e3c64-f861-47cf-a3a3-e7751f272b2f</sln:wojIIPId><sln:wojIIPPn>PL.PZGIK.200</sln:wojIIPPn><sln:wojIIPWersja>2017-10-10T00:00:00+02:00</sln:wojIIPWersja><sln:wojIdTeryt>12</sln:wojIdTeryt><sln:wojNazwa>małopolskie</sln:wojNazwa></sln:miejscowosc><sln:miejscowosc><sln:cyklZyciaOd>2014-12-06T00:00:00+01:00</sln:cyklZyciaOd><sln:gmIIPId>cc6eff22-cfd7-428d-96b5-e434a99e5a60</sln:gmIIPId><sln:gmIIPPn>PL.PZGIK.200</sln:gmIIPPn><sln:gmIIPWersja>2012-09-26T22:08:36+02:00</sln:gmIIPWersja><sln:gmIdTeryt>1201082</sln:gmIdTeryt><sln:gmNazwa>Trzciana</sln:gmNazwa><sln:miejscIIPId>9486fc89-c315-49a8-a22c-37588a45228f</sln:miejscIIPId><sln:miejscIIPPn>PL.PZGIK.200</sln:miejscIIPPn><sln:miejscIIPWersja>2016-11-24T13:49:01+02:00</sln:miejscIIPWersja><sln:miejscIdTeryt>0839398</sln:miejscIdTeryt><sln:miejscNazwa>Zarzecze</sln:miejscNazwa><sln:miejscRodzaj>Inny obiekt</sln:miejscRodzaj><sln:powIIPId>9ae62200-8233-49ef-aec3-b3c95fa6127e</sln:powIIPId><sln:powIIPPn>PL.PZGIK.200</sln:powIIPPn><sln:powIIPWersja>2012-09-27T07:52:00+02:00</sln:powIIPWersja><sln:powIdTeryt>1201</sln:powIdTeryt><sln:powNazwa>bocheński</sln:powNazwa><sln:wojIIPId>dd2e3c64-f861-47cf-a3a3-e7751f272b2f</sln:wojIIPId><sln:wojIIPPn>PL.PZGIK.200</sln:wojIIPPn><sln:wojIIPWersja>2017-10-10T00:00:00+02:00</sln:wojIIPWersja><sln:wojIdTeryt>12</sln:wojIdTeryt><sln:wojNazwa>małopolskie</sln:wojNazwa></sln:miejscowosc><sln:miejscowosc><sln:cyklZyciaOd>2014-12-06T00:00:00+01:00</sln:cyklZyciaOd><sln:gmIIPId>cc6eff22-cfd7-428d-96b5-e434a99e5a60</sln:gmIIPId><sln:gmIIPPn>PL.PZGIK.200</sln:gmIIPPn><sln:gmIIPWersja>2012-09-26T22:08:36+02:00</sln:gmIIPWersja><sln:gmIdTeryt>1201082</sln:gmIdTeryt><sln:gmNazwa>Trzciana</sln:gmNazwa><sln:miejscIIPId>111316ef-f3d5-471c-b832-e27781f3f69c</sln:miejscIIPId><sln:miejscIIPPn>PL.PZGIK.200</sln:miejscIIPPn><sln:miejscIIPWersja>2016-11-24T13:49:01+02:00</sln:miejscIIPWersja><sln:miejscIdTeryt>0839323</sln:miejscIdTeryt><sln:miejscNazwa>Działy</sln:miejscNazwa><sln:miejscRodzaj>Inny obiekt</sln:miejscRodzaj><sln:powIIPId>9ae62200-8233-49ef-aec3-b3c95fa6127e</sln:powIIPId><sln:powIIPPn>PL.PZGIK.200</sln:powIIPPn><sln:powIIPWersja>2012-09-27T07:52:00+02:00</sln:powIIPWersja><sln:powIdTeryt>1201</sln:powIdTeryt><sln:powNazwa>bocheński</sln:powNazwa><sln:wojIIPId>dd2e3c64-f861-47cf-a3a3-e7751f272b2f</sln:wojIIPId><sln:wojIIPPn>PL.PZGIK.200</sln:wojIIPPn><sln:wojIIPWersja>2017-10-10T00:00:00+02:00</sln:wojIIPWersja><sln:wojIdTeryt>12</sln:wojIdTeryt><sln:wojNazwa>małopolskie</sln:wojNazwa></sln:miejscowosc><sln:miejscowosc><sln:cyklZyciaOd>2014-12-06T00:00:00+01:00</sln:cyklZyciaOd><sln:gmIIPId>cc6eff22-cfd7-428d-96b5-e434a99e5a60</sln:gmIIPId><sln:gmIIPPn>PL.PZGIK.200</sln:gmIIPPn><sln:gmIIPWersja>2012-09-26T22:08:36+02:00</sln:gmIIPWersja><sln:gmIdTeryt>1201082</sln:gmIdTeryt><sln:gmNazwa>Trzciana</sln:gmNazwa><sln:miejscIIPId>c0cd1e23-4ce9-48f8-a34b-fdec8ab1d785</sln:miejscIIPId><sln:miejscIIPPn>PL.PZGIK.200</sln:miejscIIPPn><sln:miejscIIPWersja>2016-11-24T13:57:15+02:00</sln:miejscIIPWersja><sln:miejscIdTeryt>0838944</sln:miejscIdTeryt><sln:miejscNazwa>Półrolki</sln:miejscNazwa><sln:miejscRodzaj>Inny obiekt</sln:miejscRodzaj><sln:powIIPId>9ae62200-8233-49ef-aec3-b3c95fa6127e</sln:powIIPId><sln:powIIPPn>PL.PZGIK.200</sln:powIIPPn><sln:powIIPWersja>2012-09-27T07:52:00+02:00</sln:powIIPWersja><sln:powIdTeryt>1201</sln:powIdTeryt><sln:powNazwa>bocheński</sln:powNazwa><sln:wojIIPId>dd2e3c64-f861-47cf-a3a3-e7751f272b2f</sln:wojIIPId><sln:wojIIPPn>PL.PZGIK.200</sln:wojIIPPn><sln:wojIIPWersja>2017-10-10T00:00:00+02:00</sln:wojIIPWersja><sln:wojIdTeryt>12</sln:wojIdTeryt><sln:wojNazwa>małopolskie</sln:wojNazwa></sln:miejscowosc><sln:miejscowosc><sln:cyklZyciaOd>2014-12-06T00:00:00+01:00</sln:cyklZyciaOd><sln:gmIIPId>cc6eff22-cfd7-428d-96b5-e434a99e5a60</sln:gmIIPId><sln:gmIIPPn>PL.PZGIK.200</sln:gmIIPPn><sln:gmIIPWersja>2012-09-26T22:08:36+02:00</sln:gmIIPWersja><sln:gmIdTeryt>1201082</sln:gmIdTeryt><sln:gmNazwa>Trzciana</sln:gmNazwa><sln:miejscIIPId>74e47633-4f0b-4a68-b29d-05f334594f5d</sln:miejscIIPId><sln:miejscIIPPn>PL.PZGIK.200</sln:miejscIIPPn><sln:miejscIIPWersja>2016-11-24T13:56:40+02:00</sln:miejscIIPWersja><sln:miejscIdTeryt>0838855</sln:miejscIdTeryt><sln:miejscNazwa>Kaliszówka</sln:miejscNazwa><sln:miejscRodzaj>Inny obiekt</sln:miejscRodzaj><sln:powIIPId>9ae62200-8233-49ef-aec3-b3c95fa6127e</sln:powIIPId><sln:powIIPPn>PL.PZGIK.200</sln:powIIPPn><sln:powIIPWersja>2012-09-27T07:52:00+02:00</sln:powIIPWersja><sln:powIdTeryt>1201</sln:powIdTeryt><sln:powNazwa>bocheński</sln:powNazwa><sln:wojIIPId>dd2e3c64-f861-47cf-a3a3-e7751f272b2f</sln:wojIIPId><sln:wojIIPPn>PL.PZGIK.200</sln:wojIIPPn><sln:wojIIPWersja>2017-10-10T00:00:00+02:00</sln:wojIIPWersja><sln:wojIdTeryt>12</sln:wojIdTeryt><sln:wojNazwa>małopolskie</sln:wojNazwa></sln:miejscowosc><sln:miejscowosc><sln:cyklZyciaOd>2014-12-06T00:00:00+01:00</sln:cyklZyciaOd><sln:gmIIPId>cc6eff22-cfd7-428d-96b5-e434a99e5a60</sln:gmIIPId><sln:gmIIPPn>PL.PZGIK.200</sln:gmIIPPn><sln:gmIIPWersja>2012-09-26T22:08:36+02:00</sln:gmIIPWersja><sln:gmIdTeryt>1201082</sln:gmIdTeryt><sln:gmNazwa>Trzciana</sln:gmNazwa><sln:miejscIIPId>181101fb-fe2f-4717-9104-1b1ab55e5966</sln:miejscIIPId><sln:miejscIIPPn>PL.PZGIK.200</sln:miejscIIPPn><sln:miejscIIPWersja>2016-11-24T13:57:15+02:00</sln:miejscIIPWersja><sln:miejscIdTeryt>0838921</sln:miejscIdTeryt><sln:miejscNazwa>Pańskie</sln:miejscNazwa><sln:miejscRodzaj>Inny obiekt</sln:miejscRodzaj><sln:powIIPId>9ae62200-8233-49ef-aec3-b3c95fa6127e</sln:powIIPId><sln:powIIPPn>PL.PZGIK.200</sln:powIIPPn><sln:powIIPWersja>2012-09-27T07:52:00+02:00</sln:powIIPWersja><sln:powIdTeryt>1201</sln:powIdTeryt><sln:powNazwa>bocheński</sln:powNazwa><sln:wojIIPId>dd2e3c64-f861-47cf-a3a3-e7751f272b2f</sln:wojIIPId><sln:wojIIPPn>PL.PZGIK.200</sln:wojIIPPn><sln:wojIIPWersja>2017-10-10T00:00:00+02:00</sln:wojIIPWersja><sln:wojIdTeryt>12</sln:wojIdTeryt><sln:wojNazwa>małopolskie</sln:wojNazwa></sln:miejscowosc><sln:miejscowosc><sln:cyklZyciaOd>2014-12-06T00:00:00+01:00</sln:cyklZyciaOd><sln:gmIIPId>cc6eff22-cfd7-428d-96b5-e434a99e5a60</sln:gmIIPId><sln:gmIIPPn>PL.PZGIK.200</sln:gmIIPPn><sln:gmIIPWersja>2012-09-26T22:08:36+02:00</sln:gmIIPWersja><sln:gmIdTeryt>1201082</sln:gmIdTeryt><sln:gmNazwa>Trzciana</sln:gmNazwa><sln:miejscIIPId>06d5185f-1b6e-4c73-88b9-f285ca114cac</sln:miejscIIPId><sln:miejscIIPPn>PL.PZGIK.200</sln:miejscIIPPn><sln:miejscIIPWersja>2016-11-24T13:57:15+02:00</sln:miejscIIPWersja><sln:miejscIdTeryt>0838967</sln:miejscIdTeryt><sln:miejscNazwa>Zadziele</sln:miejscNazwa><sln:miejscRodzaj>Inny obiekt</sln:miejscRodzaj><sln:powIIPId>9ae62200-8233-49ef-aec3-b3c95fa6127e</sln:powIIPId><sln:powIIPPn>PL.PZGIK.200</sln:powIIPPn><sln:powIIPWersja>2012-09-27T07:52:00+02:00</sln:powIIPWersja><sln:powIdTeryt>1201</sln:powIdTeryt><sln:powNazwa>bocheński</sln:powNazwa><sln:wojIIPId>dd2e3c64-f861-47cf-a3a3-e7751f272b2f</sln:wojIIPId><sln:wojIIPPn>PL.PZGIK.200</sln:wojIIPPn><sln:wojIIPWersja>2017-10-10T00:00:00+02:00</sln:wojIIPWersja><sln:wojIdTeryt>12</sln:wojIdTeryt><sln:wojNazwa>małopolskie</sln:wojNazwa></sln:miejscowosc><sln:miejscowosc><sln:cyklZyciaOd>2014-12-06T00:00:00+01:00</sln:cyklZyciaOd><sln:gmIIPId>cc6eff22-cfd7-428d-96b5-e434a99e5a60</sln:gmIIPId><sln:gmIIPPn>PL.PZGIK.200</sln:gmIIPPn><sln:gmIIPWersja>2012-09-26T22:08:36+02:00</sln:gmIIPWersja><sln:gmIdTeryt>1201082</sln:gmIdTeryt><sln:gmNazwa>Trzciana</sln:gmNazwa><sln:miejscIIPId>80bcf1b3-a377-41eb-a524-010a2675d41d</sln:miejscIIPId><sln:miejscIIPPn>PL.PZGIK.200</sln:miejscIIPPn><sln:miejscIIPWersja>2016-11-24T13:32:28+02:00</sln:miejscIIPWersja><sln:miejscIdTeryt>0839317</sln:miejscIdTeryt><sln:miejscNazwa>Trzciana</sln:miejscNazwa><sln:miejscRodzaj>Wieś</sln:miejscRodzaj><sln:powIIPId>9ae62200-8233-49ef-aec3-b3c95fa6127e</sln:powIIPId><sln:powIIPPn>PL.PZGIK.200</sln:powIIPPn><sln:powIIPWersja>2012-09-27T07:52:00+02:00</sln:powIIPWersja><sln:powIdTeryt>1201</sln:powIdTeryt><sln:powNazwa>bocheński</sln:powNazwa><sln:wojIIPId>dd2e3c64-f861-47cf-a3a3-e7751f272b2f</sln:wojIIPId><sln:wojIIPPn>PL.PZGIK.200</sln:wojIIPPn><sln:wojIIPWersja>2017-10-10T00:00:00+02:00</sln:wojIIPWersja><sln:wojIdTeryt>12</sln:wojIdTeryt><sln:wojNazwa>małopolskie</sln:wojNazwa></sln:miejscowosc><sln:miejscowosc><sln:cyklZyciaOd>2014-12-06T00:00:00+01:00</sln:cyklZyciaOd><sln:gmIIPId>cc6eff22-cfd7-428d-96b5-e434a99e5a60</sln:gmIIPId><sln:gmIIPPn>PL.PZGIK.200</sln:gmIIPPn><sln:gmIIPWersja>2012-09-26T22:08:36+02:00</sln:gmIIPWersja><sln:gmIdTeryt>1201082</sln:gmIdTeryt><sln:gmNazwa>Trzciana</sln:gmNazwa><sln:miejscIIPId>5111eff6-9634-49b1-9bfd-dc6ea22e1c57</sln:miejscIIPId><sln:miejscIIPPn>PL.PZGIK.200</sln:miejscIIPPn><sln:miejscIIPWersja>2016-11-24T13:39:11+02:00</sln:miejscIIPWersja><sln:miejscIdTeryt>0838542</sln:miejscIdTeryt><sln:miejscNazwa>Kamionna</sln:miejscNazwa><sln:miejscRodzaj>Wieś</sln:miejscRodzaj><sln:powIIPId>9ae62200-8233-49ef-aec3-b3c95fa6127e</sln:powIIPId><sln:powIIPPn>PL.PZGIK.200</sln:powIIPPn><sln:powIIPWersja>2012-09-27T07:52:00+02:00</sln:powIIPWersja><sln:powIdTeryt>1201</sln:powIdTeryt><sln:powNazwa>bocheński</sln:powNazwa><sln:wojIIPId>dd2e3c64-f861-47cf-a3a3-e7751f272b2f</sln:wojIIPId><sln:wojIIPPn>PL.PZGIK.200</sln:wojIIPPn><sln:wojIIPWersja>2017-10-10T00:00:00+02:00</sln:wojIIPWersja><sln:wojIdTeryt>12</sln:wojIdTeryt><sln:wojNazwa>małopolskie</sln:wojNazwa></sln:miejscowosc><sln:miejscowosc><sln:cyklZyciaOd>2014-12-06T00:00:00+01:00</sln:cyklZyciaOd><sln:gmIIPId>cc6eff22-cfd7-428d-96b5-e434a99e5a60</sln:gmIIPId><sln:gmIIPPn>PL.PZGIK.200</sln:gmIIPPn><sln:gmIIPWersja>2012-09-26T22:08:36+02:00</sln:gmIIPWersja><sln:gmIdTeryt>1201082</sln:gmIdTeryt><sln:gmNazwa>Trzciana</sln:gmNazwa><sln:miejscIIPId>a517cfec-81dd-4fb3-a118-3b2c9aa8f864</sln:miejscIIPId><sln:miejscIIPPn>PL.PZGIK.200</sln:miejscIIPPn><sln:miejscIIPWersja>2016-11-24T13:57:15+02:00</sln:miejscIIPWersja><sln:miejscIdTeryt>0838950</sln:miejscIdTeryt><sln:miejscNazwa>Sikornice</sln:miejscNazwa><sln:miejscRodzaj>Inny obiekt</sln:miejscRodzaj><sln:powIIPId>9ae62200-8233-49ef-aec3-b3c95fa6127e</sln:powIIPId><sln:powIIPPn>PL.PZGIK.200</sln:powIIPPn><sln:powIIPWersja>2012-09-27T07:52:00+02:00</sln:powIIPWersja><sln:powIdTeryt>1201</sln:powIdTeryt><sln:powNazwa>bocheński</sln:powNazwa><sln:wojIIPId>dd2e3c64-f861-47cf-a3a3-e7751f272b2f</sln:wojIIPId><sln:wojIIPPn>PL.PZGIK.200</sln:wojIIPPn><sln:wojIIPWersja>2017-10-10T00:00:00+02:00</sln:wojIIPWersja><sln:wojIdTeryt>12</sln:wojIdTeryt><sln:wojNazwa>małopolskie</sln:wojNazwa></sln:miejscowosc><sln:miejscowosc><sln:cyklZyciaOd>2014-12-06T00:00:00+01:00</sln:cyklZyciaOd><sln:gmIIPId>cc6eff22-cfd7-428d-96b5-e434a99e5a60</sln:gmIIPId><sln:gmIIPPn>PL.PZGIK.200</sln:gmIIPPn><sln:gmIIPWersja>2012-09-26T22:08:36+02:00</sln:gmIIPWersja><sln:gmIdTeryt>1201082</sln:gmIdTeryt><sln:gmNazwa>Trzciana</sln:gmNazwa><sln:miejscIIPId>eb6764a9-4129-4c03-acfe-5a0d24126f20</sln:miejscIIPId><sln:miejscIIPPn>PL.PZGIK.200</sln:miejscIIPPn><sln:miejscIIPWersja>2016-11-24T13:39:26+02:00</sln:miejscIIPWersja><sln:miejscIdTeryt>0838737</sln:miejscIdTeryt><sln:miejscNazwa>Kierlikówka</sln:miejscNazwa><sln:miejscRodzaj>Wieś</sln:miejscRodzaj><sln:powIIPId>9ae62200-8233-49ef-aec3-b3c95fa6127e</sln:powIIPId><sln:powIIPPn>PL.PZGIK.200</sln:powIIPPn><sln:powIIPWersja>2012-09-27T07:52:00+02:00</sln:powIIPWersja><sln:powIdTeryt>1201</sln:powIdTeryt><sln:powNazwa>bocheński</sln:powNazwa><sln:wojIIPId>dd2e3c64-f861-47cf-a3a3-e7751f272b2f</sln:wojIIPId><sln:wojIIPPn>PL.PZGIK.200</sln:wojIIPPn><sln:wojIIPWersja>2017-10-10T00:00:00+02:00</sln:wojIIPWersja><sln:wojIdTeryt>12</sln:wojIdTeryt><sln:wojNazwa>małopolskie</sln:wojNazwa></sln:miejscowosc><sln:miejscowosc><sln:cyklZyciaOd>2014-12-06T00:00:00+01:00</sln:cyklZyciaOd><sln:gmIIPId>cc6eff22-cfd7-428d-96b5-e434a99e5a60</sln:gmIIPId><sln:gmIIPPn>PL.PZGIK.200</sln:gmIIPPn><sln:gmIIPWersja>2012-09-26T22:08:36+02:00</sln:gmIIPWersja><sln:gmIdTeryt>1201082</sln:gmIdTeryt><sln:gmNazwa>Trzciana</sln:gmNazwa><sln:miejscIIPId>3838f66d-c963-4f7f-88c1-e4ae46f99590</sln:miejscIIPId><sln:miejscIIPPn>PL.PZGIK.200</sln:miejscIIPPn><sln:miejscIIPWersja>2016-11-24T13:55:13+02:00</sln:miejscIIPWersja><sln:miejscIdTeryt>0838720</sln:miejscIdTeryt><sln:miejscNazwa>Zastawie</sln:miejscNazwa><sln:miejscRodzaj>Inny obiekt</sln:miejscRodzaj><sln:powIIPId>9ae62200-8233-49ef-aec3-b3c95fa6127e</sln:powIIPId><sln:powIIPPn>PL.PZGIK.200</sln:powIIPPn><sln:powIIPWersja>2012-09-27T07:52:00+02:00</sln:powIIPWersja><sln:powIdTeryt>1201</sln:powIdTeryt><sln:powNazwa>bocheński</sln:powNazwa><sln:wojIIPId>dd2e3c64-f861-47cf-a3a3-e7751f272b2f</sln:wojIIPId><sln:wojIIPPn>PL.PZGIK.200</sln:wojIIPPn><sln:wojIIPWersja>2017-10-10T00:00:00+02:00</sln:wojIIPWersja><sln:wojIdTeryt>12</sln:wojIdTeryt><sln:wojNazwa>małopolskie</sln:wojNazwa></sln:miejscowosc><sln:miejscowosc><sln:cyklZyciaOd>2014-12-06T00:00:00+01:00</sln:cyklZyciaOd><sln:gmIIPId>cc6eff22-cfd7-428d-96b5-e434a99e5a60</sln:gmIIPId><sln:gmIIPPn>PL.PZGIK.200</sln:gmIIPPn><sln:gmIIPWersja>2012-09-26T22:08:36+02:00</sln:gmIIPWersja><sln:gmIdTeryt>1201082</sln:gmIdTeryt><sln:gmNazwa>Trzciana</sln:gmNazwa><sln:miejscIIPId>37d864c0-3eac-4b63-89bd-f1c1de2245a0</sln:miejscIIPId><sln:miejscIIPPn>PL.PZGIK.200</sln:miejscIIPPn><sln:miejscIIPWersja>2016-11-24T13:55:13+02:00</sln:miejscIIPWersja><sln:miejscIdTeryt>0838677</sln:miejscIdTeryt><sln:miejscNazwa>Podłupiska</sln:miejscNazwa><sln:miejscRodzaj>Inny obiekt</sln:miejscRodzaj><sln:powIIPId>9ae62200-8233-49ef-aec3-b3c95fa6127e</sln:powIIPId><sln:powIIPPn>PL.PZGIK.200</sln:powIIPPn><sln:powIIPWersja>2012-09-27T07:52:00+02:00</sln:powIIPWersja><sln:powIdTeryt>1201</sln:powIdTeryt><sln:powNazwa>bocheński</sln:powNazwa><sln:wojIIPId>dd2e3c64-f861-47cf-a3a3-e7751f272b2f</sln:wojIIPId><sln:wojIIPPn>PL.PZGIK.200</sln:wojIIPPn><sln:wojIIPWersja>2017-10-10T00:00:00+02:00</sln:wojIIPWersja><sln:wojIdTeryt>12</sln:wojIdTeryt><sln:wojNazwa>małopolskie</sln:wojNazwa></sln:miejscowosc><sln:miejscowosc><sln:cyklZyciaOd>2014-12-06T00:00:00+01:00</sln:cyklZyciaOd><sln:gmIIPId>cc6eff22-cfd7-428d-96b5-e434a99e5a60</sln:gmIIPId><sln:gmIIPPn>PL.PZGIK.200</sln:gmIIPPn><sln:gmIIPWersja>2012-09-26T22:08:36+02:00</sln:gmIIPWersja><sln:gmIdTeryt>1201082</sln:gmIdTeryt><sln:gmNazwa>Trzciana</sln:gmNazwa><sln:miejscIIPId>809e3dc4-1640-4326-abfd-0b645038cb96</sln:miejscIIPId><sln:miejscIIPPn>PL.PZGIK.200</sln:miejscIIPPn><sln:miejscIIPWersja>2016-11-24T13:49:01+02:00</sln:miejscIIPWersja><sln:miejscIdTeryt>0839352</sln:miejscIdTeryt><sln:miejscNazwa>Pachówka</sln:miejscNazwa><sln:miejscRodzaj>Inny obiekt</sln:miejscRodzaj><sln:powIIPId>9ae62200-8233-49ef-aec3-b3c95fa6127e</sln:powIIPId><sln:powIIPPn>PL.PZGIK.200</sln:powIIPPn><sln:powIIPWersja>2012-09-27T07:52:00+02:00</sln:powIIPWersja><sln:powIdTeryt>1201</sln:powIdTeryt><sln:powNazwa>bocheński</sln:powNazwa><sln:wojIIPId>dd2e3c64-f861-47cf-a3a3-e7751f272b2f</sln:wojIIPId><sln:wojIIPPn>PL.PZGIK.200</sln:wojIIPPn><sln:wojIIPWersja>2017-10-10T00:00:00+02:00</sln:wojIIPWersja><sln:wojIdTeryt>12</sln:wojIdTeryt><sln:wojNazwa>małopolskie</sln:wojNazwa></sln:miejscowosc><sln:miejscowosc><sln:cyklZyciaOd>2014-12-06T00:00:00+01:00</sln:cyklZyciaOd><sln:gmIIPId>cc6eff22-cfd7-428d-96b5-e434a99e5a60</sln:gmIIPId><sln:gmIIPPn>PL.PZGIK.200</sln:gmIIPPn><sln:gmIIPWersja>2012-09-26T22:08:36+02:00</sln:gmIIPWersja><sln:gmIdTeryt>1201082</sln:gmIdTeryt><sln:gmNazwa>Trzciana</sln:gmNazwa><sln:miejscIIPId>a502fa18-e851-4cf8-b2e9-573d1cc90987</sln:miejscIIPId><sln:miejscIIPPn>PL.PZGIK.200</sln:miejscIIPPn><sln:miejscIIPWersja>2016-11-24T13:49:01+02:00</sln:miejscIIPWersja><sln:miejscIdTeryt>0839381</sln:miejscIdTeryt><sln:miejscNazwa>Zalesie</sln:miejscNazwa><sln:miejscRodzaj>Inny obiekt</sln:miejscRodzaj><sln:powIIPId>9ae62200-8233-49ef-aec3-b3c95fa6127e</sln:powIIPId><sln:powIIPPn>PL.PZGIK.200</sln:powIIPPn><sln:powIIPWersja>2012-09-27T07:52:00+02:00</sln:powIIPWersja><sln:powIdTeryt>1201</sln:powIdTeryt><sln:powNazwa>bocheński</sln:powNazwa><sln:wojIIPId>dd2e3c64-f861-47cf-a3a3-e7751f272b2f</sln:wojIIPId><sln:wojIIPPn>PL.PZGIK.200</sln:wojIIPPn><sln:wojIIPWersja>2017-10-10T00:00:00+02:00</sln:wojIIPWersja><sln:wojIdTeryt>12</sln:wojIdTeryt><sln:wojNazwa>małopolskie</sln:wojNazwa></sln:miejscowosc><sln:miejscowosc><sln:cyklZyciaOd>2014-12-06T00:00:00+01:00</sln:cyklZyciaOd><sln:gmIIPId>cc6eff22-cfd7-428d-96b5-e434a99e5a60</sln:gmIIPId><sln:gmIIPPn>PL.PZGIK.200</sln:gmIIPPn><sln:gmIIPWersja>2012-09-26T22:08:36+02:00</sln:gmIIPWersja><sln:gmIdTeryt>1201082</sln:gmIdTeryt><sln:gmNazwa>Trzciana</sln:gmNazwa><sln:miejscIIPId>a20d194e-25a9-44cf-90ed-9e662f475556</sln:miejscIIPId><sln:miejscIIPPn>PL.PZGIK.200</sln:miejscIIPPn><sln:miejscIIPWersja>2016-11-24T13:40:59+02:00</sln:miejscIIPWersja><sln:miejscIdTeryt>0838849</sln:miejscIdTeryt><sln:miejscNazwa>Leszczyna</sln:miejscNazwa><sln:miejscRodzaj>Wieś</sln:miejscRodzaj><sln:powIIPId>9ae62200-8233-49ef-aec3-b3c95fa6127e</sln:powIIPId><sln:powIIPPn>PL.PZGIK.200</sln:powIIPPn><sln:powIIPWersja>2012-09-27T07:52:00+02:00</sln:powIIPWersja><sln:powIdTeryt>1201</sln:powIdTeryt><sln:powNazwa>bocheński</sln:powNazwa><sln:wojIIPId>dd2e3c64-f861-47cf-a3a3-e7751f272b2f</sln:wojIIPId><sln:wojIIPPn>PL.PZGIK.200</sln:wojIIPPn><sln:wojIIPWersja>2017-10-10T00:00:00+02:00</sln:wojIIPWersja><sln:wojIdTeryt>12</sln:wojIdTeryt><sln:wojNazwa>małopolskie</sln:wojNazwa></sln:miejscowosc><sln:miejscowosc><sln:cyklZyciaOd>2014-12-06T00:00:00+01:00</sln:cyklZyciaOd><sln:gmIIPId>cc6eff22-cfd7-428d-96b5-e434a99e5a60</sln:gmIIPId><sln:gmIIPPn>PL.PZGIK.200</sln:gmIIPPn><sln:gmIIPWersja>2012-09-26T22:08:36+02:00</sln:gmIIPWersja><sln:gmIdTeryt>1201082</sln:gmIdTeryt><sln:gmNazwa>Trzciana</sln:gmNazwa><sln:miejscIIPId>eac02c35-33a5-459b-a740-9a61a9c33f7a</sln:miejscIIPId><sln:miejscIIPPn>PL.PZGIK.200</sln:miejscIIPPn><sln:miejscIIPWersja>2016-11-24T13:55:27+02:00</sln:miejscIIPWersja><sln:miejscIdTeryt>0838826</sln:miejscIdTeryt><sln:miejscNazwa>Zagórze</sln:miejscNazwa><sln:miejscRodzaj>Inny obiekt</sln:miejscRodzaj><sln:powIIPId>9ae62200-8233-49ef-aec3-b3c95fa6127e</sln:powIIPId><sln:powIIPPn>PL.PZGIK.200</sln:powIIPPn><sln:powIIPWersja>2012-09-27T07:52:00+02:00</sln:powIIPWersja><sln:powIdTeryt>1201</sln:powIdTeryt><sln:powNazwa>bocheński</sln:powNazwa><sln:wojIIPId>dd2e3c64-f861-47cf-a3a3-e7751f272b2f</sln:wojIIPId><sln:wojIIPPn>PL.PZGIK.200</sln:wojIIPPn><sln:wojIIPWersja>2017-10-10T00:00:00+02:00</sln:wojIIPWersja><sln:wojIdTeryt>12</sln:wojIdTeryt><sln:wojNazwa>małopolskie</sln:wojNazwa></sln:miejscowosc><sln:miejscowosc><sln:cyklZyciaOd>2014-12-06T00:00:00+01:00</sln:cyklZyciaOd><sln:gmIIPId>cc6eff22-cfd7-428d-96b5-e434a99e5a60</sln:gmIIPId><sln:gmIIPPn>PL.PZGIK.200</sln:gmIIPPn><sln:gmIIPWersja>2012-09-26T22:08:36+02:00</sln:gmIIPWersja><sln:gmIdTeryt>1201082</sln:gmIdTeryt><sln:gmNazwa>Trzciana</sln:gmNazwa><sln:miejscIIPId>86d46e57-8b7f-4708-b525-b2e9ef2e4c84</sln:miejscIIPId><sln:miejscIIPPn>PL.PZGIK.200</sln:miejscIIPPn><sln:miejscIIPWersja>2016-11-24T13:32:43+02:00</sln:miejscIIPWersja><sln:miejscIdTeryt>0839412</sln:miejscIdTeryt><sln:miejscNazwa>Ujazd</sln:miejscNazwa><sln:miejscRodzaj>Wieś</sln:miejscRodzaj><sln:powIIPId>9ae62200-8233-49ef-aec3-b3c95fa6127e</sln:powIIPId><sln:powIIPPn>PL.PZGIK.200</sln:powIIPPn><sln:powIIPWersja>2012-09-27T07:52:00+02:00</sln:powIIPWersja><sln:powIdTeryt>1201</sln:powIdTeryt><sln:powNazwa>bocheński</sln:powNazwa><sln:wojIIPId>dd2e3c64-f861-47cf-a3a3-e7751f272b2f</sln:wojIIPId><sln:wojIIPPn>PL.PZGIK.200</sln:wojIIPPn><sln:wojIIPWersja>2017-10-10T00:00:00+02:00</sln:wojIIPWersja><sln:wojIdTeryt>12</sln:wojIdTeryt><sln:wojNazwa>małopolskie</sln:wojNazwa></sln:miejscowosc><sln:miejscowosc><sln:cyklZyciaOd>2014-12-06T00:00:00+01:00</sln:cyklZyciaOd><sln:gmIIPId>cc6eff22-cfd7-428d-96b5-e434a99e5a60</sln:gmIIPId><sln:gmIIPPn>PL.PZGIK.200</sln:gmIIPPn><sln:gmIIPWersja>2012-09-26T22:08:36+02:00</sln:gmIIPWersja><sln:gmIdTeryt>1201082</sln:gmIdTeryt><sln:gmNazwa>Trzciana</sln:gmNazwa><sln:miejscIIPId>ac023bc9-5ea0-4e67-8bc3-4a31e222bfa2</sln:miejscIIPId><sln:miejscIIPPn>PL.PZGIK.200</sln:miejscIIPPn><sln:miejscIIPWersja>2016-11-24T13:49:09+02:00</sln:miejscIIPWersja><sln:miejscIdTeryt>0839458</sln:miejscIdTeryt><sln:miejscNazwa>Zabucze</sln:miejscNazwa><sln:miejscRodzaj>Inny obiekt</sln:miejscRodzaj><sln:powIIPId>9ae62200-8233-49ef-aec3-b3c95fa6127e</sln:powIIPId><sln:powIIPPn>PL.PZGIK.200</sln:powIIPPn><sln:powIIPWersja>2012-09-27T07:52:00+02:00</sln:powIIPWersja><sln:powIdTeryt>1201</sln:powIdTeryt><sln:powNazwa>bocheński</sln:powNazwa><sln:wojIIPId>dd2e3c64-f861-47cf-a3a3-e7751f272b2f</sln:wojIIPId><sln:wojIIPPn>PL.PZGIK.200</sln:wojIIPPn><sln:wojIIPWersja>2017-10-10T00:00:00+02:00</sln:wojIIPWersja><sln:wojIdTeryt>12</sln:wojIdTeryt><sln:wojNazwa>małopolskie</sln:wojNazwa></sln:miejscowosc><sln:miejscowosc><sln:cyklZyciaOd>2014-12-06T00:00:00+01:00</sln:cyklZyciaOd><sln:gmIIPId>cc6eff22-cfd7-428d-96b5-e434a99e5a60</sln:gmIIPId><sln:gmIIPPn>PL.PZGIK.200</sln:gmIIPPn><sln:gmIIPWersja>2012-09-26T22:08:36+02:00</sln:gmIIPWersja><sln:gmIdTeryt>1201082</sln:gmIdTeryt><sln:gmNazwa>Trzciana</sln:gmNazwa><sln:miejscIIPId>a570415f-b97c-48d8-9817-72eb3e6254a9</sln:miejscIIPId><sln:miejscIIPPn>PL.PZGIK.200</sln:miejscIIPPn><sln:miejscIIPWersja>2016-11-24T13:55:27+02:00</sln:miejscIIPWersja><sln:miejscIdTeryt>0838795</sln:miejscIdTeryt><sln:miejscNazwa>Pod Dąbry</sln:miejscNazwa><sln:miejscRodzaj>Inny obiekt</sln:miejscRodzaj><sln:powIIPId>9ae62200-8233-49ef-aec3-b3c95fa6127e</sln:powIIPId><sln:powIIPPn>PL.PZGIK.200</sln:powIIPPn><sln:powIIPWersja>2012-09-27T07:52:00+02:00</sln:powIIPWersja><sln:powIdTeryt>1201</sln:powIdTeryt><sln:powNazwa>bocheński</sln:powNazwa><sln:wojIIPId>dd2e3c64-f861-47cf-a3a3-e7751f272b2f</sln:wojIIPId><sln:wojIIPPn>PL.PZGIK.200</sln:wojIIPPn><sln:wojIIPWersja>2017-10-10T00:00:00+02:00</sln:wojIIPWersja><sln:wojIdTeryt>12</sln:wojIdTeryt><sln:wojNazwa>małopolskie</sln:wojNazwa></sln:miejscowosc><sln:miejscowosc><sln:cyklZyciaOd>2014-12-06T00:00:00+01:00</sln:cyklZyciaOd><sln:gmIIPId>cc6eff22-cfd7-428d-96b5-e434a99e5a60</sln:gmIIPId><sln:gmIIPPn>PL.PZGIK.200</sln:gmIIPPn><sln:gmIIPWersja>2012-09-26T22:08:36+02:00</sln:gmIIPWersja><sln:gmIdTeryt>1201082</sln:gmIdTeryt><sln:gmNazwa>Trzciana</sln:gmNazwa><sln:miejscIIPId>81c3ac1e-e8ed-4546-8d5c-34817cde6c0d</sln:miejscIIPId><sln:miejscIIPPn>PL.PZGIK.200</sln:miejscIIPPn><sln:miejscIIPWersja>2016-11-24T13:55:27+02:00</sln:miejscIIPWersja><sln:miejscIdTeryt>0838803</sln:miejscIdTeryt><sln:miejscNazwa>Poddołcze</sln:miejscNazwa><sln:miejscRodzaj>Inny obiekt</sln:miejscRodzaj><sln:powIIPId>9ae62200-8233-49ef-aec3-b3c95fa6127e</sln:powIIPId><sln:powIIPPn>PL.PZGIK.200</sln:powIIPPn><sln:powIIPWersja>2012-09-27T07:52:00+02:00</sln:powIIPWersja><sln:powIdTeryt>1201</sln:powIdTeryt><sln:powNazwa>bocheński</sln:powNazwa><sln:wojIIPId>dd2e3c64-f861-47cf-a3a3-e7751f272b2f</sln:wojIIPId><sln:wojIIPPn>PL.PZGIK.200</sln:wojIIPPn><sln:wojIIPWersja>2017-10-10T00:00:00+02:00</sln:wojIIPWersja><sln:wojIdTeryt>12</sln:wojIdTeryt><sln:wojNazwa>małopolskie</sln:wojNazwa></sln:miejscowosc><sln:miejscowosc><sln:cyklZyciaOd>2014-12-06T00:00:00+01:00</sln:cyklZyciaOd><sln:gmIIPId>cc6eff22-cfd7-428d-96b5-e434a99e5a60</sln:gmIIPId><sln:gmIIPPn>PL.PZGIK.200</sln:gmIIPPn><sln:gmIIPWersja>2012-09-26T22:08:36+02:00</sln:gmIIPWersja><sln:gmIdTeryt>1201082</sln:gmIdTeryt><sln:gmNazwa>Trzciana</sln:gmNazwa><sln:miejscIIPId>9bd643da-95be-41cc-ad52-fa399db72665</sln:miejscIIPId><sln:miejscIIPPn>PL.PZGIK.200</sln:miejscIIPPn><sln:miejscIIPWersja>2016-11-24T13:55:27+02:00</sln:miejscIIPWersja><sln:miejscIdTeryt>0838772</sln:miejscIdTeryt><sln:miejscNazwa>Lutry</sln:miejscNazwa><sln:miejscRodzaj>Inny obiekt</sln:miejscRodzaj><sln:powIIPId>9ae62200-8233-49ef-aec3-b3c95fa6127e</sln:powIIPId><sln:powIIPPn>PL.PZGIK.200</sln:powIIPPn><sln:powIIPWersja>2012-09-27T07:52:00+02:00</sln:powIIPWersja><sln:powIdTeryt>1201</sln:powIdTeryt><sln:powNazwa>bocheński</sln:powNazwa><sln:wojIIPId>dd2e3c64-f861-47cf-a3a3-e7751f272b2f</sln:wojIIPId><sln:wojIIPPn>PL.PZGIK.200</sln:wojIIPPn><sln:wojIIPWersja>2017-10-10T00:00:00+02:00</sln:wojIIPWersja><sln:wojIdTeryt>12</sln:wojIdTeryt><sln:wojNazwa>małopolskie</sln:wojNazwa></sln:miejscowosc><sln:miejscowosc><sln:cyklZyciaOd>2014-12-06T00:00:00+01:00</sln:cyklZyciaOd><sln:gmIIPId>cc6eff22-cfd7-428d-96b5-e434a99e5a60</sln:gmIIPId><sln:gmIIPPn>PL.PZGIK.200</sln:gmIIPPn><sln:gmIIPWersja>2012-09-26T22:08:36+02:00</sln:gmIIPWersja><sln:gmIdTeryt>1201082</sln:gmIdTeryt><sln:gmNazwa>Trzciana</sln:gmNazwa><sln:miejscIIPId>95bce574-df6c-406b-a76d-8f33e2bb656a</sln:miejscIIPId><sln:miejscIIPPn>PL.PZGIK.200</sln:miejscIIPPn><sln:miejscIIPWersja>2016-11-24T13:55:27+02:00</sln:miejscIIPWersja><sln:miejscIdTeryt>0838750</sln:miejscIdTeryt><sln:miejscNazwa>Dział</sln:miejscNazwa><sln:miejscRodzaj>Inny obiekt</sln:miejscRodzaj><sln:powIIPId>9ae62200-8233-49ef-aec3-b3c95fa6127e</sln:powIIPId><sln:powIIPPn>PL.PZGIK.200</sln:powIIPPn><sln:powIIPWersja>2012-09-27T07:52:00+02:00</sln:powIIPWersja><sln:powIdTeryt>1201</sln:powIdTeryt><sln:powNazwa>bocheński</sln:powNazwa><sln:wojIIPId>dd2e3c64-f861-47cf-a3a3-e7751f272b2f</sln:wojIIPId><sln:wojIIPPn>PL.PZGIK.200</sln:wojIIPPn><sln:wojIIPWersja>2017-10-10T00:00:00+02:00</sln:wojIIPWersja><sln:wojIdTeryt>12</sln:wojIdTeryt><sln:wojNazwa>małopolskie</sln:wojNazwa></sln:miejscowosc><sln:miejscowosc><sln:cyklZyciaOd>2014-12-06T00:00:00+01:00</sln:cyklZyciaOd><sln:gmIIPId>cc6eff22-cfd7-428d-96b5-e434a99e5a60</sln:gmIIPId><sln:gmIIPPn>PL.PZGIK.200</sln:gmIIPPn><sln:gmIIPWersja>2012-09-26T22:08:36+02:00</sln:gmIIPWersja><sln:gmIdTeryt>1201082</sln:gmIdTeryt><sln:gmNazwa>Trzciana</sln:gmNazwa><sln:miejscIIPId>393a8874-c2fa-4af6-b28b-7af9154c6d65</sln:miejscIIPId><sln:miejscIIPPn>PL.PZGIK.200</sln:miejscIIPPn><sln:miejscIIPWersja>2016-11-24T13:57:21+02:00</sln:miejscIIPWersja><sln:miejscIdTeryt>0839330</sln:miejscIdTeryt><sln:miejscNazwa>Glinik</sln:miejscNazwa><sln:miejscRodzaj>Inny obiekt</sln:miejscRodzaj><sln:powIIPId>9ae62200-8233-49ef-aec3-b3c95fa6127e</sln:powIIPId><sln:powIIPPn>PL.PZGIK.200</sln:powIIPPn><sln:powIIPWersja>2012-09-27T07:52:00+02:00</sln:powIIPWersja><sln:powIdTeryt>1201</sln:powIdTeryt><sln:powNazwa>bocheński</sln:powNazwa><sln:wojIIPId>dd2e3c64-f861-47cf-a3a3-e7751f272b2f</sln:wojIIPId><sln:wojIIPPn>PL.PZGIK.200</sln:wojIIPPn><sln:wojIIPWersja>2017-10-10T00:00:00+02:00</sln:wojIIPWersja><sln:wojIdTeryt>12</sln:wojIdTeryt><sln:wojNazwa>małopolskie</sln:wojNazwa></sln:miejscowosc><sln:miejscowosc><sln:cyklZyciaOd>2014-12-06T00:00:00+01:00</sln:cyklZyciaOd><sln:gmIIPId>cc6eff22-cfd7-428d-96b5-e434a99e5a60</sln:gmIIPId><sln:gmIIPPn>PL.PZGIK.200</sln:gmIIPPn><sln:gmIIPWersja>2012-09-26T22:08:36+02:00</sln:gmIIPWersja><sln:gmIdTeryt>1201082</sln:gmIdTeryt><sln:gmNazwa>Trzciana</sln:gmNazwa><sln:miejscIIPId>43ebd6c6-84e5-43eb-9c92-62b6a543d44c</sln:miejscIIPId><sln:miejscIIPPn>PL.PZGIK.200</sln:miejscIIPPn><sln:miejscIIPWersja>2016-11-24T13:57:21+02:00</sln:miejscIIPWersja><sln:miejscIdTeryt>0839346</sln:miejscIdTeryt><sln:miejscNazwa>Libichowa</sln:miejscNazwa><sln:miejscRodzaj>Inny obiekt</sln:miejscRodzaj><sln:powIIPId>9ae62200-8233-49ef-aec3-b3c95fa6127e</sln:powIIPId><sln:powIIPPn>PL.PZGIK.200</sln:powIIPPn><sln:powIIPWersja>2012-09-27T07:52:00+02:00</sln:powIIPWersja><sln:powIdTeryt>1201</sln:powIdTeryt><sln:powNazwa>bocheński</sln:powNazwa><sln:wojIIPId>dd2e3c64-f861-47cf-a3a3-e7751f272b2f</sln:wojIIPId><sln:wojIIPPn>PL.PZGIK.200</sln:wojIIPPn><sln:wojIIPWersja>2017-10-10T00:00:00+02:00</sln:wojIIPWersja><sln:wojIdTeryt>12</sln:wojIdTeryt><sln:wojNazwa>małopolskie</sln:wojNazwa></sln:miejscowosc><sln:miejscowosc><sln:cyklZyciaOd>2014-12-06T00:00:00+01:00</sln:cyklZyciaOd><sln:gmIIPId>cc6eff22-cfd7-428d-96b5-e434a99e5a60</sln:gmIIPId><sln:gmIIPPn>PL.PZGIK.200</sln:gmIIPPn><sln:gmIIPWersja>2012-09-26T22:08:36+02:00</sln:gmIIPWersja><sln:gmIdTeryt>1201082</sln:gmIdTeryt><sln:gmNazwa>Trzciana</sln:gmNazwa><sln:miejscIIPId>1eaef1e1-600f-4448-98f7-5b5ec84cb849</sln:miejscIIPId><sln:miejscIIPPn>PL.PZGIK.200</sln:miejscIIPPn><sln:miejscIIPWersja>2016-11-24T13:57:21+02:00</sln:miejscIIPWersja><sln:miejscIdTeryt>0838588</sln:miejscIdTeryt><sln:miejscNazwa>Jadamowskie</sln:miejscNazwa><sln:miejscRodzaj>Inny obiekt</sln:miejscRodzaj><sln:powIIPId>9ae62200-8233-49ef-aec3-b3c95fa6127e</sln:powIIPId><sln:powIIPPn>PL.PZGIK.200</sln:powIIPPn><sln:powIIPWersja>2012-09-27T07:52:00+02:00</sln:powIIPWersja><sln:powIdTeryt>1201</sln:powIdTeryt><sln:powNazwa>bocheński</sln:powNazwa><sln:wojIIPId>dd2e3c64-f861-47cf-a3a3-e7751f272b2f</sln:wojIIPId><sln:wojIIPPn>PL.PZGIK.200</sln:wojIIPPn><sln:wojIIPWersja>2017-10-10T00:00:00+02:00</sln:wojIIPWersja><sln:wojIdTeryt>12</sln:wojIdTeryt><sln:wojNazwa>małopolskie</sln:wojNazwa></sln:miejscowosc><sln:miejscowosc><sln:cyklZyciaOd>2014-12-06T00:00:00+01:00</sln:cyklZyciaOd><sln:gmIIPId>cc6eff22-cfd7-428d-96b5-e434a99e5a60</sln:gmIIPId><sln:gmIIPPn>PL.PZGIK.200</sln:gmIIPPn><sln:gmIIPWersja>2012-09-26T22:08:36+02:00</sln:gmIIPWersja><sln:gmIdTeryt>1201082</sln:gmIdTeryt><sln:gmNazwa>Trzciana</sln:gmNazwa><sln:miejscIIPId>3919f0a4-80ea-4473-b3fc-79f679331c2b</sln:miejscIIPId><sln:miejscIIPPn>PL.PZGIK.200</sln:miejscIIPPn><sln:miejscIIPWersja>2016-11-24T13:57:21+02:00</sln:miejscIIPWersja><sln:miejscIdTeryt>0838890</sln:miejscIdTeryt><sln:miejscNazwa>Działy</sln:miejscNazwa><sln:miejscRodzaj>Inny obiekt</sln:miejscRodzaj><sln:powIIPId>9ae62200-8233-49ef-aec3-b3c95fa6127e</sln:powIIPId><sln:powIIPPn>PL.PZGIK.200</sln:powIIPPn><sln:powIIPWersja>2012-09-27T07:52:00+02:00</sln:powIIPWersja><sln:powIdTeryt>1201</sln:powIdTeryt><sln:powNazwa>bocheński</sln:powNazwa><sln:wojIIPId>dd2e3c64-f861-47cf-a3a3-e7751f272b2f</sln:wojIIPId><sln:wojIIPPn>PL.PZGIK.200</sln:wojIIPPn><sln:wojIIPWersja>2017-10-10T00:00:00+02:00</sln:wojIIPWersja><sln:wojIdTeryt>12</sln:wojIdTeryt><sln:wojNazwa>małopolskie</sln:wojNazwa></sln:miejscowosc><sln:miejscowosc><sln:cyklZyciaOd>2014-12-06T00:00:00+01:00</sln:cyklZyciaOd><sln:gmIIPId>cc6eff22-cfd7-428d-96b5-e434a99e5a60</sln:gmIIPId><sln:gmIIPPn>PL.PZGIK.200</sln:gmIIPPn><sln:gmIIPWersja>2012-09-26T22:08:36+02:00</sln:gmIIPWersja><sln:gmIdTeryt>1201082</sln:gmIdTeryt><sln:gmNazwa>Trzciana</sln:gmNazwa><sln:miejscIIPId>e35ac21b-1a3d-45d8-a2b9-815fb079a5bd</sln:miejscIIPId><sln:miejscIIPPn>PL.PZGIK.200</sln:miejscIIPPn><sln:miejscIIPWersja>2016-11-24T13:57:21+02:00</sln:miejscIIPWersja><sln:miejscIdTeryt>1047647</sln:miejscIdTeryt><sln:miejscNazwa>Krzemionki</sln:miejscNazwa><sln:miejscRodzaj>Inny obiekt</sln:miejscRodzaj><sln:powIIPId>9ae62200-8233-49ef-aec3-b3c95fa6127e</sln:powIIPId><sln:powIIPPn>PL.PZGIK.200</sln:powIIPPn><sln:powIIPWersja>2012-09-27T07:52:00+02:00</sln:powIIPWersja><sln:powIdTeryt>1201</sln:powIdTeryt><sln:powNazwa>bocheński</sln:powNazwa><sln:wojIIPId>dd2e3c64-f861-47cf-a3a3-e7751f272b2f</sln:wojIIPId><sln:wojIIPPn>PL.PZGIK.200</sln:wojIIPPn><sln:wojIIPWersja>2017-10-10T00:00:00+02:00</sln:wojIIPWersja><sln:wojIdTeryt>12</sln:wojIdTeryt><sln:wojNazwa>małopolskie</sln:wojNazwa></sln:miejscowosc><sln:miejscowosc><sln:cyklZyciaOd>2014-12-06T00:00:00+01:00</sln:cyklZyciaOd><sln:gmIIPId>cc6eff22-cfd7-428d-96b5-e434a99e5a60</sln:gmIIPId><sln:gmIIPPn>PL.PZGIK.200</sln:gmIIPPn><sln:gmIIPWersja>2012-09-26T22:08:36+02:00</sln:gmIIPWersja><sln:gmIdTeryt>1201082</sln:gmIdTeryt><sln:gmNazwa>Trzciana</sln:gmNazwa><sln:miejscIIPId>ee4900da-44ea-4a2e-a950-d4fd0d2cd6ce</sln:miejscIIPId><sln:miejscIIPPn>PL.PZGIK.200</sln:miejscIIPPn><sln:miejscIIPWersja>2016-11-24T13:57:21+02:00</sln:miejscIIPWersja><sln:miejscIdTeryt>0838766</sln:miejscIdTeryt><sln:miejscNazwa>Kupki</sln:miejscNazwa><sln:miejscRodzaj>Inny obiekt</sln:miejscRodzaj><sln:powIIPId>9ae62200-8233-49ef-aec3-b3c95fa6127e</sln:powIIPId><sln:powIIPPn>PL.PZGIK.200</sln:powIIPPn><sln:powIIPWersja>2012-09-27T07:52:00+02:00</sln:powIIPWersja><sln:powIdTeryt>1201</sln:powIdTeryt><sln:powNazwa>bocheński</sln:powNazwa><sln:wojIIPId>dd2e3c64-f861-47cf-a3a3-e7751f272b2f</sln:wojIIPId><sln:wojIIPPn>PL.PZGIK.200</sln:wojIIPPn><sln:wojIIPWersja>2017-10-10T00:00:00+02:00</sln:wojIIPWersja><sln:wojIdTeryt>12</sln:wojIdTeryt><sln:wojNazwa>małopolskie</sln:wojNazwa></sln:miejscowosc><sln:miejscowosc><sln:cyklZyciaOd>2014-12-06T00:00:00+01:00</sln:cyklZyciaOd><sln:gmIIPId>cc6eff22-cfd7-428d-96b5-e434a99e5a60</sln:gmIIPId><sln:gmIIPPn>PL.PZGIK.200</sln:gmIIPPn><sln:gmIIPWersja>2012-09-26T22:08:36+02:00</sln:gmIIPWersja><sln:gmIdTeryt>1201082</sln:gmIdTeryt><sln:gmNazwa>Trzciana</sln:gmNazwa><sln:miejscIIPId>7549f701-c47a-4e29-ab02-c4a3a70eecf5</sln:miejscIIPId><sln:miejscIIPPn>PL.PZGIK.200</sln:miejscIIPPn><sln:miejscIIPWersja>2016-11-24T13:57:21+02:00</sln:miejscIIPWersja><sln:miejscIdTeryt>0838714</sln:miejscIdTeryt><sln:miejscNazwa>Wojtówka</sln:miejscNazwa><sln:miejscRodzaj>Inny obiekt</sln:miejscRodzaj><sln:powIIPId>9ae62200-8233-49ef-aec3-b3c95fa6127e</sln:powIIPId><sln:powIIPPn>PL.PZGIK.200</sln:powIIPPn><sln:powIIPWersja>2012-09-27T07:52:00+02:00</sln:powIIPWersja><sln:powIdTeryt>1201</sln:powIdTeryt><sln:powNazwa>bocheński</sln:powNazwa><sln:wojIIPId>dd2e3c64-f861-47cf-a3a3-e7751f272b2f</sln:wojIIPId><sln:wojIIPPn>PL.PZGIK.200</sln:wojIIPPn><sln:wojIIPWersja>2017-10-10T00:00:00+02:00</sln:wojIIPWersja><sln:wojIdTeryt>12</sln:wojIdTeryt><sln:wojNazwa>małopolskie</sln:wojNazwa></sln:miejscowosc><sln:miejscowosc><sln:cyklZyciaOd>2014-12-06T00:00:00+01:00</sln:cyklZyciaOd><sln:gmIIPId>cc6eff22-cfd7-428d-96b5-e434a99e5a60</sln:gmIIPId><sln:gmIIPPn>PL.PZGIK.200</sln:gmIIPPn><sln:gmIIPWersja>2012-09-26T22:08:36+02:00</sln:gmIIPWersja><sln:gmIdTeryt>1201082</sln:gmIdTeryt><sln:gmNazwa>Trzciana</sln:gmNazwa><sln:miejscIIPId>b11275d9-e1ab-4afb-bbbb-e804f35409e5</sln:miejscIIPId><sln:miejscIIPPn>PL.PZGIK.200</sln:miejscIIPPn><sln:miejscIIPWersja>2016-11-24T13:57:21+02:00</sln:miejscIIPWersja><sln:miejscIdTeryt>0838602</sln:miejscIdTeryt><sln:miejscNazwa>Kupki</sln:miejscNazwa><sln:miejscRodzaj>Inny obiekt</sln:miejscRodzaj><sln:powIIPId>9ae62200-8233-49ef-aec3-b3c95fa6127e</sln:powIIPId><sln:powIIPPn>PL.PZGIK.200</sln:powIIPPn><sln:powIIPWersja>2012-09-27T07:52:00+02:00</sln:powIIPWersja><sln:powIdTeryt>1201</sln:powIdTeryt><sln:powNazwa>bocheński</sln:powNazwa><sln:wojIIPId>dd2e3c64-f861-47cf-a3a3-e7751f272b2f</sln:wojIIPId><sln:wojIIPPn>PL.PZGIK.200</sln:wojIIPPn><sln:wojIIPWersja>2017-10-10T00:00:00+02:00</sln:wojIIPWersja><sln:wojIdTeryt>12</sln:wojIdTeryt><sln:wojNazwa>małopolskie</sln:wojNazwa></sln:miejscowosc><sln:miejscowosc><sln:cyklZyciaOd>2014-12-06T00:00:00+01:00</sln:cyklZyciaOd><sln:gmIIPId>cc6eff22-cfd7-428d-96b5-e434a99e5a60</sln:gmIIPId><sln:gmIIPPn>PL.PZGIK.200</sln:gmIIPPn><sln:gmIIPWersja>2012-09-26T22:08:36+02:00</sln:gmIIPWersja><sln:gmIdTeryt>1201082</sln:gmIdTeryt><sln:gmNazwa>Trzciana</sln:gmNazwa><sln:miejscIIPId>beea704d-9f3f-45dd-84fa-a95d1f695b76</sln:miejscIIPId><sln:miejscIIPPn>PL.PZGIK.200</sln:miejscIIPPn><sln:miejscIIPWersja>2016-11-24T13:57:21+02:00</sln:miejscIIPWersja><sln:miejscIdTeryt>0838565</sln:miejscIdTeryt><sln:miejscNazwa>Gorzkówka</sln:miejscNazwa><sln:miejscRodzaj>Inny obiekt</sln:miejscRodzaj><sln:powIIPId>9ae62200-8233-49ef-aec3-b3c95fa6127e</sln:powIIPId><sln:powIIPPn>PL.PZGIK.200</sln:powIIPPn><sln:powIIPWersja>2012-09-27T07:52:00+02:00</sln:powIIPWersja><sln:powIdTeryt>1201</sln:powIdTeryt><sln:powNazwa>bocheński</sln:powNazwa><sln:wojIIPId>dd2e3c64-f861-47cf-a3a3-e7751f272b2f</sln:wojIIPId><sln:wojIIPPn>PL.PZGIK.200</sln:wojIIPPn><sln:wojIIPWersja>2017-10-10T00:00:00+02:00</sln:wojIIPWersja><sln:wojIdTeryt>12</sln:wojIdTeryt><sln:wojNazwa>małopolskie</sln:wojNazwa></sln:miejscowosc><sln:miejscowosc><sln:cyklZyciaOd>2014-12-06T00:00:00+01:00</sln:cyklZyciaOd><sln:gmIIPId>cc6eff22-cfd7-428d-96b5-e434a99e5a60</sln:gmIIPId><sln:gmIIPPn>PL.PZGIK.200</sln:gmIIPPn><sln:gmIIPWersja>2012-09-26T22:08:36+02:00</sln:gmIIPWersja><sln:gmIdTeryt>1201082</sln:gmIdTeryt><sln:gmNazwa>Trzciana</sln:gmNazwa><sln:miejscIIPId>287d1792-8494-4833-a2d4-d5c5c8ffd1a7</sln:miejscIIPId><sln:miejscIIPPn>PL.PZGIK.200</sln:miejscIIPPn><sln:miejscIIPWersja>2016-11-24T13:57:21+02:00</sln:miejscIIPWersja><sln:miejscIdTeryt>0838654</sln:miejscIdTeryt><sln:miejscNazwa>Podgórcze</sln:miejscNazwa><sln:miejscRodzaj>Inny obiekt</sln:miejscRodzaj><sln:powIIPId>9ae62200-8233-49ef-aec3-b3c95fa6127e</sln:powIIPId><sln:powIIPPn>PL.PZGIK.200</sln:powIIPPn><sln:powIIPWersja>2012-09-27T07:52:00+02:00</sln:powIIPWersja><sln:powIdTeryt>1201</sln:powIdTeryt><sln:powNazwa>bocheński</sln:powNazwa><sln:wojIIPId>dd2e3c64-f861-47cf-a3a3-e7751f272b2f</sln:wojIIPId><sln:wojIIPPn>PL.PZGIK.200</sln:wojIIPPn><sln:wojIIPWersja>2017-10-10T00:00:00+02:00</sln:wojIIPWersja><sln:wojIdTeryt>12</sln:wojIdTeryt><sln:wojNazwa>małopolskie</sln:wojNazwa></sln:miejscowosc><sln:miejscowosc><sln:cyklZyciaOd>2014-12-06T00:00:00+01:00</sln:cyklZyciaOd><sln:gmIIPId>cc6eff22-cfd7-428d-96b5-e434a99e5a60</sln:gmIIPId><sln:gmIIPPn>PL.PZGIK.200</sln:gmIIPPn><sln:gmIIPWersja>2012-09-26T22:08:36+02:00</sln:gmIIPWersja><sln:gmIdTeryt>1201082</sln:gmIdTeryt><sln:gmNazwa>Trzciana</sln:gmNazwa><sln:miejscIIPId>7e5d20f8-3fcd-48ab-8c1f-ff41316831d8</sln:miejscIIPId><sln:miejscIIPPn>PL.PZGIK.200</sln:miejscIIPPn><sln:miejscIIPWersja>2016-11-24T13:57:15+02:00</sln:miejscIIPWersja><sln:miejscIdTeryt>0838909</sln:miejscIdTeryt><sln:miejscNazwa>Glinki</sln:miejscNazwa><sln:miejscRodzaj>Inny obiekt</sln:miejscRodzaj><sln:powIIPId>9ae62200-8233-49ef-aec3-b3c95fa6127e</sln:powIIPId><sln:powIIPPn>PL.PZGIK.200</sln:powIIPPn><sln:powIIPWersja>2012-09-27T07:52:00+02:00</sln:powIIPWersja><sln:powIdTeryt>1201</sln:powIdTeryt><sln:powNazwa>bocheński</sln:powNazwa><sln:wojIIPId>dd2e3c64-f861-47cf-a3a3-e7751f272b2f</sln:wojIIPId><sln:wojIIPPn>PL.PZGIK.200</sln:wojIIPPn><sln:wojIIPWersja>2017-10-10T00:00:00+02:00</sln:wojIIPWersja><sln:wojIdTeryt>12</sln:wojIdTeryt><sln:wojNazwa>małopolskie</sln:wojNazwa></sln:miejscowosc><sln:miejscowosc><sln:cyklZyciaOd>2014-12-06T00:00:00+01:00</sln:cyklZyciaOd><sln:gmIIPId>cc6eff22-cfd7-428d-96b5-e434a99e5a60</sln:gmIIPId><sln:gmIIPPn>PL.PZGIK.200</sln:gmIIPPn><sln:gmIIPWersja>2012-09-26T22:08:36+02:00</sln:gmIIPWersja><sln:gmIdTeryt>1201082</sln:gmIdTeryt><sln:gmNazwa>Trzciana</sln:gmNazwa><sln:miejscIIPId>41ee048c-d95f-41b8-ada0-86da53883fd6</sln:miejscIIPId><sln:miejscIIPPn>PL.PZGIK.200</sln:miejscIIPPn><sln:miejscIIPWersja>2016-11-24T13:55:27+02:00</sln:miejscIIPWersja><sln:miejscIdTeryt>0838810</sln:miejscIdTeryt><sln:miejscNazwa>Podwójtówka</sln:miejscNazwa><sln:miejscRodzaj>Inny obiekt</sln:miejscRodzaj><sln:powIIPId>9ae62200-8233-49ef-aec3-b3c95fa6127e</sln:powIIPId><sln:powIIPPn>PL.PZGIK.200</sln:powIIPPn><sln:powIIPWersja>2012-09-27T07:52:00+02:00</sln:powIIPWersja><sln:powIdTeryt>1201</sln:powIdTeryt><sln:powNazwa>bocheński</sln:powNazwa><sln:wojIIPId>dd2e3c64-f861-47cf-a3a3-e7751f272b2f</sln:wojIIPId><sln:wojIIPPn>PL.PZGIK.200</sln:wojIIPPn><sln:wojIIPWersja>2017-10-10T00:00:00+02:00</sln:wojIIPWersja><sln:wojIdTeryt>12</sln:wojIdTeryt><sln:wojNazwa>małopolskie</sln:wojNazwa></sln:miejscowosc><sln:miejscowosc><sln:cyklZyciaOd>2014-12-06T00:00:00+01:00</sln:cyklZyciaOd><sln:gmIIPId>cc6eff22-cfd7-428d-96b5-e434a99e5a60</sln:gmIIPId><sln:gmIIPPn>PL.PZGIK.200</sln:gmIIPPn><sln:gmIIPWersja>2012-09-26T22:08:36+02:00</sln:gmIIPWersja><sln:gmIdTeryt>1201082</sln:gmIdTeryt><sln:gmNazwa>Trzciana</sln:gmNazwa><sln:miejscIIPId>df38e700-160b-49d5-b700-528bc8102957</sln:miejscIIPId><sln:miejscIIPPn>PL.PZGIK.200</sln:miejscIIPPn><sln:miejscIIPWersja>2016-11-24T13:49:09+02:00</sln:miejscIIPWersja><sln:miejscIdTeryt>0839441</sln:miejscIdTeryt><sln:miejscNazwa>Rdzawki</sln:miejscNazwa><sln:miejscRodzaj>Inny obiekt</sln:miejscRodzaj><sln:powIIPId>9ae62200-8233-49ef-aec3-b3c95fa6127e</sln:powIIPId><sln:powIIPPn>PL.PZGIK.200</sln:powIIPPn><sln:powIIPWersja>2012-09-27T07:52:00+02:00</sln:powIIPWersja><sln:powIdTeryt>1201</sln:powIdTeryt><sln:powNazwa>bocheński</sln:powNazwa><sln:wojIIPId>dd2e3c64-f861-47cf-a3a3-e7751f272b2f</sln:wojIIPId><sln:wojIIPPn>PL.PZGIK.200</sln:wojIIPPn><sln:wojIIPWersja>2017-10-10T00:00:00+02:00</sln:wojIIPWersja><sln:wojIdTeryt>12</sln:wojIdTeryt><sln:wojNazwa>małopolskie</sln:wojNazwa></sln:miejscowosc><sln:miejscowosc><sln:cyklZyciaOd>2014-12-06T00:00:00+01:00</sln:cyklZyciaOd><sln:gmIIPId>cc6eff22-cfd7-428d-96b5-e434a99e5a60</sln:gmIIPId><sln:gmIIPPn>PL.PZGIK.200</sln:gmIIPPn><sln:gmIIPWersja>2012-09-26T22:08:36+02:00</sln:gmIIPWersja><sln:gmIdTeryt>1201082</sln:gmIdTeryt><sln:gmNazwa>Trzciana</sln:gmNazwa><sln:miejscIIPId>12593302-35a8-4738-b1cc-309de752481c</sln:miejscIIPId><sln:miejscIIPPn>PL.PZGIK.200</sln:miejscIIPPn><sln:miejscIIPWersja>2016-11-24T13:55:13+02:00</sln:miejscIIPWersja><sln:miejscIdTeryt>0838594</sln:miejscIdTeryt><sln:miejscNazwa>Kąty</sln:miejscNazwa><sln:miejscRodzaj>Inny obiekt</sln:miejscRodzaj><sln:powIIPId>9ae62200-8233-49ef-aec3-b3c95fa6127e</sln:powIIPId><sln:powIIPPn>PL.PZGIK.200</sln:powIIPPn><sln:powIIPWersja>2012-09-27T07:52:00+02:00</sln:powIIPWersja><sln:powIdTeryt>1201</sln:powIdTeryt><sln:powNazwa>bocheński</sln:powNazwa><sln:wojIIPId>dd2e3c64-f861-47cf-a3a3-e7751f272b2f</sln:wojIIPId><sln:wojIIPPn>PL.PZGIK.200</sln:wojIIPPn><sln:wojIIPWersja>2017-10-10T00:00:00+02:00</sln:wojIIPWersja><sln:wojIdTeryt>12</sln:wojIdTeryt><sln:wojNazwa>małopolskie</sln:wojNazwa></sln:miejscowosc><sln:miejscowosc><sln:cyklZyciaOd>2014-12-06T00:00:00+01:00</sln:cyklZyciaOd><sln:gmIIPId>cc6eff22-cfd7-428d-96b5-e434a99e5a60</sln:gmIIPId><sln:gmIIPPn>PL.PZGIK.200</sln:gmIIPPn><sln:gmIIPWersja>2012-09-26T22:08:36+02:00</sln:gmIIPWersja><sln:gmIdTeryt>1201082</sln:gmIdTeryt><sln:gmNazwa>Trzciana</sln:gmNazwa><sln:miejscIIPId>457fbc43-4d24-4229-96ea-1771c552e042</sln:miejscIIPId><sln:miejscIIPPn>PL.PZGIK.200</sln:miejscIIPPn><sln:miejscIIPWersja>2016-11-24T13:29:42+02:00</sln:miejscIIPWersja><sln:miejscIdTeryt>0839139</sln:miejscIdTeryt><sln:miejscNazwa>Rdzawa</sln:miejscNazwa><sln:miejscRodzaj>Wieś</sln:miejscRodzaj><sln:powIIPId>9ae62200-8233-49ef-aec3-b3c95fa6127e</sln:powIIPId><sln:powIIPPn>PL.PZGIK.200</sln:powIIPPn><sln:powIIPWersja>2012-09-27T07:52:00+02:00</sln:powIIPWersja><sln:powIdTeryt>1201</sln:powIdTeryt><sln:powNazwa>bocheński</sln:powNazwa><sln:wojIIPId>dd2e3c64-f861-47cf-a3a3-e7751f272b2f</sln:wojIIPId><sln:wojIIPPn>PL.PZGIK.200</sln:wojIIPPn><sln:wojIIPWersja>2017-10-10T00:00:00+02:00</sln:wojIIPWersja><sln:wojIdTeryt>12</sln:wojIdTeryt><sln:wojNazwa>małopolskie</sln:wojNazwa></sln:miejscowosc><sln:miejscowosc><sln:cyklZyciaOd>2014-12-06T00:00:00+01:00</sln:cyklZyciaOd><sln:gmIIPId>cc6eff22-cfd7-428d-96b5-e434a99e5a60</sln:gmIIPId><sln:gmIIPPn>PL.PZGIK.200</sln:gmIIPPn><sln:gmIIPWersja>2012-09-26T22:08:36+02:00</sln:gmIIPWersja><sln:gmIdTeryt>1201082</sln:gmIdTeryt><sln:gmNazwa>Trzciana</sln:gmNazwa><sln:miejscIIPId>12e5aad5-d2b2-430d-a5b2-081297d5d152</sln:miejscIIPId><sln:miejscIIPPn>PL.PZGIK.200</sln:miejscIIPPn><sln:miejscIIPWersja>2016-11-24T13:55:27+02:00</sln:miejscIIPWersja><sln:miejscIdTeryt>0838832</sln:miejscIdTeryt><sln:miejscNazwa>Zagrody</sln:miejscNazwa><sln:miejscRodzaj>Inny obiekt</sln:miejscRodzaj><sln:powIIPId>9ae62200-8233-49ef-aec3-b3c95fa6127e</sln:powIIPId><sln:powIIPPn>PL.PZGIK.200</sln:powIIPPn><sln:powIIPWersja>2012-09-27T07:52:00+02:00</sln:powIIPWersja><sln:powIdTeryt>1201</sln:powIdTeryt><sln:powNazwa>bocheński</sln:powNazwa><sln:wojIIPId>dd2e3c64-f861-47cf-a3a3-e7751f272b2f</sln:wojIIPId><sln:wojIIPPn>PL.PZGIK.200</sln:wojIIPPn><sln:wojIIPWersja>2017-10-10T00:00:00+02:00</sln:wojIIPWersja><sln:wojIdTeryt>12</sln:wojIdTeryt><sln:wojNazwa>małopolskie</sln:wojNazwa></sln:miejscowosc><sln:miejscowosc><sln:cyklZyciaOd>2014-12-06T00:00:00+01:00</sln:cyklZyciaOd><sln:gmIIPId>cc6eff22-cfd7-428d-96b5-e434a99e5a60</sln:gmIIPId><sln:gmIIPPn>PL.PZGIK.200</sln:gmIIPPn><sln:gmIIPWersja>2012-09-26T22:08:36+02:00</sln:gmIIPWersja><sln:gmIdTeryt>1201082</sln:gmIdTeryt><sln:gmNazwa>Trzciana</sln:gmNazwa><sln:miejscIIPId>d406fb1d-7853-422a-beb1-55ae3028c0d9</sln:miejscIIPId><sln:miejscIIPPn>PL.PZGIK.200</sln:miejscIIPPn><sln:miejscIIPWersja>2016-11-24T13:49:01+02:00</sln:miejscIIPWersja><sln:miejscIdTeryt>0839375</sln:miejscIdTeryt><sln:miejscNazwa>Srokówka</sln:miejscNazwa><sln:miejscRodzaj>Inny obiekt</sln:miejscRodzaj><sln:powIIPId>9ae62200-8233-49ef-aec3-b3c95fa6127e</sln:powIIPId><sln:powIIPPn>PL.PZGIK.200</sln:powIIPPn><sln:powIIPWersja>2012-09-27T07:52:00+02:00</sln:powIIPWersja><sln:powIdTeryt>1201</sln:powIdTeryt><sln:powNazwa>bocheński</sln:powNazwa><sln:wojIIPId>dd2e3c64-f861-47cf-a3a3-e7751f272b2f</sln:wojIIPId><sln:wojIIPPn>PL.PZGIK.200</sln:wojIIPPn><sln:wojIIPWersja>2017-10-10T00:00:00+02:00</sln:wojIIPWersja><sln:wojIdTeryt>12</sln:wojIdTeryt><sln:wojNazwa>małopolskie</sln:wojNazwa></sln:miejscowosc><sln:miejscowosc><sln:cyklZyciaOd>2014-12-06T00:00:00+01:00</sln:cyklZyciaOd><sln:gmIIPId>cc6eff22-cfd7-428d-96b5-e434a99e5a60</sln:gmIIPId><sln:gmIIPPn>PL.PZGIK.200</sln:gmIIPPn><sln:gmIIPWersja>2012-09-26T22:08:36+02:00</sln:gmIIPWersja><sln:gmIdTeryt>1201082</sln:gmIdTeryt><sln:gmNazwa>Trzciana</sln:gmNazwa><sln:miejscIIPId>17ad4477-4b09-4148-9104-9328de6a76c3</sln:miejscIIPId><sln:miejscIIPPn>PL.PZGIK.200</sln:miejscIIPPn><sln:miejscIIPWersja>2016-11-24T13:49:09+02:00</sln:miejscIIPWersja><sln:miejscIdTeryt>0839429</sln:miejscIdTeryt><sln:miejscNazwa>Dębina</sln:miejscNazwa><sln:miejscRodzaj>Inny obiekt</sln:miejscRodzaj><sln:powIIPId>9ae62200-8233-49ef-aec3-b3c95fa6127e</sln:powIIPId><sln:powIIPPn>PL.PZGIK.200</sln:powIIPPn><sln:powIIPWersja>2012-09-27T07:52:00+02:00</sln:powIIPWersja><sln:powIdTeryt>1201</sln:powIdTeryt><sln:powNazwa>bocheński</sln:powNazwa><sln:wojIIPId>dd2e3c64-f861-47cf-a3a3-e7751f272b2f</sln:wojIIPId><sln:wojIIPPn>PL.PZGIK.200</sln:wojIIPPn><sln:wojIIPWersja>2017-10-10T00:00:00+02:00</sln:wojIIPWersja><sln:wojIdTeryt>12</sln:wojIdTeryt><sln:wojNazwa>małopolskie</sln:wojNazwa></sln:miejscowosc><sln:miejscowosc><sln:cyklZyciaOd>2014-12-06T00:00:00+01:00</sln:cyklZyciaOd><sln:gmIIPId>cc6eff22-cfd7-428d-96b5-e434a99e5a60</sln:gmIIPId><sln:gmIIPPn>PL.PZGIK.200</sln:gmIIPPn><sln:gmIIPWersja>2012-09-26T22:08:36+02:00</sln:gmIIPWersja><sln:gmIdTeryt>1201082</sln:gmIdTeryt><sln:gmNazwa>Trzciana</sln:gmNazwa><sln:miejscIIPId>1d0cad48-87d2-42f1-ba61-e73a252bc56c</sln:miejscIIPId><sln:miejscIIPPn>PL.PZGIK.200</sln:miejscIIPPn><sln:miejscIIPWersja>2016-11-24T13:55:13+02:00</sln:miejscIIPWersja><sln:miejscIdTeryt>0838683</sln:miejscIdTeryt><sln:miejscNazwa>Ramszówka</sln:miejscNazwa><sln:miejscRodzaj>Inny obiekt</sln:miejscRodzaj><sln:powIIPId>9ae62200-8233-49ef-aec3-b3c95fa6127e</sln:powIIPId><sln:powIIPPn>PL.PZGIK.200</sln:powIIPPn><sln:powIIPWersja>2012-09-27T07:52:00+02:00</sln:powIIPWersja><sln:powIdTeryt>1201</sln:powIdTeryt><sln:powNazwa>bocheński</sln:powNazwa><sln:wojIIPId>dd2e3c64-f861-47cf-a3a3-e7751f272b2f</sln:wojIIPId><sln:wojIIPPn>PL.PZGIK.200</sln:wojIIPPn><sln:wojIIPWersja>2017-10-10T00:00:00+02:00</sln:wojIIPWersja><sln:wojIdTeryt>12</sln:wojIdTeryt><sln:wojNazwa>małopolskie</sln:wojNazwa></sln:miejscowosc><sln:miejscowosc><sln:cyklZyciaOd>2014-12-06T00:00:00+01:00</sln:cyklZyciaOd><sln:gmIIPId>cc6eff22-cfd7-428d-96b5-e434a99e5a60</sln:gmIIPId><sln:gmIIPPn>PL.PZGIK.200</sln:gmIIPPn><sln:gmIIPWersja>2012-09-26T22:08:36+02:00</sln:gmIIPWersja><sln:gmIdTeryt>1201082</sln:gmIdTeryt><sln:gmNazwa>Trzciana</sln:gmNazwa><sln:miejscIIPId>d89577ea-bd1a-4d49-843d-0afa65c7b696</sln:miejscIIPId><sln:miejscIIPPn>PL.PZGIK.200</sln:miejscIIPPn><sln:miejscIIPWersja>2016-11-24T13:46:10+02:00</sln:miejscIIPWersja><sln:miejscIdTeryt>0839145</sln:miejscIdTeryt><sln:miejscNazwa>Na Górach</sln:miejscNazwa><sln:miejscRodzaj>Inny obiekt</sln:miejscRodzaj><sln:powIIPId>9ae62200-8233-49ef-aec3-b3c95fa6127e</sln:powIIPId><sln:powIIPPn>PL.PZGIK.200</sln:powIIPPn><sln:powIIPWersja>2012-09-27T07:52:00+02:00</sln:powIIPWersja><sln:powIdTeryt>1201</sln:powIdTeryt><sln:powNazwa>bocheński</sln:powNazwa><sln:wojIIPId>dd2e3c64-f861-47cf-a3a3-e7751f272b2f</sln:wojIIPId><sln:wojIIPPn>PL.PZGIK.200</sln:wojIIPPn><sln:wojIIPWersja>2017-10-10T00:00:00+02:00</sln:wojIIPWersja><sln:wojIdTeryt>12</sln:wojIdTeryt><sln:wojNazwa>małopolskie</sln:wojNazwa></sln:miejscowosc><sln:miejscowosc><sln:cyklZyciaOd>2014-12-06T00:00:00+01:00</sln:cyklZyciaOd><sln:gmIIPId>cc6eff22-cfd7-428d-96b5-e434a99e5a60</sln:gmIIPId><sln:gmIIPPn>PL.PZGIK.200</sln:gmIIPPn><sln:gmIIPWersja>2012-09-26T22:08:36+02:00</sln:gmIIPWersja><sln:gmIdTeryt>1201082</sln:gmIdTeryt><sln:gmNazwa>Trzciana</sln:gmNazwa><sln:miejscIIPId>402b0b08-76c9-4bf2-b484-7ce4b3d0ee14</sln:miejscIIPId><sln:miejscIIPPn>PL.PZGIK.200</sln:miejscIIPPn><sln:miejscIIPWersja>2016-11-24T13:55:27+02:00</sln:miejscIIPWersja><sln:miejscIdTeryt>0838789</sln:miejscIdTeryt><sln:miejscNazwa>Orzechówka</sln:miejscNazwa><sln:miejscRodzaj>Inny obiekt</sln:miejscRodzaj><sln:powIIPId>9ae62200-8233-49ef-aec3-b3c95fa6127e</sln:powIIPId><sln:powIIPPn>PL.PZGIK.200</sln:powIIPPn><sln:powIIPWersja>2012-09-27T07:52:00+02:00</sln:powIIPWersja><sln:powIdTeryt>1201</sln:powIdTeryt><sln:powNazwa>bocheński</sln:powNazwa><sln:wojIIPId>dd2e3c64-f861-47cf-a3a3-e7751f272b2f</sln:wojIIPId><sln:wojIIPPn>PL.PZGIK.200</sln:wojIIPPn><sln:wojIIPWersja>2017-10-10T00:00:00+02:00</sln:wojIIPWersja><sln:wojIdTeryt>12</sln:wojIdTeryt><sln:wojNazwa>małopolskie</sln:wojNazwa></sln:miejscowosc><sln:miejscowosc><sln:cyklZyciaOd>2014-12-06T00:00:00+01:00</sln:cyklZyciaOd><sln:gmIIPId>cc6eff22-cfd7-428d-96b5-e434a99e5a60</sln:gmIIPId><sln:gmIIPPn>PL.PZGIK.200</sln:gmIIPPn><sln:gmIIPWersja>2012-09-26T22:08:36+02:00</sln:gmIIPWersja><sln:gmIdTeryt>1201082</sln:gmIdTeryt><sln:gmNazwa>Trzciana</sln:gmNazwa><sln:miejscIIPId>50cbcaad-cc2a-41fb-baca-b2d230c008c7</sln:miejscIIPId><sln:miejscIIPPn>PL.PZGIK.200</sln:miejscIIPPn><sln:miejscIIPWersja>2016-11-24T13:55:13+02:00</sln:miejscIIPWersja><sln:miejscIdTeryt>0838690</sln:miejscIdTeryt><sln:miejscNazwa>Rola</sln:miejscNazwa><sln:miejscRodzaj>Inny obiekt</sln:miejscRodzaj><sln:powIIPId>9ae62200-8233-49ef-aec3-b3c95fa6127e</sln:powIIPId><sln:powIIPPn>PL.PZGIK.200</sln:powIIPPn><sln:powIIPWersja>2012-09-27T07:52:00+02:00</sln:powIIPWersja><sln:powIdTeryt>1201</sln:powIdTeryt><sln:powNazwa>bocheński</sln:powNazwa><sln:wojIIPId>dd2e3c64-f861-47cf-a3a3-e7751f272b2f</sln:wojIIPId><sln:wojIIPPn>PL.PZGIK.200</sln:wojIIPPn><sln:wojIIPWersja>2017-10-10T00:00:00+02:00</sln:wojIIPWersja><sln:wojIdTeryt>12</sln:wojIdTeryt><sln:wojNazwa>małopolskie</sln:wojNazwa></sln:miejscowosc><sln:miejscowosc><sln:cyklZyciaOd>2014-12-06T00:00:00+01:00</sln:cyklZyciaOd><sln:gmIIPId>cc6eff22-cfd7-428d-96b5-e434a99e5a60</sln:gmIIPId><sln:gmIIPPn>PL.PZGIK.200</sln:gmIIPPn><sln:gmIIPWersja>2012-09-26T22:08:36+02:00</sln:gmIIPWersja><sln:gmIdTeryt>1201082</sln:gmIdTeryt><sln:gmNazwa>Trzciana</sln:gmNazwa><sln:miejscIIPId>58392a13-8c75-4d2c-91b4-a086d2c319f1</sln:miejscIIPId><sln:miejscIIPPn>PL.PZGIK.200</sln:miejscIIPPn><sln:miejscIIPWersja>2016-11-24T13:41:32+02:00</sln:miejscIIPWersja><sln:miejscIdTeryt>0838884</sln:miejscIdTeryt><sln:miejscNazwa>Łąkta Dolna</sln:miejscNazwa><sln:miejscRodzaj>Wieś</sln:miejscRodzaj><sln:powIIPId>9ae62200-8233-49ef-aec3-b3c95fa6127e</sln:powIIPId><sln:powIIPPn>PL.PZGIK.200</sln:powIIPPn><sln:powIIPWersja>2012-09-27T07:52:00+02:00</sln:powIIPWersja><sln:powIdTeryt>1201</sln:powIdTeryt><sln:powNazwa>bocheński</sln:powNazwa><sln:wojIIPId>dd2e3c64-f861-47cf-a3a3-e7751f272b2f</sln:wojIIPId><sln:wojIIPPn>PL.PZGIK.200</sln:wojIIPPn><sln:wojIIPWersja>2017-10-10T00:00:00+02:00</sln:wojIIPWersja><sln:wojIdTeryt>12</sln:wojIdTeryt><sln:wojNazwa>małopolskie</sln:wojNazwa></sln:miejscowosc><sln:miejscowosc><sln:cyklZyciaOd>2014-12-06T00:00:00+01:00</sln:cyklZyciaOd><sln:gmIIPId>cc6eff22-cfd7-428d-96b5-e434a99e5a60</sln:gmIIPId><sln:gmIIPPn>PL.PZGIK.200</sln:gmIIPPn><sln:gmIIPWersja>2012-09-26T22:08:36+02:00</sln:gmIIPWersja><sln:gmIdTeryt>1201082</sln:gmIdTeryt><sln:gmNazwa>Trzciana</sln:gmNazwa><sln:miejscIIPId>af00f0e7-2664-4c2f-a2dd-d40649c7fa32</sln:miejscIIPId><sln:miejscIIPPn>PL.PZGIK.200</sln:miejscIIPPn><sln:miejscIIPWersja>2016-11-24T13:55:13+02:00</sln:miejscIIPWersja><sln:miejscIdTeryt>0838660</sln:miejscIdTeryt><sln:miejscNazwa>Podlesie</sln:miejscNazwa><sln:miejscRodzaj>Inny obiekt</sln:miejscRodzaj><sln:powIIPId>9ae62200-8233-49ef-aec3-b3c95fa6127e</sln:powIIPId><sln:powIIPPn>PL.PZGIK.200</sln:powIIPPn><sln:powIIPWersja>2012-09-27T07:52:00+02:00</sln:powIIPWersja><sln:powIdTeryt>1201</sln:powIdTeryt><sln:powNazwa>bocheński</sln:powNazwa><sln:wojIIPId>dd2e3c64-f861-47cf-a3a3-e7751f272b2f</sln:wojIIPId><sln:wojIIPPn>PL.PZGIK.200</sln:wojIIPPn><sln:wojIIPWersja>2017-10-10T00:00:00+02:00</sln:wojIIPWersja><sln:wojIdTeryt>12</sln:wojIdTeryt><sln:wojNazwa>małopolskie</sln:wojNazwa></sln:miejscowosc><sln:miejscowosc><sln:cyklZyciaOd>2014-12-06T00:00:00+01:00</sln:cyklZyciaOd><sln:gmIIPId>cc6eff22-cfd7-428d-96b5-e434a99e5a60</sln:gmIIPId><sln:gmIIPPn>PL.PZGIK.200</sln:gmIIPPn><sln:gmIIPWersja>2012-09-26T22:08:36+02:00</sln:gmIIPWersja><sln:gmIdTeryt>1201082</sln:gmIdTeryt><sln:gmNazwa>Trzciana</sln:gmNazwa><sln:miejscIIPId>cd23217a-e7c4-441a-8484-708847c062af</sln:miejscIIPId><sln:miejscIIPPn>PL.PZGIK.200</sln:miejscIIPPn><sln:miejscIIPWersja>2016-11-24T13:55:13+02:00</sln:miejscIIPWersja><sln:miejscIdTeryt>0838559</sln:miejscIdTeryt><sln:miejscNazwa>Bąkówka</sln:miejscNazwa><sln:miejscRodzaj>Inny obiekt</sln:miejscRodzaj><sln:powIIPId>9ae62200-8233-49ef-aec3-b3c95fa6127e</sln:powIIPId><sln:powIIPPn>PL.PZGIK.200</sln:powIIPPn><sln:powIIPWersja>2012-09-27T07:52:00+02:00</sln:powIIPWersja><sln:powIdTeryt>1201</sln:powIdTeryt><sln:powNazwa>bocheński</sln:powNazwa><sln:wojIIPId>dd2e3c64-f861-47cf-a3a3-e7751f272b2f</sln:wojIIPId><sln:wojIIPPn>PL.PZGIK.200</sln:wojIIPPn><sln:wojIIPWersja>2017-10-10T00:00:00+02:00</sln:wojIIPWersja><sln:wojIdTeryt>12</sln:wojIdTeryt><sln:wojNazwa>małopolskie</sln:wojNazwa></sln:miejscowosc><sln:miejscowosc><sln:cyklZyciaOd>2014-12-06T00:00:00+01:00</sln:cyklZyciaOd><sln:gmIIPId>cc6eff22-cfd7-428d-96b5-e434a99e5a60</sln:gmIIPId><sln:gmIIPPn>PL.PZGIK.200</sln:gmIIPPn><sln:gmIIPWersja>2012-09-26T22:08:36+02:00</sln:gmIIPWersja><sln:gmIdTeryt>1201082</sln:gmIdTeryt><sln:gmNazwa>Trzciana</sln:gmNazwa><sln:miejscIIPId>e2f7a436-c3ec-48e1-8c40-9e25f31f17d7</sln:miejscIIPId><sln:miejscIIPPn>PL.PZGIK.200</sln:miejscIIPPn><sln:miejscIIPWersja>2016-11-24T13:46:10+02:00</sln:miejscIIPWersja><sln:miejscIdTeryt>0839151</sln:miejscIdTeryt><sln:miejscNazwa>Na Stawach</sln:miejscNazwa><sln:miejscRodzaj>Inny obiekt</sln:miejscRodzaj><sln:powIIPId>9ae62200-8233-49ef-aec3-b3c95fa6127e</sln:powIIPId><sln:powIIPPn>PL.PZGIK.200</sln:powIIPPn><sln:powIIPWersja>2012-09-27T07:52:00+02:00</sln:powIIPWersja><sln:powIdTeryt>1201</sln:powIdTeryt><sln:powNazwa>bocheński</sln:powNazwa><sln:wojIIPId>dd2e3c64-f861-47cf-a3a3-e7751f272b2f</sln:wojIIPId><sln:wojIIPPn>PL.PZGIK.200</sln:wojIIPPn><sln:wojIIPWersja>2017-10-10T00:00:00+02:00</sln:wojIIPWersja><sln:wojIdTeryt>12</sln:wojIdTeryt><sln:wojNazwa>małopolskie</sln:wojNazwa></sln:miejscowosc><sln:miejscowosc><sln:cyklZyciaOd>2014-12-06T00:00:00+01:00</sln:cyklZyciaOd><sln:gmIIPId>cc6eff22-cfd7-428d-96b5-e434a99e5a60</sln:gmIIPId><sln:gmIIPPn>PL.PZGIK.200</sln:gmIIPPn><sln:gmIIPWersja>2012-09-26T22:08:36+02:00</sln:gmIIPWersja><sln:gmIdTeryt>1201082</sln:gmIdTeryt><sln:gmNazwa>Trzciana</sln:gmNazwa><sln:miejscIIPId>ab1688c4-6044-4287-a6cb-78fef9428a72</sln:miejscIIPId><sln:miejscIIPPn>PL.PZGIK.200</sln:miejscIIPPn><sln:miejscIIPWersja>2016-11-24T13:49:01+02:00</sln:miejscIIPWersja><sln:miejscIdTeryt>0839369</sln:miejscIdTeryt><sln:miejscNazwa>Sepne</sln:miejscNazwa><sln:miejscRodzaj>Inny obiekt</sln:miejscRodzaj><sln:powIIPId>9ae62200-8233-49ef-aec3-b3c95fa6127e</sln:powIIPId><sln:powIIPPn>PL.PZGIK.200</sln:powIIPPn><sln:powIIPWersja>2012-09-27T07:52:00+02:00</sln:powIIPWersja><sln:powIdTeryt>1201</sln:powIdTeryt><sln:powNazwa>bocheński</sln:powNazwa><sln:wojIIPId>dd2e3c64-f861-47cf-a3a3-e7751f272b2f</sln:wojIIPId><sln:wojIIPPn>PL.PZGIK.200</sln:wojIIPPn><sln:wojIIPWersja>2017-10-10T00:00:00+02:00</sln:wojIIPWersja><sln:wojIdTeryt>12</sln:wojIdTeryt><sln:wojNazwa>małopolskie</sln:wojNazwa></sln:miejscowosc><sln:miejscowosc><sln:cyklZyciaOd>2014-12-06T00:00:00+01:00</sln:cyklZyciaOd><sln:gmIIPId>cc6eff22-cfd7-428d-96b5-e434a99e5a60</sln:gmIIPId><sln:gmIIPPn>PL.PZGIK.200</sln:gmIIPPn><sln:gmIIPWersja>2012-09-26T22:08:36+02:00</sln:gmIIPWersja><sln:gmIdTeryt>1201082</sln:gmIdTeryt><sln:gmNazwa>Trzciana</sln:gmNazwa><sln:miejscIIPId>b14f714e-ac19-4462-ae2b-3ac3af0049f9</sln:miejscIIPId><sln:miejscIIPPn>PL.PZGIK.200</sln:miejscIIPPn><sln:miejscIIPWersja>2016-11-24T13:55:13+02:00</sln:miejscIIPWersja><sln:miejscIdTeryt>0838631</sln:miejscIdTeryt><sln:miejscNazwa>Pod Dębami</sln:miejscNazwa><sln:miejscRodzaj>Inny obiekt</sln:miejscRodzaj><sln:powIIPId>9ae62200-8233-49ef-aec3-b3c95fa6127e</sln:powIIPId><sln:powIIPPn>PL.PZGIK.200</sln:powIIPPn><sln:powIIPWersja>2012-09-27T07:52:00+02:00</sln:powIIPWersja><sln:powIdTeryt>1201</sln:powIdTeryt><sln:powNazwa>bocheński</sln:powNazwa><sln:wojIIPId>dd2e3c64-f861-47cf-a3a3-e7751f272b2f</sln:wojIIPId><sln:wojIIPPn>PL.PZGIK.200</sln:wojIIPPn><sln:wojIIPWersja>2017-10-10T00:00:00+02:00</sln:wojIIPWersja><sln:wojIdTeryt>12</sln:wojIdTeryt><sln:wojNazwa>małopolskie</sln:wojNazwa></sln:miejscowosc><sln:miejscowosc><sln:cyklZyciaOd>2014-12-06T00:00:00+01:00</sln:cyklZyciaOd><sln:gmIIPId>cc6eff22-cfd7-428d-96b5-e434a99e5a60</sln:gmIIPId><sln:gmIIPPn>PL.PZGIK.200</sln:gmIIPPn><sln:gmIIPWersja>2012-09-26T22:08:36+02:00</sln:gmIIPWersja><sln:gmIdTeryt>1201082</sln:gmIdTeryt><sln:gmNazwa>Trzciana</sln:gmNazwa><sln:miejscIIPId>e39bde3f-9332-4f5a-9de7-4c6248a4d2ec</sln:miejscIIPId><sln:miejscIIPPn>PL.PZGIK.200</sln:miejscIIPPn><sln:miejscIIPWersja>2016-11-24T13:55:13+02:00</sln:miejscIIPWersja><sln:miejscIdTeryt>0838619</sln:miejscIdTeryt><sln:miejscNazwa>Maciejówka</sln:miejscNazwa><sln:miejscRodzaj>Inny obiekt</sln:miejscRodzaj><sln:powIIPId>9ae62200-8233-49ef-aec3-b3c95fa6127e</sln:powIIPId><sln:powIIPPn>PL.PZGIK.200</sln:powIIPPn><sln:powIIPWersja>2012-09-27T07:52:00+02:00</sln:powIIPWersja><sln:powIdTeryt>1201</sln:powIdTeryt><sln:powNazwa>bocheński</sln:powNazwa><sln:wojIIPId>dd2e3c64-f861-47cf-a3a3-e7751f272b2f</sln:wojIIPId><sln:wojIIPPn>PL.PZGIK.200</sln:wojIIPPn><sln:wojIIPWersja>2017-10-10T00:00:00+02:00</sln:wojIIPWersja><sln:wojIdTeryt>12</sln:wojIdTeryt><sln:wojNazwa>małopolskie</sln:wojNazwa></sln:miejscowosc><sln:miejscowosc><sln:cyklZyciaOd>2014-12-06T00:00:00+01:00</sln:cyklZyciaOd><sln:gmIIPId>cc6eff22-cfd7-428d-96b5-e434a99e5a60</sln:gmIIPId><sln:gmIIPPn>PL.PZGIK.200</sln:gmIIPPn><sln:gmIIPWersja>2012-09-26T22:08:36+02:00</sln:gmIIPWersja><sln:gmIdTeryt>1201082</sln:gmIdTeryt><sln:gmNazwa>Trzciana</sln:gmNazwa><sln:miejscIIPId>dc86afdb-fa28-4362-8db5-d4d59202dc17</sln:miejscIIPId><sln:miejscIIPPn>PL.PZGIK.200</sln:miejscIIPPn><sln:miejscIIPWersja>2016-11-24T13:55:13+02:00</sln:miejscIIPWersja><sln:miejscIdTeryt>0838648</sln:miejscIdTeryt><sln:miejscNazwa>Podedworze</sln:miejscNazwa><sln:miejscRodzaj>Inny obiekt</sln:miejscRodzaj><sln:powIIPId>9ae62200-8233-49ef-aec3-b3c95fa6127e</sln:powIIPId><sln:powIIPPn>PL.PZGIK.200</sln:powIIPPn><sln:powIIPWersja>2012-09-27T07:52:00+02:00</sln:powIIPWersja><sln:powIdTeryt>1201</sln:powIdTeryt><sln:powNazwa>bocheński</sln:powNazwa><sln:wojIIPId>dd2e3c64-f861-47cf-a3a3-e7751f272b2f</sln:wojIIPId><sln:wojIIPPn>PL.PZGIK.200</sln:wojIIPPn><sln:wojIIPWersja>2017-10-10T00:00:00+02:00</sln:wojIIPWersja><sln:wojIdTeryt>12</sln:wojIdTeryt><sln:wojNazwa>małopolskie</sln:wojNazwa></sln:miejscowosc><sln:miejscowosc><sln:cyklZyciaOd>2014-12-06T00:00:00+01:00</sln:cyklZyciaOd><sln:gmIIPId>cc6eff22-cfd7-428d-96b5-e434a99e5a60</sln:gmIIPId><sln:gmIIPPn>PL.PZGIK.200</sln:gmIIPPn><sln:gmIIPWersja>2012-09-26T22:08:36+02:00</sln:gmIIPWersja><sln:gmIdTeryt>1201082</sln:gmIdTeryt><sln:gmNazwa>Trzciana</sln:gmNazwa><sln:miejscIIPId>e563cc1e-f5f5-42ec-b72e-daa5f1e77a49</sln:miejscIIPId><sln:miejscIIPPn>PL.PZGIK.200</sln:miejscIIPPn><sln:miejscIIPWersja>2016-11-24T13:55:13+02:00</sln:miejscIIPWersja><sln:miejscIdTeryt>0838571</sln:miejscIdTeryt><sln:miejscNazwa>Góralówka</sln:miejscNazwa><sln:miejscRodzaj>Inny obiekt</sln:miejscRodzaj><sln:powIIPId>9ae62200-8233-49ef-aec3-b3c95fa6127e</sln:powIIPId><sln:powIIPPn>PL.PZGIK.200</sln:powIIPPn><sln:powIIPWersja>2012-09-27T07:52:00+02:00</sln:powIIPWersja><sln:powIdTeryt>1201</sln:powIdTeryt><sln:powNazwa>bocheński</sln:powNazwa><sln:wojIIPId>dd2e3c64-f861-47cf-a3a3-e7751f272b2f</sln:wojIIPId><sln:wojIIPPn>PL.PZGIK.200</sln:wojIIPPn><sln:wojIIPWersja>2017-10-10T00:00:00+02:00</sln:wojIIPWersja><sln:wojIdTeryt>12</sln:wojIdTeryt><sln:wojNazwa>małopolskie</sln:wojNazwa></sln:miejscowosc></sln:lista-miejscowosci>