<?xml version="1.0" encoding="UTF-8" standalone="yes"?><sln:lista-miejscowosci xmlns:srv="http://gugik.gov.pl/schemas/slowniki-service/1.0" xmlns:sln="http://gugik.gov.pl/schemas/slowniki-schema/1.0"><sln:miejscowosc><sln:cyklZyciaDo>2017-04-19T00:00:00+02:00</sln:cyklZyciaDo><sln:cyklZyciaOd>2015-10-19T00:00:00+02:00</sln:cyklZyciaOd><sln:gmIIPId>b3f075ea-a28e-4276-ba3d-b5b319823d1a</sln:gmIIPId><sln:gmIIPPn>PL.PZGIK.200</sln:gmIIPPn><sln:gmIIPWersja>2017-10-10T00:00:00+02:00</sln:gmIIPWersja><sln:gmIdTeryt>1211052</sln:gmIdTeryt><sln:gmNazwa>Jabłonka</sln:gmNazwa><sln:miejscIIPId>d9b480a0-ce8d-4f20-95c0-855da8d6942d</sln:miejscIIPId><sln:miejscIIPPn>PL.PZGIK.200</sln:miejscIIPPn><sln:miejscIIPWersja>2016-11-24T10:25:26+02:00</sln:miejscIIPWersja><sln:miejscIdTeryt>0428904</sln:miejscIdTeryt><sln:miejscNazwa>Chyżne</sln:miejscNazwa><sln:miejscRodzaj>Wieś</sln:miejscRodzaj><sln:powIIPId>a472069d-aabd-4128-a1dc-c3f6f7c8c11a</sln:powIIPId><sln:powIIPPn>PL.PZGIK.200</sln:powIIPPn><sln:powIIPWersja>2017-10-10T00:00:00+02:00</sln:powIIPWersja><sln:powIdTeryt>1211</sln:powIdTeryt><sln:powNazwa>nowotarski</sln:powNazwa><sln:waznyOd>2015-09-22T00:00:00+02:00</sln:waznyOd><sln:wojIIPId>dd2e3c64-f861-47cf-a3a3-e7751f272b2f</sln:wojIIPId><sln:wojIIPPn>PL.PZGIK.200</sln:wojIIPPn><sln:wojIIPWersja>2017-10-10T00:00:00+02:00</sln:wojIIPWersja><sln:wojIdTeryt>12</sln:wojIdTeryt><sln:wojNazwa>małopolskie</sln:wojNazwa></sln:miejscowosc><sln:miejscowosc><sln:cyklZyciaDo>2017-04-19T00:00:00+02:00</sln:cyklZyciaDo><sln:cyklZyciaOd>2015-10-19T00:00:00+02:00</sln:cyklZyciaOd><sln:gmIIPId>b3f075ea-a28e-4276-ba3d-b5b319823d1a</sln:gmIIPId><sln:gmIIPPn>PL.PZGIK.200</sln:gmIIPPn><sln:gmIIPWersja>2017-10-10T00:00:00+02:00</sln:gmIIPWersja><sln:gmIdTeryt>1211052</sln:gmIdTeryt><sln:gmNazwa>Jabłonka</sln:gmNazwa><sln:miejscIIPId>e1b4b766-1e40-4f44-b170-21c8c7212fd6</sln:miejscIIPId><sln:miejscIIPPn>PL.PZGIK.200</sln:miejscIIPPn><sln:miejscIIPWersja>2016-11-24T10:25:26+02:00</sln:miejscIIPWersja><sln:miejscIdTeryt>0429878</sln:miejscIdTeryt><sln:miejscNazwa>Zubrzyca Dolna</sln:miejscNazwa><sln:miejscRodzaj>Wieś</sln:miejscRodzaj><sln:powIIPId>a472069d-aabd-4128-a1dc-c3f6f7c8c11a</sln:powIIPId><sln:powIIPPn>PL.PZGIK.200</sln:powIIPPn><sln:powIIPWersja>2017-10-10T00:00:00+02:00</sln:powIIPWersja><sln:powIdTeryt>1211</sln:powIdTeryt><sln:powNazwa>nowotarski</sln:powNazwa><sln:waznyOd>2015-09-22T00:00:00+02:00</sln:waznyOd><sln:wojIIPId>dd2e3c64-f861-47cf-a3a3-e7751f272b2f</sln:wojIIPId><sln:wojIIPPn>PL.PZGIK.200</sln:wojIIPPn><sln:wojIIPWersja>2017-10-10T00:00:00+02:00</sln:wojIIPWersja><sln:wojIdTeryt>12</sln:wojIdTeryt><sln:wojNazwa>małopolskie</sln:wojNazwa></sln:miejscowosc><sln:miejscowosc><sln:cyklZyciaDo>2017-04-19T00:00:00+02:00</sln:cyklZyciaDo><sln:cyklZyciaOd>2015-10-19T00:00:00+02:00</sln:cyklZyciaOd><sln:gmIIPId>b3f075ea-a28e-4276-ba3d-b5b319823d1a</sln:gmIIPId><sln:gmIIPPn>PL.PZGIK.200</sln:gmIIPPn><sln:gmIIPWersja>2017-10-10T00:00:00+02:00</sln:gmIIPWersja><sln:gmIdTeryt>1211052</sln:gmIdTeryt><sln:gmNazwa>Jabłonka</sln:gmNazwa><sln:miejscIIPId>98dfe0b3-4dc6-492c-be29-ea26e4d31456</sln:miejscIIPId><sln:miejscIIPPn>PL.PZGIK.200</sln:miejscIIPPn><sln:miejscIIPWersja>2016-11-24T10:25:26+02:00</sln:miejscIIPWersja><sln:miejscIdTeryt>0429950</sln:miejscIdTeryt><sln:miejscNazwa>Zubrzyca Górna</sln:miejscNazwa><sln:miejscRodzaj>Wieś</sln:miejscRodzaj><sln:powIIPId>a472069d-aabd-4128-a1dc-c3f6f7c8c11a</sln:powIIPId><sln:powIIPPn>PL.PZGIK.200</sln:powIIPPn><sln:powIIPWersja>2017-10-10T00:00:00+02:00</sln:powIIPWersja><sln:powIdTeryt>1211</sln:powIdTeryt><sln:powNazwa>nowotarski</sln:powNazwa><sln:waznyOd>2015-09-22T00:00:00+02:00</sln:waznyOd><sln:wojIIPId>dd2e3c64-f861-47cf-a3a3-e7751f272b2f</sln:wojIIPId><sln:wojIIPPn>PL.PZGIK.200</sln:wojIIPPn><sln:wojIIPWersja>2017-10-10T00:00:00+02:00</sln:wojIIPWersja><sln:wojIdTeryt>12</sln:wojIdTeryt><sln:wojNazwa>małopolskie</sln:wojNazwa></sln:miejscowosc><sln:miejscowosc><sln:cyklZyciaDo>2017-04-19T00:00:00+02:00</sln:cyklZyciaDo><sln:cyklZyciaOd>2015-10-19T00:00:00+02:00</sln:cyklZyciaOd><sln:gmIIPId>b3f075ea-a28e-4276-ba3d-b5b319823d1a</sln:gmIIPId><sln:gmIIPPn>PL.PZGIK.200</sln:gmIIPPn><sln:gmIIPWersja>2017-10-10T00:00:00+02:00</sln:gmIIPWersja><sln:gmIdTeryt>1211052</sln:gmIdTeryt><sln:gmNazwa>Jabłonka</sln:gmNazwa><sln:miejscIIPId>73efbf9b-3758-4545-a8d1-fd21d81ba25f</sln:miejscIIPId><sln:miejscIIPPn>PL.PZGIK.200</sln:miejscIIPPn><sln:miejscIIPWersja>2016-11-24T10:25:26+02:00</sln:miejscIIPWersja><sln:miejscIdTeryt>0429016</sln:miejscIdTeryt><sln:miejscNazwa>Jabłonka</sln:miejscNazwa><sln:miejscRodzaj>Wieś</sln:miejscRodzaj><sln:powIIPId>a472069d-aabd-4128-a1dc-c3f6f7c8c11a</sln:powIIPId><sln:powIIPPn>PL.PZGIK.200</sln:powIIPPn><sln:powIIPWersja>2017-10-10T00:00:00+02:00</sln:powIIPWersja><sln:powIdTeryt>1211</sln:powIdTeryt><sln:powNazwa>nowotarski</sln:powNazwa><sln:waznyOd>2015-09-22T00:00:00+02:00</sln:waznyOd><sln:wojIIPId>dd2e3c64-f861-47cf-a3a3-e7751f272b2f</sln:wojIIPId><sln:wojIIPPn>PL.PZGIK.200</sln:wojIIPPn><sln:wojIIPWersja>2017-10-10T00:00:00+02:00</sln:wojIIPWersja><sln:wojIdTeryt>12</sln:wojIdTeryt><sln:wojNazwa>małopolskie</sln:wojNazwa></sln:miejscowosc><sln:miejscowosc><sln:cyklZyciaDo>2017-04-19T00:00:00+02:00</sln:cyklZyciaDo><sln:cyklZyciaOd>2015-10-19T00:00:00+02:00</sln:cyklZyciaOd><sln:gmIIPId>b3f075ea-a28e-4276-ba3d-b5b319823d1a</sln:gmIIPId><sln:gmIIPPn>PL.PZGIK.200</sln:gmIIPPn><sln:gmIIPWersja>2017-10-10T00:00:00+02:00</sln:gmIIPWersja><sln:gmIdTeryt>1211052</sln:gmIdTeryt><sln:gmNazwa>Jabłonka</sln:gmNazwa><sln:miejscIIPId>0c1f3849-b3d1-450c-b20d-3f7ee52c432e</sln:miejscIIPId><sln:miejscIIPPn>PL.PZGIK.200</sln:miejscIIPPn><sln:miejscIIPWersja>2016-11-24T10:25:26+02:00</sln:miejscIIPWersja><sln:miejscIdTeryt>0429341</sln:miejscIdTeryt><sln:miejscNazwa>Lipnica Mała</sln:miejscNazwa><sln:miejscRodzaj>Wieś</sln:miejscRodzaj><sln:powIIPId>a472069d-aabd-4128-a1dc-c3f6f7c8c11a</sln:powIIPId><sln:powIIPPn>PL.PZGIK.200</sln:powIIPPn><sln:powIIPWersja>2017-10-10T00:00:00+02:00</sln:powIIPWersja><sln:powIdTeryt>1211</sln:powIdTeryt><sln:powNazwa>nowotarski</sln:powNazwa><sln:waznyOd>2015-09-22T00:00:00+02:00</sln:waznyOd><sln:wojIIPId>dd2e3c64-f861-47cf-a3a3-e7751f272b2f</sln:wojIIPId><sln:wojIIPPn>PL.PZGIK.200</sln:wojIIPPn><sln:wojIIPWersja>2017-10-10T00:00:00+02:00</sln:wojIIPWersja><sln:wojIdTeryt>12</sln:wojIdTeryt><sln:wojNazwa>małopolskie</sln:wojNazwa></sln:miejscowosc><sln:miejscowosc><sln:cyklZyciaDo>2017-04-19T00:00:00+02:00</sln:cyklZyciaDo><sln:cyklZyciaOd>2015-10-19T00:00:00+02:00</sln:cyklZyciaOd><sln:gmIIPId>b3f075ea-a28e-4276-ba3d-b5b319823d1a</sln:gmIIPId><sln:gmIIPPn>PL.PZGIK.200</sln:gmIIPPn><sln:gmIIPWersja>2017-10-10T00:00:00+02:00</sln:gmIIPWersja><sln:gmIdTeryt>1211052</sln:gmIdTeryt><sln:gmNazwa>Jabłonka</sln:gmNazwa><sln:miejscIIPId>afb162db-9640-4847-93be-5c127d3b7639</sln:miejscIIPId><sln:miejscIIPPn>PL.PZGIK.200</sln:miejscIIPPn><sln:miejscIIPWersja>2016-11-24T10:25:26+02:00</sln:miejscIIPWersja><sln:miejscIdTeryt>0429453</sln:miejscIdTeryt><sln:miejscNazwa>Orawka</sln:miejscNazwa><sln:miejscRodzaj>Wieś</sln:miejscRodzaj><sln:powIIPId>a472069d-aabd-4128-a1dc-c3f6f7c8c11a</sln:powIIPId><sln:powIIPPn>PL.PZGIK.200</sln:powIIPPn><sln:powIIPWersja>2017-10-10T00:00:00+02:00</sln:powIIPWersja><sln:powIdTeryt>1211</sln:powIdTeryt><sln:powNazwa>nowotarski</sln:powNazwa><sln:waznyOd>2015-09-22T00:00:00+02:00</sln:waznyOd><sln:wojIIPId>dd2e3c64-f861-47cf-a3a3-e7751f272b2f</sln:wojIIPId><sln:wojIIPPn>PL.PZGIK.200</sln:wojIIPPn><sln:wojIIPWersja>2017-10-10T00:00:00+02:00</sln:wojIIPWersja><sln:wojIdTeryt>12</sln:wojIdTeryt><sln:wojNazwa>małopolskie</sln:wojNazwa></sln:miejscowosc><sln:miejscowosc><sln:cyklZyciaDo>2017-04-19T00:00:00+02:00</sln:cyklZyciaDo><sln:cyklZyciaOd>2015-10-19T00:00:00+02:00</sln:cyklZyciaOd><sln:gmIIPId>b3f075ea-a28e-4276-ba3d-b5b319823d1a</sln:gmIIPId><sln:gmIIPPn>PL.PZGIK.200</sln:gmIIPPn><sln:gmIIPWersja>2017-10-10T00:00:00+02:00</sln:gmIIPWersja><sln:gmIdTeryt>1211052</sln:gmIdTeryt><sln:gmNazwa>Jabłonka</sln:gmNazwa><sln:miejscIIPId>8db9fcff-8b38-45aa-8a7f-8228ddf30858</sln:miejscIIPId><sln:miejscIIPPn>PL.PZGIK.200</sln:miejscIIPPn><sln:miejscIIPWersja>2016-11-24T10:25:26+02:00</sln:miejscIIPWersja><sln:miejscIdTeryt>0429602</sln:miejscIdTeryt><sln:miejscNazwa>Podwilk</sln:miejscNazwa><sln:miejscRodzaj>Wieś</sln:miejscRodzaj><sln:powIIPId>a472069d-aabd-4128-a1dc-c3f6f7c8c11a</sln:powIIPId><sln:powIIPPn>PL.PZGIK.200</sln:powIIPPn><sln:powIIPWersja>2017-10-10T00:00:00+02:00</sln:powIIPWersja><sln:powIdTeryt>1211</sln:powIdTeryt><sln:powNazwa>nowotarski</sln:powNazwa><sln:waznyOd>2015-09-22T00:00:00+02:00</sln:waznyOd><sln:wojIIPId>dd2e3c64-f861-47cf-a3a3-e7751f272b2f</sln:wojIIPId><sln:wojIIPPn>PL.PZGIK.200</sln:wojIIPPn><sln:wojIIPWersja>2017-10-10T00:00:00+02:00</sln:wojIIPWersja><sln:wojIdTeryt>12</sln:wojIdTeryt><sln:wojNazwa>małopolskie</sln:wojNazwa></sln:miejscowosc><sln:miejscowosc><sln:cyklZyciaOd>2017-04-19T00:00:00+02:00</sln:cyklZyciaOd><sln:gmIIPId>b3f075ea-a28e-4276-ba3d-b5b319823d1a</sln:gmIIPId><sln:gmIIPPn>PL.PZGIK.200</sln:gmIIPPn><sln:gmIIPWersja>2017-10-10T00:00:00+02:00</sln:gmIIPWersja><sln:gmIdTeryt>1211052</sln:gmIdTeryt><sln:gmNazwa>Jabłonka</sln:gmNazwa><sln:miejscIIPId>d9b480a0-ce8d-4f20-95c0-855da8d6942d</sln:miejscIIPId><sln:miejscIIPPn>PL.PZGIK.200</sln:miejscIIPPn><sln:miejscIIPWersja>2017-04-19T10:01:02+02:00</sln:miejscIIPWersja><sln:miejscIdTeryt>0428904</sln:miejscIdTeryt><sln:miejscNazwa>Chyżne</sln:miejscNazwa><sln:miejscRodzaj>Wieś</sln:miejscRodzaj><sln:powIIPId>a472069d-aabd-4128-a1dc-c3f6f7c8c11a</sln:powIIPId><sln:powIIPPn>PL.PZGIK.200</sln:powIIPPn><sln:powIIPWersja>2017-10-10T00:00:00+02:00</sln:powIIPWersja><sln:powIdTeryt>1211</sln:powIdTeryt><sln:powNazwa>nowotarski</sln:powNazwa><sln:waznyOd>2015-10-21T00:00:00+02:00</sln:waznyOd><sln:wojIIPId>dd2e3c64-f861-47cf-a3a3-e7751f272b2f</sln:wojIIPId><sln:wojIIPPn>PL.PZGIK.200</sln:wojIIPPn><sln:wojIIPWersja>2017-10-10T00:00:00+02:00</sln:wojIIPWersja><sln:wojIdTeryt>12</sln:wojIdTeryt><sln:wojNazwa>małopolskie</sln:wojNazwa></sln:miejscowosc><sln:miejscowosc><sln:cyklZyciaOd>2017-04-19T00:00:00+02:00</sln:cyklZyciaOd><sln:gmIIPId>b3f075ea-a28e-4276-ba3d-b5b319823d1a</sln:gmIIPId><sln:gmIIPPn>PL.PZGIK.200</sln:gmIIPPn><sln:gmIIPWersja>2017-10-10T00:00:00+02:00</sln:gmIIPWersja><sln:gmIdTeryt>1211052</sln:gmIdTeryt><sln:gmNazwa>Jabłonka</sln:gmNazwa><sln:miejscIIPId>73efbf9b-3758-4545-a8d1-fd21d81ba25f</sln:miejscIIPId><sln:miejscIIPPn>PL.PZGIK.200</sln:miejscIIPPn><sln:miejscIIPWersja>2017-04-19T10:01:08+02:00</sln:miejscIIPWersja><sln:miejscIdTeryt>0429016</sln:miejscIdTeryt><sln:miejscNazwa>Jabłonka</sln:miejscNazwa><sln:miejscRodzaj>Wieś</sln:miejscRodzaj><sln:powIIPId>a472069d-aabd-4128-a1dc-c3f6f7c8c11a</sln:powIIPId><sln:powIIPPn>PL.PZGIK.200</sln:powIIPPn><sln:powIIPWersja>2017-10-10T00:00:00+02:00</sln:powIIPWersja><sln:powIdTeryt>1211</sln:powIdTeryt><sln:powNazwa>nowotarski</sln:powNazwa><sln:waznyOd>2015-10-21T00:00:00+02:00</sln:waznyOd><sln:wojIIPId>dd2e3c64-f861-47cf-a3a3-e7751f272b2f</sln:wojIIPId><sln:wojIIPPn>PL.PZGIK.200</sln:wojIIPPn><sln:wojIIPWersja>2017-10-10T00:00:00+02:00</sln:wojIIPWersja><sln:wojIdTeryt>12</sln:wojIdTeryt><sln:wojNazwa>małopolskie</sln:wojNazwa></sln:miejscowosc><sln:miejscowosc><sln:cyklZyciaOd>2017-04-19T00:00:00+02:00</sln:cyklZyciaOd><sln:gmIIPId>b3f075ea-a28e-4276-ba3d-b5b319823d1a</sln:gmIIPId><sln:gmIIPPn>PL.PZGIK.200</sln:gmIIPPn><sln:gmIIPWersja>2017-10-10T00:00:00+02:00</sln:gmIIPWersja><sln:gmIdTeryt>1211052</sln:gmIdTeryt><sln:gmNazwa>Jabłonka</sln:gmNazwa><sln:miejscIIPId>0c1f3849-b3d1-450c-b20d-3f7ee52c432e</sln:miejscIIPId><sln:miejscIIPPn>PL.PZGIK.200</sln:miejscIIPPn><sln:miejscIIPWersja>2017-04-19T10:01:09+02:00</sln:miejscIIPWersja><sln:miejscIdTeryt>0429341</sln:miejscIdTeryt><sln:miejscNazwa>Lipnica Mała</sln:miejscNazwa><sln:miejscRodzaj>Wieś</sln:miejscRodzaj><sln:powIIPId>a472069d-aabd-4128-a1dc-c3f6f7c8c11a</sln:powIIPId><sln:powIIPPn>PL.PZGIK.200</sln:powIIPPn><sln:powIIPWersja>2017-10-10T00:00:00+02:00</sln:powIIPWersja><sln:powIdTeryt>1211</sln:powIdTeryt><sln:powNazwa>nowotarski</sln:powNazwa><sln:waznyOd>2015-10-21T00:00:00+02:00</sln:waznyOd><sln:wojIIPId>dd2e3c64-f861-47cf-a3a3-e7751f272b2f</sln:wojIIPId><sln:wojIIPPn>PL.PZGIK.200</sln:wojIIPPn><sln:wojIIPWersja>2017-10-10T00:00:00+02:00</sln:wojIIPWersja><sln:wojIdTeryt>12</sln:wojIdTeryt><sln:wojNazwa>małopolskie</sln:wojNazwa></sln:miejscowosc><sln:miejscowosc><sln:cyklZyciaOd>2017-04-19T00:00:00+02:00</sln:cyklZyciaOd><sln:gmIIPId>b3f075ea-a28e-4276-ba3d-b5b319823d1a</sln:gmIIPId><sln:gmIIPPn>PL.PZGIK.200</sln:gmIIPPn><sln:gmIIPWersja>2017-10-10T00:00:00+02:00</sln:gmIIPWersja><sln:gmIdTeryt>1211052</sln:gmIdTeryt><sln:gmNazwa>Jabłonka</sln:gmNazwa><sln:miejscIIPId>afb162db-9640-4847-93be-5c127d3b7639</sln:miejscIIPId><sln:miejscIIPPn>PL.PZGIK.200</sln:miejscIIPPn><sln:miejscIIPWersja>2017-04-19T10:01:09+02:00</sln:miejscIIPWersja><sln:miejscIdTeryt>0429453</sln:miejscIdTeryt><sln:miejscNazwa>Orawka</sln:miejscNazwa><sln:miejscRodzaj>Wieś</sln:miejscRodzaj><sln:powIIPId>a472069d-aabd-4128-a1dc-c3f6f7c8c11a</sln:powIIPId><sln:powIIPPn>PL.PZGIK.200</sln:powIIPPn><sln:powIIPWersja>2017-10-10T00:00:00+02:00</sln:powIIPWersja><sln:powIdTeryt>1211</sln:powIdTeryt><sln:powNazwa>nowotarski</sln:powNazwa><sln:waznyOd>2015-10-21T00:00:00+02:00</sln:waznyOd><sln:wojIIPId>dd2e3c64-f861-47cf-a3a3-e7751f272b2f</sln:wojIIPId><sln:wojIIPPn>PL.PZGIK.200</sln:wojIIPPn><sln:wojIIPWersja>2017-10-10T00:00:00+02:00</sln:wojIIPWersja><sln:wojIdTeryt>12</sln:wojIdTeryt><sln:wojNazwa>małopolskie</sln:wojNazwa></sln:miejscowosc><sln:miejscowosc><sln:cyklZyciaOd>2017-04-19T00:00:00+02:00</sln:cyklZyciaOd><sln:gmIIPId>b3f075ea-a28e-4276-ba3d-b5b319823d1a</sln:gmIIPId><sln:gmIIPPn>PL.PZGIK.200</sln:gmIIPPn><sln:gmIIPWersja>2017-10-10T00:00:00+02:00</sln:gmIIPWersja><sln:gmIdTeryt>1211052</sln:gmIdTeryt><sln:gmNazwa>Jabłonka</sln:gmNazwa><sln:miejscIIPId>8db9fcff-8b38-45aa-8a7f-8228ddf30858</sln:miejscIIPId><sln:miejscIIPPn>PL.PZGIK.200</sln:miejscIIPPn><sln:miejscIIPWersja>2017-04-19T10:01:09+02:00</sln:miejscIIPWersja><sln:miejscIdTeryt>0429602</sln:miejscIdTeryt><sln:miejscNazwa>Podwilk</sln:miejscNazwa><sln:miejscRodzaj>Wieś</sln:miejscRodzaj><sln:powIIPId>a472069d-aabd-4128-a1dc-c3f6f7c8c11a</sln:powIIPId><sln:powIIPPn>PL.PZGIK.200</sln:powIIPPn><sln:powIIPWersja>2017-10-10T00:00:00+02:00</sln:powIIPWersja><sln:powIdTeryt>1211</sln:powIdTeryt><sln:powNazwa>nowotarski</sln:powNazwa><sln:waznyOd>2015-10-21T00:00:00+02:00</sln:waznyOd><sln:wojIIPId>dd2e3c64-f861-47cf-a3a3-e7751f272b2f</sln:wojIIPId><sln:wojIIPPn>PL.PZGIK.200</sln:wojIIPPn><sln:wojIIPWersja>2017-10-10T00:00:00+02:00</sln:wojIIPWersja><sln:wojIdTeryt>12</sln:wojIdTeryt><sln:wojNazwa>małopolskie</sln:wojNazwa></sln:miejscowosc><sln:miejscowosc><sln:cyklZyciaOd>2017-04-19T00:00:00+02:00</sln:cyklZyciaOd><sln:gmIIPId>b3f075ea-a28e-4276-ba3d-b5b319823d1a</sln:gmIIPId><sln:gmIIPPn>PL.PZGIK.200</sln:gmIIPPn><sln:gmIIPWersja>2017-10-10T00:00:00+02:00</sln:gmIIPWersja><sln:gmIdTeryt>1211052</sln:gmIdTeryt><sln:gmNazwa>Jabłonka</sln:gmNazwa><sln:miejscIIPId>e1b4b766-1e40-4f44-b170-21c8c7212fd6</sln:miejscIIPId><sln:miejscIIPPn>PL.PZGIK.200</sln:miejscIIPPn><sln:miejscIIPWersja>2017-04-19T10:01:09+02:00</sln:miejscIIPWersja><sln:miejscIdTeryt>0429878</sln:miejscIdTeryt><sln:miejscNazwa>Zubrzyca Dolna</sln:miejscNazwa><sln:miejscRodzaj>Wieś</sln:miejscRodzaj><sln:powIIPId>a472069d-aabd-4128-a1dc-c3f6f7c8c11a</sln:powIIPId><sln:powIIPPn>PL.PZGIK.200</sln:powIIPPn><sln:powIIPWersja>2017-10-10T00:00:00+02:00</sln:powIIPWersja><sln:powIdTeryt>1211</sln:powIdTeryt><sln:powNazwa>nowotarski</sln:powNazwa><sln:waznyOd>2015-10-21T00:00:00+02:00</sln:waznyOd><sln:wojIIPId>dd2e3c64-f861-47cf-a3a3-e7751f272b2f</sln:wojIIPId><sln:wojIIPPn>PL.PZGIK.200</sln:wojIIPPn><sln:wojIIPWersja>2017-10-10T00:00:00+02:00</sln:wojIIPWersja><sln:wojIdTeryt>12</sln:wojIdTeryt><sln:wojNazwa>małopolskie</sln:wojNazwa></sln:miejscowosc><sln:miejscowosc><sln:cyklZyciaOd>2017-04-19T00:00:00+02:00</sln:cyklZyciaOd><sln:gmIIPId>b3f075ea-a28e-4276-ba3d-b5b319823d1a</sln:gmIIPId><sln:gmIIPPn>PL.PZGIK.200</sln:gmIIPPn><sln:gmIIPWersja>2017-10-10T00:00:00+02:00</sln:gmIIPWersja><sln:gmIdTeryt>1211052</sln:gmIdTeryt><sln:gmNazwa>Jabłonka</sln:gmNazwa><sln:miejscIIPId>98dfe0b3-4dc6-492c-be29-ea26e4d31456</sln:miejscIIPId><sln:miejscIIPPn>PL.PZGIK.200</sln:miejscIIPPn><sln:miejscIIPWersja>2017-04-19T10:01:09+02:00</sln:miejscIIPWersja><sln:miejscIdTeryt>0429950</sln:miejscIdTeryt><sln:miejscNazwa>Zubrzyca Górna</sln:miejscNazwa><sln:miejscRodzaj>Wieś</sln:miejscRodzaj><sln:powIIPId>a472069d-aabd-4128-a1dc-c3f6f7c8c11a</sln:powIIPId><sln:powIIPPn>PL.PZGIK.200</sln:powIIPPn><sln:powIIPWersja>2017-10-10T00:00:00+02:00</sln:powIIPWersja><sln:powIdTeryt>1211</sln:powIdTeryt><sln:powNazwa>nowotarski</sln:powNazwa><sln:waznyOd>2015-10-21T00:00:00+02:00</sln:waznyOd><sln:wojIIPId>dd2e3c64-f861-47cf-a3a3-e7751f272b2f</sln:wojIIPId><sln:wojIIPPn>PL.PZGIK.200</sln:wojIIPPn><sln:wojIIPWersja>2017-10-10T00:00:00+02:00</sln:wojIIPWersja><sln:wojIdTeryt>12</sln:wojIdTeryt><sln:wojNazwa>małopolskie</sln:wojNazwa></sln:miejscowosc></sln:lista-miejscowosci>