<?xml version="1.0" encoding="UTF-8" standalone="yes"?><sln:lista-miejscowosci xmlns:srv="http://gugik.gov.pl/schemas/slowniki-service/1.0" xmlns:sln="http://gugik.gov.pl/schemas/slowniki-schema/1.0"><sln:miejscowosc><sln:cyklZyciaDo>2017-04-19T00:00:00+02:00</sln:cyklZyciaDo><sln:cyklZyciaOd>2015-10-14T00:00:00+02:00</sln:cyklZyciaOd><sln:gmIIPId>de8f719d-7d0d-4ddb-a1f7-d154dbbbe9b4</sln:gmIIPId><sln:gmIIPPn>PL.PZGIK.200</sln:gmIIPPn><sln:gmIIPWersja>2012-09-26T22:11:56+02:00</sln:gmIIPWersja><sln:gmIdTeryt>1214062</sln:gmIdTeryt><sln:gmNazwa>Radziemice</sln:gmNazwa><sln:miejscIIPId>a6f5276b-0372-4da0-b55e-9f26c4abda8e</sln:miejscIIPId><sln:miejscIIPPn>PL.PZGIK.200</sln:miejscIIPPn><sln:miejscIIPWersja>2016-11-24T10:01:50+02:00</sln:miejscIIPWersja><sln:miejscIdTeryt>0333300</sln:miejscIdTeryt><sln:miejscNazwa>Błogocice</sln:miejscNazwa><sln:miejscRodzaj>Wieś</sln:miejscRodzaj><sln:powIIPId>adb95dd1-f39a-46c3-a2ee-c5dfb69b1d25</sln:powIIPId><sln:powIIPPn>PL.PZGIK.200</sln:powIIPPn><sln:powIIPWersja>2012-09-27T07:52:00+02:00</sln:powIIPWersja><sln:powIdTeryt>1214</sln:powIdTeryt><sln:powNazwa>proszowicki</sln:powNazwa><sln:waznyOd>2015-07-21T00:00:00+02:00</sln:waznyOd><sln:wojIIPId>dd2e3c64-f861-47cf-a3a3-e7751f272b2f</sln:wojIIPId><sln:wojIIPPn>PL.PZGIK.200</sln:wojIIPPn><sln:wojIIPWersja>2017-10-10T00:00:00+02:00</sln:wojIIPWersja><sln:wojIdTeryt>12</sln:wojIdTeryt><sln:wojNazwa>małopolskie</sln:wojNazwa></sln:miejscowosc><sln:miejscowosc><sln:cyklZyciaDo>2017-04-19T00:00:00+02:00</sln:cyklZyciaDo><sln:cyklZyciaOd>2015-10-14T00:00:00+02:00</sln:cyklZyciaOd><sln:gmIIPId>de8f719d-7d0d-4ddb-a1f7-d154dbbbe9b4</sln:gmIIPId><sln:gmIIPPn>PL.PZGIK.200</sln:gmIIPPn><sln:gmIIPWersja>2012-09-26T22:11:56+02:00</sln:gmIIPWersja><sln:gmIdTeryt>1214062</sln:gmIdTeryt><sln:gmNazwa>Radziemice</sln:gmNazwa><sln:miejscIIPId>51147580-7c75-434b-8b93-fdc403374e85</sln:miejscIIPId><sln:miejscIIPPn>PL.PZGIK.200</sln:miejscIIPPn><sln:miejscIIPWersja>2016-11-24T10:01:50+02:00</sln:miejscIIPWersja><sln:miejscIdTeryt>0333339</sln:miejscIdTeryt><sln:miejscNazwa>Dodów</sln:miejscNazwa><sln:miejscRodzaj>Wieś</sln:miejscRodzaj><sln:powIIPId>adb95dd1-f39a-46c3-a2ee-c5dfb69b1d25</sln:powIIPId><sln:powIIPPn>PL.PZGIK.200</sln:powIIPPn><sln:powIIPWersja>2012-09-27T07:52:00+02:00</sln:powIIPWersja><sln:powIdTeryt>1214</sln:powIdTeryt><sln:powNazwa>proszowicki</sln:powNazwa><sln:waznyOd>2015-07-21T00:00:00+02:00</sln:waznyOd><sln:wojIIPId>dd2e3c64-f861-47cf-a3a3-e7751f272b2f</sln:wojIIPId><sln:wojIIPPn>PL.PZGIK.200</sln:wojIIPPn><sln:wojIIPWersja>2017-10-10T00:00:00+02:00</sln:wojIIPWersja><sln:wojIdTeryt>12</sln:wojIdTeryt><sln:wojNazwa>małopolskie</sln:wojNazwa></sln:miejscowosc><sln:miejscowosc><sln:cyklZyciaDo>2017-04-19T00:00:00+02:00</sln:cyklZyciaDo><sln:cyklZyciaOd>2015-10-14T00:00:00+02:00</sln:cyklZyciaOd><sln:gmIIPId>de8f719d-7d0d-4ddb-a1f7-d154dbbbe9b4</sln:gmIIPId><sln:gmIIPPn>PL.PZGIK.200</sln:gmIIPPn><sln:gmIIPWersja>2012-09-26T22:11:56+02:00</sln:gmIIPWersja><sln:gmIdTeryt>1214062</sln:gmIdTeryt><sln:gmNazwa>Radziemice</sln:gmNazwa><sln:miejscIIPId>2d7118b1-07af-451b-baa8-f0fd8aabb727</sln:miejscIIPId><sln:miejscIIPPn>PL.PZGIK.200</sln:miejscIIPPn><sln:miejscIIPWersja>2016-11-24T10:01:50+02:00</sln:miejscIIPWersja><sln:miejscIdTeryt>0333345</sln:miejscIdTeryt><sln:miejscNazwa>Kaczowice</sln:miejscNazwa><sln:miejscRodzaj>Wieś</sln:miejscRodzaj><sln:powIIPId>adb95dd1-f39a-46c3-a2ee-c5dfb69b1d25</sln:powIIPId><sln:powIIPPn>PL.PZGIK.200</sln:powIIPPn><sln:powIIPWersja>2012-09-27T07:52:00+02:00</sln:powIIPWersja><sln:powIdTeryt>1214</sln:powIdTeryt><sln:powNazwa>proszowicki</sln:powNazwa><sln:waznyOd>2015-07-21T00:00:00+02:00</sln:waznyOd><sln:wojIIPId>dd2e3c64-f861-47cf-a3a3-e7751f272b2f</sln:wojIIPId><sln:wojIIPPn>PL.PZGIK.200</sln:wojIIPPn><sln:wojIIPWersja>2017-10-10T00:00:00+02:00</sln:wojIIPWersja><sln:wojIdTeryt>12</sln:wojIdTeryt><sln:wojNazwa>małopolskie</sln:wojNazwa></sln:miejscowosc><sln:miejscowosc><sln:cyklZyciaDo>2017-04-19T00:00:00+02:00</sln:cyklZyciaDo><sln:cyklZyciaOd>2015-10-14T00:00:00+02:00</sln:cyklZyciaOd><sln:gmIIPId>de8f719d-7d0d-4ddb-a1f7-d154dbbbe9b4</sln:gmIIPId><sln:gmIIPPn>PL.PZGIK.200</sln:gmIIPPn><sln:gmIIPWersja>2012-09-26T22:11:56+02:00</sln:gmIIPWersja><sln:gmIdTeryt>1214062</sln:gmIdTeryt><sln:gmNazwa>Radziemice</sln:gmNazwa><sln:miejscIIPId>61b8e11c-9204-4238-ab99-3f7b02e3f269</sln:miejscIIPId><sln:miejscIIPPn>PL.PZGIK.200</sln:miejscIIPPn><sln:miejscIIPWersja>2016-11-24T10:01:50+02:00</sln:miejscIIPWersja><sln:miejscIdTeryt>0333351</sln:miejscIdTeryt><sln:miejscNazwa>Kąty</sln:miejscNazwa><sln:miejscRodzaj>Wieś</sln:miejscRodzaj><sln:powIIPId>adb95dd1-f39a-46c3-a2ee-c5dfb69b1d25</sln:powIIPId><sln:powIIPPn>PL.PZGIK.200</sln:powIIPPn><sln:powIIPWersja>2012-09-27T07:52:00+02:00</sln:powIIPWersja><sln:powIdTeryt>1214</sln:powIdTeryt><sln:powNazwa>proszowicki</sln:powNazwa><sln:waznyOd>2015-07-21T00:00:00+02:00</sln:waznyOd><sln:wojIIPId>dd2e3c64-f861-47cf-a3a3-e7751f272b2f</sln:wojIIPId><sln:wojIIPPn>PL.PZGIK.200</sln:wojIIPPn><sln:wojIIPWersja>2017-10-10T00:00:00+02:00</sln:wojIIPWersja><sln:wojIdTeryt>12</sln:wojIdTeryt><sln:wojNazwa>małopolskie</sln:wojNazwa></sln:miejscowosc><sln:miejscowosc><sln:cyklZyciaDo>2017-04-19T00:00:00+02:00</sln:cyklZyciaDo><sln:cyklZyciaOd>2015-10-14T00:00:00+02:00</sln:cyklZyciaOd><sln:gmIIPId>de8f719d-7d0d-4ddb-a1f7-d154dbbbe9b4</sln:gmIIPId><sln:gmIIPPn>PL.PZGIK.200</sln:gmIIPPn><sln:gmIIPWersja>2012-09-26T22:11:56+02:00</sln:gmIIPWersja><sln:gmIdTeryt>1214062</sln:gmIdTeryt><sln:gmNazwa>Radziemice</sln:gmNazwa><sln:miejscIIPId>f770186a-8d00-4dd6-83d6-344374a07ca9</sln:miejscIIPId><sln:miejscIIPPn>PL.PZGIK.200</sln:miejscIIPPn><sln:miejscIIPWersja>2016-11-24T10:01:50+02:00</sln:miejscIIPWersja><sln:miejscIdTeryt>0333368</sln:miejscIdTeryt><sln:miejscNazwa>Kowary</sln:miejscNazwa><sln:miejscRodzaj>Wieś</sln:miejscRodzaj><sln:powIIPId>adb95dd1-f39a-46c3-a2ee-c5dfb69b1d25</sln:powIIPId><sln:powIIPPn>PL.PZGIK.200</sln:powIIPPn><sln:powIIPWersja>2012-09-27T07:52:00+02:00</sln:powIIPWersja><sln:powIdTeryt>1214</sln:powIdTeryt><sln:powNazwa>proszowicki</sln:powNazwa><sln:waznyOd>2015-07-21T00:00:00+02:00</sln:waznyOd><sln:wojIIPId>dd2e3c64-f861-47cf-a3a3-e7751f272b2f</sln:wojIIPId><sln:wojIIPPn>PL.PZGIK.200</sln:wojIIPPn><sln:wojIIPWersja>2017-10-10T00:00:00+02:00</sln:wojIIPWersja><sln:wojIdTeryt>12</sln:wojIdTeryt><sln:wojNazwa>małopolskie</sln:wojNazwa></sln:miejscowosc><sln:miejscowosc><sln:cyklZyciaDo>2017-04-19T00:00:00+02:00</sln:cyklZyciaDo><sln:cyklZyciaOd>2015-10-14T00:00:00+02:00</sln:cyklZyciaOd><sln:gmIIPId>de8f719d-7d0d-4ddb-a1f7-d154dbbbe9b4</sln:gmIIPId><sln:gmIIPPn>PL.PZGIK.200</sln:gmIIPPn><sln:gmIIPWersja>2012-09-26T22:11:56+02:00</sln:gmIIPWersja><sln:gmIdTeryt>1214062</sln:gmIdTeryt><sln:gmNazwa>Radziemice</sln:gmNazwa><sln:miejscIIPId>be82c5ea-3d11-46c2-8f61-c0bb7c1ae73b</sln:miejscIIPId><sln:miejscIIPPn>PL.PZGIK.200</sln:miejscIIPPn><sln:miejscIIPWersja>2016-11-24T10:01:50+02:00</sln:miejscIIPWersja><sln:miejscIdTeryt>0333380</sln:miejscIdTeryt><sln:miejscNazwa>Lelowice</sln:miejscNazwa><sln:miejscRodzaj>Wieś</sln:miejscRodzaj><sln:powIIPId>adb95dd1-f39a-46c3-a2ee-c5dfb69b1d25</sln:powIIPId><sln:powIIPPn>PL.PZGIK.200</sln:powIIPPn><sln:powIIPWersja>2012-09-27T07:52:00+02:00</sln:powIIPWersja><sln:powIdTeryt>1214</sln:powIdTeryt><sln:powNazwa>proszowicki</sln:powNazwa><sln:waznyOd>2015-07-21T00:00:00+02:00</sln:waznyOd><sln:wojIIPId>dd2e3c64-f861-47cf-a3a3-e7751f272b2f</sln:wojIIPId><sln:wojIIPPn>PL.PZGIK.200</sln:wojIIPPn><sln:wojIIPWersja>2017-10-10T00:00:00+02:00</sln:wojIIPWersja><sln:wojIdTeryt>12</sln:wojIdTeryt><sln:wojNazwa>małopolskie</sln:wojNazwa></sln:miejscowosc><sln:miejscowosc><sln:cyklZyciaDo>2017-04-19T00:00:00+02:00</sln:cyklZyciaDo><sln:cyklZyciaOd>2015-10-14T00:00:00+02:00</sln:cyklZyciaOd><sln:gmIIPId>de8f719d-7d0d-4ddb-a1f7-d154dbbbe9b4</sln:gmIIPId><sln:gmIIPPn>PL.PZGIK.200</sln:gmIIPPn><sln:gmIIPWersja>2012-09-26T22:11:56+02:00</sln:gmIIPWersja><sln:gmIdTeryt>1214062</sln:gmIdTeryt><sln:gmNazwa>Radziemice</sln:gmNazwa><sln:miejscIIPId>8e67b287-534e-40d0-afca-c3f253cc62f1</sln:miejscIIPId><sln:miejscIIPPn>PL.PZGIK.200</sln:miejscIIPPn><sln:miejscIIPWersja>2016-11-24T10:01:50+02:00</sln:miejscIIPWersja><sln:miejscIdTeryt>0333397</sln:miejscIdTeryt><sln:miejscNazwa>Łętkowice</sln:miejscNazwa><sln:miejscRodzaj>Wieś</sln:miejscRodzaj><sln:powIIPId>adb95dd1-f39a-46c3-a2ee-c5dfb69b1d25</sln:powIIPId><sln:powIIPPn>PL.PZGIK.200</sln:powIIPPn><sln:powIIPWersja>2012-09-27T07:52:00+02:00</sln:powIIPWersja><sln:powIdTeryt>1214</sln:powIdTeryt><sln:powNazwa>proszowicki</sln:powNazwa><sln:waznyOd>2015-07-21T00:00:00+02:00</sln:waznyOd><sln:wojIIPId>dd2e3c64-f861-47cf-a3a3-e7751f272b2f</sln:wojIIPId><sln:wojIIPPn>PL.PZGIK.200</sln:wojIIPPn><sln:wojIIPWersja>2017-10-10T00:00:00+02:00</sln:wojIIPWersja><sln:wojIdTeryt>12</sln:wojIdTeryt><sln:wojNazwa>małopolskie</sln:wojNazwa></sln:miejscowosc><sln:miejscowosc><sln:cyklZyciaDo>2017-04-19T00:00:00+02:00</sln:cyklZyciaDo><sln:cyklZyciaOd>2015-10-14T00:00:00+02:00</sln:cyklZyciaOd><sln:gmIIPId>de8f719d-7d0d-4ddb-a1f7-d154dbbbe9b4</sln:gmIIPId><sln:gmIIPPn>PL.PZGIK.200</sln:gmIIPPn><sln:gmIIPWersja>2012-09-26T22:11:56+02:00</sln:gmIIPWersja><sln:gmIdTeryt>1214062</sln:gmIdTeryt><sln:gmNazwa>Radziemice</sln:gmNazwa><sln:miejscIIPId>cd4a4014-777d-424b-8da9-10e8187d2746</sln:miejscIIPId><sln:miejscIIPPn>PL.PZGIK.200</sln:miejscIIPPn><sln:miejscIIPWersja>2016-11-24T10:01:50+02:00</sln:miejscIIPWersja><sln:miejscIdTeryt>0333463</sln:miejscIdTeryt><sln:miejscNazwa>Łętkowice-Kolonia</sln:miejscNazwa><sln:miejscRodzaj>Wieś</sln:miejscRodzaj><sln:powIIPId>adb95dd1-f39a-46c3-a2ee-c5dfb69b1d25</sln:powIIPId><sln:powIIPPn>PL.PZGIK.200</sln:powIIPPn><sln:powIIPWersja>2012-09-27T07:52:00+02:00</sln:powIIPWersja><sln:powIdTeryt>1214</sln:powIdTeryt><sln:powNazwa>proszowicki</sln:powNazwa><sln:waznyOd>2015-07-21T00:00:00+02:00</sln:waznyOd><sln:wojIIPId>dd2e3c64-f861-47cf-a3a3-e7751f272b2f</sln:wojIIPId><sln:wojIIPPn>PL.PZGIK.200</sln:wojIIPPn><sln:wojIIPWersja>2017-10-10T00:00:00+02:00</sln:wojIIPWersja><sln:wojIdTeryt>12</sln:wojIdTeryt><sln:wojNazwa>małopolskie</sln:wojNazwa></sln:miejscowosc><sln:miejscowosc><sln:cyklZyciaDo>2017-04-19T00:00:00+02:00</sln:cyklZyciaDo><sln:cyklZyciaOd>2015-10-14T00:00:00+02:00</sln:cyklZyciaOd><sln:gmIIPId>de8f719d-7d0d-4ddb-a1f7-d154dbbbe9b4</sln:gmIIPId><sln:gmIIPPn>PL.PZGIK.200</sln:gmIIPPn><sln:gmIIPWersja>2012-09-26T22:11:56+02:00</sln:gmIIPWersja><sln:gmIdTeryt>1214062</sln:gmIdTeryt><sln:gmNazwa>Radziemice</sln:gmNazwa><sln:miejscIIPId>5d0f5845-8fc0-4b81-a77b-f0f6f02548bf</sln:miejscIIPId><sln:miejscIIPPn>PL.PZGIK.200</sln:miejscIIPPn><sln:miejscIIPWersja>2016-11-24T10:01:50+02:00</sln:miejscIIPWersja><sln:miejscIdTeryt>0333500</sln:miejscIdTeryt><sln:miejscNazwa>Obrażejowice</sln:miejscNazwa><sln:miejscRodzaj>Wieś</sln:miejscRodzaj><sln:powIIPId>adb95dd1-f39a-46c3-a2ee-c5dfb69b1d25</sln:powIIPId><sln:powIIPPn>PL.PZGIK.200</sln:powIIPPn><sln:powIIPWersja>2012-09-27T07:52:00+02:00</sln:powIIPWersja><sln:powIdTeryt>1214</sln:powIdTeryt><sln:powNazwa>proszowicki</sln:powNazwa><sln:waznyOd>2015-07-21T00:00:00+02:00</sln:waznyOd><sln:wojIIPId>dd2e3c64-f861-47cf-a3a3-e7751f272b2f</sln:wojIIPId><sln:wojIIPPn>PL.PZGIK.200</sln:wojIIPPn><sln:wojIIPWersja>2017-10-10T00:00:00+02:00</sln:wojIIPWersja><sln:wojIdTeryt>12</sln:wojIdTeryt><sln:wojNazwa>małopolskie</sln:wojNazwa></sln:miejscowosc><sln:miejscowosc><sln:cyklZyciaDo>2017-04-19T00:00:00+02:00</sln:cyklZyciaDo><sln:cyklZyciaOd>2015-10-14T00:00:00+02:00</sln:cyklZyciaOd><sln:gmIIPId>de8f719d-7d0d-4ddb-a1f7-d154dbbbe9b4</sln:gmIIPId><sln:gmIIPPn>PL.PZGIK.200</sln:gmIIPPn><sln:gmIIPWersja>2012-09-26T22:11:56+02:00</sln:gmIIPWersja><sln:gmIdTeryt>1214062</sln:gmIdTeryt><sln:gmNazwa>Radziemice</sln:gmNazwa><sln:miejscIIPId>37f51d04-d5b7-401b-a4b9-2913ce48a178</sln:miejscIIPId><sln:miejscIIPPn>PL.PZGIK.200</sln:miejscIIPPn><sln:miejscIIPWersja>2016-11-24T10:01:50+02:00</sln:miejscIIPWersja><sln:miejscIdTeryt>0333523</sln:miejscIdTeryt><sln:miejscNazwa>Przemęczanki</sln:miejscNazwa><sln:miejscRodzaj>Wieś</sln:miejscRodzaj><sln:powIIPId>adb95dd1-f39a-46c3-a2ee-c5dfb69b1d25</sln:powIIPId><sln:powIIPPn>PL.PZGIK.200</sln:powIIPPn><sln:powIIPWersja>2012-09-27T07:52:00+02:00</sln:powIIPWersja><sln:powIdTeryt>1214</sln:powIdTeryt><sln:powNazwa>proszowicki</sln:powNazwa><sln:waznyOd>2015-07-21T00:00:00+02:00</sln:waznyOd><sln:wojIIPId>dd2e3c64-f861-47cf-a3a3-e7751f272b2f</sln:wojIIPId><sln:wojIIPPn>PL.PZGIK.200</sln:wojIIPPn><sln:wojIIPWersja>2017-10-10T00:00:00+02:00</sln:wojIIPWersja><sln:wojIdTeryt>12</sln:wojIdTeryt><sln:wojNazwa>małopolskie</sln:wojNazwa></sln:miejscowosc><sln:miejscowosc><sln:cyklZyciaDo>2017-04-19T00:00:00+02:00</sln:cyklZyciaDo><sln:cyklZyciaOd>2015-10-14T00:00:00+02:00</sln:cyklZyciaOd><sln:gmIIPId>de8f719d-7d0d-4ddb-a1f7-d154dbbbe9b4</sln:gmIIPId><sln:gmIIPPn>PL.PZGIK.200</sln:gmIIPPn><sln:gmIIPWersja>2012-09-26T22:11:56+02:00</sln:gmIIPWersja><sln:gmIdTeryt>1214062</sln:gmIdTeryt><sln:gmNazwa>Radziemice</sln:gmNazwa><sln:miejscIIPId>24f87aa3-78fa-48c7-8019-cda7883448b5</sln:miejscIIPId><sln:miejscIIPPn>PL.PZGIK.200</sln:miejscIIPPn><sln:miejscIIPWersja>2016-11-24T10:01:50+02:00</sln:miejscIIPWersja><sln:miejscIdTeryt>0333546</sln:miejscIdTeryt><sln:miejscNazwa>Przemęczany</sln:miejscNazwa><sln:miejscRodzaj>Wieś</sln:miejscRodzaj><sln:powIIPId>adb95dd1-f39a-46c3-a2ee-c5dfb69b1d25</sln:powIIPId><sln:powIIPPn>PL.PZGIK.200</sln:powIIPPn><sln:powIIPWersja>2012-09-27T07:52:00+02:00</sln:powIIPWersja><sln:powIdTeryt>1214</sln:powIdTeryt><sln:powNazwa>proszowicki</sln:powNazwa><sln:waznyOd>2015-07-21T00:00:00+02:00</sln:waznyOd><sln:wojIIPId>dd2e3c64-f861-47cf-a3a3-e7751f272b2f</sln:wojIIPId><sln:wojIIPPn>PL.PZGIK.200</sln:wojIIPPn><sln:wojIIPWersja>2017-10-10T00:00:00+02:00</sln:wojIIPWersja><sln:wojIdTeryt>12</sln:wojIdTeryt><sln:wojNazwa>małopolskie</sln:wojNazwa></sln:miejscowosc><sln:miejscowosc><sln:cyklZyciaDo>2017-04-19T00:00:00+02:00</sln:cyklZyciaDo><sln:cyklZyciaOd>2015-10-14T00:00:00+02:00</sln:cyklZyciaOd><sln:gmIIPId>de8f719d-7d0d-4ddb-a1f7-d154dbbbe9b4</sln:gmIIPId><sln:gmIIPPn>PL.PZGIK.200</sln:gmIIPPn><sln:gmIIPWersja>2012-09-26T22:11:56+02:00</sln:gmIIPWersja><sln:gmIdTeryt>1214062</sln:gmIdTeryt><sln:gmNazwa>Radziemice</sln:gmNazwa><sln:miejscIIPId>45caaa41-dc6d-46d9-8072-bb08f08a0710</sln:miejscIIPId><sln:miejscIIPPn>PL.PZGIK.200</sln:miejscIIPPn><sln:miejscIIPWersja>2016-11-24T10:01:50+02:00</sln:miejscIIPWersja><sln:miejscIdTeryt>0333575</sln:miejscIdTeryt><sln:miejscNazwa>Radziemice</sln:miejscNazwa><sln:miejscRodzaj>Wieś</sln:miejscRodzaj><sln:powIIPId>adb95dd1-f39a-46c3-a2ee-c5dfb69b1d25</sln:powIIPId><sln:powIIPPn>PL.PZGIK.200</sln:powIIPPn><sln:powIIPWersja>2012-09-27T07:52:00+02:00</sln:powIIPWersja><sln:powIdTeryt>1214</sln:powIdTeryt><sln:powNazwa>proszowicki</sln:powNazwa><sln:waznyOd>2015-07-21T00:00:00+02:00</sln:waznyOd><sln:wojIIPId>dd2e3c64-f861-47cf-a3a3-e7751f272b2f</sln:wojIIPId><sln:wojIIPPn>PL.PZGIK.200</sln:wojIIPPn><sln:wojIIPWersja>2017-10-10T00:00:00+02:00</sln:wojIIPWersja><sln:wojIdTeryt>12</sln:wojIdTeryt><sln:wojNazwa>małopolskie</sln:wojNazwa></sln:miejscowosc><sln:miejscowosc><sln:cyklZyciaDo>2017-04-19T00:00:00+02:00</sln:cyklZyciaDo><sln:cyklZyciaOd>2015-10-14T00:00:00+02:00</sln:cyklZyciaOd><sln:gmIIPId>de8f719d-7d0d-4ddb-a1f7-d154dbbbe9b4</sln:gmIIPId><sln:gmIIPPn>PL.PZGIK.200</sln:gmIIPPn><sln:gmIIPWersja>2012-09-26T22:11:56+02:00</sln:gmIIPWersja><sln:gmIdTeryt>1214062</sln:gmIdTeryt><sln:gmNazwa>Radziemice</sln:gmNazwa><sln:miejscIIPId>1f1d170e-6cdf-4ad5-9377-8e7cf050b637</sln:miejscIIPId><sln:miejscIIPPn>PL.PZGIK.200</sln:miejscIIPPn><sln:miejscIIPWersja>2016-11-24T10:01:50+02:00</sln:miejscIIPWersja><sln:miejscIdTeryt>0333629</sln:miejscIdTeryt><sln:miejscNazwa>Smoniowice</sln:miejscNazwa><sln:miejscRodzaj>Wieś</sln:miejscRodzaj><sln:powIIPId>adb95dd1-f39a-46c3-a2ee-c5dfb69b1d25</sln:powIIPId><sln:powIIPPn>PL.PZGIK.200</sln:powIIPPn><sln:powIIPWersja>2012-09-27T07:52:00+02:00</sln:powIIPWersja><sln:powIdTeryt>1214</sln:powIdTeryt><sln:powNazwa>proszowicki</sln:powNazwa><sln:waznyOd>2015-07-21T00:00:00+02:00</sln:waznyOd><sln:wojIIPId>dd2e3c64-f861-47cf-a3a3-e7751f272b2f</sln:wojIIPId><sln:wojIIPPn>PL.PZGIK.200</sln:wojIIPPn><sln:wojIIPWersja>2017-10-10T00:00:00+02:00</sln:wojIIPWersja><sln:wojIdTeryt>12</sln:wojIdTeryt><sln:wojNazwa>małopolskie</sln:wojNazwa></sln:miejscowosc><sln:miejscowosc><sln:cyklZyciaDo>2017-04-19T00:00:00+02:00</sln:cyklZyciaDo><sln:cyklZyciaOd>2015-10-14T00:00:00+02:00</sln:cyklZyciaOd><sln:gmIIPId>de8f719d-7d0d-4ddb-a1f7-d154dbbbe9b4</sln:gmIIPId><sln:gmIIPPn>PL.PZGIK.200</sln:gmIIPPn><sln:gmIIPWersja>2012-09-26T22:11:56+02:00</sln:gmIIPWersja><sln:gmIdTeryt>1214062</sln:gmIdTeryt><sln:gmNazwa>Radziemice</sln:gmNazwa><sln:miejscIIPId>a290b769-dbfe-41e7-a31f-637261053e01</sln:miejscIIPId><sln:miejscIIPPn>PL.PZGIK.200</sln:miejscIIPPn><sln:miejscIIPWersja>2016-11-24T10:01:50+02:00</sln:miejscIIPWersja><sln:miejscIdTeryt>0333641</sln:miejscIdTeryt><sln:miejscNazwa>Wierzbica</sln:miejscNazwa><sln:miejscRodzaj>Wieś</sln:miejscRodzaj><sln:powIIPId>adb95dd1-f39a-46c3-a2ee-c5dfb69b1d25</sln:powIIPId><sln:powIIPPn>PL.PZGIK.200</sln:powIIPPn><sln:powIIPWersja>2012-09-27T07:52:00+02:00</sln:powIIPWersja><sln:powIdTeryt>1214</sln:powIdTeryt><sln:powNazwa>proszowicki</sln:powNazwa><sln:waznyOd>2015-07-21T00:00:00+02:00</sln:waznyOd><sln:wojIIPId>dd2e3c64-f861-47cf-a3a3-e7751f272b2f</sln:wojIIPId><sln:wojIIPPn>PL.PZGIK.200</sln:wojIIPPn><sln:wojIIPWersja>2017-10-10T00:00:00+02:00</sln:wojIIPWersja><sln:wojIdTeryt>12</sln:wojIdTeryt><sln:wojNazwa>małopolskie</sln:wojNazwa></sln:miejscowosc><sln:miejscowosc><sln:cyklZyciaDo>2017-04-19T00:00:00+02:00</sln:cyklZyciaDo><sln:cyklZyciaOd>2015-10-14T00:00:00+02:00</sln:cyklZyciaOd><sln:gmIIPId>de8f719d-7d0d-4ddb-a1f7-d154dbbbe9b4</sln:gmIIPId><sln:gmIIPPn>PL.PZGIK.200</sln:gmIIPPn><sln:gmIIPWersja>2012-09-26T22:11:56+02:00</sln:gmIIPWersja><sln:gmIdTeryt>1214062</sln:gmIdTeryt><sln:gmNazwa>Radziemice</sln:gmNazwa><sln:miejscIIPId>7a089b65-dd30-4b46-a376-4277e9e25f14</sln:miejscIIPId><sln:miejscIIPPn>PL.PZGIK.200</sln:miejscIIPPn><sln:miejscIIPWersja>2016-11-24T10:01:50+02:00</sln:miejscIIPWersja><sln:miejscIdTeryt>0333664</sln:miejscIdTeryt><sln:miejscNazwa>Wola Gruszowska</sln:miejscNazwa><sln:miejscRodzaj>Wieś</sln:miejscRodzaj><sln:powIIPId>adb95dd1-f39a-46c3-a2ee-c5dfb69b1d25</sln:powIIPId><sln:powIIPPn>PL.PZGIK.200</sln:powIIPPn><sln:powIIPWersja>2012-09-27T07:52:00+02:00</sln:powIIPWersja><sln:powIdTeryt>1214</sln:powIdTeryt><sln:powNazwa>proszowicki</sln:powNazwa><sln:waznyOd>2015-07-21T00:00:00+02:00</sln:waznyOd><sln:wojIIPId>dd2e3c64-f861-47cf-a3a3-e7751f272b2f</sln:wojIIPId><sln:wojIIPPn>PL.PZGIK.200</sln:wojIIPPn><sln:wojIIPWersja>2017-10-10T00:00:00+02:00</sln:wojIIPWersja><sln:wojIdTeryt>12</sln:wojIdTeryt><sln:wojNazwa>małopolskie</sln:wojNazwa></sln:miejscowosc><sln:miejscowosc><sln:cyklZyciaDo>2017-04-19T00:00:00+02:00</sln:cyklZyciaDo><sln:cyklZyciaOd>2015-10-14T00:00:00+02:00</sln:cyklZyciaOd><sln:gmIIPId>de8f719d-7d0d-4ddb-a1f7-d154dbbbe9b4</sln:gmIIPId><sln:gmIIPPn>PL.PZGIK.200</sln:gmIIPPn><sln:gmIIPWersja>2012-09-26T22:11:56+02:00</sln:gmIIPWersja><sln:gmIdTeryt>1214062</sln:gmIdTeryt><sln:gmNazwa>Radziemice</sln:gmNazwa><sln:miejscIIPId>1c972ee1-f722-40f4-8b02-d7286c062121</sln:miejscIIPId><sln:miejscIIPPn>PL.PZGIK.200</sln:miejscIIPPn><sln:miejscIIPWersja>2016-11-24T10:01:50+02:00</sln:miejscIIPWersja><sln:miejscIdTeryt>0333670</sln:miejscIdTeryt><sln:miejscNazwa>Wrocimowice</sln:miejscNazwa><sln:miejscRodzaj>Wieś</sln:miejscRodzaj><sln:powIIPId>adb95dd1-f39a-46c3-a2ee-c5dfb69b1d25</sln:powIIPId><sln:powIIPPn>PL.PZGIK.200</sln:powIIPPn><sln:powIIPWersja>2012-09-27T07:52:00+02:00</sln:powIIPWersja><sln:powIdTeryt>1214</sln:powIdTeryt><sln:powNazwa>proszowicki</sln:powNazwa><sln:waznyOd>2015-07-21T00:00:00+02:00</sln:waznyOd><sln:wojIIPId>dd2e3c64-f861-47cf-a3a3-e7751f272b2f</sln:wojIIPId><sln:wojIIPPn>PL.PZGIK.200</sln:wojIIPPn><sln:wojIIPWersja>2017-10-10T00:00:00+02:00</sln:wojIIPWersja><sln:wojIdTeryt>12</sln:wojIdTeryt><sln:wojNazwa>małopolskie</sln:wojNazwa></sln:miejscowosc><sln:miejscowosc><sln:cyklZyciaDo>2017-04-19T00:00:00+02:00</sln:cyklZyciaDo><sln:cyklZyciaOd>2015-10-14T00:00:00+02:00</sln:cyklZyciaOd><sln:gmIIPId>de8f719d-7d0d-4ddb-a1f7-d154dbbbe9b4</sln:gmIIPId><sln:gmIIPPn>PL.PZGIK.200</sln:gmIIPPn><sln:gmIIPWersja>2012-09-26T22:11:56+02:00</sln:gmIIPWersja><sln:gmIdTeryt>1214062</sln:gmIdTeryt><sln:gmNazwa>Radziemice</sln:gmNazwa><sln:miejscIIPId>9ad9a1ba-a745-4370-a558-f4d09ff65ff5</sln:miejscIIPId><sln:miejscIIPPn>PL.PZGIK.200</sln:miejscIIPPn><sln:miejscIIPWersja>2016-11-24T10:01:50+02:00</sln:miejscIIPWersja><sln:miejscIdTeryt>0333701</sln:miejscIdTeryt><sln:miejscNazwa>Zielenice</sln:miejscNazwa><sln:miejscRodzaj>Wieś</sln:miejscRodzaj><sln:powIIPId>adb95dd1-f39a-46c3-a2ee-c5dfb69b1d25</sln:powIIPId><sln:powIIPPn>PL.PZGIK.200</sln:powIIPPn><sln:powIIPWersja>2012-09-27T07:52:00+02:00</sln:powIIPWersja><sln:powIdTeryt>1214</sln:powIdTeryt><sln:powNazwa>proszowicki</sln:powNazwa><sln:waznyOd>2015-07-21T00:00:00+02:00</sln:waznyOd><sln:wojIIPId>dd2e3c64-f861-47cf-a3a3-e7751f272b2f</sln:wojIIPId><sln:wojIIPPn>PL.PZGIK.200</sln:wojIIPPn><sln:wojIIPWersja>2017-10-10T00:00:00+02:00</sln:wojIIPWersja><sln:wojIdTeryt>12</sln:wojIdTeryt><sln:wojNazwa>małopolskie</sln:wojNazwa></sln:miejscowosc><sln:miejscowosc><sln:cyklZyciaOd>2017-04-19T00:00:00+02:00</sln:cyklZyciaOd><sln:gmIIPId>de8f719d-7d0d-4ddb-a1f7-d154dbbbe9b4</sln:gmIIPId><sln:gmIIPPn>PL.PZGIK.200</sln:gmIIPPn><sln:gmIIPWersja>2012-09-26T22:11:56+02:00</sln:gmIIPWersja><sln:gmIdTeryt>1214062</sln:gmIdTeryt><sln:gmNazwa>Radziemice</sln:gmNazwa><sln:miejscIIPId>a6f5276b-0372-4da0-b55e-9f26c4abda8e</sln:miejscIIPId><sln:miejscIIPPn>PL.PZGIK.200</sln:miejscIIPPn><sln:miejscIIPWersja>2017-04-19T10:11:08+02:00</sln:miejscIIPWersja><sln:miejscIdTeryt>0333300</sln:miejscIdTeryt><sln:miejscNazwa>Błogocice</sln:miejscNazwa><sln:miejscRodzaj>Wieś</sln:miejscRodzaj><sln:powIIPId>adb95dd1-f39a-46c3-a2ee-c5dfb69b1d25</sln:powIIPId><sln:powIIPPn>PL.PZGIK.200</sln:powIIPPn><sln:powIIPWersja>2012-09-27T07:52:00+02:00</sln:powIIPWersja><sln:powIdTeryt>1214</sln:powIdTeryt><sln:powNazwa>proszowicki</sln:powNazwa><sln:waznyOd>2015-07-21T00:00:00+02:00</sln:waznyOd><sln:wojIIPId>dd2e3c64-f861-47cf-a3a3-e7751f272b2f</sln:wojIIPId><sln:wojIIPPn>PL.PZGIK.200</sln:wojIIPPn><sln:wojIIPWersja>2017-10-10T00:00:00+02:00</sln:wojIIPWersja><sln:wojIdTeryt>12</sln:wojIdTeryt><sln:wojNazwa>małopolskie</sln:wojNazwa></sln:miejscowosc><sln:miejscowosc><sln:cyklZyciaOd>2017-04-19T00:00:00+02:00</sln:cyklZyciaOd><sln:gmIIPId>de8f719d-7d0d-4ddb-a1f7-d154dbbbe9b4</sln:gmIIPId><sln:gmIIPPn>PL.PZGIK.200</sln:gmIIPPn><sln:gmIIPWersja>2012-09-26T22:11:56+02:00</sln:gmIIPWersja><sln:gmIdTeryt>1214062</sln:gmIdTeryt><sln:gmNazwa>Radziemice</sln:gmNazwa><sln:miejscIIPId>51147580-7c75-434b-8b93-fdc403374e85</sln:miejscIIPId><sln:miejscIIPPn>PL.PZGIK.200</sln:miejscIIPPn><sln:miejscIIPWersja>2017-04-19T10:11:14+02:00</sln:miejscIIPWersja><sln:miejscIdTeryt>0333339</sln:miejscIdTeryt><sln:miejscNazwa>Dodów</sln:miejscNazwa><sln:miejscRodzaj>Wieś</sln:miejscRodzaj><sln:powIIPId>adb95dd1-f39a-46c3-a2ee-c5dfb69b1d25</sln:powIIPId><sln:powIIPPn>PL.PZGIK.200</sln:powIIPPn><sln:powIIPWersja>2012-09-27T07:52:00+02:00</sln:powIIPWersja><sln:powIdTeryt>1214</sln:powIdTeryt><sln:powNazwa>proszowicki</sln:powNazwa><sln:waznyOd>2015-07-21T00:00:00+02:00</sln:waznyOd><sln:wojIIPId>dd2e3c64-f861-47cf-a3a3-e7751f272b2f</sln:wojIIPId><sln:wojIIPPn>PL.PZGIK.200</sln:wojIIPPn><sln:wojIIPWersja>2017-10-10T00:00:00+02:00</sln:wojIIPWersja><sln:wojIdTeryt>12</sln:wojIdTeryt><sln:wojNazwa>małopolskie</sln:wojNazwa></sln:miejscowosc><sln:miejscowosc><sln:cyklZyciaOd>2017-04-19T00:00:00+02:00</sln:cyklZyciaOd><sln:gmIIPId>de8f719d-7d0d-4ddb-a1f7-d154dbbbe9b4</sln:gmIIPId><sln:gmIIPPn>PL.PZGIK.200</sln:gmIIPPn><sln:gmIIPWersja>2012-09-26T22:11:56+02:00</sln:gmIIPWersja><sln:gmIdTeryt>1214062</sln:gmIdTeryt><sln:gmNazwa>Radziemice</sln:gmNazwa><sln:miejscIIPId>2d7118b1-07af-451b-baa8-f0fd8aabb727</sln:miejscIIPId><sln:miejscIIPPn>PL.PZGIK.200</sln:miejscIIPPn><sln:miejscIIPWersja>2017-04-19T10:11:14+02:00</sln:miejscIIPWersja><sln:miejscIdTeryt>0333345</sln:miejscIdTeryt><sln:miejscNazwa>Kaczowice</sln:miejscNazwa><sln:miejscRodzaj>Wieś</sln:miejscRodzaj><sln:powIIPId>adb95dd1-f39a-46c3-a2ee-c5dfb69b1d25</sln:powIIPId><sln:powIIPPn>PL.PZGIK.200</sln:powIIPPn><sln:powIIPWersja>2012-09-27T07:52:00+02:00</sln:powIIPWersja><sln:powIdTeryt>1214</sln:powIdTeryt><sln:powNazwa>proszowicki</sln:powNazwa><sln:waznyOd>2015-07-21T00:00:00+02:00</sln:waznyOd><sln:wojIIPId>dd2e3c64-f861-47cf-a3a3-e7751f272b2f</sln:wojIIPId><sln:wojIIPPn>PL.PZGIK.200</sln:wojIIPPn><sln:wojIIPWersja>2017-10-10T00:00:00+02:00</sln:wojIIPWersja><sln:wojIdTeryt>12</sln:wojIdTeryt><sln:wojNazwa>małopolskie</sln:wojNazwa></sln:miejscowosc><sln:miejscowosc><sln:cyklZyciaOd>2017-04-19T00:00:00+02:00</sln:cyklZyciaOd><sln:gmIIPId>de8f719d-7d0d-4ddb-a1f7-d154dbbbe9b4</sln:gmIIPId><sln:gmIIPPn>PL.PZGIK.200</sln:gmIIPPn><sln:gmIIPWersja>2012-09-26T22:11:56+02:00</sln:gmIIPWersja><sln:gmIdTeryt>1214062</sln:gmIdTeryt><sln:gmNazwa>Radziemice</sln:gmNazwa><sln:miejscIIPId>61b8e11c-9204-4238-ab99-3f7b02e3f269</sln:miejscIIPId><sln:miejscIIPPn>PL.PZGIK.200</sln:miejscIIPPn><sln:miejscIIPWersja>2017-04-19T10:11:14+02:00</sln:miejscIIPWersja><sln:miejscIdTeryt>0333351</sln:miejscIdTeryt><sln:miejscNazwa>Kąty</sln:miejscNazwa><sln:miejscRodzaj>Wieś</sln:miejscRodzaj><sln:powIIPId>adb95dd1-f39a-46c3-a2ee-c5dfb69b1d25</sln:powIIPId><sln:powIIPPn>PL.PZGIK.200</sln:powIIPPn><sln:powIIPWersja>2012-09-27T07:52:00+02:00</sln:powIIPWersja><sln:powIdTeryt>1214</sln:powIdTeryt><sln:powNazwa>proszowicki</sln:powNazwa><sln:waznyOd>2015-07-21T00:00:00+02:00</sln:waznyOd><sln:wojIIPId>dd2e3c64-f861-47cf-a3a3-e7751f272b2f</sln:wojIIPId><sln:wojIIPPn>PL.PZGIK.200</sln:wojIIPPn><sln:wojIIPWersja>2017-10-10T00:00:00+02:00</sln:wojIIPWersja><sln:wojIdTeryt>12</sln:wojIdTeryt><sln:wojNazwa>małopolskie</sln:wojNazwa></sln:miejscowosc><sln:miejscowosc><sln:cyklZyciaOd>2017-04-19T00:00:00+02:00</sln:cyklZyciaOd><sln:gmIIPId>de8f719d-7d0d-4ddb-a1f7-d154dbbbe9b4</sln:gmIIPId><sln:gmIIPPn>PL.PZGIK.200</sln:gmIIPPn><sln:gmIIPWersja>2012-09-26T22:11:56+02:00</sln:gmIIPWersja><sln:gmIdTeryt>1214062</sln:gmIdTeryt><sln:gmNazwa>Radziemice</sln:gmNazwa><sln:miejscIIPId>f770186a-8d00-4dd6-83d6-344374a07ca9</sln:miejscIIPId><sln:miejscIIPPn>PL.PZGIK.200</sln:miejscIIPPn><sln:miejscIIPWersja>2017-04-19T10:11:14+02:00</sln:miejscIIPWersja><sln:miejscIdTeryt>0333368</sln:miejscIdTeryt><sln:miejscNazwa>Kowary</sln:miejscNazwa><sln:miejscRodzaj>Wieś</sln:miejscRodzaj><sln:powIIPId>adb95dd1-f39a-46c3-a2ee-c5dfb69b1d25</sln:powIIPId><sln:powIIPPn>PL.PZGIK.200</sln:powIIPPn><sln:powIIPWersja>2012-09-27T07:52:00+02:00</sln:powIIPWersja><sln:powIdTeryt>1214</sln:powIdTeryt><sln:powNazwa>proszowicki</sln:powNazwa><sln:waznyOd>2015-07-21T00:00:00+02:00</sln:waznyOd><sln:wojIIPId>dd2e3c64-f861-47cf-a3a3-e7751f272b2f</sln:wojIIPId><sln:wojIIPPn>PL.PZGIK.200</sln:wojIIPPn><sln:wojIIPWersja>2017-10-10T00:00:00+02:00</sln:wojIIPWersja><sln:wojIdTeryt>12</sln:wojIdTeryt><sln:wojNazwa>małopolskie</sln:wojNazwa></sln:miejscowosc><sln:miejscowosc><sln:cyklZyciaOd>2017-04-19T00:00:00+02:00</sln:cyklZyciaOd><sln:gmIIPId>de8f719d-7d0d-4ddb-a1f7-d154dbbbe9b4</sln:gmIIPId><sln:gmIIPPn>PL.PZGIK.200</sln:gmIIPPn><sln:gmIIPWersja>2012-09-26T22:11:56+02:00</sln:gmIIPWersja><sln:gmIdTeryt>1214062</sln:gmIdTeryt><sln:gmNazwa>Radziemice</sln:gmNazwa><sln:miejscIIPId>be82c5ea-3d11-46c2-8f61-c0bb7c1ae73b</sln:miejscIIPId><sln:miejscIIPPn>PL.PZGIK.200</sln:miejscIIPPn><sln:miejscIIPWersja>2017-04-19T10:11:14+02:00</sln:miejscIIPWersja><sln:miejscIdTeryt>0333380</sln:miejscIdTeryt><sln:miejscNazwa>Lelowice</sln:miejscNazwa><sln:miejscRodzaj>Wieś</sln:miejscRodzaj><sln:powIIPId>adb95dd1-f39a-46c3-a2ee-c5dfb69b1d25</sln:powIIPId><sln:powIIPPn>PL.PZGIK.200</sln:powIIPPn><sln:powIIPWersja>2012-09-27T07:52:00+02:00</sln:powIIPWersja><sln:powIdTeryt>1214</sln:powIdTeryt><sln:powNazwa>proszowicki</sln:powNazwa><sln:waznyOd>2015-07-21T00:00:00+02:00</sln:waznyOd><sln:wojIIPId>dd2e3c64-f861-47cf-a3a3-e7751f272b2f</sln:wojIIPId><sln:wojIIPPn>PL.PZGIK.200</sln:wojIIPPn><sln:wojIIPWersja>2017-10-10T00:00:00+02:00</sln:wojIIPWersja><sln:wojIdTeryt>12</sln:wojIdTeryt><sln:wojNazwa>małopolskie</sln:wojNazwa></sln:miejscowosc><sln:miejscowosc><sln:cyklZyciaOd>2017-04-19T00:00:00+02:00</sln:cyklZyciaOd><sln:gmIIPId>de8f719d-7d0d-4ddb-a1f7-d154dbbbe9b4</sln:gmIIPId><sln:gmIIPPn>PL.PZGIK.200</sln:gmIIPPn><sln:gmIIPWersja>2012-09-26T22:11:56+02:00</sln:gmIIPWersja><sln:gmIdTeryt>1214062</sln:gmIdTeryt><sln:gmNazwa>Radziemice</sln:gmNazwa><sln:miejscIIPId>8e67b287-534e-40d0-afca-c3f253cc62f1</sln:miejscIIPId><sln:miejscIIPPn>PL.PZGIK.200</sln:miejscIIPPn><sln:miejscIIPWersja>2017-04-19T10:11:15+02:00</sln:miejscIIPWersja><sln:miejscIdTeryt>0333397</sln:miejscIdTeryt><sln:miejscNazwa>Łętkowice</sln:miejscNazwa><sln:miejscRodzaj>Wieś</sln:miejscRodzaj><sln:powIIPId>adb95dd1-f39a-46c3-a2ee-c5dfb69b1d25</sln:powIIPId><sln:powIIPPn>PL.PZGIK.200</sln:powIIPPn><sln:powIIPWersja>2012-09-27T07:52:00+02:00</sln:powIIPWersja><sln:powIdTeryt>1214</sln:powIdTeryt><sln:powNazwa>proszowicki</sln:powNazwa><sln:waznyOd>2015-07-21T00:00:00+02:00</sln:waznyOd><sln:wojIIPId>dd2e3c64-f861-47cf-a3a3-e7751f272b2f</sln:wojIIPId><sln:wojIIPPn>PL.PZGIK.200</sln:wojIIPPn><sln:wojIIPWersja>2017-10-10T00:00:00+02:00</sln:wojIIPWersja><sln:wojIdTeryt>12</sln:wojIdTeryt><sln:wojNazwa>małopolskie</sln:wojNazwa></sln:miejscowosc><sln:miejscowosc><sln:cyklZyciaOd>2017-04-19T00:00:00+02:00</sln:cyklZyciaOd><sln:gmIIPId>de8f719d-7d0d-4ddb-a1f7-d154dbbbe9b4</sln:gmIIPId><sln:gmIIPPn>PL.PZGIK.200</sln:gmIIPPn><sln:gmIIPWersja>2012-09-26T22:11:56+02:00</sln:gmIIPWersja><sln:gmIdTeryt>1214062</sln:gmIdTeryt><sln:gmNazwa>Radziemice</sln:gmNazwa><sln:miejscIIPId>cd4a4014-777d-424b-8da9-10e8187d2746</sln:miejscIIPId><sln:miejscIIPPn>PL.PZGIK.200</sln:miejscIIPPn><sln:miejscIIPWersja>2017-04-19T10:11:15+02:00</sln:miejscIIPWersja><sln:miejscIdTeryt>0333463</sln:miejscIdTeryt><sln:miejscNazwa>Łętkowice-Kolonia</sln:miejscNazwa><sln:miejscRodzaj>Wieś</sln:miejscRodzaj><sln:powIIPId>adb95dd1-f39a-46c3-a2ee-c5dfb69b1d25</sln:powIIPId><sln:powIIPPn>PL.PZGIK.200</sln:powIIPPn><sln:powIIPWersja>2012-09-27T07:52:00+02:00</sln:powIIPWersja><sln:powIdTeryt>1214</sln:powIdTeryt><sln:powNazwa>proszowicki</sln:powNazwa><sln:waznyOd>2015-07-21T00:00:00+02:00</sln:waznyOd><sln:wojIIPId>dd2e3c64-f861-47cf-a3a3-e7751f272b2f</sln:wojIIPId><sln:wojIIPPn>PL.PZGIK.200</sln:wojIIPPn><sln:wojIIPWersja>2017-10-10T00:00:00+02:00</sln:wojIIPWersja><sln:wojIdTeryt>12</sln:wojIdTeryt><sln:wojNazwa>małopolskie</sln:wojNazwa></sln:miejscowosc><sln:miejscowosc><sln:cyklZyciaOd>2017-04-19T00:00:00+02:00</sln:cyklZyciaOd><sln:gmIIPId>de8f719d-7d0d-4ddb-a1f7-d154dbbbe9b4</sln:gmIIPId><sln:gmIIPPn>PL.PZGIK.200</sln:gmIIPPn><sln:gmIIPWersja>2012-09-26T22:11:56+02:00</sln:gmIIPWersja><sln:gmIdTeryt>1214062</sln:gmIdTeryt><sln:gmNazwa>Radziemice</sln:gmNazwa><sln:miejscIIPId>5d0f5845-8fc0-4b81-a77b-f0f6f02548bf</sln:miejscIIPId><sln:miejscIIPPn>PL.PZGIK.200</sln:miejscIIPPn><sln:miejscIIPWersja>2017-04-19T10:11:15+02:00</sln:miejscIIPWersja><sln:miejscIdTeryt>0333500</sln:miejscIdTeryt><sln:miejscNazwa>Obrażejowice</sln:miejscNazwa><sln:miejscRodzaj>Wieś</sln:miejscRodzaj><sln:powIIPId>adb95dd1-f39a-46c3-a2ee-c5dfb69b1d25</sln:powIIPId><sln:powIIPPn>PL.PZGIK.200</sln:powIIPPn><sln:powIIPWersja>2012-09-27T07:52:00+02:00</sln:powIIPWersja><sln:powIdTeryt>1214</sln:powIdTeryt><sln:powNazwa>proszowicki</sln:powNazwa><sln:waznyOd>2015-07-21T00:00:00+02:00</sln:waznyOd><sln:wojIIPId>dd2e3c64-f861-47cf-a3a3-e7751f272b2f</sln:wojIIPId><sln:wojIIPPn>PL.PZGIK.200</sln:wojIIPPn><sln:wojIIPWersja>2017-10-10T00:00:00+02:00</sln:wojIIPWersja><sln:wojIdTeryt>12</sln:wojIdTeryt><sln:wojNazwa>małopolskie</sln:wojNazwa></sln:miejscowosc><sln:miejscowosc><sln:cyklZyciaOd>2017-04-19T00:00:00+02:00</sln:cyklZyciaOd><sln:gmIIPId>de8f719d-7d0d-4ddb-a1f7-d154dbbbe9b4</sln:gmIIPId><sln:gmIIPPn>PL.PZGIK.200</sln:gmIIPPn><sln:gmIIPWersja>2012-09-26T22:11:56+02:00</sln:gmIIPWersja><sln:gmIdTeryt>1214062</sln:gmIdTeryt><sln:gmNazwa>Radziemice</sln:gmNazwa><sln:miejscIIPId>37f51d04-d5b7-401b-a4b9-2913ce48a178</sln:miejscIIPId><sln:miejscIIPPn>PL.PZGIK.200</sln:miejscIIPPn><sln:miejscIIPWersja>2017-04-19T10:11:15+02:00</sln:miejscIIPWersja><sln:miejscIdTeryt>0333523</sln:miejscIdTeryt><sln:miejscNazwa>Przemęczanki</sln:miejscNazwa><sln:miejscRodzaj>Wieś</sln:miejscRodzaj><sln:powIIPId>adb95dd1-f39a-46c3-a2ee-c5dfb69b1d25</sln:powIIPId><sln:powIIPPn>PL.PZGIK.200</sln:powIIPPn><sln:powIIPWersja>2012-09-27T07:52:00+02:00</sln:powIIPWersja><sln:powIdTeryt>1214</sln:powIdTeryt><sln:powNazwa>proszowicki</sln:powNazwa><sln:waznyOd>2015-07-21T00:00:00+02:00</sln:waznyOd><sln:wojIIPId>dd2e3c64-f861-47cf-a3a3-e7751f272b2f</sln:wojIIPId><sln:wojIIPPn>PL.PZGIK.200</sln:wojIIPPn><sln:wojIIPWersja>2017-10-10T00:00:00+02:00</sln:wojIIPWersja><sln:wojIdTeryt>12</sln:wojIdTeryt><sln:wojNazwa>małopolskie</sln:wojNazwa></sln:miejscowosc><sln:miejscowosc><sln:cyklZyciaOd>2017-04-19T00:00:00+02:00</sln:cyklZyciaOd><sln:gmIIPId>de8f719d-7d0d-4ddb-a1f7-d154dbbbe9b4</sln:gmIIPId><sln:gmIIPPn>PL.PZGIK.200</sln:gmIIPPn><sln:gmIIPWersja>2012-09-26T22:11:56+02:00</sln:gmIIPWersja><sln:gmIdTeryt>1214062</sln:gmIdTeryt><sln:gmNazwa>Radziemice</sln:gmNazwa><sln:miejscIIPId>24f87aa3-78fa-48c7-8019-cda7883448b5</sln:miejscIIPId><sln:miejscIIPPn>PL.PZGIK.200</sln:miejscIIPPn><sln:miejscIIPWersja>2017-04-19T10:11:15+02:00</sln:miejscIIPWersja><sln:miejscIdTeryt>0333546</sln:miejscIdTeryt><sln:miejscNazwa>Przemęczany</sln:miejscNazwa><sln:miejscRodzaj>Wieś</sln:miejscRodzaj><sln:powIIPId>adb95dd1-f39a-46c3-a2ee-c5dfb69b1d25</sln:powIIPId><sln:powIIPPn>PL.PZGIK.200</sln:powIIPPn><sln:powIIPWersja>2012-09-27T07:52:00+02:00</sln:powIIPWersja><sln:powIdTeryt>1214</sln:powIdTeryt><sln:powNazwa>proszowicki</sln:powNazwa><sln:waznyOd>2015-07-21T00:00:00+02:00</sln:waznyOd><sln:wojIIPId>dd2e3c64-f861-47cf-a3a3-e7751f272b2f</sln:wojIIPId><sln:wojIIPPn>PL.PZGIK.200</sln:wojIIPPn><sln:wojIIPWersja>2017-10-10T00:00:00+02:00</sln:wojIIPWersja><sln:wojIdTeryt>12</sln:wojIdTeryt><sln:wojNazwa>małopolskie</sln:wojNazwa></sln:miejscowosc><sln:miejscowosc><sln:cyklZyciaOd>2017-04-19T00:00:00+02:00</sln:cyklZyciaOd><sln:gmIIPId>de8f719d-7d0d-4ddb-a1f7-d154dbbbe9b4</sln:gmIIPId><sln:gmIIPPn>PL.PZGIK.200</sln:gmIIPPn><sln:gmIIPWersja>2012-09-26T22:11:56+02:00</sln:gmIIPWersja><sln:gmIdTeryt>1214062</sln:gmIdTeryt><sln:gmNazwa>Radziemice</sln:gmNazwa><sln:miejscIIPId>45caaa41-dc6d-46d9-8072-bb08f08a0710</sln:miejscIIPId><sln:miejscIIPPn>PL.PZGIK.200</sln:miejscIIPPn><sln:miejscIIPWersja>2017-04-19T10:11:15+02:00</sln:miejscIIPWersja><sln:miejscIdTeryt>0333575</sln:miejscIdTeryt><sln:miejscNazwa>Radziemice</sln:miejscNazwa><sln:miejscRodzaj>Wieś</sln:miejscRodzaj><sln:powIIPId>adb95dd1-f39a-46c3-a2ee-c5dfb69b1d25</sln:powIIPId><sln:powIIPPn>PL.PZGIK.200</sln:powIIPPn><sln:powIIPWersja>2012-09-27T07:52:00+02:00</sln:powIIPWersja><sln:powIdTeryt>1214</sln:powIdTeryt><sln:powNazwa>proszowicki</sln:powNazwa><sln:waznyOd>2015-07-21T00:00:00+02:00</sln:waznyOd><sln:wojIIPId>dd2e3c64-f861-47cf-a3a3-e7751f272b2f</sln:wojIIPId><sln:wojIIPPn>PL.PZGIK.200</sln:wojIIPPn><sln:wojIIPWersja>2017-10-10T00:00:00+02:00</sln:wojIIPWersja><sln:wojIdTeryt>12</sln:wojIdTeryt><sln:wojNazwa>małopolskie</sln:wojNazwa></sln:miejscowosc><sln:miejscowosc><sln:cyklZyciaOd>2017-04-19T00:00:00+02:00</sln:cyklZyciaOd><sln:gmIIPId>de8f719d-7d0d-4ddb-a1f7-d154dbbbe9b4</sln:gmIIPId><sln:gmIIPPn>PL.PZGIK.200</sln:gmIIPPn><sln:gmIIPWersja>2012-09-26T22:11:56+02:00</sln:gmIIPWersja><sln:gmIdTeryt>1214062</sln:gmIdTeryt><sln:gmNazwa>Radziemice</sln:gmNazwa><sln:miejscIIPId>1f1d170e-6cdf-4ad5-9377-8e7cf050b637</sln:miejscIIPId><sln:miejscIIPPn>PL.PZGIK.200</sln:miejscIIPPn><sln:miejscIIPWersja>2017-04-19T10:11:15+02:00</sln:miejscIIPWersja><sln:miejscIdTeryt>0333629</sln:miejscIdTeryt><sln:miejscNazwa>Smoniowice</sln:miejscNazwa><sln:miejscRodzaj>Wieś</sln:miejscRodzaj><sln:powIIPId>adb95dd1-f39a-46c3-a2ee-c5dfb69b1d25</sln:powIIPId><sln:powIIPPn>PL.PZGIK.200</sln:powIIPPn><sln:powIIPWersja>2012-09-27T07:52:00+02:00</sln:powIIPWersja><sln:powIdTeryt>1214</sln:powIdTeryt><sln:powNazwa>proszowicki</sln:powNazwa><sln:waznyOd>2015-07-21T00:00:00+02:00</sln:waznyOd><sln:wojIIPId>dd2e3c64-f861-47cf-a3a3-e7751f272b2f</sln:wojIIPId><sln:wojIIPPn>PL.PZGIK.200</sln:wojIIPPn><sln:wojIIPWersja>2017-10-10T00:00:00+02:00</sln:wojIIPWersja><sln:wojIdTeryt>12</sln:wojIdTeryt><sln:wojNazwa>małopolskie</sln:wojNazwa></sln:miejscowosc><sln:miejscowosc><sln:cyklZyciaOd>2017-04-19T00:00:00+02:00</sln:cyklZyciaOd><sln:gmIIPId>de8f719d-7d0d-4ddb-a1f7-d154dbbbe9b4</sln:gmIIPId><sln:gmIIPPn>PL.PZGIK.200</sln:gmIIPPn><sln:gmIIPWersja>2012-09-26T22:11:56+02:00</sln:gmIIPWersja><sln:gmIdTeryt>1214062</sln:gmIdTeryt><sln:gmNazwa>Radziemice</sln:gmNazwa><sln:miejscIIPId>a290b769-dbfe-41e7-a31f-637261053e01</sln:miejscIIPId><sln:miejscIIPPn>PL.PZGIK.200</sln:miejscIIPPn><sln:miejscIIPWersja>2017-04-19T10:11:15+02:00</sln:miejscIIPWersja><sln:miejscIdTeryt>0333641</sln:miejscIdTeryt><sln:miejscNazwa>Wierzbica</sln:miejscNazwa><sln:miejscRodzaj>Wieś</sln:miejscRodzaj><sln:powIIPId>adb95dd1-f39a-46c3-a2ee-c5dfb69b1d25</sln:powIIPId><sln:powIIPPn>PL.PZGIK.200</sln:powIIPPn><sln:powIIPWersja>2012-09-27T07:52:00+02:00</sln:powIIPWersja><sln:powIdTeryt>1214</sln:powIdTeryt><sln:powNazwa>proszowicki</sln:powNazwa><sln:waznyOd>2015-07-21T00:00:00+02:00</sln:waznyOd><sln:wojIIPId>dd2e3c64-f861-47cf-a3a3-e7751f272b2f</sln:wojIIPId><sln:wojIIPPn>PL.PZGIK.200</sln:wojIIPPn><sln:wojIIPWersja>2017-10-10T00:00:00+02:00</sln:wojIIPWersja><sln:wojIdTeryt>12</sln:wojIdTeryt><sln:wojNazwa>małopolskie</sln:wojNazwa></sln:miejscowosc><sln:miejscowosc><sln:cyklZyciaOd>2017-04-19T00:00:00+02:00</sln:cyklZyciaOd><sln:gmIIPId>de8f719d-7d0d-4ddb-a1f7-d154dbbbe9b4</sln:gmIIPId><sln:gmIIPPn>PL.PZGIK.200</sln:gmIIPPn><sln:gmIIPWersja>2012-09-26T22:11:56+02:00</sln:gmIIPWersja><sln:gmIdTeryt>1214062</sln:gmIdTeryt><sln:gmNazwa>Radziemice</sln:gmNazwa><sln:miejscIIPId>7a089b65-dd30-4b46-a376-4277e9e25f14</sln:miejscIIPId><sln:miejscIIPPn>PL.PZGIK.200</sln:miejscIIPPn><sln:miejscIIPWersja>2017-04-19T10:11:15+02:00</sln:miejscIIPWersja><sln:miejscIdTeryt>0333664</sln:miejscIdTeryt><sln:miejscNazwa>Wola Gruszowska</sln:miejscNazwa><sln:miejscRodzaj>Wieś</sln:miejscRodzaj><sln:powIIPId>adb95dd1-f39a-46c3-a2ee-c5dfb69b1d25</sln:powIIPId><sln:powIIPPn>PL.PZGIK.200</sln:powIIPPn><sln:powIIPWersja>2012-09-27T07:52:00+02:00</sln:powIIPWersja><sln:powIdTeryt>1214</sln:powIdTeryt><sln:powNazwa>proszowicki</sln:powNazwa><sln:waznyOd>2015-07-21T00:00:00+02:00</sln:waznyOd><sln:wojIIPId>dd2e3c64-f861-47cf-a3a3-e7751f272b2f</sln:wojIIPId><sln:wojIIPPn>PL.PZGIK.200</sln:wojIIPPn><sln:wojIIPWersja>2017-10-10T00:00:00+02:00</sln:wojIIPWersja><sln:wojIdTeryt>12</sln:wojIdTeryt><sln:wojNazwa>małopolskie</sln:wojNazwa></sln:miejscowosc><sln:miejscowosc><sln:cyklZyciaOd>2017-04-19T00:00:00+02:00</sln:cyklZyciaOd><sln:gmIIPId>de8f719d-7d0d-4ddb-a1f7-d154dbbbe9b4</sln:gmIIPId><sln:gmIIPPn>PL.PZGIK.200</sln:gmIIPPn><sln:gmIIPWersja>2012-09-26T22:11:56+02:00</sln:gmIIPWersja><sln:gmIdTeryt>1214062</sln:gmIdTeryt><sln:gmNazwa>Radziemice</sln:gmNazwa><sln:miejscIIPId>1c972ee1-f722-40f4-8b02-d7286c062121</sln:miejscIIPId><sln:miejscIIPPn>PL.PZGIK.200</sln:miejscIIPPn><sln:miejscIIPWersja>2017-04-19T10:11:15+02:00</sln:miejscIIPWersja><sln:miejscIdTeryt>0333670</sln:miejscIdTeryt><sln:miejscNazwa>Wrocimowice</sln:miejscNazwa><sln:miejscRodzaj>Wieś</sln:miejscRodzaj><sln:powIIPId>adb95dd1-f39a-46c3-a2ee-c5dfb69b1d25</sln:powIIPId><sln:powIIPPn>PL.PZGIK.200</sln:powIIPPn><sln:powIIPWersja>2012-09-27T07:52:00+02:00</sln:powIIPWersja><sln:powIdTeryt>1214</sln:powIdTeryt><sln:powNazwa>proszowicki</sln:powNazwa><sln:waznyOd>2015-07-21T00:00:00+02:00</sln:waznyOd><sln:wojIIPId>dd2e3c64-f861-47cf-a3a3-e7751f272b2f</sln:wojIIPId><sln:wojIIPPn>PL.PZGIK.200</sln:wojIIPPn><sln:wojIIPWersja>2017-10-10T00:00:00+02:00</sln:wojIIPWersja><sln:wojIdTeryt>12</sln:wojIdTeryt><sln:wojNazwa>małopolskie</sln:wojNazwa></sln:miejscowosc><sln:miejscowosc><sln:cyklZyciaOd>2017-04-19T00:00:00+02:00</sln:cyklZyciaOd><sln:gmIIPId>de8f719d-7d0d-4ddb-a1f7-d154dbbbe9b4</sln:gmIIPId><sln:gmIIPPn>PL.PZGIK.200</sln:gmIIPPn><sln:gmIIPWersja>2012-09-26T22:11:56+02:00</sln:gmIIPWersja><sln:gmIdTeryt>1214062</sln:gmIdTeryt><sln:gmNazwa>Radziemice</sln:gmNazwa><sln:miejscIIPId>9ad9a1ba-a745-4370-a558-f4d09ff65ff5</sln:miejscIIPId><sln:miejscIIPPn>PL.PZGIK.200</sln:miejscIIPPn><sln:miejscIIPWersja>2017-04-19T10:11:15+02:00</sln:miejscIIPWersja><sln:miejscIdTeryt>0333701</sln:miejscIdTeryt><sln:miejscNazwa>Zielenice</sln:miejscNazwa><sln:miejscRodzaj>Wieś</sln:miejscRodzaj><sln:powIIPId>adb95dd1-f39a-46c3-a2ee-c5dfb69b1d25</sln:powIIPId><sln:powIIPPn>PL.PZGIK.200</sln:powIIPPn><sln:powIIPWersja>2012-09-27T07:52:00+02:00</sln:powIIPWersja><sln:powIdTeryt>1214</sln:powIdTeryt><sln:powNazwa>proszowicki</sln:powNazwa><sln:waznyOd>2015-07-21T00:00:00+02:00</sln:waznyOd><sln:wojIIPId>dd2e3c64-f861-47cf-a3a3-e7751f272b2f</sln:wojIIPId><sln:wojIIPPn>PL.PZGIK.200</sln:wojIIPPn><sln:wojIIPWersja>2017-10-10T00:00:00+02:00</sln:wojIIPWersja><sln:wojIdTeryt>12</sln:wojIdTeryt><sln:wojNazwa>małopolskie</sln:wojNazwa></sln:miejscowosc></sln:lista-miejscowosci>