<?xml version="1.0" encoding="UTF-8" standalone="yes"?><sln:lista-miejscowosci xmlns:srv="http://gugik.gov.pl/schemas/slowniki-service/1.0" xmlns:sln="http://gugik.gov.pl/schemas/slowniki-schema/1.0"><sln:miejscowosc><sln:cyklZyciaDo>2017-04-19T00:00:00+02:00</sln:cyklZyciaDo><sln:cyklZyciaOd>2015-08-06T00:00:00+02:00</sln:cyklZyciaOd><sln:gmIIPId>d877fe04-ac14-4f1b-8048-d0a3c931cd6d</sln:gmIIPId><sln:gmIIPPn>PL.PZGIK.200</sln:gmIIPPn><sln:gmIIPWersja>2012-09-26T22:10:10+02:00</sln:gmIIPWersja><sln:gmIdTeryt>1209073</sln:gmIdTeryt><sln:gmNazwa>Sułkowice</sln:gmNazwa><sln:miejscIIPId>bc31ad1f-d579-4ffe-b18e-69371317ffe9</sln:miejscIIPId><sln:miejscIIPPn>PL.PZGIK.200</sln:miejscIIPPn><sln:miejscIIPWersja>2016-11-24T10:02:31+02:00</sln:miejscIIPWersja><sln:miejscIdTeryt>0336645</sln:miejscIdTeryt><sln:miejscNazwa>Biertowice</sln:miejscNazwa><sln:miejscRodzaj>Wieś</sln:miejscRodzaj><sln:powIIPId>2eb1253c-735f-4636-981c-bde46943d44c</sln:powIIPId><sln:powIIPPn>PL.PZGIK.200</sln:powIIPPn><sln:powIIPWersja>2012-09-27T07:52:00+02:00</sln:powIIPWersja><sln:powIdTeryt>1209</sln:powIdTeryt><sln:powNazwa>myślenicki</sln:powNazwa><sln:waznyOd>2015-02-06T00:00:00+01:00</sln:waznyOd><sln:wojIIPId>dd2e3c64-f861-47cf-a3a3-e7751f272b2f</sln:wojIIPId><sln:wojIIPPn>PL.PZGIK.200</sln:wojIIPPn><sln:wojIIPWersja>2017-10-10T00:00:00+02:00</sln:wojIIPWersja><sln:wojIdTeryt>12</sln:wojIdTeryt><sln:wojNazwa>małopolskie</sln:wojNazwa></sln:miejscowosc><sln:miejscowosc><sln:cyklZyciaDo>2017-04-19T00:00:00+02:00</sln:cyklZyciaDo><sln:cyklZyciaOd>2015-08-06T00:00:00+02:00</sln:cyklZyciaOd><sln:gmIIPId>d877fe04-ac14-4f1b-8048-d0a3c931cd6d</sln:gmIIPId><sln:gmIIPPn>PL.PZGIK.200</sln:gmIIPPn><sln:gmIIPWersja>2012-09-26T22:10:10+02:00</sln:gmIIPWersja><sln:gmIdTeryt>1209073</sln:gmIdTeryt><sln:gmNazwa>Sułkowice</sln:gmNazwa><sln:miejscIIPId>90f848c3-e9b7-46bc-a0ac-732035d5f1de</sln:miejscIIPId><sln:miejscIIPPn>PL.PZGIK.200</sln:miejscIIPPn><sln:miejscIIPWersja>2016-11-24T10:02:31+02:00</sln:miejscIIPWersja><sln:miejscIdTeryt>0336674</sln:miejscIdTeryt><sln:miejscNazwa>Harbutowice</sln:miejscNazwa><sln:miejscRodzaj>Wieś</sln:miejscRodzaj><sln:powIIPId>2eb1253c-735f-4636-981c-bde46943d44c</sln:powIIPId><sln:powIIPPn>PL.PZGIK.200</sln:powIIPPn><sln:powIIPWersja>2012-09-27T07:52:00+02:00</sln:powIIPWersja><sln:powIdTeryt>1209</sln:powIdTeryt><sln:powNazwa>myślenicki</sln:powNazwa><sln:waznyOd>2015-02-06T00:00:00+01:00</sln:waznyOd><sln:wojIIPId>dd2e3c64-f861-47cf-a3a3-e7751f272b2f</sln:wojIIPId><sln:wojIIPPn>PL.PZGIK.200</sln:wojIIPPn><sln:wojIIPWersja>2017-10-10T00:00:00+02:00</sln:wojIIPWersja><sln:wojIdTeryt>12</sln:wojIdTeryt><sln:wojNazwa>małopolskie</sln:wojNazwa></sln:miejscowosc><sln:miejscowosc><sln:cyklZyciaDo>2017-04-19T00:00:00+02:00</sln:cyklZyciaDo><sln:cyklZyciaOd>2015-08-06T00:00:00+02:00</sln:cyklZyciaOd><sln:gmIIPId>d877fe04-ac14-4f1b-8048-d0a3c931cd6d</sln:gmIIPId><sln:gmIIPPn>PL.PZGIK.200</sln:gmIIPPn><sln:gmIIPWersja>2012-09-26T22:10:10+02:00</sln:gmIIPWersja><sln:gmIdTeryt>1209073</sln:gmIdTeryt><sln:gmNazwa>Sułkowice</sln:gmNazwa><sln:miejscIIPId>4d64567b-5309-47fa-a7c2-5074ff4c2269</sln:miejscIIPId><sln:miejscIIPPn>PL.PZGIK.200</sln:miejscIIPPn><sln:miejscIIPWersja>2016-11-24T10:02:31+02:00</sln:miejscIIPWersja><sln:miejscIdTeryt>0337047</sln:miejscIdTeryt><sln:miejscNazwa>Krzywaczka</sln:miejscNazwa><sln:miejscRodzaj>Wieś</sln:miejscRodzaj><sln:powIIPId>2eb1253c-735f-4636-981c-bde46943d44c</sln:powIIPId><sln:powIIPPn>PL.PZGIK.200</sln:powIIPPn><sln:powIIPWersja>2012-09-27T07:52:00+02:00</sln:powIIPWersja><sln:powIdTeryt>1209</sln:powIdTeryt><sln:powNazwa>myślenicki</sln:powNazwa><sln:waznyOd>2015-02-06T00:00:00+01:00</sln:waznyOd><sln:wojIIPId>dd2e3c64-f861-47cf-a3a3-e7751f272b2f</sln:wojIIPId><sln:wojIIPPn>PL.PZGIK.200</sln:wojIIPPn><sln:wojIIPWersja>2017-10-10T00:00:00+02:00</sln:wojIIPWersja><sln:wojIdTeryt>12</sln:wojIdTeryt><sln:wojNazwa>małopolskie</sln:wojNazwa></sln:miejscowosc><sln:miejscowosc><sln:cyklZyciaDo>2017-04-19T00:00:00+02:00</sln:cyklZyciaDo><sln:cyklZyciaOd>2015-08-06T00:00:00+02:00</sln:cyklZyciaOd><sln:gmIIPId>d877fe04-ac14-4f1b-8048-d0a3c931cd6d</sln:gmIIPId><sln:gmIIPPn>PL.PZGIK.200</sln:gmIIPPn><sln:gmIIPWersja>2012-09-26T22:10:10+02:00</sln:gmIIPWersja><sln:gmIdTeryt>1209073</sln:gmIdTeryt><sln:gmNazwa>Sułkowice</sln:gmNazwa><sln:miejscIIPId>57f7d143-a903-444a-8bae-9f39a5356ff7</sln:miejscIIPId><sln:miejscIIPPn>PL.PZGIK.200</sln:miejscIIPPn><sln:miejscIIPWersja>2016-11-24T10:02:31+02:00</sln:miejscIIPWersja><sln:miejscIdTeryt>0337107</sln:miejscIdTeryt><sln:miejscNazwa>Rudnik</sln:miejscNazwa><sln:miejscRodzaj>Wieś</sln:miejscRodzaj><sln:powIIPId>2eb1253c-735f-4636-981c-bde46943d44c</sln:powIIPId><sln:powIIPPn>PL.PZGIK.200</sln:powIIPPn><sln:powIIPWersja>2012-09-27T07:52:00+02:00</sln:powIIPWersja><sln:powIdTeryt>1209</sln:powIdTeryt><sln:powNazwa>myślenicki</sln:powNazwa><sln:waznyOd>2015-02-06T00:00:00+01:00</sln:waznyOd><sln:wojIIPId>dd2e3c64-f861-47cf-a3a3-e7751f272b2f</sln:wojIIPId><sln:wojIIPPn>PL.PZGIK.200</sln:wojIIPPn><sln:wojIIPWersja>2017-10-10T00:00:00+02:00</sln:wojIIPWersja><sln:wojIdTeryt>12</sln:wojIdTeryt><sln:wojNazwa>małopolskie</sln:wojNazwa></sln:miejscowosc><sln:miejscowosc><sln:cyklZyciaDo>2017-04-19T00:00:00+02:00</sln:cyklZyciaDo><sln:cyklZyciaOd>2015-08-06T00:00:00+02:00</sln:cyklZyciaOd><sln:gmIIPId>d877fe04-ac14-4f1b-8048-d0a3c931cd6d</sln:gmIIPId><sln:gmIIPPn>PL.PZGIK.200</sln:gmIIPPn><sln:gmIIPWersja>2012-09-26T22:10:10+02:00</sln:gmIIPWersja><sln:gmIdTeryt>1209073</sln:gmIdTeryt><sln:gmNazwa>Sułkowice</sln:gmNazwa><sln:miejscIIPId>ab64cb77-7743-4b55-94a8-cba480f9ae9f</sln:miejscIIPId><sln:miejscIIPPn>PL.PZGIK.200</sln:miejscIIPPn><sln:miejscIIPWersja>2016-11-24T13:16:52+02:00</sln:miejscIIPWersja><sln:miejscIdTeryt>0952137</sln:miejscIdTeryt><sln:miejscNazwa>Sułkowice</sln:miejscNazwa><sln:miejscRodzaj>Miasto</sln:miejscRodzaj><sln:powIIPId>2eb1253c-735f-4636-981c-bde46943d44c</sln:powIIPId><sln:powIIPPn>PL.PZGIK.200</sln:powIIPPn><sln:powIIPWersja>2012-09-27T07:52:00+02:00</sln:powIIPWersja><sln:powIdTeryt>1209</sln:powIdTeryt><sln:powNazwa>myślenicki</sln:powNazwa><sln:waznyOd>2015-02-06T00:00:00+01:00</sln:waznyOd><sln:wojIIPId>dd2e3c64-f861-47cf-a3a3-e7751f272b2f</sln:wojIIPId><sln:wojIIPPn>PL.PZGIK.200</sln:wojIIPPn><sln:wojIIPWersja>2017-10-10T00:00:00+02:00</sln:wojIIPWersja><sln:wojIdTeryt>12</sln:wojIdTeryt><sln:wojNazwa>małopolskie</sln:wojNazwa></sln:miejscowosc><sln:miejscowosc><sln:cyklZyciaOd>2017-04-19T00:00:00+02:00</sln:cyklZyciaOd><sln:gmIIPId>d877fe04-ac14-4f1b-8048-d0a3c931cd6d</sln:gmIIPId><sln:gmIIPPn>PL.PZGIK.200</sln:gmIIPPn><sln:gmIIPWersja>2012-09-26T22:10:10+02:00</sln:gmIIPWersja><sln:gmIdTeryt>1209073</sln:gmIdTeryt><sln:gmNazwa>Sułkowice</sln:gmNazwa><sln:miejscIIPId>bc31ad1f-d579-4ffe-b18e-69371317ffe9</sln:miejscIIPId><sln:miejscIIPPn>PL.PZGIK.200</sln:miejscIIPPn><sln:miejscIIPWersja>2017-04-19T11:19:53+02:00</sln:miejscIIPWersja><sln:miejscIdTeryt>0336645</sln:miejscIdTeryt><sln:miejscNazwa>Biertowice</sln:miejscNazwa><sln:miejscRodzaj>Wieś</sln:miejscRodzaj><sln:powIIPId>2eb1253c-735f-4636-981c-bde46943d44c</sln:powIIPId><sln:powIIPPn>PL.PZGIK.200</sln:powIIPPn><sln:powIIPWersja>2012-09-27T07:52:00+02:00</sln:powIIPWersja><sln:powIdTeryt>1209</sln:powIdTeryt><sln:powNazwa>myślenicki</sln:powNazwa><sln:waznyOd>2015-02-06T00:00:00+01:00</sln:waznyOd><sln:wojIIPId>dd2e3c64-f861-47cf-a3a3-e7751f272b2f</sln:wojIIPId><sln:wojIIPPn>PL.PZGIK.200</sln:wojIIPPn><sln:wojIIPWersja>2017-10-10T00:00:00+02:00</sln:wojIIPWersja><sln:wojIdTeryt>12</sln:wojIdTeryt><sln:wojNazwa>małopolskie</sln:wojNazwa></sln:miejscowosc><sln:miejscowosc><sln:cyklZyciaOd>2017-04-19T00:00:00+02:00</sln:cyklZyciaOd><sln:gmIIPId>d877fe04-ac14-4f1b-8048-d0a3c931cd6d</sln:gmIIPId><sln:gmIIPPn>PL.PZGIK.200</sln:gmIIPPn><sln:gmIIPWersja>2012-09-26T22:10:10+02:00</sln:gmIIPWersja><sln:gmIdTeryt>1209073</sln:gmIdTeryt><sln:gmNazwa>Sułkowice</sln:gmNazwa><sln:miejscIIPId>90f848c3-e9b7-46bc-a0ac-732035d5f1de</sln:miejscIIPId><sln:miejscIIPPn>PL.PZGIK.200</sln:miejscIIPPn><sln:miejscIIPWersja>2017-04-19T11:20:01+02:00</sln:miejscIIPWersja><sln:miejscIdTeryt>0336674</sln:miejscIdTeryt><sln:miejscNazwa>Harbutowice</sln:miejscNazwa><sln:miejscRodzaj>Wieś</sln:miejscRodzaj><sln:powIIPId>2eb1253c-735f-4636-981c-bde46943d44c</sln:powIIPId><sln:powIIPPn>PL.PZGIK.200</sln:powIIPPn><sln:powIIPWersja>2012-09-27T07:52:00+02:00</sln:powIIPWersja><sln:powIdTeryt>1209</sln:powIdTeryt><sln:powNazwa>myślenicki</sln:powNazwa><sln:waznyOd>2015-02-06T00:00:00+01:00</sln:waznyOd><sln:wojIIPId>dd2e3c64-f861-47cf-a3a3-e7751f272b2f</sln:wojIIPId><sln:wojIIPPn>PL.PZGIK.200</sln:wojIIPPn><sln:wojIIPWersja>2017-10-10T00:00:00+02:00</sln:wojIIPWersja><sln:wojIdTeryt>12</sln:wojIdTeryt><sln:wojNazwa>małopolskie</sln:wojNazwa></sln:miejscowosc><sln:miejscowosc><sln:cyklZyciaOd>2017-04-19T00:00:00+02:00</sln:cyklZyciaOd><sln:gmIIPId>d877fe04-ac14-4f1b-8048-d0a3c931cd6d</sln:gmIIPId><sln:gmIIPPn>PL.PZGIK.200</sln:gmIIPPn><sln:gmIIPWersja>2012-09-26T22:10:10+02:00</sln:gmIIPWersja><sln:gmIdTeryt>1209073</sln:gmIdTeryt><sln:gmNazwa>Sułkowice</sln:gmNazwa><sln:miejscIIPId>4d64567b-5309-47fa-a7c2-5074ff4c2269</sln:miejscIIPId><sln:miejscIIPPn>PL.PZGIK.200</sln:miejscIIPPn><sln:miejscIIPWersja>2017-04-19T11:20:01+02:00</sln:miejscIIPWersja><sln:miejscIdTeryt>0337047</sln:miejscIdTeryt><sln:miejscNazwa>Krzywaczka</sln:miejscNazwa><sln:miejscRodzaj>Wieś</sln:miejscRodzaj><sln:powIIPId>2eb1253c-735f-4636-981c-bde46943d44c</sln:powIIPId><sln:powIIPPn>PL.PZGIK.200</sln:powIIPPn><sln:powIIPWersja>2012-09-27T07:52:00+02:00</sln:powIIPWersja><sln:powIdTeryt>1209</sln:powIdTeryt><sln:powNazwa>myślenicki</sln:powNazwa><sln:waznyOd>2015-02-06T00:00:00+01:00</sln:waznyOd><sln:wojIIPId>dd2e3c64-f861-47cf-a3a3-e7751f272b2f</sln:wojIIPId><sln:wojIIPPn>PL.PZGIK.200</sln:wojIIPPn><sln:wojIIPWersja>2017-10-10T00:00:00+02:00</sln:wojIIPWersja><sln:wojIdTeryt>12</sln:wojIdTeryt><sln:wojNazwa>małopolskie</sln:wojNazwa></sln:miejscowosc><sln:miejscowosc><sln:cyklZyciaOd>2017-04-19T00:00:00+02:00</sln:cyklZyciaOd><sln:gmIIPId>d877fe04-ac14-4f1b-8048-d0a3c931cd6d</sln:gmIIPId><sln:gmIIPPn>PL.PZGIK.200</sln:gmIIPPn><sln:gmIIPWersja>2012-09-26T22:10:10+02:00</sln:gmIIPWersja><sln:gmIdTeryt>1209073</sln:gmIdTeryt><sln:gmNazwa>Sułkowice</sln:gmNazwa><sln:miejscIIPId>57f7d143-a903-444a-8bae-9f39a5356ff7</sln:miejscIIPId><sln:miejscIIPPn>PL.PZGIK.200</sln:miejscIIPPn><sln:miejscIIPWersja>2017-04-19T11:20:01+02:00</sln:miejscIIPWersja><sln:miejscIdTeryt>0337107</sln:miejscIdTeryt><sln:miejscNazwa>Rudnik</sln:miejscNazwa><sln:miejscRodzaj>Wieś</sln:miejscRodzaj><sln:powIIPId>2eb1253c-735f-4636-981c-bde46943d44c</sln:powIIPId><sln:powIIPPn>PL.PZGIK.200</sln:powIIPPn><sln:powIIPWersja>2012-09-27T07:52:00+02:00</sln:powIIPWersja><sln:powIdTeryt>1209</sln:powIdTeryt><sln:powNazwa>myślenicki</sln:powNazwa><sln:waznyOd>2015-02-06T00:00:00+01:00</sln:waznyOd><sln:wojIIPId>dd2e3c64-f861-47cf-a3a3-e7751f272b2f</sln:wojIIPId><sln:wojIIPPn>PL.PZGIK.200</sln:wojIIPPn><sln:wojIIPWersja>2017-10-10T00:00:00+02:00</sln:wojIIPWersja><sln:wojIdTeryt>12</sln:wojIdTeryt><sln:wojNazwa>małopolskie</sln:wojNazwa></sln:miejscowosc><sln:miejscowosc><sln:cyklZyciaOd>2017-04-19T00:00:00+02:00</sln:cyklZyciaOd><sln:gmIIPId>d877fe04-ac14-4f1b-8048-d0a3c931cd6d</sln:gmIIPId><sln:gmIIPPn>PL.PZGIK.200</sln:gmIIPPn><sln:gmIIPWersja>2012-09-26T22:10:10+02:00</sln:gmIIPWersja><sln:gmIdTeryt>1209073</sln:gmIdTeryt><sln:gmNazwa>Sułkowice</sln:gmNazwa><sln:miejscIIPId>ab64cb77-7743-4b55-94a8-cba480f9ae9f</sln:miejscIIPId><sln:miejscIIPPn>PL.PZGIK.200</sln:miejscIIPPn><sln:miejscIIPWersja>2017-04-19T11:20:01+02:00</sln:miejscIIPWersja><sln:miejscIdTeryt>0952137</sln:miejscIdTeryt><sln:miejscNazwa>Sułkowice</sln:miejscNazwa><sln:miejscRodzaj>Miasto</sln:miejscRodzaj><sln:powIIPId>2eb1253c-735f-4636-981c-bde46943d44c</sln:powIIPId><sln:powIIPPn>PL.PZGIK.200</sln:powIIPPn><sln:powIIPWersja>2012-09-27T07:52:00+02:00</sln:powIIPWersja><sln:powIdTeryt>1209</sln:powIdTeryt><sln:powNazwa>myślenicki</sln:powNazwa><sln:waznyOd>2015-02-06T00:00:00+01:00</sln:waznyOd><sln:wojIIPId>dd2e3c64-f861-47cf-a3a3-e7751f272b2f</sln:wojIIPId><sln:wojIIPPn>PL.PZGIK.200</sln:wojIIPPn><sln:wojIIPWersja>2017-10-10T00:00:00+02:00</sln:wojIIPWersja><sln:wojIdTeryt>12</sln:wojIdTeryt><sln:wojNazwa>małopolskie</sln:wojNazwa></sln:miejscowosc></sln:lista-miejscowosci>