<?xml version="1.0" encoding="UTF-8" standalone="yes"?><sln:lista-miejscowosci xmlns:srv="http://gugik.gov.pl/schemas/slowniki-service/1.0" xmlns:sln="http://gugik.gov.pl/schemas/slowniki-schema/1.0"><sln:miejscowosc><sln:cyklZyciaOd>2014-12-07T00:00:00+01:00</sln:cyklZyciaOd><sln:gmIIPId>f5c89017-7142-4c12-b5af-f9de434e654a</sln:gmIIPId><sln:gmIIPPn>PL.PZGIK.200</sln:gmIIPPn><sln:gmIIPWersja>2012-09-26T22:13:37+02:00</sln:gmIIPWersja><sln:gmIdTeryt>1217052</sln:gmIdTeryt><sln:gmNazwa>Poronin</sln:gmNazwa><sln:miejscIIPId>4f4edbd9-b319-4ff6-a707-b05ce2abeb33</sln:miejscIIPId><sln:miejscIIPPn>PL.PZGIK.200</sln:miejscIIPPn><sln:miejscIIPWersja>2016-11-24T13:30:25+02:00</sln:miejscIIPWersja><sln:miejscIdTeryt>1053464</sln:miejscIdTeryt><sln:miejscNazwa>Stochy</sln:miejscNazwa><sln:miejscRodzaj>Inny obiekt</sln:miejscRodzaj><sln:powIIPId>c0a73975-a7cb-4cb2-88bb-a722b2210347</sln:powIIPId><sln:powIIPPn>PL.PZGIK.200</sln:powIIPPn><sln:powIIPWersja>2017-10-10T00:00:00+02:00</sln:powIIPWersja><sln:powIdTeryt>1217</sln:powIdTeryt><sln:powNazwa>tatrzański</sln:powNazwa><sln:wojIIPId>dd2e3c64-f861-47cf-a3a3-e7751f272b2f</sln:wojIIPId><sln:wojIIPPn>PL.PZGIK.200</sln:wojIIPPn><sln:wojIIPWersja>2017-10-10T00:00:00+02:00</sln:wojIIPWersja><sln:wojIdTeryt>12</sln:wojIdTeryt><sln:wojNazwa>małopolskie</sln:wojNazwa></sln:miejscowosc><sln:miejscowosc><sln:cyklZyciaOd>2014-12-07T00:00:00+01:00</sln:cyklZyciaOd><sln:gmIIPId>f5c89017-7142-4c12-b5af-f9de434e654a</sln:gmIIPId><sln:gmIIPPn>PL.PZGIK.200</sln:gmIIPPn><sln:gmIIPWersja>2012-09-26T22:13:37+02:00</sln:gmIIPWersja><sln:gmIdTeryt>1217052</sln:gmIdTeryt><sln:gmNazwa>Poronin</sln:gmNazwa><sln:miejscIIPId>3645605f-c6bf-4334-8975-5060103cf8af</sln:miejscIIPId><sln:miejscIIPPn>PL.PZGIK.200</sln:miejscIIPPn><sln:miejscIIPWersja>2016-11-24T13:30:25+02:00</sln:miejscIIPWersja><sln:miejscIdTeryt>1053375</sln:miejscIdTeryt><sln:miejscNazwa>Lachy</sln:miejscNazwa><sln:miejscRodzaj>Inny obiekt</sln:miejscRodzaj><sln:powIIPId>c0a73975-a7cb-4cb2-88bb-a722b2210347</sln:powIIPId><sln:powIIPPn>PL.PZGIK.200</sln:powIIPPn><sln:powIIPWersja>2017-10-10T00:00:00+02:00</sln:powIIPWersja><sln:powIdTeryt>1217</sln:powIdTeryt><sln:powNazwa>tatrzański</sln:powNazwa><sln:wojIIPId>dd2e3c64-f861-47cf-a3a3-e7751f272b2f</sln:wojIIPId><sln:wojIIPPn>PL.PZGIK.200</sln:wojIIPPn><sln:wojIIPWersja>2017-10-10T00:00:00+02:00</sln:wojIIPWersja><sln:wojIdTeryt>12</sln:wojIdTeryt><sln:wojNazwa>małopolskie</sln:wojNazwa></sln:miejscowosc><sln:miejscowosc><sln:cyklZyciaOd>2014-12-07T00:00:00+01:00</sln:cyklZyciaOd><sln:gmIIPId>f5c89017-7142-4c12-b5af-f9de434e654a</sln:gmIIPId><sln:gmIIPPn>PL.PZGIK.200</sln:gmIIPPn><sln:gmIIPWersja>2012-09-26T22:13:37+02:00</sln:gmIIPWersja><sln:gmIdTeryt>1217052</sln:gmIdTeryt><sln:gmNazwa>Poronin</sln:gmNazwa><sln:miejscIIPId>cddb3c86-e2e6-45a2-a8ef-11653fddf2c3</sln:miejscIIPId><sln:miejscIIPPn>PL.PZGIK.200</sln:miejscIIPPn><sln:miejscIIPWersja>2016-11-24T13:30:25+02:00</sln:miejscIIPWersja><sln:miejscIdTeryt>1053493</sln:miejscIdTeryt><sln:miejscNazwa>Wyżaki</sln:miejscNazwa><sln:miejscRodzaj>Inny obiekt</sln:miejscRodzaj><sln:powIIPId>c0a73975-a7cb-4cb2-88bb-a722b2210347</sln:powIIPId><sln:powIIPPn>PL.PZGIK.200</sln:powIIPPn><sln:powIIPWersja>2017-10-10T00:00:00+02:00</sln:powIIPWersja><sln:powIdTeryt>1217</sln:powIdTeryt><sln:powNazwa>tatrzański</sln:powNazwa><sln:wojIIPId>dd2e3c64-f861-47cf-a3a3-e7751f272b2f</sln:wojIIPId><sln:wojIIPPn>PL.PZGIK.200</sln:wojIIPPn><sln:wojIIPWersja>2017-10-10T00:00:00+02:00</sln:wojIIPWersja><sln:wojIdTeryt>12</sln:wojIdTeryt><sln:wojNazwa>małopolskie</sln:wojNazwa></sln:miejscowosc><sln:miejscowosc><sln:cyklZyciaOd>2014-12-07T00:00:00+01:00</sln:cyklZyciaOd><sln:gmIIPId>f5c89017-7142-4c12-b5af-f9de434e654a</sln:gmIIPId><sln:gmIIPPn>PL.PZGIK.200</sln:gmIIPPn><sln:gmIIPWersja>2012-09-26T22:13:37+02:00</sln:gmIIPWersja><sln:gmIdTeryt>1217052</sln:gmIdTeryt><sln:gmNazwa>Poronin</sln:gmNazwa><sln:miejscIIPId>63a54eb8-1756-4623-9a1b-89f00d23c26b</sln:miejscIIPId><sln:miejscIIPPn>PL.PZGIK.200</sln:miejscIIPPn><sln:miejscIIPWersja>2016-11-24T13:42:48+02:00</sln:miejscIIPWersja><sln:miejscIdTeryt>0468810</sln:miejscIdTeryt><sln:miejscNazwa>Poronin</sln:miejscNazwa><sln:miejscRodzaj>Wieś</sln:miejscRodzaj><sln:powIIPId>c0a73975-a7cb-4cb2-88bb-a722b2210347</sln:powIIPId><sln:powIIPPn>PL.PZGIK.200</sln:powIIPPn><sln:powIIPWersja>2017-10-10T00:00:00+02:00</sln:powIIPWersja><sln:powIdTeryt>1217</sln:powIdTeryt><sln:powNazwa>tatrzański</sln:powNazwa><sln:wojIIPId>dd2e3c64-f861-47cf-a3a3-e7751f272b2f</sln:wojIIPId><sln:wojIIPPn>PL.PZGIK.200</sln:wojIIPPn><sln:wojIIPWersja>2017-10-10T00:00:00+02:00</sln:wojIIPWersja><sln:wojIdTeryt>12</sln:wojIdTeryt><sln:wojNazwa>małopolskie</sln:wojNazwa></sln:miejscowosc><sln:miejscowosc><sln:cyklZyciaOd>2014-12-07T00:00:00+01:00</sln:cyklZyciaOd><sln:gmIIPId>f5c89017-7142-4c12-b5af-f9de434e654a</sln:gmIIPId><sln:gmIIPPn>PL.PZGIK.200</sln:gmIIPPn><sln:gmIIPWersja>2012-09-26T22:13:37+02:00</sln:gmIIPWersja><sln:gmIdTeryt>1217052</sln:gmIdTeryt><sln:gmNazwa>Poronin</sln:gmNazwa><sln:miejscIIPId>a5545866-dd60-4937-accf-6ea36ae2e1a5</sln:miejscIIPId><sln:miejscIIPPn>PL.PZGIK.200</sln:miejscIIPPn><sln:miejscIIPWersja>2016-11-24T13:30:24+02:00</sln:miejscIIPWersja><sln:miejscIdTeryt>1053300</sln:miejscIdTeryt><sln:miejscNazwa>Jarosy</sln:miejscNazwa><sln:miejscRodzaj>Inny obiekt</sln:miejscRodzaj><sln:powIIPId>c0a73975-a7cb-4cb2-88bb-a722b2210347</sln:powIIPId><sln:powIIPPn>PL.PZGIK.200</sln:powIIPPn><sln:powIIPWersja>2017-10-10T00:00:00+02:00</sln:powIIPWersja><sln:powIdTeryt>1217</sln:powIdTeryt><sln:powNazwa>tatrzański</sln:powNazwa><sln:wojIIPId>dd2e3c64-f861-47cf-a3a3-e7751f272b2f</sln:wojIIPId><sln:wojIIPPn>PL.PZGIK.200</sln:wojIIPPn><sln:wojIIPWersja>2017-10-10T00:00:00+02:00</sln:wojIIPWersja><sln:wojIdTeryt>12</sln:wojIdTeryt><sln:wojNazwa>małopolskie</sln:wojNazwa></sln:miejscowosc><sln:miejscowosc><sln:cyklZyciaOd>2014-12-07T00:00:00+01:00</sln:cyklZyciaOd><sln:gmIIPId>f5c89017-7142-4c12-b5af-f9de434e654a</sln:gmIIPId><sln:gmIIPPn>PL.PZGIK.200</sln:gmIIPPn><sln:gmIIPWersja>2012-09-26T22:13:37+02:00</sln:gmIIPWersja><sln:gmIdTeryt>1217052</sln:gmIdTeryt><sln:gmNazwa>Poronin</sln:gmNazwa><sln:miejscIIPId>467770ff-2fb5-4f8c-9693-59d57965fb86</sln:miejscIIPId><sln:miejscIIPPn>PL.PZGIK.200</sln:miejscIIPPn><sln:miejscIIPWersja>2016-11-24T13:30:25+02:00</sln:miejscIIPWersja><sln:miejscIdTeryt>1053518</sln:miejscIdTeryt><sln:miejscNazwa>Zasichla</sln:miejscNazwa><sln:miejscRodzaj>Inny obiekt</sln:miejscRodzaj><sln:powIIPId>c0a73975-a7cb-4cb2-88bb-a722b2210347</sln:powIIPId><sln:powIIPPn>PL.PZGIK.200</sln:powIIPPn><sln:powIIPWersja>2017-10-10T00:00:00+02:00</sln:powIIPWersja><sln:powIdTeryt>1217</sln:powIdTeryt><sln:powNazwa>tatrzański</sln:powNazwa><sln:wojIIPId>dd2e3c64-f861-47cf-a3a3-e7751f272b2f</sln:wojIIPId><sln:wojIIPPn>PL.PZGIK.200</sln:wojIIPPn><sln:wojIIPWersja>2017-10-10T00:00:00+02:00</sln:wojIIPWersja><sln:wojIdTeryt>12</sln:wojIdTeryt><sln:wojNazwa>małopolskie</sln:wojNazwa></sln:miejscowosc><sln:miejscowosc><sln:cyklZyciaOd>2014-12-07T00:00:00+01:00</sln:cyklZyciaOd><sln:gmIIPId>f5c89017-7142-4c12-b5af-f9de434e654a</sln:gmIIPId><sln:gmIIPPn>PL.PZGIK.200</sln:gmIIPPn><sln:gmIIPWersja>2012-09-26T22:13:37+02:00</sln:gmIIPWersja><sln:gmIdTeryt>1217052</sln:gmIdTeryt><sln:gmNazwa>Poronin</sln:gmNazwa><sln:miejscIIPId>1671253b-4d28-42af-a153-02de8252d7c4</sln:miejscIIPId><sln:miejscIIPPn>PL.PZGIK.200</sln:miejscIIPPn><sln:miejscIIPWersja>2016-11-24T13:30:25+02:00</sln:miejscIIPWersja><sln:miejscIdTeryt>1053330</sln:miejscIdTeryt><sln:miejscNazwa>Kamieniec</sln:miejscNazwa><sln:miejscRodzaj>Inny obiekt</sln:miejscRodzaj><sln:powIIPId>c0a73975-a7cb-4cb2-88bb-a722b2210347</sln:powIIPId><sln:powIIPPn>PL.PZGIK.200</sln:powIIPPn><sln:powIIPWersja>2017-10-10T00:00:00+02:00</sln:powIIPWersja><sln:powIdTeryt>1217</sln:powIdTeryt><sln:powNazwa>tatrzański</sln:powNazwa><sln:wojIIPId>dd2e3c64-f861-47cf-a3a3-e7751f272b2f</sln:wojIIPId><sln:wojIIPPn>PL.PZGIK.200</sln:wojIIPPn><sln:wojIIPWersja>2017-10-10T00:00:00+02:00</sln:wojIIPWersja><sln:wojIdTeryt>12</sln:wojIdTeryt><sln:wojNazwa>małopolskie</sln:wojNazwa></sln:miejscowosc><sln:miejscowosc><sln:cyklZyciaOd>2014-12-07T00:00:00+01:00</sln:cyklZyciaOd><sln:gmIIPId>f5c89017-7142-4c12-b5af-f9de434e654a</sln:gmIIPId><sln:gmIIPPn>PL.PZGIK.200</sln:gmIIPPn><sln:gmIIPWersja>2012-09-26T22:13:37+02:00</sln:gmIIPWersja><sln:gmIdTeryt>1217052</sln:gmIdTeryt><sln:gmNazwa>Poronin</sln:gmNazwa><sln:miejscIIPId>94abeff2-aba7-42cc-a62e-a4680ae980a4</sln:miejscIIPId><sln:miejscIIPPn>PL.PZGIK.200</sln:miejscIIPPn><sln:miejscIIPWersja>2016-11-24T13:36:49+02:00</sln:miejscIIPWersja><sln:miejscIdTeryt>0468660</sln:miejscIdTeryt><sln:miejscNazwa>Małe Ciche</sln:miejscNazwa><sln:miejscRodzaj>Wieś</sln:miejscRodzaj><sln:powIIPId>c0a73975-a7cb-4cb2-88bb-a722b2210347</sln:powIIPId><sln:powIIPPn>PL.PZGIK.200</sln:powIIPPn><sln:powIIPWersja>2017-10-10T00:00:00+02:00</sln:powIIPWersja><sln:powIdTeryt>1217</sln:powIdTeryt><sln:powNazwa>tatrzański</sln:powNazwa><sln:wojIIPId>dd2e3c64-f861-47cf-a3a3-e7751f272b2f</sln:wojIIPId><sln:wojIIPPn>PL.PZGIK.200</sln:wojIIPPn><sln:wojIIPWersja>2017-10-10T00:00:00+02:00</sln:wojIIPWersja><sln:wojIdTeryt>12</sln:wojIdTeryt><sln:wojNazwa>małopolskie</sln:wojNazwa></sln:miejscowosc><sln:miejscowosc><sln:cyklZyciaOd>2014-12-07T00:00:00+01:00</sln:cyklZyciaOd><sln:gmIIPId>f5c89017-7142-4c12-b5af-f9de434e654a</sln:gmIIPId><sln:gmIIPPn>PL.PZGIK.200</sln:gmIIPPn><sln:gmIIPWersja>2012-09-26T22:13:37+02:00</sln:gmIIPWersja><sln:gmIdTeryt>1217052</sln:gmIdTeryt><sln:gmNazwa>Poronin</sln:gmNazwa><sln:miejscIIPId>4ee9f114-1d8e-4b32-b0fe-b750d33c08e7</sln:miejscIIPId><sln:miejscIIPPn>PL.PZGIK.200</sln:miejscIIPPn><sln:miejscIIPWersja>2016-11-24T13:30:24+02:00</sln:miejscIIPWersja><sln:miejscIdTeryt>0468789</sln:miejscIdTeryt><sln:miejscNazwa>Kule</sln:miejscNazwa><sln:miejscRodzaj>Inny obiekt</sln:miejscRodzaj><sln:powIIPId>c0a73975-a7cb-4cb2-88bb-a722b2210347</sln:powIIPId><sln:powIIPPn>PL.PZGIK.200</sln:powIIPPn><sln:powIIPWersja>2017-10-10T00:00:00+02:00</sln:powIIPWersja><sln:powIdTeryt>1217</sln:powIdTeryt><sln:powNazwa>tatrzański</sln:powNazwa><sln:wojIIPId>dd2e3c64-f861-47cf-a3a3-e7751f272b2f</sln:wojIIPId><sln:wojIIPPn>PL.PZGIK.200</sln:wojIIPPn><sln:wojIIPWersja>2017-10-10T00:00:00+02:00</sln:wojIIPWersja><sln:wojIdTeryt>12</sln:wojIdTeryt><sln:wojNazwa>małopolskie</sln:wojNazwa></sln:miejscowosc><sln:miejscowosc><sln:cyklZyciaOd>2014-12-07T00:00:00+01:00</sln:cyklZyciaOd><sln:gmIIPId>f5c89017-7142-4c12-b5af-f9de434e654a</sln:gmIIPId><sln:gmIIPPn>PL.PZGIK.200</sln:gmIIPPn><sln:gmIIPWersja>2012-09-26T22:13:37+02:00</sln:gmIIPWersja><sln:gmIdTeryt>1217052</sln:gmIdTeryt><sln:gmNazwa>Poronin</sln:gmNazwa><sln:miejscIIPId>039c195d-a2a8-4fc0-85de-c40be2a19221</sln:miejscIIPId><sln:miejscIIPPn>PL.PZGIK.200</sln:miejscIIPPn><sln:miejscIIPWersja>2016-11-24T13:30:25+02:00</sln:miejscIIPWersja><sln:miejscIdTeryt>1053257</sln:miejscIdTeryt><sln:miejscNazwa>Chycakówka</sln:miejscNazwa><sln:miejscRodzaj>Inny obiekt</sln:miejscRodzaj><sln:powIIPId>c0a73975-a7cb-4cb2-88bb-a722b2210347</sln:powIIPId><sln:powIIPPn>PL.PZGIK.200</sln:powIIPPn><sln:powIIPWersja>2017-10-10T00:00:00+02:00</sln:powIIPWersja><sln:powIdTeryt>1217</sln:powIdTeryt><sln:powNazwa>tatrzański</sln:powNazwa><sln:wojIIPId>dd2e3c64-f861-47cf-a3a3-e7751f272b2f</sln:wojIIPId><sln:wojIIPPn>PL.PZGIK.200</sln:wojIIPPn><sln:wojIIPWersja>2017-10-10T00:00:00+02:00</sln:wojIIPWersja><sln:wojIdTeryt>12</sln:wojIdTeryt><sln:wojNazwa>małopolskie</sln:wojNazwa></sln:miejscowosc><sln:miejscowosc><sln:cyklZyciaOd>2014-12-07T00:00:00+01:00</sln:cyklZyciaOd><sln:gmIIPId>f5c89017-7142-4c12-b5af-f9de434e654a</sln:gmIIPId><sln:gmIIPPn>PL.PZGIK.200</sln:gmIIPPn><sln:gmIIPWersja>2012-09-26T22:13:37+02:00</sln:gmIIPWersja><sln:gmIdTeryt>1217052</sln:gmIdTeryt><sln:gmNazwa>Poronin</sln:gmNazwa><sln:miejscIIPId>1de4fc09-dd58-4a51-8f04-6456230001a3</sln:miejscIIPId><sln:miejscIIPPn>PL.PZGIK.200</sln:miejscIIPPn><sln:miejscIIPWersja>2016-11-24T13:30:25+02:00</sln:miejscIIPWersja><sln:miejscIdTeryt>1053286</sln:miejscIdTeryt><sln:miejscNazwa>Frąckówka</sln:miejscNazwa><sln:miejscRodzaj>Inny obiekt</sln:miejscRodzaj><sln:powIIPId>c0a73975-a7cb-4cb2-88bb-a722b2210347</sln:powIIPId><sln:powIIPPn>PL.PZGIK.200</sln:powIIPPn><sln:powIIPWersja>2017-10-10T00:00:00+02:00</sln:powIIPWersja><sln:powIdTeryt>1217</sln:powIdTeryt><sln:powNazwa>tatrzański</sln:powNazwa><sln:wojIIPId>dd2e3c64-f861-47cf-a3a3-e7751f272b2f</sln:wojIIPId><sln:wojIIPPn>PL.PZGIK.200</sln:wojIIPPn><sln:wojIIPWersja>2017-10-10T00:00:00+02:00</sln:wojIIPWersja><sln:wojIdTeryt>12</sln:wojIdTeryt><sln:wojNazwa>małopolskie</sln:wojNazwa></sln:miejscowosc><sln:miejscowosc><sln:cyklZyciaOd>2014-12-07T00:00:00+01:00</sln:cyklZyciaOd><sln:gmIIPId>f5c89017-7142-4c12-b5af-f9de434e654a</sln:gmIIPId><sln:gmIIPPn>PL.PZGIK.200</sln:gmIIPPn><sln:gmIIPWersja>2012-09-26T22:13:37+02:00</sln:gmIIPWersja><sln:gmIdTeryt>1217052</sln:gmIdTeryt><sln:gmNazwa>Poronin</sln:gmNazwa><sln:miejscIIPId>2736ded2-b0ba-4682-a263-3a0b373d95b5</sln:miejscIIPId><sln:miejscIIPPn>PL.PZGIK.200</sln:miejscIIPPn><sln:miejscIIPWersja>2016-11-24T13:30:25+02:00</sln:miejscIIPWersja><sln:miejscIdTeryt>0468743</sln:miejscIdTeryt><sln:miejscNazwa>Brylówka</sln:miejscNazwa><sln:miejscRodzaj>Inny obiekt</sln:miejscRodzaj><sln:powIIPId>c0a73975-a7cb-4cb2-88bb-a722b2210347</sln:powIIPId><sln:powIIPPn>PL.PZGIK.200</sln:powIIPPn><sln:powIIPWersja>2017-10-10T00:00:00+02:00</sln:powIIPWersja><sln:powIdTeryt>1217</sln:powIdTeryt><sln:powNazwa>tatrzański</sln:powNazwa><sln:wojIIPId>dd2e3c64-f861-47cf-a3a3-e7751f272b2f</sln:wojIIPId><sln:wojIIPPn>PL.PZGIK.200</sln:wojIIPPn><sln:wojIIPWersja>2017-10-10T00:00:00+02:00</sln:wojIIPWersja><sln:wojIdTeryt>12</sln:wojIdTeryt><sln:wojNazwa>małopolskie</sln:wojNazwa></sln:miejscowosc><sln:miejscowosc><sln:cyklZyciaOd>2014-12-07T00:00:00+01:00</sln:cyklZyciaOd><sln:gmIIPId>f5c89017-7142-4c12-b5af-f9de434e654a</sln:gmIIPId><sln:gmIIPPn>PL.PZGIK.200</sln:gmIIPPn><sln:gmIIPWersja>2012-09-26T22:13:37+02:00</sln:gmIIPWersja><sln:gmIdTeryt>1217052</sln:gmIdTeryt><sln:gmNazwa>Poronin</sln:gmNazwa><sln:miejscIIPId>8e4706ce-d0a6-4139-85b3-c2359c0ec0bf</sln:miejscIIPId><sln:miejscIIPPn>PL.PZGIK.200</sln:miejscIIPPn><sln:miejscIIPWersja>2016-11-24T13:34:42+02:00</sln:miejscIIPWersja><sln:miejscIdTeryt>0468944</sln:miejscIdTeryt><sln:miejscNazwa>Ząb</sln:miejscNazwa><sln:miejscRodzaj>Wieś</sln:miejscRodzaj><sln:powIIPId>c0a73975-a7cb-4cb2-88bb-a722b2210347</sln:powIIPId><sln:powIIPPn>PL.PZGIK.200</sln:powIIPPn><sln:powIIPWersja>2017-10-10T00:00:00+02:00</sln:powIIPWersja><sln:powIdTeryt>1217</sln:powIdTeryt><sln:powNazwa>tatrzański</sln:powNazwa><sln:wojIIPId>dd2e3c64-f861-47cf-a3a3-e7751f272b2f</sln:wojIIPId><sln:wojIIPPn>PL.PZGIK.200</sln:wojIIPPn><sln:wojIIPWersja>2017-10-10T00:00:00+02:00</sln:wojIIPWersja><sln:wojIdTeryt>12</sln:wojIdTeryt><sln:wojNazwa>małopolskie</sln:wojNazwa></sln:miejscowosc><sln:miejscowosc><sln:cyklZyciaOd>2014-12-07T00:00:00+01:00</sln:cyklZyciaOd><sln:gmIIPId>f5c89017-7142-4c12-b5af-f9de434e654a</sln:gmIIPId><sln:gmIIPPn>PL.PZGIK.200</sln:gmIIPPn><sln:gmIIPWersja>2012-09-26T22:13:37+02:00</sln:gmIIPWersja><sln:gmIdTeryt>1217052</sln:gmIdTeryt><sln:gmNazwa>Poronin</sln:gmNazwa><sln:miejscIIPId>507f7399-1660-4438-a90b-fb355695e71c</sln:miejscIIPId><sln:miejscIIPPn>PL.PZGIK.200</sln:miejscIIPPn><sln:miejscIIPWersja>2016-11-24T13:30:25+02:00</sln:miejscIIPWersja><sln:miejscIdTeryt>0468849</sln:miejscIdTeryt><sln:miejscNazwa>Majerczykówka</sln:miejscNazwa><sln:miejscRodzaj>Inny obiekt</sln:miejscRodzaj><sln:powIIPId>c0a73975-a7cb-4cb2-88bb-a722b2210347</sln:powIIPId><sln:powIIPPn>PL.PZGIK.200</sln:powIIPPn><sln:powIIPWersja>2017-10-10T00:00:00+02:00</sln:powIIPWersja><sln:powIdTeryt>1217</sln:powIdTeryt><sln:powNazwa>tatrzański</sln:powNazwa><sln:wojIIPId>dd2e3c64-f861-47cf-a3a3-e7751f272b2f</sln:wojIIPId><sln:wojIIPPn>PL.PZGIK.200</sln:wojIIPPn><sln:wojIIPWersja>2017-10-10T00:00:00+02:00</sln:wojIIPWersja><sln:wojIdTeryt>12</sln:wojIdTeryt><sln:wojNazwa>małopolskie</sln:wojNazwa></sln:miejscowosc><sln:miejscowosc><sln:cyklZyciaOd>2014-12-07T00:00:00+01:00</sln:cyklZyciaOd><sln:gmIIPId>f5c89017-7142-4c12-b5af-f9de434e654a</sln:gmIIPId><sln:gmIIPPn>PL.PZGIK.200</sln:gmIIPPn><sln:gmIIPWersja>2012-09-26T22:13:37+02:00</sln:gmIIPWersja><sln:gmIdTeryt>1217052</sln:gmIdTeryt><sln:gmNazwa>Poronin</sln:gmNazwa><sln:miejscIIPId>5daa9f40-997d-4c04-902e-a42222f87c14</sln:miejscIIPId><sln:miejscIIPPn>PL.PZGIK.200</sln:miejscIIPPn><sln:miejscIIPWersja>2016-11-24T13:30:25+02:00</sln:miejscIIPWersja><sln:miejscIdTeryt>1053346</sln:miejscIdTeryt><sln:miejscNazwa>Kiecora</sln:miejscNazwa><sln:miejscRodzaj>Inny obiekt</sln:miejscRodzaj><sln:powIIPId>c0a73975-a7cb-4cb2-88bb-a722b2210347</sln:powIIPId><sln:powIIPPn>PL.PZGIK.200</sln:powIIPPn><sln:powIIPWersja>2017-10-10T00:00:00+02:00</sln:powIIPWersja><sln:powIdTeryt>1217</sln:powIdTeryt><sln:powNazwa>tatrzański</sln:powNazwa><sln:wojIIPId>dd2e3c64-f861-47cf-a3a3-e7751f272b2f</sln:wojIIPId><sln:wojIIPPn>PL.PZGIK.200</sln:wojIIPPn><sln:wojIIPWersja>2017-10-10T00:00:00+02:00</sln:wojIIPWersja><sln:wojIdTeryt>12</sln:wojIdTeryt><sln:wojNazwa>małopolskie</sln:wojNazwa></sln:miejscowosc><sln:miejscowosc><sln:cyklZyciaOd>2014-12-07T00:00:00+01:00</sln:cyklZyciaOd><sln:gmIIPId>f5c89017-7142-4c12-b5af-f9de434e654a</sln:gmIIPId><sln:gmIIPPn>PL.PZGIK.200</sln:gmIIPPn><sln:gmIIPWersja>2012-09-26T22:13:37+02:00</sln:gmIIPWersja><sln:gmIdTeryt>1217052</sln:gmIdTeryt><sln:gmNazwa>Poronin</sln:gmNazwa><sln:miejscIIPId>0534728f-fb66-4019-8cec-9e4087cd71bd</sln:miejscIIPId><sln:miejscIIPPn>PL.PZGIK.200</sln:miejscIIPPn><sln:miejscIIPWersja>2016-11-24T13:30:25+02:00</sln:miejscIIPWersja><sln:miejscIdTeryt>1053412</sln:miejscIdTeryt><sln:miejscNazwa>Mur</sln:miejscNazwa><sln:miejscRodzaj>Inny obiekt</sln:miejscRodzaj><sln:powIIPId>c0a73975-a7cb-4cb2-88bb-a722b2210347</sln:powIIPId><sln:powIIPPn>PL.PZGIK.200</sln:powIIPPn><sln:powIIPWersja>2017-10-10T00:00:00+02:00</sln:powIIPWersja><sln:powIdTeryt>1217</sln:powIdTeryt><sln:powNazwa>tatrzański</sln:powNazwa><sln:wojIIPId>dd2e3c64-f861-47cf-a3a3-e7751f272b2f</sln:wojIIPId><sln:wojIIPPn>PL.PZGIK.200</sln:wojIIPPn><sln:wojIIPWersja>2017-10-10T00:00:00+02:00</sln:wojIIPWersja><sln:wojIdTeryt>12</sln:wojIdTeryt><sln:wojNazwa>małopolskie</sln:wojNazwa></sln:miejscowosc><sln:miejscowosc><sln:cyklZyciaOd>2014-12-07T00:00:00+01:00</sln:cyklZyciaOd><sln:gmIIPId>f5c89017-7142-4c12-b5af-f9de434e654a</sln:gmIIPId><sln:gmIIPPn>PL.PZGIK.200</sln:gmIIPPn><sln:gmIIPWersja>2012-09-26T22:13:37+02:00</sln:gmIIPWersja><sln:gmIdTeryt>1217052</sln:gmIdTeryt><sln:gmNazwa>Poronin</sln:gmNazwa><sln:miejscIIPId>c19fbd2e-b2a4-4e2b-a344-edf5dcec1417</sln:miejscIIPId><sln:miejscIIPPn>PL.PZGIK.200</sln:miejscIIPPn><sln:miejscIIPWersja>2016-11-24T13:31:40+02:00</sln:miejscIIPWersja><sln:miejscIdTeryt>0468861</sln:miejscIdTeryt><sln:miejscNazwa>Suche</sln:miejscNazwa><sln:miejscRodzaj>Wieś</sln:miejscRodzaj><sln:powIIPId>c0a73975-a7cb-4cb2-88bb-a722b2210347</sln:powIIPId><sln:powIIPPn>PL.PZGIK.200</sln:powIIPPn><sln:powIIPWersja>2017-10-10T00:00:00+02:00</sln:powIIPWersja><sln:powIdTeryt>1217</sln:powIdTeryt><sln:powNazwa>tatrzański</sln:powNazwa><sln:wojIIPId>dd2e3c64-f861-47cf-a3a3-e7751f272b2f</sln:wojIIPId><sln:wojIIPPn>PL.PZGIK.200</sln:wojIIPPn><sln:wojIIPWersja>2017-10-10T00:00:00+02:00</sln:wojIIPWersja><sln:wojIdTeryt>12</sln:wojIdTeryt><sln:wojNazwa>małopolskie</sln:wojNazwa></sln:miejscowosc><sln:miejscowosc><sln:cyklZyciaOd>2014-12-07T00:00:00+01:00</sln:cyklZyciaOd><sln:gmIIPId>f5c89017-7142-4c12-b5af-f9de434e654a</sln:gmIIPId><sln:gmIIPPn>PL.PZGIK.200</sln:gmIIPPn><sln:gmIIPWersja>2012-09-26T22:13:37+02:00</sln:gmIIPWersja><sln:gmIdTeryt>1217052</sln:gmIdTeryt><sln:gmNazwa>Poronin</sln:gmNazwa><sln:miejscIIPId>66e34785-aeec-45c2-883d-8878f59996e6</sln:miejscIIPId><sln:miejscIIPPn>PL.PZGIK.200</sln:miejscIIPPn><sln:miejscIIPWersja>2016-11-24T13:30:25+02:00</sln:miejscIIPWersja><sln:miejscIdTeryt>1053240</sln:miejscIdTeryt><sln:miejscNazwa>Capówka</sln:miejscNazwa><sln:miejscRodzaj>Inny obiekt</sln:miejscRodzaj><sln:powIIPId>c0a73975-a7cb-4cb2-88bb-a722b2210347</sln:powIIPId><sln:powIIPPn>PL.PZGIK.200</sln:powIIPPn><sln:powIIPWersja>2017-10-10T00:00:00+02:00</sln:powIIPWersja><sln:powIdTeryt>1217</sln:powIdTeryt><sln:powNazwa>tatrzański</sln:powNazwa><sln:wojIIPId>dd2e3c64-f861-47cf-a3a3-e7751f272b2f</sln:wojIIPId><sln:wojIIPPn>PL.PZGIK.200</sln:wojIIPPn><sln:wojIIPWersja>2017-10-10T00:00:00+02:00</sln:wojIIPWersja><sln:wojIdTeryt>12</sln:wojIdTeryt><sln:wojNazwa>małopolskie</sln:wojNazwa></sln:miejscowosc><sln:miejscowosc><sln:cyklZyciaOd>2014-12-07T00:00:00+01:00</sln:cyklZyciaOd><sln:gmIIPId>f5c89017-7142-4c12-b5af-f9de434e654a</sln:gmIIPId><sln:gmIIPPn>PL.PZGIK.200</sln:gmIIPPn><sln:gmIIPWersja>2012-09-26T22:13:37+02:00</sln:gmIIPWersja><sln:gmIdTeryt>1217052</sln:gmIdTeryt><sln:gmNazwa>Poronin</sln:gmNazwa><sln:miejscIIPId>6c4bbb79-3713-4bde-a5b6-06a5718344dc</sln:miejscIIPId><sln:miejscIIPPn>PL.PZGIK.200</sln:miejscIIPPn><sln:miejscIIPWersja>2016-11-24T13:30:25+02:00</sln:miejscIIPWersja><sln:miejscIdTeryt>0468772</sln:miejscIdTeryt><sln:miejscNazwa>Tylki</sln:miejscNazwa><sln:miejscRodzaj>Inny obiekt</sln:miejscRodzaj><sln:powIIPId>c0a73975-a7cb-4cb2-88bb-a722b2210347</sln:powIIPId><sln:powIIPPn>PL.PZGIK.200</sln:powIIPPn><sln:powIIPWersja>2017-10-10T00:00:00+02:00</sln:powIIPWersja><sln:powIdTeryt>1217</sln:powIdTeryt><sln:powNazwa>tatrzański</sln:powNazwa><sln:wojIIPId>dd2e3c64-f861-47cf-a3a3-e7751f272b2f</sln:wojIIPId><sln:wojIIPPn>PL.PZGIK.200</sln:wojIIPPn><sln:wojIIPWersja>2017-10-10T00:00:00+02:00</sln:wojIIPWersja><sln:wojIdTeryt>12</sln:wojIdTeryt><sln:wojNazwa>małopolskie</sln:wojNazwa></sln:miejscowosc><sln:miejscowosc><sln:cyklZyciaOd>2014-12-07T00:00:00+01:00</sln:cyklZyciaOd><sln:gmIIPId>f5c89017-7142-4c12-b5af-f9de434e654a</sln:gmIIPId><sln:gmIIPPn>PL.PZGIK.200</sln:gmIIPPn><sln:gmIIPWersja>2012-09-26T22:13:37+02:00</sln:gmIIPWersja><sln:gmIdTeryt>1217052</sln:gmIdTeryt><sln:gmNazwa>Poronin</sln:gmNazwa><sln:miejscIIPId>dfaeadd9-7195-4f0b-91cc-d58a8170cab5</sln:miejscIIPId><sln:miejscIIPPn>PL.PZGIK.200</sln:miejscIIPPn><sln:miejscIIPWersja>2016-11-24T13:30:25+02:00</sln:miejscIIPWersja><sln:miejscIdTeryt>1053435</sln:miejscIdTeryt><sln:miejscNazwa>Polana pod Jeziorami</sln:miejscNazwa><sln:miejscRodzaj>Inny obiekt</sln:miejscRodzaj><sln:powIIPId>c0a73975-a7cb-4cb2-88bb-a722b2210347</sln:powIIPId><sln:powIIPPn>PL.PZGIK.200</sln:powIIPPn><sln:powIIPWersja>2017-10-10T00:00:00+02:00</sln:powIIPWersja><sln:powIdTeryt>1217</sln:powIdTeryt><sln:powNazwa>tatrzański</sln:powNazwa><sln:wojIIPId>dd2e3c64-f861-47cf-a3a3-e7751f272b2f</sln:wojIIPId><sln:wojIIPPn>PL.PZGIK.200</sln:wojIIPPn><sln:wojIIPWersja>2017-10-10T00:00:00+02:00</sln:wojIIPWersja><sln:wojIdTeryt>12</sln:wojIdTeryt><sln:wojNazwa>małopolskie</sln:wojNazwa></sln:miejscowosc><sln:miejscowosc><sln:cyklZyciaOd>2014-12-07T00:00:00+01:00</sln:cyklZyciaOd><sln:gmIIPId>f5c89017-7142-4c12-b5af-f9de434e654a</sln:gmIIPId><sln:gmIIPPn>PL.PZGIK.200</sln:gmIIPPn><sln:gmIIPWersja>2012-09-26T22:13:37+02:00</sln:gmIIPWersja><sln:gmIdTeryt>1217052</sln:gmIdTeryt><sln:gmNazwa>Poronin</sln:gmNazwa><sln:miejscIIPId>df199ce4-308b-4610-a5f8-08c67e847ab2</sln:miejscIIPId><sln:miejscIIPPn>PL.PZGIK.200</sln:miejscIIPPn><sln:miejscIIPWersja>2016-11-24T13:30:25+02:00</sln:miejscIIPWersja><sln:miejscIdTeryt>0468720</sln:miejscIdTeryt><sln:miejscNazwa>Lichajówka</sln:miejscNazwa><sln:miejscRodzaj>Inny obiekt</sln:miejscRodzaj><sln:powIIPId>c0a73975-a7cb-4cb2-88bb-a722b2210347</sln:powIIPId><sln:powIIPPn>PL.PZGIK.200</sln:powIIPPn><sln:powIIPWersja>2017-10-10T00:00:00+02:00</sln:powIIPWersja><sln:powIdTeryt>1217</sln:powIdTeryt><sln:powNazwa>tatrzański</sln:powNazwa><sln:wojIIPId>dd2e3c64-f861-47cf-a3a3-e7751f272b2f</sln:wojIIPId><sln:wojIIPPn>PL.PZGIK.200</sln:wojIIPPn><sln:wojIIPWersja>2017-10-10T00:00:00+02:00</sln:wojIIPWersja><sln:wojIdTeryt>12</sln:wojIdTeryt><sln:wojNazwa>małopolskie</sln:wojNazwa></sln:miejscowosc><sln:miejscowosc><sln:cyklZyciaOd>2014-12-07T00:00:00+01:00</sln:cyklZyciaOd><sln:gmIIPId>f5c89017-7142-4c12-b5af-f9de434e654a</sln:gmIIPId><sln:gmIIPPn>PL.PZGIK.200</sln:gmIIPPn><sln:gmIIPWersja>2012-09-26T22:13:37+02:00</sln:gmIIPWersja><sln:gmIdTeryt>1217052</sln:gmIdTeryt><sln:gmNazwa>Poronin</sln:gmNazwa><sln:miejscIIPId>bd02591b-747b-4910-afcb-60dd38ab8c31</sln:miejscIIPId><sln:miejscIIPPn>PL.PZGIK.200</sln:miejscIIPPn><sln:miejscIIPWersja>2016-11-24T13:30:24+02:00</sln:miejscIIPWersja><sln:miejscIdTeryt>0468424</sln:miejscIdTeryt><sln:miejscNazwa>Zagrody</sln:miejscNazwa><sln:miejscRodzaj>Inny obiekt</sln:miejscRodzaj><sln:powIIPId>c0a73975-a7cb-4cb2-88bb-a722b2210347</sln:powIIPId><sln:powIIPPn>PL.PZGIK.200</sln:powIIPPn><sln:powIIPWersja>2017-10-10T00:00:00+02:00</sln:powIIPWersja><sln:powIdTeryt>1217</sln:powIdTeryt><sln:powNazwa>tatrzański</sln:powNazwa><sln:wojIIPId>dd2e3c64-f861-47cf-a3a3-e7751f272b2f</sln:wojIIPId><sln:wojIIPPn>PL.PZGIK.200</sln:wojIIPPn><sln:wojIIPWersja>2017-10-10T00:00:00+02:00</sln:wojIIPWersja><sln:wojIdTeryt>12</sln:wojIdTeryt><sln:wojNazwa>małopolskie</sln:wojNazwa></sln:miejscowosc><sln:miejscowosc><sln:cyklZyciaOd>2014-12-07T00:00:00+01:00</sln:cyklZyciaOd><sln:gmIIPId>f5c89017-7142-4c12-b5af-f9de434e654a</sln:gmIIPId><sln:gmIIPPn>PL.PZGIK.200</sln:gmIIPPn><sln:gmIIPWersja>2012-09-26T22:13:37+02:00</sln:gmIIPWersja><sln:gmIdTeryt>1217052</sln:gmIdTeryt><sln:gmNazwa>Poronin</sln:gmNazwa><sln:miejscIIPId>c79a41f2-73cb-4769-b257-0ef0ac1560f8</sln:miejscIIPId><sln:miejscIIPPn>PL.PZGIK.200</sln:miejscIIPPn><sln:miejscIIPWersja>2016-11-24T13:30:24+02:00</sln:miejscIIPWersja><sln:miejscIdTeryt>1053441</sln:miejscIdTeryt><sln:miejscNazwa>Potoczki</sln:miejscNazwa><sln:miejscRodzaj>Inny obiekt</sln:miejscRodzaj><sln:powIIPId>c0a73975-a7cb-4cb2-88bb-a722b2210347</sln:powIIPId><sln:powIIPPn>PL.PZGIK.200</sln:powIIPPn><sln:powIIPWersja>2017-10-10T00:00:00+02:00</sln:powIIPWersja><sln:powIdTeryt>1217</sln:powIdTeryt><sln:powNazwa>tatrzański</sln:powNazwa><sln:wojIIPId>dd2e3c64-f861-47cf-a3a3-e7751f272b2f</sln:wojIIPId><sln:wojIIPPn>PL.PZGIK.200</sln:wojIIPPn><sln:wojIIPWersja>2017-10-10T00:00:00+02:00</sln:wojIIPWersja><sln:wojIdTeryt>12</sln:wojIdTeryt><sln:wojNazwa>małopolskie</sln:wojNazwa></sln:miejscowosc><sln:miejscowosc><sln:cyklZyciaOd>2014-12-07T00:00:00+01:00</sln:cyklZyciaOd><sln:gmIIPId>f5c89017-7142-4c12-b5af-f9de434e654a</sln:gmIIPId><sln:gmIIPPn>PL.PZGIK.200</sln:gmIIPPn><sln:gmIIPWersja>2012-09-26T22:13:37+02:00</sln:gmIIPWersja><sln:gmIdTeryt>1217052</sln:gmIdTeryt><sln:gmNazwa>Poronin</sln:gmNazwa><sln:miejscIIPId>7b4697a2-bde8-4de4-a0df-8eb8fac4cad5</sln:miejscIIPId><sln:miejscIIPPn>PL.PZGIK.200</sln:miejscIIPPn><sln:miejscIIPWersja>2016-11-24T13:30:25+02:00</sln:miejscIIPWersja><sln:miejscIdTeryt>1053234</sln:miejscIdTeryt><sln:miejscNazwa>Budzów Wierch</sln:miejscNazwa><sln:miejscRodzaj>Inny obiekt</sln:miejscRodzaj><sln:powIIPId>c0a73975-a7cb-4cb2-88bb-a722b2210347</sln:powIIPId><sln:powIIPPn>PL.PZGIK.200</sln:powIIPPn><sln:powIIPWersja>2017-10-10T00:00:00+02:00</sln:powIIPWersja><sln:powIdTeryt>1217</sln:powIdTeryt><sln:powNazwa>tatrzański</sln:powNazwa><sln:wojIIPId>dd2e3c64-f861-47cf-a3a3-e7751f272b2f</sln:wojIIPId><sln:wojIIPPn>PL.PZGIK.200</sln:wojIIPPn><sln:wojIIPWersja>2017-10-10T00:00:00+02:00</sln:wojIIPWersja><sln:wojIdTeryt>12</sln:wojIdTeryt><sln:wojNazwa>małopolskie</sln:wojNazwa></sln:miejscowosc><sln:miejscowosc><sln:cyklZyciaOd>2014-12-07T00:00:00+01:00</sln:cyklZyciaOd><sln:gmIIPId>f5c89017-7142-4c12-b5af-f9de434e654a</sln:gmIIPId><sln:gmIIPPn>PL.PZGIK.200</sln:gmIIPPn><sln:gmIIPWersja>2012-09-26T22:13:37+02:00</sln:gmIIPWersja><sln:gmIdTeryt>1217052</sln:gmIdTeryt><sln:gmNazwa>Poronin</sln:gmNazwa><sln:miejscIIPId>4fd96f0d-0ffd-40c4-85de-3deeb8529832</sln:miejscIIPId><sln:miejscIIPPn>PL.PZGIK.200</sln:miejscIIPPn><sln:miejscIIPWersja>2016-11-24T13:30:25+02:00</sln:miejscIIPWersja><sln:miejscIdTeryt>0468766</sln:miejscIdTeryt><sln:miejscNazwa>Noski</sln:miejscNazwa><sln:miejscRodzaj>Inny obiekt</sln:miejscRodzaj><sln:powIIPId>c0a73975-a7cb-4cb2-88bb-a722b2210347</sln:powIIPId><sln:powIIPPn>PL.PZGIK.200</sln:powIIPPn><sln:powIIPWersja>2017-10-10T00:00:00+02:00</sln:powIIPWersja><sln:powIdTeryt>1217</sln:powIdTeryt><sln:powNazwa>tatrzański</sln:powNazwa><sln:wojIIPId>dd2e3c64-f861-47cf-a3a3-e7751f272b2f</sln:wojIIPId><sln:wojIIPPn>PL.PZGIK.200</sln:wojIIPPn><sln:wojIIPWersja>2017-10-10T00:00:00+02:00</sln:wojIIPWersja><sln:wojIdTeryt>12</sln:wojIdTeryt><sln:wojNazwa>małopolskie</sln:wojNazwa></sln:miejscowosc><sln:miejscowosc><sln:cyklZyciaOd>2014-12-07T00:00:00+01:00</sln:cyklZyciaOd><sln:gmIIPId>f5c89017-7142-4c12-b5af-f9de434e654a</sln:gmIIPId><sln:gmIIPPn>PL.PZGIK.200</sln:gmIIPPn><sln:gmIIPWersja>2012-09-26T22:13:37+02:00</sln:gmIIPWersja><sln:gmIdTeryt>1217052</sln:gmIdTeryt><sln:gmNazwa>Poronin</sln:gmNazwa><sln:miejscIIPId>ff24fedd-99af-41d4-b0df-b0c9dffdf180</sln:miejscIIPId><sln:miejscIIPPn>PL.PZGIK.200</sln:miejscIIPPn><sln:miejscIIPWersja>2016-11-24T13:30:25+02:00</sln:miejscIIPWersja><sln:miejscIdTeryt>1053470</sln:miejscIdTeryt><sln:miejscNazwa>Strączki</sln:miejscNazwa><sln:miejscRodzaj>Inny obiekt</sln:miejscRodzaj><sln:powIIPId>c0a73975-a7cb-4cb2-88bb-a722b2210347</sln:powIIPId><sln:powIIPPn>PL.PZGIK.200</sln:powIIPPn><sln:powIIPWersja>2017-10-10T00:00:00+02:00</sln:powIIPWersja><sln:powIdTeryt>1217</sln:powIdTeryt><sln:powNazwa>tatrzański</sln:powNazwa><sln:wojIIPId>dd2e3c64-f861-47cf-a3a3-e7751f272b2f</sln:wojIIPId><sln:wojIIPPn>PL.PZGIK.200</sln:wojIIPPn><sln:wojIIPWersja>2017-10-10T00:00:00+02:00</sln:wojIIPWersja><sln:wojIdTeryt>12</sln:wojIdTeryt><sln:wojNazwa>małopolskie</sln:wojNazwa></sln:miejscowosc><sln:miejscowosc><sln:cyklZyciaOd>2014-12-07T00:00:00+01:00</sln:cyklZyciaOd><sln:gmIIPId>f5c89017-7142-4c12-b5af-f9de434e654a</sln:gmIIPId><sln:gmIIPPn>PL.PZGIK.200</sln:gmIIPPn><sln:gmIIPWersja>2012-09-26T22:13:37+02:00</sln:gmIIPWersja><sln:gmIdTeryt>1217052</sln:gmIdTeryt><sln:gmNazwa>Poronin</sln:gmNazwa><sln:miejscIIPId>60246166-58bb-47c1-abde-12a0f02e8fcc</sln:miejscIIPId><sln:miejscIIPPn>PL.PZGIK.200</sln:miejscIIPPn><sln:miejscIIPWersja>2016-11-24T13:30:24+02:00</sln:miejscIIPWersja><sln:miejscIdTeryt>0468803</sln:miejscIdTeryt><sln:miejscNazwa>Słodyczki</sln:miejscNazwa><sln:miejscRodzaj>Inny obiekt</sln:miejscRodzaj><sln:powIIPId>c0a73975-a7cb-4cb2-88bb-a722b2210347</sln:powIIPId><sln:powIIPPn>PL.PZGIK.200</sln:powIIPPn><sln:powIIPWersja>2017-10-10T00:00:00+02:00</sln:powIIPWersja><sln:powIdTeryt>1217</sln:powIdTeryt><sln:powNazwa>tatrzański</sln:powNazwa><sln:wojIIPId>dd2e3c64-f861-47cf-a3a3-e7751f272b2f</sln:wojIIPId><sln:wojIIPPn>PL.PZGIK.200</sln:wojIIPPn><sln:wojIIPWersja>2017-10-10T00:00:00+02:00</sln:wojIIPWersja><sln:wojIdTeryt>12</sln:wojIdTeryt><sln:wojNazwa>małopolskie</sln:wojNazwa></sln:miejscowosc><sln:miejscowosc><sln:cyklZyciaOd>2014-12-07T00:00:00+01:00</sln:cyklZyciaOd><sln:gmIIPId>f5c89017-7142-4c12-b5af-f9de434e654a</sln:gmIIPId><sln:gmIIPPn>PL.PZGIK.200</sln:gmIIPPn><sln:gmIIPWersja>2012-09-26T22:13:37+02:00</sln:gmIIPWersja><sln:gmIdTeryt>1217052</sln:gmIdTeryt><sln:gmNazwa>Poronin</sln:gmNazwa><sln:miejscIIPId>79ec0859-0bf3-47f5-b9ce-fcf2be20d3fa</sln:miejscIIPId><sln:miejscIIPPn>PL.PZGIK.200</sln:miejscIIPPn><sln:miejscIIPWersja>2016-11-24T13:41:49+02:00</sln:miejscIIPWersja><sln:miejscIdTeryt>0468737</sln:miejscIdTeryt><sln:miejscNazwa>Nowe Bystre</sln:miejscNazwa><sln:miejscRodzaj>Wieś</sln:miejscRodzaj><sln:powIIPId>c0a73975-a7cb-4cb2-88bb-a722b2210347</sln:powIIPId><sln:powIIPPn>PL.PZGIK.200</sln:powIIPPn><sln:powIIPWersja>2017-10-10T00:00:00+02:00</sln:powIIPWersja><sln:powIdTeryt>1217</sln:powIdTeryt><sln:powNazwa>tatrzański</sln:powNazwa><sln:wojIIPId>dd2e3c64-f861-47cf-a3a3-e7751f272b2f</sln:wojIIPId><sln:wojIIPPn>PL.PZGIK.200</sln:wojIIPPn><sln:wojIIPWersja>2017-10-10T00:00:00+02:00</sln:wojIIPWersja><sln:wojIdTeryt>12</sln:wojIdTeryt><sln:wojNazwa>małopolskie</sln:wojNazwa></sln:miejscowosc><sln:miejscowosc><sln:cyklZyciaOd>2014-12-07T00:00:00+01:00</sln:cyklZyciaOd><sln:gmIIPId>f5c89017-7142-4c12-b5af-f9de434e654a</sln:gmIIPId><sln:gmIIPPn>PL.PZGIK.200</sln:gmIIPPn><sln:gmIIPWersja>2012-09-26T22:13:37+02:00</sln:gmIIPWersja><sln:gmIdTeryt>1217052</sln:gmIdTeryt><sln:gmNazwa>Poronin</sln:gmNazwa><sln:miejscIIPId>6cebad48-8da7-49e9-a700-706fdbd76876</sln:miejscIIPId><sln:miejscIIPPn>PL.PZGIK.200</sln:miejscIIPPn><sln:miejscIIPWersja>2016-11-24T13:39:58+02:00</sln:miejscIIPWersja><sln:miejscIdTeryt>0468690</sln:miejscIdTeryt><sln:miejscNazwa>Murzasichle</sln:miejscNazwa><sln:miejscRodzaj>Wieś</sln:miejscRodzaj><sln:powIIPId>c0a73975-a7cb-4cb2-88bb-a722b2210347</sln:powIIPId><sln:powIIPPn>PL.PZGIK.200</sln:powIIPPn><sln:powIIPWersja>2017-10-10T00:00:00+02:00</sln:powIIPWersja><sln:powIdTeryt>1217</sln:powIdTeryt><sln:powNazwa>tatrzański</sln:powNazwa><sln:wojIIPId>dd2e3c64-f861-47cf-a3a3-e7751f272b2f</sln:wojIIPId><sln:wojIIPPn>PL.PZGIK.200</sln:wojIIPPn><sln:wojIIPWersja>2017-10-10T00:00:00+02:00</sln:wojIIPWersja><sln:wojIdTeryt>12</sln:wojIdTeryt><sln:wojNazwa>małopolskie</sln:wojNazwa></sln:miejscowosc><sln:miejscowosc><sln:cyklZyciaOd>2014-12-07T00:00:00+01:00</sln:cyklZyciaOd><sln:gmIIPId>f5c89017-7142-4c12-b5af-f9de434e654a</sln:gmIIPId><sln:gmIIPPn>PL.PZGIK.200</sln:gmIIPPn><sln:gmIIPWersja>2012-09-26T22:13:37+02:00</sln:gmIIPWersja><sln:gmIdTeryt>1217052</sln:gmIdTeryt><sln:gmNazwa>Poronin</sln:gmNazwa><sln:miejscIIPId>8b5408bc-f6fc-48e1-8a77-2fbcc8832faa</sln:miejscIIPId><sln:miejscIIPPn>PL.PZGIK.200</sln:miejscIIPPn><sln:miejscIIPWersja>2016-11-24T13:30:25+02:00</sln:miejscIIPWersja><sln:miejscIdTeryt>0468832</sln:miejscIdTeryt><sln:miejscNazwa>Kośne Hamry</sln:miejscNazwa><sln:miejscRodzaj>Inny obiekt</sln:miejscRodzaj><sln:powIIPId>c0a73975-a7cb-4cb2-88bb-a722b2210347</sln:powIIPId><sln:powIIPPn>PL.PZGIK.200</sln:powIIPPn><sln:powIIPWersja>2017-10-10T00:00:00+02:00</sln:powIIPWersja><sln:powIdTeryt>1217</sln:powIdTeryt><sln:powNazwa>tatrzański</sln:powNazwa><sln:wojIIPId>dd2e3c64-f861-47cf-a3a3-e7751f272b2f</sln:wojIIPId><sln:wojIIPPn>PL.PZGIK.200</sln:wojIIPPn><sln:wojIIPWersja>2017-10-10T00:00:00+02:00</sln:wojIIPWersja><sln:wojIdTeryt>12</sln:wojIdTeryt><sln:wojNazwa>małopolskie</sln:wojNazwa></sln:miejscowosc><sln:miejscowosc><sln:cyklZyciaOd>2014-12-07T00:00:00+01:00</sln:cyklZyciaOd><sln:gmIIPId>f5c89017-7142-4c12-b5af-f9de434e654a</sln:gmIIPId><sln:gmIIPPn>PL.PZGIK.200</sln:gmIIPPn><sln:gmIIPWersja>2012-09-26T22:13:37+02:00</sln:gmIIPWersja><sln:gmIdTeryt>1217052</sln:gmIdTeryt><sln:gmNazwa>Poronin</sln:gmNazwa><sln:miejscIIPId>ea2c45b0-9b38-4c5b-8cb3-d5ac4dc0b2ea</sln:miejscIIPId><sln:miejscIIPPn>PL.PZGIK.200</sln:miejscIIPPn><sln:miejscIIPWersja>2016-11-24T13:30:25+02:00</sln:miejscIIPWersja><sln:miejscIdTeryt>1053501</sln:miejscIdTeryt><sln:miejscNazwa>Zadnia Polana</sln:miejscNazwa><sln:miejscRodzaj>Inny obiekt</sln:miejscRodzaj><sln:powIIPId>c0a73975-a7cb-4cb2-88bb-a722b2210347</sln:powIIPId><sln:powIIPPn>PL.PZGIK.200</sln:powIIPPn><sln:powIIPWersja>2017-10-10T00:00:00+02:00</sln:powIIPWersja><sln:powIdTeryt>1217</sln:powIdTeryt><sln:powNazwa>tatrzański</sln:powNazwa><sln:wojIIPId>dd2e3c64-f861-47cf-a3a3-e7751f272b2f</sln:wojIIPId><sln:wojIIPPn>PL.PZGIK.200</sln:wojIIPPn><sln:wojIIPWersja>2017-10-10T00:00:00+02:00</sln:wojIIPWersja><sln:wojIdTeryt>12</sln:wojIdTeryt><sln:wojNazwa>małopolskie</sln:wojNazwa></sln:miejscowosc><sln:miejscowosc><sln:cyklZyciaOd>2014-12-07T00:00:00+01:00</sln:cyklZyciaOd><sln:gmIIPId>f5c89017-7142-4c12-b5af-f9de434e654a</sln:gmIIPId><sln:gmIIPPn>PL.PZGIK.200</sln:gmIIPPn><sln:gmIIPWersja>2012-09-26T22:13:37+02:00</sln:gmIIPWersja><sln:gmIdTeryt>1217052</sln:gmIdTeryt><sln:gmNazwa>Poronin</sln:gmNazwa><sln:miejscIIPId>16ad2d4e-a3e1-484b-a64a-9cb0c15ec074</sln:miejscIIPId><sln:miejscIIPPn>PL.PZGIK.200</sln:miejscIIPPn><sln:miejscIIPWersja>2016-11-24T13:30:25+02:00</sln:miejscIIPWersja><sln:miejscIdTeryt>1053263</sln:miejscIdTeryt><sln:miejscNazwa>Cipki</sln:miejscNazwa><sln:miejscRodzaj>Inny obiekt</sln:miejscRodzaj><sln:powIIPId>c0a73975-a7cb-4cb2-88bb-a722b2210347</sln:powIIPId><sln:powIIPPn>PL.PZGIK.200</sln:powIIPPn><sln:powIIPWersja>2017-10-10T00:00:00+02:00</sln:powIIPWersja><sln:powIdTeryt>1217</sln:powIdTeryt><sln:powNazwa>tatrzański</sln:powNazwa><sln:wojIIPId>dd2e3c64-f861-47cf-a3a3-e7751f272b2f</sln:wojIIPId><sln:wojIIPPn>PL.PZGIK.200</sln:wojIIPPn><sln:wojIIPWersja>2017-10-10T00:00:00+02:00</sln:wojIIPWersja><sln:wojIdTeryt>12</sln:wojIdTeryt><sln:wojNazwa>małopolskie</sln:wojNazwa></sln:miejscowosc><sln:miejscowosc><sln:cyklZyciaOd>2014-12-07T00:00:00+01:00</sln:cyklZyciaOd><sln:gmIIPId>f5c89017-7142-4c12-b5af-f9de434e654a</sln:gmIIPId><sln:gmIIPPn>PL.PZGIK.200</sln:gmIIPPn><sln:gmIIPWersja>2012-09-26T22:13:37+02:00</sln:gmIIPWersja><sln:gmIdTeryt>1217052</sln:gmIdTeryt><sln:gmNazwa>Poronin</sln:gmNazwa><sln:miejscIIPId>7b492983-5fbb-461c-8c86-7779f67afb41</sln:miejscIIPId><sln:miejscIIPPn>PL.PZGIK.200</sln:miejscIIPPn><sln:miejscIIPWersja>2016-11-24T13:30:25+02:00</sln:miejscIIPWersja><sln:miejscIdTeryt>0468683</sln:miejscIdTeryt><sln:miejscNazwa>Zgorzelisko</sln:miejscNazwa><sln:miejscRodzaj>Inny obiekt</sln:miejscRodzaj><sln:powIIPId>c0a73975-a7cb-4cb2-88bb-a722b2210347</sln:powIIPId><sln:powIIPPn>PL.PZGIK.200</sln:powIIPPn><sln:powIIPWersja>2017-10-10T00:00:00+02:00</sln:powIIPWersja><sln:powIdTeryt>1217</sln:powIdTeryt><sln:powNazwa>tatrzański</sln:powNazwa><sln:wojIIPId>dd2e3c64-f861-47cf-a3a3-e7751f272b2f</sln:wojIIPId><sln:wojIIPPn>PL.PZGIK.200</sln:wojIIPPn><sln:wojIIPWersja>2017-10-10T00:00:00+02:00</sln:wojIIPWersja><sln:wojIdTeryt>12</sln:wojIdTeryt><sln:wojNazwa>małopolskie</sln:wojNazwa></sln:miejscowosc><sln:miejscowosc><sln:cyklZyciaOd>2014-12-07T00:00:00+01:00</sln:cyklZyciaOd><sln:gmIIPId>f5c89017-7142-4c12-b5af-f9de434e654a</sln:gmIIPId><sln:gmIIPPn>PL.PZGIK.200</sln:gmIIPPn><sln:gmIIPWersja>2012-09-26T22:13:37+02:00</sln:gmIIPWersja><sln:gmIdTeryt>1217052</sln:gmIdTeryt><sln:gmNazwa>Poronin</sln:gmNazwa><sln:miejscIIPId>90839652-b599-406c-a748-eab1d414df5c</sln:miejscIIPId><sln:miejscIIPPn>PL.PZGIK.200</sln:miejscIIPPn><sln:miejscIIPWersja>2016-11-24T13:30:25+02:00</sln:miejscIIPWersja><sln:miejscIdTeryt>1053381</sln:miejscIdTeryt><sln:miejscNazwa>Ligasówka</sln:miejscNazwa><sln:miejscRodzaj>Inny obiekt</sln:miejscRodzaj><sln:powIIPId>c0a73975-a7cb-4cb2-88bb-a722b2210347</sln:powIIPId><sln:powIIPPn>PL.PZGIK.200</sln:powIIPPn><sln:powIIPWersja>2017-10-10T00:00:00+02:00</sln:powIIPWersja><sln:powIdTeryt>1217</sln:powIdTeryt><sln:powNazwa>tatrzański</sln:powNazwa><sln:wojIIPId>dd2e3c64-f861-47cf-a3a3-e7751f272b2f</sln:wojIIPId><sln:wojIIPPn>PL.PZGIK.200</sln:wojIIPPn><sln:wojIIPWersja>2017-10-10T00:00:00+02:00</sln:wojIIPWersja><sln:wojIdTeryt>12</sln:wojIdTeryt><sln:wojNazwa>małopolskie</sln:wojNazwa></sln:miejscowosc><sln:miejscowosc><sln:cyklZyciaOd>2014-12-07T00:00:00+01:00</sln:cyklZyciaOd><sln:gmIIPId>f5c89017-7142-4c12-b5af-f9de434e654a</sln:gmIIPId><sln:gmIIPPn>PL.PZGIK.200</sln:gmIIPPn><sln:gmIIPWersja>2012-09-26T22:13:37+02:00</sln:gmIIPWersja><sln:gmIdTeryt>1217052</sln:gmIdTeryt><sln:gmNazwa>Poronin</sln:gmNazwa><sln:miejscIIPId>561837d5-477a-4b9c-8a3a-52e3a9ba79f3</sln:miejscIIPId><sln:miejscIIPPn>PL.PZGIK.200</sln:miejscIIPPn><sln:miejscIIPWersja>2016-11-24T13:30:24+02:00</sln:miejscIIPWersja><sln:miejscIdTeryt>0468855</sln:miejscIdTeryt><sln:miejscNazwa>Stasikówka</sln:miejscNazwa><sln:miejscRodzaj>Inny obiekt</sln:miejscRodzaj><sln:powIIPId>c0a73975-a7cb-4cb2-88bb-a722b2210347</sln:powIIPId><sln:powIIPPn>PL.PZGIK.200</sln:powIIPPn><sln:powIIPWersja>2017-10-10T00:00:00+02:00</sln:powIIPWersja><sln:powIdTeryt>1217</sln:powIdTeryt><sln:powNazwa>tatrzański</sln:powNazwa><sln:wojIIPId>dd2e3c64-f861-47cf-a3a3-e7751f272b2f</sln:wojIIPId><sln:wojIIPPn>PL.PZGIK.200</sln:wojIIPPn><sln:wojIIPWersja>2017-10-10T00:00:00+02:00</sln:wojIIPWersja><sln:wojIdTeryt>12</sln:wojIdTeryt><sln:wojNazwa>małopolskie</sln:wojNazwa></sln:miejscowosc><sln:miejscowosc><sln:cyklZyciaOd>2014-12-07T00:00:00+01:00</sln:cyklZyciaOd><sln:gmIIPId>f5c89017-7142-4c12-b5af-f9de434e654a</sln:gmIIPId><sln:gmIIPPn>PL.PZGIK.200</sln:gmIIPPn><sln:gmIIPWersja>2012-09-26T22:13:37+02:00</sln:gmIIPWersja><sln:gmIdTeryt>1217052</sln:gmIdTeryt><sln:gmNazwa>Poronin</sln:gmNazwa><sln:miejscIIPId>ba7d5ffb-b3d6-4004-96d0-b29caed8e44e</sln:miejscIIPId><sln:miejscIIPPn>PL.PZGIK.200</sln:miejscIIPPn><sln:miejscIIPWersja>2016-11-24T13:30:25+02:00</sln:miejscIIPWersja><sln:miejscIdTeryt>0468826</sln:miejscIdTeryt><sln:miejscNazwa>Jesionkówka</sln:miejscNazwa><sln:miejscRodzaj>Inny obiekt</sln:miejscRodzaj><sln:powIIPId>c0a73975-a7cb-4cb2-88bb-a722b2210347</sln:powIIPId><sln:powIIPPn>PL.PZGIK.200</sln:powIIPPn><sln:powIIPWersja>2017-10-10T00:00:00+02:00</sln:powIIPWersja><sln:powIdTeryt>1217</sln:powIdTeryt><sln:powNazwa>tatrzański</sln:powNazwa><sln:wojIIPId>dd2e3c64-f861-47cf-a3a3-e7751f272b2f</sln:wojIIPId><sln:wojIIPPn>PL.PZGIK.200</sln:wojIIPPn><sln:wojIIPWersja>2017-10-10T00:00:00+02:00</sln:wojIIPWersja><sln:wojIdTeryt>12</sln:wojIdTeryt><sln:wojNazwa>małopolskie</sln:wojNazwa></sln:miejscowosc><sln:miejscowosc><sln:cyklZyciaOd>2014-12-07T00:00:00+01:00</sln:cyklZyciaOd><sln:gmIIPId>f5c89017-7142-4c12-b5af-f9de434e654a</sln:gmIIPId><sln:gmIIPPn>PL.PZGIK.200</sln:gmIIPPn><sln:gmIIPWersja>2012-09-26T22:13:37+02:00</sln:gmIIPWersja><sln:gmIdTeryt>1217052</sln:gmIdTeryt><sln:gmNazwa>Poronin</sln:gmNazwa><sln:miejscIIPId>01cd6219-2d0c-4a1c-9b03-5fca39fd430c</sln:miejscIIPId><sln:miejscIIPPn>PL.PZGIK.200</sln:miejscIIPPn><sln:miejscIIPWersja>2016-11-24T13:30:25+02:00</sln:miejscIIPWersja><sln:miejscIdTeryt>0468708</sln:miejscIdTeryt><sln:miejscNazwa>Błociska</sln:miejscNazwa><sln:miejscRodzaj>Inny obiekt</sln:miejscRodzaj><sln:powIIPId>c0a73975-a7cb-4cb2-88bb-a722b2210347</sln:powIIPId><sln:powIIPPn>PL.PZGIK.200</sln:powIIPPn><sln:powIIPWersja>2017-10-10T00:00:00+02:00</sln:powIIPWersja><sln:powIdTeryt>1217</sln:powIdTeryt><sln:powNazwa>tatrzański</sln:powNazwa><sln:wojIIPId>dd2e3c64-f861-47cf-a3a3-e7751f272b2f</sln:wojIIPId><sln:wojIIPPn>PL.PZGIK.200</sln:wojIIPPn><sln:wojIIPWersja>2017-10-10T00:00:00+02:00</sln:wojIIPWersja><sln:wojIdTeryt>12</sln:wojIdTeryt><sln:wojNazwa>małopolskie</sln:wojNazwa></sln:miejscowosc><sln:miejscowosc><sln:cyklZyciaOd>2014-12-07T00:00:00+01:00</sln:cyklZyciaOd><sln:gmIIPId>f5c89017-7142-4c12-b5af-f9de434e654a</sln:gmIIPId><sln:gmIIPPn>PL.PZGIK.200</sln:gmIIPPn><sln:gmIIPWersja>2012-09-26T22:13:37+02:00</sln:gmIIPWersja><sln:gmIdTeryt>1217052</sln:gmIdTeryt><sln:gmNazwa>Poronin</sln:gmNazwa><sln:miejscIIPId>df3c3237-c785-499c-8cae-4471570dac95</sln:miejscIIPId><sln:miejscIIPPn>PL.PZGIK.200</sln:miejscIIPPn><sln:miejscIIPWersja>2016-11-24T13:30:24+02:00</sln:miejscIIPWersja><sln:miejscIdTeryt>0468677</sln:miejscIdTeryt><sln:miejscNazwa>Zazadnia Polana</sln:miejscNazwa><sln:miejscRodzaj>Inny obiekt</sln:miejscRodzaj><sln:powIIPId>c0a73975-a7cb-4cb2-88bb-a722b2210347</sln:powIIPId><sln:powIIPPn>PL.PZGIK.200</sln:powIIPPn><sln:powIIPWersja>2017-10-10T00:00:00+02:00</sln:powIIPWersja><sln:powIdTeryt>1217</sln:powIdTeryt><sln:powNazwa>tatrzański</sln:powNazwa><sln:wojIIPId>dd2e3c64-f861-47cf-a3a3-e7751f272b2f</sln:wojIIPId><sln:wojIIPPn>PL.PZGIK.200</sln:wojIIPPn><sln:wojIIPWersja>2017-10-10T00:00:00+02:00</sln:wojIIPWersja><sln:wojIdTeryt>12</sln:wojIdTeryt><sln:wojNazwa>małopolskie</sln:wojNazwa></sln:miejscowosc><sln:miejscowosc><sln:cyklZyciaOd>2014-12-07T00:00:00+01:00</sln:cyklZyciaOd><sln:gmIIPId>f5c89017-7142-4c12-b5af-f9de434e654a</sln:gmIIPId><sln:gmIIPPn>PL.PZGIK.200</sln:gmIIPPn><sln:gmIIPWersja>2012-09-26T22:13:37+02:00</sln:gmIIPWersja><sln:gmIdTeryt>1217052</sln:gmIdTeryt><sln:gmNazwa>Poronin</sln:gmNazwa><sln:miejscIIPId>3283fb85-8e66-4839-a71c-9580dc11f704</sln:miejscIIPId><sln:miejscIIPPn>PL.PZGIK.200</sln:miejscIIPPn><sln:miejscIIPWersja>2016-11-24T13:30:24+02:00</sln:miejscIIPWersja><sln:miejscIdTeryt>0468795</sln:miejscIdTeryt><sln:miejscNazwa>Dudkówka</sln:miejscNazwa><sln:miejscRodzaj>Inny obiekt</sln:miejscRodzaj><sln:powIIPId>c0a73975-a7cb-4cb2-88bb-a722b2210347</sln:powIIPId><sln:powIIPPn>PL.PZGIK.200</sln:powIIPPn><sln:powIIPWersja>2017-10-10T00:00:00+02:00</sln:powIIPWersja><sln:powIdTeryt>1217</sln:powIdTeryt><sln:powNazwa>tatrzański</sln:powNazwa><sln:wojIIPId>dd2e3c64-f861-47cf-a3a3-e7751f272b2f</sln:wojIIPId><sln:wojIIPPn>PL.PZGIK.200</sln:wojIIPPn><sln:wojIIPWersja>2017-10-10T00:00:00+02:00</sln:wojIIPWersja><sln:wojIdTeryt>12</sln:wojIdTeryt><sln:wojNazwa>małopolskie</sln:wojNazwa></sln:miejscowosc><sln:miejscowosc><sln:cyklZyciaOd>2014-12-07T00:00:00+01:00</sln:cyklZyciaOd><sln:gmIIPId>f5c89017-7142-4c12-b5af-f9de434e654a</sln:gmIIPId><sln:gmIIPPn>PL.PZGIK.200</sln:gmIIPPn><sln:gmIIPWersja>2012-09-26T22:13:37+02:00</sln:gmIIPWersja><sln:gmIdTeryt>1217052</sln:gmIdTeryt><sln:gmNazwa>Poronin</sln:gmNazwa><sln:miejscIIPId>f2b29c39-d682-4760-8df0-7736b7eebe83</sln:miejscIIPId><sln:miejscIIPPn>PL.PZGIK.200</sln:miejscIIPPn><sln:miejscIIPWersja>2016-11-24T13:43:00+02:00</sln:miejscIIPWersja><sln:miejscIdTeryt>1053292</sln:miejscIdTeryt><sln:miejscNazwa>Golaczki</sln:miejscNazwa><sln:miejscRodzaj>Inny obiekt</sln:miejscRodzaj><sln:powIIPId>c0a73975-a7cb-4cb2-88bb-a722b2210347</sln:powIIPId><sln:powIIPPn>PL.PZGIK.200</sln:powIIPPn><sln:powIIPWersja>2017-10-10T00:00:00+02:00</sln:powIIPWersja><sln:powIdTeryt>1217</sln:powIdTeryt><sln:powNazwa>tatrzański</sln:powNazwa><sln:wojIIPId>dd2e3c64-f861-47cf-a3a3-e7751f272b2f</sln:wojIIPId><sln:wojIIPPn>PL.PZGIK.200</sln:wojIIPPn><sln:wojIIPWersja>2017-10-10T00:00:00+02:00</sln:wojIIPWersja><sln:wojIdTeryt>12</sln:wojIdTeryt><sln:wojNazwa>małopolskie</sln:wojNazwa></sln:miejscowosc><sln:miejscowosc><sln:cyklZyciaOd>2014-12-07T00:00:00+01:00</sln:cyklZyciaOd><sln:gmIIPId>f5c89017-7142-4c12-b5af-f9de434e654a</sln:gmIIPId><sln:gmIIPPn>PL.PZGIK.200</sln:gmIIPPn><sln:gmIIPWersja>2012-09-26T22:13:37+02:00</sln:gmIIPWersja><sln:gmIdTeryt>1217052</sln:gmIdTeryt><sln:gmNazwa>Poronin</sln:gmNazwa><sln:miejscIIPId>35f8ad1b-6d58-4cf7-9221-35c9075c39e0</sln:miejscIIPId><sln:miejscIIPPn>PL.PZGIK.200</sln:miejscIIPPn><sln:miejscIIPWersja>2016-11-24T13:43:00+02:00</sln:miejscIIPWersja><sln:miejscIdTeryt>1053398</sln:miejscIdTeryt><sln:miejscNazwa>Łacki</sln:miejscNazwa><sln:miejscRodzaj>Inny obiekt</sln:miejscRodzaj><sln:powIIPId>c0a73975-a7cb-4cb2-88bb-a722b2210347</sln:powIIPId><sln:powIIPPn>PL.PZGIK.200</sln:powIIPPn><sln:powIIPWersja>2017-10-10T00:00:00+02:00</sln:powIIPWersja><sln:powIdTeryt>1217</sln:powIdTeryt><sln:powNazwa>tatrzański</sln:powNazwa><sln:wojIIPId>dd2e3c64-f861-47cf-a3a3-e7751f272b2f</sln:wojIIPId><sln:wojIIPPn>PL.PZGIK.200</sln:wojIIPPn><sln:wojIIPWersja>2017-10-10T00:00:00+02:00</sln:wojIIPWersja><sln:wojIdTeryt>12</sln:wojIdTeryt><sln:wojNazwa>małopolskie</sln:wojNazwa></sln:miejscowosc><sln:miejscowosc><sln:cyklZyciaOd>2014-12-07T00:00:00+01:00</sln:cyklZyciaOd><sln:gmIIPId>f5c89017-7142-4c12-b5af-f9de434e654a</sln:gmIIPId><sln:gmIIPPn>PL.PZGIK.200</sln:gmIIPPn><sln:gmIIPWersja>2012-09-26T22:13:37+02:00</sln:gmIIPWersja><sln:gmIdTeryt>1217052</sln:gmIdTeryt><sln:gmNazwa>Poronin</sln:gmNazwa><sln:miejscIIPId>ac02aafc-5fe6-404d-a3c5-0e09f9e85d90</sln:miejscIIPId><sln:miejscIIPPn>PL.PZGIK.200</sln:miejscIIPPn><sln:miejscIIPWersja>2016-11-24T13:43:00+02:00</sln:miejscIIPWersja><sln:miejscIdTeryt>1053369</sln:miejscIdTeryt><sln:miejscNazwa>Kowalówka</sln:miejscNazwa><sln:miejscRodzaj>Inny obiekt</sln:miejscRodzaj><sln:powIIPId>c0a73975-a7cb-4cb2-88bb-a722b2210347</sln:powIIPId><sln:powIIPPn>PL.PZGIK.200</sln:powIIPPn><sln:powIIPWersja>2017-10-10T00:00:00+02:00</sln:powIIPWersja><sln:powIdTeryt>1217</sln:powIdTeryt><sln:powNazwa>tatrzański</sln:powNazwa><sln:wojIIPId>dd2e3c64-f861-47cf-a3a3-e7751f272b2f</sln:wojIIPId><sln:wojIIPPn>PL.PZGIK.200</sln:wojIIPPn><sln:wojIIPWersja>2017-10-10T00:00:00+02:00</sln:wojIIPWersja><sln:wojIdTeryt>12</sln:wojIdTeryt><sln:wojNazwa>małopolskie</sln:wojNazwa></sln:miejscowosc><sln:miejscowosc><sln:cyklZyciaOd>2014-12-07T00:00:00+01:00</sln:cyklZyciaOd><sln:gmIIPId>f5c89017-7142-4c12-b5af-f9de434e654a</sln:gmIIPId><sln:gmIIPPn>PL.PZGIK.200</sln:gmIIPPn><sln:gmIIPWersja>2012-09-26T22:13:37+02:00</sln:gmIIPWersja><sln:gmIdTeryt>1217052</sln:gmIdTeryt><sln:gmNazwa>Poronin</sln:gmNazwa><sln:miejscIIPId>0fb378bb-70c3-4460-967e-84672efcc27f</sln:miejscIIPId><sln:miejscIIPPn>PL.PZGIK.200</sln:miejscIIPPn><sln:miejscIIPWersja>2016-11-24T13:43:00+02:00</sln:miejscIIPWersja><sln:miejscIdTeryt>1053270</sln:miejscIdTeryt><sln:miejscNazwa>Do Laska</sln:miejscNazwa><sln:miejscRodzaj>Inny obiekt</sln:miejscRodzaj><sln:powIIPId>c0a73975-a7cb-4cb2-88bb-a722b2210347</sln:powIIPId><sln:powIIPPn>PL.PZGIK.200</sln:powIIPPn><sln:powIIPWersja>2017-10-10T00:00:00+02:00</sln:powIIPWersja><sln:powIdTeryt>1217</sln:powIdTeryt><sln:powNazwa>tatrzański</sln:powNazwa><sln:wojIIPId>dd2e3c64-f861-47cf-a3a3-e7751f272b2f</sln:wojIIPId><sln:wojIIPPn>PL.PZGIK.200</sln:wojIIPPn><sln:wojIIPWersja>2017-10-10T00:00:00+02:00</sln:wojIIPWersja><sln:wojIdTeryt>12</sln:wojIdTeryt><sln:wojNazwa>małopolskie</sln:wojNazwa></sln:miejscowosc><sln:miejscowosc><sln:cyklZyciaOd>2014-12-07T00:00:00+01:00</sln:cyklZyciaOd><sln:gmIIPId>f5c89017-7142-4c12-b5af-f9de434e654a</sln:gmIIPId><sln:gmIIPPn>PL.PZGIK.200</sln:gmIIPPn><sln:gmIIPWersja>2012-09-26T22:13:37+02:00</sln:gmIIPWersja><sln:gmIdTeryt>1217052</sln:gmIdTeryt><sln:gmNazwa>Poronin</sln:gmNazwa><sln:miejscIIPId>83758ad0-be27-4780-8b78-4a9895c43686</sln:miejscIIPId><sln:miejscIIPPn>PL.PZGIK.200</sln:miejscIIPPn><sln:miejscIIPWersja>2016-11-24T13:43:00+02:00</sln:miejscIIPWersja><sln:miejscIdTeryt>1053317</sln:miejscIdTeryt><sln:miejscNazwa>Jarosze</sln:miejscNazwa><sln:miejscRodzaj>Inny obiekt</sln:miejscRodzaj><sln:powIIPId>c0a73975-a7cb-4cb2-88bb-a722b2210347</sln:powIIPId><sln:powIIPPn>PL.PZGIK.200</sln:powIIPPn><sln:powIIPWersja>2017-10-10T00:00:00+02:00</sln:powIIPWersja><sln:powIdTeryt>1217</sln:powIdTeryt><sln:powNazwa>tatrzański</sln:powNazwa><sln:wojIIPId>dd2e3c64-f861-47cf-a3a3-e7751f272b2f</sln:wojIIPId><sln:wojIIPPn>PL.PZGIK.200</sln:wojIIPPn><sln:wojIIPWersja>2017-10-10T00:00:00+02:00</sln:wojIIPWersja><sln:wojIdTeryt>12</sln:wojIdTeryt><sln:wojNazwa>małopolskie</sln:wojNazwa></sln:miejscowosc><sln:miejscowosc><sln:cyklZyciaOd>2014-12-07T00:00:00+01:00</sln:cyklZyciaOd><sln:gmIIPId>f5c89017-7142-4c12-b5af-f9de434e654a</sln:gmIIPId><sln:gmIIPPn>PL.PZGIK.200</sln:gmIIPPn><sln:gmIIPWersja>2012-09-26T22:13:37+02:00</sln:gmIIPWersja><sln:gmIdTeryt>1217052</sln:gmIdTeryt><sln:gmNazwa>Poronin</sln:gmNazwa><sln:miejscIIPId>f8245010-855a-47a4-a047-89188d92098f</sln:miejscIIPId><sln:miejscIIPPn>PL.PZGIK.200</sln:miejscIIPPn><sln:miejscIIPWersja>2016-11-24T13:43:00+02:00</sln:miejscIIPWersja><sln:miejscIdTeryt>1053352</sln:miejscIdTeryt><sln:miejscNazwa>Kowale</sln:miejscNazwa><sln:miejscRodzaj>Inny obiekt</sln:miejscRodzaj><sln:powIIPId>c0a73975-a7cb-4cb2-88bb-a722b2210347</sln:powIIPId><sln:powIIPPn>PL.PZGIK.200</sln:powIIPPn><sln:powIIPWersja>2017-10-10T00:00:00+02:00</sln:powIIPWersja><sln:powIdTeryt>1217</sln:powIdTeryt><sln:powNazwa>tatrzański</sln:powNazwa><sln:wojIIPId>dd2e3c64-f861-47cf-a3a3-e7751f272b2f</sln:wojIIPId><sln:wojIIPPn>PL.PZGIK.200</sln:wojIIPPn><sln:wojIIPWersja>2017-10-10T00:00:00+02:00</sln:wojIIPWersja><sln:wojIdTeryt>12</sln:wojIdTeryt><sln:wojNazwa>małopolskie</sln:wojNazwa></sln:miejscowosc><sln:miejscowosc><sln:cyklZyciaOd>2014-12-07T00:00:00+01:00</sln:cyklZyciaOd><sln:gmIIPId>f5c89017-7142-4c12-b5af-f9de434e654a</sln:gmIIPId><sln:gmIIPPn>PL.PZGIK.200</sln:gmIIPPn><sln:gmIIPWersja>2012-09-26T22:13:37+02:00</sln:gmIIPWersja><sln:gmIdTeryt>1217052</sln:gmIdTeryt><sln:gmNazwa>Poronin</sln:gmNazwa><sln:miejscIIPId>2c98c7df-2f63-4ff2-935a-401e72cc3edc</sln:miejscIIPId><sln:miejscIIPPn>PL.PZGIK.200</sln:miejscIIPPn><sln:miejscIIPWersja>2016-11-24T13:43:00+02:00</sln:miejscIIPWersja><sln:miejscIdTeryt>1053458</sln:miejscIdTeryt><sln:miejscNazwa>Staszle</sln:miejscNazwa><sln:miejscRodzaj>Inny obiekt</sln:miejscRodzaj><sln:powIIPId>c0a73975-a7cb-4cb2-88bb-a722b2210347</sln:powIIPId><sln:powIIPPn>PL.PZGIK.200</sln:powIIPPn><sln:powIIPWersja>2017-10-10T00:00:00+02:00</sln:powIIPWersja><sln:powIdTeryt>1217</sln:powIdTeryt><sln:powNazwa>tatrzański</sln:powNazwa><sln:wojIIPId>dd2e3c64-f861-47cf-a3a3-e7751f272b2f</sln:wojIIPId><sln:wojIIPPn>PL.PZGIK.200</sln:wojIIPPn><sln:wojIIPWersja>2017-10-10T00:00:00+02:00</sln:wojIIPWersja><sln:wojIdTeryt>12</sln:wojIdTeryt><sln:wojNazwa>małopolskie</sln:wojNazwa></sln:miejscowosc><sln:miejscowosc><sln:cyklZyciaOd>2014-12-07T00:00:00+01:00</sln:cyklZyciaOd><sln:gmIIPId>f5c89017-7142-4c12-b5af-f9de434e654a</sln:gmIIPId><sln:gmIIPPn>PL.PZGIK.200</sln:gmIIPPn><sln:gmIIPWersja>2012-09-26T22:13:37+02:00</sln:gmIIPWersja><sln:gmIdTeryt>1217052</sln:gmIdTeryt><sln:gmNazwa>Poronin</sln:gmNazwa><sln:miejscIIPId>4df69eb6-4177-4ca6-8441-cb12cf721ef2</sln:miejscIIPId><sln:miejscIIPPn>PL.PZGIK.200</sln:miejscIIPPn><sln:miejscIIPWersja>2016-11-24T13:43:00+02:00</sln:miejscIIPWersja><sln:miejscIdTeryt>0468714</sln:miejscIdTeryt><sln:miejscNazwa>Budzów</sln:miejscNazwa><sln:miejscRodzaj>Inny obiekt</sln:miejscRodzaj><sln:powIIPId>c0a73975-a7cb-4cb2-88bb-a722b2210347</sln:powIIPId><sln:powIIPPn>PL.PZGIK.200</sln:powIIPPn><sln:powIIPWersja>2017-10-10T00:00:00+02:00</sln:powIIPWersja><sln:powIdTeryt>1217</sln:powIdTeryt><sln:powNazwa>tatrzański</sln:powNazwa><sln:wojIIPId>dd2e3c64-f861-47cf-a3a3-e7751f272b2f</sln:wojIIPId><sln:wojIIPPn>PL.PZGIK.200</sln:wojIIPPn><sln:wojIIPWersja>2017-10-10T00:00:00+02:00</sln:wojIIPWersja><sln:wojIdTeryt>12</sln:wojIdTeryt><sln:wojNazwa>małopolskie</sln:wojNazwa></sln:miejscowosc><sln:miejscowosc><sln:cyklZyciaOd>2014-12-07T00:00:00+01:00</sln:cyklZyciaOd><sln:gmIIPId>f5c89017-7142-4c12-b5af-f9de434e654a</sln:gmIIPId><sln:gmIIPPn>PL.PZGIK.200</sln:gmIIPPn><sln:gmIIPWersja>2012-09-26T22:13:37+02:00</sln:gmIIPWersja><sln:gmIdTeryt>1217052</sln:gmIdTeryt><sln:gmNazwa>Poronin</sln:gmNazwa><sln:miejscIIPId>36adf436-f282-4ff9-8f53-c2f41a8021a1</sln:miejscIIPId><sln:miejscIIPPn>PL.PZGIK.200</sln:miejscIIPPn><sln:miejscIIPWersja>2016-11-24T13:30:25+02:00</sln:miejscIIPWersja><sln:miejscIdTeryt>1053406</sln:miejscIdTeryt><sln:miejscNazwa>Maciużnia</sln:miejscNazwa><sln:miejscRodzaj>Inny obiekt</sln:miejscRodzaj><sln:powIIPId>c0a73975-a7cb-4cb2-88bb-a722b2210347</sln:powIIPId><sln:powIIPPn>PL.PZGIK.200</sln:powIIPPn><sln:powIIPWersja>2017-10-10T00:00:00+02:00</sln:powIIPWersja><sln:powIdTeryt>1217</sln:powIdTeryt><sln:powNazwa>tatrzański</sln:powNazwa><sln:wojIIPId>dd2e3c64-f861-47cf-a3a3-e7751f272b2f</sln:wojIIPId><sln:wojIIPPn>PL.PZGIK.200</sln:wojIIPPn><sln:wojIIPWersja>2017-10-10T00:00:00+02:00</sln:wojIIPWersja><sln:wojIdTeryt>12</sln:wojIdTeryt><sln:wojNazwa>małopolskie</sln:wojNazwa></sln:miejscowosc><sln:miejscowosc><sln:cyklZyciaOd>2014-12-07T00:00:00+01:00</sln:cyklZyciaOd><sln:gmIIPId>f5c89017-7142-4c12-b5af-f9de434e654a</sln:gmIIPId><sln:gmIIPPn>PL.PZGIK.200</sln:gmIIPPn><sln:gmIIPWersja>2012-09-26T22:13:37+02:00</sln:gmIIPWersja><sln:gmIdTeryt>1217052</sln:gmIdTeryt><sln:gmNazwa>Poronin</sln:gmNazwa><sln:miejscIIPId>55521fe1-cd21-47ea-9dd5-3c495058200d</sln:miejscIIPId><sln:miejscIIPPn>PL.PZGIK.200</sln:miejscIIPPn><sln:miejscIIPWersja>2016-11-24T13:38:50+02:00</sln:miejscIIPWersja><sln:miejscIdTeryt>0468418</sln:miejscIdTeryt><sln:miejscNazwa>Bustryk</sln:miejscNazwa><sln:miejscRodzaj>Wieś</sln:miejscRodzaj><sln:powIIPId>c0a73975-a7cb-4cb2-88bb-a722b2210347</sln:powIIPId><sln:powIIPPn>PL.PZGIK.200</sln:powIIPPn><sln:powIIPWersja>2017-10-10T00:00:00+02:00</sln:powIIPWersja><sln:powIdTeryt>1217</sln:powIdTeryt><sln:powNazwa>tatrzański</sln:powNazwa><sln:wojIIPId>dd2e3c64-f861-47cf-a3a3-e7751f272b2f</sln:wojIIPId><sln:wojIIPPn>PL.PZGIK.200</sln:wojIIPPn><sln:wojIIPWersja>2017-10-10T00:00:00+02:00</sln:wojIIPWersja><sln:wojIdTeryt>12</sln:wojIdTeryt><sln:wojNazwa>małopolskie</sln:wojNazwa></sln:miejscowosc><sln:miejscowosc><sln:cyklZyciaOd>2014-12-07T00:00:00+01:00</sln:cyklZyciaOd><sln:gmIIPId>f5c89017-7142-4c12-b5af-f9de434e654a</sln:gmIIPId><sln:gmIIPPn>PL.PZGIK.200</sln:gmIIPPn><sln:gmIIPWersja>2012-09-26T22:13:37+02:00</sln:gmIIPWersja><sln:gmIdTeryt>1217052</sln:gmIdTeryt><sln:gmNazwa>Poronin</sln:gmNazwa><sln:miejscIIPId>cf9f9e3e-b2f3-4478-bc50-958339e8ecac</sln:miejscIIPId><sln:miejscIIPPn>PL.PZGIK.200</sln:miejscIIPPn><sln:miejscIIPWersja>2016-11-24T13:30:23+02:00</sln:miejscIIPWersja><sln:miejscIdTeryt>0468878</sln:miejscIdTeryt><sln:miejscNazwa>Rafaczówki</sln:miejscNazwa><sln:miejscRodzaj>Inny obiekt</sln:miejscRodzaj><sln:powIIPId>c0a73975-a7cb-4cb2-88bb-a722b2210347</sln:powIIPId><sln:powIIPPn>PL.PZGIK.200</sln:powIIPPn><sln:powIIPWersja>2017-10-10T00:00:00+02:00</sln:powIIPWersja><sln:powIdTeryt>1217</sln:powIdTeryt><sln:powNazwa>tatrzański</sln:powNazwa><sln:wojIIPId>dd2e3c64-f861-47cf-a3a3-e7751f272b2f</sln:wojIIPId><sln:wojIIPPn>PL.PZGIK.200</sln:wojIIPPn><sln:wojIIPWersja>2017-10-10T00:00:00+02:00</sln:wojIIPWersja><sln:wojIdTeryt>12</sln:wojIdTeryt><sln:wojNazwa>małopolskie</sln:wojNazwa></sln:miejscowosc><sln:miejscowosc><sln:cyklZyciaOd>2014-12-07T00:00:00+01:00</sln:cyklZyciaOd><sln:gmIIPId>f5c89017-7142-4c12-b5af-f9de434e654a</sln:gmIIPId><sln:gmIIPPn>PL.PZGIK.200</sln:gmIIPPn><sln:gmIIPWersja>2012-09-26T22:13:37+02:00</sln:gmIIPWersja><sln:gmIdTeryt>1217052</sln:gmIdTeryt><sln:gmNazwa>Poronin</sln:gmNazwa><sln:miejscIIPId>e6e2a48f-585f-4f94-809d-f36858c40ba2</sln:miejscIIPId><sln:miejscIIPPn>PL.PZGIK.200</sln:miejscIIPPn><sln:miejscIIPWersja>2016-11-24T13:30:25+02:00</sln:miejscIIPWersja><sln:miejscIdTeryt>1053429</sln:miejscIdTeryt><sln:miejscNazwa>Naglaki</sln:miejscNazwa><sln:miejscRodzaj>Inny obiekt</sln:miejscRodzaj><sln:powIIPId>c0a73975-a7cb-4cb2-88bb-a722b2210347</sln:powIIPId><sln:powIIPPn>PL.PZGIK.200</sln:powIIPPn><sln:powIIPWersja>2017-10-10T00:00:00+02:00</sln:powIIPWersja><sln:powIdTeryt>1217</sln:powIdTeryt><sln:powNazwa>tatrzański</sln:powNazwa><sln:wojIIPId>dd2e3c64-f861-47cf-a3a3-e7751f272b2f</sln:wojIIPId><sln:wojIIPPn>PL.PZGIK.200</sln:wojIIPPn><sln:wojIIPWersja>2017-10-10T00:00:00+02:00</sln:wojIIPWersja><sln:wojIdTeryt>12</sln:wojIdTeryt><sln:wojNazwa>małopolskie</sln:wojNazwa></sln:miejscowosc><sln:miejscowosc><sln:cyklZyciaOd>2014-12-07T00:00:00+01:00</sln:cyklZyciaOd><sln:gmIIPId>f5c89017-7142-4c12-b5af-f9de434e654a</sln:gmIIPId><sln:gmIIPPn>PL.PZGIK.200</sln:gmIIPPn><sln:gmIIPWersja>2012-09-26T22:13:37+02:00</sln:gmIIPWersja><sln:gmIdTeryt>1217052</sln:gmIdTeryt><sln:gmNazwa>Poronin</sln:gmNazwa><sln:miejscIIPId>b7da63ea-d977-4289-b474-d28b04b0e44c</sln:miejscIIPId><sln:miejscIIPPn>PL.PZGIK.200</sln:miejscIIPPn><sln:miejscIIPWersja>2016-11-24T13:30:25+02:00</sln:miejscIIPWersja><sln:miejscIdTeryt>1053487</sln:miejscIdTeryt><sln:miejscNazwa>Tarasówka</sln:miejscNazwa><sln:miejscRodzaj>Inny obiekt</sln:miejscRodzaj><sln:powIIPId>c0a73975-a7cb-4cb2-88bb-a722b2210347</sln:powIIPId><sln:powIIPPn>PL.PZGIK.200</sln:powIIPPn><sln:powIIPWersja>2017-10-10T00:00:00+02:00</sln:powIIPWersja><sln:powIdTeryt>1217</sln:powIdTeryt><sln:powNazwa>tatrzański</sln:powNazwa><sln:wojIIPId>dd2e3c64-f861-47cf-a3a3-e7751f272b2f</sln:wojIIPId><sln:wojIIPPn>PL.PZGIK.200</sln:wojIIPPn><sln:wojIIPWersja>2017-10-10T00:00:00+02:00</sln:wojIIPWersja><sln:wojIdTeryt>12</sln:wojIdTeryt><sln:wojNazwa>małopolskie</sln:wojNazwa></sln:miejscowosc><sln:miejscowosc><sln:cyklZyciaOd>2014-12-07T00:00:00+01:00</sln:cyklZyciaOd><sln:gmIIPId>f5c89017-7142-4c12-b5af-f9de434e654a</sln:gmIIPId><sln:gmIIPPn>PL.PZGIK.200</sln:gmIIPPn><sln:gmIIPWersja>2012-09-26T22:13:37+02:00</sln:gmIIPWersja><sln:gmIdTeryt>1217052</sln:gmIdTeryt><sln:gmNazwa>Poronin</sln:gmNazwa><sln:miejscIIPId>1160bdbb-3113-4053-918b-782e7b85475f</sln:miejscIIPId><sln:miejscIIPPn>PL.PZGIK.200</sln:miejscIIPPn><sln:miejscIIPWersja>2016-11-24T13:30:24+02:00</sln:miejscIIPWersja><sln:miejscIdTeryt>1053323</sln:miejscIdTeryt><sln:miejscNazwa>Jarząbki</sln:miejscNazwa><sln:miejscRodzaj>Inny obiekt</sln:miejscRodzaj><sln:powIIPId>c0a73975-a7cb-4cb2-88bb-a722b2210347</sln:powIIPId><sln:powIIPPn>PL.PZGIK.200</sln:powIIPPn><sln:powIIPWersja>2017-10-10T00:00:00+02:00</sln:powIIPWersja><sln:powIdTeryt>1217</sln:powIdTeryt><sln:powNazwa>tatrzański</sln:powNazwa><sln:wojIIPId>dd2e3c64-f861-47cf-a3a3-e7751f272b2f</sln:wojIIPId><sln:wojIIPPn>PL.PZGIK.200</sln:wojIIPPn><sln:wojIIPWersja>2017-10-10T00:00:00+02:00</sln:wojIIPWersja><sln:wojIdTeryt>12</sln:wojIdTeryt><sln:wojNazwa>małopolskie</sln:wojNazwa></sln:miejscowosc></sln:lista-miejscowosci>