<?xml version="1.0" encoding="UTF-8" standalone="yes"?><sln:lista-miejscowosci xmlns:srv="http://gugik.gov.pl/schemas/slowniki-service/1.0" xmlns:sln="http://gugik.gov.pl/schemas/slowniki-schema/1.0"><sln:miejscowosc><sln:cyklZyciaOd>2016-11-02T00:00:00+01:00</sln:cyklZyciaOd><sln:gmIIPId>1713ed99-0704-481d-b70a-c6c927e648d5</sln:gmIIPId><sln:gmIIPPn>PL.PZGIK.200</sln:gmIIPPn><sln:gmIIPWersja>2012-09-26T22:08:26+02:00</sln:gmIIPWersja><sln:gmIdTeryt>1202072</sln:gmIdTeryt><sln:gmNazwa>Szczurowa</sln:gmNazwa><sln:miejscIIPId>58e3b77c-dfe9-4fd7-bbfd-23b61b02e5df</sln:miejscIIPId><sln:miejscIIPPn>PL.PZGIK.200</sln:miejscIIPPn><sln:miejscIIPWersja>2016-11-24T13:21:10+02:00</sln:miejscIIPWersja><sln:miejscIdTeryt>0831793</sln:miejscIdTeryt><sln:miejscNazwa>Rylowa</sln:miejscNazwa><sln:miejscRodzaj>Wieś</sln:miejscRodzaj><sln:powIIPId>8d0b0a85-17f0-4358-98a4-d312d6212b93</sln:powIIPId><sln:powIIPPn>PL.PZGIK.200</sln:powIIPPn><sln:powIIPWersja>2012-09-27T07:52:00+02:00</sln:powIIPWersja><sln:powIdTeryt>1202</sln:powIdTeryt><sln:powNazwa>brzeski</sln:powNazwa><sln:waznyOd>2016-11-02T00:00:00+01:00</sln:waznyOd><sln:wojIIPId>dd2e3c64-f861-47cf-a3a3-e7751f272b2f</sln:wojIIPId><sln:wojIIPPn>PL.PZGIK.200</sln:wojIIPPn><sln:wojIIPWersja>2017-10-10T00:00:00+02:00</sln:wojIIPWersja><sln:wojIdTeryt>12</sln:wojIdTeryt><sln:wojNazwa>małopolskie</sln:wojNazwa></sln:miejscowosc><sln:miejscowosc><sln:cyklZyciaOd>2016-11-02T00:00:00+01:00</sln:cyklZyciaOd><sln:gmIIPId>1713ed99-0704-481d-b70a-c6c927e648d5</sln:gmIIPId><sln:gmIIPPn>PL.PZGIK.200</sln:gmIIPPn><sln:gmIIPWersja>2012-09-26T22:08:26+02:00</sln:gmIIPWersja><sln:gmIdTeryt>1202072</sln:gmIdTeryt><sln:gmNazwa>Szczurowa</sln:gmNazwa><sln:miejscIIPId>338e4492-eddf-4d52-8fc0-0f53895d54e6</sln:miejscIIPId><sln:miejscIIPPn>PL.PZGIK.200</sln:miejscIIPPn><sln:miejscIIPWersja>2016-11-24T13:21:10+02:00</sln:miejscIIPWersja><sln:miejscIdTeryt>0831741</sln:miejscIdTeryt><sln:miejscNazwa>Rudy-Rysie</sln:miejscNazwa><sln:miejscRodzaj>Wieś</sln:miejscRodzaj><sln:powIIPId>8d0b0a85-17f0-4358-98a4-d312d6212b93</sln:powIIPId><sln:powIIPPn>PL.PZGIK.200</sln:powIIPPn><sln:powIIPWersja>2012-09-27T07:52:00+02:00</sln:powIIPWersja><sln:powIdTeryt>1202</sln:powIdTeryt><sln:powNazwa>brzeski</sln:powNazwa><sln:waznyOd>2016-11-02T00:00:00+01:00</sln:waznyOd><sln:wojIIPId>dd2e3c64-f861-47cf-a3a3-e7751f272b2f</sln:wojIIPId><sln:wojIIPPn>PL.PZGIK.200</sln:wojIIPPn><sln:wojIIPWersja>2017-10-10T00:00:00+02:00</sln:wojIIPWersja><sln:wojIdTeryt>12</sln:wojIdTeryt><sln:wojNazwa>małopolskie</sln:wojNazwa></sln:miejscowosc><sln:miejscowosc><sln:cyklZyciaOd>2016-11-02T00:00:00+01:00</sln:cyklZyciaOd><sln:gmIIPId>1713ed99-0704-481d-b70a-c6c927e648d5</sln:gmIIPId><sln:gmIIPPn>PL.PZGIK.200</sln:gmIIPPn><sln:gmIIPWersja>2012-09-26T22:08:26+02:00</sln:gmIIPWersja><sln:gmIdTeryt>1202072</sln:gmIdTeryt><sln:gmNazwa>Szczurowa</sln:gmNazwa><sln:miejscIIPId>ecc11d94-3558-4cb3-ac8e-626c51382196</sln:miejscIIPId><sln:miejscIIPPn>PL.PZGIK.200</sln:miejscIIPPn><sln:miejscIIPWersja>2016-11-24T13:21:10+02:00</sln:miejscIIPWersja><sln:miejscIdTeryt>0831830</sln:miejscIdTeryt><sln:miejscNazwa>Strzelce Małe</sln:miejscNazwa><sln:miejscRodzaj>Wieś</sln:miejscRodzaj><sln:powIIPId>8d0b0a85-17f0-4358-98a4-d312d6212b93</sln:powIIPId><sln:powIIPPn>PL.PZGIK.200</sln:powIIPPn><sln:powIIPWersja>2012-09-27T07:52:00+02:00</sln:powIIPWersja><sln:powIdTeryt>1202</sln:powIdTeryt><sln:powNazwa>brzeski</sln:powNazwa><sln:waznyOd>2016-11-02T00:00:00+01:00</sln:waznyOd><sln:wojIIPId>dd2e3c64-f861-47cf-a3a3-e7751f272b2f</sln:wojIIPId><sln:wojIIPPn>PL.PZGIK.200</sln:wojIIPPn><sln:wojIIPWersja>2017-10-10T00:00:00+02:00</sln:wojIIPWersja><sln:wojIdTeryt>12</sln:wojIdTeryt><sln:wojNazwa>małopolskie</sln:wojNazwa></sln:miejscowosc><sln:miejscowosc><sln:cyklZyciaOd>2016-11-02T00:00:00+01:00</sln:cyklZyciaOd><sln:gmIIPId>1713ed99-0704-481d-b70a-c6c927e648d5</sln:gmIIPId><sln:gmIIPPn>PL.PZGIK.200</sln:gmIIPPn><sln:gmIIPWersja>2012-09-26T22:08:26+02:00</sln:gmIIPWersja><sln:gmIdTeryt>1202072</sln:gmIdTeryt><sln:gmNazwa>Szczurowa</sln:gmNazwa><sln:miejscIIPId>a7426e51-1769-4fa9-ab7b-1cd11dc13183</sln:miejscIIPId><sln:miejscIIPPn>PL.PZGIK.200</sln:miejscIIPPn><sln:miejscIIPWersja>2016-11-24T13:21:10+02:00</sln:miejscIIPWersja><sln:miejscIdTeryt>0832090</sln:miejscIdTeryt><sln:miejscNazwa>Wola Przemykowska</sln:miejscNazwa><sln:miejscRodzaj>Wieś</sln:miejscRodzaj><sln:powIIPId>8d0b0a85-17f0-4358-98a4-d312d6212b93</sln:powIIPId><sln:powIIPPn>PL.PZGIK.200</sln:powIIPPn><sln:powIIPWersja>2012-09-27T07:52:00+02:00</sln:powIIPWersja><sln:powIdTeryt>1202</sln:powIdTeryt><sln:powNazwa>brzeski</sln:powNazwa><sln:waznyOd>2016-11-02T00:00:00+01:00</sln:waznyOd><sln:wojIIPId>dd2e3c64-f861-47cf-a3a3-e7751f272b2f</sln:wojIIPId><sln:wojIIPPn>PL.PZGIK.200</sln:wojIIPPn><sln:wojIIPWersja>2017-10-10T00:00:00+02:00</sln:wojIIPWersja><sln:wojIdTeryt>12</sln:wojIdTeryt><sln:wojNazwa>małopolskie</sln:wojNazwa></sln:miejscowosc><sln:miejscowosc><sln:cyklZyciaOd>2016-11-02T00:00:00+01:00</sln:cyklZyciaOd><sln:gmIIPId>1713ed99-0704-481d-b70a-c6c927e648d5</sln:gmIIPId><sln:gmIIPPn>PL.PZGIK.200</sln:gmIIPPn><sln:gmIIPWersja>2012-09-26T22:08:26+02:00</sln:gmIIPWersja><sln:gmIdTeryt>1202072</sln:gmIdTeryt><sln:gmNazwa>Szczurowa</sln:gmNazwa><sln:miejscIIPId>476ad78a-27fb-408e-b018-b0dc5f1d49f6</sln:miejscIIPId><sln:miejscIIPPn>PL.PZGIK.200</sln:miejscIIPPn><sln:miejscIIPWersja>2016-11-24T13:21:10+02:00</sln:miejscIIPWersja><sln:miejscIdTeryt>0832195</sln:miejscIdTeryt><sln:miejscNazwa>Zaborów</sln:miejscNazwa><sln:miejscRodzaj>Wieś</sln:miejscRodzaj><sln:powIIPId>8d0b0a85-17f0-4358-98a4-d312d6212b93</sln:powIIPId><sln:powIIPPn>PL.PZGIK.200</sln:powIIPPn><sln:powIIPWersja>2012-09-27T07:52:00+02:00</sln:powIIPWersja><sln:powIdTeryt>1202</sln:powIdTeryt><sln:powNazwa>brzeski</sln:powNazwa><sln:waznyOd>2016-11-02T00:00:00+01:00</sln:waznyOd><sln:wojIIPId>dd2e3c64-f861-47cf-a3a3-e7751f272b2f</sln:wojIIPId><sln:wojIIPPn>PL.PZGIK.200</sln:wojIIPPn><sln:wojIIPWersja>2017-10-10T00:00:00+02:00</sln:wojIIPWersja><sln:wojIdTeryt>12</sln:wojIdTeryt><sln:wojNazwa>małopolskie</sln:wojNazwa></sln:miejscowosc><sln:miejscowosc><sln:cyklZyciaOd>2016-11-02T00:00:00+01:00</sln:cyklZyciaOd><sln:gmIIPId>1713ed99-0704-481d-b70a-c6c927e648d5</sln:gmIIPId><sln:gmIIPPn>PL.PZGIK.200</sln:gmIIPPn><sln:gmIIPWersja>2012-09-26T22:08:26+02:00</sln:gmIIPWersja><sln:gmIdTeryt>1202072</sln:gmIdTeryt><sln:gmNazwa>Szczurowa</sln:gmNazwa><sln:miejscIIPId>a7ed46ab-e722-4082-ad9c-ba6d7c701791</sln:miejscIIPId><sln:miejscIIPPn>PL.PZGIK.200</sln:miejscIIPPn><sln:miejscIIPWersja>2016-11-24T13:21:10+02:00</sln:miejscIIPWersja><sln:miejscIdTeryt>0831600</sln:miejscIdTeryt><sln:miejscNazwa>Niedzieliska</sln:miejscNazwa><sln:miejscRodzaj>Wieś</sln:miejscRodzaj><sln:powIIPId>8d0b0a85-17f0-4358-98a4-d312d6212b93</sln:powIIPId><sln:powIIPPn>PL.PZGIK.200</sln:powIIPPn><sln:powIIPWersja>2012-09-27T07:52:00+02:00</sln:powIIPWersja><sln:powIdTeryt>1202</sln:powIdTeryt><sln:powNazwa>brzeski</sln:powNazwa><sln:waznyOd>2016-11-02T00:00:00+01:00</sln:waznyOd><sln:wojIIPId>dd2e3c64-f861-47cf-a3a3-e7751f272b2f</sln:wojIIPId><sln:wojIIPPn>PL.PZGIK.200</sln:wojIIPPn><sln:wojIIPWersja>2017-10-10T00:00:00+02:00</sln:wojIIPWersja><sln:wojIdTeryt>12</sln:wojIdTeryt><sln:wojNazwa>małopolskie</sln:wojNazwa></sln:miejscowosc><sln:miejscowosc><sln:cyklZyciaOd>2016-11-02T00:00:00+01:00</sln:cyklZyciaOd><sln:gmIIPId>1713ed99-0704-481d-b70a-c6c927e648d5</sln:gmIIPId><sln:gmIIPPn>PL.PZGIK.200</sln:gmIIPPn><sln:gmIIPWersja>2012-09-26T22:08:26+02:00</sln:gmIIPWersja><sln:gmIdTeryt>1202072</sln:gmIdTeryt><sln:gmNazwa>Szczurowa</sln:gmNazwa><sln:miejscIIPId>1dc1b09b-1bb9-4765-8c78-24d7fb11b8fb</sln:miejscIIPId><sln:miejscIIPPn>PL.PZGIK.200</sln:miejscIIPPn><sln:miejscIIPWersja>2016-11-24T13:21:10+02:00</sln:miejscIIPWersja><sln:miejscIdTeryt>0832166</sln:miejscIdTeryt><sln:miejscNazwa>Wrzępia</sln:miejscNazwa><sln:miejscRodzaj>Wieś</sln:miejscRodzaj><sln:powIIPId>8d0b0a85-17f0-4358-98a4-d312d6212b93</sln:powIIPId><sln:powIIPPn>PL.PZGIK.200</sln:powIIPPn><sln:powIIPWersja>2012-09-27T07:52:00+02:00</sln:powIIPWersja><sln:powIdTeryt>1202</sln:powIdTeryt><sln:powNazwa>brzeski</sln:powNazwa><sln:waznyOd>2016-11-02T00:00:00+01:00</sln:waznyOd><sln:wojIIPId>dd2e3c64-f861-47cf-a3a3-e7751f272b2f</sln:wojIIPId><sln:wojIIPPn>PL.PZGIK.200</sln:wojIIPPn><sln:wojIIPWersja>2017-10-10T00:00:00+02:00</sln:wojIIPWersja><sln:wojIdTeryt>12</sln:wojIdTeryt><sln:wojNazwa>małopolskie</sln:wojNazwa></sln:miejscowosc><sln:miejscowosc><sln:cyklZyciaOd>2016-11-02T00:00:00+01:00</sln:cyklZyciaOd><sln:gmIIPId>1713ed99-0704-481d-b70a-c6c927e648d5</sln:gmIIPId><sln:gmIIPPn>PL.PZGIK.200</sln:gmIIPPn><sln:gmIIPWersja>2012-09-26T22:08:26+02:00</sln:gmIIPWersja><sln:gmIdTeryt>1202072</sln:gmIdTeryt><sln:gmNazwa>Szczurowa</sln:gmNazwa><sln:miejscIIPId>d62da992-b7d4-494f-af91-60f4c84d9216</sln:miejscIIPId><sln:miejscIIPPn>PL.PZGIK.200</sln:miejscIIPPn><sln:miejscIIPWersja>2016-11-24T13:21:10+02:00</sln:miejscIIPWersja><sln:miejscIdTeryt>0831942</sln:miejscIdTeryt><sln:miejscNazwa>Szczurowa</sln:miejscNazwa><sln:miejscRodzaj>Wieś</sln:miejscRodzaj><sln:powIIPId>8d0b0a85-17f0-4358-98a4-d312d6212b93</sln:powIIPId><sln:powIIPPn>PL.PZGIK.200</sln:powIIPPn><sln:powIIPWersja>2012-09-27T07:52:00+02:00</sln:powIIPWersja><sln:powIdTeryt>1202</sln:powIdTeryt><sln:powNazwa>brzeski</sln:powNazwa><sln:waznyOd>2016-11-02T00:00:00+01:00</sln:waznyOd><sln:wojIIPId>dd2e3c64-f861-47cf-a3a3-e7751f272b2f</sln:wojIIPId><sln:wojIIPPn>PL.PZGIK.200</sln:wojIIPPn><sln:wojIIPWersja>2017-10-10T00:00:00+02:00</sln:wojIIPWersja><sln:wojIdTeryt>12</sln:wojIdTeryt><sln:wojNazwa>małopolskie</sln:wojNazwa></sln:miejscowosc><sln:miejscowosc><sln:cyklZyciaOd>2016-11-02T00:00:00+01:00</sln:cyklZyciaOd><sln:gmIIPId>1713ed99-0704-481d-b70a-c6c927e648d5</sln:gmIIPId><sln:gmIIPPn>PL.PZGIK.200</sln:gmIIPPn><sln:gmIIPWersja>2012-09-26T22:08:26+02:00</sln:gmIIPWersja><sln:gmIdTeryt>1202072</sln:gmIdTeryt><sln:gmNazwa>Szczurowa</sln:gmNazwa><sln:miejscIIPId>8ce78305-ad69-48d8-bfda-5464f2f316c3</sln:miejscIIPId><sln:miejscIIPPn>PL.PZGIK.200</sln:miejscIIPPn><sln:miejscIIPWersja>2016-11-24T13:21:10+02:00</sln:miejscIIPWersja><sln:miejscIdTeryt>0831451</sln:miejscIdTeryt><sln:miejscNazwa>Górka</sln:miejscNazwa><sln:miejscRodzaj>Wieś</sln:miejscRodzaj><sln:powIIPId>8d0b0a85-17f0-4358-98a4-d312d6212b93</sln:powIIPId><sln:powIIPPn>PL.PZGIK.200</sln:powIIPPn><sln:powIIPWersja>2012-09-27T07:52:00+02:00</sln:powIIPWersja><sln:powIdTeryt>1202</sln:powIdTeryt><sln:powNazwa>brzeski</sln:powNazwa><sln:waznyOd>2016-11-02T00:00:00+01:00</sln:waznyOd><sln:wojIIPId>dd2e3c64-f861-47cf-a3a3-e7751f272b2f</sln:wojIIPId><sln:wojIIPPn>PL.PZGIK.200</sln:wojIIPPn><sln:wojIIPWersja>2017-10-10T00:00:00+02:00</sln:wojIIPWersja><sln:wojIdTeryt>12</sln:wojIdTeryt><sln:wojNazwa>małopolskie</sln:wojNazwa></sln:miejscowosc><sln:miejscowosc><sln:cyklZyciaOd>2016-11-02T00:00:00+01:00</sln:cyklZyciaOd><sln:gmIIPId>1713ed99-0704-481d-b70a-c6c927e648d5</sln:gmIIPId><sln:gmIIPPn>PL.PZGIK.200</sln:gmIIPPn><sln:gmIIPWersja>2012-09-26T22:08:26+02:00</sln:gmIIPWersja><sln:gmIdTeryt>1202072</sln:gmIdTeryt><sln:gmNazwa>Szczurowa</sln:gmNazwa><sln:miejscIIPId>18c5b80d-c933-470f-8056-02252185f358</sln:miejscIIPId><sln:miejscIIPPn>PL.PZGIK.200</sln:miejscIIPPn><sln:miejscIIPWersja>2016-11-24T13:21:10+02:00</sln:miejscIIPWersja><sln:miejscIdTeryt>0831557</sln:miejscIdTeryt><sln:miejscNazwa>Kwików</sln:miejscNazwa><sln:miejscRodzaj>Wieś</sln:miejscRodzaj><sln:powIIPId>8d0b0a85-17f0-4358-98a4-d312d6212b93</sln:powIIPId><sln:powIIPPn>PL.PZGIK.200</sln:powIIPPn><sln:powIIPWersja>2012-09-27T07:52:00+02:00</sln:powIIPWersja><sln:powIdTeryt>1202</sln:powIdTeryt><sln:powNazwa>brzeski</sln:powNazwa><sln:waznyOd>2016-11-02T00:00:00+01:00</sln:waznyOd><sln:wojIIPId>dd2e3c64-f861-47cf-a3a3-e7751f272b2f</sln:wojIIPId><sln:wojIIPPn>PL.PZGIK.200</sln:wojIIPPn><sln:wojIIPWersja>2017-10-10T00:00:00+02:00</sln:wojIIPWersja><sln:wojIdTeryt>12</sln:wojIdTeryt><sln:wojNazwa>małopolskie</sln:wojNazwa></sln:miejscowosc><sln:miejscowosc><sln:cyklZyciaOd>2016-11-02T00:00:00+01:00</sln:cyklZyciaOd><sln:gmIIPId>1713ed99-0704-481d-b70a-c6c927e648d5</sln:gmIIPId><sln:gmIIPPn>PL.PZGIK.200</sln:gmIIPPn><sln:gmIIPWersja>2012-09-26T22:08:26+02:00</sln:gmIIPWersja><sln:gmIdTeryt>1202072</sln:gmIdTeryt><sln:gmNazwa>Szczurowa</sln:gmNazwa><sln:miejscIIPId>ed075f1e-ca05-4f8d-ba02-c9d54db1bb83</sln:miejscIIPId><sln:miejscIIPPn>PL.PZGIK.200</sln:miejscIIPPn><sln:miejscIIPWersja>2016-11-24T13:21:10+02:00</sln:miejscIIPWersja><sln:miejscIdTeryt>0831391</sln:miejscIdTeryt><sln:miejscNazwa>Dołęga</sln:miejscNazwa><sln:miejscRodzaj>Wieś</sln:miejscRodzaj><sln:powIIPId>8d0b0a85-17f0-4358-98a4-d312d6212b93</sln:powIIPId><sln:powIIPPn>PL.PZGIK.200</sln:powIIPPn><sln:powIIPWersja>2012-09-27T07:52:00+02:00</sln:powIIPWersja><sln:powIdTeryt>1202</sln:powIdTeryt><sln:powNazwa>brzeski</sln:powNazwa><sln:waznyOd>2016-11-02T00:00:00+01:00</sln:waznyOd><sln:wojIIPId>dd2e3c64-f861-47cf-a3a3-e7751f272b2f</sln:wojIIPId><sln:wojIIPPn>PL.PZGIK.200</sln:wojIIPPn><sln:wojIIPWersja>2017-10-10T00:00:00+02:00</sln:wojIIPWersja><sln:wojIdTeryt>12</sln:wojIdTeryt><sln:wojNazwa>małopolskie</sln:wojNazwa></sln:miejscowosc><sln:miejscowosc><sln:cyklZyciaOd>2016-11-02T00:00:00+01:00</sln:cyklZyciaOd><sln:gmIIPId>1713ed99-0704-481d-b70a-c6c927e648d5</sln:gmIIPId><sln:gmIIPPn>PL.PZGIK.200</sln:gmIIPPn><sln:gmIIPWersja>2012-09-26T22:08:26+02:00</sln:gmIIPWersja><sln:gmIdTeryt>1202072</sln:gmIdTeryt><sln:gmNazwa>Szczurowa</sln:gmNazwa><sln:miejscIIPId>8aba438b-7394-41c8-8c2d-8984749aa83c</sln:miejscIIPId><sln:miejscIIPPn>PL.PZGIK.200</sln:miejscIIPPn><sln:miejscIIPWersja>2016-11-24T13:21:10+02:00</sln:miejscIIPWersja><sln:miejscIdTeryt>0831652</sln:miejscIdTeryt><sln:miejscNazwa>Pojawie</sln:miejscNazwa><sln:miejscRodzaj>Wieś</sln:miejscRodzaj><sln:powIIPId>8d0b0a85-17f0-4358-98a4-d312d6212b93</sln:powIIPId><sln:powIIPPn>PL.PZGIK.200</sln:powIIPPn><sln:powIIPWersja>2012-09-27T07:52:00+02:00</sln:powIIPWersja><sln:powIdTeryt>1202</sln:powIdTeryt><sln:powNazwa>brzeski</sln:powNazwa><sln:waznyOd>2016-11-02T00:00:00+01:00</sln:waznyOd><sln:wojIIPId>dd2e3c64-f861-47cf-a3a3-e7751f272b2f</sln:wojIIPId><sln:wojIIPPn>PL.PZGIK.200</sln:wojIIPPn><sln:wojIIPWersja>2017-10-10T00:00:00+02:00</sln:wojIIPWersja><sln:wojIdTeryt>12</sln:wojIdTeryt><sln:wojNazwa>małopolskie</sln:wojNazwa></sln:miejscowosc><sln:miejscowosc><sln:cyklZyciaOd>2016-11-02T00:00:00+01:00</sln:cyklZyciaOd><sln:gmIIPId>1713ed99-0704-481d-b70a-c6c927e648d5</sln:gmIIPId><sln:gmIIPPn>PL.PZGIK.200</sln:gmIIPPn><sln:gmIIPWersja>2012-09-26T22:08:26+02:00</sln:gmIIPWersja><sln:gmIdTeryt>1202072</sln:gmIdTeryt><sln:gmNazwa>Szczurowa</sln:gmNazwa><sln:miejscIIPId>e133d424-af22-437a-909c-534611050221</sln:miejscIIPId><sln:miejscIIPPn>PL.PZGIK.200</sln:miejscIIPPn><sln:miejscIIPWersja>2016-11-24T13:21:10+02:00</sln:miejscIIPWersja><sln:miejscIdTeryt>0831860</sln:miejscIdTeryt><sln:miejscNazwa>Strzelce Wielkie</sln:miejscNazwa><sln:miejscRodzaj>Wieś</sln:miejscRodzaj><sln:powIIPId>8d0b0a85-17f0-4358-98a4-d312d6212b93</sln:powIIPId><sln:powIIPPn>PL.PZGIK.200</sln:powIIPPn><sln:powIIPWersja>2012-09-27T07:52:00+02:00</sln:powIIPWersja><sln:powIdTeryt>1202</sln:powIdTeryt><sln:powNazwa>brzeski</sln:powNazwa><sln:waznyOd>2016-11-02T00:00:00+01:00</sln:waznyOd><sln:wojIIPId>dd2e3c64-f861-47cf-a3a3-e7751f272b2f</sln:wojIIPId><sln:wojIIPPn>PL.PZGIK.200</sln:wojIIPPn><sln:wojIIPWersja>2017-10-10T00:00:00+02:00</sln:wojIIPWersja><sln:wojIdTeryt>12</sln:wojIdTeryt><sln:wojNazwa>małopolskie</sln:wojNazwa></sln:miejscowosc><sln:miejscowosc><sln:cyklZyciaOd>2016-11-02T00:00:00+01:00</sln:cyklZyciaOd><sln:gmIIPId>1713ed99-0704-481d-b70a-c6c927e648d5</sln:gmIIPId><sln:gmIIPPn>PL.PZGIK.200</sln:gmIIPPn><sln:gmIIPWersja>2012-09-26T22:08:26+02:00</sln:gmIIPWersja><sln:gmIdTeryt>1202072</sln:gmIdTeryt><sln:gmNazwa>Szczurowa</sln:gmNazwa><sln:miejscIIPId>51e1e3f9-251f-4a75-b4fc-ed167eebc557</sln:miejscIIPId><sln:miejscIIPPn>PL.PZGIK.200</sln:miejscIIPPn><sln:miejscIIPWersja>2016-11-24T13:21:10+02:00</sln:miejscIIPWersja><sln:miejscIdTeryt>0831540</sln:miejscIdTeryt><sln:miejscNazwa>Księże Kopacze</sln:miejscNazwa><sln:miejscRodzaj>Wieś</sln:miejscRodzaj><sln:powIIPId>8d0b0a85-17f0-4358-98a4-d312d6212b93</sln:powIIPId><sln:powIIPPn>PL.PZGIK.200</sln:powIIPPn><sln:powIIPWersja>2012-09-27T07:52:00+02:00</sln:powIIPWersja><sln:powIdTeryt>1202</sln:powIdTeryt><sln:powNazwa>brzeski</sln:powNazwa><sln:waznyOd>2016-11-02T00:00:00+01:00</sln:waznyOd><sln:wojIIPId>dd2e3c64-f861-47cf-a3a3-e7751f272b2f</sln:wojIIPId><sln:wojIIPPn>PL.PZGIK.200</sln:wojIIPPn><sln:wojIIPWersja>2017-10-10T00:00:00+02:00</sln:wojIIPWersja><sln:wojIdTeryt>12</sln:wojIdTeryt><sln:wojNazwa>małopolskie</sln:wojNazwa></sln:miejscowosc><sln:miejscowosc><sln:cyklZyciaOd>2016-11-02T00:00:00+01:00</sln:cyklZyciaOd><sln:gmIIPId>1713ed99-0704-481d-b70a-c6c927e648d5</sln:gmIIPId><sln:gmIIPPn>PL.PZGIK.200</sln:gmIIPPn><sln:gmIIPWersja>2012-09-26T22:08:26+02:00</sln:gmIIPWersja><sln:gmIdTeryt>1202072</sln:gmIdTeryt><sln:gmNazwa>Szczurowa</sln:gmNazwa><sln:miejscIIPId>4cb065c6-3018-4cff-b02f-da3184bc9f46</sln:miejscIIPId><sln:miejscIIPPn>PL.PZGIK.200</sln:miejscIIPPn><sln:miejscIIPWersja>2016-11-24T13:21:10+02:00</sln:miejscIIPWersja><sln:miejscIdTeryt>0831379</sln:miejscIdTeryt><sln:miejscNazwa>Dąbrówka Morska</sln:miejscNazwa><sln:miejscRodzaj>Wieś</sln:miejscRodzaj><sln:powIIPId>8d0b0a85-17f0-4358-98a4-d312d6212b93</sln:powIIPId><sln:powIIPPn>PL.PZGIK.200</sln:powIIPPn><sln:powIIPWersja>2012-09-27T07:52:00+02:00</sln:powIIPWersja><sln:powIdTeryt>1202</sln:powIdTeryt><sln:powNazwa>brzeski</sln:powNazwa><sln:waznyOd>2016-11-02T00:00:00+01:00</sln:waznyOd><sln:wojIIPId>dd2e3c64-f861-47cf-a3a3-e7751f272b2f</sln:wojIIPId><sln:wojIIPPn>PL.PZGIK.200</sln:wojIIPPn><sln:wojIIPWersja>2017-10-10T00:00:00+02:00</sln:wojIIPWersja><sln:wojIdTeryt>12</sln:wojIdTeryt><sln:wojNazwa>małopolskie</sln:wojNazwa></sln:miejscowosc><sln:miejscowosc><sln:cyklZyciaOd>2016-11-02T00:00:00+01:00</sln:cyklZyciaOd><sln:gmIIPId>1713ed99-0704-481d-b70a-c6c927e648d5</sln:gmIIPId><sln:gmIIPPn>PL.PZGIK.200</sln:gmIIPPn><sln:gmIIPWersja>2012-09-26T22:08:26+02:00</sln:gmIIPWersja><sln:gmIdTeryt>1202072</sln:gmIdTeryt><sln:gmNazwa>Szczurowa</sln:gmNazwa><sln:miejscIIPId>ce8a729d-3826-400d-94ea-6f713fb40a37</sln:miejscIIPId><sln:miejscIIPPn>PL.PZGIK.200</sln:miejscIIPPn><sln:miejscIIPWersja>2016-11-24T13:21:10+02:00</sln:miejscIIPWersja><sln:miejscIdTeryt>0831528</sln:miejscIdTeryt><sln:miejscNazwa>Kopacze Wielkie</sln:miejscNazwa><sln:miejscRodzaj>Wieś</sln:miejscRodzaj><sln:powIIPId>8d0b0a85-17f0-4358-98a4-d312d6212b93</sln:powIIPId><sln:powIIPPn>PL.PZGIK.200</sln:powIIPPn><sln:powIIPWersja>2012-09-27T07:52:00+02:00</sln:powIIPWersja><sln:powIdTeryt>1202</sln:powIdTeryt><sln:powNazwa>brzeski</sln:powNazwa><sln:waznyOd>2016-11-02T00:00:00+01:00</sln:waznyOd><sln:wojIIPId>dd2e3c64-f861-47cf-a3a3-e7751f272b2f</sln:wojIIPId><sln:wojIIPPn>PL.PZGIK.200</sln:wojIIPPn><sln:wojIIPWersja>2017-10-10T00:00:00+02:00</sln:wojIIPWersja><sln:wojIdTeryt>12</sln:wojIdTeryt><sln:wojNazwa>małopolskie</sln:wojNazwa></sln:miejscowosc><sln:miejscowosc><sln:cyklZyciaOd>2016-11-02T00:00:00+01:00</sln:cyklZyciaOd><sln:gmIIPId>1713ed99-0704-481d-b70a-c6c927e648d5</sln:gmIIPId><sln:gmIIPPn>PL.PZGIK.200</sln:gmIIPPn><sln:gmIIPWersja>2012-09-26T22:08:26+02:00</sln:gmIIPWersja><sln:gmIdTeryt>1202072</sln:gmIdTeryt><sln:gmNazwa>Szczurowa</sln:gmNazwa><sln:miejscIIPId>5320c35d-8ff8-48a4-95d0-7c4293312f2f</sln:miejscIIPId><sln:miejscIIPPn>PL.PZGIK.200</sln:miejscIIPPn><sln:miejscIIPWersja>2016-11-24T13:21:10+02:00</sln:miejscIIPWersja><sln:miejscIdTeryt>0832019</sln:miejscIdTeryt><sln:miejscNazwa>Uście Solne</sln:miejscNazwa><sln:miejscRodzaj>Wieś</sln:miejscRodzaj><sln:powIIPId>8d0b0a85-17f0-4358-98a4-d312d6212b93</sln:powIIPId><sln:powIIPPn>PL.PZGIK.200</sln:powIIPPn><sln:powIIPWersja>2012-09-27T07:52:00+02:00</sln:powIIPWersja><sln:powIdTeryt>1202</sln:powIdTeryt><sln:powNazwa>brzeski</sln:powNazwa><sln:waznyOd>2016-11-02T00:00:00+01:00</sln:waznyOd><sln:wojIIPId>dd2e3c64-f861-47cf-a3a3-e7751f272b2f</sln:wojIIPId><sln:wojIIPPn>PL.PZGIK.200</sln:wojIIPPn><sln:wojIIPWersja>2017-10-10T00:00:00+02:00</sln:wojIIPWersja><sln:wojIdTeryt>12</sln:wojIdTeryt><sln:wojNazwa>małopolskie</sln:wojNazwa></sln:miejscowosc><sln:miejscowosc><sln:cyklZyciaOd>2016-11-02T00:00:00+01:00</sln:cyklZyciaOd><sln:gmIIPId>1713ed99-0704-481d-b70a-c6c927e648d5</sln:gmIIPId><sln:gmIIPPn>PL.PZGIK.200</sln:gmIIPPn><sln:gmIIPWersja>2012-09-26T22:08:26+02:00</sln:gmIIPWersja><sln:gmIdTeryt>1202072</sln:gmIdTeryt><sln:gmNazwa>Szczurowa</sln:gmNazwa><sln:miejscIIPId>0e292b41-d5f7-4c36-bd8e-924fb39fbe69</sln:miejscIIPId><sln:miejscIIPPn>PL.PZGIK.200</sln:miejscIIPPn><sln:miejscIIPWersja>2016-11-24T13:21:10+02:00</sln:miejscIIPWersja><sln:miejscIdTeryt>0831712</sln:miejscIdTeryt><sln:miejscNazwa>Rajsko</sln:miejscNazwa><sln:miejscRodzaj>Wieś</sln:miejscRodzaj><sln:powIIPId>8d0b0a85-17f0-4358-98a4-d312d6212b93</sln:powIIPId><sln:powIIPPn>PL.PZGIK.200</sln:powIIPPn><sln:powIIPWersja>2012-09-27T07:52:00+02:00</sln:powIIPWersja><sln:powIdTeryt>1202</sln:powIdTeryt><sln:powNazwa>brzeski</sln:powNazwa><sln:waznyOd>2016-11-02T00:00:00+01:00</sln:waznyOd><sln:wojIIPId>dd2e3c64-f861-47cf-a3a3-e7751f272b2f</sln:wojIIPId><sln:wojIIPPn>PL.PZGIK.200</sln:wojIIPPn><sln:wojIIPWersja>2017-10-10T00:00:00+02:00</sln:wojIIPWersja><sln:wojIdTeryt>12</sln:wojIdTeryt><sln:wojNazwa>małopolskie</sln:wojNazwa></sln:miejscowosc><sln:miejscowosc><sln:cyklZyciaOd>2016-11-02T00:00:00+01:00</sln:cyklZyciaOd><sln:gmIIPId>1713ed99-0704-481d-b70a-c6c927e648d5</sln:gmIIPId><sln:gmIIPPn>PL.PZGIK.200</sln:gmIIPPn><sln:gmIIPWersja>2012-09-26T22:08:26+02:00</sln:gmIIPWersja><sln:gmIdTeryt>1202072</sln:gmIdTeryt><sln:gmNazwa>Szczurowa</sln:gmNazwa><sln:miejscIIPId>4fbc683b-dd30-4961-ae65-9ff9e1162b09</sln:miejscIIPId><sln:miejscIIPPn>PL.PZGIK.200</sln:miejscIIPPn><sln:miejscIIPWersja>2016-11-24T13:21:10+02:00</sln:miejscIIPWersja><sln:miejscIdTeryt>0831818</sln:miejscIdTeryt><sln:miejscNazwa>Rząchowa</sln:miejscNazwa><sln:miejscRodzaj>Wieś</sln:miejscRodzaj><sln:powIIPId>8d0b0a85-17f0-4358-98a4-d312d6212b93</sln:powIIPId><sln:powIIPPn>PL.PZGIK.200</sln:powIIPPn><sln:powIIPWersja>2012-09-27T07:52:00+02:00</sln:powIIPWersja><sln:powIdTeryt>1202</sln:powIdTeryt><sln:powNazwa>brzeski</sln:powNazwa><sln:waznyOd>2016-11-02T00:00:00+01:00</sln:waznyOd><sln:wojIIPId>dd2e3c64-f861-47cf-a3a3-e7751f272b2f</sln:wojIIPId><sln:wojIIPPn>PL.PZGIK.200</sln:wojIIPPn><sln:wojIIPWersja>2017-10-10T00:00:00+02:00</sln:wojIIPWersja><sln:wojIdTeryt>12</sln:wojIdTeryt><sln:wojNazwa>małopolskie</sln:wojNazwa></sln:miejscowosc><sln:miejscowosc><sln:cyklZyciaOd>2016-11-02T00:00:00+01:00</sln:cyklZyciaOd><sln:gmIIPId>1713ed99-0704-481d-b70a-c6c927e648d5</sln:gmIIPId><sln:gmIIPPn>PL.PZGIK.200</sln:gmIIPPn><sln:gmIIPWersja>2012-09-26T22:08:26+02:00</sln:gmIIPWersja><sln:gmIdTeryt>1202072</sln:gmIdTeryt><sln:gmNazwa>Szczurowa</sln:gmNazwa><sln:miejscIIPId>825ae7a8-74f1-4874-9e11-c2b23856cda2</sln:miejscIIPId><sln:miejscIIPPn>PL.PZGIK.200</sln:miejscIIPPn><sln:miejscIIPWersja>2016-11-24T13:21:10+02:00</sln:miejscIIPWersja><sln:miejscIdTeryt>0831698</sln:miejscIdTeryt><sln:miejscNazwa>Popędzyna</sln:miejscNazwa><sln:miejscRodzaj>Wieś</sln:miejscRodzaj><sln:powIIPId>8d0b0a85-17f0-4358-98a4-d312d6212b93</sln:powIIPId><sln:powIIPPn>PL.PZGIK.200</sln:powIIPPn><sln:powIIPWersja>2012-09-27T07:52:00+02:00</sln:powIIPWersja><sln:powIdTeryt>1202</sln:powIdTeryt><sln:powNazwa>brzeski</sln:powNazwa><sln:waznyOd>2016-11-02T00:00:00+01:00</sln:waznyOd><sln:wojIIPId>dd2e3c64-f861-47cf-a3a3-e7751f272b2f</sln:wojIIPId><sln:wojIIPPn>PL.PZGIK.200</sln:wojIIPPn><sln:wojIIPWersja>2017-10-10T00:00:00+02:00</sln:wojIIPWersja><sln:wojIdTeryt>12</sln:wojIdTeryt><sln:wojNazwa>małopolskie</sln:wojNazwa></sln:miejscowosc><sln:miejscowosc><sln:cyklZyciaOd>2016-11-02T00:00:00+01:00</sln:cyklZyciaOd><sln:gmIIPId>1713ed99-0704-481d-b70a-c6c927e648d5</sln:gmIIPId><sln:gmIIPPn>PL.PZGIK.200</sln:gmIIPPn><sln:gmIIPWersja>2012-09-26T22:08:26+02:00</sln:gmIIPWersja><sln:gmIdTeryt>1202072</sln:gmIdTeryt><sln:gmNazwa>Szczurowa</sln:gmNazwa><sln:miejscIIPId>aea83d77-c847-43ee-a8a1-3f7b65a7f841</sln:miejscIIPId><sln:miejscIIPPn>PL.PZGIK.200</sln:miejscIIPPn><sln:miejscIIPWersja>2016-11-24T13:21:10+02:00</sln:miejscIIPWersja><sln:miejscIdTeryt>0831362</sln:miejscIdTeryt><sln:miejscNazwa>Barczków</sln:miejscNazwa><sln:miejscRodzaj>Wieś</sln:miejscRodzaj><sln:powIIPId>8d0b0a85-17f0-4358-98a4-d312d6212b93</sln:powIIPId><sln:powIIPPn>PL.PZGIK.200</sln:powIIPPn><sln:powIIPWersja>2012-09-27T07:52:00+02:00</sln:powIIPWersja><sln:powIdTeryt>1202</sln:powIdTeryt><sln:powNazwa>brzeski</sln:powNazwa><sln:waznyOd>2016-11-02T00:00:00+01:00</sln:waznyOd><sln:wojIIPId>dd2e3c64-f861-47cf-a3a3-e7751f272b2f</sln:wojIIPId><sln:wojIIPPn>PL.PZGIK.200</sln:wojIIPPn><sln:wojIIPWersja>2017-10-10T00:00:00+02:00</sln:wojIIPWersja><sln:wojIdTeryt>12</sln:wojIdTeryt><sln:wojNazwa>małopolskie</sln:wojNazwa></sln:miejscowosc><sln:miejscowosc><sln:cyklZyciaDo>2017-03-23T00:00:00+01:00</sln:cyklZyciaDo><sln:cyklZyciaOd>2017-01-26T00:00:00+01:00</sln:cyklZyciaOd><sln:gmIIPId>1713ed99-0704-481d-b70a-c6c927e648d5</sln:gmIIPId><sln:gmIIPPn>PL.PZGIK.200</sln:gmIIPPn><sln:gmIIPWersja>2012-09-26T22:08:26+02:00</sln:gmIIPWersja><sln:gmIdTeryt>1202072</sln:gmIdTeryt><sln:gmNazwa>Szczurowa</sln:gmNazwa><sln:miejscIIPId>e3e97565-7981-45e0-82ad-162cc9af70fc</sln:miejscIIPId><sln:miejscIIPPn>PL.PZGIK.200</sln:miejscIIPPn><sln:miejscIIPWersja>2017-01-26T14:37:16+02:00</sln:miejscIIPWersja><sln:miejscIdTeryt>0831818</sln:miejscIdTeryt><sln:miejscNazwa>Rząchowa</sln:miejscNazwa><sln:miejscRodzaj>Wieś</sln:miejscRodzaj><sln:powIIPId>8d0b0a85-17f0-4358-98a4-d312d6212b93</sln:powIIPId><sln:powIIPPn>PL.PZGIK.200</sln:powIIPPn><sln:powIIPWersja>2012-09-27T07:52:00+02:00</sln:powIIPWersja><sln:powIdTeryt>1202</sln:powIdTeryt><sln:powNazwa>brzeski</sln:powNazwa><sln:waznyOd>2017-01-26T00:00:00+01:00</sln:waznyOd><sln:wojIIPId>dd2e3c64-f861-47cf-a3a3-e7751f272b2f</sln:wojIIPId><sln:wojIIPPn>PL.PZGIK.200</sln:wojIIPPn><sln:wojIIPWersja>2017-10-10T00:00:00+02:00</sln:wojIIPWersja><sln:wojIdTeryt>12</sln:wojIdTeryt><sln:wojNazwa>małopolskie</sln:wojNazwa></sln:miejscowosc><sln:miejscowosc><sln:cyklZyciaDo>2017-03-23T00:00:00+01:00</sln:cyklZyciaDo><sln:cyklZyciaOd>2017-01-26T00:00:00+01:00</sln:cyklZyciaOd><sln:gmIIPId>1713ed99-0704-481d-b70a-c6c927e648d5</sln:gmIIPId><sln:gmIIPPn>PL.PZGIK.200</sln:gmIIPPn><sln:gmIIPWersja>2012-09-26T22:08:26+02:00</sln:gmIIPWersja><sln:gmIdTeryt>1202072</sln:gmIdTeryt><sln:gmNazwa>Szczurowa</sln:gmNazwa><sln:miejscIIPId>1afe863e-9df5-4d48-9410-c11e41bb16db</sln:miejscIIPId><sln:miejscIIPPn>PL.PZGIK.200</sln:miejscIIPPn><sln:miejscIIPWersja>2017-01-26T14:37:20+02:00</sln:miejscIIPWersja><sln:miejscIdTeryt>0831540</sln:miejscIdTeryt><sln:miejscNazwa>Księże Kopacze</sln:miejscNazwa><sln:miejscRodzaj>Wieś</sln:miejscRodzaj><sln:powIIPId>8d0b0a85-17f0-4358-98a4-d312d6212b93</sln:powIIPId><sln:powIIPPn>PL.PZGIK.200</sln:powIIPPn><sln:powIIPWersja>2012-09-27T07:52:00+02:00</sln:powIIPWersja><sln:powIdTeryt>1202</sln:powIdTeryt><sln:powNazwa>brzeski</sln:powNazwa><sln:waznyOd>2017-01-26T00:00:00+01:00</sln:waznyOd><sln:wojIIPId>dd2e3c64-f861-47cf-a3a3-e7751f272b2f</sln:wojIIPId><sln:wojIIPPn>PL.PZGIK.200</sln:wojIIPPn><sln:wojIIPWersja>2017-10-10T00:00:00+02:00</sln:wojIIPWersja><sln:wojIdTeryt>12</sln:wojIdTeryt><sln:wojNazwa>małopolskie</sln:wojNazwa></sln:miejscowosc><sln:miejscowosc><sln:cyklZyciaDo>2017-03-23T00:00:00+01:00</sln:cyklZyciaDo><sln:cyklZyciaOd>2017-01-26T00:00:00+01:00</sln:cyklZyciaOd><sln:gmIIPId>1713ed99-0704-481d-b70a-c6c927e648d5</sln:gmIIPId><sln:gmIIPPn>PL.PZGIK.200</sln:gmIIPPn><sln:gmIIPWersja>2012-09-26T22:08:26+02:00</sln:gmIIPWersja><sln:gmIdTeryt>1202072</sln:gmIdTeryt><sln:gmNazwa>Szczurowa</sln:gmNazwa><sln:miejscIIPId>86a8eead-782f-4885-9214-f8e9a27e150b</sln:miejscIIPId><sln:miejscIIPPn>PL.PZGIK.200</sln:miejscIIPPn><sln:miejscIIPWersja>2017-01-26T14:37:20+02:00</sln:miejscIIPWersja><sln:miejscIdTeryt>0831741</sln:miejscIdTeryt><sln:miejscNazwa>Rudy-Rysie</sln:miejscNazwa><sln:miejscRodzaj>Wieś</sln:miejscRodzaj><sln:powIIPId>8d0b0a85-17f0-4358-98a4-d312d6212b93</sln:powIIPId><sln:powIIPPn>PL.PZGIK.200</sln:powIIPPn><sln:powIIPWersja>2012-09-27T07:52:00+02:00</sln:powIIPWersja><sln:powIdTeryt>1202</sln:powIdTeryt><sln:powNazwa>brzeski</sln:powNazwa><sln:waznyOd>2017-01-26T00:00:00+01:00</sln:waznyOd><sln:wojIIPId>dd2e3c64-f861-47cf-a3a3-e7751f272b2f</sln:wojIIPId><sln:wojIIPPn>PL.PZGIK.200</sln:wojIIPPn><sln:wojIIPWersja>2017-10-10T00:00:00+02:00</sln:wojIIPWersja><sln:wojIdTeryt>12</sln:wojIdTeryt><sln:wojNazwa>małopolskie</sln:wojNazwa></sln:miejscowosc><sln:miejscowosc><sln:cyklZyciaDo>2017-03-23T00:00:00+01:00</sln:cyklZyciaDo><sln:cyklZyciaOd>2017-01-26T00:00:00+01:00</sln:cyklZyciaOd><sln:gmIIPId>1713ed99-0704-481d-b70a-c6c927e648d5</sln:gmIIPId><sln:gmIIPPn>PL.PZGIK.200</sln:gmIIPPn><sln:gmIIPWersja>2012-09-26T22:08:26+02:00</sln:gmIIPWersja><sln:gmIdTeryt>1202072</sln:gmIdTeryt><sln:gmNazwa>Szczurowa</sln:gmNazwa><sln:miejscIIPId>16596670-a1dc-4efc-b85f-aacc1514992c</sln:miejscIIPId><sln:miejscIIPPn>PL.PZGIK.200</sln:miejscIIPPn><sln:miejscIIPWersja>2017-01-26T14:37:20+02:00</sln:miejscIIPWersja><sln:miejscIdTeryt>0831942</sln:miejscIdTeryt><sln:miejscNazwa>Szczurowa</sln:miejscNazwa><sln:miejscRodzaj>Wieś</sln:miejscRodzaj><sln:powIIPId>8d0b0a85-17f0-4358-98a4-d312d6212b93</sln:powIIPId><sln:powIIPPn>PL.PZGIK.200</sln:powIIPPn><sln:powIIPWersja>2012-09-27T07:52:00+02:00</sln:powIIPWersja><sln:powIdTeryt>1202</sln:powIdTeryt><sln:powNazwa>brzeski</sln:powNazwa><sln:waznyOd>2017-01-26T00:00:00+01:00</sln:waznyOd><sln:wojIIPId>dd2e3c64-f861-47cf-a3a3-e7751f272b2f</sln:wojIIPId><sln:wojIIPPn>PL.PZGIK.200</sln:wojIIPPn><sln:wojIIPWersja>2017-10-10T00:00:00+02:00</sln:wojIIPWersja><sln:wojIdTeryt>12</sln:wojIdTeryt><sln:wojNazwa>małopolskie</sln:wojNazwa></sln:miejscowosc><sln:miejscowosc><sln:cyklZyciaDo>2017-03-23T00:00:00+01:00</sln:cyklZyciaDo><sln:cyklZyciaOd>2017-01-26T00:00:00+01:00</sln:cyklZyciaOd><sln:gmIIPId>1713ed99-0704-481d-b70a-c6c927e648d5</sln:gmIIPId><sln:gmIIPPn>PL.PZGIK.200</sln:gmIIPPn><sln:gmIIPWersja>2012-09-26T22:08:26+02:00</sln:gmIIPWersja><sln:gmIdTeryt>1202072</sln:gmIdTeryt><sln:gmNazwa>Szczurowa</sln:gmNazwa><sln:miejscIIPId>46ad046e-374b-4fee-a1ec-0fe316f0c803</sln:miejscIIPId><sln:miejscIIPPn>PL.PZGIK.200</sln:miejscIIPPn><sln:miejscIIPWersja>2017-01-26T14:37:21+02:00</sln:miejscIIPWersja><sln:miejscIdTeryt>0831391</sln:miejscIdTeryt><sln:miejscNazwa>Dołęga</sln:miejscNazwa><sln:miejscRodzaj>Wieś</sln:miejscRodzaj><sln:powIIPId>8d0b0a85-17f0-4358-98a4-d312d6212b93</sln:powIIPId><sln:powIIPPn>PL.PZGIK.200</sln:powIIPPn><sln:powIIPWersja>2012-09-27T07:52:00+02:00</sln:powIIPWersja><sln:powIdTeryt>1202</sln:powIdTeryt><sln:powNazwa>brzeski</sln:powNazwa><sln:waznyOd>2017-01-26T00:00:00+01:00</sln:waznyOd><sln:wojIIPId>dd2e3c64-f861-47cf-a3a3-e7751f272b2f</sln:wojIIPId><sln:wojIIPPn>PL.PZGIK.200</sln:wojIIPPn><sln:wojIIPWersja>2017-10-10T00:00:00+02:00</sln:wojIIPWersja><sln:wojIdTeryt>12</sln:wojIdTeryt><sln:wojNazwa>małopolskie</sln:wojNazwa></sln:miejscowosc><sln:miejscowosc><sln:cyklZyciaDo>2017-03-23T00:00:00+01:00</sln:cyklZyciaDo><sln:cyklZyciaOd>2017-01-26T00:00:00+01:00</sln:cyklZyciaOd><sln:gmIIPId>1713ed99-0704-481d-b70a-c6c927e648d5</sln:gmIIPId><sln:gmIIPPn>PL.PZGIK.200</sln:gmIIPPn><sln:gmIIPWersja>2012-09-26T22:08:26+02:00</sln:gmIIPWersja><sln:gmIdTeryt>1202072</sln:gmIdTeryt><sln:gmNazwa>Szczurowa</sln:gmNazwa><sln:miejscIIPId>b78c15a9-b07a-4a15-9a4c-f636008fc1ad</sln:miejscIIPId><sln:miejscIIPPn>PL.PZGIK.200</sln:miejscIIPPn><sln:miejscIIPWersja>2017-01-26T14:37:21+02:00</sln:miejscIIPWersja><sln:miejscIdTeryt>0832019</sln:miejscIdTeryt><sln:miejscNazwa>Uście Solne</sln:miejscNazwa><sln:miejscRodzaj>Wieś</sln:miejscRodzaj><sln:powIIPId>8d0b0a85-17f0-4358-98a4-d312d6212b93</sln:powIIPId><sln:powIIPPn>PL.PZGIK.200</sln:powIIPPn><sln:powIIPWersja>2012-09-27T07:52:00+02:00</sln:powIIPWersja><sln:powIdTeryt>1202</sln:powIdTeryt><sln:powNazwa>brzeski</sln:powNazwa><sln:waznyOd>2017-01-26T00:00:00+01:00</sln:waznyOd><sln:wojIIPId>dd2e3c64-f861-47cf-a3a3-e7751f272b2f</sln:wojIIPId><sln:wojIIPPn>PL.PZGIK.200</sln:wojIIPPn><sln:wojIIPWersja>2017-10-10T00:00:00+02:00</sln:wojIIPWersja><sln:wojIdTeryt>12</sln:wojIdTeryt><sln:wojNazwa>małopolskie</sln:wojNazwa></sln:miejscowosc><sln:miejscowosc><sln:cyklZyciaDo>2017-03-23T00:00:00+01:00</sln:cyklZyciaDo><sln:cyklZyciaOd>2017-01-26T00:00:00+01:00</sln:cyklZyciaOd><sln:gmIIPId>1713ed99-0704-481d-b70a-c6c927e648d5</sln:gmIIPId><sln:gmIIPPn>PL.PZGIK.200</sln:gmIIPPn><sln:gmIIPWersja>2012-09-26T22:08:26+02:00</sln:gmIIPWersja><sln:gmIdTeryt>1202072</sln:gmIdTeryt><sln:gmNazwa>Szczurowa</sln:gmNazwa><sln:miejscIIPId>4553c0ee-5202-43e6-bece-90fdaca58a61</sln:miejscIIPId><sln:miejscIIPPn>PL.PZGIK.200</sln:miejscIIPPn><sln:miejscIIPWersja>2017-01-26T14:37:21+02:00</sln:miejscIIPWersja><sln:miejscIdTeryt>0831652</sln:miejscIdTeryt><sln:miejscNazwa>Pojawie</sln:miejscNazwa><sln:miejscRodzaj>Wieś</sln:miejscRodzaj><sln:powIIPId>8d0b0a85-17f0-4358-98a4-d312d6212b93</sln:powIIPId><sln:powIIPPn>PL.PZGIK.200</sln:powIIPPn><sln:powIIPWersja>2012-09-27T07:52:00+02:00</sln:powIIPWersja><sln:powIdTeryt>1202</sln:powIdTeryt><sln:powNazwa>brzeski</sln:powNazwa><sln:waznyOd>2017-01-26T00:00:00+01:00</sln:waznyOd><sln:wojIIPId>dd2e3c64-f861-47cf-a3a3-e7751f272b2f</sln:wojIIPId><sln:wojIIPPn>PL.PZGIK.200</sln:wojIIPPn><sln:wojIIPWersja>2017-10-10T00:00:00+02:00</sln:wojIIPWersja><sln:wojIdTeryt>12</sln:wojIdTeryt><sln:wojNazwa>małopolskie</sln:wojNazwa></sln:miejscowosc><sln:miejscowosc><sln:cyklZyciaDo>2017-03-23T00:00:00+01:00</sln:cyklZyciaDo><sln:cyklZyciaOd>2017-01-26T00:00:00+01:00</sln:cyklZyciaOd><sln:gmIIPId>1713ed99-0704-481d-b70a-c6c927e648d5</sln:gmIIPId><sln:gmIIPPn>PL.PZGIK.200</sln:gmIIPPn><sln:gmIIPWersja>2012-09-26T22:08:26+02:00</sln:gmIIPWersja><sln:gmIdTeryt>1202072</sln:gmIdTeryt><sln:gmNazwa>Szczurowa</sln:gmNazwa><sln:miejscIIPId>8e1ba560-3488-41e4-a536-7b9a5b7bf538</sln:miejscIIPId><sln:miejscIIPPn>PL.PZGIK.200</sln:miejscIIPPn><sln:miejscIIPWersja>2017-01-26T14:37:21+02:00</sln:miejscIIPWersja><sln:miejscIdTeryt>0831379</sln:miejscIdTeryt><sln:miejscNazwa>Dąbrówka Morska</sln:miejscNazwa><sln:miejscRodzaj>Wieś</sln:miejscRodzaj><sln:powIIPId>8d0b0a85-17f0-4358-98a4-d312d6212b93</sln:powIIPId><sln:powIIPPn>PL.PZGIK.200</sln:powIIPPn><sln:powIIPWersja>2012-09-27T07:52:00+02:00</sln:powIIPWersja><sln:powIdTeryt>1202</sln:powIdTeryt><sln:powNazwa>brzeski</sln:powNazwa><sln:waznyOd>2017-01-26T00:00:00+01:00</sln:waznyOd><sln:wojIIPId>dd2e3c64-f861-47cf-a3a3-e7751f272b2f</sln:wojIIPId><sln:wojIIPPn>PL.PZGIK.200</sln:wojIIPPn><sln:wojIIPWersja>2017-10-10T00:00:00+02:00</sln:wojIIPWersja><sln:wojIdTeryt>12</sln:wojIdTeryt><sln:wojNazwa>małopolskie</sln:wojNazwa></sln:miejscowosc><sln:miejscowosc><sln:cyklZyciaDo>2017-03-23T00:00:00+01:00</sln:cyklZyciaDo><sln:cyklZyciaOd>2017-01-26T00:00:00+01:00</sln:cyklZyciaOd><sln:gmIIPId>1713ed99-0704-481d-b70a-c6c927e648d5</sln:gmIIPId><sln:gmIIPPn>PL.PZGIK.200</sln:gmIIPPn><sln:gmIIPWersja>2012-09-26T22:08:26+02:00</sln:gmIIPWersja><sln:gmIdTeryt>1202072</sln:gmIdTeryt><sln:gmNazwa>Szczurowa</sln:gmNazwa><sln:miejscIIPId>71f06e51-4941-4ab9-ad0a-67b351b1a727</sln:miejscIIPId><sln:miejscIIPPn>PL.PZGIK.200</sln:miejscIIPPn><sln:miejscIIPWersja>2017-01-26T14:37:21+02:00</sln:miejscIIPWersja><sln:miejscIdTeryt>0831830</sln:miejscIdTeryt><sln:miejscNazwa>Strzelce Małe</sln:miejscNazwa><sln:miejscRodzaj>Wieś</sln:miejscRodzaj><sln:powIIPId>8d0b0a85-17f0-4358-98a4-d312d6212b93</sln:powIIPId><sln:powIIPPn>PL.PZGIK.200</sln:powIIPPn><sln:powIIPWersja>2012-09-27T07:52:00+02:00</sln:powIIPWersja><sln:powIdTeryt>1202</sln:powIdTeryt><sln:powNazwa>brzeski</sln:powNazwa><sln:waznyOd>2017-01-26T00:00:00+01:00</sln:waznyOd><sln:wojIIPId>dd2e3c64-f861-47cf-a3a3-e7751f272b2f</sln:wojIIPId><sln:wojIIPPn>PL.PZGIK.200</sln:wojIIPPn><sln:wojIIPWersja>2017-10-10T00:00:00+02:00</sln:wojIIPWersja><sln:wojIdTeryt>12</sln:wojIdTeryt><sln:wojNazwa>małopolskie</sln:wojNazwa></sln:miejscowosc><sln:miejscowosc><sln:cyklZyciaDo>2017-03-23T00:00:00+01:00</sln:cyklZyciaDo><sln:cyklZyciaOd>2017-01-26T00:00:00+01:00</sln:cyklZyciaOd><sln:gmIIPId>1713ed99-0704-481d-b70a-c6c927e648d5</sln:gmIIPId><sln:gmIIPPn>PL.PZGIK.200</sln:gmIIPPn><sln:gmIIPWersja>2012-09-26T22:08:26+02:00</sln:gmIIPWersja><sln:gmIdTeryt>1202072</sln:gmIdTeryt><sln:gmNazwa>Szczurowa</sln:gmNazwa><sln:miejscIIPId>c2bd7379-200b-4c76-9af8-db3830721a81</sln:miejscIIPId><sln:miejscIIPPn>PL.PZGIK.200</sln:miejscIIPPn><sln:miejscIIPWersja>2017-01-26T14:37:21+02:00</sln:miejscIIPWersja><sln:miejscIdTeryt>0831451</sln:miejscIdTeryt><sln:miejscNazwa>Górka</sln:miejscNazwa><sln:miejscRodzaj>Wieś</sln:miejscRodzaj><sln:powIIPId>8d0b0a85-17f0-4358-98a4-d312d6212b93</sln:powIIPId><sln:powIIPPn>PL.PZGIK.200</sln:powIIPPn><sln:powIIPWersja>2012-09-27T07:52:00+02:00</sln:powIIPWersja><sln:powIdTeryt>1202</sln:powIdTeryt><sln:powNazwa>brzeski</sln:powNazwa><sln:waznyOd>2017-01-26T00:00:00+01:00</sln:waznyOd><sln:wojIIPId>dd2e3c64-f861-47cf-a3a3-e7751f272b2f</sln:wojIIPId><sln:wojIIPPn>PL.PZGIK.200</sln:wojIIPPn><sln:wojIIPWersja>2017-10-10T00:00:00+02:00</sln:wojIIPWersja><sln:wojIdTeryt>12</sln:wojIdTeryt><sln:wojNazwa>małopolskie</sln:wojNazwa></sln:miejscowosc><sln:miejscowosc><sln:cyklZyciaDo>2017-03-23T00:00:00+01:00</sln:cyklZyciaDo><sln:cyklZyciaOd>2017-01-26T00:00:00+01:00</sln:cyklZyciaOd><sln:gmIIPId>1713ed99-0704-481d-b70a-c6c927e648d5</sln:gmIIPId><sln:gmIIPPn>PL.PZGIK.200</sln:gmIIPPn><sln:gmIIPWersja>2012-09-26T22:08:26+02:00</sln:gmIIPWersja><sln:gmIdTeryt>1202072</sln:gmIdTeryt><sln:gmNazwa>Szczurowa</sln:gmNazwa><sln:miejscIIPId>656e2451-1e47-4dd7-a986-518bac7f5fd4</sln:miejscIIPId><sln:miejscIIPPn>PL.PZGIK.200</sln:miejscIIPPn><sln:miejscIIPWersja>2017-01-26T14:37:21+02:00</sln:miejscIIPWersja><sln:miejscIdTeryt>0831528</sln:miejscIdTeryt><sln:miejscNazwa>Kopacze Wielkie</sln:miejscNazwa><sln:miejscRodzaj>Wieś</sln:miejscRodzaj><sln:powIIPId>8d0b0a85-17f0-4358-98a4-d312d6212b93</sln:powIIPId><sln:powIIPPn>PL.PZGIK.200</sln:powIIPPn><sln:powIIPWersja>2012-09-27T07:52:00+02:00</sln:powIIPWersja><sln:powIdTeryt>1202</sln:powIdTeryt><sln:powNazwa>brzeski</sln:powNazwa><sln:waznyOd>2017-01-26T00:00:00+01:00</sln:waznyOd><sln:wojIIPId>dd2e3c64-f861-47cf-a3a3-e7751f272b2f</sln:wojIIPId><sln:wojIIPPn>PL.PZGIK.200</sln:wojIIPPn><sln:wojIIPWersja>2017-10-10T00:00:00+02:00</sln:wojIIPWersja><sln:wojIdTeryt>12</sln:wojIdTeryt><sln:wojNazwa>małopolskie</sln:wojNazwa></sln:miejscowosc><sln:miejscowosc><sln:cyklZyciaDo>2017-03-23T00:00:00+01:00</sln:cyklZyciaDo><sln:cyklZyciaOd>2017-01-26T00:00:00+01:00</sln:cyklZyciaOd><sln:gmIIPId>1713ed99-0704-481d-b70a-c6c927e648d5</sln:gmIIPId><sln:gmIIPPn>PL.PZGIK.200</sln:gmIIPPn><sln:gmIIPWersja>2012-09-26T22:08:26+02:00</sln:gmIIPWersja><sln:gmIdTeryt>1202072</sln:gmIdTeryt><sln:gmNazwa>Szczurowa</sln:gmNazwa><sln:miejscIIPId>d91389e6-b9c2-4f03-96cf-cecb719e2a58</sln:miejscIIPId><sln:miejscIIPPn>PL.PZGIK.200</sln:miejscIIPPn><sln:miejscIIPWersja>2017-01-26T14:37:21+02:00</sln:miejscIIPWersja><sln:miejscIdTeryt>0831793</sln:miejscIdTeryt><sln:miejscNazwa>Rylowa</sln:miejscNazwa><sln:miejscRodzaj>Wieś</sln:miejscRodzaj><sln:powIIPId>8d0b0a85-17f0-4358-98a4-d312d6212b93</sln:powIIPId><sln:powIIPPn>PL.PZGIK.200</sln:powIIPPn><sln:powIIPWersja>2012-09-27T07:52:00+02:00</sln:powIIPWersja><sln:powIdTeryt>1202</sln:powIdTeryt><sln:powNazwa>brzeski</sln:powNazwa><sln:waznyOd>2017-01-26T00:00:00+01:00</sln:waznyOd><sln:wojIIPId>dd2e3c64-f861-47cf-a3a3-e7751f272b2f</sln:wojIIPId><sln:wojIIPPn>PL.PZGIK.200</sln:wojIIPPn><sln:wojIIPWersja>2017-10-10T00:00:00+02:00</sln:wojIIPWersja><sln:wojIdTeryt>12</sln:wojIdTeryt><sln:wojNazwa>małopolskie</sln:wojNazwa></sln:miejscowosc><sln:miejscowosc><sln:cyklZyciaDo>2017-03-23T00:00:00+01:00</sln:cyklZyciaDo><sln:cyklZyciaOd>2017-01-26T00:00:00+01:00</sln:cyklZyciaOd><sln:gmIIPId>1713ed99-0704-481d-b70a-c6c927e648d5</sln:gmIIPId><sln:gmIIPPn>PL.PZGIK.200</sln:gmIIPPn><sln:gmIIPWersja>2012-09-26T22:08:26+02:00</sln:gmIIPWersja><sln:gmIdTeryt>1202072</sln:gmIdTeryt><sln:gmNazwa>Szczurowa</sln:gmNazwa><sln:miejscIIPId>a71672d7-3848-4b96-b012-0f572ff00f4c</sln:miejscIIPId><sln:miejscIIPPn>PL.PZGIK.200</sln:miejscIIPPn><sln:miejscIIPWersja>2017-01-26T14:37:21+02:00</sln:miejscIIPWersja><sln:miejscIdTeryt>0832090</sln:miejscIdTeryt><sln:miejscNazwa>Wola Przemykowska</sln:miejscNazwa><sln:miejscRodzaj>Wieś</sln:miejscRodzaj><sln:powIIPId>8d0b0a85-17f0-4358-98a4-d312d6212b93</sln:powIIPId><sln:powIIPPn>PL.PZGIK.200</sln:powIIPPn><sln:powIIPWersja>2012-09-27T07:52:00+02:00</sln:powIIPWersja><sln:powIdTeryt>1202</sln:powIdTeryt><sln:powNazwa>brzeski</sln:powNazwa><sln:waznyOd>2017-01-26T00:00:00+01:00</sln:waznyOd><sln:wojIIPId>dd2e3c64-f861-47cf-a3a3-e7751f272b2f</sln:wojIIPId><sln:wojIIPPn>PL.PZGIK.200</sln:wojIIPPn><sln:wojIIPWersja>2017-10-10T00:00:00+02:00</sln:wojIIPWersja><sln:wojIdTeryt>12</sln:wojIdTeryt><sln:wojNazwa>małopolskie</sln:wojNazwa></sln:miejscowosc><sln:miejscowosc><sln:cyklZyciaDo>2017-03-23T00:00:00+01:00</sln:cyklZyciaDo><sln:cyklZyciaOd>2017-01-26T00:00:00+01:00</sln:cyklZyciaOd><sln:gmIIPId>1713ed99-0704-481d-b70a-c6c927e648d5</sln:gmIIPId><sln:gmIIPPn>PL.PZGIK.200</sln:gmIIPPn><sln:gmIIPWersja>2012-09-26T22:08:26+02:00</sln:gmIIPWersja><sln:gmIdTeryt>1202072</sln:gmIdTeryt><sln:gmNazwa>Szczurowa</sln:gmNazwa><sln:miejscIIPId>453d6fe9-7868-4433-867c-837f7b7f8e63</sln:miejscIIPId><sln:miejscIIPPn>PL.PZGIK.200</sln:miejscIIPPn><sln:miejscIIPWersja>2017-01-26T14:37:21+02:00</sln:miejscIIPWersja><sln:miejscIdTeryt>0831860</sln:miejscIdTeryt><sln:miejscNazwa>Strzelce Wielkie</sln:miejscNazwa><sln:miejscRodzaj>Wieś</sln:miejscRodzaj><sln:powIIPId>8d0b0a85-17f0-4358-98a4-d312d6212b93</sln:powIIPId><sln:powIIPPn>PL.PZGIK.200</sln:powIIPPn><sln:powIIPWersja>2012-09-27T07:52:00+02:00</sln:powIIPWersja><sln:powIdTeryt>1202</sln:powIdTeryt><sln:powNazwa>brzeski</sln:powNazwa><sln:waznyOd>2017-01-26T00:00:00+01:00</sln:waznyOd><sln:wojIIPId>dd2e3c64-f861-47cf-a3a3-e7751f272b2f</sln:wojIIPId><sln:wojIIPPn>PL.PZGIK.200</sln:wojIIPPn><sln:wojIIPWersja>2017-10-10T00:00:00+02:00</sln:wojIIPWersja><sln:wojIdTeryt>12</sln:wojIdTeryt><sln:wojNazwa>małopolskie</sln:wojNazwa></sln:miejscowosc><sln:miejscowosc><sln:cyklZyciaDo>2017-03-23T00:00:00+01:00</sln:cyklZyciaDo><sln:cyklZyciaOd>2017-01-26T00:00:00+01:00</sln:cyklZyciaOd><sln:gmIIPId>1713ed99-0704-481d-b70a-c6c927e648d5</sln:gmIIPId><sln:gmIIPPn>PL.PZGIK.200</sln:gmIIPPn><sln:gmIIPWersja>2012-09-26T22:08:26+02:00</sln:gmIIPWersja><sln:gmIdTeryt>1202072</sln:gmIdTeryt><sln:gmNazwa>Szczurowa</sln:gmNazwa><sln:miejscIIPId>fd8ec826-68fe-428f-86ad-74d74c5cb65e</sln:miejscIIPId><sln:miejscIIPPn>PL.PZGIK.200</sln:miejscIIPPn><sln:miejscIIPWersja>2017-01-26T14:37:21+02:00</sln:miejscIIPWersja><sln:miejscIdTeryt>0832195</sln:miejscIdTeryt><sln:miejscNazwa>Zaborów</sln:miejscNazwa><sln:miejscRodzaj>Wieś</sln:miejscRodzaj><sln:powIIPId>8d0b0a85-17f0-4358-98a4-d312d6212b93</sln:powIIPId><sln:powIIPPn>PL.PZGIK.200</sln:powIIPPn><sln:powIIPWersja>2012-09-27T07:52:00+02:00</sln:powIIPWersja><sln:powIdTeryt>1202</sln:powIdTeryt><sln:powNazwa>brzeski</sln:powNazwa><sln:waznyOd>2017-01-26T00:00:00+01:00</sln:waznyOd><sln:wojIIPId>dd2e3c64-f861-47cf-a3a3-e7751f272b2f</sln:wojIIPId><sln:wojIIPPn>PL.PZGIK.200</sln:wojIIPPn><sln:wojIIPWersja>2017-10-10T00:00:00+02:00</sln:wojIIPWersja><sln:wojIdTeryt>12</sln:wojIdTeryt><sln:wojNazwa>małopolskie</sln:wojNazwa></sln:miejscowosc><sln:miejscowosc><sln:cyklZyciaDo>2017-03-23T00:00:00+01:00</sln:cyklZyciaDo><sln:cyklZyciaOd>2017-01-26T00:00:00+01:00</sln:cyklZyciaOd><sln:gmIIPId>1713ed99-0704-481d-b70a-c6c927e648d5</sln:gmIIPId><sln:gmIIPPn>PL.PZGIK.200</sln:gmIIPPn><sln:gmIIPWersja>2012-09-26T22:08:26+02:00</sln:gmIIPWersja><sln:gmIdTeryt>1202072</sln:gmIdTeryt><sln:gmNazwa>Szczurowa</sln:gmNazwa><sln:miejscIIPId>b82883e1-5e9e-4bb9-850f-6551524d31ad</sln:miejscIIPId><sln:miejscIIPPn>PL.PZGIK.200</sln:miejscIIPPn><sln:miejscIIPWersja>2017-01-26T14:37:21+02:00</sln:miejscIIPWersja><sln:miejscIdTeryt>0832166</sln:miejscIdTeryt><sln:miejscNazwa>Wrzępia</sln:miejscNazwa><sln:miejscRodzaj>Wieś</sln:miejscRodzaj><sln:powIIPId>8d0b0a85-17f0-4358-98a4-d312d6212b93</sln:powIIPId><sln:powIIPPn>PL.PZGIK.200</sln:powIIPPn><sln:powIIPWersja>2012-09-27T07:52:00+02:00</sln:powIIPWersja><sln:powIdTeryt>1202</sln:powIdTeryt><sln:powNazwa>brzeski</sln:powNazwa><sln:waznyOd>2017-01-26T00:00:00+01:00</sln:waznyOd><sln:wojIIPId>dd2e3c64-f861-47cf-a3a3-e7751f272b2f</sln:wojIIPId><sln:wojIIPPn>PL.PZGIK.200</sln:wojIIPPn><sln:wojIIPWersja>2017-10-10T00:00:00+02:00</sln:wojIIPWersja><sln:wojIdTeryt>12</sln:wojIdTeryt><sln:wojNazwa>małopolskie</sln:wojNazwa></sln:miejscowosc><sln:miejscowosc><sln:cyklZyciaDo>2017-03-23T00:00:00+01:00</sln:cyklZyciaDo><sln:cyklZyciaOd>2017-01-26T00:00:00+01:00</sln:cyklZyciaOd><sln:gmIIPId>1713ed99-0704-481d-b70a-c6c927e648d5</sln:gmIIPId><sln:gmIIPPn>PL.PZGIK.200</sln:gmIIPPn><sln:gmIIPWersja>2012-09-26T22:08:26+02:00</sln:gmIIPWersja><sln:gmIdTeryt>1202072</sln:gmIdTeryt><sln:gmNazwa>Szczurowa</sln:gmNazwa><sln:miejscIIPId>d4c2fb4e-48db-4dcd-9c83-d583bc878fdb</sln:miejscIIPId><sln:miejscIIPPn>PL.PZGIK.200</sln:miejscIIPPn><sln:miejscIIPWersja>2017-01-26T14:37:22+02:00</sln:miejscIIPWersja><sln:miejscIdTeryt>0831698</sln:miejscIdTeryt><sln:miejscNazwa>Popędzyna</sln:miejscNazwa><sln:miejscRodzaj>Wieś</sln:miejscRodzaj><sln:powIIPId>8d0b0a85-17f0-4358-98a4-d312d6212b93</sln:powIIPId><sln:powIIPPn>PL.PZGIK.200</sln:powIIPPn><sln:powIIPWersja>2012-09-27T07:52:00+02:00</sln:powIIPWersja><sln:powIdTeryt>1202</sln:powIdTeryt><sln:powNazwa>brzeski</sln:powNazwa><sln:waznyOd>2017-01-26T00:00:00+01:00</sln:waznyOd><sln:wojIIPId>dd2e3c64-f861-47cf-a3a3-e7751f272b2f</sln:wojIIPId><sln:wojIIPPn>PL.PZGIK.200</sln:wojIIPPn><sln:wojIIPWersja>2017-10-10T00:00:00+02:00</sln:wojIIPWersja><sln:wojIdTeryt>12</sln:wojIdTeryt><sln:wojNazwa>małopolskie</sln:wojNazwa></sln:miejscowosc><sln:miejscowosc><sln:cyklZyciaDo>2017-03-23T00:00:00+01:00</sln:cyklZyciaDo><sln:cyklZyciaOd>2017-01-26T00:00:00+01:00</sln:cyklZyciaOd><sln:gmIIPId>1713ed99-0704-481d-b70a-c6c927e648d5</sln:gmIIPId><sln:gmIIPPn>PL.PZGIK.200</sln:gmIIPPn><sln:gmIIPWersja>2012-09-26T22:08:26+02:00</sln:gmIIPWersja><sln:gmIdTeryt>1202072</sln:gmIdTeryt><sln:gmNazwa>Szczurowa</sln:gmNazwa><sln:miejscIIPId>48849d24-a203-4eb3-93c2-cfc967de072a</sln:miejscIIPId><sln:miejscIIPPn>PL.PZGIK.200</sln:miejscIIPPn><sln:miejscIIPWersja>2017-01-26T14:37:22+02:00</sln:miejscIIPWersja><sln:miejscIdTeryt>0831557</sln:miejscIdTeryt><sln:miejscNazwa>Kwików</sln:miejscNazwa><sln:miejscRodzaj>Wieś</sln:miejscRodzaj><sln:powIIPId>8d0b0a85-17f0-4358-98a4-d312d6212b93</sln:powIIPId><sln:powIIPPn>PL.PZGIK.200</sln:powIIPPn><sln:powIIPWersja>2012-09-27T07:52:00+02:00</sln:powIIPWersja><sln:powIdTeryt>1202</sln:powIdTeryt><sln:powNazwa>brzeski</sln:powNazwa><sln:waznyOd>2017-01-26T00:00:00+01:00</sln:waznyOd><sln:wojIIPId>dd2e3c64-f861-47cf-a3a3-e7751f272b2f</sln:wojIIPId><sln:wojIIPPn>PL.PZGIK.200</sln:wojIIPPn><sln:wojIIPWersja>2017-10-10T00:00:00+02:00</sln:wojIIPWersja><sln:wojIdTeryt>12</sln:wojIdTeryt><sln:wojNazwa>małopolskie</sln:wojNazwa></sln:miejscowosc><sln:miejscowosc><sln:cyklZyciaDo>2017-03-23T00:00:00+01:00</sln:cyklZyciaDo><sln:cyklZyciaOd>2017-01-26T00:00:00+01:00</sln:cyklZyciaOd><sln:gmIIPId>1713ed99-0704-481d-b70a-c6c927e648d5</sln:gmIIPId><sln:gmIIPPn>PL.PZGIK.200</sln:gmIIPPn><sln:gmIIPWersja>2012-09-26T22:08:26+02:00</sln:gmIIPWersja><sln:gmIdTeryt>1202072</sln:gmIdTeryt><sln:gmNazwa>Szczurowa</sln:gmNazwa><sln:miejscIIPId>5b213664-fb97-47cb-98b9-2fe7e3d28b62</sln:miejscIIPId><sln:miejscIIPPn>PL.PZGIK.200</sln:miejscIIPPn><sln:miejscIIPWersja>2017-01-26T14:37:22+02:00</sln:miejscIIPWersja><sln:miejscIdTeryt>0831712</sln:miejscIdTeryt><sln:miejscNazwa>Rajsko</sln:miejscNazwa><sln:miejscRodzaj>Wieś</sln:miejscRodzaj><sln:powIIPId>8d0b0a85-17f0-4358-98a4-d312d6212b93</sln:powIIPId><sln:powIIPPn>PL.PZGIK.200</sln:powIIPPn><sln:powIIPWersja>2012-09-27T07:52:00+02:00</sln:powIIPWersja><sln:powIdTeryt>1202</sln:powIdTeryt><sln:powNazwa>brzeski</sln:powNazwa><sln:waznyOd>2017-01-26T00:00:00+01:00</sln:waznyOd><sln:wojIIPId>dd2e3c64-f861-47cf-a3a3-e7751f272b2f</sln:wojIIPId><sln:wojIIPPn>PL.PZGIK.200</sln:wojIIPPn><sln:wojIIPWersja>2017-10-10T00:00:00+02:00</sln:wojIIPWersja><sln:wojIdTeryt>12</sln:wojIdTeryt><sln:wojNazwa>małopolskie</sln:wojNazwa></sln:miejscowosc><sln:miejscowosc><sln:cyklZyciaDo>2017-03-23T00:00:00+01:00</sln:cyklZyciaDo><sln:cyklZyciaOd>2017-01-26T00:00:00+01:00</sln:cyklZyciaOd><sln:gmIIPId>1713ed99-0704-481d-b70a-c6c927e648d5</sln:gmIIPId><sln:gmIIPPn>PL.PZGIK.200</sln:gmIIPPn><sln:gmIIPWersja>2012-09-26T22:08:26+02:00</sln:gmIIPWersja><sln:gmIdTeryt>1202072</sln:gmIdTeryt><sln:gmNazwa>Szczurowa</sln:gmNazwa><sln:miejscIIPId>4fb795de-fdfe-4e2d-9c26-678acba2aac0</sln:miejscIIPId><sln:miejscIIPPn>PL.PZGIK.200</sln:miejscIIPPn><sln:miejscIIPWersja>2017-01-26T14:37:22+02:00</sln:miejscIIPWersja><sln:miejscIdTeryt>0831362</sln:miejscIdTeryt><sln:miejscNazwa>Barczków</sln:miejscNazwa><sln:miejscRodzaj>Wieś</sln:miejscRodzaj><sln:powIIPId>8d0b0a85-17f0-4358-98a4-d312d6212b93</sln:powIIPId><sln:powIIPPn>PL.PZGIK.200</sln:powIIPPn><sln:powIIPWersja>2012-09-27T07:52:00+02:00</sln:powIIPWersja><sln:powIdTeryt>1202</sln:powIdTeryt><sln:powNazwa>brzeski</sln:powNazwa><sln:waznyOd>2017-01-26T00:00:00+01:00</sln:waznyOd><sln:wojIIPId>dd2e3c64-f861-47cf-a3a3-e7751f272b2f</sln:wojIIPId><sln:wojIIPPn>PL.PZGIK.200</sln:wojIIPPn><sln:wojIIPWersja>2017-10-10T00:00:00+02:00</sln:wojIIPWersja><sln:wojIdTeryt>12</sln:wojIdTeryt><sln:wojNazwa>małopolskie</sln:wojNazwa></sln:miejscowosc><sln:miejscowosc><sln:cyklZyciaDo>2017-03-23T00:00:00+01:00</sln:cyklZyciaDo><sln:cyklZyciaOd>2017-01-26T00:00:00+01:00</sln:cyklZyciaOd><sln:gmIIPId>1713ed99-0704-481d-b70a-c6c927e648d5</sln:gmIIPId><sln:gmIIPPn>PL.PZGIK.200</sln:gmIIPPn><sln:gmIIPWersja>2012-09-26T22:08:26+02:00</sln:gmIIPWersja><sln:gmIdTeryt>1202072</sln:gmIdTeryt><sln:gmNazwa>Szczurowa</sln:gmNazwa><sln:miejscIIPId>95f50006-1cb4-4ecf-af0a-13e5a81172a9</sln:miejscIIPId><sln:miejscIIPPn>PL.PZGIK.200</sln:miejscIIPPn><sln:miejscIIPWersja>2017-01-26T14:37:22+02:00</sln:miejscIIPWersja><sln:miejscIdTeryt>0831600</sln:miejscIdTeryt><sln:miejscNazwa>Niedzieliska</sln:miejscNazwa><sln:miejscRodzaj>Wieś</sln:miejscRodzaj><sln:powIIPId>8d0b0a85-17f0-4358-98a4-d312d6212b93</sln:powIIPId><sln:powIIPPn>PL.PZGIK.200</sln:powIIPPn><sln:powIIPWersja>2012-09-27T07:52:00+02:00</sln:powIIPWersja><sln:powIdTeryt>1202</sln:powIdTeryt><sln:powNazwa>brzeski</sln:powNazwa><sln:waznyOd>2017-01-26T00:00:00+01:00</sln:waznyOd><sln:wojIIPId>dd2e3c64-f861-47cf-a3a3-e7751f272b2f</sln:wojIIPId><sln:wojIIPPn>PL.PZGIK.200</sln:wojIIPPn><sln:wojIIPWersja>2017-10-10T00:00:00+02:00</sln:wojIIPWersja><sln:wojIdTeryt>12</sln:wojIdTeryt><sln:wojNazwa>małopolskie</sln:wojNazwa></sln:miejscowosc></sln:lista-miejscowosci>