<?xml version="1.0" encoding="UTF-8" standalone="yes"?><sln:lista-miejscowosci xmlns:srv="http://gugik.gov.pl/schemas/slowniki-service/1.0" xmlns:sln="http://gugik.gov.pl/schemas/slowniki-schema/1.0"><sln:miejscowosc><sln:cyklZyciaOd>2014-12-06T00:00:00+01:00</sln:cyklZyciaOd><sln:gmIIPId>74d5644b-c0f4-447c-b3d4-95bdf355f513</sln:gmIIPId><sln:gmIIPPn>PL.PZGIK.200</sln:gmIIPPn><sln:gmIIPWersja>2012-09-26T22:08:26+02:00</sln:gmIIPWersja><sln:gmIdTeryt>1202052</sln:gmIdTeryt><sln:gmNazwa>Gnojnik</sln:gmNazwa><sln:miejscIIPId>58be3f74-97e1-424e-99d2-28a56ace8026</sln:miejscIIPId><sln:miejscIIPPn>PL.PZGIK.200</sln:miejscIIPPn><sln:miejscIIPWersja>2016-11-24T13:37:35+02:00</sln:miejscIIPWersja><sln:miejscIdTeryt>0819728</sln:miejscIdTeryt><sln:miejscNazwa>Gosprzydowa</sln:miejscNazwa><sln:miejscRodzaj>Wieś</sln:miejscRodzaj><sln:powIIPId>8d0b0a85-17f0-4358-98a4-d312d6212b93</sln:powIIPId><sln:powIIPPn>PL.PZGIK.200</sln:powIIPPn><sln:powIIPWersja>2012-09-27T07:52:00+02:00</sln:powIIPWersja><sln:powIdTeryt>1202</sln:powIdTeryt><sln:powNazwa>brzeski</sln:powNazwa><sln:wojIIPId>dd2e3c64-f861-47cf-a3a3-e7751f272b2f</sln:wojIIPId><sln:wojIIPPn>PL.PZGIK.200</sln:wojIIPPn><sln:wojIIPWersja>2017-10-10T00:00:00+02:00</sln:wojIIPWersja><sln:wojIdTeryt>12</sln:wojIdTeryt><sln:wojNazwa>małopolskie</sln:wojNazwa></sln:miejscowosc><sln:miejscowosc><sln:cyklZyciaOd>2014-12-06T00:00:00+01:00</sln:cyklZyciaOd><sln:gmIIPId>74d5644b-c0f4-447c-b3d4-95bdf355f513</sln:gmIIPId><sln:gmIIPPn>PL.PZGIK.200</sln:gmIIPPn><sln:gmIIPWersja>2012-09-26T22:08:26+02:00</sln:gmIIPWersja><sln:gmIdTeryt>1202052</sln:gmIdTeryt><sln:gmNazwa>Gnojnik</sln:gmNazwa><sln:miejscIIPId>38cdd4c8-079f-4911-9601-caf1f8b53472</sln:miejscIIPId><sln:miejscIIPPn>PL.PZGIK.200</sln:miejscIIPPn><sln:miejscIIPWersja>2016-11-24T13:56:42+02:00</sln:miejscIIPWersja><sln:miejscIdTeryt>0819800</sln:miejscIdTeryt><sln:miejscNazwa>Górka</sln:miejscNazwa><sln:miejscRodzaj>Inny obiekt</sln:miejscRodzaj><sln:powIIPId>8d0b0a85-17f0-4358-98a4-d312d6212b93</sln:powIIPId><sln:powIIPPn>PL.PZGIK.200</sln:powIIPPn><sln:powIIPWersja>2012-09-27T07:52:00+02:00</sln:powIIPWersja><sln:powIdTeryt>1202</sln:powIdTeryt><sln:powNazwa>brzeski</sln:powNazwa><sln:wojIIPId>dd2e3c64-f861-47cf-a3a3-e7751f272b2f</sln:wojIIPId><sln:wojIIPPn>PL.PZGIK.200</sln:wojIIPPn><sln:wojIIPWersja>2017-10-10T00:00:00+02:00</sln:wojIIPWersja><sln:wojIdTeryt>12</sln:wojIdTeryt><sln:wojNazwa>małopolskie</sln:wojNazwa></sln:miejscowosc><sln:miejscowosc><sln:cyklZyciaOd>2014-12-06T00:00:00+01:00</sln:cyklZyciaOd><sln:gmIIPId>74d5644b-c0f4-447c-b3d4-95bdf355f513</sln:gmIIPId><sln:gmIIPPn>PL.PZGIK.200</sln:gmIIPPn><sln:gmIIPWersja>2012-09-26T22:08:26+02:00</sln:gmIIPWersja><sln:gmIdTeryt>1202052</sln:gmIdTeryt><sln:gmNazwa>Gnojnik</sln:gmNazwa><sln:miejscIIPId>976e7b8f-63e6-4265-b47b-778a9a89b2a5</sln:miejscIIPId><sln:miejscIIPPn>PL.PZGIK.200</sln:miejscIIPPn><sln:miejscIIPWersja>2016-11-24T13:54:02+02:00</sln:miejscIIPWersja><sln:miejscIdTeryt>0819705</sln:miejscIdTeryt><sln:miejscNazwa>Wisowa</sln:miejscNazwa><sln:miejscRodzaj>Inny obiekt</sln:miejscRodzaj><sln:powIIPId>8d0b0a85-17f0-4358-98a4-d312d6212b93</sln:powIIPId><sln:powIIPPn>PL.PZGIK.200</sln:powIIPPn><sln:powIIPWersja>2012-09-27T07:52:00+02:00</sln:powIIPWersja><sln:powIdTeryt>1202</sln:powIdTeryt><sln:powNazwa>brzeski</sln:powNazwa><sln:wojIIPId>dd2e3c64-f861-47cf-a3a3-e7751f272b2f</sln:wojIIPId><sln:wojIIPPn>PL.PZGIK.200</sln:wojIIPPn><sln:wojIIPWersja>2017-10-10T00:00:00+02:00</sln:wojIIPWersja><sln:wojIdTeryt>12</sln:wojIdTeryt><sln:wojNazwa>małopolskie</sln:wojNazwa></sln:miejscowosc><sln:miejscowosc><sln:cyklZyciaOd>2014-12-06T00:00:00+01:00</sln:cyklZyciaOd><sln:gmIIPId>74d5644b-c0f4-447c-b3d4-95bdf355f513</sln:gmIIPId><sln:gmIIPPn>PL.PZGIK.200</sln:gmIIPPn><sln:gmIIPWersja>2012-09-26T22:08:26+02:00</sln:gmIIPWersja><sln:gmIdTeryt>1202052</sln:gmIdTeryt><sln:gmNazwa>Gnojnik</sln:gmNazwa><sln:miejscIIPId>ed05ab72-af9b-4e2d-90b2-fcc5dbc09a6b</sln:miejscIIPId><sln:miejscIIPPn>PL.PZGIK.200</sln:miejscIIPPn><sln:miejscIIPWersja>2016-11-24T13:44:39+02:00</sln:miejscIIPWersja><sln:miejscIdTeryt>1048026</sln:miejscIdTeryt><sln:miejscNazwa>Przyrwa</sln:miejscNazwa><sln:miejscRodzaj>Inny obiekt</sln:miejscRodzaj><sln:powIIPId>8d0b0a85-17f0-4358-98a4-d312d6212b93</sln:powIIPId><sln:powIIPPn>PL.PZGIK.200</sln:powIIPPn><sln:powIIPWersja>2012-09-27T07:52:00+02:00</sln:powIIPWersja><sln:powIdTeryt>1202</sln:powIdTeryt><sln:powNazwa>brzeski</sln:powNazwa><sln:wojIIPId>dd2e3c64-f861-47cf-a3a3-e7751f272b2f</sln:wojIIPId><sln:wojIIPPn>PL.PZGIK.200</sln:wojIIPPn><sln:wojIIPWersja>2017-10-10T00:00:00+02:00</sln:wojIIPWersja><sln:wojIdTeryt>12</sln:wojIdTeryt><sln:wojNazwa>małopolskie</sln:wojNazwa></sln:miejscowosc><sln:miejscowosc><sln:cyklZyciaOd>2014-12-06T00:00:00+01:00</sln:cyklZyciaOd><sln:gmIIPId>74d5644b-c0f4-447c-b3d4-95bdf355f513</sln:gmIIPId><sln:gmIIPPn>PL.PZGIK.200</sln:gmIIPPn><sln:gmIIPWersja>2012-09-26T22:08:26+02:00</sln:gmIIPWersja><sln:gmIdTeryt>1202052</sln:gmIdTeryt><sln:gmNazwa>Gnojnik</sln:gmNazwa><sln:miejscIIPId>05e1c8f8-b017-4154-93fd-7823c8cd0e6d</sln:miejscIIPId><sln:miejscIIPPn>PL.PZGIK.200</sln:miejscIIPPn><sln:miejscIIPWersja>2016-11-24T13:51:07+02:00</sln:miejscIIPWersja><sln:miejscIdTeryt>0819958</sln:miejscIdTeryt><sln:miejscNazwa>Podwisowa</sln:miejscNazwa><sln:miejscRodzaj>Inny obiekt</sln:miejscRodzaj><sln:powIIPId>8d0b0a85-17f0-4358-98a4-d312d6212b93</sln:powIIPId><sln:powIIPPn>PL.PZGIK.200</sln:powIIPPn><sln:powIIPWersja>2012-09-27T07:52:00+02:00</sln:powIIPWersja><sln:powIdTeryt>1202</sln:powIdTeryt><sln:powNazwa>brzeski</sln:powNazwa><sln:wojIIPId>dd2e3c64-f861-47cf-a3a3-e7751f272b2f</sln:wojIIPId><sln:wojIIPPn>PL.PZGIK.200</sln:wojIIPPn><sln:wojIIPWersja>2017-10-10T00:00:00+02:00</sln:wojIIPWersja><sln:wojIdTeryt>12</sln:wojIdTeryt><sln:wojNazwa>małopolskie</sln:wojNazwa></sln:miejscowosc><sln:miejscowosc><sln:cyklZyciaOd>2014-12-06T00:00:00+01:00</sln:cyklZyciaOd><sln:gmIIPId>74d5644b-c0f4-447c-b3d4-95bdf355f513</sln:gmIIPId><sln:gmIIPPn>PL.PZGIK.200</sln:gmIIPPn><sln:gmIIPWersja>2012-09-26T22:08:26+02:00</sln:gmIIPWersja><sln:gmIdTeryt>1202052</sln:gmIdTeryt><sln:gmNazwa>Gnojnik</sln:gmNazwa><sln:miejscIIPId>3c2327f8-53bf-4ace-a2d7-8cb8a9ac3707</sln:miejscIIPId><sln:miejscIIPPn>PL.PZGIK.200</sln:miejscIIPPn><sln:miejscIIPWersja>2016-11-24T13:34:37+02:00</sln:miejscIIPWersja><sln:miejscIdTeryt>0819941</sln:miejscIdTeryt><sln:miejscNazwa>Zawada Uszewska</sln:miejscNazwa><sln:miejscRodzaj>Wieś</sln:miejscRodzaj><sln:powIIPId>8d0b0a85-17f0-4358-98a4-d312d6212b93</sln:powIIPId><sln:powIIPPn>PL.PZGIK.200</sln:powIIPPn><sln:powIIPWersja>2012-09-27T07:52:00+02:00</sln:powIIPWersja><sln:powIdTeryt>1202</sln:powIdTeryt><sln:powNazwa>brzeski</sln:powNazwa><sln:wojIIPId>dd2e3c64-f861-47cf-a3a3-e7751f272b2f</sln:wojIIPId><sln:wojIIPPn>PL.PZGIK.200</sln:wojIIPPn><sln:wojIIPWersja>2017-10-10T00:00:00+02:00</sln:wojIIPWersja><sln:wojIdTeryt>12</sln:wojIdTeryt><sln:wojNazwa>małopolskie</sln:wojNazwa></sln:miejscowosc><sln:miejscowosc><sln:cyklZyciaOd>2014-12-06T00:00:00+01:00</sln:cyklZyciaOd><sln:gmIIPId>74d5644b-c0f4-447c-b3d4-95bdf355f513</sln:gmIIPId><sln:gmIIPPn>PL.PZGIK.200</sln:gmIIPPn><sln:gmIIPWersja>2012-09-26T22:08:26+02:00</sln:gmIIPWersja><sln:gmIdTeryt>1202052</sln:gmIdTeryt><sln:gmNazwa>Gnojnik</sln:gmNazwa><sln:miejscIIPId>f6da7266-08a7-4418-8a88-5f41fa66c4c2</sln:miejscIIPId><sln:miejscIIPPn>PL.PZGIK.200</sln:miejscIIPPn><sln:miejscIIPWersja>2016-11-24T13:56:42+02:00</sln:miejscIIPWersja><sln:miejscIdTeryt>0819817</sln:miejscIdTeryt><sln:miejscNazwa>Górny Gościniec</sln:miejscNazwa><sln:miejscRodzaj>Inny obiekt</sln:miejscRodzaj><sln:powIIPId>8d0b0a85-17f0-4358-98a4-d312d6212b93</sln:powIIPId><sln:powIIPPn>PL.PZGIK.200</sln:powIIPPn><sln:powIIPWersja>2012-09-27T07:52:00+02:00</sln:powIIPWersja><sln:powIdTeryt>1202</sln:powIdTeryt><sln:powNazwa>brzeski</sln:powNazwa><sln:wojIIPId>dd2e3c64-f861-47cf-a3a3-e7751f272b2f</sln:wojIIPId><sln:wojIIPPn>PL.PZGIK.200</sln:wojIIPPn><sln:wojIIPWersja>2017-10-10T00:00:00+02:00</sln:wojIIPWersja><sln:wojIdTeryt>12</sln:wojIdTeryt><sln:wojNazwa>małopolskie</sln:wojNazwa></sln:miejscowosc><sln:miejscowosc><sln:cyklZyciaOd>2014-12-06T00:00:00+01:00</sln:cyklZyciaOd><sln:gmIIPId>74d5644b-c0f4-447c-b3d4-95bdf355f513</sln:gmIIPId><sln:gmIIPPn>PL.PZGIK.200</sln:gmIIPPn><sln:gmIIPWersja>2012-09-26T22:08:26+02:00</sln:gmIIPWersja><sln:gmIdTeryt>1202052</sln:gmIdTeryt><sln:gmNazwa>Gnojnik</sln:gmNazwa><sln:miejscIIPId>cbf876ac-9231-4969-a470-79d1c80b2b91</sln:miejscIIPId><sln:miejscIIPPn>PL.PZGIK.200</sln:miejscIIPPn><sln:miejscIIPWersja>2016-11-24T13:49:13+02:00</sln:miejscIIPWersja><sln:miejscIdTeryt>0819875</sln:miejscIdTeryt><sln:miejscNazwa>Kąty</sln:miejscNazwa><sln:miejscRodzaj>Inny obiekt</sln:miejscRodzaj><sln:powIIPId>8d0b0a85-17f0-4358-98a4-d312d6212b93</sln:powIIPId><sln:powIIPPn>PL.PZGIK.200</sln:powIIPPn><sln:powIIPWersja>2012-09-27T07:52:00+02:00</sln:powIIPWersja><sln:powIdTeryt>1202</sln:powIdTeryt><sln:powNazwa>brzeski</sln:powNazwa><sln:wojIIPId>dd2e3c64-f861-47cf-a3a3-e7751f272b2f</sln:wojIIPId><sln:wojIIPPn>PL.PZGIK.200</sln:wojIIPPn><sln:wojIIPWersja>2017-10-10T00:00:00+02:00</sln:wojIIPWersja><sln:wojIdTeryt>12</sln:wojIdTeryt><sln:wojNazwa>małopolskie</sln:wojNazwa></sln:miejscowosc><sln:miejscowosc><sln:cyklZyciaOd>2014-12-06T00:00:00+01:00</sln:cyklZyciaOd><sln:gmIIPId>74d5644b-c0f4-447c-b3d4-95bdf355f513</sln:gmIIPId><sln:gmIIPPn>PL.PZGIK.200</sln:gmIIPPn><sln:gmIIPWersja>2012-09-26T22:08:26+02:00</sln:gmIIPWersja><sln:gmIdTeryt>1202052</sln:gmIdTeryt><sln:gmNazwa>Gnojnik</sln:gmNazwa><sln:miejscIIPId>5283ecf7-e2c6-49d6-8e1c-99c40863ef00</sln:miejscIIPId><sln:miejscIIPPn>PL.PZGIK.200</sln:miejscIIPPn><sln:miejscIIPWersja>2016-11-24T13:51:21+02:00</sln:miejscIIPWersja><sln:miejscIdTeryt>0819987</sln:miejscIdTeryt><sln:miejscNazwa>Granice</sln:miejscNazwa><sln:miejscRodzaj>Inny obiekt</sln:miejscRodzaj><sln:powIIPId>8d0b0a85-17f0-4358-98a4-d312d6212b93</sln:powIIPId><sln:powIIPPn>PL.PZGIK.200</sln:powIIPPn><sln:powIIPWersja>2012-09-27T07:52:00+02:00</sln:powIIPWersja><sln:powIdTeryt>1202</sln:powIdTeryt><sln:powNazwa>brzeski</sln:powNazwa><sln:wojIIPId>dd2e3c64-f861-47cf-a3a3-e7751f272b2f</sln:wojIIPId><sln:wojIIPPn>PL.PZGIK.200</sln:wojIIPPn><sln:wojIIPWersja>2017-10-10T00:00:00+02:00</sln:wojIIPWersja><sln:wojIdTeryt>12</sln:wojIdTeryt><sln:wojNazwa>małopolskie</sln:wojNazwa></sln:miejscowosc><sln:miejscowosc><sln:cyklZyciaOd>2014-12-06T00:00:00+01:00</sln:cyklZyciaOd><sln:gmIIPId>74d5644b-c0f4-447c-b3d4-95bdf355f513</sln:gmIIPId><sln:gmIIPPn>PL.PZGIK.200</sln:gmIIPPn><sln:gmIIPWersja>2012-09-26T22:08:26+02:00</sln:gmIIPWersja><sln:gmIdTeryt>1202052</sln:gmIdTeryt><sln:gmNazwa>Gnojnik</sln:gmNazwa><sln:miejscIIPId>96c95f7e-2084-4728-810e-aabe9ddea137</sln:miejscIIPId><sln:miejscIIPPn>PL.PZGIK.200</sln:miejscIIPPn><sln:miejscIIPWersja>2016-11-24T13:51:21+02:00</sln:miejscIIPWersja><sln:miejscIdTeryt>0820000</sln:miejscIdTeryt><sln:miejscNazwa>Za Wsią</sln:miejscNazwa><sln:miejscRodzaj>Inny obiekt</sln:miejscRodzaj><sln:powIIPId>8d0b0a85-17f0-4358-98a4-d312d6212b93</sln:powIIPId><sln:powIIPPn>PL.PZGIK.200</sln:powIIPPn><sln:powIIPWersja>2012-09-27T07:52:00+02:00</sln:powIIPWersja><sln:powIdTeryt>1202</sln:powIdTeryt><sln:powNazwa>brzeski</sln:powNazwa><sln:wojIIPId>dd2e3c64-f861-47cf-a3a3-e7751f272b2f</sln:wojIIPId><sln:wojIIPPn>PL.PZGIK.200</sln:wojIIPPn><sln:wojIIPWersja>2017-10-10T00:00:00+02:00</sln:wojIIPWersja><sln:wojIdTeryt>12</sln:wojIdTeryt><sln:wojNazwa>małopolskie</sln:wojNazwa></sln:miejscowosc><sln:miejscowosc><sln:cyklZyciaOd>2014-12-06T00:00:00+01:00</sln:cyklZyciaOd><sln:gmIIPId>74d5644b-c0f4-447c-b3d4-95bdf355f513</sln:gmIIPId><sln:gmIIPPn>PL.PZGIK.200</sln:gmIIPPn><sln:gmIIPWersja>2012-09-26T22:08:26+02:00</sln:gmIIPWersja><sln:gmIdTeryt>1202052</sln:gmIdTeryt><sln:gmNazwa>Gnojnik</sln:gmNazwa><sln:miejscIIPId>6adcd12b-f0e1-4eb2-9dc4-993cebe79fdc</sln:miejscIIPId><sln:miejscIIPPn>PL.PZGIK.200</sln:miejscIIPPn><sln:miejscIIPWersja>2016-11-24T13:56:42+02:00</sln:miejscIIPWersja><sln:miejscIdTeryt>0819830</sln:miejscIdTeryt><sln:miejscNazwa>Nadole</sln:miejscNazwa><sln:miejscRodzaj>Inny obiekt</sln:miejscRodzaj><sln:powIIPId>8d0b0a85-17f0-4358-98a4-d312d6212b93</sln:powIIPId><sln:powIIPPn>PL.PZGIK.200</sln:powIIPPn><sln:powIIPWersja>2012-09-27T07:52:00+02:00</sln:powIIPWersja><sln:powIdTeryt>1202</sln:powIdTeryt><sln:powNazwa>brzeski</sln:powNazwa><sln:wojIIPId>dd2e3c64-f861-47cf-a3a3-e7751f272b2f</sln:wojIIPId><sln:wojIIPPn>PL.PZGIK.200</sln:wojIIPPn><sln:wojIIPWersja>2017-10-10T00:00:00+02:00</sln:wojIIPWersja><sln:wojIdTeryt>12</sln:wojIdTeryt><sln:wojNazwa>małopolskie</sln:wojNazwa></sln:miejscowosc><sln:miejscowosc><sln:cyklZyciaOd>2014-12-06T00:00:00+01:00</sln:cyklZyciaOd><sln:gmIIPId>74d5644b-c0f4-447c-b3d4-95bdf355f513</sln:gmIIPId><sln:gmIIPPn>PL.PZGIK.200</sln:gmIIPPn><sln:gmIIPWersja>2012-09-26T22:08:26+02:00</sln:gmIIPWersja><sln:gmIdTeryt>1202052</sln:gmIdTeryt><sln:gmNazwa>Gnojnik</sln:gmNazwa><sln:miejscIIPId>d025ae78-33b4-40ca-be40-807df394fb68</sln:miejscIIPId><sln:miejscIIPPn>PL.PZGIK.200</sln:miejscIIPPn><sln:miejscIIPWersja>2016-11-24T13:54:02+02:00</sln:miejscIIPWersja><sln:miejscIdTeryt>0819674</sln:miejscIdTeryt><sln:miejscNazwa>Puste</sln:miejscNazwa><sln:miejscRodzaj>Inny obiekt</sln:miejscRodzaj><sln:powIIPId>8d0b0a85-17f0-4358-98a4-d312d6212b93</sln:powIIPId><sln:powIIPPn>PL.PZGIK.200</sln:powIIPPn><sln:powIIPWersja>2012-09-27T07:52:00+02:00</sln:powIIPWersja><sln:powIdTeryt>1202</sln:powIdTeryt><sln:powNazwa>brzeski</sln:powNazwa><sln:wojIIPId>dd2e3c64-f861-47cf-a3a3-e7751f272b2f</sln:wojIIPId><sln:wojIIPPn>PL.PZGIK.200</sln:wojIIPPn><sln:wojIIPWersja>2017-10-10T00:00:00+02:00</sln:wojIIPWersja><sln:wojIdTeryt>12</sln:wojIdTeryt><sln:wojNazwa>małopolskie</sln:wojNazwa></sln:miejscowosc><sln:miejscowosc><sln:cyklZyciaOd>2014-12-06T00:00:00+01:00</sln:cyklZyciaOd><sln:gmIIPId>74d5644b-c0f4-447c-b3d4-95bdf355f513</sln:gmIIPId><sln:gmIIPPn>PL.PZGIK.200</sln:gmIIPPn><sln:gmIIPWersja>2012-09-26T22:08:26+02:00</sln:gmIIPWersja><sln:gmIdTeryt>1202052</sln:gmIdTeryt><sln:gmNazwa>Gnojnik</sln:gmNazwa><sln:miejscIIPId>bfa52ca9-9107-43d6-b59d-35d889be91ad</sln:miejscIIPId><sln:miejscIIPPn>PL.PZGIK.200</sln:miejscIIPPn><sln:miejscIIPWersja>2016-11-24T13:54:13+02:00</sln:miejscIIPWersja><sln:miejscIdTeryt>0819734</sln:miejscIdTeryt><sln:miejscNazwa>Fiślerówka</sln:miejscNazwa><sln:miejscRodzaj>Inny obiekt</sln:miejscRodzaj><sln:powIIPId>8d0b0a85-17f0-4358-98a4-d312d6212b93</sln:powIIPId><sln:powIIPPn>PL.PZGIK.200</sln:powIIPPn><sln:powIIPWersja>2012-09-27T07:52:00+02:00</sln:powIIPWersja><sln:powIdTeryt>1202</sln:powIdTeryt><sln:powNazwa>brzeski</sln:powNazwa><sln:wojIIPId>dd2e3c64-f861-47cf-a3a3-e7751f272b2f</sln:wojIIPId><sln:wojIIPPn>PL.PZGIK.200</sln:wojIIPPn><sln:wojIIPWersja>2017-10-10T00:00:00+02:00</sln:wojIIPWersja><sln:wojIdTeryt>12</sln:wojIdTeryt><sln:wojNazwa>małopolskie</sln:wojNazwa></sln:miejscowosc><sln:miejscowosc><sln:cyklZyciaOd>2014-12-06T00:00:00+01:00</sln:cyklZyciaOd><sln:gmIIPId>74d5644b-c0f4-447c-b3d4-95bdf355f513</sln:gmIIPId><sln:gmIIPPn>PL.PZGIK.200</sln:gmIIPPn><sln:gmIIPWersja>2012-09-26T22:08:26+02:00</sln:gmIIPWersja><sln:gmIdTeryt>1202052</sln:gmIdTeryt><sln:gmNazwa>Gnojnik</sln:gmNazwa><sln:miejscIIPId>d58779d1-438c-4f4f-84aa-b1a401483bc6</sln:miejscIIPId><sln:miejscIIPPn>PL.PZGIK.200</sln:miejscIIPPn><sln:miejscIIPWersja>2016-11-24T13:54:13+02:00</sln:miejscIIPWersja><sln:miejscIdTeryt>0819740</sln:miejscIdTeryt><sln:miejscNazwa>Kucek</sln:miejscNazwa><sln:miejscRodzaj>Inny obiekt</sln:miejscRodzaj><sln:powIIPId>8d0b0a85-17f0-4358-98a4-d312d6212b93</sln:powIIPId><sln:powIIPPn>PL.PZGIK.200</sln:powIIPPn><sln:powIIPWersja>2012-09-27T07:52:00+02:00</sln:powIIPWersja><sln:powIdTeryt>1202</sln:powIdTeryt><sln:powNazwa>brzeski</sln:powNazwa><sln:wojIIPId>dd2e3c64-f861-47cf-a3a3-e7751f272b2f</sln:wojIIPId><sln:wojIIPPn>PL.PZGIK.200</sln:wojIIPPn><sln:wojIIPWersja>2017-10-10T00:00:00+02:00</sln:wojIIPWersja><sln:wojIdTeryt>12</sln:wojIdTeryt><sln:wojNazwa>małopolskie</sln:wojNazwa></sln:miejscowosc><sln:miejscowosc><sln:cyklZyciaOd>2014-12-06T00:00:00+01:00</sln:cyklZyciaOd><sln:gmIIPId>74d5644b-c0f4-447c-b3d4-95bdf355f513</sln:gmIIPId><sln:gmIIPPn>PL.PZGIK.200</sln:gmIIPPn><sln:gmIIPWersja>2012-09-26T22:08:26+02:00</sln:gmIIPWersja><sln:gmIdTeryt>1202052</sln:gmIdTeryt><sln:gmNazwa>Gnojnik</sln:gmNazwa><sln:miejscIIPId>303cdf70-cba7-45b9-9874-d8022037281f</sln:miejscIIPId><sln:miejscIIPPn>PL.PZGIK.200</sln:miejscIIPPn><sln:miejscIIPWersja>2016-11-24T13:54:13+02:00</sln:miejscIIPWersja><sln:miejscIdTeryt>0819763</sln:miejscIdTeryt><sln:miejscNazwa>Pisarzówka</sln:miejscNazwa><sln:miejscRodzaj>Inny obiekt</sln:miejscRodzaj><sln:powIIPId>8d0b0a85-17f0-4358-98a4-d312d6212b93</sln:powIIPId><sln:powIIPPn>PL.PZGIK.200</sln:powIIPPn><sln:powIIPWersja>2012-09-27T07:52:00+02:00</sln:powIIPWersja><sln:powIdTeryt>1202</sln:powIdTeryt><sln:powNazwa>brzeski</sln:powNazwa><sln:wojIIPId>dd2e3c64-f861-47cf-a3a3-e7751f272b2f</sln:wojIIPId><sln:wojIIPPn>PL.PZGIK.200</sln:wojIIPPn><sln:wojIIPWersja>2017-10-10T00:00:00+02:00</sln:wojIIPWersja><sln:wojIdTeryt>12</sln:wojIdTeryt><sln:wojNazwa>małopolskie</sln:wojNazwa></sln:miejscowosc><sln:miejscowosc><sln:cyklZyciaOd>2014-12-06T00:00:00+01:00</sln:cyklZyciaOd><sln:gmIIPId>74d5644b-c0f4-447c-b3d4-95bdf355f513</sln:gmIIPId><sln:gmIIPPn>PL.PZGIK.200</sln:gmIIPPn><sln:gmIIPWersja>2012-09-26T22:08:26+02:00</sln:gmIIPWersja><sln:gmIdTeryt>1202052</sln:gmIdTeryt><sln:gmNazwa>Gnojnik</sln:gmNazwa><sln:miejscIIPId>e12f06a8-75ab-45dd-9886-bfc132806670</sln:miejscIIPId><sln:miejscIIPPn>PL.PZGIK.200</sln:miejscIIPPn><sln:miejscIIPWersja>2016-11-24T13:56:42+02:00</sln:miejscIIPWersja><sln:miejscIdTeryt>0819852</sln:miejscIdTeryt><sln:miejscNazwa>Wichrowiec</sln:miejscNazwa><sln:miejscRodzaj>Inny obiekt</sln:miejscRodzaj><sln:powIIPId>8d0b0a85-17f0-4358-98a4-d312d6212b93</sln:powIIPId><sln:powIIPPn>PL.PZGIK.200</sln:powIIPPn><sln:powIIPWersja>2012-09-27T07:52:00+02:00</sln:powIIPWersja><sln:powIdTeryt>1202</sln:powIdTeryt><sln:powNazwa>brzeski</sln:powNazwa><sln:wojIIPId>dd2e3c64-f861-47cf-a3a3-e7751f272b2f</sln:wojIIPId><sln:wojIIPPn>PL.PZGIK.200</sln:wojIIPPn><sln:wojIIPWersja>2017-10-10T00:00:00+02:00</sln:wojIIPWersja><sln:wojIdTeryt>12</sln:wojIdTeryt><sln:wojNazwa>małopolskie</sln:wojNazwa></sln:miejscowosc><sln:miejscowosc><sln:cyklZyciaOd>2014-12-06T00:00:00+01:00</sln:cyklZyciaOd><sln:gmIIPId>74d5644b-c0f4-447c-b3d4-95bdf355f513</sln:gmIIPId><sln:gmIIPPn>PL.PZGIK.200</sln:gmIIPPn><sln:gmIIPWersja>2012-09-26T22:08:26+02:00</sln:gmIIPWersja><sln:gmIdTeryt>1202052</sln:gmIdTeryt><sln:gmNazwa>Gnojnik</sln:gmNazwa><sln:miejscIIPId>b2d5ada2-530b-48a3-b08c-d025100a2d65</sln:miejscIIPId><sln:miejscIIPPn>PL.PZGIK.200</sln:miejscIIPPn><sln:miejscIIPWersja>2016-11-24T13:56:42+02:00</sln:miejscIIPWersja><sln:miejscIdTeryt>0819846</sln:miejscIdTeryt><sln:miejscNazwa>Osice</sln:miejscNazwa><sln:miejscRodzaj>Inny obiekt</sln:miejscRodzaj><sln:powIIPId>8d0b0a85-17f0-4358-98a4-d312d6212b93</sln:powIIPId><sln:powIIPPn>PL.PZGIK.200</sln:powIIPPn><sln:powIIPWersja>2012-09-27T07:52:00+02:00</sln:powIIPWersja><sln:powIdTeryt>1202</sln:powIdTeryt><sln:powNazwa>brzeski</sln:powNazwa><sln:wojIIPId>dd2e3c64-f861-47cf-a3a3-e7751f272b2f</sln:wojIIPId><sln:wojIIPPn>PL.PZGIK.200</sln:wojIIPPn><sln:wojIIPWersja>2017-10-10T00:00:00+02:00</sln:wojIIPWersja><sln:wojIdTeryt>12</sln:wojIdTeryt><sln:wojNazwa>małopolskie</sln:wojNazwa></sln:miejscowosc><sln:miejscowosc><sln:cyklZyciaOd>2014-12-06T00:00:00+01:00</sln:cyklZyciaOd><sln:gmIIPId>74d5644b-c0f4-447c-b3d4-95bdf355f513</sln:gmIIPId><sln:gmIIPPn>PL.PZGIK.200</sln:gmIIPPn><sln:gmIIPWersja>2012-09-26T22:08:26+02:00</sln:gmIIPWersja><sln:gmIdTeryt>1202052</sln:gmIdTeryt><sln:gmNazwa>Gnojnik</sln:gmNazwa><sln:miejscIIPId>859e543f-4e69-4ec2-88db-0f9ea7bb4218</sln:miejscIIPId><sln:miejscIIPPn>PL.PZGIK.200</sln:miejscIIPPn><sln:miejscIIPWersja>2016-11-24T13:54:13+02:00</sln:miejscIIPWersja><sln:miejscIdTeryt>0819786</sln:miejscIdTeryt><sln:miejscNazwa>Ratoskie</sln:miejscNazwa><sln:miejscRodzaj>Inny obiekt</sln:miejscRodzaj><sln:powIIPId>8d0b0a85-17f0-4358-98a4-d312d6212b93</sln:powIIPId><sln:powIIPPn>PL.PZGIK.200</sln:powIIPPn><sln:powIIPWersja>2012-09-27T07:52:00+02:00</sln:powIIPWersja><sln:powIdTeryt>1202</sln:powIdTeryt><sln:powNazwa>brzeski</sln:powNazwa><sln:wojIIPId>dd2e3c64-f861-47cf-a3a3-e7751f272b2f</sln:wojIIPId><sln:wojIIPPn>PL.PZGIK.200</sln:wojIIPPn><sln:wojIIPWersja>2017-10-10T00:00:00+02:00</sln:wojIIPWersja><sln:wojIdTeryt>12</sln:wojIdTeryt><sln:wojNazwa>małopolskie</sln:wojNazwa></sln:miejscowosc><sln:miejscowosc><sln:cyklZyciaOd>2014-12-06T00:00:00+01:00</sln:cyklZyciaOd><sln:gmIIPId>74d5644b-c0f4-447c-b3d4-95bdf355f513</sln:gmIIPId><sln:gmIIPPn>PL.PZGIK.200</sln:gmIIPPn><sln:gmIIPWersja>2012-09-26T22:08:26+02:00</sln:gmIIPWersja><sln:gmIdTeryt>1202052</sln:gmIdTeryt><sln:gmNazwa>Gnojnik</sln:gmNazwa><sln:miejscIIPId>aa35f9b8-495a-418f-aa63-e00f473fdb52</sln:miejscIIPId><sln:miejscIIPPn>PL.PZGIK.200</sln:miejscIIPPn><sln:miejscIIPWersja>2016-11-24T13:56:02+02:00</sln:miejscIIPWersja><sln:miejscIdTeryt>0819591</sln:miejscIdTeryt><sln:miejscNazwa>Zagórze</sln:miejscNazwa><sln:miejscRodzaj>Inny obiekt</sln:miejscRodzaj><sln:powIIPId>8d0b0a85-17f0-4358-98a4-d312d6212b93</sln:powIIPId><sln:powIIPPn>PL.PZGIK.200</sln:powIIPPn><sln:powIIPWersja>2012-09-27T07:52:00+02:00</sln:powIIPWersja><sln:powIdTeryt>1202</sln:powIdTeryt><sln:powNazwa>brzeski</sln:powNazwa><sln:wojIIPId>dd2e3c64-f861-47cf-a3a3-e7751f272b2f</sln:wojIIPId><sln:wojIIPPn>PL.PZGIK.200</sln:wojIIPPn><sln:wojIIPWersja>2017-10-10T00:00:00+02:00</sln:wojIIPWersja><sln:wojIdTeryt>12</sln:wojIdTeryt><sln:wojNazwa>małopolskie</sln:wojNazwa></sln:miejscowosc><sln:miejscowosc><sln:cyklZyciaOd>2014-12-06T00:00:00+01:00</sln:cyklZyciaOd><sln:gmIIPId>74d5644b-c0f4-447c-b3d4-95bdf355f513</sln:gmIIPId><sln:gmIIPPn>PL.PZGIK.200</sln:gmIIPPn><sln:gmIIPWersja>2012-09-26T22:08:26+02:00</sln:gmIIPWersja><sln:gmIdTeryt>1202052</sln:gmIdTeryt><sln:gmNazwa>Gnojnik</sln:gmNazwa><sln:miejscIIPId>7361b58e-4a3c-4694-bdfd-ce828acdb023</sln:miejscIIPId><sln:miejscIIPPn>PL.PZGIK.200</sln:miejscIIPPn><sln:miejscIIPWersja>2016-11-24T13:54:13+02:00</sln:miejscIIPWersja><sln:miejscIdTeryt>0819770</sln:miejscIdTeryt><sln:miejscNazwa>Podkościelna</sln:miejscNazwa><sln:miejscRodzaj>Inny obiekt</sln:miejscRodzaj><sln:powIIPId>8d0b0a85-17f0-4358-98a4-d312d6212b93</sln:powIIPId><sln:powIIPPn>PL.PZGIK.200</sln:powIIPPn><sln:powIIPWersja>2012-09-27T07:52:00+02:00</sln:powIIPWersja><sln:powIdTeryt>1202</sln:powIdTeryt><sln:powNazwa>brzeski</sln:powNazwa><sln:wojIIPId>dd2e3c64-f861-47cf-a3a3-e7751f272b2f</sln:wojIIPId><sln:wojIIPPn>PL.PZGIK.200</sln:wojIIPPn><sln:wojIIPWersja>2017-10-10T00:00:00+02:00</sln:wojIIPWersja><sln:wojIdTeryt>12</sln:wojIdTeryt><sln:wojNazwa>małopolskie</sln:wojNazwa></sln:miejscowosc><sln:miejscowosc><sln:cyklZyciaOd>2014-12-06T00:00:00+01:00</sln:cyklZyciaOd><sln:gmIIPId>74d5644b-c0f4-447c-b3d4-95bdf355f513</sln:gmIIPId><sln:gmIIPPn>PL.PZGIK.200</sln:gmIIPPn><sln:gmIIPWersja>2012-09-26T22:08:26+02:00</sln:gmIIPWersja><sln:gmIdTeryt>1202052</sln:gmIdTeryt><sln:gmNazwa>Gnojnik</sln:gmNazwa><sln:miejscIIPId>09794f7c-7c07-4e62-bd57-e7f669e7288e</sln:miejscIIPId><sln:miejscIIPPn>PL.PZGIK.200</sln:miejscIIPPn><sln:miejscIIPWersja>2016-11-24T13:54:13+02:00</sln:miejscIIPWersja><sln:miejscIdTeryt>0819757</sln:miejscIdTeryt><sln:miejscNazwa>Nagórze</sln:miejscNazwa><sln:miejscRodzaj>Inny obiekt</sln:miejscRodzaj><sln:powIIPId>8d0b0a85-17f0-4358-98a4-d312d6212b93</sln:powIIPId><sln:powIIPPn>PL.PZGIK.200</sln:powIIPPn><sln:powIIPWersja>2012-09-27T07:52:00+02:00</sln:powIIPWersja><sln:powIdTeryt>1202</sln:powIdTeryt><sln:powNazwa>brzeski</sln:powNazwa><sln:wojIIPId>dd2e3c64-f861-47cf-a3a3-e7751f272b2f</sln:wojIIPId><sln:wojIIPPn>PL.PZGIK.200</sln:wojIIPPn><sln:wojIIPWersja>2017-10-10T00:00:00+02:00</sln:wojIIPWersja><sln:wojIdTeryt>12</sln:wojIdTeryt><sln:wojNazwa>małopolskie</sln:wojNazwa></sln:miejscowosc><sln:miejscowosc><sln:cyklZyciaOd>2014-12-06T00:00:00+01:00</sln:cyklZyciaOd><sln:gmIIPId>74d5644b-c0f4-447c-b3d4-95bdf355f513</sln:gmIIPId><sln:gmIIPPn>PL.PZGIK.200</sln:gmIIPPn><sln:gmIIPWersja>2012-09-26T22:08:26+02:00</sln:gmIIPWersja><sln:gmIdTeryt>1202052</sln:gmIdTeryt><sln:gmNazwa>Gnojnik</sln:gmNazwa><sln:miejscIIPId>4dbe35b6-3c8e-43cc-b002-5fa1761ce1d2</sln:miejscIIPId><sln:miejscIIPPn>PL.PZGIK.200</sln:miejscIIPPn><sln:miejscIIPWersja>2016-11-24T13:41:04+02:00</sln:miejscIIPWersja><sln:miejscIdTeryt>0819792</sln:miejscIdTeryt><sln:miejscNazwa>Lewniowa</sln:miejscNazwa><sln:miejscRodzaj>Wieś</sln:miejscRodzaj><sln:powIIPId>8d0b0a85-17f0-4358-98a4-d312d6212b93</sln:powIIPId><sln:powIIPPn>PL.PZGIK.200</sln:powIIPPn><sln:powIIPWersja>2012-09-27T07:52:00+02:00</sln:powIIPWersja><sln:powIdTeryt>1202</sln:powIdTeryt><sln:powNazwa>brzeski</sln:powNazwa><sln:wojIIPId>dd2e3c64-f861-47cf-a3a3-e7751f272b2f</sln:wojIIPId><sln:wojIIPPn>PL.PZGIK.200</sln:wojIIPPn><sln:wojIIPWersja>2017-10-10T00:00:00+02:00</sln:wojIIPWersja><sln:wojIdTeryt>12</sln:wojIdTeryt><sln:wojNazwa>małopolskie</sln:wojNazwa></sln:miejscowosc><sln:miejscowosc><sln:cyklZyciaOd>2014-12-06T00:00:00+01:00</sln:cyklZyciaOd><sln:gmIIPId>74d5644b-c0f4-447c-b3d4-95bdf355f513</sln:gmIIPId><sln:gmIIPPn>PL.PZGIK.200</sln:gmIIPPn><sln:gmIIPWersja>2012-09-26T22:08:26+02:00</sln:gmIIPWersja><sln:gmIdTeryt>1202052</sln:gmIdTeryt><sln:gmNazwa>Gnojnik</sln:gmNazwa><sln:miejscIIPId>6d9712b4-c3be-44db-9286-82bc0da5ccfd</sln:miejscIIPId><sln:miejscIIPPn>PL.PZGIK.200</sln:miejscIIPPn><sln:miejscIIPWersja>2016-11-24T13:51:21+02:00</sln:miejscIIPWersja><sln:miejscIdTeryt>0819993</sln:miejscIdTeryt><sln:miejscNazwa>Rędzina</sln:miejscNazwa><sln:miejscRodzaj>Inny obiekt</sln:miejscRodzaj><sln:powIIPId>8d0b0a85-17f0-4358-98a4-d312d6212b93</sln:powIIPId><sln:powIIPPn>PL.PZGIK.200</sln:powIIPPn><sln:powIIPWersja>2012-09-27T07:52:00+02:00</sln:powIIPWersja><sln:powIdTeryt>1202</sln:powIdTeryt><sln:powNazwa>brzeski</sln:powNazwa><sln:wojIIPId>dd2e3c64-f861-47cf-a3a3-e7751f272b2f</sln:wojIIPId><sln:wojIIPPn>PL.PZGIK.200</sln:wojIIPPn><sln:wojIIPWersja>2017-10-10T00:00:00+02:00</sln:wojIIPWersja><sln:wojIdTeryt>12</sln:wojIdTeryt><sln:wojNazwa>małopolskie</sln:wojNazwa></sln:miejscowosc><sln:miejscowosc><sln:cyklZyciaOd>2014-12-06T00:00:00+01:00</sln:cyklZyciaOd><sln:gmIIPId>74d5644b-c0f4-447c-b3d4-95bdf355f513</sln:gmIIPId><sln:gmIIPPn>PL.PZGIK.200</sln:gmIIPPn><sln:gmIIPWersja>2012-09-26T22:08:26+02:00</sln:gmIIPWersja><sln:gmIdTeryt>1202052</sln:gmIdTeryt><sln:gmNazwa>Gnojnik</sln:gmNazwa><sln:miejscIIPId>caf75598-63c5-4e3c-bfff-dad03fb0cd56</sln:miejscIIPId><sln:miejscIIPPn>PL.PZGIK.200</sln:miejscIIPPn><sln:miejscIIPWersja>2016-11-24T13:32:50+02:00</sln:miejscIIPWersja><sln:miejscIdTeryt>0819869</sln:miejscIdTeryt><sln:miejscNazwa>Uszew</sln:miejscNazwa><sln:miejscRodzaj>Wieś</sln:miejscRodzaj><sln:powIIPId>8d0b0a85-17f0-4358-98a4-d312d6212b93</sln:powIIPId><sln:powIIPPn>PL.PZGIK.200</sln:powIIPPn><sln:powIIPWersja>2012-09-27T07:52:00+02:00</sln:powIIPWersja><sln:powIdTeryt>1202</sln:powIdTeryt><sln:powNazwa>brzeski</sln:powNazwa><sln:wojIIPId>dd2e3c64-f861-47cf-a3a3-e7751f272b2f</sln:wojIIPId><sln:wojIIPPn>PL.PZGIK.200</sln:wojIIPPn><sln:wojIIPWersja>2017-10-10T00:00:00+02:00</sln:wojIIPWersja><sln:wojIdTeryt>12</sln:wojIdTeryt><sln:wojNazwa>małopolskie</sln:wojNazwa></sln:miejscowosc><sln:miejscowosc><sln:cyklZyciaOd>2014-12-06T00:00:00+01:00</sln:cyklZyciaOd><sln:gmIIPId>74d5644b-c0f4-447c-b3d4-95bdf355f513</sln:gmIIPId><sln:gmIIPPn>PL.PZGIK.200</sln:gmIIPPn><sln:gmIIPWersja>2012-09-26T22:08:26+02:00</sln:gmIIPWersja><sln:gmIdTeryt>1202052</sln:gmIdTeryt><sln:gmNazwa>Gnojnik</sln:gmNazwa><sln:miejscIIPId>1441a9d7-ecf7-487f-ba18-b0d5a59a0611</sln:miejscIIPId><sln:miejscIIPPn>PL.PZGIK.200</sln:miejscIIPPn><sln:miejscIIPWersja>2016-11-24T13:37:24+02:00</sln:miejscIIPWersja><sln:miejscIdTeryt>0819616</sln:miejscIdTeryt><sln:miejscNazwa>Gnojnik</sln:miejscNazwa><sln:miejscRodzaj>Wieś</sln:miejscRodzaj><sln:powIIPId>8d0b0a85-17f0-4358-98a4-d312d6212b93</sln:powIIPId><sln:powIIPPn>PL.PZGIK.200</sln:powIIPPn><sln:powIIPWersja>2012-09-27T07:52:00+02:00</sln:powIIPWersja><sln:powIdTeryt>1202</sln:powIdTeryt><sln:powNazwa>brzeski</sln:powNazwa><sln:wojIIPId>dd2e3c64-f861-47cf-a3a3-e7751f272b2f</sln:wojIIPId><sln:wojIIPPn>PL.PZGIK.200</sln:wojIIPPn><sln:wojIIPWersja>2017-10-10T00:00:00+02:00</sln:wojIIPWersja><sln:wojIdTeryt>12</sln:wojIdTeryt><sln:wojNazwa>małopolskie</sln:wojNazwa></sln:miejscowosc><sln:miejscowosc><sln:cyklZyciaOd>2014-12-06T00:00:00+01:00</sln:cyklZyciaOd><sln:gmIIPId>74d5644b-c0f4-447c-b3d4-95bdf355f513</sln:gmIIPId><sln:gmIIPPn>PL.PZGIK.200</sln:gmIIPPn><sln:gmIIPWersja>2012-09-26T22:08:26+02:00</sln:gmIIPWersja><sln:gmIdTeryt>1202052</sln:gmIdTeryt><sln:gmNazwa>Gnojnik</sln:gmNazwa><sln:miejscIIPId>e02116a4-3057-4dc1-a9dc-3dc61957a4cc</sln:miejscIIPId><sln:miejscIIPPn>PL.PZGIK.200</sln:miejscIIPPn><sln:miejscIIPWersja>2016-11-24T13:49:13+02:00</sln:miejscIIPWersja><sln:miejscIdTeryt>0819935</sln:miejscIdTeryt><sln:miejscNazwa>Załęże</sln:miejscNazwa><sln:miejscRodzaj>Inny obiekt</sln:miejscRodzaj><sln:powIIPId>8d0b0a85-17f0-4358-98a4-d312d6212b93</sln:powIIPId><sln:powIIPPn>PL.PZGIK.200</sln:powIIPPn><sln:powIIPWersja>2012-09-27T07:52:00+02:00</sln:powIIPWersja><sln:powIdTeryt>1202</sln:powIdTeryt><sln:powNazwa>brzeski</sln:powNazwa><sln:wojIIPId>dd2e3c64-f861-47cf-a3a3-e7751f272b2f</sln:wojIIPId><sln:wojIIPPn>PL.PZGIK.200</sln:wojIIPPn><sln:wojIIPWersja>2017-10-10T00:00:00+02:00</sln:wojIIPWersja><sln:wojIdTeryt>12</sln:wojIdTeryt><sln:wojNazwa>małopolskie</sln:wojNazwa></sln:miejscowosc><sln:miejscowosc><sln:cyklZyciaOd>2014-12-06T00:00:00+01:00</sln:cyklZyciaOd><sln:gmIIPId>74d5644b-c0f4-447c-b3d4-95bdf355f513</sln:gmIIPId><sln:gmIIPPn>PL.PZGIK.200</sln:gmIIPPn><sln:gmIIPWersja>2012-09-26T22:08:26+02:00</sln:gmIIPWersja><sln:gmIdTeryt>1202052</sln:gmIdTeryt><sln:gmNazwa>Gnojnik</sln:gmNazwa><sln:miejscIIPId>c17d622d-2754-4531-81b2-f24da5360671</sln:miejscIIPId><sln:miejscIIPPn>PL.PZGIK.200</sln:miejscIIPPn><sln:miejscIIPWersja>2016-11-24T13:54:02+02:00</sln:miejscIIPWersja><sln:miejscIdTeryt>0819622</sln:miejscIdTeryt><sln:miejscNazwa>Anczykówka</sln:miejscNazwa><sln:miejscRodzaj>Inny obiekt</sln:miejscRodzaj><sln:powIIPId>8d0b0a85-17f0-4358-98a4-d312d6212b93</sln:powIIPId><sln:powIIPPn>PL.PZGIK.200</sln:powIIPPn><sln:powIIPWersja>2012-09-27T07:52:00+02:00</sln:powIIPWersja><sln:powIdTeryt>1202</sln:powIdTeryt><sln:powNazwa>brzeski</sln:powNazwa><sln:wojIIPId>dd2e3c64-f861-47cf-a3a3-e7751f272b2f</sln:wojIIPId><sln:wojIIPPn>PL.PZGIK.200</sln:wojIIPPn><sln:wojIIPWersja>2017-10-10T00:00:00+02:00</sln:wojIIPWersja><sln:wojIdTeryt>12</sln:wojIdTeryt><sln:wojNazwa>małopolskie</sln:wojNazwa></sln:miejscowosc><sln:miejscowosc><sln:cyklZyciaOd>2014-12-06T00:00:00+01:00</sln:cyklZyciaOd><sln:gmIIPId>74d5644b-c0f4-447c-b3d4-95bdf355f513</sln:gmIIPId><sln:gmIIPPn>PL.PZGIK.200</sln:gmIIPPn><sln:gmIIPWersja>2012-09-26T22:08:26+02:00</sln:gmIIPWersja><sln:gmIdTeryt>1202052</sln:gmIdTeryt><sln:gmNazwa>Gnojnik</sln:gmNazwa><sln:miejscIIPId>18019b9c-b1dc-4cf0-82d5-0e3d4b8c63a2</sln:miejscIIPId><sln:miejscIIPPn>PL.PZGIK.200</sln:miejscIIPPn><sln:miejscIIPWersja>2016-11-24T13:54:02+02:00</sln:miejscIIPWersja><sln:miejscIdTeryt>0819639</sln:miejscIdTeryt><sln:miejscNazwa>Górka</sln:miejscNazwa><sln:miejscRodzaj>Inny obiekt</sln:miejscRodzaj><sln:powIIPId>8d0b0a85-17f0-4358-98a4-d312d6212b93</sln:powIIPId><sln:powIIPPn>PL.PZGIK.200</sln:powIIPPn><sln:powIIPWersja>2012-09-27T07:52:00+02:00</sln:powIIPWersja><sln:powIdTeryt>1202</sln:powIdTeryt><sln:powNazwa>brzeski</sln:powNazwa><sln:wojIIPId>dd2e3c64-f861-47cf-a3a3-e7751f272b2f</sln:wojIIPId><sln:wojIIPPn>PL.PZGIK.200</sln:wojIIPPn><sln:wojIIPWersja>2017-10-10T00:00:00+02:00</sln:wojIIPWersja><sln:wojIdTeryt>12</sln:wojIdTeryt><sln:wojNazwa>małopolskie</sln:wojNazwa></sln:miejscowosc><sln:miejscowosc><sln:cyklZyciaOd>2014-12-06T00:00:00+01:00</sln:cyklZyciaOd><sln:gmIIPId>74d5644b-c0f4-447c-b3d4-95bdf355f513</sln:gmIIPId><sln:gmIIPPn>PL.PZGIK.200</sln:gmIIPPn><sln:gmIIPWersja>2012-09-26T22:08:26+02:00</sln:gmIIPWersja><sln:gmIdTeryt>1202052</sln:gmIdTeryt><sln:gmNazwa>Gnojnik</sln:gmNazwa><sln:miejscIIPId>69e13199-7231-44d5-912e-4be1dbffad6e</sln:miejscIIPId><sln:miejscIIPPn>PL.PZGIK.200</sln:miejscIIPPn><sln:miejscIIPWersja>2016-11-24T13:54:02+02:00</sln:miejscIIPWersja><sln:miejscIdTeryt>0819645</sln:miejscIdTeryt><sln:miejscNazwa>Granice</sln:miejscNazwa><sln:miejscRodzaj>Inny obiekt</sln:miejscRodzaj><sln:powIIPId>8d0b0a85-17f0-4358-98a4-d312d6212b93</sln:powIIPId><sln:powIIPPn>PL.PZGIK.200</sln:powIIPPn><sln:powIIPWersja>2012-09-27T07:52:00+02:00</sln:powIIPWersja><sln:powIdTeryt>1202</sln:powIdTeryt><sln:powNazwa>brzeski</sln:powNazwa><sln:wojIIPId>dd2e3c64-f861-47cf-a3a3-e7751f272b2f</sln:wojIIPId><sln:wojIIPPn>PL.PZGIK.200</sln:wojIIPPn><sln:wojIIPWersja>2017-10-10T00:00:00+02:00</sln:wojIIPWersja><sln:wojIdTeryt>12</sln:wojIdTeryt><sln:wojNazwa>małopolskie</sln:wojNazwa></sln:miejscowosc><sln:miejscowosc><sln:cyklZyciaOd>2014-12-06T00:00:00+01:00</sln:cyklZyciaOd><sln:gmIIPId>74d5644b-c0f4-447c-b3d4-95bdf355f513</sln:gmIIPId><sln:gmIIPPn>PL.PZGIK.200</sln:gmIIPPn><sln:gmIIPWersja>2012-09-26T22:08:26+02:00</sln:gmIIPWersja><sln:gmIdTeryt>1202052</sln:gmIdTeryt><sln:gmNazwa>Gnojnik</sln:gmNazwa><sln:miejscIIPId>9f5b9215-dfbd-47ae-98c5-bee3044ed44f</sln:miejscIIPId><sln:miejscIIPPn>PL.PZGIK.200</sln:miejscIIPPn><sln:miejscIIPWersja>2016-11-24T13:39:56+02:00</sln:miejscIIPWersja><sln:miejscIdTeryt>0819579</sln:miejscIdTeryt><sln:miejscNazwa>Biesiadki</sln:miejscNazwa><sln:miejscRodzaj>Wieś</sln:miejscRodzaj><sln:powIIPId>8d0b0a85-17f0-4358-98a4-d312d6212b93</sln:powIIPId><sln:powIIPPn>PL.PZGIK.200</sln:powIIPPn><sln:powIIPWersja>2012-09-27T07:52:00+02:00</sln:powIIPWersja><sln:powIdTeryt>1202</sln:powIdTeryt><sln:powNazwa>brzeski</sln:powNazwa><sln:wojIIPId>dd2e3c64-f861-47cf-a3a3-e7751f272b2f</sln:wojIIPId><sln:wojIIPPn>PL.PZGIK.200</sln:wojIIPPn><sln:wojIIPWersja>2017-10-10T00:00:00+02:00</sln:wojIIPWersja><sln:wojIdTeryt>12</sln:wojIdTeryt><sln:wojNazwa>małopolskie</sln:wojNazwa></sln:miejscowosc><sln:miejscowosc><sln:cyklZyciaOd>2014-12-06T00:00:00+01:00</sln:cyklZyciaOd><sln:gmIIPId>74d5644b-c0f4-447c-b3d4-95bdf355f513</sln:gmIIPId><sln:gmIIPPn>PL.PZGIK.200</sln:gmIIPPn><sln:gmIIPWersja>2012-09-26T22:08:26+02:00</sln:gmIIPWersja><sln:gmIdTeryt>1202052</sln:gmIdTeryt><sln:gmNazwa>Gnojnik</sln:gmNazwa><sln:miejscIIPId>4a4d18b5-19fd-4ede-810e-f40ab4f539b7</sln:miejscIIPId><sln:miejscIIPPn>PL.PZGIK.200</sln:miejscIIPPn><sln:miejscIIPWersja>2016-11-24T13:51:07+02:00</sln:miejscIIPWersja><sln:miejscIdTeryt>0819964</sln:miejscIdTeryt><sln:miejscNazwa>Zagórze</sln:miejscNazwa><sln:miejscRodzaj>Inny obiekt</sln:miejscRodzaj><sln:powIIPId>8d0b0a85-17f0-4358-98a4-d312d6212b93</sln:powIIPId><sln:powIIPPn>PL.PZGIK.200</sln:powIIPPn><sln:powIIPWersja>2012-09-27T07:52:00+02:00</sln:powIIPWersja><sln:powIdTeryt>1202</sln:powIdTeryt><sln:powNazwa>brzeski</sln:powNazwa><sln:wojIIPId>dd2e3c64-f861-47cf-a3a3-e7751f272b2f</sln:wojIIPId><sln:wojIIPPn>PL.PZGIK.200</sln:wojIIPPn><sln:wojIIPWersja>2017-10-10T00:00:00+02:00</sln:wojIIPWersja><sln:wojIdTeryt>12</sln:wojIdTeryt><sln:wojNazwa>małopolskie</sln:wojNazwa></sln:miejscowosc><sln:miejscowosc><sln:cyklZyciaOd>2014-12-06T00:00:00+01:00</sln:cyklZyciaOd><sln:gmIIPId>74d5644b-c0f4-447c-b3d4-95bdf355f513</sln:gmIIPId><sln:gmIIPPn>PL.PZGIK.200</sln:gmIIPPn><sln:gmIIPWersja>2012-09-26T22:08:26+02:00</sln:gmIIPWersja><sln:gmIdTeryt>1202052</sln:gmIdTeryt><sln:gmNazwa>Gnojnik</sln:gmNazwa><sln:miejscIIPId>a2ea42a4-3233-45d8-8ea8-5a5b0b64df3a</sln:miejscIIPId><sln:miejscIIPPn>PL.PZGIK.200</sln:miejscIIPPn><sln:miejscIIPWersja>2016-11-24T13:49:13+02:00</sln:miejscIIPWersja><sln:miejscIdTeryt>0819912</sln:miejscIdTeryt><sln:miejscNazwa>Strona</sln:miejscNazwa><sln:miejscRodzaj>Inny obiekt</sln:miejscRodzaj><sln:powIIPId>8d0b0a85-17f0-4358-98a4-d312d6212b93</sln:powIIPId><sln:powIIPPn>PL.PZGIK.200</sln:powIIPPn><sln:powIIPWersja>2012-09-27T07:52:00+02:00</sln:powIIPWersja><sln:powIdTeryt>1202</sln:powIdTeryt><sln:powNazwa>brzeski</sln:powNazwa><sln:wojIIPId>dd2e3c64-f861-47cf-a3a3-e7751f272b2f</sln:wojIIPId><sln:wojIIPPn>PL.PZGIK.200</sln:wojIIPPn><sln:wojIIPWersja>2017-10-10T00:00:00+02:00</sln:wojIIPWersja><sln:wojIdTeryt>12</sln:wojIdTeryt><sln:wojNazwa>małopolskie</sln:wojNazwa></sln:miejscowosc><sln:miejscowosc><sln:cyklZyciaOd>2014-12-06T00:00:00+01:00</sln:cyklZyciaOd><sln:gmIIPId>74d5644b-c0f4-447c-b3d4-95bdf355f513</sln:gmIIPId><sln:gmIIPPn>PL.PZGIK.200</sln:gmIIPPn><sln:gmIIPWersja>2012-09-26T22:08:26+02:00</sln:gmIIPWersja><sln:gmIdTeryt>1202052</sln:gmIdTeryt><sln:gmNazwa>Gnojnik</sln:gmNazwa><sln:miejscIIPId>1b451f2f-3511-4425-92d9-8fcfebda53fb</sln:miejscIIPId><sln:miejscIIPPn>PL.PZGIK.200</sln:miejscIIPPn><sln:miejscIIPWersja>2016-11-24T13:35:09+02:00</sln:miejscIIPWersja><sln:miejscIdTeryt>0819970</sln:miejscIdTeryt><sln:miejscNazwa>Żerków</sln:miejscNazwa><sln:miejscRodzaj>Wieś</sln:miejscRodzaj><sln:powIIPId>8d0b0a85-17f0-4358-98a4-d312d6212b93</sln:powIIPId><sln:powIIPPn>PL.PZGIK.200</sln:powIIPPn><sln:powIIPWersja>2012-09-27T07:52:00+02:00</sln:powIIPWersja><sln:powIdTeryt>1202</sln:powIdTeryt><sln:powNazwa>brzeski</sln:powNazwa><sln:wojIIPId>dd2e3c64-f861-47cf-a3a3-e7751f272b2f</sln:wojIIPId><sln:wojIIPPn>PL.PZGIK.200</sln:wojIIPPn><sln:wojIIPWersja>2017-10-10T00:00:00+02:00</sln:wojIIPWersja><sln:wojIdTeryt>12</sln:wojIdTeryt><sln:wojNazwa>małopolskie</sln:wojNazwa></sln:miejscowosc><sln:miejscowosc><sln:cyklZyciaOd>2014-12-06T00:00:00+01:00</sln:cyklZyciaOd><sln:gmIIPId>74d5644b-c0f4-447c-b3d4-95bdf355f513</sln:gmIIPId><sln:gmIIPPn>PL.PZGIK.200</sln:gmIIPPn><sln:gmIIPWersja>2012-09-26T22:08:26+02:00</sln:gmIIPWersja><sln:gmIdTeryt>1202052</sln:gmIdTeryt><sln:gmNazwa>Gnojnik</sln:gmNazwa><sln:miejscIIPId>bf1cf445-80c4-45f8-961f-b45df7ee179c</sln:miejscIIPId><sln:miejscIIPPn>PL.PZGIK.200</sln:miejscIIPPn><sln:miejscIIPWersja>2016-11-24T13:56:42+02:00</sln:miejscIIPWersja><sln:miejscIdTeryt>0819823</sln:miejscIdTeryt><sln:miejscNazwa>Granice</sln:miejscNazwa><sln:miejscRodzaj>Inny obiekt</sln:miejscRodzaj><sln:powIIPId>8d0b0a85-17f0-4358-98a4-d312d6212b93</sln:powIIPId><sln:powIIPPn>PL.PZGIK.200</sln:powIIPPn><sln:powIIPWersja>2012-09-27T07:52:00+02:00</sln:powIIPWersja><sln:powIdTeryt>1202</sln:powIdTeryt><sln:powNazwa>brzeski</sln:powNazwa><sln:wojIIPId>dd2e3c64-f861-47cf-a3a3-e7751f272b2f</sln:wojIIPId><sln:wojIIPPn>PL.PZGIK.200</sln:wojIIPPn><sln:wojIIPWersja>2017-10-10T00:00:00+02:00</sln:wojIIPWersja><sln:wojIdTeryt>12</sln:wojIdTeryt><sln:wojNazwa>małopolskie</sln:wojNazwa></sln:miejscowosc><sln:miejscowosc><sln:cyklZyciaOd>2014-12-06T00:00:00+01:00</sln:cyklZyciaOd><sln:gmIIPId>74d5644b-c0f4-447c-b3d4-95bdf355f513</sln:gmIIPId><sln:gmIIPPn>PL.PZGIK.200</sln:gmIIPPn><sln:gmIIPWersja>2012-09-26T22:08:26+02:00</sln:gmIIPWersja><sln:gmIdTeryt>1202052</sln:gmIdTeryt><sln:gmNazwa>Gnojnik</sln:gmNazwa><sln:miejscIIPId>7eefe5ad-c9cd-4dd2-b04f-fceac5295aed</sln:miejscIIPId><sln:miejscIIPPn>PL.PZGIK.200</sln:miejscIIPPn><sln:miejscIIPWersja>2016-11-24T13:54:02+02:00</sln:miejscIIPWersja><sln:miejscIdTeryt>0819680</sln:miejscIdTeryt><sln:miejscNazwa>Śleparka</sln:miejscNazwa><sln:miejscRodzaj>Inny obiekt</sln:miejscRodzaj><sln:powIIPId>8d0b0a85-17f0-4358-98a4-d312d6212b93</sln:powIIPId><sln:powIIPPn>PL.PZGIK.200</sln:powIIPPn><sln:powIIPWersja>2012-09-27T07:52:00+02:00</sln:powIIPWersja><sln:powIdTeryt>1202</sln:powIdTeryt><sln:powNazwa>brzeski</sln:powNazwa><sln:wojIIPId>dd2e3c64-f861-47cf-a3a3-e7751f272b2f</sln:wojIIPId><sln:wojIIPPn>PL.PZGIK.200</sln:wojIIPPn><sln:wojIIPWersja>2017-10-10T00:00:00+02:00</sln:wojIIPWersja><sln:wojIdTeryt>12</sln:wojIdTeryt><sln:wojNazwa>małopolskie</sln:wojNazwa></sln:miejscowosc><sln:miejscowosc><sln:cyklZyciaOd>2014-12-06T00:00:00+01:00</sln:cyklZyciaOd><sln:gmIIPId>74d5644b-c0f4-447c-b3d4-95bdf355f513</sln:gmIIPId><sln:gmIIPPn>PL.PZGIK.200</sln:gmIIPPn><sln:gmIIPWersja>2012-09-26T22:08:26+02:00</sln:gmIIPWersja><sln:gmIdTeryt>1202052</sln:gmIdTeryt><sln:gmNazwa>Gnojnik</sln:gmNazwa><sln:miejscIIPId>28c52df6-dc61-4e31-90b4-732053229cfb</sln:miejscIIPId><sln:miejscIIPPn>PL.PZGIK.200</sln:miejscIIPPn><sln:miejscIIPWersja>2016-11-24T13:54:02+02:00</sln:miejscIIPWersja><sln:miejscIdTeryt>0819711</sln:miejscIdTeryt><sln:miejscNazwa>Wojtówka</sln:miejscNazwa><sln:miejscRodzaj>Inny obiekt</sln:miejscRodzaj><sln:powIIPId>8d0b0a85-17f0-4358-98a4-d312d6212b93</sln:powIIPId><sln:powIIPPn>PL.PZGIK.200</sln:powIIPPn><sln:powIIPWersja>2012-09-27T07:52:00+02:00</sln:powIIPWersja><sln:powIdTeryt>1202</sln:powIdTeryt><sln:powNazwa>brzeski</sln:powNazwa><sln:wojIIPId>dd2e3c64-f861-47cf-a3a3-e7751f272b2f</sln:wojIIPId><sln:wojIIPPn>PL.PZGIK.200</sln:wojIIPPn><sln:wojIIPWersja>2017-10-10T00:00:00+02:00</sln:wojIIPWersja><sln:wojIdTeryt>12</sln:wojIdTeryt><sln:wojNazwa>małopolskie</sln:wojNazwa></sln:miejscowosc><sln:miejscowosc><sln:cyklZyciaOd>2014-12-06T00:00:00+01:00</sln:cyklZyciaOd><sln:gmIIPId>74d5644b-c0f4-447c-b3d4-95bdf355f513</sln:gmIIPId><sln:gmIIPPn>PL.PZGIK.200</sln:gmIIPPn><sln:gmIIPWersja>2012-09-26T22:08:26+02:00</sln:gmIIPWersja><sln:gmIdTeryt>1202052</sln:gmIdTeryt><sln:gmNazwa>Gnojnik</sln:gmNazwa><sln:miejscIIPId>e86c21c9-622e-4ff0-9763-c3d15f23906e</sln:miejscIIPId><sln:miejscIIPPn>PL.PZGIK.200</sln:miejscIIPPn><sln:miejscIIPWersja>2016-11-24T13:49:13+02:00</sln:miejscIIPWersja><sln:miejscIdTeryt>0819906</sln:miejscIdTeryt><sln:miejscNazwa>Skotnica Strońska</sln:miejscNazwa><sln:miejscRodzaj>Inny obiekt</sln:miejscRodzaj><sln:powIIPId>8d0b0a85-17f0-4358-98a4-d312d6212b93</sln:powIIPId><sln:powIIPPn>PL.PZGIK.200</sln:powIIPPn><sln:powIIPWersja>2012-09-27T07:52:00+02:00</sln:powIIPWersja><sln:powIdTeryt>1202</sln:powIdTeryt><sln:powNazwa>brzeski</sln:powNazwa><sln:wojIIPId>dd2e3c64-f861-47cf-a3a3-e7751f272b2f</sln:wojIIPId><sln:wojIIPPn>PL.PZGIK.200</sln:wojIIPPn><sln:wojIIPWersja>2017-10-10T00:00:00+02:00</sln:wojIIPWersja><sln:wojIdTeryt>12</sln:wojIdTeryt><sln:wojNazwa>małopolskie</sln:wojNazwa></sln:miejscowosc><sln:miejscowosc><sln:cyklZyciaOd>2014-12-06T00:00:00+01:00</sln:cyklZyciaOd><sln:gmIIPId>74d5644b-c0f4-447c-b3d4-95bdf355f513</sln:gmIIPId><sln:gmIIPPn>PL.PZGIK.200</sln:gmIIPPn><sln:gmIIPWersja>2012-09-26T22:08:26+02:00</sln:gmIIPWersja><sln:gmIdTeryt>1202052</sln:gmIdTeryt><sln:gmNazwa>Gnojnik</sln:gmNazwa><sln:miejscIIPId>c7eff357-19c4-42cc-8490-53ad9c835f97</sln:miejscIIPId><sln:miejscIIPPn>PL.PZGIK.200</sln:miejscIIPPn><sln:miejscIIPWersja>2016-11-24T13:56:02+02:00</sln:miejscIIPWersja><sln:miejscIdTeryt>0819600</sln:miejscIdTeryt><sln:miejscNazwa>Zagrabie</sln:miejscNazwa><sln:miejscRodzaj>Inny obiekt</sln:miejscRodzaj><sln:powIIPId>8d0b0a85-17f0-4358-98a4-d312d6212b93</sln:powIIPId><sln:powIIPPn>PL.PZGIK.200</sln:powIIPPn><sln:powIIPWersja>2012-09-27T07:52:00+02:00</sln:powIIPWersja><sln:powIdTeryt>1202</sln:powIdTeryt><sln:powNazwa>brzeski</sln:powNazwa><sln:wojIIPId>dd2e3c64-f861-47cf-a3a3-e7751f272b2f</sln:wojIIPId><sln:wojIIPPn>PL.PZGIK.200</sln:wojIIPPn><sln:wojIIPWersja>2017-10-10T00:00:00+02:00</sln:wojIIPWersja><sln:wojIdTeryt>12</sln:wojIdTeryt><sln:wojNazwa>małopolskie</sln:wojNazwa></sln:miejscowosc></sln:lista-miejscowosci>