<?xml version="1.0" encoding="UTF-8" standalone="yes"?><sln:lista-miejscowosci xmlns:srv="http://gugik.gov.pl/schemas/slowniki-service/1.0" xmlns:sln="http://gugik.gov.pl/schemas/slowniki-schema/1.0"><sln:miejscowosc><sln:cyklZyciaDo>2016-11-26T00:00:00+01:00</sln:cyklZyciaDo><sln:cyklZyciaOd>2014-12-09T00:00:00+01:00</sln:cyklZyciaOd><sln:gmIIPId>b260481a-49e9-4398-a143-f23a408395e9</sln:gmIIPId><sln:gmIIPPn>PL.PZGIK.200</sln:gmIIPPn><sln:gmIIPWersja>2012-09-26T21:57:27+02:00</sln:gmIIPWersja><sln:gmIdTeryt>1401013</sln:gmIdTeryt><sln:gmNazwa>Białobrzegi</sln:gmNazwa><sln:miejscIIPId>d8386d05-5567-46ab-83dd-0bdcc696a372</sln:miejscIIPId><sln:miejscIIPPn>PL.PZGIK.200</sln:miejscIIPPn><sln:miejscIIPWersja>2016-11-24T13:29:02+02:00</sln:miejscIIPWersja><sln:miejscIdTeryt>4000155</sln:miejscIdTeryt><sln:miejscNazwa>Osiedle Brzezina</sln:miejscNazwa><sln:miejscRodzaj>Inny obiekt</sln:miejscRodzaj><sln:powIIPId>2a52ff3b-6f43-4385-a9b6-8b7ad0961028</sln:powIIPId><sln:powIIPPn>PL.PZGIK.200</sln:powIIPPn><sln:powIIPWersja>2012-09-27T08:13:53+02:00</sln:powIIPWersja><sln:powIdTeryt>1401</sln:powIdTeryt><sln:powNazwa>białobrzeski</sln:powNazwa><sln:wojIIPId>4b6c492a-eb04-441d-a92a-f44359c06de7</sln:wojIIPId><sln:wojIIPPn>PL.PZGIK.200</sln:wojIIPPn><sln:wojIIPWersja>2012-09-27T13:45:13+02:00</sln:wojIIPWersja><sln:wojIdTeryt>14</sln:wojIdTeryt><sln:wojNazwa>mazowieckie</sln:wojNazwa></sln:miejscowosc><sln:miejscowosc><sln:cyklZyciaDo>2016-11-26T00:00:00+01:00</sln:cyklZyciaDo><sln:cyklZyciaOd>2014-12-09T00:00:00+01:00</sln:cyklZyciaOd><sln:gmIIPId>b260481a-49e9-4398-a143-f23a408395e9</sln:gmIIPId><sln:gmIIPPn>PL.PZGIK.200</sln:gmIIPPn><sln:gmIIPWersja>2012-09-26T21:57:27+02:00</sln:gmIIPWersja><sln:gmIdTeryt>1401013</sln:gmIdTeryt><sln:gmNazwa>Białobrzegi</sln:gmNazwa><sln:miejscIIPId>5ca620ac-98cd-4621-aa22-bb1fa05c5e4b</sln:miejscIIPId><sln:miejscIIPPn>PL.PZGIK.200</sln:miejscIIPPn><sln:miejscIIPWersja>2016-11-24T13:36:07+02:00</sln:miejscIIPWersja><sln:miejscIdTeryt>0614535</sln:miejscIdTeryt><sln:miejscNazwa>Dąbrówka</sln:miejscNazwa><sln:miejscRodzaj>Wieś</sln:miejscRodzaj><sln:powIIPId>2a52ff3b-6f43-4385-a9b6-8b7ad0961028</sln:powIIPId><sln:powIIPPn>PL.PZGIK.200</sln:powIIPPn><sln:powIIPWersja>2012-09-27T08:13:53+02:00</sln:powIIPWersja><sln:powIdTeryt>1401</sln:powIdTeryt><sln:powNazwa>białobrzeski</sln:powNazwa><sln:wojIIPId>4b6c492a-eb04-441d-a92a-f44359c06de7</sln:wojIIPId><sln:wojIIPPn>PL.PZGIK.200</sln:wojIIPPn><sln:wojIIPWersja>2012-09-27T13:45:13+02:00</sln:wojIIPWersja><sln:wojIdTeryt>14</sln:wojIdTeryt><sln:wojNazwa>mazowieckie</sln:wojNazwa></sln:miejscowosc><sln:miejscowosc><sln:cyklZyciaDo>2016-11-26T00:00:00+01:00</sln:cyklZyciaDo><sln:cyklZyciaOd>2014-12-09T00:00:00+01:00</sln:cyklZyciaOd><sln:gmIIPId>b260481a-49e9-4398-a143-f23a408395e9</sln:gmIIPId><sln:gmIIPPn>PL.PZGIK.200</sln:gmIIPPn><sln:gmIIPWersja>2012-09-26T21:57:27+02:00</sln:gmIIPWersja><sln:gmIdTeryt>1401013</sln:gmIdTeryt><sln:gmNazwa>Białobrzegi</sln:gmNazwa><sln:miejscIIPId>e522f09f-7f83-41ec-ab2e-c3cf83728127</sln:miejscIIPId><sln:miejscIIPPn>PL.PZGIK.200</sln:miejscIIPPn><sln:miejscIIPWersja>2016-11-24T13:31:45+02:00</sln:miejscIIPWersja><sln:miejscIdTeryt>0614676</sln:miejscIdTeryt><sln:miejscNazwa>Suski Młynek</sln:miejscNazwa><sln:miejscRodzaj>Wieś</sln:miejscRodzaj><sln:powIIPId>2a52ff3b-6f43-4385-a9b6-8b7ad0961028</sln:powIIPId><sln:powIIPPn>PL.PZGIK.200</sln:powIIPPn><sln:powIIPWersja>2012-09-27T08:13:53+02:00</sln:powIIPWersja><sln:powIdTeryt>1401</sln:powIdTeryt><sln:powNazwa>białobrzeski</sln:powNazwa><sln:wojIIPId>4b6c492a-eb04-441d-a92a-f44359c06de7</sln:wojIIPId><sln:wojIIPPn>PL.PZGIK.200</sln:wojIIPPn><sln:wojIIPWersja>2012-09-27T13:45:13+02:00</sln:wojIIPWersja><sln:wojIdTeryt>14</sln:wojIdTeryt><sln:wojNazwa>mazowieckie</sln:wojNazwa></sln:miejscowosc><sln:miejscowosc><sln:cyklZyciaDo>2016-11-26T00:00:00+01:00</sln:cyklZyciaDo><sln:cyklZyciaOd>2014-12-09T00:00:00+01:00</sln:cyklZyciaOd><sln:gmIIPId>b260481a-49e9-4398-a143-f23a408395e9</sln:gmIIPId><sln:gmIIPPn>PL.PZGIK.200</sln:gmIIPPn><sln:gmIIPWersja>2012-09-26T21:57:27+02:00</sln:gmIIPWersja><sln:gmIdTeryt>1401013</sln:gmIdTeryt><sln:gmNazwa>Białobrzegi</sln:gmNazwa><sln:miejscIIPId>6cfe3125-7684-443f-ad83-a52f1681f7b2</sln:miejscIIPId><sln:miejscIIPPn>PL.PZGIK.200</sln:miejscIIPPn><sln:miejscIIPWersja>2016-11-24T13:28:49+02:00</sln:miejscIIPWersja><sln:miejscIdTeryt>4000129</sln:miejscIdTeryt><sln:miejscNazwa>Osiedle Poręba</sln:miejscNazwa><sln:miejscRodzaj>Inny obiekt</sln:miejscRodzaj><sln:powIIPId>2a52ff3b-6f43-4385-a9b6-8b7ad0961028</sln:powIIPId><sln:powIIPPn>PL.PZGIK.200</sln:powIIPPn><sln:powIIPWersja>2012-09-27T08:13:53+02:00</sln:powIIPWersja><sln:powIdTeryt>1401</sln:powIdTeryt><sln:powNazwa>białobrzeski</sln:powNazwa><sln:wojIIPId>4b6c492a-eb04-441d-a92a-f44359c06de7</sln:wojIIPId><sln:wojIIPPn>PL.PZGIK.200</sln:wojIIPPn><sln:wojIIPWersja>2012-09-27T13:45:13+02:00</sln:wojIIPWersja><sln:wojIdTeryt>14</sln:wojIdTeryt><sln:wojNazwa>mazowieckie</sln:wojNazwa></sln:miejscowosc><sln:miejscowosc><sln:cyklZyciaDo>2016-11-26T00:00:00+01:00</sln:cyklZyciaDo><sln:cyklZyciaOd>2014-12-09T00:00:00+01:00</sln:cyklZyciaOd><sln:gmIIPId>b260481a-49e9-4398-a143-f23a408395e9</sln:gmIIPId><sln:gmIIPPn>PL.PZGIK.200</sln:gmIIPPn><sln:gmIIPWersja>2012-09-26T21:57:27+02:00</sln:gmIIPWersja><sln:gmIdTeryt>1401013</sln:gmIdTeryt><sln:gmNazwa>Białobrzegi</sln:gmNazwa><sln:miejscIIPId>17876d07-479b-4da5-8cd7-fd3802deeaca</sln:miejscIIPId><sln:miejscIIPPn>PL.PZGIK.200</sln:miejscIIPPn><sln:miejscIIPWersja>2016-11-24T13:31:28+02:00</sln:miejscIIPWersja><sln:miejscIdTeryt>0614624</sln:miejscIdTeryt><sln:miejscNazwa>Stawiszyn</sln:miejscNazwa><sln:miejscRodzaj>Wieś</sln:miejscRodzaj><sln:powIIPId>2a52ff3b-6f43-4385-a9b6-8b7ad0961028</sln:powIIPId><sln:powIIPPn>PL.PZGIK.200</sln:powIIPPn><sln:powIIPWersja>2012-09-27T08:13:53+02:00</sln:powIIPWersja><sln:powIdTeryt>1401</sln:powIdTeryt><sln:powNazwa>białobrzeski</sln:powNazwa><sln:wojIIPId>4b6c492a-eb04-441d-a92a-f44359c06de7</sln:wojIIPId><sln:wojIIPPn>PL.PZGIK.200</sln:wojIIPPn><sln:wojIIPWersja>2012-09-27T13:45:13+02:00</sln:wojIIPWersja><sln:wojIdTeryt>14</sln:wojIdTeryt><sln:wojNazwa>mazowieckie</sln:wojNazwa></sln:miejscowosc><sln:miejscowosc><sln:cyklZyciaDo>2016-11-26T00:00:00+01:00</sln:cyklZyciaDo><sln:cyklZyciaOd>2014-12-09T00:00:00+01:00</sln:cyklZyciaOd><sln:gmIIPId>b260481a-49e9-4398-a143-f23a408395e9</sln:gmIIPId><sln:gmIIPPn>PL.PZGIK.200</sln:gmIIPPn><sln:gmIIPWersja>2012-09-26T21:57:27+02:00</sln:gmIIPWersja><sln:gmIdTeryt>1401013</sln:gmIdTeryt><sln:gmNazwa>Białobrzegi</sln:gmNazwa><sln:miejscIIPId>15e92978-b4cb-4105-b2f2-619a40f4c3e2</sln:miejscIIPId><sln:miejscIIPPn>PL.PZGIK.200</sln:miejscIIPPn><sln:miejscIIPWersja>2016-11-24T13:46:01+02:00</sln:miejscIIPWersja><sln:miejscIdTeryt>0614512</sln:miejscIdTeryt><sln:miejscNazwa>Kolonia Brzeźce</sln:miejscNazwa><sln:miejscRodzaj>Kolonia</sln:miejscRodzaj><sln:powIIPId>2a52ff3b-6f43-4385-a9b6-8b7ad0961028</sln:powIIPId><sln:powIIPPn>PL.PZGIK.200</sln:powIIPPn><sln:powIIPWersja>2012-09-27T08:13:53+02:00</sln:powIIPWersja><sln:powIdTeryt>1401</sln:powIdTeryt><sln:powNazwa>białobrzeski</sln:powNazwa><sln:wojIIPId>4b6c492a-eb04-441d-a92a-f44359c06de7</sln:wojIIPId><sln:wojIIPPn>PL.PZGIK.200</sln:wojIIPPn><sln:wojIIPWersja>2012-09-27T13:45:13+02:00</sln:wojIIPWersja><sln:wojIdTeryt>14</sln:wojIdTeryt><sln:wojNazwa>mazowieckie</sln:wojNazwa></sln:miejscowosc><sln:miejscowosc><sln:cyklZyciaDo>2016-11-26T00:00:00+01:00</sln:cyklZyciaDo><sln:cyklZyciaOd>2014-12-09T00:00:00+01:00</sln:cyklZyciaOd><sln:gmIIPId>b260481a-49e9-4398-a143-f23a408395e9</sln:gmIIPId><sln:gmIIPPn>PL.PZGIK.200</sln:gmIIPPn><sln:gmIIPWersja>2012-09-26T21:57:27+02:00</sln:gmIIPWersja><sln:gmIdTeryt>1401013</sln:gmIdTeryt><sln:gmNazwa>Białobrzegi</sln:gmNazwa><sln:miejscIIPId>6f4c5599-2e76-4dd6-b622-5bb5a362704b</sln:miejscIIPId><sln:miejscIIPPn>PL.PZGIK.200</sln:miejscIIPPn><sln:miejscIIPWersja>2016-11-24T13:39:11+02:00</sln:miejscIIPWersja><sln:miejscIdTeryt>0614564</sln:miejscIdTeryt><sln:miejscNazwa>Kamień</sln:miejscNazwa><sln:miejscRodzaj>Wieś</sln:miejscRodzaj><sln:powIIPId>2a52ff3b-6f43-4385-a9b6-8b7ad0961028</sln:powIIPId><sln:powIIPPn>PL.PZGIK.200</sln:powIIPPn><sln:powIIPWersja>2012-09-27T08:13:53+02:00</sln:powIIPWersja><sln:powIdTeryt>1401</sln:powIdTeryt><sln:powNazwa>białobrzeski</sln:powNazwa><sln:wojIIPId>4b6c492a-eb04-441d-a92a-f44359c06de7</sln:wojIIPId><sln:wojIIPPn>PL.PZGIK.200</sln:wojIIPPn><sln:wojIIPWersja>2012-09-27T13:45:13+02:00</sln:wojIIPWersja><sln:wojIdTeryt>14</sln:wojIdTeryt><sln:wojNazwa>mazowieckie</sln:wojNazwa></sln:miejscowosc><sln:miejscowosc><sln:cyklZyciaDo>2016-11-26T00:00:00+01:00</sln:cyklZyciaDo><sln:cyklZyciaOd>2014-12-09T00:00:00+01:00</sln:cyklZyciaOd><sln:gmIIPId>b260481a-49e9-4398-a143-f23a408395e9</sln:gmIIPId><sln:gmIIPPn>PL.PZGIK.200</sln:gmIIPPn><sln:gmIIPWersja>2012-09-26T21:57:27+02:00</sln:gmIIPWersja><sln:gmIdTeryt>1401013</sln:gmIdTeryt><sln:gmNazwa>Białobrzegi</sln:gmNazwa><sln:miejscIIPId>db89e814-cfde-4d34-bd8c-39ac0ee90cd2</sln:miejscIIPId><sln:miejscIIPPn>PL.PZGIK.200</sln:miejscIIPPn><sln:miejscIIPWersja>2016-11-24T13:31:40+02:00</sln:miejscIIPWersja><sln:miejscIdTeryt>4000383</sln:miejscIdTeryt><sln:miejscNazwa>Kolonia Sucha</sln:miejscNazwa><sln:miejscRodzaj>Inny obiekt</sln:miejscRodzaj><sln:powIIPId>2a52ff3b-6f43-4385-a9b6-8b7ad0961028</sln:powIIPId><sln:powIIPPn>PL.PZGIK.200</sln:powIIPPn><sln:powIIPWersja>2012-09-27T08:13:53+02:00</sln:powIIPWersja><sln:powIdTeryt>1401</sln:powIdTeryt><sln:powNazwa>białobrzeski</sln:powNazwa><sln:wojIIPId>4b6c492a-eb04-441d-a92a-f44359c06de7</sln:wojIIPId><sln:wojIIPPn>PL.PZGIK.200</sln:wojIIPPn><sln:wojIIPWersja>2012-09-27T13:45:13+02:00</sln:wojIIPWersja><sln:wojIdTeryt>14</sln:wojIdTeryt><sln:wojNazwa>mazowieckie</sln:wojNazwa></sln:miejscowosc><sln:miejscowosc><sln:cyklZyciaDo>2016-11-26T00:00:00+01:00</sln:cyklZyciaDo><sln:cyklZyciaOd>2014-12-09T00:00:00+01:00</sln:cyklZyciaOd><sln:gmIIPId>b260481a-49e9-4398-a143-f23a408395e9</sln:gmIIPId><sln:gmIIPPn>PL.PZGIK.200</sln:gmIIPPn><sln:gmIIPWersja>2012-09-26T21:57:27+02:00</sln:gmIIPWersja><sln:gmIdTeryt>1401013</sln:gmIdTeryt><sln:gmNazwa>Białobrzegi</sln:gmNazwa><sln:miejscIIPId>4e6f4f01-f8f0-43f0-8372-39b546273e7a</sln:miejscIIPId><sln:miejscIIPPn>PL.PZGIK.200</sln:miejscIIPPn><sln:miejscIIPWersja>2016-11-24T13:45:04+02:00</sln:miejscIIPWersja><sln:miejscIdTeryt>0614481</sln:miejscIdTeryt><sln:miejscNazwa>Podlas</sln:miejscNazwa><sln:miejscRodzaj>Inny obiekt</sln:miejscRodzaj><sln:powIIPId>2a52ff3b-6f43-4385-a9b6-8b7ad0961028</sln:powIIPId><sln:powIIPPn>PL.PZGIK.200</sln:powIIPPn><sln:powIIPWersja>2012-09-27T08:13:53+02:00</sln:powIIPWersja><sln:powIdTeryt>1401</sln:powIdTeryt><sln:powNazwa>białobrzeski</sln:powNazwa><sln:wojIIPId>4b6c492a-eb04-441d-a92a-f44359c06de7</sln:wojIIPId><sln:wojIIPPn>PL.PZGIK.200</sln:wojIIPPn><sln:wojIIPWersja>2012-09-27T13:45:13+02:00</sln:wojIIPWersja><sln:wojIdTeryt>14</sln:wojIdTeryt><sln:wojNazwa>mazowieckie</sln:wojNazwa></sln:miejscowosc><sln:miejscowosc><sln:cyklZyciaDo>2016-11-26T00:00:00+01:00</sln:cyklZyciaDo><sln:cyklZyciaOd>2014-12-09T00:00:00+01:00</sln:cyklZyciaOd><sln:gmIIPId>b260481a-49e9-4398-a143-f23a408395e9</sln:gmIIPId><sln:gmIIPPn>PL.PZGIK.200</sln:gmIIPPn><sln:gmIIPWersja>2012-09-26T21:57:27+02:00</sln:gmIIPWersja><sln:gmIdTeryt>1401013</sln:gmIdTeryt><sln:gmNazwa>Białobrzegi</sln:gmNazwa><sln:miejscIIPId>64fc252c-4dc3-4b4c-830c-48c286704839</sln:miejscIIPId><sln:miejscIIPPn>PL.PZGIK.200</sln:miejscIIPPn><sln:miejscIIPWersja>2016-11-24T13:28:41+02:00</sln:miejscIIPWersja><sln:miejscIdTeryt>0614618</sln:miejscIdTeryt><sln:miejscNazwa>Pohulanka</sln:miejscNazwa><sln:miejscRodzaj>Wieś</sln:miejscRodzaj><sln:powIIPId>2a52ff3b-6f43-4385-a9b6-8b7ad0961028</sln:powIIPId><sln:powIIPPn>PL.PZGIK.200</sln:powIIPPn><sln:powIIPWersja>2012-09-27T08:13:53+02:00</sln:powIIPWersja><sln:powIdTeryt>1401</sln:powIdTeryt><sln:powNazwa>białobrzeski</sln:powNazwa><sln:wojIIPId>4b6c492a-eb04-441d-a92a-f44359c06de7</sln:wojIIPId><sln:wojIIPPn>PL.PZGIK.200</sln:wojIIPPn><sln:wojIIPWersja>2012-09-27T13:45:13+02:00</sln:wojIIPWersja><sln:wojIdTeryt>14</sln:wojIdTeryt><sln:wojNazwa>mazowieckie</sln:wojNazwa></sln:miejscowosc><sln:miejscowosc><sln:cyklZyciaDo>2016-11-26T00:00:00+01:00</sln:cyklZyciaDo><sln:cyklZyciaOd>2014-12-09T00:00:00+01:00</sln:cyklZyciaOd><sln:gmIIPId>b260481a-49e9-4398-a143-f23a408395e9</sln:gmIIPId><sln:gmIIPPn>PL.PZGIK.200</sln:gmIIPPn><sln:gmIIPWersja>2012-09-26T21:57:27+02:00</sln:gmIIPWersja><sln:gmIdTeryt>1401013</sln:gmIdTeryt><sln:gmNazwa>Białobrzegi</sln:gmNazwa><sln:miejscIIPId>33fbaad0-a88e-4a40-859a-94b58576f1ee</sln:miejscIIPId><sln:miejscIIPPn>PL.PZGIK.200</sln:miejscIIPPn><sln:miejscIIPWersja>2016-11-24T13:44:38+02:00</sln:miejscIIPWersja><sln:miejscIdTeryt>3020240</sln:miejscIdTeryt><sln:miejscNazwa>Osiedle Polańska</sln:miejscNazwa><sln:miejscRodzaj>Inny obiekt</sln:miejscRodzaj><sln:powIIPId>2a52ff3b-6f43-4385-a9b6-8b7ad0961028</sln:powIIPId><sln:powIIPPn>PL.PZGIK.200</sln:powIIPPn><sln:powIIPWersja>2012-09-27T08:13:53+02:00</sln:powIIPWersja><sln:powIdTeryt>1401</sln:powIdTeryt><sln:powNazwa>białobrzeski</sln:powNazwa><sln:wojIIPId>4b6c492a-eb04-441d-a92a-f44359c06de7</sln:wojIIPId><sln:wojIIPPn>PL.PZGIK.200</sln:wojIIPPn><sln:wojIIPWersja>2012-09-27T13:45:13+02:00</sln:wojIIPWersja><sln:wojIdTeryt>14</sln:wojIdTeryt><sln:wojNazwa>mazowieckie</sln:wojNazwa></sln:miejscowosc><sln:miejscowosc><sln:cyklZyciaDo>2016-11-26T00:00:00+01:00</sln:cyklZyciaDo><sln:cyklZyciaOd>2014-12-09T00:00:00+01:00</sln:cyklZyciaOd><sln:gmIIPId>b260481a-49e9-4398-a143-f23a408395e9</sln:gmIIPId><sln:gmIIPPn>PL.PZGIK.200</sln:gmIIPPn><sln:gmIIPWersja>2012-09-26T21:57:27+02:00</sln:gmIIPWersja><sln:gmIdTeryt>1401013</sln:gmIdTeryt><sln:gmNazwa>Białobrzegi</sln:gmNazwa><sln:miejscIIPId>aa971ebe-d42e-45c1-a3c3-d5d406176982</sln:miejscIIPId><sln:miejscIIPPn>PL.PZGIK.200</sln:miejscIIPPn><sln:miejscIIPWersja>2016-11-24T13:55:02+02:00</sln:miejscIIPWersja><sln:miejscIdTeryt>0973300</sln:miejscIdTeryt><sln:miejscNazwa>Borki Jasieńskie</sln:miejscNazwa><sln:miejscRodzaj>Inny obiekt</sln:miejscRodzaj><sln:powIIPId>2a52ff3b-6f43-4385-a9b6-8b7ad0961028</sln:powIIPId><sln:powIIPPn>PL.PZGIK.200</sln:powIIPPn><sln:powIIPWersja>2012-09-27T08:13:53+02:00</sln:powIIPWersja><sln:powIdTeryt>1401</sln:powIdTeryt><sln:powNazwa>białobrzeski</sln:powNazwa><sln:wojIIPId>4b6c492a-eb04-441d-a92a-f44359c06de7</sln:wojIIPId><sln:wojIIPPn>PL.PZGIK.200</sln:wojIIPPn><sln:wojIIPWersja>2012-09-27T13:45:13+02:00</sln:wojIIPWersja><sln:wojIdTeryt>14</sln:wojIdTeryt><sln:wojNazwa>mazowieckie</sln:wojNazwa></sln:miejscowosc><sln:miejscowosc><sln:cyklZyciaDo>2016-11-26T00:00:00+01:00</sln:cyklZyciaDo><sln:cyklZyciaOd>2014-12-09T00:00:00+01:00</sln:cyklZyciaOd><sln:gmIIPId>b260481a-49e9-4398-a143-f23a408395e9</sln:gmIIPId><sln:gmIIPPn>PL.PZGIK.200</sln:gmIIPPn><sln:gmIIPWersja>2012-09-26T21:57:27+02:00</sln:gmIIPWersja><sln:gmIdTeryt>1401013</sln:gmIdTeryt><sln:gmNazwa>Białobrzegi</sln:gmNazwa><sln:miejscIIPId>cb867dee-1e99-4a38-a31e-a9bfd804bb64</sln:miejscIIPId><sln:miejscIIPPn>PL.PZGIK.200</sln:miejscIIPPn><sln:miejscIIPWersja>2016-11-24T13:42:17+02:00</sln:miejscIIPWersja><sln:miejscIdTeryt>0614570</sln:miejscIdTeryt><sln:miejscNazwa>Mikówka</sln:miejscNazwa><sln:miejscRodzaj>Wieś</sln:miejscRodzaj><sln:powIIPId>2a52ff3b-6f43-4385-a9b6-8b7ad0961028</sln:powIIPId><sln:powIIPPn>PL.PZGIK.200</sln:powIIPPn><sln:powIIPWersja>2012-09-27T08:13:53+02:00</sln:powIIPWersja><sln:powIdTeryt>1401</sln:powIdTeryt><sln:powNazwa>białobrzeski</sln:powNazwa><sln:wojIIPId>4b6c492a-eb04-441d-a92a-f44359c06de7</sln:wojIIPId><sln:wojIIPPn>PL.PZGIK.200</sln:wojIIPPn><sln:wojIIPWersja>2012-09-27T13:45:13+02:00</sln:wojIIPWersja><sln:wojIdTeryt>14</sln:wojIdTeryt><sln:wojNazwa>mazowieckie</sln:wojNazwa></sln:miejscowosc><sln:miejscowosc><sln:cyklZyciaDo>2016-11-26T00:00:00+01:00</sln:cyklZyciaDo><sln:cyklZyciaOd>2014-12-09T00:00:00+01:00</sln:cyklZyciaOd><sln:gmIIPId>b260481a-49e9-4398-a143-f23a408395e9</sln:gmIIPId><sln:gmIIPPn>PL.PZGIK.200</sln:gmIIPPn><sln:gmIIPWersja>2012-09-26T21:57:27+02:00</sln:gmIIPWersja><sln:gmIdTeryt>1401013</sln:gmIdTeryt><sln:gmNazwa>Białobrzegi</sln:gmNazwa><sln:miejscIIPId>7a633e0c-81d7-4f67-9a61-56a5edafb991</sln:miejscIIPId><sln:miejscIIPPn>PL.PZGIK.200</sln:miejscIIPPn><sln:miejscIIPWersja>2016-11-24T13:55:02+02:00</sln:miejscIIPWersja><sln:miejscIdTeryt>0973330</sln:miejscIdTeryt><sln:miejscNazwa>Praga</sln:miejscNazwa><sln:miejscRodzaj>Inny obiekt</sln:miejscRodzaj><sln:powIIPId>2a52ff3b-6f43-4385-a9b6-8b7ad0961028</sln:powIIPId><sln:powIIPPn>PL.PZGIK.200</sln:powIIPPn><sln:powIIPWersja>2012-09-27T08:13:53+02:00</sln:powIIPWersja><sln:powIdTeryt>1401</sln:powIdTeryt><sln:powNazwa>białobrzeski</sln:powNazwa><sln:wojIIPId>4b6c492a-eb04-441d-a92a-f44359c06de7</sln:wojIIPId><sln:wojIIPPn>PL.PZGIK.200</sln:wojIIPPn><sln:wojIIPWersja>2012-09-27T13:45:13+02:00</sln:wojIIPWersja><sln:wojIdTeryt>14</sln:wojIdTeryt><sln:wojNazwa>mazowieckie</sln:wojNazwa></sln:miejscowosc><sln:miejscowosc><sln:cyklZyciaDo>2016-11-26T00:00:00+01:00</sln:cyklZyciaDo><sln:cyklZyciaOd>2014-12-09T00:00:00+01:00</sln:cyklZyciaOd><sln:gmIIPId>b260481a-49e9-4398-a143-f23a408395e9</sln:gmIIPId><sln:gmIIPPn>PL.PZGIK.200</sln:gmIIPPn><sln:gmIIPWersja>2012-09-26T21:57:27+02:00</sln:gmIIPWersja><sln:gmIdTeryt>1401013</sln:gmIdTeryt><sln:gmNazwa>Białobrzegi</sln:gmNazwa><sln:miejscIIPId>a80779bd-f7ba-4a47-b288-5cb7ebc8b7a9</sln:miejscIIPId><sln:miejscIIPPn>PL.PZGIK.200</sln:miejscIIPPn><sln:miejscIIPWersja>2016-11-24T13:28:48+02:00</sln:miejscIIPWersja><sln:miejscIdTeryt>0614475</sln:miejscIdTeryt><sln:miejscNazwa>Brzeska Wola</sln:miejscNazwa><sln:miejscRodzaj>Wieś</sln:miejscRodzaj><sln:powIIPId>2a52ff3b-6f43-4385-a9b6-8b7ad0961028</sln:powIIPId><sln:powIIPPn>PL.PZGIK.200</sln:powIIPPn><sln:powIIPWersja>2012-09-27T08:13:53+02:00</sln:powIIPWersja><sln:powIdTeryt>1401</sln:powIdTeryt><sln:powNazwa>białobrzeski</sln:powNazwa><sln:wojIIPId>4b6c492a-eb04-441d-a92a-f44359c06de7</sln:wojIIPId><sln:wojIIPPn>PL.PZGIK.200</sln:wojIIPPn><sln:wojIIPWersja>2012-09-27T13:45:13+02:00</sln:wojIIPWersja><sln:wojIdTeryt>14</sln:wojIdTeryt><sln:wojNazwa>mazowieckie</sln:wojNazwa></sln:miejscowosc><sln:miejscowosc><sln:cyklZyciaDo>2016-11-26T00:00:00+01:00</sln:cyklZyciaDo><sln:cyklZyciaOd>2014-12-09T00:00:00+01:00</sln:cyklZyciaOd><sln:gmIIPId>b260481a-49e9-4398-a143-f23a408395e9</sln:gmIIPId><sln:gmIIPPn>PL.PZGIK.200</sln:gmIIPPn><sln:gmIIPWersja>2012-09-26T21:57:27+02:00</sln:gmIIPWersja><sln:gmIdTeryt>1401013</sln:gmIdTeryt><sln:gmNazwa>Białobrzegi</sln:gmNazwa><sln:miejscIIPId>c7a481a5-02af-41ae-9e5d-853fa79e5083</sln:miejscIIPId><sln:miejscIIPPn>PL.PZGIK.200</sln:miejscIIPPn><sln:miejscIIPWersja>2016-11-24T13:55:02+02:00</sln:miejscIIPWersja><sln:miejscIdTeryt>0973292</sln:miejscIdTeryt><sln:miejscNazwa>Banaszka</sln:miejscNazwa><sln:miejscRodzaj>Inny obiekt</sln:miejscRodzaj><sln:powIIPId>2a52ff3b-6f43-4385-a9b6-8b7ad0961028</sln:powIIPId><sln:powIIPPn>PL.PZGIK.200</sln:powIIPPn><sln:powIIPWersja>2012-09-27T08:13:53+02:00</sln:powIIPWersja><sln:powIdTeryt>1401</sln:powIdTeryt><sln:powNazwa>białobrzeski</sln:powNazwa><sln:wojIIPId>4b6c492a-eb04-441d-a92a-f44359c06de7</sln:wojIIPId><sln:wojIIPPn>PL.PZGIK.200</sln:wojIIPPn><sln:wojIIPWersja>2012-09-27T13:45:13+02:00</sln:wojIIPWersja><sln:wojIdTeryt>14</sln:wojIdTeryt><sln:wojNazwa>mazowieckie</sln:wojNazwa></sln:miejscowosc><sln:miejscowosc><sln:cyklZyciaDo>2016-11-26T00:00:00+01:00</sln:cyklZyciaDo><sln:cyklZyciaOd>2014-12-09T00:00:00+01:00</sln:cyklZyciaOd><sln:gmIIPId>b260481a-49e9-4398-a143-f23a408395e9</sln:gmIIPId><sln:gmIIPPn>PL.PZGIK.200</sln:gmIIPPn><sln:gmIIPWersja>2012-09-26T21:57:27+02:00</sln:gmIIPWersja><sln:gmIdTeryt>1401013</sln:gmIdTeryt><sln:gmNazwa>Białobrzegi</sln:gmNazwa><sln:miejscIIPId>ac6a23eb-c520-4379-a2f5-ffa5e9bb5bc3</sln:miejscIIPId><sln:miejscIIPPn>PL.PZGIK.200</sln:miejscIIPPn><sln:miejscIIPWersja>2016-11-24T13:48:18+02:00</sln:miejscIIPWersja><sln:miejscIdTeryt>0614699</sln:miejscIdTeryt><sln:miejscNazwa>Andrzejów</sln:miejscNazwa><sln:miejscRodzaj>Inny obiekt</sln:miejscRodzaj><sln:powIIPId>2a52ff3b-6f43-4385-a9b6-8b7ad0961028</sln:powIIPId><sln:powIIPPn>PL.PZGIK.200</sln:powIIPPn><sln:powIIPWersja>2012-09-27T08:13:53+02:00</sln:powIIPWersja><sln:powIdTeryt>1401</sln:powIdTeryt><sln:powNazwa>białobrzeski</sln:powNazwa><sln:wojIIPId>4b6c492a-eb04-441d-a92a-f44359c06de7</sln:wojIIPId><sln:wojIIPPn>PL.PZGIK.200</sln:wojIIPPn><sln:wojIIPWersja>2012-09-27T13:45:13+02:00</sln:wojIIPWersja><sln:wojIdTeryt>14</sln:wojIdTeryt><sln:wojNazwa>mazowieckie</sln:wojNazwa></sln:miejscowosc><sln:miejscowosc><sln:cyklZyciaDo>2016-11-26T00:00:00+01:00</sln:cyklZyciaDo><sln:cyklZyciaOd>2014-12-09T00:00:00+01:00</sln:cyklZyciaOd><sln:gmIIPId>b260481a-49e9-4398-a143-f23a408395e9</sln:gmIIPId><sln:gmIIPPn>PL.PZGIK.200</sln:gmIIPPn><sln:gmIIPWersja>2012-09-26T21:57:27+02:00</sln:gmIIPWersja><sln:gmIdTeryt>1401013</sln:gmIdTeryt><sln:gmNazwa>Białobrzegi</sln:gmNazwa><sln:miejscIIPId>4268dcc4-72c3-4e61-a7b4-a2964953bdbb</sln:miejscIIPId><sln:miejscIIPPn>PL.PZGIK.200</sln:miejscIIPPn><sln:miejscIIPWersja>2016-11-24T13:33:29+02:00</sln:miejscIIPWersja><sln:miejscIdTeryt>0614593</sln:miejscIdTeryt><sln:miejscNazwa>Wojciechówka</sln:miejscNazwa><sln:miejscRodzaj>Wieś</sln:miejscRodzaj><sln:powIIPId>2a52ff3b-6f43-4385-a9b6-8b7ad0961028</sln:powIIPId><sln:powIIPPn>PL.PZGIK.200</sln:powIIPPn><sln:powIIPWersja>2012-09-27T08:13:53+02:00</sln:powIIPWersja><sln:powIdTeryt>1401</sln:powIdTeryt><sln:powNazwa>białobrzeski</sln:powNazwa><sln:wojIIPId>4b6c492a-eb04-441d-a92a-f44359c06de7</sln:wojIIPId><sln:wojIIPPn>PL.PZGIK.200</sln:wojIIPPn><sln:wojIIPWersja>2012-09-27T13:45:13+02:00</sln:wojIIPWersja><sln:wojIdTeryt>14</sln:wojIdTeryt><sln:wojNazwa>mazowieckie</sln:wojNazwa></sln:miejscowosc><sln:miejscowosc><sln:cyklZyciaDo>2016-11-26T00:00:00+01:00</sln:cyklZyciaDo><sln:cyklZyciaOd>2014-12-09T00:00:00+01:00</sln:cyklZyciaOd><sln:gmIIPId>b260481a-49e9-4398-a143-f23a408395e9</sln:gmIIPId><sln:gmIIPPn>PL.PZGIK.200</sln:gmIIPPn><sln:gmIIPWersja>2012-09-26T21:57:27+02:00</sln:gmIIPWersja><sln:gmIdTeryt>1401013</sln:gmIdTeryt><sln:gmNazwa>Białobrzegi</sln:gmNazwa><sln:miejscIIPId>2d15618a-e504-4628-bd53-faa59cbce09e</sln:miejscIIPId><sln:miejscIIPPn>PL.PZGIK.200</sln:miejscIIPPn><sln:miejscIIPWersja>2016-11-24T13:43:49+02:00</sln:miejscIIPWersja><sln:miejscIdTeryt>0614601</sln:miejscIdTeryt><sln:miejscNazwa>Okrąglik</sln:miejscNazwa><sln:miejscRodzaj>Wieś</sln:miejscRodzaj><sln:powIIPId>2a52ff3b-6f43-4385-a9b6-8b7ad0961028</sln:powIIPId><sln:powIIPPn>PL.PZGIK.200</sln:powIIPPn><sln:powIIPWersja>2012-09-27T08:13:53+02:00</sln:powIIPWersja><sln:powIdTeryt>1401</sln:powIdTeryt><sln:powNazwa>białobrzeski</sln:powNazwa><sln:wojIIPId>4b6c492a-eb04-441d-a92a-f44359c06de7</sln:wojIIPId><sln:wojIIPPn>PL.PZGIK.200</sln:wojIIPPn><sln:wojIIPWersja>2012-09-27T13:45:13+02:00</sln:wojIIPWersja><sln:wojIdTeryt>14</sln:wojIdTeryt><sln:wojNazwa>mazowieckie</sln:wojNazwa></sln:miejscowosc><sln:miejscowosc><sln:cyklZyciaDo>2016-11-26T00:00:00+01:00</sln:cyklZyciaDo><sln:cyklZyciaOd>2014-12-09T00:00:00+01:00</sln:cyklZyciaOd><sln:gmIIPId>b260481a-49e9-4398-a143-f23a408395e9</sln:gmIIPId><sln:gmIIPPn>PL.PZGIK.200</sln:gmIIPPn><sln:gmIIPWersja>2012-09-26T21:57:27+02:00</sln:gmIIPWersja><sln:gmIdTeryt>1401013</sln:gmIdTeryt><sln:gmNazwa>Białobrzegi</sln:gmNazwa><sln:miejscIIPId>e78d7822-fcb1-44d0-a467-f6548b8feb66</sln:miejscIIPId><sln:miejscIIPPn>PL.PZGIK.200</sln:miejscIIPPn><sln:miejscIIPWersja>2016-11-24T13:44:36+02:00</sln:miejscIIPWersja><sln:miejscIdTeryt>3019447</sln:miejscIdTeryt><sln:miejscNazwa>Kolonia Szczyty</sln:miejscNazwa><sln:miejscRodzaj>Inny obiekt</sln:miejscRodzaj><sln:powIIPId>2a52ff3b-6f43-4385-a9b6-8b7ad0961028</sln:powIIPId><sln:powIIPPn>PL.PZGIK.200</sln:powIIPPn><sln:powIIPWersja>2012-09-27T08:13:53+02:00</sln:powIIPWersja><sln:powIdTeryt>1401</sln:powIdTeryt><sln:powNazwa>białobrzeski</sln:powNazwa><sln:wojIIPId>4b6c492a-eb04-441d-a92a-f44359c06de7</sln:wojIIPId><sln:wojIIPPn>PL.PZGIK.200</sln:wojIIPPn><sln:wojIIPWersja>2012-09-27T13:45:13+02:00</sln:wojIIPWersja><sln:wojIdTeryt>14</sln:wojIdTeryt><sln:wojNazwa>mazowieckie</sln:wojNazwa></sln:miejscowosc><sln:miejscowosc><sln:cyklZyciaDo>2016-11-26T00:00:00+01:00</sln:cyklZyciaDo><sln:cyklZyciaOd>2014-12-09T00:00:00+01:00</sln:cyklZyciaOd><sln:gmIIPId>b260481a-49e9-4398-a143-f23a408395e9</sln:gmIIPId><sln:gmIIPPn>PL.PZGIK.200</sln:gmIIPPn><sln:gmIIPWersja>2012-09-26T21:57:27+02:00</sln:gmIIPWersja><sln:gmIdTeryt>1401013</sln:gmIdTeryt><sln:gmNazwa>Białobrzegi</sln:gmNazwa><sln:miejscIIPId>6610cd14-8c38-47be-a14d-88435d5ced5e</sln:miejscIIPId><sln:miejscIIPPn>PL.PZGIK.200</sln:miejscIIPPn><sln:miejscIIPWersja>2016-11-24T13:40:58+02:00</sln:miejscIIPWersja><sln:miejscIdTeryt>0614498</sln:miejscIdTeryt><sln:miejscNazwa>Leopoldów</sln:miejscNazwa><sln:miejscRodzaj>Wieś</sln:miejscRodzaj><sln:powIIPId>2a52ff3b-6f43-4385-a9b6-8b7ad0961028</sln:powIIPId><sln:powIIPPn>PL.PZGIK.200</sln:powIIPPn><sln:powIIPWersja>2012-09-27T08:13:53+02:00</sln:powIIPWersja><sln:powIdTeryt>1401</sln:powIdTeryt><sln:powNazwa>białobrzeski</sln:powNazwa><sln:wojIIPId>4b6c492a-eb04-441d-a92a-f44359c06de7</sln:wojIIPId><sln:wojIIPPn>PL.PZGIK.200</sln:wojIIPPn><sln:wojIIPWersja>2012-09-27T13:45:13+02:00</sln:wojIIPWersja><sln:wojIdTeryt>14</sln:wojIdTeryt><sln:wojNazwa>mazowieckie</sln:wojNazwa></sln:miejscowosc><sln:miejscowosc><sln:cyklZyciaOd>2015-08-03T00:00:00+02:00</sln:cyklZyciaOd><sln:gmIIPId>b260481a-49e9-4398-a143-f23a408395e9</sln:gmIIPId><sln:gmIIPPn>PL.PZGIK.200</sln:gmIIPPn><sln:gmIIPWersja>2012-09-26T21:57:27+02:00</sln:gmIIPWersja><sln:gmIdTeryt>1401013</sln:gmIdTeryt><sln:gmNazwa>Białobrzegi</sln:gmNazwa><sln:miejscIIPId>c18159fd-bc80-4a08-a36b-a0f2d22eae14</sln:miejscIIPId><sln:miejscIIPPn>PL.PZGIK.200</sln:miejscIIPPn><sln:miejscIIPWersja>2016-11-24T13:38:57+02:00</sln:miejscIIPWersja><sln:miejscIdTeryt>0973286</sln:miejscIdTeryt><sln:miejscNazwa>Białobrzegi</sln:miejscNazwa><sln:miejscRodzaj>Miasto</sln:miejscRodzaj><sln:powIIPId>2a52ff3b-6f43-4385-a9b6-8b7ad0961028</sln:powIIPId><sln:powIIPPn>PL.PZGIK.200</sln:powIIPPn><sln:powIIPWersja>2012-09-27T08:13:53+02:00</sln:powIIPWersja><sln:powIdTeryt>1401</sln:powIdTeryt><sln:powNazwa>białobrzeski</sln:powNazwa><sln:wojIIPId>4b6c492a-eb04-441d-a92a-f44359c06de7</sln:wojIIPId><sln:wojIIPPn>PL.PZGIK.200</sln:wojIIPPn><sln:wojIIPWersja>2012-09-27T13:45:13+02:00</sln:wojIIPWersja><sln:wojIdTeryt>14</sln:wojIdTeryt><sln:wojNazwa>mazowieckie</sln:wojNazwa></sln:miejscowosc><sln:miejscowosc><sln:cyklZyciaDo>2016-11-26T00:00:00+01:00</sln:cyklZyciaDo><sln:cyklZyciaOd>2014-12-09T00:00:00+01:00</sln:cyklZyciaOd><sln:gmIIPId>b260481a-49e9-4398-a143-f23a408395e9</sln:gmIIPId><sln:gmIIPPn>PL.PZGIK.200</sln:gmIIPPn><sln:gmIIPWersja>2012-09-26T21:57:27+02:00</sln:gmIIPWersja><sln:gmIdTeryt>1401013</sln:gmIdTeryt><sln:gmNazwa>Białobrzegi</sln:gmNazwa><sln:miejscIIPId>cb7ccc1a-3c42-465a-9c06-813c78ba800e</sln:miejscIIPId><sln:miejscIIPPn>PL.PZGIK.200</sln:miejscIIPPn><sln:miejscIIPWersja>2016-11-24T13:44:38+02:00</sln:miejscIIPWersja><sln:miejscIdTeryt>3020244</sln:miejscIdTeryt><sln:miejscNazwa>Osiedle Reymonta</sln:miejscNazwa><sln:miejscRodzaj>Inny obiekt</sln:miejscRodzaj><sln:powIIPId>2a52ff3b-6f43-4385-a9b6-8b7ad0961028</sln:powIIPId><sln:powIIPPn>PL.PZGIK.200</sln:powIIPPn><sln:powIIPWersja>2012-09-27T08:13:53+02:00</sln:powIIPWersja><sln:powIdTeryt>1401</sln:powIdTeryt><sln:powNazwa>białobrzeski</sln:powNazwa><sln:wojIIPId>4b6c492a-eb04-441d-a92a-f44359c06de7</sln:wojIIPId><sln:wojIIPPn>PL.PZGIK.200</sln:wojIIPPn><sln:wojIIPWersja>2012-09-27T13:45:13+02:00</sln:wojIIPWersja><sln:wojIdTeryt>14</sln:wojIdTeryt><sln:wojNazwa>mazowieckie</sln:wojNazwa></sln:miejscowosc><sln:miejscowosc><sln:cyklZyciaDo>2016-11-26T00:00:00+01:00</sln:cyklZyciaDo><sln:cyklZyciaOd>2014-12-09T00:00:00+01:00</sln:cyklZyciaOd><sln:gmIIPId>b260481a-49e9-4398-a143-f23a408395e9</sln:gmIIPId><sln:gmIIPPn>PL.PZGIK.200</sln:gmIIPPn><sln:gmIIPWersja>2012-09-26T21:57:27+02:00</sln:gmIIPWersja><sln:gmIdTeryt>1401013</sln:gmIdTeryt><sln:gmNazwa>Białobrzegi</sln:gmNazwa><sln:miejscIIPId>bb22e909-eab3-475a-b590-bc720a091ea6</sln:miejscIIPId><sln:miejscIIPPn>PL.PZGIK.200</sln:miejscIIPPn><sln:miejscIIPWersja>2016-11-24T13:38:37+02:00</sln:miejscIIPWersja><sln:miejscIdTeryt>0614541</sln:miejscIdTeryt><sln:miejscNazwa>Jasionna</sln:miejscNazwa><sln:miejscRodzaj>Wieś</sln:miejscRodzaj><sln:powIIPId>2a52ff3b-6f43-4385-a9b6-8b7ad0961028</sln:powIIPId><sln:powIIPPn>PL.PZGIK.200</sln:powIIPPn><sln:powIIPWersja>2012-09-27T08:13:53+02:00</sln:powIIPWersja><sln:powIdTeryt>1401</sln:powIdTeryt><sln:powNazwa>białobrzeski</sln:powNazwa><sln:wojIIPId>4b6c492a-eb04-441d-a92a-f44359c06de7</sln:wojIIPId><sln:wojIIPPn>PL.PZGIK.200</sln:wojIIPPn><sln:wojIIPWersja>2012-09-27T13:45:13+02:00</sln:wojIIPWersja><sln:wojIdTeryt>14</sln:wojIdTeryt><sln:wojNazwa>mazowieckie</sln:wojNazwa></sln:miejscowosc><sln:miejscowosc><sln:cyklZyciaDo>2016-11-26T00:00:00+01:00</sln:cyklZyciaDo><sln:cyklZyciaOd>2014-12-09T00:00:00+01:00</sln:cyklZyciaOd><sln:gmIIPId>b260481a-49e9-4398-a143-f23a408395e9</sln:gmIIPId><sln:gmIIPPn>PL.PZGIK.200</sln:gmIIPPn><sln:gmIIPWersja>2012-09-26T21:57:27+02:00</sln:gmIIPWersja><sln:gmIdTeryt>1401013</sln:gmIdTeryt><sln:gmNazwa>Białobrzegi</sln:gmNazwa><sln:miejscIIPId>e48e8d99-9f55-4506-90e9-66defb4d8f76</sln:miejscIIPId><sln:miejscIIPPn>PL.PZGIK.200</sln:miejscIIPPn><sln:miejscIIPWersja>2016-11-24T13:33:22+02:00</sln:miejscIIPWersja><sln:miejscIdTeryt>4000504</sln:miejscIdTeryt><sln:miejscNazwa>Wincentów</sln:miejscNazwa><sln:miejscRodzaj>Inny obiekt</sln:miejscRodzaj><sln:powIIPId>2a52ff3b-6f43-4385-a9b6-8b7ad0961028</sln:powIIPId><sln:powIIPPn>PL.PZGIK.200</sln:powIIPPn><sln:powIIPWersja>2012-09-27T08:13:53+02:00</sln:powIIPWersja><sln:powIdTeryt>1401</sln:powIdTeryt><sln:powNazwa>białobrzeski</sln:powNazwa><sln:wojIIPId>4b6c492a-eb04-441d-a92a-f44359c06de7</sln:wojIIPId><sln:wojIIPPn>PL.PZGIK.200</sln:wojIIPPn><sln:wojIIPWersja>2012-09-27T13:45:13+02:00</sln:wojIIPWersja><sln:wojIdTeryt>14</sln:wojIdTeryt><sln:wojNazwa>mazowieckie</sln:wojNazwa></sln:miejscowosc><sln:miejscowosc><sln:cyklZyciaDo>2016-11-26T00:00:00+01:00</sln:cyklZyciaDo><sln:cyklZyciaOd>2014-12-09T00:00:00+01:00</sln:cyklZyciaOd><sln:gmIIPId>b260481a-49e9-4398-a143-f23a408395e9</sln:gmIIPId><sln:gmIIPPn>PL.PZGIK.200</sln:gmIIPPn><sln:gmIIPWersja>2012-09-26T21:57:27+02:00</sln:gmIIPWersja><sln:gmIdTeryt>1401013</sln:gmIdTeryt><sln:gmNazwa>Białobrzegi</sln:gmNazwa><sln:miejscIIPId>0822b1f7-cd63-451b-b529-90733ea6eb92</sln:miejscIIPId><sln:miejscIIPPn>PL.PZGIK.200</sln:miejscIIPPn><sln:miejscIIPWersja>2016-11-24T13:30:56+02:00</sln:miejscIIPWersja><sln:miejscIdTeryt>0614529</sln:miejscIdTeryt><sln:miejscNazwa>Budy Brankowskie</sln:miejscNazwa><sln:miejscRodzaj>Wieś</sln:miejscRodzaj><sln:powIIPId>2a52ff3b-6f43-4385-a9b6-8b7ad0961028</sln:powIIPId><sln:powIIPPn>PL.PZGIK.200</sln:powIIPPn><sln:powIIPWersja>2012-09-27T08:13:53+02:00</sln:powIIPWersja><sln:powIdTeryt>1401</sln:powIdTeryt><sln:powNazwa>białobrzeski</sln:powNazwa><sln:wojIIPId>4b6c492a-eb04-441d-a92a-f44359c06de7</sln:wojIIPId><sln:wojIIPPn>PL.PZGIK.200</sln:wojIIPPn><sln:wojIIPWersja>2012-09-27T13:45:13+02:00</sln:wojIIPWersja><sln:wojIdTeryt>14</sln:wojIdTeryt><sln:wojNazwa>mazowieckie</sln:wojNazwa></sln:miejscowosc><sln:miejscowosc><sln:cyklZyciaOd>2015-08-19T00:00:00+02:00</sln:cyklZyciaOd><sln:gmIIPId>b260481a-49e9-4398-a143-f23a408395e9</sln:gmIIPId><sln:gmIIPPn>PL.PZGIK.200</sln:gmIIPPn><sln:gmIIPWersja>2012-09-26T21:57:27+02:00</sln:gmIIPWersja><sln:gmIdTeryt>1401013</sln:gmIdTeryt><sln:gmNazwa>Białobrzegi</sln:gmNazwa><sln:miejscIIPId>8025380d-5924-4b7b-b20c-e0080354e58f</sln:miejscIIPId><sln:miejscIIPPn>PL.PZGIK.200</sln:miejscIIPPn><sln:miejscIIPWersja>2016-11-24T13:31:58+02:00</sln:miejscIIPWersja><sln:miejscIdTeryt>0614682</sln:miejscIdTeryt><sln:miejscNazwa>Szczyty</sln:miejscNazwa><sln:miejscRodzaj>Wieś</sln:miejscRodzaj><sln:powIIPId>2a52ff3b-6f43-4385-a9b6-8b7ad0961028</sln:powIIPId><sln:powIIPPn>PL.PZGIK.200</sln:powIIPPn><sln:powIIPWersja>2012-09-27T08:13:53+02:00</sln:powIIPWersja><sln:powIdTeryt>1401</sln:powIdTeryt><sln:powNazwa>białobrzeski</sln:powNazwa><sln:wojIIPId>4b6c492a-eb04-441d-a92a-f44359c06de7</sln:wojIIPId><sln:wojIIPPn>PL.PZGIK.200</sln:wojIIPPn><sln:wojIIPWersja>2012-09-27T13:45:13+02:00</sln:wojIIPWersja><sln:wojIdTeryt>14</sln:wojIdTeryt><sln:wojNazwa>mazowieckie</sln:wojNazwa></sln:miejscowosc><sln:miejscowosc><sln:cyklZyciaDo>2016-11-26T00:00:00+01:00</sln:cyklZyciaDo><sln:cyklZyciaOd>2014-12-09T00:00:00+01:00</sln:cyklZyciaOd><sln:gmIIPId>b260481a-49e9-4398-a143-f23a408395e9</sln:gmIIPId><sln:gmIIPPn>PL.PZGIK.200</sln:gmIIPPn><sln:gmIIPWersja>2012-09-26T21:57:27+02:00</sln:gmIIPWersja><sln:gmIdTeryt>1401013</sln:gmIdTeryt><sln:gmNazwa>Białobrzegi</sln:gmNazwa><sln:miejscIIPId>ed230099-6eed-4460-8427-aedf4c27cdec</sln:miejscIIPId><sln:miejscIIPPn>PL.PZGIK.200</sln:miejscIIPPn><sln:miejscIIPWersja>2016-11-24T13:31:37+02:00</sln:miejscIIPWersja><sln:miejscIdTeryt>0614630</sln:miejscIdTeryt><sln:miejscNazwa>Sucha</sln:miejscNazwa><sln:miejscRodzaj>Wieś</sln:miejscRodzaj><sln:powIIPId>2a52ff3b-6f43-4385-a9b6-8b7ad0961028</sln:powIIPId><sln:powIIPPn>PL.PZGIK.200</sln:powIIPPn><sln:powIIPWersja>2012-09-27T08:13:53+02:00</sln:powIIPWersja><sln:powIdTeryt>1401</sln:powIdTeryt><sln:powNazwa>białobrzeski</sln:powNazwa><sln:wojIIPId>4b6c492a-eb04-441d-a92a-f44359c06de7</sln:wojIIPId><sln:wojIIPPn>PL.PZGIK.200</sln:wojIIPPn><sln:wojIIPWersja>2012-09-27T13:45:13+02:00</sln:wojIIPWersja><sln:wojIdTeryt>14</sln:wojIdTeryt><sln:wojNazwa>mazowieckie</sln:wojNazwa></sln:miejscowosc><sln:miejscowosc><sln:cyklZyciaDo>2016-11-26T00:00:00+01:00</sln:cyklZyciaDo><sln:cyklZyciaOd>2014-12-09T00:00:00+01:00</sln:cyklZyciaOd><sln:gmIIPId>b260481a-49e9-4398-a143-f23a408395e9</sln:gmIIPId><sln:gmIIPPn>PL.PZGIK.200</sln:gmIIPPn><sln:gmIIPWersja>2012-09-26T21:57:27+02:00</sln:gmIIPWersja><sln:gmIdTeryt>1401013</sln:gmIdTeryt><sln:gmNazwa>Białobrzegi</sln:gmNazwa><sln:miejscIIPId>0aa23b67-74ad-43a4-840d-efd2241a23a7</sln:miejscIIPId><sln:miejscIIPPn>PL.PZGIK.200</sln:miejscIIPPn><sln:miejscIIPWersja>2016-11-24T13:55:02+02:00</sln:miejscIIPWersja><sln:miejscIdTeryt>0973317</sln:miejscIdTeryt><sln:miejscNazwa>Borki Stawiszyńskie</sln:miejscNazwa><sln:miejscRodzaj>Inny obiekt</sln:miejscRodzaj><sln:powIIPId>2a52ff3b-6f43-4385-a9b6-8b7ad0961028</sln:powIIPId><sln:powIIPPn>PL.PZGIK.200</sln:powIIPPn><sln:powIIPWersja>2012-09-27T08:13:53+02:00</sln:powIIPWersja><sln:powIdTeryt>1401</sln:powIdTeryt><sln:powNazwa>białobrzeski</sln:powNazwa><sln:wojIIPId>4b6c492a-eb04-441d-a92a-f44359c06de7</sln:wojIIPId><sln:wojIIPPn>PL.PZGIK.200</sln:wojIIPPn><sln:wojIIPWersja>2012-09-27T13:45:13+02:00</sln:wojIIPWersja><sln:wojIdTeryt>14</sln:wojIdTeryt><sln:wojNazwa>mazowieckie</sln:wojNazwa></sln:miejscowosc><sln:miejscowosc><sln:cyklZyciaDo>2016-11-26T00:00:00+01:00</sln:cyklZyciaDo><sln:cyklZyciaOd>2014-12-09T00:00:00+01:00</sln:cyklZyciaOd><sln:gmIIPId>b260481a-49e9-4398-a143-f23a408395e9</sln:gmIIPId><sln:gmIIPPn>PL.PZGIK.200</sln:gmIIPPn><sln:gmIIPWersja>2012-09-26T21:57:27+02:00</sln:gmIIPWersja><sln:gmIdTeryt>1401013</sln:gmIdTeryt><sln:gmNazwa>Białobrzegi</sln:gmNazwa><sln:miejscIIPId>35e40df7-37a4-4d61-b911-0d688b447091</sln:miejscIIPId><sln:miejscIIPPn>PL.PZGIK.200</sln:miejscIIPPn><sln:miejscIIPWersja>2016-11-24T13:29:30+02:00</sln:miejscIIPWersja><sln:miejscIdTeryt>0614506</sln:miejscIdTeryt><sln:miejscNazwa>Brzeźce</sln:miejscNazwa><sln:miejscRodzaj>Wieś</sln:miejscRodzaj><sln:powIIPId>2a52ff3b-6f43-4385-a9b6-8b7ad0961028</sln:powIIPId><sln:powIIPPn>PL.PZGIK.200</sln:powIIPPn><sln:powIIPWersja>2012-09-27T08:13:53+02:00</sln:powIIPWersja><sln:powIdTeryt>1401</sln:powIdTeryt><sln:powNazwa>białobrzeski</sln:powNazwa><sln:wojIIPId>4b6c492a-eb04-441d-a92a-f44359c06de7</sln:wojIIPId><sln:wojIIPPn>PL.PZGIK.200</sln:wojIIPPn><sln:wojIIPWersja>2012-09-27T13:45:13+02:00</sln:wojIIPWersja><sln:wojIdTeryt>14</sln:wojIdTeryt><sln:wojNazwa>mazowieckie</sln:wojNazwa></sln:miejscowosc><sln:miejscowosc><sln:cyklZyciaDo>2015-08-03T00:00:00+02:00</sln:cyklZyciaDo><sln:cyklZyciaOd>2014-12-09T00:00:00+01:00</sln:cyklZyciaOd><sln:gmIIPId>b260481a-49e9-4398-a143-f23a408395e9</sln:gmIIPId><sln:gmIIPPn>PL.PZGIK.200</sln:gmIIPPn><sln:gmIIPWersja>2012-09-26T21:57:27+02:00</sln:gmIIPWersja><sln:gmIdTeryt>1401013</sln:gmIdTeryt><sln:gmNazwa>Białobrzegi</sln:gmNazwa><sln:miejscIIPId>c18159fd-bc80-4a08-a36b-a0f2d22eae14</sln:miejscIIPId><sln:miejscIIPPn>PL.PZGIK.200</sln:miejscIIPPn><sln:miejscIIPWersja>2016-11-24T13:38:58+02:00</sln:miejscIIPWersja><sln:miejscIdTeryt>0973286</sln:miejscIdTeryt><sln:miejscNazwa>Białobrzegi</sln:miejscNazwa><sln:miejscRodzaj>Miasto</sln:miejscRodzaj><sln:powIIPId>2a52ff3b-6f43-4385-a9b6-8b7ad0961028</sln:powIIPId><sln:powIIPPn>PL.PZGIK.200</sln:powIIPPn><sln:powIIPWersja>2012-09-27T08:13:53+02:00</sln:powIIPWersja><sln:powIdTeryt>1401</sln:powIdTeryt><sln:powNazwa>białobrzeski</sln:powNazwa><sln:wojIIPId>4b6c492a-eb04-441d-a92a-f44359c06de7</sln:wojIIPId><sln:wojIIPPn>PL.PZGIK.200</sln:wojIIPPn><sln:wojIIPWersja>2012-09-27T13:45:13+02:00</sln:wojIIPWersja><sln:wojIdTeryt>14</sln:wojIdTeryt><sln:wojNazwa>mazowieckie</sln:wojNazwa></sln:miejscowosc><sln:miejscowosc><sln:cyklZyciaDo>2015-08-19T00:00:00+02:00</sln:cyklZyciaDo><sln:cyklZyciaOd>2014-12-09T00:00:00+01:00</sln:cyklZyciaOd><sln:gmIIPId>b260481a-49e9-4398-a143-f23a408395e9</sln:gmIIPId><sln:gmIIPPn>PL.PZGIK.200</sln:gmIIPPn><sln:gmIIPWersja>2012-09-26T21:57:27+02:00</sln:gmIIPWersja><sln:gmIdTeryt>1401013</sln:gmIdTeryt><sln:gmNazwa>Białobrzegi</sln:gmNazwa><sln:miejscIIPId>8025380d-5924-4b7b-b20c-e0080354e58f</sln:miejscIIPId><sln:miejscIIPPn>PL.PZGIK.200</sln:miejscIIPPn><sln:miejscIIPWersja>2016-11-24T13:31:59+02:00</sln:miejscIIPWersja><sln:miejscIdTeryt>0614682</sln:miejscIdTeryt><sln:miejscNazwa>Szczyty</sln:miejscNazwa><sln:miejscRodzaj>Wieś</sln:miejscRodzaj><sln:powIIPId>2a52ff3b-6f43-4385-a9b6-8b7ad0961028</sln:powIIPId><sln:powIIPPn>PL.PZGIK.200</sln:powIIPPn><sln:powIIPWersja>2012-09-27T08:13:53+02:00</sln:powIIPWersja><sln:powIdTeryt>1401</sln:powIdTeryt><sln:powNazwa>białobrzeski</sln:powNazwa><sln:wojIIPId>4b6c492a-eb04-441d-a92a-f44359c06de7</sln:wojIIPId><sln:wojIIPPn>PL.PZGIK.200</sln:wojIIPPn><sln:wojIIPWersja>2012-09-27T13:45:13+02:00</sln:wojIIPWersja><sln:wojIdTeryt>14</sln:wojIdTeryt><sln:wojNazwa>mazowieckie</sln:wojNazwa></sln:miejscowosc><sln:miejscowosc><sln:cyklZyciaOd>2016-11-26T00:00:00+01:00</sln:cyklZyciaOd><sln:gmIIPId>b260481a-49e9-4398-a143-f23a408395e9</sln:gmIIPId><sln:gmIIPPn>PL.PZGIK.200</sln:gmIIPPn><sln:gmIIPWersja>2012-09-26T21:57:27+02:00</sln:gmIIPWersja><sln:gmIdTeryt>1401013</sln:gmIdTeryt><sln:gmNazwa>Białobrzegi</sln:gmNazwa><sln:miejscIIPId>64fc252c-4dc3-4b4c-830c-48c286704839</sln:miejscIIPId><sln:miejscIIPPn>PL.PZGIK.200</sln:miejscIIPPn><sln:miejscIIPWersja>2016-11-26T13:13:31+02:00</sln:miejscIIPWersja><sln:miejscIdTeryt>0614618</sln:miejscIdTeryt><sln:miejscNazwa>Pohulanka</sln:miejscNazwa><sln:miejscRodzaj>Wieś</sln:miejscRodzaj><sln:powIIPId>2a52ff3b-6f43-4385-a9b6-8b7ad0961028</sln:powIIPId><sln:powIIPPn>PL.PZGIK.200</sln:powIIPPn><sln:powIIPWersja>2012-09-27T08:13:53+02:00</sln:powIIPWersja><sln:powIdTeryt>1401</sln:powIdTeryt><sln:powNazwa>białobrzeski</sln:powNazwa><sln:wojIIPId>4b6c492a-eb04-441d-a92a-f44359c06de7</sln:wojIIPId><sln:wojIIPPn>PL.PZGIK.200</sln:wojIIPPn><sln:wojIIPWersja>2012-09-27T13:45:13+02:00</sln:wojIIPWersja><sln:wojIdTeryt>14</sln:wojIdTeryt><sln:wojNazwa>mazowieckie</sln:wojNazwa></sln:miejscowosc><sln:miejscowosc><sln:cyklZyciaOd>2016-11-26T00:00:00+01:00</sln:cyklZyciaOd><sln:gmIIPId>b260481a-49e9-4398-a143-f23a408395e9</sln:gmIIPId><sln:gmIIPPn>PL.PZGIK.200</sln:gmIIPPn><sln:gmIIPWersja>2012-09-26T21:57:27+02:00</sln:gmIIPWersja><sln:gmIdTeryt>1401013</sln:gmIdTeryt><sln:gmNazwa>Białobrzegi</sln:gmNazwa><sln:miejscIIPId>a80779bd-f7ba-4a47-b288-5cb7ebc8b7a9</sln:miejscIIPId><sln:miejscIIPPn>PL.PZGIK.200</sln:miejscIIPPn><sln:miejscIIPWersja>2016-11-26T13:13:36+02:00</sln:miejscIIPWersja><sln:miejscIdTeryt>0614475</sln:miejscIdTeryt><sln:miejscNazwa>Brzeska Wola</sln:miejscNazwa><sln:miejscRodzaj>Wieś</sln:miejscRodzaj><sln:powIIPId>2a52ff3b-6f43-4385-a9b6-8b7ad0961028</sln:powIIPId><sln:powIIPPn>PL.PZGIK.200</sln:powIIPPn><sln:powIIPWersja>2012-09-27T08:13:53+02:00</sln:powIIPWersja><sln:powIdTeryt>1401</sln:powIdTeryt><sln:powNazwa>białobrzeski</sln:powNazwa><sln:wojIIPId>4b6c492a-eb04-441d-a92a-f44359c06de7</sln:wojIIPId><sln:wojIIPPn>PL.PZGIK.200</sln:wojIIPPn><sln:wojIIPWersja>2012-09-27T13:45:13+02:00</sln:wojIIPWersja><sln:wojIdTeryt>14</sln:wojIdTeryt><sln:wojNazwa>mazowieckie</sln:wojNazwa></sln:miejscowosc><sln:miejscowosc><sln:cyklZyciaOd>2016-11-26T00:00:00+01:00</sln:cyklZyciaOd><sln:gmIIPId>b260481a-49e9-4398-a143-f23a408395e9</sln:gmIIPId><sln:gmIIPPn>PL.PZGIK.200</sln:gmIIPPn><sln:gmIIPWersja>2012-09-26T21:57:27+02:00</sln:gmIIPWersja><sln:gmIdTeryt>1401013</sln:gmIdTeryt><sln:gmNazwa>Białobrzegi</sln:gmNazwa><sln:miejscIIPId>35e40df7-37a4-4d61-b911-0d688b447091</sln:miejscIIPId><sln:miejscIIPPn>PL.PZGIK.200</sln:miejscIIPPn><sln:miejscIIPWersja>2016-11-26T13:13:36+02:00</sln:miejscIIPWersja><sln:miejscIdTeryt>0614506</sln:miejscIdTeryt><sln:miejscNazwa>Brzeźce</sln:miejscNazwa><sln:miejscRodzaj>Wieś</sln:miejscRodzaj><sln:powIIPId>2a52ff3b-6f43-4385-a9b6-8b7ad0961028</sln:powIIPId><sln:powIIPPn>PL.PZGIK.200</sln:powIIPPn><sln:powIIPWersja>2012-09-27T08:13:53+02:00</sln:powIIPWersja><sln:powIdTeryt>1401</sln:powIdTeryt><sln:powNazwa>białobrzeski</sln:powNazwa><sln:wojIIPId>4b6c492a-eb04-441d-a92a-f44359c06de7</sln:wojIIPId><sln:wojIIPPn>PL.PZGIK.200</sln:wojIIPPn><sln:wojIIPWersja>2012-09-27T13:45:13+02:00</sln:wojIIPWersja><sln:wojIdTeryt>14</sln:wojIdTeryt><sln:wojNazwa>mazowieckie</sln:wojNazwa></sln:miejscowosc><sln:miejscowosc><sln:cyklZyciaOd>2016-11-26T00:00:00+01:00</sln:cyklZyciaOd><sln:gmIIPId>b260481a-49e9-4398-a143-f23a408395e9</sln:gmIIPId><sln:gmIIPPn>PL.PZGIK.200</sln:gmIIPPn><sln:gmIIPWersja>2012-09-26T21:57:27+02:00</sln:gmIIPWersja><sln:gmIdTeryt>1401013</sln:gmIdTeryt><sln:gmNazwa>Białobrzegi</sln:gmNazwa><sln:miejscIIPId>0822b1f7-cd63-451b-b529-90733ea6eb92</sln:miejscIIPId><sln:miejscIIPPn>PL.PZGIK.200</sln:miejscIIPPn><sln:miejscIIPWersja>2016-11-26T13:13:37+02:00</sln:miejscIIPWersja><sln:miejscIdTeryt>0614529</sln:miejscIdTeryt><sln:miejscNazwa>Budy Brankowskie</sln:miejscNazwa><sln:miejscRodzaj>Wieś</sln:miejscRodzaj><sln:powIIPId>2a52ff3b-6f43-4385-a9b6-8b7ad0961028</sln:powIIPId><sln:powIIPPn>PL.PZGIK.200</sln:powIIPPn><sln:powIIPWersja>2012-09-27T08:13:53+02:00</sln:powIIPWersja><sln:powIdTeryt>1401</sln:powIdTeryt><sln:powNazwa>białobrzeski</sln:powNazwa><sln:wojIIPId>4b6c492a-eb04-441d-a92a-f44359c06de7</sln:wojIIPId><sln:wojIIPPn>PL.PZGIK.200</sln:wojIIPPn><sln:wojIIPWersja>2012-09-27T13:45:13+02:00</sln:wojIIPWersja><sln:wojIdTeryt>14</sln:wojIdTeryt><sln:wojNazwa>mazowieckie</sln:wojNazwa></sln:miejscowosc><sln:miejscowosc><sln:cyklZyciaOd>2016-11-26T00:00:00+01:00</sln:cyklZyciaOd><sln:gmIIPId>b260481a-49e9-4398-a143-f23a408395e9</sln:gmIIPId><sln:gmIIPPn>PL.PZGIK.200</sln:gmIIPPn><sln:gmIIPWersja>2012-09-26T21:57:27+02:00</sln:gmIIPWersja><sln:gmIdTeryt>1401013</sln:gmIdTeryt><sln:gmNazwa>Białobrzegi</sln:gmNazwa><sln:miejscIIPId>17876d07-479b-4da5-8cd7-fd3802deeaca</sln:miejscIIPId><sln:miejscIIPPn>PL.PZGIK.200</sln:miejscIIPPn><sln:miejscIIPWersja>2016-11-26T13:13:37+02:00</sln:miejscIIPWersja><sln:miejscIdTeryt>0614624</sln:miejscIdTeryt><sln:miejscNazwa>Stawiszyn</sln:miejscNazwa><sln:miejscRodzaj>Wieś</sln:miejscRodzaj><sln:powIIPId>2a52ff3b-6f43-4385-a9b6-8b7ad0961028</sln:powIIPId><sln:powIIPPn>PL.PZGIK.200</sln:powIIPPn><sln:powIIPWersja>2012-09-27T08:13:53+02:00</sln:powIIPWersja><sln:powIdTeryt>1401</sln:powIdTeryt><sln:powNazwa>białobrzeski</sln:powNazwa><sln:wojIIPId>4b6c492a-eb04-441d-a92a-f44359c06de7</sln:wojIIPId><sln:wojIIPPn>PL.PZGIK.200</sln:wojIIPPn><sln:wojIIPWersja>2012-09-27T13:45:13+02:00</sln:wojIIPWersja><sln:wojIdTeryt>14</sln:wojIdTeryt><sln:wojNazwa>mazowieckie</sln:wojNazwa></sln:miejscowosc><sln:miejscowosc><sln:cyklZyciaOd>2016-11-26T00:00:00+01:00</sln:cyklZyciaOd><sln:gmIIPId>b260481a-49e9-4398-a143-f23a408395e9</sln:gmIIPId><sln:gmIIPPn>PL.PZGIK.200</sln:gmIIPPn><sln:gmIIPWersja>2012-09-26T21:57:27+02:00</sln:gmIIPWersja><sln:gmIdTeryt>1401013</sln:gmIdTeryt><sln:gmNazwa>Białobrzegi</sln:gmNazwa><sln:miejscIIPId>ed230099-6eed-4460-8427-aedf4c27cdec</sln:miejscIIPId><sln:miejscIIPPn>PL.PZGIK.200</sln:miejscIIPPn><sln:miejscIIPWersja>2016-11-26T13:13:37+02:00</sln:miejscIIPWersja><sln:miejscIdTeryt>0614630</sln:miejscIdTeryt><sln:miejscNazwa>Sucha</sln:miejscNazwa><sln:miejscRodzaj>Wieś</sln:miejscRodzaj><sln:powIIPId>2a52ff3b-6f43-4385-a9b6-8b7ad0961028</sln:powIIPId><sln:powIIPPn>PL.PZGIK.200</sln:powIIPPn><sln:powIIPWersja>2012-09-27T08:13:53+02:00</sln:powIIPWersja><sln:powIdTeryt>1401</sln:powIdTeryt><sln:powNazwa>białobrzeski</sln:powNazwa><sln:wojIIPId>4b6c492a-eb04-441d-a92a-f44359c06de7</sln:wojIIPId><sln:wojIIPPn>PL.PZGIK.200</sln:wojIIPPn><sln:wojIIPWersja>2012-09-27T13:45:13+02:00</sln:wojIIPWersja><sln:wojIdTeryt>14</sln:wojIdTeryt><sln:wojNazwa>mazowieckie</sln:wojNazwa></sln:miejscowosc><sln:miejscowosc><sln:cyklZyciaOd>2016-11-26T00:00:00+01:00</sln:cyklZyciaOd><sln:gmIIPId>b260481a-49e9-4398-a143-f23a408395e9</sln:gmIIPId><sln:gmIIPPn>PL.PZGIK.200</sln:gmIIPPn><sln:gmIIPWersja>2012-09-26T21:57:27+02:00</sln:gmIIPWersja><sln:gmIdTeryt>1401013</sln:gmIdTeryt><sln:gmNazwa>Białobrzegi</sln:gmNazwa><sln:miejscIIPId>e522f09f-7f83-41ec-ab2e-c3cf83728127</sln:miejscIIPId><sln:miejscIIPPn>PL.PZGIK.200</sln:miejscIIPPn><sln:miejscIIPWersja>2016-11-26T13:13:37+02:00</sln:miejscIIPWersja><sln:miejscIdTeryt>0614676</sln:miejscIdTeryt><sln:miejscNazwa>Suski Młynek</sln:miejscNazwa><sln:miejscRodzaj>Wieś</sln:miejscRodzaj><sln:powIIPId>2a52ff3b-6f43-4385-a9b6-8b7ad0961028</sln:powIIPId><sln:powIIPPn>PL.PZGIK.200</sln:powIIPPn><sln:powIIPWersja>2012-09-27T08:13:53+02:00</sln:powIIPWersja><sln:powIdTeryt>1401</sln:powIdTeryt><sln:powNazwa>białobrzeski</sln:powNazwa><sln:wojIIPId>4b6c492a-eb04-441d-a92a-f44359c06de7</sln:wojIIPId><sln:wojIIPPn>PL.PZGIK.200</sln:wojIIPPn><sln:wojIIPWersja>2012-09-27T13:45:13+02:00</sln:wojIIPWersja><sln:wojIdTeryt>14</sln:wojIdTeryt><sln:wojNazwa>mazowieckie</sln:wojNazwa></sln:miejscowosc><sln:miejscowosc><sln:cyklZyciaOd>2016-11-26T00:00:00+01:00</sln:cyklZyciaOd><sln:gmIIPId>b260481a-49e9-4398-a143-f23a408395e9</sln:gmIIPId><sln:gmIIPPn>PL.PZGIK.200</sln:gmIIPPn><sln:gmIIPWersja>2012-09-26T21:57:27+02:00</sln:gmIIPWersja><sln:gmIdTeryt>1401013</sln:gmIdTeryt><sln:gmNazwa>Białobrzegi</sln:gmNazwa><sln:miejscIIPId>4268dcc4-72c3-4e61-a7b4-a2964953bdbb</sln:miejscIIPId><sln:miejscIIPPn>PL.PZGIK.200</sln:miejscIIPPn><sln:miejscIIPWersja>2016-11-26T13:13:37+02:00</sln:miejscIIPWersja><sln:miejscIdTeryt>0614593</sln:miejscIdTeryt><sln:miejscNazwa>Wojciechówka</sln:miejscNazwa><sln:miejscRodzaj>Wieś</sln:miejscRodzaj><sln:powIIPId>2a52ff3b-6f43-4385-a9b6-8b7ad0961028</sln:powIIPId><sln:powIIPPn>PL.PZGIK.200</sln:powIIPPn><sln:powIIPWersja>2012-09-27T08:13:53+02:00</sln:powIIPWersja><sln:powIdTeryt>1401</sln:powIdTeryt><sln:powNazwa>białobrzeski</sln:powNazwa><sln:wojIIPId>4b6c492a-eb04-441d-a92a-f44359c06de7</sln:wojIIPId><sln:wojIIPPn>PL.PZGIK.200</sln:wojIIPPn><sln:wojIIPWersja>2012-09-27T13:45:13+02:00</sln:wojIIPWersja><sln:wojIdTeryt>14</sln:wojIdTeryt><sln:wojNazwa>mazowieckie</sln:wojNazwa></sln:miejscowosc><sln:miejscowosc><sln:cyklZyciaOd>2016-11-26T00:00:00+01:00</sln:cyklZyciaOd><sln:gmIIPId>b260481a-49e9-4398-a143-f23a408395e9</sln:gmIIPId><sln:gmIIPPn>PL.PZGIK.200</sln:gmIIPPn><sln:gmIIPWersja>2012-09-26T21:57:27+02:00</sln:gmIIPWersja><sln:gmIdTeryt>1401013</sln:gmIdTeryt><sln:gmNazwa>Białobrzegi</sln:gmNazwa><sln:miejscIIPId>5ca620ac-98cd-4621-aa22-bb1fa05c5e4b</sln:miejscIIPId><sln:miejscIIPPn>PL.PZGIK.200</sln:miejscIIPPn><sln:miejscIIPWersja>2016-11-26T13:13:37+02:00</sln:miejscIIPWersja><sln:miejscIdTeryt>0614535</sln:miejscIdTeryt><sln:miejscNazwa>Dąbrówka</sln:miejscNazwa><sln:miejscRodzaj>Wieś</sln:miejscRodzaj><sln:powIIPId>2a52ff3b-6f43-4385-a9b6-8b7ad0961028</sln:powIIPId><sln:powIIPPn>PL.PZGIK.200</sln:powIIPPn><sln:powIIPWersja>2012-09-27T08:13:53+02:00</sln:powIIPWersja><sln:powIdTeryt>1401</sln:powIdTeryt><sln:powNazwa>białobrzeski</sln:powNazwa><sln:wojIIPId>4b6c492a-eb04-441d-a92a-f44359c06de7</sln:wojIIPId><sln:wojIIPPn>PL.PZGIK.200</sln:wojIIPPn><sln:wojIIPWersja>2012-09-27T13:45:13+02:00</sln:wojIIPWersja><sln:wojIdTeryt>14</sln:wojIdTeryt><sln:wojNazwa>mazowieckie</sln:wojNazwa></sln:miejscowosc><sln:miejscowosc><sln:cyklZyciaOd>2016-11-26T00:00:00+01:00</sln:cyklZyciaOd><sln:gmIIPId>b260481a-49e9-4398-a143-f23a408395e9</sln:gmIIPId><sln:gmIIPPn>PL.PZGIK.200</sln:gmIIPPn><sln:gmIIPWersja>2012-09-26T21:57:27+02:00</sln:gmIIPWersja><sln:gmIdTeryt>1401013</sln:gmIdTeryt><sln:gmNazwa>Białobrzegi</sln:gmNazwa><sln:miejscIIPId>bb22e909-eab3-475a-b590-bc720a091ea6</sln:miejscIIPId><sln:miejscIIPPn>PL.PZGIK.200</sln:miejscIIPPn><sln:miejscIIPWersja>2016-11-26T13:13:37+02:00</sln:miejscIIPWersja><sln:miejscIdTeryt>0614541</sln:miejscIdTeryt><sln:miejscNazwa>Jasionna</sln:miejscNazwa><sln:miejscRodzaj>Wieś</sln:miejscRodzaj><sln:powIIPId>2a52ff3b-6f43-4385-a9b6-8b7ad0961028</sln:powIIPId><sln:powIIPPn>PL.PZGIK.200</sln:powIIPPn><sln:powIIPWersja>2012-09-27T08:13:53+02:00</sln:powIIPWersja><sln:powIdTeryt>1401</sln:powIdTeryt><sln:powNazwa>białobrzeski</sln:powNazwa><sln:wojIIPId>4b6c492a-eb04-441d-a92a-f44359c06de7</sln:wojIIPId><sln:wojIIPPn>PL.PZGIK.200</sln:wojIIPPn><sln:wojIIPWersja>2012-09-27T13:45:13+02:00</sln:wojIIPWersja><sln:wojIdTeryt>14</sln:wojIdTeryt><sln:wojNazwa>mazowieckie</sln:wojNazwa></sln:miejscowosc><sln:miejscowosc><sln:cyklZyciaOd>2016-11-26T00:00:00+01:00</sln:cyklZyciaOd><sln:gmIIPId>b260481a-49e9-4398-a143-f23a408395e9</sln:gmIIPId><sln:gmIIPPn>PL.PZGIK.200</sln:gmIIPPn><sln:gmIIPWersja>2012-09-26T21:57:27+02:00</sln:gmIIPWersja><sln:gmIdTeryt>1401013</sln:gmIdTeryt><sln:gmNazwa>Białobrzegi</sln:gmNazwa><sln:miejscIIPId>6f4c5599-2e76-4dd6-b622-5bb5a362704b</sln:miejscIIPId><sln:miejscIIPPn>PL.PZGIK.200</sln:miejscIIPPn><sln:miejscIIPWersja>2016-11-26T13:13:37+02:00</sln:miejscIIPWersja><sln:miejscIdTeryt>0614564</sln:miejscIdTeryt><sln:miejscNazwa>Kamień</sln:miejscNazwa><sln:miejscRodzaj>Wieś</sln:miejscRodzaj><sln:powIIPId>2a52ff3b-6f43-4385-a9b6-8b7ad0961028</sln:powIIPId><sln:powIIPPn>PL.PZGIK.200</sln:powIIPPn><sln:powIIPWersja>2012-09-27T08:13:53+02:00</sln:powIIPWersja><sln:powIdTeryt>1401</sln:powIdTeryt><sln:powNazwa>białobrzeski</sln:powNazwa><sln:wojIIPId>4b6c492a-eb04-441d-a92a-f44359c06de7</sln:wojIIPId><sln:wojIIPPn>PL.PZGIK.200</sln:wojIIPPn><sln:wojIIPWersja>2012-09-27T13:45:13+02:00</sln:wojIIPWersja><sln:wojIdTeryt>14</sln:wojIdTeryt><sln:wojNazwa>mazowieckie</sln:wojNazwa></sln:miejscowosc><sln:miejscowosc><sln:cyklZyciaOd>2016-11-26T00:00:00+01:00</sln:cyklZyciaOd><sln:gmIIPId>b260481a-49e9-4398-a143-f23a408395e9</sln:gmIIPId><sln:gmIIPPn>PL.PZGIK.200</sln:gmIIPPn><sln:gmIIPWersja>2012-09-26T21:57:27+02:00</sln:gmIIPWersja><sln:gmIdTeryt>1401013</sln:gmIdTeryt><sln:gmNazwa>Białobrzegi</sln:gmNazwa><sln:miejscIIPId>6610cd14-8c38-47be-a14d-88435d5ced5e</sln:miejscIIPId><sln:miejscIIPPn>PL.PZGIK.200</sln:miejscIIPPn><sln:miejscIIPWersja>2016-11-26T13:13:37+02:00</sln:miejscIIPWersja><sln:miejscIdTeryt>0614498</sln:miejscIdTeryt><sln:miejscNazwa>Leopoldów</sln:miejscNazwa><sln:miejscRodzaj>Wieś</sln:miejscRodzaj><sln:powIIPId>2a52ff3b-6f43-4385-a9b6-8b7ad0961028</sln:powIIPId><sln:powIIPPn>PL.PZGIK.200</sln:powIIPPn><sln:powIIPWersja>2012-09-27T08:13:53+02:00</sln:powIIPWersja><sln:powIdTeryt>1401</sln:powIdTeryt><sln:powNazwa>białobrzeski</sln:powNazwa><sln:wojIIPId>4b6c492a-eb04-441d-a92a-f44359c06de7</sln:wojIIPId><sln:wojIIPPn>PL.PZGIK.200</sln:wojIIPPn><sln:wojIIPWersja>2012-09-27T13:45:13+02:00</sln:wojIIPWersja><sln:wojIdTeryt>14</sln:wojIdTeryt><sln:wojNazwa>mazowieckie</sln:wojNazwa></sln:miejscowosc><sln:miejscowosc><sln:cyklZyciaOd>2016-11-26T00:00:00+01:00</sln:cyklZyciaOd><sln:gmIIPId>b260481a-49e9-4398-a143-f23a408395e9</sln:gmIIPId><sln:gmIIPPn>PL.PZGIK.200</sln:gmIIPPn><sln:gmIIPWersja>2012-09-26T21:57:27+02:00</sln:gmIIPWersja><sln:gmIdTeryt>1401013</sln:gmIdTeryt><sln:gmNazwa>Białobrzegi</sln:gmNazwa><sln:miejscIIPId>cb867dee-1e99-4a38-a31e-a9bfd804bb64</sln:miejscIIPId><sln:miejscIIPPn>PL.PZGIK.200</sln:miejscIIPPn><sln:miejscIIPWersja>2016-11-26T13:13:37+02:00</sln:miejscIIPWersja><sln:miejscIdTeryt>0614570</sln:miejscIdTeryt><sln:miejscNazwa>Mikówka</sln:miejscNazwa><sln:miejscRodzaj>Wieś</sln:miejscRodzaj><sln:powIIPId>2a52ff3b-6f43-4385-a9b6-8b7ad0961028</sln:powIIPId><sln:powIIPPn>PL.PZGIK.200</sln:powIIPPn><sln:powIIPWersja>2012-09-27T08:13:53+02:00</sln:powIIPWersja><sln:powIdTeryt>1401</sln:powIdTeryt><sln:powNazwa>białobrzeski</sln:powNazwa><sln:wojIIPId>4b6c492a-eb04-441d-a92a-f44359c06de7</sln:wojIIPId><sln:wojIIPPn>PL.PZGIK.200</sln:wojIIPPn><sln:wojIIPWersja>2012-09-27T13:45:13+02:00</sln:wojIIPWersja><sln:wojIdTeryt>14</sln:wojIdTeryt><sln:wojNazwa>mazowieckie</sln:wojNazwa></sln:miejscowosc><sln:miejscowosc><sln:cyklZyciaOd>2016-11-26T00:00:00+01:00</sln:cyklZyciaOd><sln:gmIIPId>b260481a-49e9-4398-a143-f23a408395e9</sln:gmIIPId><sln:gmIIPPn>PL.PZGIK.200</sln:gmIIPPn><sln:gmIIPWersja>2012-09-26T21:57:27+02:00</sln:gmIIPWersja><sln:gmIdTeryt>1401013</sln:gmIdTeryt><sln:gmNazwa>Białobrzegi</sln:gmNazwa><sln:miejscIIPId>2d15618a-e504-4628-bd53-faa59cbce09e</sln:miejscIIPId><sln:miejscIIPPn>PL.PZGIK.200</sln:miejscIIPPn><sln:miejscIIPWersja>2016-11-26T13:13:37+02:00</sln:miejscIIPWersja><sln:miejscIdTeryt>0614601</sln:miejscIdTeryt><sln:miejscNazwa>Okrąglik</sln:miejscNazwa><sln:miejscRodzaj>Wieś</sln:miejscRodzaj><sln:powIIPId>2a52ff3b-6f43-4385-a9b6-8b7ad0961028</sln:powIIPId><sln:powIIPPn>PL.PZGIK.200</sln:powIIPPn><sln:powIIPWersja>2012-09-27T08:13:53+02:00</sln:powIIPWersja><sln:powIdTeryt>1401</sln:powIdTeryt><sln:powNazwa>białobrzeski</sln:powNazwa><sln:wojIIPId>4b6c492a-eb04-441d-a92a-f44359c06de7</sln:wojIIPId><sln:wojIIPPn>PL.PZGIK.200</sln:wojIIPPn><sln:wojIIPWersja>2012-09-27T13:45:13+02:00</sln:wojIIPWersja><sln:wojIdTeryt>14</sln:wojIdTeryt><sln:wojNazwa>mazowieckie</sln:wojNazwa></sln:miejscowosc><sln:miejscowosc><sln:cyklZyciaOd>2016-11-26T00:00:00+01:00</sln:cyklZyciaOd><sln:gmIIPId>b260481a-49e9-4398-a143-f23a408395e9</sln:gmIIPId><sln:gmIIPPn>PL.PZGIK.200</sln:gmIIPPn><sln:gmIIPWersja>2012-09-26T21:57:27+02:00</sln:gmIIPWersja><sln:gmIdTeryt>1401013</sln:gmIdTeryt><sln:gmNazwa>Białobrzegi</sln:gmNazwa><sln:miejscIIPId>4e6f4f01-f8f0-43f0-8372-39b546273e7a</sln:miejscIIPId><sln:miejscIIPPn>PL.PZGIK.200</sln:miejscIIPPn><sln:miejscIIPWersja>2016-11-26T13:13:37+02:00</sln:miejscIIPWersja><sln:miejscIdTeryt>0614481</sln:miejscIdTeryt><sln:miejscNIIPId>a80779bd-f7ba-4a47-b288-5cb7ebc8b7a9</sln:miejscNIIPId><sln:miejscNIIPPn>PL.PZGIK.200</sln:miejscNIIPPn><sln:miejscNIIPWersja>2016-11-26T13:13:36+02:00</sln:miejscNIIPWersja><sln:miejscNIdTeryt>0614475</sln:miejscNIdTeryt><sln:miejscNNazwa>Brzeska Wola</sln:miejscNNazwa><sln:miejscNRodzaj>Wieś</sln:miejscNRodzaj><sln:miejscNazwa>Podlas</sln:miejscNazwa><sln:miejscRodzaj>Inny obiekt</sln:miejscRodzaj><sln:powIIPId>2a52ff3b-6f43-4385-a9b6-8b7ad0961028</sln:powIIPId><sln:powIIPPn>PL.PZGIK.200</sln:powIIPPn><sln:powIIPWersja>2012-09-27T08:13:53+02:00</sln:powIIPWersja><sln:powIdTeryt>1401</sln:powIdTeryt><sln:powNazwa>białobrzeski</sln:powNazwa><sln:wojIIPId>4b6c492a-eb04-441d-a92a-f44359c06de7</sln:wojIIPId><sln:wojIIPPn>PL.PZGIK.200</sln:wojIIPPn><sln:wojIIPWersja>2012-09-27T13:45:13+02:00</sln:wojIIPWersja><sln:wojIdTeryt>14</sln:wojIdTeryt><sln:wojNazwa>mazowieckie</sln:wojNazwa></sln:miejscowosc><sln:miejscowosc><sln:cyklZyciaOd>2016-11-26T00:00:00+01:00</sln:cyklZyciaOd><sln:gmIIPId>b260481a-49e9-4398-a143-f23a408395e9</sln:gmIIPId><sln:gmIIPPn>PL.PZGIK.200</sln:gmIIPPn><sln:gmIIPWersja>2012-09-26T21:57:27+02:00</sln:gmIIPWersja><sln:gmIdTeryt>1401013</sln:gmIdTeryt><sln:gmNazwa>Białobrzegi</sln:gmNazwa><sln:miejscIIPId>15e92978-b4cb-4105-b2f2-619a40f4c3e2</sln:miejscIIPId><sln:miejscIIPPn>PL.PZGIK.200</sln:miejscIIPPn><sln:miejscIIPWersja>2016-11-26T13:13:37+02:00</sln:miejscIIPWersja><sln:miejscIdTeryt>0614512</sln:miejscIdTeryt><sln:miejscNIIPId>35e40df7-37a4-4d61-b911-0d688b447091</sln:miejscNIIPId><sln:miejscNIIPPn>PL.PZGIK.200</sln:miejscNIIPPn><sln:miejscNIIPWersja>2016-11-26T13:13:36+02:00</sln:miejscNIIPWersja><sln:miejscNIdTeryt>0614506</sln:miejscNIdTeryt><sln:miejscNNazwa>Brzeźce</sln:miejscNNazwa><sln:miejscNRodzaj>Wieś</sln:miejscNRodzaj><sln:miejscNazwa>Kolonia Brzeźce</sln:miejscNazwa><sln:miejscRodzaj>Kolonia</sln:miejscRodzaj><sln:powIIPId>2a52ff3b-6f43-4385-a9b6-8b7ad0961028</sln:powIIPId><sln:powIIPPn>PL.PZGIK.200</sln:powIIPPn><sln:powIIPWersja>2012-09-27T08:13:53+02:00</sln:powIIPWersja><sln:powIdTeryt>1401</sln:powIdTeryt><sln:powNazwa>białobrzeski</sln:powNazwa><sln:wojIIPId>4b6c492a-eb04-441d-a92a-f44359c06de7</sln:wojIIPId><sln:wojIIPPn>PL.PZGIK.200</sln:wojIIPPn><sln:wojIIPWersja>2012-09-27T13:45:13+02:00</sln:wojIIPWersja><sln:wojIdTeryt>14</sln:wojIdTeryt><sln:wojNazwa>mazowieckie</sln:wojNazwa></sln:miejscowosc><sln:miejscowosc><sln:cyklZyciaOd>2016-11-26T00:00:00+01:00</sln:cyklZyciaOd><sln:gmIIPId>b260481a-49e9-4398-a143-f23a408395e9</sln:gmIIPId><sln:gmIIPPn>PL.PZGIK.200</sln:gmIIPPn><sln:gmIIPWersja>2012-09-26T21:57:27+02:00</sln:gmIIPWersja><sln:gmIdTeryt>1401013</sln:gmIdTeryt><sln:gmNazwa>Białobrzegi</sln:gmNazwa><sln:miejscIIPId>ac6a23eb-c520-4379-a2f5-ffa5e9bb5bc3</sln:miejscIIPId><sln:miejscIIPPn>PL.PZGIK.200</sln:miejscIIPPn><sln:miejscIIPWersja>2016-11-26T13:13:37+02:00</sln:miejscIIPWersja><sln:miejscIdTeryt>0614699</sln:miejscIdTeryt><sln:miejscNIIPId>8025380d-5924-4b7b-b20c-e0080354e58f</sln:miejscNIIPId><sln:miejscNIIPPn>PL.PZGIK.200</sln:miejscNIIPPn><sln:miejscNIIPWersja>2016-11-24T13:31:58+02:00</sln:miejscNIIPWersja><sln:miejscNIdTeryt>0614682</sln:miejscNIdTeryt><sln:miejscNNazwa>Szczyty</sln:miejscNNazwa><sln:miejscNRodzaj>Wieś</sln:miejscNRodzaj><sln:miejscNazwa>Andrzejów</sln:miejscNazwa><sln:miejscRodzaj>Inny obiekt</sln:miejscRodzaj><sln:powIIPId>2a52ff3b-6f43-4385-a9b6-8b7ad0961028</sln:powIIPId><sln:powIIPPn>PL.PZGIK.200</sln:powIIPPn><sln:powIIPWersja>2012-09-27T08:13:53+02:00</sln:powIIPWersja><sln:powIdTeryt>1401</sln:powIdTeryt><sln:powNazwa>białobrzeski</sln:powNazwa><sln:wojIIPId>4b6c492a-eb04-441d-a92a-f44359c06de7</sln:wojIIPId><sln:wojIIPPn>PL.PZGIK.200</sln:wojIIPPn><sln:wojIIPWersja>2012-09-27T13:45:13+02:00</sln:wojIIPWersja><sln:wojIdTeryt>14</sln:wojIdTeryt><sln:wojNazwa>mazowieckie</sln:wojNazwa></sln:miejscowosc><sln:miejscowosc><sln:cyklZyciaOd>2016-11-26T00:00:00+01:00</sln:cyklZyciaOd><sln:gmIIPId>b260481a-49e9-4398-a143-f23a408395e9</sln:gmIIPId><sln:gmIIPPn>PL.PZGIK.200</sln:gmIIPPn><sln:gmIIPWersja>2012-09-26T21:57:27+02:00</sln:gmIIPWersja><sln:gmIdTeryt>1401013</sln:gmIdTeryt><sln:gmNazwa>Białobrzegi</sln:gmNazwa><sln:miejscIIPId>7a633e0c-81d7-4f67-9a61-56a5edafb991</sln:miejscIIPId><sln:miejscIIPPn>PL.PZGIK.200</sln:miejscIIPPn><sln:miejscIIPWersja>2016-11-26T13:13:37+02:00</sln:miejscIIPWersja><sln:miejscIdTeryt>0973330</sln:miejscIdTeryt><sln:miejscNIIPId>c18159fd-bc80-4a08-a36b-a0f2d22eae14</sln:miejscNIIPId><sln:miejscNIIPPn>PL.PZGIK.200</sln:miejscNIIPPn><sln:miejscNIIPWersja>2016-11-24T13:38:57+02:00</sln:miejscNIIPWersja><sln:miejscNIdTeryt>0973286</sln:miejscNIdTeryt><sln:miejscNNazwa>Białobrzegi</sln:miejscNNazwa><sln:miejscNRodzaj>Miasto</sln:miejscNRodzaj><sln:miejscNazwa>Praga</sln:miejscNazwa><sln:miejscRodzaj>Inny obiekt</sln:miejscRodzaj><sln:powIIPId>2a52ff3b-6f43-4385-a9b6-8b7ad0961028</sln:powIIPId><sln:powIIPPn>PL.PZGIK.200</sln:powIIPPn><sln:powIIPWersja>2012-09-27T08:13:53+02:00</sln:powIIPWersja><sln:powIdTeryt>1401</sln:powIdTeryt><sln:powNazwa>białobrzeski</sln:powNazwa><sln:wojIIPId>4b6c492a-eb04-441d-a92a-f44359c06de7</sln:wojIIPId><sln:wojIIPPn>PL.PZGIK.200</sln:wojIIPPn><sln:wojIIPWersja>2012-09-27T13:45:13+02:00</sln:wojIIPWersja><sln:wojIdTeryt>14</sln:wojIdTeryt><sln:wojNazwa>mazowieckie</sln:wojNazwa></sln:miejscowosc><sln:miejscowosc><sln:cyklZyciaOd>2016-11-26T00:00:00+01:00</sln:cyklZyciaOd><sln:gmIIPId>b260481a-49e9-4398-a143-f23a408395e9</sln:gmIIPId><sln:gmIIPPn>PL.PZGIK.200</sln:gmIIPPn><sln:gmIIPWersja>2012-09-26T21:57:27+02:00</sln:gmIIPWersja><sln:gmIdTeryt>1401013</sln:gmIdTeryt><sln:gmNazwa>Białobrzegi</sln:gmNazwa><sln:miejscIIPId>c7a481a5-02af-41ae-9e5d-853fa79e5083</sln:miejscIIPId><sln:miejscIIPPn>PL.PZGIK.200</sln:miejscIIPPn><sln:miejscIIPWersja>2016-11-26T13:13:37+02:00</sln:miejscIIPWersja><sln:miejscIdTeryt>0973292</sln:miejscIdTeryt><sln:miejscNIIPId>c18159fd-bc80-4a08-a36b-a0f2d22eae14</sln:miejscNIIPId><sln:miejscNIIPPn>PL.PZGIK.200</sln:miejscNIIPPn><sln:miejscNIIPWersja>2016-11-24T13:38:57+02:00</sln:miejscNIIPWersja><sln:miejscNIdTeryt>0973286</sln:miejscNIdTeryt><sln:miejscNNazwa>Białobrzegi</sln:miejscNNazwa><sln:miejscNRodzaj>Miasto</sln:miejscNRodzaj><sln:miejscNazwa>Banaszka</sln:miejscNazwa><sln:miejscRodzaj>Inny obiekt</sln:miejscRodzaj><sln:powIIPId>2a52ff3b-6f43-4385-a9b6-8b7ad0961028</sln:powIIPId><sln:powIIPPn>PL.PZGIK.200</sln:powIIPPn><sln:powIIPWersja>2012-09-27T08:13:53+02:00</sln:powIIPWersja><sln:powIdTeryt>1401</sln:powIdTeryt><sln:powNazwa>białobrzeski</sln:powNazwa><sln:wojIIPId>4b6c492a-eb04-441d-a92a-f44359c06de7</sln:wojIIPId><sln:wojIIPPn>PL.PZGIK.200</sln:wojIIPPn><sln:wojIIPWersja>2012-09-27T13:45:13+02:00</sln:wojIIPWersja><sln:wojIdTeryt>14</sln:wojIdTeryt><sln:wojNazwa>mazowieckie</sln:wojNazwa></sln:miejscowosc><sln:miejscowosc><sln:cyklZyciaOd>2016-11-26T00:00:00+01:00</sln:cyklZyciaOd><sln:gmIIPId>b260481a-49e9-4398-a143-f23a408395e9</sln:gmIIPId><sln:gmIIPPn>PL.PZGIK.200</sln:gmIIPPn><sln:gmIIPWersja>2012-09-26T21:57:27+02:00</sln:gmIIPWersja><sln:gmIdTeryt>1401013</sln:gmIdTeryt><sln:gmNazwa>Białobrzegi</sln:gmNazwa><sln:miejscIIPId>aa971ebe-d42e-45c1-a3c3-d5d406176982</sln:miejscIIPId><sln:miejscIIPPn>PL.PZGIK.200</sln:miejscIIPPn><sln:miejscIIPWersja>2016-11-26T13:13:38+02:00</sln:miejscIIPWersja><sln:miejscIdTeryt>0973300</sln:miejscIdTeryt><sln:miejscNIIPId>c18159fd-bc80-4a08-a36b-a0f2d22eae14</sln:miejscNIIPId><sln:miejscNIIPPn>PL.PZGIK.200</sln:miejscNIIPPn><sln:miejscNIIPWersja>2016-11-24T13:38:57+02:00</sln:miejscNIIPWersja><sln:miejscNIdTeryt>0973286</sln:miejscNIdTeryt><sln:miejscNNazwa>Białobrzegi</sln:miejscNNazwa><sln:miejscNRodzaj>Miasto</sln:miejscNRodzaj><sln:miejscNazwa>Borki Jasieńskie</sln:miejscNazwa><sln:miejscRodzaj>Inny obiekt</sln:miejscRodzaj><sln:powIIPId>2a52ff3b-6f43-4385-a9b6-8b7ad0961028</sln:powIIPId><sln:powIIPPn>PL.PZGIK.200</sln:powIIPPn><sln:powIIPWersja>2012-09-27T08:13:53+02:00</sln:powIIPWersja><sln:powIdTeryt>1401</sln:powIdTeryt><sln:powNazwa>białobrzeski</sln:powNazwa><sln:wojIIPId>4b6c492a-eb04-441d-a92a-f44359c06de7</sln:wojIIPId><sln:wojIIPPn>PL.PZGIK.200</sln:wojIIPPn><sln:wojIIPWersja>2012-09-27T13:45:13+02:00</sln:wojIIPWersja><sln:wojIdTeryt>14</sln:wojIdTeryt><sln:wojNazwa>mazowieckie</sln:wojNazwa></sln:miejscowosc><sln:miejscowosc><sln:cyklZyciaOd>2016-11-26T00:00:00+01:00</sln:cyklZyciaOd><sln:gmIIPId>b260481a-49e9-4398-a143-f23a408395e9</sln:gmIIPId><sln:gmIIPPn>PL.PZGIK.200</sln:gmIIPPn><sln:gmIIPWersja>2012-09-26T21:57:27+02:00</sln:gmIIPWersja><sln:gmIdTeryt>1401013</sln:gmIdTeryt><sln:gmNazwa>Białobrzegi</sln:gmNazwa><sln:miejscIIPId>0aa23b67-74ad-43a4-840d-efd2241a23a7</sln:miejscIIPId><sln:miejscIIPPn>PL.PZGIK.200</sln:miejscIIPPn><sln:miejscIIPWersja>2016-11-26T13:13:38+02:00</sln:miejscIIPWersja><sln:miejscIdTeryt>0973317</sln:miejscIdTeryt><sln:miejscNIIPId>c18159fd-bc80-4a08-a36b-a0f2d22eae14</sln:miejscNIIPId><sln:miejscNIIPPn>PL.PZGIK.200</sln:miejscNIIPPn><sln:miejscNIIPWersja>2016-11-24T13:38:57+02:00</sln:miejscNIIPWersja><sln:miejscNIdTeryt>0973286</sln:miejscNIdTeryt><sln:miejscNNazwa>Białobrzegi</sln:miejscNNazwa><sln:miejscNRodzaj>Miasto</sln:miejscNRodzaj><sln:miejscNazwa>Borki Stawiszyńskie</sln:miejscNazwa><sln:miejscRodzaj>Inny obiekt</sln:miejscRodzaj><sln:powIIPId>2a52ff3b-6f43-4385-a9b6-8b7ad0961028</sln:powIIPId><sln:powIIPPn>PL.PZGIK.200</sln:powIIPPn><sln:powIIPWersja>2012-09-27T08:13:53+02:00</sln:powIIPWersja><sln:powIdTeryt>1401</sln:powIdTeryt><sln:powNazwa>białobrzeski</sln:powNazwa><sln:wojIIPId>4b6c492a-eb04-441d-a92a-f44359c06de7</sln:wojIIPId><sln:wojIIPPn>PL.PZGIK.200</sln:wojIIPPn><sln:wojIIPWersja>2012-09-27T13:45:13+02:00</sln:wojIIPWersja><sln:wojIdTeryt>14</sln:wojIdTeryt><sln:wojNazwa>mazowieckie</sln:wojNazwa></sln:miejscowosc><sln:miejscowosc><sln:cyklZyciaOd>2016-11-26T00:00:00+01:00</sln:cyklZyciaOd><sln:gmIIPId>b260481a-49e9-4398-a143-f23a408395e9</sln:gmIIPId><sln:gmIIPPn>PL.PZGIK.200</sln:gmIIPPn><sln:gmIIPWersja>2012-09-26T21:57:27+02:00</sln:gmIIPWersja><sln:gmIdTeryt>1401013</sln:gmIdTeryt><sln:gmNazwa>Białobrzegi</sln:gmNazwa><sln:miejscIIPId>a867dbef-9446-448f-bafb-455cc7fed946</sln:miejscIIPId><sln:miejscIIPPn>PL.PZGIK.200</sln:miejscIIPPn><sln:miejscIIPWersja>2016-11-26T13:13:38+02:00</sln:miejscIIPWersja><sln:miejscIdTeryt>1053599</sln:miejscIdTeryt><sln:miejscNIIPId>0822b1f7-cd63-451b-b529-90733ea6eb92</sln:miejscNIIPId><sln:miejscNIIPPn>PL.PZGIK.200</sln:miejscNIIPPn><sln:miejscNIIPWersja>2016-11-26T13:13:37+02:00</sln:miejscNIIPWersja><sln:miejscNIdTeryt>0614529</sln:miejscNIdTeryt><sln:miejscNNazwa>Budy Brankowskie</sln:miejscNNazwa><sln:miejscNRodzaj>Wieś</sln:miejscNRodzaj><sln:miejscNazwa>Budy Biejkowskie</sln:miejscNazwa><sln:miejscRodzaj>Inny obiekt</sln:miejscRodzaj><sln:powIIPId>2a52ff3b-6f43-4385-a9b6-8b7ad0961028</sln:powIIPId><sln:powIIPPn>PL.PZGIK.200</sln:powIIPPn><sln:powIIPWersja>2012-09-27T08:13:53+02:00</sln:powIIPWersja><sln:powIdTeryt>1401</sln:powIdTeryt><sln:powNazwa>białobrzeski</sln:powNazwa><sln:wojIIPId>4b6c492a-eb04-441d-a92a-f44359c06de7</sln:wojIIPId><sln:wojIIPPn>PL.PZGIK.200</sln:wojIIPPn><sln:wojIIPWersja>2012-09-27T13:45:13+02:00</sln:wojIIPWersja><sln:wojIdTeryt>14</sln:wojIdTeryt><sln:wojNazwa>mazowieckie</sln:wojNazwa></sln:miejscowosc></sln:lista-miejscowosci>