<?xml version="1.0" encoding="UTF-8" standalone="yes"?><sln:lista-miejscowosci xmlns:srv="http://gugik.gov.pl/schemas/slowniki-service/1.0" xmlns:sln="http://gugik.gov.pl/schemas/slowniki-schema/1.0"><sln:miejscowosc><sln:cyklZyciaDo>2017-03-09T00:00:00+01:00</sln:cyklZyciaDo><sln:cyklZyciaOd>2015-12-22T00:00:00+01:00</sln:cyklZyciaOd><sln:gmIIPId>938ca823-940e-4b8c-9de0-ee8c83ade9bc</sln:gmIIPId><sln:gmIIPPn>PL.PZGIK.200</sln:gmIIPPn><sln:gmIIPWersja>2012-09-26T22:54:49+02:00</sln:gmIIPWersja><sln:gmIdTeryt>1421062</sln:gmIdTeryt><sln:gmNazwa>Raszyn</sln:gmNazwa><sln:miejscIIPId>770879f5-5360-4586-9e9f-ed96cc55a19b</sln:miejscIIPId><sln:miejscIIPPn>PL.PZGIK.200</sln:miejscIIPPn><sln:miejscIIPWersja>2016-11-24T08:26:18+02:00</sln:miejscIIPWersja><sln:miejscIdTeryt>0007930</sln:miejscIdTeryt><sln:miejscNazwa>Dawidy</sln:miejscNazwa><sln:miejscRodzaj>Wieś</sln:miejscRodzaj><sln:powIIPId>4d601c02-4693-43d1-85b5-bd17b80d27a8</sln:powIIPId><sln:powIIPPn>PL.PZGIK.200</sln:powIIPPn><sln:powIIPWersja>2012-09-27T08:13:53+02:00</sln:powIIPWersja><sln:powIdTeryt>1421</sln:powIdTeryt><sln:powNazwa>pruszkowski</sln:powNazwa><sln:waznyOd>2010-04-19T00:00:00+02:00</sln:waznyOd><sln:wojIIPId>4b6c492a-eb04-441d-a92a-f44359c06de7</sln:wojIIPId><sln:wojIIPPn>PL.PZGIK.200</sln:wojIIPPn><sln:wojIIPWersja>2012-09-27T13:45:13+02:00</sln:wojIIPWersja><sln:wojIdTeryt>14</sln:wojIdTeryt><sln:wojNazwa>mazowieckie</sln:wojNazwa></sln:miejscowosc><sln:miejscowosc><sln:cyklZyciaDo>2017-03-09T00:00:00+01:00</sln:cyklZyciaDo><sln:cyklZyciaOd>2015-12-22T00:00:00+01:00</sln:cyklZyciaOd><sln:gmIIPId>938ca823-940e-4b8c-9de0-ee8c83ade9bc</sln:gmIIPId><sln:gmIIPPn>PL.PZGIK.200</sln:gmIIPPn><sln:gmIIPWersja>2012-09-26T22:54:49+02:00</sln:gmIIPWersja><sln:gmIdTeryt>1421062</sln:gmIdTeryt><sln:gmNazwa>Raszyn</sln:gmNazwa><sln:miejscIIPId>b454ac13-6442-4b28-8580-8f6bb04e6e15</sln:miejscIIPId><sln:miejscIIPPn>PL.PZGIK.200</sln:miejscIIPPn><sln:miejscIIPWersja>2016-11-24T08:26:20+02:00</sln:miejscIIPWersja><sln:miejscIdTeryt>0007947</sln:miejscIdTeryt><sln:miejscNazwa>Dawidy Bankowe</sln:miejscNazwa><sln:miejscRodzaj>Wieś</sln:miejscRodzaj><sln:powIIPId>4d601c02-4693-43d1-85b5-bd17b80d27a8</sln:powIIPId><sln:powIIPPn>PL.PZGIK.200</sln:powIIPPn><sln:powIIPWersja>2012-09-27T08:13:53+02:00</sln:powIIPWersja><sln:powIdTeryt>1421</sln:powIdTeryt><sln:powNazwa>pruszkowski</sln:powNazwa><sln:waznyOd>2010-04-19T00:00:00+02:00</sln:waznyOd><sln:wojIIPId>4b6c492a-eb04-441d-a92a-f44359c06de7</sln:wojIIPId><sln:wojIIPPn>PL.PZGIK.200</sln:wojIIPPn><sln:wojIIPWersja>2012-09-27T13:45:13+02:00</sln:wojIIPWersja><sln:wojIdTeryt>14</sln:wojIdTeryt><sln:wojNazwa>mazowieckie</sln:wojNazwa></sln:miejscowosc><sln:miejscowosc><sln:cyklZyciaDo>2017-03-09T00:00:00+01:00</sln:cyklZyciaDo><sln:cyklZyciaOd>2015-12-22T00:00:00+01:00</sln:cyklZyciaOd><sln:gmIIPId>938ca823-940e-4b8c-9de0-ee8c83ade9bc</sln:gmIIPId><sln:gmIIPPn>PL.PZGIK.200</sln:gmIIPPn><sln:gmIIPWersja>2012-09-26T22:54:49+02:00</sln:gmIIPWersja><sln:gmIdTeryt>1421062</sln:gmIdTeryt><sln:gmNazwa>Raszyn</sln:gmNazwa><sln:miejscIIPId>c562378c-cea1-4651-8d82-39bed5534c24</sln:miejscIIPId><sln:miejscIIPPn>PL.PZGIK.200</sln:miejscIIPPn><sln:miejscIIPWersja>2016-11-24T08:26:24+02:00</sln:miejscIIPWersja><sln:miejscIdTeryt>0007960</sln:miejscIdTeryt><sln:miejscNazwa>Falenty</sln:miejscNazwa><sln:miejscRodzaj>Osada</sln:miejscRodzaj><sln:powIIPId>4d601c02-4693-43d1-85b5-bd17b80d27a8</sln:powIIPId><sln:powIIPPn>PL.PZGIK.200</sln:powIIPPn><sln:powIIPWersja>2012-09-27T08:13:53+02:00</sln:powIIPWersja><sln:powIdTeryt>1421</sln:powIdTeryt><sln:powNazwa>pruszkowski</sln:powNazwa><sln:waznyOd>2010-04-19T00:00:00+02:00</sln:waznyOd><sln:wojIIPId>4b6c492a-eb04-441d-a92a-f44359c06de7</sln:wojIIPId><sln:wojIIPPn>PL.PZGIK.200</sln:wojIIPPn><sln:wojIIPWersja>2012-09-27T13:45:13+02:00</sln:wojIIPWersja><sln:wojIdTeryt>14</sln:wojIdTeryt><sln:wojNazwa>mazowieckie</sln:wojNazwa></sln:miejscowosc><sln:miejscowosc><sln:cyklZyciaDo>2017-03-09T00:00:00+01:00</sln:cyklZyciaDo><sln:cyklZyciaOd>2015-12-22T00:00:00+01:00</sln:cyklZyciaOd><sln:gmIIPId>938ca823-940e-4b8c-9de0-ee8c83ade9bc</sln:gmIIPId><sln:gmIIPPn>PL.PZGIK.200</sln:gmIIPPn><sln:gmIIPWersja>2012-09-26T22:54:49+02:00</sln:gmIIPWersja><sln:gmIdTeryt>1421062</sln:gmIdTeryt><sln:gmNazwa>Raszyn</sln:gmNazwa><sln:miejscIIPId>9fe4e8a5-a90d-4451-b3a7-f33f20fc3b34</sln:miejscIIPId><sln:miejscIIPPn>PL.PZGIK.200</sln:miejscIIPPn><sln:miejscIIPWersja>2016-11-24T08:26:22+02:00</sln:miejscIIPWersja><sln:miejscIdTeryt>0007953</sln:miejscIdTeryt><sln:miejscNazwa>Falenty Duże</sln:miejscNazwa><sln:miejscRodzaj>Wieś</sln:miejscRodzaj><sln:powIIPId>4d601c02-4693-43d1-85b5-bd17b80d27a8</sln:powIIPId><sln:powIIPPn>PL.PZGIK.200</sln:powIIPPn><sln:powIIPWersja>2012-09-27T08:13:53+02:00</sln:powIIPWersja><sln:powIdTeryt>1421</sln:powIdTeryt><sln:powNazwa>pruszkowski</sln:powNazwa><sln:waznyOd>2010-04-19T00:00:00+02:00</sln:waznyOd><sln:wojIIPId>4b6c492a-eb04-441d-a92a-f44359c06de7</sln:wojIIPId><sln:wojIIPPn>PL.PZGIK.200</sln:wojIIPPn><sln:wojIIPWersja>2012-09-27T13:45:13+02:00</sln:wojIIPWersja><sln:wojIdTeryt>14</sln:wojIdTeryt><sln:wojNazwa>mazowieckie</sln:wojNazwa></sln:miejscowosc><sln:miejscowosc><sln:cyklZyciaDo>2017-03-09T00:00:00+01:00</sln:cyklZyciaDo><sln:cyklZyciaOd>2015-12-22T00:00:00+01:00</sln:cyklZyciaOd><sln:gmIIPId>938ca823-940e-4b8c-9de0-ee8c83ade9bc</sln:gmIIPId><sln:gmIIPPn>PL.PZGIK.200</sln:gmIIPPn><sln:gmIIPWersja>2012-09-26T22:54:49+02:00</sln:gmIIPWersja><sln:gmIdTeryt>1421062</sln:gmIdTeryt><sln:gmNazwa>Raszyn</sln:gmNazwa><sln:miejscIIPId>5d292ea3-2723-4c2f-af39-495ecb012e87</sln:miejscIIPId><sln:miejscIIPPn>PL.PZGIK.200</sln:miejscIIPPn><sln:miejscIIPWersja>2016-11-24T08:26:34+02:00</sln:miejscIIPWersja><sln:miejscIdTeryt>0008013</sln:miejscIdTeryt><sln:miejscNazwa>Falenty Nowe</sln:miejscNazwa><sln:miejscRodzaj>Wieś</sln:miejscRodzaj><sln:powIIPId>4d601c02-4693-43d1-85b5-bd17b80d27a8</sln:powIIPId><sln:powIIPPn>PL.PZGIK.200</sln:powIIPPn><sln:powIIPWersja>2012-09-27T08:13:53+02:00</sln:powIIPWersja><sln:powIdTeryt>1421</sln:powIdTeryt><sln:powNazwa>pruszkowski</sln:powNazwa><sln:waznyOd>2010-04-19T00:00:00+02:00</sln:waznyOd><sln:wojIIPId>4b6c492a-eb04-441d-a92a-f44359c06de7</sln:wojIIPId><sln:wojIIPPn>PL.PZGIK.200</sln:wojIIPPn><sln:wojIIPWersja>2012-09-27T13:45:13+02:00</sln:wojIIPWersja><sln:wojIdTeryt>14</sln:wojIdTeryt><sln:wojNazwa>mazowieckie</sln:wojNazwa></sln:miejscowosc><sln:miejscowosc><sln:cyklZyciaDo>2017-03-09T00:00:00+01:00</sln:cyklZyciaDo><sln:cyklZyciaOd>2015-12-22T00:00:00+01:00</sln:cyklZyciaOd><sln:gmIIPId>938ca823-940e-4b8c-9de0-ee8c83ade9bc</sln:gmIIPId><sln:gmIIPPn>PL.PZGIK.200</sln:gmIIPPn><sln:gmIIPWersja>2012-09-26T22:54:49+02:00</sln:gmIIPWersja><sln:gmIdTeryt>1421062</sln:gmIdTeryt><sln:gmNazwa>Raszyn</sln:gmNazwa><sln:miejscIIPId>716336a9-9580-4fac-9e08-ca4f434341ff</sln:miejscIIPId><sln:miejscIIPPn>PL.PZGIK.200</sln:miejscIIPPn><sln:miejscIIPWersja>2016-11-24T08:26:26+02:00</sln:miejscIIPWersja><sln:miejscIdTeryt>0007976</sln:miejscIdTeryt><sln:miejscNazwa>Janki</sln:miejscNazwa><sln:miejscRodzaj>Wieś</sln:miejscRodzaj><sln:powIIPId>4d601c02-4693-43d1-85b5-bd17b80d27a8</sln:powIIPId><sln:powIIPPn>PL.PZGIK.200</sln:powIIPPn><sln:powIIPWersja>2012-09-27T08:13:53+02:00</sln:powIIPWersja><sln:powIdTeryt>1421</sln:powIdTeryt><sln:powNazwa>pruszkowski</sln:powNazwa><sln:waznyOd>2010-04-19T00:00:00+02:00</sln:waznyOd><sln:wojIIPId>4b6c492a-eb04-441d-a92a-f44359c06de7</sln:wojIIPId><sln:wojIIPPn>PL.PZGIK.200</sln:wojIIPPn><sln:wojIIPWersja>2012-09-27T13:45:13+02:00</sln:wojIIPWersja><sln:wojIdTeryt>14</sln:wojIdTeryt><sln:wojNazwa>mazowieckie</sln:wojNazwa></sln:miejscowosc><sln:miejscowosc><sln:cyklZyciaDo>2017-03-09T00:00:00+01:00</sln:cyklZyciaDo><sln:cyklZyciaOd>2015-12-22T00:00:00+01:00</sln:cyklZyciaOd><sln:gmIIPId>938ca823-940e-4b8c-9de0-ee8c83ade9bc</sln:gmIIPId><sln:gmIIPPn>PL.PZGIK.200</sln:gmIIPPn><sln:gmIIPWersja>2012-09-26T22:54:49+02:00</sln:gmIIPWersja><sln:gmIdTeryt>1421062</sln:gmIdTeryt><sln:gmNazwa>Raszyn</sln:gmNazwa><sln:miejscIIPId>cebc9846-fe40-4f12-8395-dbff72a609ab</sln:miejscIIPId><sln:miejscIIPPn>PL.PZGIK.200</sln:miejscIIPPn><sln:miejscIIPWersja>2016-11-24T08:26:28+02:00</sln:miejscIIPWersja><sln:miejscIdTeryt>0007982</sln:miejscIdTeryt><sln:miejscNazwa>Jaworowa</sln:miejscNazwa><sln:miejscRodzaj>Wieś</sln:miejscRodzaj><sln:powIIPId>4d601c02-4693-43d1-85b5-bd17b80d27a8</sln:powIIPId><sln:powIIPPn>PL.PZGIK.200</sln:powIIPPn><sln:powIIPWersja>2012-09-27T08:13:53+02:00</sln:powIIPWersja><sln:powIdTeryt>1421</sln:powIdTeryt><sln:powNazwa>pruszkowski</sln:powNazwa><sln:waznyOd>2010-04-19T00:00:00+02:00</sln:waznyOd><sln:wojIIPId>4b6c492a-eb04-441d-a92a-f44359c06de7</sln:wojIIPId><sln:wojIIPPn>PL.PZGIK.200</sln:wojIIPPn><sln:wojIIPWersja>2012-09-27T13:45:13+02:00</sln:wojIIPWersja><sln:wojIdTeryt>14</sln:wojIdTeryt><sln:wojNazwa>mazowieckie</sln:wojNazwa></sln:miejscowosc><sln:miejscowosc><sln:cyklZyciaDo>2017-03-09T00:00:00+01:00</sln:cyklZyciaDo><sln:cyklZyciaOd>2015-12-22T00:00:00+01:00</sln:cyklZyciaOd><sln:gmIIPId>938ca823-940e-4b8c-9de0-ee8c83ade9bc</sln:gmIIPId><sln:gmIIPPn>PL.PZGIK.200</sln:gmIIPPn><sln:gmIIPWersja>2012-09-26T22:54:49+02:00</sln:gmIIPWersja><sln:gmIdTeryt>1421062</sln:gmIdTeryt><sln:gmNazwa>Raszyn</sln:gmNazwa><sln:miejscIIPId>04846a81-99f7-449d-9330-28dbc2f9913a</sln:miejscIIPId><sln:miejscIIPPn>PL.PZGIK.200</sln:miejscIIPPn><sln:miejscIIPWersja>2016-11-24T08:26:30+02:00</sln:miejscIIPWersja><sln:miejscIdTeryt>0007999</sln:miejscIdTeryt><sln:miejscNazwa>Laszczki</sln:miejscNazwa><sln:miejscRodzaj>Wieś</sln:miejscRodzaj><sln:powIIPId>4d601c02-4693-43d1-85b5-bd17b80d27a8</sln:powIIPId><sln:powIIPPn>PL.PZGIK.200</sln:powIIPPn><sln:powIIPWersja>2012-09-27T08:13:53+02:00</sln:powIIPWersja><sln:powIdTeryt>1421</sln:powIdTeryt><sln:powNazwa>pruszkowski</sln:powNazwa><sln:waznyOd>2010-04-19T00:00:00+02:00</sln:waznyOd><sln:wojIIPId>4b6c492a-eb04-441d-a92a-f44359c06de7</sln:wojIIPId><sln:wojIIPPn>PL.PZGIK.200</sln:wojIIPPn><sln:wojIIPWersja>2012-09-27T13:45:13+02:00</sln:wojIIPWersja><sln:wojIdTeryt>14</sln:wojIdTeryt><sln:wojNazwa>mazowieckie</sln:wojNazwa></sln:miejscowosc><sln:miejscowosc><sln:cyklZyciaDo>2017-03-09T00:00:00+01:00</sln:cyklZyciaDo><sln:cyklZyciaOd>2015-12-22T00:00:00+01:00</sln:cyklZyciaOd><sln:gmIIPId>938ca823-940e-4b8c-9de0-ee8c83ade9bc</sln:gmIIPId><sln:gmIIPPn>PL.PZGIK.200</sln:gmIIPPn><sln:gmIIPWersja>2012-09-26T22:54:49+02:00</sln:gmIIPWersja><sln:gmIdTeryt>1421062</sln:gmIdTeryt><sln:gmNazwa>Raszyn</sln:gmNazwa><sln:miejscIIPId>2f209715-3dcb-48da-988a-38ebcfe7fb18</sln:miejscIIPId><sln:miejscIIPPn>PL.PZGIK.200</sln:miejscIIPPn><sln:miejscIIPWersja>2016-11-24T08:26:32+02:00</sln:miejscIIPWersja><sln:miejscIdTeryt>0008007</sln:miejscIdTeryt><sln:miejscNazwa>Łady</sln:miejscNazwa><sln:miejscRodzaj>Wieś</sln:miejscRodzaj><sln:powIIPId>4d601c02-4693-43d1-85b5-bd17b80d27a8</sln:powIIPId><sln:powIIPPn>PL.PZGIK.200</sln:powIIPPn><sln:powIIPWersja>2012-09-27T08:13:53+02:00</sln:powIIPWersja><sln:powIdTeryt>1421</sln:powIdTeryt><sln:powNazwa>pruszkowski</sln:powNazwa><sln:waznyOd>2010-04-19T00:00:00+02:00</sln:waznyOd><sln:wojIIPId>4b6c492a-eb04-441d-a92a-f44359c06de7</sln:wojIIPId><sln:wojIIPPn>PL.PZGIK.200</sln:wojIIPPn><sln:wojIIPWersja>2012-09-27T13:45:13+02:00</sln:wojIIPWersja><sln:wojIdTeryt>14</sln:wojIdTeryt><sln:wojNazwa>mazowieckie</sln:wojNazwa></sln:miejscowosc><sln:miejscowosc><sln:cyklZyciaDo>2017-03-09T00:00:00+01:00</sln:cyklZyciaDo><sln:cyklZyciaOd>2015-12-22T00:00:00+01:00</sln:cyklZyciaOd><sln:gmIIPId>938ca823-940e-4b8c-9de0-ee8c83ade9bc</sln:gmIIPId><sln:gmIIPPn>PL.PZGIK.200</sln:gmIIPPn><sln:gmIIPWersja>2012-09-26T22:54:49+02:00</sln:gmIIPWersja><sln:gmIdTeryt>1421062</sln:gmIdTeryt><sln:gmNazwa>Raszyn</sln:gmNazwa><sln:miejscIIPId>1d804c2b-4ec2-468e-a97d-47ab8a1bebb4</sln:miejscIIPId><sln:miejscIIPPn>PL.PZGIK.200</sln:miejscIIPPn><sln:miejscIIPWersja>2016-11-24T08:26:36+02:00</sln:miejscIIPWersja><sln:miejscIdTeryt>0008020</sln:miejscIdTeryt><sln:miejscNazwa>Nowe Grocholice</sln:miejscNazwa><sln:miejscRodzaj>Wieś</sln:miejscRodzaj><sln:powIIPId>4d601c02-4693-43d1-85b5-bd17b80d27a8</sln:powIIPId><sln:powIIPPn>PL.PZGIK.200</sln:powIIPPn><sln:powIIPWersja>2012-09-27T08:13:53+02:00</sln:powIIPWersja><sln:powIdTeryt>1421</sln:powIdTeryt><sln:powNazwa>pruszkowski</sln:powNazwa><sln:waznyOd>2010-04-19T00:00:00+02:00</sln:waznyOd><sln:wojIIPId>4b6c492a-eb04-441d-a92a-f44359c06de7</sln:wojIIPId><sln:wojIIPPn>PL.PZGIK.200</sln:wojIIPPn><sln:wojIIPWersja>2012-09-27T13:45:13+02:00</sln:wojIIPWersja><sln:wojIdTeryt>14</sln:wojIdTeryt><sln:wojNazwa>mazowieckie</sln:wojNazwa></sln:miejscowosc><sln:miejscowosc><sln:cyklZyciaDo>2017-03-09T00:00:00+01:00</sln:cyklZyciaDo><sln:cyklZyciaOd>2015-12-22T00:00:00+01:00</sln:cyklZyciaOd><sln:gmIIPId>938ca823-940e-4b8c-9de0-ee8c83ade9bc</sln:gmIIPId><sln:gmIIPPn>PL.PZGIK.200</sln:gmIIPPn><sln:gmIIPWersja>2012-09-26T22:54:49+02:00</sln:gmIIPWersja><sln:gmIdTeryt>1421062</sln:gmIdTeryt><sln:gmNazwa>Raszyn</sln:gmNazwa><sln:miejscIIPId>4565031a-3b01-4f8a-987c-17fb16f6cae0</sln:miejscIIPId><sln:miejscIIPPn>PL.PZGIK.200</sln:miejscIIPPn><sln:miejscIIPWersja>2016-11-24T08:26:38+02:00</sln:miejscIIPWersja><sln:miejscIdTeryt>0008036</sln:miejscIdTeryt><sln:miejscNazwa>Podolszyn Nowy</sln:miejscNazwa><sln:miejscRodzaj>Wieś</sln:miejscRodzaj><sln:powIIPId>4d601c02-4693-43d1-85b5-bd17b80d27a8</sln:powIIPId><sln:powIIPPn>PL.PZGIK.200</sln:powIIPPn><sln:powIIPWersja>2012-09-27T08:13:53+02:00</sln:powIIPWersja><sln:powIdTeryt>1421</sln:powIdTeryt><sln:powNazwa>pruszkowski</sln:powNazwa><sln:waznyOd>2010-04-19T00:00:00+02:00</sln:waznyOd><sln:wojIIPId>4b6c492a-eb04-441d-a92a-f44359c06de7</sln:wojIIPId><sln:wojIIPPn>PL.PZGIK.200</sln:wojIIPPn><sln:wojIIPWersja>2012-09-27T13:45:13+02:00</sln:wojIIPWersja><sln:wojIdTeryt>14</sln:wojIdTeryt><sln:wojNazwa>mazowieckie</sln:wojNazwa></sln:miejscowosc><sln:miejscowosc><sln:cyklZyciaDo>2017-03-09T00:00:00+01:00</sln:cyklZyciaDo><sln:cyklZyciaOd>2015-12-22T00:00:00+01:00</sln:cyklZyciaOd><sln:gmIIPId>938ca823-940e-4b8c-9de0-ee8c83ade9bc</sln:gmIIPId><sln:gmIIPPn>PL.PZGIK.200</sln:gmIIPPn><sln:gmIIPWersja>2012-09-26T22:54:49+02:00</sln:gmIIPWersja><sln:gmIdTeryt>1421062</sln:gmIdTeryt><sln:gmNazwa>Raszyn</sln:gmNazwa><sln:miejscIIPId>b4f77be8-b04b-4be7-b9cf-2139f1995d8e</sln:miejscIIPId><sln:miejscIIPPn>PL.PZGIK.200</sln:miejscIIPPn><sln:miejscIIPWersja>2016-11-24T08:26:42+02:00</sln:miejscIIPWersja><sln:miejscIdTeryt>0008059</sln:miejscIdTeryt><sln:miejscNazwa>Puchały</sln:miejscNazwa><sln:miejscRodzaj>Wieś</sln:miejscRodzaj><sln:powIIPId>4d601c02-4693-43d1-85b5-bd17b80d27a8</sln:powIIPId><sln:powIIPPn>PL.PZGIK.200</sln:powIIPPn><sln:powIIPWersja>2012-09-27T08:13:53+02:00</sln:powIIPWersja><sln:powIdTeryt>1421</sln:powIdTeryt><sln:powNazwa>pruszkowski</sln:powNazwa><sln:waznyOd>2010-04-19T00:00:00+02:00</sln:waznyOd><sln:wojIIPId>4b6c492a-eb04-441d-a92a-f44359c06de7</sln:wojIIPId><sln:wojIIPPn>PL.PZGIK.200</sln:wojIIPPn><sln:wojIIPWersja>2012-09-27T13:45:13+02:00</sln:wojIIPWersja><sln:wojIdTeryt>14</sln:wojIdTeryt><sln:wojNazwa>mazowieckie</sln:wojNazwa></sln:miejscowosc><sln:miejscowosc><sln:cyklZyciaDo>2017-03-09T00:00:00+01:00</sln:cyklZyciaDo><sln:cyklZyciaOd>2015-12-22T00:00:00+01:00</sln:cyklZyciaOd><sln:gmIIPId>938ca823-940e-4b8c-9de0-ee8c83ade9bc</sln:gmIIPId><sln:gmIIPPn>PL.PZGIK.200</sln:gmIIPPn><sln:gmIIPWersja>2012-09-26T22:54:49+02:00</sln:gmIIPWersja><sln:gmIdTeryt>1421062</sln:gmIdTeryt><sln:gmNazwa>Raszyn</sln:gmNazwa><sln:miejscIIPId>d173c26d-4da1-4672-b45b-339801bbc244</sln:miejscIIPId><sln:miejscIIPPn>PL.PZGIK.200</sln:miejscIIPPn><sln:miejscIIPWersja>2016-11-24T08:26:44+02:00</sln:miejscIIPWersja><sln:miejscIdTeryt>0008065</sln:miejscIdTeryt><sln:miejscNazwa>Raszyn</sln:miejscNazwa><sln:miejscRodzaj>Wieś</sln:miejscRodzaj><sln:powIIPId>4d601c02-4693-43d1-85b5-bd17b80d27a8</sln:powIIPId><sln:powIIPPn>PL.PZGIK.200</sln:powIIPPn><sln:powIIPWersja>2012-09-27T08:13:53+02:00</sln:powIIPWersja><sln:powIdTeryt>1421</sln:powIdTeryt><sln:powNazwa>pruszkowski</sln:powNazwa><sln:waznyOd>2010-04-19T00:00:00+02:00</sln:waznyOd><sln:wojIIPId>4b6c492a-eb04-441d-a92a-f44359c06de7</sln:wojIIPId><sln:wojIIPPn>PL.PZGIK.200</sln:wojIIPPn><sln:wojIIPWersja>2012-09-27T13:45:13+02:00</sln:wojIIPWersja><sln:wojIdTeryt>14</sln:wojIdTeryt><sln:wojNazwa>mazowieckie</sln:wojNazwa></sln:miejscowosc><sln:miejscowosc><sln:cyklZyciaDo>2017-03-09T00:00:00+01:00</sln:cyklZyciaDo><sln:cyklZyciaOd>2015-12-22T00:00:00+01:00</sln:cyklZyciaOd><sln:gmIIPId>938ca823-940e-4b8c-9de0-ee8c83ade9bc</sln:gmIIPId><sln:gmIIPPn>PL.PZGIK.200</sln:gmIIPPn><sln:gmIIPWersja>2012-09-26T22:54:49+02:00</sln:gmIIPWersja><sln:gmIdTeryt>1421062</sln:gmIdTeryt><sln:gmNazwa>Raszyn</sln:gmNazwa><sln:miejscIIPId>13db1d29-d572-4eab-b707-b21a752ac6a1</sln:miejscIIPId><sln:miejscIIPPn>PL.PZGIK.200</sln:miejscIIPPn><sln:miejscIIPWersja>2016-11-24T08:26:47+02:00</sln:miejscIIPWersja><sln:miejscIdTeryt>0008071</sln:miejscIdTeryt><sln:miejscNazwa>Rybie</sln:miejscNazwa><sln:miejscRodzaj>Wieś</sln:miejscRodzaj><sln:powIIPId>4d601c02-4693-43d1-85b5-bd17b80d27a8</sln:powIIPId><sln:powIIPPn>PL.PZGIK.200</sln:powIIPPn><sln:powIIPWersja>2012-09-27T08:13:53+02:00</sln:powIIPWersja><sln:powIdTeryt>1421</sln:powIdTeryt><sln:powNazwa>pruszkowski</sln:powNazwa><sln:waznyOd>2010-04-19T00:00:00+02:00</sln:waznyOd><sln:wojIIPId>4b6c492a-eb04-441d-a92a-f44359c06de7</sln:wojIIPId><sln:wojIIPPn>PL.PZGIK.200</sln:wojIIPPn><sln:wojIIPWersja>2012-09-27T13:45:13+02:00</sln:wojIIPWersja><sln:wojIdTeryt>14</sln:wojIdTeryt><sln:wojNazwa>mazowieckie</sln:wojNazwa></sln:miejscowosc><sln:miejscowosc><sln:cyklZyciaDo>2017-03-09T00:00:00+01:00</sln:cyklZyciaDo><sln:cyklZyciaOd>2015-12-22T00:00:00+01:00</sln:cyklZyciaOd><sln:gmIIPId>938ca823-940e-4b8c-9de0-ee8c83ade9bc</sln:gmIIPId><sln:gmIIPPn>PL.PZGIK.200</sln:gmIIPPn><sln:gmIIPWersja>2012-09-26T22:54:49+02:00</sln:gmIIPWersja><sln:gmIdTeryt>1421062</sln:gmIdTeryt><sln:gmNazwa>Raszyn</sln:gmNazwa><sln:miejscIIPId>cb76442a-86db-4411-a4a8-793f16d0c68f</sln:miejscIIPId><sln:miejscIIPPn>PL.PZGIK.200</sln:miejscIIPPn><sln:miejscIIPWersja>2016-11-24T08:26:53+02:00</sln:miejscIIPWersja><sln:miejscIdTeryt>0008119</sln:miejscIdTeryt><sln:miejscNazwa>Sękocin Las</sln:miejscNazwa><sln:miejscRodzaj>Osada leśna</sln:miejscRodzaj><sln:powIIPId>4d601c02-4693-43d1-85b5-bd17b80d27a8</sln:powIIPId><sln:powIIPPn>PL.PZGIK.200</sln:powIIPPn><sln:powIIPWersja>2012-09-27T08:13:53+02:00</sln:powIIPWersja><sln:powIdTeryt>1421</sln:powIdTeryt><sln:powNazwa>pruszkowski</sln:powNazwa><sln:waznyOd>2014-12-03T00:00:00+01:00</sln:waznyOd><sln:wojIIPId>4b6c492a-eb04-441d-a92a-f44359c06de7</sln:wojIIPId><sln:wojIIPPn>PL.PZGIK.200</sln:wojIIPPn><sln:wojIIPWersja>2012-09-27T13:45:13+02:00</sln:wojIIPWersja><sln:wojIdTeryt>14</sln:wojIdTeryt><sln:wojNazwa>mazowieckie</sln:wojNazwa></sln:miejscowosc><sln:miejscowosc><sln:cyklZyciaDo>2017-03-09T00:00:00+01:00</sln:cyklZyciaDo><sln:cyklZyciaOd>2015-12-22T00:00:00+01:00</sln:cyklZyciaOd><sln:gmIIPId>938ca823-940e-4b8c-9de0-ee8c83ade9bc</sln:gmIIPId><sln:gmIIPPn>PL.PZGIK.200</sln:gmIIPPn><sln:gmIIPWersja>2012-09-26T22:54:49+02:00</sln:gmIIPWersja><sln:gmIdTeryt>1421062</sln:gmIdTeryt><sln:gmNazwa>Raszyn</sln:gmNazwa><sln:miejscIIPId>5b473b49-284a-489b-94bf-ce218d13512c</sln:miejscIIPId><sln:miejscIIPPn>PL.PZGIK.200</sln:miejscIIPPn><sln:miejscIIPWersja>2016-11-24T08:26:40+02:00</sln:miejscIIPWersja><sln:miejscIdTeryt>0008042</sln:miejscIdTeryt><sln:miejscNazwa>Sękocin Nowy</sln:miejscNazwa><sln:miejscRodzaj>Wieś</sln:miejscRodzaj><sln:powIIPId>4d601c02-4693-43d1-85b5-bd17b80d27a8</sln:powIIPId><sln:powIIPPn>PL.PZGIK.200</sln:powIIPPn><sln:powIIPWersja>2012-09-27T08:13:53+02:00</sln:powIIPWersja><sln:powIdTeryt>1421</sln:powIdTeryt><sln:powNazwa>pruszkowski</sln:powNazwa><sln:waznyOd>2010-04-19T00:00:00+02:00</sln:waznyOd><sln:wojIIPId>4b6c492a-eb04-441d-a92a-f44359c06de7</sln:wojIIPId><sln:wojIIPPn>PL.PZGIK.200</sln:wojIIPPn><sln:wojIIPWersja>2012-09-27T13:45:13+02:00</sln:wojIIPWersja><sln:wojIdTeryt>14</sln:wojIdTeryt><sln:wojNazwa>mazowieckie</sln:wojNazwa></sln:miejscowosc><sln:miejscowosc><sln:cyklZyciaDo>2017-03-09T00:00:00+01:00</sln:cyklZyciaDo><sln:cyklZyciaOd>2015-12-22T00:00:00+01:00</sln:cyklZyciaOd><sln:gmIIPId>938ca823-940e-4b8c-9de0-ee8c83ade9bc</sln:gmIIPId><sln:gmIIPPn>PL.PZGIK.200</sln:gmIIPPn><sln:gmIIPWersja>2012-09-26T22:54:49+02:00</sln:gmIIPWersja><sln:gmIdTeryt>1421062</sln:gmIdTeryt><sln:gmNazwa>Raszyn</sln:gmNazwa><sln:miejscIIPId>1bb6fb47-fc85-4d14-b095-0715a95c91da</sln:miejscIIPId><sln:miejscIIPPn>PL.PZGIK.200</sln:miejscIIPPn><sln:miejscIIPWersja>2016-11-24T08:26:51+02:00</sln:miejscIIPWersja><sln:miejscIdTeryt>0008094</sln:miejscIdTeryt><sln:miejscNazwa>Sękocin Stary</sln:miejscNazwa><sln:miejscRodzaj>Wieś</sln:miejscRodzaj><sln:powIIPId>4d601c02-4693-43d1-85b5-bd17b80d27a8</sln:powIIPId><sln:powIIPPn>PL.PZGIK.200</sln:powIIPPn><sln:powIIPWersja>2012-09-27T08:13:53+02:00</sln:powIIPWersja><sln:powIdTeryt>1421</sln:powIdTeryt><sln:powNazwa>pruszkowski</sln:powNazwa><sln:waznyOd>2010-04-19T00:00:00+02:00</sln:waznyOd><sln:wojIIPId>4b6c492a-eb04-441d-a92a-f44359c06de7</sln:wojIIPId><sln:wojIIPPn>PL.PZGIK.200</sln:wojIIPPn><sln:wojIIPWersja>2012-09-27T13:45:13+02:00</sln:wojIIPWersja><sln:wojIdTeryt>14</sln:wojIdTeryt><sln:wojNazwa>mazowieckie</sln:wojNazwa></sln:miejscowosc><sln:miejscowosc><sln:cyklZyciaDo>2017-03-09T00:00:00+01:00</sln:cyklZyciaDo><sln:cyklZyciaOd>2015-12-22T00:00:00+01:00</sln:cyklZyciaOd><sln:gmIIPId>938ca823-940e-4b8c-9de0-ee8c83ade9bc</sln:gmIIPId><sln:gmIIPPn>PL.PZGIK.200</sln:gmIIPPn><sln:gmIIPWersja>2012-09-26T22:54:49+02:00</sln:gmIIPWersja><sln:gmIdTeryt>1421062</sln:gmIdTeryt><sln:gmNazwa>Raszyn</sln:gmNazwa><sln:miejscIIPId>3f091e23-d118-4c03-90ab-94e35c5603ac</sln:miejscIIPId><sln:miejscIIPPn>PL.PZGIK.200</sln:miejscIIPPn><sln:miejscIIPWersja>2016-11-24T08:26:49+02:00</sln:miejscIIPWersja><sln:miejscIdTeryt>0008088</sln:miejscIdTeryt><sln:miejscNazwa>Słomin</sln:miejscNazwa><sln:miejscRodzaj>Wieś</sln:miejscRodzaj><sln:powIIPId>4d601c02-4693-43d1-85b5-bd17b80d27a8</sln:powIIPId><sln:powIIPPn>PL.PZGIK.200</sln:powIIPPn><sln:powIIPWersja>2012-09-27T08:13:53+02:00</sln:powIIPWersja><sln:powIdTeryt>1421</sln:powIdTeryt><sln:powNazwa>pruszkowski</sln:powNazwa><sln:waznyOd>2010-04-19T00:00:00+02:00</sln:waznyOd><sln:wojIIPId>4b6c492a-eb04-441d-a92a-f44359c06de7</sln:wojIIPId><sln:wojIIPPn>PL.PZGIK.200</sln:wojIIPPn><sln:wojIIPWersja>2012-09-27T13:45:13+02:00</sln:wojIIPWersja><sln:wojIdTeryt>14</sln:wojIdTeryt><sln:wojNazwa>mazowieckie</sln:wojNazwa></sln:miejscowosc><sln:miejscowosc><sln:cyklZyciaDo>2017-03-09T00:00:00+01:00</sln:cyklZyciaDo><sln:cyklZyciaOd>2015-12-22T00:00:00+01:00</sln:cyklZyciaOd><sln:gmIIPId>938ca823-940e-4b8c-9de0-ee8c83ade9bc</sln:gmIIPId><sln:gmIIPPn>PL.PZGIK.200</sln:gmIIPPn><sln:gmIIPWersja>2012-09-26T22:54:49+02:00</sln:gmIIPWersja><sln:gmIdTeryt>1421062</sln:gmIdTeryt><sln:gmNazwa>Raszyn</sln:gmNazwa><sln:miejscIIPId>9aed6ea7-74db-400e-a578-7f2d98022c0c</sln:miejscIIPId><sln:miejscIIPPn>PL.PZGIK.200</sln:miejscIIPPn><sln:miejscIIPWersja>2016-11-24T08:26:55+02:00</sln:miejscIIPWersja><sln:miejscIdTeryt>0008125</sln:miejscIdTeryt><sln:miejscNazwa>Wypędy</sln:miejscNazwa><sln:miejscRodzaj>Wieś</sln:miejscRodzaj><sln:powIIPId>4d601c02-4693-43d1-85b5-bd17b80d27a8</sln:powIIPId><sln:powIIPPn>PL.PZGIK.200</sln:powIIPPn><sln:powIIPWersja>2012-09-27T08:13:53+02:00</sln:powIIPWersja><sln:powIdTeryt>1421</sln:powIdTeryt><sln:powNazwa>pruszkowski</sln:powNazwa><sln:waznyOd>2010-04-19T00:00:00+02:00</sln:waznyOd><sln:wojIIPId>4b6c492a-eb04-441d-a92a-f44359c06de7</sln:wojIIPId><sln:wojIIPPn>PL.PZGIK.200</sln:wojIIPPn><sln:wojIIPWersja>2012-09-27T13:45:13+02:00</sln:wojIIPWersja><sln:wojIdTeryt>14</sln:wojIdTeryt><sln:wojNazwa>mazowieckie</sln:wojNazwa></sln:miejscowosc><sln:miejscowosc><sln:cyklZyciaDo>2015-12-15T00:00:00+01:00</sln:cyklZyciaDo><sln:cyklZyciaOd>2014-12-08T00:00:00+01:00</sln:cyklZyciaOd><sln:gmIIPId>938ca823-940e-4b8c-9de0-ee8c83ade9bc</sln:gmIIPId><sln:gmIIPPn>PL.PZGIK.200</sln:gmIIPPn><sln:gmIIPWersja>2012-09-26T22:54:49+02:00</sln:gmIIPWersja><sln:gmIdTeryt>1421062</sln:gmIdTeryt><sln:gmNazwa>Raszyn</sln:gmNazwa><sln:miejscIIPId>770879f5-5360-4586-9e9f-ed96cc55a19b</sln:miejscIIPId><sln:miejscIIPPn>PL.PZGIK.200</sln:miejscIIPPn><sln:miejscIIPWersja>2016-11-24T08:26:19+02:00</sln:miejscIIPWersja><sln:miejscIdTeryt>0007930</sln:miejscIdTeryt><sln:miejscNazwa>Dawidy</sln:miejscNazwa><sln:miejscRodzaj>Inny obiekt</sln:miejscRodzaj><sln:powIIPId>4d601c02-4693-43d1-85b5-bd17b80d27a8</sln:powIIPId><sln:powIIPPn>PL.PZGIK.200</sln:powIIPPn><sln:powIIPWersja>2012-09-27T08:13:53+02:00</sln:powIIPWersja><sln:powIdTeryt>1421</sln:powIdTeryt><sln:powNazwa>pruszkowski</sln:powNazwa><sln:waznyOd>2010-04-19T00:00:00+02:00</sln:waznyOd><sln:wojIIPId>4b6c492a-eb04-441d-a92a-f44359c06de7</sln:wojIIPId><sln:wojIIPPn>PL.PZGIK.200</sln:wojIIPPn><sln:wojIIPWersja>2012-09-27T13:45:13+02:00</sln:wojIIPWersja><sln:wojIdTeryt>14</sln:wojIdTeryt><sln:wojNazwa>mazowieckie</sln:wojNazwa></sln:miejscowosc><sln:miejscowosc><sln:cyklZyciaDo>2015-12-15T00:00:00+01:00</sln:cyklZyciaDo><sln:cyklZyciaOd>2014-12-08T00:00:00+01:00</sln:cyklZyciaOd><sln:gmIIPId>938ca823-940e-4b8c-9de0-ee8c83ade9bc</sln:gmIIPId><sln:gmIIPPn>PL.PZGIK.200</sln:gmIIPPn><sln:gmIIPWersja>2012-09-26T22:54:49+02:00</sln:gmIIPWersja><sln:gmIdTeryt>1421062</sln:gmIdTeryt><sln:gmNazwa>Raszyn</sln:gmNazwa><sln:miejscIIPId>b454ac13-6442-4b28-8580-8f6bb04e6e15</sln:miejscIIPId><sln:miejscIIPPn>PL.PZGIK.200</sln:miejscIIPPn><sln:miejscIIPWersja>2016-11-24T08:26:21+02:00</sln:miejscIIPWersja><sln:miejscIdTeryt>0007947</sln:miejscIdTeryt><sln:miejscNazwa>Dawidy Bankowe</sln:miejscNazwa><sln:miejscRodzaj>Inny obiekt</sln:miejscRodzaj><sln:powIIPId>4d601c02-4693-43d1-85b5-bd17b80d27a8</sln:powIIPId><sln:powIIPPn>PL.PZGIK.200</sln:powIIPPn><sln:powIIPWersja>2012-09-27T08:13:53+02:00</sln:powIIPWersja><sln:powIdTeryt>1421</sln:powIdTeryt><sln:powNazwa>pruszkowski</sln:powNazwa><sln:waznyOd>2010-04-19T00:00:00+02:00</sln:waznyOd><sln:wojIIPId>4b6c492a-eb04-441d-a92a-f44359c06de7</sln:wojIIPId><sln:wojIIPPn>PL.PZGIK.200</sln:wojIIPPn><sln:wojIIPWersja>2012-09-27T13:45:13+02:00</sln:wojIIPWersja><sln:wojIdTeryt>14</sln:wojIdTeryt><sln:wojNazwa>mazowieckie</sln:wojNazwa></sln:miejscowosc><sln:miejscowosc><sln:cyklZyciaDo>2015-12-15T00:00:00+01:00</sln:cyklZyciaDo><sln:cyklZyciaOd>2014-12-08T00:00:00+01:00</sln:cyklZyciaOd><sln:gmIIPId>938ca823-940e-4b8c-9de0-ee8c83ade9bc</sln:gmIIPId><sln:gmIIPPn>PL.PZGIK.200</sln:gmIIPPn><sln:gmIIPWersja>2012-09-26T22:54:49+02:00</sln:gmIIPWersja><sln:gmIdTeryt>1421062</sln:gmIdTeryt><sln:gmNazwa>Raszyn</sln:gmNazwa><sln:miejscIIPId>c562378c-cea1-4651-8d82-39bed5534c24</sln:miejscIIPId><sln:miejscIIPPn>PL.PZGIK.200</sln:miejscIIPPn><sln:miejscIIPWersja>2016-11-24T08:26:25+02:00</sln:miejscIIPWersja><sln:miejscIdTeryt>0007960</sln:miejscIdTeryt><sln:miejscNazwa>Falenty</sln:miejscNazwa><sln:miejscRodzaj>Inny obiekt</sln:miejscRodzaj><sln:powIIPId>4d601c02-4693-43d1-85b5-bd17b80d27a8</sln:powIIPId><sln:powIIPPn>PL.PZGIK.200</sln:powIIPPn><sln:powIIPWersja>2012-09-27T08:13:53+02:00</sln:powIIPWersja><sln:powIdTeryt>1421</sln:powIdTeryt><sln:powNazwa>pruszkowski</sln:powNazwa><sln:waznyOd>2010-04-19T00:00:00+02:00</sln:waznyOd><sln:wojIIPId>4b6c492a-eb04-441d-a92a-f44359c06de7</sln:wojIIPId><sln:wojIIPPn>PL.PZGIK.200</sln:wojIIPPn><sln:wojIIPWersja>2012-09-27T13:45:13+02:00</sln:wojIIPWersja><sln:wojIdTeryt>14</sln:wojIdTeryt><sln:wojNazwa>mazowieckie</sln:wojNazwa></sln:miejscowosc><sln:miejscowosc><sln:cyklZyciaDo>2015-12-15T00:00:00+01:00</sln:cyklZyciaDo><sln:cyklZyciaOd>2014-12-08T00:00:00+01:00</sln:cyklZyciaOd><sln:gmIIPId>938ca823-940e-4b8c-9de0-ee8c83ade9bc</sln:gmIIPId><sln:gmIIPPn>PL.PZGIK.200</sln:gmIIPPn><sln:gmIIPWersja>2012-09-26T22:54:49+02:00</sln:gmIIPWersja><sln:gmIdTeryt>1421062</sln:gmIdTeryt><sln:gmNazwa>Raszyn</sln:gmNazwa><sln:miejscIIPId>716336a9-9580-4fac-9e08-ca4f434341ff</sln:miejscIIPId><sln:miejscIIPPn>PL.PZGIK.200</sln:miejscIIPPn><sln:miejscIIPWersja>2016-11-24T08:26:27+02:00</sln:miejscIIPWersja><sln:miejscIdTeryt>0007976</sln:miejscIdTeryt><sln:miejscNazwa>Janki</sln:miejscNazwa><sln:miejscRodzaj>Inny obiekt</sln:miejscRodzaj><sln:powIIPId>4d601c02-4693-43d1-85b5-bd17b80d27a8</sln:powIIPId><sln:powIIPPn>PL.PZGIK.200</sln:powIIPPn><sln:powIIPWersja>2012-09-27T08:13:53+02:00</sln:powIIPWersja><sln:powIdTeryt>1421</sln:powIdTeryt><sln:powNazwa>pruszkowski</sln:powNazwa><sln:waznyOd>2010-04-19T00:00:00+02:00</sln:waznyOd><sln:wojIIPId>4b6c492a-eb04-441d-a92a-f44359c06de7</sln:wojIIPId><sln:wojIIPPn>PL.PZGIK.200</sln:wojIIPPn><sln:wojIIPWersja>2012-09-27T13:45:13+02:00</sln:wojIIPWersja><sln:wojIdTeryt>14</sln:wojIdTeryt><sln:wojNazwa>mazowieckie</sln:wojNazwa></sln:miejscowosc><sln:miejscowosc><sln:cyklZyciaDo>2015-12-15T00:00:00+01:00</sln:cyklZyciaDo><sln:cyklZyciaOd>2014-12-08T00:00:00+01:00</sln:cyklZyciaOd><sln:gmIIPId>938ca823-940e-4b8c-9de0-ee8c83ade9bc</sln:gmIIPId><sln:gmIIPPn>PL.PZGIK.200</sln:gmIIPPn><sln:gmIIPWersja>2012-09-26T22:54:49+02:00</sln:gmIIPWersja><sln:gmIdTeryt>1421062</sln:gmIdTeryt><sln:gmNazwa>Raszyn</sln:gmNazwa><sln:miejscIIPId>cebc9846-fe40-4f12-8395-dbff72a609ab</sln:miejscIIPId><sln:miejscIIPPn>PL.PZGIK.200</sln:miejscIIPPn><sln:miejscIIPWersja>2016-11-24T08:26:29+02:00</sln:miejscIIPWersja><sln:miejscIdTeryt>0007982</sln:miejscIdTeryt><sln:miejscNazwa>Jaworowa</sln:miejscNazwa><sln:miejscRodzaj>Inny obiekt</sln:miejscRodzaj><sln:powIIPId>4d601c02-4693-43d1-85b5-bd17b80d27a8</sln:powIIPId><sln:powIIPPn>PL.PZGIK.200</sln:powIIPPn><sln:powIIPWersja>2012-09-27T08:13:53+02:00</sln:powIIPWersja><sln:powIdTeryt>1421</sln:powIdTeryt><sln:powNazwa>pruszkowski</sln:powNazwa><sln:waznyOd>2010-04-19T00:00:00+02:00</sln:waznyOd><sln:wojIIPId>4b6c492a-eb04-441d-a92a-f44359c06de7</sln:wojIIPId><sln:wojIIPPn>PL.PZGIK.200</sln:wojIIPPn><sln:wojIIPWersja>2012-09-27T13:45:13+02:00</sln:wojIIPWersja><sln:wojIdTeryt>14</sln:wojIdTeryt><sln:wojNazwa>mazowieckie</sln:wojNazwa></sln:miejscowosc><sln:miejscowosc><sln:cyklZyciaDo>2015-12-15T00:00:00+01:00</sln:cyklZyciaDo><sln:cyklZyciaOd>2014-12-08T00:00:00+01:00</sln:cyklZyciaOd><sln:gmIIPId>938ca823-940e-4b8c-9de0-ee8c83ade9bc</sln:gmIIPId><sln:gmIIPPn>PL.PZGIK.200</sln:gmIIPPn><sln:gmIIPWersja>2012-09-26T22:54:49+02:00</sln:gmIIPWersja><sln:gmIdTeryt>1421062</sln:gmIdTeryt><sln:gmNazwa>Raszyn</sln:gmNazwa><sln:miejscIIPId>04846a81-99f7-449d-9330-28dbc2f9913a</sln:miejscIIPId><sln:miejscIIPPn>PL.PZGIK.200</sln:miejscIIPPn><sln:miejscIIPWersja>2016-11-24T08:26:31+02:00</sln:miejscIIPWersja><sln:miejscIdTeryt>0007999</sln:miejscIdTeryt><sln:miejscNazwa>Laszczki</sln:miejscNazwa><sln:miejscRodzaj>Inny obiekt</sln:miejscRodzaj><sln:powIIPId>4d601c02-4693-43d1-85b5-bd17b80d27a8</sln:powIIPId><sln:powIIPPn>PL.PZGIK.200</sln:powIIPPn><sln:powIIPWersja>2012-09-27T08:13:53+02:00</sln:powIIPWersja><sln:powIdTeryt>1421</sln:powIdTeryt><sln:powNazwa>pruszkowski</sln:powNazwa><sln:waznyOd>2010-04-19T00:00:00+02:00</sln:waznyOd><sln:wojIIPId>4b6c492a-eb04-441d-a92a-f44359c06de7</sln:wojIIPId><sln:wojIIPPn>PL.PZGIK.200</sln:wojIIPPn><sln:wojIIPWersja>2012-09-27T13:45:13+02:00</sln:wojIIPWersja><sln:wojIdTeryt>14</sln:wojIdTeryt><sln:wojNazwa>mazowieckie</sln:wojNazwa></sln:miejscowosc><sln:miejscowosc><sln:cyklZyciaDo>2015-12-15T00:00:00+01:00</sln:cyklZyciaDo><sln:cyklZyciaOd>2014-12-08T00:00:00+01:00</sln:cyklZyciaOd><sln:gmIIPId>938ca823-940e-4b8c-9de0-ee8c83ade9bc</sln:gmIIPId><sln:gmIIPPn>PL.PZGIK.200</sln:gmIIPPn><sln:gmIIPWersja>2012-09-26T22:54:49+02:00</sln:gmIIPWersja><sln:gmIdTeryt>1421062</sln:gmIdTeryt><sln:gmNazwa>Raszyn</sln:gmNazwa><sln:miejscIIPId>2f209715-3dcb-48da-988a-38ebcfe7fb18</sln:miejscIIPId><sln:miejscIIPPn>PL.PZGIK.200</sln:miejscIIPPn><sln:miejscIIPWersja>2016-11-24T08:26:33+02:00</sln:miejscIIPWersja><sln:miejscIdTeryt>0008007</sln:miejscIdTeryt><sln:miejscNazwa>Łady</sln:miejscNazwa><sln:miejscRodzaj>Inny obiekt</sln:miejscRodzaj><sln:powIIPId>4d601c02-4693-43d1-85b5-bd17b80d27a8</sln:powIIPId><sln:powIIPPn>PL.PZGIK.200</sln:powIIPPn><sln:powIIPWersja>2012-09-27T08:13:53+02:00</sln:powIIPWersja><sln:powIdTeryt>1421</sln:powIdTeryt><sln:powNazwa>pruszkowski</sln:powNazwa><sln:waznyOd>2010-04-19T00:00:00+02:00</sln:waznyOd><sln:wojIIPId>4b6c492a-eb04-441d-a92a-f44359c06de7</sln:wojIIPId><sln:wojIIPPn>PL.PZGIK.200</sln:wojIIPPn><sln:wojIIPWersja>2012-09-27T13:45:13+02:00</sln:wojIIPWersja><sln:wojIdTeryt>14</sln:wojIdTeryt><sln:wojNazwa>mazowieckie</sln:wojNazwa></sln:miejscowosc><sln:miejscowosc><sln:cyklZyciaDo>2015-12-15T00:00:00+01:00</sln:cyklZyciaDo><sln:cyklZyciaOd>2014-12-08T00:00:00+01:00</sln:cyklZyciaOd><sln:gmIIPId>938ca823-940e-4b8c-9de0-ee8c83ade9bc</sln:gmIIPId><sln:gmIIPPn>PL.PZGIK.200</sln:gmIIPPn><sln:gmIIPWersja>2012-09-26T22:54:49+02:00</sln:gmIIPWersja><sln:gmIdTeryt>1421062</sln:gmIdTeryt><sln:gmNazwa>Raszyn</sln:gmNazwa><sln:miejscIIPId>1d804c2b-4ec2-468e-a97d-47ab8a1bebb4</sln:miejscIIPId><sln:miejscIIPPn>PL.PZGIK.200</sln:miejscIIPPn><sln:miejscIIPWersja>2016-11-24T08:26:37+02:00</sln:miejscIIPWersja><sln:miejscIdTeryt>0008020</sln:miejscIdTeryt><sln:miejscNazwa>Nowe Grocholice</sln:miejscNazwa><sln:miejscRodzaj>Inny obiekt</sln:miejscRodzaj><sln:powIIPId>4d601c02-4693-43d1-85b5-bd17b80d27a8</sln:powIIPId><sln:powIIPPn>PL.PZGIK.200</sln:powIIPPn><sln:powIIPWersja>2012-09-27T08:13:53+02:00</sln:powIIPWersja><sln:powIdTeryt>1421</sln:powIdTeryt><sln:powNazwa>pruszkowski</sln:powNazwa><sln:waznyOd>2010-04-19T00:00:00+02:00</sln:waznyOd><sln:wojIIPId>4b6c492a-eb04-441d-a92a-f44359c06de7</sln:wojIIPId><sln:wojIIPPn>PL.PZGIK.200</sln:wojIIPPn><sln:wojIIPWersja>2012-09-27T13:45:13+02:00</sln:wojIIPWersja><sln:wojIdTeryt>14</sln:wojIdTeryt><sln:wojNazwa>mazowieckie</sln:wojNazwa></sln:miejscowosc><sln:miejscowosc><sln:cyklZyciaDo>2015-12-15T00:00:00+01:00</sln:cyklZyciaDo><sln:cyklZyciaOd>2014-12-08T00:00:00+01:00</sln:cyklZyciaOd><sln:gmIIPId>938ca823-940e-4b8c-9de0-ee8c83ade9bc</sln:gmIIPId><sln:gmIIPPn>PL.PZGIK.200</sln:gmIIPPn><sln:gmIIPWersja>2012-09-26T22:54:49+02:00</sln:gmIIPWersja><sln:gmIdTeryt>1421062</sln:gmIdTeryt><sln:gmNazwa>Raszyn</sln:gmNazwa><sln:miejscIIPId>4565031a-3b01-4f8a-987c-17fb16f6cae0</sln:miejscIIPId><sln:miejscIIPPn>PL.PZGIK.200</sln:miejscIIPPn><sln:miejscIIPWersja>2016-11-24T08:26:39+02:00</sln:miejscIIPWersja><sln:miejscIdTeryt>0008036</sln:miejscIdTeryt><sln:miejscNazwa>Podolszyn Nowy</sln:miejscNazwa><sln:miejscRodzaj>Inny obiekt</sln:miejscRodzaj><sln:powIIPId>4d601c02-4693-43d1-85b5-bd17b80d27a8</sln:powIIPId><sln:powIIPPn>PL.PZGIK.200</sln:powIIPPn><sln:powIIPWersja>2012-09-27T08:13:53+02:00</sln:powIIPWersja><sln:powIdTeryt>1421</sln:powIdTeryt><sln:powNazwa>pruszkowski</sln:powNazwa><sln:waznyOd>2010-04-19T00:00:00+02:00</sln:waznyOd><sln:wojIIPId>4b6c492a-eb04-441d-a92a-f44359c06de7</sln:wojIIPId><sln:wojIIPPn>PL.PZGIK.200</sln:wojIIPPn><sln:wojIIPWersja>2012-09-27T13:45:13+02:00</sln:wojIIPWersja><sln:wojIdTeryt>14</sln:wojIdTeryt><sln:wojNazwa>mazowieckie</sln:wojNazwa></sln:miejscowosc><sln:miejscowosc><sln:cyklZyciaDo>2015-12-15T00:00:00+01:00</sln:cyklZyciaDo><sln:cyklZyciaOd>2014-12-08T00:00:00+01:00</sln:cyklZyciaOd><sln:gmIIPId>938ca823-940e-4b8c-9de0-ee8c83ade9bc</sln:gmIIPId><sln:gmIIPPn>PL.PZGIK.200</sln:gmIIPPn><sln:gmIIPWersja>2012-09-26T22:54:49+02:00</sln:gmIIPWersja><sln:gmIdTeryt>1421062</sln:gmIdTeryt><sln:gmNazwa>Raszyn</sln:gmNazwa><sln:miejscIIPId>b4f77be8-b04b-4be7-b9cf-2139f1995d8e</sln:miejscIIPId><sln:miejscIIPPn>PL.PZGIK.200</sln:miejscIIPPn><sln:miejscIIPWersja>2016-11-24T08:26:43+02:00</sln:miejscIIPWersja><sln:miejscIdTeryt>0008059</sln:miejscIdTeryt><sln:miejscNazwa>Puchały</sln:miejscNazwa><sln:miejscRodzaj>Inny obiekt</sln:miejscRodzaj><sln:powIIPId>4d601c02-4693-43d1-85b5-bd17b80d27a8</sln:powIIPId><sln:powIIPPn>PL.PZGIK.200</sln:powIIPPn><sln:powIIPWersja>2012-09-27T08:13:53+02:00</sln:powIIPWersja><sln:powIdTeryt>1421</sln:powIdTeryt><sln:powNazwa>pruszkowski</sln:powNazwa><sln:waznyOd>2010-04-19T00:00:00+02:00</sln:waznyOd><sln:wojIIPId>4b6c492a-eb04-441d-a92a-f44359c06de7</sln:wojIIPId><sln:wojIIPPn>PL.PZGIK.200</sln:wojIIPPn><sln:wojIIPWersja>2012-09-27T13:45:13+02:00</sln:wojIIPWersja><sln:wojIdTeryt>14</sln:wojIdTeryt><sln:wojNazwa>mazowieckie</sln:wojNazwa></sln:miejscowosc><sln:miejscowosc><sln:cyklZyciaDo>2015-12-15T00:00:00+01:00</sln:cyklZyciaDo><sln:cyklZyciaOd>2014-12-08T00:00:00+01:00</sln:cyklZyciaOd><sln:gmIIPId>938ca823-940e-4b8c-9de0-ee8c83ade9bc</sln:gmIIPId><sln:gmIIPPn>PL.PZGIK.200</sln:gmIIPPn><sln:gmIIPWersja>2012-09-26T22:54:49+02:00</sln:gmIIPWersja><sln:gmIdTeryt>1421062</sln:gmIdTeryt><sln:gmNazwa>Raszyn</sln:gmNazwa><sln:miejscIIPId>d173c26d-4da1-4672-b45b-339801bbc244</sln:miejscIIPId><sln:miejscIIPPn>PL.PZGIK.200</sln:miejscIIPPn><sln:miejscIIPWersja>2016-11-24T08:26:46+02:00</sln:miejscIIPWersja><sln:miejscIdTeryt>0008065</sln:miejscIdTeryt><sln:miejscNazwa>Raszyn</sln:miejscNazwa><sln:miejscRodzaj>Inny obiekt</sln:miejscRodzaj><sln:powIIPId>4d601c02-4693-43d1-85b5-bd17b80d27a8</sln:powIIPId><sln:powIIPPn>PL.PZGIK.200</sln:powIIPPn><sln:powIIPWersja>2012-09-27T08:13:53+02:00</sln:powIIPWersja><sln:powIdTeryt>1421</sln:powIdTeryt><sln:powNazwa>pruszkowski</sln:powNazwa><sln:waznyOd>2010-04-19T00:00:00+02:00</sln:waznyOd><sln:wojIIPId>4b6c492a-eb04-441d-a92a-f44359c06de7</sln:wojIIPId><sln:wojIIPPn>PL.PZGIK.200</sln:wojIIPPn><sln:wojIIPWersja>2012-09-27T13:45:13+02:00</sln:wojIIPWersja><sln:wojIdTeryt>14</sln:wojIdTeryt><sln:wojNazwa>mazowieckie</sln:wojNazwa></sln:miejscowosc><sln:miejscowosc><sln:cyklZyciaDo>2015-12-15T00:00:00+01:00</sln:cyklZyciaDo><sln:cyklZyciaOd>2014-12-08T00:00:00+01:00</sln:cyklZyciaOd><sln:gmIIPId>938ca823-940e-4b8c-9de0-ee8c83ade9bc</sln:gmIIPId><sln:gmIIPPn>PL.PZGIK.200</sln:gmIIPPn><sln:gmIIPWersja>2012-09-26T22:54:49+02:00</sln:gmIIPWersja><sln:gmIdTeryt>1421062</sln:gmIdTeryt><sln:gmNazwa>Raszyn</sln:gmNazwa><sln:miejscIIPId>13db1d29-d572-4eab-b707-b21a752ac6a1</sln:miejscIIPId><sln:miejscIIPPn>PL.PZGIK.200</sln:miejscIIPPn><sln:miejscIIPWersja>2016-11-24T08:26:48+02:00</sln:miejscIIPWersja><sln:miejscIdTeryt>0008071</sln:miejscIdTeryt><sln:miejscNazwa>Rybie</sln:miejscNazwa><sln:miejscRodzaj>Inny obiekt</sln:miejscRodzaj><sln:powIIPId>4d601c02-4693-43d1-85b5-bd17b80d27a8</sln:powIIPId><sln:powIIPPn>PL.PZGIK.200</sln:powIIPPn><sln:powIIPWersja>2012-09-27T08:13:53+02:00</sln:powIIPWersja><sln:powIdTeryt>1421</sln:powIdTeryt><sln:powNazwa>pruszkowski</sln:powNazwa><sln:waznyOd>2010-04-19T00:00:00+02:00</sln:waznyOd><sln:wojIIPId>4b6c492a-eb04-441d-a92a-f44359c06de7</sln:wojIIPId><sln:wojIIPPn>PL.PZGIK.200</sln:wojIIPPn><sln:wojIIPWersja>2012-09-27T13:45:13+02:00</sln:wojIIPWersja><sln:wojIdTeryt>14</sln:wojIdTeryt><sln:wojNazwa>mazowieckie</sln:wojNazwa></sln:miejscowosc><sln:miejscowosc><sln:cyklZyciaDo>2015-12-15T00:00:00+01:00</sln:cyklZyciaDo><sln:cyklZyciaOd>2014-12-08T00:00:00+01:00</sln:cyklZyciaOd><sln:gmIIPId>938ca823-940e-4b8c-9de0-ee8c83ade9bc</sln:gmIIPId><sln:gmIIPPn>PL.PZGIK.200</sln:gmIIPPn><sln:gmIIPWersja>2012-09-26T22:54:49+02:00</sln:gmIIPWersja><sln:gmIdTeryt>1421062</sln:gmIdTeryt><sln:gmNazwa>Raszyn</sln:gmNazwa><sln:miejscIIPId>cb76442a-86db-4411-a4a8-793f16d0c68f</sln:miejscIIPId><sln:miejscIIPPn>PL.PZGIK.200</sln:miejscIIPPn><sln:miejscIIPWersja>2016-11-24T08:26:54+02:00</sln:miejscIIPWersja><sln:miejscIdTeryt>0008119</sln:miejscIdTeryt><sln:miejscNazwa>Sękocin Las</sln:miejscNazwa><sln:miejscRodzaj>Inny obiekt</sln:miejscRodzaj><sln:powIIPId>4d601c02-4693-43d1-85b5-bd17b80d27a8</sln:powIIPId><sln:powIIPPn>PL.PZGIK.200</sln:powIIPPn><sln:powIIPWersja>2012-09-27T08:13:53+02:00</sln:powIIPWersja><sln:powIdTeryt>1421</sln:powIdTeryt><sln:powNazwa>pruszkowski</sln:powNazwa><sln:waznyOd>2014-12-03T00:00:00+01:00</sln:waznyOd><sln:wojIIPId>4b6c492a-eb04-441d-a92a-f44359c06de7</sln:wojIIPId><sln:wojIIPPn>PL.PZGIK.200</sln:wojIIPPn><sln:wojIIPWersja>2012-09-27T13:45:13+02:00</sln:wojIIPWersja><sln:wojIdTeryt>14</sln:wojIdTeryt><sln:wojNazwa>mazowieckie</sln:wojNazwa></sln:miejscowosc><sln:miejscowosc><sln:cyklZyciaDo>2015-12-15T00:00:00+01:00</sln:cyklZyciaDo><sln:cyklZyciaOd>2014-12-08T00:00:00+01:00</sln:cyklZyciaOd><sln:gmIIPId>938ca823-940e-4b8c-9de0-ee8c83ade9bc</sln:gmIIPId><sln:gmIIPPn>PL.PZGIK.200</sln:gmIIPPn><sln:gmIIPWersja>2012-09-26T22:54:49+02:00</sln:gmIIPWersja><sln:gmIdTeryt>1421062</sln:gmIdTeryt><sln:gmNazwa>Raszyn</sln:gmNazwa><sln:miejscIIPId>9fe4e8a5-a90d-4451-b3a7-f33f20fc3b34</sln:miejscIIPId><sln:miejscIIPPn>PL.PZGIK.200</sln:miejscIIPPn><sln:miejscIIPWersja>2016-11-24T08:26:23+02:00</sln:miejscIIPWersja><sln:miejscIdTeryt>0007953</sln:miejscIdTeryt><sln:miejscNazwa>Falenty Duże</sln:miejscNazwa><sln:miejscRodzaj>Inny obiekt</sln:miejscRodzaj><sln:powIIPId>4d601c02-4693-43d1-85b5-bd17b80d27a8</sln:powIIPId><sln:powIIPPn>PL.PZGIK.200</sln:powIIPPn><sln:powIIPWersja>2012-09-27T08:13:53+02:00</sln:powIIPWersja><sln:powIdTeryt>1421</sln:powIdTeryt><sln:powNazwa>pruszkowski</sln:powNazwa><sln:waznyOd>2010-04-19T00:00:00+02:00</sln:waznyOd><sln:wojIIPId>4b6c492a-eb04-441d-a92a-f44359c06de7</sln:wojIIPId><sln:wojIIPPn>PL.PZGIK.200</sln:wojIIPPn><sln:wojIIPWersja>2012-09-27T13:45:13+02:00</sln:wojIIPWersja><sln:wojIdTeryt>14</sln:wojIdTeryt><sln:wojNazwa>mazowieckie</sln:wojNazwa></sln:miejscowosc><sln:miejscowosc><sln:cyklZyciaDo>2015-12-15T00:00:00+01:00</sln:cyklZyciaDo><sln:cyklZyciaOd>2014-12-08T00:00:00+01:00</sln:cyklZyciaOd><sln:gmIIPId>938ca823-940e-4b8c-9de0-ee8c83ade9bc</sln:gmIIPId><sln:gmIIPPn>PL.PZGIK.200</sln:gmIIPPn><sln:gmIIPWersja>2012-09-26T22:54:49+02:00</sln:gmIIPWersja><sln:gmIdTeryt>1421062</sln:gmIdTeryt><sln:gmNazwa>Raszyn</sln:gmNazwa><sln:miejscIIPId>5d292ea3-2723-4c2f-af39-495ecb012e87</sln:miejscIIPId><sln:miejscIIPPn>PL.PZGIK.200</sln:miejscIIPPn><sln:miejscIIPWersja>2016-11-24T08:26:35+02:00</sln:miejscIIPWersja><sln:miejscIdTeryt>0008013</sln:miejscIdTeryt><sln:miejscNazwa>Falenty Nowe</sln:miejscNazwa><sln:miejscRodzaj>Inny obiekt</sln:miejscRodzaj><sln:powIIPId>4d601c02-4693-43d1-85b5-bd17b80d27a8</sln:powIIPId><sln:powIIPPn>PL.PZGIK.200</sln:powIIPPn><sln:powIIPWersja>2012-09-27T08:13:53+02:00</sln:powIIPWersja><sln:powIdTeryt>1421</sln:powIdTeryt><sln:powNazwa>pruszkowski</sln:powNazwa><sln:waznyOd>2010-04-19T00:00:00+02:00</sln:waznyOd><sln:wojIIPId>4b6c492a-eb04-441d-a92a-f44359c06de7</sln:wojIIPId><sln:wojIIPPn>PL.PZGIK.200</sln:wojIIPPn><sln:wojIIPWersja>2012-09-27T13:45:13+02:00</sln:wojIIPWersja><sln:wojIdTeryt>14</sln:wojIdTeryt><sln:wojNazwa>mazowieckie</sln:wojNazwa></sln:miejscowosc><sln:miejscowosc><sln:cyklZyciaDo>2015-12-15T00:00:00+01:00</sln:cyklZyciaDo><sln:cyklZyciaOd>2014-12-08T00:00:00+01:00</sln:cyklZyciaOd><sln:gmIIPId>938ca823-940e-4b8c-9de0-ee8c83ade9bc</sln:gmIIPId><sln:gmIIPPn>PL.PZGIK.200</sln:gmIIPPn><sln:gmIIPWersja>2012-09-26T22:54:49+02:00</sln:gmIIPWersja><sln:gmIdTeryt>1421062</sln:gmIdTeryt><sln:gmNazwa>Raszyn</sln:gmNazwa><sln:miejscIIPId>5b473b49-284a-489b-94bf-ce218d13512c</sln:miejscIIPId><sln:miejscIIPPn>PL.PZGIK.200</sln:miejscIIPPn><sln:miejscIIPWersja>2016-11-24T08:26:41+02:00</sln:miejscIIPWersja><sln:miejscIdTeryt>0008042</sln:miejscIdTeryt><sln:miejscNazwa>Sękocin Nowy</sln:miejscNazwa><sln:miejscRodzaj>Inny obiekt</sln:miejscRodzaj><sln:powIIPId>4d601c02-4693-43d1-85b5-bd17b80d27a8</sln:powIIPId><sln:powIIPPn>PL.PZGIK.200</sln:powIIPPn><sln:powIIPWersja>2012-09-27T08:13:53+02:00</sln:powIIPWersja><sln:powIdTeryt>1421</sln:powIdTeryt><sln:powNazwa>pruszkowski</sln:powNazwa><sln:waznyOd>2010-04-19T00:00:00+02:00</sln:waznyOd><sln:wojIIPId>4b6c492a-eb04-441d-a92a-f44359c06de7</sln:wojIIPId><sln:wojIIPPn>PL.PZGIK.200</sln:wojIIPPn><sln:wojIIPWersja>2012-09-27T13:45:13+02:00</sln:wojIIPWersja><sln:wojIdTeryt>14</sln:wojIdTeryt><sln:wojNazwa>mazowieckie</sln:wojNazwa></sln:miejscowosc><sln:miejscowosc><sln:cyklZyciaDo>2015-12-15T00:00:00+01:00</sln:cyklZyciaDo><sln:cyklZyciaOd>2014-12-08T00:00:00+01:00</sln:cyklZyciaOd><sln:gmIIPId>938ca823-940e-4b8c-9de0-ee8c83ade9bc</sln:gmIIPId><sln:gmIIPPn>PL.PZGIK.200</sln:gmIIPPn><sln:gmIIPWersja>2012-09-26T22:54:49+02:00</sln:gmIIPWersja><sln:gmIdTeryt>1421062</sln:gmIdTeryt><sln:gmNazwa>Raszyn</sln:gmNazwa><sln:miejscIIPId>1bb6fb47-fc85-4d14-b095-0715a95c91da</sln:miejscIIPId><sln:miejscIIPPn>PL.PZGIK.200</sln:miejscIIPPn><sln:miejscIIPWersja>2016-11-24T08:26:52+02:00</sln:miejscIIPWersja><sln:miejscIdTeryt>0008094</sln:miejscIdTeryt><sln:miejscNazwa>Sękocin Stary</sln:miejscNazwa><sln:miejscRodzaj>Inny obiekt</sln:miejscRodzaj><sln:powIIPId>4d601c02-4693-43d1-85b5-bd17b80d27a8</sln:powIIPId><sln:powIIPPn>PL.PZGIK.200</sln:powIIPPn><sln:powIIPWersja>2012-09-27T08:13:53+02:00</sln:powIIPWersja><sln:powIdTeryt>1421</sln:powIdTeryt><sln:powNazwa>pruszkowski</sln:powNazwa><sln:waznyOd>2010-04-19T00:00:00+02:00</sln:waznyOd><sln:wojIIPId>4b6c492a-eb04-441d-a92a-f44359c06de7</sln:wojIIPId><sln:wojIIPPn>PL.PZGIK.200</sln:wojIIPPn><sln:wojIIPWersja>2012-09-27T13:45:13+02:00</sln:wojIIPWersja><sln:wojIdTeryt>14</sln:wojIdTeryt><sln:wojNazwa>mazowieckie</sln:wojNazwa></sln:miejscowosc><sln:miejscowosc><sln:cyklZyciaDo>2015-12-15T00:00:00+01:00</sln:cyklZyciaDo><sln:cyklZyciaOd>2014-12-08T00:00:00+01:00</sln:cyklZyciaOd><sln:gmIIPId>938ca823-940e-4b8c-9de0-ee8c83ade9bc</sln:gmIIPId><sln:gmIIPPn>PL.PZGIK.200</sln:gmIIPPn><sln:gmIIPWersja>2012-09-26T22:54:49+02:00</sln:gmIIPWersja><sln:gmIdTeryt>1421062</sln:gmIdTeryt><sln:gmNazwa>Raszyn</sln:gmNazwa><sln:miejscIIPId>3f091e23-d118-4c03-90ab-94e35c5603ac</sln:miejscIIPId><sln:miejscIIPPn>PL.PZGIK.200</sln:miejscIIPPn><sln:miejscIIPWersja>2016-11-24T08:26:50+02:00</sln:miejscIIPWersja><sln:miejscIdTeryt>0008088</sln:miejscIdTeryt><sln:miejscNazwa>Słomin</sln:miejscNazwa><sln:miejscRodzaj>Inny obiekt</sln:miejscRodzaj><sln:powIIPId>4d601c02-4693-43d1-85b5-bd17b80d27a8</sln:powIIPId><sln:powIIPPn>PL.PZGIK.200</sln:powIIPPn><sln:powIIPWersja>2012-09-27T08:13:53+02:00</sln:powIIPWersja><sln:powIdTeryt>1421</sln:powIdTeryt><sln:powNazwa>pruszkowski</sln:powNazwa><sln:waznyOd>2010-04-19T00:00:00+02:00</sln:waznyOd><sln:wojIIPId>4b6c492a-eb04-441d-a92a-f44359c06de7</sln:wojIIPId><sln:wojIIPPn>PL.PZGIK.200</sln:wojIIPPn><sln:wojIIPWersja>2012-09-27T13:45:13+02:00</sln:wojIIPWersja><sln:wojIdTeryt>14</sln:wojIdTeryt><sln:wojNazwa>mazowieckie</sln:wojNazwa></sln:miejscowosc><sln:miejscowosc><sln:cyklZyciaDo>2015-12-15T00:00:00+01:00</sln:cyklZyciaDo><sln:cyklZyciaOd>2014-12-08T00:00:00+01:00</sln:cyklZyciaOd><sln:gmIIPId>938ca823-940e-4b8c-9de0-ee8c83ade9bc</sln:gmIIPId><sln:gmIIPPn>PL.PZGIK.200</sln:gmIIPPn><sln:gmIIPWersja>2012-09-26T22:54:49+02:00</sln:gmIIPWersja><sln:gmIdTeryt>1421062</sln:gmIdTeryt><sln:gmNazwa>Raszyn</sln:gmNazwa><sln:miejscIIPId>9aed6ea7-74db-400e-a578-7f2d98022c0c</sln:miejscIIPId><sln:miejscIIPPn>PL.PZGIK.200</sln:miejscIIPPn><sln:miejscIIPWersja>2016-11-24T08:26:56+02:00</sln:miejscIIPWersja><sln:miejscIdTeryt>0008125</sln:miejscIdTeryt><sln:miejscNazwa>Wypędy</sln:miejscNazwa><sln:miejscRodzaj>Inny obiekt</sln:miejscRodzaj><sln:powIIPId>4d601c02-4693-43d1-85b5-bd17b80d27a8</sln:powIIPId><sln:powIIPPn>PL.PZGIK.200</sln:powIIPPn><sln:powIIPWersja>2012-09-27T08:13:53+02:00</sln:powIIPWersja><sln:powIdTeryt>1421</sln:powIdTeryt><sln:powNazwa>pruszkowski</sln:powNazwa><sln:waznyOd>2010-04-19T00:00:00+02:00</sln:waznyOd><sln:wojIIPId>4b6c492a-eb04-441d-a92a-f44359c06de7</sln:wojIIPId><sln:wojIIPPn>PL.PZGIK.200</sln:wojIIPPn><sln:wojIIPWersja>2012-09-27T13:45:13+02:00</sln:wojIIPWersja><sln:wojIdTeryt>14</sln:wojIdTeryt><sln:wojNazwa>mazowieckie</sln:wojNazwa></sln:miejscowosc><sln:miejscowosc><sln:cyklZyciaDo>2015-12-22T00:00:00+01:00</sln:cyklZyciaDo><sln:cyklZyciaOd>2015-12-15T00:00:00+01:00</sln:cyklZyciaOd><sln:gmIIPId>938ca823-940e-4b8c-9de0-ee8c83ade9bc</sln:gmIIPId><sln:gmIIPPn>PL.PZGIK.200</sln:gmIIPPn><sln:gmIIPWersja>2012-09-26T22:54:49+02:00</sln:gmIIPWersja><sln:gmIdTeryt>1421062</sln:gmIdTeryt><sln:gmNazwa>Raszyn</sln:gmNazwa><sln:miejscIIPId>770879f5-5360-4586-9e9f-ed96cc55a19b</sln:miejscIIPId><sln:miejscIIPPn>PL.PZGIK.200</sln:miejscIIPPn><sln:miejscIIPWersja>2016-11-24T08:26:20+02:00</sln:miejscIIPWersja><sln:miejscIdTeryt>0007930</sln:miejscIdTeryt><sln:miejscNazwa>Dawidy</sln:miejscNazwa><sln:miejscRodzaj>Wieś</sln:miejscRodzaj><sln:powIIPId>4d601c02-4693-43d1-85b5-bd17b80d27a8</sln:powIIPId><sln:powIIPPn>PL.PZGIK.200</sln:powIIPPn><sln:powIIPWersja>2012-09-27T08:13:53+02:00</sln:powIIPWersja><sln:powIdTeryt>1421</sln:powIdTeryt><sln:powNazwa>pruszkowski</sln:powNazwa><sln:waznyOd>2010-04-19T00:00:00+02:00</sln:waznyOd><sln:wojIIPId>4b6c492a-eb04-441d-a92a-f44359c06de7</sln:wojIIPId><sln:wojIIPPn>PL.PZGIK.200</sln:wojIIPPn><sln:wojIIPWersja>2012-09-27T13:45:13+02:00</sln:wojIIPWersja><sln:wojIdTeryt>14</sln:wojIdTeryt><sln:wojNazwa>mazowieckie</sln:wojNazwa></sln:miejscowosc><sln:miejscowosc><sln:cyklZyciaDo>2015-12-22T00:00:00+01:00</sln:cyklZyciaDo><sln:cyklZyciaOd>2015-12-15T00:00:00+01:00</sln:cyklZyciaOd><sln:gmIIPId>938ca823-940e-4b8c-9de0-ee8c83ade9bc</sln:gmIIPId><sln:gmIIPPn>PL.PZGIK.200</sln:gmIIPPn><sln:gmIIPWersja>2012-09-26T22:54:49+02:00</sln:gmIIPWersja><sln:gmIdTeryt>1421062</sln:gmIdTeryt><sln:gmNazwa>Raszyn</sln:gmNazwa><sln:miejscIIPId>b454ac13-6442-4b28-8580-8f6bb04e6e15</sln:miejscIIPId><sln:miejscIIPPn>PL.PZGIK.200</sln:miejscIIPPn><sln:miejscIIPWersja>2016-11-24T08:26:22+02:00</sln:miejscIIPWersja><sln:miejscIdTeryt>0007947</sln:miejscIdTeryt><sln:miejscNazwa>Dawidy Bankowe</sln:miejscNazwa><sln:miejscRodzaj>Wieś</sln:miejscRodzaj><sln:powIIPId>4d601c02-4693-43d1-85b5-bd17b80d27a8</sln:powIIPId><sln:powIIPPn>PL.PZGIK.200</sln:powIIPPn><sln:powIIPWersja>2012-09-27T08:13:53+02:00</sln:powIIPWersja><sln:powIdTeryt>1421</sln:powIdTeryt><sln:powNazwa>pruszkowski</sln:powNazwa><sln:waznyOd>2010-04-19T00:00:00+02:00</sln:waznyOd><sln:wojIIPId>4b6c492a-eb04-441d-a92a-f44359c06de7</sln:wojIIPId><sln:wojIIPPn>PL.PZGIK.200</sln:wojIIPPn><sln:wojIIPWersja>2012-09-27T13:45:13+02:00</sln:wojIIPWersja><sln:wojIdTeryt>14</sln:wojIdTeryt><sln:wojNazwa>mazowieckie</sln:wojNazwa></sln:miejscowosc><sln:miejscowosc><sln:cyklZyciaDo>2015-12-22T00:00:00+01:00</sln:cyklZyciaDo><sln:cyklZyciaOd>2015-12-15T00:00:00+01:00</sln:cyklZyciaOd><sln:gmIIPId>938ca823-940e-4b8c-9de0-ee8c83ade9bc</sln:gmIIPId><sln:gmIIPPn>PL.PZGIK.200</sln:gmIIPPn><sln:gmIIPWersja>2012-09-26T22:54:49+02:00</sln:gmIIPWersja><sln:gmIdTeryt>1421062</sln:gmIdTeryt><sln:gmNazwa>Raszyn</sln:gmNazwa><sln:miejscIIPId>c562378c-cea1-4651-8d82-39bed5534c24</sln:miejscIIPId><sln:miejscIIPPn>PL.PZGIK.200</sln:miejscIIPPn><sln:miejscIIPWersja>2016-11-24T08:26:26+02:00</sln:miejscIIPWersja><sln:miejscIdTeryt>0007960</sln:miejscIdTeryt><sln:miejscNazwa>Falenty</sln:miejscNazwa><sln:miejscRodzaj>Osada</sln:miejscRodzaj><sln:powIIPId>4d601c02-4693-43d1-85b5-bd17b80d27a8</sln:powIIPId><sln:powIIPPn>PL.PZGIK.200</sln:powIIPPn><sln:powIIPWersja>2012-09-27T08:13:53+02:00</sln:powIIPWersja><sln:powIdTeryt>1421</sln:powIdTeryt><sln:powNazwa>pruszkowski</sln:powNazwa><sln:waznyOd>2010-04-19T00:00:00+02:00</sln:waznyOd><sln:wojIIPId>4b6c492a-eb04-441d-a92a-f44359c06de7</sln:wojIIPId><sln:wojIIPPn>PL.PZGIK.200</sln:wojIIPPn><sln:wojIIPWersja>2012-09-27T13:45:13+02:00</sln:wojIIPWersja><sln:wojIdTeryt>14</sln:wojIdTeryt><sln:wojNazwa>mazowieckie</sln:wojNazwa></sln:miejscowosc><sln:miejscowosc><sln:cyklZyciaDo>2015-12-22T00:00:00+01:00</sln:cyklZyciaDo><sln:cyklZyciaOd>2015-12-15T00:00:00+01:00</sln:cyklZyciaOd><sln:gmIIPId>938ca823-940e-4b8c-9de0-ee8c83ade9bc</sln:gmIIPId><sln:gmIIPPn>PL.PZGIK.200</sln:gmIIPPn><sln:gmIIPWersja>2012-09-26T22:54:49+02:00</sln:gmIIPWersja><sln:gmIdTeryt>1421062</sln:gmIdTeryt><sln:gmNazwa>Raszyn</sln:gmNazwa><sln:miejscIIPId>9fe4e8a5-a90d-4451-b3a7-f33f20fc3b34</sln:miejscIIPId><sln:miejscIIPPn>PL.PZGIK.200</sln:miejscIIPPn><sln:miejscIIPWersja>2016-11-24T08:26:24+02:00</sln:miejscIIPWersja><sln:miejscIdTeryt>0007953</sln:miejscIdTeryt><sln:miejscNazwa>Falenty Duże</sln:miejscNazwa><sln:miejscRodzaj>Wieś</sln:miejscRodzaj><sln:powIIPId>4d601c02-4693-43d1-85b5-bd17b80d27a8</sln:powIIPId><sln:powIIPPn>PL.PZGIK.200</sln:powIIPPn><sln:powIIPWersja>2012-09-27T08:13:53+02:00</sln:powIIPWersja><sln:powIdTeryt>1421</sln:powIdTeryt><sln:powNazwa>pruszkowski</sln:powNazwa><sln:waznyOd>2010-04-19T00:00:00+02:00</sln:waznyOd><sln:wojIIPId>4b6c492a-eb04-441d-a92a-f44359c06de7</sln:wojIIPId><sln:wojIIPPn>PL.PZGIK.200</sln:wojIIPPn><sln:wojIIPWersja>2012-09-27T13:45:13+02:00</sln:wojIIPWersja><sln:wojIdTeryt>14</sln:wojIdTeryt><sln:wojNazwa>mazowieckie</sln:wojNazwa></sln:miejscowosc><sln:miejscowosc><sln:cyklZyciaDo>2015-12-22T00:00:00+01:00</sln:cyklZyciaDo><sln:cyklZyciaOd>2015-12-15T00:00:00+01:00</sln:cyklZyciaOd><sln:gmIIPId>938ca823-940e-4b8c-9de0-ee8c83ade9bc</sln:gmIIPId><sln:gmIIPPn>PL.PZGIK.200</sln:gmIIPPn><sln:gmIIPWersja>2012-09-26T22:54:49+02:00</sln:gmIIPWersja><sln:gmIdTeryt>1421062</sln:gmIdTeryt><sln:gmNazwa>Raszyn</sln:gmNazwa><sln:miejscIIPId>5d292ea3-2723-4c2f-af39-495ecb012e87</sln:miejscIIPId><sln:miejscIIPPn>PL.PZGIK.200</sln:miejscIIPPn><sln:miejscIIPWersja>2016-11-24T08:26:36+02:00</sln:miejscIIPWersja><sln:miejscIdTeryt>0008013</sln:miejscIdTeryt><sln:miejscNazwa>Falenty Nowe</sln:miejscNazwa><sln:miejscRodzaj>Wieś</sln:miejscRodzaj><sln:powIIPId>4d601c02-4693-43d1-85b5-bd17b80d27a8</sln:powIIPId><sln:powIIPPn>PL.PZGIK.200</sln:powIIPPn><sln:powIIPWersja>2012-09-27T08:13:53+02:00</sln:powIIPWersja><sln:powIdTeryt>1421</sln:powIdTeryt><sln:powNazwa>pruszkowski</sln:powNazwa><sln:waznyOd>2010-04-19T00:00:00+02:00</sln:waznyOd><sln:wojIIPId>4b6c492a-eb04-441d-a92a-f44359c06de7</sln:wojIIPId><sln:wojIIPPn>PL.PZGIK.200</sln:wojIIPPn><sln:wojIIPWersja>2012-09-27T13:45:13+02:00</sln:wojIIPWersja><sln:wojIdTeryt>14</sln:wojIdTeryt><sln:wojNazwa>mazowieckie</sln:wojNazwa></sln:miejscowosc><sln:miejscowosc><sln:cyklZyciaDo>2015-12-22T00:00:00+01:00</sln:cyklZyciaDo><sln:cyklZyciaOd>2015-12-15T00:00:00+01:00</sln:cyklZyciaOd><sln:gmIIPId>938ca823-940e-4b8c-9de0-ee8c83ade9bc</sln:gmIIPId><sln:gmIIPPn>PL.PZGIK.200</sln:gmIIPPn><sln:gmIIPWersja>2012-09-26T22:54:49+02:00</sln:gmIIPWersja><sln:gmIdTeryt>1421062</sln:gmIdTeryt><sln:gmNazwa>Raszyn</sln:gmNazwa><sln:miejscIIPId>716336a9-9580-4fac-9e08-ca4f434341ff</sln:miejscIIPId><sln:miejscIIPPn>PL.PZGIK.200</sln:miejscIIPPn><sln:miejscIIPWersja>2016-11-24T08:26:28+02:00</sln:miejscIIPWersja><sln:miejscIdTeryt>0007976</sln:miejscIdTeryt><sln:miejscNazwa>Janki</sln:miejscNazwa><sln:miejscRodzaj>Wieś</sln:miejscRodzaj><sln:powIIPId>4d601c02-4693-43d1-85b5-bd17b80d27a8</sln:powIIPId><sln:powIIPPn>PL.PZGIK.200</sln:powIIPPn><sln:powIIPWersja>2012-09-27T08:13:53+02:00</sln:powIIPWersja><sln:powIdTeryt>1421</sln:powIdTeryt><sln:powNazwa>pruszkowski</sln:powNazwa><sln:waznyOd>2010-04-19T00:00:00+02:00</sln:waznyOd><sln:wojIIPId>4b6c492a-eb04-441d-a92a-f44359c06de7</sln:wojIIPId><sln:wojIIPPn>PL.PZGIK.200</sln:wojIIPPn><sln:wojIIPWersja>2012-09-27T13:45:13+02:00</sln:wojIIPWersja><sln:wojIdTeryt>14</sln:wojIdTeryt><sln:wojNazwa>mazowieckie</sln:wojNazwa></sln:miejscowosc><sln:miejscowosc><sln:cyklZyciaDo>2015-12-22T00:00:00+01:00</sln:cyklZyciaDo><sln:cyklZyciaOd>2015-12-15T00:00:00+01:00</sln:cyklZyciaOd><sln:gmIIPId>938ca823-940e-4b8c-9de0-ee8c83ade9bc</sln:gmIIPId><sln:gmIIPPn>PL.PZGIK.200</sln:gmIIPPn><sln:gmIIPWersja>2012-09-26T22:54:49+02:00</sln:gmIIPWersja><sln:gmIdTeryt>1421062</sln:gmIdTeryt><sln:gmNazwa>Raszyn</sln:gmNazwa><sln:miejscIIPId>cebc9846-fe40-4f12-8395-dbff72a609ab</sln:miejscIIPId><sln:miejscIIPPn>PL.PZGIK.200</sln:miejscIIPPn><sln:miejscIIPWersja>2016-11-24T08:26:30+02:00</sln:miejscIIPWersja><sln:miejscIdTeryt>0007982</sln:miejscIdTeryt><sln:miejscNazwa>Jaworowa</sln:miejscNazwa><sln:miejscRodzaj>Wieś</sln:miejscRodzaj><sln:powIIPId>4d601c02-4693-43d1-85b5-bd17b80d27a8</sln:powIIPId><sln:powIIPPn>PL.PZGIK.200</sln:powIIPPn><sln:powIIPWersja>2012-09-27T08:13:53+02:00</sln:powIIPWersja><sln:powIdTeryt>1421</sln:powIdTeryt><sln:powNazwa>pruszkowski</sln:powNazwa><sln:waznyOd>2010-04-19T00:00:00+02:00</sln:waznyOd><sln:wojIIPId>4b6c492a-eb04-441d-a92a-f44359c06de7</sln:wojIIPId><sln:wojIIPPn>PL.PZGIK.200</sln:wojIIPPn><sln:wojIIPWersja>2012-09-27T13:45:13+02:00</sln:wojIIPWersja><sln:wojIdTeryt>14</sln:wojIdTeryt><sln:wojNazwa>mazowieckie</sln:wojNazwa></sln:miejscowosc><sln:miejscowosc><sln:cyklZyciaDo>2015-12-22T00:00:00+01:00</sln:cyklZyciaDo><sln:cyklZyciaOd>2015-12-15T00:00:00+01:00</sln:cyklZyciaOd><sln:gmIIPId>938ca823-940e-4b8c-9de0-ee8c83ade9bc</sln:gmIIPId><sln:gmIIPPn>PL.PZGIK.200</sln:gmIIPPn><sln:gmIIPWersja>2012-09-26T22:54:49+02:00</sln:gmIIPWersja><sln:gmIdTeryt>1421062</sln:gmIdTeryt><sln:gmNazwa>Raszyn</sln:gmNazwa><sln:miejscIIPId>04846a81-99f7-449d-9330-28dbc2f9913a</sln:miejscIIPId><sln:miejscIIPPn>PL.PZGIK.200</sln:miejscIIPPn><sln:miejscIIPWersja>2016-11-24T08:26:32+02:00</sln:miejscIIPWersja><sln:miejscIdTeryt>0007999</sln:miejscIdTeryt><sln:miejscNazwa>Laszczki</sln:miejscNazwa><sln:miejscRodzaj>Wieś</sln:miejscRodzaj><sln:powIIPId>4d601c02-4693-43d1-85b5-bd17b80d27a8</sln:powIIPId><sln:powIIPPn>PL.PZGIK.200</sln:powIIPPn><sln:powIIPWersja>2012-09-27T08:13:53+02:00</sln:powIIPWersja><sln:powIdTeryt>1421</sln:powIdTeryt><sln:powNazwa>pruszkowski</sln:powNazwa><sln:waznyOd>2010-04-19T00:00:00+02:00</sln:waznyOd><sln:wojIIPId>4b6c492a-eb04-441d-a92a-f44359c06de7</sln:wojIIPId><sln:wojIIPPn>PL.PZGIK.200</sln:wojIIPPn><sln:wojIIPWersja>2012-09-27T13:45:13+02:00</sln:wojIIPWersja><sln:wojIdTeryt>14</sln:wojIdTeryt><sln:wojNazwa>mazowieckie</sln:wojNazwa></sln:miejscowosc><sln:miejscowosc><sln:cyklZyciaDo>2015-12-22T00:00:00+01:00</sln:cyklZyciaDo><sln:cyklZyciaOd>2015-12-15T00:00:00+01:00</sln:cyklZyciaOd><sln:gmIIPId>938ca823-940e-4b8c-9de0-ee8c83ade9bc</sln:gmIIPId><sln:gmIIPPn>PL.PZGIK.200</sln:gmIIPPn><sln:gmIIPWersja>2012-09-26T22:54:49+02:00</sln:gmIIPWersja><sln:gmIdTeryt>1421062</sln:gmIdTeryt><sln:gmNazwa>Raszyn</sln:gmNazwa><sln:miejscIIPId>1d804c2b-4ec2-468e-a97d-47ab8a1bebb4</sln:miejscIIPId><sln:miejscIIPPn>PL.PZGIK.200</sln:miejscIIPPn><sln:miejscIIPWersja>2016-11-24T08:26:38+02:00</sln:miejscIIPWersja><sln:miejscIdTeryt>0008020</sln:miejscIdTeryt><sln:miejscNazwa>Nowe Grocholice</sln:miejscNazwa><sln:miejscRodzaj>Wieś</sln:miejscRodzaj><sln:powIIPId>4d601c02-4693-43d1-85b5-bd17b80d27a8</sln:powIIPId><sln:powIIPPn>PL.PZGIK.200</sln:powIIPPn><sln:powIIPWersja>2012-09-27T08:13:53+02:00</sln:powIIPWersja><sln:powIdTeryt>1421</sln:powIdTeryt><sln:powNazwa>pruszkowski</sln:powNazwa><sln:waznyOd>2010-04-19T00:00:00+02:00</sln:waznyOd><sln:wojIIPId>4b6c492a-eb04-441d-a92a-f44359c06de7</sln:wojIIPId><sln:wojIIPPn>PL.PZGIK.200</sln:wojIIPPn><sln:wojIIPWersja>2012-09-27T13:45:13+02:00</sln:wojIIPWersja><sln:wojIdTeryt>14</sln:wojIdTeryt><sln:wojNazwa>mazowieckie</sln:wojNazwa></sln:miejscowosc><sln:miejscowosc><sln:cyklZyciaDo>2015-12-22T00:00:00+01:00</sln:cyklZyciaDo><sln:cyklZyciaOd>2015-12-15T00:00:00+01:00</sln:cyklZyciaOd><sln:gmIIPId>938ca823-940e-4b8c-9de0-ee8c83ade9bc</sln:gmIIPId><sln:gmIIPPn>PL.PZGIK.200</sln:gmIIPPn><sln:gmIIPWersja>2012-09-26T22:54:49+02:00</sln:gmIIPWersja><sln:gmIdTeryt>1421062</sln:gmIdTeryt><sln:gmNazwa>Raszyn</sln:gmNazwa><sln:miejscIIPId>4565031a-3b01-4f8a-987c-17fb16f6cae0</sln:miejscIIPId><sln:miejscIIPPn>PL.PZGIK.200</sln:miejscIIPPn><sln:miejscIIPWersja>2016-11-24T08:26:40+02:00</sln:miejscIIPWersja><sln:miejscIdTeryt>0008036</sln:miejscIdTeryt><sln:miejscNazwa>Podolszyn Nowy</sln:miejscNazwa><sln:miejscRodzaj>Wieś</sln:miejscRodzaj><sln:powIIPId>4d601c02-4693-43d1-85b5-bd17b80d27a8</sln:powIIPId><sln:powIIPPn>PL.PZGIK.200</sln:powIIPPn><sln:powIIPWersja>2012-09-27T08:13:53+02:00</sln:powIIPWersja><sln:powIdTeryt>1421</sln:powIdTeryt><sln:powNazwa>pruszkowski</sln:powNazwa><sln:waznyOd>2010-04-19T00:00:00+02:00</sln:waznyOd><sln:wojIIPId>4b6c492a-eb04-441d-a92a-f44359c06de7</sln:wojIIPId><sln:wojIIPPn>PL.PZGIK.200</sln:wojIIPPn><sln:wojIIPWersja>2012-09-27T13:45:13+02:00</sln:wojIIPWersja><sln:wojIdTeryt>14</sln:wojIdTeryt><sln:wojNazwa>mazowieckie</sln:wojNazwa></sln:miejscowosc><sln:miejscowosc><sln:cyklZyciaDo>2015-12-22T00:00:00+01:00</sln:cyklZyciaDo><sln:cyklZyciaOd>2015-12-15T00:00:00+01:00</sln:cyklZyciaOd><sln:gmIIPId>938ca823-940e-4b8c-9de0-ee8c83ade9bc</sln:gmIIPId><sln:gmIIPPn>PL.PZGIK.200</sln:gmIIPPn><sln:gmIIPWersja>2012-09-26T22:54:49+02:00</sln:gmIIPWersja><sln:gmIdTeryt>1421062</sln:gmIdTeryt><sln:gmNazwa>Raszyn</sln:gmNazwa><sln:miejscIIPId>b4f77be8-b04b-4be7-b9cf-2139f1995d8e</sln:miejscIIPId><sln:miejscIIPPn>PL.PZGIK.200</sln:miejscIIPPn><sln:miejscIIPWersja>2016-11-24T08:26:44+02:00</sln:miejscIIPWersja><sln:miejscIdTeryt>0008059</sln:miejscIdTeryt><sln:miejscNazwa>Puchały</sln:miejscNazwa><sln:miejscRodzaj>Wieś</sln:miejscRodzaj><sln:powIIPId>4d601c02-4693-43d1-85b5-bd17b80d27a8</sln:powIIPId><sln:powIIPPn>PL.PZGIK.200</sln:powIIPPn><sln:powIIPWersja>2012-09-27T08:13:53+02:00</sln:powIIPWersja><sln:powIdTeryt>1421</sln:powIdTeryt><sln:powNazwa>pruszkowski</sln:powNazwa><sln:waznyOd>2010-04-19T00:00:00+02:00</sln:waznyOd><sln:wojIIPId>4b6c492a-eb04-441d-a92a-f44359c06de7</sln:wojIIPId><sln:wojIIPPn>PL.PZGIK.200</sln:wojIIPPn><sln:wojIIPWersja>2012-09-27T13:45:13+02:00</sln:wojIIPWersja><sln:wojIdTeryt>14</sln:wojIdTeryt><sln:wojNazwa>mazowieckie</sln:wojNazwa></sln:miejscowosc><sln:miejscowosc><sln:cyklZyciaDo>2015-12-22T00:00:00+01:00</sln:cyklZyciaDo><sln:cyklZyciaOd>2015-12-15T00:00:00+01:00</sln:cyklZyciaOd><sln:gmIIPId>938ca823-940e-4b8c-9de0-ee8c83ade9bc</sln:gmIIPId><sln:gmIIPPn>PL.PZGIK.200</sln:gmIIPPn><sln:gmIIPWersja>2012-09-26T22:54:49+02:00</sln:gmIIPWersja><sln:gmIdTeryt>1421062</sln:gmIdTeryt><sln:gmNazwa>Raszyn</sln:gmNazwa><sln:miejscIIPId>d173c26d-4da1-4672-b45b-339801bbc244</sln:miejscIIPId><sln:miejscIIPPn>PL.PZGIK.200</sln:miejscIIPPn><sln:miejscIIPWersja>2016-11-24T08:26:47+02:00</sln:miejscIIPWersja><sln:miejscIdTeryt>0008065</sln:miejscIdTeryt><sln:miejscNazwa>Raszyn</sln:miejscNazwa><sln:miejscRodzaj>Wieś</sln:miejscRodzaj><sln:powIIPId>4d601c02-4693-43d1-85b5-bd17b80d27a8</sln:powIIPId><sln:powIIPPn>PL.PZGIK.200</sln:powIIPPn><sln:powIIPWersja>2012-09-27T08:13:53+02:00</sln:powIIPWersja><sln:powIdTeryt>1421</sln:powIdTeryt><sln:powNazwa>pruszkowski</sln:powNazwa><sln:waznyOd>2010-04-19T00:00:00+02:00</sln:waznyOd><sln:wojIIPId>4b6c492a-eb04-441d-a92a-f44359c06de7</sln:wojIIPId><sln:wojIIPPn>PL.PZGIK.200</sln:wojIIPPn><sln:wojIIPWersja>2012-09-27T13:45:13+02:00</sln:wojIIPWersja><sln:wojIdTeryt>14</sln:wojIdTeryt><sln:wojNazwa>mazowieckie</sln:wojNazwa></sln:miejscowosc><sln:miejscowosc><sln:cyklZyciaDo>2015-12-22T00:00:00+01:00</sln:cyklZyciaDo><sln:cyklZyciaOd>2015-12-15T00:00:00+01:00</sln:cyklZyciaOd><sln:gmIIPId>938ca823-940e-4b8c-9de0-ee8c83ade9bc</sln:gmIIPId><sln:gmIIPPn>PL.PZGIK.200</sln:gmIIPPn><sln:gmIIPWersja>2012-09-26T22:54:49+02:00</sln:gmIIPWersja><sln:gmIdTeryt>1421062</sln:gmIdTeryt><sln:gmNazwa>Raszyn</sln:gmNazwa><sln:miejscIIPId>13db1d29-d572-4eab-b707-b21a752ac6a1</sln:miejscIIPId><sln:miejscIIPPn>PL.PZGIK.200</sln:miejscIIPPn><sln:miejscIIPWersja>2016-11-24T08:26:49+02:00</sln:miejscIIPWersja><sln:miejscIdTeryt>0008071</sln:miejscIdTeryt><sln:miejscNazwa>Rybie</sln:miejscNazwa><sln:miejscRodzaj>Wieś</sln:miejscRodzaj><sln:powIIPId>4d601c02-4693-43d1-85b5-bd17b80d27a8</sln:powIIPId><sln:powIIPPn>PL.PZGIK.200</sln:powIIPPn><sln:powIIPWersja>2012-09-27T08:13:53+02:00</sln:powIIPWersja><sln:powIdTeryt>1421</sln:powIdTeryt><sln:powNazwa>pruszkowski</sln:powNazwa><sln:waznyOd>2010-04-19T00:00:00+02:00</sln:waznyOd><sln:wojIIPId>4b6c492a-eb04-441d-a92a-f44359c06de7</sln:wojIIPId><sln:wojIIPPn>PL.PZGIK.200</sln:wojIIPPn><sln:wojIIPWersja>2012-09-27T13:45:13+02:00</sln:wojIIPWersja><sln:wojIdTeryt>14</sln:wojIdTeryt><sln:wojNazwa>mazowieckie</sln:wojNazwa></sln:miejscowosc><sln:miejscowosc><sln:cyklZyciaDo>2015-12-22T00:00:00+01:00</sln:cyklZyciaDo><sln:cyklZyciaOd>2015-12-15T00:00:00+01:00</sln:cyklZyciaOd><sln:gmIIPId>938ca823-940e-4b8c-9de0-ee8c83ade9bc</sln:gmIIPId><sln:gmIIPPn>PL.PZGIK.200</sln:gmIIPPn><sln:gmIIPWersja>2012-09-26T22:54:49+02:00</sln:gmIIPWersja><sln:gmIdTeryt>1421062</sln:gmIdTeryt><sln:gmNazwa>Raszyn</sln:gmNazwa><sln:miejscIIPId>cb76442a-86db-4411-a4a8-793f16d0c68f</sln:miejscIIPId><sln:miejscIIPPn>PL.PZGIK.200</sln:miejscIIPPn><sln:miejscIIPWersja>2016-11-24T08:26:55+02:00</sln:miejscIIPWersja><sln:miejscIdTeryt>0008119</sln:miejscIdTeryt><sln:miejscNazwa>Sękocin Las</sln:miejscNazwa><sln:miejscRodzaj>Osada leśna</sln:miejscRodzaj><sln:powIIPId>4d601c02-4693-43d1-85b5-bd17b80d27a8</sln:powIIPId><sln:powIIPPn>PL.PZGIK.200</sln:powIIPPn><sln:powIIPWersja>2012-09-27T08:13:53+02:00</sln:powIIPWersja><sln:powIdTeryt>1421</sln:powIdTeryt><sln:powNazwa>pruszkowski</sln:powNazwa><sln:waznyOd>2014-12-03T00:00:00+01:00</sln:waznyOd><sln:wojIIPId>4b6c492a-eb04-441d-a92a-f44359c06de7</sln:wojIIPId><sln:wojIIPPn>PL.PZGIK.200</sln:wojIIPPn><sln:wojIIPWersja>2012-09-27T13:45:13+02:00</sln:wojIIPWersja><sln:wojIdTeryt>14</sln:wojIdTeryt><sln:wojNazwa>mazowieckie</sln:wojNazwa></sln:miejscowosc><sln:miejscowosc><sln:cyklZyciaDo>2015-12-22T00:00:00+01:00</sln:cyklZyciaDo><sln:cyklZyciaOd>2015-12-15T00:00:00+01:00</sln:cyklZyciaOd><sln:gmIIPId>938ca823-940e-4b8c-9de0-ee8c83ade9bc</sln:gmIIPId><sln:gmIIPPn>PL.PZGIK.200</sln:gmIIPPn><sln:gmIIPWersja>2012-09-26T22:54:49+02:00</sln:gmIIPWersja><sln:gmIdTeryt>1421062</sln:gmIdTeryt><sln:gmNazwa>Raszyn</sln:gmNazwa><sln:miejscIIPId>5b473b49-284a-489b-94bf-ce218d13512c</sln:miejscIIPId><sln:miejscIIPPn>PL.PZGIK.200</sln:miejscIIPPn><sln:miejscIIPWersja>2016-11-24T08:26:42+02:00</sln:miejscIIPWersja><sln:miejscIdTeryt>0008042</sln:miejscIdTeryt><sln:miejscNazwa>Sękocin Nowy</sln:miejscNazwa><sln:miejscRodzaj>Wieś</sln:miejscRodzaj><sln:powIIPId>4d601c02-4693-43d1-85b5-bd17b80d27a8</sln:powIIPId><sln:powIIPPn>PL.PZGIK.200</sln:powIIPPn><sln:powIIPWersja>2012-09-27T08:13:53+02:00</sln:powIIPWersja><sln:powIdTeryt>1421</sln:powIdTeryt><sln:powNazwa>pruszkowski</sln:powNazwa><sln:waznyOd>2010-04-19T00:00:00+02:00</sln:waznyOd><sln:wojIIPId>4b6c492a-eb04-441d-a92a-f44359c06de7</sln:wojIIPId><sln:wojIIPPn>PL.PZGIK.200</sln:wojIIPPn><sln:wojIIPWersja>2012-09-27T13:45:13+02:00</sln:wojIIPWersja><sln:wojIdTeryt>14</sln:wojIdTeryt><sln:wojNazwa>mazowieckie</sln:wojNazwa></sln:miejscowosc><sln:miejscowosc><sln:cyklZyciaDo>2015-12-22T00:00:00+01:00</sln:cyklZyciaDo><sln:cyklZyciaOd>2015-12-15T00:00:00+01:00</sln:cyklZyciaOd><sln:gmIIPId>938ca823-940e-4b8c-9de0-ee8c83ade9bc</sln:gmIIPId><sln:gmIIPPn>PL.PZGIK.200</sln:gmIIPPn><sln:gmIIPWersja>2012-09-26T22:54:49+02:00</sln:gmIIPWersja><sln:gmIdTeryt>1421062</sln:gmIdTeryt><sln:gmNazwa>Raszyn</sln:gmNazwa><sln:miejscIIPId>1bb6fb47-fc85-4d14-b095-0715a95c91da</sln:miejscIIPId><sln:miejscIIPPn>PL.PZGIK.200</sln:miejscIIPPn><sln:miejscIIPWersja>2016-11-24T08:26:53+02:00</sln:miejscIIPWersja><sln:miejscIdTeryt>0008094</sln:miejscIdTeryt><sln:miejscNazwa>Sękocin Stary</sln:miejscNazwa><sln:miejscRodzaj>Wieś</sln:miejscRodzaj><sln:powIIPId>4d601c02-4693-43d1-85b5-bd17b80d27a8</sln:powIIPId><sln:powIIPPn>PL.PZGIK.200</sln:powIIPPn><sln:powIIPWersja>2012-09-27T08:13:53+02:00</sln:powIIPWersja><sln:powIdTeryt>1421</sln:powIdTeryt><sln:powNazwa>pruszkowski</sln:powNazwa><sln:waznyOd>2010-04-19T00:00:00+02:00</sln:waznyOd><sln:wojIIPId>4b6c492a-eb04-441d-a92a-f44359c06de7</sln:wojIIPId><sln:wojIIPPn>PL.PZGIK.200</sln:wojIIPPn><sln:wojIIPWersja>2012-09-27T13:45:13+02:00</sln:wojIIPWersja><sln:wojIdTeryt>14</sln:wojIdTeryt><sln:wojNazwa>mazowieckie</sln:wojNazwa></sln:miejscowosc><sln:miejscowosc><sln:cyklZyciaDo>2015-12-22T00:00:00+01:00</sln:cyklZyciaDo><sln:cyklZyciaOd>2015-12-15T00:00:00+01:00</sln:cyklZyciaOd><sln:gmIIPId>938ca823-940e-4b8c-9de0-ee8c83ade9bc</sln:gmIIPId><sln:gmIIPPn>PL.PZGIK.200</sln:gmIIPPn><sln:gmIIPWersja>2012-09-26T22:54:49+02:00</sln:gmIIPWersja><sln:gmIdTeryt>1421062</sln:gmIdTeryt><sln:gmNazwa>Raszyn</sln:gmNazwa><sln:miejscIIPId>3f091e23-d118-4c03-90ab-94e35c5603ac</sln:miejscIIPId><sln:miejscIIPPn>PL.PZGIK.200</sln:miejscIIPPn><sln:miejscIIPWersja>2016-11-24T08:26:51+02:00</sln:miejscIIPWersja><sln:miejscIdTeryt>0008088</sln:miejscIdTeryt><sln:miejscNazwa>Słomin</sln:miejscNazwa><sln:miejscRodzaj>Wieś</sln:miejscRodzaj><sln:powIIPId>4d601c02-4693-43d1-85b5-bd17b80d27a8</sln:powIIPId><sln:powIIPPn>PL.PZGIK.200</sln:powIIPPn><sln:powIIPWersja>2012-09-27T08:13:53+02:00</sln:powIIPWersja><sln:powIdTeryt>1421</sln:powIdTeryt><sln:powNazwa>pruszkowski</sln:powNazwa><sln:waznyOd>2010-04-19T00:00:00+02:00</sln:waznyOd><sln:wojIIPId>4b6c492a-eb04-441d-a92a-f44359c06de7</sln:wojIIPId><sln:wojIIPPn>PL.PZGIK.200</sln:wojIIPPn><sln:wojIIPWersja>2012-09-27T13:45:13+02:00</sln:wojIIPWersja><sln:wojIdTeryt>14</sln:wojIdTeryt><sln:wojNazwa>mazowieckie</sln:wojNazwa></sln:miejscowosc><sln:miejscowosc><sln:cyklZyciaDo>2015-12-22T00:00:00+01:00</sln:cyklZyciaDo><sln:cyklZyciaOd>2015-12-15T00:00:00+01:00</sln:cyklZyciaOd><sln:gmIIPId>938ca823-940e-4b8c-9de0-ee8c83ade9bc</sln:gmIIPId><sln:gmIIPPn>PL.PZGIK.200</sln:gmIIPPn><sln:gmIIPWersja>2012-09-26T22:54:49+02:00</sln:gmIIPWersja><sln:gmIdTeryt>1421062</sln:gmIdTeryt><sln:gmNazwa>Raszyn</sln:gmNazwa><sln:miejscIIPId>9aed6ea7-74db-400e-a578-7f2d98022c0c</sln:miejscIIPId><sln:miejscIIPPn>PL.PZGIK.200</sln:miejscIIPPn><sln:miejscIIPWersja>2016-11-24T08:26:57+02:00</sln:miejscIIPWersja><sln:miejscIdTeryt>0008125</sln:miejscIdTeryt><sln:miejscNazwa>Wypędy</sln:miejscNazwa><sln:miejscRodzaj>Wieś</sln:miejscRodzaj><sln:powIIPId>4d601c02-4693-43d1-85b5-bd17b80d27a8</sln:powIIPId><sln:powIIPPn>PL.PZGIK.200</sln:powIIPPn><sln:powIIPWersja>2012-09-27T08:13:53+02:00</sln:powIIPWersja><sln:powIdTeryt>1421</sln:powIdTeryt><sln:powNazwa>pruszkowski</sln:powNazwa><sln:waznyOd>2010-04-19T00:00:00+02:00</sln:waznyOd><sln:wojIIPId>4b6c492a-eb04-441d-a92a-f44359c06de7</sln:wojIIPId><sln:wojIIPPn>PL.PZGIK.200</sln:wojIIPPn><sln:wojIIPWersja>2012-09-27T13:45:13+02:00</sln:wojIIPWersja><sln:wojIdTeryt>14</sln:wojIdTeryt><sln:wojNazwa>mazowieckie</sln:wojNazwa></sln:miejscowosc><sln:miejscowosc><sln:cyklZyciaDo>2015-12-22T00:00:00+01:00</sln:cyklZyciaDo><sln:cyklZyciaOd>2015-12-15T00:00:00+01:00</sln:cyklZyciaOd><sln:gmIIPId>938ca823-940e-4b8c-9de0-ee8c83ade9bc</sln:gmIIPId><sln:gmIIPPn>PL.PZGIK.200</sln:gmIIPPn><sln:gmIIPWersja>2012-09-26T22:54:49+02:00</sln:gmIIPWersja><sln:gmIdTeryt>1421062</sln:gmIdTeryt><sln:gmNazwa>Raszyn</sln:gmNazwa><sln:miejscIIPId>2f209715-3dcb-48da-988a-38ebcfe7fb18</sln:miejscIIPId><sln:miejscIIPPn>PL.PZGIK.200</sln:miejscIIPPn><sln:miejscIIPWersja>2016-11-24T08:26:34+02:00</sln:miejscIIPWersja><sln:miejscIdTeryt>0008007</sln:miejscIdTeryt><sln:miejscNazwa>Łady</sln:miejscNazwa><sln:miejscRodzaj>Wieś</sln:miejscRodzaj><sln:powIIPId>4d601c02-4693-43d1-85b5-bd17b80d27a8</sln:powIIPId><sln:powIIPPn>PL.PZGIK.200</sln:powIIPPn><sln:powIIPWersja>2012-09-27T08:13:53+02:00</sln:powIIPWersja><sln:powIdTeryt>1421</sln:powIdTeryt><sln:powNazwa>pruszkowski</sln:powNazwa><sln:waznyOd>2010-04-19T00:00:00+02:00</sln:waznyOd><sln:wojIIPId>4b6c492a-eb04-441d-a92a-f44359c06de7</sln:wojIIPId><sln:wojIIPPn>PL.PZGIK.200</sln:wojIIPPn><sln:wojIIPWersja>2012-09-27T13:45:13+02:00</sln:wojIIPWersja><sln:wojIdTeryt>14</sln:wojIdTeryt><sln:wojNazwa>mazowieckie</sln:wojNazwa></sln:miejscowosc><sln:miejscowosc><sln:cyklZyciaOd>2017-03-09T00:00:00+01:00</sln:cyklZyciaOd><sln:gmIIPId>938ca823-940e-4b8c-9de0-ee8c83ade9bc</sln:gmIIPId><sln:gmIIPPn>PL.PZGIK.200</sln:gmIIPPn><sln:gmIIPWersja>2012-09-26T22:54:49+02:00</sln:gmIIPWersja><sln:gmIdTeryt>1421062</sln:gmIdTeryt><sln:gmNazwa>Raszyn</sln:gmNazwa><sln:miejscIIPId>770879f5-5360-4586-9e9f-ed96cc55a19b</sln:miejscIIPId><sln:miejscIIPPn>PL.PZGIK.200</sln:miejscIIPPn><sln:miejscIIPWersja>2017-03-09T08:05:27+02:00</sln:miejscIIPWersja><sln:miejscIdTeryt>0007930</sln:miejscIdTeryt><sln:miejscNazwa>Dawidy</sln:miejscNazwa><sln:miejscRodzaj>Wieś</sln:miejscRodzaj><sln:powIIPId>4d601c02-4693-43d1-85b5-bd17b80d27a8</sln:powIIPId><sln:powIIPPn>PL.PZGIK.200</sln:powIIPPn><sln:powIIPWersja>2012-09-27T08:13:53+02:00</sln:powIIPWersja><sln:powIdTeryt>1421</sln:powIdTeryt><sln:powNazwa>pruszkowski</sln:powNazwa><sln:waznyOd>2010-04-19T00:00:00+02:00</sln:waznyOd><sln:wojIIPId>4b6c492a-eb04-441d-a92a-f44359c06de7</sln:wojIIPId><sln:wojIIPPn>PL.PZGIK.200</sln:wojIIPPn><sln:wojIIPWersja>2012-09-27T13:45:13+02:00</sln:wojIIPWersja><sln:wojIdTeryt>14</sln:wojIdTeryt><sln:wojNazwa>mazowieckie</sln:wojNazwa></sln:miejscowosc><sln:miejscowosc><sln:cyklZyciaOd>2017-03-09T00:00:00+01:00</sln:cyklZyciaOd><sln:gmIIPId>938ca823-940e-4b8c-9de0-ee8c83ade9bc</sln:gmIIPId><sln:gmIIPPn>PL.PZGIK.200</sln:gmIIPPn><sln:gmIIPWersja>2012-09-26T22:54:49+02:00</sln:gmIIPWersja><sln:gmIdTeryt>1421062</sln:gmIdTeryt><sln:gmNazwa>Raszyn</sln:gmNazwa><sln:miejscIIPId>b454ac13-6442-4b28-8580-8f6bb04e6e15</sln:miejscIIPId><sln:miejscIIPPn>PL.PZGIK.200</sln:miejscIIPPn><sln:miejscIIPWersja>2017-03-09T08:05:31+02:00</sln:miejscIIPWersja><sln:miejscIdTeryt>0007947</sln:miejscIdTeryt><sln:miejscNazwa>Dawidy Bankowe</sln:miejscNazwa><sln:miejscRodzaj>Wieś</sln:miejscRodzaj><sln:powIIPId>4d601c02-4693-43d1-85b5-bd17b80d27a8</sln:powIIPId><sln:powIIPPn>PL.PZGIK.200</sln:powIIPPn><sln:powIIPWersja>2012-09-27T08:13:53+02:00</sln:powIIPWersja><sln:powIdTeryt>1421</sln:powIdTeryt><sln:powNazwa>pruszkowski</sln:powNazwa><sln:waznyOd>2010-04-19T00:00:00+02:00</sln:waznyOd><sln:wojIIPId>4b6c492a-eb04-441d-a92a-f44359c06de7</sln:wojIIPId><sln:wojIIPPn>PL.PZGIK.200</sln:wojIIPPn><sln:wojIIPWersja>2012-09-27T13:45:13+02:00</sln:wojIIPWersja><sln:wojIdTeryt>14</sln:wojIdTeryt><sln:wojNazwa>mazowieckie</sln:wojNazwa></sln:miejscowosc><sln:miejscowosc><sln:cyklZyciaOd>2017-03-09T00:00:00+01:00</sln:cyklZyciaOd><sln:gmIIPId>938ca823-940e-4b8c-9de0-ee8c83ade9bc</sln:gmIIPId><sln:gmIIPPn>PL.PZGIK.200</sln:gmIIPPn><sln:gmIIPWersja>2012-09-26T22:54:49+02:00</sln:gmIIPWersja><sln:gmIdTeryt>1421062</sln:gmIdTeryt><sln:gmNazwa>Raszyn</sln:gmNazwa><sln:miejscIIPId>9fe4e8a5-a90d-4451-b3a7-f33f20fc3b34</sln:miejscIIPId><sln:miejscIIPPn>PL.PZGIK.200</sln:miejscIIPPn><sln:miejscIIPWersja>2017-03-09T08:05:32+02:00</sln:miejscIIPWersja><sln:miejscIdTeryt>0007953</sln:miejscIdTeryt><sln:miejscNazwa>Falenty Duże</sln:miejscNazwa><sln:miejscRodzaj>Wieś</sln:miejscRodzaj><sln:powIIPId>4d601c02-4693-43d1-85b5-bd17b80d27a8</sln:powIIPId><sln:powIIPPn>PL.PZGIK.200</sln:powIIPPn><sln:powIIPWersja>2012-09-27T08:13:53+02:00</sln:powIIPWersja><sln:powIdTeryt>1421</sln:powIdTeryt><sln:powNazwa>pruszkowski</sln:powNazwa><sln:waznyOd>2010-04-19T00:00:00+02:00</sln:waznyOd><sln:wojIIPId>4b6c492a-eb04-441d-a92a-f44359c06de7</sln:wojIIPId><sln:wojIIPPn>PL.PZGIK.200</sln:wojIIPPn><sln:wojIIPWersja>2012-09-27T13:45:13+02:00</sln:wojIIPWersja><sln:wojIdTeryt>14</sln:wojIdTeryt><sln:wojNazwa>mazowieckie</sln:wojNazwa></sln:miejscowosc><sln:miejscowosc><sln:cyklZyciaOd>2017-03-09T00:00:00+01:00</sln:cyklZyciaOd><sln:gmIIPId>938ca823-940e-4b8c-9de0-ee8c83ade9bc</sln:gmIIPId><sln:gmIIPPn>PL.PZGIK.200</sln:gmIIPPn><sln:gmIIPWersja>2012-09-26T22:54:49+02:00</sln:gmIIPWersja><sln:gmIdTeryt>1421062</sln:gmIdTeryt><sln:gmNazwa>Raszyn</sln:gmNazwa><sln:miejscIIPId>c562378c-cea1-4651-8d82-39bed5534c24</sln:miejscIIPId><sln:miejscIIPPn>PL.PZGIK.200</sln:miejscIIPPn><sln:miejscIIPWersja>2017-03-09T08:05:32+02:00</sln:miejscIIPWersja><sln:miejscIdTeryt>0007960</sln:miejscIdTeryt><sln:miejscNazwa>Falenty</sln:miejscNazwa><sln:miejscRodzaj>Osada</sln:miejscRodzaj><sln:powIIPId>4d601c02-4693-43d1-85b5-bd17b80d27a8</sln:powIIPId><sln:powIIPPn>PL.PZGIK.200</sln:powIIPPn><sln:powIIPWersja>2012-09-27T08:13:53+02:00</sln:powIIPWersja><sln:powIdTeryt>1421</sln:powIdTeryt><sln:powNazwa>pruszkowski</sln:powNazwa><sln:waznyOd>2010-04-19T00:00:00+02:00</sln:waznyOd><sln:wojIIPId>4b6c492a-eb04-441d-a92a-f44359c06de7</sln:wojIIPId><sln:wojIIPPn>PL.PZGIK.200</sln:wojIIPPn><sln:wojIIPWersja>2012-09-27T13:45:13+02:00</sln:wojIIPWersja><sln:wojIdTeryt>14</sln:wojIdTeryt><sln:wojNazwa>mazowieckie</sln:wojNazwa></sln:miejscowosc><sln:miejscowosc><sln:cyklZyciaOd>2017-03-09T00:00:00+01:00</sln:cyklZyciaOd><sln:gmIIPId>938ca823-940e-4b8c-9de0-ee8c83ade9bc</sln:gmIIPId><sln:gmIIPPn>PL.PZGIK.200</sln:gmIIPPn><sln:gmIIPWersja>2012-09-26T22:54:49+02:00</sln:gmIIPWersja><sln:gmIdTeryt>1421062</sln:gmIdTeryt><sln:gmNazwa>Raszyn</sln:gmNazwa><sln:miejscIIPId>716336a9-9580-4fac-9e08-ca4f434341ff</sln:miejscIIPId><sln:miejscIIPPn>PL.PZGIK.200</sln:miejscIIPPn><sln:miejscIIPWersja>2017-03-09T08:05:32+02:00</sln:miejscIIPWersja><sln:miejscIdTeryt>0007976</sln:miejscIdTeryt><sln:miejscNazwa>Janki</sln:miejscNazwa><sln:miejscRodzaj>Wieś</sln:miejscRodzaj><sln:powIIPId>4d601c02-4693-43d1-85b5-bd17b80d27a8</sln:powIIPId><sln:powIIPPn>PL.PZGIK.200</sln:powIIPPn><sln:powIIPWersja>2012-09-27T08:13:53+02:00</sln:powIIPWersja><sln:powIdTeryt>1421</sln:powIdTeryt><sln:powNazwa>pruszkowski</sln:powNazwa><sln:waznyOd>2010-04-19T00:00:00+02:00</sln:waznyOd><sln:wojIIPId>4b6c492a-eb04-441d-a92a-f44359c06de7</sln:wojIIPId><sln:wojIIPPn>PL.PZGIK.200</sln:wojIIPPn><sln:wojIIPWersja>2012-09-27T13:45:13+02:00</sln:wojIIPWersja><sln:wojIdTeryt>14</sln:wojIdTeryt><sln:wojNazwa>mazowieckie</sln:wojNazwa></sln:miejscowosc><sln:miejscowosc><sln:cyklZyciaOd>2017-03-09T00:00:00+01:00</sln:cyklZyciaOd><sln:gmIIPId>938ca823-940e-4b8c-9de0-ee8c83ade9bc</sln:gmIIPId><sln:gmIIPPn>PL.PZGIK.200</sln:gmIIPPn><sln:gmIIPWersja>2012-09-26T22:54:49+02:00</sln:gmIIPWersja><sln:gmIdTeryt>1421062</sln:gmIdTeryt><sln:gmNazwa>Raszyn</sln:gmNazwa><sln:miejscIIPId>cebc9846-fe40-4f12-8395-dbff72a609ab</sln:miejscIIPId><sln:miejscIIPPn>PL.PZGIK.200</sln:miejscIIPPn><sln:miejscIIPWersja>2017-03-09T08:05:32+02:00</sln:miejscIIPWersja><sln:miejscIdTeryt>0007982</sln:miejscIdTeryt><sln:miejscNazwa>Jaworowa</sln:miejscNazwa><sln:miejscRodzaj>Wieś</sln:miejscRodzaj><sln:powIIPId>4d601c02-4693-43d1-85b5-bd17b80d27a8</sln:powIIPId><sln:powIIPPn>PL.PZGIK.200</sln:powIIPPn><sln:powIIPWersja>2012-09-27T08:13:53+02:00</sln:powIIPWersja><sln:powIdTeryt>1421</sln:powIdTeryt><sln:powNazwa>pruszkowski</sln:powNazwa><sln:waznyOd>2010-04-19T00:00:00+02:00</sln:waznyOd><sln:wojIIPId>4b6c492a-eb04-441d-a92a-f44359c06de7</sln:wojIIPId><sln:wojIIPPn>PL.PZGIK.200</sln:wojIIPPn><sln:wojIIPWersja>2012-09-27T13:45:13+02:00</sln:wojIIPWersja><sln:wojIdTeryt>14</sln:wojIdTeryt><sln:wojNazwa>mazowieckie</sln:wojNazwa></sln:miejscowosc><sln:miejscowosc><sln:cyklZyciaOd>2017-03-09T00:00:00+01:00</sln:cyklZyciaOd><sln:gmIIPId>938ca823-940e-4b8c-9de0-ee8c83ade9bc</sln:gmIIPId><sln:gmIIPPn>PL.PZGIK.200</sln:gmIIPPn><sln:gmIIPWersja>2012-09-26T22:54:49+02:00</sln:gmIIPWersja><sln:gmIdTeryt>1421062</sln:gmIdTeryt><sln:gmNazwa>Raszyn</sln:gmNazwa><sln:miejscIIPId>04846a81-99f7-449d-9330-28dbc2f9913a</sln:miejscIIPId><sln:miejscIIPPn>PL.PZGIK.200</sln:miejscIIPPn><sln:miejscIIPWersja>2017-03-09T08:05:32+02:00</sln:miejscIIPWersja><sln:miejscIdTeryt>0007999</sln:miejscIdTeryt><sln:miejscNazwa>Laszczki</sln:miejscNazwa><sln:miejscRodzaj>Wieś</sln:miejscRodzaj><sln:powIIPId>4d601c02-4693-43d1-85b5-bd17b80d27a8</sln:powIIPId><sln:powIIPPn>PL.PZGIK.200</sln:powIIPPn><sln:powIIPWersja>2012-09-27T08:13:53+02:00</sln:powIIPWersja><sln:powIdTeryt>1421</sln:powIdTeryt><sln:powNazwa>pruszkowski</sln:powNazwa><sln:waznyOd>2010-04-19T00:00:00+02:00</sln:waznyOd><sln:wojIIPId>4b6c492a-eb04-441d-a92a-f44359c06de7</sln:wojIIPId><sln:wojIIPPn>PL.PZGIK.200</sln:wojIIPPn><sln:wojIIPWersja>2012-09-27T13:45:13+02:00</sln:wojIIPWersja><sln:wojIdTeryt>14</sln:wojIdTeryt><sln:wojNazwa>mazowieckie</sln:wojNazwa></sln:miejscowosc><sln:miejscowosc><sln:cyklZyciaOd>2017-03-09T00:00:00+01:00</sln:cyklZyciaOd><sln:gmIIPId>938ca823-940e-4b8c-9de0-ee8c83ade9bc</sln:gmIIPId><sln:gmIIPPn>PL.PZGIK.200</sln:gmIIPPn><sln:gmIIPWersja>2012-09-26T22:54:49+02:00</sln:gmIIPWersja><sln:gmIdTeryt>1421062</sln:gmIdTeryt><sln:gmNazwa>Raszyn</sln:gmNazwa><sln:miejscIIPId>2f209715-3dcb-48da-988a-38ebcfe7fb18</sln:miejscIIPId><sln:miejscIIPPn>PL.PZGIK.200</sln:miejscIIPPn><sln:miejscIIPWersja>2017-03-09T08:05:32+02:00</sln:miejscIIPWersja><sln:miejscIdTeryt>0008007</sln:miejscIdTeryt><sln:miejscNazwa>Łady</sln:miejscNazwa><sln:miejscRodzaj>Wieś</sln:miejscRodzaj><sln:powIIPId>4d601c02-4693-43d1-85b5-bd17b80d27a8</sln:powIIPId><sln:powIIPPn>PL.PZGIK.200</sln:powIIPPn><sln:powIIPWersja>2012-09-27T08:13:53+02:00</sln:powIIPWersja><sln:powIdTeryt>1421</sln:powIdTeryt><sln:powNazwa>pruszkowski</sln:powNazwa><sln:waznyOd>2010-04-19T00:00:00+02:00</sln:waznyOd><sln:wojIIPId>4b6c492a-eb04-441d-a92a-f44359c06de7</sln:wojIIPId><sln:wojIIPPn>PL.PZGIK.200</sln:wojIIPPn><sln:wojIIPWersja>2012-09-27T13:45:13+02:00</sln:wojIIPWersja><sln:wojIdTeryt>14</sln:wojIdTeryt><sln:wojNazwa>mazowieckie</sln:wojNazwa></sln:miejscowosc><sln:miejscowosc><sln:cyklZyciaOd>2017-03-09T00:00:00+01:00</sln:cyklZyciaOd><sln:gmIIPId>938ca823-940e-4b8c-9de0-ee8c83ade9bc</sln:gmIIPId><sln:gmIIPPn>PL.PZGIK.200</sln:gmIIPPn><sln:gmIIPWersja>2012-09-26T22:54:49+02:00</sln:gmIIPWersja><sln:gmIdTeryt>1421062</sln:gmIdTeryt><sln:gmNazwa>Raszyn</sln:gmNazwa><sln:miejscIIPId>5d292ea3-2723-4c2f-af39-495ecb012e87</sln:miejscIIPId><sln:miejscIIPPn>PL.PZGIK.200</sln:miejscIIPPn><sln:miejscIIPWersja>2017-03-09T08:05:32+02:00</sln:miejscIIPWersja><sln:miejscIdTeryt>0008013</sln:miejscIdTeryt><sln:miejscNazwa>Falenty Nowe</sln:miejscNazwa><sln:miejscRodzaj>Wieś</sln:miejscRodzaj><sln:powIIPId>4d601c02-4693-43d1-85b5-bd17b80d27a8</sln:powIIPId><sln:powIIPPn>PL.PZGIK.200</sln:powIIPPn><sln:powIIPWersja>2012-09-27T08:13:53+02:00</sln:powIIPWersja><sln:powIdTeryt>1421</sln:powIdTeryt><sln:powNazwa>pruszkowski</sln:powNazwa><sln:waznyOd>2010-04-19T00:00:00+02:00</sln:waznyOd><sln:wojIIPId>4b6c492a-eb04-441d-a92a-f44359c06de7</sln:wojIIPId><sln:wojIIPPn>PL.PZGIK.200</sln:wojIIPPn><sln:wojIIPWersja>2012-09-27T13:45:13+02:00</sln:wojIIPWersja><sln:wojIdTeryt>14</sln:wojIdTeryt><sln:wojNazwa>mazowieckie</sln:wojNazwa></sln:miejscowosc><sln:miejscowosc><sln:cyklZyciaOd>2017-03-09T00:00:00+01:00</sln:cyklZyciaOd><sln:gmIIPId>938ca823-940e-4b8c-9de0-ee8c83ade9bc</sln:gmIIPId><sln:gmIIPPn>PL.PZGIK.200</sln:gmIIPPn><sln:gmIIPWersja>2012-09-26T22:54:49+02:00</sln:gmIIPWersja><sln:gmIdTeryt>1421062</sln:gmIdTeryt><sln:gmNazwa>Raszyn</sln:gmNazwa><sln:miejscIIPId>1d804c2b-4ec2-468e-a97d-47ab8a1bebb4</sln:miejscIIPId><sln:miejscIIPPn>PL.PZGIK.200</sln:miejscIIPPn><sln:miejscIIPWersja>2017-03-09T08:05:32+02:00</sln:miejscIIPWersja><sln:miejscIdTeryt>0008020</sln:miejscIdTeryt><sln:miejscNazwa>Nowe Grocholice</sln:miejscNazwa><sln:miejscRodzaj>Wieś</sln:miejscRodzaj><sln:powIIPId>4d601c02-4693-43d1-85b5-bd17b80d27a8</sln:powIIPId><sln:powIIPPn>PL.PZGIK.200</sln:powIIPPn><sln:powIIPWersja>2012-09-27T08:13:53+02:00</sln:powIIPWersja><sln:powIdTeryt>1421</sln:powIdTeryt><sln:powNazwa>pruszkowski</sln:powNazwa><sln:waznyOd>2010-04-19T00:00:00+02:00</sln:waznyOd><sln:wojIIPId>4b6c492a-eb04-441d-a92a-f44359c06de7</sln:wojIIPId><sln:wojIIPPn>PL.PZGIK.200</sln:wojIIPPn><sln:wojIIPWersja>2012-09-27T13:45:13+02:00</sln:wojIIPWersja><sln:wojIdTeryt>14</sln:wojIdTeryt><sln:wojNazwa>mazowieckie</sln:wojNazwa></sln:miejscowosc><sln:miejscowosc><sln:cyklZyciaOd>2017-03-09T00:00:00+01:00</sln:cyklZyciaOd><sln:gmIIPId>938ca823-940e-4b8c-9de0-ee8c83ade9bc</sln:gmIIPId><sln:gmIIPPn>PL.PZGIK.200</sln:gmIIPPn><sln:gmIIPWersja>2012-09-26T22:54:49+02:00</sln:gmIIPWersja><sln:gmIdTeryt>1421062</sln:gmIdTeryt><sln:gmNazwa>Raszyn</sln:gmNazwa><sln:miejscIIPId>4565031a-3b01-4f8a-987c-17fb16f6cae0</sln:miejscIIPId><sln:miejscIIPPn>PL.PZGIK.200</sln:miejscIIPPn><sln:miejscIIPWersja>2017-03-09T08:05:32+02:00</sln:miejscIIPWersja><sln:miejscIdTeryt>0008036</sln:miejscIdTeryt><sln:miejscNazwa>Podolszyn Nowy</sln:miejscNazwa><sln:miejscRodzaj>Wieś</sln:miejscRodzaj><sln:powIIPId>4d601c02-4693-43d1-85b5-bd17b80d27a8</sln:powIIPId><sln:powIIPPn>PL.PZGIK.200</sln:powIIPPn><sln:powIIPWersja>2012-09-27T08:13:53+02:00</sln:powIIPWersja><sln:powIdTeryt>1421</sln:powIdTeryt><sln:powNazwa>pruszkowski</sln:powNazwa><sln:waznyOd>2010-04-19T00:00:00+02:00</sln:waznyOd><sln:wojIIPId>4b6c492a-eb04-441d-a92a-f44359c06de7</sln:wojIIPId><sln:wojIIPPn>PL.PZGIK.200</sln:wojIIPPn><sln:wojIIPWersja>2012-09-27T13:45:13+02:00</sln:wojIIPWersja><sln:wojIdTeryt>14</sln:wojIdTeryt><sln:wojNazwa>mazowieckie</sln:wojNazwa></sln:miejscowosc><sln:miejscowosc><sln:cyklZyciaOd>2017-03-09T00:00:00+01:00</sln:cyklZyciaOd><sln:gmIIPId>938ca823-940e-4b8c-9de0-ee8c83ade9bc</sln:gmIIPId><sln:gmIIPPn>PL.PZGIK.200</sln:gmIIPPn><sln:gmIIPWersja>2012-09-26T22:54:49+02:00</sln:gmIIPWersja><sln:gmIdTeryt>1421062</sln:gmIdTeryt><sln:gmNazwa>Raszyn</sln:gmNazwa><sln:miejscIIPId>5b473b49-284a-489b-94bf-ce218d13512c</sln:miejscIIPId><sln:miejscIIPPn>PL.PZGIK.200</sln:miejscIIPPn><sln:miejscIIPWersja>2017-03-09T08:05:32+02:00</sln:miejscIIPWersja><sln:miejscIdTeryt>0008042</sln:miejscIdTeryt><sln:miejscNazwa>Sękocin Nowy</sln:miejscNazwa><sln:miejscRodzaj>Wieś</sln:miejscRodzaj><sln:powIIPId>4d601c02-4693-43d1-85b5-bd17b80d27a8</sln:powIIPId><sln:powIIPPn>PL.PZGIK.200</sln:powIIPPn><sln:powIIPWersja>2012-09-27T08:13:53+02:00</sln:powIIPWersja><sln:powIdTeryt>1421</sln:powIdTeryt><sln:powNazwa>pruszkowski</sln:powNazwa><sln:waznyOd>2010-04-19T00:00:00+02:00</sln:waznyOd><sln:wojIIPId>4b6c492a-eb04-441d-a92a-f44359c06de7</sln:wojIIPId><sln:wojIIPPn>PL.PZGIK.200</sln:wojIIPPn><sln:wojIIPWersja>2012-09-27T13:45:13+02:00</sln:wojIIPWersja><sln:wojIdTeryt>14</sln:wojIdTeryt><sln:wojNazwa>mazowieckie</sln:wojNazwa></sln:miejscowosc><sln:miejscowosc><sln:cyklZyciaOd>2017-03-09T00:00:00+01:00</sln:cyklZyciaOd><sln:gmIIPId>938ca823-940e-4b8c-9de0-ee8c83ade9bc</sln:gmIIPId><sln:gmIIPPn>PL.PZGIK.200</sln:gmIIPPn><sln:gmIIPWersja>2012-09-26T22:54:49+02:00</sln:gmIIPWersja><sln:gmIdTeryt>1421062</sln:gmIdTeryt><sln:gmNazwa>Raszyn</sln:gmNazwa><sln:miejscIIPId>b4f77be8-b04b-4be7-b9cf-2139f1995d8e</sln:miejscIIPId><sln:miejscIIPPn>PL.PZGIK.200</sln:miejscIIPPn><sln:miejscIIPWersja>2017-03-09T08:05:32+02:00</sln:miejscIIPWersja><sln:miejscIdTeryt>0008059</sln:miejscIdTeryt><sln:miejscNazwa>Puchały</sln:miejscNazwa><sln:miejscRodzaj>Wieś</sln:miejscRodzaj><sln:powIIPId>4d601c02-4693-43d1-85b5-bd17b80d27a8</sln:powIIPId><sln:powIIPPn>PL.PZGIK.200</sln:powIIPPn><sln:powIIPWersja>2012-09-27T08:13:53+02:00</sln:powIIPWersja><sln:powIdTeryt>1421</sln:powIdTeryt><sln:powNazwa>pruszkowski</sln:powNazwa><sln:waznyOd>2010-04-19T00:00:00+02:00</sln:waznyOd><sln:wojIIPId>4b6c492a-eb04-441d-a92a-f44359c06de7</sln:wojIIPId><sln:wojIIPPn>PL.PZGIK.200</sln:wojIIPPn><sln:wojIIPWersja>2012-09-27T13:45:13+02:00</sln:wojIIPWersja><sln:wojIdTeryt>14</sln:wojIdTeryt><sln:wojNazwa>mazowieckie</sln:wojNazwa></sln:miejscowosc><sln:miejscowosc><sln:cyklZyciaOd>2017-03-09T00:00:00+01:00</sln:cyklZyciaOd><sln:gmIIPId>938ca823-940e-4b8c-9de0-ee8c83ade9bc</sln:gmIIPId><sln:gmIIPPn>PL.PZGIK.200</sln:gmIIPPn><sln:gmIIPWersja>2012-09-26T22:54:49+02:00</sln:gmIIPWersja><sln:gmIdTeryt>1421062</sln:gmIdTeryt><sln:gmNazwa>Raszyn</sln:gmNazwa><sln:miejscIIPId>d173c26d-4da1-4672-b45b-339801bbc244</sln:miejscIIPId><sln:miejscIIPPn>PL.PZGIK.200</sln:miejscIIPPn><sln:miejscIIPWersja>2017-03-09T08:05:32+02:00</sln:miejscIIPWersja><sln:miejscIdTeryt>0008065</sln:miejscIdTeryt><sln:miejscNazwa>Raszyn</sln:miejscNazwa><sln:miejscRodzaj>Wieś</sln:miejscRodzaj><sln:powIIPId>4d601c02-4693-43d1-85b5-bd17b80d27a8</sln:powIIPId><sln:powIIPPn>PL.PZGIK.200</sln:powIIPPn><sln:powIIPWersja>2012-09-27T08:13:53+02:00</sln:powIIPWersja><sln:powIdTeryt>1421</sln:powIdTeryt><sln:powNazwa>pruszkowski</sln:powNazwa><sln:waznyOd>2010-04-19T00:00:00+02:00</sln:waznyOd><sln:wojIIPId>4b6c492a-eb04-441d-a92a-f44359c06de7</sln:wojIIPId><sln:wojIIPPn>PL.PZGIK.200</sln:wojIIPPn><sln:wojIIPWersja>2012-09-27T13:45:13+02:00</sln:wojIIPWersja><sln:wojIdTeryt>14</sln:wojIdTeryt><sln:wojNazwa>mazowieckie</sln:wojNazwa></sln:miejscowosc><sln:miejscowosc><sln:cyklZyciaOd>2017-03-09T00:00:00+01:00</sln:cyklZyciaOd><sln:gmIIPId>938ca823-940e-4b8c-9de0-ee8c83ade9bc</sln:gmIIPId><sln:gmIIPPn>PL.PZGIK.200</sln:gmIIPPn><sln:gmIIPWersja>2012-09-26T22:54:49+02:00</sln:gmIIPWersja><sln:gmIdTeryt>1421062</sln:gmIdTeryt><sln:gmNazwa>Raszyn</sln:gmNazwa><sln:miejscIIPId>13db1d29-d572-4eab-b707-b21a752ac6a1</sln:miejscIIPId><sln:miejscIIPPn>PL.PZGIK.200</sln:miejscIIPPn><sln:miejscIIPWersja>2017-03-09T08:05:32+02:00</sln:miejscIIPWersja><sln:miejscIdTeryt>0008071</sln:miejscIdTeryt><sln:miejscNazwa>Rybie</sln:miejscNazwa><sln:miejscRodzaj>Wieś</sln:miejscRodzaj><sln:powIIPId>4d601c02-4693-43d1-85b5-bd17b80d27a8</sln:powIIPId><sln:powIIPPn>PL.PZGIK.200</sln:powIIPPn><sln:powIIPWersja>2012-09-27T08:13:53+02:00</sln:powIIPWersja><sln:powIdTeryt>1421</sln:powIdTeryt><sln:powNazwa>pruszkowski</sln:powNazwa><sln:waznyOd>2010-04-19T00:00:00+02:00</sln:waznyOd><sln:wojIIPId>4b6c492a-eb04-441d-a92a-f44359c06de7</sln:wojIIPId><sln:wojIIPPn>PL.PZGIK.200</sln:wojIIPPn><sln:wojIIPWersja>2012-09-27T13:45:13+02:00</sln:wojIIPWersja><sln:wojIdTeryt>14</sln:wojIdTeryt><sln:wojNazwa>mazowieckie</sln:wojNazwa></sln:miejscowosc><sln:miejscowosc><sln:cyklZyciaOd>2017-03-09T00:00:00+01:00</sln:cyklZyciaOd><sln:gmIIPId>938ca823-940e-4b8c-9de0-ee8c83ade9bc</sln:gmIIPId><sln:gmIIPPn>PL.PZGIK.200</sln:gmIIPPn><sln:gmIIPWersja>2012-09-26T22:54:49+02:00</sln:gmIIPWersja><sln:gmIdTeryt>1421062</sln:gmIdTeryt><sln:gmNazwa>Raszyn</sln:gmNazwa><sln:miejscIIPId>3f091e23-d118-4c03-90ab-94e35c5603ac</sln:miejscIIPId><sln:miejscIIPPn>PL.PZGIK.200</sln:miejscIIPPn><sln:miejscIIPWersja>2017-03-09T08:05:32+02:00</sln:miejscIIPWersja><sln:miejscIdTeryt>0008088</sln:miejscIdTeryt><sln:miejscNazwa>Słomin</sln:miejscNazwa><sln:miejscRodzaj>Wieś</sln:miejscRodzaj><sln:powIIPId>4d601c02-4693-43d1-85b5-bd17b80d27a8</sln:powIIPId><sln:powIIPPn>PL.PZGIK.200</sln:powIIPPn><sln:powIIPWersja>2012-09-27T08:13:53+02:00</sln:powIIPWersja><sln:powIdTeryt>1421</sln:powIdTeryt><sln:powNazwa>pruszkowski</sln:powNazwa><sln:waznyOd>2010-04-19T00:00:00+02:00</sln:waznyOd><sln:wojIIPId>4b6c492a-eb04-441d-a92a-f44359c06de7</sln:wojIIPId><sln:wojIIPPn>PL.PZGIK.200</sln:wojIIPPn><sln:wojIIPWersja>2012-09-27T13:45:13+02:00</sln:wojIIPWersja><sln:wojIdTeryt>14</sln:wojIdTeryt><sln:wojNazwa>mazowieckie</sln:wojNazwa></sln:miejscowosc><sln:miejscowosc><sln:cyklZyciaOd>2017-03-09T00:00:00+01:00</sln:cyklZyciaOd><sln:gmIIPId>938ca823-940e-4b8c-9de0-ee8c83ade9bc</sln:gmIIPId><sln:gmIIPPn>PL.PZGIK.200</sln:gmIIPPn><sln:gmIIPWersja>2012-09-26T22:54:49+02:00</sln:gmIIPWersja><sln:gmIdTeryt>1421062</sln:gmIdTeryt><sln:gmNazwa>Raszyn</sln:gmNazwa><sln:miejscIIPId>1bb6fb47-fc85-4d14-b095-0715a95c91da</sln:miejscIIPId><sln:miejscIIPPn>PL.PZGIK.200</sln:miejscIIPPn><sln:miejscIIPWersja>2017-03-09T08:05:32+02:00</sln:miejscIIPWersja><sln:miejscIdTeryt>0008094</sln:miejscIdTeryt><sln:miejscNazwa>Sękocin Stary</sln:miejscNazwa><sln:miejscRodzaj>Wieś</sln:miejscRodzaj><sln:powIIPId>4d601c02-4693-43d1-85b5-bd17b80d27a8</sln:powIIPId><sln:powIIPPn>PL.PZGIK.200</sln:powIIPPn><sln:powIIPWersja>2012-09-27T08:13:53+02:00</sln:powIIPWersja><sln:powIdTeryt>1421</sln:powIdTeryt><sln:powNazwa>pruszkowski</sln:powNazwa><sln:waznyOd>2010-04-19T00:00:00+02:00</sln:waznyOd><sln:wojIIPId>4b6c492a-eb04-441d-a92a-f44359c06de7</sln:wojIIPId><sln:wojIIPPn>PL.PZGIK.200</sln:wojIIPPn><sln:wojIIPWersja>2012-09-27T13:45:13+02:00</sln:wojIIPWersja><sln:wojIdTeryt>14</sln:wojIdTeryt><sln:wojNazwa>mazowieckie</sln:wojNazwa></sln:miejscowosc><sln:miejscowosc><sln:cyklZyciaOd>2017-03-09T00:00:00+01:00</sln:cyklZyciaOd><sln:gmIIPId>938ca823-940e-4b8c-9de0-ee8c83ade9bc</sln:gmIIPId><sln:gmIIPPn>PL.PZGIK.200</sln:gmIIPPn><sln:gmIIPWersja>2012-09-26T22:54:49+02:00</sln:gmIIPWersja><sln:gmIdTeryt>1421062</sln:gmIdTeryt><sln:gmNazwa>Raszyn</sln:gmNazwa><sln:miejscIIPId>cb76442a-86db-4411-a4a8-793f16d0c68f</sln:miejscIIPId><sln:miejscIIPPn>PL.PZGIK.200</sln:miejscIIPPn><sln:miejscIIPWersja>2017-03-09T08:05:32+02:00</sln:miejscIIPWersja><sln:miejscIdTeryt>0008119</sln:miejscIdTeryt><sln:miejscNazwa>Sękocin Las</sln:miejscNazwa><sln:miejscRodzaj>Osada leśna</sln:miejscRodzaj><sln:powIIPId>4d601c02-4693-43d1-85b5-bd17b80d27a8</sln:powIIPId><sln:powIIPPn>PL.PZGIK.200</sln:powIIPPn><sln:powIIPWersja>2012-09-27T08:13:53+02:00</sln:powIIPWersja><sln:powIdTeryt>1421</sln:powIdTeryt><sln:powNazwa>pruszkowski</sln:powNazwa><sln:waznyOd>2014-12-03T00:00:00+01:00</sln:waznyOd><sln:wojIIPId>4b6c492a-eb04-441d-a92a-f44359c06de7</sln:wojIIPId><sln:wojIIPPn>PL.PZGIK.200</sln:wojIIPPn><sln:wojIIPWersja>2012-09-27T13:45:13+02:00</sln:wojIIPWersja><sln:wojIdTeryt>14</sln:wojIdTeryt><sln:wojNazwa>mazowieckie</sln:wojNazwa></sln:miejscowosc><sln:miejscowosc><sln:cyklZyciaOd>2017-03-09T00:00:00+01:00</sln:cyklZyciaOd><sln:gmIIPId>938ca823-940e-4b8c-9de0-ee8c83ade9bc</sln:gmIIPId><sln:gmIIPPn>PL.PZGIK.200</sln:gmIIPPn><sln:gmIIPWersja>2012-09-26T22:54:49+02:00</sln:gmIIPWersja><sln:gmIdTeryt>1421062</sln:gmIdTeryt><sln:gmNazwa>Raszyn</sln:gmNazwa><sln:miejscIIPId>9aed6ea7-74db-400e-a578-7f2d98022c0c</sln:miejscIIPId><sln:miejscIIPPn>PL.PZGIK.200</sln:miejscIIPPn><sln:miejscIIPWersja>2017-03-09T08:05:32+02:00</sln:miejscIIPWersja><sln:miejscIdTeryt>0008125</sln:miejscIdTeryt><sln:miejscNazwa>Wypędy</sln:miejscNazwa><sln:miejscRodzaj>Wieś</sln:miejscRodzaj><sln:powIIPId>4d601c02-4693-43d1-85b5-bd17b80d27a8</sln:powIIPId><sln:powIIPPn>PL.PZGIK.200</sln:powIIPPn><sln:powIIPWersja>2012-09-27T08:13:53+02:00</sln:powIIPWersja><sln:powIdTeryt>1421</sln:powIdTeryt><sln:powNazwa>pruszkowski</sln:powNazwa><sln:waznyOd>2010-04-19T00:00:00+02:00</sln:waznyOd><sln:wojIIPId>4b6c492a-eb04-441d-a92a-f44359c06de7</sln:wojIIPId><sln:wojIIPPn>PL.PZGIK.200</sln:wojIIPPn><sln:wojIIPWersja>2012-09-27T13:45:13+02:00</sln:wojIIPWersja><sln:wojIdTeryt>14</sln:wojIdTeryt><sln:wojNazwa>mazowieckie</sln:wojNazwa></sln:miejscowosc></sln:lista-miejscowosci>