<?xml version="1.0" encoding="UTF-8" standalone="yes"?><sln:lista-miejscowosci xmlns:srv="http://gugik.gov.pl/schemas/slowniki-service/1.0" xmlns:sln="http://gugik.gov.pl/schemas/slowniki-schema/1.0"><sln:miejscowosc><sln:cyklZyciaDo>2017-03-29T00:00:00+02:00</sln:cyklZyciaDo><sln:cyklZyciaOd>2015-02-19T00:00:00+01:00</sln:cyklZyciaOd><sln:gmIIPId>840d1e88-b3ec-46ee-bea7-880ccd5574fa</sln:gmIIPId><sln:gmIIPPn>PL.PZGIK.200</sln:gmIIPPn><sln:gmIIPWersja>2012-09-26T21:59:01+02:00</sln:gmIIPWersja><sln:gmIdTeryt>1464011</sln:gmIdTeryt><sln:gmNazwa>Siedlce</sln:gmNazwa><sln:miejscIIPId>e7f08494-bff7-423f-aad9-dfd6ae8023cf</sln:miejscIIPId><sln:miejscIIPPn>PL.PZGIK.200</sln:miejscIIPPn><sln:miejscIIPWersja>2016-11-24T13:18:01+02:00</sln:miejscIIPWersja><sln:miejscIdTeryt>0975173</sln:miejscIdTeryt><sln:miejscNazwa>Siedlce</sln:miejscNazwa><sln:miejscRodzaj>Inny obiekt</sln:miejscRodzaj><sln:powIIPId>334357f9-a2dc-406e-8c17-b3f02e1ba3b9</sln:powIIPId><sln:powIIPPn>PL.PZGIK.200</sln:powIIPPn><sln:powIIPWersja>2012-09-27T08:13:53+02:00</sln:powIIPWersja><sln:powIdTeryt>1464</sln:powIdTeryt><sln:powNazwa>Siedlce</sln:powNazwa><sln:waznyOd>2012-11-02T00:00:00+01:00</sln:waznyOd><sln:wojIIPId>4b6c492a-eb04-441d-a92a-f44359c06de7</sln:wojIIPId><sln:wojIIPPn>PL.PZGIK.200</sln:wojIIPPn><sln:wojIIPWersja>2012-09-27T13:45:13+02:00</sln:wojIIPWersja><sln:wojIdTeryt>14</sln:wojIdTeryt><sln:wojNazwa>mazowieckie</sln:wojNazwa></sln:miejscowosc><sln:miejscowosc><sln:cyklZyciaOd>2017-03-29T00:00:00+02:00</sln:cyklZyciaOd><sln:gmIIPId>840d1e88-b3ec-46ee-bea7-880ccd5574fa</sln:gmIIPId><sln:gmIIPPn>PL.PZGIK.200</sln:gmIIPPn><sln:gmIIPWersja>2012-09-26T21:59:01+02:00</sln:gmIIPWersja><sln:gmIdTeryt>1464011</sln:gmIdTeryt><sln:gmNazwa>Siedlce</sln:gmNazwa><sln:miejscIIPId>e7f08494-bff7-423f-aad9-dfd6ae8023cf</sln:miejscIIPId><sln:miejscIIPPn>PL.PZGIK.200</sln:miejscIIPPn><sln:miejscIIPWersja>2017-03-29T12:29:17+02:00</sln:miejscIIPWersja><sln:miejscIdTeryt>0975173</sln:miejscIdTeryt><sln:miejscNazwa>Siedlce</sln:miejscNazwa><sln:miejscRodzaj>Miasto</sln:miejscRodzaj><sln:powIIPId>334357f9-a2dc-406e-8c17-b3f02e1ba3b9</sln:powIIPId><sln:powIIPPn>PL.PZGIK.200</sln:powIIPPn><sln:powIIPWersja>2012-09-27T08:13:53+02:00</sln:powIIPWersja><sln:powIdTeryt>1464</sln:powIdTeryt><sln:powNazwa>Siedlce</sln:powNazwa><sln:waznyOd>2012-11-02T00:00:00+01:00</sln:waznyOd><sln:wojIIPId>4b6c492a-eb04-441d-a92a-f44359c06de7</sln:wojIIPId><sln:wojIIPPn>PL.PZGIK.200</sln:wojIIPPn><sln:wojIIPWersja>2012-09-27T13:45:13+02:00</sln:wojIIPWersja><sln:wojIdTeryt>14</sln:wojIdTeryt><sln:wojNazwa>mazowieckie</sln:wojNazwa></sln:miejscowosc></sln:lista-miejscowosci>