<?xml version="1.0" encoding="UTF-8" standalone="yes"?><sln:lista-miejscowosci xmlns:srv="http://gugik.gov.pl/schemas/slowniki-service/1.0" xmlns:sln="http://gugik.gov.pl/schemas/slowniki-schema/1.0"><sln:miejscowosc><sln:cyklZyciaDo>2016-11-26T00:00:00+01:00</sln:cyklZyciaDo><sln:cyklZyciaOd>2014-09-25T00:00:00+02:00</sln:cyklZyciaOd><sln:gmIIPId>709a191f-e0c6-4b04-9e69-ca8dd57140cd</sln:gmIIPId><sln:gmIIPPn>PL.PZGIK.200</sln:gmIIPPn><sln:gmIIPWersja>2012-09-26T22:54:38+02:00</sln:gmIIPWersja><sln:gmIdTeryt>1420011</sln:gmIdTeryt><sln:gmNazwa>Płońsk</sln:gmNazwa><sln:miejscIIPId>9003ffb0-62b6-4dd6-815c-068760892140</sln:miejscIIPId><sln:miejscIIPPn>PL.PZGIK.200</sln:miejscIIPPn><sln:miejscIIPWersja>2016-11-24T13:27:56+02:00</sln:miejscIIPWersja><sln:miejscIdTeryt>3000006</sln:miejscIdTeryt><sln:miejscNazwa>Osiedle Wedlowskie</sln:miejscNazwa><sln:miejscRodzaj>Inny obiekt</sln:miejscRodzaj><sln:powIIPId>a2311e5e-c623-430a-b858-a98931ccd0a8</sln:powIIPId><sln:powIIPPn>PL.PZGIK.200</sln:powIIPPn><sln:powIIPWersja>2012-09-27T08:13:53+02:00</sln:powIIPWersja><sln:powIdTeryt>1420</sln:powIdTeryt><sln:powNazwa>płoński</sln:powNazwa><sln:wojIIPId>4b6c492a-eb04-441d-a92a-f44359c06de7</sln:wojIIPId><sln:wojIIPPn>PL.PZGIK.200</sln:wojIIPPn><sln:wojIIPWersja>2012-09-27T13:45:13+02:00</sln:wojIIPWersja><sln:wojIdTeryt>14</sln:wojIdTeryt><sln:wojNazwa>mazowieckie</sln:wojNazwa></sln:miejscowosc><sln:miejscowosc><sln:cyklZyciaDo>2016-11-26T00:00:00+01:00</sln:cyklZyciaDo><sln:cyklZyciaOd>2014-09-25T00:00:00+02:00</sln:cyklZyciaOd><sln:gmIIPId>709a191f-e0c6-4b04-9e69-ca8dd57140cd</sln:gmIIPId><sln:gmIIPPn>PL.PZGIK.200</sln:gmIIPPn><sln:gmIIPWersja>2012-09-26T22:54:38+02:00</sln:gmIIPWersja><sln:gmIdTeryt>1420011</sln:gmIdTeryt><sln:gmNazwa>Płońsk</sln:gmNazwa><sln:miejscIIPId>bd581e6c-80e7-4450-bdb3-3e050ed465b5</sln:miejscIIPId><sln:miejscIIPPn>PL.PZGIK.200</sln:miejscIIPPn><sln:miejscIIPWersja>2016-11-24T13:28:13+02:00</sln:miejscIIPWersja><sln:miejscIdTeryt>0930800</sln:miejscIdTeryt><sln:miejscNazwa>Płońsk</sln:miejscNazwa><sln:miejscRodzaj>Miasto</sln:miejscRodzaj><sln:powIIPId>a2311e5e-c623-430a-b858-a98931ccd0a8</sln:powIIPId><sln:powIIPPn>PL.PZGIK.200</sln:powIIPPn><sln:powIIPWersja>2012-09-27T08:13:53+02:00</sln:powIIPWersja><sln:powIdTeryt>1420</sln:powIdTeryt><sln:powNazwa>płoński</sln:powNazwa><sln:wojIIPId>4b6c492a-eb04-441d-a92a-f44359c06de7</sln:wojIIPId><sln:wojIIPPn>PL.PZGIK.200</sln:wojIIPPn><sln:wojIIPWersja>2012-09-27T13:45:13+02:00</sln:wojIIPWersja><sln:wojIdTeryt>14</sln:wojIdTeryt><sln:wojNazwa>mazowieckie</sln:wojNazwa></sln:miejscowosc><sln:miejscowosc><sln:cyklZyciaOd>2016-11-26T00:00:00+01:00</sln:cyklZyciaOd><sln:gmIIPId>709a191f-e0c6-4b04-9e69-ca8dd57140cd</sln:gmIIPId><sln:gmIIPPn>PL.PZGIK.200</sln:gmIIPPn><sln:gmIIPWersja>2012-09-26T22:54:38+02:00</sln:gmIIPWersja><sln:gmIdTeryt>1420011</sln:gmIdTeryt><sln:gmNazwa>Płońsk</sln:gmNazwa><sln:miejscIIPId>bd581e6c-80e7-4450-bdb3-3e050ed465b5</sln:miejscIIPId><sln:miejscIIPPn>PL.PZGIK.200</sln:miejscIIPPn><sln:miejscIIPWersja>2016-11-26T17:04:20+02:00</sln:miejscIIPWersja><sln:miejscIdTeryt>0930800</sln:miejscIdTeryt><sln:miejscNazwa>Płońsk</sln:miejscNazwa><sln:miejscRodzaj>Miasto</sln:miejscRodzaj><sln:powIIPId>a2311e5e-c623-430a-b858-a98931ccd0a8</sln:powIIPId><sln:powIIPPn>PL.PZGIK.200</sln:powIIPPn><sln:powIIPWersja>2012-09-27T08:13:53+02:00</sln:powIIPWersja><sln:powIdTeryt>1420</sln:powIdTeryt><sln:powNazwa>płoński</sln:powNazwa><sln:wojIIPId>4b6c492a-eb04-441d-a92a-f44359c06de7</sln:wojIIPId><sln:wojIIPPn>PL.PZGIK.200</sln:wojIIPPn><sln:wojIIPWersja>2012-09-27T13:45:13+02:00</sln:wojIIPWersja><sln:wojIdTeryt>14</sln:wojIdTeryt><sln:wojNazwa>mazowieckie</sln:wojNazwa></sln:miejscowosc></sln:lista-miejscowosci>