<?xml version="1.0" encoding="UTF-8" standalone="yes"?><sln:lista-miejscowosci xmlns:srv="http://gugik.gov.pl/schemas/slowniki-service/1.0" xmlns:sln="http://gugik.gov.pl/schemas/slowniki-schema/1.0"><sln:miejscowosc><sln:cyklZyciaDo>2017-03-14T00:00:00+01:00</sln:cyklZyciaDo><sln:cyklZyciaOd>2015-09-29T00:00:00+02:00</sln:cyklZyciaOd><sln:gmIIPId>71635522-8fd7-4bfd-91a1-ba8a0ef031b4</sln:gmIIPId><sln:gmIIPPn>PL.PZGIK.200</sln:gmIIPPn><sln:gmIIPWersja>2012-09-26T22:53:50+02:00</sln:gmIIPWersja><sln:gmIdTeryt>1417043</sln:gmIdTeryt><sln:gmNazwa>Karczew</sln:gmNazwa><sln:miejscIIPId>4ed8a517-277d-4634-b7bd-8fa97d0b6048</sln:miejscIIPId><sln:miejscIIPPn>PL.PZGIK.200</sln:miejscIIPPn><sln:miejscIIPWersja>2016-11-24T08:16:43+02:00</sln:miejscIIPWersja><sln:miejscIdTeryt>0003406</sln:miejscIdTeryt><sln:miejscNazwa>Brzezinka</sln:miejscNazwa><sln:miejscRodzaj>Wieś</sln:miejscRodzaj><sln:powIIPId>4670c0b0-9225-450f-a0c2-8ff56cbe3b08</sln:powIIPId><sln:powIIPPn>PL.PZGIK.200</sln:powIIPPn><sln:powIIPWersja>2012-09-27T08:13:53+02:00</sln:powIIPWersja><sln:powIdTeryt>1417</sln:powIdTeryt><sln:powNazwa>otwocki</sln:powNazwa><sln:waznyOd>2011-03-07T00:00:00+01:00</sln:waznyOd><sln:wojIIPId>4b6c492a-eb04-441d-a92a-f44359c06de7</sln:wojIIPId><sln:wojIIPPn>PL.PZGIK.200</sln:wojIIPPn><sln:wojIIPWersja>2012-09-27T13:45:13+02:00</sln:wojIIPWersja><sln:wojIdTeryt>14</sln:wojIdTeryt><sln:wojNazwa>mazowieckie</sln:wojNazwa></sln:miejscowosc><sln:miejscowosc><sln:cyklZyciaDo>2017-03-14T00:00:00+01:00</sln:cyklZyciaDo><sln:cyklZyciaOd>2015-09-29T00:00:00+02:00</sln:cyklZyciaOd><sln:gmIIPId>71635522-8fd7-4bfd-91a1-ba8a0ef031b4</sln:gmIIPId><sln:gmIIPPn>PL.PZGIK.200</sln:gmIIPPn><sln:gmIIPWersja>2012-09-26T22:53:50+02:00</sln:gmIIPWersja><sln:gmIdTeryt>1417043</sln:gmIdTeryt><sln:gmNazwa>Karczew</sln:gmNazwa><sln:miejscIIPId>bcb07357-9e74-49d7-87e6-ea4dc67a62ac</sln:miejscIIPId><sln:miejscIIPPn>PL.PZGIK.200</sln:miejscIIPPn><sln:miejscIIPWersja>2016-11-24T08:16:43+02:00</sln:miejscIIPWersja><sln:miejscIdTeryt>0003412</sln:miejscIdTeryt><sln:miejscNazwa>Całowanie</sln:miejscNazwa><sln:miejscRodzaj>Wieś</sln:miejscRodzaj><sln:powIIPId>4670c0b0-9225-450f-a0c2-8ff56cbe3b08</sln:powIIPId><sln:powIIPPn>PL.PZGIK.200</sln:powIIPPn><sln:powIIPWersja>2012-09-27T08:13:53+02:00</sln:powIIPWersja><sln:powIdTeryt>1417</sln:powIdTeryt><sln:powNazwa>otwocki</sln:powNazwa><sln:waznyOd>2011-03-07T00:00:00+01:00</sln:waznyOd><sln:wojIIPId>4b6c492a-eb04-441d-a92a-f44359c06de7</sln:wojIIPId><sln:wojIIPPn>PL.PZGIK.200</sln:wojIIPPn><sln:wojIIPWersja>2012-09-27T13:45:13+02:00</sln:wojIIPWersja><sln:wojIdTeryt>14</sln:wojIdTeryt><sln:wojNazwa>mazowieckie</sln:wojNazwa></sln:miejscowosc><sln:miejscowosc><sln:cyklZyciaDo>2017-03-14T00:00:00+01:00</sln:cyklZyciaDo><sln:cyklZyciaOd>2015-09-29T00:00:00+02:00</sln:cyklZyciaOd><sln:gmIIPId>71635522-8fd7-4bfd-91a1-ba8a0ef031b4</sln:gmIIPId><sln:gmIIPPn>PL.PZGIK.200</sln:gmIIPPn><sln:gmIIPWersja>2012-09-26T22:53:50+02:00</sln:gmIIPWersja><sln:gmIdTeryt>1417043</sln:gmIdTeryt><sln:gmNazwa>Karczew</sln:gmNazwa><sln:miejscIIPId>34266972-8810-4617-a49f-b61bb4ba0ee3</sln:miejscIIPId><sln:miejscIIPPn>PL.PZGIK.200</sln:miejscIIPPn><sln:miejscIIPWersja>2016-11-24T08:16:43+02:00</sln:miejscIIPWersja><sln:miejscIdTeryt>0003441</sln:miejscIdTeryt><sln:miejscNazwa>Glinki</sln:miejscNazwa><sln:miejscRodzaj>Wieś</sln:miejscRodzaj><sln:powIIPId>4670c0b0-9225-450f-a0c2-8ff56cbe3b08</sln:powIIPId><sln:powIIPPn>PL.PZGIK.200</sln:powIIPPn><sln:powIIPWersja>2012-09-27T08:13:53+02:00</sln:powIIPWersja><sln:powIdTeryt>1417</sln:powIdTeryt><sln:powNazwa>otwocki</sln:powNazwa><sln:waznyOd>2011-03-07T00:00:00+01:00</sln:waznyOd><sln:wojIIPId>4b6c492a-eb04-441d-a92a-f44359c06de7</sln:wojIIPId><sln:wojIIPPn>PL.PZGIK.200</sln:wojIIPPn><sln:wojIIPWersja>2012-09-27T13:45:13+02:00</sln:wojIIPWersja><sln:wojIdTeryt>14</sln:wojIdTeryt><sln:wojNazwa>mazowieckie</sln:wojNazwa></sln:miejscowosc><sln:miejscowosc><sln:cyklZyciaDo>2017-03-14T00:00:00+01:00</sln:cyklZyciaDo><sln:cyklZyciaOd>2015-09-29T00:00:00+02:00</sln:cyklZyciaOd><sln:gmIIPId>71635522-8fd7-4bfd-91a1-ba8a0ef031b4</sln:gmIIPId><sln:gmIIPPn>PL.PZGIK.200</sln:gmIIPPn><sln:gmIIPWersja>2012-09-26T22:53:50+02:00</sln:gmIIPWersja><sln:gmIdTeryt>1417043</sln:gmIdTeryt><sln:gmNazwa>Karczew</sln:gmNazwa><sln:miejscIIPId>3999fa4d-722a-4cbf-a201-629cbdfd98ce</sln:miejscIIPId><sln:miejscIIPPn>PL.PZGIK.200</sln:miejscIIPPn><sln:miejscIIPWersja>2016-11-24T08:16:43+02:00</sln:miejscIIPWersja><sln:miejscIdTeryt>0003493</sln:miejscIdTeryt><sln:miejscNazwa>Janów</sln:miejscNazwa><sln:miejscRodzaj>Wieś</sln:miejscRodzaj><sln:powIIPId>4670c0b0-9225-450f-a0c2-8ff56cbe3b08</sln:powIIPId><sln:powIIPPn>PL.PZGIK.200</sln:powIIPPn><sln:powIIPWersja>2012-09-27T08:13:53+02:00</sln:powIIPWersja><sln:powIdTeryt>1417</sln:powIdTeryt><sln:powNazwa>otwocki</sln:powNazwa><sln:waznyOd>2011-03-07T00:00:00+01:00</sln:waznyOd><sln:wojIIPId>4b6c492a-eb04-441d-a92a-f44359c06de7</sln:wojIIPId><sln:wojIIPPn>PL.PZGIK.200</sln:wojIIPPn><sln:wojIIPWersja>2012-09-27T13:45:13+02:00</sln:wojIIPWersja><sln:wojIdTeryt>14</sln:wojIdTeryt><sln:wojNazwa>mazowieckie</sln:wojNazwa></sln:miejscowosc><sln:miejscowosc><sln:cyklZyciaDo>2017-03-14T00:00:00+01:00</sln:cyklZyciaDo><sln:cyklZyciaOd>2015-09-29T00:00:00+02:00</sln:cyklZyciaOd><sln:gmIIPId>71635522-8fd7-4bfd-91a1-ba8a0ef031b4</sln:gmIIPId><sln:gmIIPPn>PL.PZGIK.200</sln:gmIIPPn><sln:gmIIPWersja>2012-09-26T22:53:50+02:00</sln:gmIIPWersja><sln:gmIdTeryt>1417043</sln:gmIdTeryt><sln:gmNazwa>Karczew</sln:gmNazwa><sln:miejscIIPId>2e9ede01-0369-4ae9-8d5a-007fa3ef505d</sln:miejscIIPId><sln:miejscIIPPn>PL.PZGIK.200</sln:miejscIIPPn><sln:miejscIIPWersja>2016-11-24T13:14:47+02:00</sln:miejscIIPWersja><sln:miejscIdTeryt>0920500</sln:miejscIdTeryt><sln:miejscNazwa>Karczew</sln:miejscNazwa><sln:miejscRodzaj>Miasto</sln:miejscRodzaj><sln:powIIPId>4670c0b0-9225-450f-a0c2-8ff56cbe3b08</sln:powIIPId><sln:powIIPPn>PL.PZGIK.200</sln:powIIPPn><sln:powIIPWersja>2012-09-27T08:13:53+02:00</sln:powIIPWersja><sln:powIdTeryt>1417</sln:powIdTeryt><sln:powNazwa>otwocki</sln:powNazwa><sln:waznyOd>2011-03-07T00:00:00+01:00</sln:waznyOd><sln:wojIIPId>4b6c492a-eb04-441d-a92a-f44359c06de7</sln:wojIIPId><sln:wojIIPPn>PL.PZGIK.200</sln:wojIIPPn><sln:wojIIPWersja>2012-09-27T13:45:13+02:00</sln:wojIIPWersja><sln:wojIdTeryt>14</sln:wojIdTeryt><sln:wojNazwa>mazowieckie</sln:wojNazwa></sln:miejscowosc><sln:miejscowosc><sln:cyklZyciaDo>2017-03-14T00:00:00+01:00</sln:cyklZyciaDo><sln:cyklZyciaOd>2015-09-29T00:00:00+02:00</sln:cyklZyciaOd><sln:gmIIPId>71635522-8fd7-4bfd-91a1-ba8a0ef031b4</sln:gmIIPId><sln:gmIIPPn>PL.PZGIK.200</sln:gmIIPPn><sln:gmIIPWersja>2012-09-26T22:53:50+02:00</sln:gmIIPWersja><sln:gmIdTeryt>1417043</sln:gmIdTeryt><sln:gmNazwa>Karczew</sln:gmNazwa><sln:miejscIIPId>7d145430-644b-4223-a8eb-ae33f2d2a55d</sln:miejscIIPId><sln:miejscIIPPn>PL.PZGIK.200</sln:miejscIIPPn><sln:miejscIIPWersja>2016-11-24T08:16:43+02:00</sln:miejscIIPWersja><sln:miejscIdTeryt>0003518</sln:miejscIdTeryt><sln:miejscNazwa>Kępa Nadbrzeska</sln:miejscNazwa><sln:miejscRodzaj>Wieś</sln:miejscRodzaj><sln:powIIPId>4670c0b0-9225-450f-a0c2-8ff56cbe3b08</sln:powIIPId><sln:powIIPPn>PL.PZGIK.200</sln:powIIPPn><sln:powIIPWersja>2012-09-27T08:13:53+02:00</sln:powIIPWersja><sln:powIdTeryt>1417</sln:powIdTeryt><sln:powNazwa>otwocki</sln:powNazwa><sln:waznyOd>2011-03-07T00:00:00+01:00</sln:waznyOd><sln:wojIIPId>4b6c492a-eb04-441d-a92a-f44359c06de7</sln:wojIIPId><sln:wojIIPPn>PL.PZGIK.200</sln:wojIIPPn><sln:wojIIPWersja>2012-09-27T13:45:13+02:00</sln:wojIIPWersja><sln:wojIdTeryt>14</sln:wojIdTeryt><sln:wojNazwa>mazowieckie</sln:wojNazwa></sln:miejscowosc><sln:miejscowosc><sln:cyklZyciaDo>2017-03-14T00:00:00+01:00</sln:cyklZyciaDo><sln:cyklZyciaOd>2015-09-29T00:00:00+02:00</sln:cyklZyciaOd><sln:gmIIPId>71635522-8fd7-4bfd-91a1-ba8a0ef031b4</sln:gmIIPId><sln:gmIIPPn>PL.PZGIK.200</sln:gmIIPPn><sln:gmIIPWersja>2012-09-26T22:53:50+02:00</sln:gmIIPWersja><sln:gmIdTeryt>1417043</sln:gmIdTeryt><sln:gmNazwa>Karczew</sln:gmNazwa><sln:miejscIIPId>b5c3ab6d-7ee9-4074-b5eb-bd97e3c1d643</sln:miejscIIPId><sln:miejscIIPPn>PL.PZGIK.200</sln:miejscIIPPn><sln:miejscIIPWersja>2016-11-24T08:16:43+02:00</sln:miejscIIPWersja><sln:miejscIdTeryt>0003530</sln:miejscIdTeryt><sln:miejscNazwa>Kosumce</sln:miejscNazwa><sln:miejscRodzaj>Wieś</sln:miejscRodzaj><sln:powIIPId>4670c0b0-9225-450f-a0c2-8ff56cbe3b08</sln:powIIPId><sln:powIIPPn>PL.PZGIK.200</sln:powIIPPn><sln:powIIPWersja>2012-09-27T08:13:53+02:00</sln:powIIPWersja><sln:powIdTeryt>1417</sln:powIdTeryt><sln:powNazwa>otwocki</sln:powNazwa><sln:waznyOd>2011-03-07T00:00:00+01:00</sln:waznyOd><sln:wojIIPId>4b6c492a-eb04-441d-a92a-f44359c06de7</sln:wojIIPId><sln:wojIIPPn>PL.PZGIK.200</sln:wojIIPPn><sln:wojIIPWersja>2012-09-27T13:45:13+02:00</sln:wojIIPWersja><sln:wojIdTeryt>14</sln:wojIdTeryt><sln:wojNazwa>mazowieckie</sln:wojNazwa></sln:miejscowosc><sln:miejscowosc><sln:cyklZyciaDo>2017-03-14T00:00:00+01:00</sln:cyklZyciaDo><sln:cyklZyciaOd>2015-09-29T00:00:00+02:00</sln:cyklZyciaOd><sln:gmIIPId>71635522-8fd7-4bfd-91a1-ba8a0ef031b4</sln:gmIIPId><sln:gmIIPPn>PL.PZGIK.200</sln:gmIIPPn><sln:gmIIPWersja>2012-09-26T22:53:50+02:00</sln:gmIIPWersja><sln:gmIdTeryt>1417043</sln:gmIdTeryt><sln:gmNazwa>Karczew</sln:gmNazwa><sln:miejscIIPId>2cdc82ae-f95f-4fe2-856b-572265e29478</sln:miejscIIPId><sln:miejscIIPPn>PL.PZGIK.200</sln:miejscIIPPn><sln:miejscIIPWersja>2016-11-24T08:16:43+02:00</sln:miejscIIPWersja><sln:miejscIdTeryt>0003547</sln:miejscIdTeryt><sln:miejscNazwa>Łukówiec</sln:miejscNazwa><sln:miejscRodzaj>Wieś</sln:miejscRodzaj><sln:powIIPId>4670c0b0-9225-450f-a0c2-8ff56cbe3b08</sln:powIIPId><sln:powIIPPn>PL.PZGIK.200</sln:powIIPPn><sln:powIIPWersja>2012-09-27T08:13:53+02:00</sln:powIIPWersja><sln:powIdTeryt>1417</sln:powIdTeryt><sln:powNazwa>otwocki</sln:powNazwa><sln:waznyOd>2011-03-07T00:00:00+01:00</sln:waznyOd><sln:wojIIPId>4b6c492a-eb04-441d-a92a-f44359c06de7</sln:wojIIPId><sln:wojIIPPn>PL.PZGIK.200</sln:wojIIPPn><sln:wojIIPWersja>2012-09-27T13:45:13+02:00</sln:wojIIPWersja><sln:wojIdTeryt>14</sln:wojIdTeryt><sln:wojNazwa>mazowieckie</sln:wojNazwa></sln:miejscowosc><sln:miejscowosc><sln:cyklZyciaDo>2017-03-14T00:00:00+01:00</sln:cyklZyciaDo><sln:cyklZyciaOd>2015-09-29T00:00:00+02:00</sln:cyklZyciaOd><sln:gmIIPId>71635522-8fd7-4bfd-91a1-ba8a0ef031b4</sln:gmIIPId><sln:gmIIPPn>PL.PZGIK.200</sln:gmIIPPn><sln:gmIIPWersja>2012-09-26T22:53:50+02:00</sln:gmIIPWersja><sln:gmIdTeryt>1417043</sln:gmIdTeryt><sln:gmNazwa>Karczew</sln:gmNazwa><sln:miejscIIPId>beeeeed5-ce83-4305-a28d-03fba8605554</sln:miejscIIPId><sln:miejscIIPPn>PL.PZGIK.200</sln:miejscIIPPn><sln:miejscIIPWersja>2016-11-24T08:16:43+02:00</sln:miejscIIPWersja><sln:miejscIdTeryt>0003553</sln:miejscIdTeryt><sln:miejscNazwa>Nadbrzeż</sln:miejscNazwa><sln:miejscRodzaj>Wieś</sln:miejscRodzaj><sln:powIIPId>4670c0b0-9225-450f-a0c2-8ff56cbe3b08</sln:powIIPId><sln:powIIPPn>PL.PZGIK.200</sln:powIIPPn><sln:powIIPWersja>2012-09-27T08:13:53+02:00</sln:powIIPWersja><sln:powIdTeryt>1417</sln:powIdTeryt><sln:powNazwa>otwocki</sln:powNazwa><sln:waznyOd>2011-03-07T00:00:00+01:00</sln:waznyOd><sln:wojIIPId>4b6c492a-eb04-441d-a92a-f44359c06de7</sln:wojIIPId><sln:wojIIPPn>PL.PZGIK.200</sln:wojIIPPn><sln:wojIIPWersja>2012-09-27T13:45:13+02:00</sln:wojIIPWersja><sln:wojIdTeryt>14</sln:wojIdTeryt><sln:wojNazwa>mazowieckie</sln:wojNazwa></sln:miejscowosc><sln:miejscowosc><sln:cyklZyciaDo>2017-03-14T00:00:00+01:00</sln:cyklZyciaDo><sln:cyklZyciaOd>2015-09-29T00:00:00+02:00</sln:cyklZyciaOd><sln:gmIIPId>71635522-8fd7-4bfd-91a1-ba8a0ef031b4</sln:gmIIPId><sln:gmIIPPn>PL.PZGIK.200</sln:gmIIPPn><sln:gmIIPWersja>2012-09-26T22:53:50+02:00</sln:gmIIPWersja><sln:gmIdTeryt>1417043</sln:gmIdTeryt><sln:gmNazwa>Karczew</sln:gmNazwa><sln:miejscIIPId>e4786384-45c4-4c44-bd8d-e3056c1e1e00</sln:miejscIIPId><sln:miejscIIPPn>PL.PZGIK.200</sln:miejscIIPPn><sln:miejscIIPWersja>2016-11-24T08:16:43+02:00</sln:miejscIIPWersja><sln:miejscIdTeryt>0003560</sln:miejscIdTeryt><sln:miejscNazwa>Ostrówek</sln:miejscNazwa><sln:miejscRodzaj>Wieś</sln:miejscRodzaj><sln:powIIPId>4670c0b0-9225-450f-a0c2-8ff56cbe3b08</sln:powIIPId><sln:powIIPPn>PL.PZGIK.200</sln:powIIPPn><sln:powIIPWersja>2012-09-27T08:13:53+02:00</sln:powIIPWersja><sln:powIdTeryt>1417</sln:powIdTeryt><sln:powNazwa>otwocki</sln:powNazwa><sln:waznyOd>2012-02-23T00:00:00+01:00</sln:waznyOd><sln:wojIIPId>4b6c492a-eb04-441d-a92a-f44359c06de7</sln:wojIIPId><sln:wojIIPPn>PL.PZGIK.200</sln:wojIIPPn><sln:wojIIPWersja>2012-09-27T13:45:13+02:00</sln:wojIIPWersja><sln:wojIdTeryt>14</sln:wojIdTeryt><sln:wojNazwa>mazowieckie</sln:wojNazwa></sln:miejscowosc><sln:miejscowosc><sln:cyklZyciaDo>2017-03-14T00:00:00+01:00</sln:cyklZyciaDo><sln:cyklZyciaOd>2015-09-29T00:00:00+02:00</sln:cyklZyciaOd><sln:gmIIPId>71635522-8fd7-4bfd-91a1-ba8a0ef031b4</sln:gmIIPId><sln:gmIIPPn>PL.PZGIK.200</sln:gmIIPPn><sln:gmIIPWersja>2012-09-26T22:53:50+02:00</sln:gmIIPWersja><sln:gmIdTeryt>1417043</sln:gmIdTeryt><sln:gmNazwa>Karczew</sln:gmNazwa><sln:miejscIIPId>c38c3c42-1ccf-46ff-b341-07be13e6613b</sln:miejscIIPId><sln:miejscIIPPn>PL.PZGIK.200</sln:miejscIIPPn><sln:miejscIIPWersja>2016-11-24T08:16:43+02:00</sln:miejscIIPWersja><sln:miejscIdTeryt>0003576</sln:miejscIdTeryt><sln:miejscNazwa>Ostrówiec</sln:miejscNazwa><sln:miejscRodzaj>Wieś</sln:miejscRodzaj><sln:powIIPId>4670c0b0-9225-450f-a0c2-8ff56cbe3b08</sln:powIIPId><sln:powIIPPn>PL.PZGIK.200</sln:powIIPPn><sln:powIIPWersja>2012-09-27T08:13:53+02:00</sln:powIIPWersja><sln:powIdTeryt>1417</sln:powIdTeryt><sln:powNazwa>otwocki</sln:powNazwa><sln:waznyOd>2011-03-07T00:00:00+01:00</sln:waznyOd><sln:wojIIPId>4b6c492a-eb04-441d-a92a-f44359c06de7</sln:wojIIPId><sln:wojIIPPn>PL.PZGIK.200</sln:wojIIPPn><sln:wojIIPWersja>2012-09-27T13:45:13+02:00</sln:wojIIPWersja><sln:wojIdTeryt>14</sln:wojIdTeryt><sln:wojNazwa>mazowieckie</sln:wojNazwa></sln:miejscowosc><sln:miejscowosc><sln:cyklZyciaDo>2017-03-14T00:00:00+01:00</sln:cyklZyciaDo><sln:cyklZyciaOd>2015-09-29T00:00:00+02:00</sln:cyklZyciaOd><sln:gmIIPId>71635522-8fd7-4bfd-91a1-ba8a0ef031b4</sln:gmIIPId><sln:gmIIPPn>PL.PZGIK.200</sln:gmIIPPn><sln:gmIIPWersja>2012-09-26T22:53:50+02:00</sln:gmIIPWersja><sln:gmIdTeryt>1417043</sln:gmIdTeryt><sln:gmNazwa>Karczew</sln:gmNazwa><sln:miejscIIPId>18172442-30c5-4a87-9806-377be6c44cff</sln:miejscIIPId><sln:miejscIIPPn>PL.PZGIK.200</sln:miejscIIPPn><sln:miejscIIPWersja>2016-11-24T08:16:43+02:00</sln:miejscIIPWersja><sln:miejscIdTeryt>0003599</sln:miejscIdTeryt><sln:miejscNazwa>Otwock Mały</sln:miejscNazwa><sln:miejscRodzaj>Wieś</sln:miejscRodzaj><sln:powIIPId>4670c0b0-9225-450f-a0c2-8ff56cbe3b08</sln:powIIPId><sln:powIIPPn>PL.PZGIK.200</sln:powIIPPn><sln:powIIPWersja>2012-09-27T08:13:53+02:00</sln:powIIPWersja><sln:powIdTeryt>1417</sln:powIdTeryt><sln:powNazwa>otwocki</sln:powNazwa><sln:waznyOd>2011-03-07T00:00:00+01:00</sln:waznyOd><sln:wojIIPId>4b6c492a-eb04-441d-a92a-f44359c06de7</sln:wojIIPId><sln:wojIIPPn>PL.PZGIK.200</sln:wojIIPPn><sln:wojIIPWersja>2012-09-27T13:45:13+02:00</sln:wojIIPWersja><sln:wojIdTeryt>14</sln:wojIdTeryt><sln:wojNazwa>mazowieckie</sln:wojNazwa></sln:miejscowosc><sln:miejscowosc><sln:cyklZyciaDo>2017-03-14T00:00:00+01:00</sln:cyklZyciaDo><sln:cyklZyciaOd>2015-09-29T00:00:00+02:00</sln:cyklZyciaOd><sln:gmIIPId>71635522-8fd7-4bfd-91a1-ba8a0ef031b4</sln:gmIIPId><sln:gmIIPPn>PL.PZGIK.200</sln:gmIIPPn><sln:gmIIPWersja>2012-09-26T22:53:50+02:00</sln:gmIIPWersja><sln:gmIdTeryt>1417043</sln:gmIdTeryt><sln:gmNazwa>Karczew</sln:gmNazwa><sln:miejscIIPId>f0351a8e-8107-48fa-b20e-b01cd4f6dcb5</sln:miejscIIPId><sln:miejscIIPPn>PL.PZGIK.200</sln:miejscIIPPn><sln:miejscIIPWersja>2016-11-24T08:16:43+02:00</sln:miejscIIPWersja><sln:miejscIdTeryt>0003607</sln:miejscIdTeryt><sln:miejscNazwa>Otwock Wielki</sln:miejscNazwa><sln:miejscRodzaj>Wieś</sln:miejscRodzaj><sln:powIIPId>4670c0b0-9225-450f-a0c2-8ff56cbe3b08</sln:powIIPId><sln:powIIPPn>PL.PZGIK.200</sln:powIIPPn><sln:powIIPWersja>2012-09-27T08:13:53+02:00</sln:powIIPWersja><sln:powIdTeryt>1417</sln:powIdTeryt><sln:powNazwa>otwocki</sln:powNazwa><sln:waznyOd>2011-03-07T00:00:00+01:00</sln:waznyOd><sln:wojIIPId>4b6c492a-eb04-441d-a92a-f44359c06de7</sln:wojIIPId><sln:wojIIPPn>PL.PZGIK.200</sln:wojIIPPn><sln:wojIIPWersja>2012-09-27T13:45:13+02:00</sln:wojIIPWersja><sln:wojIdTeryt>14</sln:wojIdTeryt><sln:wojNazwa>mazowieckie</sln:wojNazwa></sln:miejscowosc><sln:miejscowosc><sln:cyklZyciaDo>2017-03-14T00:00:00+01:00</sln:cyklZyciaDo><sln:cyklZyciaOd>2015-09-29T00:00:00+02:00</sln:cyklZyciaOd><sln:gmIIPId>71635522-8fd7-4bfd-91a1-ba8a0ef031b4</sln:gmIIPId><sln:gmIIPPn>PL.PZGIK.200</sln:gmIIPPn><sln:gmIIPWersja>2012-09-26T22:53:50+02:00</sln:gmIIPWersja><sln:gmIdTeryt>1417043</sln:gmIdTeryt><sln:gmNazwa>Karczew</sln:gmNazwa><sln:miejscIIPId>a2581eea-b5b2-4d83-88e7-e202790ac609</sln:miejscIIPId><sln:miejscIIPPn>PL.PZGIK.200</sln:miejscIIPPn><sln:miejscIIPWersja>2016-11-24T08:16:43+02:00</sln:miejscIIPWersja><sln:miejscIdTeryt>0003636</sln:miejscIdTeryt><sln:miejscNazwa>Piotrowice</sln:miejscNazwa><sln:miejscRodzaj>Wieś</sln:miejscRodzaj><sln:powIIPId>4670c0b0-9225-450f-a0c2-8ff56cbe3b08</sln:powIIPId><sln:powIIPPn>PL.PZGIK.200</sln:powIIPPn><sln:powIIPWersja>2012-09-27T08:13:53+02:00</sln:powIIPWersja><sln:powIdTeryt>1417</sln:powIdTeryt><sln:powNazwa>otwocki</sln:powNazwa><sln:waznyOd>2011-03-07T00:00:00+01:00</sln:waznyOd><sln:wojIIPId>4b6c492a-eb04-441d-a92a-f44359c06de7</sln:wojIIPId><sln:wojIIPPn>PL.PZGIK.200</sln:wojIIPPn><sln:wojIIPWersja>2012-09-27T13:45:13+02:00</sln:wojIIPWersja><sln:wojIdTeryt>14</sln:wojIdTeryt><sln:wojNazwa>mazowieckie</sln:wojNazwa></sln:miejscowosc><sln:miejscowosc><sln:cyklZyciaDo>2017-03-14T00:00:00+01:00</sln:cyklZyciaDo><sln:cyklZyciaOd>2015-09-29T00:00:00+02:00</sln:cyklZyciaOd><sln:gmIIPId>71635522-8fd7-4bfd-91a1-ba8a0ef031b4</sln:gmIIPId><sln:gmIIPPn>PL.PZGIK.200</sln:gmIIPPn><sln:gmIIPWersja>2012-09-26T22:53:50+02:00</sln:gmIIPWersja><sln:gmIdTeryt>1417043</sln:gmIdTeryt><sln:gmNazwa>Karczew</sln:gmNazwa><sln:miejscIIPId>5d80f035-b2ce-45e9-ab87-3604a8a2ef1e</sln:miejscIIPId><sln:miejscIIPPn>PL.PZGIK.200</sln:miejscIIPPn><sln:miejscIIPWersja>2016-11-24T08:16:43+02:00</sln:miejscIIPWersja><sln:miejscIdTeryt>0003642</sln:miejscIdTeryt><sln:miejscNazwa>Sobiekursk</sln:miejscNazwa><sln:miejscRodzaj>Wieś</sln:miejscRodzaj><sln:powIIPId>4670c0b0-9225-450f-a0c2-8ff56cbe3b08</sln:powIIPId><sln:powIIPPn>PL.PZGIK.200</sln:powIIPPn><sln:powIIPWersja>2012-09-27T08:13:53+02:00</sln:powIIPWersja><sln:powIdTeryt>1417</sln:powIdTeryt><sln:powNazwa>otwocki</sln:powNazwa><sln:waznyOd>2012-03-05T00:00:00+01:00</sln:waznyOd><sln:wojIIPId>4b6c492a-eb04-441d-a92a-f44359c06de7</sln:wojIIPId><sln:wojIIPPn>PL.PZGIK.200</sln:wojIIPPn><sln:wojIIPWersja>2012-09-27T13:45:13+02:00</sln:wojIIPWersja><sln:wojIdTeryt>14</sln:wojIdTeryt><sln:wojNazwa>mazowieckie</sln:wojNazwa></sln:miejscowosc><sln:miejscowosc><sln:cyklZyciaDo>2017-03-14T00:00:00+01:00</sln:cyklZyciaDo><sln:cyklZyciaOd>2015-09-29T00:00:00+02:00</sln:cyklZyciaOd><sln:gmIIPId>71635522-8fd7-4bfd-91a1-ba8a0ef031b4</sln:gmIIPId><sln:gmIIPPn>PL.PZGIK.200</sln:gmIIPPn><sln:gmIIPWersja>2012-09-26T22:53:50+02:00</sln:gmIIPWersja><sln:gmIdTeryt>1417043</sln:gmIdTeryt><sln:gmNazwa>Karczew</sln:gmNazwa><sln:miejscIIPId>dcac4604-a589-43b4-8bd9-f7a6a99cd165</sln:miejscIIPId><sln:miejscIIPPn>PL.PZGIK.200</sln:miejscIIPPn><sln:miejscIIPWersja>2016-11-24T08:16:43+02:00</sln:miejscIIPWersja><sln:miejscIdTeryt>0003524</sln:miejscIdTeryt><sln:miejscNazwa>Władysławów</sln:miejscNazwa><sln:miejscRodzaj>Wieś</sln:miejscRodzaj><sln:powIIPId>4670c0b0-9225-450f-a0c2-8ff56cbe3b08</sln:powIIPId><sln:powIIPPn>PL.PZGIK.200</sln:powIIPPn><sln:powIIPWersja>2012-09-27T08:13:53+02:00</sln:powIIPWersja><sln:powIdTeryt>1417</sln:powIdTeryt><sln:powNazwa>otwocki</sln:powNazwa><sln:waznyOd>2011-03-07T00:00:00+01:00</sln:waznyOd><sln:wojIIPId>4b6c492a-eb04-441d-a92a-f44359c06de7</sln:wojIIPId><sln:wojIIPPn>PL.PZGIK.200</sln:wojIIPPn><sln:wojIIPWersja>2012-09-27T13:45:13+02:00</sln:wojIIPWersja><sln:wojIdTeryt>14</sln:wojIdTeryt><sln:wojNazwa>mazowieckie</sln:wojNazwa></sln:miejscowosc><sln:miejscowosc><sln:cyklZyciaDo>2017-03-14T00:00:00+01:00</sln:cyklZyciaDo><sln:cyklZyciaOd>2015-09-29T00:00:00+02:00</sln:cyklZyciaOd><sln:gmIIPId>71635522-8fd7-4bfd-91a1-ba8a0ef031b4</sln:gmIIPId><sln:gmIIPPn>PL.PZGIK.200</sln:gmIIPPn><sln:gmIIPWersja>2012-09-26T22:53:50+02:00</sln:gmIIPWersja><sln:gmIdTeryt>1417043</sln:gmIdTeryt><sln:gmNazwa>Karczew</sln:gmNazwa><sln:miejscIIPId>d92c21cc-2f8e-447a-91c4-c4589e1e60e0</sln:miejscIIPId><sln:miejscIIPPn>PL.PZGIK.200</sln:miejscIIPPn><sln:miejscIIPWersja>2016-11-24T08:16:43+02:00</sln:miejscIIPWersja><sln:miejscIdTeryt>0003659</sln:miejscIdTeryt><sln:miejscNazwa>Wygoda</sln:miejscNazwa><sln:miejscRodzaj>Wieś</sln:miejscRodzaj><sln:powIIPId>4670c0b0-9225-450f-a0c2-8ff56cbe3b08</sln:powIIPId><sln:powIIPPn>PL.PZGIK.200</sln:powIIPPn><sln:powIIPWersja>2012-09-27T08:13:53+02:00</sln:powIIPWersja><sln:powIdTeryt>1417</sln:powIdTeryt><sln:powNazwa>otwocki</sln:powNazwa><sln:waznyOd>2011-03-07T00:00:00+01:00</sln:waznyOd><sln:wojIIPId>4b6c492a-eb04-441d-a92a-f44359c06de7</sln:wojIIPId><sln:wojIIPPn>PL.PZGIK.200</sln:wojIIPPn><sln:wojIIPWersja>2012-09-27T13:45:13+02:00</sln:wojIIPWersja><sln:wojIdTeryt>14</sln:wojIdTeryt><sln:wojNazwa>mazowieckie</sln:wojNazwa></sln:miejscowosc><sln:miejscowosc><sln:cyklZyciaOd>2017-03-14T00:00:00+01:00</sln:cyklZyciaOd><sln:gmIIPId>71635522-8fd7-4bfd-91a1-ba8a0ef031b4</sln:gmIIPId><sln:gmIIPPn>PL.PZGIK.200</sln:gmIIPPn><sln:gmIIPWersja>2012-09-26T22:53:50+02:00</sln:gmIIPWersja><sln:gmIdTeryt>1417043</sln:gmIdTeryt><sln:gmNazwa>Karczew</sln:gmNazwa><sln:miejscIIPId>4ed8a517-277d-4634-b7bd-8fa97d0b6048</sln:miejscIIPId><sln:miejscIIPPn>PL.PZGIK.200</sln:miejscIIPPn><sln:miejscIIPWersja>2017-03-14T15:40:17+02:00</sln:miejscIIPWersja><sln:miejscIdTeryt>0003406</sln:miejscIdTeryt><sln:miejscNazwa>Brzezinka</sln:miejscNazwa><sln:miejscRodzaj>Wieś</sln:miejscRodzaj><sln:powIIPId>4670c0b0-9225-450f-a0c2-8ff56cbe3b08</sln:powIIPId><sln:powIIPPn>PL.PZGIK.200</sln:powIIPPn><sln:powIIPWersja>2012-09-27T08:13:53+02:00</sln:powIIPWersja><sln:powIdTeryt>1417</sln:powIdTeryt><sln:powNazwa>otwocki</sln:powNazwa><sln:waznyOd>2011-03-07T00:00:00+01:00</sln:waznyOd><sln:wojIIPId>4b6c492a-eb04-441d-a92a-f44359c06de7</sln:wojIIPId><sln:wojIIPPn>PL.PZGIK.200</sln:wojIIPPn><sln:wojIIPWersja>2012-09-27T13:45:13+02:00</sln:wojIIPWersja><sln:wojIdTeryt>14</sln:wojIdTeryt><sln:wojNazwa>mazowieckie</sln:wojNazwa></sln:miejscowosc><sln:miejscowosc><sln:cyklZyciaOd>2017-03-14T00:00:00+01:00</sln:cyklZyciaOd><sln:gmIIPId>71635522-8fd7-4bfd-91a1-ba8a0ef031b4</sln:gmIIPId><sln:gmIIPPn>PL.PZGIK.200</sln:gmIIPPn><sln:gmIIPWersja>2012-09-26T22:53:50+02:00</sln:gmIIPWersja><sln:gmIdTeryt>1417043</sln:gmIdTeryt><sln:gmNazwa>Karczew</sln:gmNazwa><sln:miejscIIPId>bcb07357-9e74-49d7-87e6-ea4dc67a62ac</sln:miejscIIPId><sln:miejscIIPPn>PL.PZGIK.200</sln:miejscIIPPn><sln:miejscIIPWersja>2017-03-14T15:40:21+02:00</sln:miejscIIPWersja><sln:miejscIdTeryt>0003412</sln:miejscIdTeryt><sln:miejscNazwa>Całowanie</sln:miejscNazwa><sln:miejscRodzaj>Wieś</sln:miejscRodzaj><sln:powIIPId>4670c0b0-9225-450f-a0c2-8ff56cbe3b08</sln:powIIPId><sln:powIIPPn>PL.PZGIK.200</sln:powIIPPn><sln:powIIPWersja>2012-09-27T08:13:53+02:00</sln:powIIPWersja><sln:powIdTeryt>1417</sln:powIdTeryt><sln:powNazwa>otwocki</sln:powNazwa><sln:waznyOd>2011-03-07T00:00:00+01:00</sln:waznyOd><sln:wojIIPId>4b6c492a-eb04-441d-a92a-f44359c06de7</sln:wojIIPId><sln:wojIIPPn>PL.PZGIK.200</sln:wojIIPPn><sln:wojIIPWersja>2012-09-27T13:45:13+02:00</sln:wojIIPWersja><sln:wojIdTeryt>14</sln:wojIdTeryt><sln:wojNazwa>mazowieckie</sln:wojNazwa></sln:miejscowosc><sln:miejscowosc><sln:cyklZyciaOd>2017-03-14T00:00:00+01:00</sln:cyklZyciaOd><sln:gmIIPId>71635522-8fd7-4bfd-91a1-ba8a0ef031b4</sln:gmIIPId><sln:gmIIPPn>PL.PZGIK.200</sln:gmIIPPn><sln:gmIIPWersja>2012-09-26T22:53:50+02:00</sln:gmIIPWersja><sln:gmIdTeryt>1417043</sln:gmIdTeryt><sln:gmNazwa>Karczew</sln:gmNazwa><sln:miejscIIPId>34266972-8810-4617-a49f-b61bb4ba0ee3</sln:miejscIIPId><sln:miejscIIPPn>PL.PZGIK.200</sln:miejscIIPPn><sln:miejscIIPWersja>2017-03-14T15:40:21+02:00</sln:miejscIIPWersja><sln:miejscIdTeryt>0003441</sln:miejscIdTeryt><sln:miejscNazwa>Glinki</sln:miejscNazwa><sln:miejscRodzaj>Wieś</sln:miejscRodzaj><sln:powIIPId>4670c0b0-9225-450f-a0c2-8ff56cbe3b08</sln:powIIPId><sln:powIIPPn>PL.PZGIK.200</sln:powIIPPn><sln:powIIPWersja>2012-09-27T08:13:53+02:00</sln:powIIPWersja><sln:powIdTeryt>1417</sln:powIdTeryt><sln:powNazwa>otwocki</sln:powNazwa><sln:waznyOd>2011-03-07T00:00:00+01:00</sln:waznyOd><sln:wojIIPId>4b6c492a-eb04-441d-a92a-f44359c06de7</sln:wojIIPId><sln:wojIIPPn>PL.PZGIK.200</sln:wojIIPPn><sln:wojIIPWersja>2012-09-27T13:45:13+02:00</sln:wojIIPWersja><sln:wojIdTeryt>14</sln:wojIdTeryt><sln:wojNazwa>mazowieckie</sln:wojNazwa></sln:miejscowosc><sln:miejscowosc><sln:cyklZyciaOd>2017-03-14T00:00:00+01:00</sln:cyklZyciaOd><sln:gmIIPId>71635522-8fd7-4bfd-91a1-ba8a0ef031b4</sln:gmIIPId><sln:gmIIPPn>PL.PZGIK.200</sln:gmIIPPn><sln:gmIIPWersja>2012-09-26T22:53:50+02:00</sln:gmIIPWersja><sln:gmIdTeryt>1417043</sln:gmIdTeryt><sln:gmNazwa>Karczew</sln:gmNazwa><sln:miejscIIPId>3999fa4d-722a-4cbf-a201-629cbdfd98ce</sln:miejscIIPId><sln:miejscIIPPn>PL.PZGIK.200</sln:miejscIIPPn><sln:miejscIIPWersja>2017-03-14T15:40:21+02:00</sln:miejscIIPWersja><sln:miejscIdTeryt>0003493</sln:miejscIdTeryt><sln:miejscNazwa>Janów</sln:miejscNazwa><sln:miejscRodzaj>Wieś</sln:miejscRodzaj><sln:powIIPId>4670c0b0-9225-450f-a0c2-8ff56cbe3b08</sln:powIIPId><sln:powIIPPn>PL.PZGIK.200</sln:powIIPPn><sln:powIIPWersja>2012-09-27T08:13:53+02:00</sln:powIIPWersja><sln:powIdTeryt>1417</sln:powIdTeryt><sln:powNazwa>otwocki</sln:powNazwa><sln:waznyOd>2011-03-07T00:00:00+01:00</sln:waznyOd><sln:wojIIPId>4b6c492a-eb04-441d-a92a-f44359c06de7</sln:wojIIPId><sln:wojIIPPn>PL.PZGIK.200</sln:wojIIPPn><sln:wojIIPWersja>2012-09-27T13:45:13+02:00</sln:wojIIPWersja><sln:wojIdTeryt>14</sln:wojIdTeryt><sln:wojNazwa>mazowieckie</sln:wojNazwa></sln:miejscowosc><sln:miejscowosc><sln:cyklZyciaOd>2017-03-14T00:00:00+01:00</sln:cyklZyciaOd><sln:gmIIPId>71635522-8fd7-4bfd-91a1-ba8a0ef031b4</sln:gmIIPId><sln:gmIIPPn>PL.PZGIK.200</sln:gmIIPPn><sln:gmIIPWersja>2012-09-26T22:53:50+02:00</sln:gmIIPWersja><sln:gmIdTeryt>1417043</sln:gmIdTeryt><sln:gmNazwa>Karczew</sln:gmNazwa><sln:miejscIIPId>7d145430-644b-4223-a8eb-ae33f2d2a55d</sln:miejscIIPId><sln:miejscIIPPn>PL.PZGIK.200</sln:miejscIIPPn><sln:miejscIIPWersja>2017-03-14T15:40:21+02:00</sln:miejscIIPWersja><sln:miejscIdTeryt>0003518</sln:miejscIdTeryt><sln:miejscNazwa>Kępa Nadbrzeska</sln:miejscNazwa><sln:miejscRodzaj>Wieś</sln:miejscRodzaj><sln:powIIPId>4670c0b0-9225-450f-a0c2-8ff56cbe3b08</sln:powIIPId><sln:powIIPPn>PL.PZGIK.200</sln:powIIPPn><sln:powIIPWersja>2012-09-27T08:13:53+02:00</sln:powIIPWersja><sln:powIdTeryt>1417</sln:powIdTeryt><sln:powNazwa>otwocki</sln:powNazwa><sln:waznyOd>2011-03-07T00:00:00+01:00</sln:waznyOd><sln:wojIIPId>4b6c492a-eb04-441d-a92a-f44359c06de7</sln:wojIIPId><sln:wojIIPPn>PL.PZGIK.200</sln:wojIIPPn><sln:wojIIPWersja>2012-09-27T13:45:13+02:00</sln:wojIIPWersja><sln:wojIdTeryt>14</sln:wojIdTeryt><sln:wojNazwa>mazowieckie</sln:wojNazwa></sln:miejscowosc><sln:miejscowosc><sln:cyklZyciaOd>2017-03-14T00:00:00+01:00</sln:cyklZyciaOd><sln:gmIIPId>71635522-8fd7-4bfd-91a1-ba8a0ef031b4</sln:gmIIPId><sln:gmIIPPn>PL.PZGIK.200</sln:gmIIPPn><sln:gmIIPWersja>2012-09-26T22:53:50+02:00</sln:gmIIPWersja><sln:gmIdTeryt>1417043</sln:gmIdTeryt><sln:gmNazwa>Karczew</sln:gmNazwa><sln:miejscIIPId>dcac4604-a589-43b4-8bd9-f7a6a99cd165</sln:miejscIIPId><sln:miejscIIPPn>PL.PZGIK.200</sln:miejscIIPPn><sln:miejscIIPWersja>2017-03-14T15:40:22+02:00</sln:miejscIIPWersja><sln:miejscIdTeryt>0003524</sln:miejscIdTeryt><sln:miejscNazwa>Władysławów</sln:miejscNazwa><sln:miejscRodzaj>Wieś</sln:miejscRodzaj><sln:powIIPId>4670c0b0-9225-450f-a0c2-8ff56cbe3b08</sln:powIIPId><sln:powIIPPn>PL.PZGIK.200</sln:powIIPPn><sln:powIIPWersja>2012-09-27T08:13:53+02:00</sln:powIIPWersja><sln:powIdTeryt>1417</sln:powIdTeryt><sln:powNazwa>otwocki</sln:powNazwa><sln:waznyOd>2011-03-07T00:00:00+01:00</sln:waznyOd><sln:wojIIPId>4b6c492a-eb04-441d-a92a-f44359c06de7</sln:wojIIPId><sln:wojIIPPn>PL.PZGIK.200</sln:wojIIPPn><sln:wojIIPWersja>2012-09-27T13:45:13+02:00</sln:wojIIPWersja><sln:wojIdTeryt>14</sln:wojIdTeryt><sln:wojNazwa>mazowieckie</sln:wojNazwa></sln:miejscowosc><sln:miejscowosc><sln:cyklZyciaOd>2017-03-14T00:00:00+01:00</sln:cyklZyciaOd><sln:gmIIPId>71635522-8fd7-4bfd-91a1-ba8a0ef031b4</sln:gmIIPId><sln:gmIIPPn>PL.PZGIK.200</sln:gmIIPPn><sln:gmIIPWersja>2012-09-26T22:53:50+02:00</sln:gmIIPWersja><sln:gmIdTeryt>1417043</sln:gmIdTeryt><sln:gmNazwa>Karczew</sln:gmNazwa><sln:miejscIIPId>b5c3ab6d-7ee9-4074-b5eb-bd97e3c1d643</sln:miejscIIPId><sln:miejscIIPPn>PL.PZGIK.200</sln:miejscIIPPn><sln:miejscIIPWersja>2017-03-14T15:40:22+02:00</sln:miejscIIPWersja><sln:miejscIdTeryt>0003530</sln:miejscIdTeryt><sln:miejscNazwa>Kosumce</sln:miejscNazwa><sln:miejscRodzaj>Wieś</sln:miejscRodzaj><sln:powIIPId>4670c0b0-9225-450f-a0c2-8ff56cbe3b08</sln:powIIPId><sln:powIIPPn>PL.PZGIK.200</sln:powIIPPn><sln:powIIPWersja>2012-09-27T08:13:53+02:00</sln:powIIPWersja><sln:powIdTeryt>1417</sln:powIdTeryt><sln:powNazwa>otwocki</sln:powNazwa><sln:waznyOd>2011-03-07T00:00:00+01:00</sln:waznyOd><sln:wojIIPId>4b6c492a-eb04-441d-a92a-f44359c06de7</sln:wojIIPId><sln:wojIIPPn>PL.PZGIK.200</sln:wojIIPPn><sln:wojIIPWersja>2012-09-27T13:45:13+02:00</sln:wojIIPWersja><sln:wojIdTeryt>14</sln:wojIdTeryt><sln:wojNazwa>mazowieckie</sln:wojNazwa></sln:miejscowosc><sln:miejscowosc><sln:cyklZyciaOd>2017-03-14T00:00:00+01:00</sln:cyklZyciaOd><sln:gmIIPId>71635522-8fd7-4bfd-91a1-ba8a0ef031b4</sln:gmIIPId><sln:gmIIPPn>PL.PZGIK.200</sln:gmIIPPn><sln:gmIIPWersja>2012-09-26T22:53:50+02:00</sln:gmIIPWersja><sln:gmIdTeryt>1417043</sln:gmIdTeryt><sln:gmNazwa>Karczew</sln:gmNazwa><sln:miejscIIPId>2cdc82ae-f95f-4fe2-856b-572265e29478</sln:miejscIIPId><sln:miejscIIPPn>PL.PZGIK.200</sln:miejscIIPPn><sln:miejscIIPWersja>2017-03-14T15:40:22+02:00</sln:miejscIIPWersja><sln:miejscIdTeryt>0003547</sln:miejscIdTeryt><sln:miejscNazwa>Łukówiec</sln:miejscNazwa><sln:miejscRodzaj>Inny obiekt</sln:miejscRodzaj><sln:powIIPId>4670c0b0-9225-450f-a0c2-8ff56cbe3b08</sln:powIIPId><sln:powIIPPn>PL.PZGIK.200</sln:powIIPPn><sln:powIIPWersja>2012-09-27T08:13:53+02:00</sln:powIIPWersja><sln:powIdTeryt>1417</sln:powIdTeryt><sln:powNazwa>otwocki</sln:powNazwa><sln:waznyOd>2011-03-07T00:00:00+01:00</sln:waznyOd><sln:wojIIPId>4b6c492a-eb04-441d-a92a-f44359c06de7</sln:wojIIPId><sln:wojIIPPn>PL.PZGIK.200</sln:wojIIPPn><sln:wojIIPWersja>2012-09-27T13:45:13+02:00</sln:wojIIPWersja><sln:wojIdTeryt>14</sln:wojIdTeryt><sln:wojNazwa>mazowieckie</sln:wojNazwa></sln:miejscowosc><sln:miejscowosc><sln:cyklZyciaOd>2017-03-14T00:00:00+01:00</sln:cyklZyciaOd><sln:gmIIPId>71635522-8fd7-4bfd-91a1-ba8a0ef031b4</sln:gmIIPId><sln:gmIIPPn>PL.PZGIK.200</sln:gmIIPPn><sln:gmIIPWersja>2012-09-26T22:53:50+02:00</sln:gmIIPWersja><sln:gmIdTeryt>1417043</sln:gmIdTeryt><sln:gmNazwa>Karczew</sln:gmNazwa><sln:miejscIIPId>beeeeed5-ce83-4305-a28d-03fba8605554</sln:miejscIIPId><sln:miejscIIPPn>PL.PZGIK.200</sln:miejscIIPPn><sln:miejscIIPWersja>2017-03-14T15:40:22+02:00</sln:miejscIIPWersja><sln:miejscIdTeryt>0003553</sln:miejscIdTeryt><sln:miejscNazwa>Nadbrzeż</sln:miejscNazwa><sln:miejscRodzaj>Wieś</sln:miejscRodzaj><sln:powIIPId>4670c0b0-9225-450f-a0c2-8ff56cbe3b08</sln:powIIPId><sln:powIIPPn>PL.PZGIK.200</sln:powIIPPn><sln:powIIPWersja>2012-09-27T08:13:53+02:00</sln:powIIPWersja><sln:powIdTeryt>1417</sln:powIdTeryt><sln:powNazwa>otwocki</sln:powNazwa><sln:waznyOd>2011-03-07T00:00:00+01:00</sln:waznyOd><sln:wojIIPId>4b6c492a-eb04-441d-a92a-f44359c06de7</sln:wojIIPId><sln:wojIIPPn>PL.PZGIK.200</sln:wojIIPPn><sln:wojIIPWersja>2012-09-27T13:45:13+02:00</sln:wojIIPWersja><sln:wojIdTeryt>14</sln:wojIdTeryt><sln:wojNazwa>mazowieckie</sln:wojNazwa></sln:miejscowosc><sln:miejscowosc><sln:cyklZyciaOd>2017-03-14T00:00:00+01:00</sln:cyklZyciaOd><sln:gmIIPId>71635522-8fd7-4bfd-91a1-ba8a0ef031b4</sln:gmIIPId><sln:gmIIPPn>PL.PZGIK.200</sln:gmIIPPn><sln:gmIIPWersja>2012-09-26T22:53:50+02:00</sln:gmIIPWersja><sln:gmIdTeryt>1417043</sln:gmIdTeryt><sln:gmNazwa>Karczew</sln:gmNazwa><sln:miejscIIPId>e4786384-45c4-4c44-bd8d-e3056c1e1e00</sln:miejscIIPId><sln:miejscIIPPn>PL.PZGIK.200</sln:miejscIIPPn><sln:miejscIIPWersja>2017-03-14T15:40:22+02:00</sln:miejscIIPWersja><sln:miejscIdTeryt>0003560</sln:miejscIdTeryt><sln:miejscNazwa>Ostrówek</sln:miejscNazwa><sln:miejscRodzaj>Inny obiekt</sln:miejscRodzaj><sln:powIIPId>4670c0b0-9225-450f-a0c2-8ff56cbe3b08</sln:powIIPId><sln:powIIPPn>PL.PZGIK.200</sln:powIIPPn><sln:powIIPWersja>2012-09-27T08:13:53+02:00</sln:powIIPWersja><sln:powIdTeryt>1417</sln:powIdTeryt><sln:powNazwa>otwocki</sln:powNazwa><sln:waznyOd>2012-02-23T00:00:00+01:00</sln:waznyOd><sln:wojIIPId>4b6c492a-eb04-441d-a92a-f44359c06de7</sln:wojIIPId><sln:wojIIPPn>PL.PZGIK.200</sln:wojIIPPn><sln:wojIIPWersja>2012-09-27T13:45:13+02:00</sln:wojIIPWersja><sln:wojIdTeryt>14</sln:wojIdTeryt><sln:wojNazwa>mazowieckie</sln:wojNazwa></sln:miejscowosc><sln:miejscowosc><sln:cyklZyciaOd>2017-03-14T00:00:00+01:00</sln:cyklZyciaOd><sln:gmIIPId>71635522-8fd7-4bfd-91a1-ba8a0ef031b4</sln:gmIIPId><sln:gmIIPPn>PL.PZGIK.200</sln:gmIIPPn><sln:gmIIPWersja>2012-09-26T22:53:50+02:00</sln:gmIIPWersja><sln:gmIdTeryt>1417043</sln:gmIdTeryt><sln:gmNazwa>Karczew</sln:gmNazwa><sln:miejscIIPId>c38c3c42-1ccf-46ff-b341-07be13e6613b</sln:miejscIIPId><sln:miejscIIPPn>PL.PZGIK.200</sln:miejscIIPPn><sln:miejscIIPWersja>2017-03-14T15:40:22+02:00</sln:miejscIIPWersja><sln:miejscIdTeryt>0003576</sln:miejscIdTeryt><sln:miejscNazwa>Ostrówiec</sln:miejscNazwa><sln:miejscRodzaj>Wieś</sln:miejscRodzaj><sln:powIIPId>4670c0b0-9225-450f-a0c2-8ff56cbe3b08</sln:powIIPId><sln:powIIPPn>PL.PZGIK.200</sln:powIIPPn><sln:powIIPWersja>2012-09-27T08:13:53+02:00</sln:powIIPWersja><sln:powIdTeryt>1417</sln:powIdTeryt><sln:powNazwa>otwocki</sln:powNazwa><sln:waznyOd>2011-03-07T00:00:00+01:00</sln:waznyOd><sln:wojIIPId>4b6c492a-eb04-441d-a92a-f44359c06de7</sln:wojIIPId><sln:wojIIPPn>PL.PZGIK.200</sln:wojIIPPn><sln:wojIIPWersja>2012-09-27T13:45:13+02:00</sln:wojIIPWersja><sln:wojIdTeryt>14</sln:wojIdTeryt><sln:wojNazwa>mazowieckie</sln:wojNazwa></sln:miejscowosc><sln:miejscowosc><sln:cyklZyciaOd>2017-03-14T00:00:00+01:00</sln:cyklZyciaOd><sln:gmIIPId>71635522-8fd7-4bfd-91a1-ba8a0ef031b4</sln:gmIIPId><sln:gmIIPPn>PL.PZGIK.200</sln:gmIIPPn><sln:gmIIPWersja>2012-09-26T22:53:50+02:00</sln:gmIIPWersja><sln:gmIdTeryt>1417043</sln:gmIdTeryt><sln:gmNazwa>Karczew</sln:gmNazwa><sln:miejscIIPId>18172442-30c5-4a87-9806-377be6c44cff</sln:miejscIIPId><sln:miejscIIPPn>PL.PZGIK.200</sln:miejscIIPPn><sln:miejscIIPWersja>2017-03-14T15:40:22+02:00</sln:miejscIIPWersja><sln:miejscIdTeryt>0003599</sln:miejscIdTeryt><sln:miejscNazwa>Otwock Mały</sln:miejscNazwa><sln:miejscRodzaj>Wieś</sln:miejscRodzaj><sln:powIIPId>4670c0b0-9225-450f-a0c2-8ff56cbe3b08</sln:powIIPId><sln:powIIPPn>PL.PZGIK.200</sln:powIIPPn><sln:powIIPWersja>2012-09-27T08:13:53+02:00</sln:powIIPWersja><sln:powIdTeryt>1417</sln:powIdTeryt><sln:powNazwa>otwocki</sln:powNazwa><sln:waznyOd>2011-03-07T00:00:00+01:00</sln:waznyOd><sln:wojIIPId>4b6c492a-eb04-441d-a92a-f44359c06de7</sln:wojIIPId><sln:wojIIPPn>PL.PZGIK.200</sln:wojIIPPn><sln:wojIIPWersja>2012-09-27T13:45:13+02:00</sln:wojIIPWersja><sln:wojIdTeryt>14</sln:wojIdTeryt><sln:wojNazwa>mazowieckie</sln:wojNazwa></sln:miejscowosc><sln:miejscowosc><sln:cyklZyciaOd>2017-03-14T00:00:00+01:00</sln:cyklZyciaOd><sln:gmIIPId>71635522-8fd7-4bfd-91a1-ba8a0ef031b4</sln:gmIIPId><sln:gmIIPPn>PL.PZGIK.200</sln:gmIIPPn><sln:gmIIPWersja>2012-09-26T22:53:50+02:00</sln:gmIIPWersja><sln:gmIdTeryt>1417043</sln:gmIdTeryt><sln:gmNazwa>Karczew</sln:gmNazwa><sln:miejscIIPId>f0351a8e-8107-48fa-b20e-b01cd4f6dcb5</sln:miejscIIPId><sln:miejscIIPPn>PL.PZGIK.200</sln:miejscIIPPn><sln:miejscIIPWersja>2017-03-14T15:40:22+02:00</sln:miejscIIPWersja><sln:miejscIdTeryt>0003607</sln:miejscIdTeryt><sln:miejscNazwa>Otwock Wielki</sln:miejscNazwa><sln:miejscRodzaj>Wieś</sln:miejscRodzaj><sln:powIIPId>4670c0b0-9225-450f-a0c2-8ff56cbe3b08</sln:powIIPId><sln:powIIPPn>PL.PZGIK.200</sln:powIIPPn><sln:powIIPWersja>2012-09-27T08:13:53+02:00</sln:powIIPWersja><sln:powIdTeryt>1417</sln:powIdTeryt><sln:powNazwa>otwocki</sln:powNazwa><sln:waznyOd>2011-03-07T00:00:00+01:00</sln:waznyOd><sln:wojIIPId>4b6c492a-eb04-441d-a92a-f44359c06de7</sln:wojIIPId><sln:wojIIPPn>PL.PZGIK.200</sln:wojIIPPn><sln:wojIIPWersja>2012-09-27T13:45:13+02:00</sln:wojIIPWersja><sln:wojIdTeryt>14</sln:wojIdTeryt><sln:wojNazwa>mazowieckie</sln:wojNazwa></sln:miejscowosc><sln:miejscowosc><sln:cyklZyciaOd>2017-03-14T00:00:00+01:00</sln:cyklZyciaOd><sln:gmIIPId>71635522-8fd7-4bfd-91a1-ba8a0ef031b4</sln:gmIIPId><sln:gmIIPPn>PL.PZGIK.200</sln:gmIIPPn><sln:gmIIPWersja>2012-09-26T22:53:50+02:00</sln:gmIIPWersja><sln:gmIdTeryt>1417043</sln:gmIdTeryt><sln:gmNazwa>Karczew</sln:gmNazwa><sln:miejscIIPId>a2581eea-b5b2-4d83-88e7-e202790ac609</sln:miejscIIPId><sln:miejscIIPPn>PL.PZGIK.200</sln:miejscIIPPn><sln:miejscIIPWersja>2017-03-14T15:40:22+02:00</sln:miejscIIPWersja><sln:miejscIdTeryt>0003636</sln:miejscIdTeryt><sln:miejscNazwa>Piotrowice</sln:miejscNazwa><sln:miejscRodzaj>Wieś</sln:miejscRodzaj><sln:powIIPId>4670c0b0-9225-450f-a0c2-8ff56cbe3b08</sln:powIIPId><sln:powIIPPn>PL.PZGIK.200</sln:powIIPPn><sln:powIIPWersja>2012-09-27T08:13:53+02:00</sln:powIIPWersja><sln:powIdTeryt>1417</sln:powIdTeryt><sln:powNazwa>otwocki</sln:powNazwa><sln:waznyOd>2011-03-07T00:00:00+01:00</sln:waznyOd><sln:wojIIPId>4b6c492a-eb04-441d-a92a-f44359c06de7</sln:wojIIPId><sln:wojIIPPn>PL.PZGIK.200</sln:wojIIPPn><sln:wojIIPWersja>2012-09-27T13:45:13+02:00</sln:wojIIPWersja><sln:wojIdTeryt>14</sln:wojIdTeryt><sln:wojNazwa>mazowieckie</sln:wojNazwa></sln:miejscowosc><sln:miejscowosc><sln:cyklZyciaOd>2017-03-14T00:00:00+01:00</sln:cyklZyciaOd><sln:gmIIPId>71635522-8fd7-4bfd-91a1-ba8a0ef031b4</sln:gmIIPId><sln:gmIIPPn>PL.PZGIK.200</sln:gmIIPPn><sln:gmIIPWersja>2012-09-26T22:53:50+02:00</sln:gmIIPWersja><sln:gmIdTeryt>1417043</sln:gmIdTeryt><sln:gmNazwa>Karczew</sln:gmNazwa><sln:miejscIIPId>5d80f035-b2ce-45e9-ab87-3604a8a2ef1e</sln:miejscIIPId><sln:miejscIIPPn>PL.PZGIK.200</sln:miejscIIPPn><sln:miejscIIPWersja>2017-03-14T15:40:22+02:00</sln:miejscIIPWersja><sln:miejscIdTeryt>0003642</sln:miejscIdTeryt><sln:miejscNazwa>Sobiekursk</sln:miejscNazwa><sln:miejscRodzaj>Wieś</sln:miejscRodzaj><sln:powIIPId>4670c0b0-9225-450f-a0c2-8ff56cbe3b08</sln:powIIPId><sln:powIIPPn>PL.PZGIK.200</sln:powIIPPn><sln:powIIPWersja>2012-09-27T08:13:53+02:00</sln:powIIPWersja><sln:powIdTeryt>1417</sln:powIdTeryt><sln:powNazwa>otwocki</sln:powNazwa><sln:waznyOd>2012-03-05T00:00:00+01:00</sln:waznyOd><sln:wojIIPId>4b6c492a-eb04-441d-a92a-f44359c06de7</sln:wojIIPId><sln:wojIIPPn>PL.PZGIK.200</sln:wojIIPPn><sln:wojIIPWersja>2012-09-27T13:45:13+02:00</sln:wojIIPWersja><sln:wojIdTeryt>14</sln:wojIdTeryt><sln:wojNazwa>mazowieckie</sln:wojNazwa></sln:miejscowosc><sln:miejscowosc><sln:cyklZyciaOd>2017-03-14T00:00:00+01:00</sln:cyklZyciaOd><sln:gmIIPId>71635522-8fd7-4bfd-91a1-ba8a0ef031b4</sln:gmIIPId><sln:gmIIPPn>PL.PZGIK.200</sln:gmIIPPn><sln:gmIIPWersja>2012-09-26T22:53:50+02:00</sln:gmIIPWersja><sln:gmIdTeryt>1417043</sln:gmIdTeryt><sln:gmNazwa>Karczew</sln:gmNazwa><sln:miejscIIPId>d92c21cc-2f8e-447a-91c4-c4589e1e60e0</sln:miejscIIPId><sln:miejscIIPPn>PL.PZGIK.200</sln:miejscIIPPn><sln:miejscIIPWersja>2017-03-14T15:40:22+02:00</sln:miejscIIPWersja><sln:miejscIdTeryt>0003659</sln:miejscIdTeryt><sln:miejscNazwa>Wygoda</sln:miejscNazwa><sln:miejscRodzaj>Wieś</sln:miejscRodzaj><sln:powIIPId>4670c0b0-9225-450f-a0c2-8ff56cbe3b08</sln:powIIPId><sln:powIIPPn>PL.PZGIK.200</sln:powIIPPn><sln:powIIPWersja>2012-09-27T08:13:53+02:00</sln:powIIPWersja><sln:powIdTeryt>1417</sln:powIdTeryt><sln:powNazwa>otwocki</sln:powNazwa><sln:waznyOd>2011-03-07T00:00:00+01:00</sln:waznyOd><sln:wojIIPId>4b6c492a-eb04-441d-a92a-f44359c06de7</sln:wojIIPId><sln:wojIIPPn>PL.PZGIK.200</sln:wojIIPPn><sln:wojIIPWersja>2012-09-27T13:45:13+02:00</sln:wojIIPWersja><sln:wojIdTeryt>14</sln:wojIdTeryt><sln:wojNazwa>mazowieckie</sln:wojNazwa></sln:miejscowosc><sln:miejscowosc><sln:cyklZyciaOd>2017-03-14T00:00:00+01:00</sln:cyklZyciaOd><sln:gmIIPId>71635522-8fd7-4bfd-91a1-ba8a0ef031b4</sln:gmIIPId><sln:gmIIPPn>PL.PZGIK.200</sln:gmIIPPn><sln:gmIIPWersja>2012-09-26T22:53:50+02:00</sln:gmIIPWersja><sln:gmIdTeryt>1417043</sln:gmIdTeryt><sln:gmNazwa>Karczew</sln:gmNazwa><sln:miejscIIPId>2e9ede01-0369-4ae9-8d5a-007fa3ef505d</sln:miejscIIPId><sln:miejscIIPPn>PL.PZGIK.200</sln:miejscIIPPn><sln:miejscIIPWersja>2017-03-14T15:40:22+02:00</sln:miejscIIPWersja><sln:miejscIdTeryt>0920500</sln:miejscIdTeryt><sln:miejscNazwa>Karczew</sln:miejscNazwa><sln:miejscRodzaj>Miasto</sln:miejscRodzaj><sln:powIIPId>4670c0b0-9225-450f-a0c2-8ff56cbe3b08</sln:powIIPId><sln:powIIPPn>PL.PZGIK.200</sln:powIIPPn><sln:powIIPWersja>2012-09-27T08:13:53+02:00</sln:powIIPWersja><sln:powIdTeryt>1417</sln:powIdTeryt><sln:powNazwa>otwocki</sln:powNazwa><sln:waznyOd>2011-03-07T00:00:00+01:00</sln:waznyOd><sln:wojIIPId>4b6c492a-eb04-441d-a92a-f44359c06de7</sln:wojIIPId><sln:wojIIPPn>PL.PZGIK.200</sln:wojIIPPn><sln:wojIIPWersja>2012-09-27T13:45:13+02:00</sln:wojIIPWersja><sln:wojIdTeryt>14</sln:wojIdTeryt><sln:wojNazwa>mazowieckie</sln:wojNazwa></sln:miejscowosc></sln:lista-miejscowosci>