<?xml version="1.0" encoding="UTF-8" standalone="yes"?><sln:lista-miejscowosci xmlns:srv="http://gugik.gov.pl/schemas/slowniki-service/1.0" xmlns:sln="http://gugik.gov.pl/schemas/slowniki-schema/1.0"><sln:miejscowosc><sln:cyklZyciaDo>2017-03-28T00:00:00+02:00</sln:cyklZyciaDo><sln:cyklZyciaOd>2015-11-24T00:00:00+01:00</sln:cyklZyciaOd><sln:gmIIPId>39592285-640a-43c7-9204-855f104327e0</sln:gmIIPId><sln:gmIIPPn>PL.PZGIK.200</sln:gmIIPPn><sln:gmIIPWersja>2012-09-26T22:53:15+02:00</sln:gmIIPWersja><sln:gmIdTeryt>1416112</sln:gmIdTeryt><sln:gmNazwa>Zaręby Kościelne</sln:gmNazwa><sln:miejscIIPId>b6df8775-1553-47d7-95c7-8f3a30356a0f</sln:miejscIIPId><sln:miejscIIPPn>PL.PZGIK.200</sln:miejscIIPPn><sln:miejscIIPWersja>2016-11-24T10:25:25+02:00</sln:miejscIIPWersja><sln:miejscIdTeryt>0411507</sln:miejscIdTeryt><sln:miejscNazwa>Budziszewo</sln:miejscNazwa><sln:miejscRodzaj>Wieś</sln:miejscRodzaj><sln:powIIPId>17fc6675-6104-4686-b70e-cf2a562b89e6</sln:powIIPId><sln:powIIPPn>PL.PZGIK.200</sln:powIIPPn><sln:powIIPWersja>2012-09-27T08:13:53+02:00</sln:powIIPWersja><sln:powIdTeryt>1416</sln:powIdTeryt><sln:powNazwa>ostrowski</sln:powNazwa><sln:waznyOd>2013-02-27T00:00:00+01:00</sln:waznyOd><sln:wojIIPId>4b6c492a-eb04-441d-a92a-f44359c06de7</sln:wojIIPId><sln:wojIIPPn>PL.PZGIK.200</sln:wojIIPPn><sln:wojIIPWersja>2012-09-27T13:45:13+02:00</sln:wojIIPWersja><sln:wojIdTeryt>14</sln:wojIdTeryt><sln:wojNazwa>mazowieckie</sln:wojNazwa></sln:miejscowosc><sln:miejscowosc><sln:cyklZyciaDo>2017-03-28T00:00:00+02:00</sln:cyklZyciaDo><sln:cyklZyciaOd>2015-11-24T00:00:00+01:00</sln:cyklZyciaOd><sln:gmIIPId>39592285-640a-43c7-9204-855f104327e0</sln:gmIIPId><sln:gmIIPPn>PL.PZGIK.200</sln:gmIIPPn><sln:gmIIPWersja>2012-09-26T22:53:15+02:00</sln:gmIIPWersja><sln:gmIdTeryt>1416112</sln:gmIdTeryt><sln:gmNazwa>Zaręby Kościelne</sln:gmNazwa><sln:miejscIIPId>43520c3e-e143-4200-897e-fdca8f8770cf</sln:miejscIIPId><sln:miejscIIPPn>PL.PZGIK.200</sln:miejscIIPPn><sln:miejscIIPWersja>2016-11-24T10:25:25+02:00</sln:miejscIIPWersja><sln:miejscIdTeryt>0411513</sln:miejscIdTeryt><sln:miejscNazwa>Chmielewo</sln:miejscNazwa><sln:miejscRodzaj>Wieś</sln:miejscRodzaj><sln:powIIPId>17fc6675-6104-4686-b70e-cf2a562b89e6</sln:powIIPId><sln:powIIPPn>PL.PZGIK.200</sln:powIIPPn><sln:powIIPWersja>2012-09-27T08:13:53+02:00</sln:powIIPWersja><sln:powIdTeryt>1416</sln:powIdTeryt><sln:powNazwa>ostrowski</sln:powNazwa><sln:waznyOd>2013-02-27T00:00:00+01:00</sln:waznyOd><sln:wojIIPId>4b6c492a-eb04-441d-a92a-f44359c06de7</sln:wojIIPId><sln:wojIIPPn>PL.PZGIK.200</sln:wojIIPPn><sln:wojIIPWersja>2012-09-27T13:45:13+02:00</sln:wojIIPWersja><sln:wojIdTeryt>14</sln:wojIdTeryt><sln:wojNazwa>mazowieckie</sln:wojNazwa></sln:miejscowosc><sln:miejscowosc><sln:cyklZyciaDo>2017-03-28T00:00:00+02:00</sln:cyklZyciaDo><sln:cyklZyciaOd>2015-11-24T00:00:00+01:00</sln:cyklZyciaOd><sln:gmIIPId>39592285-640a-43c7-9204-855f104327e0</sln:gmIIPId><sln:gmIIPPn>PL.PZGIK.200</sln:gmIIPPn><sln:gmIIPWersja>2012-09-26T22:53:15+02:00</sln:gmIIPWersja><sln:gmIdTeryt>1416112</sln:gmIdTeryt><sln:gmNazwa>Zaręby Kościelne</sln:gmNazwa><sln:miejscIIPId>6d2d3147-8dc1-4aa3-9abe-2a1fba86b070</sln:miejscIIPId><sln:miejscIIPPn>PL.PZGIK.200</sln:miejscIIPPn><sln:miejscIIPWersja>2016-11-24T10:25:25+02:00</sln:miejscIIPWersja><sln:miejscIdTeryt>0411565</sln:miejscIdTeryt><sln:miejscNazwa>Gaczkowo</sln:miejscNazwa><sln:miejscRodzaj>Wieś</sln:miejscRodzaj><sln:powIIPId>17fc6675-6104-4686-b70e-cf2a562b89e6</sln:powIIPId><sln:powIIPPn>PL.PZGIK.200</sln:powIIPPn><sln:powIIPWersja>2012-09-27T08:13:53+02:00</sln:powIIPWersja><sln:powIdTeryt>1416</sln:powIdTeryt><sln:powNazwa>ostrowski</sln:powNazwa><sln:waznyOd>2013-02-27T00:00:00+01:00</sln:waznyOd><sln:wojIIPId>4b6c492a-eb04-441d-a92a-f44359c06de7</sln:wojIIPId><sln:wojIIPPn>PL.PZGIK.200</sln:wojIIPPn><sln:wojIIPWersja>2012-09-27T13:45:13+02:00</sln:wojIIPWersja><sln:wojIdTeryt>14</sln:wojIdTeryt><sln:wojNazwa>mazowieckie</sln:wojNazwa></sln:miejscowosc><sln:miejscowosc><sln:cyklZyciaDo>2017-03-28T00:00:00+02:00</sln:cyklZyciaDo><sln:cyklZyciaOd>2015-11-24T00:00:00+01:00</sln:cyklZyciaOd><sln:gmIIPId>39592285-640a-43c7-9204-855f104327e0</sln:gmIIPId><sln:gmIIPPn>PL.PZGIK.200</sln:gmIIPPn><sln:gmIIPWersja>2012-09-26T22:53:15+02:00</sln:gmIIPWersja><sln:gmIdTeryt>1416112</sln:gmIdTeryt><sln:gmNazwa>Zaręby Kościelne</sln:gmNazwa><sln:miejscIIPId>b7e6def0-04ab-4bce-83b2-ce19bcc584b2</sln:miejscIIPId><sln:miejscIIPPn>PL.PZGIK.200</sln:miejscIIPPn><sln:miejscIIPWersja>2016-11-24T10:25:25+02:00</sln:miejscIIPWersja><sln:miejscIdTeryt>0411571</sln:miejscIdTeryt><sln:miejscNazwa>Gąsiorowo</sln:miejscNazwa><sln:miejscRodzaj>Wieś</sln:miejscRodzaj><sln:powIIPId>17fc6675-6104-4686-b70e-cf2a562b89e6</sln:powIIPId><sln:powIIPPn>PL.PZGIK.200</sln:powIIPPn><sln:powIIPWersja>2012-09-27T08:13:53+02:00</sln:powIIPWersja><sln:powIdTeryt>1416</sln:powIdTeryt><sln:powNazwa>ostrowski</sln:powNazwa><sln:waznyOd>2013-02-27T00:00:00+01:00</sln:waznyOd><sln:wojIIPId>4b6c492a-eb04-441d-a92a-f44359c06de7</sln:wojIIPId><sln:wojIIPPn>PL.PZGIK.200</sln:wojIIPPn><sln:wojIIPWersja>2012-09-27T13:45:13+02:00</sln:wojIIPWersja><sln:wojIdTeryt>14</sln:wojIdTeryt><sln:wojNazwa>mazowieckie</sln:wojNazwa></sln:miejscowosc><sln:miejscowosc><sln:cyklZyciaDo>2017-03-28T00:00:00+02:00</sln:cyklZyciaDo><sln:cyklZyciaOd>2015-11-24T00:00:00+01:00</sln:cyklZyciaOd><sln:gmIIPId>39592285-640a-43c7-9204-855f104327e0</sln:gmIIPId><sln:gmIIPPn>PL.PZGIK.200</sln:gmIIPPn><sln:gmIIPWersja>2012-09-26T22:53:15+02:00</sln:gmIIPWersja><sln:gmIdTeryt>1416112</sln:gmIdTeryt><sln:gmNazwa>Zaręby Kościelne</sln:gmNazwa><sln:miejscIIPId>cb1b0827-7ca1-4128-ba38-cfeba64c0fde</sln:miejscIIPId><sln:miejscIIPPn>PL.PZGIK.200</sln:miejscIIPPn><sln:miejscIIPWersja>2016-11-24T10:25:25+02:00</sln:miejscIIPWersja><sln:miejscIdTeryt>0411588</sln:miejscIdTeryt><sln:miejscNazwa>Grabowo</sln:miejscNazwa><sln:miejscRodzaj>Wieś</sln:miejscRodzaj><sln:powIIPId>17fc6675-6104-4686-b70e-cf2a562b89e6</sln:powIIPId><sln:powIIPPn>PL.PZGIK.200</sln:powIIPPn><sln:powIIPWersja>2012-09-27T08:13:53+02:00</sln:powIIPWersja><sln:powIdTeryt>1416</sln:powIdTeryt><sln:powNazwa>ostrowski</sln:powNazwa><sln:waznyOd>2013-02-27T00:00:00+01:00</sln:waznyOd><sln:wojIIPId>4b6c492a-eb04-441d-a92a-f44359c06de7</sln:wojIIPId><sln:wojIIPPn>PL.PZGIK.200</sln:wojIIPPn><sln:wojIIPWersja>2012-09-27T13:45:13+02:00</sln:wojIIPWersja><sln:wojIdTeryt>14</sln:wojIdTeryt><sln:wojNazwa>mazowieckie</sln:wojNazwa></sln:miejscowosc><sln:miejscowosc><sln:cyklZyciaDo>2017-03-28T00:00:00+02:00</sln:cyklZyciaDo><sln:cyklZyciaOd>2015-11-24T00:00:00+01:00</sln:cyklZyciaOd><sln:gmIIPId>39592285-640a-43c7-9204-855f104327e0</sln:gmIIPId><sln:gmIIPPn>PL.PZGIK.200</sln:gmIIPPn><sln:gmIIPWersja>2012-09-26T22:53:15+02:00</sln:gmIIPWersja><sln:gmIdTeryt>1416112</sln:gmIdTeryt><sln:gmNazwa>Zaręby Kościelne</sln:gmNazwa><sln:miejscIIPId>8cabac67-60e2-4047-afe7-c485446ae5a4</sln:miejscIIPId><sln:miejscIIPPn>PL.PZGIK.200</sln:miejscIIPPn><sln:miejscIIPWersja>2016-11-24T10:25:25+02:00</sln:miejscIIPWersja><sln:miejscIdTeryt>0411594</sln:miejscIdTeryt><sln:miejscNazwa>Kańkowo-Piecki</sln:miejscNazwa><sln:miejscRodzaj>Wieś</sln:miejscRodzaj><sln:powIIPId>17fc6675-6104-4686-b70e-cf2a562b89e6</sln:powIIPId><sln:powIIPPn>PL.PZGIK.200</sln:powIIPPn><sln:powIIPWersja>2012-09-27T08:13:53+02:00</sln:powIIPWersja><sln:powIdTeryt>1416</sln:powIdTeryt><sln:powNazwa>ostrowski</sln:powNazwa><sln:waznyOd>2013-02-27T00:00:00+01:00</sln:waznyOd><sln:wojIIPId>4b6c492a-eb04-441d-a92a-f44359c06de7</sln:wojIIPId><sln:wojIIPPn>PL.PZGIK.200</sln:wojIIPPn><sln:wojIIPWersja>2012-09-27T13:45:13+02:00</sln:wojIIPWersja><sln:wojIdTeryt>14</sln:wojIdTeryt><sln:wojNazwa>mazowieckie</sln:wojNazwa></sln:miejscowosc><sln:miejscowosc><sln:cyklZyciaDo>2017-03-28T00:00:00+02:00</sln:cyklZyciaDo><sln:cyklZyciaOd>2015-11-24T00:00:00+01:00</sln:cyklZyciaOd><sln:gmIIPId>39592285-640a-43c7-9204-855f104327e0</sln:gmIIPId><sln:gmIIPPn>PL.PZGIK.200</sln:gmIIPPn><sln:gmIIPWersja>2012-09-26T22:53:15+02:00</sln:gmIIPWersja><sln:gmIdTeryt>1416112</sln:gmIdTeryt><sln:gmNazwa>Zaręby Kościelne</sln:gmNazwa><sln:miejscIIPId>09d1840b-3aed-4e4b-bfc0-d4742be905ba</sln:miejscIIPId><sln:miejscIIPPn>PL.PZGIK.200</sln:miejscIIPPn><sln:miejscIIPWersja>2016-11-24T10:25:25+02:00</sln:miejscIIPWersja><sln:miejscIdTeryt>0411520</sln:miejscIdTeryt><sln:miejscNazwa>Kawał</sln:miejscNazwa><sln:miejscRodzaj>Inny obiekt</sln:miejscRodzaj><sln:powIIPId>17fc6675-6104-4686-b70e-cf2a562b89e6</sln:powIIPId><sln:powIIPPn>PL.PZGIK.200</sln:powIIPPn><sln:powIIPWersja>2012-09-27T08:13:53+02:00</sln:powIIPWersja><sln:powIdTeryt>1416</sln:powIdTeryt><sln:powNazwa>ostrowski</sln:powNazwa><sln:waznyOd>2013-02-27T00:00:00+01:00</sln:waznyOd><sln:wojIIPId>4b6c492a-eb04-441d-a92a-f44359c06de7</sln:wojIIPId><sln:wojIIPPn>PL.PZGIK.200</sln:wojIIPPn><sln:wojIIPWersja>2012-09-27T13:45:13+02:00</sln:wojIIPWersja><sln:wojIdTeryt>14</sln:wojIdTeryt><sln:wojNazwa>mazowieckie</sln:wojNazwa></sln:miejscowosc><sln:miejscowosc><sln:cyklZyciaDo>2017-03-28T00:00:00+02:00</sln:cyklZyciaDo><sln:cyklZyciaOd>2015-11-24T00:00:00+01:00</sln:cyklZyciaOd><sln:gmIIPId>39592285-640a-43c7-9204-855f104327e0</sln:gmIIPId><sln:gmIIPPn>PL.PZGIK.200</sln:gmIIPPn><sln:gmIIPWersja>2012-09-26T22:53:15+02:00</sln:gmIIPWersja><sln:gmIdTeryt>1416112</sln:gmIdTeryt><sln:gmNazwa>Zaręby Kościelne</sln:gmNazwa><sln:miejscIIPId>bc7bcc04-60f2-4494-911e-4422a75ba5df</sln:miejscIIPId><sln:miejscIIPPn>PL.PZGIK.200</sln:miejscIIPPn><sln:miejscIIPWersja>2016-11-24T10:25:25+02:00</sln:miejscIIPWersja><sln:miejscIdTeryt>0411602</sln:miejscIdTeryt><sln:miejscNazwa>Kępiste-Borowe</sln:miejscNazwa><sln:miejscRodzaj>Wieś</sln:miejscRodzaj><sln:powIIPId>17fc6675-6104-4686-b70e-cf2a562b89e6</sln:powIIPId><sln:powIIPPn>PL.PZGIK.200</sln:powIIPPn><sln:powIIPWersja>2012-09-27T08:13:53+02:00</sln:powIIPWersja><sln:powIdTeryt>1416</sln:powIdTeryt><sln:powNazwa>ostrowski</sln:powNazwa><sln:waznyOd>2013-02-27T00:00:00+01:00</sln:waznyOd><sln:wojIIPId>4b6c492a-eb04-441d-a92a-f44359c06de7</sln:wojIIPId><sln:wojIIPPn>PL.PZGIK.200</sln:wojIIPPn><sln:wojIIPWersja>2012-09-27T13:45:13+02:00</sln:wojIIPWersja><sln:wojIdTeryt>14</sln:wojIdTeryt><sln:wojNazwa>mazowieckie</sln:wojNazwa></sln:miejscowosc><sln:miejscowosc><sln:cyklZyciaDo>2017-03-28T00:00:00+02:00</sln:cyklZyciaDo><sln:cyklZyciaOd>2015-11-24T00:00:00+01:00</sln:cyklZyciaOd><sln:gmIIPId>39592285-640a-43c7-9204-855f104327e0</sln:gmIIPId><sln:gmIIPPn>PL.PZGIK.200</sln:gmIIPPn><sln:gmIIPWersja>2012-09-26T22:53:15+02:00</sln:gmIIPWersja><sln:gmIdTeryt>1416112</sln:gmIdTeryt><sln:gmNazwa>Zaręby Kościelne</sln:gmNazwa><sln:miejscIIPId>e6e2bc7c-bc33-4095-b080-3cb3980986cd</sln:miejscIIPId><sln:miejscIIPPn>PL.PZGIK.200</sln:miejscIIPPn><sln:miejscIIPWersja>2016-11-24T10:25:25+02:00</sln:miejscIIPWersja><sln:miejscIdTeryt>0411619</sln:miejscIdTeryt><sln:miejscNazwa>Kietlanka</sln:miejscNazwa><sln:miejscRodzaj>Wieś</sln:miejscRodzaj><sln:powIIPId>17fc6675-6104-4686-b70e-cf2a562b89e6</sln:powIIPId><sln:powIIPPn>PL.PZGIK.200</sln:powIIPPn><sln:powIIPWersja>2012-09-27T08:13:53+02:00</sln:powIIPWersja><sln:powIdTeryt>1416</sln:powIdTeryt><sln:powNazwa>ostrowski</sln:powNazwa><sln:waznyOd>2013-02-27T00:00:00+01:00</sln:waznyOd><sln:wojIIPId>4b6c492a-eb04-441d-a92a-f44359c06de7</sln:wojIIPId><sln:wojIIPPn>PL.PZGIK.200</sln:wojIIPPn><sln:wojIIPWersja>2012-09-27T13:45:13+02:00</sln:wojIIPWersja><sln:wojIdTeryt>14</sln:wojIdTeryt><sln:wojNazwa>mazowieckie</sln:wojNazwa></sln:miejscowosc><sln:miejscowosc><sln:cyklZyciaDo>2017-03-28T00:00:00+02:00</sln:cyklZyciaDo><sln:cyklZyciaOd>2015-11-24T00:00:00+01:00</sln:cyklZyciaOd><sln:gmIIPId>39592285-640a-43c7-9204-855f104327e0</sln:gmIIPId><sln:gmIIPPn>PL.PZGIK.200</sln:gmIIPPn><sln:gmIIPWersja>2012-09-26T22:53:15+02:00</sln:gmIIPWersja><sln:gmIdTeryt>1416112</sln:gmIdTeryt><sln:gmNazwa>Zaręby Kościelne</sln:gmNazwa><sln:miejscIIPId>a2813f40-0e7c-4537-948a-20b260ec36d4</sln:miejscIIPId><sln:miejscIIPPn>PL.PZGIK.200</sln:miejscIIPPn><sln:miejscIIPWersja>2016-11-24T10:25:25+02:00</sln:miejscIIPWersja><sln:miejscIdTeryt>0411625</sln:miejscIdTeryt><sln:miejscNazwa>Kosuty</sln:miejscNazwa><sln:miejscRodzaj>Wieś</sln:miejscRodzaj><sln:powIIPId>17fc6675-6104-4686-b70e-cf2a562b89e6</sln:powIIPId><sln:powIIPPn>PL.PZGIK.200</sln:powIIPPn><sln:powIIPWersja>2012-09-27T08:13:53+02:00</sln:powIIPWersja><sln:powIdTeryt>1416</sln:powIdTeryt><sln:powNazwa>ostrowski</sln:powNazwa><sln:waznyOd>2013-02-27T00:00:00+01:00</sln:waznyOd><sln:wojIIPId>4b6c492a-eb04-441d-a92a-f44359c06de7</sln:wojIIPId><sln:wojIIPPn>PL.PZGIK.200</sln:wojIIPPn><sln:wojIIPWersja>2012-09-27T13:45:13+02:00</sln:wojIIPWersja><sln:wojIdTeryt>14</sln:wojIdTeryt><sln:wojNazwa>mazowieckie</sln:wojNazwa></sln:miejscowosc><sln:miejscowosc><sln:cyklZyciaDo>2017-03-28T00:00:00+02:00</sln:cyklZyciaDo><sln:cyklZyciaOd>2015-11-24T00:00:00+01:00</sln:cyklZyciaOd><sln:gmIIPId>39592285-640a-43c7-9204-855f104327e0</sln:gmIIPId><sln:gmIIPPn>PL.PZGIK.200</sln:gmIIPPn><sln:gmIIPWersja>2012-09-26T22:53:15+02:00</sln:gmIIPWersja><sln:gmIdTeryt>1416112</sln:gmIdTeryt><sln:gmNazwa>Zaręby Kościelne</sln:gmNazwa><sln:miejscIIPId>9c4362cb-f886-4b9e-9bb3-185d37266877</sln:miejscIIPId><sln:miejscIIPPn>PL.PZGIK.200</sln:miejscIIPPn><sln:miejscIIPWersja>2016-11-24T10:25:25+02:00</sln:miejscIIPWersja><sln:miejscIdTeryt>0411631</sln:miejscIdTeryt><sln:miejscNazwa>Niemiry</sln:miejscNazwa><sln:miejscRodzaj>Wieś</sln:miejscRodzaj><sln:powIIPId>17fc6675-6104-4686-b70e-cf2a562b89e6</sln:powIIPId><sln:powIIPPn>PL.PZGIK.200</sln:powIIPPn><sln:powIIPWersja>2012-09-27T08:13:53+02:00</sln:powIIPWersja><sln:powIdTeryt>1416</sln:powIdTeryt><sln:powNazwa>ostrowski</sln:powNazwa><sln:waznyOd>2013-02-27T00:00:00+01:00</sln:waznyOd><sln:wojIIPId>4b6c492a-eb04-441d-a92a-f44359c06de7</sln:wojIIPId><sln:wojIIPPn>PL.PZGIK.200</sln:wojIIPPn><sln:wojIIPWersja>2012-09-27T13:45:13+02:00</sln:wojIIPWersja><sln:wojIdTeryt>14</sln:wojIdTeryt><sln:wojNazwa>mazowieckie</sln:wojNazwa></sln:miejscowosc><sln:miejscowosc><sln:cyklZyciaDo>2017-03-28T00:00:00+02:00</sln:cyklZyciaDo><sln:cyklZyciaOd>2015-11-24T00:00:00+01:00</sln:cyklZyciaOd><sln:gmIIPId>39592285-640a-43c7-9204-855f104327e0</sln:gmIIPId><sln:gmIIPPn>PL.PZGIK.200</sln:gmIIPPn><sln:gmIIPWersja>2012-09-26T22:53:15+02:00</sln:gmIIPWersja><sln:gmIdTeryt>1416112</sln:gmIdTeryt><sln:gmNazwa>Zaręby Kościelne</sln:gmNazwa><sln:miejscIIPId>031224f5-721f-4327-8621-a22a363bb0ca</sln:miejscIIPId><sln:miejscIIPPn>PL.PZGIK.200</sln:miejscIIPPn><sln:miejscIIPWersja>2016-11-24T10:25:25+02:00</sln:miejscIIPWersja><sln:miejscIdTeryt>0411648</sln:miejscIdTeryt><sln:miejscNazwa>Nienałty-Brewki</sln:miejscNazwa><sln:miejscRodzaj>Wieś</sln:miejscRodzaj><sln:powIIPId>17fc6675-6104-4686-b70e-cf2a562b89e6</sln:powIIPId><sln:powIIPPn>PL.PZGIK.200</sln:powIIPPn><sln:powIIPWersja>2012-09-27T08:13:53+02:00</sln:powIIPWersja><sln:powIdTeryt>1416</sln:powIdTeryt><sln:powNazwa>ostrowski</sln:powNazwa><sln:waznyOd>2013-02-27T00:00:00+01:00</sln:waznyOd><sln:wojIIPId>4b6c492a-eb04-441d-a92a-f44359c06de7</sln:wojIIPId><sln:wojIIPPn>PL.PZGIK.200</sln:wojIIPPn><sln:wojIIPWersja>2012-09-27T13:45:13+02:00</sln:wojIIPWersja><sln:wojIdTeryt>14</sln:wojIdTeryt><sln:wojNazwa>mazowieckie</sln:wojNazwa></sln:miejscowosc><sln:miejscowosc><sln:cyklZyciaDo>2017-03-28T00:00:00+02:00</sln:cyklZyciaDo><sln:cyklZyciaOd>2015-11-24T00:00:00+01:00</sln:cyklZyciaOd><sln:gmIIPId>39592285-640a-43c7-9204-855f104327e0</sln:gmIIPId><sln:gmIIPPn>PL.PZGIK.200</sln:gmIIPPn><sln:gmIIPWersja>2012-09-26T22:53:15+02:00</sln:gmIIPWersja><sln:gmIdTeryt>1416112</sln:gmIdTeryt><sln:gmNazwa>Zaręby Kościelne</sln:gmNazwa><sln:miejscIIPId>c8b455a7-972e-4e17-9d76-19b0a03ea0a2</sln:miejscIIPId><sln:miejscIIPPn>PL.PZGIK.200</sln:miejscIIPPn><sln:miejscIIPWersja>2016-11-24T10:25:25+02:00</sln:miejscIIPWersja><sln:miejscIdTeryt>0411654</sln:miejscIdTeryt><sln:miejscNazwa>Nienałty-Szymany</sln:miejscNazwa><sln:miejscRodzaj>Wieś</sln:miejscRodzaj><sln:powIIPId>17fc6675-6104-4686-b70e-cf2a562b89e6</sln:powIIPId><sln:powIIPPn>PL.PZGIK.200</sln:powIIPPn><sln:powIIPWersja>2012-09-27T08:13:53+02:00</sln:powIIPWersja><sln:powIdTeryt>1416</sln:powIdTeryt><sln:powNazwa>ostrowski</sln:powNazwa><sln:waznyOd>2013-02-27T00:00:00+01:00</sln:waznyOd><sln:wojIIPId>4b6c492a-eb04-441d-a92a-f44359c06de7</sln:wojIIPId><sln:wojIIPPn>PL.PZGIK.200</sln:wojIIPPn><sln:wojIIPWersja>2012-09-27T13:45:13+02:00</sln:wojIIPWersja><sln:wojIdTeryt>14</sln:wojIdTeryt><sln:wojNazwa>mazowieckie</sln:wojNazwa></sln:miejscowosc><sln:miejscowosc><sln:cyklZyciaDo>2017-03-28T00:00:00+02:00</sln:cyklZyciaDo><sln:cyklZyciaOd>2015-11-24T00:00:00+01:00</sln:cyklZyciaOd><sln:gmIIPId>39592285-640a-43c7-9204-855f104327e0</sln:gmIIPId><sln:gmIIPPn>PL.PZGIK.200</sln:gmIIPPn><sln:gmIIPWersja>2012-09-26T22:53:15+02:00</sln:gmIIPWersja><sln:gmIdTeryt>1416112</sln:gmIdTeryt><sln:gmNazwa>Zaręby Kościelne</sln:gmNazwa><sln:miejscIIPId>49584251-95af-4bb8-945d-c3cdbb061d84</sln:miejscIIPId><sln:miejscIIPPn>PL.PZGIK.200</sln:miejscIIPPn><sln:miejscIIPWersja>2016-11-24T10:25:25+02:00</sln:miejscIIPWersja><sln:miejscIdTeryt>0411660</sln:miejscIdTeryt><sln:miejscNazwa>Nowa Złotoria</sln:miejscNazwa><sln:miejscRodzaj>Wieś</sln:miejscRodzaj><sln:powIIPId>17fc6675-6104-4686-b70e-cf2a562b89e6</sln:powIIPId><sln:powIIPPn>PL.PZGIK.200</sln:powIIPPn><sln:powIIPWersja>2012-09-27T08:13:53+02:00</sln:powIIPWersja><sln:powIdTeryt>1416</sln:powIdTeryt><sln:powNazwa>ostrowski</sln:powNazwa><sln:waznyOd>2013-02-27T00:00:00+01:00</sln:waznyOd><sln:wojIIPId>4b6c492a-eb04-441d-a92a-f44359c06de7</sln:wojIIPId><sln:wojIIPPn>PL.PZGIK.200</sln:wojIIPPn><sln:wojIIPWersja>2012-09-27T13:45:13+02:00</sln:wojIIPWersja><sln:wojIdTeryt>14</sln:wojIdTeryt><sln:wojNazwa>mazowieckie</sln:wojNazwa></sln:miejscowosc><sln:miejscowosc><sln:cyklZyciaDo>2017-03-28T00:00:00+02:00</sln:cyklZyciaDo><sln:cyklZyciaOd>2015-11-24T00:00:00+01:00</sln:cyklZyciaOd><sln:gmIIPId>39592285-640a-43c7-9204-855f104327e0</sln:gmIIPId><sln:gmIIPPn>PL.PZGIK.200</sln:gmIIPPn><sln:gmIIPWersja>2012-09-26T22:53:15+02:00</sln:gmIIPWersja><sln:gmIdTeryt>1416112</sln:gmIdTeryt><sln:gmNazwa>Zaręby Kościelne</sln:gmNazwa><sln:miejscIIPId>661a6dbe-9e84-4d2d-b6c4-c093f04911bf</sln:miejscIIPId><sln:miejscIIPPn>PL.PZGIK.200</sln:miejscIIPPn><sln:miejscIIPWersja>2016-11-24T10:25:25+02:00</sln:miejscIIPWersja><sln:miejscIdTeryt>0411677</sln:miejscIdTeryt><sln:miejscNazwa>Nowa Złotoria-Parcele</sln:miejscNazwa><sln:miejscRodzaj>Inny obiekt</sln:miejscRodzaj><sln:powIIPId>17fc6675-6104-4686-b70e-cf2a562b89e6</sln:powIIPId><sln:powIIPPn>PL.PZGIK.200</sln:powIIPPn><sln:powIIPWersja>2012-09-27T08:13:53+02:00</sln:powIIPWersja><sln:powIdTeryt>1416</sln:powIdTeryt><sln:powNazwa>ostrowski</sln:powNazwa><sln:waznyOd>2013-02-27T00:00:00+01:00</sln:waznyOd><sln:wojIIPId>4b6c492a-eb04-441d-a92a-f44359c06de7</sln:wojIIPId><sln:wojIIPPn>PL.PZGIK.200</sln:wojIIPPn><sln:wojIIPWersja>2012-09-27T13:45:13+02:00</sln:wojIIPWersja><sln:wojIdTeryt>14</sln:wojIdTeryt><sln:wojNazwa>mazowieckie</sln:wojNazwa></sln:miejscowosc><sln:miejscowosc><sln:cyklZyciaDo>2017-03-28T00:00:00+02:00</sln:cyklZyciaDo><sln:cyklZyciaOd>2015-11-24T00:00:00+01:00</sln:cyklZyciaOd><sln:gmIIPId>39592285-640a-43c7-9204-855f104327e0</sln:gmIIPId><sln:gmIIPPn>PL.PZGIK.200</sln:gmIIPPn><sln:gmIIPWersja>2012-09-26T22:53:15+02:00</sln:gmIIPWersja><sln:gmIdTeryt>1416112</sln:gmIdTeryt><sln:gmNazwa>Zaręby Kościelne</sln:gmNazwa><sln:miejscIIPId>43fa3b6e-e608-4d50-b0a0-c3c0089b2e13</sln:miejscIIPId><sln:miejscIIPPn>PL.PZGIK.200</sln:miejscIIPPn><sln:miejscIIPWersja>2016-11-24T10:25:25+02:00</sln:miejscIIPWersja><sln:miejscIdTeryt>0411536</sln:miejscIdTeryt><sln:miejscNazwa>Parcele</sln:miejscNazwa><sln:miejscRodzaj>Inny obiekt</sln:miejscRodzaj><sln:powIIPId>17fc6675-6104-4686-b70e-cf2a562b89e6</sln:powIIPId><sln:powIIPPn>PL.PZGIK.200</sln:powIIPPn><sln:powIIPWersja>2012-09-27T08:13:53+02:00</sln:powIIPWersja><sln:powIdTeryt>1416</sln:powIdTeryt><sln:powNazwa>ostrowski</sln:powNazwa><sln:waznyOd>2013-02-27T00:00:00+01:00</sln:waznyOd><sln:wojIIPId>4b6c492a-eb04-441d-a92a-f44359c06de7</sln:wojIIPId><sln:wojIIPPn>PL.PZGIK.200</sln:wojIIPPn><sln:wojIIPWersja>2012-09-27T13:45:13+02:00</sln:wojIIPWersja><sln:wojIdTeryt>14</sln:wojIdTeryt><sln:wojNazwa>mazowieckie</sln:wojNazwa></sln:miejscowosc><sln:miejscowosc><sln:cyklZyciaDo>2017-03-28T00:00:00+02:00</sln:cyklZyciaDo><sln:cyklZyciaOd>2015-11-24T00:00:00+01:00</sln:cyklZyciaOd><sln:gmIIPId>39592285-640a-43c7-9204-855f104327e0</sln:gmIIPId><sln:gmIIPPn>PL.PZGIK.200</sln:gmIIPPn><sln:gmIIPWersja>2012-09-26T22:53:15+02:00</sln:gmIIPWersja><sln:gmIdTeryt>1416112</sln:gmIdTeryt><sln:gmNazwa>Zaręby Kościelne</sln:gmNazwa><sln:miejscIIPId>5fc6676d-f591-4255-a6d2-2bdef22c4fd7</sln:miejscIIPId><sln:miejscIIPPn>PL.PZGIK.200</sln:miejscIIPPn><sln:miejscIIPWersja>2016-11-24T10:25:25+02:00</sln:miejscIIPWersja><sln:miejscIdTeryt>0411683</sln:miejscIdTeryt><sln:miejscNazwa>Pętkowo Wielkie</sln:miejscNazwa><sln:miejscRodzaj>Wieś</sln:miejscRodzaj><sln:powIIPId>17fc6675-6104-4686-b70e-cf2a562b89e6</sln:powIIPId><sln:powIIPPn>PL.PZGIK.200</sln:powIIPPn><sln:powIIPWersja>2012-09-27T08:13:53+02:00</sln:powIIPWersja><sln:powIdTeryt>1416</sln:powIdTeryt><sln:powNazwa>ostrowski</sln:powNazwa><sln:waznyOd>2013-02-27T00:00:00+01:00</sln:waznyOd><sln:wojIIPId>4b6c492a-eb04-441d-a92a-f44359c06de7</sln:wojIIPId><sln:wojIIPPn>PL.PZGIK.200</sln:wojIIPPn><sln:wojIIPWersja>2012-09-27T13:45:13+02:00</sln:wojIIPWersja><sln:wojIdTeryt>14</sln:wojIdTeryt><sln:wojNazwa>mazowieckie</sln:wojNazwa></sln:miejscowosc><sln:miejscowosc><sln:cyklZyciaDo>2017-03-28T00:00:00+02:00</sln:cyklZyciaDo><sln:cyklZyciaOd>2015-11-24T00:00:00+01:00</sln:cyklZyciaOd><sln:gmIIPId>39592285-640a-43c7-9204-855f104327e0</sln:gmIIPId><sln:gmIIPPn>PL.PZGIK.200</sln:gmIIPPn><sln:gmIIPWersja>2012-09-26T22:53:15+02:00</sln:gmIIPWersja><sln:gmIdTeryt>1416112</sln:gmIdTeryt><sln:gmNazwa>Zaręby Kościelne</sln:gmNazwa><sln:miejscIIPId>b9a10835-3c58-4dae-83a4-8872d60b5490</sln:miejscIIPId><sln:miejscIIPPn>PL.PZGIK.200</sln:miejscIIPPn><sln:miejscIIPWersja>2016-11-24T10:25:25+02:00</sln:miejscIIPWersja><sln:miejscIdTeryt>0411690</sln:miejscIdTeryt><sln:miejscNazwa>Pułazie</sln:miejscNazwa><sln:miejscRodzaj>Wieś</sln:miejscRodzaj><sln:powIIPId>17fc6675-6104-4686-b70e-cf2a562b89e6</sln:powIIPId><sln:powIIPPn>PL.PZGIK.200</sln:powIIPPn><sln:powIIPWersja>2012-09-27T08:13:53+02:00</sln:powIIPWersja><sln:powIdTeryt>1416</sln:powIdTeryt><sln:powNazwa>ostrowski</sln:powNazwa><sln:waznyOd>2013-02-27T00:00:00+01:00</sln:waznyOd><sln:wojIIPId>4b6c492a-eb04-441d-a92a-f44359c06de7</sln:wojIIPId><sln:wojIIPPn>PL.PZGIK.200</sln:wojIIPPn><sln:wojIIPWersja>2012-09-27T13:45:13+02:00</sln:wojIIPWersja><sln:wojIdTeryt>14</sln:wojIdTeryt><sln:wojNazwa>mazowieckie</sln:wojNazwa></sln:miejscowosc><sln:miejscowosc><sln:cyklZyciaDo>2017-03-28T00:00:00+02:00</sln:cyklZyciaDo><sln:cyklZyciaOd>2015-11-24T00:00:00+01:00</sln:cyklZyciaOd><sln:gmIIPId>39592285-640a-43c7-9204-855f104327e0</sln:gmIIPId><sln:gmIIPPn>PL.PZGIK.200</sln:gmIIPPn><sln:gmIIPWersja>2012-09-26T22:53:15+02:00</sln:gmIIPWersja><sln:gmIdTeryt>1416112</sln:gmIdTeryt><sln:gmNazwa>Zaręby Kościelne</sln:gmNazwa><sln:miejscIIPId>9d0c73b5-e481-4007-8b3b-a277c192b6e6</sln:miejscIIPId><sln:miejscIIPPn>PL.PZGIK.200</sln:miejscIIPPn><sln:miejscIIPWersja>2016-11-24T10:25:25+02:00</sln:miejscIIPWersja><sln:miejscIdTeryt>0411542</sln:miejscIdTeryt><sln:miejscNazwa>Rabędy</sln:miejscNazwa><sln:miejscRodzaj>Inny obiekt</sln:miejscRodzaj><sln:powIIPId>17fc6675-6104-4686-b70e-cf2a562b89e6</sln:powIIPId><sln:powIIPPn>PL.PZGIK.200</sln:powIIPPn><sln:powIIPWersja>2012-09-27T08:13:53+02:00</sln:powIIPWersja><sln:powIdTeryt>1416</sln:powIdTeryt><sln:powNazwa>ostrowski</sln:powNazwa><sln:waznyOd>2013-02-27T00:00:00+01:00</sln:waznyOd><sln:wojIIPId>4b6c492a-eb04-441d-a92a-f44359c06de7</sln:wojIIPId><sln:wojIIPPn>PL.PZGIK.200</sln:wojIIPPn><sln:wojIIPWersja>2012-09-27T13:45:13+02:00</sln:wojIIPWersja><sln:wojIdTeryt>14</sln:wojIdTeryt><sln:wojNazwa>mazowieckie</sln:wojNazwa></sln:miejscowosc><sln:miejscowosc><sln:cyklZyciaDo>2017-03-28T00:00:00+02:00</sln:cyklZyciaDo><sln:cyklZyciaOd>2015-11-24T00:00:00+01:00</sln:cyklZyciaOd><sln:gmIIPId>39592285-640a-43c7-9204-855f104327e0</sln:gmIIPId><sln:gmIIPPn>PL.PZGIK.200</sln:gmIIPPn><sln:gmIIPWersja>2012-09-26T22:53:15+02:00</sln:gmIIPWersja><sln:gmIdTeryt>1416112</sln:gmIdTeryt><sln:gmNazwa>Zaręby Kościelne</sln:gmNazwa><sln:miejscIIPId>eed2665d-6705-4399-9519-f227476824de</sln:miejscIIPId><sln:miejscIIPPn>PL.PZGIK.200</sln:miejscIIPPn><sln:miejscIIPWersja>2016-11-24T10:25:25+02:00</sln:miejscIIPWersja><sln:miejscIdTeryt>0411708</sln:miejscIdTeryt><sln:miejscNazwa>Rawy-Gaczkowo</sln:miejscNazwa><sln:miejscRodzaj>Wieś</sln:miejscRodzaj><sln:powIIPId>17fc6675-6104-4686-b70e-cf2a562b89e6</sln:powIIPId><sln:powIIPPn>PL.PZGIK.200</sln:powIIPPn><sln:powIIPWersja>2012-09-27T08:13:53+02:00</sln:powIIPWersja><sln:powIdTeryt>1416</sln:powIdTeryt><sln:powNazwa>ostrowski</sln:powNazwa><sln:waznyOd>2013-02-27T00:00:00+01:00</sln:waznyOd><sln:wojIIPId>4b6c492a-eb04-441d-a92a-f44359c06de7</sln:wojIIPId><sln:wojIIPPn>PL.PZGIK.200</sln:wojIIPPn><sln:wojIIPWersja>2012-09-27T13:45:13+02:00</sln:wojIIPWersja><sln:wojIdTeryt>14</sln:wojIdTeryt><sln:wojNazwa>mazowieckie</sln:wojNazwa></sln:miejscowosc><sln:miejscowosc><sln:cyklZyciaDo>2017-03-28T00:00:00+02:00</sln:cyklZyciaDo><sln:cyklZyciaOd>2015-11-24T00:00:00+01:00</sln:cyklZyciaOd><sln:gmIIPId>39592285-640a-43c7-9204-855f104327e0</sln:gmIIPId><sln:gmIIPPn>PL.PZGIK.200</sln:gmIIPPn><sln:gmIIPWersja>2012-09-26T22:53:15+02:00</sln:gmIIPWersja><sln:gmIdTeryt>1416112</sln:gmIdTeryt><sln:gmNazwa>Zaręby Kościelne</sln:gmNazwa><sln:miejscIIPId>c282804a-c00e-413e-a790-42c27caa0e66</sln:miejscIIPId><sln:miejscIIPPn>PL.PZGIK.200</sln:miejscIIPPn><sln:miejscIIPWersja>2016-11-24T10:25:25+02:00</sln:miejscIIPWersja><sln:miejscIdTeryt>0411714</sln:miejscIdTeryt><sln:miejscNazwa>Rostki-Daćbogi</sln:miejscNazwa><sln:miejscRodzaj>Wieś</sln:miejscRodzaj><sln:powIIPId>17fc6675-6104-4686-b70e-cf2a562b89e6</sln:powIIPId><sln:powIIPPn>PL.PZGIK.200</sln:powIIPPn><sln:powIIPWersja>2012-09-27T08:13:53+02:00</sln:powIIPWersja><sln:powIdTeryt>1416</sln:powIdTeryt><sln:powNazwa>ostrowski</sln:powNazwa><sln:waznyOd>2013-02-27T00:00:00+01:00</sln:waznyOd><sln:wojIIPId>4b6c492a-eb04-441d-a92a-f44359c06de7</sln:wojIIPId><sln:wojIIPPn>PL.PZGIK.200</sln:wojIIPPn><sln:wojIIPWersja>2012-09-27T13:45:13+02:00</sln:wojIIPWersja><sln:wojIdTeryt>14</sln:wojIdTeryt><sln:wojNazwa>mazowieckie</sln:wojNazwa></sln:miejscowosc><sln:miejscowosc><sln:cyklZyciaDo>2017-03-28T00:00:00+02:00</sln:cyklZyciaDo><sln:cyklZyciaOd>2015-11-24T00:00:00+01:00</sln:cyklZyciaOd><sln:gmIIPId>39592285-640a-43c7-9204-855f104327e0</sln:gmIIPId><sln:gmIIPPn>PL.PZGIK.200</sln:gmIIPPn><sln:gmIIPWersja>2012-09-26T22:53:15+02:00</sln:gmIIPWersja><sln:gmIdTeryt>1416112</sln:gmIdTeryt><sln:gmNazwa>Zaręby Kościelne</sln:gmNazwa><sln:miejscIIPId>5d2b60de-b124-4020-81ff-880584b511f4</sln:miejscIIPId><sln:miejscIIPPn>PL.PZGIK.200</sln:miejscIIPPn><sln:miejscIIPWersja>2016-11-24T10:25:25+02:00</sln:miejscIIPWersja><sln:miejscIdTeryt>0411720</sln:miejscIdTeryt><sln:miejscNazwa>Skłody-Piotrowice</sln:miejscNazwa><sln:miejscRodzaj>Wieś</sln:miejscRodzaj><sln:powIIPId>17fc6675-6104-4686-b70e-cf2a562b89e6</sln:powIIPId><sln:powIIPPn>PL.PZGIK.200</sln:powIIPPn><sln:powIIPWersja>2012-09-27T08:13:53+02:00</sln:powIIPWersja><sln:powIdTeryt>1416</sln:powIdTeryt><sln:powNazwa>ostrowski</sln:powNazwa><sln:waznyOd>2013-02-27T00:00:00+01:00</sln:waznyOd><sln:wojIIPId>4b6c492a-eb04-441d-a92a-f44359c06de7</sln:wojIIPId><sln:wojIIPPn>PL.PZGIK.200</sln:wojIIPPn><sln:wojIIPWersja>2012-09-27T13:45:13+02:00</sln:wojIIPWersja><sln:wojIdTeryt>14</sln:wojIdTeryt><sln:wojNazwa>mazowieckie</sln:wojNazwa></sln:miejscowosc><sln:miejscowosc><sln:cyklZyciaDo>2017-03-28T00:00:00+02:00</sln:cyklZyciaDo><sln:cyklZyciaOd>2015-11-24T00:00:00+01:00</sln:cyklZyciaOd><sln:gmIIPId>39592285-640a-43c7-9204-855f104327e0</sln:gmIIPId><sln:gmIIPPn>PL.PZGIK.200</sln:gmIIPPn><sln:gmIIPWersja>2012-09-26T22:53:15+02:00</sln:gmIIPWersja><sln:gmIdTeryt>1416112</sln:gmIdTeryt><sln:gmNazwa>Zaręby Kościelne</sln:gmNazwa><sln:miejscIIPId>27d29df1-b275-4a44-aa88-4ee7f2baea19</sln:miejscIIPId><sln:miejscIIPPn>PL.PZGIK.200</sln:miejscIIPPn><sln:miejscIIPWersja>2016-11-24T10:25:25+02:00</sln:miejscIIPWersja><sln:miejscIdTeryt>0411737</sln:miejscIdTeryt><sln:miejscNazwa>Skłody-Stachy</sln:miejscNazwa><sln:miejscRodzaj>Wieś</sln:miejscRodzaj><sln:powIIPId>17fc6675-6104-4686-b70e-cf2a562b89e6</sln:powIIPId><sln:powIIPPn>PL.PZGIK.200</sln:powIIPPn><sln:powIIPWersja>2012-09-27T08:13:53+02:00</sln:powIIPWersja><sln:powIdTeryt>1416</sln:powIdTeryt><sln:powNazwa>ostrowski</sln:powNazwa><sln:waznyOd>2013-02-27T00:00:00+01:00</sln:waznyOd><sln:wojIIPId>4b6c492a-eb04-441d-a92a-f44359c06de7</sln:wojIIPId><sln:wojIIPPn>PL.PZGIK.200</sln:wojIIPPn><sln:wojIIPWersja>2012-09-27T13:45:13+02:00</sln:wojIIPWersja><sln:wojIdTeryt>14</sln:wojIdTeryt><sln:wojNazwa>mazowieckie</sln:wojNazwa></sln:miejscowosc><sln:miejscowosc><sln:cyklZyciaDo>2017-03-28T00:00:00+02:00</sln:cyklZyciaDo><sln:cyklZyciaOd>2015-11-24T00:00:00+01:00</sln:cyklZyciaOd><sln:gmIIPId>39592285-640a-43c7-9204-855f104327e0</sln:gmIIPId><sln:gmIIPPn>PL.PZGIK.200</sln:gmIIPPn><sln:gmIIPWersja>2012-09-26T22:53:15+02:00</sln:gmIIPWersja><sln:gmIdTeryt>1416112</sln:gmIdTeryt><sln:gmNazwa>Zaręby Kościelne</sln:gmNazwa><sln:miejscIIPId>0493dd49-2051-4cf7-93f4-f80c0475cd59</sln:miejscIIPId><sln:miejscIIPPn>PL.PZGIK.200</sln:miejscIIPPn><sln:miejscIIPWersja>2016-11-24T10:25:25+02:00</sln:miejscIIPWersja><sln:miejscIdTeryt>0411743</sln:miejscIdTeryt><sln:miejscNazwa>Skłody Średnie</sln:miejscNazwa><sln:miejscRodzaj>Wieś</sln:miejscRodzaj><sln:powIIPId>17fc6675-6104-4686-b70e-cf2a562b89e6</sln:powIIPId><sln:powIIPPn>PL.PZGIK.200</sln:powIIPPn><sln:powIIPWersja>2012-09-27T08:13:53+02:00</sln:powIIPWersja><sln:powIdTeryt>1416</sln:powIdTeryt><sln:powNazwa>ostrowski</sln:powNazwa><sln:waznyOd>2013-02-27T00:00:00+01:00</sln:waznyOd><sln:wojIIPId>4b6c492a-eb04-441d-a92a-f44359c06de7</sln:wojIIPId><sln:wojIIPPn>PL.PZGIK.200</sln:wojIIPPn><sln:wojIIPWersja>2012-09-27T13:45:13+02:00</sln:wojIIPWersja><sln:wojIdTeryt>14</sln:wojIdTeryt><sln:wojNazwa>mazowieckie</sln:wojNazwa></sln:miejscowosc><sln:miejscowosc><sln:cyklZyciaDo>2017-03-28T00:00:00+02:00</sln:cyklZyciaDo><sln:cyklZyciaOd>2015-11-24T00:00:00+01:00</sln:cyklZyciaOd><sln:gmIIPId>39592285-640a-43c7-9204-855f104327e0</sln:gmIIPId><sln:gmIIPPn>PL.PZGIK.200</sln:gmIIPPn><sln:gmIIPWersja>2012-09-26T22:53:15+02:00</sln:gmIIPWersja><sln:gmIdTeryt>1416112</sln:gmIdTeryt><sln:gmNazwa>Zaręby Kościelne</sln:gmNazwa><sln:miejscIIPId>a116e122-abb3-4142-af65-f2ecbdf42804</sln:miejscIIPId><sln:miejscIIPPn>PL.PZGIK.200</sln:miejscIIPPn><sln:miejscIIPWersja>2016-11-24T10:25:25+02:00</sln:miejscIIPWersja><sln:miejscIdTeryt>0411750</sln:miejscIdTeryt><sln:miejscNazwa>Stara Złotoria</sln:miejscNazwa><sln:miejscRodzaj>Wieś</sln:miejscRodzaj><sln:powIIPId>17fc6675-6104-4686-b70e-cf2a562b89e6</sln:powIIPId><sln:powIIPPn>PL.PZGIK.200</sln:powIIPPn><sln:powIIPWersja>2012-09-27T08:13:53+02:00</sln:powIIPWersja><sln:powIdTeryt>1416</sln:powIdTeryt><sln:powNazwa>ostrowski</sln:powNazwa><sln:waznyOd>2013-02-27T00:00:00+01:00</sln:waznyOd><sln:wojIIPId>4b6c492a-eb04-441d-a92a-f44359c06de7</sln:wojIIPId><sln:wojIIPPn>PL.PZGIK.200</sln:wojIIPPn><sln:wojIIPWersja>2012-09-27T13:45:13+02:00</sln:wojIIPWersja><sln:wojIdTeryt>14</sln:wojIdTeryt><sln:wojNazwa>mazowieckie</sln:wojNazwa></sln:miejscowosc><sln:miejscowosc><sln:cyklZyciaDo>2017-03-28T00:00:00+02:00</sln:cyklZyciaDo><sln:cyklZyciaOd>2015-11-24T00:00:00+01:00</sln:cyklZyciaOd><sln:gmIIPId>39592285-640a-43c7-9204-855f104327e0</sln:gmIIPId><sln:gmIIPPn>PL.PZGIK.200</sln:gmIIPPn><sln:gmIIPWersja>2012-09-26T22:53:15+02:00</sln:gmIIPWersja><sln:gmIdTeryt>1416112</sln:gmIdTeryt><sln:gmNazwa>Zaręby Kościelne</sln:gmNazwa><sln:miejscIIPId>3e4c3cf3-b9ff-471e-9623-3651ccb4def2</sln:miejscIIPId><sln:miejscIIPPn>PL.PZGIK.200</sln:miejscIIPPn><sln:miejscIIPWersja>2016-11-24T10:25:25+02:00</sln:miejscIIPWersja><sln:miejscIdTeryt>0411766</sln:miejscIdTeryt><sln:miejscNazwa>Świerże-Kiełcze</sln:miejscNazwa><sln:miejscRodzaj>Wieś</sln:miejscRodzaj><sln:powIIPId>17fc6675-6104-4686-b70e-cf2a562b89e6</sln:powIIPId><sln:powIIPPn>PL.PZGIK.200</sln:powIIPPn><sln:powIIPWersja>2012-09-27T08:13:53+02:00</sln:powIIPWersja><sln:powIdTeryt>1416</sln:powIdTeryt><sln:powNazwa>ostrowski</sln:powNazwa><sln:waznyOd>2013-02-27T00:00:00+01:00</sln:waznyOd><sln:wojIIPId>4b6c492a-eb04-441d-a92a-f44359c06de7</sln:wojIIPId><sln:wojIIPPn>PL.PZGIK.200</sln:wojIIPPn><sln:wojIIPWersja>2012-09-27T13:45:13+02:00</sln:wojIIPWersja><sln:wojIdTeryt>14</sln:wojIdTeryt><sln:wojNazwa>mazowieckie</sln:wojNazwa></sln:miejscowosc><sln:miejscowosc><sln:cyklZyciaDo>2017-03-28T00:00:00+02:00</sln:cyklZyciaDo><sln:cyklZyciaOd>2015-11-24T00:00:00+01:00</sln:cyklZyciaOd><sln:gmIIPId>39592285-640a-43c7-9204-855f104327e0</sln:gmIIPId><sln:gmIIPPn>PL.PZGIK.200</sln:gmIIPPn><sln:gmIIPWersja>2012-09-26T22:53:15+02:00</sln:gmIIPWersja><sln:gmIdTeryt>1416112</sln:gmIdTeryt><sln:gmNazwa>Zaręby Kościelne</sln:gmNazwa><sln:miejscIIPId>c1e8a98d-39a1-4f8a-88bb-5ed34ee20fd2</sln:miejscIIPId><sln:miejscIIPPn>PL.PZGIK.200</sln:miejscIIPPn><sln:miejscIIPWersja>2016-11-24T10:25:25+02:00</sln:miejscIIPWersja><sln:miejscIdTeryt>0411789</sln:miejscIdTeryt><sln:miejscNazwa>Świerże-Kolonia</sln:miejscNazwa><sln:miejscRodzaj>Kolonia</sln:miejscRodzaj><sln:powIIPId>17fc6675-6104-4686-b70e-cf2a562b89e6</sln:powIIPId><sln:powIIPPn>PL.PZGIK.200</sln:powIIPPn><sln:powIIPWersja>2012-09-27T08:13:53+02:00</sln:powIIPWersja><sln:powIdTeryt>1416</sln:powIdTeryt><sln:powNazwa>ostrowski</sln:powNazwa><sln:waznyOd>2013-02-27T00:00:00+01:00</sln:waznyOd><sln:wojIIPId>4b6c492a-eb04-441d-a92a-f44359c06de7</sln:wojIIPId><sln:wojIIPPn>PL.PZGIK.200</sln:wojIIPPn><sln:wojIIPWersja>2012-09-27T13:45:13+02:00</sln:wojIIPWersja><sln:wojIdTeryt>14</sln:wojIdTeryt><sln:wojNazwa>mazowieckie</sln:wojNazwa></sln:miejscowosc><sln:miejscowosc><sln:cyklZyciaDo>2017-03-28T00:00:00+02:00</sln:cyklZyciaDo><sln:cyklZyciaOd>2015-11-24T00:00:00+01:00</sln:cyklZyciaOd><sln:gmIIPId>39592285-640a-43c7-9204-855f104327e0</sln:gmIIPId><sln:gmIIPPn>PL.PZGIK.200</sln:gmIIPPn><sln:gmIIPWersja>2012-09-26T22:53:15+02:00</sln:gmIIPWersja><sln:gmIdTeryt>1416112</sln:gmIdTeryt><sln:gmNazwa>Zaręby Kościelne</sln:gmNazwa><sln:miejscIIPId>43b7860b-cf69-493f-a0bf-97c1567ebc18</sln:miejscIIPId><sln:miejscIIPPn>PL.PZGIK.200</sln:miejscIIPPn><sln:miejscIIPWersja>2016-11-24T10:25:25+02:00</sln:miejscIIPWersja><sln:miejscIdTeryt>0411772</sln:miejscIdTeryt><sln:miejscNazwa>Świerże-Kończany</sln:miejscNazwa><sln:miejscRodzaj>Wieś</sln:miejscRodzaj><sln:powIIPId>17fc6675-6104-4686-b70e-cf2a562b89e6</sln:powIIPId><sln:powIIPPn>PL.PZGIK.200</sln:powIIPPn><sln:powIIPWersja>2012-09-27T08:13:53+02:00</sln:powIIPWersja><sln:powIdTeryt>1416</sln:powIdTeryt><sln:powNazwa>ostrowski</sln:powNazwa><sln:waznyOd>2013-02-27T00:00:00+01:00</sln:waznyOd><sln:wojIIPId>4b6c492a-eb04-441d-a92a-f44359c06de7</sln:wojIIPId><sln:wojIIPPn>PL.PZGIK.200</sln:wojIIPPn><sln:wojIIPWersja>2012-09-27T13:45:13+02:00</sln:wojIIPWersja><sln:wojIdTeryt>14</sln:wojIdTeryt><sln:wojNazwa>mazowieckie</sln:wojNazwa></sln:miejscowosc><sln:miejscowosc><sln:cyklZyciaDo>2017-03-28T00:00:00+02:00</sln:cyklZyciaDo><sln:cyklZyciaOd>2015-11-24T00:00:00+01:00</sln:cyklZyciaOd><sln:gmIIPId>39592285-640a-43c7-9204-855f104327e0</sln:gmIIPId><sln:gmIIPPn>PL.PZGIK.200</sln:gmIIPPn><sln:gmIIPWersja>2012-09-26T22:53:15+02:00</sln:gmIIPWersja><sln:gmIdTeryt>1416112</sln:gmIdTeryt><sln:gmNazwa>Zaręby Kościelne</sln:gmNazwa><sln:miejscIIPId>8161790b-736d-4ac0-bebe-7455348bd8bc</sln:miejscIIPId><sln:miejscIIPPn>PL.PZGIK.200</sln:miejscIIPPn><sln:miejscIIPWersja>2016-11-24T10:25:25+02:00</sln:miejscIIPWersja><sln:miejscIdTeryt>0411795</sln:miejscIdTeryt><sln:miejscNazwa>Świerże-Panki</sln:miejscNazwa><sln:miejscRodzaj>Wieś</sln:miejscRodzaj><sln:powIIPId>17fc6675-6104-4686-b70e-cf2a562b89e6</sln:powIIPId><sln:powIIPPn>PL.PZGIK.200</sln:powIIPPn><sln:powIIPWersja>2012-09-27T08:13:53+02:00</sln:powIIPWersja><sln:powIdTeryt>1416</sln:powIdTeryt><sln:powNazwa>ostrowski</sln:powNazwa><sln:waznyOd>2013-02-27T00:00:00+01:00</sln:waznyOd><sln:wojIIPId>4b6c492a-eb04-441d-a92a-f44359c06de7</sln:wojIIPId><sln:wojIIPPn>PL.PZGIK.200</sln:wojIIPPn><sln:wojIIPWersja>2012-09-27T13:45:13+02:00</sln:wojIIPWersja><sln:wojIdTeryt>14</sln:wojIdTeryt><sln:wojNazwa>mazowieckie</sln:wojNazwa></sln:miejscowosc><sln:miejscowosc><sln:cyklZyciaDo>2017-03-28T00:00:00+02:00</sln:cyklZyciaDo><sln:cyklZyciaOd>2015-11-24T00:00:00+01:00</sln:cyklZyciaOd><sln:gmIIPId>39592285-640a-43c7-9204-855f104327e0</sln:gmIIPId><sln:gmIIPPn>PL.PZGIK.200</sln:gmIIPPn><sln:gmIIPWersja>2012-09-26T22:53:15+02:00</sln:gmIIPWersja><sln:gmIdTeryt>1416112</sln:gmIdTeryt><sln:gmNazwa>Zaręby Kościelne</sln:gmNazwa><sln:miejscIIPId>da593dd0-8461-4adc-90d8-8819568b96f6</sln:miejscIIPId><sln:miejscIIPPn>PL.PZGIK.200</sln:miejscIIPPn><sln:miejscIIPWersja>2016-11-24T10:25:25+02:00</sln:miejscIIPWersja><sln:miejscIdTeryt>0411810</sln:miejscIdTeryt><sln:miejscNazwa>Świerże Zielone</sln:miejscNazwa><sln:miejscRodzaj>Wieś</sln:miejscRodzaj><sln:powIIPId>17fc6675-6104-4686-b70e-cf2a562b89e6</sln:powIIPId><sln:powIIPPn>PL.PZGIK.200</sln:powIIPPn><sln:powIIPWersja>2012-09-27T08:13:53+02:00</sln:powIIPWersja><sln:powIdTeryt>1416</sln:powIdTeryt><sln:powNazwa>ostrowski</sln:powNazwa><sln:waznyOd>2013-02-27T00:00:00+01:00</sln:waznyOd><sln:wojIIPId>4b6c492a-eb04-441d-a92a-f44359c06de7</sln:wojIIPId><sln:wojIIPPn>PL.PZGIK.200</sln:wojIIPPn><sln:wojIIPWersja>2012-09-27T13:45:13+02:00</sln:wojIIPWersja><sln:wojIdTeryt>14</sln:wojIdTeryt><sln:wojNazwa>mazowieckie</sln:wojNazwa></sln:miejscowosc><sln:miejscowosc><sln:cyklZyciaDo>2017-03-28T00:00:00+02:00</sln:cyklZyciaDo><sln:cyklZyciaOd>2015-11-24T00:00:00+01:00</sln:cyklZyciaOd><sln:gmIIPId>39592285-640a-43c7-9204-855f104327e0</sln:gmIIPId><sln:gmIIPPn>PL.PZGIK.200</sln:gmIIPPn><sln:gmIIPWersja>2012-09-26T22:53:15+02:00</sln:gmIIPWersja><sln:gmIdTeryt>1416112</sln:gmIdTeryt><sln:gmNazwa>Zaręby Kościelne</sln:gmNazwa><sln:miejscIIPId>f2bbea14-08f9-49b9-b8b2-cdc0cb31e115</sln:miejscIIPId><sln:miejscIIPPn>PL.PZGIK.200</sln:miejscIIPPn><sln:miejscIIPWersja>2016-11-24T10:25:25+02:00</sln:miejscIIPWersja><sln:miejscIdTeryt>0411803</sln:miejscIdTeryt><sln:miejscNazwa>Tworki</sln:miejscNazwa><sln:miejscRodzaj>Inny obiekt</sln:miejscRodzaj><sln:powIIPId>17fc6675-6104-4686-b70e-cf2a562b89e6</sln:powIIPId><sln:powIIPPn>PL.PZGIK.200</sln:powIIPPn><sln:powIIPWersja>2012-09-27T08:13:53+02:00</sln:powIIPWersja><sln:powIdTeryt>1416</sln:powIdTeryt><sln:powNazwa>ostrowski</sln:powNazwa><sln:waznyOd>2013-02-27T00:00:00+01:00</sln:waznyOd><sln:wojIIPId>4b6c492a-eb04-441d-a92a-f44359c06de7</sln:wojIIPId><sln:wojIIPPn>PL.PZGIK.200</sln:wojIIPPn><sln:wojIIPWersja>2012-09-27T13:45:13+02:00</sln:wojIIPWersja><sln:wojIdTeryt>14</sln:wojIdTeryt><sln:wojNazwa>mazowieckie</sln:wojNazwa></sln:miejscowosc><sln:miejscowosc><sln:cyklZyciaDo>2017-03-28T00:00:00+02:00</sln:cyklZyciaDo><sln:cyklZyciaOd>2015-11-24T00:00:00+01:00</sln:cyklZyciaOd><sln:gmIIPId>39592285-640a-43c7-9204-855f104327e0</sln:gmIIPId><sln:gmIIPPn>PL.PZGIK.200</sln:gmIIPPn><sln:gmIIPWersja>2012-09-26T22:53:15+02:00</sln:gmIIPWersja><sln:gmIdTeryt>1416112</sln:gmIdTeryt><sln:gmNazwa>Zaręby Kościelne</sln:gmNazwa><sln:miejscIIPId>f8966ee0-e105-4ad7-96e9-31c4af4d733d</sln:miejscIIPId><sln:miejscIIPPn>PL.PZGIK.200</sln:miejscIIPPn><sln:miejscIIPWersja>2016-11-24T10:25:25+02:00</sln:miejscIIPWersja><sln:miejscIdTeryt>0411826</sln:miejscIdTeryt><sln:miejscNazwa>Uścianek Wielki</sln:miejscNazwa><sln:miejscRodzaj>Wieś</sln:miejscRodzaj><sln:powIIPId>17fc6675-6104-4686-b70e-cf2a562b89e6</sln:powIIPId><sln:powIIPPn>PL.PZGIK.200</sln:powIIPPn><sln:powIIPWersja>2012-09-27T08:13:53+02:00</sln:powIIPWersja><sln:powIdTeryt>1416</sln:powIdTeryt><sln:powNazwa>ostrowski</sln:powNazwa><sln:waznyOd>2013-02-27T00:00:00+01:00</sln:waznyOd><sln:wojIIPId>4b6c492a-eb04-441d-a92a-f44359c06de7</sln:wojIIPId><sln:wojIIPPn>PL.PZGIK.200</sln:wojIIPPn><sln:wojIIPWersja>2012-09-27T13:45:13+02:00</sln:wojIIPWersja><sln:wojIdTeryt>14</sln:wojIdTeryt><sln:wojNazwa>mazowieckie</sln:wojNazwa></sln:miejscowosc><sln:miejscowosc><sln:cyklZyciaDo>2017-03-28T00:00:00+02:00</sln:cyklZyciaDo><sln:cyklZyciaOd>2015-11-24T00:00:00+01:00</sln:cyklZyciaOd><sln:gmIIPId>39592285-640a-43c7-9204-855f104327e0</sln:gmIIPId><sln:gmIIPPn>PL.PZGIK.200</sln:gmIIPPn><sln:gmIIPWersja>2012-09-26T22:53:15+02:00</sln:gmIIPWersja><sln:gmIdTeryt>1416112</sln:gmIdTeryt><sln:gmNazwa>Zaręby Kościelne</sln:gmNazwa><sln:miejscIIPId>b8da7b0b-5aa0-4264-a3a4-34c01634cd73</sln:miejscIIPId><sln:miejscIIPPn>PL.PZGIK.200</sln:miejscIIPPn><sln:miejscIIPWersja>2016-11-24T10:25:25+02:00</sln:miejscIIPWersja><sln:miejscIdTeryt>0411832</sln:miejscIdTeryt><sln:miejscNazwa>Zakrzewo-Kopijki</sln:miejscNazwa><sln:miejscRodzaj>Wieś</sln:miejscRodzaj><sln:powIIPId>17fc6675-6104-4686-b70e-cf2a562b89e6</sln:powIIPId><sln:powIIPPn>PL.PZGIK.200</sln:powIIPPn><sln:powIIPWersja>2012-09-27T08:13:53+02:00</sln:powIIPWersja><sln:powIdTeryt>1416</sln:powIdTeryt><sln:powNazwa>ostrowski</sln:powNazwa><sln:waznyOd>2013-02-27T00:00:00+01:00</sln:waznyOd><sln:wojIIPId>4b6c492a-eb04-441d-a92a-f44359c06de7</sln:wojIIPId><sln:wojIIPPn>PL.PZGIK.200</sln:wojIIPPn><sln:wojIIPWersja>2012-09-27T13:45:13+02:00</sln:wojIIPWersja><sln:wojIdTeryt>14</sln:wojIdTeryt><sln:wojNazwa>mazowieckie</sln:wojNazwa></sln:miejscowosc><sln:miejscowosc><sln:cyklZyciaDo>2017-03-28T00:00:00+02:00</sln:cyklZyciaDo><sln:cyklZyciaOd>2015-11-24T00:00:00+01:00</sln:cyklZyciaOd><sln:gmIIPId>39592285-640a-43c7-9204-855f104327e0</sln:gmIIPId><sln:gmIIPPn>PL.PZGIK.200</sln:gmIIPPn><sln:gmIIPWersja>2012-09-26T22:53:15+02:00</sln:gmIIPWersja><sln:gmIdTeryt>1416112</sln:gmIdTeryt><sln:gmNazwa>Zaręby Kościelne</sln:gmNazwa><sln:miejscIIPId>24287a2e-a687-4a21-a961-0be4da7cc373</sln:miejscIIPId><sln:miejscIIPPn>PL.PZGIK.200</sln:miejscIIPPn><sln:miejscIIPWersja>2016-11-24T10:25:25+02:00</sln:miejscIIPWersja><sln:miejscIdTeryt>0411849</sln:miejscIdTeryt><sln:miejscNazwa>Zakrzewo Wielkie</sln:miejscNazwa><sln:miejscRodzaj>Wieś</sln:miejscRodzaj><sln:powIIPId>17fc6675-6104-4686-b70e-cf2a562b89e6</sln:powIIPId><sln:powIIPPn>PL.PZGIK.200</sln:powIIPPn><sln:powIIPWersja>2012-09-27T08:13:53+02:00</sln:powIIPWersja><sln:powIdTeryt>1416</sln:powIdTeryt><sln:powNazwa>ostrowski</sln:powNazwa><sln:waznyOd>2013-02-27T00:00:00+01:00</sln:waznyOd><sln:wojIIPId>4b6c492a-eb04-441d-a92a-f44359c06de7</sln:wojIIPId><sln:wojIIPPn>PL.PZGIK.200</sln:wojIIPPn><sln:wojIIPWersja>2012-09-27T13:45:13+02:00</sln:wojIIPWersja><sln:wojIdTeryt>14</sln:wojIdTeryt><sln:wojNazwa>mazowieckie</sln:wojNazwa></sln:miejscowosc><sln:miejscowosc><sln:cyklZyciaDo>2017-03-28T00:00:00+02:00</sln:cyklZyciaDo><sln:cyklZyciaOd>2015-11-24T00:00:00+01:00</sln:cyklZyciaOd><sln:gmIIPId>39592285-640a-43c7-9204-855f104327e0</sln:gmIIPId><sln:gmIIPPn>PL.PZGIK.200</sln:gmIIPPn><sln:gmIIPWersja>2012-09-26T22:53:15+02:00</sln:gmIIPWersja><sln:gmIdTeryt>1416112</sln:gmIdTeryt><sln:gmNazwa>Zaręby Kościelne</sln:gmNazwa><sln:miejscIIPId>c770468c-926e-459e-b5c4-bdb89659de38</sln:miejscIIPId><sln:miejscIIPPn>PL.PZGIK.200</sln:miejscIIPPn><sln:miejscIIPWersja>2016-11-24T10:25:25+02:00</sln:miejscIIPWersja><sln:miejscIdTeryt>0411855</sln:miejscIdTeryt><sln:miejscNazwa>Zaręby Kościelne</sln:miejscNazwa><sln:miejscRodzaj>Wieś</sln:miejscRodzaj><sln:powIIPId>17fc6675-6104-4686-b70e-cf2a562b89e6</sln:powIIPId><sln:powIIPPn>PL.PZGIK.200</sln:powIIPPn><sln:powIIPWersja>2012-09-27T08:13:53+02:00</sln:powIIPWersja><sln:powIdTeryt>1416</sln:powIdTeryt><sln:powNazwa>ostrowski</sln:powNazwa><sln:waznyOd>2013-02-27T00:00:00+01:00</sln:waznyOd><sln:wojIIPId>4b6c492a-eb04-441d-a92a-f44359c06de7</sln:wojIIPId><sln:wojIIPPn>PL.PZGIK.200</sln:wojIIPPn><sln:wojIIPWersja>2012-09-27T13:45:13+02:00</sln:wojIIPWersja><sln:wojIdTeryt>14</sln:wojIdTeryt><sln:wojNazwa>mazowieckie</sln:wojNazwa></sln:miejscowosc><sln:miejscowosc><sln:cyklZyciaDo>2017-03-28T00:00:00+02:00</sln:cyklZyciaDo><sln:cyklZyciaOd>2015-11-24T00:00:00+01:00</sln:cyklZyciaOd><sln:gmIIPId>39592285-640a-43c7-9204-855f104327e0</sln:gmIIPId><sln:gmIIPPn>PL.PZGIK.200</sln:gmIIPPn><sln:gmIIPWersja>2012-09-26T22:53:15+02:00</sln:gmIIPWersja><sln:gmIdTeryt>1416112</sln:gmIdTeryt><sln:gmNazwa>Zaręby Kościelne</sln:gmNazwa><sln:miejscIIPId>9ba79415-2492-44f6-a937-a3b6936008bb</sln:miejscIIPId><sln:miejscIIPPn>PL.PZGIK.200</sln:miejscIIPPn><sln:miejscIIPWersja>2016-11-24T10:25:25+02:00</sln:miejscIIPWersja><sln:miejscIdTeryt>0411861</sln:miejscIdTeryt><sln:miejscNazwa>Zaręby Leśne</sln:miejscNazwa><sln:miejscRodzaj>Wieś</sln:miejscRodzaj><sln:powIIPId>17fc6675-6104-4686-b70e-cf2a562b89e6</sln:powIIPId><sln:powIIPPn>PL.PZGIK.200</sln:powIIPPn><sln:powIIPWersja>2012-09-27T08:13:53+02:00</sln:powIIPWersja><sln:powIdTeryt>1416</sln:powIdTeryt><sln:powNazwa>ostrowski</sln:powNazwa><sln:waznyOd>2013-02-27T00:00:00+01:00</sln:waznyOd><sln:wojIIPId>4b6c492a-eb04-441d-a92a-f44359c06de7</sln:wojIIPId><sln:wojIIPPn>PL.PZGIK.200</sln:wojIIPPn><sln:wojIIPWersja>2012-09-27T13:45:13+02:00</sln:wojIIPWersja><sln:wojIdTeryt>14</sln:wojIdTeryt><sln:wojNazwa>mazowieckie</sln:wojNazwa></sln:miejscowosc><sln:miejscowosc><sln:cyklZyciaDo>2017-03-28T00:00:00+02:00</sln:cyklZyciaDo><sln:cyklZyciaOd>2015-11-24T00:00:00+01:00</sln:cyklZyciaOd><sln:gmIIPId>39592285-640a-43c7-9204-855f104327e0</sln:gmIIPId><sln:gmIIPPn>PL.PZGIK.200</sln:gmIIPPn><sln:gmIIPWersja>2012-09-26T22:53:15+02:00</sln:gmIIPWersja><sln:gmIdTeryt>1416112</sln:gmIdTeryt><sln:gmNazwa>Zaręby Kościelne</sln:gmNazwa><sln:miejscIIPId>7f031565-0469-4ef1-945f-f3a95d1bdf65</sln:miejscIIPId><sln:miejscIIPPn>PL.PZGIK.200</sln:miejscIIPPn><sln:miejscIIPWersja>2016-11-24T10:25:25+02:00</sln:miejscIIPWersja><sln:miejscIdTeryt>0411559</sln:miejscIdTeryt><sln:miejscNazwa>Zawodzie</sln:miejscNazwa><sln:miejscRodzaj>Inny obiekt</sln:miejscRodzaj><sln:powIIPId>17fc6675-6104-4686-b70e-cf2a562b89e6</sln:powIIPId><sln:powIIPPn>PL.PZGIK.200</sln:powIIPPn><sln:powIIPWersja>2012-09-27T08:13:53+02:00</sln:powIIPWersja><sln:powIdTeryt>1416</sln:powIdTeryt><sln:powNazwa>ostrowski</sln:powNazwa><sln:waznyOd>2013-02-27T00:00:00+01:00</sln:waznyOd><sln:wojIIPId>4b6c492a-eb04-441d-a92a-f44359c06de7</sln:wojIIPId><sln:wojIIPPn>PL.PZGIK.200</sln:wojIIPPn><sln:wojIIPWersja>2012-09-27T13:45:13+02:00</sln:wojIIPWersja><sln:wojIdTeryt>14</sln:wojIdTeryt><sln:wojNazwa>mazowieckie</sln:wojNazwa></sln:miejscowosc><sln:miejscowosc><sln:cyklZyciaDo>2017-03-28T00:00:00+02:00</sln:cyklZyciaDo><sln:cyklZyciaOd>2015-11-24T00:00:00+01:00</sln:cyklZyciaOd><sln:gmIIPId>39592285-640a-43c7-9204-855f104327e0</sln:gmIIPId><sln:gmIIPPn>PL.PZGIK.200</sln:gmIIPPn><sln:gmIIPWersja>2012-09-26T22:53:15+02:00</sln:gmIIPWersja><sln:gmIdTeryt>1416112</sln:gmIdTeryt><sln:gmNazwa>Zaręby Kościelne</sln:gmNazwa><sln:miejscIIPId>22aff1a5-1977-463f-be15-946baadbb87a</sln:miejscIIPId><sln:miejscIIPPn>PL.PZGIK.200</sln:miejscIIPPn><sln:miejscIIPWersja>2016-11-24T10:25:25+02:00</sln:miejscIIPWersja><sln:miejscIdTeryt>0411878</sln:miejscIdTeryt><sln:miejscNazwa>Zgleczewo Panieńskie</sln:miejscNazwa><sln:miejscRodzaj>Wieś</sln:miejscRodzaj><sln:powIIPId>17fc6675-6104-4686-b70e-cf2a562b89e6</sln:powIIPId><sln:powIIPPn>PL.PZGIK.200</sln:powIIPPn><sln:powIIPWersja>2012-09-27T08:13:53+02:00</sln:powIIPWersja><sln:powIdTeryt>1416</sln:powIdTeryt><sln:powNazwa>ostrowski</sln:powNazwa><sln:waznyOd>2013-02-27T00:00:00+01:00</sln:waznyOd><sln:wojIIPId>4b6c492a-eb04-441d-a92a-f44359c06de7</sln:wojIIPId><sln:wojIIPPn>PL.PZGIK.200</sln:wojIIPPn><sln:wojIIPWersja>2012-09-27T13:45:13+02:00</sln:wojIIPWersja><sln:wojIdTeryt>14</sln:wojIdTeryt><sln:wojNazwa>mazowieckie</sln:wojNazwa></sln:miejscowosc><sln:miejscowosc><sln:cyklZyciaDo>2017-03-28T00:00:00+02:00</sln:cyklZyciaDo><sln:cyklZyciaOd>2015-11-24T00:00:00+01:00</sln:cyklZyciaOd><sln:gmIIPId>39592285-640a-43c7-9204-855f104327e0</sln:gmIIPId><sln:gmIIPPn>PL.PZGIK.200</sln:gmIIPPn><sln:gmIIPWersja>2012-09-26T22:53:15+02:00</sln:gmIIPWersja><sln:gmIdTeryt>1416112</sln:gmIdTeryt><sln:gmNazwa>Zaręby Kościelne</sln:gmNazwa><sln:miejscIIPId>fb31247e-d9fb-4cb1-ad7a-e10c3ebb8675</sln:miejscIIPId><sln:miejscIIPPn>PL.PZGIK.200</sln:miejscIIPPn><sln:miejscIIPWersja>2016-11-24T10:25:25+02:00</sln:miejscIIPWersja><sln:miejscIdTeryt>0411884</sln:miejscIdTeryt><sln:miejscNazwa>Zgleczewo Szlacheckie</sln:miejscNazwa><sln:miejscRodzaj>Wieś</sln:miejscRodzaj><sln:powIIPId>17fc6675-6104-4686-b70e-cf2a562b89e6</sln:powIIPId><sln:powIIPPn>PL.PZGIK.200</sln:powIIPPn><sln:powIIPWersja>2012-09-27T08:13:53+02:00</sln:powIIPWersja><sln:powIdTeryt>1416</sln:powIdTeryt><sln:powNazwa>ostrowski</sln:powNazwa><sln:waznyOd>2013-02-27T00:00:00+01:00</sln:waznyOd><sln:wojIIPId>4b6c492a-eb04-441d-a92a-f44359c06de7</sln:wojIIPId><sln:wojIIPPn>PL.PZGIK.200</sln:wojIIPPn><sln:wojIIPWersja>2012-09-27T13:45:13+02:00</sln:wojIIPWersja><sln:wojIdTeryt>14</sln:wojIdTeryt><sln:wojNazwa>mazowieckie</sln:wojNazwa></sln:miejscowosc><sln:miejscowosc><sln:cyklZyciaOd>2017-03-28T00:00:00+02:00</sln:cyklZyciaOd><sln:gmIIPId>39592285-640a-43c7-9204-855f104327e0</sln:gmIIPId><sln:gmIIPPn>PL.PZGIK.200</sln:gmIIPPn><sln:gmIIPWersja>2012-09-26T22:53:15+02:00</sln:gmIIPWersja><sln:gmIdTeryt>1416112</sln:gmIdTeryt><sln:gmNazwa>Zaręby Kościelne</sln:gmNazwa><sln:miejscIIPId>b6df8775-1553-47d7-95c7-8f3a30356a0f</sln:miejscIIPId><sln:miejscIIPPn>PL.PZGIK.200</sln:miejscIIPPn><sln:miejscIIPWersja>2017-03-28T10:22:41+02:00</sln:miejscIIPWersja><sln:miejscIdTeryt>0411507</sln:miejscIdTeryt><sln:miejscNazwa>Budziszewo</sln:miejscNazwa><sln:miejscRodzaj>Wieś</sln:miejscRodzaj><sln:powIIPId>17fc6675-6104-4686-b70e-cf2a562b89e6</sln:powIIPId><sln:powIIPPn>PL.PZGIK.200</sln:powIIPPn><sln:powIIPWersja>2012-09-27T08:13:53+02:00</sln:powIIPWersja><sln:powIdTeryt>1416</sln:powIdTeryt><sln:powNazwa>ostrowski</sln:powNazwa><sln:waznyOd>2013-02-27T00:00:00+01:00</sln:waznyOd><sln:wojIIPId>4b6c492a-eb04-441d-a92a-f44359c06de7</sln:wojIIPId><sln:wojIIPPn>PL.PZGIK.200</sln:wojIIPPn><sln:wojIIPWersja>2012-09-27T13:45:13+02:00</sln:wojIIPWersja><sln:wojIdTeryt>14</sln:wojIdTeryt><sln:wojNazwa>mazowieckie</sln:wojNazwa></sln:miejscowosc><sln:miejscowosc><sln:cyklZyciaOd>2017-03-28T00:00:00+02:00</sln:cyklZyciaOd><sln:gmIIPId>39592285-640a-43c7-9204-855f104327e0</sln:gmIIPId><sln:gmIIPPn>PL.PZGIK.200</sln:gmIIPPn><sln:gmIIPWersja>2012-09-26T22:53:15+02:00</sln:gmIIPWersja><sln:gmIdTeryt>1416112</sln:gmIdTeryt><sln:gmNazwa>Zaręby Kościelne</sln:gmNazwa><sln:miejscIIPId>43520c3e-e143-4200-897e-fdca8f8770cf</sln:miejscIIPId><sln:miejscIIPPn>PL.PZGIK.200</sln:miejscIIPPn><sln:miejscIIPWersja>2017-03-28T10:22:47+02:00</sln:miejscIIPWersja><sln:miejscIdTeryt>0411513</sln:miejscIdTeryt><sln:miejscNazwa>Chmielewo</sln:miejscNazwa><sln:miejscRodzaj>Wieś</sln:miejscRodzaj><sln:powIIPId>17fc6675-6104-4686-b70e-cf2a562b89e6</sln:powIIPId><sln:powIIPPn>PL.PZGIK.200</sln:powIIPPn><sln:powIIPWersja>2012-09-27T08:13:53+02:00</sln:powIIPWersja><sln:powIdTeryt>1416</sln:powIdTeryt><sln:powNazwa>ostrowski</sln:powNazwa><sln:waznyOd>2013-02-27T00:00:00+01:00</sln:waznyOd><sln:wojIIPId>4b6c492a-eb04-441d-a92a-f44359c06de7</sln:wojIIPId><sln:wojIIPPn>PL.PZGIK.200</sln:wojIIPPn><sln:wojIIPWersja>2012-09-27T13:45:13+02:00</sln:wojIIPWersja><sln:wojIdTeryt>14</sln:wojIdTeryt><sln:wojNazwa>mazowieckie</sln:wojNazwa></sln:miejscowosc><sln:miejscowosc><sln:cyklZyciaOd>2017-03-28T00:00:00+02:00</sln:cyklZyciaOd><sln:gmIIPId>39592285-640a-43c7-9204-855f104327e0</sln:gmIIPId><sln:gmIIPPn>PL.PZGIK.200</sln:gmIIPPn><sln:gmIIPWersja>2012-09-26T22:53:15+02:00</sln:gmIIPWersja><sln:gmIdTeryt>1416112</sln:gmIdTeryt><sln:gmNazwa>Zaręby Kościelne</sln:gmNazwa><sln:miejscIIPId>6d2d3147-8dc1-4aa3-9abe-2a1fba86b070</sln:miejscIIPId><sln:miejscIIPPn>PL.PZGIK.200</sln:miejscIIPPn><sln:miejscIIPWersja>2017-03-28T10:22:47+02:00</sln:miejscIIPWersja><sln:miejscIdTeryt>0411565</sln:miejscIdTeryt><sln:miejscNazwa>Gaczkowo</sln:miejscNazwa><sln:miejscRodzaj>Wieś</sln:miejscRodzaj><sln:powIIPId>17fc6675-6104-4686-b70e-cf2a562b89e6</sln:powIIPId><sln:powIIPPn>PL.PZGIK.200</sln:powIIPPn><sln:powIIPWersja>2012-09-27T08:13:53+02:00</sln:powIIPWersja><sln:powIdTeryt>1416</sln:powIdTeryt><sln:powNazwa>ostrowski</sln:powNazwa><sln:waznyOd>2013-02-27T00:00:00+01:00</sln:waznyOd><sln:wojIIPId>4b6c492a-eb04-441d-a92a-f44359c06de7</sln:wojIIPId><sln:wojIIPPn>PL.PZGIK.200</sln:wojIIPPn><sln:wojIIPWersja>2012-09-27T13:45:13+02:00</sln:wojIIPWersja><sln:wojIdTeryt>14</sln:wojIdTeryt><sln:wojNazwa>mazowieckie</sln:wojNazwa></sln:miejscowosc><sln:miejscowosc><sln:cyklZyciaOd>2017-03-28T00:00:00+02:00</sln:cyklZyciaOd><sln:gmIIPId>39592285-640a-43c7-9204-855f104327e0</sln:gmIIPId><sln:gmIIPPn>PL.PZGIK.200</sln:gmIIPPn><sln:gmIIPWersja>2012-09-26T22:53:15+02:00</sln:gmIIPWersja><sln:gmIdTeryt>1416112</sln:gmIdTeryt><sln:gmNazwa>Zaręby Kościelne</sln:gmNazwa><sln:miejscIIPId>b7e6def0-04ab-4bce-83b2-ce19bcc584b2</sln:miejscIIPId><sln:miejscIIPPn>PL.PZGIK.200</sln:miejscIIPPn><sln:miejscIIPWersja>2017-03-28T10:22:47+02:00</sln:miejscIIPWersja><sln:miejscIdTeryt>0411571</sln:miejscIdTeryt><sln:miejscNazwa>Gąsiorowo</sln:miejscNazwa><sln:miejscRodzaj>Wieś</sln:miejscRodzaj><sln:powIIPId>17fc6675-6104-4686-b70e-cf2a562b89e6</sln:powIIPId><sln:powIIPPn>PL.PZGIK.200</sln:powIIPPn><sln:powIIPWersja>2012-09-27T08:13:53+02:00</sln:powIIPWersja><sln:powIdTeryt>1416</sln:powIdTeryt><sln:powNazwa>ostrowski</sln:powNazwa><sln:waznyOd>2013-02-27T00:00:00+01:00</sln:waznyOd><sln:wojIIPId>4b6c492a-eb04-441d-a92a-f44359c06de7</sln:wojIIPId><sln:wojIIPPn>PL.PZGIK.200</sln:wojIIPPn><sln:wojIIPWersja>2012-09-27T13:45:13+02:00</sln:wojIIPWersja><sln:wojIdTeryt>14</sln:wojIdTeryt><sln:wojNazwa>mazowieckie</sln:wojNazwa></sln:miejscowosc><sln:miejscowosc><sln:cyklZyciaOd>2017-03-28T00:00:00+02:00</sln:cyklZyciaOd><sln:gmIIPId>39592285-640a-43c7-9204-855f104327e0</sln:gmIIPId><sln:gmIIPPn>PL.PZGIK.200</sln:gmIIPPn><sln:gmIIPWersja>2012-09-26T22:53:15+02:00</sln:gmIIPWersja><sln:gmIdTeryt>1416112</sln:gmIdTeryt><sln:gmNazwa>Zaręby Kościelne</sln:gmNazwa><sln:miejscIIPId>cb1b0827-7ca1-4128-ba38-cfeba64c0fde</sln:miejscIIPId><sln:miejscIIPPn>PL.PZGIK.200</sln:miejscIIPPn><sln:miejscIIPWersja>2017-03-28T10:22:47+02:00</sln:miejscIIPWersja><sln:miejscIdTeryt>0411588</sln:miejscIdTeryt><sln:miejscNazwa>Grabowo</sln:miejscNazwa><sln:miejscRodzaj>Wieś</sln:miejscRodzaj><sln:powIIPId>17fc6675-6104-4686-b70e-cf2a562b89e6</sln:powIIPId><sln:powIIPPn>PL.PZGIK.200</sln:powIIPPn><sln:powIIPWersja>2012-09-27T08:13:53+02:00</sln:powIIPWersja><sln:powIdTeryt>1416</sln:powIdTeryt><sln:powNazwa>ostrowski</sln:powNazwa><sln:waznyOd>2013-02-27T00:00:00+01:00</sln:waznyOd><sln:wojIIPId>4b6c492a-eb04-441d-a92a-f44359c06de7</sln:wojIIPId><sln:wojIIPPn>PL.PZGIK.200</sln:wojIIPPn><sln:wojIIPWersja>2012-09-27T13:45:13+02:00</sln:wojIIPWersja><sln:wojIdTeryt>14</sln:wojIdTeryt><sln:wojNazwa>mazowieckie</sln:wojNazwa></sln:miejscowosc><sln:miejscowosc><sln:cyklZyciaOd>2017-03-28T00:00:00+02:00</sln:cyklZyciaOd><sln:gmIIPId>39592285-640a-43c7-9204-855f104327e0</sln:gmIIPId><sln:gmIIPPn>PL.PZGIK.200</sln:gmIIPPn><sln:gmIIPWersja>2012-09-26T22:53:15+02:00</sln:gmIIPWersja><sln:gmIdTeryt>1416112</sln:gmIdTeryt><sln:gmNazwa>Zaręby Kościelne</sln:gmNazwa><sln:miejscIIPId>8cabac67-60e2-4047-afe7-c485446ae5a4</sln:miejscIIPId><sln:miejscIIPPn>PL.PZGIK.200</sln:miejscIIPPn><sln:miejscIIPWersja>2017-03-28T10:22:47+02:00</sln:miejscIIPWersja><sln:miejscIdTeryt>0411594</sln:miejscIdTeryt><sln:miejscNazwa>Kańkowo-Piecki</sln:miejscNazwa><sln:miejscRodzaj>Wieś</sln:miejscRodzaj><sln:powIIPId>17fc6675-6104-4686-b70e-cf2a562b89e6</sln:powIIPId><sln:powIIPPn>PL.PZGIK.200</sln:powIIPPn><sln:powIIPWersja>2012-09-27T08:13:53+02:00</sln:powIIPWersja><sln:powIdTeryt>1416</sln:powIdTeryt><sln:powNazwa>ostrowski</sln:powNazwa><sln:waznyOd>2013-02-27T00:00:00+01:00</sln:waznyOd><sln:wojIIPId>4b6c492a-eb04-441d-a92a-f44359c06de7</sln:wojIIPId><sln:wojIIPPn>PL.PZGIK.200</sln:wojIIPPn><sln:wojIIPWersja>2012-09-27T13:45:13+02:00</sln:wojIIPWersja><sln:wojIdTeryt>14</sln:wojIdTeryt><sln:wojNazwa>mazowieckie</sln:wojNazwa></sln:miejscowosc><sln:miejscowosc><sln:cyklZyciaOd>2017-03-28T00:00:00+02:00</sln:cyklZyciaOd><sln:gmIIPId>39592285-640a-43c7-9204-855f104327e0</sln:gmIIPId><sln:gmIIPPn>PL.PZGIK.200</sln:gmIIPPn><sln:gmIIPWersja>2012-09-26T22:53:15+02:00</sln:gmIIPWersja><sln:gmIdTeryt>1416112</sln:gmIdTeryt><sln:gmNazwa>Zaręby Kościelne</sln:gmNazwa><sln:miejscIIPId>bc7bcc04-60f2-4494-911e-4422a75ba5df</sln:miejscIIPId><sln:miejscIIPPn>PL.PZGIK.200</sln:miejscIIPPn><sln:miejscIIPWersja>2017-03-28T10:22:47+02:00</sln:miejscIIPWersja><sln:miejscIdTeryt>0411602</sln:miejscIdTeryt><sln:miejscNazwa>Kępiste-Borowe</sln:miejscNazwa><sln:miejscRodzaj>Wieś</sln:miejscRodzaj><sln:powIIPId>17fc6675-6104-4686-b70e-cf2a562b89e6</sln:powIIPId><sln:powIIPPn>PL.PZGIK.200</sln:powIIPPn><sln:powIIPWersja>2012-09-27T08:13:53+02:00</sln:powIIPWersja><sln:powIdTeryt>1416</sln:powIdTeryt><sln:powNazwa>ostrowski</sln:powNazwa><sln:waznyOd>2013-02-27T00:00:00+01:00</sln:waznyOd><sln:wojIIPId>4b6c492a-eb04-441d-a92a-f44359c06de7</sln:wojIIPId><sln:wojIIPPn>PL.PZGIK.200</sln:wojIIPPn><sln:wojIIPWersja>2012-09-27T13:45:13+02:00</sln:wojIIPWersja><sln:wojIdTeryt>14</sln:wojIdTeryt><sln:wojNazwa>mazowieckie</sln:wojNazwa></sln:miejscowosc><sln:miejscowosc><sln:cyklZyciaOd>2017-03-28T00:00:00+02:00</sln:cyklZyciaOd><sln:gmIIPId>39592285-640a-43c7-9204-855f104327e0</sln:gmIIPId><sln:gmIIPPn>PL.PZGIK.200</sln:gmIIPPn><sln:gmIIPWersja>2012-09-26T22:53:15+02:00</sln:gmIIPWersja><sln:gmIdTeryt>1416112</sln:gmIdTeryt><sln:gmNazwa>Zaręby Kościelne</sln:gmNazwa><sln:miejscIIPId>e6e2bc7c-bc33-4095-b080-3cb3980986cd</sln:miejscIIPId><sln:miejscIIPPn>PL.PZGIK.200</sln:miejscIIPPn><sln:miejscIIPWersja>2017-03-28T10:22:47+02:00</sln:miejscIIPWersja><sln:miejscIdTeryt>0411619</sln:miejscIdTeryt><sln:miejscNazwa>Kietlanka</sln:miejscNazwa><sln:miejscRodzaj>Wieś</sln:miejscRodzaj><sln:powIIPId>17fc6675-6104-4686-b70e-cf2a562b89e6</sln:powIIPId><sln:powIIPPn>PL.PZGIK.200</sln:powIIPPn><sln:powIIPWersja>2012-09-27T08:13:53+02:00</sln:powIIPWersja><sln:powIdTeryt>1416</sln:powIdTeryt><sln:powNazwa>ostrowski</sln:powNazwa><sln:waznyOd>2013-02-27T00:00:00+01:00</sln:waznyOd><sln:wojIIPId>4b6c492a-eb04-441d-a92a-f44359c06de7</sln:wojIIPId><sln:wojIIPPn>PL.PZGIK.200</sln:wojIIPPn><sln:wojIIPWersja>2012-09-27T13:45:13+02:00</sln:wojIIPWersja><sln:wojIdTeryt>14</sln:wojIdTeryt><sln:wojNazwa>mazowieckie</sln:wojNazwa></sln:miejscowosc><sln:miejscowosc><sln:cyklZyciaOd>2017-03-28T00:00:00+02:00</sln:cyklZyciaOd><sln:gmIIPId>39592285-640a-43c7-9204-855f104327e0</sln:gmIIPId><sln:gmIIPPn>PL.PZGIK.200</sln:gmIIPPn><sln:gmIIPWersja>2012-09-26T22:53:15+02:00</sln:gmIIPWersja><sln:gmIdTeryt>1416112</sln:gmIdTeryt><sln:gmNazwa>Zaręby Kościelne</sln:gmNazwa><sln:miejscIIPId>a2813f40-0e7c-4537-948a-20b260ec36d4</sln:miejscIIPId><sln:miejscIIPPn>PL.PZGIK.200</sln:miejscIIPPn><sln:miejscIIPWersja>2017-03-28T10:22:47+02:00</sln:miejscIIPWersja><sln:miejscIdTeryt>0411625</sln:miejscIdTeryt><sln:miejscNazwa>Kosuty</sln:miejscNazwa><sln:miejscRodzaj>Wieś</sln:miejscRodzaj><sln:powIIPId>17fc6675-6104-4686-b70e-cf2a562b89e6</sln:powIIPId><sln:powIIPPn>PL.PZGIK.200</sln:powIIPPn><sln:powIIPWersja>2012-09-27T08:13:53+02:00</sln:powIIPWersja><sln:powIdTeryt>1416</sln:powIdTeryt><sln:powNazwa>ostrowski</sln:powNazwa><sln:waznyOd>2013-02-27T00:00:00+01:00</sln:waznyOd><sln:wojIIPId>4b6c492a-eb04-441d-a92a-f44359c06de7</sln:wojIIPId><sln:wojIIPPn>PL.PZGIK.200</sln:wojIIPPn><sln:wojIIPWersja>2012-09-27T13:45:13+02:00</sln:wojIIPWersja><sln:wojIdTeryt>14</sln:wojIdTeryt><sln:wojNazwa>mazowieckie</sln:wojNazwa></sln:miejscowosc><sln:miejscowosc><sln:cyklZyciaOd>2017-03-28T00:00:00+02:00</sln:cyklZyciaOd><sln:gmIIPId>39592285-640a-43c7-9204-855f104327e0</sln:gmIIPId><sln:gmIIPPn>PL.PZGIK.200</sln:gmIIPPn><sln:gmIIPWersja>2012-09-26T22:53:15+02:00</sln:gmIIPWersja><sln:gmIdTeryt>1416112</sln:gmIdTeryt><sln:gmNazwa>Zaręby Kościelne</sln:gmNazwa><sln:miejscIIPId>9c4362cb-f886-4b9e-9bb3-185d37266877</sln:miejscIIPId><sln:miejscIIPPn>PL.PZGIK.200</sln:miejscIIPPn><sln:miejscIIPWersja>2017-03-28T10:22:48+02:00</sln:miejscIIPWersja><sln:miejscIdTeryt>0411631</sln:miejscIdTeryt><sln:miejscNazwa>Niemiry</sln:miejscNazwa><sln:miejscRodzaj>Wieś</sln:miejscRodzaj><sln:powIIPId>17fc6675-6104-4686-b70e-cf2a562b89e6</sln:powIIPId><sln:powIIPPn>PL.PZGIK.200</sln:powIIPPn><sln:powIIPWersja>2012-09-27T08:13:53+02:00</sln:powIIPWersja><sln:powIdTeryt>1416</sln:powIdTeryt><sln:powNazwa>ostrowski</sln:powNazwa><sln:waznyOd>2013-02-27T00:00:00+01:00</sln:waznyOd><sln:wojIIPId>4b6c492a-eb04-441d-a92a-f44359c06de7</sln:wojIIPId><sln:wojIIPPn>PL.PZGIK.200</sln:wojIIPPn><sln:wojIIPWersja>2012-09-27T13:45:13+02:00</sln:wojIIPWersja><sln:wojIdTeryt>14</sln:wojIdTeryt><sln:wojNazwa>mazowieckie</sln:wojNazwa></sln:miejscowosc><sln:miejscowosc><sln:cyklZyciaOd>2017-03-28T00:00:00+02:00</sln:cyklZyciaOd><sln:gmIIPId>39592285-640a-43c7-9204-855f104327e0</sln:gmIIPId><sln:gmIIPPn>PL.PZGIK.200</sln:gmIIPPn><sln:gmIIPWersja>2012-09-26T22:53:15+02:00</sln:gmIIPWersja><sln:gmIdTeryt>1416112</sln:gmIdTeryt><sln:gmNazwa>Zaręby Kościelne</sln:gmNazwa><sln:miejscIIPId>031224f5-721f-4327-8621-a22a363bb0ca</sln:miejscIIPId><sln:miejscIIPPn>PL.PZGIK.200</sln:miejscIIPPn><sln:miejscIIPWersja>2017-03-28T10:22:48+02:00</sln:miejscIIPWersja><sln:miejscIdTeryt>0411648</sln:miejscIdTeryt><sln:miejscNazwa>Nienałty-Brewki</sln:miejscNazwa><sln:miejscRodzaj>Wieś</sln:miejscRodzaj><sln:powIIPId>17fc6675-6104-4686-b70e-cf2a562b89e6</sln:powIIPId><sln:powIIPPn>PL.PZGIK.200</sln:powIIPPn><sln:powIIPWersja>2012-09-27T08:13:53+02:00</sln:powIIPWersja><sln:powIdTeryt>1416</sln:powIdTeryt><sln:powNazwa>ostrowski</sln:powNazwa><sln:waznyOd>2013-02-27T00:00:00+01:00</sln:waznyOd><sln:wojIIPId>4b6c492a-eb04-441d-a92a-f44359c06de7</sln:wojIIPId><sln:wojIIPPn>PL.PZGIK.200</sln:wojIIPPn><sln:wojIIPWersja>2012-09-27T13:45:13+02:00</sln:wojIIPWersja><sln:wojIdTeryt>14</sln:wojIdTeryt><sln:wojNazwa>mazowieckie</sln:wojNazwa></sln:miejscowosc><sln:miejscowosc><sln:cyklZyciaOd>2017-03-28T00:00:00+02:00</sln:cyklZyciaOd><sln:gmIIPId>39592285-640a-43c7-9204-855f104327e0</sln:gmIIPId><sln:gmIIPPn>PL.PZGIK.200</sln:gmIIPPn><sln:gmIIPWersja>2012-09-26T22:53:15+02:00</sln:gmIIPWersja><sln:gmIdTeryt>1416112</sln:gmIdTeryt><sln:gmNazwa>Zaręby Kościelne</sln:gmNazwa><sln:miejscIIPId>c8b455a7-972e-4e17-9d76-19b0a03ea0a2</sln:miejscIIPId><sln:miejscIIPPn>PL.PZGIK.200</sln:miejscIIPPn><sln:miejscIIPWersja>2017-03-28T10:22:48+02:00</sln:miejscIIPWersja><sln:miejscIdTeryt>0411654</sln:miejscIdTeryt><sln:miejscNazwa>Nienałty-Szymany</sln:miejscNazwa><sln:miejscRodzaj>Wieś</sln:miejscRodzaj><sln:powIIPId>17fc6675-6104-4686-b70e-cf2a562b89e6</sln:powIIPId><sln:powIIPPn>PL.PZGIK.200</sln:powIIPPn><sln:powIIPWersja>2012-09-27T08:13:53+02:00</sln:powIIPWersja><sln:powIdTeryt>1416</sln:powIdTeryt><sln:powNazwa>ostrowski</sln:powNazwa><sln:waznyOd>2013-02-27T00:00:00+01:00</sln:waznyOd><sln:wojIIPId>4b6c492a-eb04-441d-a92a-f44359c06de7</sln:wojIIPId><sln:wojIIPPn>PL.PZGIK.200</sln:wojIIPPn><sln:wojIIPWersja>2012-09-27T13:45:13+02:00</sln:wojIIPWersja><sln:wojIdTeryt>14</sln:wojIdTeryt><sln:wojNazwa>mazowieckie</sln:wojNazwa></sln:miejscowosc><sln:miejscowosc><sln:cyklZyciaOd>2017-03-28T00:00:00+02:00</sln:cyklZyciaOd><sln:gmIIPId>39592285-640a-43c7-9204-855f104327e0</sln:gmIIPId><sln:gmIIPPn>PL.PZGIK.200</sln:gmIIPPn><sln:gmIIPWersja>2012-09-26T22:53:15+02:00</sln:gmIIPWersja><sln:gmIdTeryt>1416112</sln:gmIdTeryt><sln:gmNazwa>Zaręby Kościelne</sln:gmNazwa><sln:miejscIIPId>49584251-95af-4bb8-945d-c3cdbb061d84</sln:miejscIIPId><sln:miejscIIPPn>PL.PZGIK.200</sln:miejscIIPPn><sln:miejscIIPWersja>2017-03-28T10:22:48+02:00</sln:miejscIIPWersja><sln:miejscIdTeryt>0411660</sln:miejscIdTeryt><sln:miejscNazwa>Nowa Złotoria</sln:miejscNazwa><sln:miejscRodzaj>Wieś</sln:miejscRodzaj><sln:powIIPId>17fc6675-6104-4686-b70e-cf2a562b89e6</sln:powIIPId><sln:powIIPPn>PL.PZGIK.200</sln:powIIPPn><sln:powIIPWersja>2012-09-27T08:13:53+02:00</sln:powIIPWersja><sln:powIdTeryt>1416</sln:powIdTeryt><sln:powNazwa>ostrowski</sln:powNazwa><sln:waznyOd>2013-02-27T00:00:00+01:00</sln:waznyOd><sln:wojIIPId>4b6c492a-eb04-441d-a92a-f44359c06de7</sln:wojIIPId><sln:wojIIPPn>PL.PZGIK.200</sln:wojIIPPn><sln:wojIIPWersja>2012-09-27T13:45:13+02:00</sln:wojIIPWersja><sln:wojIdTeryt>14</sln:wojIdTeryt><sln:wojNazwa>mazowieckie</sln:wojNazwa></sln:miejscowosc><sln:miejscowosc><sln:cyklZyciaOd>2017-03-28T00:00:00+02:00</sln:cyklZyciaOd><sln:gmIIPId>39592285-640a-43c7-9204-855f104327e0</sln:gmIIPId><sln:gmIIPPn>PL.PZGIK.200</sln:gmIIPPn><sln:gmIIPWersja>2012-09-26T22:53:15+02:00</sln:gmIIPWersja><sln:gmIdTeryt>1416112</sln:gmIdTeryt><sln:gmNazwa>Zaręby Kościelne</sln:gmNazwa><sln:miejscIIPId>5fc6676d-f591-4255-a6d2-2bdef22c4fd7</sln:miejscIIPId><sln:miejscIIPPn>PL.PZGIK.200</sln:miejscIIPPn><sln:miejscIIPWersja>2017-03-28T10:22:48+02:00</sln:miejscIIPWersja><sln:miejscIdTeryt>0411683</sln:miejscIdTeryt><sln:miejscNazwa>Pętkowo Wielkie</sln:miejscNazwa><sln:miejscRodzaj>Wieś</sln:miejscRodzaj><sln:powIIPId>17fc6675-6104-4686-b70e-cf2a562b89e6</sln:powIIPId><sln:powIIPPn>PL.PZGIK.200</sln:powIIPPn><sln:powIIPWersja>2012-09-27T08:13:53+02:00</sln:powIIPWersja><sln:powIdTeryt>1416</sln:powIdTeryt><sln:powNazwa>ostrowski</sln:powNazwa><sln:waznyOd>2013-02-27T00:00:00+01:00</sln:waznyOd><sln:wojIIPId>4b6c492a-eb04-441d-a92a-f44359c06de7</sln:wojIIPId><sln:wojIIPPn>PL.PZGIK.200</sln:wojIIPPn><sln:wojIIPWersja>2012-09-27T13:45:13+02:00</sln:wojIIPWersja><sln:wojIdTeryt>14</sln:wojIdTeryt><sln:wojNazwa>mazowieckie</sln:wojNazwa></sln:miejscowosc><sln:miejscowosc><sln:cyklZyciaOd>2017-03-28T00:00:00+02:00</sln:cyklZyciaOd><sln:gmIIPId>39592285-640a-43c7-9204-855f104327e0</sln:gmIIPId><sln:gmIIPPn>PL.PZGIK.200</sln:gmIIPPn><sln:gmIIPWersja>2012-09-26T22:53:15+02:00</sln:gmIIPWersja><sln:gmIdTeryt>1416112</sln:gmIdTeryt><sln:gmNazwa>Zaręby Kościelne</sln:gmNazwa><sln:miejscIIPId>b9a10835-3c58-4dae-83a4-8872d60b5490</sln:miejscIIPId><sln:miejscIIPPn>PL.PZGIK.200</sln:miejscIIPPn><sln:miejscIIPWersja>2017-03-28T10:22:48+02:00</sln:miejscIIPWersja><sln:miejscIdTeryt>0411690</sln:miejscIdTeryt><sln:miejscNazwa>Pułazie</sln:miejscNazwa><sln:miejscRodzaj>Wieś</sln:miejscRodzaj><sln:powIIPId>17fc6675-6104-4686-b70e-cf2a562b89e6</sln:powIIPId><sln:powIIPPn>PL.PZGIK.200</sln:powIIPPn><sln:powIIPWersja>2012-09-27T08:13:53+02:00</sln:powIIPWersja><sln:powIdTeryt>1416</sln:powIdTeryt><sln:powNazwa>ostrowski</sln:powNazwa><sln:waznyOd>2013-02-27T00:00:00+01:00</sln:waznyOd><sln:wojIIPId>4b6c492a-eb04-441d-a92a-f44359c06de7</sln:wojIIPId><sln:wojIIPPn>PL.PZGIK.200</sln:wojIIPPn><sln:wojIIPWersja>2012-09-27T13:45:13+02:00</sln:wojIIPWersja><sln:wojIdTeryt>14</sln:wojIdTeryt><sln:wojNazwa>mazowieckie</sln:wojNazwa></sln:miejscowosc><sln:miejscowosc><sln:cyklZyciaOd>2017-03-28T00:00:00+02:00</sln:cyklZyciaOd><sln:gmIIPId>39592285-640a-43c7-9204-855f104327e0</sln:gmIIPId><sln:gmIIPPn>PL.PZGIK.200</sln:gmIIPPn><sln:gmIIPWersja>2012-09-26T22:53:15+02:00</sln:gmIIPWersja><sln:gmIdTeryt>1416112</sln:gmIdTeryt><sln:gmNazwa>Zaręby Kościelne</sln:gmNazwa><sln:miejscIIPId>eed2665d-6705-4399-9519-f227476824de</sln:miejscIIPId><sln:miejscIIPPn>PL.PZGIK.200</sln:miejscIIPPn><sln:miejscIIPWersja>2017-03-28T10:22:48+02:00</sln:miejscIIPWersja><sln:miejscIdTeryt>0411708</sln:miejscIdTeryt><sln:miejscNazwa>Rawy-Gaczkowo</sln:miejscNazwa><sln:miejscRodzaj>Wieś</sln:miejscRodzaj><sln:powIIPId>17fc6675-6104-4686-b70e-cf2a562b89e6</sln:powIIPId><sln:powIIPPn>PL.PZGIK.200</sln:powIIPPn><sln:powIIPWersja>2012-09-27T08:13:53+02:00</sln:powIIPWersja><sln:powIdTeryt>1416</sln:powIdTeryt><sln:powNazwa>ostrowski</sln:powNazwa><sln:waznyOd>2013-02-27T00:00:00+01:00</sln:waznyOd><sln:wojIIPId>4b6c492a-eb04-441d-a92a-f44359c06de7</sln:wojIIPId><sln:wojIIPPn>PL.PZGIK.200</sln:wojIIPPn><sln:wojIIPWersja>2012-09-27T13:45:13+02:00</sln:wojIIPWersja><sln:wojIdTeryt>14</sln:wojIdTeryt><sln:wojNazwa>mazowieckie</sln:wojNazwa></sln:miejscowosc><sln:miejscowosc><sln:cyklZyciaOd>2017-03-28T00:00:00+02:00</sln:cyklZyciaOd><sln:gmIIPId>39592285-640a-43c7-9204-855f104327e0</sln:gmIIPId><sln:gmIIPPn>PL.PZGIK.200</sln:gmIIPPn><sln:gmIIPWersja>2012-09-26T22:53:15+02:00</sln:gmIIPWersja><sln:gmIdTeryt>1416112</sln:gmIdTeryt><sln:gmNazwa>Zaręby Kościelne</sln:gmNazwa><sln:miejscIIPId>c282804a-c00e-413e-a790-42c27caa0e66</sln:miejscIIPId><sln:miejscIIPPn>PL.PZGIK.200</sln:miejscIIPPn><sln:miejscIIPWersja>2017-03-28T10:22:48+02:00</sln:miejscIIPWersja><sln:miejscIdTeryt>0411714</sln:miejscIdTeryt><sln:miejscNazwa>Rostki-Daćbogi</sln:miejscNazwa><sln:miejscRodzaj>Wieś</sln:miejscRodzaj><sln:powIIPId>17fc6675-6104-4686-b70e-cf2a562b89e6</sln:powIIPId><sln:powIIPPn>PL.PZGIK.200</sln:powIIPPn><sln:powIIPWersja>2012-09-27T08:13:53+02:00</sln:powIIPWersja><sln:powIdTeryt>1416</sln:powIdTeryt><sln:powNazwa>ostrowski</sln:powNazwa><sln:waznyOd>2013-02-27T00:00:00+01:00</sln:waznyOd><sln:wojIIPId>4b6c492a-eb04-441d-a92a-f44359c06de7</sln:wojIIPId><sln:wojIIPPn>PL.PZGIK.200</sln:wojIIPPn><sln:wojIIPWersja>2012-09-27T13:45:13+02:00</sln:wojIIPWersja><sln:wojIdTeryt>14</sln:wojIdTeryt><sln:wojNazwa>mazowieckie</sln:wojNazwa></sln:miejscowosc><sln:miejscowosc><sln:cyklZyciaOd>2017-03-28T00:00:00+02:00</sln:cyklZyciaOd><sln:gmIIPId>39592285-640a-43c7-9204-855f104327e0</sln:gmIIPId><sln:gmIIPPn>PL.PZGIK.200</sln:gmIIPPn><sln:gmIIPWersja>2012-09-26T22:53:15+02:00</sln:gmIIPWersja><sln:gmIdTeryt>1416112</sln:gmIdTeryt><sln:gmNazwa>Zaręby Kościelne</sln:gmNazwa><sln:miejscIIPId>5d2b60de-b124-4020-81ff-880584b511f4</sln:miejscIIPId><sln:miejscIIPPn>PL.PZGIK.200</sln:miejscIIPPn><sln:miejscIIPWersja>2017-03-28T10:22:48+02:00</sln:miejscIIPWersja><sln:miejscIdTeryt>0411720</sln:miejscIdTeryt><sln:miejscNazwa>Skłody-Piotrowice</sln:miejscNazwa><sln:miejscRodzaj>Wieś</sln:miejscRodzaj><sln:powIIPId>17fc6675-6104-4686-b70e-cf2a562b89e6</sln:powIIPId><sln:powIIPPn>PL.PZGIK.200</sln:powIIPPn><sln:powIIPWersja>2012-09-27T08:13:53+02:00</sln:powIIPWersja><sln:powIdTeryt>1416</sln:powIdTeryt><sln:powNazwa>ostrowski</sln:powNazwa><sln:waznyOd>2013-02-27T00:00:00+01:00</sln:waznyOd><sln:wojIIPId>4b6c492a-eb04-441d-a92a-f44359c06de7</sln:wojIIPId><sln:wojIIPPn>PL.PZGIK.200</sln:wojIIPPn><sln:wojIIPWersja>2012-09-27T13:45:13+02:00</sln:wojIIPWersja><sln:wojIdTeryt>14</sln:wojIdTeryt><sln:wojNazwa>mazowieckie</sln:wojNazwa></sln:miejscowosc><sln:miejscowosc><sln:cyklZyciaOd>2017-03-28T00:00:00+02:00</sln:cyklZyciaOd><sln:gmIIPId>39592285-640a-43c7-9204-855f104327e0</sln:gmIIPId><sln:gmIIPPn>PL.PZGIK.200</sln:gmIIPPn><sln:gmIIPWersja>2012-09-26T22:53:15+02:00</sln:gmIIPWersja><sln:gmIdTeryt>1416112</sln:gmIdTeryt><sln:gmNazwa>Zaręby Kościelne</sln:gmNazwa><sln:miejscIIPId>27d29df1-b275-4a44-aa88-4ee7f2baea19</sln:miejscIIPId><sln:miejscIIPPn>PL.PZGIK.200</sln:miejscIIPPn><sln:miejscIIPWersja>2017-03-28T10:22:48+02:00</sln:miejscIIPWersja><sln:miejscIdTeryt>0411737</sln:miejscIdTeryt><sln:miejscNazwa>Skłody-Stachy</sln:miejscNazwa><sln:miejscRodzaj>Wieś</sln:miejscRodzaj><sln:powIIPId>17fc6675-6104-4686-b70e-cf2a562b89e6</sln:powIIPId><sln:powIIPPn>PL.PZGIK.200</sln:powIIPPn><sln:powIIPWersja>2012-09-27T08:13:53+02:00</sln:powIIPWersja><sln:powIdTeryt>1416</sln:powIdTeryt><sln:powNazwa>ostrowski</sln:powNazwa><sln:waznyOd>2013-02-27T00:00:00+01:00</sln:waznyOd><sln:wojIIPId>4b6c492a-eb04-441d-a92a-f44359c06de7</sln:wojIIPId><sln:wojIIPPn>PL.PZGIK.200</sln:wojIIPPn><sln:wojIIPWersja>2012-09-27T13:45:13+02:00</sln:wojIIPWersja><sln:wojIdTeryt>14</sln:wojIdTeryt><sln:wojNazwa>mazowieckie</sln:wojNazwa></sln:miejscowosc><sln:miejscowosc><sln:cyklZyciaOd>2017-03-28T00:00:00+02:00</sln:cyklZyciaOd><sln:gmIIPId>39592285-640a-43c7-9204-855f104327e0</sln:gmIIPId><sln:gmIIPPn>PL.PZGIK.200</sln:gmIIPPn><sln:gmIIPWersja>2012-09-26T22:53:15+02:00</sln:gmIIPWersja><sln:gmIdTeryt>1416112</sln:gmIdTeryt><sln:gmNazwa>Zaręby Kościelne</sln:gmNazwa><sln:miejscIIPId>0493dd49-2051-4cf7-93f4-f80c0475cd59</sln:miejscIIPId><sln:miejscIIPPn>PL.PZGIK.200</sln:miejscIIPPn><sln:miejscIIPWersja>2017-03-28T10:22:48+02:00</sln:miejscIIPWersja><sln:miejscIdTeryt>0411743</sln:miejscIdTeryt><sln:miejscNazwa>Skłody Średnie</sln:miejscNazwa><sln:miejscRodzaj>Wieś</sln:miejscRodzaj><sln:powIIPId>17fc6675-6104-4686-b70e-cf2a562b89e6</sln:powIIPId><sln:powIIPPn>PL.PZGIK.200</sln:powIIPPn><sln:powIIPWersja>2012-09-27T08:13:53+02:00</sln:powIIPWersja><sln:powIdTeryt>1416</sln:powIdTeryt><sln:powNazwa>ostrowski</sln:powNazwa><sln:waznyOd>2013-02-27T00:00:00+01:00</sln:waznyOd><sln:wojIIPId>4b6c492a-eb04-441d-a92a-f44359c06de7</sln:wojIIPId><sln:wojIIPPn>PL.PZGIK.200</sln:wojIIPPn><sln:wojIIPWersja>2012-09-27T13:45:13+02:00</sln:wojIIPWersja><sln:wojIdTeryt>14</sln:wojIdTeryt><sln:wojNazwa>mazowieckie</sln:wojNazwa></sln:miejscowosc><sln:miejscowosc><sln:cyklZyciaOd>2017-03-28T00:00:00+02:00</sln:cyklZyciaOd><sln:gmIIPId>39592285-640a-43c7-9204-855f104327e0</sln:gmIIPId><sln:gmIIPPn>PL.PZGIK.200</sln:gmIIPPn><sln:gmIIPWersja>2012-09-26T22:53:15+02:00</sln:gmIIPWersja><sln:gmIdTeryt>1416112</sln:gmIdTeryt><sln:gmNazwa>Zaręby Kościelne</sln:gmNazwa><sln:miejscIIPId>a116e122-abb3-4142-af65-f2ecbdf42804</sln:miejscIIPId><sln:miejscIIPPn>PL.PZGIK.200</sln:miejscIIPPn><sln:miejscIIPWersja>2017-03-28T10:22:48+02:00</sln:miejscIIPWersja><sln:miejscIdTeryt>0411750</sln:miejscIdTeryt><sln:miejscNazwa>Stara Złotoria</sln:miejscNazwa><sln:miejscRodzaj>Wieś</sln:miejscRodzaj><sln:powIIPId>17fc6675-6104-4686-b70e-cf2a562b89e6</sln:powIIPId><sln:powIIPPn>PL.PZGIK.200</sln:powIIPPn><sln:powIIPWersja>2012-09-27T08:13:53+02:00</sln:powIIPWersja><sln:powIdTeryt>1416</sln:powIdTeryt><sln:powNazwa>ostrowski</sln:powNazwa><sln:waznyOd>2013-02-27T00:00:00+01:00</sln:waznyOd><sln:wojIIPId>4b6c492a-eb04-441d-a92a-f44359c06de7</sln:wojIIPId><sln:wojIIPPn>PL.PZGIK.200</sln:wojIIPPn><sln:wojIIPWersja>2012-09-27T13:45:13+02:00</sln:wojIIPWersja><sln:wojIdTeryt>14</sln:wojIdTeryt><sln:wojNazwa>mazowieckie</sln:wojNazwa></sln:miejscowosc><sln:miejscowosc><sln:cyklZyciaOd>2017-03-28T00:00:00+02:00</sln:cyklZyciaOd><sln:gmIIPId>39592285-640a-43c7-9204-855f104327e0</sln:gmIIPId><sln:gmIIPPn>PL.PZGIK.200</sln:gmIIPPn><sln:gmIIPWersja>2012-09-26T22:53:15+02:00</sln:gmIIPWersja><sln:gmIdTeryt>1416112</sln:gmIdTeryt><sln:gmNazwa>Zaręby Kościelne</sln:gmNazwa><sln:miejscIIPId>3e4c3cf3-b9ff-471e-9623-3651ccb4def2</sln:miejscIIPId><sln:miejscIIPPn>PL.PZGIK.200</sln:miejscIIPPn><sln:miejscIIPWersja>2017-03-28T10:22:48+02:00</sln:miejscIIPWersja><sln:miejscIdTeryt>0411766</sln:miejscIdTeryt><sln:miejscNazwa>Świerże-Kiełcze</sln:miejscNazwa><sln:miejscRodzaj>Wieś</sln:miejscRodzaj><sln:powIIPId>17fc6675-6104-4686-b70e-cf2a562b89e6</sln:powIIPId><sln:powIIPPn>PL.PZGIK.200</sln:powIIPPn><sln:powIIPWersja>2012-09-27T08:13:53+02:00</sln:powIIPWersja><sln:powIdTeryt>1416</sln:powIdTeryt><sln:powNazwa>ostrowski</sln:powNazwa><sln:waznyOd>2013-02-27T00:00:00+01:00</sln:waznyOd><sln:wojIIPId>4b6c492a-eb04-441d-a92a-f44359c06de7</sln:wojIIPId><sln:wojIIPPn>PL.PZGIK.200</sln:wojIIPPn><sln:wojIIPWersja>2012-09-27T13:45:13+02:00</sln:wojIIPWersja><sln:wojIdTeryt>14</sln:wojIdTeryt><sln:wojNazwa>mazowieckie</sln:wojNazwa></sln:miejscowosc><sln:miejscowosc><sln:cyklZyciaOd>2017-03-28T00:00:00+02:00</sln:cyklZyciaOd><sln:gmIIPId>39592285-640a-43c7-9204-855f104327e0</sln:gmIIPId><sln:gmIIPPn>PL.PZGIK.200</sln:gmIIPPn><sln:gmIIPWersja>2012-09-26T22:53:15+02:00</sln:gmIIPWersja><sln:gmIdTeryt>1416112</sln:gmIdTeryt><sln:gmNazwa>Zaręby Kościelne</sln:gmNazwa><sln:miejscIIPId>43b7860b-cf69-493f-a0bf-97c1567ebc18</sln:miejscIIPId><sln:miejscIIPPn>PL.PZGIK.200</sln:miejscIIPPn><sln:miejscIIPWersja>2017-03-28T10:22:48+02:00</sln:miejscIIPWersja><sln:miejscIdTeryt>0411772</sln:miejscIdTeryt><sln:miejscNazwa>Świerże-Kończany</sln:miejscNazwa><sln:miejscRodzaj>Wieś</sln:miejscRodzaj><sln:powIIPId>17fc6675-6104-4686-b70e-cf2a562b89e6</sln:powIIPId><sln:powIIPPn>PL.PZGIK.200</sln:powIIPPn><sln:powIIPWersja>2012-09-27T08:13:53+02:00</sln:powIIPWersja><sln:powIdTeryt>1416</sln:powIdTeryt><sln:powNazwa>ostrowski</sln:powNazwa><sln:waznyOd>2013-02-27T00:00:00+01:00</sln:waznyOd><sln:wojIIPId>4b6c492a-eb04-441d-a92a-f44359c06de7</sln:wojIIPId><sln:wojIIPPn>PL.PZGIK.200</sln:wojIIPPn><sln:wojIIPWersja>2012-09-27T13:45:13+02:00</sln:wojIIPWersja><sln:wojIdTeryt>14</sln:wojIdTeryt><sln:wojNazwa>mazowieckie</sln:wojNazwa></sln:miejscowosc><sln:miejscowosc><sln:cyklZyciaOd>2017-03-28T00:00:00+02:00</sln:cyklZyciaOd><sln:gmIIPId>39592285-640a-43c7-9204-855f104327e0</sln:gmIIPId><sln:gmIIPPn>PL.PZGIK.200</sln:gmIIPPn><sln:gmIIPWersja>2012-09-26T22:53:15+02:00</sln:gmIIPWersja><sln:gmIdTeryt>1416112</sln:gmIdTeryt><sln:gmNazwa>Zaręby Kościelne</sln:gmNazwa><sln:miejscIIPId>c1e8a98d-39a1-4f8a-88bb-5ed34ee20fd2</sln:miejscIIPId><sln:miejscIIPPn>PL.PZGIK.200</sln:miejscIIPPn><sln:miejscIIPWersja>2017-03-28T10:22:48+02:00</sln:miejscIIPWersja><sln:miejscIdTeryt>0411789</sln:miejscIdTeryt><sln:miejscNazwa>Świerże-Kolonia</sln:miejscNazwa><sln:miejscRodzaj>Kolonia</sln:miejscRodzaj><sln:powIIPId>17fc6675-6104-4686-b70e-cf2a562b89e6</sln:powIIPId><sln:powIIPPn>PL.PZGIK.200</sln:powIIPPn><sln:powIIPWersja>2012-09-27T08:13:53+02:00</sln:powIIPWersja><sln:powIdTeryt>1416</sln:powIdTeryt><sln:powNazwa>ostrowski</sln:powNazwa><sln:waznyOd>2013-02-27T00:00:00+01:00</sln:waznyOd><sln:wojIIPId>4b6c492a-eb04-441d-a92a-f44359c06de7</sln:wojIIPId><sln:wojIIPPn>PL.PZGIK.200</sln:wojIIPPn><sln:wojIIPWersja>2012-09-27T13:45:13+02:00</sln:wojIIPWersja><sln:wojIdTeryt>14</sln:wojIdTeryt><sln:wojNazwa>mazowieckie</sln:wojNazwa></sln:miejscowosc><sln:miejscowosc><sln:cyklZyciaOd>2017-03-28T00:00:00+02:00</sln:cyklZyciaOd><sln:gmIIPId>39592285-640a-43c7-9204-855f104327e0</sln:gmIIPId><sln:gmIIPPn>PL.PZGIK.200</sln:gmIIPPn><sln:gmIIPWersja>2012-09-26T22:53:15+02:00</sln:gmIIPWersja><sln:gmIdTeryt>1416112</sln:gmIdTeryt><sln:gmNazwa>Zaręby Kościelne</sln:gmNazwa><sln:miejscIIPId>8161790b-736d-4ac0-bebe-7455348bd8bc</sln:miejscIIPId><sln:miejscIIPPn>PL.PZGIK.200</sln:miejscIIPPn><sln:miejscIIPWersja>2017-03-28T10:22:49+02:00</sln:miejscIIPWersja><sln:miejscIdTeryt>0411795</sln:miejscIdTeryt><sln:miejscNazwa>Świerże-Panki</sln:miejscNazwa><sln:miejscRodzaj>Wieś</sln:miejscRodzaj><sln:powIIPId>17fc6675-6104-4686-b70e-cf2a562b89e6</sln:powIIPId><sln:powIIPPn>PL.PZGIK.200</sln:powIIPPn><sln:powIIPWersja>2012-09-27T08:13:53+02:00</sln:powIIPWersja><sln:powIdTeryt>1416</sln:powIdTeryt><sln:powNazwa>ostrowski</sln:powNazwa><sln:waznyOd>2013-02-27T00:00:00+01:00</sln:waznyOd><sln:wojIIPId>4b6c492a-eb04-441d-a92a-f44359c06de7</sln:wojIIPId><sln:wojIIPPn>PL.PZGIK.200</sln:wojIIPPn><sln:wojIIPWersja>2012-09-27T13:45:13+02:00</sln:wojIIPWersja><sln:wojIdTeryt>14</sln:wojIdTeryt><sln:wojNazwa>mazowieckie</sln:wojNazwa></sln:miejscowosc><sln:miejscowosc><sln:cyklZyciaOd>2017-03-28T00:00:00+02:00</sln:cyklZyciaOd><sln:gmIIPId>39592285-640a-43c7-9204-855f104327e0</sln:gmIIPId><sln:gmIIPPn>PL.PZGIK.200</sln:gmIIPPn><sln:gmIIPWersja>2012-09-26T22:53:15+02:00</sln:gmIIPWersja><sln:gmIdTeryt>1416112</sln:gmIdTeryt><sln:gmNazwa>Zaręby Kościelne</sln:gmNazwa><sln:miejscIIPId>da593dd0-8461-4adc-90d8-8819568b96f6</sln:miejscIIPId><sln:miejscIIPPn>PL.PZGIK.200</sln:miejscIIPPn><sln:miejscIIPWersja>2017-03-28T10:22:49+02:00</sln:miejscIIPWersja><sln:miejscIdTeryt>0411810</sln:miejscIdTeryt><sln:miejscNazwa>Świerże Zielone</sln:miejscNazwa><sln:miejscRodzaj>Wieś</sln:miejscRodzaj><sln:powIIPId>17fc6675-6104-4686-b70e-cf2a562b89e6</sln:powIIPId><sln:powIIPPn>PL.PZGIK.200</sln:powIIPPn><sln:powIIPWersja>2012-09-27T08:13:53+02:00</sln:powIIPWersja><sln:powIdTeryt>1416</sln:powIdTeryt><sln:powNazwa>ostrowski</sln:powNazwa><sln:waznyOd>2013-02-27T00:00:00+01:00</sln:waznyOd><sln:wojIIPId>4b6c492a-eb04-441d-a92a-f44359c06de7</sln:wojIIPId><sln:wojIIPPn>PL.PZGIK.200</sln:wojIIPPn><sln:wojIIPWersja>2012-09-27T13:45:13+02:00</sln:wojIIPWersja><sln:wojIdTeryt>14</sln:wojIdTeryt><sln:wojNazwa>mazowieckie</sln:wojNazwa></sln:miejscowosc><sln:miejscowosc><sln:cyklZyciaOd>2017-03-28T00:00:00+02:00</sln:cyklZyciaOd><sln:gmIIPId>39592285-640a-43c7-9204-855f104327e0</sln:gmIIPId><sln:gmIIPPn>PL.PZGIK.200</sln:gmIIPPn><sln:gmIIPWersja>2012-09-26T22:53:15+02:00</sln:gmIIPWersja><sln:gmIdTeryt>1416112</sln:gmIdTeryt><sln:gmNazwa>Zaręby Kościelne</sln:gmNazwa><sln:miejscIIPId>f8966ee0-e105-4ad7-96e9-31c4af4d733d</sln:miejscIIPId><sln:miejscIIPPn>PL.PZGIK.200</sln:miejscIIPPn><sln:miejscIIPWersja>2017-03-28T10:22:49+02:00</sln:miejscIIPWersja><sln:miejscIdTeryt>0411826</sln:miejscIdTeryt><sln:miejscNazwa>Uścianek Wielki</sln:miejscNazwa><sln:miejscRodzaj>Wieś</sln:miejscRodzaj><sln:powIIPId>17fc6675-6104-4686-b70e-cf2a562b89e6</sln:powIIPId><sln:powIIPPn>PL.PZGIK.200</sln:powIIPPn><sln:powIIPWersja>2012-09-27T08:13:53+02:00</sln:powIIPWersja><sln:powIdTeryt>1416</sln:powIdTeryt><sln:powNazwa>ostrowski</sln:powNazwa><sln:waznyOd>2013-02-27T00:00:00+01:00</sln:waznyOd><sln:wojIIPId>4b6c492a-eb04-441d-a92a-f44359c06de7</sln:wojIIPId><sln:wojIIPPn>PL.PZGIK.200</sln:wojIIPPn><sln:wojIIPWersja>2012-09-27T13:45:13+02:00</sln:wojIIPWersja><sln:wojIdTeryt>14</sln:wojIdTeryt><sln:wojNazwa>mazowieckie</sln:wojNazwa></sln:miejscowosc><sln:miejscowosc><sln:cyklZyciaOd>2017-03-28T00:00:00+02:00</sln:cyklZyciaOd><sln:gmIIPId>39592285-640a-43c7-9204-855f104327e0</sln:gmIIPId><sln:gmIIPPn>PL.PZGIK.200</sln:gmIIPPn><sln:gmIIPWersja>2012-09-26T22:53:15+02:00</sln:gmIIPWersja><sln:gmIdTeryt>1416112</sln:gmIdTeryt><sln:gmNazwa>Zaręby Kościelne</sln:gmNazwa><sln:miejscIIPId>b8da7b0b-5aa0-4264-a3a4-34c01634cd73</sln:miejscIIPId><sln:miejscIIPPn>PL.PZGIK.200</sln:miejscIIPPn><sln:miejscIIPWersja>2017-03-28T10:22:49+02:00</sln:miejscIIPWersja><sln:miejscIdTeryt>0411832</sln:miejscIdTeryt><sln:miejscNazwa>Zakrzewo-Kopijki</sln:miejscNazwa><sln:miejscRodzaj>Wieś</sln:miejscRodzaj><sln:powIIPId>17fc6675-6104-4686-b70e-cf2a562b89e6</sln:powIIPId><sln:powIIPPn>PL.PZGIK.200</sln:powIIPPn><sln:powIIPWersja>2012-09-27T08:13:53+02:00</sln:powIIPWersja><sln:powIdTeryt>1416</sln:powIdTeryt><sln:powNazwa>ostrowski</sln:powNazwa><sln:waznyOd>2013-02-27T00:00:00+01:00</sln:waznyOd><sln:wojIIPId>4b6c492a-eb04-441d-a92a-f44359c06de7</sln:wojIIPId><sln:wojIIPPn>PL.PZGIK.200</sln:wojIIPPn><sln:wojIIPWersja>2012-09-27T13:45:13+02:00</sln:wojIIPWersja><sln:wojIdTeryt>14</sln:wojIdTeryt><sln:wojNazwa>mazowieckie</sln:wojNazwa></sln:miejscowosc><sln:miejscowosc><sln:cyklZyciaOd>2017-03-28T00:00:00+02:00</sln:cyklZyciaOd><sln:gmIIPId>39592285-640a-43c7-9204-855f104327e0</sln:gmIIPId><sln:gmIIPPn>PL.PZGIK.200</sln:gmIIPPn><sln:gmIIPWersja>2012-09-26T22:53:15+02:00</sln:gmIIPWersja><sln:gmIdTeryt>1416112</sln:gmIdTeryt><sln:gmNazwa>Zaręby Kościelne</sln:gmNazwa><sln:miejscIIPId>24287a2e-a687-4a21-a961-0be4da7cc373</sln:miejscIIPId><sln:miejscIIPPn>PL.PZGIK.200</sln:miejscIIPPn><sln:miejscIIPWersja>2017-03-28T10:22:49+02:00</sln:miejscIIPWersja><sln:miejscIdTeryt>0411849</sln:miejscIdTeryt><sln:miejscNazwa>Zakrzewo Wielkie</sln:miejscNazwa><sln:miejscRodzaj>Wieś</sln:miejscRodzaj><sln:powIIPId>17fc6675-6104-4686-b70e-cf2a562b89e6</sln:powIIPId><sln:powIIPPn>PL.PZGIK.200</sln:powIIPPn><sln:powIIPWersja>2012-09-27T08:13:53+02:00</sln:powIIPWersja><sln:powIdTeryt>1416</sln:powIdTeryt><sln:powNazwa>ostrowski</sln:powNazwa><sln:waznyOd>2013-02-27T00:00:00+01:00</sln:waznyOd><sln:wojIIPId>4b6c492a-eb04-441d-a92a-f44359c06de7</sln:wojIIPId><sln:wojIIPPn>PL.PZGIK.200</sln:wojIIPPn><sln:wojIIPWersja>2012-09-27T13:45:13+02:00</sln:wojIIPWersja><sln:wojIdTeryt>14</sln:wojIdTeryt><sln:wojNazwa>mazowieckie</sln:wojNazwa></sln:miejscowosc><sln:miejscowosc><sln:cyklZyciaOd>2017-03-28T00:00:00+02:00</sln:cyklZyciaOd><sln:gmIIPId>39592285-640a-43c7-9204-855f104327e0</sln:gmIIPId><sln:gmIIPPn>PL.PZGIK.200</sln:gmIIPPn><sln:gmIIPWersja>2012-09-26T22:53:15+02:00</sln:gmIIPWersja><sln:gmIdTeryt>1416112</sln:gmIdTeryt><sln:gmNazwa>Zaręby Kościelne</sln:gmNazwa><sln:miejscIIPId>c770468c-926e-459e-b5c4-bdb89659de38</sln:miejscIIPId><sln:miejscIIPPn>PL.PZGIK.200</sln:miejscIIPPn><sln:miejscIIPWersja>2017-03-28T10:22:49+02:00</sln:miejscIIPWersja><sln:miejscIdTeryt>0411855</sln:miejscIdTeryt><sln:miejscNazwa>Zaręby Kościelne</sln:miejscNazwa><sln:miejscRodzaj>Wieś</sln:miejscRodzaj><sln:powIIPId>17fc6675-6104-4686-b70e-cf2a562b89e6</sln:powIIPId><sln:powIIPPn>PL.PZGIK.200</sln:powIIPPn><sln:powIIPWersja>2012-09-27T08:13:53+02:00</sln:powIIPWersja><sln:powIdTeryt>1416</sln:powIdTeryt><sln:powNazwa>ostrowski</sln:powNazwa><sln:waznyOd>2013-02-27T00:00:00+01:00</sln:waznyOd><sln:wojIIPId>4b6c492a-eb04-441d-a92a-f44359c06de7</sln:wojIIPId><sln:wojIIPPn>PL.PZGIK.200</sln:wojIIPPn><sln:wojIIPWersja>2012-09-27T13:45:13+02:00</sln:wojIIPWersja><sln:wojIdTeryt>14</sln:wojIdTeryt><sln:wojNazwa>mazowieckie</sln:wojNazwa></sln:miejscowosc><sln:miejscowosc><sln:cyklZyciaOd>2017-03-28T00:00:00+02:00</sln:cyklZyciaOd><sln:gmIIPId>39592285-640a-43c7-9204-855f104327e0</sln:gmIIPId><sln:gmIIPPn>PL.PZGIK.200</sln:gmIIPPn><sln:gmIIPWersja>2012-09-26T22:53:15+02:00</sln:gmIIPWersja><sln:gmIdTeryt>1416112</sln:gmIdTeryt><sln:gmNazwa>Zaręby Kościelne</sln:gmNazwa><sln:miejscIIPId>9ba79415-2492-44f6-a937-a3b6936008bb</sln:miejscIIPId><sln:miejscIIPPn>PL.PZGIK.200</sln:miejscIIPPn><sln:miejscIIPWersja>2017-03-28T10:22:49+02:00</sln:miejscIIPWersja><sln:miejscIdTeryt>0411861</sln:miejscIdTeryt><sln:miejscNazwa>Zaręby Leśne</sln:miejscNazwa><sln:miejscRodzaj>Wieś</sln:miejscRodzaj><sln:powIIPId>17fc6675-6104-4686-b70e-cf2a562b89e6</sln:powIIPId><sln:powIIPPn>PL.PZGIK.200</sln:powIIPPn><sln:powIIPWersja>2012-09-27T08:13:53+02:00</sln:powIIPWersja><sln:powIdTeryt>1416</sln:powIdTeryt><sln:powNazwa>ostrowski</sln:powNazwa><sln:waznyOd>2013-02-27T00:00:00+01:00</sln:waznyOd><sln:wojIIPId>4b6c492a-eb04-441d-a92a-f44359c06de7</sln:wojIIPId><sln:wojIIPPn>PL.PZGIK.200</sln:wojIIPPn><sln:wojIIPWersja>2012-09-27T13:45:13+02:00</sln:wojIIPWersja><sln:wojIdTeryt>14</sln:wojIdTeryt><sln:wojNazwa>mazowieckie</sln:wojNazwa></sln:miejscowosc><sln:miejscowosc><sln:cyklZyciaOd>2017-03-28T00:00:00+02:00</sln:cyklZyciaOd><sln:gmIIPId>39592285-640a-43c7-9204-855f104327e0</sln:gmIIPId><sln:gmIIPPn>PL.PZGIK.200</sln:gmIIPPn><sln:gmIIPWersja>2012-09-26T22:53:15+02:00</sln:gmIIPWersja><sln:gmIdTeryt>1416112</sln:gmIdTeryt><sln:gmNazwa>Zaręby Kościelne</sln:gmNazwa><sln:miejscIIPId>22aff1a5-1977-463f-be15-946baadbb87a</sln:miejscIIPId><sln:miejscIIPPn>PL.PZGIK.200</sln:miejscIIPPn><sln:miejscIIPWersja>2017-03-28T10:22:49+02:00</sln:miejscIIPWersja><sln:miejscIdTeryt>0411878</sln:miejscIdTeryt><sln:miejscNazwa>Zgleczewo Panieńskie</sln:miejscNazwa><sln:miejscRodzaj>Wieś</sln:miejscRodzaj><sln:powIIPId>17fc6675-6104-4686-b70e-cf2a562b89e6</sln:powIIPId><sln:powIIPPn>PL.PZGIK.200</sln:powIIPPn><sln:powIIPWersja>2012-09-27T08:13:53+02:00</sln:powIIPWersja><sln:powIdTeryt>1416</sln:powIdTeryt><sln:powNazwa>ostrowski</sln:powNazwa><sln:waznyOd>2013-02-27T00:00:00+01:00</sln:waznyOd><sln:wojIIPId>4b6c492a-eb04-441d-a92a-f44359c06de7</sln:wojIIPId><sln:wojIIPPn>PL.PZGIK.200</sln:wojIIPPn><sln:wojIIPWersja>2012-09-27T13:45:13+02:00</sln:wojIIPWersja><sln:wojIdTeryt>14</sln:wojIdTeryt><sln:wojNazwa>mazowieckie</sln:wojNazwa></sln:miejscowosc><sln:miejscowosc><sln:cyklZyciaOd>2017-03-28T00:00:00+02:00</sln:cyklZyciaOd><sln:gmIIPId>39592285-640a-43c7-9204-855f104327e0</sln:gmIIPId><sln:gmIIPPn>PL.PZGIK.200</sln:gmIIPPn><sln:gmIIPWersja>2012-09-26T22:53:15+02:00</sln:gmIIPWersja><sln:gmIdTeryt>1416112</sln:gmIdTeryt><sln:gmNazwa>Zaręby Kościelne</sln:gmNazwa><sln:miejscIIPId>fb31247e-d9fb-4cb1-ad7a-e10c3ebb8675</sln:miejscIIPId><sln:miejscIIPPn>PL.PZGIK.200</sln:miejscIIPPn><sln:miejscIIPWersja>2017-03-28T10:22:49+02:00</sln:miejscIIPWersja><sln:miejscIdTeryt>0411884</sln:miejscIdTeryt><sln:miejscNazwa>Zgleczewo Szlacheckie</sln:miejscNazwa><sln:miejscRodzaj>Wieś</sln:miejscRodzaj><sln:powIIPId>17fc6675-6104-4686-b70e-cf2a562b89e6</sln:powIIPId><sln:powIIPPn>PL.PZGIK.200</sln:powIIPPn><sln:powIIPWersja>2012-09-27T08:13:53+02:00</sln:powIIPWersja><sln:powIdTeryt>1416</sln:powIdTeryt><sln:powNazwa>ostrowski</sln:powNazwa><sln:waznyOd>2013-02-27T00:00:00+01:00</sln:waznyOd><sln:wojIIPId>4b6c492a-eb04-441d-a92a-f44359c06de7</sln:wojIIPId><sln:wojIIPPn>PL.PZGIK.200</sln:wojIIPPn><sln:wojIIPWersja>2012-09-27T13:45:13+02:00</sln:wojIIPWersja><sln:wojIdTeryt>14</sln:wojIdTeryt><sln:wojNazwa>mazowieckie</sln:wojNazwa></sln:miejscowosc></sln:lista-miejscowosci>