<?xml version="1.0" encoding="UTF-8" standalone="yes"?><sln:lista-miejscowosci xmlns:srv="http://gugik.gov.pl/schemas/slowniki-service/1.0" xmlns:sln="http://gugik.gov.pl/schemas/slowniki-schema/1.0"><sln:miejscowosc><sln:cyklZyciaDo>2017-03-29T00:00:00+02:00</sln:cyklZyciaDo><sln:cyklZyciaOd>2016-06-20T00:00:00+02:00</sln:cyklZyciaOd><sln:gmIIPId>1722d827-a63d-4161-b73a-fa21e79978df</sln:gmIIPId><sln:gmIIPPn>PL.PZGIK.200</sln:gmIIPPn><sln:gmIIPWersja>2012-09-26T21:57:51+02:00</sln:gmIIPWersja><sln:gmIdTeryt>1406073</sln:gmIdTeryt><sln:gmNazwa>Mogielnica</sln:gmNazwa><sln:miejscIIPId>724759db-fc8b-4403-8b67-7cac9a54aa96</sln:miejscIIPId><sln:miejscIIPPn>PL.PZGIK.200</sln:miejscIIPPn><sln:miejscIIPWersja>2016-11-24T11:37:37+02:00</sln:miejscIIPWersja><sln:miejscIdTeryt>0629181</sln:miejscIdTeryt><sln:miejscNazwa>Borowe</sln:miejscNazwa><sln:miejscRodzaj>Wieś</sln:miejscRodzaj><sln:powIIPId>1902b89c-e533-4c1e-957c-87f29075df06</sln:powIIPId><sln:powIIPPn>PL.PZGIK.200</sln:powIIPPn><sln:powIIPWersja>2012-09-27T08:13:53+02:00</sln:powIIPWersja><sln:powIdTeryt>1406</sln:powIdTeryt><sln:powNazwa>grójecki</sln:powNazwa><sln:waznyOd>2014-06-23T00:00:00+02:00</sln:waznyOd><sln:wojIIPId>4b6c492a-eb04-441d-a92a-f44359c06de7</sln:wojIIPId><sln:wojIIPPn>PL.PZGIK.200</sln:wojIIPPn><sln:wojIIPWersja>2012-09-27T13:45:13+02:00</sln:wojIIPWersja><sln:wojIdTeryt>14</sln:wojIdTeryt><sln:wojNazwa>mazowieckie</sln:wojNazwa></sln:miejscowosc><sln:miejscowosc><sln:cyklZyciaDo>2017-03-29T00:00:00+02:00</sln:cyklZyciaDo><sln:cyklZyciaOd>2016-06-20T00:00:00+02:00</sln:cyklZyciaOd><sln:gmIIPId>1722d827-a63d-4161-b73a-fa21e79978df</sln:gmIIPId><sln:gmIIPPn>PL.PZGIK.200</sln:gmIIPPn><sln:gmIIPWersja>2012-09-26T21:57:51+02:00</sln:gmIIPWersja><sln:gmIdTeryt>1406073</sln:gmIdTeryt><sln:gmNazwa>Mogielnica</sln:gmNazwa><sln:miejscIIPId>4335ed33-71a8-488b-aac5-f2bedaf39044</sln:miejscIIPId><sln:miejscIIPPn>PL.PZGIK.200</sln:miejscIIPPn><sln:miejscIIPWersja>2016-11-24T11:37:37+02:00</sln:miejscIIPWersja><sln:miejscIdTeryt>0629198</sln:miejscIdTeryt><sln:miejscNazwa>Brzostowiec</sln:miejscNazwa><sln:miejscRodzaj>Wieś</sln:miejscRodzaj><sln:powIIPId>1902b89c-e533-4c1e-957c-87f29075df06</sln:powIIPId><sln:powIIPPn>PL.PZGIK.200</sln:powIIPPn><sln:powIIPWersja>2012-09-27T08:13:53+02:00</sln:powIIPWersja><sln:powIdTeryt>1406</sln:powIdTeryt><sln:powNazwa>grójecki</sln:powNazwa><sln:waznyOd>2014-06-23T00:00:00+02:00</sln:waznyOd><sln:wojIIPId>4b6c492a-eb04-441d-a92a-f44359c06de7</sln:wojIIPId><sln:wojIIPPn>PL.PZGIK.200</sln:wojIIPPn><sln:wojIIPWersja>2012-09-27T13:45:13+02:00</sln:wojIIPWersja><sln:wojIdTeryt>14</sln:wojIdTeryt><sln:wojNazwa>mazowieckie</sln:wojNazwa></sln:miejscowosc><sln:miejscowosc><sln:cyklZyciaDo>2017-03-29T00:00:00+02:00</sln:cyklZyciaDo><sln:cyklZyciaOd>2016-06-20T00:00:00+02:00</sln:cyklZyciaOd><sln:gmIIPId>1722d827-a63d-4161-b73a-fa21e79978df</sln:gmIIPId><sln:gmIIPPn>PL.PZGIK.200</sln:gmIIPPn><sln:gmIIPWersja>2012-09-26T21:57:51+02:00</sln:gmIIPWersja><sln:gmIdTeryt>1406073</sln:gmIdTeryt><sln:gmNazwa>Mogielnica</sln:gmNazwa><sln:miejscIIPId>2c8d0c54-30d1-44f0-9c44-5788132fc68e</sln:miejscIIPId><sln:miejscIIPPn>PL.PZGIK.200</sln:miejscIIPPn><sln:miejscIIPWersja>2016-11-24T11:37:37+02:00</sln:miejscIIPWersja><sln:miejscIdTeryt>0629206</sln:miejscIdTeryt><sln:miejscNazwa>Cegielnia</sln:miejscNazwa><sln:miejscRodzaj>Wieś</sln:miejscRodzaj><sln:powIIPId>1902b89c-e533-4c1e-957c-87f29075df06</sln:powIIPId><sln:powIIPPn>PL.PZGIK.200</sln:powIIPPn><sln:powIIPWersja>2012-09-27T08:13:53+02:00</sln:powIIPWersja><sln:powIdTeryt>1406</sln:powIdTeryt><sln:powNazwa>grójecki</sln:powNazwa><sln:waznyOd>2014-06-23T00:00:00+02:00</sln:waznyOd><sln:wojIIPId>4b6c492a-eb04-441d-a92a-f44359c06de7</sln:wojIIPId><sln:wojIIPPn>PL.PZGIK.200</sln:wojIIPPn><sln:wojIIPWersja>2012-09-27T13:45:13+02:00</sln:wojIIPWersja><sln:wojIdTeryt>14</sln:wojIdTeryt><sln:wojNazwa>mazowieckie</sln:wojNazwa></sln:miejscowosc><sln:miejscowosc><sln:cyklZyciaDo>2017-03-29T00:00:00+02:00</sln:cyklZyciaDo><sln:cyklZyciaOd>2016-06-20T00:00:00+02:00</sln:cyklZyciaOd><sln:gmIIPId>1722d827-a63d-4161-b73a-fa21e79978df</sln:gmIIPId><sln:gmIIPPn>PL.PZGIK.200</sln:gmIIPPn><sln:gmIIPWersja>2012-09-26T21:57:51+02:00</sln:gmIIPWersja><sln:gmIdTeryt>1406073</sln:gmIdTeryt><sln:gmNazwa>Mogielnica</sln:gmNazwa><sln:miejscIIPId>d845c3c5-e4ff-483d-8c6e-dc20387f03a1</sln:miejscIIPId><sln:miejscIIPPn>PL.PZGIK.200</sln:miejscIIPPn><sln:miejscIIPWersja>2016-11-24T11:37:37+02:00</sln:miejscIIPWersja><sln:miejscIdTeryt>0629212</sln:miejscIdTeryt><sln:miejscNazwa>Dalboszek</sln:miejscNazwa><sln:miejscRodzaj>Wieś</sln:miejscRodzaj><sln:powIIPId>1902b89c-e533-4c1e-957c-87f29075df06</sln:powIIPId><sln:powIIPPn>PL.PZGIK.200</sln:powIIPPn><sln:powIIPWersja>2012-09-27T08:13:53+02:00</sln:powIIPWersja><sln:powIdTeryt>1406</sln:powIdTeryt><sln:powNazwa>grójecki</sln:powNazwa><sln:waznyOd>2014-06-23T00:00:00+02:00</sln:waznyOd><sln:wojIIPId>4b6c492a-eb04-441d-a92a-f44359c06de7</sln:wojIIPId><sln:wojIIPPn>PL.PZGIK.200</sln:wojIIPPn><sln:wojIIPWersja>2012-09-27T13:45:13+02:00</sln:wojIIPWersja><sln:wojIdTeryt>14</sln:wojIdTeryt><sln:wojNazwa>mazowieckie</sln:wojNazwa></sln:miejscowosc><sln:miejscowosc><sln:cyklZyciaDo>2017-03-29T00:00:00+02:00</sln:cyklZyciaDo><sln:cyklZyciaOd>2016-06-20T00:00:00+02:00</sln:cyklZyciaOd><sln:gmIIPId>1722d827-a63d-4161-b73a-fa21e79978df</sln:gmIIPId><sln:gmIIPPn>PL.PZGIK.200</sln:gmIIPPn><sln:gmIIPWersja>2012-09-26T21:57:51+02:00</sln:gmIIPWersja><sln:gmIdTeryt>1406073</sln:gmIdTeryt><sln:gmNazwa>Mogielnica</sln:gmNazwa><sln:miejscIIPId>4a1409ed-1162-4a87-a7b9-6c622a2d5b21</sln:miejscIIPId><sln:miejscIIPPn>PL.PZGIK.200</sln:miejscIIPPn><sln:miejscIIPWersja>2016-11-24T11:37:37+02:00</sln:miejscIIPWersja><sln:miejscIdTeryt>0629229</sln:miejscIdTeryt><sln:miejscNazwa>Dąbrowa</sln:miejscNazwa><sln:miejscRodzaj>Wieś</sln:miejscRodzaj><sln:powIIPId>1902b89c-e533-4c1e-957c-87f29075df06</sln:powIIPId><sln:powIIPPn>PL.PZGIK.200</sln:powIIPPn><sln:powIIPWersja>2012-09-27T08:13:53+02:00</sln:powIIPWersja><sln:powIdTeryt>1406</sln:powIdTeryt><sln:powNazwa>grójecki</sln:powNazwa><sln:waznyOd>2014-06-23T00:00:00+02:00</sln:waznyOd><sln:wojIIPId>4b6c492a-eb04-441d-a92a-f44359c06de7</sln:wojIIPId><sln:wojIIPPn>PL.PZGIK.200</sln:wojIIPPn><sln:wojIIPWersja>2012-09-27T13:45:13+02:00</sln:wojIIPWersja><sln:wojIdTeryt>14</sln:wojIdTeryt><sln:wojNazwa>mazowieckie</sln:wojNazwa></sln:miejscowosc><sln:miejscowosc><sln:cyklZyciaDo>2017-03-29T00:00:00+02:00</sln:cyklZyciaDo><sln:cyklZyciaOd>2016-06-20T00:00:00+02:00</sln:cyklZyciaOd><sln:gmIIPId>1722d827-a63d-4161-b73a-fa21e79978df</sln:gmIIPId><sln:gmIIPPn>PL.PZGIK.200</sln:gmIIPPn><sln:gmIIPWersja>2012-09-26T21:57:51+02:00</sln:gmIIPWersja><sln:gmIdTeryt>1406073</sln:gmIdTeryt><sln:gmNazwa>Mogielnica</sln:gmNazwa><sln:miejscIIPId>67f205a2-f901-466d-88e3-b21b0dcd2327</sln:miejscIIPId><sln:miejscIIPPn>PL.PZGIK.200</sln:miejscIIPPn><sln:miejscIIPWersja>2016-11-24T11:37:37+02:00</sln:miejscIIPWersja><sln:miejscIdTeryt>0629235</sln:miejscIdTeryt><sln:miejscNazwa>Dębnowola</sln:miejscNazwa><sln:miejscRodzaj>Wieś</sln:miejscRodzaj><sln:powIIPId>1902b89c-e533-4c1e-957c-87f29075df06</sln:powIIPId><sln:powIIPPn>PL.PZGIK.200</sln:powIIPPn><sln:powIIPWersja>2012-09-27T08:13:53+02:00</sln:powIIPWersja><sln:powIdTeryt>1406</sln:powIdTeryt><sln:powNazwa>grójecki</sln:powNazwa><sln:waznyOd>2014-06-23T00:00:00+02:00</sln:waznyOd><sln:wojIIPId>4b6c492a-eb04-441d-a92a-f44359c06de7</sln:wojIIPId><sln:wojIIPPn>PL.PZGIK.200</sln:wojIIPPn><sln:wojIIPWersja>2012-09-27T13:45:13+02:00</sln:wojIIPWersja><sln:wojIdTeryt>14</sln:wojIdTeryt><sln:wojNazwa>mazowieckie</sln:wojNazwa></sln:miejscowosc><sln:miejscowosc><sln:cyklZyciaDo>2017-03-29T00:00:00+02:00</sln:cyklZyciaDo><sln:cyklZyciaOd>2016-06-20T00:00:00+02:00</sln:cyklZyciaOd><sln:gmIIPId>1722d827-a63d-4161-b73a-fa21e79978df</sln:gmIIPId><sln:gmIIPPn>PL.PZGIK.200</sln:gmIIPPn><sln:gmIIPWersja>2012-09-26T21:57:51+02:00</sln:gmIIPWersja><sln:gmIdTeryt>1406073</sln:gmIdTeryt><sln:gmNazwa>Mogielnica</sln:gmNazwa><sln:miejscIIPId>d4fc93fd-b369-43cf-8184-1cf28867aaec</sln:miejscIIPId><sln:miejscIIPPn>PL.PZGIK.200</sln:miejscIIPPn><sln:miejscIIPWersja>2016-11-24T11:37:37+02:00</sln:miejscIIPWersja><sln:miejscIdTeryt>0629241</sln:miejscIdTeryt><sln:miejscNazwa>Dobiecin</sln:miejscNazwa><sln:miejscRodzaj>Wieś</sln:miejscRodzaj><sln:powIIPId>1902b89c-e533-4c1e-957c-87f29075df06</sln:powIIPId><sln:powIIPPn>PL.PZGIK.200</sln:powIIPPn><sln:powIIPWersja>2012-09-27T08:13:53+02:00</sln:powIIPWersja><sln:powIdTeryt>1406</sln:powIdTeryt><sln:powNazwa>grójecki</sln:powNazwa><sln:waznyOd>2014-06-23T00:00:00+02:00</sln:waznyOd><sln:wojIIPId>4b6c492a-eb04-441d-a92a-f44359c06de7</sln:wojIIPId><sln:wojIIPPn>PL.PZGIK.200</sln:wojIIPPn><sln:wojIIPWersja>2012-09-27T13:45:13+02:00</sln:wojIIPWersja><sln:wojIdTeryt>14</sln:wojIdTeryt><sln:wojNazwa>mazowieckie</sln:wojNazwa></sln:miejscowosc><sln:miejscowosc><sln:cyklZyciaDo>2017-03-29T00:00:00+02:00</sln:cyklZyciaDo><sln:cyklZyciaOd>2016-06-20T00:00:00+02:00</sln:cyklZyciaOd><sln:gmIIPId>1722d827-a63d-4161-b73a-fa21e79978df</sln:gmIIPId><sln:gmIIPPn>PL.PZGIK.200</sln:gmIIPPn><sln:gmIIPWersja>2012-09-26T21:57:51+02:00</sln:gmIIPWersja><sln:gmIdTeryt>1406073</sln:gmIdTeryt><sln:gmNazwa>Mogielnica</sln:gmNazwa><sln:miejscIIPId>2db50909-c11d-4311-b850-6096392c70e3</sln:miejscIIPId><sln:miejscIIPPn>PL.PZGIK.200</sln:miejscIIPPn><sln:miejscIIPWersja>2016-11-24T11:37:37+02:00</sln:miejscIIPWersja><sln:miejscIdTeryt>0629258</sln:miejscIdTeryt><sln:miejscNazwa>Dylew</sln:miejscNazwa><sln:miejscRodzaj>Wieś</sln:miejscRodzaj><sln:powIIPId>1902b89c-e533-4c1e-957c-87f29075df06</sln:powIIPId><sln:powIIPPn>PL.PZGIK.200</sln:powIIPPn><sln:powIIPWersja>2012-09-27T08:13:53+02:00</sln:powIIPWersja><sln:powIdTeryt>1406</sln:powIdTeryt><sln:powNazwa>grójecki</sln:powNazwa><sln:waznyOd>2014-06-23T00:00:00+02:00</sln:waznyOd><sln:wojIIPId>4b6c492a-eb04-441d-a92a-f44359c06de7</sln:wojIIPId><sln:wojIIPPn>PL.PZGIK.200</sln:wojIIPPn><sln:wojIIPWersja>2012-09-27T13:45:13+02:00</sln:wojIIPWersja><sln:wojIdTeryt>14</sln:wojIdTeryt><sln:wojNazwa>mazowieckie</sln:wojNazwa></sln:miejscowosc><sln:miejscowosc><sln:cyklZyciaDo>2017-03-29T00:00:00+02:00</sln:cyklZyciaDo><sln:cyklZyciaOd>2016-06-20T00:00:00+02:00</sln:cyklZyciaOd><sln:gmIIPId>1722d827-a63d-4161-b73a-fa21e79978df</sln:gmIIPId><sln:gmIIPPn>PL.PZGIK.200</sln:gmIIPPn><sln:gmIIPWersja>2012-09-26T21:57:51+02:00</sln:gmIIPWersja><sln:gmIdTeryt>1406073</sln:gmIdTeryt><sln:gmNazwa>Mogielnica</sln:gmNazwa><sln:miejscIIPId>90d2f364-ac4e-4486-916a-4f88f86dd00d</sln:miejscIIPId><sln:miejscIIPPn>PL.PZGIK.200</sln:miejscIIPPn><sln:miejscIIPWersja>2016-11-24T11:37:37+02:00</sln:miejscIIPWersja><sln:miejscIdTeryt>0629264</sln:miejscIdTeryt><sln:miejscNazwa>Dziarnów</sln:miejscNazwa><sln:miejscRodzaj>Wieś</sln:miejscRodzaj><sln:powIIPId>1902b89c-e533-4c1e-957c-87f29075df06</sln:powIIPId><sln:powIIPPn>PL.PZGIK.200</sln:powIIPPn><sln:powIIPWersja>2012-09-27T08:13:53+02:00</sln:powIIPWersja><sln:powIdTeryt>1406</sln:powIdTeryt><sln:powNazwa>grójecki</sln:powNazwa><sln:waznyOd>2014-06-23T00:00:00+02:00</sln:waznyOd><sln:wojIIPId>4b6c492a-eb04-441d-a92a-f44359c06de7</sln:wojIIPId><sln:wojIIPPn>PL.PZGIK.200</sln:wojIIPPn><sln:wojIIPWersja>2012-09-27T13:45:13+02:00</sln:wojIIPWersja><sln:wojIdTeryt>14</sln:wojIdTeryt><sln:wojNazwa>mazowieckie</sln:wojNazwa></sln:miejscowosc><sln:miejscowosc><sln:cyklZyciaDo>2017-03-29T00:00:00+02:00</sln:cyklZyciaDo><sln:cyklZyciaOd>2016-06-20T00:00:00+02:00</sln:cyklZyciaOd><sln:gmIIPId>1722d827-a63d-4161-b73a-fa21e79978df</sln:gmIIPId><sln:gmIIPPn>PL.PZGIK.200</sln:gmIIPPn><sln:gmIIPWersja>2012-09-26T21:57:51+02:00</sln:gmIIPWersja><sln:gmIdTeryt>1406073</sln:gmIdTeryt><sln:gmNazwa>Mogielnica</sln:gmNazwa><sln:miejscIIPId>95724a1b-447f-472b-86f7-cddbb962e2ec</sln:miejscIIPId><sln:miejscIIPPn>PL.PZGIK.200</sln:miejscIIPPn><sln:miejscIIPWersja>2016-11-24T11:37:37+02:00</sln:miejscIIPWersja><sln:miejscIdTeryt>0629270</sln:miejscIdTeryt><sln:miejscNazwa>Dziunin</sln:miejscNazwa><sln:miejscRodzaj>Wieś</sln:miejscRodzaj><sln:powIIPId>1902b89c-e533-4c1e-957c-87f29075df06</sln:powIIPId><sln:powIIPPn>PL.PZGIK.200</sln:powIIPPn><sln:powIIPWersja>2012-09-27T08:13:53+02:00</sln:powIIPWersja><sln:powIdTeryt>1406</sln:powIdTeryt><sln:powNazwa>grójecki</sln:powNazwa><sln:waznyOd>2014-06-23T00:00:00+02:00</sln:waznyOd><sln:wojIIPId>4b6c492a-eb04-441d-a92a-f44359c06de7</sln:wojIIPId><sln:wojIIPPn>PL.PZGIK.200</sln:wojIIPPn><sln:wojIIPWersja>2012-09-27T13:45:13+02:00</sln:wojIIPWersja><sln:wojIdTeryt>14</sln:wojIdTeryt><sln:wojNazwa>mazowieckie</sln:wojNazwa></sln:miejscowosc><sln:miejscowosc><sln:cyklZyciaDo>2017-03-29T00:00:00+02:00</sln:cyklZyciaDo><sln:cyklZyciaOd>2016-06-20T00:00:00+02:00</sln:cyklZyciaOd><sln:gmIIPId>1722d827-a63d-4161-b73a-fa21e79978df</sln:gmIIPId><sln:gmIIPPn>PL.PZGIK.200</sln:gmIIPPn><sln:gmIIPWersja>2012-09-26T21:57:51+02:00</sln:gmIIPWersja><sln:gmIdTeryt>1406073</sln:gmIdTeryt><sln:gmNazwa>Mogielnica</sln:gmNazwa><sln:miejscIIPId>c69f2f16-840d-4a00-b17f-f3cd88f9aa23</sln:miejscIIPId><sln:miejscIIPPn>PL.PZGIK.200</sln:miejscIIPPn><sln:miejscIIPWersja>2016-11-24T11:37:37+02:00</sln:miejscIIPWersja><sln:miejscIdTeryt>0629287</sln:miejscIdTeryt><sln:miejscNazwa>Główczyn</sln:miejscNazwa><sln:miejscRodzaj>Wieś</sln:miejscRodzaj><sln:powIIPId>1902b89c-e533-4c1e-957c-87f29075df06</sln:powIIPId><sln:powIIPPn>PL.PZGIK.200</sln:powIIPPn><sln:powIIPWersja>2012-09-27T08:13:53+02:00</sln:powIIPWersja><sln:powIdTeryt>1406</sln:powIdTeryt><sln:powNazwa>grójecki</sln:powNazwa><sln:waznyOd>2014-06-23T00:00:00+02:00</sln:waznyOd><sln:wojIIPId>4b6c492a-eb04-441d-a92a-f44359c06de7</sln:wojIIPId><sln:wojIIPPn>PL.PZGIK.200</sln:wojIIPPn><sln:wojIIPWersja>2012-09-27T13:45:13+02:00</sln:wojIIPWersja><sln:wojIdTeryt>14</sln:wojIdTeryt><sln:wojNazwa>mazowieckie</sln:wojNazwa></sln:miejscowosc><sln:miejscowosc><sln:cyklZyciaDo>2017-03-29T00:00:00+02:00</sln:cyklZyciaDo><sln:cyklZyciaOd>2016-06-20T00:00:00+02:00</sln:cyklZyciaOd><sln:gmIIPId>1722d827-a63d-4161-b73a-fa21e79978df</sln:gmIIPId><sln:gmIIPPn>PL.PZGIK.200</sln:gmIIPPn><sln:gmIIPWersja>2012-09-26T21:57:51+02:00</sln:gmIIPWersja><sln:gmIdTeryt>1406073</sln:gmIdTeryt><sln:gmNazwa>Mogielnica</sln:gmNazwa><sln:miejscIIPId>93b6bddd-6b52-4576-91cc-0f06bc7c44f6</sln:miejscIIPId><sln:miejscIIPPn>PL.PZGIK.200</sln:miejscIIPPn><sln:miejscIIPWersja>2016-11-24T11:37:37+02:00</sln:miejscIIPWersja><sln:miejscIdTeryt>0629293</sln:miejscIdTeryt><sln:miejscNazwa>Główczyn-Towarzystwo</sln:miejscNazwa><sln:miejscRodzaj>Wieś</sln:miejscRodzaj><sln:powIIPId>1902b89c-e533-4c1e-957c-87f29075df06</sln:powIIPId><sln:powIIPPn>PL.PZGIK.200</sln:powIIPPn><sln:powIIPWersja>2012-09-27T08:13:53+02:00</sln:powIIPWersja><sln:powIdTeryt>1406</sln:powIdTeryt><sln:powNazwa>grójecki</sln:powNazwa><sln:waznyOd>2014-06-23T00:00:00+02:00</sln:waznyOd><sln:wojIIPId>4b6c492a-eb04-441d-a92a-f44359c06de7</sln:wojIIPId><sln:wojIIPPn>PL.PZGIK.200</sln:wojIIPPn><sln:wojIIPWersja>2012-09-27T13:45:13+02:00</sln:wojIIPWersja><sln:wojIdTeryt>14</sln:wojIdTeryt><sln:wojNazwa>mazowieckie</sln:wojNazwa></sln:miejscowosc><sln:miejscowosc><sln:cyklZyciaDo>2017-03-29T00:00:00+02:00</sln:cyklZyciaDo><sln:cyklZyciaOd>2016-06-20T00:00:00+02:00</sln:cyklZyciaOd><sln:gmIIPId>1722d827-a63d-4161-b73a-fa21e79978df</sln:gmIIPId><sln:gmIIPPn>PL.PZGIK.200</sln:gmIIPPn><sln:gmIIPWersja>2012-09-26T21:57:51+02:00</sln:gmIIPWersja><sln:gmIdTeryt>1406073</sln:gmIdTeryt><sln:gmNazwa>Mogielnica</sln:gmNazwa><sln:miejscIIPId>399c9479-f444-4e71-840e-3b7f3bac2db9</sln:miejscIIPId><sln:miejscIIPPn>PL.PZGIK.200</sln:miejscIIPPn><sln:miejscIIPWersja>2016-11-24T11:37:37+02:00</sln:miejscIIPWersja><sln:miejscIdTeryt>0629301</sln:miejscIdTeryt><sln:miejscNazwa>Górki-Izabelin</sln:miejscNazwa><sln:miejscRodzaj>Wieś</sln:miejscRodzaj><sln:powIIPId>1902b89c-e533-4c1e-957c-87f29075df06</sln:powIIPId><sln:powIIPPn>PL.PZGIK.200</sln:powIIPPn><sln:powIIPWersja>2012-09-27T08:13:53+02:00</sln:powIIPWersja><sln:powIdTeryt>1406</sln:powIdTeryt><sln:powNazwa>grójecki</sln:powNazwa><sln:waznyOd>2014-06-23T00:00:00+02:00</sln:waznyOd><sln:wojIIPId>4b6c492a-eb04-441d-a92a-f44359c06de7</sln:wojIIPId><sln:wojIIPPn>PL.PZGIK.200</sln:wojIIPPn><sln:wojIIPWersja>2012-09-27T13:45:13+02:00</sln:wojIIPWersja><sln:wojIdTeryt>14</sln:wojIdTeryt><sln:wojNazwa>mazowieckie</sln:wojNazwa></sln:miejscowosc><sln:miejscowosc><sln:cyklZyciaDo>2017-03-29T00:00:00+02:00</sln:cyklZyciaDo><sln:cyklZyciaOd>2016-06-20T00:00:00+02:00</sln:cyklZyciaOd><sln:gmIIPId>1722d827-a63d-4161-b73a-fa21e79978df</sln:gmIIPId><sln:gmIIPPn>PL.PZGIK.200</sln:gmIIPPn><sln:gmIIPWersja>2012-09-26T21:57:51+02:00</sln:gmIIPWersja><sln:gmIdTeryt>1406073</sln:gmIdTeryt><sln:gmNazwa>Mogielnica</sln:gmNazwa><sln:miejscIIPId>4993ee02-b755-445b-96c0-f6c3e552d16c</sln:miejscIIPId><sln:miejscIIPPn>PL.PZGIK.200</sln:miejscIIPPn><sln:miejscIIPWersja>2016-11-24T11:37:37+02:00</sln:miejscIIPWersja><sln:miejscIdTeryt>0629318</sln:miejscIdTeryt><sln:miejscNazwa>Gracjanów</sln:miejscNazwa><sln:miejscRodzaj>Wieś</sln:miejscRodzaj><sln:powIIPId>1902b89c-e533-4c1e-957c-87f29075df06</sln:powIIPId><sln:powIIPPn>PL.PZGIK.200</sln:powIIPPn><sln:powIIPWersja>2012-09-27T08:13:53+02:00</sln:powIIPWersja><sln:powIdTeryt>1406</sln:powIdTeryt><sln:powNazwa>grójecki</sln:powNazwa><sln:waznyOd>2014-06-23T00:00:00+02:00</sln:waznyOd><sln:wojIIPId>4b6c492a-eb04-441d-a92a-f44359c06de7</sln:wojIIPId><sln:wojIIPPn>PL.PZGIK.200</sln:wojIIPPn><sln:wojIIPWersja>2012-09-27T13:45:13+02:00</sln:wojIIPWersja><sln:wojIdTeryt>14</sln:wojIdTeryt><sln:wojNazwa>mazowieckie</sln:wojNazwa></sln:miejscowosc><sln:miejscowosc><sln:cyklZyciaDo>2017-03-29T00:00:00+02:00</sln:cyklZyciaDo><sln:cyklZyciaOd>2016-06-20T00:00:00+02:00</sln:cyklZyciaOd><sln:gmIIPId>1722d827-a63d-4161-b73a-fa21e79978df</sln:gmIIPId><sln:gmIIPPn>PL.PZGIK.200</sln:gmIIPPn><sln:gmIIPWersja>2012-09-26T21:57:51+02:00</sln:gmIIPWersja><sln:gmIdTeryt>1406073</sln:gmIdTeryt><sln:gmNazwa>Mogielnica</sln:gmNazwa><sln:miejscIIPId>d3e26039-0661-4119-a5de-61220e23573c</sln:miejscIIPId><sln:miejscIIPPn>PL.PZGIK.200</sln:miejscIIPPn><sln:miejscIIPWersja>2016-11-24T11:37:37+02:00</sln:miejscIIPWersja><sln:miejscIdTeryt>0629324</sln:miejscIdTeryt><sln:miejscNazwa>Jastrzębia</sln:miejscNazwa><sln:miejscRodzaj>Wieś</sln:miejscRodzaj><sln:powIIPId>1902b89c-e533-4c1e-957c-87f29075df06</sln:powIIPId><sln:powIIPPn>PL.PZGIK.200</sln:powIIPPn><sln:powIIPWersja>2012-09-27T08:13:53+02:00</sln:powIIPWersja><sln:powIdTeryt>1406</sln:powIdTeryt><sln:powNazwa>grójecki</sln:powNazwa><sln:waznyOd>2014-06-23T00:00:00+02:00</sln:waznyOd><sln:wojIIPId>4b6c492a-eb04-441d-a92a-f44359c06de7</sln:wojIIPId><sln:wojIIPPn>PL.PZGIK.200</sln:wojIIPPn><sln:wojIIPWersja>2012-09-27T13:45:13+02:00</sln:wojIIPWersja><sln:wojIdTeryt>14</sln:wojIdTeryt><sln:wojNazwa>mazowieckie</sln:wojNazwa></sln:miejscowosc><sln:miejscowosc><sln:cyklZyciaDo>2017-03-29T00:00:00+02:00</sln:cyklZyciaDo><sln:cyklZyciaOd>2016-06-20T00:00:00+02:00</sln:cyklZyciaOd><sln:gmIIPId>1722d827-a63d-4161-b73a-fa21e79978df</sln:gmIIPId><sln:gmIIPPn>PL.PZGIK.200</sln:gmIIPPn><sln:gmIIPWersja>2012-09-26T21:57:51+02:00</sln:gmIIPWersja><sln:gmIdTeryt>1406073</sln:gmIdTeryt><sln:gmNazwa>Mogielnica</sln:gmNazwa><sln:miejscIIPId>201cd659-6d36-48f6-a1f9-71b8e6e87ae6</sln:miejscIIPId><sln:miejscIIPPn>PL.PZGIK.200</sln:miejscIIPPn><sln:miejscIIPWersja>2016-11-24T11:37:37+02:00</sln:miejscIIPWersja><sln:miejscIdTeryt>0629347</sln:miejscIdTeryt><sln:miejscNazwa>Kaplin</sln:miejscNazwa><sln:miejscRodzaj>Wieś</sln:miejscRodzaj><sln:powIIPId>1902b89c-e533-4c1e-957c-87f29075df06</sln:powIIPId><sln:powIIPPn>PL.PZGIK.200</sln:powIIPPn><sln:powIIPWersja>2012-09-27T08:13:53+02:00</sln:powIIPWersja><sln:powIdTeryt>1406</sln:powIdTeryt><sln:powNazwa>grójecki</sln:powNazwa><sln:waznyOd>2014-06-23T00:00:00+02:00</sln:waznyOd><sln:wojIIPId>4b6c492a-eb04-441d-a92a-f44359c06de7</sln:wojIIPId><sln:wojIIPPn>PL.PZGIK.200</sln:wojIIPPn><sln:wojIIPWersja>2012-09-27T13:45:13+02:00</sln:wojIIPWersja><sln:wojIdTeryt>14</sln:wojIdTeryt><sln:wojNazwa>mazowieckie</sln:wojNazwa></sln:miejscowosc><sln:miejscowosc><sln:cyklZyciaDo>2017-03-29T00:00:00+02:00</sln:cyklZyciaDo><sln:cyklZyciaOd>2016-06-20T00:00:00+02:00</sln:cyklZyciaOd><sln:gmIIPId>1722d827-a63d-4161-b73a-fa21e79978df</sln:gmIIPId><sln:gmIIPPn>PL.PZGIK.200</sln:gmIIPPn><sln:gmIIPWersja>2012-09-26T21:57:51+02:00</sln:gmIIPWersja><sln:gmIdTeryt>1406073</sln:gmIdTeryt><sln:gmNazwa>Mogielnica</sln:gmNazwa><sln:miejscIIPId>f4c068cd-1611-41a2-9f7e-71e46d8b4c48</sln:miejscIIPId><sln:miejscIIPPn>PL.PZGIK.200</sln:miejscIIPPn><sln:miejscIIPWersja>2016-11-24T11:37:37+02:00</sln:miejscIIPWersja><sln:miejscIdTeryt>0629353</sln:miejscIdTeryt><sln:miejscNazwa>Kozietuły</sln:miejscNazwa><sln:miejscRodzaj>Wieś</sln:miejscRodzaj><sln:powIIPId>1902b89c-e533-4c1e-957c-87f29075df06</sln:powIIPId><sln:powIIPPn>PL.PZGIK.200</sln:powIIPPn><sln:powIIPWersja>2012-09-27T08:13:53+02:00</sln:powIIPWersja><sln:powIdTeryt>1406</sln:powIdTeryt><sln:powNazwa>grójecki</sln:powNazwa><sln:waznyOd>2014-06-23T00:00:00+02:00</sln:waznyOd><sln:wojIIPId>4b6c492a-eb04-441d-a92a-f44359c06de7</sln:wojIIPId><sln:wojIIPPn>PL.PZGIK.200</sln:wojIIPPn><sln:wojIIPWersja>2012-09-27T13:45:13+02:00</sln:wojIIPWersja><sln:wojIdTeryt>14</sln:wojIdTeryt><sln:wojNazwa>mazowieckie</sln:wojNazwa></sln:miejscowosc><sln:miejscowosc><sln:cyklZyciaDo>2017-03-29T00:00:00+02:00</sln:cyklZyciaDo><sln:cyklZyciaOd>2016-06-20T00:00:00+02:00</sln:cyklZyciaOd><sln:gmIIPId>1722d827-a63d-4161-b73a-fa21e79978df</sln:gmIIPId><sln:gmIIPPn>PL.PZGIK.200</sln:gmIIPPn><sln:gmIIPWersja>2012-09-26T21:57:51+02:00</sln:gmIIPWersja><sln:gmIdTeryt>1406073</sln:gmIdTeryt><sln:gmNazwa>Mogielnica</sln:gmNazwa><sln:miejscIIPId>f18f64f8-a501-4063-bbd8-14d2dddc7649</sln:miejscIIPId><sln:miejscIIPPn>PL.PZGIK.200</sln:miejscIIPPn><sln:miejscIIPWersja>2016-11-24T11:37:37+02:00</sln:miejscIIPWersja><sln:miejscIdTeryt>0629407</sln:miejscIdTeryt><sln:miejscNazwa>Kozietuły Nowe</sln:miejscNazwa><sln:miejscRodzaj>Wieś</sln:miejscRodzaj><sln:powIIPId>1902b89c-e533-4c1e-957c-87f29075df06</sln:powIIPId><sln:powIIPPn>PL.PZGIK.200</sln:powIIPPn><sln:powIIPWersja>2012-09-27T08:13:53+02:00</sln:powIIPWersja><sln:powIdTeryt>1406</sln:powIdTeryt><sln:powNazwa>grójecki</sln:powNazwa><sln:waznyOd>2014-06-23T00:00:00+02:00</sln:waznyOd><sln:wojIIPId>4b6c492a-eb04-441d-a92a-f44359c06de7</sln:wojIIPId><sln:wojIIPPn>PL.PZGIK.200</sln:wojIIPPn><sln:wojIIPWersja>2012-09-27T13:45:13+02:00</sln:wojIIPWersja><sln:wojIdTeryt>14</sln:wojIdTeryt><sln:wojNazwa>mazowieckie</sln:wojNazwa></sln:miejscowosc><sln:miejscowosc><sln:cyklZyciaDo>2017-03-29T00:00:00+02:00</sln:cyklZyciaDo><sln:cyklZyciaOd>2016-06-20T00:00:00+02:00</sln:cyklZyciaOd><sln:gmIIPId>1722d827-a63d-4161-b73a-fa21e79978df</sln:gmIIPId><sln:gmIIPPn>PL.PZGIK.200</sln:gmIIPPn><sln:gmIIPWersja>2012-09-26T21:57:51+02:00</sln:gmIIPWersja><sln:gmIdTeryt>1406073</sln:gmIdTeryt><sln:gmNazwa>Mogielnica</sln:gmNazwa><sln:miejscIIPId>c5f6258c-02f7-4e6d-9a5d-093d5d6b9aec</sln:miejscIIPId><sln:miejscIIPPn>PL.PZGIK.200</sln:miejscIIPPn><sln:miejscIIPWersja>2016-11-24T11:37:37+02:00</sln:miejscIIPWersja><sln:miejscIdTeryt>0629360</sln:miejscIdTeryt><sln:miejscNazwa>Ługowice</sln:miejscNazwa><sln:miejscRodzaj>Wieś</sln:miejscRodzaj><sln:powIIPId>1902b89c-e533-4c1e-957c-87f29075df06</sln:powIIPId><sln:powIIPPn>PL.PZGIK.200</sln:powIIPPn><sln:powIIPWersja>2012-09-27T08:13:53+02:00</sln:powIIPWersja><sln:powIdTeryt>1406</sln:powIdTeryt><sln:powNazwa>grójecki</sln:powNazwa><sln:waznyOd>2014-06-23T00:00:00+02:00</sln:waznyOd><sln:wojIIPId>4b6c492a-eb04-441d-a92a-f44359c06de7</sln:wojIIPId><sln:wojIIPPn>PL.PZGIK.200</sln:wojIIPPn><sln:wojIIPWersja>2012-09-27T13:45:13+02:00</sln:wojIIPWersja><sln:wojIdTeryt>14</sln:wojIdTeryt><sln:wojNazwa>mazowieckie</sln:wojNazwa></sln:miejscowosc><sln:miejscowosc><sln:cyklZyciaDo>2017-03-29T00:00:00+02:00</sln:cyklZyciaDo><sln:cyklZyciaOd>2016-06-20T00:00:00+02:00</sln:cyklZyciaOd><sln:gmIIPId>1722d827-a63d-4161-b73a-fa21e79978df</sln:gmIIPId><sln:gmIIPPn>PL.PZGIK.200</sln:gmIIPPn><sln:gmIIPWersja>2012-09-26T21:57:51+02:00</sln:gmIIPWersja><sln:gmIdTeryt>1406073</sln:gmIdTeryt><sln:gmNazwa>Mogielnica</sln:gmNazwa><sln:miejscIIPId>a8ab9979-dd60-4f38-8cb3-22885d9196cf</sln:miejscIIPId><sln:miejscIIPPn>PL.PZGIK.200</sln:miejscIIPPn><sln:miejscIIPWersja>2016-11-24T11:37:37+02:00</sln:miejscIIPWersja><sln:miejscIdTeryt>0629376</sln:miejscIdTeryt><sln:miejscNazwa>Marysin</sln:miejscNazwa><sln:miejscRodzaj>Wieś</sln:miejscRodzaj><sln:powIIPId>1902b89c-e533-4c1e-957c-87f29075df06</sln:powIIPId><sln:powIIPPn>PL.PZGIK.200</sln:powIIPPn><sln:powIIPWersja>2012-09-27T08:13:53+02:00</sln:powIIPWersja><sln:powIdTeryt>1406</sln:powIdTeryt><sln:powNazwa>grójecki</sln:powNazwa><sln:waznyOd>2014-06-23T00:00:00+02:00</sln:waznyOd><sln:wojIIPId>4b6c492a-eb04-441d-a92a-f44359c06de7</sln:wojIIPId><sln:wojIIPPn>PL.PZGIK.200</sln:wojIIPPn><sln:wojIIPWersja>2012-09-27T13:45:13+02:00</sln:wojIIPWersja><sln:wojIdTeryt>14</sln:wojIdTeryt><sln:wojNazwa>mazowieckie</sln:wojNazwa></sln:miejscowosc><sln:miejscowosc><sln:cyklZyciaDo>2017-03-29T00:00:00+02:00</sln:cyklZyciaDo><sln:cyklZyciaOd>2016-06-20T00:00:00+02:00</sln:cyklZyciaOd><sln:gmIIPId>1722d827-a63d-4161-b73a-fa21e79978df</sln:gmIIPId><sln:gmIIPPn>PL.PZGIK.200</sln:gmIIPPn><sln:gmIIPWersja>2012-09-26T21:57:51+02:00</sln:gmIIPWersja><sln:gmIdTeryt>1406073</sln:gmIdTeryt><sln:gmNazwa>Mogielnica</sln:gmNazwa><sln:miejscIIPId>4273c4bc-bcdd-446f-a3fd-b0f2ef47a7c0</sln:miejscIIPId><sln:miejscIIPPn>PL.PZGIK.200</sln:miejscIIPPn><sln:miejscIIPWersja>2016-11-24T11:37:37+02:00</sln:miejscIIPWersja><sln:miejscIdTeryt>0629382</sln:miejscIdTeryt><sln:miejscNazwa>Michałowice</sln:miejscNazwa><sln:miejscRodzaj>Wieś</sln:miejscRodzaj><sln:powIIPId>1902b89c-e533-4c1e-957c-87f29075df06</sln:powIIPId><sln:powIIPPn>PL.PZGIK.200</sln:powIIPPn><sln:powIIPWersja>2012-09-27T08:13:53+02:00</sln:powIIPWersja><sln:powIdTeryt>1406</sln:powIdTeryt><sln:powNazwa>grójecki</sln:powNazwa><sln:waznyOd>2014-06-23T00:00:00+02:00</sln:waznyOd><sln:wojIIPId>4b6c492a-eb04-441d-a92a-f44359c06de7</sln:wojIIPId><sln:wojIIPPn>PL.PZGIK.200</sln:wojIIPPn><sln:wojIIPWersja>2012-09-27T13:45:13+02:00</sln:wojIIPWersja><sln:wojIdTeryt>14</sln:wojIdTeryt><sln:wojNazwa>mazowieckie</sln:wojNazwa></sln:miejscowosc><sln:miejscowosc><sln:cyklZyciaDo>2017-03-29T00:00:00+02:00</sln:cyklZyciaDo><sln:cyklZyciaOd>2016-06-20T00:00:00+02:00</sln:cyklZyciaOd><sln:gmIIPId>1722d827-a63d-4161-b73a-fa21e79978df</sln:gmIIPId><sln:gmIIPPn>PL.PZGIK.200</sln:gmIIPPn><sln:gmIIPWersja>2012-09-26T21:57:51+02:00</sln:gmIIPWersja><sln:gmIdTeryt>1406073</sln:gmIdTeryt><sln:gmNazwa>Mogielnica</sln:gmNazwa><sln:miejscIIPId>b6419187-7008-4d43-af50-d53930b3779e</sln:miejscIIPId><sln:miejscIIPPn>PL.PZGIK.200</sln:miejscIIPPn><sln:miejscIIPWersja>2016-11-24T11:37:37+02:00</sln:miejscIIPWersja><sln:miejscIdTeryt>0629399</sln:miejscIdTeryt><sln:miejscNazwa>Miechowice</sln:miejscNazwa><sln:miejscRodzaj>Wieś</sln:miejscRodzaj><sln:powIIPId>1902b89c-e533-4c1e-957c-87f29075df06</sln:powIIPId><sln:powIIPPn>PL.PZGIK.200</sln:powIIPPn><sln:powIIPWersja>2012-09-27T08:13:53+02:00</sln:powIIPWersja><sln:powIdTeryt>1406</sln:powIdTeryt><sln:powNazwa>grójecki</sln:powNazwa><sln:waznyOd>2014-06-23T00:00:00+02:00</sln:waznyOd><sln:wojIIPId>4b6c492a-eb04-441d-a92a-f44359c06de7</sln:wojIIPId><sln:wojIIPPn>PL.PZGIK.200</sln:wojIIPPn><sln:wojIIPWersja>2012-09-27T13:45:13+02:00</sln:wojIIPWersja><sln:wojIdTeryt>14</sln:wojIdTeryt><sln:wojNazwa>mazowieckie</sln:wojNazwa></sln:miejscowosc><sln:miejscowosc><sln:cyklZyciaDo>2017-03-29T00:00:00+02:00</sln:cyklZyciaDo><sln:cyklZyciaOd>2016-06-20T00:00:00+02:00</sln:cyklZyciaOd><sln:gmIIPId>1722d827-a63d-4161-b73a-fa21e79978df</sln:gmIIPId><sln:gmIIPPn>PL.PZGIK.200</sln:gmIIPPn><sln:gmIIPWersja>2012-09-26T21:57:51+02:00</sln:gmIIPWersja><sln:gmIdTeryt>1406073</sln:gmIdTeryt><sln:gmNazwa>Mogielnica</sln:gmNazwa><sln:miejscIIPId>24d8720a-1612-4336-b3ef-2e7ea3681a58</sln:miejscIIPId><sln:miejscIIPPn>PL.PZGIK.200</sln:miejscIIPPn><sln:miejscIIPWersja>2016-11-24T13:17:51+02:00</sln:miejscIIPWersja><sln:miejscIdTeryt>0973665</sln:miejscIdTeryt><sln:miejscNazwa>Mogielnica</sln:miejscNazwa><sln:miejscRodzaj>Miasto</sln:miejscRodzaj><sln:powIIPId>1902b89c-e533-4c1e-957c-87f29075df06</sln:powIIPId><sln:powIIPPn>PL.PZGIK.200</sln:powIIPPn><sln:powIIPWersja>2012-09-27T08:13:53+02:00</sln:powIIPWersja><sln:powIdTeryt>1406</sln:powIdTeryt><sln:powNazwa>grójecki</sln:powNazwa><sln:waznyOd>2014-06-23T00:00:00+02:00</sln:waznyOd><sln:wojIIPId>4b6c492a-eb04-441d-a92a-f44359c06de7</sln:wojIIPId><sln:wojIIPPn>PL.PZGIK.200</sln:wojIIPPn><sln:wojIIPWersja>2012-09-27T13:45:13+02:00</sln:wojIIPWersja><sln:wojIdTeryt>14</sln:wojIdTeryt><sln:wojNazwa>mazowieckie</sln:wojNazwa></sln:miejscowosc><sln:miejscowosc><sln:cyklZyciaDo>2017-03-29T00:00:00+02:00</sln:cyklZyciaDo><sln:cyklZyciaOd>2016-06-20T00:00:00+02:00</sln:cyklZyciaOd><sln:gmIIPId>1722d827-a63d-4161-b73a-fa21e79978df</sln:gmIIPId><sln:gmIIPPn>PL.PZGIK.200</sln:gmIIPPn><sln:gmIIPWersja>2012-09-26T21:57:51+02:00</sln:gmIIPWersja><sln:gmIdTeryt>1406073</sln:gmIdTeryt><sln:gmNazwa>Mogielnica</sln:gmNazwa><sln:miejscIIPId>ed8d08fb-c00c-49c6-b043-f19ed142fefd</sln:miejscIIPId><sln:miejscIIPPn>PL.PZGIK.200</sln:miejscIIPPn><sln:miejscIIPWersja>2016-11-24T11:37:37+02:00</sln:miejscIIPWersja><sln:miejscIdTeryt>0629420</sln:miejscIdTeryt><sln:miejscNazwa>Odcinki Dylewskie</sln:miejscNazwa><sln:miejscRodzaj>Wieś</sln:miejscRodzaj><sln:powIIPId>1902b89c-e533-4c1e-957c-87f29075df06</sln:powIIPId><sln:powIIPPn>PL.PZGIK.200</sln:powIIPPn><sln:powIIPWersja>2012-09-27T08:13:53+02:00</sln:powIIPWersja><sln:powIdTeryt>1406</sln:powIdTeryt><sln:powNazwa>grójecki</sln:powNazwa><sln:waznyOd>2014-06-23T00:00:00+02:00</sln:waznyOd><sln:wojIIPId>4b6c492a-eb04-441d-a92a-f44359c06de7</sln:wojIIPId><sln:wojIIPPn>PL.PZGIK.200</sln:wojIIPPn><sln:wojIIPWersja>2012-09-27T13:45:13+02:00</sln:wojIIPWersja><sln:wojIdTeryt>14</sln:wojIdTeryt><sln:wojNazwa>mazowieckie</sln:wojNazwa></sln:miejscowosc><sln:miejscowosc><sln:cyklZyciaDo>2017-03-29T00:00:00+02:00</sln:cyklZyciaDo><sln:cyklZyciaOd>2016-06-20T00:00:00+02:00</sln:cyklZyciaOd><sln:gmIIPId>1722d827-a63d-4161-b73a-fa21e79978df</sln:gmIIPId><sln:gmIIPPn>PL.PZGIK.200</sln:gmIIPPn><sln:gmIIPWersja>2012-09-26T21:57:51+02:00</sln:gmIIPWersja><sln:gmIdTeryt>1406073</sln:gmIdTeryt><sln:gmNazwa>Mogielnica</sln:gmNazwa><sln:miejscIIPId>308f87d2-1cdf-4648-b46d-42e4d5cf2567</sln:miejscIIPId><sln:miejscIIPPn>PL.PZGIK.200</sln:miejscIIPPn><sln:miejscIIPWersja>2016-11-24T11:37:37+02:00</sln:miejscIIPWersja><sln:miejscIdTeryt>0629436</sln:miejscIdTeryt><sln:miejscNazwa>Otaląż</sln:miejscNazwa><sln:miejscRodzaj>Wieś</sln:miejscRodzaj><sln:powIIPId>1902b89c-e533-4c1e-957c-87f29075df06</sln:powIIPId><sln:powIIPPn>PL.PZGIK.200</sln:powIIPPn><sln:powIIPWersja>2012-09-27T08:13:53+02:00</sln:powIIPWersja><sln:powIdTeryt>1406</sln:powIdTeryt><sln:powNazwa>grójecki</sln:powNazwa><sln:waznyOd>2014-06-23T00:00:00+02:00</sln:waznyOd><sln:wojIIPId>4b6c492a-eb04-441d-a92a-f44359c06de7</sln:wojIIPId><sln:wojIIPPn>PL.PZGIK.200</sln:wojIIPPn><sln:wojIIPWersja>2012-09-27T13:45:13+02:00</sln:wojIIPWersja><sln:wojIdTeryt>14</sln:wojIdTeryt><sln:wojNazwa>mazowieckie</sln:wojNazwa></sln:miejscowosc><sln:miejscowosc><sln:cyklZyciaDo>2017-03-29T00:00:00+02:00</sln:cyklZyciaDo><sln:cyklZyciaOd>2016-06-20T00:00:00+02:00</sln:cyklZyciaOd><sln:gmIIPId>1722d827-a63d-4161-b73a-fa21e79978df</sln:gmIIPId><sln:gmIIPPn>PL.PZGIK.200</sln:gmIIPPn><sln:gmIIPWersja>2012-09-26T21:57:51+02:00</sln:gmIIPWersja><sln:gmIdTeryt>1406073</sln:gmIdTeryt><sln:gmNazwa>Mogielnica</sln:gmNazwa><sln:miejscIIPId>1a118ff9-d07e-4fb5-9b40-ca4a5a02dcf0</sln:miejscIIPId><sln:miejscIIPPn>PL.PZGIK.200</sln:miejscIIPPn><sln:miejscIIPWersja>2016-11-24T11:37:37+02:00</sln:miejscIIPWersja><sln:miejscIdTeryt>0629330</sln:miejscIdTeryt><sln:miejscNazwa>Jastrzębia Stara</sln:miejscNazwa><sln:miejscRodzaj>Wieś</sln:miejscRodzaj><sln:powIIPId>1902b89c-e533-4c1e-957c-87f29075df06</sln:powIIPId><sln:powIIPPn>PL.PZGIK.200</sln:powIIPPn><sln:powIIPWersja>2012-09-27T08:13:53+02:00</sln:powIIPWersja><sln:powIdTeryt>1406</sln:powIdTeryt><sln:powNazwa>grójecki</sln:powNazwa><sln:waznyOd>2014-06-23T00:00:00+02:00</sln:waznyOd><sln:wojIIPId>4b6c492a-eb04-441d-a92a-f44359c06de7</sln:wojIIPId><sln:wojIIPPn>PL.PZGIK.200</sln:wojIIPPn><sln:wojIIPWersja>2012-09-27T13:45:13+02:00</sln:wojIIPWersja><sln:wojIdTeryt>14</sln:wojIdTeryt><sln:wojNazwa>mazowieckie</sln:wojNazwa></sln:miejscowosc><sln:miejscowosc><sln:cyklZyciaDo>2017-03-29T00:00:00+02:00</sln:cyklZyciaDo><sln:cyklZyciaOd>2016-06-20T00:00:00+02:00</sln:cyklZyciaOd><sln:gmIIPId>1722d827-a63d-4161-b73a-fa21e79978df</sln:gmIIPId><sln:gmIIPPn>PL.PZGIK.200</sln:gmIIPPn><sln:gmIIPWersja>2012-09-26T21:57:51+02:00</sln:gmIIPWersja><sln:gmIdTeryt>1406073</sln:gmIdTeryt><sln:gmNazwa>Mogielnica</sln:gmNazwa><sln:miejscIIPId>dfaeb4e9-fd60-4839-9ee2-b500ed9396b9</sln:miejscIIPId><sln:miejscIIPPn>PL.PZGIK.200</sln:miejscIIPPn><sln:miejscIIPWersja>2016-11-24T11:37:37+02:00</sln:miejscIIPWersja><sln:miejscIdTeryt>0629442</sln:miejscIdTeryt><sln:miejscNazwa>Otalążka</sln:miejscNazwa><sln:miejscRodzaj>Wieś</sln:miejscRodzaj><sln:powIIPId>1902b89c-e533-4c1e-957c-87f29075df06</sln:powIIPId><sln:powIIPPn>PL.PZGIK.200</sln:powIIPPn><sln:powIIPWersja>2012-09-27T08:13:53+02:00</sln:powIIPWersja><sln:powIdTeryt>1406</sln:powIdTeryt><sln:powNazwa>grójecki</sln:powNazwa><sln:waznyOd>2014-06-23T00:00:00+02:00</sln:waznyOd><sln:wojIIPId>4b6c492a-eb04-441d-a92a-f44359c06de7</sln:wojIIPId><sln:wojIIPPn>PL.PZGIK.200</sln:wojIIPPn><sln:wojIIPWersja>2012-09-27T13:45:13+02:00</sln:wojIIPWersja><sln:wojIdTeryt>14</sln:wojIdTeryt><sln:wojNazwa>mazowieckie</sln:wojNazwa></sln:miejscowosc><sln:miejscowosc><sln:cyklZyciaDo>2017-03-29T00:00:00+02:00</sln:cyklZyciaDo><sln:cyklZyciaOd>2016-06-20T00:00:00+02:00</sln:cyklZyciaOd><sln:gmIIPId>1722d827-a63d-4161-b73a-fa21e79978df</sln:gmIIPId><sln:gmIIPPn>PL.PZGIK.200</sln:gmIIPPn><sln:gmIIPWersja>2012-09-26T21:57:51+02:00</sln:gmIIPWersja><sln:gmIdTeryt>1406073</sln:gmIdTeryt><sln:gmNazwa>Mogielnica</sln:gmNazwa><sln:miejscIIPId>eb366b8d-67b2-4604-b338-14c97be38d45</sln:miejscIIPId><sln:miejscIIPPn>PL.PZGIK.200</sln:miejscIIPPn><sln:miejscIIPWersja>2016-11-24T11:37:37+02:00</sln:miejscIIPWersja><sln:miejscIdTeryt>0629459</sln:miejscIdTeryt><sln:miejscNazwa>Pawłowice</sln:miejscNazwa><sln:miejscRodzaj>Wieś</sln:miejscRodzaj><sln:powIIPId>1902b89c-e533-4c1e-957c-87f29075df06</sln:powIIPId><sln:powIIPPn>PL.PZGIK.200</sln:powIIPPn><sln:powIIPWersja>2012-09-27T08:13:53+02:00</sln:powIIPWersja><sln:powIdTeryt>1406</sln:powIdTeryt><sln:powNazwa>grójecki</sln:powNazwa><sln:waznyOd>2014-06-23T00:00:00+02:00</sln:waznyOd><sln:wojIIPId>4b6c492a-eb04-441d-a92a-f44359c06de7</sln:wojIIPId><sln:wojIIPPn>PL.PZGIK.200</sln:wojIIPPn><sln:wojIIPWersja>2012-09-27T13:45:13+02:00</sln:wojIIPWersja><sln:wojIdTeryt>14</sln:wojIdTeryt><sln:wojNazwa>mazowieckie</sln:wojNazwa></sln:miejscowosc><sln:miejscowosc><sln:cyklZyciaDo>2017-03-29T00:00:00+02:00</sln:cyklZyciaDo><sln:cyklZyciaOd>2016-06-20T00:00:00+02:00</sln:cyklZyciaOd><sln:gmIIPId>1722d827-a63d-4161-b73a-fa21e79978df</sln:gmIIPId><sln:gmIIPPn>PL.PZGIK.200</sln:gmIIPPn><sln:gmIIPWersja>2012-09-26T21:57:51+02:00</sln:gmIIPWersja><sln:gmIdTeryt>1406073</sln:gmIdTeryt><sln:gmNazwa>Mogielnica</sln:gmNazwa><sln:miejscIIPId>b6f07af8-63bb-408b-a300-2cd2126ba9ca</sln:miejscIIPId><sln:miejscIIPPn>PL.PZGIK.200</sln:miejscIIPPn><sln:miejscIIPWersja>2016-11-24T11:37:37+02:00</sln:miejscIIPWersja><sln:miejscIdTeryt>0629465</sln:miejscIdTeryt><sln:miejscNazwa>Pączew</sln:miejscNazwa><sln:miejscRodzaj>Wieś</sln:miejscRodzaj><sln:powIIPId>1902b89c-e533-4c1e-957c-87f29075df06</sln:powIIPId><sln:powIIPPn>PL.PZGIK.200</sln:powIIPPn><sln:powIIPWersja>2012-09-27T08:13:53+02:00</sln:powIIPWersja><sln:powIdTeryt>1406</sln:powIdTeryt><sln:powNazwa>grójecki</sln:powNazwa><sln:waznyOd>2014-06-23T00:00:00+02:00</sln:waznyOd><sln:wojIIPId>4b6c492a-eb04-441d-a92a-f44359c06de7</sln:wojIIPId><sln:wojIIPPn>PL.PZGIK.200</sln:wojIIPPn><sln:wojIIPWersja>2012-09-27T13:45:13+02:00</sln:wojIIPWersja><sln:wojIdTeryt>14</sln:wojIdTeryt><sln:wojNazwa>mazowieckie</sln:wojNazwa></sln:miejscowosc><sln:miejscowosc><sln:cyklZyciaDo>2017-03-29T00:00:00+02:00</sln:cyklZyciaDo><sln:cyklZyciaOd>2016-06-20T00:00:00+02:00</sln:cyklZyciaOd><sln:gmIIPId>1722d827-a63d-4161-b73a-fa21e79978df</sln:gmIIPId><sln:gmIIPPn>PL.PZGIK.200</sln:gmIIPPn><sln:gmIIPWersja>2012-09-26T21:57:51+02:00</sln:gmIIPWersja><sln:gmIdTeryt>1406073</sln:gmIdTeryt><sln:gmNazwa>Mogielnica</sln:gmNazwa><sln:miejscIIPId>ac225a94-c03d-46b2-b685-3dd1dfb9ca33</sln:miejscIIPId><sln:miejscIIPPn>PL.PZGIK.200</sln:miejscIIPPn><sln:miejscIIPWersja>2016-11-24T11:37:37+02:00</sln:miejscIIPWersja><sln:miejscIdTeryt>0629471</sln:miejscIdTeryt><sln:miejscNazwa>Popowice</sln:miejscNazwa><sln:miejscRodzaj>Wieś</sln:miejscRodzaj><sln:powIIPId>1902b89c-e533-4c1e-957c-87f29075df06</sln:powIIPId><sln:powIIPPn>PL.PZGIK.200</sln:powIIPPn><sln:powIIPWersja>2012-09-27T08:13:53+02:00</sln:powIIPWersja><sln:powIdTeryt>1406</sln:powIdTeryt><sln:powNazwa>grójecki</sln:powNazwa><sln:waznyOd>2014-06-23T00:00:00+02:00</sln:waznyOd><sln:wojIIPId>4b6c492a-eb04-441d-a92a-f44359c06de7</sln:wojIIPId><sln:wojIIPPn>PL.PZGIK.200</sln:wojIIPPn><sln:wojIIPWersja>2012-09-27T13:45:13+02:00</sln:wojIIPWersja><sln:wojIdTeryt>14</sln:wojIdTeryt><sln:wojNazwa>mazowieckie</sln:wojNazwa></sln:miejscowosc><sln:miejscowosc><sln:cyklZyciaDo>2017-03-29T00:00:00+02:00</sln:cyklZyciaDo><sln:cyklZyciaOd>2016-06-20T00:00:00+02:00</sln:cyklZyciaOd><sln:gmIIPId>1722d827-a63d-4161-b73a-fa21e79978df</sln:gmIIPId><sln:gmIIPPn>PL.PZGIK.200</sln:gmIIPPn><sln:gmIIPWersja>2012-09-26T21:57:51+02:00</sln:gmIIPWersja><sln:gmIdTeryt>1406073</sln:gmIdTeryt><sln:gmNazwa>Mogielnica</sln:gmNazwa><sln:miejscIIPId>b868d38a-4a82-4cf4-bb47-e1552bb4784c</sln:miejscIIPId><sln:miejscIIPPn>PL.PZGIK.200</sln:miejscIIPPn><sln:miejscIIPWersja>2016-11-24T11:37:37+02:00</sln:miejscIIPWersja><sln:miejscIdTeryt>0629488</sln:miejscIdTeryt><sln:miejscNazwa>Stamirowice</sln:miejscNazwa><sln:miejscRodzaj>Wieś</sln:miejscRodzaj><sln:powIIPId>1902b89c-e533-4c1e-957c-87f29075df06</sln:powIIPId><sln:powIIPPn>PL.PZGIK.200</sln:powIIPPn><sln:powIIPWersja>2012-09-27T08:13:53+02:00</sln:powIIPWersja><sln:powIdTeryt>1406</sln:powIdTeryt><sln:powNazwa>grójecki</sln:powNazwa><sln:waznyOd>2014-06-23T00:00:00+02:00</sln:waznyOd><sln:wojIIPId>4b6c492a-eb04-441d-a92a-f44359c06de7</sln:wojIIPId><sln:wojIIPPn>PL.PZGIK.200</sln:wojIIPPn><sln:wojIIPWersja>2012-09-27T13:45:13+02:00</sln:wojIIPWersja><sln:wojIdTeryt>14</sln:wojIdTeryt><sln:wojNazwa>mazowieckie</sln:wojNazwa></sln:miejscowosc><sln:miejscowosc><sln:cyklZyciaDo>2017-03-29T00:00:00+02:00</sln:cyklZyciaDo><sln:cyklZyciaOd>2016-06-20T00:00:00+02:00</sln:cyklZyciaOd><sln:gmIIPId>1722d827-a63d-4161-b73a-fa21e79978df</sln:gmIIPId><sln:gmIIPPn>PL.PZGIK.200</sln:gmIIPPn><sln:gmIIPWersja>2012-09-26T21:57:51+02:00</sln:gmIIPWersja><sln:gmIdTeryt>1406073</sln:gmIdTeryt><sln:gmNazwa>Mogielnica</sln:gmNazwa><sln:miejscIIPId>22533645-f6ab-4c5a-ba23-766ef8f57e78</sln:miejscIIPId><sln:miejscIIPPn>PL.PZGIK.200</sln:miejscIIPPn><sln:miejscIIPWersja>2016-11-24T11:37:37+02:00</sln:miejscIIPWersja><sln:miejscIdTeryt>0629494</sln:miejscIdTeryt><sln:miejscNazwa>Stryków</sln:miejscNazwa><sln:miejscRodzaj>Wieś</sln:miejscRodzaj><sln:powIIPId>1902b89c-e533-4c1e-957c-87f29075df06</sln:powIIPId><sln:powIIPPn>PL.PZGIK.200</sln:powIIPPn><sln:powIIPWersja>2012-09-27T08:13:53+02:00</sln:powIIPWersja><sln:powIdTeryt>1406</sln:powIdTeryt><sln:powNazwa>grójecki</sln:powNazwa><sln:waznyOd>2014-06-23T00:00:00+02:00</sln:waznyOd><sln:wojIIPId>4b6c492a-eb04-441d-a92a-f44359c06de7</sln:wojIIPId><sln:wojIIPPn>PL.PZGIK.200</sln:wojIIPPn><sln:wojIIPWersja>2012-09-27T13:45:13+02:00</sln:wojIIPWersja><sln:wojIdTeryt>14</sln:wojIdTeryt><sln:wojNazwa>mazowieckie</sln:wojNazwa></sln:miejscowosc><sln:miejscowosc><sln:cyklZyciaDo>2017-03-29T00:00:00+02:00</sln:cyklZyciaDo><sln:cyklZyciaOd>2016-06-20T00:00:00+02:00</sln:cyklZyciaOd><sln:gmIIPId>1722d827-a63d-4161-b73a-fa21e79978df</sln:gmIIPId><sln:gmIIPPn>PL.PZGIK.200</sln:gmIIPPn><sln:gmIIPWersja>2012-09-26T21:57:51+02:00</sln:gmIIPWersja><sln:gmIdTeryt>1406073</sln:gmIdTeryt><sln:gmNazwa>Mogielnica</sln:gmNazwa><sln:miejscIIPId>0a85aa9a-b958-4666-ae53-1a49895b39b8</sln:miejscIIPId><sln:miejscIIPPn>PL.PZGIK.200</sln:miejscIIPPn><sln:miejscIIPWersja>2016-11-24T11:37:37+02:00</sln:miejscIIPWersja><sln:miejscIdTeryt>0629502</sln:miejscIdTeryt><sln:miejscNazwa>Ślepowola</sln:miejscNazwa><sln:miejscRodzaj>Wieś</sln:miejscRodzaj><sln:powIIPId>1902b89c-e533-4c1e-957c-87f29075df06</sln:powIIPId><sln:powIIPPn>PL.PZGIK.200</sln:powIIPPn><sln:powIIPWersja>2012-09-27T08:13:53+02:00</sln:powIIPWersja><sln:powIdTeryt>1406</sln:powIdTeryt><sln:powNazwa>grójecki</sln:powNazwa><sln:waznyOd>2014-06-23T00:00:00+02:00</sln:waznyOd><sln:wojIIPId>4b6c492a-eb04-441d-a92a-f44359c06de7</sln:wojIIPId><sln:wojIIPPn>PL.PZGIK.200</sln:wojIIPPn><sln:wojIIPWersja>2012-09-27T13:45:13+02:00</sln:wojIIPWersja><sln:wojIdTeryt>14</sln:wojIdTeryt><sln:wojNazwa>mazowieckie</sln:wojNazwa></sln:miejscowosc><sln:miejscowosc><sln:cyklZyciaDo>2017-03-29T00:00:00+02:00</sln:cyklZyciaDo><sln:cyklZyciaOd>2016-06-20T00:00:00+02:00</sln:cyklZyciaOd><sln:gmIIPId>1722d827-a63d-4161-b73a-fa21e79978df</sln:gmIIPId><sln:gmIIPPn>PL.PZGIK.200</sln:gmIIPPn><sln:gmIIPWersja>2012-09-26T21:57:51+02:00</sln:gmIIPWersja><sln:gmIdTeryt>1406073</sln:gmIdTeryt><sln:gmNazwa>Mogielnica</sln:gmNazwa><sln:miejscIIPId>15cd6c6c-d2c8-4312-995b-eff1e175cbb0</sln:miejscIIPId><sln:miejscIIPPn>PL.PZGIK.200</sln:miejscIIPPn><sln:miejscIIPWersja>2016-11-24T11:37:37+02:00</sln:miejscIIPWersja><sln:miejscIdTeryt>0629519</sln:miejscIdTeryt><sln:miejscNazwa>Świdno</sln:miejscNazwa><sln:miejscRodzaj>Wieś</sln:miejscRodzaj><sln:powIIPId>1902b89c-e533-4c1e-957c-87f29075df06</sln:powIIPId><sln:powIIPPn>PL.PZGIK.200</sln:powIIPPn><sln:powIIPWersja>2012-09-27T08:13:53+02:00</sln:powIIPWersja><sln:powIdTeryt>1406</sln:powIdTeryt><sln:powNazwa>grójecki</sln:powNazwa><sln:waznyOd>2014-06-23T00:00:00+02:00</sln:waznyOd><sln:wojIIPId>4b6c492a-eb04-441d-a92a-f44359c06de7</sln:wojIIPId><sln:wojIIPPn>PL.PZGIK.200</sln:wojIIPPn><sln:wojIIPWersja>2012-09-27T13:45:13+02:00</sln:wojIIPWersja><sln:wojIdTeryt>14</sln:wojIdTeryt><sln:wojNazwa>mazowieckie</sln:wojNazwa></sln:miejscowosc><sln:miejscowosc><sln:cyklZyciaDo>2017-03-29T00:00:00+02:00</sln:cyklZyciaDo><sln:cyklZyciaOd>2016-06-20T00:00:00+02:00</sln:cyklZyciaOd><sln:gmIIPId>1722d827-a63d-4161-b73a-fa21e79978df</sln:gmIIPId><sln:gmIIPPn>PL.PZGIK.200</sln:gmIIPPn><sln:gmIIPWersja>2012-09-26T21:57:51+02:00</sln:gmIIPWersja><sln:gmIdTeryt>1406073</sln:gmIdTeryt><sln:gmNazwa>Mogielnica</sln:gmNazwa><sln:miejscIIPId>75e2825a-e732-4dce-bb0f-73b89a339eba</sln:miejscIIPId><sln:miejscIIPPn>PL.PZGIK.200</sln:miejscIIPPn><sln:miejscIIPWersja>2016-11-24T11:37:37+02:00</sln:miejscIIPWersja><sln:miejscIdTeryt>0629525</sln:miejscIdTeryt><sln:miejscNazwa>Tomczyce</sln:miejscNazwa><sln:miejscRodzaj>Wieś</sln:miejscRodzaj><sln:powIIPId>1902b89c-e533-4c1e-957c-87f29075df06</sln:powIIPId><sln:powIIPPn>PL.PZGIK.200</sln:powIIPPn><sln:powIIPWersja>2012-09-27T08:13:53+02:00</sln:powIIPWersja><sln:powIdTeryt>1406</sln:powIdTeryt><sln:powNazwa>grójecki</sln:powNazwa><sln:waznyOd>2014-06-23T00:00:00+02:00</sln:waznyOd><sln:wojIIPId>4b6c492a-eb04-441d-a92a-f44359c06de7</sln:wojIIPId><sln:wojIIPPn>PL.PZGIK.200</sln:wojIIPPn><sln:wojIIPWersja>2012-09-27T13:45:13+02:00</sln:wojIIPWersja><sln:wojIdTeryt>14</sln:wojIdTeryt><sln:wojNazwa>mazowieckie</sln:wojNazwa></sln:miejscowosc><sln:miejscowosc><sln:cyklZyciaDo>2017-03-29T00:00:00+02:00</sln:cyklZyciaDo><sln:cyklZyciaOd>2016-06-20T00:00:00+02:00</sln:cyklZyciaOd><sln:gmIIPId>1722d827-a63d-4161-b73a-fa21e79978df</sln:gmIIPId><sln:gmIIPPn>PL.PZGIK.200</sln:gmIIPPn><sln:gmIIPWersja>2012-09-26T21:57:51+02:00</sln:gmIIPWersja><sln:gmIdTeryt>1406073</sln:gmIdTeryt><sln:gmNazwa>Mogielnica</sln:gmNazwa><sln:miejscIIPId>fb77debf-d9d2-447e-8d20-a4fc0dbb91ed</sln:miejscIIPId><sln:miejscIIPPn>PL.PZGIK.200</sln:miejscIIPPn><sln:miejscIIPWersja>2016-11-24T11:37:37+02:00</sln:miejscIIPWersja><sln:miejscIdTeryt>0629531</sln:miejscIdTeryt><sln:miejscNazwa>Ulaski Gostomskie</sln:miejscNazwa><sln:miejscRodzaj>Wieś</sln:miejscRodzaj><sln:powIIPId>1902b89c-e533-4c1e-957c-87f29075df06</sln:powIIPId><sln:powIIPPn>PL.PZGIK.200</sln:powIIPPn><sln:powIIPWersja>2012-09-27T08:13:53+02:00</sln:powIIPWersja><sln:powIdTeryt>1406</sln:powIdTeryt><sln:powNazwa>grójecki</sln:powNazwa><sln:waznyOd>2014-06-23T00:00:00+02:00</sln:waznyOd><sln:wojIIPId>4b6c492a-eb04-441d-a92a-f44359c06de7</sln:wojIIPId><sln:wojIIPPn>PL.PZGIK.200</sln:wojIIPPn><sln:wojIIPWersja>2012-09-27T13:45:13+02:00</sln:wojIIPWersja><sln:wojIdTeryt>14</sln:wojIdTeryt><sln:wojNazwa>mazowieckie</sln:wojNazwa></sln:miejscowosc><sln:miejscowosc><sln:cyklZyciaDo>2017-03-29T00:00:00+02:00</sln:cyklZyciaDo><sln:cyklZyciaOd>2016-06-20T00:00:00+02:00</sln:cyklZyciaOd><sln:gmIIPId>1722d827-a63d-4161-b73a-fa21e79978df</sln:gmIIPId><sln:gmIIPPn>PL.PZGIK.200</sln:gmIIPPn><sln:gmIIPWersja>2012-09-26T21:57:51+02:00</sln:gmIIPWersja><sln:gmIdTeryt>1406073</sln:gmIdTeryt><sln:gmNazwa>Mogielnica</sln:gmNazwa><sln:miejscIIPId>127cb4e0-194b-4e68-b840-13f65fd59816</sln:miejscIIPId><sln:miejscIIPPn>PL.PZGIK.200</sln:miejscIIPPn><sln:miejscIIPWersja>2016-11-24T11:37:37+02:00</sln:miejscIIPWersja><sln:miejscIdTeryt>0629548</sln:miejscIdTeryt><sln:miejscNazwa>Wężowiec</sln:miejscNazwa><sln:miejscRodzaj>Wieś</sln:miejscRodzaj><sln:powIIPId>1902b89c-e533-4c1e-957c-87f29075df06</sln:powIIPId><sln:powIIPPn>PL.PZGIK.200</sln:powIIPPn><sln:powIIPWersja>2012-09-27T08:13:53+02:00</sln:powIIPWersja><sln:powIdTeryt>1406</sln:powIdTeryt><sln:powNazwa>grójecki</sln:powNazwa><sln:waznyOd>2014-06-23T00:00:00+02:00</sln:waznyOd><sln:wojIIPId>4b6c492a-eb04-441d-a92a-f44359c06de7</sln:wojIIPId><sln:wojIIPPn>PL.PZGIK.200</sln:wojIIPPn><sln:wojIIPWersja>2012-09-27T13:45:13+02:00</sln:wojIIPWersja><sln:wojIdTeryt>14</sln:wojIdTeryt><sln:wojNazwa>mazowieckie</sln:wojNazwa></sln:miejscowosc><sln:miejscowosc><sln:cyklZyciaDo>2017-03-29T00:00:00+02:00</sln:cyklZyciaDo><sln:cyklZyciaOd>2016-06-20T00:00:00+02:00</sln:cyklZyciaOd><sln:gmIIPId>1722d827-a63d-4161-b73a-fa21e79978df</sln:gmIIPId><sln:gmIIPPn>PL.PZGIK.200</sln:gmIIPPn><sln:gmIIPWersja>2012-09-26T21:57:51+02:00</sln:gmIIPWersja><sln:gmIdTeryt>1406073</sln:gmIdTeryt><sln:gmNazwa>Mogielnica</sln:gmNazwa><sln:miejscIIPId>4be3bfd9-6400-4ad0-9d2f-c142fa4cb9f5</sln:miejscIIPId><sln:miejscIIPPn>PL.PZGIK.200</sln:miejscIIPPn><sln:miejscIIPWersja>2016-11-24T11:37:37+02:00</sln:miejscIIPWersja><sln:miejscIdTeryt>0629554</sln:miejscIdTeryt><sln:miejscNazwa>Wodziczna</sln:miejscNazwa><sln:miejscRodzaj>Wieś</sln:miejscRodzaj><sln:powIIPId>1902b89c-e533-4c1e-957c-87f29075df06</sln:powIIPId><sln:powIIPPn>PL.PZGIK.200</sln:powIIPPn><sln:powIIPWersja>2012-09-27T08:13:53+02:00</sln:powIIPWersja><sln:powIdTeryt>1406</sln:powIdTeryt><sln:powNazwa>grójecki</sln:powNazwa><sln:waznyOd>2014-06-23T00:00:00+02:00</sln:waznyOd><sln:wojIIPId>4b6c492a-eb04-441d-a92a-f44359c06de7</sln:wojIIPId><sln:wojIIPPn>PL.PZGIK.200</sln:wojIIPPn><sln:wojIIPWersja>2012-09-27T13:45:13+02:00</sln:wojIIPWersja><sln:wojIdTeryt>14</sln:wojIdTeryt><sln:wojNazwa>mazowieckie</sln:wojNazwa></sln:miejscowosc><sln:miejscowosc><sln:cyklZyciaDo>2017-03-29T00:00:00+02:00</sln:cyklZyciaDo><sln:cyklZyciaOd>2016-06-20T00:00:00+02:00</sln:cyklZyciaOd><sln:gmIIPId>1722d827-a63d-4161-b73a-fa21e79978df</sln:gmIIPId><sln:gmIIPPn>PL.PZGIK.200</sln:gmIIPPn><sln:gmIIPWersja>2012-09-26T21:57:51+02:00</sln:gmIIPWersja><sln:gmIdTeryt>1406073</sln:gmIdTeryt><sln:gmNazwa>Mogielnica</sln:gmNazwa><sln:miejscIIPId>bc59091f-7f49-4584-a25d-d18e3bae20f2</sln:miejscIIPId><sln:miejscIIPPn>PL.PZGIK.200</sln:miejscIIPPn><sln:miejscIIPWersja>2016-11-24T11:37:37+02:00</sln:miejscIIPWersja><sln:miejscIdTeryt>0629560</sln:miejscIdTeryt><sln:miejscNazwa>Wólka Gostomska</sln:miejscNazwa><sln:miejscRodzaj>Wieś</sln:miejscRodzaj><sln:powIIPId>1902b89c-e533-4c1e-957c-87f29075df06</sln:powIIPId><sln:powIIPPn>PL.PZGIK.200</sln:powIIPPn><sln:powIIPWersja>2012-09-27T08:13:53+02:00</sln:powIIPWersja><sln:powIdTeryt>1406</sln:powIdTeryt><sln:powNazwa>grójecki</sln:powNazwa><sln:waznyOd>2014-06-23T00:00:00+02:00</sln:waznyOd><sln:wojIIPId>4b6c492a-eb04-441d-a92a-f44359c06de7</sln:wojIIPId><sln:wojIIPPn>PL.PZGIK.200</sln:wojIIPPn><sln:wojIIPWersja>2012-09-27T13:45:13+02:00</sln:wojIIPWersja><sln:wojIdTeryt>14</sln:wojIdTeryt><sln:wojNazwa>mazowieckie</sln:wojNazwa></sln:miejscowosc><sln:miejscowosc><sln:cyklZyciaOd>2017-03-29T00:00:00+02:00</sln:cyklZyciaOd><sln:gmIIPId>1722d827-a63d-4161-b73a-fa21e79978df</sln:gmIIPId><sln:gmIIPPn>PL.PZGIK.200</sln:gmIIPPn><sln:gmIIPWersja>2012-09-26T21:57:51+02:00</sln:gmIIPWersja><sln:gmIdTeryt>1406073</sln:gmIdTeryt><sln:gmNazwa>Mogielnica</sln:gmNazwa><sln:miejscIIPId>724759db-fc8b-4403-8b67-7cac9a54aa96</sln:miejscIIPId><sln:miejscIIPPn>PL.PZGIK.200</sln:miejscIIPPn><sln:miejscIIPWersja>2017-03-29T10:44:29+02:00</sln:miejscIIPWersja><sln:miejscIdTeryt>0629181</sln:miejscIdTeryt><sln:miejscNazwa>Borowe</sln:miejscNazwa><sln:miejscRodzaj>Wieś</sln:miejscRodzaj><sln:powIIPId>1902b89c-e533-4c1e-957c-87f29075df06</sln:powIIPId><sln:powIIPPn>PL.PZGIK.200</sln:powIIPPn><sln:powIIPWersja>2012-09-27T08:13:53+02:00</sln:powIIPWersja><sln:powIdTeryt>1406</sln:powIdTeryt><sln:powNazwa>grójecki</sln:powNazwa><sln:waznyOd>2014-06-23T00:00:00+02:00</sln:waznyOd><sln:wojIIPId>4b6c492a-eb04-441d-a92a-f44359c06de7</sln:wojIIPId><sln:wojIIPPn>PL.PZGIK.200</sln:wojIIPPn><sln:wojIIPWersja>2012-09-27T13:45:13+02:00</sln:wojIIPWersja><sln:wojIdTeryt>14</sln:wojIdTeryt><sln:wojNazwa>mazowieckie</sln:wojNazwa></sln:miejscowosc><sln:miejscowosc><sln:cyklZyciaOd>2017-03-29T00:00:00+02:00</sln:cyklZyciaOd><sln:gmIIPId>1722d827-a63d-4161-b73a-fa21e79978df</sln:gmIIPId><sln:gmIIPPn>PL.PZGIK.200</sln:gmIIPPn><sln:gmIIPWersja>2012-09-26T21:57:51+02:00</sln:gmIIPWersja><sln:gmIdTeryt>1406073</sln:gmIdTeryt><sln:gmNazwa>Mogielnica</sln:gmNazwa><sln:miejscIIPId>4335ed33-71a8-488b-aac5-f2bedaf39044</sln:miejscIIPId><sln:miejscIIPPn>PL.PZGIK.200</sln:miejscIIPPn><sln:miejscIIPWersja>2017-03-29T10:44:36+02:00</sln:miejscIIPWersja><sln:miejscIdTeryt>0629198</sln:miejscIdTeryt><sln:miejscNazwa>Brzostowiec</sln:miejscNazwa><sln:miejscRodzaj>Wieś</sln:miejscRodzaj><sln:powIIPId>1902b89c-e533-4c1e-957c-87f29075df06</sln:powIIPId><sln:powIIPPn>PL.PZGIK.200</sln:powIIPPn><sln:powIIPWersja>2012-09-27T08:13:53+02:00</sln:powIIPWersja><sln:powIdTeryt>1406</sln:powIdTeryt><sln:powNazwa>grójecki</sln:powNazwa><sln:waznyOd>2014-06-23T00:00:00+02:00</sln:waznyOd><sln:wojIIPId>4b6c492a-eb04-441d-a92a-f44359c06de7</sln:wojIIPId><sln:wojIIPPn>PL.PZGIK.200</sln:wojIIPPn><sln:wojIIPWersja>2012-09-27T13:45:13+02:00</sln:wojIIPWersja><sln:wojIdTeryt>14</sln:wojIdTeryt><sln:wojNazwa>mazowieckie</sln:wojNazwa></sln:miejscowosc><sln:miejscowosc><sln:cyklZyciaOd>2017-03-29T00:00:00+02:00</sln:cyklZyciaOd><sln:gmIIPId>1722d827-a63d-4161-b73a-fa21e79978df</sln:gmIIPId><sln:gmIIPPn>PL.PZGIK.200</sln:gmIIPPn><sln:gmIIPWersja>2012-09-26T21:57:51+02:00</sln:gmIIPWersja><sln:gmIdTeryt>1406073</sln:gmIdTeryt><sln:gmNazwa>Mogielnica</sln:gmNazwa><sln:miejscIIPId>2c8d0c54-30d1-44f0-9c44-5788132fc68e</sln:miejscIIPId><sln:miejscIIPPn>PL.PZGIK.200</sln:miejscIIPPn><sln:miejscIIPWersja>2017-03-29T10:44:36+02:00</sln:miejscIIPWersja><sln:miejscIdTeryt>0629206</sln:miejscIdTeryt><sln:miejscNazwa>Cegielnia</sln:miejscNazwa><sln:miejscRodzaj>Wieś</sln:miejscRodzaj><sln:powIIPId>1902b89c-e533-4c1e-957c-87f29075df06</sln:powIIPId><sln:powIIPPn>PL.PZGIK.200</sln:powIIPPn><sln:powIIPWersja>2012-09-27T08:13:53+02:00</sln:powIIPWersja><sln:powIdTeryt>1406</sln:powIdTeryt><sln:powNazwa>grójecki</sln:powNazwa><sln:waznyOd>2014-06-23T00:00:00+02:00</sln:waznyOd><sln:wojIIPId>4b6c492a-eb04-441d-a92a-f44359c06de7</sln:wojIIPId><sln:wojIIPPn>PL.PZGIK.200</sln:wojIIPPn><sln:wojIIPWersja>2012-09-27T13:45:13+02:00</sln:wojIIPWersja><sln:wojIdTeryt>14</sln:wojIdTeryt><sln:wojNazwa>mazowieckie</sln:wojNazwa></sln:miejscowosc><sln:miejscowosc><sln:cyklZyciaOd>2017-03-29T00:00:00+02:00</sln:cyklZyciaOd><sln:gmIIPId>1722d827-a63d-4161-b73a-fa21e79978df</sln:gmIIPId><sln:gmIIPPn>PL.PZGIK.200</sln:gmIIPPn><sln:gmIIPWersja>2012-09-26T21:57:51+02:00</sln:gmIIPWersja><sln:gmIdTeryt>1406073</sln:gmIdTeryt><sln:gmNazwa>Mogielnica</sln:gmNazwa><sln:miejscIIPId>d845c3c5-e4ff-483d-8c6e-dc20387f03a1</sln:miejscIIPId><sln:miejscIIPPn>PL.PZGIK.200</sln:miejscIIPPn><sln:miejscIIPWersja>2017-03-29T10:44:37+02:00</sln:miejscIIPWersja><sln:miejscIdTeryt>0629212</sln:miejscIdTeryt><sln:miejscNazwa>Dalboszek</sln:miejscNazwa><sln:miejscRodzaj>Wieś</sln:miejscRodzaj><sln:powIIPId>1902b89c-e533-4c1e-957c-87f29075df06</sln:powIIPId><sln:powIIPPn>PL.PZGIK.200</sln:powIIPPn><sln:powIIPWersja>2012-09-27T08:13:53+02:00</sln:powIIPWersja><sln:powIdTeryt>1406</sln:powIdTeryt><sln:powNazwa>grójecki</sln:powNazwa><sln:waznyOd>2014-06-23T00:00:00+02:00</sln:waznyOd><sln:wojIIPId>4b6c492a-eb04-441d-a92a-f44359c06de7</sln:wojIIPId><sln:wojIIPPn>PL.PZGIK.200</sln:wojIIPPn><sln:wojIIPWersja>2012-09-27T13:45:13+02:00</sln:wojIIPWersja><sln:wojIdTeryt>14</sln:wojIdTeryt><sln:wojNazwa>mazowieckie</sln:wojNazwa></sln:miejscowosc><sln:miejscowosc><sln:cyklZyciaOd>2017-03-29T00:00:00+02:00</sln:cyklZyciaOd><sln:gmIIPId>1722d827-a63d-4161-b73a-fa21e79978df</sln:gmIIPId><sln:gmIIPPn>PL.PZGIK.200</sln:gmIIPPn><sln:gmIIPWersja>2012-09-26T21:57:51+02:00</sln:gmIIPWersja><sln:gmIdTeryt>1406073</sln:gmIdTeryt><sln:gmNazwa>Mogielnica</sln:gmNazwa><sln:miejscIIPId>4a1409ed-1162-4a87-a7b9-6c622a2d5b21</sln:miejscIIPId><sln:miejscIIPPn>PL.PZGIK.200</sln:miejscIIPPn><sln:miejscIIPWersja>2017-03-29T10:44:37+02:00</sln:miejscIIPWersja><sln:miejscIdTeryt>0629229</sln:miejscIdTeryt><sln:miejscNazwa>Dąbrowa</sln:miejscNazwa><sln:miejscRodzaj>Wieś</sln:miejscRodzaj><sln:powIIPId>1902b89c-e533-4c1e-957c-87f29075df06</sln:powIIPId><sln:powIIPPn>PL.PZGIK.200</sln:powIIPPn><sln:powIIPWersja>2012-09-27T08:13:53+02:00</sln:powIIPWersja><sln:powIdTeryt>1406</sln:powIdTeryt><sln:powNazwa>grójecki</sln:powNazwa><sln:waznyOd>2014-06-23T00:00:00+02:00</sln:waznyOd><sln:wojIIPId>4b6c492a-eb04-441d-a92a-f44359c06de7</sln:wojIIPId><sln:wojIIPPn>PL.PZGIK.200</sln:wojIIPPn><sln:wojIIPWersja>2012-09-27T13:45:13+02:00</sln:wojIIPWersja><sln:wojIdTeryt>14</sln:wojIdTeryt><sln:wojNazwa>mazowieckie</sln:wojNazwa></sln:miejscowosc><sln:miejscowosc><sln:cyklZyciaOd>2017-03-29T00:00:00+02:00</sln:cyklZyciaOd><sln:gmIIPId>1722d827-a63d-4161-b73a-fa21e79978df</sln:gmIIPId><sln:gmIIPPn>PL.PZGIK.200</sln:gmIIPPn><sln:gmIIPWersja>2012-09-26T21:57:51+02:00</sln:gmIIPWersja><sln:gmIdTeryt>1406073</sln:gmIdTeryt><sln:gmNazwa>Mogielnica</sln:gmNazwa><sln:miejscIIPId>67f205a2-f901-466d-88e3-b21b0dcd2327</sln:miejscIIPId><sln:miejscIIPPn>PL.PZGIK.200</sln:miejscIIPPn><sln:miejscIIPWersja>2017-03-29T10:44:37+02:00</sln:miejscIIPWersja><sln:miejscIdTeryt>0629235</sln:miejscIdTeryt><sln:miejscNazwa>Dębnowola</sln:miejscNazwa><sln:miejscRodzaj>Wieś</sln:miejscRodzaj><sln:powIIPId>1902b89c-e533-4c1e-957c-87f29075df06</sln:powIIPId><sln:powIIPPn>PL.PZGIK.200</sln:powIIPPn><sln:powIIPWersja>2012-09-27T08:13:53+02:00</sln:powIIPWersja><sln:powIdTeryt>1406</sln:powIdTeryt><sln:powNazwa>grójecki</sln:powNazwa><sln:waznyOd>2014-06-23T00:00:00+02:00</sln:waznyOd><sln:wojIIPId>4b6c492a-eb04-441d-a92a-f44359c06de7</sln:wojIIPId><sln:wojIIPPn>PL.PZGIK.200</sln:wojIIPPn><sln:wojIIPWersja>2012-09-27T13:45:13+02:00</sln:wojIIPWersja><sln:wojIdTeryt>14</sln:wojIdTeryt><sln:wojNazwa>mazowieckie</sln:wojNazwa></sln:miejscowosc><sln:miejscowosc><sln:cyklZyciaOd>2017-03-29T00:00:00+02:00</sln:cyklZyciaOd><sln:gmIIPId>1722d827-a63d-4161-b73a-fa21e79978df</sln:gmIIPId><sln:gmIIPPn>PL.PZGIK.200</sln:gmIIPPn><sln:gmIIPWersja>2012-09-26T21:57:51+02:00</sln:gmIIPWersja><sln:gmIdTeryt>1406073</sln:gmIdTeryt><sln:gmNazwa>Mogielnica</sln:gmNazwa><sln:miejscIIPId>d4fc93fd-b369-43cf-8184-1cf28867aaec</sln:miejscIIPId><sln:miejscIIPPn>PL.PZGIK.200</sln:miejscIIPPn><sln:miejscIIPWersja>2017-03-29T10:44:37+02:00</sln:miejscIIPWersja><sln:miejscIdTeryt>0629241</sln:miejscIdTeryt><sln:miejscNazwa>Dobiecin</sln:miejscNazwa><sln:miejscRodzaj>Wieś</sln:miejscRodzaj><sln:powIIPId>1902b89c-e533-4c1e-957c-87f29075df06</sln:powIIPId><sln:powIIPPn>PL.PZGIK.200</sln:powIIPPn><sln:powIIPWersja>2012-09-27T08:13:53+02:00</sln:powIIPWersja><sln:powIdTeryt>1406</sln:powIdTeryt><sln:powNazwa>grójecki</sln:powNazwa><sln:waznyOd>2014-06-23T00:00:00+02:00</sln:waznyOd><sln:wojIIPId>4b6c492a-eb04-441d-a92a-f44359c06de7</sln:wojIIPId><sln:wojIIPPn>PL.PZGIK.200</sln:wojIIPPn><sln:wojIIPWersja>2012-09-27T13:45:13+02:00</sln:wojIIPWersja><sln:wojIdTeryt>14</sln:wojIdTeryt><sln:wojNazwa>mazowieckie</sln:wojNazwa></sln:miejscowosc><sln:miejscowosc><sln:cyklZyciaOd>2017-03-29T00:00:00+02:00</sln:cyklZyciaOd><sln:gmIIPId>1722d827-a63d-4161-b73a-fa21e79978df</sln:gmIIPId><sln:gmIIPPn>PL.PZGIK.200</sln:gmIIPPn><sln:gmIIPWersja>2012-09-26T21:57:51+02:00</sln:gmIIPWersja><sln:gmIdTeryt>1406073</sln:gmIdTeryt><sln:gmNazwa>Mogielnica</sln:gmNazwa><sln:miejscIIPId>2db50909-c11d-4311-b850-6096392c70e3</sln:miejscIIPId><sln:miejscIIPPn>PL.PZGIK.200</sln:miejscIIPPn><sln:miejscIIPWersja>2017-03-29T10:44:37+02:00</sln:miejscIIPWersja><sln:miejscIdTeryt>0629258</sln:miejscIdTeryt><sln:miejscNazwa>Dylew</sln:miejscNazwa><sln:miejscRodzaj>Wieś</sln:miejscRodzaj><sln:powIIPId>1902b89c-e533-4c1e-957c-87f29075df06</sln:powIIPId><sln:powIIPPn>PL.PZGIK.200</sln:powIIPPn><sln:powIIPWersja>2012-09-27T08:13:53+02:00</sln:powIIPWersja><sln:powIdTeryt>1406</sln:powIdTeryt><sln:powNazwa>grójecki</sln:powNazwa><sln:waznyOd>2014-06-23T00:00:00+02:00</sln:waznyOd><sln:wojIIPId>4b6c492a-eb04-441d-a92a-f44359c06de7</sln:wojIIPId><sln:wojIIPPn>PL.PZGIK.200</sln:wojIIPPn><sln:wojIIPWersja>2012-09-27T13:45:13+02:00</sln:wojIIPWersja><sln:wojIdTeryt>14</sln:wojIdTeryt><sln:wojNazwa>mazowieckie</sln:wojNazwa></sln:miejscowosc><sln:miejscowosc><sln:cyklZyciaOd>2017-03-29T00:00:00+02:00</sln:cyklZyciaOd><sln:gmIIPId>1722d827-a63d-4161-b73a-fa21e79978df</sln:gmIIPId><sln:gmIIPPn>PL.PZGIK.200</sln:gmIIPPn><sln:gmIIPWersja>2012-09-26T21:57:51+02:00</sln:gmIIPWersja><sln:gmIdTeryt>1406073</sln:gmIdTeryt><sln:gmNazwa>Mogielnica</sln:gmNazwa><sln:miejscIIPId>90d2f364-ac4e-4486-916a-4f88f86dd00d</sln:miejscIIPId><sln:miejscIIPPn>PL.PZGIK.200</sln:miejscIIPPn><sln:miejscIIPWersja>2017-03-29T10:44:37+02:00</sln:miejscIIPWersja><sln:miejscIdTeryt>0629264</sln:miejscIdTeryt><sln:miejscNazwa>Dziarnów</sln:miejscNazwa><sln:miejscRodzaj>Wieś</sln:miejscRodzaj><sln:powIIPId>1902b89c-e533-4c1e-957c-87f29075df06</sln:powIIPId><sln:powIIPPn>PL.PZGIK.200</sln:powIIPPn><sln:powIIPWersja>2012-09-27T08:13:53+02:00</sln:powIIPWersja><sln:powIdTeryt>1406</sln:powIdTeryt><sln:powNazwa>grójecki</sln:powNazwa><sln:waznyOd>2014-06-23T00:00:00+02:00</sln:waznyOd><sln:wojIIPId>4b6c492a-eb04-441d-a92a-f44359c06de7</sln:wojIIPId><sln:wojIIPPn>PL.PZGIK.200</sln:wojIIPPn><sln:wojIIPWersja>2012-09-27T13:45:13+02:00</sln:wojIIPWersja><sln:wojIdTeryt>14</sln:wojIdTeryt><sln:wojNazwa>mazowieckie</sln:wojNazwa></sln:miejscowosc><sln:miejscowosc><sln:cyklZyciaOd>2017-03-29T00:00:00+02:00</sln:cyklZyciaOd><sln:gmIIPId>1722d827-a63d-4161-b73a-fa21e79978df</sln:gmIIPId><sln:gmIIPPn>PL.PZGIK.200</sln:gmIIPPn><sln:gmIIPWersja>2012-09-26T21:57:51+02:00</sln:gmIIPWersja><sln:gmIdTeryt>1406073</sln:gmIdTeryt><sln:gmNazwa>Mogielnica</sln:gmNazwa><sln:miejscIIPId>95724a1b-447f-472b-86f7-cddbb962e2ec</sln:miejscIIPId><sln:miejscIIPPn>PL.PZGIK.200</sln:miejscIIPPn><sln:miejscIIPWersja>2017-03-29T10:44:37+02:00</sln:miejscIIPWersja><sln:miejscIdTeryt>0629270</sln:miejscIdTeryt><sln:miejscNazwa>Dziunin</sln:miejscNazwa><sln:miejscRodzaj>Wieś</sln:miejscRodzaj><sln:powIIPId>1902b89c-e533-4c1e-957c-87f29075df06</sln:powIIPId><sln:powIIPPn>PL.PZGIK.200</sln:powIIPPn><sln:powIIPWersja>2012-09-27T08:13:53+02:00</sln:powIIPWersja><sln:powIdTeryt>1406</sln:powIdTeryt><sln:powNazwa>grójecki</sln:powNazwa><sln:waznyOd>2014-06-23T00:00:00+02:00</sln:waznyOd><sln:wojIIPId>4b6c492a-eb04-441d-a92a-f44359c06de7</sln:wojIIPId><sln:wojIIPPn>PL.PZGIK.200</sln:wojIIPPn><sln:wojIIPWersja>2012-09-27T13:45:13+02:00</sln:wojIIPWersja><sln:wojIdTeryt>14</sln:wojIdTeryt><sln:wojNazwa>mazowieckie</sln:wojNazwa></sln:miejscowosc><sln:miejscowosc><sln:cyklZyciaOd>2017-03-29T00:00:00+02:00</sln:cyklZyciaOd><sln:gmIIPId>1722d827-a63d-4161-b73a-fa21e79978df</sln:gmIIPId><sln:gmIIPPn>PL.PZGIK.200</sln:gmIIPPn><sln:gmIIPWersja>2012-09-26T21:57:51+02:00</sln:gmIIPWersja><sln:gmIdTeryt>1406073</sln:gmIdTeryt><sln:gmNazwa>Mogielnica</sln:gmNazwa><sln:miejscIIPId>c69f2f16-840d-4a00-b17f-f3cd88f9aa23</sln:miejscIIPId><sln:miejscIIPPn>PL.PZGIK.200</sln:miejscIIPPn><sln:miejscIIPWersja>2017-03-29T10:44:37+02:00</sln:miejscIIPWersja><sln:miejscIdTeryt>0629287</sln:miejscIdTeryt><sln:miejscNazwa>Główczyn</sln:miejscNazwa><sln:miejscRodzaj>Wieś</sln:miejscRodzaj><sln:powIIPId>1902b89c-e533-4c1e-957c-87f29075df06</sln:powIIPId><sln:powIIPPn>PL.PZGIK.200</sln:powIIPPn><sln:powIIPWersja>2012-09-27T08:13:53+02:00</sln:powIIPWersja><sln:powIdTeryt>1406</sln:powIdTeryt><sln:powNazwa>grójecki</sln:powNazwa><sln:waznyOd>2014-06-23T00:00:00+02:00</sln:waznyOd><sln:wojIIPId>4b6c492a-eb04-441d-a92a-f44359c06de7</sln:wojIIPId><sln:wojIIPPn>PL.PZGIK.200</sln:wojIIPPn><sln:wojIIPWersja>2012-09-27T13:45:13+02:00</sln:wojIIPWersja><sln:wojIdTeryt>14</sln:wojIdTeryt><sln:wojNazwa>mazowieckie</sln:wojNazwa></sln:miejscowosc><sln:miejscowosc><sln:cyklZyciaOd>2017-03-29T00:00:00+02:00</sln:cyklZyciaOd><sln:gmIIPId>1722d827-a63d-4161-b73a-fa21e79978df</sln:gmIIPId><sln:gmIIPPn>PL.PZGIK.200</sln:gmIIPPn><sln:gmIIPWersja>2012-09-26T21:57:51+02:00</sln:gmIIPWersja><sln:gmIdTeryt>1406073</sln:gmIdTeryt><sln:gmNazwa>Mogielnica</sln:gmNazwa><sln:miejscIIPId>93b6bddd-6b52-4576-91cc-0f06bc7c44f6</sln:miejscIIPId><sln:miejscIIPPn>PL.PZGIK.200</sln:miejscIIPPn><sln:miejscIIPWersja>2017-03-29T10:44:37+02:00</sln:miejscIIPWersja><sln:miejscIdTeryt>0629293</sln:miejscIdTeryt><sln:miejscNazwa>Główczyn-Towarzystwo</sln:miejscNazwa><sln:miejscRodzaj>Wieś</sln:miejscRodzaj><sln:powIIPId>1902b89c-e533-4c1e-957c-87f29075df06</sln:powIIPId><sln:powIIPPn>PL.PZGIK.200</sln:powIIPPn><sln:powIIPWersja>2012-09-27T08:13:53+02:00</sln:powIIPWersja><sln:powIdTeryt>1406</sln:powIdTeryt><sln:powNazwa>grójecki</sln:powNazwa><sln:waznyOd>2014-06-23T00:00:00+02:00</sln:waznyOd><sln:wojIIPId>4b6c492a-eb04-441d-a92a-f44359c06de7</sln:wojIIPId><sln:wojIIPPn>PL.PZGIK.200</sln:wojIIPPn><sln:wojIIPWersja>2012-09-27T13:45:13+02:00</sln:wojIIPWersja><sln:wojIdTeryt>14</sln:wojIdTeryt><sln:wojNazwa>mazowieckie</sln:wojNazwa></sln:miejscowosc><sln:miejscowosc><sln:cyklZyciaOd>2017-03-29T00:00:00+02:00</sln:cyklZyciaOd><sln:gmIIPId>1722d827-a63d-4161-b73a-fa21e79978df</sln:gmIIPId><sln:gmIIPPn>PL.PZGIK.200</sln:gmIIPPn><sln:gmIIPWersja>2012-09-26T21:57:51+02:00</sln:gmIIPWersja><sln:gmIdTeryt>1406073</sln:gmIdTeryt><sln:gmNazwa>Mogielnica</sln:gmNazwa><sln:miejscIIPId>399c9479-f444-4e71-840e-3b7f3bac2db9</sln:miejscIIPId><sln:miejscIIPPn>PL.PZGIK.200</sln:miejscIIPPn><sln:miejscIIPWersja>2017-03-29T10:44:37+02:00</sln:miejscIIPWersja><sln:miejscIdTeryt>0629301</sln:miejscIdTeryt><sln:miejscNazwa>Górki-Izabelin</sln:miejscNazwa><sln:miejscRodzaj>Wieś</sln:miejscRodzaj><sln:powIIPId>1902b89c-e533-4c1e-957c-87f29075df06</sln:powIIPId><sln:powIIPPn>PL.PZGIK.200</sln:powIIPPn><sln:powIIPWersja>2012-09-27T08:13:53+02:00</sln:powIIPWersja><sln:powIdTeryt>1406</sln:powIdTeryt><sln:powNazwa>grójecki</sln:powNazwa><sln:waznyOd>2014-06-23T00:00:00+02:00</sln:waznyOd><sln:wojIIPId>4b6c492a-eb04-441d-a92a-f44359c06de7</sln:wojIIPId><sln:wojIIPPn>PL.PZGIK.200</sln:wojIIPPn><sln:wojIIPWersja>2012-09-27T13:45:13+02:00</sln:wojIIPWersja><sln:wojIdTeryt>14</sln:wojIdTeryt><sln:wojNazwa>mazowieckie</sln:wojNazwa></sln:miejscowosc><sln:miejscowosc><sln:cyklZyciaOd>2017-03-29T00:00:00+02:00</sln:cyklZyciaOd><sln:gmIIPId>1722d827-a63d-4161-b73a-fa21e79978df</sln:gmIIPId><sln:gmIIPPn>PL.PZGIK.200</sln:gmIIPPn><sln:gmIIPWersja>2012-09-26T21:57:51+02:00</sln:gmIIPWersja><sln:gmIdTeryt>1406073</sln:gmIdTeryt><sln:gmNazwa>Mogielnica</sln:gmNazwa><sln:miejscIIPId>4993ee02-b755-445b-96c0-f6c3e552d16c</sln:miejscIIPId><sln:miejscIIPPn>PL.PZGIK.200</sln:miejscIIPPn><sln:miejscIIPWersja>2017-03-29T10:44:37+02:00</sln:miejscIIPWersja><sln:miejscIdTeryt>0629318</sln:miejscIdTeryt><sln:miejscNazwa>Gracjanów</sln:miejscNazwa><sln:miejscRodzaj>Wieś</sln:miejscRodzaj><sln:powIIPId>1902b89c-e533-4c1e-957c-87f29075df06</sln:powIIPId><sln:powIIPPn>PL.PZGIK.200</sln:powIIPPn><sln:powIIPWersja>2012-09-27T08:13:53+02:00</sln:powIIPWersja><sln:powIdTeryt>1406</sln:powIdTeryt><sln:powNazwa>grójecki</sln:powNazwa><sln:waznyOd>2014-06-23T00:00:00+02:00</sln:waznyOd><sln:wojIIPId>4b6c492a-eb04-441d-a92a-f44359c06de7</sln:wojIIPId><sln:wojIIPPn>PL.PZGIK.200</sln:wojIIPPn><sln:wojIIPWersja>2012-09-27T13:45:13+02:00</sln:wojIIPWersja><sln:wojIdTeryt>14</sln:wojIdTeryt><sln:wojNazwa>mazowieckie</sln:wojNazwa></sln:miejscowosc><sln:miejscowosc><sln:cyklZyciaOd>2017-03-29T00:00:00+02:00</sln:cyklZyciaOd><sln:gmIIPId>1722d827-a63d-4161-b73a-fa21e79978df</sln:gmIIPId><sln:gmIIPPn>PL.PZGIK.200</sln:gmIIPPn><sln:gmIIPWersja>2012-09-26T21:57:51+02:00</sln:gmIIPWersja><sln:gmIdTeryt>1406073</sln:gmIdTeryt><sln:gmNazwa>Mogielnica</sln:gmNazwa><sln:miejscIIPId>d3e26039-0661-4119-a5de-61220e23573c</sln:miejscIIPId><sln:miejscIIPPn>PL.PZGIK.200</sln:miejscIIPPn><sln:miejscIIPWersja>2017-03-29T10:44:37+02:00</sln:miejscIIPWersja><sln:miejscIdTeryt>0629324</sln:miejscIdTeryt><sln:miejscNazwa>Jastrzębia</sln:miejscNazwa><sln:miejscRodzaj>Wieś</sln:miejscRodzaj><sln:powIIPId>1902b89c-e533-4c1e-957c-87f29075df06</sln:powIIPId><sln:powIIPPn>PL.PZGIK.200</sln:powIIPPn><sln:powIIPWersja>2012-09-27T08:13:53+02:00</sln:powIIPWersja><sln:powIdTeryt>1406</sln:powIdTeryt><sln:powNazwa>grójecki</sln:powNazwa><sln:waznyOd>2014-06-23T00:00:00+02:00</sln:waznyOd><sln:wojIIPId>4b6c492a-eb04-441d-a92a-f44359c06de7</sln:wojIIPId><sln:wojIIPPn>PL.PZGIK.200</sln:wojIIPPn><sln:wojIIPWersja>2012-09-27T13:45:13+02:00</sln:wojIIPWersja><sln:wojIdTeryt>14</sln:wojIdTeryt><sln:wojNazwa>mazowieckie</sln:wojNazwa></sln:miejscowosc><sln:miejscowosc><sln:cyklZyciaOd>2017-03-29T00:00:00+02:00</sln:cyklZyciaOd><sln:gmIIPId>1722d827-a63d-4161-b73a-fa21e79978df</sln:gmIIPId><sln:gmIIPPn>PL.PZGIK.200</sln:gmIIPPn><sln:gmIIPWersja>2012-09-26T21:57:51+02:00</sln:gmIIPWersja><sln:gmIdTeryt>1406073</sln:gmIdTeryt><sln:gmNazwa>Mogielnica</sln:gmNazwa><sln:miejscIIPId>1a118ff9-d07e-4fb5-9b40-ca4a5a02dcf0</sln:miejscIIPId><sln:miejscIIPPn>PL.PZGIK.200</sln:miejscIIPPn><sln:miejscIIPWersja>2017-03-29T10:44:38+02:00</sln:miejscIIPWersja><sln:miejscIdTeryt>0629330</sln:miejscIdTeryt><sln:miejscNazwa>Jastrzębia Stara</sln:miejscNazwa><sln:miejscRodzaj>Wieś</sln:miejscRodzaj><sln:powIIPId>1902b89c-e533-4c1e-957c-87f29075df06</sln:powIIPId><sln:powIIPPn>PL.PZGIK.200</sln:powIIPPn><sln:powIIPWersja>2012-09-27T08:13:53+02:00</sln:powIIPWersja><sln:powIdTeryt>1406</sln:powIdTeryt><sln:powNazwa>grójecki</sln:powNazwa><sln:waznyOd>2014-06-23T00:00:00+02:00</sln:waznyOd><sln:wojIIPId>4b6c492a-eb04-441d-a92a-f44359c06de7</sln:wojIIPId><sln:wojIIPPn>PL.PZGIK.200</sln:wojIIPPn><sln:wojIIPWersja>2012-09-27T13:45:13+02:00</sln:wojIIPWersja><sln:wojIdTeryt>14</sln:wojIdTeryt><sln:wojNazwa>mazowieckie</sln:wojNazwa></sln:miejscowosc><sln:miejscowosc><sln:cyklZyciaOd>2017-03-29T00:00:00+02:00</sln:cyklZyciaOd><sln:gmIIPId>1722d827-a63d-4161-b73a-fa21e79978df</sln:gmIIPId><sln:gmIIPPn>PL.PZGIK.200</sln:gmIIPPn><sln:gmIIPWersja>2012-09-26T21:57:51+02:00</sln:gmIIPWersja><sln:gmIdTeryt>1406073</sln:gmIdTeryt><sln:gmNazwa>Mogielnica</sln:gmNazwa><sln:miejscIIPId>201cd659-6d36-48f6-a1f9-71b8e6e87ae6</sln:miejscIIPId><sln:miejscIIPPn>PL.PZGIK.200</sln:miejscIIPPn><sln:miejscIIPWersja>2017-03-29T10:44:38+02:00</sln:miejscIIPWersja><sln:miejscIdTeryt>0629347</sln:miejscIdTeryt><sln:miejscNazwa>Kaplin</sln:miejscNazwa><sln:miejscRodzaj>Wieś</sln:miejscRodzaj><sln:powIIPId>1902b89c-e533-4c1e-957c-87f29075df06</sln:powIIPId><sln:powIIPPn>PL.PZGIK.200</sln:powIIPPn><sln:powIIPWersja>2012-09-27T08:13:53+02:00</sln:powIIPWersja><sln:powIdTeryt>1406</sln:powIdTeryt><sln:powNazwa>grójecki</sln:powNazwa><sln:waznyOd>2014-06-23T00:00:00+02:00</sln:waznyOd><sln:wojIIPId>4b6c492a-eb04-441d-a92a-f44359c06de7</sln:wojIIPId><sln:wojIIPPn>PL.PZGIK.200</sln:wojIIPPn><sln:wojIIPWersja>2012-09-27T13:45:13+02:00</sln:wojIIPWersja><sln:wojIdTeryt>14</sln:wojIdTeryt><sln:wojNazwa>mazowieckie</sln:wojNazwa></sln:miejscowosc><sln:miejscowosc><sln:cyklZyciaOd>2017-03-29T00:00:00+02:00</sln:cyklZyciaOd><sln:gmIIPId>1722d827-a63d-4161-b73a-fa21e79978df</sln:gmIIPId><sln:gmIIPPn>PL.PZGIK.200</sln:gmIIPPn><sln:gmIIPWersja>2012-09-26T21:57:51+02:00</sln:gmIIPWersja><sln:gmIdTeryt>1406073</sln:gmIdTeryt><sln:gmNazwa>Mogielnica</sln:gmNazwa><sln:miejscIIPId>f4c068cd-1611-41a2-9f7e-71e46d8b4c48</sln:miejscIIPId><sln:miejscIIPPn>PL.PZGIK.200</sln:miejscIIPPn><sln:miejscIIPWersja>2017-03-29T10:44:38+02:00</sln:miejscIIPWersja><sln:miejscIdTeryt>0629353</sln:miejscIdTeryt><sln:miejscNazwa>Kozietuły</sln:miejscNazwa><sln:miejscRodzaj>Wieś</sln:miejscRodzaj><sln:powIIPId>1902b89c-e533-4c1e-957c-87f29075df06</sln:powIIPId><sln:powIIPPn>PL.PZGIK.200</sln:powIIPPn><sln:powIIPWersja>2012-09-27T08:13:53+02:00</sln:powIIPWersja><sln:powIdTeryt>1406</sln:powIdTeryt><sln:powNazwa>grójecki</sln:powNazwa><sln:waznyOd>2014-06-23T00:00:00+02:00</sln:waznyOd><sln:wojIIPId>4b6c492a-eb04-441d-a92a-f44359c06de7</sln:wojIIPId><sln:wojIIPPn>PL.PZGIK.200</sln:wojIIPPn><sln:wojIIPWersja>2012-09-27T13:45:13+02:00</sln:wojIIPWersja><sln:wojIdTeryt>14</sln:wojIdTeryt><sln:wojNazwa>mazowieckie</sln:wojNazwa></sln:miejscowosc><sln:miejscowosc><sln:cyklZyciaOd>2017-03-29T00:00:00+02:00</sln:cyklZyciaOd><sln:gmIIPId>1722d827-a63d-4161-b73a-fa21e79978df</sln:gmIIPId><sln:gmIIPPn>PL.PZGIK.200</sln:gmIIPPn><sln:gmIIPWersja>2012-09-26T21:57:51+02:00</sln:gmIIPWersja><sln:gmIdTeryt>1406073</sln:gmIdTeryt><sln:gmNazwa>Mogielnica</sln:gmNazwa><sln:miejscIIPId>c5f6258c-02f7-4e6d-9a5d-093d5d6b9aec</sln:miejscIIPId><sln:miejscIIPPn>PL.PZGIK.200</sln:miejscIIPPn><sln:miejscIIPWersja>2017-03-29T10:44:38+02:00</sln:miejscIIPWersja><sln:miejscIdTeryt>0629360</sln:miejscIdTeryt><sln:miejscNazwa>Ługowice</sln:miejscNazwa><sln:miejscRodzaj>Wieś</sln:miejscRodzaj><sln:powIIPId>1902b89c-e533-4c1e-957c-87f29075df06</sln:powIIPId><sln:powIIPPn>PL.PZGIK.200</sln:powIIPPn><sln:powIIPWersja>2012-09-27T08:13:53+02:00</sln:powIIPWersja><sln:powIdTeryt>1406</sln:powIdTeryt><sln:powNazwa>grójecki</sln:powNazwa><sln:waznyOd>2014-06-23T00:00:00+02:00</sln:waznyOd><sln:wojIIPId>4b6c492a-eb04-441d-a92a-f44359c06de7</sln:wojIIPId><sln:wojIIPPn>PL.PZGIK.200</sln:wojIIPPn><sln:wojIIPWersja>2012-09-27T13:45:13+02:00</sln:wojIIPWersja><sln:wojIdTeryt>14</sln:wojIdTeryt><sln:wojNazwa>mazowieckie</sln:wojNazwa></sln:miejscowosc><sln:miejscowosc><sln:cyklZyciaOd>2017-03-29T00:00:00+02:00</sln:cyklZyciaOd><sln:gmIIPId>1722d827-a63d-4161-b73a-fa21e79978df</sln:gmIIPId><sln:gmIIPPn>PL.PZGIK.200</sln:gmIIPPn><sln:gmIIPWersja>2012-09-26T21:57:51+02:00</sln:gmIIPWersja><sln:gmIdTeryt>1406073</sln:gmIdTeryt><sln:gmNazwa>Mogielnica</sln:gmNazwa><sln:miejscIIPId>a8ab9979-dd60-4f38-8cb3-22885d9196cf</sln:miejscIIPId><sln:miejscIIPPn>PL.PZGIK.200</sln:miejscIIPPn><sln:miejscIIPWersja>2017-03-29T10:44:38+02:00</sln:miejscIIPWersja><sln:miejscIdTeryt>0629376</sln:miejscIdTeryt><sln:miejscNazwa>Marysin</sln:miejscNazwa><sln:miejscRodzaj>Wieś</sln:miejscRodzaj><sln:powIIPId>1902b89c-e533-4c1e-957c-87f29075df06</sln:powIIPId><sln:powIIPPn>PL.PZGIK.200</sln:powIIPPn><sln:powIIPWersja>2012-09-27T08:13:53+02:00</sln:powIIPWersja><sln:powIdTeryt>1406</sln:powIdTeryt><sln:powNazwa>grójecki</sln:powNazwa><sln:waznyOd>2014-06-23T00:00:00+02:00</sln:waznyOd><sln:wojIIPId>4b6c492a-eb04-441d-a92a-f44359c06de7</sln:wojIIPId><sln:wojIIPPn>PL.PZGIK.200</sln:wojIIPPn><sln:wojIIPWersja>2012-09-27T13:45:13+02:00</sln:wojIIPWersja><sln:wojIdTeryt>14</sln:wojIdTeryt><sln:wojNazwa>mazowieckie</sln:wojNazwa></sln:miejscowosc><sln:miejscowosc><sln:cyklZyciaOd>2017-03-29T00:00:00+02:00</sln:cyklZyciaOd><sln:gmIIPId>1722d827-a63d-4161-b73a-fa21e79978df</sln:gmIIPId><sln:gmIIPPn>PL.PZGIK.200</sln:gmIIPPn><sln:gmIIPWersja>2012-09-26T21:57:51+02:00</sln:gmIIPWersja><sln:gmIdTeryt>1406073</sln:gmIdTeryt><sln:gmNazwa>Mogielnica</sln:gmNazwa><sln:miejscIIPId>4273c4bc-bcdd-446f-a3fd-b0f2ef47a7c0</sln:miejscIIPId><sln:miejscIIPPn>PL.PZGIK.200</sln:miejscIIPPn><sln:miejscIIPWersja>2017-03-29T10:44:38+02:00</sln:miejscIIPWersja><sln:miejscIdTeryt>0629382</sln:miejscIdTeryt><sln:miejscNazwa>Michałowice</sln:miejscNazwa><sln:miejscRodzaj>Wieś</sln:miejscRodzaj><sln:powIIPId>1902b89c-e533-4c1e-957c-87f29075df06</sln:powIIPId><sln:powIIPPn>PL.PZGIK.200</sln:powIIPPn><sln:powIIPWersja>2012-09-27T08:13:53+02:00</sln:powIIPWersja><sln:powIdTeryt>1406</sln:powIdTeryt><sln:powNazwa>grójecki</sln:powNazwa><sln:waznyOd>2014-06-23T00:00:00+02:00</sln:waznyOd><sln:wojIIPId>4b6c492a-eb04-441d-a92a-f44359c06de7</sln:wojIIPId><sln:wojIIPPn>PL.PZGIK.200</sln:wojIIPPn><sln:wojIIPWersja>2012-09-27T13:45:13+02:00</sln:wojIIPWersja><sln:wojIdTeryt>14</sln:wojIdTeryt><sln:wojNazwa>mazowieckie</sln:wojNazwa></sln:miejscowosc><sln:miejscowosc><sln:cyklZyciaOd>2017-03-29T00:00:00+02:00</sln:cyklZyciaOd><sln:gmIIPId>1722d827-a63d-4161-b73a-fa21e79978df</sln:gmIIPId><sln:gmIIPPn>PL.PZGIK.200</sln:gmIIPPn><sln:gmIIPWersja>2012-09-26T21:57:51+02:00</sln:gmIIPWersja><sln:gmIdTeryt>1406073</sln:gmIdTeryt><sln:gmNazwa>Mogielnica</sln:gmNazwa><sln:miejscIIPId>b6419187-7008-4d43-af50-d53930b3779e</sln:miejscIIPId><sln:miejscIIPPn>PL.PZGIK.200</sln:miejscIIPPn><sln:miejscIIPWersja>2017-03-29T10:44:38+02:00</sln:miejscIIPWersja><sln:miejscIdTeryt>0629399</sln:miejscIdTeryt><sln:miejscNazwa>Miechowice</sln:miejscNazwa><sln:miejscRodzaj>Wieś</sln:miejscRodzaj><sln:powIIPId>1902b89c-e533-4c1e-957c-87f29075df06</sln:powIIPId><sln:powIIPPn>PL.PZGIK.200</sln:powIIPPn><sln:powIIPWersja>2012-09-27T08:13:53+02:00</sln:powIIPWersja><sln:powIdTeryt>1406</sln:powIdTeryt><sln:powNazwa>grójecki</sln:powNazwa><sln:waznyOd>2014-06-23T00:00:00+02:00</sln:waznyOd><sln:wojIIPId>4b6c492a-eb04-441d-a92a-f44359c06de7</sln:wojIIPId><sln:wojIIPPn>PL.PZGIK.200</sln:wojIIPPn><sln:wojIIPWersja>2012-09-27T13:45:13+02:00</sln:wojIIPWersja><sln:wojIdTeryt>14</sln:wojIdTeryt><sln:wojNazwa>mazowieckie</sln:wojNazwa></sln:miejscowosc><sln:miejscowosc><sln:cyklZyciaOd>2017-03-29T00:00:00+02:00</sln:cyklZyciaOd><sln:gmIIPId>1722d827-a63d-4161-b73a-fa21e79978df</sln:gmIIPId><sln:gmIIPPn>PL.PZGIK.200</sln:gmIIPPn><sln:gmIIPWersja>2012-09-26T21:57:51+02:00</sln:gmIIPWersja><sln:gmIdTeryt>1406073</sln:gmIdTeryt><sln:gmNazwa>Mogielnica</sln:gmNazwa><sln:miejscIIPId>f18f64f8-a501-4063-bbd8-14d2dddc7649</sln:miejscIIPId><sln:miejscIIPPn>PL.PZGIK.200</sln:miejscIIPPn><sln:miejscIIPWersja>2017-03-29T10:44:38+02:00</sln:miejscIIPWersja><sln:miejscIdTeryt>0629407</sln:miejscIdTeryt><sln:miejscNazwa>Kozietuły Nowe</sln:miejscNazwa><sln:miejscRodzaj>Wieś</sln:miejscRodzaj><sln:powIIPId>1902b89c-e533-4c1e-957c-87f29075df06</sln:powIIPId><sln:powIIPPn>PL.PZGIK.200</sln:powIIPPn><sln:powIIPWersja>2012-09-27T08:13:53+02:00</sln:powIIPWersja><sln:powIdTeryt>1406</sln:powIdTeryt><sln:powNazwa>grójecki</sln:powNazwa><sln:waznyOd>2014-06-23T00:00:00+02:00</sln:waznyOd><sln:wojIIPId>4b6c492a-eb04-441d-a92a-f44359c06de7</sln:wojIIPId><sln:wojIIPPn>PL.PZGIK.200</sln:wojIIPPn><sln:wojIIPWersja>2012-09-27T13:45:13+02:00</sln:wojIIPWersja><sln:wojIdTeryt>14</sln:wojIdTeryt><sln:wojNazwa>mazowieckie</sln:wojNazwa></sln:miejscowosc><sln:miejscowosc><sln:cyklZyciaOd>2017-03-29T00:00:00+02:00</sln:cyklZyciaOd><sln:gmIIPId>1722d827-a63d-4161-b73a-fa21e79978df</sln:gmIIPId><sln:gmIIPPn>PL.PZGIK.200</sln:gmIIPPn><sln:gmIIPWersja>2012-09-26T21:57:51+02:00</sln:gmIIPWersja><sln:gmIdTeryt>1406073</sln:gmIdTeryt><sln:gmNazwa>Mogielnica</sln:gmNazwa><sln:miejscIIPId>ed8d08fb-c00c-49c6-b043-f19ed142fefd</sln:miejscIIPId><sln:miejscIIPPn>PL.PZGIK.200</sln:miejscIIPPn><sln:miejscIIPWersja>2017-03-29T10:44:38+02:00</sln:miejscIIPWersja><sln:miejscIdTeryt>0629420</sln:miejscIdTeryt><sln:miejscNazwa>Odcinki Dylewskie</sln:miejscNazwa><sln:miejscRodzaj>Wieś</sln:miejscRodzaj><sln:powIIPId>1902b89c-e533-4c1e-957c-87f29075df06</sln:powIIPId><sln:powIIPPn>PL.PZGIK.200</sln:powIIPPn><sln:powIIPWersja>2012-09-27T08:13:53+02:00</sln:powIIPWersja><sln:powIdTeryt>1406</sln:powIdTeryt><sln:powNazwa>grójecki</sln:powNazwa><sln:waznyOd>2014-06-23T00:00:00+02:00</sln:waznyOd><sln:wojIIPId>4b6c492a-eb04-441d-a92a-f44359c06de7</sln:wojIIPId><sln:wojIIPPn>PL.PZGIK.200</sln:wojIIPPn><sln:wojIIPWersja>2012-09-27T13:45:13+02:00</sln:wojIIPWersja><sln:wojIdTeryt>14</sln:wojIdTeryt><sln:wojNazwa>mazowieckie</sln:wojNazwa></sln:miejscowosc><sln:miejscowosc><sln:cyklZyciaOd>2017-03-29T00:00:00+02:00</sln:cyklZyciaOd><sln:gmIIPId>1722d827-a63d-4161-b73a-fa21e79978df</sln:gmIIPId><sln:gmIIPPn>PL.PZGIK.200</sln:gmIIPPn><sln:gmIIPWersja>2012-09-26T21:57:51+02:00</sln:gmIIPWersja><sln:gmIdTeryt>1406073</sln:gmIdTeryt><sln:gmNazwa>Mogielnica</sln:gmNazwa><sln:miejscIIPId>308f87d2-1cdf-4648-b46d-42e4d5cf2567</sln:miejscIIPId><sln:miejscIIPPn>PL.PZGIK.200</sln:miejscIIPPn><sln:miejscIIPWersja>2017-03-29T10:44:38+02:00</sln:miejscIIPWersja><sln:miejscIdTeryt>0629436</sln:miejscIdTeryt><sln:miejscNazwa>Otaląż</sln:miejscNazwa><sln:miejscRodzaj>Wieś</sln:miejscRodzaj><sln:powIIPId>1902b89c-e533-4c1e-957c-87f29075df06</sln:powIIPId><sln:powIIPPn>PL.PZGIK.200</sln:powIIPPn><sln:powIIPWersja>2012-09-27T08:13:53+02:00</sln:powIIPWersja><sln:powIdTeryt>1406</sln:powIdTeryt><sln:powNazwa>grójecki</sln:powNazwa><sln:waznyOd>2014-06-23T00:00:00+02:00</sln:waznyOd><sln:wojIIPId>4b6c492a-eb04-441d-a92a-f44359c06de7</sln:wojIIPId><sln:wojIIPPn>PL.PZGIK.200</sln:wojIIPPn><sln:wojIIPWersja>2012-09-27T13:45:13+02:00</sln:wojIIPWersja><sln:wojIdTeryt>14</sln:wojIdTeryt><sln:wojNazwa>mazowieckie</sln:wojNazwa></sln:miejscowosc><sln:miejscowosc><sln:cyklZyciaOd>2017-03-29T00:00:00+02:00</sln:cyklZyciaOd><sln:gmIIPId>1722d827-a63d-4161-b73a-fa21e79978df</sln:gmIIPId><sln:gmIIPPn>PL.PZGIK.200</sln:gmIIPPn><sln:gmIIPWersja>2012-09-26T21:57:51+02:00</sln:gmIIPWersja><sln:gmIdTeryt>1406073</sln:gmIdTeryt><sln:gmNazwa>Mogielnica</sln:gmNazwa><sln:miejscIIPId>dfaeb4e9-fd60-4839-9ee2-b500ed9396b9</sln:miejscIIPId><sln:miejscIIPPn>PL.PZGIK.200</sln:miejscIIPPn><sln:miejscIIPWersja>2017-03-29T10:44:38+02:00</sln:miejscIIPWersja><sln:miejscIdTeryt>0629442</sln:miejscIdTeryt><sln:miejscNazwa>Otalążka</sln:miejscNazwa><sln:miejscRodzaj>Wieś</sln:miejscRodzaj><sln:powIIPId>1902b89c-e533-4c1e-957c-87f29075df06</sln:powIIPId><sln:powIIPPn>PL.PZGIK.200</sln:powIIPPn><sln:powIIPWersja>2012-09-27T08:13:53+02:00</sln:powIIPWersja><sln:powIdTeryt>1406</sln:powIdTeryt><sln:powNazwa>grójecki</sln:powNazwa><sln:waznyOd>2014-06-23T00:00:00+02:00</sln:waznyOd><sln:wojIIPId>4b6c492a-eb04-441d-a92a-f44359c06de7</sln:wojIIPId><sln:wojIIPPn>PL.PZGIK.200</sln:wojIIPPn><sln:wojIIPWersja>2012-09-27T13:45:13+02:00</sln:wojIIPWersja><sln:wojIdTeryt>14</sln:wojIdTeryt><sln:wojNazwa>mazowieckie</sln:wojNazwa></sln:miejscowosc><sln:miejscowosc><sln:cyklZyciaOd>2017-03-29T00:00:00+02:00</sln:cyklZyciaOd><sln:gmIIPId>1722d827-a63d-4161-b73a-fa21e79978df</sln:gmIIPId><sln:gmIIPPn>PL.PZGIK.200</sln:gmIIPPn><sln:gmIIPWersja>2012-09-26T21:57:51+02:00</sln:gmIIPWersja><sln:gmIdTeryt>1406073</sln:gmIdTeryt><sln:gmNazwa>Mogielnica</sln:gmNazwa><sln:miejscIIPId>eb366b8d-67b2-4604-b338-14c97be38d45</sln:miejscIIPId><sln:miejscIIPPn>PL.PZGIK.200</sln:miejscIIPPn><sln:miejscIIPWersja>2017-03-29T10:44:38+02:00</sln:miejscIIPWersja><sln:miejscIdTeryt>0629459</sln:miejscIdTeryt><sln:miejscNazwa>Pawłowice</sln:miejscNazwa><sln:miejscRodzaj>Wieś</sln:miejscRodzaj><sln:powIIPId>1902b89c-e533-4c1e-957c-87f29075df06</sln:powIIPId><sln:powIIPPn>PL.PZGIK.200</sln:powIIPPn><sln:powIIPWersja>2012-09-27T08:13:53+02:00</sln:powIIPWersja><sln:powIdTeryt>1406</sln:powIdTeryt><sln:powNazwa>grójecki</sln:powNazwa><sln:waznyOd>2014-06-23T00:00:00+02:00</sln:waznyOd><sln:wojIIPId>4b6c492a-eb04-441d-a92a-f44359c06de7</sln:wojIIPId><sln:wojIIPPn>PL.PZGIK.200</sln:wojIIPPn><sln:wojIIPWersja>2012-09-27T13:45:13+02:00</sln:wojIIPWersja><sln:wojIdTeryt>14</sln:wojIdTeryt><sln:wojNazwa>mazowieckie</sln:wojNazwa></sln:miejscowosc><sln:miejscowosc><sln:cyklZyciaOd>2017-03-29T00:00:00+02:00</sln:cyklZyciaOd><sln:gmIIPId>1722d827-a63d-4161-b73a-fa21e79978df</sln:gmIIPId><sln:gmIIPPn>PL.PZGIK.200</sln:gmIIPPn><sln:gmIIPWersja>2012-09-26T21:57:51+02:00</sln:gmIIPWersja><sln:gmIdTeryt>1406073</sln:gmIdTeryt><sln:gmNazwa>Mogielnica</sln:gmNazwa><sln:miejscIIPId>b6f07af8-63bb-408b-a300-2cd2126ba9ca</sln:miejscIIPId><sln:miejscIIPPn>PL.PZGIK.200</sln:miejscIIPPn><sln:miejscIIPWersja>2017-03-29T10:44:39+02:00</sln:miejscIIPWersja><sln:miejscIdTeryt>0629465</sln:miejscIdTeryt><sln:miejscNazwa>Pączew</sln:miejscNazwa><sln:miejscRodzaj>Wieś</sln:miejscRodzaj><sln:powIIPId>1902b89c-e533-4c1e-957c-87f29075df06</sln:powIIPId><sln:powIIPPn>PL.PZGIK.200</sln:powIIPPn><sln:powIIPWersja>2012-09-27T08:13:53+02:00</sln:powIIPWersja><sln:powIdTeryt>1406</sln:powIdTeryt><sln:powNazwa>grójecki</sln:powNazwa><sln:waznyOd>2014-06-23T00:00:00+02:00</sln:waznyOd><sln:wojIIPId>4b6c492a-eb04-441d-a92a-f44359c06de7</sln:wojIIPId><sln:wojIIPPn>PL.PZGIK.200</sln:wojIIPPn><sln:wojIIPWersja>2012-09-27T13:45:13+02:00</sln:wojIIPWersja><sln:wojIdTeryt>14</sln:wojIdTeryt><sln:wojNazwa>mazowieckie</sln:wojNazwa></sln:miejscowosc><sln:miejscowosc><sln:cyklZyciaOd>2017-03-29T00:00:00+02:00</sln:cyklZyciaOd><sln:gmIIPId>1722d827-a63d-4161-b73a-fa21e79978df</sln:gmIIPId><sln:gmIIPPn>PL.PZGIK.200</sln:gmIIPPn><sln:gmIIPWersja>2012-09-26T21:57:51+02:00</sln:gmIIPWersja><sln:gmIdTeryt>1406073</sln:gmIdTeryt><sln:gmNazwa>Mogielnica</sln:gmNazwa><sln:miejscIIPId>ac225a94-c03d-46b2-b685-3dd1dfb9ca33</sln:miejscIIPId><sln:miejscIIPPn>PL.PZGIK.200</sln:miejscIIPPn><sln:miejscIIPWersja>2017-03-29T10:44:39+02:00</sln:miejscIIPWersja><sln:miejscIdTeryt>0629471</sln:miejscIdTeryt><sln:miejscNazwa>Popowice</sln:miejscNazwa><sln:miejscRodzaj>Wieś</sln:miejscRodzaj><sln:powIIPId>1902b89c-e533-4c1e-957c-87f29075df06</sln:powIIPId><sln:powIIPPn>PL.PZGIK.200</sln:powIIPPn><sln:powIIPWersja>2012-09-27T08:13:53+02:00</sln:powIIPWersja><sln:powIdTeryt>1406</sln:powIdTeryt><sln:powNazwa>grójecki</sln:powNazwa><sln:waznyOd>2014-06-23T00:00:00+02:00</sln:waznyOd><sln:wojIIPId>4b6c492a-eb04-441d-a92a-f44359c06de7</sln:wojIIPId><sln:wojIIPPn>PL.PZGIK.200</sln:wojIIPPn><sln:wojIIPWersja>2012-09-27T13:45:13+02:00</sln:wojIIPWersja><sln:wojIdTeryt>14</sln:wojIdTeryt><sln:wojNazwa>mazowieckie</sln:wojNazwa></sln:miejscowosc><sln:miejscowosc><sln:cyklZyciaOd>2017-03-29T00:00:00+02:00</sln:cyklZyciaOd><sln:gmIIPId>1722d827-a63d-4161-b73a-fa21e79978df</sln:gmIIPId><sln:gmIIPPn>PL.PZGIK.200</sln:gmIIPPn><sln:gmIIPWersja>2012-09-26T21:57:51+02:00</sln:gmIIPWersja><sln:gmIdTeryt>1406073</sln:gmIdTeryt><sln:gmNazwa>Mogielnica</sln:gmNazwa><sln:miejscIIPId>b868d38a-4a82-4cf4-bb47-e1552bb4784c</sln:miejscIIPId><sln:miejscIIPPn>PL.PZGIK.200</sln:miejscIIPPn><sln:miejscIIPWersja>2017-03-29T10:44:39+02:00</sln:miejscIIPWersja><sln:miejscIdTeryt>0629488</sln:miejscIdTeryt><sln:miejscNazwa>Stamirowice</sln:miejscNazwa><sln:miejscRodzaj>Wieś</sln:miejscRodzaj><sln:powIIPId>1902b89c-e533-4c1e-957c-87f29075df06</sln:powIIPId><sln:powIIPPn>PL.PZGIK.200</sln:powIIPPn><sln:powIIPWersja>2012-09-27T08:13:53+02:00</sln:powIIPWersja><sln:powIdTeryt>1406</sln:powIdTeryt><sln:powNazwa>grójecki</sln:powNazwa><sln:waznyOd>2014-06-23T00:00:00+02:00</sln:waznyOd><sln:wojIIPId>4b6c492a-eb04-441d-a92a-f44359c06de7</sln:wojIIPId><sln:wojIIPPn>PL.PZGIK.200</sln:wojIIPPn><sln:wojIIPWersja>2012-09-27T13:45:13+02:00</sln:wojIIPWersja><sln:wojIdTeryt>14</sln:wojIdTeryt><sln:wojNazwa>mazowieckie</sln:wojNazwa></sln:miejscowosc><sln:miejscowosc><sln:cyklZyciaOd>2017-03-29T00:00:00+02:00</sln:cyklZyciaOd><sln:gmIIPId>1722d827-a63d-4161-b73a-fa21e79978df</sln:gmIIPId><sln:gmIIPPn>PL.PZGIK.200</sln:gmIIPPn><sln:gmIIPWersja>2012-09-26T21:57:51+02:00</sln:gmIIPWersja><sln:gmIdTeryt>1406073</sln:gmIdTeryt><sln:gmNazwa>Mogielnica</sln:gmNazwa><sln:miejscIIPId>22533645-f6ab-4c5a-ba23-766ef8f57e78</sln:miejscIIPId><sln:miejscIIPPn>PL.PZGIK.200</sln:miejscIIPPn><sln:miejscIIPWersja>2017-03-29T10:44:39+02:00</sln:miejscIIPWersja><sln:miejscIdTeryt>0629494</sln:miejscIdTeryt><sln:miejscNazwa>Stryków</sln:miejscNazwa><sln:miejscRodzaj>Wieś</sln:miejscRodzaj><sln:powIIPId>1902b89c-e533-4c1e-957c-87f29075df06</sln:powIIPId><sln:powIIPPn>PL.PZGIK.200</sln:powIIPPn><sln:powIIPWersja>2012-09-27T08:13:53+02:00</sln:powIIPWersja><sln:powIdTeryt>1406</sln:powIdTeryt><sln:powNazwa>grójecki</sln:powNazwa><sln:waznyOd>2014-06-23T00:00:00+02:00</sln:waznyOd><sln:wojIIPId>4b6c492a-eb04-441d-a92a-f44359c06de7</sln:wojIIPId><sln:wojIIPPn>PL.PZGIK.200</sln:wojIIPPn><sln:wojIIPWersja>2012-09-27T13:45:13+02:00</sln:wojIIPWersja><sln:wojIdTeryt>14</sln:wojIdTeryt><sln:wojNazwa>mazowieckie</sln:wojNazwa></sln:miejscowosc><sln:miejscowosc><sln:cyklZyciaOd>2017-03-29T00:00:00+02:00</sln:cyklZyciaOd><sln:gmIIPId>1722d827-a63d-4161-b73a-fa21e79978df</sln:gmIIPId><sln:gmIIPPn>PL.PZGIK.200</sln:gmIIPPn><sln:gmIIPWersja>2012-09-26T21:57:51+02:00</sln:gmIIPWersja><sln:gmIdTeryt>1406073</sln:gmIdTeryt><sln:gmNazwa>Mogielnica</sln:gmNazwa><sln:miejscIIPId>0a85aa9a-b958-4666-ae53-1a49895b39b8</sln:miejscIIPId><sln:miejscIIPPn>PL.PZGIK.200</sln:miejscIIPPn><sln:miejscIIPWersja>2017-03-29T10:44:39+02:00</sln:miejscIIPWersja><sln:miejscIdTeryt>0629502</sln:miejscIdTeryt><sln:miejscNazwa>Ślepowola</sln:miejscNazwa><sln:miejscRodzaj>Wieś</sln:miejscRodzaj><sln:powIIPId>1902b89c-e533-4c1e-957c-87f29075df06</sln:powIIPId><sln:powIIPPn>PL.PZGIK.200</sln:powIIPPn><sln:powIIPWersja>2012-09-27T08:13:53+02:00</sln:powIIPWersja><sln:powIdTeryt>1406</sln:powIdTeryt><sln:powNazwa>grójecki</sln:powNazwa><sln:waznyOd>2014-06-23T00:00:00+02:00</sln:waznyOd><sln:wojIIPId>4b6c492a-eb04-441d-a92a-f44359c06de7</sln:wojIIPId><sln:wojIIPPn>PL.PZGIK.200</sln:wojIIPPn><sln:wojIIPWersja>2012-09-27T13:45:13+02:00</sln:wojIIPWersja><sln:wojIdTeryt>14</sln:wojIdTeryt><sln:wojNazwa>mazowieckie</sln:wojNazwa></sln:miejscowosc><sln:miejscowosc><sln:cyklZyciaOd>2017-03-29T00:00:00+02:00</sln:cyklZyciaOd><sln:gmIIPId>1722d827-a63d-4161-b73a-fa21e79978df</sln:gmIIPId><sln:gmIIPPn>PL.PZGIK.200</sln:gmIIPPn><sln:gmIIPWersja>2012-09-26T21:57:51+02:00</sln:gmIIPWersja><sln:gmIdTeryt>1406073</sln:gmIdTeryt><sln:gmNazwa>Mogielnica</sln:gmNazwa><sln:miejscIIPId>15cd6c6c-d2c8-4312-995b-eff1e175cbb0</sln:miejscIIPId><sln:miejscIIPPn>PL.PZGIK.200</sln:miejscIIPPn><sln:miejscIIPWersja>2017-03-29T10:44:39+02:00</sln:miejscIIPWersja><sln:miejscIdTeryt>0629519</sln:miejscIdTeryt><sln:miejscNazwa>Świdno</sln:miejscNazwa><sln:miejscRodzaj>Wieś</sln:miejscRodzaj><sln:powIIPId>1902b89c-e533-4c1e-957c-87f29075df06</sln:powIIPId><sln:powIIPPn>PL.PZGIK.200</sln:powIIPPn><sln:powIIPWersja>2012-09-27T08:13:53+02:00</sln:powIIPWersja><sln:powIdTeryt>1406</sln:powIdTeryt><sln:powNazwa>grójecki</sln:powNazwa><sln:waznyOd>2014-06-23T00:00:00+02:00</sln:waznyOd><sln:wojIIPId>4b6c492a-eb04-441d-a92a-f44359c06de7</sln:wojIIPId><sln:wojIIPPn>PL.PZGIK.200</sln:wojIIPPn><sln:wojIIPWersja>2012-09-27T13:45:13+02:00</sln:wojIIPWersja><sln:wojIdTeryt>14</sln:wojIdTeryt><sln:wojNazwa>mazowieckie</sln:wojNazwa></sln:miejscowosc><sln:miejscowosc><sln:cyklZyciaOd>2017-03-29T00:00:00+02:00</sln:cyklZyciaOd><sln:gmIIPId>1722d827-a63d-4161-b73a-fa21e79978df</sln:gmIIPId><sln:gmIIPPn>PL.PZGIK.200</sln:gmIIPPn><sln:gmIIPWersja>2012-09-26T21:57:51+02:00</sln:gmIIPWersja><sln:gmIdTeryt>1406073</sln:gmIdTeryt><sln:gmNazwa>Mogielnica</sln:gmNazwa><sln:miejscIIPId>75e2825a-e732-4dce-bb0f-73b89a339eba</sln:miejscIIPId><sln:miejscIIPPn>PL.PZGIK.200</sln:miejscIIPPn><sln:miejscIIPWersja>2017-03-29T10:44:39+02:00</sln:miejscIIPWersja><sln:miejscIdTeryt>0629525</sln:miejscIdTeryt><sln:miejscNazwa>Tomczyce</sln:miejscNazwa><sln:miejscRodzaj>Wieś</sln:miejscRodzaj><sln:powIIPId>1902b89c-e533-4c1e-957c-87f29075df06</sln:powIIPId><sln:powIIPPn>PL.PZGIK.200</sln:powIIPPn><sln:powIIPWersja>2012-09-27T08:13:53+02:00</sln:powIIPWersja><sln:powIdTeryt>1406</sln:powIdTeryt><sln:powNazwa>grójecki</sln:powNazwa><sln:waznyOd>2014-06-23T00:00:00+02:00</sln:waznyOd><sln:wojIIPId>4b6c492a-eb04-441d-a92a-f44359c06de7</sln:wojIIPId><sln:wojIIPPn>PL.PZGIK.200</sln:wojIIPPn><sln:wojIIPWersja>2012-09-27T13:45:13+02:00</sln:wojIIPWersja><sln:wojIdTeryt>14</sln:wojIdTeryt><sln:wojNazwa>mazowieckie</sln:wojNazwa></sln:miejscowosc><sln:miejscowosc><sln:cyklZyciaOd>2017-03-29T00:00:00+02:00</sln:cyklZyciaOd><sln:gmIIPId>1722d827-a63d-4161-b73a-fa21e79978df</sln:gmIIPId><sln:gmIIPPn>PL.PZGIK.200</sln:gmIIPPn><sln:gmIIPWersja>2012-09-26T21:57:51+02:00</sln:gmIIPWersja><sln:gmIdTeryt>1406073</sln:gmIdTeryt><sln:gmNazwa>Mogielnica</sln:gmNazwa><sln:miejscIIPId>fb77debf-d9d2-447e-8d20-a4fc0dbb91ed</sln:miejscIIPId><sln:miejscIIPPn>PL.PZGIK.200</sln:miejscIIPPn><sln:miejscIIPWersja>2017-03-29T10:44:39+02:00</sln:miejscIIPWersja><sln:miejscIdTeryt>0629531</sln:miejscIdTeryt><sln:miejscNazwa>Ulaski Gostomskie</sln:miejscNazwa><sln:miejscRodzaj>Wieś</sln:miejscRodzaj><sln:powIIPId>1902b89c-e533-4c1e-957c-87f29075df06</sln:powIIPId><sln:powIIPPn>PL.PZGIK.200</sln:powIIPPn><sln:powIIPWersja>2012-09-27T08:13:53+02:00</sln:powIIPWersja><sln:powIdTeryt>1406</sln:powIdTeryt><sln:powNazwa>grójecki</sln:powNazwa><sln:waznyOd>2014-06-23T00:00:00+02:00</sln:waznyOd><sln:wojIIPId>4b6c492a-eb04-441d-a92a-f44359c06de7</sln:wojIIPId><sln:wojIIPPn>PL.PZGIK.200</sln:wojIIPPn><sln:wojIIPWersja>2012-09-27T13:45:13+02:00</sln:wojIIPWersja><sln:wojIdTeryt>14</sln:wojIdTeryt><sln:wojNazwa>mazowieckie</sln:wojNazwa></sln:miejscowosc><sln:miejscowosc><sln:cyklZyciaOd>2017-03-29T00:00:00+02:00</sln:cyklZyciaOd><sln:gmIIPId>1722d827-a63d-4161-b73a-fa21e79978df</sln:gmIIPId><sln:gmIIPPn>PL.PZGIK.200</sln:gmIIPPn><sln:gmIIPWersja>2012-09-26T21:57:51+02:00</sln:gmIIPWersja><sln:gmIdTeryt>1406073</sln:gmIdTeryt><sln:gmNazwa>Mogielnica</sln:gmNazwa><sln:miejscIIPId>127cb4e0-194b-4e68-b840-13f65fd59816</sln:miejscIIPId><sln:miejscIIPPn>PL.PZGIK.200</sln:miejscIIPPn><sln:miejscIIPWersja>2017-03-29T10:44:39+02:00</sln:miejscIIPWersja><sln:miejscIdTeryt>0629548</sln:miejscIdTeryt><sln:miejscNazwa>Wężowiec</sln:miejscNazwa><sln:miejscRodzaj>Wieś</sln:miejscRodzaj><sln:powIIPId>1902b89c-e533-4c1e-957c-87f29075df06</sln:powIIPId><sln:powIIPPn>PL.PZGIK.200</sln:powIIPPn><sln:powIIPWersja>2012-09-27T08:13:53+02:00</sln:powIIPWersja><sln:powIdTeryt>1406</sln:powIdTeryt><sln:powNazwa>grójecki</sln:powNazwa><sln:waznyOd>2014-06-23T00:00:00+02:00</sln:waznyOd><sln:wojIIPId>4b6c492a-eb04-441d-a92a-f44359c06de7</sln:wojIIPId><sln:wojIIPPn>PL.PZGIK.200</sln:wojIIPPn><sln:wojIIPWersja>2012-09-27T13:45:13+02:00</sln:wojIIPWersja><sln:wojIdTeryt>14</sln:wojIdTeryt><sln:wojNazwa>mazowieckie</sln:wojNazwa></sln:miejscowosc><sln:miejscowosc><sln:cyklZyciaOd>2017-03-29T00:00:00+02:00</sln:cyklZyciaOd><sln:gmIIPId>1722d827-a63d-4161-b73a-fa21e79978df</sln:gmIIPId><sln:gmIIPPn>PL.PZGIK.200</sln:gmIIPPn><sln:gmIIPWersja>2012-09-26T21:57:51+02:00</sln:gmIIPWersja><sln:gmIdTeryt>1406073</sln:gmIdTeryt><sln:gmNazwa>Mogielnica</sln:gmNazwa><sln:miejscIIPId>4be3bfd9-6400-4ad0-9d2f-c142fa4cb9f5</sln:miejscIIPId><sln:miejscIIPPn>PL.PZGIK.200</sln:miejscIIPPn><sln:miejscIIPWersja>2017-03-29T10:44:39+02:00</sln:miejscIIPWersja><sln:miejscIdTeryt>0629554</sln:miejscIdTeryt><sln:miejscNazwa>Wodziczna</sln:miejscNazwa><sln:miejscRodzaj>Wieś</sln:miejscRodzaj><sln:powIIPId>1902b89c-e533-4c1e-957c-87f29075df06</sln:powIIPId><sln:powIIPPn>PL.PZGIK.200</sln:powIIPPn><sln:powIIPWersja>2012-09-27T08:13:53+02:00</sln:powIIPWersja><sln:powIdTeryt>1406</sln:powIdTeryt><sln:powNazwa>grójecki</sln:powNazwa><sln:waznyOd>2014-06-23T00:00:00+02:00</sln:waznyOd><sln:wojIIPId>4b6c492a-eb04-441d-a92a-f44359c06de7</sln:wojIIPId><sln:wojIIPPn>PL.PZGIK.200</sln:wojIIPPn><sln:wojIIPWersja>2012-09-27T13:45:13+02:00</sln:wojIIPWersja><sln:wojIdTeryt>14</sln:wojIdTeryt><sln:wojNazwa>mazowieckie</sln:wojNazwa></sln:miejscowosc><sln:miejscowosc><sln:cyklZyciaOd>2017-03-29T00:00:00+02:00</sln:cyklZyciaOd><sln:gmIIPId>1722d827-a63d-4161-b73a-fa21e79978df</sln:gmIIPId><sln:gmIIPPn>PL.PZGIK.200</sln:gmIIPPn><sln:gmIIPWersja>2012-09-26T21:57:51+02:00</sln:gmIIPWersja><sln:gmIdTeryt>1406073</sln:gmIdTeryt><sln:gmNazwa>Mogielnica</sln:gmNazwa><sln:miejscIIPId>bc59091f-7f49-4584-a25d-d18e3bae20f2</sln:miejscIIPId><sln:miejscIIPPn>PL.PZGIK.200</sln:miejscIIPPn><sln:miejscIIPWersja>2017-03-29T10:44:39+02:00</sln:miejscIIPWersja><sln:miejscIdTeryt>0629560</sln:miejscIdTeryt><sln:miejscNazwa>Wólka Gostomska</sln:miejscNazwa><sln:miejscRodzaj>Wieś</sln:miejscRodzaj><sln:powIIPId>1902b89c-e533-4c1e-957c-87f29075df06</sln:powIIPId><sln:powIIPPn>PL.PZGIK.200</sln:powIIPPn><sln:powIIPWersja>2012-09-27T08:13:53+02:00</sln:powIIPWersja><sln:powIdTeryt>1406</sln:powIdTeryt><sln:powNazwa>grójecki</sln:powNazwa><sln:waznyOd>2014-06-23T00:00:00+02:00</sln:waznyOd><sln:wojIIPId>4b6c492a-eb04-441d-a92a-f44359c06de7</sln:wojIIPId><sln:wojIIPPn>PL.PZGIK.200</sln:wojIIPPn><sln:wojIIPWersja>2012-09-27T13:45:13+02:00</sln:wojIIPWersja><sln:wojIdTeryt>14</sln:wojIdTeryt><sln:wojNazwa>mazowieckie</sln:wojNazwa></sln:miejscowosc><sln:miejscowosc><sln:cyklZyciaOd>2017-03-29T00:00:00+02:00</sln:cyklZyciaOd><sln:gmIIPId>1722d827-a63d-4161-b73a-fa21e79978df</sln:gmIIPId><sln:gmIIPPn>PL.PZGIK.200</sln:gmIIPPn><sln:gmIIPWersja>2012-09-26T21:57:51+02:00</sln:gmIIPWersja><sln:gmIdTeryt>1406073</sln:gmIdTeryt><sln:gmNazwa>Mogielnica</sln:gmNazwa><sln:miejscIIPId>24d8720a-1612-4336-b3ef-2e7ea3681a58</sln:miejscIIPId><sln:miejscIIPPn>PL.PZGIK.200</sln:miejscIIPPn><sln:miejscIIPWersja>2017-03-29T10:44:39+02:00</sln:miejscIIPWersja><sln:miejscIdTeryt>0973665</sln:miejscIdTeryt><sln:miejscNazwa>Mogielnica</sln:miejscNazwa><sln:miejscRodzaj>Miasto</sln:miejscRodzaj><sln:powIIPId>1902b89c-e533-4c1e-957c-87f29075df06</sln:powIIPId><sln:powIIPPn>PL.PZGIK.200</sln:powIIPPn><sln:powIIPWersja>2012-09-27T08:13:53+02:00</sln:powIIPWersja><sln:powIdTeryt>1406</sln:powIdTeryt><sln:powNazwa>grójecki</sln:powNazwa><sln:waznyOd>2014-06-23T00:00:00+02:00</sln:waznyOd><sln:wojIIPId>4b6c492a-eb04-441d-a92a-f44359c06de7</sln:wojIIPId><sln:wojIIPPn>PL.PZGIK.200</sln:wojIIPPn><sln:wojIIPWersja>2012-09-27T13:45:13+02:00</sln:wojIIPWersja><sln:wojIdTeryt>14</sln:wojIdTeryt><sln:wojNazwa>mazowieckie</sln:wojNazwa></sln:miejscowosc></sln:lista-miejscowosci>