<?xml version="1.0" encoding="UTF-8" standalone="yes"?><sln:lista-miejscowosci xmlns:srv="http://gugik.gov.pl/schemas/slowniki-service/1.0" xmlns:sln="http://gugik.gov.pl/schemas/slowniki-schema/1.0"><sln:miejscowosc><sln:cyklZyciaDo>2017-03-27T00:00:00+02:00</sln:cyklZyciaDo><sln:cyklZyciaOd>2015-03-02T00:00:00+01:00</sln:cyklZyciaOd><sln:gmIIPId>06729430-ab0a-4d54-8674-811fe69dd9dc</sln:gmIIPId><sln:gmIIPPn>PL.PZGIK.200</sln:gmIIPPn><sln:gmIIPWersja>2012-09-26T22:52:22+02:00</sln:gmIIPWersja><sln:gmIdTeryt>1412102</sln:gmIdTeryt><sln:gmNazwa>Latowicz</sln:gmNazwa><sln:miejscIIPId>908e605f-64f0-4260-a260-a9e12cb9b975</sln:miejscIIPId><sln:miejscIIPPn>PL.PZGIK.200</sln:miejscIIPPn><sln:miejscIIPWersja>2016-11-24T11:53:12+02:00</sln:miejscIIPWersja><sln:miejscIdTeryt>0677524</sln:miejscIdTeryt><sln:miejscNazwa>Borówek</sln:miejscNazwa><sln:miejscRodzaj>Inny obiekt</sln:miejscRodzaj><sln:powIIPId>990a47d4-e8f6-450c-9636-ea29e35cc404</sln:powIIPId><sln:powIIPPn>PL.PZGIK.200</sln:powIIPPn><sln:powIIPWersja>2012-09-27T08:13:53+02:00</sln:powIIPWersja><sln:powIdTeryt>1412</sln:powIdTeryt><sln:powNazwa>miński</sln:powNazwa><sln:waznyOd>2011-07-28T00:00:00+02:00</sln:waznyOd><sln:wojIIPId>4b6c492a-eb04-441d-a92a-f44359c06de7</sln:wojIIPId><sln:wojIIPPn>PL.PZGIK.200</sln:wojIIPPn><sln:wojIIPWersja>2012-09-27T13:45:13+02:00</sln:wojIIPWersja><sln:wojIdTeryt>14</sln:wojIdTeryt><sln:wojNazwa>mazowieckie</sln:wojNazwa></sln:miejscowosc><sln:miejscowosc><sln:cyklZyciaDo>2017-03-27T00:00:00+02:00</sln:cyklZyciaDo><sln:cyklZyciaOd>2015-03-02T00:00:00+01:00</sln:cyklZyciaOd><sln:gmIIPId>06729430-ab0a-4d54-8674-811fe69dd9dc</sln:gmIIPId><sln:gmIIPPn>PL.PZGIK.200</sln:gmIIPPn><sln:gmIIPWersja>2012-09-26T22:52:22+02:00</sln:gmIIPWersja><sln:gmIdTeryt>1412102</sln:gmIdTeryt><sln:gmNazwa>Latowicz</sln:gmNazwa><sln:miejscIIPId>286962fd-9e00-4d6b-b413-511b8ccaa5f0</sln:miejscIIPId><sln:miejscIIPPn>PL.PZGIK.200</sln:miejscIIPPn><sln:miejscIIPWersja>2016-11-24T11:53:12+02:00</sln:miejscIIPWersja><sln:miejscIdTeryt>0677530</sln:miejscIdTeryt><sln:miejscNazwa>Budy Wielgoleskie</sln:miejscNazwa><sln:miejscRodzaj>Inny obiekt</sln:miejscRodzaj><sln:powIIPId>990a47d4-e8f6-450c-9636-ea29e35cc404</sln:powIIPId><sln:powIIPPn>PL.PZGIK.200</sln:powIIPPn><sln:powIIPWersja>2012-09-27T08:13:53+02:00</sln:powIIPWersja><sln:powIdTeryt>1412</sln:powIdTeryt><sln:powNazwa>miński</sln:powNazwa><sln:waznyOd>2011-07-28T00:00:00+02:00</sln:waznyOd><sln:wojIIPId>4b6c492a-eb04-441d-a92a-f44359c06de7</sln:wojIIPId><sln:wojIIPPn>PL.PZGIK.200</sln:wojIIPPn><sln:wojIIPWersja>2012-09-27T13:45:13+02:00</sln:wojIIPWersja><sln:wojIdTeryt>14</sln:wojIdTeryt><sln:wojNazwa>mazowieckie</sln:wojNazwa></sln:miejscowosc><sln:miejscowosc><sln:cyklZyciaDo>2017-03-27T00:00:00+02:00</sln:cyklZyciaDo><sln:cyklZyciaOd>2015-03-02T00:00:00+01:00</sln:cyklZyciaOd><sln:gmIIPId>06729430-ab0a-4d54-8674-811fe69dd9dc</sln:gmIIPId><sln:gmIIPPn>PL.PZGIK.200</sln:gmIIPPn><sln:gmIIPWersja>2012-09-26T22:52:22+02:00</sln:gmIIPWersja><sln:gmIdTeryt>1412102</sln:gmIdTeryt><sln:gmNazwa>Latowicz</sln:gmNazwa><sln:miejscIIPId>2d00c584-befb-41d9-91b3-0f35e6e4238d</sln:miejscIIPId><sln:miejscIIPPn>PL.PZGIK.200</sln:miejscIIPPn><sln:miejscIIPWersja>2016-11-24T11:53:12+02:00</sln:miejscIIPWersja><sln:miejscIdTeryt>0677547</sln:miejscIdTeryt><sln:miejscNazwa>Budziska</sln:miejscNazwa><sln:miejscRodzaj>Inny obiekt</sln:miejscRodzaj><sln:powIIPId>990a47d4-e8f6-450c-9636-ea29e35cc404</sln:powIIPId><sln:powIIPPn>PL.PZGIK.200</sln:powIIPPn><sln:powIIPWersja>2012-09-27T08:13:53+02:00</sln:powIIPWersja><sln:powIdTeryt>1412</sln:powIdTeryt><sln:powNazwa>miński</sln:powNazwa><sln:waznyOd>2011-07-28T00:00:00+02:00</sln:waznyOd><sln:wojIIPId>4b6c492a-eb04-441d-a92a-f44359c06de7</sln:wojIIPId><sln:wojIIPPn>PL.PZGIK.200</sln:wojIIPPn><sln:wojIIPWersja>2012-09-27T13:45:13+02:00</sln:wojIIPWersja><sln:wojIdTeryt>14</sln:wojIdTeryt><sln:wojNazwa>mazowieckie</sln:wojNazwa></sln:miejscowosc><sln:miejscowosc><sln:cyklZyciaDo>2017-03-27T00:00:00+02:00</sln:cyklZyciaDo><sln:cyklZyciaOd>2015-03-02T00:00:00+01:00</sln:cyklZyciaOd><sln:gmIIPId>06729430-ab0a-4d54-8674-811fe69dd9dc</sln:gmIIPId><sln:gmIIPPn>PL.PZGIK.200</sln:gmIIPPn><sln:gmIIPWersja>2012-09-26T22:52:22+02:00</sln:gmIIPWersja><sln:gmIdTeryt>1412102</sln:gmIdTeryt><sln:gmNazwa>Latowicz</sln:gmNazwa><sln:miejscIIPId>1851c1b5-b3fb-4611-b485-c7e4ffa4523e</sln:miejscIIPId><sln:miejscIIPPn>PL.PZGIK.200</sln:miejscIIPPn><sln:miejscIIPWersja>2016-11-24T11:53:12+02:00</sln:miejscIIPWersja><sln:miejscIdTeryt>0677553</sln:miejscIdTeryt><sln:miejscNazwa>Chyżyny</sln:miejscNazwa><sln:miejscRodzaj>Inny obiekt</sln:miejscRodzaj><sln:powIIPId>990a47d4-e8f6-450c-9636-ea29e35cc404</sln:powIIPId><sln:powIIPPn>PL.PZGIK.200</sln:powIIPPn><sln:powIIPWersja>2012-09-27T08:13:53+02:00</sln:powIIPWersja><sln:powIdTeryt>1412</sln:powIdTeryt><sln:powNazwa>miński</sln:powNazwa><sln:waznyOd>2011-07-28T00:00:00+02:00</sln:waznyOd><sln:wojIIPId>4b6c492a-eb04-441d-a92a-f44359c06de7</sln:wojIIPId><sln:wojIIPPn>PL.PZGIK.200</sln:wojIIPPn><sln:wojIIPWersja>2012-09-27T13:45:13+02:00</sln:wojIIPWersja><sln:wojIdTeryt>14</sln:wojIdTeryt><sln:wojNazwa>mazowieckie</sln:wojNazwa></sln:miejscowosc><sln:miejscowosc><sln:cyklZyciaDo>2017-03-27T00:00:00+02:00</sln:cyklZyciaDo><sln:cyklZyciaOd>2015-03-02T00:00:00+01:00</sln:cyklZyciaOd><sln:gmIIPId>06729430-ab0a-4d54-8674-811fe69dd9dc</sln:gmIIPId><sln:gmIIPPn>PL.PZGIK.200</sln:gmIIPPn><sln:gmIIPWersja>2012-09-26T22:52:22+02:00</sln:gmIIPWersja><sln:gmIdTeryt>1412102</sln:gmIdTeryt><sln:gmNazwa>Latowicz</sln:gmNazwa><sln:miejscIIPId>d3bbf821-2444-41a4-af62-dc9d0c22b653</sln:miejscIIPId><sln:miejscIIPPn>PL.PZGIK.200</sln:miejscIIPPn><sln:miejscIIPWersja>2016-11-24T11:53:12+02:00</sln:miejscIIPWersja><sln:miejscIdTeryt>0677560</sln:miejscIdTeryt><sln:miejscNazwa>Dąbrówka</sln:miejscNazwa><sln:miejscRodzaj>Inny obiekt</sln:miejscRodzaj><sln:powIIPId>990a47d4-e8f6-450c-9636-ea29e35cc404</sln:powIIPId><sln:powIIPPn>PL.PZGIK.200</sln:powIIPPn><sln:powIIPWersja>2012-09-27T08:13:53+02:00</sln:powIIPWersja><sln:powIdTeryt>1412</sln:powIdTeryt><sln:powNazwa>miński</sln:powNazwa><sln:waznyOd>2011-07-28T00:00:00+02:00</sln:waznyOd><sln:wojIIPId>4b6c492a-eb04-441d-a92a-f44359c06de7</sln:wojIIPId><sln:wojIIPPn>PL.PZGIK.200</sln:wojIIPPn><sln:wojIIPWersja>2012-09-27T13:45:13+02:00</sln:wojIIPWersja><sln:wojIdTeryt>14</sln:wojIdTeryt><sln:wojNazwa>mazowieckie</sln:wojNazwa></sln:miejscowosc><sln:miejscowosc><sln:cyklZyciaDo>2017-03-27T00:00:00+02:00</sln:cyklZyciaDo><sln:cyklZyciaOd>2015-03-02T00:00:00+01:00</sln:cyklZyciaOd><sln:gmIIPId>06729430-ab0a-4d54-8674-811fe69dd9dc</sln:gmIIPId><sln:gmIIPPn>PL.PZGIK.200</sln:gmIIPPn><sln:gmIIPWersja>2012-09-26T22:52:22+02:00</sln:gmIIPWersja><sln:gmIdTeryt>1412102</sln:gmIdTeryt><sln:gmNazwa>Latowicz</sln:gmNazwa><sln:miejscIIPId>3de6d956-aac8-451f-904c-7dec35e30b3d</sln:miejscIIPId><sln:miejscIIPPn>PL.PZGIK.200</sln:miejscIIPPn><sln:miejscIIPWersja>2016-11-24T11:53:12+02:00</sln:miejscIIPWersja><sln:miejscIdTeryt>0677576</sln:miejscIdTeryt><sln:miejscNazwa>Dębe Małe</sln:miejscNazwa><sln:miejscRodzaj>Inny obiekt</sln:miejscRodzaj><sln:powIIPId>990a47d4-e8f6-450c-9636-ea29e35cc404</sln:powIIPId><sln:powIIPPn>PL.PZGIK.200</sln:powIIPPn><sln:powIIPWersja>2012-09-27T08:13:53+02:00</sln:powIIPWersja><sln:powIdTeryt>1412</sln:powIdTeryt><sln:powNazwa>miński</sln:powNazwa><sln:waznyOd>2011-07-28T00:00:00+02:00</sln:waznyOd><sln:wojIIPId>4b6c492a-eb04-441d-a92a-f44359c06de7</sln:wojIIPId><sln:wojIIPPn>PL.PZGIK.200</sln:wojIIPPn><sln:wojIIPWersja>2012-09-27T13:45:13+02:00</sln:wojIIPWersja><sln:wojIdTeryt>14</sln:wojIdTeryt><sln:wojNazwa>mazowieckie</sln:wojNazwa></sln:miejscowosc><sln:miejscowosc><sln:cyklZyciaDo>2017-03-27T00:00:00+02:00</sln:cyklZyciaDo><sln:cyklZyciaOd>2015-03-02T00:00:00+01:00</sln:cyklZyciaOd><sln:gmIIPId>06729430-ab0a-4d54-8674-811fe69dd9dc</sln:gmIIPId><sln:gmIIPPn>PL.PZGIK.200</sln:gmIIPPn><sln:gmIIPWersja>2012-09-26T22:52:22+02:00</sln:gmIIPWersja><sln:gmIdTeryt>1412102</sln:gmIdTeryt><sln:gmNazwa>Latowicz</sln:gmNazwa><sln:miejscIIPId>6b4e68b9-4b8c-4dfd-957a-2fb6343a5c27</sln:miejscIIPId><sln:miejscIIPPn>PL.PZGIK.200</sln:miejscIIPPn><sln:miejscIIPWersja>2016-11-24T11:53:12+02:00</sln:miejscIIPWersja><sln:miejscIdTeryt>0677607</sln:miejscIdTeryt><sln:miejscNazwa>Generałowo</sln:miejscNazwa><sln:miejscRodzaj>Inny obiekt</sln:miejscRodzaj><sln:powIIPId>990a47d4-e8f6-450c-9636-ea29e35cc404</sln:powIIPId><sln:powIIPPn>PL.PZGIK.200</sln:powIIPPn><sln:powIIPWersja>2012-09-27T08:13:53+02:00</sln:powIIPWersja><sln:powIdTeryt>1412</sln:powIdTeryt><sln:powNazwa>miński</sln:powNazwa><sln:waznyOd>2011-07-28T00:00:00+02:00</sln:waznyOd><sln:wojIIPId>4b6c492a-eb04-441d-a92a-f44359c06de7</sln:wojIIPId><sln:wojIIPPn>PL.PZGIK.200</sln:wojIIPPn><sln:wojIIPWersja>2012-09-27T13:45:13+02:00</sln:wojIIPWersja><sln:wojIdTeryt>14</sln:wojIdTeryt><sln:wojNazwa>mazowieckie</sln:wojNazwa></sln:miejscowosc><sln:miejscowosc><sln:cyklZyciaDo>2017-03-27T00:00:00+02:00</sln:cyklZyciaDo><sln:cyklZyciaOd>2015-03-02T00:00:00+01:00</sln:cyklZyciaOd><sln:gmIIPId>06729430-ab0a-4d54-8674-811fe69dd9dc</sln:gmIIPId><sln:gmIIPPn>PL.PZGIK.200</sln:gmIIPPn><sln:gmIIPWersja>2012-09-26T22:52:22+02:00</sln:gmIIPWersja><sln:gmIdTeryt>1412102</sln:gmIdTeryt><sln:gmNazwa>Latowicz</sln:gmNazwa><sln:miejscIIPId>7dcabab4-2da0-44df-9796-4dbf78309e70</sln:miejscIIPId><sln:miejscIIPPn>PL.PZGIK.200</sln:miejscIIPPn><sln:miejscIIPWersja>2016-11-24T11:53:12+02:00</sln:miejscIIPWersja><sln:miejscIdTeryt>0677613</sln:miejscIdTeryt><sln:miejscNazwa>Gołełąki</sln:miejscNazwa><sln:miejscRodzaj>Inny obiekt</sln:miejscRodzaj><sln:powIIPId>990a47d4-e8f6-450c-9636-ea29e35cc404</sln:powIIPId><sln:powIIPPn>PL.PZGIK.200</sln:powIIPPn><sln:powIIPWersja>2012-09-27T08:13:53+02:00</sln:powIIPWersja><sln:powIdTeryt>1412</sln:powIdTeryt><sln:powNazwa>miński</sln:powNazwa><sln:waznyOd>2011-07-28T00:00:00+02:00</sln:waznyOd><sln:wojIIPId>4b6c492a-eb04-441d-a92a-f44359c06de7</sln:wojIIPId><sln:wojIIPPn>PL.PZGIK.200</sln:wojIIPPn><sln:wojIIPWersja>2012-09-27T13:45:13+02:00</sln:wojIIPWersja><sln:wojIdTeryt>14</sln:wojIdTeryt><sln:wojNazwa>mazowieckie</sln:wojNazwa></sln:miejscowosc><sln:miejscowosc><sln:cyklZyciaDo>2017-03-27T00:00:00+02:00</sln:cyklZyciaDo><sln:cyklZyciaOd>2015-03-02T00:00:00+01:00</sln:cyklZyciaOd><sln:gmIIPId>06729430-ab0a-4d54-8674-811fe69dd9dc</sln:gmIIPId><sln:gmIIPPn>PL.PZGIK.200</sln:gmIIPPn><sln:gmIIPWersja>2012-09-26T22:52:22+02:00</sln:gmIIPWersja><sln:gmIdTeryt>1412102</sln:gmIdTeryt><sln:gmNazwa>Latowicz</sln:gmNazwa><sln:miejscIIPId>f67068ac-c965-42cd-955c-c455bd4d37df</sln:miejscIIPId><sln:miejscIIPPn>PL.PZGIK.200</sln:miejscIIPPn><sln:miejscIIPWersja>2016-11-24T11:53:12+02:00</sln:miejscIIPWersja><sln:miejscIdTeryt>0677620</sln:miejscIdTeryt><sln:miejscNazwa>Kamionka</sln:miejscNazwa><sln:miejscRodzaj>Inny obiekt</sln:miejscRodzaj><sln:powIIPId>990a47d4-e8f6-450c-9636-ea29e35cc404</sln:powIIPId><sln:powIIPPn>PL.PZGIK.200</sln:powIIPPn><sln:powIIPWersja>2012-09-27T08:13:53+02:00</sln:powIIPWersja><sln:powIdTeryt>1412</sln:powIdTeryt><sln:powNazwa>miński</sln:powNazwa><sln:waznyOd>2011-07-28T00:00:00+02:00</sln:waznyOd><sln:wojIIPId>4b6c492a-eb04-441d-a92a-f44359c06de7</sln:wojIIPId><sln:wojIIPPn>PL.PZGIK.200</sln:wojIIPPn><sln:wojIIPWersja>2012-09-27T13:45:13+02:00</sln:wojIIPWersja><sln:wojIdTeryt>14</sln:wojIdTeryt><sln:wojNazwa>mazowieckie</sln:wojNazwa></sln:miejscowosc><sln:miejscowosc><sln:cyklZyciaDo>2017-03-27T00:00:00+02:00</sln:cyklZyciaDo><sln:cyklZyciaOd>2015-03-02T00:00:00+01:00</sln:cyklZyciaOd><sln:gmIIPId>06729430-ab0a-4d54-8674-811fe69dd9dc</sln:gmIIPId><sln:gmIIPPn>PL.PZGIK.200</sln:gmIIPPn><sln:gmIIPWersja>2012-09-26T22:52:22+02:00</sln:gmIIPWersja><sln:gmIdTeryt>1412102</sln:gmIdTeryt><sln:gmNazwa>Latowicz</sln:gmNazwa><sln:miejscIIPId>1f2a67b0-4efe-414a-bb5b-ec8b51c87a40</sln:miejscIIPId><sln:miejscIIPPn>PL.PZGIK.200</sln:miejscIIPPn><sln:miejscIIPWersja>2016-11-24T11:53:12+02:00</sln:miejscIIPWersja><sln:miejscIdTeryt>0677636</sln:miejscIdTeryt><sln:miejscNazwa>Latowicz</sln:miejscNazwa><sln:miejscRodzaj>Inny obiekt</sln:miejscRodzaj><sln:powIIPId>990a47d4-e8f6-450c-9636-ea29e35cc404</sln:powIIPId><sln:powIIPPn>PL.PZGIK.200</sln:powIIPPn><sln:powIIPWersja>2012-09-27T08:13:53+02:00</sln:powIIPWersja><sln:powIdTeryt>1412</sln:powIdTeryt><sln:powNazwa>miński</sln:powNazwa><sln:waznyOd>2011-07-28T00:00:00+02:00</sln:waznyOd><sln:wojIIPId>4b6c492a-eb04-441d-a92a-f44359c06de7</sln:wojIIPId><sln:wojIIPPn>PL.PZGIK.200</sln:wojIIPPn><sln:wojIIPWersja>2012-09-27T13:45:13+02:00</sln:wojIIPWersja><sln:wojIdTeryt>14</sln:wojIdTeryt><sln:wojNazwa>mazowieckie</sln:wojNazwa></sln:miejscowosc><sln:miejscowosc><sln:cyklZyciaDo>2017-03-27T00:00:00+02:00</sln:cyklZyciaDo><sln:cyklZyciaOd>2015-03-02T00:00:00+01:00</sln:cyklZyciaOd><sln:gmIIPId>06729430-ab0a-4d54-8674-811fe69dd9dc</sln:gmIIPId><sln:gmIIPPn>PL.PZGIK.200</sln:gmIIPPn><sln:gmIIPWersja>2012-09-26T22:52:22+02:00</sln:gmIIPWersja><sln:gmIdTeryt>1412102</sln:gmIdTeryt><sln:gmNazwa>Latowicz</sln:gmNazwa><sln:miejscIIPId>18c3934f-0e3b-4daf-816c-1235d6668e1b</sln:miejscIIPId><sln:miejscIIPPn>PL.PZGIK.200</sln:miejscIIPPn><sln:miejscIIPWersja>2016-11-24T11:53:12+02:00</sln:miejscIIPWersja><sln:miejscIdTeryt>0677694</sln:miejscIdTeryt><sln:miejscNazwa>Oleksianka</sln:miejscNazwa><sln:miejscRodzaj>Inny obiekt</sln:miejscRodzaj><sln:powIIPId>990a47d4-e8f6-450c-9636-ea29e35cc404</sln:powIIPId><sln:powIIPPn>PL.PZGIK.200</sln:powIIPPn><sln:powIIPWersja>2012-09-27T08:13:53+02:00</sln:powIIPWersja><sln:powIdTeryt>1412</sln:powIdTeryt><sln:powNazwa>miński</sln:powNazwa><sln:waznyOd>2011-07-28T00:00:00+02:00</sln:waznyOd><sln:wojIIPId>4b6c492a-eb04-441d-a92a-f44359c06de7</sln:wojIIPId><sln:wojIIPPn>PL.PZGIK.200</sln:wojIIPPn><sln:wojIIPWersja>2012-09-27T13:45:13+02:00</sln:wojIIPWersja><sln:wojIdTeryt>14</sln:wojIdTeryt><sln:wojNazwa>mazowieckie</sln:wojNazwa></sln:miejscowosc><sln:miejscowosc><sln:cyklZyciaDo>2017-03-27T00:00:00+02:00</sln:cyklZyciaDo><sln:cyklZyciaOd>2015-03-02T00:00:00+01:00</sln:cyklZyciaOd><sln:gmIIPId>06729430-ab0a-4d54-8674-811fe69dd9dc</sln:gmIIPId><sln:gmIIPPn>PL.PZGIK.200</sln:gmIIPPn><sln:gmIIPWersja>2012-09-26T22:52:22+02:00</sln:gmIIPWersja><sln:gmIdTeryt>1412102</sln:gmIdTeryt><sln:gmNazwa>Latowicz</sln:gmNazwa><sln:miejscIIPId>a0c74ff8-fad6-4080-801a-fd5c7fce6698</sln:miejscIIPId><sln:miejscIIPPn>PL.PZGIK.200</sln:miejscIIPPn><sln:miejscIIPWersja>2016-11-24T11:53:12+02:00</sln:miejscIIPWersja><sln:miejscIdTeryt>0677719</sln:miejscIdTeryt><sln:miejscNazwa>Redzyńskie</sln:miejscNazwa><sln:miejscRodzaj>Inny obiekt</sln:miejscRodzaj><sln:powIIPId>990a47d4-e8f6-450c-9636-ea29e35cc404</sln:powIIPId><sln:powIIPPn>PL.PZGIK.200</sln:powIIPPn><sln:powIIPWersja>2012-09-27T08:13:53+02:00</sln:powIIPWersja><sln:powIdTeryt>1412</sln:powIdTeryt><sln:powNazwa>miński</sln:powNazwa><sln:waznyOd>2011-07-28T00:00:00+02:00</sln:waznyOd><sln:wojIIPId>4b6c492a-eb04-441d-a92a-f44359c06de7</sln:wojIIPId><sln:wojIIPPn>PL.PZGIK.200</sln:wojIIPPn><sln:wojIIPWersja>2012-09-27T13:45:13+02:00</sln:wojIIPWersja><sln:wojIdTeryt>14</sln:wojIdTeryt><sln:wojNazwa>mazowieckie</sln:wojNazwa></sln:miejscowosc><sln:miejscowosc><sln:cyklZyciaDo>2017-03-27T00:00:00+02:00</sln:cyklZyciaDo><sln:cyklZyciaOd>2015-03-02T00:00:00+01:00</sln:cyklZyciaOd><sln:gmIIPId>06729430-ab0a-4d54-8674-811fe69dd9dc</sln:gmIIPId><sln:gmIIPPn>PL.PZGIK.200</sln:gmIIPPn><sln:gmIIPWersja>2012-09-26T22:52:22+02:00</sln:gmIIPWersja><sln:gmIdTeryt>1412102</sln:gmIdTeryt><sln:gmNazwa>Latowicz</sln:gmNazwa><sln:miejscIIPId>bad3d06d-070f-4cb9-a3d2-5b30d3ad8a8e</sln:miejscIIPId><sln:miejscIIPPn>PL.PZGIK.200</sln:miejscIIPPn><sln:miejscIIPWersja>2016-11-24T11:53:12+02:00</sln:miejscIIPWersja><sln:miejscIdTeryt>0677731</sln:miejscIdTeryt><sln:miejscNazwa>Stawek</sln:miejscNazwa><sln:miejscRodzaj>Inny obiekt</sln:miejscRodzaj><sln:powIIPId>990a47d4-e8f6-450c-9636-ea29e35cc404</sln:powIIPId><sln:powIIPPn>PL.PZGIK.200</sln:powIIPPn><sln:powIIPWersja>2012-09-27T08:13:53+02:00</sln:powIIPWersja><sln:powIdTeryt>1412</sln:powIdTeryt><sln:powNazwa>miński</sln:powNazwa><sln:waznyOd>2011-07-28T00:00:00+02:00</sln:waznyOd><sln:wojIIPId>4b6c492a-eb04-441d-a92a-f44359c06de7</sln:wojIIPId><sln:wojIIPPn>PL.PZGIK.200</sln:wojIIPPn><sln:wojIIPWersja>2012-09-27T13:45:13+02:00</sln:wojIIPWersja><sln:wojIdTeryt>14</sln:wojIdTeryt><sln:wojNazwa>mazowieckie</sln:wojNazwa></sln:miejscowosc><sln:miejscowosc><sln:cyklZyciaDo>2017-03-27T00:00:00+02:00</sln:cyklZyciaDo><sln:cyklZyciaOd>2015-03-02T00:00:00+01:00</sln:cyklZyciaOd><sln:gmIIPId>06729430-ab0a-4d54-8674-811fe69dd9dc</sln:gmIIPId><sln:gmIIPPn>PL.PZGIK.200</sln:gmIIPPn><sln:gmIIPWersja>2012-09-26T22:52:22+02:00</sln:gmIIPWersja><sln:gmIdTeryt>1412102</sln:gmIdTeryt><sln:gmNazwa>Latowicz</sln:gmNazwa><sln:miejscIIPId>afb46cf2-dff4-412b-8716-8fccbde78287</sln:miejscIIPId><sln:miejscIIPPn>PL.PZGIK.200</sln:miejscIIPPn><sln:miejscIIPWersja>2016-11-24T11:53:12+02:00</sln:miejscIIPWersja><sln:miejscIdTeryt>0677754</sln:miejscIdTeryt><sln:miejscNazwa>Strachomin</sln:miejscNazwa><sln:miejscRodzaj>Inny obiekt</sln:miejscRodzaj><sln:powIIPId>990a47d4-e8f6-450c-9636-ea29e35cc404</sln:powIIPId><sln:powIIPPn>PL.PZGIK.200</sln:powIIPPn><sln:powIIPWersja>2012-09-27T08:13:53+02:00</sln:powIIPWersja><sln:powIdTeryt>1412</sln:powIdTeryt><sln:powNazwa>miński</sln:powNazwa><sln:waznyOd>2011-07-28T00:00:00+02:00</sln:waznyOd><sln:wojIIPId>4b6c492a-eb04-441d-a92a-f44359c06de7</sln:wojIIPId><sln:wojIIPPn>PL.PZGIK.200</sln:wojIIPPn><sln:wojIIPWersja>2012-09-27T13:45:13+02:00</sln:wojIIPWersja><sln:wojIdTeryt>14</sln:wojIdTeryt><sln:wojNazwa>mazowieckie</sln:wojNazwa></sln:miejscowosc><sln:miejscowosc><sln:cyklZyciaDo>2017-03-27T00:00:00+02:00</sln:cyklZyciaDo><sln:cyklZyciaOd>2015-03-02T00:00:00+01:00</sln:cyklZyciaOd><sln:gmIIPId>06729430-ab0a-4d54-8674-811fe69dd9dc</sln:gmIIPId><sln:gmIIPPn>PL.PZGIK.200</sln:gmIIPPn><sln:gmIIPWersja>2012-09-26T22:52:22+02:00</sln:gmIIPWersja><sln:gmIdTeryt>1412102</sln:gmIdTeryt><sln:gmNazwa>Latowicz</sln:gmNazwa><sln:miejscIIPId>87e6bc91-28f1-435a-8657-f860c43c3659</sln:miejscIIPId><sln:miejscIIPPn>PL.PZGIK.200</sln:miejscIIPPn><sln:miejscIIPWersja>2016-11-24T11:53:12+02:00</sln:miejscIIPWersja><sln:miejscIdTeryt>0677760</sln:miejscIdTeryt><sln:miejscNazwa>Transbór</sln:miejscNazwa><sln:miejscRodzaj>Inny obiekt</sln:miejscRodzaj><sln:powIIPId>990a47d4-e8f6-450c-9636-ea29e35cc404</sln:powIIPId><sln:powIIPPn>PL.PZGIK.200</sln:powIIPPn><sln:powIIPWersja>2012-09-27T08:13:53+02:00</sln:powIIPWersja><sln:powIdTeryt>1412</sln:powIdTeryt><sln:powNazwa>miński</sln:powNazwa><sln:waznyOd>2011-07-28T00:00:00+02:00</sln:waznyOd><sln:wojIIPId>4b6c492a-eb04-441d-a92a-f44359c06de7</sln:wojIIPId><sln:wojIIPPn>PL.PZGIK.200</sln:wojIIPPn><sln:wojIIPWersja>2012-09-27T13:45:13+02:00</sln:wojIIPWersja><sln:wojIdTeryt>14</sln:wojIdTeryt><sln:wojNazwa>mazowieckie</sln:wojNazwa></sln:miejscowosc><sln:miejscowosc><sln:cyklZyciaDo>2017-03-27T00:00:00+02:00</sln:cyklZyciaDo><sln:cyklZyciaOd>2015-03-02T00:00:00+01:00</sln:cyklZyciaOd><sln:gmIIPId>06729430-ab0a-4d54-8674-811fe69dd9dc</sln:gmIIPId><sln:gmIIPPn>PL.PZGIK.200</sln:gmIIPPn><sln:gmIIPWersja>2012-09-26T22:52:22+02:00</sln:gmIIPWersja><sln:gmIdTeryt>1412102</sln:gmIdTeryt><sln:gmNazwa>Latowicz</sln:gmNazwa><sln:miejscIIPId>256a3a52-0d12-404a-8fec-2521a75f6c17</sln:miejscIIPId><sln:miejscIIPPn>PL.PZGIK.200</sln:miejscIIPPn><sln:miejscIIPWersja>2016-11-24T11:53:12+02:00</sln:miejscIIPWersja><sln:miejscIdTeryt>0677777</sln:miejscIdTeryt><sln:miejscNazwa>Waliska</sln:miejscNazwa><sln:miejscRodzaj>Inny obiekt</sln:miejscRodzaj><sln:powIIPId>990a47d4-e8f6-450c-9636-ea29e35cc404</sln:powIIPId><sln:powIIPPn>PL.PZGIK.200</sln:powIIPPn><sln:powIIPWersja>2012-09-27T08:13:53+02:00</sln:powIIPWersja><sln:powIdTeryt>1412</sln:powIdTeryt><sln:powNazwa>miński</sln:powNazwa><sln:waznyOd>2011-07-28T00:00:00+02:00</sln:waznyOd><sln:wojIIPId>4b6c492a-eb04-441d-a92a-f44359c06de7</sln:wojIIPId><sln:wojIIPPn>PL.PZGIK.200</sln:wojIIPPn><sln:wojIIPWersja>2012-09-27T13:45:13+02:00</sln:wojIIPWersja><sln:wojIdTeryt>14</sln:wojIdTeryt><sln:wojNazwa>mazowieckie</sln:wojNazwa></sln:miejscowosc><sln:miejscowosc><sln:cyklZyciaDo>2017-03-27T00:00:00+02:00</sln:cyklZyciaDo><sln:cyklZyciaOd>2015-03-02T00:00:00+01:00</sln:cyklZyciaOd><sln:gmIIPId>06729430-ab0a-4d54-8674-811fe69dd9dc</sln:gmIIPId><sln:gmIIPPn>PL.PZGIK.200</sln:gmIIPPn><sln:gmIIPWersja>2012-09-26T22:52:22+02:00</sln:gmIIPWersja><sln:gmIdTeryt>1412102</sln:gmIdTeryt><sln:gmNazwa>Latowicz</sln:gmNazwa><sln:miejscIIPId>eaa06c57-050d-4a2e-bc5b-9313bcaada45</sln:miejscIIPId><sln:miejscIIPPn>PL.PZGIK.200</sln:miejscIIPPn><sln:miejscIIPWersja>2016-11-24T11:53:12+02:00</sln:miejscIIPWersja><sln:miejscIdTeryt>0677783</sln:miejscIdTeryt><sln:miejscNazwa>Wężyczyn</sln:miejscNazwa><sln:miejscRodzaj>Inny obiekt</sln:miejscRodzaj><sln:powIIPId>990a47d4-e8f6-450c-9636-ea29e35cc404</sln:powIIPId><sln:powIIPPn>PL.PZGIK.200</sln:powIIPPn><sln:powIIPWersja>2012-09-27T08:13:53+02:00</sln:powIIPWersja><sln:powIdTeryt>1412</sln:powIdTeryt><sln:powNazwa>miński</sln:powNazwa><sln:waznyOd>2011-07-28T00:00:00+02:00</sln:waznyOd><sln:wojIIPId>4b6c492a-eb04-441d-a92a-f44359c06de7</sln:wojIIPId><sln:wojIIPPn>PL.PZGIK.200</sln:wojIIPPn><sln:wojIIPWersja>2012-09-27T13:45:13+02:00</sln:wojIIPWersja><sln:wojIdTeryt>14</sln:wojIdTeryt><sln:wojNazwa>mazowieckie</sln:wojNazwa></sln:miejscowosc><sln:miejscowosc><sln:cyklZyciaDo>2017-03-27T00:00:00+02:00</sln:cyklZyciaDo><sln:cyklZyciaOd>2015-03-02T00:00:00+01:00</sln:cyklZyciaOd><sln:gmIIPId>06729430-ab0a-4d54-8674-811fe69dd9dc</sln:gmIIPId><sln:gmIIPPn>PL.PZGIK.200</sln:gmIIPPn><sln:gmIIPWersja>2012-09-26T22:52:22+02:00</sln:gmIIPWersja><sln:gmIdTeryt>1412102</sln:gmIdTeryt><sln:gmNazwa>Latowicz</sln:gmNazwa><sln:miejscIIPId>86cbc7d8-a69d-448e-b7f3-97c97c5b4ce1</sln:miejscIIPId><sln:miejscIIPPn>PL.PZGIK.200</sln:miejscIIPPn><sln:miejscIIPWersja>2016-11-24T11:53:12+02:00</sln:miejscIIPWersja><sln:miejscIdTeryt>0677790</sln:miejscIdTeryt><sln:miejscNazwa>Wielgolas</sln:miejscNazwa><sln:miejscRodzaj>Inny obiekt</sln:miejscRodzaj><sln:powIIPId>990a47d4-e8f6-450c-9636-ea29e35cc404</sln:powIIPId><sln:powIIPPn>PL.PZGIK.200</sln:powIIPPn><sln:powIIPWersja>2012-09-27T08:13:53+02:00</sln:powIIPWersja><sln:powIdTeryt>1412</sln:powIdTeryt><sln:powNazwa>miński</sln:powNazwa><sln:waznyOd>2011-07-28T00:00:00+02:00</sln:waznyOd><sln:wojIIPId>4b6c492a-eb04-441d-a92a-f44359c06de7</sln:wojIIPId><sln:wojIIPPn>PL.PZGIK.200</sln:wojIIPPn><sln:wojIIPWersja>2012-09-27T13:45:13+02:00</sln:wojIIPWersja><sln:wojIdTeryt>14</sln:wojIdTeryt><sln:wojNazwa>mazowieckie</sln:wojNazwa></sln:miejscowosc><sln:miejscowosc><sln:cyklZyciaOd>2017-03-27T00:00:00+02:00</sln:cyklZyciaOd><sln:gmIIPId>06729430-ab0a-4d54-8674-811fe69dd9dc</sln:gmIIPId><sln:gmIIPPn>PL.PZGIK.200</sln:gmIIPPn><sln:gmIIPWersja>2012-09-26T22:52:22+02:00</sln:gmIIPWersja><sln:gmIdTeryt>1412102</sln:gmIdTeryt><sln:gmNazwa>Latowicz</sln:gmNazwa><sln:miejscIIPId>908e605f-64f0-4260-a260-a9e12cb9b975</sln:miejscIIPId><sln:miejscIIPPn>PL.PZGIK.200</sln:miejscIIPPn><sln:miejscIIPWersja>2017-03-27T13:01:13+02:00</sln:miejscIIPWersja><sln:miejscIdTeryt>0677524</sln:miejscIdTeryt><sln:miejscNazwa>Borówek</sln:miejscNazwa><sln:miejscRodzaj>Wieś</sln:miejscRodzaj><sln:powIIPId>990a47d4-e8f6-450c-9636-ea29e35cc404</sln:powIIPId><sln:powIIPPn>PL.PZGIK.200</sln:powIIPPn><sln:powIIPWersja>2012-09-27T08:13:53+02:00</sln:powIIPWersja><sln:powIdTeryt>1412</sln:powIdTeryt><sln:powNazwa>miński</sln:powNazwa><sln:waznyOd>2011-07-28T00:00:00+02:00</sln:waznyOd><sln:wojIIPId>4b6c492a-eb04-441d-a92a-f44359c06de7</sln:wojIIPId><sln:wojIIPPn>PL.PZGIK.200</sln:wojIIPPn><sln:wojIIPWersja>2012-09-27T13:45:13+02:00</sln:wojIIPWersja><sln:wojIdTeryt>14</sln:wojIdTeryt><sln:wojNazwa>mazowieckie</sln:wojNazwa></sln:miejscowosc><sln:miejscowosc><sln:cyklZyciaOd>2017-03-27T00:00:00+02:00</sln:cyklZyciaOd><sln:gmIIPId>06729430-ab0a-4d54-8674-811fe69dd9dc</sln:gmIIPId><sln:gmIIPPn>PL.PZGIK.200</sln:gmIIPPn><sln:gmIIPWersja>2012-09-26T22:52:22+02:00</sln:gmIIPWersja><sln:gmIdTeryt>1412102</sln:gmIdTeryt><sln:gmNazwa>Latowicz</sln:gmNazwa><sln:miejscIIPId>286962fd-9e00-4d6b-b413-511b8ccaa5f0</sln:miejscIIPId><sln:miejscIIPPn>PL.PZGIK.200</sln:miejscIIPPn><sln:miejscIIPWersja>2017-03-27T13:01:20+02:00</sln:miejscIIPWersja><sln:miejscIdTeryt>0677530</sln:miejscIdTeryt><sln:miejscNazwa>Budy Wielgoleskie</sln:miejscNazwa><sln:miejscRodzaj>Wieś</sln:miejscRodzaj><sln:powIIPId>990a47d4-e8f6-450c-9636-ea29e35cc404</sln:powIIPId><sln:powIIPPn>PL.PZGIK.200</sln:powIIPPn><sln:powIIPWersja>2012-09-27T08:13:53+02:00</sln:powIIPWersja><sln:powIdTeryt>1412</sln:powIdTeryt><sln:powNazwa>miński</sln:powNazwa><sln:waznyOd>2011-07-28T00:00:00+02:00</sln:waznyOd><sln:wojIIPId>4b6c492a-eb04-441d-a92a-f44359c06de7</sln:wojIIPId><sln:wojIIPPn>PL.PZGIK.200</sln:wojIIPPn><sln:wojIIPWersja>2012-09-27T13:45:13+02:00</sln:wojIIPWersja><sln:wojIdTeryt>14</sln:wojIdTeryt><sln:wojNazwa>mazowieckie</sln:wojNazwa></sln:miejscowosc><sln:miejscowosc><sln:cyklZyciaOd>2017-03-27T00:00:00+02:00</sln:cyklZyciaOd><sln:gmIIPId>06729430-ab0a-4d54-8674-811fe69dd9dc</sln:gmIIPId><sln:gmIIPPn>PL.PZGIK.200</sln:gmIIPPn><sln:gmIIPWersja>2012-09-26T22:52:22+02:00</sln:gmIIPWersja><sln:gmIdTeryt>1412102</sln:gmIdTeryt><sln:gmNazwa>Latowicz</sln:gmNazwa><sln:miejscIIPId>2d00c584-befb-41d9-91b3-0f35e6e4238d</sln:miejscIIPId><sln:miejscIIPPn>PL.PZGIK.200</sln:miejscIIPPn><sln:miejscIIPWersja>2017-03-27T13:01:20+02:00</sln:miejscIIPWersja><sln:miejscIdTeryt>0677547</sln:miejscIdTeryt><sln:miejscNazwa>Budziska</sln:miejscNazwa><sln:miejscRodzaj>Wieś</sln:miejscRodzaj><sln:powIIPId>990a47d4-e8f6-450c-9636-ea29e35cc404</sln:powIIPId><sln:powIIPPn>PL.PZGIK.200</sln:powIIPPn><sln:powIIPWersja>2012-09-27T08:13:53+02:00</sln:powIIPWersja><sln:powIdTeryt>1412</sln:powIdTeryt><sln:powNazwa>miński</sln:powNazwa><sln:waznyOd>2011-07-28T00:00:00+02:00</sln:waznyOd><sln:wojIIPId>4b6c492a-eb04-441d-a92a-f44359c06de7</sln:wojIIPId><sln:wojIIPPn>PL.PZGIK.200</sln:wojIIPPn><sln:wojIIPWersja>2012-09-27T13:45:13+02:00</sln:wojIIPWersja><sln:wojIdTeryt>14</sln:wojIdTeryt><sln:wojNazwa>mazowieckie</sln:wojNazwa></sln:miejscowosc><sln:miejscowosc><sln:cyklZyciaOd>2017-03-27T00:00:00+02:00</sln:cyklZyciaOd><sln:gmIIPId>06729430-ab0a-4d54-8674-811fe69dd9dc</sln:gmIIPId><sln:gmIIPPn>PL.PZGIK.200</sln:gmIIPPn><sln:gmIIPWersja>2012-09-26T22:52:22+02:00</sln:gmIIPWersja><sln:gmIdTeryt>1412102</sln:gmIdTeryt><sln:gmNazwa>Latowicz</sln:gmNazwa><sln:miejscIIPId>1851c1b5-b3fb-4611-b485-c7e4ffa4523e</sln:miejscIIPId><sln:miejscIIPPn>PL.PZGIK.200</sln:miejscIIPPn><sln:miejscIIPWersja>2017-03-27T13:01:20+02:00</sln:miejscIIPWersja><sln:miejscIdTeryt>0677553</sln:miejscIdTeryt><sln:miejscNazwa>Chyżyny</sln:miejscNazwa><sln:miejscRodzaj>Wieś</sln:miejscRodzaj><sln:powIIPId>990a47d4-e8f6-450c-9636-ea29e35cc404</sln:powIIPId><sln:powIIPPn>PL.PZGIK.200</sln:powIIPPn><sln:powIIPWersja>2012-09-27T08:13:53+02:00</sln:powIIPWersja><sln:powIdTeryt>1412</sln:powIdTeryt><sln:powNazwa>miński</sln:powNazwa><sln:waznyOd>2011-07-28T00:00:00+02:00</sln:waznyOd><sln:wojIIPId>4b6c492a-eb04-441d-a92a-f44359c06de7</sln:wojIIPId><sln:wojIIPPn>PL.PZGIK.200</sln:wojIIPPn><sln:wojIIPWersja>2012-09-27T13:45:13+02:00</sln:wojIIPWersja><sln:wojIdTeryt>14</sln:wojIdTeryt><sln:wojNazwa>mazowieckie</sln:wojNazwa></sln:miejscowosc><sln:miejscowosc><sln:cyklZyciaOd>2017-03-27T00:00:00+02:00</sln:cyklZyciaOd><sln:gmIIPId>06729430-ab0a-4d54-8674-811fe69dd9dc</sln:gmIIPId><sln:gmIIPPn>PL.PZGIK.200</sln:gmIIPPn><sln:gmIIPWersja>2012-09-26T22:52:22+02:00</sln:gmIIPWersja><sln:gmIdTeryt>1412102</sln:gmIdTeryt><sln:gmNazwa>Latowicz</sln:gmNazwa><sln:miejscIIPId>d3bbf821-2444-41a4-af62-dc9d0c22b653</sln:miejscIIPId><sln:miejscIIPPn>PL.PZGIK.200</sln:miejscIIPPn><sln:miejscIIPWersja>2017-03-27T13:01:20+02:00</sln:miejscIIPWersja><sln:miejscIdTeryt>0677560</sln:miejscIdTeryt><sln:miejscNazwa>Dąbrówka</sln:miejscNazwa><sln:miejscRodzaj>Wieś</sln:miejscRodzaj><sln:powIIPId>990a47d4-e8f6-450c-9636-ea29e35cc404</sln:powIIPId><sln:powIIPPn>PL.PZGIK.200</sln:powIIPPn><sln:powIIPWersja>2012-09-27T08:13:53+02:00</sln:powIIPWersja><sln:powIdTeryt>1412</sln:powIdTeryt><sln:powNazwa>miński</sln:powNazwa><sln:waznyOd>2011-07-28T00:00:00+02:00</sln:waznyOd><sln:wojIIPId>4b6c492a-eb04-441d-a92a-f44359c06de7</sln:wojIIPId><sln:wojIIPPn>PL.PZGIK.200</sln:wojIIPPn><sln:wojIIPWersja>2012-09-27T13:45:13+02:00</sln:wojIIPWersja><sln:wojIdTeryt>14</sln:wojIdTeryt><sln:wojNazwa>mazowieckie</sln:wojNazwa></sln:miejscowosc><sln:miejscowosc><sln:cyklZyciaOd>2017-03-27T00:00:00+02:00</sln:cyklZyciaOd><sln:gmIIPId>06729430-ab0a-4d54-8674-811fe69dd9dc</sln:gmIIPId><sln:gmIIPPn>PL.PZGIK.200</sln:gmIIPPn><sln:gmIIPWersja>2012-09-26T22:52:22+02:00</sln:gmIIPWersja><sln:gmIdTeryt>1412102</sln:gmIdTeryt><sln:gmNazwa>Latowicz</sln:gmNazwa><sln:miejscIIPId>3de6d956-aac8-451f-904c-7dec35e30b3d</sln:miejscIIPId><sln:miejscIIPPn>PL.PZGIK.200</sln:miejscIIPPn><sln:miejscIIPWersja>2017-03-27T13:01:20+02:00</sln:miejscIIPWersja><sln:miejscIdTeryt>0677576</sln:miejscIdTeryt><sln:miejscNazwa>Dębe Małe</sln:miejscNazwa><sln:miejscRodzaj>Wieś</sln:miejscRodzaj><sln:powIIPId>990a47d4-e8f6-450c-9636-ea29e35cc404</sln:powIIPId><sln:powIIPPn>PL.PZGIK.200</sln:powIIPPn><sln:powIIPWersja>2012-09-27T08:13:53+02:00</sln:powIIPWersja><sln:powIdTeryt>1412</sln:powIdTeryt><sln:powNazwa>miński</sln:powNazwa><sln:waznyOd>2011-07-28T00:00:00+02:00</sln:waznyOd><sln:wojIIPId>4b6c492a-eb04-441d-a92a-f44359c06de7</sln:wojIIPId><sln:wojIIPPn>PL.PZGIK.200</sln:wojIIPPn><sln:wojIIPWersja>2012-09-27T13:45:13+02:00</sln:wojIIPWersja><sln:wojIdTeryt>14</sln:wojIdTeryt><sln:wojNazwa>mazowieckie</sln:wojNazwa></sln:miejscowosc><sln:miejscowosc><sln:cyklZyciaOd>2017-03-27T00:00:00+02:00</sln:cyklZyciaOd><sln:gmIIPId>06729430-ab0a-4d54-8674-811fe69dd9dc</sln:gmIIPId><sln:gmIIPPn>PL.PZGIK.200</sln:gmIIPPn><sln:gmIIPWersja>2012-09-26T22:52:22+02:00</sln:gmIIPWersja><sln:gmIdTeryt>1412102</sln:gmIdTeryt><sln:gmNazwa>Latowicz</sln:gmNazwa><sln:miejscIIPId>6b4e68b9-4b8c-4dfd-957a-2fb6343a5c27</sln:miejscIIPId><sln:miejscIIPPn>PL.PZGIK.200</sln:miejscIIPPn><sln:miejscIIPWersja>2017-03-27T13:01:20+02:00</sln:miejscIIPWersja><sln:miejscIdTeryt>0677607</sln:miejscIdTeryt><sln:miejscNazwa>Generałowo</sln:miejscNazwa><sln:miejscRodzaj>Wieś</sln:miejscRodzaj><sln:powIIPId>990a47d4-e8f6-450c-9636-ea29e35cc404</sln:powIIPId><sln:powIIPPn>PL.PZGIK.200</sln:powIIPPn><sln:powIIPWersja>2012-09-27T08:13:53+02:00</sln:powIIPWersja><sln:powIdTeryt>1412</sln:powIdTeryt><sln:powNazwa>miński</sln:powNazwa><sln:waznyOd>2011-07-28T00:00:00+02:00</sln:waznyOd><sln:wojIIPId>4b6c492a-eb04-441d-a92a-f44359c06de7</sln:wojIIPId><sln:wojIIPPn>PL.PZGIK.200</sln:wojIIPPn><sln:wojIIPWersja>2012-09-27T13:45:13+02:00</sln:wojIIPWersja><sln:wojIdTeryt>14</sln:wojIdTeryt><sln:wojNazwa>mazowieckie</sln:wojNazwa></sln:miejscowosc><sln:miejscowosc><sln:cyklZyciaOd>2017-03-27T00:00:00+02:00</sln:cyklZyciaOd><sln:gmIIPId>06729430-ab0a-4d54-8674-811fe69dd9dc</sln:gmIIPId><sln:gmIIPPn>PL.PZGIK.200</sln:gmIIPPn><sln:gmIIPWersja>2012-09-26T22:52:22+02:00</sln:gmIIPWersja><sln:gmIdTeryt>1412102</sln:gmIdTeryt><sln:gmNazwa>Latowicz</sln:gmNazwa><sln:miejscIIPId>7dcabab4-2da0-44df-9796-4dbf78309e70</sln:miejscIIPId><sln:miejscIIPPn>PL.PZGIK.200</sln:miejscIIPPn><sln:miejscIIPWersja>2017-03-27T13:01:20+02:00</sln:miejscIIPWersja><sln:miejscIdTeryt>0677613</sln:miejscIdTeryt><sln:miejscNazwa>Gołełąki</sln:miejscNazwa><sln:miejscRodzaj>Wieś</sln:miejscRodzaj><sln:powIIPId>990a47d4-e8f6-450c-9636-ea29e35cc404</sln:powIIPId><sln:powIIPPn>PL.PZGIK.200</sln:powIIPPn><sln:powIIPWersja>2012-09-27T08:13:53+02:00</sln:powIIPWersja><sln:powIdTeryt>1412</sln:powIdTeryt><sln:powNazwa>miński</sln:powNazwa><sln:waznyOd>2011-07-28T00:00:00+02:00</sln:waznyOd><sln:wojIIPId>4b6c492a-eb04-441d-a92a-f44359c06de7</sln:wojIIPId><sln:wojIIPPn>PL.PZGIK.200</sln:wojIIPPn><sln:wojIIPWersja>2012-09-27T13:45:13+02:00</sln:wojIIPWersja><sln:wojIdTeryt>14</sln:wojIdTeryt><sln:wojNazwa>mazowieckie</sln:wojNazwa></sln:miejscowosc><sln:miejscowosc><sln:cyklZyciaOd>2017-03-27T00:00:00+02:00</sln:cyklZyciaOd><sln:gmIIPId>06729430-ab0a-4d54-8674-811fe69dd9dc</sln:gmIIPId><sln:gmIIPPn>PL.PZGIK.200</sln:gmIIPPn><sln:gmIIPWersja>2012-09-26T22:52:22+02:00</sln:gmIIPWersja><sln:gmIdTeryt>1412102</sln:gmIdTeryt><sln:gmNazwa>Latowicz</sln:gmNazwa><sln:miejscIIPId>f67068ac-c965-42cd-955c-c455bd4d37df</sln:miejscIIPId><sln:miejscIIPPn>PL.PZGIK.200</sln:miejscIIPPn><sln:miejscIIPWersja>2017-03-27T13:01:20+02:00</sln:miejscIIPWersja><sln:miejscIdTeryt>0677620</sln:miejscIdTeryt><sln:miejscNazwa>Kamionka</sln:miejscNazwa><sln:miejscRodzaj>Wieś</sln:miejscRodzaj><sln:powIIPId>990a47d4-e8f6-450c-9636-ea29e35cc404</sln:powIIPId><sln:powIIPPn>PL.PZGIK.200</sln:powIIPPn><sln:powIIPWersja>2012-09-27T08:13:53+02:00</sln:powIIPWersja><sln:powIdTeryt>1412</sln:powIdTeryt><sln:powNazwa>miński</sln:powNazwa><sln:waznyOd>2011-07-28T00:00:00+02:00</sln:waznyOd><sln:wojIIPId>4b6c492a-eb04-441d-a92a-f44359c06de7</sln:wojIIPId><sln:wojIIPPn>PL.PZGIK.200</sln:wojIIPPn><sln:wojIIPWersja>2012-09-27T13:45:13+02:00</sln:wojIIPWersja><sln:wojIdTeryt>14</sln:wojIdTeryt><sln:wojNazwa>mazowieckie</sln:wojNazwa></sln:miejscowosc><sln:miejscowosc><sln:cyklZyciaOd>2017-03-27T00:00:00+02:00</sln:cyklZyciaOd><sln:gmIIPId>06729430-ab0a-4d54-8674-811fe69dd9dc</sln:gmIIPId><sln:gmIIPPn>PL.PZGIK.200</sln:gmIIPPn><sln:gmIIPWersja>2012-09-26T22:52:22+02:00</sln:gmIIPWersja><sln:gmIdTeryt>1412102</sln:gmIdTeryt><sln:gmNazwa>Latowicz</sln:gmNazwa><sln:miejscIIPId>1f2a67b0-4efe-414a-bb5b-ec8b51c87a40</sln:miejscIIPId><sln:miejscIIPPn>PL.PZGIK.200</sln:miejscIIPPn><sln:miejscIIPWersja>2017-03-27T13:01:20+02:00</sln:miejscIIPWersja><sln:miejscIdTeryt>0677636</sln:miejscIdTeryt><sln:miejscNazwa>Latowicz</sln:miejscNazwa><sln:miejscRodzaj>Wieś</sln:miejscRodzaj><sln:powIIPId>990a47d4-e8f6-450c-9636-ea29e35cc404</sln:powIIPId><sln:powIIPPn>PL.PZGIK.200</sln:powIIPPn><sln:powIIPWersja>2012-09-27T08:13:53+02:00</sln:powIIPWersja><sln:powIdTeryt>1412</sln:powIdTeryt><sln:powNazwa>miński</sln:powNazwa><sln:waznyOd>2011-07-28T00:00:00+02:00</sln:waznyOd><sln:wojIIPId>4b6c492a-eb04-441d-a92a-f44359c06de7</sln:wojIIPId><sln:wojIIPPn>PL.PZGIK.200</sln:wojIIPPn><sln:wojIIPWersja>2012-09-27T13:45:13+02:00</sln:wojIIPWersja><sln:wojIdTeryt>14</sln:wojIdTeryt><sln:wojNazwa>mazowieckie</sln:wojNazwa></sln:miejscowosc><sln:miejscowosc><sln:cyklZyciaOd>2017-03-27T00:00:00+02:00</sln:cyklZyciaOd><sln:gmIIPId>06729430-ab0a-4d54-8674-811fe69dd9dc</sln:gmIIPId><sln:gmIIPPn>PL.PZGIK.200</sln:gmIIPPn><sln:gmIIPWersja>2012-09-26T22:52:22+02:00</sln:gmIIPWersja><sln:gmIdTeryt>1412102</sln:gmIdTeryt><sln:gmNazwa>Latowicz</sln:gmNazwa><sln:miejscIIPId>18c3934f-0e3b-4daf-816c-1235d6668e1b</sln:miejscIIPId><sln:miejscIIPPn>PL.PZGIK.200</sln:miejscIIPPn><sln:miejscIIPWersja>2017-03-27T13:01:20+02:00</sln:miejscIIPWersja><sln:miejscIdTeryt>0677694</sln:miejscIdTeryt><sln:miejscNazwa>Oleksianka</sln:miejscNazwa><sln:miejscRodzaj>Wieś</sln:miejscRodzaj><sln:powIIPId>990a47d4-e8f6-450c-9636-ea29e35cc404</sln:powIIPId><sln:powIIPPn>PL.PZGIK.200</sln:powIIPPn><sln:powIIPWersja>2012-09-27T08:13:53+02:00</sln:powIIPWersja><sln:powIdTeryt>1412</sln:powIdTeryt><sln:powNazwa>miński</sln:powNazwa><sln:waznyOd>2011-07-28T00:00:00+02:00</sln:waznyOd><sln:wojIIPId>4b6c492a-eb04-441d-a92a-f44359c06de7</sln:wojIIPId><sln:wojIIPPn>PL.PZGIK.200</sln:wojIIPPn><sln:wojIIPWersja>2012-09-27T13:45:13+02:00</sln:wojIIPWersja><sln:wojIdTeryt>14</sln:wojIdTeryt><sln:wojNazwa>mazowieckie</sln:wojNazwa></sln:miejscowosc><sln:miejscowosc><sln:cyklZyciaOd>2017-03-27T00:00:00+02:00</sln:cyklZyciaOd><sln:gmIIPId>06729430-ab0a-4d54-8674-811fe69dd9dc</sln:gmIIPId><sln:gmIIPPn>PL.PZGIK.200</sln:gmIIPPn><sln:gmIIPWersja>2012-09-26T22:52:22+02:00</sln:gmIIPWersja><sln:gmIdTeryt>1412102</sln:gmIdTeryt><sln:gmNazwa>Latowicz</sln:gmNazwa><sln:miejscIIPId>a0c74ff8-fad6-4080-801a-fd5c7fce6698</sln:miejscIIPId><sln:miejscIIPPn>PL.PZGIK.200</sln:miejscIIPPn><sln:miejscIIPWersja>2017-03-27T13:01:20+02:00</sln:miejscIIPWersja><sln:miejscIdTeryt>0677719</sln:miejscIdTeryt><sln:miejscNazwa>Redzyńskie</sln:miejscNazwa><sln:miejscRodzaj>Wieś</sln:miejscRodzaj><sln:powIIPId>990a47d4-e8f6-450c-9636-ea29e35cc404</sln:powIIPId><sln:powIIPPn>PL.PZGIK.200</sln:powIIPPn><sln:powIIPWersja>2012-09-27T08:13:53+02:00</sln:powIIPWersja><sln:powIdTeryt>1412</sln:powIdTeryt><sln:powNazwa>miński</sln:powNazwa><sln:waznyOd>2011-07-28T00:00:00+02:00</sln:waznyOd><sln:wojIIPId>4b6c492a-eb04-441d-a92a-f44359c06de7</sln:wojIIPId><sln:wojIIPPn>PL.PZGIK.200</sln:wojIIPPn><sln:wojIIPWersja>2012-09-27T13:45:13+02:00</sln:wojIIPWersja><sln:wojIdTeryt>14</sln:wojIdTeryt><sln:wojNazwa>mazowieckie</sln:wojNazwa></sln:miejscowosc><sln:miejscowosc><sln:cyklZyciaOd>2017-03-27T00:00:00+02:00</sln:cyklZyciaOd><sln:gmIIPId>06729430-ab0a-4d54-8674-811fe69dd9dc</sln:gmIIPId><sln:gmIIPPn>PL.PZGIK.200</sln:gmIIPPn><sln:gmIIPWersja>2012-09-26T22:52:22+02:00</sln:gmIIPWersja><sln:gmIdTeryt>1412102</sln:gmIdTeryt><sln:gmNazwa>Latowicz</sln:gmNazwa><sln:miejscIIPId>bad3d06d-070f-4cb9-a3d2-5b30d3ad8a8e</sln:miejscIIPId><sln:miejscIIPPn>PL.PZGIK.200</sln:miejscIIPPn><sln:miejscIIPWersja>2017-03-27T13:01:21+02:00</sln:miejscIIPWersja><sln:miejscIdTeryt>0677731</sln:miejscIdTeryt><sln:miejscNazwa>Stawek</sln:miejscNazwa><sln:miejscRodzaj>Wieś</sln:miejscRodzaj><sln:powIIPId>990a47d4-e8f6-450c-9636-ea29e35cc404</sln:powIIPId><sln:powIIPPn>PL.PZGIK.200</sln:powIIPPn><sln:powIIPWersja>2012-09-27T08:13:53+02:00</sln:powIIPWersja><sln:powIdTeryt>1412</sln:powIdTeryt><sln:powNazwa>miński</sln:powNazwa><sln:waznyOd>2011-07-28T00:00:00+02:00</sln:waznyOd><sln:wojIIPId>4b6c492a-eb04-441d-a92a-f44359c06de7</sln:wojIIPId><sln:wojIIPPn>PL.PZGIK.200</sln:wojIIPPn><sln:wojIIPWersja>2012-09-27T13:45:13+02:00</sln:wojIIPWersja><sln:wojIdTeryt>14</sln:wojIdTeryt><sln:wojNazwa>mazowieckie</sln:wojNazwa></sln:miejscowosc><sln:miejscowosc><sln:cyklZyciaOd>2017-03-27T00:00:00+02:00</sln:cyklZyciaOd><sln:gmIIPId>06729430-ab0a-4d54-8674-811fe69dd9dc</sln:gmIIPId><sln:gmIIPPn>PL.PZGIK.200</sln:gmIIPPn><sln:gmIIPWersja>2012-09-26T22:52:22+02:00</sln:gmIIPWersja><sln:gmIdTeryt>1412102</sln:gmIdTeryt><sln:gmNazwa>Latowicz</sln:gmNazwa><sln:miejscIIPId>afb46cf2-dff4-412b-8716-8fccbde78287</sln:miejscIIPId><sln:miejscIIPPn>PL.PZGIK.200</sln:miejscIIPPn><sln:miejscIIPWersja>2017-03-27T13:01:21+02:00</sln:miejscIIPWersja><sln:miejscIdTeryt>0677754</sln:miejscIdTeryt><sln:miejscNazwa>Strachomin</sln:miejscNazwa><sln:miejscRodzaj>Wieś</sln:miejscRodzaj><sln:powIIPId>990a47d4-e8f6-450c-9636-ea29e35cc404</sln:powIIPId><sln:powIIPPn>PL.PZGIK.200</sln:powIIPPn><sln:powIIPWersja>2012-09-27T08:13:53+02:00</sln:powIIPWersja><sln:powIdTeryt>1412</sln:powIdTeryt><sln:powNazwa>miński</sln:powNazwa><sln:waznyOd>2011-07-28T00:00:00+02:00</sln:waznyOd><sln:wojIIPId>4b6c492a-eb04-441d-a92a-f44359c06de7</sln:wojIIPId><sln:wojIIPPn>PL.PZGIK.200</sln:wojIIPPn><sln:wojIIPWersja>2012-09-27T13:45:13+02:00</sln:wojIIPWersja><sln:wojIdTeryt>14</sln:wojIdTeryt><sln:wojNazwa>mazowieckie</sln:wojNazwa></sln:miejscowosc><sln:miejscowosc><sln:cyklZyciaOd>2017-03-27T00:00:00+02:00</sln:cyklZyciaOd><sln:gmIIPId>06729430-ab0a-4d54-8674-811fe69dd9dc</sln:gmIIPId><sln:gmIIPPn>PL.PZGIK.200</sln:gmIIPPn><sln:gmIIPWersja>2012-09-26T22:52:22+02:00</sln:gmIIPWersja><sln:gmIdTeryt>1412102</sln:gmIdTeryt><sln:gmNazwa>Latowicz</sln:gmNazwa><sln:miejscIIPId>87e6bc91-28f1-435a-8657-f860c43c3659</sln:miejscIIPId><sln:miejscIIPPn>PL.PZGIK.200</sln:miejscIIPPn><sln:miejscIIPWersja>2017-03-27T13:01:21+02:00</sln:miejscIIPWersja><sln:miejscIdTeryt>0677760</sln:miejscIdTeryt><sln:miejscNazwa>Transbór</sln:miejscNazwa><sln:miejscRodzaj>Wieś</sln:miejscRodzaj><sln:powIIPId>990a47d4-e8f6-450c-9636-ea29e35cc404</sln:powIIPId><sln:powIIPPn>PL.PZGIK.200</sln:powIIPPn><sln:powIIPWersja>2012-09-27T08:13:53+02:00</sln:powIIPWersja><sln:powIdTeryt>1412</sln:powIdTeryt><sln:powNazwa>miński</sln:powNazwa><sln:waznyOd>2011-07-28T00:00:00+02:00</sln:waznyOd><sln:wojIIPId>4b6c492a-eb04-441d-a92a-f44359c06de7</sln:wojIIPId><sln:wojIIPPn>PL.PZGIK.200</sln:wojIIPPn><sln:wojIIPWersja>2012-09-27T13:45:13+02:00</sln:wojIIPWersja><sln:wojIdTeryt>14</sln:wojIdTeryt><sln:wojNazwa>mazowieckie</sln:wojNazwa></sln:miejscowosc><sln:miejscowosc><sln:cyklZyciaOd>2017-03-27T00:00:00+02:00</sln:cyklZyciaOd><sln:gmIIPId>06729430-ab0a-4d54-8674-811fe69dd9dc</sln:gmIIPId><sln:gmIIPPn>PL.PZGIK.200</sln:gmIIPPn><sln:gmIIPWersja>2012-09-26T22:52:22+02:00</sln:gmIIPWersja><sln:gmIdTeryt>1412102</sln:gmIdTeryt><sln:gmNazwa>Latowicz</sln:gmNazwa><sln:miejscIIPId>256a3a52-0d12-404a-8fec-2521a75f6c17</sln:miejscIIPId><sln:miejscIIPPn>PL.PZGIK.200</sln:miejscIIPPn><sln:miejscIIPWersja>2017-03-27T13:01:21+02:00</sln:miejscIIPWersja><sln:miejscIdTeryt>0677777</sln:miejscIdTeryt><sln:miejscNazwa>Waliska</sln:miejscNazwa><sln:miejscRodzaj>Wieś</sln:miejscRodzaj><sln:powIIPId>990a47d4-e8f6-450c-9636-ea29e35cc404</sln:powIIPId><sln:powIIPPn>PL.PZGIK.200</sln:powIIPPn><sln:powIIPWersja>2012-09-27T08:13:53+02:00</sln:powIIPWersja><sln:powIdTeryt>1412</sln:powIdTeryt><sln:powNazwa>miński</sln:powNazwa><sln:waznyOd>2011-07-28T00:00:00+02:00</sln:waznyOd><sln:wojIIPId>4b6c492a-eb04-441d-a92a-f44359c06de7</sln:wojIIPId><sln:wojIIPPn>PL.PZGIK.200</sln:wojIIPPn><sln:wojIIPWersja>2012-09-27T13:45:13+02:00</sln:wojIIPWersja><sln:wojIdTeryt>14</sln:wojIdTeryt><sln:wojNazwa>mazowieckie</sln:wojNazwa></sln:miejscowosc><sln:miejscowosc><sln:cyklZyciaOd>2017-03-27T00:00:00+02:00</sln:cyklZyciaOd><sln:gmIIPId>06729430-ab0a-4d54-8674-811fe69dd9dc</sln:gmIIPId><sln:gmIIPPn>PL.PZGIK.200</sln:gmIIPPn><sln:gmIIPWersja>2012-09-26T22:52:22+02:00</sln:gmIIPWersja><sln:gmIdTeryt>1412102</sln:gmIdTeryt><sln:gmNazwa>Latowicz</sln:gmNazwa><sln:miejscIIPId>eaa06c57-050d-4a2e-bc5b-9313bcaada45</sln:miejscIIPId><sln:miejscIIPPn>PL.PZGIK.200</sln:miejscIIPPn><sln:miejscIIPWersja>2017-03-27T13:01:21+02:00</sln:miejscIIPWersja><sln:miejscIdTeryt>0677783</sln:miejscIdTeryt><sln:miejscNazwa>Wężyczyn</sln:miejscNazwa><sln:miejscRodzaj>Wieś</sln:miejscRodzaj><sln:powIIPId>990a47d4-e8f6-450c-9636-ea29e35cc404</sln:powIIPId><sln:powIIPPn>PL.PZGIK.200</sln:powIIPPn><sln:powIIPWersja>2012-09-27T08:13:53+02:00</sln:powIIPWersja><sln:powIdTeryt>1412</sln:powIdTeryt><sln:powNazwa>miński</sln:powNazwa><sln:waznyOd>2011-07-28T00:00:00+02:00</sln:waznyOd><sln:wojIIPId>4b6c492a-eb04-441d-a92a-f44359c06de7</sln:wojIIPId><sln:wojIIPPn>PL.PZGIK.200</sln:wojIIPPn><sln:wojIIPWersja>2012-09-27T13:45:13+02:00</sln:wojIIPWersja><sln:wojIdTeryt>14</sln:wojIdTeryt><sln:wojNazwa>mazowieckie</sln:wojNazwa></sln:miejscowosc><sln:miejscowosc><sln:cyklZyciaOd>2017-03-27T00:00:00+02:00</sln:cyklZyciaOd><sln:gmIIPId>06729430-ab0a-4d54-8674-811fe69dd9dc</sln:gmIIPId><sln:gmIIPPn>PL.PZGIK.200</sln:gmIIPPn><sln:gmIIPWersja>2012-09-26T22:52:22+02:00</sln:gmIIPWersja><sln:gmIdTeryt>1412102</sln:gmIdTeryt><sln:gmNazwa>Latowicz</sln:gmNazwa><sln:miejscIIPId>86cbc7d8-a69d-448e-b7f3-97c97c5b4ce1</sln:miejscIIPId><sln:miejscIIPPn>PL.PZGIK.200</sln:miejscIIPPn><sln:miejscIIPWersja>2017-03-27T13:01:21+02:00</sln:miejscIIPWersja><sln:miejscIdTeryt>0677790</sln:miejscIdTeryt><sln:miejscNazwa>Wielgolas</sln:miejscNazwa><sln:miejscRodzaj>Wieś</sln:miejscRodzaj><sln:powIIPId>990a47d4-e8f6-450c-9636-ea29e35cc404</sln:powIIPId><sln:powIIPPn>PL.PZGIK.200</sln:powIIPPn><sln:powIIPWersja>2012-09-27T08:13:53+02:00</sln:powIIPWersja><sln:powIdTeryt>1412</sln:powIdTeryt><sln:powNazwa>miński</sln:powNazwa><sln:waznyOd>2011-07-28T00:00:00+02:00</sln:waznyOd><sln:wojIIPId>4b6c492a-eb04-441d-a92a-f44359c06de7</sln:wojIIPId><sln:wojIIPPn>PL.PZGIK.200</sln:wojIIPPn><sln:wojIIPWersja>2012-09-27T13:45:13+02:00</sln:wojIIPWersja><sln:wojIdTeryt>14</sln:wojIdTeryt><sln:wojNazwa>mazowieckie</sln:wojNazwa></sln:miejscowosc></sln:lista-miejscowosci>