<?xml version="1.0" encoding="UTF-8" standalone="yes"?><sln:lista-miejscowosci xmlns:srv="http://gugik.gov.pl/schemas/slowniki-service/1.0" xmlns:sln="http://gugik.gov.pl/schemas/slowniki-schema/1.0"><sln:miejscowosc><sln:cyklZyciaDo>2016-11-26T00:00:00+01:00</sln:cyklZyciaDo><sln:cyklZyciaOd>2014-11-27T00:00:00+01:00</sln:cyklZyciaOd><sln:gmIIPId>2209caf6-3b71-4d9e-9cec-8797c141bfe4</sln:gmIIPId><sln:gmIIPPn>PL.PZGIK.200</sln:gmIIPPn><sln:gmIIPWersja>2012-09-26T22:54:04+02:00</sln:gmIIPWersja><sln:gmIdTeryt>1419132</sln:gmIdTeryt><sln:gmNazwa>Stara Biała</sln:gmNazwa><sln:miejscIIPId>3f99c387-e941-4b51-8ffc-b790494412dd</sln:miejscIIPId><sln:miejscIIPPn>PL.PZGIK.200</sln:miejscIIPPn><sln:miejscIIPWersja>2016-11-24T13:21:13+02:00</sln:miejscIIPWersja><sln:miejscIdTeryt>0576384</sln:miejscIdTeryt><sln:miejscNazwa>Ulaszewo</sln:miejscNazwa><sln:miejscRodzaj>Wieś</sln:miejscRodzaj><sln:powIIPId>b3b3dfff-c9b2-4d74-8cf8-f21e620136f6</sln:powIIPId><sln:powIIPPn>PL.PZGIK.200</sln:powIIPPn><sln:powIIPWersja>2012-09-27T08:13:53+02:00</sln:powIIPWersja><sln:powIdTeryt>1419</sln:powIdTeryt><sln:powNazwa>płocki</sln:powNazwa><sln:wojIIPId>4b6c492a-eb04-441d-a92a-f44359c06de7</sln:wojIIPId><sln:wojIIPPn>PL.PZGIK.200</sln:wojIIPPn><sln:wojIIPWersja>2012-09-27T13:45:13+02:00</sln:wojIIPWersja><sln:wojIdTeryt>14</sln:wojIdTeryt><sln:wojNazwa>mazowieckie</sln:wojNazwa></sln:miejscowosc><sln:miejscowosc><sln:cyklZyciaDo>2016-11-26T00:00:00+01:00</sln:cyklZyciaDo><sln:cyklZyciaOd>2014-11-27T00:00:00+01:00</sln:cyklZyciaOd><sln:gmIIPId>2209caf6-3b71-4d9e-9cec-8797c141bfe4</sln:gmIIPId><sln:gmIIPPn>PL.PZGIK.200</sln:gmIIPPn><sln:gmIIPWersja>2012-09-26T22:54:04+02:00</sln:gmIIPWersja><sln:gmIdTeryt>1419132</sln:gmIdTeryt><sln:gmNazwa>Stara Biała</sln:gmNazwa><sln:miejscIIPId>2563f103-be9c-4641-a402-05edb8978f58</sln:miejscIIPId><sln:miejscIIPPn>PL.PZGIK.200</sln:miejscIIPPn><sln:miejscIIPWersja>2016-11-24T13:39:11+02:00</sln:miejscIIPWersja><sln:miejscIdTeryt>0576131</sln:miejscIdTeryt><sln:miejscNazwa>Kamionki</sln:miejscNazwa><sln:miejscRodzaj>Wieś</sln:miejscRodzaj><sln:powIIPId>b3b3dfff-c9b2-4d74-8cf8-f21e620136f6</sln:powIIPId><sln:powIIPPn>PL.PZGIK.200</sln:powIIPPn><sln:powIIPWersja>2012-09-27T08:13:53+02:00</sln:powIIPWersja><sln:powIdTeryt>1419</sln:powIdTeryt><sln:powNazwa>płocki</sln:powNazwa><sln:wojIIPId>4b6c492a-eb04-441d-a92a-f44359c06de7</sln:wojIIPId><sln:wojIIPPn>PL.PZGIK.200</sln:wojIIPPn><sln:wojIIPWersja>2012-09-27T13:45:13+02:00</sln:wojIIPWersja><sln:wojIdTeryt>14</sln:wojIdTeryt><sln:wojNazwa>mazowieckie</sln:wojNazwa></sln:miejscowosc><sln:miejscowosc><sln:cyklZyciaDo>2016-11-26T00:00:00+01:00</sln:cyklZyciaDo><sln:cyklZyciaOd>2014-11-27T00:00:00+01:00</sln:cyklZyciaOd><sln:gmIIPId>2209caf6-3b71-4d9e-9cec-8797c141bfe4</sln:gmIIPId><sln:gmIIPPn>PL.PZGIK.200</sln:gmIIPPn><sln:gmIIPWersja>2012-09-26T22:54:04+02:00</sln:gmIIPWersja><sln:gmIdTeryt>1419132</sln:gmIdTeryt><sln:gmNazwa>Stara Biała</sln:gmNazwa><sln:miejscIIPId>a2bec930-0971-4a99-b3b7-eef5e8224a79</sln:miejscIIPId><sln:miejscIIPPn>PL.PZGIK.200</sln:miejscIIPPn><sln:miejscIIPWersja>2016-11-24T13:21:13+02:00</sln:miejscIIPWersja><sln:miejscIdTeryt>0576214</sln:miejscIdTeryt><sln:miejscNazwa>Ludwikowo</sln:miejscNazwa><sln:miejscRodzaj>Wieś</sln:miejscRodzaj><sln:powIIPId>b3b3dfff-c9b2-4d74-8cf8-f21e620136f6</sln:powIIPId><sln:powIIPPn>PL.PZGIK.200</sln:powIIPPn><sln:powIIPWersja>2012-09-27T08:13:53+02:00</sln:powIIPWersja><sln:powIdTeryt>1419</sln:powIdTeryt><sln:powNazwa>płocki</sln:powNazwa><sln:wojIIPId>4b6c492a-eb04-441d-a92a-f44359c06de7</sln:wojIIPId><sln:wojIIPPn>PL.PZGIK.200</sln:wojIIPPn><sln:wojIIPWersja>2012-09-27T13:45:13+02:00</sln:wojIIPWersja><sln:wojIdTeryt>14</sln:wojIdTeryt><sln:wojNazwa>mazowieckie</sln:wojNazwa></sln:miejscowosc><sln:miejscowosc><sln:cyklZyciaDo>2016-11-26T00:00:00+01:00</sln:cyklZyciaDo><sln:cyklZyciaOd>2014-11-27T00:00:00+01:00</sln:cyklZyciaOd><sln:gmIIPId>2209caf6-3b71-4d9e-9cec-8797c141bfe4</sln:gmIIPId><sln:gmIIPPn>PL.PZGIK.200</sln:gmIIPPn><sln:gmIIPWersja>2012-09-26T22:54:04+02:00</sln:gmIIPWersja><sln:gmIdTeryt>1419132</sln:gmIdTeryt><sln:gmNazwa>Stara Biała</sln:gmNazwa><sln:miejscIIPId>1b596772-d7ee-47d1-96f2-dc0a282054af</sln:miejscIIPId><sln:miejscIIPPn>PL.PZGIK.200</sln:miejscIIPPn><sln:miejscIIPWersja>2016-11-24T13:38:21+02:00</sln:miejscIIPWersja><sln:miejscIdTeryt>0576036</sln:miejscIdTeryt><sln:miejscNazwa>Biała</sln:miejscNazwa><sln:miejscRodzaj>Wieś</sln:miejscRodzaj><sln:powIIPId>b3b3dfff-c9b2-4d74-8cf8-f21e620136f6</sln:powIIPId><sln:powIIPPn>PL.PZGIK.200</sln:powIIPPn><sln:powIIPWersja>2012-09-27T08:13:53+02:00</sln:powIIPWersja><sln:powIdTeryt>1419</sln:powIdTeryt><sln:powNazwa>płocki</sln:powNazwa><sln:wojIIPId>4b6c492a-eb04-441d-a92a-f44359c06de7</sln:wojIIPId><sln:wojIIPPn>PL.PZGIK.200</sln:wojIIPPn><sln:wojIIPWersja>2012-09-27T13:45:13+02:00</sln:wojIIPWersja><sln:wojIdTeryt>14</sln:wojIdTeryt><sln:wojNazwa>mazowieckie</sln:wojNazwa></sln:miejscowosc><sln:miejscowosc><sln:cyklZyciaDo>2016-11-26T00:00:00+01:00</sln:cyklZyciaDo><sln:cyklZyciaOd>2014-11-27T00:00:00+01:00</sln:cyklZyciaOd><sln:gmIIPId>2209caf6-3b71-4d9e-9cec-8797c141bfe4</sln:gmIIPId><sln:gmIIPPn>PL.PZGIK.200</sln:gmIIPPn><sln:gmIIPWersja>2012-09-26T22:54:04+02:00</sln:gmIIPWersja><sln:gmIdTeryt>1419132</sln:gmIdTeryt><sln:gmNazwa>Stara Biała</sln:gmNazwa><sln:miejscIIPId>f810ebb6-5945-40cc-89e5-38e91b155e5b</sln:miejscIIPId><sln:miejscIIPPn>PL.PZGIK.200</sln:miejscIIPPn><sln:miejscIIPWersja>2016-11-24T13:43:05+02:00</sln:miejscIIPWersja><sln:miejscIdTeryt>0576266</sln:miejscIdTeryt><sln:miejscNazwa>Nowa Biała</sln:miejscNazwa><sln:miejscRodzaj>Wieś</sln:miejscRodzaj><sln:powIIPId>b3b3dfff-c9b2-4d74-8cf8-f21e620136f6</sln:powIIPId><sln:powIIPPn>PL.PZGIK.200</sln:powIIPPn><sln:powIIPWersja>2012-09-27T08:13:53+02:00</sln:powIIPWersja><sln:powIdTeryt>1419</sln:powIdTeryt><sln:powNazwa>płocki</sln:powNazwa><sln:wojIIPId>4b6c492a-eb04-441d-a92a-f44359c06de7</sln:wojIIPId><sln:wojIIPPn>PL.PZGIK.200</sln:wojIIPPn><sln:wojIIPWersja>2012-09-27T13:45:13+02:00</sln:wojIIPWersja><sln:wojIdTeryt>14</sln:wojIdTeryt><sln:wojNazwa>mazowieckie</sln:wojNazwa></sln:miejscowosc><sln:miejscowosc><sln:cyklZyciaDo>2016-11-26T00:00:00+01:00</sln:cyklZyciaDo><sln:cyklZyciaOd>2014-11-27T00:00:00+01:00</sln:cyklZyciaOd><sln:gmIIPId>2209caf6-3b71-4d9e-9cec-8797c141bfe4</sln:gmIIPId><sln:gmIIPPn>PL.PZGIK.200</sln:gmIIPPn><sln:gmIIPWersja>2012-09-26T22:54:04+02:00</sln:gmIIPWersja><sln:gmIdTeryt>1419132</sln:gmIdTeryt><sln:gmNazwa>Stara Biała</sln:gmNazwa><sln:miejscIIPId>e4453fbd-ac40-49b0-a40b-2b238af0ae7b</sln:miejscIIPId><sln:miejscIIPPn>PL.PZGIK.200</sln:miejscIIPPn><sln:miejscIIPWersja>2016-11-24T13:39:34+02:00</sln:miejscIIPWersja><sln:miejscIdTeryt>0576148</sln:miejscIdTeryt><sln:miejscNazwa>Kobierniki</sln:miejscNazwa><sln:miejscRodzaj>Wieś</sln:miejscRodzaj><sln:powIIPId>b3b3dfff-c9b2-4d74-8cf8-f21e620136f6</sln:powIIPId><sln:powIIPPn>PL.PZGIK.200</sln:powIIPPn><sln:powIIPWersja>2012-09-27T08:13:53+02:00</sln:powIIPWersja><sln:powIdTeryt>1419</sln:powIdTeryt><sln:powNazwa>płocki</sln:powNazwa><sln:wojIIPId>4b6c492a-eb04-441d-a92a-f44359c06de7</sln:wojIIPId><sln:wojIIPPn>PL.PZGIK.200</sln:wojIIPPn><sln:wojIIPWersja>2012-09-27T13:45:13+02:00</sln:wojIIPWersja><sln:wojIdTeryt>14</sln:wojIdTeryt><sln:wojNazwa>mazowieckie</sln:wojNazwa></sln:miejscowosc><sln:miejscowosc><sln:cyklZyciaOd>2015-10-22T00:00:00+02:00</sln:cyklZyciaOd><sln:gmIIPId>2209caf6-3b71-4d9e-9cec-8797c141bfe4</sln:gmIIPId><sln:gmIIPPn>PL.PZGIK.200</sln:gmIIPPn><sln:gmIIPWersja>2012-09-26T22:54:04+02:00</sln:gmIIPWersja><sln:gmIdTeryt>1419132</sln:gmIdTeryt><sln:gmNazwa>Stara Biała</sln:gmNazwa><sln:miejscIIPId>f13f95f1-a639-4229-bd35-b030b637c687</sln:miejscIIPId><sln:miejscIIPPn>PL.PZGIK.200</sln:miejscIIPPn><sln:miejscIIPWersja>2016-11-24T13:28:32+02:00</sln:miejscIIPWersja><sln:miejscIdTeryt>0576088</sln:miejscIdTeryt><sln:miejscNazwa>Brwilno</sln:miejscNazwa><sln:miejscRodzaj>Wieś</sln:miejscRodzaj><sln:powIIPId>b3b3dfff-c9b2-4d74-8cf8-f21e620136f6</sln:powIIPId><sln:powIIPPn>PL.PZGIK.200</sln:powIIPPn><sln:powIIPWersja>2012-09-27T08:13:53+02:00</sln:powIIPWersja><sln:powIdTeryt>1419</sln:powIdTeryt><sln:powNazwa>płocki</sln:powNazwa><sln:wojIIPId>4b6c492a-eb04-441d-a92a-f44359c06de7</sln:wojIIPId><sln:wojIIPPn>PL.PZGIK.200</sln:wojIIPPn><sln:wojIIPWersja>2012-09-27T13:45:13+02:00</sln:wojIIPWersja><sln:wojIdTeryt>14</sln:wojIdTeryt><sln:wojNazwa>mazowieckie</sln:wojNazwa></sln:miejscowosc><sln:miejscowosc><sln:cyklZyciaDo>2016-11-26T00:00:00+01:00</sln:cyklZyciaDo><sln:cyklZyciaOd>2014-11-27T00:00:00+01:00</sln:cyklZyciaOd><sln:gmIIPId>2209caf6-3b71-4d9e-9cec-8797c141bfe4</sln:gmIIPId><sln:gmIIPPn>PL.PZGIK.200</sln:gmIIPPn><sln:gmIIPWersja>2012-09-26T22:54:04+02:00</sln:gmIIPWersja><sln:gmIdTeryt>1419132</sln:gmIdTeryt><sln:gmNazwa>Stara Biała</sln:gmNazwa><sln:miejscIIPId>0f0b0672-f6af-41dd-a2f8-fd0dd0599d20</sln:miejscIIPId><sln:miejscIIPPn>PL.PZGIK.200</sln:miejscIIPPn><sln:miejscIIPWersja>2016-11-24T13:31:10+02:00</sln:miejscIIPWersja><sln:miejscIdTeryt>0576355</sln:miejscIdTeryt><sln:miejscNazwa>Stara Biała</sln:miejscNazwa><sln:miejscRodzaj>Wieś</sln:miejscRodzaj><sln:powIIPId>b3b3dfff-c9b2-4d74-8cf8-f21e620136f6</sln:powIIPId><sln:powIIPPn>PL.PZGIK.200</sln:powIIPPn><sln:powIIPWersja>2012-09-27T08:13:53+02:00</sln:powIIPWersja><sln:powIdTeryt>1419</sln:powIdTeryt><sln:powNazwa>płocki</sln:powNazwa><sln:wojIIPId>4b6c492a-eb04-441d-a92a-f44359c06de7</sln:wojIIPId><sln:wojIIPPn>PL.PZGIK.200</sln:wojIIPPn><sln:wojIIPWersja>2012-09-27T13:45:13+02:00</sln:wojIIPWersja><sln:wojIdTeryt>14</sln:wojIdTeryt><sln:wojNazwa>mazowieckie</sln:wojNazwa></sln:miejscowosc><sln:miejscowosc><sln:cyklZyciaDo>2016-11-26T00:00:00+01:00</sln:cyklZyciaDo><sln:cyklZyciaOd>2014-11-27T00:00:00+01:00</sln:cyklZyciaOd><sln:gmIIPId>2209caf6-3b71-4d9e-9cec-8797c141bfe4</sln:gmIIPId><sln:gmIIPPn>PL.PZGIK.200</sln:gmIIPPn><sln:gmIIPWersja>2012-09-26T22:54:04+02:00</sln:gmIIPWersja><sln:gmIdTeryt>1419132</sln:gmIdTeryt><sln:gmNazwa>Stara Biała</sln:gmNazwa><sln:miejscIIPId>89f78a42-7cb5-40ee-8750-d57235fa2a27</sln:miejscIIPId><sln:miejscIIPPn>PL.PZGIK.200</sln:miejscIIPPn><sln:miejscIIPWersja>2016-11-24T13:42:17+02:00</sln:miejscIIPWersja><sln:miejscIdTeryt>0576250</sln:miejscIdTeryt><sln:miejscNazwa>Miłodróż</sln:miejscNazwa><sln:miejscRodzaj>Wieś</sln:miejscRodzaj><sln:powIIPId>b3b3dfff-c9b2-4d74-8cf8-f21e620136f6</sln:powIIPId><sln:powIIPPn>PL.PZGIK.200</sln:powIIPPn><sln:powIIPWersja>2012-09-27T08:13:53+02:00</sln:powIIPWersja><sln:powIdTeryt>1419</sln:powIdTeryt><sln:powNazwa>płocki</sln:powNazwa><sln:wojIIPId>4b6c492a-eb04-441d-a92a-f44359c06de7</sln:wojIIPId><sln:wojIIPPn>PL.PZGIK.200</sln:wojIIPPn><sln:wojIIPWersja>2012-09-27T13:45:13+02:00</sln:wojIIPWersja><sln:wojIdTeryt>14</sln:wojIdTeryt><sln:wojNazwa>mazowieckie</sln:wojNazwa></sln:miejscowosc><sln:miejscowosc><sln:cyklZyciaDo>2016-11-26T00:00:00+01:00</sln:cyklZyciaDo><sln:cyklZyciaOd>2014-11-27T00:00:00+01:00</sln:cyklZyciaOd><sln:gmIIPId>2209caf6-3b71-4d9e-9cec-8797c141bfe4</sln:gmIIPId><sln:gmIIPPn>PL.PZGIK.200</sln:gmIIPPn><sln:gmIIPWersja>2012-09-26T22:54:04+02:00</sln:gmIIPWersja><sln:gmIdTeryt>1419132</sln:gmIdTeryt><sln:gmNazwa>Stara Biała</sln:gmNazwa><sln:miejscIIPId>177bed1d-17ce-49e9-a015-54149813fe7a</sln:miejscIIPId><sln:miejscIIPPn>PL.PZGIK.200</sln:miejscIIPPn><sln:miejscIIPWersja>2016-11-24T13:32:34+02:00</sln:miejscIIPWersja><sln:miejscIdTeryt>0576378</sln:miejscIdTeryt><sln:miejscNazwa>Trzebuń</sln:miejscNazwa><sln:miejscRodzaj>Wieś</sln:miejscRodzaj><sln:powIIPId>b3b3dfff-c9b2-4d74-8cf8-f21e620136f6</sln:powIIPId><sln:powIIPPn>PL.PZGIK.200</sln:powIIPPn><sln:powIIPWersja>2012-09-27T08:13:53+02:00</sln:powIIPWersja><sln:powIdTeryt>1419</sln:powIdTeryt><sln:powNazwa>płocki</sln:powNazwa><sln:wojIIPId>4b6c492a-eb04-441d-a92a-f44359c06de7</sln:wojIIPId><sln:wojIIPPn>PL.PZGIK.200</sln:wojIIPPn><sln:wojIIPWersja>2012-09-27T13:45:13+02:00</sln:wojIIPWersja><sln:wojIdTeryt>14</sln:wojIdTeryt><sln:wojNazwa>mazowieckie</sln:wojNazwa></sln:miejscowosc><sln:miejscowosc><sln:cyklZyciaDo>2016-11-26T00:00:00+01:00</sln:cyklZyciaDo><sln:cyklZyciaOd>2014-11-27T00:00:00+01:00</sln:cyklZyciaOd><sln:gmIIPId>2209caf6-3b71-4d9e-9cec-8797c141bfe4</sln:gmIIPId><sln:gmIIPPn>PL.PZGIK.200</sln:gmIIPPn><sln:gmIIPWersja>2012-09-26T22:54:04+02:00</sln:gmIIPWersja><sln:gmIdTeryt>1419132</sln:gmIdTeryt><sln:gmNazwa>Stara Biała</sln:gmNazwa><sln:miejscIIPId>7e68de14-73f4-467e-bdd6-19ba35ea19be</sln:miejscIIPId><sln:miejscIIPPn>PL.PZGIK.200</sln:miejscIIPPn><sln:miejscIIPWersja>2016-11-24T13:43:16+02:00</sln:miejscIIPWersja><sln:miejscIdTeryt>0576272</sln:miejscIdTeryt><sln:miejscNazwa>Nowe Bronowo</sln:miejscNazwa><sln:miejscRodzaj>Wieś</sln:miejscRodzaj><sln:powIIPId>b3b3dfff-c9b2-4d74-8cf8-f21e620136f6</sln:powIIPId><sln:powIIPPn>PL.PZGIK.200</sln:powIIPPn><sln:powIIPWersja>2012-09-27T08:13:53+02:00</sln:powIIPWersja><sln:powIdTeryt>1419</sln:powIdTeryt><sln:powNazwa>płocki</sln:powNazwa><sln:wojIIPId>4b6c492a-eb04-441d-a92a-f44359c06de7</sln:wojIIPId><sln:wojIIPPn>PL.PZGIK.200</sln:wojIIPPn><sln:wojIIPWersja>2012-09-27T13:45:13+02:00</sln:wojIIPWersja><sln:wojIdTeryt>14</sln:wojIdTeryt><sln:wojNazwa>mazowieckie</sln:wojNazwa></sln:miejscowosc><sln:miejscowosc><sln:cyklZyciaDo>2016-11-26T00:00:00+01:00</sln:cyklZyciaDo><sln:cyklZyciaOd>2014-11-27T00:00:00+01:00</sln:cyklZyciaOd><sln:gmIIPId>2209caf6-3b71-4d9e-9cec-8797c141bfe4</sln:gmIIPId><sln:gmIIPPn>PL.PZGIK.200</sln:gmIIPPn><sln:gmIIPWersja>2012-09-26T22:54:04+02:00</sln:gmIIPWersja><sln:gmIdTeryt>1419132</sln:gmIdTeryt><sln:gmNazwa>Stara Biała</sln:gmNazwa><sln:miejscIIPId>6ad86dee-83c2-4694-8fc6-ebad38fb8613</sln:miejscIIPId><sln:miejscIIPPn>PL.PZGIK.200</sln:miejscIIPPn><sln:miejscIIPWersja>2016-11-24T13:43:19+02:00</sln:miejscIIPWersja><sln:miejscIdTeryt>0576289</sln:miejscIdTeryt><sln:miejscNazwa>Nowe Draganie</sln:miejscNazwa><sln:miejscRodzaj>Wieś</sln:miejscRodzaj><sln:powIIPId>b3b3dfff-c9b2-4d74-8cf8-f21e620136f6</sln:powIIPId><sln:powIIPPn>PL.PZGIK.200</sln:powIIPPn><sln:powIIPWersja>2012-09-27T08:13:53+02:00</sln:powIIPWersja><sln:powIdTeryt>1419</sln:powIdTeryt><sln:powNazwa>płocki</sln:powNazwa><sln:wojIIPId>4b6c492a-eb04-441d-a92a-f44359c06de7</sln:wojIIPId><sln:wojIIPPn>PL.PZGIK.200</sln:wojIIPPn><sln:wojIIPWersja>2012-09-27T13:45:13+02:00</sln:wojIIPWersja><sln:wojIdTeryt>14</sln:wojIdTeryt><sln:wojNazwa>mazowieckie</sln:wojNazwa></sln:miejscowosc><sln:miejscowosc><sln:cyklZyciaDo>2016-11-26T00:00:00+01:00</sln:cyklZyciaDo><sln:cyklZyciaOd>2014-11-27T00:00:00+01:00</sln:cyklZyciaOd><sln:gmIIPId>2209caf6-3b71-4d9e-9cec-8797c141bfe4</sln:gmIIPId><sln:gmIIPPn>PL.PZGIK.200</sln:gmIIPPn><sln:gmIIPWersja>2012-09-26T22:54:04+02:00</sln:gmIIPWersja><sln:gmIdTeryt>1419132</sln:gmIdTeryt><sln:gmNazwa>Stara Biała</sln:gmNazwa><sln:miejscIIPId>0f587244-c221-4a34-b5cc-ed2a647d4a70</sln:miejscIIPId><sln:miejscIIPPn>PL.PZGIK.200</sln:miejscIIPPn><sln:miejscIIPWersja>2016-11-24T13:38:22+02:00</sln:miejscIIPWersja><sln:miejscIdTeryt>3013287</sln:miejscIdTeryt><sln:miejscNazwa>Biała-Osiedle</sln:miejscNazwa><sln:miejscRodzaj>Inny obiekt</sln:miejscRodzaj><sln:powIIPId>b3b3dfff-c9b2-4d74-8cf8-f21e620136f6</sln:powIIPId><sln:powIIPPn>PL.PZGIK.200</sln:powIIPPn><sln:powIIPWersja>2012-09-27T08:13:53+02:00</sln:powIIPWersja><sln:powIdTeryt>1419</sln:powIdTeryt><sln:powNazwa>płocki</sln:powNazwa><sln:wojIIPId>4b6c492a-eb04-441d-a92a-f44359c06de7</sln:wojIIPId><sln:wojIIPPn>PL.PZGIK.200</sln:wojIIPPn><sln:wojIIPWersja>2012-09-27T13:45:13+02:00</sln:wojIIPWersja><sln:wojIdTeryt>14</sln:wojIdTeryt><sln:wojNazwa>mazowieckie</sln:wojNazwa></sln:miejscowosc><sln:miejscowosc><sln:cyklZyciaDo>2016-11-26T00:00:00+01:00</sln:cyklZyciaDo><sln:cyklZyciaOd>2014-11-27T00:00:00+01:00</sln:cyklZyciaOd><sln:gmIIPId>2209caf6-3b71-4d9e-9cec-8797c141bfe4</sln:gmIIPId><sln:gmIIPPn>PL.PZGIK.200</sln:gmIIPPn><sln:gmIIPWersja>2012-09-26T22:54:04+02:00</sln:gmIIPWersja><sln:gmIdTeryt>1419132</sln:gmIdTeryt><sln:gmNazwa>Stara Biała</sln:gmNazwa><sln:miejscIIPId>b09f191c-ed08-4c7f-880e-e44a49b1907d</sln:miejscIIPId><sln:miejscIIPPn>PL.PZGIK.200</sln:miejscIIPPn><sln:miejscIIPWersja>2016-11-24T13:28:16+02:00</sln:miejscIIPWersja><sln:miejscIdTeryt>0576065</sln:miejscIdTeryt><sln:miejscNazwa>Bronowo Kmiece</sln:miejscNazwa><sln:miejscRodzaj>Wieś</sln:miejscRodzaj><sln:powIIPId>b3b3dfff-c9b2-4d74-8cf8-f21e620136f6</sln:powIIPId><sln:powIIPPn>PL.PZGIK.200</sln:powIIPPn><sln:powIIPWersja>2012-09-27T08:13:53+02:00</sln:powIIPWersja><sln:powIdTeryt>1419</sln:powIdTeryt><sln:powNazwa>płocki</sln:powNazwa><sln:wojIIPId>4b6c492a-eb04-441d-a92a-f44359c06de7</sln:wojIIPId><sln:wojIIPPn>PL.PZGIK.200</sln:wojIIPPn><sln:wojIIPWersja>2012-09-27T13:45:13+02:00</sln:wojIIPWersja><sln:wojIdTeryt>14</sln:wojIdTeryt><sln:wojNazwa>mazowieckie</sln:wojNazwa></sln:miejscowosc><sln:miejscowosc><sln:cyklZyciaDo>2016-11-26T00:00:00+01:00</sln:cyklZyciaDo><sln:cyklZyciaOd>2014-11-27T00:00:00+01:00</sln:cyklZyciaOd><sln:gmIIPId>2209caf6-3b71-4d9e-9cec-8797c141bfe4</sln:gmIIPId><sln:gmIIPPn>PL.PZGIK.200</sln:gmIIPPn><sln:gmIIPWersja>2012-09-26T22:54:04+02:00</sln:gmIIPWersja><sln:gmIdTeryt>1419132</sln:gmIdTeryt><sln:gmNazwa>Stara Biała</sln:gmNazwa><sln:miejscIIPId>6aa5a956-60c4-4b2a-9ba1-fbf13a7bc81b</sln:miejscIIPId><sln:miejscIIPPn>PL.PZGIK.200</sln:miejscIIPPn><sln:miejscIIPWersja>2016-11-24T13:28:16+02:00</sln:miejscIIPWersja><sln:miejscIdTeryt>0576071</sln:miejscIdTeryt><sln:miejscNazwa>Bronowo-Zalesie</sln:miejscNazwa><sln:miejscRodzaj>Wieś</sln:miejscRodzaj><sln:powIIPId>b3b3dfff-c9b2-4d74-8cf8-f21e620136f6</sln:powIIPId><sln:powIIPPn>PL.PZGIK.200</sln:powIIPPn><sln:powIIPWersja>2012-09-27T08:13:53+02:00</sln:powIIPWersja><sln:powIdTeryt>1419</sln:powIdTeryt><sln:powNazwa>płocki</sln:powNazwa><sln:wojIIPId>4b6c492a-eb04-441d-a92a-f44359c06de7</sln:wojIIPId><sln:wojIIPPn>PL.PZGIK.200</sln:wojIIPPn><sln:wojIIPWersja>2012-09-27T13:45:13+02:00</sln:wojIIPWersja><sln:wojIdTeryt>14</sln:wojIdTeryt><sln:wojNazwa>mazowieckie</sln:wojNazwa></sln:miejscowosc><sln:miejscowosc><sln:cyklZyciaDo>2016-11-26T00:00:00+01:00</sln:cyklZyciaDo><sln:cyklZyciaOd>2014-11-27T00:00:00+01:00</sln:cyklZyciaOd><sln:gmIIPId>2209caf6-3b71-4d9e-9cec-8797c141bfe4</sln:gmIIPId><sln:gmIIPPn>PL.PZGIK.200</sln:gmIIPPn><sln:gmIIPWersja>2012-09-26T22:54:04+02:00</sln:gmIIPWersja><sln:gmIdTeryt>1419132</sln:gmIdTeryt><sln:gmNazwa>Stara Biała</sln:gmNazwa><sln:miejscIIPId>c141e243-c4ec-4480-9da5-7a2a67718798</sln:miejscIIPId><sln:miejscIIPPn>PL.PZGIK.200</sln:miejscIIPPn><sln:miejscIIPWersja>2016-11-24T13:31:17+02:00</sln:miejscIIPWersja><sln:miejscIdTeryt>0576361</sln:miejscIdTeryt><sln:miejscNazwa>Stare Proboszczewice</sln:miejscNazwa><sln:miejscRodzaj>Wieś</sln:miejscRodzaj><sln:powIIPId>b3b3dfff-c9b2-4d74-8cf8-f21e620136f6</sln:powIIPId><sln:powIIPPn>PL.PZGIK.200</sln:powIIPPn><sln:powIIPWersja>2012-09-27T08:13:53+02:00</sln:powIIPWersja><sln:powIdTeryt>1419</sln:powIdTeryt><sln:powNazwa>płocki</sln:powNazwa><sln:wojIIPId>4b6c492a-eb04-441d-a92a-f44359c06de7</sln:wojIIPId><sln:wojIIPPn>PL.PZGIK.200</sln:wojIIPPn><sln:wojIIPWersja>2012-09-27T13:45:13+02:00</sln:wojIIPWersja><sln:wojIdTeryt>14</sln:wojIdTeryt><sln:wojNazwa>mazowieckie</sln:wojNazwa></sln:miejscowosc><sln:miejscowosc><sln:cyklZyciaOd>2015-10-22T00:00:00+02:00</sln:cyklZyciaOd><sln:gmIIPId>2209caf6-3b71-4d9e-9cec-8797c141bfe4</sln:gmIIPId><sln:gmIIPPn>PL.PZGIK.200</sln:gmIIPPn><sln:gmIIPWersja>2012-09-26T22:54:04+02:00</sln:gmIIPWersja><sln:gmIdTeryt>1419132</sln:gmIdTeryt><sln:gmNazwa>Stara Biała</sln:gmNazwa><sln:miejscIIPId>c31e747f-fc83-46ab-bf79-57a3f1c8bbf9</sln:miejscIIPId><sln:miejscIIPPn>PL.PZGIK.200</sln:miejscIIPPn><sln:miejscIIPWersja>2016-11-24T13:42:04+02:00</sln:miejscIIPWersja><sln:miejscIdTeryt>0576237</sln:miejscIdTeryt><sln:miejscNazwa>Maszewo</sln:miejscNazwa><sln:miejscRodzaj>Wieś</sln:miejscRodzaj><sln:powIIPId>b3b3dfff-c9b2-4d74-8cf8-f21e620136f6</sln:powIIPId><sln:powIIPPn>PL.PZGIK.200</sln:powIIPPn><sln:powIIPWersja>2012-09-27T08:13:53+02:00</sln:powIIPWersja><sln:powIdTeryt>1419</sln:powIdTeryt><sln:powNazwa>płocki</sln:powNazwa><sln:wojIIPId>4b6c492a-eb04-441d-a92a-f44359c06de7</sln:wojIIPId><sln:wojIIPPn>PL.PZGIK.200</sln:wojIIPPn><sln:wojIIPWersja>2012-09-27T13:45:13+02:00</sln:wojIIPWersja><sln:wojIdTeryt>14</sln:wojIdTeryt><sln:wojNazwa>mazowieckie</sln:wojNazwa></sln:miejscowosc><sln:miejscowosc><sln:cyklZyciaDo>2016-11-26T00:00:00+01:00</sln:cyklZyciaDo><sln:cyklZyciaOd>2014-11-27T00:00:00+01:00</sln:cyklZyciaOd><sln:gmIIPId>2209caf6-3b71-4d9e-9cec-8797c141bfe4</sln:gmIIPId><sln:gmIIPPn>PL.PZGIK.200</sln:gmIIPPn><sln:gmIIPWersja>2012-09-26T22:54:04+02:00</sln:gmIIPWersja><sln:gmIdTeryt>1419132</sln:gmIdTeryt><sln:gmNazwa>Stara Biała</sln:gmNazwa><sln:miejscIIPId>7382ca53-ba40-45b4-8b58-c4bdac22fe08</sln:miejscIIPId><sln:miejscIIPPn>PL.PZGIK.200</sln:miejscIIPPn><sln:miejscIIPWersja>2016-11-24T13:42:05+02:00</sln:miejscIIPWersja><sln:miejscIdTeryt>0576243</sln:miejscIdTeryt><sln:miejscNazwa>Maszewo Duże</sln:miejscNazwa><sln:miejscRodzaj>Wieś</sln:miejscRodzaj><sln:powIIPId>b3b3dfff-c9b2-4d74-8cf8-f21e620136f6</sln:powIIPId><sln:powIIPPn>PL.PZGIK.200</sln:powIIPPn><sln:powIIPWersja>2012-09-27T08:13:53+02:00</sln:powIIPWersja><sln:powIdTeryt>1419</sln:powIdTeryt><sln:powNazwa>płocki</sln:powNazwa><sln:wojIIPId>4b6c492a-eb04-441d-a92a-f44359c06de7</sln:wojIIPId><sln:wojIIPPn>PL.PZGIK.200</sln:wojIIPPn><sln:wojIIPWersja>2012-09-27T13:45:13+02:00</sln:wojIIPWersja><sln:wojIdTeryt>14</sln:wojIdTeryt><sln:wojNazwa>mazowieckie</sln:wojNazwa></sln:miejscowosc><sln:miejscowosc><sln:cyklZyciaDo>2016-11-26T00:00:00+01:00</sln:cyklZyciaDo><sln:cyklZyciaOd>2014-11-27T00:00:00+01:00</sln:cyklZyciaOd><sln:gmIIPId>2209caf6-3b71-4d9e-9cec-8797c141bfe4</sln:gmIIPId><sln:gmIIPPn>PL.PZGIK.200</sln:gmIIPPn><sln:gmIIPWersja>2012-09-26T22:54:04+02:00</sln:gmIIPWersja><sln:gmIdTeryt>1419132</sln:gmIdTeryt><sln:gmNazwa>Stara Biała</sln:gmNazwa><sln:miejscIIPId>a2559ec7-90ef-4f10-96b9-ddeca7e852de</sln:miejscIIPId><sln:miejscIIPPn>PL.PZGIK.200</sln:miejscIIPPn><sln:miejscIIPWersja>2016-11-24T13:43:47+02:00</sln:miejscIIPWersja><sln:miejscIdTeryt>0576326</sln:miejscIdTeryt><sln:miejscNazwa>Ogorzelice</sln:miejscNazwa><sln:miejscRodzaj>Wieś</sln:miejscRodzaj><sln:powIIPId>b3b3dfff-c9b2-4d74-8cf8-f21e620136f6</sln:powIIPId><sln:powIIPPn>PL.PZGIK.200</sln:powIIPPn><sln:powIIPWersja>2012-09-27T08:13:53+02:00</sln:powIIPWersja><sln:powIdTeryt>1419</sln:powIdTeryt><sln:powNazwa>płocki</sln:powNazwa><sln:wojIIPId>4b6c492a-eb04-441d-a92a-f44359c06de7</sln:wojIIPId><sln:wojIIPPn>PL.PZGIK.200</sln:wojIIPPn><sln:wojIIPWersja>2012-09-27T13:45:13+02:00</sln:wojIIPWersja><sln:wojIdTeryt>14</sln:wojIdTeryt><sln:wojNazwa>mazowieckie</sln:wojNazwa></sln:miejscowosc><sln:miejscowosc><sln:cyklZyciaDo>2016-11-26T00:00:00+01:00</sln:cyklZyciaDo><sln:cyklZyciaOd>2014-11-27T00:00:00+01:00</sln:cyklZyciaOd><sln:gmIIPId>2209caf6-3b71-4d9e-9cec-8797c141bfe4</sln:gmIIPId><sln:gmIIPPn>PL.PZGIK.200</sln:gmIIPPn><sln:gmIIPWersja>2012-09-26T22:54:04+02:00</sln:gmIIPWersja><sln:gmIdTeryt>1419132</sln:gmIdTeryt><sln:gmNazwa>Stara Biała</sln:gmNazwa><sln:miejscIIPId>c06faf9c-6c47-4065-8bf5-c43ec4303c91</sln:miejscIIPId><sln:miejscIIPPn>PL.PZGIK.200</sln:miejscIIPPn><sln:miejscIIPWersja>2016-11-24T13:36:49+02:00</sln:miejscIIPWersja><sln:miejscIdTeryt>0576125</sln:miejscIdTeryt><sln:miejscNazwa>Dziarnowo</sln:miejscNazwa><sln:miejscRodzaj>Wieś</sln:miejscRodzaj><sln:powIIPId>b3b3dfff-c9b2-4d74-8cf8-f21e620136f6</sln:powIIPId><sln:powIIPPn>PL.PZGIK.200</sln:powIIPPn><sln:powIIPWersja>2012-09-27T08:13:53+02:00</sln:powIIPWersja><sln:powIdTeryt>1419</sln:powIdTeryt><sln:powNazwa>płocki</sln:powNazwa><sln:wojIIPId>4b6c492a-eb04-441d-a92a-f44359c06de7</sln:wojIIPId><sln:wojIIPPn>PL.PZGIK.200</sln:wojIIPPn><sln:wojIIPWersja>2012-09-27T13:45:13+02:00</sln:wojIIPWersja><sln:wojIdTeryt>14</sln:wojIdTeryt><sln:wojNazwa>mazowieckie</sln:wojNazwa></sln:miejscowosc><sln:miejscowosc><sln:cyklZyciaDo>2016-11-26T00:00:00+01:00</sln:cyklZyciaDo><sln:cyklZyciaOd>2014-11-27T00:00:00+01:00</sln:cyklZyciaOd><sln:gmIIPId>2209caf6-3b71-4d9e-9cec-8797c141bfe4</sln:gmIIPId><sln:gmIIPPn>PL.PZGIK.200</sln:gmIIPPn><sln:gmIIPWersja>2012-09-26T22:54:04+02:00</sln:gmIIPWersja><sln:gmIdTeryt>1419132</sln:gmIdTeryt><sln:gmNazwa>Stara Biała</sln:gmNazwa><sln:miejscIIPId>413fa079-6105-4fbc-882d-11bc44dede8b</sln:miejscIIPId><sln:miejscIIPPn>PL.PZGIK.200</sln:miejscIIPPn><sln:miejscIIPWersja>2016-11-24T13:47:24+02:00</sln:miejscIIPWersja><sln:miejscIdTeryt>0576349</sln:miejscIdTeryt><sln:miejscNazwa>Pieńki</sln:miejscNazwa><sln:miejscRodzaj>Inny obiekt</sln:miejscRodzaj><sln:powIIPId>b3b3dfff-c9b2-4d74-8cf8-f21e620136f6</sln:powIIPId><sln:powIIPPn>PL.PZGIK.200</sln:powIIPPn><sln:powIIPWersja>2012-09-27T08:13:53+02:00</sln:powIIPWersja><sln:powIdTeryt>1419</sln:powIdTeryt><sln:powNazwa>płocki</sln:powNazwa><sln:wojIIPId>4b6c492a-eb04-441d-a92a-f44359c06de7</sln:wojIIPId><sln:wojIIPPn>PL.PZGIK.200</sln:wojIIPPn><sln:wojIIPWersja>2012-09-27T13:45:13+02:00</sln:wojIIPWersja><sln:wojIdTeryt>14</sln:wojIdTeryt><sln:wojNazwa>mazowieckie</sln:wojNazwa></sln:miejscowosc><sln:miejscowosc><sln:cyklZyciaDo>2016-11-26T00:00:00+01:00</sln:cyklZyciaDo><sln:cyklZyciaOd>2014-11-27T00:00:00+01:00</sln:cyklZyciaOd><sln:gmIIPId>2209caf6-3b71-4d9e-9cec-8797c141bfe4</sln:gmIIPId><sln:gmIIPPn>PL.PZGIK.200</sln:gmIIPPn><sln:gmIIPWersja>2012-09-26T22:54:04+02:00</sln:gmIIPWersja><sln:gmIdTeryt>1419132</sln:gmIdTeryt><sln:gmNazwa>Stara Biała</sln:gmNazwa><sln:miejscIIPId>83b26cc7-6072-4be2-8cf9-407bc7562c35</sln:miejscIIPId><sln:miejscIIPPn>PL.PZGIK.200</sln:miejscIIPPn><sln:miejscIIPWersja>2016-11-24T13:44:55+02:00</sln:miejscIIPWersja><sln:miejscIdTeryt>0576094</sln:miejscIdTeryt><sln:miejscNazwa>Antonówka</sln:miejscNazwa><sln:miejscRodzaj>Inny obiekt</sln:miejscRodzaj><sln:powIIPId>b3b3dfff-c9b2-4d74-8cf8-f21e620136f6</sln:powIIPId><sln:powIIPPn>PL.PZGIK.200</sln:powIIPPn><sln:powIIPWersja>2012-09-27T08:13:53+02:00</sln:powIIPWersja><sln:powIdTeryt>1419</sln:powIdTeryt><sln:powNazwa>płocki</sln:powNazwa><sln:wojIIPId>4b6c492a-eb04-441d-a92a-f44359c06de7</sln:wojIIPId><sln:wojIIPPn>PL.PZGIK.200</sln:wojIIPPn><sln:wojIIPWersja>2012-09-27T13:45:13+02:00</sln:wojIIPWersja><sln:wojIdTeryt>14</sln:wojIdTeryt><sln:wojNazwa>mazowieckie</sln:wojNazwa></sln:miejscowosc><sln:miejscowosc><sln:cyklZyciaOd>2015-10-21T00:00:00+02:00</sln:cyklZyciaOd><sln:gmIIPId>2209caf6-3b71-4d9e-9cec-8797c141bfe4</sln:gmIIPId><sln:gmIIPPn>PL.PZGIK.200</sln:gmIIPPn><sln:gmIIPWersja>2012-09-26T22:54:04+02:00</sln:gmIIPWersja><sln:gmIdTeryt>1419132</sln:gmIdTeryt><sln:gmNazwa>Stara Biała</sln:gmNazwa><sln:miejscIIPId>42f3fb3b-259c-4108-88e8-3c528d136fda</sln:miejscIIPId><sln:miejscIIPPn>PL.PZGIK.200</sln:miejscIIPPn><sln:miejscIIPWersja>2016-11-24T13:43:23+02:00</sln:miejscIIPWersja><sln:miejscIdTeryt>0576295</sln:miejscIdTeryt><sln:miejscNazwa>Nowe Proboszczewice</sln:miejscNazwa><sln:miejscRodzaj>Wieś</sln:miejscRodzaj><sln:powIIPId>b3b3dfff-c9b2-4d74-8cf8-f21e620136f6</sln:powIIPId><sln:powIIPPn>PL.PZGIK.200</sln:powIIPPn><sln:powIIPWersja>2012-09-27T08:13:53+02:00</sln:powIIPWersja><sln:powIdTeryt>1419</sln:powIdTeryt><sln:powNazwa>płocki</sln:powNazwa><sln:wojIIPId>4b6c492a-eb04-441d-a92a-f44359c06de7</sln:wojIIPId><sln:wojIIPPn>PL.PZGIK.200</sln:wojIIPPn><sln:wojIIPWersja>2012-09-27T13:45:13+02:00</sln:wojIIPWersja><sln:wojIdTeryt>14</sln:wojIdTeryt><sln:wojNazwa>mazowieckie</sln:wojNazwa></sln:miejscowosc><sln:miejscowosc><sln:cyklZyciaDo>2016-11-26T00:00:00+01:00</sln:cyklZyciaDo><sln:cyklZyciaOd>2014-11-27T00:00:00+01:00</sln:cyklZyciaOd><sln:gmIIPId>2209caf6-3b71-4d9e-9cec-8797c141bfe4</sln:gmIIPId><sln:gmIIPPn>PL.PZGIK.200</sln:gmIIPPn><sln:gmIIPWersja>2012-09-26T22:54:04+02:00</sln:gmIIPWersja><sln:gmIdTeryt>1419132</sln:gmIdTeryt><sln:gmNazwa>Stara Biała</sln:gmNazwa><sln:miejscIIPId>85fcf00e-2ad1-40ec-ae2b-524ab30b4746</sln:miejscIIPId><sln:miejscIIPPn>PL.PZGIK.200</sln:miejscIIPPn><sln:miejscIIPWersja>2016-11-24T13:28:16+02:00</sln:miejscIIPWersja><sln:miejscIdTeryt>3002975</sln:miejscIdTeryt><sln:miejscNazwa>Bronowo-Sady</sln:miejscNazwa><sln:miejscRodzaj>Inny obiekt</sln:miejscRodzaj><sln:powIIPId>b3b3dfff-c9b2-4d74-8cf8-f21e620136f6</sln:powIIPId><sln:powIIPPn>PL.PZGIK.200</sln:powIIPPn><sln:powIIPWersja>2012-09-27T08:13:53+02:00</sln:powIIPWersja><sln:powIdTeryt>1419</sln:powIdTeryt><sln:powNazwa>płocki</sln:powNazwa><sln:wojIIPId>4b6c492a-eb04-441d-a92a-f44359c06de7</sln:wojIIPId><sln:wojIIPPn>PL.PZGIK.200</sln:wojIIPPn><sln:wojIIPWersja>2012-09-27T13:45:13+02:00</sln:wojIIPWersja><sln:wojIdTeryt>14</sln:wojIdTeryt><sln:wojNazwa>mazowieckie</sln:wojNazwa></sln:miejscowosc><sln:miejscowosc><sln:cyklZyciaOd>2015-10-27T00:00:00+01:00</sln:cyklZyciaOd><sln:gmIIPId>2209caf6-3b71-4d9e-9cec-8797c141bfe4</sln:gmIIPId><sln:gmIIPPn>PL.PZGIK.200</sln:gmIIPPn><sln:gmIIPWersja>2012-09-26T22:54:04+02:00</sln:gmIIPWersja><sln:gmIdTeryt>1419132</sln:gmIdTeryt><sln:gmNazwa>Stara Biała</sln:gmNazwa><sln:miejscIIPId>529d1632-f001-45da-a6c1-33bd009bbf4e</sln:miejscIIPId><sln:miejscIIPPn>PL.PZGIK.200</sln:miejscIIPPn><sln:miejscIIPWersja>2016-11-24T13:41:53+02:00</sln:miejscIIPWersja><sln:miejscIdTeryt>0576220</sln:miejscIdTeryt><sln:miejscNazwa>Mańkowo</sln:miejscNazwa><sln:miejscRodzaj>Wieś</sln:miejscRodzaj><sln:powIIPId>b3b3dfff-c9b2-4d74-8cf8-f21e620136f6</sln:powIIPId><sln:powIIPPn>PL.PZGIK.200</sln:powIIPPn><sln:powIIPWersja>2012-09-27T08:13:53+02:00</sln:powIIPWersja><sln:powIdTeryt>1419</sln:powIdTeryt><sln:powNazwa>płocki</sln:powNazwa><sln:wojIIPId>4b6c492a-eb04-441d-a92a-f44359c06de7</sln:wojIIPId><sln:wojIIPPn>PL.PZGIK.200</sln:wojIIPPn><sln:wojIIPWersja>2012-09-27T13:45:13+02:00</sln:wojIIPWersja><sln:wojIdTeryt>14</sln:wojIdTeryt><sln:wojNazwa>mazowieckie</sln:wojNazwa></sln:miejscowosc><sln:miejscowosc><sln:cyklZyciaDo>2016-11-26T00:00:00+01:00</sln:cyklZyciaDo><sln:cyklZyciaOd>2014-11-27T00:00:00+01:00</sln:cyklZyciaOd><sln:gmIIPId>2209caf6-3b71-4d9e-9cec-8797c141bfe4</sln:gmIIPId><sln:gmIIPPn>PL.PZGIK.200</sln:gmIIPPn><sln:gmIIPWersja>2012-09-26T22:54:04+02:00</sln:gmIIPWersja><sln:gmIdTeryt>1419132</sln:gmIdTeryt><sln:gmNazwa>Stara Biała</sln:gmNazwa><sln:miejscIIPId>abcef896-f762-4e59-ab44-81d810114f63</sln:miejscIIPId><sln:miejscIIPPn>PL.PZGIK.200</sln:miejscIIPPn><sln:miejscIIPWersja>2016-11-24T13:31:19+02:00</sln:miejscIIPWersja><sln:miejscIdTeryt>3006450</sln:miejscIdTeryt><sln:miejscNazwa>Stare Trzepowo</sln:miejscNazwa><sln:miejscRodzaj>Inny obiekt</sln:miejscRodzaj><sln:powIIPId>b3b3dfff-c9b2-4d74-8cf8-f21e620136f6</sln:powIIPId><sln:powIIPPn>PL.PZGIK.200</sln:powIIPPn><sln:powIIPWersja>2012-09-27T08:13:53+02:00</sln:powIIPWersja><sln:powIdTeryt>1419</sln:powIdTeryt><sln:powNazwa>płocki</sln:powNazwa><sln:wojIIPId>4b6c492a-eb04-441d-a92a-f44359c06de7</sln:wojIIPId><sln:wojIIPPn>PL.PZGIK.200</sln:wojIIPPn><sln:wojIIPWersja>2012-09-27T13:45:13+02:00</sln:wojIIPWersja><sln:wojIdTeryt>14</sln:wojIdTeryt><sln:wojNazwa>mazowieckie</sln:wojNazwa></sln:miejscowosc><sln:miejscowosc><sln:cyklZyciaDo>2016-11-26T00:00:00+01:00</sln:cyklZyciaDo><sln:cyklZyciaOd>2014-11-27T00:00:00+01:00</sln:cyklZyciaOd><sln:gmIIPId>2209caf6-3b71-4d9e-9cec-8797c141bfe4</sln:gmIIPId><sln:gmIIPPn>PL.PZGIK.200</sln:gmIIPPn><sln:gmIIPWersja>2012-09-26T22:54:04+02:00</sln:gmIIPWersja><sln:gmIdTeryt>1419132</sln:gmIdTeryt><sln:gmNazwa>Stara Biała</sln:gmNazwa><sln:miejscIIPId>474a2658-70c8-4544-a6e6-6a94dfe384d6</sln:miejscIIPId><sln:miejscIIPPn>PL.PZGIK.200</sln:miejscIIPPn><sln:miejscIIPWersja>2016-11-24T13:33:26+02:00</sln:miejscIIPWersja><sln:miejscIdTeryt>0576390</sln:miejscIdTeryt><sln:miejscNazwa>Włoczewo</sln:miejscNazwa><sln:miejscRodzaj>Wieś</sln:miejscRodzaj><sln:powIIPId>b3b3dfff-c9b2-4d74-8cf8-f21e620136f6</sln:powIIPId><sln:powIIPPn>PL.PZGIK.200</sln:powIIPPn><sln:powIIPWersja>2012-09-27T08:13:53+02:00</sln:powIIPWersja><sln:powIdTeryt>1419</sln:powIdTeryt><sln:powNazwa>płocki</sln:powNazwa><sln:wojIIPId>4b6c492a-eb04-441d-a92a-f44359c06de7</sln:wojIIPId><sln:wojIIPPn>PL.PZGIK.200</sln:wojIIPPn><sln:wojIIPWersja>2012-09-27T13:45:13+02:00</sln:wojIIPWersja><sln:wojIdTeryt>14</sln:wojIdTeryt><sln:wojNazwa>mazowieckie</sln:wojNazwa></sln:miejscowosc><sln:miejscowosc><sln:cyklZyciaDo>2016-11-26T00:00:00+01:00</sln:cyklZyciaDo><sln:cyklZyciaOd>2014-11-27T00:00:00+01:00</sln:cyklZyciaOd><sln:gmIIPId>2209caf6-3b71-4d9e-9cec-8797c141bfe4</sln:gmIIPId><sln:gmIIPPn>PL.PZGIK.200</sln:gmIIPPn><sln:gmIIPWersja>2012-09-26T22:54:04+02:00</sln:gmIIPWersja><sln:gmIdTeryt>1419132</sln:gmIdTeryt><sln:gmNazwa>Stara Biała</sln:gmNazwa><sln:miejscIIPId>4f4e1f2b-176d-4de0-a2d3-28f5919745e7</sln:miejscIIPId><sln:miejscIIPPn>PL.PZGIK.200</sln:miejscIIPPn><sln:miejscIIPWersja>2016-11-24T13:31:14+02:00</sln:miejscIIPWersja><sln:miejscIdTeryt>0576119</sln:miejscIdTeryt><sln:miejscNazwa>Stare Draganie</sln:miejscNazwa><sln:miejscRodzaj>Wieś</sln:miejscRodzaj><sln:powIIPId>b3b3dfff-c9b2-4d74-8cf8-f21e620136f6</sln:powIIPId><sln:powIIPPn>PL.PZGIK.200</sln:powIIPPn><sln:powIIPWersja>2012-09-27T08:13:53+02:00</sln:powIIPWersja><sln:powIdTeryt>1419</sln:powIdTeryt><sln:powNazwa>płocki</sln:powNazwa><sln:wojIIPId>4b6c492a-eb04-441d-a92a-f44359c06de7</sln:wojIIPId><sln:wojIIPPn>PL.PZGIK.200</sln:wojIIPPn><sln:wojIIPWersja>2012-09-27T13:45:13+02:00</sln:wojIIPWersja><sln:wojIdTeryt>14</sln:wojIdTeryt><sln:wojNazwa>mazowieckie</sln:wojNazwa></sln:miejscowosc><sln:miejscowosc><sln:cyklZyciaDo>2016-11-26T00:00:00+01:00</sln:cyklZyciaDo><sln:cyklZyciaOd>2014-11-27T00:00:00+01:00</sln:cyklZyciaOd><sln:gmIIPId>2209caf6-3b71-4d9e-9cec-8797c141bfe4</sln:gmIIPId><sln:gmIIPPn>PL.PZGIK.200</sln:gmIIPPn><sln:gmIIPWersja>2012-09-26T22:54:04+02:00</sln:gmIIPWersja><sln:gmIdTeryt>1419132</sln:gmIdTeryt><sln:gmNazwa>Stara Biała</sln:gmNazwa><sln:miejscIIPId>eb410357-62f5-4fd9-b11f-37b58e0f3571</sln:miejscIIPId><sln:miejscIIPPn>PL.PZGIK.200</sln:miejscIIPPn><sln:miejscIIPWersja>2016-11-24T13:54:49+02:00</sln:miejscIIPWersja><sln:miejscIdTeryt>0576059</sln:miejscIdTeryt><sln:miejscNazwa>Poświętne</sln:miejscNazwa><sln:miejscRodzaj>Inny obiekt</sln:miejscRodzaj><sln:powIIPId>b3b3dfff-c9b2-4d74-8cf8-f21e620136f6</sln:powIIPId><sln:powIIPPn>PL.PZGIK.200</sln:powIIPPn><sln:powIIPWersja>2012-09-27T08:13:53+02:00</sln:powIIPWersja><sln:powIdTeryt>1419</sln:powIdTeryt><sln:powNazwa>płocki</sln:powNazwa><sln:wojIIPId>4b6c492a-eb04-441d-a92a-f44359c06de7</sln:wojIIPId><sln:wojIIPPn>PL.PZGIK.200</sln:wojIIPPn><sln:wojIIPWersja>2012-09-27T13:45:13+02:00</sln:wojIIPWersja><sln:wojIdTeryt>14</sln:wojIdTeryt><sln:wojNazwa>mazowieckie</sln:wojNazwa></sln:miejscowosc><sln:miejscowosc><sln:cyklZyciaOd>2015-11-20T00:00:00+01:00</sln:cyklZyciaOd><sln:gmIIPId>2209caf6-3b71-4d9e-9cec-8797c141bfe4</sln:gmIIPId><sln:gmIIPPn>PL.PZGIK.200</sln:gmIIPPn><sln:gmIIPWersja>2012-09-26T22:54:04+02:00</sln:gmIIPWersja><sln:gmIdTeryt>1419132</sln:gmIdTeryt><sln:gmNazwa>Stara Biała</sln:gmNazwa><sln:miejscIIPId>9e2e33c7-9b12-42c7-b47b-8cea8900d172</sln:miejscIIPId><sln:miejscIIPPn>PL.PZGIK.200</sln:miejscIIPPn><sln:miejscIIPWersja>2016-11-24T13:34:00+02:00</sln:miejscIIPWersja><sln:miejscIdTeryt>0576409</sln:miejscIdTeryt><sln:miejscNazwa>Wyszyna</sln:miejscNazwa><sln:miejscRodzaj>Wieś</sln:miejscRodzaj><sln:powIIPId>b3b3dfff-c9b2-4d74-8cf8-f21e620136f6</sln:powIIPId><sln:powIIPPn>PL.PZGIK.200</sln:powIIPPn><sln:powIIPWersja>2012-09-27T08:13:53+02:00</sln:powIIPWersja><sln:powIdTeryt>1419</sln:powIdTeryt><sln:powNazwa>płocki</sln:powNazwa><sln:wojIIPId>4b6c492a-eb04-441d-a92a-f44359c06de7</sln:wojIIPId><sln:wojIIPPn>PL.PZGIK.200</sln:wojIIPPn><sln:wojIIPWersja>2012-09-27T13:45:13+02:00</sln:wojIIPWersja><sln:wojIdTeryt>14</sln:wojIdTeryt><sln:wojNazwa>mazowieckie</sln:wojNazwa></sln:miejscowosc><sln:miejscowosc><sln:cyklZyciaDo>2016-11-26T00:00:00+01:00</sln:cyklZyciaDo><sln:cyklZyciaOd>2014-11-27T00:00:00+01:00</sln:cyklZyciaOd><sln:gmIIPId>2209caf6-3b71-4d9e-9cec-8797c141bfe4</sln:gmIIPId><sln:gmIIPPn>PL.PZGIK.200</sln:gmIIPPn><sln:gmIIPWersja>2012-09-26T22:54:04+02:00</sln:gmIIPWersja><sln:gmIdTeryt>1419132</sln:gmIdTeryt><sln:gmNazwa>Stara Biała</sln:gmNazwa><sln:miejscIIPId>9545131d-a671-4eb1-b1c0-ec81b57b64c6</sln:miejscIIPId><sln:miejscIIPPn>PL.PZGIK.200</sln:miejscIIPPn><sln:miejscIIPWersja>2016-11-24T13:54:49+02:00</sln:miejscIIPWersja><sln:miejscIdTeryt>0576042</sln:miejscIdTeryt><sln:miejscNazwa>Biała-Parcela</sln:miejscNazwa><sln:miejscRodzaj>Inny obiekt</sln:miejscRodzaj><sln:powIIPId>b3b3dfff-c9b2-4d74-8cf8-f21e620136f6</sln:powIIPId><sln:powIIPPn>PL.PZGIK.200</sln:powIIPPn><sln:powIIPWersja>2012-09-27T08:13:53+02:00</sln:powIIPWersja><sln:powIdTeryt>1419</sln:powIdTeryt><sln:powNazwa>płocki</sln:powNazwa><sln:wojIIPId>4b6c492a-eb04-441d-a92a-f44359c06de7</sln:wojIIPId><sln:wojIIPPn>PL.PZGIK.200</sln:wojIIPPn><sln:wojIIPWersja>2012-09-27T13:45:13+02:00</sln:wojIIPWersja><sln:wojIdTeryt>14</sln:wojIdTeryt><sln:wojNazwa>mazowieckie</sln:wojNazwa></sln:miejscowosc><sln:miejscowosc><sln:cyklZyciaDo>2016-11-26T00:00:00+01:00</sln:cyklZyciaDo><sln:cyklZyciaOd>2014-11-27T00:00:00+01:00</sln:cyklZyciaOd><sln:gmIIPId>2209caf6-3b71-4d9e-9cec-8797c141bfe4</sln:gmIIPId><sln:gmIIPPn>PL.PZGIK.200</sln:gmIIPPn><sln:gmIIPWersja>2012-09-26T22:54:04+02:00</sln:gmIIPWersja><sln:gmIdTeryt>1419132</sln:gmIdTeryt><sln:gmNazwa>Stara Biała</sln:gmNazwa><sln:miejscIIPId>47d135b1-fc68-4fba-9b60-b12119e79786</sln:miejscIIPId><sln:miejscIIPPn>PL.PZGIK.200</sln:miejscIIPPn><sln:miejscIIPWersja>2016-11-24T13:31:08+02:00</sln:miejscIIPWersja><sln:miejscIdTeryt>0576332</sln:miejscIdTeryt><sln:miejscNazwa>Srebrna</sln:miejscNazwa><sln:miejscRodzaj>Wieś</sln:miejscRodzaj><sln:powIIPId>b3b3dfff-c9b2-4d74-8cf8-f21e620136f6</sln:powIIPId><sln:powIIPPn>PL.PZGIK.200</sln:powIIPPn><sln:powIIPWersja>2012-09-27T08:13:53+02:00</sln:powIIPWersja><sln:powIdTeryt>1419</sln:powIdTeryt><sln:powNazwa>płocki</sln:powNazwa><sln:wojIIPId>4b6c492a-eb04-441d-a92a-f44359c06de7</sln:wojIIPId><sln:wojIIPPn>PL.PZGIK.200</sln:wojIIPPn><sln:wojIIPWersja>2012-09-27T13:45:13+02:00</sln:wojIIPWersja><sln:wojIdTeryt>14</sln:wojIdTeryt><sln:wojNazwa>mazowieckie</sln:wojNazwa></sln:miejscowosc><sln:miejscowosc><sln:cyklZyciaDo>2016-11-26T00:00:00+01:00</sln:cyklZyciaDo><sln:cyklZyciaOd>2014-11-27T00:00:00+01:00</sln:cyklZyciaOd><sln:gmIIPId>2209caf6-3b71-4d9e-9cec-8797c141bfe4</sln:gmIIPId><sln:gmIIPPn>PL.PZGIK.200</sln:gmIIPPn><sln:gmIIPWersja>2012-09-26T22:54:04+02:00</sln:gmIIPWersja><sln:gmIdTeryt>1419132</sln:gmIdTeryt><sln:gmNazwa>Stara Biała</sln:gmNazwa><sln:miejscIIPId>0b6b470a-ecaa-4690-8a82-3c53d3737504</sln:miejscIIPId><sln:miejscIIPPn>PL.PZGIK.200</sln:miejscIIPPn><sln:miejscIIPWersja>2016-11-24T13:40:02+02:00</sln:miejscIIPWersja><sln:miejscIdTeryt>0576190</sln:miejscIdTeryt><sln:miejscNazwa>Kowalewko</sln:miejscNazwa><sln:miejscRodzaj>Wieś</sln:miejscRodzaj><sln:powIIPId>b3b3dfff-c9b2-4d74-8cf8-f21e620136f6</sln:powIIPId><sln:powIIPPn>PL.PZGIK.200</sln:powIIPPn><sln:powIIPWersja>2012-09-27T08:13:53+02:00</sln:powIIPWersja><sln:powIdTeryt>1419</sln:powIdTeryt><sln:powNazwa>płocki</sln:powNazwa><sln:wojIIPId>4b6c492a-eb04-441d-a92a-f44359c06de7</sln:wojIIPId><sln:wojIIPPn>PL.PZGIK.200</sln:wojIIPPn><sln:wojIIPWersja>2012-09-27T13:45:13+02:00</sln:wojIIPWersja><sln:wojIdTeryt>14</sln:wojIdTeryt><sln:wojNazwa>mazowieckie</sln:wojNazwa></sln:miejscowosc><sln:miejscowosc><sln:cyklZyciaDo>2016-11-26T00:00:00+01:00</sln:cyklZyciaDo><sln:cyklZyciaOd>2014-11-27T00:00:00+01:00</sln:cyklZyciaOd><sln:gmIIPId>2209caf6-3b71-4d9e-9cec-8797c141bfe4</sln:gmIIPId><sln:gmIIPPn>PL.PZGIK.200</sln:gmIIPPn><sln:gmIIPWersja>2012-09-26T22:54:04+02:00</sln:gmIIPWersja><sln:gmIdTeryt>1419132</sln:gmIdTeryt><sln:gmNazwa>Stara Biała</sln:gmNazwa><sln:miejscIIPId>670c6374-41ff-41f1-96b7-6b374f593507</sln:miejscIIPId><sln:miejscIIPPn>PL.PZGIK.200</sln:miejscIIPPn><sln:miejscIIPWersja>2016-11-24T13:40:23+02:00</sln:miejscIIPWersja><sln:miejscIdTeryt>0576208</sln:miejscIdTeryt><sln:miejscNazwa>Kruszczewo</sln:miejscNazwa><sln:miejscRodzaj>Wieś</sln:miejscRodzaj><sln:powIIPId>b3b3dfff-c9b2-4d74-8cf8-f21e620136f6</sln:powIIPId><sln:powIIPPn>PL.PZGIK.200</sln:powIIPPn><sln:powIIPWersja>2012-09-27T08:13:53+02:00</sln:powIIPWersja><sln:powIdTeryt>1419</sln:powIdTeryt><sln:powNazwa>płocki</sln:powNazwa><sln:wojIIPId>4b6c492a-eb04-441d-a92a-f44359c06de7</sln:wojIIPId><sln:wojIIPPn>PL.PZGIK.200</sln:wojIIPPn><sln:wojIIPWersja>2012-09-27T13:45:13+02:00</sln:wojIIPWersja><sln:wojIdTeryt>14</sln:wojIdTeryt><sln:wojNazwa>mazowieckie</sln:wojNazwa></sln:miejscowosc><sln:miejscowosc><sln:cyklZyciaOd>2015-11-20T00:00:00+01:00</sln:cyklZyciaOd><sln:gmIIPId>2209caf6-3b71-4d9e-9cec-8797c141bfe4</sln:gmIIPId><sln:gmIIPPn>PL.PZGIK.200</sln:gmIIPPn><sln:gmIIPWersja>2012-09-26T22:54:04+02:00</sln:gmIIPWersja><sln:gmIdTeryt>1419132</sln:gmIdTeryt><sln:gmNazwa>Stara Biała</sln:gmNazwa><sln:miejscIIPId>de829663-1f86-4893-a271-eecaca7116fb</sln:miejscIIPId><sln:miejscIIPPn>PL.PZGIK.200</sln:miejscIIPPn><sln:miejscIIPWersja>2016-11-24T13:43:27+02:00</sln:miejscIIPWersja><sln:miejscIdTeryt>0576303</sln:miejscIdTeryt><sln:miejscNazwa>Nowe Trzepowo</sln:miejscNazwa><sln:miejscRodzaj>Wieś</sln:miejscRodzaj><sln:powIIPId>b3b3dfff-c9b2-4d74-8cf8-f21e620136f6</sln:powIIPId><sln:powIIPPn>PL.PZGIK.200</sln:powIIPPn><sln:powIIPWersja>2012-09-27T08:13:53+02:00</sln:powIIPWersja><sln:powIdTeryt>1419</sln:powIdTeryt><sln:powNazwa>płocki</sln:powNazwa><sln:wojIIPId>4b6c492a-eb04-441d-a92a-f44359c06de7</sln:wojIIPId><sln:wojIIPPn>PL.PZGIK.200</sln:wojIIPPn><sln:wojIIPWersja>2012-09-27T13:45:13+02:00</sln:wojIIPWersja><sln:wojIdTeryt>14</sln:wojIdTeryt><sln:wojNazwa>mazowieckie</sln:wojNazwa></sln:miejscowosc><sln:miejscowosc><sln:cyklZyciaDo>2015-10-21T00:00:00+02:00</sln:cyklZyciaDo><sln:cyklZyciaOd>2014-11-27T00:00:00+01:00</sln:cyklZyciaOd><sln:gmIIPId>2209caf6-3b71-4d9e-9cec-8797c141bfe4</sln:gmIIPId><sln:gmIIPPn>PL.PZGIK.200</sln:gmIIPPn><sln:gmIIPWersja>2012-09-26T22:54:04+02:00</sln:gmIIPWersja><sln:gmIdTeryt>1419132</sln:gmIdTeryt><sln:gmNazwa>Stara Biała</sln:gmNazwa><sln:miejscIIPId>42f3fb3b-259c-4108-88e8-3c528d136fda</sln:miejscIIPId><sln:miejscIIPPn>PL.PZGIK.200</sln:miejscIIPPn><sln:miejscIIPWersja>2016-11-24T13:43:24+02:00</sln:miejscIIPWersja><sln:miejscIdTeryt>0576295</sln:miejscIdTeryt><sln:miejscNazwa>Nowe Proboszczewice</sln:miejscNazwa><sln:miejscRodzaj>Wieś</sln:miejscRodzaj><sln:powIIPId>b3b3dfff-c9b2-4d74-8cf8-f21e620136f6</sln:powIIPId><sln:powIIPPn>PL.PZGIK.200</sln:powIIPPn><sln:powIIPWersja>2012-09-27T08:13:53+02:00</sln:powIIPWersja><sln:powIdTeryt>1419</sln:powIdTeryt><sln:powNazwa>płocki</sln:powNazwa><sln:wojIIPId>4b6c492a-eb04-441d-a92a-f44359c06de7</sln:wojIIPId><sln:wojIIPPn>PL.PZGIK.200</sln:wojIIPPn><sln:wojIIPWersja>2012-09-27T13:45:13+02:00</sln:wojIIPWersja><sln:wojIdTeryt>14</sln:wojIdTeryt><sln:wojNazwa>mazowieckie</sln:wojNazwa></sln:miejscowosc><sln:miejscowosc><sln:cyklZyciaDo>2015-10-22T00:00:00+02:00</sln:cyklZyciaDo><sln:cyklZyciaOd>2014-11-27T00:00:00+01:00</sln:cyklZyciaOd><sln:gmIIPId>2209caf6-3b71-4d9e-9cec-8797c141bfe4</sln:gmIIPId><sln:gmIIPPn>PL.PZGIK.200</sln:gmIIPPn><sln:gmIIPWersja>2012-09-26T22:54:04+02:00</sln:gmIIPWersja><sln:gmIdTeryt>1419132</sln:gmIdTeryt><sln:gmNazwa>Stara Biała</sln:gmNazwa><sln:miejscIIPId>f13f95f1-a639-4229-bd35-b030b637c687</sln:miejscIIPId><sln:miejscIIPPn>PL.PZGIK.200</sln:miejscIIPPn><sln:miejscIIPWersja>2016-11-24T13:28:33+02:00</sln:miejscIIPWersja><sln:miejscIdTeryt>0576088</sln:miejscIdTeryt><sln:miejscNazwa>Brwilno</sln:miejscNazwa><sln:miejscRodzaj>Wieś</sln:miejscRodzaj><sln:powIIPId>b3b3dfff-c9b2-4d74-8cf8-f21e620136f6</sln:powIIPId><sln:powIIPPn>PL.PZGIK.200</sln:powIIPPn><sln:powIIPWersja>2012-09-27T08:13:53+02:00</sln:powIIPWersja><sln:powIdTeryt>1419</sln:powIdTeryt><sln:powNazwa>płocki</sln:powNazwa><sln:wojIIPId>4b6c492a-eb04-441d-a92a-f44359c06de7</sln:wojIIPId><sln:wojIIPPn>PL.PZGIK.200</sln:wojIIPPn><sln:wojIIPWersja>2012-09-27T13:45:13+02:00</sln:wojIIPWersja><sln:wojIdTeryt>14</sln:wojIdTeryt><sln:wojNazwa>mazowieckie</sln:wojNazwa></sln:miejscowosc><sln:miejscowosc><sln:cyklZyciaDo>2015-10-22T00:00:00+02:00</sln:cyklZyciaDo><sln:cyklZyciaOd>2014-11-27T00:00:00+01:00</sln:cyklZyciaOd><sln:gmIIPId>2209caf6-3b71-4d9e-9cec-8797c141bfe4</sln:gmIIPId><sln:gmIIPPn>PL.PZGIK.200</sln:gmIIPPn><sln:gmIIPWersja>2012-09-26T22:54:04+02:00</sln:gmIIPWersja><sln:gmIdTeryt>1419132</sln:gmIdTeryt><sln:gmNazwa>Stara Biała</sln:gmNazwa><sln:miejscIIPId>c31e747f-fc83-46ab-bf79-57a3f1c8bbf9</sln:miejscIIPId><sln:miejscIIPPn>PL.PZGIK.200</sln:miejscIIPPn><sln:miejscIIPWersja>2016-11-24T13:42:05+02:00</sln:miejscIIPWersja><sln:miejscIdTeryt>0576237</sln:miejscIdTeryt><sln:miejscNazwa>Maszewo</sln:miejscNazwa><sln:miejscRodzaj>Wieś</sln:miejscRodzaj><sln:powIIPId>b3b3dfff-c9b2-4d74-8cf8-f21e620136f6</sln:powIIPId><sln:powIIPPn>PL.PZGIK.200</sln:powIIPPn><sln:powIIPWersja>2012-09-27T08:13:53+02:00</sln:powIIPWersja><sln:powIdTeryt>1419</sln:powIdTeryt><sln:powNazwa>płocki</sln:powNazwa><sln:wojIIPId>4b6c492a-eb04-441d-a92a-f44359c06de7</sln:wojIIPId><sln:wojIIPPn>PL.PZGIK.200</sln:wojIIPPn><sln:wojIIPWersja>2012-09-27T13:45:13+02:00</sln:wojIIPWersja><sln:wojIdTeryt>14</sln:wojIdTeryt><sln:wojNazwa>mazowieckie</sln:wojNazwa></sln:miejscowosc><sln:miejscowosc><sln:cyklZyciaDo>2015-10-27T00:00:00+01:00</sln:cyklZyciaDo><sln:cyklZyciaOd>2014-11-27T00:00:00+01:00</sln:cyklZyciaOd><sln:gmIIPId>2209caf6-3b71-4d9e-9cec-8797c141bfe4</sln:gmIIPId><sln:gmIIPPn>PL.PZGIK.200</sln:gmIIPPn><sln:gmIIPWersja>2012-09-26T22:54:04+02:00</sln:gmIIPWersja><sln:gmIdTeryt>1419132</sln:gmIdTeryt><sln:gmNazwa>Stara Biała</sln:gmNazwa><sln:miejscIIPId>529d1632-f001-45da-a6c1-33bd009bbf4e</sln:miejscIIPId><sln:miejscIIPPn>PL.PZGIK.200</sln:miejscIIPPn><sln:miejscIIPWersja>2016-11-24T13:41:54+02:00</sln:miejscIIPWersja><sln:miejscIdTeryt>0576220</sln:miejscIdTeryt><sln:miejscNazwa>Mańkowo</sln:miejscNazwa><sln:miejscRodzaj>Wieś</sln:miejscRodzaj><sln:powIIPId>b3b3dfff-c9b2-4d74-8cf8-f21e620136f6</sln:powIIPId><sln:powIIPPn>PL.PZGIK.200</sln:powIIPPn><sln:powIIPWersja>2012-09-27T08:13:53+02:00</sln:powIIPWersja><sln:powIdTeryt>1419</sln:powIdTeryt><sln:powNazwa>płocki</sln:powNazwa><sln:wojIIPId>4b6c492a-eb04-441d-a92a-f44359c06de7</sln:wojIIPId><sln:wojIIPPn>PL.PZGIK.200</sln:wojIIPPn><sln:wojIIPWersja>2012-09-27T13:45:13+02:00</sln:wojIIPWersja><sln:wojIdTeryt>14</sln:wojIdTeryt><sln:wojNazwa>mazowieckie</sln:wojNazwa></sln:miejscowosc><sln:miejscowosc><sln:cyklZyciaDo>2015-11-20T00:00:00+01:00</sln:cyklZyciaDo><sln:cyklZyciaOd>2014-11-27T00:00:00+01:00</sln:cyklZyciaOd><sln:gmIIPId>2209caf6-3b71-4d9e-9cec-8797c141bfe4</sln:gmIIPId><sln:gmIIPPn>PL.PZGIK.200</sln:gmIIPPn><sln:gmIIPWersja>2012-09-26T22:54:04+02:00</sln:gmIIPWersja><sln:gmIdTeryt>1419132</sln:gmIdTeryt><sln:gmNazwa>Stara Biała</sln:gmNazwa><sln:miejscIIPId>9e2e33c7-9b12-42c7-b47b-8cea8900d172</sln:miejscIIPId><sln:miejscIIPPn>PL.PZGIK.200</sln:miejscIIPPn><sln:miejscIIPWersja>2016-11-24T13:34:01+02:00</sln:miejscIIPWersja><sln:miejscIdTeryt>0576409</sln:miejscIdTeryt><sln:miejscNazwa>Wyszyna</sln:miejscNazwa><sln:miejscRodzaj>Wieś</sln:miejscRodzaj><sln:powIIPId>b3b3dfff-c9b2-4d74-8cf8-f21e620136f6</sln:powIIPId><sln:powIIPPn>PL.PZGIK.200</sln:powIIPPn><sln:powIIPWersja>2012-09-27T08:13:53+02:00</sln:powIIPWersja><sln:powIdTeryt>1419</sln:powIdTeryt><sln:powNazwa>płocki</sln:powNazwa><sln:wojIIPId>4b6c492a-eb04-441d-a92a-f44359c06de7</sln:wojIIPId><sln:wojIIPPn>PL.PZGIK.200</sln:wojIIPPn><sln:wojIIPWersja>2012-09-27T13:45:13+02:00</sln:wojIIPWersja><sln:wojIdTeryt>14</sln:wojIdTeryt><sln:wojNazwa>mazowieckie</sln:wojNazwa></sln:miejscowosc><sln:miejscowosc><sln:cyklZyciaDo>2015-11-20T00:00:00+01:00</sln:cyklZyciaDo><sln:cyklZyciaOd>2014-11-27T00:00:00+01:00</sln:cyklZyciaOd><sln:gmIIPId>2209caf6-3b71-4d9e-9cec-8797c141bfe4</sln:gmIIPId><sln:gmIIPPn>PL.PZGIK.200</sln:gmIIPPn><sln:gmIIPWersja>2012-09-26T22:54:04+02:00</sln:gmIIPWersja><sln:gmIdTeryt>1419132</sln:gmIdTeryt><sln:gmNazwa>Stara Biała</sln:gmNazwa><sln:miejscIIPId>de829663-1f86-4893-a271-eecaca7116fb</sln:miejscIIPId><sln:miejscIIPPn>PL.PZGIK.200</sln:miejscIIPPn><sln:miejscIIPWersja>2016-11-24T13:43:28+02:00</sln:miejscIIPWersja><sln:miejscIdTeryt>0576303</sln:miejscIdTeryt><sln:miejscNazwa>Nowe Trzepowo</sln:miejscNazwa><sln:miejscRodzaj>Wieś</sln:miejscRodzaj><sln:powIIPId>b3b3dfff-c9b2-4d74-8cf8-f21e620136f6</sln:powIIPId><sln:powIIPPn>PL.PZGIK.200</sln:powIIPPn><sln:powIIPWersja>2012-09-27T08:13:53+02:00</sln:powIIPWersja><sln:powIdTeryt>1419</sln:powIdTeryt><sln:powNazwa>płocki</sln:powNazwa><sln:wojIIPId>4b6c492a-eb04-441d-a92a-f44359c06de7</sln:wojIIPId><sln:wojIIPPn>PL.PZGIK.200</sln:wojIIPPn><sln:wojIIPWersja>2012-09-27T13:45:13+02:00</sln:wojIIPWersja><sln:wojIdTeryt>14</sln:wojIdTeryt><sln:wojNazwa>mazowieckie</sln:wojNazwa></sln:miejscowosc><sln:miejscowosc><sln:cyklZyciaOd>2016-11-26T00:00:00+01:00</sln:cyklZyciaOd><sln:gmIIPId>2209caf6-3b71-4d9e-9cec-8797c141bfe4</sln:gmIIPId><sln:gmIIPPn>PL.PZGIK.200</sln:gmIIPPn><sln:gmIIPWersja>2012-09-26T22:54:04+02:00</sln:gmIIPWersja><sln:gmIdTeryt>1419132</sln:gmIdTeryt><sln:gmNazwa>Stara Biała</sln:gmNazwa><sln:miejscIIPId>a2bec930-0971-4a99-b3b7-eef5e8224a79</sln:miejscIIPId><sln:miejscIIPPn>PL.PZGIK.200</sln:miejscIIPPn><sln:miejscIIPWersja>2016-11-26T18:00:58+02:00</sln:miejscIIPWersja><sln:miejscIdTeryt>0576214</sln:miejscIdTeryt><sln:miejscNazwa>Ludwikowo</sln:miejscNazwa><sln:miejscRodzaj>Wieś</sln:miejscRodzaj><sln:powIIPId>b3b3dfff-c9b2-4d74-8cf8-f21e620136f6</sln:powIIPId><sln:powIIPPn>PL.PZGIK.200</sln:powIIPPn><sln:powIIPWersja>2012-09-27T08:13:53+02:00</sln:powIIPWersja><sln:powIdTeryt>1419</sln:powIdTeryt><sln:powNazwa>płocki</sln:powNazwa><sln:waznyOd>2015-11-16T00:00:00+01:00</sln:waznyOd><sln:wojIIPId>4b6c492a-eb04-441d-a92a-f44359c06de7</sln:wojIIPId><sln:wojIIPPn>PL.PZGIK.200</sln:wojIIPPn><sln:wojIIPWersja>2012-09-27T13:45:13+02:00</sln:wojIIPWersja><sln:wojIdTeryt>14</sln:wojIdTeryt><sln:wojNazwa>mazowieckie</sln:wojNazwa></sln:miejscowosc><sln:miejscowosc><sln:cyklZyciaOd>2016-11-26T00:00:00+01:00</sln:cyklZyciaOd><sln:gmIIPId>2209caf6-3b71-4d9e-9cec-8797c141bfe4</sln:gmIIPId><sln:gmIIPPn>PL.PZGIK.200</sln:gmIIPPn><sln:gmIIPWersja>2012-09-26T22:54:04+02:00</sln:gmIIPWersja><sln:gmIdTeryt>1419132</sln:gmIdTeryt><sln:gmNazwa>Stara Biała</sln:gmNazwa><sln:miejscIIPId>3f99c387-e941-4b51-8ffc-b790494412dd</sln:miejscIIPId><sln:miejscIIPPn>PL.PZGIK.200</sln:miejscIIPPn><sln:miejscIIPWersja>2016-11-26T18:01:04+02:00</sln:miejscIIPWersja><sln:miejscIdTeryt>0576384</sln:miejscIdTeryt><sln:miejscNazwa>Ulaszewo</sln:miejscNazwa><sln:miejscRodzaj>Wieś</sln:miejscRodzaj><sln:powIIPId>b3b3dfff-c9b2-4d74-8cf8-f21e620136f6</sln:powIIPId><sln:powIIPPn>PL.PZGIK.200</sln:powIIPPn><sln:powIIPWersja>2012-09-27T08:13:53+02:00</sln:powIIPWersja><sln:powIdTeryt>1419</sln:powIdTeryt><sln:powNazwa>płocki</sln:powNazwa><sln:wojIIPId>4b6c492a-eb04-441d-a92a-f44359c06de7</sln:wojIIPId><sln:wojIIPPn>PL.PZGIK.200</sln:wojIIPPn><sln:wojIIPWersja>2012-09-27T13:45:13+02:00</sln:wojIIPWersja><sln:wojIdTeryt>14</sln:wojIdTeryt><sln:wojNazwa>mazowieckie</sln:wojNazwa></sln:miejscowosc><sln:miejscowosc><sln:cyklZyciaOd>2016-11-26T00:00:00+01:00</sln:cyklZyciaOd><sln:gmIIPId>2209caf6-3b71-4d9e-9cec-8797c141bfe4</sln:gmIIPId><sln:gmIIPPn>PL.PZGIK.200</sln:gmIIPPn><sln:gmIIPWersja>2012-09-26T22:54:04+02:00</sln:gmIIPWersja><sln:gmIdTeryt>1419132</sln:gmIdTeryt><sln:gmNazwa>Stara Biała</sln:gmNazwa><sln:miejscIIPId>6aa5a956-60c4-4b2a-9ba1-fbf13a7bc81b</sln:miejscIIPId><sln:miejscIIPPn>PL.PZGIK.200</sln:miejscIIPPn><sln:miejscIIPWersja>2016-11-26T18:01:04+02:00</sln:miejscIIPWersja><sln:miejscIdTeryt>0576071</sln:miejscIdTeryt><sln:miejscNazwa>Bronowo-Zalesie</sln:miejscNazwa><sln:miejscRodzaj>Wieś</sln:miejscRodzaj><sln:powIIPId>b3b3dfff-c9b2-4d74-8cf8-f21e620136f6</sln:powIIPId><sln:powIIPPn>PL.PZGIK.200</sln:powIIPPn><sln:powIIPWersja>2012-09-27T08:13:53+02:00</sln:powIIPWersja><sln:powIdTeryt>1419</sln:powIdTeryt><sln:powNazwa>płocki</sln:powNazwa><sln:wojIIPId>4b6c492a-eb04-441d-a92a-f44359c06de7</sln:wojIIPId><sln:wojIIPPn>PL.PZGIK.200</sln:wojIIPPn><sln:wojIIPWersja>2012-09-27T13:45:13+02:00</sln:wojIIPWersja><sln:wojIdTeryt>14</sln:wojIdTeryt><sln:wojNazwa>mazowieckie</sln:wojNazwa></sln:miejscowosc><sln:miejscowosc><sln:cyklZyciaOd>2016-11-26T00:00:00+01:00</sln:cyklZyciaOd><sln:gmIIPId>2209caf6-3b71-4d9e-9cec-8797c141bfe4</sln:gmIIPId><sln:gmIIPPn>PL.PZGIK.200</sln:gmIIPPn><sln:gmIIPWersja>2012-09-26T22:54:04+02:00</sln:gmIIPWersja><sln:gmIdTeryt>1419132</sln:gmIdTeryt><sln:gmNazwa>Stara Biała</sln:gmNazwa><sln:miejscIIPId>b09f191c-ed08-4c7f-880e-e44a49b1907d</sln:miejscIIPId><sln:miejscIIPPn>PL.PZGIK.200</sln:miejscIIPPn><sln:miejscIIPWersja>2016-11-26T18:01:04+02:00</sln:miejscIIPWersja><sln:miejscIdTeryt>0576065</sln:miejscIdTeryt><sln:miejscNazwa>Bronowo Kmiece</sln:miejscNazwa><sln:miejscRodzaj>Wieś</sln:miejscRodzaj><sln:powIIPId>b3b3dfff-c9b2-4d74-8cf8-f21e620136f6</sln:powIIPId><sln:powIIPPn>PL.PZGIK.200</sln:powIIPPn><sln:powIIPWersja>2012-09-27T08:13:53+02:00</sln:powIIPWersja><sln:powIdTeryt>1419</sln:powIdTeryt><sln:powNazwa>płocki</sln:powNazwa><sln:wojIIPId>4b6c492a-eb04-441d-a92a-f44359c06de7</sln:wojIIPId><sln:wojIIPPn>PL.PZGIK.200</sln:wojIIPPn><sln:wojIIPWersja>2012-09-27T13:45:13+02:00</sln:wojIIPWersja><sln:wojIdTeryt>14</sln:wojIdTeryt><sln:wojNazwa>mazowieckie</sln:wojNazwa></sln:miejscowosc><sln:miejscowosc><sln:cyklZyciaOd>2016-11-26T00:00:00+01:00</sln:cyklZyciaOd><sln:gmIIPId>2209caf6-3b71-4d9e-9cec-8797c141bfe4</sln:gmIIPId><sln:gmIIPPn>PL.PZGIK.200</sln:gmIIPPn><sln:gmIIPWersja>2012-09-26T22:54:04+02:00</sln:gmIIPWersja><sln:gmIdTeryt>1419132</sln:gmIdTeryt><sln:gmNazwa>Stara Biała</sln:gmNazwa><sln:miejscIIPId>47d135b1-fc68-4fba-9b60-b12119e79786</sln:miejscIIPId><sln:miejscIIPPn>PL.PZGIK.200</sln:miejscIIPPn><sln:miejscIIPWersja>2016-11-26T18:01:04+02:00</sln:miejscIIPWersja><sln:miejscIdTeryt>0576332</sln:miejscIdTeryt><sln:miejscNazwa>Srebrna</sln:miejscNazwa><sln:miejscRodzaj>Wieś</sln:miejscRodzaj><sln:powIIPId>b3b3dfff-c9b2-4d74-8cf8-f21e620136f6</sln:powIIPId><sln:powIIPPn>PL.PZGIK.200</sln:powIIPPn><sln:powIIPWersja>2012-09-27T08:13:53+02:00</sln:powIIPWersja><sln:powIdTeryt>1419</sln:powIdTeryt><sln:powNazwa>płocki</sln:powNazwa><sln:wojIIPId>4b6c492a-eb04-441d-a92a-f44359c06de7</sln:wojIIPId><sln:wojIIPPn>PL.PZGIK.200</sln:wojIIPPn><sln:wojIIPWersja>2012-09-27T13:45:13+02:00</sln:wojIIPWersja><sln:wojIdTeryt>14</sln:wojIdTeryt><sln:wojNazwa>mazowieckie</sln:wojNazwa></sln:miejscowosc><sln:miejscowosc><sln:cyklZyciaOd>2016-11-26T00:00:00+01:00</sln:cyklZyciaOd><sln:gmIIPId>2209caf6-3b71-4d9e-9cec-8797c141bfe4</sln:gmIIPId><sln:gmIIPPn>PL.PZGIK.200</sln:gmIIPPn><sln:gmIIPWersja>2012-09-26T22:54:04+02:00</sln:gmIIPWersja><sln:gmIdTeryt>1419132</sln:gmIdTeryt><sln:gmNazwa>Stara Biała</sln:gmNazwa><sln:miejscIIPId>0f0b0672-f6af-41dd-a2f8-fd0dd0599d20</sln:miejscIIPId><sln:miejscIIPPn>PL.PZGIK.200</sln:miejscIIPPn><sln:miejscIIPWersja>2016-11-26T18:01:04+02:00</sln:miejscIIPWersja><sln:miejscIdTeryt>0576355</sln:miejscIdTeryt><sln:miejscNazwa>Stara Biała</sln:miejscNazwa><sln:miejscRodzaj>Wieś</sln:miejscRodzaj><sln:powIIPId>b3b3dfff-c9b2-4d74-8cf8-f21e620136f6</sln:powIIPId><sln:powIIPPn>PL.PZGIK.200</sln:powIIPPn><sln:powIIPWersja>2012-09-27T08:13:53+02:00</sln:powIIPWersja><sln:powIdTeryt>1419</sln:powIdTeryt><sln:powNazwa>płocki</sln:powNazwa><sln:wojIIPId>4b6c492a-eb04-441d-a92a-f44359c06de7</sln:wojIIPId><sln:wojIIPPn>PL.PZGIK.200</sln:wojIIPPn><sln:wojIIPWersja>2012-09-27T13:45:13+02:00</sln:wojIIPWersja><sln:wojIdTeryt>14</sln:wojIdTeryt><sln:wojNazwa>mazowieckie</sln:wojNazwa></sln:miejscowosc><sln:miejscowosc><sln:cyklZyciaOd>2016-11-26T00:00:00+01:00</sln:cyklZyciaOd><sln:gmIIPId>2209caf6-3b71-4d9e-9cec-8797c141bfe4</sln:gmIIPId><sln:gmIIPPn>PL.PZGIK.200</sln:gmIIPPn><sln:gmIIPWersja>2012-09-26T22:54:04+02:00</sln:gmIIPWersja><sln:gmIdTeryt>1419132</sln:gmIdTeryt><sln:gmNazwa>Stara Biała</sln:gmNazwa><sln:miejscIIPId>4f4e1f2b-176d-4de0-a2d3-28f5919745e7</sln:miejscIIPId><sln:miejscIIPPn>PL.PZGIK.200</sln:miejscIIPPn><sln:miejscIIPWersja>2016-11-26T18:01:04+02:00</sln:miejscIIPWersja><sln:miejscIdTeryt>0576119</sln:miejscIdTeryt><sln:miejscNazwa>Stare Draganie</sln:miejscNazwa><sln:miejscRodzaj>Wieś</sln:miejscRodzaj><sln:powIIPId>b3b3dfff-c9b2-4d74-8cf8-f21e620136f6</sln:powIIPId><sln:powIIPPn>PL.PZGIK.200</sln:powIIPPn><sln:powIIPWersja>2012-09-27T08:13:53+02:00</sln:powIIPWersja><sln:powIdTeryt>1419</sln:powIdTeryt><sln:powNazwa>płocki</sln:powNazwa><sln:wojIIPId>4b6c492a-eb04-441d-a92a-f44359c06de7</sln:wojIIPId><sln:wojIIPPn>PL.PZGIK.200</sln:wojIIPPn><sln:wojIIPWersja>2012-09-27T13:45:13+02:00</sln:wojIIPWersja><sln:wojIdTeryt>14</sln:wojIdTeryt><sln:wojNazwa>mazowieckie</sln:wojNazwa></sln:miejscowosc><sln:miejscowosc><sln:cyklZyciaOd>2016-11-26T00:00:00+01:00</sln:cyklZyciaOd><sln:gmIIPId>2209caf6-3b71-4d9e-9cec-8797c141bfe4</sln:gmIIPId><sln:gmIIPPn>PL.PZGIK.200</sln:gmIIPPn><sln:gmIIPWersja>2012-09-26T22:54:04+02:00</sln:gmIIPWersja><sln:gmIdTeryt>1419132</sln:gmIdTeryt><sln:gmNazwa>Stara Biała</sln:gmNazwa><sln:miejscIIPId>c141e243-c4ec-4480-9da5-7a2a67718798</sln:miejscIIPId><sln:miejscIIPPn>PL.PZGIK.200</sln:miejscIIPPn><sln:miejscIIPWersja>2016-11-26T18:01:04+02:00</sln:miejscIIPWersja><sln:miejscIdTeryt>0576361</sln:miejscIdTeryt><sln:miejscNazwa>Stare Proboszczewice</sln:miejscNazwa><sln:miejscRodzaj>Wieś</sln:miejscRodzaj><sln:powIIPId>b3b3dfff-c9b2-4d74-8cf8-f21e620136f6</sln:powIIPId><sln:powIIPPn>PL.PZGIK.200</sln:powIIPPn><sln:powIIPWersja>2012-09-27T08:13:53+02:00</sln:powIIPWersja><sln:powIdTeryt>1419</sln:powIdTeryt><sln:powNazwa>płocki</sln:powNazwa><sln:wojIIPId>4b6c492a-eb04-441d-a92a-f44359c06de7</sln:wojIIPId><sln:wojIIPPn>PL.PZGIK.200</sln:wojIIPPn><sln:wojIIPWersja>2012-09-27T13:45:13+02:00</sln:wojIIPWersja><sln:wojIdTeryt>14</sln:wojIdTeryt><sln:wojNazwa>mazowieckie</sln:wojNazwa></sln:miejscowosc><sln:miejscowosc><sln:cyklZyciaOd>2016-11-26T00:00:00+01:00</sln:cyklZyciaOd><sln:gmIIPId>2209caf6-3b71-4d9e-9cec-8797c141bfe4</sln:gmIIPId><sln:gmIIPPn>PL.PZGIK.200</sln:gmIIPPn><sln:gmIIPWersja>2012-09-26T22:54:04+02:00</sln:gmIIPWersja><sln:gmIdTeryt>1419132</sln:gmIdTeryt><sln:gmNazwa>Stara Biała</sln:gmNazwa><sln:miejscIIPId>177bed1d-17ce-49e9-a015-54149813fe7a</sln:miejscIIPId><sln:miejscIIPPn>PL.PZGIK.200</sln:miejscIIPPn><sln:miejscIIPWersja>2016-11-26T18:01:04+02:00</sln:miejscIIPWersja><sln:miejscIdTeryt>0576378</sln:miejscIdTeryt><sln:miejscNazwa>Trzebuń</sln:miejscNazwa><sln:miejscRodzaj>Wieś</sln:miejscRodzaj><sln:powIIPId>b3b3dfff-c9b2-4d74-8cf8-f21e620136f6</sln:powIIPId><sln:powIIPPn>PL.PZGIK.200</sln:powIIPPn><sln:powIIPWersja>2012-09-27T08:13:53+02:00</sln:powIIPWersja><sln:powIdTeryt>1419</sln:powIdTeryt><sln:powNazwa>płocki</sln:powNazwa><sln:wojIIPId>4b6c492a-eb04-441d-a92a-f44359c06de7</sln:wojIIPId><sln:wojIIPPn>PL.PZGIK.200</sln:wojIIPPn><sln:wojIIPWersja>2012-09-27T13:45:13+02:00</sln:wojIIPWersja><sln:wojIdTeryt>14</sln:wojIdTeryt><sln:wojNazwa>mazowieckie</sln:wojNazwa></sln:miejscowosc><sln:miejscowosc><sln:cyklZyciaOd>2016-11-26T00:00:00+01:00</sln:cyklZyciaOd><sln:gmIIPId>2209caf6-3b71-4d9e-9cec-8797c141bfe4</sln:gmIIPId><sln:gmIIPPn>PL.PZGIK.200</sln:gmIIPPn><sln:gmIIPWersja>2012-09-26T22:54:04+02:00</sln:gmIIPWersja><sln:gmIdTeryt>1419132</sln:gmIdTeryt><sln:gmNazwa>Stara Biała</sln:gmNazwa><sln:miejscIIPId>474a2658-70c8-4544-a6e6-6a94dfe384d6</sln:miejscIIPId><sln:miejscIIPPn>PL.PZGIK.200</sln:miejscIIPPn><sln:miejscIIPWersja>2016-11-26T18:01:04+02:00</sln:miejscIIPWersja><sln:miejscIdTeryt>0576390</sln:miejscIdTeryt><sln:miejscNazwa>Włoczewo</sln:miejscNazwa><sln:miejscRodzaj>Wieś</sln:miejscRodzaj><sln:powIIPId>b3b3dfff-c9b2-4d74-8cf8-f21e620136f6</sln:powIIPId><sln:powIIPPn>PL.PZGIK.200</sln:powIIPPn><sln:powIIPWersja>2012-09-27T08:13:53+02:00</sln:powIIPWersja><sln:powIdTeryt>1419</sln:powIdTeryt><sln:powNazwa>płocki</sln:powNazwa><sln:wojIIPId>4b6c492a-eb04-441d-a92a-f44359c06de7</sln:wojIIPId><sln:wojIIPPn>PL.PZGIK.200</sln:wojIIPPn><sln:wojIIPWersja>2012-09-27T13:45:13+02:00</sln:wojIIPWersja><sln:wojIdTeryt>14</sln:wojIdTeryt><sln:wojNazwa>mazowieckie</sln:wojNazwa></sln:miejscowosc><sln:miejscowosc><sln:cyklZyciaOd>2016-11-26T00:00:00+01:00</sln:cyklZyciaOd><sln:gmIIPId>2209caf6-3b71-4d9e-9cec-8797c141bfe4</sln:gmIIPId><sln:gmIIPPn>PL.PZGIK.200</sln:gmIIPPn><sln:gmIIPWersja>2012-09-26T22:54:04+02:00</sln:gmIIPWersja><sln:gmIdTeryt>1419132</sln:gmIdTeryt><sln:gmNazwa>Stara Biała</sln:gmNazwa><sln:miejscIIPId>c06faf9c-6c47-4065-8bf5-c43ec4303c91</sln:miejscIIPId><sln:miejscIIPPn>PL.PZGIK.200</sln:miejscIIPPn><sln:miejscIIPWersja>2016-11-26T18:01:04+02:00</sln:miejscIIPWersja><sln:miejscIdTeryt>0576125</sln:miejscIdTeryt><sln:miejscNazwa>Dziarnowo</sln:miejscNazwa><sln:miejscRodzaj>Wieś</sln:miejscRodzaj><sln:powIIPId>b3b3dfff-c9b2-4d74-8cf8-f21e620136f6</sln:powIIPId><sln:powIIPPn>PL.PZGIK.200</sln:powIIPPn><sln:powIIPWersja>2012-09-27T08:13:53+02:00</sln:powIIPWersja><sln:powIdTeryt>1419</sln:powIdTeryt><sln:powNazwa>płocki</sln:powNazwa><sln:wojIIPId>4b6c492a-eb04-441d-a92a-f44359c06de7</sln:wojIIPId><sln:wojIIPPn>PL.PZGIK.200</sln:wojIIPPn><sln:wojIIPWersja>2012-09-27T13:45:13+02:00</sln:wojIIPWersja><sln:wojIdTeryt>14</sln:wojIdTeryt><sln:wojNazwa>mazowieckie</sln:wojNazwa></sln:miejscowosc><sln:miejscowosc><sln:cyklZyciaOd>2016-11-26T00:00:00+01:00</sln:cyklZyciaOd><sln:gmIIPId>2209caf6-3b71-4d9e-9cec-8797c141bfe4</sln:gmIIPId><sln:gmIIPPn>PL.PZGIK.200</sln:gmIIPPn><sln:gmIIPWersja>2012-09-26T22:54:04+02:00</sln:gmIIPWersja><sln:gmIdTeryt>1419132</sln:gmIdTeryt><sln:gmNazwa>Stara Biała</sln:gmNazwa><sln:miejscIIPId>1b596772-d7ee-47d1-96f2-dc0a282054af</sln:miejscIIPId><sln:miejscIIPPn>PL.PZGIK.200</sln:miejscIIPPn><sln:miejscIIPWersja>2016-11-26T18:01:04+02:00</sln:miejscIIPWersja><sln:miejscIdTeryt>0576036</sln:miejscIdTeryt><sln:miejscNazwa>Biała</sln:miejscNazwa><sln:miejscRodzaj>Wieś</sln:miejscRodzaj><sln:powIIPId>b3b3dfff-c9b2-4d74-8cf8-f21e620136f6</sln:powIIPId><sln:powIIPPn>PL.PZGIK.200</sln:powIIPPn><sln:powIIPWersja>2012-09-27T08:13:53+02:00</sln:powIIPWersja><sln:powIdTeryt>1419</sln:powIdTeryt><sln:powNazwa>płocki</sln:powNazwa><sln:wojIIPId>4b6c492a-eb04-441d-a92a-f44359c06de7</sln:wojIIPId><sln:wojIIPPn>PL.PZGIK.200</sln:wojIIPPn><sln:wojIIPWersja>2012-09-27T13:45:13+02:00</sln:wojIIPWersja><sln:wojIdTeryt>14</sln:wojIdTeryt><sln:wojNazwa>mazowieckie</sln:wojNazwa></sln:miejscowosc><sln:miejscowosc><sln:cyklZyciaOd>2016-11-26T00:00:00+01:00</sln:cyklZyciaOd><sln:gmIIPId>2209caf6-3b71-4d9e-9cec-8797c141bfe4</sln:gmIIPId><sln:gmIIPPn>PL.PZGIK.200</sln:gmIIPPn><sln:gmIIPWersja>2012-09-26T22:54:04+02:00</sln:gmIIPWersja><sln:gmIdTeryt>1419132</sln:gmIdTeryt><sln:gmNazwa>Stara Biała</sln:gmNazwa><sln:miejscIIPId>2563f103-be9c-4641-a402-05edb8978f58</sln:miejscIIPId><sln:miejscIIPPn>PL.PZGIK.200</sln:miejscIIPPn><sln:miejscIIPWersja>2016-11-26T18:01:04+02:00</sln:miejscIIPWersja><sln:miejscIdTeryt>0576131</sln:miejscIdTeryt><sln:miejscNazwa>Kamionki</sln:miejscNazwa><sln:miejscRodzaj>Wieś</sln:miejscRodzaj><sln:powIIPId>b3b3dfff-c9b2-4d74-8cf8-f21e620136f6</sln:powIIPId><sln:powIIPPn>PL.PZGIK.200</sln:powIIPPn><sln:powIIPWersja>2012-09-27T08:13:53+02:00</sln:powIIPWersja><sln:powIdTeryt>1419</sln:powIdTeryt><sln:powNazwa>płocki</sln:powNazwa><sln:wojIIPId>4b6c492a-eb04-441d-a92a-f44359c06de7</sln:wojIIPId><sln:wojIIPPn>PL.PZGIK.200</sln:wojIIPPn><sln:wojIIPWersja>2012-09-27T13:45:13+02:00</sln:wojIIPWersja><sln:wojIdTeryt>14</sln:wojIdTeryt><sln:wojNazwa>mazowieckie</sln:wojNazwa></sln:miejscowosc><sln:miejscowosc><sln:cyklZyciaOd>2016-11-26T00:00:00+01:00</sln:cyklZyciaOd><sln:gmIIPId>2209caf6-3b71-4d9e-9cec-8797c141bfe4</sln:gmIIPId><sln:gmIIPPn>PL.PZGIK.200</sln:gmIIPPn><sln:gmIIPWersja>2012-09-26T22:54:04+02:00</sln:gmIIPWersja><sln:gmIdTeryt>1419132</sln:gmIdTeryt><sln:gmNazwa>Stara Biała</sln:gmNazwa><sln:miejscIIPId>e4453fbd-ac40-49b0-a40b-2b238af0ae7b</sln:miejscIIPId><sln:miejscIIPPn>PL.PZGIK.200</sln:miejscIIPPn><sln:miejscIIPWersja>2016-11-26T18:01:04+02:00</sln:miejscIIPWersja><sln:miejscIdTeryt>0576148</sln:miejscIdTeryt><sln:miejscNazwa>Kobierniki</sln:miejscNazwa><sln:miejscRodzaj>Wieś</sln:miejscRodzaj><sln:powIIPId>b3b3dfff-c9b2-4d74-8cf8-f21e620136f6</sln:powIIPId><sln:powIIPPn>PL.PZGIK.200</sln:powIIPPn><sln:powIIPWersja>2012-09-27T08:13:53+02:00</sln:powIIPWersja><sln:powIdTeryt>1419</sln:powIdTeryt><sln:powNazwa>płocki</sln:powNazwa><sln:wojIIPId>4b6c492a-eb04-441d-a92a-f44359c06de7</sln:wojIIPId><sln:wojIIPPn>PL.PZGIK.200</sln:wojIIPPn><sln:wojIIPWersja>2012-09-27T13:45:13+02:00</sln:wojIIPWersja><sln:wojIdTeryt>14</sln:wojIdTeryt><sln:wojNazwa>mazowieckie</sln:wojNazwa></sln:miejscowosc><sln:miejscowosc><sln:cyklZyciaOd>2016-11-26T00:00:00+01:00</sln:cyklZyciaOd><sln:gmIIPId>2209caf6-3b71-4d9e-9cec-8797c141bfe4</sln:gmIIPId><sln:gmIIPPn>PL.PZGIK.200</sln:gmIIPPn><sln:gmIIPWersja>2012-09-26T22:54:04+02:00</sln:gmIIPWersja><sln:gmIdTeryt>1419132</sln:gmIdTeryt><sln:gmNazwa>Stara Biała</sln:gmNazwa><sln:miejscIIPId>0b6b470a-ecaa-4690-8a82-3c53d3737504</sln:miejscIIPId><sln:miejscIIPPn>PL.PZGIK.200</sln:miejscIIPPn><sln:miejscIIPWersja>2016-11-26T18:01:04+02:00</sln:miejscIIPWersja><sln:miejscIdTeryt>0576190</sln:miejscIdTeryt><sln:miejscNazwa>Kowalewko</sln:miejscNazwa><sln:miejscRodzaj>Wieś</sln:miejscRodzaj><sln:powIIPId>b3b3dfff-c9b2-4d74-8cf8-f21e620136f6</sln:powIIPId><sln:powIIPPn>PL.PZGIK.200</sln:powIIPPn><sln:powIIPWersja>2012-09-27T08:13:53+02:00</sln:powIIPWersja><sln:powIdTeryt>1419</sln:powIdTeryt><sln:powNazwa>płocki</sln:powNazwa><sln:wojIIPId>4b6c492a-eb04-441d-a92a-f44359c06de7</sln:wojIIPId><sln:wojIIPPn>PL.PZGIK.200</sln:wojIIPPn><sln:wojIIPWersja>2012-09-27T13:45:13+02:00</sln:wojIIPWersja><sln:wojIdTeryt>14</sln:wojIdTeryt><sln:wojNazwa>mazowieckie</sln:wojNazwa></sln:miejscowosc><sln:miejscowosc><sln:cyklZyciaOd>2016-11-26T00:00:00+01:00</sln:cyklZyciaOd><sln:gmIIPId>2209caf6-3b71-4d9e-9cec-8797c141bfe4</sln:gmIIPId><sln:gmIIPPn>PL.PZGIK.200</sln:gmIIPPn><sln:gmIIPWersja>2012-09-26T22:54:04+02:00</sln:gmIIPWersja><sln:gmIdTeryt>1419132</sln:gmIdTeryt><sln:gmNazwa>Stara Biała</sln:gmNazwa><sln:miejscIIPId>670c6374-41ff-41f1-96b7-6b374f593507</sln:miejscIIPId><sln:miejscIIPPn>PL.PZGIK.200</sln:miejscIIPPn><sln:miejscIIPWersja>2016-11-26T18:01:05+02:00</sln:miejscIIPWersja><sln:miejscIdTeryt>0576208</sln:miejscIdTeryt><sln:miejscNazwa>Kruszczewo</sln:miejscNazwa><sln:miejscRodzaj>Wieś</sln:miejscRodzaj><sln:powIIPId>b3b3dfff-c9b2-4d74-8cf8-f21e620136f6</sln:powIIPId><sln:powIIPPn>PL.PZGIK.200</sln:powIIPPn><sln:powIIPWersja>2012-09-27T08:13:53+02:00</sln:powIIPWersja><sln:powIdTeryt>1419</sln:powIdTeryt><sln:powNazwa>płocki</sln:powNazwa><sln:wojIIPId>4b6c492a-eb04-441d-a92a-f44359c06de7</sln:wojIIPId><sln:wojIIPPn>PL.PZGIK.200</sln:wojIIPPn><sln:wojIIPWersja>2012-09-27T13:45:13+02:00</sln:wojIIPWersja><sln:wojIdTeryt>14</sln:wojIdTeryt><sln:wojNazwa>mazowieckie</sln:wojNazwa></sln:miejscowosc><sln:miejscowosc><sln:cyklZyciaOd>2016-11-26T00:00:00+01:00</sln:cyklZyciaOd><sln:gmIIPId>2209caf6-3b71-4d9e-9cec-8797c141bfe4</sln:gmIIPId><sln:gmIIPPn>PL.PZGIK.200</sln:gmIIPPn><sln:gmIIPWersja>2012-09-26T22:54:04+02:00</sln:gmIIPWersja><sln:gmIdTeryt>1419132</sln:gmIdTeryt><sln:gmNazwa>Stara Biała</sln:gmNazwa><sln:miejscIIPId>7382ca53-ba40-45b4-8b58-c4bdac22fe08</sln:miejscIIPId><sln:miejscIIPPn>PL.PZGIK.200</sln:miejscIIPPn><sln:miejscIIPWersja>2016-11-26T18:01:05+02:00</sln:miejscIIPWersja><sln:miejscIdTeryt>0576243</sln:miejscIdTeryt><sln:miejscNazwa>Maszewo Duże</sln:miejscNazwa><sln:miejscRodzaj>Wieś</sln:miejscRodzaj><sln:powIIPId>b3b3dfff-c9b2-4d74-8cf8-f21e620136f6</sln:powIIPId><sln:powIIPPn>PL.PZGIK.200</sln:powIIPPn><sln:powIIPWersja>2012-09-27T08:13:53+02:00</sln:powIIPWersja><sln:powIdTeryt>1419</sln:powIdTeryt><sln:powNazwa>płocki</sln:powNazwa><sln:wojIIPId>4b6c492a-eb04-441d-a92a-f44359c06de7</sln:wojIIPId><sln:wojIIPPn>PL.PZGIK.200</sln:wojIIPPn><sln:wojIIPWersja>2012-09-27T13:45:13+02:00</sln:wojIIPWersja><sln:wojIdTeryt>14</sln:wojIdTeryt><sln:wojNazwa>mazowieckie</sln:wojNazwa></sln:miejscowosc><sln:miejscowosc><sln:cyklZyciaOd>2016-11-26T00:00:00+01:00</sln:cyklZyciaOd><sln:gmIIPId>2209caf6-3b71-4d9e-9cec-8797c141bfe4</sln:gmIIPId><sln:gmIIPPn>PL.PZGIK.200</sln:gmIIPPn><sln:gmIIPWersja>2012-09-26T22:54:04+02:00</sln:gmIIPWersja><sln:gmIdTeryt>1419132</sln:gmIdTeryt><sln:gmNazwa>Stara Biała</sln:gmNazwa><sln:miejscIIPId>89f78a42-7cb5-40ee-8750-d57235fa2a27</sln:miejscIIPId><sln:miejscIIPPn>PL.PZGIK.200</sln:miejscIIPPn><sln:miejscIIPWersja>2016-11-26T18:01:05+02:00</sln:miejscIIPWersja><sln:miejscIdTeryt>0576250</sln:miejscIdTeryt><sln:miejscNazwa>Miłodróż</sln:miejscNazwa><sln:miejscRodzaj>Wieś</sln:miejscRodzaj><sln:powIIPId>b3b3dfff-c9b2-4d74-8cf8-f21e620136f6</sln:powIIPId><sln:powIIPPn>PL.PZGIK.200</sln:powIIPPn><sln:powIIPWersja>2012-09-27T08:13:53+02:00</sln:powIIPWersja><sln:powIdTeryt>1419</sln:powIdTeryt><sln:powNazwa>płocki</sln:powNazwa><sln:wojIIPId>4b6c492a-eb04-441d-a92a-f44359c06de7</sln:wojIIPId><sln:wojIIPPn>PL.PZGIK.200</sln:wojIIPPn><sln:wojIIPWersja>2012-09-27T13:45:13+02:00</sln:wojIIPWersja><sln:wojIdTeryt>14</sln:wojIdTeryt><sln:wojNazwa>mazowieckie</sln:wojNazwa></sln:miejscowosc><sln:miejscowosc><sln:cyklZyciaOd>2016-11-26T00:00:00+01:00</sln:cyklZyciaOd><sln:gmIIPId>2209caf6-3b71-4d9e-9cec-8797c141bfe4</sln:gmIIPId><sln:gmIIPPn>PL.PZGIK.200</sln:gmIIPPn><sln:gmIIPWersja>2012-09-26T22:54:04+02:00</sln:gmIIPWersja><sln:gmIdTeryt>1419132</sln:gmIdTeryt><sln:gmNazwa>Stara Biała</sln:gmNazwa><sln:miejscIIPId>f810ebb6-5945-40cc-89e5-38e91b155e5b</sln:miejscIIPId><sln:miejscIIPPn>PL.PZGIK.200</sln:miejscIIPPn><sln:miejscIIPWersja>2016-11-26T18:01:05+02:00</sln:miejscIIPWersja><sln:miejscIdTeryt>0576266</sln:miejscIdTeryt><sln:miejscNazwa>Nowa Biała</sln:miejscNazwa><sln:miejscRodzaj>Wieś</sln:miejscRodzaj><sln:powIIPId>b3b3dfff-c9b2-4d74-8cf8-f21e620136f6</sln:powIIPId><sln:powIIPPn>PL.PZGIK.200</sln:powIIPPn><sln:powIIPWersja>2012-09-27T08:13:53+02:00</sln:powIIPWersja><sln:powIdTeryt>1419</sln:powIdTeryt><sln:powNazwa>płocki</sln:powNazwa><sln:wojIIPId>4b6c492a-eb04-441d-a92a-f44359c06de7</sln:wojIIPId><sln:wojIIPPn>PL.PZGIK.200</sln:wojIIPPn><sln:wojIIPWersja>2012-09-27T13:45:13+02:00</sln:wojIIPWersja><sln:wojIdTeryt>14</sln:wojIdTeryt><sln:wojNazwa>mazowieckie</sln:wojNazwa></sln:miejscowosc><sln:miejscowosc><sln:cyklZyciaOd>2016-11-26T00:00:00+01:00</sln:cyklZyciaOd><sln:gmIIPId>2209caf6-3b71-4d9e-9cec-8797c141bfe4</sln:gmIIPId><sln:gmIIPPn>PL.PZGIK.200</sln:gmIIPPn><sln:gmIIPWersja>2012-09-26T22:54:04+02:00</sln:gmIIPWersja><sln:gmIdTeryt>1419132</sln:gmIdTeryt><sln:gmNazwa>Stara Biała</sln:gmNazwa><sln:miejscIIPId>7e68de14-73f4-467e-bdd6-19ba35ea19be</sln:miejscIIPId><sln:miejscIIPPn>PL.PZGIK.200</sln:miejscIIPPn><sln:miejscIIPWersja>2016-11-26T18:01:05+02:00</sln:miejscIIPWersja><sln:miejscIdTeryt>0576272</sln:miejscIdTeryt><sln:miejscNazwa>Nowe Bronowo</sln:miejscNazwa><sln:miejscRodzaj>Wieś</sln:miejscRodzaj><sln:powIIPId>b3b3dfff-c9b2-4d74-8cf8-f21e620136f6</sln:powIIPId><sln:powIIPPn>PL.PZGIK.200</sln:powIIPPn><sln:powIIPWersja>2012-09-27T08:13:53+02:00</sln:powIIPWersja><sln:powIdTeryt>1419</sln:powIdTeryt><sln:powNazwa>płocki</sln:powNazwa><sln:wojIIPId>4b6c492a-eb04-441d-a92a-f44359c06de7</sln:wojIIPId><sln:wojIIPPn>PL.PZGIK.200</sln:wojIIPPn><sln:wojIIPWersja>2012-09-27T13:45:13+02:00</sln:wojIIPWersja><sln:wojIdTeryt>14</sln:wojIdTeryt><sln:wojNazwa>mazowieckie</sln:wojNazwa></sln:miejscowosc><sln:miejscowosc><sln:cyklZyciaOd>2016-11-26T00:00:00+01:00</sln:cyklZyciaOd><sln:gmIIPId>2209caf6-3b71-4d9e-9cec-8797c141bfe4</sln:gmIIPId><sln:gmIIPPn>PL.PZGIK.200</sln:gmIIPPn><sln:gmIIPWersja>2012-09-26T22:54:04+02:00</sln:gmIIPWersja><sln:gmIdTeryt>1419132</sln:gmIdTeryt><sln:gmNazwa>Stara Biała</sln:gmNazwa><sln:miejscIIPId>6ad86dee-83c2-4694-8fc6-ebad38fb8613</sln:miejscIIPId><sln:miejscIIPPn>PL.PZGIK.200</sln:miejscIIPPn><sln:miejscIIPWersja>2016-11-26T18:01:05+02:00</sln:miejscIIPWersja><sln:miejscIdTeryt>0576289</sln:miejscIdTeryt><sln:miejscNazwa>Nowe Draganie</sln:miejscNazwa><sln:miejscRodzaj>Wieś</sln:miejscRodzaj><sln:powIIPId>b3b3dfff-c9b2-4d74-8cf8-f21e620136f6</sln:powIIPId><sln:powIIPPn>PL.PZGIK.200</sln:powIIPPn><sln:powIIPWersja>2012-09-27T08:13:53+02:00</sln:powIIPWersja><sln:powIdTeryt>1419</sln:powIdTeryt><sln:powNazwa>płocki</sln:powNazwa><sln:wojIIPId>4b6c492a-eb04-441d-a92a-f44359c06de7</sln:wojIIPId><sln:wojIIPPn>PL.PZGIK.200</sln:wojIIPPn><sln:wojIIPWersja>2012-09-27T13:45:13+02:00</sln:wojIIPWersja><sln:wojIdTeryt>14</sln:wojIdTeryt><sln:wojNazwa>mazowieckie</sln:wojNazwa></sln:miejscowosc><sln:miejscowosc><sln:cyklZyciaOd>2016-11-26T00:00:00+01:00</sln:cyklZyciaOd><sln:gmIIPId>2209caf6-3b71-4d9e-9cec-8797c141bfe4</sln:gmIIPId><sln:gmIIPPn>PL.PZGIK.200</sln:gmIIPPn><sln:gmIIPWersja>2012-09-26T22:54:04+02:00</sln:gmIIPWersja><sln:gmIdTeryt>1419132</sln:gmIdTeryt><sln:gmNazwa>Stara Biała</sln:gmNazwa><sln:miejscIIPId>a2559ec7-90ef-4f10-96b9-ddeca7e852de</sln:miejscIIPId><sln:miejscIIPPn>PL.PZGIK.200</sln:miejscIIPPn><sln:miejscIIPWersja>2016-11-26T18:01:05+02:00</sln:miejscIIPWersja><sln:miejscIdTeryt>0576326</sln:miejscIdTeryt><sln:miejscNazwa>Ogorzelice</sln:miejscNazwa><sln:miejscRodzaj>Wieś</sln:miejscRodzaj><sln:powIIPId>b3b3dfff-c9b2-4d74-8cf8-f21e620136f6</sln:powIIPId><sln:powIIPPn>PL.PZGIK.200</sln:powIIPPn><sln:powIIPWersja>2012-09-27T08:13:53+02:00</sln:powIIPWersja><sln:powIdTeryt>1419</sln:powIdTeryt><sln:powNazwa>płocki</sln:powNazwa><sln:wojIIPId>4b6c492a-eb04-441d-a92a-f44359c06de7</sln:wojIIPId><sln:wojIIPPn>PL.PZGIK.200</sln:wojIIPPn><sln:wojIIPWersja>2012-09-27T13:45:13+02:00</sln:wojIIPWersja><sln:wojIdTeryt>14</sln:wojIdTeryt><sln:wojNazwa>mazowieckie</sln:wojNazwa></sln:miejscowosc><sln:miejscowosc><sln:cyklZyciaOd>2016-11-26T00:00:00+01:00</sln:cyklZyciaOd><sln:gmIIPId>2209caf6-3b71-4d9e-9cec-8797c141bfe4</sln:gmIIPId><sln:gmIIPPn>PL.PZGIK.200</sln:gmIIPPn><sln:gmIIPWersja>2012-09-26T22:54:04+02:00</sln:gmIIPWersja><sln:gmIdTeryt>1419132</sln:gmIdTeryt><sln:gmNazwa>Stara Biała</sln:gmNazwa><sln:miejscIIPId>83b26cc7-6072-4be2-8cf9-407bc7562c35</sln:miejscIIPId><sln:miejscIIPPn>PL.PZGIK.200</sln:miejscIIPPn><sln:miejscIIPWersja>2016-11-26T18:01:05+02:00</sln:miejscIIPWersja><sln:miejscIdTeryt>0576094</sln:miejscIdTeryt><sln:miejscNIIPId>f13f95f1-a639-4229-bd35-b030b637c687</sln:miejscNIIPId><sln:miejscNIIPPn>PL.PZGIK.200</sln:miejscNIIPPn><sln:miejscNIIPWersja>2016-11-24T13:28:32+02:00</sln:miejscNIIPWersja><sln:miejscNIdTeryt>0576088</sln:miejscNIdTeryt><sln:miejscNNazwa>Brwilno</sln:miejscNNazwa><sln:miejscNRodzaj>Wieś</sln:miejscNRodzaj><sln:miejscNazwa>Antonówka</sln:miejscNazwa><sln:miejscRodzaj>Inny obiekt</sln:miejscRodzaj><sln:powIIPId>b3b3dfff-c9b2-4d74-8cf8-f21e620136f6</sln:powIIPId><sln:powIIPPn>PL.PZGIK.200</sln:powIIPPn><sln:powIIPWersja>2012-09-27T08:13:53+02:00</sln:powIIPWersja><sln:powIdTeryt>1419</sln:powIdTeryt><sln:powNazwa>płocki</sln:powNazwa><sln:wojIIPId>4b6c492a-eb04-441d-a92a-f44359c06de7</sln:wojIIPId><sln:wojIIPPn>PL.PZGIK.200</sln:wojIIPPn><sln:wojIIPWersja>2012-09-27T13:45:13+02:00</sln:wojIIPWersja><sln:wojIdTeryt>14</sln:wojIdTeryt><sln:wojNazwa>mazowieckie</sln:wojNazwa></sln:miejscowosc><sln:miejscowosc><sln:cyklZyciaOd>2016-11-26T00:00:00+01:00</sln:cyklZyciaOd><sln:gmIIPId>2209caf6-3b71-4d9e-9cec-8797c141bfe4</sln:gmIIPId><sln:gmIIPPn>PL.PZGIK.200</sln:gmIIPPn><sln:gmIIPWersja>2012-09-26T22:54:04+02:00</sln:gmIIPWersja><sln:gmIdTeryt>1419132</sln:gmIdTeryt><sln:gmNazwa>Stara Biała</sln:gmNazwa><sln:miejscIIPId>413fa079-6105-4fbc-882d-11bc44dede8b</sln:miejscIIPId><sln:miejscIIPPn>PL.PZGIK.200</sln:miejscIIPPn><sln:miejscIIPWersja>2016-11-26T18:01:05+02:00</sln:miejscIIPWersja><sln:miejscIdTeryt>0576349</sln:miejscIdTeryt><sln:miejscNIIPId>47d135b1-fc68-4fba-9b60-b12119e79786</sln:miejscNIIPId><sln:miejscNIIPPn>PL.PZGIK.200</sln:miejscNIIPPn><sln:miejscNIIPWersja>2016-11-26T18:01:04+02:00</sln:miejscNIIPWersja><sln:miejscNIdTeryt>0576332</sln:miejscNIdTeryt><sln:miejscNNazwa>Srebrna</sln:miejscNNazwa><sln:miejscNRodzaj>Wieś</sln:miejscNRodzaj><sln:miejscNazwa>Pieńki</sln:miejscNazwa><sln:miejscRodzaj>Inny obiekt</sln:miejscRodzaj><sln:powIIPId>b3b3dfff-c9b2-4d74-8cf8-f21e620136f6</sln:powIIPId><sln:powIIPPn>PL.PZGIK.200</sln:powIIPPn><sln:powIIPWersja>2012-09-27T08:13:53+02:00</sln:powIIPWersja><sln:powIdTeryt>1419</sln:powIdTeryt><sln:powNazwa>płocki</sln:powNazwa><sln:wojIIPId>4b6c492a-eb04-441d-a92a-f44359c06de7</sln:wojIIPId><sln:wojIIPPn>PL.PZGIK.200</sln:wojIIPPn><sln:wojIIPWersja>2012-09-27T13:45:13+02:00</sln:wojIIPWersja><sln:wojIdTeryt>14</sln:wojIdTeryt><sln:wojNazwa>mazowieckie</sln:wojNazwa></sln:miejscowosc><sln:miejscowosc><sln:cyklZyciaOd>2016-11-26T00:00:00+01:00</sln:cyklZyciaOd><sln:gmIIPId>2209caf6-3b71-4d9e-9cec-8797c141bfe4</sln:gmIIPId><sln:gmIIPPn>PL.PZGIK.200</sln:gmIIPPn><sln:gmIIPWersja>2012-09-26T22:54:04+02:00</sln:gmIIPWersja><sln:gmIdTeryt>1419132</sln:gmIdTeryt><sln:gmNazwa>Stara Biała</sln:gmNazwa><sln:miejscIIPId>eb410357-62f5-4fd9-b11f-37b58e0f3571</sln:miejscIIPId><sln:miejscIIPPn>PL.PZGIK.200</sln:miejscIIPPn><sln:miejscIIPWersja>2016-11-26T18:01:05+02:00</sln:miejscIIPWersja><sln:miejscIdTeryt>0576059</sln:miejscIdTeryt><sln:miejscNIIPId>1b596772-d7ee-47d1-96f2-dc0a282054af</sln:miejscNIIPId><sln:miejscNIIPPn>PL.PZGIK.200</sln:miejscNIIPPn><sln:miejscNIIPWersja>2016-11-26T18:01:04+02:00</sln:miejscNIIPWersja><sln:miejscNIdTeryt>0576036</sln:miejscNIdTeryt><sln:miejscNNazwa>Biała</sln:miejscNNazwa><sln:miejscNRodzaj>Wieś</sln:miejscNRodzaj><sln:miejscNazwa>Poświętne</sln:miejscNazwa><sln:miejscRodzaj>Inny obiekt</sln:miejscRodzaj><sln:powIIPId>b3b3dfff-c9b2-4d74-8cf8-f21e620136f6</sln:powIIPId><sln:powIIPPn>PL.PZGIK.200</sln:powIIPPn><sln:powIIPWersja>2012-09-27T08:13:53+02:00</sln:powIIPWersja><sln:powIdTeryt>1419</sln:powIdTeryt><sln:powNazwa>płocki</sln:powNazwa><sln:wojIIPId>4b6c492a-eb04-441d-a92a-f44359c06de7</sln:wojIIPId><sln:wojIIPPn>PL.PZGIK.200</sln:wojIIPPn><sln:wojIIPWersja>2012-09-27T13:45:13+02:00</sln:wojIIPWersja><sln:wojIdTeryt>14</sln:wojIdTeryt><sln:wojNazwa>mazowieckie</sln:wojNazwa></sln:miejscowosc><sln:miejscowosc><sln:cyklZyciaOd>2016-11-26T00:00:00+01:00</sln:cyklZyciaOd><sln:gmIIPId>2209caf6-3b71-4d9e-9cec-8797c141bfe4</sln:gmIIPId><sln:gmIIPPn>PL.PZGIK.200</sln:gmIIPPn><sln:gmIIPWersja>2012-09-26T22:54:04+02:00</sln:gmIIPWersja><sln:gmIdTeryt>1419132</sln:gmIdTeryt><sln:gmNazwa>Stara Biała</sln:gmNazwa><sln:miejscIIPId>9545131d-a671-4eb1-b1c0-ec81b57b64c6</sln:miejscIIPId><sln:miejscIIPPn>PL.PZGIK.200</sln:miejscIIPPn><sln:miejscIIPWersja>2016-11-26T18:01:05+02:00</sln:miejscIIPWersja><sln:miejscIdTeryt>0576042</sln:miejscIdTeryt><sln:miejscNIIPId>1b596772-d7ee-47d1-96f2-dc0a282054af</sln:miejscNIIPId><sln:miejscNIIPPn>PL.PZGIK.200</sln:miejscNIIPPn><sln:miejscNIIPWersja>2016-11-26T18:01:04+02:00</sln:miejscNIIPWersja><sln:miejscNIdTeryt>0576036</sln:miejscNIdTeryt><sln:miejscNNazwa>Biała</sln:miejscNNazwa><sln:miejscNRodzaj>Wieś</sln:miejscNRodzaj><sln:miejscNazwa>Biała-Parcela</sln:miejscNazwa><sln:miejscRodzaj>Inny obiekt</sln:miejscRodzaj><sln:powIIPId>b3b3dfff-c9b2-4d74-8cf8-f21e620136f6</sln:powIIPId><sln:powIIPPn>PL.PZGIK.200</sln:powIIPPn><sln:powIIPWersja>2012-09-27T08:13:53+02:00</sln:powIIPWersja><sln:powIdTeryt>1419</sln:powIdTeryt><sln:powNazwa>płocki</sln:powNazwa><sln:wojIIPId>4b6c492a-eb04-441d-a92a-f44359c06de7</sln:wojIIPId><sln:wojIIPPn>PL.PZGIK.200</sln:wojIIPPn><sln:wojIIPWersja>2012-09-27T13:45:13+02:00</sln:wojIIPWersja><sln:wojIdTeryt>14</sln:wojIdTeryt><sln:wojNazwa>mazowieckie</sln:wojNazwa></sln:miejscowosc></sln:lista-miejscowosci>