<?xml version="1.0" encoding="UTF-8" standalone="yes"?><sln:lista-miejscowosci xmlns:srv="http://gugik.gov.pl/schemas/slowniki-service/1.0" xmlns:sln="http://gugik.gov.pl/schemas/slowniki-schema/1.0"><sln:miejscowosc><sln:cyklZyciaDo>2017-04-03T00:00:00+02:00</sln:cyklZyciaDo><sln:cyklZyciaOd>2015-10-16T00:00:00+02:00</sln:cyklZyciaOd><sln:gmIIPId>382cffb9-9ac1-4c6c-9a9f-b5a3a69b23c0</sln:gmIIPId><sln:gmIIPPn>PL.PZGIK.200</sln:gmIIPPn><sln:gmIIPWersja>2012-09-26T21:57:47+02:00</sln:gmIIPWersja><sln:gmIdTeryt>1405052</sln:gmIdTeryt><sln:gmNazwa>Jaktorów</sln:gmNazwa><sln:miejscIIPId>254cbe99-272c-4db2-a705-abeec3629efb</sln:miejscIIPId><sln:miejscIIPPn>PL.PZGIK.200</sln:miejscIIPPn><sln:miejscIIPWersja>2016-11-24T12:13:16+02:00</sln:miejscIIPWersja><sln:miejscIdTeryt>0728397</sln:miejscIdTeryt><sln:miejscNazwa>Bieganów</sln:miejscNazwa><sln:miejscRodzaj>Wieś</sln:miejscRodzaj><sln:powIIPId>5c1e181f-3b0f-46f6-8c94-8610f98e8e1b</sln:powIIPId><sln:powIIPPn>PL.PZGIK.200</sln:powIIPPn><sln:powIIPWersja>2012-09-27T08:13:53+02:00</sln:powIIPWersja><sln:powIdTeryt>1405</sln:powIdTeryt><sln:powNazwa>grodziski</sln:powNazwa><sln:waznyOd>2011-11-25T00:00:00+01:00</sln:waznyOd><sln:wojIIPId>4b6c492a-eb04-441d-a92a-f44359c06de7</sln:wojIIPId><sln:wojIIPPn>PL.PZGIK.200</sln:wojIIPPn><sln:wojIIPWersja>2012-09-27T13:45:13+02:00</sln:wojIIPWersja><sln:wojIdTeryt>14</sln:wojIdTeryt><sln:wojNazwa>mazowieckie</sln:wojNazwa></sln:miejscowosc><sln:miejscowosc><sln:cyklZyciaDo>2017-04-03T00:00:00+02:00</sln:cyklZyciaDo><sln:cyklZyciaOd>2015-10-16T00:00:00+02:00</sln:cyklZyciaOd><sln:gmIIPId>382cffb9-9ac1-4c6c-9a9f-b5a3a69b23c0</sln:gmIIPId><sln:gmIIPPn>PL.PZGIK.200</sln:gmIIPPn><sln:gmIIPWersja>2012-09-26T21:57:47+02:00</sln:gmIIPWersja><sln:gmIdTeryt>1405052</sln:gmIdTeryt><sln:gmNazwa>Jaktorów</sln:gmNazwa><sln:miejscIIPId>db53f029-09a0-4a2b-ba40-50439740a95c</sln:miejscIIPId><sln:miejscIIPPn>PL.PZGIK.200</sln:miejscIIPPn><sln:miejscIIPWersja>2016-11-24T12:13:16+02:00</sln:miejscIIPWersja><sln:miejscIdTeryt>0728405</sln:miejscIdTeryt><sln:miejscNazwa>Budy-Grzybek</sln:miejscNazwa><sln:miejscRodzaj>Wieś</sln:miejscRodzaj><sln:powIIPId>5c1e181f-3b0f-46f6-8c94-8610f98e8e1b</sln:powIIPId><sln:powIIPPn>PL.PZGIK.200</sln:powIIPPn><sln:powIIPWersja>2012-09-27T08:13:53+02:00</sln:powIIPWersja><sln:powIdTeryt>1405</sln:powIdTeryt><sln:powNazwa>grodziski</sln:powNazwa><sln:waznyOd>2015-04-30T00:00:00+02:00</sln:waznyOd><sln:wojIIPId>4b6c492a-eb04-441d-a92a-f44359c06de7</sln:wojIIPId><sln:wojIIPPn>PL.PZGIK.200</sln:wojIIPPn><sln:wojIIPWersja>2012-09-27T13:45:13+02:00</sln:wojIIPWersja><sln:wojIdTeryt>14</sln:wojIdTeryt><sln:wojNazwa>mazowieckie</sln:wojNazwa></sln:miejscowosc><sln:miejscowosc><sln:cyklZyciaDo>2017-04-03T00:00:00+02:00</sln:cyklZyciaDo><sln:cyklZyciaOd>2015-10-16T00:00:00+02:00</sln:cyklZyciaOd><sln:gmIIPId>382cffb9-9ac1-4c6c-9a9f-b5a3a69b23c0</sln:gmIIPId><sln:gmIIPPn>PL.PZGIK.200</sln:gmIIPPn><sln:gmIIPWersja>2012-09-26T21:57:47+02:00</sln:gmIIPWersja><sln:gmIdTeryt>1405052</sln:gmIdTeryt><sln:gmNazwa>Jaktorów</sln:gmNazwa><sln:miejscIIPId>875dd433-7481-48f9-95bc-18a3b03e2c29</sln:miejscIIPId><sln:miejscIIPPn>PL.PZGIK.200</sln:miejscIIPPn><sln:miejscIIPWersja>2016-11-24T12:13:16+02:00</sln:miejscIIPWersja><sln:miejscIdTeryt>0728434</sln:miejscIdTeryt><sln:miejscNazwa>Budy Michałowskie</sln:miejscNazwa><sln:miejscRodzaj>Wieś</sln:miejscRodzaj><sln:powIIPId>5c1e181f-3b0f-46f6-8c94-8610f98e8e1b</sln:powIIPId><sln:powIIPPn>PL.PZGIK.200</sln:powIIPPn><sln:powIIPWersja>2012-09-27T08:13:53+02:00</sln:powIIPWersja><sln:powIdTeryt>1405</sln:powIdTeryt><sln:powNazwa>grodziski</sln:powNazwa><sln:waznyOd>2011-11-25T00:00:00+01:00</sln:waznyOd><sln:wojIIPId>4b6c492a-eb04-441d-a92a-f44359c06de7</sln:wojIIPId><sln:wojIIPPn>PL.PZGIK.200</sln:wojIIPPn><sln:wojIIPWersja>2012-09-27T13:45:13+02:00</sln:wojIIPWersja><sln:wojIdTeryt>14</sln:wojIdTeryt><sln:wojNazwa>mazowieckie</sln:wojNazwa></sln:miejscowosc><sln:miejscowosc><sln:cyklZyciaDo>2017-04-03T00:00:00+02:00</sln:cyklZyciaDo><sln:cyklZyciaOd>2015-10-16T00:00:00+02:00</sln:cyklZyciaOd><sln:gmIIPId>382cffb9-9ac1-4c6c-9a9f-b5a3a69b23c0</sln:gmIIPId><sln:gmIIPPn>PL.PZGIK.200</sln:gmIIPPn><sln:gmIIPWersja>2012-09-26T21:57:47+02:00</sln:gmIIPWersja><sln:gmIdTeryt>1405052</sln:gmIdTeryt><sln:gmNazwa>Jaktorów</sln:gmNazwa><sln:miejscIIPId>48ceae06-c813-43bc-932a-14f4ed6a158b</sln:miejscIIPId><sln:miejscIIPPn>PL.PZGIK.200</sln:miejscIIPPn><sln:miejscIIPWersja>2016-11-24T12:13:16+02:00</sln:miejscIIPWersja><sln:miejscIdTeryt>0728440</sln:miejscIdTeryt><sln:miejscNazwa>Budy Zosine</sln:miejscNazwa><sln:miejscRodzaj>Wieś</sln:miejscRodzaj><sln:powIIPId>5c1e181f-3b0f-46f6-8c94-8610f98e8e1b</sln:powIIPId><sln:powIIPPn>PL.PZGIK.200</sln:powIIPPn><sln:powIIPWersja>2012-09-27T08:13:53+02:00</sln:powIIPWersja><sln:powIdTeryt>1405</sln:powIdTeryt><sln:powNazwa>grodziski</sln:powNazwa><sln:waznyOd>2011-11-25T00:00:00+01:00</sln:waznyOd><sln:wojIIPId>4b6c492a-eb04-441d-a92a-f44359c06de7</sln:wojIIPId><sln:wojIIPPn>PL.PZGIK.200</sln:wojIIPPn><sln:wojIIPWersja>2012-09-27T13:45:13+02:00</sln:wojIIPWersja><sln:wojIdTeryt>14</sln:wojIdTeryt><sln:wojNazwa>mazowieckie</sln:wojNazwa></sln:miejscowosc><sln:miejscowosc><sln:cyklZyciaDo>2017-04-03T00:00:00+02:00</sln:cyklZyciaDo><sln:cyklZyciaOd>2015-10-16T00:00:00+02:00</sln:cyklZyciaOd><sln:gmIIPId>382cffb9-9ac1-4c6c-9a9f-b5a3a69b23c0</sln:gmIIPId><sln:gmIIPPn>PL.PZGIK.200</sln:gmIIPPn><sln:gmIIPWersja>2012-09-26T21:57:47+02:00</sln:gmIIPWersja><sln:gmIdTeryt>1405052</sln:gmIdTeryt><sln:gmNazwa>Jaktorów</sln:gmNazwa><sln:miejscIIPId>6eabf610-e331-4f56-b1d8-36d86fa5d095</sln:miejscIIPId><sln:miejscIIPPn>PL.PZGIK.200</sln:miejscIIPPn><sln:miejscIIPWersja>2016-11-24T12:13:16+02:00</sln:miejscIIPWersja><sln:miejscIdTeryt>0728470</sln:miejscIdTeryt><sln:miejscNazwa>Chylice</sln:miejscNazwa><sln:miejscRodzaj>Wieś</sln:miejscRodzaj><sln:powIIPId>5c1e181f-3b0f-46f6-8c94-8610f98e8e1b</sln:powIIPId><sln:powIIPPn>PL.PZGIK.200</sln:powIIPPn><sln:powIIPWersja>2012-09-27T08:13:53+02:00</sln:powIIPWersja><sln:powIdTeryt>1405</sln:powIdTeryt><sln:powNazwa>grodziski</sln:powNazwa><sln:waznyOd>2011-11-25T00:00:00+01:00</sln:waznyOd><sln:wojIIPId>4b6c492a-eb04-441d-a92a-f44359c06de7</sln:wojIIPId><sln:wojIIPPn>PL.PZGIK.200</sln:wojIIPPn><sln:wojIIPWersja>2012-09-27T13:45:13+02:00</sln:wojIIPWersja><sln:wojIdTeryt>14</sln:wojIdTeryt><sln:wojNazwa>mazowieckie</sln:wojNazwa></sln:miejscowosc><sln:miejscowosc><sln:cyklZyciaDo>2017-04-03T00:00:00+02:00</sln:cyklZyciaDo><sln:cyklZyciaOd>2015-10-16T00:00:00+02:00</sln:cyklZyciaOd><sln:gmIIPId>382cffb9-9ac1-4c6c-9a9f-b5a3a69b23c0</sln:gmIIPId><sln:gmIIPPn>PL.PZGIK.200</sln:gmIIPPn><sln:gmIIPWersja>2012-09-26T21:57:47+02:00</sln:gmIIPWersja><sln:gmIdTeryt>1405052</sln:gmIdTeryt><sln:gmNazwa>Jaktorów</sln:gmNazwa><sln:miejscIIPId>d56e46ad-3893-47af-a3be-886585eeb26e</sln:miejscIIPId><sln:miejscIIPPn>PL.PZGIK.200</sln:miejscIIPPn><sln:miejscIIPWersja>2016-11-24T12:13:16+02:00</sln:miejscIIPWersja><sln:miejscIdTeryt>0728457</sln:miejscIdTeryt><sln:miejscNazwa>Chylice-Kolonia</sln:miejscNazwa><sln:miejscRodzaj>Wieś</sln:miejscRodzaj><sln:powIIPId>5c1e181f-3b0f-46f6-8c94-8610f98e8e1b</sln:powIIPId><sln:powIIPPn>PL.PZGIK.200</sln:powIIPPn><sln:powIIPWersja>2012-09-27T08:13:53+02:00</sln:powIIPWersja><sln:powIdTeryt>1405</sln:powIdTeryt><sln:powNazwa>grodziski</sln:powNazwa><sln:waznyOd>2012-01-03T00:00:00+01:00</sln:waznyOd><sln:wojIIPId>4b6c492a-eb04-441d-a92a-f44359c06de7</sln:wojIIPId><sln:wojIIPPn>PL.PZGIK.200</sln:wojIIPPn><sln:wojIIPWersja>2012-09-27T13:45:13+02:00</sln:wojIIPWersja><sln:wojIdTeryt>14</sln:wojIdTeryt><sln:wojNazwa>mazowieckie</sln:wojNazwa></sln:miejscowosc><sln:miejscowosc><sln:cyklZyciaDo>2017-04-03T00:00:00+02:00</sln:cyklZyciaDo><sln:cyklZyciaOd>2015-10-16T00:00:00+02:00</sln:cyklZyciaOd><sln:gmIIPId>382cffb9-9ac1-4c6c-9a9f-b5a3a69b23c0</sln:gmIIPId><sln:gmIIPPn>PL.PZGIK.200</sln:gmIIPPn><sln:gmIIPWersja>2012-09-26T21:57:47+02:00</sln:gmIIPWersja><sln:gmIdTeryt>1405052</sln:gmIdTeryt><sln:gmNazwa>Jaktorów</sln:gmNazwa><sln:miejscIIPId>6b374ffb-d970-4e65-91ce-93b980a756d3</sln:miejscIIPId><sln:miejscIIPPn>PL.PZGIK.200</sln:miejscIIPPn><sln:miejscIIPWersja>2016-11-24T12:13:16+02:00</sln:miejscIIPWersja><sln:miejscIdTeryt>0728486</sln:miejscIdTeryt><sln:miejscNazwa>Chyliczki</sln:miejscNazwa><sln:miejscRodzaj>Wieś</sln:miejscRodzaj><sln:powIIPId>5c1e181f-3b0f-46f6-8c94-8610f98e8e1b</sln:powIIPId><sln:powIIPPn>PL.PZGIK.200</sln:powIIPPn><sln:powIIPWersja>2012-09-27T08:13:53+02:00</sln:powIIPWersja><sln:powIdTeryt>1405</sln:powIdTeryt><sln:powNazwa>grodziski</sln:powNazwa><sln:waznyOd>2011-11-25T00:00:00+01:00</sln:waznyOd><sln:wojIIPId>4b6c492a-eb04-441d-a92a-f44359c06de7</sln:wojIIPId><sln:wojIIPPn>PL.PZGIK.200</sln:wojIIPPn><sln:wojIIPWersja>2012-09-27T13:45:13+02:00</sln:wojIIPWersja><sln:wojIdTeryt>14</sln:wojIdTeryt><sln:wojNazwa>mazowieckie</sln:wojNazwa></sln:miejscowosc><sln:miejscowosc><sln:cyklZyciaDo>2017-04-03T00:00:00+02:00</sln:cyklZyciaDo><sln:cyklZyciaOd>2015-10-16T00:00:00+02:00</sln:cyklZyciaOd><sln:gmIIPId>382cffb9-9ac1-4c6c-9a9f-b5a3a69b23c0</sln:gmIIPId><sln:gmIIPPn>PL.PZGIK.200</sln:gmIIPPn><sln:gmIIPWersja>2012-09-26T21:57:47+02:00</sln:gmIIPWersja><sln:gmIdTeryt>1405052</sln:gmIdTeryt><sln:gmNazwa>Jaktorów</sln:gmNazwa><sln:miejscIIPId>054164f6-abb7-49ea-94e1-c738172f289e</sln:miejscIIPId><sln:miejscIIPPn>PL.PZGIK.200</sln:miejscIIPPn><sln:miejscIIPWersja>2016-11-24T12:13:16+02:00</sln:miejscIIPWersja><sln:miejscIdTeryt>0728492</sln:miejscIdTeryt><sln:miejscNazwa>Grabnik</sln:miejscNazwa><sln:miejscRodzaj>Wieś</sln:miejscRodzaj><sln:powIIPId>5c1e181f-3b0f-46f6-8c94-8610f98e8e1b</sln:powIIPId><sln:powIIPPn>PL.PZGIK.200</sln:powIIPPn><sln:powIIPWersja>2012-09-27T08:13:53+02:00</sln:powIIPWersja><sln:powIdTeryt>1405</sln:powIdTeryt><sln:powNazwa>grodziski</sln:powNazwa><sln:waznyOd>2011-11-25T00:00:00+01:00</sln:waznyOd><sln:wojIIPId>4b6c492a-eb04-441d-a92a-f44359c06de7</sln:wojIIPId><sln:wojIIPPn>PL.PZGIK.200</sln:wojIIPPn><sln:wojIIPWersja>2012-09-27T13:45:13+02:00</sln:wojIIPWersja><sln:wojIdTeryt>14</sln:wojIdTeryt><sln:wojNazwa>mazowieckie</sln:wojNazwa></sln:miejscowosc><sln:miejscowosc><sln:cyklZyciaDo>2017-04-03T00:00:00+02:00</sln:cyklZyciaDo><sln:cyklZyciaOd>2015-10-16T00:00:00+02:00</sln:cyklZyciaOd><sln:gmIIPId>382cffb9-9ac1-4c6c-9a9f-b5a3a69b23c0</sln:gmIIPId><sln:gmIIPPn>PL.PZGIK.200</sln:gmIIPPn><sln:gmIIPWersja>2012-09-26T21:57:47+02:00</sln:gmIIPWersja><sln:gmIdTeryt>1405052</sln:gmIdTeryt><sln:gmNazwa>Jaktorów</sln:gmNazwa><sln:miejscIIPId>24af030a-0585-49d5-ab91-595a64ee8593</sln:miejscIIPId><sln:miejscIIPPn>PL.PZGIK.200</sln:miejscIIPPn><sln:miejscIIPWersja>2016-11-24T12:13:16+02:00</sln:miejscIIPWersja><sln:miejscIdTeryt>0728500</sln:miejscIdTeryt><sln:miejscNazwa>Grądy</sln:miejscNazwa><sln:miejscRodzaj>Wieś</sln:miejscRodzaj><sln:powIIPId>5c1e181f-3b0f-46f6-8c94-8610f98e8e1b</sln:powIIPId><sln:powIIPPn>PL.PZGIK.200</sln:powIIPPn><sln:powIIPWersja>2012-09-27T08:13:53+02:00</sln:powIIPWersja><sln:powIdTeryt>1405</sln:powIdTeryt><sln:powNazwa>grodziski</sln:powNazwa><sln:waznyOd>2011-11-25T00:00:00+01:00</sln:waznyOd><sln:wojIIPId>4b6c492a-eb04-441d-a92a-f44359c06de7</sln:wojIIPId><sln:wojIIPPn>PL.PZGIK.200</sln:wojIIPPn><sln:wojIIPWersja>2012-09-27T13:45:13+02:00</sln:wojIIPWersja><sln:wojIdTeryt>14</sln:wojIdTeryt><sln:wojNazwa>mazowieckie</sln:wojNazwa></sln:miejscowosc><sln:miejscowosc><sln:cyklZyciaDo>2017-04-03T00:00:00+02:00</sln:cyklZyciaDo><sln:cyklZyciaOd>2015-10-16T00:00:00+02:00</sln:cyklZyciaOd><sln:gmIIPId>382cffb9-9ac1-4c6c-9a9f-b5a3a69b23c0</sln:gmIIPId><sln:gmIIPPn>PL.PZGIK.200</sln:gmIIPPn><sln:gmIIPWersja>2012-09-26T21:57:47+02:00</sln:gmIIPWersja><sln:gmIdTeryt>1405052</sln:gmIdTeryt><sln:gmNazwa>Jaktorów</sln:gmNazwa><sln:miejscIIPId>b56f5eda-052d-4484-bd3d-566710c0ef7c</sln:miejscIIPId><sln:miejscIIPPn>PL.PZGIK.200</sln:miejscIIPPn><sln:miejscIIPWersja>2016-11-24T12:13:16+02:00</sln:miejscIIPWersja><sln:miejscIdTeryt>0728517</sln:miejscIdTeryt><sln:miejscNazwa>Henryszew</sln:miejscNazwa><sln:miejscRodzaj>Wieś</sln:miejscRodzaj><sln:powIIPId>5c1e181f-3b0f-46f6-8c94-8610f98e8e1b</sln:powIIPId><sln:powIIPPn>PL.PZGIK.200</sln:powIIPPn><sln:powIIPWersja>2012-09-27T08:13:53+02:00</sln:powIIPWersja><sln:powIdTeryt>1405</sln:powIdTeryt><sln:powNazwa>grodziski</sln:powNazwa><sln:waznyOd>2011-11-25T00:00:00+01:00</sln:waznyOd><sln:wojIIPId>4b6c492a-eb04-441d-a92a-f44359c06de7</sln:wojIIPId><sln:wojIIPPn>PL.PZGIK.200</sln:wojIIPPn><sln:wojIIPWersja>2012-09-27T13:45:13+02:00</sln:wojIIPWersja><sln:wojIdTeryt>14</sln:wojIdTeryt><sln:wojNazwa>mazowieckie</sln:wojNazwa></sln:miejscowosc><sln:miejscowosc><sln:cyklZyciaDo>2017-04-03T00:00:00+02:00</sln:cyklZyciaDo><sln:cyklZyciaOd>2015-10-16T00:00:00+02:00</sln:cyklZyciaOd><sln:gmIIPId>382cffb9-9ac1-4c6c-9a9f-b5a3a69b23c0</sln:gmIIPId><sln:gmIIPPn>PL.PZGIK.200</sln:gmIIPPn><sln:gmIIPWersja>2012-09-26T21:57:47+02:00</sln:gmIIPWersja><sln:gmIdTeryt>1405052</sln:gmIdTeryt><sln:gmNazwa>Jaktorów</sln:gmNazwa><sln:miejscIIPId>f1ab86ad-1971-44cb-9aa7-ff1d2d49a1f9</sln:miejscIIPId><sln:miejscIIPPn>PL.PZGIK.200</sln:miejscIIPPn><sln:miejscIIPWersja>2016-11-24T12:13:16+02:00</sln:miejscIIPWersja><sln:miejscIdTeryt>0728523</sln:miejscIdTeryt><sln:miejscNazwa>Jaktorów</sln:miejscNazwa><sln:miejscRodzaj>Wieś</sln:miejscRodzaj><sln:powIIPId>5c1e181f-3b0f-46f6-8c94-8610f98e8e1b</sln:powIIPId><sln:powIIPPn>PL.PZGIK.200</sln:powIIPPn><sln:powIIPWersja>2012-09-27T08:13:53+02:00</sln:powIIPWersja><sln:powIdTeryt>1405</sln:powIdTeryt><sln:powNazwa>grodziski</sln:powNazwa><sln:waznyOd>2011-11-25T00:00:00+01:00</sln:waznyOd><sln:wojIIPId>4b6c492a-eb04-441d-a92a-f44359c06de7</sln:wojIIPId><sln:wojIIPPn>PL.PZGIK.200</sln:wojIIPPn><sln:wojIIPWersja>2012-09-27T13:45:13+02:00</sln:wojIIPWersja><sln:wojIdTeryt>14</sln:wojIdTeryt><sln:wojNazwa>mazowieckie</sln:wojNazwa></sln:miejscowosc><sln:miejscowosc><sln:cyklZyciaDo>2017-04-03T00:00:00+02:00</sln:cyklZyciaDo><sln:cyklZyciaOd>2015-10-16T00:00:00+02:00</sln:cyklZyciaOd><sln:gmIIPId>382cffb9-9ac1-4c6c-9a9f-b5a3a69b23c0</sln:gmIIPId><sln:gmIIPPn>PL.PZGIK.200</sln:gmIIPPn><sln:gmIIPWersja>2012-09-26T21:57:47+02:00</sln:gmIIPWersja><sln:gmIdTeryt>1405052</sln:gmIdTeryt><sln:gmNazwa>Jaktorów</sln:gmNazwa><sln:miejscIIPId>a6488cab-c23d-4e92-b6fa-e5d6ab1ff5d9</sln:miejscIIPId><sln:miejscIIPPn>PL.PZGIK.200</sln:miejscIIPPn><sln:miejscIIPWersja>2016-11-24T12:13:16+02:00</sln:miejscIIPWersja><sln:miejscIdTeryt>0728546</sln:miejscIdTeryt><sln:miejscNazwa>Jaktorów-Kolonia</sln:miejscNazwa><sln:miejscRodzaj>Wieś</sln:miejscRodzaj><sln:powIIPId>5c1e181f-3b0f-46f6-8c94-8610f98e8e1b</sln:powIIPId><sln:powIIPPn>PL.PZGIK.200</sln:powIIPPn><sln:powIIPWersja>2012-09-27T08:13:53+02:00</sln:powIIPWersja><sln:powIdTeryt>1405</sln:powIdTeryt><sln:powNazwa>grodziski</sln:powNazwa><sln:waznyOd>2012-01-03T00:00:00+01:00</sln:waznyOd><sln:wojIIPId>4b6c492a-eb04-441d-a92a-f44359c06de7</sln:wojIIPId><sln:wojIIPPn>PL.PZGIK.200</sln:wojIIPPn><sln:wojIIPWersja>2012-09-27T13:45:13+02:00</sln:wojIIPWersja><sln:wojIdTeryt>14</sln:wojIdTeryt><sln:wojNazwa>mazowieckie</sln:wojNazwa></sln:miejscowosc><sln:miejscowosc><sln:cyklZyciaDo>2017-04-03T00:00:00+02:00</sln:cyklZyciaDo><sln:cyklZyciaOd>2015-10-16T00:00:00+02:00</sln:cyklZyciaOd><sln:gmIIPId>382cffb9-9ac1-4c6c-9a9f-b5a3a69b23c0</sln:gmIIPId><sln:gmIIPPn>PL.PZGIK.200</sln:gmIIPPn><sln:gmIIPWersja>2012-09-26T21:57:47+02:00</sln:gmIIPWersja><sln:gmIdTeryt>1405052</sln:gmIdTeryt><sln:gmNazwa>Jaktorów</sln:gmNazwa><sln:miejscIIPId>736b31ef-5edf-48d4-a460-01ec18093573</sln:miejscIIPId><sln:miejscIIPPn>PL.PZGIK.200</sln:miejscIIPPn><sln:miejscIIPWersja>2016-11-24T12:13:16+02:00</sln:miejscIIPWersja><sln:miejscIdTeryt>0728552</sln:miejscIdTeryt><sln:miejscNazwa>Mariampol</sln:miejscNazwa><sln:miejscRodzaj>Wieś</sln:miejscRodzaj><sln:powIIPId>5c1e181f-3b0f-46f6-8c94-8610f98e8e1b</sln:powIIPId><sln:powIIPPn>PL.PZGIK.200</sln:powIIPPn><sln:powIIPWersja>2012-09-27T08:13:53+02:00</sln:powIIPWersja><sln:powIdTeryt>1405</sln:powIdTeryt><sln:powNazwa>grodziski</sln:powNazwa><sln:waznyOd>2011-11-25T00:00:00+01:00</sln:waznyOd><sln:wojIIPId>4b6c492a-eb04-441d-a92a-f44359c06de7</sln:wojIIPId><sln:wojIIPPn>PL.PZGIK.200</sln:wojIIPPn><sln:wojIIPWersja>2012-09-27T13:45:13+02:00</sln:wojIIPWersja><sln:wojIdTeryt>14</sln:wojIdTeryt><sln:wojNazwa>mazowieckie</sln:wojNazwa></sln:miejscowosc><sln:miejscowosc><sln:cyklZyciaDo>2017-04-03T00:00:00+02:00</sln:cyklZyciaDo><sln:cyklZyciaOd>2015-10-16T00:00:00+02:00</sln:cyklZyciaOd><sln:gmIIPId>382cffb9-9ac1-4c6c-9a9f-b5a3a69b23c0</sln:gmIIPId><sln:gmIIPPn>PL.PZGIK.200</sln:gmIIPPn><sln:gmIIPWersja>2012-09-26T21:57:47+02:00</sln:gmIIPWersja><sln:gmIdTeryt>1405052</sln:gmIdTeryt><sln:gmNazwa>Jaktorów</sln:gmNazwa><sln:miejscIIPId>92273354-8d3e-47a3-8b31-367f662d1d1b</sln:miejscIIPId><sln:miejscIIPPn>PL.PZGIK.200</sln:miejscIIPPn><sln:miejscIIPWersja>2016-11-24T12:13:16+02:00</sln:miejscIIPWersja><sln:miejscIdTeryt>0728569</sln:miejscIdTeryt><sln:miejscNazwa>Międzyborów</sln:miejscNazwa><sln:miejscRodzaj>Wieś</sln:miejscRodzaj><sln:powIIPId>5c1e181f-3b0f-46f6-8c94-8610f98e8e1b</sln:powIIPId><sln:powIIPPn>PL.PZGIK.200</sln:powIIPPn><sln:powIIPWersja>2012-09-27T08:13:53+02:00</sln:powIIPWersja><sln:powIdTeryt>1405</sln:powIdTeryt><sln:powNazwa>grodziski</sln:powNazwa><sln:waznyOd>2011-11-25T00:00:00+01:00</sln:waznyOd><sln:wojIIPId>4b6c492a-eb04-441d-a92a-f44359c06de7</sln:wojIIPId><sln:wojIIPPn>PL.PZGIK.200</sln:wojIIPPn><sln:wojIIPWersja>2012-09-27T13:45:13+02:00</sln:wojIIPWersja><sln:wojIdTeryt>14</sln:wojIdTeryt><sln:wojNazwa>mazowieckie</sln:wojNazwa></sln:miejscowosc><sln:miejscowosc><sln:cyklZyciaDo>2017-04-03T00:00:00+02:00</sln:cyklZyciaDo><sln:cyklZyciaOd>2015-10-16T00:00:00+02:00</sln:cyklZyciaOd><sln:gmIIPId>382cffb9-9ac1-4c6c-9a9f-b5a3a69b23c0</sln:gmIIPId><sln:gmIIPPn>PL.PZGIK.200</sln:gmIIPPn><sln:gmIIPWersja>2012-09-26T21:57:47+02:00</sln:gmIIPWersja><sln:gmIdTeryt>1405052</sln:gmIdTeryt><sln:gmNazwa>Jaktorów</sln:gmNazwa><sln:miejscIIPId>0016a1ae-aae6-4ba6-a85f-8d2493210184</sln:miejscIIPId><sln:miejscIIPPn>PL.PZGIK.200</sln:miejscIIPPn><sln:miejscIIPWersja>2016-11-24T12:13:16+02:00</sln:miejscIIPWersja><sln:miejscIdTeryt>0728575</sln:miejscIdTeryt><sln:miejscNazwa>Sade Budy</sln:miejscNazwa><sln:miejscRodzaj>Wieś</sln:miejscRodzaj><sln:powIIPId>5c1e181f-3b0f-46f6-8c94-8610f98e8e1b</sln:powIIPId><sln:powIIPPn>PL.PZGIK.200</sln:powIIPPn><sln:powIIPWersja>2012-09-27T08:13:53+02:00</sln:powIIPWersja><sln:powIdTeryt>1405</sln:powIdTeryt><sln:powNazwa>grodziski</sln:powNazwa><sln:waznyOd>2011-11-25T00:00:00+01:00</sln:waznyOd><sln:wojIIPId>4b6c492a-eb04-441d-a92a-f44359c06de7</sln:wojIIPId><sln:wojIIPPn>PL.PZGIK.200</sln:wojIIPPn><sln:wojIIPWersja>2012-09-27T13:45:13+02:00</sln:wojIIPWersja><sln:wojIdTeryt>14</sln:wojIdTeryt><sln:wojNazwa>mazowieckie</sln:wojNazwa></sln:miejscowosc><sln:miejscowosc><sln:cyklZyciaDo>2017-04-03T00:00:00+02:00</sln:cyklZyciaDo><sln:cyklZyciaOd>2015-10-16T00:00:00+02:00</sln:cyklZyciaOd><sln:gmIIPId>382cffb9-9ac1-4c6c-9a9f-b5a3a69b23c0</sln:gmIIPId><sln:gmIIPPn>PL.PZGIK.200</sln:gmIIPPn><sln:gmIIPWersja>2012-09-26T21:57:47+02:00</sln:gmIIPWersja><sln:gmIdTeryt>1405052</sln:gmIdTeryt><sln:gmNazwa>Jaktorów</sln:gmNazwa><sln:miejscIIPId>02e74070-3ba4-438e-86a4-32b206b3426a</sln:miejscIIPId><sln:miejscIIPPn>PL.PZGIK.200</sln:miejscIIPPn><sln:miejscIIPWersja>2016-11-24T12:13:16+02:00</sln:miejscIIPWersja><sln:miejscIdTeryt>0728581</sln:miejscIdTeryt><sln:miejscNazwa>Stare Budy</sln:miejscNazwa><sln:miejscRodzaj>Wieś</sln:miejscRodzaj><sln:powIIPId>5c1e181f-3b0f-46f6-8c94-8610f98e8e1b</sln:powIIPId><sln:powIIPPn>PL.PZGIK.200</sln:powIIPPn><sln:powIIPWersja>2012-09-27T08:13:53+02:00</sln:powIIPWersja><sln:powIdTeryt>1405</sln:powIdTeryt><sln:powNazwa>grodziski</sln:powNazwa><sln:waznyOd>2011-11-25T00:00:00+01:00</sln:waznyOd><sln:wojIIPId>4b6c492a-eb04-441d-a92a-f44359c06de7</sln:wojIIPId><sln:wojIIPPn>PL.PZGIK.200</sln:wojIIPPn><sln:wojIIPWersja>2012-09-27T13:45:13+02:00</sln:wojIIPWersja><sln:wojIdTeryt>14</sln:wojIdTeryt><sln:wojNazwa>mazowieckie</sln:wojNazwa></sln:miejscowosc><sln:miejscowosc><sln:cyklZyciaOd>2017-04-03T00:00:00+02:00</sln:cyklZyciaOd><sln:gmIIPId>382cffb9-9ac1-4c6c-9a9f-b5a3a69b23c0</sln:gmIIPId><sln:gmIIPPn>PL.PZGIK.200</sln:gmIIPPn><sln:gmIIPWersja>2012-09-26T21:57:47+02:00</sln:gmIIPWersja><sln:gmIdTeryt>1405052</sln:gmIdTeryt><sln:gmNazwa>Jaktorów</sln:gmNazwa><sln:miejscIIPId>254cbe99-272c-4db2-a705-abeec3629efb</sln:miejscIIPId><sln:miejscIIPPn>PL.PZGIK.200</sln:miejscIIPPn><sln:miejscIIPWersja>2017-04-03T13:08:40+02:00</sln:miejscIIPWersja><sln:miejscIdTeryt>0728397</sln:miejscIdTeryt><sln:miejscNazwa>Bieganów</sln:miejscNazwa><sln:miejscRodzaj>Wieś</sln:miejscRodzaj><sln:powIIPId>5c1e181f-3b0f-46f6-8c94-8610f98e8e1b</sln:powIIPId><sln:powIIPPn>PL.PZGIK.200</sln:powIIPPn><sln:powIIPWersja>2012-09-27T08:13:53+02:00</sln:powIIPWersja><sln:powIdTeryt>1405</sln:powIdTeryt><sln:powNazwa>grodziski</sln:powNazwa><sln:waznyOd>2011-11-25T00:00:00+01:00</sln:waznyOd><sln:wojIIPId>4b6c492a-eb04-441d-a92a-f44359c06de7</sln:wojIIPId><sln:wojIIPPn>PL.PZGIK.200</sln:wojIIPPn><sln:wojIIPWersja>2012-09-27T13:45:13+02:00</sln:wojIIPWersja><sln:wojIdTeryt>14</sln:wojIdTeryt><sln:wojNazwa>mazowieckie</sln:wojNazwa></sln:miejscowosc><sln:miejscowosc><sln:cyklZyciaOd>2017-04-03T00:00:00+02:00</sln:cyklZyciaOd><sln:gmIIPId>382cffb9-9ac1-4c6c-9a9f-b5a3a69b23c0</sln:gmIIPId><sln:gmIIPPn>PL.PZGIK.200</sln:gmIIPPn><sln:gmIIPWersja>2012-09-26T21:57:47+02:00</sln:gmIIPWersja><sln:gmIdTeryt>1405052</sln:gmIdTeryt><sln:gmNazwa>Jaktorów</sln:gmNazwa><sln:miejscIIPId>db53f029-09a0-4a2b-ba40-50439740a95c</sln:miejscIIPId><sln:miejscIIPPn>PL.PZGIK.200</sln:miejscIIPPn><sln:miejscIIPWersja>2017-04-03T13:08:47+02:00</sln:miejscIIPWersja><sln:miejscIdTeryt>0728405</sln:miejscIdTeryt><sln:miejscNazwa>Budy-Grzybek</sln:miejscNazwa><sln:miejscRodzaj>Wieś</sln:miejscRodzaj><sln:powIIPId>5c1e181f-3b0f-46f6-8c94-8610f98e8e1b</sln:powIIPId><sln:powIIPPn>PL.PZGIK.200</sln:powIIPPn><sln:powIIPWersja>2012-09-27T08:13:53+02:00</sln:powIIPWersja><sln:powIdTeryt>1405</sln:powIdTeryt><sln:powNazwa>grodziski</sln:powNazwa><sln:waznyOd>2015-04-30T00:00:00+02:00</sln:waznyOd><sln:wojIIPId>4b6c492a-eb04-441d-a92a-f44359c06de7</sln:wojIIPId><sln:wojIIPPn>PL.PZGIK.200</sln:wojIIPPn><sln:wojIIPWersja>2012-09-27T13:45:13+02:00</sln:wojIIPWersja><sln:wojIdTeryt>14</sln:wojIdTeryt><sln:wojNazwa>mazowieckie</sln:wojNazwa></sln:miejscowosc><sln:miejscowosc><sln:cyklZyciaOd>2017-04-03T00:00:00+02:00</sln:cyklZyciaOd><sln:gmIIPId>382cffb9-9ac1-4c6c-9a9f-b5a3a69b23c0</sln:gmIIPId><sln:gmIIPPn>PL.PZGIK.200</sln:gmIIPPn><sln:gmIIPWersja>2012-09-26T21:57:47+02:00</sln:gmIIPWersja><sln:gmIdTeryt>1405052</sln:gmIdTeryt><sln:gmNazwa>Jaktorów</sln:gmNazwa><sln:miejscIIPId>875dd433-7481-48f9-95bc-18a3b03e2c29</sln:miejscIIPId><sln:miejscIIPPn>PL.PZGIK.200</sln:miejscIIPPn><sln:miejscIIPWersja>2017-04-03T13:08:47+02:00</sln:miejscIIPWersja><sln:miejscIdTeryt>0728434</sln:miejscIdTeryt><sln:miejscNazwa>Budy Michałowskie</sln:miejscNazwa><sln:miejscRodzaj>Wieś</sln:miejscRodzaj><sln:powIIPId>5c1e181f-3b0f-46f6-8c94-8610f98e8e1b</sln:powIIPId><sln:powIIPPn>PL.PZGIK.200</sln:powIIPPn><sln:powIIPWersja>2012-09-27T08:13:53+02:00</sln:powIIPWersja><sln:powIdTeryt>1405</sln:powIdTeryt><sln:powNazwa>grodziski</sln:powNazwa><sln:waznyOd>2011-11-25T00:00:00+01:00</sln:waznyOd><sln:wojIIPId>4b6c492a-eb04-441d-a92a-f44359c06de7</sln:wojIIPId><sln:wojIIPPn>PL.PZGIK.200</sln:wojIIPPn><sln:wojIIPWersja>2012-09-27T13:45:13+02:00</sln:wojIIPWersja><sln:wojIdTeryt>14</sln:wojIdTeryt><sln:wojNazwa>mazowieckie</sln:wojNazwa></sln:miejscowosc><sln:miejscowosc><sln:cyklZyciaOd>2017-04-03T00:00:00+02:00</sln:cyklZyciaOd><sln:gmIIPId>382cffb9-9ac1-4c6c-9a9f-b5a3a69b23c0</sln:gmIIPId><sln:gmIIPPn>PL.PZGIK.200</sln:gmIIPPn><sln:gmIIPWersja>2012-09-26T21:57:47+02:00</sln:gmIIPWersja><sln:gmIdTeryt>1405052</sln:gmIdTeryt><sln:gmNazwa>Jaktorów</sln:gmNazwa><sln:miejscIIPId>48ceae06-c813-43bc-932a-14f4ed6a158b</sln:miejscIIPId><sln:miejscIIPPn>PL.PZGIK.200</sln:miejscIIPPn><sln:miejscIIPWersja>2017-04-03T13:08:47+02:00</sln:miejscIIPWersja><sln:miejscIdTeryt>0728440</sln:miejscIdTeryt><sln:miejscNazwa>Budy Zosine</sln:miejscNazwa><sln:miejscRodzaj>Wieś</sln:miejscRodzaj><sln:powIIPId>5c1e181f-3b0f-46f6-8c94-8610f98e8e1b</sln:powIIPId><sln:powIIPPn>PL.PZGIK.200</sln:powIIPPn><sln:powIIPWersja>2012-09-27T08:13:53+02:00</sln:powIIPWersja><sln:powIdTeryt>1405</sln:powIdTeryt><sln:powNazwa>grodziski</sln:powNazwa><sln:waznyOd>2011-11-25T00:00:00+01:00</sln:waznyOd><sln:wojIIPId>4b6c492a-eb04-441d-a92a-f44359c06de7</sln:wojIIPId><sln:wojIIPPn>PL.PZGIK.200</sln:wojIIPPn><sln:wojIIPWersja>2012-09-27T13:45:13+02:00</sln:wojIIPWersja><sln:wojIdTeryt>14</sln:wojIdTeryt><sln:wojNazwa>mazowieckie</sln:wojNazwa></sln:miejscowosc><sln:miejscowosc><sln:cyklZyciaOd>2017-04-03T00:00:00+02:00</sln:cyklZyciaOd><sln:gmIIPId>382cffb9-9ac1-4c6c-9a9f-b5a3a69b23c0</sln:gmIIPId><sln:gmIIPPn>PL.PZGIK.200</sln:gmIIPPn><sln:gmIIPWersja>2012-09-26T21:57:47+02:00</sln:gmIIPWersja><sln:gmIdTeryt>1405052</sln:gmIdTeryt><sln:gmNazwa>Jaktorów</sln:gmNazwa><sln:miejscIIPId>d56e46ad-3893-47af-a3be-886585eeb26e</sln:miejscIIPId><sln:miejscIIPPn>PL.PZGIK.200</sln:miejscIIPPn><sln:miejscIIPWersja>2017-04-03T13:08:47+02:00</sln:miejscIIPWersja><sln:miejscIdTeryt>0728457</sln:miejscIdTeryt><sln:miejscNazwa>Chylice-Kolonia</sln:miejscNazwa><sln:miejscRodzaj>Inny obiekt</sln:miejscRodzaj><sln:powIIPId>5c1e181f-3b0f-46f6-8c94-8610f98e8e1b</sln:powIIPId><sln:powIIPPn>PL.PZGIK.200</sln:powIIPPn><sln:powIIPWersja>2012-09-27T08:13:53+02:00</sln:powIIPWersja><sln:powIdTeryt>1405</sln:powIdTeryt><sln:powNazwa>grodziski</sln:powNazwa><sln:waznyOd>2012-01-03T00:00:00+01:00</sln:waznyOd><sln:wojIIPId>4b6c492a-eb04-441d-a92a-f44359c06de7</sln:wojIIPId><sln:wojIIPPn>PL.PZGIK.200</sln:wojIIPPn><sln:wojIIPWersja>2012-09-27T13:45:13+02:00</sln:wojIIPWersja><sln:wojIdTeryt>14</sln:wojIdTeryt><sln:wojNazwa>mazowieckie</sln:wojNazwa></sln:miejscowosc><sln:miejscowosc><sln:cyklZyciaOd>2017-04-03T00:00:00+02:00</sln:cyklZyciaOd><sln:gmIIPId>382cffb9-9ac1-4c6c-9a9f-b5a3a69b23c0</sln:gmIIPId><sln:gmIIPPn>PL.PZGIK.200</sln:gmIIPPn><sln:gmIIPWersja>2012-09-26T21:57:47+02:00</sln:gmIIPWersja><sln:gmIdTeryt>1405052</sln:gmIdTeryt><sln:gmNazwa>Jaktorów</sln:gmNazwa><sln:miejscIIPId>6eabf610-e331-4f56-b1d8-36d86fa5d095</sln:miejscIIPId><sln:miejscIIPPn>PL.PZGIK.200</sln:miejscIIPPn><sln:miejscIIPWersja>2017-04-03T13:08:47+02:00</sln:miejscIIPWersja><sln:miejscIdTeryt>0728470</sln:miejscIdTeryt><sln:miejscNazwa>Chylice</sln:miejscNazwa><sln:miejscRodzaj>Wieś</sln:miejscRodzaj><sln:powIIPId>5c1e181f-3b0f-46f6-8c94-8610f98e8e1b</sln:powIIPId><sln:powIIPPn>PL.PZGIK.200</sln:powIIPPn><sln:powIIPWersja>2012-09-27T08:13:53+02:00</sln:powIIPWersja><sln:powIdTeryt>1405</sln:powIdTeryt><sln:powNazwa>grodziski</sln:powNazwa><sln:waznyOd>2011-11-25T00:00:00+01:00</sln:waznyOd><sln:wojIIPId>4b6c492a-eb04-441d-a92a-f44359c06de7</sln:wojIIPId><sln:wojIIPPn>PL.PZGIK.200</sln:wojIIPPn><sln:wojIIPWersja>2012-09-27T13:45:13+02:00</sln:wojIIPWersja><sln:wojIdTeryt>14</sln:wojIdTeryt><sln:wojNazwa>mazowieckie</sln:wojNazwa></sln:miejscowosc><sln:miejscowosc><sln:cyklZyciaOd>2017-04-03T00:00:00+02:00</sln:cyklZyciaOd><sln:gmIIPId>382cffb9-9ac1-4c6c-9a9f-b5a3a69b23c0</sln:gmIIPId><sln:gmIIPPn>PL.PZGIK.200</sln:gmIIPPn><sln:gmIIPWersja>2012-09-26T21:57:47+02:00</sln:gmIIPWersja><sln:gmIdTeryt>1405052</sln:gmIdTeryt><sln:gmNazwa>Jaktorów</sln:gmNazwa><sln:miejscIIPId>6b374ffb-d970-4e65-91ce-93b980a756d3</sln:miejscIIPId><sln:miejscIIPPn>PL.PZGIK.200</sln:miejscIIPPn><sln:miejscIIPWersja>2017-04-03T13:08:47+02:00</sln:miejscIIPWersja><sln:miejscIdTeryt>0728486</sln:miejscIdTeryt><sln:miejscNazwa>Chyliczki</sln:miejscNazwa><sln:miejscRodzaj>Wieś</sln:miejscRodzaj><sln:powIIPId>5c1e181f-3b0f-46f6-8c94-8610f98e8e1b</sln:powIIPId><sln:powIIPPn>PL.PZGIK.200</sln:powIIPPn><sln:powIIPWersja>2012-09-27T08:13:53+02:00</sln:powIIPWersja><sln:powIdTeryt>1405</sln:powIdTeryt><sln:powNazwa>grodziski</sln:powNazwa><sln:waznyOd>2011-11-25T00:00:00+01:00</sln:waznyOd><sln:wojIIPId>4b6c492a-eb04-441d-a92a-f44359c06de7</sln:wojIIPId><sln:wojIIPPn>PL.PZGIK.200</sln:wojIIPPn><sln:wojIIPWersja>2012-09-27T13:45:13+02:00</sln:wojIIPWersja><sln:wojIdTeryt>14</sln:wojIdTeryt><sln:wojNazwa>mazowieckie</sln:wojNazwa></sln:miejscowosc><sln:miejscowosc><sln:cyklZyciaOd>2017-04-03T00:00:00+02:00</sln:cyklZyciaOd><sln:gmIIPId>382cffb9-9ac1-4c6c-9a9f-b5a3a69b23c0</sln:gmIIPId><sln:gmIIPPn>PL.PZGIK.200</sln:gmIIPPn><sln:gmIIPWersja>2012-09-26T21:57:47+02:00</sln:gmIIPWersja><sln:gmIdTeryt>1405052</sln:gmIdTeryt><sln:gmNazwa>Jaktorów</sln:gmNazwa><sln:miejscIIPId>054164f6-abb7-49ea-94e1-c738172f289e</sln:miejscIIPId><sln:miejscIIPPn>PL.PZGIK.200</sln:miejscIIPPn><sln:miejscIIPWersja>2017-04-03T13:08:47+02:00</sln:miejscIIPWersja><sln:miejscIdTeryt>0728492</sln:miejscIdTeryt><sln:miejscNazwa>Grabnik</sln:miejscNazwa><sln:miejscRodzaj>Wieś</sln:miejscRodzaj><sln:powIIPId>5c1e181f-3b0f-46f6-8c94-8610f98e8e1b</sln:powIIPId><sln:powIIPPn>PL.PZGIK.200</sln:powIIPPn><sln:powIIPWersja>2012-09-27T08:13:53+02:00</sln:powIIPWersja><sln:powIdTeryt>1405</sln:powIdTeryt><sln:powNazwa>grodziski</sln:powNazwa><sln:waznyOd>2011-11-25T00:00:00+01:00</sln:waznyOd><sln:wojIIPId>4b6c492a-eb04-441d-a92a-f44359c06de7</sln:wojIIPId><sln:wojIIPPn>PL.PZGIK.200</sln:wojIIPPn><sln:wojIIPWersja>2012-09-27T13:45:13+02:00</sln:wojIIPWersja><sln:wojIdTeryt>14</sln:wojIdTeryt><sln:wojNazwa>mazowieckie</sln:wojNazwa></sln:miejscowosc><sln:miejscowosc><sln:cyklZyciaOd>2017-04-03T00:00:00+02:00</sln:cyklZyciaOd><sln:gmIIPId>382cffb9-9ac1-4c6c-9a9f-b5a3a69b23c0</sln:gmIIPId><sln:gmIIPPn>PL.PZGIK.200</sln:gmIIPPn><sln:gmIIPWersja>2012-09-26T21:57:47+02:00</sln:gmIIPWersja><sln:gmIdTeryt>1405052</sln:gmIdTeryt><sln:gmNazwa>Jaktorów</sln:gmNazwa><sln:miejscIIPId>24af030a-0585-49d5-ab91-595a64ee8593</sln:miejscIIPId><sln:miejscIIPPn>PL.PZGIK.200</sln:miejscIIPPn><sln:miejscIIPWersja>2017-04-03T13:08:47+02:00</sln:miejscIIPWersja><sln:miejscIdTeryt>0728500</sln:miejscIdTeryt><sln:miejscNazwa>Grądy</sln:miejscNazwa><sln:miejscRodzaj>Wieś</sln:miejscRodzaj><sln:powIIPId>5c1e181f-3b0f-46f6-8c94-8610f98e8e1b</sln:powIIPId><sln:powIIPPn>PL.PZGIK.200</sln:powIIPPn><sln:powIIPWersja>2012-09-27T08:13:53+02:00</sln:powIIPWersja><sln:powIdTeryt>1405</sln:powIdTeryt><sln:powNazwa>grodziski</sln:powNazwa><sln:waznyOd>2011-11-25T00:00:00+01:00</sln:waznyOd><sln:wojIIPId>4b6c492a-eb04-441d-a92a-f44359c06de7</sln:wojIIPId><sln:wojIIPPn>PL.PZGIK.200</sln:wojIIPPn><sln:wojIIPWersja>2012-09-27T13:45:13+02:00</sln:wojIIPWersja><sln:wojIdTeryt>14</sln:wojIdTeryt><sln:wojNazwa>mazowieckie</sln:wojNazwa></sln:miejscowosc><sln:miejscowosc><sln:cyklZyciaOd>2017-04-03T00:00:00+02:00</sln:cyklZyciaOd><sln:gmIIPId>382cffb9-9ac1-4c6c-9a9f-b5a3a69b23c0</sln:gmIIPId><sln:gmIIPPn>PL.PZGIK.200</sln:gmIIPPn><sln:gmIIPWersja>2012-09-26T21:57:47+02:00</sln:gmIIPWersja><sln:gmIdTeryt>1405052</sln:gmIdTeryt><sln:gmNazwa>Jaktorów</sln:gmNazwa><sln:miejscIIPId>b56f5eda-052d-4484-bd3d-566710c0ef7c</sln:miejscIIPId><sln:miejscIIPPn>PL.PZGIK.200</sln:miejscIIPPn><sln:miejscIIPWersja>2017-04-03T13:08:47+02:00</sln:miejscIIPWersja><sln:miejscIdTeryt>0728517</sln:miejscIdTeryt><sln:miejscNazwa>Henryszew</sln:miejscNazwa><sln:miejscRodzaj>Wieś</sln:miejscRodzaj><sln:powIIPId>5c1e181f-3b0f-46f6-8c94-8610f98e8e1b</sln:powIIPId><sln:powIIPPn>PL.PZGIK.200</sln:powIIPPn><sln:powIIPWersja>2012-09-27T08:13:53+02:00</sln:powIIPWersja><sln:powIdTeryt>1405</sln:powIdTeryt><sln:powNazwa>grodziski</sln:powNazwa><sln:waznyOd>2011-11-25T00:00:00+01:00</sln:waznyOd><sln:wojIIPId>4b6c492a-eb04-441d-a92a-f44359c06de7</sln:wojIIPId><sln:wojIIPPn>PL.PZGIK.200</sln:wojIIPPn><sln:wojIIPWersja>2012-09-27T13:45:13+02:00</sln:wojIIPWersja><sln:wojIdTeryt>14</sln:wojIdTeryt><sln:wojNazwa>mazowieckie</sln:wojNazwa></sln:miejscowosc><sln:miejscowosc><sln:cyklZyciaOd>2017-04-03T00:00:00+02:00</sln:cyklZyciaOd><sln:gmIIPId>382cffb9-9ac1-4c6c-9a9f-b5a3a69b23c0</sln:gmIIPId><sln:gmIIPPn>PL.PZGIK.200</sln:gmIIPPn><sln:gmIIPWersja>2012-09-26T21:57:47+02:00</sln:gmIIPWersja><sln:gmIdTeryt>1405052</sln:gmIdTeryt><sln:gmNazwa>Jaktorów</sln:gmNazwa><sln:miejscIIPId>f1ab86ad-1971-44cb-9aa7-ff1d2d49a1f9</sln:miejscIIPId><sln:miejscIIPPn>PL.PZGIK.200</sln:miejscIIPPn><sln:miejscIIPWersja>2017-04-03T13:08:47+02:00</sln:miejscIIPWersja><sln:miejscIdTeryt>0728523</sln:miejscIdTeryt><sln:miejscNazwa>Jaktorów</sln:miejscNazwa><sln:miejscRodzaj>Wieś</sln:miejscRodzaj><sln:powIIPId>5c1e181f-3b0f-46f6-8c94-8610f98e8e1b</sln:powIIPId><sln:powIIPPn>PL.PZGIK.200</sln:powIIPPn><sln:powIIPWersja>2012-09-27T08:13:53+02:00</sln:powIIPWersja><sln:powIdTeryt>1405</sln:powIdTeryt><sln:powNazwa>grodziski</sln:powNazwa><sln:waznyOd>2011-11-25T00:00:00+01:00</sln:waznyOd><sln:wojIIPId>4b6c492a-eb04-441d-a92a-f44359c06de7</sln:wojIIPId><sln:wojIIPPn>PL.PZGIK.200</sln:wojIIPPn><sln:wojIIPWersja>2012-09-27T13:45:13+02:00</sln:wojIIPWersja><sln:wojIdTeryt>14</sln:wojIdTeryt><sln:wojNazwa>mazowieckie</sln:wojNazwa></sln:miejscowosc><sln:miejscowosc><sln:cyklZyciaOd>2017-04-03T00:00:00+02:00</sln:cyklZyciaOd><sln:gmIIPId>382cffb9-9ac1-4c6c-9a9f-b5a3a69b23c0</sln:gmIIPId><sln:gmIIPPn>PL.PZGIK.200</sln:gmIIPPn><sln:gmIIPWersja>2012-09-26T21:57:47+02:00</sln:gmIIPWersja><sln:gmIdTeryt>1405052</sln:gmIdTeryt><sln:gmNazwa>Jaktorów</sln:gmNazwa><sln:miejscIIPId>a6488cab-c23d-4e92-b6fa-e5d6ab1ff5d9</sln:miejscIIPId><sln:miejscIIPPn>PL.PZGIK.200</sln:miejscIIPPn><sln:miejscIIPWersja>2017-04-03T13:08:47+02:00</sln:miejscIIPWersja><sln:miejscIdTeryt>0728546</sln:miejscIdTeryt><sln:miejscNazwa>Jaktorów-Kolonia</sln:miejscNazwa><sln:miejscRodzaj>Wieś</sln:miejscRodzaj><sln:powIIPId>5c1e181f-3b0f-46f6-8c94-8610f98e8e1b</sln:powIIPId><sln:powIIPPn>PL.PZGIK.200</sln:powIIPPn><sln:powIIPWersja>2012-09-27T08:13:53+02:00</sln:powIIPWersja><sln:powIdTeryt>1405</sln:powIdTeryt><sln:powNazwa>grodziski</sln:powNazwa><sln:waznyOd>2012-01-03T00:00:00+01:00</sln:waznyOd><sln:wojIIPId>4b6c492a-eb04-441d-a92a-f44359c06de7</sln:wojIIPId><sln:wojIIPPn>PL.PZGIK.200</sln:wojIIPPn><sln:wojIIPWersja>2012-09-27T13:45:13+02:00</sln:wojIIPWersja><sln:wojIdTeryt>14</sln:wojIdTeryt><sln:wojNazwa>mazowieckie</sln:wojNazwa></sln:miejscowosc><sln:miejscowosc><sln:cyklZyciaOd>2017-04-03T00:00:00+02:00</sln:cyklZyciaOd><sln:gmIIPId>382cffb9-9ac1-4c6c-9a9f-b5a3a69b23c0</sln:gmIIPId><sln:gmIIPPn>PL.PZGIK.200</sln:gmIIPPn><sln:gmIIPWersja>2012-09-26T21:57:47+02:00</sln:gmIIPWersja><sln:gmIdTeryt>1405052</sln:gmIdTeryt><sln:gmNazwa>Jaktorów</sln:gmNazwa><sln:miejscIIPId>736b31ef-5edf-48d4-a460-01ec18093573</sln:miejscIIPId><sln:miejscIIPPn>PL.PZGIK.200</sln:miejscIIPPn><sln:miejscIIPWersja>2017-04-03T13:08:47+02:00</sln:miejscIIPWersja><sln:miejscIdTeryt>0728552</sln:miejscIdTeryt><sln:miejscNazwa>Mariampol</sln:miejscNazwa><sln:miejscRodzaj>Wieś</sln:miejscRodzaj><sln:powIIPId>5c1e181f-3b0f-46f6-8c94-8610f98e8e1b</sln:powIIPId><sln:powIIPPn>PL.PZGIK.200</sln:powIIPPn><sln:powIIPWersja>2012-09-27T08:13:53+02:00</sln:powIIPWersja><sln:powIdTeryt>1405</sln:powIdTeryt><sln:powNazwa>grodziski</sln:powNazwa><sln:waznyOd>2011-11-25T00:00:00+01:00</sln:waznyOd><sln:wojIIPId>4b6c492a-eb04-441d-a92a-f44359c06de7</sln:wojIIPId><sln:wojIIPPn>PL.PZGIK.200</sln:wojIIPPn><sln:wojIIPWersja>2012-09-27T13:45:13+02:00</sln:wojIIPWersja><sln:wojIdTeryt>14</sln:wojIdTeryt><sln:wojNazwa>mazowieckie</sln:wojNazwa></sln:miejscowosc><sln:miejscowosc><sln:cyklZyciaOd>2017-04-03T00:00:00+02:00</sln:cyklZyciaOd><sln:gmIIPId>382cffb9-9ac1-4c6c-9a9f-b5a3a69b23c0</sln:gmIIPId><sln:gmIIPPn>PL.PZGIK.200</sln:gmIIPPn><sln:gmIIPWersja>2012-09-26T21:57:47+02:00</sln:gmIIPWersja><sln:gmIdTeryt>1405052</sln:gmIdTeryt><sln:gmNazwa>Jaktorów</sln:gmNazwa><sln:miejscIIPId>92273354-8d3e-47a3-8b31-367f662d1d1b</sln:miejscIIPId><sln:miejscIIPPn>PL.PZGIK.200</sln:miejscIIPPn><sln:miejscIIPWersja>2017-04-03T13:08:47+02:00</sln:miejscIIPWersja><sln:miejscIdTeryt>0728569</sln:miejscIdTeryt><sln:miejscNazwa>Międzyborów</sln:miejscNazwa><sln:miejscRodzaj>Wieś</sln:miejscRodzaj><sln:powIIPId>5c1e181f-3b0f-46f6-8c94-8610f98e8e1b</sln:powIIPId><sln:powIIPPn>PL.PZGIK.200</sln:powIIPPn><sln:powIIPWersja>2012-09-27T08:13:53+02:00</sln:powIIPWersja><sln:powIdTeryt>1405</sln:powIdTeryt><sln:powNazwa>grodziski</sln:powNazwa><sln:waznyOd>2011-11-25T00:00:00+01:00</sln:waznyOd><sln:wojIIPId>4b6c492a-eb04-441d-a92a-f44359c06de7</sln:wojIIPId><sln:wojIIPPn>PL.PZGIK.200</sln:wojIIPPn><sln:wojIIPWersja>2012-09-27T13:45:13+02:00</sln:wojIIPWersja><sln:wojIdTeryt>14</sln:wojIdTeryt><sln:wojNazwa>mazowieckie</sln:wojNazwa></sln:miejscowosc><sln:miejscowosc><sln:cyklZyciaOd>2017-04-03T00:00:00+02:00</sln:cyklZyciaOd><sln:gmIIPId>382cffb9-9ac1-4c6c-9a9f-b5a3a69b23c0</sln:gmIIPId><sln:gmIIPPn>PL.PZGIK.200</sln:gmIIPPn><sln:gmIIPWersja>2012-09-26T21:57:47+02:00</sln:gmIIPWersja><sln:gmIdTeryt>1405052</sln:gmIdTeryt><sln:gmNazwa>Jaktorów</sln:gmNazwa><sln:miejscIIPId>0016a1ae-aae6-4ba6-a85f-8d2493210184</sln:miejscIIPId><sln:miejscIIPPn>PL.PZGIK.200</sln:miejscIIPPn><sln:miejscIIPWersja>2017-04-03T13:08:47+02:00</sln:miejscIIPWersja><sln:miejscIdTeryt>0728575</sln:miejscIdTeryt><sln:miejscNazwa>Sade Budy</sln:miejscNazwa><sln:miejscRodzaj>Wieś</sln:miejscRodzaj><sln:powIIPId>5c1e181f-3b0f-46f6-8c94-8610f98e8e1b</sln:powIIPId><sln:powIIPPn>PL.PZGIK.200</sln:powIIPPn><sln:powIIPWersja>2012-09-27T08:13:53+02:00</sln:powIIPWersja><sln:powIdTeryt>1405</sln:powIdTeryt><sln:powNazwa>grodziski</sln:powNazwa><sln:waznyOd>2011-11-25T00:00:00+01:00</sln:waznyOd><sln:wojIIPId>4b6c492a-eb04-441d-a92a-f44359c06de7</sln:wojIIPId><sln:wojIIPPn>PL.PZGIK.200</sln:wojIIPPn><sln:wojIIPWersja>2012-09-27T13:45:13+02:00</sln:wojIIPWersja><sln:wojIdTeryt>14</sln:wojIdTeryt><sln:wojNazwa>mazowieckie</sln:wojNazwa></sln:miejscowosc><sln:miejscowosc><sln:cyklZyciaOd>2017-04-03T00:00:00+02:00</sln:cyklZyciaOd><sln:gmIIPId>382cffb9-9ac1-4c6c-9a9f-b5a3a69b23c0</sln:gmIIPId><sln:gmIIPPn>PL.PZGIK.200</sln:gmIIPPn><sln:gmIIPWersja>2012-09-26T21:57:47+02:00</sln:gmIIPWersja><sln:gmIdTeryt>1405052</sln:gmIdTeryt><sln:gmNazwa>Jaktorów</sln:gmNazwa><sln:miejscIIPId>02e74070-3ba4-438e-86a4-32b206b3426a</sln:miejscIIPId><sln:miejscIIPPn>PL.PZGIK.200</sln:miejscIIPPn><sln:miejscIIPWersja>2017-04-03T13:08:47+02:00</sln:miejscIIPWersja><sln:miejscIdTeryt>0728581</sln:miejscIdTeryt><sln:miejscNazwa>Stare Budy</sln:miejscNazwa><sln:miejscRodzaj>Wieś</sln:miejscRodzaj><sln:powIIPId>5c1e181f-3b0f-46f6-8c94-8610f98e8e1b</sln:powIIPId><sln:powIIPPn>PL.PZGIK.200</sln:powIIPPn><sln:powIIPWersja>2012-09-27T08:13:53+02:00</sln:powIIPWersja><sln:powIdTeryt>1405</sln:powIdTeryt><sln:powNazwa>grodziski</sln:powNazwa><sln:waznyOd>2011-11-25T00:00:00+01:00</sln:waznyOd><sln:wojIIPId>4b6c492a-eb04-441d-a92a-f44359c06de7</sln:wojIIPId><sln:wojIIPPn>PL.PZGIK.200</sln:wojIIPPn><sln:wojIIPWersja>2012-09-27T13:45:13+02:00</sln:wojIIPWersja><sln:wojIdTeryt>14</sln:wojIdTeryt><sln:wojNazwa>mazowieckie</sln:wojNazwa></sln:miejscowosc></sln:lista-miejscowosci>