<?xml version="1.0" encoding="UTF-8" standalone="yes"?><sln:lista-miejscowosci xmlns:srv="http://gugik.gov.pl/schemas/slowniki-service/1.0" xmlns:sln="http://gugik.gov.pl/schemas/slowniki-schema/1.0"><sln:miejscowosc><sln:cyklZyciaDo>2017-03-24T00:00:00+01:00</sln:cyklZyciaDo><sln:cyklZyciaOd>2015-05-04T00:00:00+02:00</sln:cyklZyciaOd><sln:gmIIPId>d1ff0240-06e7-4625-90a9-bfa70925809d</sln:gmIIPId><sln:gmIIPPn>PL.PZGIK.200</sln:gmIIPPn><sln:gmIIPWersja>2012-09-26T21:57:27+02:00</sln:gmIIPWersja><sln:gmIdTeryt>1401022</sln:gmIdTeryt><sln:gmNazwa>Promna</sln:gmNazwa><sln:miejscIIPId>801579a5-9e99-4b76-9267-1353200a623a</sln:miejscIIPId><sln:miejscIIPPn>PL.PZGIK.200</sln:miejscIIPPn><sln:miejscIIPWersja>2016-11-24T11:39:01+02:00</sln:miejscIIPWersja><sln:miejscIdTeryt>0632651</sln:miejscIdTeryt><sln:miejscNazwa>Adamów</sln:miejscNazwa><sln:miejscRodzaj>Wieś</sln:miejscRodzaj><sln:powIIPId>2a52ff3b-6f43-4385-a9b6-8b7ad0961028</sln:powIIPId><sln:powIIPPn>PL.PZGIK.200</sln:powIIPPn><sln:powIIPWersja>2012-09-27T08:13:53+02:00</sln:powIIPWersja><sln:powIdTeryt>1401</sln:powIdTeryt><sln:powNazwa>białobrzeski</sln:powNazwa><sln:waznyOd>2014-06-23T00:00:00+02:00</sln:waznyOd><sln:wojIIPId>4b6c492a-eb04-441d-a92a-f44359c06de7</sln:wojIIPId><sln:wojIIPPn>PL.PZGIK.200</sln:wojIIPPn><sln:wojIIPWersja>2012-09-27T13:45:13+02:00</sln:wojIIPWersja><sln:wojIdTeryt>14</sln:wojIdTeryt><sln:wojNazwa>mazowieckie</sln:wojNazwa></sln:miejscowosc><sln:miejscowosc><sln:cyklZyciaDo>2017-03-24T00:00:00+01:00</sln:cyklZyciaDo><sln:cyklZyciaOd>2015-05-04T00:00:00+02:00</sln:cyklZyciaOd><sln:gmIIPId>d1ff0240-06e7-4625-90a9-bfa70925809d</sln:gmIIPId><sln:gmIIPPn>PL.PZGIK.200</sln:gmIIPPn><sln:gmIIPWersja>2012-09-26T21:57:27+02:00</sln:gmIIPWersja><sln:gmIdTeryt>1401022</sln:gmIdTeryt><sln:gmNazwa>Promna</sln:gmNazwa><sln:miejscIIPId>e4373f4b-c274-4601-9b2a-95573d7f4f53</sln:miejscIIPId><sln:miejscIIPPn>PL.PZGIK.200</sln:miejscIIPPn><sln:miejscIIPWersja>2016-11-24T11:39:01+02:00</sln:miejscIIPWersja><sln:miejscIdTeryt>0632668</sln:miejscIdTeryt><sln:miejscNazwa>Biejkowska Wola</sln:miejscNazwa><sln:miejscRodzaj>Wieś</sln:miejscRodzaj><sln:powIIPId>2a52ff3b-6f43-4385-a9b6-8b7ad0961028</sln:powIIPId><sln:powIIPPn>PL.PZGIK.200</sln:powIIPPn><sln:powIIPWersja>2012-09-27T08:13:53+02:00</sln:powIIPWersja><sln:powIdTeryt>1401</sln:powIdTeryt><sln:powNazwa>białobrzeski</sln:powNazwa><sln:waznyOd>2014-06-23T00:00:00+02:00</sln:waznyOd><sln:wojIIPId>4b6c492a-eb04-441d-a92a-f44359c06de7</sln:wojIIPId><sln:wojIIPPn>PL.PZGIK.200</sln:wojIIPPn><sln:wojIIPWersja>2012-09-27T13:45:13+02:00</sln:wojIIPWersja><sln:wojIdTeryt>14</sln:wojIdTeryt><sln:wojNazwa>mazowieckie</sln:wojNazwa></sln:miejscowosc><sln:miejscowosc><sln:cyklZyciaDo>2017-03-24T00:00:00+01:00</sln:cyklZyciaDo><sln:cyklZyciaOd>2015-05-04T00:00:00+02:00</sln:cyklZyciaOd><sln:gmIIPId>d1ff0240-06e7-4625-90a9-bfa70925809d</sln:gmIIPId><sln:gmIIPPn>PL.PZGIK.200</sln:gmIIPPn><sln:gmIIPWersja>2012-09-26T21:57:27+02:00</sln:gmIIPWersja><sln:gmIdTeryt>1401022</sln:gmIdTeryt><sln:gmNazwa>Promna</sln:gmNazwa><sln:miejscIIPId>354a5ec9-3db3-4372-adae-dff4ed19438b</sln:miejscIIPId><sln:miejscIIPPn>PL.PZGIK.200</sln:miejscIIPPn><sln:miejscIIPWersja>2016-11-24T11:39:01+02:00</sln:miejscIIPWersja><sln:miejscIdTeryt>0632674</sln:miejscIdTeryt><sln:miejscNazwa>Biejków</sln:miejscNazwa><sln:miejscRodzaj>Wieś</sln:miejscRodzaj><sln:powIIPId>2a52ff3b-6f43-4385-a9b6-8b7ad0961028</sln:powIIPId><sln:powIIPPn>PL.PZGIK.200</sln:powIIPPn><sln:powIIPWersja>2012-09-27T08:13:53+02:00</sln:powIIPWersja><sln:powIdTeryt>1401</sln:powIdTeryt><sln:powNazwa>białobrzeski</sln:powNazwa><sln:waznyOd>2014-06-23T00:00:00+02:00</sln:waznyOd><sln:wojIIPId>4b6c492a-eb04-441d-a92a-f44359c06de7</sln:wojIIPId><sln:wojIIPPn>PL.PZGIK.200</sln:wojIIPPn><sln:wojIIPWersja>2012-09-27T13:45:13+02:00</sln:wojIIPWersja><sln:wojIdTeryt>14</sln:wojIdTeryt><sln:wojNazwa>mazowieckie</sln:wojNazwa></sln:miejscowosc><sln:miejscowosc><sln:cyklZyciaDo>2017-03-24T00:00:00+01:00</sln:cyklZyciaDo><sln:cyklZyciaOd>2015-05-04T00:00:00+02:00</sln:cyklZyciaOd><sln:gmIIPId>d1ff0240-06e7-4625-90a9-bfa70925809d</sln:gmIIPId><sln:gmIIPPn>PL.PZGIK.200</sln:gmIIPPn><sln:gmIIPWersja>2012-09-26T21:57:27+02:00</sln:gmIIPWersja><sln:gmIdTeryt>1401022</sln:gmIdTeryt><sln:gmNazwa>Promna</sln:gmNazwa><sln:miejscIIPId>a5d4c6e1-7fc7-4240-9ecc-07cd3f7bafe8</sln:miejscIIPId><sln:miejscIIPPn>PL.PZGIK.200</sln:miejscIIPPn><sln:miejscIIPWersja>2016-11-24T11:39:01+02:00</sln:miejscIIPWersja><sln:miejscIdTeryt>0632680</sln:miejscIdTeryt><sln:miejscNazwa>Bronisławów</sln:miejscNazwa><sln:miejscRodzaj>Wieś</sln:miejscRodzaj><sln:powIIPId>2a52ff3b-6f43-4385-a9b6-8b7ad0961028</sln:powIIPId><sln:powIIPPn>PL.PZGIK.200</sln:powIIPPn><sln:powIIPWersja>2012-09-27T08:13:53+02:00</sln:powIIPWersja><sln:powIdTeryt>1401</sln:powIdTeryt><sln:powNazwa>białobrzeski</sln:powNazwa><sln:waznyOd>2014-06-23T00:00:00+02:00</sln:waznyOd><sln:wojIIPId>4b6c492a-eb04-441d-a92a-f44359c06de7</sln:wojIIPId><sln:wojIIPPn>PL.PZGIK.200</sln:wojIIPPn><sln:wojIIPWersja>2012-09-27T13:45:13+02:00</sln:wojIIPWersja><sln:wojIdTeryt>14</sln:wojIdTeryt><sln:wojNazwa>mazowieckie</sln:wojNazwa></sln:miejscowosc><sln:miejscowosc><sln:cyklZyciaDo>2017-03-24T00:00:00+01:00</sln:cyklZyciaDo><sln:cyklZyciaOd>2015-05-04T00:00:00+02:00</sln:cyklZyciaOd><sln:gmIIPId>d1ff0240-06e7-4625-90a9-bfa70925809d</sln:gmIIPId><sln:gmIIPPn>PL.PZGIK.200</sln:gmIIPPn><sln:gmIIPWersja>2012-09-26T21:57:27+02:00</sln:gmIIPWersja><sln:gmIdTeryt>1401022</sln:gmIdTeryt><sln:gmNazwa>Promna</sln:gmNazwa><sln:miejscIIPId>4eb85caf-1a11-439a-b30c-61f35a527e91</sln:miejscIIPId><sln:miejscIIPPn>PL.PZGIK.200</sln:miejscIIPPn><sln:miejscIIPWersja>2016-11-24T11:39:01+02:00</sln:miejscIIPWersja><sln:miejscIdTeryt>0632711</sln:miejscIdTeryt><sln:miejscNazwa>Broniszew</sln:miejscNazwa><sln:miejscRodzaj>Wieś</sln:miejscRodzaj><sln:powIIPId>2a52ff3b-6f43-4385-a9b6-8b7ad0961028</sln:powIIPId><sln:powIIPPn>PL.PZGIK.200</sln:powIIPPn><sln:powIIPWersja>2012-09-27T08:13:53+02:00</sln:powIIPWersja><sln:powIdTeryt>1401</sln:powIdTeryt><sln:powNazwa>białobrzeski</sln:powNazwa><sln:waznyOd>2014-06-23T00:00:00+02:00</sln:waznyOd><sln:wojIIPId>4b6c492a-eb04-441d-a92a-f44359c06de7</sln:wojIIPId><sln:wojIIPPn>PL.PZGIK.200</sln:wojIIPPn><sln:wojIIPWersja>2012-09-27T13:45:13+02:00</sln:wojIIPWersja><sln:wojIdTeryt>14</sln:wojIdTeryt><sln:wojNazwa>mazowieckie</sln:wojNazwa></sln:miejscowosc><sln:miejscowosc><sln:cyklZyciaDo>2017-03-24T00:00:00+01:00</sln:cyklZyciaDo><sln:cyklZyciaOd>2015-05-04T00:00:00+02:00</sln:cyklZyciaOd><sln:gmIIPId>d1ff0240-06e7-4625-90a9-bfa70925809d</sln:gmIIPId><sln:gmIIPPn>PL.PZGIK.200</sln:gmIIPPn><sln:gmIIPWersja>2012-09-26T21:57:27+02:00</sln:gmIIPWersja><sln:gmIdTeryt>1401022</sln:gmIdTeryt><sln:gmNazwa>Promna</sln:gmNazwa><sln:miejscIIPId>7c5eac97-a85e-42b0-87ef-9ab73081fe03</sln:miejscIIPId><sln:miejscIIPPn>PL.PZGIK.200</sln:miejscIIPPn><sln:miejscIIPWersja>2016-11-24T11:39:01+02:00</sln:miejscIIPWersja><sln:miejscIdTeryt>0632728</sln:miejscIdTeryt><sln:miejscNazwa>Daltrozów</sln:miejscNazwa><sln:miejscRodzaj>Wieś</sln:miejscRodzaj><sln:powIIPId>2a52ff3b-6f43-4385-a9b6-8b7ad0961028</sln:powIIPId><sln:powIIPPn>PL.PZGIK.200</sln:powIIPPn><sln:powIIPWersja>2012-09-27T08:13:53+02:00</sln:powIIPWersja><sln:powIdTeryt>1401</sln:powIdTeryt><sln:powNazwa>białobrzeski</sln:powNazwa><sln:waznyOd>2014-06-23T00:00:00+02:00</sln:waznyOd><sln:wojIIPId>4b6c492a-eb04-441d-a92a-f44359c06de7</sln:wojIIPId><sln:wojIIPPn>PL.PZGIK.200</sln:wojIIPPn><sln:wojIIPWersja>2012-09-27T13:45:13+02:00</sln:wojIIPWersja><sln:wojIdTeryt>14</sln:wojIdTeryt><sln:wojNazwa>mazowieckie</sln:wojNazwa></sln:miejscowosc><sln:miejscowosc><sln:cyklZyciaDo>2017-03-24T00:00:00+01:00</sln:cyklZyciaDo><sln:cyklZyciaOd>2015-05-04T00:00:00+02:00</sln:cyklZyciaOd><sln:gmIIPId>d1ff0240-06e7-4625-90a9-bfa70925809d</sln:gmIIPId><sln:gmIIPPn>PL.PZGIK.200</sln:gmIIPPn><sln:gmIIPWersja>2012-09-26T21:57:27+02:00</sln:gmIIPWersja><sln:gmIdTeryt>1401022</sln:gmIdTeryt><sln:gmNazwa>Promna</sln:gmNazwa><sln:miejscIIPId>0f2e684c-2554-4887-b725-d259169cf81b</sln:miejscIIPId><sln:miejscIIPPn>PL.PZGIK.200</sln:miejscIIPPn><sln:miejscIIPWersja>2016-11-24T11:39:01+02:00</sln:miejscIIPWersja><sln:miejscIdTeryt>0632734</sln:miejscIdTeryt><sln:miejscNazwa>Domaniewice</sln:miejscNazwa><sln:miejscRodzaj>Wieś</sln:miejscRodzaj><sln:powIIPId>2a52ff3b-6f43-4385-a9b6-8b7ad0961028</sln:powIIPId><sln:powIIPPn>PL.PZGIK.200</sln:powIIPPn><sln:powIIPWersja>2012-09-27T08:13:53+02:00</sln:powIIPWersja><sln:powIdTeryt>1401</sln:powIdTeryt><sln:powNazwa>białobrzeski</sln:powNazwa><sln:waznyOd>2014-06-23T00:00:00+02:00</sln:waznyOd><sln:wojIIPId>4b6c492a-eb04-441d-a92a-f44359c06de7</sln:wojIIPId><sln:wojIIPPn>PL.PZGIK.200</sln:wojIIPPn><sln:wojIIPWersja>2012-09-27T13:45:13+02:00</sln:wojIIPWersja><sln:wojIdTeryt>14</sln:wojIdTeryt><sln:wojNazwa>mazowieckie</sln:wojNazwa></sln:miejscowosc><sln:miejscowosc><sln:cyklZyciaDo>2017-03-24T00:00:00+01:00</sln:cyklZyciaDo><sln:cyklZyciaOd>2015-05-04T00:00:00+02:00</sln:cyklZyciaOd><sln:gmIIPId>d1ff0240-06e7-4625-90a9-bfa70925809d</sln:gmIIPId><sln:gmIIPPn>PL.PZGIK.200</sln:gmIIPPn><sln:gmIIPWersja>2012-09-26T21:57:27+02:00</sln:gmIIPWersja><sln:gmIdTeryt>1401022</sln:gmIdTeryt><sln:gmNazwa>Promna</sln:gmNazwa><sln:miejscIIPId>c6ff4cb6-5ec2-4848-bc48-df768d627b92</sln:miejscIIPId><sln:miejscIIPPn>PL.PZGIK.200</sln:miejscIIPPn><sln:miejscIIPWersja>2016-11-24T11:39:01+02:00</sln:miejscIIPWersja><sln:miejscIdTeryt>0632740</sln:miejscIdTeryt><sln:miejscNazwa>Falęcice</sln:miejscNazwa><sln:miejscRodzaj>Wieś</sln:miejscRodzaj><sln:powIIPId>2a52ff3b-6f43-4385-a9b6-8b7ad0961028</sln:powIIPId><sln:powIIPPn>PL.PZGIK.200</sln:powIIPPn><sln:powIIPWersja>2012-09-27T08:13:53+02:00</sln:powIIPWersja><sln:powIdTeryt>1401</sln:powIdTeryt><sln:powNazwa>białobrzeski</sln:powNazwa><sln:waznyOd>2014-06-23T00:00:00+02:00</sln:waznyOd><sln:wojIIPId>4b6c492a-eb04-441d-a92a-f44359c06de7</sln:wojIIPId><sln:wojIIPPn>PL.PZGIK.200</sln:wojIIPPn><sln:wojIIPWersja>2012-09-27T13:45:13+02:00</sln:wojIIPWersja><sln:wojIdTeryt>14</sln:wojIdTeryt><sln:wojNazwa>mazowieckie</sln:wojNazwa></sln:miejscowosc><sln:miejscowosc><sln:cyklZyciaDo>2017-03-24T00:00:00+01:00</sln:cyklZyciaDo><sln:cyklZyciaOd>2015-05-04T00:00:00+02:00</sln:cyklZyciaOd><sln:gmIIPId>d1ff0240-06e7-4625-90a9-bfa70925809d</sln:gmIIPId><sln:gmIIPPn>PL.PZGIK.200</sln:gmIIPPn><sln:gmIIPWersja>2012-09-26T21:57:27+02:00</sln:gmIIPWersja><sln:gmIdTeryt>1401022</sln:gmIdTeryt><sln:gmNazwa>Promna</sln:gmNazwa><sln:miejscIIPId>0de894ea-8017-4ddb-b283-c58c7d01e7b8</sln:miejscIIPId><sln:miejscIIPPn>PL.PZGIK.200</sln:miejscIIPPn><sln:miejscIIPWersja>2016-11-24T11:39:02+02:00</sln:miejscIIPWersja><sln:miejscIdTeryt>0632970</sln:miejscIdTeryt><sln:miejscNazwa>Falęcice-Parcela</sln:miejscNazwa><sln:miejscRodzaj>Wieś</sln:miejscRodzaj><sln:powIIPId>2a52ff3b-6f43-4385-a9b6-8b7ad0961028</sln:powIIPId><sln:powIIPPn>PL.PZGIK.200</sln:powIIPPn><sln:powIIPWersja>2012-09-27T08:13:53+02:00</sln:powIIPWersja><sln:powIdTeryt>1401</sln:powIdTeryt><sln:powNazwa>białobrzeski</sln:powNazwa><sln:waznyOd>2014-06-23T00:00:00+02:00</sln:waznyOd><sln:wojIIPId>4b6c492a-eb04-441d-a92a-f44359c06de7</sln:wojIIPId><sln:wojIIPPn>PL.PZGIK.200</sln:wojIIPPn><sln:wojIIPWersja>2012-09-27T13:45:13+02:00</sln:wojIIPWersja><sln:wojIdTeryt>14</sln:wojIdTeryt><sln:wojNazwa>mazowieckie</sln:wojNazwa></sln:miejscowosc><sln:miejscowosc><sln:cyklZyciaDo>2017-03-24T00:00:00+01:00</sln:cyklZyciaDo><sln:cyklZyciaOd>2015-05-04T00:00:00+02:00</sln:cyklZyciaOd><sln:gmIIPId>d1ff0240-06e7-4625-90a9-bfa70925809d</sln:gmIIPId><sln:gmIIPPn>PL.PZGIK.200</sln:gmIIPPn><sln:gmIIPWersja>2012-09-26T21:57:27+02:00</sln:gmIIPWersja><sln:gmIdTeryt>1401022</sln:gmIdTeryt><sln:gmNazwa>Promna</sln:gmNazwa><sln:miejscIIPId>e3bf1ba9-a71f-437b-adf5-ea420d74d173</sln:miejscIIPId><sln:miejscIIPPn>PL.PZGIK.200</sln:miejscIIPPn><sln:miejscIIPWersja>2016-11-24T11:39:01+02:00</sln:miejscIIPWersja><sln:miejscIdTeryt>0632763</sln:miejscIdTeryt><sln:miejscNazwa>Falęcice-Wola</sln:miejscNazwa><sln:miejscRodzaj>Wieś</sln:miejscRodzaj><sln:powIIPId>2a52ff3b-6f43-4385-a9b6-8b7ad0961028</sln:powIIPId><sln:powIIPPn>PL.PZGIK.200</sln:powIIPPn><sln:powIIPWersja>2012-09-27T08:13:53+02:00</sln:powIIPWersja><sln:powIdTeryt>1401</sln:powIdTeryt><sln:powNazwa>białobrzeski</sln:powNazwa><sln:waznyOd>2014-06-23T00:00:00+02:00</sln:waznyOd><sln:wojIIPId>4b6c492a-eb04-441d-a92a-f44359c06de7</sln:wojIIPId><sln:wojIIPPn>PL.PZGIK.200</sln:wojIIPPn><sln:wojIIPWersja>2012-09-27T13:45:13+02:00</sln:wojIIPWersja><sln:wojIdTeryt>14</sln:wojIdTeryt><sln:wojNazwa>mazowieckie</sln:wojNazwa></sln:miejscowosc><sln:miejscowosc><sln:cyklZyciaDo>2017-03-24T00:00:00+01:00</sln:cyklZyciaDo><sln:cyklZyciaOd>2015-05-04T00:00:00+02:00</sln:cyklZyciaOd><sln:gmIIPId>d1ff0240-06e7-4625-90a9-bfa70925809d</sln:gmIIPId><sln:gmIIPPn>PL.PZGIK.200</sln:gmIIPPn><sln:gmIIPWersja>2012-09-26T21:57:27+02:00</sln:gmIIPWersja><sln:gmIdTeryt>1401022</sln:gmIdTeryt><sln:gmNazwa>Promna</sln:gmNazwa><sln:miejscIIPId>2108d4a9-b546-4652-a1cf-a41bde338a0a</sln:miejscIIPId><sln:miejscIIPPn>PL.PZGIK.200</sln:miejscIIPPn><sln:miejscIIPWersja>2016-11-24T11:39:01+02:00</sln:miejscIIPWersja><sln:miejscIdTeryt>0632770</sln:miejscIdTeryt><sln:miejscNazwa>Góry</sln:miejscNazwa><sln:miejscRodzaj>Wieś</sln:miejscRodzaj><sln:powIIPId>2a52ff3b-6f43-4385-a9b6-8b7ad0961028</sln:powIIPId><sln:powIIPPn>PL.PZGIK.200</sln:powIIPPn><sln:powIIPWersja>2012-09-27T08:13:53+02:00</sln:powIIPWersja><sln:powIdTeryt>1401</sln:powIdTeryt><sln:powNazwa>białobrzeski</sln:powNazwa><sln:waznyOd>2014-06-23T00:00:00+02:00</sln:waznyOd><sln:wojIIPId>4b6c492a-eb04-441d-a92a-f44359c06de7</sln:wojIIPId><sln:wojIIPPn>PL.PZGIK.200</sln:wojIIPPn><sln:wojIIPWersja>2012-09-27T13:45:13+02:00</sln:wojIIPWersja><sln:wojIdTeryt>14</sln:wojIdTeryt><sln:wojNazwa>mazowieckie</sln:wojNazwa></sln:miejscowosc><sln:miejscowosc><sln:cyklZyciaDo>2017-03-24T00:00:00+01:00</sln:cyklZyciaDo><sln:cyklZyciaOd>2015-05-04T00:00:00+02:00</sln:cyklZyciaOd><sln:gmIIPId>d1ff0240-06e7-4625-90a9-bfa70925809d</sln:gmIIPId><sln:gmIIPPn>PL.PZGIK.200</sln:gmIIPPn><sln:gmIIPWersja>2012-09-26T21:57:27+02:00</sln:gmIIPWersja><sln:gmIdTeryt>1401022</sln:gmIdTeryt><sln:gmNazwa>Promna</sln:gmNazwa><sln:miejscIIPId>28cab6ff-fc87-49b9-9f13-6d9e20921c6d</sln:miejscIIPId><sln:miejscIIPPn>PL.PZGIK.200</sln:miejscIIPPn><sln:miejscIIPWersja>2016-11-24T11:39:02+02:00</sln:miejscIIPWersja><sln:miejscIdTeryt>0632987</sln:miejscIdTeryt><sln:miejscNazwa>Helenów</sln:miejscNazwa><sln:miejscRodzaj>Wieś</sln:miejscRodzaj><sln:powIIPId>2a52ff3b-6f43-4385-a9b6-8b7ad0961028</sln:powIIPId><sln:powIIPPn>PL.PZGIK.200</sln:powIIPPn><sln:powIIPWersja>2012-09-27T08:13:53+02:00</sln:powIIPWersja><sln:powIdTeryt>1401</sln:powIdTeryt><sln:powNazwa>białobrzeski</sln:powNazwa><sln:waznyOd>2014-06-23T00:00:00+02:00</sln:waznyOd><sln:wojIIPId>4b6c492a-eb04-441d-a92a-f44359c06de7</sln:wojIIPId><sln:wojIIPPn>PL.PZGIK.200</sln:wojIIPPn><sln:wojIIPWersja>2012-09-27T13:45:13+02:00</sln:wojIIPWersja><sln:wojIdTeryt>14</sln:wojIdTeryt><sln:wojNazwa>mazowieckie</sln:wojNazwa></sln:miejscowosc><sln:miejscowosc><sln:cyklZyciaDo>2017-03-24T00:00:00+01:00</sln:cyklZyciaDo><sln:cyklZyciaOd>2015-05-04T00:00:00+02:00</sln:cyklZyciaOd><sln:gmIIPId>d1ff0240-06e7-4625-90a9-bfa70925809d</sln:gmIIPId><sln:gmIIPPn>PL.PZGIK.200</sln:gmIIPPn><sln:gmIIPWersja>2012-09-26T21:57:27+02:00</sln:gmIIPWersja><sln:gmIdTeryt>1401022</sln:gmIdTeryt><sln:gmNazwa>Promna</sln:gmNazwa><sln:miejscIIPId>a8aa376f-2add-4a73-928c-6bd8334d70e4</sln:miejscIIPId><sln:miejscIIPPn>PL.PZGIK.200</sln:miejscIIPPn><sln:miejscIIPWersja>2016-11-24T11:39:01+02:00</sln:miejscIIPWersja><sln:miejscIdTeryt>0632786</sln:miejscIdTeryt><sln:miejscNazwa>Jadwigów</sln:miejscNazwa><sln:miejscRodzaj>Wieś</sln:miejscRodzaj><sln:powIIPId>2a52ff3b-6f43-4385-a9b6-8b7ad0961028</sln:powIIPId><sln:powIIPPn>PL.PZGIK.200</sln:powIIPPn><sln:powIIPWersja>2012-09-27T08:13:53+02:00</sln:powIIPWersja><sln:powIdTeryt>1401</sln:powIdTeryt><sln:powNazwa>białobrzeski</sln:powNazwa><sln:waznyOd>2014-06-23T00:00:00+02:00</sln:waznyOd><sln:wojIIPId>4b6c492a-eb04-441d-a92a-f44359c06de7</sln:wojIIPId><sln:wojIIPPn>PL.PZGIK.200</sln:wojIIPPn><sln:wojIIPWersja>2012-09-27T13:45:13+02:00</sln:wojIIPWersja><sln:wojIdTeryt>14</sln:wojIdTeryt><sln:wojNazwa>mazowieckie</sln:wojNazwa></sln:miejscowosc><sln:miejscowosc><sln:cyklZyciaDo>2017-03-24T00:00:00+01:00</sln:cyklZyciaDo><sln:cyklZyciaOd>2015-05-04T00:00:00+02:00</sln:cyklZyciaOd><sln:gmIIPId>d1ff0240-06e7-4625-90a9-bfa70925809d</sln:gmIIPId><sln:gmIIPPn>PL.PZGIK.200</sln:gmIIPPn><sln:gmIIPWersja>2012-09-26T21:57:27+02:00</sln:gmIIPWersja><sln:gmIdTeryt>1401022</sln:gmIdTeryt><sln:gmNazwa>Promna</sln:gmNazwa><sln:miejscIIPId>6697da45-5de8-44f8-bd4a-419669be0b58</sln:miejscIIPId><sln:miejscIIPPn>PL.PZGIK.200</sln:miejscIIPPn><sln:miejscIIPWersja>2016-11-24T11:39:01+02:00</sln:miejscIIPWersja><sln:miejscIdTeryt>0632800</sln:miejscIdTeryt><sln:miejscNazwa>Karolin</sln:miejscNazwa><sln:miejscRodzaj>Wieś</sln:miejscRodzaj><sln:powIIPId>2a52ff3b-6f43-4385-a9b6-8b7ad0961028</sln:powIIPId><sln:powIIPPn>PL.PZGIK.200</sln:powIIPPn><sln:powIIPWersja>2012-09-27T08:13:53+02:00</sln:powIIPWersja><sln:powIdTeryt>1401</sln:powIdTeryt><sln:powNazwa>białobrzeski</sln:powNazwa><sln:waznyOd>2014-06-23T00:00:00+02:00</sln:waznyOd><sln:wojIIPId>4b6c492a-eb04-441d-a92a-f44359c06de7</sln:wojIIPId><sln:wojIIPPn>PL.PZGIK.200</sln:wojIIPPn><sln:wojIIPWersja>2012-09-27T13:45:13+02:00</sln:wojIIPWersja><sln:wojIdTeryt>14</sln:wojIdTeryt><sln:wojNazwa>mazowieckie</sln:wojNazwa></sln:miejscowosc><sln:miejscowosc><sln:cyklZyciaDo>2017-03-24T00:00:00+01:00</sln:cyklZyciaDo><sln:cyklZyciaOd>2015-05-04T00:00:00+02:00</sln:cyklZyciaOd><sln:gmIIPId>d1ff0240-06e7-4625-90a9-bfa70925809d</sln:gmIIPId><sln:gmIIPPn>PL.PZGIK.200</sln:gmIIPPn><sln:gmIIPWersja>2012-09-26T21:57:27+02:00</sln:gmIIPWersja><sln:gmIdTeryt>1401022</sln:gmIdTeryt><sln:gmNazwa>Promna</sln:gmNazwa><sln:miejscIIPId>97fdade1-8e85-4460-9e0f-107626b4e8a7</sln:miejscIIPId><sln:miejscIIPPn>PL.PZGIK.200</sln:miejscIIPPn><sln:miejscIIPWersja>2016-11-24T11:39:01+02:00</sln:miejscIIPWersja><sln:miejscIdTeryt>0632823</sln:miejscIdTeryt><sln:miejscNazwa>Lekarcice</sln:miejscNazwa><sln:miejscRodzaj>Wieś</sln:miejscRodzaj><sln:powIIPId>2a52ff3b-6f43-4385-a9b6-8b7ad0961028</sln:powIIPId><sln:powIIPPn>PL.PZGIK.200</sln:powIIPPn><sln:powIIPWersja>2012-09-27T08:13:53+02:00</sln:powIIPWersja><sln:powIdTeryt>1401</sln:powIdTeryt><sln:powNazwa>białobrzeski</sln:powNazwa><sln:waznyOd>2014-06-23T00:00:00+02:00</sln:waznyOd><sln:wojIIPId>4b6c492a-eb04-441d-a92a-f44359c06de7</sln:wojIIPId><sln:wojIIPPn>PL.PZGIK.200</sln:wojIIPPn><sln:wojIIPWersja>2012-09-27T13:45:13+02:00</sln:wojIIPWersja><sln:wojIdTeryt>14</sln:wojIdTeryt><sln:wojNazwa>mazowieckie</sln:wojNazwa></sln:miejscowosc><sln:miejscowosc><sln:cyklZyciaDo>2017-03-24T00:00:00+01:00</sln:cyklZyciaDo><sln:cyklZyciaOd>2015-05-04T00:00:00+02:00</sln:cyklZyciaOd><sln:gmIIPId>d1ff0240-06e7-4625-90a9-bfa70925809d</sln:gmIIPId><sln:gmIIPPn>PL.PZGIK.200</sln:gmIIPPn><sln:gmIIPWersja>2012-09-26T21:57:27+02:00</sln:gmIIPWersja><sln:gmIdTeryt>1401022</sln:gmIdTeryt><sln:gmNazwa>Promna</sln:gmNazwa><sln:miejscIIPId>0548019d-bd5e-4871-ab3c-33b3fe04fc35</sln:miejscIIPId><sln:miejscIIPPn>PL.PZGIK.200</sln:miejscIIPPn><sln:miejscIIPWersja>2016-11-24T11:39:02+02:00</sln:miejscIIPWersja><sln:miejscIdTeryt>0632906</sln:miejscIdTeryt><sln:miejscNazwa>Lekarcice Nowe</sln:miejscNazwa><sln:miejscRodzaj>Wieś</sln:miejscRodzaj><sln:powIIPId>2a52ff3b-6f43-4385-a9b6-8b7ad0961028</sln:powIIPId><sln:powIIPPn>PL.PZGIK.200</sln:powIIPPn><sln:powIIPWersja>2012-09-27T08:13:53+02:00</sln:powIIPWersja><sln:powIdTeryt>1401</sln:powIdTeryt><sln:powNazwa>białobrzeski</sln:powNazwa><sln:waznyOd>2014-06-23T00:00:00+02:00</sln:waznyOd><sln:wojIIPId>4b6c492a-eb04-441d-a92a-f44359c06de7</sln:wojIIPId><sln:wojIIPPn>PL.PZGIK.200</sln:wojIIPPn><sln:wojIIPWersja>2012-09-27T13:45:13+02:00</sln:wojIIPWersja><sln:wojIdTeryt>14</sln:wojIdTeryt><sln:wojNazwa>mazowieckie</sln:wojNazwa></sln:miejscowosc><sln:miejscowosc><sln:cyklZyciaDo>2017-03-24T00:00:00+01:00</sln:cyklZyciaDo><sln:cyklZyciaOd>2015-05-04T00:00:00+02:00</sln:cyklZyciaOd><sln:gmIIPId>d1ff0240-06e7-4625-90a9-bfa70925809d</sln:gmIIPId><sln:gmIIPPn>PL.PZGIK.200</sln:gmIIPPn><sln:gmIIPWersja>2012-09-26T21:57:27+02:00</sln:gmIIPWersja><sln:gmIdTeryt>1401022</sln:gmIdTeryt><sln:gmNazwa>Promna</sln:gmNazwa><sln:miejscIIPId>113ad546-2cb2-46d2-b41c-c8ded32bcc75</sln:miejscIIPId><sln:miejscIIPPn>PL.PZGIK.200</sln:miejscIIPPn><sln:miejscIIPWersja>2016-11-24T11:39:02+02:00</sln:miejscIIPWersja><sln:miejscIdTeryt>0633202</sln:miejscIdTeryt><sln:miejscNazwa>Lekarcice Stare</sln:miejscNazwa><sln:miejscRodzaj>Wieś</sln:miejscRodzaj><sln:powIIPId>2a52ff3b-6f43-4385-a9b6-8b7ad0961028</sln:powIIPId><sln:powIIPPn>PL.PZGIK.200</sln:powIIPPn><sln:powIIPWersja>2012-09-27T08:13:53+02:00</sln:powIIPWersja><sln:powIdTeryt>1401</sln:powIdTeryt><sln:powNazwa>białobrzeski</sln:powNazwa><sln:waznyOd>2014-06-23T00:00:00+02:00</sln:waznyOd><sln:wojIIPId>4b6c492a-eb04-441d-a92a-f44359c06de7</sln:wojIIPId><sln:wojIIPPn>PL.PZGIK.200</sln:wojIIPPn><sln:wojIIPWersja>2012-09-27T13:45:13+02:00</sln:wojIIPWersja><sln:wojIdTeryt>14</sln:wojIdTeryt><sln:wojNazwa>mazowieckie</sln:wojNazwa></sln:miejscowosc><sln:miejscowosc><sln:cyklZyciaDo>2017-03-24T00:00:00+01:00</sln:cyklZyciaDo><sln:cyklZyciaOd>2015-05-04T00:00:00+02:00</sln:cyklZyciaOd><sln:gmIIPId>d1ff0240-06e7-4625-90a9-bfa70925809d</sln:gmIIPId><sln:gmIIPPn>PL.PZGIK.200</sln:gmIIPPn><sln:gmIIPWersja>2012-09-26T21:57:27+02:00</sln:gmIIPWersja><sln:gmIdTeryt>1401022</sln:gmIdTeryt><sln:gmNazwa>Promna</sln:gmNazwa><sln:miejscIIPId>b37f7e9a-c7b6-43e6-b2e8-adf9cd094d39</sln:miejscIIPId><sln:miejscIIPPn>PL.PZGIK.200</sln:miejscIIPPn><sln:miejscIIPWersja>2016-11-24T11:39:01+02:00</sln:miejscIIPWersja><sln:miejscIdTeryt>0632830</sln:miejscIdTeryt><sln:miejscNazwa>Lisów</sln:miejscNazwa><sln:miejscRodzaj>Wieś</sln:miejscRodzaj><sln:powIIPId>2a52ff3b-6f43-4385-a9b6-8b7ad0961028</sln:powIIPId><sln:powIIPPn>PL.PZGIK.200</sln:powIIPPn><sln:powIIPWersja>2012-09-27T08:13:53+02:00</sln:powIIPWersja><sln:powIdTeryt>1401</sln:powIdTeryt><sln:powNazwa>białobrzeski</sln:powNazwa><sln:waznyOd>2014-06-23T00:00:00+02:00</sln:waznyOd><sln:wojIIPId>4b6c492a-eb04-441d-a92a-f44359c06de7</sln:wojIIPId><sln:wojIIPPn>PL.PZGIK.200</sln:wojIIPPn><sln:wojIIPWersja>2012-09-27T13:45:13+02:00</sln:wojIIPWersja><sln:wojIdTeryt>14</sln:wojIdTeryt><sln:wojNazwa>mazowieckie</sln:wojNazwa></sln:miejscowosc><sln:miejscowosc><sln:cyklZyciaDo>2017-03-24T00:00:00+01:00</sln:cyklZyciaDo><sln:cyklZyciaOd>2015-05-04T00:00:00+02:00</sln:cyklZyciaOd><sln:gmIIPId>d1ff0240-06e7-4625-90a9-bfa70925809d</sln:gmIIPId><sln:gmIIPPn>PL.PZGIK.200</sln:gmIIPPn><sln:gmIIPWersja>2012-09-26T21:57:27+02:00</sln:gmIIPWersja><sln:gmIdTeryt>1401022</sln:gmIdTeryt><sln:gmNazwa>Promna</sln:gmNazwa><sln:miejscIIPId>83c9e8e5-d89e-4b9a-b1b5-9acb04d67091</sln:miejscIIPId><sln:miejscIIPPn>PL.PZGIK.200</sln:miejscIIPPn><sln:miejscIIPWersja>2016-11-24T11:39:01+02:00</sln:miejscIIPWersja><sln:miejscIdTeryt>0632869</sln:miejscIdTeryt><sln:miejscNazwa>Mała Wieś</sln:miejscNazwa><sln:miejscRodzaj>Wieś</sln:miejscRodzaj><sln:powIIPId>2a52ff3b-6f43-4385-a9b6-8b7ad0961028</sln:powIIPId><sln:powIIPPn>PL.PZGIK.200</sln:powIIPPn><sln:powIIPWersja>2012-09-27T08:13:53+02:00</sln:powIIPWersja><sln:powIdTeryt>1401</sln:powIdTeryt><sln:powNazwa>białobrzeski</sln:powNazwa><sln:waznyOd>2014-06-23T00:00:00+02:00</sln:waznyOd><sln:wojIIPId>4b6c492a-eb04-441d-a92a-f44359c06de7</sln:wojIIPId><sln:wojIIPPn>PL.PZGIK.200</sln:wojIIPPn><sln:wojIIPWersja>2012-09-27T13:45:13+02:00</sln:wojIIPWersja><sln:wojIdTeryt>14</sln:wojIdTeryt><sln:wojNazwa>mazowieckie</sln:wojNazwa></sln:miejscowosc><sln:miejscowosc><sln:cyklZyciaDo>2017-03-24T00:00:00+01:00</sln:cyklZyciaDo><sln:cyklZyciaOd>2015-05-04T00:00:00+02:00</sln:cyklZyciaOd><sln:gmIIPId>d1ff0240-06e7-4625-90a9-bfa70925809d</sln:gmIIPId><sln:gmIIPPn>PL.PZGIK.200</sln:gmIIPPn><sln:gmIIPWersja>2012-09-26T21:57:27+02:00</sln:gmIIPWersja><sln:gmIdTeryt>1401022</sln:gmIdTeryt><sln:gmNazwa>Promna</sln:gmNazwa><sln:miejscIIPId>6d41b09f-cd0d-4fcc-ac69-3973a2c83d59</sln:miejscIIPId><sln:miejscIIPPn>PL.PZGIK.200</sln:miejscIIPPn><sln:miejscIIPWersja>2016-11-24T11:39:01+02:00</sln:miejscIIPWersja><sln:miejscIdTeryt>0632898</sln:miejscIdTeryt><sln:miejscNazwa>Mała Wysoka</sln:miejscNazwa><sln:miejscRodzaj>Wieś</sln:miejscRodzaj><sln:powIIPId>2a52ff3b-6f43-4385-a9b6-8b7ad0961028</sln:powIIPId><sln:powIIPPn>PL.PZGIK.200</sln:powIIPPn><sln:powIIPWersja>2012-09-27T08:13:53+02:00</sln:powIIPWersja><sln:powIdTeryt>1401</sln:powIdTeryt><sln:powNazwa>białobrzeski</sln:powNazwa><sln:waznyOd>2014-06-23T00:00:00+02:00</sln:waznyOd><sln:wojIIPId>4b6c492a-eb04-441d-a92a-f44359c06de7</sln:wojIIPId><sln:wojIIPPn>PL.PZGIK.200</sln:wojIIPPn><sln:wojIIPWersja>2012-09-27T13:45:13+02:00</sln:wojIIPWersja><sln:wojIdTeryt>14</sln:wojIdTeryt><sln:wojNazwa>mazowieckie</sln:wojNazwa></sln:miejscowosc><sln:miejscowosc><sln:cyklZyciaDo>2017-03-24T00:00:00+01:00</sln:cyklZyciaDo><sln:cyklZyciaOd>2015-05-04T00:00:00+02:00</sln:cyklZyciaOd><sln:gmIIPId>d1ff0240-06e7-4625-90a9-bfa70925809d</sln:gmIIPId><sln:gmIIPPn>PL.PZGIK.200</sln:gmIIPPn><sln:gmIIPWersja>2012-09-26T21:57:27+02:00</sln:gmIIPWersja><sln:gmIdTeryt>1401022</sln:gmIdTeryt><sln:gmNazwa>Promna</sln:gmNazwa><sln:miejscIIPId>dd165271-55ab-4774-98bf-2a40f5b4e941</sln:miejscIIPId><sln:miejscIIPPn>PL.PZGIK.200</sln:miejscIIPPn><sln:miejscIIPWersja>2016-11-24T11:39:01+02:00</sln:miejscIIPWersja><sln:miejscIdTeryt>0632792</sln:miejscIdTeryt><sln:miejscNazwa>Nowy Przybyszew</sln:miejscNazwa><sln:miejscRodzaj>Inny obiekt</sln:miejscRodzaj><sln:powIIPId>2a52ff3b-6f43-4385-a9b6-8b7ad0961028</sln:powIIPId><sln:powIIPPn>PL.PZGIK.200</sln:powIIPPn><sln:powIIPWersja>2012-09-27T08:13:53+02:00</sln:powIIPWersja><sln:powIdTeryt>1401</sln:powIdTeryt><sln:powNazwa>białobrzeski</sln:powNazwa><sln:waznyOd>2015-03-31T00:00:00+02:00</sln:waznyOd><sln:wojIIPId>4b6c492a-eb04-441d-a92a-f44359c06de7</sln:wojIIPId><sln:wojIIPPn>PL.PZGIK.200</sln:wojIIPPn><sln:wojIIPWersja>2012-09-27T13:45:13+02:00</sln:wojIIPWersja><sln:wojIdTeryt>14</sln:wojIdTeryt><sln:wojNazwa>mazowieckie</sln:wojNazwa></sln:miejscowosc><sln:miejscowosc><sln:cyklZyciaDo>2017-03-24T00:00:00+01:00</sln:cyklZyciaDo><sln:cyklZyciaOd>2015-05-04T00:00:00+02:00</sln:cyklZyciaOd><sln:gmIIPId>d1ff0240-06e7-4625-90a9-bfa70925809d</sln:gmIIPId><sln:gmIIPPn>PL.PZGIK.200</sln:gmIIPPn><sln:gmIIPWersja>2012-09-26T21:57:27+02:00</sln:gmIIPWersja><sln:gmIdTeryt>1401022</sln:gmIdTeryt><sln:gmNazwa>Promna</sln:gmNazwa><sln:miejscIIPId>249ef9ed-fe7a-4fc1-8551-5d6b6b3722cd</sln:miejscIIPId><sln:miejscIIPPn>PL.PZGIK.200</sln:miejscIIPPn><sln:miejscIIPWersja>2016-11-24T11:39:02+02:00</sln:miejscIIPWersja><sln:miejscIdTeryt>0632912</sln:miejscIdTeryt><sln:miejscNazwa>Olkowice</sln:miejscNazwa><sln:miejscRodzaj>Wieś</sln:miejscRodzaj><sln:powIIPId>2a52ff3b-6f43-4385-a9b6-8b7ad0961028</sln:powIIPId><sln:powIIPPn>PL.PZGIK.200</sln:powIIPPn><sln:powIIPWersja>2012-09-27T08:13:53+02:00</sln:powIIPWersja><sln:powIdTeryt>1401</sln:powIdTeryt><sln:powNazwa>białobrzeski</sln:powNazwa><sln:waznyOd>2014-06-23T00:00:00+02:00</sln:waznyOd><sln:wojIIPId>4b6c492a-eb04-441d-a92a-f44359c06de7</sln:wojIIPId><sln:wojIIPPn>PL.PZGIK.200</sln:wojIIPPn><sln:wojIIPWersja>2012-09-27T13:45:13+02:00</sln:wojIIPWersja><sln:wojIdTeryt>14</sln:wojIdTeryt><sln:wojNazwa>mazowieckie</sln:wojNazwa></sln:miejscowosc><sln:miejscowosc><sln:cyklZyciaDo>2017-03-24T00:00:00+01:00</sln:cyklZyciaDo><sln:cyklZyciaOd>2015-05-04T00:00:00+02:00</sln:cyklZyciaOd><sln:gmIIPId>d1ff0240-06e7-4625-90a9-bfa70925809d</sln:gmIIPId><sln:gmIIPPn>PL.PZGIK.200</sln:gmIIPPn><sln:gmIIPWersja>2012-09-26T21:57:27+02:00</sln:gmIIPWersja><sln:gmIdTeryt>1401022</sln:gmIdTeryt><sln:gmNazwa>Promna</sln:gmNazwa><sln:miejscIIPId>52eab3ef-6858-4ec0-b120-e2f02373f232</sln:miejscIIPId><sln:miejscIIPPn>PL.PZGIK.200</sln:miejscIIPPn><sln:miejscIIPWersja>2016-11-24T11:39:02+02:00</sln:miejscIIPWersja><sln:miejscIdTeryt>0632941</sln:miejscIdTeryt><sln:miejscNazwa>Olszamy</sln:miejscNazwa><sln:miejscRodzaj>Wieś</sln:miejscRodzaj><sln:powIIPId>2a52ff3b-6f43-4385-a9b6-8b7ad0961028</sln:powIIPId><sln:powIIPPn>PL.PZGIK.200</sln:powIIPPn><sln:powIIPWersja>2012-09-27T08:13:53+02:00</sln:powIIPWersja><sln:powIdTeryt>1401</sln:powIdTeryt><sln:powNazwa>białobrzeski</sln:powNazwa><sln:waznyOd>2014-06-23T00:00:00+02:00</sln:waznyOd><sln:wojIIPId>4b6c492a-eb04-441d-a92a-f44359c06de7</sln:wojIIPId><sln:wojIIPPn>PL.PZGIK.200</sln:wojIIPPn><sln:wojIIPWersja>2012-09-27T13:45:13+02:00</sln:wojIIPWersja><sln:wojIdTeryt>14</sln:wojIdTeryt><sln:wojNazwa>mazowieckie</sln:wojNazwa></sln:miejscowosc><sln:miejscowosc><sln:cyklZyciaDo>2017-03-24T00:00:00+01:00</sln:cyklZyciaDo><sln:cyklZyciaOd>2015-05-04T00:00:00+02:00</sln:cyklZyciaOd><sln:gmIIPId>d1ff0240-06e7-4625-90a9-bfa70925809d</sln:gmIIPId><sln:gmIIPPn>PL.PZGIK.200</sln:gmIIPPn><sln:gmIIPWersja>2012-09-26T21:57:27+02:00</sln:gmIIPWersja><sln:gmIdTeryt>1401022</sln:gmIdTeryt><sln:gmNazwa>Promna</sln:gmNazwa><sln:miejscIIPId>987d6234-f9f9-40cc-9b69-6254f8bfac30</sln:miejscIIPId><sln:miejscIIPPn>PL.PZGIK.200</sln:miejscIIPPn><sln:miejscIIPWersja>2016-11-24T11:39:02+02:00</sln:miejscIIPWersja><sln:miejscIdTeryt>0632958</sln:miejscIdTeryt><sln:miejscNazwa>Osuchów</sln:miejscNazwa><sln:miejscRodzaj>Wieś</sln:miejscRodzaj><sln:powIIPId>2a52ff3b-6f43-4385-a9b6-8b7ad0961028</sln:powIIPId><sln:powIIPPn>PL.PZGIK.200</sln:powIIPPn><sln:powIIPWersja>2012-09-27T08:13:53+02:00</sln:powIIPWersja><sln:powIdTeryt>1401</sln:powIdTeryt><sln:powNazwa>białobrzeski</sln:powNazwa><sln:waznyOd>2014-06-23T00:00:00+02:00</sln:waznyOd><sln:wojIIPId>4b6c492a-eb04-441d-a92a-f44359c06de7</sln:wojIIPId><sln:wojIIPPn>PL.PZGIK.200</sln:wojIIPPn><sln:wojIIPWersja>2012-09-27T13:45:13+02:00</sln:wojIIPWersja><sln:wojIdTeryt>14</sln:wojIdTeryt><sln:wojNazwa>mazowieckie</sln:wojNazwa></sln:miejscowosc><sln:miejscowosc><sln:cyklZyciaDo>2017-03-24T00:00:00+01:00</sln:cyklZyciaDo><sln:cyklZyciaOd>2015-05-04T00:00:00+02:00</sln:cyklZyciaOd><sln:gmIIPId>d1ff0240-06e7-4625-90a9-bfa70925809d</sln:gmIIPId><sln:gmIIPPn>PL.PZGIK.200</sln:gmIIPPn><sln:gmIIPWersja>2012-09-26T21:57:27+02:00</sln:gmIIPWersja><sln:gmIdTeryt>1401022</sln:gmIdTeryt><sln:gmNazwa>Promna</sln:gmNazwa><sln:miejscIIPId>99852770-4c19-4ffb-b391-a6bf0c000d20</sln:miejscIIPId><sln:miejscIIPPn>PL.PZGIK.200</sln:miejscIIPPn><sln:miejscIIPWersja>2016-11-24T11:39:02+02:00</sln:miejscIIPWersja><sln:miejscIdTeryt>0632964</sln:miejscIdTeryt><sln:miejscNazwa>Pacew</sln:miejscNazwa><sln:miejscRodzaj>Wieś</sln:miejscRodzaj><sln:powIIPId>2a52ff3b-6f43-4385-a9b6-8b7ad0961028</sln:powIIPId><sln:powIIPPn>PL.PZGIK.200</sln:powIIPPn><sln:powIIPWersja>2012-09-27T08:13:53+02:00</sln:powIIPWersja><sln:powIdTeryt>1401</sln:powIdTeryt><sln:powNazwa>białobrzeski</sln:powNazwa><sln:waznyOd>2014-06-23T00:00:00+02:00</sln:waznyOd><sln:wojIIPId>4b6c492a-eb04-441d-a92a-f44359c06de7</sln:wojIIPId><sln:wojIIPPn>PL.PZGIK.200</sln:wojIIPPn><sln:wojIIPWersja>2012-09-27T13:45:13+02:00</sln:wojIIPWersja><sln:wojIdTeryt>14</sln:wojIdTeryt><sln:wojNazwa>mazowieckie</sln:wojNazwa></sln:miejscowosc><sln:miejscowosc><sln:cyklZyciaDo>2017-03-24T00:00:00+01:00</sln:cyklZyciaDo><sln:cyklZyciaOd>2015-05-04T00:00:00+02:00</sln:cyklZyciaOd><sln:gmIIPId>d1ff0240-06e7-4625-90a9-bfa70925809d</sln:gmIIPId><sln:gmIIPPn>PL.PZGIK.200</sln:gmIIPPn><sln:gmIIPWersja>2012-09-26T21:57:27+02:00</sln:gmIIPWersja><sln:gmIdTeryt>1401022</sln:gmIdTeryt><sln:gmNazwa>Promna</sln:gmNazwa><sln:miejscIIPId>1d7f3b6d-0789-4ab7-9d17-0d134b4b4777</sln:miejscIIPId><sln:miejscIIPPn>PL.PZGIK.200</sln:miejscIIPPn><sln:miejscIIPWersja>2016-11-24T11:39:02+02:00</sln:miejscIIPWersja><sln:miejscIdTeryt>0632993</sln:miejscIdTeryt><sln:miejscNazwa>Pelinów</sln:miejscNazwa><sln:miejscRodzaj>Wieś</sln:miejscRodzaj><sln:powIIPId>2a52ff3b-6f43-4385-a9b6-8b7ad0961028</sln:powIIPId><sln:powIIPPn>PL.PZGIK.200</sln:powIIPPn><sln:powIIPWersja>2012-09-27T08:13:53+02:00</sln:powIIPWersja><sln:powIdTeryt>1401</sln:powIdTeryt><sln:powNazwa>białobrzeski</sln:powNazwa><sln:waznyOd>2014-06-23T00:00:00+02:00</sln:waznyOd><sln:wojIIPId>4b6c492a-eb04-441d-a92a-f44359c06de7</sln:wojIIPId><sln:wojIIPPn>PL.PZGIK.200</sln:wojIIPPn><sln:wojIIPWersja>2012-09-27T13:45:13+02:00</sln:wojIIPWersja><sln:wojIdTeryt>14</sln:wojIdTeryt><sln:wojNazwa>mazowieckie</sln:wojNazwa></sln:miejscowosc><sln:miejscowosc><sln:cyklZyciaDo>2017-03-24T00:00:00+01:00</sln:cyklZyciaDo><sln:cyklZyciaOd>2015-05-04T00:00:00+02:00</sln:cyklZyciaOd><sln:gmIIPId>d1ff0240-06e7-4625-90a9-bfa70925809d</sln:gmIIPId><sln:gmIIPPn>PL.PZGIK.200</sln:gmIIPPn><sln:gmIIPWersja>2012-09-26T21:57:27+02:00</sln:gmIIPWersja><sln:gmIdTeryt>1401022</sln:gmIdTeryt><sln:gmNazwa>Promna</sln:gmNazwa><sln:miejscIIPId>7c9f006d-2d6f-4116-b9f9-95aef76b897a</sln:miejscIIPId><sln:miejscIIPPn>PL.PZGIK.200</sln:miejscIIPPn><sln:miejscIIPWersja>2016-11-24T11:39:02+02:00</sln:miejscIIPWersja><sln:miejscIdTeryt>0633001</sln:miejscIdTeryt><sln:miejscNazwa>Piekarty</sln:miejscNazwa><sln:miejscRodzaj>Wieś</sln:miejscRodzaj><sln:powIIPId>2a52ff3b-6f43-4385-a9b6-8b7ad0961028</sln:powIIPId><sln:powIIPPn>PL.PZGIK.200</sln:powIIPPn><sln:powIIPWersja>2012-09-27T08:13:53+02:00</sln:powIIPWersja><sln:powIdTeryt>1401</sln:powIdTeryt><sln:powNazwa>białobrzeski</sln:powNazwa><sln:waznyOd>2014-06-23T00:00:00+02:00</sln:waznyOd><sln:wojIIPId>4b6c492a-eb04-441d-a92a-f44359c06de7</sln:wojIIPId><sln:wojIIPPn>PL.PZGIK.200</sln:wojIIPPn><sln:wojIIPWersja>2012-09-27T13:45:13+02:00</sln:wojIIPWersja><sln:wojIdTeryt>14</sln:wojIdTeryt><sln:wojNazwa>mazowieckie</sln:wojNazwa></sln:miejscowosc><sln:miejscowosc><sln:cyklZyciaDo>2017-03-24T00:00:00+01:00</sln:cyklZyciaDo><sln:cyklZyciaOd>2015-05-04T00:00:00+02:00</sln:cyklZyciaOd><sln:gmIIPId>d1ff0240-06e7-4625-90a9-bfa70925809d</sln:gmIIPId><sln:gmIIPPn>PL.PZGIK.200</sln:gmIIPPn><sln:gmIIPWersja>2012-09-26T21:57:27+02:00</sln:gmIIPWersja><sln:gmIdTeryt>1401022</sln:gmIdTeryt><sln:gmNazwa>Promna</sln:gmNazwa><sln:miejscIIPId>c94a2599-0a72-49be-afe2-dee0be059347</sln:miejscIIPId><sln:miejscIIPPn>PL.PZGIK.200</sln:miejscIIPPn><sln:miejscIIPWersja>2016-11-24T11:39:02+02:00</sln:miejscIIPWersja><sln:miejscIdTeryt>0633030</sln:miejscIdTeryt><sln:miejscNazwa>Piotrów</sln:miejscNazwa><sln:miejscRodzaj>Wieś</sln:miejscRodzaj><sln:powIIPId>2a52ff3b-6f43-4385-a9b6-8b7ad0961028</sln:powIIPId><sln:powIIPPn>PL.PZGIK.200</sln:powIIPPn><sln:powIIPWersja>2012-09-27T08:13:53+02:00</sln:powIIPWersja><sln:powIdTeryt>1401</sln:powIdTeryt><sln:powNazwa>białobrzeski</sln:powNazwa><sln:waznyOd>2014-06-23T00:00:00+02:00</sln:waznyOd><sln:wojIIPId>4b6c492a-eb04-441d-a92a-f44359c06de7</sln:wojIIPId><sln:wojIIPPn>PL.PZGIK.200</sln:wojIIPPn><sln:wojIIPWersja>2012-09-27T13:45:13+02:00</sln:wojIIPWersja><sln:wojIdTeryt>14</sln:wojIdTeryt><sln:wojNazwa>mazowieckie</sln:wojNazwa></sln:miejscowosc><sln:miejscowosc><sln:cyklZyciaDo>2017-03-24T00:00:00+01:00</sln:cyklZyciaDo><sln:cyklZyciaOd>2015-05-04T00:00:00+02:00</sln:cyklZyciaOd><sln:gmIIPId>d1ff0240-06e7-4625-90a9-bfa70925809d</sln:gmIIPId><sln:gmIIPPn>PL.PZGIK.200</sln:gmIIPPn><sln:gmIIPWersja>2012-09-26T21:57:27+02:00</sln:gmIIPWersja><sln:gmIdTeryt>1401022</sln:gmIdTeryt><sln:gmNazwa>Promna</sln:gmNazwa><sln:miejscIIPId>ff22b086-703f-46ff-9e72-51dc3faddec4</sln:miejscIIPId><sln:miejscIIPPn>PL.PZGIK.200</sln:miejscIIPPn><sln:miejscIIPWersja>2016-11-24T11:39:02+02:00</sln:miejscIIPWersja><sln:miejscIdTeryt>0633047</sln:miejscIdTeryt><sln:miejscNazwa>Pnie</sln:miejscNazwa><sln:miejscRodzaj>Wieś</sln:miejscRodzaj><sln:powIIPId>2a52ff3b-6f43-4385-a9b6-8b7ad0961028</sln:powIIPId><sln:powIIPPn>PL.PZGIK.200</sln:powIIPPn><sln:powIIPWersja>2012-09-27T08:13:53+02:00</sln:powIIPWersja><sln:powIdTeryt>1401</sln:powIdTeryt><sln:powNazwa>białobrzeski</sln:powNazwa><sln:waznyOd>2014-06-23T00:00:00+02:00</sln:waznyOd><sln:wojIIPId>4b6c492a-eb04-441d-a92a-f44359c06de7</sln:wojIIPId><sln:wojIIPPn>PL.PZGIK.200</sln:wojIIPPn><sln:wojIIPWersja>2012-09-27T13:45:13+02:00</sln:wojIIPWersja><sln:wojIdTeryt>14</sln:wojIdTeryt><sln:wojNazwa>mazowieckie</sln:wojNazwa></sln:miejscowosc><sln:miejscowosc><sln:cyklZyciaDo>2017-03-24T00:00:00+01:00</sln:cyklZyciaDo><sln:cyklZyciaOd>2015-05-04T00:00:00+02:00</sln:cyklZyciaOd><sln:gmIIPId>d1ff0240-06e7-4625-90a9-bfa70925809d</sln:gmIIPId><sln:gmIIPPn>PL.PZGIK.200</sln:gmIIPPn><sln:gmIIPWersja>2012-09-26T21:57:27+02:00</sln:gmIIPWersja><sln:gmIdTeryt>1401022</sln:gmIdTeryt><sln:gmNazwa>Promna</sln:gmNazwa><sln:miejscIIPId>57191991-229e-473b-8d8f-bdd814ac474e</sln:miejscIIPId><sln:miejscIIPPn>PL.PZGIK.200</sln:miejscIIPPn><sln:miejscIIPWersja>2016-11-24T11:39:02+02:00</sln:miejscIIPWersja><sln:miejscIdTeryt>0633099</sln:miejscIdTeryt><sln:miejscNazwa>Promna</sln:miejscNazwa><sln:miejscRodzaj>Wieś</sln:miejscRodzaj><sln:powIIPId>2a52ff3b-6f43-4385-a9b6-8b7ad0961028</sln:powIIPId><sln:powIIPPn>PL.PZGIK.200</sln:powIIPPn><sln:powIIPWersja>2012-09-27T08:13:53+02:00</sln:powIIPWersja><sln:powIdTeryt>1401</sln:powIdTeryt><sln:powNazwa>białobrzeski</sln:powNazwa><sln:waznyOd>2014-06-23T00:00:00+02:00</sln:waznyOd><sln:wojIIPId>4b6c492a-eb04-441d-a92a-f44359c06de7</sln:wojIIPId><sln:wojIIPPn>PL.PZGIK.200</sln:wojIIPPn><sln:wojIIPWersja>2012-09-27T13:45:13+02:00</sln:wojIIPWersja><sln:wojIdTeryt>14</sln:wojIdTeryt><sln:wojNazwa>mazowieckie</sln:wojNazwa></sln:miejscowosc><sln:miejscowosc><sln:cyklZyciaDo>2017-03-24T00:00:00+01:00</sln:cyklZyciaDo><sln:cyklZyciaOd>2015-05-04T00:00:00+02:00</sln:cyklZyciaOd><sln:gmIIPId>d1ff0240-06e7-4625-90a9-bfa70925809d</sln:gmIIPId><sln:gmIIPPn>PL.PZGIK.200</sln:gmIIPPn><sln:gmIIPWersja>2012-09-26T21:57:27+02:00</sln:gmIIPWersja><sln:gmIdTeryt>1401022</sln:gmIdTeryt><sln:gmNazwa>Promna</sln:gmNazwa><sln:miejscIIPId>bf89d70e-1e68-4181-9fc9-01720653eaf2</sln:miejscIIPId><sln:miejscIIPPn>PL.PZGIK.200</sln:miejscIIPPn><sln:miejscIIPWersja>2016-11-24T11:39:02+02:00</sln:miejscIIPWersja><sln:miejscIdTeryt>0633107</sln:miejscIdTeryt><sln:miejscNazwa>Promna-Kolonia</sln:miejscNazwa><sln:miejscRodzaj>Wieś</sln:miejscRodzaj><sln:powIIPId>2a52ff3b-6f43-4385-a9b6-8b7ad0961028</sln:powIIPId><sln:powIIPPn>PL.PZGIK.200</sln:powIIPPn><sln:powIIPWersja>2012-09-27T08:13:53+02:00</sln:powIIPWersja><sln:powIdTeryt>1401</sln:powIdTeryt><sln:powNazwa>białobrzeski</sln:powNazwa><sln:waznyOd>2014-06-23T00:00:00+02:00</sln:waznyOd><sln:wojIIPId>4b6c492a-eb04-441d-a92a-f44359c06de7</sln:wojIIPId><sln:wojIIPPn>PL.PZGIK.200</sln:wojIIPPn><sln:wojIIPWersja>2012-09-27T13:45:13+02:00</sln:wojIIPWersja><sln:wojIdTeryt>14</sln:wojIdTeryt><sln:wojNazwa>mazowieckie</sln:wojNazwa></sln:miejscowosc><sln:miejscowosc><sln:cyklZyciaDo>2017-03-24T00:00:00+01:00</sln:cyklZyciaDo><sln:cyklZyciaOd>2015-05-04T00:00:00+02:00</sln:cyklZyciaOd><sln:gmIIPId>d1ff0240-06e7-4625-90a9-bfa70925809d</sln:gmIIPId><sln:gmIIPPn>PL.PZGIK.200</sln:gmIIPPn><sln:gmIIPWersja>2012-09-26T21:57:27+02:00</sln:gmIIPWersja><sln:gmIdTeryt>1401022</sln:gmIdTeryt><sln:gmNazwa>Promna</sln:gmNazwa><sln:miejscIIPId>cc2c58c0-c1cb-4b85-83b6-2bf7cb6bea92</sln:miejscIIPId><sln:miejscIIPPn>PL.PZGIK.200</sln:miejscIIPPn><sln:miejscIIPWersja>2016-11-24T11:39:02+02:00</sln:miejscIIPWersja><sln:miejscIdTeryt>0633113</sln:miejscIdTeryt><sln:miejscNazwa>Przybyszew</sln:miejscNazwa><sln:miejscRodzaj>Wieś</sln:miejscRodzaj><sln:powIIPId>2a52ff3b-6f43-4385-a9b6-8b7ad0961028</sln:powIIPId><sln:powIIPPn>PL.PZGIK.200</sln:powIIPPn><sln:powIIPWersja>2012-09-27T08:13:53+02:00</sln:powIIPWersja><sln:powIdTeryt>1401</sln:powIdTeryt><sln:powNazwa>białobrzeski</sln:powNazwa><sln:waznyOd>2014-06-23T00:00:00+02:00</sln:waznyOd><sln:wojIIPId>4b6c492a-eb04-441d-a92a-f44359c06de7</sln:wojIIPId><sln:wojIIPPn>PL.PZGIK.200</sln:wojIIPPn><sln:wojIIPWersja>2012-09-27T13:45:13+02:00</sln:wojIIPWersja><sln:wojIdTeryt>14</sln:wojIdTeryt><sln:wojNazwa>mazowieckie</sln:wojNazwa></sln:miejscowosc><sln:miejscowosc><sln:cyklZyciaDo>2017-03-24T00:00:00+01:00</sln:cyklZyciaDo><sln:cyklZyciaOd>2015-05-04T00:00:00+02:00</sln:cyklZyciaOd><sln:gmIIPId>d1ff0240-06e7-4625-90a9-bfa70925809d</sln:gmIIPId><sln:gmIIPPn>PL.PZGIK.200</sln:gmIIPPn><sln:gmIIPWersja>2012-09-26T21:57:27+02:00</sln:gmIIPWersja><sln:gmIdTeryt>1401022</sln:gmIdTeryt><sln:gmNazwa>Promna</sln:gmNazwa><sln:miejscIIPId>aa57eca6-2784-4946-9296-9494c8712cd1</sln:miejscIIPId><sln:miejscIIPPn>PL.PZGIK.200</sln:miejscIIPPn><sln:miejscIIPWersja>2016-11-24T11:39:02+02:00</sln:miejscIIPWersja><sln:miejscIdTeryt>0633165</sln:miejscIdTeryt><sln:miejscNazwa>Rykały</sln:miejscNazwa><sln:miejscRodzaj>Wieś</sln:miejscRodzaj><sln:powIIPId>2a52ff3b-6f43-4385-a9b6-8b7ad0961028</sln:powIIPId><sln:powIIPPn>PL.PZGIK.200</sln:powIIPPn><sln:powIIPWersja>2012-09-27T08:13:53+02:00</sln:powIIPWersja><sln:powIdTeryt>1401</sln:powIdTeryt><sln:powNazwa>białobrzeski</sln:powNazwa><sln:waznyOd>2014-06-23T00:00:00+02:00</sln:waznyOd><sln:wojIIPId>4b6c492a-eb04-441d-a92a-f44359c06de7</sln:wojIIPId><sln:wojIIPPn>PL.PZGIK.200</sln:wojIIPPn><sln:wojIIPWersja>2012-09-27T13:45:13+02:00</sln:wojIIPWersja><sln:wojIdTeryt>14</sln:wojIdTeryt><sln:wojNazwa>mazowieckie</sln:wojNazwa></sln:miejscowosc><sln:miejscowosc><sln:cyklZyciaDo>2017-03-24T00:00:00+01:00</sln:cyklZyciaDo><sln:cyklZyciaOd>2015-05-04T00:00:00+02:00</sln:cyklZyciaOd><sln:gmIIPId>d1ff0240-06e7-4625-90a9-bfa70925809d</sln:gmIIPId><sln:gmIIPPn>PL.PZGIK.200</sln:gmIIPPn><sln:gmIIPWersja>2012-09-26T21:57:27+02:00</sln:gmIIPWersja><sln:gmIdTeryt>1401022</sln:gmIdTeryt><sln:gmNazwa>Promna</sln:gmNazwa><sln:miejscIIPId>0d21a365-61d0-4201-9dd6-8e19a1c4961b</sln:miejscIIPId><sln:miejscIIPPn>PL.PZGIK.200</sln:miejscIIPPn><sln:miejscIIPWersja>2016-11-24T11:39:02+02:00</sln:miejscIIPWersja><sln:miejscIdTeryt>0633188</sln:miejscIdTeryt><sln:miejscNazwa>Sielce</sln:miejscNazwa><sln:miejscRodzaj>Wieś</sln:miejscRodzaj><sln:powIIPId>2a52ff3b-6f43-4385-a9b6-8b7ad0961028</sln:powIIPId><sln:powIIPPn>PL.PZGIK.200</sln:powIIPPn><sln:powIIPWersja>2012-09-27T08:13:53+02:00</sln:powIIPWersja><sln:powIdTeryt>1401</sln:powIdTeryt><sln:powNazwa>białobrzeski</sln:powNazwa><sln:waznyOd>2014-06-23T00:00:00+02:00</sln:waznyOd><sln:wojIIPId>4b6c492a-eb04-441d-a92a-f44359c06de7</sln:wojIIPId><sln:wojIIPPn>PL.PZGIK.200</sln:wojIIPPn><sln:wojIIPWersja>2012-09-27T13:45:13+02:00</sln:wojIIPWersja><sln:wojIdTeryt>14</sln:wojIdTeryt><sln:wojNazwa>mazowieckie</sln:wojNazwa></sln:miejscowosc><sln:miejscowosc><sln:cyklZyciaDo>2017-03-24T00:00:00+01:00</sln:cyklZyciaDo><sln:cyklZyciaOd>2015-05-04T00:00:00+02:00</sln:cyklZyciaOd><sln:gmIIPId>d1ff0240-06e7-4625-90a9-bfa70925809d</sln:gmIIPId><sln:gmIIPPn>PL.PZGIK.200</sln:gmIIPPn><sln:gmIIPWersja>2012-09-26T21:57:27+02:00</sln:gmIIPWersja><sln:gmIdTeryt>1401022</sln:gmIdTeryt><sln:gmNazwa>Promna</sln:gmNazwa><sln:miejscIIPId>a5b69cda-55c9-4d3d-9c36-76aec449c5bb</sln:miejscIIPId><sln:miejscIIPPn>PL.PZGIK.200</sln:miejscIIPPn><sln:miejscIIPWersja>2016-11-24T11:39:02+02:00</sln:miejscIIPWersja><sln:miejscIdTeryt>0633194</sln:miejscIdTeryt><sln:miejscNazwa>Stanisławów</sln:miejscNazwa><sln:miejscRodzaj>Wieś</sln:miejscRodzaj><sln:powIIPId>2a52ff3b-6f43-4385-a9b6-8b7ad0961028</sln:powIIPId><sln:powIIPPn>PL.PZGIK.200</sln:powIIPPn><sln:powIIPWersja>2012-09-27T08:13:53+02:00</sln:powIIPWersja><sln:powIdTeryt>1401</sln:powIdTeryt><sln:powNazwa>białobrzeski</sln:powNazwa><sln:waznyOd>2014-06-23T00:00:00+02:00</sln:waznyOd><sln:wojIIPId>4b6c492a-eb04-441d-a92a-f44359c06de7</sln:wojIIPId><sln:wojIIPPn>PL.PZGIK.200</sln:wojIIPPn><sln:wojIIPWersja>2012-09-27T13:45:13+02:00</sln:wojIIPWersja><sln:wojIdTeryt>14</sln:wojIdTeryt><sln:wojNazwa>mazowieckie</sln:wojNazwa></sln:miejscowosc><sln:miejscowosc><sln:cyklZyciaDo>2017-03-24T00:00:00+01:00</sln:cyklZyciaDo><sln:cyklZyciaOd>2015-05-04T00:00:00+02:00</sln:cyklZyciaOd><sln:gmIIPId>d1ff0240-06e7-4625-90a9-bfa70925809d</sln:gmIIPId><sln:gmIIPPn>PL.PZGIK.200</sln:gmIIPPn><sln:gmIIPWersja>2012-09-26T21:57:27+02:00</sln:gmIIPWersja><sln:gmIdTeryt>1401022</sln:gmIdTeryt><sln:gmNazwa>Promna</sln:gmNazwa><sln:miejscIIPId>6e8524d8-37eb-42f3-b9e7-eb26ce4057ee</sln:miejscIIPId><sln:miejscIIPPn>PL.PZGIK.200</sln:miejscIIPPn><sln:miejscIIPWersja>2016-11-24T11:39:02+02:00</sln:miejscIIPWersja><sln:miejscIdTeryt>0633082</sln:miejscIdTeryt><sln:miejscNazwa>Wojciechówka</sln:miejscNazwa><sln:miejscRodzaj>Wieś</sln:miejscRodzaj><sln:powIIPId>2a52ff3b-6f43-4385-a9b6-8b7ad0961028</sln:powIIPId><sln:powIIPPn>PL.PZGIK.200</sln:powIIPPn><sln:powIIPWersja>2012-09-27T08:13:53+02:00</sln:powIIPWersja><sln:powIdTeryt>1401</sln:powIdTeryt><sln:powNazwa>białobrzeski</sln:powNazwa><sln:waznyOd>2014-06-23T00:00:00+02:00</sln:waznyOd><sln:wojIIPId>4b6c492a-eb04-441d-a92a-f44359c06de7</sln:wojIIPId><sln:wojIIPPn>PL.PZGIK.200</sln:wojIIPPn><sln:wojIIPWersja>2012-09-27T13:45:13+02:00</sln:wojIIPWersja><sln:wojIdTeryt>14</sln:wojIdTeryt><sln:wojNazwa>mazowieckie</sln:wojNazwa></sln:miejscowosc><sln:miejscowosc><sln:cyklZyciaDo>2017-03-24T00:00:00+01:00</sln:cyklZyciaDo><sln:cyklZyciaOd>2015-05-04T00:00:00+02:00</sln:cyklZyciaOd><sln:gmIIPId>d1ff0240-06e7-4625-90a9-bfa70925809d</sln:gmIIPId><sln:gmIIPPn>PL.PZGIK.200</sln:gmIIPPn><sln:gmIIPWersja>2012-09-26T21:57:27+02:00</sln:gmIIPWersja><sln:gmIdTeryt>1401022</sln:gmIdTeryt><sln:gmNazwa>Promna</sln:gmNazwa><sln:miejscIIPId>d01c416a-e8c9-44d5-ae9d-16db345d8ebf</sln:miejscIIPId><sln:miejscIIPPn>PL.PZGIK.200</sln:miejscIIPPn><sln:miejscIIPWersja>2016-11-24T11:39:02+02:00</sln:miejscIIPWersja><sln:miejscIdTeryt>0633219</sln:miejscIdTeryt><sln:miejscNazwa>Wola Branecka</sln:miejscNazwa><sln:miejscRodzaj>Wieś</sln:miejscRodzaj><sln:powIIPId>2a52ff3b-6f43-4385-a9b6-8b7ad0961028</sln:powIIPId><sln:powIIPPn>PL.PZGIK.200</sln:powIIPPn><sln:powIIPWersja>2012-09-27T08:13:53+02:00</sln:powIIPWersja><sln:powIdTeryt>1401</sln:powIdTeryt><sln:powNazwa>białobrzeski</sln:powNazwa><sln:waznyOd>2014-06-23T00:00:00+02:00</sln:waznyOd><sln:wojIIPId>4b6c492a-eb04-441d-a92a-f44359c06de7</sln:wojIIPId><sln:wojIIPPn>PL.PZGIK.200</sln:wojIIPPn><sln:wojIIPWersja>2012-09-27T13:45:13+02:00</sln:wojIIPWersja><sln:wojIdTeryt>14</sln:wojIdTeryt><sln:wojNazwa>mazowieckie</sln:wojNazwa></sln:miejscowosc><sln:miejscowosc><sln:cyklZyciaDo>2017-03-24T00:00:00+01:00</sln:cyklZyciaDo><sln:cyklZyciaOd>2015-05-04T00:00:00+02:00</sln:cyklZyciaOd><sln:gmIIPId>d1ff0240-06e7-4625-90a9-bfa70925809d</sln:gmIIPId><sln:gmIIPPn>PL.PZGIK.200</sln:gmIIPPn><sln:gmIIPWersja>2012-09-26T21:57:27+02:00</sln:gmIIPWersja><sln:gmIdTeryt>1401022</sln:gmIdTeryt><sln:gmNazwa>Promna</sln:gmNazwa><sln:miejscIIPId>a8fa841d-669e-495d-b024-bb4df46d1173</sln:miejscIIPId><sln:miejscIIPPn>PL.PZGIK.200</sln:miejscIIPPn><sln:miejscIIPWersja>2016-11-24T11:39:01+02:00</sln:miejscIIPWersja><sln:miejscIdTeryt>0632705</sln:miejscIdTeryt><sln:miejscNazwa>Zbrosza Mała</sln:miejscNazwa><sln:miejscRodzaj>Wieś</sln:miejscRodzaj><sln:powIIPId>2a52ff3b-6f43-4385-a9b6-8b7ad0961028</sln:powIIPId><sln:powIIPPn>PL.PZGIK.200</sln:powIIPPn><sln:powIIPWersja>2012-09-27T08:13:53+02:00</sln:powIIPWersja><sln:powIdTeryt>1401</sln:powIdTeryt><sln:powNazwa>białobrzeski</sln:powNazwa><sln:waznyOd>2014-06-23T00:00:00+02:00</sln:waznyOd><sln:wojIIPId>4b6c492a-eb04-441d-a92a-f44359c06de7</sln:wojIIPId><sln:wojIIPPn>PL.PZGIK.200</sln:wojIIPPn><sln:wojIIPWersja>2012-09-27T13:45:13+02:00</sln:wojIIPWersja><sln:wojIdTeryt>14</sln:wojIdTeryt><sln:wojNazwa>mazowieckie</sln:wojNazwa></sln:miejscowosc><sln:miejscowosc><sln:cyklZyciaOd>2017-03-24T00:00:00+01:00</sln:cyklZyciaOd><sln:gmIIPId>d1ff0240-06e7-4625-90a9-bfa70925809d</sln:gmIIPId><sln:gmIIPPn>PL.PZGIK.200</sln:gmIIPPn><sln:gmIIPWersja>2012-09-26T21:57:27+02:00</sln:gmIIPWersja><sln:gmIdTeryt>1401022</sln:gmIdTeryt><sln:gmNazwa>Promna</sln:gmNazwa><sln:miejscIIPId>801579a5-9e99-4b76-9267-1353200a623a</sln:miejscIIPId><sln:miejscIIPPn>PL.PZGIK.200</sln:miejscIIPPn><sln:miejscIIPWersja>2017-03-24T17:59:35+02:00</sln:miejscIIPWersja><sln:miejscIdTeryt>0632651</sln:miejscIdTeryt><sln:miejscNazwa>Adamów</sln:miejscNazwa><sln:miejscRodzaj>Wieś</sln:miejscRodzaj><sln:powIIPId>2a52ff3b-6f43-4385-a9b6-8b7ad0961028</sln:powIIPId><sln:powIIPPn>PL.PZGIK.200</sln:powIIPPn><sln:powIIPWersja>2012-09-27T08:13:53+02:00</sln:powIIPWersja><sln:powIdTeryt>1401</sln:powIdTeryt><sln:powNazwa>białobrzeski</sln:powNazwa><sln:waznyOd>2014-06-23T00:00:00+02:00</sln:waznyOd><sln:wojIIPId>4b6c492a-eb04-441d-a92a-f44359c06de7</sln:wojIIPId><sln:wojIIPPn>PL.PZGIK.200</sln:wojIIPPn><sln:wojIIPWersja>2012-09-27T13:45:13+02:00</sln:wojIIPWersja><sln:wojIdTeryt>14</sln:wojIdTeryt><sln:wojNazwa>mazowieckie</sln:wojNazwa></sln:miejscowosc><sln:miejscowosc><sln:cyklZyciaOd>2017-03-24T00:00:00+01:00</sln:cyklZyciaOd><sln:gmIIPId>d1ff0240-06e7-4625-90a9-bfa70925809d</sln:gmIIPId><sln:gmIIPPn>PL.PZGIK.200</sln:gmIIPPn><sln:gmIIPWersja>2012-09-26T21:57:27+02:00</sln:gmIIPWersja><sln:gmIdTeryt>1401022</sln:gmIdTeryt><sln:gmNazwa>Promna</sln:gmNazwa><sln:miejscIIPId>e4373f4b-c274-4601-9b2a-95573d7f4f53</sln:miejscIIPId><sln:miejscIIPPn>PL.PZGIK.200</sln:miejscIIPPn><sln:miejscIIPWersja>2017-03-24T17:59:44+02:00</sln:miejscIIPWersja><sln:miejscIdTeryt>0632668</sln:miejscIdTeryt><sln:miejscNazwa>Biejkowska Wola</sln:miejscNazwa><sln:miejscRodzaj>Wieś</sln:miejscRodzaj><sln:powIIPId>2a52ff3b-6f43-4385-a9b6-8b7ad0961028</sln:powIIPId><sln:powIIPPn>PL.PZGIK.200</sln:powIIPPn><sln:powIIPWersja>2012-09-27T08:13:53+02:00</sln:powIIPWersja><sln:powIdTeryt>1401</sln:powIdTeryt><sln:powNazwa>białobrzeski</sln:powNazwa><sln:waznyOd>2014-06-23T00:00:00+02:00</sln:waznyOd><sln:wojIIPId>4b6c492a-eb04-441d-a92a-f44359c06de7</sln:wojIIPId><sln:wojIIPPn>PL.PZGIK.200</sln:wojIIPPn><sln:wojIIPWersja>2012-09-27T13:45:13+02:00</sln:wojIIPWersja><sln:wojIdTeryt>14</sln:wojIdTeryt><sln:wojNazwa>mazowieckie</sln:wojNazwa></sln:miejscowosc><sln:miejscowosc><sln:cyklZyciaOd>2017-03-24T00:00:00+01:00</sln:cyklZyciaOd><sln:gmIIPId>d1ff0240-06e7-4625-90a9-bfa70925809d</sln:gmIIPId><sln:gmIIPPn>PL.PZGIK.200</sln:gmIIPPn><sln:gmIIPWersja>2012-09-26T21:57:27+02:00</sln:gmIIPWersja><sln:gmIdTeryt>1401022</sln:gmIdTeryt><sln:gmNazwa>Promna</sln:gmNazwa><sln:miejscIIPId>354a5ec9-3db3-4372-adae-dff4ed19438b</sln:miejscIIPId><sln:miejscIIPPn>PL.PZGIK.200</sln:miejscIIPPn><sln:miejscIIPWersja>2017-03-24T17:59:44+02:00</sln:miejscIIPWersja><sln:miejscIdTeryt>0632674</sln:miejscIdTeryt><sln:miejscNazwa>Biejków</sln:miejscNazwa><sln:miejscRodzaj>Wieś</sln:miejscRodzaj><sln:powIIPId>2a52ff3b-6f43-4385-a9b6-8b7ad0961028</sln:powIIPId><sln:powIIPPn>PL.PZGIK.200</sln:powIIPPn><sln:powIIPWersja>2012-09-27T08:13:53+02:00</sln:powIIPWersja><sln:powIdTeryt>1401</sln:powIdTeryt><sln:powNazwa>białobrzeski</sln:powNazwa><sln:waznyOd>2014-06-23T00:00:00+02:00</sln:waznyOd><sln:wojIIPId>4b6c492a-eb04-441d-a92a-f44359c06de7</sln:wojIIPId><sln:wojIIPPn>PL.PZGIK.200</sln:wojIIPPn><sln:wojIIPWersja>2012-09-27T13:45:13+02:00</sln:wojIIPWersja><sln:wojIdTeryt>14</sln:wojIdTeryt><sln:wojNazwa>mazowieckie</sln:wojNazwa></sln:miejscowosc><sln:miejscowosc><sln:cyklZyciaOd>2017-03-24T00:00:00+01:00</sln:cyklZyciaOd><sln:gmIIPId>d1ff0240-06e7-4625-90a9-bfa70925809d</sln:gmIIPId><sln:gmIIPPn>PL.PZGIK.200</sln:gmIIPPn><sln:gmIIPWersja>2012-09-26T21:57:27+02:00</sln:gmIIPWersja><sln:gmIdTeryt>1401022</sln:gmIdTeryt><sln:gmNazwa>Promna</sln:gmNazwa><sln:miejscIIPId>a5d4c6e1-7fc7-4240-9ecc-07cd3f7bafe8</sln:miejscIIPId><sln:miejscIIPPn>PL.PZGIK.200</sln:miejscIIPPn><sln:miejscIIPWersja>2017-03-24T17:59:44+02:00</sln:miejscIIPWersja><sln:miejscIdTeryt>0632680</sln:miejscIdTeryt><sln:miejscNazwa>Bronisławów</sln:miejscNazwa><sln:miejscRodzaj>Wieś</sln:miejscRodzaj><sln:powIIPId>2a52ff3b-6f43-4385-a9b6-8b7ad0961028</sln:powIIPId><sln:powIIPPn>PL.PZGIK.200</sln:powIIPPn><sln:powIIPWersja>2012-09-27T08:13:53+02:00</sln:powIIPWersja><sln:powIdTeryt>1401</sln:powIdTeryt><sln:powNazwa>białobrzeski</sln:powNazwa><sln:waznyOd>2014-06-23T00:00:00+02:00</sln:waznyOd><sln:wojIIPId>4b6c492a-eb04-441d-a92a-f44359c06de7</sln:wojIIPId><sln:wojIIPPn>PL.PZGIK.200</sln:wojIIPPn><sln:wojIIPWersja>2012-09-27T13:45:13+02:00</sln:wojIIPWersja><sln:wojIdTeryt>14</sln:wojIdTeryt><sln:wojNazwa>mazowieckie</sln:wojNazwa></sln:miejscowosc><sln:miejscowosc><sln:cyklZyciaOd>2017-03-24T00:00:00+01:00</sln:cyklZyciaOd><sln:gmIIPId>d1ff0240-06e7-4625-90a9-bfa70925809d</sln:gmIIPId><sln:gmIIPPn>PL.PZGIK.200</sln:gmIIPPn><sln:gmIIPWersja>2012-09-26T21:57:27+02:00</sln:gmIIPWersja><sln:gmIdTeryt>1401022</sln:gmIdTeryt><sln:gmNazwa>Promna</sln:gmNazwa><sln:miejscIIPId>a8fa841d-669e-495d-b024-bb4df46d1173</sln:miejscIIPId><sln:miejscIIPPn>PL.PZGIK.200</sln:miejscIIPPn><sln:miejscIIPWersja>2017-03-24T17:59:44+02:00</sln:miejscIIPWersja><sln:miejscIdTeryt>0632705</sln:miejscIdTeryt><sln:miejscNazwa>Zbrosza Mała</sln:miejscNazwa><sln:miejscRodzaj>Wieś</sln:miejscRodzaj><sln:powIIPId>2a52ff3b-6f43-4385-a9b6-8b7ad0961028</sln:powIIPId><sln:powIIPPn>PL.PZGIK.200</sln:powIIPPn><sln:powIIPWersja>2012-09-27T08:13:53+02:00</sln:powIIPWersja><sln:powIdTeryt>1401</sln:powIdTeryt><sln:powNazwa>białobrzeski</sln:powNazwa><sln:waznyOd>2014-06-23T00:00:00+02:00</sln:waznyOd><sln:wojIIPId>4b6c492a-eb04-441d-a92a-f44359c06de7</sln:wojIIPId><sln:wojIIPPn>PL.PZGIK.200</sln:wojIIPPn><sln:wojIIPWersja>2012-09-27T13:45:13+02:00</sln:wojIIPWersja><sln:wojIdTeryt>14</sln:wojIdTeryt><sln:wojNazwa>mazowieckie</sln:wojNazwa></sln:miejscowosc><sln:miejscowosc><sln:cyklZyciaOd>2017-03-24T00:00:00+01:00</sln:cyklZyciaOd><sln:gmIIPId>d1ff0240-06e7-4625-90a9-bfa70925809d</sln:gmIIPId><sln:gmIIPPn>PL.PZGIK.200</sln:gmIIPPn><sln:gmIIPWersja>2012-09-26T21:57:27+02:00</sln:gmIIPWersja><sln:gmIdTeryt>1401022</sln:gmIdTeryt><sln:gmNazwa>Promna</sln:gmNazwa><sln:miejscIIPId>4eb85caf-1a11-439a-b30c-61f35a527e91</sln:miejscIIPId><sln:miejscIIPPn>PL.PZGIK.200</sln:miejscIIPPn><sln:miejscIIPWersja>2017-03-24T17:59:44+02:00</sln:miejscIIPWersja><sln:miejscIdTeryt>0632711</sln:miejscIdTeryt><sln:miejscNazwa>Broniszew</sln:miejscNazwa><sln:miejscRodzaj>Wieś</sln:miejscRodzaj><sln:powIIPId>2a52ff3b-6f43-4385-a9b6-8b7ad0961028</sln:powIIPId><sln:powIIPPn>PL.PZGIK.200</sln:powIIPPn><sln:powIIPWersja>2012-09-27T08:13:53+02:00</sln:powIIPWersja><sln:powIdTeryt>1401</sln:powIdTeryt><sln:powNazwa>białobrzeski</sln:powNazwa><sln:waznyOd>2014-06-23T00:00:00+02:00</sln:waznyOd><sln:wojIIPId>4b6c492a-eb04-441d-a92a-f44359c06de7</sln:wojIIPId><sln:wojIIPPn>PL.PZGIK.200</sln:wojIIPPn><sln:wojIIPWersja>2012-09-27T13:45:13+02:00</sln:wojIIPWersja><sln:wojIdTeryt>14</sln:wojIdTeryt><sln:wojNazwa>mazowieckie</sln:wojNazwa></sln:miejscowosc><sln:miejscowosc><sln:cyklZyciaOd>2017-03-24T00:00:00+01:00</sln:cyklZyciaOd><sln:gmIIPId>d1ff0240-06e7-4625-90a9-bfa70925809d</sln:gmIIPId><sln:gmIIPPn>PL.PZGIK.200</sln:gmIIPPn><sln:gmIIPWersja>2012-09-26T21:57:27+02:00</sln:gmIIPWersja><sln:gmIdTeryt>1401022</sln:gmIdTeryt><sln:gmNazwa>Promna</sln:gmNazwa><sln:miejscIIPId>7c5eac97-a85e-42b0-87ef-9ab73081fe03</sln:miejscIIPId><sln:miejscIIPPn>PL.PZGIK.200</sln:miejscIIPPn><sln:miejscIIPWersja>2017-03-24T17:59:45+02:00</sln:miejscIIPWersja><sln:miejscIdTeryt>0632728</sln:miejscIdTeryt><sln:miejscNazwa>Daltrozów</sln:miejscNazwa><sln:miejscRodzaj>Wieś</sln:miejscRodzaj><sln:powIIPId>2a52ff3b-6f43-4385-a9b6-8b7ad0961028</sln:powIIPId><sln:powIIPPn>PL.PZGIK.200</sln:powIIPPn><sln:powIIPWersja>2012-09-27T08:13:53+02:00</sln:powIIPWersja><sln:powIdTeryt>1401</sln:powIdTeryt><sln:powNazwa>białobrzeski</sln:powNazwa><sln:waznyOd>2014-06-23T00:00:00+02:00</sln:waznyOd><sln:wojIIPId>4b6c492a-eb04-441d-a92a-f44359c06de7</sln:wojIIPId><sln:wojIIPPn>PL.PZGIK.200</sln:wojIIPPn><sln:wojIIPWersja>2012-09-27T13:45:13+02:00</sln:wojIIPWersja><sln:wojIdTeryt>14</sln:wojIdTeryt><sln:wojNazwa>mazowieckie</sln:wojNazwa></sln:miejscowosc><sln:miejscowosc><sln:cyklZyciaOd>2017-03-24T00:00:00+01:00</sln:cyklZyciaOd><sln:gmIIPId>d1ff0240-06e7-4625-90a9-bfa70925809d</sln:gmIIPId><sln:gmIIPPn>PL.PZGIK.200</sln:gmIIPPn><sln:gmIIPWersja>2012-09-26T21:57:27+02:00</sln:gmIIPWersja><sln:gmIdTeryt>1401022</sln:gmIdTeryt><sln:gmNazwa>Promna</sln:gmNazwa><sln:miejscIIPId>0f2e684c-2554-4887-b725-d259169cf81b</sln:miejscIIPId><sln:miejscIIPPn>PL.PZGIK.200</sln:miejscIIPPn><sln:miejscIIPWersja>2017-03-24T17:59:45+02:00</sln:miejscIIPWersja><sln:miejscIdTeryt>0632734</sln:miejscIdTeryt><sln:miejscNazwa>Domaniewice</sln:miejscNazwa><sln:miejscRodzaj>Wieś</sln:miejscRodzaj><sln:powIIPId>2a52ff3b-6f43-4385-a9b6-8b7ad0961028</sln:powIIPId><sln:powIIPPn>PL.PZGIK.200</sln:powIIPPn><sln:powIIPWersja>2012-09-27T08:13:53+02:00</sln:powIIPWersja><sln:powIdTeryt>1401</sln:powIdTeryt><sln:powNazwa>białobrzeski</sln:powNazwa><sln:waznyOd>2014-06-23T00:00:00+02:00</sln:waznyOd><sln:wojIIPId>4b6c492a-eb04-441d-a92a-f44359c06de7</sln:wojIIPId><sln:wojIIPPn>PL.PZGIK.200</sln:wojIIPPn><sln:wojIIPWersja>2012-09-27T13:45:13+02:00</sln:wojIIPWersja><sln:wojIdTeryt>14</sln:wojIdTeryt><sln:wojNazwa>mazowieckie</sln:wojNazwa></sln:miejscowosc><sln:miejscowosc><sln:cyklZyciaOd>2017-03-24T00:00:00+01:00</sln:cyklZyciaOd><sln:gmIIPId>d1ff0240-06e7-4625-90a9-bfa70925809d</sln:gmIIPId><sln:gmIIPPn>PL.PZGIK.200</sln:gmIIPPn><sln:gmIIPWersja>2012-09-26T21:57:27+02:00</sln:gmIIPWersja><sln:gmIdTeryt>1401022</sln:gmIdTeryt><sln:gmNazwa>Promna</sln:gmNazwa><sln:miejscIIPId>c6ff4cb6-5ec2-4848-bc48-df768d627b92</sln:miejscIIPId><sln:miejscIIPPn>PL.PZGIK.200</sln:miejscIIPPn><sln:miejscIIPWersja>2017-03-24T17:59:45+02:00</sln:miejscIIPWersja><sln:miejscIdTeryt>0632740</sln:miejscIdTeryt><sln:miejscNazwa>Falęcice</sln:miejscNazwa><sln:miejscRodzaj>Wieś</sln:miejscRodzaj><sln:powIIPId>2a52ff3b-6f43-4385-a9b6-8b7ad0961028</sln:powIIPId><sln:powIIPPn>PL.PZGIK.200</sln:powIIPPn><sln:powIIPWersja>2012-09-27T08:13:53+02:00</sln:powIIPWersja><sln:powIdTeryt>1401</sln:powIdTeryt><sln:powNazwa>białobrzeski</sln:powNazwa><sln:waznyOd>2014-06-23T00:00:00+02:00</sln:waznyOd><sln:wojIIPId>4b6c492a-eb04-441d-a92a-f44359c06de7</sln:wojIIPId><sln:wojIIPPn>PL.PZGIK.200</sln:wojIIPPn><sln:wojIIPWersja>2012-09-27T13:45:13+02:00</sln:wojIIPWersja><sln:wojIdTeryt>14</sln:wojIdTeryt><sln:wojNazwa>mazowieckie</sln:wojNazwa></sln:miejscowosc><sln:miejscowosc><sln:cyklZyciaOd>2017-03-24T00:00:00+01:00</sln:cyklZyciaOd><sln:gmIIPId>d1ff0240-06e7-4625-90a9-bfa70925809d</sln:gmIIPId><sln:gmIIPPn>PL.PZGIK.200</sln:gmIIPPn><sln:gmIIPWersja>2012-09-26T21:57:27+02:00</sln:gmIIPWersja><sln:gmIdTeryt>1401022</sln:gmIdTeryt><sln:gmNazwa>Promna</sln:gmNazwa><sln:miejscIIPId>e3bf1ba9-a71f-437b-adf5-ea420d74d173</sln:miejscIIPId><sln:miejscIIPPn>PL.PZGIK.200</sln:miejscIIPPn><sln:miejscIIPWersja>2017-03-24T17:59:45+02:00</sln:miejscIIPWersja><sln:miejscIdTeryt>0632763</sln:miejscIdTeryt><sln:miejscNazwa>Falęcice-Wola</sln:miejscNazwa><sln:miejscRodzaj>Wieś</sln:miejscRodzaj><sln:powIIPId>2a52ff3b-6f43-4385-a9b6-8b7ad0961028</sln:powIIPId><sln:powIIPPn>PL.PZGIK.200</sln:powIIPPn><sln:powIIPWersja>2012-09-27T08:13:53+02:00</sln:powIIPWersja><sln:powIdTeryt>1401</sln:powIdTeryt><sln:powNazwa>białobrzeski</sln:powNazwa><sln:waznyOd>2014-06-23T00:00:00+02:00</sln:waznyOd><sln:wojIIPId>4b6c492a-eb04-441d-a92a-f44359c06de7</sln:wojIIPId><sln:wojIIPPn>PL.PZGIK.200</sln:wojIIPPn><sln:wojIIPWersja>2012-09-27T13:45:13+02:00</sln:wojIIPWersja><sln:wojIdTeryt>14</sln:wojIdTeryt><sln:wojNazwa>mazowieckie</sln:wojNazwa></sln:miejscowosc><sln:miejscowosc><sln:cyklZyciaOd>2017-03-24T00:00:00+01:00</sln:cyklZyciaOd><sln:gmIIPId>d1ff0240-06e7-4625-90a9-bfa70925809d</sln:gmIIPId><sln:gmIIPPn>PL.PZGIK.200</sln:gmIIPPn><sln:gmIIPWersja>2012-09-26T21:57:27+02:00</sln:gmIIPWersja><sln:gmIdTeryt>1401022</sln:gmIdTeryt><sln:gmNazwa>Promna</sln:gmNazwa><sln:miejscIIPId>2108d4a9-b546-4652-a1cf-a41bde338a0a</sln:miejscIIPId><sln:miejscIIPPn>PL.PZGIK.200</sln:miejscIIPPn><sln:miejscIIPWersja>2017-03-24T17:59:45+02:00</sln:miejscIIPWersja><sln:miejscIdTeryt>0632770</sln:miejscIdTeryt><sln:miejscNazwa>Góry</sln:miejscNazwa><sln:miejscRodzaj>Wieś</sln:miejscRodzaj><sln:powIIPId>2a52ff3b-6f43-4385-a9b6-8b7ad0961028</sln:powIIPId><sln:powIIPPn>PL.PZGIK.200</sln:powIIPPn><sln:powIIPWersja>2012-09-27T08:13:53+02:00</sln:powIIPWersja><sln:powIdTeryt>1401</sln:powIdTeryt><sln:powNazwa>białobrzeski</sln:powNazwa><sln:waznyOd>2014-06-23T00:00:00+02:00</sln:waznyOd><sln:wojIIPId>4b6c492a-eb04-441d-a92a-f44359c06de7</sln:wojIIPId><sln:wojIIPPn>PL.PZGIK.200</sln:wojIIPPn><sln:wojIIPWersja>2012-09-27T13:45:13+02:00</sln:wojIIPWersja><sln:wojIdTeryt>14</sln:wojIdTeryt><sln:wojNazwa>mazowieckie</sln:wojNazwa></sln:miejscowosc><sln:miejscowosc><sln:cyklZyciaOd>2017-03-24T00:00:00+01:00</sln:cyklZyciaOd><sln:gmIIPId>d1ff0240-06e7-4625-90a9-bfa70925809d</sln:gmIIPId><sln:gmIIPPn>PL.PZGIK.200</sln:gmIIPPn><sln:gmIIPWersja>2012-09-26T21:57:27+02:00</sln:gmIIPWersja><sln:gmIdTeryt>1401022</sln:gmIdTeryt><sln:gmNazwa>Promna</sln:gmNazwa><sln:miejscIIPId>a8aa376f-2add-4a73-928c-6bd8334d70e4</sln:miejscIIPId><sln:miejscIIPPn>PL.PZGIK.200</sln:miejscIIPPn><sln:miejscIIPWersja>2017-03-24T17:59:45+02:00</sln:miejscIIPWersja><sln:miejscIdTeryt>0632786</sln:miejscIdTeryt><sln:miejscNazwa>Jadwigów</sln:miejscNazwa><sln:miejscRodzaj>Wieś</sln:miejscRodzaj><sln:powIIPId>2a52ff3b-6f43-4385-a9b6-8b7ad0961028</sln:powIIPId><sln:powIIPPn>PL.PZGIK.200</sln:powIIPPn><sln:powIIPWersja>2012-09-27T08:13:53+02:00</sln:powIIPWersja><sln:powIdTeryt>1401</sln:powIdTeryt><sln:powNazwa>białobrzeski</sln:powNazwa><sln:waznyOd>2014-06-23T00:00:00+02:00</sln:waznyOd><sln:wojIIPId>4b6c492a-eb04-441d-a92a-f44359c06de7</sln:wojIIPId><sln:wojIIPPn>PL.PZGIK.200</sln:wojIIPPn><sln:wojIIPWersja>2012-09-27T13:45:13+02:00</sln:wojIIPWersja><sln:wojIdTeryt>14</sln:wojIdTeryt><sln:wojNazwa>mazowieckie</sln:wojNazwa></sln:miejscowosc><sln:miejscowosc><sln:cyklZyciaOd>2017-03-24T00:00:00+01:00</sln:cyklZyciaOd><sln:gmIIPId>d1ff0240-06e7-4625-90a9-bfa70925809d</sln:gmIIPId><sln:gmIIPPn>PL.PZGIK.200</sln:gmIIPPn><sln:gmIIPWersja>2012-09-26T21:57:27+02:00</sln:gmIIPWersja><sln:gmIdTeryt>1401022</sln:gmIdTeryt><sln:gmNazwa>Promna</sln:gmNazwa><sln:miejscIIPId>dd165271-55ab-4774-98bf-2a40f5b4e941</sln:miejscIIPId><sln:miejscIIPPn>PL.PZGIK.200</sln:miejscIIPPn><sln:miejscIIPWersja>2017-03-24T17:59:45+02:00</sln:miejscIIPWersja><sln:miejscIdTeryt>0632792</sln:miejscIdTeryt><sln:miejscNazwa>Nowy Przybyszew</sln:miejscNazwa><sln:miejscRodzaj>Inny obiekt</sln:miejscRodzaj><sln:powIIPId>2a52ff3b-6f43-4385-a9b6-8b7ad0961028</sln:powIIPId><sln:powIIPPn>PL.PZGIK.200</sln:powIIPPn><sln:powIIPWersja>2012-09-27T08:13:53+02:00</sln:powIIPWersja><sln:powIdTeryt>1401</sln:powIdTeryt><sln:powNazwa>białobrzeski</sln:powNazwa><sln:waznyOd>2015-03-31T00:00:00+02:00</sln:waznyOd><sln:wojIIPId>4b6c492a-eb04-441d-a92a-f44359c06de7</sln:wojIIPId><sln:wojIIPPn>PL.PZGIK.200</sln:wojIIPPn><sln:wojIIPWersja>2012-09-27T13:45:13+02:00</sln:wojIIPWersja><sln:wojIdTeryt>14</sln:wojIdTeryt><sln:wojNazwa>mazowieckie</sln:wojNazwa></sln:miejscowosc><sln:miejscowosc><sln:cyklZyciaOd>2017-03-24T00:00:00+01:00</sln:cyklZyciaOd><sln:gmIIPId>d1ff0240-06e7-4625-90a9-bfa70925809d</sln:gmIIPId><sln:gmIIPPn>PL.PZGIK.200</sln:gmIIPPn><sln:gmIIPWersja>2012-09-26T21:57:27+02:00</sln:gmIIPWersja><sln:gmIdTeryt>1401022</sln:gmIdTeryt><sln:gmNazwa>Promna</sln:gmNazwa><sln:miejscIIPId>6697da45-5de8-44f8-bd4a-419669be0b58</sln:miejscIIPId><sln:miejscIIPPn>PL.PZGIK.200</sln:miejscIIPPn><sln:miejscIIPWersja>2017-03-24T17:59:45+02:00</sln:miejscIIPWersja><sln:miejscIdTeryt>0632800</sln:miejscIdTeryt><sln:miejscNazwa>Karolin</sln:miejscNazwa><sln:miejscRodzaj>Wieś</sln:miejscRodzaj><sln:powIIPId>2a52ff3b-6f43-4385-a9b6-8b7ad0961028</sln:powIIPId><sln:powIIPPn>PL.PZGIK.200</sln:powIIPPn><sln:powIIPWersja>2012-09-27T08:13:53+02:00</sln:powIIPWersja><sln:powIdTeryt>1401</sln:powIdTeryt><sln:powNazwa>białobrzeski</sln:powNazwa><sln:waznyOd>2014-06-23T00:00:00+02:00</sln:waznyOd><sln:wojIIPId>4b6c492a-eb04-441d-a92a-f44359c06de7</sln:wojIIPId><sln:wojIIPPn>PL.PZGIK.200</sln:wojIIPPn><sln:wojIIPWersja>2012-09-27T13:45:13+02:00</sln:wojIIPWersja><sln:wojIdTeryt>14</sln:wojIdTeryt><sln:wojNazwa>mazowieckie</sln:wojNazwa></sln:miejscowosc><sln:miejscowosc><sln:cyklZyciaOd>2017-03-24T00:00:00+01:00</sln:cyklZyciaOd><sln:gmIIPId>d1ff0240-06e7-4625-90a9-bfa70925809d</sln:gmIIPId><sln:gmIIPPn>PL.PZGIK.200</sln:gmIIPPn><sln:gmIIPWersja>2012-09-26T21:57:27+02:00</sln:gmIIPWersja><sln:gmIdTeryt>1401022</sln:gmIdTeryt><sln:gmNazwa>Promna</sln:gmNazwa><sln:miejscIIPId>97fdade1-8e85-4460-9e0f-107626b4e8a7</sln:miejscIIPId><sln:miejscIIPPn>PL.PZGIK.200</sln:miejscIIPPn><sln:miejscIIPWersja>2017-03-24T17:59:45+02:00</sln:miejscIIPWersja><sln:miejscIdTeryt>0632823</sln:miejscIdTeryt><sln:miejscNazwa>Lekarcice</sln:miejscNazwa><sln:miejscRodzaj>Wieś</sln:miejscRodzaj><sln:powIIPId>2a52ff3b-6f43-4385-a9b6-8b7ad0961028</sln:powIIPId><sln:powIIPPn>PL.PZGIK.200</sln:powIIPPn><sln:powIIPWersja>2012-09-27T08:13:53+02:00</sln:powIIPWersja><sln:powIdTeryt>1401</sln:powIdTeryt><sln:powNazwa>białobrzeski</sln:powNazwa><sln:waznyOd>2014-06-23T00:00:00+02:00</sln:waznyOd><sln:wojIIPId>4b6c492a-eb04-441d-a92a-f44359c06de7</sln:wojIIPId><sln:wojIIPPn>PL.PZGIK.200</sln:wojIIPPn><sln:wojIIPWersja>2012-09-27T13:45:13+02:00</sln:wojIIPWersja><sln:wojIdTeryt>14</sln:wojIdTeryt><sln:wojNazwa>mazowieckie</sln:wojNazwa></sln:miejscowosc><sln:miejscowosc><sln:cyklZyciaOd>2017-03-24T00:00:00+01:00</sln:cyklZyciaOd><sln:gmIIPId>d1ff0240-06e7-4625-90a9-bfa70925809d</sln:gmIIPId><sln:gmIIPPn>PL.PZGIK.200</sln:gmIIPPn><sln:gmIIPWersja>2012-09-26T21:57:27+02:00</sln:gmIIPWersja><sln:gmIdTeryt>1401022</sln:gmIdTeryt><sln:gmNazwa>Promna</sln:gmNazwa><sln:miejscIIPId>b37f7e9a-c7b6-43e6-b2e8-adf9cd094d39</sln:miejscIIPId><sln:miejscIIPPn>PL.PZGIK.200</sln:miejscIIPPn><sln:miejscIIPWersja>2017-03-24T17:59:45+02:00</sln:miejscIIPWersja><sln:miejscIdTeryt>0632830</sln:miejscIdTeryt><sln:miejscNazwa>Lisów</sln:miejscNazwa><sln:miejscRodzaj>Wieś</sln:miejscRodzaj><sln:powIIPId>2a52ff3b-6f43-4385-a9b6-8b7ad0961028</sln:powIIPId><sln:powIIPPn>PL.PZGIK.200</sln:powIIPPn><sln:powIIPWersja>2012-09-27T08:13:53+02:00</sln:powIIPWersja><sln:powIdTeryt>1401</sln:powIdTeryt><sln:powNazwa>białobrzeski</sln:powNazwa><sln:waznyOd>2014-06-23T00:00:00+02:00</sln:waznyOd><sln:wojIIPId>4b6c492a-eb04-441d-a92a-f44359c06de7</sln:wojIIPId><sln:wojIIPPn>PL.PZGIK.200</sln:wojIIPPn><sln:wojIIPWersja>2012-09-27T13:45:13+02:00</sln:wojIIPWersja><sln:wojIdTeryt>14</sln:wojIdTeryt><sln:wojNazwa>mazowieckie</sln:wojNazwa></sln:miejscowosc><sln:miejscowosc><sln:cyklZyciaOd>2017-03-24T00:00:00+01:00</sln:cyklZyciaOd><sln:gmIIPId>d1ff0240-06e7-4625-90a9-bfa70925809d</sln:gmIIPId><sln:gmIIPPn>PL.PZGIK.200</sln:gmIIPPn><sln:gmIIPWersja>2012-09-26T21:57:27+02:00</sln:gmIIPWersja><sln:gmIdTeryt>1401022</sln:gmIdTeryt><sln:gmNazwa>Promna</sln:gmNazwa><sln:miejscIIPId>83c9e8e5-d89e-4b9a-b1b5-9acb04d67091</sln:miejscIIPId><sln:miejscIIPPn>PL.PZGIK.200</sln:miejscIIPPn><sln:miejscIIPWersja>2017-03-24T17:59:45+02:00</sln:miejscIIPWersja><sln:miejscIdTeryt>0632869</sln:miejscIdTeryt><sln:miejscNazwa>Mała Wieś</sln:miejscNazwa><sln:miejscRodzaj>Wieś</sln:miejscRodzaj><sln:powIIPId>2a52ff3b-6f43-4385-a9b6-8b7ad0961028</sln:powIIPId><sln:powIIPPn>PL.PZGIK.200</sln:powIIPPn><sln:powIIPWersja>2012-09-27T08:13:53+02:00</sln:powIIPWersja><sln:powIdTeryt>1401</sln:powIdTeryt><sln:powNazwa>białobrzeski</sln:powNazwa><sln:waznyOd>2014-06-23T00:00:00+02:00</sln:waznyOd><sln:wojIIPId>4b6c492a-eb04-441d-a92a-f44359c06de7</sln:wojIIPId><sln:wojIIPPn>PL.PZGIK.200</sln:wojIIPPn><sln:wojIIPWersja>2012-09-27T13:45:13+02:00</sln:wojIIPWersja><sln:wojIdTeryt>14</sln:wojIdTeryt><sln:wojNazwa>mazowieckie</sln:wojNazwa></sln:miejscowosc><sln:miejscowosc><sln:cyklZyciaOd>2017-03-24T00:00:00+01:00</sln:cyklZyciaOd><sln:gmIIPId>d1ff0240-06e7-4625-90a9-bfa70925809d</sln:gmIIPId><sln:gmIIPPn>PL.PZGIK.200</sln:gmIIPPn><sln:gmIIPWersja>2012-09-26T21:57:27+02:00</sln:gmIIPWersja><sln:gmIdTeryt>1401022</sln:gmIdTeryt><sln:gmNazwa>Promna</sln:gmNazwa><sln:miejscIIPId>6d41b09f-cd0d-4fcc-ac69-3973a2c83d59</sln:miejscIIPId><sln:miejscIIPPn>PL.PZGIK.200</sln:miejscIIPPn><sln:miejscIIPWersja>2017-03-24T17:59:45+02:00</sln:miejscIIPWersja><sln:miejscIdTeryt>0632898</sln:miejscIdTeryt><sln:miejscNazwa>Mała Wysoka</sln:miejscNazwa><sln:miejscRodzaj>Wieś</sln:miejscRodzaj><sln:powIIPId>2a52ff3b-6f43-4385-a9b6-8b7ad0961028</sln:powIIPId><sln:powIIPPn>PL.PZGIK.200</sln:powIIPPn><sln:powIIPWersja>2012-09-27T08:13:53+02:00</sln:powIIPWersja><sln:powIdTeryt>1401</sln:powIdTeryt><sln:powNazwa>białobrzeski</sln:powNazwa><sln:waznyOd>2014-06-23T00:00:00+02:00</sln:waznyOd><sln:wojIIPId>4b6c492a-eb04-441d-a92a-f44359c06de7</sln:wojIIPId><sln:wojIIPPn>PL.PZGIK.200</sln:wojIIPPn><sln:wojIIPWersja>2012-09-27T13:45:13+02:00</sln:wojIIPWersja><sln:wojIdTeryt>14</sln:wojIdTeryt><sln:wojNazwa>mazowieckie</sln:wojNazwa></sln:miejscowosc><sln:miejscowosc><sln:cyklZyciaOd>2017-03-24T00:00:00+01:00</sln:cyklZyciaOd><sln:gmIIPId>d1ff0240-06e7-4625-90a9-bfa70925809d</sln:gmIIPId><sln:gmIIPPn>PL.PZGIK.200</sln:gmIIPPn><sln:gmIIPWersja>2012-09-26T21:57:27+02:00</sln:gmIIPWersja><sln:gmIdTeryt>1401022</sln:gmIdTeryt><sln:gmNazwa>Promna</sln:gmNazwa><sln:miejscIIPId>0548019d-bd5e-4871-ab3c-33b3fe04fc35</sln:miejscIIPId><sln:miejscIIPPn>PL.PZGIK.200</sln:miejscIIPPn><sln:miejscIIPWersja>2017-03-24T17:59:46+02:00</sln:miejscIIPWersja><sln:miejscIdTeryt>0632906</sln:miejscIdTeryt><sln:miejscNazwa>Lekarcice Nowe</sln:miejscNazwa><sln:miejscRodzaj>Wieś</sln:miejscRodzaj><sln:powIIPId>2a52ff3b-6f43-4385-a9b6-8b7ad0961028</sln:powIIPId><sln:powIIPPn>PL.PZGIK.200</sln:powIIPPn><sln:powIIPWersja>2012-09-27T08:13:53+02:00</sln:powIIPWersja><sln:powIdTeryt>1401</sln:powIdTeryt><sln:powNazwa>białobrzeski</sln:powNazwa><sln:waznyOd>2014-06-23T00:00:00+02:00</sln:waznyOd><sln:wojIIPId>4b6c492a-eb04-441d-a92a-f44359c06de7</sln:wojIIPId><sln:wojIIPPn>PL.PZGIK.200</sln:wojIIPPn><sln:wojIIPWersja>2012-09-27T13:45:13+02:00</sln:wojIIPWersja><sln:wojIdTeryt>14</sln:wojIdTeryt><sln:wojNazwa>mazowieckie</sln:wojNazwa></sln:miejscowosc><sln:miejscowosc><sln:cyklZyciaOd>2017-03-24T00:00:00+01:00</sln:cyklZyciaOd><sln:gmIIPId>d1ff0240-06e7-4625-90a9-bfa70925809d</sln:gmIIPId><sln:gmIIPPn>PL.PZGIK.200</sln:gmIIPPn><sln:gmIIPWersja>2012-09-26T21:57:27+02:00</sln:gmIIPWersja><sln:gmIdTeryt>1401022</sln:gmIdTeryt><sln:gmNazwa>Promna</sln:gmNazwa><sln:miejscIIPId>249ef9ed-fe7a-4fc1-8551-5d6b6b3722cd</sln:miejscIIPId><sln:miejscIIPPn>PL.PZGIK.200</sln:miejscIIPPn><sln:miejscIIPWersja>2017-03-24T17:59:46+02:00</sln:miejscIIPWersja><sln:miejscIdTeryt>0632912</sln:miejscIdTeryt><sln:miejscNazwa>Olkowice</sln:miejscNazwa><sln:miejscRodzaj>Wieś</sln:miejscRodzaj><sln:powIIPId>2a52ff3b-6f43-4385-a9b6-8b7ad0961028</sln:powIIPId><sln:powIIPPn>PL.PZGIK.200</sln:powIIPPn><sln:powIIPWersja>2012-09-27T08:13:53+02:00</sln:powIIPWersja><sln:powIdTeryt>1401</sln:powIdTeryt><sln:powNazwa>białobrzeski</sln:powNazwa><sln:waznyOd>2014-06-23T00:00:00+02:00</sln:waznyOd><sln:wojIIPId>4b6c492a-eb04-441d-a92a-f44359c06de7</sln:wojIIPId><sln:wojIIPPn>PL.PZGIK.200</sln:wojIIPPn><sln:wojIIPWersja>2012-09-27T13:45:13+02:00</sln:wojIIPWersja><sln:wojIdTeryt>14</sln:wojIdTeryt><sln:wojNazwa>mazowieckie</sln:wojNazwa></sln:miejscowosc><sln:miejscowosc><sln:cyklZyciaOd>2017-03-24T00:00:00+01:00</sln:cyklZyciaOd><sln:gmIIPId>d1ff0240-06e7-4625-90a9-bfa70925809d</sln:gmIIPId><sln:gmIIPPn>PL.PZGIK.200</sln:gmIIPPn><sln:gmIIPWersja>2012-09-26T21:57:27+02:00</sln:gmIIPWersja><sln:gmIdTeryt>1401022</sln:gmIdTeryt><sln:gmNazwa>Promna</sln:gmNazwa><sln:miejscIIPId>52eab3ef-6858-4ec0-b120-e2f02373f232</sln:miejscIIPId><sln:miejscIIPPn>PL.PZGIK.200</sln:miejscIIPPn><sln:miejscIIPWersja>2017-03-24T17:59:46+02:00</sln:miejscIIPWersja><sln:miejscIdTeryt>0632941</sln:miejscIdTeryt><sln:miejscNazwa>Olszamy</sln:miejscNazwa><sln:miejscRodzaj>Wieś</sln:miejscRodzaj><sln:powIIPId>2a52ff3b-6f43-4385-a9b6-8b7ad0961028</sln:powIIPId><sln:powIIPPn>PL.PZGIK.200</sln:powIIPPn><sln:powIIPWersja>2012-09-27T08:13:53+02:00</sln:powIIPWersja><sln:powIdTeryt>1401</sln:powIdTeryt><sln:powNazwa>białobrzeski</sln:powNazwa><sln:waznyOd>2014-06-23T00:00:00+02:00</sln:waznyOd><sln:wojIIPId>4b6c492a-eb04-441d-a92a-f44359c06de7</sln:wojIIPId><sln:wojIIPPn>PL.PZGIK.200</sln:wojIIPPn><sln:wojIIPWersja>2012-09-27T13:45:13+02:00</sln:wojIIPWersja><sln:wojIdTeryt>14</sln:wojIdTeryt><sln:wojNazwa>mazowieckie</sln:wojNazwa></sln:miejscowosc><sln:miejscowosc><sln:cyklZyciaOd>2017-03-24T00:00:00+01:00</sln:cyklZyciaOd><sln:gmIIPId>d1ff0240-06e7-4625-90a9-bfa70925809d</sln:gmIIPId><sln:gmIIPPn>PL.PZGIK.200</sln:gmIIPPn><sln:gmIIPWersja>2012-09-26T21:57:27+02:00</sln:gmIIPWersja><sln:gmIdTeryt>1401022</sln:gmIdTeryt><sln:gmNazwa>Promna</sln:gmNazwa><sln:miejscIIPId>987d6234-f9f9-40cc-9b69-6254f8bfac30</sln:miejscIIPId><sln:miejscIIPPn>PL.PZGIK.200</sln:miejscIIPPn><sln:miejscIIPWersja>2017-03-24T17:59:46+02:00</sln:miejscIIPWersja><sln:miejscIdTeryt>0632958</sln:miejscIdTeryt><sln:miejscNazwa>Osuchów</sln:miejscNazwa><sln:miejscRodzaj>Wieś</sln:miejscRodzaj><sln:powIIPId>2a52ff3b-6f43-4385-a9b6-8b7ad0961028</sln:powIIPId><sln:powIIPPn>PL.PZGIK.200</sln:powIIPPn><sln:powIIPWersja>2012-09-27T08:13:53+02:00</sln:powIIPWersja><sln:powIdTeryt>1401</sln:powIdTeryt><sln:powNazwa>białobrzeski</sln:powNazwa><sln:waznyOd>2014-06-23T00:00:00+02:00</sln:waznyOd><sln:wojIIPId>4b6c492a-eb04-441d-a92a-f44359c06de7</sln:wojIIPId><sln:wojIIPPn>PL.PZGIK.200</sln:wojIIPPn><sln:wojIIPWersja>2012-09-27T13:45:13+02:00</sln:wojIIPWersja><sln:wojIdTeryt>14</sln:wojIdTeryt><sln:wojNazwa>mazowieckie</sln:wojNazwa></sln:miejscowosc><sln:miejscowosc><sln:cyklZyciaOd>2017-03-24T00:00:00+01:00</sln:cyklZyciaOd><sln:gmIIPId>d1ff0240-06e7-4625-90a9-bfa70925809d</sln:gmIIPId><sln:gmIIPPn>PL.PZGIK.200</sln:gmIIPPn><sln:gmIIPWersja>2012-09-26T21:57:27+02:00</sln:gmIIPWersja><sln:gmIdTeryt>1401022</sln:gmIdTeryt><sln:gmNazwa>Promna</sln:gmNazwa><sln:miejscIIPId>99852770-4c19-4ffb-b391-a6bf0c000d20</sln:miejscIIPId><sln:miejscIIPPn>PL.PZGIK.200</sln:miejscIIPPn><sln:miejscIIPWersja>2017-03-24T17:59:46+02:00</sln:miejscIIPWersja><sln:miejscIdTeryt>0632964</sln:miejscIdTeryt><sln:miejscNazwa>Pacew</sln:miejscNazwa><sln:miejscRodzaj>Wieś</sln:miejscRodzaj><sln:powIIPId>2a52ff3b-6f43-4385-a9b6-8b7ad0961028</sln:powIIPId><sln:powIIPPn>PL.PZGIK.200</sln:powIIPPn><sln:powIIPWersja>2012-09-27T08:13:53+02:00</sln:powIIPWersja><sln:powIdTeryt>1401</sln:powIdTeryt><sln:powNazwa>białobrzeski</sln:powNazwa><sln:waznyOd>2014-06-23T00:00:00+02:00</sln:waznyOd><sln:wojIIPId>4b6c492a-eb04-441d-a92a-f44359c06de7</sln:wojIIPId><sln:wojIIPPn>PL.PZGIK.200</sln:wojIIPPn><sln:wojIIPWersja>2012-09-27T13:45:13+02:00</sln:wojIIPWersja><sln:wojIdTeryt>14</sln:wojIdTeryt><sln:wojNazwa>mazowieckie</sln:wojNazwa></sln:miejscowosc><sln:miejscowosc><sln:cyklZyciaOd>2017-03-24T00:00:00+01:00</sln:cyklZyciaOd><sln:gmIIPId>d1ff0240-06e7-4625-90a9-bfa70925809d</sln:gmIIPId><sln:gmIIPPn>PL.PZGIK.200</sln:gmIIPPn><sln:gmIIPWersja>2012-09-26T21:57:27+02:00</sln:gmIIPWersja><sln:gmIdTeryt>1401022</sln:gmIdTeryt><sln:gmNazwa>Promna</sln:gmNazwa><sln:miejscIIPId>0de894ea-8017-4ddb-b283-c58c7d01e7b8</sln:miejscIIPId><sln:miejscIIPPn>PL.PZGIK.200</sln:miejscIIPPn><sln:miejscIIPWersja>2017-03-24T17:59:46+02:00</sln:miejscIIPWersja><sln:miejscIdTeryt>0632970</sln:miejscIdTeryt><sln:miejscNazwa>Falęcice-Parcela</sln:miejscNazwa><sln:miejscRodzaj>Wieś</sln:miejscRodzaj><sln:powIIPId>2a52ff3b-6f43-4385-a9b6-8b7ad0961028</sln:powIIPId><sln:powIIPPn>PL.PZGIK.200</sln:powIIPPn><sln:powIIPWersja>2012-09-27T08:13:53+02:00</sln:powIIPWersja><sln:powIdTeryt>1401</sln:powIdTeryt><sln:powNazwa>białobrzeski</sln:powNazwa><sln:waznyOd>2014-06-23T00:00:00+02:00</sln:waznyOd><sln:wojIIPId>4b6c492a-eb04-441d-a92a-f44359c06de7</sln:wojIIPId><sln:wojIIPPn>PL.PZGIK.200</sln:wojIIPPn><sln:wojIIPWersja>2012-09-27T13:45:13+02:00</sln:wojIIPWersja><sln:wojIdTeryt>14</sln:wojIdTeryt><sln:wojNazwa>mazowieckie</sln:wojNazwa></sln:miejscowosc><sln:miejscowosc><sln:cyklZyciaOd>2017-03-24T00:00:00+01:00</sln:cyklZyciaOd><sln:gmIIPId>d1ff0240-06e7-4625-90a9-bfa70925809d</sln:gmIIPId><sln:gmIIPPn>PL.PZGIK.200</sln:gmIIPPn><sln:gmIIPWersja>2012-09-26T21:57:27+02:00</sln:gmIIPWersja><sln:gmIdTeryt>1401022</sln:gmIdTeryt><sln:gmNazwa>Promna</sln:gmNazwa><sln:miejscIIPId>28cab6ff-fc87-49b9-9f13-6d9e20921c6d</sln:miejscIIPId><sln:miejscIIPPn>PL.PZGIK.200</sln:miejscIIPPn><sln:miejscIIPWersja>2017-03-24T17:59:46+02:00</sln:miejscIIPWersja><sln:miejscIdTeryt>0632987</sln:miejscIdTeryt><sln:miejscNazwa>Helenów</sln:miejscNazwa><sln:miejscRodzaj>Wieś</sln:miejscRodzaj><sln:powIIPId>2a52ff3b-6f43-4385-a9b6-8b7ad0961028</sln:powIIPId><sln:powIIPPn>PL.PZGIK.200</sln:powIIPPn><sln:powIIPWersja>2012-09-27T08:13:53+02:00</sln:powIIPWersja><sln:powIdTeryt>1401</sln:powIdTeryt><sln:powNazwa>białobrzeski</sln:powNazwa><sln:waznyOd>2014-06-23T00:00:00+02:00</sln:waznyOd><sln:wojIIPId>4b6c492a-eb04-441d-a92a-f44359c06de7</sln:wojIIPId><sln:wojIIPPn>PL.PZGIK.200</sln:wojIIPPn><sln:wojIIPWersja>2012-09-27T13:45:13+02:00</sln:wojIIPWersja><sln:wojIdTeryt>14</sln:wojIdTeryt><sln:wojNazwa>mazowieckie</sln:wojNazwa></sln:miejscowosc><sln:miejscowosc><sln:cyklZyciaOd>2017-03-24T00:00:00+01:00</sln:cyklZyciaOd><sln:gmIIPId>d1ff0240-06e7-4625-90a9-bfa70925809d</sln:gmIIPId><sln:gmIIPPn>PL.PZGIK.200</sln:gmIIPPn><sln:gmIIPWersja>2012-09-26T21:57:27+02:00</sln:gmIIPWersja><sln:gmIdTeryt>1401022</sln:gmIdTeryt><sln:gmNazwa>Promna</sln:gmNazwa><sln:miejscIIPId>1d7f3b6d-0789-4ab7-9d17-0d134b4b4777</sln:miejscIIPId><sln:miejscIIPPn>PL.PZGIK.200</sln:miejscIIPPn><sln:miejscIIPWersja>2017-03-24T17:59:46+02:00</sln:miejscIIPWersja><sln:miejscIdTeryt>0632993</sln:miejscIdTeryt><sln:miejscNazwa>Pelinów</sln:miejscNazwa><sln:miejscRodzaj>Wieś</sln:miejscRodzaj><sln:powIIPId>2a52ff3b-6f43-4385-a9b6-8b7ad0961028</sln:powIIPId><sln:powIIPPn>PL.PZGIK.200</sln:powIIPPn><sln:powIIPWersja>2012-09-27T08:13:53+02:00</sln:powIIPWersja><sln:powIdTeryt>1401</sln:powIdTeryt><sln:powNazwa>białobrzeski</sln:powNazwa><sln:waznyOd>2014-06-23T00:00:00+02:00</sln:waznyOd><sln:wojIIPId>4b6c492a-eb04-441d-a92a-f44359c06de7</sln:wojIIPId><sln:wojIIPPn>PL.PZGIK.200</sln:wojIIPPn><sln:wojIIPWersja>2012-09-27T13:45:13+02:00</sln:wojIIPWersja><sln:wojIdTeryt>14</sln:wojIdTeryt><sln:wojNazwa>mazowieckie</sln:wojNazwa></sln:miejscowosc><sln:miejscowosc><sln:cyklZyciaOd>2017-03-24T00:00:00+01:00</sln:cyklZyciaOd><sln:gmIIPId>d1ff0240-06e7-4625-90a9-bfa70925809d</sln:gmIIPId><sln:gmIIPPn>PL.PZGIK.200</sln:gmIIPPn><sln:gmIIPWersja>2012-09-26T21:57:27+02:00</sln:gmIIPWersja><sln:gmIdTeryt>1401022</sln:gmIdTeryt><sln:gmNazwa>Promna</sln:gmNazwa><sln:miejscIIPId>7c9f006d-2d6f-4116-b9f9-95aef76b897a</sln:miejscIIPId><sln:miejscIIPPn>PL.PZGIK.200</sln:miejscIIPPn><sln:miejscIIPWersja>2017-03-24T17:59:46+02:00</sln:miejscIIPWersja><sln:miejscIdTeryt>0633001</sln:miejscIdTeryt><sln:miejscNazwa>Piekarty</sln:miejscNazwa><sln:miejscRodzaj>Wieś</sln:miejscRodzaj><sln:powIIPId>2a52ff3b-6f43-4385-a9b6-8b7ad0961028</sln:powIIPId><sln:powIIPPn>PL.PZGIK.200</sln:powIIPPn><sln:powIIPWersja>2012-09-27T08:13:53+02:00</sln:powIIPWersja><sln:powIdTeryt>1401</sln:powIdTeryt><sln:powNazwa>białobrzeski</sln:powNazwa><sln:waznyOd>2014-06-23T00:00:00+02:00</sln:waznyOd><sln:wojIIPId>4b6c492a-eb04-441d-a92a-f44359c06de7</sln:wojIIPId><sln:wojIIPPn>PL.PZGIK.200</sln:wojIIPPn><sln:wojIIPWersja>2012-09-27T13:45:13+02:00</sln:wojIIPWersja><sln:wojIdTeryt>14</sln:wojIdTeryt><sln:wojNazwa>mazowieckie</sln:wojNazwa></sln:miejscowosc><sln:miejscowosc><sln:cyklZyciaOd>2017-03-24T00:00:00+01:00</sln:cyklZyciaOd><sln:gmIIPId>d1ff0240-06e7-4625-90a9-bfa70925809d</sln:gmIIPId><sln:gmIIPPn>PL.PZGIK.200</sln:gmIIPPn><sln:gmIIPWersja>2012-09-26T21:57:27+02:00</sln:gmIIPWersja><sln:gmIdTeryt>1401022</sln:gmIdTeryt><sln:gmNazwa>Promna</sln:gmNazwa><sln:miejscIIPId>c94a2599-0a72-49be-afe2-dee0be059347</sln:miejscIIPId><sln:miejscIIPPn>PL.PZGIK.200</sln:miejscIIPPn><sln:miejscIIPWersja>2017-03-24T17:59:46+02:00</sln:miejscIIPWersja><sln:miejscIdTeryt>0633030</sln:miejscIdTeryt><sln:miejscNazwa>Piotrów</sln:miejscNazwa><sln:miejscRodzaj>Wieś</sln:miejscRodzaj><sln:powIIPId>2a52ff3b-6f43-4385-a9b6-8b7ad0961028</sln:powIIPId><sln:powIIPPn>PL.PZGIK.200</sln:powIIPPn><sln:powIIPWersja>2012-09-27T08:13:53+02:00</sln:powIIPWersja><sln:powIdTeryt>1401</sln:powIdTeryt><sln:powNazwa>białobrzeski</sln:powNazwa><sln:waznyOd>2014-06-23T00:00:00+02:00</sln:waznyOd><sln:wojIIPId>4b6c492a-eb04-441d-a92a-f44359c06de7</sln:wojIIPId><sln:wojIIPPn>PL.PZGIK.200</sln:wojIIPPn><sln:wojIIPWersja>2012-09-27T13:45:13+02:00</sln:wojIIPWersja><sln:wojIdTeryt>14</sln:wojIdTeryt><sln:wojNazwa>mazowieckie</sln:wojNazwa></sln:miejscowosc><sln:miejscowosc><sln:cyklZyciaOd>2017-03-24T00:00:00+01:00</sln:cyklZyciaOd><sln:gmIIPId>d1ff0240-06e7-4625-90a9-bfa70925809d</sln:gmIIPId><sln:gmIIPPn>PL.PZGIK.200</sln:gmIIPPn><sln:gmIIPWersja>2012-09-26T21:57:27+02:00</sln:gmIIPWersja><sln:gmIdTeryt>1401022</sln:gmIdTeryt><sln:gmNazwa>Promna</sln:gmNazwa><sln:miejscIIPId>ff22b086-703f-46ff-9e72-51dc3faddec4</sln:miejscIIPId><sln:miejscIIPPn>PL.PZGIK.200</sln:miejscIIPPn><sln:miejscIIPWersja>2017-03-24T17:59:46+02:00</sln:miejscIIPWersja><sln:miejscIdTeryt>0633047</sln:miejscIdTeryt><sln:miejscNazwa>Pnie</sln:miejscNazwa><sln:miejscRodzaj>Wieś</sln:miejscRodzaj><sln:powIIPId>2a52ff3b-6f43-4385-a9b6-8b7ad0961028</sln:powIIPId><sln:powIIPPn>PL.PZGIK.200</sln:powIIPPn><sln:powIIPWersja>2012-09-27T08:13:53+02:00</sln:powIIPWersja><sln:powIdTeryt>1401</sln:powIdTeryt><sln:powNazwa>białobrzeski</sln:powNazwa><sln:waznyOd>2014-06-23T00:00:00+02:00</sln:waznyOd><sln:wojIIPId>4b6c492a-eb04-441d-a92a-f44359c06de7</sln:wojIIPId><sln:wojIIPPn>PL.PZGIK.200</sln:wojIIPPn><sln:wojIIPWersja>2012-09-27T13:45:13+02:00</sln:wojIIPWersja><sln:wojIdTeryt>14</sln:wojIdTeryt><sln:wojNazwa>mazowieckie</sln:wojNazwa></sln:miejscowosc><sln:miejscowosc><sln:cyklZyciaOd>2017-03-24T00:00:00+01:00</sln:cyklZyciaOd><sln:gmIIPId>d1ff0240-06e7-4625-90a9-bfa70925809d</sln:gmIIPId><sln:gmIIPPn>PL.PZGIK.200</sln:gmIIPPn><sln:gmIIPWersja>2012-09-26T21:57:27+02:00</sln:gmIIPWersja><sln:gmIdTeryt>1401022</sln:gmIdTeryt><sln:gmNazwa>Promna</sln:gmNazwa><sln:miejscIIPId>6e8524d8-37eb-42f3-b9e7-eb26ce4057ee</sln:miejscIIPId><sln:miejscIIPPn>PL.PZGIK.200</sln:miejscIIPPn><sln:miejscIIPWersja>2017-03-24T17:59:46+02:00</sln:miejscIIPWersja><sln:miejscIdTeryt>0633082</sln:miejscIdTeryt><sln:miejscNazwa>Wojciechówka</sln:miejscNazwa><sln:miejscRodzaj>Wieś</sln:miejscRodzaj><sln:powIIPId>2a52ff3b-6f43-4385-a9b6-8b7ad0961028</sln:powIIPId><sln:powIIPPn>PL.PZGIK.200</sln:powIIPPn><sln:powIIPWersja>2012-09-27T08:13:53+02:00</sln:powIIPWersja><sln:powIdTeryt>1401</sln:powIdTeryt><sln:powNazwa>białobrzeski</sln:powNazwa><sln:waznyOd>2014-06-23T00:00:00+02:00</sln:waznyOd><sln:wojIIPId>4b6c492a-eb04-441d-a92a-f44359c06de7</sln:wojIIPId><sln:wojIIPPn>PL.PZGIK.200</sln:wojIIPPn><sln:wojIIPWersja>2012-09-27T13:45:13+02:00</sln:wojIIPWersja><sln:wojIdTeryt>14</sln:wojIdTeryt><sln:wojNazwa>mazowieckie</sln:wojNazwa></sln:miejscowosc><sln:miejscowosc><sln:cyklZyciaOd>2017-03-24T00:00:00+01:00</sln:cyklZyciaOd><sln:gmIIPId>d1ff0240-06e7-4625-90a9-bfa70925809d</sln:gmIIPId><sln:gmIIPPn>PL.PZGIK.200</sln:gmIIPPn><sln:gmIIPWersja>2012-09-26T21:57:27+02:00</sln:gmIIPWersja><sln:gmIdTeryt>1401022</sln:gmIdTeryt><sln:gmNazwa>Promna</sln:gmNazwa><sln:miejscIIPId>57191991-229e-473b-8d8f-bdd814ac474e</sln:miejscIIPId><sln:miejscIIPPn>PL.PZGIK.200</sln:miejscIIPPn><sln:miejscIIPWersja>2017-03-24T17:59:46+02:00</sln:miejscIIPWersja><sln:miejscIdTeryt>0633099</sln:miejscIdTeryt><sln:miejscNazwa>Promna</sln:miejscNazwa><sln:miejscRodzaj>Wieś</sln:miejscRodzaj><sln:powIIPId>2a52ff3b-6f43-4385-a9b6-8b7ad0961028</sln:powIIPId><sln:powIIPPn>PL.PZGIK.200</sln:powIIPPn><sln:powIIPWersja>2012-09-27T08:13:53+02:00</sln:powIIPWersja><sln:powIdTeryt>1401</sln:powIdTeryt><sln:powNazwa>białobrzeski</sln:powNazwa><sln:waznyOd>2014-06-23T00:00:00+02:00</sln:waznyOd><sln:wojIIPId>4b6c492a-eb04-441d-a92a-f44359c06de7</sln:wojIIPId><sln:wojIIPPn>PL.PZGIK.200</sln:wojIIPPn><sln:wojIIPWersja>2012-09-27T13:45:13+02:00</sln:wojIIPWersja><sln:wojIdTeryt>14</sln:wojIdTeryt><sln:wojNazwa>mazowieckie</sln:wojNazwa></sln:miejscowosc><sln:miejscowosc><sln:cyklZyciaOd>2017-03-24T00:00:00+01:00</sln:cyklZyciaOd><sln:gmIIPId>d1ff0240-06e7-4625-90a9-bfa70925809d</sln:gmIIPId><sln:gmIIPPn>PL.PZGIK.200</sln:gmIIPPn><sln:gmIIPWersja>2012-09-26T21:57:27+02:00</sln:gmIIPWersja><sln:gmIdTeryt>1401022</sln:gmIdTeryt><sln:gmNazwa>Promna</sln:gmNazwa><sln:miejscIIPId>bf89d70e-1e68-4181-9fc9-01720653eaf2</sln:miejscIIPId><sln:miejscIIPPn>PL.PZGIK.200</sln:miejscIIPPn><sln:miejscIIPWersja>2017-03-24T17:59:47+02:00</sln:miejscIIPWersja><sln:miejscIdTeryt>0633107</sln:miejscIdTeryt><sln:miejscNazwa>Promna-Kolonia</sln:miejscNazwa><sln:miejscRodzaj>Wieś</sln:miejscRodzaj><sln:powIIPId>2a52ff3b-6f43-4385-a9b6-8b7ad0961028</sln:powIIPId><sln:powIIPPn>PL.PZGIK.200</sln:powIIPPn><sln:powIIPWersja>2012-09-27T08:13:53+02:00</sln:powIIPWersja><sln:powIdTeryt>1401</sln:powIdTeryt><sln:powNazwa>białobrzeski</sln:powNazwa><sln:waznyOd>2014-06-23T00:00:00+02:00</sln:waznyOd><sln:wojIIPId>4b6c492a-eb04-441d-a92a-f44359c06de7</sln:wojIIPId><sln:wojIIPPn>PL.PZGIK.200</sln:wojIIPPn><sln:wojIIPWersja>2012-09-27T13:45:13+02:00</sln:wojIIPWersja><sln:wojIdTeryt>14</sln:wojIdTeryt><sln:wojNazwa>mazowieckie</sln:wojNazwa></sln:miejscowosc><sln:miejscowosc><sln:cyklZyciaOd>2017-03-24T00:00:00+01:00</sln:cyklZyciaOd><sln:gmIIPId>d1ff0240-06e7-4625-90a9-bfa70925809d</sln:gmIIPId><sln:gmIIPPn>PL.PZGIK.200</sln:gmIIPPn><sln:gmIIPWersja>2012-09-26T21:57:27+02:00</sln:gmIIPWersja><sln:gmIdTeryt>1401022</sln:gmIdTeryt><sln:gmNazwa>Promna</sln:gmNazwa><sln:miejscIIPId>cc2c58c0-c1cb-4b85-83b6-2bf7cb6bea92</sln:miejscIIPId><sln:miejscIIPPn>PL.PZGIK.200</sln:miejscIIPPn><sln:miejscIIPWersja>2017-03-24T17:59:47+02:00</sln:miejscIIPWersja><sln:miejscIdTeryt>0633113</sln:miejscIdTeryt><sln:miejscNazwa>Przybyszew</sln:miejscNazwa><sln:miejscRodzaj>Wieś</sln:miejscRodzaj><sln:powIIPId>2a52ff3b-6f43-4385-a9b6-8b7ad0961028</sln:powIIPId><sln:powIIPPn>PL.PZGIK.200</sln:powIIPPn><sln:powIIPWersja>2012-09-27T08:13:53+02:00</sln:powIIPWersja><sln:powIdTeryt>1401</sln:powIdTeryt><sln:powNazwa>białobrzeski</sln:powNazwa><sln:waznyOd>2014-06-23T00:00:00+02:00</sln:waznyOd><sln:wojIIPId>4b6c492a-eb04-441d-a92a-f44359c06de7</sln:wojIIPId><sln:wojIIPPn>PL.PZGIK.200</sln:wojIIPPn><sln:wojIIPWersja>2012-09-27T13:45:13+02:00</sln:wojIIPWersja><sln:wojIdTeryt>14</sln:wojIdTeryt><sln:wojNazwa>mazowieckie</sln:wojNazwa></sln:miejscowosc><sln:miejscowosc><sln:cyklZyciaOd>2017-03-24T00:00:00+01:00</sln:cyklZyciaOd><sln:gmIIPId>d1ff0240-06e7-4625-90a9-bfa70925809d</sln:gmIIPId><sln:gmIIPPn>PL.PZGIK.200</sln:gmIIPPn><sln:gmIIPWersja>2012-09-26T21:57:27+02:00</sln:gmIIPWersja><sln:gmIdTeryt>1401022</sln:gmIdTeryt><sln:gmNazwa>Promna</sln:gmNazwa><sln:miejscIIPId>aa57eca6-2784-4946-9296-9494c8712cd1</sln:miejscIIPId><sln:miejscIIPPn>PL.PZGIK.200</sln:miejscIIPPn><sln:miejscIIPWersja>2017-03-24T17:59:47+02:00</sln:miejscIIPWersja><sln:miejscIdTeryt>0633165</sln:miejscIdTeryt><sln:miejscNazwa>Rykały</sln:miejscNazwa><sln:miejscRodzaj>Wieś</sln:miejscRodzaj><sln:powIIPId>2a52ff3b-6f43-4385-a9b6-8b7ad0961028</sln:powIIPId><sln:powIIPPn>PL.PZGIK.200</sln:powIIPPn><sln:powIIPWersja>2012-09-27T08:13:53+02:00</sln:powIIPWersja><sln:powIdTeryt>1401</sln:powIdTeryt><sln:powNazwa>białobrzeski</sln:powNazwa><sln:waznyOd>2014-06-23T00:00:00+02:00</sln:waznyOd><sln:wojIIPId>4b6c492a-eb04-441d-a92a-f44359c06de7</sln:wojIIPId><sln:wojIIPPn>PL.PZGIK.200</sln:wojIIPPn><sln:wojIIPWersja>2012-09-27T13:45:13+02:00</sln:wojIIPWersja><sln:wojIdTeryt>14</sln:wojIdTeryt><sln:wojNazwa>mazowieckie</sln:wojNazwa></sln:miejscowosc><sln:miejscowosc><sln:cyklZyciaOd>2017-03-24T00:00:00+01:00</sln:cyklZyciaOd><sln:gmIIPId>d1ff0240-06e7-4625-90a9-bfa70925809d</sln:gmIIPId><sln:gmIIPPn>PL.PZGIK.200</sln:gmIIPPn><sln:gmIIPWersja>2012-09-26T21:57:27+02:00</sln:gmIIPWersja><sln:gmIdTeryt>1401022</sln:gmIdTeryt><sln:gmNazwa>Promna</sln:gmNazwa><sln:miejscIIPId>0d21a365-61d0-4201-9dd6-8e19a1c4961b</sln:miejscIIPId><sln:miejscIIPPn>PL.PZGIK.200</sln:miejscIIPPn><sln:miejscIIPWersja>2017-03-24T17:59:47+02:00</sln:miejscIIPWersja><sln:miejscIdTeryt>0633188</sln:miejscIdTeryt><sln:miejscNazwa>Sielce</sln:miejscNazwa><sln:miejscRodzaj>Wieś</sln:miejscRodzaj><sln:powIIPId>2a52ff3b-6f43-4385-a9b6-8b7ad0961028</sln:powIIPId><sln:powIIPPn>PL.PZGIK.200</sln:powIIPPn><sln:powIIPWersja>2012-09-27T08:13:53+02:00</sln:powIIPWersja><sln:powIdTeryt>1401</sln:powIdTeryt><sln:powNazwa>białobrzeski</sln:powNazwa><sln:waznyOd>2014-06-23T00:00:00+02:00</sln:waznyOd><sln:wojIIPId>4b6c492a-eb04-441d-a92a-f44359c06de7</sln:wojIIPId><sln:wojIIPPn>PL.PZGIK.200</sln:wojIIPPn><sln:wojIIPWersja>2012-09-27T13:45:13+02:00</sln:wojIIPWersja><sln:wojIdTeryt>14</sln:wojIdTeryt><sln:wojNazwa>mazowieckie</sln:wojNazwa></sln:miejscowosc><sln:miejscowosc><sln:cyklZyciaOd>2017-03-24T00:00:00+01:00</sln:cyklZyciaOd><sln:gmIIPId>d1ff0240-06e7-4625-90a9-bfa70925809d</sln:gmIIPId><sln:gmIIPPn>PL.PZGIK.200</sln:gmIIPPn><sln:gmIIPWersja>2012-09-26T21:57:27+02:00</sln:gmIIPWersja><sln:gmIdTeryt>1401022</sln:gmIdTeryt><sln:gmNazwa>Promna</sln:gmNazwa><sln:miejscIIPId>a5b69cda-55c9-4d3d-9c36-76aec449c5bb</sln:miejscIIPId><sln:miejscIIPPn>PL.PZGIK.200</sln:miejscIIPPn><sln:miejscIIPWersja>2017-03-24T17:59:47+02:00</sln:miejscIIPWersja><sln:miejscIdTeryt>0633194</sln:miejscIdTeryt><sln:miejscNazwa>Stanisławów</sln:miejscNazwa><sln:miejscRodzaj>Wieś</sln:miejscRodzaj><sln:powIIPId>2a52ff3b-6f43-4385-a9b6-8b7ad0961028</sln:powIIPId><sln:powIIPPn>PL.PZGIK.200</sln:powIIPPn><sln:powIIPWersja>2012-09-27T08:13:53+02:00</sln:powIIPWersja><sln:powIdTeryt>1401</sln:powIdTeryt><sln:powNazwa>białobrzeski</sln:powNazwa><sln:waznyOd>2014-06-23T00:00:00+02:00</sln:waznyOd><sln:wojIIPId>4b6c492a-eb04-441d-a92a-f44359c06de7</sln:wojIIPId><sln:wojIIPPn>PL.PZGIK.200</sln:wojIIPPn><sln:wojIIPWersja>2012-09-27T13:45:13+02:00</sln:wojIIPWersja><sln:wojIdTeryt>14</sln:wojIdTeryt><sln:wojNazwa>mazowieckie</sln:wojNazwa></sln:miejscowosc><sln:miejscowosc><sln:cyklZyciaOd>2017-03-24T00:00:00+01:00</sln:cyklZyciaOd><sln:gmIIPId>d1ff0240-06e7-4625-90a9-bfa70925809d</sln:gmIIPId><sln:gmIIPPn>PL.PZGIK.200</sln:gmIIPPn><sln:gmIIPWersja>2012-09-26T21:57:27+02:00</sln:gmIIPWersja><sln:gmIdTeryt>1401022</sln:gmIdTeryt><sln:gmNazwa>Promna</sln:gmNazwa><sln:miejscIIPId>113ad546-2cb2-46d2-b41c-c8ded32bcc75</sln:miejscIIPId><sln:miejscIIPPn>PL.PZGIK.200</sln:miejscIIPPn><sln:miejscIIPWersja>2017-03-24T17:59:47+02:00</sln:miejscIIPWersja><sln:miejscIdTeryt>0633202</sln:miejscIdTeryt><sln:miejscNazwa>Lekarcice Stare</sln:miejscNazwa><sln:miejscRodzaj>Wieś</sln:miejscRodzaj><sln:powIIPId>2a52ff3b-6f43-4385-a9b6-8b7ad0961028</sln:powIIPId><sln:powIIPPn>PL.PZGIK.200</sln:powIIPPn><sln:powIIPWersja>2012-09-27T08:13:53+02:00</sln:powIIPWersja><sln:powIdTeryt>1401</sln:powIdTeryt><sln:powNazwa>białobrzeski</sln:powNazwa><sln:waznyOd>2014-06-23T00:00:00+02:00</sln:waznyOd><sln:wojIIPId>4b6c492a-eb04-441d-a92a-f44359c06de7</sln:wojIIPId><sln:wojIIPPn>PL.PZGIK.200</sln:wojIIPPn><sln:wojIIPWersja>2012-09-27T13:45:13+02:00</sln:wojIIPWersja><sln:wojIdTeryt>14</sln:wojIdTeryt><sln:wojNazwa>mazowieckie</sln:wojNazwa></sln:miejscowosc><sln:miejscowosc><sln:cyklZyciaOd>2017-03-24T00:00:00+01:00</sln:cyklZyciaOd><sln:gmIIPId>d1ff0240-06e7-4625-90a9-bfa70925809d</sln:gmIIPId><sln:gmIIPPn>PL.PZGIK.200</sln:gmIIPPn><sln:gmIIPWersja>2012-09-26T21:57:27+02:00</sln:gmIIPWersja><sln:gmIdTeryt>1401022</sln:gmIdTeryt><sln:gmNazwa>Promna</sln:gmNazwa><sln:miejscIIPId>d01c416a-e8c9-44d5-ae9d-16db345d8ebf</sln:miejscIIPId><sln:miejscIIPPn>PL.PZGIK.200</sln:miejscIIPPn><sln:miejscIIPWersja>2017-03-24T17:59:47+02:00</sln:miejscIIPWersja><sln:miejscIdTeryt>0633219</sln:miejscIdTeryt><sln:miejscNazwa>Wola Branecka</sln:miejscNazwa><sln:miejscRodzaj>Wieś</sln:miejscRodzaj><sln:powIIPId>2a52ff3b-6f43-4385-a9b6-8b7ad0961028</sln:powIIPId><sln:powIIPPn>PL.PZGIK.200</sln:powIIPPn><sln:powIIPWersja>2012-09-27T08:13:53+02:00</sln:powIIPWersja><sln:powIdTeryt>1401</sln:powIdTeryt><sln:powNazwa>białobrzeski</sln:powNazwa><sln:waznyOd>2014-06-23T00:00:00+02:00</sln:waznyOd><sln:wojIIPId>4b6c492a-eb04-441d-a92a-f44359c06de7</sln:wojIIPId><sln:wojIIPPn>PL.PZGIK.200</sln:wojIIPPn><sln:wojIIPWersja>2012-09-27T13:45:13+02:00</sln:wojIIPWersja><sln:wojIdTeryt>14</sln:wojIdTeryt><sln:wojNazwa>mazowieckie</sln:wojNazwa></sln:miejscowosc></sln:lista-miejscowosci>