<?xml version="1.0" encoding="UTF-8" standalone="yes"?><sln:lista-miejscowosci xmlns:srv="http://gugik.gov.pl/schemas/slowniki-service/1.0" xmlns:sln="http://gugik.gov.pl/schemas/slowniki-schema/1.0"><sln:miejscowosc><sln:cyklZyciaDo>2017-04-20T00:00:00+02:00</sln:cyklZyciaDo><sln:cyklZyciaOd>2016-01-08T00:00:00+01:00</sln:cyklZyciaOd><sln:gmIIPId>6589d809-550f-4b28-9619-aadce674c5e0</sln:gmIIPId><sln:gmIIPPn>PL.PZGIK.200</sln:gmIIPPn><sln:gmIIPWersja>2012-09-26T21:56:53+02:00</sln:gmIIPWersja><sln:gmIdTeryt>1427062</sln:gmIdTeryt><sln:gmNazwa>Szczutowo</sln:gmNazwa><sln:miejscIIPId>96bae343-185d-48e0-948e-7a182524ba77</sln:miejscIIPId><sln:miejscIIPPn>PL.PZGIK.200</sln:miejscIIPPn><sln:miejscIIPWersja>2016-11-24T11:21:29+02:00</sln:miejscIIPWersja><sln:miejscIdTeryt>0578213</sln:miejscIdTeryt><sln:miejscNazwa>Agnieszkowo</sln:miejscNazwa><sln:miejscRodzaj>Wieś</sln:miejscRodzaj><sln:powIIPId>0be630fb-6221-441d-ae7e-a47db756834b</sln:powIIPId><sln:powIIPPn>PL.PZGIK.200</sln:powIIPPn><sln:powIIPWersja>2012-09-27T08:13:53+02:00</sln:powIIPWersja><sln:powIdTeryt>1427</sln:powIdTeryt><sln:powNazwa>sierpecki</sln:powNazwa><sln:waznyOd>2014-05-07T00:00:00+02:00</sln:waznyOd><sln:wojIIPId>4b6c492a-eb04-441d-a92a-f44359c06de7</sln:wojIIPId><sln:wojIIPPn>PL.PZGIK.200</sln:wojIIPPn><sln:wojIIPWersja>2012-09-27T13:45:13+02:00</sln:wojIIPWersja><sln:wojIdTeryt>14</sln:wojIdTeryt><sln:wojNazwa>mazowieckie</sln:wojNazwa></sln:miejscowosc><sln:miejscowosc><sln:cyklZyciaDo>2017-04-20T00:00:00+02:00</sln:cyklZyciaDo><sln:cyklZyciaOd>2016-01-08T00:00:00+01:00</sln:cyklZyciaOd><sln:gmIIPId>6589d809-550f-4b28-9619-aadce674c5e0</sln:gmIIPId><sln:gmIIPPn>PL.PZGIK.200</sln:gmIIPPn><sln:gmIIPWersja>2012-09-26T21:56:53+02:00</sln:gmIIPWersja><sln:gmIdTeryt>1427062</sln:gmIdTeryt><sln:gmNazwa>Szczutowo</sln:gmNazwa><sln:miejscIIPId>2b0e9db1-1196-4578-98d5-685a2c4174d8</sln:miejscIIPId><sln:miejscIIPPn>PL.PZGIK.200</sln:miejscIIPPn><sln:miejscIIPWersja>2016-11-24T11:21:29+02:00</sln:miejscIIPWersja><sln:miejscIdTeryt>0578242</sln:miejscIdTeryt><sln:miejscNazwa>Białasy</sln:miejscNazwa><sln:miejscRodzaj>Wieś</sln:miejscRodzaj><sln:powIIPId>0be630fb-6221-441d-ae7e-a47db756834b</sln:powIIPId><sln:powIIPPn>PL.PZGIK.200</sln:powIIPPn><sln:powIIPWersja>2012-09-27T08:13:53+02:00</sln:powIIPWersja><sln:powIdTeryt>1427</sln:powIdTeryt><sln:powNazwa>sierpecki</sln:powNazwa><sln:waznyOd>2014-05-07T00:00:00+02:00</sln:waznyOd><sln:wojIIPId>4b6c492a-eb04-441d-a92a-f44359c06de7</sln:wojIIPId><sln:wojIIPPn>PL.PZGIK.200</sln:wojIIPPn><sln:wojIIPWersja>2012-09-27T13:45:13+02:00</sln:wojIIPWersja><sln:wojIdTeryt>14</sln:wojIdTeryt><sln:wojNazwa>mazowieckie</sln:wojNazwa></sln:miejscowosc><sln:miejscowosc><sln:cyklZyciaDo>2017-04-20T00:00:00+02:00</sln:cyklZyciaDo><sln:cyklZyciaOd>2016-01-08T00:00:00+01:00</sln:cyklZyciaOd><sln:gmIIPId>6589d809-550f-4b28-9619-aadce674c5e0</sln:gmIIPId><sln:gmIIPPn>PL.PZGIK.200</sln:gmIIPPn><sln:gmIIPWersja>2012-09-26T21:56:53+02:00</sln:gmIIPWersja><sln:gmIdTeryt>1427062</sln:gmIdTeryt><sln:gmNazwa>Szczutowo</sln:gmNazwa><sln:miejscIIPId>39824a4d-54a9-41ef-b6d7-21ce4538f5cc</sln:miejscIIPId><sln:miejscIIPPn>PL.PZGIK.200</sln:miejscIIPPn><sln:miejscIIPWersja>2016-11-24T11:21:29+02:00</sln:miejscIIPWersja><sln:miejscIdTeryt>0578259</sln:miejscIdTeryt><sln:miejscNazwa>Blinno</sln:miejscNazwa><sln:miejscRodzaj>Wieś</sln:miejscRodzaj><sln:powIIPId>0be630fb-6221-441d-ae7e-a47db756834b</sln:powIIPId><sln:powIIPPn>PL.PZGIK.200</sln:powIIPPn><sln:powIIPWersja>2012-09-27T08:13:53+02:00</sln:powIIPWersja><sln:powIdTeryt>1427</sln:powIdTeryt><sln:powNazwa>sierpecki</sln:powNazwa><sln:waznyOd>2014-05-07T00:00:00+02:00</sln:waznyOd><sln:wojIIPId>4b6c492a-eb04-441d-a92a-f44359c06de7</sln:wojIIPId><sln:wojIIPPn>PL.PZGIK.200</sln:wojIIPPn><sln:wojIIPWersja>2012-09-27T13:45:13+02:00</sln:wojIIPWersja><sln:wojIdTeryt>14</sln:wojIdTeryt><sln:wojNazwa>mazowieckie</sln:wojNazwa></sln:miejscowosc><sln:miejscowosc><sln:cyklZyciaDo>2017-04-20T00:00:00+02:00</sln:cyklZyciaDo><sln:cyklZyciaOd>2016-01-08T00:00:00+01:00</sln:cyklZyciaOd><sln:gmIIPId>6589d809-550f-4b28-9619-aadce674c5e0</sln:gmIIPId><sln:gmIIPPn>PL.PZGIK.200</sln:gmIIPPn><sln:gmIIPWersja>2012-09-26T21:56:53+02:00</sln:gmIIPWersja><sln:gmIdTeryt>1427062</sln:gmIdTeryt><sln:gmNazwa>Szczutowo</sln:gmNazwa><sln:miejscIIPId>4c5109b0-bd8a-4009-aa9b-4c8d97f0e48e</sln:miejscIIPId><sln:miejscIIPPn>PL.PZGIK.200</sln:miejscIIPPn><sln:miejscIIPWersja>2016-11-24T11:21:29+02:00</sln:miejscIIPWersja><sln:miejscIdTeryt>0578265</sln:miejscIdTeryt><sln:miejscNazwa>Blizno</sln:miejscNazwa><sln:miejscRodzaj>Wieś</sln:miejscRodzaj><sln:powIIPId>0be630fb-6221-441d-ae7e-a47db756834b</sln:powIIPId><sln:powIIPPn>PL.PZGIK.200</sln:powIIPPn><sln:powIIPWersja>2012-09-27T08:13:53+02:00</sln:powIIPWersja><sln:powIdTeryt>1427</sln:powIdTeryt><sln:powNazwa>sierpecki</sln:powNazwa><sln:waznyOd>2014-05-07T00:00:00+02:00</sln:waznyOd><sln:wojIIPId>4b6c492a-eb04-441d-a92a-f44359c06de7</sln:wojIIPId><sln:wojIIPPn>PL.PZGIK.200</sln:wojIIPPn><sln:wojIIPWersja>2012-09-27T13:45:13+02:00</sln:wojIIPWersja><sln:wojIdTeryt>14</sln:wojIdTeryt><sln:wojNazwa>mazowieckie</sln:wojNazwa></sln:miejscowosc><sln:miejscowosc><sln:cyklZyciaDo>2017-04-20T00:00:00+02:00</sln:cyklZyciaDo><sln:cyklZyciaOd>2016-01-08T00:00:00+01:00</sln:cyklZyciaOd><sln:gmIIPId>6589d809-550f-4b28-9619-aadce674c5e0</sln:gmIIPId><sln:gmIIPPn>PL.PZGIK.200</sln:gmIIPPn><sln:gmIIPWersja>2012-09-26T21:56:53+02:00</sln:gmIIPWersja><sln:gmIdTeryt>1427062</sln:gmIdTeryt><sln:gmNazwa>Szczutowo</sln:gmNazwa><sln:miejscIIPId>1c231639-17b9-4641-a5db-a4d88e9bf73a</sln:miejscIIPId><sln:miejscIIPPn>PL.PZGIK.200</sln:miejscIIPPn><sln:miejscIIPWersja>2016-11-24T11:21:29+02:00</sln:miejscIIPWersja><sln:miejscIdTeryt>0578271</sln:miejscIdTeryt><sln:miejscNazwa>Całownia</sln:miejscNazwa><sln:miejscRodzaj>Wieś</sln:miejscRodzaj><sln:powIIPId>0be630fb-6221-441d-ae7e-a47db756834b</sln:powIIPId><sln:powIIPPn>PL.PZGIK.200</sln:powIIPPn><sln:powIIPWersja>2012-09-27T08:13:53+02:00</sln:powIIPWersja><sln:powIdTeryt>1427</sln:powIdTeryt><sln:powNazwa>sierpecki</sln:powNazwa><sln:waznyOd>2014-05-07T00:00:00+02:00</sln:waznyOd><sln:wojIIPId>4b6c492a-eb04-441d-a92a-f44359c06de7</sln:wojIIPId><sln:wojIIPPn>PL.PZGIK.200</sln:wojIIPPn><sln:wojIIPWersja>2012-09-27T13:45:13+02:00</sln:wojIIPWersja><sln:wojIdTeryt>14</sln:wojIdTeryt><sln:wojNazwa>mazowieckie</sln:wojNazwa></sln:miejscowosc><sln:miejscowosc><sln:cyklZyciaDo>2017-04-20T00:00:00+02:00</sln:cyklZyciaDo><sln:cyklZyciaOd>2016-01-08T00:00:00+01:00</sln:cyklZyciaOd><sln:gmIIPId>6589d809-550f-4b28-9619-aadce674c5e0</sln:gmIIPId><sln:gmIIPPn>PL.PZGIK.200</sln:gmIIPPn><sln:gmIIPWersja>2012-09-26T21:56:53+02:00</sln:gmIIPWersja><sln:gmIdTeryt>1427062</sln:gmIdTeryt><sln:gmNazwa>Szczutowo</sln:gmNazwa><sln:miejscIIPId>51d58efc-5b8f-4836-ac22-b7044409c323</sln:miejscIIPId><sln:miejscIIPPn>PL.PZGIK.200</sln:miejscIIPPn><sln:miejscIIPWersja>2016-11-24T11:21:29+02:00</sln:miejscIIPWersja><sln:miejscIdTeryt>0578288</sln:miejscIdTeryt><sln:miejscNazwa>Cisse</sln:miejscNazwa><sln:miejscRodzaj>Wieś</sln:miejscRodzaj><sln:powIIPId>0be630fb-6221-441d-ae7e-a47db756834b</sln:powIIPId><sln:powIIPPn>PL.PZGIK.200</sln:powIIPPn><sln:powIIPWersja>2012-09-27T08:13:53+02:00</sln:powIIPWersja><sln:powIdTeryt>1427</sln:powIdTeryt><sln:powNazwa>sierpecki</sln:powNazwa><sln:waznyOd>2014-05-07T00:00:00+02:00</sln:waznyOd><sln:wojIIPId>4b6c492a-eb04-441d-a92a-f44359c06de7</sln:wojIIPId><sln:wojIIPPn>PL.PZGIK.200</sln:wojIIPPn><sln:wojIIPWersja>2012-09-27T13:45:13+02:00</sln:wojIIPWersja><sln:wojIdTeryt>14</sln:wojIdTeryt><sln:wojNazwa>mazowieckie</sln:wojNazwa></sln:miejscowosc><sln:miejscowosc><sln:cyklZyciaDo>2017-04-20T00:00:00+02:00</sln:cyklZyciaDo><sln:cyklZyciaOd>2016-01-08T00:00:00+01:00</sln:cyklZyciaOd><sln:gmIIPId>6589d809-550f-4b28-9619-aadce674c5e0</sln:gmIIPId><sln:gmIIPPn>PL.PZGIK.200</sln:gmIIPPn><sln:gmIIPWersja>2012-09-26T21:56:53+02:00</sln:gmIIPWersja><sln:gmIdTeryt>1427062</sln:gmIdTeryt><sln:gmNazwa>Szczutowo</sln:gmNazwa><sln:miejscIIPId>3dd425a4-00f2-4274-ba98-13c580d8023a</sln:miejscIIPId><sln:miejscIIPPn>PL.PZGIK.200</sln:miejscIIPPn><sln:miejscIIPWersja>2016-11-24T11:21:29+02:00</sln:miejscIIPWersja><sln:miejscIdTeryt>0578294</sln:miejscIdTeryt><sln:miejscNazwa>Dąbkowa Parowa</sln:miejscNazwa><sln:miejscRodzaj>Wieś</sln:miejscRodzaj><sln:powIIPId>0be630fb-6221-441d-ae7e-a47db756834b</sln:powIIPId><sln:powIIPPn>PL.PZGIK.200</sln:powIIPPn><sln:powIIPWersja>2012-09-27T08:13:53+02:00</sln:powIIPWersja><sln:powIdTeryt>1427</sln:powIdTeryt><sln:powNazwa>sierpecki</sln:powNazwa><sln:waznyOd>2014-05-07T00:00:00+02:00</sln:waznyOd><sln:wojIIPId>4b6c492a-eb04-441d-a92a-f44359c06de7</sln:wojIIPId><sln:wojIIPPn>PL.PZGIK.200</sln:wojIIPPn><sln:wojIIPWersja>2012-09-27T13:45:13+02:00</sln:wojIIPWersja><sln:wojIdTeryt>14</sln:wojIdTeryt><sln:wojNazwa>mazowieckie</sln:wojNazwa></sln:miejscowosc><sln:miejscowosc><sln:cyklZyciaDo>2017-04-20T00:00:00+02:00</sln:cyklZyciaDo><sln:cyklZyciaOd>2016-01-08T00:00:00+01:00</sln:cyklZyciaOd><sln:gmIIPId>6589d809-550f-4b28-9619-aadce674c5e0</sln:gmIIPId><sln:gmIIPPn>PL.PZGIK.200</sln:gmIIPPn><sln:gmIIPWersja>2012-09-26T21:56:53+02:00</sln:gmIIPWersja><sln:gmIdTeryt>1427062</sln:gmIdTeryt><sln:gmNazwa>Szczutowo</sln:gmNazwa><sln:miejscIIPId>1e200fad-d84a-4b82-9312-e97cca08f9f0</sln:miejscIIPId><sln:miejscIIPPn>PL.PZGIK.200</sln:miejscIIPPn><sln:miejscIIPWersja>2016-11-24T11:21:29+02:00</sln:miejscIIPWersja><sln:miejscIdTeryt>0578319</sln:miejscIdTeryt><sln:miejscNazwa>Dziki Bór</sln:miejscNazwa><sln:miejscRodzaj>Wieś</sln:miejscRodzaj><sln:powIIPId>0be630fb-6221-441d-ae7e-a47db756834b</sln:powIIPId><sln:powIIPPn>PL.PZGIK.200</sln:powIIPPn><sln:powIIPWersja>2012-09-27T08:13:53+02:00</sln:powIIPWersja><sln:powIdTeryt>1427</sln:powIdTeryt><sln:powNazwa>sierpecki</sln:powNazwa><sln:waznyOd>2014-05-07T00:00:00+02:00</sln:waznyOd><sln:wojIIPId>4b6c492a-eb04-441d-a92a-f44359c06de7</sln:wojIIPId><sln:wojIIPPn>PL.PZGIK.200</sln:wojIIPPn><sln:wojIIPWersja>2012-09-27T13:45:13+02:00</sln:wojIIPWersja><sln:wojIdTeryt>14</sln:wojIdTeryt><sln:wojNazwa>mazowieckie</sln:wojNazwa></sln:miejscowosc><sln:miejscowosc><sln:cyklZyciaDo>2017-04-20T00:00:00+02:00</sln:cyklZyciaDo><sln:cyklZyciaOd>2016-01-08T00:00:00+01:00</sln:cyklZyciaOd><sln:gmIIPId>6589d809-550f-4b28-9619-aadce674c5e0</sln:gmIIPId><sln:gmIIPPn>PL.PZGIK.200</sln:gmIIPPn><sln:gmIIPWersja>2012-09-26T21:56:53+02:00</sln:gmIIPWersja><sln:gmIdTeryt>1427062</sln:gmIdTeryt><sln:gmNazwa>Szczutowo</sln:gmNazwa><sln:miejscIIPId>fff589e1-e3d9-409f-9871-fb7618b6e87f</sln:miejscIIPId><sln:miejscIIPPn>PL.PZGIK.200</sln:miejscIIPPn><sln:miejscIIPWersja>2016-11-24T11:21:29+02:00</sln:miejscIIPWersja><sln:miejscIdTeryt>0578325</sln:miejscIdTeryt><sln:miejscNazwa>Gorzeń</sln:miejscNazwa><sln:miejscRodzaj>Wieś</sln:miejscRodzaj><sln:powIIPId>0be630fb-6221-441d-ae7e-a47db756834b</sln:powIIPId><sln:powIIPPn>PL.PZGIK.200</sln:powIIPPn><sln:powIIPWersja>2012-09-27T08:13:53+02:00</sln:powIIPWersja><sln:powIdTeryt>1427</sln:powIdTeryt><sln:powNazwa>sierpecki</sln:powNazwa><sln:waznyOd>2014-05-07T00:00:00+02:00</sln:waznyOd><sln:wojIIPId>4b6c492a-eb04-441d-a92a-f44359c06de7</sln:wojIIPId><sln:wojIIPPn>PL.PZGIK.200</sln:wojIIPPn><sln:wojIIPWersja>2012-09-27T13:45:13+02:00</sln:wojIIPWersja><sln:wojIdTeryt>14</sln:wojIdTeryt><sln:wojNazwa>mazowieckie</sln:wojNazwa></sln:miejscowosc><sln:miejscowosc><sln:cyklZyciaDo>2017-04-20T00:00:00+02:00</sln:cyklZyciaDo><sln:cyklZyciaOd>2016-01-08T00:00:00+01:00</sln:cyklZyciaOd><sln:gmIIPId>6589d809-550f-4b28-9619-aadce674c5e0</sln:gmIIPId><sln:gmIIPPn>PL.PZGIK.200</sln:gmIIPPn><sln:gmIIPWersja>2012-09-26T21:56:53+02:00</sln:gmIIPWersja><sln:gmIdTeryt>1427062</sln:gmIdTeryt><sln:gmNazwa>Szczutowo</sln:gmNazwa><sln:miejscIIPId>f5e709cf-e3e8-47f5-a438-c82ec64f6974</sln:miejscIIPId><sln:miejscIIPPn>PL.PZGIK.200</sln:miejscIIPPn><sln:miejscIIPWersja>2016-11-24T11:21:29+02:00</sln:miejscIIPWersja><sln:miejscIdTeryt>0578331</sln:miejscIdTeryt><sln:miejscNazwa>Gójsk</sln:miejscNazwa><sln:miejscRodzaj>Wieś</sln:miejscRodzaj><sln:powIIPId>0be630fb-6221-441d-ae7e-a47db756834b</sln:powIIPId><sln:powIIPPn>PL.PZGIK.200</sln:powIIPPn><sln:powIIPWersja>2012-09-27T08:13:53+02:00</sln:powIIPWersja><sln:powIdTeryt>1427</sln:powIdTeryt><sln:powNazwa>sierpecki</sln:powNazwa><sln:waznyOd>2014-05-07T00:00:00+02:00</sln:waznyOd><sln:wojIIPId>4b6c492a-eb04-441d-a92a-f44359c06de7</sln:wojIIPId><sln:wojIIPPn>PL.PZGIK.200</sln:wojIIPPn><sln:wojIIPWersja>2012-09-27T13:45:13+02:00</sln:wojIIPWersja><sln:wojIdTeryt>14</sln:wojIdTeryt><sln:wojNazwa>mazowieckie</sln:wojNazwa></sln:miejscowosc><sln:miejscowosc><sln:cyklZyciaDo>2017-04-20T00:00:00+02:00</sln:cyklZyciaDo><sln:cyklZyciaOd>2016-01-08T00:00:00+01:00</sln:cyklZyciaOd><sln:gmIIPId>6589d809-550f-4b28-9619-aadce674c5e0</sln:gmIIPId><sln:gmIIPPn>PL.PZGIK.200</sln:gmIIPPn><sln:gmIIPWersja>2012-09-26T21:56:53+02:00</sln:gmIIPWersja><sln:gmIdTeryt>1427062</sln:gmIdTeryt><sln:gmNazwa>Szczutowo</sln:gmNazwa><sln:miejscIIPId>9aa932bc-a164-412b-aa14-84cbf8e9c2c0</sln:miejscIIPId><sln:miejscIIPPn>PL.PZGIK.200</sln:miejscIIPPn><sln:miejscIIPWersja>2016-11-24T11:21:29+02:00</sln:miejscIIPWersja><sln:miejscIdTeryt>0578348</sln:miejscIdTeryt><sln:miejscNazwa>Grabal</sln:miejscNazwa><sln:miejscRodzaj>Wieś</sln:miejscRodzaj><sln:powIIPId>0be630fb-6221-441d-ae7e-a47db756834b</sln:powIIPId><sln:powIIPPn>PL.PZGIK.200</sln:powIIPPn><sln:powIIPWersja>2012-09-27T08:13:53+02:00</sln:powIIPWersja><sln:powIdTeryt>1427</sln:powIdTeryt><sln:powNazwa>sierpecki</sln:powNazwa><sln:waznyOd>2014-05-07T00:00:00+02:00</sln:waznyOd><sln:wojIIPId>4b6c492a-eb04-441d-a92a-f44359c06de7</sln:wojIIPId><sln:wojIIPPn>PL.PZGIK.200</sln:wojIIPPn><sln:wojIIPWersja>2012-09-27T13:45:13+02:00</sln:wojIIPWersja><sln:wojIdTeryt>14</sln:wojIdTeryt><sln:wojNazwa>mazowieckie</sln:wojNazwa></sln:miejscowosc><sln:miejscowosc><sln:cyklZyciaDo>2017-04-20T00:00:00+02:00</sln:cyklZyciaDo><sln:cyklZyciaOd>2016-01-08T00:00:00+01:00</sln:cyklZyciaOd><sln:gmIIPId>6589d809-550f-4b28-9619-aadce674c5e0</sln:gmIIPId><sln:gmIIPPn>PL.PZGIK.200</sln:gmIIPPn><sln:gmIIPWersja>2012-09-26T21:56:53+02:00</sln:gmIIPWersja><sln:gmIdTeryt>1427062</sln:gmIdTeryt><sln:gmNazwa>Szczutowo</sln:gmNazwa><sln:miejscIIPId>654d30c6-9e5f-42a0-8c3f-a83ade3ab4d9</sln:miejscIIPId><sln:miejscIIPPn>PL.PZGIK.200</sln:miejscIIPPn><sln:miejscIIPWersja>2016-11-24T11:21:29+02:00</sln:miejscIIPWersja><sln:miejscIdTeryt>0578377</sln:miejscIdTeryt><sln:miejscNazwa>Grądy</sln:miejscNazwa><sln:miejscRodzaj>Wieś</sln:miejscRodzaj><sln:powIIPId>0be630fb-6221-441d-ae7e-a47db756834b</sln:powIIPId><sln:powIIPPn>PL.PZGIK.200</sln:powIIPPn><sln:powIIPWersja>2012-09-27T08:13:53+02:00</sln:powIIPWersja><sln:powIdTeryt>1427</sln:powIdTeryt><sln:powNazwa>sierpecki</sln:powNazwa><sln:waznyOd>2014-05-07T00:00:00+02:00</sln:waznyOd><sln:wojIIPId>4b6c492a-eb04-441d-a92a-f44359c06de7</sln:wojIIPId><sln:wojIIPPn>PL.PZGIK.200</sln:wojIIPPn><sln:wojIIPWersja>2012-09-27T13:45:13+02:00</sln:wojIIPWersja><sln:wojIdTeryt>14</sln:wojIdTeryt><sln:wojNazwa>mazowieckie</sln:wojNazwa></sln:miejscowosc><sln:miejscowosc><sln:cyklZyciaDo>2017-04-20T00:00:00+02:00</sln:cyklZyciaDo><sln:cyklZyciaOd>2016-01-08T00:00:00+01:00</sln:cyklZyciaOd><sln:gmIIPId>6589d809-550f-4b28-9619-aadce674c5e0</sln:gmIIPId><sln:gmIIPPn>PL.PZGIK.200</sln:gmIIPPn><sln:gmIIPWersja>2012-09-26T21:56:53+02:00</sln:gmIIPWersja><sln:gmIdTeryt>1427062</sln:gmIdTeryt><sln:gmNazwa>Szczutowo</sln:gmNazwa><sln:miejscIIPId>851b740a-35b7-47b0-9171-8ece2c245be7</sln:miejscIIPId><sln:miejscIIPPn>PL.PZGIK.200</sln:miejscIIPPn><sln:miejscIIPWersja>2016-11-24T11:21:29+02:00</sln:miejscIIPWersja><sln:miejscIdTeryt>0578437</sln:miejscIdTeryt><sln:miejscNazwa>Karlewo</sln:miejscNazwa><sln:miejscRodzaj>Wieś</sln:miejscRodzaj><sln:powIIPId>0be630fb-6221-441d-ae7e-a47db756834b</sln:powIIPId><sln:powIIPPn>PL.PZGIK.200</sln:powIIPPn><sln:powIIPWersja>2012-09-27T08:13:53+02:00</sln:powIIPWersja><sln:powIdTeryt>1427</sln:powIdTeryt><sln:powNazwa>sierpecki</sln:powNazwa><sln:waznyOd>2014-05-07T00:00:00+02:00</sln:waznyOd><sln:wojIIPId>4b6c492a-eb04-441d-a92a-f44359c06de7</sln:wojIIPId><sln:wojIIPPn>PL.PZGIK.200</sln:wojIIPPn><sln:wojIIPWersja>2012-09-27T13:45:13+02:00</sln:wojIIPWersja><sln:wojIdTeryt>14</sln:wojIdTeryt><sln:wojNazwa>mazowieckie</sln:wojNazwa></sln:miejscowosc><sln:miejscowosc><sln:cyklZyciaDo>2017-04-20T00:00:00+02:00</sln:cyklZyciaDo><sln:cyklZyciaOd>2016-01-08T00:00:00+01:00</sln:cyklZyciaOd><sln:gmIIPId>6589d809-550f-4b28-9619-aadce674c5e0</sln:gmIIPId><sln:gmIIPPn>PL.PZGIK.200</sln:gmIIPPn><sln:gmIIPWersja>2012-09-26T21:56:53+02:00</sln:gmIIPWersja><sln:gmIdTeryt>1427062</sln:gmIdTeryt><sln:gmNazwa>Szczutowo</sln:gmNazwa><sln:miejscIIPId>3e061fcf-0058-4331-91c3-c0d854e73f13</sln:miejscIIPId><sln:miejscIIPPn>PL.PZGIK.200</sln:miejscIIPPn><sln:miejscIIPWersja>2016-11-24T11:21:29+02:00</sln:miejscIIPWersja><sln:miejscIdTeryt>0578450</sln:miejscIdTeryt><sln:miejscNazwa>Łazy</sln:miejscNazwa><sln:miejscRodzaj>Wieś</sln:miejscRodzaj><sln:powIIPId>0be630fb-6221-441d-ae7e-a47db756834b</sln:powIIPId><sln:powIIPPn>PL.PZGIK.200</sln:powIIPPn><sln:powIIPWersja>2012-09-27T08:13:53+02:00</sln:powIIPWersja><sln:powIdTeryt>1427</sln:powIdTeryt><sln:powNazwa>sierpecki</sln:powNazwa><sln:waznyOd>2014-05-07T00:00:00+02:00</sln:waznyOd><sln:wojIIPId>4b6c492a-eb04-441d-a92a-f44359c06de7</sln:wojIIPId><sln:wojIIPPn>PL.PZGIK.200</sln:wojIIPPn><sln:wojIIPWersja>2012-09-27T13:45:13+02:00</sln:wojIIPWersja><sln:wojIdTeryt>14</sln:wojIdTeryt><sln:wojNazwa>mazowieckie</sln:wojNazwa></sln:miejscowosc><sln:miejscowosc><sln:cyklZyciaDo>2017-04-20T00:00:00+02:00</sln:cyklZyciaDo><sln:cyklZyciaOd>2016-01-08T00:00:00+01:00</sln:cyklZyciaOd><sln:gmIIPId>6589d809-550f-4b28-9619-aadce674c5e0</sln:gmIIPId><sln:gmIIPPn>PL.PZGIK.200</sln:gmIIPPn><sln:gmIIPWersja>2012-09-26T21:56:53+02:00</sln:gmIIPWersja><sln:gmIdTeryt>1427062</sln:gmIdTeryt><sln:gmNazwa>Szczutowo</sln:gmNazwa><sln:miejscIIPId>779326ec-beca-445b-a104-d9e924927bfb</sln:miejscIIPId><sln:miejscIIPPn>PL.PZGIK.200</sln:miejscIIPPn><sln:miejscIIPWersja>2016-11-24T11:21:29+02:00</sln:miejscIIPWersja><sln:miejscIdTeryt>0578466</sln:miejscIdTeryt><sln:miejscNazwa>Maluszyn</sln:miejscNazwa><sln:miejscRodzaj>Wieś</sln:miejscRodzaj><sln:powIIPId>0be630fb-6221-441d-ae7e-a47db756834b</sln:powIIPId><sln:powIIPPn>PL.PZGIK.200</sln:powIIPPn><sln:powIIPWersja>2012-09-27T08:13:53+02:00</sln:powIIPWersja><sln:powIdTeryt>1427</sln:powIdTeryt><sln:powNazwa>sierpecki</sln:powNazwa><sln:waznyOd>2014-05-07T00:00:00+02:00</sln:waznyOd><sln:wojIIPId>4b6c492a-eb04-441d-a92a-f44359c06de7</sln:wojIIPId><sln:wojIIPPn>PL.PZGIK.200</sln:wojIIPPn><sln:wojIIPWersja>2012-09-27T13:45:13+02:00</sln:wojIIPWersja><sln:wojIdTeryt>14</sln:wojIdTeryt><sln:wojNazwa>mazowieckie</sln:wojNazwa></sln:miejscowosc><sln:miejscowosc><sln:cyklZyciaDo>2017-04-20T00:00:00+02:00</sln:cyklZyciaDo><sln:cyklZyciaOd>2016-01-08T00:00:00+01:00</sln:cyklZyciaOd><sln:gmIIPId>6589d809-550f-4b28-9619-aadce674c5e0</sln:gmIIPId><sln:gmIIPPn>PL.PZGIK.200</sln:gmIIPPn><sln:gmIIPWersja>2012-09-26T21:56:53+02:00</sln:gmIIPWersja><sln:gmIdTeryt>1427062</sln:gmIdTeryt><sln:gmNazwa>Szczutowo</sln:gmNazwa><sln:miejscIIPId>d6872284-d672-47fe-b307-7e4c34898dfc</sln:miejscIIPId><sln:miejscIIPPn>PL.PZGIK.200</sln:miejscIIPPn><sln:miejscIIPWersja>2016-11-24T11:21:29+02:00</sln:miejscIIPWersja><sln:miejscIdTeryt>0578472</sln:miejscIdTeryt><sln:miejscNazwa>Mierzęcin</sln:miejscNazwa><sln:miejscRodzaj>Wieś</sln:miejscRodzaj><sln:powIIPId>0be630fb-6221-441d-ae7e-a47db756834b</sln:powIIPId><sln:powIIPPn>PL.PZGIK.200</sln:powIIPPn><sln:powIIPWersja>2012-09-27T08:13:53+02:00</sln:powIIPWersja><sln:powIdTeryt>1427</sln:powIdTeryt><sln:powNazwa>sierpecki</sln:powNazwa><sln:waznyOd>2014-05-07T00:00:00+02:00</sln:waznyOd><sln:wojIIPId>4b6c492a-eb04-441d-a92a-f44359c06de7</sln:wojIIPId><sln:wojIIPPn>PL.PZGIK.200</sln:wojIIPPn><sln:wojIIPWersja>2012-09-27T13:45:13+02:00</sln:wojIIPWersja><sln:wojIdTeryt>14</sln:wojIdTeryt><sln:wojNazwa>mazowieckie</sln:wojNazwa></sln:miejscowosc><sln:miejscowosc><sln:cyklZyciaDo>2017-04-20T00:00:00+02:00</sln:cyklZyciaDo><sln:cyklZyciaOd>2016-01-08T00:00:00+01:00</sln:cyklZyciaOd><sln:gmIIPId>6589d809-550f-4b28-9619-aadce674c5e0</sln:gmIIPId><sln:gmIIPPn>PL.PZGIK.200</sln:gmIIPPn><sln:gmIIPWersja>2012-09-26T21:56:53+02:00</sln:gmIIPWersja><sln:gmIdTeryt>1427062</sln:gmIdTeryt><sln:gmNazwa>Szczutowo</sln:gmNazwa><sln:miejscIIPId>6c4063af-44c5-447d-8a31-f2158a7d6240</sln:miejscIIPId><sln:miejscIIPPn>PL.PZGIK.200</sln:miejscIIPPn><sln:miejscIIPWersja>2016-11-24T11:21:29+02:00</sln:miejscIIPWersja><sln:miejscIdTeryt>0578503</sln:miejscIdTeryt><sln:miejscNazwa>Modrzewie</sln:miejscNazwa><sln:miejscRodzaj>Wieś</sln:miejscRodzaj><sln:powIIPId>0be630fb-6221-441d-ae7e-a47db756834b</sln:powIIPId><sln:powIIPPn>PL.PZGIK.200</sln:powIIPPn><sln:powIIPWersja>2012-09-27T08:13:53+02:00</sln:powIIPWersja><sln:powIdTeryt>1427</sln:powIdTeryt><sln:powNazwa>sierpecki</sln:powNazwa><sln:waznyOd>2014-05-07T00:00:00+02:00</sln:waznyOd><sln:wojIIPId>4b6c492a-eb04-441d-a92a-f44359c06de7</sln:wojIIPId><sln:wojIIPPn>PL.PZGIK.200</sln:wojIIPPn><sln:wojIIPWersja>2012-09-27T13:45:13+02:00</sln:wojIIPWersja><sln:wojIdTeryt>14</sln:wojIdTeryt><sln:wojNazwa>mazowieckie</sln:wojNazwa></sln:miejscowosc><sln:miejscowosc><sln:cyklZyciaDo>2017-04-20T00:00:00+02:00</sln:cyklZyciaDo><sln:cyklZyciaOd>2016-01-08T00:00:00+01:00</sln:cyklZyciaOd><sln:gmIIPId>6589d809-550f-4b28-9619-aadce674c5e0</sln:gmIIPId><sln:gmIIPPn>PL.PZGIK.200</sln:gmIIPPn><sln:gmIIPWersja>2012-09-26T21:56:53+02:00</sln:gmIIPWersja><sln:gmIdTeryt>1427062</sln:gmIdTeryt><sln:gmNazwa>Szczutowo</sln:gmNazwa><sln:miejscIIPId>5ce16d85-f658-474a-a8b8-4868d44059a4</sln:miejscIIPId><sln:miejscIIPPn>PL.PZGIK.200</sln:miejscIIPPn><sln:miejscIIPWersja>2016-11-24T11:21:29+02:00</sln:miejscIIPWersja><sln:miejscIdTeryt>0578510</sln:miejscIdTeryt><sln:miejscNazwa>Mościska</sln:miejscNazwa><sln:miejscRodzaj>Wieś</sln:miejscRodzaj><sln:powIIPId>0be630fb-6221-441d-ae7e-a47db756834b</sln:powIIPId><sln:powIIPPn>PL.PZGIK.200</sln:powIIPPn><sln:powIIPWersja>2012-09-27T08:13:53+02:00</sln:powIIPWersja><sln:powIdTeryt>1427</sln:powIdTeryt><sln:powNazwa>sierpecki</sln:powNazwa><sln:waznyOd>2014-05-07T00:00:00+02:00</sln:waznyOd><sln:wojIIPId>4b6c492a-eb04-441d-a92a-f44359c06de7</sln:wojIIPId><sln:wojIIPPn>PL.PZGIK.200</sln:wojIIPPn><sln:wojIIPWersja>2012-09-27T13:45:13+02:00</sln:wojIIPWersja><sln:wojIdTeryt>14</sln:wojIdTeryt><sln:wojNazwa>mazowieckie</sln:wojNazwa></sln:miejscowosc><sln:miejscowosc><sln:cyklZyciaDo>2017-04-20T00:00:00+02:00</sln:cyklZyciaDo><sln:cyklZyciaOd>2016-01-08T00:00:00+01:00</sln:cyklZyciaOd><sln:gmIIPId>6589d809-550f-4b28-9619-aadce674c5e0</sln:gmIIPId><sln:gmIIPPn>PL.PZGIK.200</sln:gmIIPPn><sln:gmIIPWersja>2012-09-26T21:56:53+02:00</sln:gmIIPWersja><sln:gmIdTeryt>1427062</sln:gmIdTeryt><sln:gmNazwa>Szczutowo</sln:gmNazwa><sln:miejscIIPId>f8ce027b-e332-45a4-8831-7e7daed5d92b</sln:miejscIIPId><sln:miejscIIPPn>PL.PZGIK.200</sln:miejscIIPPn><sln:miejscIIPWersja>2016-11-24T11:21:29+02:00</sln:miejscIIPWersja><sln:miejscIdTeryt>0578549</sln:miejscIdTeryt><sln:miejscNazwa>Podlesie</sln:miejscNazwa><sln:miejscRodzaj>Wieś</sln:miejscRodzaj><sln:powIIPId>0be630fb-6221-441d-ae7e-a47db756834b</sln:powIIPId><sln:powIIPPn>PL.PZGIK.200</sln:powIIPPn><sln:powIIPWersja>2012-09-27T08:13:53+02:00</sln:powIIPWersja><sln:powIdTeryt>1427</sln:powIdTeryt><sln:powNazwa>sierpecki</sln:powNazwa><sln:waznyOd>2014-05-07T00:00:00+02:00</sln:waznyOd><sln:wojIIPId>4b6c492a-eb04-441d-a92a-f44359c06de7</sln:wojIIPId><sln:wojIIPPn>PL.PZGIK.200</sln:wojIIPPn><sln:wojIIPWersja>2012-09-27T13:45:13+02:00</sln:wojIIPWersja><sln:wojIdTeryt>14</sln:wojIdTeryt><sln:wojNazwa>mazowieckie</sln:wojNazwa></sln:miejscowosc><sln:miejscowosc><sln:cyklZyciaDo>2017-04-20T00:00:00+02:00</sln:cyklZyciaDo><sln:cyklZyciaOd>2016-01-08T00:00:00+01:00</sln:cyklZyciaOd><sln:gmIIPId>6589d809-550f-4b28-9619-aadce674c5e0</sln:gmIIPId><sln:gmIIPPn>PL.PZGIK.200</sln:gmIIPPn><sln:gmIIPWersja>2012-09-26T21:56:53+02:00</sln:gmIIPWersja><sln:gmIdTeryt>1427062</sln:gmIdTeryt><sln:gmNazwa>Szczutowo</sln:gmNazwa><sln:miejscIIPId>cf218bca-de26-4342-b4c5-54216a833167</sln:miejscIIPId><sln:miejscIIPPn>PL.PZGIK.200</sln:miejscIIPPn><sln:miejscIIPWersja>2016-11-24T11:21:29+02:00</sln:miejscIIPWersja><sln:miejscIdTeryt>0578555</sln:miejscIdTeryt><sln:miejscNazwa>Słupia</sln:miejscNazwa><sln:miejscRodzaj>Wieś</sln:miejscRodzaj><sln:powIIPId>0be630fb-6221-441d-ae7e-a47db756834b</sln:powIIPId><sln:powIIPPn>PL.PZGIK.200</sln:powIIPPn><sln:powIIPWersja>2012-09-27T08:13:53+02:00</sln:powIIPWersja><sln:powIdTeryt>1427</sln:powIdTeryt><sln:powNazwa>sierpecki</sln:powNazwa><sln:waznyOd>2014-05-07T00:00:00+02:00</sln:waznyOd><sln:wojIIPId>4b6c492a-eb04-441d-a92a-f44359c06de7</sln:wojIIPId><sln:wojIIPPn>PL.PZGIK.200</sln:wojIIPPn><sln:wojIIPWersja>2012-09-27T13:45:13+02:00</sln:wojIIPWersja><sln:wojIdTeryt>14</sln:wojIdTeryt><sln:wojNazwa>mazowieckie</sln:wojNazwa></sln:miejscowosc><sln:miejscowosc><sln:cyklZyciaDo>2017-04-20T00:00:00+02:00</sln:cyklZyciaDo><sln:cyklZyciaOd>2016-01-08T00:00:00+01:00</sln:cyklZyciaOd><sln:gmIIPId>6589d809-550f-4b28-9619-aadce674c5e0</sln:gmIIPId><sln:gmIIPPn>PL.PZGIK.200</sln:gmIIPPn><sln:gmIIPWersja>2012-09-26T21:56:53+02:00</sln:gmIIPWersja><sln:gmIdTeryt>1427062</sln:gmIdTeryt><sln:gmNazwa>Szczutowo</sln:gmNazwa><sln:miejscIIPId>739996e7-1274-4927-89a9-4f7d537ee18a</sln:miejscIIPId><sln:miejscIIPPn>PL.PZGIK.200</sln:miejscIIPPn><sln:miejscIIPWersja>2016-11-24T11:21:29+02:00</sln:miejscIIPWersja><sln:miejscIdTeryt>0578561</sln:miejscIdTeryt><sln:miejscNazwa>Stara Wola</sln:miejscNazwa><sln:miejscRodzaj>Wieś</sln:miejscRodzaj><sln:powIIPId>0be630fb-6221-441d-ae7e-a47db756834b</sln:powIIPId><sln:powIIPPn>PL.PZGIK.200</sln:powIIPPn><sln:powIIPWersja>2012-09-27T08:13:53+02:00</sln:powIIPWersja><sln:powIdTeryt>1427</sln:powIdTeryt><sln:powNazwa>sierpecki</sln:powNazwa><sln:waznyOd>2014-05-07T00:00:00+02:00</sln:waznyOd><sln:wojIIPId>4b6c492a-eb04-441d-a92a-f44359c06de7</sln:wojIIPId><sln:wojIIPPn>PL.PZGIK.200</sln:wojIIPPn><sln:wojIIPWersja>2012-09-27T13:45:13+02:00</sln:wojIIPWersja><sln:wojIdTeryt>14</sln:wojIdTeryt><sln:wojNazwa>mazowieckie</sln:wojNazwa></sln:miejscowosc><sln:miejscowosc><sln:cyklZyciaDo>2017-04-20T00:00:00+02:00</sln:cyklZyciaDo><sln:cyklZyciaOd>2016-01-08T00:00:00+01:00</sln:cyklZyciaOd><sln:gmIIPId>6589d809-550f-4b28-9619-aadce674c5e0</sln:gmIIPId><sln:gmIIPPn>PL.PZGIK.200</sln:gmIIPPn><sln:gmIIPWersja>2012-09-26T21:56:53+02:00</sln:gmIIPWersja><sln:gmIdTeryt>1427062</sln:gmIdTeryt><sln:gmNazwa>Szczutowo</sln:gmNazwa><sln:miejscIIPId>138ddfa7-7b30-4575-9cf9-25557ae6b790</sln:miejscIIPId><sln:miejscIIPPn>PL.PZGIK.200</sln:miejscIIPPn><sln:miejscIIPWersja>2016-11-24T11:21:29+02:00</sln:miejscIIPWersja><sln:miejscIdTeryt>0578578</sln:miejscIdTeryt><sln:miejscNazwa>Szczechowo</sln:miejscNazwa><sln:miejscRodzaj>Wieś</sln:miejscRodzaj><sln:powIIPId>0be630fb-6221-441d-ae7e-a47db756834b</sln:powIIPId><sln:powIIPPn>PL.PZGIK.200</sln:powIIPPn><sln:powIIPWersja>2012-09-27T08:13:53+02:00</sln:powIIPWersja><sln:powIdTeryt>1427</sln:powIdTeryt><sln:powNazwa>sierpecki</sln:powNazwa><sln:waznyOd>2014-05-07T00:00:00+02:00</sln:waznyOd><sln:wojIIPId>4b6c492a-eb04-441d-a92a-f44359c06de7</sln:wojIIPId><sln:wojIIPPn>PL.PZGIK.200</sln:wojIIPPn><sln:wojIIPWersja>2012-09-27T13:45:13+02:00</sln:wojIIPWersja><sln:wojIdTeryt>14</sln:wojIdTeryt><sln:wojNazwa>mazowieckie</sln:wojNazwa></sln:miejscowosc><sln:miejscowosc><sln:cyklZyciaDo>2017-04-20T00:00:00+02:00</sln:cyklZyciaDo><sln:cyklZyciaOd>2016-01-08T00:00:00+01:00</sln:cyklZyciaOd><sln:gmIIPId>6589d809-550f-4b28-9619-aadce674c5e0</sln:gmIIPId><sln:gmIIPPn>PL.PZGIK.200</sln:gmIIPPn><sln:gmIIPWersja>2012-09-26T21:56:53+02:00</sln:gmIIPWersja><sln:gmIdTeryt>1427062</sln:gmIdTeryt><sln:gmNazwa>Szczutowo</sln:gmNazwa><sln:miejscIIPId>90d1b8b2-91cb-4877-8eec-763f36ab9021</sln:miejscIIPId><sln:miejscIIPPn>PL.PZGIK.200</sln:miejscIIPPn><sln:miejscIIPWersja>2016-11-24T11:21:29+02:00</sln:miejscIIPWersja><sln:miejscIdTeryt>0578584</sln:miejscIdTeryt><sln:miejscNazwa>Szczutowo</sln:miejscNazwa><sln:miejscRodzaj>Wieś</sln:miejscRodzaj><sln:powIIPId>0be630fb-6221-441d-ae7e-a47db756834b</sln:powIIPId><sln:powIIPPn>PL.PZGIK.200</sln:powIIPPn><sln:powIIPWersja>2012-09-27T08:13:53+02:00</sln:powIIPWersja><sln:powIdTeryt>1427</sln:powIdTeryt><sln:powNazwa>sierpecki</sln:powNazwa><sln:waznyOd>2014-05-07T00:00:00+02:00</sln:waznyOd><sln:wojIIPId>4b6c492a-eb04-441d-a92a-f44359c06de7</sln:wojIIPId><sln:wojIIPPn>PL.PZGIK.200</sln:wojIIPPn><sln:wojIIPWersja>2012-09-27T13:45:13+02:00</sln:wojIIPWersja><sln:wojIdTeryt>14</sln:wojIdTeryt><sln:wojNazwa>mazowieckie</sln:wojNazwa></sln:miejscowosc><sln:miejscowosc><sln:cyklZyciaDo>2017-04-20T00:00:00+02:00</sln:cyklZyciaDo><sln:cyklZyciaOd>2016-01-08T00:00:00+01:00</sln:cyklZyciaOd><sln:gmIIPId>6589d809-550f-4b28-9619-aadce674c5e0</sln:gmIIPId><sln:gmIIPPn>PL.PZGIK.200</sln:gmIIPPn><sln:gmIIPWersja>2012-09-26T21:56:53+02:00</sln:gmIIPWersja><sln:gmIdTeryt>1427062</sln:gmIdTeryt><sln:gmNazwa>Szczutowo</sln:gmNazwa><sln:miejscIIPId>1db5825c-7f7e-4dec-af41-92e61345825f</sln:miejscIIPId><sln:miejscIIPPn>PL.PZGIK.200</sln:miejscIIPPn><sln:miejscIIPWersja>2016-11-24T11:21:29+02:00</sln:miejscIIPWersja><sln:miejscIdTeryt>0578390</sln:miejscIdTeryt><sln:miejscNazwa>Gugoły</sln:miejscNazwa><sln:miejscRodzaj>Wieś</sln:miejscRodzaj><sln:powIIPId>0be630fb-6221-441d-ae7e-a47db756834b</sln:powIIPId><sln:powIIPPn>PL.PZGIK.200</sln:powIIPPn><sln:powIIPWersja>2012-09-27T08:13:53+02:00</sln:powIIPWersja><sln:powIdTeryt>1427</sln:powIdTeryt><sln:powNazwa>sierpecki</sln:powNazwa><sln:waznyOd>2014-05-07T00:00:00+02:00</sln:waznyOd><sln:wojIIPId>4b6c492a-eb04-441d-a92a-f44359c06de7</sln:wojIIPId><sln:wojIIPPn>PL.PZGIK.200</sln:wojIIPPn><sln:wojIIPWersja>2012-09-27T13:45:13+02:00</sln:wojIIPWersja><sln:wojIdTeryt>14</sln:wojIdTeryt><sln:wojNazwa>mazowieckie</sln:wojNazwa></sln:miejscowosc><sln:miejscowosc><sln:cyklZyciaDo>2017-04-20T00:00:00+02:00</sln:cyklZyciaDo><sln:cyklZyciaOd>2016-01-08T00:00:00+01:00</sln:cyklZyciaOd><sln:gmIIPId>6589d809-550f-4b28-9619-aadce674c5e0</sln:gmIIPId><sln:gmIIPPn>PL.PZGIK.200</sln:gmIIPPn><sln:gmIIPWersja>2012-09-26T21:56:53+02:00</sln:gmIIPWersja><sln:gmIdTeryt>1427062</sln:gmIdTeryt><sln:gmNazwa>Szczutowo</sln:gmNazwa><sln:miejscIIPId>020053e6-831d-40fd-a838-3d7ceb80687f</sln:miejscIIPId><sln:miejscIIPPn>PL.PZGIK.200</sln:miejscIIPPn><sln:miejscIIPWersja>2016-11-24T11:21:29+02:00</sln:miejscIIPWersja><sln:miejscIdTeryt>0578408</sln:miejscIdTeryt><sln:miejscNazwa>Jaźwiny</sln:miejscNazwa><sln:miejscRodzaj>Wieś</sln:miejscRodzaj><sln:powIIPId>0be630fb-6221-441d-ae7e-a47db756834b</sln:powIIPId><sln:powIIPPn>PL.PZGIK.200</sln:powIIPPn><sln:powIIPWersja>2012-09-27T08:13:53+02:00</sln:powIIPWersja><sln:powIdTeryt>1427</sln:powIdTeryt><sln:powNazwa>sierpecki</sln:powNazwa><sln:waznyOd>2014-05-07T00:00:00+02:00</sln:waznyOd><sln:wojIIPId>4b6c492a-eb04-441d-a92a-f44359c06de7</sln:wojIIPId><sln:wojIIPPn>PL.PZGIK.200</sln:wojIIPPn><sln:wojIIPWersja>2012-09-27T13:45:13+02:00</sln:wojIIPWersja><sln:wojIdTeryt>14</sln:wojIdTeryt><sln:wojNazwa>mazowieckie</sln:wojNazwa></sln:miejscowosc><sln:miejscowosc><sln:cyklZyciaDo>2017-04-20T00:00:00+02:00</sln:cyklZyciaDo><sln:cyklZyciaOd>2016-01-08T00:00:00+01:00</sln:cyklZyciaOd><sln:gmIIPId>6589d809-550f-4b28-9619-aadce674c5e0</sln:gmIIPId><sln:gmIIPPn>PL.PZGIK.200</sln:gmIIPPn><sln:gmIIPWersja>2012-09-26T21:56:53+02:00</sln:gmIIPWersja><sln:gmIdTeryt>1427062</sln:gmIdTeryt><sln:gmNazwa>Szczutowo</sln:gmNazwa><sln:miejscIIPId>f51e7ceb-bc08-4c32-8fe5-dbd205cb144d</sln:miejscIIPId><sln:miejscIIPPn>PL.PZGIK.200</sln:miejscIIPPn><sln:miejscIIPWersja>2016-11-24T11:21:29+02:00</sln:miejscIIPWersja><sln:miejscIdTeryt>0578414</sln:miejscIdTeryt><sln:miejscNazwa>Józefowo</sln:miejscNazwa><sln:miejscRodzaj>Wieś</sln:miejscRodzaj><sln:powIIPId>0be630fb-6221-441d-ae7e-a47db756834b</sln:powIIPId><sln:powIIPPn>PL.PZGIK.200</sln:powIIPPn><sln:powIIPWersja>2012-09-27T08:13:53+02:00</sln:powIIPWersja><sln:powIdTeryt>1427</sln:powIdTeryt><sln:powNazwa>sierpecki</sln:powNazwa><sln:waznyOd>2014-05-07T00:00:00+02:00</sln:waznyOd><sln:wojIIPId>4b6c492a-eb04-441d-a92a-f44359c06de7</sln:wojIIPId><sln:wojIIPPn>PL.PZGIK.200</sln:wojIIPPn><sln:wojIIPWersja>2012-09-27T13:45:13+02:00</sln:wojIIPWersja><sln:wojIdTeryt>14</sln:wojIdTeryt><sln:wojNazwa>mazowieckie</sln:wojNazwa></sln:miejscowosc><sln:miejscowosc><sln:cyklZyciaOd>2017-04-20T00:00:00+02:00</sln:cyklZyciaOd><sln:gmIIPId>6589d809-550f-4b28-9619-aadce674c5e0</sln:gmIIPId><sln:gmIIPPn>PL.PZGIK.200</sln:gmIIPPn><sln:gmIIPWersja>2012-09-26T21:56:53+02:00</sln:gmIIPWersja><sln:gmIdTeryt>1427062</sln:gmIdTeryt><sln:gmNazwa>Szczutowo</sln:gmNazwa><sln:miejscIIPId>96bae343-185d-48e0-948e-7a182524ba77</sln:miejscIIPId><sln:miejscIIPPn>PL.PZGIK.200</sln:miejscIIPPn><sln:miejscIIPWersja>2017-04-20T13:35:02+02:00</sln:miejscIIPWersja><sln:miejscIdTeryt>0578213</sln:miejscIdTeryt><sln:miejscNazwa>Agnieszkowo</sln:miejscNazwa><sln:miejscRodzaj>Wieś</sln:miejscRodzaj><sln:powIIPId>0be630fb-6221-441d-ae7e-a47db756834b</sln:powIIPId><sln:powIIPPn>PL.PZGIK.200</sln:powIIPPn><sln:powIIPWersja>2012-09-27T08:13:53+02:00</sln:powIIPWersja><sln:powIdTeryt>1427</sln:powIdTeryt><sln:powNazwa>sierpecki</sln:powNazwa><sln:waznyOd>2014-05-07T00:00:00+02:00</sln:waznyOd><sln:wojIIPId>4b6c492a-eb04-441d-a92a-f44359c06de7</sln:wojIIPId><sln:wojIIPPn>PL.PZGIK.200</sln:wojIIPPn><sln:wojIIPWersja>2012-09-27T13:45:13+02:00</sln:wojIIPWersja><sln:wojIdTeryt>14</sln:wojIdTeryt><sln:wojNazwa>mazowieckie</sln:wojNazwa></sln:miejscowosc><sln:miejscowosc><sln:cyklZyciaOd>2017-04-20T00:00:00+02:00</sln:cyklZyciaOd><sln:gmIIPId>6589d809-550f-4b28-9619-aadce674c5e0</sln:gmIIPId><sln:gmIIPPn>PL.PZGIK.200</sln:gmIIPPn><sln:gmIIPWersja>2012-09-26T21:56:53+02:00</sln:gmIIPWersja><sln:gmIdTeryt>1427062</sln:gmIdTeryt><sln:gmNazwa>Szczutowo</sln:gmNazwa><sln:miejscIIPId>2b0e9db1-1196-4578-98d5-685a2c4174d8</sln:miejscIIPId><sln:miejscIIPPn>PL.PZGIK.200</sln:miejscIIPPn><sln:miejscIIPWersja>2017-04-20T13:35:09+02:00</sln:miejscIIPWersja><sln:miejscIdTeryt>0578242</sln:miejscIdTeryt><sln:miejscNazwa>Białasy</sln:miejscNazwa><sln:miejscRodzaj>Wieś</sln:miejscRodzaj><sln:powIIPId>0be630fb-6221-441d-ae7e-a47db756834b</sln:powIIPId><sln:powIIPPn>PL.PZGIK.200</sln:powIIPPn><sln:powIIPWersja>2012-09-27T08:13:53+02:00</sln:powIIPWersja><sln:powIdTeryt>1427</sln:powIdTeryt><sln:powNazwa>sierpecki</sln:powNazwa><sln:waznyOd>2014-05-07T00:00:00+02:00</sln:waznyOd><sln:wojIIPId>4b6c492a-eb04-441d-a92a-f44359c06de7</sln:wojIIPId><sln:wojIIPPn>PL.PZGIK.200</sln:wojIIPPn><sln:wojIIPWersja>2012-09-27T13:45:13+02:00</sln:wojIIPWersja><sln:wojIdTeryt>14</sln:wojIdTeryt><sln:wojNazwa>mazowieckie</sln:wojNazwa></sln:miejscowosc><sln:miejscowosc><sln:cyklZyciaOd>2017-04-20T00:00:00+02:00</sln:cyklZyciaOd><sln:gmIIPId>6589d809-550f-4b28-9619-aadce674c5e0</sln:gmIIPId><sln:gmIIPPn>PL.PZGIK.200</sln:gmIIPPn><sln:gmIIPWersja>2012-09-26T21:56:53+02:00</sln:gmIIPWersja><sln:gmIdTeryt>1427062</sln:gmIdTeryt><sln:gmNazwa>Szczutowo</sln:gmNazwa><sln:miejscIIPId>39824a4d-54a9-41ef-b6d7-21ce4538f5cc</sln:miejscIIPId><sln:miejscIIPPn>PL.PZGIK.200</sln:miejscIIPPn><sln:miejscIIPWersja>2017-04-20T13:35:09+02:00</sln:miejscIIPWersja><sln:miejscIdTeryt>0578259</sln:miejscIdTeryt><sln:miejscNazwa>Blinno</sln:miejscNazwa><sln:miejscRodzaj>Wieś</sln:miejscRodzaj><sln:powIIPId>0be630fb-6221-441d-ae7e-a47db756834b</sln:powIIPId><sln:powIIPPn>PL.PZGIK.200</sln:powIIPPn><sln:powIIPWersja>2012-09-27T08:13:53+02:00</sln:powIIPWersja><sln:powIdTeryt>1427</sln:powIdTeryt><sln:powNazwa>sierpecki</sln:powNazwa><sln:waznyOd>2014-05-07T00:00:00+02:00</sln:waznyOd><sln:wojIIPId>4b6c492a-eb04-441d-a92a-f44359c06de7</sln:wojIIPId><sln:wojIIPPn>PL.PZGIK.200</sln:wojIIPPn><sln:wojIIPWersja>2012-09-27T13:45:13+02:00</sln:wojIIPWersja><sln:wojIdTeryt>14</sln:wojIdTeryt><sln:wojNazwa>mazowieckie</sln:wojNazwa></sln:miejscowosc><sln:miejscowosc><sln:cyklZyciaOd>2017-04-20T00:00:00+02:00</sln:cyklZyciaOd><sln:gmIIPId>6589d809-550f-4b28-9619-aadce674c5e0</sln:gmIIPId><sln:gmIIPPn>PL.PZGIK.200</sln:gmIIPPn><sln:gmIIPWersja>2012-09-26T21:56:53+02:00</sln:gmIIPWersja><sln:gmIdTeryt>1427062</sln:gmIdTeryt><sln:gmNazwa>Szczutowo</sln:gmNazwa><sln:miejscIIPId>4c5109b0-bd8a-4009-aa9b-4c8d97f0e48e</sln:miejscIIPId><sln:miejscIIPPn>PL.PZGIK.200</sln:miejscIIPPn><sln:miejscIIPWersja>2017-04-20T13:35:09+02:00</sln:miejscIIPWersja><sln:miejscIdTeryt>0578265</sln:miejscIdTeryt><sln:miejscNazwa>Blizno</sln:miejscNazwa><sln:miejscRodzaj>Wieś</sln:miejscRodzaj><sln:powIIPId>0be630fb-6221-441d-ae7e-a47db756834b</sln:powIIPId><sln:powIIPPn>PL.PZGIK.200</sln:powIIPPn><sln:powIIPWersja>2012-09-27T08:13:53+02:00</sln:powIIPWersja><sln:powIdTeryt>1427</sln:powIdTeryt><sln:powNazwa>sierpecki</sln:powNazwa><sln:waznyOd>2014-05-07T00:00:00+02:00</sln:waznyOd><sln:wojIIPId>4b6c492a-eb04-441d-a92a-f44359c06de7</sln:wojIIPId><sln:wojIIPPn>PL.PZGIK.200</sln:wojIIPPn><sln:wojIIPWersja>2012-09-27T13:45:13+02:00</sln:wojIIPWersja><sln:wojIdTeryt>14</sln:wojIdTeryt><sln:wojNazwa>mazowieckie</sln:wojNazwa></sln:miejscowosc><sln:miejscowosc><sln:cyklZyciaOd>2017-04-20T00:00:00+02:00</sln:cyklZyciaOd><sln:gmIIPId>6589d809-550f-4b28-9619-aadce674c5e0</sln:gmIIPId><sln:gmIIPPn>PL.PZGIK.200</sln:gmIIPPn><sln:gmIIPWersja>2012-09-26T21:56:53+02:00</sln:gmIIPWersja><sln:gmIdTeryt>1427062</sln:gmIdTeryt><sln:gmNazwa>Szczutowo</sln:gmNazwa><sln:miejscIIPId>1c231639-17b9-4641-a5db-a4d88e9bf73a</sln:miejscIIPId><sln:miejscIIPPn>PL.PZGIK.200</sln:miejscIIPPn><sln:miejscIIPWersja>2017-04-20T13:35:09+02:00</sln:miejscIIPWersja><sln:miejscIdTeryt>0578271</sln:miejscIdTeryt><sln:miejscNazwa>Całownia</sln:miejscNazwa><sln:miejscRodzaj>Wieś</sln:miejscRodzaj><sln:powIIPId>0be630fb-6221-441d-ae7e-a47db756834b</sln:powIIPId><sln:powIIPPn>PL.PZGIK.200</sln:powIIPPn><sln:powIIPWersja>2012-09-27T08:13:53+02:00</sln:powIIPWersja><sln:powIdTeryt>1427</sln:powIdTeryt><sln:powNazwa>sierpecki</sln:powNazwa><sln:waznyOd>2014-05-07T00:00:00+02:00</sln:waznyOd><sln:wojIIPId>4b6c492a-eb04-441d-a92a-f44359c06de7</sln:wojIIPId><sln:wojIIPPn>PL.PZGIK.200</sln:wojIIPPn><sln:wojIIPWersja>2012-09-27T13:45:13+02:00</sln:wojIIPWersja><sln:wojIdTeryt>14</sln:wojIdTeryt><sln:wojNazwa>mazowieckie</sln:wojNazwa></sln:miejscowosc><sln:miejscowosc><sln:cyklZyciaOd>2017-04-20T00:00:00+02:00</sln:cyklZyciaOd><sln:gmIIPId>6589d809-550f-4b28-9619-aadce674c5e0</sln:gmIIPId><sln:gmIIPPn>PL.PZGIK.200</sln:gmIIPPn><sln:gmIIPWersja>2012-09-26T21:56:53+02:00</sln:gmIIPWersja><sln:gmIdTeryt>1427062</sln:gmIdTeryt><sln:gmNazwa>Szczutowo</sln:gmNazwa><sln:miejscIIPId>51d58efc-5b8f-4836-ac22-b7044409c323</sln:miejscIIPId><sln:miejscIIPPn>PL.PZGIK.200</sln:miejscIIPPn><sln:miejscIIPWersja>2017-04-20T13:35:09+02:00</sln:miejscIIPWersja><sln:miejscIdTeryt>0578288</sln:miejscIdTeryt><sln:miejscNazwa>Cisse</sln:miejscNazwa><sln:miejscRodzaj>Wieś</sln:miejscRodzaj><sln:powIIPId>0be630fb-6221-441d-ae7e-a47db756834b</sln:powIIPId><sln:powIIPPn>PL.PZGIK.200</sln:powIIPPn><sln:powIIPWersja>2012-09-27T08:13:53+02:00</sln:powIIPWersja><sln:powIdTeryt>1427</sln:powIdTeryt><sln:powNazwa>sierpecki</sln:powNazwa><sln:waznyOd>2014-05-07T00:00:00+02:00</sln:waznyOd><sln:wojIIPId>4b6c492a-eb04-441d-a92a-f44359c06de7</sln:wojIIPId><sln:wojIIPPn>PL.PZGIK.200</sln:wojIIPPn><sln:wojIIPWersja>2012-09-27T13:45:13+02:00</sln:wojIIPWersja><sln:wojIdTeryt>14</sln:wojIdTeryt><sln:wojNazwa>mazowieckie</sln:wojNazwa></sln:miejscowosc><sln:miejscowosc><sln:cyklZyciaOd>2017-04-20T00:00:00+02:00</sln:cyklZyciaOd><sln:gmIIPId>6589d809-550f-4b28-9619-aadce674c5e0</sln:gmIIPId><sln:gmIIPPn>PL.PZGIK.200</sln:gmIIPPn><sln:gmIIPWersja>2012-09-26T21:56:53+02:00</sln:gmIIPWersja><sln:gmIdTeryt>1427062</sln:gmIdTeryt><sln:gmNazwa>Szczutowo</sln:gmNazwa><sln:miejscIIPId>3dd425a4-00f2-4274-ba98-13c580d8023a</sln:miejscIIPId><sln:miejscIIPPn>PL.PZGIK.200</sln:miejscIIPPn><sln:miejscIIPWersja>2017-04-20T13:35:09+02:00</sln:miejscIIPWersja><sln:miejscIdTeryt>0578294</sln:miejscIdTeryt><sln:miejscNazwa>Dąbkowa Parowa</sln:miejscNazwa><sln:miejscRodzaj>Wieś</sln:miejscRodzaj><sln:powIIPId>0be630fb-6221-441d-ae7e-a47db756834b</sln:powIIPId><sln:powIIPPn>PL.PZGIK.200</sln:powIIPPn><sln:powIIPWersja>2012-09-27T08:13:53+02:00</sln:powIIPWersja><sln:powIdTeryt>1427</sln:powIdTeryt><sln:powNazwa>sierpecki</sln:powNazwa><sln:waznyOd>2014-05-07T00:00:00+02:00</sln:waznyOd><sln:wojIIPId>4b6c492a-eb04-441d-a92a-f44359c06de7</sln:wojIIPId><sln:wojIIPPn>PL.PZGIK.200</sln:wojIIPPn><sln:wojIIPWersja>2012-09-27T13:45:13+02:00</sln:wojIIPWersja><sln:wojIdTeryt>14</sln:wojIdTeryt><sln:wojNazwa>mazowieckie</sln:wojNazwa></sln:miejscowosc><sln:miejscowosc><sln:cyklZyciaOd>2017-04-20T00:00:00+02:00</sln:cyklZyciaOd><sln:gmIIPId>6589d809-550f-4b28-9619-aadce674c5e0</sln:gmIIPId><sln:gmIIPPn>PL.PZGIK.200</sln:gmIIPPn><sln:gmIIPWersja>2012-09-26T21:56:53+02:00</sln:gmIIPWersja><sln:gmIdTeryt>1427062</sln:gmIdTeryt><sln:gmNazwa>Szczutowo</sln:gmNazwa><sln:miejscIIPId>1e200fad-d84a-4b82-9312-e97cca08f9f0</sln:miejscIIPId><sln:miejscIIPPn>PL.PZGIK.200</sln:miejscIIPPn><sln:miejscIIPWersja>2017-04-20T13:35:09+02:00</sln:miejscIIPWersja><sln:miejscIdTeryt>0578319</sln:miejscIdTeryt><sln:miejscNazwa>Dziki Bór</sln:miejscNazwa><sln:miejscRodzaj>Wieś</sln:miejscRodzaj><sln:powIIPId>0be630fb-6221-441d-ae7e-a47db756834b</sln:powIIPId><sln:powIIPPn>PL.PZGIK.200</sln:powIIPPn><sln:powIIPWersja>2012-09-27T08:13:53+02:00</sln:powIIPWersja><sln:powIdTeryt>1427</sln:powIdTeryt><sln:powNazwa>sierpecki</sln:powNazwa><sln:waznyOd>2014-05-07T00:00:00+02:00</sln:waznyOd><sln:wojIIPId>4b6c492a-eb04-441d-a92a-f44359c06de7</sln:wojIIPId><sln:wojIIPPn>PL.PZGIK.200</sln:wojIIPPn><sln:wojIIPWersja>2012-09-27T13:45:13+02:00</sln:wojIIPWersja><sln:wojIdTeryt>14</sln:wojIdTeryt><sln:wojNazwa>mazowieckie</sln:wojNazwa></sln:miejscowosc><sln:miejscowosc><sln:cyklZyciaOd>2017-04-20T00:00:00+02:00</sln:cyklZyciaOd><sln:gmIIPId>6589d809-550f-4b28-9619-aadce674c5e0</sln:gmIIPId><sln:gmIIPPn>PL.PZGIK.200</sln:gmIIPPn><sln:gmIIPWersja>2012-09-26T21:56:53+02:00</sln:gmIIPWersja><sln:gmIdTeryt>1427062</sln:gmIdTeryt><sln:gmNazwa>Szczutowo</sln:gmNazwa><sln:miejscIIPId>fff589e1-e3d9-409f-9871-fb7618b6e87f</sln:miejscIIPId><sln:miejscIIPPn>PL.PZGIK.200</sln:miejscIIPPn><sln:miejscIIPWersja>2017-04-20T13:35:09+02:00</sln:miejscIIPWersja><sln:miejscIdTeryt>0578325</sln:miejscIdTeryt><sln:miejscNazwa>Gorzeń</sln:miejscNazwa><sln:miejscRodzaj>Wieś</sln:miejscRodzaj><sln:powIIPId>0be630fb-6221-441d-ae7e-a47db756834b</sln:powIIPId><sln:powIIPPn>PL.PZGIK.200</sln:powIIPPn><sln:powIIPWersja>2012-09-27T08:13:53+02:00</sln:powIIPWersja><sln:powIdTeryt>1427</sln:powIdTeryt><sln:powNazwa>sierpecki</sln:powNazwa><sln:waznyOd>2014-05-07T00:00:00+02:00</sln:waznyOd><sln:wojIIPId>4b6c492a-eb04-441d-a92a-f44359c06de7</sln:wojIIPId><sln:wojIIPPn>PL.PZGIK.200</sln:wojIIPPn><sln:wojIIPWersja>2012-09-27T13:45:13+02:00</sln:wojIIPWersja><sln:wojIdTeryt>14</sln:wojIdTeryt><sln:wojNazwa>mazowieckie</sln:wojNazwa></sln:miejscowosc><sln:miejscowosc><sln:cyklZyciaOd>2017-04-20T00:00:00+02:00</sln:cyklZyciaOd><sln:gmIIPId>6589d809-550f-4b28-9619-aadce674c5e0</sln:gmIIPId><sln:gmIIPPn>PL.PZGIK.200</sln:gmIIPPn><sln:gmIIPWersja>2012-09-26T21:56:53+02:00</sln:gmIIPWersja><sln:gmIdTeryt>1427062</sln:gmIdTeryt><sln:gmNazwa>Szczutowo</sln:gmNazwa><sln:miejscIIPId>f5e709cf-e3e8-47f5-a438-c82ec64f6974</sln:miejscIIPId><sln:miejscIIPPn>PL.PZGIK.200</sln:miejscIIPPn><sln:miejscIIPWersja>2017-04-20T13:35:09+02:00</sln:miejscIIPWersja><sln:miejscIdTeryt>0578331</sln:miejscIdTeryt><sln:miejscNazwa>Gójsk</sln:miejscNazwa><sln:miejscRodzaj>Wieś</sln:miejscRodzaj><sln:powIIPId>0be630fb-6221-441d-ae7e-a47db756834b</sln:powIIPId><sln:powIIPPn>PL.PZGIK.200</sln:powIIPPn><sln:powIIPWersja>2012-09-27T08:13:53+02:00</sln:powIIPWersja><sln:powIdTeryt>1427</sln:powIdTeryt><sln:powNazwa>sierpecki</sln:powNazwa><sln:waznyOd>2014-05-07T00:00:00+02:00</sln:waznyOd><sln:wojIIPId>4b6c492a-eb04-441d-a92a-f44359c06de7</sln:wojIIPId><sln:wojIIPPn>PL.PZGIK.200</sln:wojIIPPn><sln:wojIIPWersja>2012-09-27T13:45:13+02:00</sln:wojIIPWersja><sln:wojIdTeryt>14</sln:wojIdTeryt><sln:wojNazwa>mazowieckie</sln:wojNazwa></sln:miejscowosc><sln:miejscowosc><sln:cyklZyciaOd>2017-04-20T00:00:00+02:00</sln:cyklZyciaOd><sln:gmIIPId>6589d809-550f-4b28-9619-aadce674c5e0</sln:gmIIPId><sln:gmIIPPn>PL.PZGIK.200</sln:gmIIPPn><sln:gmIIPWersja>2012-09-26T21:56:53+02:00</sln:gmIIPWersja><sln:gmIdTeryt>1427062</sln:gmIdTeryt><sln:gmNazwa>Szczutowo</sln:gmNazwa><sln:miejscIIPId>9aa932bc-a164-412b-aa14-84cbf8e9c2c0</sln:miejscIIPId><sln:miejscIIPPn>PL.PZGIK.200</sln:miejscIIPPn><sln:miejscIIPWersja>2017-04-20T13:35:09+02:00</sln:miejscIIPWersja><sln:miejscIdTeryt>0578348</sln:miejscIdTeryt><sln:miejscNazwa>Grabal</sln:miejscNazwa><sln:miejscRodzaj>Wieś</sln:miejscRodzaj><sln:powIIPId>0be630fb-6221-441d-ae7e-a47db756834b</sln:powIIPId><sln:powIIPPn>PL.PZGIK.200</sln:powIIPPn><sln:powIIPWersja>2012-09-27T08:13:53+02:00</sln:powIIPWersja><sln:powIdTeryt>1427</sln:powIdTeryt><sln:powNazwa>sierpecki</sln:powNazwa><sln:waznyOd>2014-05-07T00:00:00+02:00</sln:waznyOd><sln:wojIIPId>4b6c492a-eb04-441d-a92a-f44359c06de7</sln:wojIIPId><sln:wojIIPPn>PL.PZGIK.200</sln:wojIIPPn><sln:wojIIPWersja>2012-09-27T13:45:13+02:00</sln:wojIIPWersja><sln:wojIdTeryt>14</sln:wojIdTeryt><sln:wojNazwa>mazowieckie</sln:wojNazwa></sln:miejscowosc><sln:miejscowosc><sln:cyklZyciaOd>2017-04-20T00:00:00+02:00</sln:cyklZyciaOd><sln:gmIIPId>6589d809-550f-4b28-9619-aadce674c5e0</sln:gmIIPId><sln:gmIIPPn>PL.PZGIK.200</sln:gmIIPPn><sln:gmIIPWersja>2012-09-26T21:56:53+02:00</sln:gmIIPWersja><sln:gmIdTeryt>1427062</sln:gmIdTeryt><sln:gmNazwa>Szczutowo</sln:gmNazwa><sln:miejscIIPId>654d30c6-9e5f-42a0-8c3f-a83ade3ab4d9</sln:miejscIIPId><sln:miejscIIPPn>PL.PZGIK.200</sln:miejscIIPPn><sln:miejscIIPWersja>2017-04-20T13:35:10+02:00</sln:miejscIIPWersja><sln:miejscIdTeryt>0578377</sln:miejscIdTeryt><sln:miejscNazwa>Grądy</sln:miejscNazwa><sln:miejscRodzaj>Wieś</sln:miejscRodzaj><sln:powIIPId>0be630fb-6221-441d-ae7e-a47db756834b</sln:powIIPId><sln:powIIPPn>PL.PZGIK.200</sln:powIIPPn><sln:powIIPWersja>2012-09-27T08:13:53+02:00</sln:powIIPWersja><sln:powIdTeryt>1427</sln:powIdTeryt><sln:powNazwa>sierpecki</sln:powNazwa><sln:waznyOd>2014-05-07T00:00:00+02:00</sln:waznyOd><sln:wojIIPId>4b6c492a-eb04-441d-a92a-f44359c06de7</sln:wojIIPId><sln:wojIIPPn>PL.PZGIK.200</sln:wojIIPPn><sln:wojIIPWersja>2012-09-27T13:45:13+02:00</sln:wojIIPWersja><sln:wojIdTeryt>14</sln:wojIdTeryt><sln:wojNazwa>mazowieckie</sln:wojNazwa></sln:miejscowosc><sln:miejscowosc><sln:cyklZyciaOd>2017-04-20T00:00:00+02:00</sln:cyklZyciaOd><sln:gmIIPId>6589d809-550f-4b28-9619-aadce674c5e0</sln:gmIIPId><sln:gmIIPPn>PL.PZGIK.200</sln:gmIIPPn><sln:gmIIPWersja>2012-09-26T21:56:53+02:00</sln:gmIIPWersja><sln:gmIdTeryt>1427062</sln:gmIdTeryt><sln:gmNazwa>Szczutowo</sln:gmNazwa><sln:miejscIIPId>1db5825c-7f7e-4dec-af41-92e61345825f</sln:miejscIIPId><sln:miejscIIPPn>PL.PZGIK.200</sln:miejscIIPPn><sln:miejscIIPWersja>2017-04-20T13:35:10+02:00</sln:miejscIIPWersja><sln:miejscIdTeryt>0578390</sln:miejscIdTeryt><sln:miejscNazwa>Gugoły</sln:miejscNazwa><sln:miejscRodzaj>Wieś</sln:miejscRodzaj><sln:powIIPId>0be630fb-6221-441d-ae7e-a47db756834b</sln:powIIPId><sln:powIIPPn>PL.PZGIK.200</sln:powIIPPn><sln:powIIPWersja>2012-09-27T08:13:53+02:00</sln:powIIPWersja><sln:powIdTeryt>1427</sln:powIdTeryt><sln:powNazwa>sierpecki</sln:powNazwa><sln:waznyOd>2014-05-07T00:00:00+02:00</sln:waznyOd><sln:wojIIPId>4b6c492a-eb04-441d-a92a-f44359c06de7</sln:wojIIPId><sln:wojIIPPn>PL.PZGIK.200</sln:wojIIPPn><sln:wojIIPWersja>2012-09-27T13:45:13+02:00</sln:wojIIPWersja><sln:wojIdTeryt>14</sln:wojIdTeryt><sln:wojNazwa>mazowieckie</sln:wojNazwa></sln:miejscowosc><sln:miejscowosc><sln:cyklZyciaOd>2017-04-20T00:00:00+02:00</sln:cyklZyciaOd><sln:gmIIPId>6589d809-550f-4b28-9619-aadce674c5e0</sln:gmIIPId><sln:gmIIPPn>PL.PZGIK.200</sln:gmIIPPn><sln:gmIIPWersja>2012-09-26T21:56:53+02:00</sln:gmIIPWersja><sln:gmIdTeryt>1427062</sln:gmIdTeryt><sln:gmNazwa>Szczutowo</sln:gmNazwa><sln:miejscIIPId>020053e6-831d-40fd-a838-3d7ceb80687f</sln:miejscIIPId><sln:miejscIIPPn>PL.PZGIK.200</sln:miejscIIPPn><sln:miejscIIPWersja>2017-04-20T13:35:10+02:00</sln:miejscIIPWersja><sln:miejscIdTeryt>0578408</sln:miejscIdTeryt><sln:miejscNazwa>Jaźwiny</sln:miejscNazwa><sln:miejscRodzaj>Wieś</sln:miejscRodzaj><sln:powIIPId>0be630fb-6221-441d-ae7e-a47db756834b</sln:powIIPId><sln:powIIPPn>PL.PZGIK.200</sln:powIIPPn><sln:powIIPWersja>2012-09-27T08:13:53+02:00</sln:powIIPWersja><sln:powIdTeryt>1427</sln:powIdTeryt><sln:powNazwa>sierpecki</sln:powNazwa><sln:waznyOd>2014-05-07T00:00:00+02:00</sln:waznyOd><sln:wojIIPId>4b6c492a-eb04-441d-a92a-f44359c06de7</sln:wojIIPId><sln:wojIIPPn>PL.PZGIK.200</sln:wojIIPPn><sln:wojIIPWersja>2012-09-27T13:45:13+02:00</sln:wojIIPWersja><sln:wojIdTeryt>14</sln:wojIdTeryt><sln:wojNazwa>mazowieckie</sln:wojNazwa></sln:miejscowosc><sln:miejscowosc><sln:cyklZyciaOd>2017-04-20T00:00:00+02:00</sln:cyklZyciaOd><sln:gmIIPId>6589d809-550f-4b28-9619-aadce674c5e0</sln:gmIIPId><sln:gmIIPPn>PL.PZGIK.200</sln:gmIIPPn><sln:gmIIPWersja>2012-09-26T21:56:53+02:00</sln:gmIIPWersja><sln:gmIdTeryt>1427062</sln:gmIdTeryt><sln:gmNazwa>Szczutowo</sln:gmNazwa><sln:miejscIIPId>f51e7ceb-bc08-4c32-8fe5-dbd205cb144d</sln:miejscIIPId><sln:miejscIIPPn>PL.PZGIK.200</sln:miejscIIPPn><sln:miejscIIPWersja>2017-04-20T13:35:10+02:00</sln:miejscIIPWersja><sln:miejscIdTeryt>0578414</sln:miejscIdTeryt><sln:miejscNazwa>Józefowo</sln:miejscNazwa><sln:miejscRodzaj>Wieś</sln:miejscRodzaj><sln:powIIPId>0be630fb-6221-441d-ae7e-a47db756834b</sln:powIIPId><sln:powIIPPn>PL.PZGIK.200</sln:powIIPPn><sln:powIIPWersja>2012-09-27T08:13:53+02:00</sln:powIIPWersja><sln:powIdTeryt>1427</sln:powIdTeryt><sln:powNazwa>sierpecki</sln:powNazwa><sln:waznyOd>2014-05-07T00:00:00+02:00</sln:waznyOd><sln:wojIIPId>4b6c492a-eb04-441d-a92a-f44359c06de7</sln:wojIIPId><sln:wojIIPPn>PL.PZGIK.200</sln:wojIIPPn><sln:wojIIPWersja>2012-09-27T13:45:13+02:00</sln:wojIIPWersja><sln:wojIdTeryt>14</sln:wojIdTeryt><sln:wojNazwa>mazowieckie</sln:wojNazwa></sln:miejscowosc><sln:miejscowosc><sln:cyklZyciaOd>2017-04-20T00:00:00+02:00</sln:cyklZyciaOd><sln:gmIIPId>6589d809-550f-4b28-9619-aadce674c5e0</sln:gmIIPId><sln:gmIIPPn>PL.PZGIK.200</sln:gmIIPPn><sln:gmIIPWersja>2012-09-26T21:56:53+02:00</sln:gmIIPWersja><sln:gmIdTeryt>1427062</sln:gmIdTeryt><sln:gmNazwa>Szczutowo</sln:gmNazwa><sln:miejscIIPId>851b740a-35b7-47b0-9171-8ece2c245be7</sln:miejscIIPId><sln:miejscIIPPn>PL.PZGIK.200</sln:miejscIIPPn><sln:miejscIIPWersja>2017-04-20T13:35:10+02:00</sln:miejscIIPWersja><sln:miejscIdTeryt>0578437</sln:miejscIdTeryt><sln:miejscNazwa>Karlewo</sln:miejscNazwa><sln:miejscRodzaj>Wieś</sln:miejscRodzaj><sln:powIIPId>0be630fb-6221-441d-ae7e-a47db756834b</sln:powIIPId><sln:powIIPPn>PL.PZGIK.200</sln:powIIPPn><sln:powIIPWersja>2012-09-27T08:13:53+02:00</sln:powIIPWersja><sln:powIdTeryt>1427</sln:powIdTeryt><sln:powNazwa>sierpecki</sln:powNazwa><sln:waznyOd>2014-05-07T00:00:00+02:00</sln:waznyOd><sln:wojIIPId>4b6c492a-eb04-441d-a92a-f44359c06de7</sln:wojIIPId><sln:wojIIPPn>PL.PZGIK.200</sln:wojIIPPn><sln:wojIIPWersja>2012-09-27T13:45:13+02:00</sln:wojIIPWersja><sln:wojIdTeryt>14</sln:wojIdTeryt><sln:wojNazwa>mazowieckie</sln:wojNazwa></sln:miejscowosc><sln:miejscowosc><sln:cyklZyciaOd>2017-04-20T00:00:00+02:00</sln:cyklZyciaOd><sln:gmIIPId>6589d809-550f-4b28-9619-aadce674c5e0</sln:gmIIPId><sln:gmIIPPn>PL.PZGIK.200</sln:gmIIPPn><sln:gmIIPWersja>2012-09-26T21:56:53+02:00</sln:gmIIPWersja><sln:gmIdTeryt>1427062</sln:gmIdTeryt><sln:gmNazwa>Szczutowo</sln:gmNazwa><sln:miejscIIPId>3e061fcf-0058-4331-91c3-c0d854e73f13</sln:miejscIIPId><sln:miejscIIPPn>PL.PZGIK.200</sln:miejscIIPPn><sln:miejscIIPWersja>2017-04-20T13:35:10+02:00</sln:miejscIIPWersja><sln:miejscIdTeryt>0578450</sln:miejscIdTeryt><sln:miejscNazwa>Łazy</sln:miejscNazwa><sln:miejscRodzaj>Wieś</sln:miejscRodzaj><sln:powIIPId>0be630fb-6221-441d-ae7e-a47db756834b</sln:powIIPId><sln:powIIPPn>PL.PZGIK.200</sln:powIIPPn><sln:powIIPWersja>2012-09-27T08:13:53+02:00</sln:powIIPWersja><sln:powIdTeryt>1427</sln:powIdTeryt><sln:powNazwa>sierpecki</sln:powNazwa><sln:waznyOd>2014-05-07T00:00:00+02:00</sln:waznyOd><sln:wojIIPId>4b6c492a-eb04-441d-a92a-f44359c06de7</sln:wojIIPId><sln:wojIIPPn>PL.PZGIK.200</sln:wojIIPPn><sln:wojIIPWersja>2012-09-27T13:45:13+02:00</sln:wojIIPWersja><sln:wojIdTeryt>14</sln:wojIdTeryt><sln:wojNazwa>mazowieckie</sln:wojNazwa></sln:miejscowosc><sln:miejscowosc><sln:cyklZyciaOd>2017-04-20T00:00:00+02:00</sln:cyklZyciaOd><sln:gmIIPId>6589d809-550f-4b28-9619-aadce674c5e0</sln:gmIIPId><sln:gmIIPPn>PL.PZGIK.200</sln:gmIIPPn><sln:gmIIPWersja>2012-09-26T21:56:53+02:00</sln:gmIIPWersja><sln:gmIdTeryt>1427062</sln:gmIdTeryt><sln:gmNazwa>Szczutowo</sln:gmNazwa><sln:miejscIIPId>779326ec-beca-445b-a104-d9e924927bfb</sln:miejscIIPId><sln:miejscIIPPn>PL.PZGIK.200</sln:miejscIIPPn><sln:miejscIIPWersja>2017-04-20T13:35:10+02:00</sln:miejscIIPWersja><sln:miejscIdTeryt>0578466</sln:miejscIdTeryt><sln:miejscNazwa>Maluszyn</sln:miejscNazwa><sln:miejscRodzaj>Wieś</sln:miejscRodzaj><sln:powIIPId>0be630fb-6221-441d-ae7e-a47db756834b</sln:powIIPId><sln:powIIPPn>PL.PZGIK.200</sln:powIIPPn><sln:powIIPWersja>2012-09-27T08:13:53+02:00</sln:powIIPWersja><sln:powIdTeryt>1427</sln:powIdTeryt><sln:powNazwa>sierpecki</sln:powNazwa><sln:waznyOd>2014-05-07T00:00:00+02:00</sln:waznyOd><sln:wojIIPId>4b6c492a-eb04-441d-a92a-f44359c06de7</sln:wojIIPId><sln:wojIIPPn>PL.PZGIK.200</sln:wojIIPPn><sln:wojIIPWersja>2012-09-27T13:45:13+02:00</sln:wojIIPWersja><sln:wojIdTeryt>14</sln:wojIdTeryt><sln:wojNazwa>mazowieckie</sln:wojNazwa></sln:miejscowosc><sln:miejscowosc><sln:cyklZyciaOd>2017-04-20T00:00:00+02:00</sln:cyklZyciaOd><sln:gmIIPId>6589d809-550f-4b28-9619-aadce674c5e0</sln:gmIIPId><sln:gmIIPPn>PL.PZGIK.200</sln:gmIIPPn><sln:gmIIPWersja>2012-09-26T21:56:53+02:00</sln:gmIIPWersja><sln:gmIdTeryt>1427062</sln:gmIdTeryt><sln:gmNazwa>Szczutowo</sln:gmNazwa><sln:miejscIIPId>d6872284-d672-47fe-b307-7e4c34898dfc</sln:miejscIIPId><sln:miejscIIPPn>PL.PZGIK.200</sln:miejscIIPPn><sln:miejscIIPWersja>2017-04-20T13:35:10+02:00</sln:miejscIIPWersja><sln:miejscIdTeryt>0578472</sln:miejscIdTeryt><sln:miejscNazwa>Mierzęcin</sln:miejscNazwa><sln:miejscRodzaj>Wieś</sln:miejscRodzaj><sln:powIIPId>0be630fb-6221-441d-ae7e-a47db756834b</sln:powIIPId><sln:powIIPPn>PL.PZGIK.200</sln:powIIPPn><sln:powIIPWersja>2012-09-27T08:13:53+02:00</sln:powIIPWersja><sln:powIdTeryt>1427</sln:powIdTeryt><sln:powNazwa>sierpecki</sln:powNazwa><sln:waznyOd>2014-05-07T00:00:00+02:00</sln:waznyOd><sln:wojIIPId>4b6c492a-eb04-441d-a92a-f44359c06de7</sln:wojIIPId><sln:wojIIPPn>PL.PZGIK.200</sln:wojIIPPn><sln:wojIIPWersja>2012-09-27T13:45:13+02:00</sln:wojIIPWersja><sln:wojIdTeryt>14</sln:wojIdTeryt><sln:wojNazwa>mazowieckie</sln:wojNazwa></sln:miejscowosc><sln:miejscowosc><sln:cyklZyciaOd>2017-04-20T00:00:00+02:00</sln:cyklZyciaOd><sln:gmIIPId>6589d809-550f-4b28-9619-aadce674c5e0</sln:gmIIPId><sln:gmIIPPn>PL.PZGIK.200</sln:gmIIPPn><sln:gmIIPWersja>2012-09-26T21:56:53+02:00</sln:gmIIPWersja><sln:gmIdTeryt>1427062</sln:gmIdTeryt><sln:gmNazwa>Szczutowo</sln:gmNazwa><sln:miejscIIPId>6c4063af-44c5-447d-8a31-f2158a7d6240</sln:miejscIIPId><sln:miejscIIPPn>PL.PZGIK.200</sln:miejscIIPPn><sln:miejscIIPWersja>2017-04-20T13:35:10+02:00</sln:miejscIIPWersja><sln:miejscIdTeryt>0578503</sln:miejscIdTeryt><sln:miejscNazwa>Modrzewie</sln:miejscNazwa><sln:miejscRodzaj>Wieś</sln:miejscRodzaj><sln:powIIPId>0be630fb-6221-441d-ae7e-a47db756834b</sln:powIIPId><sln:powIIPPn>PL.PZGIK.200</sln:powIIPPn><sln:powIIPWersja>2012-09-27T08:13:53+02:00</sln:powIIPWersja><sln:powIdTeryt>1427</sln:powIdTeryt><sln:powNazwa>sierpecki</sln:powNazwa><sln:waznyOd>2014-05-07T00:00:00+02:00</sln:waznyOd><sln:wojIIPId>4b6c492a-eb04-441d-a92a-f44359c06de7</sln:wojIIPId><sln:wojIIPPn>PL.PZGIK.200</sln:wojIIPPn><sln:wojIIPWersja>2012-09-27T13:45:13+02:00</sln:wojIIPWersja><sln:wojIdTeryt>14</sln:wojIdTeryt><sln:wojNazwa>mazowieckie</sln:wojNazwa></sln:miejscowosc><sln:miejscowosc><sln:cyklZyciaOd>2017-04-20T00:00:00+02:00</sln:cyklZyciaOd><sln:gmIIPId>6589d809-550f-4b28-9619-aadce674c5e0</sln:gmIIPId><sln:gmIIPPn>PL.PZGIK.200</sln:gmIIPPn><sln:gmIIPWersja>2012-09-26T21:56:53+02:00</sln:gmIIPWersja><sln:gmIdTeryt>1427062</sln:gmIdTeryt><sln:gmNazwa>Szczutowo</sln:gmNazwa><sln:miejscIIPId>5ce16d85-f658-474a-a8b8-4868d44059a4</sln:miejscIIPId><sln:miejscIIPPn>PL.PZGIK.200</sln:miejscIIPPn><sln:miejscIIPWersja>2017-04-20T13:35:10+02:00</sln:miejscIIPWersja><sln:miejscIdTeryt>0578510</sln:miejscIdTeryt><sln:miejscNazwa>Mościska</sln:miejscNazwa><sln:miejscRodzaj>Wieś</sln:miejscRodzaj><sln:powIIPId>0be630fb-6221-441d-ae7e-a47db756834b</sln:powIIPId><sln:powIIPPn>PL.PZGIK.200</sln:powIIPPn><sln:powIIPWersja>2012-09-27T08:13:53+02:00</sln:powIIPWersja><sln:powIdTeryt>1427</sln:powIdTeryt><sln:powNazwa>sierpecki</sln:powNazwa><sln:waznyOd>2014-05-07T00:00:00+02:00</sln:waznyOd><sln:wojIIPId>4b6c492a-eb04-441d-a92a-f44359c06de7</sln:wojIIPId><sln:wojIIPPn>PL.PZGIK.200</sln:wojIIPPn><sln:wojIIPWersja>2012-09-27T13:45:13+02:00</sln:wojIIPWersja><sln:wojIdTeryt>14</sln:wojIdTeryt><sln:wojNazwa>mazowieckie</sln:wojNazwa></sln:miejscowosc><sln:miejscowosc><sln:cyklZyciaOd>2017-04-20T00:00:00+02:00</sln:cyklZyciaOd><sln:gmIIPId>6589d809-550f-4b28-9619-aadce674c5e0</sln:gmIIPId><sln:gmIIPPn>PL.PZGIK.200</sln:gmIIPPn><sln:gmIIPWersja>2012-09-26T21:56:53+02:00</sln:gmIIPWersja><sln:gmIdTeryt>1427062</sln:gmIdTeryt><sln:gmNazwa>Szczutowo</sln:gmNazwa><sln:miejscIIPId>f8ce027b-e332-45a4-8831-7e7daed5d92b</sln:miejscIIPId><sln:miejscIIPPn>PL.PZGIK.200</sln:miejscIIPPn><sln:miejscIIPWersja>2017-04-20T13:35:10+02:00</sln:miejscIIPWersja><sln:miejscIdTeryt>0578549</sln:miejscIdTeryt><sln:miejscNazwa>Podlesie</sln:miejscNazwa><sln:miejscRodzaj>Wieś</sln:miejscRodzaj><sln:powIIPId>0be630fb-6221-441d-ae7e-a47db756834b</sln:powIIPId><sln:powIIPPn>PL.PZGIK.200</sln:powIIPPn><sln:powIIPWersja>2012-09-27T08:13:53+02:00</sln:powIIPWersja><sln:powIdTeryt>1427</sln:powIdTeryt><sln:powNazwa>sierpecki</sln:powNazwa><sln:waznyOd>2014-05-07T00:00:00+02:00</sln:waznyOd><sln:wojIIPId>4b6c492a-eb04-441d-a92a-f44359c06de7</sln:wojIIPId><sln:wojIIPPn>PL.PZGIK.200</sln:wojIIPPn><sln:wojIIPWersja>2012-09-27T13:45:13+02:00</sln:wojIIPWersja><sln:wojIdTeryt>14</sln:wojIdTeryt><sln:wojNazwa>mazowieckie</sln:wojNazwa></sln:miejscowosc><sln:miejscowosc><sln:cyklZyciaOd>2017-04-20T00:00:00+02:00</sln:cyklZyciaOd><sln:gmIIPId>6589d809-550f-4b28-9619-aadce674c5e0</sln:gmIIPId><sln:gmIIPPn>PL.PZGIK.200</sln:gmIIPPn><sln:gmIIPWersja>2012-09-26T21:56:53+02:00</sln:gmIIPWersja><sln:gmIdTeryt>1427062</sln:gmIdTeryt><sln:gmNazwa>Szczutowo</sln:gmNazwa><sln:miejscIIPId>cf218bca-de26-4342-b4c5-54216a833167</sln:miejscIIPId><sln:miejscIIPPn>PL.PZGIK.200</sln:miejscIIPPn><sln:miejscIIPWersja>2017-04-20T13:35:11+02:00</sln:miejscIIPWersja><sln:miejscIdTeryt>0578555</sln:miejscIdTeryt><sln:miejscNazwa>Słupia</sln:miejscNazwa><sln:miejscRodzaj>Wieś</sln:miejscRodzaj><sln:powIIPId>0be630fb-6221-441d-ae7e-a47db756834b</sln:powIIPId><sln:powIIPPn>PL.PZGIK.200</sln:powIIPPn><sln:powIIPWersja>2012-09-27T08:13:53+02:00</sln:powIIPWersja><sln:powIdTeryt>1427</sln:powIdTeryt><sln:powNazwa>sierpecki</sln:powNazwa><sln:waznyOd>2014-05-07T00:00:00+02:00</sln:waznyOd><sln:wojIIPId>4b6c492a-eb04-441d-a92a-f44359c06de7</sln:wojIIPId><sln:wojIIPPn>PL.PZGIK.200</sln:wojIIPPn><sln:wojIIPWersja>2012-09-27T13:45:13+02:00</sln:wojIIPWersja><sln:wojIdTeryt>14</sln:wojIdTeryt><sln:wojNazwa>mazowieckie</sln:wojNazwa></sln:miejscowosc><sln:miejscowosc><sln:cyklZyciaOd>2017-04-20T00:00:00+02:00</sln:cyklZyciaOd><sln:gmIIPId>6589d809-550f-4b28-9619-aadce674c5e0</sln:gmIIPId><sln:gmIIPPn>PL.PZGIK.200</sln:gmIIPPn><sln:gmIIPWersja>2012-09-26T21:56:53+02:00</sln:gmIIPWersja><sln:gmIdTeryt>1427062</sln:gmIdTeryt><sln:gmNazwa>Szczutowo</sln:gmNazwa><sln:miejscIIPId>739996e7-1274-4927-89a9-4f7d537ee18a</sln:miejscIIPId><sln:miejscIIPPn>PL.PZGIK.200</sln:miejscIIPPn><sln:miejscIIPWersja>2017-04-20T13:35:11+02:00</sln:miejscIIPWersja><sln:miejscIdTeryt>0578561</sln:miejscIdTeryt><sln:miejscNazwa>Stara Wola</sln:miejscNazwa><sln:miejscRodzaj>Wieś</sln:miejscRodzaj><sln:powIIPId>0be630fb-6221-441d-ae7e-a47db756834b</sln:powIIPId><sln:powIIPPn>PL.PZGIK.200</sln:powIIPPn><sln:powIIPWersja>2012-09-27T08:13:53+02:00</sln:powIIPWersja><sln:powIdTeryt>1427</sln:powIdTeryt><sln:powNazwa>sierpecki</sln:powNazwa><sln:waznyOd>2014-05-07T00:00:00+02:00</sln:waznyOd><sln:wojIIPId>4b6c492a-eb04-441d-a92a-f44359c06de7</sln:wojIIPId><sln:wojIIPPn>PL.PZGIK.200</sln:wojIIPPn><sln:wojIIPWersja>2012-09-27T13:45:13+02:00</sln:wojIIPWersja><sln:wojIdTeryt>14</sln:wojIdTeryt><sln:wojNazwa>mazowieckie</sln:wojNazwa></sln:miejscowosc><sln:miejscowosc><sln:cyklZyciaOd>2017-04-20T00:00:00+02:00</sln:cyklZyciaOd><sln:gmIIPId>6589d809-550f-4b28-9619-aadce674c5e0</sln:gmIIPId><sln:gmIIPPn>PL.PZGIK.200</sln:gmIIPPn><sln:gmIIPWersja>2012-09-26T21:56:53+02:00</sln:gmIIPWersja><sln:gmIdTeryt>1427062</sln:gmIdTeryt><sln:gmNazwa>Szczutowo</sln:gmNazwa><sln:miejscIIPId>138ddfa7-7b30-4575-9cf9-25557ae6b790</sln:miejscIIPId><sln:miejscIIPPn>PL.PZGIK.200</sln:miejscIIPPn><sln:miejscIIPWersja>2017-04-20T13:35:11+02:00</sln:miejscIIPWersja><sln:miejscIdTeryt>0578578</sln:miejscIdTeryt><sln:miejscNazwa>Szczechowo</sln:miejscNazwa><sln:miejscRodzaj>Wieś</sln:miejscRodzaj><sln:powIIPId>0be630fb-6221-441d-ae7e-a47db756834b</sln:powIIPId><sln:powIIPPn>PL.PZGIK.200</sln:powIIPPn><sln:powIIPWersja>2012-09-27T08:13:53+02:00</sln:powIIPWersja><sln:powIdTeryt>1427</sln:powIdTeryt><sln:powNazwa>sierpecki</sln:powNazwa><sln:waznyOd>2014-05-07T00:00:00+02:00</sln:waznyOd><sln:wojIIPId>4b6c492a-eb04-441d-a92a-f44359c06de7</sln:wojIIPId><sln:wojIIPPn>PL.PZGIK.200</sln:wojIIPPn><sln:wojIIPWersja>2012-09-27T13:45:13+02:00</sln:wojIIPWersja><sln:wojIdTeryt>14</sln:wojIdTeryt><sln:wojNazwa>mazowieckie</sln:wojNazwa></sln:miejscowosc><sln:miejscowosc><sln:cyklZyciaOd>2017-04-20T00:00:00+02:00</sln:cyklZyciaOd><sln:gmIIPId>6589d809-550f-4b28-9619-aadce674c5e0</sln:gmIIPId><sln:gmIIPPn>PL.PZGIK.200</sln:gmIIPPn><sln:gmIIPWersja>2012-09-26T21:56:53+02:00</sln:gmIIPWersja><sln:gmIdTeryt>1427062</sln:gmIdTeryt><sln:gmNazwa>Szczutowo</sln:gmNazwa><sln:miejscIIPId>90d1b8b2-91cb-4877-8eec-763f36ab9021</sln:miejscIIPId><sln:miejscIIPPn>PL.PZGIK.200</sln:miejscIIPPn><sln:miejscIIPWersja>2017-04-20T13:35:11+02:00</sln:miejscIIPWersja><sln:miejscIdTeryt>0578584</sln:miejscIdTeryt><sln:miejscNazwa>Szczutowo</sln:miejscNazwa><sln:miejscRodzaj>Wieś</sln:miejscRodzaj><sln:powIIPId>0be630fb-6221-441d-ae7e-a47db756834b</sln:powIIPId><sln:powIIPPn>PL.PZGIK.200</sln:powIIPPn><sln:powIIPWersja>2012-09-27T08:13:53+02:00</sln:powIIPWersja><sln:powIdTeryt>1427</sln:powIdTeryt><sln:powNazwa>sierpecki</sln:powNazwa><sln:waznyOd>2014-05-07T00:00:00+02:00</sln:waznyOd><sln:wojIIPId>4b6c492a-eb04-441d-a92a-f44359c06de7</sln:wojIIPId><sln:wojIIPPn>PL.PZGIK.200</sln:wojIIPPn><sln:wojIIPWersja>2012-09-27T13:45:13+02:00</sln:wojIIPWersja><sln:wojIdTeryt>14</sln:wojIdTeryt><sln:wojNazwa>mazowieckie</sln:wojNazwa></sln:miejscowosc></sln:lista-miejscowosci>