<?xml version="1.0" encoding="UTF-8" standalone="yes"?><sln:lista-miejscowosci xmlns:srv="http://gugik.gov.pl/schemas/slowniki-service/1.0" xmlns:sln="http://gugik.gov.pl/schemas/slowniki-schema/1.0"><sln:miejscowosc><sln:cyklZyciaDo>2017-04-19T00:00:00+02:00</sln:cyklZyciaDo><sln:cyklZyciaOd>2015-04-22T00:00:00+02:00</sln:cyklZyciaOd><sln:gmIIPId>a96f6943-ab9b-4ab3-972a-ea46b5ed9918</sln:gmIIPId><sln:gmIIPPn>PL.PZGIK.200</sln:gmIIPPn><sln:gmIIPWersja>2012-09-26T21:58:00+02:00</sln:gmIIPWersja><sln:gmIdTeryt>1407012</sln:gmIdTeryt><sln:gmNazwa>Garbatka-Letnisko</sln:gmNazwa><sln:miejscIIPId>9f0a8e54-a088-4c90-ace9-0ebea5065ad1</sln:miejscIIPId><sln:miejscIIPPn>PL.PZGIK.200</sln:miejscIIPPn><sln:miejscIIPWersja>2016-11-24T11:32:40+02:00</sln:miejscIIPWersja><sln:miejscIdTeryt>0618510</sln:miejscIdTeryt><sln:miejscNazwa>Anielin</sln:miejscNazwa><sln:miejscRodzaj>Wieś</sln:miejscRodzaj><sln:powIIPId>e11a1507-ec34-4cf5-a5fc-f557ede188aa</sln:powIIPId><sln:powIIPPn>PL.PZGIK.200</sln:powIIPPn><sln:powIIPWersja>2012-09-27T08:13:53+02:00</sln:powIIPWersja><sln:powIdTeryt>1407</sln:powIdTeryt><sln:powNazwa>kozienicki</sln:powNazwa><sln:waznyOd>2014-06-23T00:00:00+02:00</sln:waznyOd><sln:wojIIPId>4b6c492a-eb04-441d-a92a-f44359c06de7</sln:wojIIPId><sln:wojIIPPn>PL.PZGIK.200</sln:wojIIPPn><sln:wojIIPWersja>2012-09-27T13:45:13+02:00</sln:wojIIPWersja><sln:wojIdTeryt>14</sln:wojIdTeryt><sln:wojNazwa>mazowieckie</sln:wojNazwa></sln:miejscowosc><sln:miejscowosc><sln:cyklZyciaDo>2017-04-19T00:00:00+02:00</sln:cyklZyciaDo><sln:cyklZyciaOd>2015-04-22T00:00:00+02:00</sln:cyklZyciaOd><sln:gmIIPId>a96f6943-ab9b-4ab3-972a-ea46b5ed9918</sln:gmIIPId><sln:gmIIPPn>PL.PZGIK.200</sln:gmIIPPn><sln:gmIIPWersja>2012-09-26T21:58:00+02:00</sln:gmIIPWersja><sln:gmIdTeryt>1407012</sln:gmIdTeryt><sln:gmNazwa>Garbatka-Letnisko</sln:gmNazwa><sln:miejscIIPId>3679dded-cf9b-4261-a080-08a94033fbfa</sln:miejscIIPId><sln:miejscIIPPn>PL.PZGIK.200</sln:miejscIIPPn><sln:miejscIIPWersja>2016-11-24T11:32:40+02:00</sln:miejscIIPWersja><sln:miejscIdTeryt>0618527</sln:miejscIdTeryt><sln:miejscNazwa>Bąkowiec</sln:miejscNazwa><sln:miejscRodzaj>Wieś</sln:miejscRodzaj><sln:powIIPId>e11a1507-ec34-4cf5-a5fc-f557ede188aa</sln:powIIPId><sln:powIIPPn>PL.PZGIK.200</sln:powIIPPn><sln:powIIPWersja>2012-09-27T08:13:53+02:00</sln:powIIPWersja><sln:powIdTeryt>1407</sln:powIdTeryt><sln:powNazwa>kozienicki</sln:powNazwa><sln:waznyOd>2014-06-23T00:00:00+02:00</sln:waznyOd><sln:wojIIPId>4b6c492a-eb04-441d-a92a-f44359c06de7</sln:wojIIPId><sln:wojIIPPn>PL.PZGIK.200</sln:wojIIPPn><sln:wojIIPWersja>2012-09-27T13:45:13+02:00</sln:wojIIPWersja><sln:wojIdTeryt>14</sln:wojIdTeryt><sln:wojNazwa>mazowieckie</sln:wojNazwa></sln:miejscowosc><sln:miejscowosc><sln:cyklZyciaDo>2017-04-19T00:00:00+02:00</sln:cyklZyciaDo><sln:cyklZyciaOd>2015-04-22T00:00:00+02:00</sln:cyklZyciaOd><sln:gmIIPId>a96f6943-ab9b-4ab3-972a-ea46b5ed9918</sln:gmIIPId><sln:gmIIPPn>PL.PZGIK.200</sln:gmIIPPn><sln:gmIIPWersja>2012-09-26T21:58:00+02:00</sln:gmIIPWersja><sln:gmIdTeryt>1407012</sln:gmIdTeryt><sln:gmNazwa>Garbatka-Letnisko</sln:gmNazwa><sln:miejscIIPId>1607bf3d-68a2-4c81-b2a8-6353cfa2dbed</sln:miejscIIPId><sln:miejscIIPPn>PL.PZGIK.200</sln:miejscIIPPn><sln:miejscIIPWersja>2016-11-24T11:32:40+02:00</sln:miejscIIPWersja><sln:miejscIdTeryt>0618562</sln:miejscIdTeryt><sln:miejscNazwa>Bogucin</sln:miejscNazwa><sln:miejscRodzaj>Wieś</sln:miejscRodzaj><sln:powIIPId>e11a1507-ec34-4cf5-a5fc-f557ede188aa</sln:powIIPId><sln:powIIPPn>PL.PZGIK.200</sln:powIIPPn><sln:powIIPWersja>2012-09-27T08:13:53+02:00</sln:powIIPWersja><sln:powIdTeryt>1407</sln:powIdTeryt><sln:powNazwa>kozienicki</sln:powNazwa><sln:waznyOd>2014-06-23T00:00:00+02:00</sln:waznyOd><sln:wojIIPId>4b6c492a-eb04-441d-a92a-f44359c06de7</sln:wojIIPId><sln:wojIIPPn>PL.PZGIK.200</sln:wojIIPPn><sln:wojIIPWersja>2012-09-27T13:45:13+02:00</sln:wojIIPWersja><sln:wojIdTeryt>14</sln:wojIdTeryt><sln:wojNazwa>mazowieckie</sln:wojNazwa></sln:miejscowosc><sln:miejscowosc><sln:cyklZyciaDo>2017-04-19T00:00:00+02:00</sln:cyklZyciaDo><sln:cyklZyciaOd>2015-04-22T00:00:00+02:00</sln:cyklZyciaOd><sln:gmIIPId>a96f6943-ab9b-4ab3-972a-ea46b5ed9918</sln:gmIIPId><sln:gmIIPPn>PL.PZGIK.200</sln:gmIIPPn><sln:gmIIPWersja>2012-09-26T21:58:00+02:00</sln:gmIIPWersja><sln:gmIdTeryt>1407012</sln:gmIdTeryt><sln:gmNazwa>Garbatka-Letnisko</sln:gmNazwa><sln:miejscIIPId>83f96e60-c060-40de-bd06-f6e12f8f8f44</sln:miejscIIPId><sln:miejscIIPPn>PL.PZGIK.200</sln:miejscIIPPn><sln:miejscIIPWersja>2016-11-24T11:32:40+02:00</sln:miejscIIPWersja><sln:miejscIdTeryt>0618579</sln:miejscIdTeryt><sln:miejscNazwa>Brzustów</sln:miejscNazwa><sln:miejscRodzaj>Wieś</sln:miejscRodzaj><sln:powIIPId>e11a1507-ec34-4cf5-a5fc-f557ede188aa</sln:powIIPId><sln:powIIPPn>PL.PZGIK.200</sln:powIIPPn><sln:powIIPWersja>2012-09-27T08:13:53+02:00</sln:powIIPWersja><sln:powIdTeryt>1407</sln:powIdTeryt><sln:powNazwa>kozienicki</sln:powNazwa><sln:waznyOd>2014-06-23T00:00:00+02:00</sln:waznyOd><sln:wojIIPId>4b6c492a-eb04-441d-a92a-f44359c06de7</sln:wojIIPId><sln:wojIIPPn>PL.PZGIK.200</sln:wojIIPPn><sln:wojIIPWersja>2012-09-27T13:45:13+02:00</sln:wojIIPWersja><sln:wojIdTeryt>14</sln:wojIdTeryt><sln:wojNazwa>mazowieckie</sln:wojNazwa></sln:miejscowosc><sln:miejscowosc><sln:cyklZyciaDo>2017-04-19T00:00:00+02:00</sln:cyklZyciaDo><sln:cyklZyciaOd>2015-04-22T00:00:00+02:00</sln:cyklZyciaOd><sln:gmIIPId>a96f6943-ab9b-4ab3-972a-ea46b5ed9918</sln:gmIIPId><sln:gmIIPPn>PL.PZGIK.200</sln:gmIIPPn><sln:gmIIPWersja>2012-09-26T21:58:00+02:00</sln:gmIIPWersja><sln:gmIdTeryt>1407012</sln:gmIdTeryt><sln:gmNazwa>Garbatka-Letnisko</sln:gmNazwa><sln:miejscIIPId>1147cfeb-35a5-41de-ae2a-9478529db828</sln:miejscIIPId><sln:miejscIIPPn>PL.PZGIK.200</sln:miejscIIPPn><sln:miejscIIPWersja>2016-11-24T11:32:40+02:00</sln:miejscIIPWersja><sln:miejscIdTeryt>0618622</sln:miejscIdTeryt><sln:miejscNazwa>Garbatka-Dziewiątka</sln:miejscNazwa><sln:miejscRodzaj>Wieś</sln:miejscRodzaj><sln:powIIPId>e11a1507-ec34-4cf5-a5fc-f557ede188aa</sln:powIIPId><sln:powIIPPn>PL.PZGIK.200</sln:powIIPPn><sln:powIIPWersja>2012-09-27T08:13:53+02:00</sln:powIIPWersja><sln:powIdTeryt>1407</sln:powIdTeryt><sln:powNazwa>kozienicki</sln:powNazwa><sln:waznyOd>2014-06-23T00:00:00+02:00</sln:waznyOd><sln:wojIIPId>4b6c492a-eb04-441d-a92a-f44359c06de7</sln:wojIIPId><sln:wojIIPPn>PL.PZGIK.200</sln:wojIIPPn><sln:wojIIPWersja>2012-09-27T13:45:13+02:00</sln:wojIIPWersja><sln:wojIdTeryt>14</sln:wojIdTeryt><sln:wojNazwa>mazowieckie</sln:wojNazwa></sln:miejscowosc><sln:miejscowosc><sln:cyklZyciaDo>2017-04-19T00:00:00+02:00</sln:cyklZyciaDo><sln:cyklZyciaOd>2015-04-22T00:00:00+02:00</sln:cyklZyciaOd><sln:gmIIPId>a96f6943-ab9b-4ab3-972a-ea46b5ed9918</sln:gmIIPId><sln:gmIIPPn>PL.PZGIK.200</sln:gmIIPPn><sln:gmIIPWersja>2012-09-26T21:58:00+02:00</sln:gmIIPWersja><sln:gmIdTeryt>1407012</sln:gmIdTeryt><sln:gmNazwa>Garbatka-Letnisko</sln:gmNazwa><sln:miejscIIPId>2b5187ac-66a0-49e8-815b-ba4e74e5d224</sln:miejscIIPId><sln:miejscIIPPn>PL.PZGIK.200</sln:miejscIIPPn><sln:miejscIIPWersja>2016-11-24T11:32:40+02:00</sln:miejscIIPWersja><sln:miejscIdTeryt>0618639</sln:miejscIdTeryt><sln:miejscNazwa>Garbatka-Letnisko</sln:miejscNazwa><sln:miejscRodzaj>Wieś</sln:miejscRodzaj><sln:powIIPId>e11a1507-ec34-4cf5-a5fc-f557ede188aa</sln:powIIPId><sln:powIIPPn>PL.PZGIK.200</sln:powIIPPn><sln:powIIPWersja>2012-09-27T08:13:53+02:00</sln:powIIPWersja><sln:powIdTeryt>1407</sln:powIdTeryt><sln:powNazwa>kozienicki</sln:powNazwa><sln:waznyOd>2014-06-23T00:00:00+02:00</sln:waznyOd><sln:wojIIPId>4b6c492a-eb04-441d-a92a-f44359c06de7</sln:wojIIPId><sln:wojIIPPn>PL.PZGIK.200</sln:wojIIPPn><sln:wojIIPWersja>2012-09-27T13:45:13+02:00</sln:wojIIPWersja><sln:wojIdTeryt>14</sln:wojIdTeryt><sln:wojNazwa>mazowieckie</sln:wojNazwa></sln:miejscowosc><sln:miejscowosc><sln:cyklZyciaDo>2017-04-19T00:00:00+02:00</sln:cyklZyciaDo><sln:cyklZyciaOd>2015-04-22T00:00:00+02:00</sln:cyklZyciaOd><sln:gmIIPId>a96f6943-ab9b-4ab3-972a-ea46b5ed9918</sln:gmIIPId><sln:gmIIPPn>PL.PZGIK.200</sln:gmIIPPn><sln:gmIIPWersja>2012-09-26T21:58:00+02:00</sln:gmIIPWersja><sln:gmIdTeryt>1407012</sln:gmIdTeryt><sln:gmNazwa>Garbatka-Letnisko</sln:gmNazwa><sln:miejscIIPId>4db66f75-9eff-44b5-be24-c0ce771f0e19</sln:miejscIIPId><sln:miejscIIPPn>PL.PZGIK.200</sln:miejscIIPPn><sln:miejscIIPWersja>2016-11-24T11:32:40+02:00</sln:miejscIIPWersja><sln:miejscIdTeryt>0618668</sln:miejscIdTeryt><sln:miejscNazwa>Garbatka-Zbyczyn</sln:miejscNazwa><sln:miejscRodzaj>Wieś</sln:miejscRodzaj><sln:powIIPId>e11a1507-ec34-4cf5-a5fc-f557ede188aa</sln:powIIPId><sln:powIIPPn>PL.PZGIK.200</sln:powIIPPn><sln:powIIPWersja>2012-09-27T08:13:53+02:00</sln:powIIPWersja><sln:powIdTeryt>1407</sln:powIdTeryt><sln:powNazwa>kozienicki</sln:powNazwa><sln:waznyOd>2014-06-23T00:00:00+02:00</sln:waznyOd><sln:wojIIPId>4b6c492a-eb04-441d-a92a-f44359c06de7</sln:wojIIPId><sln:wojIIPPn>PL.PZGIK.200</sln:wojIIPPn><sln:wojIIPWersja>2012-09-27T13:45:13+02:00</sln:wojIIPWersja><sln:wojIdTeryt>14</sln:wojIdTeryt><sln:wojNazwa>mazowieckie</sln:wojNazwa></sln:miejscowosc><sln:miejscowosc><sln:cyklZyciaDo>2017-04-19T00:00:00+02:00</sln:cyklZyciaDo><sln:cyklZyciaOd>2015-04-22T00:00:00+02:00</sln:cyklZyciaOd><sln:gmIIPId>a96f6943-ab9b-4ab3-972a-ea46b5ed9918</sln:gmIIPId><sln:gmIIPPn>PL.PZGIK.200</sln:gmIIPPn><sln:gmIIPWersja>2012-09-26T21:58:00+02:00</sln:gmIIPWersja><sln:gmIdTeryt>1407012</sln:gmIdTeryt><sln:gmNazwa>Garbatka-Letnisko</sln:gmNazwa><sln:miejscIIPId>bf54a2f8-0548-46ae-8b58-262c583b7bad</sln:miejscIIPId><sln:miejscIIPPn>PL.PZGIK.200</sln:miejscIIPPn><sln:miejscIIPWersja>2016-11-24T11:32:40+02:00</sln:miejscIIPWersja><sln:miejscIdTeryt>0618600</sln:miejscIdTeryt><sln:miejscNazwa>Garbatka Długa</sln:miejscNazwa><sln:miejscRodzaj>Wieś</sln:miejscRodzaj><sln:powIIPId>e11a1507-ec34-4cf5-a5fc-f557ede188aa</sln:powIIPId><sln:powIIPPn>PL.PZGIK.200</sln:powIIPPn><sln:powIIPWersja>2012-09-27T08:13:53+02:00</sln:powIIPWersja><sln:powIdTeryt>1407</sln:powIdTeryt><sln:powNazwa>kozienicki</sln:powNazwa><sln:waznyOd>2014-06-23T00:00:00+02:00</sln:waznyOd><sln:wojIIPId>4b6c492a-eb04-441d-a92a-f44359c06de7</sln:wojIIPId><sln:wojIIPPn>PL.PZGIK.200</sln:wojIIPPn><sln:wojIIPWersja>2012-09-27T13:45:13+02:00</sln:wojIIPWersja><sln:wojIdTeryt>14</sln:wojIdTeryt><sln:wojNazwa>mazowieckie</sln:wojNazwa></sln:miejscowosc><sln:miejscowosc><sln:cyklZyciaDo>2017-04-19T00:00:00+02:00</sln:cyklZyciaDo><sln:cyklZyciaOd>2015-04-22T00:00:00+02:00</sln:cyklZyciaOd><sln:gmIIPId>a96f6943-ab9b-4ab3-972a-ea46b5ed9918</sln:gmIIPId><sln:gmIIPPn>PL.PZGIK.200</sln:gmIIPPn><sln:gmIIPWersja>2012-09-26T21:58:00+02:00</sln:gmIIPWersja><sln:gmIdTeryt>1407012</sln:gmIdTeryt><sln:gmNazwa>Garbatka-Letnisko</sln:gmNazwa><sln:miejscIIPId>1740069e-617b-45ab-abf7-5ac41e182949</sln:miejscIIPId><sln:miejscIIPPn>PL.PZGIK.200</sln:miejscIIPPn><sln:miejscIIPWersja>2016-11-24T11:32:40+02:00</sln:miejscIIPWersja><sln:miejscIdTeryt>0618616</sln:miejscIdTeryt><sln:miejscNazwa>Garbatka Nowa</sln:miejscNazwa><sln:miejscRodzaj>Wieś</sln:miejscRodzaj><sln:powIIPId>e11a1507-ec34-4cf5-a5fc-f557ede188aa</sln:powIIPId><sln:powIIPPn>PL.PZGIK.200</sln:powIIPPn><sln:powIIPWersja>2012-09-27T08:13:53+02:00</sln:powIIPWersja><sln:powIdTeryt>1407</sln:powIdTeryt><sln:powNazwa>kozienicki</sln:powNazwa><sln:waznyOd>2014-06-23T00:00:00+02:00</sln:waznyOd><sln:wojIIPId>4b6c492a-eb04-441d-a92a-f44359c06de7</sln:wojIIPId><sln:wojIIPPn>PL.PZGIK.200</sln:wojIIPPn><sln:wojIIPWersja>2012-09-27T13:45:13+02:00</sln:wojIIPWersja><sln:wojIdTeryt>14</sln:wojIdTeryt><sln:wojNazwa>mazowieckie</sln:wojNazwa></sln:miejscowosc><sln:miejscowosc><sln:cyklZyciaDo>2017-04-19T00:00:00+02:00</sln:cyklZyciaDo><sln:cyklZyciaOd>2015-04-22T00:00:00+02:00</sln:cyklZyciaOd><sln:gmIIPId>a96f6943-ab9b-4ab3-972a-ea46b5ed9918</sln:gmIIPId><sln:gmIIPPn>PL.PZGIK.200</sln:gmIIPPn><sln:gmIIPWersja>2012-09-26T21:58:00+02:00</sln:gmIIPWersja><sln:gmIdTeryt>1407012</sln:gmIdTeryt><sln:gmNazwa>Garbatka-Letnisko</sln:gmNazwa><sln:miejscIIPId>a0b1a85b-49fe-47ce-8f66-f382d31eda17</sln:miejscIIPId><sln:miejscIIPPn>PL.PZGIK.200</sln:miejscIIPPn><sln:miejscIIPWersja>2016-11-24T11:32:40+02:00</sln:miejscIIPWersja><sln:miejscIdTeryt>0618674</sln:miejscIdTeryt><sln:miejscNazwa>Molendy</sln:miejscNazwa><sln:miejscRodzaj>Wieś</sln:miejscRodzaj><sln:powIIPId>e11a1507-ec34-4cf5-a5fc-f557ede188aa</sln:powIIPId><sln:powIIPPn>PL.PZGIK.200</sln:powIIPPn><sln:powIIPWersja>2012-09-27T08:13:53+02:00</sln:powIIPWersja><sln:powIdTeryt>1407</sln:powIdTeryt><sln:powNazwa>kozienicki</sln:powNazwa><sln:waznyOd>2014-06-23T00:00:00+02:00</sln:waznyOd><sln:wojIIPId>4b6c492a-eb04-441d-a92a-f44359c06de7</sln:wojIIPId><sln:wojIIPPn>PL.PZGIK.200</sln:wojIIPPn><sln:wojIIPWersja>2012-09-27T13:45:13+02:00</sln:wojIIPWersja><sln:wojIdTeryt>14</sln:wojIdTeryt><sln:wojNazwa>mazowieckie</sln:wojNazwa></sln:miejscowosc><sln:miejscowosc><sln:cyklZyciaDo>2017-04-19T00:00:00+02:00</sln:cyklZyciaDo><sln:cyklZyciaOd>2015-04-22T00:00:00+02:00</sln:cyklZyciaOd><sln:gmIIPId>a96f6943-ab9b-4ab3-972a-ea46b5ed9918</sln:gmIIPId><sln:gmIIPPn>PL.PZGIK.200</sln:gmIIPPn><sln:gmIIPWersja>2012-09-26T21:58:00+02:00</sln:gmIIPWersja><sln:gmIdTeryt>1407012</sln:gmIdTeryt><sln:gmNazwa>Garbatka-Letnisko</sln:gmNazwa><sln:miejscIIPId>8b45139e-0ccd-4f7c-a9e1-ba38b4becd3a</sln:miejscIIPId><sln:miejscIIPPn>PL.PZGIK.200</sln:miejscIIPPn><sln:miejscIIPWersja>2016-11-24T11:32:40+02:00</sln:miejscIIPWersja><sln:miejscIdTeryt>0618705</sln:miejscIdTeryt><sln:miejscNazwa>Ponikwa</sln:miejscNazwa><sln:miejscRodzaj>Wieś</sln:miejscRodzaj><sln:powIIPId>e11a1507-ec34-4cf5-a5fc-f557ede188aa</sln:powIIPId><sln:powIIPPn>PL.PZGIK.200</sln:powIIPPn><sln:powIIPWersja>2012-09-27T08:13:53+02:00</sln:powIIPWersja><sln:powIdTeryt>1407</sln:powIdTeryt><sln:powNazwa>kozienicki</sln:powNazwa><sln:waznyOd>2014-06-23T00:00:00+02:00</sln:waznyOd><sln:wojIIPId>4b6c492a-eb04-441d-a92a-f44359c06de7</sln:wojIIPId><sln:wojIIPPn>PL.PZGIK.200</sln:wojIIPPn><sln:wojIIPWersja>2012-09-27T13:45:13+02:00</sln:wojIIPWersja><sln:wojIdTeryt>14</sln:wojIdTeryt><sln:wojNazwa>mazowieckie</sln:wojNazwa></sln:miejscowosc><sln:miejscowosc><sln:cyklZyciaOd>2017-04-19T00:00:00+02:00</sln:cyklZyciaOd><sln:gmIIPId>a96f6943-ab9b-4ab3-972a-ea46b5ed9918</sln:gmIIPId><sln:gmIIPPn>PL.PZGIK.200</sln:gmIIPPn><sln:gmIIPWersja>2012-09-26T21:58:00+02:00</sln:gmIIPWersja><sln:gmIdTeryt>1407012</sln:gmIdTeryt><sln:gmNazwa>Garbatka-Letnisko</sln:gmNazwa><sln:miejscIIPId>9f0a8e54-a088-4c90-ace9-0ebea5065ad1</sln:miejscIIPId><sln:miejscIIPPn>PL.PZGIK.200</sln:miejscIIPPn><sln:miejscIIPWersja>2017-04-19T16:09:50+02:00</sln:miejscIIPWersja><sln:miejscIdTeryt>0618510</sln:miejscIdTeryt><sln:miejscNazwa>Anielin</sln:miejscNazwa><sln:miejscRodzaj>Wieś</sln:miejscRodzaj><sln:powIIPId>e11a1507-ec34-4cf5-a5fc-f557ede188aa</sln:powIIPId><sln:powIIPPn>PL.PZGIK.200</sln:powIIPPn><sln:powIIPWersja>2012-09-27T08:13:53+02:00</sln:powIIPWersja><sln:powIdTeryt>1407</sln:powIdTeryt><sln:powNazwa>kozienicki</sln:powNazwa><sln:waznyOd>2014-06-23T00:00:00+02:00</sln:waznyOd><sln:wojIIPId>4b6c492a-eb04-441d-a92a-f44359c06de7</sln:wojIIPId><sln:wojIIPPn>PL.PZGIK.200</sln:wojIIPPn><sln:wojIIPWersja>2012-09-27T13:45:13+02:00</sln:wojIIPWersja><sln:wojIdTeryt>14</sln:wojIdTeryt><sln:wojNazwa>mazowieckie</sln:wojNazwa></sln:miejscowosc><sln:miejscowosc><sln:cyklZyciaDo>2018-02-27T00:00:00+01:00</sln:cyklZyciaDo><sln:cyklZyciaOd>2017-04-19T00:00:00+02:00</sln:cyklZyciaOd><sln:gmIIPId>a96f6943-ab9b-4ab3-972a-ea46b5ed9918</sln:gmIIPId><sln:gmIIPPn>PL.PZGIK.200</sln:gmIIPPn><sln:gmIIPWersja>2012-09-26T21:58:00+02:00</sln:gmIIPWersja><sln:gmIdTeryt>1407012</sln:gmIdTeryt><sln:gmNazwa>Garbatka-Letnisko</sln:gmNazwa><sln:miejscIIPId>3679dded-cf9b-4261-a080-08a94033fbfa</sln:miejscIIPId><sln:miejscIIPPn>PL.PZGIK.200</sln:miejscIIPPn><sln:miejscIIPWersja>2017-04-19T16:09:57+02:00</sln:miejscIIPWersja><sln:miejscIdTeryt>0618527</sln:miejscIdTeryt><sln:miejscNazwa>Bąkowiec</sln:miejscNazwa><sln:miejscRodzaj>Wieś</sln:miejscRodzaj><sln:powIIPId>e11a1507-ec34-4cf5-a5fc-f557ede188aa</sln:powIIPId><sln:powIIPPn>PL.PZGIK.200</sln:powIIPPn><sln:powIIPWersja>2012-09-27T08:13:53+02:00</sln:powIIPWersja><sln:powIdTeryt>1407</sln:powIdTeryt><sln:powNazwa>kozienicki</sln:powNazwa><sln:waznyOd>2014-06-23T00:00:00+02:00</sln:waznyOd><sln:wojIIPId>4b6c492a-eb04-441d-a92a-f44359c06de7</sln:wojIIPId><sln:wojIIPPn>PL.PZGIK.200</sln:wojIIPPn><sln:wojIIPWersja>2012-09-27T13:45:13+02:00</sln:wojIIPWersja><sln:wojIdTeryt>14</sln:wojIdTeryt><sln:wojNazwa>mazowieckie</sln:wojNazwa></sln:miejscowosc><sln:miejscowosc><sln:cyklZyciaOd>2017-04-19T00:00:00+02:00</sln:cyklZyciaOd><sln:gmIIPId>a96f6943-ab9b-4ab3-972a-ea46b5ed9918</sln:gmIIPId><sln:gmIIPPn>PL.PZGIK.200</sln:gmIIPPn><sln:gmIIPWersja>2012-09-26T21:58:00+02:00</sln:gmIIPWersja><sln:gmIdTeryt>1407012</sln:gmIdTeryt><sln:gmNazwa>Garbatka-Letnisko</sln:gmNazwa><sln:miejscIIPId>1607bf3d-68a2-4c81-b2a8-6353cfa2dbed</sln:miejscIIPId><sln:miejscIIPPn>PL.PZGIK.200</sln:miejscIIPPn><sln:miejscIIPWersja>2017-04-19T16:09:57+02:00</sln:miejscIIPWersja><sln:miejscIdTeryt>0618562</sln:miejscIdTeryt><sln:miejscNazwa>Bogucin</sln:miejscNazwa><sln:miejscRodzaj>Wieś</sln:miejscRodzaj><sln:powIIPId>e11a1507-ec34-4cf5-a5fc-f557ede188aa</sln:powIIPId><sln:powIIPPn>PL.PZGIK.200</sln:powIIPPn><sln:powIIPWersja>2012-09-27T08:13:53+02:00</sln:powIIPWersja><sln:powIdTeryt>1407</sln:powIdTeryt><sln:powNazwa>kozienicki</sln:powNazwa><sln:waznyOd>2014-06-23T00:00:00+02:00</sln:waznyOd><sln:wojIIPId>4b6c492a-eb04-441d-a92a-f44359c06de7</sln:wojIIPId><sln:wojIIPPn>PL.PZGIK.200</sln:wojIIPPn><sln:wojIIPWersja>2012-09-27T13:45:13+02:00</sln:wojIIPWersja><sln:wojIdTeryt>14</sln:wojIdTeryt><sln:wojNazwa>mazowieckie</sln:wojNazwa></sln:miejscowosc><sln:miejscowosc><sln:cyklZyciaOd>2017-04-19T00:00:00+02:00</sln:cyklZyciaOd><sln:gmIIPId>a96f6943-ab9b-4ab3-972a-ea46b5ed9918</sln:gmIIPId><sln:gmIIPPn>PL.PZGIK.200</sln:gmIIPPn><sln:gmIIPWersja>2012-09-26T21:58:00+02:00</sln:gmIIPWersja><sln:gmIdTeryt>1407012</sln:gmIdTeryt><sln:gmNazwa>Garbatka-Letnisko</sln:gmNazwa><sln:miejscIIPId>83f96e60-c060-40de-bd06-f6e12f8f8f44</sln:miejscIIPId><sln:miejscIIPPn>PL.PZGIK.200</sln:miejscIIPPn><sln:miejscIIPWersja>2017-04-19T16:09:57+02:00</sln:miejscIIPWersja><sln:miejscIdTeryt>0618579</sln:miejscIdTeryt><sln:miejscNazwa>Brzustów</sln:miejscNazwa><sln:miejscRodzaj>Wieś</sln:miejscRodzaj><sln:powIIPId>e11a1507-ec34-4cf5-a5fc-f557ede188aa</sln:powIIPId><sln:powIIPPn>PL.PZGIK.200</sln:powIIPPn><sln:powIIPWersja>2012-09-27T08:13:53+02:00</sln:powIIPWersja><sln:powIdTeryt>1407</sln:powIdTeryt><sln:powNazwa>kozienicki</sln:powNazwa><sln:waznyOd>2014-06-23T00:00:00+02:00</sln:waznyOd><sln:wojIIPId>4b6c492a-eb04-441d-a92a-f44359c06de7</sln:wojIIPId><sln:wojIIPPn>PL.PZGIK.200</sln:wojIIPPn><sln:wojIIPWersja>2012-09-27T13:45:13+02:00</sln:wojIIPWersja><sln:wojIdTeryt>14</sln:wojIdTeryt><sln:wojNazwa>mazowieckie</sln:wojNazwa></sln:miejscowosc><sln:miejscowosc><sln:cyklZyciaDo>2017-09-18T00:00:00+02:00</sln:cyklZyciaDo><sln:cyklZyciaOd>2017-04-19T00:00:00+02:00</sln:cyklZyciaOd><sln:gmIIPId>a96f6943-ab9b-4ab3-972a-ea46b5ed9918</sln:gmIIPId><sln:gmIIPPn>PL.PZGIK.200</sln:gmIIPPn><sln:gmIIPWersja>2012-09-26T21:58:00+02:00</sln:gmIIPWersja><sln:gmIdTeryt>1407012</sln:gmIdTeryt><sln:gmNazwa>Garbatka-Letnisko</sln:gmNazwa><sln:miejscIIPId>bf54a2f8-0548-46ae-8b58-262c583b7bad</sln:miejscIIPId><sln:miejscIIPPn>PL.PZGIK.200</sln:miejscIIPPn><sln:miejscIIPWersja>2017-04-19T16:09:57+02:00</sln:miejscIIPWersja><sln:miejscIdTeryt>0618600</sln:miejscIdTeryt><sln:miejscNazwa>Garbatka Długa</sln:miejscNazwa><sln:miejscRodzaj>Wieś</sln:miejscRodzaj><sln:powIIPId>e11a1507-ec34-4cf5-a5fc-f557ede188aa</sln:powIIPId><sln:powIIPPn>PL.PZGIK.200</sln:powIIPPn><sln:powIIPWersja>2012-09-27T08:13:53+02:00</sln:powIIPWersja><sln:powIdTeryt>1407</sln:powIdTeryt><sln:powNazwa>kozienicki</sln:powNazwa><sln:waznyOd>2014-06-23T00:00:00+02:00</sln:waznyOd><sln:wojIIPId>4b6c492a-eb04-441d-a92a-f44359c06de7</sln:wojIIPId><sln:wojIIPPn>PL.PZGIK.200</sln:wojIIPPn><sln:wojIIPWersja>2012-09-27T13:45:13+02:00</sln:wojIIPWersja><sln:wojIdTeryt>14</sln:wojIdTeryt><sln:wojNazwa>mazowieckie</sln:wojNazwa></sln:miejscowosc><sln:miejscowosc><sln:cyklZyciaOd>2017-04-19T00:00:00+02:00</sln:cyklZyciaOd><sln:gmIIPId>a96f6943-ab9b-4ab3-972a-ea46b5ed9918</sln:gmIIPId><sln:gmIIPPn>PL.PZGIK.200</sln:gmIIPPn><sln:gmIIPWersja>2012-09-26T21:58:00+02:00</sln:gmIIPWersja><sln:gmIdTeryt>1407012</sln:gmIdTeryt><sln:gmNazwa>Garbatka-Letnisko</sln:gmNazwa><sln:miejscIIPId>1740069e-617b-45ab-abf7-5ac41e182949</sln:miejscIIPId><sln:miejscIIPPn>PL.PZGIK.200</sln:miejscIIPPn><sln:miejscIIPWersja>2017-04-19T16:09:57+02:00</sln:miejscIIPWersja><sln:miejscIdTeryt>0618616</sln:miejscIdTeryt><sln:miejscNazwa>Garbatka Nowa</sln:miejscNazwa><sln:miejscRodzaj>Wieś</sln:miejscRodzaj><sln:powIIPId>e11a1507-ec34-4cf5-a5fc-f557ede188aa</sln:powIIPId><sln:powIIPPn>PL.PZGIK.200</sln:powIIPPn><sln:powIIPWersja>2012-09-27T08:13:53+02:00</sln:powIIPWersja><sln:powIdTeryt>1407</sln:powIdTeryt><sln:powNazwa>kozienicki</sln:powNazwa><sln:waznyOd>2014-06-23T00:00:00+02:00</sln:waznyOd><sln:wojIIPId>4b6c492a-eb04-441d-a92a-f44359c06de7</sln:wojIIPId><sln:wojIIPPn>PL.PZGIK.200</sln:wojIIPPn><sln:wojIIPWersja>2012-09-27T13:45:13+02:00</sln:wojIIPWersja><sln:wojIdTeryt>14</sln:wojIdTeryt><sln:wojNazwa>mazowieckie</sln:wojNazwa></sln:miejscowosc><sln:miejscowosc><sln:cyklZyciaDo>2018-02-27T00:00:00+01:00</sln:cyklZyciaDo><sln:cyklZyciaOd>2017-04-19T00:00:00+02:00</sln:cyklZyciaOd><sln:gmIIPId>a96f6943-ab9b-4ab3-972a-ea46b5ed9918</sln:gmIIPId><sln:gmIIPPn>PL.PZGIK.200</sln:gmIIPPn><sln:gmIIPWersja>2012-09-26T21:58:00+02:00</sln:gmIIPWersja><sln:gmIdTeryt>1407012</sln:gmIdTeryt><sln:gmNazwa>Garbatka-Letnisko</sln:gmNazwa><sln:miejscIIPId>1147cfeb-35a5-41de-ae2a-9478529db828</sln:miejscIIPId><sln:miejscIIPPn>PL.PZGIK.200</sln:miejscIIPPn><sln:miejscIIPWersja>2017-04-19T16:09:57+02:00</sln:miejscIIPWersja><sln:miejscIdTeryt>0618622</sln:miejscIdTeryt><sln:miejscNazwa>Garbatka-Dziewiątka</sln:miejscNazwa><sln:miejscRodzaj>Wieś</sln:miejscRodzaj><sln:powIIPId>e11a1507-ec34-4cf5-a5fc-f557ede188aa</sln:powIIPId><sln:powIIPPn>PL.PZGIK.200</sln:powIIPPn><sln:powIIPWersja>2012-09-27T08:13:53+02:00</sln:powIIPWersja><sln:powIdTeryt>1407</sln:powIdTeryt><sln:powNazwa>kozienicki</sln:powNazwa><sln:waznyOd>2014-06-23T00:00:00+02:00</sln:waznyOd><sln:wojIIPId>4b6c492a-eb04-441d-a92a-f44359c06de7</sln:wojIIPId><sln:wojIIPPn>PL.PZGIK.200</sln:wojIIPPn><sln:wojIIPWersja>2012-09-27T13:45:13+02:00</sln:wojIIPWersja><sln:wojIdTeryt>14</sln:wojIdTeryt><sln:wojNazwa>mazowieckie</sln:wojNazwa></sln:miejscowosc><sln:miejscowosc><sln:cyklZyciaDo>2017-09-18T00:00:00+02:00</sln:cyklZyciaDo><sln:cyklZyciaOd>2017-04-19T00:00:00+02:00</sln:cyklZyciaOd><sln:gmIIPId>a96f6943-ab9b-4ab3-972a-ea46b5ed9918</sln:gmIIPId><sln:gmIIPPn>PL.PZGIK.200</sln:gmIIPPn><sln:gmIIPWersja>2012-09-26T21:58:00+02:00</sln:gmIIPWersja><sln:gmIdTeryt>1407012</sln:gmIdTeryt><sln:gmNazwa>Garbatka-Letnisko</sln:gmNazwa><sln:miejscIIPId>2b5187ac-66a0-49e8-815b-ba4e74e5d224</sln:miejscIIPId><sln:miejscIIPPn>PL.PZGIK.200</sln:miejscIIPPn><sln:miejscIIPWersja>2017-04-19T16:09:57+02:00</sln:miejscIIPWersja><sln:miejscIdTeryt>0618639</sln:miejscIdTeryt><sln:miejscNazwa>Garbatka-Letnisko</sln:miejscNazwa><sln:miejscRodzaj>Wieś</sln:miejscRodzaj><sln:powIIPId>e11a1507-ec34-4cf5-a5fc-f557ede188aa</sln:powIIPId><sln:powIIPPn>PL.PZGIK.200</sln:powIIPPn><sln:powIIPWersja>2012-09-27T08:13:53+02:00</sln:powIIPWersja><sln:powIdTeryt>1407</sln:powIdTeryt><sln:powNazwa>kozienicki</sln:powNazwa><sln:waznyOd>2014-06-23T00:00:00+02:00</sln:waznyOd><sln:wojIIPId>4b6c492a-eb04-441d-a92a-f44359c06de7</sln:wojIIPId><sln:wojIIPPn>PL.PZGIK.200</sln:wojIIPPn><sln:wojIIPWersja>2012-09-27T13:45:13+02:00</sln:wojIIPWersja><sln:wojIdTeryt>14</sln:wojIdTeryt><sln:wojNazwa>mazowieckie</sln:wojNazwa></sln:miejscowosc><sln:miejscowosc><sln:cyklZyciaDo>2018-02-27T00:00:00+01:00</sln:cyklZyciaDo><sln:cyklZyciaOd>2017-04-19T00:00:00+02:00</sln:cyklZyciaOd><sln:gmIIPId>a96f6943-ab9b-4ab3-972a-ea46b5ed9918</sln:gmIIPId><sln:gmIIPPn>PL.PZGIK.200</sln:gmIIPPn><sln:gmIIPWersja>2012-09-26T21:58:00+02:00</sln:gmIIPWersja><sln:gmIdTeryt>1407012</sln:gmIdTeryt><sln:gmNazwa>Garbatka-Letnisko</sln:gmNazwa><sln:miejscIIPId>4db66f75-9eff-44b5-be24-c0ce771f0e19</sln:miejscIIPId><sln:miejscIIPPn>PL.PZGIK.200</sln:miejscIIPPn><sln:miejscIIPWersja>2017-04-19T16:09:57+02:00</sln:miejscIIPWersja><sln:miejscIdTeryt>0618668</sln:miejscIdTeryt><sln:miejscNazwa>Garbatka-Zbyczyn</sln:miejscNazwa><sln:miejscRodzaj>Wieś</sln:miejscRodzaj><sln:powIIPId>e11a1507-ec34-4cf5-a5fc-f557ede188aa</sln:powIIPId><sln:powIIPPn>PL.PZGIK.200</sln:powIIPPn><sln:powIIPWersja>2012-09-27T08:13:53+02:00</sln:powIIPWersja><sln:powIdTeryt>1407</sln:powIdTeryt><sln:powNazwa>kozienicki</sln:powNazwa><sln:waznyOd>2014-06-23T00:00:00+02:00</sln:waznyOd><sln:wojIIPId>4b6c492a-eb04-441d-a92a-f44359c06de7</sln:wojIIPId><sln:wojIIPPn>PL.PZGIK.200</sln:wojIIPPn><sln:wojIIPWersja>2012-09-27T13:45:13+02:00</sln:wojIIPWersja><sln:wojIdTeryt>14</sln:wojIdTeryt><sln:wojNazwa>mazowieckie</sln:wojNazwa></sln:miejscowosc><sln:miejscowosc><sln:cyklZyciaOd>2017-04-19T00:00:00+02:00</sln:cyklZyciaOd><sln:gmIIPId>a96f6943-ab9b-4ab3-972a-ea46b5ed9918</sln:gmIIPId><sln:gmIIPPn>PL.PZGIK.200</sln:gmIIPPn><sln:gmIIPWersja>2012-09-26T21:58:00+02:00</sln:gmIIPWersja><sln:gmIdTeryt>1407012</sln:gmIdTeryt><sln:gmNazwa>Garbatka-Letnisko</sln:gmNazwa><sln:miejscIIPId>a0b1a85b-49fe-47ce-8f66-f382d31eda17</sln:miejscIIPId><sln:miejscIIPPn>PL.PZGIK.200</sln:miejscIIPPn><sln:miejscIIPWersja>2017-04-19T16:09:57+02:00</sln:miejscIIPWersja><sln:miejscIdTeryt>0618674</sln:miejscIdTeryt><sln:miejscNazwa>Molendy</sln:miejscNazwa><sln:miejscRodzaj>Wieś</sln:miejscRodzaj><sln:powIIPId>e11a1507-ec34-4cf5-a5fc-f557ede188aa</sln:powIIPId><sln:powIIPPn>PL.PZGIK.200</sln:powIIPPn><sln:powIIPWersja>2012-09-27T08:13:53+02:00</sln:powIIPWersja><sln:powIdTeryt>1407</sln:powIdTeryt><sln:powNazwa>kozienicki</sln:powNazwa><sln:waznyOd>2014-06-23T00:00:00+02:00</sln:waznyOd><sln:wojIIPId>4b6c492a-eb04-441d-a92a-f44359c06de7</sln:wojIIPId><sln:wojIIPPn>PL.PZGIK.200</sln:wojIIPPn><sln:wojIIPWersja>2012-09-27T13:45:13+02:00</sln:wojIIPWersja><sln:wojIdTeryt>14</sln:wojIdTeryt><sln:wojNazwa>mazowieckie</sln:wojNazwa></sln:miejscowosc><sln:miejscowosc><sln:cyklZyciaOd>2017-04-19T00:00:00+02:00</sln:cyklZyciaOd><sln:gmIIPId>a96f6943-ab9b-4ab3-972a-ea46b5ed9918</sln:gmIIPId><sln:gmIIPPn>PL.PZGIK.200</sln:gmIIPPn><sln:gmIIPWersja>2012-09-26T21:58:00+02:00</sln:gmIIPWersja><sln:gmIdTeryt>1407012</sln:gmIdTeryt><sln:gmNazwa>Garbatka-Letnisko</sln:gmNazwa><sln:miejscIIPId>8b45139e-0ccd-4f7c-a9e1-ba38b4becd3a</sln:miejscIIPId><sln:miejscIIPPn>PL.PZGIK.200</sln:miejscIIPPn><sln:miejscIIPWersja>2017-04-19T16:09:57+02:00</sln:miejscIIPWersja><sln:miejscIdTeryt>0618705</sln:miejscIdTeryt><sln:miejscNazwa>Ponikwa</sln:miejscNazwa><sln:miejscRodzaj>Wieś</sln:miejscRodzaj><sln:powIIPId>e11a1507-ec34-4cf5-a5fc-f557ede188aa</sln:powIIPId><sln:powIIPPn>PL.PZGIK.200</sln:powIIPPn><sln:powIIPWersja>2012-09-27T08:13:53+02:00</sln:powIIPWersja><sln:powIdTeryt>1407</sln:powIdTeryt><sln:powNazwa>kozienicki</sln:powNazwa><sln:waznyOd>2014-06-23T00:00:00+02:00</sln:waznyOd><sln:wojIIPId>4b6c492a-eb04-441d-a92a-f44359c06de7</sln:wojIIPId><sln:wojIIPPn>PL.PZGIK.200</sln:wojIIPPn><sln:wojIIPWersja>2012-09-27T13:45:13+02:00</sln:wojIIPWersja><sln:wojIdTeryt>14</sln:wojIdTeryt><sln:wojNazwa>mazowieckie</sln:wojNazwa></sln:miejscowosc><sln:miejscowosc><sln:cyklZyciaDo>2018-02-27T00:00:00+01:00</sln:cyklZyciaDo><sln:cyklZyciaOd>2017-09-18T00:00:00+02:00</sln:cyklZyciaOd><sln:gmIIPId>a96f6943-ab9b-4ab3-972a-ea46b5ed9918</sln:gmIIPId><sln:gmIIPPn>PL.PZGIK.200</sln:gmIIPPn><sln:gmIIPWersja>2012-09-26T21:58:00+02:00</sln:gmIIPWersja><sln:gmIdTeryt>1407012</sln:gmIdTeryt><sln:gmNazwa>Garbatka-Letnisko</sln:gmNazwa><sln:miejscIIPId>bf54a2f8-0548-46ae-8b58-262c583b7bad</sln:miejscIIPId><sln:miejscIIPPn>PL.PZGIK.200</sln:miejscIIPPn><sln:miejscIIPWersja>2017-09-18T23:12:23+02:00</sln:miejscIIPWersja><sln:miejscIdTeryt>0618600</sln:miejscIdTeryt><sln:miejscNazwa>Garbatka Długa</sln:miejscNazwa><sln:miejscRodzaj>Wieś</sln:miejscRodzaj><sln:powIIPId>e11a1507-ec34-4cf5-a5fc-f557ede188aa</sln:powIIPId><sln:powIIPPn>PL.PZGIK.200</sln:powIIPPn><sln:powIIPWersja>2012-09-27T08:13:53+02:00</sln:powIIPWersja><sln:powIdTeryt>1407</sln:powIdTeryt><sln:powNazwa>kozienicki</sln:powNazwa><sln:waznyOd>2017-09-18T00:00:00+02:00</sln:waznyOd><sln:wojIIPId>4b6c492a-eb04-441d-a92a-f44359c06de7</sln:wojIIPId><sln:wojIIPPn>PL.PZGIK.200</sln:wojIIPPn><sln:wojIIPWersja>2012-09-27T13:45:13+02:00</sln:wojIIPWersja><sln:wojIdTeryt>14</sln:wojIdTeryt><sln:wojNazwa>mazowieckie</sln:wojNazwa></sln:miejscowosc><sln:miejscowosc><sln:cyklZyciaOd>2017-09-18T00:00:00+02:00</sln:cyklZyciaOd><sln:gmIIPId>a96f6943-ab9b-4ab3-972a-ea46b5ed9918</sln:gmIIPId><sln:gmIIPPn>PL.PZGIK.200</sln:gmIIPPn><sln:gmIIPWersja>2012-09-26T21:58:00+02:00</sln:gmIIPWersja><sln:gmIdTeryt>1407012</sln:gmIdTeryt><sln:gmNazwa>Garbatka-Letnisko</sln:gmNazwa><sln:miejscIIPId>2b5187ac-66a0-49e8-815b-ba4e74e5d224</sln:miejscIIPId><sln:miejscIIPPn>PL.PZGIK.200</sln:miejscIIPPn><sln:miejscIIPWersja>2017-09-18T23:12:29+02:00</sln:miejscIIPWersja><sln:miejscIdTeryt>0618639</sln:miejscIdTeryt><sln:miejscNazwa>Garbatka-Letnisko</sln:miejscNazwa><sln:miejscRodzaj>Wieś</sln:miejscRodzaj><sln:powIIPId>e11a1507-ec34-4cf5-a5fc-f557ede188aa</sln:powIIPId><sln:powIIPPn>PL.PZGIK.200</sln:powIIPPn><sln:powIIPWersja>2012-09-27T08:13:53+02:00</sln:powIIPWersja><sln:powIdTeryt>1407</sln:powIdTeryt><sln:powNazwa>kozienicki</sln:powNazwa><sln:waznyOd>2017-09-18T00:00:00+02:00</sln:waznyOd><sln:wojIIPId>4b6c492a-eb04-441d-a92a-f44359c06de7</sln:wojIIPId><sln:wojIIPPn>PL.PZGIK.200</sln:wojIIPPn><sln:wojIIPWersja>2012-09-27T13:45:13+02:00</sln:wojIIPWersja><sln:wojIdTeryt>14</sln:wojIdTeryt><sln:wojNazwa>mazowieckie</sln:wojNazwa></sln:miejscowosc><sln:miejscowosc><sln:cyklZyciaOd>2018-02-27T00:00:00+01:00</sln:cyklZyciaOd><sln:gmIIPId>a96f6943-ab9b-4ab3-972a-ea46b5ed9918</sln:gmIIPId><sln:gmIIPPn>PL.PZGIK.200</sln:gmIIPPn><sln:gmIIPWersja>2012-09-26T21:58:00+02:00</sln:gmIIPWersja><sln:gmIdTeryt>1407012</sln:gmIdTeryt><sln:gmNazwa>Garbatka-Letnisko</sln:gmNazwa><sln:miejscIIPId>3679dded-cf9b-4261-a080-08a94033fbfa</sln:miejscIIPId><sln:miejscIIPPn>PL.PZGIK.200</sln:miejscIIPPn><sln:miejscIIPWersja>2018-02-27T22:53:23+02:00</sln:miejscIIPWersja><sln:miejscIdTeryt>0618527</sln:miejscIdTeryt><sln:miejscNazwa>Bąkowiec</sln:miejscNazwa><sln:miejscRodzaj>Wieś</sln:miejscRodzaj><sln:powIIPId>e11a1507-ec34-4cf5-a5fc-f557ede188aa</sln:powIIPId><sln:powIIPPn>PL.PZGIK.200</sln:powIIPPn><sln:powIIPWersja>2012-09-27T08:13:53+02:00</sln:powIIPWersja><sln:powIdTeryt>1407</sln:powIdTeryt><sln:powNazwa>kozienicki</sln:powNazwa><sln:waznyOd>2018-02-20T00:00:00+01:00</sln:waznyOd><sln:wojIIPId>4b6c492a-eb04-441d-a92a-f44359c06de7</sln:wojIIPId><sln:wojIIPPn>PL.PZGIK.200</sln:wojIIPPn><sln:wojIIPWersja>2012-09-27T13:45:13+02:00</sln:wojIIPWersja><sln:wojIdTeryt>14</sln:wojIdTeryt><sln:wojNazwa>mazowieckie</sln:wojNazwa></sln:miejscowosc><sln:miejscowosc><sln:cyklZyciaOd>2018-02-27T00:00:00+01:00</sln:cyklZyciaOd><sln:gmIIPId>a96f6943-ab9b-4ab3-972a-ea46b5ed9918</sln:gmIIPId><sln:gmIIPPn>PL.PZGIK.200</sln:gmIIPPn><sln:gmIIPWersja>2012-09-26T21:58:00+02:00</sln:gmIIPWersja><sln:gmIdTeryt>1407012</sln:gmIdTeryt><sln:gmNazwa>Garbatka-Letnisko</sln:gmNazwa><sln:miejscIIPId>bf54a2f8-0548-46ae-8b58-262c583b7bad</sln:miejscIIPId><sln:miejscIIPPn>PL.PZGIK.200</sln:miejscIIPPn><sln:miejscIIPWersja>2018-02-27T22:53:23+02:00</sln:miejscIIPWersja><sln:miejscIdTeryt>0618600</sln:miejscIdTeryt><sln:miejscNazwa>Garbatka Długa</sln:miejscNazwa><sln:miejscRodzaj>Wieś</sln:miejscRodzaj><sln:powIIPId>e11a1507-ec34-4cf5-a5fc-f557ede188aa</sln:powIIPId><sln:powIIPPn>PL.PZGIK.200</sln:powIIPPn><sln:powIIPWersja>2012-09-27T08:13:53+02:00</sln:powIIPWersja><sln:powIdTeryt>1407</sln:powIdTeryt><sln:powNazwa>kozienicki</sln:powNazwa><sln:waznyOd>2018-02-20T00:00:00+01:00</sln:waznyOd><sln:wojIIPId>4b6c492a-eb04-441d-a92a-f44359c06de7</sln:wojIIPId><sln:wojIIPPn>PL.PZGIK.200</sln:wojIIPPn><sln:wojIIPWersja>2012-09-27T13:45:13+02:00</sln:wojIIPWersja><sln:wojIdTeryt>14</sln:wojIdTeryt><sln:wojNazwa>mazowieckie</sln:wojNazwa></sln:miejscowosc><sln:miejscowosc><sln:cyklZyciaOd>2018-02-27T00:00:00+01:00</sln:cyklZyciaOd><sln:gmIIPId>a96f6943-ab9b-4ab3-972a-ea46b5ed9918</sln:gmIIPId><sln:gmIIPPn>PL.PZGIK.200</sln:gmIIPPn><sln:gmIIPWersja>2012-09-26T21:58:00+02:00</sln:gmIIPWersja><sln:gmIdTeryt>1407012</sln:gmIdTeryt><sln:gmNazwa>Garbatka-Letnisko</sln:gmNazwa><sln:miejscIIPId>1147cfeb-35a5-41de-ae2a-9478529db828</sln:miejscIIPId><sln:miejscIIPPn>PL.PZGIK.200</sln:miejscIIPPn><sln:miejscIIPWersja>2018-02-27T22:53:23+02:00</sln:miejscIIPWersja><sln:miejscIdTeryt>0618622</sln:miejscIdTeryt><sln:miejscNazwa>Garbatka-Dziewiątka</sln:miejscNazwa><sln:miejscRodzaj>Wieś</sln:miejscRodzaj><sln:powIIPId>e11a1507-ec34-4cf5-a5fc-f557ede188aa</sln:powIIPId><sln:powIIPPn>PL.PZGIK.200</sln:powIIPPn><sln:powIIPWersja>2012-09-27T08:13:53+02:00</sln:powIIPWersja><sln:powIdTeryt>1407</sln:powIdTeryt><sln:powNazwa>kozienicki</sln:powNazwa><sln:waznyOd>2018-02-20T00:00:00+01:00</sln:waznyOd><sln:wojIIPId>4b6c492a-eb04-441d-a92a-f44359c06de7</sln:wojIIPId><sln:wojIIPPn>PL.PZGIK.200</sln:wojIIPPn><sln:wojIIPWersja>2012-09-27T13:45:13+02:00</sln:wojIIPWersja><sln:wojIdTeryt>14</sln:wojIdTeryt><sln:wojNazwa>mazowieckie</sln:wojNazwa></sln:miejscowosc><sln:miejscowosc><sln:cyklZyciaOd>2018-02-27T00:00:00+01:00</sln:cyklZyciaOd><sln:gmIIPId>a96f6943-ab9b-4ab3-972a-ea46b5ed9918</sln:gmIIPId><sln:gmIIPPn>PL.PZGIK.200</sln:gmIIPPn><sln:gmIIPWersja>2012-09-26T21:58:00+02:00</sln:gmIIPWersja><sln:gmIdTeryt>1407012</sln:gmIdTeryt><sln:gmNazwa>Garbatka-Letnisko</sln:gmNazwa><sln:miejscIIPId>4db66f75-9eff-44b5-be24-c0ce771f0e19</sln:miejscIIPId><sln:miejscIIPPn>PL.PZGIK.200</sln:miejscIIPPn><sln:miejscIIPWersja>2018-02-27T22:53:23+02:00</sln:miejscIIPWersja><sln:miejscIdTeryt>0618668</sln:miejscIdTeryt><sln:miejscNazwa>Garbatka-Zbyczyn</sln:miejscNazwa><sln:miejscRodzaj>Wieś</sln:miejscRodzaj><sln:powIIPId>e11a1507-ec34-4cf5-a5fc-f557ede188aa</sln:powIIPId><sln:powIIPPn>PL.PZGIK.200</sln:powIIPPn><sln:powIIPWersja>2012-09-27T08:13:53+02:00</sln:powIIPWersja><sln:powIdTeryt>1407</sln:powIdTeryt><sln:powNazwa>kozienicki</sln:powNazwa><sln:waznyOd>2018-02-20T00:00:00+01:00</sln:waznyOd><sln:wojIIPId>4b6c492a-eb04-441d-a92a-f44359c06de7</sln:wojIIPId><sln:wojIIPPn>PL.PZGIK.200</sln:wojIIPPn><sln:wojIIPWersja>2012-09-27T13:45:13+02:00</sln:wojIIPWersja><sln:wojIdTeryt>14</sln:wojIdTeryt><sln:wojNazwa>mazowieckie</sln:wojNazwa></sln:miejscowosc></sln:lista-miejscowosci>