<?xml version="1.0" encoding="UTF-8" standalone="yes"?><sln:lista-miejscowosci xmlns:srv="http://gugik.gov.pl/schemas/slowniki-service/1.0" xmlns:sln="http://gugik.gov.pl/schemas/slowniki-schema/1.0"><sln:miejscowosc><sln:cyklZyciaDo>2017-03-29T00:00:00+02:00</sln:cyklZyciaDo><sln:cyklZyciaOd>2015-12-10T00:00:00+01:00</sln:cyklZyciaOd><sln:gmIIPId>6540c4b6-3094-4047-b332-9523e8d70ada</sln:gmIIPId><sln:gmIIPPn>PL.PZGIK.200</sln:gmIIPPn><sln:gmIIPWersja>2012-09-26T21:56:29+02:00</sln:gmIIPWersja><sln:gmIdTeryt>1425122</sln:gmIdTeryt><sln:gmNazwa>Wolanów</sln:gmNazwa><sln:miejscIIPId>eed0f3ea-ddbd-4beb-8ef5-17866fd22c54</sln:miejscIIPId><sln:miejscIIPPn>PL.PZGIK.200</sln:miejscIIPPn><sln:miejscIIPWersja>2016-11-24T11:42:05+02:00</sln:miejscIIPWersja><sln:miejscIdTeryt>0641265</sln:miejscIdTeryt><sln:miejscNazwa>Bieniędzice</sln:miejscNazwa><sln:miejscRodzaj>Wieś</sln:miejscRodzaj><sln:powIIPId>3bed0908-7bc7-4981-89d9-c3a9075e317c</sln:powIIPId><sln:powIIPPn>PL.PZGIK.200</sln:powIIPPn><sln:powIIPWersja>2012-09-27T08:13:53+02:00</sln:powIIPWersja><sln:powIdTeryt>1425</sln:powIdTeryt><sln:powNazwa>radomski</sln:powNazwa><sln:waznyOd>2014-06-24T00:00:00+02:00</sln:waznyOd><sln:wojIIPId>4b6c492a-eb04-441d-a92a-f44359c06de7</sln:wojIIPId><sln:wojIIPPn>PL.PZGIK.200</sln:wojIIPPn><sln:wojIIPWersja>2012-09-27T13:45:13+02:00</sln:wojIIPWersja><sln:wojIdTeryt>14</sln:wojIdTeryt><sln:wojNazwa>mazowieckie</sln:wojNazwa></sln:miejscowosc><sln:miejscowosc><sln:cyklZyciaDo>2017-03-29T00:00:00+02:00</sln:cyklZyciaDo><sln:cyklZyciaOd>2015-12-10T00:00:00+01:00</sln:cyklZyciaOd><sln:gmIIPId>6540c4b6-3094-4047-b332-9523e8d70ada</sln:gmIIPId><sln:gmIIPPn>PL.PZGIK.200</sln:gmIIPPn><sln:gmIIPWersja>2012-09-26T21:56:29+02:00</sln:gmIIPWersja><sln:gmIdTeryt>1425122</sln:gmIdTeryt><sln:gmNazwa>Wolanów</sln:gmNazwa><sln:miejscIIPId>038c25fe-4c4a-40b3-9b3f-a6834e7291c7</sln:miejscIIPId><sln:miejscIIPPn>PL.PZGIK.200</sln:miejscIIPPn><sln:miejscIIPWersja>2016-11-24T11:42:05+02:00</sln:miejscIIPWersja><sln:miejscIdTeryt>0641294</sln:miejscIdTeryt><sln:miejscNazwa>Chruślice</sln:miejscNazwa><sln:miejscRodzaj>Wieś</sln:miejscRodzaj><sln:powIIPId>3bed0908-7bc7-4981-89d9-c3a9075e317c</sln:powIIPId><sln:powIIPPn>PL.PZGIK.200</sln:powIIPPn><sln:powIIPWersja>2012-09-27T08:13:53+02:00</sln:powIIPWersja><sln:powIdTeryt>1425</sln:powIdTeryt><sln:powNazwa>radomski</sln:powNazwa><sln:waznyOd>2014-06-24T00:00:00+02:00</sln:waznyOd><sln:wojIIPId>4b6c492a-eb04-441d-a92a-f44359c06de7</sln:wojIIPId><sln:wojIIPPn>PL.PZGIK.200</sln:wojIIPPn><sln:wojIIPWersja>2012-09-27T13:45:13+02:00</sln:wojIIPWersja><sln:wojIdTeryt>14</sln:wojIdTeryt><sln:wojNazwa>mazowieckie</sln:wojNazwa></sln:miejscowosc><sln:miejscowosc><sln:cyklZyciaDo>2017-03-29T00:00:00+02:00</sln:cyklZyciaDo><sln:cyklZyciaOd>2015-12-10T00:00:00+01:00</sln:cyklZyciaOd><sln:gmIIPId>6540c4b6-3094-4047-b332-9523e8d70ada</sln:gmIIPId><sln:gmIIPPn>PL.PZGIK.200</sln:gmIIPPn><sln:gmIIPWersja>2012-09-26T21:56:29+02:00</sln:gmIIPWersja><sln:gmIdTeryt>1425122</sln:gmIdTeryt><sln:gmNazwa>Wolanów</sln:gmNazwa><sln:miejscIIPId>7812ce97-c4e0-4f71-a320-12a8af2350ca</sln:miejscIIPId><sln:miejscIIPPn>PL.PZGIK.200</sln:miejscIIPPn><sln:miejscIIPWersja>2016-11-24T11:42:05+02:00</sln:miejscIIPWersja><sln:miejscIdTeryt>0641302</sln:miejscIdTeryt><sln:miejscNazwa>Franciszków</sln:miejscNazwa><sln:miejscRodzaj>Wieś</sln:miejscRodzaj><sln:powIIPId>3bed0908-7bc7-4981-89d9-c3a9075e317c</sln:powIIPId><sln:powIIPPn>PL.PZGIK.200</sln:powIIPPn><sln:powIIPWersja>2012-09-27T08:13:53+02:00</sln:powIIPWersja><sln:powIdTeryt>1425</sln:powIdTeryt><sln:powNazwa>radomski</sln:powNazwa><sln:waznyOd>2014-06-24T00:00:00+02:00</sln:waznyOd><sln:wojIIPId>4b6c492a-eb04-441d-a92a-f44359c06de7</sln:wojIIPId><sln:wojIIPPn>PL.PZGIK.200</sln:wojIIPPn><sln:wojIIPWersja>2012-09-27T13:45:13+02:00</sln:wojIIPWersja><sln:wojIdTeryt>14</sln:wojIdTeryt><sln:wojNazwa>mazowieckie</sln:wojNazwa></sln:miejscowosc><sln:miejscowosc><sln:cyklZyciaDo>2017-03-29T00:00:00+02:00</sln:cyklZyciaDo><sln:cyklZyciaOd>2015-12-10T00:00:00+01:00</sln:cyklZyciaOd><sln:gmIIPId>6540c4b6-3094-4047-b332-9523e8d70ada</sln:gmIIPId><sln:gmIIPPn>PL.PZGIK.200</sln:gmIIPPn><sln:gmIIPWersja>2012-09-26T21:56:29+02:00</sln:gmIIPWersja><sln:gmIdTeryt>1425122</sln:gmIdTeryt><sln:gmNazwa>Wolanów</sln:gmNazwa><sln:miejscIIPId>6a1d9272-6e7b-4583-803f-22679ef8a6bd</sln:miejscIIPId><sln:miejscIIPPn>PL.PZGIK.200</sln:miejscIIPPn><sln:miejscIIPWersja>2016-11-24T11:42:06+02:00</sln:miejscIIPWersja><sln:miejscIdTeryt>0641325</sln:miejscIdTeryt><sln:miejscNazwa>Garno</sln:miejscNazwa><sln:miejscRodzaj>Wieś</sln:miejscRodzaj><sln:powIIPId>3bed0908-7bc7-4981-89d9-c3a9075e317c</sln:powIIPId><sln:powIIPPn>PL.PZGIK.200</sln:powIIPPn><sln:powIIPWersja>2012-09-27T08:13:53+02:00</sln:powIIPWersja><sln:powIdTeryt>1425</sln:powIdTeryt><sln:powNazwa>radomski</sln:powNazwa><sln:waznyOd>2014-06-24T00:00:00+02:00</sln:waznyOd><sln:wojIIPId>4b6c492a-eb04-441d-a92a-f44359c06de7</sln:wojIIPId><sln:wojIIPPn>PL.PZGIK.200</sln:wojIIPPn><sln:wojIIPWersja>2012-09-27T13:45:13+02:00</sln:wojIIPWersja><sln:wojIdTeryt>14</sln:wojIdTeryt><sln:wojNazwa>mazowieckie</sln:wojNazwa></sln:miejscowosc><sln:miejscowosc><sln:cyklZyciaDo>2017-03-29T00:00:00+02:00</sln:cyklZyciaDo><sln:cyklZyciaOd>2015-12-10T00:00:00+01:00</sln:cyklZyciaOd><sln:gmIIPId>6540c4b6-3094-4047-b332-9523e8d70ada</sln:gmIIPId><sln:gmIIPPn>PL.PZGIK.200</sln:gmIIPPn><sln:gmIIPWersja>2012-09-26T21:56:29+02:00</sln:gmIIPWersja><sln:gmIdTeryt>1425122</sln:gmIdTeryt><sln:gmNazwa>Wolanów</sln:gmNazwa><sln:miejscIIPId>49df6b28-5ea0-4344-b77d-644ba374a704</sln:miejscIIPId><sln:miejscIIPPn>PL.PZGIK.200</sln:miejscIIPPn><sln:miejscIIPWersja>2016-11-24T11:42:06+02:00</sln:miejscIIPWersja><sln:miejscIdTeryt>0641319</sln:miejscIdTeryt><sln:miejscNazwa>Gawronie</sln:miejscNazwa><sln:miejscRodzaj>Przysiółek</sln:miejscRodzaj><sln:powIIPId>3bed0908-7bc7-4981-89d9-c3a9075e317c</sln:powIIPId><sln:powIIPPn>PL.PZGIK.200</sln:powIIPPn><sln:powIIPWersja>2012-09-27T08:13:53+02:00</sln:powIIPWersja><sln:powIdTeryt>1425</sln:powIdTeryt><sln:powNazwa>radomski</sln:powNazwa><sln:waznyOd>2014-06-24T00:00:00+02:00</sln:waznyOd><sln:wojIIPId>4b6c492a-eb04-441d-a92a-f44359c06de7</sln:wojIIPId><sln:wojIIPPn>PL.PZGIK.200</sln:wojIIPPn><sln:wojIIPWersja>2012-09-27T13:45:13+02:00</sln:wojIIPWersja><sln:wojIdTeryt>14</sln:wojIdTeryt><sln:wojNazwa>mazowieckie</sln:wojNazwa></sln:miejscowosc><sln:miejscowosc><sln:cyklZyciaDo>2017-03-29T00:00:00+02:00</sln:cyklZyciaDo><sln:cyklZyciaOd>2015-12-10T00:00:00+01:00</sln:cyklZyciaOd><sln:gmIIPId>6540c4b6-3094-4047-b332-9523e8d70ada</sln:gmIIPId><sln:gmIIPPn>PL.PZGIK.200</sln:gmIIPPn><sln:gmIIPWersja>2012-09-26T21:56:29+02:00</sln:gmIIPWersja><sln:gmIdTeryt>1425122</sln:gmIdTeryt><sln:gmNazwa>Wolanów</sln:gmNazwa><sln:miejscIIPId>371d37b2-e643-4f70-91fc-f9fe2b052336</sln:miejscIIPId><sln:miejscIIPPn>PL.PZGIK.200</sln:miejscIIPPn><sln:miejscIIPWersja>2016-11-24T11:42:06+02:00</sln:miejscIIPWersja><sln:miejscIdTeryt>0641408</sln:miejscIdTeryt><sln:miejscNazwa>Jarosławice</sln:miejscNazwa><sln:miejscRodzaj>Wieś</sln:miejscRodzaj><sln:powIIPId>3bed0908-7bc7-4981-89d9-c3a9075e317c</sln:powIIPId><sln:powIIPPn>PL.PZGIK.200</sln:powIIPPn><sln:powIIPWersja>2012-09-27T08:13:53+02:00</sln:powIIPWersja><sln:powIdTeryt>1425</sln:powIdTeryt><sln:powNazwa>radomski</sln:powNazwa><sln:waznyOd>2014-06-24T00:00:00+02:00</sln:waznyOd><sln:wojIIPId>4b6c492a-eb04-441d-a92a-f44359c06de7</sln:wojIIPId><sln:wojIIPPn>PL.PZGIK.200</sln:wojIIPPn><sln:wojIIPWersja>2012-09-27T13:45:13+02:00</sln:wojIIPWersja><sln:wojIdTeryt>14</sln:wojIdTeryt><sln:wojNazwa>mazowieckie</sln:wojNazwa></sln:miejscowosc><sln:miejscowosc><sln:cyklZyciaDo>2017-03-29T00:00:00+02:00</sln:cyklZyciaDo><sln:cyklZyciaOd>2015-12-10T00:00:00+01:00</sln:cyklZyciaOd><sln:gmIIPId>6540c4b6-3094-4047-b332-9523e8d70ada</sln:gmIIPId><sln:gmIIPPn>PL.PZGIK.200</sln:gmIIPPn><sln:gmIIPWersja>2012-09-26T21:56:29+02:00</sln:gmIIPWersja><sln:gmIdTeryt>1425122</sln:gmIdTeryt><sln:gmNazwa>Wolanów</sln:gmNazwa><sln:miejscIIPId>d2ae795d-210b-407c-92f0-3c301a14f65c</sln:miejscIIPId><sln:miejscIIPPn>PL.PZGIK.200</sln:miejscIIPPn><sln:miejscIIPWersja>2016-11-24T11:42:06+02:00</sln:miejscIIPWersja><sln:miejscIdTeryt>0641414</sln:miejscIdTeryt><sln:miejscNazwa>Kacprowice</sln:miejscNazwa><sln:miejscRodzaj>Wieś</sln:miejscRodzaj><sln:powIIPId>3bed0908-7bc7-4981-89d9-c3a9075e317c</sln:powIIPId><sln:powIIPPn>PL.PZGIK.200</sln:powIIPPn><sln:powIIPWersja>2012-09-27T08:13:53+02:00</sln:powIIPWersja><sln:powIdTeryt>1425</sln:powIdTeryt><sln:powNazwa>radomski</sln:powNazwa><sln:waznyOd>2014-06-24T00:00:00+02:00</sln:waznyOd><sln:wojIIPId>4b6c492a-eb04-441d-a92a-f44359c06de7</sln:wojIIPId><sln:wojIIPPn>PL.PZGIK.200</sln:wojIIPPn><sln:wojIIPWersja>2012-09-27T13:45:13+02:00</sln:wojIIPWersja><sln:wojIdTeryt>14</sln:wojIdTeryt><sln:wojNazwa>mazowieckie</sln:wojNazwa></sln:miejscowosc><sln:miejscowosc><sln:cyklZyciaDo>2017-03-29T00:00:00+02:00</sln:cyklZyciaDo><sln:cyklZyciaOd>2015-12-10T00:00:00+01:00</sln:cyklZyciaOd><sln:gmIIPId>6540c4b6-3094-4047-b332-9523e8d70ada</sln:gmIIPId><sln:gmIIPPn>PL.PZGIK.200</sln:gmIIPPn><sln:gmIIPWersja>2012-09-26T21:56:29+02:00</sln:gmIIPWersja><sln:gmIdTeryt>1425122</sln:gmIdTeryt><sln:gmNazwa>Wolanów</sln:gmNazwa><sln:miejscIIPId>5d95dd7f-f366-4768-b918-a222ca8af6e3</sln:miejscIIPId><sln:miejscIIPPn>PL.PZGIK.200</sln:miejscIIPPn><sln:miejscIIPWersja>2016-11-24T11:42:06+02:00</sln:miejscIIPWersja><sln:miejscIdTeryt>0641779</sln:miejscIdTeryt><sln:miejscNazwa>Kolonia Wawrzyszów</sln:miejscNazwa><sln:miejscRodzaj>Wieś</sln:miejscRodzaj><sln:powIIPId>3bed0908-7bc7-4981-89d9-c3a9075e317c</sln:powIIPId><sln:powIIPPn>PL.PZGIK.200</sln:powIIPPn><sln:powIIPWersja>2012-09-27T08:13:53+02:00</sln:powIIPWersja><sln:powIdTeryt>1425</sln:powIdTeryt><sln:powNazwa>radomski</sln:powNazwa><sln:waznyOd>2014-06-24T00:00:00+02:00</sln:waznyOd><sln:wojIIPId>4b6c492a-eb04-441d-a92a-f44359c06de7</sln:wojIIPId><sln:wojIIPPn>PL.PZGIK.200</sln:wojIIPPn><sln:wojIIPWersja>2012-09-27T13:45:13+02:00</sln:wojIIPWersja><sln:wojIdTeryt>14</sln:wojIdTeryt><sln:wojNazwa>mazowieckie</sln:wojNazwa></sln:miejscowosc><sln:miejscowosc><sln:cyklZyciaDo>2017-03-29T00:00:00+02:00</sln:cyklZyciaDo><sln:cyklZyciaOd>2015-12-10T00:00:00+01:00</sln:cyklZyciaOd><sln:gmIIPId>6540c4b6-3094-4047-b332-9523e8d70ada</sln:gmIIPId><sln:gmIIPPn>PL.PZGIK.200</sln:gmIIPPn><sln:gmIIPWersja>2012-09-26T21:56:29+02:00</sln:gmIIPWersja><sln:gmIdTeryt>1425122</sln:gmIdTeryt><sln:gmNazwa>Wolanów</sln:gmNazwa><sln:miejscIIPId>520bfe15-4968-46f6-9a46-e1b63a61c0b0</sln:miejscIIPId><sln:miejscIIPPn>PL.PZGIK.200</sln:miejscIIPPn><sln:miejscIIPWersja>2016-11-24T11:42:06+02:00</sln:miejscIIPWersja><sln:miejscIdTeryt>0641816</sln:miejscIdTeryt><sln:miejscNazwa>Kolonia Wolanów</sln:miejscNazwa><sln:miejscRodzaj>Wieś</sln:miejscRodzaj><sln:powIIPId>3bed0908-7bc7-4981-89d9-c3a9075e317c</sln:powIIPId><sln:powIIPPn>PL.PZGIK.200</sln:powIIPPn><sln:powIIPWersja>2012-09-27T08:13:53+02:00</sln:powIIPWersja><sln:powIdTeryt>1425</sln:powIdTeryt><sln:powNazwa>radomski</sln:powNazwa><sln:waznyOd>2014-06-24T00:00:00+02:00</sln:waznyOd><sln:wojIIPId>4b6c492a-eb04-441d-a92a-f44359c06de7</sln:wojIIPId><sln:wojIIPPn>PL.PZGIK.200</sln:wojIIPPn><sln:wojIIPWersja>2012-09-27T13:45:13+02:00</sln:wojIIPWersja><sln:wojIdTeryt>14</sln:wojIdTeryt><sln:wojNazwa>mazowieckie</sln:wojNazwa></sln:miejscowosc><sln:miejscowosc><sln:cyklZyciaDo>2017-03-29T00:00:00+02:00</sln:cyklZyciaDo><sln:cyklZyciaOd>2015-12-10T00:00:00+01:00</sln:cyklZyciaOd><sln:gmIIPId>6540c4b6-3094-4047-b332-9523e8d70ada</sln:gmIIPId><sln:gmIIPPn>PL.PZGIK.200</sln:gmIIPPn><sln:gmIIPWersja>2012-09-26T21:56:29+02:00</sln:gmIIPWersja><sln:gmIdTeryt>1425122</sln:gmIdTeryt><sln:gmNazwa>Wolanów</sln:gmNazwa><sln:miejscIIPId>f083b0fb-de7e-4682-be02-b59b0d663394</sln:miejscIIPId><sln:miejscIIPPn>PL.PZGIK.200</sln:miejscIIPPn><sln:miejscIIPWersja>2016-11-24T11:42:06+02:00</sln:miejscIIPWersja><sln:miejscIdTeryt>0641443</sln:miejscIdTeryt><sln:miejscNazwa>Kowala-Duszocina</sln:miejscNazwa><sln:miejscRodzaj>Wieś</sln:miejscRodzaj><sln:powIIPId>3bed0908-7bc7-4981-89d9-c3a9075e317c</sln:powIIPId><sln:powIIPPn>PL.PZGIK.200</sln:powIIPPn><sln:powIIPWersja>2012-09-27T08:13:53+02:00</sln:powIIPWersja><sln:powIdTeryt>1425</sln:powIdTeryt><sln:powNazwa>radomski</sln:powNazwa><sln:waznyOd>2014-06-24T00:00:00+02:00</sln:waznyOd><sln:wojIIPId>4b6c492a-eb04-441d-a92a-f44359c06de7</sln:wojIIPId><sln:wojIIPPn>PL.PZGIK.200</sln:wojIIPPn><sln:wojIIPWersja>2012-09-27T13:45:13+02:00</sln:wojIIPWersja><sln:wojIdTeryt>14</sln:wojIdTeryt><sln:wojNazwa>mazowieckie</sln:wojNazwa></sln:miejscowosc><sln:miejscowosc><sln:cyklZyciaDo>2017-03-29T00:00:00+02:00</sln:cyklZyciaDo><sln:cyklZyciaOd>2015-12-10T00:00:00+01:00</sln:cyklZyciaOd><sln:gmIIPId>6540c4b6-3094-4047-b332-9523e8d70ada</sln:gmIIPId><sln:gmIIPPn>PL.PZGIK.200</sln:gmIIPPn><sln:gmIIPWersja>2012-09-26T21:56:29+02:00</sln:gmIIPWersja><sln:gmIdTeryt>1425122</sln:gmIdTeryt><sln:gmNazwa>Wolanów</sln:gmNazwa><sln:miejscIIPId>7629cbc4-d07c-4392-8e83-3da72a5c4749</sln:miejscIIPId><sln:miejscIIPPn>PL.PZGIK.200</sln:miejscIIPPn><sln:miejscIIPWersja>2016-11-24T11:42:06+02:00</sln:miejscIIPWersja><sln:miejscIdTeryt>0641800</sln:miejscIdTeryt><sln:miejscNazwa>Kowalanka</sln:miejscNazwa><sln:miejscRodzaj>Inny obiekt</sln:miejscRodzaj><sln:powIIPId>3bed0908-7bc7-4981-89d9-c3a9075e317c</sln:powIIPId><sln:powIIPPn>PL.PZGIK.200</sln:powIIPPn><sln:powIIPWersja>2012-09-27T08:13:53+02:00</sln:powIIPWersja><sln:powIdTeryt>1425</sln:powIdTeryt><sln:powNazwa>radomski</sln:powNazwa><sln:waznyOd>2015-10-28T00:00:00+01:00</sln:waznyOd><sln:wojIIPId>4b6c492a-eb04-441d-a92a-f44359c06de7</sln:wojIIPId><sln:wojIIPPn>PL.PZGIK.200</sln:wojIIPPn><sln:wojIIPWersja>2012-09-27T13:45:13+02:00</sln:wojIIPWersja><sln:wojIdTeryt>14</sln:wojIdTeryt><sln:wojNazwa>mazowieckie</sln:wojNazwa></sln:miejscowosc><sln:miejscowosc><sln:cyklZyciaDo>2017-03-29T00:00:00+02:00</sln:cyklZyciaDo><sln:cyklZyciaOd>2015-12-10T00:00:00+01:00</sln:cyklZyciaOd><sln:gmIIPId>6540c4b6-3094-4047-b332-9523e8d70ada</sln:gmIIPId><sln:gmIIPPn>PL.PZGIK.200</sln:gmIIPPn><sln:gmIIPWersja>2012-09-26T21:56:29+02:00</sln:gmIIPWersja><sln:gmIdTeryt>1425122</sln:gmIdTeryt><sln:gmNazwa>Wolanów</sln:gmNazwa><sln:miejscIIPId>10631f25-b1b8-46d7-aab7-accd95d9beef</sln:miejscIIPId><sln:miejscIIPPn>PL.PZGIK.200</sln:miejscIIPPn><sln:miejscIIPWersja>2016-11-24T11:42:05+02:00</sln:miejscIIPWersja><sln:miejscIdTeryt>0641288</sln:miejscIdTeryt><sln:miejscNazwa>Michałów</sln:miejscNazwa><sln:miejscRodzaj>Przysiółek</sln:miejscRodzaj><sln:powIIPId>3bed0908-7bc7-4981-89d9-c3a9075e317c</sln:powIIPId><sln:powIIPPn>PL.PZGIK.200</sln:powIIPPn><sln:powIIPWersja>2012-09-27T08:13:53+02:00</sln:powIIPWersja><sln:powIdTeryt>1425</sln:powIdTeryt><sln:powNazwa>radomski</sln:powNazwa><sln:waznyOd>2015-10-28T00:00:00+01:00</sln:waznyOd><sln:wojIIPId>4b6c492a-eb04-441d-a92a-f44359c06de7</sln:wojIIPId><sln:wojIIPPn>PL.PZGIK.200</sln:wojIIPPn><sln:wojIIPWersja>2012-09-27T13:45:13+02:00</sln:wojIIPWersja><sln:wojIdTeryt>14</sln:wojIdTeryt><sln:wojNazwa>mazowieckie</sln:wojNazwa></sln:miejscowosc><sln:miejscowosc><sln:cyklZyciaDo>2017-03-29T00:00:00+02:00</sln:cyklZyciaDo><sln:cyklZyciaOd>2015-12-10T00:00:00+01:00</sln:cyklZyciaOd><sln:gmIIPId>6540c4b6-3094-4047-b332-9523e8d70ada</sln:gmIIPId><sln:gmIIPPn>PL.PZGIK.200</sln:gmIIPPn><sln:gmIIPWersja>2012-09-26T21:56:29+02:00</sln:gmIIPWersja><sln:gmIdTeryt>1425122</sln:gmIdTeryt><sln:gmNazwa>Wolanów</sln:gmNazwa><sln:miejscIIPId>b8a460d0-d4a0-4796-8bf8-da249a4db6fa</sln:miejscIIPId><sln:miejscIIPPn>PL.PZGIK.200</sln:miejscIIPPn><sln:miejscIIPWersja>2016-11-24T11:42:06+02:00</sln:miejscIIPWersja><sln:miejscIdTeryt>0641450</sln:miejscIdTeryt><sln:miejscNazwa>Młodocin Większy</sln:miejscNazwa><sln:miejscRodzaj>Wieś</sln:miejscRodzaj><sln:powIIPId>3bed0908-7bc7-4981-89d9-c3a9075e317c</sln:powIIPId><sln:powIIPPn>PL.PZGIK.200</sln:powIIPPn><sln:powIIPWersja>2012-09-27T08:13:53+02:00</sln:powIIPWersja><sln:powIdTeryt>1425</sln:powIdTeryt><sln:powNazwa>radomski</sln:powNazwa><sln:waznyOd>2014-06-24T00:00:00+02:00</sln:waznyOd><sln:wojIIPId>4b6c492a-eb04-441d-a92a-f44359c06de7</sln:wojIIPId><sln:wojIIPPn>PL.PZGIK.200</sln:wojIIPPn><sln:wojIIPWersja>2012-09-27T13:45:13+02:00</sln:wojIIPWersja><sln:wojIdTeryt>14</sln:wojIdTeryt><sln:wojNazwa>mazowieckie</sln:wojNazwa></sln:miejscowosc><sln:miejscowosc><sln:cyklZyciaDo>2017-03-29T00:00:00+02:00</sln:cyklZyciaDo><sln:cyklZyciaOd>2015-12-10T00:00:00+01:00</sln:cyklZyciaOd><sln:gmIIPId>6540c4b6-3094-4047-b332-9523e8d70ada</sln:gmIIPId><sln:gmIIPPn>PL.PZGIK.200</sln:gmIIPPn><sln:gmIIPWersja>2012-09-26T21:56:29+02:00</sln:gmIIPWersja><sln:gmIdTeryt>1425122</sln:gmIdTeryt><sln:gmNazwa>Wolanów</sln:gmNazwa><sln:miejscIIPId>02c385e2-ff45-4637-b5e3-8ce14e9a23bf</sln:miejscIIPId><sln:miejscIIPPn>PL.PZGIK.200</sln:miejscIIPPn><sln:miejscIIPWersja>2016-11-24T11:42:06+02:00</sln:miejscIIPWersja><sln:miejscIdTeryt>0641472</sln:miejscIdTeryt><sln:miejscNazwa>Mniszek</sln:miejscNazwa><sln:miejscRodzaj>Wieś</sln:miejscRodzaj><sln:powIIPId>3bed0908-7bc7-4981-89d9-c3a9075e317c</sln:powIIPId><sln:powIIPPn>PL.PZGIK.200</sln:powIIPPn><sln:powIIPWersja>2012-09-27T08:13:53+02:00</sln:powIIPWersja><sln:powIdTeryt>1425</sln:powIdTeryt><sln:powNazwa>radomski</sln:powNazwa><sln:waznyOd>2014-06-24T00:00:00+02:00</sln:waznyOd><sln:wojIIPId>4b6c492a-eb04-441d-a92a-f44359c06de7</sln:wojIIPId><sln:wojIIPPn>PL.PZGIK.200</sln:wojIIPPn><sln:wojIIPWersja>2012-09-27T13:45:13+02:00</sln:wojIIPWersja><sln:wojIdTeryt>14</sln:wojIdTeryt><sln:wojNazwa>mazowieckie</sln:wojNazwa></sln:miejscowosc><sln:miejscowosc><sln:cyklZyciaDo>2017-03-29T00:00:00+02:00</sln:cyklZyciaDo><sln:cyklZyciaOd>2015-12-10T00:00:00+01:00</sln:cyklZyciaOd><sln:gmIIPId>6540c4b6-3094-4047-b332-9523e8d70ada</sln:gmIIPId><sln:gmIIPPn>PL.PZGIK.200</sln:gmIIPPn><sln:gmIIPWersja>2012-09-26T21:56:29+02:00</sln:gmIIPWersja><sln:gmIdTeryt>1425122</sln:gmIdTeryt><sln:gmNazwa>Wolanów</sln:gmNazwa><sln:miejscIIPId>4a88d466-c476-49e2-bf71-82bda30ee3d2</sln:miejscIIPId><sln:miejscIIPPn>PL.PZGIK.200</sln:miejscIIPPn><sln:miejscIIPWersja>2016-11-24T11:42:06+02:00</sln:miejscIIPWersja><sln:miejscIdTeryt>0641549</sln:miejscIdTeryt><sln:miejscNazwa>Podkończyce</sln:miejscNazwa><sln:miejscRodzaj>Przysiółek</sln:miejscRodzaj><sln:powIIPId>3bed0908-7bc7-4981-89d9-c3a9075e317c</sln:powIIPId><sln:powIIPPn>PL.PZGIK.200</sln:powIIPPn><sln:powIIPWersja>2012-09-27T08:13:53+02:00</sln:powIIPWersja><sln:powIdTeryt>1425</sln:powIdTeryt><sln:powNazwa>radomski</sln:powNazwa><sln:waznyOd>2015-10-28T00:00:00+01:00</sln:waznyOd><sln:wojIIPId>4b6c492a-eb04-441d-a92a-f44359c06de7</sln:wojIIPId><sln:wojIIPPn>PL.PZGIK.200</sln:wojIIPPn><sln:wojIIPWersja>2012-09-27T13:45:13+02:00</sln:wojIIPWersja><sln:wojIdTeryt>14</sln:wojIdTeryt><sln:wojNazwa>mazowieckie</sln:wojNazwa></sln:miejscowosc><sln:miejscowosc><sln:cyklZyciaDo>2017-03-29T00:00:00+02:00</sln:cyklZyciaDo><sln:cyklZyciaOd>2015-12-10T00:00:00+01:00</sln:cyklZyciaOd><sln:gmIIPId>6540c4b6-3094-4047-b332-9523e8d70ada</sln:gmIIPId><sln:gmIIPPn>PL.PZGIK.200</sln:gmIIPPn><sln:gmIIPWersja>2012-09-26T21:56:29+02:00</sln:gmIIPWersja><sln:gmIdTeryt>1425122</sln:gmIdTeryt><sln:gmNazwa>Wolanów</sln:gmNazwa><sln:miejscIIPId>4af77f55-22e3-48fb-b5b1-20750278004e</sln:miejscIIPId><sln:miejscIIPPn>PL.PZGIK.200</sln:miejscIIPPn><sln:miejscIIPWersja>2016-11-24T11:42:06+02:00</sln:miejscIIPWersja><sln:miejscIdTeryt>0641532</sln:miejscIdTeryt><sln:miejscNazwa>Podlesie</sln:miejscNazwa><sln:miejscRodzaj>Wieś</sln:miejscRodzaj><sln:powIIPId>3bed0908-7bc7-4981-89d9-c3a9075e317c</sln:powIIPId><sln:powIIPPn>PL.PZGIK.200</sln:powIIPPn><sln:powIIPWersja>2012-09-27T08:13:53+02:00</sln:powIIPWersja><sln:powIdTeryt>1425</sln:powIdTeryt><sln:powNazwa>radomski</sln:powNazwa><sln:waznyOd>2014-06-24T00:00:00+02:00</sln:waznyOd><sln:wojIIPId>4b6c492a-eb04-441d-a92a-f44359c06de7</sln:wojIIPId><sln:wojIIPPn>PL.PZGIK.200</sln:wojIIPPn><sln:wojIIPWersja>2012-09-27T13:45:13+02:00</sln:wojIIPWersja><sln:wojIdTeryt>14</sln:wojIdTeryt><sln:wojNazwa>mazowieckie</sln:wojNazwa></sln:miejscowosc><sln:miejscowosc><sln:cyklZyciaDo>2017-03-29T00:00:00+02:00</sln:cyklZyciaDo><sln:cyklZyciaOd>2015-12-10T00:00:00+01:00</sln:cyklZyciaOd><sln:gmIIPId>6540c4b6-3094-4047-b332-9523e8d70ada</sln:gmIIPId><sln:gmIIPPn>PL.PZGIK.200</sln:gmIIPPn><sln:gmIIPWersja>2012-09-26T21:56:29+02:00</sln:gmIIPWersja><sln:gmIdTeryt>1425122</sln:gmIdTeryt><sln:gmNazwa>Wolanów</sln:gmNazwa><sln:miejscIIPId>2a7e3f0b-fb71-4b08-9abc-804cb6bf2a97</sln:miejscIIPId><sln:miejscIIPPn>PL.PZGIK.200</sln:miejscIIPPn><sln:miejscIIPWersja>2016-11-24T11:42:06+02:00</sln:miejscIIPWersja><sln:miejscIdTeryt>0641650</sln:miejscIdTeryt><sln:miejscNazwa>Sabat</sln:miejscNazwa><sln:miejscRodzaj>Przysiółek</sln:miejscRodzaj><sln:powIIPId>3bed0908-7bc7-4981-89d9-c3a9075e317c</sln:powIIPId><sln:powIIPPn>PL.PZGIK.200</sln:powIIPPn><sln:powIIPWersja>2012-09-27T08:13:53+02:00</sln:powIIPWersja><sln:powIdTeryt>1425</sln:powIdTeryt><sln:powNazwa>radomski</sln:powNazwa><sln:waznyOd>2015-10-28T00:00:00+01:00</sln:waznyOd><sln:wojIIPId>4b6c492a-eb04-441d-a92a-f44359c06de7</sln:wojIIPId><sln:wojIIPPn>PL.PZGIK.200</sln:wojIIPPn><sln:wojIIPWersja>2012-09-27T13:45:13+02:00</sln:wojIIPWersja><sln:wojIdTeryt>14</sln:wojIdTeryt><sln:wojNazwa>mazowieckie</sln:wojNazwa></sln:miejscowosc><sln:miejscowosc><sln:cyklZyciaDo>2017-03-29T00:00:00+02:00</sln:cyklZyciaDo><sln:cyklZyciaOd>2015-12-10T00:00:00+01:00</sln:cyklZyciaOd><sln:gmIIPId>6540c4b6-3094-4047-b332-9523e8d70ada</sln:gmIIPId><sln:gmIIPPn>PL.PZGIK.200</sln:gmIIPPn><sln:gmIIPWersja>2012-09-26T21:56:29+02:00</sln:gmIIPWersja><sln:gmIdTeryt>1425122</sln:gmIdTeryt><sln:gmNazwa>Wolanów</sln:gmNazwa><sln:miejscIIPId>31c7d27d-75f6-4714-9a91-73fac64e2fe3</sln:miejscIIPId><sln:miejscIIPPn>PL.PZGIK.200</sln:miejscIIPPn><sln:miejscIIPWersja>2016-11-24T11:42:06+02:00</sln:miejscIIPWersja><sln:miejscIdTeryt>0641561</sln:miejscIdTeryt><sln:miejscNazwa>Sławno</sln:miejscNazwa><sln:miejscRodzaj>Wieś</sln:miejscRodzaj><sln:powIIPId>3bed0908-7bc7-4981-89d9-c3a9075e317c</sln:powIIPId><sln:powIIPPn>PL.PZGIK.200</sln:powIIPPn><sln:powIIPWersja>2012-09-27T08:13:53+02:00</sln:powIIPWersja><sln:powIdTeryt>1425</sln:powIdTeryt><sln:powNazwa>radomski</sln:powNazwa><sln:waznyOd>2014-06-24T00:00:00+02:00</sln:waznyOd><sln:wojIIPId>4b6c492a-eb04-441d-a92a-f44359c06de7</sln:wojIIPId><sln:wojIIPPn>PL.PZGIK.200</sln:wojIIPPn><sln:wojIIPWersja>2012-09-27T13:45:13+02:00</sln:wojIIPWersja><sln:wojIdTeryt>14</sln:wojIdTeryt><sln:wojNazwa>mazowieckie</sln:wojNazwa></sln:miejscowosc><sln:miejscowosc><sln:cyklZyciaDo>2017-03-29T00:00:00+02:00</sln:cyklZyciaDo><sln:cyklZyciaOd>2015-12-10T00:00:00+01:00</sln:cyklZyciaOd><sln:gmIIPId>6540c4b6-3094-4047-b332-9523e8d70ada</sln:gmIIPId><sln:gmIIPPn>PL.PZGIK.200</sln:gmIIPPn><sln:gmIIPWersja>2012-09-26T21:56:29+02:00</sln:gmIIPWersja><sln:gmIdTeryt>1425122</sln:gmIdTeryt><sln:gmNazwa>Wolanów</sln:gmNazwa><sln:miejscIIPId>c8c79f68-3ee4-4c95-ae21-c56ab2344c55</sln:miejscIIPId><sln:miejscIIPPn>PL.PZGIK.200</sln:miejscIIPPn><sln:miejscIIPWersja>2016-11-24T11:42:06+02:00</sln:miejscIIPWersja><sln:miejscIdTeryt>0641615</sln:miejscIdTeryt><sln:miejscNazwa>Strzałków</sln:miejscNazwa><sln:miejscRodzaj>Wieś</sln:miejscRodzaj><sln:powIIPId>3bed0908-7bc7-4981-89d9-c3a9075e317c</sln:powIIPId><sln:powIIPPn>PL.PZGIK.200</sln:powIIPPn><sln:powIIPWersja>2012-09-27T08:13:53+02:00</sln:powIIPWersja><sln:powIdTeryt>1425</sln:powIdTeryt><sln:powNazwa>radomski</sln:powNazwa><sln:waznyOd>2014-06-24T00:00:00+02:00</sln:waznyOd><sln:wojIIPId>4b6c492a-eb04-441d-a92a-f44359c06de7</sln:wojIIPId><sln:wojIIPPn>PL.PZGIK.200</sln:wojIIPPn><sln:wojIIPWersja>2012-09-27T13:45:13+02:00</sln:wojIIPWersja><sln:wojIdTeryt>14</sln:wojIdTeryt><sln:wojNazwa>mazowieckie</sln:wojNazwa></sln:miejscowosc><sln:miejscowosc><sln:cyklZyciaDo>2017-03-29T00:00:00+02:00</sln:cyklZyciaDo><sln:cyklZyciaOd>2015-12-10T00:00:00+01:00</sln:cyklZyciaOd><sln:gmIIPId>6540c4b6-3094-4047-b332-9523e8d70ada</sln:gmIIPId><sln:gmIIPPn>PL.PZGIK.200</sln:gmIIPPn><sln:gmIIPWersja>2012-09-26T21:56:29+02:00</sln:gmIIPWersja><sln:gmIdTeryt>1425122</sln:gmIdTeryt><sln:gmNazwa>Wolanów</sln:gmNazwa><sln:miejscIIPId>126b1e92-d112-409e-97a9-9be1cdfe046e</sln:miejscIIPId><sln:miejscIIPPn>PL.PZGIK.200</sln:miejscIIPPn><sln:miejscIIPWersja>2016-11-24T11:42:06+02:00</sln:miejscIIPWersja><sln:miejscIdTeryt>0641667</sln:miejscIdTeryt><sln:miejscNazwa>Ślepowron</sln:miejscNazwa><sln:miejscRodzaj>Wieś</sln:miejscRodzaj><sln:powIIPId>3bed0908-7bc7-4981-89d9-c3a9075e317c</sln:powIIPId><sln:powIIPPn>PL.PZGIK.200</sln:powIIPPn><sln:powIIPWersja>2012-09-27T08:13:53+02:00</sln:powIIPWersja><sln:powIdTeryt>1425</sln:powIdTeryt><sln:powNazwa>radomski</sln:powNazwa><sln:waznyOd>2014-06-24T00:00:00+02:00</sln:waznyOd><sln:wojIIPId>4b6c492a-eb04-441d-a92a-f44359c06de7</sln:wojIIPId><sln:wojIIPPn>PL.PZGIK.200</sln:wojIIPPn><sln:wojIIPWersja>2012-09-27T13:45:13+02:00</sln:wojIIPWersja><sln:wojIdTeryt>14</sln:wojIdTeryt><sln:wojNazwa>mazowieckie</sln:wojNazwa></sln:miejscowosc><sln:miejscowosc><sln:cyklZyciaDo>2017-03-29T00:00:00+02:00</sln:cyklZyciaDo><sln:cyklZyciaOd>2015-12-10T00:00:00+01:00</sln:cyklZyciaOd><sln:gmIIPId>6540c4b6-3094-4047-b332-9523e8d70ada</sln:gmIIPId><sln:gmIIPPn>PL.PZGIK.200</sln:gmIIPPn><sln:gmIIPWersja>2012-09-26T21:56:29+02:00</sln:gmIIPWersja><sln:gmIdTeryt>1425122</sln:gmIdTeryt><sln:gmNazwa>Wolanów</sln:gmNazwa><sln:miejscIIPId>f1832d50-8f7d-43d5-b019-f2681f924c75</sln:miejscIIPId><sln:miejscIIPPn>PL.PZGIK.200</sln:miejscIIPPn><sln:miejscIIPWersja>2016-11-24T11:42:06+02:00</sln:miejscIIPWersja><sln:miejscIdTeryt>0641704</sln:miejscIdTeryt><sln:miejscNazwa>Wacławów</sln:miejscNazwa><sln:miejscRodzaj>Wieś</sln:miejscRodzaj><sln:powIIPId>3bed0908-7bc7-4981-89d9-c3a9075e317c</sln:powIIPId><sln:powIIPPn>PL.PZGIK.200</sln:powIIPPn><sln:powIIPWersja>2012-09-27T08:13:53+02:00</sln:powIIPWersja><sln:powIdTeryt>1425</sln:powIdTeryt><sln:powNazwa>radomski</sln:powNazwa><sln:waznyOd>2014-06-24T00:00:00+02:00</sln:waznyOd><sln:wojIIPId>4b6c492a-eb04-441d-a92a-f44359c06de7</sln:wojIIPId><sln:wojIIPPn>PL.PZGIK.200</sln:wojIIPPn><sln:wojIIPWersja>2012-09-27T13:45:13+02:00</sln:wojIIPWersja><sln:wojIdTeryt>14</sln:wojIdTeryt><sln:wojNazwa>mazowieckie</sln:wojNazwa></sln:miejscowosc><sln:miejscowosc><sln:cyklZyciaDo>2017-03-29T00:00:00+02:00</sln:cyklZyciaDo><sln:cyklZyciaOd>2015-12-10T00:00:00+01:00</sln:cyklZyciaOd><sln:gmIIPId>6540c4b6-3094-4047-b332-9523e8d70ada</sln:gmIIPId><sln:gmIIPPn>PL.PZGIK.200</sln:gmIIPPn><sln:gmIIPWersja>2012-09-26T21:56:29+02:00</sln:gmIIPWersja><sln:gmIdTeryt>1425122</sln:gmIdTeryt><sln:gmNazwa>Wolanów</sln:gmNazwa><sln:miejscIIPId>c1e44447-0cf7-4cd0-a8c6-f5b48c099a29</sln:miejscIIPId><sln:miejscIIPPn>PL.PZGIK.200</sln:miejscIIPPn><sln:miejscIIPWersja>2016-11-24T11:42:06+02:00</sln:miejscIIPWersja><sln:miejscIdTeryt>0641727</sln:miejscIdTeryt><sln:miejscNazwa>Waliny</sln:miejscNazwa><sln:miejscRodzaj>Wieś</sln:miejscRodzaj><sln:powIIPId>3bed0908-7bc7-4981-89d9-c3a9075e317c</sln:powIIPId><sln:powIIPPn>PL.PZGIK.200</sln:powIIPPn><sln:powIIPWersja>2012-09-27T08:13:53+02:00</sln:powIIPWersja><sln:powIdTeryt>1425</sln:powIdTeryt><sln:powNazwa>radomski</sln:powNazwa><sln:waznyOd>2014-06-24T00:00:00+02:00</sln:waznyOd><sln:wojIIPId>4b6c492a-eb04-441d-a92a-f44359c06de7</sln:wojIIPId><sln:wojIIPPn>PL.PZGIK.200</sln:wojIIPPn><sln:wojIIPWersja>2012-09-27T13:45:13+02:00</sln:wojIIPWersja><sln:wojIdTeryt>14</sln:wojIdTeryt><sln:wojNazwa>mazowieckie</sln:wojNazwa></sln:miejscowosc><sln:miejscowosc><sln:cyklZyciaDo>2017-03-29T00:00:00+02:00</sln:cyklZyciaDo><sln:cyklZyciaOd>2015-12-10T00:00:00+01:00</sln:cyklZyciaOd><sln:gmIIPId>6540c4b6-3094-4047-b332-9523e8d70ada</sln:gmIIPId><sln:gmIIPPn>PL.PZGIK.200</sln:gmIIPPn><sln:gmIIPWersja>2012-09-26T21:56:29+02:00</sln:gmIIPWersja><sln:gmIdTeryt>1425122</sln:gmIdTeryt><sln:gmNazwa>Wolanów</sln:gmNazwa><sln:miejscIIPId>6cedaa3e-4cac-407f-af2f-125440a89e4d</sln:miejscIIPId><sln:miejscIIPPn>PL.PZGIK.200</sln:miejscIIPPn><sln:miejscIIPWersja>2016-11-24T11:42:06+02:00</sln:miejscIIPWersja><sln:miejscIdTeryt>0641733</sln:miejscIdTeryt><sln:miejscNazwa>Wawrzyszów</sln:miejscNazwa><sln:miejscRodzaj>Wieś</sln:miejscRodzaj><sln:powIIPId>3bed0908-7bc7-4981-89d9-c3a9075e317c</sln:powIIPId><sln:powIIPPn>PL.PZGIK.200</sln:powIIPPn><sln:powIIPWersja>2012-09-27T08:13:53+02:00</sln:powIIPWersja><sln:powIdTeryt>1425</sln:powIdTeryt><sln:powNazwa>radomski</sln:powNazwa><sln:waznyOd>2014-06-24T00:00:00+02:00</sln:waznyOd><sln:wojIIPId>4b6c492a-eb04-441d-a92a-f44359c06de7</sln:wojIIPId><sln:wojIIPPn>PL.PZGIK.200</sln:wojIIPPn><sln:wojIIPWersja>2012-09-27T13:45:13+02:00</sln:wojIIPWersja><sln:wojIdTeryt>14</sln:wojIdTeryt><sln:wojNazwa>mazowieckie</sln:wojNazwa></sln:miejscowosc><sln:miejscowosc><sln:cyklZyciaDo>2017-03-29T00:00:00+02:00</sln:cyklZyciaDo><sln:cyklZyciaOd>2015-12-10T00:00:00+01:00</sln:cyklZyciaOd><sln:gmIIPId>6540c4b6-3094-4047-b332-9523e8d70ada</sln:gmIIPId><sln:gmIIPPn>PL.PZGIK.200</sln:gmIIPPn><sln:gmIIPWersja>2012-09-26T21:56:29+02:00</sln:gmIIPWersja><sln:gmIdTeryt>1425122</sln:gmIdTeryt><sln:gmNazwa>Wolanów</sln:gmNazwa><sln:miejscIIPId>863b1923-56a4-4fda-8b5c-6d0ce5c3c84d</sln:miejscIIPId><sln:miejscIIPPn>PL.PZGIK.200</sln:miejscIIPPn><sln:miejscIIPWersja>2016-11-24T11:42:06+02:00</sln:miejscIIPWersja><sln:miejscIdTeryt>0641791</sln:miejscIdTeryt><sln:miejscNazwa>Wolanów</sln:miejscNazwa><sln:miejscRodzaj>Wieś</sln:miejscRodzaj><sln:powIIPId>3bed0908-7bc7-4981-89d9-c3a9075e317c</sln:powIIPId><sln:powIIPPn>PL.PZGIK.200</sln:powIIPPn><sln:powIIPWersja>2012-09-27T08:13:53+02:00</sln:powIIPWersja><sln:powIdTeryt>1425</sln:powIdTeryt><sln:powNazwa>radomski</sln:powNazwa><sln:waznyOd>2014-06-24T00:00:00+02:00</sln:waznyOd><sln:wojIIPId>4b6c492a-eb04-441d-a92a-f44359c06de7</sln:wojIIPId><sln:wojIIPPn>PL.PZGIK.200</sln:wojIIPPn><sln:wojIIPWersja>2012-09-27T13:45:13+02:00</sln:wojIIPWersja><sln:wojIdTeryt>14</sln:wojIdTeryt><sln:wojNazwa>mazowieckie</sln:wojNazwa></sln:miejscowosc><sln:miejscowosc><sln:cyklZyciaDo>2017-03-29T00:00:00+02:00</sln:cyklZyciaDo><sln:cyklZyciaOd>2015-12-10T00:00:00+01:00</sln:cyklZyciaOd><sln:gmIIPId>6540c4b6-3094-4047-b332-9523e8d70ada</sln:gmIIPId><sln:gmIIPPn>PL.PZGIK.200</sln:gmIIPPn><sln:gmIIPWersja>2012-09-26T21:56:29+02:00</sln:gmIIPWersja><sln:gmIdTeryt>1425122</sln:gmIdTeryt><sln:gmNazwa>Wolanów</sln:gmNazwa><sln:miejscIIPId>d7305a40-2036-4a51-92f2-08c31d22bd12</sln:miejscIIPId><sln:miejscIIPPn>PL.PZGIK.200</sln:miejscIIPPn><sln:miejscIIPWersja>2016-11-24T11:42:06+02:00</sln:miejscIIPWersja><sln:miejscIdTeryt>0641710</sln:miejscIdTeryt><sln:miejscNazwa>Wola Wacławowska</sln:miejscNazwa><sln:miejscRodzaj>Przysiółek</sln:miejscRodzaj><sln:powIIPId>3bed0908-7bc7-4981-89d9-c3a9075e317c</sln:powIIPId><sln:powIIPPn>PL.PZGIK.200</sln:powIIPPn><sln:powIIPWersja>2012-09-27T08:13:53+02:00</sln:powIIPWersja><sln:powIdTeryt>1425</sln:powIdTeryt><sln:powNazwa>radomski</sln:powNazwa><sln:waznyOd>2015-10-28T00:00:00+01:00</sln:waznyOd><sln:wojIIPId>4b6c492a-eb04-441d-a92a-f44359c06de7</sln:wojIIPId><sln:wojIIPPn>PL.PZGIK.200</sln:wojIIPPn><sln:wojIIPWersja>2012-09-27T13:45:13+02:00</sln:wojIIPWersja><sln:wojIdTeryt>14</sln:wojIdTeryt><sln:wojNazwa>mazowieckie</sln:wojNazwa></sln:miejscowosc><sln:miejscowosc><sln:cyklZyciaDo>2017-03-29T00:00:00+02:00</sln:cyklZyciaDo><sln:cyklZyciaOd>2015-12-10T00:00:00+01:00</sln:cyklZyciaOd><sln:gmIIPId>6540c4b6-3094-4047-b332-9523e8d70ada</sln:gmIIPId><sln:gmIIPPn>PL.PZGIK.200</sln:gmIIPPn><sln:gmIIPWersja>2012-09-26T21:56:29+02:00</sln:gmIIPWersja><sln:gmIdTeryt>1425122</sln:gmIdTeryt><sln:gmNazwa>Wolanów</sln:gmNazwa><sln:miejscIIPId>3cc127a3-b48a-4970-a830-9695ddd5fc43</sln:miejscIIPId><sln:miejscIIPPn>PL.PZGIK.200</sln:miejscIIPPn><sln:miejscIIPWersja>2016-11-24T11:42:06+02:00</sln:miejscIIPWersja><sln:miejscIdTeryt>0641555</sln:miejscIdTeryt><sln:miejscNazwa>Rogowa</sln:miejscNazwa><sln:miejscRodzaj>Wieś</sln:miejscRodzaj><sln:powIIPId>3bed0908-7bc7-4981-89d9-c3a9075e317c</sln:powIIPId><sln:powIIPPn>PL.PZGIK.200</sln:powIIPPn><sln:powIIPWersja>2012-09-27T08:13:53+02:00</sln:powIIPWersja><sln:powIdTeryt>1425</sln:powIdTeryt><sln:powNazwa>radomski</sln:powNazwa><sln:waznyOd>2014-06-24T00:00:00+02:00</sln:waznyOd><sln:wojIIPId>4b6c492a-eb04-441d-a92a-f44359c06de7</sln:wojIIPId><sln:wojIIPPn>PL.PZGIK.200</sln:wojIIPPn><sln:wojIIPWersja>2012-09-27T13:45:13+02:00</sln:wojIIPWersja><sln:wojIdTeryt>14</sln:wojIdTeryt><sln:wojNazwa>mazowieckie</sln:wojNazwa></sln:miejscowosc><sln:miejscowosc><sln:cyklZyciaDo>2017-03-29T00:00:00+02:00</sln:cyklZyciaDo><sln:cyklZyciaOd>2015-12-10T00:00:00+01:00</sln:cyklZyciaOd><sln:gmIIPId>6540c4b6-3094-4047-b332-9523e8d70ada</sln:gmIIPId><sln:gmIIPPn>PL.PZGIK.200</sln:gmIIPPn><sln:gmIIPWersja>2012-09-26T21:56:29+02:00</sln:gmIIPWersja><sln:gmIdTeryt>1425122</sln:gmIdTeryt><sln:gmNazwa>Wolanów</sln:gmNazwa><sln:miejscIIPId>a04b2e3e-9375-461a-8473-8592519d8453</sln:miejscIIPId><sln:miejscIIPPn>PL.PZGIK.200</sln:miejscIIPPn><sln:miejscIIPWersja>2016-11-24T11:42:06+02:00</sln:miejscIIPWersja><sln:miejscIdTeryt>0641822</sln:miejscIdTeryt><sln:miejscNazwa>Wymysłów</sln:miejscNazwa><sln:miejscRodzaj>Wieś</sln:miejscRodzaj><sln:powIIPId>3bed0908-7bc7-4981-89d9-c3a9075e317c</sln:powIIPId><sln:powIIPPn>PL.PZGIK.200</sln:powIIPPn><sln:powIIPWersja>2012-09-27T08:13:53+02:00</sln:powIIPWersja><sln:powIdTeryt>1425</sln:powIdTeryt><sln:powNazwa>radomski</sln:powNazwa><sln:waznyOd>2014-06-24T00:00:00+02:00</sln:waznyOd><sln:wojIIPId>4b6c492a-eb04-441d-a92a-f44359c06de7</sln:wojIIPId><sln:wojIIPPn>PL.PZGIK.200</sln:wojIIPPn><sln:wojIIPWersja>2012-09-27T13:45:13+02:00</sln:wojIIPWersja><sln:wojIdTeryt>14</sln:wojIdTeryt><sln:wojNazwa>mazowieckie</sln:wojNazwa></sln:miejscowosc><sln:miejscowosc><sln:cyklZyciaDo>2017-03-29T00:00:00+02:00</sln:cyklZyciaDo><sln:cyklZyciaOd>2015-12-10T00:00:00+01:00</sln:cyklZyciaOd><sln:gmIIPId>6540c4b6-3094-4047-b332-9523e8d70ada</sln:gmIIPId><sln:gmIIPPn>PL.PZGIK.200</sln:gmIIPPn><sln:gmIIPWersja>2012-09-26T21:56:29+02:00</sln:gmIIPWersja><sln:gmIdTeryt>1425122</sln:gmIdTeryt><sln:gmNazwa>Wolanów</sln:gmNazwa><sln:miejscIIPId>98e99d9f-2ed8-402d-808c-d35757b3db3e</sln:miejscIIPId><sln:miejscIIPPn>PL.PZGIK.200</sln:miejscIIPPn><sln:miejscIIPWersja>2016-11-24T11:42:06+02:00</sln:miejscIIPWersja><sln:miejscIdTeryt>0641851</sln:miejscIdTeryt><sln:miejscNazwa>Zabłocie</sln:miejscNazwa><sln:miejscRodzaj>Wieś</sln:miejscRodzaj><sln:powIIPId>3bed0908-7bc7-4981-89d9-c3a9075e317c</sln:powIIPId><sln:powIIPPn>PL.PZGIK.200</sln:powIIPPn><sln:powIIPWersja>2012-09-27T08:13:53+02:00</sln:powIIPWersja><sln:powIdTeryt>1425</sln:powIdTeryt><sln:powNazwa>radomski</sln:powNazwa><sln:waznyOd>2014-06-24T00:00:00+02:00</sln:waznyOd><sln:wojIIPId>4b6c492a-eb04-441d-a92a-f44359c06de7</sln:wojIIPId><sln:wojIIPPn>PL.PZGIK.200</sln:wojIIPPn><sln:wojIIPWersja>2012-09-27T13:45:13+02:00</sln:wojIIPWersja><sln:wojIdTeryt>14</sln:wojIdTeryt><sln:wojNazwa>mazowieckie</sln:wojNazwa></sln:miejscowosc><sln:miejscowosc><sln:cyklZyciaOd>2017-03-29T00:00:00+02:00</sln:cyklZyciaOd><sln:gmIIPId>6540c4b6-3094-4047-b332-9523e8d70ada</sln:gmIIPId><sln:gmIIPPn>PL.PZGIK.200</sln:gmIIPPn><sln:gmIIPWersja>2012-09-26T21:56:29+02:00</sln:gmIIPWersja><sln:gmIdTeryt>1425122</sln:gmIdTeryt><sln:gmNazwa>Wolanów</sln:gmNazwa><sln:miejscIIPId>eed0f3ea-ddbd-4beb-8ef5-17866fd22c54</sln:miejscIIPId><sln:miejscIIPPn>PL.PZGIK.200</sln:miejscIIPPn><sln:miejscIIPWersja>2017-03-29T12:03:45+02:00</sln:miejscIIPWersja><sln:miejscIdTeryt>0641265</sln:miejscIdTeryt><sln:miejscNazwa>Bieniędzice</sln:miejscNazwa><sln:miejscRodzaj>Wieś</sln:miejscRodzaj><sln:powIIPId>3bed0908-7bc7-4981-89d9-c3a9075e317c</sln:powIIPId><sln:powIIPPn>PL.PZGIK.200</sln:powIIPPn><sln:powIIPWersja>2012-09-27T08:13:53+02:00</sln:powIIPWersja><sln:powIdTeryt>1425</sln:powIdTeryt><sln:powNazwa>radomski</sln:powNazwa><sln:waznyOd>2014-06-24T00:00:00+02:00</sln:waznyOd><sln:wojIIPId>4b6c492a-eb04-441d-a92a-f44359c06de7</sln:wojIIPId><sln:wojIIPPn>PL.PZGIK.200</sln:wojIIPPn><sln:wojIIPWersja>2012-09-27T13:45:13+02:00</sln:wojIIPWersja><sln:wojIdTeryt>14</sln:wojIdTeryt><sln:wojNazwa>mazowieckie</sln:wojNazwa></sln:miejscowosc><sln:miejscowosc><sln:cyklZyciaOd>2017-03-29T00:00:00+02:00</sln:cyklZyciaOd><sln:gmIIPId>6540c4b6-3094-4047-b332-9523e8d70ada</sln:gmIIPId><sln:gmIIPPn>PL.PZGIK.200</sln:gmIIPPn><sln:gmIIPWersja>2012-09-26T21:56:29+02:00</sln:gmIIPWersja><sln:gmIdTeryt>1425122</sln:gmIdTeryt><sln:gmNazwa>Wolanów</sln:gmNazwa><sln:miejscIIPId>10631f25-b1b8-46d7-aab7-accd95d9beef</sln:miejscIIPId><sln:miejscIIPPn>PL.PZGIK.200</sln:miejscIIPPn><sln:miejscIIPWersja>2017-03-29T12:03:52+02:00</sln:miejscIIPWersja><sln:miejscIdTeryt>0641288</sln:miejscIdTeryt><sln:miejscNazwa>Michałów</sln:miejscNazwa><sln:miejscRodzaj>Przysiółek</sln:miejscRodzaj><sln:powIIPId>3bed0908-7bc7-4981-89d9-c3a9075e317c</sln:powIIPId><sln:powIIPPn>PL.PZGIK.200</sln:powIIPPn><sln:powIIPWersja>2012-09-27T08:13:53+02:00</sln:powIIPWersja><sln:powIdTeryt>1425</sln:powIdTeryt><sln:powNazwa>radomski</sln:powNazwa><sln:waznyOd>2015-10-28T00:00:00+01:00</sln:waznyOd><sln:wojIIPId>4b6c492a-eb04-441d-a92a-f44359c06de7</sln:wojIIPId><sln:wojIIPPn>PL.PZGIK.200</sln:wojIIPPn><sln:wojIIPWersja>2012-09-27T13:45:13+02:00</sln:wojIIPWersja><sln:wojIdTeryt>14</sln:wojIdTeryt><sln:wojNazwa>mazowieckie</sln:wojNazwa></sln:miejscowosc><sln:miejscowosc><sln:cyklZyciaOd>2017-03-29T00:00:00+02:00</sln:cyklZyciaOd><sln:gmIIPId>6540c4b6-3094-4047-b332-9523e8d70ada</sln:gmIIPId><sln:gmIIPPn>PL.PZGIK.200</sln:gmIIPPn><sln:gmIIPWersja>2012-09-26T21:56:29+02:00</sln:gmIIPWersja><sln:gmIdTeryt>1425122</sln:gmIdTeryt><sln:gmNazwa>Wolanów</sln:gmNazwa><sln:miejscIIPId>038c25fe-4c4a-40b3-9b3f-a6834e7291c7</sln:miejscIIPId><sln:miejscIIPPn>PL.PZGIK.200</sln:miejscIIPPn><sln:miejscIIPWersja>2017-03-29T12:03:52+02:00</sln:miejscIIPWersja><sln:miejscIdTeryt>0641294</sln:miejscIdTeryt><sln:miejscNazwa>Chruślice</sln:miejscNazwa><sln:miejscRodzaj>Wieś</sln:miejscRodzaj><sln:powIIPId>3bed0908-7bc7-4981-89d9-c3a9075e317c</sln:powIIPId><sln:powIIPPn>PL.PZGIK.200</sln:powIIPPn><sln:powIIPWersja>2012-09-27T08:13:53+02:00</sln:powIIPWersja><sln:powIdTeryt>1425</sln:powIdTeryt><sln:powNazwa>radomski</sln:powNazwa><sln:waznyOd>2014-06-24T00:00:00+02:00</sln:waznyOd><sln:wojIIPId>4b6c492a-eb04-441d-a92a-f44359c06de7</sln:wojIIPId><sln:wojIIPPn>PL.PZGIK.200</sln:wojIIPPn><sln:wojIIPWersja>2012-09-27T13:45:13+02:00</sln:wojIIPWersja><sln:wojIdTeryt>14</sln:wojIdTeryt><sln:wojNazwa>mazowieckie</sln:wojNazwa></sln:miejscowosc><sln:miejscowosc><sln:cyklZyciaOd>2017-03-29T00:00:00+02:00</sln:cyklZyciaOd><sln:gmIIPId>6540c4b6-3094-4047-b332-9523e8d70ada</sln:gmIIPId><sln:gmIIPPn>PL.PZGIK.200</sln:gmIIPPn><sln:gmIIPWersja>2012-09-26T21:56:29+02:00</sln:gmIIPWersja><sln:gmIdTeryt>1425122</sln:gmIdTeryt><sln:gmNazwa>Wolanów</sln:gmNazwa><sln:miejscIIPId>7812ce97-c4e0-4f71-a320-12a8af2350ca</sln:miejscIIPId><sln:miejscIIPPn>PL.PZGIK.200</sln:miejscIIPPn><sln:miejscIIPWersja>2017-03-29T12:03:52+02:00</sln:miejscIIPWersja><sln:miejscIdTeryt>0641302</sln:miejscIdTeryt><sln:miejscNazwa>Franciszków</sln:miejscNazwa><sln:miejscRodzaj>Wieś</sln:miejscRodzaj><sln:powIIPId>3bed0908-7bc7-4981-89d9-c3a9075e317c</sln:powIIPId><sln:powIIPPn>PL.PZGIK.200</sln:powIIPPn><sln:powIIPWersja>2012-09-27T08:13:53+02:00</sln:powIIPWersja><sln:powIdTeryt>1425</sln:powIdTeryt><sln:powNazwa>radomski</sln:powNazwa><sln:waznyOd>2014-06-24T00:00:00+02:00</sln:waznyOd><sln:wojIIPId>4b6c492a-eb04-441d-a92a-f44359c06de7</sln:wojIIPId><sln:wojIIPPn>PL.PZGIK.200</sln:wojIIPPn><sln:wojIIPWersja>2012-09-27T13:45:13+02:00</sln:wojIIPWersja><sln:wojIdTeryt>14</sln:wojIdTeryt><sln:wojNazwa>mazowieckie</sln:wojNazwa></sln:miejscowosc><sln:miejscowosc><sln:cyklZyciaOd>2017-03-29T00:00:00+02:00</sln:cyklZyciaOd><sln:gmIIPId>6540c4b6-3094-4047-b332-9523e8d70ada</sln:gmIIPId><sln:gmIIPPn>PL.PZGIK.200</sln:gmIIPPn><sln:gmIIPWersja>2012-09-26T21:56:29+02:00</sln:gmIIPWersja><sln:gmIdTeryt>1425122</sln:gmIdTeryt><sln:gmNazwa>Wolanów</sln:gmNazwa><sln:miejscIIPId>49df6b28-5ea0-4344-b77d-644ba374a704</sln:miejscIIPId><sln:miejscIIPPn>PL.PZGIK.200</sln:miejscIIPPn><sln:miejscIIPWersja>2017-03-29T12:03:52+02:00</sln:miejscIIPWersja><sln:miejscIdTeryt>0641319</sln:miejscIdTeryt><sln:miejscNazwa>Gawronie</sln:miejscNazwa><sln:miejscRodzaj>Przysiółek</sln:miejscRodzaj><sln:powIIPId>3bed0908-7bc7-4981-89d9-c3a9075e317c</sln:powIIPId><sln:powIIPPn>PL.PZGIK.200</sln:powIIPPn><sln:powIIPWersja>2012-09-27T08:13:53+02:00</sln:powIIPWersja><sln:powIdTeryt>1425</sln:powIdTeryt><sln:powNazwa>radomski</sln:powNazwa><sln:waznyOd>2014-06-24T00:00:00+02:00</sln:waznyOd><sln:wojIIPId>4b6c492a-eb04-441d-a92a-f44359c06de7</sln:wojIIPId><sln:wojIIPPn>PL.PZGIK.200</sln:wojIIPPn><sln:wojIIPWersja>2012-09-27T13:45:13+02:00</sln:wojIIPWersja><sln:wojIdTeryt>14</sln:wojIdTeryt><sln:wojNazwa>mazowieckie</sln:wojNazwa></sln:miejscowosc><sln:miejscowosc><sln:cyklZyciaOd>2017-03-29T00:00:00+02:00</sln:cyklZyciaOd><sln:gmIIPId>6540c4b6-3094-4047-b332-9523e8d70ada</sln:gmIIPId><sln:gmIIPPn>PL.PZGIK.200</sln:gmIIPPn><sln:gmIIPWersja>2012-09-26T21:56:29+02:00</sln:gmIIPWersja><sln:gmIdTeryt>1425122</sln:gmIdTeryt><sln:gmNazwa>Wolanów</sln:gmNazwa><sln:miejscIIPId>6a1d9272-6e7b-4583-803f-22679ef8a6bd</sln:miejscIIPId><sln:miejscIIPPn>PL.PZGIK.200</sln:miejscIIPPn><sln:miejscIIPWersja>2017-03-29T12:03:53+02:00</sln:miejscIIPWersja><sln:miejscIdTeryt>0641325</sln:miejscIdTeryt><sln:miejscNazwa>Garno</sln:miejscNazwa><sln:miejscRodzaj>Wieś</sln:miejscRodzaj><sln:powIIPId>3bed0908-7bc7-4981-89d9-c3a9075e317c</sln:powIIPId><sln:powIIPPn>PL.PZGIK.200</sln:powIIPPn><sln:powIIPWersja>2012-09-27T08:13:53+02:00</sln:powIIPWersja><sln:powIdTeryt>1425</sln:powIdTeryt><sln:powNazwa>radomski</sln:powNazwa><sln:waznyOd>2014-06-24T00:00:00+02:00</sln:waznyOd><sln:wojIIPId>4b6c492a-eb04-441d-a92a-f44359c06de7</sln:wojIIPId><sln:wojIIPPn>PL.PZGIK.200</sln:wojIIPPn><sln:wojIIPWersja>2012-09-27T13:45:13+02:00</sln:wojIIPWersja><sln:wojIdTeryt>14</sln:wojIdTeryt><sln:wojNazwa>mazowieckie</sln:wojNazwa></sln:miejscowosc><sln:miejscowosc><sln:cyklZyciaOd>2017-03-29T00:00:00+02:00</sln:cyklZyciaOd><sln:gmIIPId>6540c4b6-3094-4047-b332-9523e8d70ada</sln:gmIIPId><sln:gmIIPPn>PL.PZGIK.200</sln:gmIIPPn><sln:gmIIPWersja>2012-09-26T21:56:29+02:00</sln:gmIIPWersja><sln:gmIdTeryt>1425122</sln:gmIdTeryt><sln:gmNazwa>Wolanów</sln:gmNazwa><sln:miejscIIPId>371d37b2-e643-4f70-91fc-f9fe2b052336</sln:miejscIIPId><sln:miejscIIPPn>PL.PZGIK.200</sln:miejscIIPPn><sln:miejscIIPWersja>2017-03-29T12:03:53+02:00</sln:miejscIIPWersja><sln:miejscIdTeryt>0641408</sln:miejscIdTeryt><sln:miejscNazwa>Jarosławice</sln:miejscNazwa><sln:miejscRodzaj>Wieś</sln:miejscRodzaj><sln:powIIPId>3bed0908-7bc7-4981-89d9-c3a9075e317c</sln:powIIPId><sln:powIIPPn>PL.PZGIK.200</sln:powIIPPn><sln:powIIPWersja>2012-09-27T08:13:53+02:00</sln:powIIPWersja><sln:powIdTeryt>1425</sln:powIdTeryt><sln:powNazwa>radomski</sln:powNazwa><sln:waznyOd>2014-06-24T00:00:00+02:00</sln:waznyOd><sln:wojIIPId>4b6c492a-eb04-441d-a92a-f44359c06de7</sln:wojIIPId><sln:wojIIPPn>PL.PZGIK.200</sln:wojIIPPn><sln:wojIIPWersja>2012-09-27T13:45:13+02:00</sln:wojIIPWersja><sln:wojIdTeryt>14</sln:wojIdTeryt><sln:wojNazwa>mazowieckie</sln:wojNazwa></sln:miejscowosc><sln:miejscowosc><sln:cyklZyciaOd>2017-03-29T00:00:00+02:00</sln:cyklZyciaOd><sln:gmIIPId>6540c4b6-3094-4047-b332-9523e8d70ada</sln:gmIIPId><sln:gmIIPPn>PL.PZGIK.200</sln:gmIIPPn><sln:gmIIPWersja>2012-09-26T21:56:29+02:00</sln:gmIIPWersja><sln:gmIdTeryt>1425122</sln:gmIdTeryt><sln:gmNazwa>Wolanów</sln:gmNazwa><sln:miejscIIPId>d2ae795d-210b-407c-92f0-3c301a14f65c</sln:miejscIIPId><sln:miejscIIPPn>PL.PZGIK.200</sln:miejscIIPPn><sln:miejscIIPWersja>2017-03-29T12:03:53+02:00</sln:miejscIIPWersja><sln:miejscIdTeryt>0641414</sln:miejscIdTeryt><sln:miejscNazwa>Kacprowice</sln:miejscNazwa><sln:miejscRodzaj>Wieś</sln:miejscRodzaj><sln:powIIPId>3bed0908-7bc7-4981-89d9-c3a9075e317c</sln:powIIPId><sln:powIIPPn>PL.PZGIK.200</sln:powIIPPn><sln:powIIPWersja>2012-09-27T08:13:53+02:00</sln:powIIPWersja><sln:powIdTeryt>1425</sln:powIdTeryt><sln:powNazwa>radomski</sln:powNazwa><sln:waznyOd>2014-06-24T00:00:00+02:00</sln:waznyOd><sln:wojIIPId>4b6c492a-eb04-441d-a92a-f44359c06de7</sln:wojIIPId><sln:wojIIPPn>PL.PZGIK.200</sln:wojIIPPn><sln:wojIIPWersja>2012-09-27T13:45:13+02:00</sln:wojIIPWersja><sln:wojIdTeryt>14</sln:wojIdTeryt><sln:wojNazwa>mazowieckie</sln:wojNazwa></sln:miejscowosc><sln:miejscowosc><sln:cyklZyciaOd>2017-03-29T00:00:00+02:00</sln:cyklZyciaOd><sln:gmIIPId>6540c4b6-3094-4047-b332-9523e8d70ada</sln:gmIIPId><sln:gmIIPPn>PL.PZGIK.200</sln:gmIIPPn><sln:gmIIPWersja>2012-09-26T21:56:29+02:00</sln:gmIIPWersja><sln:gmIdTeryt>1425122</sln:gmIdTeryt><sln:gmNazwa>Wolanów</sln:gmNazwa><sln:miejscIIPId>f083b0fb-de7e-4682-be02-b59b0d663394</sln:miejscIIPId><sln:miejscIIPPn>PL.PZGIK.200</sln:miejscIIPPn><sln:miejscIIPWersja>2017-03-29T12:03:53+02:00</sln:miejscIIPWersja><sln:miejscIdTeryt>0641443</sln:miejscIdTeryt><sln:miejscNazwa>Kowala-Duszocina</sln:miejscNazwa><sln:miejscRodzaj>Wieś</sln:miejscRodzaj><sln:powIIPId>3bed0908-7bc7-4981-89d9-c3a9075e317c</sln:powIIPId><sln:powIIPPn>PL.PZGIK.200</sln:powIIPPn><sln:powIIPWersja>2012-09-27T08:13:53+02:00</sln:powIIPWersja><sln:powIdTeryt>1425</sln:powIdTeryt><sln:powNazwa>radomski</sln:powNazwa><sln:waznyOd>2014-06-24T00:00:00+02:00</sln:waznyOd><sln:wojIIPId>4b6c492a-eb04-441d-a92a-f44359c06de7</sln:wojIIPId><sln:wojIIPPn>PL.PZGIK.200</sln:wojIIPPn><sln:wojIIPWersja>2012-09-27T13:45:13+02:00</sln:wojIIPWersja><sln:wojIdTeryt>14</sln:wojIdTeryt><sln:wojNazwa>mazowieckie</sln:wojNazwa></sln:miejscowosc><sln:miejscowosc><sln:cyklZyciaOd>2017-03-29T00:00:00+02:00</sln:cyklZyciaOd><sln:gmIIPId>6540c4b6-3094-4047-b332-9523e8d70ada</sln:gmIIPId><sln:gmIIPPn>PL.PZGIK.200</sln:gmIIPPn><sln:gmIIPWersja>2012-09-26T21:56:29+02:00</sln:gmIIPWersja><sln:gmIdTeryt>1425122</sln:gmIdTeryt><sln:gmNazwa>Wolanów</sln:gmNazwa><sln:miejscIIPId>b8a460d0-d4a0-4796-8bf8-da249a4db6fa</sln:miejscIIPId><sln:miejscIIPPn>PL.PZGIK.200</sln:miejscIIPPn><sln:miejscIIPWersja>2017-03-29T12:03:53+02:00</sln:miejscIIPWersja><sln:miejscIdTeryt>0641450</sln:miejscIdTeryt><sln:miejscNazwa>Młodocin Większy</sln:miejscNazwa><sln:miejscRodzaj>Wieś</sln:miejscRodzaj><sln:powIIPId>3bed0908-7bc7-4981-89d9-c3a9075e317c</sln:powIIPId><sln:powIIPPn>PL.PZGIK.200</sln:powIIPPn><sln:powIIPWersja>2012-09-27T08:13:53+02:00</sln:powIIPWersja><sln:powIdTeryt>1425</sln:powIdTeryt><sln:powNazwa>radomski</sln:powNazwa><sln:waznyOd>2014-06-24T00:00:00+02:00</sln:waznyOd><sln:wojIIPId>4b6c492a-eb04-441d-a92a-f44359c06de7</sln:wojIIPId><sln:wojIIPPn>PL.PZGIK.200</sln:wojIIPPn><sln:wojIIPWersja>2012-09-27T13:45:13+02:00</sln:wojIIPWersja><sln:wojIdTeryt>14</sln:wojIdTeryt><sln:wojNazwa>mazowieckie</sln:wojNazwa></sln:miejscowosc><sln:miejscowosc><sln:cyklZyciaOd>2017-03-29T00:00:00+02:00</sln:cyklZyciaOd><sln:gmIIPId>6540c4b6-3094-4047-b332-9523e8d70ada</sln:gmIIPId><sln:gmIIPPn>PL.PZGIK.200</sln:gmIIPPn><sln:gmIIPWersja>2012-09-26T21:56:29+02:00</sln:gmIIPWersja><sln:gmIdTeryt>1425122</sln:gmIdTeryt><sln:gmNazwa>Wolanów</sln:gmNazwa><sln:miejscIIPId>02c385e2-ff45-4637-b5e3-8ce14e9a23bf</sln:miejscIIPId><sln:miejscIIPPn>PL.PZGIK.200</sln:miejscIIPPn><sln:miejscIIPWersja>2017-03-29T12:03:53+02:00</sln:miejscIIPWersja><sln:miejscIdTeryt>0641472</sln:miejscIdTeryt><sln:miejscNazwa>Mniszek</sln:miejscNazwa><sln:miejscRodzaj>Wieś</sln:miejscRodzaj><sln:powIIPId>3bed0908-7bc7-4981-89d9-c3a9075e317c</sln:powIIPId><sln:powIIPPn>PL.PZGIK.200</sln:powIIPPn><sln:powIIPWersja>2012-09-27T08:13:53+02:00</sln:powIIPWersja><sln:powIdTeryt>1425</sln:powIdTeryt><sln:powNazwa>radomski</sln:powNazwa><sln:waznyOd>2014-06-24T00:00:00+02:00</sln:waznyOd><sln:wojIIPId>4b6c492a-eb04-441d-a92a-f44359c06de7</sln:wojIIPId><sln:wojIIPPn>PL.PZGIK.200</sln:wojIIPPn><sln:wojIIPWersja>2012-09-27T13:45:13+02:00</sln:wojIIPWersja><sln:wojIdTeryt>14</sln:wojIdTeryt><sln:wojNazwa>mazowieckie</sln:wojNazwa></sln:miejscowosc><sln:miejscowosc><sln:cyklZyciaOd>2017-03-29T00:00:00+02:00</sln:cyklZyciaOd><sln:gmIIPId>6540c4b6-3094-4047-b332-9523e8d70ada</sln:gmIIPId><sln:gmIIPPn>PL.PZGIK.200</sln:gmIIPPn><sln:gmIIPWersja>2012-09-26T21:56:29+02:00</sln:gmIIPWersja><sln:gmIdTeryt>1425122</sln:gmIdTeryt><sln:gmNazwa>Wolanów</sln:gmNazwa><sln:miejscIIPId>4af77f55-22e3-48fb-b5b1-20750278004e</sln:miejscIIPId><sln:miejscIIPPn>PL.PZGIK.200</sln:miejscIIPPn><sln:miejscIIPWersja>2017-03-29T12:03:53+02:00</sln:miejscIIPWersja><sln:miejscIdTeryt>0641532</sln:miejscIdTeryt><sln:miejscNazwa>Podlesie</sln:miejscNazwa><sln:miejscRodzaj>Wieś</sln:miejscRodzaj><sln:powIIPId>3bed0908-7bc7-4981-89d9-c3a9075e317c</sln:powIIPId><sln:powIIPPn>PL.PZGIK.200</sln:powIIPPn><sln:powIIPWersja>2012-09-27T08:13:53+02:00</sln:powIIPWersja><sln:powIdTeryt>1425</sln:powIdTeryt><sln:powNazwa>radomski</sln:powNazwa><sln:waznyOd>2014-06-24T00:00:00+02:00</sln:waznyOd><sln:wojIIPId>4b6c492a-eb04-441d-a92a-f44359c06de7</sln:wojIIPId><sln:wojIIPPn>PL.PZGIK.200</sln:wojIIPPn><sln:wojIIPWersja>2012-09-27T13:45:13+02:00</sln:wojIIPWersja><sln:wojIdTeryt>14</sln:wojIdTeryt><sln:wojNazwa>mazowieckie</sln:wojNazwa></sln:miejscowosc><sln:miejscowosc><sln:cyklZyciaOd>2017-03-29T00:00:00+02:00</sln:cyklZyciaOd><sln:gmIIPId>6540c4b6-3094-4047-b332-9523e8d70ada</sln:gmIIPId><sln:gmIIPPn>PL.PZGIK.200</sln:gmIIPPn><sln:gmIIPWersja>2012-09-26T21:56:29+02:00</sln:gmIIPWersja><sln:gmIdTeryt>1425122</sln:gmIdTeryt><sln:gmNazwa>Wolanów</sln:gmNazwa><sln:miejscIIPId>4a88d466-c476-49e2-bf71-82bda30ee3d2</sln:miejscIIPId><sln:miejscIIPPn>PL.PZGIK.200</sln:miejscIIPPn><sln:miejscIIPWersja>2017-03-29T12:03:53+02:00</sln:miejscIIPWersja><sln:miejscIdTeryt>0641549</sln:miejscIdTeryt><sln:miejscNazwa>Podkończyce</sln:miejscNazwa><sln:miejscRodzaj>Przysiółek</sln:miejscRodzaj><sln:powIIPId>3bed0908-7bc7-4981-89d9-c3a9075e317c</sln:powIIPId><sln:powIIPPn>PL.PZGIK.200</sln:powIIPPn><sln:powIIPWersja>2012-09-27T08:13:53+02:00</sln:powIIPWersja><sln:powIdTeryt>1425</sln:powIdTeryt><sln:powNazwa>radomski</sln:powNazwa><sln:waznyOd>2015-10-28T00:00:00+01:00</sln:waznyOd><sln:wojIIPId>4b6c492a-eb04-441d-a92a-f44359c06de7</sln:wojIIPId><sln:wojIIPPn>PL.PZGIK.200</sln:wojIIPPn><sln:wojIIPWersja>2012-09-27T13:45:13+02:00</sln:wojIIPWersja><sln:wojIdTeryt>14</sln:wojIdTeryt><sln:wojNazwa>mazowieckie</sln:wojNazwa></sln:miejscowosc><sln:miejscowosc><sln:cyklZyciaOd>2017-03-29T00:00:00+02:00</sln:cyklZyciaOd><sln:gmIIPId>6540c4b6-3094-4047-b332-9523e8d70ada</sln:gmIIPId><sln:gmIIPPn>PL.PZGIK.200</sln:gmIIPPn><sln:gmIIPWersja>2012-09-26T21:56:29+02:00</sln:gmIIPWersja><sln:gmIdTeryt>1425122</sln:gmIdTeryt><sln:gmNazwa>Wolanów</sln:gmNazwa><sln:miejscIIPId>3cc127a3-b48a-4970-a830-9695ddd5fc43</sln:miejscIIPId><sln:miejscIIPPn>PL.PZGIK.200</sln:miejscIIPPn><sln:miejscIIPWersja>2017-03-29T12:03:53+02:00</sln:miejscIIPWersja><sln:miejscIdTeryt>0641555</sln:miejscIdTeryt><sln:miejscNazwa>Rogowa</sln:miejscNazwa><sln:miejscRodzaj>Wieś</sln:miejscRodzaj><sln:powIIPId>3bed0908-7bc7-4981-89d9-c3a9075e317c</sln:powIIPId><sln:powIIPPn>PL.PZGIK.200</sln:powIIPPn><sln:powIIPWersja>2012-09-27T08:13:53+02:00</sln:powIIPWersja><sln:powIdTeryt>1425</sln:powIdTeryt><sln:powNazwa>radomski</sln:powNazwa><sln:waznyOd>2014-06-24T00:00:00+02:00</sln:waznyOd><sln:wojIIPId>4b6c492a-eb04-441d-a92a-f44359c06de7</sln:wojIIPId><sln:wojIIPPn>PL.PZGIK.200</sln:wojIIPPn><sln:wojIIPWersja>2012-09-27T13:45:13+02:00</sln:wojIIPWersja><sln:wojIdTeryt>14</sln:wojIdTeryt><sln:wojNazwa>mazowieckie</sln:wojNazwa></sln:miejscowosc><sln:miejscowosc><sln:cyklZyciaOd>2017-03-29T00:00:00+02:00</sln:cyklZyciaOd><sln:gmIIPId>6540c4b6-3094-4047-b332-9523e8d70ada</sln:gmIIPId><sln:gmIIPPn>PL.PZGIK.200</sln:gmIIPPn><sln:gmIIPWersja>2012-09-26T21:56:29+02:00</sln:gmIIPWersja><sln:gmIdTeryt>1425122</sln:gmIdTeryt><sln:gmNazwa>Wolanów</sln:gmNazwa><sln:miejscIIPId>31c7d27d-75f6-4714-9a91-73fac64e2fe3</sln:miejscIIPId><sln:miejscIIPPn>PL.PZGIK.200</sln:miejscIIPPn><sln:miejscIIPWersja>2017-03-29T12:03:53+02:00</sln:miejscIIPWersja><sln:miejscIdTeryt>0641561</sln:miejscIdTeryt><sln:miejscNazwa>Sławno</sln:miejscNazwa><sln:miejscRodzaj>Wieś</sln:miejscRodzaj><sln:powIIPId>3bed0908-7bc7-4981-89d9-c3a9075e317c</sln:powIIPId><sln:powIIPPn>PL.PZGIK.200</sln:powIIPPn><sln:powIIPWersja>2012-09-27T08:13:53+02:00</sln:powIIPWersja><sln:powIdTeryt>1425</sln:powIdTeryt><sln:powNazwa>radomski</sln:powNazwa><sln:waznyOd>2014-06-24T00:00:00+02:00</sln:waznyOd><sln:wojIIPId>4b6c492a-eb04-441d-a92a-f44359c06de7</sln:wojIIPId><sln:wojIIPPn>PL.PZGIK.200</sln:wojIIPPn><sln:wojIIPWersja>2012-09-27T13:45:13+02:00</sln:wojIIPWersja><sln:wojIdTeryt>14</sln:wojIdTeryt><sln:wojNazwa>mazowieckie</sln:wojNazwa></sln:miejscowosc><sln:miejscowosc><sln:cyklZyciaOd>2017-03-29T00:00:00+02:00</sln:cyklZyciaOd><sln:gmIIPId>6540c4b6-3094-4047-b332-9523e8d70ada</sln:gmIIPId><sln:gmIIPPn>PL.PZGIK.200</sln:gmIIPPn><sln:gmIIPWersja>2012-09-26T21:56:29+02:00</sln:gmIIPWersja><sln:gmIdTeryt>1425122</sln:gmIdTeryt><sln:gmNazwa>Wolanów</sln:gmNazwa><sln:miejscIIPId>c8c79f68-3ee4-4c95-ae21-c56ab2344c55</sln:miejscIIPId><sln:miejscIIPPn>PL.PZGIK.200</sln:miejscIIPPn><sln:miejscIIPWersja>2017-03-29T12:03:53+02:00</sln:miejscIIPWersja><sln:miejscIdTeryt>0641615</sln:miejscIdTeryt><sln:miejscNazwa>Strzałków</sln:miejscNazwa><sln:miejscRodzaj>Wieś</sln:miejscRodzaj><sln:powIIPId>3bed0908-7bc7-4981-89d9-c3a9075e317c</sln:powIIPId><sln:powIIPPn>PL.PZGIK.200</sln:powIIPPn><sln:powIIPWersja>2012-09-27T08:13:53+02:00</sln:powIIPWersja><sln:powIdTeryt>1425</sln:powIdTeryt><sln:powNazwa>radomski</sln:powNazwa><sln:waznyOd>2014-06-24T00:00:00+02:00</sln:waznyOd><sln:wojIIPId>4b6c492a-eb04-441d-a92a-f44359c06de7</sln:wojIIPId><sln:wojIIPPn>PL.PZGIK.200</sln:wojIIPPn><sln:wojIIPWersja>2012-09-27T13:45:13+02:00</sln:wojIIPWersja><sln:wojIdTeryt>14</sln:wojIdTeryt><sln:wojNazwa>mazowieckie</sln:wojNazwa></sln:miejscowosc><sln:miejscowosc><sln:cyklZyciaOd>2017-03-29T00:00:00+02:00</sln:cyklZyciaOd><sln:gmIIPId>6540c4b6-3094-4047-b332-9523e8d70ada</sln:gmIIPId><sln:gmIIPPn>PL.PZGIK.200</sln:gmIIPPn><sln:gmIIPWersja>2012-09-26T21:56:29+02:00</sln:gmIIPWersja><sln:gmIdTeryt>1425122</sln:gmIdTeryt><sln:gmNazwa>Wolanów</sln:gmNazwa><sln:miejscIIPId>2a7e3f0b-fb71-4b08-9abc-804cb6bf2a97</sln:miejscIIPId><sln:miejscIIPPn>PL.PZGIK.200</sln:miejscIIPPn><sln:miejscIIPWersja>2017-03-29T12:03:53+02:00</sln:miejscIIPWersja><sln:miejscIdTeryt>0641650</sln:miejscIdTeryt><sln:miejscNazwa>Sabat</sln:miejscNazwa><sln:miejscRodzaj>Przysiółek</sln:miejscRodzaj><sln:powIIPId>3bed0908-7bc7-4981-89d9-c3a9075e317c</sln:powIIPId><sln:powIIPPn>PL.PZGIK.200</sln:powIIPPn><sln:powIIPWersja>2012-09-27T08:13:53+02:00</sln:powIIPWersja><sln:powIdTeryt>1425</sln:powIdTeryt><sln:powNazwa>radomski</sln:powNazwa><sln:waznyOd>2015-10-28T00:00:00+01:00</sln:waznyOd><sln:wojIIPId>4b6c492a-eb04-441d-a92a-f44359c06de7</sln:wojIIPId><sln:wojIIPPn>PL.PZGIK.200</sln:wojIIPPn><sln:wojIIPWersja>2012-09-27T13:45:13+02:00</sln:wojIIPWersja><sln:wojIdTeryt>14</sln:wojIdTeryt><sln:wojNazwa>mazowieckie</sln:wojNazwa></sln:miejscowosc><sln:miejscowosc><sln:cyklZyciaOd>2017-03-29T00:00:00+02:00</sln:cyklZyciaOd><sln:gmIIPId>6540c4b6-3094-4047-b332-9523e8d70ada</sln:gmIIPId><sln:gmIIPPn>PL.PZGIK.200</sln:gmIIPPn><sln:gmIIPWersja>2012-09-26T21:56:29+02:00</sln:gmIIPWersja><sln:gmIdTeryt>1425122</sln:gmIdTeryt><sln:gmNazwa>Wolanów</sln:gmNazwa><sln:miejscIIPId>126b1e92-d112-409e-97a9-9be1cdfe046e</sln:miejscIIPId><sln:miejscIIPPn>PL.PZGIK.200</sln:miejscIIPPn><sln:miejscIIPWersja>2017-03-29T12:03:53+02:00</sln:miejscIIPWersja><sln:miejscIdTeryt>0641667</sln:miejscIdTeryt><sln:miejscNazwa>Ślepowron</sln:miejscNazwa><sln:miejscRodzaj>Wieś</sln:miejscRodzaj><sln:powIIPId>3bed0908-7bc7-4981-89d9-c3a9075e317c</sln:powIIPId><sln:powIIPPn>PL.PZGIK.200</sln:powIIPPn><sln:powIIPWersja>2012-09-27T08:13:53+02:00</sln:powIIPWersja><sln:powIdTeryt>1425</sln:powIdTeryt><sln:powNazwa>radomski</sln:powNazwa><sln:waznyOd>2014-06-24T00:00:00+02:00</sln:waznyOd><sln:wojIIPId>4b6c492a-eb04-441d-a92a-f44359c06de7</sln:wojIIPId><sln:wojIIPPn>PL.PZGIK.200</sln:wojIIPPn><sln:wojIIPWersja>2012-09-27T13:45:13+02:00</sln:wojIIPWersja><sln:wojIdTeryt>14</sln:wojIdTeryt><sln:wojNazwa>mazowieckie</sln:wojNazwa></sln:miejscowosc><sln:miejscowosc><sln:cyklZyciaOd>2017-03-29T00:00:00+02:00</sln:cyklZyciaOd><sln:gmIIPId>6540c4b6-3094-4047-b332-9523e8d70ada</sln:gmIIPId><sln:gmIIPPn>PL.PZGIK.200</sln:gmIIPPn><sln:gmIIPWersja>2012-09-26T21:56:29+02:00</sln:gmIIPWersja><sln:gmIdTeryt>1425122</sln:gmIdTeryt><sln:gmNazwa>Wolanów</sln:gmNazwa><sln:miejscIIPId>f1832d50-8f7d-43d5-b019-f2681f924c75</sln:miejscIIPId><sln:miejscIIPPn>PL.PZGIK.200</sln:miejscIIPPn><sln:miejscIIPWersja>2017-03-29T12:03:53+02:00</sln:miejscIIPWersja><sln:miejscIdTeryt>0641704</sln:miejscIdTeryt><sln:miejscNazwa>Wacławów</sln:miejscNazwa><sln:miejscRodzaj>Wieś</sln:miejscRodzaj><sln:powIIPId>3bed0908-7bc7-4981-89d9-c3a9075e317c</sln:powIIPId><sln:powIIPPn>PL.PZGIK.200</sln:powIIPPn><sln:powIIPWersja>2012-09-27T08:13:53+02:00</sln:powIIPWersja><sln:powIdTeryt>1425</sln:powIdTeryt><sln:powNazwa>radomski</sln:powNazwa><sln:waznyOd>2014-06-24T00:00:00+02:00</sln:waznyOd><sln:wojIIPId>4b6c492a-eb04-441d-a92a-f44359c06de7</sln:wojIIPId><sln:wojIIPPn>PL.PZGIK.200</sln:wojIIPPn><sln:wojIIPWersja>2012-09-27T13:45:13+02:00</sln:wojIIPWersja><sln:wojIdTeryt>14</sln:wojIdTeryt><sln:wojNazwa>mazowieckie</sln:wojNazwa></sln:miejscowosc><sln:miejscowosc><sln:cyklZyciaOd>2017-03-29T00:00:00+02:00</sln:cyklZyciaOd><sln:gmIIPId>6540c4b6-3094-4047-b332-9523e8d70ada</sln:gmIIPId><sln:gmIIPPn>PL.PZGIK.200</sln:gmIIPPn><sln:gmIIPWersja>2012-09-26T21:56:29+02:00</sln:gmIIPWersja><sln:gmIdTeryt>1425122</sln:gmIdTeryt><sln:gmNazwa>Wolanów</sln:gmNazwa><sln:miejscIIPId>d7305a40-2036-4a51-92f2-08c31d22bd12</sln:miejscIIPId><sln:miejscIIPPn>PL.PZGIK.200</sln:miejscIIPPn><sln:miejscIIPWersja>2017-03-29T12:03:54+02:00</sln:miejscIIPWersja><sln:miejscIdTeryt>0641710</sln:miejscIdTeryt><sln:miejscNazwa>Wola Wacławowska</sln:miejscNazwa><sln:miejscRodzaj>Przysiółek</sln:miejscRodzaj><sln:powIIPId>3bed0908-7bc7-4981-89d9-c3a9075e317c</sln:powIIPId><sln:powIIPPn>PL.PZGIK.200</sln:powIIPPn><sln:powIIPWersja>2012-09-27T08:13:53+02:00</sln:powIIPWersja><sln:powIdTeryt>1425</sln:powIdTeryt><sln:powNazwa>radomski</sln:powNazwa><sln:waznyOd>2015-10-28T00:00:00+01:00</sln:waznyOd><sln:wojIIPId>4b6c492a-eb04-441d-a92a-f44359c06de7</sln:wojIIPId><sln:wojIIPPn>PL.PZGIK.200</sln:wojIIPPn><sln:wojIIPWersja>2012-09-27T13:45:13+02:00</sln:wojIIPWersja><sln:wojIdTeryt>14</sln:wojIdTeryt><sln:wojNazwa>mazowieckie</sln:wojNazwa></sln:miejscowosc><sln:miejscowosc><sln:cyklZyciaOd>2017-03-29T00:00:00+02:00</sln:cyklZyciaOd><sln:gmIIPId>6540c4b6-3094-4047-b332-9523e8d70ada</sln:gmIIPId><sln:gmIIPPn>PL.PZGIK.200</sln:gmIIPPn><sln:gmIIPWersja>2012-09-26T21:56:29+02:00</sln:gmIIPWersja><sln:gmIdTeryt>1425122</sln:gmIdTeryt><sln:gmNazwa>Wolanów</sln:gmNazwa><sln:miejscIIPId>c1e44447-0cf7-4cd0-a8c6-f5b48c099a29</sln:miejscIIPId><sln:miejscIIPPn>PL.PZGIK.200</sln:miejscIIPPn><sln:miejscIIPWersja>2017-03-29T12:03:54+02:00</sln:miejscIIPWersja><sln:miejscIdTeryt>0641727</sln:miejscIdTeryt><sln:miejscNazwa>Waliny</sln:miejscNazwa><sln:miejscRodzaj>Wieś</sln:miejscRodzaj><sln:powIIPId>3bed0908-7bc7-4981-89d9-c3a9075e317c</sln:powIIPId><sln:powIIPPn>PL.PZGIK.200</sln:powIIPPn><sln:powIIPWersja>2012-09-27T08:13:53+02:00</sln:powIIPWersja><sln:powIdTeryt>1425</sln:powIdTeryt><sln:powNazwa>radomski</sln:powNazwa><sln:waznyOd>2014-06-24T00:00:00+02:00</sln:waznyOd><sln:wojIIPId>4b6c492a-eb04-441d-a92a-f44359c06de7</sln:wojIIPId><sln:wojIIPPn>PL.PZGIK.200</sln:wojIIPPn><sln:wojIIPWersja>2012-09-27T13:45:13+02:00</sln:wojIIPWersja><sln:wojIdTeryt>14</sln:wojIdTeryt><sln:wojNazwa>mazowieckie</sln:wojNazwa></sln:miejscowosc><sln:miejscowosc><sln:cyklZyciaOd>2017-03-29T00:00:00+02:00</sln:cyklZyciaOd><sln:gmIIPId>6540c4b6-3094-4047-b332-9523e8d70ada</sln:gmIIPId><sln:gmIIPPn>PL.PZGIK.200</sln:gmIIPPn><sln:gmIIPWersja>2012-09-26T21:56:29+02:00</sln:gmIIPWersja><sln:gmIdTeryt>1425122</sln:gmIdTeryt><sln:gmNazwa>Wolanów</sln:gmNazwa><sln:miejscIIPId>6cedaa3e-4cac-407f-af2f-125440a89e4d</sln:miejscIIPId><sln:miejscIIPPn>PL.PZGIK.200</sln:miejscIIPPn><sln:miejscIIPWersja>2017-03-29T12:03:54+02:00</sln:miejscIIPWersja><sln:miejscIdTeryt>0641733</sln:miejscIdTeryt><sln:miejscNazwa>Wawrzyszów</sln:miejscNazwa><sln:miejscRodzaj>Wieś</sln:miejscRodzaj><sln:powIIPId>3bed0908-7bc7-4981-89d9-c3a9075e317c</sln:powIIPId><sln:powIIPPn>PL.PZGIK.200</sln:powIIPPn><sln:powIIPWersja>2012-09-27T08:13:53+02:00</sln:powIIPWersja><sln:powIdTeryt>1425</sln:powIdTeryt><sln:powNazwa>radomski</sln:powNazwa><sln:waznyOd>2014-06-24T00:00:00+02:00</sln:waznyOd><sln:wojIIPId>4b6c492a-eb04-441d-a92a-f44359c06de7</sln:wojIIPId><sln:wojIIPPn>PL.PZGIK.200</sln:wojIIPPn><sln:wojIIPWersja>2012-09-27T13:45:13+02:00</sln:wojIIPWersja><sln:wojIdTeryt>14</sln:wojIdTeryt><sln:wojNazwa>mazowieckie</sln:wojNazwa></sln:miejscowosc><sln:miejscowosc><sln:cyklZyciaOd>2017-03-29T00:00:00+02:00</sln:cyklZyciaOd><sln:gmIIPId>6540c4b6-3094-4047-b332-9523e8d70ada</sln:gmIIPId><sln:gmIIPPn>PL.PZGIK.200</sln:gmIIPPn><sln:gmIIPWersja>2012-09-26T21:56:29+02:00</sln:gmIIPWersja><sln:gmIdTeryt>1425122</sln:gmIdTeryt><sln:gmNazwa>Wolanów</sln:gmNazwa><sln:miejscIIPId>5d95dd7f-f366-4768-b918-a222ca8af6e3</sln:miejscIIPId><sln:miejscIIPPn>PL.PZGIK.200</sln:miejscIIPPn><sln:miejscIIPWersja>2017-03-29T12:03:54+02:00</sln:miejscIIPWersja><sln:miejscIdTeryt>0641779</sln:miejscIdTeryt><sln:miejscNazwa>Kolonia Wawrzyszów</sln:miejscNazwa><sln:miejscRodzaj>Wieś</sln:miejscRodzaj><sln:powIIPId>3bed0908-7bc7-4981-89d9-c3a9075e317c</sln:powIIPId><sln:powIIPPn>PL.PZGIK.200</sln:powIIPPn><sln:powIIPWersja>2012-09-27T08:13:53+02:00</sln:powIIPWersja><sln:powIdTeryt>1425</sln:powIdTeryt><sln:powNazwa>radomski</sln:powNazwa><sln:waznyOd>2014-06-24T00:00:00+02:00</sln:waznyOd><sln:wojIIPId>4b6c492a-eb04-441d-a92a-f44359c06de7</sln:wojIIPId><sln:wojIIPPn>PL.PZGIK.200</sln:wojIIPPn><sln:wojIIPWersja>2012-09-27T13:45:13+02:00</sln:wojIIPWersja><sln:wojIdTeryt>14</sln:wojIdTeryt><sln:wojNazwa>mazowieckie</sln:wojNazwa></sln:miejscowosc><sln:miejscowosc><sln:cyklZyciaOd>2017-03-29T00:00:00+02:00</sln:cyklZyciaOd><sln:gmIIPId>6540c4b6-3094-4047-b332-9523e8d70ada</sln:gmIIPId><sln:gmIIPPn>PL.PZGIK.200</sln:gmIIPPn><sln:gmIIPWersja>2012-09-26T21:56:29+02:00</sln:gmIIPWersja><sln:gmIdTeryt>1425122</sln:gmIdTeryt><sln:gmNazwa>Wolanów</sln:gmNazwa><sln:miejscIIPId>863b1923-56a4-4fda-8b5c-6d0ce5c3c84d</sln:miejscIIPId><sln:miejscIIPPn>PL.PZGIK.200</sln:miejscIIPPn><sln:miejscIIPWersja>2017-03-29T12:03:54+02:00</sln:miejscIIPWersja><sln:miejscIdTeryt>0641791</sln:miejscIdTeryt><sln:miejscNazwa>Wolanów</sln:miejscNazwa><sln:miejscRodzaj>Wieś</sln:miejscRodzaj><sln:powIIPId>3bed0908-7bc7-4981-89d9-c3a9075e317c</sln:powIIPId><sln:powIIPPn>PL.PZGIK.200</sln:powIIPPn><sln:powIIPWersja>2012-09-27T08:13:53+02:00</sln:powIIPWersja><sln:powIdTeryt>1425</sln:powIdTeryt><sln:powNazwa>radomski</sln:powNazwa><sln:waznyOd>2014-06-24T00:00:00+02:00</sln:waznyOd><sln:wojIIPId>4b6c492a-eb04-441d-a92a-f44359c06de7</sln:wojIIPId><sln:wojIIPPn>PL.PZGIK.200</sln:wojIIPPn><sln:wojIIPWersja>2012-09-27T13:45:13+02:00</sln:wojIIPWersja><sln:wojIdTeryt>14</sln:wojIdTeryt><sln:wojNazwa>mazowieckie</sln:wojNazwa></sln:miejscowosc><sln:miejscowosc><sln:cyklZyciaOd>2017-03-29T00:00:00+02:00</sln:cyklZyciaOd><sln:gmIIPId>6540c4b6-3094-4047-b332-9523e8d70ada</sln:gmIIPId><sln:gmIIPPn>PL.PZGIK.200</sln:gmIIPPn><sln:gmIIPWersja>2012-09-26T21:56:29+02:00</sln:gmIIPWersja><sln:gmIdTeryt>1425122</sln:gmIdTeryt><sln:gmNazwa>Wolanów</sln:gmNazwa><sln:miejscIIPId>7629cbc4-d07c-4392-8e83-3da72a5c4749</sln:miejscIIPId><sln:miejscIIPPn>PL.PZGIK.200</sln:miejscIIPPn><sln:miejscIIPWersja>2017-03-29T12:03:54+02:00</sln:miejscIIPWersja><sln:miejscIdTeryt>0641800</sln:miejscIdTeryt><sln:miejscNazwa>Kowalanka</sln:miejscNazwa><sln:miejscRodzaj>Inny obiekt</sln:miejscRodzaj><sln:powIIPId>3bed0908-7bc7-4981-89d9-c3a9075e317c</sln:powIIPId><sln:powIIPPn>PL.PZGIK.200</sln:powIIPPn><sln:powIIPWersja>2012-09-27T08:13:53+02:00</sln:powIIPWersja><sln:powIdTeryt>1425</sln:powIdTeryt><sln:powNazwa>radomski</sln:powNazwa><sln:waznyOd>2015-10-28T00:00:00+01:00</sln:waznyOd><sln:wojIIPId>4b6c492a-eb04-441d-a92a-f44359c06de7</sln:wojIIPId><sln:wojIIPPn>PL.PZGIK.200</sln:wojIIPPn><sln:wojIIPWersja>2012-09-27T13:45:13+02:00</sln:wojIIPWersja><sln:wojIdTeryt>14</sln:wojIdTeryt><sln:wojNazwa>mazowieckie</sln:wojNazwa></sln:miejscowosc><sln:miejscowosc><sln:cyklZyciaOd>2017-03-29T00:00:00+02:00</sln:cyklZyciaOd><sln:gmIIPId>6540c4b6-3094-4047-b332-9523e8d70ada</sln:gmIIPId><sln:gmIIPPn>PL.PZGIK.200</sln:gmIIPPn><sln:gmIIPWersja>2012-09-26T21:56:29+02:00</sln:gmIIPWersja><sln:gmIdTeryt>1425122</sln:gmIdTeryt><sln:gmNazwa>Wolanów</sln:gmNazwa><sln:miejscIIPId>520bfe15-4968-46f6-9a46-e1b63a61c0b0</sln:miejscIIPId><sln:miejscIIPPn>PL.PZGIK.200</sln:miejscIIPPn><sln:miejscIIPWersja>2017-03-29T12:03:54+02:00</sln:miejscIIPWersja><sln:miejscIdTeryt>0641816</sln:miejscIdTeryt><sln:miejscNazwa>Kolonia Wolanów</sln:miejscNazwa><sln:miejscRodzaj>Wieś</sln:miejscRodzaj><sln:powIIPId>3bed0908-7bc7-4981-89d9-c3a9075e317c</sln:powIIPId><sln:powIIPPn>PL.PZGIK.200</sln:powIIPPn><sln:powIIPWersja>2012-09-27T08:13:53+02:00</sln:powIIPWersja><sln:powIdTeryt>1425</sln:powIdTeryt><sln:powNazwa>radomski</sln:powNazwa><sln:waznyOd>2014-06-24T00:00:00+02:00</sln:waznyOd><sln:wojIIPId>4b6c492a-eb04-441d-a92a-f44359c06de7</sln:wojIIPId><sln:wojIIPPn>PL.PZGIK.200</sln:wojIIPPn><sln:wojIIPWersja>2012-09-27T13:45:13+02:00</sln:wojIIPWersja><sln:wojIdTeryt>14</sln:wojIdTeryt><sln:wojNazwa>mazowieckie</sln:wojNazwa></sln:miejscowosc><sln:miejscowosc><sln:cyklZyciaOd>2017-03-29T00:00:00+02:00</sln:cyklZyciaOd><sln:gmIIPId>6540c4b6-3094-4047-b332-9523e8d70ada</sln:gmIIPId><sln:gmIIPPn>PL.PZGIK.200</sln:gmIIPPn><sln:gmIIPWersja>2012-09-26T21:56:29+02:00</sln:gmIIPWersja><sln:gmIdTeryt>1425122</sln:gmIdTeryt><sln:gmNazwa>Wolanów</sln:gmNazwa><sln:miejscIIPId>a04b2e3e-9375-461a-8473-8592519d8453</sln:miejscIIPId><sln:miejscIIPPn>PL.PZGIK.200</sln:miejscIIPPn><sln:miejscIIPWersja>2017-03-29T12:03:54+02:00</sln:miejscIIPWersja><sln:miejscIdTeryt>0641822</sln:miejscIdTeryt><sln:miejscNazwa>Wymysłów</sln:miejscNazwa><sln:miejscRodzaj>Wieś</sln:miejscRodzaj><sln:powIIPId>3bed0908-7bc7-4981-89d9-c3a9075e317c</sln:powIIPId><sln:powIIPPn>PL.PZGIK.200</sln:powIIPPn><sln:powIIPWersja>2012-09-27T08:13:53+02:00</sln:powIIPWersja><sln:powIdTeryt>1425</sln:powIdTeryt><sln:powNazwa>radomski</sln:powNazwa><sln:waznyOd>2014-06-24T00:00:00+02:00</sln:waznyOd><sln:wojIIPId>4b6c492a-eb04-441d-a92a-f44359c06de7</sln:wojIIPId><sln:wojIIPPn>PL.PZGIK.200</sln:wojIIPPn><sln:wojIIPWersja>2012-09-27T13:45:13+02:00</sln:wojIIPWersja><sln:wojIdTeryt>14</sln:wojIdTeryt><sln:wojNazwa>mazowieckie</sln:wojNazwa></sln:miejscowosc><sln:miejscowosc><sln:cyklZyciaOd>2017-03-29T00:00:00+02:00</sln:cyklZyciaOd><sln:gmIIPId>6540c4b6-3094-4047-b332-9523e8d70ada</sln:gmIIPId><sln:gmIIPPn>PL.PZGIK.200</sln:gmIIPPn><sln:gmIIPWersja>2012-09-26T21:56:29+02:00</sln:gmIIPWersja><sln:gmIdTeryt>1425122</sln:gmIdTeryt><sln:gmNazwa>Wolanów</sln:gmNazwa><sln:miejscIIPId>98e99d9f-2ed8-402d-808c-d35757b3db3e</sln:miejscIIPId><sln:miejscIIPPn>PL.PZGIK.200</sln:miejscIIPPn><sln:miejscIIPWersja>2017-03-29T12:03:54+02:00</sln:miejscIIPWersja><sln:miejscIdTeryt>0641851</sln:miejscIdTeryt><sln:miejscNazwa>Zabłocie</sln:miejscNazwa><sln:miejscRodzaj>Wieś</sln:miejscRodzaj><sln:powIIPId>3bed0908-7bc7-4981-89d9-c3a9075e317c</sln:powIIPId><sln:powIIPPn>PL.PZGIK.200</sln:powIIPPn><sln:powIIPWersja>2012-09-27T08:13:53+02:00</sln:powIIPWersja><sln:powIdTeryt>1425</sln:powIdTeryt><sln:powNazwa>radomski</sln:powNazwa><sln:waznyOd>2014-06-24T00:00:00+02:00</sln:waznyOd><sln:wojIIPId>4b6c492a-eb04-441d-a92a-f44359c06de7</sln:wojIIPId><sln:wojIIPPn>PL.PZGIK.200</sln:wojIIPPn><sln:wojIIPWersja>2012-09-27T13:45:13+02:00</sln:wojIIPWersja><sln:wojIdTeryt>14</sln:wojIdTeryt><sln:wojNazwa>mazowieckie</sln:wojNazwa></sln:miejscowosc></sln:lista-miejscowosci>