<?xml version="1.0" encoding="UTF-8" standalone="yes"?><sln:lista-miejscowosci xmlns:srv="http://gugik.gov.pl/schemas/slowniki-service/1.0" xmlns:sln="http://gugik.gov.pl/schemas/slowniki-schema/1.0"><sln:miejscowosc><sln:cyklZyciaDo>2017-03-14T00:00:00+01:00</sln:cyklZyciaDo><sln:cyklZyciaOd>2016-02-02T00:00:00+01:00</sln:cyklZyciaOd><sln:gmIIPId>c70007b4-6bcd-469e-8617-ba3a9e580478</sln:gmIIPId><sln:gmIIPPn>PL.PZGIK.200</sln:gmIIPPn><sln:gmIIPWersja>2012-09-26T22:52:49+02:00</sln:gmIIPWersja><sln:gmIdTeryt>1414063</sln:gmIdTeryt><sln:gmNazwa>Zakroczym</sln:gmNazwa><sln:miejscIIPId>1677a4f2-abbd-4889-88f2-840173dab21e</sln:miejscIIPId><sln:miejscIIPPn>PL.PZGIK.200</sln:miejscIIPPn><sln:miejscIIPWersja>2016-11-24T08:29:26+02:00</sln:miejscIIPWersja><sln:miejscIdTeryt>0010346</sln:miejscIdTeryt><sln:miejscNazwa>Błogosławie</sln:miejscNazwa><sln:miejscRodzaj>Wieś</sln:miejscRodzaj><sln:powIIPId>357b6f32-a2a9-4f83-85d2-ae55588ecc62</sln:powIIPId><sln:powIIPPn>PL.PZGIK.200</sln:powIIPPn><sln:powIIPWersja>2012-09-27T08:13:53+02:00</sln:powIIPWersja><sln:powIdTeryt>1414</sln:powIdTeryt><sln:powNazwa>nowodworski</sln:powNazwa><sln:waznyOd>2012-06-13T00:00:00+02:00</sln:waznyOd><sln:wojIIPId>4b6c492a-eb04-441d-a92a-f44359c06de7</sln:wojIIPId><sln:wojIIPPn>PL.PZGIK.200</sln:wojIIPPn><sln:wojIIPWersja>2012-09-27T13:45:13+02:00</sln:wojIIPWersja><sln:wojIdTeryt>14</sln:wojIdTeryt><sln:wojNazwa>mazowieckie</sln:wojNazwa></sln:miejscowosc><sln:miejscowosc><sln:cyklZyciaDo>2017-03-14T00:00:00+01:00</sln:cyklZyciaDo><sln:cyklZyciaOd>2016-02-02T00:00:00+01:00</sln:cyklZyciaOd><sln:gmIIPId>c70007b4-6bcd-469e-8617-ba3a9e580478</sln:gmIIPId><sln:gmIIPPn>PL.PZGIK.200</sln:gmIIPPn><sln:gmIIPWersja>2012-09-26T22:52:49+02:00</sln:gmIIPWersja><sln:gmIdTeryt>1414063</sln:gmIdTeryt><sln:gmNazwa>Zakroczym</sln:gmNazwa><sln:miejscIIPId>c4c1e679-1962-4e07-8454-a0268bfe4515</sln:miejscIIPId><sln:miejscIIPPn>PL.PZGIK.200</sln:miejscIIPPn><sln:miejscIIPWersja>2016-11-24T08:29:28+02:00</sln:miejscIIPWersja><sln:miejscIdTeryt>0010352</sln:miejscIdTeryt><sln:miejscNazwa>Czarna</sln:miejscNazwa><sln:miejscRodzaj>Wieś</sln:miejscRodzaj><sln:powIIPId>357b6f32-a2a9-4f83-85d2-ae55588ecc62</sln:powIIPId><sln:powIIPPn>PL.PZGIK.200</sln:powIIPPn><sln:powIIPWersja>2012-09-27T08:13:53+02:00</sln:powIIPWersja><sln:powIdTeryt>1414</sln:powIdTeryt><sln:powNazwa>nowodworski</sln:powNazwa><sln:waznyOd>2012-06-13T00:00:00+02:00</sln:waznyOd><sln:wojIIPId>4b6c492a-eb04-441d-a92a-f44359c06de7</sln:wojIIPId><sln:wojIIPPn>PL.PZGIK.200</sln:wojIIPPn><sln:wojIIPWersja>2012-09-27T13:45:13+02:00</sln:wojIIPWersja><sln:wojIdTeryt>14</sln:wojIdTeryt><sln:wojNazwa>mazowieckie</sln:wojNazwa></sln:miejscowosc><sln:miejscowosc><sln:cyklZyciaDo>2017-03-14T00:00:00+01:00</sln:cyklZyciaDo><sln:cyklZyciaOd>2016-02-02T00:00:00+01:00</sln:cyklZyciaOd><sln:gmIIPId>c70007b4-6bcd-469e-8617-ba3a9e580478</sln:gmIIPId><sln:gmIIPPn>PL.PZGIK.200</sln:gmIIPPn><sln:gmIIPWersja>2012-09-26T22:52:49+02:00</sln:gmIIPWersja><sln:gmIdTeryt>1414063</sln:gmIdTeryt><sln:gmNazwa>Zakroczym</sln:gmNazwa><sln:miejscIIPId>0c6c9de7-dff7-4e11-be3f-bbc1a7f3a432</sln:miejscIIPId><sln:miejscIIPPn>PL.PZGIK.200</sln:miejscIIPPn><sln:miejscIIPWersja>2016-11-24T08:29:30+02:00</sln:miejscIIPWersja><sln:miejscIdTeryt>0010369</sln:miejscIdTeryt><sln:miejscNazwa>Emolinek</sln:miejscNazwa><sln:miejscRodzaj>Wieś</sln:miejscRodzaj><sln:powIIPId>357b6f32-a2a9-4f83-85d2-ae55588ecc62</sln:powIIPId><sln:powIIPPn>PL.PZGIK.200</sln:powIIPPn><sln:powIIPWersja>2012-09-27T08:13:53+02:00</sln:powIIPWersja><sln:powIdTeryt>1414</sln:powIdTeryt><sln:powNazwa>nowodworski</sln:powNazwa><sln:waznyOd>2012-06-13T00:00:00+02:00</sln:waznyOd><sln:wojIIPId>4b6c492a-eb04-441d-a92a-f44359c06de7</sln:wojIIPId><sln:wojIIPPn>PL.PZGIK.200</sln:wojIIPPn><sln:wojIIPWersja>2012-09-27T13:45:13+02:00</sln:wojIIPWersja><sln:wojIdTeryt>14</sln:wojIdTeryt><sln:wojNazwa>mazowieckie</sln:wojNazwa></sln:miejscowosc><sln:miejscowosc><sln:cyklZyciaDo>2017-03-14T00:00:00+01:00</sln:cyklZyciaDo><sln:cyklZyciaOd>2016-02-02T00:00:00+01:00</sln:cyklZyciaOd><sln:gmIIPId>c70007b4-6bcd-469e-8617-ba3a9e580478</sln:gmIIPId><sln:gmIIPPn>PL.PZGIK.200</sln:gmIIPPn><sln:gmIIPWersja>2012-09-26T22:52:49+02:00</sln:gmIIPWersja><sln:gmIdTeryt>1414063</sln:gmIdTeryt><sln:gmNazwa>Zakroczym</sln:gmNazwa><sln:miejscIIPId>03a3e30c-413d-459f-8ae5-b7d7548cfe7e</sln:miejscIIPId><sln:miejscIIPPn>PL.PZGIK.200</sln:miejscIIPPn><sln:miejscIIPWersja>2016-11-24T08:29:32+02:00</sln:miejscIIPWersja><sln:miejscIdTeryt>0010375</sln:miejscIdTeryt><sln:miejscNazwa>Henrysin</sln:miejscNazwa><sln:miejscRodzaj>Wieś</sln:miejscRodzaj><sln:powIIPId>357b6f32-a2a9-4f83-85d2-ae55588ecc62</sln:powIIPId><sln:powIIPPn>PL.PZGIK.200</sln:powIIPPn><sln:powIIPWersja>2012-09-27T08:13:53+02:00</sln:powIIPWersja><sln:powIdTeryt>1414</sln:powIdTeryt><sln:powNazwa>nowodworski</sln:powNazwa><sln:waznyOd>2012-06-13T00:00:00+02:00</sln:waznyOd><sln:wojIIPId>4b6c492a-eb04-441d-a92a-f44359c06de7</sln:wojIIPId><sln:wojIIPPn>PL.PZGIK.200</sln:wojIIPPn><sln:wojIIPWersja>2012-09-27T13:45:13+02:00</sln:wojIIPWersja><sln:wojIdTeryt>14</sln:wojIdTeryt><sln:wojNazwa>mazowieckie</sln:wojNazwa></sln:miejscowosc><sln:miejscowosc><sln:cyklZyciaDo>2017-03-14T00:00:00+01:00</sln:cyklZyciaDo><sln:cyklZyciaOd>2016-02-02T00:00:00+01:00</sln:cyklZyciaOd><sln:gmIIPId>c70007b4-6bcd-469e-8617-ba3a9e580478</sln:gmIIPId><sln:gmIIPPn>PL.PZGIK.200</sln:gmIIPPn><sln:gmIIPWersja>2012-09-26T22:52:49+02:00</sln:gmIIPWersja><sln:gmIdTeryt>1414063</sln:gmIdTeryt><sln:gmNazwa>Zakroczym</sln:gmNazwa><sln:miejscIIPId>40ea5c27-aa62-4529-bc29-e68cdc62de5f</sln:miejscIIPId><sln:miejscIIPPn>PL.PZGIK.200</sln:miejscIIPPn><sln:miejscIIPWersja>2016-11-24T08:29:34+02:00</sln:miejscIIPWersja><sln:miejscIdTeryt>0010381</sln:miejscIdTeryt><sln:miejscNazwa>Janowo</sln:miejscNazwa><sln:miejscRodzaj>Wieś</sln:miejscRodzaj><sln:powIIPId>357b6f32-a2a9-4f83-85d2-ae55588ecc62</sln:powIIPId><sln:powIIPPn>PL.PZGIK.200</sln:powIIPPn><sln:powIIPWersja>2012-09-27T08:13:53+02:00</sln:powIIPWersja><sln:powIdTeryt>1414</sln:powIdTeryt><sln:powNazwa>nowodworski</sln:powNazwa><sln:waznyOd>2012-06-13T00:00:00+02:00</sln:waznyOd><sln:wojIIPId>4b6c492a-eb04-441d-a92a-f44359c06de7</sln:wojIIPId><sln:wojIIPPn>PL.PZGIK.200</sln:wojIIPPn><sln:wojIIPWersja>2012-09-27T13:45:13+02:00</sln:wojIIPWersja><sln:wojIdTeryt>14</sln:wojIdTeryt><sln:wojNazwa>mazowieckie</sln:wojNazwa></sln:miejscowosc><sln:miejscowosc><sln:cyklZyciaDo>2017-03-14T00:00:00+01:00</sln:cyklZyciaDo><sln:cyklZyciaOd>2016-02-02T00:00:00+01:00</sln:cyklZyciaOd><sln:gmIIPId>c70007b4-6bcd-469e-8617-ba3a9e580478</sln:gmIIPId><sln:gmIIPPn>PL.PZGIK.200</sln:gmIIPPn><sln:gmIIPWersja>2012-09-26T22:52:49+02:00</sln:gmIIPWersja><sln:gmIdTeryt>1414063</sln:gmIdTeryt><sln:gmNazwa>Zakroczym</sln:gmNazwa><sln:miejscIIPId>1ca823c7-1f58-4e3a-88d7-c3c758a3b8cc</sln:miejscIIPId><sln:miejscIIPPn>PL.PZGIK.200</sln:miejscIIPPn><sln:miejscIIPWersja>2016-11-24T08:29:46+02:00</sln:miejscIIPWersja><sln:miejscIdTeryt>0010441</sln:miejscIdTeryt><sln:miejscNazwa>Jaworowo-Trębki Stare</sln:miejscNazwa><sln:miejscRodzaj>Wieś</sln:miejscRodzaj><sln:powIIPId>357b6f32-a2a9-4f83-85d2-ae55588ecc62</sln:powIIPId><sln:powIIPPn>PL.PZGIK.200</sln:powIIPPn><sln:powIIPWersja>2012-09-27T08:13:53+02:00</sln:powIIPWersja><sln:powIdTeryt>1414</sln:powIdTeryt><sln:powNazwa>nowodworski</sln:powNazwa><sln:waznyOd>2012-06-13T00:00:00+02:00</sln:waznyOd><sln:wojIIPId>4b6c492a-eb04-441d-a92a-f44359c06de7</sln:wojIIPId><sln:wojIIPPn>PL.PZGIK.200</sln:wojIIPPn><sln:wojIIPWersja>2012-09-27T13:45:13+02:00</sln:wojIIPWersja><sln:wojIdTeryt>14</sln:wojIdTeryt><sln:wojNazwa>mazowieckie</sln:wojNazwa></sln:miejscowosc><sln:miejscowosc><sln:cyklZyciaDo>2017-03-14T00:00:00+01:00</sln:cyklZyciaDo><sln:cyklZyciaOd>2016-02-02T00:00:00+01:00</sln:cyklZyciaOd><sln:gmIIPId>c70007b4-6bcd-469e-8617-ba3a9e580478</sln:gmIIPId><sln:gmIIPPn>PL.PZGIK.200</sln:gmIIPPn><sln:gmIIPWersja>2012-09-26T22:52:49+02:00</sln:gmIIPWersja><sln:gmIdTeryt>1414063</sln:gmIdTeryt><sln:gmNazwa>Zakroczym</sln:gmNazwa><sln:miejscIIPId>5596b7f7-9117-499c-97f4-f3952c2080e9</sln:miejscIIPId><sln:miejscIIPPn>PL.PZGIK.200</sln:miejscIIPPn><sln:miejscIIPWersja>2016-11-24T08:29:36+02:00</sln:miejscIIPWersja><sln:miejscIdTeryt>0010398</sln:miejscIdTeryt><sln:miejscNazwa>Mochty-Smok</sln:miejscNazwa><sln:miejscRodzaj>Wieś</sln:miejscRodzaj><sln:powIIPId>357b6f32-a2a9-4f83-85d2-ae55588ecc62</sln:powIIPId><sln:powIIPPn>PL.PZGIK.200</sln:powIIPPn><sln:powIIPWersja>2012-09-27T08:13:53+02:00</sln:powIIPWersja><sln:powIdTeryt>1414</sln:powIdTeryt><sln:powNazwa>nowodworski</sln:powNazwa><sln:waznyOd>2012-06-13T00:00:00+02:00</sln:waznyOd><sln:wojIIPId>4b6c492a-eb04-441d-a92a-f44359c06de7</sln:wojIIPId><sln:wojIIPPn>PL.PZGIK.200</sln:wojIIPPn><sln:wojIIPWersja>2012-09-27T13:45:13+02:00</sln:wojIIPWersja><sln:wojIdTeryt>14</sln:wojIdTeryt><sln:wojNazwa>mazowieckie</sln:wojNazwa></sln:miejscowosc><sln:miejscowosc><sln:cyklZyciaDo>2017-03-14T00:00:00+01:00</sln:cyklZyciaDo><sln:cyklZyciaOd>2016-02-02T00:00:00+01:00</sln:cyklZyciaOd><sln:gmIIPId>c70007b4-6bcd-469e-8617-ba3a9e580478</sln:gmIIPId><sln:gmIIPPn>PL.PZGIK.200</sln:gmIIPPn><sln:gmIIPWersja>2012-09-26T22:52:49+02:00</sln:gmIIPWersja><sln:gmIdTeryt>1414063</sln:gmIdTeryt><sln:gmNazwa>Zakroczym</sln:gmNazwa><sln:miejscIIPId>aec62642-dce7-4afc-aa62-bba78da571a4</sln:miejscIIPId><sln:miejscIIPPn>PL.PZGIK.200</sln:miejscIIPPn><sln:miejscIIPWersja>2016-11-24T08:29:40+02:00</sln:miejscIIPWersja><sln:miejscIdTeryt>0010412</sln:miejscIdTeryt><sln:miejscNazwa>Smoły</sln:miejscNazwa><sln:miejscRodzaj>Wieś</sln:miejscRodzaj><sln:powIIPId>357b6f32-a2a9-4f83-85d2-ae55588ecc62</sln:powIIPId><sln:powIIPPn>PL.PZGIK.200</sln:powIIPPn><sln:powIIPWersja>2012-09-27T08:13:53+02:00</sln:powIIPWersja><sln:powIdTeryt>1414</sln:powIdTeryt><sln:powNazwa>nowodworski</sln:powNazwa><sln:waznyOd>2012-06-13T00:00:00+02:00</sln:waznyOd><sln:wojIIPId>4b6c492a-eb04-441d-a92a-f44359c06de7</sln:wojIIPId><sln:wojIIPPn>PL.PZGIK.200</sln:wojIIPPn><sln:wojIIPWersja>2012-09-27T13:45:13+02:00</sln:wojIIPWersja><sln:wojIdTeryt>14</sln:wojIdTeryt><sln:wojNazwa>mazowieckie</sln:wojNazwa></sln:miejscowosc><sln:miejscowosc><sln:cyklZyciaDo>2017-03-14T00:00:00+01:00</sln:cyklZyciaDo><sln:cyklZyciaOd>2016-02-02T00:00:00+01:00</sln:cyklZyciaOd><sln:gmIIPId>c70007b4-6bcd-469e-8617-ba3a9e580478</sln:gmIIPId><sln:gmIIPPn>PL.PZGIK.200</sln:gmIIPPn><sln:gmIIPWersja>2012-09-26T22:52:49+02:00</sln:gmIIPWersja><sln:gmIdTeryt>1414063</sln:gmIdTeryt><sln:gmNazwa>Zakroczym</sln:gmNazwa><sln:miejscIIPId>ebe43205-4906-4f74-b076-91f8954619ca</sln:miejscIIPId><sln:miejscIIPPn>PL.PZGIK.200</sln:miejscIIPPn><sln:miejscIIPWersja>2016-11-24T08:29:42+02:00</sln:miejscIIPWersja><sln:miejscIdTeryt>0010429</sln:miejscIdTeryt><sln:miejscNazwa>Smoszewo</sln:miejscNazwa><sln:miejscRodzaj>Kolonia</sln:miejscRodzaj><sln:powIIPId>357b6f32-a2a9-4f83-85d2-ae55588ecc62</sln:powIIPId><sln:powIIPPn>PL.PZGIK.200</sln:powIIPPn><sln:powIIPWersja>2012-09-27T08:13:53+02:00</sln:powIIPWersja><sln:powIdTeryt>1414</sln:powIdTeryt><sln:powNazwa>nowodworski</sln:powNazwa><sln:waznyOd>2012-06-13T00:00:00+02:00</sln:waznyOd><sln:wojIIPId>4b6c492a-eb04-441d-a92a-f44359c06de7</sln:wojIIPId><sln:wojIIPPn>PL.PZGIK.200</sln:wojIIPPn><sln:wojIIPWersja>2012-09-27T13:45:13+02:00</sln:wojIIPWersja><sln:wojIdTeryt>14</sln:wojIdTeryt><sln:wojNazwa>mazowieckie</sln:wojNazwa></sln:miejscowosc><sln:miejscowosc><sln:cyklZyciaDo>2017-03-14T00:00:00+01:00</sln:cyklZyciaDo><sln:cyklZyciaOd>2016-02-02T00:00:00+01:00</sln:cyklZyciaOd><sln:gmIIPId>c70007b4-6bcd-469e-8617-ba3a9e580478</sln:gmIIPId><sln:gmIIPPn>PL.PZGIK.200</sln:gmIIPPn><sln:gmIIPWersja>2012-09-26T22:52:49+02:00</sln:gmIIPWersja><sln:gmIdTeryt>1414063</sln:gmIdTeryt><sln:gmNazwa>Zakroczym</sln:gmNazwa><sln:miejscIIPId>1a551726-626e-42ca-94aa-55ebdb9c97af</sln:miejscIIPId><sln:miejscIIPPn>PL.PZGIK.200</sln:miejscIIPPn><sln:miejscIIPWersja>2016-11-24T08:29:52+02:00</sln:miejscIIPWersja><sln:miejscIdTeryt>0010470</sln:miejscIdTeryt><sln:miejscNazwa>Śniadowo</sln:miejscNazwa><sln:miejscRodzaj>Wieś</sln:miejscRodzaj><sln:powIIPId>357b6f32-a2a9-4f83-85d2-ae55588ecc62</sln:powIIPId><sln:powIIPPn>PL.PZGIK.200</sln:powIIPPn><sln:powIIPWersja>2012-09-27T08:13:53+02:00</sln:powIIPWersja><sln:powIdTeryt>1414</sln:powIdTeryt><sln:powNazwa>nowodworski</sln:powNazwa><sln:waznyOd>2012-06-13T00:00:00+02:00</sln:waznyOd><sln:wojIIPId>4b6c492a-eb04-441d-a92a-f44359c06de7</sln:wojIIPId><sln:wojIIPPn>PL.PZGIK.200</sln:wojIIPPn><sln:wojIIPWersja>2012-09-27T13:45:13+02:00</sln:wojIIPWersja><sln:wojIdTeryt>14</sln:wojIdTeryt><sln:wojNazwa>mazowieckie</sln:wojNazwa></sln:miejscowosc><sln:miejscowosc><sln:cyklZyciaDo>2017-03-14T00:00:00+01:00</sln:cyklZyciaDo><sln:cyklZyciaOd>2016-02-02T00:00:00+01:00</sln:cyklZyciaOd><sln:gmIIPId>c70007b4-6bcd-469e-8617-ba3a9e580478</sln:gmIIPId><sln:gmIIPPn>PL.PZGIK.200</sln:gmIIPPn><sln:gmIIPWersja>2012-09-26T22:52:49+02:00</sln:gmIIPWersja><sln:gmIdTeryt>1414063</sln:gmIdTeryt><sln:gmNazwa>Zakroczym</sln:gmNazwa><sln:miejscIIPId>c3ac221d-a92c-4b67-aff8-14c0242036cd</sln:miejscIIPId><sln:miejscIIPPn>PL.PZGIK.200</sln:miejscIIPPn><sln:miejscIIPWersja>2016-11-24T08:29:38+02:00</sln:miejscIIPWersja><sln:miejscIdTeryt>0010406</sln:miejscIdTeryt><sln:miejscNazwa>Trębki Nowe</sln:miejscNazwa><sln:miejscRodzaj>Wieś</sln:miejscRodzaj><sln:powIIPId>357b6f32-a2a9-4f83-85d2-ae55588ecc62</sln:powIIPId><sln:powIIPPn>PL.PZGIK.200</sln:powIIPPn><sln:powIIPWersja>2012-09-27T08:13:53+02:00</sln:powIIPWersja><sln:powIdTeryt>1414</sln:powIdTeryt><sln:powNazwa>nowodworski</sln:powNazwa><sln:waznyOd>2012-06-13T00:00:00+02:00</sln:waznyOd><sln:wojIIPId>4b6c492a-eb04-441d-a92a-f44359c06de7</sln:wojIIPId><sln:wojIIPPn>PL.PZGIK.200</sln:wojIIPPn><sln:wojIIPWersja>2012-09-27T13:45:13+02:00</sln:wojIIPWersja><sln:wojIdTeryt>14</sln:wojIdTeryt><sln:wojNazwa>mazowieckie</sln:wojNazwa></sln:miejscowosc><sln:miejscowosc><sln:cyklZyciaDo>2017-03-14T00:00:00+01:00</sln:cyklZyciaDo><sln:cyklZyciaOd>2016-02-02T00:00:00+01:00</sln:cyklZyciaOd><sln:gmIIPId>c70007b4-6bcd-469e-8617-ba3a9e580478</sln:gmIIPId><sln:gmIIPPn>PL.PZGIK.200</sln:gmIIPPn><sln:gmIIPWersja>2012-09-26T22:52:49+02:00</sln:gmIIPWersja><sln:gmIdTeryt>1414063</sln:gmIdTeryt><sln:gmNazwa>Zakroczym</sln:gmNazwa><sln:miejscIIPId>1a8e26d5-354b-4d19-922a-3b2ce9864758</sln:miejscIIPId><sln:miejscIIPPn>PL.PZGIK.200</sln:miejscIIPPn><sln:miejscIIPWersja>2016-11-24T08:29:44+02:00</sln:miejscIIPWersja><sln:miejscIdTeryt>0010435</sln:miejscIdTeryt><sln:miejscNazwa>Trębki Stare</sln:miejscNazwa><sln:miejscRodzaj>Wieś</sln:miejscRodzaj><sln:powIIPId>357b6f32-a2a9-4f83-85d2-ae55588ecc62</sln:powIIPId><sln:powIIPPn>PL.PZGIK.200</sln:powIIPPn><sln:powIIPWersja>2012-09-27T08:13:53+02:00</sln:powIIPWersja><sln:powIdTeryt>1414</sln:powIdTeryt><sln:powNazwa>nowodworski</sln:powNazwa><sln:waznyOd>2012-06-13T00:00:00+02:00</sln:waznyOd><sln:wojIIPId>4b6c492a-eb04-441d-a92a-f44359c06de7</sln:wojIIPId><sln:wojIIPPn>PL.PZGIK.200</sln:wojIIPPn><sln:wojIIPWersja>2012-09-27T13:45:13+02:00</sln:wojIIPWersja><sln:wojIdTeryt>14</sln:wojIdTeryt><sln:wojNazwa>mazowieckie</sln:wojNazwa></sln:miejscowosc><sln:miejscowosc><sln:cyklZyciaDo>2017-03-14T00:00:00+01:00</sln:cyklZyciaDo><sln:cyklZyciaOd>2016-02-02T00:00:00+01:00</sln:cyklZyciaOd><sln:gmIIPId>c70007b4-6bcd-469e-8617-ba3a9e580478</sln:gmIIPId><sln:gmIIPPn>PL.PZGIK.200</sln:gmIIPPn><sln:gmIIPWersja>2012-09-26T22:52:49+02:00</sln:gmIIPWersja><sln:gmIdTeryt>1414063</sln:gmIdTeryt><sln:gmNazwa>Zakroczym</sln:gmNazwa><sln:miejscIIPId>38bafb19-6cb4-4916-aa00-30d396a45ea3</sln:miejscIIPId><sln:miejscIIPPn>PL.PZGIK.200</sln:miejscIIPPn><sln:miejscIIPWersja>2016-11-24T08:29:54+02:00</sln:miejscIIPWersja><sln:miejscIdTeryt>0010487</sln:miejscIdTeryt><sln:miejscNazwa>Wojszczyce</sln:miejscNazwa><sln:miejscRodzaj>Wieś</sln:miejscRodzaj><sln:powIIPId>357b6f32-a2a9-4f83-85d2-ae55588ecc62</sln:powIIPId><sln:powIIPPn>PL.PZGIK.200</sln:powIIPPn><sln:powIIPWersja>2012-09-27T08:13:53+02:00</sln:powIIPWersja><sln:powIdTeryt>1414</sln:powIdTeryt><sln:powNazwa>nowodworski</sln:powNazwa><sln:waznyOd>2012-06-13T00:00:00+02:00</sln:waznyOd><sln:wojIIPId>4b6c492a-eb04-441d-a92a-f44359c06de7</sln:wojIIPId><sln:wojIIPPn>PL.PZGIK.200</sln:wojIIPPn><sln:wojIIPWersja>2012-09-27T13:45:13+02:00</sln:wojIIPWersja><sln:wojIdTeryt>14</sln:wojIdTeryt><sln:wojNazwa>mazowieckie</sln:wojNazwa></sln:miejscowosc><sln:miejscowosc><sln:cyklZyciaDo>2017-03-14T00:00:00+01:00</sln:cyklZyciaDo><sln:cyklZyciaOd>2016-02-02T00:00:00+01:00</sln:cyklZyciaOd><sln:gmIIPId>c70007b4-6bcd-469e-8617-ba3a9e580478</sln:gmIIPId><sln:gmIIPPn>PL.PZGIK.200</sln:gmIIPPn><sln:gmIIPWersja>2012-09-26T22:52:49+02:00</sln:gmIIPWersja><sln:gmIdTeryt>1414063</sln:gmIdTeryt><sln:gmNazwa>Zakroczym</sln:gmNazwa><sln:miejscIIPId>6676bb70-8f55-49f4-9d38-cdc2dad28c3d</sln:miejscIIPId><sln:miejscIIPPn>PL.PZGIK.200</sln:miejscIIPPn><sln:miejscIIPWersja>2016-11-24T08:29:56+02:00</sln:miejscIIPWersja><sln:miejscIdTeryt>0010493</sln:miejscIdTeryt><sln:miejscNazwa>Wólka Smoszewska</sln:miejscNazwa><sln:miejscRodzaj>Wieś</sln:miejscRodzaj><sln:powIIPId>357b6f32-a2a9-4f83-85d2-ae55588ecc62</sln:powIIPId><sln:powIIPPn>PL.PZGIK.200</sln:powIIPPn><sln:powIIPWersja>2012-09-27T08:13:53+02:00</sln:powIIPWersja><sln:powIdTeryt>1414</sln:powIdTeryt><sln:powNazwa>nowodworski</sln:powNazwa><sln:waznyOd>2012-06-13T00:00:00+02:00</sln:waznyOd><sln:wojIIPId>4b6c492a-eb04-441d-a92a-f44359c06de7</sln:wojIIPId><sln:wojIIPPn>PL.PZGIK.200</sln:wojIIPPn><sln:wojIIPWersja>2012-09-27T13:45:13+02:00</sln:wojIIPWersja><sln:wojIdTeryt>14</sln:wojIdTeryt><sln:wojNazwa>mazowieckie</sln:wojNazwa></sln:miejscowosc><sln:miejscowosc><sln:cyklZyciaDo>2017-03-14T00:00:00+01:00</sln:cyklZyciaDo><sln:cyklZyciaOd>2016-02-02T00:00:00+01:00</sln:cyklZyciaOd><sln:gmIIPId>c70007b4-6bcd-469e-8617-ba3a9e580478</sln:gmIIPId><sln:gmIIPPn>PL.PZGIK.200</sln:gmIIPPn><sln:gmIIPWersja>2012-09-26T22:52:49+02:00</sln:gmIIPWersja><sln:gmIdTeryt>1414063</sln:gmIdTeryt><sln:gmNazwa>Zakroczym</sln:gmNazwa><sln:miejscIIPId>e3a8921d-a6cd-41f1-bdec-1d0defd160aa</sln:miejscIIPId><sln:miejscIIPPn>PL.PZGIK.200</sln:miejscIIPPn><sln:miejscIIPWersja>2016-11-24T08:29:58+02:00</sln:miejscIIPWersja><sln:miejscIdTeryt>0010501</sln:miejscIdTeryt><sln:miejscNazwa>Wygoda Smoszewska</sln:miejscNazwa><sln:miejscRodzaj>Wieś</sln:miejscRodzaj><sln:powIIPId>357b6f32-a2a9-4f83-85d2-ae55588ecc62</sln:powIIPId><sln:powIIPPn>PL.PZGIK.200</sln:powIIPPn><sln:powIIPWersja>2012-09-27T08:13:53+02:00</sln:powIIPWersja><sln:powIdTeryt>1414</sln:powIdTeryt><sln:powNazwa>nowodworski</sln:powNazwa><sln:waznyOd>2012-06-13T00:00:00+02:00</sln:waznyOd><sln:wojIIPId>4b6c492a-eb04-441d-a92a-f44359c06de7</sln:wojIIPId><sln:wojIIPPn>PL.PZGIK.200</sln:wojIIPPn><sln:wojIIPWersja>2012-09-27T13:45:13+02:00</sln:wojIIPWersja><sln:wojIdTeryt>14</sln:wojIdTeryt><sln:wojNazwa>mazowieckie</sln:wojNazwa></sln:miejscowosc><sln:miejscowosc><sln:cyklZyciaDo>2017-03-14T00:00:00+01:00</sln:cyklZyciaDo><sln:cyklZyciaOd>2016-02-02T00:00:00+01:00</sln:cyklZyciaOd><sln:gmIIPId>c70007b4-6bcd-469e-8617-ba3a9e580478</sln:gmIIPId><sln:gmIIPPn>PL.PZGIK.200</sln:gmIIPPn><sln:gmIIPWersja>2012-09-26T22:52:49+02:00</sln:gmIIPWersja><sln:gmIdTeryt>1414063</sln:gmIdTeryt><sln:gmNazwa>Zakroczym</sln:gmNazwa><sln:miejscIIPId>1563aa31-0f28-431c-a32d-ce1b7ca2a996</sln:miejscIIPId><sln:miejscIIPPn>PL.PZGIK.200</sln:miejscIIPPn><sln:miejscIIPWersja>2016-11-24T13:15:00+02:00</sln:miejscIIPWersja><sln:miejscIdTeryt>0921869</sln:miejscIdTeryt><sln:miejscNazwa>Zakroczym</sln:miejscNazwa><sln:miejscRodzaj>Miasto</sln:miejscRodzaj><sln:powIIPId>357b6f32-a2a9-4f83-85d2-ae55588ecc62</sln:powIIPId><sln:powIIPPn>PL.PZGIK.200</sln:powIIPPn><sln:powIIPWersja>2012-09-27T08:13:53+02:00</sln:powIIPWersja><sln:powIdTeryt>1414</sln:powIdTeryt><sln:powNazwa>nowodworski</sln:powNazwa><sln:waznyOd>2012-06-13T00:00:00+02:00</sln:waznyOd><sln:wojIIPId>4b6c492a-eb04-441d-a92a-f44359c06de7</sln:wojIIPId><sln:wojIIPPn>PL.PZGIK.200</sln:wojIIPPn><sln:wojIIPWersja>2012-09-27T13:45:13+02:00</sln:wojIIPWersja><sln:wojIdTeryt>14</sln:wojIdTeryt><sln:wojNazwa>mazowieckie</sln:wojNazwa></sln:miejscowosc><sln:miejscowosc><sln:cyklZyciaDo>2017-03-14T00:00:00+01:00</sln:cyklZyciaDo><sln:cyklZyciaOd>2016-02-02T00:00:00+01:00</sln:cyklZyciaOd><sln:gmIIPId>c70007b4-6bcd-469e-8617-ba3a9e580478</sln:gmIIPId><sln:gmIIPPn>PL.PZGIK.200</sln:gmIIPPn><sln:gmIIPWersja>2012-09-26T22:52:49+02:00</sln:gmIIPWersja><sln:gmIdTeryt>1414063</sln:gmIdTeryt><sln:gmNazwa>Zakroczym</sln:gmNazwa><sln:miejscIIPId>3abae03d-ca17-495a-87be-54aed64cd878</sln:miejscIIPId><sln:miejscIIPPn>PL.PZGIK.200</sln:miejscIIPPn><sln:miejscIIPWersja>2016-11-24T08:30:00+02:00</sln:miejscIIPWersja><sln:miejscIdTeryt>0010518</sln:miejscIdTeryt><sln:miejscNazwa>Zaręby</sln:miejscNazwa><sln:miejscRodzaj>Wieś</sln:miejscRodzaj><sln:powIIPId>357b6f32-a2a9-4f83-85d2-ae55588ecc62</sln:powIIPId><sln:powIIPPn>PL.PZGIK.200</sln:powIIPPn><sln:powIIPWersja>2012-09-27T08:13:53+02:00</sln:powIIPWersja><sln:powIdTeryt>1414</sln:powIdTeryt><sln:powNazwa>nowodworski</sln:powNazwa><sln:waznyOd>2012-06-13T00:00:00+02:00</sln:waznyOd><sln:wojIIPId>4b6c492a-eb04-441d-a92a-f44359c06de7</sln:wojIIPId><sln:wojIIPPn>PL.PZGIK.200</sln:wojIIPPn><sln:wojIIPWersja>2012-09-27T13:45:13+02:00</sln:wojIIPWersja><sln:wojIdTeryt>14</sln:wojIdTeryt><sln:wojNazwa>mazowieckie</sln:wojNazwa></sln:miejscowosc><sln:miejscowosc><sln:cyklZyciaDo>2017-03-14T00:00:00+01:00</sln:cyklZyciaDo><sln:cyklZyciaOd>2016-02-02T00:00:00+01:00</sln:cyklZyciaOd><sln:gmIIPId>c70007b4-6bcd-469e-8617-ba3a9e580478</sln:gmIIPId><sln:gmIIPPn>PL.PZGIK.200</sln:gmIIPPn><sln:gmIIPWersja>2012-09-26T22:52:49+02:00</sln:gmIIPWersja><sln:gmIdTeryt>1414063</sln:gmIdTeryt><sln:gmNazwa>Zakroczym</sln:gmNazwa><sln:miejscIIPId>32f73c92-14ed-4c6d-b7f1-4cb14933bc35</sln:miejscIIPId><sln:miejscIIPPn>PL.PZGIK.200</sln:miejscIIPPn><sln:miejscIIPWersja>2016-11-24T08:29:48+02:00</sln:miejscIIPWersja><sln:miejscIdTeryt>0010458</sln:miejscIdTeryt><sln:miejscNazwa>Strubiny</sln:miejscNazwa><sln:miejscRodzaj>Wieś</sln:miejscRodzaj><sln:powIIPId>357b6f32-a2a9-4f83-85d2-ae55588ecc62</sln:powIIPId><sln:powIIPPn>PL.PZGIK.200</sln:powIIPPn><sln:powIIPWersja>2012-09-27T08:13:53+02:00</sln:powIIPWersja><sln:powIdTeryt>1414</sln:powIdTeryt><sln:powNazwa>nowodworski</sln:powNazwa><sln:waznyOd>2012-06-13T00:00:00+02:00</sln:waznyOd><sln:wojIIPId>4b6c492a-eb04-441d-a92a-f44359c06de7</sln:wojIIPId><sln:wojIIPPn>PL.PZGIK.200</sln:wojIIPPn><sln:wojIIPWersja>2012-09-27T13:45:13+02:00</sln:wojIIPWersja><sln:wojIdTeryt>14</sln:wojIdTeryt><sln:wojNazwa>mazowieckie</sln:wojNazwa></sln:miejscowosc><sln:miejscowosc><sln:cyklZyciaDo>2017-03-14T00:00:00+01:00</sln:cyklZyciaDo><sln:cyklZyciaOd>2016-02-02T00:00:00+01:00</sln:cyklZyciaOd><sln:gmIIPId>c70007b4-6bcd-469e-8617-ba3a9e580478</sln:gmIIPId><sln:gmIIPPn>PL.PZGIK.200</sln:gmIIPPn><sln:gmIIPWersja>2012-09-26T22:52:49+02:00</sln:gmIIPWersja><sln:gmIdTeryt>1414063</sln:gmIdTeryt><sln:gmNazwa>Zakroczym</sln:gmNazwa><sln:miejscIIPId>abe144de-3f0d-47ed-a02b-54f82804e1f7</sln:miejscIIPId><sln:miejscIIPPn>PL.PZGIK.200</sln:miejscIIPPn><sln:miejscIIPWersja>2016-11-24T08:29:50+02:00</sln:miejscIIPWersja><sln:miejscIdTeryt>0010464</sln:miejscIdTeryt><sln:miejscNazwa>Swobodnia</sln:miejscNazwa><sln:miejscRodzaj>Wieś</sln:miejscRodzaj><sln:powIIPId>357b6f32-a2a9-4f83-85d2-ae55588ecc62</sln:powIIPId><sln:powIIPPn>PL.PZGIK.200</sln:powIIPPn><sln:powIIPWersja>2012-09-27T08:13:53+02:00</sln:powIIPWersja><sln:powIdTeryt>1414</sln:powIdTeryt><sln:powNazwa>nowodworski</sln:powNazwa><sln:waznyOd>2012-06-13T00:00:00+02:00</sln:waznyOd><sln:wojIIPId>4b6c492a-eb04-441d-a92a-f44359c06de7</sln:wojIIPId><sln:wojIIPPn>PL.PZGIK.200</sln:wojIIPPn><sln:wojIIPWersja>2012-09-27T13:45:13+02:00</sln:wojIIPWersja><sln:wojIdTeryt>14</sln:wojIdTeryt><sln:wojNazwa>mazowieckie</sln:wojNazwa></sln:miejscowosc><sln:miejscowosc><sln:cyklZyciaDo>2015-12-15T00:00:00+01:00</sln:cyklZyciaDo><sln:cyklZyciaOd>2015-07-03T00:00:00+02:00</sln:cyklZyciaOd><sln:gmIIPId>c70007b4-6bcd-469e-8617-ba3a9e580478</sln:gmIIPId><sln:gmIIPPn>PL.PZGIK.200</sln:gmIIPPn><sln:gmIIPWersja>2012-09-26T22:52:49+02:00</sln:gmIIPWersja><sln:gmIdTeryt>1414063</sln:gmIdTeryt><sln:gmNazwa>Zakroczym</sln:gmNazwa><sln:miejscIIPId>1677a4f2-abbd-4889-88f2-840173dab21e</sln:miejscIIPId><sln:miejscIIPPn>PL.PZGIK.200</sln:miejscIIPPn><sln:miejscIIPWersja>2016-11-24T08:29:27+02:00</sln:miejscIIPWersja><sln:miejscIdTeryt>0010346</sln:miejscIdTeryt><sln:miejscNazwa>Błogosławie</sln:miejscNazwa><sln:miejscRodzaj>Wieś</sln:miejscRodzaj><sln:powIIPId>357b6f32-a2a9-4f83-85d2-ae55588ecc62</sln:powIIPId><sln:powIIPPn>PL.PZGIK.200</sln:powIIPPn><sln:powIIPWersja>2012-09-27T08:13:53+02:00</sln:powIIPWersja><sln:powIdTeryt>1414</sln:powIdTeryt><sln:powNazwa>nowodworski</sln:powNazwa><sln:waznyOd>2012-06-13T00:00:00+02:00</sln:waznyOd><sln:wojIIPId>4b6c492a-eb04-441d-a92a-f44359c06de7</sln:wojIIPId><sln:wojIIPPn>PL.PZGIK.200</sln:wojIIPPn><sln:wojIIPWersja>2012-09-27T13:45:13+02:00</sln:wojIIPWersja><sln:wojIdTeryt>14</sln:wojIdTeryt><sln:wojNazwa>mazowieckie</sln:wojNazwa></sln:miejscowosc><sln:miejscowosc><sln:cyklZyciaDo>2015-12-15T00:00:00+01:00</sln:cyklZyciaDo><sln:cyklZyciaOd>2015-07-03T00:00:00+02:00</sln:cyklZyciaOd><sln:gmIIPId>c70007b4-6bcd-469e-8617-ba3a9e580478</sln:gmIIPId><sln:gmIIPPn>PL.PZGIK.200</sln:gmIIPPn><sln:gmIIPWersja>2012-09-26T22:52:49+02:00</sln:gmIIPWersja><sln:gmIdTeryt>1414063</sln:gmIdTeryt><sln:gmNazwa>Zakroczym</sln:gmNazwa><sln:miejscIIPId>c4c1e679-1962-4e07-8454-a0268bfe4515</sln:miejscIIPId><sln:miejscIIPPn>PL.PZGIK.200</sln:miejscIIPPn><sln:miejscIIPWersja>2016-11-24T08:29:29+02:00</sln:miejscIIPWersja><sln:miejscIdTeryt>0010352</sln:miejscIdTeryt><sln:miejscNazwa>Czarna</sln:miejscNazwa><sln:miejscRodzaj>Wieś</sln:miejscRodzaj><sln:powIIPId>357b6f32-a2a9-4f83-85d2-ae55588ecc62</sln:powIIPId><sln:powIIPPn>PL.PZGIK.200</sln:powIIPPn><sln:powIIPWersja>2012-09-27T08:13:53+02:00</sln:powIIPWersja><sln:powIdTeryt>1414</sln:powIdTeryt><sln:powNazwa>nowodworski</sln:powNazwa><sln:waznyOd>2012-06-13T00:00:00+02:00</sln:waznyOd><sln:wojIIPId>4b6c492a-eb04-441d-a92a-f44359c06de7</sln:wojIIPId><sln:wojIIPPn>PL.PZGIK.200</sln:wojIIPPn><sln:wojIIPWersja>2012-09-27T13:45:13+02:00</sln:wojIIPWersja><sln:wojIdTeryt>14</sln:wojIdTeryt><sln:wojNazwa>mazowieckie</sln:wojNazwa></sln:miejscowosc><sln:miejscowosc><sln:cyklZyciaDo>2015-12-15T00:00:00+01:00</sln:cyklZyciaDo><sln:cyklZyciaOd>2015-07-03T00:00:00+02:00</sln:cyklZyciaOd><sln:gmIIPId>c70007b4-6bcd-469e-8617-ba3a9e580478</sln:gmIIPId><sln:gmIIPPn>PL.PZGIK.200</sln:gmIIPPn><sln:gmIIPWersja>2012-09-26T22:52:49+02:00</sln:gmIIPWersja><sln:gmIdTeryt>1414063</sln:gmIdTeryt><sln:gmNazwa>Zakroczym</sln:gmNazwa><sln:miejscIIPId>0c6c9de7-dff7-4e11-be3f-bbc1a7f3a432</sln:miejscIIPId><sln:miejscIIPPn>PL.PZGIK.200</sln:miejscIIPPn><sln:miejscIIPWersja>2016-11-24T08:29:31+02:00</sln:miejscIIPWersja><sln:miejscIdTeryt>0010369</sln:miejscIdTeryt><sln:miejscNazwa>Emolinek</sln:miejscNazwa><sln:miejscRodzaj>Wieś</sln:miejscRodzaj><sln:powIIPId>357b6f32-a2a9-4f83-85d2-ae55588ecc62</sln:powIIPId><sln:powIIPPn>PL.PZGIK.200</sln:powIIPPn><sln:powIIPWersja>2012-09-27T08:13:53+02:00</sln:powIIPWersja><sln:powIdTeryt>1414</sln:powIdTeryt><sln:powNazwa>nowodworski</sln:powNazwa><sln:waznyOd>2012-06-13T00:00:00+02:00</sln:waznyOd><sln:wojIIPId>4b6c492a-eb04-441d-a92a-f44359c06de7</sln:wojIIPId><sln:wojIIPPn>PL.PZGIK.200</sln:wojIIPPn><sln:wojIIPWersja>2012-09-27T13:45:13+02:00</sln:wojIIPWersja><sln:wojIdTeryt>14</sln:wojIdTeryt><sln:wojNazwa>mazowieckie</sln:wojNazwa></sln:miejscowosc><sln:miejscowosc><sln:cyklZyciaDo>2015-12-15T00:00:00+01:00</sln:cyklZyciaDo><sln:cyklZyciaOd>2015-07-03T00:00:00+02:00</sln:cyklZyciaOd><sln:gmIIPId>c70007b4-6bcd-469e-8617-ba3a9e580478</sln:gmIIPId><sln:gmIIPPn>PL.PZGIK.200</sln:gmIIPPn><sln:gmIIPWersja>2012-09-26T22:52:49+02:00</sln:gmIIPWersja><sln:gmIdTeryt>1414063</sln:gmIdTeryt><sln:gmNazwa>Zakroczym</sln:gmNazwa><sln:miejscIIPId>03a3e30c-413d-459f-8ae5-b7d7548cfe7e</sln:miejscIIPId><sln:miejscIIPPn>PL.PZGIK.200</sln:miejscIIPPn><sln:miejscIIPWersja>2016-11-24T08:29:33+02:00</sln:miejscIIPWersja><sln:miejscIdTeryt>0010375</sln:miejscIdTeryt><sln:miejscNazwa>Henrysin</sln:miejscNazwa><sln:miejscRodzaj>Wieś</sln:miejscRodzaj><sln:powIIPId>357b6f32-a2a9-4f83-85d2-ae55588ecc62</sln:powIIPId><sln:powIIPPn>PL.PZGIK.200</sln:powIIPPn><sln:powIIPWersja>2012-09-27T08:13:53+02:00</sln:powIIPWersja><sln:powIdTeryt>1414</sln:powIdTeryt><sln:powNazwa>nowodworski</sln:powNazwa><sln:waznyOd>2012-06-13T00:00:00+02:00</sln:waznyOd><sln:wojIIPId>4b6c492a-eb04-441d-a92a-f44359c06de7</sln:wojIIPId><sln:wojIIPPn>PL.PZGIK.200</sln:wojIIPPn><sln:wojIIPWersja>2012-09-27T13:45:13+02:00</sln:wojIIPWersja><sln:wojIdTeryt>14</sln:wojIdTeryt><sln:wojNazwa>mazowieckie</sln:wojNazwa></sln:miejscowosc><sln:miejscowosc><sln:cyklZyciaDo>2015-12-15T00:00:00+01:00</sln:cyklZyciaDo><sln:cyklZyciaOd>2015-07-03T00:00:00+02:00</sln:cyklZyciaOd><sln:gmIIPId>c70007b4-6bcd-469e-8617-ba3a9e580478</sln:gmIIPId><sln:gmIIPPn>PL.PZGIK.200</sln:gmIIPPn><sln:gmIIPWersja>2012-09-26T22:52:49+02:00</sln:gmIIPWersja><sln:gmIdTeryt>1414063</sln:gmIdTeryt><sln:gmNazwa>Zakroczym</sln:gmNazwa><sln:miejscIIPId>40ea5c27-aa62-4529-bc29-e68cdc62de5f</sln:miejscIIPId><sln:miejscIIPPn>PL.PZGIK.200</sln:miejscIIPPn><sln:miejscIIPWersja>2016-11-24T08:29:35+02:00</sln:miejscIIPWersja><sln:miejscIdTeryt>0010381</sln:miejscIdTeryt><sln:miejscNazwa>Janowo</sln:miejscNazwa><sln:miejscRodzaj>Wieś</sln:miejscRodzaj><sln:powIIPId>357b6f32-a2a9-4f83-85d2-ae55588ecc62</sln:powIIPId><sln:powIIPPn>PL.PZGIK.200</sln:powIIPPn><sln:powIIPWersja>2012-09-27T08:13:53+02:00</sln:powIIPWersja><sln:powIdTeryt>1414</sln:powIdTeryt><sln:powNazwa>nowodworski</sln:powNazwa><sln:waznyOd>2012-06-13T00:00:00+02:00</sln:waznyOd><sln:wojIIPId>4b6c492a-eb04-441d-a92a-f44359c06de7</sln:wojIIPId><sln:wojIIPPn>PL.PZGIK.200</sln:wojIIPPn><sln:wojIIPWersja>2012-09-27T13:45:13+02:00</sln:wojIIPWersja><sln:wojIdTeryt>14</sln:wojIdTeryt><sln:wojNazwa>mazowieckie</sln:wojNazwa></sln:miejscowosc><sln:miejscowosc><sln:cyklZyciaDo>2015-12-15T00:00:00+01:00</sln:cyklZyciaDo><sln:cyklZyciaOd>2015-07-03T00:00:00+02:00</sln:cyklZyciaOd><sln:gmIIPId>c70007b4-6bcd-469e-8617-ba3a9e580478</sln:gmIIPId><sln:gmIIPPn>PL.PZGIK.200</sln:gmIIPPn><sln:gmIIPWersja>2012-09-26T22:52:49+02:00</sln:gmIIPWersja><sln:gmIdTeryt>1414063</sln:gmIdTeryt><sln:gmNazwa>Zakroczym</sln:gmNazwa><sln:miejscIIPId>1ca823c7-1f58-4e3a-88d7-c3c758a3b8cc</sln:miejscIIPId><sln:miejscIIPPn>PL.PZGIK.200</sln:miejscIIPPn><sln:miejscIIPWersja>2016-11-24T08:29:47+02:00</sln:miejscIIPWersja><sln:miejscIdTeryt>0010441</sln:miejscIdTeryt><sln:miejscNazwa>Jaworowo-Trębki Stare</sln:miejscNazwa><sln:miejscRodzaj>Wieś</sln:miejscRodzaj><sln:powIIPId>357b6f32-a2a9-4f83-85d2-ae55588ecc62</sln:powIIPId><sln:powIIPPn>PL.PZGIK.200</sln:powIIPPn><sln:powIIPWersja>2012-09-27T08:13:53+02:00</sln:powIIPWersja><sln:powIdTeryt>1414</sln:powIdTeryt><sln:powNazwa>nowodworski</sln:powNazwa><sln:waznyOd>2012-06-13T00:00:00+02:00</sln:waznyOd><sln:wojIIPId>4b6c492a-eb04-441d-a92a-f44359c06de7</sln:wojIIPId><sln:wojIIPPn>PL.PZGIK.200</sln:wojIIPPn><sln:wojIIPWersja>2012-09-27T13:45:13+02:00</sln:wojIIPWersja><sln:wojIdTeryt>14</sln:wojIdTeryt><sln:wojNazwa>mazowieckie</sln:wojNazwa></sln:miejscowosc><sln:miejscowosc><sln:cyklZyciaDo>2015-12-15T00:00:00+01:00</sln:cyklZyciaDo><sln:cyklZyciaOd>2015-07-03T00:00:00+02:00</sln:cyklZyciaOd><sln:gmIIPId>c70007b4-6bcd-469e-8617-ba3a9e580478</sln:gmIIPId><sln:gmIIPPn>PL.PZGIK.200</sln:gmIIPPn><sln:gmIIPWersja>2012-09-26T22:52:49+02:00</sln:gmIIPWersja><sln:gmIdTeryt>1414063</sln:gmIdTeryt><sln:gmNazwa>Zakroczym</sln:gmNazwa><sln:miejscIIPId>5596b7f7-9117-499c-97f4-f3952c2080e9</sln:miejscIIPId><sln:miejscIIPPn>PL.PZGIK.200</sln:miejscIIPPn><sln:miejscIIPWersja>2016-11-24T08:29:37+02:00</sln:miejscIIPWersja><sln:miejscIdTeryt>0010398</sln:miejscIdTeryt><sln:miejscNazwa>Mochty-Smok</sln:miejscNazwa><sln:miejscRodzaj>Wieś</sln:miejscRodzaj><sln:powIIPId>357b6f32-a2a9-4f83-85d2-ae55588ecc62</sln:powIIPId><sln:powIIPPn>PL.PZGIK.200</sln:powIIPPn><sln:powIIPWersja>2012-09-27T08:13:53+02:00</sln:powIIPWersja><sln:powIdTeryt>1414</sln:powIdTeryt><sln:powNazwa>nowodworski</sln:powNazwa><sln:waznyOd>2012-06-13T00:00:00+02:00</sln:waznyOd><sln:wojIIPId>4b6c492a-eb04-441d-a92a-f44359c06de7</sln:wojIIPId><sln:wojIIPPn>PL.PZGIK.200</sln:wojIIPPn><sln:wojIIPWersja>2012-09-27T13:45:13+02:00</sln:wojIIPWersja><sln:wojIdTeryt>14</sln:wojIdTeryt><sln:wojNazwa>mazowieckie</sln:wojNazwa></sln:miejscowosc><sln:miejscowosc><sln:cyklZyciaDo>2015-12-15T00:00:00+01:00</sln:cyklZyciaDo><sln:cyklZyciaOd>2015-07-03T00:00:00+02:00</sln:cyklZyciaOd><sln:gmIIPId>c70007b4-6bcd-469e-8617-ba3a9e580478</sln:gmIIPId><sln:gmIIPPn>PL.PZGIK.200</sln:gmIIPPn><sln:gmIIPWersja>2012-09-26T22:52:49+02:00</sln:gmIIPWersja><sln:gmIdTeryt>1414063</sln:gmIdTeryt><sln:gmNazwa>Zakroczym</sln:gmNazwa><sln:miejscIIPId>aec62642-dce7-4afc-aa62-bba78da571a4</sln:miejscIIPId><sln:miejscIIPPn>PL.PZGIK.200</sln:miejscIIPPn><sln:miejscIIPWersja>2016-11-24T08:29:41+02:00</sln:miejscIIPWersja><sln:miejscIdTeryt>0010412</sln:miejscIdTeryt><sln:miejscNazwa>Smoły</sln:miejscNazwa><sln:miejscRodzaj>Wieś</sln:miejscRodzaj><sln:powIIPId>357b6f32-a2a9-4f83-85d2-ae55588ecc62</sln:powIIPId><sln:powIIPPn>PL.PZGIK.200</sln:powIIPPn><sln:powIIPWersja>2012-09-27T08:13:53+02:00</sln:powIIPWersja><sln:powIdTeryt>1414</sln:powIdTeryt><sln:powNazwa>nowodworski</sln:powNazwa><sln:waznyOd>2012-06-13T00:00:00+02:00</sln:waznyOd><sln:wojIIPId>4b6c492a-eb04-441d-a92a-f44359c06de7</sln:wojIIPId><sln:wojIIPPn>PL.PZGIK.200</sln:wojIIPPn><sln:wojIIPWersja>2012-09-27T13:45:13+02:00</sln:wojIIPWersja><sln:wojIdTeryt>14</sln:wojIdTeryt><sln:wojNazwa>mazowieckie</sln:wojNazwa></sln:miejscowosc><sln:miejscowosc><sln:cyklZyciaDo>2015-12-15T00:00:00+01:00</sln:cyklZyciaDo><sln:cyklZyciaOd>2015-07-03T00:00:00+02:00</sln:cyklZyciaOd><sln:gmIIPId>c70007b4-6bcd-469e-8617-ba3a9e580478</sln:gmIIPId><sln:gmIIPPn>PL.PZGIK.200</sln:gmIIPPn><sln:gmIIPWersja>2012-09-26T22:52:49+02:00</sln:gmIIPWersja><sln:gmIdTeryt>1414063</sln:gmIdTeryt><sln:gmNazwa>Zakroczym</sln:gmNazwa><sln:miejscIIPId>ebe43205-4906-4f74-b076-91f8954619ca</sln:miejscIIPId><sln:miejscIIPPn>PL.PZGIK.200</sln:miejscIIPPn><sln:miejscIIPWersja>2016-11-24T08:29:43+02:00</sln:miejscIIPWersja><sln:miejscIdTeryt>0010429</sln:miejscIdTeryt><sln:miejscNazwa>Smoszewo</sln:miejscNazwa><sln:miejscRodzaj>Kolonia</sln:miejscRodzaj><sln:powIIPId>357b6f32-a2a9-4f83-85d2-ae55588ecc62</sln:powIIPId><sln:powIIPPn>PL.PZGIK.200</sln:powIIPPn><sln:powIIPWersja>2012-09-27T08:13:53+02:00</sln:powIIPWersja><sln:powIdTeryt>1414</sln:powIdTeryt><sln:powNazwa>nowodworski</sln:powNazwa><sln:waznyOd>2012-06-13T00:00:00+02:00</sln:waznyOd><sln:wojIIPId>4b6c492a-eb04-441d-a92a-f44359c06de7</sln:wojIIPId><sln:wojIIPPn>PL.PZGIK.200</sln:wojIIPPn><sln:wojIIPWersja>2012-09-27T13:45:13+02:00</sln:wojIIPWersja><sln:wojIdTeryt>14</sln:wojIdTeryt><sln:wojNazwa>mazowieckie</sln:wojNazwa></sln:miejscowosc><sln:miejscowosc><sln:cyklZyciaDo>2015-12-15T00:00:00+01:00</sln:cyklZyciaDo><sln:cyklZyciaOd>2015-07-03T00:00:00+02:00</sln:cyklZyciaOd><sln:gmIIPId>c70007b4-6bcd-469e-8617-ba3a9e580478</sln:gmIIPId><sln:gmIIPPn>PL.PZGIK.200</sln:gmIIPPn><sln:gmIIPWersja>2012-09-26T22:52:49+02:00</sln:gmIIPWersja><sln:gmIdTeryt>1414063</sln:gmIdTeryt><sln:gmNazwa>Zakroczym</sln:gmNazwa><sln:miejscIIPId>32f73c92-14ed-4c6d-b7f1-4cb14933bc35</sln:miejscIIPId><sln:miejscIIPPn>PL.PZGIK.200</sln:miejscIIPPn><sln:miejscIIPWersja>2016-11-24T08:29:49+02:00</sln:miejscIIPWersja><sln:miejscIdTeryt>0010458</sln:miejscIdTeryt><sln:miejscNazwa>Strubiny</sln:miejscNazwa><sln:miejscRodzaj>Wieś</sln:miejscRodzaj><sln:powIIPId>357b6f32-a2a9-4f83-85d2-ae55588ecc62</sln:powIIPId><sln:powIIPPn>PL.PZGIK.200</sln:powIIPPn><sln:powIIPWersja>2012-09-27T08:13:53+02:00</sln:powIIPWersja><sln:powIdTeryt>1414</sln:powIdTeryt><sln:powNazwa>nowodworski</sln:powNazwa><sln:waznyOd>2012-06-13T00:00:00+02:00</sln:waznyOd><sln:wojIIPId>4b6c492a-eb04-441d-a92a-f44359c06de7</sln:wojIIPId><sln:wojIIPPn>PL.PZGIK.200</sln:wojIIPPn><sln:wojIIPWersja>2012-09-27T13:45:13+02:00</sln:wojIIPWersja><sln:wojIdTeryt>14</sln:wojIdTeryt><sln:wojNazwa>mazowieckie</sln:wojNazwa></sln:miejscowosc><sln:miejscowosc><sln:cyklZyciaDo>2015-12-15T00:00:00+01:00</sln:cyklZyciaDo><sln:cyklZyciaOd>2015-07-03T00:00:00+02:00</sln:cyklZyciaOd><sln:gmIIPId>c70007b4-6bcd-469e-8617-ba3a9e580478</sln:gmIIPId><sln:gmIIPPn>PL.PZGIK.200</sln:gmIIPPn><sln:gmIIPWersja>2012-09-26T22:52:49+02:00</sln:gmIIPWersja><sln:gmIdTeryt>1414063</sln:gmIdTeryt><sln:gmNazwa>Zakroczym</sln:gmNazwa><sln:miejscIIPId>abe144de-3f0d-47ed-a02b-54f82804e1f7</sln:miejscIIPId><sln:miejscIIPPn>PL.PZGIK.200</sln:miejscIIPPn><sln:miejscIIPWersja>2016-11-24T08:29:51+02:00</sln:miejscIIPWersja><sln:miejscIdTeryt>0010464</sln:miejscIdTeryt><sln:miejscNazwa>Swobodnia</sln:miejscNazwa><sln:miejscRodzaj>Wieś</sln:miejscRodzaj><sln:powIIPId>357b6f32-a2a9-4f83-85d2-ae55588ecc62</sln:powIIPId><sln:powIIPPn>PL.PZGIK.200</sln:powIIPPn><sln:powIIPWersja>2012-09-27T08:13:53+02:00</sln:powIIPWersja><sln:powIdTeryt>1414</sln:powIdTeryt><sln:powNazwa>nowodworski</sln:powNazwa><sln:waznyOd>2012-06-13T00:00:00+02:00</sln:waznyOd><sln:wojIIPId>4b6c492a-eb04-441d-a92a-f44359c06de7</sln:wojIIPId><sln:wojIIPPn>PL.PZGIK.200</sln:wojIIPPn><sln:wojIIPWersja>2012-09-27T13:45:13+02:00</sln:wojIIPWersja><sln:wojIdTeryt>14</sln:wojIdTeryt><sln:wojNazwa>mazowieckie</sln:wojNazwa></sln:miejscowosc><sln:miejscowosc><sln:cyklZyciaDo>2015-12-15T00:00:00+01:00</sln:cyklZyciaDo><sln:cyklZyciaOd>2015-07-03T00:00:00+02:00</sln:cyklZyciaOd><sln:gmIIPId>c70007b4-6bcd-469e-8617-ba3a9e580478</sln:gmIIPId><sln:gmIIPPn>PL.PZGIK.200</sln:gmIIPPn><sln:gmIIPWersja>2012-09-26T22:52:49+02:00</sln:gmIIPWersja><sln:gmIdTeryt>1414063</sln:gmIdTeryt><sln:gmNazwa>Zakroczym</sln:gmNazwa><sln:miejscIIPId>1a551726-626e-42ca-94aa-55ebdb9c97af</sln:miejscIIPId><sln:miejscIIPPn>PL.PZGIK.200</sln:miejscIIPPn><sln:miejscIIPWersja>2016-11-24T08:29:53+02:00</sln:miejscIIPWersja><sln:miejscIdTeryt>0010470</sln:miejscIdTeryt><sln:miejscNazwa>Śniadowo</sln:miejscNazwa><sln:miejscRodzaj>Wieś</sln:miejscRodzaj><sln:powIIPId>357b6f32-a2a9-4f83-85d2-ae55588ecc62</sln:powIIPId><sln:powIIPPn>PL.PZGIK.200</sln:powIIPPn><sln:powIIPWersja>2012-09-27T08:13:53+02:00</sln:powIIPWersja><sln:powIdTeryt>1414</sln:powIdTeryt><sln:powNazwa>nowodworski</sln:powNazwa><sln:waznyOd>2012-06-13T00:00:00+02:00</sln:waznyOd><sln:wojIIPId>4b6c492a-eb04-441d-a92a-f44359c06de7</sln:wojIIPId><sln:wojIIPPn>PL.PZGIK.200</sln:wojIIPPn><sln:wojIIPWersja>2012-09-27T13:45:13+02:00</sln:wojIIPWersja><sln:wojIdTeryt>14</sln:wojIdTeryt><sln:wojNazwa>mazowieckie</sln:wojNazwa></sln:miejscowosc><sln:miejscowosc><sln:cyklZyciaDo>2015-12-15T00:00:00+01:00</sln:cyklZyciaDo><sln:cyklZyciaOd>2015-07-03T00:00:00+02:00</sln:cyklZyciaOd><sln:gmIIPId>c70007b4-6bcd-469e-8617-ba3a9e580478</sln:gmIIPId><sln:gmIIPPn>PL.PZGIK.200</sln:gmIIPPn><sln:gmIIPWersja>2012-09-26T22:52:49+02:00</sln:gmIIPWersja><sln:gmIdTeryt>1414063</sln:gmIdTeryt><sln:gmNazwa>Zakroczym</sln:gmNazwa><sln:miejscIIPId>c3ac221d-a92c-4b67-aff8-14c0242036cd</sln:miejscIIPId><sln:miejscIIPPn>PL.PZGIK.200</sln:miejscIIPPn><sln:miejscIIPWersja>2016-11-24T08:29:39+02:00</sln:miejscIIPWersja><sln:miejscIdTeryt>0010406</sln:miejscIdTeryt><sln:miejscNazwa>Trębki Nowe</sln:miejscNazwa><sln:miejscRodzaj>Wieś</sln:miejscRodzaj><sln:powIIPId>357b6f32-a2a9-4f83-85d2-ae55588ecc62</sln:powIIPId><sln:powIIPPn>PL.PZGIK.200</sln:powIIPPn><sln:powIIPWersja>2012-09-27T08:13:53+02:00</sln:powIIPWersja><sln:powIdTeryt>1414</sln:powIdTeryt><sln:powNazwa>nowodworski</sln:powNazwa><sln:waznyOd>2012-06-13T00:00:00+02:00</sln:waznyOd><sln:wojIIPId>4b6c492a-eb04-441d-a92a-f44359c06de7</sln:wojIIPId><sln:wojIIPPn>PL.PZGIK.200</sln:wojIIPPn><sln:wojIIPWersja>2012-09-27T13:45:13+02:00</sln:wojIIPWersja><sln:wojIdTeryt>14</sln:wojIdTeryt><sln:wojNazwa>mazowieckie</sln:wojNazwa></sln:miejscowosc><sln:miejscowosc><sln:cyklZyciaDo>2015-12-15T00:00:00+01:00</sln:cyklZyciaDo><sln:cyklZyciaOd>2015-07-03T00:00:00+02:00</sln:cyklZyciaOd><sln:gmIIPId>c70007b4-6bcd-469e-8617-ba3a9e580478</sln:gmIIPId><sln:gmIIPPn>PL.PZGIK.200</sln:gmIIPPn><sln:gmIIPWersja>2012-09-26T22:52:49+02:00</sln:gmIIPWersja><sln:gmIdTeryt>1414063</sln:gmIdTeryt><sln:gmNazwa>Zakroczym</sln:gmNazwa><sln:miejscIIPId>1a8e26d5-354b-4d19-922a-3b2ce9864758</sln:miejscIIPId><sln:miejscIIPPn>PL.PZGIK.200</sln:miejscIIPPn><sln:miejscIIPWersja>2016-11-24T08:29:45+02:00</sln:miejscIIPWersja><sln:miejscIdTeryt>0010435</sln:miejscIdTeryt><sln:miejscNazwa>Trębki Stare</sln:miejscNazwa><sln:miejscRodzaj>Wieś</sln:miejscRodzaj><sln:powIIPId>357b6f32-a2a9-4f83-85d2-ae55588ecc62</sln:powIIPId><sln:powIIPPn>PL.PZGIK.200</sln:powIIPPn><sln:powIIPWersja>2012-09-27T08:13:53+02:00</sln:powIIPWersja><sln:powIdTeryt>1414</sln:powIdTeryt><sln:powNazwa>nowodworski</sln:powNazwa><sln:waznyOd>2012-06-13T00:00:00+02:00</sln:waznyOd><sln:wojIIPId>4b6c492a-eb04-441d-a92a-f44359c06de7</sln:wojIIPId><sln:wojIIPPn>PL.PZGIK.200</sln:wojIIPPn><sln:wojIIPWersja>2012-09-27T13:45:13+02:00</sln:wojIIPWersja><sln:wojIdTeryt>14</sln:wojIdTeryt><sln:wojNazwa>mazowieckie</sln:wojNazwa></sln:miejscowosc><sln:miejscowosc><sln:cyklZyciaDo>2015-12-15T00:00:00+01:00</sln:cyklZyciaDo><sln:cyklZyciaOd>2015-07-03T00:00:00+02:00</sln:cyklZyciaOd><sln:gmIIPId>c70007b4-6bcd-469e-8617-ba3a9e580478</sln:gmIIPId><sln:gmIIPPn>PL.PZGIK.200</sln:gmIIPPn><sln:gmIIPWersja>2012-09-26T22:52:49+02:00</sln:gmIIPWersja><sln:gmIdTeryt>1414063</sln:gmIdTeryt><sln:gmNazwa>Zakroczym</sln:gmNazwa><sln:miejscIIPId>38bafb19-6cb4-4916-aa00-30d396a45ea3</sln:miejscIIPId><sln:miejscIIPPn>PL.PZGIK.200</sln:miejscIIPPn><sln:miejscIIPWersja>2016-11-24T08:29:55+02:00</sln:miejscIIPWersja><sln:miejscIdTeryt>0010487</sln:miejscIdTeryt><sln:miejscNazwa>Wojszczyce</sln:miejscNazwa><sln:miejscRodzaj>Wieś</sln:miejscRodzaj><sln:powIIPId>357b6f32-a2a9-4f83-85d2-ae55588ecc62</sln:powIIPId><sln:powIIPPn>PL.PZGIK.200</sln:powIIPPn><sln:powIIPWersja>2012-09-27T08:13:53+02:00</sln:powIIPWersja><sln:powIdTeryt>1414</sln:powIdTeryt><sln:powNazwa>nowodworski</sln:powNazwa><sln:waznyOd>2012-06-13T00:00:00+02:00</sln:waznyOd><sln:wojIIPId>4b6c492a-eb04-441d-a92a-f44359c06de7</sln:wojIIPId><sln:wojIIPPn>PL.PZGIK.200</sln:wojIIPPn><sln:wojIIPWersja>2012-09-27T13:45:13+02:00</sln:wojIIPWersja><sln:wojIdTeryt>14</sln:wojIdTeryt><sln:wojNazwa>mazowieckie</sln:wojNazwa></sln:miejscowosc><sln:miejscowosc><sln:cyklZyciaDo>2015-12-15T00:00:00+01:00</sln:cyklZyciaDo><sln:cyklZyciaOd>2015-07-03T00:00:00+02:00</sln:cyklZyciaOd><sln:gmIIPId>c70007b4-6bcd-469e-8617-ba3a9e580478</sln:gmIIPId><sln:gmIIPPn>PL.PZGIK.200</sln:gmIIPPn><sln:gmIIPWersja>2012-09-26T22:52:49+02:00</sln:gmIIPWersja><sln:gmIdTeryt>1414063</sln:gmIdTeryt><sln:gmNazwa>Zakroczym</sln:gmNazwa><sln:miejscIIPId>6676bb70-8f55-49f4-9d38-cdc2dad28c3d</sln:miejscIIPId><sln:miejscIIPPn>PL.PZGIK.200</sln:miejscIIPPn><sln:miejscIIPWersja>2016-11-24T08:29:57+02:00</sln:miejscIIPWersja><sln:miejscIdTeryt>0010493</sln:miejscIdTeryt><sln:miejscNazwa>Wólka Smoszewska</sln:miejscNazwa><sln:miejscRodzaj>Wieś</sln:miejscRodzaj><sln:powIIPId>357b6f32-a2a9-4f83-85d2-ae55588ecc62</sln:powIIPId><sln:powIIPPn>PL.PZGIK.200</sln:powIIPPn><sln:powIIPWersja>2012-09-27T08:13:53+02:00</sln:powIIPWersja><sln:powIdTeryt>1414</sln:powIdTeryt><sln:powNazwa>nowodworski</sln:powNazwa><sln:waznyOd>2012-06-13T00:00:00+02:00</sln:waznyOd><sln:wojIIPId>4b6c492a-eb04-441d-a92a-f44359c06de7</sln:wojIIPId><sln:wojIIPPn>PL.PZGIK.200</sln:wojIIPPn><sln:wojIIPWersja>2012-09-27T13:45:13+02:00</sln:wojIIPWersja><sln:wojIdTeryt>14</sln:wojIdTeryt><sln:wojNazwa>mazowieckie</sln:wojNazwa></sln:miejscowosc><sln:miejscowosc><sln:cyklZyciaDo>2015-12-15T00:00:00+01:00</sln:cyklZyciaDo><sln:cyklZyciaOd>2015-07-03T00:00:00+02:00</sln:cyklZyciaOd><sln:gmIIPId>c70007b4-6bcd-469e-8617-ba3a9e580478</sln:gmIIPId><sln:gmIIPPn>PL.PZGIK.200</sln:gmIIPPn><sln:gmIIPWersja>2012-09-26T22:52:49+02:00</sln:gmIIPWersja><sln:gmIdTeryt>1414063</sln:gmIdTeryt><sln:gmNazwa>Zakroczym</sln:gmNazwa><sln:miejscIIPId>e3a8921d-a6cd-41f1-bdec-1d0defd160aa</sln:miejscIIPId><sln:miejscIIPPn>PL.PZGIK.200</sln:miejscIIPPn><sln:miejscIIPWersja>2016-11-24T08:29:59+02:00</sln:miejscIIPWersja><sln:miejscIdTeryt>0010501</sln:miejscIdTeryt><sln:miejscNazwa>Wygoda Smoszewska</sln:miejscNazwa><sln:miejscRodzaj>Wieś</sln:miejscRodzaj><sln:powIIPId>357b6f32-a2a9-4f83-85d2-ae55588ecc62</sln:powIIPId><sln:powIIPPn>PL.PZGIK.200</sln:powIIPPn><sln:powIIPWersja>2012-09-27T08:13:53+02:00</sln:powIIPWersja><sln:powIdTeryt>1414</sln:powIdTeryt><sln:powNazwa>nowodworski</sln:powNazwa><sln:waznyOd>2012-06-13T00:00:00+02:00</sln:waznyOd><sln:wojIIPId>4b6c492a-eb04-441d-a92a-f44359c06de7</sln:wojIIPId><sln:wojIIPPn>PL.PZGIK.200</sln:wojIIPPn><sln:wojIIPWersja>2012-09-27T13:45:13+02:00</sln:wojIIPWersja><sln:wojIdTeryt>14</sln:wojIdTeryt><sln:wojNazwa>mazowieckie</sln:wojNazwa></sln:miejscowosc><sln:miejscowosc><sln:cyklZyciaDo>2015-12-15T00:00:00+01:00</sln:cyklZyciaDo><sln:cyklZyciaOd>2015-07-03T00:00:00+02:00</sln:cyklZyciaOd><sln:gmIIPId>c70007b4-6bcd-469e-8617-ba3a9e580478</sln:gmIIPId><sln:gmIIPPn>PL.PZGIK.200</sln:gmIIPPn><sln:gmIIPWersja>2012-09-26T22:52:49+02:00</sln:gmIIPWersja><sln:gmIdTeryt>1414063</sln:gmIdTeryt><sln:gmNazwa>Zakroczym</sln:gmNazwa><sln:miejscIIPId>1563aa31-0f28-431c-a32d-ce1b7ca2a996</sln:miejscIIPId><sln:miejscIIPPn>PL.PZGIK.200</sln:miejscIIPPn><sln:miejscIIPWersja>2016-11-24T13:15:01+02:00</sln:miejscIIPWersja><sln:miejscIdTeryt>0921869</sln:miejscIdTeryt><sln:miejscNazwa>Zakroczym</sln:miejscNazwa><sln:miejscRodzaj>Miasto</sln:miejscRodzaj><sln:powIIPId>357b6f32-a2a9-4f83-85d2-ae55588ecc62</sln:powIIPId><sln:powIIPPn>PL.PZGIK.200</sln:powIIPPn><sln:powIIPWersja>2012-09-27T08:13:53+02:00</sln:powIIPWersja><sln:powIdTeryt>1414</sln:powIdTeryt><sln:powNazwa>nowodworski</sln:powNazwa><sln:waznyOd>2012-06-13T00:00:00+02:00</sln:waznyOd><sln:wojIIPId>4b6c492a-eb04-441d-a92a-f44359c06de7</sln:wojIIPId><sln:wojIIPPn>PL.PZGIK.200</sln:wojIIPPn><sln:wojIIPWersja>2012-09-27T13:45:13+02:00</sln:wojIIPWersja><sln:wojIdTeryt>14</sln:wojIdTeryt><sln:wojNazwa>mazowieckie</sln:wojNazwa></sln:miejscowosc><sln:miejscowosc><sln:cyklZyciaDo>2015-12-15T00:00:00+01:00</sln:cyklZyciaDo><sln:cyklZyciaOd>2015-07-03T00:00:00+02:00</sln:cyklZyciaOd><sln:gmIIPId>c70007b4-6bcd-469e-8617-ba3a9e580478</sln:gmIIPId><sln:gmIIPPn>PL.PZGIK.200</sln:gmIIPPn><sln:gmIIPWersja>2012-09-26T22:52:49+02:00</sln:gmIIPWersja><sln:gmIdTeryt>1414063</sln:gmIdTeryt><sln:gmNazwa>Zakroczym</sln:gmNazwa><sln:miejscIIPId>3abae03d-ca17-495a-87be-54aed64cd878</sln:miejscIIPId><sln:miejscIIPPn>PL.PZGIK.200</sln:miejscIIPPn><sln:miejscIIPWersja>2016-11-24T08:30:01+02:00</sln:miejscIIPWersja><sln:miejscIdTeryt>0010518</sln:miejscIdTeryt><sln:miejscNazwa>Zaręby</sln:miejscNazwa><sln:miejscRodzaj>Wieś</sln:miejscRodzaj><sln:powIIPId>357b6f32-a2a9-4f83-85d2-ae55588ecc62</sln:powIIPId><sln:powIIPPn>PL.PZGIK.200</sln:powIIPPn><sln:powIIPWersja>2012-09-27T08:13:53+02:00</sln:powIIPWersja><sln:powIdTeryt>1414</sln:powIdTeryt><sln:powNazwa>nowodworski</sln:powNazwa><sln:waznyOd>2012-06-13T00:00:00+02:00</sln:waznyOd><sln:wojIIPId>4b6c492a-eb04-441d-a92a-f44359c06de7</sln:wojIIPId><sln:wojIIPPn>PL.PZGIK.200</sln:wojIIPPn><sln:wojIIPWersja>2012-09-27T13:45:13+02:00</sln:wojIIPWersja><sln:wojIdTeryt>14</sln:wojIdTeryt><sln:wojNazwa>mazowieckie</sln:wojNazwa></sln:miejscowosc><sln:miejscowosc><sln:cyklZyciaDo>2016-02-02T00:00:00+01:00</sln:cyklZyciaDo><sln:cyklZyciaOd>2015-12-15T00:00:00+01:00</sln:cyklZyciaOd><sln:gmIIPId>c70007b4-6bcd-469e-8617-ba3a9e580478</sln:gmIIPId><sln:gmIIPPn>PL.PZGIK.200</sln:gmIIPPn><sln:gmIIPWersja>2012-09-26T22:52:49+02:00</sln:gmIIPWersja><sln:gmIdTeryt>1414063</sln:gmIdTeryt><sln:gmNazwa>Zakroczym</sln:gmNazwa><sln:miejscIIPId>1677a4f2-abbd-4889-88f2-840173dab21e</sln:miejscIIPId><sln:miejscIIPPn>PL.PZGIK.200</sln:miejscIIPPn><sln:miejscIIPWersja>2016-11-24T08:29:28+02:00</sln:miejscIIPWersja><sln:miejscIdTeryt>0010346</sln:miejscIdTeryt><sln:miejscNazwa>Błogosławie</sln:miejscNazwa><sln:miejscRodzaj>Wieś</sln:miejscRodzaj><sln:powIIPId>357b6f32-a2a9-4f83-85d2-ae55588ecc62</sln:powIIPId><sln:powIIPPn>PL.PZGIK.200</sln:powIIPPn><sln:powIIPWersja>2012-09-27T08:13:53+02:00</sln:powIIPWersja><sln:powIdTeryt>1414</sln:powIdTeryt><sln:powNazwa>nowodworski</sln:powNazwa><sln:waznyOd>2012-06-13T00:00:00+02:00</sln:waznyOd><sln:wojIIPId>4b6c492a-eb04-441d-a92a-f44359c06de7</sln:wojIIPId><sln:wojIIPPn>PL.PZGIK.200</sln:wojIIPPn><sln:wojIIPWersja>2012-09-27T13:45:13+02:00</sln:wojIIPWersja><sln:wojIdTeryt>14</sln:wojIdTeryt><sln:wojNazwa>mazowieckie</sln:wojNazwa></sln:miejscowosc><sln:miejscowosc><sln:cyklZyciaDo>2016-02-02T00:00:00+01:00</sln:cyklZyciaDo><sln:cyklZyciaOd>2015-12-15T00:00:00+01:00</sln:cyklZyciaOd><sln:gmIIPId>c70007b4-6bcd-469e-8617-ba3a9e580478</sln:gmIIPId><sln:gmIIPPn>PL.PZGIK.200</sln:gmIIPPn><sln:gmIIPWersja>2012-09-26T22:52:49+02:00</sln:gmIIPWersja><sln:gmIdTeryt>1414063</sln:gmIdTeryt><sln:gmNazwa>Zakroczym</sln:gmNazwa><sln:miejscIIPId>c4c1e679-1962-4e07-8454-a0268bfe4515</sln:miejscIIPId><sln:miejscIIPPn>PL.PZGIK.200</sln:miejscIIPPn><sln:miejscIIPWersja>2016-11-24T08:29:30+02:00</sln:miejscIIPWersja><sln:miejscIdTeryt>0010352</sln:miejscIdTeryt><sln:miejscNazwa>Czarna</sln:miejscNazwa><sln:miejscRodzaj>Wieś</sln:miejscRodzaj><sln:powIIPId>357b6f32-a2a9-4f83-85d2-ae55588ecc62</sln:powIIPId><sln:powIIPPn>PL.PZGIK.200</sln:powIIPPn><sln:powIIPWersja>2012-09-27T08:13:53+02:00</sln:powIIPWersja><sln:powIdTeryt>1414</sln:powIdTeryt><sln:powNazwa>nowodworski</sln:powNazwa><sln:waznyOd>2012-06-13T00:00:00+02:00</sln:waznyOd><sln:wojIIPId>4b6c492a-eb04-441d-a92a-f44359c06de7</sln:wojIIPId><sln:wojIIPPn>PL.PZGIK.200</sln:wojIIPPn><sln:wojIIPWersja>2012-09-27T13:45:13+02:00</sln:wojIIPWersja><sln:wojIdTeryt>14</sln:wojIdTeryt><sln:wojNazwa>mazowieckie</sln:wojNazwa></sln:miejscowosc><sln:miejscowosc><sln:cyklZyciaDo>2016-02-02T00:00:00+01:00</sln:cyklZyciaDo><sln:cyklZyciaOd>2015-12-15T00:00:00+01:00</sln:cyklZyciaOd><sln:gmIIPId>c70007b4-6bcd-469e-8617-ba3a9e580478</sln:gmIIPId><sln:gmIIPPn>PL.PZGIK.200</sln:gmIIPPn><sln:gmIIPWersja>2012-09-26T22:52:49+02:00</sln:gmIIPWersja><sln:gmIdTeryt>1414063</sln:gmIdTeryt><sln:gmNazwa>Zakroczym</sln:gmNazwa><sln:miejscIIPId>0c6c9de7-dff7-4e11-be3f-bbc1a7f3a432</sln:miejscIIPId><sln:miejscIIPPn>PL.PZGIK.200</sln:miejscIIPPn><sln:miejscIIPWersja>2016-11-24T08:29:32+02:00</sln:miejscIIPWersja><sln:miejscIdTeryt>0010369</sln:miejscIdTeryt><sln:miejscNazwa>Emolinek</sln:miejscNazwa><sln:miejscRodzaj>Wieś</sln:miejscRodzaj><sln:powIIPId>357b6f32-a2a9-4f83-85d2-ae55588ecc62</sln:powIIPId><sln:powIIPPn>PL.PZGIK.200</sln:powIIPPn><sln:powIIPWersja>2012-09-27T08:13:53+02:00</sln:powIIPWersja><sln:powIdTeryt>1414</sln:powIdTeryt><sln:powNazwa>nowodworski</sln:powNazwa><sln:waznyOd>2012-06-13T00:00:00+02:00</sln:waznyOd><sln:wojIIPId>4b6c492a-eb04-441d-a92a-f44359c06de7</sln:wojIIPId><sln:wojIIPPn>PL.PZGIK.200</sln:wojIIPPn><sln:wojIIPWersja>2012-09-27T13:45:13+02:00</sln:wojIIPWersja><sln:wojIdTeryt>14</sln:wojIdTeryt><sln:wojNazwa>mazowieckie</sln:wojNazwa></sln:miejscowosc><sln:miejscowosc><sln:cyklZyciaDo>2016-02-02T00:00:00+01:00</sln:cyklZyciaDo><sln:cyklZyciaOd>2015-12-15T00:00:00+01:00</sln:cyklZyciaOd><sln:gmIIPId>c70007b4-6bcd-469e-8617-ba3a9e580478</sln:gmIIPId><sln:gmIIPPn>PL.PZGIK.200</sln:gmIIPPn><sln:gmIIPWersja>2012-09-26T22:52:49+02:00</sln:gmIIPWersja><sln:gmIdTeryt>1414063</sln:gmIdTeryt><sln:gmNazwa>Zakroczym</sln:gmNazwa><sln:miejscIIPId>03a3e30c-413d-459f-8ae5-b7d7548cfe7e</sln:miejscIIPId><sln:miejscIIPPn>PL.PZGIK.200</sln:miejscIIPPn><sln:miejscIIPWersja>2016-11-24T08:29:34+02:00</sln:miejscIIPWersja><sln:miejscIdTeryt>0010375</sln:miejscIdTeryt><sln:miejscNazwa>Henrysin</sln:miejscNazwa><sln:miejscRodzaj>Wieś</sln:miejscRodzaj><sln:powIIPId>357b6f32-a2a9-4f83-85d2-ae55588ecc62</sln:powIIPId><sln:powIIPPn>PL.PZGIK.200</sln:powIIPPn><sln:powIIPWersja>2012-09-27T08:13:53+02:00</sln:powIIPWersja><sln:powIdTeryt>1414</sln:powIdTeryt><sln:powNazwa>nowodworski</sln:powNazwa><sln:waznyOd>2012-06-13T00:00:00+02:00</sln:waznyOd><sln:wojIIPId>4b6c492a-eb04-441d-a92a-f44359c06de7</sln:wojIIPId><sln:wojIIPPn>PL.PZGIK.200</sln:wojIIPPn><sln:wojIIPWersja>2012-09-27T13:45:13+02:00</sln:wojIIPWersja><sln:wojIdTeryt>14</sln:wojIdTeryt><sln:wojNazwa>mazowieckie</sln:wojNazwa></sln:miejscowosc><sln:miejscowosc><sln:cyklZyciaDo>2016-02-02T00:00:00+01:00</sln:cyklZyciaDo><sln:cyklZyciaOd>2015-12-15T00:00:00+01:00</sln:cyklZyciaOd><sln:gmIIPId>c70007b4-6bcd-469e-8617-ba3a9e580478</sln:gmIIPId><sln:gmIIPPn>PL.PZGIK.200</sln:gmIIPPn><sln:gmIIPWersja>2012-09-26T22:52:49+02:00</sln:gmIIPWersja><sln:gmIdTeryt>1414063</sln:gmIdTeryt><sln:gmNazwa>Zakroczym</sln:gmNazwa><sln:miejscIIPId>40ea5c27-aa62-4529-bc29-e68cdc62de5f</sln:miejscIIPId><sln:miejscIIPPn>PL.PZGIK.200</sln:miejscIIPPn><sln:miejscIIPWersja>2016-11-24T08:29:36+02:00</sln:miejscIIPWersja><sln:miejscIdTeryt>0010381</sln:miejscIdTeryt><sln:miejscNazwa>Janowo</sln:miejscNazwa><sln:miejscRodzaj>Wieś</sln:miejscRodzaj><sln:powIIPId>357b6f32-a2a9-4f83-85d2-ae55588ecc62</sln:powIIPId><sln:powIIPPn>PL.PZGIK.200</sln:powIIPPn><sln:powIIPWersja>2012-09-27T08:13:53+02:00</sln:powIIPWersja><sln:powIdTeryt>1414</sln:powIdTeryt><sln:powNazwa>nowodworski</sln:powNazwa><sln:waznyOd>2012-06-13T00:00:00+02:00</sln:waznyOd><sln:wojIIPId>4b6c492a-eb04-441d-a92a-f44359c06de7</sln:wojIIPId><sln:wojIIPPn>PL.PZGIK.200</sln:wojIIPPn><sln:wojIIPWersja>2012-09-27T13:45:13+02:00</sln:wojIIPWersja><sln:wojIdTeryt>14</sln:wojIdTeryt><sln:wojNazwa>mazowieckie</sln:wojNazwa></sln:miejscowosc><sln:miejscowosc><sln:cyklZyciaDo>2016-02-02T00:00:00+01:00</sln:cyklZyciaDo><sln:cyklZyciaOd>2015-12-15T00:00:00+01:00</sln:cyklZyciaOd><sln:gmIIPId>c70007b4-6bcd-469e-8617-ba3a9e580478</sln:gmIIPId><sln:gmIIPPn>PL.PZGIK.200</sln:gmIIPPn><sln:gmIIPWersja>2012-09-26T22:52:49+02:00</sln:gmIIPWersja><sln:gmIdTeryt>1414063</sln:gmIdTeryt><sln:gmNazwa>Zakroczym</sln:gmNazwa><sln:miejscIIPId>1ca823c7-1f58-4e3a-88d7-c3c758a3b8cc</sln:miejscIIPId><sln:miejscIIPPn>PL.PZGIK.200</sln:miejscIIPPn><sln:miejscIIPWersja>2016-11-24T08:29:48+02:00</sln:miejscIIPWersja><sln:miejscIdTeryt>0010441</sln:miejscIdTeryt><sln:miejscNazwa>Jaworowo-Trębki Stare</sln:miejscNazwa><sln:miejscRodzaj>Wieś</sln:miejscRodzaj><sln:powIIPId>357b6f32-a2a9-4f83-85d2-ae55588ecc62</sln:powIIPId><sln:powIIPPn>PL.PZGIK.200</sln:powIIPPn><sln:powIIPWersja>2012-09-27T08:13:53+02:00</sln:powIIPWersja><sln:powIdTeryt>1414</sln:powIdTeryt><sln:powNazwa>nowodworski</sln:powNazwa><sln:waznyOd>2012-06-13T00:00:00+02:00</sln:waznyOd><sln:wojIIPId>4b6c492a-eb04-441d-a92a-f44359c06de7</sln:wojIIPId><sln:wojIIPPn>PL.PZGIK.200</sln:wojIIPPn><sln:wojIIPWersja>2012-09-27T13:45:13+02:00</sln:wojIIPWersja><sln:wojIdTeryt>14</sln:wojIdTeryt><sln:wojNazwa>mazowieckie</sln:wojNazwa></sln:miejscowosc><sln:miejscowosc><sln:cyklZyciaDo>2016-02-02T00:00:00+01:00</sln:cyklZyciaDo><sln:cyklZyciaOd>2015-12-15T00:00:00+01:00</sln:cyklZyciaOd><sln:gmIIPId>c70007b4-6bcd-469e-8617-ba3a9e580478</sln:gmIIPId><sln:gmIIPPn>PL.PZGIK.200</sln:gmIIPPn><sln:gmIIPWersja>2012-09-26T22:52:49+02:00</sln:gmIIPWersja><sln:gmIdTeryt>1414063</sln:gmIdTeryt><sln:gmNazwa>Zakroczym</sln:gmNazwa><sln:miejscIIPId>5596b7f7-9117-499c-97f4-f3952c2080e9</sln:miejscIIPId><sln:miejscIIPPn>PL.PZGIK.200</sln:miejscIIPPn><sln:miejscIIPWersja>2016-11-24T08:29:38+02:00</sln:miejscIIPWersja><sln:miejscIdTeryt>0010398</sln:miejscIdTeryt><sln:miejscNazwa>Mochty-Smok</sln:miejscNazwa><sln:miejscRodzaj>Wieś</sln:miejscRodzaj><sln:powIIPId>357b6f32-a2a9-4f83-85d2-ae55588ecc62</sln:powIIPId><sln:powIIPPn>PL.PZGIK.200</sln:powIIPPn><sln:powIIPWersja>2012-09-27T08:13:53+02:00</sln:powIIPWersja><sln:powIdTeryt>1414</sln:powIdTeryt><sln:powNazwa>nowodworski</sln:powNazwa><sln:waznyOd>2012-06-13T00:00:00+02:00</sln:waznyOd><sln:wojIIPId>4b6c492a-eb04-441d-a92a-f44359c06de7</sln:wojIIPId><sln:wojIIPPn>PL.PZGIK.200</sln:wojIIPPn><sln:wojIIPWersja>2012-09-27T13:45:13+02:00</sln:wojIIPWersja><sln:wojIdTeryt>14</sln:wojIdTeryt><sln:wojNazwa>mazowieckie</sln:wojNazwa></sln:miejscowosc><sln:miejscowosc><sln:cyklZyciaDo>2016-02-02T00:00:00+01:00</sln:cyklZyciaDo><sln:cyklZyciaOd>2015-12-15T00:00:00+01:00</sln:cyklZyciaOd><sln:gmIIPId>c70007b4-6bcd-469e-8617-ba3a9e580478</sln:gmIIPId><sln:gmIIPPn>PL.PZGIK.200</sln:gmIIPPn><sln:gmIIPWersja>2012-09-26T22:52:49+02:00</sln:gmIIPWersja><sln:gmIdTeryt>1414063</sln:gmIdTeryt><sln:gmNazwa>Zakroczym</sln:gmNazwa><sln:miejscIIPId>aec62642-dce7-4afc-aa62-bba78da571a4</sln:miejscIIPId><sln:miejscIIPPn>PL.PZGIK.200</sln:miejscIIPPn><sln:miejscIIPWersja>2016-11-24T08:29:42+02:00</sln:miejscIIPWersja><sln:miejscIdTeryt>0010412</sln:miejscIdTeryt><sln:miejscNazwa>Smoły</sln:miejscNazwa><sln:miejscRodzaj>Wieś</sln:miejscRodzaj><sln:powIIPId>357b6f32-a2a9-4f83-85d2-ae55588ecc62</sln:powIIPId><sln:powIIPPn>PL.PZGIK.200</sln:powIIPPn><sln:powIIPWersja>2012-09-27T08:13:53+02:00</sln:powIIPWersja><sln:powIdTeryt>1414</sln:powIdTeryt><sln:powNazwa>nowodworski</sln:powNazwa><sln:waznyOd>2012-06-13T00:00:00+02:00</sln:waznyOd><sln:wojIIPId>4b6c492a-eb04-441d-a92a-f44359c06de7</sln:wojIIPId><sln:wojIIPPn>PL.PZGIK.200</sln:wojIIPPn><sln:wojIIPWersja>2012-09-27T13:45:13+02:00</sln:wojIIPWersja><sln:wojIdTeryt>14</sln:wojIdTeryt><sln:wojNazwa>mazowieckie</sln:wojNazwa></sln:miejscowosc><sln:miejscowosc><sln:cyklZyciaDo>2016-02-02T00:00:00+01:00</sln:cyklZyciaDo><sln:cyklZyciaOd>2015-12-15T00:00:00+01:00</sln:cyklZyciaOd><sln:gmIIPId>c70007b4-6bcd-469e-8617-ba3a9e580478</sln:gmIIPId><sln:gmIIPPn>PL.PZGIK.200</sln:gmIIPPn><sln:gmIIPWersja>2012-09-26T22:52:49+02:00</sln:gmIIPWersja><sln:gmIdTeryt>1414063</sln:gmIdTeryt><sln:gmNazwa>Zakroczym</sln:gmNazwa><sln:miejscIIPId>ebe43205-4906-4f74-b076-91f8954619ca</sln:miejscIIPId><sln:miejscIIPPn>PL.PZGIK.200</sln:miejscIIPPn><sln:miejscIIPWersja>2016-11-24T08:29:44+02:00</sln:miejscIIPWersja><sln:miejscIdTeryt>0010429</sln:miejscIdTeryt><sln:miejscNazwa>Smoszewo</sln:miejscNazwa><sln:miejscRodzaj>Kolonia</sln:miejscRodzaj><sln:powIIPId>357b6f32-a2a9-4f83-85d2-ae55588ecc62</sln:powIIPId><sln:powIIPPn>PL.PZGIK.200</sln:powIIPPn><sln:powIIPWersja>2012-09-27T08:13:53+02:00</sln:powIIPWersja><sln:powIdTeryt>1414</sln:powIdTeryt><sln:powNazwa>nowodworski</sln:powNazwa><sln:waznyOd>2012-06-13T00:00:00+02:00</sln:waznyOd><sln:wojIIPId>4b6c492a-eb04-441d-a92a-f44359c06de7</sln:wojIIPId><sln:wojIIPPn>PL.PZGIK.200</sln:wojIIPPn><sln:wojIIPWersja>2012-09-27T13:45:13+02:00</sln:wojIIPWersja><sln:wojIdTeryt>14</sln:wojIdTeryt><sln:wojNazwa>mazowieckie</sln:wojNazwa></sln:miejscowosc><sln:miejscowosc><sln:cyklZyciaDo>2016-02-02T00:00:00+01:00</sln:cyklZyciaDo><sln:cyklZyciaOd>2015-12-15T00:00:00+01:00</sln:cyklZyciaOd><sln:gmIIPId>c70007b4-6bcd-469e-8617-ba3a9e580478</sln:gmIIPId><sln:gmIIPPn>PL.PZGIK.200</sln:gmIIPPn><sln:gmIIPWersja>2012-09-26T22:52:49+02:00</sln:gmIIPWersja><sln:gmIdTeryt>1414063</sln:gmIdTeryt><sln:gmNazwa>Zakroczym</sln:gmNazwa><sln:miejscIIPId>32f73c92-14ed-4c6d-b7f1-4cb14933bc35</sln:miejscIIPId><sln:miejscIIPPn>PL.PZGIK.200</sln:miejscIIPPn><sln:miejscIIPWersja>2016-11-24T08:29:50+02:00</sln:miejscIIPWersja><sln:miejscIdTeryt>0010458</sln:miejscIdTeryt><sln:miejscNazwa>Strubiny</sln:miejscNazwa><sln:miejscRodzaj>Wieś</sln:miejscRodzaj><sln:powIIPId>357b6f32-a2a9-4f83-85d2-ae55588ecc62</sln:powIIPId><sln:powIIPPn>PL.PZGIK.200</sln:powIIPPn><sln:powIIPWersja>2012-09-27T08:13:53+02:00</sln:powIIPWersja><sln:powIdTeryt>1414</sln:powIdTeryt><sln:powNazwa>nowodworski</sln:powNazwa><sln:waznyOd>2012-06-13T00:00:00+02:00</sln:waznyOd><sln:wojIIPId>4b6c492a-eb04-441d-a92a-f44359c06de7</sln:wojIIPId><sln:wojIIPPn>PL.PZGIK.200</sln:wojIIPPn><sln:wojIIPWersja>2012-09-27T13:45:13+02:00</sln:wojIIPWersja><sln:wojIdTeryt>14</sln:wojIdTeryt><sln:wojNazwa>mazowieckie</sln:wojNazwa></sln:miejscowosc><sln:miejscowosc><sln:cyklZyciaDo>2016-02-02T00:00:00+01:00</sln:cyklZyciaDo><sln:cyklZyciaOd>2015-12-15T00:00:00+01:00</sln:cyklZyciaOd><sln:gmIIPId>c70007b4-6bcd-469e-8617-ba3a9e580478</sln:gmIIPId><sln:gmIIPPn>PL.PZGIK.200</sln:gmIIPPn><sln:gmIIPWersja>2012-09-26T22:52:49+02:00</sln:gmIIPWersja><sln:gmIdTeryt>1414063</sln:gmIdTeryt><sln:gmNazwa>Zakroczym</sln:gmNazwa><sln:miejscIIPId>abe144de-3f0d-47ed-a02b-54f82804e1f7</sln:miejscIIPId><sln:miejscIIPPn>PL.PZGIK.200</sln:miejscIIPPn><sln:miejscIIPWersja>2016-11-24T08:29:52+02:00</sln:miejscIIPWersja><sln:miejscIdTeryt>0010464</sln:miejscIdTeryt><sln:miejscNazwa>Swobodnia</sln:miejscNazwa><sln:miejscRodzaj>Wieś</sln:miejscRodzaj><sln:powIIPId>357b6f32-a2a9-4f83-85d2-ae55588ecc62</sln:powIIPId><sln:powIIPPn>PL.PZGIK.200</sln:powIIPPn><sln:powIIPWersja>2012-09-27T08:13:53+02:00</sln:powIIPWersja><sln:powIdTeryt>1414</sln:powIdTeryt><sln:powNazwa>nowodworski</sln:powNazwa><sln:waznyOd>2012-06-13T00:00:00+02:00</sln:waznyOd><sln:wojIIPId>4b6c492a-eb04-441d-a92a-f44359c06de7</sln:wojIIPId><sln:wojIIPPn>PL.PZGIK.200</sln:wojIIPPn><sln:wojIIPWersja>2012-09-27T13:45:13+02:00</sln:wojIIPWersja><sln:wojIdTeryt>14</sln:wojIdTeryt><sln:wojNazwa>mazowieckie</sln:wojNazwa></sln:miejscowosc><sln:miejscowosc><sln:cyklZyciaDo>2016-02-02T00:00:00+01:00</sln:cyklZyciaDo><sln:cyklZyciaOd>2015-12-15T00:00:00+01:00</sln:cyklZyciaOd><sln:gmIIPId>c70007b4-6bcd-469e-8617-ba3a9e580478</sln:gmIIPId><sln:gmIIPPn>PL.PZGIK.200</sln:gmIIPPn><sln:gmIIPWersja>2012-09-26T22:52:49+02:00</sln:gmIIPWersja><sln:gmIdTeryt>1414063</sln:gmIdTeryt><sln:gmNazwa>Zakroczym</sln:gmNazwa><sln:miejscIIPId>1a551726-626e-42ca-94aa-55ebdb9c97af</sln:miejscIIPId><sln:miejscIIPPn>PL.PZGIK.200</sln:miejscIIPPn><sln:miejscIIPWersja>2016-11-24T08:29:54+02:00</sln:miejscIIPWersja><sln:miejscIdTeryt>0010470</sln:miejscIdTeryt><sln:miejscNazwa>Śniadowo</sln:miejscNazwa><sln:miejscRodzaj>Wieś</sln:miejscRodzaj><sln:powIIPId>357b6f32-a2a9-4f83-85d2-ae55588ecc62</sln:powIIPId><sln:powIIPPn>PL.PZGIK.200</sln:powIIPPn><sln:powIIPWersja>2012-09-27T08:13:53+02:00</sln:powIIPWersja><sln:powIdTeryt>1414</sln:powIdTeryt><sln:powNazwa>nowodworski</sln:powNazwa><sln:waznyOd>2012-06-13T00:00:00+02:00</sln:waznyOd><sln:wojIIPId>4b6c492a-eb04-441d-a92a-f44359c06de7</sln:wojIIPId><sln:wojIIPPn>PL.PZGIK.200</sln:wojIIPPn><sln:wojIIPWersja>2012-09-27T13:45:13+02:00</sln:wojIIPWersja><sln:wojIdTeryt>14</sln:wojIdTeryt><sln:wojNazwa>mazowieckie</sln:wojNazwa></sln:miejscowosc><sln:miejscowosc><sln:cyklZyciaDo>2016-02-02T00:00:00+01:00</sln:cyklZyciaDo><sln:cyklZyciaOd>2015-12-15T00:00:00+01:00</sln:cyklZyciaOd><sln:gmIIPId>c70007b4-6bcd-469e-8617-ba3a9e580478</sln:gmIIPId><sln:gmIIPPn>PL.PZGIK.200</sln:gmIIPPn><sln:gmIIPWersja>2012-09-26T22:52:49+02:00</sln:gmIIPWersja><sln:gmIdTeryt>1414063</sln:gmIdTeryt><sln:gmNazwa>Zakroczym</sln:gmNazwa><sln:miejscIIPId>c3ac221d-a92c-4b67-aff8-14c0242036cd</sln:miejscIIPId><sln:miejscIIPPn>PL.PZGIK.200</sln:miejscIIPPn><sln:miejscIIPWersja>2016-11-24T08:29:40+02:00</sln:miejscIIPWersja><sln:miejscIdTeryt>0010406</sln:miejscIdTeryt><sln:miejscNazwa>Trębki Nowe</sln:miejscNazwa><sln:miejscRodzaj>Wieś</sln:miejscRodzaj><sln:powIIPId>357b6f32-a2a9-4f83-85d2-ae55588ecc62</sln:powIIPId><sln:powIIPPn>PL.PZGIK.200</sln:powIIPPn><sln:powIIPWersja>2012-09-27T08:13:53+02:00</sln:powIIPWersja><sln:powIdTeryt>1414</sln:powIdTeryt><sln:powNazwa>nowodworski</sln:powNazwa><sln:waznyOd>2012-06-13T00:00:00+02:00</sln:waznyOd><sln:wojIIPId>4b6c492a-eb04-441d-a92a-f44359c06de7</sln:wojIIPId><sln:wojIIPPn>PL.PZGIK.200</sln:wojIIPPn><sln:wojIIPWersja>2012-09-27T13:45:13+02:00</sln:wojIIPWersja><sln:wojIdTeryt>14</sln:wojIdTeryt><sln:wojNazwa>mazowieckie</sln:wojNazwa></sln:miejscowosc><sln:miejscowosc><sln:cyklZyciaDo>2016-02-02T00:00:00+01:00</sln:cyklZyciaDo><sln:cyklZyciaOd>2015-12-15T00:00:00+01:00</sln:cyklZyciaOd><sln:gmIIPId>c70007b4-6bcd-469e-8617-ba3a9e580478</sln:gmIIPId><sln:gmIIPPn>PL.PZGIK.200</sln:gmIIPPn><sln:gmIIPWersja>2012-09-26T22:52:49+02:00</sln:gmIIPWersja><sln:gmIdTeryt>1414063</sln:gmIdTeryt><sln:gmNazwa>Zakroczym</sln:gmNazwa><sln:miejscIIPId>1a8e26d5-354b-4d19-922a-3b2ce9864758</sln:miejscIIPId><sln:miejscIIPPn>PL.PZGIK.200</sln:miejscIIPPn><sln:miejscIIPWersja>2016-11-24T08:29:46+02:00</sln:miejscIIPWersja><sln:miejscIdTeryt>0010435</sln:miejscIdTeryt><sln:miejscNazwa>Trębki Stare</sln:miejscNazwa><sln:miejscRodzaj>Wieś</sln:miejscRodzaj><sln:powIIPId>357b6f32-a2a9-4f83-85d2-ae55588ecc62</sln:powIIPId><sln:powIIPPn>PL.PZGIK.200</sln:powIIPPn><sln:powIIPWersja>2012-09-27T08:13:53+02:00</sln:powIIPWersja><sln:powIdTeryt>1414</sln:powIdTeryt><sln:powNazwa>nowodworski</sln:powNazwa><sln:waznyOd>2012-06-13T00:00:00+02:00</sln:waznyOd><sln:wojIIPId>4b6c492a-eb04-441d-a92a-f44359c06de7</sln:wojIIPId><sln:wojIIPPn>PL.PZGIK.200</sln:wojIIPPn><sln:wojIIPWersja>2012-09-27T13:45:13+02:00</sln:wojIIPWersja><sln:wojIdTeryt>14</sln:wojIdTeryt><sln:wojNazwa>mazowieckie</sln:wojNazwa></sln:miejscowosc><sln:miejscowosc><sln:cyklZyciaDo>2016-02-02T00:00:00+01:00</sln:cyklZyciaDo><sln:cyklZyciaOd>2015-12-15T00:00:00+01:00</sln:cyklZyciaOd><sln:gmIIPId>c70007b4-6bcd-469e-8617-ba3a9e580478</sln:gmIIPId><sln:gmIIPPn>PL.PZGIK.200</sln:gmIIPPn><sln:gmIIPWersja>2012-09-26T22:52:49+02:00</sln:gmIIPWersja><sln:gmIdTeryt>1414063</sln:gmIdTeryt><sln:gmNazwa>Zakroczym</sln:gmNazwa><sln:miejscIIPId>38bafb19-6cb4-4916-aa00-30d396a45ea3</sln:miejscIIPId><sln:miejscIIPPn>PL.PZGIK.200</sln:miejscIIPPn><sln:miejscIIPWersja>2016-11-24T08:29:56+02:00</sln:miejscIIPWersja><sln:miejscIdTeryt>0010487</sln:miejscIdTeryt><sln:miejscNazwa>Wojszczyce</sln:miejscNazwa><sln:miejscRodzaj>Wieś</sln:miejscRodzaj><sln:powIIPId>357b6f32-a2a9-4f83-85d2-ae55588ecc62</sln:powIIPId><sln:powIIPPn>PL.PZGIK.200</sln:powIIPPn><sln:powIIPWersja>2012-09-27T08:13:53+02:00</sln:powIIPWersja><sln:powIdTeryt>1414</sln:powIdTeryt><sln:powNazwa>nowodworski</sln:powNazwa><sln:waznyOd>2012-06-13T00:00:00+02:00</sln:waznyOd><sln:wojIIPId>4b6c492a-eb04-441d-a92a-f44359c06de7</sln:wojIIPId><sln:wojIIPPn>PL.PZGIK.200</sln:wojIIPPn><sln:wojIIPWersja>2012-09-27T13:45:13+02:00</sln:wojIIPWersja><sln:wojIdTeryt>14</sln:wojIdTeryt><sln:wojNazwa>mazowieckie</sln:wojNazwa></sln:miejscowosc><sln:miejscowosc><sln:cyklZyciaDo>2016-02-02T00:00:00+01:00</sln:cyklZyciaDo><sln:cyklZyciaOd>2015-12-15T00:00:00+01:00</sln:cyklZyciaOd><sln:gmIIPId>c70007b4-6bcd-469e-8617-ba3a9e580478</sln:gmIIPId><sln:gmIIPPn>PL.PZGIK.200</sln:gmIIPPn><sln:gmIIPWersja>2012-09-26T22:52:49+02:00</sln:gmIIPWersja><sln:gmIdTeryt>1414063</sln:gmIdTeryt><sln:gmNazwa>Zakroczym</sln:gmNazwa><sln:miejscIIPId>6676bb70-8f55-49f4-9d38-cdc2dad28c3d</sln:miejscIIPId><sln:miejscIIPPn>PL.PZGIK.200</sln:miejscIIPPn><sln:miejscIIPWersja>2016-11-24T08:29:58+02:00</sln:miejscIIPWersja><sln:miejscIdTeryt>0010493</sln:miejscIdTeryt><sln:miejscNazwa>Wólka Smoszewska</sln:miejscNazwa><sln:miejscRodzaj>Wieś</sln:miejscRodzaj><sln:powIIPId>357b6f32-a2a9-4f83-85d2-ae55588ecc62</sln:powIIPId><sln:powIIPPn>PL.PZGIK.200</sln:powIIPPn><sln:powIIPWersja>2012-09-27T08:13:53+02:00</sln:powIIPWersja><sln:powIdTeryt>1414</sln:powIdTeryt><sln:powNazwa>nowodworski</sln:powNazwa><sln:waznyOd>2012-06-13T00:00:00+02:00</sln:waznyOd><sln:wojIIPId>4b6c492a-eb04-441d-a92a-f44359c06de7</sln:wojIIPId><sln:wojIIPPn>PL.PZGIK.200</sln:wojIIPPn><sln:wojIIPWersja>2012-09-27T13:45:13+02:00</sln:wojIIPWersja><sln:wojIdTeryt>14</sln:wojIdTeryt><sln:wojNazwa>mazowieckie</sln:wojNazwa></sln:miejscowosc><sln:miejscowosc><sln:cyklZyciaDo>2016-02-02T00:00:00+01:00</sln:cyklZyciaDo><sln:cyklZyciaOd>2015-12-15T00:00:00+01:00</sln:cyklZyciaOd><sln:gmIIPId>c70007b4-6bcd-469e-8617-ba3a9e580478</sln:gmIIPId><sln:gmIIPPn>PL.PZGIK.200</sln:gmIIPPn><sln:gmIIPWersja>2012-09-26T22:52:49+02:00</sln:gmIIPWersja><sln:gmIdTeryt>1414063</sln:gmIdTeryt><sln:gmNazwa>Zakroczym</sln:gmNazwa><sln:miejscIIPId>e3a8921d-a6cd-41f1-bdec-1d0defd160aa</sln:miejscIIPId><sln:miejscIIPPn>PL.PZGIK.200</sln:miejscIIPPn><sln:miejscIIPWersja>2016-11-24T08:30:00+02:00</sln:miejscIIPWersja><sln:miejscIdTeryt>0010501</sln:miejscIdTeryt><sln:miejscNazwa>Wygoda Smoszewska</sln:miejscNazwa><sln:miejscRodzaj>Wieś</sln:miejscRodzaj><sln:powIIPId>357b6f32-a2a9-4f83-85d2-ae55588ecc62</sln:powIIPId><sln:powIIPPn>PL.PZGIK.200</sln:powIIPPn><sln:powIIPWersja>2012-09-27T08:13:53+02:00</sln:powIIPWersja><sln:powIdTeryt>1414</sln:powIdTeryt><sln:powNazwa>nowodworski</sln:powNazwa><sln:waznyOd>2012-06-13T00:00:00+02:00</sln:waznyOd><sln:wojIIPId>4b6c492a-eb04-441d-a92a-f44359c06de7</sln:wojIIPId><sln:wojIIPPn>PL.PZGIK.200</sln:wojIIPPn><sln:wojIIPWersja>2012-09-27T13:45:13+02:00</sln:wojIIPWersja><sln:wojIdTeryt>14</sln:wojIdTeryt><sln:wojNazwa>mazowieckie</sln:wojNazwa></sln:miejscowosc><sln:miejscowosc><sln:cyklZyciaDo>2016-02-02T00:00:00+01:00</sln:cyklZyciaDo><sln:cyklZyciaOd>2015-12-15T00:00:00+01:00</sln:cyklZyciaOd><sln:gmIIPId>c70007b4-6bcd-469e-8617-ba3a9e580478</sln:gmIIPId><sln:gmIIPPn>PL.PZGIK.200</sln:gmIIPPn><sln:gmIIPWersja>2012-09-26T22:52:49+02:00</sln:gmIIPWersja><sln:gmIdTeryt>1414063</sln:gmIdTeryt><sln:gmNazwa>Zakroczym</sln:gmNazwa><sln:miejscIIPId>1563aa31-0f28-431c-a32d-ce1b7ca2a996</sln:miejscIIPId><sln:miejscIIPPn>PL.PZGIK.200</sln:miejscIIPPn><sln:miejscIIPWersja>2016-11-24T13:15:02+02:00</sln:miejscIIPWersja><sln:miejscIdTeryt>0921869</sln:miejscIdTeryt><sln:miejscNazwa>Zakroczym</sln:miejscNazwa><sln:miejscRodzaj>Miasto</sln:miejscRodzaj><sln:powIIPId>357b6f32-a2a9-4f83-85d2-ae55588ecc62</sln:powIIPId><sln:powIIPPn>PL.PZGIK.200</sln:powIIPPn><sln:powIIPWersja>2012-09-27T08:13:53+02:00</sln:powIIPWersja><sln:powIdTeryt>1414</sln:powIdTeryt><sln:powNazwa>nowodworski</sln:powNazwa><sln:waznyOd>2012-06-13T00:00:00+02:00</sln:waznyOd><sln:wojIIPId>4b6c492a-eb04-441d-a92a-f44359c06de7</sln:wojIIPId><sln:wojIIPPn>PL.PZGIK.200</sln:wojIIPPn><sln:wojIIPWersja>2012-09-27T13:45:13+02:00</sln:wojIIPWersja><sln:wojIdTeryt>14</sln:wojIdTeryt><sln:wojNazwa>mazowieckie</sln:wojNazwa></sln:miejscowosc><sln:miejscowosc><sln:cyklZyciaDo>2016-02-02T00:00:00+01:00</sln:cyklZyciaDo><sln:cyklZyciaOd>2015-12-15T00:00:00+01:00</sln:cyklZyciaOd><sln:gmIIPId>c70007b4-6bcd-469e-8617-ba3a9e580478</sln:gmIIPId><sln:gmIIPPn>PL.PZGIK.200</sln:gmIIPPn><sln:gmIIPWersja>2012-09-26T22:52:49+02:00</sln:gmIIPWersja><sln:gmIdTeryt>1414063</sln:gmIdTeryt><sln:gmNazwa>Zakroczym</sln:gmNazwa><sln:miejscIIPId>3abae03d-ca17-495a-87be-54aed64cd878</sln:miejscIIPId><sln:miejscIIPPn>PL.PZGIK.200</sln:miejscIIPPn><sln:miejscIIPWersja>2016-11-24T08:30:02+02:00</sln:miejscIIPWersja><sln:miejscIdTeryt>0010518</sln:miejscIdTeryt><sln:miejscNazwa>Zaręby</sln:miejscNazwa><sln:miejscRodzaj>Wieś</sln:miejscRodzaj><sln:powIIPId>357b6f32-a2a9-4f83-85d2-ae55588ecc62</sln:powIIPId><sln:powIIPPn>PL.PZGIK.200</sln:powIIPPn><sln:powIIPWersja>2012-09-27T08:13:53+02:00</sln:powIIPWersja><sln:powIdTeryt>1414</sln:powIdTeryt><sln:powNazwa>nowodworski</sln:powNazwa><sln:waznyOd>2012-06-13T00:00:00+02:00</sln:waznyOd><sln:wojIIPId>4b6c492a-eb04-441d-a92a-f44359c06de7</sln:wojIIPId><sln:wojIIPPn>PL.PZGIK.200</sln:wojIIPPn><sln:wojIIPWersja>2012-09-27T13:45:13+02:00</sln:wojIIPWersja><sln:wojIdTeryt>14</sln:wojIdTeryt><sln:wojNazwa>mazowieckie</sln:wojNazwa></sln:miejscowosc><sln:miejscowosc><sln:cyklZyciaOd>2017-03-14T00:00:00+01:00</sln:cyklZyciaOd><sln:gmIIPId>c70007b4-6bcd-469e-8617-ba3a9e580478</sln:gmIIPId><sln:gmIIPPn>PL.PZGIK.200</sln:gmIIPPn><sln:gmIIPWersja>2012-09-26T22:52:49+02:00</sln:gmIIPWersja><sln:gmIdTeryt>1414063</sln:gmIdTeryt><sln:gmNazwa>Zakroczym</sln:gmNazwa><sln:miejscIIPId>1677a4f2-abbd-4889-88f2-840173dab21e</sln:miejscIIPId><sln:miejscIIPPn>PL.PZGIK.200</sln:miejscIIPPn><sln:miejscIIPWersja>2017-03-14T14:18:42+02:00</sln:miejscIIPWersja><sln:miejscIdTeryt>0010346</sln:miejscIdTeryt><sln:miejscNazwa>Błogosławie</sln:miejscNazwa><sln:miejscRodzaj>Wieś</sln:miejscRodzaj><sln:powIIPId>357b6f32-a2a9-4f83-85d2-ae55588ecc62</sln:powIIPId><sln:powIIPPn>PL.PZGIK.200</sln:powIIPPn><sln:powIIPWersja>2012-09-27T08:13:53+02:00</sln:powIIPWersja><sln:powIdTeryt>1414</sln:powIdTeryt><sln:powNazwa>nowodworski</sln:powNazwa><sln:waznyOd>2012-06-13T00:00:00+02:00</sln:waznyOd><sln:wojIIPId>4b6c492a-eb04-441d-a92a-f44359c06de7</sln:wojIIPId><sln:wojIIPPn>PL.PZGIK.200</sln:wojIIPPn><sln:wojIIPWersja>2012-09-27T13:45:13+02:00</sln:wojIIPWersja><sln:wojIdTeryt>14</sln:wojIdTeryt><sln:wojNazwa>mazowieckie</sln:wojNazwa></sln:miejscowosc><sln:miejscowosc><sln:cyklZyciaOd>2017-03-14T00:00:00+01:00</sln:cyklZyciaOd><sln:gmIIPId>c70007b4-6bcd-469e-8617-ba3a9e580478</sln:gmIIPId><sln:gmIIPPn>PL.PZGIK.200</sln:gmIIPPn><sln:gmIIPWersja>2012-09-26T22:52:49+02:00</sln:gmIIPWersja><sln:gmIdTeryt>1414063</sln:gmIdTeryt><sln:gmNazwa>Zakroczym</sln:gmNazwa><sln:miejscIIPId>c4c1e679-1962-4e07-8454-a0268bfe4515</sln:miejscIIPId><sln:miejscIIPPn>PL.PZGIK.200</sln:miejscIIPPn><sln:miejscIIPWersja>2017-03-14T14:18:47+02:00</sln:miejscIIPWersja><sln:miejscIdTeryt>0010352</sln:miejscIdTeryt><sln:miejscNazwa>Czarna</sln:miejscNazwa><sln:miejscRodzaj>Wieś</sln:miejscRodzaj><sln:powIIPId>357b6f32-a2a9-4f83-85d2-ae55588ecc62</sln:powIIPId><sln:powIIPPn>PL.PZGIK.200</sln:powIIPPn><sln:powIIPWersja>2012-09-27T08:13:53+02:00</sln:powIIPWersja><sln:powIdTeryt>1414</sln:powIdTeryt><sln:powNazwa>nowodworski</sln:powNazwa><sln:waznyOd>2012-06-13T00:00:00+02:00</sln:waznyOd><sln:wojIIPId>4b6c492a-eb04-441d-a92a-f44359c06de7</sln:wojIIPId><sln:wojIIPPn>PL.PZGIK.200</sln:wojIIPPn><sln:wojIIPWersja>2012-09-27T13:45:13+02:00</sln:wojIIPWersja><sln:wojIdTeryt>14</sln:wojIdTeryt><sln:wojNazwa>mazowieckie</sln:wojNazwa></sln:miejscowosc><sln:miejscowosc><sln:cyklZyciaOd>2017-03-14T00:00:00+01:00</sln:cyklZyciaOd><sln:gmIIPId>c70007b4-6bcd-469e-8617-ba3a9e580478</sln:gmIIPId><sln:gmIIPPn>PL.PZGIK.200</sln:gmIIPPn><sln:gmIIPWersja>2012-09-26T22:52:49+02:00</sln:gmIIPWersja><sln:gmIdTeryt>1414063</sln:gmIdTeryt><sln:gmNazwa>Zakroczym</sln:gmNazwa><sln:miejscIIPId>0c6c9de7-dff7-4e11-be3f-bbc1a7f3a432</sln:miejscIIPId><sln:miejscIIPPn>PL.PZGIK.200</sln:miejscIIPPn><sln:miejscIIPWersja>2017-03-14T14:18:47+02:00</sln:miejscIIPWersja><sln:miejscIdTeryt>0010369</sln:miejscIdTeryt><sln:miejscNazwa>Emolinek</sln:miejscNazwa><sln:miejscRodzaj>Wieś</sln:miejscRodzaj><sln:powIIPId>357b6f32-a2a9-4f83-85d2-ae55588ecc62</sln:powIIPId><sln:powIIPPn>PL.PZGIK.200</sln:powIIPPn><sln:powIIPWersja>2012-09-27T08:13:53+02:00</sln:powIIPWersja><sln:powIdTeryt>1414</sln:powIdTeryt><sln:powNazwa>nowodworski</sln:powNazwa><sln:waznyOd>2012-06-13T00:00:00+02:00</sln:waznyOd><sln:wojIIPId>4b6c492a-eb04-441d-a92a-f44359c06de7</sln:wojIIPId><sln:wojIIPPn>PL.PZGIK.200</sln:wojIIPPn><sln:wojIIPWersja>2012-09-27T13:45:13+02:00</sln:wojIIPWersja><sln:wojIdTeryt>14</sln:wojIdTeryt><sln:wojNazwa>mazowieckie</sln:wojNazwa></sln:miejscowosc><sln:miejscowosc><sln:cyklZyciaOd>2017-03-14T00:00:00+01:00</sln:cyklZyciaOd><sln:gmIIPId>c70007b4-6bcd-469e-8617-ba3a9e580478</sln:gmIIPId><sln:gmIIPPn>PL.PZGIK.200</sln:gmIIPPn><sln:gmIIPWersja>2012-09-26T22:52:49+02:00</sln:gmIIPWersja><sln:gmIdTeryt>1414063</sln:gmIdTeryt><sln:gmNazwa>Zakroczym</sln:gmNazwa><sln:miejscIIPId>03a3e30c-413d-459f-8ae5-b7d7548cfe7e</sln:miejscIIPId><sln:miejscIIPPn>PL.PZGIK.200</sln:miejscIIPPn><sln:miejscIIPWersja>2017-03-14T14:18:47+02:00</sln:miejscIIPWersja><sln:miejscIdTeryt>0010375</sln:miejscIdTeryt><sln:miejscNazwa>Henrysin</sln:miejscNazwa><sln:miejscRodzaj>Wieś</sln:miejscRodzaj><sln:powIIPId>357b6f32-a2a9-4f83-85d2-ae55588ecc62</sln:powIIPId><sln:powIIPPn>PL.PZGIK.200</sln:powIIPPn><sln:powIIPWersja>2012-09-27T08:13:53+02:00</sln:powIIPWersja><sln:powIdTeryt>1414</sln:powIdTeryt><sln:powNazwa>nowodworski</sln:powNazwa><sln:waznyOd>2012-06-13T00:00:00+02:00</sln:waznyOd><sln:wojIIPId>4b6c492a-eb04-441d-a92a-f44359c06de7</sln:wojIIPId><sln:wojIIPPn>PL.PZGIK.200</sln:wojIIPPn><sln:wojIIPWersja>2012-09-27T13:45:13+02:00</sln:wojIIPWersja><sln:wojIdTeryt>14</sln:wojIdTeryt><sln:wojNazwa>mazowieckie</sln:wojNazwa></sln:miejscowosc><sln:miejscowosc><sln:cyklZyciaOd>2017-03-14T00:00:00+01:00</sln:cyklZyciaOd><sln:gmIIPId>c70007b4-6bcd-469e-8617-ba3a9e580478</sln:gmIIPId><sln:gmIIPPn>PL.PZGIK.200</sln:gmIIPPn><sln:gmIIPWersja>2012-09-26T22:52:49+02:00</sln:gmIIPWersja><sln:gmIdTeryt>1414063</sln:gmIdTeryt><sln:gmNazwa>Zakroczym</sln:gmNazwa><sln:miejscIIPId>40ea5c27-aa62-4529-bc29-e68cdc62de5f</sln:miejscIIPId><sln:miejscIIPPn>PL.PZGIK.200</sln:miejscIIPPn><sln:miejscIIPWersja>2017-03-14T14:18:47+02:00</sln:miejscIIPWersja><sln:miejscIdTeryt>0010381</sln:miejscIdTeryt><sln:miejscNazwa>Janowo</sln:miejscNazwa><sln:miejscRodzaj>Wieś</sln:miejscRodzaj><sln:powIIPId>357b6f32-a2a9-4f83-85d2-ae55588ecc62</sln:powIIPId><sln:powIIPPn>PL.PZGIK.200</sln:powIIPPn><sln:powIIPWersja>2012-09-27T08:13:53+02:00</sln:powIIPWersja><sln:powIdTeryt>1414</sln:powIdTeryt><sln:powNazwa>nowodworski</sln:powNazwa><sln:waznyOd>2012-06-13T00:00:00+02:00</sln:waznyOd><sln:wojIIPId>4b6c492a-eb04-441d-a92a-f44359c06de7</sln:wojIIPId><sln:wojIIPPn>PL.PZGIK.200</sln:wojIIPPn><sln:wojIIPWersja>2012-09-27T13:45:13+02:00</sln:wojIIPWersja><sln:wojIdTeryt>14</sln:wojIdTeryt><sln:wojNazwa>mazowieckie</sln:wojNazwa></sln:miejscowosc><sln:miejscowosc><sln:cyklZyciaOd>2017-03-14T00:00:00+01:00</sln:cyklZyciaOd><sln:gmIIPId>c70007b4-6bcd-469e-8617-ba3a9e580478</sln:gmIIPId><sln:gmIIPPn>PL.PZGIK.200</sln:gmIIPPn><sln:gmIIPWersja>2012-09-26T22:52:49+02:00</sln:gmIIPWersja><sln:gmIdTeryt>1414063</sln:gmIdTeryt><sln:gmNazwa>Zakroczym</sln:gmNazwa><sln:miejscIIPId>5596b7f7-9117-499c-97f4-f3952c2080e9</sln:miejscIIPId><sln:miejscIIPPn>PL.PZGIK.200</sln:miejscIIPPn><sln:miejscIIPWersja>2017-03-14T14:18:47+02:00</sln:miejscIIPWersja><sln:miejscIdTeryt>0010398</sln:miejscIdTeryt><sln:miejscNazwa>Mochty-Smok</sln:miejscNazwa><sln:miejscRodzaj>Wieś</sln:miejscRodzaj><sln:powIIPId>357b6f32-a2a9-4f83-85d2-ae55588ecc62</sln:powIIPId><sln:powIIPPn>PL.PZGIK.200</sln:powIIPPn><sln:powIIPWersja>2012-09-27T08:13:53+02:00</sln:powIIPWersja><sln:powIdTeryt>1414</sln:powIdTeryt><sln:powNazwa>nowodworski</sln:powNazwa><sln:waznyOd>2012-06-13T00:00:00+02:00</sln:waznyOd><sln:wojIIPId>4b6c492a-eb04-441d-a92a-f44359c06de7</sln:wojIIPId><sln:wojIIPPn>PL.PZGIK.200</sln:wojIIPPn><sln:wojIIPWersja>2012-09-27T13:45:13+02:00</sln:wojIIPWersja><sln:wojIdTeryt>14</sln:wojIdTeryt><sln:wojNazwa>mazowieckie</sln:wojNazwa></sln:miejscowosc><sln:miejscowosc><sln:cyklZyciaOd>2017-03-14T00:00:00+01:00</sln:cyklZyciaOd><sln:gmIIPId>c70007b4-6bcd-469e-8617-ba3a9e580478</sln:gmIIPId><sln:gmIIPPn>PL.PZGIK.200</sln:gmIIPPn><sln:gmIIPWersja>2012-09-26T22:52:49+02:00</sln:gmIIPWersja><sln:gmIdTeryt>1414063</sln:gmIdTeryt><sln:gmNazwa>Zakroczym</sln:gmNazwa><sln:miejscIIPId>c3ac221d-a92c-4b67-aff8-14c0242036cd</sln:miejscIIPId><sln:miejscIIPPn>PL.PZGIK.200</sln:miejscIIPPn><sln:miejscIIPWersja>2017-03-14T14:18:47+02:00</sln:miejscIIPWersja><sln:miejscIdTeryt>0010406</sln:miejscIdTeryt><sln:miejscNazwa>Trębki Nowe</sln:miejscNazwa><sln:miejscRodzaj>Wieś</sln:miejscRodzaj><sln:powIIPId>357b6f32-a2a9-4f83-85d2-ae55588ecc62</sln:powIIPId><sln:powIIPPn>PL.PZGIK.200</sln:powIIPPn><sln:powIIPWersja>2012-09-27T08:13:53+02:00</sln:powIIPWersja><sln:powIdTeryt>1414</sln:powIdTeryt><sln:powNazwa>nowodworski</sln:powNazwa><sln:waznyOd>2012-06-13T00:00:00+02:00</sln:waznyOd><sln:wojIIPId>4b6c492a-eb04-441d-a92a-f44359c06de7</sln:wojIIPId><sln:wojIIPPn>PL.PZGIK.200</sln:wojIIPPn><sln:wojIIPWersja>2012-09-27T13:45:13+02:00</sln:wojIIPWersja><sln:wojIdTeryt>14</sln:wojIdTeryt><sln:wojNazwa>mazowieckie</sln:wojNazwa></sln:miejscowosc><sln:miejscowosc><sln:cyklZyciaOd>2017-03-14T00:00:00+01:00</sln:cyklZyciaOd><sln:gmIIPId>c70007b4-6bcd-469e-8617-ba3a9e580478</sln:gmIIPId><sln:gmIIPPn>PL.PZGIK.200</sln:gmIIPPn><sln:gmIIPWersja>2012-09-26T22:52:49+02:00</sln:gmIIPWersja><sln:gmIdTeryt>1414063</sln:gmIdTeryt><sln:gmNazwa>Zakroczym</sln:gmNazwa><sln:miejscIIPId>aec62642-dce7-4afc-aa62-bba78da571a4</sln:miejscIIPId><sln:miejscIIPPn>PL.PZGIK.200</sln:miejscIIPPn><sln:miejscIIPWersja>2017-03-14T14:18:47+02:00</sln:miejscIIPWersja><sln:miejscIdTeryt>0010412</sln:miejscIdTeryt><sln:miejscNazwa>Smoły</sln:miejscNazwa><sln:miejscRodzaj>Wieś</sln:miejscRodzaj><sln:powIIPId>357b6f32-a2a9-4f83-85d2-ae55588ecc62</sln:powIIPId><sln:powIIPPn>PL.PZGIK.200</sln:powIIPPn><sln:powIIPWersja>2012-09-27T08:13:53+02:00</sln:powIIPWersja><sln:powIdTeryt>1414</sln:powIdTeryt><sln:powNazwa>nowodworski</sln:powNazwa><sln:waznyOd>2012-06-13T00:00:00+02:00</sln:waznyOd><sln:wojIIPId>4b6c492a-eb04-441d-a92a-f44359c06de7</sln:wojIIPId><sln:wojIIPPn>PL.PZGIK.200</sln:wojIIPPn><sln:wojIIPWersja>2012-09-27T13:45:13+02:00</sln:wojIIPWersja><sln:wojIdTeryt>14</sln:wojIdTeryt><sln:wojNazwa>mazowieckie</sln:wojNazwa></sln:miejscowosc><sln:miejscowosc><sln:cyklZyciaOd>2017-03-14T00:00:00+01:00</sln:cyklZyciaOd><sln:gmIIPId>c70007b4-6bcd-469e-8617-ba3a9e580478</sln:gmIIPId><sln:gmIIPPn>PL.PZGIK.200</sln:gmIIPPn><sln:gmIIPWersja>2012-09-26T22:52:49+02:00</sln:gmIIPWersja><sln:gmIdTeryt>1414063</sln:gmIdTeryt><sln:gmNazwa>Zakroczym</sln:gmNazwa><sln:miejscIIPId>ebe43205-4906-4f74-b076-91f8954619ca</sln:miejscIIPId><sln:miejscIIPPn>PL.PZGIK.200</sln:miejscIIPPn><sln:miejscIIPWersja>2017-03-14T14:18:47+02:00</sln:miejscIIPWersja><sln:miejscIdTeryt>0010429</sln:miejscIdTeryt><sln:miejscNazwa>Smoszewo</sln:miejscNazwa><sln:miejscRodzaj>Kolonia</sln:miejscRodzaj><sln:powIIPId>357b6f32-a2a9-4f83-85d2-ae55588ecc62</sln:powIIPId><sln:powIIPPn>PL.PZGIK.200</sln:powIIPPn><sln:powIIPWersja>2012-09-27T08:13:53+02:00</sln:powIIPWersja><sln:powIdTeryt>1414</sln:powIdTeryt><sln:powNazwa>nowodworski</sln:powNazwa><sln:waznyOd>2012-06-13T00:00:00+02:00</sln:waznyOd><sln:wojIIPId>4b6c492a-eb04-441d-a92a-f44359c06de7</sln:wojIIPId><sln:wojIIPPn>PL.PZGIK.200</sln:wojIIPPn><sln:wojIIPWersja>2012-09-27T13:45:13+02:00</sln:wojIIPWersja><sln:wojIdTeryt>14</sln:wojIdTeryt><sln:wojNazwa>mazowieckie</sln:wojNazwa></sln:miejscowosc><sln:miejscowosc><sln:cyklZyciaOd>2017-03-14T00:00:00+01:00</sln:cyklZyciaOd><sln:gmIIPId>c70007b4-6bcd-469e-8617-ba3a9e580478</sln:gmIIPId><sln:gmIIPPn>PL.PZGIK.200</sln:gmIIPPn><sln:gmIIPWersja>2012-09-26T22:52:49+02:00</sln:gmIIPWersja><sln:gmIdTeryt>1414063</sln:gmIdTeryt><sln:gmNazwa>Zakroczym</sln:gmNazwa><sln:miejscIIPId>1a8e26d5-354b-4d19-922a-3b2ce9864758</sln:miejscIIPId><sln:miejscIIPPn>PL.PZGIK.200</sln:miejscIIPPn><sln:miejscIIPWersja>2017-03-14T14:18:47+02:00</sln:miejscIIPWersja><sln:miejscIdTeryt>0010435</sln:miejscIdTeryt><sln:miejscNazwa>Trębki Stare</sln:miejscNazwa><sln:miejscRodzaj>Wieś</sln:miejscRodzaj><sln:powIIPId>357b6f32-a2a9-4f83-85d2-ae55588ecc62</sln:powIIPId><sln:powIIPPn>PL.PZGIK.200</sln:powIIPPn><sln:powIIPWersja>2012-09-27T08:13:53+02:00</sln:powIIPWersja><sln:powIdTeryt>1414</sln:powIdTeryt><sln:powNazwa>nowodworski</sln:powNazwa><sln:waznyOd>2012-06-13T00:00:00+02:00</sln:waznyOd><sln:wojIIPId>4b6c492a-eb04-441d-a92a-f44359c06de7</sln:wojIIPId><sln:wojIIPPn>PL.PZGIK.200</sln:wojIIPPn><sln:wojIIPWersja>2012-09-27T13:45:13+02:00</sln:wojIIPWersja><sln:wojIdTeryt>14</sln:wojIdTeryt><sln:wojNazwa>mazowieckie</sln:wojNazwa></sln:miejscowosc><sln:miejscowosc><sln:cyklZyciaOd>2017-03-14T00:00:00+01:00</sln:cyklZyciaOd><sln:gmIIPId>c70007b4-6bcd-469e-8617-ba3a9e580478</sln:gmIIPId><sln:gmIIPPn>PL.PZGIK.200</sln:gmIIPPn><sln:gmIIPWersja>2012-09-26T22:52:49+02:00</sln:gmIIPWersja><sln:gmIdTeryt>1414063</sln:gmIdTeryt><sln:gmNazwa>Zakroczym</sln:gmNazwa><sln:miejscIIPId>1ca823c7-1f58-4e3a-88d7-c3c758a3b8cc</sln:miejscIIPId><sln:miejscIIPPn>PL.PZGIK.200</sln:miejscIIPPn><sln:miejscIIPWersja>2017-03-14T14:18:47+02:00</sln:miejscIIPWersja><sln:miejscIdTeryt>0010441</sln:miejscIdTeryt><sln:miejscNazwa>Jaworowo-Trębki Stare</sln:miejscNazwa><sln:miejscRodzaj>Wieś</sln:miejscRodzaj><sln:powIIPId>357b6f32-a2a9-4f83-85d2-ae55588ecc62</sln:powIIPId><sln:powIIPPn>PL.PZGIK.200</sln:powIIPPn><sln:powIIPWersja>2012-09-27T08:13:53+02:00</sln:powIIPWersja><sln:powIdTeryt>1414</sln:powIdTeryt><sln:powNazwa>nowodworski</sln:powNazwa><sln:waznyOd>2012-06-13T00:00:00+02:00</sln:waznyOd><sln:wojIIPId>4b6c492a-eb04-441d-a92a-f44359c06de7</sln:wojIIPId><sln:wojIIPPn>PL.PZGIK.200</sln:wojIIPPn><sln:wojIIPWersja>2012-09-27T13:45:13+02:00</sln:wojIIPWersja><sln:wojIdTeryt>14</sln:wojIdTeryt><sln:wojNazwa>mazowieckie</sln:wojNazwa></sln:miejscowosc><sln:miejscowosc><sln:cyklZyciaOd>2017-03-14T00:00:00+01:00</sln:cyklZyciaOd><sln:gmIIPId>c70007b4-6bcd-469e-8617-ba3a9e580478</sln:gmIIPId><sln:gmIIPPn>PL.PZGIK.200</sln:gmIIPPn><sln:gmIIPWersja>2012-09-26T22:52:49+02:00</sln:gmIIPWersja><sln:gmIdTeryt>1414063</sln:gmIdTeryt><sln:gmNazwa>Zakroczym</sln:gmNazwa><sln:miejscIIPId>32f73c92-14ed-4c6d-b7f1-4cb14933bc35</sln:miejscIIPId><sln:miejscIIPPn>PL.PZGIK.200</sln:miejscIIPPn><sln:miejscIIPWersja>2017-03-14T14:18:47+02:00</sln:miejscIIPWersja><sln:miejscIdTeryt>0010458</sln:miejscIdTeryt><sln:miejscNazwa>Strubiny</sln:miejscNazwa><sln:miejscRodzaj>Wieś</sln:miejscRodzaj><sln:powIIPId>357b6f32-a2a9-4f83-85d2-ae55588ecc62</sln:powIIPId><sln:powIIPPn>PL.PZGIK.200</sln:powIIPPn><sln:powIIPWersja>2012-09-27T08:13:53+02:00</sln:powIIPWersja><sln:powIdTeryt>1414</sln:powIdTeryt><sln:powNazwa>nowodworski</sln:powNazwa><sln:waznyOd>2012-06-13T00:00:00+02:00</sln:waznyOd><sln:wojIIPId>4b6c492a-eb04-441d-a92a-f44359c06de7</sln:wojIIPId><sln:wojIIPPn>PL.PZGIK.200</sln:wojIIPPn><sln:wojIIPWersja>2012-09-27T13:45:13+02:00</sln:wojIIPWersja><sln:wojIdTeryt>14</sln:wojIdTeryt><sln:wojNazwa>mazowieckie</sln:wojNazwa></sln:miejscowosc><sln:miejscowosc><sln:cyklZyciaOd>2017-03-14T00:00:00+01:00</sln:cyklZyciaOd><sln:gmIIPId>c70007b4-6bcd-469e-8617-ba3a9e580478</sln:gmIIPId><sln:gmIIPPn>PL.PZGIK.200</sln:gmIIPPn><sln:gmIIPWersja>2012-09-26T22:52:49+02:00</sln:gmIIPWersja><sln:gmIdTeryt>1414063</sln:gmIdTeryt><sln:gmNazwa>Zakroczym</sln:gmNazwa><sln:miejscIIPId>abe144de-3f0d-47ed-a02b-54f82804e1f7</sln:miejscIIPId><sln:miejscIIPPn>PL.PZGIK.200</sln:miejscIIPPn><sln:miejscIIPWersja>2017-03-14T14:18:47+02:00</sln:miejscIIPWersja><sln:miejscIdTeryt>0010464</sln:miejscIdTeryt><sln:miejscNazwa>Swobodnia</sln:miejscNazwa><sln:miejscRodzaj>Wieś</sln:miejscRodzaj><sln:powIIPId>357b6f32-a2a9-4f83-85d2-ae55588ecc62</sln:powIIPId><sln:powIIPPn>PL.PZGIK.200</sln:powIIPPn><sln:powIIPWersja>2012-09-27T08:13:53+02:00</sln:powIIPWersja><sln:powIdTeryt>1414</sln:powIdTeryt><sln:powNazwa>nowodworski</sln:powNazwa><sln:waznyOd>2012-06-13T00:00:00+02:00</sln:waznyOd><sln:wojIIPId>4b6c492a-eb04-441d-a92a-f44359c06de7</sln:wojIIPId><sln:wojIIPPn>PL.PZGIK.200</sln:wojIIPPn><sln:wojIIPWersja>2012-09-27T13:45:13+02:00</sln:wojIIPWersja><sln:wojIdTeryt>14</sln:wojIdTeryt><sln:wojNazwa>mazowieckie</sln:wojNazwa></sln:miejscowosc><sln:miejscowosc><sln:cyklZyciaOd>2017-03-14T00:00:00+01:00</sln:cyklZyciaOd><sln:gmIIPId>c70007b4-6bcd-469e-8617-ba3a9e580478</sln:gmIIPId><sln:gmIIPPn>PL.PZGIK.200</sln:gmIIPPn><sln:gmIIPWersja>2012-09-26T22:52:49+02:00</sln:gmIIPWersja><sln:gmIdTeryt>1414063</sln:gmIdTeryt><sln:gmNazwa>Zakroczym</sln:gmNazwa><sln:miejscIIPId>1a551726-626e-42ca-94aa-55ebdb9c97af</sln:miejscIIPId><sln:miejscIIPPn>PL.PZGIK.200</sln:miejscIIPPn><sln:miejscIIPWersja>2017-03-14T14:18:48+02:00</sln:miejscIIPWersja><sln:miejscIdTeryt>0010470</sln:miejscIdTeryt><sln:miejscNazwa>Śniadowo</sln:miejscNazwa><sln:miejscRodzaj>Wieś</sln:miejscRodzaj><sln:powIIPId>357b6f32-a2a9-4f83-85d2-ae55588ecc62</sln:powIIPId><sln:powIIPPn>PL.PZGIK.200</sln:powIIPPn><sln:powIIPWersja>2012-09-27T08:13:53+02:00</sln:powIIPWersja><sln:powIdTeryt>1414</sln:powIdTeryt><sln:powNazwa>nowodworski</sln:powNazwa><sln:waznyOd>2012-06-13T00:00:00+02:00</sln:waznyOd><sln:wojIIPId>4b6c492a-eb04-441d-a92a-f44359c06de7</sln:wojIIPId><sln:wojIIPPn>PL.PZGIK.200</sln:wojIIPPn><sln:wojIIPWersja>2012-09-27T13:45:13+02:00</sln:wojIIPWersja><sln:wojIdTeryt>14</sln:wojIdTeryt><sln:wojNazwa>mazowieckie</sln:wojNazwa></sln:miejscowosc><sln:miejscowosc><sln:cyklZyciaOd>2017-03-14T00:00:00+01:00</sln:cyklZyciaOd><sln:gmIIPId>c70007b4-6bcd-469e-8617-ba3a9e580478</sln:gmIIPId><sln:gmIIPPn>PL.PZGIK.200</sln:gmIIPPn><sln:gmIIPWersja>2012-09-26T22:52:49+02:00</sln:gmIIPWersja><sln:gmIdTeryt>1414063</sln:gmIdTeryt><sln:gmNazwa>Zakroczym</sln:gmNazwa><sln:miejscIIPId>38bafb19-6cb4-4916-aa00-30d396a45ea3</sln:miejscIIPId><sln:miejscIIPPn>PL.PZGIK.200</sln:miejscIIPPn><sln:miejscIIPWersja>2017-03-14T14:18:48+02:00</sln:miejscIIPWersja><sln:miejscIdTeryt>0010487</sln:miejscIdTeryt><sln:miejscNazwa>Wojszczyce</sln:miejscNazwa><sln:miejscRodzaj>Wieś</sln:miejscRodzaj><sln:powIIPId>357b6f32-a2a9-4f83-85d2-ae55588ecc62</sln:powIIPId><sln:powIIPPn>PL.PZGIK.200</sln:powIIPPn><sln:powIIPWersja>2012-09-27T08:13:53+02:00</sln:powIIPWersja><sln:powIdTeryt>1414</sln:powIdTeryt><sln:powNazwa>nowodworski</sln:powNazwa><sln:waznyOd>2012-06-13T00:00:00+02:00</sln:waznyOd><sln:wojIIPId>4b6c492a-eb04-441d-a92a-f44359c06de7</sln:wojIIPId><sln:wojIIPPn>PL.PZGIK.200</sln:wojIIPPn><sln:wojIIPWersja>2012-09-27T13:45:13+02:00</sln:wojIIPWersja><sln:wojIdTeryt>14</sln:wojIdTeryt><sln:wojNazwa>mazowieckie</sln:wojNazwa></sln:miejscowosc><sln:miejscowosc><sln:cyklZyciaOd>2017-03-14T00:00:00+01:00</sln:cyklZyciaOd><sln:gmIIPId>c70007b4-6bcd-469e-8617-ba3a9e580478</sln:gmIIPId><sln:gmIIPPn>PL.PZGIK.200</sln:gmIIPPn><sln:gmIIPWersja>2012-09-26T22:52:49+02:00</sln:gmIIPWersja><sln:gmIdTeryt>1414063</sln:gmIdTeryt><sln:gmNazwa>Zakroczym</sln:gmNazwa><sln:miejscIIPId>6676bb70-8f55-49f4-9d38-cdc2dad28c3d</sln:miejscIIPId><sln:miejscIIPPn>PL.PZGIK.200</sln:miejscIIPPn><sln:miejscIIPWersja>2017-03-14T14:18:48+02:00</sln:miejscIIPWersja><sln:miejscIdTeryt>0010493</sln:miejscIdTeryt><sln:miejscNazwa>Wólka Smoszewska</sln:miejscNazwa><sln:miejscRodzaj>Wieś</sln:miejscRodzaj><sln:powIIPId>357b6f32-a2a9-4f83-85d2-ae55588ecc62</sln:powIIPId><sln:powIIPPn>PL.PZGIK.200</sln:powIIPPn><sln:powIIPWersja>2012-09-27T08:13:53+02:00</sln:powIIPWersja><sln:powIdTeryt>1414</sln:powIdTeryt><sln:powNazwa>nowodworski</sln:powNazwa><sln:waznyOd>2012-06-13T00:00:00+02:00</sln:waznyOd><sln:wojIIPId>4b6c492a-eb04-441d-a92a-f44359c06de7</sln:wojIIPId><sln:wojIIPPn>PL.PZGIK.200</sln:wojIIPPn><sln:wojIIPWersja>2012-09-27T13:45:13+02:00</sln:wojIIPWersja><sln:wojIdTeryt>14</sln:wojIdTeryt><sln:wojNazwa>mazowieckie</sln:wojNazwa></sln:miejscowosc><sln:miejscowosc><sln:cyklZyciaOd>2017-03-14T00:00:00+01:00</sln:cyklZyciaOd><sln:gmIIPId>c70007b4-6bcd-469e-8617-ba3a9e580478</sln:gmIIPId><sln:gmIIPPn>PL.PZGIK.200</sln:gmIIPPn><sln:gmIIPWersja>2012-09-26T22:52:49+02:00</sln:gmIIPWersja><sln:gmIdTeryt>1414063</sln:gmIdTeryt><sln:gmNazwa>Zakroczym</sln:gmNazwa><sln:miejscIIPId>e3a8921d-a6cd-41f1-bdec-1d0defd160aa</sln:miejscIIPId><sln:miejscIIPPn>PL.PZGIK.200</sln:miejscIIPPn><sln:miejscIIPWersja>2017-03-14T14:18:48+02:00</sln:miejscIIPWersja><sln:miejscIdTeryt>0010501</sln:miejscIdTeryt><sln:miejscNazwa>Wygoda Smoszewska</sln:miejscNazwa><sln:miejscRodzaj>Wieś</sln:miejscRodzaj><sln:powIIPId>357b6f32-a2a9-4f83-85d2-ae55588ecc62</sln:powIIPId><sln:powIIPPn>PL.PZGIK.200</sln:powIIPPn><sln:powIIPWersja>2012-09-27T08:13:53+02:00</sln:powIIPWersja><sln:powIdTeryt>1414</sln:powIdTeryt><sln:powNazwa>nowodworski</sln:powNazwa><sln:waznyOd>2012-06-13T00:00:00+02:00</sln:waznyOd><sln:wojIIPId>4b6c492a-eb04-441d-a92a-f44359c06de7</sln:wojIIPId><sln:wojIIPPn>PL.PZGIK.200</sln:wojIIPPn><sln:wojIIPWersja>2012-09-27T13:45:13+02:00</sln:wojIIPWersja><sln:wojIdTeryt>14</sln:wojIdTeryt><sln:wojNazwa>mazowieckie</sln:wojNazwa></sln:miejscowosc><sln:miejscowosc><sln:cyklZyciaOd>2017-03-14T00:00:00+01:00</sln:cyklZyciaOd><sln:gmIIPId>c70007b4-6bcd-469e-8617-ba3a9e580478</sln:gmIIPId><sln:gmIIPPn>PL.PZGIK.200</sln:gmIIPPn><sln:gmIIPWersja>2012-09-26T22:52:49+02:00</sln:gmIIPWersja><sln:gmIdTeryt>1414063</sln:gmIdTeryt><sln:gmNazwa>Zakroczym</sln:gmNazwa><sln:miejscIIPId>3abae03d-ca17-495a-87be-54aed64cd878</sln:miejscIIPId><sln:miejscIIPPn>PL.PZGIK.200</sln:miejscIIPPn><sln:miejscIIPWersja>2017-03-14T14:18:48+02:00</sln:miejscIIPWersja><sln:miejscIdTeryt>0010518</sln:miejscIdTeryt><sln:miejscNazwa>Zaręby</sln:miejscNazwa><sln:miejscRodzaj>Wieś</sln:miejscRodzaj><sln:powIIPId>357b6f32-a2a9-4f83-85d2-ae55588ecc62</sln:powIIPId><sln:powIIPPn>PL.PZGIK.200</sln:powIIPPn><sln:powIIPWersja>2012-09-27T08:13:53+02:00</sln:powIIPWersja><sln:powIdTeryt>1414</sln:powIdTeryt><sln:powNazwa>nowodworski</sln:powNazwa><sln:waznyOd>2012-06-13T00:00:00+02:00</sln:waznyOd><sln:wojIIPId>4b6c492a-eb04-441d-a92a-f44359c06de7</sln:wojIIPId><sln:wojIIPPn>PL.PZGIK.200</sln:wojIIPPn><sln:wojIIPWersja>2012-09-27T13:45:13+02:00</sln:wojIIPWersja><sln:wojIdTeryt>14</sln:wojIdTeryt><sln:wojNazwa>mazowieckie</sln:wojNazwa></sln:miejscowosc><sln:miejscowosc><sln:cyklZyciaOd>2017-03-14T00:00:00+01:00</sln:cyklZyciaOd><sln:gmIIPId>c70007b4-6bcd-469e-8617-ba3a9e580478</sln:gmIIPId><sln:gmIIPPn>PL.PZGIK.200</sln:gmIIPPn><sln:gmIIPWersja>2012-09-26T22:52:49+02:00</sln:gmIIPWersja><sln:gmIdTeryt>1414063</sln:gmIdTeryt><sln:gmNazwa>Zakroczym</sln:gmNazwa><sln:miejscIIPId>1563aa31-0f28-431c-a32d-ce1b7ca2a996</sln:miejscIIPId><sln:miejscIIPPn>PL.PZGIK.200</sln:miejscIIPPn><sln:miejscIIPWersja>2017-03-14T14:18:48+02:00</sln:miejscIIPWersja><sln:miejscIdTeryt>0921869</sln:miejscIdTeryt><sln:miejscNazwa>Zakroczym</sln:miejscNazwa><sln:miejscRodzaj>Miasto</sln:miejscRodzaj><sln:powIIPId>357b6f32-a2a9-4f83-85d2-ae55588ecc62</sln:powIIPId><sln:powIIPPn>PL.PZGIK.200</sln:powIIPPn><sln:powIIPWersja>2012-09-27T08:13:53+02:00</sln:powIIPWersja><sln:powIdTeryt>1414</sln:powIdTeryt><sln:powNazwa>nowodworski</sln:powNazwa><sln:waznyOd>2012-06-13T00:00:00+02:00</sln:waznyOd><sln:wojIIPId>4b6c492a-eb04-441d-a92a-f44359c06de7</sln:wojIIPId><sln:wojIIPPn>PL.PZGIK.200</sln:wojIIPPn><sln:wojIIPWersja>2012-09-27T13:45:13+02:00</sln:wojIIPWersja><sln:wojIdTeryt>14</sln:wojIdTeryt><sln:wojNazwa>mazowieckie</sln:wojNazwa></sln:miejscowosc></sln:lista-miejscowosci>