<?xml version="1.0" encoding="UTF-8" standalone="yes"?><sln:lista-miejscowosci xmlns:srv="http://gugik.gov.pl/schemas/slowniki-service/1.0" xmlns:sln="http://gugik.gov.pl/schemas/slowniki-schema/1.0"><sln:miejscowosc><sln:cyklZyciaDo>2016-11-26T00:00:00+01:00</sln:cyklZyciaDo><sln:cyklZyciaOd>2014-12-09T00:00:00+01:00</sln:cyklZyciaOd><sln:gmIIPId>0b4b3ee0-b7d0-4fe0-9a24-be055fbd7bfa</sln:gmIIPId><sln:gmIIPPn>PL.PZGIK.200</sln:gmIIPPn><sln:gmIIPWersja>2012-09-26T22:55:19+02:00</sln:gmIIPWersja><sln:gmIdTeryt>1424043</sln:gmIdTeryt><sln:gmNazwa>Pułtusk</sln:gmNazwa><sln:miejscIIPId>dee03d56-504b-41ae-a487-703489be450b</sln:miejscIIPId><sln:miejscIIPPn>PL.PZGIK.200</sln:miejscIIPPn><sln:miejscIIPWersja>2016-11-24T13:54:02+02:00</sln:miejscIIPWersja><sln:miejscIdTeryt>0123056</sln:miejscIdTeryt><sln:miejscNazwa>Rapaty</sln:miejscNazwa><sln:miejscRodzaj>Inny obiekt</sln:miejscRodzaj><sln:powIIPId>05b6cec3-bcc8-4029-a0bc-99c40ff3c159</sln:powIIPId><sln:powIIPPn>PL.PZGIK.200</sln:powIIPPn><sln:powIIPWersja>2012-09-27T08:13:53+02:00</sln:powIIPWersja><sln:powIdTeryt>1424</sln:powIdTeryt><sln:powNazwa>pułtuski</sln:powNazwa><sln:wojIIPId>4b6c492a-eb04-441d-a92a-f44359c06de7</sln:wojIIPId><sln:wojIIPPn>PL.PZGIK.200</sln:wojIIPPn><sln:wojIIPWersja>2012-09-27T13:45:13+02:00</sln:wojIIPWersja><sln:wojIdTeryt>14</sln:wojIdTeryt><sln:wojNazwa>mazowieckie</sln:wojNazwa></sln:miejscowosc><sln:miejscowosc><sln:cyklZyciaDo>2016-11-26T00:00:00+01:00</sln:cyklZyciaDo><sln:cyklZyciaOd>2014-12-09T00:00:00+01:00</sln:cyklZyciaOd><sln:gmIIPId>0b4b3ee0-b7d0-4fe0-9a24-be055fbd7bfa</sln:gmIIPId><sln:gmIIPPn>PL.PZGIK.200</sln:gmIIPPn><sln:gmIIPWersja>2012-09-26T22:55:19+02:00</sln:gmIIPWersja><sln:gmIdTeryt>1424043</sln:gmIdTeryt><sln:gmNazwa>Pułtusk</sln:gmNazwa><sln:miejscIIPId>fb7cfc2c-9242-4408-8b96-6d911e44eca0</sln:miejscIIPId><sln:miejscIIPPn>PL.PZGIK.200</sln:miejscIIPPn><sln:miejscIIPWersja>2016-11-24T13:28:12+02:00</sln:miejscIIPWersja><sln:miejscIdTeryt>3002793</sln:miejscIdTeryt><sln:miejscNazwa>Kolonia Płocochowo</sln:miejscNazwa><sln:miejscRodzaj>Inny obiekt</sln:miejscRodzaj><sln:powIIPId>05b6cec3-bcc8-4029-a0bc-99c40ff3c159</sln:powIIPId><sln:powIIPPn>PL.PZGIK.200</sln:powIIPPn><sln:powIIPWersja>2012-09-27T08:13:53+02:00</sln:powIIPWersja><sln:powIdTeryt>1424</sln:powIdTeryt><sln:powNazwa>pułtuski</sln:powNazwa><sln:wojIIPId>4b6c492a-eb04-441d-a92a-f44359c06de7</sln:wojIIPId><sln:wojIIPPn>PL.PZGIK.200</sln:wojIIPPn><sln:wojIIPWersja>2012-09-27T13:45:13+02:00</sln:wojIIPWersja><sln:wojIdTeryt>14</sln:wojIdTeryt><sln:wojNazwa>mazowieckie</sln:wojNazwa></sln:miejscowosc><sln:miejscowosc><sln:cyklZyciaDo>2016-11-26T00:00:00+01:00</sln:cyklZyciaDo><sln:cyklZyciaOd>2014-12-09T00:00:00+01:00</sln:cyklZyciaOd><sln:gmIIPId>0b4b3ee0-b7d0-4fe0-9a24-be055fbd7bfa</sln:gmIIPId><sln:gmIIPPn>PL.PZGIK.200</sln:gmIIPPn><sln:gmIIPWersja>2012-09-26T22:55:19+02:00</sln:gmIIPWersja><sln:gmIdTeryt>1424043</sln:gmIdTeryt><sln:gmNazwa>Pułtusk</sln:gmNazwa><sln:miejscIIPId>61a53983-cb0f-4bef-a3cd-15ab2cf33029</sln:miejscIIPId><sln:miejscIIPPn>PL.PZGIK.200</sln:miejscIIPPn><sln:miejscIIPWersja>2016-11-24T13:59:00+02:00</sln:miejscIIPWersja><sln:miejscIdTeryt>0123205</sln:miejscIdTeryt><sln:miejscNazwa>Dworek</sln:miejscNazwa><sln:miejscRodzaj>Inny obiekt</sln:miejscRodzaj><sln:powIIPId>05b6cec3-bcc8-4029-a0bc-99c40ff3c159</sln:powIIPId><sln:powIIPPn>PL.PZGIK.200</sln:powIIPPn><sln:powIIPWersja>2012-09-27T08:13:53+02:00</sln:powIIPWersja><sln:powIdTeryt>1424</sln:powIdTeryt><sln:powNazwa>pułtuski</sln:powNazwa><sln:wojIIPId>4b6c492a-eb04-441d-a92a-f44359c06de7</sln:wojIIPId><sln:wojIIPPn>PL.PZGIK.200</sln:wojIIPPn><sln:wojIIPWersja>2012-09-27T13:45:13+02:00</sln:wojIIPWersja><sln:wojIdTeryt>14</sln:wojIdTeryt><sln:wojNazwa>mazowieckie</sln:wojNazwa></sln:miejscowosc><sln:miejscowosc><sln:cyklZyciaDo>2016-11-26T00:00:00+01:00</sln:cyklZyciaDo><sln:cyklZyciaOd>2014-12-09T00:00:00+01:00</sln:cyklZyciaOd><sln:gmIIPId>0b4b3ee0-b7d0-4fe0-9a24-be055fbd7bfa</sln:gmIIPId><sln:gmIIPPn>PL.PZGIK.200</sln:gmIIPPn><sln:gmIIPWersja>2012-09-26T22:55:19+02:00</sln:gmIIPWersja><sln:gmIdTeryt>1424043</sln:gmIdTeryt><sln:gmNazwa>Pułtusk</sln:gmNazwa><sln:miejscIIPId>da57e8e5-1986-4c74-9b7d-c6694593fd7e</sln:miejscIIPId><sln:miejscIIPPn>PL.PZGIK.200</sln:miejscIIPPn><sln:miejscIIPWersja>2016-11-24T13:41:48+02:00</sln:miejscIIPWersja><sln:miejscIdTeryt>3015574</sln:miejscIdTeryt><sln:miejscNazwa>Majorat</sln:miejscNazwa><sln:miejscRodzaj>Inny obiekt</sln:miejscRodzaj><sln:powIIPId>05b6cec3-bcc8-4029-a0bc-99c40ff3c159</sln:powIIPId><sln:powIIPPn>PL.PZGIK.200</sln:powIIPPn><sln:powIIPWersja>2012-09-27T08:13:53+02:00</sln:powIIPWersja><sln:powIdTeryt>1424</sln:powIdTeryt><sln:powNazwa>pułtuski</sln:powNazwa><sln:wojIIPId>4b6c492a-eb04-441d-a92a-f44359c06de7</sln:wojIIPId><sln:wojIIPPn>PL.PZGIK.200</sln:wojIIPPn><sln:wojIIPWersja>2012-09-27T13:45:13+02:00</sln:wojIIPWersja><sln:wojIdTeryt>14</sln:wojIdTeryt><sln:wojNazwa>mazowieckie</sln:wojNazwa></sln:miejscowosc><sln:miejscowosc><sln:cyklZyciaDo>2016-11-26T00:00:00+01:00</sln:cyklZyciaDo><sln:cyklZyciaOd>2014-12-09T00:00:00+01:00</sln:cyklZyciaOd><sln:gmIIPId>0b4b3ee0-b7d0-4fe0-9a24-be055fbd7bfa</sln:gmIIPId><sln:gmIIPPn>PL.PZGIK.200</sln:gmIIPPn><sln:gmIIPWersja>2012-09-26T22:55:19+02:00</sln:gmIIPWersja><sln:gmIdTeryt>1424043</sln:gmIdTeryt><sln:gmNazwa>Pułtusk</sln:gmNazwa><sln:miejscIIPId>d1615406-d1f4-431b-8382-976d3dc3cc8e</sln:miejscIIPId><sln:miejscIIPPn>PL.PZGIK.200</sln:miejscIIPPn><sln:miejscIIPWersja>2016-11-24T13:35:32+02:00</sln:miejscIIPWersja><sln:miejscIdTeryt>0123062</sln:miejscIdTeryt><sln:miejscNazwa>Grabówiec</sln:miejscNazwa><sln:miejscRodzaj>Wieś</sln:miejscRodzaj><sln:powIIPId>05b6cec3-bcc8-4029-a0bc-99c40ff3c159</sln:powIIPId><sln:powIIPPn>PL.PZGIK.200</sln:powIIPPn><sln:powIIPWersja>2012-09-27T08:13:53+02:00</sln:powIIPWersja><sln:powIdTeryt>1424</sln:powIdTeryt><sln:powNazwa>pułtuski</sln:powNazwa><sln:wojIIPId>4b6c492a-eb04-441d-a92a-f44359c06de7</sln:wojIIPId><sln:wojIIPPn>PL.PZGIK.200</sln:wojIIPPn><sln:wojIIPWersja>2012-09-27T13:45:13+02:00</sln:wojIIPWersja><sln:wojIdTeryt>14</sln:wojIdTeryt><sln:wojNazwa>mazowieckie</sln:wojNazwa></sln:miejscowosc><sln:miejscowosc><sln:cyklZyciaDo>2016-11-26T00:00:00+01:00</sln:cyklZyciaDo><sln:cyklZyciaOd>2014-12-09T00:00:00+01:00</sln:cyklZyciaOd><sln:gmIIPId>0b4b3ee0-b7d0-4fe0-9a24-be055fbd7bfa</sln:gmIIPId><sln:gmIIPPn>PL.PZGIK.200</sln:gmIIPPn><sln:gmIIPWersja>2012-09-26T22:55:19+02:00</sln:gmIIPWersja><sln:gmIdTeryt>1424043</sln:gmIdTeryt><sln:gmNazwa>Pułtusk</sln:gmNazwa><sln:miejscIIPId>ba0db969-3fc7-49ef-938e-ce462e0aa461</sln:miejscIIPId><sln:miejscIIPPn>PL.PZGIK.200</sln:miejscIIPPn><sln:miejscIIPWersja>2016-11-24T13:43:53+02:00</sln:miejscIIPWersja><sln:miejscIdTeryt>0123197</sln:miejscIdTeryt><sln:miejscNazwa>Olszak</sln:miejscNazwa><sln:miejscRodzaj>Wieś</sln:miejscRodzaj><sln:powIIPId>05b6cec3-bcc8-4029-a0bc-99c40ff3c159</sln:powIIPId><sln:powIIPPn>PL.PZGIK.200</sln:powIIPPn><sln:powIIPWersja>2012-09-27T08:13:53+02:00</sln:powIIPWersja><sln:powIdTeryt>1424</sln:powIdTeryt><sln:powNazwa>pułtuski</sln:powNazwa><sln:wojIIPId>4b6c492a-eb04-441d-a92a-f44359c06de7</sln:wojIIPId><sln:wojIIPPn>PL.PZGIK.200</sln:wojIIPPn><sln:wojIIPWersja>2012-09-27T13:45:13+02:00</sln:wojIIPWersja><sln:wojIdTeryt>14</sln:wojIdTeryt><sln:wojNazwa>mazowieckie</sln:wojNazwa></sln:miejscowosc><sln:miejscowosc><sln:cyklZyciaDo>2016-11-26T00:00:00+01:00</sln:cyklZyciaDo><sln:cyklZyciaOd>2014-12-09T00:00:00+01:00</sln:cyklZyciaOd><sln:gmIIPId>0b4b3ee0-b7d0-4fe0-9a24-be055fbd7bfa</sln:gmIIPId><sln:gmIIPPn>PL.PZGIK.200</sln:gmIIPPn><sln:gmIIPWersja>2012-09-26T22:55:19+02:00</sln:gmIIPWersja><sln:gmIdTeryt>1424043</sln:gmIdTeryt><sln:gmNazwa>Pułtusk</sln:gmNazwa><sln:miejscIIPId>e47086f7-5df9-449e-8736-154f69084ad9</sln:miejscIIPId><sln:miejscIIPPn>PL.PZGIK.200</sln:miejscIIPPn><sln:miejscIIPWersja>2016-11-24T13:38:00+02:00</sln:miejscIIPWersja><sln:miejscIdTeryt>0123079</sln:miejscIdTeryt><sln:miejscNazwa>Gromin</sln:miejscNazwa><sln:miejscRodzaj>Wieś</sln:miejscRodzaj><sln:powIIPId>05b6cec3-bcc8-4029-a0bc-99c40ff3c159</sln:powIIPId><sln:powIIPPn>PL.PZGIK.200</sln:powIIPPn><sln:powIIPWersja>2012-09-27T08:13:53+02:00</sln:powIIPWersja><sln:powIdTeryt>1424</sln:powIdTeryt><sln:powNazwa>pułtuski</sln:powNazwa><sln:wojIIPId>4b6c492a-eb04-441d-a92a-f44359c06de7</sln:wojIIPId><sln:wojIIPPn>PL.PZGIK.200</sln:wojIIPPn><sln:wojIIPWersja>2012-09-27T13:45:13+02:00</sln:wojIIPWersja><sln:wojIdTeryt>14</sln:wojIdTeryt><sln:wojNazwa>mazowieckie</sln:wojNazwa></sln:miejscowosc><sln:miejscowosc><sln:cyklZyciaDo>2016-11-26T00:00:00+01:00</sln:cyklZyciaDo><sln:cyklZyciaOd>2014-12-09T00:00:00+01:00</sln:cyklZyciaOd><sln:gmIIPId>0b4b3ee0-b7d0-4fe0-9a24-be055fbd7bfa</sln:gmIIPId><sln:gmIIPPn>PL.PZGIK.200</sln:gmIIPPn><sln:gmIIPWersja>2012-09-26T22:55:19+02:00</sln:gmIIPWersja><sln:gmIdTeryt>1424043</sln:gmIdTeryt><sln:gmNazwa>Pułtusk</sln:gmNazwa><sln:miejscIIPId>7b4a405e-3f18-44e9-883c-4653f4dba5bc</sln:miejscIIPId><sln:miejscIIPPn>PL.PZGIK.200</sln:miejscIIPPn><sln:miejscIIPWersja>2016-11-24T13:32:30+02:00</sln:miejscIIPWersja><sln:miejscIdTeryt>0123292</sln:miejscIdTeryt><sln:miejscNazwa>Trzciniec</sln:miejscNazwa><sln:miejscRodzaj>Wieś</sln:miejscRodzaj><sln:powIIPId>05b6cec3-bcc8-4029-a0bc-99c40ff3c159</sln:powIIPId><sln:powIIPPn>PL.PZGIK.200</sln:powIIPPn><sln:powIIPWersja>2012-09-27T08:13:53+02:00</sln:powIIPWersja><sln:powIdTeryt>1424</sln:powIdTeryt><sln:powNazwa>pułtuski</sln:powNazwa><sln:wojIIPId>4b6c492a-eb04-441d-a92a-f44359c06de7</sln:wojIIPId><sln:wojIIPPn>PL.PZGIK.200</sln:wojIIPPn><sln:wojIIPWersja>2012-09-27T13:45:13+02:00</sln:wojIIPWersja><sln:wojIdTeryt>14</sln:wojIdTeryt><sln:wojNazwa>mazowieckie</sln:wojNazwa></sln:miejscowosc><sln:miejscowosc><sln:cyklZyciaDo>2016-11-26T00:00:00+01:00</sln:cyklZyciaDo><sln:cyklZyciaOd>2014-12-09T00:00:00+01:00</sln:cyklZyciaOd><sln:gmIIPId>0b4b3ee0-b7d0-4fe0-9a24-be055fbd7bfa</sln:gmIIPId><sln:gmIIPPn>PL.PZGIK.200</sln:gmIIPPn><sln:gmIIPWersja>2012-09-26T22:55:19+02:00</sln:gmIIPWersja><sln:gmIdTeryt>1424043</sln:gmIdTeryt><sln:gmNazwa>Pułtusk</sln:gmNazwa><sln:miejscIIPId>4537914f-fed1-4631-991f-42b27150044a</sln:miejscIIPId><sln:miejscIIPPn>PL.PZGIK.200</sln:miejscIIPPn><sln:miejscIIPWersja>2016-11-24T13:28:46+02:00</sln:miejscIIPWersja><sln:miejscIdTeryt>0123257</sln:miejscIdTeryt><sln:miejscNazwa>Ponikiew</sln:miejscNazwa><sln:miejscRodzaj>Wieś</sln:miejscRodzaj><sln:powIIPId>05b6cec3-bcc8-4029-a0bc-99c40ff3c159</sln:powIIPId><sln:powIIPPn>PL.PZGIK.200</sln:powIIPPn><sln:powIIPWersja>2012-09-27T08:13:53+02:00</sln:powIIPWersja><sln:powIdTeryt>1424</sln:powIdTeryt><sln:powNazwa>pułtuski</sln:powNazwa><sln:wojIIPId>4b6c492a-eb04-441d-a92a-f44359c06de7</sln:wojIIPId><sln:wojIIPPn>PL.PZGIK.200</sln:wojIIPPn><sln:wojIIPWersja>2012-09-27T13:45:13+02:00</sln:wojIIPWersja><sln:wojIdTeryt>14</sln:wojIdTeryt><sln:wojNazwa>mazowieckie</sln:wojNazwa></sln:miejscowosc><sln:miejscowosc><sln:cyklZyciaDo>2016-11-26T00:00:00+01:00</sln:cyklZyciaDo><sln:cyklZyciaOd>2014-12-09T00:00:00+01:00</sln:cyklZyciaOd><sln:gmIIPId>0b4b3ee0-b7d0-4fe0-9a24-be055fbd7bfa</sln:gmIIPId><sln:gmIIPPn>PL.PZGIK.200</sln:gmIIPPn><sln:gmIIPWersja>2012-09-26T22:55:19+02:00</sln:gmIIPWersja><sln:gmIdTeryt>1424043</sln:gmIdTeryt><sln:gmNazwa>Pułtusk</sln:gmNazwa><sln:miejscIIPId>0549e674-9dd5-4503-af45-a946180d7c54</sln:miejscIIPId><sln:miejscIIPPn>PL.PZGIK.200</sln:miejscIIPPn><sln:miejscIIPWersja>2016-11-24T13:35:49+02:00</sln:miejscIIPWersja><sln:miejscIdTeryt>0523985</sln:miejscIdTeryt><sln:miejscNazwa>Lemany-Nadleśnictwo</sln:miejscNazwa><sln:miejscRodzaj>Leśniczówka</sln:miejscRodzaj><sln:powIIPId>05b6cec3-bcc8-4029-a0bc-99c40ff3c159</sln:powIIPId><sln:powIIPPn>PL.PZGIK.200</sln:powIIPPn><sln:powIIPWersja>2012-09-27T08:13:53+02:00</sln:powIIPWersja><sln:powIdTeryt>1424</sln:powIdTeryt><sln:powNazwa>pułtuski</sln:powNazwa><sln:wojIIPId>4b6c492a-eb04-441d-a92a-f44359c06de7</sln:wojIIPId><sln:wojIIPPn>PL.PZGIK.200</sln:wojIIPPn><sln:wojIIPWersja>2012-09-27T13:45:13+02:00</sln:wojIIPWersja><sln:wojIdTeryt>14</sln:wojIdTeryt><sln:wojNazwa>mazowieckie</sln:wojNazwa></sln:miejscowosc><sln:miejscowosc><sln:cyklZyciaDo>2016-11-26T00:00:00+01:00</sln:cyklZyciaDo><sln:cyklZyciaOd>2014-12-09T00:00:00+01:00</sln:cyklZyciaOd><sln:gmIIPId>0b4b3ee0-b7d0-4fe0-9a24-be055fbd7bfa</sln:gmIIPId><sln:gmIIPPn>PL.PZGIK.200</sln:gmIIPPn><sln:gmIIPWersja>2012-09-26T22:55:19+02:00</sln:gmIIPWersja><sln:gmIdTeryt>1424043</sln:gmIdTeryt><sln:gmNazwa>Pułtusk</sln:gmNazwa><sln:miejscIIPId>263ced53-bac1-4e3f-ac1b-7e04e3cd582c</sln:miejscIIPId><sln:miejscIIPPn>PL.PZGIK.200</sln:miejscIIPPn><sln:miejscIIPWersja>2016-11-24T13:28:13+02:00</sln:miejscIIPWersja><sln:miejscIdTeryt>0123234</sln:miejscIdTeryt><sln:miejscNazwa>Płocochowo</sln:miejscNazwa><sln:miejscRodzaj>Wieś</sln:miejscRodzaj><sln:powIIPId>05b6cec3-bcc8-4029-a0bc-99c40ff3c159</sln:powIIPId><sln:powIIPPn>PL.PZGIK.200</sln:powIIPPn><sln:powIIPWersja>2012-09-27T08:13:53+02:00</sln:powIIPWersja><sln:powIdTeryt>1424</sln:powIdTeryt><sln:powNazwa>pułtuski</sln:powNazwa><sln:wojIIPId>4b6c492a-eb04-441d-a92a-f44359c06de7</sln:wojIIPId><sln:wojIIPPn>PL.PZGIK.200</sln:wojIIPPn><sln:wojIIPWersja>2012-09-27T13:45:13+02:00</sln:wojIIPWersja><sln:wojIdTeryt>14</sln:wojIdTeryt><sln:wojNazwa>mazowieckie</sln:wojNazwa></sln:miejscowosc><sln:miejscowosc><sln:cyklZyciaDo>2016-11-26T00:00:00+01:00</sln:cyklZyciaDo><sln:cyklZyciaOd>2014-12-09T00:00:00+01:00</sln:cyklZyciaOd><sln:gmIIPId>0b4b3ee0-b7d0-4fe0-9a24-be055fbd7bfa</sln:gmIIPId><sln:gmIIPPn>PL.PZGIK.200</sln:gmIIPPn><sln:gmIIPWersja>2012-09-26T22:55:19+02:00</sln:gmIIPWersja><sln:gmIdTeryt>1424043</sln:gmIdTeryt><sln:gmNazwa>Pułtusk</sln:gmNazwa><sln:miejscIIPId>68741135-3318-4a39-be8f-74920b7b4b47</sln:miejscIIPId><sln:miejscIIPPn>PL.PZGIK.200</sln:miejscIIPPn><sln:miejscIIPWersja>2016-11-24T13:38:58+02:00</sln:miejscIIPWersja><sln:miejscIdTeryt>0123100</sln:miejscIdTeryt><sln:miejscNazwa>Kacice</sln:miejscNazwa><sln:miejscRodzaj>Wieś</sln:miejscRodzaj><sln:powIIPId>05b6cec3-bcc8-4029-a0bc-99c40ff3c159</sln:powIIPId><sln:powIIPPn>PL.PZGIK.200</sln:powIIPPn><sln:powIIPWersja>2012-09-27T08:13:53+02:00</sln:powIIPWersja><sln:powIdTeryt>1424</sln:powIdTeryt><sln:powNazwa>pułtuski</sln:powNazwa><sln:wojIIPId>4b6c492a-eb04-441d-a92a-f44359c06de7</sln:wojIIPId><sln:wojIIPPn>PL.PZGIK.200</sln:wojIIPPn><sln:wojIIPWersja>2012-09-27T13:45:13+02:00</sln:wojIIPWersja><sln:wojIdTeryt>14</sln:wojIdTeryt><sln:wojNazwa>mazowieckie</sln:wojNazwa></sln:miejscowosc><sln:miejscowosc><sln:cyklZyciaDo>2016-11-26T00:00:00+01:00</sln:cyklZyciaDo><sln:cyklZyciaOd>2014-12-09T00:00:00+01:00</sln:cyklZyciaOd><sln:gmIIPId>0b4b3ee0-b7d0-4fe0-9a24-be055fbd7bfa</sln:gmIIPId><sln:gmIIPPn>PL.PZGIK.200</sln:gmIIPPn><sln:gmIIPWersja>2012-09-26T22:55:19+02:00</sln:gmIIPWersja><sln:gmIdTeryt>1424043</sln:gmIdTeryt><sln:gmNazwa>Pułtusk</sln:gmNazwa><sln:miejscIIPId>0859a66f-d474-4a1e-8452-542e047e084e</sln:miejscIIPId><sln:miejscIIPPn>PL.PZGIK.200</sln:miejscIIPPn><sln:miejscIIPWersja>2016-11-24T13:37:24+02:00</sln:miejscIIPWersja><sln:miejscIdTeryt>0123040</sln:miejscIdTeryt><sln:miejscNazwa>Gnojno</sln:miejscNazwa><sln:miejscRodzaj>Wieś</sln:miejscRodzaj><sln:powIIPId>05b6cec3-bcc8-4029-a0bc-99c40ff3c159</sln:powIIPId><sln:powIIPPn>PL.PZGIK.200</sln:powIIPPn><sln:powIIPWersja>2012-09-27T08:13:53+02:00</sln:powIIPWersja><sln:powIdTeryt>1424</sln:powIdTeryt><sln:powNazwa>pułtuski</sln:powNazwa><sln:wojIIPId>4b6c492a-eb04-441d-a92a-f44359c06de7</sln:wojIIPId><sln:wojIIPPn>PL.PZGIK.200</sln:wojIIPPn><sln:wojIIPWersja>2012-09-27T13:45:13+02:00</sln:wojIIPWersja><sln:wojIdTeryt>14</sln:wojIdTeryt><sln:wojNazwa>mazowieckie</sln:wojNazwa></sln:miejscowosc><sln:miejscowosc><sln:cyklZyciaDo>2016-11-26T00:00:00+01:00</sln:cyklZyciaDo><sln:cyklZyciaOd>2014-12-09T00:00:00+01:00</sln:cyklZyciaOd><sln:gmIIPId>0b4b3ee0-b7d0-4fe0-9a24-be055fbd7bfa</sln:gmIIPId><sln:gmIIPPn>PL.PZGIK.200</sln:gmIIPPn><sln:gmIIPWersja>2012-09-26T22:55:19+02:00</sln:gmIIPWersja><sln:gmIdTeryt>1424043</sln:gmIdTeryt><sln:gmNazwa>Pułtusk</sln:gmNazwa><sln:miejscIIPId>ebe8ee4b-95e4-4e09-b868-8bdb3c22ef8f</sln:miejscIIPId><sln:miejscIIPPn>PL.PZGIK.200</sln:miejscIIPPn><sln:miejscIIPWersja>2016-11-24T13:29:23+02:00</sln:miejscIIPWersja><sln:miejscIdTeryt>0930816</sln:miejscIdTeryt><sln:miejscNazwa>Pułtusk</sln:miejscNazwa><sln:miejscRodzaj>Miasto</sln:miejscRodzaj><sln:powIIPId>05b6cec3-bcc8-4029-a0bc-99c40ff3c159</sln:powIIPId><sln:powIIPPn>PL.PZGIK.200</sln:powIIPPn><sln:powIIPWersja>2012-09-27T08:13:53+02:00</sln:powIIPWersja><sln:powIdTeryt>1424</sln:powIdTeryt><sln:powNazwa>pułtuski</sln:powNazwa><sln:wojIIPId>4b6c492a-eb04-441d-a92a-f44359c06de7</sln:wojIIPId><sln:wojIIPPn>PL.PZGIK.200</sln:wojIIPPn><sln:wojIIPWersja>2012-09-27T13:45:13+02:00</sln:wojIIPWersja><sln:wojIdTeryt>14</sln:wojIdTeryt><sln:wojNazwa>mazowieckie</sln:wojNazwa></sln:miejscowosc><sln:miejscowosc><sln:cyklZyciaDo>2016-11-26T00:00:00+01:00</sln:cyklZyciaDo><sln:cyklZyciaOd>2014-12-09T00:00:00+01:00</sln:cyklZyciaOd><sln:gmIIPId>0b4b3ee0-b7d0-4fe0-9a24-be055fbd7bfa</sln:gmIIPId><sln:gmIIPPn>PL.PZGIK.200</sln:gmIIPPn><sln:gmIIPWersja>2012-09-26T22:55:19+02:00</sln:gmIIPWersja><sln:gmIdTeryt>1424043</sln:gmIdTeryt><sln:gmNazwa>Pułtusk</sln:gmNazwa><sln:miejscIIPId>f82e0bd7-f969-45c0-aa60-7f7c2b2d0c12</sln:miejscIIPId><sln:miejscIIPPn>PL.PZGIK.200</sln:miejscIIPPn><sln:miejscIIPWersja>2016-11-24T13:34:13+02:00</sln:miejscIIPWersja><sln:miejscIdTeryt>0123300</sln:miejscIdTeryt><sln:miejscNazwa>Zakręt</sln:miejscNazwa><sln:miejscRodzaj>Wieś</sln:miejscRodzaj><sln:powIIPId>05b6cec3-bcc8-4029-a0bc-99c40ff3c159</sln:powIIPId><sln:powIIPPn>PL.PZGIK.200</sln:powIIPPn><sln:powIIPWersja>2012-09-27T08:13:53+02:00</sln:powIIPWersja><sln:powIdTeryt>1424</sln:powIdTeryt><sln:powNazwa>pułtuski</sln:powNazwa><sln:wojIIPId>4b6c492a-eb04-441d-a92a-f44359c06de7</sln:wojIIPId><sln:wojIIPPn>PL.PZGIK.200</sln:wojIIPPn><sln:wojIIPWersja>2012-09-27T13:45:13+02:00</sln:wojIIPWersja><sln:wojIdTeryt>14</sln:wojIdTeryt><sln:wojNazwa>mazowieckie</sln:wojNazwa></sln:miejscowosc><sln:miejscowosc><sln:cyklZyciaDo>2016-11-26T00:00:00+01:00</sln:cyklZyciaDo><sln:cyklZyciaOd>2014-12-09T00:00:00+01:00</sln:cyklZyciaOd><sln:gmIIPId>0b4b3ee0-b7d0-4fe0-9a24-be055fbd7bfa</sln:gmIIPId><sln:gmIIPPn>PL.PZGIK.200</sln:gmIIPPn><sln:gmIIPWersja>2012-09-26T22:55:19+02:00</sln:gmIIPWersja><sln:gmIdTeryt>1424043</sln:gmIdTeryt><sln:gmNazwa>Pułtusk</sln:gmNazwa><sln:miejscIIPId>d881d9ce-3599-4bca-bf10-3c2a9f282486</sln:miejscIIPId><sln:miejscIIPPn>PL.PZGIK.200</sln:miejscIIPPn><sln:miejscIIPWersja>2016-11-24T13:30:47+02:00</sln:miejscIIPWersja><sln:miejscIdTeryt>3006056</sln:miejscIdTeryt><sln:miejscNazwa>Budy</sln:miejscNazwa><sln:miejscRodzaj>Inny obiekt</sln:miejscRodzaj><sln:powIIPId>05b6cec3-bcc8-4029-a0bc-99c40ff3c159</sln:powIIPId><sln:powIIPPn>PL.PZGIK.200</sln:powIIPPn><sln:powIIPWersja>2012-09-27T08:13:53+02:00</sln:powIIPWersja><sln:powIdTeryt>1424</sln:powIdTeryt><sln:powNazwa>pułtuski</sln:powNazwa><sln:wojIIPId>4b6c492a-eb04-441d-a92a-f44359c06de7</sln:wojIIPId><sln:wojIIPPn>PL.PZGIK.200</sln:wojIIPPn><sln:wojIIPWersja>2012-09-27T13:45:13+02:00</sln:wojIIPWersja><sln:wojIdTeryt>14</sln:wojIdTeryt><sln:wojNazwa>mazowieckie</sln:wojNazwa></sln:miejscowosc><sln:miejscowosc><sln:cyklZyciaDo>2016-11-26T00:00:00+01:00</sln:cyklZyciaDo><sln:cyklZyciaOd>2014-12-09T00:00:00+01:00</sln:cyklZyciaOd><sln:gmIIPId>0b4b3ee0-b7d0-4fe0-9a24-be055fbd7bfa</sln:gmIIPId><sln:gmIIPPn>PL.PZGIK.200</sln:gmIIPPn><sln:gmIIPWersja>2012-09-26T22:55:19+02:00</sln:gmIIPWersja><sln:gmIdTeryt>1424043</sln:gmIdTeryt><sln:gmNazwa>Pułtusk</sln:gmNazwa><sln:miejscIIPId>9fca86d4-c5e5-481f-8c62-341d2cb8e44b</sln:miejscIIPId><sln:miejscIIPPn>PL.PZGIK.200</sln:miejscIIPPn><sln:miejscIIPWersja>2016-11-24T13:39:32+02:00</sln:miejscIIPWersja><sln:miejscIdTeryt>3014104</sln:miejscIdTeryt><sln:miejscNazwa>Biele</sln:miejscNazwa><sln:miejscRodzaj>Inny obiekt</sln:miejscRodzaj><sln:powIIPId>05b6cec3-bcc8-4029-a0bc-99c40ff3c159</sln:powIIPId><sln:powIIPPn>PL.PZGIK.200</sln:powIIPPn><sln:powIIPWersja>2012-09-27T08:13:53+02:00</sln:powIIPWersja><sln:powIdTeryt>1424</sln:powIdTeryt><sln:powNazwa>pułtuski</sln:powNazwa><sln:wojIIPId>4b6c492a-eb04-441d-a92a-f44359c06de7</sln:wojIIPId><sln:wojIIPPn>PL.PZGIK.200</sln:wojIIPPn><sln:wojIIPWersja>2012-09-27T13:45:13+02:00</sln:wojIIPWersja><sln:wojIdTeryt>14</sln:wojIdTeryt><sln:wojNazwa>mazowieckie</sln:wojNazwa></sln:miejscowosc><sln:miejscowosc><sln:cyklZyciaDo>2016-11-26T00:00:00+01:00</sln:cyklZyciaDo><sln:cyklZyciaOd>2014-12-09T00:00:00+01:00</sln:cyklZyciaOd><sln:gmIIPId>0b4b3ee0-b7d0-4fe0-9a24-be055fbd7bfa</sln:gmIIPId><sln:gmIIPPn>PL.PZGIK.200</sln:gmIIPPn><sln:gmIIPWersja>2012-09-26T22:55:19+02:00</sln:gmIIPWersja><sln:gmIdTeryt>1424043</sln:gmIdTeryt><sln:gmNazwa>Pułtusk</sln:gmNazwa><sln:miejscIIPId>c6688cb2-7654-4d1c-822d-24e6197404ee</sln:miejscIIPId><sln:miejscIIPPn>PL.PZGIK.200</sln:miejscIIPPn><sln:miejscIIPWersja>2016-11-24T13:37:23+02:00</sln:miejscIIPWersja><sln:miejscIdTeryt>0123033</sln:miejscIdTeryt><sln:miejscNazwa>Głodowo</sln:miejscNazwa><sln:miejscRodzaj>Wieś</sln:miejscRodzaj><sln:powIIPId>05b6cec3-bcc8-4029-a0bc-99c40ff3c159</sln:powIIPId><sln:powIIPPn>PL.PZGIK.200</sln:powIIPPn><sln:powIIPWersja>2012-09-27T08:13:53+02:00</sln:powIIPWersja><sln:powIdTeryt>1424</sln:powIdTeryt><sln:powNazwa>pułtuski</sln:powNazwa><sln:wojIIPId>4b6c492a-eb04-441d-a92a-f44359c06de7</sln:wojIIPId><sln:wojIIPPn>PL.PZGIK.200</sln:wojIIPPn><sln:wojIIPWersja>2012-09-27T13:45:13+02:00</sln:wojIIPWersja><sln:wojIdTeryt>14</sln:wojIdTeryt><sln:wojNazwa>mazowieckie</sln:wojNazwa></sln:miejscowosc><sln:miejscowosc><sln:cyklZyciaDo>2016-11-26T00:00:00+01:00</sln:cyklZyciaDo><sln:cyklZyciaOd>2014-12-09T00:00:00+01:00</sln:cyklZyciaOd><sln:gmIIPId>0b4b3ee0-b7d0-4fe0-9a24-be055fbd7bfa</sln:gmIIPId><sln:gmIIPPn>PL.PZGIK.200</sln:gmIIPPn><sln:gmIIPWersja>2012-09-26T22:55:19+02:00</sln:gmIIPWersja><sln:gmIdTeryt>1424043</sln:gmIdTeryt><sln:gmNazwa>Pułtusk</sln:gmNazwa><sln:miejscIIPId>3eb19874-82be-48f2-8390-1e3b93ec627d</sln:miejscIIPId><sln:miejscIIPPn>PL.PZGIK.200</sln:miejscIIPPn><sln:miejscIIPWersja>2016-11-24T13:44:30+02:00</sln:miejscIIPWersja><sln:miejscIdTeryt>0123228</sln:miejscIdTeryt><sln:miejscNazwa>Pawłówek</sln:miejscNazwa><sln:miejscRodzaj>Wieś</sln:miejscRodzaj><sln:powIIPId>05b6cec3-bcc8-4029-a0bc-99c40ff3c159</sln:powIIPId><sln:powIIPPn>PL.PZGIK.200</sln:powIIPPn><sln:powIIPWersja>2012-09-27T08:13:53+02:00</sln:powIIPWersja><sln:powIdTeryt>1424</sln:powIdTeryt><sln:powNazwa>pułtuski</sln:powNazwa><sln:wojIIPId>4b6c492a-eb04-441d-a92a-f44359c06de7</sln:wojIIPId><sln:wojIIPPn>PL.PZGIK.200</sln:wojIIPPn><sln:wojIIPWersja>2012-09-27T13:45:13+02:00</sln:wojIIPWersja><sln:wojIdTeryt>14</sln:wojIdTeryt><sln:wojNazwa>mazowieckie</sln:wojNazwa></sln:miejscowosc><sln:miejscowosc><sln:cyklZyciaDo>2016-11-26T00:00:00+01:00</sln:cyklZyciaDo><sln:cyklZyciaOd>2014-12-09T00:00:00+01:00</sln:cyklZyciaOd><sln:gmIIPId>0b4b3ee0-b7d0-4fe0-9a24-be055fbd7bfa</sln:gmIIPId><sln:gmIIPPn>PL.PZGIK.200</sln:gmIIPPn><sln:gmIIPWersja>2012-09-26T22:55:19+02:00</sln:gmIIPWersja><sln:gmIdTeryt>1424043</sln:gmIdTeryt><sln:gmNazwa>Pułtusk</sln:gmNazwa><sln:miejscIIPId>5e77dc30-6301-4987-842c-c1d7ae28f0d8</sln:miejscIIPId><sln:miejscIIPPn>PL.PZGIK.200</sln:miejscIIPPn><sln:miejscIIPWersja>2016-11-24T13:41:12+02:00</sln:miejscIIPWersja><sln:miejscIdTeryt>0123180</sln:miejscIdTeryt><sln:miejscNazwa>Lipniki Nowe</sln:miejscNazwa><sln:miejscRodzaj>Wieś</sln:miejscRodzaj><sln:powIIPId>05b6cec3-bcc8-4029-a0bc-99c40ff3c159</sln:powIIPId><sln:powIIPPn>PL.PZGIK.200</sln:powIIPPn><sln:powIIPWersja>2012-09-27T08:13:53+02:00</sln:powIIPWersja><sln:powIdTeryt>1424</sln:powIdTeryt><sln:powNazwa>pułtuski</sln:powNazwa><sln:wojIIPId>4b6c492a-eb04-441d-a92a-f44359c06de7</sln:wojIIPId><sln:wojIIPPn>PL.PZGIK.200</sln:wojIIPPn><sln:wojIIPWersja>2012-09-27T13:45:13+02:00</sln:wojIIPWersja><sln:wojIdTeryt>14</sln:wojIdTeryt><sln:wojNazwa>mazowieckie</sln:wojNazwa></sln:miejscowosc><sln:miejscowosc><sln:cyklZyciaDo>2016-11-26T00:00:00+01:00</sln:cyklZyciaDo><sln:cyklZyciaOd>2014-12-09T00:00:00+01:00</sln:cyklZyciaOd><sln:gmIIPId>0b4b3ee0-b7d0-4fe0-9a24-be055fbd7bfa</sln:gmIIPId><sln:gmIIPPn>PL.PZGIK.200</sln:gmIIPPn><sln:gmIIPWersja>2012-09-26T22:55:19+02:00</sln:gmIIPWersja><sln:gmIdTeryt>1424043</sln:gmIdTeryt><sln:gmNazwa>Pułtusk</sln:gmNazwa><sln:miejscIIPId>a4454169-0053-4588-acaa-bdb2c7994d0e</sln:miejscIIPId><sln:miejscIIPPn>PL.PZGIK.200</sln:miejscIIPPn><sln:miejscIIPWersja>2016-11-24T13:31:11+02:00</sln:miejscIIPWersja><sln:miejscIdTeryt>3006351</sln:miejscIdTeryt><sln:miejscNazwa>Stara Wieś</sln:miejscNazwa><sln:miejscRodzaj>Inny obiekt</sln:miejscRodzaj><sln:powIIPId>05b6cec3-bcc8-4029-a0bc-99c40ff3c159</sln:powIIPId><sln:powIIPPn>PL.PZGIK.200</sln:powIIPPn><sln:powIIPWersja>2012-09-27T08:13:53+02:00</sln:powIIPWersja><sln:powIdTeryt>1424</sln:powIdTeryt><sln:powNazwa>pułtuski</sln:powNazwa><sln:wojIIPId>4b6c492a-eb04-441d-a92a-f44359c06de7</sln:wojIIPId><sln:wojIIPPn>PL.PZGIK.200</sln:wojIIPPn><sln:wojIIPWersja>2012-09-27T13:45:13+02:00</sln:wojIIPWersja><sln:wojIdTeryt>14</sln:wojIdTeryt><sln:wojNazwa>mazowieckie</sln:wojNazwa></sln:miejscowosc><sln:miejscowosc><sln:cyklZyciaDo>2016-11-26T00:00:00+01:00</sln:cyklZyciaDo><sln:cyklZyciaOd>2014-12-09T00:00:00+01:00</sln:cyklZyciaOd><sln:gmIIPId>0b4b3ee0-b7d0-4fe0-9a24-be055fbd7bfa</sln:gmIIPId><sln:gmIIPPn>PL.PZGIK.200</sln:gmIIPPn><sln:gmIIPWersja>2012-09-26T22:55:19+02:00</sln:gmIIPWersja><sln:gmIdTeryt>1424043</sln:gmIdTeryt><sln:gmNazwa>Pułtusk</sln:gmNazwa><sln:miejscIIPId>1498d015-3e54-4341-aa20-29a3469bec68</sln:miejscIIPId><sln:miejscIIPPn>PL.PZGIK.200</sln:miejscIIPPn><sln:miejscIIPWersja>2016-11-24T13:45:56+02:00</sln:miejscIIPWersja><sln:miejscIdTeryt>0930822</sln:miejscIdTeryt><sln:miejscNazwa>Popławy</sln:miejscNazwa><sln:miejscRodzaj>Inny obiekt</sln:miejscRodzaj><sln:powIIPId>05b6cec3-bcc8-4029-a0bc-99c40ff3c159</sln:powIIPId><sln:powIIPPn>PL.PZGIK.200</sln:powIIPPn><sln:powIIPWersja>2012-09-27T08:13:53+02:00</sln:powIIPWersja><sln:powIdTeryt>1424</sln:powIdTeryt><sln:powNazwa>pułtuski</sln:powNazwa><sln:wojIIPId>4b6c492a-eb04-441d-a92a-f44359c06de7</sln:wojIIPId><sln:wojIIPPn>PL.PZGIK.200</sln:wojIIPPn><sln:wojIIPWersja>2012-09-27T13:45:13+02:00</sln:wojIIPWersja><sln:wojIdTeryt>14</sln:wojIdTeryt><sln:wojNazwa>mazowieckie</sln:wojNazwa></sln:miejscowosc><sln:miejscowosc><sln:cyklZyciaDo>2016-11-26T00:00:00+01:00</sln:cyklZyciaDo><sln:cyklZyciaOd>2014-12-09T00:00:00+01:00</sln:cyklZyciaOd><sln:gmIIPId>0b4b3ee0-b7d0-4fe0-9a24-be055fbd7bfa</sln:gmIIPId><sln:gmIIPPn>PL.PZGIK.200</sln:gmIIPPn><sln:gmIIPWersja>2012-09-26T22:55:19+02:00</sln:gmIIPWersja><sln:gmIdTeryt>1424043</sln:gmIdTeryt><sln:gmNazwa>Pułtusk</sln:gmNazwa><sln:miejscIIPId>9bd95228-8a68-407b-ab30-92d76435c7a8</sln:miejscIIPId><sln:miejscIIPPn>PL.PZGIK.200</sln:miejscIIPPn><sln:miejscIIPWersja>2016-11-24T13:45:57+02:00</sln:miejscIIPWersja><sln:miejscIdTeryt>0515388</sln:miejscIdTeryt><sln:miejscNazwa>Pułtusk-Nadleśnictwo</sln:miejscNazwa><sln:miejscRodzaj>Inny obiekt</sln:miejscRodzaj><sln:powIIPId>05b6cec3-bcc8-4029-a0bc-99c40ff3c159</sln:powIIPId><sln:powIIPPn>PL.PZGIK.200</sln:powIIPPn><sln:powIIPWersja>2012-09-27T08:13:53+02:00</sln:powIIPWersja><sln:powIdTeryt>1424</sln:powIdTeryt><sln:powNazwa>pułtuski</sln:powNazwa><sln:wojIIPId>4b6c492a-eb04-441d-a92a-f44359c06de7</sln:wojIIPId><sln:wojIIPPn>PL.PZGIK.200</sln:wojIIPPn><sln:wojIIPWersja>2012-09-27T13:45:13+02:00</sln:wojIIPWersja><sln:wojIdTeryt>14</sln:wojIdTeryt><sln:wojNazwa>mazowieckie</sln:wojNazwa></sln:miejscowosc><sln:miejscowosc><sln:cyklZyciaDo>2016-11-26T00:00:00+01:00</sln:cyklZyciaDo><sln:cyklZyciaOd>2014-12-09T00:00:00+01:00</sln:cyklZyciaOd><sln:gmIIPId>0b4b3ee0-b7d0-4fe0-9a24-be055fbd7bfa</sln:gmIIPId><sln:gmIIPPn>PL.PZGIK.200</sln:gmIIPPn><sln:gmIIPWersja>2012-09-26T22:55:19+02:00</sln:gmIIPWersja><sln:gmIdTeryt>1424043</sln:gmIdTeryt><sln:gmNazwa>Pułtusk</sln:gmNazwa><sln:miejscIIPId>6837d042-c80f-431b-8f85-17766b0dfc80</sln:miejscIIPId><sln:miejscIIPPn>PL.PZGIK.200</sln:miejscIIPPn><sln:miejscIIPWersja>2016-11-24T13:32:04+02:00</sln:miejscIIPWersja><sln:miejscIdTeryt>0123286</sln:miejscIdTeryt><sln:miejscNazwa>Szygówek</sln:miejscNazwa><sln:miejscRodzaj>Wieś</sln:miejscRodzaj><sln:powIIPId>05b6cec3-bcc8-4029-a0bc-99c40ff3c159</sln:powIIPId><sln:powIIPPn>PL.PZGIK.200</sln:powIIPPn><sln:powIIPWersja>2012-09-27T08:13:53+02:00</sln:powIIPWersja><sln:powIdTeryt>1424</sln:powIdTeryt><sln:powNazwa>pułtuski</sln:powNazwa><sln:wojIIPId>4b6c492a-eb04-441d-a92a-f44359c06de7</sln:wojIIPId><sln:wojIIPPn>PL.PZGIK.200</sln:wojIIPPn><sln:wojIIPWersja>2012-09-27T13:45:13+02:00</sln:wojIIPWersja><sln:wojIdTeryt>14</sln:wojIdTeryt><sln:wojNazwa>mazowieckie</sln:wojNazwa></sln:miejscowosc><sln:miejscowosc><sln:cyklZyciaDo>2016-11-26T00:00:00+01:00</sln:cyklZyciaDo><sln:cyklZyciaOd>2014-12-09T00:00:00+01:00</sln:cyklZyciaOd><sln:gmIIPId>0b4b3ee0-b7d0-4fe0-9a24-be055fbd7bfa</sln:gmIIPId><sln:gmIIPPn>PL.PZGIK.200</sln:gmIIPPn><sln:gmIIPWersja>2012-09-26T22:55:19+02:00</sln:gmIIPWersja><sln:gmIdTeryt>1424043</sln:gmIdTeryt><sln:gmNazwa>Pułtusk</sln:gmNazwa><sln:miejscIIPId>35565c6a-ea3e-4b5d-a8b5-b9c4b6c13e0d</sln:miejscIIPId><sln:miejscIIPPn>PL.PZGIK.200</sln:miejscIIPPn><sln:miejscIIPWersja>2016-11-24T13:41:06+02:00</sln:miejscIIPWersja><sln:miejscIdTeryt>0123151</sln:miejscIdTeryt><sln:miejscNazwa>Lipa</sln:miejscNazwa><sln:miejscRodzaj>Wieś</sln:miejscRodzaj><sln:powIIPId>05b6cec3-bcc8-4029-a0bc-99c40ff3c159</sln:powIIPId><sln:powIIPPn>PL.PZGIK.200</sln:powIIPPn><sln:powIIPWersja>2012-09-27T08:13:53+02:00</sln:powIIPWersja><sln:powIdTeryt>1424</sln:powIdTeryt><sln:powNazwa>pułtuski</sln:powNazwa><sln:wojIIPId>4b6c492a-eb04-441d-a92a-f44359c06de7</sln:wojIIPId><sln:wojIIPPn>PL.PZGIK.200</sln:wojIIPPn><sln:wojIIPWersja>2012-09-27T13:45:13+02:00</sln:wojIIPWersja><sln:wojIdTeryt>14</sln:wojIdTeryt><sln:wojNazwa>mazowieckie</sln:wojNazwa></sln:miejscowosc><sln:miejscowosc><sln:cyklZyciaDo>2016-11-26T00:00:00+01:00</sln:cyklZyciaDo><sln:cyklZyciaOd>2014-12-09T00:00:00+01:00</sln:cyklZyciaOd><sln:gmIIPId>0b4b3ee0-b7d0-4fe0-9a24-be055fbd7bfa</sln:gmIIPId><sln:gmIIPPn>PL.PZGIK.200</sln:gmIIPPn><sln:gmIIPWersja>2012-09-26T22:55:19+02:00</sln:gmIIPWersja><sln:gmIdTeryt>1424043</sln:gmIdTeryt><sln:gmNazwa>Pułtusk</sln:gmNazwa><sln:miejscIIPId>be9cd96b-3e2c-4a40-a4cd-e54d9ab5306d</sln:miejscIIPId><sln:miejscIIPPn>PL.PZGIK.200</sln:miejscIIPPn><sln:miejscIIPWersja>2016-11-24T13:32:06+02:00</sln:miejscIIPWersja><sln:miejscIdTeryt>3006919</sln:miejscIdTeryt><sln:miejscNazwa>Burczak</sln:miejscNazwa><sln:miejscRodzaj>Inny obiekt</sln:miejscRodzaj><sln:powIIPId>05b6cec3-bcc8-4029-a0bc-99c40ff3c159</sln:powIIPId><sln:powIIPPn>PL.PZGIK.200</sln:powIIPPn><sln:powIIPWersja>2012-09-27T08:13:53+02:00</sln:powIIPWersja><sln:powIdTeryt>1424</sln:powIdTeryt><sln:powNazwa>pułtuski</sln:powNazwa><sln:wojIIPId>4b6c492a-eb04-441d-a92a-f44359c06de7</sln:wojIIPId><sln:wojIIPPn>PL.PZGIK.200</sln:wojIIPPn><sln:wojIIPWersja>2012-09-27T13:45:13+02:00</sln:wojIIPWersja><sln:wojIdTeryt>14</sln:wojIdTeryt><sln:wojNazwa>mazowieckie</sln:wojNazwa></sln:miejscowosc><sln:miejscowosc><sln:cyklZyciaDo>2016-11-26T00:00:00+01:00</sln:cyklZyciaDo><sln:cyklZyciaOd>2014-12-09T00:00:00+01:00</sln:cyklZyciaOd><sln:gmIIPId>0b4b3ee0-b7d0-4fe0-9a24-be055fbd7bfa</sln:gmIIPId><sln:gmIIPPn>PL.PZGIK.200</sln:gmIIPPn><sln:gmIIPWersja>2012-09-26T22:55:19+02:00</sln:gmIIPWersja><sln:gmIdTeryt>1424043</sln:gmIdTeryt><sln:gmNazwa>Pułtusk</sln:gmNazwa><sln:miejscIIPId>62eb8740-318f-41b3-8ff6-cf1d448c9db0</sln:miejscIIPId><sln:miejscIIPPn>PL.PZGIK.200</sln:miejscIIPPn><sln:miejscIIPWersja>2016-11-24T13:34:07+02:00</sln:miejscIIPWersja><sln:miejscIdTeryt>0123027</sln:miejscIdTeryt><sln:miejscNazwa>Chmielewo</sln:miejscNazwa><sln:miejscRodzaj>Wieś</sln:miejscRodzaj><sln:powIIPId>05b6cec3-bcc8-4029-a0bc-99c40ff3c159</sln:powIIPId><sln:powIIPPn>PL.PZGIK.200</sln:powIIPPn><sln:powIIPWersja>2012-09-27T08:13:53+02:00</sln:powIIPWersja><sln:powIdTeryt>1424</sln:powIdTeryt><sln:powNazwa>pułtuski</sln:powNazwa><sln:wojIIPId>4b6c492a-eb04-441d-a92a-f44359c06de7</sln:wojIIPId><sln:wojIIPPn>PL.PZGIK.200</sln:wojIIPPn><sln:wojIIPWersja>2012-09-27T13:45:13+02:00</sln:wojIIPWersja><sln:wojIdTeryt>14</sln:wojIdTeryt><sln:wojNazwa>mazowieckie</sln:wojNazwa></sln:miejscowosc><sln:miejscowosc><sln:cyklZyciaDo>2016-11-26T00:00:00+01:00</sln:cyklZyciaDo><sln:cyklZyciaOd>2014-12-09T00:00:00+01:00</sln:cyklZyciaOd><sln:gmIIPId>0b4b3ee0-b7d0-4fe0-9a24-be055fbd7bfa</sln:gmIIPId><sln:gmIIPPn>PL.PZGIK.200</sln:gmIIPPn><sln:gmIIPWersja>2012-09-26T22:55:19+02:00</sln:gmIIPWersja><sln:gmIdTeryt>1424043</sln:gmIdTeryt><sln:gmNazwa>Pułtusk</sln:gmNazwa><sln:miejscIIPId>39eb843e-d4b8-433e-858b-759c9860b249</sln:miejscIIPId><sln:miejscIIPPn>PL.PZGIK.200</sln:miejscIIPPn><sln:miejscIIPWersja>2016-11-24T13:39:38+02:00</sln:miejscIIPWersja><sln:miejscIdTeryt>0123145</sln:miejscIdTeryt><sln:miejscNazwa>Kokoszka</sln:miejscNazwa><sln:miejscRodzaj>Wieś</sln:miejscRodzaj><sln:powIIPId>05b6cec3-bcc8-4029-a0bc-99c40ff3c159</sln:powIIPId><sln:powIIPPn>PL.PZGIK.200</sln:powIIPPn><sln:powIIPWersja>2012-09-27T08:13:53+02:00</sln:powIIPWersja><sln:powIdTeryt>1424</sln:powIdTeryt><sln:powNazwa>pułtuski</sln:powNazwa><sln:wojIIPId>4b6c492a-eb04-441d-a92a-f44359c06de7</sln:wojIIPId><sln:wojIIPPn>PL.PZGIK.200</sln:wojIIPPn><sln:wojIIPWersja>2012-09-27T13:45:13+02:00</sln:wojIIPWersja><sln:wojIdTeryt>14</sln:wojIdTeryt><sln:wojNazwa>mazowieckie</sln:wojNazwa></sln:miejscowosc><sln:miejscowosc><sln:cyklZyciaDo>2016-11-26T00:00:00+01:00</sln:cyklZyciaDo><sln:cyklZyciaOd>2014-12-09T00:00:00+01:00</sln:cyklZyciaOd><sln:gmIIPId>0b4b3ee0-b7d0-4fe0-9a24-be055fbd7bfa</sln:gmIIPId><sln:gmIIPPn>PL.PZGIK.200</sln:gmIIPPn><sln:gmIIPWersja>2012-09-26T22:55:19+02:00</sln:gmIIPWersja><sln:gmIdTeryt>1424043</sln:gmIdTeryt><sln:gmNazwa>Pułtusk</sln:gmNazwa><sln:miejscIIPId>7efe6889-42d9-4bf0-a08e-35ab94292d65</sln:miejscIIPId><sln:miejscIIPPn>PL.PZGIK.200</sln:miejscIIPPn><sln:miejscIIPWersja>2016-11-24T13:39:29+02:00</sln:miejscIIPWersja><sln:miejscIdTeryt>0123122</sln:miejscIdTeryt><sln:miejscNazwa>Kleszewo</sln:miejscNazwa><sln:miejscRodzaj>Wieś</sln:miejscRodzaj><sln:powIIPId>05b6cec3-bcc8-4029-a0bc-99c40ff3c159</sln:powIIPId><sln:powIIPPn>PL.PZGIK.200</sln:powIIPPn><sln:powIIPWersja>2012-09-27T08:13:53+02:00</sln:powIIPWersja><sln:powIdTeryt>1424</sln:powIdTeryt><sln:powNazwa>pułtuski</sln:powNazwa><sln:wojIIPId>4b6c492a-eb04-441d-a92a-f44359c06de7</sln:wojIIPId><sln:wojIIPPn>PL.PZGIK.200</sln:wojIIPPn><sln:wojIIPWersja>2012-09-27T13:45:13+02:00</sln:wojIIPWersja><sln:wojIdTeryt>14</sln:wojIdTeryt><sln:wojNazwa>mazowieckie</sln:wojNazwa></sln:miejscowosc><sln:miejscowosc><sln:cyklZyciaDo>2016-11-26T00:00:00+01:00</sln:cyklZyciaDo><sln:cyklZyciaOd>2014-12-09T00:00:00+01:00</sln:cyklZyciaOd><sln:gmIIPId>0b4b3ee0-b7d0-4fe0-9a24-be055fbd7bfa</sln:gmIIPId><sln:gmIIPPn>PL.PZGIK.200</sln:gmIIPPn><sln:gmIIPWersja>2012-09-26T22:55:19+02:00</sln:gmIIPWersja><sln:gmIdTeryt>1424043</sln:gmIdTeryt><sln:gmNazwa>Pułtusk</sln:gmNazwa><sln:miejscIIPId>bf6bd705-c756-42df-89aa-e590a6f2ee43</sln:miejscIIPId><sln:miejscIIPPn>PL.PZGIK.200</sln:miejscIIPPn><sln:miejscIIPWersja>2016-11-24T13:37:55+02:00</sln:miejscIIPWersja><sln:miejscIdTeryt>3012655</sln:miejscIdTeryt><sln:miejscNazwa>Grądy</sln:miejscNazwa><sln:miejscRodzaj>Inny obiekt</sln:miejscRodzaj><sln:powIIPId>05b6cec3-bcc8-4029-a0bc-99c40ff3c159</sln:powIIPId><sln:powIIPPn>PL.PZGIK.200</sln:powIIPPn><sln:powIIPWersja>2012-09-27T08:13:53+02:00</sln:powIIPWersja><sln:powIdTeryt>1424</sln:powIdTeryt><sln:powNazwa>pułtuski</sln:powNazwa><sln:wojIIPId>4b6c492a-eb04-441d-a92a-f44359c06de7</sln:wojIIPId><sln:wojIIPPn>PL.PZGIK.200</sln:wojIIPPn><sln:wojIIPWersja>2012-09-27T13:45:13+02:00</sln:wojIIPWersja><sln:wojIdTeryt>14</sln:wojIdTeryt><sln:wojNazwa>mazowieckie</sln:wojNazwa></sln:miejscowosc><sln:miejscowosc><sln:cyklZyciaDo>2016-11-26T00:00:00+01:00</sln:cyklZyciaDo><sln:cyklZyciaOd>2014-12-09T00:00:00+01:00</sln:cyklZyciaOd><sln:gmIIPId>0b4b3ee0-b7d0-4fe0-9a24-be055fbd7bfa</sln:gmIIPId><sln:gmIIPPn>PL.PZGIK.200</sln:gmIIPPn><sln:gmIIPWersja>2012-09-26T22:55:19+02:00</sln:gmIIPWersja><sln:gmIdTeryt>1424043</sln:gmIdTeryt><sln:gmNazwa>Pułtusk</sln:gmNazwa><sln:miejscIIPId>3b8658dd-2ed2-4e04-b6f4-1fdf5f78a291</sln:miejscIIPId><sln:miejscIIPPn>PL.PZGIK.200</sln:miejscIIPPn><sln:miejscIIPWersja>2016-11-24T13:42:43+02:00</sln:miejscIIPWersja><sln:miejscIdTeryt>0123168</sln:miejscIdTeryt><sln:miejscNazwa>Moszyn</sln:miejscNazwa><sln:miejscRodzaj>Wieś</sln:miejscRodzaj><sln:powIIPId>05b6cec3-bcc8-4029-a0bc-99c40ff3c159</sln:powIIPId><sln:powIIPPn>PL.PZGIK.200</sln:powIIPPn><sln:powIIPWersja>2012-09-27T08:13:53+02:00</sln:powIIPWersja><sln:powIdTeryt>1424</sln:powIdTeryt><sln:powNazwa>pułtuski</sln:powNazwa><sln:wojIIPId>4b6c492a-eb04-441d-a92a-f44359c06de7</sln:wojIIPId><sln:wojIIPPn>PL.PZGIK.200</sln:wojIIPPn><sln:wojIIPWersja>2012-09-27T13:45:13+02:00</sln:wojIIPWersja><sln:wojIdTeryt>14</sln:wojIdTeryt><sln:wojNazwa>mazowieckie</sln:wojNazwa></sln:miejscowosc><sln:miejscowosc><sln:cyklZyciaDo>2016-11-26T00:00:00+01:00</sln:cyklZyciaDo><sln:cyklZyciaOd>2014-12-09T00:00:00+01:00</sln:cyklZyciaOd><sln:gmIIPId>0b4b3ee0-b7d0-4fe0-9a24-be055fbd7bfa</sln:gmIIPId><sln:gmIIPPn>PL.PZGIK.200</sln:gmIIPPn><sln:gmIIPWersja>2012-09-26T22:55:19+02:00</sln:gmIIPWersja><sln:gmIdTeryt>1424043</sln:gmIdTeryt><sln:gmNazwa>Pułtusk</sln:gmNazwa><sln:miejscIIPId>61f9e6c3-d4ce-4ee7-9b3f-a425866b7ad6</sln:miejscIIPId><sln:miejscIIPPn>PL.PZGIK.200</sln:miejscIIPPn><sln:miejscIIPWersja>2016-11-24T13:41:12+02:00</sln:miejscIIPWersja><sln:miejscIdTeryt>0123270</sln:miejscIdTeryt><sln:miejscNazwa>Lipniki Stare</sln:miejscNazwa><sln:miejscRodzaj>Wieś</sln:miejscRodzaj><sln:powIIPId>05b6cec3-bcc8-4029-a0bc-99c40ff3c159</sln:powIIPId><sln:powIIPPn>PL.PZGIK.200</sln:powIIPPn><sln:powIIPWersja>2012-09-27T08:13:53+02:00</sln:powIIPWersja><sln:powIdTeryt>1424</sln:powIdTeryt><sln:powNazwa>pułtuski</sln:powNazwa><sln:wojIIPId>4b6c492a-eb04-441d-a92a-f44359c06de7</sln:wojIIPId><sln:wojIIPPn>PL.PZGIK.200</sln:wojIIPPn><sln:wojIIPWersja>2012-09-27T13:45:13+02:00</sln:wojIIPWersja><sln:wojIdTeryt>14</sln:wojIdTeryt><sln:wojNazwa>mazowieckie</sln:wojNazwa></sln:miejscowosc><sln:miejscowosc><sln:cyklZyciaDo>2016-11-26T00:00:00+01:00</sln:cyklZyciaDo><sln:cyklZyciaOd>2014-12-09T00:00:00+01:00</sln:cyklZyciaOd><sln:gmIIPId>0b4b3ee0-b7d0-4fe0-9a24-be055fbd7bfa</sln:gmIIPId><sln:gmIIPPn>PL.PZGIK.200</sln:gmIIPPn><sln:gmIIPWersja>2012-09-26T22:55:19+02:00</sln:gmIIPWersja><sln:gmIdTeryt>1424043</sln:gmIdTeryt><sln:gmNazwa>Pułtusk</sln:gmNazwa><sln:miejscIIPId>d5921f06-2408-4d71-bf59-ddfa03315132</sln:miejscIIPId><sln:miejscIIPPn>PL.PZGIK.200</sln:miejscIIPPn><sln:miejscIIPWersja>2016-11-24T13:39:04+02:00</sln:miejscIIPWersja><sln:miejscIdTeryt>0122996</sln:miejscIdTeryt><sln:miejscNazwa>Białowieża</sln:miejscNazwa><sln:miejscRodzaj>Wieś</sln:miejscRodzaj><sln:powIIPId>05b6cec3-bcc8-4029-a0bc-99c40ff3c159</sln:powIIPId><sln:powIIPPn>PL.PZGIK.200</sln:powIIPPn><sln:powIIPWersja>2012-09-27T08:13:53+02:00</sln:powIIPWersja><sln:powIdTeryt>1424</sln:powIdTeryt><sln:powNazwa>pułtuski</sln:powNazwa><sln:wojIIPId>4b6c492a-eb04-441d-a92a-f44359c06de7</sln:wojIIPId><sln:wojIIPPn>PL.PZGIK.200</sln:wojIIPPn><sln:wojIIPWersja>2012-09-27T13:45:13+02:00</sln:wojIIPWersja><sln:wojIdTeryt>14</sln:wojIdTeryt><sln:wojNazwa>mazowieckie</sln:wojNazwa></sln:miejscowosc><sln:miejscowosc><sln:cyklZyciaDo>2016-11-26T00:00:00+01:00</sln:cyklZyciaDo><sln:cyklZyciaOd>2014-12-09T00:00:00+01:00</sln:cyklZyciaOd><sln:gmIIPId>0b4b3ee0-b7d0-4fe0-9a24-be055fbd7bfa</sln:gmIIPId><sln:gmIIPPn>PL.PZGIK.200</sln:gmIIPPn><sln:gmIIPWersja>2012-09-26T22:55:19+02:00</sln:gmIIPWersja><sln:gmIdTeryt>1424043</sln:gmIdTeryt><sln:gmNazwa>Pułtusk</sln:gmNazwa><sln:miejscIIPId>eea1b38b-93c5-4ac5-9cd6-632053aba864</sln:miejscIIPId><sln:miejscIIPPn>PL.PZGIK.200</sln:miejscIIPPn><sln:miejscIIPWersja>2016-11-24T13:41:37+02:00</sln:miejscIIPWersja><sln:miejscIdTeryt>0123004</sln:miejscIdTeryt><sln:miejscNazwa>Boby</sln:miejscNazwa><sln:miejscRodzaj>Wieś</sln:miejscRodzaj><sln:powIIPId>05b6cec3-bcc8-4029-a0bc-99c40ff3c159</sln:powIIPId><sln:powIIPPn>PL.PZGIK.200</sln:powIIPPn><sln:powIIPWersja>2012-09-27T08:13:53+02:00</sln:powIIPWersja><sln:powIdTeryt>1424</sln:powIdTeryt><sln:powNazwa>pułtuski</sln:powNazwa><sln:wojIIPId>4b6c492a-eb04-441d-a92a-f44359c06de7</sln:wojIIPId><sln:wojIIPPn>PL.PZGIK.200</sln:wojIIPPn><sln:wojIIPWersja>2012-09-27T13:45:13+02:00</sln:wojIIPWersja><sln:wojIdTeryt>14</sln:wojIdTeryt><sln:wojNazwa>mazowieckie</sln:wojNazwa></sln:miejscowosc><sln:miejscowosc><sln:cyklZyciaDo>2016-11-26T00:00:00+01:00</sln:cyklZyciaDo><sln:cyklZyciaOd>2014-12-09T00:00:00+01:00</sln:cyklZyciaOd><sln:gmIIPId>0b4b3ee0-b7d0-4fe0-9a24-be055fbd7bfa</sln:gmIIPId><sln:gmIIPPn>PL.PZGIK.200</sln:gmIIPPn><sln:gmIIPWersja>2012-09-26T22:55:19+02:00</sln:gmIIPWersja><sln:gmIdTeryt>1424043</sln:gmIdTeryt><sln:gmNazwa>Pułtusk</sln:gmNazwa><sln:miejscIIPId>f879893a-697d-48be-8125-b2c4e412a9f1</sln:miejscIIPId><sln:miejscIIPPn>PL.PZGIK.200</sln:miejscIIPPn><sln:miejscIIPWersja>2016-11-24T13:55:02+02:00</sln:miejscIIPWersja><sln:miejscIdTeryt>0123116</sln:miejscIdTeryt><sln:miejscNazwa>Radzice</sln:miejscNazwa><sln:miejscRodzaj>Inny obiekt</sln:miejscRodzaj><sln:powIIPId>05b6cec3-bcc8-4029-a0bc-99c40ff3c159</sln:powIIPId><sln:powIIPPn>PL.PZGIK.200</sln:powIIPPn><sln:powIIPWersja>2012-09-27T08:13:53+02:00</sln:powIIPWersja><sln:powIdTeryt>1424</sln:powIdTeryt><sln:powNazwa>pułtuski</sln:powNazwa><sln:wojIIPId>4b6c492a-eb04-441d-a92a-f44359c06de7</sln:wojIIPId><sln:wojIIPPn>PL.PZGIK.200</sln:wojIIPPn><sln:wojIIPWersja>2012-09-27T13:45:13+02:00</sln:wojIIPWersja><sln:wojIdTeryt>14</sln:wojIdTeryt><sln:wojNazwa>mazowieckie</sln:wojNazwa></sln:miejscowosc><sln:miejscowosc><sln:cyklZyciaDo>2016-11-26T00:00:00+01:00</sln:cyklZyciaDo><sln:cyklZyciaOd>2014-12-09T00:00:00+01:00</sln:cyklZyciaOd><sln:gmIIPId>0b4b3ee0-b7d0-4fe0-9a24-be055fbd7bfa</sln:gmIIPId><sln:gmIIPPn>PL.PZGIK.200</sln:gmIIPPn><sln:gmIIPWersja>2012-09-26T22:55:19+02:00</sln:gmIIPWersja><sln:gmIdTeryt>1424043</sln:gmIdTeryt><sln:gmNazwa>Pułtusk</sln:gmNazwa><sln:miejscIIPId>f30ef2c1-cf38-4508-b162-8b996299b662</sln:miejscIIPId><sln:miejscIIPPn>PL.PZGIK.200</sln:miejscIIPPn><sln:miejscIIPWersja>2016-11-24T13:43:28+02:00</sln:miejscIIPWersja><sln:miejscIdTeryt>3016513</sln:miejscIdTeryt><sln:miejscNazwa>Nowiny</sln:miejscNazwa><sln:miejscRodzaj>Inny obiekt</sln:miejscRodzaj><sln:powIIPId>05b6cec3-bcc8-4029-a0bc-99c40ff3c159</sln:powIIPId><sln:powIIPPn>PL.PZGIK.200</sln:powIIPPn><sln:powIIPWersja>2012-09-27T08:13:53+02:00</sln:powIIPWersja><sln:powIdTeryt>1424</sln:powIdTeryt><sln:powNazwa>pułtuski</sln:powNazwa><sln:wojIIPId>4b6c492a-eb04-441d-a92a-f44359c06de7</sln:wojIIPId><sln:wojIIPPn>PL.PZGIK.200</sln:wojIIPPn><sln:wojIIPWersja>2012-09-27T13:45:13+02:00</sln:wojIIPWersja><sln:wojIdTeryt>14</sln:wojIdTeryt><sln:wojNazwa>mazowieckie</sln:wojNazwa></sln:miejscowosc><sln:miejscowosc><sln:cyklZyciaDo>2016-11-26T00:00:00+01:00</sln:cyklZyciaDo><sln:cyklZyciaOd>2014-12-09T00:00:00+01:00</sln:cyklZyciaOd><sln:gmIIPId>0b4b3ee0-b7d0-4fe0-9a24-be055fbd7bfa</sln:gmIIPId><sln:gmIIPPn>PL.PZGIK.200</sln:gmIIPPn><sln:gmIIPWersja>2012-09-26T22:55:19+02:00</sln:gmIIPWersja><sln:gmIdTeryt>1424043</sln:gmIdTeryt><sln:gmNazwa>Pułtusk</sln:gmNazwa><sln:miejscIIPId>b56c99a7-64d1-46f7-821b-60035a85ecfb</sln:miejscIIPId><sln:miejscIIPPn>PL.PZGIK.200</sln:miejscIIPPn><sln:miejscIIPWersja>2016-11-24T13:29:03+02:00</sln:miejscIIPWersja><sln:miejscIdTeryt>0123263</sln:miejscIdTeryt><sln:miejscNazwa>Przemiarowo</sln:miejscNazwa><sln:miejscRodzaj>Wieś</sln:miejscRodzaj><sln:powIIPId>05b6cec3-bcc8-4029-a0bc-99c40ff3c159</sln:powIIPId><sln:powIIPPn>PL.PZGIK.200</sln:powIIPPn><sln:powIIPWersja>2012-09-27T08:13:53+02:00</sln:powIIPWersja><sln:powIdTeryt>1424</sln:powIdTeryt><sln:powNazwa>pułtuski</sln:powNazwa><sln:wojIIPId>4b6c492a-eb04-441d-a92a-f44359c06de7</sln:wojIIPId><sln:wojIIPPn>PL.PZGIK.200</sln:wojIIPPn><sln:wojIIPWersja>2012-09-27T13:45:13+02:00</sln:wojIIPWersja><sln:wojIdTeryt>14</sln:wojIdTeryt><sln:wojNazwa>mazowieckie</sln:wojNazwa></sln:miejscowosc><sln:miejscowosc><sln:cyklZyciaDo>2016-11-26T00:00:00+01:00</sln:cyklZyciaDo><sln:cyklZyciaOd>2014-12-09T00:00:00+01:00</sln:cyklZyciaOd><sln:gmIIPId>0b4b3ee0-b7d0-4fe0-9a24-be055fbd7bfa</sln:gmIIPId><sln:gmIIPPn>PL.PZGIK.200</sln:gmIIPPn><sln:gmIIPWersja>2012-09-26T22:55:19+02:00</sln:gmIIPWersja><sln:gmIdTeryt>1424043</sln:gmIdTeryt><sln:gmNazwa>Pułtusk</sln:gmNazwa><sln:miejscIIPId>dd5c9430-9ca6-484c-9371-0111b3ae199c</sln:miejscIIPId><sln:miejscIIPPn>PL.PZGIK.200</sln:miejscIIPPn><sln:miejscIIPWersja>2016-11-24T13:38:46+02:00</sln:miejscIIPWersja><sln:miejscIdTeryt>0123091</sln:miejscIdTeryt><sln:miejscNazwa>Jeżewo</sln:miejscNazwa><sln:miejscRodzaj>Wieś</sln:miejscRodzaj><sln:powIIPId>05b6cec3-bcc8-4029-a0bc-99c40ff3c159</sln:powIIPId><sln:powIIPPn>PL.PZGIK.200</sln:powIIPPn><sln:powIIPWersja>2012-09-27T08:13:53+02:00</sln:powIIPWersja><sln:powIdTeryt>1424</sln:powIdTeryt><sln:powNazwa>pułtuski</sln:powNazwa><sln:wojIIPId>4b6c492a-eb04-441d-a92a-f44359c06de7</sln:wojIIPId><sln:wojIIPPn>PL.PZGIK.200</sln:wojIIPPn><sln:wojIIPWersja>2012-09-27T13:45:13+02:00</sln:wojIIPWersja><sln:wojIdTeryt>14</sln:wojIdTeryt><sln:wojNazwa>mazowieckie</sln:wojNazwa></sln:miejscowosc><sln:miejscowosc><sln:cyklZyciaOd>2016-11-26T00:00:00+01:00</sln:cyklZyciaOd><sln:gmIIPId>0b4b3ee0-b7d0-4fe0-9a24-be055fbd7bfa</sln:gmIIPId><sln:gmIIPPn>PL.PZGIK.200</sln:gmIIPPn><sln:gmIIPWersja>2012-09-26T22:55:19+02:00</sln:gmIIPWersja><sln:gmIdTeryt>1424043</sln:gmIdTeryt><sln:gmNazwa>Pułtusk</sln:gmNazwa><sln:miejscIIPId>263ced53-bac1-4e3f-ac1b-7e04e3cd582c</sln:miejscIIPId><sln:miejscIIPPn>PL.PZGIK.200</sln:miejscIIPPn><sln:miejscIIPWersja>2016-11-26T16:41:46+02:00</sln:miejscIIPWersja><sln:miejscIdTeryt>0123234</sln:miejscIdTeryt><sln:miejscNazwa>Płocochowo</sln:miejscNazwa><sln:miejscRodzaj>Wieś</sln:miejscRodzaj><sln:powIIPId>05b6cec3-bcc8-4029-a0bc-99c40ff3c159</sln:powIIPId><sln:powIIPPn>PL.PZGIK.200</sln:powIIPPn><sln:powIIPWersja>2012-09-27T08:13:53+02:00</sln:powIIPWersja><sln:powIdTeryt>1424</sln:powIdTeryt><sln:powNazwa>pułtuski</sln:powNazwa><sln:wojIIPId>4b6c492a-eb04-441d-a92a-f44359c06de7</sln:wojIIPId><sln:wojIIPPn>PL.PZGIK.200</sln:wojIIPPn><sln:wojIIPWersja>2012-09-27T13:45:13+02:00</sln:wojIIPWersja><sln:wojIdTeryt>14</sln:wojIdTeryt><sln:wojNazwa>mazowieckie</sln:wojNazwa></sln:miejscowosc><sln:miejscowosc><sln:cyklZyciaOd>2016-11-26T00:00:00+01:00</sln:cyklZyciaOd><sln:gmIIPId>0b4b3ee0-b7d0-4fe0-9a24-be055fbd7bfa</sln:gmIIPId><sln:gmIIPPn>PL.PZGIK.200</sln:gmIIPPn><sln:gmIIPWersja>2012-09-26T22:55:19+02:00</sln:gmIIPWersja><sln:gmIdTeryt>1424043</sln:gmIdTeryt><sln:gmNazwa>Pułtusk</sln:gmNazwa><sln:miejscIIPId>4537914f-fed1-4631-991f-42b27150044a</sln:miejscIIPId><sln:miejscIIPPn>PL.PZGIK.200</sln:miejscIIPPn><sln:miejscIIPWersja>2016-11-26T16:41:51+02:00</sln:miejscIIPWersja><sln:miejscIdTeryt>0123257</sln:miejscIdTeryt><sln:miejscNazwa>Ponikiew</sln:miejscNazwa><sln:miejscRodzaj>Wieś</sln:miejscRodzaj><sln:powIIPId>05b6cec3-bcc8-4029-a0bc-99c40ff3c159</sln:powIIPId><sln:powIIPPn>PL.PZGIK.200</sln:powIIPPn><sln:powIIPWersja>2012-09-27T08:13:53+02:00</sln:powIIPWersja><sln:powIdTeryt>1424</sln:powIdTeryt><sln:powNazwa>pułtuski</sln:powNazwa><sln:wojIIPId>4b6c492a-eb04-441d-a92a-f44359c06de7</sln:wojIIPId><sln:wojIIPPn>PL.PZGIK.200</sln:wojIIPPn><sln:wojIIPWersja>2012-09-27T13:45:13+02:00</sln:wojIIPWersja><sln:wojIdTeryt>14</sln:wojIdTeryt><sln:wojNazwa>mazowieckie</sln:wojNazwa></sln:miejscowosc><sln:miejscowosc><sln:cyklZyciaOd>2016-11-26T00:00:00+01:00</sln:cyklZyciaOd><sln:gmIIPId>0b4b3ee0-b7d0-4fe0-9a24-be055fbd7bfa</sln:gmIIPId><sln:gmIIPPn>PL.PZGIK.200</sln:gmIIPPn><sln:gmIIPWersja>2012-09-26T22:55:19+02:00</sln:gmIIPWersja><sln:gmIdTeryt>1424043</sln:gmIdTeryt><sln:gmNazwa>Pułtusk</sln:gmNazwa><sln:miejscIIPId>b56c99a7-64d1-46f7-821b-60035a85ecfb</sln:miejscIIPId><sln:miejscIIPPn>PL.PZGIK.200</sln:miejscIIPPn><sln:miejscIIPWersja>2016-11-26T16:41:51+02:00</sln:miejscIIPWersja><sln:miejscIdTeryt>0123263</sln:miejscIdTeryt><sln:miejscNazwa>Przemiarowo</sln:miejscNazwa><sln:miejscRodzaj>Wieś</sln:miejscRodzaj><sln:powIIPId>05b6cec3-bcc8-4029-a0bc-99c40ff3c159</sln:powIIPId><sln:powIIPPn>PL.PZGIK.200</sln:powIIPPn><sln:powIIPWersja>2012-09-27T08:13:53+02:00</sln:powIIPWersja><sln:powIdTeryt>1424</sln:powIdTeryt><sln:powNazwa>pułtuski</sln:powNazwa><sln:wojIIPId>4b6c492a-eb04-441d-a92a-f44359c06de7</sln:wojIIPId><sln:wojIIPPn>PL.PZGIK.200</sln:wojIIPPn><sln:wojIIPWersja>2012-09-27T13:45:13+02:00</sln:wojIIPWersja><sln:wojIdTeryt>14</sln:wojIdTeryt><sln:wojNazwa>mazowieckie</sln:wojNazwa></sln:miejscowosc><sln:miejscowosc><sln:cyklZyciaOd>2016-11-26T00:00:00+01:00</sln:cyklZyciaOd><sln:gmIIPId>0b4b3ee0-b7d0-4fe0-9a24-be055fbd7bfa</sln:gmIIPId><sln:gmIIPPn>PL.PZGIK.200</sln:gmIIPPn><sln:gmIIPWersja>2012-09-26T22:55:19+02:00</sln:gmIIPWersja><sln:gmIdTeryt>1424043</sln:gmIdTeryt><sln:gmNazwa>Pułtusk</sln:gmNazwa><sln:miejscIIPId>ebe8ee4b-95e4-4e09-b868-8bdb3c22ef8f</sln:miejscIIPId><sln:miejscIIPPn>PL.PZGIK.200</sln:miejscIIPPn><sln:miejscIIPWersja>2016-11-26T16:41:51+02:00</sln:miejscIIPWersja><sln:miejscIdTeryt>0930816</sln:miejscIdTeryt><sln:miejscNazwa>Pułtusk</sln:miejscNazwa><sln:miejscRodzaj>Miasto</sln:miejscRodzaj><sln:powIIPId>05b6cec3-bcc8-4029-a0bc-99c40ff3c159</sln:powIIPId><sln:powIIPPn>PL.PZGIK.200</sln:powIIPPn><sln:powIIPWersja>2012-09-27T08:13:53+02:00</sln:powIIPWersja><sln:powIdTeryt>1424</sln:powIdTeryt><sln:powNazwa>pułtuski</sln:powNazwa><sln:wojIIPId>4b6c492a-eb04-441d-a92a-f44359c06de7</sln:wojIIPId><sln:wojIIPPn>PL.PZGIK.200</sln:wojIIPPn><sln:wojIIPWersja>2012-09-27T13:45:13+02:00</sln:wojIIPWersja><sln:wojIdTeryt>14</sln:wojIdTeryt><sln:wojNazwa>mazowieckie</sln:wojNazwa></sln:miejscowosc><sln:miejscowosc><sln:cyklZyciaOd>2016-11-26T00:00:00+01:00</sln:cyklZyciaOd><sln:gmIIPId>0b4b3ee0-b7d0-4fe0-9a24-be055fbd7bfa</sln:gmIIPId><sln:gmIIPPn>PL.PZGIK.200</sln:gmIIPPn><sln:gmIIPWersja>2012-09-26T22:55:19+02:00</sln:gmIIPWersja><sln:gmIdTeryt>1424043</sln:gmIdTeryt><sln:gmNazwa>Pułtusk</sln:gmNazwa><sln:miejscIIPId>6837d042-c80f-431b-8f85-17766b0dfc80</sln:miejscIIPId><sln:miejscIIPPn>PL.PZGIK.200</sln:miejscIIPPn><sln:miejscIIPWersja>2016-11-26T16:41:51+02:00</sln:miejscIIPWersja><sln:miejscIdTeryt>0123286</sln:miejscIdTeryt><sln:miejscNazwa>Szygówek</sln:miejscNazwa><sln:miejscRodzaj>Wieś</sln:miejscRodzaj><sln:powIIPId>05b6cec3-bcc8-4029-a0bc-99c40ff3c159</sln:powIIPId><sln:powIIPPn>PL.PZGIK.200</sln:powIIPPn><sln:powIIPWersja>2012-09-27T08:13:53+02:00</sln:powIIPWersja><sln:powIdTeryt>1424</sln:powIdTeryt><sln:powNazwa>pułtuski</sln:powNazwa><sln:wojIIPId>4b6c492a-eb04-441d-a92a-f44359c06de7</sln:wojIIPId><sln:wojIIPPn>PL.PZGIK.200</sln:wojIIPPn><sln:wojIIPWersja>2012-09-27T13:45:13+02:00</sln:wojIIPWersja><sln:wojIdTeryt>14</sln:wojIdTeryt><sln:wojNazwa>mazowieckie</sln:wojNazwa></sln:miejscowosc><sln:miejscowosc><sln:cyklZyciaOd>2016-11-26T00:00:00+01:00</sln:cyklZyciaOd><sln:gmIIPId>0b4b3ee0-b7d0-4fe0-9a24-be055fbd7bfa</sln:gmIIPId><sln:gmIIPPn>PL.PZGIK.200</sln:gmIIPPn><sln:gmIIPWersja>2012-09-26T22:55:19+02:00</sln:gmIIPWersja><sln:gmIdTeryt>1424043</sln:gmIdTeryt><sln:gmNazwa>Pułtusk</sln:gmNazwa><sln:miejscIIPId>7b4a405e-3f18-44e9-883c-4653f4dba5bc</sln:miejscIIPId><sln:miejscIIPPn>PL.PZGIK.200</sln:miejscIIPPn><sln:miejscIIPWersja>2016-11-26T16:41:51+02:00</sln:miejscIIPWersja><sln:miejscIdTeryt>0123292</sln:miejscIdTeryt><sln:miejscNazwa>Trzciniec</sln:miejscNazwa><sln:miejscRodzaj>Wieś</sln:miejscRodzaj><sln:powIIPId>05b6cec3-bcc8-4029-a0bc-99c40ff3c159</sln:powIIPId><sln:powIIPPn>PL.PZGIK.200</sln:powIIPPn><sln:powIIPWersja>2012-09-27T08:13:53+02:00</sln:powIIPWersja><sln:powIdTeryt>1424</sln:powIdTeryt><sln:powNazwa>pułtuski</sln:powNazwa><sln:wojIIPId>4b6c492a-eb04-441d-a92a-f44359c06de7</sln:wojIIPId><sln:wojIIPPn>PL.PZGIK.200</sln:wojIIPPn><sln:wojIIPWersja>2012-09-27T13:45:13+02:00</sln:wojIIPWersja><sln:wojIdTeryt>14</sln:wojIdTeryt><sln:wojNazwa>mazowieckie</sln:wojNazwa></sln:miejscowosc><sln:miejscowosc><sln:cyklZyciaOd>2016-11-26T00:00:00+01:00</sln:cyklZyciaOd><sln:gmIIPId>0b4b3ee0-b7d0-4fe0-9a24-be055fbd7bfa</sln:gmIIPId><sln:gmIIPPn>PL.PZGIK.200</sln:gmIIPPn><sln:gmIIPWersja>2012-09-26T22:55:19+02:00</sln:gmIIPWersja><sln:gmIdTeryt>1424043</sln:gmIdTeryt><sln:gmNazwa>Pułtusk</sln:gmNazwa><sln:miejscIIPId>62eb8740-318f-41b3-8ff6-cf1d448c9db0</sln:miejscIIPId><sln:miejscIIPPn>PL.PZGIK.200</sln:miejscIIPPn><sln:miejscIIPWersja>2016-11-26T16:41:51+02:00</sln:miejscIIPWersja><sln:miejscIdTeryt>0123027</sln:miejscIdTeryt><sln:miejscNazwa>Chmielewo</sln:miejscNazwa><sln:miejscRodzaj>Wieś</sln:miejscRodzaj><sln:powIIPId>05b6cec3-bcc8-4029-a0bc-99c40ff3c159</sln:powIIPId><sln:powIIPPn>PL.PZGIK.200</sln:powIIPPn><sln:powIIPWersja>2012-09-27T08:13:53+02:00</sln:powIIPWersja><sln:powIdTeryt>1424</sln:powIdTeryt><sln:powNazwa>pułtuski</sln:powNazwa><sln:wojIIPId>4b6c492a-eb04-441d-a92a-f44359c06de7</sln:wojIIPId><sln:wojIIPPn>PL.PZGIK.200</sln:wojIIPPn><sln:wojIIPWersja>2012-09-27T13:45:13+02:00</sln:wojIIPWersja><sln:wojIdTeryt>14</sln:wojIdTeryt><sln:wojNazwa>mazowieckie</sln:wojNazwa></sln:miejscowosc><sln:miejscowosc><sln:cyklZyciaOd>2016-11-26T00:00:00+01:00</sln:cyklZyciaOd><sln:gmIIPId>0b4b3ee0-b7d0-4fe0-9a24-be055fbd7bfa</sln:gmIIPId><sln:gmIIPPn>PL.PZGIK.200</sln:gmIIPPn><sln:gmIIPWersja>2012-09-26T22:55:19+02:00</sln:gmIIPWersja><sln:gmIdTeryt>1424043</sln:gmIdTeryt><sln:gmNazwa>Pułtusk</sln:gmNazwa><sln:miejscIIPId>f82e0bd7-f969-45c0-aa60-7f7c2b2d0c12</sln:miejscIIPId><sln:miejscIIPPn>PL.PZGIK.200</sln:miejscIIPPn><sln:miejscIIPWersja>2016-11-26T16:41:52+02:00</sln:miejscIIPWersja><sln:miejscIdTeryt>0123300</sln:miejscIdTeryt><sln:miejscNazwa>Zakręt</sln:miejscNazwa><sln:miejscRodzaj>Wieś</sln:miejscRodzaj><sln:powIIPId>05b6cec3-bcc8-4029-a0bc-99c40ff3c159</sln:powIIPId><sln:powIIPPn>PL.PZGIK.200</sln:powIIPPn><sln:powIIPWersja>2012-09-27T08:13:53+02:00</sln:powIIPWersja><sln:powIdTeryt>1424</sln:powIdTeryt><sln:powNazwa>pułtuski</sln:powNazwa><sln:wojIIPId>4b6c492a-eb04-441d-a92a-f44359c06de7</sln:wojIIPId><sln:wojIIPPn>PL.PZGIK.200</sln:wojIIPPn><sln:wojIIPWersja>2012-09-27T13:45:13+02:00</sln:wojIIPWersja><sln:wojIdTeryt>14</sln:wojIdTeryt><sln:wojNazwa>mazowieckie</sln:wojNazwa></sln:miejscowosc><sln:miejscowosc><sln:cyklZyciaOd>2016-11-26T00:00:00+01:00</sln:cyklZyciaOd><sln:gmIIPId>0b4b3ee0-b7d0-4fe0-9a24-be055fbd7bfa</sln:gmIIPId><sln:gmIIPPn>PL.PZGIK.200</sln:gmIIPPn><sln:gmIIPWersja>2012-09-26T22:55:19+02:00</sln:gmIIPWersja><sln:gmIdTeryt>1424043</sln:gmIdTeryt><sln:gmNazwa>Pułtusk</sln:gmNazwa><sln:miejscIIPId>d1615406-d1f4-431b-8382-976d3dc3cc8e</sln:miejscIIPId><sln:miejscIIPPn>PL.PZGIK.200</sln:miejscIIPPn><sln:miejscIIPWersja>2016-11-26T16:41:52+02:00</sln:miejscIIPWersja><sln:miejscIdTeryt>0123062</sln:miejscIdTeryt><sln:miejscNazwa>Grabówiec</sln:miejscNazwa><sln:miejscRodzaj>Wieś</sln:miejscRodzaj><sln:powIIPId>05b6cec3-bcc8-4029-a0bc-99c40ff3c159</sln:powIIPId><sln:powIIPPn>PL.PZGIK.200</sln:powIIPPn><sln:powIIPWersja>2012-09-27T08:13:53+02:00</sln:powIIPWersja><sln:powIdTeryt>1424</sln:powIdTeryt><sln:powNazwa>pułtuski</sln:powNazwa><sln:wojIIPId>4b6c492a-eb04-441d-a92a-f44359c06de7</sln:wojIIPId><sln:wojIIPPn>PL.PZGIK.200</sln:wojIIPPn><sln:wojIIPWersja>2012-09-27T13:45:13+02:00</sln:wojIIPWersja><sln:wojIdTeryt>14</sln:wojIdTeryt><sln:wojNazwa>mazowieckie</sln:wojNazwa></sln:miejscowosc><sln:miejscowosc><sln:cyklZyciaOd>2016-11-26T00:00:00+01:00</sln:cyklZyciaOd><sln:gmIIPId>0b4b3ee0-b7d0-4fe0-9a24-be055fbd7bfa</sln:gmIIPId><sln:gmIIPPn>PL.PZGIK.200</sln:gmIIPPn><sln:gmIIPWersja>2012-09-26T22:55:19+02:00</sln:gmIIPWersja><sln:gmIdTeryt>1424043</sln:gmIdTeryt><sln:gmNazwa>Pułtusk</sln:gmNazwa><sln:miejscIIPId>c6688cb2-7654-4d1c-822d-24e6197404ee</sln:miejscIIPId><sln:miejscIIPPn>PL.PZGIK.200</sln:miejscIIPPn><sln:miejscIIPWersja>2016-11-26T16:41:52+02:00</sln:miejscIIPWersja><sln:miejscIdTeryt>0123033</sln:miejscIdTeryt><sln:miejscNazwa>Głodowo</sln:miejscNazwa><sln:miejscRodzaj>Wieś</sln:miejscRodzaj><sln:powIIPId>05b6cec3-bcc8-4029-a0bc-99c40ff3c159</sln:powIIPId><sln:powIIPPn>PL.PZGIK.200</sln:powIIPPn><sln:powIIPWersja>2012-09-27T08:13:53+02:00</sln:powIIPWersja><sln:powIdTeryt>1424</sln:powIdTeryt><sln:powNazwa>pułtuski</sln:powNazwa><sln:wojIIPId>4b6c492a-eb04-441d-a92a-f44359c06de7</sln:wojIIPId><sln:wojIIPPn>PL.PZGIK.200</sln:wojIIPPn><sln:wojIIPWersja>2012-09-27T13:45:13+02:00</sln:wojIIPWersja><sln:wojIdTeryt>14</sln:wojIdTeryt><sln:wojNazwa>mazowieckie</sln:wojNazwa></sln:miejscowosc><sln:miejscowosc><sln:cyklZyciaOd>2016-11-26T00:00:00+01:00</sln:cyklZyciaOd><sln:gmIIPId>0b4b3ee0-b7d0-4fe0-9a24-be055fbd7bfa</sln:gmIIPId><sln:gmIIPPn>PL.PZGIK.200</sln:gmIIPPn><sln:gmIIPWersja>2012-09-26T22:55:19+02:00</sln:gmIIPWersja><sln:gmIdTeryt>1424043</sln:gmIdTeryt><sln:gmNazwa>Pułtusk</sln:gmNazwa><sln:miejscIIPId>0859a66f-d474-4a1e-8452-542e047e084e</sln:miejscIIPId><sln:miejscIIPPn>PL.PZGIK.200</sln:miejscIIPPn><sln:miejscIIPWersja>2016-11-26T16:41:52+02:00</sln:miejscIIPWersja><sln:miejscIdTeryt>0123040</sln:miejscIdTeryt><sln:miejscNazwa>Gnojno</sln:miejscNazwa><sln:miejscRodzaj>Wieś</sln:miejscRodzaj><sln:powIIPId>05b6cec3-bcc8-4029-a0bc-99c40ff3c159</sln:powIIPId><sln:powIIPPn>PL.PZGIK.200</sln:powIIPPn><sln:powIIPWersja>2012-09-27T08:13:53+02:00</sln:powIIPWersja><sln:powIdTeryt>1424</sln:powIdTeryt><sln:powNazwa>pułtuski</sln:powNazwa><sln:wojIIPId>4b6c492a-eb04-441d-a92a-f44359c06de7</sln:wojIIPId><sln:wojIIPPn>PL.PZGIK.200</sln:wojIIPPn><sln:wojIIPWersja>2012-09-27T13:45:13+02:00</sln:wojIIPWersja><sln:wojIdTeryt>14</sln:wojIdTeryt><sln:wojNazwa>mazowieckie</sln:wojNazwa></sln:miejscowosc><sln:miejscowosc><sln:cyklZyciaOd>2016-11-26T00:00:00+01:00</sln:cyklZyciaOd><sln:gmIIPId>0b4b3ee0-b7d0-4fe0-9a24-be055fbd7bfa</sln:gmIIPId><sln:gmIIPPn>PL.PZGIK.200</sln:gmIIPPn><sln:gmIIPWersja>2012-09-26T22:55:19+02:00</sln:gmIIPWersja><sln:gmIdTeryt>1424043</sln:gmIdTeryt><sln:gmNazwa>Pułtusk</sln:gmNazwa><sln:miejscIIPId>e47086f7-5df9-449e-8736-154f69084ad9</sln:miejscIIPId><sln:miejscIIPPn>PL.PZGIK.200</sln:miejscIIPPn><sln:miejscIIPWersja>2016-11-26T16:41:52+02:00</sln:miejscIIPWersja><sln:miejscIdTeryt>0123079</sln:miejscIdTeryt><sln:miejscNazwa>Gromin</sln:miejscNazwa><sln:miejscRodzaj>Wieś</sln:miejscRodzaj><sln:powIIPId>05b6cec3-bcc8-4029-a0bc-99c40ff3c159</sln:powIIPId><sln:powIIPPn>PL.PZGIK.200</sln:powIIPPn><sln:powIIPWersja>2012-09-27T08:13:53+02:00</sln:powIIPWersja><sln:powIdTeryt>1424</sln:powIdTeryt><sln:powNazwa>pułtuski</sln:powNazwa><sln:wojIIPId>4b6c492a-eb04-441d-a92a-f44359c06de7</sln:wojIIPId><sln:wojIIPPn>PL.PZGIK.200</sln:wojIIPPn><sln:wojIIPWersja>2012-09-27T13:45:13+02:00</sln:wojIIPWersja><sln:wojIdTeryt>14</sln:wojIdTeryt><sln:wojNazwa>mazowieckie</sln:wojNazwa></sln:miejscowosc><sln:miejscowosc><sln:cyklZyciaOd>2016-11-26T00:00:00+01:00</sln:cyklZyciaOd><sln:gmIIPId>0b4b3ee0-b7d0-4fe0-9a24-be055fbd7bfa</sln:gmIIPId><sln:gmIIPPn>PL.PZGIK.200</sln:gmIIPPn><sln:gmIIPWersja>2012-09-26T22:55:19+02:00</sln:gmIIPWersja><sln:gmIdTeryt>1424043</sln:gmIdTeryt><sln:gmNazwa>Pułtusk</sln:gmNazwa><sln:miejscIIPId>dd5c9430-9ca6-484c-9371-0111b3ae199c</sln:miejscIIPId><sln:miejscIIPPn>PL.PZGIK.200</sln:miejscIIPPn><sln:miejscIIPWersja>2016-11-26T16:41:52+02:00</sln:miejscIIPWersja><sln:miejscIdTeryt>0123091</sln:miejscIdTeryt><sln:miejscNazwa>Jeżewo</sln:miejscNazwa><sln:miejscRodzaj>Wieś</sln:miejscRodzaj><sln:powIIPId>05b6cec3-bcc8-4029-a0bc-99c40ff3c159</sln:powIIPId><sln:powIIPPn>PL.PZGIK.200</sln:powIIPPn><sln:powIIPWersja>2012-09-27T08:13:53+02:00</sln:powIIPWersja><sln:powIdTeryt>1424</sln:powIdTeryt><sln:powNazwa>pułtuski</sln:powNazwa><sln:wojIIPId>4b6c492a-eb04-441d-a92a-f44359c06de7</sln:wojIIPId><sln:wojIIPPn>PL.PZGIK.200</sln:wojIIPPn><sln:wojIIPWersja>2012-09-27T13:45:13+02:00</sln:wojIIPWersja><sln:wojIdTeryt>14</sln:wojIdTeryt><sln:wojNazwa>mazowieckie</sln:wojNazwa></sln:miejscowosc><sln:miejscowosc><sln:cyklZyciaOd>2016-11-26T00:00:00+01:00</sln:cyklZyciaOd><sln:gmIIPId>0b4b3ee0-b7d0-4fe0-9a24-be055fbd7bfa</sln:gmIIPId><sln:gmIIPPn>PL.PZGIK.200</sln:gmIIPPn><sln:gmIIPWersja>2012-09-26T22:55:19+02:00</sln:gmIIPWersja><sln:gmIdTeryt>1424043</sln:gmIdTeryt><sln:gmNazwa>Pułtusk</sln:gmNazwa><sln:miejscIIPId>68741135-3318-4a39-be8f-74920b7b4b47</sln:miejscIIPId><sln:miejscIIPPn>PL.PZGIK.200</sln:miejscIIPPn><sln:miejscIIPWersja>2016-11-26T16:41:52+02:00</sln:miejscIIPWersja><sln:miejscIdTeryt>0123100</sln:miejscIdTeryt><sln:miejscNazwa>Kacice</sln:miejscNazwa><sln:miejscRodzaj>Wieś</sln:miejscRodzaj><sln:powIIPId>05b6cec3-bcc8-4029-a0bc-99c40ff3c159</sln:powIIPId><sln:powIIPPn>PL.PZGIK.200</sln:powIIPPn><sln:powIIPWersja>2012-09-27T08:13:53+02:00</sln:powIIPWersja><sln:powIdTeryt>1424</sln:powIdTeryt><sln:powNazwa>pułtuski</sln:powNazwa><sln:wojIIPId>4b6c492a-eb04-441d-a92a-f44359c06de7</sln:wojIIPId><sln:wojIIPPn>PL.PZGIK.200</sln:wojIIPPn><sln:wojIIPWersja>2012-09-27T13:45:13+02:00</sln:wojIIPWersja><sln:wojIdTeryt>14</sln:wojIdTeryt><sln:wojNazwa>mazowieckie</sln:wojNazwa></sln:miejscowosc><sln:miejscowosc><sln:cyklZyciaOd>2016-11-26T00:00:00+01:00</sln:cyklZyciaOd><sln:gmIIPId>0b4b3ee0-b7d0-4fe0-9a24-be055fbd7bfa</sln:gmIIPId><sln:gmIIPPn>PL.PZGIK.200</sln:gmIIPPn><sln:gmIIPWersja>2012-09-26T22:55:19+02:00</sln:gmIIPWersja><sln:gmIdTeryt>1424043</sln:gmIdTeryt><sln:gmNazwa>Pułtusk</sln:gmNazwa><sln:miejscIIPId>d5921f06-2408-4d71-bf59-ddfa03315132</sln:miejscIIPId><sln:miejscIIPPn>PL.PZGIK.200</sln:miejscIIPPn><sln:miejscIIPWersja>2016-11-26T16:41:52+02:00</sln:miejscIIPWersja><sln:miejscIdTeryt>0122996</sln:miejscIdTeryt><sln:miejscNazwa>Białowieża</sln:miejscNazwa><sln:miejscRodzaj>Wieś</sln:miejscRodzaj><sln:powIIPId>05b6cec3-bcc8-4029-a0bc-99c40ff3c159</sln:powIIPId><sln:powIIPPn>PL.PZGIK.200</sln:powIIPPn><sln:powIIPWersja>2012-09-27T08:13:53+02:00</sln:powIIPWersja><sln:powIdTeryt>1424</sln:powIdTeryt><sln:powNazwa>pułtuski</sln:powNazwa><sln:wojIIPId>4b6c492a-eb04-441d-a92a-f44359c06de7</sln:wojIIPId><sln:wojIIPPn>PL.PZGIK.200</sln:wojIIPPn><sln:wojIIPWersja>2012-09-27T13:45:13+02:00</sln:wojIIPWersja><sln:wojIdTeryt>14</sln:wojIdTeryt><sln:wojNazwa>mazowieckie</sln:wojNazwa></sln:miejscowosc><sln:miejscowosc><sln:cyklZyciaOd>2016-11-26T00:00:00+01:00</sln:cyklZyciaOd><sln:gmIIPId>0b4b3ee0-b7d0-4fe0-9a24-be055fbd7bfa</sln:gmIIPId><sln:gmIIPPn>PL.PZGIK.200</sln:gmIIPPn><sln:gmIIPWersja>2012-09-26T22:55:19+02:00</sln:gmIIPWersja><sln:gmIdTeryt>1424043</sln:gmIdTeryt><sln:gmNazwa>Pułtusk</sln:gmNazwa><sln:miejscIIPId>7efe6889-42d9-4bf0-a08e-35ab94292d65</sln:miejscIIPId><sln:miejscIIPPn>PL.PZGIK.200</sln:miejscIIPPn><sln:miejscIIPWersja>2016-11-26T16:41:52+02:00</sln:miejscIIPWersja><sln:miejscIdTeryt>0123122</sln:miejscIdTeryt><sln:miejscNazwa>Kleszewo</sln:miejscNazwa><sln:miejscRodzaj>Wieś</sln:miejscRodzaj><sln:powIIPId>05b6cec3-bcc8-4029-a0bc-99c40ff3c159</sln:powIIPId><sln:powIIPPn>PL.PZGIK.200</sln:powIIPPn><sln:powIIPWersja>2012-09-27T08:13:53+02:00</sln:powIIPWersja><sln:powIdTeryt>1424</sln:powIdTeryt><sln:powNazwa>pułtuski</sln:powNazwa><sln:wojIIPId>4b6c492a-eb04-441d-a92a-f44359c06de7</sln:wojIIPId><sln:wojIIPPn>PL.PZGIK.200</sln:wojIIPPn><sln:wojIIPWersja>2012-09-27T13:45:13+02:00</sln:wojIIPWersja><sln:wojIdTeryt>14</sln:wojIdTeryt><sln:wojNazwa>mazowieckie</sln:wojNazwa></sln:miejscowosc><sln:miejscowosc><sln:cyklZyciaOd>2016-11-26T00:00:00+01:00</sln:cyklZyciaOd><sln:gmIIPId>0b4b3ee0-b7d0-4fe0-9a24-be055fbd7bfa</sln:gmIIPId><sln:gmIIPPn>PL.PZGIK.200</sln:gmIIPPn><sln:gmIIPWersja>2012-09-26T22:55:19+02:00</sln:gmIIPWersja><sln:gmIdTeryt>1424043</sln:gmIdTeryt><sln:gmNazwa>Pułtusk</sln:gmNazwa><sln:miejscIIPId>39eb843e-d4b8-433e-858b-759c9860b249</sln:miejscIIPId><sln:miejscIIPPn>PL.PZGIK.200</sln:miejscIIPPn><sln:miejscIIPWersja>2016-11-26T16:41:52+02:00</sln:miejscIIPWersja><sln:miejscIdTeryt>0123145</sln:miejscIdTeryt><sln:miejscNazwa>Kokoszka</sln:miejscNazwa><sln:miejscRodzaj>Wieś</sln:miejscRodzaj><sln:powIIPId>05b6cec3-bcc8-4029-a0bc-99c40ff3c159</sln:powIIPId><sln:powIIPPn>PL.PZGIK.200</sln:powIIPPn><sln:powIIPWersja>2012-09-27T08:13:53+02:00</sln:powIIPWersja><sln:powIdTeryt>1424</sln:powIdTeryt><sln:powNazwa>pułtuski</sln:powNazwa><sln:wojIIPId>4b6c492a-eb04-441d-a92a-f44359c06de7</sln:wojIIPId><sln:wojIIPPn>PL.PZGIK.200</sln:wojIIPPn><sln:wojIIPWersja>2012-09-27T13:45:13+02:00</sln:wojIIPWersja><sln:wojIdTeryt>14</sln:wojIdTeryt><sln:wojNazwa>mazowieckie</sln:wojNazwa></sln:miejscowosc><sln:miejscowosc><sln:cyklZyciaOd>2016-11-26T00:00:00+01:00</sln:cyklZyciaOd><sln:gmIIPId>0b4b3ee0-b7d0-4fe0-9a24-be055fbd7bfa</sln:gmIIPId><sln:gmIIPPn>PL.PZGIK.200</sln:gmIIPPn><sln:gmIIPWersja>2012-09-26T22:55:19+02:00</sln:gmIIPWersja><sln:gmIdTeryt>1424043</sln:gmIdTeryt><sln:gmNazwa>Pułtusk</sln:gmNazwa><sln:miejscIIPId>35565c6a-ea3e-4b5d-a8b5-b9c4b6c13e0d</sln:miejscIIPId><sln:miejscIIPPn>PL.PZGIK.200</sln:miejscIIPPn><sln:miejscIIPWersja>2016-11-26T16:41:52+02:00</sln:miejscIIPWersja><sln:miejscIdTeryt>0123151</sln:miejscIdTeryt><sln:miejscNazwa>Lipa</sln:miejscNazwa><sln:miejscRodzaj>Wieś</sln:miejscRodzaj><sln:powIIPId>05b6cec3-bcc8-4029-a0bc-99c40ff3c159</sln:powIIPId><sln:powIIPPn>PL.PZGIK.200</sln:powIIPPn><sln:powIIPWersja>2012-09-27T08:13:53+02:00</sln:powIIPWersja><sln:powIdTeryt>1424</sln:powIdTeryt><sln:powNazwa>pułtuski</sln:powNazwa><sln:wojIIPId>4b6c492a-eb04-441d-a92a-f44359c06de7</sln:wojIIPId><sln:wojIIPPn>PL.PZGIK.200</sln:wojIIPPn><sln:wojIIPWersja>2012-09-27T13:45:13+02:00</sln:wojIIPWersja><sln:wojIdTeryt>14</sln:wojIdTeryt><sln:wojNazwa>mazowieckie</sln:wojNazwa></sln:miejscowosc><sln:miejscowosc><sln:cyklZyciaOd>2016-11-26T00:00:00+01:00</sln:cyklZyciaOd><sln:gmIIPId>0b4b3ee0-b7d0-4fe0-9a24-be055fbd7bfa</sln:gmIIPId><sln:gmIIPPn>PL.PZGIK.200</sln:gmIIPPn><sln:gmIIPWersja>2012-09-26T22:55:19+02:00</sln:gmIIPWersja><sln:gmIdTeryt>1424043</sln:gmIdTeryt><sln:gmNazwa>Pułtusk</sln:gmNazwa><sln:miejscIIPId>61f9e6c3-d4ce-4ee7-9b3f-a425866b7ad6</sln:miejscIIPId><sln:miejscIIPPn>PL.PZGIK.200</sln:miejscIIPPn><sln:miejscIIPWersja>2016-11-26T16:41:52+02:00</sln:miejscIIPWersja><sln:miejscIdTeryt>0123270</sln:miejscIdTeryt><sln:miejscNazwa>Lipniki Stare</sln:miejscNazwa><sln:miejscRodzaj>Wieś</sln:miejscRodzaj><sln:powIIPId>05b6cec3-bcc8-4029-a0bc-99c40ff3c159</sln:powIIPId><sln:powIIPPn>PL.PZGIK.200</sln:powIIPPn><sln:powIIPWersja>2012-09-27T08:13:53+02:00</sln:powIIPWersja><sln:powIdTeryt>1424</sln:powIdTeryt><sln:powNazwa>pułtuski</sln:powNazwa><sln:wojIIPId>4b6c492a-eb04-441d-a92a-f44359c06de7</sln:wojIIPId><sln:wojIIPPn>PL.PZGIK.200</sln:wojIIPPn><sln:wojIIPWersja>2012-09-27T13:45:13+02:00</sln:wojIIPWersja><sln:wojIdTeryt>14</sln:wojIdTeryt><sln:wojNazwa>mazowieckie</sln:wojNazwa></sln:miejscowosc><sln:miejscowosc><sln:cyklZyciaOd>2016-11-26T00:00:00+01:00</sln:cyklZyciaOd><sln:gmIIPId>0b4b3ee0-b7d0-4fe0-9a24-be055fbd7bfa</sln:gmIIPId><sln:gmIIPPn>PL.PZGIK.200</sln:gmIIPPn><sln:gmIIPWersja>2012-09-26T22:55:19+02:00</sln:gmIIPWersja><sln:gmIdTeryt>1424043</sln:gmIdTeryt><sln:gmNazwa>Pułtusk</sln:gmNazwa><sln:miejscIIPId>5e77dc30-6301-4987-842c-c1d7ae28f0d8</sln:miejscIIPId><sln:miejscIIPPn>PL.PZGIK.200</sln:miejscIIPPn><sln:miejscIIPWersja>2016-11-26T16:41:52+02:00</sln:miejscIIPWersja><sln:miejscIdTeryt>0123180</sln:miejscIdTeryt><sln:miejscNazwa>Lipniki Nowe</sln:miejscNazwa><sln:miejscRodzaj>Wieś</sln:miejscRodzaj><sln:powIIPId>05b6cec3-bcc8-4029-a0bc-99c40ff3c159</sln:powIIPId><sln:powIIPPn>PL.PZGIK.200</sln:powIIPPn><sln:powIIPWersja>2012-09-27T08:13:53+02:00</sln:powIIPWersja><sln:powIdTeryt>1424</sln:powIdTeryt><sln:powNazwa>pułtuski</sln:powNazwa><sln:wojIIPId>4b6c492a-eb04-441d-a92a-f44359c06de7</sln:wojIIPId><sln:wojIIPPn>PL.PZGIK.200</sln:wojIIPPn><sln:wojIIPWersja>2012-09-27T13:45:13+02:00</sln:wojIIPWersja><sln:wojIdTeryt>14</sln:wojIdTeryt><sln:wojNazwa>mazowieckie</sln:wojNazwa></sln:miejscowosc><sln:miejscowosc><sln:cyklZyciaOd>2016-11-26T00:00:00+01:00</sln:cyklZyciaOd><sln:gmIIPId>0b4b3ee0-b7d0-4fe0-9a24-be055fbd7bfa</sln:gmIIPId><sln:gmIIPPn>PL.PZGIK.200</sln:gmIIPPn><sln:gmIIPWersja>2012-09-26T22:55:19+02:00</sln:gmIIPWersja><sln:gmIdTeryt>1424043</sln:gmIdTeryt><sln:gmNazwa>Pułtusk</sln:gmNazwa><sln:miejscIIPId>eea1b38b-93c5-4ac5-9cd6-632053aba864</sln:miejscIIPId><sln:miejscIIPPn>PL.PZGIK.200</sln:miejscIIPPn><sln:miejscIIPWersja>2016-11-26T16:41:52+02:00</sln:miejscIIPWersja><sln:miejscIdTeryt>0123004</sln:miejscIdTeryt><sln:miejscNazwa>Boby</sln:miejscNazwa><sln:miejscRodzaj>Wieś</sln:miejscRodzaj><sln:powIIPId>05b6cec3-bcc8-4029-a0bc-99c40ff3c159</sln:powIIPId><sln:powIIPPn>PL.PZGIK.200</sln:powIIPPn><sln:powIIPWersja>2012-09-27T08:13:53+02:00</sln:powIIPWersja><sln:powIdTeryt>1424</sln:powIdTeryt><sln:powNazwa>pułtuski</sln:powNazwa><sln:wojIIPId>4b6c492a-eb04-441d-a92a-f44359c06de7</sln:wojIIPId><sln:wojIIPPn>PL.PZGIK.200</sln:wojIIPPn><sln:wojIIPWersja>2012-09-27T13:45:13+02:00</sln:wojIIPWersja><sln:wojIdTeryt>14</sln:wojIdTeryt><sln:wojNazwa>mazowieckie</sln:wojNazwa></sln:miejscowosc><sln:miejscowosc><sln:cyklZyciaOd>2016-11-26T00:00:00+01:00</sln:cyklZyciaOd><sln:gmIIPId>0b4b3ee0-b7d0-4fe0-9a24-be055fbd7bfa</sln:gmIIPId><sln:gmIIPPn>PL.PZGIK.200</sln:gmIIPPn><sln:gmIIPWersja>2012-09-26T22:55:19+02:00</sln:gmIIPWersja><sln:gmIdTeryt>1424043</sln:gmIdTeryt><sln:gmNazwa>Pułtusk</sln:gmNazwa><sln:miejscIIPId>3b8658dd-2ed2-4e04-b6f4-1fdf5f78a291</sln:miejscIIPId><sln:miejscIIPPn>PL.PZGIK.200</sln:miejscIIPPn><sln:miejscIIPWersja>2016-11-26T16:41:53+02:00</sln:miejscIIPWersja><sln:miejscIdTeryt>0123168</sln:miejscIdTeryt><sln:miejscNazwa>Moszyn</sln:miejscNazwa><sln:miejscRodzaj>Wieś</sln:miejscRodzaj><sln:powIIPId>05b6cec3-bcc8-4029-a0bc-99c40ff3c159</sln:powIIPId><sln:powIIPPn>PL.PZGIK.200</sln:powIIPPn><sln:powIIPWersja>2012-09-27T08:13:53+02:00</sln:powIIPWersja><sln:powIdTeryt>1424</sln:powIdTeryt><sln:powNazwa>pułtuski</sln:powNazwa><sln:wojIIPId>4b6c492a-eb04-441d-a92a-f44359c06de7</sln:wojIIPId><sln:wojIIPPn>PL.PZGIK.200</sln:wojIIPPn><sln:wojIIPWersja>2012-09-27T13:45:13+02:00</sln:wojIIPWersja><sln:wojIdTeryt>14</sln:wojIdTeryt><sln:wojNazwa>mazowieckie</sln:wojNazwa></sln:miejscowosc><sln:miejscowosc><sln:cyklZyciaOd>2016-11-26T00:00:00+01:00</sln:cyklZyciaOd><sln:gmIIPId>0b4b3ee0-b7d0-4fe0-9a24-be055fbd7bfa</sln:gmIIPId><sln:gmIIPPn>PL.PZGIK.200</sln:gmIIPPn><sln:gmIIPWersja>2012-09-26T22:55:19+02:00</sln:gmIIPWersja><sln:gmIdTeryt>1424043</sln:gmIdTeryt><sln:gmNazwa>Pułtusk</sln:gmNazwa><sln:miejscIIPId>ba0db969-3fc7-49ef-938e-ce462e0aa461</sln:miejscIIPId><sln:miejscIIPPn>PL.PZGIK.200</sln:miejscIIPPn><sln:miejscIIPWersja>2016-11-26T16:41:53+02:00</sln:miejscIIPWersja><sln:miejscIdTeryt>0123197</sln:miejscIdTeryt><sln:miejscNazwa>Olszak</sln:miejscNazwa><sln:miejscRodzaj>Wieś</sln:miejscRodzaj><sln:powIIPId>05b6cec3-bcc8-4029-a0bc-99c40ff3c159</sln:powIIPId><sln:powIIPPn>PL.PZGIK.200</sln:powIIPPn><sln:powIIPWersja>2012-09-27T08:13:53+02:00</sln:powIIPWersja><sln:powIdTeryt>1424</sln:powIdTeryt><sln:powNazwa>pułtuski</sln:powNazwa><sln:wojIIPId>4b6c492a-eb04-441d-a92a-f44359c06de7</sln:wojIIPId><sln:wojIIPPn>PL.PZGIK.200</sln:wojIIPPn><sln:wojIIPWersja>2012-09-27T13:45:13+02:00</sln:wojIIPWersja><sln:wojIdTeryt>14</sln:wojIdTeryt><sln:wojNazwa>mazowieckie</sln:wojNazwa></sln:miejscowosc><sln:miejscowosc><sln:cyklZyciaOd>2016-11-26T00:00:00+01:00</sln:cyklZyciaOd><sln:gmIIPId>0b4b3ee0-b7d0-4fe0-9a24-be055fbd7bfa</sln:gmIIPId><sln:gmIIPPn>PL.PZGIK.200</sln:gmIIPPn><sln:gmIIPWersja>2012-09-26T22:55:19+02:00</sln:gmIIPWersja><sln:gmIdTeryt>1424043</sln:gmIdTeryt><sln:gmNazwa>Pułtusk</sln:gmNazwa><sln:miejscIIPId>3eb19874-82be-48f2-8390-1e3b93ec627d</sln:miejscIIPId><sln:miejscIIPPn>PL.PZGIK.200</sln:miejscIIPPn><sln:miejscIIPWersja>2016-11-26T16:41:53+02:00</sln:miejscIIPWersja><sln:miejscIdTeryt>0123228</sln:miejscIdTeryt><sln:miejscNazwa>Pawłówek</sln:miejscNazwa><sln:miejscRodzaj>Wieś</sln:miejscRodzaj><sln:powIIPId>05b6cec3-bcc8-4029-a0bc-99c40ff3c159</sln:powIIPId><sln:powIIPPn>PL.PZGIK.200</sln:powIIPPn><sln:powIIPWersja>2012-09-27T08:13:53+02:00</sln:powIIPWersja><sln:powIdTeryt>1424</sln:powIdTeryt><sln:powNazwa>pułtuski</sln:powNazwa><sln:wojIIPId>4b6c492a-eb04-441d-a92a-f44359c06de7</sln:wojIIPId><sln:wojIIPPn>PL.PZGIK.200</sln:wojIIPPn><sln:wojIIPWersja>2012-09-27T13:45:13+02:00</sln:wojIIPWersja><sln:wojIdTeryt>14</sln:wojIdTeryt><sln:wojNazwa>mazowieckie</sln:wojNazwa></sln:miejscowosc><sln:miejscowosc><sln:cyklZyciaOd>2016-11-26T00:00:00+01:00</sln:cyklZyciaOd><sln:gmIIPId>0b4b3ee0-b7d0-4fe0-9a24-be055fbd7bfa</sln:gmIIPId><sln:gmIIPPn>PL.PZGIK.200</sln:gmIIPPn><sln:gmIIPWersja>2012-09-26T22:55:19+02:00</sln:gmIIPWersja><sln:gmIdTeryt>1424043</sln:gmIdTeryt><sln:gmNazwa>Pułtusk</sln:gmNazwa><sln:miejscIIPId>0549e674-9dd5-4503-af45-a946180d7c54</sln:miejscIIPId><sln:miejscIIPPn>PL.PZGIK.200</sln:miejscIIPPn><sln:miejscIIPWersja>2016-11-26T16:41:53+02:00</sln:miejscIIPWersja><sln:miejscIdTeryt>0523985</sln:miejscIdTeryt><sln:miejscNIIPId>d1615406-d1f4-431b-8382-976d3dc3cc8e</sln:miejscNIIPId><sln:miejscNIIPPn>PL.PZGIK.200</sln:miejscNIIPPn><sln:miejscNIIPWersja>2016-11-26T16:41:52+02:00</sln:miejscNIIPWersja><sln:miejscNIdTeryt>0123062</sln:miejscNIdTeryt><sln:miejscNNazwa>Grabówiec</sln:miejscNNazwa><sln:miejscNRodzaj>Wieś</sln:miejscNRodzaj><sln:miejscNazwa>Lemany-Nadleśnictwo</sln:miejscNazwa><sln:miejscRodzaj>Osada leśna</sln:miejscRodzaj><sln:powIIPId>05b6cec3-bcc8-4029-a0bc-99c40ff3c159</sln:powIIPId><sln:powIIPPn>PL.PZGIK.200</sln:powIIPPn><sln:powIIPWersja>2012-09-27T08:13:53+02:00</sln:powIIPWersja><sln:powIdTeryt>1424</sln:powIdTeryt><sln:powNazwa>pułtuski</sln:powNazwa><sln:wojIIPId>4b6c492a-eb04-441d-a92a-f44359c06de7</sln:wojIIPId><sln:wojIIPPn>PL.PZGIK.200</sln:wojIIPPn><sln:wojIIPWersja>2012-09-27T13:45:13+02:00</sln:wojIIPWersja><sln:wojIdTeryt>14</sln:wojIdTeryt><sln:wojNazwa>mazowieckie</sln:wojNazwa></sln:miejscowosc><sln:miejscowosc><sln:cyklZyciaOd>2016-11-26T00:00:00+01:00</sln:cyklZyciaOd><sln:gmIIPId>0b4b3ee0-b7d0-4fe0-9a24-be055fbd7bfa</sln:gmIIPId><sln:gmIIPPn>PL.PZGIK.200</sln:gmIIPPn><sln:gmIIPWersja>2012-09-26T22:55:19+02:00</sln:gmIIPWersja><sln:gmIdTeryt>1424043</sln:gmIdTeryt><sln:gmNazwa>Pułtusk</sln:gmNazwa><sln:miejscIIPId>1498d015-3e54-4341-aa20-29a3469bec68</sln:miejscIIPId><sln:miejscIIPPn>PL.PZGIK.200</sln:miejscIIPPn><sln:miejscIIPWersja>2016-11-26T16:41:53+02:00</sln:miejscIIPWersja><sln:miejscIdTeryt>0930822</sln:miejscIdTeryt><sln:miejscNIIPId>ebe8ee4b-95e4-4e09-b868-8bdb3c22ef8f</sln:miejscNIIPId><sln:miejscNIIPPn>PL.PZGIK.200</sln:miejscNIIPPn><sln:miejscNIIPWersja>2016-11-26T16:41:51+02:00</sln:miejscNIIPWersja><sln:miejscNIdTeryt>0930816</sln:miejscNIdTeryt><sln:miejscNNazwa>Pułtusk</sln:miejscNNazwa><sln:miejscNRodzaj>Miasto</sln:miejscNRodzaj><sln:miejscNazwa>Popławy</sln:miejscNazwa><sln:miejscRodzaj>Inny obiekt</sln:miejscRodzaj><sln:powIIPId>05b6cec3-bcc8-4029-a0bc-99c40ff3c159</sln:powIIPId><sln:powIIPPn>PL.PZGIK.200</sln:powIIPPn><sln:powIIPWersja>2012-09-27T08:13:53+02:00</sln:powIIPWersja><sln:powIdTeryt>1424</sln:powIdTeryt><sln:powNazwa>pułtuski</sln:powNazwa><sln:wojIIPId>4b6c492a-eb04-441d-a92a-f44359c06de7</sln:wojIIPId><sln:wojIIPPn>PL.PZGIK.200</sln:wojIIPPn><sln:wojIIPWersja>2012-09-27T13:45:13+02:00</sln:wojIIPWersja><sln:wojIdTeryt>14</sln:wojIdTeryt><sln:wojNazwa>mazowieckie</sln:wojNazwa></sln:miejscowosc><sln:miejscowosc><sln:cyklZyciaOd>2016-11-26T00:00:00+01:00</sln:cyklZyciaOd><sln:gmIIPId>0b4b3ee0-b7d0-4fe0-9a24-be055fbd7bfa</sln:gmIIPId><sln:gmIIPPn>PL.PZGIK.200</sln:gmIIPPn><sln:gmIIPWersja>2012-09-26T22:55:19+02:00</sln:gmIIPWersja><sln:gmIdTeryt>1424043</sln:gmIdTeryt><sln:gmNazwa>Pułtusk</sln:gmNazwa><sln:miejscIIPId>9bd95228-8a68-407b-ab30-92d76435c7a8</sln:miejscIIPId><sln:miejscIIPPn>PL.PZGIK.200</sln:miejscIIPPn><sln:miejscIIPWersja>2016-11-26T16:41:53+02:00</sln:miejscIIPWersja><sln:miejscIdTeryt>0515388</sln:miejscIdTeryt><sln:miejscNIIPId>ebe8ee4b-95e4-4e09-b868-8bdb3c22ef8f</sln:miejscNIIPId><sln:miejscNIIPPn>PL.PZGIK.200</sln:miejscNIIPPn><sln:miejscNIIPWersja>2016-11-26T16:41:51+02:00</sln:miejscNIIPWersja><sln:miejscNIdTeryt>0930816</sln:miejscNIdTeryt><sln:miejscNNazwa>Pułtusk</sln:miejscNNazwa><sln:miejscNRodzaj>Miasto</sln:miejscNRodzaj><sln:miejscNazwa>Pułtusk-Nadleśnictwo</sln:miejscNazwa><sln:miejscRodzaj>Inny obiekt</sln:miejscRodzaj><sln:powIIPId>05b6cec3-bcc8-4029-a0bc-99c40ff3c159</sln:powIIPId><sln:powIIPPn>PL.PZGIK.200</sln:powIIPPn><sln:powIIPWersja>2012-09-27T08:13:53+02:00</sln:powIIPWersja><sln:powIdTeryt>1424</sln:powIdTeryt><sln:powNazwa>pułtuski</sln:powNazwa><sln:wojIIPId>4b6c492a-eb04-441d-a92a-f44359c06de7</sln:wojIIPId><sln:wojIIPPn>PL.PZGIK.200</sln:wojIIPPn><sln:wojIIPWersja>2012-09-27T13:45:13+02:00</sln:wojIIPWersja><sln:wojIdTeryt>14</sln:wojIdTeryt><sln:wojNazwa>mazowieckie</sln:wojNazwa></sln:miejscowosc><sln:miejscowosc><sln:cyklZyciaOd>2016-11-26T00:00:00+01:00</sln:cyklZyciaOd><sln:gmIIPId>0b4b3ee0-b7d0-4fe0-9a24-be055fbd7bfa</sln:gmIIPId><sln:gmIIPPn>PL.PZGIK.200</sln:gmIIPPn><sln:gmIIPWersja>2012-09-26T22:55:19+02:00</sln:gmIIPWersja><sln:gmIdTeryt>1424043</sln:gmIdTeryt><sln:gmNazwa>Pułtusk</sln:gmNazwa><sln:miejscIIPId>dee03d56-504b-41ae-a487-703489be450b</sln:miejscIIPId><sln:miejscIIPPn>PL.PZGIK.200</sln:miejscIIPPn><sln:miejscIIPWersja>2016-11-26T16:41:53+02:00</sln:miejscIIPWersja><sln:miejscIdTeryt>0123056</sln:miejscIdTeryt><sln:miejscNIIPId>0859a66f-d474-4a1e-8452-542e047e084e</sln:miejscNIIPId><sln:miejscNIIPPn>PL.PZGIK.200</sln:miejscNIIPPn><sln:miejscNIIPWersja>2016-11-26T16:41:52+02:00</sln:miejscNIIPWersja><sln:miejscNIdTeryt>0123040</sln:miejscNIdTeryt><sln:miejscNNazwa>Gnojno</sln:miejscNNazwa><sln:miejscNRodzaj>Wieś</sln:miejscNRodzaj><sln:miejscNazwa>Rapaty</sln:miejscNazwa><sln:miejscRodzaj>Inny obiekt</sln:miejscRodzaj><sln:powIIPId>05b6cec3-bcc8-4029-a0bc-99c40ff3c159</sln:powIIPId><sln:powIIPPn>PL.PZGIK.200</sln:powIIPPn><sln:powIIPWersja>2012-09-27T08:13:53+02:00</sln:powIIPWersja><sln:powIdTeryt>1424</sln:powIdTeryt><sln:powNazwa>pułtuski</sln:powNazwa><sln:wojIIPId>4b6c492a-eb04-441d-a92a-f44359c06de7</sln:wojIIPId><sln:wojIIPPn>PL.PZGIK.200</sln:wojIIPPn><sln:wojIIPWersja>2012-09-27T13:45:13+02:00</sln:wojIIPWersja><sln:wojIdTeryt>14</sln:wojIdTeryt><sln:wojNazwa>mazowieckie</sln:wojNazwa></sln:miejscowosc><sln:miejscowosc><sln:cyklZyciaOd>2016-11-26T00:00:00+01:00</sln:cyklZyciaOd><sln:gmIIPId>0b4b3ee0-b7d0-4fe0-9a24-be055fbd7bfa</sln:gmIIPId><sln:gmIIPPn>PL.PZGIK.200</sln:gmIIPPn><sln:gmIIPWersja>2012-09-26T22:55:19+02:00</sln:gmIIPWersja><sln:gmIdTeryt>1424043</sln:gmIdTeryt><sln:gmNazwa>Pułtusk</sln:gmNazwa><sln:miejscIIPId>f879893a-697d-48be-8125-b2c4e412a9f1</sln:miejscIIPId><sln:miejscIIPPn>PL.PZGIK.200</sln:miejscIIPPn><sln:miejscIIPWersja>2016-11-26T16:41:53+02:00</sln:miejscIIPWersja><sln:miejscIdTeryt>0123116</sln:miejscIdTeryt><sln:miejscNIIPId>68741135-3318-4a39-be8f-74920b7b4b47</sln:miejscNIIPId><sln:miejscNIIPPn>PL.PZGIK.200</sln:miejscNIIPPn><sln:miejscNIIPWersja>2016-11-26T16:41:52+02:00</sln:miejscNIIPWersja><sln:miejscNIdTeryt>0123100</sln:miejscNIdTeryt><sln:miejscNNazwa>Kacice</sln:miejscNNazwa><sln:miejscNRodzaj>Wieś</sln:miejscNRodzaj><sln:miejscNazwa>Radzice</sln:miejscNazwa><sln:miejscRodzaj>Inny obiekt</sln:miejscRodzaj><sln:powIIPId>05b6cec3-bcc8-4029-a0bc-99c40ff3c159</sln:powIIPId><sln:powIIPPn>PL.PZGIK.200</sln:powIIPPn><sln:powIIPWersja>2012-09-27T08:13:53+02:00</sln:powIIPWersja><sln:powIdTeryt>1424</sln:powIdTeryt><sln:powNazwa>pułtuski</sln:powNazwa><sln:wojIIPId>4b6c492a-eb04-441d-a92a-f44359c06de7</sln:wojIIPId><sln:wojIIPPn>PL.PZGIK.200</sln:wojIIPPn><sln:wojIIPWersja>2012-09-27T13:45:13+02:00</sln:wojIIPWersja><sln:wojIdTeryt>14</sln:wojIdTeryt><sln:wojNazwa>mazowieckie</sln:wojNazwa></sln:miejscowosc><sln:miejscowosc><sln:cyklZyciaOd>2016-11-26T00:00:00+01:00</sln:cyklZyciaOd><sln:gmIIPId>0b4b3ee0-b7d0-4fe0-9a24-be055fbd7bfa</sln:gmIIPId><sln:gmIIPPn>PL.PZGIK.200</sln:gmIIPPn><sln:gmIIPWersja>2012-09-26T22:55:19+02:00</sln:gmIIPWersja><sln:gmIdTeryt>1424043</sln:gmIdTeryt><sln:gmNazwa>Pułtusk</sln:gmNazwa><sln:miejscIIPId>61a53983-cb0f-4bef-a3cd-15ab2cf33029</sln:miejscIIPId><sln:miejscIIPPn>PL.PZGIK.200</sln:miejscIIPPn><sln:miejscIIPWersja>2016-11-26T16:41:53+02:00</sln:miejscIIPWersja><sln:miejscIdTeryt>0123205</sln:miejscIdTeryt><sln:miejscNIIPId>ba0db969-3fc7-49ef-938e-ce462e0aa461</sln:miejscNIIPId><sln:miejscNIIPPn>PL.PZGIK.200</sln:miejscNIIPPn><sln:miejscNIIPWersja>2016-11-26T16:41:53+02:00</sln:miejscNIIPWersja><sln:miejscNIdTeryt>0123197</sln:miejscNIdTeryt><sln:miejscNNazwa>Olszak</sln:miejscNNazwa><sln:miejscNRodzaj>Wieś</sln:miejscNRodzaj><sln:miejscNazwa>Dworek</sln:miejscNazwa><sln:miejscRodzaj>Inny obiekt</sln:miejscRodzaj><sln:powIIPId>05b6cec3-bcc8-4029-a0bc-99c40ff3c159</sln:powIIPId><sln:powIIPPn>PL.PZGIK.200</sln:powIIPPn><sln:powIIPWersja>2012-09-27T08:13:53+02:00</sln:powIIPWersja><sln:powIdTeryt>1424</sln:powIdTeryt><sln:powNazwa>pułtuski</sln:powNazwa><sln:wojIIPId>4b6c492a-eb04-441d-a92a-f44359c06de7</sln:wojIIPId><sln:wojIIPPn>PL.PZGIK.200</sln:wojIIPPn><sln:wojIIPWersja>2012-09-27T13:45:13+02:00</sln:wojIIPWersja><sln:wojIdTeryt>14</sln:wojIdTeryt><sln:wojNazwa>mazowieckie</sln:wojNazwa></sln:miejscowosc></sln:lista-miejscowosci>