<?xml version="1.0" encoding="UTF-8" standalone="yes"?><sln:lista-miejscowosci xmlns:srv="http://gugik.gov.pl/schemas/slowniki-service/1.0" xmlns:sln="http://gugik.gov.pl/schemas/slowniki-schema/1.0"><sln:miejscowosc><sln:cyklZyciaDo>2016-11-26T00:00:00+01:00</sln:cyklZyciaDo><sln:cyklZyciaOd>2014-09-26T00:00:00+02:00</sln:cyklZyciaOd><sln:gmIIPId>891e039b-653e-46b7-96fe-c455662c7871</sln:gmIIPId><sln:gmIIPPn>PL.PZGIK.200</sln:gmIIPPn><sln:gmIIPWersja>2012-09-26T21:56:43+02:00</sln:gmIIPWersja><sln:gmIdTeryt>1426062</sln:gmIdTeryt><sln:gmNazwa>Paprotnia</sln:gmNazwa><sln:miejscIIPId>67c4546a-dc1f-46ab-9f5d-8f9b5b0c460f</sln:miejscIIPId><sln:miejscIIPPn>PL.PZGIK.200</sln:miejscIIPPn><sln:miejscIIPWersja>2016-11-24T13:44:22+02:00</sln:miejscIIPWersja><sln:miejscIdTeryt>0683520</sln:miejscIdTeryt><sln:miejscNazwa>Paprotnia</sln:miejscNazwa><sln:miejscRodzaj>Wieś</sln:miejscRodzaj><sln:powIIPId>60f09523-3b8a-4b99-b112-9f6b6cf3c982</sln:powIIPId><sln:powIIPPn>PL.PZGIK.200</sln:powIIPPn><sln:powIIPWersja>2012-09-27T08:13:53+02:00</sln:powIIPWersja><sln:powIdTeryt>1426</sln:powIdTeryt><sln:powNazwa>siedlecki</sln:powNazwa><sln:wojIIPId>4b6c492a-eb04-441d-a92a-f44359c06de7</sln:wojIIPId><sln:wojIIPPn>PL.PZGIK.200</sln:wojIIPPn><sln:wojIIPWersja>2012-09-27T13:45:13+02:00</sln:wojIIPWersja><sln:wojIdTeryt>14</sln:wojIdTeryt><sln:wojNazwa>mazowieckie</sln:wojNazwa></sln:miejscowosc><sln:miejscowosc><sln:cyklZyciaDo>2016-11-26T00:00:00+01:00</sln:cyklZyciaDo><sln:cyklZyciaOd>2014-09-26T00:00:00+02:00</sln:cyklZyciaOd><sln:gmIIPId>891e039b-653e-46b7-96fe-c455662c7871</sln:gmIIPId><sln:gmIIPPn>PL.PZGIK.200</sln:gmIIPPn><sln:gmIIPWersja>2012-09-26T21:56:43+02:00</sln:gmIIPWersja><sln:gmIdTeryt>1426062</sln:gmIdTeryt><sln:gmNazwa>Paprotnia</sln:gmNazwa><sln:miejscIIPId>5468ea9f-c9cf-4a96-bc9b-59840eda0dc2</sln:miejscIIPId><sln:miejscIIPPn>PL.PZGIK.200</sln:miejscIIPPn><sln:miejscIIPWersja>2016-11-24T13:40:25+02:00</sln:miejscIIPWersja><sln:miejscIdTeryt>0683482</sln:miejscIdTeryt><sln:miejscNazwa>Krynki</sln:miejscNazwa><sln:miejscRodzaj>Wieś</sln:miejscRodzaj><sln:powIIPId>60f09523-3b8a-4b99-b112-9f6b6cf3c982</sln:powIIPId><sln:powIIPPn>PL.PZGIK.200</sln:powIIPPn><sln:powIIPWersja>2012-09-27T08:13:53+02:00</sln:powIIPWersja><sln:powIdTeryt>1426</sln:powIdTeryt><sln:powNazwa>siedlecki</sln:powNazwa><sln:wojIIPId>4b6c492a-eb04-441d-a92a-f44359c06de7</sln:wojIIPId><sln:wojIIPPn>PL.PZGIK.200</sln:wojIIPPn><sln:wojIIPWersja>2012-09-27T13:45:13+02:00</sln:wojIIPWersja><sln:wojIdTeryt>14</sln:wojIdTeryt><sln:wojNazwa>mazowieckie</sln:wojNazwa></sln:miejscowosc><sln:miejscowosc><sln:cyklZyciaDo>2016-11-26T00:00:00+01:00</sln:cyklZyciaDo><sln:cyklZyciaOd>2014-09-26T00:00:00+02:00</sln:cyklZyciaOd><sln:gmIIPId>891e039b-653e-46b7-96fe-c455662c7871</sln:gmIIPId><sln:gmIIPPn>PL.PZGIK.200</sln:gmIIPPn><sln:gmIIPWersja>2012-09-26T21:56:43+02:00</sln:gmIIPWersja><sln:gmIdTeryt>1426062</sln:gmIdTeryt><sln:gmNazwa>Paprotnia</sln:gmNazwa><sln:miejscIIPId>3bc852eb-bcf2-46ea-9e56-445cf8aa5932</sln:miejscIIPId><sln:miejscIIPPn>PL.PZGIK.200</sln:miejscIIPPn><sln:miejscIIPWersja>2016-11-24T13:32:25+02:00</sln:miejscIIPWersja><sln:miejscIdTeryt>0683619</sln:miejscIdTeryt><sln:miejscNazwa>Trębice Dolne</sln:miejscNazwa><sln:miejscRodzaj>Wieś</sln:miejscRodzaj><sln:powIIPId>60f09523-3b8a-4b99-b112-9f6b6cf3c982</sln:powIIPId><sln:powIIPPn>PL.PZGIK.200</sln:powIIPPn><sln:powIIPWersja>2012-09-27T08:13:53+02:00</sln:powIIPWersja><sln:powIdTeryt>1426</sln:powIdTeryt><sln:powNazwa>siedlecki</sln:powNazwa><sln:wojIIPId>4b6c492a-eb04-441d-a92a-f44359c06de7</sln:wojIIPId><sln:wojIIPPn>PL.PZGIK.200</sln:wojIIPPn><sln:wojIIPWersja>2012-09-27T13:45:13+02:00</sln:wojIIPWersja><sln:wojIdTeryt>14</sln:wojIdTeryt><sln:wojNazwa>mazowieckie</sln:wojNazwa></sln:miejscowosc><sln:miejscowosc><sln:cyklZyciaDo>2016-11-26T00:00:00+01:00</sln:cyklZyciaDo><sln:cyklZyciaOd>2014-09-26T00:00:00+02:00</sln:cyklZyciaOd><sln:gmIIPId>891e039b-653e-46b7-96fe-c455662c7871</sln:gmIIPId><sln:gmIIPPn>PL.PZGIK.200</sln:gmIIPPn><sln:gmIIPWersja>2012-09-26T21:56:43+02:00</sln:gmIIPWersja><sln:gmIdTeryt>1426062</sln:gmIdTeryt><sln:gmNazwa>Paprotnia</sln:gmNazwa><sln:miejscIIPId>6984c9c4-a27d-4807-880f-931487ceef0a</sln:miejscIIPId><sln:miejscIIPPn>PL.PZGIK.200</sln:miejscIIPPn><sln:miejscIIPWersja>2016-11-24T13:30:46+02:00</sln:miejscIIPWersja><sln:miejscIdTeryt>0683571</sln:miejscIdTeryt><sln:miejscNazwa>Skwierczyn Lacki</sln:miejscNazwa><sln:miejscRodzaj>Wieś</sln:miejscRodzaj><sln:powIIPId>60f09523-3b8a-4b99-b112-9f6b6cf3c982</sln:powIIPId><sln:powIIPPn>PL.PZGIK.200</sln:powIIPPn><sln:powIIPWersja>2012-09-27T08:13:53+02:00</sln:powIIPWersja><sln:powIdTeryt>1426</sln:powIdTeryt><sln:powNazwa>siedlecki</sln:powNazwa><sln:wojIIPId>4b6c492a-eb04-441d-a92a-f44359c06de7</sln:wojIIPId><sln:wojIIPPn>PL.PZGIK.200</sln:wojIIPPn><sln:wojIIPWersja>2012-09-27T13:45:13+02:00</sln:wojIIPWersja><sln:wojIdTeryt>14</sln:wojIdTeryt><sln:wojNazwa>mazowieckie</sln:wojNazwa></sln:miejscowosc><sln:miejscowosc><sln:cyklZyciaDo>2016-11-26T00:00:00+01:00</sln:cyklZyciaDo><sln:cyklZyciaOd>2014-09-26T00:00:00+02:00</sln:cyklZyciaOd><sln:gmIIPId>891e039b-653e-46b7-96fe-c455662c7871</sln:gmIIPId><sln:gmIIPPn>PL.PZGIK.200</sln:gmIIPPn><sln:gmIIPWersja>2012-09-26T21:56:43+02:00</sln:gmIIPWersja><sln:gmIdTeryt>1426062</sln:gmIdTeryt><sln:gmNazwa>Paprotnia</sln:gmNazwa><sln:miejscIIPId>2c5e4522-0df0-45f2-a714-6ded04679d95</sln:miejscIIPId><sln:miejscIIPPn>PL.PZGIK.200</sln:miejscIIPPn><sln:miejscIIPWersja>2016-11-24T13:41:33+02:00</sln:miejscIIPWersja><sln:miejscIdTeryt>0683499</sln:miejscIdTeryt><sln:miejscNazwa>Łęczycki</sln:miejscNazwa><sln:miejscRodzaj>Wieś</sln:miejscRodzaj><sln:powIIPId>60f09523-3b8a-4b99-b112-9f6b6cf3c982</sln:powIIPId><sln:powIIPPn>PL.PZGIK.200</sln:powIIPPn><sln:powIIPWersja>2012-09-27T08:13:53+02:00</sln:powIIPWersja><sln:powIdTeryt>1426</sln:powIdTeryt><sln:powNazwa>siedlecki</sln:powNazwa><sln:wojIIPId>4b6c492a-eb04-441d-a92a-f44359c06de7</sln:wojIIPId><sln:wojIIPPn>PL.PZGIK.200</sln:wojIIPPn><sln:wojIIPWersja>2012-09-27T13:45:13+02:00</sln:wojIIPWersja><sln:wojIdTeryt>14</sln:wojIdTeryt><sln:wojNazwa>mazowieckie</sln:wojNazwa></sln:miejscowosc><sln:miejscowosc><sln:cyklZyciaDo>2016-11-26T00:00:00+01:00</sln:cyklZyciaDo><sln:cyklZyciaOd>2014-09-26T00:00:00+02:00</sln:cyklZyciaOd><sln:gmIIPId>891e039b-653e-46b7-96fe-c455662c7871</sln:gmIIPId><sln:gmIIPPn>PL.PZGIK.200</sln:gmIIPPn><sln:gmIIPWersja>2012-09-26T21:56:43+02:00</sln:gmIIPWersja><sln:gmIdTeryt>1426062</sln:gmIdTeryt><sln:gmNazwa>Paprotnia</sln:gmNazwa><sln:miejscIIPId>7b5cbb03-93a3-4f63-bb5c-d812a174103b</sln:miejscIIPId><sln:miejscIIPPn>PL.PZGIK.200</sln:miejscIIPPn><sln:miejscIIPWersja>2016-11-24T13:39:34+02:00</sln:miejscIIPWersja><sln:miejscIdTeryt>0683460</sln:miejscIdTeryt><sln:miejscNazwa>Kobylany-Kozy</sln:miejscNazwa><sln:miejscRodzaj>Wieś</sln:miejscRodzaj><sln:powIIPId>60f09523-3b8a-4b99-b112-9f6b6cf3c982</sln:powIIPId><sln:powIIPPn>PL.PZGIK.200</sln:powIIPPn><sln:powIIPWersja>2012-09-27T08:13:53+02:00</sln:powIIPWersja><sln:powIdTeryt>1426</sln:powIdTeryt><sln:powNazwa>siedlecki</sln:powNazwa><sln:wojIIPId>4b6c492a-eb04-441d-a92a-f44359c06de7</sln:wojIIPId><sln:wojIIPPn>PL.PZGIK.200</sln:wojIIPPn><sln:wojIIPWersja>2012-09-27T13:45:13+02:00</sln:wojIIPWersja><sln:wojIdTeryt>14</sln:wojIdTeryt><sln:wojNazwa>mazowieckie</sln:wojNazwa></sln:miejscowosc><sln:miejscowosc><sln:cyklZyciaDo>2016-11-26T00:00:00+01:00</sln:cyklZyciaDo><sln:cyklZyciaOd>2014-09-26T00:00:00+02:00</sln:cyklZyciaOd><sln:gmIIPId>891e039b-653e-46b7-96fe-c455662c7871</sln:gmIIPId><sln:gmIIPPn>PL.PZGIK.200</sln:gmIIPPn><sln:gmIIPWersja>2012-09-26T21:56:43+02:00</sln:gmIIPWersja><sln:gmIdTeryt>1426062</sln:gmIdTeryt><sln:gmNazwa>Paprotnia</sln:gmNazwa><sln:miejscIIPId>5b1177af-36be-4c2d-b5e0-fc68de9a68d6</sln:miejscIIPId><sln:miejscIIPPn>PL.PZGIK.200</sln:miejscIIPPn><sln:miejscIIPWersja>2016-11-24T13:31:26+02:00</sln:miejscIIPWersja><sln:miejscIdTeryt>0683594</sln:miejscIdTeryt><sln:miejscNazwa>Stasin</sln:miejscNazwa><sln:miejscRodzaj>Wieś</sln:miejscRodzaj><sln:powIIPId>60f09523-3b8a-4b99-b112-9f6b6cf3c982</sln:powIIPId><sln:powIIPPn>PL.PZGIK.200</sln:powIIPPn><sln:powIIPWersja>2012-09-27T08:13:53+02:00</sln:powIIPWersja><sln:powIdTeryt>1426</sln:powIdTeryt><sln:powNazwa>siedlecki</sln:powNazwa><sln:wojIIPId>4b6c492a-eb04-441d-a92a-f44359c06de7</sln:wojIIPId><sln:wojIIPPn>PL.PZGIK.200</sln:wojIIPPn><sln:wojIIPWersja>2012-09-27T13:45:13+02:00</sln:wojIIPWersja><sln:wojIdTeryt>14</sln:wojIdTeryt><sln:wojNazwa>mazowieckie</sln:wojNazwa></sln:miejscowosc><sln:miejscowosc><sln:cyklZyciaDo>2016-11-26T00:00:00+01:00</sln:cyklZyciaDo><sln:cyklZyciaOd>2014-09-26T00:00:00+02:00</sln:cyklZyciaOd><sln:gmIIPId>891e039b-653e-46b7-96fe-c455662c7871</sln:gmIIPId><sln:gmIIPPn>PL.PZGIK.200</sln:gmIIPPn><sln:gmIIPWersja>2012-09-26T21:56:43+02:00</sln:gmIIPWersja><sln:gmIdTeryt>1426062</sln:gmIdTeryt><sln:gmNazwa>Paprotnia</sln:gmNazwa><sln:miejscIIPId>d7255f88-269c-4221-8135-3fa3d3098085</sln:miejscIIPId><sln:miejscIIPPn>PL.PZGIK.200</sln:miejscIIPPn><sln:miejscIIPWersja>2016-11-24T13:28:11+02:00</sln:miejscIIPWersja><sln:miejscIdTeryt>0683542</sln:miejscIdTeryt><sln:miejscNazwa>Pluty</sln:miejscNazwa><sln:miejscRodzaj>Wieś</sln:miejscRodzaj><sln:powIIPId>60f09523-3b8a-4b99-b112-9f6b6cf3c982</sln:powIIPId><sln:powIIPPn>PL.PZGIK.200</sln:powIIPPn><sln:powIIPWersja>2012-09-27T08:13:53+02:00</sln:powIIPWersja><sln:powIdTeryt>1426</sln:powIdTeryt><sln:powNazwa>siedlecki</sln:powNazwa><sln:wojIIPId>4b6c492a-eb04-441d-a92a-f44359c06de7</sln:wojIIPId><sln:wojIIPPn>PL.PZGIK.200</sln:wojIIPPn><sln:wojIIPWersja>2012-09-27T13:45:13+02:00</sln:wojIIPWersja><sln:wojIdTeryt>14</sln:wojIdTeryt><sln:wojNazwa>mazowieckie</sln:wojNazwa></sln:miejscowosc><sln:miejscowosc><sln:cyklZyciaDo>2016-11-26T00:00:00+01:00</sln:cyklZyciaDo><sln:cyklZyciaOd>2014-09-26T00:00:00+02:00</sln:cyklZyciaOd><sln:gmIIPId>891e039b-653e-46b7-96fe-c455662c7871</sln:gmIIPId><sln:gmIIPPn>PL.PZGIK.200</sln:gmIIPPn><sln:gmIIPWersja>2012-09-26T21:56:43+02:00</sln:gmIIPWersja><sln:gmIdTeryt>1426062</sln:gmIdTeryt><sln:gmNazwa>Paprotnia</sln:gmNazwa><sln:miejscIIPId>0cdc4b38-846c-4489-ba59-44f31493a8f9</sln:miejscIIPId><sln:miejscIIPPn>PL.PZGIK.200</sln:miejscIIPPn><sln:miejscIIPWersja>2016-11-24T13:30:11+02:00</sln:miejscIIPWersja><sln:miejscIdTeryt>4000263</sln:miejscIdTeryt><sln:miejscNazwa>Kolonia Rzeszotków</sln:miejscNazwa><sln:miejscRodzaj>Inny obiekt</sln:miejscRodzaj><sln:powIIPId>60f09523-3b8a-4b99-b112-9f6b6cf3c982</sln:powIIPId><sln:powIIPPn>PL.PZGIK.200</sln:powIIPPn><sln:powIIPWersja>2012-09-27T08:13:53+02:00</sln:powIIPWersja><sln:powIdTeryt>1426</sln:powIdTeryt><sln:powNazwa>siedlecki</sln:powNazwa><sln:wojIIPId>4b6c492a-eb04-441d-a92a-f44359c06de7</sln:wojIIPId><sln:wojIIPPn>PL.PZGIK.200</sln:wojIIPPn><sln:wojIIPWersja>2012-09-27T13:45:13+02:00</sln:wojIIPWersja><sln:wojIdTeryt>14</sln:wojIdTeryt><sln:wojNazwa>mazowieckie</sln:wojNazwa></sln:miejscowosc><sln:miejscowosc><sln:cyklZyciaDo>2016-11-26T00:00:00+01:00</sln:cyklZyciaDo><sln:cyklZyciaOd>2014-09-26T00:00:00+02:00</sln:cyklZyciaOd><sln:gmIIPId>891e039b-653e-46b7-96fe-c455662c7871</sln:gmIIPId><sln:gmIIPPn>PL.PZGIK.200</sln:gmIIPPn><sln:gmIIPWersja>2012-09-26T21:56:43+02:00</sln:gmIIPWersja><sln:gmIdTeryt>1426062</sln:gmIdTeryt><sln:gmNazwa>Paprotnia</sln:gmNazwa><sln:miejscIIPId>bc3af04a-62dc-4e99-83ac-753aa4e0badb</sln:miejscIIPId><sln:miejscIIPPn>PL.PZGIK.200</sln:miejscIIPPn><sln:miejscIIPWersja>2016-11-24T13:31:30+02:00</sln:miejscIIPWersja><sln:miejscIdTeryt>4000381</sln:miejscIdTeryt><sln:miejscNazwa>Kolonia Strusy</sln:miejscNazwa><sln:miejscRodzaj>Inny obiekt</sln:miejscRodzaj><sln:powIIPId>60f09523-3b8a-4b99-b112-9f6b6cf3c982</sln:powIIPId><sln:powIIPPn>PL.PZGIK.200</sln:powIIPPn><sln:powIIPWersja>2012-09-27T08:13:53+02:00</sln:powIIPWersja><sln:powIdTeryt>1426</sln:powIdTeryt><sln:powNazwa>siedlecki</sln:powNazwa><sln:wojIIPId>4b6c492a-eb04-441d-a92a-f44359c06de7</sln:wojIIPId><sln:wojIIPPn>PL.PZGIK.200</sln:wojIIPPn><sln:wojIIPWersja>2012-09-27T13:45:13+02:00</sln:wojIIPWersja><sln:wojIdTeryt>14</sln:wojIdTeryt><sln:wojNazwa>mazowieckie</sln:wojNazwa></sln:miejscowosc><sln:miejscowosc><sln:cyklZyciaDo>2016-11-26T00:00:00+01:00</sln:cyklZyciaDo><sln:cyklZyciaOd>2014-09-26T00:00:00+02:00</sln:cyklZyciaOd><sln:gmIIPId>891e039b-653e-46b7-96fe-c455662c7871</sln:gmIIPId><sln:gmIIPPn>PL.PZGIK.200</sln:gmIIPPn><sln:gmIIPWersja>2012-09-26T21:56:43+02:00</sln:gmIIPWersja><sln:gmIdTeryt>1426062</sln:gmIdTeryt><sln:gmNazwa>Paprotnia</sln:gmNazwa><sln:miejscIIPId>8b8af4eb-a342-4e65-994f-dee22d7f42c3</sln:miejscIIPId><sln:miejscIIPPn>PL.PZGIK.200</sln:miejscIIPPn><sln:miejscIIPWersja>2016-11-24T13:31:19+02:00</sln:miejscIIPWersja><sln:miejscIdTeryt>0683588</sln:miejscIdTeryt><sln:miejscNazwa>Stare Trębice</sln:miejscNazwa><sln:miejscRodzaj>Wieś</sln:miejscRodzaj><sln:powIIPId>60f09523-3b8a-4b99-b112-9f6b6cf3c982</sln:powIIPId><sln:powIIPPn>PL.PZGIK.200</sln:powIIPPn><sln:powIIPWersja>2012-09-27T08:13:53+02:00</sln:powIIPWersja><sln:powIdTeryt>1426</sln:powIdTeryt><sln:powNazwa>siedlecki</sln:powNazwa><sln:wojIIPId>4b6c492a-eb04-441d-a92a-f44359c06de7</sln:wojIIPId><sln:wojIIPPn>PL.PZGIK.200</sln:wojIIPPn><sln:wojIIPWersja>2012-09-27T13:45:13+02:00</sln:wojIIPWersja><sln:wojIdTeryt>14</sln:wojIdTeryt><sln:wojNazwa>mazowieckie</sln:wojNazwa></sln:miejscowosc><sln:miejscowosc><sln:cyklZyciaDo>2016-11-26T00:00:00+01:00</sln:cyklZyciaDo><sln:cyklZyciaOd>2014-09-26T00:00:00+02:00</sln:cyklZyciaOd><sln:gmIIPId>891e039b-653e-46b7-96fe-c455662c7871</sln:gmIIPId><sln:gmIIPPn>PL.PZGIK.200</sln:gmIIPPn><sln:gmIIPWersja>2012-09-26T21:56:43+02:00</sln:gmIIPWersja><sln:gmIdTeryt>1426062</sln:gmIdTeryt><sln:gmNazwa>Paprotnia</sln:gmNazwa><sln:miejscIIPId>d6a6e0fa-134a-4aab-a256-095c6d8b3da4</sln:miejscIIPId><sln:miejscIIPPn>PL.PZGIK.200</sln:miejscIIPPn><sln:miejscIIPWersja>2016-11-24T13:32:00+02:00</sln:miejscIIPWersja><sln:miejscIdTeryt>4000403</sln:miejscIdTeryt><sln:miejscNazwa>Szkopki</sln:miejscNazwa><sln:miejscRodzaj>Inny obiekt</sln:miejscRodzaj><sln:powIIPId>60f09523-3b8a-4b99-b112-9f6b6cf3c982</sln:powIIPId><sln:powIIPPn>PL.PZGIK.200</sln:powIIPPn><sln:powIIPWersja>2012-09-27T08:13:53+02:00</sln:powIIPWersja><sln:powIdTeryt>1426</sln:powIdTeryt><sln:powNazwa>siedlecki</sln:powNazwa><sln:wojIIPId>4b6c492a-eb04-441d-a92a-f44359c06de7</sln:wojIIPId><sln:wojIIPPn>PL.PZGIK.200</sln:wojIIPPn><sln:wojIIPWersja>2012-09-27T13:45:13+02:00</sln:wojIIPWersja><sln:wojIdTeryt>14</sln:wojIdTeryt><sln:wojNazwa>mazowieckie</sln:wojNazwa></sln:miejscowosc><sln:miejscowosc><sln:cyklZyciaDo>2016-11-26T00:00:00+01:00</sln:cyklZyciaDo><sln:cyklZyciaOd>2014-09-26T00:00:00+02:00</sln:cyklZyciaOd><sln:gmIIPId>891e039b-653e-46b7-96fe-c455662c7871</sln:gmIIPId><sln:gmIIPPn>PL.PZGIK.200</sln:gmIIPPn><sln:gmIIPWersja>2012-09-26T21:56:43+02:00</sln:gmIIPWersja><sln:gmIdTeryt>1426062</sln:gmIdTeryt><sln:gmNazwa>Paprotnia</sln:gmNazwa><sln:miejscIIPId>9fb24704-a56e-4b39-af58-3b52fd03d943</sln:miejscIIPId><sln:miejscIIPPn>PL.PZGIK.200</sln:miejscIIPPn><sln:miejscIIPWersja>2016-11-24T13:28:11+02:00</sln:miejscIIPWersja><sln:miejscIdTeryt>0683536</sln:miejscIdTeryt><sln:miejscNazwa>Pliszki</sln:miejscNazwa><sln:miejscRodzaj>Wieś</sln:miejscRodzaj><sln:powIIPId>60f09523-3b8a-4b99-b112-9f6b6cf3c982</sln:powIIPId><sln:powIIPPn>PL.PZGIK.200</sln:powIIPPn><sln:powIIPWersja>2012-09-27T08:13:53+02:00</sln:powIIPWersja><sln:powIdTeryt>1426</sln:powIdTeryt><sln:powNazwa>siedlecki</sln:powNazwa><sln:wojIIPId>4b6c492a-eb04-441d-a92a-f44359c06de7</sln:wojIIPId><sln:wojIIPPn>PL.PZGIK.200</sln:wojIIPPn><sln:wojIIPWersja>2012-09-27T13:45:13+02:00</sln:wojIIPWersja><sln:wojIdTeryt>14</sln:wojIdTeryt><sln:wojNazwa>mazowieckie</sln:wojNazwa></sln:miejscowosc><sln:miejscowosc><sln:cyklZyciaDo>2016-11-26T00:00:00+01:00</sln:cyklZyciaDo><sln:cyklZyciaOd>2014-09-26T00:00:00+02:00</sln:cyklZyciaOd><sln:gmIIPId>891e039b-653e-46b7-96fe-c455662c7871</sln:gmIIPId><sln:gmIIPPn>PL.PZGIK.200</sln:gmIIPPn><sln:gmIIPWersja>2012-09-26T21:56:43+02:00</sln:gmIIPWersja><sln:gmIdTeryt>1426062</sln:gmIdTeryt><sln:gmNazwa>Paprotnia</sln:gmNazwa><sln:miejscIIPId>11e8742a-eafd-481f-85d6-8d2cde0e2d20</sln:miejscIIPId><sln:miejscIIPPn>PL.PZGIK.200</sln:miejscIIPPn><sln:miejscIIPWersja>2016-11-24T13:32:52+02:00</sln:miejscIIPWersja><sln:miejscIdTeryt>0683631</sln:miejscIdTeryt><sln:miejscNazwa>Uziębły</sln:miejscNazwa><sln:miejscRodzaj>Wieś</sln:miejscRodzaj><sln:powIIPId>60f09523-3b8a-4b99-b112-9f6b6cf3c982</sln:powIIPId><sln:powIIPPn>PL.PZGIK.200</sln:powIIPPn><sln:powIIPWersja>2012-09-27T08:13:53+02:00</sln:powIIPWersja><sln:powIdTeryt>1426</sln:powIdTeryt><sln:powNazwa>siedlecki</sln:powNazwa><sln:wojIIPId>4b6c492a-eb04-441d-a92a-f44359c06de7</sln:wojIIPId><sln:wojIIPPn>PL.PZGIK.200</sln:wojIIPPn><sln:wojIIPWersja>2012-09-27T13:45:13+02:00</sln:wojIIPWersja><sln:wojIdTeryt>14</sln:wojIdTeryt><sln:wojNazwa>mazowieckie</sln:wojNazwa></sln:miejscowosc><sln:miejscowosc><sln:cyklZyciaDo>2016-11-26T00:00:00+01:00</sln:cyklZyciaDo><sln:cyklZyciaOd>2014-09-26T00:00:00+02:00</sln:cyklZyciaOd><sln:gmIIPId>891e039b-653e-46b7-96fe-c455662c7871</sln:gmIIPId><sln:gmIIPPn>PL.PZGIK.200</sln:gmIIPPn><sln:gmIIPWersja>2012-09-26T21:56:43+02:00</sln:gmIIPWersja><sln:gmIdTeryt>1426062</sln:gmIdTeryt><sln:gmNazwa>Paprotnia</sln:gmNazwa><sln:miejscIIPId>a36c7bcf-297d-4aad-a57d-bc73eeafb32f</sln:miejscIIPId><sln:miejscIIPPn>PL.PZGIK.200</sln:miejscIIPPn><sln:miejscIIPWersja>2016-11-24T13:32:25+02:00</sln:miejscIIPWersja><sln:miejscIdTeryt>0683625</sln:miejscIdTeryt><sln:miejscNazwa>Trębice Górne</sln:miejscNazwa><sln:miejscRodzaj>Wieś</sln:miejscRodzaj><sln:powIIPId>60f09523-3b8a-4b99-b112-9f6b6cf3c982</sln:powIIPId><sln:powIIPPn>PL.PZGIK.200</sln:powIIPPn><sln:powIIPWersja>2012-09-27T08:13:53+02:00</sln:powIIPWersja><sln:powIdTeryt>1426</sln:powIdTeryt><sln:powNazwa>siedlecki</sln:powNazwa><sln:wojIIPId>4b6c492a-eb04-441d-a92a-f44359c06de7</sln:wojIIPId><sln:wojIIPPn>PL.PZGIK.200</sln:wojIIPPn><sln:wojIIPWersja>2012-09-27T13:45:13+02:00</sln:wojIIPWersja><sln:wojIdTeryt>14</sln:wojIdTeryt><sln:wojNazwa>mazowieckie</sln:wojNazwa></sln:miejscowosc><sln:miejscowosc><sln:cyklZyciaDo>2016-11-26T00:00:00+01:00</sln:cyklZyciaDo><sln:cyklZyciaOd>2014-09-26T00:00:00+02:00</sln:cyklZyciaOd><sln:gmIIPId>891e039b-653e-46b7-96fe-c455662c7871</sln:gmIIPId><sln:gmIIPPn>PL.PZGIK.200</sln:gmIIPPn><sln:gmIIPWersja>2012-09-26T21:56:43+02:00</sln:gmIIPWersja><sln:gmIdTeryt>1426062</sln:gmIdTeryt><sln:gmNazwa>Paprotnia</sln:gmNazwa><sln:miejscIIPId>baf8f477-ca0c-44de-b889-e7bec6c87e3e</sln:miejscIIPId><sln:miejscIIPPn>PL.PZGIK.200</sln:miejscIIPPn><sln:miejscIIPWersja>2016-11-24T13:38:16+02:00</sln:miejscIIPWersja><sln:miejscIdTeryt>0683447</sln:miejscIdTeryt><sln:miejscNazwa>Hołubla</sln:miejscNazwa><sln:miejscRodzaj>Wieś</sln:miejscRodzaj><sln:powIIPId>60f09523-3b8a-4b99-b112-9f6b6cf3c982</sln:powIIPId><sln:powIIPPn>PL.PZGIK.200</sln:powIIPPn><sln:powIIPWersja>2012-09-27T08:13:53+02:00</sln:powIIPWersja><sln:powIdTeryt>1426</sln:powIdTeryt><sln:powNazwa>siedlecki</sln:powNazwa><sln:wojIIPId>4b6c492a-eb04-441d-a92a-f44359c06de7</sln:wojIIPId><sln:wojIIPPn>PL.PZGIK.200</sln:wojIIPPn><sln:wojIIPWersja>2012-09-27T13:45:13+02:00</sln:wojIIPWersja><sln:wojIdTeryt>14</sln:wojIdTeryt><sln:wojNazwa>mazowieckie</sln:wojNazwa></sln:miejscowosc><sln:miejscowosc><sln:cyklZyciaDo>2016-11-26T00:00:00+01:00</sln:cyklZyciaDo><sln:cyklZyciaOd>2014-09-26T00:00:00+02:00</sln:cyklZyciaOd><sln:gmIIPId>891e039b-653e-46b7-96fe-c455662c7871</sln:gmIIPId><sln:gmIIPPn>PL.PZGIK.200</sln:gmIIPPn><sln:gmIIPWersja>2012-09-26T21:56:43+02:00</sln:gmIIPWersja><sln:gmIdTeryt>1426062</sln:gmIdTeryt><sln:gmNazwa>Paprotnia</sln:gmNazwa><sln:miejscIIPId>bc125590-5c4c-4d1b-99f9-d9184b925e62</sln:miejscIIPId><sln:miejscIIPPn>PL.PZGIK.200</sln:miejscIIPPn><sln:miejscIIPWersja>2016-11-24T13:35:47+02:00</sln:miejscIIPWersja><sln:miejscIdTeryt>0683424</sln:miejscIdTeryt><sln:miejscNazwa>Czarnoty</sln:miejscNazwa><sln:miejscRodzaj>Wieś</sln:miejscRodzaj><sln:powIIPId>60f09523-3b8a-4b99-b112-9f6b6cf3c982</sln:powIIPId><sln:powIIPPn>PL.PZGIK.200</sln:powIIPPn><sln:powIIPWersja>2012-09-27T08:13:53+02:00</sln:powIIPWersja><sln:powIdTeryt>1426</sln:powIdTeryt><sln:powNazwa>siedlecki</sln:powNazwa><sln:wojIIPId>4b6c492a-eb04-441d-a92a-f44359c06de7</sln:wojIIPId><sln:wojIIPPn>PL.PZGIK.200</sln:wojIIPPn><sln:wojIIPWersja>2012-09-27T13:45:13+02:00</sln:wojIIPWersja><sln:wojIdTeryt>14</sln:wojIdTeryt><sln:wojNazwa>mazowieckie</sln:wojNazwa></sln:miejscowosc><sln:miejscowosc><sln:cyklZyciaDo>2016-11-26T00:00:00+01:00</sln:cyklZyciaDo><sln:cyklZyciaOd>2014-09-26T00:00:00+02:00</sln:cyklZyciaOd><sln:gmIIPId>891e039b-653e-46b7-96fe-c455662c7871</sln:gmIIPId><sln:gmIIPPn>PL.PZGIK.200</sln:gmIIPPn><sln:gmIIPWersja>2012-09-26T21:56:43+02:00</sln:gmIIPWersja><sln:gmIdTeryt>1426062</sln:gmIdTeryt><sln:gmNazwa>Paprotnia</sln:gmNazwa><sln:miejscIIPId>0e77e471-83da-43aa-b3d6-bd5cd3bd3e3e</sln:miejscIIPId><sln:miejscIIPPn>PL.PZGIK.200</sln:miejscIIPPn><sln:miejscIIPWersja>2016-11-24T13:41:39+02:00</sln:miejscIIPWersja><sln:miejscIdTeryt>0683507</sln:miejscIdTeryt><sln:miejscNazwa>Łozy</sln:miejscNazwa><sln:miejscRodzaj>Wieś</sln:miejscRodzaj><sln:powIIPId>60f09523-3b8a-4b99-b112-9f6b6cf3c982</sln:powIIPId><sln:powIIPPn>PL.PZGIK.200</sln:powIIPPn><sln:powIIPWersja>2012-09-27T08:13:53+02:00</sln:powIIPWersja><sln:powIdTeryt>1426</sln:powIdTeryt><sln:powNazwa>siedlecki</sln:powNazwa><sln:wojIIPId>4b6c492a-eb04-441d-a92a-f44359c06de7</sln:wojIIPId><sln:wojIIPPn>PL.PZGIK.200</sln:wojIIPPn><sln:wojIIPWersja>2012-09-27T13:45:13+02:00</sln:wojIIPWersja><sln:wojIdTeryt>14</sln:wojIdTeryt><sln:wojNazwa>mazowieckie</sln:wojNazwa></sln:miejscowosc><sln:miejscowosc><sln:cyklZyciaDo>2016-11-26T00:00:00+01:00</sln:cyklZyciaDo><sln:cyklZyciaOd>2014-09-26T00:00:00+02:00</sln:cyklZyciaOd><sln:gmIIPId>891e039b-653e-46b7-96fe-c455662c7871</sln:gmIIPId><sln:gmIIPPn>PL.PZGIK.200</sln:gmIIPPn><sln:gmIIPWersja>2012-09-26T21:56:43+02:00</sln:gmIIPWersja><sln:gmIdTeryt>1426062</sln:gmIdTeryt><sln:gmNazwa>Paprotnia</sln:gmNazwa><sln:miejscIIPId>09a66297-23be-4988-93ec-9c64ed6bd2e8</sln:miejscIIPId><sln:miejscIIPPn>PL.PZGIK.200</sln:miejscIIPPn><sln:miejscIIPWersja>2016-11-24T13:30:11+02:00</sln:miejscIIPWersja><sln:miejscIdTeryt>0683565</sln:miejscIdTeryt><sln:miejscNazwa>Rzeszotków</sln:miejscNazwa><sln:miejscRodzaj>Wieś</sln:miejscRodzaj><sln:powIIPId>60f09523-3b8a-4b99-b112-9f6b6cf3c982</sln:powIIPId><sln:powIIPPn>PL.PZGIK.200</sln:powIIPPn><sln:powIIPWersja>2012-09-27T08:13:53+02:00</sln:powIIPWersja><sln:powIdTeryt>1426</sln:powIdTeryt><sln:powNazwa>siedlecki</sln:powNazwa><sln:wojIIPId>4b6c492a-eb04-441d-a92a-f44359c06de7</sln:wojIIPId><sln:wojIIPPn>PL.PZGIK.200</sln:wojIIPPn><sln:wojIIPWersja>2012-09-27T13:45:13+02:00</sln:wojIIPWersja><sln:wojIdTeryt>14</sln:wojIdTeryt><sln:wojNazwa>mazowieckie</sln:wojNazwa></sln:miejscowosc><sln:miejscowosc><sln:cyklZyciaDo>2016-11-26T00:00:00+01:00</sln:cyklZyciaDo><sln:cyklZyciaOd>2014-09-26T00:00:00+02:00</sln:cyklZyciaOd><sln:gmIIPId>891e039b-653e-46b7-96fe-c455662c7871</sln:gmIIPId><sln:gmIIPPn>PL.PZGIK.200</sln:gmIIPPn><sln:gmIIPWersja>2012-09-26T21:56:43+02:00</sln:gmIIPWersja><sln:gmIdTeryt>1426062</sln:gmIdTeryt><sln:gmNazwa>Paprotnia</sln:gmNazwa><sln:miejscIIPId>ff822f87-7659-42f3-a6b5-05687c360a90</sln:miejscIIPId><sln:miejscIIPPn>PL.PZGIK.200</sln:miejscIIPPn><sln:miejscIIPWersja>2016-11-24T13:39:48+02:00</sln:miejscIIPWersja><sln:miejscIdTeryt>0683476</sln:miejscIdTeryt><sln:miejscNazwa>Koryciany</sln:miejscNazwa><sln:miejscRodzaj>Wieś</sln:miejscRodzaj><sln:powIIPId>60f09523-3b8a-4b99-b112-9f6b6cf3c982</sln:powIIPId><sln:powIIPPn>PL.PZGIK.200</sln:powIIPPn><sln:powIIPWersja>2012-09-27T08:13:53+02:00</sln:powIIPWersja><sln:powIdTeryt>1426</sln:powIdTeryt><sln:powNazwa>siedlecki</sln:powNazwa><sln:wojIIPId>4b6c492a-eb04-441d-a92a-f44359c06de7</sln:wojIIPId><sln:wojIIPPn>PL.PZGIK.200</sln:wojIIPPn><sln:wojIIPWersja>2012-09-27T13:45:13+02:00</sln:wojIIPWersja><sln:wojIdTeryt>14</sln:wojIdTeryt><sln:wojNazwa>mazowieckie</sln:wojNazwa></sln:miejscowosc><sln:miejscowosc><sln:cyklZyciaDo>2016-11-26T00:00:00+01:00</sln:cyklZyciaDo><sln:cyklZyciaOd>2014-09-26T00:00:00+02:00</sln:cyklZyciaOd><sln:gmIIPId>891e039b-653e-46b7-96fe-c455662c7871</sln:gmIIPId><sln:gmIIPPn>PL.PZGIK.200</sln:gmIIPPn><sln:gmIIPWersja>2012-09-26T21:56:43+02:00</sln:gmIIPWersja><sln:gmIdTeryt>1426062</sln:gmIdTeryt><sln:gmNazwa>Paprotnia</sln:gmNazwa><sln:miejscIIPId>72d90e0b-c3bb-4f9e-8b78-0fce587cb106</sln:miejscIIPId><sln:miejscIIPPn>PL.PZGIK.200</sln:miejscIIPPn><sln:miejscIIPWersja>2016-11-24T13:39:02+02:00</sln:miejscIIPWersja><sln:miejscIdTeryt>0683453</sln:miejscIdTeryt><sln:miejscNazwa>Kaliski</sln:miejscNazwa><sln:miejscRodzaj>Wieś</sln:miejscRodzaj><sln:powIIPId>60f09523-3b8a-4b99-b112-9f6b6cf3c982</sln:powIIPId><sln:powIIPPn>PL.PZGIK.200</sln:powIIPPn><sln:powIIPWersja>2012-09-27T08:13:53+02:00</sln:powIIPWersja><sln:powIdTeryt>1426</sln:powIdTeryt><sln:powNazwa>siedlecki</sln:powNazwa><sln:wojIIPId>4b6c492a-eb04-441d-a92a-f44359c06de7</sln:wojIIPId><sln:wojIIPPn>PL.PZGIK.200</sln:wojIIPPn><sln:wojIIPWersja>2012-09-27T13:45:13+02:00</sln:wojIIPWersja><sln:wojIdTeryt>14</sln:wojIdTeryt><sln:wojNazwa>mazowieckie</sln:wojNazwa></sln:miejscowosc><sln:miejscowosc><sln:cyklZyciaDo>2016-11-26T00:00:00+01:00</sln:cyklZyciaDo><sln:cyklZyciaOd>2014-09-26T00:00:00+02:00</sln:cyklZyciaOd><sln:gmIIPId>891e039b-653e-46b7-96fe-c455662c7871</sln:gmIIPId><sln:gmIIPPn>PL.PZGIK.200</sln:gmIIPPn><sln:gmIIPWersja>2012-09-26T21:56:43+02:00</sln:gmIIPWersja><sln:gmIdTeryt>1426062</sln:gmIdTeryt><sln:gmNazwa>Paprotnia</sln:gmNazwa><sln:miejscIIPId>75e66c6b-3036-47ee-8e3f-0871d976b0b2</sln:miejscIIPId><sln:miejscIIPPn>PL.PZGIK.200</sln:miejscIIPPn><sln:miejscIIPWersja>2016-11-24T13:31:30+02:00</sln:miejscIIPWersja><sln:miejscIdTeryt>0683602</sln:miejscIdTeryt><sln:miejscNazwa>Strusy</sln:miejscNazwa><sln:miejscRodzaj>Wieś</sln:miejscRodzaj><sln:powIIPId>60f09523-3b8a-4b99-b112-9f6b6cf3c982</sln:powIIPId><sln:powIIPPn>PL.PZGIK.200</sln:powIIPPn><sln:powIIPWersja>2012-09-27T08:13:53+02:00</sln:powIIPWersja><sln:powIdTeryt>1426</sln:powIdTeryt><sln:powNazwa>siedlecki</sln:powNazwa><sln:wojIIPId>4b6c492a-eb04-441d-a92a-f44359c06de7</sln:wojIIPId><sln:wojIIPPn>PL.PZGIK.200</sln:wojIIPPn><sln:wojIIPWersja>2012-09-27T13:45:13+02:00</sln:wojIIPWersja><sln:wojIdTeryt>14</sln:wojIdTeryt><sln:wojNazwa>mazowieckie</sln:wojNazwa></sln:miejscowosc><sln:miejscowosc><sln:cyklZyciaDo>2016-11-26T00:00:00+01:00</sln:cyklZyciaDo><sln:cyklZyciaOd>2014-09-26T00:00:00+02:00</sln:cyklZyciaOd><sln:gmIIPId>891e039b-653e-46b7-96fe-c455662c7871</sln:gmIIPId><sln:gmIIPPn>PL.PZGIK.200</sln:gmIIPPn><sln:gmIIPWersja>2012-09-26T21:56:43+02:00</sln:gmIIPWersja><sln:gmIdTeryt>1426062</sln:gmIdTeryt><sln:gmNazwa>Paprotnia</sln:gmNazwa><sln:miejscIIPId>e3c1b09d-5ef0-4dc4-a6f0-16e8d9435afc</sln:miejscIIPId><sln:miejscIIPPn>PL.PZGIK.200</sln:miejscIIPPn><sln:miejscIIPWersja>2016-11-24T13:42:53+02:00</sln:miejscIIPWersja><sln:miejscIdTeryt>0683513</sln:miejscIdTeryt><sln:miejscNazwa>Nasiłów</sln:miejscNazwa><sln:miejscRodzaj>Wieś</sln:miejscRodzaj><sln:powIIPId>60f09523-3b8a-4b99-b112-9f6b6cf3c982</sln:powIIPId><sln:powIIPPn>PL.PZGIK.200</sln:powIIPPn><sln:powIIPWersja>2012-09-27T08:13:53+02:00</sln:powIIPWersja><sln:powIdTeryt>1426</sln:powIdTeryt><sln:powNazwa>siedlecki</sln:powNazwa><sln:wojIIPId>4b6c492a-eb04-441d-a92a-f44359c06de7</sln:wojIIPId><sln:wojIIPPn>PL.PZGIK.200</sln:wojIIPPn><sln:wojIIPWersja>2012-09-27T13:45:13+02:00</sln:wojIIPWersja><sln:wojIdTeryt>14</sln:wojIdTeryt><sln:wojNazwa>mazowieckie</sln:wojNazwa></sln:miejscowosc><sln:miejscowosc><sln:cyklZyciaDo>2016-11-26T00:00:00+01:00</sln:cyklZyciaDo><sln:cyklZyciaOd>2014-09-26T00:00:00+02:00</sln:cyklZyciaOd><sln:gmIIPId>891e039b-653e-46b7-96fe-c455662c7871</sln:gmIIPId><sln:gmIIPPn>PL.PZGIK.200</sln:gmIIPPn><sln:gmIIPWersja>2012-09-26T21:56:43+02:00</sln:gmIIPWersja><sln:gmIdTeryt>1426062</sln:gmIdTeryt><sln:gmNazwa>Paprotnia</sln:gmNazwa><sln:miejscIIPId>595fb2e7-e954-439d-bf28-986ecd64255c</sln:miejscIIPId><sln:miejscIIPPn>PL.PZGIK.200</sln:miejscIIPPn><sln:miejscIIPWersja>2016-11-24T13:28:16+02:00</sln:miejscIIPWersja><sln:miejscIdTeryt>0683559</sln:miejscIdTeryt><sln:miejscNazwa>Podawce</sln:miejscNazwa><sln:miejscRodzaj>Wieś</sln:miejscRodzaj><sln:powIIPId>60f09523-3b8a-4b99-b112-9f6b6cf3c982</sln:powIIPId><sln:powIIPPn>PL.PZGIK.200</sln:powIIPPn><sln:powIIPWersja>2012-09-27T08:13:53+02:00</sln:powIIPWersja><sln:powIdTeryt>1426</sln:powIdTeryt><sln:powNazwa>siedlecki</sln:powNazwa><sln:wojIIPId>4b6c492a-eb04-441d-a92a-f44359c06de7</sln:wojIIPId><sln:wojIIPPn>PL.PZGIK.200</sln:wojIIPPn><sln:wojIIPWersja>2012-09-27T13:45:13+02:00</sln:wojIIPWersja><sln:wojIdTeryt>14</sln:wojIdTeryt><sln:wojNazwa>mazowieckie</sln:wojNazwa></sln:miejscowosc><sln:miejscowosc><sln:cyklZyciaDo>2016-11-26T00:00:00+01:00</sln:cyklZyciaDo><sln:cyklZyciaOd>2014-09-26T00:00:00+02:00</sln:cyklZyciaOd><sln:gmIIPId>891e039b-653e-46b7-96fe-c455662c7871</sln:gmIIPId><sln:gmIIPPn>PL.PZGIK.200</sln:gmIIPPn><sln:gmIIPWersja>2012-09-26T21:56:43+02:00</sln:gmIIPWersja><sln:gmIdTeryt>1426062</sln:gmIdTeryt><sln:gmNazwa>Paprotnia</sln:gmNazwa><sln:miejscIIPId>3f07861a-2d46-4d08-8682-515d5a097ecf</sln:miejscIIPId><sln:miejscIIPPn>PL.PZGIK.200</sln:miejscIIPPn><sln:miejscIIPWersja>2016-11-24T13:37:48+02:00</sln:miejscIIPWersja><sln:miejscIdTeryt>0683430</sln:miejscIdTeryt><sln:miejscNazwa>Grabowiec</sln:miejscNazwa><sln:miejscRodzaj>Wieś</sln:miejscRodzaj><sln:powIIPId>60f09523-3b8a-4b99-b112-9f6b6cf3c982</sln:powIIPId><sln:powIIPPn>PL.PZGIK.200</sln:powIIPPn><sln:powIIPWersja>2012-09-27T08:13:53+02:00</sln:powIIPWersja><sln:powIdTeryt>1426</sln:powIdTeryt><sln:powNazwa>siedlecki</sln:powNazwa><sln:wojIIPId>4b6c492a-eb04-441d-a92a-f44359c06de7</sln:wojIIPId><sln:wojIIPPn>PL.PZGIK.200</sln:wojIIPPn><sln:wojIIPWersja>2012-09-27T13:45:13+02:00</sln:wojIIPWersja><sln:wojIdTeryt>14</sln:wojIdTeryt><sln:wojNazwa>mazowieckie</sln:wojNazwa></sln:miejscowosc><sln:miejscowosc><sln:cyklZyciaOd>2016-11-26T00:00:00+01:00</sln:cyklZyciaOd><sln:gmIIPId>891e039b-653e-46b7-96fe-c455662c7871</sln:gmIIPId><sln:gmIIPPn>PL.PZGIK.200</sln:gmIIPPn><sln:gmIIPWersja>2012-09-26T21:56:43+02:00</sln:gmIIPWersja><sln:gmIdTeryt>1426062</sln:gmIdTeryt><sln:gmNazwa>Paprotnia</sln:gmNazwa><sln:miejscIIPId>9fb24704-a56e-4b39-af58-3b52fd03d943</sln:miejscIIPId><sln:miejscIIPPn>PL.PZGIK.200</sln:miejscIIPPn><sln:miejscIIPWersja>2016-11-26T17:58:58+02:00</sln:miejscIIPWersja><sln:miejscIdTeryt>0683536</sln:miejscIdTeryt><sln:miejscNazwa>Pliszki</sln:miejscNazwa><sln:miejscRodzaj>Wieś</sln:miejscRodzaj><sln:powIIPId>60f09523-3b8a-4b99-b112-9f6b6cf3c982</sln:powIIPId><sln:powIIPPn>PL.PZGIK.200</sln:powIIPPn><sln:powIIPWersja>2012-09-27T08:13:53+02:00</sln:powIIPWersja><sln:powIdTeryt>1426</sln:powIdTeryt><sln:powNazwa>siedlecki</sln:powNazwa><sln:wojIIPId>4b6c492a-eb04-441d-a92a-f44359c06de7</sln:wojIIPId><sln:wojIIPPn>PL.PZGIK.200</sln:wojIIPPn><sln:wojIIPWersja>2012-09-27T13:45:13+02:00</sln:wojIIPWersja><sln:wojIdTeryt>14</sln:wojIdTeryt><sln:wojNazwa>mazowieckie</sln:wojNazwa></sln:miejscowosc><sln:miejscowosc><sln:cyklZyciaOd>2016-11-26T00:00:00+01:00</sln:cyklZyciaOd><sln:gmIIPId>891e039b-653e-46b7-96fe-c455662c7871</sln:gmIIPId><sln:gmIIPPn>PL.PZGIK.200</sln:gmIIPPn><sln:gmIIPWersja>2012-09-26T21:56:43+02:00</sln:gmIIPWersja><sln:gmIdTeryt>1426062</sln:gmIdTeryt><sln:gmNazwa>Paprotnia</sln:gmNazwa><sln:miejscIIPId>d7255f88-269c-4221-8135-3fa3d3098085</sln:miejscIIPId><sln:miejscIIPPn>PL.PZGIK.200</sln:miejscIIPPn><sln:miejscIIPWersja>2016-11-26T17:59:02+02:00</sln:miejscIIPWersja><sln:miejscIdTeryt>0683542</sln:miejscIdTeryt><sln:miejscNazwa>Pluty</sln:miejscNazwa><sln:miejscRodzaj>Wieś</sln:miejscRodzaj><sln:powIIPId>60f09523-3b8a-4b99-b112-9f6b6cf3c982</sln:powIIPId><sln:powIIPPn>PL.PZGIK.200</sln:powIIPPn><sln:powIIPWersja>2012-09-27T08:13:53+02:00</sln:powIIPWersja><sln:powIdTeryt>1426</sln:powIdTeryt><sln:powNazwa>siedlecki</sln:powNazwa><sln:wojIIPId>4b6c492a-eb04-441d-a92a-f44359c06de7</sln:wojIIPId><sln:wojIIPPn>PL.PZGIK.200</sln:wojIIPPn><sln:wojIIPWersja>2012-09-27T13:45:13+02:00</sln:wojIIPWersja><sln:wojIdTeryt>14</sln:wojIdTeryt><sln:wojNazwa>mazowieckie</sln:wojNazwa></sln:miejscowosc><sln:miejscowosc><sln:cyklZyciaOd>2016-11-26T00:00:00+01:00</sln:cyklZyciaOd><sln:gmIIPId>891e039b-653e-46b7-96fe-c455662c7871</sln:gmIIPId><sln:gmIIPPn>PL.PZGIK.200</sln:gmIIPPn><sln:gmIIPWersja>2012-09-26T21:56:43+02:00</sln:gmIIPWersja><sln:gmIdTeryt>1426062</sln:gmIdTeryt><sln:gmNazwa>Paprotnia</sln:gmNazwa><sln:miejscIIPId>595fb2e7-e954-439d-bf28-986ecd64255c</sln:miejscIIPId><sln:miejscIIPPn>PL.PZGIK.200</sln:miejscIIPPn><sln:miejscIIPWersja>2016-11-26T17:59:02+02:00</sln:miejscIIPWersja><sln:miejscIdTeryt>0683559</sln:miejscIdTeryt><sln:miejscNazwa>Podawce</sln:miejscNazwa><sln:miejscRodzaj>Wieś</sln:miejscRodzaj><sln:powIIPId>60f09523-3b8a-4b99-b112-9f6b6cf3c982</sln:powIIPId><sln:powIIPPn>PL.PZGIK.200</sln:powIIPPn><sln:powIIPWersja>2012-09-27T08:13:53+02:00</sln:powIIPWersja><sln:powIdTeryt>1426</sln:powIdTeryt><sln:powNazwa>siedlecki</sln:powNazwa><sln:wojIIPId>4b6c492a-eb04-441d-a92a-f44359c06de7</sln:wojIIPId><sln:wojIIPPn>PL.PZGIK.200</sln:wojIIPPn><sln:wojIIPWersja>2012-09-27T13:45:13+02:00</sln:wojIIPWersja><sln:wojIdTeryt>14</sln:wojIdTeryt><sln:wojNazwa>mazowieckie</sln:wojNazwa></sln:miejscowosc><sln:miejscowosc><sln:cyklZyciaOd>2016-11-26T00:00:00+01:00</sln:cyklZyciaOd><sln:gmIIPId>891e039b-653e-46b7-96fe-c455662c7871</sln:gmIIPId><sln:gmIIPPn>PL.PZGIK.200</sln:gmIIPPn><sln:gmIIPWersja>2012-09-26T21:56:43+02:00</sln:gmIIPWersja><sln:gmIdTeryt>1426062</sln:gmIdTeryt><sln:gmNazwa>Paprotnia</sln:gmNazwa><sln:miejscIIPId>09a66297-23be-4988-93ec-9c64ed6bd2e8</sln:miejscIIPId><sln:miejscIIPPn>PL.PZGIK.200</sln:miejscIIPPn><sln:miejscIIPWersja>2016-11-26T17:59:03+02:00</sln:miejscIIPWersja><sln:miejscIdTeryt>0683565</sln:miejscIdTeryt><sln:miejscNazwa>Rzeszotków</sln:miejscNazwa><sln:miejscRodzaj>Wieś</sln:miejscRodzaj><sln:powIIPId>60f09523-3b8a-4b99-b112-9f6b6cf3c982</sln:powIIPId><sln:powIIPPn>PL.PZGIK.200</sln:powIIPPn><sln:powIIPWersja>2012-09-27T08:13:53+02:00</sln:powIIPWersja><sln:powIdTeryt>1426</sln:powIdTeryt><sln:powNazwa>siedlecki</sln:powNazwa><sln:wojIIPId>4b6c492a-eb04-441d-a92a-f44359c06de7</sln:wojIIPId><sln:wojIIPPn>PL.PZGIK.200</sln:wojIIPPn><sln:wojIIPWersja>2012-09-27T13:45:13+02:00</sln:wojIIPWersja><sln:wojIdTeryt>14</sln:wojIdTeryt><sln:wojNazwa>mazowieckie</sln:wojNazwa></sln:miejscowosc><sln:miejscowosc><sln:cyklZyciaOd>2016-11-26T00:00:00+01:00</sln:cyklZyciaOd><sln:gmIIPId>891e039b-653e-46b7-96fe-c455662c7871</sln:gmIIPId><sln:gmIIPPn>PL.PZGIK.200</sln:gmIIPPn><sln:gmIIPWersja>2012-09-26T21:56:43+02:00</sln:gmIIPWersja><sln:gmIdTeryt>1426062</sln:gmIdTeryt><sln:gmNazwa>Paprotnia</sln:gmNazwa><sln:miejscIIPId>6984c9c4-a27d-4807-880f-931487ceef0a</sln:miejscIIPId><sln:miejscIIPPn>PL.PZGIK.200</sln:miejscIIPPn><sln:miejscIIPWersja>2016-11-26T17:59:03+02:00</sln:miejscIIPWersja><sln:miejscIdTeryt>0683571</sln:miejscIdTeryt><sln:miejscNazwa>Skwierczyn Lacki</sln:miejscNazwa><sln:miejscRodzaj>Wieś</sln:miejscRodzaj><sln:powIIPId>60f09523-3b8a-4b99-b112-9f6b6cf3c982</sln:powIIPId><sln:powIIPPn>PL.PZGIK.200</sln:powIIPPn><sln:powIIPWersja>2012-09-27T08:13:53+02:00</sln:powIIPWersja><sln:powIdTeryt>1426</sln:powIdTeryt><sln:powNazwa>siedlecki</sln:powNazwa><sln:wojIIPId>4b6c492a-eb04-441d-a92a-f44359c06de7</sln:wojIIPId><sln:wojIIPPn>PL.PZGIK.200</sln:wojIIPPn><sln:wojIIPWersja>2012-09-27T13:45:13+02:00</sln:wojIIPWersja><sln:wojIdTeryt>14</sln:wojIdTeryt><sln:wojNazwa>mazowieckie</sln:wojNazwa></sln:miejscowosc><sln:miejscowosc><sln:cyklZyciaOd>2016-11-26T00:00:00+01:00</sln:cyklZyciaOd><sln:gmIIPId>891e039b-653e-46b7-96fe-c455662c7871</sln:gmIIPId><sln:gmIIPPn>PL.PZGIK.200</sln:gmIIPPn><sln:gmIIPWersja>2012-09-26T21:56:43+02:00</sln:gmIIPWersja><sln:gmIdTeryt>1426062</sln:gmIdTeryt><sln:gmNazwa>Paprotnia</sln:gmNazwa><sln:miejscIIPId>8b8af4eb-a342-4e65-994f-dee22d7f42c3</sln:miejscIIPId><sln:miejscIIPPn>PL.PZGIK.200</sln:miejscIIPPn><sln:miejscIIPWersja>2016-11-26T17:59:03+02:00</sln:miejscIIPWersja><sln:miejscIdTeryt>0683588</sln:miejscIdTeryt><sln:miejscNazwa>Stare Trębice</sln:miejscNazwa><sln:miejscRodzaj>Wieś</sln:miejscRodzaj><sln:powIIPId>60f09523-3b8a-4b99-b112-9f6b6cf3c982</sln:powIIPId><sln:powIIPPn>PL.PZGIK.200</sln:powIIPPn><sln:powIIPWersja>2012-09-27T08:13:53+02:00</sln:powIIPWersja><sln:powIdTeryt>1426</sln:powIdTeryt><sln:powNazwa>siedlecki</sln:powNazwa><sln:wojIIPId>4b6c492a-eb04-441d-a92a-f44359c06de7</sln:wojIIPId><sln:wojIIPPn>PL.PZGIK.200</sln:wojIIPPn><sln:wojIIPWersja>2012-09-27T13:45:13+02:00</sln:wojIIPWersja><sln:wojIdTeryt>14</sln:wojIdTeryt><sln:wojNazwa>mazowieckie</sln:wojNazwa></sln:miejscowosc><sln:miejscowosc><sln:cyklZyciaOd>2016-11-26T00:00:00+01:00</sln:cyklZyciaOd><sln:gmIIPId>891e039b-653e-46b7-96fe-c455662c7871</sln:gmIIPId><sln:gmIIPPn>PL.PZGIK.200</sln:gmIIPPn><sln:gmIIPWersja>2012-09-26T21:56:43+02:00</sln:gmIIPWersja><sln:gmIdTeryt>1426062</sln:gmIdTeryt><sln:gmNazwa>Paprotnia</sln:gmNazwa><sln:miejscIIPId>5b1177af-36be-4c2d-b5e0-fc68de9a68d6</sln:miejscIIPId><sln:miejscIIPPn>PL.PZGIK.200</sln:miejscIIPPn><sln:miejscIIPWersja>2016-11-26T17:59:03+02:00</sln:miejscIIPWersja><sln:miejscIdTeryt>0683594</sln:miejscIdTeryt><sln:miejscNazwa>Stasin</sln:miejscNazwa><sln:miejscRodzaj>Wieś</sln:miejscRodzaj><sln:powIIPId>60f09523-3b8a-4b99-b112-9f6b6cf3c982</sln:powIIPId><sln:powIIPPn>PL.PZGIK.200</sln:powIIPPn><sln:powIIPWersja>2012-09-27T08:13:53+02:00</sln:powIIPWersja><sln:powIdTeryt>1426</sln:powIdTeryt><sln:powNazwa>siedlecki</sln:powNazwa><sln:wojIIPId>4b6c492a-eb04-441d-a92a-f44359c06de7</sln:wojIIPId><sln:wojIIPPn>PL.PZGIK.200</sln:wojIIPPn><sln:wojIIPWersja>2012-09-27T13:45:13+02:00</sln:wojIIPWersja><sln:wojIdTeryt>14</sln:wojIdTeryt><sln:wojNazwa>mazowieckie</sln:wojNazwa></sln:miejscowosc><sln:miejscowosc><sln:cyklZyciaOd>2016-11-26T00:00:00+01:00</sln:cyklZyciaOd><sln:gmIIPId>891e039b-653e-46b7-96fe-c455662c7871</sln:gmIIPId><sln:gmIIPPn>PL.PZGIK.200</sln:gmIIPPn><sln:gmIIPWersja>2012-09-26T21:56:43+02:00</sln:gmIIPWersja><sln:gmIdTeryt>1426062</sln:gmIdTeryt><sln:gmNazwa>Paprotnia</sln:gmNazwa><sln:miejscIIPId>75e66c6b-3036-47ee-8e3f-0871d976b0b2</sln:miejscIIPId><sln:miejscIIPPn>PL.PZGIK.200</sln:miejscIIPPn><sln:miejscIIPWersja>2016-11-26T17:59:03+02:00</sln:miejscIIPWersja><sln:miejscIdTeryt>0683602</sln:miejscIdTeryt><sln:miejscNazwa>Strusy</sln:miejscNazwa><sln:miejscRodzaj>Wieś</sln:miejscRodzaj><sln:powIIPId>60f09523-3b8a-4b99-b112-9f6b6cf3c982</sln:powIIPId><sln:powIIPPn>PL.PZGIK.200</sln:powIIPPn><sln:powIIPWersja>2012-09-27T08:13:53+02:00</sln:powIIPWersja><sln:powIdTeryt>1426</sln:powIdTeryt><sln:powNazwa>siedlecki</sln:powNazwa><sln:wojIIPId>4b6c492a-eb04-441d-a92a-f44359c06de7</sln:wojIIPId><sln:wojIIPPn>PL.PZGIK.200</sln:wojIIPPn><sln:wojIIPWersja>2012-09-27T13:45:13+02:00</sln:wojIIPWersja><sln:wojIdTeryt>14</sln:wojIdTeryt><sln:wojNazwa>mazowieckie</sln:wojNazwa></sln:miejscowosc><sln:miejscowosc><sln:cyklZyciaOd>2016-11-26T00:00:00+01:00</sln:cyklZyciaOd><sln:gmIIPId>891e039b-653e-46b7-96fe-c455662c7871</sln:gmIIPId><sln:gmIIPPn>PL.PZGIK.200</sln:gmIIPPn><sln:gmIIPWersja>2012-09-26T21:56:43+02:00</sln:gmIIPWersja><sln:gmIdTeryt>1426062</sln:gmIdTeryt><sln:gmNazwa>Paprotnia</sln:gmNazwa><sln:miejscIIPId>a36c7bcf-297d-4aad-a57d-bc73eeafb32f</sln:miejscIIPId><sln:miejscIIPPn>PL.PZGIK.200</sln:miejscIIPPn><sln:miejscIIPWersja>2016-11-26T17:59:03+02:00</sln:miejscIIPWersja><sln:miejscIdTeryt>0683625</sln:miejscIdTeryt><sln:miejscNazwa>Trębice Górne</sln:miejscNazwa><sln:miejscRodzaj>Wieś</sln:miejscRodzaj><sln:powIIPId>60f09523-3b8a-4b99-b112-9f6b6cf3c982</sln:powIIPId><sln:powIIPPn>PL.PZGIK.200</sln:powIIPPn><sln:powIIPWersja>2012-09-27T08:13:53+02:00</sln:powIIPWersja><sln:powIdTeryt>1426</sln:powIdTeryt><sln:powNazwa>siedlecki</sln:powNazwa><sln:wojIIPId>4b6c492a-eb04-441d-a92a-f44359c06de7</sln:wojIIPId><sln:wojIIPPn>PL.PZGIK.200</sln:wojIIPPn><sln:wojIIPWersja>2012-09-27T13:45:13+02:00</sln:wojIIPWersja><sln:wojIdTeryt>14</sln:wojIdTeryt><sln:wojNazwa>mazowieckie</sln:wojNazwa></sln:miejscowosc><sln:miejscowosc><sln:cyklZyciaOd>2016-11-26T00:00:00+01:00</sln:cyklZyciaOd><sln:gmIIPId>891e039b-653e-46b7-96fe-c455662c7871</sln:gmIIPId><sln:gmIIPPn>PL.PZGIK.200</sln:gmIIPPn><sln:gmIIPWersja>2012-09-26T21:56:43+02:00</sln:gmIIPWersja><sln:gmIdTeryt>1426062</sln:gmIdTeryt><sln:gmNazwa>Paprotnia</sln:gmNazwa><sln:miejscIIPId>3bc852eb-bcf2-46ea-9e56-445cf8aa5932</sln:miejscIIPId><sln:miejscIIPPn>PL.PZGIK.200</sln:miejscIIPPn><sln:miejscIIPWersja>2016-11-26T17:59:03+02:00</sln:miejscIIPWersja><sln:miejscIdTeryt>0683619</sln:miejscIdTeryt><sln:miejscNazwa>Trębice Dolne</sln:miejscNazwa><sln:miejscRodzaj>Wieś</sln:miejscRodzaj><sln:powIIPId>60f09523-3b8a-4b99-b112-9f6b6cf3c982</sln:powIIPId><sln:powIIPPn>PL.PZGIK.200</sln:powIIPPn><sln:powIIPWersja>2012-09-27T08:13:53+02:00</sln:powIIPWersja><sln:powIdTeryt>1426</sln:powIdTeryt><sln:powNazwa>siedlecki</sln:powNazwa><sln:wojIIPId>4b6c492a-eb04-441d-a92a-f44359c06de7</sln:wojIIPId><sln:wojIIPPn>PL.PZGIK.200</sln:wojIIPPn><sln:wojIIPWersja>2012-09-27T13:45:13+02:00</sln:wojIIPWersja><sln:wojIdTeryt>14</sln:wojIdTeryt><sln:wojNazwa>mazowieckie</sln:wojNazwa></sln:miejscowosc><sln:miejscowosc><sln:cyklZyciaOd>2016-11-26T00:00:00+01:00</sln:cyklZyciaOd><sln:gmIIPId>891e039b-653e-46b7-96fe-c455662c7871</sln:gmIIPId><sln:gmIIPPn>PL.PZGIK.200</sln:gmIIPPn><sln:gmIIPWersja>2012-09-26T21:56:43+02:00</sln:gmIIPWersja><sln:gmIdTeryt>1426062</sln:gmIdTeryt><sln:gmNazwa>Paprotnia</sln:gmNazwa><sln:miejscIIPId>11e8742a-eafd-481f-85d6-8d2cde0e2d20</sln:miejscIIPId><sln:miejscIIPPn>PL.PZGIK.200</sln:miejscIIPPn><sln:miejscIIPWersja>2016-11-26T17:59:03+02:00</sln:miejscIIPWersja><sln:miejscIdTeryt>0683631</sln:miejscIdTeryt><sln:miejscNazwa>Uziębły</sln:miejscNazwa><sln:miejscRodzaj>Wieś</sln:miejscRodzaj><sln:powIIPId>60f09523-3b8a-4b99-b112-9f6b6cf3c982</sln:powIIPId><sln:powIIPPn>PL.PZGIK.200</sln:powIIPPn><sln:powIIPWersja>2012-09-27T08:13:53+02:00</sln:powIIPWersja><sln:powIdTeryt>1426</sln:powIdTeryt><sln:powNazwa>siedlecki</sln:powNazwa><sln:wojIIPId>4b6c492a-eb04-441d-a92a-f44359c06de7</sln:wojIIPId><sln:wojIIPPn>PL.PZGIK.200</sln:wojIIPPn><sln:wojIIPWersja>2012-09-27T13:45:13+02:00</sln:wojIIPWersja><sln:wojIdTeryt>14</sln:wojIdTeryt><sln:wojNazwa>mazowieckie</sln:wojNazwa></sln:miejscowosc><sln:miejscowosc><sln:cyklZyciaOd>2016-11-26T00:00:00+01:00</sln:cyklZyciaOd><sln:gmIIPId>891e039b-653e-46b7-96fe-c455662c7871</sln:gmIIPId><sln:gmIIPPn>PL.PZGIK.200</sln:gmIIPPn><sln:gmIIPWersja>2012-09-26T21:56:43+02:00</sln:gmIIPWersja><sln:gmIdTeryt>1426062</sln:gmIdTeryt><sln:gmNazwa>Paprotnia</sln:gmNazwa><sln:miejscIIPId>bc125590-5c4c-4d1b-99f9-d9184b925e62</sln:miejscIIPId><sln:miejscIIPPn>PL.PZGIK.200</sln:miejscIIPPn><sln:miejscIIPWersja>2016-11-26T17:59:03+02:00</sln:miejscIIPWersja><sln:miejscIdTeryt>0683424</sln:miejscIdTeryt><sln:miejscNazwa>Czarnoty</sln:miejscNazwa><sln:miejscRodzaj>Wieś</sln:miejscRodzaj><sln:powIIPId>60f09523-3b8a-4b99-b112-9f6b6cf3c982</sln:powIIPId><sln:powIIPPn>PL.PZGIK.200</sln:powIIPPn><sln:powIIPWersja>2012-09-27T08:13:53+02:00</sln:powIIPWersja><sln:powIdTeryt>1426</sln:powIdTeryt><sln:powNazwa>siedlecki</sln:powNazwa><sln:wojIIPId>4b6c492a-eb04-441d-a92a-f44359c06de7</sln:wojIIPId><sln:wojIIPPn>PL.PZGIK.200</sln:wojIIPPn><sln:wojIIPWersja>2012-09-27T13:45:13+02:00</sln:wojIIPWersja><sln:wojIdTeryt>14</sln:wojIdTeryt><sln:wojNazwa>mazowieckie</sln:wojNazwa></sln:miejscowosc><sln:miejscowosc><sln:cyklZyciaOd>2016-11-26T00:00:00+01:00</sln:cyklZyciaOd><sln:gmIIPId>891e039b-653e-46b7-96fe-c455662c7871</sln:gmIIPId><sln:gmIIPPn>PL.PZGIK.200</sln:gmIIPPn><sln:gmIIPWersja>2012-09-26T21:56:43+02:00</sln:gmIIPWersja><sln:gmIdTeryt>1426062</sln:gmIdTeryt><sln:gmNazwa>Paprotnia</sln:gmNazwa><sln:miejscIIPId>3f07861a-2d46-4d08-8682-515d5a097ecf</sln:miejscIIPId><sln:miejscIIPPn>PL.PZGIK.200</sln:miejscIIPPn><sln:miejscIIPWersja>2016-11-26T17:59:03+02:00</sln:miejscIIPWersja><sln:miejscIdTeryt>0683430</sln:miejscIdTeryt><sln:miejscNazwa>Grabowiec</sln:miejscNazwa><sln:miejscRodzaj>Wieś</sln:miejscRodzaj><sln:powIIPId>60f09523-3b8a-4b99-b112-9f6b6cf3c982</sln:powIIPId><sln:powIIPPn>PL.PZGIK.200</sln:powIIPPn><sln:powIIPWersja>2012-09-27T08:13:53+02:00</sln:powIIPWersja><sln:powIdTeryt>1426</sln:powIdTeryt><sln:powNazwa>siedlecki</sln:powNazwa><sln:wojIIPId>4b6c492a-eb04-441d-a92a-f44359c06de7</sln:wojIIPId><sln:wojIIPPn>PL.PZGIK.200</sln:wojIIPPn><sln:wojIIPWersja>2012-09-27T13:45:13+02:00</sln:wojIIPWersja><sln:wojIdTeryt>14</sln:wojIdTeryt><sln:wojNazwa>mazowieckie</sln:wojNazwa></sln:miejscowosc><sln:miejscowosc><sln:cyklZyciaOd>2016-11-26T00:00:00+01:00</sln:cyklZyciaOd><sln:gmIIPId>891e039b-653e-46b7-96fe-c455662c7871</sln:gmIIPId><sln:gmIIPPn>PL.PZGIK.200</sln:gmIIPPn><sln:gmIIPWersja>2012-09-26T21:56:43+02:00</sln:gmIIPWersja><sln:gmIdTeryt>1426062</sln:gmIdTeryt><sln:gmNazwa>Paprotnia</sln:gmNazwa><sln:miejscIIPId>baf8f477-ca0c-44de-b889-e7bec6c87e3e</sln:miejscIIPId><sln:miejscIIPPn>PL.PZGIK.200</sln:miejscIIPPn><sln:miejscIIPWersja>2016-11-26T17:59:03+02:00</sln:miejscIIPWersja><sln:miejscIdTeryt>0683447</sln:miejscIdTeryt><sln:miejscNazwa>Hołubla</sln:miejscNazwa><sln:miejscRodzaj>Wieś</sln:miejscRodzaj><sln:powIIPId>60f09523-3b8a-4b99-b112-9f6b6cf3c982</sln:powIIPId><sln:powIIPPn>PL.PZGIK.200</sln:powIIPPn><sln:powIIPWersja>2012-09-27T08:13:53+02:00</sln:powIIPWersja><sln:powIdTeryt>1426</sln:powIdTeryt><sln:powNazwa>siedlecki</sln:powNazwa><sln:wojIIPId>4b6c492a-eb04-441d-a92a-f44359c06de7</sln:wojIIPId><sln:wojIIPPn>PL.PZGIK.200</sln:wojIIPPn><sln:wojIIPWersja>2012-09-27T13:45:13+02:00</sln:wojIIPWersja><sln:wojIdTeryt>14</sln:wojIdTeryt><sln:wojNazwa>mazowieckie</sln:wojNazwa></sln:miejscowosc><sln:miejscowosc><sln:cyklZyciaOd>2016-11-26T00:00:00+01:00</sln:cyklZyciaOd><sln:gmIIPId>891e039b-653e-46b7-96fe-c455662c7871</sln:gmIIPId><sln:gmIIPPn>PL.PZGIK.200</sln:gmIIPPn><sln:gmIIPWersja>2012-09-26T21:56:43+02:00</sln:gmIIPWersja><sln:gmIdTeryt>1426062</sln:gmIdTeryt><sln:gmNazwa>Paprotnia</sln:gmNazwa><sln:miejscIIPId>72d90e0b-c3bb-4f9e-8b78-0fce587cb106</sln:miejscIIPId><sln:miejscIIPPn>PL.PZGIK.200</sln:miejscIIPPn><sln:miejscIIPWersja>2016-11-26T17:59:03+02:00</sln:miejscIIPWersja><sln:miejscIdTeryt>0683453</sln:miejscIdTeryt><sln:miejscNazwa>Kaliski</sln:miejscNazwa><sln:miejscRodzaj>Wieś</sln:miejscRodzaj><sln:powIIPId>60f09523-3b8a-4b99-b112-9f6b6cf3c982</sln:powIIPId><sln:powIIPPn>PL.PZGIK.200</sln:powIIPPn><sln:powIIPWersja>2012-09-27T08:13:53+02:00</sln:powIIPWersja><sln:powIdTeryt>1426</sln:powIdTeryt><sln:powNazwa>siedlecki</sln:powNazwa><sln:wojIIPId>4b6c492a-eb04-441d-a92a-f44359c06de7</sln:wojIIPId><sln:wojIIPPn>PL.PZGIK.200</sln:wojIIPPn><sln:wojIIPWersja>2012-09-27T13:45:13+02:00</sln:wojIIPWersja><sln:wojIdTeryt>14</sln:wojIdTeryt><sln:wojNazwa>mazowieckie</sln:wojNazwa></sln:miejscowosc><sln:miejscowosc><sln:cyklZyciaOd>2016-11-26T00:00:00+01:00</sln:cyklZyciaOd><sln:gmIIPId>891e039b-653e-46b7-96fe-c455662c7871</sln:gmIIPId><sln:gmIIPPn>PL.PZGIK.200</sln:gmIIPPn><sln:gmIIPWersja>2012-09-26T21:56:43+02:00</sln:gmIIPWersja><sln:gmIdTeryt>1426062</sln:gmIdTeryt><sln:gmNazwa>Paprotnia</sln:gmNazwa><sln:miejscIIPId>7b5cbb03-93a3-4f63-bb5c-d812a174103b</sln:miejscIIPId><sln:miejscIIPPn>PL.PZGIK.200</sln:miejscIIPPn><sln:miejscIIPWersja>2016-11-26T17:59:03+02:00</sln:miejscIIPWersja><sln:miejscIdTeryt>0683460</sln:miejscIdTeryt><sln:miejscNazwa>Kobylany-Kozy</sln:miejscNazwa><sln:miejscRodzaj>Wieś</sln:miejscRodzaj><sln:powIIPId>60f09523-3b8a-4b99-b112-9f6b6cf3c982</sln:powIIPId><sln:powIIPPn>PL.PZGIK.200</sln:powIIPPn><sln:powIIPWersja>2012-09-27T08:13:53+02:00</sln:powIIPWersja><sln:powIdTeryt>1426</sln:powIdTeryt><sln:powNazwa>siedlecki</sln:powNazwa><sln:wojIIPId>4b6c492a-eb04-441d-a92a-f44359c06de7</sln:wojIIPId><sln:wojIIPPn>PL.PZGIK.200</sln:wojIIPPn><sln:wojIIPWersja>2012-09-27T13:45:13+02:00</sln:wojIIPWersja><sln:wojIdTeryt>14</sln:wojIdTeryt><sln:wojNazwa>mazowieckie</sln:wojNazwa></sln:miejscowosc><sln:miejscowosc><sln:cyklZyciaOd>2016-11-26T00:00:00+01:00</sln:cyklZyciaOd><sln:gmIIPId>891e039b-653e-46b7-96fe-c455662c7871</sln:gmIIPId><sln:gmIIPPn>PL.PZGIK.200</sln:gmIIPPn><sln:gmIIPWersja>2012-09-26T21:56:43+02:00</sln:gmIIPWersja><sln:gmIdTeryt>1426062</sln:gmIdTeryt><sln:gmNazwa>Paprotnia</sln:gmNazwa><sln:miejscIIPId>ff822f87-7659-42f3-a6b5-05687c360a90</sln:miejscIIPId><sln:miejscIIPPn>PL.PZGIK.200</sln:miejscIIPPn><sln:miejscIIPWersja>2016-11-26T17:59:03+02:00</sln:miejscIIPWersja><sln:miejscIdTeryt>0683476</sln:miejscIdTeryt><sln:miejscNazwa>Koryciany</sln:miejscNazwa><sln:miejscRodzaj>Wieś</sln:miejscRodzaj><sln:powIIPId>60f09523-3b8a-4b99-b112-9f6b6cf3c982</sln:powIIPId><sln:powIIPPn>PL.PZGIK.200</sln:powIIPPn><sln:powIIPWersja>2012-09-27T08:13:53+02:00</sln:powIIPWersja><sln:powIdTeryt>1426</sln:powIdTeryt><sln:powNazwa>siedlecki</sln:powNazwa><sln:wojIIPId>4b6c492a-eb04-441d-a92a-f44359c06de7</sln:wojIIPId><sln:wojIIPPn>PL.PZGIK.200</sln:wojIIPPn><sln:wojIIPWersja>2012-09-27T13:45:13+02:00</sln:wojIIPWersja><sln:wojIdTeryt>14</sln:wojIdTeryt><sln:wojNazwa>mazowieckie</sln:wojNazwa></sln:miejscowosc><sln:miejscowosc><sln:cyklZyciaOd>2016-11-26T00:00:00+01:00</sln:cyklZyciaOd><sln:gmIIPId>891e039b-653e-46b7-96fe-c455662c7871</sln:gmIIPId><sln:gmIIPPn>PL.PZGIK.200</sln:gmIIPPn><sln:gmIIPWersja>2012-09-26T21:56:43+02:00</sln:gmIIPWersja><sln:gmIdTeryt>1426062</sln:gmIdTeryt><sln:gmNazwa>Paprotnia</sln:gmNazwa><sln:miejscIIPId>5468ea9f-c9cf-4a96-bc9b-59840eda0dc2</sln:miejscIIPId><sln:miejscIIPPn>PL.PZGIK.200</sln:miejscIIPPn><sln:miejscIIPWersja>2016-11-26T17:59:03+02:00</sln:miejscIIPWersja><sln:miejscIdTeryt>0683482</sln:miejscIdTeryt><sln:miejscNazwa>Krynki</sln:miejscNazwa><sln:miejscRodzaj>Wieś</sln:miejscRodzaj><sln:powIIPId>60f09523-3b8a-4b99-b112-9f6b6cf3c982</sln:powIIPId><sln:powIIPPn>PL.PZGIK.200</sln:powIIPPn><sln:powIIPWersja>2012-09-27T08:13:53+02:00</sln:powIIPWersja><sln:powIdTeryt>1426</sln:powIdTeryt><sln:powNazwa>siedlecki</sln:powNazwa><sln:wojIIPId>4b6c492a-eb04-441d-a92a-f44359c06de7</sln:wojIIPId><sln:wojIIPPn>PL.PZGIK.200</sln:wojIIPPn><sln:wojIIPWersja>2012-09-27T13:45:13+02:00</sln:wojIIPWersja><sln:wojIdTeryt>14</sln:wojIdTeryt><sln:wojNazwa>mazowieckie</sln:wojNazwa></sln:miejscowosc><sln:miejscowosc><sln:cyklZyciaOd>2016-11-26T00:00:00+01:00</sln:cyklZyciaOd><sln:gmIIPId>891e039b-653e-46b7-96fe-c455662c7871</sln:gmIIPId><sln:gmIIPPn>PL.PZGIK.200</sln:gmIIPPn><sln:gmIIPWersja>2012-09-26T21:56:43+02:00</sln:gmIIPWersja><sln:gmIdTeryt>1426062</sln:gmIdTeryt><sln:gmNazwa>Paprotnia</sln:gmNazwa><sln:miejscIIPId>2c5e4522-0df0-45f2-a714-6ded04679d95</sln:miejscIIPId><sln:miejscIIPPn>PL.PZGIK.200</sln:miejscIIPPn><sln:miejscIIPWersja>2016-11-26T17:59:04+02:00</sln:miejscIIPWersja><sln:miejscIdTeryt>0683499</sln:miejscIdTeryt><sln:miejscNazwa>Łęczycki</sln:miejscNazwa><sln:miejscRodzaj>Wieś</sln:miejscRodzaj><sln:powIIPId>60f09523-3b8a-4b99-b112-9f6b6cf3c982</sln:powIIPId><sln:powIIPPn>PL.PZGIK.200</sln:powIIPPn><sln:powIIPWersja>2012-09-27T08:13:53+02:00</sln:powIIPWersja><sln:powIdTeryt>1426</sln:powIdTeryt><sln:powNazwa>siedlecki</sln:powNazwa><sln:wojIIPId>4b6c492a-eb04-441d-a92a-f44359c06de7</sln:wojIIPId><sln:wojIIPPn>PL.PZGIK.200</sln:wojIIPPn><sln:wojIIPWersja>2012-09-27T13:45:13+02:00</sln:wojIIPWersja><sln:wojIdTeryt>14</sln:wojIdTeryt><sln:wojNazwa>mazowieckie</sln:wojNazwa></sln:miejscowosc><sln:miejscowosc><sln:cyklZyciaOd>2016-11-26T00:00:00+01:00</sln:cyklZyciaOd><sln:gmIIPId>891e039b-653e-46b7-96fe-c455662c7871</sln:gmIIPId><sln:gmIIPPn>PL.PZGIK.200</sln:gmIIPPn><sln:gmIIPWersja>2012-09-26T21:56:43+02:00</sln:gmIIPWersja><sln:gmIdTeryt>1426062</sln:gmIdTeryt><sln:gmNazwa>Paprotnia</sln:gmNazwa><sln:miejscIIPId>0e77e471-83da-43aa-b3d6-bd5cd3bd3e3e</sln:miejscIIPId><sln:miejscIIPPn>PL.PZGIK.200</sln:miejscIIPPn><sln:miejscIIPWersja>2016-11-26T17:59:04+02:00</sln:miejscIIPWersja><sln:miejscIdTeryt>0683507</sln:miejscIdTeryt><sln:miejscNazwa>Łozy</sln:miejscNazwa><sln:miejscRodzaj>Wieś</sln:miejscRodzaj><sln:powIIPId>60f09523-3b8a-4b99-b112-9f6b6cf3c982</sln:powIIPId><sln:powIIPPn>PL.PZGIK.200</sln:powIIPPn><sln:powIIPWersja>2012-09-27T08:13:53+02:00</sln:powIIPWersja><sln:powIdTeryt>1426</sln:powIdTeryt><sln:powNazwa>siedlecki</sln:powNazwa><sln:wojIIPId>4b6c492a-eb04-441d-a92a-f44359c06de7</sln:wojIIPId><sln:wojIIPPn>PL.PZGIK.200</sln:wojIIPPn><sln:wojIIPWersja>2012-09-27T13:45:13+02:00</sln:wojIIPWersja><sln:wojIdTeryt>14</sln:wojIdTeryt><sln:wojNazwa>mazowieckie</sln:wojNazwa></sln:miejscowosc><sln:miejscowosc><sln:cyklZyciaOd>2016-11-26T00:00:00+01:00</sln:cyklZyciaOd><sln:gmIIPId>891e039b-653e-46b7-96fe-c455662c7871</sln:gmIIPId><sln:gmIIPPn>PL.PZGIK.200</sln:gmIIPPn><sln:gmIIPWersja>2012-09-26T21:56:43+02:00</sln:gmIIPWersja><sln:gmIdTeryt>1426062</sln:gmIdTeryt><sln:gmNazwa>Paprotnia</sln:gmNazwa><sln:miejscIIPId>e3c1b09d-5ef0-4dc4-a6f0-16e8d9435afc</sln:miejscIIPId><sln:miejscIIPPn>PL.PZGIK.200</sln:miejscIIPPn><sln:miejscIIPWersja>2016-11-26T17:59:04+02:00</sln:miejscIIPWersja><sln:miejscIdTeryt>0683513</sln:miejscIdTeryt><sln:miejscNazwa>Nasiłów</sln:miejscNazwa><sln:miejscRodzaj>Wieś</sln:miejscRodzaj><sln:powIIPId>60f09523-3b8a-4b99-b112-9f6b6cf3c982</sln:powIIPId><sln:powIIPPn>PL.PZGIK.200</sln:powIIPPn><sln:powIIPWersja>2012-09-27T08:13:53+02:00</sln:powIIPWersja><sln:powIdTeryt>1426</sln:powIdTeryt><sln:powNazwa>siedlecki</sln:powNazwa><sln:wojIIPId>4b6c492a-eb04-441d-a92a-f44359c06de7</sln:wojIIPId><sln:wojIIPPn>PL.PZGIK.200</sln:wojIIPPn><sln:wojIIPWersja>2012-09-27T13:45:13+02:00</sln:wojIIPWersja><sln:wojIdTeryt>14</sln:wojIdTeryt><sln:wojNazwa>mazowieckie</sln:wojNazwa></sln:miejscowosc><sln:miejscowosc><sln:cyklZyciaOd>2016-11-26T00:00:00+01:00</sln:cyklZyciaOd><sln:gmIIPId>891e039b-653e-46b7-96fe-c455662c7871</sln:gmIIPId><sln:gmIIPPn>PL.PZGIK.200</sln:gmIIPPn><sln:gmIIPWersja>2012-09-26T21:56:43+02:00</sln:gmIIPWersja><sln:gmIdTeryt>1426062</sln:gmIdTeryt><sln:gmNazwa>Paprotnia</sln:gmNazwa><sln:miejscIIPId>67c4546a-dc1f-46ab-9f5d-8f9b5b0c460f</sln:miejscIIPId><sln:miejscIIPPn>PL.PZGIK.200</sln:miejscIIPPn><sln:miejscIIPWersja>2016-11-26T17:59:04+02:00</sln:miejscIIPWersja><sln:miejscIdTeryt>0683520</sln:miejscIdTeryt><sln:miejscNazwa>Paprotnia</sln:miejscNazwa><sln:miejscRodzaj>Wieś</sln:miejscRodzaj><sln:powIIPId>60f09523-3b8a-4b99-b112-9f6b6cf3c982</sln:powIIPId><sln:powIIPPn>PL.PZGIK.200</sln:powIIPPn><sln:powIIPWersja>2012-09-27T08:13:53+02:00</sln:powIIPWersja><sln:powIdTeryt>1426</sln:powIdTeryt><sln:powNazwa>siedlecki</sln:powNazwa><sln:wojIIPId>4b6c492a-eb04-441d-a92a-f44359c06de7</sln:wojIIPId><sln:wojIIPPn>PL.PZGIK.200</sln:wojIIPPn><sln:wojIIPWersja>2012-09-27T13:45:13+02:00</sln:wojIIPWersja><sln:wojIdTeryt>14</sln:wojIdTeryt><sln:wojNazwa>mazowieckie</sln:wojNazwa></sln:miejscowosc></sln:lista-miejscowosci>