<?xml version="1.0" encoding="UTF-8" standalone="yes"?><sln:lista-miejscowosci xmlns:srv="http://gugik.gov.pl/schemas/slowniki-service/1.0" xmlns:sln="http://gugik.gov.pl/schemas/slowniki-schema/1.0"><sln:miejscowosc><sln:cyklZyciaDo>2017-04-19T00:00:00+02:00</sln:cyklZyciaDo><sln:cyklZyciaOd>2015-02-19T00:00:00+01:00</sln:cyklZyciaOd><sln:gmIIPId>4369f087-33a0-428a-bbc7-8a781eba48ca</sln:gmIIPId><sln:gmIIPPn>PL.PZGIK.200</sln:gmIIPPn><sln:gmIIPWersja>2012-09-26T21:57:27+02:00</sln:gmIIPWersja><sln:gmIdTeryt>1401052</sln:gmIdTeryt><sln:gmNazwa>Stromiec</sln:gmNazwa><sln:miejscIIPId>fb168985-7505-41ce-9ed8-2b99f826ab3f</sln:miejscIIPId><sln:miejscIIPPn>PL.PZGIK.200</sln:miejscIIPPn><sln:miejscIIPWersja>2016-11-24T11:41:30+02:00</sln:miejscIIPWersja><sln:miejscIdTeryt>0638599</sln:miejscIdTeryt><sln:miejscNazwa>Biała Góra</sln:miejscNazwa><sln:miejscRodzaj>Inny obiekt</sln:miejscRodzaj><sln:powIIPId>2a52ff3b-6f43-4385-a9b6-8b7ad0961028</sln:powIIPId><sln:powIIPPn>PL.PZGIK.200</sln:powIIPPn><sln:powIIPWersja>2012-09-27T08:13:53+02:00</sln:powIIPWersja><sln:powIdTeryt>1401</sln:powIdTeryt><sln:powNazwa>białobrzeski</sln:powNazwa><sln:waznyOd>2014-06-23T00:00:00+02:00</sln:waznyOd><sln:wojIIPId>4b6c492a-eb04-441d-a92a-f44359c06de7</sln:wojIIPId><sln:wojIIPPn>PL.PZGIK.200</sln:wojIIPPn><sln:wojIIPWersja>2012-09-27T13:45:13+02:00</sln:wojIIPWersja><sln:wojIdTeryt>14</sln:wojIdTeryt><sln:wojNazwa>mazowieckie</sln:wojNazwa></sln:miejscowosc><sln:miejscowosc><sln:cyklZyciaDo>2017-04-19T00:00:00+02:00</sln:cyklZyciaDo><sln:cyklZyciaOd>2015-02-19T00:00:00+01:00</sln:cyklZyciaOd><sln:gmIIPId>4369f087-33a0-428a-bbc7-8a781eba48ca</sln:gmIIPId><sln:gmIIPPn>PL.PZGIK.200</sln:gmIIPPn><sln:gmIIPWersja>2012-09-26T21:57:27+02:00</sln:gmIIPWersja><sln:gmIdTeryt>1401052</sln:gmIdTeryt><sln:gmNazwa>Stromiec</sln:gmNazwa><sln:miejscIIPId>4253dce1-12d6-45a9-90aa-938fc2c59507</sln:miejscIIPId><sln:miejscIIPPn>PL.PZGIK.200</sln:miejscIIPPn><sln:miejscIIPWersja>2016-11-24T11:41:30+02:00</sln:miejscIIPWersja><sln:miejscIdTeryt>0638613</sln:miejscIdTeryt><sln:miejscNazwa>Bobrek</sln:miejscNazwa><sln:miejscRodzaj>Inny obiekt</sln:miejscRodzaj><sln:powIIPId>2a52ff3b-6f43-4385-a9b6-8b7ad0961028</sln:powIIPId><sln:powIIPPn>PL.PZGIK.200</sln:powIIPPn><sln:powIIPWersja>2012-09-27T08:13:53+02:00</sln:powIIPWersja><sln:powIdTeryt>1401</sln:powIdTeryt><sln:powNazwa>białobrzeski</sln:powNazwa><sln:waznyOd>2014-06-23T00:00:00+02:00</sln:waznyOd><sln:wojIIPId>4b6c492a-eb04-441d-a92a-f44359c06de7</sln:wojIIPId><sln:wojIIPPn>PL.PZGIK.200</sln:wojIIPPn><sln:wojIIPWersja>2012-09-27T13:45:13+02:00</sln:wojIIPWersja><sln:wojIdTeryt>14</sln:wojIdTeryt><sln:wojNazwa>mazowieckie</sln:wojNazwa></sln:miejscowosc><sln:miejscowosc><sln:cyklZyciaDo>2017-04-19T00:00:00+02:00</sln:cyklZyciaDo><sln:cyklZyciaOd>2015-02-19T00:00:00+01:00</sln:cyklZyciaOd><sln:gmIIPId>4369f087-33a0-428a-bbc7-8a781eba48ca</sln:gmIIPId><sln:gmIIPPn>PL.PZGIK.200</sln:gmIIPPn><sln:gmIIPWersja>2012-09-26T21:57:27+02:00</sln:gmIIPWersja><sln:gmIdTeryt>1401052</sln:gmIdTeryt><sln:gmNazwa>Stromiec</sln:gmNazwa><sln:miejscIIPId>c80d283a-7f09-4e43-a575-831a0248a627</sln:miejscIIPId><sln:miejscIIPPn>PL.PZGIK.200</sln:miejscIIPPn><sln:miejscIIPWersja>2016-11-24T11:41:30+02:00</sln:miejscIIPWersja><sln:miejscIdTeryt>0638620</sln:miejscIdTeryt><sln:miejscNazwa>Bobrek-Kolonia</sln:miejscNazwa><sln:miejscRodzaj>Inny obiekt</sln:miejscRodzaj><sln:powIIPId>2a52ff3b-6f43-4385-a9b6-8b7ad0961028</sln:powIIPId><sln:powIIPPn>PL.PZGIK.200</sln:powIIPPn><sln:powIIPWersja>2012-09-27T08:13:53+02:00</sln:powIIPWersja><sln:powIdTeryt>1401</sln:powIdTeryt><sln:powNazwa>białobrzeski</sln:powNazwa><sln:waznyOd>2014-12-23T00:00:00+01:00</sln:waznyOd><sln:wojIIPId>4b6c492a-eb04-441d-a92a-f44359c06de7</sln:wojIIPId><sln:wojIIPPn>PL.PZGIK.200</sln:wojIIPPn><sln:wojIIPWersja>2012-09-27T13:45:13+02:00</sln:wojIIPWersja><sln:wojIdTeryt>14</sln:wojIdTeryt><sln:wojNazwa>mazowieckie</sln:wojNazwa></sln:miejscowosc><sln:miejscowosc><sln:cyklZyciaDo>2017-04-19T00:00:00+02:00</sln:cyklZyciaDo><sln:cyklZyciaOd>2015-02-19T00:00:00+01:00</sln:cyklZyciaOd><sln:gmIIPId>4369f087-33a0-428a-bbc7-8a781eba48ca</sln:gmIIPId><sln:gmIIPPn>PL.PZGIK.200</sln:gmIIPPn><sln:gmIIPWersja>2012-09-26T21:57:27+02:00</sln:gmIIPWersja><sln:gmIdTeryt>1401052</sln:gmIdTeryt><sln:gmNazwa>Stromiec</sln:gmNazwa><sln:miejscIIPId>d1c79227-00b7-4321-a7f3-20ab58aa04cf</sln:miejscIIPId><sln:miejscIIPPn>PL.PZGIK.200</sln:miejscIIPPn><sln:miejscIIPWersja>2016-11-24T11:41:30+02:00</sln:miejscIIPWersja><sln:miejscIdTeryt>0638642</sln:miejscIdTeryt><sln:miejscNazwa>Boska Wola</sln:miejscNazwa><sln:miejscRodzaj>Inny obiekt</sln:miejscRodzaj><sln:powIIPId>2a52ff3b-6f43-4385-a9b6-8b7ad0961028</sln:powIIPId><sln:powIIPPn>PL.PZGIK.200</sln:powIIPPn><sln:powIIPWersja>2012-09-27T08:13:53+02:00</sln:powIIPWersja><sln:powIdTeryt>1401</sln:powIdTeryt><sln:powNazwa>białobrzeski</sln:powNazwa><sln:waznyOd>2014-06-23T00:00:00+02:00</sln:waznyOd><sln:wojIIPId>4b6c492a-eb04-441d-a92a-f44359c06de7</sln:wojIIPId><sln:wojIIPPn>PL.PZGIK.200</sln:wojIIPPn><sln:wojIIPWersja>2012-09-27T13:45:13+02:00</sln:wojIIPWersja><sln:wojIdTeryt>14</sln:wojIdTeryt><sln:wojNazwa>mazowieckie</sln:wojNazwa></sln:miejscowosc><sln:miejscowosc><sln:cyklZyciaDo>2017-04-19T00:00:00+02:00</sln:cyklZyciaDo><sln:cyklZyciaOd>2015-02-19T00:00:00+01:00</sln:cyklZyciaOd><sln:gmIIPId>4369f087-33a0-428a-bbc7-8a781eba48ca</sln:gmIIPId><sln:gmIIPPn>PL.PZGIK.200</sln:gmIIPPn><sln:gmIIPWersja>2012-09-26T21:57:27+02:00</sln:gmIIPWersja><sln:gmIdTeryt>1401052</sln:gmIdTeryt><sln:gmNazwa>Stromiec</sln:gmNazwa><sln:miejscIIPId>69c3228a-b34d-45a8-91be-65319fa58b30</sln:miejscIIPId><sln:miejscIIPPn>PL.PZGIK.200</sln:miejscIIPPn><sln:miejscIIPWersja>2016-11-24T11:41:30+02:00</sln:miejscIIPWersja><sln:miejscIdTeryt>0638665</sln:miejscIdTeryt><sln:miejscNazwa>Boże</sln:miejscNazwa><sln:miejscRodzaj>Inny obiekt</sln:miejscRodzaj><sln:powIIPId>2a52ff3b-6f43-4385-a9b6-8b7ad0961028</sln:powIIPId><sln:powIIPPn>PL.PZGIK.200</sln:powIIPPn><sln:powIIPWersja>2012-09-27T08:13:53+02:00</sln:powIIPWersja><sln:powIdTeryt>1401</sln:powIdTeryt><sln:powNazwa>białobrzeski</sln:powNazwa><sln:waznyOd>2014-06-23T00:00:00+02:00</sln:waznyOd><sln:wojIIPId>4b6c492a-eb04-441d-a92a-f44359c06de7</sln:wojIIPId><sln:wojIIPPn>PL.PZGIK.200</sln:wojIIPPn><sln:wojIIPWersja>2012-09-27T13:45:13+02:00</sln:wojIIPWersja><sln:wojIdTeryt>14</sln:wojIdTeryt><sln:wojNazwa>mazowieckie</sln:wojNazwa></sln:miejscowosc><sln:miejscowosc><sln:cyklZyciaDo>2017-04-19T00:00:00+02:00</sln:cyklZyciaDo><sln:cyklZyciaOd>2015-02-19T00:00:00+01:00</sln:cyklZyciaOd><sln:gmIIPId>4369f087-33a0-428a-bbc7-8a781eba48ca</sln:gmIIPId><sln:gmIIPPn>PL.PZGIK.200</sln:gmIIPPn><sln:gmIIPWersja>2012-09-26T21:57:27+02:00</sln:gmIIPWersja><sln:gmIdTeryt>1401052</sln:gmIdTeryt><sln:gmNazwa>Stromiec</sln:gmNazwa><sln:miejscIIPId>9c68d0da-e88e-417e-8576-d213f6a33c33</sln:miejscIIPId><sln:miejscIIPPn>PL.PZGIK.200</sln:miejscIIPPn><sln:miejscIIPWersja>2016-11-24T11:41:30+02:00</sln:miejscIIPWersja><sln:miejscIdTeryt>0638671</sln:miejscIdTeryt><sln:miejscNazwa>Dobieszyn</sln:miejscNazwa><sln:miejscRodzaj>Inny obiekt</sln:miejscRodzaj><sln:powIIPId>2a52ff3b-6f43-4385-a9b6-8b7ad0961028</sln:powIIPId><sln:powIIPPn>PL.PZGIK.200</sln:powIIPPn><sln:powIIPWersja>2012-09-27T08:13:53+02:00</sln:powIIPWersja><sln:powIdTeryt>1401</sln:powIdTeryt><sln:powNazwa>białobrzeski</sln:powNazwa><sln:waznyOd>2014-06-23T00:00:00+02:00</sln:waznyOd><sln:wojIIPId>4b6c492a-eb04-441d-a92a-f44359c06de7</sln:wojIIPId><sln:wojIIPPn>PL.PZGIK.200</sln:wojIIPPn><sln:wojIIPWersja>2012-09-27T13:45:13+02:00</sln:wojIIPWersja><sln:wojIdTeryt>14</sln:wojIdTeryt><sln:wojNazwa>mazowieckie</sln:wojNazwa></sln:miejscowosc><sln:miejscowosc><sln:cyklZyciaDo>2017-04-19T00:00:00+02:00</sln:cyklZyciaDo><sln:cyklZyciaOd>2015-02-19T00:00:00+01:00</sln:cyklZyciaOd><sln:gmIIPId>4369f087-33a0-428a-bbc7-8a781eba48ca</sln:gmIIPId><sln:gmIIPPn>PL.PZGIK.200</sln:gmIIPPn><sln:gmIIPWersja>2012-09-26T21:57:27+02:00</sln:gmIIPWersja><sln:gmIdTeryt>1401052</sln:gmIdTeryt><sln:gmNazwa>Stromiec</sln:gmNazwa><sln:miejscIIPId>39640f71-fc6c-432d-8f0d-ee1aa15050c4</sln:miejscIIPId><sln:miejscIIPPn>PL.PZGIK.200</sln:miejscIIPPn><sln:miejscIIPWersja>2016-11-24T11:41:31+02:00</sln:miejscIIPWersja><sln:miejscIdTeryt>0638702</sln:miejscIdTeryt><sln:miejscNazwa>Ducka Wola</sln:miejscNazwa><sln:miejscRodzaj>Inny obiekt</sln:miejscRodzaj><sln:powIIPId>2a52ff3b-6f43-4385-a9b6-8b7ad0961028</sln:powIIPId><sln:powIIPPn>PL.PZGIK.200</sln:powIIPPn><sln:powIIPWersja>2012-09-27T08:13:53+02:00</sln:powIIPWersja><sln:powIdTeryt>1401</sln:powIdTeryt><sln:powNazwa>białobrzeski</sln:powNazwa><sln:waznyOd>2014-06-23T00:00:00+02:00</sln:waznyOd><sln:wojIIPId>4b6c492a-eb04-441d-a92a-f44359c06de7</sln:wojIIPId><sln:wojIIPPn>PL.PZGIK.200</sln:wojIIPPn><sln:wojIIPWersja>2012-09-27T13:45:13+02:00</sln:wojIIPWersja><sln:wojIdTeryt>14</sln:wojIdTeryt><sln:wojNazwa>mazowieckie</sln:wojNazwa></sln:miejscowosc><sln:miejscowosc><sln:cyklZyciaDo>2017-04-19T00:00:00+02:00</sln:cyklZyciaDo><sln:cyklZyciaOd>2015-02-19T00:00:00+01:00</sln:cyklZyciaOd><sln:gmIIPId>4369f087-33a0-428a-bbc7-8a781eba48ca</sln:gmIIPId><sln:gmIIPPn>PL.PZGIK.200</sln:gmIIPPn><sln:gmIIPWersja>2012-09-26T21:57:27+02:00</sln:gmIIPWersja><sln:gmIdTeryt>1401052</sln:gmIdTeryt><sln:gmNazwa>Stromiec</sln:gmNazwa><sln:miejscIIPId>51d6c15b-eb18-4668-ae3e-36b5e353c115</sln:miejscIIPId><sln:miejscIIPPn>PL.PZGIK.200</sln:miejscIIPPn><sln:miejscIIPWersja>2016-11-24T11:41:31+02:00</sln:miejscIIPWersja><sln:miejscIdTeryt>0638731</sln:miejscIdTeryt><sln:miejscNazwa>Grabowy Las</sln:miejscNazwa><sln:miejscRodzaj>Inny obiekt</sln:miejscRodzaj><sln:powIIPId>2a52ff3b-6f43-4385-a9b6-8b7ad0961028</sln:powIIPId><sln:powIIPPn>PL.PZGIK.200</sln:powIIPPn><sln:powIIPWersja>2012-09-27T08:13:53+02:00</sln:powIIPWersja><sln:powIdTeryt>1401</sln:powIdTeryt><sln:powNazwa>białobrzeski</sln:powNazwa><sln:waznyOd>2014-06-23T00:00:00+02:00</sln:waznyOd><sln:wojIIPId>4b6c492a-eb04-441d-a92a-f44359c06de7</sln:wojIIPId><sln:wojIIPPn>PL.PZGIK.200</sln:wojIIPPn><sln:wojIIPWersja>2012-09-27T13:45:13+02:00</sln:wojIIPWersja><sln:wojIdTeryt>14</sln:wojIdTeryt><sln:wojNazwa>mazowieckie</sln:wojNazwa></sln:miejscowosc><sln:miejscowosc><sln:cyklZyciaDo>2017-04-19T00:00:00+02:00</sln:cyklZyciaDo><sln:cyklZyciaOd>2015-02-19T00:00:00+01:00</sln:cyklZyciaOd><sln:gmIIPId>4369f087-33a0-428a-bbc7-8a781eba48ca</sln:gmIIPId><sln:gmIIPPn>PL.PZGIK.200</sln:gmIIPPn><sln:gmIIPWersja>2012-09-26T21:57:27+02:00</sln:gmIIPWersja><sln:gmIdTeryt>1401052</sln:gmIdTeryt><sln:gmNazwa>Stromiec</sln:gmNazwa><sln:miejscIIPId>7dbe59d2-e31d-4ad7-be62-37c00f492331</sln:miejscIIPId><sln:miejscIIPPn>PL.PZGIK.200</sln:miejscIIPPn><sln:miejscIIPWersja>2016-11-24T11:41:31+02:00</sln:miejscIIPWersja><sln:miejscIdTeryt>0638961</sln:miejscIdTeryt><sln:miejscNazwa>Kalinów</sln:miejscNazwa><sln:miejscRodzaj>Inny obiekt</sln:miejscRodzaj><sln:powIIPId>2a52ff3b-6f43-4385-a9b6-8b7ad0961028</sln:powIIPId><sln:powIIPPn>PL.PZGIK.200</sln:powIIPPn><sln:powIIPWersja>2012-09-27T08:13:53+02:00</sln:powIIPWersja><sln:powIdTeryt>1401</sln:powIdTeryt><sln:powNazwa>białobrzeski</sln:powNazwa><sln:waznyOd>2014-06-23T00:00:00+02:00</sln:waznyOd><sln:wojIIPId>4b6c492a-eb04-441d-a92a-f44359c06de7</sln:wojIIPId><sln:wojIIPPn>PL.PZGIK.200</sln:wojIIPPn><sln:wojIIPWersja>2012-09-27T13:45:13+02:00</sln:wojIIPWersja><sln:wojIdTeryt>14</sln:wojIdTeryt><sln:wojNazwa>mazowieckie</sln:wojNazwa></sln:miejscowosc><sln:miejscowosc><sln:cyklZyciaDo>2017-04-19T00:00:00+02:00</sln:cyklZyciaDo><sln:cyklZyciaOd>2015-02-19T00:00:00+01:00</sln:cyklZyciaOd><sln:gmIIPId>4369f087-33a0-428a-bbc7-8a781eba48ca</sln:gmIIPId><sln:gmIIPPn>PL.PZGIK.200</sln:gmIIPPn><sln:gmIIPWersja>2012-09-26T21:57:27+02:00</sln:gmIIPWersja><sln:gmIdTeryt>1401052</sln:gmIdTeryt><sln:gmNazwa>Stromiec</sln:gmNazwa><sln:miejscIIPId>bc7fda79-f0ea-4c61-a43d-cf44b2e5fcee</sln:miejscIIPId><sln:miejscIIPPn>PL.PZGIK.200</sln:miejscIIPPn><sln:miejscIIPWersja>2016-11-24T11:41:31+02:00</sln:miejscIIPWersja><sln:miejscIdTeryt>0639015</sln:miejscIdTeryt><sln:miejscNazwa>Kolonia Sielce</sln:miejscNazwa><sln:miejscRodzaj>Inny obiekt</sln:miejscRodzaj><sln:powIIPId>2a52ff3b-6f43-4385-a9b6-8b7ad0961028</sln:powIIPId><sln:powIIPPn>PL.PZGIK.200</sln:powIIPPn><sln:powIIPWersja>2012-09-27T08:13:53+02:00</sln:powIIPWersja><sln:powIdTeryt>1401</sln:powIdTeryt><sln:powNazwa>białobrzeski</sln:powNazwa><sln:waznyOd>2014-06-23T00:00:00+02:00</sln:waznyOd><sln:wojIIPId>4b6c492a-eb04-441d-a92a-f44359c06de7</sln:wojIIPId><sln:wojIIPPn>PL.PZGIK.200</sln:wojIIPPn><sln:wojIIPWersja>2012-09-27T13:45:13+02:00</sln:wojIIPWersja><sln:wojIdTeryt>14</sln:wojIdTeryt><sln:wojNazwa>mazowieckie</sln:wojNazwa></sln:miejscowosc><sln:miejscowosc><sln:cyklZyciaDo>2017-04-19T00:00:00+02:00</sln:cyklZyciaDo><sln:cyklZyciaOd>2015-02-19T00:00:00+01:00</sln:cyklZyciaOd><sln:gmIIPId>4369f087-33a0-428a-bbc7-8a781eba48ca</sln:gmIIPId><sln:gmIIPPn>PL.PZGIK.200</sln:gmIIPPn><sln:gmIIPWersja>2012-09-26T21:57:27+02:00</sln:gmIIPWersja><sln:gmIdTeryt>1401052</sln:gmIdTeryt><sln:gmNazwa>Stromiec</sln:gmNazwa><sln:miejscIIPId>4c09b51b-dff4-4e99-a0b4-05c1d50b506c</sln:miejscIIPId><sln:miejscIIPPn>PL.PZGIK.200</sln:miejscIIPPn><sln:miejscIIPWersja>2016-11-24T11:41:31+02:00</sln:miejscIIPWersja><sln:miejscIdTeryt>0638748</sln:miejscIdTeryt><sln:miejscNazwa>Krzemień</sln:miejscNazwa><sln:miejscRodzaj>Inny obiekt</sln:miejscRodzaj><sln:powIIPId>2a52ff3b-6f43-4385-a9b6-8b7ad0961028</sln:powIIPId><sln:powIIPPn>PL.PZGIK.200</sln:powIIPPn><sln:powIIPWersja>2012-09-27T08:13:53+02:00</sln:powIIPWersja><sln:powIdTeryt>1401</sln:powIdTeryt><sln:powNazwa>białobrzeski</sln:powNazwa><sln:waznyOd>2014-06-23T00:00:00+02:00</sln:waznyOd><sln:wojIIPId>4b6c492a-eb04-441d-a92a-f44359c06de7</sln:wojIIPId><sln:wojIIPPn>PL.PZGIK.200</sln:wojIIPPn><sln:wojIIPWersja>2012-09-27T13:45:13+02:00</sln:wojIIPWersja><sln:wojIdTeryt>14</sln:wojIdTeryt><sln:wojNazwa>mazowieckie</sln:wojNazwa></sln:miejscowosc><sln:miejscowosc><sln:cyklZyciaDo>2017-04-19T00:00:00+02:00</sln:cyklZyciaDo><sln:cyklZyciaOd>2015-02-19T00:00:00+01:00</sln:cyklZyciaOd><sln:gmIIPId>4369f087-33a0-428a-bbc7-8a781eba48ca</sln:gmIIPId><sln:gmIIPPn>PL.PZGIK.200</sln:gmIIPPn><sln:gmIIPWersja>2012-09-26T21:57:27+02:00</sln:gmIIPWersja><sln:gmIdTeryt>1401052</sln:gmIdTeryt><sln:gmNazwa>Stromiec</sln:gmNazwa><sln:miejscIIPId>3a78f335-3683-4f56-b463-94d2f7cc1cb2</sln:miejscIIPId><sln:miejscIIPPn>PL.PZGIK.200</sln:miejscIIPPn><sln:miejscIIPWersja>2016-11-24T11:41:31+02:00</sln:miejscIIPWersja><sln:miejscIdTeryt>0638866</sln:miejscIdTeryt><sln:miejscNazwa>Ksawerów Nowy</sln:miejscNazwa><sln:miejscRodzaj>Inny obiekt</sln:miejscRodzaj><sln:powIIPId>2a52ff3b-6f43-4385-a9b6-8b7ad0961028</sln:powIIPId><sln:powIIPPn>PL.PZGIK.200</sln:powIIPPn><sln:powIIPWersja>2012-09-27T08:13:53+02:00</sln:powIIPWersja><sln:powIdTeryt>1401</sln:powIdTeryt><sln:powNazwa>białobrzeski</sln:powNazwa><sln:waznyOd>2014-06-23T00:00:00+02:00</sln:waznyOd><sln:wojIIPId>4b6c492a-eb04-441d-a92a-f44359c06de7</sln:wojIIPId><sln:wojIIPPn>PL.PZGIK.200</sln:wojIIPPn><sln:wojIIPWersja>2012-09-27T13:45:13+02:00</sln:wojIIPWersja><sln:wojIdTeryt>14</sln:wojIdTeryt><sln:wojNazwa>mazowieckie</sln:wojNazwa></sln:miejscowosc><sln:miejscowosc><sln:cyklZyciaDo>2017-04-19T00:00:00+02:00</sln:cyklZyciaDo><sln:cyklZyciaOd>2015-02-19T00:00:00+01:00</sln:cyklZyciaOd><sln:gmIIPId>4369f087-33a0-428a-bbc7-8a781eba48ca</sln:gmIIPId><sln:gmIIPPn>PL.PZGIK.200</sln:gmIIPPn><sln:gmIIPWersja>2012-09-26T21:57:27+02:00</sln:gmIIPWersja><sln:gmIdTeryt>1401052</sln:gmIdTeryt><sln:gmNazwa>Stromiec</sln:gmNazwa><sln:miejscIIPId>4c59dd5f-d4e1-4549-b8ff-cb05b49c3679</sln:miejscIIPId><sln:miejscIIPPn>PL.PZGIK.200</sln:miejscIIPPn><sln:miejscIIPWersja>2016-11-24T11:41:31+02:00</sln:miejscIIPWersja><sln:miejscIdTeryt>0638760</sln:miejscIdTeryt><sln:miejscNazwa>Ksawerów Stary</sln:miejscNazwa><sln:miejscRodzaj>Inny obiekt</sln:miejscRodzaj><sln:powIIPId>2a52ff3b-6f43-4385-a9b6-8b7ad0961028</sln:powIIPId><sln:powIIPPn>PL.PZGIK.200</sln:powIIPPn><sln:powIIPWersja>2012-09-27T08:13:53+02:00</sln:powIIPWersja><sln:powIdTeryt>1401</sln:powIdTeryt><sln:powNazwa>białobrzeski</sln:powNazwa><sln:waznyOd>2014-06-23T00:00:00+02:00</sln:waznyOd><sln:wojIIPId>4b6c492a-eb04-441d-a92a-f44359c06de7</sln:wojIIPId><sln:wojIIPPn>PL.PZGIK.200</sln:wojIIPPn><sln:wojIIPWersja>2012-09-27T13:45:13+02:00</sln:wojIIPWersja><sln:wojIdTeryt>14</sln:wojIdTeryt><sln:wojNazwa>mazowieckie</sln:wojNazwa></sln:miejscowosc><sln:miejscowosc><sln:cyklZyciaDo>2017-04-19T00:00:00+02:00</sln:cyklZyciaDo><sln:cyklZyciaOd>2015-02-19T00:00:00+01:00</sln:cyklZyciaOd><sln:gmIIPId>4369f087-33a0-428a-bbc7-8a781eba48ca</sln:gmIIPId><sln:gmIIPPn>PL.PZGIK.200</sln:gmIIPPn><sln:gmIIPWersja>2012-09-26T21:57:27+02:00</sln:gmIIPWersja><sln:gmIdTeryt>1401052</sln:gmIdTeryt><sln:gmNazwa>Stromiec</sln:gmNazwa><sln:miejscIIPId>69f5b7e2-93dd-4822-ae76-9c35781358ff</sln:miejscIIPId><sln:miejscIIPPn>PL.PZGIK.200</sln:miejscIIPPn><sln:miejscIIPWersja>2016-11-24T11:41:31+02:00</sln:miejscIIPWersja><sln:miejscIdTeryt>0638783</sln:miejscIdTeryt><sln:miejscNazwa>Lipskie Budy</sln:miejscNazwa><sln:miejscRodzaj>Inny obiekt</sln:miejscRodzaj><sln:powIIPId>2a52ff3b-6f43-4385-a9b6-8b7ad0961028</sln:powIIPId><sln:powIIPPn>PL.PZGIK.200</sln:powIIPPn><sln:powIIPWersja>2012-09-27T08:13:53+02:00</sln:powIIPWersja><sln:powIdTeryt>1401</sln:powIdTeryt><sln:powNazwa>białobrzeski</sln:powNazwa><sln:waznyOd>2014-06-23T00:00:00+02:00</sln:waznyOd><sln:wojIIPId>4b6c492a-eb04-441d-a92a-f44359c06de7</sln:wojIIPId><sln:wojIIPPn>PL.PZGIK.200</sln:wojIIPPn><sln:wojIIPWersja>2012-09-27T13:45:13+02:00</sln:wojIIPWersja><sln:wojIdTeryt>14</sln:wojIdTeryt><sln:wojNazwa>mazowieckie</sln:wojNazwa></sln:miejscowosc><sln:miejscowosc><sln:cyklZyciaDo>2017-04-19T00:00:00+02:00</sln:cyklZyciaDo><sln:cyklZyciaOd>2015-02-19T00:00:00+01:00</sln:cyklZyciaOd><sln:gmIIPId>4369f087-33a0-428a-bbc7-8a781eba48ca</sln:gmIIPId><sln:gmIIPPn>PL.PZGIK.200</sln:gmIIPPn><sln:gmIIPWersja>2012-09-26T21:57:27+02:00</sln:gmIIPWersja><sln:gmIdTeryt>1401052</sln:gmIdTeryt><sln:gmNazwa>Stromiec</sln:gmNazwa><sln:miejscIIPId>b07619a3-692c-440e-be92-64001d4f744f</sln:miejscIIPId><sln:miejscIIPPn>PL.PZGIK.200</sln:miejscIIPPn><sln:miejscIIPWersja>2016-11-24T11:41:31+02:00</sln:miejscIIPWersja><sln:miejscIdTeryt>0638808</sln:miejscIdTeryt><sln:miejscNazwa>Małe Boże</sln:miejscNazwa><sln:miejscRodzaj>Inny obiekt</sln:miejscRodzaj><sln:powIIPId>2a52ff3b-6f43-4385-a9b6-8b7ad0961028</sln:powIIPId><sln:powIIPPn>PL.PZGIK.200</sln:powIIPPn><sln:powIIPWersja>2012-09-27T08:13:53+02:00</sln:powIIPWersja><sln:powIdTeryt>1401</sln:powIdTeryt><sln:powNazwa>białobrzeski</sln:powNazwa><sln:waznyOd>2014-06-23T00:00:00+02:00</sln:waznyOd><sln:wojIIPId>4b6c492a-eb04-441d-a92a-f44359c06de7</sln:wojIIPId><sln:wojIIPPn>PL.PZGIK.200</sln:wojIIPPn><sln:wojIIPWersja>2012-09-27T13:45:13+02:00</sln:wojIIPWersja><sln:wojIdTeryt>14</sln:wojIdTeryt><sln:wojNazwa>mazowieckie</sln:wojNazwa></sln:miejscowosc><sln:miejscowosc><sln:cyklZyciaDo>2017-04-19T00:00:00+02:00</sln:cyklZyciaDo><sln:cyklZyciaOd>2015-02-19T00:00:00+01:00</sln:cyklZyciaOd><sln:gmIIPId>4369f087-33a0-428a-bbc7-8a781eba48ca</sln:gmIIPId><sln:gmIIPPn>PL.PZGIK.200</sln:gmIIPPn><sln:gmIIPWersja>2012-09-26T21:57:27+02:00</sln:gmIIPWersja><sln:gmIdTeryt>1401052</sln:gmIdTeryt><sln:gmNazwa>Stromiec</sln:gmNazwa><sln:miejscIIPId>8ef91790-b8aa-4e93-a2e0-d19d4de4566b</sln:miejscIIPId><sln:miejscIIPPn>PL.PZGIK.200</sln:miejscIIPPn><sln:miejscIIPWersja>2016-11-24T11:41:31+02:00</sln:miejscIIPWersja><sln:miejscIdTeryt>0638837</sln:miejscIdTeryt><sln:miejscNazwa>Marianki</sln:miejscNazwa><sln:miejscRodzaj>Inny obiekt</sln:miejscRodzaj><sln:powIIPId>2a52ff3b-6f43-4385-a9b6-8b7ad0961028</sln:powIIPId><sln:powIIPPn>PL.PZGIK.200</sln:powIIPPn><sln:powIIPWersja>2012-09-27T08:13:53+02:00</sln:powIIPWersja><sln:powIdTeryt>1401</sln:powIdTeryt><sln:powNazwa>białobrzeski</sln:powNazwa><sln:waznyOd>2014-06-23T00:00:00+02:00</sln:waznyOd><sln:wojIIPId>4b6c492a-eb04-441d-a92a-f44359c06de7</sln:wojIIPId><sln:wojIIPPn>PL.PZGIK.200</sln:wojIIPPn><sln:wojIIPWersja>2012-09-27T13:45:13+02:00</sln:wojIIPWersja><sln:wojIdTeryt>14</sln:wojIdTeryt><sln:wojNazwa>mazowieckie</sln:wojNazwa></sln:miejscowosc><sln:miejscowosc><sln:cyklZyciaDo>2017-04-19T00:00:00+02:00</sln:cyklZyciaDo><sln:cyklZyciaOd>2015-02-19T00:00:00+01:00</sln:cyklZyciaOd><sln:gmIIPId>4369f087-33a0-428a-bbc7-8a781eba48ca</sln:gmIIPId><sln:gmIIPPn>PL.PZGIK.200</sln:gmIIPPn><sln:gmIIPWersja>2012-09-26T21:57:27+02:00</sln:gmIIPWersja><sln:gmIdTeryt>1401052</sln:gmIdTeryt><sln:gmNazwa>Stromiec</sln:gmNazwa><sln:miejscIIPId>bcc809b7-87c7-405a-a4fc-ff587e01d10f</sln:miejscIIPId><sln:miejscIIPPn>PL.PZGIK.200</sln:miejscIIPPn><sln:miejscIIPWersja>2016-11-24T11:41:31+02:00</sln:miejscIIPWersja><sln:miejscIdTeryt>0638843</sln:miejscIdTeryt><sln:miejscNazwa>Matyldzin</sln:miejscNazwa><sln:miejscRodzaj>Inny obiekt</sln:miejscRodzaj><sln:powIIPId>2a52ff3b-6f43-4385-a9b6-8b7ad0961028</sln:powIIPId><sln:powIIPPn>PL.PZGIK.200</sln:powIIPPn><sln:powIIPWersja>2012-09-27T08:13:53+02:00</sln:powIIPWersja><sln:powIdTeryt>1401</sln:powIdTeryt><sln:powNazwa>białobrzeski</sln:powNazwa><sln:waznyOd>2014-06-23T00:00:00+02:00</sln:waznyOd><sln:wojIIPId>4b6c492a-eb04-441d-a92a-f44359c06de7</sln:wojIIPId><sln:wojIIPPn>PL.PZGIK.200</sln:wojIIPPn><sln:wojIIPWersja>2012-09-27T13:45:13+02:00</sln:wojIIPWersja><sln:wojIdTeryt>14</sln:wojIdTeryt><sln:wojNazwa>mazowieckie</sln:wojNazwa></sln:miejscowosc><sln:miejscowosc><sln:cyklZyciaDo>2017-04-19T00:00:00+02:00</sln:cyklZyciaDo><sln:cyklZyciaOd>2015-02-19T00:00:00+01:00</sln:cyklZyciaOd><sln:gmIIPId>4369f087-33a0-428a-bbc7-8a781eba48ca</sln:gmIIPId><sln:gmIIPPn>PL.PZGIK.200</sln:gmIIPPn><sln:gmIIPWersja>2012-09-26T21:57:27+02:00</sln:gmIIPWersja><sln:gmIdTeryt>1401052</sln:gmIdTeryt><sln:gmNazwa>Stromiec</sln:gmNazwa><sln:miejscIIPId>bb168bd9-0ac8-43a4-ab85-e96c03324494</sln:miejscIIPId><sln:miejscIIPPn>PL.PZGIK.200</sln:miejscIIPPn><sln:miejscIIPWersja>2016-11-24T11:41:31+02:00</sln:miejscIIPWersja><sln:miejscIdTeryt>0638850</sln:miejscIdTeryt><sln:miejscNazwa>Mokry Las</sln:miejscNazwa><sln:miejscRodzaj>Inny obiekt</sln:miejscRodzaj><sln:powIIPId>2a52ff3b-6f43-4385-a9b6-8b7ad0961028</sln:powIIPId><sln:powIIPPn>PL.PZGIK.200</sln:powIIPPn><sln:powIIPWersja>2012-09-27T08:13:53+02:00</sln:powIIPWersja><sln:powIdTeryt>1401</sln:powIdTeryt><sln:powNazwa>białobrzeski</sln:powNazwa><sln:waznyOd>2014-06-23T00:00:00+02:00</sln:waznyOd><sln:wojIIPId>4b6c492a-eb04-441d-a92a-f44359c06de7</sln:wojIIPId><sln:wojIIPPn>PL.PZGIK.200</sln:wojIIPPn><sln:wojIIPWersja>2012-09-27T13:45:13+02:00</sln:wojIIPWersja><sln:wojIdTeryt>14</sln:wojIdTeryt><sln:wojNazwa>mazowieckie</sln:wojNazwa></sln:miejscowosc><sln:miejscowosc><sln:cyklZyciaDo>2017-04-19T00:00:00+02:00</sln:cyklZyciaDo><sln:cyklZyciaOd>2015-02-19T00:00:00+01:00</sln:cyklZyciaOd><sln:gmIIPId>4369f087-33a0-428a-bbc7-8a781eba48ca</sln:gmIIPId><sln:gmIIPPn>PL.PZGIK.200</sln:gmIIPPn><sln:gmIIPWersja>2012-09-26T21:57:27+02:00</sln:gmIIPWersja><sln:gmIdTeryt>1401052</sln:gmIdTeryt><sln:gmNazwa>Stromiec</sln:gmNazwa><sln:miejscIIPId>45b09922-9fbb-4363-9dea-687413e748ee</sln:miejscIIPId><sln:miejscIIPPn>PL.PZGIK.200</sln:miejscIIPPn><sln:miejscIIPWersja>2016-11-24T11:41:31+02:00</sln:miejscIIPWersja><sln:miejscIdTeryt>0638872</sln:miejscIdTeryt><sln:miejscNazwa>Nętne</sln:miejscNazwa><sln:miejscRodzaj>Inny obiekt</sln:miejscRodzaj><sln:powIIPId>2a52ff3b-6f43-4385-a9b6-8b7ad0961028</sln:powIIPId><sln:powIIPPn>PL.PZGIK.200</sln:powIIPPn><sln:powIIPWersja>2012-09-27T08:13:53+02:00</sln:powIIPWersja><sln:powIdTeryt>1401</sln:powIdTeryt><sln:powNazwa>białobrzeski</sln:powNazwa><sln:waznyOd>2014-06-23T00:00:00+02:00</sln:waznyOd><sln:wojIIPId>4b6c492a-eb04-441d-a92a-f44359c06de7</sln:wojIIPId><sln:wojIIPPn>PL.PZGIK.200</sln:wojIIPPn><sln:wojIIPWersja>2012-09-27T13:45:13+02:00</sln:wojIIPWersja><sln:wojIdTeryt>14</sln:wojIdTeryt><sln:wojNazwa>mazowieckie</sln:wojNazwa></sln:miejscowosc><sln:miejscowosc><sln:cyklZyciaDo>2017-04-19T00:00:00+02:00</sln:cyklZyciaDo><sln:cyklZyciaOd>2015-02-19T00:00:00+01:00</sln:cyklZyciaOd><sln:gmIIPId>4369f087-33a0-428a-bbc7-8a781eba48ca</sln:gmIIPId><sln:gmIIPPn>PL.PZGIK.200</sln:gmIIPPn><sln:gmIIPWersja>2012-09-26T21:57:27+02:00</sln:gmIIPWersja><sln:gmIdTeryt>1401052</sln:gmIdTeryt><sln:gmNazwa>Stromiec</sln:gmNazwa><sln:miejscIIPId>483cdcc5-cd80-4b01-9964-2dd3eac727b8</sln:miejscIIPId><sln:miejscIIPPn>PL.PZGIK.200</sln:miejscIIPPn><sln:miejscIIPWersja>2016-11-24T11:41:31+02:00</sln:miejscIIPWersja><sln:miejscIdTeryt>0638889</sln:miejscIdTeryt><sln:miejscNazwa>Niedabyl</sln:miejscNazwa><sln:miejscRodzaj>Inny obiekt</sln:miejscRodzaj><sln:powIIPId>2a52ff3b-6f43-4385-a9b6-8b7ad0961028</sln:powIIPId><sln:powIIPPn>PL.PZGIK.200</sln:powIIPPn><sln:powIIPWersja>2012-09-27T08:13:53+02:00</sln:powIIPWersja><sln:powIdTeryt>1401</sln:powIdTeryt><sln:powNazwa>białobrzeski</sln:powNazwa><sln:waznyOd>2014-06-23T00:00:00+02:00</sln:waznyOd><sln:wojIIPId>4b6c492a-eb04-441d-a92a-f44359c06de7</sln:wojIIPId><sln:wojIIPPn>PL.PZGIK.200</sln:wojIIPPn><sln:wojIIPWersja>2012-09-27T13:45:13+02:00</sln:wojIIPWersja><sln:wojIdTeryt>14</sln:wojIdTeryt><sln:wojNazwa>mazowieckie</sln:wojNazwa></sln:miejscowosc><sln:miejscowosc><sln:cyklZyciaDo>2017-04-19T00:00:00+02:00</sln:cyklZyciaDo><sln:cyklZyciaOd>2015-02-19T00:00:00+01:00</sln:cyklZyciaOd><sln:gmIIPId>4369f087-33a0-428a-bbc7-8a781eba48ca</sln:gmIIPId><sln:gmIIPPn>PL.PZGIK.200</sln:gmIIPPn><sln:gmIIPWersja>2012-09-26T21:57:27+02:00</sln:gmIIPWersja><sln:gmIdTeryt>1401052</sln:gmIdTeryt><sln:gmNazwa>Stromiec</sln:gmNazwa><sln:miejscIIPId>1e3af5f5-d3a7-4d4f-b7dd-ddff145dd6f1</sln:miejscIIPId><sln:miejscIIPPn>PL.PZGIK.200</sln:miejscIIPPn><sln:miejscIIPWersja>2016-11-24T11:41:31+02:00</sln:miejscIIPWersja><sln:miejscIdTeryt>0638910</sln:miejscIdTeryt><sln:miejscNazwa>Olszowa Dąbrowa</sln:miejscNazwa><sln:miejscRodzaj>Inny obiekt</sln:miejscRodzaj><sln:powIIPId>2a52ff3b-6f43-4385-a9b6-8b7ad0961028</sln:powIIPId><sln:powIIPPn>PL.PZGIK.200</sln:powIIPPn><sln:powIIPWersja>2012-09-27T08:13:53+02:00</sln:powIIPWersja><sln:powIdTeryt>1401</sln:powIdTeryt><sln:powNazwa>białobrzeski</sln:powNazwa><sln:waznyOd>2014-06-23T00:00:00+02:00</sln:waznyOd><sln:wojIIPId>4b6c492a-eb04-441d-a92a-f44359c06de7</sln:wojIIPId><sln:wojIIPPn>PL.PZGIK.200</sln:wojIIPPn><sln:wojIIPWersja>2012-09-27T13:45:13+02:00</sln:wojIIPWersja><sln:wojIdTeryt>14</sln:wojIdTeryt><sln:wojNazwa>mazowieckie</sln:wojNazwa></sln:miejscowosc><sln:miejscowosc><sln:cyklZyciaDo>2017-04-19T00:00:00+02:00</sln:cyklZyciaDo><sln:cyklZyciaOd>2015-02-19T00:00:00+01:00</sln:cyklZyciaOd><sln:gmIIPId>4369f087-33a0-428a-bbc7-8a781eba48ca</sln:gmIIPId><sln:gmIIPPn>PL.PZGIK.200</sln:gmIIPPn><sln:gmIIPWersja>2012-09-26T21:57:27+02:00</sln:gmIIPWersja><sln:gmIdTeryt>1401052</sln:gmIdTeryt><sln:gmNazwa>Stromiec</sln:gmNazwa><sln:miejscIIPId>46bf2358-f8fb-42b2-b9c7-1a8f043a5ad8</sln:miejscIIPId><sln:miejscIIPPn>PL.PZGIK.200</sln:miejscIIPPn><sln:miejscIIPWersja>2016-11-24T11:41:31+02:00</sln:miejscIIPWersja><sln:miejscIdTeryt>0638949</sln:miejscIdTeryt><sln:miejscNazwa>Pietrusin</sln:miejscNazwa><sln:miejscRodzaj>Inny obiekt</sln:miejscRodzaj><sln:powIIPId>2a52ff3b-6f43-4385-a9b6-8b7ad0961028</sln:powIIPId><sln:powIIPPn>PL.PZGIK.200</sln:powIIPPn><sln:powIIPWersja>2012-09-27T08:13:53+02:00</sln:powIIPWersja><sln:powIdTeryt>1401</sln:powIdTeryt><sln:powNazwa>białobrzeski</sln:powNazwa><sln:waznyOd>2014-06-23T00:00:00+02:00</sln:waznyOd><sln:wojIIPId>4b6c492a-eb04-441d-a92a-f44359c06de7</sln:wojIIPId><sln:wojIIPPn>PL.PZGIK.200</sln:wojIIPPn><sln:wojIIPWersja>2012-09-27T13:45:13+02:00</sln:wojIIPWersja><sln:wojIdTeryt>14</sln:wojIdTeryt><sln:wojNazwa>mazowieckie</sln:wojNazwa></sln:miejscowosc><sln:miejscowosc><sln:cyklZyciaDo>2017-04-19T00:00:00+02:00</sln:cyklZyciaDo><sln:cyklZyciaOd>2015-02-19T00:00:00+01:00</sln:cyklZyciaOd><sln:gmIIPId>4369f087-33a0-428a-bbc7-8a781eba48ca</sln:gmIIPId><sln:gmIIPPn>PL.PZGIK.200</sln:gmIIPPn><sln:gmIIPWersja>2012-09-26T21:57:27+02:00</sln:gmIIPWersja><sln:gmIdTeryt>1401052</sln:gmIdTeryt><sln:gmNazwa>Stromiec</sln:gmNazwa><sln:miejscIIPId>eaff937c-fb80-4aec-8df7-2d7c3a165e71</sln:miejscIIPId><sln:miejscIIPPn>PL.PZGIK.200</sln:miejscIIPPn><sln:miejscIIPWersja>2016-11-24T11:41:31+02:00</sln:miejscIIPWersja><sln:miejscIdTeryt>0638955</sln:miejscIdTeryt><sln:miejscNazwa>Piróg</sln:miejscNazwa><sln:miejscRodzaj>Inny obiekt</sln:miejscRodzaj><sln:powIIPId>2a52ff3b-6f43-4385-a9b6-8b7ad0961028</sln:powIIPId><sln:powIIPPn>PL.PZGIK.200</sln:powIIPPn><sln:powIIPWersja>2012-09-27T08:13:53+02:00</sln:powIIPWersja><sln:powIdTeryt>1401</sln:powIdTeryt><sln:powNazwa>białobrzeski</sln:powNazwa><sln:waznyOd>2014-06-23T00:00:00+02:00</sln:waznyOd><sln:wojIIPId>4b6c492a-eb04-441d-a92a-f44359c06de7</sln:wojIIPId><sln:wojIIPPn>PL.PZGIK.200</sln:wojIIPPn><sln:wojIIPWersja>2012-09-27T13:45:13+02:00</sln:wojIIPWersja><sln:wojIdTeryt>14</sln:wojIdTeryt><sln:wojNazwa>mazowieckie</sln:wojNazwa></sln:miejscowosc><sln:miejscowosc><sln:cyklZyciaDo>2017-04-19T00:00:00+02:00</sln:cyklZyciaDo><sln:cyklZyciaOd>2015-02-19T00:00:00+01:00</sln:cyklZyciaOd><sln:gmIIPId>4369f087-33a0-428a-bbc7-8a781eba48ca</sln:gmIIPId><sln:gmIIPPn>PL.PZGIK.200</sln:gmIIPPn><sln:gmIIPWersja>2012-09-26T21:57:27+02:00</sln:gmIIPWersja><sln:gmIdTeryt>1401052</sln:gmIdTeryt><sln:gmNazwa>Stromiec</sln:gmNazwa><sln:miejscIIPId>2ec2da34-ff27-4144-ae6f-63b0abda128c</sln:miejscIIPId><sln:miejscIIPPn>PL.PZGIK.200</sln:miejscIIPPn><sln:miejscIIPWersja>2016-11-24T11:41:30+02:00</sln:miejscIIPWersja><sln:miejscIdTeryt>0638636</sln:miejscIdTeryt><sln:miejscNazwa>Podgaje</sln:miejscNazwa><sln:miejscRodzaj>Inny obiekt</sln:miejscRodzaj><sln:powIIPId>2a52ff3b-6f43-4385-a9b6-8b7ad0961028</sln:powIIPId><sln:powIIPPn>PL.PZGIK.200</sln:powIIPPn><sln:powIIPWersja>2012-09-27T08:13:53+02:00</sln:powIIPWersja><sln:powIdTeryt>1401</sln:powIdTeryt><sln:powNazwa>białobrzeski</sln:powNazwa><sln:waznyOd>2014-06-23T00:00:00+02:00</sln:waznyOd><sln:wojIIPId>4b6c492a-eb04-441d-a92a-f44359c06de7</sln:wojIIPId><sln:wojIIPPn>PL.PZGIK.200</sln:wojIIPPn><sln:wojIIPWersja>2012-09-27T13:45:13+02:00</sln:wojIIPWersja><sln:wojIdTeryt>14</sln:wojIdTeryt><sln:wojNazwa>mazowieckie</sln:wojNazwa></sln:miejscowosc><sln:miejscowosc><sln:cyklZyciaDo>2017-04-19T00:00:00+02:00</sln:cyklZyciaDo><sln:cyklZyciaOd>2015-02-19T00:00:00+01:00</sln:cyklZyciaOd><sln:gmIIPId>4369f087-33a0-428a-bbc7-8a781eba48ca</sln:gmIIPId><sln:gmIIPPn>PL.PZGIK.200</sln:gmIIPPn><sln:gmIIPWersja>2012-09-26T21:57:27+02:00</sln:gmIIPWersja><sln:gmIdTeryt>1401052</sln:gmIdTeryt><sln:gmNazwa>Stromiec</sln:gmNazwa><sln:miejscIIPId>b0e9b1ca-f6f9-4c2e-9bde-846298f2138d</sln:miejscIIPId><sln:miejscIIPPn>PL.PZGIK.200</sln:miejscIIPPn><sln:miejscIIPWersja>2016-11-24T11:41:31+02:00</sln:miejscIIPWersja><sln:miejscIdTeryt>0639080</sln:miejscIdTeryt><sln:miejscNazwa>Podlesie Duże</sln:miejscNazwa><sln:miejscRodzaj>Inny obiekt</sln:miejscRodzaj><sln:powIIPId>2a52ff3b-6f43-4385-a9b6-8b7ad0961028</sln:powIIPId><sln:powIIPPn>PL.PZGIK.200</sln:powIIPPn><sln:powIIPWersja>2012-09-27T08:13:53+02:00</sln:powIIPWersja><sln:powIdTeryt>1401</sln:powIdTeryt><sln:powNazwa>białobrzeski</sln:powNazwa><sln:waznyOd>2014-06-23T00:00:00+02:00</sln:waznyOd><sln:wojIIPId>4b6c492a-eb04-441d-a92a-f44359c06de7</sln:wojIIPId><sln:wojIIPPn>PL.PZGIK.200</sln:wojIIPPn><sln:wojIIPWersja>2012-09-27T13:45:13+02:00</sln:wojIIPWersja><sln:wojIdTeryt>14</sln:wojIdTeryt><sln:wojNazwa>mazowieckie</sln:wojNazwa></sln:miejscowosc><sln:miejscowosc><sln:cyklZyciaDo>2017-04-19T00:00:00+02:00</sln:cyklZyciaDo><sln:cyklZyciaOd>2015-02-19T00:00:00+01:00</sln:cyklZyciaOd><sln:gmIIPId>4369f087-33a0-428a-bbc7-8a781eba48ca</sln:gmIIPId><sln:gmIIPPn>PL.PZGIK.200</sln:gmIIPPn><sln:gmIIPWersja>2012-09-26T21:57:27+02:00</sln:gmIIPWersja><sln:gmIdTeryt>1401052</sln:gmIdTeryt><sln:gmNazwa>Stromiec</sln:gmNazwa><sln:miejscIIPId>60a4ea60-4ce5-471b-8d53-0e3c91e99dce</sln:miejscIIPId><sln:miejscIIPPn>PL.PZGIK.200</sln:miejscIIPPn><sln:miejscIIPWersja>2016-11-24T11:41:31+02:00</sln:miejscIIPWersja><sln:miejscIdTeryt>0639096</sln:miejscIdTeryt><sln:miejscNazwa>Podlesie Małe</sln:miejscNazwa><sln:miejscRodzaj>Inny obiekt</sln:miejscRodzaj><sln:powIIPId>2a52ff3b-6f43-4385-a9b6-8b7ad0961028</sln:powIIPId><sln:powIIPPn>PL.PZGIK.200</sln:powIIPPn><sln:powIIPWersja>2012-09-27T08:13:53+02:00</sln:powIIPWersja><sln:powIdTeryt>1401</sln:powIdTeryt><sln:powNazwa>białobrzeski</sln:powNazwa><sln:waznyOd>2014-06-23T00:00:00+02:00</sln:waznyOd><sln:wojIIPId>4b6c492a-eb04-441d-a92a-f44359c06de7</sln:wojIIPId><sln:wojIIPPn>PL.PZGIK.200</sln:wojIIPPn><sln:wojIIPWersja>2012-09-27T13:45:13+02:00</sln:wojIIPWersja><sln:wojIdTeryt>14</sln:wojIdTeryt><sln:wojNazwa>mazowieckie</sln:wojNazwa></sln:miejscowosc><sln:miejscowosc><sln:cyklZyciaDo>2017-04-19T00:00:00+02:00</sln:cyklZyciaDo><sln:cyklZyciaOd>2015-02-19T00:00:00+01:00</sln:cyklZyciaOd><sln:gmIIPId>4369f087-33a0-428a-bbc7-8a781eba48ca</sln:gmIIPId><sln:gmIIPPn>PL.PZGIK.200</sln:gmIIPPn><sln:gmIIPWersja>2012-09-26T21:57:27+02:00</sln:gmIIPWersja><sln:gmIdTeryt>1401052</sln:gmIdTeryt><sln:gmNazwa>Stromiec</sln:gmNazwa><sln:miejscIIPId>ac20e39a-feb3-4bdc-8173-c0b07359a4d6</sln:miejscIIPId><sln:miejscIIPPn>PL.PZGIK.200</sln:miejscIIPPn><sln:miejscIIPWersja>2016-11-24T11:41:31+02:00</sln:miejscIIPWersja><sln:miejscIdTeryt>0638978</sln:miejscIdTeryt><sln:miejscNazwa>Pokrzywna</sln:miejscNazwa><sln:miejscRodzaj>Inny obiekt</sln:miejscRodzaj><sln:powIIPId>2a52ff3b-6f43-4385-a9b6-8b7ad0961028</sln:powIIPId><sln:powIIPPn>PL.PZGIK.200</sln:powIIPPn><sln:powIIPWersja>2012-09-27T08:13:53+02:00</sln:powIIPWersja><sln:powIdTeryt>1401</sln:powIdTeryt><sln:powNazwa>białobrzeski</sln:powNazwa><sln:waznyOd>2014-06-23T00:00:00+02:00</sln:waznyOd><sln:wojIIPId>4b6c492a-eb04-441d-a92a-f44359c06de7</sln:wojIIPId><sln:wojIIPPn>PL.PZGIK.200</sln:wojIIPPn><sln:wojIIPWersja>2012-09-27T13:45:13+02:00</sln:wojIIPWersja><sln:wojIdTeryt>14</sln:wojIdTeryt><sln:wojNazwa>mazowieckie</sln:wojNazwa></sln:miejscowosc><sln:miejscowosc><sln:cyklZyciaDo>2017-04-19T00:00:00+02:00</sln:cyklZyciaDo><sln:cyklZyciaOd>2015-02-19T00:00:00+01:00</sln:cyklZyciaOd><sln:gmIIPId>4369f087-33a0-428a-bbc7-8a781eba48ca</sln:gmIIPId><sln:gmIIPPn>PL.PZGIK.200</sln:gmIIPPn><sln:gmIIPWersja>2012-09-26T21:57:27+02:00</sln:gmIIPWersja><sln:gmIdTeryt>1401052</sln:gmIdTeryt><sln:gmNazwa>Stromiec</sln:gmNazwa><sln:miejscIIPId>831e5981-044e-46c1-b5b4-8040f8f41443</sln:miejscIIPId><sln:miejscIIPPn>PL.PZGIK.200</sln:miejscIIPPn><sln:miejscIIPWersja>2016-11-24T11:41:31+02:00</sln:miejscIIPWersja><sln:miejscIdTeryt>0639009</sln:miejscIdTeryt><sln:miejscNazwa>Sielce</sln:miejscNazwa><sln:miejscRodzaj>Inny obiekt</sln:miejscRodzaj><sln:powIIPId>2a52ff3b-6f43-4385-a9b6-8b7ad0961028</sln:powIIPId><sln:powIIPPn>PL.PZGIK.200</sln:powIIPPn><sln:powIIPWersja>2012-09-27T08:13:53+02:00</sln:powIIPWersja><sln:powIdTeryt>1401</sln:powIdTeryt><sln:powNazwa>białobrzeski</sln:powNazwa><sln:waznyOd>2014-06-23T00:00:00+02:00</sln:waznyOd><sln:wojIIPId>4b6c492a-eb04-441d-a92a-f44359c06de7</sln:wojIIPId><sln:wojIIPPn>PL.PZGIK.200</sln:wojIIPPn><sln:wojIIPWersja>2012-09-27T13:45:13+02:00</sln:wojIIPWersja><sln:wojIdTeryt>14</sln:wojIdTeryt><sln:wojNazwa>mazowieckie</sln:wojNazwa></sln:miejscowosc><sln:miejscowosc><sln:cyklZyciaDo>2017-04-19T00:00:00+02:00</sln:cyklZyciaDo><sln:cyklZyciaOd>2015-02-19T00:00:00+01:00</sln:cyklZyciaOd><sln:gmIIPId>4369f087-33a0-428a-bbc7-8a781eba48ca</sln:gmIIPId><sln:gmIIPPn>PL.PZGIK.200</sln:gmIIPPn><sln:gmIIPWersja>2012-09-26T21:57:27+02:00</sln:gmIIPWersja><sln:gmIdTeryt>1401052</sln:gmIdTeryt><sln:gmNazwa>Stromiec</sln:gmNazwa><sln:miejscIIPId>be60883c-773e-409f-ac92-f5c4237a050a</sln:miejscIIPId><sln:miejscIIPPn>PL.PZGIK.200</sln:miejscIIPPn><sln:miejscIIPWersja>2016-11-24T11:41:31+02:00</sln:miejscIIPWersja><sln:miejscIdTeryt>0638990</sln:miejscIdTeryt><sln:miejscNazwa>Stara Wieś</sln:miejscNazwa><sln:miejscRodzaj>Inny obiekt</sln:miejscRodzaj><sln:powIIPId>2a52ff3b-6f43-4385-a9b6-8b7ad0961028</sln:powIIPId><sln:powIIPPn>PL.PZGIK.200</sln:powIIPPn><sln:powIIPWersja>2012-09-27T08:13:53+02:00</sln:powIIPWersja><sln:powIdTeryt>1401</sln:powIdTeryt><sln:powNazwa>białobrzeski</sln:powNazwa><sln:waznyOd>2014-06-23T00:00:00+02:00</sln:waznyOd><sln:wojIIPId>4b6c492a-eb04-441d-a92a-f44359c06de7</sln:wojIIPId><sln:wojIIPPn>PL.PZGIK.200</sln:wojIIPPn><sln:wojIIPWersja>2012-09-27T13:45:13+02:00</sln:wojIIPWersja><sln:wojIdTeryt>14</sln:wojIdTeryt><sln:wojNazwa>mazowieckie</sln:wojNazwa></sln:miejscowosc><sln:miejscowosc><sln:cyklZyciaDo>2017-04-19T00:00:00+02:00</sln:cyklZyciaDo><sln:cyklZyciaOd>2015-02-19T00:00:00+01:00</sln:cyklZyciaOd><sln:gmIIPId>4369f087-33a0-428a-bbc7-8a781eba48ca</sln:gmIIPId><sln:gmIIPPn>PL.PZGIK.200</sln:gmIIPPn><sln:gmIIPWersja>2012-09-26T21:57:27+02:00</sln:gmIIPWersja><sln:gmIdTeryt>1401052</sln:gmIdTeryt><sln:gmNazwa>Stromiec</sln:gmNazwa><sln:miejscIIPId>009861c8-b61a-4d64-aa67-618585d911e8</sln:miejscIIPId><sln:miejscIIPPn>PL.PZGIK.200</sln:miejscIIPPn><sln:miejscIIPWersja>2016-11-24T11:41:31+02:00</sln:miejscIIPWersja><sln:miejscIdTeryt>0639044</sln:miejscIdTeryt><sln:miejscNazwa>Stromiec</sln:miejscNazwa><sln:miejscRodzaj>Inny obiekt</sln:miejscRodzaj><sln:powIIPId>2a52ff3b-6f43-4385-a9b6-8b7ad0961028</sln:powIIPId><sln:powIIPPn>PL.PZGIK.200</sln:powIIPPn><sln:powIIPWersja>2012-09-27T08:13:53+02:00</sln:powIIPWersja><sln:powIdTeryt>1401</sln:powIdTeryt><sln:powNazwa>białobrzeski</sln:powNazwa><sln:waznyOd>2014-06-23T00:00:00+02:00</sln:waznyOd><sln:wojIIPId>4b6c492a-eb04-441d-a92a-f44359c06de7</sln:wojIIPId><sln:wojIIPPn>PL.PZGIK.200</sln:wojIIPPn><sln:wojIIPWersja>2012-09-27T13:45:13+02:00</sln:wojIIPWersja><sln:wojIdTeryt>14</sln:wojIdTeryt><sln:wojNazwa>mazowieckie</sln:wojNazwa></sln:miejscowosc><sln:miejscowosc><sln:cyklZyciaDo>2017-04-19T00:00:00+02:00</sln:cyklZyciaDo><sln:cyklZyciaOd>2015-02-19T00:00:00+01:00</sln:cyklZyciaOd><sln:gmIIPId>4369f087-33a0-428a-bbc7-8a781eba48ca</sln:gmIIPId><sln:gmIIPPn>PL.PZGIK.200</sln:gmIIPPn><sln:gmIIPWersja>2012-09-26T21:57:27+02:00</sln:gmIIPWersja><sln:gmIdTeryt>1401052</sln:gmIdTeryt><sln:gmNazwa>Stromiec</sln:gmNazwa><sln:miejscIIPId>4dd5b718-3765-4be7-a015-b3d8b6339f77</sln:miejscIIPId><sln:miejscIIPPn>PL.PZGIK.200</sln:miejscIIPPn><sln:miejscIIPWersja>2016-11-24T11:41:31+02:00</sln:miejscIIPWersja><sln:miejscIdTeryt>0639104</sln:miejscIdTeryt><sln:miejscNazwa>Stromiecka Wola</sln:miejscNazwa><sln:miejscRodzaj>Inny obiekt</sln:miejscRodzaj><sln:powIIPId>2a52ff3b-6f43-4385-a9b6-8b7ad0961028</sln:powIIPId><sln:powIIPPn>PL.PZGIK.200</sln:powIIPPn><sln:powIIPWersja>2012-09-27T08:13:53+02:00</sln:powIIPWersja><sln:powIdTeryt>1401</sln:powIdTeryt><sln:powNazwa>białobrzeski</sln:powNazwa><sln:waznyOd>2014-12-23T00:00:00+01:00</sln:waznyOd><sln:wojIIPId>4b6c492a-eb04-441d-a92a-f44359c06de7</sln:wojIIPId><sln:wojIIPPn>PL.PZGIK.200</sln:wojIIPPn><sln:wojIIPWersja>2012-09-27T13:45:13+02:00</sln:wojIIPWersja><sln:wojIdTeryt>14</sln:wojIdTeryt><sln:wojNazwa>mazowieckie</sln:wojNazwa></sln:miejscowosc><sln:miejscowosc><sln:cyklZyciaDo>2017-04-19T00:00:00+02:00</sln:cyklZyciaDo><sln:cyklZyciaOd>2015-02-19T00:00:00+01:00</sln:cyklZyciaOd><sln:gmIIPId>4369f087-33a0-428a-bbc7-8a781eba48ca</sln:gmIIPId><sln:gmIIPPn>PL.PZGIK.200</sln:gmIIPPn><sln:gmIIPWersja>2012-09-26T21:57:27+02:00</sln:gmIIPWersja><sln:gmIdTeryt>1401052</sln:gmIdTeryt><sln:gmNazwa>Stromiec</sln:gmNazwa><sln:miejscIIPId>c1203973-f7d4-4915-9f10-a34efe793a77</sln:miejscIIPId><sln:miejscIIPPn>PL.PZGIK.200</sln:miejscIIPPn><sln:miejscIIPWersja>2016-11-24T11:41:31+02:00</sln:miejscIIPWersja><sln:miejscIdTeryt>0639133</sln:miejscIdTeryt><sln:miejscNazwa>Sułków</sln:miejscNazwa><sln:miejscRodzaj>Inny obiekt</sln:miejscRodzaj><sln:powIIPId>2a52ff3b-6f43-4385-a9b6-8b7ad0961028</sln:powIIPId><sln:powIIPPn>PL.PZGIK.200</sln:powIIPPn><sln:powIIPWersja>2012-09-27T08:13:53+02:00</sln:powIIPWersja><sln:powIdTeryt>1401</sln:powIdTeryt><sln:powNazwa>białobrzeski</sln:powNazwa><sln:waznyOd>2014-06-23T00:00:00+02:00</sln:waznyOd><sln:wojIIPId>4b6c492a-eb04-441d-a92a-f44359c06de7</sln:wojIIPId><sln:wojIIPPn>PL.PZGIK.200</sln:wojIIPPn><sln:wojIIPWersja>2012-09-27T13:45:13+02:00</sln:wojIIPWersja><sln:wojIdTeryt>14</sln:wojIdTeryt><sln:wojNazwa>mazowieckie</sln:wojNazwa></sln:miejscowosc><sln:miejscowosc><sln:cyklZyciaDo>2017-04-19T00:00:00+02:00</sln:cyklZyciaDo><sln:cyklZyciaOd>2015-02-19T00:00:00+01:00</sln:cyklZyciaOd><sln:gmIIPId>4369f087-33a0-428a-bbc7-8a781eba48ca</sln:gmIIPId><sln:gmIIPPn>PL.PZGIK.200</sln:gmIIPPn><sln:gmIIPWersja>2012-09-26T21:57:27+02:00</sln:gmIIPWersja><sln:gmIdTeryt>1401052</sln:gmIdTeryt><sln:gmNazwa>Stromiec</sln:gmNazwa><sln:miejscIIPId>39b53e69-fdbf-4e19-91a7-f5897aa04597</sln:miejscIIPId><sln:miejscIIPPn>PL.PZGIK.200</sln:miejscIIPPn><sln:miejscIIPWersja>2016-11-24T11:41:31+02:00</sln:miejscIIPWersja><sln:miejscIdTeryt>0639156</sln:miejscIdTeryt><sln:miejscNazwa>Zabagnie</sln:miejscNazwa><sln:miejscRodzaj>Inny obiekt</sln:miejscRodzaj><sln:powIIPId>2a52ff3b-6f43-4385-a9b6-8b7ad0961028</sln:powIIPId><sln:powIIPPn>PL.PZGIK.200</sln:powIIPPn><sln:powIIPWersja>2012-09-27T08:13:53+02:00</sln:powIIPWersja><sln:powIdTeryt>1401</sln:powIdTeryt><sln:powNazwa>białobrzeski</sln:powNazwa><sln:waznyOd>2014-06-23T00:00:00+02:00</sln:waznyOd><sln:wojIIPId>4b6c492a-eb04-441d-a92a-f44359c06de7</sln:wojIIPId><sln:wojIIPPn>PL.PZGIK.200</sln:wojIIPPn><sln:wojIIPWersja>2012-09-27T13:45:13+02:00</sln:wojIIPWersja><sln:wojIdTeryt>14</sln:wojIdTeryt><sln:wojNazwa>mazowieckie</sln:wojNazwa></sln:miejscowosc><sln:miejscowosc><sln:cyklZyciaDo>2017-04-19T00:00:00+02:00</sln:cyklZyciaDo><sln:cyklZyciaOd>2015-02-19T00:00:00+01:00</sln:cyklZyciaOd><sln:gmIIPId>4369f087-33a0-428a-bbc7-8a781eba48ca</sln:gmIIPId><sln:gmIIPPn>PL.PZGIK.200</sln:gmIIPPn><sln:gmIIPWersja>2012-09-26T21:57:27+02:00</sln:gmIIPWersja><sln:gmIdTeryt>1401052</sln:gmIdTeryt><sln:gmNazwa>Stromiec</sln:gmNazwa><sln:miejscIIPId>258ecbe5-00e3-41b9-99ac-9da306478da0</sln:miejscIIPId><sln:miejscIIPPn>PL.PZGIK.200</sln:miejscIIPPn><sln:miejscIIPWersja>2016-11-24T11:41:31+02:00</sln:miejscIIPWersja><sln:miejscIdTeryt>0638903</sln:miejscIdTeryt><sln:miejscNazwa>Zachmiel</sln:miejscNazwa><sln:miejscRodzaj>Inny obiekt</sln:miejscRodzaj><sln:powIIPId>2a52ff3b-6f43-4385-a9b6-8b7ad0961028</sln:powIIPId><sln:powIIPPn>PL.PZGIK.200</sln:powIIPPn><sln:powIIPWersja>2012-09-27T08:13:53+02:00</sln:powIIPWersja><sln:powIdTeryt>1401</sln:powIdTeryt><sln:powNazwa>białobrzeski</sln:powNazwa><sln:waznyOd>2014-06-23T00:00:00+02:00</sln:waznyOd><sln:wojIIPId>4b6c492a-eb04-441d-a92a-f44359c06de7</sln:wojIIPId><sln:wojIIPPn>PL.PZGIK.200</sln:wojIIPPn><sln:wojIIPWersja>2012-09-27T13:45:13+02:00</sln:wojIIPWersja><sln:wojIdTeryt>14</sln:wojIdTeryt><sln:wojNazwa>mazowieckie</sln:wojNazwa></sln:miejscowosc><sln:miejscowosc><sln:cyklZyciaOd>2017-04-19T00:00:00+02:00</sln:cyklZyciaOd><sln:gmIIPId>4369f087-33a0-428a-bbc7-8a781eba48ca</sln:gmIIPId><sln:gmIIPPn>PL.PZGIK.200</sln:gmIIPPn><sln:gmIIPWersja>2012-09-26T21:57:27+02:00</sln:gmIIPWersja><sln:gmIdTeryt>1401052</sln:gmIdTeryt><sln:gmNazwa>Stromiec</sln:gmNazwa><sln:miejscIIPId>fb168985-7505-41ce-9ed8-2b99f826ab3f</sln:miejscIIPId><sln:miejscIIPPn>PL.PZGIK.200</sln:miejscIIPPn><sln:miejscIIPWersja>2017-04-19T15:48:56+02:00</sln:miejscIIPWersja><sln:miejscIdTeryt>0638599</sln:miejscIdTeryt><sln:miejscNazwa>Biała Góra</sln:miejscNazwa><sln:miejscRodzaj>Wieś</sln:miejscRodzaj><sln:powIIPId>2a52ff3b-6f43-4385-a9b6-8b7ad0961028</sln:powIIPId><sln:powIIPPn>PL.PZGIK.200</sln:powIIPPn><sln:powIIPWersja>2012-09-27T08:13:53+02:00</sln:powIIPWersja><sln:powIdTeryt>1401</sln:powIdTeryt><sln:powNazwa>białobrzeski</sln:powNazwa><sln:waznyOd>2014-06-23T00:00:00+02:00</sln:waznyOd><sln:wojIIPId>4b6c492a-eb04-441d-a92a-f44359c06de7</sln:wojIIPId><sln:wojIIPPn>PL.PZGIK.200</sln:wojIIPPn><sln:wojIIPWersja>2012-09-27T13:45:13+02:00</sln:wojIIPWersja><sln:wojIdTeryt>14</sln:wojIdTeryt><sln:wojNazwa>mazowieckie</sln:wojNazwa></sln:miejscowosc><sln:miejscowosc><sln:cyklZyciaOd>2017-04-19T00:00:00+02:00</sln:cyklZyciaOd><sln:gmIIPId>4369f087-33a0-428a-bbc7-8a781eba48ca</sln:gmIIPId><sln:gmIIPPn>PL.PZGIK.200</sln:gmIIPPn><sln:gmIIPWersja>2012-09-26T21:57:27+02:00</sln:gmIIPWersja><sln:gmIdTeryt>1401052</sln:gmIdTeryt><sln:gmNazwa>Stromiec</sln:gmNazwa><sln:miejscIIPId>4253dce1-12d6-45a9-90aa-938fc2c59507</sln:miejscIIPId><sln:miejscIIPPn>PL.PZGIK.200</sln:miejscIIPPn><sln:miejscIIPWersja>2017-04-19T15:49:05+02:00</sln:miejscIIPWersja><sln:miejscIdTeryt>0638613</sln:miejscIdTeryt><sln:miejscNazwa>Bobrek</sln:miejscNazwa><sln:miejscRodzaj>Wieś</sln:miejscRodzaj><sln:powIIPId>2a52ff3b-6f43-4385-a9b6-8b7ad0961028</sln:powIIPId><sln:powIIPPn>PL.PZGIK.200</sln:powIIPPn><sln:powIIPWersja>2012-09-27T08:13:53+02:00</sln:powIIPWersja><sln:powIdTeryt>1401</sln:powIdTeryt><sln:powNazwa>białobrzeski</sln:powNazwa><sln:waznyOd>2014-06-23T00:00:00+02:00</sln:waznyOd><sln:wojIIPId>4b6c492a-eb04-441d-a92a-f44359c06de7</sln:wojIIPId><sln:wojIIPPn>PL.PZGIK.200</sln:wojIIPPn><sln:wojIIPWersja>2012-09-27T13:45:13+02:00</sln:wojIIPWersja><sln:wojIdTeryt>14</sln:wojIdTeryt><sln:wojNazwa>mazowieckie</sln:wojNazwa></sln:miejscowosc><sln:miejscowosc><sln:cyklZyciaOd>2017-04-19T00:00:00+02:00</sln:cyklZyciaOd><sln:gmIIPId>4369f087-33a0-428a-bbc7-8a781eba48ca</sln:gmIIPId><sln:gmIIPPn>PL.PZGIK.200</sln:gmIIPPn><sln:gmIIPWersja>2012-09-26T21:57:27+02:00</sln:gmIIPWersja><sln:gmIdTeryt>1401052</sln:gmIdTeryt><sln:gmNazwa>Stromiec</sln:gmNazwa><sln:miejscIIPId>c80d283a-7f09-4e43-a575-831a0248a627</sln:miejscIIPId><sln:miejscIIPPn>PL.PZGIK.200</sln:miejscIIPPn><sln:miejscIIPWersja>2017-04-19T15:49:05+02:00</sln:miejscIIPWersja><sln:miejscIdTeryt>0638620</sln:miejscIdTeryt><sln:miejscNazwa>Bobrek-Kolonia</sln:miejscNazwa><sln:miejscRodzaj>Kolonia</sln:miejscRodzaj><sln:powIIPId>2a52ff3b-6f43-4385-a9b6-8b7ad0961028</sln:powIIPId><sln:powIIPPn>PL.PZGIK.200</sln:powIIPPn><sln:powIIPWersja>2012-09-27T08:13:53+02:00</sln:powIIPWersja><sln:powIdTeryt>1401</sln:powIdTeryt><sln:powNazwa>białobrzeski</sln:powNazwa><sln:waznyOd>2014-12-23T00:00:00+01:00</sln:waznyOd><sln:wojIIPId>4b6c492a-eb04-441d-a92a-f44359c06de7</sln:wojIIPId><sln:wojIIPPn>PL.PZGIK.200</sln:wojIIPPn><sln:wojIIPWersja>2012-09-27T13:45:13+02:00</sln:wojIIPWersja><sln:wojIdTeryt>14</sln:wojIdTeryt><sln:wojNazwa>mazowieckie</sln:wojNazwa></sln:miejscowosc><sln:miejscowosc><sln:cyklZyciaOd>2017-04-19T00:00:00+02:00</sln:cyklZyciaOd><sln:gmIIPId>4369f087-33a0-428a-bbc7-8a781eba48ca</sln:gmIIPId><sln:gmIIPPn>PL.PZGIK.200</sln:gmIIPPn><sln:gmIIPWersja>2012-09-26T21:57:27+02:00</sln:gmIIPWersja><sln:gmIdTeryt>1401052</sln:gmIdTeryt><sln:gmNazwa>Stromiec</sln:gmNazwa><sln:miejscIIPId>2ec2da34-ff27-4144-ae6f-63b0abda128c</sln:miejscIIPId><sln:miejscIIPPn>PL.PZGIK.200</sln:miejscIIPPn><sln:miejscIIPWersja>2017-04-19T15:49:05+02:00</sln:miejscIIPWersja><sln:miejscIdTeryt>0638636</sln:miejscIdTeryt><sln:miejscNazwa>Podgaje</sln:miejscNazwa><sln:miejscRodzaj>Wieś</sln:miejscRodzaj><sln:powIIPId>2a52ff3b-6f43-4385-a9b6-8b7ad0961028</sln:powIIPId><sln:powIIPPn>PL.PZGIK.200</sln:powIIPPn><sln:powIIPWersja>2012-09-27T08:13:53+02:00</sln:powIIPWersja><sln:powIdTeryt>1401</sln:powIdTeryt><sln:powNazwa>białobrzeski</sln:powNazwa><sln:waznyOd>2014-06-23T00:00:00+02:00</sln:waznyOd><sln:wojIIPId>4b6c492a-eb04-441d-a92a-f44359c06de7</sln:wojIIPId><sln:wojIIPPn>PL.PZGIK.200</sln:wojIIPPn><sln:wojIIPWersja>2012-09-27T13:45:13+02:00</sln:wojIIPWersja><sln:wojIdTeryt>14</sln:wojIdTeryt><sln:wojNazwa>mazowieckie</sln:wojNazwa></sln:miejscowosc><sln:miejscowosc><sln:cyklZyciaOd>2017-04-19T00:00:00+02:00</sln:cyklZyciaOd><sln:gmIIPId>4369f087-33a0-428a-bbc7-8a781eba48ca</sln:gmIIPId><sln:gmIIPPn>PL.PZGIK.200</sln:gmIIPPn><sln:gmIIPWersja>2012-09-26T21:57:27+02:00</sln:gmIIPWersja><sln:gmIdTeryt>1401052</sln:gmIdTeryt><sln:gmNazwa>Stromiec</sln:gmNazwa><sln:miejscIIPId>d1c79227-00b7-4321-a7f3-20ab58aa04cf</sln:miejscIIPId><sln:miejscIIPPn>PL.PZGIK.200</sln:miejscIIPPn><sln:miejscIIPWersja>2017-04-19T15:49:05+02:00</sln:miejscIIPWersja><sln:miejscIdTeryt>0638642</sln:miejscIdTeryt><sln:miejscNazwa>Boska Wola</sln:miejscNazwa><sln:miejscRodzaj>Wieś</sln:miejscRodzaj><sln:powIIPId>2a52ff3b-6f43-4385-a9b6-8b7ad0961028</sln:powIIPId><sln:powIIPPn>PL.PZGIK.200</sln:powIIPPn><sln:powIIPWersja>2012-09-27T08:13:53+02:00</sln:powIIPWersja><sln:powIdTeryt>1401</sln:powIdTeryt><sln:powNazwa>białobrzeski</sln:powNazwa><sln:waznyOd>2014-06-23T00:00:00+02:00</sln:waznyOd><sln:wojIIPId>4b6c492a-eb04-441d-a92a-f44359c06de7</sln:wojIIPId><sln:wojIIPPn>PL.PZGIK.200</sln:wojIIPPn><sln:wojIIPWersja>2012-09-27T13:45:13+02:00</sln:wojIIPWersja><sln:wojIdTeryt>14</sln:wojIdTeryt><sln:wojNazwa>mazowieckie</sln:wojNazwa></sln:miejscowosc><sln:miejscowosc><sln:cyklZyciaOd>2017-04-19T00:00:00+02:00</sln:cyklZyciaOd><sln:gmIIPId>4369f087-33a0-428a-bbc7-8a781eba48ca</sln:gmIIPId><sln:gmIIPPn>PL.PZGIK.200</sln:gmIIPPn><sln:gmIIPWersja>2012-09-26T21:57:27+02:00</sln:gmIIPWersja><sln:gmIdTeryt>1401052</sln:gmIdTeryt><sln:gmNazwa>Stromiec</sln:gmNazwa><sln:miejscIIPId>69c3228a-b34d-45a8-91be-65319fa58b30</sln:miejscIIPId><sln:miejscIIPPn>PL.PZGIK.200</sln:miejscIIPPn><sln:miejscIIPWersja>2017-04-19T15:49:05+02:00</sln:miejscIIPWersja><sln:miejscIdTeryt>0638665</sln:miejscIdTeryt><sln:miejscNazwa>Boże</sln:miejscNazwa><sln:miejscRodzaj>Wieś</sln:miejscRodzaj><sln:powIIPId>2a52ff3b-6f43-4385-a9b6-8b7ad0961028</sln:powIIPId><sln:powIIPPn>PL.PZGIK.200</sln:powIIPPn><sln:powIIPWersja>2012-09-27T08:13:53+02:00</sln:powIIPWersja><sln:powIdTeryt>1401</sln:powIdTeryt><sln:powNazwa>białobrzeski</sln:powNazwa><sln:waznyOd>2014-06-23T00:00:00+02:00</sln:waznyOd><sln:wojIIPId>4b6c492a-eb04-441d-a92a-f44359c06de7</sln:wojIIPId><sln:wojIIPPn>PL.PZGIK.200</sln:wojIIPPn><sln:wojIIPWersja>2012-09-27T13:45:13+02:00</sln:wojIIPWersja><sln:wojIdTeryt>14</sln:wojIdTeryt><sln:wojNazwa>mazowieckie</sln:wojNazwa></sln:miejscowosc><sln:miejscowosc><sln:cyklZyciaOd>2017-04-19T00:00:00+02:00</sln:cyklZyciaOd><sln:gmIIPId>4369f087-33a0-428a-bbc7-8a781eba48ca</sln:gmIIPId><sln:gmIIPPn>PL.PZGIK.200</sln:gmIIPPn><sln:gmIIPWersja>2012-09-26T21:57:27+02:00</sln:gmIIPWersja><sln:gmIdTeryt>1401052</sln:gmIdTeryt><sln:gmNazwa>Stromiec</sln:gmNazwa><sln:miejscIIPId>9c68d0da-e88e-417e-8576-d213f6a33c33</sln:miejscIIPId><sln:miejscIIPPn>PL.PZGIK.200</sln:miejscIIPPn><sln:miejscIIPWersja>2017-04-19T15:49:05+02:00</sln:miejscIIPWersja><sln:miejscIdTeryt>0638671</sln:miejscIdTeryt><sln:miejscNazwa>Dobieszyn</sln:miejscNazwa><sln:miejscRodzaj>Wieś</sln:miejscRodzaj><sln:powIIPId>2a52ff3b-6f43-4385-a9b6-8b7ad0961028</sln:powIIPId><sln:powIIPPn>PL.PZGIK.200</sln:powIIPPn><sln:powIIPWersja>2012-09-27T08:13:53+02:00</sln:powIIPWersja><sln:powIdTeryt>1401</sln:powIdTeryt><sln:powNazwa>białobrzeski</sln:powNazwa><sln:waznyOd>2014-06-23T00:00:00+02:00</sln:waznyOd><sln:wojIIPId>4b6c492a-eb04-441d-a92a-f44359c06de7</sln:wojIIPId><sln:wojIIPPn>PL.PZGIK.200</sln:wojIIPPn><sln:wojIIPWersja>2012-09-27T13:45:13+02:00</sln:wojIIPWersja><sln:wojIdTeryt>14</sln:wojIdTeryt><sln:wojNazwa>mazowieckie</sln:wojNazwa></sln:miejscowosc><sln:miejscowosc><sln:cyklZyciaOd>2017-04-19T00:00:00+02:00</sln:cyklZyciaOd><sln:gmIIPId>4369f087-33a0-428a-bbc7-8a781eba48ca</sln:gmIIPId><sln:gmIIPPn>PL.PZGIK.200</sln:gmIIPPn><sln:gmIIPWersja>2012-09-26T21:57:27+02:00</sln:gmIIPWersja><sln:gmIdTeryt>1401052</sln:gmIdTeryt><sln:gmNazwa>Stromiec</sln:gmNazwa><sln:miejscIIPId>39640f71-fc6c-432d-8f0d-ee1aa15050c4</sln:miejscIIPId><sln:miejscIIPPn>PL.PZGIK.200</sln:miejscIIPPn><sln:miejscIIPWersja>2017-04-19T15:49:05+02:00</sln:miejscIIPWersja><sln:miejscIdTeryt>0638702</sln:miejscIdTeryt><sln:miejscNazwa>Ducka Wola</sln:miejscNazwa><sln:miejscRodzaj>Wieś</sln:miejscRodzaj><sln:powIIPId>2a52ff3b-6f43-4385-a9b6-8b7ad0961028</sln:powIIPId><sln:powIIPPn>PL.PZGIK.200</sln:powIIPPn><sln:powIIPWersja>2012-09-27T08:13:53+02:00</sln:powIIPWersja><sln:powIdTeryt>1401</sln:powIdTeryt><sln:powNazwa>białobrzeski</sln:powNazwa><sln:waznyOd>2014-06-23T00:00:00+02:00</sln:waznyOd><sln:wojIIPId>4b6c492a-eb04-441d-a92a-f44359c06de7</sln:wojIIPId><sln:wojIIPPn>PL.PZGIK.200</sln:wojIIPPn><sln:wojIIPWersja>2012-09-27T13:45:13+02:00</sln:wojIIPWersja><sln:wojIdTeryt>14</sln:wojIdTeryt><sln:wojNazwa>mazowieckie</sln:wojNazwa></sln:miejscowosc><sln:miejscowosc><sln:cyklZyciaOd>2017-04-19T00:00:00+02:00</sln:cyklZyciaOd><sln:gmIIPId>4369f087-33a0-428a-bbc7-8a781eba48ca</sln:gmIIPId><sln:gmIIPPn>PL.PZGIK.200</sln:gmIIPPn><sln:gmIIPWersja>2012-09-26T21:57:27+02:00</sln:gmIIPWersja><sln:gmIdTeryt>1401052</sln:gmIdTeryt><sln:gmNazwa>Stromiec</sln:gmNazwa><sln:miejscIIPId>51d6c15b-eb18-4668-ae3e-36b5e353c115</sln:miejscIIPId><sln:miejscIIPPn>PL.PZGIK.200</sln:miejscIIPPn><sln:miejscIIPWersja>2017-04-19T15:49:05+02:00</sln:miejscIIPWersja><sln:miejscIdTeryt>0638731</sln:miejscIdTeryt><sln:miejscNazwa>Grabowy Las</sln:miejscNazwa><sln:miejscRodzaj>Wieś</sln:miejscRodzaj><sln:powIIPId>2a52ff3b-6f43-4385-a9b6-8b7ad0961028</sln:powIIPId><sln:powIIPPn>PL.PZGIK.200</sln:powIIPPn><sln:powIIPWersja>2012-09-27T08:13:53+02:00</sln:powIIPWersja><sln:powIdTeryt>1401</sln:powIdTeryt><sln:powNazwa>białobrzeski</sln:powNazwa><sln:waznyOd>2014-06-23T00:00:00+02:00</sln:waznyOd><sln:wojIIPId>4b6c492a-eb04-441d-a92a-f44359c06de7</sln:wojIIPId><sln:wojIIPPn>PL.PZGIK.200</sln:wojIIPPn><sln:wojIIPWersja>2012-09-27T13:45:13+02:00</sln:wojIIPWersja><sln:wojIdTeryt>14</sln:wojIdTeryt><sln:wojNazwa>mazowieckie</sln:wojNazwa></sln:miejscowosc><sln:miejscowosc><sln:cyklZyciaOd>2017-04-19T00:00:00+02:00</sln:cyklZyciaOd><sln:gmIIPId>4369f087-33a0-428a-bbc7-8a781eba48ca</sln:gmIIPId><sln:gmIIPPn>PL.PZGIK.200</sln:gmIIPPn><sln:gmIIPWersja>2012-09-26T21:57:27+02:00</sln:gmIIPWersja><sln:gmIdTeryt>1401052</sln:gmIdTeryt><sln:gmNazwa>Stromiec</sln:gmNazwa><sln:miejscIIPId>4c09b51b-dff4-4e99-a0b4-05c1d50b506c</sln:miejscIIPId><sln:miejscIIPPn>PL.PZGIK.200</sln:miejscIIPPn><sln:miejscIIPWersja>2017-04-19T15:49:06+02:00</sln:miejscIIPWersja><sln:miejscIdTeryt>0638748</sln:miejscIdTeryt><sln:miejscNazwa>Krzemień</sln:miejscNazwa><sln:miejscRodzaj>Wieś</sln:miejscRodzaj><sln:powIIPId>2a52ff3b-6f43-4385-a9b6-8b7ad0961028</sln:powIIPId><sln:powIIPPn>PL.PZGIK.200</sln:powIIPPn><sln:powIIPWersja>2012-09-27T08:13:53+02:00</sln:powIIPWersja><sln:powIdTeryt>1401</sln:powIdTeryt><sln:powNazwa>białobrzeski</sln:powNazwa><sln:waznyOd>2014-06-23T00:00:00+02:00</sln:waznyOd><sln:wojIIPId>4b6c492a-eb04-441d-a92a-f44359c06de7</sln:wojIIPId><sln:wojIIPPn>PL.PZGIK.200</sln:wojIIPPn><sln:wojIIPWersja>2012-09-27T13:45:13+02:00</sln:wojIIPWersja><sln:wojIdTeryt>14</sln:wojIdTeryt><sln:wojNazwa>mazowieckie</sln:wojNazwa></sln:miejscowosc><sln:miejscowosc><sln:cyklZyciaOd>2017-04-19T00:00:00+02:00</sln:cyklZyciaOd><sln:gmIIPId>4369f087-33a0-428a-bbc7-8a781eba48ca</sln:gmIIPId><sln:gmIIPPn>PL.PZGIK.200</sln:gmIIPPn><sln:gmIIPWersja>2012-09-26T21:57:27+02:00</sln:gmIIPWersja><sln:gmIdTeryt>1401052</sln:gmIdTeryt><sln:gmNazwa>Stromiec</sln:gmNazwa><sln:miejscIIPId>4c59dd5f-d4e1-4549-b8ff-cb05b49c3679</sln:miejscIIPId><sln:miejscIIPPn>PL.PZGIK.200</sln:miejscIIPPn><sln:miejscIIPWersja>2017-04-19T15:49:06+02:00</sln:miejscIIPWersja><sln:miejscIdTeryt>0638760</sln:miejscIdTeryt><sln:miejscNazwa>Ksawerów Stary</sln:miejscNazwa><sln:miejscRodzaj>Wieś</sln:miejscRodzaj><sln:powIIPId>2a52ff3b-6f43-4385-a9b6-8b7ad0961028</sln:powIIPId><sln:powIIPPn>PL.PZGIK.200</sln:powIIPPn><sln:powIIPWersja>2012-09-27T08:13:53+02:00</sln:powIIPWersja><sln:powIdTeryt>1401</sln:powIdTeryt><sln:powNazwa>białobrzeski</sln:powNazwa><sln:waznyOd>2014-06-23T00:00:00+02:00</sln:waznyOd><sln:wojIIPId>4b6c492a-eb04-441d-a92a-f44359c06de7</sln:wojIIPId><sln:wojIIPPn>PL.PZGIK.200</sln:wojIIPPn><sln:wojIIPWersja>2012-09-27T13:45:13+02:00</sln:wojIIPWersja><sln:wojIdTeryt>14</sln:wojIdTeryt><sln:wojNazwa>mazowieckie</sln:wojNazwa></sln:miejscowosc><sln:miejscowosc><sln:cyklZyciaOd>2017-04-19T00:00:00+02:00</sln:cyklZyciaOd><sln:gmIIPId>4369f087-33a0-428a-bbc7-8a781eba48ca</sln:gmIIPId><sln:gmIIPPn>PL.PZGIK.200</sln:gmIIPPn><sln:gmIIPWersja>2012-09-26T21:57:27+02:00</sln:gmIIPWersja><sln:gmIdTeryt>1401052</sln:gmIdTeryt><sln:gmNazwa>Stromiec</sln:gmNazwa><sln:miejscIIPId>69f5b7e2-93dd-4822-ae76-9c35781358ff</sln:miejscIIPId><sln:miejscIIPPn>PL.PZGIK.200</sln:miejscIIPPn><sln:miejscIIPWersja>2017-04-19T15:49:06+02:00</sln:miejscIIPWersja><sln:miejscIdTeryt>0638783</sln:miejscIdTeryt><sln:miejscNazwa>Lipskie Budy</sln:miejscNazwa><sln:miejscRodzaj>Wieś</sln:miejscRodzaj><sln:powIIPId>2a52ff3b-6f43-4385-a9b6-8b7ad0961028</sln:powIIPId><sln:powIIPPn>PL.PZGIK.200</sln:powIIPPn><sln:powIIPWersja>2012-09-27T08:13:53+02:00</sln:powIIPWersja><sln:powIdTeryt>1401</sln:powIdTeryt><sln:powNazwa>białobrzeski</sln:powNazwa><sln:waznyOd>2014-06-23T00:00:00+02:00</sln:waznyOd><sln:wojIIPId>4b6c492a-eb04-441d-a92a-f44359c06de7</sln:wojIIPId><sln:wojIIPPn>PL.PZGIK.200</sln:wojIIPPn><sln:wojIIPWersja>2012-09-27T13:45:13+02:00</sln:wojIIPWersja><sln:wojIdTeryt>14</sln:wojIdTeryt><sln:wojNazwa>mazowieckie</sln:wojNazwa></sln:miejscowosc><sln:miejscowosc><sln:cyklZyciaOd>2017-04-19T00:00:00+02:00</sln:cyklZyciaOd><sln:gmIIPId>4369f087-33a0-428a-bbc7-8a781eba48ca</sln:gmIIPId><sln:gmIIPPn>PL.PZGIK.200</sln:gmIIPPn><sln:gmIIPWersja>2012-09-26T21:57:27+02:00</sln:gmIIPWersja><sln:gmIdTeryt>1401052</sln:gmIdTeryt><sln:gmNazwa>Stromiec</sln:gmNazwa><sln:miejscIIPId>b07619a3-692c-440e-be92-64001d4f744f</sln:miejscIIPId><sln:miejscIIPPn>PL.PZGIK.200</sln:miejscIIPPn><sln:miejscIIPWersja>2017-04-19T15:49:06+02:00</sln:miejscIIPWersja><sln:miejscIdTeryt>0638808</sln:miejscIdTeryt><sln:miejscNazwa>Małe Boże</sln:miejscNazwa><sln:miejscRodzaj>Wieś</sln:miejscRodzaj><sln:powIIPId>2a52ff3b-6f43-4385-a9b6-8b7ad0961028</sln:powIIPId><sln:powIIPPn>PL.PZGIK.200</sln:powIIPPn><sln:powIIPWersja>2012-09-27T08:13:53+02:00</sln:powIIPWersja><sln:powIdTeryt>1401</sln:powIdTeryt><sln:powNazwa>białobrzeski</sln:powNazwa><sln:waznyOd>2014-06-23T00:00:00+02:00</sln:waznyOd><sln:wojIIPId>4b6c492a-eb04-441d-a92a-f44359c06de7</sln:wojIIPId><sln:wojIIPPn>PL.PZGIK.200</sln:wojIIPPn><sln:wojIIPWersja>2012-09-27T13:45:13+02:00</sln:wojIIPWersja><sln:wojIdTeryt>14</sln:wojIdTeryt><sln:wojNazwa>mazowieckie</sln:wojNazwa></sln:miejscowosc><sln:miejscowosc><sln:cyklZyciaOd>2017-04-19T00:00:00+02:00</sln:cyklZyciaOd><sln:gmIIPId>4369f087-33a0-428a-bbc7-8a781eba48ca</sln:gmIIPId><sln:gmIIPPn>PL.PZGIK.200</sln:gmIIPPn><sln:gmIIPWersja>2012-09-26T21:57:27+02:00</sln:gmIIPWersja><sln:gmIdTeryt>1401052</sln:gmIdTeryt><sln:gmNazwa>Stromiec</sln:gmNazwa><sln:miejscIIPId>8ef91790-b8aa-4e93-a2e0-d19d4de4566b</sln:miejscIIPId><sln:miejscIIPPn>PL.PZGIK.200</sln:miejscIIPPn><sln:miejscIIPWersja>2017-04-19T15:49:06+02:00</sln:miejscIIPWersja><sln:miejscIdTeryt>0638837</sln:miejscIdTeryt><sln:miejscNazwa>Marianki</sln:miejscNazwa><sln:miejscRodzaj>Wieś</sln:miejscRodzaj><sln:powIIPId>2a52ff3b-6f43-4385-a9b6-8b7ad0961028</sln:powIIPId><sln:powIIPPn>PL.PZGIK.200</sln:powIIPPn><sln:powIIPWersja>2012-09-27T08:13:53+02:00</sln:powIIPWersja><sln:powIdTeryt>1401</sln:powIdTeryt><sln:powNazwa>białobrzeski</sln:powNazwa><sln:waznyOd>2014-06-23T00:00:00+02:00</sln:waznyOd><sln:wojIIPId>4b6c492a-eb04-441d-a92a-f44359c06de7</sln:wojIIPId><sln:wojIIPPn>PL.PZGIK.200</sln:wojIIPPn><sln:wojIIPWersja>2012-09-27T13:45:13+02:00</sln:wojIIPWersja><sln:wojIdTeryt>14</sln:wojIdTeryt><sln:wojNazwa>mazowieckie</sln:wojNazwa></sln:miejscowosc><sln:miejscowosc><sln:cyklZyciaOd>2017-04-19T00:00:00+02:00</sln:cyklZyciaOd><sln:gmIIPId>4369f087-33a0-428a-bbc7-8a781eba48ca</sln:gmIIPId><sln:gmIIPPn>PL.PZGIK.200</sln:gmIIPPn><sln:gmIIPWersja>2012-09-26T21:57:27+02:00</sln:gmIIPWersja><sln:gmIdTeryt>1401052</sln:gmIdTeryt><sln:gmNazwa>Stromiec</sln:gmNazwa><sln:miejscIIPId>bcc809b7-87c7-405a-a4fc-ff587e01d10f</sln:miejscIIPId><sln:miejscIIPPn>PL.PZGIK.200</sln:miejscIIPPn><sln:miejscIIPWersja>2017-04-19T15:49:06+02:00</sln:miejscIIPWersja><sln:miejscIdTeryt>0638843</sln:miejscIdTeryt><sln:miejscNazwa>Matyldzin</sln:miejscNazwa><sln:miejscRodzaj>Wieś</sln:miejscRodzaj><sln:powIIPId>2a52ff3b-6f43-4385-a9b6-8b7ad0961028</sln:powIIPId><sln:powIIPPn>PL.PZGIK.200</sln:powIIPPn><sln:powIIPWersja>2012-09-27T08:13:53+02:00</sln:powIIPWersja><sln:powIdTeryt>1401</sln:powIdTeryt><sln:powNazwa>białobrzeski</sln:powNazwa><sln:waznyOd>2014-06-23T00:00:00+02:00</sln:waznyOd><sln:wojIIPId>4b6c492a-eb04-441d-a92a-f44359c06de7</sln:wojIIPId><sln:wojIIPPn>PL.PZGIK.200</sln:wojIIPPn><sln:wojIIPWersja>2012-09-27T13:45:13+02:00</sln:wojIIPWersja><sln:wojIdTeryt>14</sln:wojIdTeryt><sln:wojNazwa>mazowieckie</sln:wojNazwa></sln:miejscowosc><sln:miejscowosc><sln:cyklZyciaOd>2017-04-19T00:00:00+02:00</sln:cyklZyciaOd><sln:gmIIPId>4369f087-33a0-428a-bbc7-8a781eba48ca</sln:gmIIPId><sln:gmIIPPn>PL.PZGIK.200</sln:gmIIPPn><sln:gmIIPWersja>2012-09-26T21:57:27+02:00</sln:gmIIPWersja><sln:gmIdTeryt>1401052</sln:gmIdTeryt><sln:gmNazwa>Stromiec</sln:gmNazwa><sln:miejscIIPId>bb168bd9-0ac8-43a4-ab85-e96c03324494</sln:miejscIIPId><sln:miejscIIPPn>PL.PZGIK.200</sln:miejscIIPPn><sln:miejscIIPWersja>2017-04-19T15:49:06+02:00</sln:miejscIIPWersja><sln:miejscIdTeryt>0638850</sln:miejscIdTeryt><sln:miejscNazwa>Mokry Las</sln:miejscNazwa><sln:miejscRodzaj>Wieś</sln:miejscRodzaj><sln:powIIPId>2a52ff3b-6f43-4385-a9b6-8b7ad0961028</sln:powIIPId><sln:powIIPPn>PL.PZGIK.200</sln:powIIPPn><sln:powIIPWersja>2012-09-27T08:13:53+02:00</sln:powIIPWersja><sln:powIdTeryt>1401</sln:powIdTeryt><sln:powNazwa>białobrzeski</sln:powNazwa><sln:waznyOd>2014-06-23T00:00:00+02:00</sln:waznyOd><sln:wojIIPId>4b6c492a-eb04-441d-a92a-f44359c06de7</sln:wojIIPId><sln:wojIIPPn>PL.PZGIK.200</sln:wojIIPPn><sln:wojIIPWersja>2012-09-27T13:45:13+02:00</sln:wojIIPWersja><sln:wojIdTeryt>14</sln:wojIdTeryt><sln:wojNazwa>mazowieckie</sln:wojNazwa></sln:miejscowosc><sln:miejscowosc><sln:cyklZyciaOd>2017-04-19T00:00:00+02:00</sln:cyklZyciaOd><sln:gmIIPId>4369f087-33a0-428a-bbc7-8a781eba48ca</sln:gmIIPId><sln:gmIIPPn>PL.PZGIK.200</sln:gmIIPPn><sln:gmIIPWersja>2012-09-26T21:57:27+02:00</sln:gmIIPWersja><sln:gmIdTeryt>1401052</sln:gmIdTeryt><sln:gmNazwa>Stromiec</sln:gmNazwa><sln:miejscIIPId>3a78f335-3683-4f56-b463-94d2f7cc1cb2</sln:miejscIIPId><sln:miejscIIPPn>PL.PZGIK.200</sln:miejscIIPPn><sln:miejscIIPWersja>2017-04-19T15:49:06+02:00</sln:miejscIIPWersja><sln:miejscIdTeryt>0638866</sln:miejscIdTeryt><sln:miejscNazwa>Ksawerów Nowy</sln:miejscNazwa><sln:miejscRodzaj>Wieś</sln:miejscRodzaj><sln:powIIPId>2a52ff3b-6f43-4385-a9b6-8b7ad0961028</sln:powIIPId><sln:powIIPPn>PL.PZGIK.200</sln:powIIPPn><sln:powIIPWersja>2012-09-27T08:13:53+02:00</sln:powIIPWersja><sln:powIdTeryt>1401</sln:powIdTeryt><sln:powNazwa>białobrzeski</sln:powNazwa><sln:waznyOd>2014-06-23T00:00:00+02:00</sln:waznyOd><sln:wojIIPId>4b6c492a-eb04-441d-a92a-f44359c06de7</sln:wojIIPId><sln:wojIIPPn>PL.PZGIK.200</sln:wojIIPPn><sln:wojIIPWersja>2012-09-27T13:45:13+02:00</sln:wojIIPWersja><sln:wojIdTeryt>14</sln:wojIdTeryt><sln:wojNazwa>mazowieckie</sln:wojNazwa></sln:miejscowosc><sln:miejscowosc><sln:cyklZyciaOd>2017-04-19T00:00:00+02:00</sln:cyklZyciaOd><sln:gmIIPId>4369f087-33a0-428a-bbc7-8a781eba48ca</sln:gmIIPId><sln:gmIIPPn>PL.PZGIK.200</sln:gmIIPPn><sln:gmIIPWersja>2012-09-26T21:57:27+02:00</sln:gmIIPWersja><sln:gmIdTeryt>1401052</sln:gmIdTeryt><sln:gmNazwa>Stromiec</sln:gmNazwa><sln:miejscIIPId>45b09922-9fbb-4363-9dea-687413e748ee</sln:miejscIIPId><sln:miejscIIPPn>PL.PZGIK.200</sln:miejscIIPPn><sln:miejscIIPWersja>2017-04-19T15:49:06+02:00</sln:miejscIIPWersja><sln:miejscIdTeryt>0638872</sln:miejscIdTeryt><sln:miejscNazwa>Nętne</sln:miejscNazwa><sln:miejscRodzaj>Wieś</sln:miejscRodzaj><sln:powIIPId>2a52ff3b-6f43-4385-a9b6-8b7ad0961028</sln:powIIPId><sln:powIIPPn>PL.PZGIK.200</sln:powIIPPn><sln:powIIPWersja>2012-09-27T08:13:53+02:00</sln:powIIPWersja><sln:powIdTeryt>1401</sln:powIdTeryt><sln:powNazwa>białobrzeski</sln:powNazwa><sln:waznyOd>2014-06-23T00:00:00+02:00</sln:waznyOd><sln:wojIIPId>4b6c492a-eb04-441d-a92a-f44359c06de7</sln:wojIIPId><sln:wojIIPPn>PL.PZGIK.200</sln:wojIIPPn><sln:wojIIPWersja>2012-09-27T13:45:13+02:00</sln:wojIIPWersja><sln:wojIdTeryt>14</sln:wojIdTeryt><sln:wojNazwa>mazowieckie</sln:wojNazwa></sln:miejscowosc><sln:miejscowosc><sln:cyklZyciaOd>2017-04-19T00:00:00+02:00</sln:cyklZyciaOd><sln:gmIIPId>4369f087-33a0-428a-bbc7-8a781eba48ca</sln:gmIIPId><sln:gmIIPPn>PL.PZGIK.200</sln:gmIIPPn><sln:gmIIPWersja>2012-09-26T21:57:27+02:00</sln:gmIIPWersja><sln:gmIdTeryt>1401052</sln:gmIdTeryt><sln:gmNazwa>Stromiec</sln:gmNazwa><sln:miejscIIPId>483cdcc5-cd80-4b01-9964-2dd3eac727b8</sln:miejscIIPId><sln:miejscIIPPn>PL.PZGIK.200</sln:miejscIIPPn><sln:miejscIIPWersja>2017-04-19T15:49:07+02:00</sln:miejscIIPWersja><sln:miejscIdTeryt>0638889</sln:miejscIdTeryt><sln:miejscNazwa>Niedabyl</sln:miejscNazwa><sln:miejscRodzaj>Wieś</sln:miejscRodzaj><sln:powIIPId>2a52ff3b-6f43-4385-a9b6-8b7ad0961028</sln:powIIPId><sln:powIIPPn>PL.PZGIK.200</sln:powIIPPn><sln:powIIPWersja>2012-09-27T08:13:53+02:00</sln:powIIPWersja><sln:powIdTeryt>1401</sln:powIdTeryt><sln:powNazwa>białobrzeski</sln:powNazwa><sln:waznyOd>2014-06-23T00:00:00+02:00</sln:waznyOd><sln:wojIIPId>4b6c492a-eb04-441d-a92a-f44359c06de7</sln:wojIIPId><sln:wojIIPPn>PL.PZGIK.200</sln:wojIIPPn><sln:wojIIPWersja>2012-09-27T13:45:13+02:00</sln:wojIIPWersja><sln:wojIdTeryt>14</sln:wojIdTeryt><sln:wojNazwa>mazowieckie</sln:wojNazwa></sln:miejscowosc><sln:miejscowosc><sln:cyklZyciaOd>2017-04-19T00:00:00+02:00</sln:cyklZyciaOd><sln:gmIIPId>4369f087-33a0-428a-bbc7-8a781eba48ca</sln:gmIIPId><sln:gmIIPPn>PL.PZGIK.200</sln:gmIIPPn><sln:gmIIPWersja>2012-09-26T21:57:27+02:00</sln:gmIIPWersja><sln:gmIdTeryt>1401052</sln:gmIdTeryt><sln:gmNazwa>Stromiec</sln:gmNazwa><sln:miejscIIPId>258ecbe5-00e3-41b9-99ac-9da306478da0</sln:miejscIIPId><sln:miejscIIPPn>PL.PZGIK.200</sln:miejscIIPPn><sln:miejscIIPWersja>2017-04-19T15:49:07+02:00</sln:miejscIIPWersja><sln:miejscIdTeryt>0638903</sln:miejscIdTeryt><sln:miejscNazwa>Zachmiel</sln:miejscNazwa><sln:miejscRodzaj>Wieś</sln:miejscRodzaj><sln:powIIPId>2a52ff3b-6f43-4385-a9b6-8b7ad0961028</sln:powIIPId><sln:powIIPPn>PL.PZGIK.200</sln:powIIPPn><sln:powIIPWersja>2012-09-27T08:13:53+02:00</sln:powIIPWersja><sln:powIdTeryt>1401</sln:powIdTeryt><sln:powNazwa>białobrzeski</sln:powNazwa><sln:waznyOd>2014-06-23T00:00:00+02:00</sln:waznyOd><sln:wojIIPId>4b6c492a-eb04-441d-a92a-f44359c06de7</sln:wojIIPId><sln:wojIIPPn>PL.PZGIK.200</sln:wojIIPPn><sln:wojIIPWersja>2012-09-27T13:45:13+02:00</sln:wojIIPWersja><sln:wojIdTeryt>14</sln:wojIdTeryt><sln:wojNazwa>mazowieckie</sln:wojNazwa></sln:miejscowosc><sln:miejscowosc><sln:cyklZyciaOd>2017-04-19T00:00:00+02:00</sln:cyklZyciaOd><sln:gmIIPId>4369f087-33a0-428a-bbc7-8a781eba48ca</sln:gmIIPId><sln:gmIIPPn>PL.PZGIK.200</sln:gmIIPPn><sln:gmIIPWersja>2012-09-26T21:57:27+02:00</sln:gmIIPWersja><sln:gmIdTeryt>1401052</sln:gmIdTeryt><sln:gmNazwa>Stromiec</sln:gmNazwa><sln:miejscIIPId>1e3af5f5-d3a7-4d4f-b7dd-ddff145dd6f1</sln:miejscIIPId><sln:miejscIIPPn>PL.PZGIK.200</sln:miejscIIPPn><sln:miejscIIPWersja>2017-04-19T15:49:07+02:00</sln:miejscIIPWersja><sln:miejscIdTeryt>0638910</sln:miejscIdTeryt><sln:miejscNazwa>Olszowa Dąbrowa</sln:miejscNazwa><sln:miejscRodzaj>Wieś</sln:miejscRodzaj><sln:powIIPId>2a52ff3b-6f43-4385-a9b6-8b7ad0961028</sln:powIIPId><sln:powIIPPn>PL.PZGIK.200</sln:powIIPPn><sln:powIIPWersja>2012-09-27T08:13:53+02:00</sln:powIIPWersja><sln:powIdTeryt>1401</sln:powIdTeryt><sln:powNazwa>białobrzeski</sln:powNazwa><sln:waznyOd>2014-06-23T00:00:00+02:00</sln:waznyOd><sln:wojIIPId>4b6c492a-eb04-441d-a92a-f44359c06de7</sln:wojIIPId><sln:wojIIPPn>PL.PZGIK.200</sln:wojIIPPn><sln:wojIIPWersja>2012-09-27T13:45:13+02:00</sln:wojIIPWersja><sln:wojIdTeryt>14</sln:wojIdTeryt><sln:wojNazwa>mazowieckie</sln:wojNazwa></sln:miejscowosc><sln:miejscowosc><sln:cyklZyciaOd>2017-04-19T00:00:00+02:00</sln:cyklZyciaOd><sln:gmIIPId>4369f087-33a0-428a-bbc7-8a781eba48ca</sln:gmIIPId><sln:gmIIPPn>PL.PZGIK.200</sln:gmIIPPn><sln:gmIIPWersja>2012-09-26T21:57:27+02:00</sln:gmIIPWersja><sln:gmIdTeryt>1401052</sln:gmIdTeryt><sln:gmNazwa>Stromiec</sln:gmNazwa><sln:miejscIIPId>46bf2358-f8fb-42b2-b9c7-1a8f043a5ad8</sln:miejscIIPId><sln:miejscIIPPn>PL.PZGIK.200</sln:miejscIIPPn><sln:miejscIIPWersja>2017-04-19T15:49:07+02:00</sln:miejscIIPWersja><sln:miejscIdTeryt>0638949</sln:miejscIdTeryt><sln:miejscNazwa>Pietrusin</sln:miejscNazwa><sln:miejscRodzaj>Wieś</sln:miejscRodzaj><sln:powIIPId>2a52ff3b-6f43-4385-a9b6-8b7ad0961028</sln:powIIPId><sln:powIIPPn>PL.PZGIK.200</sln:powIIPPn><sln:powIIPWersja>2012-09-27T08:13:53+02:00</sln:powIIPWersja><sln:powIdTeryt>1401</sln:powIdTeryt><sln:powNazwa>białobrzeski</sln:powNazwa><sln:waznyOd>2014-06-23T00:00:00+02:00</sln:waznyOd><sln:wojIIPId>4b6c492a-eb04-441d-a92a-f44359c06de7</sln:wojIIPId><sln:wojIIPPn>PL.PZGIK.200</sln:wojIIPPn><sln:wojIIPWersja>2012-09-27T13:45:13+02:00</sln:wojIIPWersja><sln:wojIdTeryt>14</sln:wojIdTeryt><sln:wojNazwa>mazowieckie</sln:wojNazwa></sln:miejscowosc><sln:miejscowosc><sln:cyklZyciaOd>2017-04-19T00:00:00+02:00</sln:cyklZyciaOd><sln:gmIIPId>4369f087-33a0-428a-bbc7-8a781eba48ca</sln:gmIIPId><sln:gmIIPPn>PL.PZGIK.200</sln:gmIIPPn><sln:gmIIPWersja>2012-09-26T21:57:27+02:00</sln:gmIIPWersja><sln:gmIdTeryt>1401052</sln:gmIdTeryt><sln:gmNazwa>Stromiec</sln:gmNazwa><sln:miejscIIPId>eaff937c-fb80-4aec-8df7-2d7c3a165e71</sln:miejscIIPId><sln:miejscIIPPn>PL.PZGIK.200</sln:miejscIIPPn><sln:miejscIIPWersja>2017-04-19T15:49:07+02:00</sln:miejscIIPWersja><sln:miejscIdTeryt>0638955</sln:miejscIdTeryt><sln:miejscNazwa>Piróg</sln:miejscNazwa><sln:miejscRodzaj>Wieś</sln:miejscRodzaj><sln:powIIPId>2a52ff3b-6f43-4385-a9b6-8b7ad0961028</sln:powIIPId><sln:powIIPPn>PL.PZGIK.200</sln:powIIPPn><sln:powIIPWersja>2012-09-27T08:13:53+02:00</sln:powIIPWersja><sln:powIdTeryt>1401</sln:powIdTeryt><sln:powNazwa>białobrzeski</sln:powNazwa><sln:waznyOd>2014-06-23T00:00:00+02:00</sln:waznyOd><sln:wojIIPId>4b6c492a-eb04-441d-a92a-f44359c06de7</sln:wojIIPId><sln:wojIIPPn>PL.PZGIK.200</sln:wojIIPPn><sln:wojIIPWersja>2012-09-27T13:45:13+02:00</sln:wojIIPWersja><sln:wojIdTeryt>14</sln:wojIdTeryt><sln:wojNazwa>mazowieckie</sln:wojNazwa></sln:miejscowosc><sln:miejscowosc><sln:cyklZyciaOd>2017-04-19T00:00:00+02:00</sln:cyklZyciaOd><sln:gmIIPId>4369f087-33a0-428a-bbc7-8a781eba48ca</sln:gmIIPId><sln:gmIIPPn>PL.PZGIK.200</sln:gmIIPPn><sln:gmIIPWersja>2012-09-26T21:57:27+02:00</sln:gmIIPWersja><sln:gmIdTeryt>1401052</sln:gmIdTeryt><sln:gmNazwa>Stromiec</sln:gmNazwa><sln:miejscIIPId>7dbe59d2-e31d-4ad7-be62-37c00f492331</sln:miejscIIPId><sln:miejscIIPPn>PL.PZGIK.200</sln:miejscIIPPn><sln:miejscIIPWersja>2017-04-19T15:49:07+02:00</sln:miejscIIPWersja><sln:miejscIdTeryt>0638961</sln:miejscIdTeryt><sln:miejscNazwa>Kalinów</sln:miejscNazwa><sln:miejscRodzaj>Wieś</sln:miejscRodzaj><sln:powIIPId>2a52ff3b-6f43-4385-a9b6-8b7ad0961028</sln:powIIPId><sln:powIIPPn>PL.PZGIK.200</sln:powIIPPn><sln:powIIPWersja>2012-09-27T08:13:53+02:00</sln:powIIPWersja><sln:powIdTeryt>1401</sln:powIdTeryt><sln:powNazwa>białobrzeski</sln:powNazwa><sln:waznyOd>2014-06-23T00:00:00+02:00</sln:waznyOd><sln:wojIIPId>4b6c492a-eb04-441d-a92a-f44359c06de7</sln:wojIIPId><sln:wojIIPPn>PL.PZGIK.200</sln:wojIIPPn><sln:wojIIPWersja>2012-09-27T13:45:13+02:00</sln:wojIIPWersja><sln:wojIdTeryt>14</sln:wojIdTeryt><sln:wojNazwa>mazowieckie</sln:wojNazwa></sln:miejscowosc><sln:miejscowosc><sln:cyklZyciaOd>2017-04-19T00:00:00+02:00</sln:cyklZyciaOd><sln:gmIIPId>4369f087-33a0-428a-bbc7-8a781eba48ca</sln:gmIIPId><sln:gmIIPPn>PL.PZGIK.200</sln:gmIIPPn><sln:gmIIPWersja>2012-09-26T21:57:27+02:00</sln:gmIIPWersja><sln:gmIdTeryt>1401052</sln:gmIdTeryt><sln:gmNazwa>Stromiec</sln:gmNazwa><sln:miejscIIPId>ac20e39a-feb3-4bdc-8173-c0b07359a4d6</sln:miejscIIPId><sln:miejscIIPPn>PL.PZGIK.200</sln:miejscIIPPn><sln:miejscIIPWersja>2017-04-19T15:49:07+02:00</sln:miejscIIPWersja><sln:miejscIdTeryt>0638978</sln:miejscIdTeryt><sln:miejscNazwa>Pokrzywna</sln:miejscNazwa><sln:miejscRodzaj>Wieś</sln:miejscRodzaj><sln:powIIPId>2a52ff3b-6f43-4385-a9b6-8b7ad0961028</sln:powIIPId><sln:powIIPPn>PL.PZGIK.200</sln:powIIPPn><sln:powIIPWersja>2012-09-27T08:13:53+02:00</sln:powIIPWersja><sln:powIdTeryt>1401</sln:powIdTeryt><sln:powNazwa>białobrzeski</sln:powNazwa><sln:waznyOd>2014-06-23T00:00:00+02:00</sln:waznyOd><sln:wojIIPId>4b6c492a-eb04-441d-a92a-f44359c06de7</sln:wojIIPId><sln:wojIIPPn>PL.PZGIK.200</sln:wojIIPPn><sln:wojIIPWersja>2012-09-27T13:45:13+02:00</sln:wojIIPWersja><sln:wojIdTeryt>14</sln:wojIdTeryt><sln:wojNazwa>mazowieckie</sln:wojNazwa></sln:miejscowosc><sln:miejscowosc><sln:cyklZyciaOd>2017-04-19T00:00:00+02:00</sln:cyklZyciaOd><sln:gmIIPId>4369f087-33a0-428a-bbc7-8a781eba48ca</sln:gmIIPId><sln:gmIIPPn>PL.PZGIK.200</sln:gmIIPPn><sln:gmIIPWersja>2012-09-26T21:57:27+02:00</sln:gmIIPWersja><sln:gmIdTeryt>1401052</sln:gmIdTeryt><sln:gmNazwa>Stromiec</sln:gmNazwa><sln:miejscIIPId>be60883c-773e-409f-ac92-f5c4237a050a</sln:miejscIIPId><sln:miejscIIPPn>PL.PZGIK.200</sln:miejscIIPPn><sln:miejscIIPWersja>2017-04-19T15:49:07+02:00</sln:miejscIIPWersja><sln:miejscIdTeryt>0638990</sln:miejscIdTeryt><sln:miejscNazwa>Stara Wieś</sln:miejscNazwa><sln:miejscRodzaj>Wieś</sln:miejscRodzaj><sln:powIIPId>2a52ff3b-6f43-4385-a9b6-8b7ad0961028</sln:powIIPId><sln:powIIPPn>PL.PZGIK.200</sln:powIIPPn><sln:powIIPWersja>2012-09-27T08:13:53+02:00</sln:powIIPWersja><sln:powIdTeryt>1401</sln:powIdTeryt><sln:powNazwa>białobrzeski</sln:powNazwa><sln:waznyOd>2014-06-23T00:00:00+02:00</sln:waznyOd><sln:wojIIPId>4b6c492a-eb04-441d-a92a-f44359c06de7</sln:wojIIPId><sln:wojIIPPn>PL.PZGIK.200</sln:wojIIPPn><sln:wojIIPWersja>2012-09-27T13:45:13+02:00</sln:wojIIPWersja><sln:wojIdTeryt>14</sln:wojIdTeryt><sln:wojNazwa>mazowieckie</sln:wojNazwa></sln:miejscowosc><sln:miejscowosc><sln:cyklZyciaOd>2017-04-19T00:00:00+02:00</sln:cyklZyciaOd><sln:gmIIPId>4369f087-33a0-428a-bbc7-8a781eba48ca</sln:gmIIPId><sln:gmIIPPn>PL.PZGIK.200</sln:gmIIPPn><sln:gmIIPWersja>2012-09-26T21:57:27+02:00</sln:gmIIPWersja><sln:gmIdTeryt>1401052</sln:gmIdTeryt><sln:gmNazwa>Stromiec</sln:gmNazwa><sln:miejscIIPId>831e5981-044e-46c1-b5b4-8040f8f41443</sln:miejscIIPId><sln:miejscIIPPn>PL.PZGIK.200</sln:miejscIIPPn><sln:miejscIIPWersja>2017-04-19T15:49:07+02:00</sln:miejscIIPWersja><sln:miejscIdTeryt>0639009</sln:miejscIdTeryt><sln:miejscNazwa>Sielce</sln:miejscNazwa><sln:miejscRodzaj>Wieś</sln:miejscRodzaj><sln:powIIPId>2a52ff3b-6f43-4385-a9b6-8b7ad0961028</sln:powIIPId><sln:powIIPPn>PL.PZGIK.200</sln:powIIPPn><sln:powIIPWersja>2012-09-27T08:13:53+02:00</sln:powIIPWersja><sln:powIdTeryt>1401</sln:powIdTeryt><sln:powNazwa>białobrzeski</sln:powNazwa><sln:waznyOd>2014-06-23T00:00:00+02:00</sln:waznyOd><sln:wojIIPId>4b6c492a-eb04-441d-a92a-f44359c06de7</sln:wojIIPId><sln:wojIIPPn>PL.PZGIK.200</sln:wojIIPPn><sln:wojIIPWersja>2012-09-27T13:45:13+02:00</sln:wojIIPWersja><sln:wojIdTeryt>14</sln:wojIdTeryt><sln:wojNazwa>mazowieckie</sln:wojNazwa></sln:miejscowosc><sln:miejscowosc><sln:cyklZyciaOd>2017-04-19T00:00:00+02:00</sln:cyklZyciaOd><sln:gmIIPId>4369f087-33a0-428a-bbc7-8a781eba48ca</sln:gmIIPId><sln:gmIIPPn>PL.PZGIK.200</sln:gmIIPPn><sln:gmIIPWersja>2012-09-26T21:57:27+02:00</sln:gmIIPWersja><sln:gmIdTeryt>1401052</sln:gmIdTeryt><sln:gmNazwa>Stromiec</sln:gmNazwa><sln:miejscIIPId>bc7fda79-f0ea-4c61-a43d-cf44b2e5fcee</sln:miejscIIPId><sln:miejscIIPPn>PL.PZGIK.200</sln:miejscIIPPn><sln:miejscIIPWersja>2017-04-19T15:49:07+02:00</sln:miejscIIPWersja><sln:miejscIdTeryt>0639015</sln:miejscIdTeryt><sln:miejscNazwa>Kolonia Sielce</sln:miejscNazwa><sln:miejscRodzaj>Wieś</sln:miejscRodzaj><sln:powIIPId>2a52ff3b-6f43-4385-a9b6-8b7ad0961028</sln:powIIPId><sln:powIIPPn>PL.PZGIK.200</sln:powIIPPn><sln:powIIPWersja>2012-09-27T08:13:53+02:00</sln:powIIPWersja><sln:powIdTeryt>1401</sln:powIdTeryt><sln:powNazwa>białobrzeski</sln:powNazwa><sln:waznyOd>2014-06-23T00:00:00+02:00</sln:waznyOd><sln:wojIIPId>4b6c492a-eb04-441d-a92a-f44359c06de7</sln:wojIIPId><sln:wojIIPPn>PL.PZGIK.200</sln:wojIIPPn><sln:wojIIPWersja>2012-09-27T13:45:13+02:00</sln:wojIIPWersja><sln:wojIdTeryt>14</sln:wojIdTeryt><sln:wojNazwa>mazowieckie</sln:wojNazwa></sln:miejscowosc><sln:miejscowosc><sln:cyklZyciaOd>2017-04-19T00:00:00+02:00</sln:cyklZyciaOd><sln:gmIIPId>4369f087-33a0-428a-bbc7-8a781eba48ca</sln:gmIIPId><sln:gmIIPPn>PL.PZGIK.200</sln:gmIIPPn><sln:gmIIPWersja>2012-09-26T21:57:27+02:00</sln:gmIIPWersja><sln:gmIdTeryt>1401052</sln:gmIdTeryt><sln:gmNazwa>Stromiec</sln:gmNazwa><sln:miejscIIPId>009861c8-b61a-4d64-aa67-618585d911e8</sln:miejscIIPId><sln:miejscIIPPn>PL.PZGIK.200</sln:miejscIIPPn><sln:miejscIIPWersja>2017-04-19T15:49:08+02:00</sln:miejscIIPWersja><sln:miejscIdTeryt>0639044</sln:miejscIdTeryt><sln:miejscNazwa>Stromiec</sln:miejscNazwa><sln:miejscRodzaj>Wieś</sln:miejscRodzaj><sln:powIIPId>2a52ff3b-6f43-4385-a9b6-8b7ad0961028</sln:powIIPId><sln:powIIPPn>PL.PZGIK.200</sln:powIIPPn><sln:powIIPWersja>2012-09-27T08:13:53+02:00</sln:powIIPWersja><sln:powIdTeryt>1401</sln:powIdTeryt><sln:powNazwa>białobrzeski</sln:powNazwa><sln:waznyOd>2014-06-23T00:00:00+02:00</sln:waznyOd><sln:wojIIPId>4b6c492a-eb04-441d-a92a-f44359c06de7</sln:wojIIPId><sln:wojIIPPn>PL.PZGIK.200</sln:wojIIPPn><sln:wojIIPWersja>2012-09-27T13:45:13+02:00</sln:wojIIPWersja><sln:wojIdTeryt>14</sln:wojIdTeryt><sln:wojNazwa>mazowieckie</sln:wojNazwa></sln:miejscowosc><sln:miejscowosc><sln:cyklZyciaOd>2017-04-19T00:00:00+02:00</sln:cyklZyciaOd><sln:gmIIPId>4369f087-33a0-428a-bbc7-8a781eba48ca</sln:gmIIPId><sln:gmIIPPn>PL.PZGIK.200</sln:gmIIPPn><sln:gmIIPWersja>2012-09-26T21:57:27+02:00</sln:gmIIPWersja><sln:gmIdTeryt>1401052</sln:gmIdTeryt><sln:gmNazwa>Stromiec</sln:gmNazwa><sln:miejscIIPId>b0e9b1ca-f6f9-4c2e-9bde-846298f2138d</sln:miejscIIPId><sln:miejscIIPPn>PL.PZGIK.200</sln:miejscIIPPn><sln:miejscIIPWersja>2017-04-19T15:49:08+02:00</sln:miejscIIPWersja><sln:miejscIdTeryt>0639080</sln:miejscIdTeryt><sln:miejscNazwa>Podlesie Duże</sln:miejscNazwa><sln:miejscRodzaj>Wieś</sln:miejscRodzaj><sln:powIIPId>2a52ff3b-6f43-4385-a9b6-8b7ad0961028</sln:powIIPId><sln:powIIPPn>PL.PZGIK.200</sln:powIIPPn><sln:powIIPWersja>2012-09-27T08:13:53+02:00</sln:powIIPWersja><sln:powIdTeryt>1401</sln:powIdTeryt><sln:powNazwa>białobrzeski</sln:powNazwa><sln:waznyOd>2014-06-23T00:00:00+02:00</sln:waznyOd><sln:wojIIPId>4b6c492a-eb04-441d-a92a-f44359c06de7</sln:wojIIPId><sln:wojIIPPn>PL.PZGIK.200</sln:wojIIPPn><sln:wojIIPWersja>2012-09-27T13:45:13+02:00</sln:wojIIPWersja><sln:wojIdTeryt>14</sln:wojIdTeryt><sln:wojNazwa>mazowieckie</sln:wojNazwa></sln:miejscowosc><sln:miejscowosc><sln:cyklZyciaOd>2017-04-19T00:00:00+02:00</sln:cyklZyciaOd><sln:gmIIPId>4369f087-33a0-428a-bbc7-8a781eba48ca</sln:gmIIPId><sln:gmIIPPn>PL.PZGIK.200</sln:gmIIPPn><sln:gmIIPWersja>2012-09-26T21:57:27+02:00</sln:gmIIPWersja><sln:gmIdTeryt>1401052</sln:gmIdTeryt><sln:gmNazwa>Stromiec</sln:gmNazwa><sln:miejscIIPId>60a4ea60-4ce5-471b-8d53-0e3c91e99dce</sln:miejscIIPId><sln:miejscIIPPn>PL.PZGIK.200</sln:miejscIIPPn><sln:miejscIIPWersja>2017-04-19T15:49:08+02:00</sln:miejscIIPWersja><sln:miejscIdTeryt>0639096</sln:miejscIdTeryt><sln:miejscNazwa>Podlesie Małe</sln:miejscNazwa><sln:miejscRodzaj>Wieś</sln:miejscRodzaj><sln:powIIPId>2a52ff3b-6f43-4385-a9b6-8b7ad0961028</sln:powIIPId><sln:powIIPPn>PL.PZGIK.200</sln:powIIPPn><sln:powIIPWersja>2012-09-27T08:13:53+02:00</sln:powIIPWersja><sln:powIdTeryt>1401</sln:powIdTeryt><sln:powNazwa>białobrzeski</sln:powNazwa><sln:waznyOd>2014-06-23T00:00:00+02:00</sln:waznyOd><sln:wojIIPId>4b6c492a-eb04-441d-a92a-f44359c06de7</sln:wojIIPId><sln:wojIIPPn>PL.PZGIK.200</sln:wojIIPPn><sln:wojIIPWersja>2012-09-27T13:45:13+02:00</sln:wojIIPWersja><sln:wojIdTeryt>14</sln:wojIdTeryt><sln:wojNazwa>mazowieckie</sln:wojNazwa></sln:miejscowosc><sln:miejscowosc><sln:cyklZyciaOd>2017-04-19T00:00:00+02:00</sln:cyklZyciaOd><sln:gmIIPId>4369f087-33a0-428a-bbc7-8a781eba48ca</sln:gmIIPId><sln:gmIIPPn>PL.PZGIK.200</sln:gmIIPPn><sln:gmIIPWersja>2012-09-26T21:57:27+02:00</sln:gmIIPWersja><sln:gmIdTeryt>1401052</sln:gmIdTeryt><sln:gmNazwa>Stromiec</sln:gmNazwa><sln:miejscIIPId>4dd5b718-3765-4be7-a015-b3d8b6339f77</sln:miejscIIPId><sln:miejscIIPPn>PL.PZGIK.200</sln:miejscIIPPn><sln:miejscIIPWersja>2017-04-19T15:49:08+02:00</sln:miejscIIPWersja><sln:miejscIdTeryt>0639104</sln:miejscIdTeryt><sln:miejscNazwa>Stromiecka Wola</sln:miejscNazwa><sln:miejscRodzaj>Wieś</sln:miejscRodzaj><sln:powIIPId>2a52ff3b-6f43-4385-a9b6-8b7ad0961028</sln:powIIPId><sln:powIIPPn>PL.PZGIK.200</sln:powIIPPn><sln:powIIPWersja>2012-09-27T08:13:53+02:00</sln:powIIPWersja><sln:powIdTeryt>1401</sln:powIdTeryt><sln:powNazwa>białobrzeski</sln:powNazwa><sln:waznyOd>2014-12-23T00:00:00+01:00</sln:waznyOd><sln:wojIIPId>4b6c492a-eb04-441d-a92a-f44359c06de7</sln:wojIIPId><sln:wojIIPPn>PL.PZGIK.200</sln:wojIIPPn><sln:wojIIPWersja>2012-09-27T13:45:13+02:00</sln:wojIIPWersja><sln:wojIdTeryt>14</sln:wojIdTeryt><sln:wojNazwa>mazowieckie</sln:wojNazwa></sln:miejscowosc><sln:miejscowosc><sln:cyklZyciaOd>2017-04-19T00:00:00+02:00</sln:cyklZyciaOd><sln:gmIIPId>4369f087-33a0-428a-bbc7-8a781eba48ca</sln:gmIIPId><sln:gmIIPPn>PL.PZGIK.200</sln:gmIIPPn><sln:gmIIPWersja>2012-09-26T21:57:27+02:00</sln:gmIIPWersja><sln:gmIdTeryt>1401052</sln:gmIdTeryt><sln:gmNazwa>Stromiec</sln:gmNazwa><sln:miejscIIPId>c1203973-f7d4-4915-9f10-a34efe793a77</sln:miejscIIPId><sln:miejscIIPPn>PL.PZGIK.200</sln:miejscIIPPn><sln:miejscIIPWersja>2017-04-19T15:49:08+02:00</sln:miejscIIPWersja><sln:miejscIdTeryt>0639133</sln:miejscIdTeryt><sln:miejscNazwa>Sułków</sln:miejscNazwa><sln:miejscRodzaj>Wieś</sln:miejscRodzaj><sln:powIIPId>2a52ff3b-6f43-4385-a9b6-8b7ad0961028</sln:powIIPId><sln:powIIPPn>PL.PZGIK.200</sln:powIIPPn><sln:powIIPWersja>2012-09-27T08:13:53+02:00</sln:powIIPWersja><sln:powIdTeryt>1401</sln:powIdTeryt><sln:powNazwa>białobrzeski</sln:powNazwa><sln:waznyOd>2014-06-23T00:00:00+02:00</sln:waznyOd><sln:wojIIPId>4b6c492a-eb04-441d-a92a-f44359c06de7</sln:wojIIPId><sln:wojIIPPn>PL.PZGIK.200</sln:wojIIPPn><sln:wojIIPWersja>2012-09-27T13:45:13+02:00</sln:wojIIPWersja><sln:wojIdTeryt>14</sln:wojIdTeryt><sln:wojNazwa>mazowieckie</sln:wojNazwa></sln:miejscowosc><sln:miejscowosc><sln:cyklZyciaOd>2017-04-19T00:00:00+02:00</sln:cyklZyciaOd><sln:gmIIPId>4369f087-33a0-428a-bbc7-8a781eba48ca</sln:gmIIPId><sln:gmIIPPn>PL.PZGIK.200</sln:gmIIPPn><sln:gmIIPWersja>2012-09-26T21:57:27+02:00</sln:gmIIPWersja><sln:gmIdTeryt>1401052</sln:gmIdTeryt><sln:gmNazwa>Stromiec</sln:gmNazwa><sln:miejscIIPId>39b53e69-fdbf-4e19-91a7-f5897aa04597</sln:miejscIIPId><sln:miejscIIPPn>PL.PZGIK.200</sln:miejscIIPPn><sln:miejscIIPWersja>2017-04-19T15:49:08+02:00</sln:miejscIIPWersja><sln:miejscIdTeryt>0639156</sln:miejscIdTeryt><sln:miejscNazwa>Zabagnie</sln:miejscNazwa><sln:miejscRodzaj>Wieś</sln:miejscRodzaj><sln:powIIPId>2a52ff3b-6f43-4385-a9b6-8b7ad0961028</sln:powIIPId><sln:powIIPPn>PL.PZGIK.200</sln:powIIPPn><sln:powIIPWersja>2012-09-27T08:13:53+02:00</sln:powIIPWersja><sln:powIdTeryt>1401</sln:powIdTeryt><sln:powNazwa>białobrzeski</sln:powNazwa><sln:waznyOd>2014-06-23T00:00:00+02:00</sln:waznyOd><sln:wojIIPId>4b6c492a-eb04-441d-a92a-f44359c06de7</sln:wojIIPId><sln:wojIIPPn>PL.PZGIK.200</sln:wojIIPPn><sln:wojIIPWersja>2012-09-27T13:45:13+02:00</sln:wojIIPWersja><sln:wojIdTeryt>14</sln:wojIdTeryt><sln:wojNazwa>mazowieckie</sln:wojNazwa></sln:miejscowosc></sln:lista-miejscowosci>