<?xml version="1.0" encoding="UTF-8" standalone="yes"?><sln:lista-miejscowosci xmlns:srv="http://gugik.gov.pl/schemas/slowniki-service/1.0" xmlns:sln="http://gugik.gov.pl/schemas/slowniki-schema/1.0"><sln:miejscowosc><sln:cyklZyciaDo>2017-03-20T00:00:00+01:00</sln:cyklZyciaDo><sln:cyklZyciaOd>2015-03-02T00:00:00+01:00</sln:cyklZyciaOd><sln:gmIIPId>eedd4c58-5b60-4dd5-bdc2-b443ab951788</sln:gmIIPId><sln:gmIIPPn>PL.PZGIK.200</sln:gmIIPPn><sln:gmIIPWersja>2012-09-26T22:53:50+02:00</sln:gmIIPWersja><sln:gmIdTeryt>1417082</sln:gmIdTeryt><sln:gmNazwa>Wiązowna</sln:gmNazwa><sln:miejscIIPId>d49237ad-9f8b-4432-b56d-8791b47489c0</sln:miejscIIPId><sln:miejscIIPPn>PL.PZGIK.200</sln:miejscIIPPn><sln:miejscIIPWersja>2016-11-24T08:29:25+02:00</sln:miejscIIPWersja><sln:miejscIdTeryt>0009870</sln:miejscIdTeryt><sln:miejscNazwa>Bolesławów</sln:miejscNazwa><sln:miejscRodzaj>Inny obiekt</sln:miejscRodzaj><sln:powIIPId>4670c0b0-9225-450f-a0c2-8ff56cbe3b08</sln:powIIPId><sln:powIIPPn>PL.PZGIK.200</sln:powIIPPn><sln:powIIPWersja>2012-09-27T08:13:53+02:00</sln:powIIPWersja><sln:powIdTeryt>1417</sln:powIdTeryt><sln:powNazwa>otwocki</sln:powNazwa><sln:waznyOd>2012-05-15T00:00:00+02:00</sln:waznyOd><sln:wojIIPId>4b6c492a-eb04-441d-a92a-f44359c06de7</sln:wojIIPId><sln:wojIIPPn>PL.PZGIK.200</sln:wojIIPPn><sln:wojIIPWersja>2012-09-27T13:45:13+02:00</sln:wojIIPWersja><sln:wojIdTeryt>14</sln:wojIdTeryt><sln:wojNazwa>mazowieckie</sln:wojNazwa></sln:miejscowosc><sln:miejscowosc><sln:cyklZyciaDo>2017-03-20T00:00:00+01:00</sln:cyklZyciaDo><sln:cyklZyciaOd>2015-03-02T00:00:00+01:00</sln:cyklZyciaOd><sln:gmIIPId>eedd4c58-5b60-4dd5-bdc2-b443ab951788</sln:gmIIPId><sln:gmIIPPn>PL.PZGIK.200</sln:gmIIPPn><sln:gmIIPWersja>2012-09-26T22:53:50+02:00</sln:gmIIPWersja><sln:gmIdTeryt>1417082</sln:gmIdTeryt><sln:gmNazwa>Wiązowna</sln:gmNazwa><sln:miejscIIPId>1e4813f9-0777-4638-bca9-f72fd7dd4025</sln:miejscIIPId><sln:miejscIIPPn>PL.PZGIK.200</sln:miejscIIPPn><sln:miejscIIPWersja>2016-11-24T08:29:25+02:00</sln:miejscIIPWersja><sln:miejscIdTeryt>0009886</sln:miejscIdTeryt><sln:miejscNazwa>Boryszew</sln:miejscNazwa><sln:miejscRodzaj>Inny obiekt</sln:miejscRodzaj><sln:powIIPId>4670c0b0-9225-450f-a0c2-8ff56cbe3b08</sln:powIIPId><sln:powIIPPn>PL.PZGIK.200</sln:powIIPPn><sln:powIIPWersja>2012-09-27T08:13:53+02:00</sln:powIIPWersja><sln:powIdTeryt>1417</sln:powIdTeryt><sln:powNazwa>otwocki</sln:powNazwa><sln:waznyOd>2012-05-15T00:00:00+02:00</sln:waznyOd><sln:wojIIPId>4b6c492a-eb04-441d-a92a-f44359c06de7</sln:wojIIPId><sln:wojIIPPn>PL.PZGIK.200</sln:wojIIPPn><sln:wojIIPWersja>2012-09-27T13:45:13+02:00</sln:wojIIPWersja><sln:wojIdTeryt>14</sln:wojIdTeryt><sln:wojNazwa>mazowieckie</sln:wojNazwa></sln:miejscowosc><sln:miejscowosc><sln:cyklZyciaDo>2017-03-20T00:00:00+01:00</sln:cyklZyciaDo><sln:cyklZyciaOd>2015-03-02T00:00:00+01:00</sln:cyklZyciaOd><sln:gmIIPId>eedd4c58-5b60-4dd5-bdc2-b443ab951788</sln:gmIIPId><sln:gmIIPPn>PL.PZGIK.200</sln:gmIIPPn><sln:gmIIPWersja>2012-09-26T22:53:50+02:00</sln:gmIIPWersja><sln:gmIdTeryt>1417082</sln:gmIdTeryt><sln:gmNazwa>Wiązowna</sln:gmNazwa><sln:miejscIIPId>cb02610f-1abe-4c84-abde-9b1c6648b93d</sln:miejscIIPId><sln:miejscIIPPn>PL.PZGIK.200</sln:miejscIIPPn><sln:miejscIIPWersja>2016-11-24T08:29:25+02:00</sln:miejscIIPWersja><sln:miejscIdTeryt>0009900</sln:miejscIdTeryt><sln:miejscNazwa>Czarnówka</sln:miejscNazwa><sln:miejscRodzaj>Inny obiekt</sln:miejscRodzaj><sln:powIIPId>4670c0b0-9225-450f-a0c2-8ff56cbe3b08</sln:powIIPId><sln:powIIPPn>PL.PZGIK.200</sln:powIIPPn><sln:powIIPWersja>2012-09-27T08:13:53+02:00</sln:powIIPWersja><sln:powIdTeryt>1417</sln:powIdTeryt><sln:powNazwa>otwocki</sln:powNazwa><sln:waznyOd>2012-05-15T00:00:00+02:00</sln:waznyOd><sln:wojIIPId>4b6c492a-eb04-441d-a92a-f44359c06de7</sln:wojIIPId><sln:wojIIPPn>PL.PZGIK.200</sln:wojIIPPn><sln:wojIIPWersja>2012-09-27T13:45:13+02:00</sln:wojIIPWersja><sln:wojIdTeryt>14</sln:wojIdTeryt><sln:wojNazwa>mazowieckie</sln:wojNazwa></sln:miejscowosc><sln:miejscowosc><sln:cyklZyciaDo>2017-03-20T00:00:00+01:00</sln:cyklZyciaDo><sln:cyklZyciaOd>2015-03-02T00:00:00+01:00</sln:cyklZyciaOd><sln:gmIIPId>eedd4c58-5b60-4dd5-bdc2-b443ab951788</sln:gmIIPId><sln:gmIIPPn>PL.PZGIK.200</sln:gmIIPPn><sln:gmIIPWersja>2012-09-26T22:53:50+02:00</sln:gmIIPWersja><sln:gmIdTeryt>1417082</sln:gmIdTeryt><sln:gmNazwa>Wiązowna</sln:gmNazwa><sln:miejscIIPId>88fd7bae-2857-4114-a034-5c93b04f7834</sln:miejscIIPId><sln:miejscIIPPn>PL.PZGIK.200</sln:miejscIIPPn><sln:miejscIIPWersja>2016-11-24T08:29:25+02:00</sln:miejscIIPWersja><sln:miejscIdTeryt>0009917</sln:miejscIdTeryt><sln:miejscNazwa>Duchnów</sln:miejscNazwa><sln:miejscRodzaj>Inny obiekt</sln:miejscRodzaj><sln:powIIPId>4670c0b0-9225-450f-a0c2-8ff56cbe3b08</sln:powIIPId><sln:powIIPPn>PL.PZGIK.200</sln:powIIPPn><sln:powIIPWersja>2012-09-27T08:13:53+02:00</sln:powIIPWersja><sln:powIdTeryt>1417</sln:powIdTeryt><sln:powNazwa>otwocki</sln:powNazwa><sln:waznyOd>2012-05-15T00:00:00+02:00</sln:waznyOd><sln:wojIIPId>4b6c492a-eb04-441d-a92a-f44359c06de7</sln:wojIIPId><sln:wojIIPPn>PL.PZGIK.200</sln:wojIIPPn><sln:wojIIPWersja>2012-09-27T13:45:13+02:00</sln:wojIIPWersja><sln:wojIdTeryt>14</sln:wojIdTeryt><sln:wojNazwa>mazowieckie</sln:wojNazwa></sln:miejscowosc><sln:miejscowosc><sln:cyklZyciaDo>2017-03-20T00:00:00+01:00</sln:cyklZyciaDo><sln:cyklZyciaOd>2015-03-02T00:00:00+01:00</sln:cyklZyciaOd><sln:gmIIPId>eedd4c58-5b60-4dd5-bdc2-b443ab951788</sln:gmIIPId><sln:gmIIPPn>PL.PZGIK.200</sln:gmIIPPn><sln:gmIIPWersja>2012-09-26T22:53:50+02:00</sln:gmIIPWersja><sln:gmIdTeryt>1417082</sln:gmIdTeryt><sln:gmNazwa>Wiązowna</sln:gmNazwa><sln:miejscIIPId>6932b121-ef65-4e7f-8703-f1c9f881779a</sln:miejscIIPId><sln:miejscIIPPn>PL.PZGIK.200</sln:miejscIIPPn><sln:miejscIIPWersja>2016-11-24T08:29:25+02:00</sln:miejscIIPWersja><sln:miejscIdTeryt>0009923</sln:miejscIdTeryt><sln:miejscNazwa>Dziechciniec</sln:miejscNazwa><sln:miejscRodzaj>Inny obiekt</sln:miejscRodzaj><sln:powIIPId>4670c0b0-9225-450f-a0c2-8ff56cbe3b08</sln:powIIPId><sln:powIIPPn>PL.PZGIK.200</sln:powIIPPn><sln:powIIPWersja>2012-09-27T08:13:53+02:00</sln:powIIPWersja><sln:powIdTeryt>1417</sln:powIdTeryt><sln:powNazwa>otwocki</sln:powNazwa><sln:waznyOd>2012-05-15T00:00:00+02:00</sln:waznyOd><sln:wojIIPId>4b6c492a-eb04-441d-a92a-f44359c06de7</sln:wojIIPId><sln:wojIIPPn>PL.PZGIK.200</sln:wojIIPPn><sln:wojIIPWersja>2012-09-27T13:45:13+02:00</sln:wojIIPWersja><sln:wojIdTeryt>14</sln:wojIdTeryt><sln:wojNazwa>mazowieckie</sln:wojNazwa></sln:miejscowosc><sln:miejscowosc><sln:cyklZyciaDo>2017-03-20T00:00:00+01:00</sln:cyklZyciaDo><sln:cyklZyciaOd>2015-03-02T00:00:00+01:00</sln:cyklZyciaOd><sln:gmIIPId>eedd4c58-5b60-4dd5-bdc2-b443ab951788</sln:gmIIPId><sln:gmIIPPn>PL.PZGIK.200</sln:gmIIPPn><sln:gmIIPWersja>2012-09-26T22:53:50+02:00</sln:gmIIPWersja><sln:gmIdTeryt>1417082</sln:gmIdTeryt><sln:gmNazwa>Wiązowna</sln:gmNazwa><sln:miejscIIPId>457aefe3-b102-4db8-b4fd-9128813187ee</sln:miejscIIPId><sln:miejscIIPPn>PL.PZGIK.200</sln:miejscIIPPn><sln:miejscIIPWersja>2016-11-24T08:29:25+02:00</sln:miejscIIPWersja><sln:miejscIdTeryt>0009930</sln:miejscIdTeryt><sln:miejscNazwa>Emów</sln:miejscNazwa><sln:miejscRodzaj>Inny obiekt</sln:miejscRodzaj><sln:powIIPId>4670c0b0-9225-450f-a0c2-8ff56cbe3b08</sln:powIIPId><sln:powIIPPn>PL.PZGIK.200</sln:powIIPPn><sln:powIIPWersja>2012-09-27T08:13:53+02:00</sln:powIIPWersja><sln:powIdTeryt>1417</sln:powIdTeryt><sln:powNazwa>otwocki</sln:powNazwa><sln:waznyOd>2012-05-15T00:00:00+02:00</sln:waznyOd><sln:wojIIPId>4b6c492a-eb04-441d-a92a-f44359c06de7</sln:wojIIPId><sln:wojIIPPn>PL.PZGIK.200</sln:wojIIPPn><sln:wojIIPWersja>2012-09-27T13:45:13+02:00</sln:wojIIPWersja><sln:wojIdTeryt>14</sln:wojIdTeryt><sln:wojNazwa>mazowieckie</sln:wojNazwa></sln:miejscowosc><sln:miejscowosc><sln:cyklZyciaDo>2017-03-20T00:00:00+01:00</sln:cyklZyciaDo><sln:cyklZyciaOd>2015-03-02T00:00:00+01:00</sln:cyklZyciaOd><sln:gmIIPId>eedd4c58-5b60-4dd5-bdc2-b443ab951788</sln:gmIIPId><sln:gmIIPPn>PL.PZGIK.200</sln:gmIIPPn><sln:gmIIPWersja>2012-09-26T22:53:50+02:00</sln:gmIIPWersja><sln:gmIdTeryt>1417082</sln:gmIdTeryt><sln:gmNazwa>Wiązowna</sln:gmNazwa><sln:miejscIIPId>158849a2-93c3-42a2-a236-a5dd9726eb78</sln:miejscIIPId><sln:miejscIIPPn>PL.PZGIK.200</sln:miejscIIPPn><sln:miejscIIPWersja>2016-11-24T08:29:25+02:00</sln:miejscIIPWersja><sln:miejscIdTeryt>0009969</sln:miejscIdTeryt><sln:miejscNazwa>Glinianka</sln:miejscNazwa><sln:miejscRodzaj>Inny obiekt</sln:miejscRodzaj><sln:powIIPId>4670c0b0-9225-450f-a0c2-8ff56cbe3b08</sln:powIIPId><sln:powIIPPn>PL.PZGIK.200</sln:powIIPPn><sln:powIIPWersja>2012-09-27T08:13:53+02:00</sln:powIIPWersja><sln:powIdTeryt>1417</sln:powIdTeryt><sln:powNazwa>otwocki</sln:powNazwa><sln:waznyOd>2012-05-15T00:00:00+02:00</sln:waznyOd><sln:wojIIPId>4b6c492a-eb04-441d-a92a-f44359c06de7</sln:wojIIPId><sln:wojIIPPn>PL.PZGIK.200</sln:wojIIPPn><sln:wojIIPWersja>2012-09-27T13:45:13+02:00</sln:wojIIPWersja><sln:wojIdTeryt>14</sln:wojIdTeryt><sln:wojNazwa>mazowieckie</sln:wojNazwa></sln:miejscowosc><sln:miejscowosc><sln:cyklZyciaDo>2017-03-20T00:00:00+01:00</sln:cyklZyciaDo><sln:cyklZyciaOd>2015-03-02T00:00:00+01:00</sln:cyklZyciaOd><sln:gmIIPId>eedd4c58-5b60-4dd5-bdc2-b443ab951788</sln:gmIIPId><sln:gmIIPPn>PL.PZGIK.200</sln:gmIIPPn><sln:gmIIPWersja>2012-09-26T22:53:50+02:00</sln:gmIIPWersja><sln:gmIdTeryt>1417082</sln:gmIdTeryt><sln:gmNazwa>Wiązowna</sln:gmNazwa><sln:miejscIIPId>6f0a652d-d5dd-4afa-9691-7eb1484b040f</sln:miejscIIPId><sln:miejscIIPPn>PL.PZGIK.200</sln:miejscIIPPn><sln:miejscIIPWersja>2016-11-24T08:29:25+02:00</sln:miejscIIPWersja><sln:miejscIdTeryt>0009975</sln:miejscIdTeryt><sln:miejscNazwa>Góraszka</sln:miejscNazwa><sln:miejscRodzaj>Inny obiekt</sln:miejscRodzaj><sln:powIIPId>4670c0b0-9225-450f-a0c2-8ff56cbe3b08</sln:powIIPId><sln:powIIPPn>PL.PZGIK.200</sln:powIIPPn><sln:powIIPWersja>2012-09-27T08:13:53+02:00</sln:powIIPWersja><sln:powIdTeryt>1417</sln:powIdTeryt><sln:powNazwa>otwocki</sln:powNazwa><sln:waznyOd>2012-05-15T00:00:00+02:00</sln:waznyOd><sln:wojIIPId>4b6c492a-eb04-441d-a92a-f44359c06de7</sln:wojIIPId><sln:wojIIPPn>PL.PZGIK.200</sln:wojIIPPn><sln:wojIIPWersja>2012-09-27T13:45:13+02:00</sln:wojIIPWersja><sln:wojIdTeryt>14</sln:wojIdTeryt><sln:wojNazwa>mazowieckie</sln:wojNazwa></sln:miejscowosc><sln:miejscowosc><sln:cyklZyciaDo>2017-03-20T00:00:00+01:00</sln:cyklZyciaDo><sln:cyklZyciaOd>2015-03-02T00:00:00+01:00</sln:cyklZyciaOd><sln:gmIIPId>eedd4c58-5b60-4dd5-bdc2-b443ab951788</sln:gmIIPId><sln:gmIIPPn>PL.PZGIK.200</sln:gmIIPPn><sln:gmIIPWersja>2012-09-26T22:53:50+02:00</sln:gmIIPWersja><sln:gmIdTeryt>1417082</sln:gmIdTeryt><sln:gmNazwa>Wiązowna</sln:gmNazwa><sln:miejscIIPId>255b11af-fc21-489d-a923-5a30837f2974</sln:miejscIIPId><sln:miejscIIPPn>PL.PZGIK.200</sln:miejscIIPPn><sln:miejscIIPWersja>2016-11-24T08:29:25+02:00</sln:miejscIIPWersja><sln:miejscIdTeryt>0009981</sln:miejscIdTeryt><sln:miejscNazwa>Izabela</sln:miejscNazwa><sln:miejscRodzaj>Inny obiekt</sln:miejscRodzaj><sln:powIIPId>4670c0b0-9225-450f-a0c2-8ff56cbe3b08</sln:powIIPId><sln:powIIPPn>PL.PZGIK.200</sln:powIIPPn><sln:powIIPWersja>2012-09-27T08:13:53+02:00</sln:powIIPWersja><sln:powIdTeryt>1417</sln:powIdTeryt><sln:powNazwa>otwocki</sln:powNazwa><sln:waznyOd>2012-05-15T00:00:00+02:00</sln:waznyOd><sln:wojIIPId>4b6c492a-eb04-441d-a92a-f44359c06de7</sln:wojIIPId><sln:wojIIPPn>PL.PZGIK.200</sln:wojIIPPn><sln:wojIIPWersja>2012-09-27T13:45:13+02:00</sln:wojIIPWersja><sln:wojIdTeryt>14</sln:wojIdTeryt><sln:wojNazwa>mazowieckie</sln:wojNazwa></sln:miejscowosc><sln:miejscowosc><sln:cyklZyciaDo>2017-03-20T00:00:00+01:00</sln:cyklZyciaDo><sln:cyklZyciaOd>2015-03-02T00:00:00+01:00</sln:cyklZyciaOd><sln:gmIIPId>eedd4c58-5b60-4dd5-bdc2-b443ab951788</sln:gmIIPId><sln:gmIIPPn>PL.PZGIK.200</sln:gmIIPPn><sln:gmIIPWersja>2012-09-26T22:53:50+02:00</sln:gmIIPWersja><sln:gmIdTeryt>1417082</sln:gmIdTeryt><sln:gmNazwa>Wiązowna</sln:gmNazwa><sln:miejscIIPId>c91fccea-903c-43a9-9b44-1d25c0fc34cb</sln:miejscIIPId><sln:miejscIIPPn>PL.PZGIK.200</sln:miejscIIPPn><sln:miejscIIPWersja>2016-11-24T08:29:25+02:00</sln:miejscIIPWersja><sln:miejscIdTeryt>0009998</sln:miejscIdTeryt><sln:miejscNazwa>Kąck</sln:miejscNazwa><sln:miejscRodzaj>Inny obiekt</sln:miejscRodzaj><sln:powIIPId>4670c0b0-9225-450f-a0c2-8ff56cbe3b08</sln:powIIPId><sln:powIIPPn>PL.PZGIK.200</sln:powIIPPn><sln:powIIPWersja>2012-09-27T08:13:53+02:00</sln:powIIPWersja><sln:powIdTeryt>1417</sln:powIdTeryt><sln:powNazwa>otwocki</sln:powNazwa><sln:waznyOd>2012-05-15T00:00:00+02:00</sln:waznyOd><sln:wojIIPId>4b6c492a-eb04-441d-a92a-f44359c06de7</sln:wojIIPId><sln:wojIIPPn>PL.PZGIK.200</sln:wojIIPPn><sln:wojIIPWersja>2012-09-27T13:45:13+02:00</sln:wojIIPWersja><sln:wojIdTeryt>14</sln:wojIdTeryt><sln:wojNazwa>mazowieckie</sln:wojNazwa></sln:miejscowosc><sln:miejscowosc><sln:cyklZyciaDo>2017-03-20T00:00:00+01:00</sln:cyklZyciaDo><sln:cyklZyciaOd>2015-03-02T00:00:00+01:00</sln:cyklZyciaOd><sln:gmIIPId>eedd4c58-5b60-4dd5-bdc2-b443ab951788</sln:gmIIPId><sln:gmIIPPn>PL.PZGIK.200</sln:gmIIPPn><sln:gmIIPWersja>2012-09-26T22:53:50+02:00</sln:gmIIPWersja><sln:gmIdTeryt>1417082</sln:gmIdTeryt><sln:gmNazwa>Wiązowna</sln:gmNazwa><sln:miejscIIPId>c6cb9092-f662-4a43-a643-b0db33e4dd0a</sln:miejscIIPId><sln:miejscIIPPn>PL.PZGIK.200</sln:miejscIIPPn><sln:miejscIIPWersja>2016-11-24T08:29:26+02:00</sln:miejscIIPWersja><sln:miejscIdTeryt>0010004</sln:miejscIdTeryt><sln:miejscNazwa>Kopki</sln:miejscNazwa><sln:miejscRodzaj>Inny obiekt</sln:miejscRodzaj><sln:powIIPId>4670c0b0-9225-450f-a0c2-8ff56cbe3b08</sln:powIIPId><sln:powIIPPn>PL.PZGIK.200</sln:powIIPPn><sln:powIIPWersja>2012-09-27T08:13:53+02:00</sln:powIIPWersja><sln:powIdTeryt>1417</sln:powIdTeryt><sln:powNazwa>otwocki</sln:powNazwa><sln:waznyOd>2012-05-15T00:00:00+02:00</sln:waznyOd><sln:wojIIPId>4b6c492a-eb04-441d-a92a-f44359c06de7</sln:wojIIPId><sln:wojIIPPn>PL.PZGIK.200</sln:wojIIPPn><sln:wojIIPWersja>2012-09-27T13:45:13+02:00</sln:wojIIPWersja><sln:wojIdTeryt>14</sln:wojIdTeryt><sln:wojNazwa>mazowieckie</sln:wojNazwa></sln:miejscowosc><sln:miejscowosc><sln:cyklZyciaDo>2017-03-20T00:00:00+01:00</sln:cyklZyciaDo><sln:cyklZyciaOd>2015-03-02T00:00:00+01:00</sln:cyklZyciaOd><sln:gmIIPId>eedd4c58-5b60-4dd5-bdc2-b443ab951788</sln:gmIIPId><sln:gmIIPPn>PL.PZGIK.200</sln:gmIIPPn><sln:gmIIPWersja>2012-09-26T22:53:50+02:00</sln:gmIIPWersja><sln:gmIdTeryt>1417082</sln:gmIdTeryt><sln:gmNazwa>Wiązowna</sln:gmNazwa><sln:miejscIIPId>1c4bb472-ed06-419b-ad49-5514e229acae</sln:miejscIIPId><sln:miejscIIPPn>PL.PZGIK.200</sln:miejscIIPPn><sln:miejscIIPWersja>2016-11-24T08:29:26+02:00</sln:miejscIIPWersja><sln:miejscIdTeryt>0010010</sln:miejscIdTeryt><sln:miejscNazwa>Kruszówiec</sln:miejscNazwa><sln:miejscRodzaj>Inny obiekt</sln:miejscRodzaj><sln:powIIPId>4670c0b0-9225-450f-a0c2-8ff56cbe3b08</sln:powIIPId><sln:powIIPPn>PL.PZGIK.200</sln:powIIPPn><sln:powIIPWersja>2012-09-27T08:13:53+02:00</sln:powIIPWersja><sln:powIdTeryt>1417</sln:powIdTeryt><sln:powNazwa>otwocki</sln:powNazwa><sln:waznyOd>2012-05-15T00:00:00+02:00</sln:waznyOd><sln:wojIIPId>4b6c492a-eb04-441d-a92a-f44359c06de7</sln:wojIIPId><sln:wojIIPPn>PL.PZGIK.200</sln:wojIIPPn><sln:wojIIPWersja>2012-09-27T13:45:13+02:00</sln:wojIIPWersja><sln:wojIdTeryt>14</sln:wojIdTeryt><sln:wojNazwa>mazowieckie</sln:wojNazwa></sln:miejscowosc><sln:miejscowosc><sln:cyklZyciaDo>2017-03-20T00:00:00+01:00</sln:cyklZyciaDo><sln:cyklZyciaOd>2015-03-02T00:00:00+01:00</sln:cyklZyciaOd><sln:gmIIPId>eedd4c58-5b60-4dd5-bdc2-b443ab951788</sln:gmIIPId><sln:gmIIPPn>PL.PZGIK.200</sln:gmIIPPn><sln:gmIIPWersja>2012-09-26T22:53:50+02:00</sln:gmIIPWersja><sln:gmIdTeryt>1417082</sln:gmIdTeryt><sln:gmNazwa>Wiązowna</sln:gmNazwa><sln:miejscIIPId>b1c9dbc5-ffe4-4047-956d-ca082c4a0ebc</sln:miejscIIPId><sln:miejscIIPPn>PL.PZGIK.200</sln:miejscIIPPn><sln:miejscIIPWersja>2016-11-24T08:29:26+02:00</sln:miejscIIPWersja><sln:miejscIdTeryt>0010027</sln:miejscIdTeryt><sln:miejscNazwa>Lipowo</sln:miejscNazwa><sln:miejscRodzaj>Inny obiekt</sln:miejscRodzaj><sln:powIIPId>4670c0b0-9225-450f-a0c2-8ff56cbe3b08</sln:powIIPId><sln:powIIPPn>PL.PZGIK.200</sln:powIIPPn><sln:powIIPWersja>2012-09-27T08:13:53+02:00</sln:powIIPWersja><sln:powIdTeryt>1417</sln:powIdTeryt><sln:powNazwa>otwocki</sln:powNazwa><sln:waznyOd>2012-05-15T00:00:00+02:00</sln:waznyOd><sln:wojIIPId>4b6c492a-eb04-441d-a92a-f44359c06de7</sln:wojIIPId><sln:wojIIPPn>PL.PZGIK.200</sln:wojIIPPn><sln:wojIIPWersja>2012-09-27T13:45:13+02:00</sln:wojIIPWersja><sln:wojIdTeryt>14</sln:wojIdTeryt><sln:wojNazwa>mazowieckie</sln:wojNazwa></sln:miejscowosc><sln:miejscowosc><sln:cyklZyciaDo>2017-03-20T00:00:00+01:00</sln:cyklZyciaDo><sln:cyklZyciaOd>2015-03-02T00:00:00+01:00</sln:cyklZyciaOd><sln:gmIIPId>eedd4c58-5b60-4dd5-bdc2-b443ab951788</sln:gmIIPId><sln:gmIIPPn>PL.PZGIK.200</sln:gmIIPPn><sln:gmIIPWersja>2012-09-26T22:53:50+02:00</sln:gmIIPWersja><sln:gmIdTeryt>1417082</sln:gmIdTeryt><sln:gmNazwa>Wiązowna</sln:gmNazwa><sln:miejscIIPId>153e698d-9a0e-4d45-b364-2333c5f82fc6</sln:miejscIIPId><sln:miejscIIPPn>PL.PZGIK.200</sln:miejscIIPPn><sln:miejscIIPWersja>2016-11-24T08:29:26+02:00</sln:miejscIIPWersja><sln:miejscIdTeryt>0010033</sln:miejscIdTeryt><sln:miejscNazwa>Majdan</sln:miejscNazwa><sln:miejscRodzaj>Inny obiekt</sln:miejscRodzaj><sln:powIIPId>4670c0b0-9225-450f-a0c2-8ff56cbe3b08</sln:powIIPId><sln:powIIPPn>PL.PZGIK.200</sln:powIIPPn><sln:powIIPWersja>2012-09-27T08:13:53+02:00</sln:powIIPWersja><sln:powIdTeryt>1417</sln:powIdTeryt><sln:powNazwa>otwocki</sln:powNazwa><sln:waznyOd>2012-05-15T00:00:00+02:00</sln:waznyOd><sln:wojIIPId>4b6c492a-eb04-441d-a92a-f44359c06de7</sln:wojIIPId><sln:wojIIPPn>PL.PZGIK.200</sln:wojIIPPn><sln:wojIIPWersja>2012-09-27T13:45:13+02:00</sln:wojIIPWersja><sln:wojIdTeryt>14</sln:wojIdTeryt><sln:wojNazwa>mazowieckie</sln:wojNazwa></sln:miejscowosc><sln:miejscowosc><sln:cyklZyciaDo>2017-03-20T00:00:00+01:00</sln:cyklZyciaDo><sln:cyklZyciaOd>2015-03-02T00:00:00+01:00</sln:cyklZyciaOd><sln:gmIIPId>eedd4c58-5b60-4dd5-bdc2-b443ab951788</sln:gmIIPId><sln:gmIIPPn>PL.PZGIK.200</sln:gmIIPPn><sln:gmIIPWersja>2012-09-26T22:53:50+02:00</sln:gmIIPWersja><sln:gmIdTeryt>1417082</sln:gmIdTeryt><sln:gmNazwa>Wiązowna</sln:gmNazwa><sln:miejscIIPId>5d4e8748-aeb9-4b50-aa56-045b02116071</sln:miejscIIPId><sln:miejscIIPPn>PL.PZGIK.200</sln:miejscIIPPn><sln:miejscIIPWersja>2016-11-24T08:29:26+02:00</sln:miejscIIPWersja><sln:miejscIdTeryt>0010056</sln:miejscIdTeryt><sln:miejscNazwa>Malcanów</sln:miejscNazwa><sln:miejscRodzaj>Inny obiekt</sln:miejscRodzaj><sln:powIIPId>4670c0b0-9225-450f-a0c2-8ff56cbe3b08</sln:powIIPId><sln:powIIPPn>PL.PZGIK.200</sln:powIIPPn><sln:powIIPWersja>2012-09-27T08:13:53+02:00</sln:powIIPWersja><sln:powIdTeryt>1417</sln:powIdTeryt><sln:powNazwa>otwocki</sln:powNazwa><sln:waznyOd>2012-05-15T00:00:00+02:00</sln:waznyOd><sln:wojIIPId>4b6c492a-eb04-441d-a92a-f44359c06de7</sln:wojIIPId><sln:wojIIPPn>PL.PZGIK.200</sln:wojIIPPn><sln:wojIIPWersja>2012-09-27T13:45:13+02:00</sln:wojIIPWersja><sln:wojIdTeryt>14</sln:wojIdTeryt><sln:wojNazwa>mazowieckie</sln:wojNazwa></sln:miejscowosc><sln:miejscowosc><sln:cyklZyciaDo>2017-03-20T00:00:00+01:00</sln:cyklZyciaDo><sln:cyklZyciaOd>2015-03-02T00:00:00+01:00</sln:cyklZyciaOd><sln:gmIIPId>eedd4c58-5b60-4dd5-bdc2-b443ab951788</sln:gmIIPId><sln:gmIIPPn>PL.PZGIK.200</sln:gmIIPPn><sln:gmIIPWersja>2012-09-26T22:53:50+02:00</sln:gmIIPWersja><sln:gmIdTeryt>1417082</sln:gmIdTeryt><sln:gmNazwa>Wiązowna</sln:gmNazwa><sln:miejscIIPId>0ec6046c-49ad-4246-87c7-740356b70e98</sln:miejscIIPId><sln:miejscIIPPn>PL.PZGIK.200</sln:miejscIIPPn><sln:miejscIIPWersja>2016-11-24T08:29:26+02:00</sln:miejscIIPWersja><sln:miejscIdTeryt>0010062</sln:miejscIdTeryt><sln:miejscNazwa>Michałówek</sln:miejscNazwa><sln:miejscRodzaj>Inny obiekt</sln:miejscRodzaj><sln:powIIPId>4670c0b0-9225-450f-a0c2-8ff56cbe3b08</sln:powIIPId><sln:powIIPPn>PL.PZGIK.200</sln:powIIPPn><sln:powIIPWersja>2012-09-27T08:13:53+02:00</sln:powIIPWersja><sln:powIdTeryt>1417</sln:powIdTeryt><sln:powNazwa>otwocki</sln:powNazwa><sln:waznyOd>2012-05-15T00:00:00+02:00</sln:waznyOd><sln:wojIIPId>4b6c492a-eb04-441d-a92a-f44359c06de7</sln:wojIIPId><sln:wojIIPPn>PL.PZGIK.200</sln:wojIIPPn><sln:wojIIPWersja>2012-09-27T13:45:13+02:00</sln:wojIIPWersja><sln:wojIdTeryt>14</sln:wojIdTeryt><sln:wojNazwa>mazowieckie</sln:wojNazwa></sln:miejscowosc><sln:miejscowosc><sln:cyklZyciaDo>2017-03-20T00:00:00+01:00</sln:cyklZyciaDo><sln:cyklZyciaOd>2015-03-02T00:00:00+01:00</sln:cyklZyciaOd><sln:gmIIPId>eedd4c58-5b60-4dd5-bdc2-b443ab951788</sln:gmIIPId><sln:gmIIPPn>PL.PZGIK.200</sln:gmIIPPn><sln:gmIIPWersja>2012-09-26T22:53:50+02:00</sln:gmIIPWersja><sln:gmIdTeryt>1417082</sln:gmIdTeryt><sln:gmNazwa>Wiązowna</sln:gmNazwa><sln:miejscIIPId>ffd7c8fe-2da6-4f88-84d8-62eda43caab6</sln:miejscIIPId><sln:miejscIIPPn>PL.PZGIK.200</sln:miejscIIPPn><sln:miejscIIPWersja>2016-11-24T08:29:26+02:00</sln:miejscIIPWersja><sln:miejscIdTeryt>0010079</sln:miejscIdTeryt><sln:miejscNazwa>Pęclin</sln:miejscNazwa><sln:miejscRodzaj>Inny obiekt</sln:miejscRodzaj><sln:powIIPId>4670c0b0-9225-450f-a0c2-8ff56cbe3b08</sln:powIIPId><sln:powIIPPn>PL.PZGIK.200</sln:powIIPPn><sln:powIIPWersja>2012-09-27T08:13:53+02:00</sln:powIIPWersja><sln:powIdTeryt>1417</sln:powIdTeryt><sln:powNazwa>otwocki</sln:powNazwa><sln:waznyOd>2012-05-15T00:00:00+02:00</sln:waznyOd><sln:wojIIPId>4b6c492a-eb04-441d-a92a-f44359c06de7</sln:wojIIPId><sln:wojIIPPn>PL.PZGIK.200</sln:wojIIPPn><sln:wojIIPWersja>2012-09-27T13:45:13+02:00</sln:wojIIPWersja><sln:wojIdTeryt>14</sln:wojIdTeryt><sln:wojNazwa>mazowieckie</sln:wojNazwa></sln:miejscowosc><sln:miejscowosc><sln:cyklZyciaDo>2017-03-20T00:00:00+01:00</sln:cyklZyciaDo><sln:cyklZyciaOd>2015-03-02T00:00:00+01:00</sln:cyklZyciaOd><sln:gmIIPId>eedd4c58-5b60-4dd5-bdc2-b443ab951788</sln:gmIIPId><sln:gmIIPPn>PL.PZGIK.200</sln:gmIIPPn><sln:gmIIPWersja>2012-09-26T22:53:50+02:00</sln:gmIIPWersja><sln:gmIdTeryt>1417082</sln:gmIdTeryt><sln:gmNazwa>Wiązowna</sln:gmNazwa><sln:miejscIIPId>24166b22-4687-4eb2-94c7-769e26a89a60</sln:miejscIIPId><sln:miejscIIPPn>PL.PZGIK.200</sln:miejscIIPPn><sln:miejscIIPWersja>2016-11-24T08:29:26+02:00</sln:miejscIIPWersja><sln:miejscIdTeryt>0010085</sln:miejscIdTeryt><sln:miejscNazwa>Poręby</sln:miejscNazwa><sln:miejscRodzaj>Inny obiekt</sln:miejscRodzaj><sln:powIIPId>4670c0b0-9225-450f-a0c2-8ff56cbe3b08</sln:powIIPId><sln:powIIPPn>PL.PZGIK.200</sln:powIIPPn><sln:powIIPWersja>2012-09-27T08:13:53+02:00</sln:powIIPWersja><sln:powIdTeryt>1417</sln:powIdTeryt><sln:powNazwa>otwocki</sln:powNazwa><sln:waznyOd>2012-05-15T00:00:00+02:00</sln:waznyOd><sln:wojIIPId>4b6c492a-eb04-441d-a92a-f44359c06de7</sln:wojIIPId><sln:wojIIPPn>PL.PZGIK.200</sln:wojIIPPn><sln:wojIIPWersja>2012-09-27T13:45:13+02:00</sln:wojIIPWersja><sln:wojIdTeryt>14</sln:wojIdTeryt><sln:wojNazwa>mazowieckie</sln:wojNazwa></sln:miejscowosc><sln:miejscowosc><sln:cyklZyciaDo>2017-03-20T00:00:00+01:00</sln:cyklZyciaDo><sln:cyklZyciaOd>2015-03-02T00:00:00+01:00</sln:cyklZyciaOd><sln:gmIIPId>eedd4c58-5b60-4dd5-bdc2-b443ab951788</sln:gmIIPId><sln:gmIIPPn>PL.PZGIK.200</sln:gmIIPPn><sln:gmIIPWersja>2012-09-26T22:53:50+02:00</sln:gmIIPWersja><sln:gmIdTeryt>1417082</sln:gmIdTeryt><sln:gmNazwa>Wiązowna</sln:gmNazwa><sln:miejscIIPId>9a988c1b-3b63-4919-b815-afa7b99df1f9</sln:miejscIIPId><sln:miejscIIPPn>PL.PZGIK.200</sln:miejscIIPPn><sln:miejscIIPWersja>2016-11-24T08:29:25+02:00</sln:miejscIIPWersja><sln:miejscIdTeryt>0009952</sln:miejscIdTeryt><sln:miejscNazwa>Radiówek</sln:miejscNazwa><sln:miejscRodzaj>Inny obiekt</sln:miejscRodzaj><sln:powIIPId>4670c0b0-9225-450f-a0c2-8ff56cbe3b08</sln:powIIPId><sln:powIIPPn>PL.PZGIK.200</sln:powIIPPn><sln:powIIPWersja>2012-09-27T08:13:53+02:00</sln:powIIPWersja><sln:powIdTeryt>1417</sln:powIdTeryt><sln:powNazwa>otwocki</sln:powNazwa><sln:waznyOd>2013-04-03T00:00:00+02:00</sln:waznyOd><sln:wojIIPId>4b6c492a-eb04-441d-a92a-f44359c06de7</sln:wojIIPId><sln:wojIIPPn>PL.PZGIK.200</sln:wojIIPPn><sln:wojIIPWersja>2012-09-27T13:45:13+02:00</sln:wojIIPWersja><sln:wojIdTeryt>14</sln:wojIdTeryt><sln:wojNazwa>mazowieckie</sln:wojNazwa></sln:miejscowosc><sln:miejscowosc><sln:cyklZyciaDo>2017-03-20T00:00:00+01:00</sln:cyklZyciaDo><sln:cyklZyciaOd>2015-03-02T00:00:00+01:00</sln:cyklZyciaOd><sln:gmIIPId>eedd4c58-5b60-4dd5-bdc2-b443ab951788</sln:gmIIPId><sln:gmIIPPn>PL.PZGIK.200</sln:gmIIPPn><sln:gmIIPWersja>2012-09-26T22:53:50+02:00</sln:gmIIPWersja><sln:gmIdTeryt>1417082</sln:gmIdTeryt><sln:gmNazwa>Wiązowna</sln:gmNazwa><sln:miejscIIPId>a7888c6c-06c4-44b4-8bc3-71cf8eca5637</sln:miejscIIPId><sln:miejscIIPPn>PL.PZGIK.200</sln:miejscIIPPn><sln:miejscIIPWersja>2016-11-24T08:29:26+02:00</sln:miejscIIPWersja><sln:miejscIdTeryt>0010180</sln:miejscIdTeryt><sln:miejscNazwa>Rudka</sln:miejscNazwa><sln:miejscRodzaj>Inny obiekt</sln:miejscRodzaj><sln:powIIPId>4670c0b0-9225-450f-a0c2-8ff56cbe3b08</sln:powIIPId><sln:powIIPPn>PL.PZGIK.200</sln:powIIPPn><sln:powIIPWersja>2012-09-27T08:13:53+02:00</sln:powIIPWersja><sln:powIdTeryt>1417</sln:powIdTeryt><sln:powNazwa>otwocki</sln:powNazwa><sln:waznyOd>2012-05-15T00:00:00+02:00</sln:waznyOd><sln:wojIIPId>4b6c492a-eb04-441d-a92a-f44359c06de7</sln:wojIIPId><sln:wojIIPPn>PL.PZGIK.200</sln:wojIIPPn><sln:wojIIPWersja>2012-09-27T13:45:13+02:00</sln:wojIIPWersja><sln:wojIdTeryt>14</sln:wojIdTeryt><sln:wojNazwa>mazowieckie</sln:wojNazwa></sln:miejscowosc><sln:miejscowosc><sln:cyklZyciaDo>2017-03-20T00:00:00+01:00</sln:cyklZyciaDo><sln:cyklZyciaOd>2015-03-02T00:00:00+01:00</sln:cyklZyciaOd><sln:gmIIPId>eedd4c58-5b60-4dd5-bdc2-b443ab951788</sln:gmIIPId><sln:gmIIPPn>PL.PZGIK.200</sln:gmIIPPn><sln:gmIIPWersja>2012-09-26T22:53:50+02:00</sln:gmIIPWersja><sln:gmIdTeryt>1417082</sln:gmIdTeryt><sln:gmNazwa>Wiązowna</sln:gmNazwa><sln:miejscIIPId>e34b351b-2a7a-4618-9962-419e74dc0b84</sln:miejscIIPId><sln:miejscIIPPn>PL.PZGIK.200</sln:miejscIIPPn><sln:miejscIIPWersja>2016-11-24T08:29:26+02:00</sln:miejscIIPWersja><sln:miejscIdTeryt>0010091</sln:miejscIdTeryt><sln:miejscNazwa>Rzakta</sln:miejscNazwa><sln:miejscRodzaj>Inny obiekt</sln:miejscRodzaj><sln:powIIPId>4670c0b0-9225-450f-a0c2-8ff56cbe3b08</sln:powIIPId><sln:powIIPPn>PL.PZGIK.200</sln:powIIPPn><sln:powIIPWersja>2012-09-27T08:13:53+02:00</sln:powIIPWersja><sln:powIdTeryt>1417</sln:powIdTeryt><sln:powNazwa>otwocki</sln:powNazwa><sln:waznyOd>2012-05-15T00:00:00+02:00</sln:waznyOd><sln:wojIIPId>4b6c492a-eb04-441d-a92a-f44359c06de7</sln:wojIIPId><sln:wojIIPPn>PL.PZGIK.200</sln:wojIIPPn><sln:wojIIPWersja>2012-09-27T13:45:13+02:00</sln:wojIIPWersja><sln:wojIdTeryt>14</sln:wojIdTeryt><sln:wojNazwa>mazowieckie</sln:wojNazwa></sln:miejscowosc><sln:miejscowosc><sln:cyklZyciaDo>2017-03-20T00:00:00+01:00</sln:cyklZyciaDo><sln:cyklZyciaOd>2015-03-02T00:00:00+01:00</sln:cyklZyciaOd><sln:gmIIPId>eedd4c58-5b60-4dd5-bdc2-b443ab951788</sln:gmIIPId><sln:gmIIPPn>PL.PZGIK.200</sln:gmIIPPn><sln:gmIIPWersja>2012-09-26T22:53:50+02:00</sln:gmIIPWersja><sln:gmIdTeryt>1417082</sln:gmIdTeryt><sln:gmNazwa>Wiązowna</sln:gmNazwa><sln:miejscIIPId>b6c7ba68-0e16-46bb-93e4-e152f4c79a35</sln:miejscIIPId><sln:miejscIIPPn>PL.PZGIK.200</sln:miejscIIPPn><sln:miejscIIPWersja>2016-11-24T08:29:25+02:00</sln:miejscIIPWersja><sln:miejscIdTeryt>0009892</sln:miejscIdTeryt><sln:miejscNazwa>Stefanówka</sln:miejscNazwa><sln:miejscRodzaj>Inny obiekt</sln:miejscRodzaj><sln:powIIPId>4670c0b0-9225-450f-a0c2-8ff56cbe3b08</sln:powIIPId><sln:powIIPPn>PL.PZGIK.200</sln:powIIPPn><sln:powIIPWersja>2012-09-27T08:13:53+02:00</sln:powIIPWersja><sln:powIdTeryt>1417</sln:powIdTeryt><sln:powNazwa>otwocki</sln:powNazwa><sln:waznyOd>2012-05-15T00:00:00+02:00</sln:waznyOd><sln:wojIIPId>4b6c492a-eb04-441d-a92a-f44359c06de7</sln:wojIIPId><sln:wojIIPPn>PL.PZGIK.200</sln:wojIIPPn><sln:wojIIPWersja>2012-09-27T13:45:13+02:00</sln:wojIIPWersja><sln:wojIdTeryt>14</sln:wojIdTeryt><sln:wojNazwa>mazowieckie</sln:wojNazwa></sln:miejscowosc><sln:miejscowosc><sln:cyklZyciaDo>2017-03-20T00:00:00+01:00</sln:cyklZyciaDo><sln:cyklZyciaOd>2015-03-02T00:00:00+01:00</sln:cyklZyciaOd><sln:gmIIPId>eedd4c58-5b60-4dd5-bdc2-b443ab951788</sln:gmIIPId><sln:gmIIPPn>PL.PZGIK.200</sln:gmIIPPn><sln:gmIIPWersja>2012-09-26T22:53:50+02:00</sln:gmIIPWersja><sln:gmIdTeryt>1417082</sln:gmIdTeryt><sln:gmNazwa>Wiązowna</sln:gmNazwa><sln:miejscIIPId>7b489ddf-32ac-42b7-80cf-03379d4a80a0</sln:miejscIIPId><sln:miejscIIPPn>PL.PZGIK.200</sln:miejscIIPPn><sln:miejscIIPWersja>2016-11-24T08:29:26+02:00</sln:miejscIIPWersja><sln:miejscIdTeryt>0010100</sln:miejscIdTeryt><sln:miejscNazwa>Wiązowna</sln:miejscNazwa><sln:miejscRodzaj>Inny obiekt</sln:miejscRodzaj><sln:powIIPId>4670c0b0-9225-450f-a0c2-8ff56cbe3b08</sln:powIIPId><sln:powIIPPn>PL.PZGIK.200</sln:powIIPPn><sln:powIIPWersja>2012-09-27T08:13:53+02:00</sln:powIIPWersja><sln:powIdTeryt>1417</sln:powIdTeryt><sln:powNazwa>otwocki</sln:powNazwa><sln:waznyOd>2012-05-15T00:00:00+02:00</sln:waznyOd><sln:wojIIPId>4b6c492a-eb04-441d-a92a-f44359c06de7</sln:wojIIPId><sln:wojIIPPn>PL.PZGIK.200</sln:wojIIPPn><sln:wojIIPWersja>2012-09-27T13:45:13+02:00</sln:wojIIPWersja><sln:wojIdTeryt>14</sln:wojIdTeryt><sln:wojNazwa>mazowieckie</sln:wojNazwa></sln:miejscowosc><sln:miejscowosc><sln:cyklZyciaDo>2017-03-20T00:00:00+01:00</sln:cyklZyciaDo><sln:cyklZyciaOd>2015-03-02T00:00:00+01:00</sln:cyklZyciaOd><sln:gmIIPId>eedd4c58-5b60-4dd5-bdc2-b443ab951788</sln:gmIIPId><sln:gmIIPPn>PL.PZGIK.200</sln:gmIIPPn><sln:gmIIPWersja>2012-09-26T22:53:50+02:00</sln:gmIIPWersja><sln:gmIdTeryt>1417082</sln:gmIdTeryt><sln:gmNazwa>Wiązowna</sln:gmNazwa><sln:miejscIIPId>d6528c69-280b-479e-8ebf-1510770d1c09</sln:miejscIIPId><sln:miejscIIPPn>PL.PZGIK.200</sln:miejscIIPPn><sln:miejscIIPWersja>2016-11-24T08:29:26+02:00</sln:miejscIIPWersja><sln:miejscIdTeryt>0010139</sln:miejscIdTeryt><sln:miejscNazwa>Wola Ducka</sln:miejscNazwa><sln:miejscRodzaj>Inny obiekt</sln:miejscRodzaj><sln:powIIPId>4670c0b0-9225-450f-a0c2-8ff56cbe3b08</sln:powIIPId><sln:powIIPPn>PL.PZGIK.200</sln:powIIPPn><sln:powIIPWersja>2012-09-27T08:13:53+02:00</sln:powIIPWersja><sln:powIdTeryt>1417</sln:powIdTeryt><sln:powNazwa>otwocki</sln:powNazwa><sln:waznyOd>2012-05-15T00:00:00+02:00</sln:waznyOd><sln:wojIIPId>4b6c492a-eb04-441d-a92a-f44359c06de7</sln:wojIIPId><sln:wojIIPPn>PL.PZGIK.200</sln:wojIIPPn><sln:wojIIPWersja>2012-09-27T13:45:13+02:00</sln:wojIIPWersja><sln:wojIdTeryt>14</sln:wojIdTeryt><sln:wojNazwa>mazowieckie</sln:wojNazwa></sln:miejscowosc><sln:miejscowosc><sln:cyklZyciaDo>2017-03-20T00:00:00+01:00</sln:cyklZyciaDo><sln:cyklZyciaOd>2015-03-02T00:00:00+01:00</sln:cyklZyciaOd><sln:gmIIPId>eedd4c58-5b60-4dd5-bdc2-b443ab951788</sln:gmIIPId><sln:gmIIPPn>PL.PZGIK.200</sln:gmIIPPn><sln:gmIIPWersja>2012-09-26T22:53:50+02:00</sln:gmIIPWersja><sln:gmIdTeryt>1417082</sln:gmIdTeryt><sln:gmNazwa>Wiązowna</sln:gmNazwa><sln:miejscIIPId>725ad41c-f232-41c0-bb74-1c2ca5659b04</sln:miejscIIPId><sln:miejscIIPPn>PL.PZGIK.200</sln:miejscIIPPn><sln:miejscIIPWersja>2016-11-24T08:29:26+02:00</sln:miejscIIPWersja><sln:miejscIdTeryt>0010145</sln:miejscIdTeryt><sln:miejscNazwa>Wola Karczewska</sln:miejscNazwa><sln:miejscRodzaj>Inny obiekt</sln:miejscRodzaj><sln:powIIPId>4670c0b0-9225-450f-a0c2-8ff56cbe3b08</sln:powIIPId><sln:powIIPPn>PL.PZGIK.200</sln:powIIPPn><sln:powIIPWersja>2012-09-27T08:13:53+02:00</sln:powIIPWersja><sln:powIdTeryt>1417</sln:powIdTeryt><sln:powNazwa>otwocki</sln:powNazwa><sln:waznyOd>2012-05-15T00:00:00+02:00</sln:waznyOd><sln:wojIIPId>4b6c492a-eb04-441d-a92a-f44359c06de7</sln:wojIIPId><sln:wojIIPPn>PL.PZGIK.200</sln:wojIIPPn><sln:wojIIPWersja>2012-09-27T13:45:13+02:00</sln:wojIIPWersja><sln:wojIdTeryt>14</sln:wojIdTeryt><sln:wojNazwa>mazowieckie</sln:wojNazwa></sln:miejscowosc><sln:miejscowosc><sln:cyklZyciaDo>2017-03-20T00:00:00+01:00</sln:cyklZyciaDo><sln:cyklZyciaOd>2015-03-02T00:00:00+01:00</sln:cyklZyciaOd><sln:gmIIPId>eedd4c58-5b60-4dd5-bdc2-b443ab951788</sln:gmIIPId><sln:gmIIPPn>PL.PZGIK.200</sln:gmIIPPn><sln:gmIIPWersja>2012-09-26T22:53:50+02:00</sln:gmIIPWersja><sln:gmIdTeryt>1417082</sln:gmIdTeryt><sln:gmNazwa>Wiązowna</sln:gmNazwa><sln:miejscIIPId>baeb1281-db54-426e-8e97-e52eeec93a29</sln:miejscIIPId><sln:miejscIIPPn>PL.PZGIK.200</sln:miejscIIPPn><sln:miejscIIPWersja>2016-11-24T08:29:26+02:00</sln:miejscIIPWersja><sln:miejscIdTeryt>0010040</sln:miejscIdTeryt><sln:miejscNazwa>Zagórze</sln:miejscNazwa><sln:miejscRodzaj>Inny obiekt</sln:miejscRodzaj><sln:powIIPId>4670c0b0-9225-450f-a0c2-8ff56cbe3b08</sln:powIIPId><sln:powIIPPn>PL.PZGIK.200</sln:powIIPPn><sln:powIIPWersja>2012-09-27T08:13:53+02:00</sln:powIIPWersja><sln:powIdTeryt>1417</sln:powIdTeryt><sln:powNazwa>otwocki</sln:powNazwa><sln:waznyOd>2012-05-15T00:00:00+02:00</sln:waznyOd><sln:wojIIPId>4b6c492a-eb04-441d-a92a-f44359c06de7</sln:wojIIPId><sln:wojIIPPn>PL.PZGIK.200</sln:wojIIPPn><sln:wojIIPWersja>2012-09-27T13:45:13+02:00</sln:wojIIPWersja><sln:wojIdTeryt>14</sln:wojIdTeryt><sln:wojNazwa>mazowieckie</sln:wojNazwa></sln:miejscowosc><sln:miejscowosc><sln:cyklZyciaDo>2017-03-20T00:00:00+01:00</sln:cyklZyciaDo><sln:cyklZyciaOd>2015-03-02T00:00:00+01:00</sln:cyklZyciaOd><sln:gmIIPId>eedd4c58-5b60-4dd5-bdc2-b443ab951788</sln:gmIIPId><sln:gmIIPPn>PL.PZGIK.200</sln:gmIIPPn><sln:gmIIPWersja>2012-09-26T22:53:50+02:00</sln:gmIIPWersja><sln:gmIdTeryt>1417082</sln:gmIdTeryt><sln:gmNazwa>Wiązowna</sln:gmNazwa><sln:miejscIIPId>b495ba77-faf2-4502-bf72-49194fbb8b11</sln:miejscIIPId><sln:miejscIIPPn>PL.PZGIK.200</sln:miejscIIPPn><sln:miejscIIPWersja>2016-11-24T08:29:26+02:00</sln:miejscIIPWersja><sln:miejscIdTeryt>0010151</sln:miejscIdTeryt><sln:miejscNazwa>Zakręt</sln:miejscNazwa><sln:miejscRodzaj>Inny obiekt</sln:miejscRodzaj><sln:powIIPId>4670c0b0-9225-450f-a0c2-8ff56cbe3b08</sln:powIIPId><sln:powIIPPn>PL.PZGIK.200</sln:powIIPPn><sln:powIIPWersja>2012-09-27T08:13:53+02:00</sln:powIIPWersja><sln:powIdTeryt>1417</sln:powIdTeryt><sln:powNazwa>otwocki</sln:powNazwa><sln:waznyOd>2012-05-15T00:00:00+02:00</sln:waznyOd><sln:wojIIPId>4b6c492a-eb04-441d-a92a-f44359c06de7</sln:wojIIPId><sln:wojIIPPn>PL.PZGIK.200</sln:wojIIPPn><sln:wojIIPWersja>2012-09-27T13:45:13+02:00</sln:wojIIPWersja><sln:wojIdTeryt>14</sln:wojIdTeryt><sln:wojNazwa>mazowieckie</sln:wojNazwa></sln:miejscowosc><sln:miejscowosc><sln:cyklZyciaDo>2017-03-20T00:00:00+01:00</sln:cyklZyciaDo><sln:cyklZyciaOd>2015-03-02T00:00:00+01:00</sln:cyklZyciaOd><sln:gmIIPId>eedd4c58-5b60-4dd5-bdc2-b443ab951788</sln:gmIIPId><sln:gmIIPPn>PL.PZGIK.200</sln:gmIIPPn><sln:gmIIPWersja>2012-09-26T22:53:50+02:00</sln:gmIIPWersja><sln:gmIdTeryt>1417082</sln:gmIdTeryt><sln:gmNazwa>Wiązowna</sln:gmNazwa><sln:miejscIIPId>6362fe92-2eb6-4e2f-9acb-e17f594d115a</sln:miejscIIPId><sln:miejscIIPPn>PL.PZGIK.200</sln:miejscIIPPn><sln:miejscIIPWersja>2016-11-24T08:29:26+02:00</sln:miejscIIPWersja><sln:miejscIdTeryt>0010174</sln:miejscIdTeryt><sln:miejscNazwa>Żanęcin</sln:miejscNazwa><sln:miejscRodzaj>Inny obiekt</sln:miejscRodzaj><sln:powIIPId>4670c0b0-9225-450f-a0c2-8ff56cbe3b08</sln:powIIPId><sln:powIIPPn>PL.PZGIK.200</sln:powIIPPn><sln:powIIPWersja>2012-09-27T08:13:53+02:00</sln:powIIPWersja><sln:powIdTeryt>1417</sln:powIdTeryt><sln:powNazwa>otwocki</sln:powNazwa><sln:waznyOd>2012-05-15T00:00:00+02:00</sln:waznyOd><sln:wojIIPId>4b6c492a-eb04-441d-a92a-f44359c06de7</sln:wojIIPId><sln:wojIIPPn>PL.PZGIK.200</sln:wojIIPPn><sln:wojIIPWersja>2012-09-27T13:45:13+02:00</sln:wojIIPWersja><sln:wojIdTeryt>14</sln:wojIdTeryt><sln:wojNazwa>mazowieckie</sln:wojNazwa></sln:miejscowosc><sln:miejscowosc><sln:cyklZyciaOd>2017-03-20T00:00:00+01:00</sln:cyklZyciaOd><sln:gmIIPId>eedd4c58-5b60-4dd5-bdc2-b443ab951788</sln:gmIIPId><sln:gmIIPPn>PL.PZGIK.200</sln:gmIIPPn><sln:gmIIPWersja>2012-09-26T22:53:50+02:00</sln:gmIIPWersja><sln:gmIdTeryt>1417082</sln:gmIdTeryt><sln:gmNazwa>Wiązowna</sln:gmNazwa><sln:miejscIIPId>d49237ad-9f8b-4432-b56d-8791b47489c0</sln:miejscIIPId><sln:miejscIIPPn>PL.PZGIK.200</sln:miejscIIPPn><sln:miejscIIPWersja>2017-03-20T15:44:10+02:00</sln:miejscIIPWersja><sln:miejscIdTeryt>0009870</sln:miejscIdTeryt><sln:miejscNazwa>Bolesławów</sln:miejscNazwa><sln:miejscRodzaj>Wieś</sln:miejscRodzaj><sln:powIIPId>4670c0b0-9225-450f-a0c2-8ff56cbe3b08</sln:powIIPId><sln:powIIPPn>PL.PZGIK.200</sln:powIIPPn><sln:powIIPWersja>2012-09-27T08:13:53+02:00</sln:powIIPWersja><sln:powIdTeryt>1417</sln:powIdTeryt><sln:powNazwa>otwocki</sln:powNazwa><sln:waznyOd>2012-05-15T00:00:00+02:00</sln:waznyOd><sln:wojIIPId>4b6c492a-eb04-441d-a92a-f44359c06de7</sln:wojIIPId><sln:wojIIPPn>PL.PZGIK.200</sln:wojIIPPn><sln:wojIIPWersja>2012-09-27T13:45:13+02:00</sln:wojIIPWersja><sln:wojIdTeryt>14</sln:wojIdTeryt><sln:wojNazwa>mazowieckie</sln:wojNazwa></sln:miejscowosc><sln:miejscowosc><sln:cyklZyciaOd>2017-03-20T00:00:00+01:00</sln:cyklZyciaOd><sln:gmIIPId>eedd4c58-5b60-4dd5-bdc2-b443ab951788</sln:gmIIPId><sln:gmIIPPn>PL.PZGIK.200</sln:gmIIPPn><sln:gmIIPWersja>2012-09-26T22:53:50+02:00</sln:gmIIPWersja><sln:gmIdTeryt>1417082</sln:gmIdTeryt><sln:gmNazwa>Wiązowna</sln:gmNazwa><sln:miejscIIPId>1e4813f9-0777-4638-bca9-f72fd7dd4025</sln:miejscIIPId><sln:miejscIIPPn>PL.PZGIK.200</sln:miejscIIPPn><sln:miejscIIPWersja>2017-03-20T15:44:16+02:00</sln:miejscIIPWersja><sln:miejscIdTeryt>0009886</sln:miejscIdTeryt><sln:miejscNazwa>Boryszew</sln:miejscNazwa><sln:miejscRodzaj>Wieś</sln:miejscRodzaj><sln:powIIPId>4670c0b0-9225-450f-a0c2-8ff56cbe3b08</sln:powIIPId><sln:powIIPPn>PL.PZGIK.200</sln:powIIPPn><sln:powIIPWersja>2012-09-27T08:13:53+02:00</sln:powIIPWersja><sln:powIdTeryt>1417</sln:powIdTeryt><sln:powNazwa>otwocki</sln:powNazwa><sln:waznyOd>2012-05-15T00:00:00+02:00</sln:waznyOd><sln:wojIIPId>4b6c492a-eb04-441d-a92a-f44359c06de7</sln:wojIIPId><sln:wojIIPPn>PL.PZGIK.200</sln:wojIIPPn><sln:wojIIPWersja>2012-09-27T13:45:13+02:00</sln:wojIIPWersja><sln:wojIdTeryt>14</sln:wojIdTeryt><sln:wojNazwa>mazowieckie</sln:wojNazwa></sln:miejscowosc><sln:miejscowosc><sln:cyklZyciaOd>2017-03-20T00:00:00+01:00</sln:cyklZyciaOd><sln:gmIIPId>eedd4c58-5b60-4dd5-bdc2-b443ab951788</sln:gmIIPId><sln:gmIIPPn>PL.PZGIK.200</sln:gmIIPPn><sln:gmIIPWersja>2012-09-26T22:53:50+02:00</sln:gmIIPWersja><sln:gmIdTeryt>1417082</sln:gmIdTeryt><sln:gmNazwa>Wiązowna</sln:gmNazwa><sln:miejscIIPId>b6c7ba68-0e16-46bb-93e4-e152f4c79a35</sln:miejscIIPId><sln:miejscIIPPn>PL.PZGIK.200</sln:miejscIIPPn><sln:miejscIIPWersja>2017-03-20T15:44:16+02:00</sln:miejscIIPWersja><sln:miejscIdTeryt>0009892</sln:miejscIdTeryt><sln:miejscNazwa>Stefanówka</sln:miejscNazwa><sln:miejscRodzaj>Wieś</sln:miejscRodzaj><sln:powIIPId>4670c0b0-9225-450f-a0c2-8ff56cbe3b08</sln:powIIPId><sln:powIIPPn>PL.PZGIK.200</sln:powIIPPn><sln:powIIPWersja>2012-09-27T08:13:53+02:00</sln:powIIPWersja><sln:powIdTeryt>1417</sln:powIdTeryt><sln:powNazwa>otwocki</sln:powNazwa><sln:waznyOd>2012-05-15T00:00:00+02:00</sln:waznyOd><sln:wojIIPId>4b6c492a-eb04-441d-a92a-f44359c06de7</sln:wojIIPId><sln:wojIIPPn>PL.PZGIK.200</sln:wojIIPPn><sln:wojIIPWersja>2012-09-27T13:45:13+02:00</sln:wojIIPWersja><sln:wojIdTeryt>14</sln:wojIdTeryt><sln:wojNazwa>mazowieckie</sln:wojNazwa></sln:miejscowosc><sln:miejscowosc><sln:cyklZyciaOd>2017-03-20T00:00:00+01:00</sln:cyklZyciaOd><sln:gmIIPId>eedd4c58-5b60-4dd5-bdc2-b443ab951788</sln:gmIIPId><sln:gmIIPPn>PL.PZGIK.200</sln:gmIIPPn><sln:gmIIPWersja>2012-09-26T22:53:50+02:00</sln:gmIIPWersja><sln:gmIdTeryt>1417082</sln:gmIdTeryt><sln:gmNazwa>Wiązowna</sln:gmNazwa><sln:miejscIIPId>cb02610f-1abe-4c84-abde-9b1c6648b93d</sln:miejscIIPId><sln:miejscIIPPn>PL.PZGIK.200</sln:miejscIIPPn><sln:miejscIIPWersja>2017-03-20T15:44:16+02:00</sln:miejscIIPWersja><sln:miejscIdTeryt>0009900</sln:miejscIdTeryt><sln:miejscNazwa>Czarnówka</sln:miejscNazwa><sln:miejscRodzaj>Wieś</sln:miejscRodzaj><sln:powIIPId>4670c0b0-9225-450f-a0c2-8ff56cbe3b08</sln:powIIPId><sln:powIIPPn>PL.PZGIK.200</sln:powIIPPn><sln:powIIPWersja>2012-09-27T08:13:53+02:00</sln:powIIPWersja><sln:powIdTeryt>1417</sln:powIdTeryt><sln:powNazwa>otwocki</sln:powNazwa><sln:waznyOd>2012-05-15T00:00:00+02:00</sln:waznyOd><sln:wojIIPId>4b6c492a-eb04-441d-a92a-f44359c06de7</sln:wojIIPId><sln:wojIIPPn>PL.PZGIK.200</sln:wojIIPPn><sln:wojIIPWersja>2012-09-27T13:45:13+02:00</sln:wojIIPWersja><sln:wojIdTeryt>14</sln:wojIdTeryt><sln:wojNazwa>mazowieckie</sln:wojNazwa></sln:miejscowosc><sln:miejscowosc><sln:cyklZyciaOd>2017-03-20T00:00:00+01:00</sln:cyklZyciaOd><sln:gmIIPId>eedd4c58-5b60-4dd5-bdc2-b443ab951788</sln:gmIIPId><sln:gmIIPPn>PL.PZGIK.200</sln:gmIIPPn><sln:gmIIPWersja>2012-09-26T22:53:50+02:00</sln:gmIIPWersja><sln:gmIdTeryt>1417082</sln:gmIdTeryt><sln:gmNazwa>Wiązowna</sln:gmNazwa><sln:miejscIIPId>88fd7bae-2857-4114-a034-5c93b04f7834</sln:miejscIIPId><sln:miejscIIPPn>PL.PZGIK.200</sln:miejscIIPPn><sln:miejscIIPWersja>2017-03-20T15:44:16+02:00</sln:miejscIIPWersja><sln:miejscIdTeryt>0009917</sln:miejscIdTeryt><sln:miejscNazwa>Duchnów</sln:miejscNazwa><sln:miejscRodzaj>Wieś</sln:miejscRodzaj><sln:powIIPId>4670c0b0-9225-450f-a0c2-8ff56cbe3b08</sln:powIIPId><sln:powIIPPn>PL.PZGIK.200</sln:powIIPPn><sln:powIIPWersja>2012-09-27T08:13:53+02:00</sln:powIIPWersja><sln:powIdTeryt>1417</sln:powIdTeryt><sln:powNazwa>otwocki</sln:powNazwa><sln:waznyOd>2012-05-15T00:00:00+02:00</sln:waznyOd><sln:wojIIPId>4b6c492a-eb04-441d-a92a-f44359c06de7</sln:wojIIPId><sln:wojIIPPn>PL.PZGIK.200</sln:wojIIPPn><sln:wojIIPWersja>2012-09-27T13:45:13+02:00</sln:wojIIPWersja><sln:wojIdTeryt>14</sln:wojIdTeryt><sln:wojNazwa>mazowieckie</sln:wojNazwa></sln:miejscowosc><sln:miejscowosc><sln:cyklZyciaOd>2017-03-20T00:00:00+01:00</sln:cyklZyciaOd><sln:gmIIPId>eedd4c58-5b60-4dd5-bdc2-b443ab951788</sln:gmIIPId><sln:gmIIPPn>PL.PZGIK.200</sln:gmIIPPn><sln:gmIIPWersja>2012-09-26T22:53:50+02:00</sln:gmIIPWersja><sln:gmIdTeryt>1417082</sln:gmIdTeryt><sln:gmNazwa>Wiązowna</sln:gmNazwa><sln:miejscIIPId>6932b121-ef65-4e7f-8703-f1c9f881779a</sln:miejscIIPId><sln:miejscIIPPn>PL.PZGIK.200</sln:miejscIIPPn><sln:miejscIIPWersja>2017-03-20T15:44:16+02:00</sln:miejscIIPWersja><sln:miejscIdTeryt>0009923</sln:miejscIdTeryt><sln:miejscNazwa>Dziechciniec</sln:miejscNazwa><sln:miejscRodzaj>Wieś</sln:miejscRodzaj><sln:powIIPId>4670c0b0-9225-450f-a0c2-8ff56cbe3b08</sln:powIIPId><sln:powIIPPn>PL.PZGIK.200</sln:powIIPPn><sln:powIIPWersja>2012-09-27T08:13:53+02:00</sln:powIIPWersja><sln:powIdTeryt>1417</sln:powIdTeryt><sln:powNazwa>otwocki</sln:powNazwa><sln:waznyOd>2012-05-15T00:00:00+02:00</sln:waznyOd><sln:wojIIPId>4b6c492a-eb04-441d-a92a-f44359c06de7</sln:wojIIPId><sln:wojIIPPn>PL.PZGIK.200</sln:wojIIPPn><sln:wojIIPWersja>2012-09-27T13:45:13+02:00</sln:wojIIPWersja><sln:wojIdTeryt>14</sln:wojIdTeryt><sln:wojNazwa>mazowieckie</sln:wojNazwa></sln:miejscowosc><sln:miejscowosc><sln:cyklZyciaOd>2017-03-20T00:00:00+01:00</sln:cyklZyciaOd><sln:gmIIPId>eedd4c58-5b60-4dd5-bdc2-b443ab951788</sln:gmIIPId><sln:gmIIPPn>PL.PZGIK.200</sln:gmIIPPn><sln:gmIIPWersja>2012-09-26T22:53:50+02:00</sln:gmIIPWersja><sln:gmIdTeryt>1417082</sln:gmIdTeryt><sln:gmNazwa>Wiązowna</sln:gmNazwa><sln:miejscIIPId>457aefe3-b102-4db8-b4fd-9128813187ee</sln:miejscIIPId><sln:miejscIIPPn>PL.PZGIK.200</sln:miejscIIPPn><sln:miejscIIPWersja>2017-03-20T15:44:16+02:00</sln:miejscIIPWersja><sln:miejscIdTeryt>0009930</sln:miejscIdTeryt><sln:miejscNazwa>Emów</sln:miejscNazwa><sln:miejscRodzaj>Wieś</sln:miejscRodzaj><sln:powIIPId>4670c0b0-9225-450f-a0c2-8ff56cbe3b08</sln:powIIPId><sln:powIIPPn>PL.PZGIK.200</sln:powIIPPn><sln:powIIPWersja>2012-09-27T08:13:53+02:00</sln:powIIPWersja><sln:powIdTeryt>1417</sln:powIdTeryt><sln:powNazwa>otwocki</sln:powNazwa><sln:waznyOd>2012-05-15T00:00:00+02:00</sln:waznyOd><sln:wojIIPId>4b6c492a-eb04-441d-a92a-f44359c06de7</sln:wojIIPId><sln:wojIIPPn>PL.PZGIK.200</sln:wojIIPPn><sln:wojIIPWersja>2012-09-27T13:45:13+02:00</sln:wojIIPWersja><sln:wojIdTeryt>14</sln:wojIdTeryt><sln:wojNazwa>mazowieckie</sln:wojNazwa></sln:miejscowosc><sln:miejscowosc><sln:cyklZyciaOd>2017-03-20T00:00:00+01:00</sln:cyklZyciaOd><sln:gmIIPId>eedd4c58-5b60-4dd5-bdc2-b443ab951788</sln:gmIIPId><sln:gmIIPPn>PL.PZGIK.200</sln:gmIIPPn><sln:gmIIPWersja>2012-09-26T22:53:50+02:00</sln:gmIIPWersja><sln:gmIdTeryt>1417082</sln:gmIdTeryt><sln:gmNazwa>Wiązowna</sln:gmNazwa><sln:miejscIIPId>9a988c1b-3b63-4919-b815-afa7b99df1f9</sln:miejscIIPId><sln:miejscIIPPn>PL.PZGIK.200</sln:miejscIIPPn><sln:miejscIIPWersja>2017-03-20T15:44:17+02:00</sln:miejscIIPWersja><sln:miejscIdTeryt>0009952</sln:miejscIdTeryt><sln:miejscNazwa>Radiówek</sln:miejscNazwa><sln:miejscRodzaj>Osada</sln:miejscRodzaj><sln:powIIPId>4670c0b0-9225-450f-a0c2-8ff56cbe3b08</sln:powIIPId><sln:powIIPPn>PL.PZGIK.200</sln:powIIPPn><sln:powIIPWersja>2012-09-27T08:13:53+02:00</sln:powIIPWersja><sln:powIdTeryt>1417</sln:powIdTeryt><sln:powNazwa>otwocki</sln:powNazwa><sln:waznyOd>2013-04-03T00:00:00+02:00</sln:waznyOd><sln:wojIIPId>4b6c492a-eb04-441d-a92a-f44359c06de7</sln:wojIIPId><sln:wojIIPPn>PL.PZGIK.200</sln:wojIIPPn><sln:wojIIPWersja>2012-09-27T13:45:13+02:00</sln:wojIIPWersja><sln:wojIdTeryt>14</sln:wojIdTeryt><sln:wojNazwa>mazowieckie</sln:wojNazwa></sln:miejscowosc><sln:miejscowosc><sln:cyklZyciaOd>2017-03-20T00:00:00+01:00</sln:cyklZyciaOd><sln:gmIIPId>eedd4c58-5b60-4dd5-bdc2-b443ab951788</sln:gmIIPId><sln:gmIIPPn>PL.PZGIK.200</sln:gmIIPPn><sln:gmIIPWersja>2012-09-26T22:53:50+02:00</sln:gmIIPWersja><sln:gmIdTeryt>1417082</sln:gmIdTeryt><sln:gmNazwa>Wiązowna</sln:gmNazwa><sln:miejscIIPId>158849a2-93c3-42a2-a236-a5dd9726eb78</sln:miejscIIPId><sln:miejscIIPPn>PL.PZGIK.200</sln:miejscIIPPn><sln:miejscIIPWersja>2017-03-20T15:44:17+02:00</sln:miejscIIPWersja><sln:miejscIdTeryt>0009969</sln:miejscIdTeryt><sln:miejscNazwa>Glinianka</sln:miejscNazwa><sln:miejscRodzaj>Wieś</sln:miejscRodzaj><sln:powIIPId>4670c0b0-9225-450f-a0c2-8ff56cbe3b08</sln:powIIPId><sln:powIIPPn>PL.PZGIK.200</sln:powIIPPn><sln:powIIPWersja>2012-09-27T08:13:53+02:00</sln:powIIPWersja><sln:powIdTeryt>1417</sln:powIdTeryt><sln:powNazwa>otwocki</sln:powNazwa><sln:waznyOd>2012-05-15T00:00:00+02:00</sln:waznyOd><sln:wojIIPId>4b6c492a-eb04-441d-a92a-f44359c06de7</sln:wojIIPId><sln:wojIIPPn>PL.PZGIK.200</sln:wojIIPPn><sln:wojIIPWersja>2012-09-27T13:45:13+02:00</sln:wojIIPWersja><sln:wojIdTeryt>14</sln:wojIdTeryt><sln:wojNazwa>mazowieckie</sln:wojNazwa></sln:miejscowosc><sln:miejscowosc><sln:cyklZyciaOd>2017-03-20T00:00:00+01:00</sln:cyklZyciaOd><sln:gmIIPId>eedd4c58-5b60-4dd5-bdc2-b443ab951788</sln:gmIIPId><sln:gmIIPPn>PL.PZGIK.200</sln:gmIIPPn><sln:gmIIPWersja>2012-09-26T22:53:50+02:00</sln:gmIIPWersja><sln:gmIdTeryt>1417082</sln:gmIdTeryt><sln:gmNazwa>Wiązowna</sln:gmNazwa><sln:miejscIIPId>6f0a652d-d5dd-4afa-9691-7eb1484b040f</sln:miejscIIPId><sln:miejscIIPPn>PL.PZGIK.200</sln:miejscIIPPn><sln:miejscIIPWersja>2017-03-20T15:44:17+02:00</sln:miejscIIPWersja><sln:miejscIdTeryt>0009975</sln:miejscIdTeryt><sln:miejscNazwa>Góraszka</sln:miejscNazwa><sln:miejscRodzaj>Wieś</sln:miejscRodzaj><sln:powIIPId>4670c0b0-9225-450f-a0c2-8ff56cbe3b08</sln:powIIPId><sln:powIIPPn>PL.PZGIK.200</sln:powIIPPn><sln:powIIPWersja>2012-09-27T08:13:53+02:00</sln:powIIPWersja><sln:powIdTeryt>1417</sln:powIdTeryt><sln:powNazwa>otwocki</sln:powNazwa><sln:waznyOd>2012-05-15T00:00:00+02:00</sln:waznyOd><sln:wojIIPId>4b6c492a-eb04-441d-a92a-f44359c06de7</sln:wojIIPId><sln:wojIIPPn>PL.PZGIK.200</sln:wojIIPPn><sln:wojIIPWersja>2012-09-27T13:45:13+02:00</sln:wojIIPWersja><sln:wojIdTeryt>14</sln:wojIdTeryt><sln:wojNazwa>mazowieckie</sln:wojNazwa></sln:miejscowosc><sln:miejscowosc><sln:cyklZyciaOd>2017-03-20T00:00:00+01:00</sln:cyklZyciaOd><sln:gmIIPId>eedd4c58-5b60-4dd5-bdc2-b443ab951788</sln:gmIIPId><sln:gmIIPPn>PL.PZGIK.200</sln:gmIIPPn><sln:gmIIPWersja>2012-09-26T22:53:50+02:00</sln:gmIIPWersja><sln:gmIdTeryt>1417082</sln:gmIdTeryt><sln:gmNazwa>Wiązowna</sln:gmNazwa><sln:miejscIIPId>255b11af-fc21-489d-a923-5a30837f2974</sln:miejscIIPId><sln:miejscIIPPn>PL.PZGIK.200</sln:miejscIIPPn><sln:miejscIIPWersja>2017-03-20T15:44:17+02:00</sln:miejscIIPWersja><sln:miejscIdTeryt>0009981</sln:miejscIdTeryt><sln:miejscNazwa>Izabela</sln:miejscNazwa><sln:miejscRodzaj>Wieś</sln:miejscRodzaj><sln:powIIPId>4670c0b0-9225-450f-a0c2-8ff56cbe3b08</sln:powIIPId><sln:powIIPPn>PL.PZGIK.200</sln:powIIPPn><sln:powIIPWersja>2012-09-27T08:13:53+02:00</sln:powIIPWersja><sln:powIdTeryt>1417</sln:powIdTeryt><sln:powNazwa>otwocki</sln:powNazwa><sln:waznyOd>2012-05-15T00:00:00+02:00</sln:waznyOd><sln:wojIIPId>4b6c492a-eb04-441d-a92a-f44359c06de7</sln:wojIIPId><sln:wojIIPPn>PL.PZGIK.200</sln:wojIIPPn><sln:wojIIPWersja>2012-09-27T13:45:13+02:00</sln:wojIIPWersja><sln:wojIdTeryt>14</sln:wojIdTeryt><sln:wojNazwa>mazowieckie</sln:wojNazwa></sln:miejscowosc><sln:miejscowosc><sln:cyklZyciaOd>2017-03-20T00:00:00+01:00</sln:cyklZyciaOd><sln:gmIIPId>eedd4c58-5b60-4dd5-bdc2-b443ab951788</sln:gmIIPId><sln:gmIIPPn>PL.PZGIK.200</sln:gmIIPPn><sln:gmIIPWersja>2012-09-26T22:53:50+02:00</sln:gmIIPWersja><sln:gmIdTeryt>1417082</sln:gmIdTeryt><sln:gmNazwa>Wiązowna</sln:gmNazwa><sln:miejscIIPId>c91fccea-903c-43a9-9b44-1d25c0fc34cb</sln:miejscIIPId><sln:miejscIIPPn>PL.PZGIK.200</sln:miejscIIPPn><sln:miejscIIPWersja>2017-03-20T15:44:17+02:00</sln:miejscIIPWersja><sln:miejscIdTeryt>0009998</sln:miejscIdTeryt><sln:miejscNazwa>Kąck</sln:miejscNazwa><sln:miejscRodzaj>Wieś</sln:miejscRodzaj><sln:powIIPId>4670c0b0-9225-450f-a0c2-8ff56cbe3b08</sln:powIIPId><sln:powIIPPn>PL.PZGIK.200</sln:powIIPPn><sln:powIIPWersja>2012-09-27T08:13:53+02:00</sln:powIIPWersja><sln:powIdTeryt>1417</sln:powIdTeryt><sln:powNazwa>otwocki</sln:powNazwa><sln:waznyOd>2012-05-15T00:00:00+02:00</sln:waznyOd><sln:wojIIPId>4b6c492a-eb04-441d-a92a-f44359c06de7</sln:wojIIPId><sln:wojIIPPn>PL.PZGIK.200</sln:wojIIPPn><sln:wojIIPWersja>2012-09-27T13:45:13+02:00</sln:wojIIPWersja><sln:wojIdTeryt>14</sln:wojIdTeryt><sln:wojNazwa>mazowieckie</sln:wojNazwa></sln:miejscowosc><sln:miejscowosc><sln:cyklZyciaOd>2017-03-20T00:00:00+01:00</sln:cyklZyciaOd><sln:gmIIPId>eedd4c58-5b60-4dd5-bdc2-b443ab951788</sln:gmIIPId><sln:gmIIPPn>PL.PZGIK.200</sln:gmIIPPn><sln:gmIIPWersja>2012-09-26T22:53:50+02:00</sln:gmIIPWersja><sln:gmIdTeryt>1417082</sln:gmIdTeryt><sln:gmNazwa>Wiązowna</sln:gmNazwa><sln:miejscIIPId>c6cb9092-f662-4a43-a643-b0db33e4dd0a</sln:miejscIIPId><sln:miejscIIPPn>PL.PZGIK.200</sln:miejscIIPPn><sln:miejscIIPWersja>2017-03-20T15:44:17+02:00</sln:miejscIIPWersja><sln:miejscIdTeryt>0010004</sln:miejscIdTeryt><sln:miejscNazwa>Kopki</sln:miejscNazwa><sln:miejscRodzaj>Wieś</sln:miejscRodzaj><sln:powIIPId>4670c0b0-9225-450f-a0c2-8ff56cbe3b08</sln:powIIPId><sln:powIIPPn>PL.PZGIK.200</sln:powIIPPn><sln:powIIPWersja>2012-09-27T08:13:53+02:00</sln:powIIPWersja><sln:powIdTeryt>1417</sln:powIdTeryt><sln:powNazwa>otwocki</sln:powNazwa><sln:waznyOd>2012-05-15T00:00:00+02:00</sln:waznyOd><sln:wojIIPId>4b6c492a-eb04-441d-a92a-f44359c06de7</sln:wojIIPId><sln:wojIIPPn>PL.PZGIK.200</sln:wojIIPPn><sln:wojIIPWersja>2012-09-27T13:45:13+02:00</sln:wojIIPWersja><sln:wojIdTeryt>14</sln:wojIdTeryt><sln:wojNazwa>mazowieckie</sln:wojNazwa></sln:miejscowosc><sln:miejscowosc><sln:cyklZyciaOd>2017-03-20T00:00:00+01:00</sln:cyklZyciaOd><sln:gmIIPId>eedd4c58-5b60-4dd5-bdc2-b443ab951788</sln:gmIIPId><sln:gmIIPPn>PL.PZGIK.200</sln:gmIIPPn><sln:gmIIPWersja>2012-09-26T22:53:50+02:00</sln:gmIIPWersja><sln:gmIdTeryt>1417082</sln:gmIdTeryt><sln:gmNazwa>Wiązowna</sln:gmNazwa><sln:miejscIIPId>1c4bb472-ed06-419b-ad49-5514e229acae</sln:miejscIIPId><sln:miejscIIPPn>PL.PZGIK.200</sln:miejscIIPPn><sln:miejscIIPWersja>2017-03-20T15:44:17+02:00</sln:miejscIIPWersja><sln:miejscIdTeryt>0010010</sln:miejscIdTeryt><sln:miejscNazwa>Kruszówiec</sln:miejscNazwa><sln:miejscRodzaj>Wieś</sln:miejscRodzaj><sln:powIIPId>4670c0b0-9225-450f-a0c2-8ff56cbe3b08</sln:powIIPId><sln:powIIPPn>PL.PZGIK.200</sln:powIIPPn><sln:powIIPWersja>2012-09-27T08:13:53+02:00</sln:powIIPWersja><sln:powIdTeryt>1417</sln:powIdTeryt><sln:powNazwa>otwocki</sln:powNazwa><sln:waznyOd>2012-05-15T00:00:00+02:00</sln:waznyOd><sln:wojIIPId>4b6c492a-eb04-441d-a92a-f44359c06de7</sln:wojIIPId><sln:wojIIPPn>PL.PZGIK.200</sln:wojIIPPn><sln:wojIIPWersja>2012-09-27T13:45:13+02:00</sln:wojIIPWersja><sln:wojIdTeryt>14</sln:wojIdTeryt><sln:wojNazwa>mazowieckie</sln:wojNazwa></sln:miejscowosc><sln:miejscowosc><sln:cyklZyciaOd>2017-03-20T00:00:00+01:00</sln:cyklZyciaOd><sln:gmIIPId>eedd4c58-5b60-4dd5-bdc2-b443ab951788</sln:gmIIPId><sln:gmIIPPn>PL.PZGIK.200</sln:gmIIPPn><sln:gmIIPWersja>2012-09-26T22:53:50+02:00</sln:gmIIPWersja><sln:gmIdTeryt>1417082</sln:gmIdTeryt><sln:gmNazwa>Wiązowna</sln:gmNazwa><sln:miejscIIPId>b1c9dbc5-ffe4-4047-956d-ca082c4a0ebc</sln:miejscIIPId><sln:miejscIIPPn>PL.PZGIK.200</sln:miejscIIPPn><sln:miejscIIPWersja>2017-03-20T15:44:17+02:00</sln:miejscIIPWersja><sln:miejscIdTeryt>0010027</sln:miejscIdTeryt><sln:miejscNazwa>Lipowo</sln:miejscNazwa><sln:miejscRodzaj>Wieś</sln:miejscRodzaj><sln:powIIPId>4670c0b0-9225-450f-a0c2-8ff56cbe3b08</sln:powIIPId><sln:powIIPPn>PL.PZGIK.200</sln:powIIPPn><sln:powIIPWersja>2012-09-27T08:13:53+02:00</sln:powIIPWersja><sln:powIdTeryt>1417</sln:powIdTeryt><sln:powNazwa>otwocki</sln:powNazwa><sln:waznyOd>2012-05-15T00:00:00+02:00</sln:waznyOd><sln:wojIIPId>4b6c492a-eb04-441d-a92a-f44359c06de7</sln:wojIIPId><sln:wojIIPPn>PL.PZGIK.200</sln:wojIIPPn><sln:wojIIPWersja>2012-09-27T13:45:13+02:00</sln:wojIIPWersja><sln:wojIdTeryt>14</sln:wojIdTeryt><sln:wojNazwa>mazowieckie</sln:wojNazwa></sln:miejscowosc><sln:miejscowosc><sln:cyklZyciaOd>2017-03-20T00:00:00+01:00</sln:cyklZyciaOd><sln:gmIIPId>eedd4c58-5b60-4dd5-bdc2-b443ab951788</sln:gmIIPId><sln:gmIIPPn>PL.PZGIK.200</sln:gmIIPPn><sln:gmIIPWersja>2012-09-26T22:53:50+02:00</sln:gmIIPWersja><sln:gmIdTeryt>1417082</sln:gmIdTeryt><sln:gmNazwa>Wiązowna</sln:gmNazwa><sln:miejscIIPId>153e698d-9a0e-4d45-b364-2333c5f82fc6</sln:miejscIIPId><sln:miejscIIPPn>PL.PZGIK.200</sln:miejscIIPPn><sln:miejscIIPWersja>2017-03-20T15:44:17+02:00</sln:miejscIIPWersja><sln:miejscIdTeryt>0010033</sln:miejscIdTeryt><sln:miejscNazwa>Majdan</sln:miejscNazwa><sln:miejscRodzaj>Wieś</sln:miejscRodzaj><sln:powIIPId>4670c0b0-9225-450f-a0c2-8ff56cbe3b08</sln:powIIPId><sln:powIIPPn>PL.PZGIK.200</sln:powIIPPn><sln:powIIPWersja>2012-09-27T08:13:53+02:00</sln:powIIPWersja><sln:powIdTeryt>1417</sln:powIdTeryt><sln:powNazwa>otwocki</sln:powNazwa><sln:waznyOd>2012-05-15T00:00:00+02:00</sln:waznyOd><sln:wojIIPId>4b6c492a-eb04-441d-a92a-f44359c06de7</sln:wojIIPId><sln:wojIIPPn>PL.PZGIK.200</sln:wojIIPPn><sln:wojIIPWersja>2012-09-27T13:45:13+02:00</sln:wojIIPWersja><sln:wojIdTeryt>14</sln:wojIdTeryt><sln:wojNazwa>mazowieckie</sln:wojNazwa></sln:miejscowosc><sln:miejscowosc><sln:cyklZyciaOd>2017-03-20T00:00:00+01:00</sln:cyklZyciaOd><sln:gmIIPId>eedd4c58-5b60-4dd5-bdc2-b443ab951788</sln:gmIIPId><sln:gmIIPPn>PL.PZGIK.200</sln:gmIIPPn><sln:gmIIPWersja>2012-09-26T22:53:50+02:00</sln:gmIIPWersja><sln:gmIdTeryt>1417082</sln:gmIdTeryt><sln:gmNazwa>Wiązowna</sln:gmNazwa><sln:miejscIIPId>baeb1281-db54-426e-8e97-e52eeec93a29</sln:miejscIIPId><sln:miejscIIPPn>PL.PZGIK.200</sln:miejscIIPPn><sln:miejscIIPWersja>2017-03-20T15:44:17+02:00</sln:miejscIIPWersja><sln:miejscIdTeryt>0010040</sln:miejscIdTeryt><sln:miejscNazwa>Zagórze</sln:miejscNazwa><sln:miejscRodzaj>Osada</sln:miejscRodzaj><sln:powIIPId>4670c0b0-9225-450f-a0c2-8ff56cbe3b08</sln:powIIPId><sln:powIIPPn>PL.PZGIK.200</sln:powIIPPn><sln:powIIPWersja>2012-09-27T08:13:53+02:00</sln:powIIPWersja><sln:powIdTeryt>1417</sln:powIdTeryt><sln:powNazwa>otwocki</sln:powNazwa><sln:waznyOd>2012-05-15T00:00:00+02:00</sln:waznyOd><sln:wojIIPId>4b6c492a-eb04-441d-a92a-f44359c06de7</sln:wojIIPId><sln:wojIIPPn>PL.PZGIK.200</sln:wojIIPPn><sln:wojIIPWersja>2012-09-27T13:45:13+02:00</sln:wojIIPWersja><sln:wojIdTeryt>14</sln:wojIdTeryt><sln:wojNazwa>mazowieckie</sln:wojNazwa></sln:miejscowosc><sln:miejscowosc><sln:cyklZyciaOd>2017-03-20T00:00:00+01:00</sln:cyklZyciaOd><sln:gmIIPId>eedd4c58-5b60-4dd5-bdc2-b443ab951788</sln:gmIIPId><sln:gmIIPPn>PL.PZGIK.200</sln:gmIIPPn><sln:gmIIPWersja>2012-09-26T22:53:50+02:00</sln:gmIIPWersja><sln:gmIdTeryt>1417082</sln:gmIdTeryt><sln:gmNazwa>Wiązowna</sln:gmNazwa><sln:miejscIIPId>5d4e8748-aeb9-4b50-aa56-045b02116071</sln:miejscIIPId><sln:miejscIIPPn>PL.PZGIK.200</sln:miejscIIPPn><sln:miejscIIPWersja>2017-03-20T15:44:17+02:00</sln:miejscIIPWersja><sln:miejscIdTeryt>0010056</sln:miejscIdTeryt><sln:miejscNazwa>Malcanów</sln:miejscNazwa><sln:miejscRodzaj>Wieś</sln:miejscRodzaj><sln:powIIPId>4670c0b0-9225-450f-a0c2-8ff56cbe3b08</sln:powIIPId><sln:powIIPPn>PL.PZGIK.200</sln:powIIPPn><sln:powIIPWersja>2012-09-27T08:13:53+02:00</sln:powIIPWersja><sln:powIdTeryt>1417</sln:powIdTeryt><sln:powNazwa>otwocki</sln:powNazwa><sln:waznyOd>2012-05-15T00:00:00+02:00</sln:waznyOd><sln:wojIIPId>4b6c492a-eb04-441d-a92a-f44359c06de7</sln:wojIIPId><sln:wojIIPPn>PL.PZGIK.200</sln:wojIIPPn><sln:wojIIPWersja>2012-09-27T13:45:13+02:00</sln:wojIIPWersja><sln:wojIdTeryt>14</sln:wojIdTeryt><sln:wojNazwa>mazowieckie</sln:wojNazwa></sln:miejscowosc><sln:miejscowosc><sln:cyklZyciaOd>2017-03-20T00:00:00+01:00</sln:cyklZyciaOd><sln:gmIIPId>eedd4c58-5b60-4dd5-bdc2-b443ab951788</sln:gmIIPId><sln:gmIIPPn>PL.PZGIK.200</sln:gmIIPPn><sln:gmIIPWersja>2012-09-26T22:53:50+02:00</sln:gmIIPWersja><sln:gmIdTeryt>1417082</sln:gmIdTeryt><sln:gmNazwa>Wiązowna</sln:gmNazwa><sln:miejscIIPId>0ec6046c-49ad-4246-87c7-740356b70e98</sln:miejscIIPId><sln:miejscIIPPn>PL.PZGIK.200</sln:miejscIIPPn><sln:miejscIIPWersja>2017-03-20T15:44:17+02:00</sln:miejscIIPWersja><sln:miejscIdTeryt>0010062</sln:miejscIdTeryt><sln:miejscNazwa>Michałówek</sln:miejscNazwa><sln:miejscRodzaj>Wieś</sln:miejscRodzaj><sln:powIIPId>4670c0b0-9225-450f-a0c2-8ff56cbe3b08</sln:powIIPId><sln:powIIPPn>PL.PZGIK.200</sln:powIIPPn><sln:powIIPWersja>2012-09-27T08:13:53+02:00</sln:powIIPWersja><sln:powIdTeryt>1417</sln:powIdTeryt><sln:powNazwa>otwocki</sln:powNazwa><sln:waznyOd>2012-05-15T00:00:00+02:00</sln:waznyOd><sln:wojIIPId>4b6c492a-eb04-441d-a92a-f44359c06de7</sln:wojIIPId><sln:wojIIPPn>PL.PZGIK.200</sln:wojIIPPn><sln:wojIIPWersja>2012-09-27T13:45:13+02:00</sln:wojIIPWersja><sln:wojIdTeryt>14</sln:wojIdTeryt><sln:wojNazwa>mazowieckie</sln:wojNazwa></sln:miejscowosc><sln:miejscowosc><sln:cyklZyciaOd>2017-03-20T00:00:00+01:00</sln:cyklZyciaOd><sln:gmIIPId>eedd4c58-5b60-4dd5-bdc2-b443ab951788</sln:gmIIPId><sln:gmIIPPn>PL.PZGIK.200</sln:gmIIPPn><sln:gmIIPWersja>2012-09-26T22:53:50+02:00</sln:gmIIPWersja><sln:gmIdTeryt>1417082</sln:gmIdTeryt><sln:gmNazwa>Wiązowna</sln:gmNazwa><sln:miejscIIPId>ffd7c8fe-2da6-4f88-84d8-62eda43caab6</sln:miejscIIPId><sln:miejscIIPPn>PL.PZGIK.200</sln:miejscIIPPn><sln:miejscIIPWersja>2017-03-20T15:44:17+02:00</sln:miejscIIPWersja><sln:miejscIdTeryt>0010079</sln:miejscIdTeryt><sln:miejscNazwa>Pęclin</sln:miejscNazwa><sln:miejscRodzaj>Wieś</sln:miejscRodzaj><sln:powIIPId>4670c0b0-9225-450f-a0c2-8ff56cbe3b08</sln:powIIPId><sln:powIIPPn>PL.PZGIK.200</sln:powIIPPn><sln:powIIPWersja>2012-09-27T08:13:53+02:00</sln:powIIPWersja><sln:powIdTeryt>1417</sln:powIdTeryt><sln:powNazwa>otwocki</sln:powNazwa><sln:waznyOd>2012-05-15T00:00:00+02:00</sln:waznyOd><sln:wojIIPId>4b6c492a-eb04-441d-a92a-f44359c06de7</sln:wojIIPId><sln:wojIIPPn>PL.PZGIK.200</sln:wojIIPPn><sln:wojIIPWersja>2012-09-27T13:45:13+02:00</sln:wojIIPWersja><sln:wojIdTeryt>14</sln:wojIdTeryt><sln:wojNazwa>mazowieckie</sln:wojNazwa></sln:miejscowosc><sln:miejscowosc><sln:cyklZyciaOd>2017-03-20T00:00:00+01:00</sln:cyklZyciaOd><sln:gmIIPId>eedd4c58-5b60-4dd5-bdc2-b443ab951788</sln:gmIIPId><sln:gmIIPPn>PL.PZGIK.200</sln:gmIIPPn><sln:gmIIPWersja>2012-09-26T22:53:50+02:00</sln:gmIIPWersja><sln:gmIdTeryt>1417082</sln:gmIdTeryt><sln:gmNazwa>Wiązowna</sln:gmNazwa><sln:miejscIIPId>24166b22-4687-4eb2-94c7-769e26a89a60</sln:miejscIIPId><sln:miejscIIPPn>PL.PZGIK.200</sln:miejscIIPPn><sln:miejscIIPWersja>2017-03-20T15:44:17+02:00</sln:miejscIIPWersja><sln:miejscIdTeryt>0010085</sln:miejscIdTeryt><sln:miejscNazwa>Poręby</sln:miejscNazwa><sln:miejscRodzaj>Wieś</sln:miejscRodzaj><sln:powIIPId>4670c0b0-9225-450f-a0c2-8ff56cbe3b08</sln:powIIPId><sln:powIIPPn>PL.PZGIK.200</sln:powIIPPn><sln:powIIPWersja>2012-09-27T08:13:53+02:00</sln:powIIPWersja><sln:powIdTeryt>1417</sln:powIdTeryt><sln:powNazwa>otwocki</sln:powNazwa><sln:waznyOd>2012-05-15T00:00:00+02:00</sln:waznyOd><sln:wojIIPId>4b6c492a-eb04-441d-a92a-f44359c06de7</sln:wojIIPId><sln:wojIIPPn>PL.PZGIK.200</sln:wojIIPPn><sln:wojIIPWersja>2012-09-27T13:45:13+02:00</sln:wojIIPWersja><sln:wojIdTeryt>14</sln:wojIdTeryt><sln:wojNazwa>mazowieckie</sln:wojNazwa></sln:miejscowosc><sln:miejscowosc><sln:cyklZyciaOd>2017-03-20T00:00:00+01:00</sln:cyklZyciaOd><sln:gmIIPId>eedd4c58-5b60-4dd5-bdc2-b443ab951788</sln:gmIIPId><sln:gmIIPPn>PL.PZGIK.200</sln:gmIIPPn><sln:gmIIPWersja>2012-09-26T22:53:50+02:00</sln:gmIIPWersja><sln:gmIdTeryt>1417082</sln:gmIdTeryt><sln:gmNazwa>Wiązowna</sln:gmNazwa><sln:miejscIIPId>e34b351b-2a7a-4618-9962-419e74dc0b84</sln:miejscIIPId><sln:miejscIIPPn>PL.PZGIK.200</sln:miejscIIPPn><sln:miejscIIPWersja>2017-03-20T15:44:17+02:00</sln:miejscIIPWersja><sln:miejscIdTeryt>0010091</sln:miejscIdTeryt><sln:miejscNazwa>Rzakta</sln:miejscNazwa><sln:miejscRodzaj>Wieś</sln:miejscRodzaj><sln:powIIPId>4670c0b0-9225-450f-a0c2-8ff56cbe3b08</sln:powIIPId><sln:powIIPPn>PL.PZGIK.200</sln:powIIPPn><sln:powIIPWersja>2012-09-27T08:13:53+02:00</sln:powIIPWersja><sln:powIdTeryt>1417</sln:powIdTeryt><sln:powNazwa>otwocki</sln:powNazwa><sln:waznyOd>2012-05-15T00:00:00+02:00</sln:waznyOd><sln:wojIIPId>4b6c492a-eb04-441d-a92a-f44359c06de7</sln:wojIIPId><sln:wojIIPPn>PL.PZGIK.200</sln:wojIIPPn><sln:wojIIPWersja>2012-09-27T13:45:13+02:00</sln:wojIIPWersja><sln:wojIdTeryt>14</sln:wojIdTeryt><sln:wojNazwa>mazowieckie</sln:wojNazwa></sln:miejscowosc><sln:miejscowosc><sln:cyklZyciaOd>2017-03-20T00:00:00+01:00</sln:cyklZyciaOd><sln:gmIIPId>eedd4c58-5b60-4dd5-bdc2-b443ab951788</sln:gmIIPId><sln:gmIIPPn>PL.PZGIK.200</sln:gmIIPPn><sln:gmIIPWersja>2012-09-26T22:53:50+02:00</sln:gmIIPWersja><sln:gmIdTeryt>1417082</sln:gmIdTeryt><sln:gmNazwa>Wiązowna</sln:gmNazwa><sln:miejscIIPId>7b489ddf-32ac-42b7-80cf-03379d4a80a0</sln:miejscIIPId><sln:miejscIIPPn>PL.PZGIK.200</sln:miejscIIPPn><sln:miejscIIPWersja>2017-03-20T15:44:18+02:00</sln:miejscIIPWersja><sln:miejscIdTeryt>0010100</sln:miejscIdTeryt><sln:miejscNazwa>Wiązowna</sln:miejscNazwa><sln:miejscRodzaj>Wieś</sln:miejscRodzaj><sln:powIIPId>4670c0b0-9225-450f-a0c2-8ff56cbe3b08</sln:powIIPId><sln:powIIPPn>PL.PZGIK.200</sln:powIIPPn><sln:powIIPWersja>2012-09-27T08:13:53+02:00</sln:powIIPWersja><sln:powIdTeryt>1417</sln:powIdTeryt><sln:powNazwa>otwocki</sln:powNazwa><sln:waznyOd>2012-05-15T00:00:00+02:00</sln:waznyOd><sln:wojIIPId>4b6c492a-eb04-441d-a92a-f44359c06de7</sln:wojIIPId><sln:wojIIPPn>PL.PZGIK.200</sln:wojIIPPn><sln:wojIIPWersja>2012-09-27T13:45:13+02:00</sln:wojIIPWersja><sln:wojIdTeryt>14</sln:wojIdTeryt><sln:wojNazwa>mazowieckie</sln:wojNazwa></sln:miejscowosc><sln:miejscowosc><sln:cyklZyciaOd>2017-03-20T00:00:00+01:00</sln:cyklZyciaOd><sln:gmIIPId>eedd4c58-5b60-4dd5-bdc2-b443ab951788</sln:gmIIPId><sln:gmIIPPn>PL.PZGIK.200</sln:gmIIPPn><sln:gmIIPWersja>2012-09-26T22:53:50+02:00</sln:gmIIPWersja><sln:gmIdTeryt>1417082</sln:gmIdTeryt><sln:gmNazwa>Wiązowna</sln:gmNazwa><sln:miejscIIPId>d6528c69-280b-479e-8ebf-1510770d1c09</sln:miejscIIPId><sln:miejscIIPPn>PL.PZGIK.200</sln:miejscIIPPn><sln:miejscIIPWersja>2017-03-20T15:44:18+02:00</sln:miejscIIPWersja><sln:miejscIdTeryt>0010139</sln:miejscIdTeryt><sln:miejscNazwa>Wola Ducka</sln:miejscNazwa><sln:miejscRodzaj>Wieś</sln:miejscRodzaj><sln:powIIPId>4670c0b0-9225-450f-a0c2-8ff56cbe3b08</sln:powIIPId><sln:powIIPPn>PL.PZGIK.200</sln:powIIPPn><sln:powIIPWersja>2012-09-27T08:13:53+02:00</sln:powIIPWersja><sln:powIdTeryt>1417</sln:powIdTeryt><sln:powNazwa>otwocki</sln:powNazwa><sln:waznyOd>2012-05-15T00:00:00+02:00</sln:waznyOd><sln:wojIIPId>4b6c492a-eb04-441d-a92a-f44359c06de7</sln:wojIIPId><sln:wojIIPPn>PL.PZGIK.200</sln:wojIIPPn><sln:wojIIPWersja>2012-09-27T13:45:13+02:00</sln:wojIIPWersja><sln:wojIdTeryt>14</sln:wojIdTeryt><sln:wojNazwa>mazowieckie</sln:wojNazwa></sln:miejscowosc><sln:miejscowosc><sln:cyklZyciaOd>2017-03-20T00:00:00+01:00</sln:cyklZyciaOd><sln:gmIIPId>eedd4c58-5b60-4dd5-bdc2-b443ab951788</sln:gmIIPId><sln:gmIIPPn>PL.PZGIK.200</sln:gmIIPPn><sln:gmIIPWersja>2012-09-26T22:53:50+02:00</sln:gmIIPWersja><sln:gmIdTeryt>1417082</sln:gmIdTeryt><sln:gmNazwa>Wiązowna</sln:gmNazwa><sln:miejscIIPId>725ad41c-f232-41c0-bb74-1c2ca5659b04</sln:miejscIIPId><sln:miejscIIPPn>PL.PZGIK.200</sln:miejscIIPPn><sln:miejscIIPWersja>2017-03-20T15:44:18+02:00</sln:miejscIIPWersja><sln:miejscIdTeryt>0010145</sln:miejscIdTeryt><sln:miejscNazwa>Wola Karczewska</sln:miejscNazwa><sln:miejscRodzaj>Wieś</sln:miejscRodzaj><sln:powIIPId>4670c0b0-9225-450f-a0c2-8ff56cbe3b08</sln:powIIPId><sln:powIIPPn>PL.PZGIK.200</sln:powIIPPn><sln:powIIPWersja>2012-09-27T08:13:53+02:00</sln:powIIPWersja><sln:powIdTeryt>1417</sln:powIdTeryt><sln:powNazwa>otwocki</sln:powNazwa><sln:waznyOd>2012-05-15T00:00:00+02:00</sln:waznyOd><sln:wojIIPId>4b6c492a-eb04-441d-a92a-f44359c06de7</sln:wojIIPId><sln:wojIIPPn>PL.PZGIK.200</sln:wojIIPPn><sln:wojIIPWersja>2012-09-27T13:45:13+02:00</sln:wojIIPWersja><sln:wojIdTeryt>14</sln:wojIdTeryt><sln:wojNazwa>mazowieckie</sln:wojNazwa></sln:miejscowosc><sln:miejscowosc><sln:cyklZyciaOd>2017-03-20T00:00:00+01:00</sln:cyklZyciaOd><sln:gmIIPId>eedd4c58-5b60-4dd5-bdc2-b443ab951788</sln:gmIIPId><sln:gmIIPPn>PL.PZGIK.200</sln:gmIIPPn><sln:gmIIPWersja>2012-09-26T22:53:50+02:00</sln:gmIIPWersja><sln:gmIdTeryt>1417082</sln:gmIdTeryt><sln:gmNazwa>Wiązowna</sln:gmNazwa><sln:miejscIIPId>b495ba77-faf2-4502-bf72-49194fbb8b11</sln:miejscIIPId><sln:miejscIIPPn>PL.PZGIK.200</sln:miejscIIPPn><sln:miejscIIPWersja>2017-03-20T15:44:18+02:00</sln:miejscIIPWersja><sln:miejscIdTeryt>0010151</sln:miejscIdTeryt><sln:miejscNazwa>Zakręt</sln:miejscNazwa><sln:miejscRodzaj>Wieś</sln:miejscRodzaj><sln:powIIPId>4670c0b0-9225-450f-a0c2-8ff56cbe3b08</sln:powIIPId><sln:powIIPPn>PL.PZGIK.200</sln:powIIPPn><sln:powIIPWersja>2012-09-27T08:13:53+02:00</sln:powIIPWersja><sln:powIdTeryt>1417</sln:powIdTeryt><sln:powNazwa>otwocki</sln:powNazwa><sln:waznyOd>2012-05-15T00:00:00+02:00</sln:waznyOd><sln:wojIIPId>4b6c492a-eb04-441d-a92a-f44359c06de7</sln:wojIIPId><sln:wojIIPPn>PL.PZGIK.200</sln:wojIIPPn><sln:wojIIPWersja>2012-09-27T13:45:13+02:00</sln:wojIIPWersja><sln:wojIdTeryt>14</sln:wojIdTeryt><sln:wojNazwa>mazowieckie</sln:wojNazwa></sln:miejscowosc><sln:miejscowosc><sln:cyklZyciaOd>2017-03-20T00:00:00+01:00</sln:cyklZyciaOd><sln:gmIIPId>eedd4c58-5b60-4dd5-bdc2-b443ab951788</sln:gmIIPId><sln:gmIIPPn>PL.PZGIK.200</sln:gmIIPPn><sln:gmIIPWersja>2012-09-26T22:53:50+02:00</sln:gmIIPWersja><sln:gmIdTeryt>1417082</sln:gmIdTeryt><sln:gmNazwa>Wiązowna</sln:gmNazwa><sln:miejscIIPId>6362fe92-2eb6-4e2f-9acb-e17f594d115a</sln:miejscIIPId><sln:miejscIIPPn>PL.PZGIK.200</sln:miejscIIPPn><sln:miejscIIPWersja>2017-03-20T15:44:18+02:00</sln:miejscIIPWersja><sln:miejscIdTeryt>0010174</sln:miejscIdTeryt><sln:miejscNazwa>Żanęcin</sln:miejscNazwa><sln:miejscRodzaj>Wieś</sln:miejscRodzaj><sln:powIIPId>4670c0b0-9225-450f-a0c2-8ff56cbe3b08</sln:powIIPId><sln:powIIPPn>PL.PZGIK.200</sln:powIIPPn><sln:powIIPWersja>2012-09-27T08:13:53+02:00</sln:powIIPWersja><sln:powIdTeryt>1417</sln:powIdTeryt><sln:powNazwa>otwocki</sln:powNazwa><sln:waznyOd>2012-05-15T00:00:00+02:00</sln:waznyOd><sln:wojIIPId>4b6c492a-eb04-441d-a92a-f44359c06de7</sln:wojIIPId><sln:wojIIPPn>PL.PZGIK.200</sln:wojIIPPn><sln:wojIIPWersja>2012-09-27T13:45:13+02:00</sln:wojIIPWersja><sln:wojIdTeryt>14</sln:wojIdTeryt><sln:wojNazwa>mazowieckie</sln:wojNazwa></sln:miejscowosc><sln:miejscowosc><sln:cyklZyciaOd>2017-03-20T00:00:00+01:00</sln:cyklZyciaOd><sln:gmIIPId>eedd4c58-5b60-4dd5-bdc2-b443ab951788</sln:gmIIPId><sln:gmIIPPn>PL.PZGIK.200</sln:gmIIPPn><sln:gmIIPWersja>2012-09-26T22:53:50+02:00</sln:gmIIPWersja><sln:gmIdTeryt>1417082</sln:gmIdTeryt><sln:gmNazwa>Wiązowna</sln:gmNazwa><sln:miejscIIPId>a7888c6c-06c4-44b4-8bc3-71cf8eca5637</sln:miejscIIPId><sln:miejscIIPPn>PL.PZGIK.200</sln:miejscIIPPn><sln:miejscIIPWersja>2017-03-20T15:44:18+02:00</sln:miejscIIPWersja><sln:miejscIdTeryt>0010180</sln:miejscIdTeryt><sln:miejscNazwa>Rudka</sln:miejscNazwa><sln:miejscRodzaj>Wieś</sln:miejscRodzaj><sln:powIIPId>4670c0b0-9225-450f-a0c2-8ff56cbe3b08</sln:powIIPId><sln:powIIPPn>PL.PZGIK.200</sln:powIIPPn><sln:powIIPWersja>2012-09-27T08:13:53+02:00</sln:powIIPWersja><sln:powIdTeryt>1417</sln:powIdTeryt><sln:powNazwa>otwocki</sln:powNazwa><sln:waznyOd>2012-05-15T00:00:00+02:00</sln:waznyOd><sln:wojIIPId>4b6c492a-eb04-441d-a92a-f44359c06de7</sln:wojIIPId><sln:wojIIPPn>PL.PZGIK.200</sln:wojIIPPn><sln:wojIIPWersja>2012-09-27T13:45:13+02:00</sln:wojIIPWersja><sln:wojIdTeryt>14</sln:wojIdTeryt><sln:wojNazwa>mazowieckie</sln:wojNazwa></sln:miejscowosc></sln:lista-miejscowosci>