<?xml version="1.0" encoding="UTF-8" standalone="yes"?><sln:lista-miejscowosci xmlns:srv="http://gugik.gov.pl/schemas/slowniki-service/1.0" xmlns:sln="http://gugik.gov.pl/schemas/slowniki-schema/1.0"><sln:miejscowosc><sln:cyklZyciaDo>2017-03-28T00:00:00+02:00</sln:cyklZyciaDo><sln:cyklZyciaOd>2015-04-30T00:00:00+02:00</sln:cyklZyciaOd><sln:gmIIPId>bf4ac787-bfa5-4c31-8214-feb8c6aa3a09</sln:gmIIPId><sln:gmIIPPn>PL.PZGIK.200</sln:gmIIPPn><sln:gmIIPWersja>2012-09-26T22:55:19+02:00</sln:gmIIPWersja><sln:gmIdTeryt>1424022</sln:gmIdTeryt><sln:gmNazwa>Obryte</sln:gmNazwa><sln:miejscIIPId>f190c1b4-b7b1-4efa-8889-e86316d8932a</sln:miejscIIPId><sln:miejscIIPPn>PL.PZGIK.200</sln:miejscIIPPn><sln:miejscIIPWersja>2016-11-24T10:54:41+02:00</sln:miejscIIPWersja><sln:miejscIdTeryt>0515075</sln:miejscIdTeryt><sln:miejscNazwa>Bartodzieje</sln:miejscNazwa><sln:miejscRodzaj>Wieś</sln:miejscRodzaj><sln:powIIPId>05b6cec3-bcc8-4029-a0bc-99c40ff3c159</sln:powIIPId><sln:powIIPPn>PL.PZGIK.200</sln:powIIPPn><sln:powIIPWersja>2012-09-27T08:13:53+02:00</sln:powIIPWersja><sln:powIdTeryt>1424</sln:powIdTeryt><sln:powNazwa>pułtuski</sln:powNazwa><sln:waznyOd>2013-09-05T00:00:00+02:00</sln:waznyOd><sln:wojIIPId>4b6c492a-eb04-441d-a92a-f44359c06de7</sln:wojIIPId><sln:wojIIPPn>PL.PZGIK.200</sln:wojIIPPn><sln:wojIIPWersja>2012-09-27T13:45:13+02:00</sln:wojIIPWersja><sln:wojIdTeryt>14</sln:wojIdTeryt><sln:wojNazwa>mazowieckie</sln:wojNazwa></sln:miejscowosc><sln:miejscowosc><sln:cyklZyciaDo>2017-03-28T00:00:00+02:00</sln:cyklZyciaDo><sln:cyklZyciaOd>2015-04-30T00:00:00+02:00</sln:cyklZyciaOd><sln:gmIIPId>bf4ac787-bfa5-4c31-8214-feb8c6aa3a09</sln:gmIIPId><sln:gmIIPPn>PL.PZGIK.200</sln:gmIIPPn><sln:gmIIPWersja>2012-09-26T22:55:19+02:00</sln:gmIIPWersja><sln:gmIdTeryt>1424022</sln:gmIdTeryt><sln:gmNazwa>Obryte</sln:gmNazwa><sln:miejscIIPId>7a0a66c6-8980-406c-90e1-a1597906b7a4</sln:miejscIIPId><sln:miejscIIPPn>PL.PZGIK.200</sln:miejscIIPPn><sln:miejscIIPWersja>2016-11-24T10:54:41+02:00</sln:miejscIIPWersja><sln:miejscIdTeryt>0515098</sln:miejscIdTeryt><sln:miejscNazwa>Ciółkowo Małe</sln:miejscNazwa><sln:miejscRodzaj>Wieś</sln:miejscRodzaj><sln:powIIPId>05b6cec3-bcc8-4029-a0bc-99c40ff3c159</sln:powIIPId><sln:powIIPPn>PL.PZGIK.200</sln:powIIPPn><sln:powIIPWersja>2012-09-27T08:13:53+02:00</sln:powIIPWersja><sln:powIdTeryt>1424</sln:powIdTeryt><sln:powNazwa>pułtuski</sln:powNazwa><sln:waznyOd>2013-09-05T00:00:00+02:00</sln:waznyOd><sln:wojIIPId>4b6c492a-eb04-441d-a92a-f44359c06de7</sln:wojIIPId><sln:wojIIPPn>PL.PZGIK.200</sln:wojIIPPn><sln:wojIIPWersja>2012-09-27T13:45:13+02:00</sln:wojIIPWersja><sln:wojIdTeryt>14</sln:wojIdTeryt><sln:wojNazwa>mazowieckie</sln:wojNazwa></sln:miejscowosc><sln:miejscowosc><sln:cyklZyciaDo>2017-03-28T00:00:00+02:00</sln:cyklZyciaDo><sln:cyklZyciaOd>2015-04-30T00:00:00+02:00</sln:cyklZyciaOd><sln:gmIIPId>bf4ac787-bfa5-4c31-8214-feb8c6aa3a09</sln:gmIIPId><sln:gmIIPPn>PL.PZGIK.200</sln:gmIIPPn><sln:gmIIPWersja>2012-09-26T22:55:19+02:00</sln:gmIIPWersja><sln:gmIdTeryt>1424022</sln:gmIdTeryt><sln:gmNazwa>Obryte</sln:gmNazwa><sln:miejscIIPId>725b490a-61c5-4408-ab1e-14c4e38616c3</sln:miejscIIPId><sln:miejscIIPPn>PL.PZGIK.200</sln:miejscIIPPn><sln:miejscIIPWersja>2016-11-24T10:54:41+02:00</sln:miejscIIPWersja><sln:miejscIdTeryt>0515129</sln:miejscIdTeryt><sln:miejscNazwa>Ciółkowo Rządowe</sln:miejscNazwa><sln:miejscRodzaj>Wieś</sln:miejscRodzaj><sln:powIIPId>05b6cec3-bcc8-4029-a0bc-99c40ff3c159</sln:powIIPId><sln:powIIPPn>PL.PZGIK.200</sln:powIIPPn><sln:powIIPWersja>2012-09-27T08:13:53+02:00</sln:powIIPWersja><sln:powIdTeryt>1424</sln:powIdTeryt><sln:powNazwa>pułtuski</sln:powNazwa><sln:waznyOd>2013-09-05T00:00:00+02:00</sln:waznyOd><sln:wojIIPId>4b6c492a-eb04-441d-a92a-f44359c06de7</sln:wojIIPId><sln:wojIIPPn>PL.PZGIK.200</sln:wojIIPPn><sln:wojIIPWersja>2012-09-27T13:45:13+02:00</sln:wojIIPWersja><sln:wojIdTeryt>14</sln:wojIdTeryt><sln:wojNazwa>mazowieckie</sln:wojNazwa></sln:miejscowosc><sln:miejscowosc><sln:cyklZyciaDo>2017-03-28T00:00:00+02:00</sln:cyklZyciaDo><sln:cyklZyciaOd>2015-04-30T00:00:00+02:00</sln:cyklZyciaOd><sln:gmIIPId>bf4ac787-bfa5-4c31-8214-feb8c6aa3a09</sln:gmIIPId><sln:gmIIPPn>PL.PZGIK.200</sln:gmIIPPn><sln:gmIIPWersja>2012-09-26T22:55:19+02:00</sln:gmIIPWersja><sln:gmIdTeryt>1424022</sln:gmIdTeryt><sln:gmNazwa>Obryte</sln:gmNazwa><sln:miejscIIPId>dff8586f-12eb-4d5e-87e2-eb21e3667db3</sln:miejscIIPId><sln:miejscIIPPn>PL.PZGIK.200</sln:miejscIIPPn><sln:miejscIIPWersja>2016-11-24T10:54:41+02:00</sln:miejscIIPWersja><sln:miejscIdTeryt>0515141</sln:miejscIdTeryt><sln:miejscNazwa>Cygany</sln:miejscNazwa><sln:miejscRodzaj>Wieś</sln:miejscRodzaj><sln:powIIPId>05b6cec3-bcc8-4029-a0bc-99c40ff3c159</sln:powIIPId><sln:powIIPPn>PL.PZGIK.200</sln:powIIPPn><sln:powIIPWersja>2012-09-27T08:13:53+02:00</sln:powIIPWersja><sln:powIdTeryt>1424</sln:powIdTeryt><sln:powNazwa>pułtuski</sln:powNazwa><sln:waznyOd>2013-09-05T00:00:00+02:00</sln:waznyOd><sln:wojIIPId>4b6c492a-eb04-441d-a92a-f44359c06de7</sln:wojIIPId><sln:wojIIPPn>PL.PZGIK.200</sln:wojIIPPn><sln:wojIIPWersja>2012-09-27T13:45:13+02:00</sln:wojIIPWersja><sln:wojIdTeryt>14</sln:wojIdTeryt><sln:wojNazwa>mazowieckie</sln:wojNazwa></sln:miejscowosc><sln:miejscowosc><sln:cyklZyciaDo>2017-03-28T00:00:00+02:00</sln:cyklZyciaDo><sln:cyklZyciaOd>2015-04-30T00:00:00+02:00</sln:cyklZyciaOd><sln:gmIIPId>bf4ac787-bfa5-4c31-8214-feb8c6aa3a09</sln:gmIIPId><sln:gmIIPPn>PL.PZGIK.200</sln:gmIIPPn><sln:gmIIPWersja>2012-09-26T22:55:19+02:00</sln:gmIIPWersja><sln:gmIdTeryt>1424022</sln:gmIdTeryt><sln:gmNazwa>Obryte</sln:gmNazwa><sln:miejscIIPId>3c88d2f9-1a0f-41f1-afa0-ad3f24e0d91c</sln:miejscIIPId><sln:miejscIIPPn>PL.PZGIK.200</sln:miejscIIPPn><sln:miejscIIPWersja>2016-11-24T10:54:41+02:00</sln:miejscIIPWersja><sln:miejscIdTeryt>0515158</sln:miejscIdTeryt><sln:miejscNazwa>Gostkowo</sln:miejscNazwa><sln:miejscRodzaj>Wieś</sln:miejscRodzaj><sln:powIIPId>05b6cec3-bcc8-4029-a0bc-99c40ff3c159</sln:powIIPId><sln:powIIPPn>PL.PZGIK.200</sln:powIIPPn><sln:powIIPWersja>2012-09-27T08:13:53+02:00</sln:powIIPWersja><sln:powIdTeryt>1424</sln:powIdTeryt><sln:powNazwa>pułtuski</sln:powNazwa><sln:waznyOd>2013-09-05T00:00:00+02:00</sln:waznyOd><sln:wojIIPId>4b6c492a-eb04-441d-a92a-f44359c06de7</sln:wojIIPId><sln:wojIIPPn>PL.PZGIK.200</sln:wojIIPPn><sln:wojIIPWersja>2012-09-27T13:45:13+02:00</sln:wojIIPWersja><sln:wojIdTeryt>14</sln:wojIdTeryt><sln:wojNazwa>mazowieckie</sln:wojNazwa></sln:miejscowosc><sln:miejscowosc><sln:cyklZyciaDo>2017-03-28T00:00:00+02:00</sln:cyklZyciaDo><sln:cyklZyciaOd>2015-04-30T00:00:00+02:00</sln:cyklZyciaOd><sln:gmIIPId>bf4ac787-bfa5-4c31-8214-feb8c6aa3a09</sln:gmIIPId><sln:gmIIPPn>PL.PZGIK.200</sln:gmIIPPn><sln:gmIIPWersja>2012-09-26T22:55:19+02:00</sln:gmIIPWersja><sln:gmIdTeryt>1424022</sln:gmIdTeryt><sln:gmNazwa>Obryte</sln:gmNazwa><sln:miejscIIPId>ce91eaff-63f5-44e7-93a0-6be0c5b2b683</sln:miejscIIPId><sln:miejscIIPPn>PL.PZGIK.200</sln:miejscIIPPn><sln:miejscIIPWersja>2016-11-24T10:54:41+02:00</sln:miejscIIPWersja><sln:miejscIdTeryt>0515164</sln:miejscIdTeryt><sln:miejscNazwa>Gródek Rządowy</sln:miejscNazwa><sln:miejscRodzaj>Wieś</sln:miejscRodzaj><sln:powIIPId>05b6cec3-bcc8-4029-a0bc-99c40ff3c159</sln:powIIPId><sln:powIIPPn>PL.PZGIK.200</sln:powIIPPn><sln:powIIPWersja>2012-09-27T08:13:53+02:00</sln:powIIPWersja><sln:powIdTeryt>1424</sln:powIdTeryt><sln:powNazwa>pułtuski</sln:powNazwa><sln:waznyOd>2013-09-05T00:00:00+02:00</sln:waznyOd><sln:wojIIPId>4b6c492a-eb04-441d-a92a-f44359c06de7</sln:wojIIPId><sln:wojIIPPn>PL.PZGIK.200</sln:wojIIPPn><sln:wojIIPWersja>2012-09-27T13:45:13+02:00</sln:wojIIPWersja><sln:wojIdTeryt>14</sln:wojIdTeryt><sln:wojNazwa>mazowieckie</sln:wojNazwa></sln:miejscowosc><sln:miejscowosc><sln:cyklZyciaDo>2017-03-28T00:00:00+02:00</sln:cyklZyciaDo><sln:cyklZyciaOd>2015-04-30T00:00:00+02:00</sln:cyklZyciaOd><sln:gmIIPId>bf4ac787-bfa5-4c31-8214-feb8c6aa3a09</sln:gmIIPId><sln:gmIIPPn>PL.PZGIK.200</sln:gmIIPPn><sln:gmIIPWersja>2012-09-26T22:55:19+02:00</sln:gmIIPWersja><sln:gmIdTeryt>1424022</sln:gmIdTeryt><sln:gmNazwa>Obryte</sln:gmNazwa><sln:miejscIIPId>a75cc3d0-d135-4d4b-b4e8-b2c2de62488b</sln:miejscIIPId><sln:miejscIIPPn>PL.PZGIK.200</sln:miejscIIPPn><sln:miejscIIPWersja>2016-11-24T10:54:41+02:00</sln:miejscIIPWersja><sln:miejscIdTeryt>0515187</sln:miejscIdTeryt><sln:miejscNazwa>Kalinowo</sln:miejscNazwa><sln:miejscRodzaj>Wieś</sln:miejscRodzaj><sln:powIIPId>05b6cec3-bcc8-4029-a0bc-99c40ff3c159</sln:powIIPId><sln:powIIPPn>PL.PZGIK.200</sln:powIIPPn><sln:powIIPWersja>2012-09-27T08:13:53+02:00</sln:powIIPWersja><sln:powIdTeryt>1424</sln:powIdTeryt><sln:powNazwa>pułtuski</sln:powNazwa><sln:waznyOd>2013-09-05T00:00:00+02:00</sln:waznyOd><sln:wojIIPId>4b6c492a-eb04-441d-a92a-f44359c06de7</sln:wojIIPId><sln:wojIIPPn>PL.PZGIK.200</sln:wojIIPPn><sln:wojIIPWersja>2012-09-27T13:45:13+02:00</sln:wojIIPWersja><sln:wojIdTeryt>14</sln:wojIdTeryt><sln:wojNazwa>mazowieckie</sln:wojNazwa></sln:miejscowosc><sln:miejscowosc><sln:cyklZyciaDo>2017-03-28T00:00:00+02:00</sln:cyklZyciaDo><sln:cyklZyciaOd>2015-04-30T00:00:00+02:00</sln:cyklZyciaOd><sln:gmIIPId>bf4ac787-bfa5-4c31-8214-feb8c6aa3a09</sln:gmIIPId><sln:gmIIPPn>PL.PZGIK.200</sln:gmIIPPn><sln:gmIIPWersja>2012-09-26T22:55:19+02:00</sln:gmIIPWersja><sln:gmIdTeryt>1424022</sln:gmIdTeryt><sln:gmNazwa>Obryte</sln:gmNazwa><sln:miejscIIPId>085fc59e-fd36-4c33-9752-b59b5e3b5a82</sln:miejscIIPId><sln:miejscIIPPn>PL.PZGIK.200</sln:miejscIIPPn><sln:miejscIIPWersja>2016-11-24T10:54:41+02:00</sln:miejscIIPWersja><sln:miejscIdTeryt>0515193</sln:miejscIdTeryt><sln:miejscNazwa>Mokrus</sln:miejscNazwa><sln:miejscRodzaj>Wieś</sln:miejscRodzaj><sln:powIIPId>05b6cec3-bcc8-4029-a0bc-99c40ff3c159</sln:powIIPId><sln:powIIPPn>PL.PZGIK.200</sln:powIIPPn><sln:powIIPWersja>2012-09-27T08:13:53+02:00</sln:powIIPWersja><sln:powIdTeryt>1424</sln:powIdTeryt><sln:powNazwa>pułtuski</sln:powNazwa><sln:waznyOd>2013-09-05T00:00:00+02:00</sln:waznyOd><sln:wojIIPId>4b6c492a-eb04-441d-a92a-f44359c06de7</sln:wojIIPId><sln:wojIIPPn>PL.PZGIK.200</sln:wojIIPPn><sln:wojIIPWersja>2012-09-27T13:45:13+02:00</sln:wojIIPWersja><sln:wojIdTeryt>14</sln:wojIdTeryt><sln:wojNazwa>mazowieckie</sln:wojNazwa></sln:miejscowosc><sln:miejscowosc><sln:cyklZyciaDo>2017-03-28T00:00:00+02:00</sln:cyklZyciaDo><sln:cyklZyciaOd>2015-04-30T00:00:00+02:00</sln:cyklZyciaOd><sln:gmIIPId>bf4ac787-bfa5-4c31-8214-feb8c6aa3a09</sln:gmIIPId><sln:gmIIPPn>PL.PZGIK.200</sln:gmIIPPn><sln:gmIIPWersja>2012-09-26T22:55:19+02:00</sln:gmIIPWersja><sln:gmIdTeryt>1424022</sln:gmIdTeryt><sln:gmNazwa>Obryte</sln:gmNazwa><sln:miejscIIPId>2c0a1b8a-4995-47a8-a9ef-5459ddc70795</sln:miejscIIPId><sln:miejscIIPPn>PL.PZGIK.200</sln:miejscIIPPn><sln:miejscIIPWersja>2016-11-24T10:54:41+02:00</sln:miejscIIPWersja><sln:miejscIdTeryt>0515218</sln:miejscIdTeryt><sln:miejscNazwa>Nowy Gródek</sln:miejscNazwa><sln:miejscRodzaj>Wieś</sln:miejscRodzaj><sln:powIIPId>05b6cec3-bcc8-4029-a0bc-99c40ff3c159</sln:powIIPId><sln:powIIPPn>PL.PZGIK.200</sln:powIIPPn><sln:powIIPWersja>2012-09-27T08:13:53+02:00</sln:powIIPWersja><sln:powIdTeryt>1424</sln:powIdTeryt><sln:powNazwa>pułtuski</sln:powNazwa><sln:waznyOd>2013-09-06T00:00:00+02:00</sln:waznyOd><sln:wojIIPId>4b6c492a-eb04-441d-a92a-f44359c06de7</sln:wojIIPId><sln:wojIIPPn>PL.PZGIK.200</sln:wojIIPPn><sln:wojIIPWersja>2012-09-27T13:45:13+02:00</sln:wojIIPWersja><sln:wojIdTeryt>14</sln:wojIdTeryt><sln:wojNazwa>mazowieckie</sln:wojNazwa></sln:miejscowosc><sln:miejscowosc><sln:cyklZyciaDo>2017-03-28T00:00:00+02:00</sln:cyklZyciaDo><sln:cyklZyciaOd>2015-04-30T00:00:00+02:00</sln:cyklZyciaOd><sln:gmIIPId>bf4ac787-bfa5-4c31-8214-feb8c6aa3a09</sln:gmIIPId><sln:gmIIPPn>PL.PZGIK.200</sln:gmIIPPn><sln:gmIIPWersja>2012-09-26T22:55:19+02:00</sln:gmIIPWersja><sln:gmIdTeryt>1424022</sln:gmIdTeryt><sln:gmNazwa>Obryte</sln:gmNazwa><sln:miejscIIPId>6aa0042e-756b-4b30-9b20-ef6d7afd1080</sln:miejscIIPId><sln:miejscIIPPn>PL.PZGIK.200</sln:miejscIIPPn><sln:miejscIIPWersja>2016-11-24T10:54:41+02:00</sln:miejscIIPWersja><sln:miejscIdTeryt>0515224</sln:miejscIdTeryt><sln:miejscNazwa>Obryte</sln:miejscNazwa><sln:miejscRodzaj>Wieś</sln:miejscRodzaj><sln:powIIPId>05b6cec3-bcc8-4029-a0bc-99c40ff3c159</sln:powIIPId><sln:powIIPPn>PL.PZGIK.200</sln:powIIPPn><sln:powIIPWersja>2012-09-27T08:13:53+02:00</sln:powIIPWersja><sln:powIdTeryt>1424</sln:powIdTeryt><sln:powNazwa>pułtuski</sln:powNazwa><sln:waznyOd>2013-09-05T00:00:00+02:00</sln:waznyOd><sln:wojIIPId>4b6c492a-eb04-441d-a92a-f44359c06de7</sln:wojIIPId><sln:wojIIPPn>PL.PZGIK.200</sln:wojIIPPn><sln:wojIIPWersja>2012-09-27T13:45:13+02:00</sln:wojIIPWersja><sln:wojIdTeryt>14</sln:wojIdTeryt><sln:wojNazwa>mazowieckie</sln:wojNazwa></sln:miejscowosc><sln:miejscowosc><sln:cyklZyciaDo>2017-03-28T00:00:00+02:00</sln:cyklZyciaDo><sln:cyklZyciaOd>2015-04-30T00:00:00+02:00</sln:cyklZyciaOd><sln:gmIIPId>bf4ac787-bfa5-4c31-8214-feb8c6aa3a09</sln:gmIIPId><sln:gmIIPPn>PL.PZGIK.200</sln:gmIIPPn><sln:gmIIPWersja>2012-09-26T22:55:19+02:00</sln:gmIIPWersja><sln:gmIdTeryt>1424022</sln:gmIdTeryt><sln:gmNazwa>Obryte</sln:gmNazwa><sln:miejscIIPId>d83c69eb-4fe8-44c5-9620-57d705e33b2e</sln:miejscIIPId><sln:miejscIIPPn>PL.PZGIK.200</sln:miejscIIPPn><sln:miejscIIPWersja>2016-11-24T10:54:41+02:00</sln:miejscIIPWersja><sln:miejscIdTeryt>0515307</sln:miejscIdTeryt><sln:miejscNazwa>Płusy</sln:miejscNazwa><sln:miejscRodzaj>Wieś</sln:miejscRodzaj><sln:powIIPId>05b6cec3-bcc8-4029-a0bc-99c40ff3c159</sln:powIIPId><sln:powIIPPn>PL.PZGIK.200</sln:powIIPPn><sln:powIIPWersja>2012-09-27T08:13:53+02:00</sln:powIIPWersja><sln:powIdTeryt>1424</sln:powIdTeryt><sln:powNazwa>pułtuski</sln:powNazwa><sln:waznyOd>2013-09-05T00:00:00+02:00</sln:waznyOd><sln:wojIIPId>4b6c492a-eb04-441d-a92a-f44359c06de7</sln:wojIIPId><sln:wojIIPPn>PL.PZGIK.200</sln:wojIIPPn><sln:wojIIPWersja>2012-09-27T13:45:13+02:00</sln:wojIIPWersja><sln:wojIdTeryt>14</sln:wojIdTeryt><sln:wojNazwa>mazowieckie</sln:wojNazwa></sln:miejscowosc><sln:miejscowosc><sln:cyklZyciaDo>2017-03-28T00:00:00+02:00</sln:cyklZyciaDo><sln:cyklZyciaOd>2015-04-30T00:00:00+02:00</sln:cyklZyciaOd><sln:gmIIPId>bf4ac787-bfa5-4c31-8214-feb8c6aa3a09</sln:gmIIPId><sln:gmIIPPn>PL.PZGIK.200</sln:gmIIPPn><sln:gmIIPWersja>2012-09-26T22:55:19+02:00</sln:gmIIPWersja><sln:gmIdTeryt>1424022</sln:gmIdTeryt><sln:gmNazwa>Obryte</sln:gmNazwa><sln:miejscIIPId>8d3a417a-27aa-4eaf-b5b8-df921afc1790</sln:miejscIIPId><sln:miejscIIPPn>PL.PZGIK.200</sln:miejscIIPPn><sln:miejscIIPWersja>2016-11-24T10:54:41+02:00</sln:miejscIIPWersja><sln:miejscIdTeryt>0515320</sln:miejscIdTeryt><sln:miejscNazwa>Psary</sln:miejscNazwa><sln:miejscRodzaj>Wieś</sln:miejscRodzaj><sln:powIIPId>05b6cec3-bcc8-4029-a0bc-99c40ff3c159</sln:powIIPId><sln:powIIPPn>PL.PZGIK.200</sln:powIIPPn><sln:powIIPWersja>2012-09-27T08:13:53+02:00</sln:powIIPWersja><sln:powIdTeryt>1424</sln:powIdTeryt><sln:powNazwa>pułtuski</sln:powNazwa><sln:waznyOd>2013-09-05T00:00:00+02:00</sln:waznyOd><sln:wojIIPId>4b6c492a-eb04-441d-a92a-f44359c06de7</sln:wojIIPId><sln:wojIIPPn>PL.PZGIK.200</sln:wojIIPPn><sln:wojIIPWersja>2012-09-27T13:45:13+02:00</sln:wojIIPWersja><sln:wojIdTeryt>14</sln:wojIdTeryt><sln:wojNazwa>mazowieckie</sln:wojNazwa></sln:miejscowosc><sln:miejscowosc><sln:cyklZyciaDo>2017-03-28T00:00:00+02:00</sln:cyklZyciaDo><sln:cyklZyciaOd>2015-04-30T00:00:00+02:00</sln:cyklZyciaOd><sln:gmIIPId>bf4ac787-bfa5-4c31-8214-feb8c6aa3a09</sln:gmIIPId><sln:gmIIPPn>PL.PZGIK.200</sln:gmIIPPn><sln:gmIIPWersja>2012-09-26T22:55:19+02:00</sln:gmIIPWersja><sln:gmIdTeryt>1424022</sln:gmIdTeryt><sln:gmNazwa>Obryte</sln:gmNazwa><sln:miejscIIPId>5637b977-6107-4557-bc7b-53c49ede048b</sln:miejscIIPId><sln:miejscIIPPn>PL.PZGIK.200</sln:miejscIIPPn><sln:miejscIIPWersja>2016-11-24T10:54:41+02:00</sln:miejscIIPWersja><sln:miejscIdTeryt>0515394</sln:miejscIdTeryt><sln:miejscNazwa>Rowy</sln:miejscNazwa><sln:miejscRodzaj>Wieś</sln:miejscRodzaj><sln:powIIPId>05b6cec3-bcc8-4029-a0bc-99c40ff3c159</sln:powIIPId><sln:powIIPPn>PL.PZGIK.200</sln:powIIPPn><sln:powIIPWersja>2012-09-27T08:13:53+02:00</sln:powIIPWersja><sln:powIdTeryt>1424</sln:powIdTeryt><sln:powNazwa>pułtuski</sln:powNazwa><sln:waznyOd>2013-09-05T00:00:00+02:00</sln:waznyOd><sln:wojIIPId>4b6c492a-eb04-441d-a92a-f44359c06de7</sln:wojIIPId><sln:wojIIPPn>PL.PZGIK.200</sln:wojIIPPn><sln:wojIIPWersja>2012-09-27T13:45:13+02:00</sln:wojIIPWersja><sln:wojIdTeryt>14</sln:wojIdTeryt><sln:wojNazwa>mazowieckie</sln:wojNazwa></sln:miejscowosc><sln:miejscowosc><sln:cyklZyciaDo>2017-03-28T00:00:00+02:00</sln:cyklZyciaDo><sln:cyklZyciaOd>2015-04-30T00:00:00+02:00</sln:cyklZyciaOd><sln:gmIIPId>bf4ac787-bfa5-4c31-8214-feb8c6aa3a09</sln:gmIIPId><sln:gmIIPPn>PL.PZGIK.200</sln:gmIIPPn><sln:gmIIPWersja>2012-09-26T22:55:19+02:00</sln:gmIIPWersja><sln:gmIdTeryt>1424022</sln:gmIdTeryt><sln:gmNazwa>Obryte</sln:gmNazwa><sln:miejscIIPId>b566b4b5-481c-4885-8360-2d21f974c800</sln:miejscIIPId><sln:miejscIIPPn>PL.PZGIK.200</sln:miejscIIPPn><sln:miejscIIPWersja>2016-11-24T10:54:41+02:00</sln:miejscIIPWersja><sln:miejscIdTeryt>0515402</sln:miejscIdTeryt><sln:miejscNazwa>Rozdziały</sln:miejscNazwa><sln:miejscRodzaj>Wieś</sln:miejscRodzaj><sln:powIIPId>05b6cec3-bcc8-4029-a0bc-99c40ff3c159</sln:powIIPId><sln:powIIPPn>PL.PZGIK.200</sln:powIIPPn><sln:powIIPWersja>2012-09-27T08:13:53+02:00</sln:powIIPWersja><sln:powIdTeryt>1424</sln:powIdTeryt><sln:powNazwa>pułtuski</sln:powNazwa><sln:waznyOd>2013-09-05T00:00:00+02:00</sln:waznyOd><sln:wojIIPId>4b6c492a-eb04-441d-a92a-f44359c06de7</sln:wojIIPId><sln:wojIIPPn>PL.PZGIK.200</sln:wojIIPPn><sln:wojIIPWersja>2012-09-27T13:45:13+02:00</sln:wojIIPWersja><sln:wojIdTeryt>14</sln:wojIdTeryt><sln:wojNazwa>mazowieckie</sln:wojNazwa></sln:miejscowosc><sln:miejscowosc><sln:cyklZyciaDo>2017-03-28T00:00:00+02:00</sln:cyklZyciaDo><sln:cyklZyciaOd>2015-04-30T00:00:00+02:00</sln:cyklZyciaOd><sln:gmIIPId>bf4ac787-bfa5-4c31-8214-feb8c6aa3a09</sln:gmIIPId><sln:gmIIPPn>PL.PZGIK.200</sln:gmIIPPn><sln:gmIIPWersja>2012-09-26T22:55:19+02:00</sln:gmIIPWersja><sln:gmIdTeryt>1424022</sln:gmIdTeryt><sln:gmNazwa>Obryte</sln:gmNazwa><sln:miejscIIPId>6e4e3320-9007-4cab-a9f7-cafa207b024b</sln:miejscIIPId><sln:miejscIIPPn>PL.PZGIK.200</sln:miejscIIPPn><sln:miejscIIPWersja>2016-11-24T10:54:41+02:00</sln:miejscIIPWersja><sln:miejscIdTeryt>0515419</sln:miejscIdTeryt><sln:miejscNazwa>Sadykierz</sln:miejscNazwa><sln:miejscRodzaj>Wieś</sln:miejscRodzaj><sln:powIIPId>05b6cec3-bcc8-4029-a0bc-99c40ff3c159</sln:powIIPId><sln:powIIPPn>PL.PZGIK.200</sln:powIIPPn><sln:powIIPWersja>2012-09-27T08:13:53+02:00</sln:powIIPWersja><sln:powIdTeryt>1424</sln:powIdTeryt><sln:powNazwa>pułtuski</sln:powNazwa><sln:waznyOd>2013-09-05T00:00:00+02:00</sln:waznyOd><sln:wojIIPId>4b6c492a-eb04-441d-a92a-f44359c06de7</sln:wojIIPId><sln:wojIIPPn>PL.PZGIK.200</sln:wojIIPPn><sln:wojIIPWersja>2012-09-27T13:45:13+02:00</sln:wojIIPWersja><sln:wojIdTeryt>14</sln:wojIdTeryt><sln:wojNazwa>mazowieckie</sln:wojNazwa></sln:miejscowosc><sln:miejscowosc><sln:cyklZyciaDo>2017-03-28T00:00:00+02:00</sln:cyklZyciaDo><sln:cyklZyciaOd>2015-04-30T00:00:00+02:00</sln:cyklZyciaOd><sln:gmIIPId>bf4ac787-bfa5-4c31-8214-feb8c6aa3a09</sln:gmIIPId><sln:gmIIPPn>PL.PZGIK.200</sln:gmIIPPn><sln:gmIIPWersja>2012-09-26T22:55:19+02:00</sln:gmIIPWersja><sln:gmIdTeryt>1424022</sln:gmIdTeryt><sln:gmNazwa>Obryte</sln:gmNazwa><sln:miejscIIPId>e0458445-f4d7-46ed-8002-15998bc4ed92</sln:miejscIIPId><sln:miejscIIPPn>PL.PZGIK.200</sln:miejscIIPPn><sln:miejscIIPWersja>2016-11-24T10:54:41+02:00</sln:miejscIIPWersja><sln:miejscIdTeryt>0515431</sln:miejscIdTeryt><sln:miejscNazwa>Skłudy</sln:miejscNazwa><sln:miejscRodzaj>Wieś</sln:miejscRodzaj><sln:powIIPId>05b6cec3-bcc8-4029-a0bc-99c40ff3c159</sln:powIIPId><sln:powIIPPn>PL.PZGIK.200</sln:powIIPPn><sln:powIIPWersja>2012-09-27T08:13:53+02:00</sln:powIIPWersja><sln:powIdTeryt>1424</sln:powIdTeryt><sln:powNazwa>pułtuski</sln:powNazwa><sln:waznyOd>2013-09-05T00:00:00+02:00</sln:waznyOd><sln:wojIIPId>4b6c492a-eb04-441d-a92a-f44359c06de7</sln:wojIIPId><sln:wojIIPPn>PL.PZGIK.200</sln:wojIIPPn><sln:wojIIPWersja>2012-09-27T13:45:13+02:00</sln:wojIIPWersja><sln:wojIdTeryt>14</sln:wojIdTeryt><sln:wojNazwa>mazowieckie</sln:wojNazwa></sln:miejscowosc><sln:miejscowosc><sln:cyklZyciaDo>2017-03-28T00:00:00+02:00</sln:cyklZyciaDo><sln:cyklZyciaOd>2015-04-30T00:00:00+02:00</sln:cyklZyciaOd><sln:gmIIPId>bf4ac787-bfa5-4c31-8214-feb8c6aa3a09</sln:gmIIPId><sln:gmIIPPn>PL.PZGIK.200</sln:gmIIPPn><sln:gmIIPWersja>2012-09-26T22:55:19+02:00</sln:gmIIPWersja><sln:gmIdTeryt>1424022</sln:gmIdTeryt><sln:gmNazwa>Obryte</sln:gmNazwa><sln:miejscIIPId>aabd3970-c6b6-458b-99d4-d513162e4421</sln:miejscIIPId><sln:miejscIIPPn>PL.PZGIK.200</sln:miejscIIPPn><sln:miejscIIPWersja>2016-11-24T10:54:41+02:00</sln:miejscIIPWersja><sln:miejscIdTeryt>0515448</sln:miejscIdTeryt><sln:miejscNazwa>Sokołowo-Parcele</sln:miejscNazwa><sln:miejscRodzaj>Wieś</sln:miejscRodzaj><sln:powIIPId>05b6cec3-bcc8-4029-a0bc-99c40ff3c159</sln:powIIPId><sln:powIIPPn>PL.PZGIK.200</sln:powIIPPn><sln:powIIPWersja>2012-09-27T08:13:53+02:00</sln:powIIPWersja><sln:powIdTeryt>1424</sln:powIdTeryt><sln:powNazwa>pułtuski</sln:powNazwa><sln:waznyOd>2013-09-06T00:00:00+02:00</sln:waznyOd><sln:wojIIPId>4b6c492a-eb04-441d-a92a-f44359c06de7</sln:wojIIPId><sln:wojIIPPn>PL.PZGIK.200</sln:wojIIPPn><sln:wojIIPWersja>2012-09-27T13:45:13+02:00</sln:wojIIPWersja><sln:wojIdTeryt>14</sln:wojIdTeryt><sln:wojNazwa>mazowieckie</sln:wojNazwa></sln:miejscowosc><sln:miejscowosc><sln:cyklZyciaDo>2017-03-28T00:00:00+02:00</sln:cyklZyciaDo><sln:cyklZyciaOd>2015-04-30T00:00:00+02:00</sln:cyklZyciaOd><sln:gmIIPId>bf4ac787-bfa5-4c31-8214-feb8c6aa3a09</sln:gmIIPId><sln:gmIIPPn>PL.PZGIK.200</sln:gmIIPPn><sln:gmIIPWersja>2012-09-26T22:55:19+02:00</sln:gmIIPWersja><sln:gmIdTeryt>1424022</sln:gmIdTeryt><sln:gmNazwa>Obryte</sln:gmNazwa><sln:miejscIIPId>913c3f50-fbeb-4a32-aa7b-39b042b0459a</sln:miejscIIPId><sln:miejscIIPPn>PL.PZGIK.200</sln:miejscIIPPn><sln:miejscIIPWersja>2016-11-24T10:54:41+02:00</sln:miejscIIPWersja><sln:miejscIdTeryt>0515477</sln:miejscIdTeryt><sln:miejscNazwa>Sokołowo Włościańskie</sln:miejscNazwa><sln:miejscRodzaj>Wieś</sln:miejscRodzaj><sln:powIIPId>05b6cec3-bcc8-4029-a0bc-99c40ff3c159</sln:powIIPId><sln:powIIPPn>PL.PZGIK.200</sln:powIIPPn><sln:powIIPWersja>2012-09-27T08:13:53+02:00</sln:powIIPWersja><sln:powIdTeryt>1424</sln:powIdTeryt><sln:powNazwa>pułtuski</sln:powNazwa><sln:waznyOd>2013-09-05T00:00:00+02:00</sln:waznyOd><sln:wojIIPId>4b6c492a-eb04-441d-a92a-f44359c06de7</sln:wojIIPId><sln:wojIIPPn>PL.PZGIK.200</sln:wojIIPPn><sln:wojIIPWersja>2012-09-27T13:45:13+02:00</sln:wojIIPWersja><sln:wojIdTeryt>14</sln:wojIdTeryt><sln:wojNazwa>mazowieckie</sln:wojNazwa></sln:miejscowosc><sln:miejscowosc><sln:cyklZyciaDo>2017-03-28T00:00:00+02:00</sln:cyklZyciaDo><sln:cyklZyciaOd>2015-04-30T00:00:00+02:00</sln:cyklZyciaOd><sln:gmIIPId>bf4ac787-bfa5-4c31-8214-feb8c6aa3a09</sln:gmIIPId><sln:gmIIPPn>PL.PZGIK.200</sln:gmIIPPn><sln:gmIIPWersja>2012-09-26T22:55:19+02:00</sln:gmIIPWersja><sln:gmIdTeryt>1424022</sln:gmIdTeryt><sln:gmNazwa>Obryte</sln:gmNazwa><sln:miejscIIPId>9da3884c-fd7d-427a-b312-02ae91b1cffe</sln:miejscIIPId><sln:miejscIIPPn>PL.PZGIK.200</sln:miejscIIPPn><sln:miejscIIPWersja>2016-11-24T10:54:41+02:00</sln:miejscIIPWersja><sln:miejscIdTeryt>0515514</sln:miejscIdTeryt><sln:miejscNazwa>Stare Zambski</sln:miejscNazwa><sln:miejscRodzaj>Wieś</sln:miejscRodzaj><sln:powIIPId>05b6cec3-bcc8-4029-a0bc-99c40ff3c159</sln:powIIPId><sln:powIIPPn>PL.PZGIK.200</sln:powIIPPn><sln:powIIPWersja>2012-09-27T08:13:53+02:00</sln:powIIPWersja><sln:powIdTeryt>1424</sln:powIdTeryt><sln:powNazwa>pułtuski</sln:powNazwa><sln:waznyOd>2013-09-06T00:00:00+02:00</sln:waznyOd><sln:wojIIPId>4b6c492a-eb04-441d-a92a-f44359c06de7</sln:wojIIPId><sln:wojIIPPn>PL.PZGIK.200</sln:wojIIPPn><sln:wojIIPWersja>2012-09-27T13:45:13+02:00</sln:wojIIPWersja><sln:wojIdTeryt>14</sln:wojIdTeryt><sln:wojNazwa>mazowieckie</sln:wojNazwa></sln:miejscowosc><sln:miejscowosc><sln:cyklZyciaDo>2017-03-28T00:00:00+02:00</sln:cyklZyciaDo><sln:cyklZyciaOd>2015-04-30T00:00:00+02:00</sln:cyklZyciaOd><sln:gmIIPId>bf4ac787-bfa5-4c31-8214-feb8c6aa3a09</sln:gmIIPId><sln:gmIIPPn>PL.PZGIK.200</sln:gmIIPPn><sln:gmIIPWersja>2012-09-26T22:55:19+02:00</sln:gmIIPWersja><sln:gmIdTeryt>1424022</sln:gmIdTeryt><sln:gmNazwa>Obryte</sln:gmNazwa><sln:miejscIIPId>2bc3ab02-422c-41dc-8147-b24ae84e5593</sln:miejscIIPId><sln:miejscIIPPn>PL.PZGIK.200</sln:miejscIIPPn><sln:miejscIIPWersja>2016-11-24T10:54:41+02:00</sln:miejscIIPWersja><sln:miejscIdTeryt>0515572</sln:miejscIdTeryt><sln:miejscNazwa>Tocznabiel</sln:miejscNazwa><sln:miejscRodzaj>Wieś</sln:miejscRodzaj><sln:powIIPId>05b6cec3-bcc8-4029-a0bc-99c40ff3c159</sln:powIIPId><sln:powIIPPn>PL.PZGIK.200</sln:powIIPPn><sln:powIIPWersja>2012-09-27T08:13:53+02:00</sln:powIIPWersja><sln:powIdTeryt>1424</sln:powIdTeryt><sln:powNazwa>pułtuski</sln:powNazwa><sln:waznyOd>2013-09-05T00:00:00+02:00</sln:waznyOd><sln:wojIIPId>4b6c492a-eb04-441d-a92a-f44359c06de7</sln:wojIIPId><sln:wojIIPPn>PL.PZGIK.200</sln:wojIIPPn><sln:wojIIPWersja>2012-09-27T13:45:13+02:00</sln:wojIIPWersja><sln:wojIdTeryt>14</sln:wojIdTeryt><sln:wojNazwa>mazowieckie</sln:wojNazwa></sln:miejscowosc><sln:miejscowosc><sln:cyklZyciaDo>2017-03-28T00:00:00+02:00</sln:cyklZyciaDo><sln:cyklZyciaOd>2015-04-30T00:00:00+02:00</sln:cyklZyciaOd><sln:gmIIPId>bf4ac787-bfa5-4c31-8214-feb8c6aa3a09</sln:gmIIPId><sln:gmIIPPn>PL.PZGIK.200</sln:gmIIPPn><sln:gmIIPWersja>2012-09-26T22:55:19+02:00</sln:gmIIPWersja><sln:gmIdTeryt>1424022</sln:gmIdTeryt><sln:gmNazwa>Obryte</sln:gmNazwa><sln:miejscIIPId>36238abf-508a-49d4-a767-54479714d418</sln:miejscIIPId><sln:miejscIIPPn>PL.PZGIK.200</sln:miejscIIPPn><sln:miejscIIPWersja>2016-11-24T10:54:41+02:00</sln:miejscIIPWersja><sln:miejscIdTeryt>0515610</sln:miejscIdTeryt><sln:miejscNazwa>Ulaski</sln:miejscNazwa><sln:miejscRodzaj>Wieś</sln:miejscRodzaj><sln:powIIPId>05b6cec3-bcc8-4029-a0bc-99c40ff3c159</sln:powIIPId><sln:powIIPPn>PL.PZGIK.200</sln:powIIPPn><sln:powIIPWersja>2012-09-27T08:13:53+02:00</sln:powIIPWersja><sln:powIdTeryt>1424</sln:powIdTeryt><sln:powNazwa>pułtuski</sln:powNazwa><sln:waznyOd>2013-09-05T00:00:00+02:00</sln:waznyOd><sln:wojIIPId>4b6c492a-eb04-441d-a92a-f44359c06de7</sln:wojIIPId><sln:wojIIPPn>PL.PZGIK.200</sln:wojIIPPn><sln:wojIIPWersja>2012-09-27T13:45:13+02:00</sln:wojIIPWersja><sln:wojIdTeryt>14</sln:wojIdTeryt><sln:wojNazwa>mazowieckie</sln:wojNazwa></sln:miejscowosc><sln:miejscowosc><sln:cyklZyciaDo>2017-03-28T00:00:00+02:00</sln:cyklZyciaDo><sln:cyklZyciaOd>2015-04-30T00:00:00+02:00</sln:cyklZyciaOd><sln:gmIIPId>bf4ac787-bfa5-4c31-8214-feb8c6aa3a09</sln:gmIIPId><sln:gmIIPPn>PL.PZGIK.200</sln:gmIIPPn><sln:gmIIPWersja>2012-09-26T22:55:19+02:00</sln:gmIIPWersja><sln:gmIdTeryt>1424022</sln:gmIdTeryt><sln:gmNazwa>Obryte</sln:gmNazwa><sln:miejscIIPId>ba0ff530-c8c6-4ab2-9eaa-955830be69f0</sln:miejscIIPId><sln:miejscIIPPn>PL.PZGIK.200</sln:miejscIIPPn><sln:miejscIIPWersja>2016-11-24T10:54:41+02:00</sln:miejscIIPWersja><sln:miejscIdTeryt>0515632</sln:miejscIdTeryt><sln:miejscNazwa>Wielgolas</sln:miejscNazwa><sln:miejscRodzaj>Wieś</sln:miejscRodzaj><sln:powIIPId>05b6cec3-bcc8-4029-a0bc-99c40ff3c159</sln:powIIPId><sln:powIIPPn>PL.PZGIK.200</sln:powIIPPn><sln:powIIPWersja>2012-09-27T08:13:53+02:00</sln:powIIPWersja><sln:powIdTeryt>1424</sln:powIdTeryt><sln:powNazwa>pułtuski</sln:powNazwa><sln:waznyOd>2013-09-05T00:00:00+02:00</sln:waznyOd><sln:wojIIPId>4b6c492a-eb04-441d-a92a-f44359c06de7</sln:wojIIPId><sln:wojIIPPn>PL.PZGIK.200</sln:wojIIPPn><sln:wojIIPWersja>2012-09-27T13:45:13+02:00</sln:wojIIPWersja><sln:wojIdTeryt>14</sln:wojIdTeryt><sln:wojNazwa>mazowieckie</sln:wojNazwa></sln:miejscowosc><sln:miejscowosc><sln:cyklZyciaDo>2017-03-28T00:00:00+02:00</sln:cyklZyciaDo><sln:cyklZyciaOd>2015-04-30T00:00:00+02:00</sln:cyklZyciaOd><sln:gmIIPId>bf4ac787-bfa5-4c31-8214-feb8c6aa3a09</sln:gmIIPId><sln:gmIIPPn>PL.PZGIK.200</sln:gmIIPPn><sln:gmIIPWersja>2012-09-26T22:55:19+02:00</sln:gmIIPWersja><sln:gmIdTeryt>1424022</sln:gmIdTeryt><sln:gmNazwa>Obryte</sln:gmNazwa><sln:miejscIIPId>e6ab5078-c704-48b2-a83c-acb3433e23f1</sln:miejscIIPId><sln:miejscIIPPn>PL.PZGIK.200</sln:miejscIIPPn><sln:miejscIIPWersja>2016-11-24T10:54:41+02:00</sln:miejscIIPWersja><sln:miejscIdTeryt>0515603</sln:miejscIdTeryt><sln:miejscNazwa>Wzgórze-Leśniczówka</sln:miejscNazwa><sln:miejscRodzaj>Osada leśna</sln:miejscRodzaj><sln:powIIPId>05b6cec3-bcc8-4029-a0bc-99c40ff3c159</sln:powIIPId><sln:powIIPPn>PL.PZGIK.200</sln:powIIPPn><sln:powIIPWersja>2012-09-27T08:13:53+02:00</sln:powIIPWersja><sln:powIdTeryt>1424</sln:powIdTeryt><sln:powNazwa>pułtuski</sln:powNazwa><sln:waznyOd>2013-09-05T00:00:00+02:00</sln:waznyOd><sln:wojIIPId>4b6c492a-eb04-441d-a92a-f44359c06de7</sln:wojIIPId><sln:wojIIPPn>PL.PZGIK.200</sln:wojIIPPn><sln:wojIIPWersja>2012-09-27T13:45:13+02:00</sln:wojIIPWersja><sln:wojIdTeryt>14</sln:wojIdTeryt><sln:wojNazwa>mazowieckie</sln:wojNazwa></sln:miejscowosc><sln:miejscowosc><sln:cyklZyciaDo>2017-03-28T00:00:00+02:00</sln:cyklZyciaDo><sln:cyklZyciaOd>2015-04-30T00:00:00+02:00</sln:cyklZyciaOd><sln:gmIIPId>bf4ac787-bfa5-4c31-8214-feb8c6aa3a09</sln:gmIIPId><sln:gmIIPPn>PL.PZGIK.200</sln:gmIIPPn><sln:gmIIPWersja>2012-09-26T22:55:19+02:00</sln:gmIIPWersja><sln:gmIdTeryt>1424022</sln:gmIdTeryt><sln:gmNazwa>Obryte</sln:gmNazwa><sln:miejscIIPId>9980e392-0358-46cc-96a7-f14b484f4662</sln:miejscIIPId><sln:miejscIIPPn>PL.PZGIK.200</sln:miejscIIPPn><sln:miejscIIPWersja>2016-11-24T10:54:41+02:00</sln:miejscIIPWersja><sln:miejscIdTeryt>0515684</sln:miejscIdTeryt><sln:miejscNazwa>Zambski Kościelne</sln:miejscNazwa><sln:miejscRodzaj>Wieś</sln:miejscRodzaj><sln:powIIPId>05b6cec3-bcc8-4029-a0bc-99c40ff3c159</sln:powIIPId><sln:powIIPPn>PL.PZGIK.200</sln:powIIPPn><sln:powIIPWersja>2012-09-27T08:13:53+02:00</sln:powIIPWersja><sln:powIdTeryt>1424</sln:powIdTeryt><sln:powNazwa>pułtuski</sln:powNazwa><sln:waznyOd>2013-09-05T00:00:00+02:00</sln:waznyOd><sln:wojIIPId>4b6c492a-eb04-441d-a92a-f44359c06de7</sln:wojIIPId><sln:wojIIPPn>PL.PZGIK.200</sln:wojIIPPn><sln:wojIIPWersja>2012-09-27T13:45:13+02:00</sln:wojIIPWersja><sln:wojIdTeryt>14</sln:wojIdTeryt><sln:wojNazwa>mazowieckie</sln:wojNazwa></sln:miejscowosc><sln:miejscowosc><sln:cyklZyciaOd>2017-03-28T00:00:00+02:00</sln:cyklZyciaOd><sln:gmIIPId>bf4ac787-bfa5-4c31-8214-feb8c6aa3a09</sln:gmIIPId><sln:gmIIPPn>PL.PZGIK.200</sln:gmIIPPn><sln:gmIIPWersja>2012-09-26T22:55:19+02:00</sln:gmIIPWersja><sln:gmIdTeryt>1424022</sln:gmIdTeryt><sln:gmNazwa>Obryte</sln:gmNazwa><sln:miejscIIPId>f190c1b4-b7b1-4efa-8889-e86316d8932a</sln:miejscIIPId><sln:miejscIIPPn>PL.PZGIK.200</sln:miejscIIPPn><sln:miejscIIPWersja>2017-03-28T13:54:26+02:00</sln:miejscIIPWersja><sln:miejscIdTeryt>0515075</sln:miejscIdTeryt><sln:miejscNazwa>Bartodzieje</sln:miejscNazwa><sln:miejscRodzaj>Wieś</sln:miejscRodzaj><sln:powIIPId>05b6cec3-bcc8-4029-a0bc-99c40ff3c159</sln:powIIPId><sln:powIIPPn>PL.PZGIK.200</sln:powIIPPn><sln:powIIPWersja>2012-09-27T08:13:53+02:00</sln:powIIPWersja><sln:powIdTeryt>1424</sln:powIdTeryt><sln:powNazwa>pułtuski</sln:powNazwa><sln:waznyOd>2013-09-05T00:00:00+02:00</sln:waznyOd><sln:wojIIPId>4b6c492a-eb04-441d-a92a-f44359c06de7</sln:wojIIPId><sln:wojIIPPn>PL.PZGIK.200</sln:wojIIPPn><sln:wojIIPWersja>2012-09-27T13:45:13+02:00</sln:wojIIPWersja><sln:wojIdTeryt>14</sln:wojIdTeryt><sln:wojNazwa>mazowieckie</sln:wojNazwa></sln:miejscowosc><sln:miejscowosc><sln:cyklZyciaOd>2017-03-28T00:00:00+02:00</sln:cyklZyciaOd><sln:gmIIPId>bf4ac787-bfa5-4c31-8214-feb8c6aa3a09</sln:gmIIPId><sln:gmIIPPn>PL.PZGIK.200</sln:gmIIPPn><sln:gmIIPWersja>2012-09-26T22:55:19+02:00</sln:gmIIPWersja><sln:gmIdTeryt>1424022</sln:gmIdTeryt><sln:gmNazwa>Obryte</sln:gmNazwa><sln:miejscIIPId>7a0a66c6-8980-406c-90e1-a1597906b7a4</sln:miejscIIPId><sln:miejscIIPPn>PL.PZGIK.200</sln:miejscIIPPn><sln:miejscIIPWersja>2017-03-28T13:54:32+02:00</sln:miejscIIPWersja><sln:miejscIdTeryt>0515098</sln:miejscIdTeryt><sln:miejscNazwa>Ciółkowo Małe</sln:miejscNazwa><sln:miejscRodzaj>Wieś</sln:miejscRodzaj><sln:powIIPId>05b6cec3-bcc8-4029-a0bc-99c40ff3c159</sln:powIIPId><sln:powIIPPn>PL.PZGIK.200</sln:powIIPPn><sln:powIIPWersja>2012-09-27T08:13:53+02:00</sln:powIIPWersja><sln:powIdTeryt>1424</sln:powIdTeryt><sln:powNazwa>pułtuski</sln:powNazwa><sln:waznyOd>2013-09-05T00:00:00+02:00</sln:waznyOd><sln:wojIIPId>4b6c492a-eb04-441d-a92a-f44359c06de7</sln:wojIIPId><sln:wojIIPPn>PL.PZGIK.200</sln:wojIIPPn><sln:wojIIPWersja>2012-09-27T13:45:13+02:00</sln:wojIIPWersja><sln:wojIdTeryt>14</sln:wojIdTeryt><sln:wojNazwa>mazowieckie</sln:wojNazwa></sln:miejscowosc><sln:miejscowosc><sln:cyklZyciaOd>2017-03-28T00:00:00+02:00</sln:cyklZyciaOd><sln:gmIIPId>bf4ac787-bfa5-4c31-8214-feb8c6aa3a09</sln:gmIIPId><sln:gmIIPPn>PL.PZGIK.200</sln:gmIIPPn><sln:gmIIPWersja>2012-09-26T22:55:19+02:00</sln:gmIIPWersja><sln:gmIdTeryt>1424022</sln:gmIdTeryt><sln:gmNazwa>Obryte</sln:gmNazwa><sln:miejscIIPId>725b490a-61c5-4408-ab1e-14c4e38616c3</sln:miejscIIPId><sln:miejscIIPPn>PL.PZGIK.200</sln:miejscIIPPn><sln:miejscIIPWersja>2017-03-28T13:54:32+02:00</sln:miejscIIPWersja><sln:miejscIdTeryt>0515129</sln:miejscIdTeryt><sln:miejscNazwa>Ciółkowo Rządowe</sln:miejscNazwa><sln:miejscRodzaj>Wieś</sln:miejscRodzaj><sln:powIIPId>05b6cec3-bcc8-4029-a0bc-99c40ff3c159</sln:powIIPId><sln:powIIPPn>PL.PZGIK.200</sln:powIIPPn><sln:powIIPWersja>2012-09-27T08:13:53+02:00</sln:powIIPWersja><sln:powIdTeryt>1424</sln:powIdTeryt><sln:powNazwa>pułtuski</sln:powNazwa><sln:waznyOd>2013-09-05T00:00:00+02:00</sln:waznyOd><sln:wojIIPId>4b6c492a-eb04-441d-a92a-f44359c06de7</sln:wojIIPId><sln:wojIIPPn>PL.PZGIK.200</sln:wojIIPPn><sln:wojIIPWersja>2012-09-27T13:45:13+02:00</sln:wojIIPWersja><sln:wojIdTeryt>14</sln:wojIdTeryt><sln:wojNazwa>mazowieckie</sln:wojNazwa></sln:miejscowosc><sln:miejscowosc><sln:cyklZyciaOd>2017-03-28T00:00:00+02:00</sln:cyklZyciaOd><sln:gmIIPId>bf4ac787-bfa5-4c31-8214-feb8c6aa3a09</sln:gmIIPId><sln:gmIIPPn>PL.PZGIK.200</sln:gmIIPPn><sln:gmIIPWersja>2012-09-26T22:55:19+02:00</sln:gmIIPWersja><sln:gmIdTeryt>1424022</sln:gmIdTeryt><sln:gmNazwa>Obryte</sln:gmNazwa><sln:miejscIIPId>dff8586f-12eb-4d5e-87e2-eb21e3667db3</sln:miejscIIPId><sln:miejscIIPPn>PL.PZGIK.200</sln:miejscIIPPn><sln:miejscIIPWersja>2017-03-28T13:54:32+02:00</sln:miejscIIPWersja><sln:miejscIdTeryt>0515141</sln:miejscIdTeryt><sln:miejscNazwa>Cygany</sln:miejscNazwa><sln:miejscRodzaj>Wieś</sln:miejscRodzaj><sln:powIIPId>05b6cec3-bcc8-4029-a0bc-99c40ff3c159</sln:powIIPId><sln:powIIPPn>PL.PZGIK.200</sln:powIIPPn><sln:powIIPWersja>2012-09-27T08:13:53+02:00</sln:powIIPWersja><sln:powIdTeryt>1424</sln:powIdTeryt><sln:powNazwa>pułtuski</sln:powNazwa><sln:waznyOd>2013-09-05T00:00:00+02:00</sln:waznyOd><sln:wojIIPId>4b6c492a-eb04-441d-a92a-f44359c06de7</sln:wojIIPId><sln:wojIIPPn>PL.PZGIK.200</sln:wojIIPPn><sln:wojIIPWersja>2012-09-27T13:45:13+02:00</sln:wojIIPWersja><sln:wojIdTeryt>14</sln:wojIdTeryt><sln:wojNazwa>mazowieckie</sln:wojNazwa></sln:miejscowosc><sln:miejscowosc><sln:cyklZyciaOd>2017-03-28T00:00:00+02:00</sln:cyklZyciaOd><sln:gmIIPId>bf4ac787-bfa5-4c31-8214-feb8c6aa3a09</sln:gmIIPId><sln:gmIIPPn>PL.PZGIK.200</sln:gmIIPPn><sln:gmIIPWersja>2012-09-26T22:55:19+02:00</sln:gmIIPWersja><sln:gmIdTeryt>1424022</sln:gmIdTeryt><sln:gmNazwa>Obryte</sln:gmNazwa><sln:miejscIIPId>3c88d2f9-1a0f-41f1-afa0-ad3f24e0d91c</sln:miejscIIPId><sln:miejscIIPPn>PL.PZGIK.200</sln:miejscIIPPn><sln:miejscIIPWersja>2017-03-28T13:54:33+02:00</sln:miejscIIPWersja><sln:miejscIdTeryt>0515158</sln:miejscIdTeryt><sln:miejscNazwa>Gostkowo</sln:miejscNazwa><sln:miejscRodzaj>Wieś</sln:miejscRodzaj><sln:powIIPId>05b6cec3-bcc8-4029-a0bc-99c40ff3c159</sln:powIIPId><sln:powIIPPn>PL.PZGIK.200</sln:powIIPPn><sln:powIIPWersja>2012-09-27T08:13:53+02:00</sln:powIIPWersja><sln:powIdTeryt>1424</sln:powIdTeryt><sln:powNazwa>pułtuski</sln:powNazwa><sln:waznyOd>2013-09-05T00:00:00+02:00</sln:waznyOd><sln:wojIIPId>4b6c492a-eb04-441d-a92a-f44359c06de7</sln:wojIIPId><sln:wojIIPPn>PL.PZGIK.200</sln:wojIIPPn><sln:wojIIPWersja>2012-09-27T13:45:13+02:00</sln:wojIIPWersja><sln:wojIdTeryt>14</sln:wojIdTeryt><sln:wojNazwa>mazowieckie</sln:wojNazwa></sln:miejscowosc><sln:miejscowosc><sln:cyklZyciaOd>2017-03-28T00:00:00+02:00</sln:cyklZyciaOd><sln:gmIIPId>bf4ac787-bfa5-4c31-8214-feb8c6aa3a09</sln:gmIIPId><sln:gmIIPPn>PL.PZGIK.200</sln:gmIIPPn><sln:gmIIPWersja>2012-09-26T22:55:19+02:00</sln:gmIIPWersja><sln:gmIdTeryt>1424022</sln:gmIdTeryt><sln:gmNazwa>Obryte</sln:gmNazwa><sln:miejscIIPId>ce91eaff-63f5-44e7-93a0-6be0c5b2b683</sln:miejscIIPId><sln:miejscIIPPn>PL.PZGIK.200</sln:miejscIIPPn><sln:miejscIIPWersja>2017-03-28T13:54:33+02:00</sln:miejscIIPWersja><sln:miejscIdTeryt>0515164</sln:miejscIdTeryt><sln:miejscNazwa>Gródek Rządowy</sln:miejscNazwa><sln:miejscRodzaj>Wieś</sln:miejscRodzaj><sln:powIIPId>05b6cec3-bcc8-4029-a0bc-99c40ff3c159</sln:powIIPId><sln:powIIPPn>PL.PZGIK.200</sln:powIIPPn><sln:powIIPWersja>2012-09-27T08:13:53+02:00</sln:powIIPWersja><sln:powIdTeryt>1424</sln:powIdTeryt><sln:powNazwa>pułtuski</sln:powNazwa><sln:waznyOd>2013-09-05T00:00:00+02:00</sln:waznyOd><sln:wojIIPId>4b6c492a-eb04-441d-a92a-f44359c06de7</sln:wojIIPId><sln:wojIIPPn>PL.PZGIK.200</sln:wojIIPPn><sln:wojIIPWersja>2012-09-27T13:45:13+02:00</sln:wojIIPWersja><sln:wojIdTeryt>14</sln:wojIdTeryt><sln:wojNazwa>mazowieckie</sln:wojNazwa></sln:miejscowosc><sln:miejscowosc><sln:cyklZyciaOd>2017-03-28T00:00:00+02:00</sln:cyklZyciaOd><sln:gmIIPId>bf4ac787-bfa5-4c31-8214-feb8c6aa3a09</sln:gmIIPId><sln:gmIIPPn>PL.PZGIK.200</sln:gmIIPPn><sln:gmIIPWersja>2012-09-26T22:55:19+02:00</sln:gmIIPWersja><sln:gmIdTeryt>1424022</sln:gmIdTeryt><sln:gmNazwa>Obryte</sln:gmNazwa><sln:miejscIIPId>a75cc3d0-d135-4d4b-b4e8-b2c2de62488b</sln:miejscIIPId><sln:miejscIIPPn>PL.PZGIK.200</sln:miejscIIPPn><sln:miejscIIPWersja>2017-03-28T13:54:33+02:00</sln:miejscIIPWersja><sln:miejscIdTeryt>0515187</sln:miejscIdTeryt><sln:miejscNazwa>Kalinowo</sln:miejscNazwa><sln:miejscRodzaj>Wieś</sln:miejscRodzaj><sln:powIIPId>05b6cec3-bcc8-4029-a0bc-99c40ff3c159</sln:powIIPId><sln:powIIPPn>PL.PZGIK.200</sln:powIIPPn><sln:powIIPWersja>2012-09-27T08:13:53+02:00</sln:powIIPWersja><sln:powIdTeryt>1424</sln:powIdTeryt><sln:powNazwa>pułtuski</sln:powNazwa><sln:waznyOd>2013-09-05T00:00:00+02:00</sln:waznyOd><sln:wojIIPId>4b6c492a-eb04-441d-a92a-f44359c06de7</sln:wojIIPId><sln:wojIIPPn>PL.PZGIK.200</sln:wojIIPPn><sln:wojIIPWersja>2012-09-27T13:45:13+02:00</sln:wojIIPWersja><sln:wojIdTeryt>14</sln:wojIdTeryt><sln:wojNazwa>mazowieckie</sln:wojNazwa></sln:miejscowosc><sln:miejscowosc><sln:cyklZyciaOd>2017-03-28T00:00:00+02:00</sln:cyklZyciaOd><sln:gmIIPId>bf4ac787-bfa5-4c31-8214-feb8c6aa3a09</sln:gmIIPId><sln:gmIIPPn>PL.PZGIK.200</sln:gmIIPPn><sln:gmIIPWersja>2012-09-26T22:55:19+02:00</sln:gmIIPWersja><sln:gmIdTeryt>1424022</sln:gmIdTeryt><sln:gmNazwa>Obryte</sln:gmNazwa><sln:miejscIIPId>085fc59e-fd36-4c33-9752-b59b5e3b5a82</sln:miejscIIPId><sln:miejscIIPPn>PL.PZGIK.200</sln:miejscIIPPn><sln:miejscIIPWersja>2017-03-28T13:54:33+02:00</sln:miejscIIPWersja><sln:miejscIdTeryt>0515193</sln:miejscIdTeryt><sln:miejscNazwa>Mokrus</sln:miejscNazwa><sln:miejscRodzaj>Wieś</sln:miejscRodzaj><sln:powIIPId>05b6cec3-bcc8-4029-a0bc-99c40ff3c159</sln:powIIPId><sln:powIIPPn>PL.PZGIK.200</sln:powIIPPn><sln:powIIPWersja>2012-09-27T08:13:53+02:00</sln:powIIPWersja><sln:powIdTeryt>1424</sln:powIdTeryt><sln:powNazwa>pułtuski</sln:powNazwa><sln:waznyOd>2013-09-05T00:00:00+02:00</sln:waznyOd><sln:wojIIPId>4b6c492a-eb04-441d-a92a-f44359c06de7</sln:wojIIPId><sln:wojIIPPn>PL.PZGIK.200</sln:wojIIPPn><sln:wojIIPWersja>2012-09-27T13:45:13+02:00</sln:wojIIPWersja><sln:wojIdTeryt>14</sln:wojIdTeryt><sln:wojNazwa>mazowieckie</sln:wojNazwa></sln:miejscowosc><sln:miejscowosc><sln:cyklZyciaOd>2017-03-28T00:00:00+02:00</sln:cyklZyciaOd><sln:gmIIPId>bf4ac787-bfa5-4c31-8214-feb8c6aa3a09</sln:gmIIPId><sln:gmIIPPn>PL.PZGIK.200</sln:gmIIPPn><sln:gmIIPWersja>2012-09-26T22:55:19+02:00</sln:gmIIPWersja><sln:gmIdTeryt>1424022</sln:gmIdTeryt><sln:gmNazwa>Obryte</sln:gmNazwa><sln:miejscIIPId>2c0a1b8a-4995-47a8-a9ef-5459ddc70795</sln:miejscIIPId><sln:miejscIIPPn>PL.PZGIK.200</sln:miejscIIPPn><sln:miejscIIPWersja>2017-03-28T13:54:33+02:00</sln:miejscIIPWersja><sln:miejscIdTeryt>0515218</sln:miejscIdTeryt><sln:miejscNazwa>Gródek Nowy</sln:miejscNazwa><sln:miejscRodzaj>Wieś</sln:miejscRodzaj><sln:powIIPId>05b6cec3-bcc8-4029-a0bc-99c40ff3c159</sln:powIIPId><sln:powIIPPn>PL.PZGIK.200</sln:powIIPPn><sln:powIIPWersja>2012-09-27T08:13:53+02:00</sln:powIIPWersja><sln:powIdTeryt>1424</sln:powIdTeryt><sln:powNazwa>pułtuski</sln:powNazwa><sln:waznyOd>2015-06-10T00:00:00+02:00</sln:waznyOd><sln:wojIIPId>4b6c492a-eb04-441d-a92a-f44359c06de7</sln:wojIIPId><sln:wojIIPPn>PL.PZGIK.200</sln:wojIIPPn><sln:wojIIPWersja>2012-09-27T13:45:13+02:00</sln:wojIIPWersja><sln:wojIdTeryt>14</sln:wojIdTeryt><sln:wojNazwa>mazowieckie</sln:wojNazwa></sln:miejscowosc><sln:miejscowosc><sln:cyklZyciaOd>2017-03-28T00:00:00+02:00</sln:cyklZyciaOd><sln:gmIIPId>bf4ac787-bfa5-4c31-8214-feb8c6aa3a09</sln:gmIIPId><sln:gmIIPPn>PL.PZGIK.200</sln:gmIIPPn><sln:gmIIPWersja>2012-09-26T22:55:19+02:00</sln:gmIIPWersja><sln:gmIdTeryt>1424022</sln:gmIdTeryt><sln:gmNazwa>Obryte</sln:gmNazwa><sln:miejscIIPId>6aa0042e-756b-4b30-9b20-ef6d7afd1080</sln:miejscIIPId><sln:miejscIIPPn>PL.PZGIK.200</sln:miejscIIPPn><sln:miejscIIPWersja>2017-03-28T13:54:33+02:00</sln:miejscIIPWersja><sln:miejscIdTeryt>0515224</sln:miejscIdTeryt><sln:miejscNazwa>Obryte</sln:miejscNazwa><sln:miejscRodzaj>Wieś</sln:miejscRodzaj><sln:powIIPId>05b6cec3-bcc8-4029-a0bc-99c40ff3c159</sln:powIIPId><sln:powIIPPn>PL.PZGIK.200</sln:powIIPPn><sln:powIIPWersja>2012-09-27T08:13:53+02:00</sln:powIIPWersja><sln:powIdTeryt>1424</sln:powIdTeryt><sln:powNazwa>pułtuski</sln:powNazwa><sln:waznyOd>2013-09-05T00:00:00+02:00</sln:waznyOd><sln:wojIIPId>4b6c492a-eb04-441d-a92a-f44359c06de7</sln:wojIIPId><sln:wojIIPPn>PL.PZGIK.200</sln:wojIIPPn><sln:wojIIPWersja>2012-09-27T13:45:13+02:00</sln:wojIIPWersja><sln:wojIdTeryt>14</sln:wojIdTeryt><sln:wojNazwa>mazowieckie</sln:wojNazwa></sln:miejscowosc><sln:miejscowosc><sln:cyklZyciaOd>2017-03-28T00:00:00+02:00</sln:cyklZyciaOd><sln:gmIIPId>bf4ac787-bfa5-4c31-8214-feb8c6aa3a09</sln:gmIIPId><sln:gmIIPPn>PL.PZGIK.200</sln:gmIIPPn><sln:gmIIPWersja>2012-09-26T22:55:19+02:00</sln:gmIIPWersja><sln:gmIdTeryt>1424022</sln:gmIdTeryt><sln:gmNazwa>Obryte</sln:gmNazwa><sln:miejscIIPId>d83c69eb-4fe8-44c5-9620-57d705e33b2e</sln:miejscIIPId><sln:miejscIIPPn>PL.PZGIK.200</sln:miejscIIPPn><sln:miejscIIPWersja>2017-03-28T13:54:33+02:00</sln:miejscIIPWersja><sln:miejscIdTeryt>0515307</sln:miejscIdTeryt><sln:miejscNazwa>Płusy</sln:miejscNazwa><sln:miejscRodzaj>Wieś</sln:miejscRodzaj><sln:powIIPId>05b6cec3-bcc8-4029-a0bc-99c40ff3c159</sln:powIIPId><sln:powIIPPn>PL.PZGIK.200</sln:powIIPPn><sln:powIIPWersja>2012-09-27T08:13:53+02:00</sln:powIIPWersja><sln:powIdTeryt>1424</sln:powIdTeryt><sln:powNazwa>pułtuski</sln:powNazwa><sln:waznyOd>2013-09-05T00:00:00+02:00</sln:waznyOd><sln:wojIIPId>4b6c492a-eb04-441d-a92a-f44359c06de7</sln:wojIIPId><sln:wojIIPPn>PL.PZGIK.200</sln:wojIIPPn><sln:wojIIPWersja>2012-09-27T13:45:13+02:00</sln:wojIIPWersja><sln:wojIdTeryt>14</sln:wojIdTeryt><sln:wojNazwa>mazowieckie</sln:wojNazwa></sln:miejscowosc><sln:miejscowosc><sln:cyklZyciaOd>2017-03-28T00:00:00+02:00</sln:cyklZyciaOd><sln:gmIIPId>bf4ac787-bfa5-4c31-8214-feb8c6aa3a09</sln:gmIIPId><sln:gmIIPPn>PL.PZGIK.200</sln:gmIIPPn><sln:gmIIPWersja>2012-09-26T22:55:19+02:00</sln:gmIIPWersja><sln:gmIdTeryt>1424022</sln:gmIdTeryt><sln:gmNazwa>Obryte</sln:gmNazwa><sln:miejscIIPId>8d3a417a-27aa-4eaf-b5b8-df921afc1790</sln:miejscIIPId><sln:miejscIIPPn>PL.PZGIK.200</sln:miejscIIPPn><sln:miejscIIPWersja>2017-03-28T13:54:33+02:00</sln:miejscIIPWersja><sln:miejscIdTeryt>0515320</sln:miejscIdTeryt><sln:miejscNazwa>Psary</sln:miejscNazwa><sln:miejscRodzaj>Wieś</sln:miejscRodzaj><sln:powIIPId>05b6cec3-bcc8-4029-a0bc-99c40ff3c159</sln:powIIPId><sln:powIIPPn>PL.PZGIK.200</sln:powIIPPn><sln:powIIPWersja>2012-09-27T08:13:53+02:00</sln:powIIPWersja><sln:powIdTeryt>1424</sln:powIdTeryt><sln:powNazwa>pułtuski</sln:powNazwa><sln:waznyOd>2013-09-05T00:00:00+02:00</sln:waznyOd><sln:wojIIPId>4b6c492a-eb04-441d-a92a-f44359c06de7</sln:wojIIPId><sln:wojIIPPn>PL.PZGIK.200</sln:wojIIPPn><sln:wojIIPWersja>2012-09-27T13:45:13+02:00</sln:wojIIPWersja><sln:wojIdTeryt>14</sln:wojIdTeryt><sln:wojNazwa>mazowieckie</sln:wojNazwa></sln:miejscowosc><sln:miejscowosc><sln:cyklZyciaOd>2017-03-28T00:00:00+02:00</sln:cyklZyciaOd><sln:gmIIPId>bf4ac787-bfa5-4c31-8214-feb8c6aa3a09</sln:gmIIPId><sln:gmIIPPn>PL.PZGIK.200</sln:gmIIPPn><sln:gmIIPWersja>2012-09-26T22:55:19+02:00</sln:gmIIPWersja><sln:gmIdTeryt>1424022</sln:gmIdTeryt><sln:gmNazwa>Obryte</sln:gmNazwa><sln:miejscIIPId>5637b977-6107-4557-bc7b-53c49ede048b</sln:miejscIIPId><sln:miejscIIPPn>PL.PZGIK.200</sln:miejscIIPPn><sln:miejscIIPWersja>2017-03-28T13:54:33+02:00</sln:miejscIIPWersja><sln:miejscIdTeryt>0515394</sln:miejscIdTeryt><sln:miejscNazwa>Rowy</sln:miejscNazwa><sln:miejscRodzaj>Wieś</sln:miejscRodzaj><sln:powIIPId>05b6cec3-bcc8-4029-a0bc-99c40ff3c159</sln:powIIPId><sln:powIIPPn>PL.PZGIK.200</sln:powIIPPn><sln:powIIPWersja>2012-09-27T08:13:53+02:00</sln:powIIPWersja><sln:powIdTeryt>1424</sln:powIdTeryt><sln:powNazwa>pułtuski</sln:powNazwa><sln:waznyOd>2013-09-05T00:00:00+02:00</sln:waznyOd><sln:wojIIPId>4b6c492a-eb04-441d-a92a-f44359c06de7</sln:wojIIPId><sln:wojIIPPn>PL.PZGIK.200</sln:wojIIPPn><sln:wojIIPWersja>2012-09-27T13:45:13+02:00</sln:wojIIPWersja><sln:wojIdTeryt>14</sln:wojIdTeryt><sln:wojNazwa>mazowieckie</sln:wojNazwa></sln:miejscowosc><sln:miejscowosc><sln:cyklZyciaOd>2017-03-28T00:00:00+02:00</sln:cyklZyciaOd><sln:gmIIPId>bf4ac787-bfa5-4c31-8214-feb8c6aa3a09</sln:gmIIPId><sln:gmIIPPn>PL.PZGIK.200</sln:gmIIPPn><sln:gmIIPWersja>2012-09-26T22:55:19+02:00</sln:gmIIPWersja><sln:gmIdTeryt>1424022</sln:gmIdTeryt><sln:gmNazwa>Obryte</sln:gmNazwa><sln:miejscIIPId>b566b4b5-481c-4885-8360-2d21f974c800</sln:miejscIIPId><sln:miejscIIPPn>PL.PZGIK.200</sln:miejscIIPPn><sln:miejscIIPWersja>2017-03-28T13:54:33+02:00</sln:miejscIIPWersja><sln:miejscIdTeryt>0515402</sln:miejscIdTeryt><sln:miejscNazwa>Rozdziały</sln:miejscNazwa><sln:miejscRodzaj>Wieś</sln:miejscRodzaj><sln:powIIPId>05b6cec3-bcc8-4029-a0bc-99c40ff3c159</sln:powIIPId><sln:powIIPPn>PL.PZGIK.200</sln:powIIPPn><sln:powIIPWersja>2012-09-27T08:13:53+02:00</sln:powIIPWersja><sln:powIdTeryt>1424</sln:powIdTeryt><sln:powNazwa>pułtuski</sln:powNazwa><sln:waznyOd>2013-09-05T00:00:00+02:00</sln:waznyOd><sln:wojIIPId>4b6c492a-eb04-441d-a92a-f44359c06de7</sln:wojIIPId><sln:wojIIPPn>PL.PZGIK.200</sln:wojIIPPn><sln:wojIIPWersja>2012-09-27T13:45:13+02:00</sln:wojIIPWersja><sln:wojIdTeryt>14</sln:wojIdTeryt><sln:wojNazwa>mazowieckie</sln:wojNazwa></sln:miejscowosc><sln:miejscowosc><sln:cyklZyciaOd>2017-03-28T00:00:00+02:00</sln:cyklZyciaOd><sln:gmIIPId>bf4ac787-bfa5-4c31-8214-feb8c6aa3a09</sln:gmIIPId><sln:gmIIPPn>PL.PZGIK.200</sln:gmIIPPn><sln:gmIIPWersja>2012-09-26T22:55:19+02:00</sln:gmIIPWersja><sln:gmIdTeryt>1424022</sln:gmIdTeryt><sln:gmNazwa>Obryte</sln:gmNazwa><sln:miejscIIPId>6e4e3320-9007-4cab-a9f7-cafa207b024b</sln:miejscIIPId><sln:miejscIIPPn>PL.PZGIK.200</sln:miejscIIPPn><sln:miejscIIPWersja>2017-03-28T13:54:33+02:00</sln:miejscIIPWersja><sln:miejscIdTeryt>0515419</sln:miejscIdTeryt><sln:miejscNazwa>Sadykierz</sln:miejscNazwa><sln:miejscRodzaj>Wieś</sln:miejscRodzaj><sln:powIIPId>05b6cec3-bcc8-4029-a0bc-99c40ff3c159</sln:powIIPId><sln:powIIPPn>PL.PZGIK.200</sln:powIIPPn><sln:powIIPWersja>2012-09-27T08:13:53+02:00</sln:powIIPWersja><sln:powIdTeryt>1424</sln:powIdTeryt><sln:powNazwa>pułtuski</sln:powNazwa><sln:waznyOd>2013-09-05T00:00:00+02:00</sln:waznyOd><sln:wojIIPId>4b6c492a-eb04-441d-a92a-f44359c06de7</sln:wojIIPId><sln:wojIIPPn>PL.PZGIK.200</sln:wojIIPPn><sln:wojIIPWersja>2012-09-27T13:45:13+02:00</sln:wojIIPWersja><sln:wojIdTeryt>14</sln:wojIdTeryt><sln:wojNazwa>mazowieckie</sln:wojNazwa></sln:miejscowosc><sln:miejscowosc><sln:cyklZyciaOd>2017-03-28T00:00:00+02:00</sln:cyklZyciaOd><sln:gmIIPId>bf4ac787-bfa5-4c31-8214-feb8c6aa3a09</sln:gmIIPId><sln:gmIIPPn>PL.PZGIK.200</sln:gmIIPPn><sln:gmIIPWersja>2012-09-26T22:55:19+02:00</sln:gmIIPWersja><sln:gmIdTeryt>1424022</sln:gmIdTeryt><sln:gmNazwa>Obryte</sln:gmNazwa><sln:miejscIIPId>e0458445-f4d7-46ed-8002-15998bc4ed92</sln:miejscIIPId><sln:miejscIIPPn>PL.PZGIK.200</sln:miejscIIPPn><sln:miejscIIPWersja>2017-03-28T13:54:33+02:00</sln:miejscIIPWersja><sln:miejscIdTeryt>0515431</sln:miejscIdTeryt><sln:miejscNazwa>Skłudy</sln:miejscNazwa><sln:miejscRodzaj>Wieś</sln:miejscRodzaj><sln:powIIPId>05b6cec3-bcc8-4029-a0bc-99c40ff3c159</sln:powIIPId><sln:powIIPPn>PL.PZGIK.200</sln:powIIPPn><sln:powIIPWersja>2012-09-27T08:13:53+02:00</sln:powIIPWersja><sln:powIdTeryt>1424</sln:powIdTeryt><sln:powNazwa>pułtuski</sln:powNazwa><sln:waznyOd>2013-09-05T00:00:00+02:00</sln:waznyOd><sln:wojIIPId>4b6c492a-eb04-441d-a92a-f44359c06de7</sln:wojIIPId><sln:wojIIPPn>PL.PZGIK.200</sln:wojIIPPn><sln:wojIIPWersja>2012-09-27T13:45:13+02:00</sln:wojIIPWersja><sln:wojIdTeryt>14</sln:wojIdTeryt><sln:wojNazwa>mazowieckie</sln:wojNazwa></sln:miejscowosc><sln:miejscowosc><sln:cyklZyciaOd>2017-03-28T00:00:00+02:00</sln:cyklZyciaOd><sln:gmIIPId>bf4ac787-bfa5-4c31-8214-feb8c6aa3a09</sln:gmIIPId><sln:gmIIPPn>PL.PZGIK.200</sln:gmIIPPn><sln:gmIIPWersja>2012-09-26T22:55:19+02:00</sln:gmIIPWersja><sln:gmIdTeryt>1424022</sln:gmIdTeryt><sln:gmNazwa>Obryte</sln:gmNazwa><sln:miejscIIPId>aabd3970-c6b6-458b-99d4-d513162e4421</sln:miejscIIPId><sln:miejscIIPPn>PL.PZGIK.200</sln:miejscIIPPn><sln:miejscIIPWersja>2017-03-28T13:54:33+02:00</sln:miejscIIPWersja><sln:miejscIdTeryt>0515448</sln:miejscIdTeryt><sln:miejscNazwa>Sokołowo-Parcele</sln:miejscNazwa><sln:miejscRodzaj>Wieś</sln:miejscRodzaj><sln:powIIPId>05b6cec3-bcc8-4029-a0bc-99c40ff3c159</sln:powIIPId><sln:powIIPPn>PL.PZGIK.200</sln:powIIPPn><sln:powIIPWersja>2012-09-27T08:13:53+02:00</sln:powIIPWersja><sln:powIdTeryt>1424</sln:powIdTeryt><sln:powNazwa>pułtuski</sln:powNazwa><sln:waznyOd>2013-09-06T00:00:00+02:00</sln:waznyOd><sln:wojIIPId>4b6c492a-eb04-441d-a92a-f44359c06de7</sln:wojIIPId><sln:wojIIPPn>PL.PZGIK.200</sln:wojIIPPn><sln:wojIIPWersja>2012-09-27T13:45:13+02:00</sln:wojIIPWersja><sln:wojIdTeryt>14</sln:wojIdTeryt><sln:wojNazwa>mazowieckie</sln:wojNazwa></sln:miejscowosc><sln:miejscowosc><sln:cyklZyciaOd>2017-03-28T00:00:00+02:00</sln:cyklZyciaOd><sln:gmIIPId>bf4ac787-bfa5-4c31-8214-feb8c6aa3a09</sln:gmIIPId><sln:gmIIPPn>PL.PZGIK.200</sln:gmIIPPn><sln:gmIIPWersja>2012-09-26T22:55:19+02:00</sln:gmIIPWersja><sln:gmIdTeryt>1424022</sln:gmIdTeryt><sln:gmNazwa>Obryte</sln:gmNazwa><sln:miejscIIPId>913c3f50-fbeb-4a32-aa7b-39b042b0459a</sln:miejscIIPId><sln:miejscIIPPn>PL.PZGIK.200</sln:miejscIIPPn><sln:miejscIIPWersja>2017-03-28T13:54:33+02:00</sln:miejscIIPWersja><sln:miejscIdTeryt>0515477</sln:miejscIdTeryt><sln:miejscNazwa>Sokołowo Włościańskie</sln:miejscNazwa><sln:miejscRodzaj>Wieś</sln:miejscRodzaj><sln:powIIPId>05b6cec3-bcc8-4029-a0bc-99c40ff3c159</sln:powIIPId><sln:powIIPPn>PL.PZGIK.200</sln:powIIPPn><sln:powIIPWersja>2012-09-27T08:13:53+02:00</sln:powIIPWersja><sln:powIdTeryt>1424</sln:powIdTeryt><sln:powNazwa>pułtuski</sln:powNazwa><sln:waznyOd>2013-09-05T00:00:00+02:00</sln:waznyOd><sln:wojIIPId>4b6c492a-eb04-441d-a92a-f44359c06de7</sln:wojIIPId><sln:wojIIPPn>PL.PZGIK.200</sln:wojIIPPn><sln:wojIIPWersja>2012-09-27T13:45:13+02:00</sln:wojIIPWersja><sln:wojIdTeryt>14</sln:wojIdTeryt><sln:wojNazwa>mazowieckie</sln:wojNazwa></sln:miejscowosc><sln:miejscowosc><sln:cyklZyciaOd>2017-03-28T00:00:00+02:00</sln:cyklZyciaOd><sln:gmIIPId>bf4ac787-bfa5-4c31-8214-feb8c6aa3a09</sln:gmIIPId><sln:gmIIPPn>PL.PZGIK.200</sln:gmIIPPn><sln:gmIIPWersja>2012-09-26T22:55:19+02:00</sln:gmIIPWersja><sln:gmIdTeryt>1424022</sln:gmIdTeryt><sln:gmNazwa>Obryte</sln:gmNazwa><sln:miejscIIPId>9da3884c-fd7d-427a-b312-02ae91b1cffe</sln:miejscIIPId><sln:miejscIIPPn>PL.PZGIK.200</sln:miejscIIPPn><sln:miejscIIPWersja>2017-03-28T13:54:33+02:00</sln:miejscIIPWersja><sln:miejscIdTeryt>0515514</sln:miejscIdTeryt><sln:miejscNazwa>Zambski Stare</sln:miejscNazwa><sln:miejscRodzaj>Wieś</sln:miejscRodzaj><sln:powIIPId>05b6cec3-bcc8-4029-a0bc-99c40ff3c159</sln:powIIPId><sln:powIIPPn>PL.PZGIK.200</sln:powIIPPn><sln:powIIPWersja>2012-09-27T08:13:53+02:00</sln:powIIPWersja><sln:powIdTeryt>1424</sln:powIdTeryt><sln:powNazwa>pułtuski</sln:powNazwa><sln:waznyOd>2015-06-10T00:00:00+02:00</sln:waznyOd><sln:wojIIPId>4b6c492a-eb04-441d-a92a-f44359c06de7</sln:wojIIPId><sln:wojIIPPn>PL.PZGIK.200</sln:wojIIPPn><sln:wojIIPWersja>2012-09-27T13:45:13+02:00</sln:wojIIPWersja><sln:wojIdTeryt>14</sln:wojIdTeryt><sln:wojNazwa>mazowieckie</sln:wojNazwa></sln:miejscowosc><sln:miejscowosc><sln:cyklZyciaOd>2017-03-28T00:00:00+02:00</sln:cyklZyciaOd><sln:gmIIPId>bf4ac787-bfa5-4c31-8214-feb8c6aa3a09</sln:gmIIPId><sln:gmIIPPn>PL.PZGIK.200</sln:gmIIPPn><sln:gmIIPWersja>2012-09-26T22:55:19+02:00</sln:gmIIPWersja><sln:gmIdTeryt>1424022</sln:gmIdTeryt><sln:gmNazwa>Obryte</sln:gmNazwa><sln:miejscIIPId>2bc3ab02-422c-41dc-8147-b24ae84e5593</sln:miejscIIPId><sln:miejscIIPPn>PL.PZGIK.200</sln:miejscIIPPn><sln:miejscIIPWersja>2017-03-28T13:54:33+02:00</sln:miejscIIPWersja><sln:miejscIdTeryt>0515572</sln:miejscIdTeryt><sln:miejscNazwa>Tocznabiel</sln:miejscNazwa><sln:miejscRodzaj>Wieś</sln:miejscRodzaj><sln:powIIPId>05b6cec3-bcc8-4029-a0bc-99c40ff3c159</sln:powIIPId><sln:powIIPPn>PL.PZGIK.200</sln:powIIPPn><sln:powIIPWersja>2012-09-27T08:13:53+02:00</sln:powIIPWersja><sln:powIdTeryt>1424</sln:powIdTeryt><sln:powNazwa>pułtuski</sln:powNazwa><sln:waznyOd>2013-09-05T00:00:00+02:00</sln:waznyOd><sln:wojIIPId>4b6c492a-eb04-441d-a92a-f44359c06de7</sln:wojIIPId><sln:wojIIPPn>PL.PZGIK.200</sln:wojIIPPn><sln:wojIIPWersja>2012-09-27T13:45:13+02:00</sln:wojIIPWersja><sln:wojIdTeryt>14</sln:wojIdTeryt><sln:wojNazwa>mazowieckie</sln:wojNazwa></sln:miejscowosc><sln:miejscowosc><sln:cyklZyciaOd>2017-03-28T00:00:00+02:00</sln:cyklZyciaOd><sln:gmIIPId>bf4ac787-bfa5-4c31-8214-feb8c6aa3a09</sln:gmIIPId><sln:gmIIPPn>PL.PZGIK.200</sln:gmIIPPn><sln:gmIIPWersja>2012-09-26T22:55:19+02:00</sln:gmIIPWersja><sln:gmIdTeryt>1424022</sln:gmIdTeryt><sln:gmNazwa>Obryte</sln:gmNazwa><sln:miejscIIPId>e6ab5078-c704-48b2-a83c-acb3433e23f1</sln:miejscIIPId><sln:miejscIIPPn>PL.PZGIK.200</sln:miejscIIPPn><sln:miejscIIPWersja>2017-03-28T13:54:34+02:00</sln:miejscIIPWersja><sln:miejscIdTeryt>0515603</sln:miejscIdTeryt><sln:miejscNazwa>Wzgórze-Leśniczówka</sln:miejscNazwa><sln:miejscRodzaj>Osada leśna</sln:miejscRodzaj><sln:powIIPId>05b6cec3-bcc8-4029-a0bc-99c40ff3c159</sln:powIIPId><sln:powIIPPn>PL.PZGIK.200</sln:powIIPPn><sln:powIIPWersja>2012-09-27T08:13:53+02:00</sln:powIIPWersja><sln:powIdTeryt>1424</sln:powIdTeryt><sln:powNazwa>pułtuski</sln:powNazwa><sln:waznyOd>2013-09-05T00:00:00+02:00</sln:waznyOd><sln:wojIIPId>4b6c492a-eb04-441d-a92a-f44359c06de7</sln:wojIIPId><sln:wojIIPPn>PL.PZGIK.200</sln:wojIIPPn><sln:wojIIPWersja>2012-09-27T13:45:13+02:00</sln:wojIIPWersja><sln:wojIdTeryt>14</sln:wojIdTeryt><sln:wojNazwa>mazowieckie</sln:wojNazwa></sln:miejscowosc><sln:miejscowosc><sln:cyklZyciaOd>2017-03-28T00:00:00+02:00</sln:cyklZyciaOd><sln:gmIIPId>bf4ac787-bfa5-4c31-8214-feb8c6aa3a09</sln:gmIIPId><sln:gmIIPPn>PL.PZGIK.200</sln:gmIIPPn><sln:gmIIPWersja>2012-09-26T22:55:19+02:00</sln:gmIIPWersja><sln:gmIdTeryt>1424022</sln:gmIdTeryt><sln:gmNazwa>Obryte</sln:gmNazwa><sln:miejscIIPId>36238abf-508a-49d4-a767-54479714d418</sln:miejscIIPId><sln:miejscIIPPn>PL.PZGIK.200</sln:miejscIIPPn><sln:miejscIIPWersja>2017-03-28T13:54:34+02:00</sln:miejscIIPWersja><sln:miejscIdTeryt>0515610</sln:miejscIdTeryt><sln:miejscNazwa>Ulaski</sln:miejscNazwa><sln:miejscRodzaj>Wieś</sln:miejscRodzaj><sln:powIIPId>05b6cec3-bcc8-4029-a0bc-99c40ff3c159</sln:powIIPId><sln:powIIPPn>PL.PZGIK.200</sln:powIIPPn><sln:powIIPWersja>2012-09-27T08:13:53+02:00</sln:powIIPWersja><sln:powIdTeryt>1424</sln:powIdTeryt><sln:powNazwa>pułtuski</sln:powNazwa><sln:waznyOd>2013-09-05T00:00:00+02:00</sln:waznyOd><sln:wojIIPId>4b6c492a-eb04-441d-a92a-f44359c06de7</sln:wojIIPId><sln:wojIIPPn>PL.PZGIK.200</sln:wojIIPPn><sln:wojIIPWersja>2012-09-27T13:45:13+02:00</sln:wojIIPWersja><sln:wojIdTeryt>14</sln:wojIdTeryt><sln:wojNazwa>mazowieckie</sln:wojNazwa></sln:miejscowosc><sln:miejscowosc><sln:cyklZyciaOd>2017-03-28T00:00:00+02:00</sln:cyklZyciaOd><sln:gmIIPId>bf4ac787-bfa5-4c31-8214-feb8c6aa3a09</sln:gmIIPId><sln:gmIIPPn>PL.PZGIK.200</sln:gmIIPPn><sln:gmIIPWersja>2012-09-26T22:55:19+02:00</sln:gmIIPWersja><sln:gmIdTeryt>1424022</sln:gmIdTeryt><sln:gmNazwa>Obryte</sln:gmNazwa><sln:miejscIIPId>ba0ff530-c8c6-4ab2-9eaa-955830be69f0</sln:miejscIIPId><sln:miejscIIPPn>PL.PZGIK.200</sln:miejscIIPPn><sln:miejscIIPWersja>2017-03-28T13:54:34+02:00</sln:miejscIIPWersja><sln:miejscIdTeryt>0515632</sln:miejscIdTeryt><sln:miejscNazwa>Wielgolas</sln:miejscNazwa><sln:miejscRodzaj>Wieś</sln:miejscRodzaj><sln:powIIPId>05b6cec3-bcc8-4029-a0bc-99c40ff3c159</sln:powIIPId><sln:powIIPPn>PL.PZGIK.200</sln:powIIPPn><sln:powIIPWersja>2012-09-27T08:13:53+02:00</sln:powIIPWersja><sln:powIdTeryt>1424</sln:powIdTeryt><sln:powNazwa>pułtuski</sln:powNazwa><sln:waznyOd>2013-09-05T00:00:00+02:00</sln:waznyOd><sln:wojIIPId>4b6c492a-eb04-441d-a92a-f44359c06de7</sln:wojIIPId><sln:wojIIPPn>PL.PZGIK.200</sln:wojIIPPn><sln:wojIIPWersja>2012-09-27T13:45:13+02:00</sln:wojIIPWersja><sln:wojIdTeryt>14</sln:wojIdTeryt><sln:wojNazwa>mazowieckie</sln:wojNazwa></sln:miejscowosc><sln:miejscowosc><sln:cyklZyciaOd>2017-03-28T00:00:00+02:00</sln:cyklZyciaOd><sln:gmIIPId>bf4ac787-bfa5-4c31-8214-feb8c6aa3a09</sln:gmIIPId><sln:gmIIPPn>PL.PZGIK.200</sln:gmIIPPn><sln:gmIIPWersja>2012-09-26T22:55:19+02:00</sln:gmIIPWersja><sln:gmIdTeryt>1424022</sln:gmIdTeryt><sln:gmNazwa>Obryte</sln:gmNazwa><sln:miejscIIPId>9980e392-0358-46cc-96a7-f14b484f4662</sln:miejscIIPId><sln:miejscIIPPn>PL.PZGIK.200</sln:miejscIIPPn><sln:miejscIIPWersja>2017-03-28T13:54:34+02:00</sln:miejscIIPWersja><sln:miejscIdTeryt>0515684</sln:miejscIdTeryt><sln:miejscNazwa>Zambski Kościelne</sln:miejscNazwa><sln:miejscRodzaj>Wieś</sln:miejscRodzaj><sln:powIIPId>05b6cec3-bcc8-4029-a0bc-99c40ff3c159</sln:powIIPId><sln:powIIPPn>PL.PZGIK.200</sln:powIIPPn><sln:powIIPWersja>2012-09-27T08:13:53+02:00</sln:powIIPWersja><sln:powIdTeryt>1424</sln:powIdTeryt><sln:powNazwa>pułtuski</sln:powNazwa><sln:waznyOd>2013-09-05T00:00:00+02:00</sln:waznyOd><sln:wojIIPId>4b6c492a-eb04-441d-a92a-f44359c06de7</sln:wojIIPId><sln:wojIIPPn>PL.PZGIK.200</sln:wojIIPPn><sln:wojIIPWersja>2012-09-27T13:45:13+02:00</sln:wojIIPWersja><sln:wojIdTeryt>14</sln:wojIdTeryt><sln:wojNazwa>mazowieckie</sln:wojNazwa></sln:miejscowosc></sln:lista-miejscowosci>