<?xml version="1.0" encoding="UTF-8" standalone="yes"?><sln:lista-miejscowosci xmlns:srv="http://gugik.gov.pl/schemas/slowniki-service/1.0" xmlns:sln="http://gugik.gov.pl/schemas/slowniki-schema/1.0"><sln:miejscowosc><sln:cyklZyciaDo>2016-11-26T00:00:00+01:00</sln:cyklZyciaDo><sln:cyklZyciaOd>2014-09-25T00:00:00+02:00</sln:cyklZyciaOd><sln:gmIIPId>fd971fac-ccbf-4b9a-ae84-ec9922a0c9e7</sln:gmIIPId><sln:gmIIPPn>PL.PZGIK.200</sln:gmIIPPn><sln:gmIIPWersja>2012-09-26T22:53:15+02:00</sln:gmIIPWersja><sln:gmIdTeryt>1416092</sln:gmIdTeryt><sln:gmNazwa>Szulborze Wielkie</sln:gmNazwa><sln:miejscIIPId>b5eef1f4-324e-416f-be4d-ba6c84fecdb0</sln:miejscIIPId><sln:miejscIIPPn>PL.PZGIK.200</sln:miejscIIPPn><sln:miejscIIPWersja>2016-11-24T13:54:28+02:00</sln:miejscIIPWersja><sln:miejscIdTeryt>0407664</sln:miejscIdTeryt><sln:miejscNazwa>Mianówek</sln:miejscNazwa><sln:miejscRodzaj>Inny obiekt</sln:miejscRodzaj><sln:powIIPId>17fc6675-6104-4686-b70e-cf2a562b89e6</sln:powIIPId><sln:powIIPPn>PL.PZGIK.200</sln:powIIPPn><sln:powIIPWersja>2012-09-27T08:13:53+02:00</sln:powIIPWersja><sln:powIdTeryt>1416</sln:powIdTeryt><sln:powNazwa>ostrowski</sln:powNazwa><sln:wojIIPId>4b6c492a-eb04-441d-a92a-f44359c06de7</sln:wojIIPId><sln:wojIIPPn>PL.PZGIK.200</sln:wojIIPPn><sln:wojIIPWersja>2012-09-27T13:45:13+02:00</sln:wojIIPWersja><sln:wojIdTeryt>14</sln:wojIdTeryt><sln:wojNazwa>mazowieckie</sln:wojNazwa></sln:miejscowosc><sln:miejscowosc><sln:cyklZyciaDo>2016-11-26T00:00:00+01:00</sln:cyklZyciaDo><sln:cyklZyciaOd>2014-09-25T00:00:00+02:00</sln:cyklZyciaOd><sln:gmIIPId>fd971fac-ccbf-4b9a-ae84-ec9922a0c9e7</sln:gmIIPId><sln:gmIIPPn>PL.PZGIK.200</sln:gmIIPPn><sln:gmIIPWersja>2012-09-26T22:53:15+02:00</sln:gmIIPWersja><sln:gmIdTeryt>1416092</sln:gmIdTeryt><sln:gmNazwa>Szulborze Wielkie</sln:gmNazwa><sln:miejscIIPId>6ba24057-2f1f-4783-9acd-67a58525adf9</sln:miejscIIPId><sln:miejscIIPPn>PL.PZGIK.200</sln:miejscIIPPn><sln:miejscIIPWersja>2016-11-24T13:38:15+02:00</sln:miejscIIPWersja><sln:miejscIdTeryt>0407670</sln:miejscIdTeryt><sln:miejscNazwa>Helenowo</sln:miejscNazwa><sln:miejscRodzaj>Wieś</sln:miejscRodzaj><sln:powIIPId>17fc6675-6104-4686-b70e-cf2a562b89e6</sln:powIIPId><sln:powIIPPn>PL.PZGIK.200</sln:powIIPPn><sln:powIIPWersja>2012-09-27T08:13:53+02:00</sln:powIIPWersja><sln:powIdTeryt>1416</sln:powIdTeryt><sln:powNazwa>ostrowski</sln:powNazwa><sln:wojIIPId>4b6c492a-eb04-441d-a92a-f44359c06de7</sln:wojIIPId><sln:wojIIPPn>PL.PZGIK.200</sln:wojIIPPn><sln:wojIIPWersja>2012-09-27T13:45:13+02:00</sln:wojIIPWersja><sln:wojIdTeryt>14</sln:wojIdTeryt><sln:wojNazwa>mazowieckie</sln:wojNazwa></sln:miejscowosc><sln:miejscowosc><sln:cyklZyciaDo>2016-11-26T00:00:00+01:00</sln:cyklZyciaDo><sln:cyklZyciaOd>2014-09-25T00:00:00+02:00</sln:cyklZyciaOd><sln:gmIIPId>fd971fac-ccbf-4b9a-ae84-ec9922a0c9e7</sln:gmIIPId><sln:gmIIPPn>PL.PZGIK.200</sln:gmIIPPn><sln:gmIIPWersja>2012-09-26T22:53:15+02:00</sln:gmIIPWersja><sln:gmIdTeryt>1416092</sln:gmIdTeryt><sln:gmNazwa>Szulborze Wielkie</sln:gmNazwa><sln:miejscIIPId>708f15f5-5285-457b-8f5c-b2929adb1227</sln:miejscIIPId><sln:miejscIIPPn>PL.PZGIK.200</sln:miejscIIPPn><sln:miejscIIPWersja>2016-11-24T13:30:51+02:00</sln:miejscIIPWersja><sln:miejscIdTeryt>0407782</sln:miejscIdTeryt><sln:miejscNazwa>Smolewo-Wieś</sln:miejscNazwa><sln:miejscRodzaj>Wieś</sln:miejscRodzaj><sln:powIIPId>17fc6675-6104-4686-b70e-cf2a562b89e6</sln:powIIPId><sln:powIIPPn>PL.PZGIK.200</sln:powIIPPn><sln:powIIPWersja>2012-09-27T08:13:53+02:00</sln:powIIPWersja><sln:powIdTeryt>1416</sln:powIdTeryt><sln:powNazwa>ostrowski</sln:powNazwa><sln:wojIIPId>4b6c492a-eb04-441d-a92a-f44359c06de7</sln:wojIIPId><sln:wojIIPPn>PL.PZGIK.200</sln:wojIIPPn><sln:wojIIPWersja>2012-09-27T13:45:13+02:00</sln:wojIIPWersja><sln:wojIdTeryt>14</sln:wojIdTeryt><sln:wojNazwa>mazowieckie</sln:wojNazwa></sln:miejscowosc><sln:miejscowosc><sln:cyklZyciaDo>2016-11-26T00:00:00+01:00</sln:cyklZyciaDo><sln:cyklZyciaOd>2014-09-25T00:00:00+02:00</sln:cyklZyciaOd><sln:gmIIPId>fd971fac-ccbf-4b9a-ae84-ec9922a0c9e7</sln:gmIIPId><sln:gmIIPPn>PL.PZGIK.200</sln:gmIIPPn><sln:gmIIPWersja>2012-09-26T22:53:15+02:00</sln:gmIIPWersja><sln:gmIdTeryt>1416092</sln:gmIdTeryt><sln:gmNazwa>Szulborze Wielkie</sln:gmNazwa><sln:miejscIIPId>ceac7f9c-f783-4f79-afc5-9a8e6ad4e90b</sln:miejscIIPId><sln:miejscIIPPn>PL.PZGIK.200</sln:miejscIIPPn><sln:miejscIIPWersja>2016-11-24T13:32:01+02:00</sln:miejscIIPWersja><sln:miejscIdTeryt>0407807</sln:miejscIdTeryt><sln:miejscNazwa>Szulborze Wielkie</sln:miejscNazwa><sln:miejscRodzaj>Wieś</sln:miejscRodzaj><sln:powIIPId>17fc6675-6104-4686-b70e-cf2a562b89e6</sln:powIIPId><sln:powIIPPn>PL.PZGIK.200</sln:powIIPPn><sln:powIIPWersja>2012-09-27T08:13:53+02:00</sln:powIIPWersja><sln:powIdTeryt>1416</sln:powIdTeryt><sln:powNazwa>ostrowski</sln:powNazwa><sln:wojIIPId>4b6c492a-eb04-441d-a92a-f44359c06de7</sln:wojIIPId><sln:wojIIPPn>PL.PZGIK.200</sln:wojIIPPn><sln:wojIIPWersja>2012-09-27T13:45:13+02:00</sln:wojIIPWersja><sln:wojIdTeryt>14</sln:wojIdTeryt><sln:wojNazwa>mazowieckie</sln:wojNazwa></sln:miejscowosc><sln:miejscowosc><sln:cyklZyciaDo>2016-11-26T00:00:00+01:00</sln:cyklZyciaDo><sln:cyklZyciaOd>2014-09-25T00:00:00+02:00</sln:cyklZyciaOd><sln:gmIIPId>fd971fac-ccbf-4b9a-ae84-ec9922a0c9e7</sln:gmIIPId><sln:gmIIPPn>PL.PZGIK.200</sln:gmIIPPn><sln:gmIIPWersja>2012-09-26T22:53:15+02:00</sln:gmIIPWersja><sln:gmIdTeryt>1416092</sln:gmIdTeryt><sln:gmNazwa>Szulborze Wielkie</sln:gmNazwa><sln:miejscIIPId>81d7e64d-c6b0-423e-8154-aebeb2154bd3</sln:miejscIIPId><sln:miejscIIPPn>PL.PZGIK.200</sln:miejscIIPPn><sln:miejscIIPWersja>2016-11-24T13:32:01+02:00</sln:miejscIIPWersja><sln:miejscIdTeryt>0407799</sln:miejscIdTeryt><sln:miejscNazwa>Szulborze-Koty</sln:miejscNazwa><sln:miejscRodzaj>Wieś</sln:miejscRodzaj><sln:powIIPId>17fc6675-6104-4686-b70e-cf2a562b89e6</sln:powIIPId><sln:powIIPPn>PL.PZGIK.200</sln:powIIPPn><sln:powIIPWersja>2012-09-27T08:13:53+02:00</sln:powIIPWersja><sln:powIdTeryt>1416</sln:powIdTeryt><sln:powNazwa>ostrowski</sln:powNazwa><sln:wojIIPId>4b6c492a-eb04-441d-a92a-f44359c06de7</sln:wojIIPId><sln:wojIIPPn>PL.PZGIK.200</sln:wojIIPPn><sln:wojIIPWersja>2012-09-27T13:45:13+02:00</sln:wojIIPWersja><sln:wojIdTeryt>14</sln:wojIdTeryt><sln:wojNazwa>mazowieckie</sln:wojNazwa></sln:miejscowosc><sln:miejscowosc><sln:cyklZyciaDo>2016-11-26T00:00:00+01:00</sln:cyklZyciaDo><sln:cyklZyciaOd>2014-09-25T00:00:00+02:00</sln:cyklZyciaOd><sln:gmIIPId>fd971fac-ccbf-4b9a-ae84-ec9922a0c9e7</sln:gmIIPId><sln:gmIIPPn>PL.PZGIK.200</sln:gmIIPPn><sln:gmIIPWersja>2012-09-26T22:53:15+02:00</sln:gmIIPWersja><sln:gmIdTeryt>1416092</sln:gmIdTeryt><sln:gmNazwa>Szulborze Wielkie</sln:gmNazwa><sln:miejscIIPId>7ae27715-b283-44ee-ba3f-332ee58c649e</sln:miejscIIPId><sln:miejscIIPPn>PL.PZGIK.200</sln:miejscIIPPn><sln:miejscIIPWersja>2016-11-24T13:30:51+02:00</sln:miejscIIPWersja><sln:miejscIdTeryt>0407776</sln:miejscIdTeryt><sln:miejscNazwa>Smolewo-Parcele</sln:miejscNazwa><sln:miejscRodzaj>Wieś</sln:miejscRodzaj><sln:powIIPId>17fc6675-6104-4686-b70e-cf2a562b89e6</sln:powIIPId><sln:powIIPPn>PL.PZGIK.200</sln:powIIPPn><sln:powIIPWersja>2012-09-27T08:13:53+02:00</sln:powIIPWersja><sln:powIdTeryt>1416</sln:powIdTeryt><sln:powNazwa>ostrowski</sln:powNazwa><sln:wojIIPId>4b6c492a-eb04-441d-a92a-f44359c06de7</sln:wojIIPId><sln:wojIIPPn>PL.PZGIK.200</sln:wojIIPPn><sln:wojIIPWersja>2012-09-27T13:45:13+02:00</sln:wojIIPWersja><sln:wojIdTeryt>14</sln:wojIdTeryt><sln:wojNazwa>mazowieckie</sln:wojNazwa></sln:miejscowosc><sln:miejscowosc><sln:cyklZyciaDo>2016-11-26T00:00:00+01:00</sln:cyklZyciaDo><sln:cyklZyciaOd>2014-09-25T00:00:00+02:00</sln:cyklZyciaOd><sln:gmIIPId>fd971fac-ccbf-4b9a-ae84-ec9922a0c9e7</sln:gmIIPId><sln:gmIIPPn>PL.PZGIK.200</sln:gmIIPPn><sln:gmIIPWersja>2012-09-26T22:53:15+02:00</sln:gmIIPWersja><sln:gmIdTeryt>1416092</sln:gmIdTeryt><sln:gmNazwa>Szulborze Wielkie</sln:gmNazwa><sln:miejscIIPId>eefe8543-38e7-4480-81cb-4a4daeab41b9</sln:miejscIIPId><sln:miejscIIPPn>PL.PZGIK.200</sln:miejscIIPPn><sln:miejscIIPWersja>2016-11-24T13:38:11+02:00</sln:miejscIIPWersja><sln:miejscIdTeryt>0407687</sln:miejscIdTeryt><sln:miejscNazwa>Gumowo-Dobki</sln:miejscNazwa><sln:miejscRodzaj>Wieś</sln:miejscRodzaj><sln:powIIPId>17fc6675-6104-4686-b70e-cf2a562b89e6</sln:powIIPId><sln:powIIPPn>PL.PZGIK.200</sln:powIIPPn><sln:powIIPWersja>2012-09-27T08:13:53+02:00</sln:powIIPWersja><sln:powIdTeryt>1416</sln:powIdTeryt><sln:powNazwa>ostrowski</sln:powNazwa><sln:wojIIPId>4b6c492a-eb04-441d-a92a-f44359c06de7</sln:wojIIPId><sln:wojIIPPn>PL.PZGIK.200</sln:wojIIPPn><sln:wojIIPWersja>2012-09-27T13:45:13+02:00</sln:wojIIPWersja><sln:wojIdTeryt>14</sln:wojIdTeryt><sln:wojNazwa>mazowieckie</sln:wojNazwa></sln:miejscowosc><sln:miejscowosc><sln:cyklZyciaDo>2016-11-26T00:00:00+01:00</sln:cyklZyciaDo><sln:cyklZyciaOd>2014-09-25T00:00:00+02:00</sln:cyklZyciaOd><sln:gmIIPId>fd971fac-ccbf-4b9a-ae84-ec9922a0c9e7</sln:gmIIPId><sln:gmIIPPn>PL.PZGIK.200</sln:gmIIPPn><sln:gmIIPWersja>2012-09-26T22:53:15+02:00</sln:gmIIPWersja><sln:gmIdTeryt>1416092</sln:gmIdTeryt><sln:gmNazwa>Szulborze Wielkie</sln:gmNazwa><sln:miejscIIPId>34db5b4d-11f6-4663-a891-25841fd4ff2c</sln:miejscIIPId><sln:miejscIIPPn>PL.PZGIK.200</sln:miejscIIPPn><sln:miejscIIPWersja>2016-11-24T13:30:48+02:00</sln:miejscIIPWersja><sln:miejscIdTeryt>0407760</sln:miejscIdTeryt><sln:miejscNazwa>Słup-Kolonia</sln:miejscNazwa><sln:miejscRodzaj>Wieś</sln:miejscRodzaj><sln:powIIPId>17fc6675-6104-4686-b70e-cf2a562b89e6</sln:powIIPId><sln:powIIPPn>PL.PZGIK.200</sln:powIIPPn><sln:powIIPWersja>2012-09-27T08:13:53+02:00</sln:powIIPWersja><sln:powIdTeryt>1416</sln:powIdTeryt><sln:powNazwa>ostrowski</sln:powNazwa><sln:wojIIPId>4b6c492a-eb04-441d-a92a-f44359c06de7</sln:wojIIPId><sln:wojIIPPn>PL.PZGIK.200</sln:wojIIPPn><sln:wojIIPWersja>2012-09-27T13:45:13+02:00</sln:wojIIPWersja><sln:wojIdTeryt>14</sln:wojIdTeryt><sln:wojNazwa>mazowieckie</sln:wojNazwa></sln:miejscowosc><sln:miejscowosc><sln:cyklZyciaDo>2016-11-26T00:00:00+01:00</sln:cyklZyciaDo><sln:cyklZyciaOd>2014-09-25T00:00:00+02:00</sln:cyklZyciaOd><sln:gmIIPId>fd971fac-ccbf-4b9a-ae84-ec9922a0c9e7</sln:gmIIPId><sln:gmIIPPn>PL.PZGIK.200</sln:gmIIPPn><sln:gmIIPWersja>2012-09-26T22:53:15+02:00</sln:gmIIPWersja><sln:gmIdTeryt>1416092</sln:gmIdTeryt><sln:gmNazwa>Szulborze Wielkie</sln:gmNazwa><sln:miejscIIPId>302fe331-aa90-45fe-ab95-f2a82527af83</sln:miejscIIPId><sln:miejscIIPPn>PL.PZGIK.200</sln:miejscIIPPn><sln:miejscIIPWersja>2016-11-24T13:38:29+02:00</sln:miejscIIPWersja><sln:miejscIdTeryt>0407701</sln:miejscIdTeryt><sln:miejscNazwa>Janczewo Wielkie</sln:miejscNazwa><sln:miejscRodzaj>Wieś</sln:miejscRodzaj><sln:powIIPId>17fc6675-6104-4686-b70e-cf2a562b89e6</sln:powIIPId><sln:powIIPPn>PL.PZGIK.200</sln:powIIPPn><sln:powIIPWersja>2012-09-27T08:13:53+02:00</sln:powIIPWersja><sln:powIdTeryt>1416</sln:powIdTeryt><sln:powNazwa>ostrowski</sln:powNazwa><sln:wojIIPId>4b6c492a-eb04-441d-a92a-f44359c06de7</sln:wojIIPId><sln:wojIIPPn>PL.PZGIK.200</sln:wojIIPPn><sln:wojIIPWersja>2012-09-27T13:45:13+02:00</sln:wojIIPWersja><sln:wojIdTeryt>14</sln:wojIdTeryt><sln:wojNazwa>mazowieckie</sln:wojNazwa></sln:miejscowosc><sln:miejscowosc><sln:cyklZyciaDo>2016-11-26T00:00:00+01:00</sln:cyklZyciaDo><sln:cyklZyciaOd>2014-09-25T00:00:00+02:00</sln:cyklZyciaOd><sln:gmIIPId>fd971fac-ccbf-4b9a-ae84-ec9922a0c9e7</sln:gmIIPId><sln:gmIIPPn>PL.PZGIK.200</sln:gmIIPPn><sln:gmIIPWersja>2012-09-26T22:53:15+02:00</sln:gmIIPWersja><sln:gmIdTeryt>1416092</sln:gmIdTeryt><sln:gmNazwa>Szulborze Wielkie</sln:gmNazwa><sln:miejscIIPId>932636c6-3f79-4be7-aa60-91f665584f9d</sln:miejscIIPId><sln:miejscIIPPn>PL.PZGIK.200</sln:miejscIIPPn><sln:miejscIIPWersja>2016-11-24T13:48:18+02:00</sln:miejscIIPWersja><sln:miejscIdTeryt>0407813</sln:miejscIdTeryt><sln:miejscNazwa>Grabniak</sln:miejscNazwa><sln:miejscRodzaj>Inny obiekt</sln:miejscRodzaj><sln:powIIPId>17fc6675-6104-4686-b70e-cf2a562b89e6</sln:powIIPId><sln:powIIPPn>PL.PZGIK.200</sln:powIIPPn><sln:powIIPWersja>2012-09-27T08:13:53+02:00</sln:powIIPWersja><sln:powIdTeryt>1416</sln:powIdTeryt><sln:powNazwa>ostrowski</sln:powNazwa><sln:wojIIPId>4b6c492a-eb04-441d-a92a-f44359c06de7</sln:wojIIPId><sln:wojIIPPn>PL.PZGIK.200</sln:wojIIPPn><sln:wojIIPWersja>2012-09-27T13:45:13+02:00</sln:wojIIPWersja><sln:wojIdTeryt>14</sln:wojIdTeryt><sln:wojNazwa>mazowieckie</sln:wojNazwa></sln:miejscowosc><sln:miejscowosc><sln:cyklZyciaDo>2016-11-26T00:00:00+01:00</sln:cyklZyciaDo><sln:cyklZyciaOd>2014-09-25T00:00:00+02:00</sln:cyklZyciaOd><sln:gmIIPId>fd971fac-ccbf-4b9a-ae84-ec9922a0c9e7</sln:gmIIPId><sln:gmIIPPn>PL.PZGIK.200</sln:gmIIPPn><sln:gmIIPWersja>2012-09-26T22:53:15+02:00</sln:gmIIPWersja><sln:gmIdTeryt>1416092</sln:gmIdTeryt><sln:gmNazwa>Szulborze Wielkie</sln:gmNazwa><sln:miejscIIPId>7453ee13-ea5d-4752-be33-af5387e15b9a</sln:miejscIIPId><sln:miejscIIPPn>PL.PZGIK.200</sln:miejscIIPPn><sln:miejscIIPWersja>2016-11-24T13:38:29+02:00</sln:miejscIIPWersja><sln:miejscIdTeryt>0407693</sln:miejscIdTeryt><sln:miejscNazwa>Janczewo-Sukmanki</sln:miejscNazwa><sln:miejscRodzaj>Wieś</sln:miejscRodzaj><sln:powIIPId>17fc6675-6104-4686-b70e-cf2a562b89e6</sln:powIIPId><sln:powIIPPn>PL.PZGIK.200</sln:powIIPPn><sln:powIIPWersja>2012-09-27T08:13:53+02:00</sln:powIIPWersja><sln:powIdTeryt>1416</sln:powIdTeryt><sln:powNazwa>ostrowski</sln:powNazwa><sln:wojIIPId>4b6c492a-eb04-441d-a92a-f44359c06de7</sln:wojIIPId><sln:wojIIPPn>PL.PZGIK.200</sln:wojIIPPn><sln:wojIIPWersja>2012-09-27T13:45:13+02:00</sln:wojIIPWersja><sln:wojIdTeryt>14</sln:wojIdTeryt><sln:wojNazwa>mazowieckie</sln:wojNazwa></sln:miejscowosc><sln:miejscowosc><sln:cyklZyciaDo>2016-11-26T00:00:00+01:00</sln:cyklZyciaDo><sln:cyklZyciaOd>2014-09-25T00:00:00+02:00</sln:cyklZyciaOd><sln:gmIIPId>fd971fac-ccbf-4b9a-ae84-ec9922a0c9e7</sln:gmIIPId><sln:gmIIPPn>PL.PZGIK.200</sln:gmIIPPn><sln:gmIIPWersja>2012-09-26T22:53:15+02:00</sln:gmIIPWersja><sln:gmIdTeryt>1416092</sln:gmIdTeryt><sln:gmNazwa>Szulborze Wielkie</sln:gmNazwa><sln:miejscIIPId>eb18db77-6a2c-4625-ace0-494b3122f35b</sln:miejscIIPId><sln:miejscIIPPn>PL.PZGIK.200</sln:miejscIIPPn><sln:miejscIIPWersja>2016-11-24T13:30:48+02:00</sln:miejscIIPWersja><sln:miejscIdTeryt>0407753</sln:miejscIdTeryt><sln:miejscNazwa>Słup</sln:miejscNazwa><sln:miejscRodzaj>Wieś</sln:miejscRodzaj><sln:powIIPId>17fc6675-6104-4686-b70e-cf2a562b89e6</sln:powIIPId><sln:powIIPPn>PL.PZGIK.200</sln:powIIPPn><sln:powIIPWersja>2012-09-27T08:13:53+02:00</sln:powIIPWersja><sln:powIdTeryt>1416</sln:powIdTeryt><sln:powNazwa>ostrowski</sln:powNazwa><sln:wojIIPId>4b6c492a-eb04-441d-a92a-f44359c06de7</sln:wojIIPId><sln:wojIIPPn>PL.PZGIK.200</sln:wojIIPPn><sln:wojIIPWersja>2012-09-27T13:45:13+02:00</sln:wojIIPWersja><sln:wojIdTeryt>14</sln:wojIdTeryt><sln:wojNazwa>mazowieckie</sln:wojNazwa></sln:miejscowosc><sln:miejscowosc><sln:cyklZyciaDo>2016-11-26T00:00:00+01:00</sln:cyklZyciaDo><sln:cyklZyciaOd>2014-09-25T00:00:00+02:00</sln:cyklZyciaOd><sln:gmIIPId>fd971fac-ccbf-4b9a-ae84-ec9922a0c9e7</sln:gmIIPId><sln:gmIIPPn>PL.PZGIK.200</sln:gmIIPPn><sln:gmIIPWersja>2012-09-26T22:53:15+02:00</sln:gmIIPWersja><sln:gmIdTeryt>1416092</sln:gmIdTeryt><sln:gmNazwa>Szulborze Wielkie</sln:gmNazwa><sln:miejscIIPId>71a500eb-c462-408a-b738-e32cde99a77b</sln:miejscIIPId><sln:miejscIIPPn>PL.PZGIK.200</sln:miejscIIPPn><sln:miejscIIPWersja>2016-11-24T13:34:15+02:00</sln:miejscIIPWersja><sln:miejscIdTeryt>0407842</sln:miejscIdTeryt><sln:miejscNazwa>Zakrzewo-Zalesie</sln:miejscNazwa><sln:miejscRodzaj>Wieś</sln:miejscRodzaj><sln:powIIPId>17fc6675-6104-4686-b70e-cf2a562b89e6</sln:powIIPId><sln:powIIPPn>PL.PZGIK.200</sln:powIIPPn><sln:powIIPWersja>2012-09-27T08:13:53+02:00</sln:powIIPWersja><sln:powIdTeryt>1416</sln:powIdTeryt><sln:powNazwa>ostrowski</sln:powNazwa><sln:wojIIPId>4b6c492a-eb04-441d-a92a-f44359c06de7</sln:wojIIPId><sln:wojIIPPn>PL.PZGIK.200</sln:wojIIPPn><sln:wojIIPWersja>2012-09-27T13:45:13+02:00</sln:wojIIPWersja><sln:wojIdTeryt>14</sln:wojIdTeryt><sln:wojNazwa>mazowieckie</sln:wojNazwa></sln:miejscowosc><sln:miejscowosc><sln:cyklZyciaDo>2016-11-26T00:00:00+01:00</sln:cyklZyciaDo><sln:cyklZyciaOd>2014-09-25T00:00:00+02:00</sln:cyklZyciaOd><sln:gmIIPId>fd971fac-ccbf-4b9a-ae84-ec9922a0c9e7</sln:gmIIPId><sln:gmIIPPn>PL.PZGIK.200</sln:gmIIPPn><sln:gmIIPWersja>2012-09-26T22:53:15+02:00</sln:gmIIPWersja><sln:gmIdTeryt>1416092</sln:gmIdTeryt><sln:gmNazwa>Szulborze Wielkie</sln:gmNazwa><sln:miejscIIPId>818ceeb9-65f3-4930-9104-8d28361d605d</sln:miejscIIPId><sln:miejscIIPPn>PL.PZGIK.200</sln:miejscIIPPn><sln:miejscIIPWersja>2016-11-24T13:37:36+02:00</sln:miejscIIPWersja><sln:miejscIdTeryt>0407641</sln:miejscIdTeryt><sln:miejscNazwa>Gostkowo</sln:miejscNazwa><sln:miejscRodzaj>Wieś</sln:miejscRodzaj><sln:powIIPId>17fc6675-6104-4686-b70e-cf2a562b89e6</sln:powIIPId><sln:powIIPPn>PL.PZGIK.200</sln:powIIPPn><sln:powIIPWersja>2012-09-27T08:13:53+02:00</sln:powIIPWersja><sln:powIdTeryt>1416</sln:powIdTeryt><sln:powNazwa>ostrowski</sln:powNazwa><sln:wojIIPId>4b6c492a-eb04-441d-a92a-f44359c06de7</sln:wojIIPId><sln:wojIIPPn>PL.PZGIK.200</sln:wojIIPPn><sln:wojIIPWersja>2012-09-27T13:45:13+02:00</sln:wojIIPWersja><sln:wojIdTeryt>14</sln:wojIdTeryt><sln:wojNazwa>mazowieckie</sln:wojNazwa></sln:miejscowosc><sln:miejscowosc><sln:cyklZyciaDo>2016-11-26T00:00:00+01:00</sln:cyklZyciaDo><sln:cyklZyciaOd>2014-09-25T00:00:00+02:00</sln:cyklZyciaOd><sln:gmIIPId>fd971fac-ccbf-4b9a-ae84-ec9922a0c9e7</sln:gmIIPId><sln:gmIIPPn>PL.PZGIK.200</sln:gmIIPPn><sln:gmIIPWersja>2012-09-26T22:53:15+02:00</sln:gmIIPWersja><sln:gmIdTeryt>1416092</sln:gmIdTeryt><sln:gmNazwa>Szulborze Wielkie</sln:gmNazwa><sln:miejscIIPId>b5ae6e70-2da9-4c3f-8f8d-6c6bc66c356b</sln:miejscIIPId><sln:miejscIIPPn>PL.PZGIK.200</sln:miejscIIPPn><sln:miejscIIPWersja>2016-11-24T13:32:50+02:00</sln:miejscIIPWersja><sln:miejscIdTeryt>0407836</sln:miejscIdTeryt><sln:miejscNazwa>Uścianek-Dębianka</sln:miejscNazwa><sln:miejscRodzaj>Wieś</sln:miejscRodzaj><sln:powIIPId>17fc6675-6104-4686-b70e-cf2a562b89e6</sln:powIIPId><sln:powIIPPn>PL.PZGIK.200</sln:powIIPPn><sln:powIIPWersja>2012-09-27T08:13:53+02:00</sln:powIIPWersja><sln:powIdTeryt>1416</sln:powIdTeryt><sln:powNazwa>ostrowski</sln:powNazwa><sln:wojIIPId>4b6c492a-eb04-441d-a92a-f44359c06de7</sln:wojIIPId><sln:wojIIPPn>PL.PZGIK.200</sln:wojIIPPn><sln:wojIIPWersja>2012-09-27T13:45:13+02:00</sln:wojIIPWersja><sln:wojIdTeryt>14</sln:wojIdTeryt><sln:wojNazwa>mazowieckie</sln:wojNazwa></sln:miejscowosc><sln:miejscowosc><sln:cyklZyciaDo>2016-11-26T00:00:00+01:00</sln:cyklZyciaDo><sln:cyklZyciaOd>2014-09-25T00:00:00+02:00</sln:cyklZyciaOd><sln:gmIIPId>fd971fac-ccbf-4b9a-ae84-ec9922a0c9e7</sln:gmIIPId><sln:gmIIPPn>PL.PZGIK.200</sln:gmIIPPn><sln:gmIIPWersja>2012-09-26T22:53:15+02:00</sln:gmIIPWersja><sln:gmIdTeryt>1416092</sln:gmIdTeryt><sln:gmNazwa>Szulborze Wielkie</sln:gmNazwa><sln:miejscIIPId>29521941-bb49-486d-bccd-7637b488ba2b</sln:miejscIIPId><sln:miejscIIPPn>PL.PZGIK.200</sln:miejscIIPPn><sln:miejscIIPWersja>2016-11-24T13:37:24+02:00</sln:miejscIIPWersja><sln:miejscIdTeryt>0407635</sln:miejscIdTeryt><sln:miejscNazwa>Godlewo-Gudosze</sln:miejscNazwa><sln:miejscRodzaj>Wieś</sln:miejscRodzaj><sln:powIIPId>17fc6675-6104-4686-b70e-cf2a562b89e6</sln:powIIPId><sln:powIIPPn>PL.PZGIK.200</sln:powIIPPn><sln:powIIPWersja>2012-09-27T08:13:53+02:00</sln:powIIPWersja><sln:powIdTeryt>1416</sln:powIdTeryt><sln:powNazwa>ostrowski</sln:powNazwa><sln:wojIIPId>4b6c492a-eb04-441d-a92a-f44359c06de7</sln:wojIIPId><sln:wojIIPPn>PL.PZGIK.200</sln:wojIIPPn><sln:wojIIPWersja>2012-09-27T13:45:13+02:00</sln:wojIIPWersja><sln:wojIdTeryt>14</sln:wojIdTeryt><sln:wojNazwa>mazowieckie</sln:wojNazwa></sln:miejscowosc><sln:miejscowosc><sln:cyklZyciaDo>2016-11-26T00:00:00+01:00</sln:cyklZyciaDo><sln:cyklZyciaOd>2014-09-25T00:00:00+02:00</sln:cyklZyciaOd><sln:gmIIPId>fd971fac-ccbf-4b9a-ae84-ec9922a0c9e7</sln:gmIIPId><sln:gmIIPPn>PL.PZGIK.200</sln:gmIIPPn><sln:gmIIPWersja>2012-09-26T22:53:15+02:00</sln:gmIIPWersja><sln:gmIdTeryt>1416092</sln:gmIdTeryt><sln:gmNazwa>Szulborze Wielkie</sln:gmNazwa><sln:miejscIIPId>ae4ef784-f61a-42b9-86fe-026dccdd2475</sln:miejscIIPId><sln:miejscIIPPn>PL.PZGIK.200</sln:miejscIIPPn><sln:miejscIIPWersja>2016-11-24T13:28:30+02:00</sln:miejscIIPWersja><sln:miejscIdTeryt>0407612</sln:miejscIdTeryt><sln:miejscNazwa>Brulino-Lipskie</sln:miejscNazwa><sln:miejscRodzaj>Wieś</sln:miejscRodzaj><sln:powIIPId>17fc6675-6104-4686-b70e-cf2a562b89e6</sln:powIIPId><sln:powIIPPn>PL.PZGIK.200</sln:powIIPPn><sln:powIIPWersja>2012-09-27T08:13:53+02:00</sln:powIIPWersja><sln:powIdTeryt>1416</sln:powIdTeryt><sln:powNazwa>ostrowski</sln:powNazwa><sln:wojIIPId>4b6c492a-eb04-441d-a92a-f44359c06de7</sln:wojIIPId><sln:wojIIPPn>PL.PZGIK.200</sln:wojIIPPn><sln:wojIIPWersja>2012-09-27T13:45:13+02:00</sln:wojIIPWersja><sln:wojIdTeryt>14</sln:wojIdTeryt><sln:wojNazwa>mazowieckie</sln:wojNazwa></sln:miejscowosc><sln:miejscowosc><sln:cyklZyciaDo>2016-11-26T00:00:00+01:00</sln:cyklZyciaDo><sln:cyklZyciaOd>2014-09-25T00:00:00+02:00</sln:cyklZyciaOd><sln:gmIIPId>fd971fac-ccbf-4b9a-ae84-ec9922a0c9e7</sln:gmIIPId><sln:gmIIPPn>PL.PZGIK.200</sln:gmIIPPn><sln:gmIIPWersja>2012-09-26T22:53:15+02:00</sln:gmIIPWersja><sln:gmIdTeryt>1416092</sln:gmIdTeryt><sln:gmNazwa>Szulborze Wielkie</sln:gmNazwa><sln:miejscIIPId>4c841867-0c60-4789-b8aa-1daaf5ab6fcc</sln:miejscIIPId><sln:miejscIIPPn>PL.PZGIK.200</sln:miejscIIPPn><sln:miejscIIPWersja>2016-11-24T13:37:55+02:00</sln:miejscIIPWersja><sln:miejscIdTeryt>0407658</sln:miejscIdTeryt><sln:miejscNazwa>Grędzice</sln:miejscNazwa><sln:miejscRodzaj>Wieś</sln:miejscRodzaj><sln:powIIPId>17fc6675-6104-4686-b70e-cf2a562b89e6</sln:powIIPId><sln:powIIPPn>PL.PZGIK.200</sln:powIIPPn><sln:powIIPWersja>2012-09-27T08:13:53+02:00</sln:powIIPWersja><sln:powIdTeryt>1416</sln:powIdTeryt><sln:powNazwa>ostrowski</sln:powNazwa><sln:wojIIPId>4b6c492a-eb04-441d-a92a-f44359c06de7</sln:wojIIPId><sln:wojIIPPn>PL.PZGIK.200</sln:wojIIPPn><sln:wojIIPWersja>2012-09-27T13:45:13+02:00</sln:wojIIPWersja><sln:wojIdTeryt>14</sln:wojIdTeryt><sln:wojNazwa>mazowieckie</sln:wojNazwa></sln:miejscowosc><sln:miejscowosc><sln:cyklZyciaDo>2016-11-26T00:00:00+01:00</sln:cyklZyciaDo><sln:cyklZyciaOd>2014-09-25T00:00:00+02:00</sln:cyklZyciaOd><sln:gmIIPId>fd971fac-ccbf-4b9a-ae84-ec9922a0c9e7</sln:gmIIPId><sln:gmIIPPn>PL.PZGIK.200</sln:gmIIPPn><sln:gmIIPWersja>2012-09-26T22:53:15+02:00</sln:gmIIPWersja><sln:gmIdTeryt>1416092</sln:gmIdTeryt><sln:gmNazwa>Szulborze Wielkie</sln:gmNazwa><sln:miejscIIPId>8bcd3dd2-07b5-4c4c-9813-096dba267a7a</sln:miejscIIPId><sln:miejscIIPPn>PL.PZGIK.200</sln:miejscIIPPn><sln:miejscIIPWersja>2016-11-24T13:32:09+02:00</sln:miejscIIPWersja><sln:miejscIdTeryt>0407820</sln:miejscIdTeryt><sln:miejscNazwa>Świerże-Leśniewek</sln:miejscNazwa><sln:miejscRodzaj>Wieś</sln:miejscRodzaj><sln:powIIPId>17fc6675-6104-4686-b70e-cf2a562b89e6</sln:powIIPId><sln:powIIPPn>PL.PZGIK.200</sln:powIIPPn><sln:powIIPWersja>2012-09-27T08:13:53+02:00</sln:powIIPWersja><sln:powIdTeryt>1416</sln:powIdTeryt><sln:powNazwa>ostrowski</sln:powNazwa><sln:wojIIPId>4b6c492a-eb04-441d-a92a-f44359c06de7</sln:wojIIPId><sln:wojIIPPn>PL.PZGIK.200</sln:wojIIPPn><sln:wojIIPWersja>2012-09-27T13:45:13+02:00</sln:wojIIPWersja><sln:wojIdTeryt>14</sln:wojIdTeryt><sln:wojNazwa>mazowieckie</sln:wojNazwa></sln:miejscowosc><sln:miejscowosc><sln:cyklZyciaDo>2016-11-26T00:00:00+01:00</sln:cyklZyciaDo><sln:cyklZyciaOd>2014-09-25T00:00:00+02:00</sln:cyklZyciaOd><sln:gmIIPId>fd971fac-ccbf-4b9a-ae84-ec9922a0c9e7</sln:gmIIPId><sln:gmIIPPn>PL.PZGIK.200</sln:gmIIPPn><sln:gmIIPWersja>2012-09-26T22:53:15+02:00</sln:gmIIPWersja><sln:gmIdTeryt>1416092</sln:gmIdTeryt><sln:gmNazwa>Szulborze Wielkie</sln:gmNazwa><sln:miejscIIPId>7f371fba-4450-412e-8434-413e500f5c06</sln:miejscIIPId><sln:miejscIIPPn>PL.PZGIK.200</sln:miejscIIPPn><sln:miejscIIPWersja>2016-11-24T13:41:01+02:00</sln:miejscIIPWersja><sln:miejscIdTeryt>0407718</sln:miejscIdTeryt><sln:miejscNazwa>Leśniewo</sln:miejscNazwa><sln:miejscRodzaj>Wieś</sln:miejscRodzaj><sln:powIIPId>17fc6675-6104-4686-b70e-cf2a562b89e6</sln:powIIPId><sln:powIIPPn>PL.PZGIK.200</sln:powIIPPn><sln:powIIPWersja>2012-09-27T08:13:53+02:00</sln:powIIPWersja><sln:powIdTeryt>1416</sln:powIdTeryt><sln:powNazwa>ostrowski</sln:powNazwa><sln:wojIIPId>4b6c492a-eb04-441d-a92a-f44359c06de7</sln:wojIIPId><sln:wojIIPPn>PL.PZGIK.200</sln:wojIIPPn><sln:wojIIPWersja>2012-09-27T13:45:13+02:00</sln:wojIIPWersja><sln:wojIdTeryt>14</sln:wojIdTeryt><sln:wojNazwa>mazowieckie</sln:wojNazwa></sln:miejscowosc><sln:miejscowosc><sln:cyklZyciaDo>2017-04-07T00:00:00+02:00</sln:cyklZyciaDo><sln:cyklZyciaOd>2016-11-26T00:00:00+01:00</sln:cyklZyciaOd><sln:gmIIPId>fd971fac-ccbf-4b9a-ae84-ec9922a0c9e7</sln:gmIIPId><sln:gmIIPPn>PL.PZGIK.200</sln:gmIIPPn><sln:gmIIPWersja>2012-09-26T22:53:15+02:00</sln:gmIIPWersja><sln:gmIdTeryt>1416092</sln:gmIdTeryt><sln:gmNazwa>Szulborze Wielkie</sln:gmNazwa><sln:miejscIIPId>ae4ef784-f61a-42b9-86fe-026dccdd2475</sln:miejscIIPId><sln:miejscIIPPn>PL.PZGIK.200</sln:miejscIIPPn><sln:miejscIIPWersja>2016-11-26T18:00:00+02:00</sln:miejscIIPWersja><sln:miejscIdTeryt>0407612</sln:miejscIdTeryt><sln:miejscNazwa>Brulino-Lipskie</sln:miejscNazwa><sln:miejscRodzaj>Wieś</sln:miejscRodzaj><sln:powIIPId>17fc6675-6104-4686-b70e-cf2a562b89e6</sln:powIIPId><sln:powIIPPn>PL.PZGIK.200</sln:powIIPPn><sln:powIIPWersja>2012-09-27T08:13:53+02:00</sln:powIIPWersja><sln:powIdTeryt>1416</sln:powIdTeryt><sln:powNazwa>ostrowski</sln:powNazwa><sln:wojIIPId>4b6c492a-eb04-441d-a92a-f44359c06de7</sln:wojIIPId><sln:wojIIPPn>PL.PZGIK.200</sln:wojIIPPn><sln:wojIIPWersja>2012-09-27T13:45:13+02:00</sln:wojIIPWersja><sln:wojIdTeryt>14</sln:wojIdTeryt><sln:wojNazwa>mazowieckie</sln:wojNazwa></sln:miejscowosc><sln:miejscowosc><sln:cyklZyciaDo>2017-04-07T00:00:00+02:00</sln:cyklZyciaDo><sln:cyklZyciaOd>2016-11-26T00:00:00+01:00</sln:cyklZyciaOd><sln:gmIIPId>fd971fac-ccbf-4b9a-ae84-ec9922a0c9e7</sln:gmIIPId><sln:gmIIPPn>PL.PZGIK.200</sln:gmIIPPn><sln:gmIIPWersja>2012-09-26T22:53:15+02:00</sln:gmIIPWersja><sln:gmIdTeryt>1416092</sln:gmIdTeryt><sln:gmNazwa>Szulborze Wielkie</sln:gmNazwa><sln:miejscIIPId>eb18db77-6a2c-4625-ace0-494b3122f35b</sln:miejscIIPId><sln:miejscIIPPn>PL.PZGIK.200</sln:miejscIIPPn><sln:miejscIIPWersja>2016-11-26T18:00:05+02:00</sln:miejscIIPWersja><sln:miejscIdTeryt>0407753</sln:miejscIdTeryt><sln:miejscNazwa>Słup</sln:miejscNazwa><sln:miejscRodzaj>Wieś</sln:miejscRodzaj><sln:powIIPId>17fc6675-6104-4686-b70e-cf2a562b89e6</sln:powIIPId><sln:powIIPPn>PL.PZGIK.200</sln:powIIPPn><sln:powIIPWersja>2012-09-27T08:13:53+02:00</sln:powIIPWersja><sln:powIdTeryt>1416</sln:powIdTeryt><sln:powNazwa>ostrowski</sln:powNazwa><sln:wojIIPId>4b6c492a-eb04-441d-a92a-f44359c06de7</sln:wojIIPId><sln:wojIIPPn>PL.PZGIK.200</sln:wojIIPPn><sln:wojIIPWersja>2012-09-27T13:45:13+02:00</sln:wojIIPWersja><sln:wojIdTeryt>14</sln:wojIdTeryt><sln:wojNazwa>mazowieckie</sln:wojNazwa></sln:miejscowosc><sln:miejscowosc><sln:cyklZyciaDo>2017-04-07T00:00:00+02:00</sln:cyklZyciaDo><sln:cyklZyciaOd>2016-11-26T00:00:00+01:00</sln:cyklZyciaOd><sln:gmIIPId>fd971fac-ccbf-4b9a-ae84-ec9922a0c9e7</sln:gmIIPId><sln:gmIIPPn>PL.PZGIK.200</sln:gmIIPPn><sln:gmIIPWersja>2012-09-26T22:53:15+02:00</sln:gmIIPWersja><sln:gmIdTeryt>1416092</sln:gmIdTeryt><sln:gmNazwa>Szulborze Wielkie</sln:gmNazwa><sln:miejscIIPId>34db5b4d-11f6-4663-a891-25841fd4ff2c</sln:miejscIIPId><sln:miejscIIPPn>PL.PZGIK.200</sln:miejscIIPPn><sln:miejscIIPWersja>2016-11-26T18:00:05+02:00</sln:miejscIIPWersja><sln:miejscIdTeryt>0407760</sln:miejscIdTeryt><sln:miejscNazwa>Słup-Kolonia</sln:miejscNazwa><sln:miejscRodzaj>Wieś</sln:miejscRodzaj><sln:powIIPId>17fc6675-6104-4686-b70e-cf2a562b89e6</sln:powIIPId><sln:powIIPPn>PL.PZGIK.200</sln:powIIPPn><sln:powIIPWersja>2012-09-27T08:13:53+02:00</sln:powIIPWersja><sln:powIdTeryt>1416</sln:powIdTeryt><sln:powNazwa>ostrowski</sln:powNazwa><sln:wojIIPId>4b6c492a-eb04-441d-a92a-f44359c06de7</sln:wojIIPId><sln:wojIIPPn>PL.PZGIK.200</sln:wojIIPPn><sln:wojIIPWersja>2012-09-27T13:45:13+02:00</sln:wojIIPWersja><sln:wojIdTeryt>14</sln:wojIdTeryt><sln:wojNazwa>mazowieckie</sln:wojNazwa></sln:miejscowosc><sln:miejscowosc><sln:cyklZyciaDo>2017-04-07T00:00:00+02:00</sln:cyklZyciaDo><sln:cyklZyciaOd>2016-11-26T00:00:00+01:00</sln:cyklZyciaOd><sln:gmIIPId>fd971fac-ccbf-4b9a-ae84-ec9922a0c9e7</sln:gmIIPId><sln:gmIIPPn>PL.PZGIK.200</sln:gmIIPPn><sln:gmIIPWersja>2012-09-26T22:53:15+02:00</sln:gmIIPWersja><sln:gmIdTeryt>1416092</sln:gmIdTeryt><sln:gmNazwa>Szulborze Wielkie</sln:gmNazwa><sln:miejscIIPId>7ae27715-b283-44ee-ba3f-332ee58c649e</sln:miejscIIPId><sln:miejscIIPPn>PL.PZGIK.200</sln:miejscIIPPn><sln:miejscIIPWersja>2016-11-26T18:00:05+02:00</sln:miejscIIPWersja><sln:miejscIdTeryt>0407776</sln:miejscIdTeryt><sln:miejscNazwa>Smolewo-Parcele</sln:miejscNazwa><sln:miejscRodzaj>Wieś</sln:miejscRodzaj><sln:powIIPId>17fc6675-6104-4686-b70e-cf2a562b89e6</sln:powIIPId><sln:powIIPPn>PL.PZGIK.200</sln:powIIPPn><sln:powIIPWersja>2012-09-27T08:13:53+02:00</sln:powIIPWersja><sln:powIdTeryt>1416</sln:powIdTeryt><sln:powNazwa>ostrowski</sln:powNazwa><sln:wojIIPId>4b6c492a-eb04-441d-a92a-f44359c06de7</sln:wojIIPId><sln:wojIIPPn>PL.PZGIK.200</sln:wojIIPPn><sln:wojIIPWersja>2012-09-27T13:45:13+02:00</sln:wojIIPWersja><sln:wojIdTeryt>14</sln:wojIdTeryt><sln:wojNazwa>mazowieckie</sln:wojNazwa></sln:miejscowosc><sln:miejscowosc><sln:cyklZyciaDo>2017-04-07T00:00:00+02:00</sln:cyklZyciaDo><sln:cyklZyciaOd>2016-11-26T00:00:00+01:00</sln:cyklZyciaOd><sln:gmIIPId>fd971fac-ccbf-4b9a-ae84-ec9922a0c9e7</sln:gmIIPId><sln:gmIIPPn>PL.PZGIK.200</sln:gmIIPPn><sln:gmIIPWersja>2012-09-26T22:53:15+02:00</sln:gmIIPWersja><sln:gmIdTeryt>1416092</sln:gmIdTeryt><sln:gmNazwa>Szulborze Wielkie</sln:gmNazwa><sln:miejscIIPId>708f15f5-5285-457b-8f5c-b2929adb1227</sln:miejscIIPId><sln:miejscIIPPn>PL.PZGIK.200</sln:miejscIIPPn><sln:miejscIIPWersja>2016-11-26T18:00:05+02:00</sln:miejscIIPWersja><sln:miejscIdTeryt>0407782</sln:miejscIdTeryt><sln:miejscNazwa>Smolewo-Wieś</sln:miejscNazwa><sln:miejscRodzaj>Wieś</sln:miejscRodzaj><sln:powIIPId>17fc6675-6104-4686-b70e-cf2a562b89e6</sln:powIIPId><sln:powIIPPn>PL.PZGIK.200</sln:powIIPPn><sln:powIIPWersja>2012-09-27T08:13:53+02:00</sln:powIIPWersja><sln:powIdTeryt>1416</sln:powIdTeryt><sln:powNazwa>ostrowski</sln:powNazwa><sln:wojIIPId>4b6c492a-eb04-441d-a92a-f44359c06de7</sln:wojIIPId><sln:wojIIPPn>PL.PZGIK.200</sln:wojIIPPn><sln:wojIIPWersja>2012-09-27T13:45:13+02:00</sln:wojIIPWersja><sln:wojIdTeryt>14</sln:wojIdTeryt><sln:wojNazwa>mazowieckie</sln:wojNazwa></sln:miejscowosc><sln:miejscowosc><sln:cyklZyciaDo>2017-04-07T00:00:00+02:00</sln:cyklZyciaDo><sln:cyklZyciaOd>2016-11-26T00:00:00+01:00</sln:cyklZyciaOd><sln:gmIIPId>fd971fac-ccbf-4b9a-ae84-ec9922a0c9e7</sln:gmIIPId><sln:gmIIPPn>PL.PZGIK.200</sln:gmIIPPn><sln:gmIIPWersja>2012-09-26T22:53:15+02:00</sln:gmIIPWersja><sln:gmIdTeryt>1416092</sln:gmIdTeryt><sln:gmNazwa>Szulborze Wielkie</sln:gmNazwa><sln:miejscIIPId>ceac7f9c-f783-4f79-afc5-9a8e6ad4e90b</sln:miejscIIPId><sln:miejscIIPPn>PL.PZGIK.200</sln:miejscIIPPn><sln:miejscIIPWersja>2016-11-26T18:00:06+02:00</sln:miejscIIPWersja><sln:miejscIdTeryt>0407807</sln:miejscIdTeryt><sln:miejscNazwa>Szulborze Wielkie</sln:miejscNazwa><sln:miejscRodzaj>Wieś</sln:miejscRodzaj><sln:powIIPId>17fc6675-6104-4686-b70e-cf2a562b89e6</sln:powIIPId><sln:powIIPPn>PL.PZGIK.200</sln:powIIPPn><sln:powIIPWersja>2012-09-27T08:13:53+02:00</sln:powIIPWersja><sln:powIdTeryt>1416</sln:powIdTeryt><sln:powNazwa>ostrowski</sln:powNazwa><sln:wojIIPId>4b6c492a-eb04-441d-a92a-f44359c06de7</sln:wojIIPId><sln:wojIIPPn>PL.PZGIK.200</sln:wojIIPPn><sln:wojIIPWersja>2012-09-27T13:45:13+02:00</sln:wojIIPWersja><sln:wojIdTeryt>14</sln:wojIdTeryt><sln:wojNazwa>mazowieckie</sln:wojNazwa></sln:miejscowosc><sln:miejscowosc><sln:cyklZyciaDo>2017-04-07T00:00:00+02:00</sln:cyklZyciaDo><sln:cyklZyciaOd>2016-11-26T00:00:00+01:00</sln:cyklZyciaOd><sln:gmIIPId>fd971fac-ccbf-4b9a-ae84-ec9922a0c9e7</sln:gmIIPId><sln:gmIIPPn>PL.PZGIK.200</sln:gmIIPPn><sln:gmIIPWersja>2012-09-26T22:53:15+02:00</sln:gmIIPWersja><sln:gmIdTeryt>1416092</sln:gmIdTeryt><sln:gmNazwa>Szulborze Wielkie</sln:gmNazwa><sln:miejscIIPId>8bcd3dd2-07b5-4c4c-9813-096dba267a7a</sln:miejscIIPId><sln:miejscIIPPn>PL.PZGIK.200</sln:miejscIIPPn><sln:miejscIIPWersja>2016-11-26T18:00:06+02:00</sln:miejscIIPWersja><sln:miejscIdTeryt>0407820</sln:miejscIdTeryt><sln:miejscNazwa>Świerże-Leśniewek</sln:miejscNazwa><sln:miejscRodzaj>Wieś</sln:miejscRodzaj><sln:powIIPId>17fc6675-6104-4686-b70e-cf2a562b89e6</sln:powIIPId><sln:powIIPPn>PL.PZGIK.200</sln:powIIPPn><sln:powIIPWersja>2012-09-27T08:13:53+02:00</sln:powIIPWersja><sln:powIdTeryt>1416</sln:powIdTeryt><sln:powNazwa>ostrowski</sln:powNazwa><sln:wojIIPId>4b6c492a-eb04-441d-a92a-f44359c06de7</sln:wojIIPId><sln:wojIIPPn>PL.PZGIK.200</sln:wojIIPPn><sln:wojIIPWersja>2012-09-27T13:45:13+02:00</sln:wojIIPWersja><sln:wojIdTeryt>14</sln:wojIdTeryt><sln:wojNazwa>mazowieckie</sln:wojNazwa></sln:miejscowosc><sln:miejscowosc><sln:cyklZyciaDo>2017-04-07T00:00:00+02:00</sln:cyklZyciaDo><sln:cyklZyciaOd>2016-11-26T00:00:00+01:00</sln:cyklZyciaOd><sln:gmIIPId>fd971fac-ccbf-4b9a-ae84-ec9922a0c9e7</sln:gmIIPId><sln:gmIIPPn>PL.PZGIK.200</sln:gmIIPPn><sln:gmIIPWersja>2012-09-26T22:53:15+02:00</sln:gmIIPWersja><sln:gmIdTeryt>1416092</sln:gmIdTeryt><sln:gmNazwa>Szulborze Wielkie</sln:gmNazwa><sln:miejscIIPId>b5ae6e70-2da9-4c3f-8f8d-6c6bc66c356b</sln:miejscIIPId><sln:miejscIIPPn>PL.PZGIK.200</sln:miejscIIPPn><sln:miejscIIPWersja>2016-11-26T18:00:06+02:00</sln:miejscIIPWersja><sln:miejscIdTeryt>0407836</sln:miejscIdTeryt><sln:miejscNazwa>Uścianek-Dębianka</sln:miejscNazwa><sln:miejscRodzaj>Wieś</sln:miejscRodzaj><sln:powIIPId>17fc6675-6104-4686-b70e-cf2a562b89e6</sln:powIIPId><sln:powIIPPn>PL.PZGIK.200</sln:powIIPPn><sln:powIIPWersja>2012-09-27T08:13:53+02:00</sln:powIIPWersja><sln:powIdTeryt>1416</sln:powIdTeryt><sln:powNazwa>ostrowski</sln:powNazwa><sln:wojIIPId>4b6c492a-eb04-441d-a92a-f44359c06de7</sln:wojIIPId><sln:wojIIPPn>PL.PZGIK.200</sln:wojIIPPn><sln:wojIIPWersja>2012-09-27T13:45:13+02:00</sln:wojIIPWersja><sln:wojIdTeryt>14</sln:wojIdTeryt><sln:wojNazwa>mazowieckie</sln:wojNazwa></sln:miejscowosc><sln:miejscowosc><sln:cyklZyciaDo>2017-04-07T00:00:00+02:00</sln:cyklZyciaDo><sln:cyklZyciaOd>2016-11-26T00:00:00+01:00</sln:cyklZyciaOd><sln:gmIIPId>fd971fac-ccbf-4b9a-ae84-ec9922a0c9e7</sln:gmIIPId><sln:gmIIPPn>PL.PZGIK.200</sln:gmIIPPn><sln:gmIIPWersja>2012-09-26T22:53:15+02:00</sln:gmIIPWersja><sln:gmIdTeryt>1416092</sln:gmIdTeryt><sln:gmNazwa>Szulborze Wielkie</sln:gmNazwa><sln:miejscIIPId>71a500eb-c462-408a-b738-e32cde99a77b</sln:miejscIIPId><sln:miejscIIPPn>PL.PZGIK.200</sln:miejscIIPPn><sln:miejscIIPWersja>2016-11-26T18:00:06+02:00</sln:miejscIIPWersja><sln:miejscIdTeryt>0407842</sln:miejscIdTeryt><sln:miejscNazwa>Zakrzewo-Zalesie</sln:miejscNazwa><sln:miejscRodzaj>Wieś</sln:miejscRodzaj><sln:powIIPId>17fc6675-6104-4686-b70e-cf2a562b89e6</sln:powIIPId><sln:powIIPPn>PL.PZGIK.200</sln:powIIPPn><sln:powIIPWersja>2012-09-27T08:13:53+02:00</sln:powIIPWersja><sln:powIdTeryt>1416</sln:powIdTeryt><sln:powNazwa>ostrowski</sln:powNazwa><sln:wojIIPId>4b6c492a-eb04-441d-a92a-f44359c06de7</sln:wojIIPId><sln:wojIIPPn>PL.PZGIK.200</sln:wojIIPPn><sln:wojIIPWersja>2012-09-27T13:45:13+02:00</sln:wojIIPWersja><sln:wojIdTeryt>14</sln:wojIdTeryt><sln:wojNazwa>mazowieckie</sln:wojNazwa></sln:miejscowosc><sln:miejscowosc><sln:cyklZyciaDo>2017-04-07T00:00:00+02:00</sln:cyklZyciaDo><sln:cyklZyciaOd>2016-11-26T00:00:00+01:00</sln:cyklZyciaOd><sln:gmIIPId>fd971fac-ccbf-4b9a-ae84-ec9922a0c9e7</sln:gmIIPId><sln:gmIIPPn>PL.PZGIK.200</sln:gmIIPPn><sln:gmIIPWersja>2012-09-26T22:53:15+02:00</sln:gmIIPWersja><sln:gmIdTeryt>1416092</sln:gmIdTeryt><sln:gmNazwa>Szulborze Wielkie</sln:gmNazwa><sln:miejscIIPId>29521941-bb49-486d-bccd-7637b488ba2b</sln:miejscIIPId><sln:miejscIIPPn>PL.PZGIK.200</sln:miejscIIPPn><sln:miejscIIPWersja>2016-11-26T18:00:06+02:00</sln:miejscIIPWersja><sln:miejscIdTeryt>0407635</sln:miejscIdTeryt><sln:miejscNazwa>Godlewo-Gudosze</sln:miejscNazwa><sln:miejscRodzaj>Wieś</sln:miejscRodzaj><sln:powIIPId>17fc6675-6104-4686-b70e-cf2a562b89e6</sln:powIIPId><sln:powIIPPn>PL.PZGIK.200</sln:powIIPPn><sln:powIIPWersja>2012-09-27T08:13:53+02:00</sln:powIIPWersja><sln:powIdTeryt>1416</sln:powIdTeryt><sln:powNazwa>ostrowski</sln:powNazwa><sln:wojIIPId>4b6c492a-eb04-441d-a92a-f44359c06de7</sln:wojIIPId><sln:wojIIPPn>PL.PZGIK.200</sln:wojIIPPn><sln:wojIIPWersja>2012-09-27T13:45:13+02:00</sln:wojIIPWersja><sln:wojIdTeryt>14</sln:wojIdTeryt><sln:wojNazwa>mazowieckie</sln:wojNazwa></sln:miejscowosc><sln:miejscowosc><sln:cyklZyciaDo>2017-04-07T00:00:00+02:00</sln:cyklZyciaDo><sln:cyklZyciaOd>2016-11-26T00:00:00+01:00</sln:cyklZyciaOd><sln:gmIIPId>fd971fac-ccbf-4b9a-ae84-ec9922a0c9e7</sln:gmIIPId><sln:gmIIPPn>PL.PZGIK.200</sln:gmIIPPn><sln:gmIIPWersja>2012-09-26T22:53:15+02:00</sln:gmIIPWersja><sln:gmIdTeryt>1416092</sln:gmIdTeryt><sln:gmNazwa>Szulborze Wielkie</sln:gmNazwa><sln:miejscIIPId>818ceeb9-65f3-4930-9104-8d28361d605d</sln:miejscIIPId><sln:miejscIIPPn>PL.PZGIK.200</sln:miejscIIPPn><sln:miejscIIPWersja>2016-11-26T18:00:06+02:00</sln:miejscIIPWersja><sln:miejscIdTeryt>0407641</sln:miejscIdTeryt><sln:miejscNazwa>Gostkowo</sln:miejscNazwa><sln:miejscRodzaj>Wieś</sln:miejscRodzaj><sln:powIIPId>17fc6675-6104-4686-b70e-cf2a562b89e6</sln:powIIPId><sln:powIIPPn>PL.PZGIK.200</sln:powIIPPn><sln:powIIPWersja>2012-09-27T08:13:53+02:00</sln:powIIPWersja><sln:powIdTeryt>1416</sln:powIdTeryt><sln:powNazwa>ostrowski</sln:powNazwa><sln:wojIIPId>4b6c492a-eb04-441d-a92a-f44359c06de7</sln:wojIIPId><sln:wojIIPPn>PL.PZGIK.200</sln:wojIIPPn><sln:wojIIPWersja>2012-09-27T13:45:13+02:00</sln:wojIIPWersja><sln:wojIdTeryt>14</sln:wojIdTeryt><sln:wojNazwa>mazowieckie</sln:wojNazwa></sln:miejscowosc><sln:miejscowosc><sln:cyklZyciaDo>2017-04-07T00:00:00+02:00</sln:cyklZyciaDo><sln:cyklZyciaOd>2016-11-26T00:00:00+01:00</sln:cyklZyciaOd><sln:gmIIPId>fd971fac-ccbf-4b9a-ae84-ec9922a0c9e7</sln:gmIIPId><sln:gmIIPPn>PL.PZGIK.200</sln:gmIIPPn><sln:gmIIPWersja>2012-09-26T22:53:15+02:00</sln:gmIIPWersja><sln:gmIdTeryt>1416092</sln:gmIdTeryt><sln:gmNazwa>Szulborze Wielkie</sln:gmNazwa><sln:miejscIIPId>4c841867-0c60-4789-b8aa-1daaf5ab6fcc</sln:miejscIIPId><sln:miejscIIPPn>PL.PZGIK.200</sln:miejscIIPPn><sln:miejscIIPWersja>2016-11-26T18:00:06+02:00</sln:miejscIIPWersja><sln:miejscIdTeryt>0407658</sln:miejscIdTeryt><sln:miejscNazwa>Grędzice</sln:miejscNazwa><sln:miejscRodzaj>Wieś</sln:miejscRodzaj><sln:powIIPId>17fc6675-6104-4686-b70e-cf2a562b89e6</sln:powIIPId><sln:powIIPPn>PL.PZGIK.200</sln:powIIPPn><sln:powIIPWersja>2012-09-27T08:13:53+02:00</sln:powIIPWersja><sln:powIdTeryt>1416</sln:powIdTeryt><sln:powNazwa>ostrowski</sln:powNazwa><sln:wojIIPId>4b6c492a-eb04-441d-a92a-f44359c06de7</sln:wojIIPId><sln:wojIIPPn>PL.PZGIK.200</sln:wojIIPPn><sln:wojIIPWersja>2012-09-27T13:45:13+02:00</sln:wojIIPWersja><sln:wojIdTeryt>14</sln:wojIdTeryt><sln:wojNazwa>mazowieckie</sln:wojNazwa></sln:miejscowosc><sln:miejscowosc><sln:cyklZyciaDo>2017-04-07T00:00:00+02:00</sln:cyklZyciaDo><sln:cyklZyciaOd>2016-11-26T00:00:00+01:00</sln:cyklZyciaOd><sln:gmIIPId>fd971fac-ccbf-4b9a-ae84-ec9922a0c9e7</sln:gmIIPId><sln:gmIIPPn>PL.PZGIK.200</sln:gmIIPPn><sln:gmIIPWersja>2012-09-26T22:53:15+02:00</sln:gmIIPWersja><sln:gmIdTeryt>1416092</sln:gmIdTeryt><sln:gmNazwa>Szulborze Wielkie</sln:gmNazwa><sln:miejscIIPId>6ba24057-2f1f-4783-9acd-67a58525adf9</sln:miejscIIPId><sln:miejscIIPPn>PL.PZGIK.200</sln:miejscIIPPn><sln:miejscIIPWersja>2016-11-26T18:00:06+02:00</sln:miejscIIPWersja><sln:miejscIdTeryt>0407670</sln:miejscIdTeryt><sln:miejscNazwa>Helenowo</sln:miejscNazwa><sln:miejscRodzaj>Wieś</sln:miejscRodzaj><sln:powIIPId>17fc6675-6104-4686-b70e-cf2a562b89e6</sln:powIIPId><sln:powIIPPn>PL.PZGIK.200</sln:powIIPPn><sln:powIIPWersja>2012-09-27T08:13:53+02:00</sln:powIIPWersja><sln:powIdTeryt>1416</sln:powIdTeryt><sln:powNazwa>ostrowski</sln:powNazwa><sln:wojIIPId>4b6c492a-eb04-441d-a92a-f44359c06de7</sln:wojIIPId><sln:wojIIPPn>PL.PZGIK.200</sln:wojIIPPn><sln:wojIIPWersja>2012-09-27T13:45:13+02:00</sln:wojIIPWersja><sln:wojIdTeryt>14</sln:wojIdTeryt><sln:wojNazwa>mazowieckie</sln:wojNazwa></sln:miejscowosc><sln:miejscowosc><sln:cyklZyciaDo>2017-04-07T00:00:00+02:00</sln:cyklZyciaDo><sln:cyklZyciaOd>2016-11-26T00:00:00+01:00</sln:cyklZyciaOd><sln:gmIIPId>fd971fac-ccbf-4b9a-ae84-ec9922a0c9e7</sln:gmIIPId><sln:gmIIPPn>PL.PZGIK.200</sln:gmIIPPn><sln:gmIIPWersja>2012-09-26T22:53:15+02:00</sln:gmIIPWersja><sln:gmIdTeryt>1416092</sln:gmIdTeryt><sln:gmNazwa>Szulborze Wielkie</sln:gmNazwa><sln:miejscIIPId>7453ee13-ea5d-4752-be33-af5387e15b9a</sln:miejscIIPId><sln:miejscIIPPn>PL.PZGIK.200</sln:miejscIIPPn><sln:miejscIIPWersja>2016-11-26T18:00:06+02:00</sln:miejscIIPWersja><sln:miejscIdTeryt>0407693</sln:miejscIdTeryt><sln:miejscNazwa>Janczewo-Sukmanki</sln:miejscNazwa><sln:miejscRodzaj>Wieś</sln:miejscRodzaj><sln:powIIPId>17fc6675-6104-4686-b70e-cf2a562b89e6</sln:powIIPId><sln:powIIPPn>PL.PZGIK.200</sln:powIIPPn><sln:powIIPWersja>2012-09-27T08:13:53+02:00</sln:powIIPWersja><sln:powIdTeryt>1416</sln:powIdTeryt><sln:powNazwa>ostrowski</sln:powNazwa><sln:wojIIPId>4b6c492a-eb04-441d-a92a-f44359c06de7</sln:wojIIPId><sln:wojIIPPn>PL.PZGIK.200</sln:wojIIPPn><sln:wojIIPWersja>2012-09-27T13:45:13+02:00</sln:wojIIPWersja><sln:wojIdTeryt>14</sln:wojIdTeryt><sln:wojNazwa>mazowieckie</sln:wojNazwa></sln:miejscowosc><sln:miejscowosc><sln:cyklZyciaDo>2017-04-07T00:00:00+02:00</sln:cyklZyciaDo><sln:cyklZyciaOd>2016-11-26T00:00:00+01:00</sln:cyklZyciaOd><sln:gmIIPId>fd971fac-ccbf-4b9a-ae84-ec9922a0c9e7</sln:gmIIPId><sln:gmIIPPn>PL.PZGIK.200</sln:gmIIPPn><sln:gmIIPWersja>2012-09-26T22:53:15+02:00</sln:gmIIPWersja><sln:gmIdTeryt>1416092</sln:gmIdTeryt><sln:gmNazwa>Szulborze Wielkie</sln:gmNazwa><sln:miejscIIPId>302fe331-aa90-45fe-ab95-f2a82527af83</sln:miejscIIPId><sln:miejscIIPPn>PL.PZGIK.200</sln:miejscIIPPn><sln:miejscIIPWersja>2016-11-26T18:00:06+02:00</sln:miejscIIPWersja><sln:miejscIdTeryt>0407701</sln:miejscIdTeryt><sln:miejscNazwa>Janczewo Wielkie</sln:miejscNazwa><sln:miejscRodzaj>Wieś</sln:miejscRodzaj><sln:powIIPId>17fc6675-6104-4686-b70e-cf2a562b89e6</sln:powIIPId><sln:powIIPPn>PL.PZGIK.200</sln:powIIPPn><sln:powIIPWersja>2012-09-27T08:13:53+02:00</sln:powIIPWersja><sln:powIdTeryt>1416</sln:powIdTeryt><sln:powNazwa>ostrowski</sln:powNazwa><sln:wojIIPId>4b6c492a-eb04-441d-a92a-f44359c06de7</sln:wojIIPId><sln:wojIIPPn>PL.PZGIK.200</sln:wojIIPPn><sln:wojIIPWersja>2012-09-27T13:45:13+02:00</sln:wojIIPWersja><sln:wojIdTeryt>14</sln:wojIdTeryt><sln:wojNazwa>mazowieckie</sln:wojNazwa></sln:miejscowosc><sln:miejscowosc><sln:cyklZyciaDo>2017-04-07T00:00:00+02:00</sln:cyklZyciaDo><sln:cyklZyciaOd>2016-11-26T00:00:00+01:00</sln:cyklZyciaOd><sln:gmIIPId>fd971fac-ccbf-4b9a-ae84-ec9922a0c9e7</sln:gmIIPId><sln:gmIIPPn>PL.PZGIK.200</sln:gmIIPPn><sln:gmIIPWersja>2012-09-26T22:53:15+02:00</sln:gmIIPWersja><sln:gmIdTeryt>1416092</sln:gmIdTeryt><sln:gmNazwa>Szulborze Wielkie</sln:gmNazwa><sln:miejscIIPId>7f371fba-4450-412e-8434-413e500f5c06</sln:miejscIIPId><sln:miejscIIPPn>PL.PZGIK.200</sln:miejscIIPPn><sln:miejscIIPWersja>2016-11-26T18:00:06+02:00</sln:miejscIIPWersja><sln:miejscIdTeryt>0407718</sln:miejscIdTeryt><sln:miejscNazwa>Leśniewo</sln:miejscNazwa><sln:miejscRodzaj>Wieś</sln:miejscRodzaj><sln:powIIPId>17fc6675-6104-4686-b70e-cf2a562b89e6</sln:powIIPId><sln:powIIPPn>PL.PZGIK.200</sln:powIIPPn><sln:powIIPWersja>2012-09-27T08:13:53+02:00</sln:powIIPWersja><sln:powIdTeryt>1416</sln:powIdTeryt><sln:powNazwa>ostrowski</sln:powNazwa><sln:wojIIPId>4b6c492a-eb04-441d-a92a-f44359c06de7</sln:wojIIPId><sln:wojIIPPn>PL.PZGIK.200</sln:wojIIPPn><sln:wojIIPWersja>2012-09-27T13:45:13+02:00</sln:wojIIPWersja><sln:wojIdTeryt>14</sln:wojIdTeryt><sln:wojNazwa>mazowieckie</sln:wojNazwa></sln:miejscowosc><sln:miejscowosc><sln:cyklZyciaDo>2017-04-07T00:00:00+02:00</sln:cyklZyciaDo><sln:cyklZyciaOd>2016-11-26T00:00:00+01:00</sln:cyklZyciaOd><sln:gmIIPId>fd971fac-ccbf-4b9a-ae84-ec9922a0c9e7</sln:gmIIPId><sln:gmIIPPn>PL.PZGIK.200</sln:gmIIPPn><sln:gmIIPWersja>2012-09-26T22:53:15+02:00</sln:gmIIPWersja><sln:gmIdTeryt>1416092</sln:gmIdTeryt><sln:gmNazwa>Szulborze Wielkie</sln:gmNazwa><sln:miejscIIPId>932636c6-3f79-4be7-aa60-91f665584f9d</sln:miejscIIPId><sln:miejscIIPPn>PL.PZGIK.200</sln:miejscIIPPn><sln:miejscIIPWersja>2016-11-26T18:00:06+02:00</sln:miejscIIPWersja><sln:miejscIdTeryt>0407813</sln:miejscIdTeryt><sln:miejscNIIPId>ceac7f9c-f783-4f79-afc5-9a8e6ad4e90b</sln:miejscNIIPId><sln:miejscNIIPPn>PL.PZGIK.200</sln:miejscNIIPPn><sln:miejscNIIPWersja>2016-11-26T18:00:06+02:00</sln:miejscNIIPWersja><sln:miejscNIdTeryt>0407807</sln:miejscNIdTeryt><sln:miejscNNazwa>Szulborze Wielkie</sln:miejscNNazwa><sln:miejscNRodzaj>Wieś</sln:miejscNRodzaj><sln:miejscNazwa>Grabniak</sln:miejscNazwa><sln:miejscRodzaj>Inny obiekt</sln:miejscRodzaj><sln:powIIPId>17fc6675-6104-4686-b70e-cf2a562b89e6</sln:powIIPId><sln:powIIPPn>PL.PZGIK.200</sln:powIIPPn><sln:powIIPWersja>2012-09-27T08:13:53+02:00</sln:powIIPWersja><sln:powIdTeryt>1416</sln:powIdTeryt><sln:powNazwa>ostrowski</sln:powNazwa><sln:wojIIPId>4b6c492a-eb04-441d-a92a-f44359c06de7</sln:wojIIPId><sln:wojIIPPn>PL.PZGIK.200</sln:wojIIPPn><sln:wojIIPWersja>2012-09-27T13:45:13+02:00</sln:wojIIPWersja><sln:wojIdTeryt>14</sln:wojIdTeryt><sln:wojNazwa>mazowieckie</sln:wojNazwa></sln:miejscowosc><sln:miejscowosc><sln:cyklZyciaDo>2017-04-07T00:00:00+02:00</sln:cyklZyciaDo><sln:cyklZyciaOd>2016-11-26T00:00:00+01:00</sln:cyklZyciaOd><sln:gmIIPId>fd971fac-ccbf-4b9a-ae84-ec9922a0c9e7</sln:gmIIPId><sln:gmIIPPn>PL.PZGIK.200</sln:gmIIPPn><sln:gmIIPWersja>2012-09-26T22:53:15+02:00</sln:gmIIPWersja><sln:gmIdTeryt>1416092</sln:gmIdTeryt><sln:gmNazwa>Szulborze Wielkie</sln:gmNazwa><sln:miejscIIPId>b5eef1f4-324e-416f-be4d-ba6c84fecdb0</sln:miejscIIPId><sln:miejscIIPPn>PL.PZGIK.200</sln:miejscIIPPn><sln:miejscIIPWersja>2016-11-26T18:00:06+02:00</sln:miejscIIPWersja><sln:miejscIdTeryt>0407664</sln:miejscIdTeryt><sln:miejscNIIPId>4c841867-0c60-4789-b8aa-1daaf5ab6fcc</sln:miejscNIIPId><sln:miejscNIIPPn>PL.PZGIK.200</sln:miejscNIIPPn><sln:miejscNIIPWersja>2016-11-26T18:00:06+02:00</sln:miejscNIIPWersja><sln:miejscNIdTeryt>0407658</sln:miejscNIdTeryt><sln:miejscNNazwa>Grędzice</sln:miejscNNazwa><sln:miejscNRodzaj>Wieś</sln:miejscNRodzaj><sln:miejscNazwa>Mianówek</sln:miejscNazwa><sln:miejscRodzaj>Inny obiekt</sln:miejscRodzaj><sln:powIIPId>17fc6675-6104-4686-b70e-cf2a562b89e6</sln:powIIPId><sln:powIIPPn>PL.PZGIK.200</sln:powIIPPn><sln:powIIPWersja>2012-09-27T08:13:53+02:00</sln:powIIPWersja><sln:powIdTeryt>1416</sln:powIdTeryt><sln:powNazwa>ostrowski</sln:powNazwa><sln:wojIIPId>4b6c492a-eb04-441d-a92a-f44359c06de7</sln:wojIIPId><sln:wojIIPPn>PL.PZGIK.200</sln:wojIIPPn><sln:wojIIPWersja>2012-09-27T13:45:13+02:00</sln:wojIIPWersja><sln:wojIdTeryt>14</sln:wojIdTeryt><sln:wojNazwa>mazowieckie</sln:wojNazwa></sln:miejscowosc><sln:miejscowosc><sln:cyklZyciaOd>2017-04-07T00:00:00+02:00</sln:cyklZyciaOd><sln:gmIIPId>fd971fac-ccbf-4b9a-ae84-ec9922a0c9e7</sln:gmIIPId><sln:gmIIPPn>PL.PZGIK.200</sln:gmIIPPn><sln:gmIIPWersja>2012-09-26T22:53:15+02:00</sln:gmIIPWersja><sln:gmIdTeryt>1416092</sln:gmIdTeryt><sln:gmNazwa>Szulborze Wielkie</sln:gmNazwa><sln:miejscIIPId>683f27e1-cc6e-41a5-8f55-d99043172b85</sln:miejscIIPId><sln:miejscIIPPn>PL.PZGIK.200</sln:miejscIIPPn><sln:miejscIIPWersja>2017-04-07T14:22:19+02:00</sln:miejscIIPWersja><sln:miejscIdTeryt>0407612</sln:miejscIdTeryt><sln:miejscNazwa>Brulino-Lipskie</sln:miejscNazwa><sln:miejscRodzaj>Wieś</sln:miejscRodzaj><sln:powIIPId>17fc6675-6104-4686-b70e-cf2a562b89e6</sln:powIIPId><sln:powIIPPn>PL.PZGIK.200</sln:powIIPPn><sln:powIIPWersja>2012-09-27T08:13:53+02:00</sln:powIIPWersja><sln:powIdTeryt>1416</sln:powIdTeryt><sln:powNazwa>ostrowski</sln:powNazwa><sln:waznyOd>2013-12-30T00:00:00+01:00</sln:waznyOd><sln:wojIIPId>4b6c492a-eb04-441d-a92a-f44359c06de7</sln:wojIIPId><sln:wojIIPPn>PL.PZGIK.200</sln:wojIIPPn><sln:wojIIPWersja>2012-09-27T13:45:13+02:00</sln:wojIIPWersja><sln:wojIdTeryt>14</sln:wojIdTeryt><sln:wojNazwa>mazowieckie</sln:wojNazwa></sln:miejscowosc><sln:miejscowosc><sln:cyklZyciaOd>2017-04-07T00:00:00+02:00</sln:cyklZyciaOd><sln:gmIIPId>fd971fac-ccbf-4b9a-ae84-ec9922a0c9e7</sln:gmIIPId><sln:gmIIPPn>PL.PZGIK.200</sln:gmIIPPn><sln:gmIIPWersja>2012-09-26T22:53:15+02:00</sln:gmIIPWersja><sln:gmIdTeryt>1416092</sln:gmIdTeryt><sln:gmNazwa>Szulborze Wielkie</sln:gmNazwa><sln:miejscIIPId>ab02b19a-1801-4fcf-ad83-e977c2f51073</sln:miejscIIPId><sln:miejscIIPPn>PL.PZGIK.200</sln:miejscIIPPn><sln:miejscIIPWersja>2017-04-07T14:22:28+02:00</sln:miejscIIPWersja><sln:miejscIdTeryt>0407635</sln:miejscIdTeryt><sln:miejscNazwa>Godlewo-Gudosze</sln:miejscNazwa><sln:miejscRodzaj>Wieś</sln:miejscRodzaj><sln:powIIPId>17fc6675-6104-4686-b70e-cf2a562b89e6</sln:powIIPId><sln:powIIPPn>PL.PZGIK.200</sln:powIIPPn><sln:powIIPWersja>2012-09-27T08:13:53+02:00</sln:powIIPWersja><sln:powIdTeryt>1416</sln:powIdTeryt><sln:powNazwa>ostrowski</sln:powNazwa><sln:waznyOd>2013-12-30T00:00:00+01:00</sln:waznyOd><sln:wojIIPId>4b6c492a-eb04-441d-a92a-f44359c06de7</sln:wojIIPId><sln:wojIIPPn>PL.PZGIK.200</sln:wojIIPPn><sln:wojIIPWersja>2012-09-27T13:45:13+02:00</sln:wojIIPWersja><sln:wojIdTeryt>14</sln:wojIdTeryt><sln:wojNazwa>mazowieckie</sln:wojNazwa></sln:miejscowosc><sln:miejscowosc><sln:cyklZyciaOd>2017-04-07T00:00:00+02:00</sln:cyklZyciaOd><sln:gmIIPId>fd971fac-ccbf-4b9a-ae84-ec9922a0c9e7</sln:gmIIPId><sln:gmIIPPn>PL.PZGIK.200</sln:gmIIPPn><sln:gmIIPWersja>2012-09-26T22:53:15+02:00</sln:gmIIPWersja><sln:gmIdTeryt>1416092</sln:gmIdTeryt><sln:gmNazwa>Szulborze Wielkie</sln:gmNazwa><sln:miejscIIPId>70a5da33-d305-4038-b216-c1f19a2ff700</sln:miejscIIPId><sln:miejscIIPPn>PL.PZGIK.200</sln:miejscIIPPn><sln:miejscIIPWersja>2017-04-07T14:22:28+02:00</sln:miejscIIPWersja><sln:miejscIdTeryt>0407641</sln:miejscIdTeryt><sln:miejscNazwa>Gostkowo</sln:miejscNazwa><sln:miejscRodzaj>Wieś</sln:miejscRodzaj><sln:powIIPId>17fc6675-6104-4686-b70e-cf2a562b89e6</sln:powIIPId><sln:powIIPPn>PL.PZGIK.200</sln:powIIPPn><sln:powIIPWersja>2012-09-27T08:13:53+02:00</sln:powIIPWersja><sln:powIdTeryt>1416</sln:powIdTeryt><sln:powNazwa>ostrowski</sln:powNazwa><sln:waznyOd>2013-12-30T00:00:00+01:00</sln:waznyOd><sln:wojIIPId>4b6c492a-eb04-441d-a92a-f44359c06de7</sln:wojIIPId><sln:wojIIPPn>PL.PZGIK.200</sln:wojIIPPn><sln:wojIIPWersja>2012-09-27T13:45:13+02:00</sln:wojIIPWersja><sln:wojIdTeryt>14</sln:wojIdTeryt><sln:wojNazwa>mazowieckie</sln:wojNazwa></sln:miejscowosc><sln:miejscowosc><sln:cyklZyciaOd>2017-04-07T00:00:00+02:00</sln:cyklZyciaOd><sln:gmIIPId>fd971fac-ccbf-4b9a-ae84-ec9922a0c9e7</sln:gmIIPId><sln:gmIIPPn>PL.PZGIK.200</sln:gmIIPPn><sln:gmIIPWersja>2012-09-26T22:53:15+02:00</sln:gmIIPWersja><sln:gmIdTeryt>1416092</sln:gmIdTeryt><sln:gmNazwa>Szulborze Wielkie</sln:gmNazwa><sln:miejscIIPId>cfb2fed3-b792-4648-8ac8-c0b1e006f39b</sln:miejscIIPId><sln:miejscIIPPn>PL.PZGIK.200</sln:miejscIIPPn><sln:miejscIIPWersja>2017-04-07T14:22:28+02:00</sln:miejscIIPWersja><sln:miejscIdTeryt>0407658</sln:miejscIdTeryt><sln:miejscNazwa>Grędzice</sln:miejscNazwa><sln:miejscRodzaj>Wieś</sln:miejscRodzaj><sln:powIIPId>17fc6675-6104-4686-b70e-cf2a562b89e6</sln:powIIPId><sln:powIIPPn>PL.PZGIK.200</sln:powIIPPn><sln:powIIPWersja>2012-09-27T08:13:53+02:00</sln:powIIPWersja><sln:powIdTeryt>1416</sln:powIdTeryt><sln:powNazwa>ostrowski</sln:powNazwa><sln:waznyOd>2013-12-30T00:00:00+01:00</sln:waznyOd><sln:wojIIPId>4b6c492a-eb04-441d-a92a-f44359c06de7</sln:wojIIPId><sln:wojIIPPn>PL.PZGIK.200</sln:wojIIPPn><sln:wojIIPWersja>2012-09-27T13:45:13+02:00</sln:wojIIPWersja><sln:wojIdTeryt>14</sln:wojIdTeryt><sln:wojNazwa>mazowieckie</sln:wojNazwa></sln:miejscowosc><sln:miejscowosc><sln:cyklZyciaOd>2017-04-07T00:00:00+02:00</sln:cyklZyciaOd><sln:gmIIPId>fd971fac-ccbf-4b9a-ae84-ec9922a0c9e7</sln:gmIIPId><sln:gmIIPPn>PL.PZGIK.200</sln:gmIIPPn><sln:gmIIPWersja>2012-09-26T22:53:15+02:00</sln:gmIIPWersja><sln:gmIdTeryt>1416092</sln:gmIdTeryt><sln:gmNazwa>Szulborze Wielkie</sln:gmNazwa><sln:miejscIIPId>234ce8cc-e4a1-4a5b-9d42-2927a1faf1a6</sln:miejscIIPId><sln:miejscIIPPn>PL.PZGIK.200</sln:miejscIIPPn><sln:miejscIIPWersja>2017-04-07T14:22:28+02:00</sln:miejscIIPWersja><sln:miejscIdTeryt>0407664</sln:miejscIdTeryt><sln:miejscNazwa>Mianówek</sln:miejscNazwa><sln:miejscRodzaj>Inny obiekt</sln:miejscRodzaj><sln:powIIPId>17fc6675-6104-4686-b70e-cf2a562b89e6</sln:powIIPId><sln:powIIPPn>PL.PZGIK.200</sln:powIIPPn><sln:powIIPWersja>2012-09-27T08:13:53+02:00</sln:powIIPWersja><sln:powIdTeryt>1416</sln:powIdTeryt><sln:powNazwa>ostrowski</sln:powNazwa><sln:waznyOd>2013-12-30T00:00:00+01:00</sln:waznyOd><sln:wojIIPId>4b6c492a-eb04-441d-a92a-f44359c06de7</sln:wojIIPId><sln:wojIIPPn>PL.PZGIK.200</sln:wojIIPPn><sln:wojIIPWersja>2012-09-27T13:45:13+02:00</sln:wojIIPWersja><sln:wojIdTeryt>14</sln:wojIdTeryt><sln:wojNazwa>mazowieckie</sln:wojNazwa></sln:miejscowosc><sln:miejscowosc><sln:cyklZyciaOd>2017-04-07T00:00:00+02:00</sln:cyklZyciaOd><sln:gmIIPId>fd971fac-ccbf-4b9a-ae84-ec9922a0c9e7</sln:gmIIPId><sln:gmIIPPn>PL.PZGIK.200</sln:gmIIPPn><sln:gmIIPWersja>2012-09-26T22:53:15+02:00</sln:gmIIPWersja><sln:gmIdTeryt>1416092</sln:gmIdTeryt><sln:gmNazwa>Szulborze Wielkie</sln:gmNazwa><sln:miejscIIPId>f3879cd4-c255-46a2-82ee-73dcd579a191</sln:miejscIIPId><sln:miejscIIPPn>PL.PZGIK.200</sln:miejscIIPPn><sln:miejscIIPWersja>2017-04-07T14:22:28+02:00</sln:miejscIIPWersja><sln:miejscIdTeryt>0407670</sln:miejscIdTeryt><sln:miejscNazwa>Helenowo</sln:miejscNazwa><sln:miejscRodzaj>Wieś</sln:miejscRodzaj><sln:powIIPId>17fc6675-6104-4686-b70e-cf2a562b89e6</sln:powIIPId><sln:powIIPPn>PL.PZGIK.200</sln:powIIPPn><sln:powIIPWersja>2012-09-27T08:13:53+02:00</sln:powIIPWersja><sln:powIdTeryt>1416</sln:powIdTeryt><sln:powNazwa>ostrowski</sln:powNazwa><sln:waznyOd>2013-12-30T00:00:00+01:00</sln:waznyOd><sln:wojIIPId>4b6c492a-eb04-441d-a92a-f44359c06de7</sln:wojIIPId><sln:wojIIPPn>PL.PZGIK.200</sln:wojIIPPn><sln:wojIIPWersja>2012-09-27T13:45:13+02:00</sln:wojIIPWersja><sln:wojIdTeryt>14</sln:wojIdTeryt><sln:wojNazwa>mazowieckie</sln:wojNazwa></sln:miejscowosc><sln:miejscowosc><sln:cyklZyciaOd>2017-04-07T00:00:00+02:00</sln:cyklZyciaOd><sln:gmIIPId>fd971fac-ccbf-4b9a-ae84-ec9922a0c9e7</sln:gmIIPId><sln:gmIIPPn>PL.PZGIK.200</sln:gmIIPPn><sln:gmIIPWersja>2012-09-26T22:53:15+02:00</sln:gmIIPWersja><sln:gmIdTeryt>1416092</sln:gmIdTeryt><sln:gmNazwa>Szulborze Wielkie</sln:gmNazwa><sln:miejscIIPId>3ef31aa3-72b5-4937-8779-da586a8681dd</sln:miejscIIPId><sln:miejscIIPPn>PL.PZGIK.200</sln:miejscIIPPn><sln:miejscIIPWersja>2017-04-07T14:22:28+02:00</sln:miejscIIPWersja><sln:miejscIdTeryt>0407693</sln:miejscIdTeryt><sln:miejscNazwa>Janczewo-Sukmanki</sln:miejscNazwa><sln:miejscRodzaj>Wieś</sln:miejscRodzaj><sln:powIIPId>17fc6675-6104-4686-b70e-cf2a562b89e6</sln:powIIPId><sln:powIIPPn>PL.PZGIK.200</sln:powIIPPn><sln:powIIPWersja>2012-09-27T08:13:53+02:00</sln:powIIPWersja><sln:powIdTeryt>1416</sln:powIdTeryt><sln:powNazwa>ostrowski</sln:powNazwa><sln:waznyOd>2013-12-30T00:00:00+01:00</sln:waznyOd><sln:wojIIPId>4b6c492a-eb04-441d-a92a-f44359c06de7</sln:wojIIPId><sln:wojIIPPn>PL.PZGIK.200</sln:wojIIPPn><sln:wojIIPWersja>2012-09-27T13:45:13+02:00</sln:wojIIPWersja><sln:wojIdTeryt>14</sln:wojIdTeryt><sln:wojNazwa>mazowieckie</sln:wojNazwa></sln:miejscowosc><sln:miejscowosc><sln:cyklZyciaOd>2017-04-07T00:00:00+02:00</sln:cyklZyciaOd><sln:gmIIPId>fd971fac-ccbf-4b9a-ae84-ec9922a0c9e7</sln:gmIIPId><sln:gmIIPPn>PL.PZGIK.200</sln:gmIIPPn><sln:gmIIPWersja>2012-09-26T22:53:15+02:00</sln:gmIIPWersja><sln:gmIdTeryt>1416092</sln:gmIdTeryt><sln:gmNazwa>Szulborze Wielkie</sln:gmNazwa><sln:miejscIIPId>cf3e4024-5fd5-492b-9dde-9fc3dc0b39b3</sln:miejscIIPId><sln:miejscIIPPn>PL.PZGIK.200</sln:miejscIIPPn><sln:miejscIIPWersja>2017-04-07T14:22:28+02:00</sln:miejscIIPWersja><sln:miejscIdTeryt>0407701</sln:miejscIdTeryt><sln:miejscNazwa>Janczewo Wielkie</sln:miejscNazwa><sln:miejscRodzaj>Wieś</sln:miejscRodzaj><sln:powIIPId>17fc6675-6104-4686-b70e-cf2a562b89e6</sln:powIIPId><sln:powIIPPn>PL.PZGIK.200</sln:powIIPPn><sln:powIIPWersja>2012-09-27T08:13:53+02:00</sln:powIIPWersja><sln:powIdTeryt>1416</sln:powIdTeryt><sln:powNazwa>ostrowski</sln:powNazwa><sln:waznyOd>2013-12-30T00:00:00+01:00</sln:waznyOd><sln:wojIIPId>4b6c492a-eb04-441d-a92a-f44359c06de7</sln:wojIIPId><sln:wojIIPPn>PL.PZGIK.200</sln:wojIIPPn><sln:wojIIPWersja>2012-09-27T13:45:13+02:00</sln:wojIIPWersja><sln:wojIdTeryt>14</sln:wojIdTeryt><sln:wojNazwa>mazowieckie</sln:wojNazwa></sln:miejscowosc><sln:miejscowosc><sln:cyklZyciaOd>2017-04-07T00:00:00+02:00</sln:cyklZyciaOd><sln:gmIIPId>fd971fac-ccbf-4b9a-ae84-ec9922a0c9e7</sln:gmIIPId><sln:gmIIPPn>PL.PZGIK.200</sln:gmIIPPn><sln:gmIIPWersja>2012-09-26T22:53:15+02:00</sln:gmIIPWersja><sln:gmIdTeryt>1416092</sln:gmIdTeryt><sln:gmNazwa>Szulborze Wielkie</sln:gmNazwa><sln:miejscIIPId>ba2ce876-c785-4963-a07b-270ffa4de8a7</sln:miejscIIPId><sln:miejscIIPPn>PL.PZGIK.200</sln:miejscIIPPn><sln:miejscIIPWersja>2017-04-07T14:22:29+02:00</sln:miejscIIPWersja><sln:miejscIdTeryt>0407718</sln:miejscIdTeryt><sln:miejscNazwa>Leśniewo</sln:miejscNazwa><sln:miejscRodzaj>Wieś</sln:miejscRodzaj><sln:powIIPId>17fc6675-6104-4686-b70e-cf2a562b89e6</sln:powIIPId><sln:powIIPPn>PL.PZGIK.200</sln:powIIPPn><sln:powIIPWersja>2012-09-27T08:13:53+02:00</sln:powIIPWersja><sln:powIdTeryt>1416</sln:powIdTeryt><sln:powNazwa>ostrowski</sln:powNazwa><sln:waznyOd>2013-12-30T00:00:00+01:00</sln:waznyOd><sln:wojIIPId>4b6c492a-eb04-441d-a92a-f44359c06de7</sln:wojIIPId><sln:wojIIPPn>PL.PZGIK.200</sln:wojIIPPn><sln:wojIIPWersja>2012-09-27T13:45:13+02:00</sln:wojIIPWersja><sln:wojIdTeryt>14</sln:wojIdTeryt><sln:wojNazwa>mazowieckie</sln:wojNazwa></sln:miejscowosc><sln:miejscowosc><sln:cyklZyciaOd>2017-04-07T00:00:00+02:00</sln:cyklZyciaOd><sln:gmIIPId>fd971fac-ccbf-4b9a-ae84-ec9922a0c9e7</sln:gmIIPId><sln:gmIIPPn>PL.PZGIK.200</sln:gmIIPPn><sln:gmIIPWersja>2012-09-26T22:53:15+02:00</sln:gmIIPWersja><sln:gmIdTeryt>1416092</sln:gmIdTeryt><sln:gmNazwa>Szulborze Wielkie</sln:gmNazwa><sln:miejscIIPId>9ff40c6f-477e-4504-b35e-9a4e4be34210</sln:miejscIIPId><sln:miejscIIPPn>PL.PZGIK.200</sln:miejscIIPPn><sln:miejscIIPWersja>2017-04-07T14:22:29+02:00</sln:miejscIIPWersja><sln:miejscIdTeryt>0407753</sln:miejscIdTeryt><sln:miejscNazwa>Słup</sln:miejscNazwa><sln:miejscRodzaj>Wieś</sln:miejscRodzaj><sln:powIIPId>17fc6675-6104-4686-b70e-cf2a562b89e6</sln:powIIPId><sln:powIIPPn>PL.PZGIK.200</sln:powIIPPn><sln:powIIPWersja>2012-09-27T08:13:53+02:00</sln:powIIPWersja><sln:powIdTeryt>1416</sln:powIdTeryt><sln:powNazwa>ostrowski</sln:powNazwa><sln:waznyOd>2013-12-30T00:00:00+01:00</sln:waznyOd><sln:wojIIPId>4b6c492a-eb04-441d-a92a-f44359c06de7</sln:wojIIPId><sln:wojIIPPn>PL.PZGIK.200</sln:wojIIPPn><sln:wojIIPWersja>2012-09-27T13:45:13+02:00</sln:wojIIPWersja><sln:wojIdTeryt>14</sln:wojIdTeryt><sln:wojNazwa>mazowieckie</sln:wojNazwa></sln:miejscowosc><sln:miejscowosc><sln:cyklZyciaOd>2017-04-07T00:00:00+02:00</sln:cyklZyciaOd><sln:gmIIPId>fd971fac-ccbf-4b9a-ae84-ec9922a0c9e7</sln:gmIIPId><sln:gmIIPPn>PL.PZGIK.200</sln:gmIIPPn><sln:gmIIPWersja>2012-09-26T22:53:15+02:00</sln:gmIIPWersja><sln:gmIdTeryt>1416092</sln:gmIdTeryt><sln:gmNazwa>Szulborze Wielkie</sln:gmNazwa><sln:miejscIIPId>1ee6439d-d398-43ed-91e0-d5cb16cf3ea7</sln:miejscIIPId><sln:miejscIIPPn>PL.PZGIK.200</sln:miejscIIPPn><sln:miejscIIPWersja>2017-04-07T14:22:29+02:00</sln:miejscIIPWersja><sln:miejscIdTeryt>0407760</sln:miejscIdTeryt><sln:miejscNazwa>Słup-Kolonia</sln:miejscNazwa><sln:miejscRodzaj>Wieś</sln:miejscRodzaj><sln:powIIPId>17fc6675-6104-4686-b70e-cf2a562b89e6</sln:powIIPId><sln:powIIPPn>PL.PZGIK.200</sln:powIIPPn><sln:powIIPWersja>2012-09-27T08:13:53+02:00</sln:powIIPWersja><sln:powIdTeryt>1416</sln:powIdTeryt><sln:powNazwa>ostrowski</sln:powNazwa><sln:waznyOd>2013-12-30T00:00:00+01:00</sln:waznyOd><sln:wojIIPId>4b6c492a-eb04-441d-a92a-f44359c06de7</sln:wojIIPId><sln:wojIIPPn>PL.PZGIK.200</sln:wojIIPPn><sln:wojIIPWersja>2012-09-27T13:45:13+02:00</sln:wojIIPWersja><sln:wojIdTeryt>14</sln:wojIdTeryt><sln:wojNazwa>mazowieckie</sln:wojNazwa></sln:miejscowosc><sln:miejscowosc><sln:cyklZyciaOd>2017-04-07T00:00:00+02:00</sln:cyklZyciaOd><sln:gmIIPId>fd971fac-ccbf-4b9a-ae84-ec9922a0c9e7</sln:gmIIPId><sln:gmIIPPn>PL.PZGIK.200</sln:gmIIPPn><sln:gmIIPWersja>2012-09-26T22:53:15+02:00</sln:gmIIPWersja><sln:gmIdTeryt>1416092</sln:gmIdTeryt><sln:gmNazwa>Szulborze Wielkie</sln:gmNazwa><sln:miejscIIPId>c45892bf-567d-4fc8-8acd-c2762ed46d75</sln:miejscIIPId><sln:miejscIIPPn>PL.PZGIK.200</sln:miejscIIPPn><sln:miejscIIPWersja>2017-04-07T14:22:29+02:00</sln:miejscIIPWersja><sln:miejscIdTeryt>0407776</sln:miejscIdTeryt><sln:miejscNazwa>Smolewo-Parcele</sln:miejscNazwa><sln:miejscRodzaj>Wieś</sln:miejscRodzaj><sln:powIIPId>17fc6675-6104-4686-b70e-cf2a562b89e6</sln:powIIPId><sln:powIIPPn>PL.PZGIK.200</sln:powIIPPn><sln:powIIPWersja>2012-09-27T08:13:53+02:00</sln:powIIPWersja><sln:powIdTeryt>1416</sln:powIdTeryt><sln:powNazwa>ostrowski</sln:powNazwa><sln:waznyOd>2013-12-30T00:00:00+01:00</sln:waznyOd><sln:wojIIPId>4b6c492a-eb04-441d-a92a-f44359c06de7</sln:wojIIPId><sln:wojIIPPn>PL.PZGIK.200</sln:wojIIPPn><sln:wojIIPWersja>2012-09-27T13:45:13+02:00</sln:wojIIPWersja><sln:wojIdTeryt>14</sln:wojIdTeryt><sln:wojNazwa>mazowieckie</sln:wojNazwa></sln:miejscowosc><sln:miejscowosc><sln:cyklZyciaOd>2017-04-07T00:00:00+02:00</sln:cyklZyciaOd><sln:gmIIPId>fd971fac-ccbf-4b9a-ae84-ec9922a0c9e7</sln:gmIIPId><sln:gmIIPPn>PL.PZGIK.200</sln:gmIIPPn><sln:gmIIPWersja>2012-09-26T22:53:15+02:00</sln:gmIIPWersja><sln:gmIdTeryt>1416092</sln:gmIdTeryt><sln:gmNazwa>Szulborze Wielkie</sln:gmNazwa><sln:miejscIIPId>3e156477-86ec-4d53-8fde-951eeb0b890e</sln:miejscIIPId><sln:miejscIIPPn>PL.PZGIK.200</sln:miejscIIPPn><sln:miejscIIPWersja>2017-04-07T14:22:29+02:00</sln:miejscIIPWersja><sln:miejscIdTeryt>0407782</sln:miejscIdTeryt><sln:miejscNazwa>Smolewo-Wieś</sln:miejscNazwa><sln:miejscRodzaj>Wieś</sln:miejscRodzaj><sln:powIIPId>17fc6675-6104-4686-b70e-cf2a562b89e6</sln:powIIPId><sln:powIIPPn>PL.PZGIK.200</sln:powIIPPn><sln:powIIPWersja>2012-09-27T08:13:53+02:00</sln:powIIPWersja><sln:powIdTeryt>1416</sln:powIdTeryt><sln:powNazwa>ostrowski</sln:powNazwa><sln:waznyOd>2013-12-30T00:00:00+01:00</sln:waznyOd><sln:wojIIPId>4b6c492a-eb04-441d-a92a-f44359c06de7</sln:wojIIPId><sln:wojIIPPn>PL.PZGIK.200</sln:wojIIPPn><sln:wojIIPWersja>2012-09-27T13:45:13+02:00</sln:wojIIPWersja><sln:wojIdTeryt>14</sln:wojIdTeryt><sln:wojNazwa>mazowieckie</sln:wojNazwa></sln:miejscowosc><sln:miejscowosc><sln:cyklZyciaOd>2017-04-07T00:00:00+02:00</sln:cyklZyciaOd><sln:gmIIPId>fd971fac-ccbf-4b9a-ae84-ec9922a0c9e7</sln:gmIIPId><sln:gmIIPPn>PL.PZGIK.200</sln:gmIIPPn><sln:gmIIPWersja>2012-09-26T22:53:15+02:00</sln:gmIIPWersja><sln:gmIdTeryt>1416092</sln:gmIdTeryt><sln:gmNazwa>Szulborze Wielkie</sln:gmNazwa><sln:miejscIIPId>3d99fad7-fb34-4e15-bcd9-36627ce024e9</sln:miejscIIPId><sln:miejscIIPPn>PL.PZGIK.200</sln:miejscIIPPn><sln:miejscIIPWersja>2017-04-07T14:22:29+02:00</sln:miejscIIPWersja><sln:miejscIdTeryt>0407807</sln:miejscIdTeryt><sln:miejscNazwa>Szulborze Wielkie</sln:miejscNazwa><sln:miejscRodzaj>Wieś</sln:miejscRodzaj><sln:powIIPId>17fc6675-6104-4686-b70e-cf2a562b89e6</sln:powIIPId><sln:powIIPPn>PL.PZGIK.200</sln:powIIPPn><sln:powIIPWersja>2012-09-27T08:13:53+02:00</sln:powIIPWersja><sln:powIdTeryt>1416</sln:powIdTeryt><sln:powNazwa>ostrowski</sln:powNazwa><sln:waznyOd>2013-12-30T00:00:00+01:00</sln:waznyOd><sln:wojIIPId>4b6c492a-eb04-441d-a92a-f44359c06de7</sln:wojIIPId><sln:wojIIPPn>PL.PZGIK.200</sln:wojIIPPn><sln:wojIIPWersja>2012-09-27T13:45:13+02:00</sln:wojIIPWersja><sln:wojIdTeryt>14</sln:wojIdTeryt><sln:wojNazwa>mazowieckie</sln:wojNazwa></sln:miejscowosc><sln:miejscowosc><sln:cyklZyciaOd>2017-04-07T00:00:00+02:00</sln:cyklZyciaOd><sln:gmIIPId>fd971fac-ccbf-4b9a-ae84-ec9922a0c9e7</sln:gmIIPId><sln:gmIIPPn>PL.PZGIK.200</sln:gmIIPPn><sln:gmIIPWersja>2012-09-26T22:53:15+02:00</sln:gmIIPWersja><sln:gmIdTeryt>1416092</sln:gmIdTeryt><sln:gmNazwa>Szulborze Wielkie</sln:gmNazwa><sln:miejscIIPId>c518d6c3-89a3-467d-948f-cc45ad2cc42d</sln:miejscIIPId><sln:miejscIIPPn>PL.PZGIK.200</sln:miejscIIPPn><sln:miejscIIPWersja>2017-04-07T14:22:29+02:00</sln:miejscIIPWersja><sln:miejscIdTeryt>0407820</sln:miejscIdTeryt><sln:miejscNazwa>Świerże-Leśniewek</sln:miejscNazwa><sln:miejscRodzaj>Wieś</sln:miejscRodzaj><sln:powIIPId>17fc6675-6104-4686-b70e-cf2a562b89e6</sln:powIIPId><sln:powIIPPn>PL.PZGIK.200</sln:powIIPPn><sln:powIIPWersja>2012-09-27T08:13:53+02:00</sln:powIIPWersja><sln:powIdTeryt>1416</sln:powIdTeryt><sln:powNazwa>ostrowski</sln:powNazwa><sln:waznyOd>2013-12-30T00:00:00+01:00</sln:waznyOd><sln:wojIIPId>4b6c492a-eb04-441d-a92a-f44359c06de7</sln:wojIIPId><sln:wojIIPPn>PL.PZGIK.200</sln:wojIIPPn><sln:wojIIPWersja>2012-09-27T13:45:13+02:00</sln:wojIIPWersja><sln:wojIdTeryt>14</sln:wojIdTeryt><sln:wojNazwa>mazowieckie</sln:wojNazwa></sln:miejscowosc><sln:miejscowosc><sln:cyklZyciaOd>2017-04-07T00:00:00+02:00</sln:cyklZyciaOd><sln:gmIIPId>fd971fac-ccbf-4b9a-ae84-ec9922a0c9e7</sln:gmIIPId><sln:gmIIPPn>PL.PZGIK.200</sln:gmIIPPn><sln:gmIIPWersja>2012-09-26T22:53:15+02:00</sln:gmIIPWersja><sln:gmIdTeryt>1416092</sln:gmIdTeryt><sln:gmNazwa>Szulborze Wielkie</sln:gmNazwa><sln:miejscIIPId>cb4ddc6d-011b-4f9c-b6de-74e9a612bf6a</sln:miejscIIPId><sln:miejscIIPPn>PL.PZGIK.200</sln:miejscIIPPn><sln:miejscIIPWersja>2017-04-07T14:22:29+02:00</sln:miejscIIPWersja><sln:miejscIdTeryt>0407836</sln:miejscIdTeryt><sln:miejscNazwa>Uścianek-Dębianka</sln:miejscNazwa><sln:miejscRodzaj>Wieś</sln:miejscRodzaj><sln:powIIPId>17fc6675-6104-4686-b70e-cf2a562b89e6</sln:powIIPId><sln:powIIPPn>PL.PZGIK.200</sln:powIIPPn><sln:powIIPWersja>2012-09-27T08:13:53+02:00</sln:powIIPWersja><sln:powIdTeryt>1416</sln:powIdTeryt><sln:powNazwa>ostrowski</sln:powNazwa><sln:waznyOd>2013-12-30T00:00:00+01:00</sln:waznyOd><sln:wojIIPId>4b6c492a-eb04-441d-a92a-f44359c06de7</sln:wojIIPId><sln:wojIIPPn>PL.PZGIK.200</sln:wojIIPPn><sln:wojIIPWersja>2012-09-27T13:45:13+02:00</sln:wojIIPWersja><sln:wojIdTeryt>14</sln:wojIdTeryt><sln:wojNazwa>mazowieckie</sln:wojNazwa></sln:miejscowosc><sln:miejscowosc><sln:cyklZyciaOd>2017-04-07T00:00:00+02:00</sln:cyklZyciaOd><sln:gmIIPId>fd971fac-ccbf-4b9a-ae84-ec9922a0c9e7</sln:gmIIPId><sln:gmIIPPn>PL.PZGIK.200</sln:gmIIPPn><sln:gmIIPWersja>2012-09-26T22:53:15+02:00</sln:gmIIPWersja><sln:gmIdTeryt>1416092</sln:gmIdTeryt><sln:gmNazwa>Szulborze Wielkie</sln:gmNazwa><sln:miejscIIPId>67f9026a-7966-487d-8223-5be91bdbfa27</sln:miejscIIPId><sln:miejscIIPPn>PL.PZGIK.200</sln:miejscIIPPn><sln:miejscIIPWersja>2017-04-07T14:22:29+02:00</sln:miejscIIPWersja><sln:miejscIdTeryt>0407842</sln:miejscIdTeryt><sln:miejscNazwa>Zakrzewo-Zalesie</sln:miejscNazwa><sln:miejscRodzaj>Wieś</sln:miejscRodzaj><sln:powIIPId>17fc6675-6104-4686-b70e-cf2a562b89e6</sln:powIIPId><sln:powIIPPn>PL.PZGIK.200</sln:powIIPPn><sln:powIIPWersja>2012-09-27T08:13:53+02:00</sln:powIIPWersja><sln:powIdTeryt>1416</sln:powIdTeryt><sln:powNazwa>ostrowski</sln:powNazwa><sln:waznyOd>2013-12-30T00:00:00+01:00</sln:waznyOd><sln:wojIIPId>4b6c492a-eb04-441d-a92a-f44359c06de7</sln:wojIIPId><sln:wojIIPPn>PL.PZGIK.200</sln:wojIIPPn><sln:wojIIPWersja>2012-09-27T13:45:13+02:00</sln:wojIIPWersja><sln:wojIdTeryt>14</sln:wojIdTeryt><sln:wojNazwa>mazowieckie</sln:wojNazwa></sln:miejscowosc></sln:lista-miejscowosci>