<?xml version="1.0" encoding="UTF-8" standalone="yes"?><sln:lista-miejscowosci xmlns:srv="http://gugik.gov.pl/schemas/slowniki-service/1.0" xmlns:sln="http://gugik.gov.pl/schemas/slowniki-schema/1.0"><sln:miejscowosc><sln:cyklZyciaDo>2017-03-10T00:00:00+01:00</sln:cyklZyciaDo><sln:cyklZyciaOd>2015-05-04T00:00:00+02:00</sln:cyklZyciaOd><sln:gmIIPId>0a763ee5-fe19-418a-812a-8d37a8e0fd26</sln:gmIIPId><sln:gmIIPPn>PL.PZGIK.200</sln:gmIIPPn><sln:gmIIPWersja>2012-09-26T21:57:13+02:00</sln:gmIIPWersja><sln:gmIdTeryt>1432013</sln:gmIdTeryt><sln:gmNazwa>Błonie</sln:gmNazwa><sln:miejscIIPId>56fc1b56-fd28-4129-880a-166fec5d720f</sln:miejscIIPId><sln:miejscIIPPn>PL.PZGIK.200</sln:miejscIIPPn><sln:miejscIIPWersja>2016-11-24T08:09:00+02:00</sln:miejscIIPWersja><sln:miejscIdTeryt>0000017</sln:miejscIdTeryt><sln:miejscNazwa>Białutki</sln:miejscNazwa><sln:miejscRodzaj>Wieś</sln:miejscRodzaj><sln:powIIPId>22810a72-1b4e-46b7-b9f8-bfdc66e42f22</sln:powIIPId><sln:powIIPPn>PL.PZGIK.200</sln:powIIPPn><sln:powIIPWersja>2012-09-27T08:13:53+02:00</sln:powIIPWersja><sln:powIdTeryt>1432</sln:powIdTeryt><sln:powNazwa>warszawski zachodni</sln:powNazwa><sln:waznyOd>2010-08-06T00:00:00+02:00</sln:waznyOd><sln:wojIIPId>4b6c492a-eb04-441d-a92a-f44359c06de7</sln:wojIIPId><sln:wojIIPPn>PL.PZGIK.200</sln:wojIIPPn><sln:wojIIPWersja>2012-09-27T13:45:13+02:00</sln:wojIIPWersja><sln:wojIdTeryt>14</sln:wojIdTeryt><sln:wojNazwa>mazowieckie</sln:wojNazwa></sln:miejscowosc><sln:miejscowosc><sln:cyklZyciaDo>2017-03-10T00:00:00+01:00</sln:cyklZyciaDo><sln:cyklZyciaOd>2015-05-04T00:00:00+02:00</sln:cyklZyciaOd><sln:gmIIPId>0a763ee5-fe19-418a-812a-8d37a8e0fd26</sln:gmIIPId><sln:gmIIPPn>PL.PZGIK.200</sln:gmIIPPn><sln:gmIIPWersja>2012-09-26T21:57:13+02:00</sln:gmIIPWersja><sln:gmIdTeryt>1432013</sln:gmIdTeryt><sln:gmNazwa>Błonie</sln:gmNazwa><sln:miejscIIPId>64ebba3c-f95d-4694-bd4f-5680ac55aa9e</sln:miejscIIPId><sln:miejscIIPPn>PL.PZGIK.200</sln:miejscIIPPn><sln:miejscIIPWersja>2016-11-24T08:09:00+02:00</sln:miejscIIPWersja><sln:miejscIdTeryt>0000023</sln:miejscIdTeryt><sln:miejscNazwa>Białuty</sln:miejscNazwa><sln:miejscRodzaj>Wieś</sln:miejscRodzaj><sln:powIIPId>22810a72-1b4e-46b7-b9f8-bfdc66e42f22</sln:powIIPId><sln:powIIPPn>PL.PZGIK.200</sln:powIIPPn><sln:powIIPWersja>2012-09-27T08:13:53+02:00</sln:powIIPWersja><sln:powIdTeryt>1432</sln:powIdTeryt><sln:powNazwa>warszawski zachodni</sln:powNazwa><sln:waznyOd>2010-08-06T00:00:00+02:00</sln:waznyOd><sln:wojIIPId>4b6c492a-eb04-441d-a92a-f44359c06de7</sln:wojIIPId><sln:wojIIPPn>PL.PZGIK.200</sln:wojIIPPn><sln:wojIIPWersja>2012-09-27T13:45:13+02:00</sln:wojIIPWersja><sln:wojIdTeryt>14</sln:wojIdTeryt><sln:wojNazwa>mazowieckie</sln:wojNazwa></sln:miejscowosc><sln:miejscowosc><sln:cyklZyciaDo>2017-03-10T00:00:00+01:00</sln:cyklZyciaDo><sln:cyklZyciaOd>2015-05-04T00:00:00+02:00</sln:cyklZyciaOd><sln:gmIIPId>0a763ee5-fe19-418a-812a-8d37a8e0fd26</sln:gmIIPId><sln:gmIIPPn>PL.PZGIK.200</sln:gmIIPPn><sln:gmIIPWersja>2012-09-26T21:57:13+02:00</sln:gmIIPWersja><sln:gmIdTeryt>1432013</sln:gmIdTeryt><sln:gmNazwa>Błonie</sln:gmNazwa><sln:miejscIIPId>d88f84b8-e867-46de-9ff8-b0538f6de1f4</sln:miejscIIPId><sln:miejscIIPPn>PL.PZGIK.200</sln:miejscIIPPn><sln:miejscIIPWersja>2016-11-24T08:09:00+02:00</sln:miejscIIPWersja><sln:miejscIdTeryt>0000046</sln:miejscIdTeryt><sln:miejscNazwa>Bieniewice</sln:miejscNazwa><sln:miejscRodzaj>Wieś</sln:miejscRodzaj><sln:powIIPId>22810a72-1b4e-46b7-b9f8-bfdc66e42f22</sln:powIIPId><sln:powIIPPn>PL.PZGIK.200</sln:powIIPPn><sln:powIIPWersja>2012-09-27T08:13:53+02:00</sln:powIIPWersja><sln:powIdTeryt>1432</sln:powIdTeryt><sln:powNazwa>warszawski zachodni</sln:powNazwa><sln:waznyOd>2010-08-06T00:00:00+02:00</sln:waznyOd><sln:wojIIPId>4b6c492a-eb04-441d-a92a-f44359c06de7</sln:wojIIPId><sln:wojIIPPn>PL.PZGIK.200</sln:wojIIPPn><sln:wojIIPWersja>2012-09-27T13:45:13+02:00</sln:wojIIPWersja><sln:wojIdTeryt>14</sln:wojIdTeryt><sln:wojNazwa>mazowieckie</sln:wojNazwa></sln:miejscowosc><sln:miejscowosc><sln:cyklZyciaDo>2017-03-10T00:00:00+01:00</sln:cyklZyciaDo><sln:cyklZyciaOd>2015-05-04T00:00:00+02:00</sln:cyklZyciaOd><sln:gmIIPId>0a763ee5-fe19-418a-812a-8d37a8e0fd26</sln:gmIIPId><sln:gmIIPPn>PL.PZGIK.200</sln:gmIIPPn><sln:gmIIPWersja>2012-09-26T21:57:13+02:00</sln:gmIIPWersja><sln:gmIdTeryt>1432013</sln:gmIdTeryt><sln:gmNazwa>Błonie</sln:gmNazwa><sln:miejscIIPId>958c7697-630c-4851-b7f9-339585d0518e</sln:miejscIIPId><sln:miejscIIPPn>PL.PZGIK.200</sln:miejscIIPPn><sln:miejscIIPWersja>2016-11-24T08:09:00+02:00</sln:miejscIIPWersja><sln:miejscIdTeryt>0000247</sln:miejscIdTeryt><sln:miejscNazwa>Łaźniewek</sln:miejscNazwa><sln:miejscRodzaj>Wieś</sln:miejscRodzaj><sln:powIIPId>22810a72-1b4e-46b7-b9f8-bfdc66e42f22</sln:powIIPId><sln:powIIPPn>PL.PZGIK.200</sln:powIIPPn><sln:powIIPWersja>2012-09-27T08:13:53+02:00</sln:powIIPWersja><sln:powIdTeryt>1432</sln:powIdTeryt><sln:powNazwa>warszawski zachodni</sln:powNazwa><sln:waznyOd>2010-11-16T00:00:00+01:00</sln:waznyOd><sln:wojIIPId>4b6c492a-eb04-441d-a92a-f44359c06de7</sln:wojIIPId><sln:wojIIPPn>PL.PZGIK.200</sln:wojIIPPn><sln:wojIIPWersja>2012-09-27T13:45:13+02:00</sln:wojIIPWersja><sln:wojIdTeryt>14</sln:wojIdTeryt><sln:wojNazwa>mazowieckie</sln:wojNazwa></sln:miejscowosc><sln:miejscowosc><sln:cyklZyciaDo>2017-03-10T00:00:00+01:00</sln:cyklZyciaDo><sln:cyklZyciaOd>2015-05-04T00:00:00+02:00</sln:cyklZyciaOd><sln:gmIIPId>0a763ee5-fe19-418a-812a-8d37a8e0fd26</sln:gmIIPId><sln:gmIIPPn>PL.PZGIK.200</sln:gmIIPPn><sln:gmIIPWersja>2012-09-26T21:57:13+02:00</sln:gmIIPWersja><sln:gmIdTeryt>1432013</sln:gmIdTeryt><sln:gmNazwa>Błonie</sln:gmNazwa><sln:miejscIIPId>62985506-9d06-43dc-85f6-fe31d60e2187</sln:miejscIIPId><sln:miejscIIPPn>PL.PZGIK.200</sln:miejscIIPPn><sln:miejscIIPWersja>2016-11-24T08:09:00+02:00</sln:miejscIIPWersja><sln:miejscIdTeryt>0000230</sln:miejscIdTeryt><sln:miejscNazwa>Łaźniew-Majątek</sln:miejscNazwa><sln:miejscRodzaj>Inny obiekt</sln:miejscRodzaj><sln:powIIPId>22810a72-1b4e-46b7-b9f8-bfdc66e42f22</sln:powIIPId><sln:powIIPPn>PL.PZGIK.200</sln:powIIPPn><sln:powIIPWersja>2012-09-27T08:13:53+02:00</sln:powIIPWersja><sln:powIdTeryt>1432</sln:powIdTeryt><sln:powNazwa>warszawski zachodni</sln:powNazwa><sln:waznyOd>2012-05-29T00:00:00+02:00</sln:waznyOd><sln:wojIIPId>4b6c492a-eb04-441d-a92a-f44359c06de7</sln:wojIIPId><sln:wojIIPPn>PL.PZGIK.200</sln:wojIIPPn><sln:wojIIPWersja>2012-09-27T13:45:13+02:00</sln:wojIIPWersja><sln:wojIdTeryt>14</sln:wojIdTeryt><sln:wojNazwa>mazowieckie</sln:wojNazwa></sln:miejscowosc><sln:miejscowosc><sln:cyklZyciaDo>2017-03-10T00:00:00+01:00</sln:cyklZyciaDo><sln:cyklZyciaOd>2015-05-04T00:00:00+02:00</sln:cyklZyciaOd><sln:gmIIPId>0a763ee5-fe19-418a-812a-8d37a8e0fd26</sln:gmIIPId><sln:gmIIPPn>PL.PZGIK.200</sln:gmIIPPn><sln:gmIIPWersja>2012-09-26T21:57:13+02:00</sln:gmIIPWersja><sln:gmIdTeryt>1432013</sln:gmIdTeryt><sln:gmNazwa>Błonie</sln:gmNazwa><sln:miejscIIPId>f59c4e2b-f4ad-4112-b879-00a0acc0e323</sln:miejscIIPId><sln:miejscIIPPn>PL.PZGIK.200</sln:miejscIIPPn><sln:miejscIIPWersja>2016-11-24T08:09:00+02:00</sln:miejscIIPWersja><sln:miejscIdTeryt>0000454</sln:miejscIdTeryt><sln:miejscNazwa>Marysinek</sln:miejscNazwa><sln:miejscRodzaj>Inny obiekt</sln:miejscRodzaj><sln:powIIPId>22810a72-1b4e-46b7-b9f8-bfdc66e42f22</sln:powIIPId><sln:powIIPPn>PL.PZGIK.200</sln:powIIPPn><sln:powIIPWersja>2012-09-27T08:13:53+02:00</sln:powIIPWersja><sln:powIdTeryt>1432</sln:powIdTeryt><sln:powNazwa>warszawski zachodni</sln:powNazwa><sln:waznyOd>2010-08-25T00:00:00+02:00</sln:waznyOd><sln:wojIIPId>4b6c492a-eb04-441d-a92a-f44359c06de7</sln:wojIIPId><sln:wojIIPPn>PL.PZGIK.200</sln:wojIIPPn><sln:wojIIPWersja>2012-09-27T13:45:13+02:00</sln:wojIIPWersja><sln:wojIdTeryt>14</sln:wojIdTeryt><sln:wojNazwa>mazowieckie</sln:wojNazwa></sln:miejscowosc><sln:miejscowosc><sln:cyklZyciaDo>2017-03-10T00:00:00+01:00</sln:cyklZyciaDo><sln:cyklZyciaOd>2015-05-04T00:00:00+02:00</sln:cyklZyciaOd><sln:gmIIPId>0a763ee5-fe19-418a-812a-8d37a8e0fd26</sln:gmIIPId><sln:gmIIPPn>PL.PZGIK.200</sln:gmIIPPn><sln:gmIIPWersja>2012-09-26T21:57:13+02:00</sln:gmIIPWersja><sln:gmIdTeryt>1432013</sln:gmIdTeryt><sln:gmNazwa>Błonie</sln:gmNazwa><sln:miejscIIPId>f4cfffcc-a0db-4509-a010-9a2058896ae7</sln:miejscIIPId><sln:miejscIIPPn>PL.PZGIK.200</sln:miejscIIPPn><sln:miejscIIPWersja>2016-11-24T08:09:00+02:00</sln:miejscIIPWersja><sln:miejscIdTeryt>0000388</sln:miejscIdTeryt><sln:miejscNazwa>Rokitno-Majątek</sln:miejscNazwa><sln:miejscRodzaj>Osada</sln:miejscRodzaj><sln:powIIPId>22810a72-1b4e-46b7-b9f8-bfdc66e42f22</sln:powIIPId><sln:powIIPPn>PL.PZGIK.200</sln:powIIPPn><sln:powIIPWersja>2012-09-27T08:13:53+02:00</sln:powIIPWersja><sln:powIdTeryt>1432</sln:powIdTeryt><sln:powNazwa>warszawski zachodni</sln:powNazwa><sln:waznyOd>2012-05-29T00:00:00+02:00</sln:waznyOd><sln:wojIIPId>4b6c492a-eb04-441d-a92a-f44359c06de7</sln:wojIIPId><sln:wojIIPPn>PL.PZGIK.200</sln:wojIIPPn><sln:wojIIPWersja>2012-09-27T13:45:13+02:00</sln:wojIIPWersja><sln:wojIdTeryt>14</sln:wojIdTeryt><sln:wojNazwa>mazowieckie</sln:wojNazwa></sln:miejscowosc><sln:miejscowosc><sln:cyklZyciaDo>2017-03-10T00:00:00+01:00</sln:cyklZyciaDo><sln:cyklZyciaOd>2015-05-04T00:00:00+02:00</sln:cyklZyciaOd><sln:gmIIPId>0a763ee5-fe19-418a-812a-8d37a8e0fd26</sln:gmIIPId><sln:gmIIPPn>PL.PZGIK.200</sln:gmIIPPn><sln:gmIIPWersja>2012-09-26T21:57:13+02:00</sln:gmIIPWersja><sln:gmIdTeryt>1432013</sln:gmIdTeryt><sln:gmNazwa>Błonie</sln:gmNazwa><sln:miejscIIPId>799573a7-c505-4b3e-a827-ccdab96f1e72</sln:miejscIIPId><sln:miejscIIPPn>PL.PZGIK.200</sln:miejscIIPPn><sln:miejscIIPWersja>2016-11-24T08:09:00+02:00</sln:miejscIIPWersja><sln:miejscIdTeryt>0000402</sln:miejscIdTeryt><sln:miejscNazwa>Stare Faszczyce</sln:miejscNazwa><sln:miejscRodzaj>Wieś</sln:miejscRodzaj><sln:powIIPId>22810a72-1b4e-46b7-b9f8-bfdc66e42f22</sln:powIIPId><sln:powIIPPn>PL.PZGIK.200</sln:powIIPPn><sln:powIIPWersja>2012-09-27T08:13:53+02:00</sln:powIIPWersja><sln:powIdTeryt>1432</sln:powIdTeryt><sln:powNazwa>warszawski zachodni</sln:powNazwa><sln:waznyOd>2010-11-16T00:00:00+01:00</sln:waznyOd><sln:wojIIPId>4b6c492a-eb04-441d-a92a-f44359c06de7</sln:wojIIPId><sln:wojIIPPn>PL.PZGIK.200</sln:wojIIPPn><sln:wojIIPWersja>2012-09-27T13:45:13+02:00</sln:wojIIPWersja><sln:wojIdTeryt>14</sln:wojIdTeryt><sln:wojNazwa>mazowieckie</sln:wojNazwa></sln:miejscowosc><sln:miejscowosc><sln:cyklZyciaDo>2017-03-10T00:00:00+01:00</sln:cyklZyciaDo><sln:cyklZyciaOd>2015-05-04T00:00:00+02:00</sln:cyklZyciaOd><sln:gmIIPId>0a763ee5-fe19-418a-812a-8d37a8e0fd26</sln:gmIIPId><sln:gmIIPPn>PL.PZGIK.200</sln:gmIIPPn><sln:gmIIPWersja>2012-09-26T21:57:13+02:00</sln:gmIIPWersja><sln:gmIdTeryt>1432013</sln:gmIdTeryt><sln:gmNazwa>Błonie</sln:gmNazwa><sln:miejscIIPId>c7928351-e870-4a42-9742-8eb16f5c1a5f</sln:miejscIIPId><sln:miejscIIPPn>PL.PZGIK.200</sln:miejscIIPPn><sln:miejscIIPWersja>2016-11-24T08:09:00+02:00</sln:miejscIIPWersja><sln:miejscIdTeryt>0000419</sln:miejscIdTeryt><sln:miejscNazwa>Stary Łuszczewek</sln:miejscNazwa><sln:miejscRodzaj>Wieś</sln:miejscRodzaj><sln:powIIPId>22810a72-1b4e-46b7-b9f8-bfdc66e42f22</sln:powIIPId><sln:powIIPPn>PL.PZGIK.200</sln:powIIPPn><sln:powIIPWersja>2012-09-27T08:13:53+02:00</sln:powIIPWersja><sln:powIdTeryt>1432</sln:powIdTeryt><sln:powNazwa>warszawski zachodni</sln:powNazwa><sln:waznyOd>2010-08-25T00:00:00+02:00</sln:waznyOd><sln:wojIIPId>4b6c492a-eb04-441d-a92a-f44359c06de7</sln:wojIIPId><sln:wojIIPPn>PL.PZGIK.200</sln:wojIIPPn><sln:wojIIPWersja>2012-09-27T13:45:13+02:00</sln:wojIIPWersja><sln:wojIdTeryt>14</sln:wojIdTeryt><sln:wojNazwa>mazowieckie</sln:wojNazwa></sln:miejscowosc><sln:miejscowosc><sln:cyklZyciaDo>2017-03-10T00:00:00+01:00</sln:cyklZyciaDo><sln:cyklZyciaOd>2015-05-04T00:00:00+02:00</sln:cyklZyciaOd><sln:gmIIPId>0a763ee5-fe19-418a-812a-8d37a8e0fd26</sln:gmIIPId><sln:gmIIPPn>PL.PZGIK.200</sln:gmIIPPn><sln:gmIIPWersja>2012-09-26T21:57:13+02:00</sln:gmIIPWersja><sln:gmIdTeryt>1432013</sln:gmIdTeryt><sln:gmNazwa>Błonie</sln:gmNazwa><sln:miejscIIPId>6c75e1f2-3c0b-4667-b4fd-8cca0db3854b</sln:miejscIIPId><sln:miejscIIPPn>PL.PZGIK.200</sln:miejscIIPPn><sln:miejscIIPWersja>2016-11-24T08:09:00+02:00</sln:miejscIIPWersja><sln:miejscIdTeryt>0000425</sln:miejscIdTeryt><sln:miejscNazwa>Wawrzyszew</sln:miejscNazwa><sln:miejscRodzaj>Wieś</sln:miejscRodzaj><sln:powIIPId>22810a72-1b4e-46b7-b9f8-bfdc66e42f22</sln:powIIPId><sln:powIIPPn>PL.PZGIK.200</sln:powIIPPn><sln:powIIPWersja>2012-09-27T08:13:53+02:00</sln:powIIPWersja><sln:powIdTeryt>1432</sln:powIdTeryt><sln:powNazwa>warszawski zachodni</sln:powNazwa><sln:waznyOd>2010-08-06T00:00:00+02:00</sln:waznyOd><sln:wojIIPId>4b6c492a-eb04-441d-a92a-f44359c06de7</sln:wojIIPId><sln:wojIIPPn>PL.PZGIK.200</sln:wojIIPPn><sln:wojIIPWersja>2012-09-27T13:45:13+02:00</sln:wojIIPWersja><sln:wojIdTeryt>14</sln:wojIdTeryt><sln:wojNazwa>mazowieckie</sln:wojNazwa></sln:miejscowosc><sln:miejscowosc><sln:cyklZyciaDo>2017-03-10T00:00:00+01:00</sln:cyklZyciaDo><sln:cyklZyciaOd>2015-05-04T00:00:00+02:00</sln:cyklZyciaOd><sln:gmIIPId>0a763ee5-fe19-418a-812a-8d37a8e0fd26</sln:gmIIPId><sln:gmIIPPn>PL.PZGIK.200</sln:gmIIPPn><sln:gmIIPWersja>2012-09-26T21:57:13+02:00</sln:gmIIPWersja><sln:gmIdTeryt>1432013</sln:gmIdTeryt><sln:gmNazwa>Błonie</sln:gmNazwa><sln:miejscIIPId>6cc0f424-2c92-4614-90a9-24a41c29c9c5</sln:miejscIIPId><sln:miejscIIPPn>PL.PZGIK.200</sln:miejscIIPPn><sln:miejscIIPWersja>2016-11-24T08:09:00+02:00</sln:miejscIIPWersja><sln:miejscIdTeryt>0000431</sln:miejscIdTeryt><sln:miejscNazwa>Witki</sln:miejscNazwa><sln:miejscRodzaj>Wieś</sln:miejscRodzaj><sln:powIIPId>22810a72-1b4e-46b7-b9f8-bfdc66e42f22</sln:powIIPId><sln:powIIPPn>PL.PZGIK.200</sln:powIIPPn><sln:powIIPWersja>2012-09-27T08:13:53+02:00</sln:powIIPWersja><sln:powIdTeryt>1432</sln:powIdTeryt><sln:powNazwa>warszawski zachodni</sln:powNazwa><sln:waznyOd>2010-08-06T00:00:00+02:00</sln:waznyOd><sln:wojIIPId>4b6c492a-eb04-441d-a92a-f44359c06de7</sln:wojIIPId><sln:wojIIPPn>PL.PZGIK.200</sln:wojIIPPn><sln:wojIIPWersja>2012-09-27T13:45:13+02:00</sln:wojIIPWersja><sln:wojIdTeryt>14</sln:wojIdTeryt><sln:wojNazwa>mazowieckie</sln:wojNazwa></sln:miejscowosc><sln:miejscowosc><sln:cyklZyciaDo>2017-03-10T00:00:00+01:00</sln:cyklZyciaDo><sln:cyklZyciaOd>2015-05-04T00:00:00+02:00</sln:cyklZyciaOd><sln:gmIIPId>0a763ee5-fe19-418a-812a-8d37a8e0fd26</sln:gmIIPId><sln:gmIIPPn>PL.PZGIK.200</sln:gmIIPPn><sln:gmIIPWersja>2012-09-26T21:57:13+02:00</sln:gmIIPWersja><sln:gmIdTeryt>1432013</sln:gmIdTeryt><sln:gmNazwa>Błonie</sln:gmNazwa><sln:miejscIIPId>e565d236-4477-4581-a4b7-174073cc1ad4</sln:miejscIIPId><sln:miejscIIPPn>PL.PZGIK.200</sln:miejscIIPPn><sln:miejscIIPWersja>2016-11-24T08:09:00+02:00</sln:miejscIIPWersja><sln:miejscIdTeryt>0000448</sln:miejscIdTeryt><sln:miejscNazwa>Wola Łuszczewska</sln:miejscNazwa><sln:miejscRodzaj>Wieś</sln:miejscRodzaj><sln:powIIPId>22810a72-1b4e-46b7-b9f8-bfdc66e42f22</sln:powIIPId><sln:powIIPPn>PL.PZGIK.200</sln:powIIPPn><sln:powIIPWersja>2012-09-27T08:13:53+02:00</sln:powIIPWersja><sln:powIdTeryt>1432</sln:powIdTeryt><sln:powNazwa>warszawski zachodni</sln:powNazwa><sln:waznyOd>2010-08-06T00:00:00+02:00</sln:waznyOd><sln:wojIIPId>4b6c492a-eb04-441d-a92a-f44359c06de7</sln:wojIIPId><sln:wojIIPPn>PL.PZGIK.200</sln:wojIIPPn><sln:wojIIPWersja>2012-09-27T13:45:13+02:00</sln:wojIIPWersja><sln:wojIdTeryt>14</sln:wojIdTeryt><sln:wojNazwa>mazowieckie</sln:wojNazwa></sln:miejscowosc><sln:miejscowosc><sln:cyklZyciaDo>2017-03-10T00:00:00+01:00</sln:cyklZyciaDo><sln:cyklZyciaOd>2015-05-04T00:00:00+02:00</sln:cyklZyciaOd><sln:gmIIPId>0a763ee5-fe19-418a-812a-8d37a8e0fd26</sln:gmIIPId><sln:gmIIPPn>PL.PZGIK.200</sln:gmIIPPn><sln:gmIIPWersja>2012-09-26T21:57:13+02:00</sln:gmIIPWersja><sln:gmIdTeryt>1432013</sln:gmIdTeryt><sln:gmNazwa>Błonie</sln:gmNazwa><sln:miejscIIPId>0ce25faa-fa30-4d5e-8354-19d05509bd9c</sln:miejscIIPId><sln:miejscIIPPn>PL.PZGIK.200</sln:miejscIIPPn><sln:miejscIIPWersja>2016-11-24T08:09:00+02:00</sln:miejscIIPWersja><sln:miejscIdTeryt>0000075</sln:miejscIdTeryt><sln:miejscNazwa>Bieniewo-Parcela</sln:miejscNazwa><sln:miejscRodzaj>Wieś</sln:miejscRodzaj><sln:powIIPId>22810a72-1b4e-46b7-b9f8-bfdc66e42f22</sln:powIIPId><sln:powIIPPn>PL.PZGIK.200</sln:powIIPPn><sln:powIIPWersja>2012-09-27T08:13:53+02:00</sln:powIIPWersja><sln:powIdTeryt>1432</sln:powIdTeryt><sln:powNazwa>warszawski zachodni</sln:powNazwa><sln:waznyOd>2012-05-29T00:00:00+02:00</sln:waznyOd><sln:wojIIPId>4b6c492a-eb04-441d-a92a-f44359c06de7</sln:wojIIPId><sln:wojIIPPn>PL.PZGIK.200</sln:wojIIPPn><sln:wojIIPWersja>2012-09-27T13:45:13+02:00</sln:wojIIPWersja><sln:wojIdTeryt>14</sln:wojIdTeryt><sln:wojNazwa>mazowieckie</sln:wojNazwa></sln:miejscowosc><sln:miejscowosc><sln:cyklZyciaDo>2017-03-10T00:00:00+01:00</sln:cyklZyciaDo><sln:cyklZyciaOd>2015-05-04T00:00:00+02:00</sln:cyklZyciaOd><sln:gmIIPId>0a763ee5-fe19-418a-812a-8d37a8e0fd26</sln:gmIIPId><sln:gmIIPPn>PL.PZGIK.200</sln:gmIIPPn><sln:gmIIPWersja>2012-09-26T21:57:13+02:00</sln:gmIIPWersja><sln:gmIdTeryt>1432013</sln:gmIdTeryt><sln:gmNazwa>Błonie</sln:gmNazwa><sln:miejscIIPId>1b36ac10-2c3a-468a-8a7e-96ed05ee2b83</sln:miejscIIPId><sln:miejscIIPPn>PL.PZGIK.200</sln:miejscIIPPn><sln:miejscIIPWersja>2016-11-24T08:09:00+02:00</sln:miejscIIPWersja><sln:miejscIdTeryt>0000081</sln:miejscIdTeryt><sln:miejscNazwa>Bieniewo-Wieś</sln:miejscNazwa><sln:miejscRodzaj>Wieś</sln:miejscRodzaj><sln:powIIPId>22810a72-1b4e-46b7-b9f8-bfdc66e42f22</sln:powIIPId><sln:powIIPPn>PL.PZGIK.200</sln:powIIPPn><sln:powIIPWersja>2012-09-27T08:13:53+02:00</sln:powIIPWersja><sln:powIdTeryt>1432</sln:powIdTeryt><sln:powNazwa>warszawski zachodni</sln:powNazwa><sln:waznyOd>2012-05-29T00:00:00+02:00</sln:waznyOd><sln:wojIIPId>4b6c492a-eb04-441d-a92a-f44359c06de7</sln:wojIIPId><sln:wojIIPPn>PL.PZGIK.200</sln:wojIIPPn><sln:wojIIPWersja>2012-09-27T13:45:13+02:00</sln:wojIIPWersja><sln:wojIdTeryt>14</sln:wojIdTeryt><sln:wojNazwa>mazowieckie</sln:wojNazwa></sln:miejscowosc><sln:miejscowosc><sln:cyklZyciaDo>2017-03-10T00:00:00+01:00</sln:cyklZyciaDo><sln:cyklZyciaOd>2015-05-04T00:00:00+02:00</sln:cyklZyciaOd><sln:gmIIPId>0a763ee5-fe19-418a-812a-8d37a8e0fd26</sln:gmIIPId><sln:gmIIPPn>PL.PZGIK.200</sln:gmIIPPn><sln:gmIIPWersja>2012-09-26T21:57:13+02:00</sln:gmIIPWersja><sln:gmIdTeryt>1432013</sln:gmIdTeryt><sln:gmNazwa>Błonie</sln:gmNazwa><sln:miejscIIPId>b0ca1226-5d56-4435-965f-e8dbfcfd26fe</sln:miejscIIPId><sln:miejscIIPPn>PL.PZGIK.200</sln:miejscIIPPn><sln:miejscIIPWersja>2016-11-24T08:09:00+02:00</sln:miejscIIPWersja><sln:miejscIdTeryt>0000253</sln:miejscIdTeryt><sln:miejscNazwa>Nowa Górna</sln:miejscNazwa><sln:miejscRodzaj>Wieś</sln:miejscRodzaj><sln:powIIPId>22810a72-1b4e-46b7-b9f8-bfdc66e42f22</sln:powIIPId><sln:powIIPPn>PL.PZGIK.200</sln:powIIPPn><sln:powIIPWersja>2012-09-27T08:13:53+02:00</sln:powIIPWersja><sln:powIdTeryt>1432</sln:powIdTeryt><sln:powNazwa>warszawski zachodni</sln:powNazwa><sln:waznyOd>2010-08-06T00:00:00+02:00</sln:waznyOd><sln:wojIIPId>4b6c492a-eb04-441d-a92a-f44359c06de7</sln:wojIIPId><sln:wojIIPPn>PL.PZGIK.200</sln:wojIIPPn><sln:wojIIPWersja>2012-09-27T13:45:13+02:00</sln:wojIIPWersja><sln:wojIdTeryt>14</sln:wojIdTeryt><sln:wojNazwa>mazowieckie</sln:wojNazwa></sln:miejscowosc><sln:miejscowosc><sln:cyklZyciaDo>2017-03-10T00:00:00+01:00</sln:cyklZyciaDo><sln:cyklZyciaOd>2015-05-04T00:00:00+02:00</sln:cyklZyciaOd><sln:gmIIPId>0a763ee5-fe19-418a-812a-8d37a8e0fd26</sln:gmIIPId><sln:gmIIPPn>PL.PZGIK.200</sln:gmIIPPn><sln:gmIIPWersja>2012-09-26T21:57:13+02:00</sln:gmIIPWersja><sln:gmIdTeryt>1432013</sln:gmIdTeryt><sln:gmNazwa>Błonie</sln:gmNazwa><sln:miejscIIPId>b5a038d6-8d93-4a36-b8bd-c4a833206b2f</sln:miejscIIPId><sln:miejscIIPPn>PL.PZGIK.200</sln:miejscIIPPn><sln:miejscIIPWersja>2016-11-24T08:09:00+02:00</sln:miejscIIPWersja><sln:miejscIdTeryt>0000260</sln:miejscIdTeryt><sln:miejscNazwa>Nowa Wieś</sln:miejscNazwa><sln:miejscRodzaj>Wieś</sln:miejscRodzaj><sln:powIIPId>22810a72-1b4e-46b7-b9f8-bfdc66e42f22</sln:powIIPId><sln:powIIPPn>PL.PZGIK.200</sln:powIIPPn><sln:powIIPWersja>2012-09-27T08:13:53+02:00</sln:powIIPWersja><sln:powIdTeryt>1432</sln:powIdTeryt><sln:powNazwa>warszawski zachodni</sln:powNazwa><sln:waznyOd>2010-08-06T00:00:00+02:00</sln:waznyOd><sln:wojIIPId>4b6c492a-eb04-441d-a92a-f44359c06de7</sln:wojIIPId><sln:wojIIPPn>PL.PZGIK.200</sln:wojIIPPn><sln:wojIIPWersja>2012-09-27T13:45:13+02:00</sln:wojIIPWersja><sln:wojIdTeryt>14</sln:wojIdTeryt><sln:wojNazwa>mazowieckie</sln:wojNazwa></sln:miejscowosc><sln:miejscowosc><sln:cyklZyciaDo>2017-03-10T00:00:00+01:00</sln:cyklZyciaDo><sln:cyklZyciaOd>2015-05-04T00:00:00+02:00</sln:cyklZyciaOd><sln:gmIIPId>0a763ee5-fe19-418a-812a-8d37a8e0fd26</sln:gmIIPId><sln:gmIIPPn>PL.PZGIK.200</sln:gmIIPPn><sln:gmIIPWersja>2012-09-26T21:57:13+02:00</sln:gmIIPWersja><sln:gmIdTeryt>1432013</sln:gmIdTeryt><sln:gmNazwa>Błonie</sln:gmNazwa><sln:miejscIIPId>cde454d1-ea70-4333-9d98-ed36fd54757e</sln:miejscIIPId><sln:miejscIIPPn>PL.PZGIK.200</sln:miejscIIPPn><sln:miejscIIPWersja>2016-11-24T08:09:00+02:00</sln:miejscIIPWersja><sln:miejscIdTeryt>0000276</sln:miejscIdTeryt><sln:miejscNazwa>Nowe Faszczyce</sln:miejscNazwa><sln:miejscRodzaj>Wieś</sln:miejscRodzaj><sln:powIIPId>22810a72-1b4e-46b7-b9f8-bfdc66e42f22</sln:powIIPId><sln:powIIPPn>PL.PZGIK.200</sln:powIIPPn><sln:powIIPWersja>2012-09-27T08:13:53+02:00</sln:powIIPWersja><sln:powIdTeryt>1432</sln:powIdTeryt><sln:powNazwa>warszawski zachodni</sln:powNazwa><sln:waznyOd>2010-11-16T00:00:00+01:00</sln:waznyOd><sln:wojIIPId>4b6c492a-eb04-441d-a92a-f44359c06de7</sln:wojIIPId><sln:wojIIPPn>PL.PZGIK.200</sln:wojIIPPn><sln:wojIIPWersja>2012-09-27T13:45:13+02:00</sln:wojIIPWersja><sln:wojIdTeryt>14</sln:wojIdTeryt><sln:wojNazwa>mazowieckie</sln:wojNazwa></sln:miejscowosc><sln:miejscowosc><sln:cyklZyciaDo>2017-03-10T00:00:00+01:00</sln:cyklZyciaDo><sln:cyklZyciaOd>2015-05-04T00:00:00+02:00</sln:cyklZyciaOd><sln:gmIIPId>0a763ee5-fe19-418a-812a-8d37a8e0fd26</sln:gmIIPId><sln:gmIIPPn>PL.PZGIK.200</sln:gmIIPPn><sln:gmIIPWersja>2012-09-26T21:57:13+02:00</sln:gmIIPWersja><sln:gmIdTeryt>1432013</sln:gmIdTeryt><sln:gmNazwa>Błonie</sln:gmNazwa><sln:miejscIIPId>edcfc315-dc4c-4d9b-acf7-fe8c6758d250</sln:miejscIIPId><sln:miejscIIPPn>PL.PZGIK.200</sln:miejscIIPPn><sln:miejscIIPWersja>2016-11-24T08:09:00+02:00</sln:miejscIIPWersja><sln:miejscIdTeryt>0000282</sln:miejscIdTeryt><sln:miejscNazwa>Nowy Łuszczewek</sln:miejscNazwa><sln:miejscRodzaj>Wieś</sln:miejscRodzaj><sln:powIIPId>22810a72-1b4e-46b7-b9f8-bfdc66e42f22</sln:powIIPId><sln:powIIPPn>PL.PZGIK.200</sln:powIIPPn><sln:powIIPWersja>2012-09-27T08:13:53+02:00</sln:powIIPWersja><sln:powIdTeryt>1432</sln:powIdTeryt><sln:powNazwa>warszawski zachodni</sln:powNazwa><sln:waznyOd>2010-08-25T00:00:00+02:00</sln:waznyOd><sln:wojIIPId>4b6c492a-eb04-441d-a92a-f44359c06de7</sln:wojIIPId><sln:wojIIPPn>PL.PZGIK.200</sln:wojIIPPn><sln:wojIIPWersja>2012-09-27T13:45:13+02:00</sln:wojIIPWersja><sln:wojIdTeryt>14</sln:wojIdTeryt><sln:wojNazwa>mazowieckie</sln:wojNazwa></sln:miejscowosc><sln:miejscowosc><sln:cyklZyciaDo>2017-03-10T00:00:00+01:00</sln:cyklZyciaDo><sln:cyklZyciaOd>2015-05-04T00:00:00+02:00</sln:cyklZyciaOd><sln:gmIIPId>0a763ee5-fe19-418a-812a-8d37a8e0fd26</sln:gmIIPId><sln:gmIIPPn>PL.PZGIK.200</sln:gmIIPPn><sln:gmIIPWersja>2012-09-26T21:57:13+02:00</sln:gmIIPWersja><sln:gmIdTeryt>1432013</sln:gmIdTeryt><sln:gmNazwa>Błonie</sln:gmNazwa><sln:miejscIIPId>a55a8381-17b3-4fa7-b021-f80b42170032</sln:miejscIIPId><sln:miejscIIPPn>PL.PZGIK.200</sln:miejscIIPPn><sln:miejscIIPWersja>2016-11-24T08:09:00+02:00</sln:miejscIIPWersja><sln:miejscIdTeryt>0000299</sln:miejscIdTeryt><sln:miejscNazwa>Pass</sln:miejscNazwa><sln:miejscRodzaj>Osada</sln:miejscRodzaj><sln:powIIPId>22810a72-1b4e-46b7-b9f8-bfdc66e42f22</sln:powIIPId><sln:powIIPPn>PL.PZGIK.200</sln:powIIPPn><sln:powIIPWersja>2012-09-27T08:13:53+02:00</sln:powIIPWersja><sln:powIdTeryt>1432</sln:powIdTeryt><sln:powNazwa>warszawski zachodni</sln:powNazwa><sln:waznyOd>2010-08-06T00:00:00+02:00</sln:waznyOd><sln:wojIIPId>4b6c492a-eb04-441d-a92a-f44359c06de7</sln:wojIIPId><sln:wojIIPPn>PL.PZGIK.200</sln:wojIIPPn><sln:wojIIPWersja>2012-09-27T13:45:13+02:00</sln:wojIIPWersja><sln:wojIdTeryt>14</sln:wojIdTeryt><sln:wojNazwa>mazowieckie</sln:wojNazwa></sln:miejscowosc><sln:miejscowosc><sln:cyklZyciaDo>2017-03-10T00:00:00+01:00</sln:cyklZyciaDo><sln:cyklZyciaOd>2015-05-04T00:00:00+02:00</sln:cyklZyciaOd><sln:gmIIPId>0a763ee5-fe19-418a-812a-8d37a8e0fd26</sln:gmIIPId><sln:gmIIPPn>PL.PZGIK.200</sln:gmIIPPn><sln:gmIIPWersja>2012-09-26T21:57:13+02:00</sln:gmIIPWersja><sln:gmIdTeryt>1432013</sln:gmIdTeryt><sln:gmNazwa>Błonie</sln:gmNazwa><sln:miejscIIPId>b999da3c-ce3d-4a4c-a928-3e60238b423e</sln:miejscIIPId><sln:miejscIIPPn>PL.PZGIK.200</sln:miejscIIPPn><sln:miejscIIPWersja>2016-11-24T08:09:00+02:00</sln:miejscIIPWersja><sln:miejscIdTeryt>0000307</sln:miejscIdTeryt><sln:miejscNazwa>Piorunów</sln:miejscNazwa><sln:miejscRodzaj>Wieś</sln:miejscRodzaj><sln:powIIPId>22810a72-1b4e-46b7-b9f8-bfdc66e42f22</sln:powIIPId><sln:powIIPPn>PL.PZGIK.200</sln:powIIPPn><sln:powIIPWersja>2012-09-27T08:13:53+02:00</sln:powIIPWersja><sln:powIdTeryt>1432</sln:powIdTeryt><sln:powNazwa>warszawski zachodni</sln:powNazwa><sln:waznyOd>2010-08-06T00:00:00+02:00</sln:waznyOd><sln:wojIIPId>4b6c492a-eb04-441d-a92a-f44359c06de7</sln:wojIIPId><sln:wojIIPPn>PL.PZGIK.200</sln:wojIIPPn><sln:wojIIPWersja>2012-09-27T13:45:13+02:00</sln:wojIIPWersja><sln:wojIdTeryt>14</sln:wojIdTeryt><sln:wojNazwa>mazowieckie</sln:wojNazwa></sln:miejscowosc><sln:miejscowosc><sln:cyklZyciaDo>2017-03-10T00:00:00+01:00</sln:cyklZyciaDo><sln:cyklZyciaOd>2015-05-04T00:00:00+02:00</sln:cyklZyciaOd><sln:gmIIPId>0a763ee5-fe19-418a-812a-8d37a8e0fd26</sln:gmIIPId><sln:gmIIPPn>PL.PZGIK.200</sln:gmIIPPn><sln:gmIIPWersja>2012-09-26T21:57:13+02:00</sln:gmIIPWersja><sln:gmIdTeryt>1432013</sln:gmIdTeryt><sln:gmNazwa>Błonie</sln:gmNazwa><sln:miejscIIPId>bff36cf6-38a6-45e0-9dc5-3965507f6192</sln:miejscIIPId><sln:miejscIIPPn>PL.PZGIK.200</sln:miejscIIPPn><sln:miejscIIPWersja>2016-11-24T08:09:00+02:00</sln:miejscIIPWersja><sln:miejscIdTeryt>0000313</sln:miejscIdTeryt><sln:miejscNazwa>Radonice</sln:miejscNazwa><sln:miejscRodzaj>Wieś</sln:miejscRodzaj><sln:powIIPId>22810a72-1b4e-46b7-b9f8-bfdc66e42f22</sln:powIIPId><sln:powIIPPn>PL.PZGIK.200</sln:powIIPPn><sln:powIIPWersja>2012-09-27T08:13:53+02:00</sln:powIIPWersja><sln:powIdTeryt>1432</sln:powIdTeryt><sln:powNazwa>warszawski zachodni</sln:powNazwa><sln:waznyOd>2010-08-06T00:00:00+02:00</sln:waznyOd><sln:wojIIPId>4b6c492a-eb04-441d-a92a-f44359c06de7</sln:wojIIPId><sln:wojIIPPn>PL.PZGIK.200</sln:wojIIPPn><sln:wojIIPWersja>2012-09-27T13:45:13+02:00</sln:wojIIPWersja><sln:wojIdTeryt>14</sln:wojIdTeryt><sln:wojNazwa>mazowieckie</sln:wojNazwa></sln:miejscowosc><sln:miejscowosc><sln:cyklZyciaDo>2017-03-10T00:00:00+01:00</sln:cyklZyciaDo><sln:cyklZyciaOd>2015-05-04T00:00:00+02:00</sln:cyklZyciaOd><sln:gmIIPId>0a763ee5-fe19-418a-812a-8d37a8e0fd26</sln:gmIIPId><sln:gmIIPPn>PL.PZGIK.200</sln:gmIIPPn><sln:gmIIPWersja>2012-09-26T21:57:13+02:00</sln:gmIIPWersja><sln:gmIdTeryt>1432013</sln:gmIdTeryt><sln:gmNazwa>Błonie</sln:gmNazwa><sln:miejscIIPId>ab91e717-108d-4da6-96f4-f1de9b5c3c0d</sln:miejscIIPId><sln:miejscIIPPn>PL.PZGIK.200</sln:miejscIIPPn><sln:miejscIIPWersja>2016-11-24T08:09:00+02:00</sln:miejscIIPWersja><sln:miejscIdTeryt>0000460</sln:miejscIdTeryt><sln:miejscNazwa>Żukówka</sln:miejscNazwa><sln:miejscRodzaj>Wieś</sln:miejscRodzaj><sln:powIIPId>22810a72-1b4e-46b7-b9f8-bfdc66e42f22</sln:powIIPId><sln:powIIPPn>PL.PZGIK.200</sln:powIIPPn><sln:powIIPWersja>2012-09-27T08:13:53+02:00</sln:powIIPWersja><sln:powIdTeryt>1432</sln:powIdTeryt><sln:powNazwa>warszawski zachodni</sln:powNazwa><sln:waznyOd>2010-08-06T00:00:00+02:00</sln:waznyOd><sln:wojIIPId>4b6c492a-eb04-441d-a92a-f44359c06de7</sln:wojIIPId><sln:wojIIPPn>PL.PZGIK.200</sln:wojIIPPn><sln:wojIIPWersja>2012-09-27T13:45:13+02:00</sln:wojIIPWersja><sln:wojIdTeryt>14</sln:wojIdTeryt><sln:wojNazwa>mazowieckie</sln:wojNazwa></sln:miejscowosc><sln:miejscowosc><sln:cyklZyciaDo>2017-03-10T00:00:00+01:00</sln:cyklZyciaDo><sln:cyklZyciaOd>2015-05-04T00:00:00+02:00</sln:cyklZyciaOd><sln:gmIIPId>0a763ee5-fe19-418a-812a-8d37a8e0fd26</sln:gmIIPId><sln:gmIIPPn>PL.PZGIK.200</sln:gmIIPPn><sln:gmIIPWersja>2012-09-26T21:57:13+02:00</sln:gmIIPWersja><sln:gmIdTeryt>1432013</sln:gmIdTeryt><sln:gmNazwa>Błonie</sln:gmNazwa><sln:miejscIIPId>63b407fb-7c7d-4dc2-8408-671707cc2202</sln:miejscIIPId><sln:miejscIIPPn>PL.PZGIK.200</sln:miejscIIPPn><sln:miejscIIPWersja>2016-11-24T08:09:00+02:00</sln:miejscIIPWersja><sln:miejscIdTeryt>0000320</sln:miejscIdTeryt><sln:miejscNazwa>Radzików</sln:miejscNazwa><sln:miejscRodzaj>Wieś</sln:miejscRodzaj><sln:powIIPId>22810a72-1b4e-46b7-b9f8-bfdc66e42f22</sln:powIIPId><sln:powIIPPn>PL.PZGIK.200</sln:powIIPPn><sln:powIIPWersja>2012-09-27T08:13:53+02:00</sln:powIIPWersja><sln:powIdTeryt>1432</sln:powIdTeryt><sln:powNazwa>warszawski zachodni</sln:powNazwa><sln:waznyOd>2010-08-06T00:00:00+02:00</sln:waznyOd><sln:wojIIPId>4b6c492a-eb04-441d-a92a-f44359c06de7</sln:wojIIPId><sln:wojIIPPn>PL.PZGIK.200</sln:wojIIPPn><sln:wojIIPWersja>2012-09-27T13:45:13+02:00</sln:wojIIPWersja><sln:wojIdTeryt>14</sln:wojIdTeryt><sln:wojNazwa>mazowieckie</sln:wojNazwa></sln:miejscowosc><sln:miejscowosc><sln:cyklZyciaDo>2017-05-12T00:00:00+02:00</sln:cyklZyciaDo><sln:cyklZyciaOd>2015-05-04T00:00:00+02:00</sln:cyklZyciaOd><sln:gmIIPId>0a763ee5-fe19-418a-812a-8d37a8e0fd26</sln:gmIIPId><sln:gmIIPPn>PL.PZGIK.200</sln:gmIIPPn><sln:gmIIPWersja>2012-09-26T21:57:13+02:00</sln:gmIIPWersja><sln:gmIdTeryt>1432013</sln:gmIdTeryt><sln:gmNazwa>Błonie</sln:gmNazwa><sln:miejscIIPId>32c00be9-9e4a-4996-88cb-b2263a6dfd92</sln:miejscIIPId><sln:miejscIIPPn>PL.PZGIK.200</sln:miejscIIPPn><sln:miejscIIPWersja>2016-11-24T14:02:31+02:00</sln:miejscIIPWersja><sln:miejscNazwa>Radzików IHAR</sln:miejscNazwa><sln:miejscRodzaj>Inny obiekt</sln:miejscRodzaj><sln:powIIPId>22810a72-1b4e-46b7-b9f8-bfdc66e42f22</sln:powIIPId><sln:powIIPPn>PL.PZGIK.200</sln:powIIPPn><sln:powIIPWersja>2012-09-27T08:13:53+02:00</sln:powIIPWersja><sln:powIdTeryt>1432</sln:powIdTeryt><sln:powNazwa>warszawski zachodni</sln:powNazwa><sln:waznyOd>2015-01-22T00:00:00+01:00</sln:waznyOd><sln:wojIIPId>4b6c492a-eb04-441d-a92a-f44359c06de7</sln:wojIIPId><sln:wojIIPPn>PL.PZGIK.200</sln:wojIIPPn><sln:wojIIPWersja>2012-09-27T13:45:13+02:00</sln:wojIIPWersja><sln:wojIdTeryt>14</sln:wojIdTeryt><sln:wojNazwa>mazowieckie</sln:wojNazwa></sln:miejscowosc><sln:miejscowosc><sln:cyklZyciaDo>2017-03-10T00:00:00+01:00</sln:cyklZyciaDo><sln:cyklZyciaOd>2015-05-04T00:00:00+02:00</sln:cyklZyciaOd><sln:gmIIPId>0a763ee5-fe19-418a-812a-8d37a8e0fd26</sln:gmIIPId><sln:gmIIPPn>PL.PZGIK.200</sln:gmIIPPn><sln:gmIIPWersja>2012-09-26T21:57:13+02:00</sln:gmIIPWersja><sln:gmIdTeryt>1432013</sln:gmIdTeryt><sln:gmNazwa>Błonie</sln:gmNazwa><sln:miejscIIPId>893419fb-274a-412f-9fc4-f18618307b2f</sln:miejscIIPId><sln:miejscIIPPn>PL.PZGIK.200</sln:miejscIIPPn><sln:miejscIIPWersja>2016-11-24T08:09:00+02:00</sln:miejscIIPWersja><sln:miejscIdTeryt>0000342</sln:miejscIdTeryt><sln:miejscNazwa>Rochaliki</sln:miejscNazwa><sln:miejscRodzaj>Wieś</sln:miejscRodzaj><sln:powIIPId>22810a72-1b4e-46b7-b9f8-bfdc66e42f22</sln:powIIPId><sln:powIIPPn>PL.PZGIK.200</sln:powIIPPn><sln:powIIPWersja>2012-09-27T08:13:53+02:00</sln:powIIPWersja><sln:powIdTeryt>1432</sln:powIdTeryt><sln:powNazwa>warszawski zachodni</sln:powNazwa><sln:waznyOd>2010-08-06T00:00:00+02:00</sln:waznyOd><sln:wojIIPId>4b6c492a-eb04-441d-a92a-f44359c06de7</sln:wojIIPId><sln:wojIIPPn>PL.PZGIK.200</sln:wojIIPPn><sln:wojIIPWersja>2012-09-27T13:45:13+02:00</sln:wojIIPWersja><sln:wojIdTeryt>14</sln:wojIdTeryt><sln:wojNazwa>mazowieckie</sln:wojNazwa></sln:miejscowosc><sln:miejscowosc><sln:cyklZyciaDo>2017-03-10T00:00:00+01:00</sln:cyklZyciaDo><sln:cyklZyciaOd>2015-05-04T00:00:00+02:00</sln:cyklZyciaOd><sln:gmIIPId>0a763ee5-fe19-418a-812a-8d37a8e0fd26</sln:gmIIPId><sln:gmIIPPn>PL.PZGIK.200</sln:gmIIPPn><sln:gmIIPWersja>2012-09-26T21:57:13+02:00</sln:gmIIPWersja><sln:gmIdTeryt>1432013</sln:gmIdTeryt><sln:gmNazwa>Błonie</sln:gmNazwa><sln:miejscIIPId>d8d511bf-d4cc-44bf-bcae-96c38ef960ea</sln:miejscIIPId><sln:miejscIIPPn>PL.PZGIK.200</sln:miejscIIPPn><sln:miejscIIPWersja>2016-11-24T08:09:00+02:00</sln:miejscIIPWersja><sln:miejscIdTeryt>0000359</sln:miejscIdTeryt><sln:miejscNazwa>Rokitno</sln:miejscNazwa><sln:miejscRodzaj>Wieś</sln:miejscRodzaj><sln:powIIPId>22810a72-1b4e-46b7-b9f8-bfdc66e42f22</sln:powIIPId><sln:powIIPPn>PL.PZGIK.200</sln:powIIPPn><sln:powIIPWersja>2012-09-27T08:13:53+02:00</sln:powIIPWersja><sln:powIdTeryt>1432</sln:powIdTeryt><sln:powNazwa>warszawski zachodni</sln:powNazwa><sln:waznyOd>2010-08-06T00:00:00+02:00</sln:waznyOd><sln:wojIIPId>4b6c492a-eb04-441d-a92a-f44359c06de7</sln:wojIIPId><sln:wojIIPPn>PL.PZGIK.200</sln:wojIIPPn><sln:wojIIPWersja>2012-09-27T13:45:13+02:00</sln:wojIIPWersja><sln:wojIdTeryt>14</sln:wojIdTeryt><sln:wojNazwa>mazowieckie</sln:wojNazwa></sln:miejscowosc><sln:miejscowosc><sln:cyklZyciaDo>2017-03-10T00:00:00+01:00</sln:cyklZyciaDo><sln:cyklZyciaOd>2015-05-04T00:00:00+02:00</sln:cyklZyciaOd><sln:gmIIPId>0a763ee5-fe19-418a-812a-8d37a8e0fd26</sln:gmIIPId><sln:gmIIPPn>PL.PZGIK.200</sln:gmIIPPn><sln:gmIIPWersja>2012-09-26T21:57:13+02:00</sln:gmIIPWersja><sln:gmIdTeryt>1432013</sln:gmIdTeryt><sln:gmNazwa>Błonie</sln:gmNazwa><sln:miejscIIPId>56a9bc5e-ec15-4bd3-bb3a-a02a26ac9c6b</sln:miejscIIPId><sln:miejscIIPPn>PL.PZGIK.200</sln:miejscIIPPn><sln:miejscIIPWersja>2016-11-24T13:14:39+02:00</sln:miejscIIPWersja><sln:miejscIdTeryt>0920249</sln:miejscIdTeryt><sln:miejscNazwa>Błonie</sln:miejscNazwa><sln:miejscRodzaj>Miasto</sln:miejscRodzaj><sln:powIIPId>22810a72-1b4e-46b7-b9f8-bfdc66e42f22</sln:powIIPId><sln:powIIPPn>PL.PZGIK.200</sln:powIIPPn><sln:powIIPWersja>2012-09-27T08:13:53+02:00</sln:powIIPWersja><sln:powIdTeryt>1432</sln:powIdTeryt><sln:powNazwa>warszawski zachodni</sln:powNazwa><sln:waznyOd>2012-05-29T00:00:00+02:00</sln:waznyOd><sln:wojIIPId>4b6c492a-eb04-441d-a92a-f44359c06de7</sln:wojIIPId><sln:wojIIPPn>PL.PZGIK.200</sln:wojIIPPn><sln:wojIIPWersja>2012-09-27T13:45:13+02:00</sln:wojIIPWersja><sln:wojIdTeryt>14</sln:wojIdTeryt><sln:wojNazwa>mazowieckie</sln:wojNazwa></sln:miejscowosc><sln:miejscowosc><sln:cyklZyciaDo>2017-03-10T00:00:00+01:00</sln:cyklZyciaDo><sln:cyklZyciaOd>2015-05-04T00:00:00+02:00</sln:cyklZyciaOd><sln:gmIIPId>0a763ee5-fe19-418a-812a-8d37a8e0fd26</sln:gmIIPId><sln:gmIIPPn>PL.PZGIK.200</sln:gmIIPPn><sln:gmIIPWersja>2012-09-26T21:57:13+02:00</sln:gmIIPWersja><sln:gmIdTeryt>1432013</sln:gmIdTeryt><sln:gmNazwa>Błonie</sln:gmNazwa><sln:miejscIIPId>813ac84b-b93d-4184-9c3b-961be429ce02</sln:miejscIIPId><sln:miejscIIPPn>PL.PZGIK.200</sln:miejscIIPPn><sln:miejscIIPWersja>2016-11-24T08:09:00+02:00</sln:miejscIIPWersja><sln:miejscIdTeryt>0000394</sln:miejscIdTeryt><sln:miejscNazwa>Błonie-Wieś</sln:miejscNazwa><sln:miejscRodzaj>Wieś</sln:miejscRodzaj><sln:powIIPId>22810a72-1b4e-46b7-b9f8-bfdc66e42f22</sln:powIIPId><sln:powIIPPn>PL.PZGIK.200</sln:powIIPPn><sln:powIIPWersja>2012-09-27T08:13:53+02:00</sln:powIIPWersja><sln:powIdTeryt>1432</sln:powIdTeryt><sln:powNazwa>warszawski zachodni</sln:powNazwa><sln:waznyOd>2012-05-29T00:00:00+02:00</sln:waznyOd><sln:wojIIPId>4b6c492a-eb04-441d-a92a-f44359c06de7</sln:wojIIPId><sln:wojIIPPn>PL.PZGIK.200</sln:wojIIPPn><sln:wojIIPWersja>2012-09-27T13:45:13+02:00</sln:wojIIPWersja><sln:wojIdTeryt>14</sln:wojIdTeryt><sln:wojNazwa>mazowieckie</sln:wojNazwa></sln:miejscowosc><sln:miejscowosc><sln:cyklZyciaDo>2017-03-10T00:00:00+01:00</sln:cyklZyciaDo><sln:cyklZyciaOd>2015-05-04T00:00:00+02:00</sln:cyklZyciaOd><sln:gmIIPId>0a763ee5-fe19-418a-812a-8d37a8e0fd26</sln:gmIIPId><sln:gmIIPPn>PL.PZGIK.200</sln:gmIIPPn><sln:gmIIPWersja>2012-09-26T21:57:13+02:00</sln:gmIIPWersja><sln:gmIdTeryt>1432013</sln:gmIdTeryt><sln:gmNazwa>Błonie</sln:gmNazwa><sln:miejscIIPId>6aad6999-0725-4556-a4cb-2f8be2578fb3</sln:miejscIIPId><sln:miejscIIPPn>PL.PZGIK.200</sln:miejscIIPPn><sln:miejscIIPWersja>2016-11-24T08:09:00+02:00</sln:miejscIIPWersja><sln:miejscIdTeryt>0000098</sln:miejscIdTeryt><sln:miejscNazwa>Bramki</sln:miejscNazwa><sln:miejscRodzaj>Wieś</sln:miejscRodzaj><sln:powIIPId>22810a72-1b4e-46b7-b9f8-bfdc66e42f22</sln:powIIPId><sln:powIIPPn>PL.PZGIK.200</sln:powIIPPn><sln:powIIPWersja>2012-09-27T08:13:53+02:00</sln:powIIPWersja><sln:powIdTeryt>1432</sln:powIdTeryt><sln:powNazwa>warszawski zachodni</sln:powNazwa><sln:waznyOd>2010-08-06T00:00:00+02:00</sln:waznyOd><sln:wojIIPId>4b6c492a-eb04-441d-a92a-f44359c06de7</sln:wojIIPId><sln:wojIIPPn>PL.PZGIK.200</sln:wojIIPPn><sln:wojIIPWersja>2012-09-27T13:45:13+02:00</sln:wojIIPWersja><sln:wojIdTeryt>14</sln:wojIdTeryt><sln:wojNazwa>mazowieckie</sln:wojNazwa></sln:miejscowosc><sln:miejscowosc><sln:cyklZyciaDo>2017-03-10T00:00:00+01:00</sln:cyklZyciaDo><sln:cyklZyciaOd>2015-05-04T00:00:00+02:00</sln:cyklZyciaOd><sln:gmIIPId>0a763ee5-fe19-418a-812a-8d37a8e0fd26</sln:gmIIPId><sln:gmIIPPn>PL.PZGIK.200</sln:gmIIPPn><sln:gmIIPWersja>2012-09-26T21:57:13+02:00</sln:gmIIPWersja><sln:gmIdTeryt>1432013</sln:gmIdTeryt><sln:gmNazwa>Błonie</sln:gmNazwa><sln:miejscIIPId>e4b96e6d-2182-4ac5-97da-a19608715315</sln:miejscIIPId><sln:miejscIIPPn>PL.PZGIK.200</sln:miejscIIPPn><sln:miejscIIPWersja>2016-11-24T08:09:00+02:00</sln:miejscIIPWersja><sln:miejscIdTeryt>0000135</sln:miejscIdTeryt><sln:miejscNazwa>Cholewy</sln:miejscNazwa><sln:miejscRodzaj>Wieś</sln:miejscRodzaj><sln:powIIPId>22810a72-1b4e-46b7-b9f8-bfdc66e42f22</sln:powIIPId><sln:powIIPPn>PL.PZGIK.200</sln:powIIPPn><sln:powIIPWersja>2012-09-27T08:13:53+02:00</sln:powIIPWersja><sln:powIdTeryt>1432</sln:powIdTeryt><sln:powNazwa>warszawski zachodni</sln:powNazwa><sln:waznyOd>2010-08-06T00:00:00+02:00</sln:waznyOd><sln:wojIIPId>4b6c492a-eb04-441d-a92a-f44359c06de7</sln:wojIIPId><sln:wojIIPPn>PL.PZGIK.200</sln:wojIIPPn><sln:wojIIPWersja>2012-09-27T13:45:13+02:00</sln:wojIIPWersja><sln:wojIdTeryt>14</sln:wojIdTeryt><sln:wojNazwa>mazowieckie</sln:wojNazwa></sln:miejscowosc><sln:miejscowosc><sln:cyklZyciaDo>2017-03-10T00:00:00+01:00</sln:cyklZyciaDo><sln:cyklZyciaOd>2015-05-04T00:00:00+02:00</sln:cyklZyciaOd><sln:gmIIPId>0a763ee5-fe19-418a-812a-8d37a8e0fd26</sln:gmIIPId><sln:gmIIPPn>PL.PZGIK.200</sln:gmIIPPn><sln:gmIIPWersja>2012-09-26T21:57:13+02:00</sln:gmIIPWersja><sln:gmIdTeryt>1432013</sln:gmIdTeryt><sln:gmNazwa>Błonie</sln:gmNazwa><sln:miejscIIPId>067ec48b-2c5b-460a-8a65-8afb6c9adb03</sln:miejscIIPId><sln:miejscIIPPn>PL.PZGIK.200</sln:miejscIIPPn><sln:miejscIIPWersja>2016-11-24T08:09:00+02:00</sln:miejscIIPWersja><sln:miejscIdTeryt>0000158</sln:miejscIdTeryt><sln:miejscNazwa>Dębówka</sln:miejscNazwa><sln:miejscRodzaj>Wieś</sln:miejscRodzaj><sln:powIIPId>22810a72-1b4e-46b7-b9f8-bfdc66e42f22</sln:powIIPId><sln:powIIPPn>PL.PZGIK.200</sln:powIIPPn><sln:powIIPWersja>2012-09-27T08:13:53+02:00</sln:powIIPWersja><sln:powIdTeryt>1432</sln:powIdTeryt><sln:powNazwa>warszawski zachodni</sln:powNazwa><sln:waznyOd>2010-08-06T00:00:00+02:00</sln:waznyOd><sln:wojIIPId>4b6c492a-eb04-441d-a92a-f44359c06de7</sln:wojIIPId><sln:wojIIPPn>PL.PZGIK.200</sln:wojIIPPn><sln:wojIIPWersja>2012-09-27T13:45:13+02:00</sln:wojIIPWersja><sln:wojIdTeryt>14</sln:wojIdTeryt><sln:wojNazwa>mazowieckie</sln:wojNazwa></sln:miejscowosc><sln:miejscowosc><sln:cyklZyciaDo>2017-03-10T00:00:00+01:00</sln:cyklZyciaDo><sln:cyklZyciaOd>2015-05-04T00:00:00+02:00</sln:cyklZyciaOd><sln:gmIIPId>0a763ee5-fe19-418a-812a-8d37a8e0fd26</sln:gmIIPId><sln:gmIIPPn>PL.PZGIK.200</sln:gmIIPPn><sln:gmIIPWersja>2012-09-26T21:57:13+02:00</sln:gmIIPWersja><sln:gmIdTeryt>1432013</sln:gmIdTeryt><sln:gmNazwa>Błonie</sln:gmNazwa><sln:miejscIIPId>4f9b6f55-72b5-4221-80d0-adf892cd8766</sln:miejscIIPId><sln:miejscIIPPn>PL.PZGIK.200</sln:miejscIIPPn><sln:miejscIIPWersja>2016-11-24T08:09:00+02:00</sln:miejscIIPWersja><sln:miejscIdTeryt>0000170</sln:miejscIdTeryt><sln:miejscNazwa>Górna Wieś</sln:miejscNazwa><sln:miejscRodzaj>Wieś</sln:miejscRodzaj><sln:powIIPId>22810a72-1b4e-46b7-b9f8-bfdc66e42f22</sln:powIIPId><sln:powIIPPn>PL.PZGIK.200</sln:powIIPPn><sln:powIIPWersja>2012-09-27T08:13:53+02:00</sln:powIIPWersja><sln:powIdTeryt>1432</sln:powIdTeryt><sln:powNazwa>warszawski zachodni</sln:powNazwa><sln:waznyOd>2010-08-06T00:00:00+02:00</sln:waznyOd><sln:wojIIPId>4b6c492a-eb04-441d-a92a-f44359c06de7</sln:wojIIPId><sln:wojIIPPn>PL.PZGIK.200</sln:wojIIPPn><sln:wojIIPWersja>2012-09-27T13:45:13+02:00</sln:wojIIPWersja><sln:wojIdTeryt>14</sln:wojIdTeryt><sln:wojNazwa>mazowieckie</sln:wojNazwa></sln:miejscowosc><sln:miejscowosc><sln:cyklZyciaDo>2017-03-10T00:00:00+01:00</sln:cyklZyciaDo><sln:cyklZyciaOd>2015-05-04T00:00:00+02:00</sln:cyklZyciaOd><sln:gmIIPId>0a763ee5-fe19-418a-812a-8d37a8e0fd26</sln:gmIIPId><sln:gmIIPPn>PL.PZGIK.200</sln:gmIIPPn><sln:gmIIPWersja>2012-09-26T21:57:13+02:00</sln:gmIIPWersja><sln:gmIdTeryt>1432013</sln:gmIdTeryt><sln:gmNazwa>Błonie</sln:gmNazwa><sln:miejscIIPId>4b3b5ded-a53a-4631-9953-7ed8604dc34a</sln:miejscIIPId><sln:miejscIIPPn>PL.PZGIK.200</sln:miejscIIPPn><sln:miejscIIPWersja>2016-11-24T08:09:00+02:00</sln:miejscIIPWersja><sln:miejscIdTeryt>0000187</sln:miejscIdTeryt><sln:miejscNazwa>Konstantów</sln:miejscNazwa><sln:miejscRodzaj>Wieś</sln:miejscRodzaj><sln:powIIPId>22810a72-1b4e-46b7-b9f8-bfdc66e42f22</sln:powIIPId><sln:powIIPPn>PL.PZGIK.200</sln:powIIPPn><sln:powIIPWersja>2012-09-27T08:13:53+02:00</sln:powIIPWersja><sln:powIdTeryt>1432</sln:powIdTeryt><sln:powNazwa>warszawski zachodni</sln:powNazwa><sln:waznyOd>2010-08-06T00:00:00+02:00</sln:waznyOd><sln:wojIIPId>4b6c492a-eb04-441d-a92a-f44359c06de7</sln:wojIIPId><sln:wojIIPPn>PL.PZGIK.200</sln:wojIIPPn><sln:wojIIPWersja>2012-09-27T13:45:13+02:00</sln:wojIIPWersja><sln:wojIdTeryt>14</sln:wojIdTeryt><sln:wojNazwa>mazowieckie</sln:wojNazwa></sln:miejscowosc><sln:miejscowosc><sln:cyklZyciaDo>2017-03-10T00:00:00+01:00</sln:cyklZyciaDo><sln:cyklZyciaOd>2015-05-04T00:00:00+02:00</sln:cyklZyciaOd><sln:gmIIPId>0a763ee5-fe19-418a-812a-8d37a8e0fd26</sln:gmIIPId><sln:gmIIPPn>PL.PZGIK.200</sln:gmIIPPn><sln:gmIIPWersja>2012-09-26T21:57:13+02:00</sln:gmIIPWersja><sln:gmIdTeryt>1432013</sln:gmIdTeryt><sln:gmNazwa>Błonie</sln:gmNazwa><sln:miejscIIPId>b68fc939-9de2-4dc9-893d-190d8408bf51</sln:miejscIIPId><sln:miejscIIPPn>PL.PZGIK.200</sln:miejscIIPPn><sln:miejscIIPWersja>2016-11-24T08:09:00+02:00</sln:miejscIIPWersja><sln:miejscIdTeryt>0000193</sln:miejscIdTeryt><sln:miejscNazwa>Kopytów</sln:miejscNazwa><sln:miejscRodzaj>Wieś</sln:miejscRodzaj><sln:powIIPId>22810a72-1b4e-46b7-b9f8-bfdc66e42f22</sln:powIIPId><sln:powIIPPn>PL.PZGIK.200</sln:powIIPPn><sln:powIIPWersja>2012-09-27T08:13:53+02:00</sln:powIIPWersja><sln:powIdTeryt>1432</sln:powIdTeryt><sln:powNazwa>warszawski zachodni</sln:powNazwa><sln:waznyOd>2010-08-06T00:00:00+02:00</sln:waznyOd><sln:wojIIPId>4b6c492a-eb04-441d-a92a-f44359c06de7</sln:wojIIPId><sln:wojIIPPn>PL.PZGIK.200</sln:wojIIPPn><sln:wojIIPWersja>2012-09-27T13:45:13+02:00</sln:wojIIPWersja><sln:wojIdTeryt>14</sln:wojIdTeryt><sln:wojNazwa>mazowieckie</sln:wojNazwa></sln:miejscowosc><sln:miejscowosc><sln:cyklZyciaDo>2017-03-10T00:00:00+01:00</sln:cyklZyciaDo><sln:cyklZyciaOd>2015-05-04T00:00:00+02:00</sln:cyklZyciaOd><sln:gmIIPId>0a763ee5-fe19-418a-812a-8d37a8e0fd26</sln:gmIIPId><sln:gmIIPPn>PL.PZGIK.200</sln:gmIIPPn><sln:gmIIPWersja>2012-09-26T21:57:13+02:00</sln:gmIIPWersja><sln:gmIdTeryt>1432013</sln:gmIdTeryt><sln:gmNazwa>Błonie</sln:gmNazwa><sln:miejscIIPId>2cf14952-da21-46cd-ae26-fa9ee1b7b183</sln:miejscIIPId><sln:miejscIIPPn>PL.PZGIK.200</sln:miejscIIPPn><sln:miejscIIPWersja>2016-11-24T08:09:00+02:00</sln:miejscIIPWersja><sln:miejscIdTeryt>0000201</sln:miejscIdTeryt><sln:miejscNazwa>Kopytów-Majątek</sln:miejscNazwa><sln:miejscRodzaj>Inny obiekt</sln:miejscRodzaj><sln:powIIPId>22810a72-1b4e-46b7-b9f8-bfdc66e42f22</sln:powIIPId><sln:powIIPPn>PL.PZGIK.200</sln:powIIPPn><sln:powIIPWersja>2012-09-27T08:13:53+02:00</sln:powIIPWersja><sln:powIdTeryt>1432</sln:powIdTeryt><sln:powNazwa>warszawski zachodni</sln:powNazwa><sln:waznyOd>2012-05-29T00:00:00+02:00</sln:waznyOd><sln:wojIIPId>4b6c492a-eb04-441d-a92a-f44359c06de7</sln:wojIIPId><sln:wojIIPPn>PL.PZGIK.200</sln:wojIIPPn><sln:wojIIPWersja>2012-09-27T13:45:13+02:00</sln:wojIIPWersja><sln:wojIdTeryt>14</sln:wojIdTeryt><sln:wojNazwa>mazowieckie</sln:wojNazwa></sln:miejscowosc><sln:miejscowosc><sln:cyklZyciaDo>2017-03-10T00:00:00+01:00</sln:cyklZyciaDo><sln:cyklZyciaOd>2015-05-04T00:00:00+02:00</sln:cyklZyciaOd><sln:gmIIPId>0a763ee5-fe19-418a-812a-8d37a8e0fd26</sln:gmIIPId><sln:gmIIPPn>PL.PZGIK.200</sln:gmIIPPn><sln:gmIIPWersja>2012-09-26T21:57:13+02:00</sln:gmIIPWersja><sln:gmIdTeryt>1432013</sln:gmIdTeryt><sln:gmNazwa>Błonie</sln:gmNazwa><sln:miejscIIPId>ef470cdb-3fde-49f6-b2c9-dead82971797</sln:miejscIIPId><sln:miejscIIPPn>PL.PZGIK.200</sln:miejscIIPPn><sln:miejscIIPWersja>2016-11-24T08:09:00+02:00</sln:miejscIIPWersja><sln:miejscIdTeryt>0000224</sln:miejscIdTeryt><sln:miejscNazwa>Łaźniew</sln:miejscNazwa><sln:miejscRodzaj>Wieś</sln:miejscRodzaj><sln:powIIPId>22810a72-1b4e-46b7-b9f8-bfdc66e42f22</sln:powIIPId><sln:powIIPPn>PL.PZGIK.200</sln:powIIPPn><sln:powIIPWersja>2012-09-27T08:13:53+02:00</sln:powIIPWersja><sln:powIdTeryt>1432</sln:powIdTeryt><sln:powNazwa>warszawski zachodni</sln:powNazwa><sln:waznyOd>2010-11-16T00:00:00+01:00</sln:waznyOd><sln:wojIIPId>4b6c492a-eb04-441d-a92a-f44359c06de7</sln:wojIIPId><sln:wojIIPPn>PL.PZGIK.200</sln:wojIIPPn><sln:wojIIPWersja>2012-09-27T13:45:13+02:00</sln:wojIIPWersja><sln:wojIdTeryt>14</sln:wojIdTeryt><sln:wojNazwa>mazowieckie</sln:wojNazwa></sln:miejscowosc><sln:miejscowosc><sln:cyklZyciaOd>2017-03-10T00:00:00+01:00</sln:cyklZyciaOd><sln:gmIIPId>0a763ee5-fe19-418a-812a-8d37a8e0fd26</sln:gmIIPId><sln:gmIIPPn>PL.PZGIK.200</sln:gmIIPPn><sln:gmIIPWersja>2012-09-26T21:57:13+02:00</sln:gmIIPWersja><sln:gmIdTeryt>1432013</sln:gmIdTeryt><sln:gmNazwa>Błonie</sln:gmNazwa><sln:miejscIIPId>56fc1b56-fd28-4129-880a-166fec5d720f</sln:miejscIIPId><sln:miejscIIPPn>PL.PZGIK.200</sln:miejscIIPPn><sln:miejscIIPWersja>2017-03-10T12:54:09+02:00</sln:miejscIIPWersja><sln:miejscIdTeryt>0000017</sln:miejscIdTeryt><sln:miejscNazwa>Białutki</sln:miejscNazwa><sln:miejscRodzaj>Wieś</sln:miejscRodzaj><sln:powIIPId>22810a72-1b4e-46b7-b9f8-bfdc66e42f22</sln:powIIPId><sln:powIIPPn>PL.PZGIK.200</sln:powIIPPn><sln:powIIPWersja>2012-09-27T08:13:53+02:00</sln:powIIPWersja><sln:powIdTeryt>1432</sln:powIdTeryt><sln:powNazwa>warszawski zachodni</sln:powNazwa><sln:waznyOd>2010-08-06T00:00:00+02:00</sln:waznyOd><sln:wojIIPId>4b6c492a-eb04-441d-a92a-f44359c06de7</sln:wojIIPId><sln:wojIIPPn>PL.PZGIK.200</sln:wojIIPPn><sln:wojIIPWersja>2012-09-27T13:45:13+02:00</sln:wojIIPWersja><sln:wojIdTeryt>14</sln:wojIdTeryt><sln:wojNazwa>mazowieckie</sln:wojNazwa></sln:miejscowosc><sln:miejscowosc><sln:cyklZyciaOd>2017-03-10T00:00:00+01:00</sln:cyklZyciaOd><sln:gmIIPId>0a763ee5-fe19-418a-812a-8d37a8e0fd26</sln:gmIIPId><sln:gmIIPPn>PL.PZGIK.200</sln:gmIIPPn><sln:gmIIPWersja>2012-09-26T21:57:13+02:00</sln:gmIIPWersja><sln:gmIdTeryt>1432013</sln:gmIdTeryt><sln:gmNazwa>Błonie</sln:gmNazwa><sln:miejscIIPId>64ebba3c-f95d-4694-bd4f-5680ac55aa9e</sln:miejscIIPId><sln:miejscIIPPn>PL.PZGIK.200</sln:miejscIIPPn><sln:miejscIIPWersja>2017-03-10T12:54:14+02:00</sln:miejscIIPWersja><sln:miejscIdTeryt>0000023</sln:miejscIdTeryt><sln:miejscNazwa>Białuty</sln:miejscNazwa><sln:miejscRodzaj>Wieś</sln:miejscRodzaj><sln:powIIPId>22810a72-1b4e-46b7-b9f8-bfdc66e42f22</sln:powIIPId><sln:powIIPPn>PL.PZGIK.200</sln:powIIPPn><sln:powIIPWersja>2012-09-27T08:13:53+02:00</sln:powIIPWersja><sln:powIdTeryt>1432</sln:powIdTeryt><sln:powNazwa>warszawski zachodni</sln:powNazwa><sln:waznyOd>2010-08-06T00:00:00+02:00</sln:waznyOd><sln:wojIIPId>4b6c492a-eb04-441d-a92a-f44359c06de7</sln:wojIIPId><sln:wojIIPPn>PL.PZGIK.200</sln:wojIIPPn><sln:wojIIPWersja>2012-09-27T13:45:13+02:00</sln:wojIIPWersja><sln:wojIdTeryt>14</sln:wojIdTeryt><sln:wojNazwa>mazowieckie</sln:wojNazwa></sln:miejscowosc><sln:miejscowosc><sln:cyklZyciaOd>2017-03-10T00:00:00+01:00</sln:cyklZyciaOd><sln:gmIIPId>0a763ee5-fe19-418a-812a-8d37a8e0fd26</sln:gmIIPId><sln:gmIIPPn>PL.PZGIK.200</sln:gmIIPPn><sln:gmIIPWersja>2012-09-26T21:57:13+02:00</sln:gmIIPWersja><sln:gmIdTeryt>1432013</sln:gmIdTeryt><sln:gmNazwa>Błonie</sln:gmNazwa><sln:miejscIIPId>d88f84b8-e867-46de-9ff8-b0538f6de1f4</sln:miejscIIPId><sln:miejscIIPPn>PL.PZGIK.200</sln:miejscIIPPn><sln:miejscIIPWersja>2017-03-10T12:54:14+02:00</sln:miejscIIPWersja><sln:miejscIdTeryt>0000046</sln:miejscIdTeryt><sln:miejscNazwa>Bieniewice</sln:miejscNazwa><sln:miejscRodzaj>Wieś</sln:miejscRodzaj><sln:powIIPId>22810a72-1b4e-46b7-b9f8-bfdc66e42f22</sln:powIIPId><sln:powIIPPn>PL.PZGIK.200</sln:powIIPPn><sln:powIIPWersja>2012-09-27T08:13:53+02:00</sln:powIIPWersja><sln:powIdTeryt>1432</sln:powIdTeryt><sln:powNazwa>warszawski zachodni</sln:powNazwa><sln:waznyOd>2010-08-06T00:00:00+02:00</sln:waznyOd><sln:wojIIPId>4b6c492a-eb04-441d-a92a-f44359c06de7</sln:wojIIPId><sln:wojIIPPn>PL.PZGIK.200</sln:wojIIPPn><sln:wojIIPWersja>2012-09-27T13:45:13+02:00</sln:wojIIPWersja><sln:wojIdTeryt>14</sln:wojIdTeryt><sln:wojNazwa>mazowieckie</sln:wojNazwa></sln:miejscowosc><sln:miejscowosc><sln:cyklZyciaOd>2017-03-10T00:00:00+01:00</sln:cyklZyciaOd><sln:gmIIPId>0a763ee5-fe19-418a-812a-8d37a8e0fd26</sln:gmIIPId><sln:gmIIPPn>PL.PZGIK.200</sln:gmIIPPn><sln:gmIIPWersja>2012-09-26T21:57:13+02:00</sln:gmIIPWersja><sln:gmIdTeryt>1432013</sln:gmIdTeryt><sln:gmNazwa>Błonie</sln:gmNazwa><sln:miejscIIPId>0ce25faa-fa30-4d5e-8354-19d05509bd9c</sln:miejscIIPId><sln:miejscIIPPn>PL.PZGIK.200</sln:miejscIIPPn><sln:miejscIIPWersja>2017-03-10T12:54:14+02:00</sln:miejscIIPWersja><sln:miejscIdTeryt>0000075</sln:miejscIdTeryt><sln:miejscNazwa>Bieniewo-Parcela</sln:miejscNazwa><sln:miejscRodzaj>Wieś</sln:miejscRodzaj><sln:powIIPId>22810a72-1b4e-46b7-b9f8-bfdc66e42f22</sln:powIIPId><sln:powIIPPn>PL.PZGIK.200</sln:powIIPPn><sln:powIIPWersja>2012-09-27T08:13:53+02:00</sln:powIIPWersja><sln:powIdTeryt>1432</sln:powIdTeryt><sln:powNazwa>warszawski zachodni</sln:powNazwa><sln:waznyOd>2012-05-29T00:00:00+02:00</sln:waznyOd><sln:wojIIPId>4b6c492a-eb04-441d-a92a-f44359c06de7</sln:wojIIPId><sln:wojIIPPn>PL.PZGIK.200</sln:wojIIPPn><sln:wojIIPWersja>2012-09-27T13:45:13+02:00</sln:wojIIPWersja><sln:wojIdTeryt>14</sln:wojIdTeryt><sln:wojNazwa>mazowieckie</sln:wojNazwa></sln:miejscowosc><sln:miejscowosc><sln:cyklZyciaOd>2017-03-10T00:00:00+01:00</sln:cyklZyciaOd><sln:gmIIPId>0a763ee5-fe19-418a-812a-8d37a8e0fd26</sln:gmIIPId><sln:gmIIPPn>PL.PZGIK.200</sln:gmIIPPn><sln:gmIIPWersja>2012-09-26T21:57:13+02:00</sln:gmIIPWersja><sln:gmIdTeryt>1432013</sln:gmIdTeryt><sln:gmNazwa>Błonie</sln:gmNazwa><sln:miejscIIPId>1b36ac10-2c3a-468a-8a7e-96ed05ee2b83</sln:miejscIIPId><sln:miejscIIPPn>PL.PZGIK.200</sln:miejscIIPPn><sln:miejscIIPWersja>2017-03-10T12:54:14+02:00</sln:miejscIIPWersja><sln:miejscIdTeryt>0000081</sln:miejscIdTeryt><sln:miejscNazwa>Bieniewo-Wieś</sln:miejscNazwa><sln:miejscRodzaj>Wieś</sln:miejscRodzaj><sln:powIIPId>22810a72-1b4e-46b7-b9f8-bfdc66e42f22</sln:powIIPId><sln:powIIPPn>PL.PZGIK.200</sln:powIIPPn><sln:powIIPWersja>2012-09-27T08:13:53+02:00</sln:powIIPWersja><sln:powIdTeryt>1432</sln:powIdTeryt><sln:powNazwa>warszawski zachodni</sln:powNazwa><sln:waznyOd>2012-05-29T00:00:00+02:00</sln:waznyOd><sln:wojIIPId>4b6c492a-eb04-441d-a92a-f44359c06de7</sln:wojIIPId><sln:wojIIPPn>PL.PZGIK.200</sln:wojIIPPn><sln:wojIIPWersja>2012-09-27T13:45:13+02:00</sln:wojIIPWersja><sln:wojIdTeryt>14</sln:wojIdTeryt><sln:wojNazwa>mazowieckie</sln:wojNazwa></sln:miejscowosc><sln:miejscowosc><sln:cyklZyciaOd>2017-03-10T00:00:00+01:00</sln:cyklZyciaOd><sln:gmIIPId>0a763ee5-fe19-418a-812a-8d37a8e0fd26</sln:gmIIPId><sln:gmIIPPn>PL.PZGIK.200</sln:gmIIPPn><sln:gmIIPWersja>2012-09-26T21:57:13+02:00</sln:gmIIPWersja><sln:gmIdTeryt>1432013</sln:gmIdTeryt><sln:gmNazwa>Błonie</sln:gmNazwa><sln:miejscIIPId>6aad6999-0725-4556-a4cb-2f8be2578fb3</sln:miejscIIPId><sln:miejscIIPPn>PL.PZGIK.200</sln:miejscIIPPn><sln:miejscIIPWersja>2017-03-10T12:54:14+02:00</sln:miejscIIPWersja><sln:miejscIdTeryt>0000098</sln:miejscIdTeryt><sln:miejscNazwa>Bramki</sln:miejscNazwa><sln:miejscRodzaj>Wieś</sln:miejscRodzaj><sln:powIIPId>22810a72-1b4e-46b7-b9f8-bfdc66e42f22</sln:powIIPId><sln:powIIPPn>PL.PZGIK.200</sln:powIIPPn><sln:powIIPWersja>2012-09-27T08:13:53+02:00</sln:powIIPWersja><sln:powIdTeryt>1432</sln:powIdTeryt><sln:powNazwa>warszawski zachodni</sln:powNazwa><sln:waznyOd>2010-08-06T00:00:00+02:00</sln:waznyOd><sln:wojIIPId>4b6c492a-eb04-441d-a92a-f44359c06de7</sln:wojIIPId><sln:wojIIPPn>PL.PZGIK.200</sln:wojIIPPn><sln:wojIIPWersja>2012-09-27T13:45:13+02:00</sln:wojIIPWersja><sln:wojIdTeryt>14</sln:wojIdTeryt><sln:wojNazwa>mazowieckie</sln:wojNazwa></sln:miejscowosc><sln:miejscowosc><sln:cyklZyciaOd>2017-03-10T00:00:00+01:00</sln:cyklZyciaOd><sln:gmIIPId>0a763ee5-fe19-418a-812a-8d37a8e0fd26</sln:gmIIPId><sln:gmIIPPn>PL.PZGIK.200</sln:gmIIPPn><sln:gmIIPWersja>2012-09-26T21:57:13+02:00</sln:gmIIPWersja><sln:gmIdTeryt>1432013</sln:gmIdTeryt><sln:gmNazwa>Błonie</sln:gmNazwa><sln:miejscIIPId>e4b96e6d-2182-4ac5-97da-a19608715315</sln:miejscIIPId><sln:miejscIIPPn>PL.PZGIK.200</sln:miejscIIPPn><sln:miejscIIPWersja>2017-03-10T12:54:14+02:00</sln:miejscIIPWersja><sln:miejscIdTeryt>0000135</sln:miejscIdTeryt><sln:miejscNazwa>Cholewy</sln:miejscNazwa><sln:miejscRodzaj>Wieś</sln:miejscRodzaj><sln:powIIPId>22810a72-1b4e-46b7-b9f8-bfdc66e42f22</sln:powIIPId><sln:powIIPPn>PL.PZGIK.200</sln:powIIPPn><sln:powIIPWersja>2012-09-27T08:13:53+02:00</sln:powIIPWersja><sln:powIdTeryt>1432</sln:powIdTeryt><sln:powNazwa>warszawski zachodni</sln:powNazwa><sln:waznyOd>2010-08-06T00:00:00+02:00</sln:waznyOd><sln:wojIIPId>4b6c492a-eb04-441d-a92a-f44359c06de7</sln:wojIIPId><sln:wojIIPPn>PL.PZGIK.200</sln:wojIIPPn><sln:wojIIPWersja>2012-09-27T13:45:13+02:00</sln:wojIIPWersja><sln:wojIdTeryt>14</sln:wojIdTeryt><sln:wojNazwa>mazowieckie</sln:wojNazwa></sln:miejscowosc><sln:miejscowosc><sln:cyklZyciaOd>2017-03-10T00:00:00+01:00</sln:cyklZyciaOd><sln:gmIIPId>0a763ee5-fe19-418a-812a-8d37a8e0fd26</sln:gmIIPId><sln:gmIIPPn>PL.PZGIK.200</sln:gmIIPPn><sln:gmIIPWersja>2012-09-26T21:57:13+02:00</sln:gmIIPWersja><sln:gmIdTeryt>1432013</sln:gmIdTeryt><sln:gmNazwa>Błonie</sln:gmNazwa><sln:miejscIIPId>067ec48b-2c5b-460a-8a65-8afb6c9adb03</sln:miejscIIPId><sln:miejscIIPPn>PL.PZGIK.200</sln:miejscIIPPn><sln:miejscIIPWersja>2017-03-10T12:54:14+02:00</sln:miejscIIPWersja><sln:miejscIdTeryt>0000158</sln:miejscIdTeryt><sln:miejscNazwa>Dębówka</sln:miejscNazwa><sln:miejscRodzaj>Wieś</sln:miejscRodzaj><sln:powIIPId>22810a72-1b4e-46b7-b9f8-bfdc66e42f22</sln:powIIPId><sln:powIIPPn>PL.PZGIK.200</sln:powIIPPn><sln:powIIPWersja>2012-09-27T08:13:53+02:00</sln:powIIPWersja><sln:powIdTeryt>1432</sln:powIdTeryt><sln:powNazwa>warszawski zachodni</sln:powNazwa><sln:waznyOd>2010-08-06T00:00:00+02:00</sln:waznyOd><sln:wojIIPId>4b6c492a-eb04-441d-a92a-f44359c06de7</sln:wojIIPId><sln:wojIIPPn>PL.PZGIK.200</sln:wojIIPPn><sln:wojIIPWersja>2012-09-27T13:45:13+02:00</sln:wojIIPWersja><sln:wojIdTeryt>14</sln:wojIdTeryt><sln:wojNazwa>mazowieckie</sln:wojNazwa></sln:miejscowosc><sln:miejscowosc><sln:cyklZyciaOd>2017-03-10T00:00:00+01:00</sln:cyklZyciaOd><sln:gmIIPId>0a763ee5-fe19-418a-812a-8d37a8e0fd26</sln:gmIIPId><sln:gmIIPPn>PL.PZGIK.200</sln:gmIIPPn><sln:gmIIPWersja>2012-09-26T21:57:13+02:00</sln:gmIIPWersja><sln:gmIdTeryt>1432013</sln:gmIdTeryt><sln:gmNazwa>Błonie</sln:gmNazwa><sln:miejscIIPId>4f9b6f55-72b5-4221-80d0-adf892cd8766</sln:miejscIIPId><sln:miejscIIPPn>PL.PZGIK.200</sln:miejscIIPPn><sln:miejscIIPWersja>2017-03-10T12:54:15+02:00</sln:miejscIIPWersja><sln:miejscIdTeryt>0000170</sln:miejscIdTeryt><sln:miejscNazwa>Górna Wieś</sln:miejscNazwa><sln:miejscRodzaj>Wieś</sln:miejscRodzaj><sln:powIIPId>22810a72-1b4e-46b7-b9f8-bfdc66e42f22</sln:powIIPId><sln:powIIPPn>PL.PZGIK.200</sln:powIIPPn><sln:powIIPWersja>2012-09-27T08:13:53+02:00</sln:powIIPWersja><sln:powIdTeryt>1432</sln:powIdTeryt><sln:powNazwa>warszawski zachodni</sln:powNazwa><sln:waznyOd>2010-08-06T00:00:00+02:00</sln:waznyOd><sln:wojIIPId>4b6c492a-eb04-441d-a92a-f44359c06de7</sln:wojIIPId><sln:wojIIPPn>PL.PZGIK.200</sln:wojIIPPn><sln:wojIIPWersja>2012-09-27T13:45:13+02:00</sln:wojIIPWersja><sln:wojIdTeryt>14</sln:wojIdTeryt><sln:wojNazwa>mazowieckie</sln:wojNazwa></sln:miejscowosc><sln:miejscowosc><sln:cyklZyciaOd>2017-03-10T00:00:00+01:00</sln:cyklZyciaOd><sln:gmIIPId>0a763ee5-fe19-418a-812a-8d37a8e0fd26</sln:gmIIPId><sln:gmIIPPn>PL.PZGIK.200</sln:gmIIPPn><sln:gmIIPWersja>2012-09-26T21:57:13+02:00</sln:gmIIPWersja><sln:gmIdTeryt>1432013</sln:gmIdTeryt><sln:gmNazwa>Błonie</sln:gmNazwa><sln:miejscIIPId>4b3b5ded-a53a-4631-9953-7ed8604dc34a</sln:miejscIIPId><sln:miejscIIPPn>PL.PZGIK.200</sln:miejscIIPPn><sln:miejscIIPWersja>2017-03-10T12:54:15+02:00</sln:miejscIIPWersja><sln:miejscIdTeryt>0000187</sln:miejscIdTeryt><sln:miejscNazwa>Konstantów</sln:miejscNazwa><sln:miejscRodzaj>Wieś</sln:miejscRodzaj><sln:powIIPId>22810a72-1b4e-46b7-b9f8-bfdc66e42f22</sln:powIIPId><sln:powIIPPn>PL.PZGIK.200</sln:powIIPPn><sln:powIIPWersja>2012-09-27T08:13:53+02:00</sln:powIIPWersja><sln:powIdTeryt>1432</sln:powIdTeryt><sln:powNazwa>warszawski zachodni</sln:powNazwa><sln:waznyOd>2010-08-06T00:00:00+02:00</sln:waznyOd><sln:wojIIPId>4b6c492a-eb04-441d-a92a-f44359c06de7</sln:wojIIPId><sln:wojIIPPn>PL.PZGIK.200</sln:wojIIPPn><sln:wojIIPWersja>2012-09-27T13:45:13+02:00</sln:wojIIPWersja><sln:wojIdTeryt>14</sln:wojIdTeryt><sln:wojNazwa>mazowieckie</sln:wojNazwa></sln:miejscowosc><sln:miejscowosc><sln:cyklZyciaOd>2017-03-10T00:00:00+01:00</sln:cyklZyciaOd><sln:gmIIPId>0a763ee5-fe19-418a-812a-8d37a8e0fd26</sln:gmIIPId><sln:gmIIPPn>PL.PZGIK.200</sln:gmIIPPn><sln:gmIIPWersja>2012-09-26T21:57:13+02:00</sln:gmIIPWersja><sln:gmIdTeryt>1432013</sln:gmIdTeryt><sln:gmNazwa>Błonie</sln:gmNazwa><sln:miejscIIPId>b68fc939-9de2-4dc9-893d-190d8408bf51</sln:miejscIIPId><sln:miejscIIPPn>PL.PZGIK.200</sln:miejscIIPPn><sln:miejscIIPWersja>2017-03-10T12:54:15+02:00</sln:miejscIIPWersja><sln:miejscIdTeryt>0000193</sln:miejscIdTeryt><sln:miejscNazwa>Kopytów</sln:miejscNazwa><sln:miejscRodzaj>Wieś</sln:miejscRodzaj><sln:powIIPId>22810a72-1b4e-46b7-b9f8-bfdc66e42f22</sln:powIIPId><sln:powIIPPn>PL.PZGIK.200</sln:powIIPPn><sln:powIIPWersja>2012-09-27T08:13:53+02:00</sln:powIIPWersja><sln:powIdTeryt>1432</sln:powIdTeryt><sln:powNazwa>warszawski zachodni</sln:powNazwa><sln:waznyOd>2010-08-06T00:00:00+02:00</sln:waznyOd><sln:wojIIPId>4b6c492a-eb04-441d-a92a-f44359c06de7</sln:wojIIPId><sln:wojIIPPn>PL.PZGIK.200</sln:wojIIPPn><sln:wojIIPWersja>2012-09-27T13:45:13+02:00</sln:wojIIPWersja><sln:wojIdTeryt>14</sln:wojIdTeryt><sln:wojNazwa>mazowieckie</sln:wojNazwa></sln:miejscowosc><sln:miejscowosc><sln:cyklZyciaOd>2017-03-10T00:00:00+01:00</sln:cyklZyciaOd><sln:gmIIPId>0a763ee5-fe19-418a-812a-8d37a8e0fd26</sln:gmIIPId><sln:gmIIPPn>PL.PZGIK.200</sln:gmIIPPn><sln:gmIIPWersja>2012-09-26T21:57:13+02:00</sln:gmIIPWersja><sln:gmIdTeryt>1432013</sln:gmIdTeryt><sln:gmNazwa>Błonie</sln:gmNazwa><sln:miejscIIPId>2cf14952-da21-46cd-ae26-fa9ee1b7b183</sln:miejscIIPId><sln:miejscIIPPn>PL.PZGIK.200</sln:miejscIIPPn><sln:miejscIIPWersja>2017-03-10T12:54:15+02:00</sln:miejscIIPWersja><sln:miejscIdTeryt>0000201</sln:miejscIdTeryt><sln:miejscNazwa>Kopytów-Majątek</sln:miejscNazwa><sln:miejscRodzaj>Inny obiekt</sln:miejscRodzaj><sln:powIIPId>22810a72-1b4e-46b7-b9f8-bfdc66e42f22</sln:powIIPId><sln:powIIPPn>PL.PZGIK.200</sln:powIIPPn><sln:powIIPWersja>2012-09-27T08:13:53+02:00</sln:powIIPWersja><sln:powIdTeryt>1432</sln:powIdTeryt><sln:powNazwa>warszawski zachodni</sln:powNazwa><sln:waznyOd>2012-05-29T00:00:00+02:00</sln:waznyOd><sln:wojIIPId>4b6c492a-eb04-441d-a92a-f44359c06de7</sln:wojIIPId><sln:wojIIPPn>PL.PZGIK.200</sln:wojIIPPn><sln:wojIIPWersja>2012-09-27T13:45:13+02:00</sln:wojIIPWersja><sln:wojIdTeryt>14</sln:wojIdTeryt><sln:wojNazwa>mazowieckie</sln:wojNazwa></sln:miejscowosc><sln:miejscowosc><sln:cyklZyciaOd>2017-03-10T00:00:00+01:00</sln:cyklZyciaOd><sln:gmIIPId>0a763ee5-fe19-418a-812a-8d37a8e0fd26</sln:gmIIPId><sln:gmIIPPn>PL.PZGIK.200</sln:gmIIPPn><sln:gmIIPWersja>2012-09-26T21:57:13+02:00</sln:gmIIPWersja><sln:gmIdTeryt>1432013</sln:gmIdTeryt><sln:gmNazwa>Błonie</sln:gmNazwa><sln:miejscIIPId>ef470cdb-3fde-49f6-b2c9-dead82971797</sln:miejscIIPId><sln:miejscIIPPn>PL.PZGIK.200</sln:miejscIIPPn><sln:miejscIIPWersja>2017-03-10T12:54:15+02:00</sln:miejscIIPWersja><sln:miejscIdTeryt>0000224</sln:miejscIdTeryt><sln:miejscNazwa>Łaźniew</sln:miejscNazwa><sln:miejscRodzaj>Wieś</sln:miejscRodzaj><sln:powIIPId>22810a72-1b4e-46b7-b9f8-bfdc66e42f22</sln:powIIPId><sln:powIIPPn>PL.PZGIK.200</sln:powIIPPn><sln:powIIPWersja>2012-09-27T08:13:53+02:00</sln:powIIPWersja><sln:powIdTeryt>1432</sln:powIdTeryt><sln:powNazwa>warszawski zachodni</sln:powNazwa><sln:waznyOd>2010-11-16T00:00:00+01:00</sln:waznyOd><sln:wojIIPId>4b6c492a-eb04-441d-a92a-f44359c06de7</sln:wojIIPId><sln:wojIIPPn>PL.PZGIK.200</sln:wojIIPPn><sln:wojIIPWersja>2012-09-27T13:45:13+02:00</sln:wojIIPWersja><sln:wojIdTeryt>14</sln:wojIdTeryt><sln:wojNazwa>mazowieckie</sln:wojNazwa></sln:miejscowosc><sln:miejscowosc><sln:cyklZyciaOd>2017-03-10T00:00:00+01:00</sln:cyklZyciaOd><sln:gmIIPId>0a763ee5-fe19-418a-812a-8d37a8e0fd26</sln:gmIIPId><sln:gmIIPPn>PL.PZGIK.200</sln:gmIIPPn><sln:gmIIPWersja>2012-09-26T21:57:13+02:00</sln:gmIIPWersja><sln:gmIdTeryt>1432013</sln:gmIdTeryt><sln:gmNazwa>Błonie</sln:gmNazwa><sln:miejscIIPId>62985506-9d06-43dc-85f6-fe31d60e2187</sln:miejscIIPId><sln:miejscIIPPn>PL.PZGIK.200</sln:miejscIIPPn><sln:miejscIIPWersja>2017-03-10T12:54:15+02:00</sln:miejscIIPWersja><sln:miejscIdTeryt>0000230</sln:miejscIdTeryt><sln:miejscNazwa>Łaźniew-Majątek</sln:miejscNazwa><sln:miejscRodzaj>Inny obiekt</sln:miejscRodzaj><sln:powIIPId>22810a72-1b4e-46b7-b9f8-bfdc66e42f22</sln:powIIPId><sln:powIIPPn>PL.PZGIK.200</sln:powIIPPn><sln:powIIPWersja>2012-09-27T08:13:53+02:00</sln:powIIPWersja><sln:powIdTeryt>1432</sln:powIdTeryt><sln:powNazwa>warszawski zachodni</sln:powNazwa><sln:waznyOd>2012-05-29T00:00:00+02:00</sln:waznyOd><sln:wojIIPId>4b6c492a-eb04-441d-a92a-f44359c06de7</sln:wojIIPId><sln:wojIIPPn>PL.PZGIK.200</sln:wojIIPPn><sln:wojIIPWersja>2012-09-27T13:45:13+02:00</sln:wojIIPWersja><sln:wojIdTeryt>14</sln:wojIdTeryt><sln:wojNazwa>mazowieckie</sln:wojNazwa></sln:miejscowosc><sln:miejscowosc><sln:cyklZyciaOd>2017-03-10T00:00:00+01:00</sln:cyklZyciaOd><sln:gmIIPId>0a763ee5-fe19-418a-812a-8d37a8e0fd26</sln:gmIIPId><sln:gmIIPPn>PL.PZGIK.200</sln:gmIIPPn><sln:gmIIPWersja>2012-09-26T21:57:13+02:00</sln:gmIIPWersja><sln:gmIdTeryt>1432013</sln:gmIdTeryt><sln:gmNazwa>Błonie</sln:gmNazwa><sln:miejscIIPId>958c7697-630c-4851-b7f9-339585d0518e</sln:miejscIIPId><sln:miejscIIPPn>PL.PZGIK.200</sln:miejscIIPPn><sln:miejscIIPWersja>2017-03-10T12:54:15+02:00</sln:miejscIIPWersja><sln:miejscIdTeryt>0000247</sln:miejscIdTeryt><sln:miejscNazwa>Łaźniewek</sln:miejscNazwa><sln:miejscRodzaj>Wieś</sln:miejscRodzaj><sln:powIIPId>22810a72-1b4e-46b7-b9f8-bfdc66e42f22</sln:powIIPId><sln:powIIPPn>PL.PZGIK.200</sln:powIIPPn><sln:powIIPWersja>2012-09-27T08:13:53+02:00</sln:powIIPWersja><sln:powIdTeryt>1432</sln:powIdTeryt><sln:powNazwa>warszawski zachodni</sln:powNazwa><sln:waznyOd>2010-11-16T00:00:00+01:00</sln:waznyOd><sln:wojIIPId>4b6c492a-eb04-441d-a92a-f44359c06de7</sln:wojIIPId><sln:wojIIPPn>PL.PZGIK.200</sln:wojIIPPn><sln:wojIIPWersja>2012-09-27T13:45:13+02:00</sln:wojIIPWersja><sln:wojIdTeryt>14</sln:wojIdTeryt><sln:wojNazwa>mazowieckie</sln:wojNazwa></sln:miejscowosc><sln:miejscowosc><sln:cyklZyciaOd>2017-03-10T00:00:00+01:00</sln:cyklZyciaOd><sln:gmIIPId>0a763ee5-fe19-418a-812a-8d37a8e0fd26</sln:gmIIPId><sln:gmIIPPn>PL.PZGIK.200</sln:gmIIPPn><sln:gmIIPWersja>2012-09-26T21:57:13+02:00</sln:gmIIPWersja><sln:gmIdTeryt>1432013</sln:gmIdTeryt><sln:gmNazwa>Błonie</sln:gmNazwa><sln:miejscIIPId>b0ca1226-5d56-4435-965f-e8dbfcfd26fe</sln:miejscIIPId><sln:miejscIIPPn>PL.PZGIK.200</sln:miejscIIPPn><sln:miejscIIPWersja>2017-03-10T12:54:15+02:00</sln:miejscIIPWersja><sln:miejscIdTeryt>0000253</sln:miejscIdTeryt><sln:miejscNazwa>Nowa Górna</sln:miejscNazwa><sln:miejscRodzaj>Wieś</sln:miejscRodzaj><sln:powIIPId>22810a72-1b4e-46b7-b9f8-bfdc66e42f22</sln:powIIPId><sln:powIIPPn>PL.PZGIK.200</sln:powIIPPn><sln:powIIPWersja>2012-09-27T08:13:53+02:00</sln:powIIPWersja><sln:powIdTeryt>1432</sln:powIdTeryt><sln:powNazwa>warszawski zachodni</sln:powNazwa><sln:waznyOd>2010-08-06T00:00:00+02:00</sln:waznyOd><sln:wojIIPId>4b6c492a-eb04-441d-a92a-f44359c06de7</sln:wojIIPId><sln:wojIIPPn>PL.PZGIK.200</sln:wojIIPPn><sln:wojIIPWersja>2012-09-27T13:45:13+02:00</sln:wojIIPWersja><sln:wojIdTeryt>14</sln:wojIdTeryt><sln:wojNazwa>mazowieckie</sln:wojNazwa></sln:miejscowosc><sln:miejscowosc><sln:cyklZyciaOd>2017-03-10T00:00:00+01:00</sln:cyklZyciaOd><sln:gmIIPId>0a763ee5-fe19-418a-812a-8d37a8e0fd26</sln:gmIIPId><sln:gmIIPPn>PL.PZGIK.200</sln:gmIIPPn><sln:gmIIPWersja>2012-09-26T21:57:13+02:00</sln:gmIIPWersja><sln:gmIdTeryt>1432013</sln:gmIdTeryt><sln:gmNazwa>Błonie</sln:gmNazwa><sln:miejscIIPId>b5a038d6-8d93-4a36-b8bd-c4a833206b2f</sln:miejscIIPId><sln:miejscIIPPn>PL.PZGIK.200</sln:miejscIIPPn><sln:miejscIIPWersja>2017-03-10T12:54:15+02:00</sln:miejscIIPWersja><sln:miejscIdTeryt>0000260</sln:miejscIdTeryt><sln:miejscNazwa>Nowa Wieś</sln:miejscNazwa><sln:miejscRodzaj>Wieś</sln:miejscRodzaj><sln:powIIPId>22810a72-1b4e-46b7-b9f8-bfdc66e42f22</sln:powIIPId><sln:powIIPPn>PL.PZGIK.200</sln:powIIPPn><sln:powIIPWersja>2012-09-27T08:13:53+02:00</sln:powIIPWersja><sln:powIdTeryt>1432</sln:powIdTeryt><sln:powNazwa>warszawski zachodni</sln:powNazwa><sln:waznyOd>2010-08-06T00:00:00+02:00</sln:waznyOd><sln:wojIIPId>4b6c492a-eb04-441d-a92a-f44359c06de7</sln:wojIIPId><sln:wojIIPPn>PL.PZGIK.200</sln:wojIIPPn><sln:wojIIPWersja>2012-09-27T13:45:13+02:00</sln:wojIIPWersja><sln:wojIdTeryt>14</sln:wojIdTeryt><sln:wojNazwa>mazowieckie</sln:wojNazwa></sln:miejscowosc><sln:miejscowosc><sln:cyklZyciaOd>2017-03-10T00:00:00+01:00</sln:cyklZyciaOd><sln:gmIIPId>0a763ee5-fe19-418a-812a-8d37a8e0fd26</sln:gmIIPId><sln:gmIIPPn>PL.PZGIK.200</sln:gmIIPPn><sln:gmIIPWersja>2012-09-26T21:57:13+02:00</sln:gmIIPWersja><sln:gmIdTeryt>1432013</sln:gmIdTeryt><sln:gmNazwa>Błonie</sln:gmNazwa><sln:miejscIIPId>cde454d1-ea70-4333-9d98-ed36fd54757e</sln:miejscIIPId><sln:miejscIIPPn>PL.PZGIK.200</sln:miejscIIPPn><sln:miejscIIPWersja>2017-03-10T12:54:15+02:00</sln:miejscIIPWersja><sln:miejscIdTeryt>0000276</sln:miejscIdTeryt><sln:miejscNazwa>Nowe Faszczyce</sln:miejscNazwa><sln:miejscRodzaj>Wieś</sln:miejscRodzaj><sln:powIIPId>22810a72-1b4e-46b7-b9f8-bfdc66e42f22</sln:powIIPId><sln:powIIPPn>PL.PZGIK.200</sln:powIIPPn><sln:powIIPWersja>2012-09-27T08:13:53+02:00</sln:powIIPWersja><sln:powIdTeryt>1432</sln:powIdTeryt><sln:powNazwa>warszawski zachodni</sln:powNazwa><sln:waznyOd>2010-11-16T00:00:00+01:00</sln:waznyOd><sln:wojIIPId>4b6c492a-eb04-441d-a92a-f44359c06de7</sln:wojIIPId><sln:wojIIPPn>PL.PZGIK.200</sln:wojIIPPn><sln:wojIIPWersja>2012-09-27T13:45:13+02:00</sln:wojIIPWersja><sln:wojIdTeryt>14</sln:wojIdTeryt><sln:wojNazwa>mazowieckie</sln:wojNazwa></sln:miejscowosc><sln:miejscowosc><sln:cyklZyciaOd>2017-03-10T00:00:00+01:00</sln:cyklZyciaOd><sln:gmIIPId>0a763ee5-fe19-418a-812a-8d37a8e0fd26</sln:gmIIPId><sln:gmIIPPn>PL.PZGIK.200</sln:gmIIPPn><sln:gmIIPWersja>2012-09-26T21:57:13+02:00</sln:gmIIPWersja><sln:gmIdTeryt>1432013</sln:gmIdTeryt><sln:gmNazwa>Błonie</sln:gmNazwa><sln:miejscIIPId>edcfc315-dc4c-4d9b-acf7-fe8c6758d250</sln:miejscIIPId><sln:miejscIIPPn>PL.PZGIK.200</sln:miejscIIPPn><sln:miejscIIPWersja>2017-03-10T12:54:15+02:00</sln:miejscIIPWersja><sln:miejscIdTeryt>0000282</sln:miejscIdTeryt><sln:miejscNazwa>Nowy Łuszczewek</sln:miejscNazwa><sln:miejscRodzaj>Wieś</sln:miejscRodzaj><sln:powIIPId>22810a72-1b4e-46b7-b9f8-bfdc66e42f22</sln:powIIPId><sln:powIIPPn>PL.PZGIK.200</sln:powIIPPn><sln:powIIPWersja>2012-09-27T08:13:53+02:00</sln:powIIPWersja><sln:powIdTeryt>1432</sln:powIdTeryt><sln:powNazwa>warszawski zachodni</sln:powNazwa><sln:waznyOd>2010-08-25T00:00:00+02:00</sln:waznyOd><sln:wojIIPId>4b6c492a-eb04-441d-a92a-f44359c06de7</sln:wojIIPId><sln:wojIIPPn>PL.PZGIK.200</sln:wojIIPPn><sln:wojIIPWersja>2012-09-27T13:45:13+02:00</sln:wojIIPWersja><sln:wojIdTeryt>14</sln:wojIdTeryt><sln:wojNazwa>mazowieckie</sln:wojNazwa></sln:miejscowosc><sln:miejscowosc><sln:cyklZyciaOd>2017-03-10T00:00:00+01:00</sln:cyklZyciaOd><sln:gmIIPId>0a763ee5-fe19-418a-812a-8d37a8e0fd26</sln:gmIIPId><sln:gmIIPPn>PL.PZGIK.200</sln:gmIIPPn><sln:gmIIPWersja>2012-09-26T21:57:13+02:00</sln:gmIIPWersja><sln:gmIdTeryt>1432013</sln:gmIdTeryt><sln:gmNazwa>Błonie</sln:gmNazwa><sln:miejscIIPId>a55a8381-17b3-4fa7-b021-f80b42170032</sln:miejscIIPId><sln:miejscIIPPn>PL.PZGIK.200</sln:miejscIIPPn><sln:miejscIIPWersja>2017-03-10T12:54:15+02:00</sln:miejscIIPWersja><sln:miejscIdTeryt>0000299</sln:miejscIdTeryt><sln:miejscNazwa>Pass</sln:miejscNazwa><sln:miejscRodzaj>Osada</sln:miejscRodzaj><sln:powIIPId>22810a72-1b4e-46b7-b9f8-bfdc66e42f22</sln:powIIPId><sln:powIIPPn>PL.PZGIK.200</sln:powIIPPn><sln:powIIPWersja>2012-09-27T08:13:53+02:00</sln:powIIPWersja><sln:powIdTeryt>1432</sln:powIdTeryt><sln:powNazwa>warszawski zachodni</sln:powNazwa><sln:waznyOd>2010-08-06T00:00:00+02:00</sln:waznyOd><sln:wojIIPId>4b6c492a-eb04-441d-a92a-f44359c06de7</sln:wojIIPId><sln:wojIIPPn>PL.PZGIK.200</sln:wojIIPPn><sln:wojIIPWersja>2012-09-27T13:45:13+02:00</sln:wojIIPWersja><sln:wojIdTeryt>14</sln:wojIdTeryt><sln:wojNazwa>mazowieckie</sln:wojNazwa></sln:miejscowosc><sln:miejscowosc><sln:cyklZyciaOd>2017-03-10T00:00:00+01:00</sln:cyklZyciaOd><sln:gmIIPId>0a763ee5-fe19-418a-812a-8d37a8e0fd26</sln:gmIIPId><sln:gmIIPPn>PL.PZGIK.200</sln:gmIIPPn><sln:gmIIPWersja>2012-09-26T21:57:13+02:00</sln:gmIIPWersja><sln:gmIdTeryt>1432013</sln:gmIdTeryt><sln:gmNazwa>Błonie</sln:gmNazwa><sln:miejscIIPId>b999da3c-ce3d-4a4c-a928-3e60238b423e</sln:miejscIIPId><sln:miejscIIPPn>PL.PZGIK.200</sln:miejscIIPPn><sln:miejscIIPWersja>2017-03-10T12:54:15+02:00</sln:miejscIIPWersja><sln:miejscIdTeryt>0000307</sln:miejscIdTeryt><sln:miejscNazwa>Piorunów</sln:miejscNazwa><sln:miejscRodzaj>Wieś</sln:miejscRodzaj><sln:powIIPId>22810a72-1b4e-46b7-b9f8-bfdc66e42f22</sln:powIIPId><sln:powIIPPn>PL.PZGIK.200</sln:powIIPPn><sln:powIIPWersja>2012-09-27T08:13:53+02:00</sln:powIIPWersja><sln:powIdTeryt>1432</sln:powIdTeryt><sln:powNazwa>warszawski zachodni</sln:powNazwa><sln:waznyOd>2010-08-06T00:00:00+02:00</sln:waznyOd><sln:wojIIPId>4b6c492a-eb04-441d-a92a-f44359c06de7</sln:wojIIPId><sln:wojIIPPn>PL.PZGIK.200</sln:wojIIPPn><sln:wojIIPWersja>2012-09-27T13:45:13+02:00</sln:wojIIPWersja><sln:wojIdTeryt>14</sln:wojIdTeryt><sln:wojNazwa>mazowieckie</sln:wojNazwa></sln:miejscowosc><sln:miejscowosc><sln:cyklZyciaOd>2017-03-10T00:00:00+01:00</sln:cyklZyciaOd><sln:gmIIPId>0a763ee5-fe19-418a-812a-8d37a8e0fd26</sln:gmIIPId><sln:gmIIPPn>PL.PZGIK.200</sln:gmIIPPn><sln:gmIIPWersja>2012-09-26T21:57:13+02:00</sln:gmIIPWersja><sln:gmIdTeryt>1432013</sln:gmIdTeryt><sln:gmNazwa>Błonie</sln:gmNazwa><sln:miejscIIPId>bff36cf6-38a6-45e0-9dc5-3965507f6192</sln:miejscIIPId><sln:miejscIIPPn>PL.PZGIK.200</sln:miejscIIPPn><sln:miejscIIPWersja>2017-03-10T12:54:15+02:00</sln:miejscIIPWersja><sln:miejscIdTeryt>0000313</sln:miejscIdTeryt><sln:miejscNazwa>Radonice</sln:miejscNazwa><sln:miejscRodzaj>Wieś</sln:miejscRodzaj><sln:powIIPId>22810a72-1b4e-46b7-b9f8-bfdc66e42f22</sln:powIIPId><sln:powIIPPn>PL.PZGIK.200</sln:powIIPPn><sln:powIIPWersja>2012-09-27T08:13:53+02:00</sln:powIIPWersja><sln:powIdTeryt>1432</sln:powIdTeryt><sln:powNazwa>warszawski zachodni</sln:powNazwa><sln:waznyOd>2010-08-06T00:00:00+02:00</sln:waznyOd><sln:wojIIPId>4b6c492a-eb04-441d-a92a-f44359c06de7</sln:wojIIPId><sln:wojIIPPn>PL.PZGIK.200</sln:wojIIPPn><sln:wojIIPWersja>2012-09-27T13:45:13+02:00</sln:wojIIPWersja><sln:wojIdTeryt>14</sln:wojIdTeryt><sln:wojNazwa>mazowieckie</sln:wojNazwa></sln:miejscowosc><sln:miejscowosc><sln:cyklZyciaOd>2017-03-10T00:00:00+01:00</sln:cyklZyciaOd><sln:gmIIPId>0a763ee5-fe19-418a-812a-8d37a8e0fd26</sln:gmIIPId><sln:gmIIPPn>PL.PZGIK.200</sln:gmIIPPn><sln:gmIIPWersja>2012-09-26T21:57:13+02:00</sln:gmIIPWersja><sln:gmIdTeryt>1432013</sln:gmIdTeryt><sln:gmNazwa>Błonie</sln:gmNazwa><sln:miejscIIPId>63b407fb-7c7d-4dc2-8408-671707cc2202</sln:miejscIIPId><sln:miejscIIPPn>PL.PZGIK.200</sln:miejscIIPPn><sln:miejscIIPWersja>2017-03-10T12:54:15+02:00</sln:miejscIIPWersja><sln:miejscIdTeryt>0000320</sln:miejscIdTeryt><sln:miejscNazwa>Radzików</sln:miejscNazwa><sln:miejscRodzaj>Wieś</sln:miejscRodzaj><sln:powIIPId>22810a72-1b4e-46b7-b9f8-bfdc66e42f22</sln:powIIPId><sln:powIIPPn>PL.PZGIK.200</sln:powIIPPn><sln:powIIPWersja>2012-09-27T08:13:53+02:00</sln:powIIPWersja><sln:powIdTeryt>1432</sln:powIdTeryt><sln:powNazwa>warszawski zachodni</sln:powNazwa><sln:waznyOd>2010-08-06T00:00:00+02:00</sln:waznyOd><sln:wojIIPId>4b6c492a-eb04-441d-a92a-f44359c06de7</sln:wojIIPId><sln:wojIIPPn>PL.PZGIK.200</sln:wojIIPPn><sln:wojIIPWersja>2012-09-27T13:45:13+02:00</sln:wojIIPWersja><sln:wojIdTeryt>14</sln:wojIdTeryt><sln:wojNazwa>mazowieckie</sln:wojNazwa></sln:miejscowosc><sln:miejscowosc><sln:cyklZyciaOd>2017-03-10T00:00:00+01:00</sln:cyklZyciaOd><sln:gmIIPId>0a763ee5-fe19-418a-812a-8d37a8e0fd26</sln:gmIIPId><sln:gmIIPPn>PL.PZGIK.200</sln:gmIIPPn><sln:gmIIPWersja>2012-09-26T21:57:13+02:00</sln:gmIIPWersja><sln:gmIdTeryt>1432013</sln:gmIdTeryt><sln:gmNazwa>Błonie</sln:gmNazwa><sln:miejscIIPId>893419fb-274a-412f-9fc4-f18618307b2f</sln:miejscIIPId><sln:miejscIIPPn>PL.PZGIK.200</sln:miejscIIPPn><sln:miejscIIPWersja>2017-03-10T12:54:16+02:00</sln:miejscIIPWersja><sln:miejscIdTeryt>0000342</sln:miejscIdTeryt><sln:miejscNazwa>Rochaliki</sln:miejscNazwa><sln:miejscRodzaj>Wieś</sln:miejscRodzaj><sln:powIIPId>22810a72-1b4e-46b7-b9f8-bfdc66e42f22</sln:powIIPId><sln:powIIPPn>PL.PZGIK.200</sln:powIIPPn><sln:powIIPWersja>2012-09-27T08:13:53+02:00</sln:powIIPWersja><sln:powIdTeryt>1432</sln:powIdTeryt><sln:powNazwa>warszawski zachodni</sln:powNazwa><sln:waznyOd>2010-08-06T00:00:00+02:00</sln:waznyOd><sln:wojIIPId>4b6c492a-eb04-441d-a92a-f44359c06de7</sln:wojIIPId><sln:wojIIPPn>PL.PZGIK.200</sln:wojIIPPn><sln:wojIIPWersja>2012-09-27T13:45:13+02:00</sln:wojIIPWersja><sln:wojIdTeryt>14</sln:wojIdTeryt><sln:wojNazwa>mazowieckie</sln:wojNazwa></sln:miejscowosc><sln:miejscowosc><sln:cyklZyciaOd>2017-03-10T00:00:00+01:00</sln:cyklZyciaOd><sln:gmIIPId>0a763ee5-fe19-418a-812a-8d37a8e0fd26</sln:gmIIPId><sln:gmIIPPn>PL.PZGIK.200</sln:gmIIPPn><sln:gmIIPWersja>2012-09-26T21:57:13+02:00</sln:gmIIPWersja><sln:gmIdTeryt>1432013</sln:gmIdTeryt><sln:gmNazwa>Błonie</sln:gmNazwa><sln:miejscIIPId>d8d511bf-d4cc-44bf-bcae-96c38ef960ea</sln:miejscIIPId><sln:miejscIIPPn>PL.PZGIK.200</sln:miejscIIPPn><sln:miejscIIPWersja>2017-03-10T12:54:16+02:00</sln:miejscIIPWersja><sln:miejscIdTeryt>0000359</sln:miejscIdTeryt><sln:miejscNazwa>Rokitno</sln:miejscNazwa><sln:miejscRodzaj>Wieś</sln:miejscRodzaj><sln:powIIPId>22810a72-1b4e-46b7-b9f8-bfdc66e42f22</sln:powIIPId><sln:powIIPPn>PL.PZGIK.200</sln:powIIPPn><sln:powIIPWersja>2012-09-27T08:13:53+02:00</sln:powIIPWersja><sln:powIdTeryt>1432</sln:powIdTeryt><sln:powNazwa>warszawski zachodni</sln:powNazwa><sln:waznyOd>2010-08-06T00:00:00+02:00</sln:waznyOd><sln:wojIIPId>4b6c492a-eb04-441d-a92a-f44359c06de7</sln:wojIIPId><sln:wojIIPPn>PL.PZGIK.200</sln:wojIIPPn><sln:wojIIPWersja>2012-09-27T13:45:13+02:00</sln:wojIIPWersja><sln:wojIdTeryt>14</sln:wojIdTeryt><sln:wojNazwa>mazowieckie</sln:wojNazwa></sln:miejscowosc><sln:miejscowosc><sln:cyklZyciaOd>2017-03-10T00:00:00+01:00</sln:cyklZyciaOd><sln:gmIIPId>0a763ee5-fe19-418a-812a-8d37a8e0fd26</sln:gmIIPId><sln:gmIIPPn>PL.PZGIK.200</sln:gmIIPPn><sln:gmIIPWersja>2012-09-26T21:57:13+02:00</sln:gmIIPWersja><sln:gmIdTeryt>1432013</sln:gmIdTeryt><sln:gmNazwa>Błonie</sln:gmNazwa><sln:miejscIIPId>f4cfffcc-a0db-4509-a010-9a2058896ae7</sln:miejscIIPId><sln:miejscIIPPn>PL.PZGIK.200</sln:miejscIIPPn><sln:miejscIIPWersja>2017-03-10T12:54:16+02:00</sln:miejscIIPWersja><sln:miejscIdTeryt>0000388</sln:miejscIdTeryt><sln:miejscNazwa>Rokitno-Majątek</sln:miejscNazwa><sln:miejscRodzaj>Osada</sln:miejscRodzaj><sln:powIIPId>22810a72-1b4e-46b7-b9f8-bfdc66e42f22</sln:powIIPId><sln:powIIPPn>PL.PZGIK.200</sln:powIIPPn><sln:powIIPWersja>2012-09-27T08:13:53+02:00</sln:powIIPWersja><sln:powIdTeryt>1432</sln:powIdTeryt><sln:powNazwa>warszawski zachodni</sln:powNazwa><sln:waznyOd>2012-05-29T00:00:00+02:00</sln:waznyOd><sln:wojIIPId>4b6c492a-eb04-441d-a92a-f44359c06de7</sln:wojIIPId><sln:wojIIPPn>PL.PZGIK.200</sln:wojIIPPn><sln:wojIIPWersja>2012-09-27T13:45:13+02:00</sln:wojIIPWersja><sln:wojIdTeryt>14</sln:wojIdTeryt><sln:wojNazwa>mazowieckie</sln:wojNazwa></sln:miejscowosc><sln:miejscowosc><sln:cyklZyciaOd>2017-03-10T00:00:00+01:00</sln:cyklZyciaOd><sln:gmIIPId>0a763ee5-fe19-418a-812a-8d37a8e0fd26</sln:gmIIPId><sln:gmIIPPn>PL.PZGIK.200</sln:gmIIPPn><sln:gmIIPWersja>2012-09-26T21:57:13+02:00</sln:gmIIPWersja><sln:gmIdTeryt>1432013</sln:gmIdTeryt><sln:gmNazwa>Błonie</sln:gmNazwa><sln:miejscIIPId>813ac84b-b93d-4184-9c3b-961be429ce02</sln:miejscIIPId><sln:miejscIIPPn>PL.PZGIK.200</sln:miejscIIPPn><sln:miejscIIPWersja>2017-03-10T12:54:16+02:00</sln:miejscIIPWersja><sln:miejscIdTeryt>0000394</sln:miejscIdTeryt><sln:miejscNazwa>Błonie-Wieś</sln:miejscNazwa><sln:miejscRodzaj>Wieś</sln:miejscRodzaj><sln:powIIPId>22810a72-1b4e-46b7-b9f8-bfdc66e42f22</sln:powIIPId><sln:powIIPPn>PL.PZGIK.200</sln:powIIPPn><sln:powIIPWersja>2012-09-27T08:13:53+02:00</sln:powIIPWersja><sln:powIdTeryt>1432</sln:powIdTeryt><sln:powNazwa>warszawski zachodni</sln:powNazwa><sln:waznyOd>2012-05-29T00:00:00+02:00</sln:waznyOd><sln:wojIIPId>4b6c492a-eb04-441d-a92a-f44359c06de7</sln:wojIIPId><sln:wojIIPPn>PL.PZGIK.200</sln:wojIIPPn><sln:wojIIPWersja>2012-09-27T13:45:13+02:00</sln:wojIIPWersja><sln:wojIdTeryt>14</sln:wojIdTeryt><sln:wojNazwa>mazowieckie</sln:wojNazwa></sln:miejscowosc><sln:miejscowosc><sln:cyklZyciaOd>2017-03-10T00:00:00+01:00</sln:cyklZyciaOd><sln:gmIIPId>0a763ee5-fe19-418a-812a-8d37a8e0fd26</sln:gmIIPId><sln:gmIIPPn>PL.PZGIK.200</sln:gmIIPPn><sln:gmIIPWersja>2012-09-26T21:57:13+02:00</sln:gmIIPWersja><sln:gmIdTeryt>1432013</sln:gmIdTeryt><sln:gmNazwa>Błonie</sln:gmNazwa><sln:miejscIIPId>799573a7-c505-4b3e-a827-ccdab96f1e72</sln:miejscIIPId><sln:miejscIIPPn>PL.PZGIK.200</sln:miejscIIPPn><sln:miejscIIPWersja>2017-03-10T12:54:16+02:00</sln:miejscIIPWersja><sln:miejscIdTeryt>0000402</sln:miejscIdTeryt><sln:miejscNazwa>Stare Faszczyce</sln:miejscNazwa><sln:miejscRodzaj>Wieś</sln:miejscRodzaj><sln:powIIPId>22810a72-1b4e-46b7-b9f8-bfdc66e42f22</sln:powIIPId><sln:powIIPPn>PL.PZGIK.200</sln:powIIPPn><sln:powIIPWersja>2012-09-27T08:13:53+02:00</sln:powIIPWersja><sln:powIdTeryt>1432</sln:powIdTeryt><sln:powNazwa>warszawski zachodni</sln:powNazwa><sln:waznyOd>2010-11-16T00:00:00+01:00</sln:waznyOd><sln:wojIIPId>4b6c492a-eb04-441d-a92a-f44359c06de7</sln:wojIIPId><sln:wojIIPPn>PL.PZGIK.200</sln:wojIIPPn><sln:wojIIPWersja>2012-09-27T13:45:13+02:00</sln:wojIIPWersja><sln:wojIdTeryt>14</sln:wojIdTeryt><sln:wojNazwa>mazowieckie</sln:wojNazwa></sln:miejscowosc><sln:miejscowosc><sln:cyklZyciaOd>2017-03-10T00:00:00+01:00</sln:cyklZyciaOd><sln:gmIIPId>0a763ee5-fe19-418a-812a-8d37a8e0fd26</sln:gmIIPId><sln:gmIIPPn>PL.PZGIK.200</sln:gmIIPPn><sln:gmIIPWersja>2012-09-26T21:57:13+02:00</sln:gmIIPWersja><sln:gmIdTeryt>1432013</sln:gmIdTeryt><sln:gmNazwa>Błonie</sln:gmNazwa><sln:miejscIIPId>c7928351-e870-4a42-9742-8eb16f5c1a5f</sln:miejscIIPId><sln:miejscIIPPn>PL.PZGIK.200</sln:miejscIIPPn><sln:miejscIIPWersja>2017-03-10T12:54:16+02:00</sln:miejscIIPWersja><sln:miejscIdTeryt>0000419</sln:miejscIdTeryt><sln:miejscNazwa>Stary Łuszczewek</sln:miejscNazwa><sln:miejscRodzaj>Wieś</sln:miejscRodzaj><sln:powIIPId>22810a72-1b4e-46b7-b9f8-bfdc66e42f22</sln:powIIPId><sln:powIIPPn>PL.PZGIK.200</sln:powIIPPn><sln:powIIPWersja>2012-09-27T08:13:53+02:00</sln:powIIPWersja><sln:powIdTeryt>1432</sln:powIdTeryt><sln:powNazwa>warszawski zachodni</sln:powNazwa><sln:waznyOd>2010-08-25T00:00:00+02:00</sln:waznyOd><sln:wojIIPId>4b6c492a-eb04-441d-a92a-f44359c06de7</sln:wojIIPId><sln:wojIIPPn>PL.PZGIK.200</sln:wojIIPPn><sln:wojIIPWersja>2012-09-27T13:45:13+02:00</sln:wojIIPWersja><sln:wojIdTeryt>14</sln:wojIdTeryt><sln:wojNazwa>mazowieckie</sln:wojNazwa></sln:miejscowosc><sln:miejscowosc><sln:cyklZyciaOd>2017-03-10T00:00:00+01:00</sln:cyklZyciaOd><sln:gmIIPId>0a763ee5-fe19-418a-812a-8d37a8e0fd26</sln:gmIIPId><sln:gmIIPPn>PL.PZGIK.200</sln:gmIIPPn><sln:gmIIPWersja>2012-09-26T21:57:13+02:00</sln:gmIIPWersja><sln:gmIdTeryt>1432013</sln:gmIdTeryt><sln:gmNazwa>Błonie</sln:gmNazwa><sln:miejscIIPId>6c75e1f2-3c0b-4667-b4fd-8cca0db3854b</sln:miejscIIPId><sln:miejscIIPPn>PL.PZGIK.200</sln:miejscIIPPn><sln:miejscIIPWersja>2017-03-10T12:54:16+02:00</sln:miejscIIPWersja><sln:miejscIdTeryt>0000425</sln:miejscIdTeryt><sln:miejscNazwa>Wawrzyszew</sln:miejscNazwa><sln:miejscRodzaj>Wieś</sln:miejscRodzaj><sln:powIIPId>22810a72-1b4e-46b7-b9f8-bfdc66e42f22</sln:powIIPId><sln:powIIPPn>PL.PZGIK.200</sln:powIIPPn><sln:powIIPWersja>2012-09-27T08:13:53+02:00</sln:powIIPWersja><sln:powIdTeryt>1432</sln:powIdTeryt><sln:powNazwa>warszawski zachodni</sln:powNazwa><sln:waznyOd>2010-08-06T00:00:00+02:00</sln:waznyOd><sln:wojIIPId>4b6c492a-eb04-441d-a92a-f44359c06de7</sln:wojIIPId><sln:wojIIPPn>PL.PZGIK.200</sln:wojIIPPn><sln:wojIIPWersja>2012-09-27T13:45:13+02:00</sln:wojIIPWersja><sln:wojIdTeryt>14</sln:wojIdTeryt><sln:wojNazwa>mazowieckie</sln:wojNazwa></sln:miejscowosc><sln:miejscowosc><sln:cyklZyciaOd>2017-03-10T00:00:00+01:00</sln:cyklZyciaOd><sln:gmIIPId>0a763ee5-fe19-418a-812a-8d37a8e0fd26</sln:gmIIPId><sln:gmIIPPn>PL.PZGIK.200</sln:gmIIPPn><sln:gmIIPWersja>2012-09-26T21:57:13+02:00</sln:gmIIPWersja><sln:gmIdTeryt>1432013</sln:gmIdTeryt><sln:gmNazwa>Błonie</sln:gmNazwa><sln:miejscIIPId>6cc0f424-2c92-4614-90a9-24a41c29c9c5</sln:miejscIIPId><sln:miejscIIPPn>PL.PZGIK.200</sln:miejscIIPPn><sln:miejscIIPWersja>2017-03-10T12:54:16+02:00</sln:miejscIIPWersja><sln:miejscIdTeryt>0000431</sln:miejscIdTeryt><sln:miejscNazwa>Witki</sln:miejscNazwa><sln:miejscRodzaj>Wieś</sln:miejscRodzaj><sln:powIIPId>22810a72-1b4e-46b7-b9f8-bfdc66e42f22</sln:powIIPId><sln:powIIPPn>PL.PZGIK.200</sln:powIIPPn><sln:powIIPWersja>2012-09-27T08:13:53+02:00</sln:powIIPWersja><sln:powIdTeryt>1432</sln:powIdTeryt><sln:powNazwa>warszawski zachodni</sln:powNazwa><sln:waznyOd>2010-08-06T00:00:00+02:00</sln:waznyOd><sln:wojIIPId>4b6c492a-eb04-441d-a92a-f44359c06de7</sln:wojIIPId><sln:wojIIPPn>PL.PZGIK.200</sln:wojIIPPn><sln:wojIIPWersja>2012-09-27T13:45:13+02:00</sln:wojIIPWersja><sln:wojIdTeryt>14</sln:wojIdTeryt><sln:wojNazwa>mazowieckie</sln:wojNazwa></sln:miejscowosc><sln:miejscowosc><sln:cyklZyciaOd>2017-03-10T00:00:00+01:00</sln:cyklZyciaOd><sln:gmIIPId>0a763ee5-fe19-418a-812a-8d37a8e0fd26</sln:gmIIPId><sln:gmIIPPn>PL.PZGIK.200</sln:gmIIPPn><sln:gmIIPWersja>2012-09-26T21:57:13+02:00</sln:gmIIPWersja><sln:gmIdTeryt>1432013</sln:gmIdTeryt><sln:gmNazwa>Błonie</sln:gmNazwa><sln:miejscIIPId>e565d236-4477-4581-a4b7-174073cc1ad4</sln:miejscIIPId><sln:miejscIIPPn>PL.PZGIK.200</sln:miejscIIPPn><sln:miejscIIPWersja>2017-03-10T12:54:16+02:00</sln:miejscIIPWersja><sln:miejscIdTeryt>0000448</sln:miejscIdTeryt><sln:miejscNazwa>Wola Łuszczewska</sln:miejscNazwa><sln:miejscRodzaj>Wieś</sln:miejscRodzaj><sln:powIIPId>22810a72-1b4e-46b7-b9f8-bfdc66e42f22</sln:powIIPId><sln:powIIPPn>PL.PZGIK.200</sln:powIIPPn><sln:powIIPWersja>2012-09-27T08:13:53+02:00</sln:powIIPWersja><sln:powIdTeryt>1432</sln:powIdTeryt><sln:powNazwa>warszawski zachodni</sln:powNazwa><sln:waznyOd>2010-08-06T00:00:00+02:00</sln:waznyOd><sln:wojIIPId>4b6c492a-eb04-441d-a92a-f44359c06de7</sln:wojIIPId><sln:wojIIPPn>PL.PZGIK.200</sln:wojIIPPn><sln:wojIIPWersja>2012-09-27T13:45:13+02:00</sln:wojIIPWersja><sln:wojIdTeryt>14</sln:wojIdTeryt><sln:wojNazwa>mazowieckie</sln:wojNazwa></sln:miejscowosc><sln:miejscowosc><sln:cyklZyciaOd>2017-03-10T00:00:00+01:00</sln:cyklZyciaOd><sln:gmIIPId>0a763ee5-fe19-418a-812a-8d37a8e0fd26</sln:gmIIPId><sln:gmIIPPn>PL.PZGIK.200</sln:gmIIPPn><sln:gmIIPWersja>2012-09-26T21:57:13+02:00</sln:gmIIPWersja><sln:gmIdTeryt>1432013</sln:gmIdTeryt><sln:gmNazwa>Błonie</sln:gmNazwa><sln:miejscIIPId>f59c4e2b-f4ad-4112-b879-00a0acc0e323</sln:miejscIIPId><sln:miejscIIPPn>PL.PZGIK.200</sln:miejscIIPPn><sln:miejscIIPWersja>2017-03-10T12:54:16+02:00</sln:miejscIIPWersja><sln:miejscIdTeryt>0000454</sln:miejscIdTeryt><sln:miejscNazwa>Marysinek</sln:miejscNazwa><sln:miejscRodzaj>Inny obiekt</sln:miejscRodzaj><sln:powIIPId>22810a72-1b4e-46b7-b9f8-bfdc66e42f22</sln:powIIPId><sln:powIIPPn>PL.PZGIK.200</sln:powIIPPn><sln:powIIPWersja>2012-09-27T08:13:53+02:00</sln:powIIPWersja><sln:powIdTeryt>1432</sln:powIdTeryt><sln:powNazwa>warszawski zachodni</sln:powNazwa><sln:waznyOd>2010-08-25T00:00:00+02:00</sln:waznyOd><sln:wojIIPId>4b6c492a-eb04-441d-a92a-f44359c06de7</sln:wojIIPId><sln:wojIIPPn>PL.PZGIK.200</sln:wojIIPPn><sln:wojIIPWersja>2012-09-27T13:45:13+02:00</sln:wojIIPWersja><sln:wojIdTeryt>14</sln:wojIdTeryt><sln:wojNazwa>mazowieckie</sln:wojNazwa></sln:miejscowosc><sln:miejscowosc><sln:cyklZyciaOd>2017-03-10T00:00:00+01:00</sln:cyklZyciaOd><sln:gmIIPId>0a763ee5-fe19-418a-812a-8d37a8e0fd26</sln:gmIIPId><sln:gmIIPPn>PL.PZGIK.200</sln:gmIIPPn><sln:gmIIPWersja>2012-09-26T21:57:13+02:00</sln:gmIIPWersja><sln:gmIdTeryt>1432013</sln:gmIdTeryt><sln:gmNazwa>Błonie</sln:gmNazwa><sln:miejscIIPId>ab91e717-108d-4da6-96f4-f1de9b5c3c0d</sln:miejscIIPId><sln:miejscIIPPn>PL.PZGIK.200</sln:miejscIIPPn><sln:miejscIIPWersja>2017-03-10T12:54:16+02:00</sln:miejscIIPWersja><sln:miejscIdTeryt>0000460</sln:miejscIdTeryt><sln:miejscNazwa>Żukówka</sln:miejscNazwa><sln:miejscRodzaj>Wieś</sln:miejscRodzaj><sln:powIIPId>22810a72-1b4e-46b7-b9f8-bfdc66e42f22</sln:powIIPId><sln:powIIPPn>PL.PZGIK.200</sln:powIIPPn><sln:powIIPWersja>2012-09-27T08:13:53+02:00</sln:powIIPWersja><sln:powIdTeryt>1432</sln:powIdTeryt><sln:powNazwa>warszawski zachodni</sln:powNazwa><sln:waznyOd>2010-08-06T00:00:00+02:00</sln:waznyOd><sln:wojIIPId>4b6c492a-eb04-441d-a92a-f44359c06de7</sln:wojIIPId><sln:wojIIPPn>PL.PZGIK.200</sln:wojIIPPn><sln:wojIIPWersja>2012-09-27T13:45:13+02:00</sln:wojIIPWersja><sln:wojIdTeryt>14</sln:wojIdTeryt><sln:wojNazwa>mazowieckie</sln:wojNazwa></sln:miejscowosc><sln:miejscowosc><sln:cyklZyciaOd>2017-03-10T00:00:00+01:00</sln:cyklZyciaOd><sln:gmIIPId>0a763ee5-fe19-418a-812a-8d37a8e0fd26</sln:gmIIPId><sln:gmIIPPn>PL.PZGIK.200</sln:gmIIPPn><sln:gmIIPWersja>2012-09-26T21:57:13+02:00</sln:gmIIPWersja><sln:gmIdTeryt>1432013</sln:gmIdTeryt><sln:gmNazwa>Błonie</sln:gmNazwa><sln:miejscIIPId>56a9bc5e-ec15-4bd3-bb3a-a02a26ac9c6b</sln:miejscIIPId><sln:miejscIIPPn>PL.PZGIK.200</sln:miejscIIPPn><sln:miejscIIPWersja>2017-03-10T12:54:16+02:00</sln:miejscIIPWersja><sln:miejscIdTeryt>0920249</sln:miejscIdTeryt><sln:miejscNazwa>Błonie</sln:miejscNazwa><sln:miejscRodzaj>Miasto</sln:miejscRodzaj><sln:powIIPId>22810a72-1b4e-46b7-b9f8-bfdc66e42f22</sln:powIIPId><sln:powIIPPn>PL.PZGIK.200</sln:powIIPPn><sln:powIIPWersja>2012-09-27T08:13:53+02:00</sln:powIIPWersja><sln:powIdTeryt>1432</sln:powIdTeryt><sln:powNazwa>warszawski zachodni</sln:powNazwa><sln:waznyOd>2012-05-29T00:00:00+02:00</sln:waznyOd><sln:wojIIPId>4b6c492a-eb04-441d-a92a-f44359c06de7</sln:wojIIPId><sln:wojIIPPn>PL.PZGIK.200</sln:wojIIPPn><sln:wojIIPWersja>2012-09-27T13:45:13+02:00</sln:wojIIPWersja><sln:wojIdTeryt>14</sln:wojIdTeryt><sln:wojNazwa>mazowieckie</sln:wojNazwa></sln:miejscowosc><sln:miejscowosc><sln:cyklZyciaDo>2017-09-01T00:00:00+02:00</sln:cyklZyciaDo><sln:cyklZyciaOd>2017-03-10T00:00:00+01:00</sln:cyklZyciaOd><sln:gmIIPId>0a763ee5-fe19-418a-812a-8d37a8e0fd26</sln:gmIIPId><sln:gmIIPPn>PL.PZGIK.200</sln:gmIIPPn><sln:gmIIPWersja>2012-09-26T21:57:13+02:00</sln:gmIIPWersja><sln:gmIdTeryt>1432013</sln:gmIdTeryt><sln:gmNazwa>Błonie</sln:gmNazwa><sln:miejscIIPId>e10b1afb-5053-4e64-ba1e-9134247e4a84</sln:miejscIIPId><sln:miejscIIPPn>PL.PZGIK.200</sln:miejscIIPPn><sln:miejscIIPWersja>2017-03-10T12:54:16+02:00</sln:miejscIIPWersja><sln:miejscNazwa>Radzików IHAR</sln:miejscNazwa><sln:miejscRodzaj>Inny obiekt</sln:miejscRodzaj><sln:powIIPId>22810a72-1b4e-46b7-b9f8-bfdc66e42f22</sln:powIIPId><sln:powIIPPn>PL.PZGIK.200</sln:powIIPPn><sln:powIIPWersja>2012-09-27T08:13:53+02:00</sln:powIIPWersja><sln:powIdTeryt>1432</sln:powIdTeryt><sln:powNazwa>warszawski zachodni</sln:powNazwa><sln:waznyOd>2017-02-16T00:00:00+01:00</sln:waznyOd><sln:wojIIPId>4b6c492a-eb04-441d-a92a-f44359c06de7</sln:wojIIPId><sln:wojIIPPn>PL.PZGIK.200</sln:wojIIPPn><sln:wojIIPWersja>2012-09-27T13:45:13+02:00</sln:wojIIPWersja><sln:wojIdTeryt>14</sln:wojIdTeryt><sln:wojNazwa>mazowieckie</sln:wojNazwa></sln:miejscowosc><sln:miejscowosc><sln:cyklZyciaOd>2017-05-12T00:00:00+02:00</sln:cyklZyciaOd><sln:gmIIPId>0a763ee5-fe19-418a-812a-8d37a8e0fd26</sln:gmIIPId><sln:gmIIPPn>PL.PZGIK.200</sln:gmIIPPn><sln:gmIIPWersja>2012-09-26T21:57:13+02:00</sln:gmIIPWersja><sln:gmIdTeryt>1432013</sln:gmIdTeryt><sln:gmNazwa>Błonie</sln:gmNazwa><sln:miejscIIPId>32c00be9-9e4a-4996-88cb-b2263a6dfd92</sln:miejscIIPId><sln:miejscIIPPn>PL.PZGIK.200</sln:miejscIIPPn><sln:miejscIIPWersja>2017-05-12T16:38:16+02:00</sln:miejscIIPWersja><sln:miejscNazwa>Radzików IHAR</sln:miejscNazwa><sln:miejscRodzaj>Inny obiekt</sln:miejscRodzaj><sln:powIIPId>22810a72-1b4e-46b7-b9f8-bfdc66e42f22</sln:powIIPId><sln:powIIPPn>PL.PZGIK.200</sln:powIIPPn><sln:powIIPWersja>2012-09-27T08:13:53+02:00</sln:powIIPWersja><sln:powIdTeryt>1432</sln:powIdTeryt><sln:powNazwa>warszawski zachodni</sln:powNazwa><sln:waznyOd>2017-02-16T00:00:00+01:00</sln:waznyOd><sln:wojIIPId>4b6c492a-eb04-441d-a92a-f44359c06de7</sln:wojIIPId><sln:wojIIPPn>PL.PZGIK.200</sln:wojIIPPn><sln:wojIIPWersja>2012-09-27T13:45:13+02:00</sln:wojIIPWersja><sln:wojIdTeryt>14</sln:wojIdTeryt><sln:wojNazwa>mazowieckie</sln:wojNazwa></sln:miejscowosc></sln:lista-miejscowosci>