<?xml version="1.0" encoding="UTF-8" standalone="yes"?><sln:lista-miejscowosci xmlns:srv="http://gugik.gov.pl/schemas/slowniki-service/1.0" xmlns:sln="http://gugik.gov.pl/schemas/slowniki-schema/1.0"><sln:miejscowosc><sln:cyklZyciaDo>2017-03-20T00:00:00+01:00</sln:cyklZyciaDo><sln:cyklZyciaOd>2014-12-30T00:00:00+01:00</sln:cyklZyciaOd><sln:gmIIPId>c1522005-978e-4967-a346-c463b4d775fa</sln:gmIIPId><sln:gmIIPPn>PL.PZGIK.200</sln:gmIIPPn><sln:gmIIPWersja>2012-09-26T21:58:23+02:00</sln:gmIIPWersja><sln:gmIdTeryt>1408011</sln:gmIdTeryt><sln:gmNazwa>Legionowo</sln:gmNazwa><sln:miejscIIPId>67d9cc0b-72b2-4dcb-bd82-d02669c41e64</sln:miejscIIPId><sln:miejscIIPPn>PL.PZGIK.200</sln:miejscIIPPn><sln:miejscIIPWersja>2016-11-24T13:14:47+02:00</sln:miejscIIPWersja><sln:miejscIdTeryt>0920806</sln:miejscIdTeryt><sln:miejscNazwa>Legionowo</sln:miejscNazwa><sln:miejscRodzaj>Inny obiekt</sln:miejscRodzaj><sln:powIIPId>9fe489f4-9be5-4b8b-adf6-ecbf7c9cff62</sln:powIIPId><sln:powIIPPn>PL.PZGIK.200</sln:powIIPPn><sln:powIIPWersja>2012-09-27T08:13:53+02:00</sln:powIIPWersja><sln:powIdTeryt>1408</sln:powIdTeryt><sln:powNazwa>legionowski</sln:powNazwa><sln:waznyOd>2011-07-27T00:00:00+02:00</sln:waznyOd><sln:wojIIPId>4b6c492a-eb04-441d-a92a-f44359c06de7</sln:wojIIPId><sln:wojIIPPn>PL.PZGIK.200</sln:wojIIPPn><sln:wojIIPWersja>2012-09-27T13:45:13+02:00</sln:wojIIPWersja><sln:wojIdTeryt>14</sln:wojIdTeryt><sln:wojNazwa>mazowieckie</sln:wojNazwa></sln:miejscowosc><sln:miejscowosc><sln:cyklZyciaOd>2017-03-20T00:00:00+01:00</sln:cyklZyciaOd><sln:gmIIPId>c1522005-978e-4967-a346-c463b4d775fa</sln:gmIIPId><sln:gmIIPPn>PL.PZGIK.200</sln:gmIIPPn><sln:gmIIPWersja>2012-09-26T21:58:23+02:00</sln:gmIIPWersja><sln:gmIdTeryt>1408011</sln:gmIdTeryt><sln:gmNazwa>Legionowo</sln:gmNazwa><sln:miejscIIPId>67d9cc0b-72b2-4dcb-bd82-d02669c41e64</sln:miejscIIPId><sln:miejscIIPPn>PL.PZGIK.200</sln:miejscIIPPn><sln:miejscIIPWersja>2017-03-20T14:55:43+02:00</sln:miejscIIPWersja><sln:miejscIdTeryt>0920806</sln:miejscIdTeryt><sln:miejscNazwa>Legionowo</sln:miejscNazwa><sln:miejscRodzaj>Miasto</sln:miejscRodzaj><sln:powIIPId>9fe489f4-9be5-4b8b-adf6-ecbf7c9cff62</sln:powIIPId><sln:powIIPPn>PL.PZGIK.200</sln:powIIPPn><sln:powIIPWersja>2012-09-27T08:13:53+02:00</sln:powIIPWersja><sln:powIdTeryt>1408</sln:powIdTeryt><sln:powNazwa>legionowski</sln:powNazwa><sln:waznyOd>2011-07-27T00:00:00+02:00</sln:waznyOd><sln:wojIIPId>4b6c492a-eb04-441d-a92a-f44359c06de7</sln:wojIIPId><sln:wojIIPPn>PL.PZGIK.200</sln:wojIIPPn><sln:wojIIPWersja>2012-09-27T13:45:13+02:00</sln:wojIIPWersja><sln:wojIdTeryt>14</sln:wojIdTeryt><sln:wojNazwa>mazowieckie</sln:wojNazwa></sln:miejscowosc></sln:lista-miejscowosci>