<?xml version="1.0" encoding="UTF-8" standalone="yes"?><sln:lista-miejscowosci xmlns:srv="http://gugik.gov.pl/schemas/slowniki-service/1.0" xmlns:sln="http://gugik.gov.pl/schemas/slowniki-schema/1.0"><sln:miejscowosc><sln:cyklZyciaDo>2017-03-28T00:00:00+02:00</sln:cyklZyciaDo><sln:cyklZyciaOd>2016-08-24T00:00:00+02:00</sln:cyklZyciaOd><sln:gmIIPId>724fb9a4-d732-445c-9f08-90a1aac40a84</sln:gmIIPId><sln:gmIIPPn>PL.PZGIK.200</sln:gmIIPPn><sln:gmIIPWersja>2012-09-26T21:56:43+02:00</sln:gmIIPWersja><sln:gmIdTeryt>1426102</sln:gmIdTeryt><sln:gmNazwa>Suchożebry</sln:gmNazwa><sln:miejscIIPId>a1f9c620-8c0d-40dc-872a-ebe86b06c0bc</sln:miejscIIPId><sln:miejscIIPPn>PL.PZGIK.200</sln:miejscIIPPn><sln:miejscIIPWersja>2016-11-24T12:05:50+02:00</sln:miejscIIPWersja><sln:miejscIdTeryt>0692156</sln:miejscIdTeryt><sln:miejscNazwa>Borki Siedleckie</sln:miejscNazwa><sln:miejscRodzaj>Wieś</sln:miejscRodzaj><sln:powIIPId>60f09523-3b8a-4b99-b112-9f6b6cf3c982</sln:powIIPId><sln:powIIPPn>PL.PZGIK.200</sln:powIIPPn><sln:powIIPWersja>2012-09-27T08:13:53+02:00</sln:powIIPWersja><sln:powIdTeryt>1426</sln:powIdTeryt><sln:powNazwa>siedlecki</sln:powNazwa><sln:waznyOd>2014-06-20T00:00:00+02:00</sln:waznyOd><sln:wojIIPId>4b6c492a-eb04-441d-a92a-f44359c06de7</sln:wojIIPId><sln:wojIIPPn>PL.PZGIK.200</sln:wojIIPPn><sln:wojIIPWersja>2012-09-27T13:45:13+02:00</sln:wojIIPWersja><sln:wojIdTeryt>14</sln:wojIdTeryt><sln:wojNazwa>mazowieckie</sln:wojNazwa></sln:miejscowosc><sln:miejscowosc><sln:cyklZyciaDo>2017-03-28T00:00:00+02:00</sln:cyklZyciaDo><sln:cyklZyciaOd>2016-08-24T00:00:00+02:00</sln:cyklZyciaOd><sln:gmIIPId>724fb9a4-d732-445c-9f08-90a1aac40a84</sln:gmIIPId><sln:gmIIPPn>PL.PZGIK.200</sln:gmIIPPn><sln:gmIIPWersja>2012-09-26T21:56:43+02:00</sln:gmIIPWersja><sln:gmIdTeryt>1426102</sln:gmIdTeryt><sln:gmNazwa>Suchożebry</sln:gmNazwa><sln:miejscIIPId>32f688b3-bfe5-41c4-a222-37a057721fd8</sln:miejscIIPId><sln:miejscIIPPn>PL.PZGIK.200</sln:miejscIIPPn><sln:miejscIIPWersja>2016-11-24T12:05:50+02:00</sln:miejscIIPWersja><sln:miejscIdTeryt>0692162</sln:miejscIdTeryt><sln:miejscNazwa>Brzozów</sln:miejscNazwa><sln:miejscRodzaj>Wieś</sln:miejscRodzaj><sln:powIIPId>60f09523-3b8a-4b99-b112-9f6b6cf3c982</sln:powIIPId><sln:powIIPPn>PL.PZGIK.200</sln:powIIPPn><sln:powIIPWersja>2012-09-27T08:13:53+02:00</sln:powIIPWersja><sln:powIdTeryt>1426</sln:powIdTeryt><sln:powNazwa>siedlecki</sln:powNazwa><sln:waznyOd>2014-06-20T00:00:00+02:00</sln:waznyOd><sln:wojIIPId>4b6c492a-eb04-441d-a92a-f44359c06de7</sln:wojIIPId><sln:wojIIPPn>PL.PZGIK.200</sln:wojIIPPn><sln:wojIIPWersja>2012-09-27T13:45:13+02:00</sln:wojIIPWersja><sln:wojIdTeryt>14</sln:wojIdTeryt><sln:wojNazwa>mazowieckie</sln:wojNazwa></sln:miejscowosc><sln:miejscowosc><sln:cyklZyciaDo>2017-03-28T00:00:00+02:00</sln:cyklZyciaDo><sln:cyklZyciaOd>2016-08-24T00:00:00+02:00</sln:cyklZyciaOd><sln:gmIIPId>724fb9a4-d732-445c-9f08-90a1aac40a84</sln:gmIIPId><sln:gmIIPPn>PL.PZGIK.200</sln:gmIIPPn><sln:gmIIPWersja>2012-09-26T21:56:43+02:00</sln:gmIIPWersja><sln:gmIdTeryt>1426102</sln:gmIdTeryt><sln:gmNazwa>Suchożebry</sln:gmNazwa><sln:miejscIIPId>050bae2f-d16b-4646-a952-6f3bb2e03574</sln:miejscIIPId><sln:miejscIIPPn>PL.PZGIK.200</sln:miejscIIPPn><sln:miejscIIPWersja>2016-11-24T12:05:50+02:00</sln:miejscIIPWersja><sln:miejscIdTeryt>0692179</sln:miejscIdTeryt><sln:miejscNazwa>Kopcie</sln:miejscNazwa><sln:miejscRodzaj>Wieś</sln:miejscRodzaj><sln:powIIPId>60f09523-3b8a-4b99-b112-9f6b6cf3c982</sln:powIIPId><sln:powIIPPn>PL.PZGIK.200</sln:powIIPPn><sln:powIIPWersja>2012-09-27T08:13:53+02:00</sln:powIIPWersja><sln:powIdTeryt>1426</sln:powIdTeryt><sln:powNazwa>siedlecki</sln:powNazwa><sln:waznyOd>2014-06-20T00:00:00+02:00</sln:waznyOd><sln:wojIIPId>4b6c492a-eb04-441d-a92a-f44359c06de7</sln:wojIIPId><sln:wojIIPPn>PL.PZGIK.200</sln:wojIIPPn><sln:wojIIPWersja>2012-09-27T13:45:13+02:00</sln:wojIIPWersja><sln:wojIdTeryt>14</sln:wojIdTeryt><sln:wojNazwa>mazowieckie</sln:wojNazwa></sln:miejscowosc><sln:miejscowosc><sln:cyklZyciaDo>2017-03-28T00:00:00+02:00</sln:cyklZyciaDo><sln:cyklZyciaOd>2016-08-24T00:00:00+02:00</sln:cyklZyciaOd><sln:gmIIPId>724fb9a4-d732-445c-9f08-90a1aac40a84</sln:gmIIPId><sln:gmIIPPn>PL.PZGIK.200</sln:gmIIPPn><sln:gmIIPWersja>2012-09-26T21:56:43+02:00</sln:gmIIPWersja><sln:gmIdTeryt>1426102</sln:gmIdTeryt><sln:gmNazwa>Suchożebry</sln:gmNazwa><sln:miejscIIPId>8242bfbb-8e19-42af-9764-458e7bfad4fb</sln:miejscIIPId><sln:miejscIIPPn>PL.PZGIK.200</sln:miejscIIPPn><sln:miejscIIPWersja>2016-11-24T12:05:50+02:00</sln:miejscIIPWersja><sln:miejscIdTeryt>0692185</sln:miejscIdTeryt><sln:miejscNazwa>Kownaciska</sln:miejscNazwa><sln:miejscRodzaj>Wieś</sln:miejscRodzaj><sln:powIIPId>60f09523-3b8a-4b99-b112-9f6b6cf3c982</sln:powIIPId><sln:powIIPPn>PL.PZGIK.200</sln:powIIPPn><sln:powIIPWersja>2012-09-27T08:13:53+02:00</sln:powIIPWersja><sln:powIdTeryt>1426</sln:powIdTeryt><sln:powNazwa>siedlecki</sln:powNazwa><sln:waznyOd>2014-06-20T00:00:00+02:00</sln:waznyOd><sln:wojIIPId>4b6c492a-eb04-441d-a92a-f44359c06de7</sln:wojIIPId><sln:wojIIPPn>PL.PZGIK.200</sln:wojIIPPn><sln:wojIIPWersja>2012-09-27T13:45:13+02:00</sln:wojIIPWersja><sln:wojIdTeryt>14</sln:wojIdTeryt><sln:wojNazwa>mazowieckie</sln:wojNazwa></sln:miejscowosc><sln:miejscowosc><sln:cyklZyciaDo>2017-03-28T00:00:00+02:00</sln:cyklZyciaDo><sln:cyklZyciaOd>2016-08-24T00:00:00+02:00</sln:cyklZyciaOd><sln:gmIIPId>724fb9a4-d732-445c-9f08-90a1aac40a84</sln:gmIIPId><sln:gmIIPPn>PL.PZGIK.200</sln:gmIIPPn><sln:gmIIPWersja>2012-09-26T21:56:43+02:00</sln:gmIIPWersja><sln:gmIdTeryt>1426102</sln:gmIdTeryt><sln:gmNazwa>Suchożebry</sln:gmNazwa><sln:miejscIIPId>38554be9-57af-4aee-8ae5-735c8aa19825</sln:miejscIIPId><sln:miejscIIPPn>PL.PZGIK.200</sln:miejscIIPPn><sln:miejscIIPWersja>2016-11-24T12:05:50+02:00</sln:miejscIIPWersja><sln:miejscIdTeryt>0692191</sln:miejscIdTeryt><sln:miejscNazwa>Krynica</sln:miejscNazwa><sln:miejscRodzaj>Wieś</sln:miejscRodzaj><sln:powIIPId>60f09523-3b8a-4b99-b112-9f6b6cf3c982</sln:powIIPId><sln:powIIPPn>PL.PZGIK.200</sln:powIIPPn><sln:powIIPWersja>2012-09-27T08:13:53+02:00</sln:powIIPWersja><sln:powIdTeryt>1426</sln:powIdTeryt><sln:powNazwa>siedlecki</sln:powNazwa><sln:waznyOd>2014-06-20T00:00:00+02:00</sln:waznyOd><sln:wojIIPId>4b6c492a-eb04-441d-a92a-f44359c06de7</sln:wojIIPId><sln:wojIIPPn>PL.PZGIK.200</sln:wojIIPPn><sln:wojIIPWersja>2012-09-27T13:45:13+02:00</sln:wojIIPWersja><sln:wojIdTeryt>14</sln:wojIdTeryt><sln:wojNazwa>mazowieckie</sln:wojNazwa></sln:miejscowosc><sln:miejscowosc><sln:cyklZyciaDo>2017-03-28T00:00:00+02:00</sln:cyklZyciaDo><sln:cyklZyciaOd>2016-08-24T00:00:00+02:00</sln:cyklZyciaOd><sln:gmIIPId>724fb9a4-d732-445c-9f08-90a1aac40a84</sln:gmIIPId><sln:gmIIPPn>PL.PZGIK.200</sln:gmIIPPn><sln:gmIIPWersja>2012-09-26T21:56:43+02:00</sln:gmIIPWersja><sln:gmIdTeryt>1426102</sln:gmIdTeryt><sln:gmNazwa>Suchożebry</sln:gmNazwa><sln:miejscIIPId>ecc31355-50ec-4670-afe3-6bc53f449a0d</sln:miejscIIPId><sln:miejscIIPPn>PL.PZGIK.200</sln:miejscIIPPn><sln:miejscIIPWersja>2016-11-24T12:05:50+02:00</sln:miejscIIPWersja><sln:miejscIdTeryt>0692200</sln:miejscIdTeryt><sln:miejscNazwa>Krześlin</sln:miejscNazwa><sln:miejscRodzaj>Wieś</sln:miejscRodzaj><sln:powIIPId>60f09523-3b8a-4b99-b112-9f6b6cf3c982</sln:powIIPId><sln:powIIPPn>PL.PZGIK.200</sln:powIIPPn><sln:powIIPWersja>2012-09-27T08:13:53+02:00</sln:powIIPWersja><sln:powIdTeryt>1426</sln:powIdTeryt><sln:powNazwa>siedlecki</sln:powNazwa><sln:waznyOd>2014-06-20T00:00:00+02:00</sln:waznyOd><sln:wojIIPId>4b6c492a-eb04-441d-a92a-f44359c06de7</sln:wojIIPId><sln:wojIIPPn>PL.PZGIK.200</sln:wojIIPPn><sln:wojIIPWersja>2012-09-27T13:45:13+02:00</sln:wojIIPWersja><sln:wojIdTeryt>14</sln:wojIdTeryt><sln:wojNazwa>mazowieckie</sln:wojNazwa></sln:miejscowosc><sln:miejscowosc><sln:cyklZyciaDo>2017-03-28T00:00:00+02:00</sln:cyklZyciaDo><sln:cyklZyciaOd>2016-08-24T00:00:00+02:00</sln:cyklZyciaOd><sln:gmIIPId>724fb9a4-d732-445c-9f08-90a1aac40a84</sln:gmIIPId><sln:gmIIPPn>PL.PZGIK.200</sln:gmIIPPn><sln:gmIIPWersja>2012-09-26T21:56:43+02:00</sln:gmIIPWersja><sln:gmIdTeryt>1426102</sln:gmIdTeryt><sln:gmNazwa>Suchożebry</sln:gmNazwa><sln:miejscIIPId>3609bd45-620d-4242-8c02-1f106e020453</sln:miejscIIPId><sln:miejscIIPPn>PL.PZGIK.200</sln:miejscIIPPn><sln:miejscIIPWersja>2016-11-24T12:05:50+02:00</sln:miejscIIPWersja><sln:miejscIdTeryt>0692216</sln:miejscIdTeryt><sln:miejscNazwa>Krześlinek</sln:miejscNazwa><sln:miejscRodzaj>Wieś</sln:miejscRodzaj><sln:powIIPId>60f09523-3b8a-4b99-b112-9f6b6cf3c982</sln:powIIPId><sln:powIIPPn>PL.PZGIK.200</sln:powIIPPn><sln:powIIPWersja>2012-09-27T08:13:53+02:00</sln:powIIPWersja><sln:powIdTeryt>1426</sln:powIdTeryt><sln:powNazwa>siedlecki</sln:powNazwa><sln:waznyOd>2014-06-20T00:00:00+02:00</sln:waznyOd><sln:wojIIPId>4b6c492a-eb04-441d-a92a-f44359c06de7</sln:wojIIPId><sln:wojIIPPn>PL.PZGIK.200</sln:wojIIPPn><sln:wojIIPWersja>2012-09-27T13:45:13+02:00</sln:wojIIPWersja><sln:wojIdTeryt>14</sln:wojIdTeryt><sln:wojNazwa>mazowieckie</sln:wojNazwa></sln:miejscowosc><sln:miejscowosc><sln:cyklZyciaDo>2017-03-28T00:00:00+02:00</sln:cyklZyciaDo><sln:cyklZyciaOd>2016-08-24T00:00:00+02:00</sln:cyklZyciaOd><sln:gmIIPId>724fb9a4-d732-445c-9f08-90a1aac40a84</sln:gmIIPId><sln:gmIIPPn>PL.PZGIK.200</sln:gmIIPPn><sln:gmIIPWersja>2012-09-26T21:56:43+02:00</sln:gmIIPWersja><sln:gmIdTeryt>1426102</sln:gmIdTeryt><sln:gmNazwa>Suchożebry</sln:gmNazwa><sln:miejscIIPId>87b7daa5-f011-4660-b79d-3bb34ab0db56</sln:miejscIIPId><sln:miejscIIPPn>PL.PZGIK.200</sln:miejscIIPPn><sln:miejscIIPWersja>2016-11-24T12:05:50+02:00</sln:miejscIIPWersja><sln:miejscIdTeryt>0692222</sln:miejscIdTeryt><sln:miejscNazwa>Nakory</sln:miejscNazwa><sln:miejscRodzaj>Wieś</sln:miejscRodzaj><sln:powIIPId>60f09523-3b8a-4b99-b112-9f6b6cf3c982</sln:powIIPId><sln:powIIPPn>PL.PZGIK.200</sln:powIIPPn><sln:powIIPWersja>2012-09-27T08:13:53+02:00</sln:powIIPWersja><sln:powIdTeryt>1426</sln:powIdTeryt><sln:powNazwa>siedlecki</sln:powNazwa><sln:waznyOd>2014-06-20T00:00:00+02:00</sln:waznyOd><sln:wojIIPId>4b6c492a-eb04-441d-a92a-f44359c06de7</sln:wojIIPId><sln:wojIIPPn>PL.PZGIK.200</sln:wojIIPPn><sln:wojIIPWersja>2012-09-27T13:45:13+02:00</sln:wojIIPWersja><sln:wojIdTeryt>14</sln:wojIdTeryt><sln:wojNazwa>mazowieckie</sln:wojNazwa></sln:miejscowosc><sln:miejscowosc><sln:cyklZyciaDo>2017-03-28T00:00:00+02:00</sln:cyklZyciaDo><sln:cyklZyciaOd>2016-08-24T00:00:00+02:00</sln:cyklZyciaOd><sln:gmIIPId>724fb9a4-d732-445c-9f08-90a1aac40a84</sln:gmIIPId><sln:gmIIPPn>PL.PZGIK.200</sln:gmIIPPn><sln:gmIIPWersja>2012-09-26T21:56:43+02:00</sln:gmIIPWersja><sln:gmIdTeryt>1426102</sln:gmIdTeryt><sln:gmNazwa>Suchożebry</sln:gmNazwa><sln:miejscIIPId>825ca0ed-626a-4612-aa74-792b621c4379</sln:miejscIIPId><sln:miejscIIPPn>PL.PZGIK.200</sln:miejscIIPPn><sln:miejscIIPWersja>2016-11-24T12:05:50+02:00</sln:miejscIIPWersja><sln:miejscIdTeryt>0692239</sln:miejscIdTeryt><sln:miejscNazwa>Podnieśno</sln:miejscNazwa><sln:miejscRodzaj>Wieś</sln:miejscRodzaj><sln:powIIPId>60f09523-3b8a-4b99-b112-9f6b6cf3c982</sln:powIIPId><sln:powIIPPn>PL.PZGIK.200</sln:powIIPPn><sln:powIIPWersja>2012-09-27T08:13:53+02:00</sln:powIIPWersja><sln:powIdTeryt>1426</sln:powIdTeryt><sln:powNazwa>siedlecki</sln:powNazwa><sln:waznyOd>2014-06-20T00:00:00+02:00</sln:waznyOd><sln:wojIIPId>4b6c492a-eb04-441d-a92a-f44359c06de7</sln:wojIIPId><sln:wojIIPPn>PL.PZGIK.200</sln:wojIIPPn><sln:wojIIPWersja>2012-09-27T13:45:13+02:00</sln:wojIIPWersja><sln:wojIdTeryt>14</sln:wojIdTeryt><sln:wojNazwa>mazowieckie</sln:wojNazwa></sln:miejscowosc><sln:miejscowosc><sln:cyklZyciaDo>2017-03-28T00:00:00+02:00</sln:cyklZyciaDo><sln:cyklZyciaOd>2016-08-24T00:00:00+02:00</sln:cyklZyciaOd><sln:gmIIPId>724fb9a4-d732-445c-9f08-90a1aac40a84</sln:gmIIPId><sln:gmIIPPn>PL.PZGIK.200</sln:gmIIPPn><sln:gmIIPWersja>2012-09-26T21:56:43+02:00</sln:gmIIPWersja><sln:gmIdTeryt>1426102</sln:gmIdTeryt><sln:gmNazwa>Suchożebry</sln:gmNazwa><sln:miejscIIPId>218f957a-690d-4e4e-b79d-dd9630e1b0a7</sln:miejscIIPId><sln:miejscIIPPn>PL.PZGIK.200</sln:miejscIIPPn><sln:miejscIIPWersja>2016-11-24T12:05:50+02:00</sln:miejscIIPWersja><sln:miejscIdTeryt>0692245</sln:miejscIdTeryt><sln:miejscNazwa>Przygody</sln:miejscNazwa><sln:miejscRodzaj>Wieś</sln:miejscRodzaj><sln:powIIPId>60f09523-3b8a-4b99-b112-9f6b6cf3c982</sln:powIIPId><sln:powIIPPn>PL.PZGIK.200</sln:powIIPPn><sln:powIIPWersja>2012-09-27T08:13:53+02:00</sln:powIIPWersja><sln:powIdTeryt>1426</sln:powIdTeryt><sln:powNazwa>siedlecki</sln:powNazwa><sln:waznyOd>2014-06-20T00:00:00+02:00</sln:waznyOd><sln:wojIIPId>4b6c492a-eb04-441d-a92a-f44359c06de7</sln:wojIIPId><sln:wojIIPPn>PL.PZGIK.200</sln:wojIIPPn><sln:wojIIPWersja>2012-09-27T13:45:13+02:00</sln:wojIIPWersja><sln:wojIdTeryt>14</sln:wojIdTeryt><sln:wojNazwa>mazowieckie</sln:wojNazwa></sln:miejscowosc><sln:miejscowosc><sln:cyklZyciaDo>2017-03-28T00:00:00+02:00</sln:cyklZyciaDo><sln:cyklZyciaOd>2016-08-24T00:00:00+02:00</sln:cyklZyciaOd><sln:gmIIPId>724fb9a4-d732-445c-9f08-90a1aac40a84</sln:gmIIPId><sln:gmIIPPn>PL.PZGIK.200</sln:gmIIPPn><sln:gmIIPWersja>2012-09-26T21:56:43+02:00</sln:gmIIPWersja><sln:gmIdTeryt>1426102</sln:gmIdTeryt><sln:gmNazwa>Suchożebry</sln:gmNazwa><sln:miejscIIPId>195be242-090d-4ba0-8323-de0bd24f1766</sln:miejscIIPId><sln:miejscIIPPn>PL.PZGIK.200</sln:miejscIIPPn><sln:miejscIIPWersja>2016-11-24T12:05:50+02:00</sln:miejscIIPWersja><sln:miejscIdTeryt>0692251</sln:miejscIdTeryt><sln:miejscNazwa>Sosna-Kicki</sln:miejscNazwa><sln:miejscRodzaj>Wieś</sln:miejscRodzaj><sln:powIIPId>60f09523-3b8a-4b99-b112-9f6b6cf3c982</sln:powIIPId><sln:powIIPPn>PL.PZGIK.200</sln:powIIPPn><sln:powIIPWersja>2012-09-27T08:13:53+02:00</sln:powIIPWersja><sln:powIdTeryt>1426</sln:powIdTeryt><sln:powNazwa>siedlecki</sln:powNazwa><sln:waznyOd>2014-06-20T00:00:00+02:00</sln:waznyOd><sln:wojIIPId>4b6c492a-eb04-441d-a92a-f44359c06de7</sln:wojIIPId><sln:wojIIPPn>PL.PZGIK.200</sln:wojIIPPn><sln:wojIIPWersja>2012-09-27T13:45:13+02:00</sln:wojIIPWersja><sln:wojIdTeryt>14</sln:wojIdTeryt><sln:wojNazwa>mazowieckie</sln:wojNazwa></sln:miejscowosc><sln:miejscowosc><sln:cyklZyciaDo>2017-03-28T00:00:00+02:00</sln:cyklZyciaDo><sln:cyklZyciaOd>2016-08-24T00:00:00+02:00</sln:cyklZyciaOd><sln:gmIIPId>724fb9a4-d732-445c-9f08-90a1aac40a84</sln:gmIIPId><sln:gmIIPPn>PL.PZGIK.200</sln:gmIIPPn><sln:gmIIPWersja>2012-09-26T21:56:43+02:00</sln:gmIIPWersja><sln:gmIdTeryt>1426102</sln:gmIdTeryt><sln:gmNazwa>Suchożebry</sln:gmNazwa><sln:miejscIIPId>7440df66-7385-46c4-918e-255869d867ec</sln:miejscIIPId><sln:miejscIIPPn>PL.PZGIK.200</sln:miejscIIPPn><sln:miejscIIPWersja>2016-11-24T12:05:50+02:00</sln:miejscIIPWersja><sln:miejscIdTeryt>0692268</sln:miejscIdTeryt><sln:miejscNazwa>Sosna-Korabie</sln:miejscNazwa><sln:miejscRodzaj>Wieś</sln:miejscRodzaj><sln:powIIPId>60f09523-3b8a-4b99-b112-9f6b6cf3c982</sln:powIIPId><sln:powIIPPn>PL.PZGIK.200</sln:powIIPPn><sln:powIIPWersja>2012-09-27T08:13:53+02:00</sln:powIIPWersja><sln:powIdTeryt>1426</sln:powIdTeryt><sln:powNazwa>siedlecki</sln:powNazwa><sln:waznyOd>2014-06-20T00:00:00+02:00</sln:waznyOd><sln:wojIIPId>4b6c492a-eb04-441d-a92a-f44359c06de7</sln:wojIIPId><sln:wojIIPPn>PL.PZGIK.200</sln:wojIIPPn><sln:wojIIPWersja>2012-09-27T13:45:13+02:00</sln:wojIIPWersja><sln:wojIdTeryt>14</sln:wojIdTeryt><sln:wojNazwa>mazowieckie</sln:wojNazwa></sln:miejscowosc><sln:miejscowosc><sln:cyklZyciaDo>2017-03-28T00:00:00+02:00</sln:cyklZyciaDo><sln:cyklZyciaOd>2016-08-24T00:00:00+02:00</sln:cyklZyciaOd><sln:gmIIPId>724fb9a4-d732-445c-9f08-90a1aac40a84</sln:gmIIPId><sln:gmIIPPn>PL.PZGIK.200</sln:gmIIPPn><sln:gmIIPWersja>2012-09-26T21:56:43+02:00</sln:gmIIPWersja><sln:gmIdTeryt>1426102</sln:gmIdTeryt><sln:gmNazwa>Suchożebry</sln:gmNazwa><sln:miejscIIPId>801cb625-9292-4847-a525-fdcf22726cb4</sln:miejscIIPId><sln:miejscIIPPn>PL.PZGIK.200</sln:miejscIIPPn><sln:miejscIIPWersja>2016-11-24T12:05:50+02:00</sln:miejscIIPWersja><sln:miejscIdTeryt>0692274</sln:miejscIdTeryt><sln:miejscNazwa>Sosna-Kozółki</sln:miejscNazwa><sln:miejscRodzaj>Wieś</sln:miejscRodzaj><sln:powIIPId>60f09523-3b8a-4b99-b112-9f6b6cf3c982</sln:powIIPId><sln:powIIPPn>PL.PZGIK.200</sln:powIIPPn><sln:powIIPWersja>2012-09-27T08:13:53+02:00</sln:powIIPWersja><sln:powIdTeryt>1426</sln:powIdTeryt><sln:powNazwa>siedlecki</sln:powNazwa><sln:waznyOd>2014-06-20T00:00:00+02:00</sln:waznyOd><sln:wojIIPId>4b6c492a-eb04-441d-a92a-f44359c06de7</sln:wojIIPId><sln:wojIIPPn>PL.PZGIK.200</sln:wojIIPPn><sln:wojIIPWersja>2012-09-27T13:45:13+02:00</sln:wojIIPWersja><sln:wojIdTeryt>14</sln:wojIdTeryt><sln:wojNazwa>mazowieckie</sln:wojNazwa></sln:miejscowosc><sln:miejscowosc><sln:cyklZyciaDo>2017-03-28T00:00:00+02:00</sln:cyklZyciaDo><sln:cyklZyciaOd>2016-08-24T00:00:00+02:00</sln:cyklZyciaOd><sln:gmIIPId>724fb9a4-d732-445c-9f08-90a1aac40a84</sln:gmIIPId><sln:gmIIPPn>PL.PZGIK.200</sln:gmIIPPn><sln:gmIIPWersja>2012-09-26T21:56:43+02:00</sln:gmIIPWersja><sln:gmIdTeryt>1426102</sln:gmIdTeryt><sln:gmNazwa>Suchożebry</sln:gmNazwa><sln:miejscIIPId>4bfcf59e-f089-4cb7-af2e-9af53aebfae6</sln:miejscIIPId><sln:miejscIIPPn>PL.PZGIK.200</sln:miejscIIPPn><sln:miejscIIPWersja>2016-11-24T12:05:50+02:00</sln:miejscIIPWersja><sln:miejscIdTeryt>0692280</sln:miejscIdTeryt><sln:miejscNazwa>Sosna-Trojanki</sln:miejscNazwa><sln:miejscRodzaj>Wieś</sln:miejscRodzaj><sln:powIIPId>60f09523-3b8a-4b99-b112-9f6b6cf3c982</sln:powIIPId><sln:powIIPPn>PL.PZGIK.200</sln:powIIPPn><sln:powIIPWersja>2012-09-27T08:13:53+02:00</sln:powIIPWersja><sln:powIdTeryt>1426</sln:powIdTeryt><sln:powNazwa>siedlecki</sln:powNazwa><sln:waznyOd>2014-06-20T00:00:00+02:00</sln:waznyOd><sln:wojIIPId>4b6c492a-eb04-441d-a92a-f44359c06de7</sln:wojIIPId><sln:wojIIPPn>PL.PZGIK.200</sln:wojIIPPn><sln:wojIIPWersja>2012-09-27T13:45:13+02:00</sln:wojIIPWersja><sln:wojIdTeryt>14</sln:wojIdTeryt><sln:wojNazwa>mazowieckie</sln:wojNazwa></sln:miejscowosc><sln:miejscowosc><sln:cyklZyciaDo>2017-03-28T00:00:00+02:00</sln:cyklZyciaDo><sln:cyklZyciaOd>2016-08-24T00:00:00+02:00</sln:cyklZyciaOd><sln:gmIIPId>724fb9a4-d732-445c-9f08-90a1aac40a84</sln:gmIIPId><sln:gmIIPPn>PL.PZGIK.200</sln:gmIIPPn><sln:gmIIPWersja>2012-09-26T21:56:43+02:00</sln:gmIIPWersja><sln:gmIdTeryt>1426102</sln:gmIdTeryt><sln:gmNazwa>Suchożebry</sln:gmNazwa><sln:miejscIIPId>d7e31e94-97b2-4fcc-97f3-6b98bd0c8ca2</sln:miejscIIPId><sln:miejscIIPPn>PL.PZGIK.200</sln:miejscIIPPn><sln:miejscIIPWersja>2016-11-24T12:05:50+02:00</sln:miejscIIPWersja><sln:miejscIdTeryt>0692297</sln:miejscIdTeryt><sln:miejscNazwa>Stany Duże</sln:miejscNazwa><sln:miejscRodzaj>Wieś</sln:miejscRodzaj><sln:powIIPId>60f09523-3b8a-4b99-b112-9f6b6cf3c982</sln:powIIPId><sln:powIIPPn>PL.PZGIK.200</sln:powIIPPn><sln:powIIPWersja>2012-09-27T08:13:53+02:00</sln:powIIPWersja><sln:powIdTeryt>1426</sln:powIdTeryt><sln:powNazwa>siedlecki</sln:powNazwa><sln:waznyOd>2014-06-20T00:00:00+02:00</sln:waznyOd><sln:wojIIPId>4b6c492a-eb04-441d-a92a-f44359c06de7</sln:wojIIPId><sln:wojIIPPn>PL.PZGIK.200</sln:wojIIPPn><sln:wojIIPWersja>2012-09-27T13:45:13+02:00</sln:wojIIPWersja><sln:wojIdTeryt>14</sln:wojIdTeryt><sln:wojNazwa>mazowieckie</sln:wojNazwa></sln:miejscowosc><sln:miejscowosc><sln:cyklZyciaDo>2017-03-28T00:00:00+02:00</sln:cyklZyciaDo><sln:cyklZyciaOd>2016-08-24T00:00:00+02:00</sln:cyklZyciaOd><sln:gmIIPId>724fb9a4-d732-445c-9f08-90a1aac40a84</sln:gmIIPId><sln:gmIIPPn>PL.PZGIK.200</sln:gmIIPPn><sln:gmIIPWersja>2012-09-26T21:56:43+02:00</sln:gmIIPWersja><sln:gmIdTeryt>1426102</sln:gmIdTeryt><sln:gmNazwa>Suchożebry</sln:gmNazwa><sln:miejscIIPId>598f8d8c-d009-4cae-a8a7-9f8ce2dbabaf</sln:miejscIIPId><sln:miejscIIPPn>PL.PZGIK.200</sln:miejscIIPPn><sln:miejscIIPWersja>2016-11-24T12:05:50+02:00</sln:miejscIIPWersja><sln:miejscIdTeryt>0692305</sln:miejscIdTeryt><sln:miejscNazwa>Stany Małe</sln:miejscNazwa><sln:miejscRodzaj>Wieś</sln:miejscRodzaj><sln:powIIPId>60f09523-3b8a-4b99-b112-9f6b6cf3c982</sln:powIIPId><sln:powIIPPn>PL.PZGIK.200</sln:powIIPPn><sln:powIIPWersja>2012-09-27T08:13:53+02:00</sln:powIIPWersja><sln:powIdTeryt>1426</sln:powIdTeryt><sln:powNazwa>siedlecki</sln:powNazwa><sln:waznyOd>2014-06-20T00:00:00+02:00</sln:waznyOd><sln:wojIIPId>4b6c492a-eb04-441d-a92a-f44359c06de7</sln:wojIIPId><sln:wojIIPPn>PL.PZGIK.200</sln:wojIIPPn><sln:wojIIPWersja>2012-09-27T13:45:13+02:00</sln:wojIIPWersja><sln:wojIdTeryt>14</sln:wojIdTeryt><sln:wojNazwa>mazowieckie</sln:wojNazwa></sln:miejscowosc><sln:miejscowosc><sln:cyklZyciaDo>2017-03-28T00:00:00+02:00</sln:cyklZyciaDo><sln:cyklZyciaOd>2016-08-24T00:00:00+02:00</sln:cyklZyciaOd><sln:gmIIPId>724fb9a4-d732-445c-9f08-90a1aac40a84</sln:gmIIPId><sln:gmIIPPn>PL.PZGIK.200</sln:gmIIPPn><sln:gmIIPWersja>2012-09-26T21:56:43+02:00</sln:gmIIPWersja><sln:gmIdTeryt>1426102</sln:gmIdTeryt><sln:gmNazwa>Suchożebry</sln:gmNazwa><sln:miejscIIPId>a16358b0-1d88-4e54-b28f-e45a16b17bb6</sln:miejscIIPId><sln:miejscIIPPn>PL.PZGIK.200</sln:miejscIIPPn><sln:miejscIIPWersja>2016-11-24T12:05:50+02:00</sln:miejscIIPWersja><sln:miejscIdTeryt>0692311</sln:miejscIdTeryt><sln:miejscNazwa>Suchożebry</sln:miejscNazwa><sln:miejscRodzaj>Wieś</sln:miejscRodzaj><sln:powIIPId>60f09523-3b8a-4b99-b112-9f6b6cf3c982</sln:powIIPId><sln:powIIPPn>PL.PZGIK.200</sln:powIIPPn><sln:powIIPWersja>2012-09-27T08:13:53+02:00</sln:powIIPWersja><sln:powIdTeryt>1426</sln:powIdTeryt><sln:powNazwa>siedlecki</sln:powNazwa><sln:waznyOd>2014-06-20T00:00:00+02:00</sln:waznyOd><sln:wojIIPId>4b6c492a-eb04-441d-a92a-f44359c06de7</sln:wojIIPId><sln:wojIIPPn>PL.PZGIK.200</sln:wojIIPPn><sln:wojIIPWersja>2012-09-27T13:45:13+02:00</sln:wojIIPWersja><sln:wojIdTeryt>14</sln:wojIdTeryt><sln:wojNazwa>mazowieckie</sln:wojNazwa></sln:miejscowosc><sln:miejscowosc><sln:cyklZyciaDo>2017-03-28T00:00:00+02:00</sln:cyklZyciaDo><sln:cyklZyciaOd>2016-08-24T00:00:00+02:00</sln:cyklZyciaOd><sln:gmIIPId>724fb9a4-d732-445c-9f08-90a1aac40a84</sln:gmIIPId><sln:gmIIPPn>PL.PZGIK.200</sln:gmIIPPn><sln:gmIIPWersja>2012-09-26T21:56:43+02:00</sln:gmIIPWersja><sln:gmIdTeryt>1426102</sln:gmIdTeryt><sln:gmNazwa>Suchożebry</sln:gmNazwa><sln:miejscIIPId>1bb87597-1cb7-40fb-835c-e3a0e4acd597</sln:miejscIIPId><sln:miejscIIPPn>PL.PZGIK.200</sln:miejscIIPPn><sln:miejscIIPWersja>2016-11-24T12:05:50+02:00</sln:miejscIIPWersja><sln:miejscIdTeryt>0692328</sln:miejscIdTeryt><sln:miejscNazwa>Wola Suchożebrska</sln:miejscNazwa><sln:miejscRodzaj>Wieś</sln:miejscRodzaj><sln:powIIPId>60f09523-3b8a-4b99-b112-9f6b6cf3c982</sln:powIIPId><sln:powIIPPn>PL.PZGIK.200</sln:powIIPPn><sln:powIIPWersja>2012-09-27T08:13:53+02:00</sln:powIIPWersja><sln:powIdTeryt>1426</sln:powIdTeryt><sln:powNazwa>siedlecki</sln:powNazwa><sln:waznyOd>2014-06-20T00:00:00+02:00</sln:waznyOd><sln:wojIIPId>4b6c492a-eb04-441d-a92a-f44359c06de7</sln:wojIIPId><sln:wojIIPPn>PL.PZGIK.200</sln:wojIIPPn><sln:wojIIPWersja>2012-09-27T13:45:13+02:00</sln:wojIIPWersja><sln:wojIdTeryt>14</sln:wojIdTeryt><sln:wojNazwa>mazowieckie</sln:wojNazwa></sln:miejscowosc><sln:miejscowosc><sln:cyklZyciaOd>2017-03-28T00:00:00+02:00</sln:cyklZyciaOd><sln:gmIIPId>724fb9a4-d732-445c-9f08-90a1aac40a84</sln:gmIIPId><sln:gmIIPPn>PL.PZGIK.200</sln:gmIIPPn><sln:gmIIPWersja>2012-09-26T21:56:43+02:00</sln:gmIIPWersja><sln:gmIdTeryt>1426102</sln:gmIdTeryt><sln:gmNazwa>Suchożebry</sln:gmNazwa><sln:miejscIIPId>a1f9c620-8c0d-40dc-872a-ebe86b06c0bc</sln:miejscIIPId><sln:miejscIIPPn>PL.PZGIK.200</sln:miejscIIPPn><sln:miejscIIPWersja>2017-03-28T11:29:16+02:00</sln:miejscIIPWersja><sln:miejscIdTeryt>0692156</sln:miejscIdTeryt><sln:miejscNazwa>Borki Siedleckie</sln:miejscNazwa><sln:miejscRodzaj>Wieś</sln:miejscRodzaj><sln:powIIPId>60f09523-3b8a-4b99-b112-9f6b6cf3c982</sln:powIIPId><sln:powIIPPn>PL.PZGIK.200</sln:powIIPPn><sln:powIIPWersja>2012-09-27T08:13:53+02:00</sln:powIIPWersja><sln:powIdTeryt>1426</sln:powIdTeryt><sln:powNazwa>siedlecki</sln:powNazwa><sln:waznyOd>2014-06-20T00:00:00+02:00</sln:waznyOd><sln:wojIIPId>4b6c492a-eb04-441d-a92a-f44359c06de7</sln:wojIIPId><sln:wojIIPPn>PL.PZGIK.200</sln:wojIIPPn><sln:wojIIPWersja>2012-09-27T13:45:13+02:00</sln:wojIIPWersja><sln:wojIdTeryt>14</sln:wojIdTeryt><sln:wojNazwa>mazowieckie</sln:wojNazwa></sln:miejscowosc><sln:miejscowosc><sln:cyklZyciaOd>2017-03-28T00:00:00+02:00</sln:cyklZyciaOd><sln:gmIIPId>724fb9a4-d732-445c-9f08-90a1aac40a84</sln:gmIIPId><sln:gmIIPPn>PL.PZGIK.200</sln:gmIIPPn><sln:gmIIPWersja>2012-09-26T21:56:43+02:00</sln:gmIIPWersja><sln:gmIdTeryt>1426102</sln:gmIdTeryt><sln:gmNazwa>Suchożebry</sln:gmNazwa><sln:miejscIIPId>32f688b3-bfe5-41c4-a222-37a057721fd8</sln:miejscIIPId><sln:miejscIIPPn>PL.PZGIK.200</sln:miejscIIPPn><sln:miejscIIPWersja>2017-03-28T11:29:23+02:00</sln:miejscIIPWersja><sln:miejscIdTeryt>0692162</sln:miejscIdTeryt><sln:miejscNazwa>Brzozów</sln:miejscNazwa><sln:miejscRodzaj>Wieś</sln:miejscRodzaj><sln:powIIPId>60f09523-3b8a-4b99-b112-9f6b6cf3c982</sln:powIIPId><sln:powIIPPn>PL.PZGIK.200</sln:powIIPPn><sln:powIIPWersja>2012-09-27T08:13:53+02:00</sln:powIIPWersja><sln:powIdTeryt>1426</sln:powIdTeryt><sln:powNazwa>siedlecki</sln:powNazwa><sln:waznyOd>2014-06-20T00:00:00+02:00</sln:waznyOd><sln:wojIIPId>4b6c492a-eb04-441d-a92a-f44359c06de7</sln:wojIIPId><sln:wojIIPPn>PL.PZGIK.200</sln:wojIIPPn><sln:wojIIPWersja>2012-09-27T13:45:13+02:00</sln:wojIIPWersja><sln:wojIdTeryt>14</sln:wojIdTeryt><sln:wojNazwa>mazowieckie</sln:wojNazwa></sln:miejscowosc><sln:miejscowosc><sln:cyklZyciaOd>2017-03-28T00:00:00+02:00</sln:cyklZyciaOd><sln:gmIIPId>724fb9a4-d732-445c-9f08-90a1aac40a84</sln:gmIIPId><sln:gmIIPPn>PL.PZGIK.200</sln:gmIIPPn><sln:gmIIPWersja>2012-09-26T21:56:43+02:00</sln:gmIIPWersja><sln:gmIdTeryt>1426102</sln:gmIdTeryt><sln:gmNazwa>Suchożebry</sln:gmNazwa><sln:miejscIIPId>050bae2f-d16b-4646-a952-6f3bb2e03574</sln:miejscIIPId><sln:miejscIIPPn>PL.PZGIK.200</sln:miejscIIPPn><sln:miejscIIPWersja>2017-03-28T11:29:24+02:00</sln:miejscIIPWersja><sln:miejscIdTeryt>0692179</sln:miejscIdTeryt><sln:miejscNazwa>Kopcie</sln:miejscNazwa><sln:miejscRodzaj>Wieś</sln:miejscRodzaj><sln:powIIPId>60f09523-3b8a-4b99-b112-9f6b6cf3c982</sln:powIIPId><sln:powIIPPn>PL.PZGIK.200</sln:powIIPPn><sln:powIIPWersja>2012-09-27T08:13:53+02:00</sln:powIIPWersja><sln:powIdTeryt>1426</sln:powIdTeryt><sln:powNazwa>siedlecki</sln:powNazwa><sln:waznyOd>2014-06-20T00:00:00+02:00</sln:waznyOd><sln:wojIIPId>4b6c492a-eb04-441d-a92a-f44359c06de7</sln:wojIIPId><sln:wojIIPPn>PL.PZGIK.200</sln:wojIIPPn><sln:wojIIPWersja>2012-09-27T13:45:13+02:00</sln:wojIIPWersja><sln:wojIdTeryt>14</sln:wojIdTeryt><sln:wojNazwa>mazowieckie</sln:wojNazwa></sln:miejscowosc><sln:miejscowosc><sln:cyklZyciaOd>2017-03-28T00:00:00+02:00</sln:cyklZyciaOd><sln:gmIIPId>724fb9a4-d732-445c-9f08-90a1aac40a84</sln:gmIIPId><sln:gmIIPPn>PL.PZGIK.200</sln:gmIIPPn><sln:gmIIPWersja>2012-09-26T21:56:43+02:00</sln:gmIIPWersja><sln:gmIdTeryt>1426102</sln:gmIdTeryt><sln:gmNazwa>Suchożebry</sln:gmNazwa><sln:miejscIIPId>8242bfbb-8e19-42af-9764-458e7bfad4fb</sln:miejscIIPId><sln:miejscIIPPn>PL.PZGIK.200</sln:miejscIIPPn><sln:miejscIIPWersja>2017-03-28T11:29:24+02:00</sln:miejscIIPWersja><sln:miejscIdTeryt>0692185</sln:miejscIdTeryt><sln:miejscNazwa>Kownaciska</sln:miejscNazwa><sln:miejscRodzaj>Wieś</sln:miejscRodzaj><sln:powIIPId>60f09523-3b8a-4b99-b112-9f6b6cf3c982</sln:powIIPId><sln:powIIPPn>PL.PZGIK.200</sln:powIIPPn><sln:powIIPWersja>2012-09-27T08:13:53+02:00</sln:powIIPWersja><sln:powIdTeryt>1426</sln:powIdTeryt><sln:powNazwa>siedlecki</sln:powNazwa><sln:waznyOd>2014-06-20T00:00:00+02:00</sln:waznyOd><sln:wojIIPId>4b6c492a-eb04-441d-a92a-f44359c06de7</sln:wojIIPId><sln:wojIIPPn>PL.PZGIK.200</sln:wojIIPPn><sln:wojIIPWersja>2012-09-27T13:45:13+02:00</sln:wojIIPWersja><sln:wojIdTeryt>14</sln:wojIdTeryt><sln:wojNazwa>mazowieckie</sln:wojNazwa></sln:miejscowosc><sln:miejscowosc><sln:cyklZyciaOd>2017-03-28T00:00:00+02:00</sln:cyklZyciaOd><sln:gmIIPId>724fb9a4-d732-445c-9f08-90a1aac40a84</sln:gmIIPId><sln:gmIIPPn>PL.PZGIK.200</sln:gmIIPPn><sln:gmIIPWersja>2012-09-26T21:56:43+02:00</sln:gmIIPWersja><sln:gmIdTeryt>1426102</sln:gmIdTeryt><sln:gmNazwa>Suchożebry</sln:gmNazwa><sln:miejscIIPId>38554be9-57af-4aee-8ae5-735c8aa19825</sln:miejscIIPId><sln:miejscIIPPn>PL.PZGIK.200</sln:miejscIIPPn><sln:miejscIIPWersja>2017-03-28T11:29:24+02:00</sln:miejscIIPWersja><sln:miejscIdTeryt>0692191</sln:miejscIdTeryt><sln:miejscNazwa>Krynica</sln:miejscNazwa><sln:miejscRodzaj>Wieś</sln:miejscRodzaj><sln:powIIPId>60f09523-3b8a-4b99-b112-9f6b6cf3c982</sln:powIIPId><sln:powIIPPn>PL.PZGIK.200</sln:powIIPPn><sln:powIIPWersja>2012-09-27T08:13:53+02:00</sln:powIIPWersja><sln:powIdTeryt>1426</sln:powIdTeryt><sln:powNazwa>siedlecki</sln:powNazwa><sln:waznyOd>2014-06-20T00:00:00+02:00</sln:waznyOd><sln:wojIIPId>4b6c492a-eb04-441d-a92a-f44359c06de7</sln:wojIIPId><sln:wojIIPPn>PL.PZGIK.200</sln:wojIIPPn><sln:wojIIPWersja>2012-09-27T13:45:13+02:00</sln:wojIIPWersja><sln:wojIdTeryt>14</sln:wojIdTeryt><sln:wojNazwa>mazowieckie</sln:wojNazwa></sln:miejscowosc><sln:miejscowosc><sln:cyklZyciaOd>2017-03-28T00:00:00+02:00</sln:cyklZyciaOd><sln:gmIIPId>724fb9a4-d732-445c-9f08-90a1aac40a84</sln:gmIIPId><sln:gmIIPPn>PL.PZGIK.200</sln:gmIIPPn><sln:gmIIPWersja>2012-09-26T21:56:43+02:00</sln:gmIIPWersja><sln:gmIdTeryt>1426102</sln:gmIdTeryt><sln:gmNazwa>Suchożebry</sln:gmNazwa><sln:miejscIIPId>ecc31355-50ec-4670-afe3-6bc53f449a0d</sln:miejscIIPId><sln:miejscIIPPn>PL.PZGIK.200</sln:miejscIIPPn><sln:miejscIIPWersja>2017-03-28T11:29:24+02:00</sln:miejscIIPWersja><sln:miejscIdTeryt>0692200</sln:miejscIdTeryt><sln:miejscNazwa>Krześlin</sln:miejscNazwa><sln:miejscRodzaj>Wieś</sln:miejscRodzaj><sln:powIIPId>60f09523-3b8a-4b99-b112-9f6b6cf3c982</sln:powIIPId><sln:powIIPPn>PL.PZGIK.200</sln:powIIPPn><sln:powIIPWersja>2012-09-27T08:13:53+02:00</sln:powIIPWersja><sln:powIdTeryt>1426</sln:powIdTeryt><sln:powNazwa>siedlecki</sln:powNazwa><sln:waznyOd>2014-06-20T00:00:00+02:00</sln:waznyOd><sln:wojIIPId>4b6c492a-eb04-441d-a92a-f44359c06de7</sln:wojIIPId><sln:wojIIPPn>PL.PZGIK.200</sln:wojIIPPn><sln:wojIIPWersja>2012-09-27T13:45:13+02:00</sln:wojIIPWersja><sln:wojIdTeryt>14</sln:wojIdTeryt><sln:wojNazwa>mazowieckie</sln:wojNazwa></sln:miejscowosc><sln:miejscowosc><sln:cyklZyciaOd>2017-03-28T00:00:00+02:00</sln:cyklZyciaOd><sln:gmIIPId>724fb9a4-d732-445c-9f08-90a1aac40a84</sln:gmIIPId><sln:gmIIPPn>PL.PZGIK.200</sln:gmIIPPn><sln:gmIIPWersja>2012-09-26T21:56:43+02:00</sln:gmIIPWersja><sln:gmIdTeryt>1426102</sln:gmIdTeryt><sln:gmNazwa>Suchożebry</sln:gmNazwa><sln:miejscIIPId>3609bd45-620d-4242-8c02-1f106e020453</sln:miejscIIPId><sln:miejscIIPPn>PL.PZGIK.200</sln:miejscIIPPn><sln:miejscIIPWersja>2017-03-28T11:29:24+02:00</sln:miejscIIPWersja><sln:miejscIdTeryt>0692216</sln:miejscIdTeryt><sln:miejscNazwa>Krześlinek</sln:miejscNazwa><sln:miejscRodzaj>Wieś</sln:miejscRodzaj><sln:powIIPId>60f09523-3b8a-4b99-b112-9f6b6cf3c982</sln:powIIPId><sln:powIIPPn>PL.PZGIK.200</sln:powIIPPn><sln:powIIPWersja>2012-09-27T08:13:53+02:00</sln:powIIPWersja><sln:powIdTeryt>1426</sln:powIdTeryt><sln:powNazwa>siedlecki</sln:powNazwa><sln:waznyOd>2014-06-20T00:00:00+02:00</sln:waznyOd><sln:wojIIPId>4b6c492a-eb04-441d-a92a-f44359c06de7</sln:wojIIPId><sln:wojIIPPn>PL.PZGIK.200</sln:wojIIPPn><sln:wojIIPWersja>2012-09-27T13:45:13+02:00</sln:wojIIPWersja><sln:wojIdTeryt>14</sln:wojIdTeryt><sln:wojNazwa>mazowieckie</sln:wojNazwa></sln:miejscowosc><sln:miejscowosc><sln:cyklZyciaOd>2017-03-28T00:00:00+02:00</sln:cyklZyciaOd><sln:gmIIPId>724fb9a4-d732-445c-9f08-90a1aac40a84</sln:gmIIPId><sln:gmIIPPn>PL.PZGIK.200</sln:gmIIPPn><sln:gmIIPWersja>2012-09-26T21:56:43+02:00</sln:gmIIPWersja><sln:gmIdTeryt>1426102</sln:gmIdTeryt><sln:gmNazwa>Suchożebry</sln:gmNazwa><sln:miejscIIPId>87b7daa5-f011-4660-b79d-3bb34ab0db56</sln:miejscIIPId><sln:miejscIIPPn>PL.PZGIK.200</sln:miejscIIPPn><sln:miejscIIPWersja>2017-03-28T11:29:24+02:00</sln:miejscIIPWersja><sln:miejscIdTeryt>0692222</sln:miejscIdTeryt><sln:miejscNazwa>Nakory</sln:miejscNazwa><sln:miejscRodzaj>Wieś</sln:miejscRodzaj><sln:powIIPId>60f09523-3b8a-4b99-b112-9f6b6cf3c982</sln:powIIPId><sln:powIIPPn>PL.PZGIK.200</sln:powIIPPn><sln:powIIPWersja>2012-09-27T08:13:53+02:00</sln:powIIPWersja><sln:powIdTeryt>1426</sln:powIdTeryt><sln:powNazwa>siedlecki</sln:powNazwa><sln:waznyOd>2014-06-20T00:00:00+02:00</sln:waznyOd><sln:wojIIPId>4b6c492a-eb04-441d-a92a-f44359c06de7</sln:wojIIPId><sln:wojIIPPn>PL.PZGIK.200</sln:wojIIPPn><sln:wojIIPWersja>2012-09-27T13:45:13+02:00</sln:wojIIPWersja><sln:wojIdTeryt>14</sln:wojIdTeryt><sln:wojNazwa>mazowieckie</sln:wojNazwa></sln:miejscowosc><sln:miejscowosc><sln:cyklZyciaOd>2017-03-28T00:00:00+02:00</sln:cyklZyciaOd><sln:gmIIPId>724fb9a4-d732-445c-9f08-90a1aac40a84</sln:gmIIPId><sln:gmIIPPn>PL.PZGIK.200</sln:gmIIPPn><sln:gmIIPWersja>2012-09-26T21:56:43+02:00</sln:gmIIPWersja><sln:gmIdTeryt>1426102</sln:gmIdTeryt><sln:gmNazwa>Suchożebry</sln:gmNazwa><sln:miejscIIPId>825ca0ed-626a-4612-aa74-792b621c4379</sln:miejscIIPId><sln:miejscIIPPn>PL.PZGIK.200</sln:miejscIIPPn><sln:miejscIIPWersja>2017-03-28T11:29:24+02:00</sln:miejscIIPWersja><sln:miejscIdTeryt>0692239</sln:miejscIdTeryt><sln:miejscNazwa>Podnieśno</sln:miejscNazwa><sln:miejscRodzaj>Wieś</sln:miejscRodzaj><sln:powIIPId>60f09523-3b8a-4b99-b112-9f6b6cf3c982</sln:powIIPId><sln:powIIPPn>PL.PZGIK.200</sln:powIIPPn><sln:powIIPWersja>2012-09-27T08:13:53+02:00</sln:powIIPWersja><sln:powIdTeryt>1426</sln:powIdTeryt><sln:powNazwa>siedlecki</sln:powNazwa><sln:waznyOd>2014-06-20T00:00:00+02:00</sln:waznyOd><sln:wojIIPId>4b6c492a-eb04-441d-a92a-f44359c06de7</sln:wojIIPId><sln:wojIIPPn>PL.PZGIK.200</sln:wojIIPPn><sln:wojIIPWersja>2012-09-27T13:45:13+02:00</sln:wojIIPWersja><sln:wojIdTeryt>14</sln:wojIdTeryt><sln:wojNazwa>mazowieckie</sln:wojNazwa></sln:miejscowosc><sln:miejscowosc><sln:cyklZyciaOd>2017-03-28T00:00:00+02:00</sln:cyklZyciaOd><sln:gmIIPId>724fb9a4-d732-445c-9f08-90a1aac40a84</sln:gmIIPId><sln:gmIIPPn>PL.PZGIK.200</sln:gmIIPPn><sln:gmIIPWersja>2012-09-26T21:56:43+02:00</sln:gmIIPWersja><sln:gmIdTeryt>1426102</sln:gmIdTeryt><sln:gmNazwa>Suchożebry</sln:gmNazwa><sln:miejscIIPId>218f957a-690d-4e4e-b79d-dd9630e1b0a7</sln:miejscIIPId><sln:miejscIIPPn>PL.PZGIK.200</sln:miejscIIPPn><sln:miejscIIPWersja>2017-03-28T11:29:24+02:00</sln:miejscIIPWersja><sln:miejscIdTeryt>0692245</sln:miejscIdTeryt><sln:miejscNazwa>Przygody</sln:miejscNazwa><sln:miejscRodzaj>Wieś</sln:miejscRodzaj><sln:powIIPId>60f09523-3b8a-4b99-b112-9f6b6cf3c982</sln:powIIPId><sln:powIIPPn>PL.PZGIK.200</sln:powIIPPn><sln:powIIPWersja>2012-09-27T08:13:53+02:00</sln:powIIPWersja><sln:powIdTeryt>1426</sln:powIdTeryt><sln:powNazwa>siedlecki</sln:powNazwa><sln:waznyOd>2014-06-20T00:00:00+02:00</sln:waznyOd><sln:wojIIPId>4b6c492a-eb04-441d-a92a-f44359c06de7</sln:wojIIPId><sln:wojIIPPn>PL.PZGIK.200</sln:wojIIPPn><sln:wojIIPWersja>2012-09-27T13:45:13+02:00</sln:wojIIPWersja><sln:wojIdTeryt>14</sln:wojIdTeryt><sln:wojNazwa>mazowieckie</sln:wojNazwa></sln:miejscowosc><sln:miejscowosc><sln:cyklZyciaOd>2017-03-28T00:00:00+02:00</sln:cyklZyciaOd><sln:gmIIPId>724fb9a4-d732-445c-9f08-90a1aac40a84</sln:gmIIPId><sln:gmIIPPn>PL.PZGIK.200</sln:gmIIPPn><sln:gmIIPWersja>2012-09-26T21:56:43+02:00</sln:gmIIPWersja><sln:gmIdTeryt>1426102</sln:gmIdTeryt><sln:gmNazwa>Suchożebry</sln:gmNazwa><sln:miejscIIPId>195be242-090d-4ba0-8323-de0bd24f1766</sln:miejscIIPId><sln:miejscIIPPn>PL.PZGIK.200</sln:miejscIIPPn><sln:miejscIIPWersja>2017-03-28T11:29:24+02:00</sln:miejscIIPWersja><sln:miejscIdTeryt>0692251</sln:miejscIdTeryt><sln:miejscNazwa>Sosna-Kicki</sln:miejscNazwa><sln:miejscRodzaj>Wieś</sln:miejscRodzaj><sln:powIIPId>60f09523-3b8a-4b99-b112-9f6b6cf3c982</sln:powIIPId><sln:powIIPPn>PL.PZGIK.200</sln:powIIPPn><sln:powIIPWersja>2012-09-27T08:13:53+02:00</sln:powIIPWersja><sln:powIdTeryt>1426</sln:powIdTeryt><sln:powNazwa>siedlecki</sln:powNazwa><sln:waznyOd>2014-06-20T00:00:00+02:00</sln:waznyOd><sln:wojIIPId>4b6c492a-eb04-441d-a92a-f44359c06de7</sln:wojIIPId><sln:wojIIPPn>PL.PZGIK.200</sln:wojIIPPn><sln:wojIIPWersja>2012-09-27T13:45:13+02:00</sln:wojIIPWersja><sln:wojIdTeryt>14</sln:wojIdTeryt><sln:wojNazwa>mazowieckie</sln:wojNazwa></sln:miejscowosc><sln:miejscowosc><sln:cyklZyciaOd>2017-03-28T00:00:00+02:00</sln:cyklZyciaOd><sln:gmIIPId>724fb9a4-d732-445c-9f08-90a1aac40a84</sln:gmIIPId><sln:gmIIPPn>PL.PZGIK.200</sln:gmIIPPn><sln:gmIIPWersja>2012-09-26T21:56:43+02:00</sln:gmIIPWersja><sln:gmIdTeryt>1426102</sln:gmIdTeryt><sln:gmNazwa>Suchożebry</sln:gmNazwa><sln:miejscIIPId>7440df66-7385-46c4-918e-255869d867ec</sln:miejscIIPId><sln:miejscIIPPn>PL.PZGIK.200</sln:miejscIIPPn><sln:miejscIIPWersja>2017-03-28T11:29:24+02:00</sln:miejscIIPWersja><sln:miejscIdTeryt>0692268</sln:miejscIdTeryt><sln:miejscNazwa>Sosna-Korabie</sln:miejscNazwa><sln:miejscRodzaj>Wieś</sln:miejscRodzaj><sln:powIIPId>60f09523-3b8a-4b99-b112-9f6b6cf3c982</sln:powIIPId><sln:powIIPPn>PL.PZGIK.200</sln:powIIPPn><sln:powIIPWersja>2012-09-27T08:13:53+02:00</sln:powIIPWersja><sln:powIdTeryt>1426</sln:powIdTeryt><sln:powNazwa>siedlecki</sln:powNazwa><sln:waznyOd>2014-06-20T00:00:00+02:00</sln:waznyOd><sln:wojIIPId>4b6c492a-eb04-441d-a92a-f44359c06de7</sln:wojIIPId><sln:wojIIPPn>PL.PZGIK.200</sln:wojIIPPn><sln:wojIIPWersja>2012-09-27T13:45:13+02:00</sln:wojIIPWersja><sln:wojIdTeryt>14</sln:wojIdTeryt><sln:wojNazwa>mazowieckie</sln:wojNazwa></sln:miejscowosc><sln:miejscowosc><sln:cyklZyciaOd>2017-03-28T00:00:00+02:00</sln:cyklZyciaOd><sln:gmIIPId>724fb9a4-d732-445c-9f08-90a1aac40a84</sln:gmIIPId><sln:gmIIPPn>PL.PZGIK.200</sln:gmIIPPn><sln:gmIIPWersja>2012-09-26T21:56:43+02:00</sln:gmIIPWersja><sln:gmIdTeryt>1426102</sln:gmIdTeryt><sln:gmNazwa>Suchożebry</sln:gmNazwa><sln:miejscIIPId>801cb625-9292-4847-a525-fdcf22726cb4</sln:miejscIIPId><sln:miejscIIPPn>PL.PZGIK.200</sln:miejscIIPPn><sln:miejscIIPWersja>2017-03-28T11:29:24+02:00</sln:miejscIIPWersja><sln:miejscIdTeryt>0692274</sln:miejscIdTeryt><sln:miejscNazwa>Sosna-Kozółki</sln:miejscNazwa><sln:miejscRodzaj>Wieś</sln:miejscRodzaj><sln:powIIPId>60f09523-3b8a-4b99-b112-9f6b6cf3c982</sln:powIIPId><sln:powIIPPn>PL.PZGIK.200</sln:powIIPPn><sln:powIIPWersja>2012-09-27T08:13:53+02:00</sln:powIIPWersja><sln:powIdTeryt>1426</sln:powIdTeryt><sln:powNazwa>siedlecki</sln:powNazwa><sln:waznyOd>2014-06-20T00:00:00+02:00</sln:waznyOd><sln:wojIIPId>4b6c492a-eb04-441d-a92a-f44359c06de7</sln:wojIIPId><sln:wojIIPPn>PL.PZGIK.200</sln:wojIIPPn><sln:wojIIPWersja>2012-09-27T13:45:13+02:00</sln:wojIIPWersja><sln:wojIdTeryt>14</sln:wojIdTeryt><sln:wojNazwa>mazowieckie</sln:wojNazwa></sln:miejscowosc><sln:miejscowosc><sln:cyklZyciaOd>2017-03-28T00:00:00+02:00</sln:cyklZyciaOd><sln:gmIIPId>724fb9a4-d732-445c-9f08-90a1aac40a84</sln:gmIIPId><sln:gmIIPPn>PL.PZGIK.200</sln:gmIIPPn><sln:gmIIPWersja>2012-09-26T21:56:43+02:00</sln:gmIIPWersja><sln:gmIdTeryt>1426102</sln:gmIdTeryt><sln:gmNazwa>Suchożebry</sln:gmNazwa><sln:miejscIIPId>4bfcf59e-f089-4cb7-af2e-9af53aebfae6</sln:miejscIIPId><sln:miejscIIPPn>PL.PZGIK.200</sln:miejscIIPPn><sln:miejscIIPWersja>2017-03-28T11:29:24+02:00</sln:miejscIIPWersja><sln:miejscIdTeryt>0692280</sln:miejscIdTeryt><sln:miejscNazwa>Sosna-Trojanki</sln:miejscNazwa><sln:miejscRodzaj>Wieś</sln:miejscRodzaj><sln:powIIPId>60f09523-3b8a-4b99-b112-9f6b6cf3c982</sln:powIIPId><sln:powIIPPn>PL.PZGIK.200</sln:powIIPPn><sln:powIIPWersja>2012-09-27T08:13:53+02:00</sln:powIIPWersja><sln:powIdTeryt>1426</sln:powIdTeryt><sln:powNazwa>siedlecki</sln:powNazwa><sln:waznyOd>2014-06-20T00:00:00+02:00</sln:waznyOd><sln:wojIIPId>4b6c492a-eb04-441d-a92a-f44359c06de7</sln:wojIIPId><sln:wojIIPPn>PL.PZGIK.200</sln:wojIIPPn><sln:wojIIPWersja>2012-09-27T13:45:13+02:00</sln:wojIIPWersja><sln:wojIdTeryt>14</sln:wojIdTeryt><sln:wojNazwa>mazowieckie</sln:wojNazwa></sln:miejscowosc><sln:miejscowosc><sln:cyklZyciaOd>2017-03-28T00:00:00+02:00</sln:cyklZyciaOd><sln:gmIIPId>724fb9a4-d732-445c-9f08-90a1aac40a84</sln:gmIIPId><sln:gmIIPPn>PL.PZGIK.200</sln:gmIIPPn><sln:gmIIPWersja>2012-09-26T21:56:43+02:00</sln:gmIIPWersja><sln:gmIdTeryt>1426102</sln:gmIdTeryt><sln:gmNazwa>Suchożebry</sln:gmNazwa><sln:miejscIIPId>d7e31e94-97b2-4fcc-97f3-6b98bd0c8ca2</sln:miejscIIPId><sln:miejscIIPPn>PL.PZGIK.200</sln:miejscIIPPn><sln:miejscIIPWersja>2017-03-28T11:29:24+02:00</sln:miejscIIPWersja><sln:miejscIdTeryt>0692297</sln:miejscIdTeryt><sln:miejscNazwa>Stany Duże</sln:miejscNazwa><sln:miejscRodzaj>Wieś</sln:miejscRodzaj><sln:powIIPId>60f09523-3b8a-4b99-b112-9f6b6cf3c982</sln:powIIPId><sln:powIIPPn>PL.PZGIK.200</sln:powIIPPn><sln:powIIPWersja>2012-09-27T08:13:53+02:00</sln:powIIPWersja><sln:powIdTeryt>1426</sln:powIdTeryt><sln:powNazwa>siedlecki</sln:powNazwa><sln:waznyOd>2014-06-20T00:00:00+02:00</sln:waznyOd><sln:wojIIPId>4b6c492a-eb04-441d-a92a-f44359c06de7</sln:wojIIPId><sln:wojIIPPn>PL.PZGIK.200</sln:wojIIPPn><sln:wojIIPWersja>2012-09-27T13:45:13+02:00</sln:wojIIPWersja><sln:wojIdTeryt>14</sln:wojIdTeryt><sln:wojNazwa>mazowieckie</sln:wojNazwa></sln:miejscowosc><sln:miejscowosc><sln:cyklZyciaOd>2017-03-28T00:00:00+02:00</sln:cyklZyciaOd><sln:gmIIPId>724fb9a4-d732-445c-9f08-90a1aac40a84</sln:gmIIPId><sln:gmIIPPn>PL.PZGIK.200</sln:gmIIPPn><sln:gmIIPWersja>2012-09-26T21:56:43+02:00</sln:gmIIPWersja><sln:gmIdTeryt>1426102</sln:gmIdTeryt><sln:gmNazwa>Suchożebry</sln:gmNazwa><sln:miejscIIPId>598f8d8c-d009-4cae-a8a7-9f8ce2dbabaf</sln:miejscIIPId><sln:miejscIIPPn>PL.PZGIK.200</sln:miejscIIPPn><sln:miejscIIPWersja>2017-03-28T11:29:25+02:00</sln:miejscIIPWersja><sln:miejscIdTeryt>0692305</sln:miejscIdTeryt><sln:miejscNazwa>Stany Małe</sln:miejscNazwa><sln:miejscRodzaj>Wieś</sln:miejscRodzaj><sln:powIIPId>60f09523-3b8a-4b99-b112-9f6b6cf3c982</sln:powIIPId><sln:powIIPPn>PL.PZGIK.200</sln:powIIPPn><sln:powIIPWersja>2012-09-27T08:13:53+02:00</sln:powIIPWersja><sln:powIdTeryt>1426</sln:powIdTeryt><sln:powNazwa>siedlecki</sln:powNazwa><sln:waznyOd>2014-06-20T00:00:00+02:00</sln:waznyOd><sln:wojIIPId>4b6c492a-eb04-441d-a92a-f44359c06de7</sln:wojIIPId><sln:wojIIPPn>PL.PZGIK.200</sln:wojIIPPn><sln:wojIIPWersja>2012-09-27T13:45:13+02:00</sln:wojIIPWersja><sln:wojIdTeryt>14</sln:wojIdTeryt><sln:wojNazwa>mazowieckie</sln:wojNazwa></sln:miejscowosc><sln:miejscowosc><sln:cyklZyciaOd>2017-03-28T00:00:00+02:00</sln:cyklZyciaOd><sln:gmIIPId>724fb9a4-d732-445c-9f08-90a1aac40a84</sln:gmIIPId><sln:gmIIPPn>PL.PZGIK.200</sln:gmIIPPn><sln:gmIIPWersja>2012-09-26T21:56:43+02:00</sln:gmIIPWersja><sln:gmIdTeryt>1426102</sln:gmIdTeryt><sln:gmNazwa>Suchożebry</sln:gmNazwa><sln:miejscIIPId>a16358b0-1d88-4e54-b28f-e45a16b17bb6</sln:miejscIIPId><sln:miejscIIPPn>PL.PZGIK.200</sln:miejscIIPPn><sln:miejscIIPWersja>2017-03-28T11:29:25+02:00</sln:miejscIIPWersja><sln:miejscIdTeryt>0692311</sln:miejscIdTeryt><sln:miejscNazwa>Suchożebry</sln:miejscNazwa><sln:miejscRodzaj>Wieś</sln:miejscRodzaj><sln:powIIPId>60f09523-3b8a-4b99-b112-9f6b6cf3c982</sln:powIIPId><sln:powIIPPn>PL.PZGIK.200</sln:powIIPPn><sln:powIIPWersja>2012-09-27T08:13:53+02:00</sln:powIIPWersja><sln:powIdTeryt>1426</sln:powIdTeryt><sln:powNazwa>siedlecki</sln:powNazwa><sln:waznyOd>2014-06-20T00:00:00+02:00</sln:waznyOd><sln:wojIIPId>4b6c492a-eb04-441d-a92a-f44359c06de7</sln:wojIIPId><sln:wojIIPPn>PL.PZGIK.200</sln:wojIIPPn><sln:wojIIPWersja>2012-09-27T13:45:13+02:00</sln:wojIIPWersja><sln:wojIdTeryt>14</sln:wojIdTeryt><sln:wojNazwa>mazowieckie</sln:wojNazwa></sln:miejscowosc><sln:miejscowosc><sln:cyklZyciaOd>2017-03-28T00:00:00+02:00</sln:cyklZyciaOd><sln:gmIIPId>724fb9a4-d732-445c-9f08-90a1aac40a84</sln:gmIIPId><sln:gmIIPPn>PL.PZGIK.200</sln:gmIIPPn><sln:gmIIPWersja>2012-09-26T21:56:43+02:00</sln:gmIIPWersja><sln:gmIdTeryt>1426102</sln:gmIdTeryt><sln:gmNazwa>Suchożebry</sln:gmNazwa><sln:miejscIIPId>1bb87597-1cb7-40fb-835c-e3a0e4acd597</sln:miejscIIPId><sln:miejscIIPPn>PL.PZGIK.200</sln:miejscIIPPn><sln:miejscIIPWersja>2017-03-28T11:29:25+02:00</sln:miejscIIPWersja><sln:miejscIdTeryt>0692328</sln:miejscIdTeryt><sln:miejscNazwa>Wola Suchożebrska</sln:miejscNazwa><sln:miejscRodzaj>Wieś</sln:miejscRodzaj><sln:powIIPId>60f09523-3b8a-4b99-b112-9f6b6cf3c982</sln:powIIPId><sln:powIIPPn>PL.PZGIK.200</sln:powIIPPn><sln:powIIPWersja>2012-09-27T08:13:53+02:00</sln:powIIPWersja><sln:powIdTeryt>1426</sln:powIdTeryt><sln:powNazwa>siedlecki</sln:powNazwa><sln:waznyOd>2014-06-20T00:00:00+02:00</sln:waznyOd><sln:wojIIPId>4b6c492a-eb04-441d-a92a-f44359c06de7</sln:wojIIPId><sln:wojIIPPn>PL.PZGIK.200</sln:wojIIPPn><sln:wojIIPWersja>2012-09-27T13:45:13+02:00</sln:wojIIPWersja><sln:wojIdTeryt>14</sln:wojIdTeryt><sln:wojNazwa>mazowieckie</sln:wojNazwa></sln:miejscowosc></sln:lista-miejscowosci>