<?xml version="1.0" encoding="UTF-8" standalone="yes"?><sln:lista-miejscowosci xmlns:srv="http://gugik.gov.pl/schemas/slowniki-service/1.0" xmlns:sln="http://gugik.gov.pl/schemas/slowniki-schema/1.0"><sln:miejscowosc><sln:cyklZyciaDo>2016-11-26T00:00:00+01:00</sln:cyklZyciaDo><sln:cyklZyciaOd>2014-10-10T00:00:00+02:00</sln:cyklZyciaOd><sln:gmIIPId>88b576bb-a415-460f-9fe7-880cdf59c2b1</sln:gmIIPId><sln:gmIIPPn>PL.PZGIK.200</sln:gmIIPPn><sln:gmIIPWersja>2012-09-26T21:57:08+02:00</sln:gmIIPWersja><sln:gmIdTeryt>1430022</sln:gmIdTeryt><sln:gmNazwa>Jastrząb</sln:gmNazwa><sln:miejscIIPId>285ba987-f5c3-4969-b502-4afd784e237c</sln:miejscIIPId><sln:miejscIIPPn>PL.PZGIK.200</sln:miejscIIPPn><sln:miejscIIPWersja>2016-11-24T13:37:11+02:00</sln:miejscIIPWersja><sln:miejscIdTeryt>0623965</sln:miejscIdTeryt><sln:miejscNazwa>Gąsawy Rządowe</sln:miejscNazwa><sln:miejscRodzaj>Wieś</sln:miejscRodzaj><sln:powIIPId>6f683b5e-f4c8-4c54-a428-c4260b5bc947</sln:powIIPId><sln:powIIPPn>PL.PZGIK.200</sln:powIIPPn><sln:powIIPWersja>2012-09-27T08:13:53+02:00</sln:powIIPWersja><sln:powIdTeryt>1430</sln:powIdTeryt><sln:powNazwa>szydłowiecki</sln:powNazwa><sln:wojIIPId>4b6c492a-eb04-441d-a92a-f44359c06de7</sln:wojIIPId><sln:wojIIPPn>PL.PZGIK.200</sln:wojIIPPn><sln:wojIIPWersja>2012-09-27T13:45:13+02:00</sln:wojIIPWersja><sln:wojIdTeryt>14</sln:wojIdTeryt><sln:wojNazwa>mazowieckie</sln:wojNazwa></sln:miejscowosc><sln:miejscowosc><sln:cyklZyciaDo>2016-11-26T00:00:00+01:00</sln:cyklZyciaDo><sln:cyklZyciaOd>2014-10-10T00:00:00+02:00</sln:cyklZyciaOd><sln:gmIIPId>88b576bb-a415-460f-9fe7-880cdf59c2b1</sln:gmIIPId><sln:gmIIPPn>PL.PZGIK.200</sln:gmIIPPn><sln:gmIIPWersja>2012-09-26T21:57:08+02:00</sln:gmIIPWersja><sln:gmIdTeryt>1430022</sln:gmIdTeryt><sln:gmNazwa>Jastrząb</sln:gmNazwa><sln:miejscIIPId>a2208b49-c4da-47d5-84fd-242cf738ccee</sln:miejscIIPId><sln:miejscIIPPn>PL.PZGIK.200</sln:miejscIIPPn><sln:miejscIIPWersja>2016-11-24T13:51:37+02:00</sln:miejscIIPWersja><sln:miejscIdTeryt>0624025</sln:miejscIdTeryt><sln:miejscNazwa>Lipienice Dolne</sln:miejscNazwa><sln:miejscRodzaj>Inny obiekt</sln:miejscRodzaj><sln:powIIPId>6f683b5e-f4c8-4c54-a428-c4260b5bc947</sln:powIIPId><sln:powIIPPn>PL.PZGIK.200</sln:powIIPPn><sln:powIIPWersja>2012-09-27T08:13:53+02:00</sln:powIIPWersja><sln:powIdTeryt>1430</sln:powIdTeryt><sln:powNazwa>szydłowiecki</sln:powNazwa><sln:wojIIPId>4b6c492a-eb04-441d-a92a-f44359c06de7</sln:wojIIPId><sln:wojIIPPn>PL.PZGIK.200</sln:wojIIPPn><sln:wojIIPWersja>2012-09-27T13:45:13+02:00</sln:wojIIPWersja><sln:wojIdTeryt>14</sln:wojIdTeryt><sln:wojNazwa>mazowieckie</sln:wojNazwa></sln:miejscowosc><sln:miejscowosc><sln:cyklZyciaDo>2016-11-26T00:00:00+01:00</sln:cyklZyciaDo><sln:cyklZyciaOd>2014-10-10T00:00:00+02:00</sln:cyklZyciaOd><sln:gmIIPId>88b576bb-a415-460f-9fe7-880cdf59c2b1</sln:gmIIPId><sln:gmIIPPn>PL.PZGIK.200</sln:gmIIPPn><sln:gmIIPWersja>2012-09-26T21:57:08+02:00</sln:gmIIPWersja><sln:gmIdTeryt>1430022</sln:gmIdTeryt><sln:gmNazwa>Jastrząb</sln:gmNazwa><sln:miejscIIPId>db796388-62a3-4ab4-a9b2-2e9747e653a4</sln:miejscIIPId><sln:miejscIIPPn>PL.PZGIK.200</sln:miejscIIPPn><sln:miejscIIPWersja>2016-11-24T13:51:37+02:00</sln:miejscIIPWersja><sln:miejscIdTeryt>0624031</sln:miejscIdTeryt><sln:miejscNazwa>Lipienice Górne</sln:miejscNazwa><sln:miejscRodzaj>Inny obiekt</sln:miejscRodzaj><sln:powIIPId>6f683b5e-f4c8-4c54-a428-c4260b5bc947</sln:powIIPId><sln:powIIPPn>PL.PZGIK.200</sln:powIIPPn><sln:powIIPWersja>2012-09-27T08:13:53+02:00</sln:powIIPWersja><sln:powIdTeryt>1430</sln:powIdTeryt><sln:powNazwa>szydłowiecki</sln:powNazwa><sln:wojIIPId>4b6c492a-eb04-441d-a92a-f44359c06de7</sln:wojIIPId><sln:wojIIPPn>PL.PZGIK.200</sln:wojIIPPn><sln:wojIIPWersja>2012-09-27T13:45:13+02:00</sln:wojIIPWersja><sln:wojIdTeryt>14</sln:wojIdTeryt><sln:wojNazwa>mazowieckie</sln:wojNazwa></sln:miejscowosc><sln:miejscowosc><sln:cyklZyciaDo>2016-11-26T00:00:00+01:00</sln:cyklZyciaDo><sln:cyklZyciaOd>2014-10-10T00:00:00+02:00</sln:cyklZyciaOd><sln:gmIIPId>88b576bb-a415-460f-9fe7-880cdf59c2b1</sln:gmIIPId><sln:gmIIPPn>PL.PZGIK.200</sln:gmIIPPn><sln:gmIIPWersja>2012-09-26T21:57:08+02:00</sln:gmIIPWersja><sln:gmIdTeryt>1430022</sln:gmIdTeryt><sln:gmNazwa>Jastrząb</sln:gmNazwa><sln:miejscIIPId>23b4ac90-ba58-494b-bb3e-2938d760235a</sln:miejscIIPId><sln:miejscIIPPn>PL.PZGIK.200</sln:miejscIIPPn><sln:miejscIIPWersja>2016-11-24T13:43:58+02:00</sln:miejscIIPWersja><sln:miejscIdTeryt>0624060</sln:miejscIdTeryt><sln:miejscNazwa>Orłów</sln:miejscNazwa><sln:miejscRodzaj>Wieś</sln:miejscRodzaj><sln:powIIPId>6f683b5e-f4c8-4c54-a428-c4260b5bc947</sln:powIIPId><sln:powIIPPn>PL.PZGIK.200</sln:powIIPPn><sln:powIIPWersja>2012-09-27T08:13:53+02:00</sln:powIIPWersja><sln:powIdTeryt>1430</sln:powIdTeryt><sln:powNazwa>szydłowiecki</sln:powNazwa><sln:wojIIPId>4b6c492a-eb04-441d-a92a-f44359c06de7</sln:wojIIPId><sln:wojIIPPn>PL.PZGIK.200</sln:wojIIPPn><sln:wojIIPWersja>2012-09-27T13:45:13+02:00</sln:wojIIPWersja><sln:wojIdTeryt>14</sln:wojIdTeryt><sln:wojNazwa>mazowieckie</sln:wojNazwa></sln:miejscowosc><sln:miejscowosc><sln:cyklZyciaDo>2016-11-26T00:00:00+01:00</sln:cyklZyciaDo><sln:cyklZyciaOd>2014-10-10T00:00:00+02:00</sln:cyklZyciaOd><sln:gmIIPId>88b576bb-a415-460f-9fe7-880cdf59c2b1</sln:gmIIPId><sln:gmIIPPn>PL.PZGIK.200</sln:gmIIPPn><sln:gmIIPWersja>2012-09-26T21:57:08+02:00</sln:gmIIPWersja><sln:gmIdTeryt>1430022</sln:gmIdTeryt><sln:gmNazwa>Jastrząb</sln:gmNazwa><sln:miejscIIPId>a5d3907e-4e68-4933-8b07-430f249ca478</sln:miejscIIPId><sln:miejscIIPPn>PL.PZGIK.200</sln:miejscIIPPn><sln:miejscIIPWersja>2016-11-24T13:33:33+02:00</sln:miejscIIPWersja><sln:miejscIdTeryt>0624083</sln:miejscIdTeryt><sln:miejscNazwa>Wola Lipieniecka Duża</sln:miejscNazwa><sln:miejscRodzaj>Wieś</sln:miejscRodzaj><sln:powIIPId>6f683b5e-f4c8-4c54-a428-c4260b5bc947</sln:powIIPId><sln:powIIPPn>PL.PZGIK.200</sln:powIIPPn><sln:powIIPWersja>2012-09-27T08:13:53+02:00</sln:powIIPWersja><sln:powIdTeryt>1430</sln:powIdTeryt><sln:powNazwa>szydłowiecki</sln:powNazwa><sln:wojIIPId>4b6c492a-eb04-441d-a92a-f44359c06de7</sln:wojIIPId><sln:wojIIPPn>PL.PZGIK.200</sln:wojIIPPn><sln:wojIIPWersja>2012-09-27T13:45:13+02:00</sln:wojIIPWersja><sln:wojIdTeryt>14</sln:wojIdTeryt><sln:wojNazwa>mazowieckie</sln:wojNazwa></sln:miejscowosc><sln:miejscowosc><sln:cyklZyciaDo>2016-11-26T00:00:00+01:00</sln:cyklZyciaDo><sln:cyklZyciaOd>2014-10-10T00:00:00+02:00</sln:cyklZyciaOd><sln:gmIIPId>88b576bb-a415-460f-9fe7-880cdf59c2b1</sln:gmIIPId><sln:gmIIPPn>PL.PZGIK.200</sln:gmIIPPn><sln:gmIIPWersja>2012-09-26T21:57:08+02:00</sln:gmIIPWersja><sln:gmIdTeryt>1430022</sln:gmIdTeryt><sln:gmNazwa>Jastrząb</sln:gmNazwa><sln:miejscIIPId>30c0aab3-7d44-4efe-884a-65d9861bffc7</sln:miejscIIPId><sln:miejscIIPPn>PL.PZGIK.200</sln:miejscIIPPn><sln:miejscIIPWersja>2016-11-24T13:33:33+02:00</sln:miejscIIPWersja><sln:miejscIdTeryt>0624090</sln:miejscIdTeryt><sln:miejscNazwa>Wola Lipieniecka Mała</sln:miejscNazwa><sln:miejscRodzaj>Wieś</sln:miejscRodzaj><sln:powIIPId>6f683b5e-f4c8-4c54-a428-c4260b5bc947</sln:powIIPId><sln:powIIPPn>PL.PZGIK.200</sln:powIIPPn><sln:powIIPWersja>2012-09-27T08:13:53+02:00</sln:powIIPWersja><sln:powIdTeryt>1430</sln:powIdTeryt><sln:powNazwa>szydłowiecki</sln:powNazwa><sln:wojIIPId>4b6c492a-eb04-441d-a92a-f44359c06de7</sln:wojIIPId><sln:wojIIPPn>PL.PZGIK.200</sln:wojIIPPn><sln:wojIIPWersja>2012-09-27T13:45:13+02:00</sln:wojIIPWersja><sln:wojIdTeryt>14</sln:wojIdTeryt><sln:wojNazwa>mazowieckie</sln:wojNazwa></sln:miejscowosc><sln:miejscowosc><sln:cyklZyciaDo>2016-11-26T00:00:00+01:00</sln:cyklZyciaDo><sln:cyklZyciaOd>2014-10-10T00:00:00+02:00</sln:cyklZyciaOd><sln:gmIIPId>88b576bb-a415-460f-9fe7-880cdf59c2b1</sln:gmIIPId><sln:gmIIPPn>PL.PZGIK.200</sln:gmIIPPn><sln:gmIIPWersja>2012-09-26T21:57:08+02:00</sln:gmIIPWersja><sln:gmIdTeryt>1430022</sln:gmIdTeryt><sln:gmNazwa>Jastrząb</sln:gmNazwa><sln:miejscIIPId>3fc72577-4706-42eb-af2c-4ff740e7d399</sln:miejscIIPId><sln:miejscIIPPn>PL.PZGIK.200</sln:miejscIIPPn><sln:miejscIIPWersja>2016-11-24T13:37:11+02:00</sln:miejscIIPWersja><sln:miejscIdTeryt>0623959</sln:miejscIdTeryt><sln:miejscNazwa>Gąsawy Plebańskie</sln:miejscNazwa><sln:miejscRodzaj>Wieś</sln:miejscRodzaj><sln:powIIPId>6f683b5e-f4c8-4c54-a428-c4260b5bc947</sln:powIIPId><sln:powIIPPn>PL.PZGIK.200</sln:powIIPPn><sln:powIIPWersja>2012-09-27T08:13:53+02:00</sln:powIIPWersja><sln:powIdTeryt>1430</sln:powIdTeryt><sln:powNazwa>szydłowiecki</sln:powNazwa><sln:wojIIPId>4b6c492a-eb04-441d-a92a-f44359c06de7</sln:wojIIPId><sln:wojIIPPn>PL.PZGIK.200</sln:wojIIPPn><sln:wojIIPWersja>2012-09-27T13:45:13+02:00</sln:wojIIPWersja><sln:wojIdTeryt>14</sln:wojIdTeryt><sln:wojNazwa>mazowieckie</sln:wojNazwa></sln:miejscowosc><sln:miejscowosc><sln:cyklZyciaDo>2016-11-26T00:00:00+01:00</sln:cyklZyciaDo><sln:cyklZyciaOd>2014-10-10T00:00:00+02:00</sln:cyklZyciaOd><sln:gmIIPId>88b576bb-a415-460f-9fe7-880cdf59c2b1</sln:gmIIPId><sln:gmIIPPn>PL.PZGIK.200</sln:gmIIPPn><sln:gmIIPWersja>2012-09-26T21:57:08+02:00</sln:gmIIPWersja><sln:gmIdTeryt>1430022</sln:gmIdTeryt><sln:gmNazwa>Jastrząb</sln:gmNazwa><sln:miejscIIPId>8c928784-5c0e-4b1f-afcb-0873f5795675</sln:miejscIIPId><sln:miejscIIPPn>PL.PZGIK.200</sln:miejscIIPPn><sln:miejscIIPWersja>2016-11-24T13:38:37+02:00</sln:miejscIIPWersja><sln:miejscIdTeryt>0623988</sln:miejscIdTeryt><sln:miejscNazwa>Jastrząb</sln:miejscNazwa><sln:miejscRodzaj>Wieś</sln:miejscRodzaj><sln:powIIPId>6f683b5e-f4c8-4c54-a428-c4260b5bc947</sln:powIIPId><sln:powIIPPn>PL.PZGIK.200</sln:powIIPPn><sln:powIIPWersja>2012-09-27T08:13:53+02:00</sln:powIIPWersja><sln:powIdTeryt>1430</sln:powIdTeryt><sln:powNazwa>szydłowiecki</sln:powNazwa><sln:wojIIPId>4b6c492a-eb04-441d-a92a-f44359c06de7</sln:wojIIPId><sln:wojIIPPn>PL.PZGIK.200</sln:wojIIPPn><sln:wojIIPWersja>2012-09-27T13:45:13+02:00</sln:wojIIPWersja><sln:wojIdTeryt>14</sln:wojIdTeryt><sln:wojNazwa>mazowieckie</sln:wojNazwa></sln:miejscowosc><sln:miejscowosc><sln:cyklZyciaDo>2016-11-26T00:00:00+01:00</sln:cyklZyciaDo><sln:cyklZyciaOd>2014-10-10T00:00:00+02:00</sln:cyklZyciaOd><sln:gmIIPId>88b576bb-a415-460f-9fe7-880cdf59c2b1</sln:gmIIPId><sln:gmIIPPn>PL.PZGIK.200</sln:gmIIPPn><sln:gmIIPWersja>2012-09-26T21:57:08+02:00</sln:gmIIPWersja><sln:gmIdTeryt>1430022</sln:gmIdTeryt><sln:gmNazwa>Jastrząb</sln:gmNazwa><sln:miejscIIPId>a6c180b4-1ea3-476c-b307-d79897ad7f48</sln:miejscIIPId><sln:miejscIIPPn>PL.PZGIK.200</sln:miejscIIPPn><sln:miejscIIPWersja>2016-11-24T13:40:50+02:00</sln:miejscIIPWersja><sln:miejscIdTeryt>0624002</sln:miejscIdTeryt><sln:miejscNazwa>Kuźnia</sln:miejscNazwa><sln:miejscRodzaj>Wieś</sln:miejscRodzaj><sln:powIIPId>6f683b5e-f4c8-4c54-a428-c4260b5bc947</sln:powIIPId><sln:powIIPPn>PL.PZGIK.200</sln:powIIPPn><sln:powIIPWersja>2012-09-27T08:13:53+02:00</sln:powIIPWersja><sln:powIdTeryt>1430</sln:powIdTeryt><sln:powNazwa>szydłowiecki</sln:powNazwa><sln:wojIIPId>4b6c492a-eb04-441d-a92a-f44359c06de7</sln:wojIIPId><sln:wojIIPPn>PL.PZGIK.200</sln:wojIIPPn><sln:wojIIPWersja>2012-09-27T13:45:13+02:00</sln:wojIIPWersja><sln:wojIdTeryt>14</sln:wojIdTeryt><sln:wojNazwa>mazowieckie</sln:wojNazwa></sln:miejscowosc><sln:miejscowosc><sln:cyklZyciaDo>2016-11-26T00:00:00+01:00</sln:cyklZyciaDo><sln:cyklZyciaOd>2014-10-10T00:00:00+02:00</sln:cyklZyciaOd><sln:gmIIPId>88b576bb-a415-460f-9fe7-880cdf59c2b1</sln:gmIIPId><sln:gmIIPPn>PL.PZGIK.200</sln:gmIIPPn><sln:gmIIPWersja>2012-09-26T21:57:08+02:00</sln:gmIIPWersja><sln:gmIdTeryt>1430022</sln:gmIdTeryt><sln:gmNazwa>Jastrząb</sln:gmNazwa><sln:miejscIIPId>50f0840f-8c95-4b3d-a151-55716b1c448b</sln:miejscIIPId><sln:miejscIIPPn>PL.PZGIK.200</sln:miejscIIPPn><sln:miejscIIPWersja>2016-11-24T13:37:11+02:00</sln:miejscIIPWersja><sln:miejscIdTeryt>0624048</sln:miejscIdTeryt><sln:miejscNazwa>Gąsawy Rządowe-Niwy</sln:miejscNazwa><sln:miejscRodzaj>Wieś</sln:miejscRodzaj><sln:powIIPId>6f683b5e-f4c8-4c54-a428-c4260b5bc947</sln:powIIPId><sln:powIIPPn>PL.PZGIK.200</sln:powIIPPn><sln:powIIPWersja>2012-09-27T08:13:53+02:00</sln:powIIPWersja><sln:powIdTeryt>1430</sln:powIdTeryt><sln:powNazwa>szydłowiecki</sln:powNazwa><sln:wojIIPId>4b6c492a-eb04-441d-a92a-f44359c06de7</sln:wojIIPId><sln:wojIIPPn>PL.PZGIK.200</sln:wojIIPPn><sln:wojIIPWersja>2012-09-27T13:45:13+02:00</sln:wojIIPWersja><sln:wojIdTeryt>14</sln:wojIdTeryt><sln:wojNazwa>mazowieckie</sln:wojNazwa></sln:miejscowosc><sln:miejscowosc><sln:cyklZyciaDo>2016-11-26T00:00:00+01:00</sln:cyklZyciaDo><sln:cyklZyciaOd>2014-10-10T00:00:00+02:00</sln:cyklZyciaOd><sln:gmIIPId>88b576bb-a415-460f-9fe7-880cdf59c2b1</sln:gmIIPId><sln:gmIIPPn>PL.PZGIK.200</sln:gmIIPPn><sln:gmIIPWersja>2012-09-26T21:57:08+02:00</sln:gmIIPWersja><sln:gmIdTeryt>1430022</sln:gmIdTeryt><sln:gmNazwa>Jastrząb</sln:gmNazwa><sln:miejscIIPId>3b56472b-1002-40f2-aac1-afe164c40258</sln:miejscIIPId><sln:miejscIIPPn>PL.PZGIK.200</sln:miejscIIPPn><sln:miejscIIPWersja>2016-11-24T13:40:50+02:00</sln:miejscIIPWersja><sln:miejscIdTeryt>0623994</sln:miejscIdTeryt><sln:miejscNazwa>Kolonia Kuźnia</sln:miejscNazwa><sln:miejscRodzaj>Wieś</sln:miejscRodzaj><sln:powIIPId>6f683b5e-f4c8-4c54-a428-c4260b5bc947</sln:powIIPId><sln:powIIPPn>PL.PZGIK.200</sln:powIIPPn><sln:powIIPWersja>2012-09-27T08:13:53+02:00</sln:powIIPWersja><sln:powIdTeryt>1430</sln:powIdTeryt><sln:powNazwa>szydłowiecki</sln:powNazwa><sln:wojIIPId>4b6c492a-eb04-441d-a92a-f44359c06de7</sln:wojIIPId><sln:wojIIPPn>PL.PZGIK.200</sln:wojIIPPn><sln:wojIIPWersja>2012-09-27T13:45:13+02:00</sln:wojIIPWersja><sln:wojIdTeryt>14</sln:wojIdTeryt><sln:wojNazwa>mazowieckie</sln:wojNazwa></sln:miejscowosc><sln:miejscowosc><sln:cyklZyciaDo>2016-11-26T00:00:00+01:00</sln:cyklZyciaDo><sln:cyklZyciaOd>2014-10-10T00:00:00+02:00</sln:cyklZyciaOd><sln:gmIIPId>88b576bb-a415-460f-9fe7-880cdf59c2b1</sln:gmIIPId><sln:gmIIPPn>PL.PZGIK.200</sln:gmIIPPn><sln:gmIIPWersja>2012-09-26T21:57:08+02:00</sln:gmIIPWersja><sln:gmIdTeryt>1430022</sln:gmIdTeryt><sln:gmNazwa>Jastrząb</sln:gmNazwa><sln:miejscIIPId>3a73a14e-d40d-4d77-a02f-1de0ef03218b</sln:miejscIIPId><sln:miejscIIPPn>PL.PZGIK.200</sln:miejscIIPPn><sln:miejscIIPWersja>2016-11-24T13:43:33+02:00</sln:miejscIIPWersja><sln:miejscIdTeryt>0624054</sln:miejscIdTeryt><sln:miejscNazwa>Nowy Dwór</sln:miejscNazwa><sln:miejscRodzaj>Wieś</sln:miejscRodzaj><sln:powIIPId>6f683b5e-f4c8-4c54-a428-c4260b5bc947</sln:powIIPId><sln:powIIPPn>PL.PZGIK.200</sln:powIIPPn><sln:powIIPWersja>2012-09-27T08:13:53+02:00</sln:powIIPWersja><sln:powIdTeryt>1430</sln:powIdTeryt><sln:powNazwa>szydłowiecki</sln:powNazwa><sln:wojIIPId>4b6c492a-eb04-441d-a92a-f44359c06de7</sln:wojIIPId><sln:wojIIPPn>PL.PZGIK.200</sln:wojIIPPn><sln:wojIIPWersja>2012-09-27T13:45:13+02:00</sln:wojIIPWersja><sln:wojIdTeryt>14</sln:wojIdTeryt><sln:wojNazwa>mazowieckie</sln:wojNazwa></sln:miejscowosc><sln:miejscowosc><sln:cyklZyciaDo>2016-11-26T00:00:00+01:00</sln:cyklZyciaDo><sln:cyklZyciaOd>2014-10-10T00:00:00+02:00</sln:cyklZyciaOd><sln:gmIIPId>88b576bb-a415-460f-9fe7-880cdf59c2b1</sln:gmIIPId><sln:gmIIPPn>PL.PZGIK.200</sln:gmIIPPn><sln:gmIIPWersja>2012-09-26T21:57:08+02:00</sln:gmIIPWersja><sln:gmIdTeryt>1430022</sln:gmIdTeryt><sln:gmNazwa>Jastrząb</sln:gmNazwa><sln:miejscIIPId>c6109d8c-f5d6-4c95-a1b2-9857447b292f</sln:miejscIIPId><sln:miejscIIPPn>PL.PZGIK.200</sln:miejscIIPPn><sln:miejscIIPWersja>2016-11-24T13:53:54+02:00</sln:miejscIIPWersja><sln:miejscIdTeryt>0623971</sln:miejscIdTeryt><sln:miejscNazwa>Kurkoć</sln:miejscNazwa><sln:miejscRodzaj>Inny obiekt</sln:miejscRodzaj><sln:powIIPId>6f683b5e-f4c8-4c54-a428-c4260b5bc947</sln:powIIPId><sln:powIIPPn>PL.PZGIK.200</sln:powIIPPn><sln:powIIPWersja>2012-09-27T08:13:53+02:00</sln:powIIPWersja><sln:powIdTeryt>1430</sln:powIdTeryt><sln:powNazwa>szydłowiecki</sln:powNazwa><sln:wojIIPId>4b6c492a-eb04-441d-a92a-f44359c06de7</sln:wojIIPId><sln:wojIIPPn>PL.PZGIK.200</sln:wojIIPPn><sln:wojIIPWersja>2012-09-27T13:45:13+02:00</sln:wojIIPWersja><sln:wojIdTeryt>14</sln:wojIdTeryt><sln:wojNazwa>mazowieckie</sln:wojNazwa></sln:miejscowosc><sln:miejscowosc><sln:cyklZyciaDo>2016-11-26T00:00:00+01:00</sln:cyklZyciaDo><sln:cyklZyciaOd>2014-10-10T00:00:00+02:00</sln:cyklZyciaOd><sln:gmIIPId>88b576bb-a415-460f-9fe7-880cdf59c2b1</sln:gmIIPId><sln:gmIIPPn>PL.PZGIK.200</sln:gmIIPPn><sln:gmIIPWersja>2012-09-26T21:57:08+02:00</sln:gmIIPWersja><sln:gmIdTeryt>1430022</sln:gmIdTeryt><sln:gmNazwa>Jastrząb</sln:gmNazwa><sln:miejscIIPId>d6d9ed8a-528e-4c92-8392-c6685f0d8da8</sln:miejscIIPId><sln:miejscIIPPn>PL.PZGIK.200</sln:miejscIIPPn><sln:miejscIIPWersja>2016-11-24T13:32:07+02:00</sln:miejscIIPWersja><sln:miejscIdTeryt>0624077</sln:miejscIdTeryt><sln:miejscNazwa>Śmiłów</sln:miejscNazwa><sln:miejscRodzaj>Wieś</sln:miejscRodzaj><sln:powIIPId>6f683b5e-f4c8-4c54-a428-c4260b5bc947</sln:powIIPId><sln:powIIPPn>PL.PZGIK.200</sln:powIIPPn><sln:powIIPWersja>2012-09-27T08:13:53+02:00</sln:powIIPWersja><sln:powIdTeryt>1430</sln:powIdTeryt><sln:powNazwa>szydłowiecki</sln:powNazwa><sln:wojIIPId>4b6c492a-eb04-441d-a92a-f44359c06de7</sln:wojIIPId><sln:wojIIPPn>PL.PZGIK.200</sln:wojIIPPn><sln:wojIIPWersja>2012-09-27T13:45:13+02:00</sln:wojIIPWersja><sln:wojIdTeryt>14</sln:wojIdTeryt><sln:wojNazwa>mazowieckie</sln:wojNazwa></sln:miejscowosc><sln:miejscowosc><sln:cyklZyciaDo>2016-11-26T00:00:00+01:00</sln:cyklZyciaDo><sln:cyklZyciaOd>2014-10-10T00:00:00+02:00</sln:cyklZyciaOd><sln:gmIIPId>88b576bb-a415-460f-9fe7-880cdf59c2b1</sln:gmIIPId><sln:gmIIPPn>PL.PZGIK.200</sln:gmIIPPn><sln:gmIIPWersja>2012-09-26T21:57:08+02:00</sln:gmIIPWersja><sln:gmIdTeryt>1430022</sln:gmIdTeryt><sln:gmNazwa>Jastrząb</sln:gmNazwa><sln:miejscIIPId>41888f37-3a61-4f0e-9775-6d4d58196ca0</sln:miejscIIPId><sln:miejscIIPPn>PL.PZGIK.200</sln:miejscIIPPn><sln:miejscIIPWersja>2016-11-24T13:35:30+02:00</sln:miejscIIPWersja><sln:miejscIdTeryt>0624019</sln:miejscIdTeryt><sln:miejscNazwa>Lipienice</sln:miejscNazwa><sln:miejscRodzaj>Wieś</sln:miejscRodzaj><sln:powIIPId>6f683b5e-f4c8-4c54-a428-c4260b5bc947</sln:powIIPId><sln:powIIPPn>PL.PZGIK.200</sln:powIIPPn><sln:powIIPWersja>2012-09-27T08:13:53+02:00</sln:powIIPWersja><sln:powIdTeryt>1430</sln:powIdTeryt><sln:powNazwa>szydłowiecki</sln:powNazwa><sln:wojIIPId>4b6c492a-eb04-441d-a92a-f44359c06de7</sln:wojIIPId><sln:wojIIPPn>PL.PZGIK.200</sln:wojIIPPn><sln:wojIIPWersja>2012-09-27T13:45:13+02:00</sln:wojIIPWersja><sln:wojIdTeryt>14</sln:wojIdTeryt><sln:wojNazwa>mazowieckie</sln:wojNazwa></sln:miejscowosc><sln:miejscowosc><sln:cyklZyciaDo>2016-11-26T00:00:00+01:00</sln:cyklZyciaDo><sln:cyklZyciaOd>2014-10-10T00:00:00+02:00</sln:cyklZyciaOd><sln:gmIIPId>88b576bb-a415-460f-9fe7-880cdf59c2b1</sln:gmIIPId><sln:gmIIPPn>PL.PZGIK.200</sln:gmIIPPn><sln:gmIIPWersja>2012-09-26T21:57:08+02:00</sln:gmIIPWersja><sln:gmIdTeryt>1430022</sln:gmIdTeryt><sln:gmNazwa>Jastrząb</sln:gmNazwa><sln:miejscIIPId>594f4d5a-3963-48c5-b867-613e69e12500</sln:miejscIIPId><sln:miejscIIPPn>PL.PZGIK.200</sln:miejscIIPPn><sln:miejscIIPWersja>2016-11-24T13:44:34+02:00</sln:miejscIIPWersja><sln:miejscIdTeryt>3019190</sln:miejscIdTeryt><sln:miejscNazwa>Bukownica</sln:miejscNazwa><sln:miejscRodzaj>Inny obiekt</sln:miejscRodzaj><sln:powIIPId>6f683b5e-f4c8-4c54-a428-c4260b5bc947</sln:powIIPId><sln:powIIPPn>PL.PZGIK.200</sln:powIIPPn><sln:powIIPWersja>2012-09-27T08:13:53+02:00</sln:powIIPWersja><sln:powIdTeryt>1430</sln:powIdTeryt><sln:powNazwa>szydłowiecki</sln:powNazwa><sln:wojIIPId>4b6c492a-eb04-441d-a92a-f44359c06de7</sln:wojIIPId><sln:wojIIPPn>PL.PZGIK.200</sln:wojIIPPn><sln:wojIIPWersja>2012-09-27T13:45:13+02:00</sln:wojIIPWersja><sln:wojIdTeryt>14</sln:wojIdTeryt><sln:wojNazwa>mazowieckie</sln:wojNazwa></sln:miejscowosc><sln:miejscowosc><sln:cyklZyciaDo>2017-04-20T00:00:00+02:00</sln:cyklZyciaDo><sln:cyklZyciaOd>2016-11-26T00:00:00+01:00</sln:cyklZyciaOd><sln:gmIIPId>88b576bb-a415-460f-9fe7-880cdf59c2b1</sln:gmIIPId><sln:gmIIPPn>PL.PZGIK.200</sln:gmIIPPn><sln:gmIIPWersja>2012-09-26T21:57:08+02:00</sln:gmIIPWersja><sln:gmIdTeryt>1430022</sln:gmIdTeryt><sln:gmNazwa>Jastrząb</sln:gmNazwa><sln:miejscIIPId>d6d9ed8a-528e-4c92-8392-c6685f0d8da8</sln:miejscIIPId><sln:miejscIIPPn>PL.PZGIK.200</sln:miejscIIPPn><sln:miejscIIPWersja>2016-11-26T18:50:52+02:00</sln:miejscIIPWersja><sln:miejscIdTeryt>0624077</sln:miejscIdTeryt><sln:miejscNazwa>Śmiłów</sln:miejscNazwa><sln:miejscRodzaj>Wieś</sln:miejscRodzaj><sln:powIIPId>6f683b5e-f4c8-4c54-a428-c4260b5bc947</sln:powIIPId><sln:powIIPPn>PL.PZGIK.200</sln:powIIPPn><sln:powIIPWersja>2012-09-27T08:13:53+02:00</sln:powIIPWersja><sln:powIdTeryt>1430</sln:powIdTeryt><sln:powNazwa>szydłowiecki</sln:powNazwa><sln:wojIIPId>4b6c492a-eb04-441d-a92a-f44359c06de7</sln:wojIIPId><sln:wojIIPPn>PL.PZGIK.200</sln:wojIIPPn><sln:wojIIPWersja>2012-09-27T13:45:13+02:00</sln:wojIIPWersja><sln:wojIdTeryt>14</sln:wojIdTeryt><sln:wojNazwa>mazowieckie</sln:wojNazwa></sln:miejscowosc><sln:miejscowosc><sln:cyklZyciaDo>2017-04-20T00:00:00+02:00</sln:cyklZyciaDo><sln:cyklZyciaOd>2016-11-26T00:00:00+01:00</sln:cyklZyciaOd><sln:gmIIPId>88b576bb-a415-460f-9fe7-880cdf59c2b1</sln:gmIIPId><sln:gmIIPPn>PL.PZGIK.200</sln:gmIIPPn><sln:gmIIPWersja>2012-09-26T21:57:08+02:00</sln:gmIIPWersja><sln:gmIdTeryt>1430022</sln:gmIdTeryt><sln:gmNazwa>Jastrząb</sln:gmNazwa><sln:miejscIIPId>30c0aab3-7d44-4efe-884a-65d9861bffc7</sln:miejscIIPId><sln:miejscIIPPn>PL.PZGIK.200</sln:miejscIIPPn><sln:miejscIIPWersja>2016-11-26T18:50:58+02:00</sln:miejscIIPWersja><sln:miejscIdTeryt>0624090</sln:miejscIdTeryt><sln:miejscNazwa>Wola Lipieniecka Mała</sln:miejscNazwa><sln:miejscRodzaj>Wieś</sln:miejscRodzaj><sln:powIIPId>6f683b5e-f4c8-4c54-a428-c4260b5bc947</sln:powIIPId><sln:powIIPPn>PL.PZGIK.200</sln:powIIPPn><sln:powIIPWersja>2012-09-27T08:13:53+02:00</sln:powIIPWersja><sln:powIdTeryt>1430</sln:powIdTeryt><sln:powNazwa>szydłowiecki</sln:powNazwa><sln:wojIIPId>4b6c492a-eb04-441d-a92a-f44359c06de7</sln:wojIIPId><sln:wojIIPPn>PL.PZGIK.200</sln:wojIIPPn><sln:wojIIPWersja>2012-09-27T13:45:13+02:00</sln:wojIIPWersja><sln:wojIdTeryt>14</sln:wojIdTeryt><sln:wojNazwa>mazowieckie</sln:wojNazwa></sln:miejscowosc><sln:miejscowosc><sln:cyklZyciaDo>2017-04-20T00:00:00+02:00</sln:cyklZyciaDo><sln:cyklZyciaOd>2016-11-26T00:00:00+01:00</sln:cyklZyciaOd><sln:gmIIPId>88b576bb-a415-460f-9fe7-880cdf59c2b1</sln:gmIIPId><sln:gmIIPPn>PL.PZGIK.200</sln:gmIIPPn><sln:gmIIPWersja>2012-09-26T21:57:08+02:00</sln:gmIIPWersja><sln:gmIdTeryt>1430022</sln:gmIdTeryt><sln:gmNazwa>Jastrząb</sln:gmNazwa><sln:miejscIIPId>a5d3907e-4e68-4933-8b07-430f249ca478</sln:miejscIIPId><sln:miejscIIPPn>PL.PZGIK.200</sln:miejscIIPPn><sln:miejscIIPWersja>2016-11-26T18:50:58+02:00</sln:miejscIIPWersja><sln:miejscIdTeryt>0624083</sln:miejscIdTeryt><sln:miejscNazwa>Wola Lipieniecka Duża</sln:miejscNazwa><sln:miejscRodzaj>Wieś</sln:miejscRodzaj><sln:powIIPId>6f683b5e-f4c8-4c54-a428-c4260b5bc947</sln:powIIPId><sln:powIIPPn>PL.PZGIK.200</sln:powIIPPn><sln:powIIPWersja>2012-09-27T08:13:53+02:00</sln:powIIPWersja><sln:powIdTeryt>1430</sln:powIdTeryt><sln:powNazwa>szydłowiecki</sln:powNazwa><sln:wojIIPId>4b6c492a-eb04-441d-a92a-f44359c06de7</sln:wojIIPId><sln:wojIIPPn>PL.PZGIK.200</sln:wojIIPPn><sln:wojIIPWersja>2012-09-27T13:45:13+02:00</sln:wojIIPWersja><sln:wojIdTeryt>14</sln:wojIdTeryt><sln:wojNazwa>mazowieckie</sln:wojNazwa></sln:miejscowosc><sln:miejscowosc><sln:cyklZyciaDo>2017-04-20T00:00:00+02:00</sln:cyklZyciaDo><sln:cyklZyciaOd>2016-11-26T00:00:00+01:00</sln:cyklZyciaOd><sln:gmIIPId>88b576bb-a415-460f-9fe7-880cdf59c2b1</sln:gmIIPId><sln:gmIIPPn>PL.PZGIK.200</sln:gmIIPPn><sln:gmIIPWersja>2012-09-26T21:57:08+02:00</sln:gmIIPWersja><sln:gmIdTeryt>1430022</sln:gmIdTeryt><sln:gmNazwa>Jastrząb</sln:gmNazwa><sln:miejscIIPId>41888f37-3a61-4f0e-9775-6d4d58196ca0</sln:miejscIIPId><sln:miejscIIPPn>PL.PZGIK.200</sln:miejscIIPPn><sln:miejscIIPWersja>2016-11-26T18:50:58+02:00</sln:miejscIIPWersja><sln:miejscIdTeryt>0624019</sln:miejscIdTeryt><sln:miejscNazwa>Lipienice</sln:miejscNazwa><sln:miejscRodzaj>Wieś</sln:miejscRodzaj><sln:powIIPId>6f683b5e-f4c8-4c54-a428-c4260b5bc947</sln:powIIPId><sln:powIIPPn>PL.PZGIK.200</sln:powIIPPn><sln:powIIPWersja>2012-09-27T08:13:53+02:00</sln:powIIPWersja><sln:powIdTeryt>1430</sln:powIdTeryt><sln:powNazwa>szydłowiecki</sln:powNazwa><sln:wojIIPId>4b6c492a-eb04-441d-a92a-f44359c06de7</sln:wojIIPId><sln:wojIIPPn>PL.PZGIK.200</sln:wojIIPPn><sln:wojIIPWersja>2012-09-27T13:45:13+02:00</sln:wojIIPWersja><sln:wojIdTeryt>14</sln:wojIdTeryt><sln:wojNazwa>mazowieckie</sln:wojNazwa></sln:miejscowosc><sln:miejscowosc><sln:cyklZyciaDo>2017-04-20T00:00:00+02:00</sln:cyklZyciaDo><sln:cyklZyciaOd>2016-11-26T00:00:00+01:00</sln:cyklZyciaOd><sln:gmIIPId>88b576bb-a415-460f-9fe7-880cdf59c2b1</sln:gmIIPId><sln:gmIIPPn>PL.PZGIK.200</sln:gmIIPPn><sln:gmIIPWersja>2012-09-26T21:57:08+02:00</sln:gmIIPWersja><sln:gmIdTeryt>1430022</sln:gmIdTeryt><sln:gmNazwa>Jastrząb</sln:gmNazwa><sln:miejscIIPId>285ba987-f5c3-4969-b502-4afd784e237c</sln:miejscIIPId><sln:miejscIIPPn>PL.PZGIK.200</sln:miejscIIPPn><sln:miejscIIPWersja>2016-11-26T18:50:58+02:00</sln:miejscIIPWersja><sln:miejscIdTeryt>0623965</sln:miejscIdTeryt><sln:miejscNazwa>Gąsawy Rządowe</sln:miejscNazwa><sln:miejscRodzaj>Wieś</sln:miejscRodzaj><sln:powIIPId>6f683b5e-f4c8-4c54-a428-c4260b5bc947</sln:powIIPId><sln:powIIPPn>PL.PZGIK.200</sln:powIIPPn><sln:powIIPWersja>2012-09-27T08:13:53+02:00</sln:powIIPWersja><sln:powIdTeryt>1430</sln:powIdTeryt><sln:powNazwa>szydłowiecki</sln:powNazwa><sln:wojIIPId>4b6c492a-eb04-441d-a92a-f44359c06de7</sln:wojIIPId><sln:wojIIPPn>PL.PZGIK.200</sln:wojIIPPn><sln:wojIIPWersja>2012-09-27T13:45:13+02:00</sln:wojIIPWersja><sln:wojIdTeryt>14</sln:wojIdTeryt><sln:wojNazwa>mazowieckie</sln:wojNazwa></sln:miejscowosc><sln:miejscowosc><sln:cyklZyciaDo>2017-04-20T00:00:00+02:00</sln:cyklZyciaDo><sln:cyklZyciaOd>2016-11-26T00:00:00+01:00</sln:cyklZyciaOd><sln:gmIIPId>88b576bb-a415-460f-9fe7-880cdf59c2b1</sln:gmIIPId><sln:gmIIPPn>PL.PZGIK.200</sln:gmIIPPn><sln:gmIIPWersja>2012-09-26T21:57:08+02:00</sln:gmIIPWersja><sln:gmIdTeryt>1430022</sln:gmIdTeryt><sln:gmNazwa>Jastrząb</sln:gmNazwa><sln:miejscIIPId>3fc72577-4706-42eb-af2c-4ff740e7d399</sln:miejscIIPId><sln:miejscIIPPn>PL.PZGIK.200</sln:miejscIIPPn><sln:miejscIIPWersja>2016-11-26T18:50:58+02:00</sln:miejscIIPWersja><sln:miejscIdTeryt>0623959</sln:miejscIdTeryt><sln:miejscNazwa>Gąsawy Plebańskie</sln:miejscNazwa><sln:miejscRodzaj>Wieś</sln:miejscRodzaj><sln:powIIPId>6f683b5e-f4c8-4c54-a428-c4260b5bc947</sln:powIIPId><sln:powIIPPn>PL.PZGIK.200</sln:powIIPPn><sln:powIIPWersja>2012-09-27T08:13:53+02:00</sln:powIIPWersja><sln:powIdTeryt>1430</sln:powIdTeryt><sln:powNazwa>szydłowiecki</sln:powNazwa><sln:wojIIPId>4b6c492a-eb04-441d-a92a-f44359c06de7</sln:wojIIPId><sln:wojIIPPn>PL.PZGIK.200</sln:wojIIPPn><sln:wojIIPWersja>2012-09-27T13:45:13+02:00</sln:wojIIPWersja><sln:wojIdTeryt>14</sln:wojIdTeryt><sln:wojNazwa>mazowieckie</sln:wojNazwa></sln:miejscowosc><sln:miejscowosc><sln:cyklZyciaDo>2017-04-20T00:00:00+02:00</sln:cyklZyciaDo><sln:cyklZyciaOd>2016-11-26T00:00:00+01:00</sln:cyklZyciaOd><sln:gmIIPId>88b576bb-a415-460f-9fe7-880cdf59c2b1</sln:gmIIPId><sln:gmIIPPn>PL.PZGIK.200</sln:gmIIPPn><sln:gmIIPWersja>2012-09-26T21:57:08+02:00</sln:gmIIPWersja><sln:gmIdTeryt>1430022</sln:gmIdTeryt><sln:gmNazwa>Jastrząb</sln:gmNazwa><sln:miejscIIPId>50f0840f-8c95-4b3d-a151-55716b1c448b</sln:miejscIIPId><sln:miejscIIPPn>PL.PZGIK.200</sln:miejscIIPPn><sln:miejscIIPWersja>2016-11-26T18:50:58+02:00</sln:miejscIIPWersja><sln:miejscIdTeryt>0624048</sln:miejscIdTeryt><sln:miejscNazwa>Gąsawy Rządowe-Niwy</sln:miejscNazwa><sln:miejscRodzaj>Wieś</sln:miejscRodzaj><sln:powIIPId>6f683b5e-f4c8-4c54-a428-c4260b5bc947</sln:powIIPId><sln:powIIPPn>PL.PZGIK.200</sln:powIIPPn><sln:powIIPWersja>2012-09-27T08:13:53+02:00</sln:powIIPWersja><sln:powIdTeryt>1430</sln:powIdTeryt><sln:powNazwa>szydłowiecki</sln:powNazwa><sln:wojIIPId>4b6c492a-eb04-441d-a92a-f44359c06de7</sln:wojIIPId><sln:wojIIPPn>PL.PZGIK.200</sln:wojIIPPn><sln:wojIIPWersja>2012-09-27T13:45:13+02:00</sln:wojIIPWersja><sln:wojIdTeryt>14</sln:wojIdTeryt><sln:wojNazwa>mazowieckie</sln:wojNazwa></sln:miejscowosc><sln:miejscowosc><sln:cyklZyciaDo>2017-04-20T00:00:00+02:00</sln:cyklZyciaDo><sln:cyklZyciaOd>2016-11-26T00:00:00+01:00</sln:cyklZyciaOd><sln:gmIIPId>88b576bb-a415-460f-9fe7-880cdf59c2b1</sln:gmIIPId><sln:gmIIPPn>PL.PZGIK.200</sln:gmIIPPn><sln:gmIIPWersja>2012-09-26T21:57:08+02:00</sln:gmIIPWersja><sln:gmIdTeryt>1430022</sln:gmIdTeryt><sln:gmNazwa>Jastrząb</sln:gmNazwa><sln:miejscIIPId>8c928784-5c0e-4b1f-afcb-0873f5795675</sln:miejscIIPId><sln:miejscIIPPn>PL.PZGIK.200</sln:miejscIIPPn><sln:miejscIIPWersja>2016-11-26T18:50:58+02:00</sln:miejscIIPWersja><sln:miejscIdTeryt>0623988</sln:miejscIdTeryt><sln:miejscNazwa>Jastrząb</sln:miejscNazwa><sln:miejscRodzaj>Wieś</sln:miejscRodzaj><sln:powIIPId>6f683b5e-f4c8-4c54-a428-c4260b5bc947</sln:powIIPId><sln:powIIPPn>PL.PZGIK.200</sln:powIIPPn><sln:powIIPWersja>2012-09-27T08:13:53+02:00</sln:powIIPWersja><sln:powIdTeryt>1430</sln:powIdTeryt><sln:powNazwa>szydłowiecki</sln:powNazwa><sln:wojIIPId>4b6c492a-eb04-441d-a92a-f44359c06de7</sln:wojIIPId><sln:wojIIPPn>PL.PZGIK.200</sln:wojIIPPn><sln:wojIIPWersja>2012-09-27T13:45:13+02:00</sln:wojIIPWersja><sln:wojIdTeryt>14</sln:wojIdTeryt><sln:wojNazwa>mazowieckie</sln:wojNazwa></sln:miejscowosc><sln:miejscowosc><sln:cyklZyciaDo>2017-04-20T00:00:00+02:00</sln:cyklZyciaDo><sln:cyklZyciaOd>2016-11-26T00:00:00+01:00</sln:cyklZyciaOd><sln:gmIIPId>88b576bb-a415-460f-9fe7-880cdf59c2b1</sln:gmIIPId><sln:gmIIPPn>PL.PZGIK.200</sln:gmIIPPn><sln:gmIIPWersja>2012-09-26T21:57:08+02:00</sln:gmIIPWersja><sln:gmIdTeryt>1430022</sln:gmIdTeryt><sln:gmNazwa>Jastrząb</sln:gmNazwa><sln:miejscIIPId>a6c180b4-1ea3-476c-b307-d79897ad7f48</sln:miejscIIPId><sln:miejscIIPPn>PL.PZGIK.200</sln:miejscIIPPn><sln:miejscIIPWersja>2016-11-26T18:50:59+02:00</sln:miejscIIPWersja><sln:miejscIdTeryt>0624002</sln:miejscIdTeryt><sln:miejscNazwa>Kuźnia</sln:miejscNazwa><sln:miejscRodzaj>Wieś</sln:miejscRodzaj><sln:powIIPId>6f683b5e-f4c8-4c54-a428-c4260b5bc947</sln:powIIPId><sln:powIIPPn>PL.PZGIK.200</sln:powIIPPn><sln:powIIPWersja>2012-09-27T08:13:53+02:00</sln:powIIPWersja><sln:powIdTeryt>1430</sln:powIdTeryt><sln:powNazwa>szydłowiecki</sln:powNazwa><sln:wojIIPId>4b6c492a-eb04-441d-a92a-f44359c06de7</sln:wojIIPId><sln:wojIIPPn>PL.PZGIK.200</sln:wojIIPPn><sln:wojIIPWersja>2012-09-27T13:45:13+02:00</sln:wojIIPWersja><sln:wojIdTeryt>14</sln:wojIdTeryt><sln:wojNazwa>mazowieckie</sln:wojNazwa></sln:miejscowosc><sln:miejscowosc><sln:cyklZyciaDo>2017-04-20T00:00:00+02:00</sln:cyklZyciaDo><sln:cyklZyciaOd>2016-11-26T00:00:00+01:00</sln:cyklZyciaOd><sln:gmIIPId>88b576bb-a415-460f-9fe7-880cdf59c2b1</sln:gmIIPId><sln:gmIIPPn>PL.PZGIK.200</sln:gmIIPPn><sln:gmIIPWersja>2012-09-26T21:57:08+02:00</sln:gmIIPWersja><sln:gmIdTeryt>1430022</sln:gmIdTeryt><sln:gmNazwa>Jastrząb</sln:gmNazwa><sln:miejscIIPId>3b56472b-1002-40f2-aac1-afe164c40258</sln:miejscIIPId><sln:miejscIIPPn>PL.PZGIK.200</sln:miejscIIPPn><sln:miejscIIPWersja>2016-11-26T18:50:59+02:00</sln:miejscIIPWersja><sln:miejscIdTeryt>0623994</sln:miejscIdTeryt><sln:miejscNazwa>Kolonia Kuźnia</sln:miejscNazwa><sln:miejscRodzaj>Wieś</sln:miejscRodzaj><sln:powIIPId>6f683b5e-f4c8-4c54-a428-c4260b5bc947</sln:powIIPId><sln:powIIPPn>PL.PZGIK.200</sln:powIIPPn><sln:powIIPWersja>2012-09-27T08:13:53+02:00</sln:powIIPWersja><sln:powIdTeryt>1430</sln:powIdTeryt><sln:powNazwa>szydłowiecki</sln:powNazwa><sln:wojIIPId>4b6c492a-eb04-441d-a92a-f44359c06de7</sln:wojIIPId><sln:wojIIPPn>PL.PZGIK.200</sln:wojIIPPn><sln:wojIIPWersja>2012-09-27T13:45:13+02:00</sln:wojIIPWersja><sln:wojIdTeryt>14</sln:wojIdTeryt><sln:wojNazwa>mazowieckie</sln:wojNazwa></sln:miejscowosc><sln:miejscowosc><sln:cyklZyciaDo>2017-04-20T00:00:00+02:00</sln:cyklZyciaDo><sln:cyklZyciaOd>2016-11-26T00:00:00+01:00</sln:cyklZyciaOd><sln:gmIIPId>88b576bb-a415-460f-9fe7-880cdf59c2b1</sln:gmIIPId><sln:gmIIPPn>PL.PZGIK.200</sln:gmIIPPn><sln:gmIIPWersja>2012-09-26T21:57:08+02:00</sln:gmIIPWersja><sln:gmIdTeryt>1430022</sln:gmIdTeryt><sln:gmNazwa>Jastrząb</sln:gmNazwa><sln:miejscIIPId>3a73a14e-d40d-4d77-a02f-1de0ef03218b</sln:miejscIIPId><sln:miejscIIPPn>PL.PZGIK.200</sln:miejscIIPPn><sln:miejscIIPWersja>2016-11-26T18:50:59+02:00</sln:miejscIIPWersja><sln:miejscIdTeryt>0624054</sln:miejscIdTeryt><sln:miejscNazwa>Nowy Dwór</sln:miejscNazwa><sln:miejscRodzaj>Wieś</sln:miejscRodzaj><sln:powIIPId>6f683b5e-f4c8-4c54-a428-c4260b5bc947</sln:powIIPId><sln:powIIPPn>PL.PZGIK.200</sln:powIIPPn><sln:powIIPWersja>2012-09-27T08:13:53+02:00</sln:powIIPWersja><sln:powIdTeryt>1430</sln:powIdTeryt><sln:powNazwa>szydłowiecki</sln:powNazwa><sln:wojIIPId>4b6c492a-eb04-441d-a92a-f44359c06de7</sln:wojIIPId><sln:wojIIPPn>PL.PZGIK.200</sln:wojIIPPn><sln:wojIIPWersja>2012-09-27T13:45:13+02:00</sln:wojIIPWersja><sln:wojIdTeryt>14</sln:wojIdTeryt><sln:wojNazwa>mazowieckie</sln:wojNazwa></sln:miejscowosc><sln:miejscowosc><sln:cyklZyciaDo>2017-04-20T00:00:00+02:00</sln:cyklZyciaDo><sln:cyklZyciaOd>2016-11-26T00:00:00+01:00</sln:cyklZyciaOd><sln:gmIIPId>88b576bb-a415-460f-9fe7-880cdf59c2b1</sln:gmIIPId><sln:gmIIPPn>PL.PZGIK.200</sln:gmIIPPn><sln:gmIIPWersja>2012-09-26T21:57:08+02:00</sln:gmIIPWersja><sln:gmIdTeryt>1430022</sln:gmIdTeryt><sln:gmNazwa>Jastrząb</sln:gmNazwa><sln:miejscIIPId>23b4ac90-ba58-494b-bb3e-2938d760235a</sln:miejscIIPId><sln:miejscIIPPn>PL.PZGIK.200</sln:miejscIIPPn><sln:miejscIIPWersja>2016-11-26T18:50:59+02:00</sln:miejscIIPWersja><sln:miejscIdTeryt>0624060</sln:miejscIdTeryt><sln:miejscNazwa>Orłów</sln:miejscNazwa><sln:miejscRodzaj>Wieś</sln:miejscRodzaj><sln:powIIPId>6f683b5e-f4c8-4c54-a428-c4260b5bc947</sln:powIIPId><sln:powIIPPn>PL.PZGIK.200</sln:powIIPPn><sln:powIIPWersja>2012-09-27T08:13:53+02:00</sln:powIIPWersja><sln:powIdTeryt>1430</sln:powIdTeryt><sln:powNazwa>szydłowiecki</sln:powNazwa><sln:wojIIPId>4b6c492a-eb04-441d-a92a-f44359c06de7</sln:wojIIPId><sln:wojIIPPn>PL.PZGIK.200</sln:wojIIPPn><sln:wojIIPWersja>2012-09-27T13:45:13+02:00</sln:wojIIPWersja><sln:wojIdTeryt>14</sln:wojIdTeryt><sln:wojNazwa>mazowieckie</sln:wojNazwa></sln:miejscowosc><sln:miejscowosc><sln:cyklZyciaDo>2017-04-20T00:00:00+02:00</sln:cyklZyciaDo><sln:cyklZyciaOd>2016-11-26T00:00:00+01:00</sln:cyklZyciaOd><sln:gmIIPId>88b576bb-a415-460f-9fe7-880cdf59c2b1</sln:gmIIPId><sln:gmIIPPn>PL.PZGIK.200</sln:gmIIPPn><sln:gmIIPWersja>2012-09-26T21:57:08+02:00</sln:gmIIPWersja><sln:gmIdTeryt>1430022</sln:gmIdTeryt><sln:gmNazwa>Jastrząb</sln:gmNazwa><sln:miejscIIPId>a2208b49-c4da-47d5-84fd-242cf738ccee</sln:miejscIIPId><sln:miejscIIPPn>PL.PZGIK.200</sln:miejscIIPPn><sln:miejscIIPWersja>2016-11-26T18:50:59+02:00</sln:miejscIIPWersja><sln:miejscIdTeryt>0624025</sln:miejscIdTeryt><sln:miejscNIIPId>41888f37-3a61-4f0e-9775-6d4d58196ca0</sln:miejscNIIPId><sln:miejscNIIPPn>PL.PZGIK.200</sln:miejscNIIPPn><sln:miejscNIIPWersja>2016-11-26T18:50:58+02:00</sln:miejscNIIPWersja><sln:miejscNIdTeryt>0624019</sln:miejscNIdTeryt><sln:miejscNNazwa>Lipienice</sln:miejscNNazwa><sln:miejscNRodzaj>Wieś</sln:miejscNRodzaj><sln:miejscNazwa>Lipienice Dolne</sln:miejscNazwa><sln:miejscRodzaj>Inny obiekt</sln:miejscRodzaj><sln:powIIPId>6f683b5e-f4c8-4c54-a428-c4260b5bc947</sln:powIIPId><sln:powIIPPn>PL.PZGIK.200</sln:powIIPPn><sln:powIIPWersja>2012-09-27T08:13:53+02:00</sln:powIIPWersja><sln:powIdTeryt>1430</sln:powIdTeryt><sln:powNazwa>szydłowiecki</sln:powNazwa><sln:wojIIPId>4b6c492a-eb04-441d-a92a-f44359c06de7</sln:wojIIPId><sln:wojIIPPn>PL.PZGIK.200</sln:wojIIPPn><sln:wojIIPWersja>2012-09-27T13:45:13+02:00</sln:wojIIPWersja><sln:wojIdTeryt>14</sln:wojIdTeryt><sln:wojNazwa>mazowieckie</sln:wojNazwa></sln:miejscowosc><sln:miejscowosc><sln:cyklZyciaDo>2017-04-20T00:00:00+02:00</sln:cyklZyciaDo><sln:cyklZyciaOd>2016-11-26T00:00:00+01:00</sln:cyklZyciaOd><sln:gmIIPId>88b576bb-a415-460f-9fe7-880cdf59c2b1</sln:gmIIPId><sln:gmIIPPn>PL.PZGIK.200</sln:gmIIPPn><sln:gmIIPWersja>2012-09-26T21:57:08+02:00</sln:gmIIPWersja><sln:gmIdTeryt>1430022</sln:gmIdTeryt><sln:gmNazwa>Jastrząb</sln:gmNazwa><sln:miejscIIPId>db796388-62a3-4ab4-a9b2-2e9747e653a4</sln:miejscIIPId><sln:miejscIIPPn>PL.PZGIK.200</sln:miejscIIPPn><sln:miejscIIPWersja>2016-11-26T18:50:59+02:00</sln:miejscIIPWersja><sln:miejscIdTeryt>0624031</sln:miejscIdTeryt><sln:miejscNIIPId>41888f37-3a61-4f0e-9775-6d4d58196ca0</sln:miejscNIIPId><sln:miejscNIIPPn>PL.PZGIK.200</sln:miejscNIIPPn><sln:miejscNIIPWersja>2016-11-26T18:50:58+02:00</sln:miejscNIIPWersja><sln:miejscNIdTeryt>0624019</sln:miejscNIdTeryt><sln:miejscNNazwa>Lipienice</sln:miejscNNazwa><sln:miejscNRodzaj>Wieś</sln:miejscNRodzaj><sln:miejscNazwa>Lipienice Górne</sln:miejscNazwa><sln:miejscRodzaj>Inny obiekt</sln:miejscRodzaj><sln:powIIPId>6f683b5e-f4c8-4c54-a428-c4260b5bc947</sln:powIIPId><sln:powIIPPn>PL.PZGIK.200</sln:powIIPPn><sln:powIIPWersja>2012-09-27T08:13:53+02:00</sln:powIIPWersja><sln:powIdTeryt>1430</sln:powIdTeryt><sln:powNazwa>szydłowiecki</sln:powNazwa><sln:wojIIPId>4b6c492a-eb04-441d-a92a-f44359c06de7</sln:wojIIPId><sln:wojIIPPn>PL.PZGIK.200</sln:wojIIPPn><sln:wojIIPWersja>2012-09-27T13:45:13+02:00</sln:wojIIPWersja><sln:wojIdTeryt>14</sln:wojIdTeryt><sln:wojNazwa>mazowieckie</sln:wojNazwa></sln:miejscowosc><sln:miejscowosc><sln:cyklZyciaDo>2017-04-20T00:00:00+02:00</sln:cyklZyciaDo><sln:cyklZyciaOd>2016-11-26T00:00:00+01:00</sln:cyklZyciaOd><sln:gmIIPId>88b576bb-a415-460f-9fe7-880cdf59c2b1</sln:gmIIPId><sln:gmIIPPn>PL.PZGIK.200</sln:gmIIPPn><sln:gmIIPWersja>2012-09-26T21:57:08+02:00</sln:gmIIPWersja><sln:gmIdTeryt>1430022</sln:gmIdTeryt><sln:gmNazwa>Jastrząb</sln:gmNazwa><sln:miejscIIPId>c6109d8c-f5d6-4c95-a1b2-9857447b292f</sln:miejscIIPId><sln:miejscIIPPn>PL.PZGIK.200</sln:miejscIIPPn><sln:miejscIIPWersja>2016-11-26T18:50:59+02:00</sln:miejscIIPWersja><sln:miejscIdTeryt>0623971</sln:miejscIdTeryt><sln:miejscNIIPId>285ba987-f5c3-4969-b502-4afd784e237c</sln:miejscNIIPId><sln:miejscNIIPPn>PL.PZGIK.200</sln:miejscNIIPPn><sln:miejscNIIPWersja>2016-11-26T18:50:58+02:00</sln:miejscNIIPWersja><sln:miejscNIdTeryt>0623965</sln:miejscNIdTeryt><sln:miejscNNazwa>Gąsawy Rządowe</sln:miejscNNazwa><sln:miejscNRodzaj>Wieś</sln:miejscNRodzaj><sln:miejscNazwa>Kurkoć</sln:miejscNazwa><sln:miejscRodzaj>Inny obiekt</sln:miejscRodzaj><sln:powIIPId>6f683b5e-f4c8-4c54-a428-c4260b5bc947</sln:powIIPId><sln:powIIPPn>PL.PZGIK.200</sln:powIIPPn><sln:powIIPWersja>2012-09-27T08:13:53+02:00</sln:powIIPWersja><sln:powIdTeryt>1430</sln:powIdTeryt><sln:powNazwa>szydłowiecki</sln:powNazwa><sln:wojIIPId>4b6c492a-eb04-441d-a92a-f44359c06de7</sln:wojIIPId><sln:wojIIPPn>PL.PZGIK.200</sln:wojIIPPn><sln:wojIIPWersja>2012-09-27T13:45:13+02:00</sln:wojIIPWersja><sln:wojIdTeryt>14</sln:wojIdTeryt><sln:wojNazwa>mazowieckie</sln:wojNazwa></sln:miejscowosc><sln:miejscowosc><sln:cyklZyciaOd>2017-04-20T00:00:00+02:00</sln:cyklZyciaOd><sln:gmIIPId>88b576bb-a415-460f-9fe7-880cdf59c2b1</sln:gmIIPId><sln:gmIIPPn>PL.PZGIK.200</sln:gmIIPPn><sln:gmIIPWersja>2012-09-26T21:57:08+02:00</sln:gmIIPWersja><sln:gmIdTeryt>1430022</sln:gmIdTeryt><sln:gmNazwa>Jastrząb</sln:gmNazwa><sln:miejscIIPId>3f20dc33-02bc-4706-a352-9f35af259b2c</sln:miejscIIPId><sln:miejscIIPPn>PL.PZGIK.200</sln:miejscIIPPn><sln:miejscIIPWersja>2017-04-20T13:48:33+02:00</sln:miejscIIPWersja><sln:miejscIdTeryt>0623959</sln:miejscIdTeryt><sln:miejscNazwa>Gąsawy Plebańskie</sln:miejscNazwa><sln:miejscRodzaj>Wieś</sln:miejscRodzaj><sln:powIIPId>6f683b5e-f4c8-4c54-a428-c4260b5bc947</sln:powIIPId><sln:powIIPPn>PL.PZGIK.200</sln:powIIPPn><sln:powIIPWersja>2012-09-27T08:13:53+02:00</sln:powIIPWersja><sln:powIdTeryt>1430</sln:powIdTeryt><sln:powNazwa>szydłowiecki</sln:powNazwa><sln:waznyOd>2014-06-23T00:00:00+02:00</sln:waznyOd><sln:wojIIPId>4b6c492a-eb04-441d-a92a-f44359c06de7</sln:wojIIPId><sln:wojIIPPn>PL.PZGIK.200</sln:wojIIPPn><sln:wojIIPWersja>2012-09-27T13:45:13+02:00</sln:wojIIPWersja><sln:wojIdTeryt>14</sln:wojIdTeryt><sln:wojNazwa>mazowieckie</sln:wojNazwa></sln:miejscowosc><sln:miejscowosc><sln:cyklZyciaOd>2017-04-20T00:00:00+02:00</sln:cyklZyciaOd><sln:gmIIPId>88b576bb-a415-460f-9fe7-880cdf59c2b1</sln:gmIIPId><sln:gmIIPPn>PL.PZGIK.200</sln:gmIIPPn><sln:gmIIPWersja>2012-09-26T21:57:08+02:00</sln:gmIIPWersja><sln:gmIdTeryt>1430022</sln:gmIdTeryt><sln:gmNazwa>Jastrząb</sln:gmNazwa><sln:miejscIIPId>7596747a-2506-4a10-bc93-aa0f3e4e33a8</sln:miejscIIPId><sln:miejscIIPPn>PL.PZGIK.200</sln:miejscIIPPn><sln:miejscIIPWersja>2017-04-20T13:48:40+02:00</sln:miejscIIPWersja><sln:miejscIdTeryt>0623965</sln:miejscIdTeryt><sln:miejscNazwa>Gąsawy Rządowe</sln:miejscNazwa><sln:miejscRodzaj>Wieś</sln:miejscRodzaj><sln:powIIPId>6f683b5e-f4c8-4c54-a428-c4260b5bc947</sln:powIIPId><sln:powIIPPn>PL.PZGIK.200</sln:powIIPPn><sln:powIIPWersja>2012-09-27T08:13:53+02:00</sln:powIIPWersja><sln:powIdTeryt>1430</sln:powIdTeryt><sln:powNazwa>szydłowiecki</sln:powNazwa><sln:waznyOd>2014-06-23T00:00:00+02:00</sln:waznyOd><sln:wojIIPId>4b6c492a-eb04-441d-a92a-f44359c06de7</sln:wojIIPId><sln:wojIIPPn>PL.PZGIK.200</sln:wojIIPPn><sln:wojIIPWersja>2012-09-27T13:45:13+02:00</sln:wojIIPWersja><sln:wojIdTeryt>14</sln:wojIdTeryt><sln:wojNazwa>mazowieckie</sln:wojNazwa></sln:miejscowosc><sln:miejscowosc><sln:cyklZyciaOd>2017-04-20T00:00:00+02:00</sln:cyklZyciaOd><sln:gmIIPId>88b576bb-a415-460f-9fe7-880cdf59c2b1</sln:gmIIPId><sln:gmIIPPn>PL.PZGIK.200</sln:gmIIPPn><sln:gmIIPWersja>2012-09-26T21:57:08+02:00</sln:gmIIPWersja><sln:gmIdTeryt>1430022</sln:gmIdTeryt><sln:gmNazwa>Jastrząb</sln:gmNazwa><sln:miejscIIPId>20aa7e92-9e7a-4145-acbd-faf930c9f54b</sln:miejscIIPId><sln:miejscIIPPn>PL.PZGIK.200</sln:miejscIIPPn><sln:miejscIIPWersja>2017-04-20T13:48:40+02:00</sln:miejscIIPWersja><sln:miejscIdTeryt>0623988</sln:miejscIdTeryt><sln:miejscNazwa>Jastrząb</sln:miejscNazwa><sln:miejscRodzaj>Wieś</sln:miejscRodzaj><sln:powIIPId>6f683b5e-f4c8-4c54-a428-c4260b5bc947</sln:powIIPId><sln:powIIPPn>PL.PZGIK.200</sln:powIIPPn><sln:powIIPWersja>2012-09-27T08:13:53+02:00</sln:powIIPWersja><sln:powIdTeryt>1430</sln:powIdTeryt><sln:powNazwa>szydłowiecki</sln:powNazwa><sln:waznyOd>2014-06-23T00:00:00+02:00</sln:waznyOd><sln:wojIIPId>4b6c492a-eb04-441d-a92a-f44359c06de7</sln:wojIIPId><sln:wojIIPPn>PL.PZGIK.200</sln:wojIIPPn><sln:wojIIPWersja>2012-09-27T13:45:13+02:00</sln:wojIIPWersja><sln:wojIdTeryt>14</sln:wojIdTeryt><sln:wojNazwa>mazowieckie</sln:wojNazwa></sln:miejscowosc><sln:miejscowosc><sln:cyklZyciaOd>2017-04-20T00:00:00+02:00</sln:cyklZyciaOd><sln:gmIIPId>88b576bb-a415-460f-9fe7-880cdf59c2b1</sln:gmIIPId><sln:gmIIPPn>PL.PZGIK.200</sln:gmIIPPn><sln:gmIIPWersja>2012-09-26T21:57:08+02:00</sln:gmIIPWersja><sln:gmIdTeryt>1430022</sln:gmIdTeryt><sln:gmNazwa>Jastrząb</sln:gmNazwa><sln:miejscIIPId>11529848-d787-4e18-8598-3d9fd9b80c5a</sln:miejscIIPId><sln:miejscIIPPn>PL.PZGIK.200</sln:miejscIIPPn><sln:miejscIIPWersja>2017-04-20T13:48:40+02:00</sln:miejscIIPWersja><sln:miejscIdTeryt>0623994</sln:miejscIdTeryt><sln:miejscNazwa>Kolonia Kuźnia</sln:miejscNazwa><sln:miejscRodzaj>Wieś</sln:miejscRodzaj><sln:powIIPId>6f683b5e-f4c8-4c54-a428-c4260b5bc947</sln:powIIPId><sln:powIIPPn>PL.PZGIK.200</sln:powIIPPn><sln:powIIPWersja>2012-09-27T08:13:53+02:00</sln:powIIPWersja><sln:powIdTeryt>1430</sln:powIdTeryt><sln:powNazwa>szydłowiecki</sln:powNazwa><sln:waznyOd>2014-06-23T00:00:00+02:00</sln:waznyOd><sln:wojIIPId>4b6c492a-eb04-441d-a92a-f44359c06de7</sln:wojIIPId><sln:wojIIPPn>PL.PZGIK.200</sln:wojIIPPn><sln:wojIIPWersja>2012-09-27T13:45:13+02:00</sln:wojIIPWersja><sln:wojIdTeryt>14</sln:wojIdTeryt><sln:wojNazwa>mazowieckie</sln:wojNazwa></sln:miejscowosc><sln:miejscowosc><sln:cyklZyciaOd>2017-04-20T00:00:00+02:00</sln:cyklZyciaOd><sln:gmIIPId>88b576bb-a415-460f-9fe7-880cdf59c2b1</sln:gmIIPId><sln:gmIIPPn>PL.PZGIK.200</sln:gmIIPPn><sln:gmIIPWersja>2012-09-26T21:57:08+02:00</sln:gmIIPWersja><sln:gmIdTeryt>1430022</sln:gmIdTeryt><sln:gmNazwa>Jastrząb</sln:gmNazwa><sln:miejscIIPId>d6283df2-2671-4c95-a42f-20f71bc5a2d3</sln:miejscIIPId><sln:miejscIIPPn>PL.PZGIK.200</sln:miejscIIPPn><sln:miejscIIPWersja>2017-04-20T13:48:40+02:00</sln:miejscIIPWersja><sln:miejscIdTeryt>0624002</sln:miejscIdTeryt><sln:miejscNazwa>Kuźnia</sln:miejscNazwa><sln:miejscRodzaj>Wieś</sln:miejscRodzaj><sln:powIIPId>6f683b5e-f4c8-4c54-a428-c4260b5bc947</sln:powIIPId><sln:powIIPPn>PL.PZGIK.200</sln:powIIPPn><sln:powIIPWersja>2012-09-27T08:13:53+02:00</sln:powIIPWersja><sln:powIdTeryt>1430</sln:powIdTeryt><sln:powNazwa>szydłowiecki</sln:powNazwa><sln:waznyOd>2014-06-23T00:00:00+02:00</sln:waznyOd><sln:wojIIPId>4b6c492a-eb04-441d-a92a-f44359c06de7</sln:wojIIPId><sln:wojIIPPn>PL.PZGIK.200</sln:wojIIPPn><sln:wojIIPWersja>2012-09-27T13:45:13+02:00</sln:wojIIPWersja><sln:wojIdTeryt>14</sln:wojIdTeryt><sln:wojNazwa>mazowieckie</sln:wojNazwa></sln:miejscowosc><sln:miejscowosc><sln:cyklZyciaOd>2017-04-20T00:00:00+02:00</sln:cyklZyciaOd><sln:gmIIPId>88b576bb-a415-460f-9fe7-880cdf59c2b1</sln:gmIIPId><sln:gmIIPPn>PL.PZGIK.200</sln:gmIIPPn><sln:gmIIPWersja>2012-09-26T21:57:08+02:00</sln:gmIIPWersja><sln:gmIdTeryt>1430022</sln:gmIdTeryt><sln:gmNazwa>Jastrząb</sln:gmNazwa><sln:miejscIIPId>d9fe83c5-6a83-4310-a04c-9208549c41b1</sln:miejscIIPId><sln:miejscIIPPn>PL.PZGIK.200</sln:miejscIIPPn><sln:miejscIIPWersja>2017-04-20T13:48:40+02:00</sln:miejscIIPWersja><sln:miejscIdTeryt>0624019</sln:miejscIdTeryt><sln:miejscNazwa>Lipienice</sln:miejscNazwa><sln:miejscRodzaj>Wieś</sln:miejscRodzaj><sln:powIIPId>6f683b5e-f4c8-4c54-a428-c4260b5bc947</sln:powIIPId><sln:powIIPPn>PL.PZGIK.200</sln:powIIPPn><sln:powIIPWersja>2012-09-27T08:13:53+02:00</sln:powIIPWersja><sln:powIdTeryt>1430</sln:powIdTeryt><sln:powNazwa>szydłowiecki</sln:powNazwa><sln:waznyOd>2015-01-19T00:00:00+01:00</sln:waznyOd><sln:wojIIPId>4b6c492a-eb04-441d-a92a-f44359c06de7</sln:wojIIPId><sln:wojIIPPn>PL.PZGIK.200</sln:wojIIPPn><sln:wojIIPWersja>2012-09-27T13:45:13+02:00</sln:wojIIPWersja><sln:wojIdTeryt>14</sln:wojIdTeryt><sln:wojNazwa>mazowieckie</sln:wojNazwa></sln:miejscowosc><sln:miejscowosc><sln:cyklZyciaOd>2017-04-20T00:00:00+02:00</sln:cyklZyciaOd><sln:gmIIPId>88b576bb-a415-460f-9fe7-880cdf59c2b1</sln:gmIIPId><sln:gmIIPPn>PL.PZGIK.200</sln:gmIIPPn><sln:gmIIPWersja>2012-09-26T21:57:08+02:00</sln:gmIIPWersja><sln:gmIdTeryt>1430022</sln:gmIdTeryt><sln:gmNazwa>Jastrząb</sln:gmNazwa><sln:miejscIIPId>57836b5a-582e-45ec-b3e1-3c2deabc6188</sln:miejscIIPId><sln:miejscIIPPn>PL.PZGIK.200</sln:miejscIIPPn><sln:miejscIIPWersja>2017-04-20T13:48:40+02:00</sln:miejscIIPWersja><sln:miejscIdTeryt>0624025</sln:miejscIdTeryt><sln:miejscNazwa>Lipienice Dolne</sln:miejscNazwa><sln:miejscRodzaj>Inny obiekt</sln:miejscRodzaj><sln:powIIPId>6f683b5e-f4c8-4c54-a428-c4260b5bc947</sln:powIIPId><sln:powIIPPn>PL.PZGIK.200</sln:powIIPPn><sln:powIIPWersja>2012-09-27T08:13:53+02:00</sln:powIIPWersja><sln:powIdTeryt>1430</sln:powIdTeryt><sln:powNazwa>szydłowiecki</sln:powNazwa><sln:waznyOd>2014-06-23T00:00:00+02:00</sln:waznyOd><sln:wojIIPId>4b6c492a-eb04-441d-a92a-f44359c06de7</sln:wojIIPId><sln:wojIIPPn>PL.PZGIK.200</sln:wojIIPPn><sln:wojIIPWersja>2012-09-27T13:45:13+02:00</sln:wojIIPWersja><sln:wojIdTeryt>14</sln:wojIdTeryt><sln:wojNazwa>mazowieckie</sln:wojNazwa></sln:miejscowosc><sln:miejscowosc><sln:cyklZyciaOd>2017-04-20T00:00:00+02:00</sln:cyklZyciaOd><sln:gmIIPId>88b576bb-a415-460f-9fe7-880cdf59c2b1</sln:gmIIPId><sln:gmIIPPn>PL.PZGIK.200</sln:gmIIPPn><sln:gmIIPWersja>2012-09-26T21:57:08+02:00</sln:gmIIPWersja><sln:gmIdTeryt>1430022</sln:gmIdTeryt><sln:gmNazwa>Jastrząb</sln:gmNazwa><sln:miejscIIPId>8a0fdbc0-f8e9-453c-aabe-bab3c24f729a</sln:miejscIIPId><sln:miejscIIPPn>PL.PZGIK.200</sln:miejscIIPPn><sln:miejscIIPWersja>2017-04-20T13:48:40+02:00</sln:miejscIIPWersja><sln:miejscIdTeryt>0624031</sln:miejscIdTeryt><sln:miejscNazwa>Lipienice Górne</sln:miejscNazwa><sln:miejscRodzaj>Inny obiekt</sln:miejscRodzaj><sln:powIIPId>6f683b5e-f4c8-4c54-a428-c4260b5bc947</sln:powIIPId><sln:powIIPPn>PL.PZGIK.200</sln:powIIPPn><sln:powIIPWersja>2012-09-27T08:13:53+02:00</sln:powIIPWersja><sln:powIdTeryt>1430</sln:powIdTeryt><sln:powNazwa>szydłowiecki</sln:powNazwa><sln:waznyOd>2014-06-23T00:00:00+02:00</sln:waznyOd><sln:wojIIPId>4b6c492a-eb04-441d-a92a-f44359c06de7</sln:wojIIPId><sln:wojIIPPn>PL.PZGIK.200</sln:wojIIPPn><sln:wojIIPWersja>2012-09-27T13:45:13+02:00</sln:wojIIPWersja><sln:wojIdTeryt>14</sln:wojIdTeryt><sln:wojNazwa>mazowieckie</sln:wojNazwa></sln:miejscowosc><sln:miejscowosc><sln:cyklZyciaOd>2017-04-20T00:00:00+02:00</sln:cyklZyciaOd><sln:gmIIPId>88b576bb-a415-460f-9fe7-880cdf59c2b1</sln:gmIIPId><sln:gmIIPPn>PL.PZGIK.200</sln:gmIIPPn><sln:gmIIPWersja>2012-09-26T21:57:08+02:00</sln:gmIIPWersja><sln:gmIdTeryt>1430022</sln:gmIdTeryt><sln:gmNazwa>Jastrząb</sln:gmNazwa><sln:miejscIIPId>d2215037-2e91-482e-87ed-fe8dd9d5a870</sln:miejscIIPId><sln:miejscIIPPn>PL.PZGIK.200</sln:miejscIIPPn><sln:miejscIIPWersja>2017-04-20T13:48:40+02:00</sln:miejscIIPWersja><sln:miejscIdTeryt>0624048</sln:miejscIdTeryt><sln:miejscNazwa>Gąsawy Rządowe-Niwy</sln:miejscNazwa><sln:miejscRodzaj>Wieś</sln:miejscRodzaj><sln:powIIPId>6f683b5e-f4c8-4c54-a428-c4260b5bc947</sln:powIIPId><sln:powIIPPn>PL.PZGIK.200</sln:powIIPPn><sln:powIIPWersja>2012-09-27T08:13:53+02:00</sln:powIIPWersja><sln:powIdTeryt>1430</sln:powIdTeryt><sln:powNazwa>szydłowiecki</sln:powNazwa><sln:waznyOd>2014-06-23T00:00:00+02:00</sln:waznyOd><sln:wojIIPId>4b6c492a-eb04-441d-a92a-f44359c06de7</sln:wojIIPId><sln:wojIIPPn>PL.PZGIK.200</sln:wojIIPPn><sln:wojIIPWersja>2012-09-27T13:45:13+02:00</sln:wojIIPWersja><sln:wojIdTeryt>14</sln:wojIdTeryt><sln:wojNazwa>mazowieckie</sln:wojNazwa></sln:miejscowosc><sln:miejscowosc><sln:cyklZyciaOd>2017-04-20T00:00:00+02:00</sln:cyklZyciaOd><sln:gmIIPId>88b576bb-a415-460f-9fe7-880cdf59c2b1</sln:gmIIPId><sln:gmIIPPn>PL.PZGIK.200</sln:gmIIPPn><sln:gmIIPWersja>2012-09-26T21:57:08+02:00</sln:gmIIPWersja><sln:gmIdTeryt>1430022</sln:gmIdTeryt><sln:gmNazwa>Jastrząb</sln:gmNazwa><sln:miejscIIPId>3360545b-c989-462a-897c-072d2223713d</sln:miejscIIPId><sln:miejscIIPPn>PL.PZGIK.200</sln:miejscIIPPn><sln:miejscIIPWersja>2017-04-20T13:48:40+02:00</sln:miejscIIPWersja><sln:miejscIdTeryt>0624054</sln:miejscIdTeryt><sln:miejscNazwa>Nowy Dwór</sln:miejscNazwa><sln:miejscRodzaj>Wieś</sln:miejscRodzaj><sln:powIIPId>6f683b5e-f4c8-4c54-a428-c4260b5bc947</sln:powIIPId><sln:powIIPPn>PL.PZGIK.200</sln:powIIPPn><sln:powIIPWersja>2012-09-27T08:13:53+02:00</sln:powIIPWersja><sln:powIdTeryt>1430</sln:powIdTeryt><sln:powNazwa>szydłowiecki</sln:powNazwa><sln:waznyOd>2014-06-23T00:00:00+02:00</sln:waznyOd><sln:wojIIPId>4b6c492a-eb04-441d-a92a-f44359c06de7</sln:wojIIPId><sln:wojIIPPn>PL.PZGIK.200</sln:wojIIPPn><sln:wojIIPWersja>2012-09-27T13:45:13+02:00</sln:wojIIPWersja><sln:wojIdTeryt>14</sln:wojIdTeryt><sln:wojNazwa>mazowieckie</sln:wojNazwa></sln:miejscowosc><sln:miejscowosc><sln:cyklZyciaOd>2017-04-20T00:00:00+02:00</sln:cyklZyciaOd><sln:gmIIPId>88b576bb-a415-460f-9fe7-880cdf59c2b1</sln:gmIIPId><sln:gmIIPPn>PL.PZGIK.200</sln:gmIIPPn><sln:gmIIPWersja>2012-09-26T21:57:08+02:00</sln:gmIIPWersja><sln:gmIdTeryt>1430022</sln:gmIdTeryt><sln:gmNazwa>Jastrząb</sln:gmNazwa><sln:miejscIIPId>86654605-9284-434f-ba2f-610c55c41f70</sln:miejscIIPId><sln:miejscIIPPn>PL.PZGIK.200</sln:miejscIIPPn><sln:miejscIIPWersja>2017-04-20T13:48:40+02:00</sln:miejscIIPWersja><sln:miejscIdTeryt>0624060</sln:miejscIdTeryt><sln:miejscNazwa>Orłów</sln:miejscNazwa><sln:miejscRodzaj>Wieś</sln:miejscRodzaj><sln:powIIPId>6f683b5e-f4c8-4c54-a428-c4260b5bc947</sln:powIIPId><sln:powIIPPn>PL.PZGIK.200</sln:powIIPPn><sln:powIIPWersja>2012-09-27T08:13:53+02:00</sln:powIIPWersja><sln:powIdTeryt>1430</sln:powIdTeryt><sln:powNazwa>szydłowiecki</sln:powNazwa><sln:waznyOd>2014-06-23T00:00:00+02:00</sln:waznyOd><sln:wojIIPId>4b6c492a-eb04-441d-a92a-f44359c06de7</sln:wojIIPId><sln:wojIIPPn>PL.PZGIK.200</sln:wojIIPPn><sln:wojIIPWersja>2012-09-27T13:45:13+02:00</sln:wojIIPWersja><sln:wojIdTeryt>14</sln:wojIdTeryt><sln:wojNazwa>mazowieckie</sln:wojNazwa></sln:miejscowosc><sln:miejscowosc><sln:cyklZyciaOd>2017-04-20T00:00:00+02:00</sln:cyklZyciaOd><sln:gmIIPId>88b576bb-a415-460f-9fe7-880cdf59c2b1</sln:gmIIPId><sln:gmIIPPn>PL.PZGIK.200</sln:gmIIPPn><sln:gmIIPWersja>2012-09-26T21:57:08+02:00</sln:gmIIPWersja><sln:gmIdTeryt>1430022</sln:gmIdTeryt><sln:gmNazwa>Jastrząb</sln:gmNazwa><sln:miejscIIPId>7e661216-950f-44df-923a-86fdd3bb8f9a</sln:miejscIIPId><sln:miejscIIPPn>PL.PZGIK.200</sln:miejscIIPPn><sln:miejscIIPWersja>2017-04-20T13:48:40+02:00</sln:miejscIIPWersja><sln:miejscIdTeryt>0624077</sln:miejscIdTeryt><sln:miejscNazwa>Śmiłów</sln:miejscNazwa><sln:miejscRodzaj>Wieś</sln:miejscRodzaj><sln:powIIPId>6f683b5e-f4c8-4c54-a428-c4260b5bc947</sln:powIIPId><sln:powIIPPn>PL.PZGIK.200</sln:powIIPPn><sln:powIIPWersja>2012-09-27T08:13:53+02:00</sln:powIIPWersja><sln:powIdTeryt>1430</sln:powIdTeryt><sln:powNazwa>szydłowiecki</sln:powNazwa><sln:waznyOd>2014-06-23T00:00:00+02:00</sln:waznyOd><sln:wojIIPId>4b6c492a-eb04-441d-a92a-f44359c06de7</sln:wojIIPId><sln:wojIIPPn>PL.PZGIK.200</sln:wojIIPPn><sln:wojIIPWersja>2012-09-27T13:45:13+02:00</sln:wojIIPWersja><sln:wojIdTeryt>14</sln:wojIdTeryt><sln:wojNazwa>mazowieckie</sln:wojNazwa></sln:miejscowosc><sln:miejscowosc><sln:cyklZyciaOd>2017-04-20T00:00:00+02:00</sln:cyklZyciaOd><sln:gmIIPId>88b576bb-a415-460f-9fe7-880cdf59c2b1</sln:gmIIPId><sln:gmIIPPn>PL.PZGIK.200</sln:gmIIPPn><sln:gmIIPWersja>2012-09-26T21:57:08+02:00</sln:gmIIPWersja><sln:gmIdTeryt>1430022</sln:gmIdTeryt><sln:gmNazwa>Jastrząb</sln:gmNazwa><sln:miejscIIPId>283a21c0-be2d-4c9c-94e0-e3fa87e71e5f</sln:miejscIIPId><sln:miejscIIPPn>PL.PZGIK.200</sln:miejscIIPPn><sln:miejscIIPWersja>2017-04-20T13:48:41+02:00</sln:miejscIIPWersja><sln:miejscIdTeryt>0624083</sln:miejscIdTeryt><sln:miejscNazwa>Wola Lipieniecka Duża</sln:miejscNazwa><sln:miejscRodzaj>Wieś</sln:miejscRodzaj><sln:powIIPId>6f683b5e-f4c8-4c54-a428-c4260b5bc947</sln:powIIPId><sln:powIIPPn>PL.PZGIK.200</sln:powIIPPn><sln:powIIPWersja>2012-09-27T08:13:53+02:00</sln:powIIPWersja><sln:powIdTeryt>1430</sln:powIdTeryt><sln:powNazwa>szydłowiecki</sln:powNazwa><sln:waznyOd>2014-06-23T00:00:00+02:00</sln:waznyOd><sln:wojIIPId>4b6c492a-eb04-441d-a92a-f44359c06de7</sln:wojIIPId><sln:wojIIPPn>PL.PZGIK.200</sln:wojIIPPn><sln:wojIIPWersja>2012-09-27T13:45:13+02:00</sln:wojIIPWersja><sln:wojIdTeryt>14</sln:wojIdTeryt><sln:wojNazwa>mazowieckie</sln:wojNazwa></sln:miejscowosc><sln:miejscowosc><sln:cyklZyciaOd>2017-04-20T00:00:00+02:00</sln:cyklZyciaOd><sln:gmIIPId>88b576bb-a415-460f-9fe7-880cdf59c2b1</sln:gmIIPId><sln:gmIIPPn>PL.PZGIK.200</sln:gmIIPPn><sln:gmIIPWersja>2012-09-26T21:57:08+02:00</sln:gmIIPWersja><sln:gmIdTeryt>1430022</sln:gmIdTeryt><sln:gmNazwa>Jastrząb</sln:gmNazwa><sln:miejscIIPId>2ad4e78b-2fc0-424d-aae7-f8c76283a3a1</sln:miejscIIPId><sln:miejscIIPPn>PL.PZGIK.200</sln:miejscIIPPn><sln:miejscIIPWersja>2017-04-20T13:48:41+02:00</sln:miejscIIPWersja><sln:miejscIdTeryt>0624090</sln:miejscIdTeryt><sln:miejscNazwa>Wola Lipieniecka Mała</sln:miejscNazwa><sln:miejscRodzaj>Wieś</sln:miejscRodzaj><sln:powIIPId>6f683b5e-f4c8-4c54-a428-c4260b5bc947</sln:powIIPId><sln:powIIPPn>PL.PZGIK.200</sln:powIIPPn><sln:powIIPWersja>2012-09-27T08:13:53+02:00</sln:powIIPWersja><sln:powIdTeryt>1430</sln:powIdTeryt><sln:powNazwa>szydłowiecki</sln:powNazwa><sln:waznyOd>2014-06-23T00:00:00+02:00</sln:waznyOd><sln:wojIIPId>4b6c492a-eb04-441d-a92a-f44359c06de7</sln:wojIIPId><sln:wojIIPPn>PL.PZGIK.200</sln:wojIIPPn><sln:wojIIPWersja>2012-09-27T13:45:13+02:00</sln:wojIIPWersja><sln:wojIdTeryt>14</sln:wojIdTeryt><sln:wojNazwa>mazowieckie</sln:wojNazwa></sln:miejscowosc></sln:lista-miejscowosci>