<?xml version="1.0" encoding="UTF-8" standalone="yes"?><sln:lista-miejscowosci xmlns:srv="http://gugik.gov.pl/schemas/slowniki-service/1.0" xmlns:sln="http://gugik.gov.pl/schemas/slowniki-schema/1.0"><sln:miejscowosc><sln:cyklZyciaDo>2017-03-28T00:00:00+02:00</sln:cyklZyciaDo><sln:cyklZyciaOd>2015-12-10T00:00:00+01:00</sln:cyklZyciaOd><sln:gmIIPId>f3495c5c-abd2-4ee0-95d7-81262768f66c</sln:gmIIPId><sln:gmIIPPn>PL.PZGIK.200</sln:gmIIPPn><sln:gmIIPWersja>2012-09-26T21:56:43+02:00</sln:gmIIPWersja><sln:gmIdTeryt>1426042</sln:gmIdTeryt><sln:gmNazwa>Mokobody</sln:gmNazwa><sln:miejscIIPId>1bb8e1ca-5ce6-45a0-bdd0-f1c07008c6bc</sln:miejscIIPId><sln:miejscIIPPn>PL.PZGIK.200</sln:miejscIIPPn><sln:miejscIIPWersja>2016-11-24T11:57:55+02:00</sln:miejscIIPWersja><sln:miejscIdTeryt>0682070</sln:miejscIdTeryt><sln:miejscNazwa>Bale</sln:miejscNazwa><sln:miejscRodzaj>Wieś</sln:miejscRodzaj><sln:powIIPId>60f09523-3b8a-4b99-b112-9f6b6cf3c982</sln:powIIPId><sln:powIIPPn>PL.PZGIK.200</sln:powIIPPn><sln:powIIPWersja>2012-09-27T08:13:53+02:00</sln:powIIPWersja><sln:powIdTeryt>1426</sln:powIdTeryt><sln:powNazwa>siedlecki</sln:powNazwa><sln:waznyOd>2014-06-20T00:00:00+02:00</sln:waznyOd><sln:wojIIPId>4b6c492a-eb04-441d-a92a-f44359c06de7</sln:wojIIPId><sln:wojIIPPn>PL.PZGIK.200</sln:wojIIPPn><sln:wojIIPWersja>2012-09-27T13:45:13+02:00</sln:wojIIPWersja><sln:wojIdTeryt>14</sln:wojIdTeryt><sln:wojNazwa>mazowieckie</sln:wojNazwa></sln:miejscowosc><sln:miejscowosc><sln:cyklZyciaDo>2017-03-28T00:00:00+02:00</sln:cyklZyciaDo><sln:cyklZyciaOd>2015-12-10T00:00:00+01:00</sln:cyklZyciaOd><sln:gmIIPId>f3495c5c-abd2-4ee0-95d7-81262768f66c</sln:gmIIPId><sln:gmIIPPn>PL.PZGIK.200</sln:gmIIPPn><sln:gmIIPWersja>2012-09-26T21:56:43+02:00</sln:gmIIPWersja><sln:gmIdTeryt>1426042</sln:gmIdTeryt><sln:gmNazwa>Mokobody</sln:gmNazwa><sln:miejscIIPId>71fb099d-710b-4980-8f2e-6a6f16d09b63</sln:miejscIIPId><sln:miejscIIPPn>PL.PZGIK.200</sln:miejscIIPPn><sln:miejscIIPWersja>2016-11-24T11:57:55+02:00</sln:miejscIIPWersja><sln:miejscIdTeryt>0682086</sln:miejscIdTeryt><sln:miejscNazwa>Dąbrowa</sln:miejscNazwa><sln:miejscRodzaj>Wieś</sln:miejscRodzaj><sln:powIIPId>60f09523-3b8a-4b99-b112-9f6b6cf3c982</sln:powIIPId><sln:powIIPPn>PL.PZGIK.200</sln:powIIPPn><sln:powIIPWersja>2012-09-27T08:13:53+02:00</sln:powIIPWersja><sln:powIdTeryt>1426</sln:powIdTeryt><sln:powNazwa>siedlecki</sln:powNazwa><sln:waznyOd>2014-06-20T00:00:00+02:00</sln:waznyOd><sln:wojIIPId>4b6c492a-eb04-441d-a92a-f44359c06de7</sln:wojIIPId><sln:wojIIPPn>PL.PZGIK.200</sln:wojIIPPn><sln:wojIIPWersja>2012-09-27T13:45:13+02:00</sln:wojIIPWersja><sln:wojIdTeryt>14</sln:wojIdTeryt><sln:wojNazwa>mazowieckie</sln:wojNazwa></sln:miejscowosc><sln:miejscowosc><sln:cyklZyciaDo>2017-03-28T00:00:00+02:00</sln:cyklZyciaDo><sln:cyklZyciaOd>2015-12-10T00:00:00+01:00</sln:cyklZyciaOd><sln:gmIIPId>f3495c5c-abd2-4ee0-95d7-81262768f66c</sln:gmIIPId><sln:gmIIPPn>PL.PZGIK.200</sln:gmIIPPn><sln:gmIIPWersja>2012-09-26T21:56:43+02:00</sln:gmIIPWersja><sln:gmIdTeryt>1426042</sln:gmIdTeryt><sln:gmNazwa>Mokobody</sln:gmNazwa><sln:miejscIIPId>8563a324-e6c2-49c2-a8a2-36677a413755</sln:miejscIIPId><sln:miejscIIPPn>PL.PZGIK.200</sln:miejscIIPPn><sln:miejscIIPWersja>2016-11-24T11:57:55+02:00</sln:miejscIIPWersja><sln:miejscIdTeryt>0682092</sln:miejscIdTeryt><sln:miejscNazwa>Jeruzale</sln:miejscNazwa><sln:miejscRodzaj>Wieś</sln:miejscRodzaj><sln:powIIPId>60f09523-3b8a-4b99-b112-9f6b6cf3c982</sln:powIIPId><sln:powIIPPn>PL.PZGIK.200</sln:powIIPPn><sln:powIIPWersja>2012-09-27T08:13:53+02:00</sln:powIIPWersja><sln:powIdTeryt>1426</sln:powIdTeryt><sln:powNazwa>siedlecki</sln:powNazwa><sln:waznyOd>2014-06-20T00:00:00+02:00</sln:waznyOd><sln:wojIIPId>4b6c492a-eb04-441d-a92a-f44359c06de7</sln:wojIIPId><sln:wojIIPPn>PL.PZGIK.200</sln:wojIIPPn><sln:wojIIPWersja>2012-09-27T13:45:13+02:00</sln:wojIIPWersja><sln:wojIdTeryt>14</sln:wojIdTeryt><sln:wojNazwa>mazowieckie</sln:wojNazwa></sln:miejscowosc><sln:miejscowosc><sln:cyklZyciaDo>2017-03-28T00:00:00+02:00</sln:cyklZyciaDo><sln:cyklZyciaOd>2015-12-10T00:00:00+01:00</sln:cyklZyciaOd><sln:gmIIPId>f3495c5c-abd2-4ee0-95d7-81262768f66c</sln:gmIIPId><sln:gmIIPPn>PL.PZGIK.200</sln:gmIIPPn><sln:gmIIPWersja>2012-09-26T21:56:43+02:00</sln:gmIIPWersja><sln:gmIdTeryt>1426042</sln:gmIdTeryt><sln:gmNazwa>Mokobody</sln:gmNazwa><sln:miejscIIPId>51232de5-4086-4dbc-94ec-952348c366f9</sln:miejscIIPId><sln:miejscIIPPn>PL.PZGIK.200</sln:miejscIIPPn><sln:miejscIIPWersja>2016-11-24T11:57:55+02:00</sln:miejscIIPWersja><sln:miejscIdTeryt>0682100</sln:miejscIdTeryt><sln:miejscNazwa>Kapuściaki</sln:miejscNazwa><sln:miejscRodzaj>Wieś</sln:miejscRodzaj><sln:powIIPId>60f09523-3b8a-4b99-b112-9f6b6cf3c982</sln:powIIPId><sln:powIIPPn>PL.PZGIK.200</sln:powIIPPn><sln:powIIPWersja>2012-09-27T08:13:53+02:00</sln:powIIPWersja><sln:powIdTeryt>1426</sln:powIdTeryt><sln:powNazwa>siedlecki</sln:powNazwa><sln:waznyOd>2014-06-20T00:00:00+02:00</sln:waznyOd><sln:wojIIPId>4b6c492a-eb04-441d-a92a-f44359c06de7</sln:wojIIPId><sln:wojIIPPn>PL.PZGIK.200</sln:wojIIPPn><sln:wojIIPWersja>2012-09-27T13:45:13+02:00</sln:wojIIPWersja><sln:wojIdTeryt>14</sln:wojIdTeryt><sln:wojNazwa>mazowieckie</sln:wojNazwa></sln:miejscowosc><sln:miejscowosc><sln:cyklZyciaDo>2017-03-28T00:00:00+02:00</sln:cyklZyciaDo><sln:cyklZyciaOd>2015-12-10T00:00:00+01:00</sln:cyklZyciaOd><sln:gmIIPId>f3495c5c-abd2-4ee0-95d7-81262768f66c</sln:gmIIPId><sln:gmIIPPn>PL.PZGIK.200</sln:gmIIPPn><sln:gmIIPWersja>2012-09-26T21:56:43+02:00</sln:gmIIPWersja><sln:gmIdTeryt>1426042</sln:gmIdTeryt><sln:gmNazwa>Mokobody</sln:gmNazwa><sln:miejscIIPId>4e7b64bc-cab2-4a56-9090-2628ef795a6c</sln:miejscIIPId><sln:miejscIIPPn>PL.PZGIK.200</sln:miejscIIPPn><sln:miejscIIPWersja>2016-11-24T11:57:55+02:00</sln:miejscIIPWersja><sln:miejscIdTeryt>0682117</sln:miejscIdTeryt><sln:miejscNazwa>Kisielany-Kuce</sln:miejscNazwa><sln:miejscRodzaj>Wieś</sln:miejscRodzaj><sln:powIIPId>60f09523-3b8a-4b99-b112-9f6b6cf3c982</sln:powIIPId><sln:powIIPPn>PL.PZGIK.200</sln:powIIPPn><sln:powIIPWersja>2012-09-27T08:13:53+02:00</sln:powIIPWersja><sln:powIdTeryt>1426</sln:powIdTeryt><sln:powNazwa>siedlecki</sln:powNazwa><sln:waznyOd>2014-06-20T00:00:00+02:00</sln:waznyOd><sln:wojIIPId>4b6c492a-eb04-441d-a92a-f44359c06de7</sln:wojIIPId><sln:wojIIPPn>PL.PZGIK.200</sln:wojIIPPn><sln:wojIIPWersja>2012-09-27T13:45:13+02:00</sln:wojIIPWersja><sln:wojIdTeryt>14</sln:wojIdTeryt><sln:wojNazwa>mazowieckie</sln:wojNazwa></sln:miejscowosc><sln:miejscowosc><sln:cyklZyciaDo>2017-03-28T00:00:00+02:00</sln:cyklZyciaDo><sln:cyklZyciaOd>2015-12-10T00:00:00+01:00</sln:cyklZyciaOd><sln:gmIIPId>f3495c5c-abd2-4ee0-95d7-81262768f66c</sln:gmIIPId><sln:gmIIPPn>PL.PZGIK.200</sln:gmIIPPn><sln:gmIIPWersja>2012-09-26T21:56:43+02:00</sln:gmIIPWersja><sln:gmIdTeryt>1426042</sln:gmIdTeryt><sln:gmNazwa>Mokobody</sln:gmNazwa><sln:miejscIIPId>3b030819-e8af-4d42-9b4c-df4c112f51a0</sln:miejscIIPId><sln:miejscIIPPn>PL.PZGIK.200</sln:miejscIIPPn><sln:miejscIIPWersja>2016-11-24T11:57:55+02:00</sln:miejscIIPWersja><sln:miejscIdTeryt>0682123</sln:miejscIdTeryt><sln:miejscNazwa>Kisielany-Żmichy</sln:miejscNazwa><sln:miejscRodzaj>Wieś</sln:miejscRodzaj><sln:powIIPId>60f09523-3b8a-4b99-b112-9f6b6cf3c982</sln:powIIPId><sln:powIIPPn>PL.PZGIK.200</sln:powIIPPn><sln:powIIPWersja>2012-09-27T08:13:53+02:00</sln:powIIPWersja><sln:powIdTeryt>1426</sln:powIdTeryt><sln:powNazwa>siedlecki</sln:powNazwa><sln:waznyOd>2014-06-20T00:00:00+02:00</sln:waznyOd><sln:wojIIPId>4b6c492a-eb04-441d-a92a-f44359c06de7</sln:wojIIPId><sln:wojIIPPn>PL.PZGIK.200</sln:wojIIPPn><sln:wojIIPWersja>2012-09-27T13:45:13+02:00</sln:wojIIPWersja><sln:wojIdTeryt>14</sln:wojIdTeryt><sln:wojNazwa>mazowieckie</sln:wojNazwa></sln:miejscowosc><sln:miejscowosc><sln:cyklZyciaDo>2017-03-28T00:00:00+02:00</sln:cyklZyciaDo><sln:cyklZyciaOd>2015-12-10T00:00:00+01:00</sln:cyklZyciaOd><sln:gmIIPId>f3495c5c-abd2-4ee0-95d7-81262768f66c</sln:gmIIPId><sln:gmIIPPn>PL.PZGIK.200</sln:gmIIPPn><sln:gmIIPWersja>2012-09-26T21:56:43+02:00</sln:gmIIPWersja><sln:gmIdTeryt>1426042</sln:gmIdTeryt><sln:gmNazwa>Mokobody</sln:gmNazwa><sln:miejscIIPId>7e38a1a2-19fe-48d2-9bbb-134925eff5f4</sln:miejscIIPId><sln:miejscIIPPn>PL.PZGIK.200</sln:miejscIIPPn><sln:miejscIIPWersja>2016-11-24T11:57:55+02:00</sln:miejscIIPWersja><sln:miejscIdTeryt>0682130</sln:miejscIdTeryt><sln:miejscNazwa>Księżopole-Jałmużny</sln:miejscNazwa><sln:miejscRodzaj>Wieś</sln:miejscRodzaj><sln:powIIPId>60f09523-3b8a-4b99-b112-9f6b6cf3c982</sln:powIIPId><sln:powIIPPn>PL.PZGIK.200</sln:powIIPPn><sln:powIIPWersja>2012-09-27T08:13:53+02:00</sln:powIIPWersja><sln:powIdTeryt>1426</sln:powIdTeryt><sln:powNazwa>siedlecki</sln:powNazwa><sln:waznyOd>2015-06-18T00:00:00+02:00</sln:waznyOd><sln:wojIIPId>4b6c492a-eb04-441d-a92a-f44359c06de7</sln:wojIIPId><sln:wojIIPPn>PL.PZGIK.200</sln:wojIIPPn><sln:wojIIPWersja>2012-09-27T13:45:13+02:00</sln:wojIIPWersja><sln:wojIdTeryt>14</sln:wojIdTeryt><sln:wojNazwa>mazowieckie</sln:wojNazwa></sln:miejscowosc><sln:miejscowosc><sln:cyklZyciaDo>2017-03-28T00:00:00+02:00</sln:cyklZyciaDo><sln:cyklZyciaOd>2015-12-10T00:00:00+01:00</sln:cyklZyciaOd><sln:gmIIPId>f3495c5c-abd2-4ee0-95d7-81262768f66c</sln:gmIIPId><sln:gmIIPPn>PL.PZGIK.200</sln:gmIIPPn><sln:gmIIPWersja>2012-09-26T21:56:43+02:00</sln:gmIIPWersja><sln:gmIdTeryt>1426042</sln:gmIdTeryt><sln:gmNazwa>Mokobody</sln:gmNazwa><sln:miejscIIPId>cf959015-9145-4fb4-bdd2-87126adb34f7</sln:miejscIIPId><sln:miejscIIPPn>PL.PZGIK.200</sln:miejscIIPPn><sln:miejscIIPWersja>2016-11-24T11:57:55+02:00</sln:miejscIIPWersja><sln:miejscIdTeryt>0682146</sln:miejscIdTeryt><sln:miejscNazwa>Księżopole-Smolaki</sln:miejscNazwa><sln:miejscRodzaj>Wieś</sln:miejscRodzaj><sln:powIIPId>60f09523-3b8a-4b99-b112-9f6b6cf3c982</sln:powIIPId><sln:powIIPPn>PL.PZGIK.200</sln:powIIPPn><sln:powIIPWersja>2012-09-27T08:13:53+02:00</sln:powIIPWersja><sln:powIdTeryt>1426</sln:powIdTeryt><sln:powNazwa>siedlecki</sln:powNazwa><sln:waznyOd>2014-06-20T00:00:00+02:00</sln:waznyOd><sln:wojIIPId>4b6c492a-eb04-441d-a92a-f44359c06de7</sln:wojIIPId><sln:wojIIPPn>PL.PZGIK.200</sln:wojIIPPn><sln:wojIIPWersja>2012-09-27T13:45:13+02:00</sln:wojIIPWersja><sln:wojIdTeryt>14</sln:wojIdTeryt><sln:wojNazwa>mazowieckie</sln:wojNazwa></sln:miejscowosc><sln:miejscowosc><sln:cyklZyciaDo>2017-03-28T00:00:00+02:00</sln:cyklZyciaDo><sln:cyklZyciaOd>2015-12-10T00:00:00+01:00</sln:cyklZyciaOd><sln:gmIIPId>f3495c5c-abd2-4ee0-95d7-81262768f66c</sln:gmIIPId><sln:gmIIPPn>PL.PZGIK.200</sln:gmIIPPn><sln:gmIIPWersja>2012-09-26T21:56:43+02:00</sln:gmIIPWersja><sln:gmIdTeryt>1426042</sln:gmIdTeryt><sln:gmNazwa>Mokobody</sln:gmNazwa><sln:miejscIIPId>881f939c-693d-4038-8a70-85776de8dc05</sln:miejscIIPId><sln:miejscIIPPn>PL.PZGIK.200</sln:miejscIIPPn><sln:miejscIIPWersja>2016-11-24T11:57:55+02:00</sln:miejscIIPWersja><sln:miejscIdTeryt>0682152</sln:miejscIdTeryt><sln:miejscNazwa>Męczyn</sln:miejscNazwa><sln:miejscRodzaj>Wieś</sln:miejscRodzaj><sln:powIIPId>60f09523-3b8a-4b99-b112-9f6b6cf3c982</sln:powIIPId><sln:powIIPPn>PL.PZGIK.200</sln:powIIPPn><sln:powIIPWersja>2012-09-27T08:13:53+02:00</sln:powIIPWersja><sln:powIdTeryt>1426</sln:powIdTeryt><sln:powNazwa>siedlecki</sln:powNazwa><sln:waznyOd>2014-06-20T00:00:00+02:00</sln:waznyOd><sln:wojIIPId>4b6c492a-eb04-441d-a92a-f44359c06de7</sln:wojIIPId><sln:wojIIPPn>PL.PZGIK.200</sln:wojIIPPn><sln:wojIIPWersja>2012-09-27T13:45:13+02:00</sln:wojIIPWersja><sln:wojIdTeryt>14</sln:wojIdTeryt><sln:wojNazwa>mazowieckie</sln:wojNazwa></sln:miejscowosc><sln:miejscowosc><sln:cyklZyciaDo>2017-03-28T00:00:00+02:00</sln:cyklZyciaDo><sln:cyklZyciaOd>2015-12-10T00:00:00+01:00</sln:cyklZyciaOd><sln:gmIIPId>f3495c5c-abd2-4ee0-95d7-81262768f66c</sln:gmIIPId><sln:gmIIPPn>PL.PZGIK.200</sln:gmIIPPn><sln:gmIIPWersja>2012-09-26T21:56:43+02:00</sln:gmIIPWersja><sln:gmIdTeryt>1426042</sln:gmIdTeryt><sln:gmNazwa>Mokobody</sln:gmNazwa><sln:miejscIIPId>2758c1bc-ebcc-4f45-9099-fcb16da42b13</sln:miejscIIPId><sln:miejscIIPPn>PL.PZGIK.200</sln:miejscIIPPn><sln:miejscIIPWersja>2016-11-24T11:57:55+02:00</sln:miejscIIPWersja><sln:miejscIdTeryt>0682169</sln:miejscIdTeryt><sln:miejscNazwa>Męczyn-Kolonia</sln:miejscNazwa><sln:miejscRodzaj>Wieś</sln:miejscRodzaj><sln:powIIPId>60f09523-3b8a-4b99-b112-9f6b6cf3c982</sln:powIIPId><sln:powIIPPn>PL.PZGIK.200</sln:powIIPPn><sln:powIIPWersja>2012-09-27T08:13:53+02:00</sln:powIIPWersja><sln:powIdTeryt>1426</sln:powIdTeryt><sln:powNazwa>siedlecki</sln:powNazwa><sln:waznyOd>2014-06-20T00:00:00+02:00</sln:waznyOd><sln:wojIIPId>4b6c492a-eb04-441d-a92a-f44359c06de7</sln:wojIIPId><sln:wojIIPPn>PL.PZGIK.200</sln:wojIIPPn><sln:wojIIPWersja>2012-09-27T13:45:13+02:00</sln:wojIIPWersja><sln:wojIdTeryt>14</sln:wojIdTeryt><sln:wojNazwa>mazowieckie</sln:wojNazwa></sln:miejscowosc><sln:miejscowosc><sln:cyklZyciaDo>2017-03-28T00:00:00+02:00</sln:cyklZyciaDo><sln:cyklZyciaOd>2015-12-10T00:00:00+01:00</sln:cyklZyciaOd><sln:gmIIPId>f3495c5c-abd2-4ee0-95d7-81262768f66c</sln:gmIIPId><sln:gmIIPPn>PL.PZGIK.200</sln:gmIIPPn><sln:gmIIPWersja>2012-09-26T21:56:43+02:00</sln:gmIIPWersja><sln:gmIdTeryt>1426042</sln:gmIdTeryt><sln:gmNazwa>Mokobody</sln:gmNazwa><sln:miejscIIPId>50fe6442-3e7a-4139-a844-8d741f449af3</sln:miejscIIPId><sln:miejscIIPPn>PL.PZGIK.200</sln:miejscIIPPn><sln:miejscIIPWersja>2016-11-24T11:57:55+02:00</sln:miejscIIPWersja><sln:miejscIdTeryt>0682175</sln:miejscIdTeryt><sln:miejscNazwa>Mokobody</sln:miejscNazwa><sln:miejscRodzaj>Wieś</sln:miejscRodzaj><sln:powIIPId>60f09523-3b8a-4b99-b112-9f6b6cf3c982</sln:powIIPId><sln:powIIPPn>PL.PZGIK.200</sln:powIIPPn><sln:powIIPWersja>2012-09-27T08:13:53+02:00</sln:powIIPWersja><sln:powIdTeryt>1426</sln:powIdTeryt><sln:powNazwa>siedlecki</sln:powNazwa><sln:waznyOd>2014-06-20T00:00:00+02:00</sln:waznyOd><sln:wojIIPId>4b6c492a-eb04-441d-a92a-f44359c06de7</sln:wojIIPId><sln:wojIIPPn>PL.PZGIK.200</sln:wojIIPPn><sln:wojIIPWersja>2012-09-27T13:45:13+02:00</sln:wojIIPWersja><sln:wojIdTeryt>14</sln:wojIdTeryt><sln:wojNazwa>mazowieckie</sln:wojNazwa></sln:miejscowosc><sln:miejscowosc><sln:cyklZyciaDo>2017-03-28T00:00:00+02:00</sln:cyklZyciaDo><sln:cyklZyciaOd>2015-12-10T00:00:00+01:00</sln:cyklZyciaOd><sln:gmIIPId>f3495c5c-abd2-4ee0-95d7-81262768f66c</sln:gmIIPId><sln:gmIIPPn>PL.PZGIK.200</sln:gmIIPPn><sln:gmIIPWersja>2012-09-26T21:56:43+02:00</sln:gmIIPWersja><sln:gmIdTeryt>1426042</sln:gmIdTeryt><sln:gmNazwa>Mokobody</sln:gmNazwa><sln:miejscIIPId>51b4b9de-7e88-4884-9cb2-7d60a54ab299</sln:miejscIIPId><sln:miejscIIPPn>PL.PZGIK.200</sln:miejscIIPPn><sln:miejscIIPWersja>2016-11-24T11:57:55+02:00</sln:miejscIIPWersja><sln:miejscIdTeryt>0682181</sln:miejscIdTeryt><sln:miejscNazwa>Mokobody-Kolonia</sln:miejscNazwa><sln:miejscRodzaj>Wieś</sln:miejscRodzaj><sln:powIIPId>60f09523-3b8a-4b99-b112-9f6b6cf3c982</sln:powIIPId><sln:powIIPPn>PL.PZGIK.200</sln:powIIPPn><sln:powIIPWersja>2012-09-27T08:13:53+02:00</sln:powIIPWersja><sln:powIdTeryt>1426</sln:powIdTeryt><sln:powNazwa>siedlecki</sln:powNazwa><sln:waznyOd>2014-06-20T00:00:00+02:00</sln:waznyOd><sln:wojIIPId>4b6c492a-eb04-441d-a92a-f44359c06de7</sln:wojIIPId><sln:wojIIPPn>PL.PZGIK.200</sln:wojIIPPn><sln:wojIIPWersja>2012-09-27T13:45:13+02:00</sln:wojIIPWersja><sln:wojIdTeryt>14</sln:wojIdTeryt><sln:wojNazwa>mazowieckie</sln:wojNazwa></sln:miejscowosc><sln:miejscowosc><sln:cyklZyciaDo>2017-03-28T00:00:00+02:00</sln:cyklZyciaDo><sln:cyklZyciaOd>2015-12-10T00:00:00+01:00</sln:cyklZyciaOd><sln:gmIIPId>f3495c5c-abd2-4ee0-95d7-81262768f66c</sln:gmIIPId><sln:gmIIPPn>PL.PZGIK.200</sln:gmIIPPn><sln:gmIIPWersja>2012-09-26T21:56:43+02:00</sln:gmIIPWersja><sln:gmIdTeryt>1426042</sln:gmIdTeryt><sln:gmNazwa>Mokobody</sln:gmNazwa><sln:miejscIIPId>8ab604e8-eaf5-46bc-8841-5a71ac1ac6cf</sln:miejscIIPId><sln:miejscIIPPn>PL.PZGIK.200</sln:miejscIIPPn><sln:miejscIIPWersja>2016-11-24T11:57:55+02:00</sln:miejscIIPWersja><sln:miejscIdTeryt>0682198</sln:miejscIdTeryt><sln:miejscNazwa>Niwiski</sln:miejscNazwa><sln:miejscRodzaj>Wieś</sln:miejscRodzaj><sln:powIIPId>60f09523-3b8a-4b99-b112-9f6b6cf3c982</sln:powIIPId><sln:powIIPPn>PL.PZGIK.200</sln:powIIPPn><sln:powIIPWersja>2012-09-27T08:13:53+02:00</sln:powIIPWersja><sln:powIdTeryt>1426</sln:powIdTeryt><sln:powNazwa>siedlecki</sln:powNazwa><sln:waznyOd>2014-06-20T00:00:00+02:00</sln:waznyOd><sln:wojIIPId>4b6c492a-eb04-441d-a92a-f44359c06de7</sln:wojIIPId><sln:wojIIPPn>PL.PZGIK.200</sln:wojIIPPn><sln:wojIIPWersja>2012-09-27T13:45:13+02:00</sln:wojIIPWersja><sln:wojIdTeryt>14</sln:wojIdTeryt><sln:wojNazwa>mazowieckie</sln:wojNazwa></sln:miejscowosc><sln:miejscowosc><sln:cyklZyciaDo>2017-03-28T00:00:00+02:00</sln:cyklZyciaDo><sln:cyklZyciaOd>2015-12-10T00:00:00+01:00</sln:cyklZyciaOd><sln:gmIIPId>f3495c5c-abd2-4ee0-95d7-81262768f66c</sln:gmIIPId><sln:gmIIPPn>PL.PZGIK.200</sln:gmIIPPn><sln:gmIIPWersja>2012-09-26T21:56:43+02:00</sln:gmIIPWersja><sln:gmIdTeryt>1426042</sln:gmIdTeryt><sln:gmNazwa>Mokobody</sln:gmNazwa><sln:miejscIIPId>e1aaf694-e61b-4fbc-aa74-5c2c73ae9bdf</sln:miejscIIPId><sln:miejscIIPPn>PL.PZGIK.200</sln:miejscIIPPn><sln:miejscIIPWersja>2016-11-24T11:57:55+02:00</sln:miejscIIPWersja><sln:miejscIdTeryt>0682229</sln:miejscIdTeryt><sln:miejscNazwa>Osiny Dolne</sln:miejscNazwa><sln:miejscRodzaj>Wieś</sln:miejscRodzaj><sln:powIIPId>60f09523-3b8a-4b99-b112-9f6b6cf3c982</sln:powIIPId><sln:powIIPPn>PL.PZGIK.200</sln:powIIPPn><sln:powIIPWersja>2012-09-27T08:13:53+02:00</sln:powIIPWersja><sln:powIdTeryt>1426</sln:powIdTeryt><sln:powNazwa>siedlecki</sln:powNazwa><sln:waznyOd>2014-06-20T00:00:00+02:00</sln:waznyOd><sln:wojIIPId>4b6c492a-eb04-441d-a92a-f44359c06de7</sln:wojIIPId><sln:wojIIPPn>PL.PZGIK.200</sln:wojIIPPn><sln:wojIIPWersja>2012-09-27T13:45:13+02:00</sln:wojIIPWersja><sln:wojIdTeryt>14</sln:wojIdTeryt><sln:wojNazwa>mazowieckie</sln:wojNazwa></sln:miejscowosc><sln:miejscowosc><sln:cyklZyciaDo>2017-03-28T00:00:00+02:00</sln:cyklZyciaDo><sln:cyklZyciaOd>2015-12-10T00:00:00+01:00</sln:cyklZyciaOd><sln:gmIIPId>f3495c5c-abd2-4ee0-95d7-81262768f66c</sln:gmIIPId><sln:gmIIPPn>PL.PZGIK.200</sln:gmIIPPn><sln:gmIIPWersja>2012-09-26T21:56:43+02:00</sln:gmIIPWersja><sln:gmIdTeryt>1426042</sln:gmIdTeryt><sln:gmNazwa>Mokobody</sln:gmNazwa><sln:miejscIIPId>6cc46921-3c1c-4c58-b009-9e44b3dd32f8</sln:miejscIIPId><sln:miejscIIPPn>PL.PZGIK.200</sln:miejscIIPPn><sln:miejscIIPWersja>2016-11-24T11:57:55+02:00</sln:miejscIIPWersja><sln:miejscIdTeryt>0682235</sln:miejscIdTeryt><sln:miejscNazwa>Osiny Górne</sln:miejscNazwa><sln:miejscRodzaj>Wieś</sln:miejscRodzaj><sln:powIIPId>60f09523-3b8a-4b99-b112-9f6b6cf3c982</sln:powIIPId><sln:powIIPPn>PL.PZGIK.200</sln:powIIPPn><sln:powIIPWersja>2012-09-27T08:13:53+02:00</sln:powIIPWersja><sln:powIdTeryt>1426</sln:powIdTeryt><sln:powNazwa>siedlecki</sln:powNazwa><sln:waznyOd>2014-06-20T00:00:00+02:00</sln:waznyOd><sln:wojIIPId>4b6c492a-eb04-441d-a92a-f44359c06de7</sln:wojIIPId><sln:wojIIPPn>PL.PZGIK.200</sln:wojIIPPn><sln:wojIIPWersja>2012-09-27T13:45:13+02:00</sln:wojIIPWersja><sln:wojIdTeryt>14</sln:wojIdTeryt><sln:wojNazwa>mazowieckie</sln:wojNazwa></sln:miejscowosc><sln:miejscowosc><sln:cyklZyciaDo>2017-03-28T00:00:00+02:00</sln:cyklZyciaDo><sln:cyklZyciaOd>2015-12-10T00:00:00+01:00</sln:cyklZyciaOd><sln:gmIIPId>f3495c5c-abd2-4ee0-95d7-81262768f66c</sln:gmIIPId><sln:gmIIPPn>PL.PZGIK.200</sln:gmIIPPn><sln:gmIIPWersja>2012-09-26T21:56:43+02:00</sln:gmIIPWersja><sln:gmIdTeryt>1426042</sln:gmIdTeryt><sln:gmNazwa>Mokobody</sln:gmNazwa><sln:miejscIIPId>d8a9acc6-454e-4130-9771-484c8f3bcd84</sln:miejscIIPId><sln:miejscIIPPn>PL.PZGIK.200</sln:miejscIIPPn><sln:miejscIIPWersja>2016-11-24T11:57:55+02:00</sln:miejscIIPWersja><sln:miejscIdTeryt>0682241</sln:miejscIdTeryt><sln:miejscNazwa>Pieńki</sln:miejscNazwa><sln:miejscRodzaj>Wieś</sln:miejscRodzaj><sln:powIIPId>60f09523-3b8a-4b99-b112-9f6b6cf3c982</sln:powIIPId><sln:powIIPPn>PL.PZGIK.200</sln:powIIPPn><sln:powIIPWersja>2012-09-27T08:13:53+02:00</sln:powIIPWersja><sln:powIdTeryt>1426</sln:powIdTeryt><sln:powNazwa>siedlecki</sln:powNazwa><sln:waznyOd>2014-06-20T00:00:00+02:00</sln:waznyOd><sln:wojIIPId>4b6c492a-eb04-441d-a92a-f44359c06de7</sln:wojIIPId><sln:wojIIPPn>PL.PZGIK.200</sln:wojIIPPn><sln:wojIIPWersja>2012-09-27T13:45:13+02:00</sln:wojIIPWersja><sln:wojIdTeryt>14</sln:wojIdTeryt><sln:wojNazwa>mazowieckie</sln:wojNazwa></sln:miejscowosc><sln:miejscowosc><sln:cyklZyciaDo>2017-03-28T00:00:00+02:00</sln:cyklZyciaDo><sln:cyklZyciaOd>2015-12-10T00:00:00+01:00</sln:cyklZyciaOd><sln:gmIIPId>f3495c5c-abd2-4ee0-95d7-81262768f66c</sln:gmIIPId><sln:gmIIPPn>PL.PZGIK.200</sln:gmIIPPn><sln:gmIIPWersja>2012-09-26T21:56:43+02:00</sln:gmIIPWersja><sln:gmIdTeryt>1426042</sln:gmIdTeryt><sln:gmNazwa>Mokobody</sln:gmNazwa><sln:miejscIIPId>3716b55b-e10c-4085-8b4d-819ed11c85df</sln:miejscIIPId><sln:miejscIIPPn>PL.PZGIK.200</sln:miejscIIPPn><sln:miejscIIPWersja>2016-11-24T11:57:55+02:00</sln:miejscIIPWersja><sln:miejscIdTeryt>0682258</sln:miejscIdTeryt><sln:miejscNazwa>Skupie</sln:miejscNazwa><sln:miejscRodzaj>Wieś</sln:miejscRodzaj><sln:powIIPId>60f09523-3b8a-4b99-b112-9f6b6cf3c982</sln:powIIPId><sln:powIIPPn>PL.PZGIK.200</sln:powIIPPn><sln:powIIPWersja>2012-09-27T08:13:53+02:00</sln:powIIPWersja><sln:powIdTeryt>1426</sln:powIdTeryt><sln:powNazwa>siedlecki</sln:powNazwa><sln:waznyOd>2014-06-20T00:00:00+02:00</sln:waznyOd><sln:wojIIPId>4b6c492a-eb04-441d-a92a-f44359c06de7</sln:wojIIPId><sln:wojIIPPn>PL.PZGIK.200</sln:wojIIPPn><sln:wojIIPWersja>2012-09-27T13:45:13+02:00</sln:wojIIPWersja><sln:wojIdTeryt>14</sln:wojIdTeryt><sln:wojNazwa>mazowieckie</sln:wojNazwa></sln:miejscowosc><sln:miejscowosc><sln:cyklZyciaDo>2017-03-28T00:00:00+02:00</sln:cyklZyciaDo><sln:cyklZyciaOd>2015-12-10T00:00:00+01:00</sln:cyklZyciaOd><sln:gmIIPId>f3495c5c-abd2-4ee0-95d7-81262768f66c</sln:gmIIPId><sln:gmIIPPn>PL.PZGIK.200</sln:gmIIPPn><sln:gmIIPWersja>2012-09-26T21:56:43+02:00</sln:gmIIPWersja><sln:gmIdTeryt>1426042</sln:gmIdTeryt><sln:gmNazwa>Mokobody</sln:gmNazwa><sln:miejscIIPId>262b4e90-e333-4130-be46-c859d77ec89f</sln:miejscIIPId><sln:miejscIIPPn>PL.PZGIK.200</sln:miejscIIPPn><sln:miejscIIPWersja>2016-11-24T11:57:55+02:00</sln:miejscIIPWersja><sln:miejscIdTeryt>0682264</sln:miejscIdTeryt><sln:miejscNazwa>Świniary</sln:miejscNazwa><sln:miejscRodzaj>Wieś</sln:miejscRodzaj><sln:powIIPId>60f09523-3b8a-4b99-b112-9f6b6cf3c982</sln:powIIPId><sln:powIIPPn>PL.PZGIK.200</sln:powIIPPn><sln:powIIPWersja>2012-09-27T08:13:53+02:00</sln:powIIPWersja><sln:powIdTeryt>1426</sln:powIdTeryt><sln:powNazwa>siedlecki</sln:powNazwa><sln:waznyOd>2014-06-20T00:00:00+02:00</sln:waznyOd><sln:wojIIPId>4b6c492a-eb04-441d-a92a-f44359c06de7</sln:wojIIPId><sln:wojIIPPn>PL.PZGIK.200</sln:wojIIPPn><sln:wojIIPWersja>2012-09-27T13:45:13+02:00</sln:wojIIPWersja><sln:wojIdTeryt>14</sln:wojIdTeryt><sln:wojNazwa>mazowieckie</sln:wojNazwa></sln:miejscowosc><sln:miejscowosc><sln:cyklZyciaDo>2017-03-28T00:00:00+02:00</sln:cyklZyciaDo><sln:cyklZyciaOd>2015-12-10T00:00:00+01:00</sln:cyklZyciaOd><sln:gmIIPId>f3495c5c-abd2-4ee0-95d7-81262768f66c</sln:gmIIPId><sln:gmIIPPn>PL.PZGIK.200</sln:gmIIPPn><sln:gmIIPWersja>2012-09-26T21:56:43+02:00</sln:gmIIPWersja><sln:gmIdTeryt>1426042</sln:gmIdTeryt><sln:gmNazwa>Mokobody</sln:gmNazwa><sln:miejscIIPId>71712b60-a352-4b63-a1e6-688461583b03</sln:miejscIIPId><sln:miejscIIPPn>PL.PZGIK.200</sln:miejscIIPPn><sln:miejscIIPWersja>2016-11-24T11:57:55+02:00</sln:miejscIIPWersja><sln:miejscIdTeryt>0682270</sln:miejscIdTeryt><sln:miejscNazwa>Wesoła</sln:miejscNazwa><sln:miejscRodzaj>Wieś</sln:miejscRodzaj><sln:powIIPId>60f09523-3b8a-4b99-b112-9f6b6cf3c982</sln:powIIPId><sln:powIIPPn>PL.PZGIK.200</sln:powIIPPn><sln:powIIPWersja>2012-09-27T08:13:53+02:00</sln:powIIPWersja><sln:powIdTeryt>1426</sln:powIdTeryt><sln:powNazwa>siedlecki</sln:powNazwa><sln:waznyOd>2014-06-20T00:00:00+02:00</sln:waznyOd><sln:wojIIPId>4b6c492a-eb04-441d-a92a-f44359c06de7</sln:wojIIPId><sln:wojIIPPn>PL.PZGIK.200</sln:wojIIPPn><sln:wojIIPWersja>2012-09-27T13:45:13+02:00</sln:wojIIPWersja><sln:wojIdTeryt>14</sln:wojIdTeryt><sln:wojNazwa>mazowieckie</sln:wojNazwa></sln:miejscowosc><sln:miejscowosc><sln:cyklZyciaDo>2017-03-28T00:00:00+02:00</sln:cyklZyciaDo><sln:cyklZyciaOd>2015-12-10T00:00:00+01:00</sln:cyklZyciaOd><sln:gmIIPId>f3495c5c-abd2-4ee0-95d7-81262768f66c</sln:gmIIPId><sln:gmIIPPn>PL.PZGIK.200</sln:gmIIPPn><sln:gmIIPWersja>2012-09-26T21:56:43+02:00</sln:gmIIPWersja><sln:gmIdTeryt>1426042</sln:gmIdTeryt><sln:gmNazwa>Mokobody</sln:gmNazwa><sln:miejscIIPId>c8343d79-3153-4304-9c44-6291f0a70756</sln:miejscIIPId><sln:miejscIIPPn>PL.PZGIK.200</sln:miejscIIPPn><sln:miejscIIPWersja>2016-11-24T11:57:55+02:00</sln:miejscIIPWersja><sln:miejscIdTeryt>0682287</sln:miejscIdTeryt><sln:miejscNazwa>Wólka Proszewska</sln:miejscNazwa><sln:miejscRodzaj>Wieś</sln:miejscRodzaj><sln:powIIPId>60f09523-3b8a-4b99-b112-9f6b6cf3c982</sln:powIIPId><sln:powIIPPn>PL.PZGIK.200</sln:powIIPPn><sln:powIIPWersja>2012-09-27T08:13:53+02:00</sln:powIIPWersja><sln:powIdTeryt>1426</sln:powIdTeryt><sln:powNazwa>siedlecki</sln:powNazwa><sln:waznyOd>2014-06-20T00:00:00+02:00</sln:waznyOd><sln:wojIIPId>4b6c492a-eb04-441d-a92a-f44359c06de7</sln:wojIIPId><sln:wojIIPPn>PL.PZGIK.200</sln:wojIIPPn><sln:wojIIPWersja>2012-09-27T13:45:13+02:00</sln:wojIIPWersja><sln:wojIdTeryt>14</sln:wojIdTeryt><sln:wojNazwa>mazowieckie</sln:wojNazwa></sln:miejscowosc><sln:miejscowosc><sln:cyklZyciaDo>2017-03-28T00:00:00+02:00</sln:cyklZyciaDo><sln:cyklZyciaOd>2015-12-10T00:00:00+01:00</sln:cyklZyciaOd><sln:gmIIPId>f3495c5c-abd2-4ee0-95d7-81262768f66c</sln:gmIIPId><sln:gmIIPPn>PL.PZGIK.200</sln:gmIIPPn><sln:gmIIPWersja>2012-09-26T21:56:43+02:00</sln:gmIIPWersja><sln:gmIdTeryt>1426042</sln:gmIdTeryt><sln:gmNazwa>Mokobody</sln:gmNazwa><sln:miejscIIPId>c714366a-0bb1-449e-bd3b-9938d082d092</sln:miejscIIPId><sln:miejscIIPPn>PL.PZGIK.200</sln:miejscIIPPn><sln:miejscIIPWersja>2016-11-24T11:57:55+02:00</sln:miejscIIPWersja><sln:miejscIdTeryt>0682293</sln:miejscIdTeryt><sln:miejscNazwa>Wólka Żukowska</sln:miejscNazwa><sln:miejscRodzaj>Wieś</sln:miejscRodzaj><sln:powIIPId>60f09523-3b8a-4b99-b112-9f6b6cf3c982</sln:powIIPId><sln:powIIPPn>PL.PZGIK.200</sln:powIIPPn><sln:powIIPWersja>2012-09-27T08:13:53+02:00</sln:powIIPWersja><sln:powIdTeryt>1426</sln:powIdTeryt><sln:powNazwa>siedlecki</sln:powNazwa><sln:waznyOd>2014-06-20T00:00:00+02:00</sln:waznyOd><sln:wojIIPId>4b6c492a-eb04-441d-a92a-f44359c06de7</sln:wojIIPId><sln:wojIIPPn>PL.PZGIK.200</sln:wojIIPPn><sln:wojIIPWersja>2012-09-27T13:45:13+02:00</sln:wojIIPWersja><sln:wojIdTeryt>14</sln:wojIdTeryt><sln:wojNazwa>mazowieckie</sln:wojNazwa></sln:miejscowosc><sln:miejscowosc><sln:cyklZyciaDo>2017-03-28T00:00:00+02:00</sln:cyklZyciaDo><sln:cyklZyciaOd>2015-12-10T00:00:00+01:00</sln:cyklZyciaOd><sln:gmIIPId>f3495c5c-abd2-4ee0-95d7-81262768f66c</sln:gmIIPId><sln:gmIIPPn>PL.PZGIK.200</sln:gmIIPPn><sln:gmIIPWersja>2012-09-26T21:56:43+02:00</sln:gmIIPWersja><sln:gmIdTeryt>1426042</sln:gmIdTeryt><sln:gmNazwa>Mokobody</sln:gmNazwa><sln:miejscIIPId>6a78b637-b8de-4a05-9cef-772ca42b4c99</sln:miejscIIPId><sln:miejscIIPPn>PL.PZGIK.200</sln:miejscIIPPn><sln:miejscIIPWersja>2016-11-24T11:57:55+02:00</sln:miejscIIPWersja><sln:miejscIdTeryt>0682301</sln:miejscIdTeryt><sln:miejscNazwa>Wyłazy</sln:miejscNazwa><sln:miejscRodzaj>Wieś</sln:miejscRodzaj><sln:powIIPId>60f09523-3b8a-4b99-b112-9f6b6cf3c982</sln:powIIPId><sln:powIIPPn>PL.PZGIK.200</sln:powIIPPn><sln:powIIPWersja>2012-09-27T08:13:53+02:00</sln:powIIPWersja><sln:powIdTeryt>1426</sln:powIdTeryt><sln:powNazwa>siedlecki</sln:powNazwa><sln:waznyOd>2014-06-20T00:00:00+02:00</sln:waznyOd><sln:wojIIPId>4b6c492a-eb04-441d-a92a-f44359c06de7</sln:wojIIPId><sln:wojIIPPn>PL.PZGIK.200</sln:wojIIPPn><sln:wojIIPWersja>2012-09-27T13:45:13+02:00</sln:wojIIPWersja><sln:wojIdTeryt>14</sln:wojIdTeryt><sln:wojNazwa>mazowieckie</sln:wojNazwa></sln:miejscowosc><sln:miejscowosc><sln:cyklZyciaDo>2017-03-28T00:00:00+02:00</sln:cyklZyciaDo><sln:cyklZyciaOd>2015-12-10T00:00:00+01:00</sln:cyklZyciaOd><sln:gmIIPId>f3495c5c-abd2-4ee0-95d7-81262768f66c</sln:gmIIPId><sln:gmIIPPn>PL.PZGIK.200</sln:gmIIPPn><sln:gmIIPWersja>2012-09-26T21:56:43+02:00</sln:gmIIPWersja><sln:gmIdTeryt>1426042</sln:gmIdTeryt><sln:gmNazwa>Mokobody</sln:gmNazwa><sln:miejscIIPId>49474d48-e3a8-4065-95dc-24369eceee9d</sln:miejscIIPId><sln:miejscIIPPn>PL.PZGIK.200</sln:miejscIIPPn><sln:miejscIIPWersja>2016-11-24T11:57:55+02:00</sln:miejscIIPWersja><sln:miejscIdTeryt>0682318</sln:miejscIdTeryt><sln:miejscNazwa>Zaliwie-Brzozówka</sln:miejscNazwa><sln:miejscRodzaj>Wieś</sln:miejscRodzaj><sln:powIIPId>60f09523-3b8a-4b99-b112-9f6b6cf3c982</sln:powIIPId><sln:powIIPPn>PL.PZGIK.200</sln:powIIPPn><sln:powIIPWersja>2012-09-27T08:13:53+02:00</sln:powIIPWersja><sln:powIdTeryt>1426</sln:powIdTeryt><sln:powNazwa>siedlecki</sln:powNazwa><sln:waznyOd>2014-06-20T00:00:00+02:00</sln:waznyOd><sln:wojIIPId>4b6c492a-eb04-441d-a92a-f44359c06de7</sln:wojIIPId><sln:wojIIPPn>PL.PZGIK.200</sln:wojIIPPn><sln:wojIIPWersja>2012-09-27T13:45:13+02:00</sln:wojIIPWersja><sln:wojIdTeryt>14</sln:wojIdTeryt><sln:wojNazwa>mazowieckie</sln:wojNazwa></sln:miejscowosc><sln:miejscowosc><sln:cyklZyciaDo>2017-03-28T00:00:00+02:00</sln:cyklZyciaDo><sln:cyklZyciaOd>2015-12-10T00:00:00+01:00</sln:cyklZyciaOd><sln:gmIIPId>f3495c5c-abd2-4ee0-95d7-81262768f66c</sln:gmIIPId><sln:gmIIPPn>PL.PZGIK.200</sln:gmIIPPn><sln:gmIIPWersja>2012-09-26T21:56:43+02:00</sln:gmIIPWersja><sln:gmIdTeryt>1426042</sln:gmIdTeryt><sln:gmNazwa>Mokobody</sln:gmNazwa><sln:miejscIIPId>d005968f-8edd-493f-887f-90a41fde8fef</sln:miejscIIPId><sln:miejscIIPPn>PL.PZGIK.200</sln:miejscIIPPn><sln:miejscIIPWersja>2016-11-24T11:57:55+02:00</sln:miejscIIPWersja><sln:miejscIdTeryt>0682324</sln:miejscIdTeryt><sln:miejscNazwa>Zaliwie-Piegawki</sln:miejscNazwa><sln:miejscRodzaj>Wieś</sln:miejscRodzaj><sln:powIIPId>60f09523-3b8a-4b99-b112-9f6b6cf3c982</sln:powIIPId><sln:powIIPPn>PL.PZGIK.200</sln:powIIPPn><sln:powIIPWersja>2012-09-27T08:13:53+02:00</sln:powIIPWersja><sln:powIdTeryt>1426</sln:powIdTeryt><sln:powNazwa>siedlecki</sln:powNazwa><sln:waznyOd>2014-06-20T00:00:00+02:00</sln:waznyOd><sln:wojIIPId>4b6c492a-eb04-441d-a92a-f44359c06de7</sln:wojIIPId><sln:wojIIPPn>PL.PZGIK.200</sln:wojIIPPn><sln:wojIIPWersja>2012-09-27T13:45:13+02:00</sln:wojIIPWersja><sln:wojIdTeryt>14</sln:wojIdTeryt><sln:wojNazwa>mazowieckie</sln:wojNazwa></sln:miejscowosc><sln:miejscowosc><sln:cyklZyciaDo>2017-03-28T00:00:00+02:00</sln:cyklZyciaDo><sln:cyklZyciaOd>2015-12-10T00:00:00+01:00</sln:cyklZyciaOd><sln:gmIIPId>f3495c5c-abd2-4ee0-95d7-81262768f66c</sln:gmIIPId><sln:gmIIPPn>PL.PZGIK.200</sln:gmIIPPn><sln:gmIIPWersja>2012-09-26T21:56:43+02:00</sln:gmIIPWersja><sln:gmIdTeryt>1426042</sln:gmIdTeryt><sln:gmNazwa>Mokobody</sln:gmNazwa><sln:miejscIIPId>d652b0d6-a48b-4222-9fd8-2734bfdd25a4</sln:miejscIIPId><sln:miejscIIPPn>PL.PZGIK.200</sln:miejscIIPPn><sln:miejscIIPWersja>2016-11-24T11:57:55+02:00</sln:miejscIIPWersja><sln:miejscIdTeryt>0682330</sln:miejscIdTeryt><sln:miejscNazwa>Zaliwie-Szpinki</sln:miejscNazwa><sln:miejscRodzaj>Wieś</sln:miejscRodzaj><sln:powIIPId>60f09523-3b8a-4b99-b112-9f6b6cf3c982</sln:powIIPId><sln:powIIPPn>PL.PZGIK.200</sln:powIIPPn><sln:powIIPWersja>2012-09-27T08:13:53+02:00</sln:powIIPWersja><sln:powIdTeryt>1426</sln:powIdTeryt><sln:powNazwa>siedlecki</sln:powNazwa><sln:waznyOd>2014-06-20T00:00:00+02:00</sln:waznyOd><sln:wojIIPId>4b6c492a-eb04-441d-a92a-f44359c06de7</sln:wojIIPId><sln:wojIIPPn>PL.PZGIK.200</sln:wojIIPPn><sln:wojIIPWersja>2012-09-27T13:45:13+02:00</sln:wojIIPWersja><sln:wojIdTeryt>14</sln:wojIdTeryt><sln:wojNazwa>mazowieckie</sln:wojNazwa></sln:miejscowosc><sln:miejscowosc><sln:cyklZyciaDo>2017-03-28T00:00:00+02:00</sln:cyklZyciaDo><sln:cyklZyciaOd>2015-12-10T00:00:00+01:00</sln:cyklZyciaOd><sln:gmIIPId>f3495c5c-abd2-4ee0-95d7-81262768f66c</sln:gmIIPId><sln:gmIIPPn>PL.PZGIK.200</sln:gmIIPPn><sln:gmIIPWersja>2012-09-26T21:56:43+02:00</sln:gmIIPWersja><sln:gmIdTeryt>1426042</sln:gmIdTeryt><sln:gmNazwa>Mokobody</sln:gmNazwa><sln:miejscIIPId>87427f31-4bff-444a-96c3-11c2376b110e</sln:miejscIIPId><sln:miejscIIPPn>PL.PZGIK.200</sln:miejscIIPPn><sln:miejscIIPWersja>2016-11-24T11:57:55+02:00</sln:miejscIIPWersja><sln:miejscIdTeryt>0682347</sln:miejscIdTeryt><sln:miejscNazwa>Zemły</sln:miejscNazwa><sln:miejscRodzaj>Wieś</sln:miejscRodzaj><sln:powIIPId>60f09523-3b8a-4b99-b112-9f6b6cf3c982</sln:powIIPId><sln:powIIPPn>PL.PZGIK.200</sln:powIIPPn><sln:powIIPWersja>2012-09-27T08:13:53+02:00</sln:powIIPWersja><sln:powIdTeryt>1426</sln:powIdTeryt><sln:powNazwa>siedlecki</sln:powNazwa><sln:waznyOd>2014-06-20T00:00:00+02:00</sln:waznyOd><sln:wojIIPId>4b6c492a-eb04-441d-a92a-f44359c06de7</sln:wojIIPId><sln:wojIIPPn>PL.PZGIK.200</sln:wojIIPPn><sln:wojIIPWersja>2012-09-27T13:45:13+02:00</sln:wojIIPWersja><sln:wojIdTeryt>14</sln:wojIdTeryt><sln:wojNazwa>mazowieckie</sln:wojNazwa></sln:miejscowosc><sln:miejscowosc><sln:cyklZyciaDo>2017-03-28T00:00:00+02:00</sln:cyklZyciaDo><sln:cyklZyciaOd>2015-12-10T00:00:00+01:00</sln:cyklZyciaOd><sln:gmIIPId>f3495c5c-abd2-4ee0-95d7-81262768f66c</sln:gmIIPId><sln:gmIIPPn>PL.PZGIK.200</sln:gmIIPPn><sln:gmIIPWersja>2012-09-26T21:56:43+02:00</sln:gmIIPWersja><sln:gmIdTeryt>1426042</sln:gmIdTeryt><sln:gmNazwa>Mokobody</sln:gmNazwa><sln:miejscIIPId>1aee021e-5d8e-444b-85a6-72f2506142c8</sln:miejscIIPId><sln:miejscIIPPn>PL.PZGIK.200</sln:miejscIIPPn><sln:miejscIIPWersja>2016-11-24T11:57:55+02:00</sln:miejscIIPWersja><sln:miejscIdTeryt>0682353</sln:miejscIdTeryt><sln:miejscNazwa>Ziomaki</sln:miejscNazwa><sln:miejscRodzaj>Wieś</sln:miejscRodzaj><sln:powIIPId>60f09523-3b8a-4b99-b112-9f6b6cf3c982</sln:powIIPId><sln:powIIPPn>PL.PZGIK.200</sln:powIIPPn><sln:powIIPWersja>2012-09-27T08:13:53+02:00</sln:powIIPWersja><sln:powIdTeryt>1426</sln:powIdTeryt><sln:powNazwa>siedlecki</sln:powNazwa><sln:waznyOd>2014-06-20T00:00:00+02:00</sln:waznyOd><sln:wojIIPId>4b6c492a-eb04-441d-a92a-f44359c06de7</sln:wojIIPId><sln:wojIIPPn>PL.PZGIK.200</sln:wojIIPPn><sln:wojIIPWersja>2012-09-27T13:45:13+02:00</sln:wojIIPWersja><sln:wojIdTeryt>14</sln:wojIdTeryt><sln:wojNazwa>mazowieckie</sln:wojNazwa></sln:miejscowosc><sln:miejscowosc><sln:cyklZyciaDo>2017-03-28T00:00:00+02:00</sln:cyklZyciaDo><sln:cyklZyciaOd>2015-12-10T00:00:00+01:00</sln:cyklZyciaOd><sln:gmIIPId>f3495c5c-abd2-4ee0-95d7-81262768f66c</sln:gmIIPId><sln:gmIIPPn>PL.PZGIK.200</sln:gmIIPPn><sln:gmIIPWersja>2012-09-26T21:56:43+02:00</sln:gmIIPWersja><sln:gmIdTeryt>1426042</sln:gmIdTeryt><sln:gmNazwa>Mokobody</sln:gmNazwa><sln:miejscIIPId>a6052c0d-d1c4-45ca-b538-6d8d686fdfe9</sln:miejscIIPId><sln:miejscIIPPn>PL.PZGIK.200</sln:miejscIIPPn><sln:miejscIIPWersja>2016-11-24T11:57:55+02:00</sln:miejscIIPWersja><sln:miejscIdTeryt>0682360</sln:miejscIdTeryt><sln:miejscNazwa>Żuków</sln:miejscNazwa><sln:miejscRodzaj>Wieś</sln:miejscRodzaj><sln:powIIPId>60f09523-3b8a-4b99-b112-9f6b6cf3c982</sln:powIIPId><sln:powIIPPn>PL.PZGIK.200</sln:powIIPPn><sln:powIIPWersja>2012-09-27T08:13:53+02:00</sln:powIIPWersja><sln:powIdTeryt>1426</sln:powIdTeryt><sln:powNazwa>siedlecki</sln:powNazwa><sln:waznyOd>2014-06-20T00:00:00+02:00</sln:waznyOd><sln:wojIIPId>4b6c492a-eb04-441d-a92a-f44359c06de7</sln:wojIIPId><sln:wojIIPPn>PL.PZGIK.200</sln:wojIIPPn><sln:wojIIPWersja>2012-09-27T13:45:13+02:00</sln:wojIIPWersja><sln:wojIdTeryt>14</sln:wojIdTeryt><sln:wojNazwa>mazowieckie</sln:wojNazwa></sln:miejscowosc><sln:miejscowosc><sln:cyklZyciaOd>2017-03-28T00:00:00+02:00</sln:cyklZyciaOd><sln:gmIIPId>f3495c5c-abd2-4ee0-95d7-81262768f66c</sln:gmIIPId><sln:gmIIPPn>PL.PZGIK.200</sln:gmIIPPn><sln:gmIIPWersja>2012-09-26T21:56:43+02:00</sln:gmIIPWersja><sln:gmIdTeryt>1426042</sln:gmIdTeryt><sln:gmNazwa>Mokobody</sln:gmNazwa><sln:miejscIIPId>1bb8e1ca-5ce6-45a0-bdd0-f1c07008c6bc</sln:miejscIIPId><sln:miejscIIPPn>PL.PZGIK.200</sln:miejscIIPPn><sln:miejscIIPWersja>2017-03-28T10:49:29+02:00</sln:miejscIIPWersja><sln:miejscIdTeryt>0682070</sln:miejscIdTeryt><sln:miejscNazwa>Bale</sln:miejscNazwa><sln:miejscRodzaj>Wieś</sln:miejscRodzaj><sln:powIIPId>60f09523-3b8a-4b99-b112-9f6b6cf3c982</sln:powIIPId><sln:powIIPPn>PL.PZGIK.200</sln:powIIPPn><sln:powIIPWersja>2012-09-27T08:13:53+02:00</sln:powIIPWersja><sln:powIdTeryt>1426</sln:powIdTeryt><sln:powNazwa>siedlecki</sln:powNazwa><sln:waznyOd>2014-06-20T00:00:00+02:00</sln:waznyOd><sln:wojIIPId>4b6c492a-eb04-441d-a92a-f44359c06de7</sln:wojIIPId><sln:wojIIPPn>PL.PZGIK.200</sln:wojIIPPn><sln:wojIIPWersja>2012-09-27T13:45:13+02:00</sln:wojIIPWersja><sln:wojIdTeryt>14</sln:wojIdTeryt><sln:wojNazwa>mazowieckie</sln:wojNazwa></sln:miejscowosc><sln:miejscowosc><sln:cyklZyciaOd>2017-03-28T00:00:00+02:00</sln:cyklZyciaOd><sln:gmIIPId>f3495c5c-abd2-4ee0-95d7-81262768f66c</sln:gmIIPId><sln:gmIIPPn>PL.PZGIK.200</sln:gmIIPPn><sln:gmIIPWersja>2012-09-26T21:56:43+02:00</sln:gmIIPWersja><sln:gmIdTeryt>1426042</sln:gmIdTeryt><sln:gmNazwa>Mokobody</sln:gmNazwa><sln:miejscIIPId>71fb099d-710b-4980-8f2e-6a6f16d09b63</sln:miejscIIPId><sln:miejscIIPPn>PL.PZGIK.200</sln:miejscIIPPn><sln:miejscIIPWersja>2017-03-28T10:49:36+02:00</sln:miejscIIPWersja><sln:miejscIdTeryt>0682086</sln:miejscIdTeryt><sln:miejscNazwa>Dąbrowa</sln:miejscNazwa><sln:miejscRodzaj>Wieś</sln:miejscRodzaj><sln:powIIPId>60f09523-3b8a-4b99-b112-9f6b6cf3c982</sln:powIIPId><sln:powIIPPn>PL.PZGIK.200</sln:powIIPPn><sln:powIIPWersja>2012-09-27T08:13:53+02:00</sln:powIIPWersja><sln:powIdTeryt>1426</sln:powIdTeryt><sln:powNazwa>siedlecki</sln:powNazwa><sln:waznyOd>2014-06-20T00:00:00+02:00</sln:waznyOd><sln:wojIIPId>4b6c492a-eb04-441d-a92a-f44359c06de7</sln:wojIIPId><sln:wojIIPPn>PL.PZGIK.200</sln:wojIIPPn><sln:wojIIPWersja>2012-09-27T13:45:13+02:00</sln:wojIIPWersja><sln:wojIdTeryt>14</sln:wojIdTeryt><sln:wojNazwa>mazowieckie</sln:wojNazwa></sln:miejscowosc><sln:miejscowosc><sln:cyklZyciaOd>2017-03-28T00:00:00+02:00</sln:cyklZyciaOd><sln:gmIIPId>f3495c5c-abd2-4ee0-95d7-81262768f66c</sln:gmIIPId><sln:gmIIPPn>PL.PZGIK.200</sln:gmIIPPn><sln:gmIIPWersja>2012-09-26T21:56:43+02:00</sln:gmIIPWersja><sln:gmIdTeryt>1426042</sln:gmIdTeryt><sln:gmNazwa>Mokobody</sln:gmNazwa><sln:miejscIIPId>8563a324-e6c2-49c2-a8a2-36677a413755</sln:miejscIIPId><sln:miejscIIPPn>PL.PZGIK.200</sln:miejscIIPPn><sln:miejscIIPWersja>2017-03-28T10:49:37+02:00</sln:miejscIIPWersja><sln:miejscIdTeryt>0682092</sln:miejscIdTeryt><sln:miejscNazwa>Jeruzale</sln:miejscNazwa><sln:miejscRodzaj>Wieś</sln:miejscRodzaj><sln:powIIPId>60f09523-3b8a-4b99-b112-9f6b6cf3c982</sln:powIIPId><sln:powIIPPn>PL.PZGIK.200</sln:powIIPPn><sln:powIIPWersja>2012-09-27T08:13:53+02:00</sln:powIIPWersja><sln:powIdTeryt>1426</sln:powIdTeryt><sln:powNazwa>siedlecki</sln:powNazwa><sln:waznyOd>2014-06-20T00:00:00+02:00</sln:waznyOd><sln:wojIIPId>4b6c492a-eb04-441d-a92a-f44359c06de7</sln:wojIIPId><sln:wojIIPPn>PL.PZGIK.200</sln:wojIIPPn><sln:wojIIPWersja>2012-09-27T13:45:13+02:00</sln:wojIIPWersja><sln:wojIdTeryt>14</sln:wojIdTeryt><sln:wojNazwa>mazowieckie</sln:wojNazwa></sln:miejscowosc><sln:miejscowosc><sln:cyklZyciaOd>2017-03-28T00:00:00+02:00</sln:cyklZyciaOd><sln:gmIIPId>f3495c5c-abd2-4ee0-95d7-81262768f66c</sln:gmIIPId><sln:gmIIPPn>PL.PZGIK.200</sln:gmIIPPn><sln:gmIIPWersja>2012-09-26T21:56:43+02:00</sln:gmIIPWersja><sln:gmIdTeryt>1426042</sln:gmIdTeryt><sln:gmNazwa>Mokobody</sln:gmNazwa><sln:miejscIIPId>51232de5-4086-4dbc-94ec-952348c366f9</sln:miejscIIPId><sln:miejscIIPPn>PL.PZGIK.200</sln:miejscIIPPn><sln:miejscIIPWersja>2017-03-28T10:49:37+02:00</sln:miejscIIPWersja><sln:miejscIdTeryt>0682100</sln:miejscIdTeryt><sln:miejscNazwa>Kapuściaki</sln:miejscNazwa><sln:miejscRodzaj>Wieś</sln:miejscRodzaj><sln:powIIPId>60f09523-3b8a-4b99-b112-9f6b6cf3c982</sln:powIIPId><sln:powIIPPn>PL.PZGIK.200</sln:powIIPPn><sln:powIIPWersja>2012-09-27T08:13:53+02:00</sln:powIIPWersja><sln:powIdTeryt>1426</sln:powIdTeryt><sln:powNazwa>siedlecki</sln:powNazwa><sln:waznyOd>2014-06-20T00:00:00+02:00</sln:waznyOd><sln:wojIIPId>4b6c492a-eb04-441d-a92a-f44359c06de7</sln:wojIIPId><sln:wojIIPPn>PL.PZGIK.200</sln:wojIIPPn><sln:wojIIPWersja>2012-09-27T13:45:13+02:00</sln:wojIIPWersja><sln:wojIdTeryt>14</sln:wojIdTeryt><sln:wojNazwa>mazowieckie</sln:wojNazwa></sln:miejscowosc><sln:miejscowosc><sln:cyklZyciaOd>2017-03-28T00:00:00+02:00</sln:cyklZyciaOd><sln:gmIIPId>f3495c5c-abd2-4ee0-95d7-81262768f66c</sln:gmIIPId><sln:gmIIPPn>PL.PZGIK.200</sln:gmIIPPn><sln:gmIIPWersja>2012-09-26T21:56:43+02:00</sln:gmIIPWersja><sln:gmIdTeryt>1426042</sln:gmIdTeryt><sln:gmNazwa>Mokobody</sln:gmNazwa><sln:miejscIIPId>4e7b64bc-cab2-4a56-9090-2628ef795a6c</sln:miejscIIPId><sln:miejscIIPPn>PL.PZGIK.200</sln:miejscIIPPn><sln:miejscIIPWersja>2017-03-28T10:49:37+02:00</sln:miejscIIPWersja><sln:miejscIdTeryt>0682117</sln:miejscIdTeryt><sln:miejscNazwa>Kisielany-Kuce</sln:miejscNazwa><sln:miejscRodzaj>Wieś</sln:miejscRodzaj><sln:powIIPId>60f09523-3b8a-4b99-b112-9f6b6cf3c982</sln:powIIPId><sln:powIIPPn>PL.PZGIK.200</sln:powIIPPn><sln:powIIPWersja>2012-09-27T08:13:53+02:00</sln:powIIPWersja><sln:powIdTeryt>1426</sln:powIdTeryt><sln:powNazwa>siedlecki</sln:powNazwa><sln:waznyOd>2014-06-20T00:00:00+02:00</sln:waznyOd><sln:wojIIPId>4b6c492a-eb04-441d-a92a-f44359c06de7</sln:wojIIPId><sln:wojIIPPn>PL.PZGIK.200</sln:wojIIPPn><sln:wojIIPWersja>2012-09-27T13:45:13+02:00</sln:wojIIPWersja><sln:wojIdTeryt>14</sln:wojIdTeryt><sln:wojNazwa>mazowieckie</sln:wojNazwa></sln:miejscowosc><sln:miejscowosc><sln:cyklZyciaOd>2017-03-28T00:00:00+02:00</sln:cyklZyciaOd><sln:gmIIPId>f3495c5c-abd2-4ee0-95d7-81262768f66c</sln:gmIIPId><sln:gmIIPPn>PL.PZGIK.200</sln:gmIIPPn><sln:gmIIPWersja>2012-09-26T21:56:43+02:00</sln:gmIIPWersja><sln:gmIdTeryt>1426042</sln:gmIdTeryt><sln:gmNazwa>Mokobody</sln:gmNazwa><sln:miejscIIPId>3b030819-e8af-4d42-9b4c-df4c112f51a0</sln:miejscIIPId><sln:miejscIIPPn>PL.PZGIK.200</sln:miejscIIPPn><sln:miejscIIPWersja>2017-03-28T10:49:37+02:00</sln:miejscIIPWersja><sln:miejscIdTeryt>0682123</sln:miejscIdTeryt><sln:miejscNazwa>Kisielany-Żmichy</sln:miejscNazwa><sln:miejscRodzaj>Wieś</sln:miejscRodzaj><sln:powIIPId>60f09523-3b8a-4b99-b112-9f6b6cf3c982</sln:powIIPId><sln:powIIPPn>PL.PZGIK.200</sln:powIIPPn><sln:powIIPWersja>2012-09-27T08:13:53+02:00</sln:powIIPWersja><sln:powIdTeryt>1426</sln:powIdTeryt><sln:powNazwa>siedlecki</sln:powNazwa><sln:waznyOd>2014-06-20T00:00:00+02:00</sln:waznyOd><sln:wojIIPId>4b6c492a-eb04-441d-a92a-f44359c06de7</sln:wojIIPId><sln:wojIIPPn>PL.PZGIK.200</sln:wojIIPPn><sln:wojIIPWersja>2012-09-27T13:45:13+02:00</sln:wojIIPWersja><sln:wojIdTeryt>14</sln:wojIdTeryt><sln:wojNazwa>mazowieckie</sln:wojNazwa></sln:miejscowosc><sln:miejscowosc><sln:cyklZyciaOd>2017-03-28T00:00:00+02:00</sln:cyklZyciaOd><sln:gmIIPId>f3495c5c-abd2-4ee0-95d7-81262768f66c</sln:gmIIPId><sln:gmIIPPn>PL.PZGIK.200</sln:gmIIPPn><sln:gmIIPWersja>2012-09-26T21:56:43+02:00</sln:gmIIPWersja><sln:gmIdTeryt>1426042</sln:gmIdTeryt><sln:gmNazwa>Mokobody</sln:gmNazwa><sln:miejscIIPId>7e38a1a2-19fe-48d2-9bbb-134925eff5f4</sln:miejscIIPId><sln:miejscIIPPn>PL.PZGIK.200</sln:miejscIIPPn><sln:miejscIIPWersja>2017-03-28T10:49:37+02:00</sln:miejscIIPWersja><sln:miejscIdTeryt>0682130</sln:miejscIdTeryt><sln:miejscNazwa>Księżopole-Jałmużny</sln:miejscNazwa><sln:miejscRodzaj>Wieś</sln:miejscRodzaj><sln:powIIPId>60f09523-3b8a-4b99-b112-9f6b6cf3c982</sln:powIIPId><sln:powIIPPn>PL.PZGIK.200</sln:powIIPPn><sln:powIIPWersja>2012-09-27T08:13:53+02:00</sln:powIIPWersja><sln:powIdTeryt>1426</sln:powIdTeryt><sln:powNazwa>siedlecki</sln:powNazwa><sln:waznyOd>2015-06-18T00:00:00+02:00</sln:waznyOd><sln:wojIIPId>4b6c492a-eb04-441d-a92a-f44359c06de7</sln:wojIIPId><sln:wojIIPPn>PL.PZGIK.200</sln:wojIIPPn><sln:wojIIPWersja>2012-09-27T13:45:13+02:00</sln:wojIIPWersja><sln:wojIdTeryt>14</sln:wojIdTeryt><sln:wojNazwa>mazowieckie</sln:wojNazwa></sln:miejscowosc><sln:miejscowosc><sln:cyklZyciaOd>2017-03-28T00:00:00+02:00</sln:cyklZyciaOd><sln:gmIIPId>f3495c5c-abd2-4ee0-95d7-81262768f66c</sln:gmIIPId><sln:gmIIPPn>PL.PZGIK.200</sln:gmIIPPn><sln:gmIIPWersja>2012-09-26T21:56:43+02:00</sln:gmIIPWersja><sln:gmIdTeryt>1426042</sln:gmIdTeryt><sln:gmNazwa>Mokobody</sln:gmNazwa><sln:miejscIIPId>cf959015-9145-4fb4-bdd2-87126adb34f7</sln:miejscIIPId><sln:miejscIIPPn>PL.PZGIK.200</sln:miejscIIPPn><sln:miejscIIPWersja>2017-03-28T10:49:37+02:00</sln:miejscIIPWersja><sln:miejscIdTeryt>0682146</sln:miejscIdTeryt><sln:miejscNazwa>Księżopole-Smolaki</sln:miejscNazwa><sln:miejscRodzaj>Wieś</sln:miejscRodzaj><sln:powIIPId>60f09523-3b8a-4b99-b112-9f6b6cf3c982</sln:powIIPId><sln:powIIPPn>PL.PZGIK.200</sln:powIIPPn><sln:powIIPWersja>2012-09-27T08:13:53+02:00</sln:powIIPWersja><sln:powIdTeryt>1426</sln:powIdTeryt><sln:powNazwa>siedlecki</sln:powNazwa><sln:waznyOd>2014-06-20T00:00:00+02:00</sln:waznyOd><sln:wojIIPId>4b6c492a-eb04-441d-a92a-f44359c06de7</sln:wojIIPId><sln:wojIIPPn>PL.PZGIK.200</sln:wojIIPPn><sln:wojIIPWersja>2012-09-27T13:45:13+02:00</sln:wojIIPWersja><sln:wojIdTeryt>14</sln:wojIdTeryt><sln:wojNazwa>mazowieckie</sln:wojNazwa></sln:miejscowosc><sln:miejscowosc><sln:cyklZyciaOd>2017-03-28T00:00:00+02:00</sln:cyklZyciaOd><sln:gmIIPId>f3495c5c-abd2-4ee0-95d7-81262768f66c</sln:gmIIPId><sln:gmIIPPn>PL.PZGIK.200</sln:gmIIPPn><sln:gmIIPWersja>2012-09-26T21:56:43+02:00</sln:gmIIPWersja><sln:gmIdTeryt>1426042</sln:gmIdTeryt><sln:gmNazwa>Mokobody</sln:gmNazwa><sln:miejscIIPId>881f939c-693d-4038-8a70-85776de8dc05</sln:miejscIIPId><sln:miejscIIPPn>PL.PZGIK.200</sln:miejscIIPPn><sln:miejscIIPWersja>2017-03-28T10:49:37+02:00</sln:miejscIIPWersja><sln:miejscIdTeryt>0682152</sln:miejscIdTeryt><sln:miejscNazwa>Męczyn</sln:miejscNazwa><sln:miejscRodzaj>Wieś</sln:miejscRodzaj><sln:powIIPId>60f09523-3b8a-4b99-b112-9f6b6cf3c982</sln:powIIPId><sln:powIIPPn>PL.PZGIK.200</sln:powIIPPn><sln:powIIPWersja>2012-09-27T08:13:53+02:00</sln:powIIPWersja><sln:powIdTeryt>1426</sln:powIdTeryt><sln:powNazwa>siedlecki</sln:powNazwa><sln:waznyOd>2014-06-20T00:00:00+02:00</sln:waznyOd><sln:wojIIPId>4b6c492a-eb04-441d-a92a-f44359c06de7</sln:wojIIPId><sln:wojIIPPn>PL.PZGIK.200</sln:wojIIPPn><sln:wojIIPWersja>2012-09-27T13:45:13+02:00</sln:wojIIPWersja><sln:wojIdTeryt>14</sln:wojIdTeryt><sln:wojNazwa>mazowieckie</sln:wojNazwa></sln:miejscowosc><sln:miejscowosc><sln:cyklZyciaOd>2017-03-28T00:00:00+02:00</sln:cyklZyciaOd><sln:gmIIPId>f3495c5c-abd2-4ee0-95d7-81262768f66c</sln:gmIIPId><sln:gmIIPPn>PL.PZGIK.200</sln:gmIIPPn><sln:gmIIPWersja>2012-09-26T21:56:43+02:00</sln:gmIIPWersja><sln:gmIdTeryt>1426042</sln:gmIdTeryt><sln:gmNazwa>Mokobody</sln:gmNazwa><sln:miejscIIPId>2758c1bc-ebcc-4f45-9099-fcb16da42b13</sln:miejscIIPId><sln:miejscIIPPn>PL.PZGIK.200</sln:miejscIIPPn><sln:miejscIIPWersja>2017-03-28T10:49:37+02:00</sln:miejscIIPWersja><sln:miejscIdTeryt>0682169</sln:miejscIdTeryt><sln:miejscNazwa>Męczyn-Kolonia</sln:miejscNazwa><sln:miejscRodzaj>Wieś</sln:miejscRodzaj><sln:powIIPId>60f09523-3b8a-4b99-b112-9f6b6cf3c982</sln:powIIPId><sln:powIIPPn>PL.PZGIK.200</sln:powIIPPn><sln:powIIPWersja>2012-09-27T08:13:53+02:00</sln:powIIPWersja><sln:powIdTeryt>1426</sln:powIdTeryt><sln:powNazwa>siedlecki</sln:powNazwa><sln:waznyOd>2014-06-20T00:00:00+02:00</sln:waznyOd><sln:wojIIPId>4b6c492a-eb04-441d-a92a-f44359c06de7</sln:wojIIPId><sln:wojIIPPn>PL.PZGIK.200</sln:wojIIPPn><sln:wojIIPWersja>2012-09-27T13:45:13+02:00</sln:wojIIPWersja><sln:wojIdTeryt>14</sln:wojIdTeryt><sln:wojNazwa>mazowieckie</sln:wojNazwa></sln:miejscowosc><sln:miejscowosc><sln:cyklZyciaOd>2017-03-28T00:00:00+02:00</sln:cyklZyciaOd><sln:gmIIPId>f3495c5c-abd2-4ee0-95d7-81262768f66c</sln:gmIIPId><sln:gmIIPPn>PL.PZGIK.200</sln:gmIIPPn><sln:gmIIPWersja>2012-09-26T21:56:43+02:00</sln:gmIIPWersja><sln:gmIdTeryt>1426042</sln:gmIdTeryt><sln:gmNazwa>Mokobody</sln:gmNazwa><sln:miejscIIPId>50fe6442-3e7a-4139-a844-8d741f449af3</sln:miejscIIPId><sln:miejscIIPPn>PL.PZGIK.200</sln:miejscIIPPn><sln:miejscIIPWersja>2017-03-28T10:49:37+02:00</sln:miejscIIPWersja><sln:miejscIdTeryt>0682175</sln:miejscIdTeryt><sln:miejscNazwa>Mokobody</sln:miejscNazwa><sln:miejscRodzaj>Wieś</sln:miejscRodzaj><sln:powIIPId>60f09523-3b8a-4b99-b112-9f6b6cf3c982</sln:powIIPId><sln:powIIPPn>PL.PZGIK.200</sln:powIIPPn><sln:powIIPWersja>2012-09-27T08:13:53+02:00</sln:powIIPWersja><sln:powIdTeryt>1426</sln:powIdTeryt><sln:powNazwa>siedlecki</sln:powNazwa><sln:waznyOd>2014-06-20T00:00:00+02:00</sln:waznyOd><sln:wojIIPId>4b6c492a-eb04-441d-a92a-f44359c06de7</sln:wojIIPId><sln:wojIIPPn>PL.PZGIK.200</sln:wojIIPPn><sln:wojIIPWersja>2012-09-27T13:45:13+02:00</sln:wojIIPWersja><sln:wojIdTeryt>14</sln:wojIdTeryt><sln:wojNazwa>mazowieckie</sln:wojNazwa></sln:miejscowosc><sln:miejscowosc><sln:cyklZyciaOd>2017-03-28T00:00:00+02:00</sln:cyklZyciaOd><sln:gmIIPId>f3495c5c-abd2-4ee0-95d7-81262768f66c</sln:gmIIPId><sln:gmIIPPn>PL.PZGIK.200</sln:gmIIPPn><sln:gmIIPWersja>2012-09-26T21:56:43+02:00</sln:gmIIPWersja><sln:gmIdTeryt>1426042</sln:gmIdTeryt><sln:gmNazwa>Mokobody</sln:gmNazwa><sln:miejscIIPId>51b4b9de-7e88-4884-9cb2-7d60a54ab299</sln:miejscIIPId><sln:miejscIIPPn>PL.PZGIK.200</sln:miejscIIPPn><sln:miejscIIPWersja>2017-03-28T10:49:37+02:00</sln:miejscIIPWersja><sln:miejscIdTeryt>0682181</sln:miejscIdTeryt><sln:miejscNazwa>Mokobody-Kolonia</sln:miejscNazwa><sln:miejscRodzaj>Wieś</sln:miejscRodzaj><sln:powIIPId>60f09523-3b8a-4b99-b112-9f6b6cf3c982</sln:powIIPId><sln:powIIPPn>PL.PZGIK.200</sln:powIIPPn><sln:powIIPWersja>2012-09-27T08:13:53+02:00</sln:powIIPWersja><sln:powIdTeryt>1426</sln:powIdTeryt><sln:powNazwa>siedlecki</sln:powNazwa><sln:waznyOd>2014-06-20T00:00:00+02:00</sln:waznyOd><sln:wojIIPId>4b6c492a-eb04-441d-a92a-f44359c06de7</sln:wojIIPId><sln:wojIIPPn>PL.PZGIK.200</sln:wojIIPPn><sln:wojIIPWersja>2012-09-27T13:45:13+02:00</sln:wojIIPWersja><sln:wojIdTeryt>14</sln:wojIdTeryt><sln:wojNazwa>mazowieckie</sln:wojNazwa></sln:miejscowosc><sln:miejscowosc><sln:cyklZyciaOd>2017-03-28T00:00:00+02:00</sln:cyklZyciaOd><sln:gmIIPId>f3495c5c-abd2-4ee0-95d7-81262768f66c</sln:gmIIPId><sln:gmIIPPn>PL.PZGIK.200</sln:gmIIPPn><sln:gmIIPWersja>2012-09-26T21:56:43+02:00</sln:gmIIPWersja><sln:gmIdTeryt>1426042</sln:gmIdTeryt><sln:gmNazwa>Mokobody</sln:gmNazwa><sln:miejscIIPId>8ab604e8-eaf5-46bc-8841-5a71ac1ac6cf</sln:miejscIIPId><sln:miejscIIPPn>PL.PZGIK.200</sln:miejscIIPPn><sln:miejscIIPWersja>2017-03-28T10:49:37+02:00</sln:miejscIIPWersja><sln:miejscIdTeryt>0682198</sln:miejscIdTeryt><sln:miejscNazwa>Niwiski</sln:miejscNazwa><sln:miejscRodzaj>Wieś</sln:miejscRodzaj><sln:powIIPId>60f09523-3b8a-4b99-b112-9f6b6cf3c982</sln:powIIPId><sln:powIIPPn>PL.PZGIK.200</sln:powIIPPn><sln:powIIPWersja>2012-09-27T08:13:53+02:00</sln:powIIPWersja><sln:powIdTeryt>1426</sln:powIdTeryt><sln:powNazwa>siedlecki</sln:powNazwa><sln:waznyOd>2014-06-20T00:00:00+02:00</sln:waznyOd><sln:wojIIPId>4b6c492a-eb04-441d-a92a-f44359c06de7</sln:wojIIPId><sln:wojIIPPn>PL.PZGIK.200</sln:wojIIPPn><sln:wojIIPWersja>2012-09-27T13:45:13+02:00</sln:wojIIPWersja><sln:wojIdTeryt>14</sln:wojIdTeryt><sln:wojNazwa>mazowieckie</sln:wojNazwa></sln:miejscowosc><sln:miejscowosc><sln:cyklZyciaOd>2017-03-28T00:00:00+02:00</sln:cyklZyciaOd><sln:gmIIPId>f3495c5c-abd2-4ee0-95d7-81262768f66c</sln:gmIIPId><sln:gmIIPPn>PL.PZGIK.200</sln:gmIIPPn><sln:gmIIPWersja>2012-09-26T21:56:43+02:00</sln:gmIIPWersja><sln:gmIdTeryt>1426042</sln:gmIdTeryt><sln:gmNazwa>Mokobody</sln:gmNazwa><sln:miejscIIPId>e1aaf694-e61b-4fbc-aa74-5c2c73ae9bdf</sln:miejscIIPId><sln:miejscIIPPn>PL.PZGIK.200</sln:miejscIIPPn><sln:miejscIIPWersja>2017-03-28T10:49:37+02:00</sln:miejscIIPWersja><sln:miejscIdTeryt>0682229</sln:miejscIdTeryt><sln:miejscNazwa>Osiny Dolne</sln:miejscNazwa><sln:miejscRodzaj>Wieś</sln:miejscRodzaj><sln:powIIPId>60f09523-3b8a-4b99-b112-9f6b6cf3c982</sln:powIIPId><sln:powIIPPn>PL.PZGIK.200</sln:powIIPPn><sln:powIIPWersja>2012-09-27T08:13:53+02:00</sln:powIIPWersja><sln:powIdTeryt>1426</sln:powIdTeryt><sln:powNazwa>siedlecki</sln:powNazwa><sln:waznyOd>2014-06-20T00:00:00+02:00</sln:waznyOd><sln:wojIIPId>4b6c492a-eb04-441d-a92a-f44359c06de7</sln:wojIIPId><sln:wojIIPPn>PL.PZGIK.200</sln:wojIIPPn><sln:wojIIPWersja>2012-09-27T13:45:13+02:00</sln:wojIIPWersja><sln:wojIdTeryt>14</sln:wojIdTeryt><sln:wojNazwa>mazowieckie</sln:wojNazwa></sln:miejscowosc><sln:miejscowosc><sln:cyklZyciaOd>2017-03-28T00:00:00+02:00</sln:cyklZyciaOd><sln:gmIIPId>f3495c5c-abd2-4ee0-95d7-81262768f66c</sln:gmIIPId><sln:gmIIPPn>PL.PZGIK.200</sln:gmIIPPn><sln:gmIIPWersja>2012-09-26T21:56:43+02:00</sln:gmIIPWersja><sln:gmIdTeryt>1426042</sln:gmIdTeryt><sln:gmNazwa>Mokobody</sln:gmNazwa><sln:miejscIIPId>6cc46921-3c1c-4c58-b009-9e44b3dd32f8</sln:miejscIIPId><sln:miejscIIPPn>PL.PZGIK.200</sln:miejscIIPPn><sln:miejscIIPWersja>2017-03-28T10:49:37+02:00</sln:miejscIIPWersja><sln:miejscIdTeryt>0682235</sln:miejscIdTeryt><sln:miejscNazwa>Osiny Górne</sln:miejscNazwa><sln:miejscRodzaj>Wieś</sln:miejscRodzaj><sln:powIIPId>60f09523-3b8a-4b99-b112-9f6b6cf3c982</sln:powIIPId><sln:powIIPPn>PL.PZGIK.200</sln:powIIPPn><sln:powIIPWersja>2012-09-27T08:13:53+02:00</sln:powIIPWersja><sln:powIdTeryt>1426</sln:powIdTeryt><sln:powNazwa>siedlecki</sln:powNazwa><sln:waznyOd>2014-06-20T00:00:00+02:00</sln:waznyOd><sln:wojIIPId>4b6c492a-eb04-441d-a92a-f44359c06de7</sln:wojIIPId><sln:wojIIPPn>PL.PZGIK.200</sln:wojIIPPn><sln:wojIIPWersja>2012-09-27T13:45:13+02:00</sln:wojIIPWersja><sln:wojIdTeryt>14</sln:wojIdTeryt><sln:wojNazwa>mazowieckie</sln:wojNazwa></sln:miejscowosc><sln:miejscowosc><sln:cyklZyciaOd>2017-03-28T00:00:00+02:00</sln:cyklZyciaOd><sln:gmIIPId>f3495c5c-abd2-4ee0-95d7-81262768f66c</sln:gmIIPId><sln:gmIIPPn>PL.PZGIK.200</sln:gmIIPPn><sln:gmIIPWersja>2012-09-26T21:56:43+02:00</sln:gmIIPWersja><sln:gmIdTeryt>1426042</sln:gmIdTeryt><sln:gmNazwa>Mokobody</sln:gmNazwa><sln:miejscIIPId>d8a9acc6-454e-4130-9771-484c8f3bcd84</sln:miejscIIPId><sln:miejscIIPPn>PL.PZGIK.200</sln:miejscIIPPn><sln:miejscIIPWersja>2017-03-28T10:49:38+02:00</sln:miejscIIPWersja><sln:miejscIdTeryt>0682241</sln:miejscIdTeryt><sln:miejscNazwa>Pieńki</sln:miejscNazwa><sln:miejscRodzaj>Wieś</sln:miejscRodzaj><sln:powIIPId>60f09523-3b8a-4b99-b112-9f6b6cf3c982</sln:powIIPId><sln:powIIPPn>PL.PZGIK.200</sln:powIIPPn><sln:powIIPWersja>2012-09-27T08:13:53+02:00</sln:powIIPWersja><sln:powIdTeryt>1426</sln:powIdTeryt><sln:powNazwa>siedlecki</sln:powNazwa><sln:waznyOd>2014-06-20T00:00:00+02:00</sln:waznyOd><sln:wojIIPId>4b6c492a-eb04-441d-a92a-f44359c06de7</sln:wojIIPId><sln:wojIIPPn>PL.PZGIK.200</sln:wojIIPPn><sln:wojIIPWersja>2012-09-27T13:45:13+02:00</sln:wojIIPWersja><sln:wojIdTeryt>14</sln:wojIdTeryt><sln:wojNazwa>mazowieckie</sln:wojNazwa></sln:miejscowosc><sln:miejscowosc><sln:cyklZyciaOd>2017-03-28T00:00:00+02:00</sln:cyklZyciaOd><sln:gmIIPId>f3495c5c-abd2-4ee0-95d7-81262768f66c</sln:gmIIPId><sln:gmIIPPn>PL.PZGIK.200</sln:gmIIPPn><sln:gmIIPWersja>2012-09-26T21:56:43+02:00</sln:gmIIPWersja><sln:gmIdTeryt>1426042</sln:gmIdTeryt><sln:gmNazwa>Mokobody</sln:gmNazwa><sln:miejscIIPId>3716b55b-e10c-4085-8b4d-819ed11c85df</sln:miejscIIPId><sln:miejscIIPPn>PL.PZGIK.200</sln:miejscIIPPn><sln:miejscIIPWersja>2017-03-28T10:49:38+02:00</sln:miejscIIPWersja><sln:miejscIdTeryt>0682258</sln:miejscIdTeryt><sln:miejscNazwa>Skupie</sln:miejscNazwa><sln:miejscRodzaj>Wieś</sln:miejscRodzaj><sln:powIIPId>60f09523-3b8a-4b99-b112-9f6b6cf3c982</sln:powIIPId><sln:powIIPPn>PL.PZGIK.200</sln:powIIPPn><sln:powIIPWersja>2012-09-27T08:13:53+02:00</sln:powIIPWersja><sln:powIdTeryt>1426</sln:powIdTeryt><sln:powNazwa>siedlecki</sln:powNazwa><sln:waznyOd>2014-06-20T00:00:00+02:00</sln:waznyOd><sln:wojIIPId>4b6c492a-eb04-441d-a92a-f44359c06de7</sln:wojIIPId><sln:wojIIPPn>PL.PZGIK.200</sln:wojIIPPn><sln:wojIIPWersja>2012-09-27T13:45:13+02:00</sln:wojIIPWersja><sln:wojIdTeryt>14</sln:wojIdTeryt><sln:wojNazwa>mazowieckie</sln:wojNazwa></sln:miejscowosc><sln:miejscowosc><sln:cyklZyciaOd>2017-03-28T00:00:00+02:00</sln:cyklZyciaOd><sln:gmIIPId>f3495c5c-abd2-4ee0-95d7-81262768f66c</sln:gmIIPId><sln:gmIIPPn>PL.PZGIK.200</sln:gmIIPPn><sln:gmIIPWersja>2012-09-26T21:56:43+02:00</sln:gmIIPWersja><sln:gmIdTeryt>1426042</sln:gmIdTeryt><sln:gmNazwa>Mokobody</sln:gmNazwa><sln:miejscIIPId>262b4e90-e333-4130-be46-c859d77ec89f</sln:miejscIIPId><sln:miejscIIPPn>PL.PZGIK.200</sln:miejscIIPPn><sln:miejscIIPWersja>2017-03-28T10:49:38+02:00</sln:miejscIIPWersja><sln:miejscIdTeryt>0682264</sln:miejscIdTeryt><sln:miejscNazwa>Świniary</sln:miejscNazwa><sln:miejscRodzaj>Wieś</sln:miejscRodzaj><sln:powIIPId>60f09523-3b8a-4b99-b112-9f6b6cf3c982</sln:powIIPId><sln:powIIPPn>PL.PZGIK.200</sln:powIIPPn><sln:powIIPWersja>2012-09-27T08:13:53+02:00</sln:powIIPWersja><sln:powIdTeryt>1426</sln:powIdTeryt><sln:powNazwa>siedlecki</sln:powNazwa><sln:waznyOd>2014-06-20T00:00:00+02:00</sln:waznyOd><sln:wojIIPId>4b6c492a-eb04-441d-a92a-f44359c06de7</sln:wojIIPId><sln:wojIIPPn>PL.PZGIK.200</sln:wojIIPPn><sln:wojIIPWersja>2012-09-27T13:45:13+02:00</sln:wojIIPWersja><sln:wojIdTeryt>14</sln:wojIdTeryt><sln:wojNazwa>mazowieckie</sln:wojNazwa></sln:miejscowosc><sln:miejscowosc><sln:cyklZyciaOd>2017-03-28T00:00:00+02:00</sln:cyklZyciaOd><sln:gmIIPId>f3495c5c-abd2-4ee0-95d7-81262768f66c</sln:gmIIPId><sln:gmIIPPn>PL.PZGIK.200</sln:gmIIPPn><sln:gmIIPWersja>2012-09-26T21:56:43+02:00</sln:gmIIPWersja><sln:gmIdTeryt>1426042</sln:gmIdTeryt><sln:gmNazwa>Mokobody</sln:gmNazwa><sln:miejscIIPId>71712b60-a352-4b63-a1e6-688461583b03</sln:miejscIIPId><sln:miejscIIPPn>PL.PZGIK.200</sln:miejscIIPPn><sln:miejscIIPWersja>2017-03-28T10:49:38+02:00</sln:miejscIIPWersja><sln:miejscIdTeryt>0682270</sln:miejscIdTeryt><sln:miejscNazwa>Wesoła</sln:miejscNazwa><sln:miejscRodzaj>Wieś</sln:miejscRodzaj><sln:powIIPId>60f09523-3b8a-4b99-b112-9f6b6cf3c982</sln:powIIPId><sln:powIIPPn>PL.PZGIK.200</sln:powIIPPn><sln:powIIPWersja>2012-09-27T08:13:53+02:00</sln:powIIPWersja><sln:powIdTeryt>1426</sln:powIdTeryt><sln:powNazwa>siedlecki</sln:powNazwa><sln:waznyOd>2014-06-20T00:00:00+02:00</sln:waznyOd><sln:wojIIPId>4b6c492a-eb04-441d-a92a-f44359c06de7</sln:wojIIPId><sln:wojIIPPn>PL.PZGIK.200</sln:wojIIPPn><sln:wojIIPWersja>2012-09-27T13:45:13+02:00</sln:wojIIPWersja><sln:wojIdTeryt>14</sln:wojIdTeryt><sln:wojNazwa>mazowieckie</sln:wojNazwa></sln:miejscowosc><sln:miejscowosc><sln:cyklZyciaOd>2017-03-28T00:00:00+02:00</sln:cyklZyciaOd><sln:gmIIPId>f3495c5c-abd2-4ee0-95d7-81262768f66c</sln:gmIIPId><sln:gmIIPPn>PL.PZGIK.200</sln:gmIIPPn><sln:gmIIPWersja>2012-09-26T21:56:43+02:00</sln:gmIIPWersja><sln:gmIdTeryt>1426042</sln:gmIdTeryt><sln:gmNazwa>Mokobody</sln:gmNazwa><sln:miejscIIPId>c8343d79-3153-4304-9c44-6291f0a70756</sln:miejscIIPId><sln:miejscIIPPn>PL.PZGIK.200</sln:miejscIIPPn><sln:miejscIIPWersja>2017-03-28T10:49:38+02:00</sln:miejscIIPWersja><sln:miejscIdTeryt>0682287</sln:miejscIdTeryt><sln:miejscNazwa>Wólka Proszewska</sln:miejscNazwa><sln:miejscRodzaj>Wieś</sln:miejscRodzaj><sln:powIIPId>60f09523-3b8a-4b99-b112-9f6b6cf3c982</sln:powIIPId><sln:powIIPPn>PL.PZGIK.200</sln:powIIPPn><sln:powIIPWersja>2012-09-27T08:13:53+02:00</sln:powIIPWersja><sln:powIdTeryt>1426</sln:powIdTeryt><sln:powNazwa>siedlecki</sln:powNazwa><sln:waznyOd>2014-06-20T00:00:00+02:00</sln:waznyOd><sln:wojIIPId>4b6c492a-eb04-441d-a92a-f44359c06de7</sln:wojIIPId><sln:wojIIPPn>PL.PZGIK.200</sln:wojIIPPn><sln:wojIIPWersja>2012-09-27T13:45:13+02:00</sln:wojIIPWersja><sln:wojIdTeryt>14</sln:wojIdTeryt><sln:wojNazwa>mazowieckie</sln:wojNazwa></sln:miejscowosc><sln:miejscowosc><sln:cyklZyciaOd>2017-03-28T00:00:00+02:00</sln:cyklZyciaOd><sln:gmIIPId>f3495c5c-abd2-4ee0-95d7-81262768f66c</sln:gmIIPId><sln:gmIIPPn>PL.PZGIK.200</sln:gmIIPPn><sln:gmIIPWersja>2012-09-26T21:56:43+02:00</sln:gmIIPWersja><sln:gmIdTeryt>1426042</sln:gmIdTeryt><sln:gmNazwa>Mokobody</sln:gmNazwa><sln:miejscIIPId>c714366a-0bb1-449e-bd3b-9938d082d092</sln:miejscIIPId><sln:miejscIIPPn>PL.PZGIK.200</sln:miejscIIPPn><sln:miejscIIPWersja>2017-03-28T10:49:38+02:00</sln:miejscIIPWersja><sln:miejscIdTeryt>0682293</sln:miejscIdTeryt><sln:miejscNazwa>Wólka Żukowska</sln:miejscNazwa><sln:miejscRodzaj>Wieś</sln:miejscRodzaj><sln:powIIPId>60f09523-3b8a-4b99-b112-9f6b6cf3c982</sln:powIIPId><sln:powIIPPn>PL.PZGIK.200</sln:powIIPPn><sln:powIIPWersja>2012-09-27T08:13:53+02:00</sln:powIIPWersja><sln:powIdTeryt>1426</sln:powIdTeryt><sln:powNazwa>siedlecki</sln:powNazwa><sln:waznyOd>2014-06-20T00:00:00+02:00</sln:waznyOd><sln:wojIIPId>4b6c492a-eb04-441d-a92a-f44359c06de7</sln:wojIIPId><sln:wojIIPPn>PL.PZGIK.200</sln:wojIIPPn><sln:wojIIPWersja>2012-09-27T13:45:13+02:00</sln:wojIIPWersja><sln:wojIdTeryt>14</sln:wojIdTeryt><sln:wojNazwa>mazowieckie</sln:wojNazwa></sln:miejscowosc><sln:miejscowosc><sln:cyklZyciaOd>2017-03-28T00:00:00+02:00</sln:cyklZyciaOd><sln:gmIIPId>f3495c5c-abd2-4ee0-95d7-81262768f66c</sln:gmIIPId><sln:gmIIPPn>PL.PZGIK.200</sln:gmIIPPn><sln:gmIIPWersja>2012-09-26T21:56:43+02:00</sln:gmIIPWersja><sln:gmIdTeryt>1426042</sln:gmIdTeryt><sln:gmNazwa>Mokobody</sln:gmNazwa><sln:miejscIIPId>6a78b637-b8de-4a05-9cef-772ca42b4c99</sln:miejscIIPId><sln:miejscIIPPn>PL.PZGIK.200</sln:miejscIIPPn><sln:miejscIIPWersja>2017-03-28T10:49:38+02:00</sln:miejscIIPWersja><sln:miejscIdTeryt>0682301</sln:miejscIdTeryt><sln:miejscNazwa>Wyłazy</sln:miejscNazwa><sln:miejscRodzaj>Wieś</sln:miejscRodzaj><sln:powIIPId>60f09523-3b8a-4b99-b112-9f6b6cf3c982</sln:powIIPId><sln:powIIPPn>PL.PZGIK.200</sln:powIIPPn><sln:powIIPWersja>2012-09-27T08:13:53+02:00</sln:powIIPWersja><sln:powIdTeryt>1426</sln:powIdTeryt><sln:powNazwa>siedlecki</sln:powNazwa><sln:waznyOd>2014-06-20T00:00:00+02:00</sln:waznyOd><sln:wojIIPId>4b6c492a-eb04-441d-a92a-f44359c06de7</sln:wojIIPId><sln:wojIIPPn>PL.PZGIK.200</sln:wojIIPPn><sln:wojIIPWersja>2012-09-27T13:45:13+02:00</sln:wojIIPWersja><sln:wojIdTeryt>14</sln:wojIdTeryt><sln:wojNazwa>mazowieckie</sln:wojNazwa></sln:miejscowosc><sln:miejscowosc><sln:cyklZyciaOd>2017-03-28T00:00:00+02:00</sln:cyklZyciaOd><sln:gmIIPId>f3495c5c-abd2-4ee0-95d7-81262768f66c</sln:gmIIPId><sln:gmIIPPn>PL.PZGIK.200</sln:gmIIPPn><sln:gmIIPWersja>2012-09-26T21:56:43+02:00</sln:gmIIPWersja><sln:gmIdTeryt>1426042</sln:gmIdTeryt><sln:gmNazwa>Mokobody</sln:gmNazwa><sln:miejscIIPId>49474d48-e3a8-4065-95dc-24369eceee9d</sln:miejscIIPId><sln:miejscIIPPn>PL.PZGIK.200</sln:miejscIIPPn><sln:miejscIIPWersja>2017-03-28T10:49:38+02:00</sln:miejscIIPWersja><sln:miejscIdTeryt>0682318</sln:miejscIdTeryt><sln:miejscNazwa>Zaliwie-Brzozówka</sln:miejscNazwa><sln:miejscRodzaj>Wieś</sln:miejscRodzaj><sln:powIIPId>60f09523-3b8a-4b99-b112-9f6b6cf3c982</sln:powIIPId><sln:powIIPPn>PL.PZGIK.200</sln:powIIPPn><sln:powIIPWersja>2012-09-27T08:13:53+02:00</sln:powIIPWersja><sln:powIdTeryt>1426</sln:powIdTeryt><sln:powNazwa>siedlecki</sln:powNazwa><sln:waznyOd>2014-06-20T00:00:00+02:00</sln:waznyOd><sln:wojIIPId>4b6c492a-eb04-441d-a92a-f44359c06de7</sln:wojIIPId><sln:wojIIPPn>PL.PZGIK.200</sln:wojIIPPn><sln:wojIIPWersja>2012-09-27T13:45:13+02:00</sln:wojIIPWersja><sln:wojIdTeryt>14</sln:wojIdTeryt><sln:wojNazwa>mazowieckie</sln:wojNazwa></sln:miejscowosc><sln:miejscowosc><sln:cyklZyciaOd>2017-03-28T00:00:00+02:00</sln:cyklZyciaOd><sln:gmIIPId>f3495c5c-abd2-4ee0-95d7-81262768f66c</sln:gmIIPId><sln:gmIIPPn>PL.PZGIK.200</sln:gmIIPPn><sln:gmIIPWersja>2012-09-26T21:56:43+02:00</sln:gmIIPWersja><sln:gmIdTeryt>1426042</sln:gmIdTeryt><sln:gmNazwa>Mokobody</sln:gmNazwa><sln:miejscIIPId>d005968f-8edd-493f-887f-90a41fde8fef</sln:miejscIIPId><sln:miejscIIPPn>PL.PZGIK.200</sln:miejscIIPPn><sln:miejscIIPWersja>2017-03-28T10:49:38+02:00</sln:miejscIIPWersja><sln:miejscIdTeryt>0682324</sln:miejscIdTeryt><sln:miejscNazwa>Zaliwie-Piegawki</sln:miejscNazwa><sln:miejscRodzaj>Wieś</sln:miejscRodzaj><sln:powIIPId>60f09523-3b8a-4b99-b112-9f6b6cf3c982</sln:powIIPId><sln:powIIPPn>PL.PZGIK.200</sln:powIIPPn><sln:powIIPWersja>2012-09-27T08:13:53+02:00</sln:powIIPWersja><sln:powIdTeryt>1426</sln:powIdTeryt><sln:powNazwa>siedlecki</sln:powNazwa><sln:waznyOd>2014-06-20T00:00:00+02:00</sln:waznyOd><sln:wojIIPId>4b6c492a-eb04-441d-a92a-f44359c06de7</sln:wojIIPId><sln:wojIIPPn>PL.PZGIK.200</sln:wojIIPPn><sln:wojIIPWersja>2012-09-27T13:45:13+02:00</sln:wojIIPWersja><sln:wojIdTeryt>14</sln:wojIdTeryt><sln:wojNazwa>mazowieckie</sln:wojNazwa></sln:miejscowosc><sln:miejscowosc><sln:cyklZyciaOd>2017-03-28T00:00:00+02:00</sln:cyklZyciaOd><sln:gmIIPId>f3495c5c-abd2-4ee0-95d7-81262768f66c</sln:gmIIPId><sln:gmIIPPn>PL.PZGIK.200</sln:gmIIPPn><sln:gmIIPWersja>2012-09-26T21:56:43+02:00</sln:gmIIPWersja><sln:gmIdTeryt>1426042</sln:gmIdTeryt><sln:gmNazwa>Mokobody</sln:gmNazwa><sln:miejscIIPId>d652b0d6-a48b-4222-9fd8-2734bfdd25a4</sln:miejscIIPId><sln:miejscIIPPn>PL.PZGIK.200</sln:miejscIIPPn><sln:miejscIIPWersja>2017-03-28T10:49:38+02:00</sln:miejscIIPWersja><sln:miejscIdTeryt>0682330</sln:miejscIdTeryt><sln:miejscNazwa>Zaliwie-Szpinki</sln:miejscNazwa><sln:miejscRodzaj>Wieś</sln:miejscRodzaj><sln:powIIPId>60f09523-3b8a-4b99-b112-9f6b6cf3c982</sln:powIIPId><sln:powIIPPn>PL.PZGIK.200</sln:powIIPPn><sln:powIIPWersja>2012-09-27T08:13:53+02:00</sln:powIIPWersja><sln:powIdTeryt>1426</sln:powIdTeryt><sln:powNazwa>siedlecki</sln:powNazwa><sln:waznyOd>2014-06-20T00:00:00+02:00</sln:waznyOd><sln:wojIIPId>4b6c492a-eb04-441d-a92a-f44359c06de7</sln:wojIIPId><sln:wojIIPPn>PL.PZGIK.200</sln:wojIIPPn><sln:wojIIPWersja>2012-09-27T13:45:13+02:00</sln:wojIIPWersja><sln:wojIdTeryt>14</sln:wojIdTeryt><sln:wojNazwa>mazowieckie</sln:wojNazwa></sln:miejscowosc><sln:miejscowosc><sln:cyklZyciaOd>2017-03-28T00:00:00+02:00</sln:cyklZyciaOd><sln:gmIIPId>f3495c5c-abd2-4ee0-95d7-81262768f66c</sln:gmIIPId><sln:gmIIPPn>PL.PZGIK.200</sln:gmIIPPn><sln:gmIIPWersja>2012-09-26T21:56:43+02:00</sln:gmIIPWersja><sln:gmIdTeryt>1426042</sln:gmIdTeryt><sln:gmNazwa>Mokobody</sln:gmNazwa><sln:miejscIIPId>87427f31-4bff-444a-96c3-11c2376b110e</sln:miejscIIPId><sln:miejscIIPPn>PL.PZGIK.200</sln:miejscIIPPn><sln:miejscIIPWersja>2017-03-28T10:49:38+02:00</sln:miejscIIPWersja><sln:miejscIdTeryt>0682347</sln:miejscIdTeryt><sln:miejscNazwa>Zemły</sln:miejscNazwa><sln:miejscRodzaj>Wieś</sln:miejscRodzaj><sln:powIIPId>60f09523-3b8a-4b99-b112-9f6b6cf3c982</sln:powIIPId><sln:powIIPPn>PL.PZGIK.200</sln:powIIPPn><sln:powIIPWersja>2012-09-27T08:13:53+02:00</sln:powIIPWersja><sln:powIdTeryt>1426</sln:powIdTeryt><sln:powNazwa>siedlecki</sln:powNazwa><sln:waznyOd>2014-06-20T00:00:00+02:00</sln:waznyOd><sln:wojIIPId>4b6c492a-eb04-441d-a92a-f44359c06de7</sln:wojIIPId><sln:wojIIPPn>PL.PZGIK.200</sln:wojIIPPn><sln:wojIIPWersja>2012-09-27T13:45:13+02:00</sln:wojIIPWersja><sln:wojIdTeryt>14</sln:wojIdTeryt><sln:wojNazwa>mazowieckie</sln:wojNazwa></sln:miejscowosc><sln:miejscowosc><sln:cyklZyciaOd>2017-03-28T00:00:00+02:00</sln:cyklZyciaOd><sln:gmIIPId>f3495c5c-abd2-4ee0-95d7-81262768f66c</sln:gmIIPId><sln:gmIIPPn>PL.PZGIK.200</sln:gmIIPPn><sln:gmIIPWersja>2012-09-26T21:56:43+02:00</sln:gmIIPWersja><sln:gmIdTeryt>1426042</sln:gmIdTeryt><sln:gmNazwa>Mokobody</sln:gmNazwa><sln:miejscIIPId>1aee021e-5d8e-444b-85a6-72f2506142c8</sln:miejscIIPId><sln:miejscIIPPn>PL.PZGIK.200</sln:miejscIIPPn><sln:miejscIIPWersja>2017-03-28T10:49:38+02:00</sln:miejscIIPWersja><sln:miejscIdTeryt>0682353</sln:miejscIdTeryt><sln:miejscNazwa>Ziomaki</sln:miejscNazwa><sln:miejscRodzaj>Wieś</sln:miejscRodzaj><sln:powIIPId>60f09523-3b8a-4b99-b112-9f6b6cf3c982</sln:powIIPId><sln:powIIPPn>PL.PZGIK.200</sln:powIIPPn><sln:powIIPWersja>2012-09-27T08:13:53+02:00</sln:powIIPWersja><sln:powIdTeryt>1426</sln:powIdTeryt><sln:powNazwa>siedlecki</sln:powNazwa><sln:waznyOd>2014-06-20T00:00:00+02:00</sln:waznyOd><sln:wojIIPId>4b6c492a-eb04-441d-a92a-f44359c06de7</sln:wojIIPId><sln:wojIIPPn>PL.PZGIK.200</sln:wojIIPPn><sln:wojIIPWersja>2012-09-27T13:45:13+02:00</sln:wojIIPWersja><sln:wojIdTeryt>14</sln:wojIdTeryt><sln:wojNazwa>mazowieckie</sln:wojNazwa></sln:miejscowosc><sln:miejscowosc><sln:cyklZyciaOd>2017-03-28T00:00:00+02:00</sln:cyklZyciaOd><sln:gmIIPId>f3495c5c-abd2-4ee0-95d7-81262768f66c</sln:gmIIPId><sln:gmIIPPn>PL.PZGIK.200</sln:gmIIPPn><sln:gmIIPWersja>2012-09-26T21:56:43+02:00</sln:gmIIPWersja><sln:gmIdTeryt>1426042</sln:gmIdTeryt><sln:gmNazwa>Mokobody</sln:gmNazwa><sln:miejscIIPId>a6052c0d-d1c4-45ca-b538-6d8d686fdfe9</sln:miejscIIPId><sln:miejscIIPPn>PL.PZGIK.200</sln:miejscIIPPn><sln:miejscIIPWersja>2017-03-28T10:49:38+02:00</sln:miejscIIPWersja><sln:miejscIdTeryt>0682360</sln:miejscIdTeryt><sln:miejscNazwa>Żuków</sln:miejscNazwa><sln:miejscRodzaj>Wieś</sln:miejscRodzaj><sln:powIIPId>60f09523-3b8a-4b99-b112-9f6b6cf3c982</sln:powIIPId><sln:powIIPPn>PL.PZGIK.200</sln:powIIPPn><sln:powIIPWersja>2012-09-27T08:13:53+02:00</sln:powIIPWersja><sln:powIdTeryt>1426</sln:powIdTeryt><sln:powNazwa>siedlecki</sln:powNazwa><sln:waznyOd>2014-06-20T00:00:00+02:00</sln:waznyOd><sln:wojIIPId>4b6c492a-eb04-441d-a92a-f44359c06de7</sln:wojIIPId><sln:wojIIPPn>PL.PZGIK.200</sln:wojIIPPn><sln:wojIIPWersja>2012-09-27T13:45:13+02:00</sln:wojIIPWersja><sln:wojIdTeryt>14</sln:wojIdTeryt><sln:wojNazwa>mazowieckie</sln:wojNazwa></sln:miejscowosc></sln:lista-miejscowosci>