<?xml version="1.0" encoding="UTF-8" standalone="yes"?><sln:lista-miejscowosci xmlns:srv="http://gugik.gov.pl/schemas/slowniki-service/1.0" xmlns:sln="http://gugik.gov.pl/schemas/slowniki-schema/1.0"><sln:miejscowosc><sln:cyklZyciaOd>2016-06-16T00:00:00+02:00</sln:cyklZyciaOd><sln:gmIIPId>8a412f8c-6b58-4841-bb2b-bf1afd84ed3c</sln:gmIIPId><sln:gmIIPPn>PL.PZGIK.200</sln:gmIIPPn><sln:gmIIPWersja>2012-09-26T22:52:42+02:00</sln:gmIIPWersja><sln:gmIdTeryt>1413042</sln:gmIdTeryt><sln:gmNazwa>Radzanów</sln:gmNazwa><sln:miejscIIPId>6248291c-7e9b-4334-8d7e-f852c33ab969</sln:miejscIIPId><sln:miejscIIPPn>PL.PZGIK.200</sln:miejscIIPPn><sln:miejscIIPWersja>2016-11-24T13:51:09+02:00</sln:miejscIIPWersja><sln:miejscIdTeryt>0124423</sln:miejscIdTeryt><sln:miejscNIIPId>19f48044-6a01-426f-bcc7-21fc0594816e</sln:miejscNIIPId><sln:miejscNIIPPn>PL.PZGIK.200</sln:miejscNIIPPn><sln:miejscNIIPWersja>2016-11-24T13:34:46+02:00</sln:miejscNIIPWersja><sln:miejscNIdTeryt>0124392</sln:miejscNIdTeryt><sln:miejscNNazwa>Zgliczyn-Glinki</sln:miejscNNazwa><sln:miejscNRodzaj>Wieś</sln:miejscNRodzaj><sln:miejscNazwa>Zgliczyn Kościelny</sln:miejscNazwa><sln:miejscRodzaj>Kolonia</sln:miejscRodzaj><sln:powIIPId>f3ab1778-b92d-43a1-bee1-f4184972ddc2</sln:powIIPId><sln:powIIPPn>PL.PZGIK.200</sln:powIIPPn><sln:powIIPWersja>2012-09-27T08:13:53+02:00</sln:powIIPWersja><sln:powIdTeryt>1413</sln:powIdTeryt><sln:powNazwa>mławski</sln:powNazwa><sln:wojIIPId>4b6c492a-eb04-441d-a92a-f44359c06de7</sln:wojIIPId><sln:wojIIPPn>PL.PZGIK.200</sln:wojIIPPn><sln:wojIIPWersja>2012-09-27T13:45:13+02:00</sln:wojIIPWersja><sln:wojIdTeryt>14</sln:wojIdTeryt><sln:wojNazwa>mazowieckie</sln:wojNazwa></sln:miejscowosc><sln:miejscowosc><sln:cyklZyciaOd>2016-06-16T00:00:00+02:00</sln:cyklZyciaOd><sln:gmIIPId>8a412f8c-6b58-4841-bb2b-bf1afd84ed3c</sln:gmIIPId><sln:gmIIPPn>PL.PZGIK.200</sln:gmIIPPn><sln:gmIIPWersja>2012-09-26T22:52:42+02:00</sln:gmIIPWersja><sln:gmIdTeryt>1413042</sln:gmIdTeryt><sln:gmNazwa>Radzanów</sln:gmNazwa><sln:miejscIIPId>19f48044-6a01-426f-bcc7-21fc0594816e</sln:miejscIIPId><sln:miejscIIPPn>PL.PZGIK.200</sln:miejscIIPPn><sln:miejscIIPWersja>2016-11-24T13:34:46+02:00</sln:miejscIIPWersja><sln:miejscIdTeryt>0124392</sln:miejscIdTeryt><sln:miejscNazwa>Zgliczyn-Glinki</sln:miejscNazwa><sln:miejscRodzaj>Wieś</sln:miejscRodzaj><sln:powIIPId>f3ab1778-b92d-43a1-bee1-f4184972ddc2</sln:powIIPId><sln:powIIPPn>PL.PZGIK.200</sln:powIIPPn><sln:powIIPWersja>2012-09-27T08:13:53+02:00</sln:powIIPWersja><sln:powIdTeryt>1413</sln:powIdTeryt><sln:powNazwa>mławski</sln:powNazwa><sln:wojIIPId>4b6c492a-eb04-441d-a92a-f44359c06de7</sln:wojIIPId><sln:wojIIPPn>PL.PZGIK.200</sln:wojIIPPn><sln:wojIIPWersja>2012-09-27T13:45:13+02:00</sln:wojIIPWersja><sln:wojIdTeryt>14</sln:wojIdTeryt><sln:wojNazwa>mazowieckie</sln:wojNazwa></sln:miejscowosc><sln:miejscowosc><sln:cyklZyciaOd>2016-06-16T00:00:00+02:00</sln:cyklZyciaOd><sln:gmIIPId>8a412f8c-6b58-4841-bb2b-bf1afd84ed3c</sln:gmIIPId><sln:gmIIPPn>PL.PZGIK.200</sln:gmIIPPn><sln:gmIIPWersja>2012-09-26T22:52:42+02:00</sln:gmIIPWersja><sln:gmIdTeryt>1413042</sln:gmIdTeryt><sln:gmNazwa>Radzanów</sln:gmNazwa><sln:miejscIIPId>dc8e9846-d9a8-4345-b399-a8e3bb3b93a8</sln:miejscIIPId><sln:miejscIIPPn>PL.PZGIK.200</sln:miejscIIPPn><sln:miejscIIPWersja>2016-11-24T13:38:15+02:00</sln:miejscIIPWersja><sln:miejscIdTeryt>0124110</sln:miejscIdTeryt><sln:miejscNazwa>Bębnowo</sln:miejscNazwa><sln:miejscRodzaj>Wieś</sln:miejscRodzaj><sln:powIIPId>f3ab1778-b92d-43a1-bee1-f4184972ddc2</sln:powIIPId><sln:powIIPPn>PL.PZGIK.200</sln:powIIPPn><sln:powIIPWersja>2012-09-27T08:13:53+02:00</sln:powIIPWersja><sln:powIdTeryt>1413</sln:powIdTeryt><sln:powNazwa>mławski</sln:powNazwa><sln:wojIIPId>4b6c492a-eb04-441d-a92a-f44359c06de7</sln:wojIIPId><sln:wojIIPPn>PL.PZGIK.200</sln:wojIIPPn><sln:wojIIPWersja>2012-09-27T13:45:13+02:00</sln:wojIIPWersja><sln:wojIdTeryt>14</sln:wojIdTeryt><sln:wojNazwa>mazowieckie</sln:wojNazwa></sln:miejscowosc><sln:miejscowosc><sln:cyklZyciaOd>2016-06-16T00:00:00+02:00</sln:cyklZyciaOd><sln:gmIIPId>8a412f8c-6b58-4841-bb2b-bf1afd84ed3c</sln:gmIIPId><sln:gmIIPPn>PL.PZGIK.200</sln:gmIIPPn><sln:gmIIPWersja>2012-09-26T22:52:42+02:00</sln:gmIIPWersja><sln:gmIdTeryt>1413042</sln:gmIdTeryt><sln:gmNazwa>Radzanów</sln:gmNazwa><sln:miejscIIPId>f371728a-37e9-4d01-a48c-c9650d2f1bb4</sln:miejscIIPId><sln:miejscIIPPn>PL.PZGIK.200</sln:miejscIIPPn><sln:miejscIIPWersja>2016-11-24T13:34:46+02:00</sln:miejscIIPWersja><sln:miejscIdTeryt>0124430</sln:miejscIdTeryt><sln:miejscNazwa>Zgliczyn Witowy</sln:miejscNazwa><sln:miejscRodzaj>Wieś</sln:miejscRodzaj><sln:powIIPId>f3ab1778-b92d-43a1-bee1-f4184972ddc2</sln:powIIPId><sln:powIIPPn>PL.PZGIK.200</sln:powIIPPn><sln:powIIPWersja>2012-09-27T08:13:53+02:00</sln:powIIPWersja><sln:powIdTeryt>1413</sln:powIdTeryt><sln:powNazwa>mławski</sln:powNazwa><sln:wojIIPId>4b6c492a-eb04-441d-a92a-f44359c06de7</sln:wojIIPId><sln:wojIIPPn>PL.PZGIK.200</sln:wojIIPPn><sln:wojIIPWersja>2012-09-27T13:45:13+02:00</sln:wojIIPWersja><sln:wojIdTeryt>14</sln:wojIdTeryt><sln:wojNazwa>mazowieckie</sln:wojNazwa></sln:miejscowosc><sln:miejscowosc><sln:cyklZyciaOd>2016-06-16T00:00:00+02:00</sln:cyklZyciaOd><sln:gmIIPId>8a412f8c-6b58-4841-bb2b-bf1afd84ed3c</sln:gmIIPId><sln:gmIIPPn>PL.PZGIK.200</sln:gmIIPPn><sln:gmIIPWersja>2012-09-26T22:52:42+02:00</sln:gmIIPWersja><sln:gmIdTeryt>1413042</sln:gmIdTeryt><sln:gmNazwa>Radzanów</sln:gmNazwa><sln:miejscIIPId>6203ac29-b5e7-4651-81aa-3197e939854b</sln:miejscIIPId><sln:miejscIIPPn>PL.PZGIK.200</sln:miejscIIPPn><sln:miejscIIPWersja>2016-11-24T13:50:41+02:00</sln:miejscIIPWersja><sln:miejscIdTeryt>0124370</sln:miejscIdTeryt><sln:miejscNIIPId>3881d40b-8cbd-40ae-86a6-668eb17200f0</sln:miejscNIIPId><sln:miejscNIIPPn>PL.PZGIK.200</sln:miejscNIIPPn><sln:miejscNIIPWersja>2016-11-24T13:33:52+02:00</sln:miejscNIIPWersja><sln:miejscNIdTeryt>0124363</sln:miejscNIdTeryt><sln:miejscNNazwa>Wróblewo</sln:miejscNNazwa><sln:miejscNRodzaj>Wieś</sln:miejscNRodzaj><sln:miejscNazwa>Wróblewo-Budy</sln:miejscNazwa><sln:miejscRodzaj>Inny obiekt</sln:miejscRodzaj><sln:powIIPId>f3ab1778-b92d-43a1-bee1-f4184972ddc2</sln:powIIPId><sln:powIIPPn>PL.PZGIK.200</sln:powIIPPn><sln:powIIPWersja>2012-09-27T08:13:53+02:00</sln:powIIPWersja><sln:powIdTeryt>1413</sln:powIdTeryt><sln:powNazwa>mławski</sln:powNazwa><sln:wojIIPId>4b6c492a-eb04-441d-a92a-f44359c06de7</sln:wojIIPId><sln:wojIIPPn>PL.PZGIK.200</sln:wojIIPPn><sln:wojIIPWersja>2012-09-27T13:45:13+02:00</sln:wojIIPWersja><sln:wojIdTeryt>14</sln:wojIdTeryt><sln:wojNazwa>mazowieckie</sln:wojNazwa></sln:miejscowosc><sln:miejscowosc><sln:cyklZyciaOd>2016-06-16T00:00:00+02:00</sln:cyklZyciaOd><sln:gmIIPId>8a412f8c-6b58-4841-bb2b-bf1afd84ed3c</sln:gmIIPId><sln:gmIIPPn>PL.PZGIK.200</sln:gmIIPPn><sln:gmIIPWersja>2012-09-26T22:52:42+02:00</sln:gmIIPWersja><sln:gmIdTeryt>1413042</sln:gmIdTeryt><sln:gmNazwa>Radzanów</sln:gmNazwa><sln:miejscIIPId>3881d40b-8cbd-40ae-86a6-668eb17200f0</sln:miejscIIPId><sln:miejscIIPPn>PL.PZGIK.200</sln:miejscIIPPn><sln:miejscIIPWersja>2016-11-24T13:33:52+02:00</sln:miejscIIPWersja><sln:miejscIdTeryt>0124363</sln:miejscIdTeryt><sln:miejscNazwa>Wróblewo</sln:miejscNazwa><sln:miejscRodzaj>Wieś</sln:miejscRodzaj><sln:powIIPId>f3ab1778-b92d-43a1-bee1-f4184972ddc2</sln:powIIPId><sln:powIIPPn>PL.PZGIK.200</sln:powIIPPn><sln:powIIPWersja>2012-09-27T08:13:53+02:00</sln:powIIPWersja><sln:powIdTeryt>1413</sln:powIdTeryt><sln:powNazwa>mławski</sln:powNazwa><sln:wojIIPId>4b6c492a-eb04-441d-a92a-f44359c06de7</sln:wojIIPId><sln:wojIIPPn>PL.PZGIK.200</sln:wojIIPPn><sln:wojIIPWersja>2012-09-27T13:45:13+02:00</sln:wojIIPWersja><sln:wojIdTeryt>14</sln:wojIdTeryt><sln:wojNazwa>mazowieckie</sln:wojNazwa></sln:miejscowosc><sln:miejscowosc><sln:cyklZyciaOd>2016-06-16T00:00:00+02:00</sln:cyklZyciaOd><sln:gmIIPId>8a412f8c-6b58-4841-bb2b-bf1afd84ed3c</sln:gmIIPId><sln:gmIIPPn>PL.PZGIK.200</sln:gmIIPPn><sln:gmIIPWersja>2012-09-26T22:52:42+02:00</sln:gmIIPWersja><sln:gmIdTeryt>1413042</sln:gmIdTeryt><sln:gmNazwa>Radzanów</sln:gmNazwa><sln:miejscIIPId>df0d166b-b9db-44cc-b7e9-728c6d24e082</sln:miejscIIPId><sln:miejscIIPPn>PL.PZGIK.200</sln:miejscIIPPn><sln:miejscIIPWersja>2016-11-24T13:42:29+02:00</sln:miejscIIPWersja><sln:miejscIdTeryt>0124191</sln:miejscIdTeryt><sln:miejscNazwa>Bońkowo Kościelne</sln:miejscNazwa><sln:miejscRodzaj>Wieś</sln:miejscRodzaj><sln:powIIPId>f3ab1778-b92d-43a1-bee1-f4184972ddc2</sln:powIIPId><sln:powIIPPn>PL.PZGIK.200</sln:powIIPPn><sln:powIIPWersja>2012-09-27T08:13:53+02:00</sln:powIIPWersja><sln:powIdTeryt>1413</sln:powIdTeryt><sln:powNazwa>mławski</sln:powNazwa><sln:wojIIPId>4b6c492a-eb04-441d-a92a-f44359c06de7</sln:wojIIPId><sln:wojIIPPn>PL.PZGIK.200</sln:wojIIPPn><sln:wojIIPWersja>2012-09-27T13:45:13+02:00</sln:wojIIPWersja><sln:wojIdTeryt>14</sln:wojIdTeryt><sln:wojNazwa>mazowieckie</sln:wojNazwa></sln:miejscowosc><sln:miejscowosc><sln:cyklZyciaOd>2016-06-16T00:00:00+02:00</sln:cyklZyciaOd><sln:gmIIPId>8a412f8c-6b58-4841-bb2b-bf1afd84ed3c</sln:gmIIPId><sln:gmIIPPn>PL.PZGIK.200</sln:gmIIPPn><sln:gmIIPWersja>2012-09-26T22:52:42+02:00</sln:gmIIPWersja><sln:gmIdTeryt>1413042</sln:gmIdTeryt><sln:gmNazwa>Radzanów</sln:gmNazwa><sln:miejscIIPId>0074aaee-7580-4c5e-b21a-4137e354c593</sln:miejscIIPId><sln:miejscIIPPn>PL.PZGIK.200</sln:miejscIIPPn><sln:miejscIIPWersja>2016-11-24T13:38:50+02:00</sln:miejscIIPWersja><sln:miejscIdTeryt>0124297</sln:miejscIdTeryt><sln:miejscNazwa>Józefowo</sln:miejscNazwa><sln:miejscRodzaj>Wieś</sln:miejscRodzaj><sln:powIIPId>f3ab1778-b92d-43a1-bee1-f4184972ddc2</sln:powIIPId><sln:powIIPPn>PL.PZGIK.200</sln:powIIPPn><sln:powIIPWersja>2012-09-27T08:13:53+02:00</sln:powIIPWersja><sln:powIdTeryt>1413</sln:powIdTeryt><sln:powNazwa>mławski</sln:powNazwa><sln:wojIIPId>4b6c492a-eb04-441d-a92a-f44359c06de7</sln:wojIIPId><sln:wojIIPPn>PL.PZGIK.200</sln:wojIIPPn><sln:wojIIPWersja>2012-09-27T13:45:13+02:00</sln:wojIIPWersja><sln:wojIdTeryt>14</sln:wojIdTeryt><sln:wojNazwa>mazowieckie</sln:wojNazwa></sln:miejscowosc><sln:miejscowosc><sln:cyklZyciaOd>2016-06-16T00:00:00+02:00</sln:cyklZyciaOd><sln:gmIIPId>8a412f8c-6b58-4841-bb2b-bf1afd84ed3c</sln:gmIIPId><sln:gmIIPPn>PL.PZGIK.200</sln:gmIIPPn><sln:gmIIPWersja>2012-09-26T22:52:42+02:00</sln:gmIIPWersja><sln:gmIdTeryt>1413042</sln:gmIdTeryt><sln:gmNazwa>Radzanów</sln:gmNazwa><sln:miejscIIPId>69d78717-b30d-4af4-b65d-781a14ccc6b6</sln:miejscIIPId><sln:miejscIIPPn>PL.PZGIK.200</sln:miejscIIPPn><sln:miejscIIPWersja>2016-11-24T13:29:41+02:00</sln:miejscIIPWersja><sln:miejscIdTeryt>0124334</sln:miejscIdTeryt><sln:miejscNazwa>Ratowo</sln:miejscNazwa><sln:miejscRodzaj>Wieś</sln:miejscRodzaj><sln:powIIPId>f3ab1778-b92d-43a1-bee1-f4184972ddc2</sln:powIIPId><sln:powIIPPn>PL.PZGIK.200</sln:powIIPPn><sln:powIIPWersja>2012-09-27T08:13:53+02:00</sln:powIIPWersja><sln:powIdTeryt>1413</sln:powIdTeryt><sln:powNazwa>mławski</sln:powNazwa><sln:wojIIPId>4b6c492a-eb04-441d-a92a-f44359c06de7</sln:wojIIPId><sln:wojIIPPn>PL.PZGIK.200</sln:wojIIPPn><sln:wojIIPWersja>2012-09-27T13:45:13+02:00</sln:wojIIPWersja><sln:wojIdTeryt>14</sln:wojIdTeryt><sln:wojNazwa>mazowieckie</sln:wojNazwa></sln:miejscowosc><sln:miejscowosc><sln:cyklZyciaOd>2016-06-16T00:00:00+02:00</sln:cyklZyciaOd><sln:gmIIPId>8a412f8c-6b58-4841-bb2b-bf1afd84ed3c</sln:gmIIPId><sln:gmIIPPn>PL.PZGIK.200</sln:gmIIPPn><sln:gmIIPWersja>2012-09-26T22:52:42+02:00</sln:gmIIPWersja><sln:gmIdTeryt>1413042</sln:gmIdTeryt><sln:gmNazwa>Radzanów</sln:gmNazwa><sln:miejscIIPId>a2f31167-e843-4bd4-ac5a-19cf0305088c</sln:miejscIIPId><sln:miejscIIPPn>PL.PZGIK.200</sln:miejscIIPPn><sln:miejscIIPWersja>2016-11-24T13:32:30+02:00</sln:miejscIIPWersja><sln:miejscIdTeryt>0124357</sln:miejscIdTeryt><sln:miejscNazwa>Trzciniec</sln:miejscNazwa><sln:miejscRodzaj>Wieś</sln:miejscRodzaj><sln:powIIPId>f3ab1778-b92d-43a1-bee1-f4184972ddc2</sln:powIIPId><sln:powIIPPn>PL.PZGIK.200</sln:powIIPPn><sln:powIIPWersja>2012-09-27T08:13:53+02:00</sln:powIIPWersja><sln:powIdTeryt>1413</sln:powIdTeryt><sln:powNazwa>mławski</sln:powNazwa><sln:wojIIPId>4b6c492a-eb04-441d-a92a-f44359c06de7</sln:wojIIPId><sln:wojIIPPn>PL.PZGIK.200</sln:wojIIPPn><sln:wojIIPWersja>2012-09-27T13:45:13+02:00</sln:wojIIPWersja><sln:wojIdTeryt>14</sln:wojIdTeryt><sln:wojNazwa>mazowieckie</sln:wojNazwa></sln:miejscowosc><sln:miejscowosc><sln:cyklZyciaOd>2016-06-16T00:00:00+02:00</sln:cyklZyciaOd><sln:gmIIPId>8a412f8c-6b58-4841-bb2b-bf1afd84ed3c</sln:gmIIPId><sln:gmIIPPn>PL.PZGIK.200</sln:gmIIPPn><sln:gmIIPWersja>2012-09-26T22:52:42+02:00</sln:gmIIPWersja><sln:gmIdTeryt>1413042</sln:gmIdTeryt><sln:gmNazwa>Radzanów</sln:gmNazwa><sln:miejscIIPId>17d80c32-98b4-490c-bce5-c675b68c6781</sln:miejscIIPId><sln:miejscIIPPn>PL.PZGIK.200</sln:miejscIIPPn><sln:miejscIIPWersja>2016-11-24T13:50:41+02:00</sln:miejscIIPWersja><sln:miejscIdTeryt>0124386</sln:miejscIdTeryt><sln:miejscNIIPId>3881d40b-8cbd-40ae-86a6-668eb17200f0</sln:miejscNIIPId><sln:miejscNIIPPn>PL.PZGIK.200</sln:miejscNIIPPn><sln:miejscNIIPWersja>2016-11-24T13:33:52+02:00</sln:miejscNIIPWersja><sln:miejscNIdTeryt>0124363</sln:miejscNIdTeryt><sln:miejscNNazwa>Wróblewo</sln:miejscNNazwa><sln:miejscNRodzaj>Wieś</sln:miejscNRodzaj><sln:miejscNazwa>Wróblewo-Tartak</sln:miejscNazwa><sln:miejscRodzaj>Inny obiekt</sln:miejscRodzaj><sln:powIIPId>f3ab1778-b92d-43a1-bee1-f4184972ddc2</sln:powIIPId><sln:powIIPPn>PL.PZGIK.200</sln:powIIPPn><sln:powIIPWersja>2012-09-27T08:13:53+02:00</sln:powIIPWersja><sln:powIdTeryt>1413</sln:powIdTeryt><sln:powNazwa>mławski</sln:powNazwa><sln:wojIIPId>4b6c492a-eb04-441d-a92a-f44359c06de7</sln:wojIIPId><sln:wojIIPPn>PL.PZGIK.200</sln:wojIIPPn><sln:wojIIPWersja>2012-09-27T13:45:13+02:00</sln:wojIIPWersja><sln:wojIdTeryt>14</sln:wojIdTeryt><sln:wojNazwa>mazowieckie</sln:wojNazwa></sln:miejscowosc><sln:miejscowosc><sln:cyklZyciaOd>2016-06-16T00:00:00+02:00</sln:cyklZyciaOd><sln:gmIIPId>8a412f8c-6b58-4841-bb2b-bf1afd84ed3c</sln:gmIIPId><sln:gmIIPPn>PL.PZGIK.200</sln:gmIIPPn><sln:gmIIPWersja>2012-09-26T22:52:42+02:00</sln:gmIIPWersja><sln:gmIdTeryt>1413042</sln:gmIdTeryt><sln:gmNazwa>Radzanów</sln:gmNazwa><sln:miejscIIPId>78759464-afeb-44a0-8636-968126bc2424</sln:miejscIIPId><sln:miejscIIPPn>PL.PZGIK.200</sln:miejscIIPPn><sln:miejscIIPWersja>2016-11-24T13:34:48+02:00</sln:miejscIIPWersja><sln:miejscIdTeryt>0124475</sln:miejscIdTeryt><sln:miejscNazwa>Zieluminek</sln:miejscNazwa><sln:miejscRodzaj>Wieś</sln:miejscRodzaj><sln:powIIPId>f3ab1778-b92d-43a1-bee1-f4184972ddc2</sln:powIIPId><sln:powIIPPn>PL.PZGIK.200</sln:powIIPPn><sln:powIIPWersja>2012-09-27T08:13:53+02:00</sln:powIIPWersja><sln:powIdTeryt>1413</sln:powIdTeryt><sln:powNazwa>mławski</sln:powNazwa><sln:wojIIPId>4b6c492a-eb04-441d-a92a-f44359c06de7</sln:wojIIPId><sln:wojIIPPn>PL.PZGIK.200</sln:wojIIPPn><sln:wojIIPWersja>2012-09-27T13:45:13+02:00</sln:wojIIPWersja><sln:wojIdTeryt>14</sln:wojIdTeryt><sln:wojNazwa>mazowieckie</sln:wojNazwa></sln:miejscowosc><sln:miejscowosc><sln:cyklZyciaOd>2016-06-16T00:00:00+02:00</sln:cyklZyciaOd><sln:gmIIPId>8a412f8c-6b58-4841-bb2b-bf1afd84ed3c</sln:gmIIPId><sln:gmIIPPn>PL.PZGIK.200</sln:gmIIPPn><sln:gmIIPWersja>2012-09-26T22:52:42+02:00</sln:gmIIPWersja><sln:gmIdTeryt>1413042</sln:gmIdTeryt><sln:gmNazwa>Radzanów</sln:gmNazwa><sln:miejscIIPId>36f6fd0e-9d1b-4934-968e-2869a7b4258d</sln:miejscIIPId><sln:miejscIIPPn>PL.PZGIK.200</sln:miejscIIPPn><sln:miejscIIPWersja>2016-11-24T13:42:29+02:00</sln:miejscIIPWersja><sln:miejscIdTeryt>0124216</sln:miejscIdTeryt><sln:miejscNazwa>Bońkowo Podleśne</sln:miejscNazwa><sln:miejscRodzaj>Wieś</sln:miejscRodzaj><sln:powIIPId>f3ab1778-b92d-43a1-bee1-f4184972ddc2</sln:powIIPId><sln:powIIPPn>PL.PZGIK.200</sln:powIIPPn><sln:powIIPWersja>2012-09-27T08:13:53+02:00</sln:powIIPWersja><sln:powIdTeryt>1413</sln:powIdTeryt><sln:powNazwa>mławski</sln:powNazwa><sln:wojIIPId>4b6c492a-eb04-441d-a92a-f44359c06de7</sln:wojIIPId><sln:wojIIPPn>PL.PZGIK.200</sln:wojIIPPn><sln:wojIIPWersja>2012-09-27T13:45:13+02:00</sln:wojIIPWersja><sln:wojIdTeryt>14</sln:wojIdTeryt><sln:wojNazwa>mazowieckie</sln:wojNazwa></sln:miejscowosc><sln:miejscowosc><sln:cyklZyciaOd>2016-06-16T00:00:00+02:00</sln:cyklZyciaOd><sln:gmIIPId>8a412f8c-6b58-4841-bb2b-bf1afd84ed3c</sln:gmIIPId><sln:gmIIPPn>PL.PZGIK.200</sln:gmIIPPn><sln:gmIIPWersja>2012-09-26T22:52:42+02:00</sln:gmIIPWersja><sln:gmIdTeryt>1413042</sln:gmIdTeryt><sln:gmNazwa>Radzanów</sln:gmNazwa><sln:miejscIIPId>31f48e72-4565-4fb1-85ef-ed18a70f8504</sln:miejscIIPId><sln:miejscIIPPn>PL.PZGIK.200</sln:miejscIIPPn><sln:miejscIIPWersja>2016-11-24T13:57:41+02:00</sln:miejscIIPWersja><sln:miejscIdTeryt>0124185</sln:miejscIdTeryt><sln:miejscNIIPId>2aaa00de-12c0-4093-b991-ef31a0bafc4b</sln:miejscNIIPId><sln:miejscNIIPPn>PL.PZGIK.200</sln:miejscNIIPPn><sln:miejscNIIPWersja>2016-11-24T13:42:06+02:00</sln:miejscNIIPWersja><sln:miejscNIdTeryt>0124162</sln:miejscNIdTeryt><sln:miejscNNazwa>Bojanowo</sln:miejscNNazwa><sln:miejscNRodzaj>Wieś</sln:miejscNRodzaj><sln:miejscNazwa>Budy-Brzeziny</sln:miejscNazwa><sln:miejscRodzaj>Inny obiekt</sln:miejscRodzaj><sln:powIIPId>f3ab1778-b92d-43a1-bee1-f4184972ddc2</sln:powIIPId><sln:powIIPPn>PL.PZGIK.200</sln:powIIPPn><sln:powIIPWersja>2012-09-27T08:13:53+02:00</sln:powIIPWersja><sln:powIdTeryt>1413</sln:powIdTeryt><sln:powNazwa>mławski</sln:powNazwa><sln:wojIIPId>4b6c492a-eb04-441d-a92a-f44359c06de7</sln:wojIIPId><sln:wojIIPPn>PL.PZGIK.200</sln:wojIIPPn><sln:wojIIPWersja>2012-09-27T13:45:13+02:00</sln:wojIIPWersja><sln:wojIdTeryt>14</sln:wojIdTeryt><sln:wojNazwa>mazowieckie</sln:wojNazwa></sln:miejscowosc><sln:miejscowosc><sln:cyklZyciaOd>2016-06-16T00:00:00+02:00</sln:cyklZyciaOd><sln:gmIIPId>8a412f8c-6b58-4841-bb2b-bf1afd84ed3c</sln:gmIIPId><sln:gmIIPPn>PL.PZGIK.200</sln:gmIIPPn><sln:gmIIPWersja>2012-09-26T22:52:42+02:00</sln:gmIIPWersja><sln:gmIdTeryt>1413042</sln:gmIdTeryt><sln:gmNazwa>Radzanów</sln:gmNazwa><sln:miejscIIPId>2aaa00de-12c0-4093-b991-ef31a0bafc4b</sln:miejscIIPId><sln:miejscIIPPn>PL.PZGIK.200</sln:miejscIIPPn><sln:miejscIIPWersja>2016-11-24T13:42:06+02:00</sln:miejscIIPWersja><sln:miejscIdTeryt>0124162</sln:miejscIdTeryt><sln:miejscNazwa>Bojanowo</sln:miejscNazwa><sln:miejscRodzaj>Wieś</sln:miejscRodzaj><sln:powIIPId>f3ab1778-b92d-43a1-bee1-f4184972ddc2</sln:powIIPId><sln:powIIPPn>PL.PZGIK.200</sln:powIIPPn><sln:powIIPWersja>2012-09-27T08:13:53+02:00</sln:powIIPWersja><sln:powIdTeryt>1413</sln:powIdTeryt><sln:powNazwa>mławski</sln:powNazwa><sln:wojIIPId>4b6c492a-eb04-441d-a92a-f44359c06de7</sln:wojIIPId><sln:wojIIPPn>PL.PZGIK.200</sln:wojIIPPn><sln:wojIIPWersja>2012-09-27T13:45:13+02:00</sln:wojIIPWersja><sln:wojIdTeryt>14</sln:wojIdTeryt><sln:wojNazwa>mazowieckie</sln:wojNazwa></sln:miejscowosc><sln:miejscowosc><sln:cyklZyciaOd>2016-06-16T00:00:00+02:00</sln:cyklZyciaOd><sln:gmIIPId>8a412f8c-6b58-4841-bb2b-bf1afd84ed3c</sln:gmIIPId><sln:gmIIPPn>PL.PZGIK.200</sln:gmIIPPn><sln:gmIIPWersja>2012-09-26T22:52:42+02:00</sln:gmIIPWersja><sln:gmIdTeryt>1413042</sln:gmIdTeryt><sln:gmNazwa>Radzanów</sln:gmNazwa><sln:miejscIIPId>8629f27a-f663-4897-8036-03134286525e</sln:miejscIIPId><sln:miejscIIPPn>PL.PZGIK.200</sln:miejscIIPPn><sln:miejscIIPWersja>2016-11-24T13:57:41+02:00</sln:miejscIIPWersja><sln:miejscIdTeryt>0124179</sln:miejscIdTeryt><sln:miejscNIIPId>2aaa00de-12c0-4093-b991-ef31a0bafc4b</sln:miejscNIIPId><sln:miejscNIIPPn>PL.PZGIK.200</sln:miejscNIIPPn><sln:miejscNIIPWersja>2016-11-24T13:42:06+02:00</sln:miejscNIIPWersja><sln:miejscNIdTeryt>0124162</sln:miejscNIdTeryt><sln:miejscNNazwa>Bojanowo</sln:miejscNNazwa><sln:miejscNRodzaj>Wieś</sln:miejscNRodzaj><sln:miejscNazwa>Adolfowo</sln:miejscNazwa><sln:miejscRodzaj>Inny obiekt</sln:miejscRodzaj><sln:powIIPId>f3ab1778-b92d-43a1-bee1-f4184972ddc2</sln:powIIPId><sln:powIIPPn>PL.PZGIK.200</sln:powIIPPn><sln:powIIPWersja>2012-09-27T08:13:53+02:00</sln:powIIPWersja><sln:powIdTeryt>1413</sln:powIdTeryt><sln:powNazwa>mławski</sln:powNazwa><sln:wojIIPId>4b6c492a-eb04-441d-a92a-f44359c06de7</sln:wojIIPId><sln:wojIIPPn>PL.PZGIK.200</sln:wojIIPPn><sln:wojIIPWersja>2012-09-27T13:45:13+02:00</sln:wojIIPWersja><sln:wojIdTeryt>14</sln:wojIdTeryt><sln:wojNazwa>mazowieckie</sln:wojNazwa></sln:miejscowosc><sln:miejscowosc><sln:cyklZyciaOd>2016-06-16T00:00:00+02:00</sln:cyklZyciaOd><sln:gmIIPId>8a412f8c-6b58-4841-bb2b-bf1afd84ed3c</sln:gmIIPId><sln:gmIIPPn>PL.PZGIK.200</sln:gmIIPPn><sln:gmIIPWersja>2012-09-26T22:52:42+02:00</sln:gmIIPWersja><sln:gmIdTeryt>1413042</sln:gmIdTeryt><sln:gmNazwa>Radzanów</sln:gmNazwa><sln:miejscIIPId>13ec9bd3-95cf-4cae-8978-4be2143c61d2</sln:miejscIIPId><sln:miejscIIPPn>PL.PZGIK.200</sln:miejscIIPPn><sln:miejscIIPWersja>2016-11-24T13:37:54+02:00</sln:miejscIIPWersja><sln:miejscIdTeryt>0124251</sln:miejscIdTeryt><sln:miejscNazwa>Gradzanowo Włościańskie</sln:miejscNazwa><sln:miejscRodzaj>Wieś</sln:miejscRodzaj><sln:powIIPId>f3ab1778-b92d-43a1-bee1-f4184972ddc2</sln:powIIPId><sln:powIIPPn>PL.PZGIK.200</sln:powIIPPn><sln:powIIPWersja>2012-09-27T08:13:53+02:00</sln:powIIPWersja><sln:powIdTeryt>1413</sln:powIdTeryt><sln:powNazwa>mławski</sln:powNazwa><sln:wojIIPId>4b6c492a-eb04-441d-a92a-f44359c06de7</sln:wojIIPId><sln:wojIIPPn>PL.PZGIK.200</sln:wojIIPPn><sln:wojIIPWersja>2012-09-27T13:45:13+02:00</sln:wojIIPWersja><sln:wojIdTeryt>14</sln:wojIdTeryt><sln:wojNazwa>mazowieckie</sln:wojNazwa></sln:miejscowosc><sln:miejscowosc><sln:cyklZyciaOd>2016-06-16T00:00:00+02:00</sln:cyklZyciaOd><sln:gmIIPId>8a412f8c-6b58-4841-bb2b-bf1afd84ed3c</sln:gmIIPId><sln:gmIIPPn>PL.PZGIK.200</sln:gmIIPPn><sln:gmIIPWersja>2012-09-26T22:52:42+02:00</sln:gmIIPWersja><sln:gmIdTeryt>1413042</sln:gmIdTeryt><sln:gmNazwa>Radzanów</sln:gmNazwa><sln:miejscIIPId>64a5d6d2-dd3d-42fb-957a-15c383259726</sln:miejscIIPId><sln:miejscIIPPn>PL.PZGIK.200</sln:miejscIIPPn><sln:miejscIIPWersja>2016-11-24T13:56:48+02:00</sln:miejscIIPWersja><sln:miejscIdTeryt>0124311</sln:miejscIdTeryt><sln:miejscNIIPId>30e8860b-1be4-4041-9b95-f56b4f6ec214</sln:miejscNIIPId><sln:miejscNIIPPn>PL.PZGIK.200</sln:miejscNIIPPn><sln:miejscNIIPWersja>2016-11-24T13:41:19+02:00</sln:miejscNIIPWersja><sln:miejscNIdTeryt>0124305</sln:miejscNIdTeryt><sln:miejscNNazwa>Luszewo</sln:miejscNNazwa><sln:miejscNRodzaj>Wieś</sln:miejscNRodzaj><sln:miejscNazwa>Kalasantowo</sln:miejscNazwa><sln:miejscRodzaj>Inny obiekt</sln:miejscRodzaj><sln:powIIPId>f3ab1778-b92d-43a1-bee1-f4184972ddc2</sln:powIIPId><sln:powIIPPn>PL.PZGIK.200</sln:powIIPPn><sln:powIIPWersja>2012-09-27T08:13:53+02:00</sln:powIIPWersja><sln:powIdTeryt>1413</sln:powIdTeryt><sln:powNazwa>mławski</sln:powNazwa><sln:wojIIPId>4b6c492a-eb04-441d-a92a-f44359c06de7</sln:wojIIPId><sln:wojIIPPn>PL.PZGIK.200</sln:wojIIPPn><sln:wojIIPWersja>2012-09-27T13:45:13+02:00</sln:wojIIPWersja><sln:wojIdTeryt>14</sln:wojIdTeryt><sln:wojNazwa>mazowieckie</sln:wojNazwa></sln:miejscowosc><sln:miejscowosc><sln:cyklZyciaOd>2016-06-16T00:00:00+02:00</sln:cyklZyciaOd><sln:gmIIPId>8a412f8c-6b58-4841-bb2b-bf1afd84ed3c</sln:gmIIPId><sln:gmIIPPn>PL.PZGIK.200</sln:gmIIPPn><sln:gmIIPWersja>2012-09-26T22:52:42+02:00</sln:gmIIPWersja><sln:gmIdTeryt>1413042</sln:gmIdTeryt><sln:gmNazwa>Radzanów</sln:gmNazwa><sln:miejscIIPId>30e8860b-1be4-4041-9b95-f56b4f6ec214</sln:miejscIIPId><sln:miejscIIPPn>PL.PZGIK.200</sln:miejscIIPPn><sln:miejscIIPWersja>2016-11-24T13:41:19+02:00</sln:miejscIIPWersja><sln:miejscIdTeryt>0124305</sln:miejscIdTeryt><sln:miejscNazwa>Luszewo</sln:miejscNazwa><sln:miejscRodzaj>Wieś</sln:miejscRodzaj><sln:powIIPId>f3ab1778-b92d-43a1-bee1-f4184972ddc2</sln:powIIPId><sln:powIIPPn>PL.PZGIK.200</sln:powIIPPn><sln:powIIPWersja>2012-09-27T08:13:53+02:00</sln:powIIPWersja><sln:powIdTeryt>1413</sln:powIdTeryt><sln:powNazwa>mławski</sln:powNazwa><sln:wojIIPId>4b6c492a-eb04-441d-a92a-f44359c06de7</sln:wojIIPId><sln:wojIIPPn>PL.PZGIK.200</sln:wojIIPPn><sln:wojIIPWersja>2012-09-27T13:45:13+02:00</sln:wojIIPWersja><sln:wojIdTeryt>14</sln:wojIdTeryt><sln:wojNazwa>mazowieckie</sln:wojNazwa></sln:miejscowosc><sln:miejscowosc><sln:cyklZyciaOd>2016-06-16T00:00:00+02:00</sln:cyklZyciaOd><sln:gmIIPId>8a412f8c-6b58-4841-bb2b-bf1afd84ed3c</sln:gmIIPId><sln:gmIIPPn>PL.PZGIK.200</sln:gmIIPPn><sln:gmIIPWersja>2012-09-26T22:52:42+02:00</sln:gmIIPWersja><sln:gmIdTeryt>1413042</sln:gmIdTeryt><sln:gmNazwa>Radzanów</sln:gmNazwa><sln:miejscIIPId>2cc89e83-df76-4d37-92dd-4e79826f491d</sln:miejscIIPId><sln:miejscIIPPn>PL.PZGIK.200</sln:miejscIIPPn><sln:miejscIIPWersja>2016-11-24T13:29:36+02:00</sln:miejscIIPWersja><sln:miejscIdTeryt>0124328</sln:miejscIdTeryt><sln:miejscNazwa>Radzanów</sln:miejscNazwa><sln:miejscRodzaj>Wieś</sln:miejscRodzaj><sln:powIIPId>f3ab1778-b92d-43a1-bee1-f4184972ddc2</sln:powIIPId><sln:powIIPPn>PL.PZGIK.200</sln:powIIPPn><sln:powIIPWersja>2012-09-27T08:13:53+02:00</sln:powIIPWersja><sln:powIdTeryt>1413</sln:powIdTeryt><sln:powNazwa>mławski</sln:powNazwa><sln:wojIIPId>4b6c492a-eb04-441d-a92a-f44359c06de7</sln:wojIIPId><sln:wojIIPPn>PL.PZGIK.200</sln:wojIIPPn><sln:wojIIPWersja>2012-09-27T13:45:13+02:00</sln:wojIIPWersja><sln:wojIdTeryt>14</sln:wojIdTeryt><sln:wojNazwa>mazowieckie</sln:wojNazwa></sln:miejscowosc><sln:miejscowosc><sln:cyklZyciaOd>2016-06-16T00:00:00+02:00</sln:cyklZyciaOd><sln:gmIIPId>8a412f8c-6b58-4841-bb2b-bf1afd84ed3c</sln:gmIIPId><sln:gmIIPPn>PL.PZGIK.200</sln:gmIIPPn><sln:gmIIPWersja>2012-09-26T22:52:42+02:00</sln:gmIIPWersja><sln:gmIdTeryt>1413042</sln:gmIdTeryt><sln:gmNazwa>Radzanów</sln:gmNazwa><sln:miejscIIPId>9cfe5966-eb0a-4f6c-a047-7c80b6d66d14</sln:miejscIIPId><sln:miejscIIPPn>PL.PZGIK.200</sln:miejscIIPPn><sln:miejscIIPWersja>2016-11-24T13:51:09+02:00</sln:miejscIIPWersja><sln:miejscIdTeryt>0124469</sln:miejscIdTeryt><sln:miejscNIIPId>f371728a-37e9-4d01-a48c-c9650d2f1bb4</sln:miejscNIIPId><sln:miejscNIIPPn>PL.PZGIK.200</sln:miejscNIIPPn><sln:miejscNIIPWersja>2016-11-24T13:34:46+02:00</sln:miejscNIIPWersja><sln:miejscNIdTeryt>0124430</sln:miejscNIdTeryt><sln:miejscNNazwa>Zgliczyn Witowy</sln:miejscNNazwa><sln:miejscNRodzaj>Wieś</sln:miejscNRodzaj><sln:miejscNazwa>Agnieszkowo</sln:miejscNazwa><sln:miejscRodzaj>Inny obiekt</sln:miejscRodzaj><sln:powIIPId>f3ab1778-b92d-43a1-bee1-f4184972ddc2</sln:powIIPId><sln:powIIPPn>PL.PZGIK.200</sln:powIIPPn><sln:powIIPWersja>2012-09-27T08:13:53+02:00</sln:powIIPWersja><sln:powIdTeryt>1413</sln:powIdTeryt><sln:powNazwa>mławski</sln:powNazwa><sln:wojIIPId>4b6c492a-eb04-441d-a92a-f44359c06de7</sln:wojIIPId><sln:wojIIPPn>PL.PZGIK.200</sln:wojIIPPn><sln:wojIIPWersja>2012-09-27T13:45:13+02:00</sln:wojIIPWersja><sln:wojIdTeryt>14</sln:wojIdTeryt><sln:wojNazwa>mazowieckie</sln:wojNazwa></sln:miejscowosc><sln:miejscowosc><sln:cyklZyciaOd>2016-06-16T00:00:00+02:00</sln:cyklZyciaOd><sln:gmIIPId>8a412f8c-6b58-4841-bb2b-bf1afd84ed3c</sln:gmIIPId><sln:gmIIPPn>PL.PZGIK.200</sln:gmIIPPn><sln:gmIIPWersja>2012-09-26T22:52:42+02:00</sln:gmIIPWersja><sln:gmIdTeryt>1413042</sln:gmIdTeryt><sln:gmNazwa>Radzanów</sln:gmNazwa><sln:miejscIIPId>fcfe277d-7baf-4138-bb86-9c1103d7b63c</sln:miejscIIPId><sln:miejscIIPPn>PL.PZGIK.200</sln:miejscIIPPn><sln:miejscIIPWersja>2016-11-24T13:54:27+02:00</sln:miejscIIPWersja><sln:miejscIdTeryt>0124268</sln:miejscIdTeryt><sln:miejscNIIPId>13ec9bd3-95cf-4cae-8978-4be2143c61d2</sln:miejscNIIPId><sln:miejscNIIPPn>PL.PZGIK.200</sln:miejscNIIPPn><sln:miejscNIIPWersja>2016-11-24T13:37:54+02:00</sln:miejscNIIPWersja><sln:miejscNIdTeryt>0124251</sln:miejscNIdTeryt><sln:miejscNNazwa>Gradzanowo Włościańskie</sln:miejscNNazwa><sln:miejscNRodzaj>Wieś</sln:miejscNRodzaj><sln:miejscNazwa>Górki</sln:miejscNazwa><sln:miejscRodzaj>Inny obiekt</sln:miejscRodzaj><sln:powIIPId>f3ab1778-b92d-43a1-bee1-f4184972ddc2</sln:powIIPId><sln:powIIPPn>PL.PZGIK.200</sln:powIIPPn><sln:powIIPWersja>2012-09-27T08:13:53+02:00</sln:powIIPWersja><sln:powIdTeryt>1413</sln:powIdTeryt><sln:powNazwa>mławski</sln:powNazwa><sln:wojIIPId>4b6c492a-eb04-441d-a92a-f44359c06de7</sln:wojIIPId><sln:wojIIPPn>PL.PZGIK.200</sln:wojIIPPn><sln:wojIIPWersja>2012-09-27T13:45:13+02:00</sln:wojIIPWersja><sln:wojIdTeryt>14</sln:wojIdTeryt><sln:wojNazwa>mazowieckie</sln:wojNazwa></sln:miejscowosc><sln:miejscowosc><sln:cyklZyciaOd>2016-06-16T00:00:00+02:00</sln:cyklZyciaOd><sln:gmIIPId>8a412f8c-6b58-4841-bb2b-bf1afd84ed3c</sln:gmIIPId><sln:gmIIPPn>PL.PZGIK.200</sln:gmIIPPn><sln:gmIIPWersja>2012-09-26T22:52:42+02:00</sln:gmIIPWersja><sln:gmIdTeryt>1413042</sln:gmIdTeryt><sln:gmNazwa>Radzanów</sln:gmNazwa><sln:miejscIIPId>1a2a4a55-5f41-437f-a0a7-8cf732f08068</sln:miejscIIPId><sln:miejscIIPPn>PL.PZGIK.200</sln:miejscIIPPn><sln:miejscIIPWersja>2016-11-24T13:31:07+02:00</sln:miejscIIPWersja><sln:miejscIdTeryt>0124222</sln:miejscIdTeryt><sln:miejscNazwa>Budy-Matusy</sln:miejscNazwa><sln:miejscRodzaj>Wieś</sln:miejscRodzaj><sln:powIIPId>f3ab1778-b92d-43a1-bee1-f4184972ddc2</sln:powIIPId><sln:powIIPPn>PL.PZGIK.200</sln:powIIPPn><sln:powIIPWersja>2012-09-27T08:13:53+02:00</sln:powIIPWersja><sln:powIdTeryt>1413</sln:powIdTeryt><sln:powNazwa>mławski</sln:powNazwa><sln:wojIIPId>4b6c492a-eb04-441d-a92a-f44359c06de7</sln:wojIIPId><sln:wojIIPPn>PL.PZGIK.200</sln:wojIIPPn><sln:wojIIPWersja>2012-09-27T13:45:13+02:00</sln:wojIIPWersja><sln:wojIdTeryt>14</sln:wojIdTeryt><sln:wojNazwa>mazowieckie</sln:wojNazwa></sln:miejscowosc><sln:miejscowosc><sln:cyklZyciaOd>2016-06-16T00:00:00+02:00</sln:cyklZyciaOd><sln:gmIIPId>8a412f8c-6b58-4841-bb2b-bf1afd84ed3c</sln:gmIIPId><sln:gmIIPPn>PL.PZGIK.200</sln:gmIIPPn><sln:gmIIPWersja>2012-09-26T22:52:42+02:00</sln:gmIIPWersja><sln:gmIdTeryt>1413042</sln:gmIdTeryt><sln:gmNazwa>Radzanów</sln:gmNazwa><sln:miejscIIPId>fe44892c-434d-455a-820b-7e779c9fcd75</sln:miejscIIPId><sln:miejscIIPPn>PL.PZGIK.200</sln:miejscIIPPn><sln:miejscIIPWersja>2016-11-24T13:47:23+02:00</sln:miejscIIPWersja><sln:miejscIdTeryt>0124239</sln:miejscIdTeryt><sln:miejscNIIPId>1a2a4a55-5f41-437f-a0a7-8cf732f08068</sln:miejscNIIPId><sln:miejscNIIPPn>PL.PZGIK.200</sln:miejscNIIPPn><sln:miejscNIIPWersja>2016-11-24T13:31:07+02:00</sln:miejscNIIPWersja><sln:miejscNIdTeryt>0124222</sln:miejscNIdTeryt><sln:miejscNNazwa>Budy-Matusy</sln:miejscNNazwa><sln:miejscNRodzaj>Wieś</sln:miejscNRodzaj><sln:miejscNazwa>Marysinek</sln:miejscNazwa><sln:miejscRodzaj>Inny obiekt</sln:miejscRodzaj><sln:powIIPId>f3ab1778-b92d-43a1-bee1-f4184972ddc2</sln:powIIPId><sln:powIIPPn>PL.PZGIK.200</sln:powIIPPn><sln:powIIPWersja>2012-09-27T08:13:53+02:00</sln:powIIPWersja><sln:powIdTeryt>1413</sln:powIdTeryt><sln:powNazwa>mławski</sln:powNazwa><sln:wojIIPId>4b6c492a-eb04-441d-a92a-f44359c06de7</sln:wojIIPId><sln:wojIIPPn>PL.PZGIK.200</sln:wojIIPPn><sln:wojIIPWersja>2012-09-27T13:45:13+02:00</sln:wojIIPWersja><sln:wojIdTeryt>14</sln:wojIdTeryt><sln:wojNazwa>mazowieckie</sln:wojNazwa></sln:miejscowosc><sln:miejscowosc><sln:cyklZyciaOd>2016-06-16T00:00:00+02:00</sln:cyklZyciaOd><sln:gmIIPId>8a412f8c-6b58-4841-bb2b-bf1afd84ed3c</sln:gmIIPId><sln:gmIIPPn>PL.PZGIK.200</sln:gmIIPPn><sln:gmIIPWersja>2012-09-26T22:52:42+02:00</sln:gmIIPWersja><sln:gmIdTeryt>1413042</sln:gmIdTeryt><sln:gmNazwa>Radzanów</sln:gmNazwa><sln:miejscIIPId>d79c48c9-69a9-4b03-b28d-d14f8661c5b6</sln:miejscIIPId><sln:miejscIIPPn>PL.PZGIK.200</sln:miejscIIPPn><sln:miejscIIPWersja>2016-11-24T13:51:09+02:00</sln:miejscIIPWersja><sln:miejscIdTeryt>0124400</sln:miejscIdTeryt><sln:miejscNIIPId>19f48044-6a01-426f-bcc7-21fc0594816e</sln:miejscNIIPId><sln:miejscNIIPPn>PL.PZGIK.200</sln:miejscNIIPPn><sln:miejscNIIPWersja>2016-11-24T13:34:46+02:00</sln:miejscNIIPWersja><sln:miejscNIdTeryt>0124392</sln:miejscNIdTeryt><sln:miejscNNazwa>Zgliczyn-Glinki</sln:miejscNNazwa><sln:miejscNRodzaj>Wieś</sln:miejscNRodzaj><sln:miejscNazwa>Drzazga</sln:miejscNazwa><sln:miejscRodzaj>Inny obiekt</sln:miejscRodzaj><sln:powIIPId>f3ab1778-b92d-43a1-bee1-f4184972ddc2</sln:powIIPId><sln:powIIPPn>PL.PZGIK.200</sln:powIIPPn><sln:powIIPWersja>2012-09-27T08:13:53+02:00</sln:powIIPWersja><sln:powIdTeryt>1413</sln:powIdTeryt><sln:powNazwa>mławski</sln:powNazwa><sln:wojIIPId>4b6c492a-eb04-441d-a92a-f44359c06de7</sln:wojIIPId><sln:wojIIPPn>PL.PZGIK.200</sln:wojIIPPn><sln:wojIIPWersja>2012-09-27T13:45:13+02:00</sln:wojIIPWersja><sln:wojIdTeryt>14</sln:wojIdTeryt><sln:wojNazwa>mazowieckie</sln:wojNazwa></sln:miejscowosc><sln:miejscowosc><sln:cyklZyciaOd>2016-06-16T00:00:00+02:00</sln:cyklZyciaOd><sln:gmIIPId>8a412f8c-6b58-4841-bb2b-bf1afd84ed3c</sln:gmIIPId><sln:gmIIPPn>PL.PZGIK.200</sln:gmIIPPn><sln:gmIIPWersja>2012-09-26T22:52:42+02:00</sln:gmIIPWersja><sln:gmIdTeryt>1413042</sln:gmIdTeryt><sln:gmNazwa>Radzanów</sln:gmNazwa><sln:miejscIIPId>ea3192a5-be57-40b4-883f-c6101a22f76d</sln:miejscIIPId><sln:miejscIIPPn>PL.PZGIK.200</sln:miejscIIPPn><sln:miejscIIPWersja>2016-11-24T13:33:05+02:00</sln:miejscIIPWersja><sln:miejscIdTeryt>0124245</sln:miejscIdTeryt><sln:miejscNazwa>Cegielnia Ratowska</sln:miejscNazwa><sln:miejscRodzaj>Wieś</sln:miejscRodzaj><sln:powIIPId>f3ab1778-b92d-43a1-bee1-f4184972ddc2</sln:powIIPId><sln:powIIPPn>PL.PZGIK.200</sln:powIIPPn><sln:powIIPWersja>2012-09-27T08:13:53+02:00</sln:powIIPWersja><sln:powIdTeryt>1413</sln:powIdTeryt><sln:powNazwa>mławski</sln:powNazwa><sln:wojIIPId>4b6c492a-eb04-441d-a92a-f44359c06de7</sln:wojIIPId><sln:wojIIPPn>PL.PZGIK.200</sln:wojIIPPn><sln:wojIIPWersja>2012-09-27T13:45:13+02:00</sln:wojIIPWersja><sln:wojIdTeryt>14</sln:wojIdTeryt><sln:wojNazwa>mazowieckie</sln:wojNazwa></sln:miejscowosc><sln:miejscowosc><sln:cyklZyciaOd>2016-06-16T00:00:00+02:00</sln:cyklZyciaOd><sln:gmIIPId>8a412f8c-6b58-4841-bb2b-bf1afd84ed3c</sln:gmIIPId><sln:gmIIPPn>PL.PZGIK.200</sln:gmIIPPn><sln:gmIIPWersja>2012-09-26T22:52:42+02:00</sln:gmIIPWersja><sln:gmIdTeryt>1413042</sln:gmIdTeryt><sln:gmNazwa>Radzanów</sln:gmNazwa><sln:miejscIIPId>1ba5d85b-b640-4175-9aca-d6d184903112</sln:miejscIIPId><sln:miejscIIPPn>PL.PZGIK.200</sln:miejscIIPPn><sln:miejscIIPWersja>2016-11-24T13:38:15+02:00</sln:miejscIIPWersja><sln:miejscIdTeryt>0124133</sln:miejscIdTeryt><sln:miejscNazwa>Bębnówko</sln:miejscNazwa><sln:miejscRodzaj>Wieś</sln:miejscRodzaj><sln:powIIPId>f3ab1778-b92d-43a1-bee1-f4184972ddc2</sln:powIIPId><sln:powIIPPn>PL.PZGIK.200</sln:powIIPPn><sln:powIIPWersja>2012-09-27T08:13:53+02:00</sln:powIIPWersja><sln:powIdTeryt>1413</sln:powIdTeryt><sln:powNazwa>mławski</sln:powNazwa><sln:wojIIPId>4b6c492a-eb04-441d-a92a-f44359c06de7</sln:wojIIPId><sln:wojIIPPn>PL.PZGIK.200</sln:wojIIPPn><sln:wojIIPWersja>2012-09-27T13:45:13+02:00</sln:wojIIPWersja><sln:wojIdTeryt>14</sln:wojIdTeryt><sln:wojNazwa>mazowieckie</sln:wojNazwa></sln:miejscowosc><sln:miejscowosc><sln:cyklZyciaOd>2016-06-16T00:00:00+02:00</sln:cyklZyciaOd><sln:gmIIPId>8a412f8c-6b58-4841-bb2b-bf1afd84ed3c</sln:gmIIPId><sln:gmIIPPn>PL.PZGIK.200</sln:gmIIPPn><sln:gmIIPWersja>2012-09-26T22:52:42+02:00</sln:gmIIPWersja><sln:gmIdTeryt>1413042</sln:gmIdTeryt><sln:gmNazwa>Radzanów</sln:gmNazwa><sln:miejscIIPId>ea8b4b9a-7b7a-42de-9920-597edd7c8edc</sln:miejscIIPId><sln:miejscIIPPn>PL.PZGIK.200</sln:miejscIIPPn><sln:miejscIIPWersja>2016-11-24T13:59:38+02:00</sln:miejscIIPWersja><sln:miejscIdTeryt>0124340</sln:miejscIdTeryt><sln:miejscNIIPId>69d78717-b30d-4af4-b65d-781a14ccc6b6</sln:miejscNIIPId><sln:miejscNIIPPn>PL.PZGIK.200</sln:miejscNIIPPn><sln:miejscNIIPWersja>2016-11-24T13:29:41+02:00</sln:miejscNIIPWersja><sln:miejscNIdTeryt>0124334</sln:miejscNIdTeryt><sln:miejscNNazwa>Ratowo</sln:miejscNNazwa><sln:miejscNRodzaj>Wieś</sln:miejscNRodzaj><sln:miejscNazwa>Leśniczówka Ratowo</sln:miejscNazwa><sln:miejscRodzaj>Osada leśna</sln:miejscRodzaj><sln:powIIPId>f3ab1778-b92d-43a1-bee1-f4184972ddc2</sln:powIIPId><sln:powIIPPn>PL.PZGIK.200</sln:powIIPPn><sln:powIIPWersja>2012-09-27T08:13:53+02:00</sln:powIIPWersja><sln:powIdTeryt>1413</sln:powIdTeryt><sln:powNazwa>mławski</sln:powNazwa><sln:wojIIPId>4b6c492a-eb04-441d-a92a-f44359c06de7</sln:wojIIPId><sln:wojIIPPn>PL.PZGIK.200</sln:wojIIPPn><sln:wojIIPWersja>2012-09-27T13:45:13+02:00</sln:wojIIPWersja><sln:wojIdTeryt>14</sln:wojIdTeryt><sln:wojNazwa>mazowieckie</sln:wojNazwa></sln:miejscowosc><sln:miejscowosc><sln:cyklZyciaOd>2016-06-16T00:00:00+02:00</sln:cyklZyciaOd><sln:gmIIPId>8a412f8c-6b58-4841-bb2b-bf1afd84ed3c</sln:gmIIPId><sln:gmIIPPn>PL.PZGIK.200</sln:gmIIPPn><sln:gmIIPWersja>2012-09-26T22:52:42+02:00</sln:gmIIPWersja><sln:gmIdTeryt>1413042</sln:gmIdTeryt><sln:gmNazwa>Radzanów</sln:gmNazwa><sln:miejscIIPId>49eaeee8-0793-42e3-97aa-04c120f114b2</sln:miejscIIPId><sln:miejscIIPPn>PL.PZGIK.200</sln:miejscIIPPn><sln:miejscIIPWersja>2016-11-24T13:59:38+02:00</sln:miejscIIPWersja><sln:miejscIdTeryt>0124452</sln:miejscIdTeryt><sln:miejscNIIPId>f371728a-37e9-4d01-a48c-c9650d2f1bb4</sln:miejscNIIPId><sln:miejscNIIPPn>PL.PZGIK.200</sln:miejscNIIPPn><sln:miejscNIIPWersja>2016-11-24T13:34:46+02:00</sln:miejscNIIPWersja><sln:miejscNIdTeryt>0124430</sln:miejscNIdTeryt><sln:miejscNNazwa>Zgliczyn Witowy</sln:miejscNNazwa><sln:miejscNRodzaj>Wieś</sln:miejscNRodzaj><sln:miejscNazwa>Wygoda</sln:miejscNazwa><sln:miejscRodzaj>Inny obiekt</sln:miejscRodzaj><sln:powIIPId>f3ab1778-b92d-43a1-bee1-f4184972ddc2</sln:powIIPId><sln:powIIPPn>PL.PZGIK.200</sln:powIIPPn><sln:powIIPWersja>2012-09-27T08:13:53+02:00</sln:powIIPWersja><sln:powIdTeryt>1413</sln:powIdTeryt><sln:powNazwa>mławski</sln:powNazwa><sln:wojIIPId>4b6c492a-eb04-441d-a92a-f44359c06de7</sln:wojIIPId><sln:wojIIPPn>PL.PZGIK.200</sln:wojIIPPn><sln:wojIIPWersja>2012-09-27T13:45:13+02:00</sln:wojIIPWersja><sln:wojIdTeryt>14</sln:wojIdTeryt><sln:wojNazwa>mazowieckie</sln:wojNazwa></sln:miejscowosc><sln:miejscowosc><sln:cyklZyciaOd>2016-06-16T00:00:00+02:00</sln:cyklZyciaOd><sln:gmIIPId>8a412f8c-6b58-4841-bb2b-bf1afd84ed3c</sln:gmIIPId><sln:gmIIPPn>PL.PZGIK.200</sln:gmIIPPn><sln:gmIIPWersja>2012-09-26T22:52:42+02:00</sln:gmIIPWersja><sln:gmIdTeryt>1413042</sln:gmIdTeryt><sln:gmNazwa>Radzanów</sln:gmNazwa><sln:miejscIIPId>fa3b190d-d2b8-4c5e-8281-2dfb46deb729</sln:miejscIIPId><sln:miejscIIPPn>PL.PZGIK.200</sln:miejscIIPPn><sln:miejscIIPWersja>2016-11-24T13:59:38+02:00</sln:miejscIIPWersja><sln:miejscIdTeryt>0124446</sln:miejscIdTeryt><sln:miejscNIIPId>f371728a-37e9-4d01-a48c-c9650d2f1bb4</sln:miejscNIIPId><sln:miejscNIIPPn>PL.PZGIK.200</sln:miejscNIIPPn><sln:miejscNIIPWersja>2016-11-24T13:34:46+02:00</sln:miejscNIIPWersja><sln:miejscNIdTeryt>0124430</sln:miejscNIdTeryt><sln:miejscNNazwa>Zgliczyn Witowy</sln:miejscNNazwa><sln:miejscNRodzaj>Wieś</sln:miejscNRodzaj><sln:miejscNazwa>Pietrzykowo</sln:miejscNazwa><sln:miejscRodzaj>Inny obiekt</sln:miejscRodzaj><sln:powIIPId>f3ab1778-b92d-43a1-bee1-f4184972ddc2</sln:powIIPId><sln:powIIPPn>PL.PZGIK.200</sln:powIIPPn><sln:powIIPWersja>2012-09-27T08:13:53+02:00</sln:powIIPWersja><sln:powIdTeryt>1413</sln:powIdTeryt><sln:powNazwa>mławski</sln:powNazwa><sln:wojIIPId>4b6c492a-eb04-441d-a92a-f44359c06de7</sln:wojIIPId><sln:wojIIPPn>PL.PZGIK.200</sln:wojIIPPn><sln:wojIIPWersja>2012-09-27T13:45:13+02:00</sln:wojIIPWersja><sln:wojIdTeryt>14</sln:wojIdTeryt><sln:wojNazwa>mazowieckie</sln:wojNazwa></sln:miejscowosc><sln:miejscowosc><sln:cyklZyciaOd>2016-06-16T00:00:00+02:00</sln:cyklZyciaOd><sln:gmIIPId>8a412f8c-6b58-4841-bb2b-bf1afd84ed3c</sln:gmIIPId><sln:gmIIPPn>PL.PZGIK.200</sln:gmIIPPn><sln:gmIIPWersja>2012-09-26T22:52:42+02:00</sln:gmIIPWersja><sln:gmIdTeryt>1413042</sln:gmIdTeryt><sln:gmNazwa>Radzanów</sln:gmNazwa><sln:miejscIIPId>ac9ca9a5-f3ed-4ad6-967e-1aec31defbb6</sln:miejscIIPId><sln:miejscIIPPn>PL.PZGIK.200</sln:miejscIIPPn><sln:miejscIIPWersja>2016-11-24T13:59:38+02:00</sln:miejscIIPWersja><sln:miejscIdTeryt>1064002</sln:miejscIdTeryt><sln:miejscNazwa>Gradzanowo Zbęskie-Kolonia</sln:miejscNazwa><sln:miejscRodzaj>Wieś</sln:miejscRodzaj><sln:powIIPId>f3ab1778-b92d-43a1-bee1-f4184972ddc2</sln:powIIPId><sln:powIIPPn>PL.PZGIK.200</sln:powIIPPn><sln:powIIPWersja>2012-09-27T08:13:53+02:00</sln:powIIPWersja><sln:powIdTeryt>1413</sln:powIdTeryt><sln:powNazwa>mławski</sln:powNazwa><sln:wojIIPId>4b6c492a-eb04-441d-a92a-f44359c06de7</sln:wojIIPId><sln:wojIIPPn>PL.PZGIK.200</sln:wojIIPPn><sln:wojIIPWersja>2012-09-27T13:45:13+02:00</sln:wojIIPWersja><sln:wojIdTeryt>14</sln:wojIdTeryt><sln:wojNazwa>mazowieckie</sln:wojNazwa></sln:miejscowosc><sln:miejscowosc><sln:cyklZyciaOd>2016-06-16T00:00:00+02:00</sln:cyklZyciaOd><sln:gmIIPId>8a412f8c-6b58-4841-bb2b-bf1afd84ed3c</sln:gmIIPId><sln:gmIIPPn>PL.PZGIK.200</sln:gmIIPPn><sln:gmIIPWersja>2012-09-26T22:52:42+02:00</sln:gmIIPWersja><sln:gmIdTeryt>1413042</sln:gmIdTeryt><sln:gmNazwa>Radzanów</sln:gmNazwa><sln:miejscIIPId>4929c379-bd48-4d07-bd89-de0590e70a48</sln:miejscIIPId><sln:miejscIIPPn>PL.PZGIK.200</sln:miejscIIPPn><sln:miejscIIPWersja>2016-11-24T13:59:38+02:00</sln:miejscIIPWersja><sln:miejscIdTeryt>1055581</sln:miejscIdTeryt><sln:miejscNIIPId>2cc89e83-df76-4d37-92dd-4e79826f491d</sln:miejscNIIPId><sln:miejscNIIPPn>PL.PZGIK.200</sln:miejscNIIPPn><sln:miejscNIIPWersja>2016-11-24T13:29:36+02:00</sln:miejscNIIPWersja><sln:miejscNIdTeryt>0124328</sln:miejscNIdTeryt><sln:miejscNNazwa>Radzanów</sln:miejscNNazwa><sln:miejscNRodzaj>Wieś</sln:miejscNRodzaj><sln:miejscNazwa>Radzanówek</sln:miejscNazwa><sln:miejscRodzaj>Osada</sln:miejscRodzaj><sln:powIIPId>f3ab1778-b92d-43a1-bee1-f4184972ddc2</sln:powIIPId><sln:powIIPPn>PL.PZGIK.200</sln:powIIPPn><sln:powIIPWersja>2012-09-27T08:13:53+02:00</sln:powIIPWersja><sln:powIdTeryt>1413</sln:powIdTeryt><sln:powNazwa>mławski</sln:powNazwa><sln:wojIIPId>4b6c492a-eb04-441d-a92a-f44359c06de7</sln:wojIIPId><sln:wojIIPPn>PL.PZGIK.200</sln:wojIIPPn><sln:wojIIPWersja>2012-09-27T13:45:13+02:00</sln:wojIIPWersja><sln:wojIdTeryt>14</sln:wojIdTeryt><sln:wojNazwa>mazowieckie</sln:wojNazwa></sln:miejscowosc><sln:miejscowosc><sln:cyklZyciaOd>2016-06-16T00:00:00+02:00</sln:cyklZyciaOd><sln:gmIIPId>8a412f8c-6b58-4841-bb2b-bf1afd84ed3c</sln:gmIIPId><sln:gmIIPPn>PL.PZGIK.200</sln:gmIIPPn><sln:gmIIPWersja>2012-09-26T22:52:42+02:00</sln:gmIIPWersja><sln:gmIdTeryt>1413042</sln:gmIdTeryt><sln:gmNazwa>Radzanów</sln:gmNazwa><sln:miejscIIPId>160d2fc7-ac4c-47bc-a5e1-88422e9627a1</sln:miejscIIPId><sln:miejscIIPPn>PL.PZGIK.200</sln:miejscIIPPn><sln:miejscIIPWersja>2016-11-24T13:39:59+02:00</sln:miejscIIPWersja><sln:miejscIdTeryt>0124156</sln:miejscIdTeryt><sln:miejscNazwa>Bieżany</sln:miejscNazwa><sln:miejscRodzaj>Wieś</sln:miejscRodzaj><sln:powIIPId>f3ab1778-b92d-43a1-bee1-f4184972ddc2</sln:powIIPId><sln:powIIPPn>PL.PZGIK.200</sln:powIIPPn><sln:powIIPWersja>2012-09-27T08:13:53+02:00</sln:powIIPWersja><sln:powIdTeryt>1413</sln:powIdTeryt><sln:powNazwa>mławski</sln:powNazwa><sln:wojIIPId>4b6c492a-eb04-441d-a92a-f44359c06de7</sln:wojIIPId><sln:wojIIPPn>PL.PZGIK.200</sln:wojIIPPn><sln:wojIIPWersja>2012-09-27T13:45:13+02:00</sln:wojIIPWersja><sln:wojIdTeryt>14</sln:wojIdTeryt><sln:wojNazwa>mazowieckie</sln:wojNazwa></sln:miejscowosc><sln:miejscowosc><sln:cyklZyciaOd>2016-06-16T00:00:00+02:00</sln:cyklZyciaOd><sln:gmIIPId>8a412f8c-6b58-4841-bb2b-bf1afd84ed3c</sln:gmIIPId><sln:gmIIPPn>PL.PZGIK.200</sln:gmIIPPn><sln:gmIIPWersja>2012-09-26T22:52:42+02:00</sln:gmIIPWersja><sln:gmIdTeryt>1413042</sln:gmIdTeryt><sln:gmNazwa>Radzanów</sln:gmNazwa><sln:miejscIIPId>820d67f5-30ec-44f5-a01b-dc057b891294</sln:miejscIIPId><sln:miejscIIPPn>PL.PZGIK.200</sln:miejscIIPPn><sln:miejscIIPWersja>2016-11-24T13:54:44+02:00</sln:miejscIIPWersja><sln:miejscIdTeryt>0124127</sln:miejscIdTeryt><sln:miejscNIIPId>dc8e9846-d9a8-4345-b399-a8e3bb3b93a8</sln:miejscNIIPId><sln:miejscNIIPPn>PL.PZGIK.200</sln:miejscNIIPPn><sln:miejscNIIPWersja>2016-11-24T13:38:15+02:00</sln:miejscNIIPWersja><sln:miejscNIdTeryt>0124110</sln:miejscNIdTeryt><sln:miejscNNazwa>Bębnowo</sln:miejscNNazwa><sln:miejscNRodzaj>Wieś</sln:miejscNRodzaj><sln:miejscNazwa>Teklin</sln:miejscNazwa><sln:miejscRodzaj>Inny obiekt</sln:miejscRodzaj><sln:powIIPId>f3ab1778-b92d-43a1-bee1-f4184972ddc2</sln:powIIPId><sln:powIIPPn>PL.PZGIK.200</sln:powIIPPn><sln:powIIPWersja>2012-09-27T08:13:53+02:00</sln:powIIPWersja><sln:powIdTeryt>1413</sln:powIdTeryt><sln:powNazwa>mławski</sln:powNazwa><sln:wojIIPId>4b6c492a-eb04-441d-a92a-f44359c06de7</sln:wojIIPId><sln:wojIIPPn>PL.PZGIK.200</sln:wojIIPPn><sln:wojIIPWersja>2012-09-27T13:45:13+02:00</sln:wojIIPWersja><sln:wojIdTeryt>14</sln:wojIdTeryt><sln:wojNazwa>mazowieckie</sln:wojNazwa></sln:miejscowosc><sln:miejscowosc><sln:cyklZyciaOd>2016-06-16T00:00:00+02:00</sln:cyklZyciaOd><sln:gmIIPId>8a412f8c-6b58-4841-bb2b-bf1afd84ed3c</sln:gmIIPId><sln:gmIIPPn>PL.PZGIK.200</sln:gmIIPPn><sln:gmIIPWersja>2012-09-26T22:52:42+02:00</sln:gmIIPWersja><sln:gmIdTeryt>1413042</sln:gmIdTeryt><sln:gmNazwa>Radzanów</sln:gmNazwa><sln:miejscIIPId>912b1995-3fba-450d-9f1c-7b9933a59fb8</sln:miejscIIPId><sln:miejscIIPPn>PL.PZGIK.200</sln:miejscIIPPn><sln:miejscIIPWersja>2016-11-24T13:54:44+02:00</sln:miejscIIPWersja><sln:miejscIdTeryt>0124140</sln:miejscIdTeryt><sln:miejscNIIPId>dc8e9846-d9a8-4345-b399-a8e3bb3b93a8</sln:miejscNIIPId><sln:miejscNIIPPn>PL.PZGIK.200</sln:miejscNIIPPn><sln:miejscNIIPWersja>2016-11-24T13:38:15+02:00</sln:miejscNIIPWersja><sln:miejscNIdTeryt>0124110</sln:miejscNIdTeryt><sln:miejscNNazwa>Bębnowo</sln:miejscNNazwa><sln:miejscNRodzaj>Wieś</sln:miejscNRodzaj><sln:miejscNazwa>Zbrzeźnia</sln:miejscNazwa><sln:miejscRodzaj>Kolonia</sln:miejscRodzaj><sln:powIIPId>f3ab1778-b92d-43a1-bee1-f4184972ddc2</sln:powIIPId><sln:powIIPPn>PL.PZGIK.200</sln:powIIPPn><sln:powIIPWersja>2012-09-27T08:13:53+02:00</sln:powIIPWersja><sln:powIdTeryt>1413</sln:powIdTeryt><sln:powNazwa>mławski</sln:powNazwa><sln:wojIIPId>4b6c492a-eb04-441d-a92a-f44359c06de7</sln:wojIIPId><sln:wojIIPPn>PL.PZGIK.200</sln:wojIIPPn><sln:wojIIPWersja>2012-09-27T13:45:13+02:00</sln:wojIIPWersja><sln:wojIdTeryt>14</sln:wojIdTeryt><sln:wojNazwa>mazowieckie</sln:wojNazwa></sln:miejscowosc><sln:miejscowosc><sln:cyklZyciaOd>2016-06-16T00:00:00+02:00</sln:cyklZyciaOd><sln:gmIIPId>8a412f8c-6b58-4841-bb2b-bf1afd84ed3c</sln:gmIIPId><sln:gmIIPPn>PL.PZGIK.200</sln:gmIIPPn><sln:gmIIPWersja>2012-09-26T22:52:42+02:00</sln:gmIIPWersja><sln:gmIdTeryt>1413042</sln:gmIdTeryt><sln:gmNazwa>Radzanów</sln:gmNazwa><sln:miejscIIPId>efc59801-db8f-49f6-9e6b-297e30a82fe2</sln:miejscIIPId><sln:miejscIIPPn>PL.PZGIK.200</sln:miejscIIPPn><sln:miejscIIPWersja>2016-11-24T13:37:54+02:00</sln:miejscIIPWersja><sln:miejscIdTeryt>0124274</sln:miejscIdTeryt><sln:miejscNazwa>Gradzanowo Zbęskie</sln:miejscNazwa><sln:miejscRodzaj>Wieś</sln:miejscRodzaj><sln:powIIPId>f3ab1778-b92d-43a1-bee1-f4184972ddc2</sln:powIIPId><sln:powIIPPn>PL.PZGIK.200</sln:powIIPPn><sln:powIIPWersja>2012-09-27T08:13:53+02:00</sln:powIIPWersja><sln:powIdTeryt>1413</sln:powIdTeryt><sln:powNazwa>mławski</sln:powNazwa><sln:wojIIPId>4b6c492a-eb04-441d-a92a-f44359c06de7</sln:wojIIPId><sln:wojIIPPn>PL.PZGIK.200</sln:wojIIPPn><sln:wojIIPWersja>2012-09-27T13:45:13+02:00</sln:wojIIPWersja><sln:wojIdTeryt>14</sln:wojIdTeryt><sln:wojNazwa>mazowieckie</sln:wojNazwa></sln:miejscowosc><sln:miejscowosc><sln:cyklZyciaOd>2016-06-16T00:00:00+02:00</sln:cyklZyciaOd><sln:gmIIPId>8a412f8c-6b58-4841-bb2b-bf1afd84ed3c</sln:gmIIPId><sln:gmIIPPn>PL.PZGIK.200</sln:gmIIPPn><sln:gmIIPWersja>2012-09-26T22:52:42+02:00</sln:gmIIPWersja><sln:gmIdTeryt>1413042</sln:gmIdTeryt><sln:gmNazwa>Radzanów</sln:gmNazwa><sln:miejscIIPId>f8635cb9-9017-456e-94e7-9857e42d03ca</sln:miejscIIPId><sln:miejscIIPPn>PL.PZGIK.200</sln:miejscIIPPn><sln:miejscIIPWersja>2016-11-24T13:58:01+02:00</sln:miejscIIPWersja><sln:miejscIdTeryt>0124200</sln:miejscIdTeryt><sln:miejscNIIPId>df0d166b-b9db-44cc-b7e9-728c6d24e082</sln:miejscNIIPId><sln:miejscNIIPPn>PL.PZGIK.200</sln:miejscNIIPPn><sln:miejscNIIPWersja>2016-11-24T13:42:29+02:00</sln:miejscNIIPWersja><sln:miejscNIdTeryt>0124191</sln:miejscNIdTeryt><sln:miejscNNazwa>Bońkowo Kościelne</sln:miejscNNazwa><sln:miejscNRodzaj>Wieś</sln:miejscNRodzaj><sln:miejscNazwa>Bońkowo-Kolonia</sln:miejscNazwa><sln:miejscRodzaj>Inny obiekt</sln:miejscRodzaj><sln:powIIPId>f3ab1778-b92d-43a1-bee1-f4184972ddc2</sln:powIIPId><sln:powIIPPn>PL.PZGIK.200</sln:powIIPPn><sln:powIIPWersja>2012-09-27T08:13:53+02:00</sln:powIIPWersja><sln:powIdTeryt>1413</sln:powIdTeryt><sln:powNazwa>mławski</sln:powNazwa><sln:wojIIPId>4b6c492a-eb04-441d-a92a-f44359c06de7</sln:wojIIPId><sln:wojIIPPn>PL.PZGIK.200</sln:wojIIPPn><sln:wojIIPWersja>2012-09-27T13:45:13+02:00</sln:wojIIPWersja><sln:wojIdTeryt>14</sln:wojIdTeryt><sln:wojNazwa>mazowieckie</sln:wojNazwa></sln:miejscowosc></sln:lista-miejscowosci>