<?xml version="1.0" encoding="UTF-8" standalone="yes"?><sln:lista-miejscowosci xmlns:srv="http://gugik.gov.pl/schemas/slowniki-service/1.0" xmlns:sln="http://gugik.gov.pl/schemas/slowniki-schema/1.0"><sln:miejscowosc><sln:cyklZyciaDo>2016-11-26T00:00:00+01:00</sln:cyklZyciaDo><sln:cyklZyciaOd>2014-09-25T00:00:00+02:00</sln:cyklZyciaOd><sln:gmIIPId>c04accb7-b203-4ec8-aa5d-9836c813e04d</sln:gmIIPId><sln:gmIIPPn>PL.PZGIK.200</sln:gmIIPPn><sln:gmIIPWersja>2012-09-26T22:52:06+02:00</sln:gmIIPWersja><sln:gmIdTeryt>1410032</sln:gmIdTeryt><sln:gmNazwa>Olszanka</sln:gmNazwa><sln:miejscIIPId>ab125f94-a7be-4e6b-b8cb-e14eeb340445</sln:miejscIIPId><sln:miejscIIPPn>PL.PZGIK.200</sln:miejscIIPPn><sln:miejscIIPWersja>2016-11-24T13:42:16+02:00</sln:miejscIIPWersja><sln:miejscIdTeryt>0016627</sln:miejscIdTeryt><sln:miejscNazwa>Bolesty</sln:miejscNazwa><sln:miejscRodzaj>Wieś</sln:miejscRodzaj><sln:powIIPId>b83d7094-60a3-460b-b308-f7ec80abb622</sln:powIIPId><sln:powIIPPn>PL.PZGIK.200</sln:powIIPPn><sln:powIIPWersja>2012-09-27T08:13:53+02:00</sln:powIIPWersja><sln:powIdTeryt>1410</sln:powIdTeryt><sln:powNazwa>łosicki</sln:powNazwa><sln:wojIIPId>4b6c492a-eb04-441d-a92a-f44359c06de7</sln:wojIIPId><sln:wojIIPPn>PL.PZGIK.200</sln:wojIIPPn><sln:wojIIPWersja>2012-09-27T13:45:13+02:00</sln:wojIIPWersja><sln:wojIdTeryt>14</sln:wojIdTeryt><sln:wojNazwa>mazowieckie</sln:wojNazwa></sln:miejscowosc><sln:miejscowosc><sln:cyklZyciaDo>2016-11-26T00:00:00+01:00</sln:cyklZyciaDo><sln:cyklZyciaOd>2014-09-25T00:00:00+02:00</sln:cyklZyciaOd><sln:gmIIPId>c04accb7-b203-4ec8-aa5d-9836c813e04d</sln:gmIIPId><sln:gmIIPPn>PL.PZGIK.200</sln:gmIIPPn><sln:gmIIPWersja>2012-09-26T22:52:06+02:00</sln:gmIIPWersja><sln:gmIdTeryt>1410032</sln:gmIdTeryt><sln:gmNazwa>Olszanka</sln:gmNazwa><sln:miejscIIPId>7d851dcf-5d4c-4ea5-b523-71aeb83e230f</sln:miejscIIPId><sln:miejscIIPPn>PL.PZGIK.200</sln:miejscIIPPn><sln:miejscIIPWersja>2016-11-24T13:42:47+02:00</sln:miejscIIPWersja><sln:miejscIdTeryt>0016685</sln:miejscIdTeryt><sln:miejscNazwa>Mszanna</sln:miejscNazwa><sln:miejscRodzaj>Wieś</sln:miejscRodzaj><sln:powIIPId>b83d7094-60a3-460b-b308-f7ec80abb622</sln:powIIPId><sln:powIIPPn>PL.PZGIK.200</sln:powIIPPn><sln:powIIPWersja>2012-09-27T08:13:53+02:00</sln:powIIPWersja><sln:powIdTeryt>1410</sln:powIdTeryt><sln:powNazwa>łosicki</sln:powNazwa><sln:wojIIPId>4b6c492a-eb04-441d-a92a-f44359c06de7</sln:wojIIPId><sln:wojIIPPn>PL.PZGIK.200</sln:wojIIPPn><sln:wojIIPWersja>2012-09-27T13:45:13+02:00</sln:wojIIPWersja><sln:wojIdTeryt>14</sln:wojIdTeryt><sln:wojNazwa>mazowieckie</sln:wojNazwa></sln:miejscowosc><sln:miejscowosc><sln:cyklZyciaDo>2016-11-26T00:00:00+01:00</sln:cyklZyciaDo><sln:cyklZyciaOd>2014-09-25T00:00:00+02:00</sln:cyklZyciaOd><sln:gmIIPId>c04accb7-b203-4ec8-aa5d-9836c813e04d</sln:gmIIPId><sln:gmIIPPn>PL.PZGIK.200</sln:gmIIPPn><sln:gmIIPWersja>2012-09-26T22:52:06+02:00</sln:gmIIPWersja><sln:gmIdTeryt>1410032</sln:gmIdTeryt><sln:gmNazwa>Olszanka</sln:gmNazwa><sln:miejscIIPId>49881756-7081-4a62-ab35-a5159bb3eb22</sln:miejscIIPId><sln:miejscIIPPn>PL.PZGIK.200</sln:miejscIIPPn><sln:miejscIIPWersja>2016-11-24T13:37:41+02:00</sln:miejscIIPWersja><sln:miejscIdTeryt>0016610</sln:miejscIdTeryt><sln:miejscNazwa>Bejdy</sln:miejscNazwa><sln:miejscRodzaj>Wieś</sln:miejscRodzaj><sln:powIIPId>b83d7094-60a3-460b-b308-f7ec80abb622</sln:powIIPId><sln:powIIPPn>PL.PZGIK.200</sln:powIIPPn><sln:powIIPWersja>2012-09-27T08:13:53+02:00</sln:powIIPWersja><sln:powIdTeryt>1410</sln:powIdTeryt><sln:powNazwa>łosicki</sln:powNazwa><sln:wojIIPId>4b6c492a-eb04-441d-a92a-f44359c06de7</sln:wojIIPId><sln:wojIIPPn>PL.PZGIK.200</sln:wojIIPPn><sln:wojIIPWersja>2012-09-27T13:45:13+02:00</sln:wojIIPWersja><sln:wojIdTeryt>14</sln:wojIdTeryt><sln:wojNazwa>mazowieckie</sln:wojNazwa></sln:miejscowosc><sln:miejscowosc><sln:cyklZyciaDo>2016-11-26T00:00:00+01:00</sln:cyklZyciaDo><sln:cyklZyciaOd>2014-09-25T00:00:00+02:00</sln:cyklZyciaOd><sln:gmIIPId>c04accb7-b203-4ec8-aa5d-9836c813e04d</sln:gmIIPId><sln:gmIIPPn>PL.PZGIK.200</sln:gmIIPPn><sln:gmIIPWersja>2012-09-26T22:52:06+02:00</sln:gmIIPWersja><sln:gmIdTeryt>1410032</sln:gmIdTeryt><sln:gmNazwa>Olszanka</sln:gmNazwa><sln:miejscIIPId>08f1a622-e962-45bf-a9cc-817bacd70723</sln:miejscIIPId><sln:miejscIIPPn>PL.PZGIK.200</sln:miejscIIPPn><sln:miejscIIPWersja>2016-11-24T13:29:33+02:00</sln:miejscIIPWersja><sln:miejscIdTeryt>0016739</sln:miejscIdTeryt><sln:miejscNazwa>Radlnia</sln:miejscNazwa><sln:miejscRodzaj>Wieś</sln:miejscRodzaj><sln:powIIPId>b83d7094-60a3-460b-b308-f7ec80abb622</sln:powIIPId><sln:powIIPPn>PL.PZGIK.200</sln:powIIPPn><sln:powIIPWersja>2012-09-27T08:13:53+02:00</sln:powIIPWersja><sln:powIdTeryt>1410</sln:powIdTeryt><sln:powNazwa>łosicki</sln:powNazwa><sln:wojIIPId>4b6c492a-eb04-441d-a92a-f44359c06de7</sln:wojIIPId><sln:wojIIPPn>PL.PZGIK.200</sln:wojIIPPn><sln:wojIIPWersja>2012-09-27T13:45:13+02:00</sln:wojIIPWersja><sln:wojIdTeryt>14</sln:wojIdTeryt><sln:wojNazwa>mazowieckie</sln:wojNazwa></sln:miejscowosc><sln:miejscowosc><sln:cyklZyciaDo>2016-11-26T00:00:00+01:00</sln:cyklZyciaDo><sln:cyklZyciaOd>2014-09-25T00:00:00+02:00</sln:cyklZyciaOd><sln:gmIIPId>c04accb7-b203-4ec8-aa5d-9836c813e04d</sln:gmIIPId><sln:gmIIPPn>PL.PZGIK.200</sln:gmIIPPn><sln:gmIIPWersja>2012-09-26T22:52:06+02:00</sln:gmIIPWersja><sln:gmIdTeryt>1410032</sln:gmIdTeryt><sln:gmNazwa>Olszanka</sln:gmNazwa><sln:miejscIIPId>edb1f580-6c09-4b79-85eb-0b73098750a0</sln:miejscIIPId><sln:miejscIIPPn>PL.PZGIK.200</sln:miejscIIPPn><sln:miejscIIPWersja>2016-11-24T13:38:15+02:00</sln:miejscIIPWersja><sln:miejscIdTeryt>0016640</sln:miejscIdTeryt><sln:miejscNazwa>Hadynów</sln:miejscNazwa><sln:miejscRodzaj>Wieś</sln:miejscRodzaj><sln:powIIPId>b83d7094-60a3-460b-b308-f7ec80abb622</sln:powIIPId><sln:powIIPPn>PL.PZGIK.200</sln:powIIPPn><sln:powIIPWersja>2012-09-27T08:13:53+02:00</sln:powIIPWersja><sln:powIdTeryt>1410</sln:powIdTeryt><sln:powNazwa>łosicki</sln:powNazwa><sln:wojIIPId>4b6c492a-eb04-441d-a92a-f44359c06de7</sln:wojIIPId><sln:wojIIPPn>PL.PZGIK.200</sln:wojIIPPn><sln:wojIIPWersja>2012-09-27T13:45:13+02:00</sln:wojIIPWersja><sln:wojIdTeryt>14</sln:wojIdTeryt><sln:wojNazwa>mazowieckie</sln:wojNazwa></sln:miejscowosc><sln:miejscowosc><sln:cyklZyciaDo>2016-11-26T00:00:00+01:00</sln:cyklZyciaDo><sln:cyklZyciaOd>2014-09-25T00:00:00+02:00</sln:cyklZyciaOd><sln:gmIIPId>c04accb7-b203-4ec8-aa5d-9836c813e04d</sln:gmIIPId><sln:gmIIPPn>PL.PZGIK.200</sln:gmIIPPn><sln:gmIIPWersja>2012-09-26T22:52:06+02:00</sln:gmIIPWersja><sln:gmIdTeryt>1410032</sln:gmIdTeryt><sln:gmNazwa>Olszanka</sln:gmNazwa><sln:miejscIIPId>02a76cb4-003a-4a1c-a54f-89cf664007f7</sln:miejscIIPId><sln:miejscIIPPn>PL.PZGIK.200</sln:miejscIIPPn><sln:miejscIIPWersja>2016-11-24T13:31:17+02:00</sln:miejscIIPWersja><sln:miejscIdTeryt>0016745</sln:miejscIdTeryt><sln:miejscNazwa>Stare Łepki</sln:miejscNazwa><sln:miejscRodzaj>Wieś</sln:miejscRodzaj><sln:powIIPId>b83d7094-60a3-460b-b308-f7ec80abb622</sln:powIIPId><sln:powIIPPn>PL.PZGIK.200</sln:powIIPPn><sln:powIIPWersja>2012-09-27T08:13:53+02:00</sln:powIIPWersja><sln:powIdTeryt>1410</sln:powIdTeryt><sln:powNazwa>łosicki</sln:powNazwa><sln:wojIIPId>4b6c492a-eb04-441d-a92a-f44359c06de7</sln:wojIIPId><sln:wojIIPPn>PL.PZGIK.200</sln:wojIIPPn><sln:wojIIPWersja>2012-09-27T13:45:13+02:00</sln:wojIIPWersja><sln:wojIdTeryt>14</sln:wojIdTeryt><sln:wojNazwa>mazowieckie</sln:wojNazwa></sln:miejscowosc><sln:miejscowosc><sln:cyklZyciaDo>2016-11-26T00:00:00+01:00</sln:cyklZyciaDo><sln:cyklZyciaOd>2014-09-25T00:00:00+02:00</sln:cyklZyciaOd><sln:gmIIPId>c04accb7-b203-4ec8-aa5d-9836c813e04d</sln:gmIIPId><sln:gmIIPPn>PL.PZGIK.200</sln:gmIIPPn><sln:gmIIPWersja>2012-09-26T22:52:06+02:00</sln:gmIIPWersja><sln:gmIdTeryt>1410032</sln:gmIdTeryt><sln:gmNazwa>Olszanka</sln:gmNazwa><sln:miejscIIPId>b7f5af82-3723-4cb9-b686-d3be679ae5d3</sln:miejscIIPId><sln:miejscIIPPn>PL.PZGIK.200</sln:miejscIIPPn><sln:miejscIIPWersja>2016-11-24T13:32:04+02:00</sln:miejscIIPWersja><sln:miejscIdTeryt>0016768</sln:miejscIdTeryt><sln:miejscNazwa>Szydłówka</sln:miejscNazwa><sln:miejscRodzaj>Wieś</sln:miejscRodzaj><sln:powIIPId>b83d7094-60a3-460b-b308-f7ec80abb622</sln:powIIPId><sln:powIIPPn>PL.PZGIK.200</sln:powIIPPn><sln:powIIPWersja>2012-09-27T08:13:53+02:00</sln:powIIPWersja><sln:powIdTeryt>1410</sln:powIdTeryt><sln:powNazwa>łosicki</sln:powNazwa><sln:wojIIPId>4b6c492a-eb04-441d-a92a-f44359c06de7</sln:wojIIPId><sln:wojIIPPn>PL.PZGIK.200</sln:wojIIPPn><sln:wojIIPWersja>2012-09-27T13:45:13+02:00</sln:wojIIPWersja><sln:wojIdTeryt>14</sln:wojIdTeryt><sln:wojNazwa>mazowieckie</sln:wojNazwa></sln:miejscowosc><sln:miejscowosc><sln:cyklZyciaDo>2016-11-26T00:00:00+01:00</sln:cyklZyciaDo><sln:cyklZyciaOd>2014-09-25T00:00:00+02:00</sln:cyklZyciaOd><sln:gmIIPId>c04accb7-b203-4ec8-aa5d-9836c813e04d</sln:gmIIPId><sln:gmIIPPn>PL.PZGIK.200</sln:gmIIPPn><sln:gmIIPWersja>2012-09-26T22:52:06+02:00</sln:gmIIPWersja><sln:gmIdTeryt>1410032</sln:gmIdTeryt><sln:gmNazwa>Olszanka</sln:gmNazwa><sln:miejscIIPId>55dc36a3-c85e-4952-adbe-96134899e748</sln:miejscIIPId><sln:miejscIIPPn>PL.PZGIK.200</sln:miejscIIPPn><sln:miejscIIPWersja>2016-11-24T13:33:55+02:00</sln:miejscIIPWersja><sln:miejscIdTeryt>0016774</sln:miejscIdTeryt><sln:miejscNazwa>Wyczółki</sln:miejscNazwa><sln:miejscRodzaj>Wieś</sln:miejscRodzaj><sln:powIIPId>b83d7094-60a3-460b-b308-f7ec80abb622</sln:powIIPId><sln:powIIPPn>PL.PZGIK.200</sln:powIIPPn><sln:powIIPWersja>2012-09-27T08:13:53+02:00</sln:powIIPWersja><sln:powIdTeryt>1410</sln:powIdTeryt><sln:powNazwa>łosicki</sln:powNazwa><sln:wojIIPId>4b6c492a-eb04-441d-a92a-f44359c06de7</sln:wojIIPId><sln:wojIIPPn>PL.PZGIK.200</sln:wojIIPPn><sln:wojIIPWersja>2012-09-27T13:45:13+02:00</sln:wojIIPWersja><sln:wojIdTeryt>14</sln:wojIdTeryt><sln:wojNazwa>mazowieckie</sln:wojNazwa></sln:miejscowosc><sln:miejscowosc><sln:cyklZyciaDo>2016-11-26T00:00:00+01:00</sln:cyklZyciaDo><sln:cyklZyciaOd>2014-09-25T00:00:00+02:00</sln:cyklZyciaOd><sln:gmIIPId>c04accb7-b203-4ec8-aa5d-9836c813e04d</sln:gmIIPId><sln:gmIIPPn>PL.PZGIK.200</sln:gmIIPPn><sln:gmIIPWersja>2012-09-26T22:52:06+02:00</sln:gmIIPWersja><sln:gmIdTeryt>1410032</sln:gmIdTeryt><sln:gmNazwa>Olszanka</sln:gmNazwa><sln:miejscIIPId>8cfac27c-c79b-45cf-996e-6c560e654387</sln:miejscIIPId><sln:miejscIIPPn>PL.PZGIK.200</sln:miejscIIPPn><sln:miejscIIPWersja>2016-11-24T13:28:04+02:00</sln:miejscIIPWersja><sln:miejscIdTeryt>0016716</sln:miejscIdTeryt><sln:miejscNazwa>Pietrusy</sln:miejscNazwa><sln:miejscRodzaj>Wieś</sln:miejscRodzaj><sln:powIIPId>b83d7094-60a3-460b-b308-f7ec80abb622</sln:powIIPId><sln:powIIPPn>PL.PZGIK.200</sln:powIIPPn><sln:powIIPWersja>2012-09-27T08:13:53+02:00</sln:powIIPWersja><sln:powIdTeryt>1410</sln:powIdTeryt><sln:powNazwa>łosicki</sln:powNazwa><sln:wojIIPId>4b6c492a-eb04-441d-a92a-f44359c06de7</sln:wojIIPId><sln:wojIIPPn>PL.PZGIK.200</sln:wojIIPPn><sln:wojIIPWersja>2012-09-27T13:45:13+02:00</sln:wojIIPWersja><sln:wojIdTeryt>14</sln:wojIdTeryt><sln:wojNazwa>mazowieckie</sln:wojNazwa></sln:miejscowosc><sln:miejscowosc><sln:cyklZyciaDo>2016-11-26T00:00:00+01:00</sln:cyklZyciaDo><sln:cyklZyciaOd>2014-09-25T00:00:00+02:00</sln:cyklZyciaOd><sln:gmIIPId>c04accb7-b203-4ec8-aa5d-9836c813e04d</sln:gmIIPId><sln:gmIIPPn>PL.PZGIK.200</sln:gmIIPPn><sln:gmIIPWersja>2012-09-26T22:52:06+02:00</sln:gmIIPWersja><sln:gmIdTeryt>1410032</sln:gmIdTeryt><sln:gmNazwa>Olszanka</sln:gmNazwa><sln:miejscIIPId>3f1503f7-e30c-4a2b-817d-a27207ab5f9d</sln:miejscIIPId><sln:miejscIIPPn>PL.PZGIK.200</sln:miejscIIPPn><sln:miejscIIPWersja>2016-11-24T13:45:37+02:00</sln:miejscIIPWersja><sln:miejscIdTeryt>1054860</sln:miejscIdTeryt><sln:miejscNazwa>Poprzeczki</sln:miejscNazwa><sln:miejscRodzaj>Inny obiekt</sln:miejscRodzaj><sln:powIIPId>b83d7094-60a3-460b-b308-f7ec80abb622</sln:powIIPId><sln:powIIPPn>PL.PZGIK.200</sln:powIIPPn><sln:powIIPWersja>2012-09-27T08:13:53+02:00</sln:powIIPWersja><sln:powIdTeryt>1410</sln:powIdTeryt><sln:powNazwa>łosicki</sln:powNazwa><sln:wojIIPId>4b6c492a-eb04-441d-a92a-f44359c06de7</sln:wojIIPId><sln:wojIIPPn>PL.PZGIK.200</sln:wojIIPPn><sln:wojIIPWersja>2012-09-27T13:45:13+02:00</sln:wojIIPWersja><sln:wojIdTeryt>14</sln:wojIdTeryt><sln:wojNazwa>mazowieckie</sln:wojNazwa></sln:miejscowosc><sln:miejscowosc><sln:cyklZyciaDo>2016-11-26T00:00:00+01:00</sln:cyklZyciaDo><sln:cyklZyciaOd>2014-09-25T00:00:00+02:00</sln:cyklZyciaOd><sln:gmIIPId>c04accb7-b203-4ec8-aa5d-9836c813e04d</sln:gmIIPId><sln:gmIIPPn>PL.PZGIK.200</sln:gmIIPPn><sln:gmIIPWersja>2012-09-26T22:52:06+02:00</sln:gmIIPWersja><sln:gmIdTeryt>1410032</sln:gmIdTeryt><sln:gmNazwa>Olszanka</sln:gmNazwa><sln:miejscIIPId>d763f2f7-c37a-4401-9cc3-5e8668d778f3</sln:miejscIIPId><sln:miejscIIPPn>PL.PZGIK.200</sln:miejscIIPPn><sln:miejscIIPWersja>2016-11-24T13:36:00+02:00</sln:miejscIIPWersja><sln:miejscIdTeryt>0016633</sln:miejscIdTeryt><sln:miejscNazwa>Dawidy</sln:miejscNazwa><sln:miejscRodzaj>Wieś</sln:miejscRodzaj><sln:powIIPId>b83d7094-60a3-460b-b308-f7ec80abb622</sln:powIIPId><sln:powIIPPn>PL.PZGIK.200</sln:powIIPPn><sln:powIIPWersja>2012-09-27T08:13:53+02:00</sln:powIIPWersja><sln:powIdTeryt>1410</sln:powIdTeryt><sln:powNazwa>łosicki</sln:powNazwa><sln:wojIIPId>4b6c492a-eb04-441d-a92a-f44359c06de7</sln:wojIIPId><sln:wojIIPPn>PL.PZGIK.200</sln:wojIIPPn><sln:wojIIPWersja>2012-09-27T13:45:13+02:00</sln:wojIIPWersja><sln:wojIdTeryt>14</sln:wojIdTeryt><sln:wojNazwa>mazowieckie</sln:wojNazwa></sln:miejscowosc><sln:miejscowosc><sln:cyklZyciaDo>2016-11-26T00:00:00+01:00</sln:cyklZyciaDo><sln:cyklZyciaOd>2014-09-25T00:00:00+02:00</sln:cyklZyciaOd><sln:gmIIPId>c04accb7-b203-4ec8-aa5d-9836c813e04d</sln:gmIIPId><sln:gmIIPPn>PL.PZGIK.200</sln:gmIIPPn><sln:gmIIPWersja>2012-09-26T22:52:06+02:00</sln:gmIIPWersja><sln:gmIdTeryt>1410032</sln:gmIdTeryt><sln:gmNazwa>Olszanka</sln:gmNazwa><sln:miejscIIPId>8d770882-86ff-49d6-9803-35b32a8a0c44</sln:miejscIIPId><sln:miejscIIPPn>PL.PZGIK.200</sln:miejscIIPPn><sln:miejscIIPWersja>2016-11-24T13:50:43+02:00</sln:miejscIIPWersja><sln:miejscIdTeryt>1054877</sln:miejscIdTeryt><sln:miejscNazwa>Wyczółki</sln:miejscNazwa><sln:miejscRodzaj>Kolonia</sln:miejscRodzaj><sln:powIIPId>b83d7094-60a3-460b-b308-f7ec80abb622</sln:powIIPId><sln:powIIPPn>PL.PZGIK.200</sln:powIIPPn><sln:powIIPWersja>2012-09-27T08:13:53+02:00</sln:powIIPWersja><sln:powIdTeryt>1410</sln:powIdTeryt><sln:powNazwa>łosicki</sln:powNazwa><sln:wojIIPId>4b6c492a-eb04-441d-a92a-f44359c06de7</sln:wojIIPId><sln:wojIIPPn>PL.PZGIK.200</sln:wojIIPPn><sln:wojIIPWersja>2012-09-27T13:45:13+02:00</sln:wojIIPWersja><sln:wojIdTeryt>14</sln:wojIdTeryt><sln:wojNazwa>mazowieckie</sln:wojNazwa></sln:miejscowosc><sln:miejscowosc><sln:cyklZyciaDo>2016-11-26T00:00:00+01:00</sln:cyklZyciaDo><sln:cyklZyciaOd>2014-09-25T00:00:00+02:00</sln:cyklZyciaOd><sln:gmIIPId>c04accb7-b203-4ec8-aa5d-9836c813e04d</sln:gmIIPId><sln:gmIIPPn>PL.PZGIK.200</sln:gmIIPPn><sln:gmIIPWersja>2012-09-26T22:52:06+02:00</sln:gmIIPWersja><sln:gmIdTeryt>1410032</sln:gmIdTeryt><sln:gmNazwa>Olszanka</sln:gmNazwa><sln:miejscIIPId>361e5711-9fbd-4584-b31f-f82644c140ad</sln:miejscIIPId><sln:miejscIIPPn>PL.PZGIK.200</sln:miejscIIPPn><sln:miejscIIPWersja>2016-11-24T13:31:52+02:00</sln:miejscIIPWersja><sln:miejscIdTeryt>0016751</sln:miejscIdTeryt><sln:miejscNazwa>Szawły</sln:miejscNazwa><sln:miejscRodzaj>Wieś</sln:miejscRodzaj><sln:powIIPId>b83d7094-60a3-460b-b308-f7ec80abb622</sln:powIIPId><sln:powIIPPn>PL.PZGIK.200</sln:powIIPPn><sln:powIIPWersja>2012-09-27T08:13:53+02:00</sln:powIIPWersja><sln:powIdTeryt>1410</sln:powIdTeryt><sln:powNazwa>łosicki</sln:powNazwa><sln:wojIIPId>4b6c492a-eb04-441d-a92a-f44359c06de7</sln:wojIIPId><sln:wojIIPPn>PL.PZGIK.200</sln:wojIIPPn><sln:wojIIPWersja>2012-09-27T13:45:13+02:00</sln:wojIIPWersja><sln:wojIdTeryt>14</sln:wojIdTeryt><sln:wojNazwa>mazowieckie</sln:wojNazwa></sln:miejscowosc><sln:miejscowosc><sln:cyklZyciaDo>2016-11-26T00:00:00+01:00</sln:cyklZyciaDo><sln:cyklZyciaOd>2014-09-25T00:00:00+02:00</sln:cyklZyciaOd><sln:gmIIPId>c04accb7-b203-4ec8-aa5d-9836c813e04d</sln:gmIIPId><sln:gmIIPPn>PL.PZGIK.200</sln:gmIIPPn><sln:gmIIPWersja>2012-09-26T22:52:06+02:00</sln:gmIIPWersja><sln:gmIdTeryt>1410032</sln:gmIdTeryt><sln:gmNazwa>Olszanka</sln:gmNazwa><sln:miejscIIPId>da741163-0bdf-4b74-a341-0ed8d01e2ced</sln:miejscIIPId><sln:miejscIIPPn>PL.PZGIK.200</sln:miejscIIPPn><sln:miejscIIPWersja>2016-11-24T13:43:53+02:00</sln:miejscIIPWersja><sln:miejscIdTeryt>0016700</sln:miejscIdTeryt><sln:miejscNazwa>Olszanka</sln:miejscNazwa><sln:miejscRodzaj>Wieś</sln:miejscRodzaj><sln:powIIPId>b83d7094-60a3-460b-b308-f7ec80abb622</sln:powIIPId><sln:powIIPPn>PL.PZGIK.200</sln:powIIPPn><sln:powIIPWersja>2012-09-27T08:13:53+02:00</sln:powIIPWersja><sln:powIdTeryt>1410</sln:powIdTeryt><sln:powNazwa>łosicki</sln:powNazwa><sln:wojIIPId>4b6c492a-eb04-441d-a92a-f44359c06de7</sln:wojIIPId><sln:wojIIPPn>PL.PZGIK.200</sln:wojIIPPn><sln:wojIIPWersja>2012-09-27T13:45:13+02:00</sln:wojIIPWersja><sln:wojIdTeryt>14</sln:wojIdTeryt><sln:wojNazwa>mazowieckie</sln:wojNazwa></sln:miejscowosc><sln:miejscowosc><sln:cyklZyciaDo>2016-11-26T00:00:00+01:00</sln:cyklZyciaDo><sln:cyklZyciaOd>2014-09-25T00:00:00+02:00</sln:cyklZyciaOd><sln:gmIIPId>c04accb7-b203-4ec8-aa5d-9836c813e04d</sln:gmIIPId><sln:gmIIPPn>PL.PZGIK.200</sln:gmIIPPn><sln:gmIIPWersja>2012-09-26T22:52:06+02:00</sln:gmIIPWersja><sln:gmIdTeryt>1410032</sln:gmIdTeryt><sln:gmNazwa>Olszanka</sln:gmNazwa><sln:miejscIIPId>d213c13f-7059-4236-8328-9991c3f1cd58</sln:miejscIIPId><sln:miejscIIPPn>PL.PZGIK.200</sln:miejscIIPPn><sln:miejscIIPWersja>2016-11-24T13:39:30+02:00</sln:miejscIIPWersja><sln:miejscIdTeryt>0016656</sln:miejscIdTeryt><sln:miejscNazwa>Klimy</sln:miejscNazwa><sln:miejscRodzaj>Wieś</sln:miejscRodzaj><sln:powIIPId>b83d7094-60a3-460b-b308-f7ec80abb622</sln:powIIPId><sln:powIIPPn>PL.PZGIK.200</sln:powIIPPn><sln:powIIPWersja>2012-09-27T08:13:53+02:00</sln:powIIPWersja><sln:powIdTeryt>1410</sln:powIdTeryt><sln:powNazwa>łosicki</sln:powNazwa><sln:wojIIPId>4b6c492a-eb04-441d-a92a-f44359c06de7</sln:wojIIPId><sln:wojIIPPn>PL.PZGIK.200</sln:wojIIPPn><sln:wojIIPWersja>2012-09-27T13:45:13+02:00</sln:wojIIPWersja><sln:wojIdTeryt>14</sln:wojIdTeryt><sln:wojNazwa>mazowieckie</sln:wojNazwa></sln:miejscowosc><sln:miejscowosc><sln:cyklZyciaDo>2016-11-26T00:00:00+01:00</sln:cyklZyciaDo><sln:cyklZyciaOd>2014-09-25T00:00:00+02:00</sln:cyklZyciaOd><sln:gmIIPId>c04accb7-b203-4ec8-aa5d-9836c813e04d</sln:gmIIPId><sln:gmIIPPn>PL.PZGIK.200</sln:gmIIPPn><sln:gmIIPWersja>2012-09-26T22:52:06+02:00</sln:gmIIPWersja><sln:gmIdTeryt>1410032</sln:gmIdTeryt><sln:gmNazwa>Olszanka</sln:gmNazwa><sln:miejscIIPId>4bdd2b73-a295-4b9c-a4b2-eee10f7dc0e4</sln:miejscIIPId><sln:miejscIIPPn>PL.PZGIK.200</sln:miejscIIPPn><sln:miejscIIPWersja>2016-11-24T13:39:47+02:00</sln:miejscIIPWersja><sln:miejscIdTeryt>0016662</sln:miejscIdTeryt><sln:miejscNazwa>Korczówka</sln:miejscNazwa><sln:miejscRodzaj>Wieś</sln:miejscRodzaj><sln:powIIPId>b83d7094-60a3-460b-b308-f7ec80abb622</sln:powIIPId><sln:powIIPPn>PL.PZGIK.200</sln:powIIPPn><sln:powIIPWersja>2012-09-27T08:13:53+02:00</sln:powIIPWersja><sln:powIdTeryt>1410</sln:powIdTeryt><sln:powNazwa>łosicki</sln:powNazwa><sln:wojIIPId>4b6c492a-eb04-441d-a92a-f44359c06de7</sln:wojIIPId><sln:wojIIPPn>PL.PZGIK.200</sln:wojIIPPn><sln:wojIIPWersja>2012-09-27T13:45:13+02:00</sln:wojIIPWersja><sln:wojIdTeryt>14</sln:wojIdTeryt><sln:wojNazwa>mazowieckie</sln:wojNazwa></sln:miejscowosc><sln:miejscowosc><sln:cyklZyciaDo>2016-11-26T00:00:00+01:00</sln:cyklZyciaDo><sln:cyklZyciaOd>2014-09-25T00:00:00+02:00</sln:cyklZyciaOd><sln:gmIIPId>c04accb7-b203-4ec8-aa5d-9836c813e04d</sln:gmIIPId><sln:gmIIPPn>PL.PZGIK.200</sln:gmIIPPn><sln:gmIIPWersja>2012-09-26T22:52:06+02:00</sln:gmIIPWersja><sln:gmIdTeryt>1410032</sln:gmIdTeryt><sln:gmNazwa>Olszanka</sln:gmNazwa><sln:miejscIIPId>6abba613-709e-4e5d-8879-000e1149659c</sln:miejscIIPId><sln:miejscIIPPn>PL.PZGIK.200</sln:miejscIIPPn><sln:miejscIIPWersja>2016-11-24T13:43:20+02:00</sln:miejscIIPWersja><sln:miejscIdTeryt>0016691</sln:miejscIdTeryt><sln:miejscNazwa>Nowe Łepki</sln:miejscNazwa><sln:miejscRodzaj>Wieś</sln:miejscRodzaj><sln:powIIPId>b83d7094-60a3-460b-b308-f7ec80abb622</sln:powIIPId><sln:powIIPPn>PL.PZGIK.200</sln:powIIPPn><sln:powIIPWersja>2012-09-27T08:13:53+02:00</sln:powIIPWersja><sln:powIdTeryt>1410</sln:powIdTeryt><sln:powNazwa>łosicki</sln:powNazwa><sln:wojIIPId>4b6c492a-eb04-441d-a92a-f44359c06de7</sln:wojIIPId><sln:wojIIPPn>PL.PZGIK.200</sln:wojIIPPn><sln:wojIIPWersja>2012-09-27T13:45:13+02:00</sln:wojIIPWersja><sln:wojIdTeryt>14</sln:wojIdTeryt><sln:wojNazwa>mazowieckie</sln:wojNazwa></sln:miejscowosc><sln:miejscowosc><sln:cyklZyciaDo>2016-11-26T00:00:00+01:00</sln:cyklZyciaDo><sln:cyklZyciaOd>2014-09-25T00:00:00+02:00</sln:cyklZyciaOd><sln:gmIIPId>c04accb7-b203-4ec8-aa5d-9836c813e04d</sln:gmIIPId><sln:gmIIPPn>PL.PZGIK.200</sln:gmIIPPn><sln:gmIIPWersja>2012-09-26T22:52:06+02:00</sln:gmIIPWersja><sln:gmIdTeryt>1410032</sln:gmIdTeryt><sln:gmNazwa>Olszanka</sln:gmNazwa><sln:miejscIIPId>363bb860-c65e-42c0-9c6e-2219ded0cc12</sln:miejscIIPId><sln:miejscIIPPn>PL.PZGIK.200</sln:miejscIIPPn><sln:miejscIIPWersja>2016-11-24T13:39:47+02:00</sln:miejscIIPWersja><sln:miejscIdTeryt>0016679</sln:miejscIdTeryt><sln:miejscNazwa>Korczówka-Kolonia</sln:miejscNazwa><sln:miejscRodzaj>Wieś</sln:miejscRodzaj><sln:powIIPId>b83d7094-60a3-460b-b308-f7ec80abb622</sln:powIIPId><sln:powIIPPn>PL.PZGIK.200</sln:powIIPPn><sln:powIIPWersja>2012-09-27T08:13:53+02:00</sln:powIIPWersja><sln:powIdTeryt>1410</sln:powIdTeryt><sln:powNazwa>łosicki</sln:powNazwa><sln:wojIIPId>4b6c492a-eb04-441d-a92a-f44359c06de7</sln:wojIIPId><sln:wojIIPPn>PL.PZGIK.200</sln:wojIIPPn><sln:wojIIPWersja>2012-09-27T13:45:13+02:00</sln:wojIIPWersja><sln:wojIdTeryt>14</sln:wojIdTeryt><sln:wojNazwa>mazowieckie</sln:wojNazwa></sln:miejscowosc><sln:miejscowosc><sln:cyklZyciaDo>2016-11-26T00:00:00+01:00</sln:cyklZyciaDo><sln:cyklZyciaOd>2014-09-25T00:00:00+02:00</sln:cyklZyciaOd><sln:gmIIPId>c04accb7-b203-4ec8-aa5d-9836c813e04d</sln:gmIIPId><sln:gmIIPPn>PL.PZGIK.200</sln:gmIIPPn><sln:gmIIPWersja>2012-09-26T22:52:06+02:00</sln:gmIIPWersja><sln:gmIdTeryt>1410032</sln:gmIdTeryt><sln:gmNazwa>Olszanka</sln:gmNazwa><sln:miejscIIPId>325b013c-2dcb-4f22-af92-67791f3007b9</sln:miejscIIPId><sln:miejscIIPPn>PL.PZGIK.200</sln:miejscIIPPn><sln:miejscIIPWersja>2016-11-24T13:37:41+02:00</sln:miejscIIPWersja><sln:miejscIdTeryt>4000806</sln:miejscIdTeryt><sln:miejscNazwa>Kolonia Bejdy</sln:miejscNazwa><sln:miejscRodzaj>Inny obiekt</sln:miejscRodzaj><sln:powIIPId>b83d7094-60a3-460b-b308-f7ec80abb622</sln:powIIPId><sln:powIIPPn>PL.PZGIK.200</sln:powIIPPn><sln:powIIPWersja>2012-09-27T08:13:53+02:00</sln:powIIPWersja><sln:powIdTeryt>1410</sln:powIdTeryt><sln:powNazwa>łosicki</sln:powNazwa><sln:wojIIPId>4b6c492a-eb04-441d-a92a-f44359c06de7</sln:wojIIPId><sln:wojIIPPn>PL.PZGIK.200</sln:wojIIPPn><sln:wojIIPWersja>2012-09-27T13:45:13+02:00</sln:wojIIPWersja><sln:wojIdTeryt>14</sln:wojIdTeryt><sln:wojNazwa>mazowieckie</sln:wojNazwa></sln:miejscowosc><sln:miejscowosc><sln:cyklZyciaDo>2016-11-26T00:00:00+01:00</sln:cyklZyciaDo><sln:cyklZyciaOd>2014-09-25T00:00:00+02:00</sln:cyklZyciaOd><sln:gmIIPId>c04accb7-b203-4ec8-aa5d-9836c813e04d</sln:gmIIPId><sln:gmIIPPn>PL.PZGIK.200</sln:gmIIPPn><sln:gmIIPWersja>2012-09-26T22:52:06+02:00</sln:gmIIPWersja><sln:gmIdTeryt>1410032</sln:gmIdTeryt><sln:gmNazwa>Olszanka</sln:gmNazwa><sln:miejscIIPId>cfc47a21-0ee3-429f-b995-7b68c5afcddb</sln:miejscIIPId><sln:miejscIIPPn>PL.PZGIK.200</sln:miejscIIPPn><sln:miejscIIPWersja>2016-11-24T13:57:52+02:00</sln:miejscIIPWersja><sln:miejscIdTeryt>1054802</sln:miejscIdTeryt><sln:miejscNazwa>Bolesty-Kolonia</sln:miejscNazwa><sln:miejscRodzaj>Kolonia</sln:miejscRodzaj><sln:powIIPId>b83d7094-60a3-460b-b308-f7ec80abb622</sln:powIIPId><sln:powIIPPn>PL.PZGIK.200</sln:powIIPPn><sln:powIIPWersja>2012-09-27T08:13:53+02:00</sln:powIIPWersja><sln:powIdTeryt>1410</sln:powIdTeryt><sln:powNazwa>łosicki</sln:powNazwa><sln:wojIIPId>4b6c492a-eb04-441d-a92a-f44359c06de7</sln:wojIIPId><sln:wojIIPPn>PL.PZGIK.200</sln:wojIIPPn><sln:wojIIPWersja>2012-09-27T13:45:13+02:00</sln:wojIIPWersja><sln:wojIdTeryt>14</sln:wojIdTeryt><sln:wojNazwa>mazowieckie</sln:wojNazwa></sln:miejscowosc><sln:miejscowosc><sln:cyklZyciaDo>2016-11-26T00:00:00+01:00</sln:cyklZyciaDo><sln:cyklZyciaOd>2014-09-25T00:00:00+02:00</sln:cyklZyciaOd><sln:gmIIPId>c04accb7-b203-4ec8-aa5d-9836c813e04d</sln:gmIIPId><sln:gmIIPPn>PL.PZGIK.200</sln:gmIIPPn><sln:gmIIPWersja>2012-09-26T22:52:06+02:00</sln:gmIIPWersja><sln:gmIdTeryt>1410032</sln:gmIdTeryt><sln:gmNazwa>Olszanka</sln:gmNazwa><sln:miejscIIPId>3f65b033-e32f-4c80-ac18-ba6c5a2c0530</sln:miejscIIPId><sln:miejscIIPPn>PL.PZGIK.200</sln:miejscIIPPn><sln:miejscIIPWersja>2016-11-24T13:29:00+02:00</sln:miejscIIPWersja><sln:miejscIdTeryt>0016722</sln:miejscIdTeryt><sln:miejscNazwa>Próchenki</sln:miejscNazwa><sln:miejscRodzaj>Wieś</sln:miejscRodzaj><sln:powIIPId>b83d7094-60a3-460b-b308-f7ec80abb622</sln:powIIPId><sln:powIIPPn>PL.PZGIK.200</sln:powIIPPn><sln:powIIPWersja>2012-09-27T08:13:53+02:00</sln:powIIPWersja><sln:powIdTeryt>1410</sln:powIdTeryt><sln:powNazwa>łosicki</sln:powNazwa><sln:wojIIPId>4b6c492a-eb04-441d-a92a-f44359c06de7</sln:wojIIPId><sln:wojIIPPn>PL.PZGIK.200</sln:wojIIPPn><sln:wojIIPWersja>2012-09-27T13:45:13+02:00</sln:wojIIPWersja><sln:wojIdTeryt>14</sln:wojIdTeryt><sln:wojNazwa>mazowieckie</sln:wojNazwa></sln:miejscowosc><sln:miejscowosc><sln:cyklZyciaOd>2016-11-26T00:00:00+01:00</sln:cyklZyciaOd><sln:gmIIPId>c04accb7-b203-4ec8-aa5d-9836c813e04d</sln:gmIIPId><sln:gmIIPPn>PL.PZGIK.200</sln:gmIIPPn><sln:gmIIPWersja>2012-09-26T22:52:06+02:00</sln:gmIIPWersja><sln:gmIdTeryt>1410032</sln:gmIdTeryt><sln:gmNazwa>Olszanka</sln:gmNazwa><sln:miejscIIPId>8cfac27c-c79b-45cf-996e-6c560e654387</sln:miejscIIPId><sln:miejscIIPPn>PL.PZGIK.200</sln:miejscIIPPn><sln:miejscIIPWersja>2016-11-26T14:36:15+02:00</sln:miejscIIPWersja><sln:miejscIdTeryt>0016716</sln:miejscIdTeryt><sln:miejscNazwa>Pietrusy</sln:miejscNazwa><sln:miejscRodzaj>Wieś</sln:miejscRodzaj><sln:powIIPId>b83d7094-60a3-460b-b308-f7ec80abb622</sln:powIIPId><sln:powIIPPn>PL.PZGIK.200</sln:powIIPPn><sln:powIIPWersja>2012-09-27T08:13:53+02:00</sln:powIIPWersja><sln:powIdTeryt>1410</sln:powIdTeryt><sln:powNazwa>łosicki</sln:powNazwa><sln:wojIIPId>4b6c492a-eb04-441d-a92a-f44359c06de7</sln:wojIIPId><sln:wojIIPPn>PL.PZGIK.200</sln:wojIIPPn><sln:wojIIPWersja>2012-09-27T13:45:13+02:00</sln:wojIIPWersja><sln:wojIdTeryt>14</sln:wojIdTeryt><sln:wojNazwa>mazowieckie</sln:wojNazwa></sln:miejscowosc><sln:miejscowosc><sln:cyklZyciaOd>2016-11-26T00:00:00+01:00</sln:cyklZyciaOd><sln:gmIIPId>c04accb7-b203-4ec8-aa5d-9836c813e04d</sln:gmIIPId><sln:gmIIPPn>PL.PZGIK.200</sln:gmIIPPn><sln:gmIIPWersja>2012-09-26T22:52:06+02:00</sln:gmIIPWersja><sln:gmIdTeryt>1410032</sln:gmIdTeryt><sln:gmNazwa>Olszanka</sln:gmNazwa><sln:miejscIIPId>3f65b033-e32f-4c80-ac18-ba6c5a2c0530</sln:miejscIIPId><sln:miejscIIPPn>PL.PZGIK.200</sln:miejscIIPPn><sln:miejscIIPWersja>2016-11-26T14:36:20+02:00</sln:miejscIIPWersja><sln:miejscIdTeryt>0016722</sln:miejscIdTeryt><sln:miejscNazwa>Próchenki</sln:miejscNazwa><sln:miejscRodzaj>Wieś</sln:miejscRodzaj><sln:powIIPId>b83d7094-60a3-460b-b308-f7ec80abb622</sln:powIIPId><sln:powIIPPn>PL.PZGIK.200</sln:powIIPPn><sln:powIIPWersja>2012-09-27T08:13:53+02:00</sln:powIIPWersja><sln:powIdTeryt>1410</sln:powIdTeryt><sln:powNazwa>łosicki</sln:powNazwa><sln:wojIIPId>4b6c492a-eb04-441d-a92a-f44359c06de7</sln:wojIIPId><sln:wojIIPPn>PL.PZGIK.200</sln:wojIIPPn><sln:wojIIPWersja>2012-09-27T13:45:13+02:00</sln:wojIIPWersja><sln:wojIdTeryt>14</sln:wojIdTeryt><sln:wojNazwa>mazowieckie</sln:wojNazwa></sln:miejscowosc><sln:miejscowosc><sln:cyklZyciaOd>2016-11-26T00:00:00+01:00</sln:cyklZyciaOd><sln:gmIIPId>c04accb7-b203-4ec8-aa5d-9836c813e04d</sln:gmIIPId><sln:gmIIPPn>PL.PZGIK.200</sln:gmIIPPn><sln:gmIIPWersja>2012-09-26T22:52:06+02:00</sln:gmIIPWersja><sln:gmIdTeryt>1410032</sln:gmIdTeryt><sln:gmNazwa>Olszanka</sln:gmNazwa><sln:miejscIIPId>08f1a622-e962-45bf-a9cc-817bacd70723</sln:miejscIIPId><sln:miejscIIPPn>PL.PZGIK.200</sln:miejscIIPPn><sln:miejscIIPWersja>2016-11-26T14:36:20+02:00</sln:miejscIIPWersja><sln:miejscIdTeryt>0016739</sln:miejscIdTeryt><sln:miejscNazwa>Radlnia</sln:miejscNazwa><sln:miejscRodzaj>Wieś</sln:miejscRodzaj><sln:powIIPId>b83d7094-60a3-460b-b308-f7ec80abb622</sln:powIIPId><sln:powIIPPn>PL.PZGIK.200</sln:powIIPPn><sln:powIIPWersja>2012-09-27T08:13:53+02:00</sln:powIIPWersja><sln:powIdTeryt>1410</sln:powIdTeryt><sln:powNazwa>łosicki</sln:powNazwa><sln:wojIIPId>4b6c492a-eb04-441d-a92a-f44359c06de7</sln:wojIIPId><sln:wojIIPPn>PL.PZGIK.200</sln:wojIIPPn><sln:wojIIPWersja>2012-09-27T13:45:13+02:00</sln:wojIIPWersja><sln:wojIdTeryt>14</sln:wojIdTeryt><sln:wojNazwa>mazowieckie</sln:wojNazwa></sln:miejscowosc><sln:miejscowosc><sln:cyklZyciaOd>2016-11-26T00:00:00+01:00</sln:cyklZyciaOd><sln:gmIIPId>c04accb7-b203-4ec8-aa5d-9836c813e04d</sln:gmIIPId><sln:gmIIPPn>PL.PZGIK.200</sln:gmIIPPn><sln:gmIIPWersja>2012-09-26T22:52:06+02:00</sln:gmIIPWersja><sln:gmIdTeryt>1410032</sln:gmIdTeryt><sln:gmNazwa>Olszanka</sln:gmNazwa><sln:miejscIIPId>02a76cb4-003a-4a1c-a54f-89cf664007f7</sln:miejscIIPId><sln:miejscIIPPn>PL.PZGIK.200</sln:miejscIIPPn><sln:miejscIIPWersja>2016-11-26T14:36:20+02:00</sln:miejscIIPWersja><sln:miejscIdTeryt>0016745</sln:miejscIdTeryt><sln:miejscNazwa>Stare Łepki</sln:miejscNazwa><sln:miejscRodzaj>Wieś</sln:miejscRodzaj><sln:powIIPId>b83d7094-60a3-460b-b308-f7ec80abb622</sln:powIIPId><sln:powIIPPn>PL.PZGIK.200</sln:powIIPPn><sln:powIIPWersja>2012-09-27T08:13:53+02:00</sln:powIIPWersja><sln:powIdTeryt>1410</sln:powIdTeryt><sln:powNazwa>łosicki</sln:powNazwa><sln:wojIIPId>4b6c492a-eb04-441d-a92a-f44359c06de7</sln:wojIIPId><sln:wojIIPPn>PL.PZGIK.200</sln:wojIIPPn><sln:wojIIPWersja>2012-09-27T13:45:13+02:00</sln:wojIIPWersja><sln:wojIdTeryt>14</sln:wojIdTeryt><sln:wojNazwa>mazowieckie</sln:wojNazwa></sln:miejscowosc><sln:miejscowosc><sln:cyklZyciaOd>2016-11-26T00:00:00+01:00</sln:cyklZyciaOd><sln:gmIIPId>c04accb7-b203-4ec8-aa5d-9836c813e04d</sln:gmIIPId><sln:gmIIPPn>PL.PZGIK.200</sln:gmIIPPn><sln:gmIIPWersja>2012-09-26T22:52:06+02:00</sln:gmIIPWersja><sln:gmIdTeryt>1410032</sln:gmIdTeryt><sln:gmNazwa>Olszanka</sln:gmNazwa><sln:miejscIIPId>361e5711-9fbd-4584-b31f-f82644c140ad</sln:miejscIIPId><sln:miejscIIPPn>PL.PZGIK.200</sln:miejscIIPPn><sln:miejscIIPWersja>2016-11-26T14:36:20+02:00</sln:miejscIIPWersja><sln:miejscIdTeryt>0016751</sln:miejscIdTeryt><sln:miejscNazwa>Szawły</sln:miejscNazwa><sln:miejscRodzaj>Wieś</sln:miejscRodzaj><sln:powIIPId>b83d7094-60a3-460b-b308-f7ec80abb622</sln:powIIPId><sln:powIIPPn>PL.PZGIK.200</sln:powIIPPn><sln:powIIPWersja>2012-09-27T08:13:53+02:00</sln:powIIPWersja><sln:powIdTeryt>1410</sln:powIdTeryt><sln:powNazwa>łosicki</sln:powNazwa><sln:wojIIPId>4b6c492a-eb04-441d-a92a-f44359c06de7</sln:wojIIPId><sln:wojIIPPn>PL.PZGIK.200</sln:wojIIPPn><sln:wojIIPWersja>2012-09-27T13:45:13+02:00</sln:wojIIPWersja><sln:wojIdTeryt>14</sln:wojIdTeryt><sln:wojNazwa>mazowieckie</sln:wojNazwa></sln:miejscowosc><sln:miejscowosc><sln:cyklZyciaOd>2016-11-26T00:00:00+01:00</sln:cyklZyciaOd><sln:gmIIPId>c04accb7-b203-4ec8-aa5d-9836c813e04d</sln:gmIIPId><sln:gmIIPPn>PL.PZGIK.200</sln:gmIIPPn><sln:gmIIPWersja>2012-09-26T22:52:06+02:00</sln:gmIIPWersja><sln:gmIdTeryt>1410032</sln:gmIdTeryt><sln:gmNazwa>Olszanka</sln:gmNazwa><sln:miejscIIPId>b7f5af82-3723-4cb9-b686-d3be679ae5d3</sln:miejscIIPId><sln:miejscIIPPn>PL.PZGIK.200</sln:miejscIIPPn><sln:miejscIIPWersja>2016-11-26T14:36:21+02:00</sln:miejscIIPWersja><sln:miejscIdTeryt>0016768</sln:miejscIdTeryt><sln:miejscNazwa>Szydłówka</sln:miejscNazwa><sln:miejscRodzaj>Wieś</sln:miejscRodzaj><sln:powIIPId>b83d7094-60a3-460b-b308-f7ec80abb622</sln:powIIPId><sln:powIIPPn>PL.PZGIK.200</sln:powIIPPn><sln:powIIPWersja>2012-09-27T08:13:53+02:00</sln:powIIPWersja><sln:powIdTeryt>1410</sln:powIdTeryt><sln:powNazwa>łosicki</sln:powNazwa><sln:wojIIPId>4b6c492a-eb04-441d-a92a-f44359c06de7</sln:wojIIPId><sln:wojIIPPn>PL.PZGIK.200</sln:wojIIPPn><sln:wojIIPWersja>2012-09-27T13:45:13+02:00</sln:wojIIPWersja><sln:wojIdTeryt>14</sln:wojIdTeryt><sln:wojNazwa>mazowieckie</sln:wojNazwa></sln:miejscowosc><sln:miejscowosc><sln:cyklZyciaOd>2016-11-26T00:00:00+01:00</sln:cyklZyciaOd><sln:gmIIPId>c04accb7-b203-4ec8-aa5d-9836c813e04d</sln:gmIIPId><sln:gmIIPPn>PL.PZGIK.200</sln:gmIIPPn><sln:gmIIPWersja>2012-09-26T22:52:06+02:00</sln:gmIIPWersja><sln:gmIdTeryt>1410032</sln:gmIdTeryt><sln:gmNazwa>Olszanka</sln:gmNazwa><sln:miejscIIPId>55dc36a3-c85e-4952-adbe-96134899e748</sln:miejscIIPId><sln:miejscIIPPn>PL.PZGIK.200</sln:miejscIIPPn><sln:miejscIIPWersja>2016-11-26T14:36:21+02:00</sln:miejscIIPWersja><sln:miejscIdTeryt>0016774</sln:miejscIdTeryt><sln:miejscNazwa>Wyczółki</sln:miejscNazwa><sln:miejscRodzaj>Wieś</sln:miejscRodzaj><sln:powIIPId>b83d7094-60a3-460b-b308-f7ec80abb622</sln:powIIPId><sln:powIIPPn>PL.PZGIK.200</sln:powIIPPn><sln:powIIPWersja>2012-09-27T08:13:53+02:00</sln:powIIPWersja><sln:powIdTeryt>1410</sln:powIdTeryt><sln:powNazwa>łosicki</sln:powNazwa><sln:wojIIPId>4b6c492a-eb04-441d-a92a-f44359c06de7</sln:wojIIPId><sln:wojIIPPn>PL.PZGIK.200</sln:wojIIPPn><sln:wojIIPWersja>2012-09-27T13:45:13+02:00</sln:wojIIPWersja><sln:wojIdTeryt>14</sln:wojIdTeryt><sln:wojNazwa>mazowieckie</sln:wojNazwa></sln:miejscowosc><sln:miejscowosc><sln:cyklZyciaOd>2016-11-26T00:00:00+01:00</sln:cyklZyciaOd><sln:gmIIPId>c04accb7-b203-4ec8-aa5d-9836c813e04d</sln:gmIIPId><sln:gmIIPPn>PL.PZGIK.200</sln:gmIIPPn><sln:gmIIPWersja>2012-09-26T22:52:06+02:00</sln:gmIIPWersja><sln:gmIdTeryt>1410032</sln:gmIdTeryt><sln:gmNazwa>Olszanka</sln:gmNazwa><sln:miejscIIPId>d763f2f7-c37a-4401-9cc3-5e8668d778f3</sln:miejscIIPId><sln:miejscIIPPn>PL.PZGIK.200</sln:miejscIIPPn><sln:miejscIIPWersja>2016-11-26T14:36:21+02:00</sln:miejscIIPWersja><sln:miejscIdTeryt>0016633</sln:miejscIdTeryt><sln:miejscNazwa>Dawidy</sln:miejscNazwa><sln:miejscRodzaj>Wieś</sln:miejscRodzaj><sln:powIIPId>b83d7094-60a3-460b-b308-f7ec80abb622</sln:powIIPId><sln:powIIPPn>PL.PZGIK.200</sln:powIIPPn><sln:powIIPWersja>2012-09-27T08:13:53+02:00</sln:powIIPWersja><sln:powIdTeryt>1410</sln:powIdTeryt><sln:powNazwa>łosicki</sln:powNazwa><sln:wojIIPId>4b6c492a-eb04-441d-a92a-f44359c06de7</sln:wojIIPId><sln:wojIIPPn>PL.PZGIK.200</sln:wojIIPPn><sln:wojIIPWersja>2012-09-27T13:45:13+02:00</sln:wojIIPWersja><sln:wojIdTeryt>14</sln:wojIdTeryt><sln:wojNazwa>mazowieckie</sln:wojNazwa></sln:miejscowosc><sln:miejscowosc><sln:cyklZyciaOd>2016-11-26T00:00:00+01:00</sln:cyklZyciaOd><sln:gmIIPId>c04accb7-b203-4ec8-aa5d-9836c813e04d</sln:gmIIPId><sln:gmIIPPn>PL.PZGIK.200</sln:gmIIPPn><sln:gmIIPWersja>2012-09-26T22:52:06+02:00</sln:gmIIPWersja><sln:gmIdTeryt>1410032</sln:gmIdTeryt><sln:gmNazwa>Olszanka</sln:gmNazwa><sln:miejscIIPId>49881756-7081-4a62-ab35-a5159bb3eb22</sln:miejscIIPId><sln:miejscIIPPn>PL.PZGIK.200</sln:miejscIIPPn><sln:miejscIIPWersja>2016-11-26T14:36:21+02:00</sln:miejscIIPWersja><sln:miejscIdTeryt>0016610</sln:miejscIdTeryt><sln:miejscNazwa>Bejdy</sln:miejscNazwa><sln:miejscRodzaj>Wieś</sln:miejscRodzaj><sln:powIIPId>b83d7094-60a3-460b-b308-f7ec80abb622</sln:powIIPId><sln:powIIPPn>PL.PZGIK.200</sln:powIIPPn><sln:powIIPWersja>2012-09-27T08:13:53+02:00</sln:powIIPWersja><sln:powIdTeryt>1410</sln:powIdTeryt><sln:powNazwa>łosicki</sln:powNazwa><sln:wojIIPId>4b6c492a-eb04-441d-a92a-f44359c06de7</sln:wojIIPId><sln:wojIIPPn>PL.PZGIK.200</sln:wojIIPPn><sln:wojIIPWersja>2012-09-27T13:45:13+02:00</sln:wojIIPWersja><sln:wojIdTeryt>14</sln:wojIdTeryt><sln:wojNazwa>mazowieckie</sln:wojNazwa></sln:miejscowosc><sln:miejscowosc><sln:cyklZyciaOd>2016-11-26T00:00:00+01:00</sln:cyklZyciaOd><sln:gmIIPId>c04accb7-b203-4ec8-aa5d-9836c813e04d</sln:gmIIPId><sln:gmIIPPn>PL.PZGIK.200</sln:gmIIPPn><sln:gmIIPWersja>2012-09-26T22:52:06+02:00</sln:gmIIPWersja><sln:gmIdTeryt>1410032</sln:gmIdTeryt><sln:gmNazwa>Olszanka</sln:gmNazwa><sln:miejscIIPId>edb1f580-6c09-4b79-85eb-0b73098750a0</sln:miejscIIPId><sln:miejscIIPPn>PL.PZGIK.200</sln:miejscIIPPn><sln:miejscIIPWersja>2016-11-26T14:36:21+02:00</sln:miejscIIPWersja><sln:miejscIdTeryt>0016640</sln:miejscIdTeryt><sln:miejscNazwa>Hadynów</sln:miejscNazwa><sln:miejscRodzaj>Wieś</sln:miejscRodzaj><sln:powIIPId>b83d7094-60a3-460b-b308-f7ec80abb622</sln:powIIPId><sln:powIIPPn>PL.PZGIK.200</sln:powIIPPn><sln:powIIPWersja>2012-09-27T08:13:53+02:00</sln:powIIPWersja><sln:powIdTeryt>1410</sln:powIdTeryt><sln:powNazwa>łosicki</sln:powNazwa><sln:wojIIPId>4b6c492a-eb04-441d-a92a-f44359c06de7</sln:wojIIPId><sln:wojIIPPn>PL.PZGIK.200</sln:wojIIPPn><sln:wojIIPWersja>2012-09-27T13:45:13+02:00</sln:wojIIPWersja><sln:wojIdTeryt>14</sln:wojIdTeryt><sln:wojNazwa>mazowieckie</sln:wojNazwa></sln:miejscowosc><sln:miejscowosc><sln:cyklZyciaOd>2016-11-26T00:00:00+01:00</sln:cyklZyciaOd><sln:gmIIPId>c04accb7-b203-4ec8-aa5d-9836c813e04d</sln:gmIIPId><sln:gmIIPPn>PL.PZGIK.200</sln:gmIIPPn><sln:gmIIPWersja>2012-09-26T22:52:06+02:00</sln:gmIIPWersja><sln:gmIdTeryt>1410032</sln:gmIdTeryt><sln:gmNazwa>Olszanka</sln:gmNazwa><sln:miejscIIPId>d213c13f-7059-4236-8328-9991c3f1cd58</sln:miejscIIPId><sln:miejscIIPPn>PL.PZGIK.200</sln:miejscIIPPn><sln:miejscIIPWersja>2016-11-26T14:36:21+02:00</sln:miejscIIPWersja><sln:miejscIdTeryt>0016656</sln:miejscIdTeryt><sln:miejscNazwa>Klimy</sln:miejscNazwa><sln:miejscRodzaj>Wieś</sln:miejscRodzaj><sln:powIIPId>b83d7094-60a3-460b-b308-f7ec80abb622</sln:powIIPId><sln:powIIPPn>PL.PZGIK.200</sln:powIIPPn><sln:powIIPWersja>2012-09-27T08:13:53+02:00</sln:powIIPWersja><sln:powIdTeryt>1410</sln:powIdTeryt><sln:powNazwa>łosicki</sln:powNazwa><sln:wojIIPId>4b6c492a-eb04-441d-a92a-f44359c06de7</sln:wojIIPId><sln:wojIIPPn>PL.PZGIK.200</sln:wojIIPPn><sln:wojIIPWersja>2012-09-27T13:45:13+02:00</sln:wojIIPWersja><sln:wojIdTeryt>14</sln:wojIdTeryt><sln:wojNazwa>mazowieckie</sln:wojNazwa></sln:miejscowosc><sln:miejscowosc><sln:cyklZyciaOd>2016-11-26T00:00:00+01:00</sln:cyklZyciaOd><sln:gmIIPId>c04accb7-b203-4ec8-aa5d-9836c813e04d</sln:gmIIPId><sln:gmIIPPn>PL.PZGIK.200</sln:gmIIPPn><sln:gmIIPWersja>2012-09-26T22:52:06+02:00</sln:gmIIPWersja><sln:gmIdTeryt>1410032</sln:gmIdTeryt><sln:gmNazwa>Olszanka</sln:gmNazwa><sln:miejscIIPId>4bdd2b73-a295-4b9c-a4b2-eee10f7dc0e4</sln:miejscIIPId><sln:miejscIIPPn>PL.PZGIK.200</sln:miejscIIPPn><sln:miejscIIPWersja>2016-11-26T14:36:21+02:00</sln:miejscIIPWersja><sln:miejscIdTeryt>0016662</sln:miejscIdTeryt><sln:miejscNazwa>Korczówka</sln:miejscNazwa><sln:miejscRodzaj>Wieś</sln:miejscRodzaj><sln:powIIPId>b83d7094-60a3-460b-b308-f7ec80abb622</sln:powIIPId><sln:powIIPPn>PL.PZGIK.200</sln:powIIPPn><sln:powIIPWersja>2012-09-27T08:13:53+02:00</sln:powIIPWersja><sln:powIdTeryt>1410</sln:powIdTeryt><sln:powNazwa>łosicki</sln:powNazwa><sln:wojIIPId>4b6c492a-eb04-441d-a92a-f44359c06de7</sln:wojIIPId><sln:wojIIPPn>PL.PZGIK.200</sln:wojIIPPn><sln:wojIIPWersja>2012-09-27T13:45:13+02:00</sln:wojIIPWersja><sln:wojIdTeryt>14</sln:wojIdTeryt><sln:wojNazwa>mazowieckie</sln:wojNazwa></sln:miejscowosc><sln:miejscowosc><sln:cyklZyciaOd>2016-11-26T00:00:00+01:00</sln:cyklZyciaOd><sln:gmIIPId>c04accb7-b203-4ec8-aa5d-9836c813e04d</sln:gmIIPId><sln:gmIIPPn>PL.PZGIK.200</sln:gmIIPPn><sln:gmIIPWersja>2012-09-26T22:52:06+02:00</sln:gmIIPWersja><sln:gmIdTeryt>1410032</sln:gmIdTeryt><sln:gmNazwa>Olszanka</sln:gmNazwa><sln:miejscIIPId>363bb860-c65e-42c0-9c6e-2219ded0cc12</sln:miejscIIPId><sln:miejscIIPPn>PL.PZGIK.200</sln:miejscIIPPn><sln:miejscIIPWersja>2016-11-26T14:36:21+02:00</sln:miejscIIPWersja><sln:miejscIdTeryt>0016679</sln:miejscIdTeryt><sln:miejscNazwa>Korczówka-Kolonia</sln:miejscNazwa><sln:miejscRodzaj>Wieś</sln:miejscRodzaj><sln:powIIPId>b83d7094-60a3-460b-b308-f7ec80abb622</sln:powIIPId><sln:powIIPPn>PL.PZGIK.200</sln:powIIPPn><sln:powIIPWersja>2012-09-27T08:13:53+02:00</sln:powIIPWersja><sln:powIdTeryt>1410</sln:powIdTeryt><sln:powNazwa>łosicki</sln:powNazwa><sln:wojIIPId>4b6c492a-eb04-441d-a92a-f44359c06de7</sln:wojIIPId><sln:wojIIPPn>PL.PZGIK.200</sln:wojIIPPn><sln:wojIIPWersja>2012-09-27T13:45:13+02:00</sln:wojIIPWersja><sln:wojIdTeryt>14</sln:wojIdTeryt><sln:wojNazwa>mazowieckie</sln:wojNazwa></sln:miejscowosc><sln:miejscowosc><sln:cyklZyciaOd>2016-11-26T00:00:00+01:00</sln:cyklZyciaOd><sln:gmIIPId>c04accb7-b203-4ec8-aa5d-9836c813e04d</sln:gmIIPId><sln:gmIIPPn>PL.PZGIK.200</sln:gmIIPPn><sln:gmIIPWersja>2012-09-26T22:52:06+02:00</sln:gmIIPWersja><sln:gmIdTeryt>1410032</sln:gmIdTeryt><sln:gmNazwa>Olszanka</sln:gmNazwa><sln:miejscIIPId>ab125f94-a7be-4e6b-b8cb-e14eeb340445</sln:miejscIIPId><sln:miejscIIPPn>PL.PZGIK.200</sln:miejscIIPPn><sln:miejscIIPWersja>2016-11-26T14:36:21+02:00</sln:miejscIIPWersja><sln:miejscIdTeryt>0016627</sln:miejscIdTeryt><sln:miejscNazwa>Bolesty</sln:miejscNazwa><sln:miejscRodzaj>Wieś</sln:miejscRodzaj><sln:powIIPId>b83d7094-60a3-460b-b308-f7ec80abb622</sln:powIIPId><sln:powIIPPn>PL.PZGIK.200</sln:powIIPPn><sln:powIIPWersja>2012-09-27T08:13:53+02:00</sln:powIIPWersja><sln:powIdTeryt>1410</sln:powIdTeryt><sln:powNazwa>łosicki</sln:powNazwa><sln:wojIIPId>4b6c492a-eb04-441d-a92a-f44359c06de7</sln:wojIIPId><sln:wojIIPPn>PL.PZGIK.200</sln:wojIIPPn><sln:wojIIPWersja>2012-09-27T13:45:13+02:00</sln:wojIIPWersja><sln:wojIdTeryt>14</sln:wojIdTeryt><sln:wojNazwa>mazowieckie</sln:wojNazwa></sln:miejscowosc><sln:miejscowosc><sln:cyklZyciaOd>2016-11-26T00:00:00+01:00</sln:cyklZyciaOd><sln:gmIIPId>c04accb7-b203-4ec8-aa5d-9836c813e04d</sln:gmIIPId><sln:gmIIPPn>PL.PZGIK.200</sln:gmIIPPn><sln:gmIIPWersja>2012-09-26T22:52:06+02:00</sln:gmIIPWersja><sln:gmIdTeryt>1410032</sln:gmIdTeryt><sln:gmNazwa>Olszanka</sln:gmNazwa><sln:miejscIIPId>7d851dcf-5d4c-4ea5-b523-71aeb83e230f</sln:miejscIIPId><sln:miejscIIPPn>PL.PZGIK.200</sln:miejscIIPPn><sln:miejscIIPWersja>2016-11-26T14:36:21+02:00</sln:miejscIIPWersja><sln:miejscIdTeryt>0016685</sln:miejscIdTeryt><sln:miejscNazwa>Mszanna</sln:miejscNazwa><sln:miejscRodzaj>Wieś</sln:miejscRodzaj><sln:powIIPId>b83d7094-60a3-460b-b308-f7ec80abb622</sln:powIIPId><sln:powIIPPn>PL.PZGIK.200</sln:powIIPPn><sln:powIIPWersja>2012-09-27T08:13:53+02:00</sln:powIIPWersja><sln:powIdTeryt>1410</sln:powIdTeryt><sln:powNazwa>łosicki</sln:powNazwa><sln:wojIIPId>4b6c492a-eb04-441d-a92a-f44359c06de7</sln:wojIIPId><sln:wojIIPPn>PL.PZGIK.200</sln:wojIIPPn><sln:wojIIPWersja>2012-09-27T13:45:13+02:00</sln:wojIIPWersja><sln:wojIdTeryt>14</sln:wojIdTeryt><sln:wojNazwa>mazowieckie</sln:wojNazwa></sln:miejscowosc><sln:miejscowosc><sln:cyklZyciaOd>2016-11-26T00:00:00+01:00</sln:cyklZyciaOd><sln:gmIIPId>c04accb7-b203-4ec8-aa5d-9836c813e04d</sln:gmIIPId><sln:gmIIPPn>PL.PZGIK.200</sln:gmIIPPn><sln:gmIIPWersja>2012-09-26T22:52:06+02:00</sln:gmIIPWersja><sln:gmIdTeryt>1410032</sln:gmIdTeryt><sln:gmNazwa>Olszanka</sln:gmNazwa><sln:miejscIIPId>6abba613-709e-4e5d-8879-000e1149659c</sln:miejscIIPId><sln:miejscIIPPn>PL.PZGIK.200</sln:miejscIIPPn><sln:miejscIIPWersja>2016-11-26T14:36:21+02:00</sln:miejscIIPWersja><sln:miejscIdTeryt>0016691</sln:miejscIdTeryt><sln:miejscNazwa>Nowe Łepki</sln:miejscNazwa><sln:miejscRodzaj>Wieś</sln:miejscRodzaj><sln:powIIPId>b83d7094-60a3-460b-b308-f7ec80abb622</sln:powIIPId><sln:powIIPPn>PL.PZGIK.200</sln:powIIPPn><sln:powIIPWersja>2012-09-27T08:13:53+02:00</sln:powIIPWersja><sln:powIdTeryt>1410</sln:powIdTeryt><sln:powNazwa>łosicki</sln:powNazwa><sln:wojIIPId>4b6c492a-eb04-441d-a92a-f44359c06de7</sln:wojIIPId><sln:wojIIPPn>PL.PZGIK.200</sln:wojIIPPn><sln:wojIIPWersja>2012-09-27T13:45:13+02:00</sln:wojIIPWersja><sln:wojIdTeryt>14</sln:wojIdTeryt><sln:wojNazwa>mazowieckie</sln:wojNazwa></sln:miejscowosc><sln:miejscowosc><sln:cyklZyciaOd>2016-11-26T00:00:00+01:00</sln:cyklZyciaOd><sln:gmIIPId>c04accb7-b203-4ec8-aa5d-9836c813e04d</sln:gmIIPId><sln:gmIIPPn>PL.PZGIK.200</sln:gmIIPPn><sln:gmIIPWersja>2012-09-26T22:52:06+02:00</sln:gmIIPWersja><sln:gmIdTeryt>1410032</sln:gmIdTeryt><sln:gmNazwa>Olszanka</sln:gmNazwa><sln:miejscIIPId>da741163-0bdf-4b74-a341-0ed8d01e2ced</sln:miejscIIPId><sln:miejscIIPPn>PL.PZGIK.200</sln:miejscIIPPn><sln:miejscIIPWersja>2016-11-26T14:36:21+02:00</sln:miejscIIPWersja><sln:miejscIdTeryt>0016700</sln:miejscIdTeryt><sln:miejscNazwa>Olszanka</sln:miejscNazwa><sln:miejscRodzaj>Wieś</sln:miejscRodzaj><sln:powIIPId>b83d7094-60a3-460b-b308-f7ec80abb622</sln:powIIPId><sln:powIIPPn>PL.PZGIK.200</sln:powIIPPn><sln:powIIPWersja>2012-09-27T08:13:53+02:00</sln:powIIPWersja><sln:powIdTeryt>1410</sln:powIdTeryt><sln:powNazwa>łosicki</sln:powNazwa><sln:wojIIPId>4b6c492a-eb04-441d-a92a-f44359c06de7</sln:wojIIPId><sln:wojIIPPn>PL.PZGIK.200</sln:wojIIPPn><sln:wojIIPWersja>2012-09-27T13:45:13+02:00</sln:wojIIPWersja><sln:wojIdTeryt>14</sln:wojIdTeryt><sln:wojNazwa>mazowieckie</sln:wojNazwa></sln:miejscowosc></sln:lista-miejscowosci>