<?xml version="1.0" encoding="UTF-8" standalone="yes"?><sln:lista-miejscowosci xmlns:srv="http://gugik.gov.pl/schemas/slowniki-service/1.0" xmlns:sln="http://gugik.gov.pl/schemas/slowniki-schema/1.0"><sln:miejscowosc><sln:cyklZyciaOd>2015-06-30T00:00:00+02:00</sln:cyklZyciaOd><sln:gmIIPId>5a4b91e7-a0aa-4b7c-8cd0-a34c71d30127</sln:gmIIPId><sln:gmIIPPn>PL.PZGIK.200</sln:gmIIPPn><sln:gmIIPWersja>2012-09-26T22:52:53+02:00</sln:gmIIPWersja><sln:gmIdTeryt>1415112</sln:gmIdTeryt><sln:gmNazwa>Troszyn</sln:gmNazwa><sln:miejscIIPId>0303e488-68bb-4a87-aa4a-d2b017ed1ca8</sln:miejscIIPId><sln:miejscIIPPn>PL.PZGIK.200</sln:miejscIIPPn><sln:miejscIIPWersja>2016-11-24T13:35:11+02:00</sln:miejscIIPWersja><sln:miejscIdTeryt>0522394</sln:miejscIdTeryt><sln:miejscNazwa>Żmijewek Włościański</sln:miejscNazwa><sln:miejscRodzaj>Wieś</sln:miejscRodzaj><sln:powIIPId>d2f96418-0366-4f59-8793-fef1aa0ca19f</sln:powIIPId><sln:powIIPPn>PL.PZGIK.200</sln:powIIPPn><sln:powIIPWersja>2012-09-27T08:13:53+02:00</sln:powIIPWersja><sln:powIdTeryt>1415</sln:powIdTeryt><sln:powNazwa>ostrołęcki</sln:powNazwa><sln:wojIIPId>4b6c492a-eb04-441d-a92a-f44359c06de7</sln:wojIIPId><sln:wojIIPPn>PL.PZGIK.200</sln:wojIIPPn><sln:wojIIPWersja>2012-09-27T13:45:13+02:00</sln:wojIIPWersja><sln:wojIdTeryt>14</sln:wojIdTeryt><sln:wojNazwa>mazowieckie</sln:wojNazwa></sln:miejscowosc><sln:miejscowosc><sln:cyklZyciaOd>2015-06-30T00:00:00+02:00</sln:cyklZyciaOd><sln:gmIIPId>5a4b91e7-a0aa-4b7c-8cd0-a34c71d30127</sln:gmIIPId><sln:gmIIPPn>PL.PZGIK.200</sln:gmIIPPn><sln:gmIIPWersja>2012-09-26T22:52:53+02:00</sln:gmIIPWersja><sln:gmIdTeryt>1415112</sln:gmIdTeryt><sln:gmNazwa>Troszyn</sln:gmNazwa><sln:miejscIIPId>aa808356-6779-4e62-bcf0-772ca5bc7abd</sln:miejscIIPId><sln:miejscIIPPn>PL.PZGIK.200</sln:miejscIIPPn><sln:miejscIIPWersja>2016-11-24T13:35:19+02:00</sln:miejscIIPWersja><sln:miejscIdTeryt>0522402</sln:miejscIdTeryt><sln:miejscNazwa>Żyźniewo</sln:miejscNazwa><sln:miejscRodzaj>Wieś</sln:miejscRodzaj><sln:powIIPId>d2f96418-0366-4f59-8793-fef1aa0ca19f</sln:powIIPId><sln:powIIPPn>PL.PZGIK.200</sln:powIIPPn><sln:powIIPWersja>2012-09-27T08:13:53+02:00</sln:powIIPWersja><sln:powIdTeryt>1415</sln:powIdTeryt><sln:powNazwa>ostrołęcki</sln:powNazwa><sln:wojIIPId>4b6c492a-eb04-441d-a92a-f44359c06de7</sln:wojIIPId><sln:wojIIPPn>PL.PZGIK.200</sln:wojIIPPn><sln:wojIIPWersja>2012-09-27T13:45:13+02:00</sln:wojIIPWersja><sln:wojIdTeryt>14</sln:wojIdTeryt><sln:wojNazwa>mazowieckie</sln:wojNazwa></sln:miejscowosc><sln:miejscowosc><sln:cyklZyciaOd>2015-06-30T00:00:00+02:00</sln:cyklZyciaOd><sln:gmIIPId>5a4b91e7-a0aa-4b7c-8cd0-a34c71d30127</sln:gmIIPId><sln:gmIIPPn>PL.PZGIK.200</sln:gmIIPPn><sln:gmIIPWersja>2012-09-26T22:52:53+02:00</sln:gmIIPWersja><sln:gmIdTeryt>1415112</sln:gmIdTeryt><sln:gmNazwa>Troszyn</sln:gmNazwa><sln:miejscIIPId>a30305f8-0b31-401f-b87a-1077d9a77b62</sln:miejscIIPId><sln:miejscIIPPn>PL.PZGIK.200</sln:miejscIIPPn><sln:miejscIIPWersja>2016-11-24T13:40:48+02:00</sln:miejscIIPWersja><sln:miejscIdTeryt>0522112</sln:miejscIdTeryt><sln:miejscNazwa>Kurpie Dworskie</sln:miejscNazwa><sln:miejscRodzaj>Wieś</sln:miejscRodzaj><sln:powIIPId>d2f96418-0366-4f59-8793-fef1aa0ca19f</sln:powIIPId><sln:powIIPPn>PL.PZGIK.200</sln:powIIPPn><sln:powIIPWersja>2012-09-27T08:13:53+02:00</sln:powIIPWersja><sln:powIdTeryt>1415</sln:powIdTeryt><sln:powNazwa>ostrołęcki</sln:powNazwa><sln:wojIIPId>4b6c492a-eb04-441d-a92a-f44359c06de7</sln:wojIIPId><sln:wojIIPPn>PL.PZGIK.200</sln:wojIIPPn><sln:wojIIPWersja>2012-09-27T13:45:13+02:00</sln:wojIIPWersja><sln:wojIdTeryt>14</sln:wojIdTeryt><sln:wojNazwa>mazowieckie</sln:wojNazwa></sln:miejscowosc><sln:miejscowosc><sln:cyklZyciaOd>2015-06-30T00:00:00+02:00</sln:cyklZyciaOd><sln:gmIIPId>5a4b91e7-a0aa-4b7c-8cd0-a34c71d30127</sln:gmIIPId><sln:gmIIPPn>PL.PZGIK.200</sln:gmIIPPn><sln:gmIIPWersja>2012-09-26T22:52:53+02:00</sln:gmIIPWersja><sln:gmIdTeryt>1415112</sln:gmIdTeryt><sln:gmNazwa>Troszyn</sln:gmNazwa><sln:miejscIIPId>4f9652aa-0a70-43bf-b4f7-f42946a778ae</sln:miejscIIPId><sln:miejscIIPPn>PL.PZGIK.200</sln:miejscIIPPn><sln:miejscIIPWersja>2016-11-24T13:30:32+02:00</sln:miejscIIPWersja><sln:miejscIdTeryt>0522299</sln:miejscIdTeryt><sln:miejscNazwa>Siemiątkowo</sln:miejscNazwa><sln:miejscRodzaj>Wieś</sln:miejscRodzaj><sln:powIIPId>d2f96418-0366-4f59-8793-fef1aa0ca19f</sln:powIIPId><sln:powIIPPn>PL.PZGIK.200</sln:powIIPPn><sln:powIIPWersja>2012-09-27T08:13:53+02:00</sln:powIIPWersja><sln:powIdTeryt>1415</sln:powIdTeryt><sln:powNazwa>ostrołęcki</sln:powNazwa><sln:wojIIPId>4b6c492a-eb04-441d-a92a-f44359c06de7</sln:wojIIPId><sln:wojIIPPn>PL.PZGIK.200</sln:wojIIPPn><sln:wojIIPWersja>2012-09-27T13:45:13+02:00</sln:wojIIPWersja><sln:wojIdTeryt>14</sln:wojIdTeryt><sln:wojNazwa>mazowieckie</sln:wojNazwa></sln:miejscowosc><sln:miejscowosc><sln:cyklZyciaOd>2015-06-30T00:00:00+02:00</sln:cyklZyciaOd><sln:gmIIPId>5a4b91e7-a0aa-4b7c-8cd0-a34c71d30127</sln:gmIIPId><sln:gmIIPPn>PL.PZGIK.200</sln:gmIIPPn><sln:gmIIPWersja>2012-09-26T22:52:53+02:00</sln:gmIIPWersja><sln:gmIdTeryt>1415112</sln:gmIdTeryt><sln:gmNazwa>Troszyn</sln:gmNazwa><sln:miejscIIPId>19fc4fc7-2219-404c-8608-c33fcaf5de25</sln:miejscIIPId><sln:miejscIIPPn>PL.PZGIK.200</sln:miejscIIPPn><sln:miejscIIPWersja>2016-11-24T13:38:30+02:00</sln:miejscIIPWersja><sln:miejscIdTeryt>0522081</sln:miejscIdTeryt><sln:miejscNazwa>Janochy</sln:miejscNazwa><sln:miejscRodzaj>Wieś</sln:miejscRodzaj><sln:powIIPId>d2f96418-0366-4f59-8793-fef1aa0ca19f</sln:powIIPId><sln:powIIPPn>PL.PZGIK.200</sln:powIIPPn><sln:powIIPWersja>2012-09-27T08:13:53+02:00</sln:powIIPWersja><sln:powIdTeryt>1415</sln:powIdTeryt><sln:powNazwa>ostrołęcki</sln:powNazwa><sln:wojIIPId>4b6c492a-eb04-441d-a92a-f44359c06de7</sln:wojIIPId><sln:wojIIPPn>PL.PZGIK.200</sln:wojIIPPn><sln:wojIIPWersja>2012-09-27T13:45:13+02:00</sln:wojIIPWersja><sln:wojIdTeryt>14</sln:wojIdTeryt><sln:wojNazwa>mazowieckie</sln:wojNazwa></sln:miejscowosc><sln:miejscowosc><sln:cyklZyciaOd>2015-06-30T00:00:00+02:00</sln:cyklZyciaOd><sln:gmIIPId>5a4b91e7-a0aa-4b7c-8cd0-a34c71d30127</sln:gmIIPId><sln:gmIIPPn>PL.PZGIK.200</sln:gmIIPPn><sln:gmIIPWersja>2012-09-26T22:52:53+02:00</sln:gmIIPWersja><sln:gmIdTeryt>1415112</sln:gmIdTeryt><sln:gmNazwa>Troszyn</sln:gmNazwa><sln:miejscIIPId>8028bb24-fd67-4b27-a930-94cb41650207</sln:miejscIIPId><sln:miejscIIPPn>PL.PZGIK.200</sln:miejscIIPPn><sln:miejscIIPWersja>2016-11-24T13:29:22+02:00</sln:miejscIIPWersja><sln:miejscIdTeryt>0522230</sln:miejscIdTeryt><sln:miejscNazwa>Puchały</sln:miejscNazwa><sln:miejscRodzaj>Wieś</sln:miejscRodzaj><sln:powIIPId>d2f96418-0366-4f59-8793-fef1aa0ca19f</sln:powIIPId><sln:powIIPPn>PL.PZGIK.200</sln:powIIPPn><sln:powIIPWersja>2012-09-27T08:13:53+02:00</sln:powIIPWersja><sln:powIdTeryt>1415</sln:powIdTeryt><sln:powNazwa>ostrołęcki</sln:powNazwa><sln:wojIIPId>4b6c492a-eb04-441d-a92a-f44359c06de7</sln:wojIIPId><sln:wojIIPPn>PL.PZGIK.200</sln:wojIIPPn><sln:wojIIPWersja>2012-09-27T13:45:13+02:00</sln:wojIIPWersja><sln:wojIdTeryt>14</sln:wojIdTeryt><sln:wojNazwa>mazowieckie</sln:wojNazwa></sln:miejscowosc><sln:miejscowosc><sln:cyklZyciaOd>2015-06-30T00:00:00+02:00</sln:cyklZyciaOd><sln:gmIIPId>5a4b91e7-a0aa-4b7c-8cd0-a34c71d30127</sln:gmIIPId><sln:gmIIPPn>PL.PZGIK.200</sln:gmIIPPn><sln:gmIIPWersja>2012-09-26T22:52:53+02:00</sln:gmIIPWersja><sln:gmIdTeryt>1415112</sln:gmIdTeryt><sln:gmNazwa>Troszyn</sln:gmNazwa><sln:miejscIIPId>1428206e-5b5f-4e65-a04c-6fcda7ad9c5b</sln:miejscIIPId><sln:miejscIIPPn>PL.PZGIK.200</sln:miejscIIPPn><sln:miejscIIPWersja>2016-11-24T13:42:10+02:00</sln:miejscIIPWersja><sln:miejscIdTeryt>0522164</sln:miejscIdTeryt><sln:miejscNazwa>Mieczki-Poziemaki</sln:miejscNazwa><sln:miejscRodzaj>Wieś</sln:miejscRodzaj><sln:powIIPId>d2f96418-0366-4f59-8793-fef1aa0ca19f</sln:powIIPId><sln:powIIPPn>PL.PZGIK.200</sln:powIIPPn><sln:powIIPWersja>2012-09-27T08:13:53+02:00</sln:powIIPWersja><sln:powIdTeryt>1415</sln:powIdTeryt><sln:powNazwa>ostrołęcki</sln:powNazwa><sln:wojIIPId>4b6c492a-eb04-441d-a92a-f44359c06de7</sln:wojIIPId><sln:wojIIPPn>PL.PZGIK.200</sln:wojIIPPn><sln:wojIIPWersja>2012-09-27T13:45:13+02:00</sln:wojIIPWersja><sln:wojIdTeryt>14</sln:wojIdTeryt><sln:wojNazwa>mazowieckie</sln:wojNazwa></sln:miejscowosc><sln:miejscowosc><sln:cyklZyciaOd>2015-06-30T00:00:00+02:00</sln:cyklZyciaOd><sln:gmIIPId>5a4b91e7-a0aa-4b7c-8cd0-a34c71d30127</sln:gmIIPId><sln:gmIIPPn>PL.PZGIK.200</sln:gmIIPPn><sln:gmIIPWersja>2012-09-26T22:52:53+02:00</sln:gmIIPWersja><sln:gmIdTeryt>1415112</sln:gmIdTeryt><sln:gmNazwa>Troszyn</sln:gmNazwa><sln:miejscIIPId>a587a535-5bd0-4e5f-b627-02f58867278e</sln:miejscIIPId><sln:miejscIIPPn>PL.PZGIK.200</sln:miejscIIPPn><sln:miejscIIPWersja>2016-11-24T13:39:26+02:00</sln:miejscIIPWersja><sln:miejscIdTeryt>0522106</sln:miejscIdTeryt><sln:miejscNazwa>Kleczkowo</sln:miejscNazwa><sln:miejscRodzaj>Wieś</sln:miejscRodzaj><sln:powIIPId>d2f96418-0366-4f59-8793-fef1aa0ca19f</sln:powIIPId><sln:powIIPPn>PL.PZGIK.200</sln:powIIPPn><sln:powIIPWersja>2012-09-27T08:13:53+02:00</sln:powIIPWersja><sln:powIdTeryt>1415</sln:powIdTeryt><sln:powNazwa>ostrołęcki</sln:powNazwa><sln:wojIIPId>4b6c492a-eb04-441d-a92a-f44359c06de7</sln:wojIIPId><sln:wojIIPPn>PL.PZGIK.200</sln:wojIIPPn><sln:wojIIPWersja>2012-09-27T13:45:13+02:00</sln:wojIIPWersja><sln:wojIdTeryt>14</sln:wojIdTeryt><sln:wojNazwa>mazowieckie</sln:wojNazwa></sln:miejscowosc><sln:miejscowosc><sln:cyklZyciaOd>2015-06-30T00:00:00+02:00</sln:cyklZyciaOd><sln:gmIIPId>5a4b91e7-a0aa-4b7c-8cd0-a34c71d30127</sln:gmIIPId><sln:gmIIPPn>PL.PZGIK.200</sln:gmIIPPn><sln:gmIIPWersja>2012-09-26T22:52:53+02:00</sln:gmIIPWersja><sln:gmIdTeryt>1415112</sln:gmIdTeryt><sln:gmNazwa>Troszyn</sln:gmNazwa><sln:miejscIIPId>64caed4b-aa71-4b75-8d67-c725d7e1fe0e</sln:miejscIIPId><sln:miejscIIPPn>PL.PZGIK.200</sln:miejscIIPPn><sln:miejscIIPWersja>2016-11-24T13:43:20+02:00</sln:miejscIIPWersja><sln:miejscIdTeryt>0522000</sln:miejscIdTeryt><sln:miejscNazwa>Borowce</sln:miejscNazwa><sln:miejscRodzaj>Wieś</sln:miejscRodzaj><sln:powIIPId>d2f96418-0366-4f59-8793-fef1aa0ca19f</sln:powIIPId><sln:powIIPPn>PL.PZGIK.200</sln:powIIPPn><sln:powIIPWersja>2012-09-27T08:13:53+02:00</sln:powIIPWersja><sln:powIdTeryt>1415</sln:powIdTeryt><sln:powNazwa>ostrołęcki</sln:powNazwa><sln:wojIIPId>4b6c492a-eb04-441d-a92a-f44359c06de7</sln:wojIIPId><sln:wojIIPPn>PL.PZGIK.200</sln:wojIIPPn><sln:wojIIPWersja>2012-09-27T13:45:13+02:00</sln:wojIIPWersja><sln:wojIdTeryt>14</sln:wojIdTeryt><sln:wojNazwa>mazowieckie</sln:wojNazwa></sln:miejscowosc><sln:miejscowosc><sln:cyklZyciaOd>2015-06-30T00:00:00+02:00</sln:cyklZyciaOd><sln:gmIIPId>5a4b91e7-a0aa-4b7c-8cd0-a34c71d30127</sln:gmIIPId><sln:gmIIPPn>PL.PZGIK.200</sln:gmIIPPn><sln:gmIIPWersja>2012-09-26T22:52:53+02:00</sln:gmIIPWersja><sln:gmIdTeryt>1415112</sln:gmIdTeryt><sln:gmNazwa>Troszyn</sln:gmNazwa><sln:miejscIIPId>2cd561ff-0208-4e30-a1c4-1e634b16d2b6</sln:miejscIIPId><sln:miejscIIPPn>PL.PZGIK.200</sln:miejscIIPPn><sln:miejscIIPWersja>2016-11-24T13:34:38+02:00</sln:miejscIIPWersja><sln:miejscIdTeryt>0522365</sln:miejscIdTeryt><sln:miejscNazwa>Zawady</sln:miejscNazwa><sln:miejscRodzaj>Wieś</sln:miejscRodzaj><sln:powIIPId>d2f96418-0366-4f59-8793-fef1aa0ca19f</sln:powIIPId><sln:powIIPPn>PL.PZGIK.200</sln:powIIPPn><sln:powIIPWersja>2012-09-27T08:13:53+02:00</sln:powIIPWersja><sln:powIdTeryt>1415</sln:powIdTeryt><sln:powNazwa>ostrołęcki</sln:powNazwa><sln:wojIIPId>4b6c492a-eb04-441d-a92a-f44359c06de7</sln:wojIIPId><sln:wojIIPPn>PL.PZGIK.200</sln:wojIIPPn><sln:wojIIPWersja>2012-09-27T13:45:13+02:00</sln:wojIIPWersja><sln:wojIdTeryt>14</sln:wojIdTeryt><sln:wojNazwa>mazowieckie</sln:wojNazwa></sln:miejscowosc><sln:miejscowosc><sln:cyklZyciaOd>2015-06-30T00:00:00+02:00</sln:cyklZyciaOd><sln:gmIIPId>5a4b91e7-a0aa-4b7c-8cd0-a34c71d30127</sln:gmIIPId><sln:gmIIPPn>PL.PZGIK.200</sln:gmIIPPn><sln:gmIIPWersja>2012-09-26T22:52:53+02:00</sln:gmIIPWersja><sln:gmIdTeryt>1415112</sln:gmIdTeryt><sln:gmNazwa>Troszyn</sln:gmNazwa><sln:miejscIIPId>fc9e4992-68f3-423d-9c63-e712c23d4a07</sln:miejscIIPId><sln:miejscIIPPn>PL.PZGIK.200</sln:miejscIIPPn><sln:miejscIIPWersja>2016-11-24T13:32:27+02:00</sln:miejscIIPWersja><sln:miejscIdTeryt>0522320</sln:miejscIdTeryt><sln:miejscNazwa>Trzaski</sln:miejscNazwa><sln:miejscRodzaj>Wieś</sln:miejscRodzaj><sln:powIIPId>d2f96418-0366-4f59-8793-fef1aa0ca19f</sln:powIIPId><sln:powIIPPn>PL.PZGIK.200</sln:powIIPPn><sln:powIIPWersja>2012-09-27T08:13:53+02:00</sln:powIIPWersja><sln:powIdTeryt>1415</sln:powIdTeryt><sln:powNazwa>ostrołęcki</sln:powNazwa><sln:wojIIPId>4b6c492a-eb04-441d-a92a-f44359c06de7</sln:wojIIPId><sln:wojIIPPn>PL.PZGIK.200</sln:wojIIPPn><sln:wojIIPWersja>2012-09-27T13:45:13+02:00</sln:wojIIPWersja><sln:wojIdTeryt>14</sln:wojIdTeryt><sln:wojNazwa>mazowieckie</sln:wojNazwa></sln:miejscowosc><sln:miejscowosc><sln:cyklZyciaOd>2015-06-30T00:00:00+02:00</sln:cyklZyciaOd><sln:gmIIPId>5a4b91e7-a0aa-4b7c-8cd0-a34c71d30127</sln:gmIIPId><sln:gmIIPPn>PL.PZGIK.200</sln:gmIIPPn><sln:gmIIPWersja>2012-09-26T22:52:53+02:00</sln:gmIIPWersja><sln:gmIdTeryt>1415112</sln:gmIdTeryt><sln:gmNazwa>Troszyn</sln:gmNazwa><sln:miejscIIPId>6f3c8128-5161-4a31-a9e7-4b4c4c418ae8</sln:miejscIIPId><sln:miejscIIPPn>PL.PZGIK.200</sln:miejscIIPPn><sln:miejscIIPWersja>2016-11-24T13:40:49+02:00</sln:miejscIIPWersja><sln:miejscIdTeryt>0522129</sln:miejscIdTeryt><sln:miejscNazwa>Kurpie Szlacheckie</sln:miejscNazwa><sln:miejscRodzaj>Wieś</sln:miejscRodzaj><sln:powIIPId>d2f96418-0366-4f59-8793-fef1aa0ca19f</sln:powIIPId><sln:powIIPPn>PL.PZGIK.200</sln:powIIPPn><sln:powIIPWersja>2012-09-27T08:13:53+02:00</sln:powIIPWersja><sln:powIdTeryt>1415</sln:powIdTeryt><sln:powNazwa>ostrołęcki</sln:powNazwa><sln:wojIIPId>4b6c492a-eb04-441d-a92a-f44359c06de7</sln:wojIIPId><sln:wojIIPPn>PL.PZGIK.200</sln:wojIIPPn><sln:wojIIPWersja>2012-09-27T13:45:13+02:00</sln:wojIIPWersja><sln:wojIdTeryt>14</sln:wojIdTeryt><sln:wojNazwa>mazowieckie</sln:wojNazwa></sln:miejscowosc><sln:miejscowosc><sln:cyklZyciaOd>2015-06-30T00:00:00+02:00</sln:cyklZyciaOd><sln:gmIIPId>5a4b91e7-a0aa-4b7c-8cd0-a34c71d30127</sln:gmIIPId><sln:gmIIPPn>PL.PZGIK.200</sln:gmIIPPn><sln:gmIIPWersja>2012-09-26T22:52:53+02:00</sln:gmIIPWersja><sln:gmIdTeryt>1415112</sln:gmIdTeryt><sln:gmNazwa>Troszyn</sln:gmNazwa><sln:miejscIIPId>05c12e21-394f-4d20-b0da-4386d6ab8fc7</sln:miejscIIPId><sln:miejscIIPPn>PL.PZGIK.200</sln:miejscIIPPn><sln:miejscIIPWersja>2016-11-24T13:35:10+02:00</sln:miejscIIPWersja><sln:miejscIdTeryt>0522388</sln:miejscIdTeryt><sln:miejscNazwa>Żmijewek-Mans</sln:miejscNazwa><sln:miejscRodzaj>Wieś</sln:miejscRodzaj><sln:powIIPId>d2f96418-0366-4f59-8793-fef1aa0ca19f</sln:powIIPId><sln:powIIPPn>PL.PZGIK.200</sln:powIIPPn><sln:powIIPWersja>2012-09-27T08:13:53+02:00</sln:powIIPWersja><sln:powIdTeryt>1415</sln:powIdTeryt><sln:powNazwa>ostrołęcki</sln:powNazwa><sln:wojIIPId>4b6c492a-eb04-441d-a92a-f44359c06de7</sln:wojIIPId><sln:wojIIPPn>PL.PZGIK.200</sln:wojIIPPn><sln:wojIIPWersja>2012-09-27T13:45:13+02:00</sln:wojIIPWersja><sln:wojIdTeryt>14</sln:wojIdTeryt><sln:wojNazwa>mazowieckie</sln:wojNazwa></sln:miejscowosc><sln:miejscowosc><sln:cyklZyciaOd>2015-06-30T00:00:00+02:00</sln:cyklZyciaOd><sln:gmIIPId>5a4b91e7-a0aa-4b7c-8cd0-a34c71d30127</sln:gmIIPId><sln:gmIIPPn>PL.PZGIK.200</sln:gmIIPPn><sln:gmIIPWersja>2012-09-26T22:52:53+02:00</sln:gmIIPWersja><sln:gmIdTeryt>1415112</sln:gmIdTeryt><sln:gmNazwa>Troszyn</sln:gmNazwa><sln:miejscIIPId>1922daec-e26d-48f1-bce0-dd9ef5f93776</sln:miejscIIPId><sln:miejscIIPPn>PL.PZGIK.200</sln:miejscIIPPn><sln:miejscIIPWersja>2016-11-24T13:30:42+02:00</sln:miejscIIPWersja><sln:miejscIdTeryt>0522017</sln:miejscIdTeryt><sln:miejscNazwa>Budne</sln:miejscNazwa><sln:miejscRodzaj>Wieś</sln:miejscRodzaj><sln:powIIPId>d2f96418-0366-4f59-8793-fef1aa0ca19f</sln:powIIPId><sln:powIIPPn>PL.PZGIK.200</sln:powIIPPn><sln:powIIPWersja>2012-09-27T08:13:53+02:00</sln:powIIPWersja><sln:powIdTeryt>1415</sln:powIdTeryt><sln:powNazwa>ostrołęcki</sln:powNazwa><sln:wojIIPId>4b6c492a-eb04-441d-a92a-f44359c06de7</sln:wojIIPId><sln:wojIIPPn>PL.PZGIK.200</sln:wojIIPPn><sln:wojIIPWersja>2012-09-27T13:45:13+02:00</sln:wojIIPWersja><sln:wojIdTeryt>14</sln:wojIdTeryt><sln:wojNazwa>mazowieckie</sln:wojNazwa></sln:miejscowosc><sln:miejscowosc><sln:cyklZyciaOd>2015-06-30T00:00:00+02:00</sln:cyklZyciaOd><sln:gmIIPId>5a4b91e7-a0aa-4b7c-8cd0-a34c71d30127</sln:gmIIPId><sln:gmIIPPn>PL.PZGIK.200</sln:gmIIPPn><sln:gmIIPWersja>2012-09-26T22:52:53+02:00</sln:gmIIPWersja><sln:gmIdTeryt>1415112</sln:gmIdTeryt><sln:gmNazwa>Troszyn</sln:gmNazwa><sln:miejscIIPId>66bf1910-3cdf-44f3-a929-944052160f6d</sln:miejscIIPId><sln:miejscIIPPn>PL.PZGIK.200</sln:miejscIIPPn><sln:miejscIIPWersja>2016-11-24T13:34:29+02:00</sln:miejscIIPWersja><sln:miejscIdTeryt>0522359</sln:miejscIdTeryt><sln:miejscNazwa>Zapieczne</sln:miejscNazwa><sln:miejscRodzaj>Wieś</sln:miejscRodzaj><sln:powIIPId>d2f96418-0366-4f59-8793-fef1aa0ca19f</sln:powIIPId><sln:powIIPPn>PL.PZGIK.200</sln:powIIPPn><sln:powIIPWersja>2012-09-27T08:13:53+02:00</sln:powIIPWersja><sln:powIdTeryt>1415</sln:powIdTeryt><sln:powNazwa>ostrołęcki</sln:powNazwa><sln:wojIIPId>4b6c492a-eb04-441d-a92a-f44359c06de7</sln:wojIIPId><sln:wojIIPPn>PL.PZGIK.200</sln:wojIIPPn><sln:wojIIPWersja>2012-09-27T13:45:13+02:00</sln:wojIIPWersja><sln:wojIdTeryt>14</sln:wojIdTeryt><sln:wojNazwa>mazowieckie</sln:wojNazwa></sln:miejscowosc><sln:miejscowosc><sln:cyklZyciaOd>2015-06-30T00:00:00+02:00</sln:cyklZyciaOd><sln:gmIIPId>5a4b91e7-a0aa-4b7c-8cd0-a34c71d30127</sln:gmIIPId><sln:gmIIPPn>PL.PZGIK.200</sln:gmIIPPn><sln:gmIIPWersja>2012-09-26T22:52:53+02:00</sln:gmIIPWersja><sln:gmIdTeryt>1415112</sln:gmIdTeryt><sln:gmNazwa>Troszyn</sln:gmNazwa><sln:miejscIIPId>589eb42a-0716-4cd8-ae78-aae318ca4464</sln:miejscIIPId><sln:miejscIIPPn>PL.PZGIK.200</sln:miejscIIPPn><sln:miejscIIPWersja>2016-11-24T13:34:55+02:00</sln:miejscIIPWersja><sln:miejscIdTeryt>0522023</sln:miejscIdTeryt><sln:miejscNazwa>Choromany</sln:miejscNazwa><sln:miejscRodzaj>Wieś</sln:miejscRodzaj><sln:powIIPId>d2f96418-0366-4f59-8793-fef1aa0ca19f</sln:powIIPId><sln:powIIPPn>PL.PZGIK.200</sln:powIIPPn><sln:powIIPWersja>2012-09-27T08:13:53+02:00</sln:powIIPWersja><sln:powIdTeryt>1415</sln:powIdTeryt><sln:powNazwa>ostrołęcki</sln:powNazwa><sln:wojIIPId>4b6c492a-eb04-441d-a92a-f44359c06de7</sln:wojIIPId><sln:wojIIPPn>PL.PZGIK.200</sln:wojIIPPn><sln:wojIIPWersja>2012-09-27T13:45:13+02:00</sln:wojIIPWersja><sln:wojIdTeryt>14</sln:wojIdTeryt><sln:wojNazwa>mazowieckie</sln:wojNazwa></sln:miejscowosc><sln:miejscowosc><sln:cyklZyciaOd>2015-06-30T00:00:00+02:00</sln:cyklZyciaOd><sln:gmIIPId>5a4b91e7-a0aa-4b7c-8cd0-a34c71d30127</sln:gmIIPId><sln:gmIIPPn>PL.PZGIK.200</sln:gmIIPPn><sln:gmIIPWersja>2012-09-26T22:52:53+02:00</sln:gmIIPWersja><sln:gmIdTeryt>1415112</sln:gmIdTeryt><sln:gmNazwa>Troszyn</sln:gmNazwa><sln:miejscIIPId>ac3f2360-0b64-4802-86bd-e52dc0702e94</sln:miejscIIPId><sln:miejscIIPPn>PL.PZGIK.200</sln:miejscIIPPn><sln:miejscIIPWersja>2016-11-24T13:38:01+02:00</sln:miejscIIPWersja><sln:miejscIdTeryt>0522075</sln:miejscIdTeryt><sln:miejscNazwa>Grucele</sln:miejscNazwa><sln:miejscRodzaj>Wieś</sln:miejscRodzaj><sln:powIIPId>d2f96418-0366-4f59-8793-fef1aa0ca19f</sln:powIIPId><sln:powIIPPn>PL.PZGIK.200</sln:powIIPPn><sln:powIIPWersja>2012-09-27T08:13:53+02:00</sln:powIIPWersja><sln:powIdTeryt>1415</sln:powIdTeryt><sln:powNazwa>ostrołęcki</sln:powNazwa><sln:wojIIPId>4b6c492a-eb04-441d-a92a-f44359c06de7</sln:wojIIPId><sln:wojIIPPn>PL.PZGIK.200</sln:wojIIPPn><sln:wojIIPWersja>2012-09-27T13:45:13+02:00</sln:wojIIPWersja><sln:wojIdTeryt>14</sln:wojIdTeryt><sln:wojNazwa>mazowieckie</sln:wojNazwa></sln:miejscowosc><sln:miejscowosc><sln:cyklZyciaOd>2015-06-30T00:00:00+02:00</sln:cyklZyciaOd><sln:gmIIPId>5a4b91e7-a0aa-4b7c-8cd0-a34c71d30127</sln:gmIIPId><sln:gmIIPPn>PL.PZGIK.200</sln:gmIIPPn><sln:gmIIPWersja>2012-09-26T22:52:53+02:00</sln:gmIIPWersja><sln:gmIdTeryt>1415112</sln:gmIdTeryt><sln:gmNazwa>Troszyn</sln:gmNazwa><sln:miejscIIPId>0c8a548a-1f97-455d-8598-9d762061b70c</sln:miejscIIPId><sln:miejscIIPPn>PL.PZGIK.200</sln:miejscIIPPn><sln:miejscIIPWersja>2016-11-24T13:34:28+02:00</sln:miejscIIPWersja><sln:miejscIdTeryt>0522342</sln:miejscIdTeryt><sln:miejscNazwa>Zamość</sln:miejscNazwa><sln:miejscRodzaj>Wieś</sln:miejscRodzaj><sln:powIIPId>d2f96418-0366-4f59-8793-fef1aa0ca19f</sln:powIIPId><sln:powIIPPn>PL.PZGIK.200</sln:powIIPPn><sln:powIIPWersja>2012-09-27T08:13:53+02:00</sln:powIIPWersja><sln:powIdTeryt>1415</sln:powIdTeryt><sln:powNazwa>ostrołęcki</sln:powNazwa><sln:wojIIPId>4b6c492a-eb04-441d-a92a-f44359c06de7</sln:wojIIPId><sln:wojIIPPn>PL.PZGIK.200</sln:wojIIPPn><sln:wojIIPWersja>2012-09-27T13:45:13+02:00</sln:wojIIPWersja><sln:wojIdTeryt>14</sln:wojIdTeryt><sln:wojNazwa>mazowieckie</sln:wojNazwa></sln:miejscowosc><sln:miejscowosc><sln:cyklZyciaOd>2015-06-30T00:00:00+02:00</sln:cyklZyciaOd><sln:gmIIPId>5a4b91e7-a0aa-4b7c-8cd0-a34c71d30127</sln:gmIIPId><sln:gmIIPPn>PL.PZGIK.200</sln:gmIIPPn><sln:gmIIPWersja>2012-09-26T22:52:53+02:00</sln:gmIIPWersja><sln:gmIdTeryt>1415112</sln:gmIdTeryt><sln:gmNazwa>Troszyn</sln:gmNazwa><sln:miejscIIPId>765fec91-6527-41b3-89cd-019068c427c1</sln:miejscIIPId><sln:miejscIIPPn>PL.PZGIK.200</sln:miejscIIPPn><sln:miejscIIPWersja>2016-11-24T13:36:00+02:00</sln:miejscIIPWersja><sln:miejscIdTeryt>0522052</sln:miejscIdTeryt><sln:miejscNazwa>Dąbek</sln:miejscNazwa><sln:miejscRodzaj>Wieś</sln:miejscRodzaj><sln:powIIPId>d2f96418-0366-4f59-8793-fef1aa0ca19f</sln:powIIPId><sln:powIIPPn>PL.PZGIK.200</sln:powIIPPn><sln:powIIPWersja>2012-09-27T08:13:53+02:00</sln:powIIPWersja><sln:powIdTeryt>1415</sln:powIdTeryt><sln:powNazwa>ostrołęcki</sln:powNazwa><sln:wojIIPId>4b6c492a-eb04-441d-a92a-f44359c06de7</sln:wojIIPId><sln:wojIIPPn>PL.PZGIK.200</sln:wojIIPPn><sln:wojIIPWersja>2012-09-27T13:45:13+02:00</sln:wojIIPWersja><sln:wojIdTeryt>14</sln:wojIdTeryt><sln:wojNazwa>mazowieckie</sln:wojNazwa></sln:miejscowosc><sln:miejscowosc><sln:cyklZyciaOd>2015-06-30T00:00:00+02:00</sln:cyklZyciaOd><sln:gmIIPId>5a4b91e7-a0aa-4b7c-8cd0-a34c71d30127</sln:gmIIPId><sln:gmIIPPn>PL.PZGIK.200</sln:gmIIPPn><sln:gmIIPWersja>2012-09-26T22:52:53+02:00</sln:gmIIPWersja><sln:gmIdTeryt>1415112</sln:gmIdTeryt><sln:gmNazwa>Troszyn</sln:gmNazwa><sln:miejscIIPId>492ae3e0-abc0-4329-8d81-1888a47dc2b7</sln:miejscIIPId><sln:miejscIIPPn>PL.PZGIK.200</sln:miejscIIPPn><sln:miejscIIPWersja>2016-11-24T13:43:56+02:00</sln:miejscIIPWersja><sln:miejscIdTeryt>0522224</sln:miejscIdTeryt><sln:miejscNazwa>Opęchowo</sln:miejscNazwa><sln:miejscRodzaj>Wieś</sln:miejscRodzaj><sln:powIIPId>d2f96418-0366-4f59-8793-fef1aa0ca19f</sln:powIIPId><sln:powIIPPn>PL.PZGIK.200</sln:powIIPPn><sln:powIIPWersja>2012-09-27T08:13:53+02:00</sln:powIIPWersja><sln:powIdTeryt>1415</sln:powIdTeryt><sln:powNazwa>ostrołęcki</sln:powNazwa><sln:wojIIPId>4b6c492a-eb04-441d-a92a-f44359c06de7</sln:wojIIPId><sln:wojIIPPn>PL.PZGIK.200</sln:wojIIPPn><sln:wojIIPWersja>2012-09-27T13:45:13+02:00</sln:wojIIPWersja><sln:wojIdTeryt>14</sln:wojIdTeryt><sln:wojNazwa>mazowieckie</sln:wojNazwa></sln:miejscowosc><sln:miejscowosc><sln:cyklZyciaOd>2015-06-30T00:00:00+02:00</sln:cyklZyciaOd><sln:gmIIPId>5a4b91e7-a0aa-4b7c-8cd0-a34c71d30127</sln:gmIIPId><sln:gmIIPPn>PL.PZGIK.200</sln:gmIIPPn><sln:gmIIPWersja>2012-09-26T22:52:53+02:00</sln:gmIIPWersja><sln:gmIdTeryt>1415112</sln:gmIdTeryt><sln:gmNazwa>Troszyn</sln:gmNazwa><sln:miejscIIPId>65935fdf-41d8-4a15-974e-a6b47e4acfd1</sln:miejscIIPId><sln:miejscIIPPn>PL.PZGIK.200</sln:miejscIIPPn><sln:miejscIIPWersja>2016-11-24T13:29:26+02:00</sln:miejscIIPWersja><sln:miejscIdTeryt>0522247</sln:miejscIdTeryt><sln:miejscNazwa>Rabędy</sln:miejscNazwa><sln:miejscRodzaj>Wieś</sln:miejscRodzaj><sln:powIIPId>d2f96418-0366-4f59-8793-fef1aa0ca19f</sln:powIIPId><sln:powIIPPn>PL.PZGIK.200</sln:powIIPPn><sln:powIIPWersja>2012-09-27T08:13:53+02:00</sln:powIIPWersja><sln:powIdTeryt>1415</sln:powIdTeryt><sln:powNazwa>ostrołęcki</sln:powNazwa><sln:wojIIPId>4b6c492a-eb04-441d-a92a-f44359c06de7</sln:wojIIPId><sln:wojIIPPn>PL.PZGIK.200</sln:wojIIPPn><sln:wojIIPWersja>2012-09-27T13:45:13+02:00</sln:wojIIPWersja><sln:wojIdTeryt>14</sln:wojIdTeryt><sln:wojNazwa>mazowieckie</sln:wojNazwa></sln:miejscowosc><sln:miejscowosc><sln:cyklZyciaOd>2015-06-30T00:00:00+02:00</sln:cyklZyciaOd><sln:gmIIPId>5a4b91e7-a0aa-4b7c-8cd0-a34c71d30127</sln:gmIIPId><sln:gmIIPPn>PL.PZGIK.200</sln:gmIIPPn><sln:gmIIPWersja>2012-09-26T22:52:53+02:00</sln:gmIIPWersja><sln:gmIdTeryt>1415112</sln:gmIdTeryt><sln:gmNazwa>Troszyn</sln:gmNazwa><sln:miejscIIPId>4cbbe1e6-6e6b-475e-817d-cf839839be1b</sln:miejscIIPId><sln:miejscIIPPn>PL.PZGIK.200</sln:miejscIIPPn><sln:miejscIIPWersja>2016-11-24T13:35:25+02:00</sln:miejscIIPWersja><sln:miejscIdTeryt>0522046</sln:miejscIdTeryt><sln:miejscNazwa>Chrzczony</sln:miejscNazwa><sln:miejscRodzaj>Wieś</sln:miejscRodzaj><sln:powIIPId>d2f96418-0366-4f59-8793-fef1aa0ca19f</sln:powIIPId><sln:powIIPPn>PL.PZGIK.200</sln:powIIPPn><sln:powIIPWersja>2012-09-27T08:13:53+02:00</sln:powIIPWersja><sln:powIdTeryt>1415</sln:powIdTeryt><sln:powNazwa>ostrołęcki</sln:powNazwa><sln:wojIIPId>4b6c492a-eb04-441d-a92a-f44359c06de7</sln:wojIIPId><sln:wojIIPPn>PL.PZGIK.200</sln:wojIIPPn><sln:wojIIPWersja>2012-09-27T13:45:13+02:00</sln:wojIIPWersja><sln:wojIdTeryt>14</sln:wojIdTeryt><sln:wojNazwa>mazowieckie</sln:wojNazwa></sln:miejscowosc><sln:miejscowosc><sln:cyklZyciaOd>2015-06-30T00:00:00+02:00</sln:cyklZyciaOd><sln:gmIIPId>5a4b91e7-a0aa-4b7c-8cd0-a34c71d30127</sln:gmIIPId><sln:gmIIPPn>PL.PZGIK.200</sln:gmIIPPn><sln:gmIIPWersja>2012-09-26T22:52:53+02:00</sln:gmIIPWersja><sln:gmIdTeryt>1415112</sln:gmIdTeryt><sln:gmNazwa>Troszyn</sln:gmNazwa><sln:miejscIIPId>f5ad27f2-3dad-483b-b3a8-56e212509ef6</sln:miejscIIPId><sln:miejscIIPPn>PL.PZGIK.200</sln:miejscIIPPn><sln:miejscIIPWersja>2016-11-24T13:42:19+02:00</sln:miejscIIPWersja><sln:miejscIdTeryt>0522201</sln:miejscIdTeryt><sln:miejscNazwa>Milewo Wielkie</sln:miejscNazwa><sln:miejscRodzaj>Wieś</sln:miejscRodzaj><sln:powIIPId>d2f96418-0366-4f59-8793-fef1aa0ca19f</sln:powIIPId><sln:powIIPPn>PL.PZGIK.200</sln:powIIPPn><sln:powIIPWersja>2012-09-27T08:13:53+02:00</sln:powIIPWersja><sln:powIdTeryt>1415</sln:powIdTeryt><sln:powNazwa>ostrołęcki</sln:powNazwa><sln:wojIIPId>4b6c492a-eb04-441d-a92a-f44359c06de7</sln:wojIIPId><sln:wojIIPPn>PL.PZGIK.200</sln:wojIIPPn><sln:wojIIPWersja>2012-09-27T13:45:13+02:00</sln:wojIIPWersja><sln:wojIdTeryt>14</sln:wojIdTeryt><sln:wojNazwa>mazowieckie</sln:wojNazwa></sln:miejscowosc><sln:miejscowosc><sln:cyklZyciaOd>2015-06-30T00:00:00+02:00</sln:cyklZyciaOd><sln:gmIIPId>5a4b91e7-a0aa-4b7c-8cd0-a34c71d30127</sln:gmIIPId><sln:gmIIPPn>PL.PZGIK.200</sln:gmIIPPn><sln:gmIIPWersja>2012-09-26T22:52:53+02:00</sln:gmIIPWersja><sln:gmIdTeryt>1415112</sln:gmIdTeryt><sln:gmNazwa>Troszyn</sln:gmNazwa><sln:miejscIIPId>699dd2fa-b13c-4676-a067-37ad8652da72</sln:miejscIIPId><sln:miejscIIPPn>PL.PZGIK.200</sln:miejscIIPPn><sln:miejscIIPWersja>2016-11-24T13:43:47+02:00</sln:miejscIIPWersja><sln:miejscIdTeryt>0522218</sln:miejscIdTeryt><sln:miejscNazwa>Ojcewo</sln:miejscNazwa><sln:miejscRodzaj>Wieś</sln:miejscRodzaj><sln:powIIPId>d2f96418-0366-4f59-8793-fef1aa0ca19f</sln:powIIPId><sln:powIIPPn>PL.PZGIK.200</sln:powIIPPn><sln:powIIPWersja>2012-09-27T08:13:53+02:00</sln:powIIPWersja><sln:powIdTeryt>1415</sln:powIdTeryt><sln:powNazwa>ostrołęcki</sln:powNazwa><sln:wojIIPId>4b6c492a-eb04-441d-a92a-f44359c06de7</sln:wojIIPId><sln:wojIIPPn>PL.PZGIK.200</sln:wojIIPPn><sln:wojIIPWersja>2012-09-27T13:45:13+02:00</sln:wojIIPWersja><sln:wojIdTeryt>14</sln:wojIdTeryt><sln:wojNazwa>mazowieckie</sln:wojNazwa></sln:miejscowosc><sln:miejscowosc><sln:cyklZyciaOd>2015-06-30T00:00:00+02:00</sln:cyklZyciaOd><sln:gmIIPId>5a4b91e7-a0aa-4b7c-8cd0-a34c71d30127</sln:gmIIPId><sln:gmIIPPn>PL.PZGIK.200</sln:gmIIPPn><sln:gmIIPWersja>2012-09-26T22:52:53+02:00</sln:gmIIPWersja><sln:gmIdTeryt>1415112</sln:gmIdTeryt><sln:gmNazwa>Troszyn</sln:gmNazwa><sln:miejscIIPId>6d4ec7ad-ac5c-4c4c-9fb8-77b6435633bb</sln:miejscIIPId><sln:miejscIIPPn>PL.PZGIK.200</sln:miejscIIPPn><sln:miejscIIPWersja>2016-11-24T13:42:18+02:00</sln:miejscIIPWersja><sln:miejscIdTeryt>0522193</sln:miejscIdTeryt><sln:miejscNazwa>Milewo-Tosie</sln:miejscNazwa><sln:miejscRodzaj>Wieś</sln:miejscRodzaj><sln:powIIPId>d2f96418-0366-4f59-8793-fef1aa0ca19f</sln:powIIPId><sln:powIIPPn>PL.PZGIK.200</sln:powIIPPn><sln:powIIPWersja>2012-09-27T08:13:53+02:00</sln:powIIPWersja><sln:powIdTeryt>1415</sln:powIdTeryt><sln:powNazwa>ostrołęcki</sln:powNazwa><sln:wojIIPId>4b6c492a-eb04-441d-a92a-f44359c06de7</sln:wojIIPId><sln:wojIIPPn>PL.PZGIK.200</sln:wojIIPPn><sln:wojIIPWersja>2012-09-27T13:45:13+02:00</sln:wojIIPWersja><sln:wojIdTeryt>14</sln:wojIdTeryt><sln:wojNazwa>mazowieckie</sln:wojNazwa></sln:miejscowosc><sln:miejscowosc><sln:cyklZyciaOd>2015-06-30T00:00:00+02:00</sln:cyklZyciaOd><sln:gmIIPId>5a4b91e7-a0aa-4b7c-8cd0-a34c71d30127</sln:gmIIPId><sln:gmIIPPn>PL.PZGIK.200</sln:gmIIPPn><sln:gmIIPWersja>2012-09-26T22:52:53+02:00</sln:gmIIPWersja><sln:gmIdTeryt>1415112</sln:gmIdTeryt><sln:gmNazwa>Troszyn</sln:gmNazwa><sln:miejscIIPId>c945aa6a-f734-49c9-bbb3-cce4e0d05868</sln:miejscIIPId><sln:miejscIIPPn>PL.PZGIK.200</sln:miejscIIPPn><sln:miejscIIPWersja>2016-11-24T13:31:16+02:00</sln:miejscIIPWersja><sln:miejscIdTeryt>0522307</sln:miejscIdTeryt><sln:miejscNazwa>Janki Stare</sln:miejscNazwa><sln:miejscRodzaj>Wieś</sln:miejscRodzaj><sln:powIIPId>d2f96418-0366-4f59-8793-fef1aa0ca19f</sln:powIIPId><sln:powIIPPn>PL.PZGIK.200</sln:powIIPPn><sln:powIIPWersja>2012-09-27T08:13:53+02:00</sln:powIIPWersja><sln:powIdTeryt>1415</sln:powIdTeryt><sln:powNazwa>ostrołęcki</sln:powNazwa><sln:wojIIPId>4b6c492a-eb04-441d-a92a-f44359c06de7</sln:wojIIPId><sln:wojIIPPn>PL.PZGIK.200</sln:wojIIPPn><sln:wojIIPWersja>2012-09-27T13:45:13+02:00</sln:wojIIPWersja><sln:wojIdTeryt>14</sln:wojIdTeryt><sln:wojNazwa>mazowieckie</sln:wojNazwa></sln:miejscowosc><sln:miejscowosc><sln:cyklZyciaOd>2015-06-30T00:00:00+02:00</sln:cyklZyciaOd><sln:gmIIPId>5a4b91e7-a0aa-4b7c-8cd0-a34c71d30127</sln:gmIIPId><sln:gmIIPPn>PL.PZGIK.200</sln:gmIIPPn><sln:gmIIPWersja>2012-09-26T22:52:53+02:00</sln:gmIIPWersja><sln:gmIdTeryt>1415112</sln:gmIdTeryt><sln:gmNazwa>Troszyn</sln:gmNazwa><sln:miejscIIPId>445889ef-2a45-4090-8301-878a7388e534</sln:miejscIIPId><sln:miejscIIPPn>PL.PZGIK.200</sln:miejscIIPPn><sln:miejscIIPWersja>2016-11-24T13:32:26+02:00</sln:miejscIIPWersja><sln:miejscIdTeryt>0522313</sln:miejscIdTeryt><sln:miejscNazwa>Troszyn</sln:miejscNazwa><sln:miejscRodzaj>Wieś</sln:miejscRodzaj><sln:powIIPId>d2f96418-0366-4f59-8793-fef1aa0ca19f</sln:powIIPId><sln:powIIPPn>PL.PZGIK.200</sln:powIIPPn><sln:powIIPWersja>2012-09-27T08:13:53+02:00</sln:powIIPWersja><sln:powIdTeryt>1415</sln:powIdTeryt><sln:powNazwa>ostrołęcki</sln:powNazwa><sln:wojIIPId>4b6c492a-eb04-441d-a92a-f44359c06de7</sln:wojIIPId><sln:wojIIPPn>PL.PZGIK.200</sln:wojIIPPn><sln:wojIIPWersja>2012-09-27T13:45:13+02:00</sln:wojIIPWersja><sln:wojIdTeryt>14</sln:wojIdTeryt><sln:wojNazwa>mazowieckie</sln:wojNazwa></sln:miejscowosc><sln:miejscowosc><sln:cyklZyciaOd>2015-06-30T00:00:00+02:00</sln:cyklZyciaOd><sln:gmIIPId>5a4b91e7-a0aa-4b7c-8cd0-a34c71d30127</sln:gmIIPId><sln:gmIIPPn>PL.PZGIK.200</sln:gmIIPPn><sln:gmIIPWersja>2012-09-26T22:52:53+02:00</sln:gmIIPWersja><sln:gmIdTeryt>1415112</sln:gmIdTeryt><sln:gmNazwa>Troszyn</sln:gmNazwa><sln:miejscIIPId>d5abc55c-c900-4f7c-8c66-2ad1157f034e</sln:miejscIIPId><sln:miejscIIPPn>PL.PZGIK.200</sln:miejscIIPPn><sln:miejscIIPWersja>2016-11-24T13:42:17+02:00</sln:miejscIIPWersja><sln:miejscIdTeryt>0522187</sln:miejscIdTeryt><sln:miejscNazwa>Milewo-Łosie</sln:miejscNazwa><sln:miejscRodzaj>Wieś</sln:miejscRodzaj><sln:powIIPId>d2f96418-0366-4f59-8793-fef1aa0ca19f</sln:powIIPId><sln:powIIPPn>PL.PZGIK.200</sln:powIIPPn><sln:powIIPWersja>2012-09-27T08:13:53+02:00</sln:powIIPWersja><sln:powIdTeryt>1415</sln:powIdTeryt><sln:powNazwa>ostrołęcki</sln:powNazwa><sln:wojIIPId>4b6c492a-eb04-441d-a92a-f44359c06de7</sln:wojIIPId><sln:wojIIPPn>PL.PZGIK.200</sln:wojIIPPn><sln:wojIIPWersja>2012-09-27T13:45:13+02:00</sln:wojIIPWersja><sln:wojIdTeryt>14</sln:wojIdTeryt><sln:wojNazwa>mazowieckie</sln:wojNazwa></sln:miejscowosc><sln:miejscowosc><sln:cyklZyciaOd>2015-06-30T00:00:00+02:00</sln:cyklZyciaOd><sln:gmIIPId>5a4b91e7-a0aa-4b7c-8cd0-a34c71d30127</sln:gmIIPId><sln:gmIIPPn>PL.PZGIK.200</sln:gmIIPPn><sln:gmIIPWersja>2012-09-26T22:52:53+02:00</sln:gmIIPWersja><sln:gmIdTeryt>1415112</sln:gmIdTeryt><sln:gmNazwa>Troszyn</sln:gmNazwa><sln:miejscIIPId>bb9432b8-a912-4905-ad5d-0a2d6bbc62c1</sln:miejscIIPId><sln:miejscIIPPn>PL.PZGIK.200</sln:miejscIIPPn><sln:miejscIIPWersja>2016-11-24T13:33:59+02:00</sln:miejscIIPWersja><sln:miejscIdTeryt>0522336</sln:miejscIdTeryt><sln:miejscNazwa>Wysocarz</sln:miejscNazwa><sln:miejscRodzaj>Wieś</sln:miejscRodzaj><sln:powIIPId>d2f96418-0366-4f59-8793-fef1aa0ca19f</sln:powIIPId><sln:powIIPPn>PL.PZGIK.200</sln:powIIPPn><sln:powIIPWersja>2012-09-27T08:13:53+02:00</sln:powIIPWersja><sln:powIdTeryt>1415</sln:powIdTeryt><sln:powNazwa>ostrołęcki</sln:powNazwa><sln:wojIIPId>4b6c492a-eb04-441d-a92a-f44359c06de7</sln:wojIIPId><sln:wojIIPPn>PL.PZGIK.200</sln:wojIIPPn><sln:wojIIPWersja>2012-09-27T13:45:13+02:00</sln:wojIIPWersja><sln:wojIdTeryt>14</sln:wojIdTeryt><sln:wojNazwa>mazowieckie</sln:wojNazwa></sln:miejscowosc><sln:miejscowosc><sln:cyklZyciaOd>2015-06-30T00:00:00+02:00</sln:cyklZyciaOd><sln:gmIIPId>5a4b91e7-a0aa-4b7c-8cd0-a34c71d30127</sln:gmIIPId><sln:gmIIPPn>PL.PZGIK.200</sln:gmIIPPn><sln:gmIIPWersja>2012-09-26T22:52:53+02:00</sln:gmIIPWersja><sln:gmIdTeryt>1415112</sln:gmIdTeryt><sln:gmNazwa>Troszyn</sln:gmNazwa><sln:miejscIIPId>20f5d7b5-4d98-44bd-bcab-600c5eb4c77b</sln:miejscIIPId><sln:miejscIIPPn>PL.PZGIK.200</sln:miejscIIPPn><sln:miejscIIPWersja>2016-11-24T13:35:09+02:00</sln:miejscIIPWersja><sln:miejscIdTeryt>0522371</sln:miejscIdTeryt><sln:miejscNazwa>Żmijewo-Zagroby</sln:miejscNazwa><sln:miejscRodzaj>Wieś</sln:miejscRodzaj><sln:powIIPId>d2f96418-0366-4f59-8793-fef1aa0ca19f</sln:powIIPId><sln:powIIPPn>PL.PZGIK.200</sln:powIIPPn><sln:powIIPWersja>2012-09-27T08:13:53+02:00</sln:powIIPWersja><sln:powIdTeryt>1415</sln:powIdTeryt><sln:powNazwa>ostrołęcki</sln:powNazwa><sln:wojIIPId>4b6c492a-eb04-441d-a92a-f44359c06de7</sln:wojIIPId><sln:wojIIPPn>PL.PZGIK.200</sln:wojIIPPn><sln:wojIIPWersja>2012-09-27T13:45:13+02:00</sln:wojIIPWersja><sln:wojIdTeryt>14</sln:wojIdTeryt><sln:wojNazwa>mazowieckie</sln:wojNazwa></sln:miejscowosc><sln:miejscowosc><sln:cyklZyciaDo>2016-11-26T00:00:00+01:00</sln:cyklZyciaDo><sln:cyklZyciaOd>2014-09-25T00:00:00+02:00</sln:cyklZyciaOd><sln:gmIIPId>5a4b91e7-a0aa-4b7c-8cd0-a34c71d30127</sln:gmIIPId><sln:gmIIPPn>PL.PZGIK.200</sln:gmIIPPn><sln:gmIIPWersja>2012-09-26T22:52:53+02:00</sln:gmIIPWersja><sln:gmIdTeryt>1415112</sln:gmIdTeryt><sln:gmNazwa>Troszyn</sln:gmNazwa><sln:miejscIIPId>e0b91440-0d73-4b32-97d0-75fd43b7b491</sln:miejscIIPId><sln:miejscIIPPn>PL.PZGIK.200</sln:miejscIIPPn><sln:miejscIIPWersja>2016-11-24T13:41:33+02:00</sln:miejscIIPWersja><sln:miejscIdTeryt>4001154</sln:miejscIdTeryt><sln:miejscNazwa>Kolonia Łątczyn</sln:miejscNazwa><sln:miejscRodzaj>Inny obiekt</sln:miejscRodzaj><sln:powIIPId>d2f96418-0366-4f59-8793-fef1aa0ca19f</sln:powIIPId><sln:powIIPPn>PL.PZGIK.200</sln:powIIPPn><sln:powIIPWersja>2012-09-27T08:13:53+02:00</sln:powIIPWersja><sln:powIdTeryt>1415</sln:powIdTeryt><sln:powNazwa>ostrołęcki</sln:powNazwa><sln:wojIIPId>4b6c492a-eb04-441d-a92a-f44359c06de7</sln:wojIIPId><sln:wojIIPPn>PL.PZGIK.200</sln:wojIIPPn><sln:wojIIPWersja>2012-09-27T13:45:13+02:00</sln:wojIIPWersja><sln:wojIdTeryt>14</sln:wojIdTeryt><sln:wojNazwa>mazowieckie</sln:wojNazwa></sln:miejscowosc><sln:miejscowosc><sln:cyklZyciaOd>2015-06-30T00:00:00+02:00</sln:cyklZyciaOd><sln:gmIIPId>5a4b91e7-a0aa-4b7c-8cd0-a34c71d30127</sln:gmIIPId><sln:gmIIPPn>PL.PZGIK.200</sln:gmIIPPn><sln:gmIIPWersja>2012-09-26T22:52:53+02:00</sln:gmIIPWersja><sln:gmIdTeryt>1415112</sln:gmIdTeryt><sln:gmNazwa>Troszyn</sln:gmNazwa><sln:miejscIIPId>6a12a875-e1a4-4e61-a07e-4e0ddf98c82d</sln:miejscIIPId><sln:miejscIIPPn>PL.PZGIK.200</sln:miejscIIPPn><sln:miejscIIPWersja>2016-11-24T13:37:29+02:00</sln:miejscIIPWersja><sln:miejscIdTeryt>0521992</sln:miejscIdTeryt><sln:miejscNazwa>Aleksandrowo</sln:miejscNazwa><sln:miejscRodzaj>Wieś</sln:miejscRodzaj><sln:powIIPId>d2f96418-0366-4f59-8793-fef1aa0ca19f</sln:powIIPId><sln:powIIPPn>PL.PZGIK.200</sln:powIIPPn><sln:powIIPWersja>2012-09-27T08:13:53+02:00</sln:powIIPWersja><sln:powIdTeryt>1415</sln:powIdTeryt><sln:powNazwa>ostrołęcki</sln:powNazwa><sln:wojIIPId>4b6c492a-eb04-441d-a92a-f44359c06de7</sln:wojIIPId><sln:wojIIPPn>PL.PZGIK.200</sln:wojIIPPn><sln:wojIIPWersja>2012-09-27T13:45:13+02:00</sln:wojIIPWersja><sln:wojIdTeryt>14</sln:wojIdTeryt><sln:wojNazwa>mazowieckie</sln:wojNazwa></sln:miejscowosc><sln:miejscowosc><sln:cyklZyciaOd>2015-06-30T00:00:00+02:00</sln:cyklZyciaOd><sln:gmIIPId>5a4b91e7-a0aa-4b7c-8cd0-a34c71d30127</sln:gmIIPId><sln:gmIIPPn>PL.PZGIK.200</sln:gmIIPPn><sln:gmIIPWersja>2012-09-26T22:52:53+02:00</sln:gmIIPWersja><sln:gmIdTeryt>1415112</sln:gmIdTeryt><sln:gmNazwa>Troszyn</sln:gmNazwa><sln:miejscIIPId>0119835d-a360-46ac-b07c-fea8f0c9c652</sln:miejscIIPId><sln:miejscIIPPn>PL.PZGIK.200</sln:miejscIIPPn><sln:miejscIIPWersja>2016-11-24T13:42:11+02:00</sln:miejscIIPWersja><sln:miejscIdTeryt>0522158</sln:miejscIdTeryt><sln:miejscNazwa>Mieczki-Abramy</sln:miejscNazwa><sln:miejscRodzaj>Wieś</sln:miejscRodzaj><sln:powIIPId>d2f96418-0366-4f59-8793-fef1aa0ca19f</sln:powIIPId><sln:powIIPPn>PL.PZGIK.200</sln:powIIPPn><sln:powIIPWersja>2012-09-27T08:13:53+02:00</sln:powIIPWersja><sln:powIdTeryt>1415</sln:powIdTeryt><sln:powNazwa>ostrołęcki</sln:powNazwa><sln:wojIIPId>4b6c492a-eb04-441d-a92a-f44359c06de7</sln:wojIIPId><sln:wojIIPPn>PL.PZGIK.200</sln:wojIIPPn><sln:wojIIPWersja>2012-09-27T13:45:13+02:00</sln:wojIIPWersja><sln:wojIdTeryt>14</sln:wojIdTeryt><sln:wojNazwa>mazowieckie</sln:wojNazwa></sln:miejscowosc><sln:miejscowosc><sln:cyklZyciaOd>2015-06-30T00:00:00+02:00</sln:cyklZyciaOd><sln:gmIIPId>5a4b91e7-a0aa-4b7c-8cd0-a34c71d30127</sln:gmIIPId><sln:gmIIPPn>PL.PZGIK.200</sln:gmIIPPn><sln:gmIIPWersja>2012-09-26T22:52:53+02:00</sln:gmIIPWersja><sln:gmIdTeryt>1415112</sln:gmIdTeryt><sln:gmNazwa>Troszyn</sln:gmNazwa><sln:miejscIIPId>2982fb1d-e95c-4a0b-a6fe-9f363d0571de</sln:miejscIIPId><sln:miejscIIPPn>PL.PZGIK.200</sln:miejscIIPPn><sln:miejscIIPWersja>2016-11-24T13:41:32+02:00</sln:miejscIIPWersja><sln:miejscIdTeryt>0996011</sln:miejscIdTeryt><sln:miejscNazwa>Łątczyn</sln:miejscNazwa><sln:miejscRodzaj>Wieś</sln:miejscRodzaj><sln:powIIPId>d2f96418-0366-4f59-8793-fef1aa0ca19f</sln:powIIPId><sln:powIIPPn>PL.PZGIK.200</sln:powIIPPn><sln:powIIPWersja>2012-09-27T08:13:53+02:00</sln:powIIPWersja><sln:powIdTeryt>1415</sln:powIdTeryt><sln:powNazwa>ostrołęcki</sln:powNazwa><sln:wojIIPId>4b6c492a-eb04-441d-a92a-f44359c06de7</sln:wojIIPId><sln:wojIIPPn>PL.PZGIK.200</sln:wojIIPPn><sln:wojIIPWersja>2012-09-27T13:45:13+02:00</sln:wojIIPWersja><sln:wojIdTeryt>14</sln:wojIdTeryt><sln:wojNazwa>mazowieckie</sln:wojNazwa></sln:miejscowosc><sln:miejscowosc><sln:cyklZyciaOd>2015-06-30T00:00:00+02:00</sln:cyklZyciaOd><sln:gmIIPId>5a4b91e7-a0aa-4b7c-8cd0-a34c71d30127</sln:gmIIPId><sln:gmIIPPn>PL.PZGIK.200</sln:gmIIPPn><sln:gmIIPWersja>2012-09-26T22:52:53+02:00</sln:gmIIPWersja><sln:gmIdTeryt>1415112</sln:gmIdTeryt><sln:gmNazwa>Troszyn</sln:gmNazwa><sln:miejscIIPId>584290f6-2ffd-4d13-a9c0-7c68b1458c71</sln:miejscIIPId><sln:miejscIIPPn>PL.PZGIK.200</sln:miejscIIPPn><sln:miejscIIPWersja>2016-11-24T13:35:24+02:00</sln:miejscIIPWersja><sln:miejscIdTeryt>0522030</sln:miejscIdTeryt><sln:miejscNazwa>Chrostowo</sln:miejscNazwa><sln:miejscRodzaj>Wieś</sln:miejscRodzaj><sln:powIIPId>d2f96418-0366-4f59-8793-fef1aa0ca19f</sln:powIIPId><sln:powIIPPn>PL.PZGIK.200</sln:powIIPPn><sln:powIIPWersja>2012-09-27T08:13:53+02:00</sln:powIIPWersja><sln:powIdTeryt>1415</sln:powIdTeryt><sln:powNazwa>ostrołęcki</sln:powNazwa><sln:wojIIPId>4b6c492a-eb04-441d-a92a-f44359c06de7</sln:wojIIPId><sln:wojIIPPn>PL.PZGIK.200</sln:wojIIPPn><sln:wojIIPWersja>2012-09-27T13:45:13+02:00</sln:wojIIPWersja><sln:wojIdTeryt>14</sln:wojIdTeryt><sln:wojNazwa>mazowieckie</sln:wojNazwa></sln:miejscowosc><sln:miejscowosc><sln:cyklZyciaOd>2015-06-30T00:00:00+02:00</sln:cyklZyciaOd><sln:gmIIPId>5a4b91e7-a0aa-4b7c-8cd0-a34c71d30127</sln:gmIIPId><sln:gmIIPPn>PL.PZGIK.200</sln:gmIIPPn><sln:gmIIPWersja>2012-09-26T22:52:53+02:00</sln:gmIIPWersja><sln:gmIdTeryt>1415112</sln:gmIdTeryt><sln:gmNazwa>Troszyn</sln:gmNazwa><sln:miejscIIPId>81a4c07e-61ab-4af1-9e22-503c5868e6d8</sln:miejscIIPId><sln:miejscIIPPn>PL.PZGIK.200</sln:miejscIIPPn><sln:miejscIIPWersja>2016-11-24T13:36:44+02:00</sln:miejscIIPWersja><sln:miejscIdTeryt>0522069</sln:miejscIdTeryt><sln:miejscNazwa>Dzbenin</sln:miejscNazwa><sln:miejscRodzaj>Wieś</sln:miejscRodzaj><sln:powIIPId>d2f96418-0366-4f59-8793-fef1aa0ca19f</sln:powIIPId><sln:powIIPPn>PL.PZGIK.200</sln:powIIPPn><sln:powIIPWersja>2012-09-27T08:13:53+02:00</sln:powIIPWersja><sln:powIdTeryt>1415</sln:powIdTeryt><sln:powNazwa>ostrołęcki</sln:powNazwa><sln:wojIIPId>4b6c492a-eb04-441d-a92a-f44359c06de7</sln:wojIIPId><sln:wojIIPPn>PL.PZGIK.200</sln:wojIIPPn><sln:wojIIPWersja>2012-09-27T13:45:13+02:00</sln:wojIIPWersja><sln:wojIdTeryt>14</sln:wojIdTeryt><sln:wojNazwa>mazowieckie</sln:wojNazwa></sln:miejscowosc><sln:miejscowosc><sln:cyklZyciaOd>2015-06-30T00:00:00+02:00</sln:cyklZyciaOd><sln:gmIIPId>5a4b91e7-a0aa-4b7c-8cd0-a34c71d30127</sln:gmIIPId><sln:gmIIPPn>PL.PZGIK.200</sln:gmIIPPn><sln:gmIIPWersja>2012-09-26T22:52:53+02:00</sln:gmIIPWersja><sln:gmIdTeryt>1415112</sln:gmIdTeryt><sln:gmNazwa>Troszyn</sln:gmNazwa><sln:miejscIIPId>d9c1ed97-1aa3-4e54-bf77-fc21d3bed7e4</sln:miejscIIPId><sln:miejscIIPPn>PL.PZGIK.200</sln:miejscIIPPn><sln:miejscIIPWersja>2016-11-24T13:30:19+02:00</sln:miejscIIPWersja><sln:miejscIdTeryt>0522282</sln:miejscIdTeryt><sln:miejscNazwa>Sawały</sln:miejscNazwa><sln:miejscRodzaj>Wieś</sln:miejscRodzaj><sln:powIIPId>d2f96418-0366-4f59-8793-fef1aa0ca19f</sln:powIIPId><sln:powIIPPn>PL.PZGIK.200</sln:powIIPPn><sln:powIIPWersja>2012-09-27T08:13:53+02:00</sln:powIIPWersja><sln:powIdTeryt>1415</sln:powIdTeryt><sln:powNazwa>ostrołęcki</sln:powNazwa><sln:wojIIPId>4b6c492a-eb04-441d-a92a-f44359c06de7</sln:wojIIPId><sln:wojIIPPn>PL.PZGIK.200</sln:wojIIPPn><sln:wojIIPWersja>2012-09-27T13:45:13+02:00</sln:wojIIPWersja><sln:wojIdTeryt>14</sln:wojIdTeryt><sln:wojNazwa>mazowieckie</sln:wojNazwa></sln:miejscowosc><sln:miejscowosc><sln:cyklZyciaOd>2015-06-30T00:00:00+02:00</sln:cyklZyciaOd><sln:gmIIPId>5a4b91e7-a0aa-4b7c-8cd0-a34c71d30127</sln:gmIIPId><sln:gmIIPPn>PL.PZGIK.200</sln:gmIIPPn><sln:gmIIPWersja>2012-09-26T22:52:53+02:00</sln:gmIIPWersja><sln:gmIdTeryt>1415112</sln:gmIdTeryt><sln:gmNazwa>Troszyn</sln:gmNazwa><sln:miejscIIPId>d84091b4-1666-4fca-8ecf-9a2c925db238</sln:miejscIIPId><sln:miejscIIPPn>PL.PZGIK.200</sln:miejscIIPPn><sln:miejscIIPWersja>2016-11-24T13:29:31+02:00</sln:miejscIIPWersja><sln:miejscIdTeryt>0522253</sln:miejscIdTeryt><sln:miejscNazwa>Radgoszcz</sln:miejscNazwa><sln:miejscRodzaj>Wieś</sln:miejscRodzaj><sln:powIIPId>d2f96418-0366-4f59-8793-fef1aa0ca19f</sln:powIIPId><sln:powIIPPn>PL.PZGIK.200</sln:powIIPPn><sln:powIIPWersja>2012-09-27T08:13:53+02:00</sln:powIIPWersja><sln:powIdTeryt>1415</sln:powIdTeryt><sln:powNazwa>ostrołęcki</sln:powNazwa><sln:wojIIPId>4b6c492a-eb04-441d-a92a-f44359c06de7</sln:wojIIPId><sln:wojIIPPn>PL.PZGIK.200</sln:wojIIPPn><sln:wojIIPWersja>2012-09-27T13:45:13+02:00</sln:wojIIPWersja><sln:wojIdTeryt>14</sln:wojIdTeryt><sln:wojNazwa>mazowieckie</sln:wojNazwa></sln:miejscowosc><sln:miejscowosc><sln:cyklZyciaOd>2015-06-30T00:00:00+02:00</sln:cyklZyciaOd><sln:gmIIPId>5a4b91e7-a0aa-4b7c-8cd0-a34c71d30127</sln:gmIIPId><sln:gmIIPPn>PL.PZGIK.200</sln:gmIIPPn><sln:gmIIPWersja>2012-09-26T22:52:53+02:00</sln:gmIIPWersja><sln:gmIdTeryt>1415112</sln:gmIdTeryt><sln:gmNazwa>Troszyn</sln:gmNazwa><sln:miejscIIPId>7ccf479f-e3de-46a3-860c-e86d90dd46d3</sln:miejscIIPId><sln:miejscIIPPn>PL.PZGIK.200</sln:miejscIIPPn><sln:miejscIIPWersja>2016-11-24T13:42:12+02:00</sln:miejscIIPWersja><sln:miejscIdTeryt>0522170</sln:miejscIdTeryt><sln:miejscNazwa>Mieczki-Ziemaki</sln:miejscNazwa><sln:miejscRodzaj>Wieś</sln:miejscRodzaj><sln:powIIPId>d2f96418-0366-4f59-8793-fef1aa0ca19f</sln:powIIPId><sln:powIIPPn>PL.PZGIK.200</sln:powIIPPn><sln:powIIPWersja>2012-09-27T08:13:53+02:00</sln:powIIPWersja><sln:powIdTeryt>1415</sln:powIdTeryt><sln:powNazwa>ostrołęcki</sln:powNazwa><sln:wojIIPId>4b6c492a-eb04-441d-a92a-f44359c06de7</sln:wojIIPId><sln:wojIIPPn>PL.PZGIK.200</sln:wojIIPPn><sln:wojIIPWersja>2012-09-27T13:45:13+02:00</sln:wojIIPWersja><sln:wojIdTeryt>14</sln:wojIdTeryt><sln:wojNazwa>mazowieckie</sln:wojNazwa></sln:miejscowosc><sln:miejscowosc><sln:cyklZyciaOd>2015-06-30T00:00:00+02:00</sln:cyklZyciaOd><sln:gmIIPId>5a4b91e7-a0aa-4b7c-8cd0-a34c71d30127</sln:gmIIPId><sln:gmIIPPn>PL.PZGIK.200</sln:gmIIPPn><sln:gmIIPWersja>2012-09-26T22:52:53+02:00</sln:gmIIPWersja><sln:gmIdTeryt>1415112</sln:gmIdTeryt><sln:gmNazwa>Troszyn</sln:gmNazwa><sln:miejscIIPId>e0f180cb-74fc-4816-965e-905204091a03</sln:miejscIIPId><sln:miejscIIPPn>PL.PZGIK.200</sln:miejscIIPPn><sln:miejscIIPWersja>2016-11-24T13:39:11+02:00</sln:miejscIIPWersja><sln:miejscIdTeryt>0522098</sln:miejscIdTeryt><sln:miejscNazwa>Kamionowo</sln:miejscNazwa><sln:miejscRodzaj>Wieś</sln:miejscRodzaj><sln:powIIPId>d2f96418-0366-4f59-8793-fef1aa0ca19f</sln:powIIPId><sln:powIIPPn>PL.PZGIK.200</sln:powIIPPn><sln:powIIPWersja>2012-09-27T08:13:53+02:00</sln:powIIPWersja><sln:powIdTeryt>1415</sln:powIdTeryt><sln:powNazwa>ostrołęcki</sln:powNazwa><sln:wojIIPId>4b6c492a-eb04-441d-a92a-f44359c06de7</sln:wojIIPId><sln:wojIIPPn>PL.PZGIK.200</sln:wojIIPPn><sln:wojIIPWersja>2012-09-27T13:45:13+02:00</sln:wojIIPWersja><sln:wojIdTeryt>14</sln:wojIdTeryt><sln:wojNazwa>mazowieckie</sln:wojNazwa></sln:miejscowosc><sln:miejscowosc><sln:cyklZyciaOd>2015-06-30T00:00:00+02:00</sln:cyklZyciaOd><sln:gmIIPId>5a4b91e7-a0aa-4b7c-8cd0-a34c71d30127</sln:gmIIPId><sln:gmIIPPn>PL.PZGIK.200</sln:gmIIPPn><sln:gmIIPWersja>2012-09-26T22:52:53+02:00</sln:gmIIPWersja><sln:gmIdTeryt>1415112</sln:gmIdTeryt><sln:gmNazwa>Troszyn</sln:gmNazwa><sln:miejscIIPId>c8c8e058-0f34-4801-8dab-d0b5dc3bae32</sln:miejscIIPId><sln:miejscIIPPn>PL.PZGIK.200</sln:miejscIIPPn><sln:miejscIIPWersja>2016-11-24T13:29:49+02:00</sln:miejscIIPWersja><sln:miejscIdTeryt>0522276</sln:miejscIdTeryt><sln:miejscNazwa>Rostki</sln:miejscNazwa><sln:miejscRodzaj>Wieś</sln:miejscRodzaj><sln:powIIPId>d2f96418-0366-4f59-8793-fef1aa0ca19f</sln:powIIPId><sln:powIIPPn>PL.PZGIK.200</sln:powIIPPn><sln:powIIPWersja>2012-09-27T08:13:53+02:00</sln:powIIPWersja><sln:powIdTeryt>1415</sln:powIdTeryt><sln:powNazwa>ostrołęcki</sln:powNazwa><sln:wojIIPId>4b6c492a-eb04-441d-a92a-f44359c06de7</sln:wojIIPId><sln:wojIIPPn>PL.PZGIK.200</sln:wojIIPPn><sln:wojIIPWersja>2012-09-27T13:45:13+02:00</sln:wojIIPWersja><sln:wojIdTeryt>14</sln:wojIdTeryt><sln:wojNazwa>mazowieckie</sln:wojNazwa></sln:miejscowosc><sln:miejscowosc><sln:cyklZyciaOd>2015-06-30T00:00:00+02:00</sln:cyklZyciaOd><sln:gmIIPId>5a4b91e7-a0aa-4b7c-8cd0-a34c71d30127</sln:gmIIPId><sln:gmIIPPn>PL.PZGIK.200</sln:gmIIPPn><sln:gmIIPWersja>2012-09-26T22:52:53+02:00</sln:gmIIPWersja><sln:gmIdTeryt>1415112</sln:gmIdTeryt><sln:gmNazwa>Troszyn</sln:gmNazwa><sln:miejscIIPId>82e4f860-829e-404a-8c86-3e931a5ad5a3</sln:miejscIIPId><sln:miejscIIPPn>PL.PZGIK.200</sln:miejscIIPPn><sln:miejscIIPWersja>2016-11-24T13:29:44+02:00</sln:miejscIIPWersja><sln:miejscIdTeryt>0522260</sln:miejscIdTeryt><sln:miejscNazwa>Repki</sln:miejscNazwa><sln:miejscRodzaj>Wieś</sln:miejscRodzaj><sln:powIIPId>d2f96418-0366-4f59-8793-fef1aa0ca19f</sln:powIIPId><sln:powIIPPn>PL.PZGIK.200</sln:powIIPPn><sln:powIIPWersja>2012-09-27T08:13:53+02:00</sln:powIIPWersja><sln:powIdTeryt>1415</sln:powIdTeryt><sln:powNazwa>ostrołęcki</sln:powNazwa><sln:wojIIPId>4b6c492a-eb04-441d-a92a-f44359c06de7</sln:wojIIPId><sln:wojIIPPn>PL.PZGIK.200</sln:wojIIPPn><sln:wojIIPWersja>2012-09-27T13:45:13+02:00</sln:wojIIPWersja><sln:wojIdTeryt>14</sln:wojIdTeryt><sln:wojNazwa>mazowieckie</sln:wojNazwa></sln:miejscowosc><sln:miejscowosc><sln:cyklZyciaDo>2015-06-30T00:00:00+02:00</sln:cyklZyciaDo><sln:cyklZyciaOd>2014-09-25T00:00:00+02:00</sln:cyklZyciaOd><sln:gmIIPId>5a4b91e7-a0aa-4b7c-8cd0-a34c71d30127</sln:gmIIPId><sln:gmIIPPn>PL.PZGIK.200</sln:gmIIPPn><sln:gmIIPWersja>2012-09-26T22:52:53+02:00</sln:gmIIPWersja><sln:gmIdTeryt>1415112</sln:gmIdTeryt><sln:gmNazwa>Troszyn</sln:gmNazwa><sln:miejscIIPId>8028bb24-fd67-4b27-a930-94cb41650207</sln:miejscIIPId><sln:miejscIIPPn>PL.PZGIK.200</sln:miejscIIPPn><sln:miejscIIPWersja>2016-11-24T13:29:23+02:00</sln:miejscIIPWersja><sln:miejscIdTeryt>0522230</sln:miejscIdTeryt><sln:miejscNazwa>Puchały</sln:miejscNazwa><sln:miejscRodzaj>Wieś</sln:miejscRodzaj><sln:powIIPId>d2f96418-0366-4f59-8793-fef1aa0ca19f</sln:powIIPId><sln:powIIPPn>PL.PZGIK.200</sln:powIIPPn><sln:powIIPWersja>2012-09-27T08:13:53+02:00</sln:powIIPWersja><sln:powIdTeryt>1415</sln:powIdTeryt><sln:powNazwa>ostrołęcki</sln:powNazwa><sln:wojIIPId>4b6c492a-eb04-441d-a92a-f44359c06de7</sln:wojIIPId><sln:wojIIPPn>PL.PZGIK.200</sln:wojIIPPn><sln:wojIIPWersja>2012-09-27T13:45:13+02:00</sln:wojIIPWersja><sln:wojIdTeryt>14</sln:wojIdTeryt><sln:wojNazwa>mazowieckie</sln:wojNazwa></sln:miejscowosc><sln:miejscowosc><sln:cyklZyciaDo>2015-06-30T00:00:00+02:00</sln:cyklZyciaDo><sln:cyklZyciaOd>2014-09-25T00:00:00+02:00</sln:cyklZyciaOd><sln:gmIIPId>5a4b91e7-a0aa-4b7c-8cd0-a34c71d30127</sln:gmIIPId><sln:gmIIPPn>PL.PZGIK.200</sln:gmIIPPn><sln:gmIIPWersja>2012-09-26T22:52:53+02:00</sln:gmIIPWersja><sln:gmIdTeryt>1415112</sln:gmIdTeryt><sln:gmNazwa>Troszyn</sln:gmNazwa><sln:miejscIIPId>1922daec-e26d-48f1-bce0-dd9ef5f93776</sln:miejscIIPId><sln:miejscIIPPn>PL.PZGIK.200</sln:miejscIIPPn><sln:miejscIIPWersja>2016-11-24T13:30:43+02:00</sln:miejscIIPWersja><sln:miejscIdTeryt>0522017</sln:miejscIdTeryt><sln:miejscNazwa>Budne</sln:miejscNazwa><sln:miejscRodzaj>Wieś</sln:miejscRodzaj><sln:powIIPId>d2f96418-0366-4f59-8793-fef1aa0ca19f</sln:powIIPId><sln:powIIPPn>PL.PZGIK.200</sln:powIIPPn><sln:powIIPWersja>2012-09-27T08:13:53+02:00</sln:powIIPWersja><sln:powIdTeryt>1415</sln:powIdTeryt><sln:powNazwa>ostrołęcki</sln:powNazwa><sln:wojIIPId>4b6c492a-eb04-441d-a92a-f44359c06de7</sln:wojIIPId><sln:wojIIPPn>PL.PZGIK.200</sln:wojIIPPn><sln:wojIIPWersja>2012-09-27T13:45:13+02:00</sln:wojIIPWersja><sln:wojIdTeryt>14</sln:wojIdTeryt><sln:wojNazwa>mazowieckie</sln:wojNazwa></sln:miejscowosc><sln:miejscowosc><sln:cyklZyciaDo>2015-06-30T00:00:00+02:00</sln:cyklZyciaDo><sln:cyklZyciaOd>2014-09-25T00:00:00+02:00</sln:cyklZyciaOd><sln:gmIIPId>5a4b91e7-a0aa-4b7c-8cd0-a34c71d30127</sln:gmIIPId><sln:gmIIPPn>PL.PZGIK.200</sln:gmIIPPn><sln:gmIIPWersja>2012-09-26T22:52:53+02:00</sln:gmIIPWersja><sln:gmIdTeryt>1415112</sln:gmIdTeryt><sln:gmNazwa>Troszyn</sln:gmNazwa><sln:miejscIIPId>492ae3e0-abc0-4329-8d81-1888a47dc2b7</sln:miejscIIPId><sln:miejscIIPPn>PL.PZGIK.200</sln:miejscIIPPn><sln:miejscIIPWersja>2016-11-24T13:43:57+02:00</sln:miejscIIPWersja><sln:miejscIdTeryt>0522224</sln:miejscIdTeryt><sln:miejscNazwa>Opęchowo</sln:miejscNazwa><sln:miejscRodzaj>Wieś</sln:miejscRodzaj><sln:powIIPId>d2f96418-0366-4f59-8793-fef1aa0ca19f</sln:powIIPId><sln:powIIPPn>PL.PZGIK.200</sln:powIIPPn><sln:powIIPWersja>2012-09-27T08:13:53+02:00</sln:powIIPWersja><sln:powIdTeryt>1415</sln:powIdTeryt><sln:powNazwa>ostrołęcki</sln:powNazwa><sln:wojIIPId>4b6c492a-eb04-441d-a92a-f44359c06de7</sln:wojIIPId><sln:wojIIPPn>PL.PZGIK.200</sln:wojIIPPn><sln:wojIIPWersja>2012-09-27T13:45:13+02:00</sln:wojIIPWersja><sln:wojIdTeryt>14</sln:wojIdTeryt><sln:wojNazwa>mazowieckie</sln:wojNazwa></sln:miejscowosc><sln:miejscowosc><sln:cyklZyciaDo>2015-06-30T00:00:00+02:00</sln:cyklZyciaDo><sln:cyklZyciaOd>2014-09-25T00:00:00+02:00</sln:cyklZyciaOd><sln:gmIIPId>5a4b91e7-a0aa-4b7c-8cd0-a34c71d30127</sln:gmIIPId><sln:gmIIPPn>PL.PZGIK.200</sln:gmIIPPn><sln:gmIIPWersja>2012-09-26T22:52:53+02:00</sln:gmIIPWersja><sln:gmIdTeryt>1415112</sln:gmIdTeryt><sln:gmNazwa>Troszyn</sln:gmNazwa><sln:miejscIIPId>4f9652aa-0a70-43bf-b4f7-f42946a778ae</sln:miejscIIPId><sln:miejscIIPPn>PL.PZGIK.200</sln:miejscIIPPn><sln:miejscIIPWersja>2016-11-24T13:30:33+02:00</sln:miejscIIPWersja><sln:miejscIdTeryt>0522299</sln:miejscIdTeryt><sln:miejscNazwa>Siemiątkowo</sln:miejscNazwa><sln:miejscRodzaj>Wieś</sln:miejscRodzaj><sln:powIIPId>d2f96418-0366-4f59-8793-fef1aa0ca19f</sln:powIIPId><sln:powIIPPn>PL.PZGIK.200</sln:powIIPPn><sln:powIIPWersja>2012-09-27T08:13:53+02:00</sln:powIIPWersja><sln:powIdTeryt>1415</sln:powIdTeryt><sln:powNazwa>ostrołęcki</sln:powNazwa><sln:wojIIPId>4b6c492a-eb04-441d-a92a-f44359c06de7</sln:wojIIPId><sln:wojIIPPn>PL.PZGIK.200</sln:wojIIPPn><sln:wojIIPWersja>2012-09-27T13:45:13+02:00</sln:wojIIPWersja><sln:wojIdTeryt>14</sln:wojIdTeryt><sln:wojNazwa>mazowieckie</sln:wojNazwa></sln:miejscowosc><sln:miejscowosc><sln:cyklZyciaDo>2015-06-30T00:00:00+02:00</sln:cyklZyciaDo><sln:cyklZyciaOd>2014-09-25T00:00:00+02:00</sln:cyklZyciaOd><sln:gmIIPId>5a4b91e7-a0aa-4b7c-8cd0-a34c71d30127</sln:gmIIPId><sln:gmIIPPn>PL.PZGIK.200</sln:gmIIPPn><sln:gmIIPWersja>2012-09-26T22:52:53+02:00</sln:gmIIPWersja><sln:gmIdTeryt>1415112</sln:gmIdTeryt><sln:gmNazwa>Troszyn</sln:gmNazwa><sln:miejscIIPId>ac3f2360-0b64-4802-86bd-e52dc0702e94</sln:miejscIIPId><sln:miejscIIPPn>PL.PZGIK.200</sln:miejscIIPPn><sln:miejscIIPWersja>2016-11-24T13:38:02+02:00</sln:miejscIIPWersja><sln:miejscIdTeryt>0522075</sln:miejscIdTeryt><sln:miejscNazwa>Grucele</sln:miejscNazwa><sln:miejscRodzaj>Wieś</sln:miejscRodzaj><sln:powIIPId>d2f96418-0366-4f59-8793-fef1aa0ca19f</sln:powIIPId><sln:powIIPPn>PL.PZGIK.200</sln:powIIPPn><sln:powIIPWersja>2012-09-27T08:13:53+02:00</sln:powIIPWersja><sln:powIdTeryt>1415</sln:powIdTeryt><sln:powNazwa>ostrołęcki</sln:powNazwa><sln:wojIIPId>4b6c492a-eb04-441d-a92a-f44359c06de7</sln:wojIIPId><sln:wojIIPPn>PL.PZGIK.200</sln:wojIIPPn><sln:wojIIPWersja>2012-09-27T13:45:13+02:00</sln:wojIIPWersja><sln:wojIdTeryt>14</sln:wojIdTeryt><sln:wojNazwa>mazowieckie</sln:wojNazwa></sln:miejscowosc><sln:miejscowosc><sln:cyklZyciaDo>2015-06-30T00:00:00+02:00</sln:cyklZyciaDo><sln:cyklZyciaOd>2014-09-25T00:00:00+02:00</sln:cyklZyciaOd><sln:gmIIPId>5a4b91e7-a0aa-4b7c-8cd0-a34c71d30127</sln:gmIIPId><sln:gmIIPPn>PL.PZGIK.200</sln:gmIIPPn><sln:gmIIPWersja>2012-09-26T22:52:53+02:00</sln:gmIIPWersja><sln:gmIdTeryt>1415112</sln:gmIdTeryt><sln:gmNazwa>Troszyn</sln:gmNazwa><sln:miejscIIPId>6a12a875-e1a4-4e61-a07e-4e0ddf98c82d</sln:miejscIIPId><sln:miejscIIPPn>PL.PZGIK.200</sln:miejscIIPPn><sln:miejscIIPWersja>2016-11-24T13:37:30+02:00</sln:miejscIIPWersja><sln:miejscIdTeryt>0521992</sln:miejscIdTeryt><sln:miejscNazwa>Aleksandrowo</sln:miejscNazwa><sln:miejscRodzaj>Wieś</sln:miejscRodzaj><sln:powIIPId>d2f96418-0366-4f59-8793-fef1aa0ca19f</sln:powIIPId><sln:powIIPPn>PL.PZGIK.200</sln:powIIPPn><sln:powIIPWersja>2012-09-27T08:13:53+02:00</sln:powIIPWersja><sln:powIdTeryt>1415</sln:powIdTeryt><sln:powNazwa>ostrołęcki</sln:powNazwa><sln:wojIIPId>4b6c492a-eb04-441d-a92a-f44359c06de7</sln:wojIIPId><sln:wojIIPPn>PL.PZGIK.200</sln:wojIIPPn><sln:wojIIPWersja>2012-09-27T13:45:13+02:00</sln:wojIIPWersja><sln:wojIdTeryt>14</sln:wojIdTeryt><sln:wojNazwa>mazowieckie</sln:wojNazwa></sln:miejscowosc><sln:miejscowosc><sln:cyklZyciaDo>2015-06-30T00:00:00+02:00</sln:cyklZyciaDo><sln:cyklZyciaOd>2014-09-25T00:00:00+02:00</sln:cyklZyciaOd><sln:gmIIPId>5a4b91e7-a0aa-4b7c-8cd0-a34c71d30127</sln:gmIIPId><sln:gmIIPPn>PL.PZGIK.200</sln:gmIIPPn><sln:gmIIPWersja>2012-09-26T22:52:53+02:00</sln:gmIIPWersja><sln:gmIdTeryt>1415112</sln:gmIdTeryt><sln:gmNazwa>Troszyn</sln:gmNazwa><sln:miejscIIPId>d5abc55c-c900-4f7c-8c66-2ad1157f034e</sln:miejscIIPId><sln:miejscIIPPn>PL.PZGIK.200</sln:miejscIIPPn><sln:miejscIIPWersja>2016-11-24T13:42:18+02:00</sln:miejscIIPWersja><sln:miejscIdTeryt>0522187</sln:miejscIdTeryt><sln:miejscNazwa>Milewo-Łosie</sln:miejscNazwa><sln:miejscRodzaj>Wieś</sln:miejscRodzaj><sln:powIIPId>d2f96418-0366-4f59-8793-fef1aa0ca19f</sln:powIIPId><sln:powIIPPn>PL.PZGIK.200</sln:powIIPPn><sln:powIIPWersja>2012-09-27T08:13:53+02:00</sln:powIIPWersja><sln:powIdTeryt>1415</sln:powIdTeryt><sln:powNazwa>ostrołęcki</sln:powNazwa><sln:wojIIPId>4b6c492a-eb04-441d-a92a-f44359c06de7</sln:wojIIPId><sln:wojIIPPn>PL.PZGIK.200</sln:wojIIPPn><sln:wojIIPWersja>2012-09-27T13:45:13+02:00</sln:wojIIPWersja><sln:wojIdTeryt>14</sln:wojIdTeryt><sln:wojNazwa>mazowieckie</sln:wojNazwa></sln:miejscowosc><sln:miejscowosc><sln:cyklZyciaDo>2015-06-30T00:00:00+02:00</sln:cyklZyciaDo><sln:cyklZyciaOd>2014-09-25T00:00:00+02:00</sln:cyklZyciaOd><sln:gmIIPId>5a4b91e7-a0aa-4b7c-8cd0-a34c71d30127</sln:gmIIPId><sln:gmIIPPn>PL.PZGIK.200</sln:gmIIPPn><sln:gmIIPWersja>2012-09-26T22:52:53+02:00</sln:gmIIPWersja><sln:gmIdTeryt>1415112</sln:gmIdTeryt><sln:gmNazwa>Troszyn</sln:gmNazwa><sln:miejscIIPId>d9c1ed97-1aa3-4e54-bf77-fc21d3bed7e4</sln:miejscIIPId><sln:miejscIIPPn>PL.PZGIK.200</sln:miejscIIPPn><sln:miejscIIPWersja>2016-11-24T13:30:20+02:00</sln:miejscIIPWersja><sln:miejscIdTeryt>0522282</sln:miejscIdTeryt><sln:miejscNazwa>Sawały</sln:miejscNazwa><sln:miejscRodzaj>Wieś</sln:miejscRodzaj><sln:powIIPId>d2f96418-0366-4f59-8793-fef1aa0ca19f</sln:powIIPId><sln:powIIPPn>PL.PZGIK.200</sln:powIIPPn><sln:powIIPWersja>2012-09-27T08:13:53+02:00</sln:powIIPWersja><sln:powIdTeryt>1415</sln:powIdTeryt><sln:powNazwa>ostrołęcki</sln:powNazwa><sln:wojIIPId>4b6c492a-eb04-441d-a92a-f44359c06de7</sln:wojIIPId><sln:wojIIPPn>PL.PZGIK.200</sln:wojIIPPn><sln:wojIIPWersja>2012-09-27T13:45:13+02:00</sln:wojIIPWersja><sln:wojIdTeryt>14</sln:wojIdTeryt><sln:wojNazwa>mazowieckie</sln:wojNazwa></sln:miejscowosc><sln:miejscowosc><sln:cyklZyciaDo>2015-06-30T00:00:00+02:00</sln:cyklZyciaDo><sln:cyklZyciaOd>2014-09-25T00:00:00+02:00</sln:cyklZyciaOd><sln:gmIIPId>5a4b91e7-a0aa-4b7c-8cd0-a34c71d30127</sln:gmIIPId><sln:gmIIPPn>PL.PZGIK.200</sln:gmIIPPn><sln:gmIIPWersja>2012-09-26T22:52:53+02:00</sln:gmIIPWersja><sln:gmIdTeryt>1415112</sln:gmIdTeryt><sln:gmNazwa>Troszyn</sln:gmNazwa><sln:miejscIIPId>a30305f8-0b31-401f-b87a-1077d9a77b62</sln:miejscIIPId><sln:miejscIIPPn>PL.PZGIK.200</sln:miejscIIPPn><sln:miejscIIPWersja>2016-11-24T13:40:49+02:00</sln:miejscIIPWersja><sln:miejscIdTeryt>0522112</sln:miejscIdTeryt><sln:miejscNazwa>Kurpie Dworskie</sln:miejscNazwa><sln:miejscRodzaj>Wieś</sln:miejscRodzaj><sln:powIIPId>d2f96418-0366-4f59-8793-fef1aa0ca19f</sln:powIIPId><sln:powIIPPn>PL.PZGIK.200</sln:powIIPPn><sln:powIIPWersja>2012-09-27T08:13:53+02:00</sln:powIIPWersja><sln:powIdTeryt>1415</sln:powIdTeryt><sln:powNazwa>ostrołęcki</sln:powNazwa><sln:wojIIPId>4b6c492a-eb04-441d-a92a-f44359c06de7</sln:wojIIPId><sln:wojIIPPn>PL.PZGIK.200</sln:wojIIPPn><sln:wojIIPWersja>2012-09-27T13:45:13+02:00</sln:wojIIPWersja><sln:wojIdTeryt>14</sln:wojIdTeryt><sln:wojNazwa>mazowieckie</sln:wojNazwa></sln:miejscowosc><sln:miejscowosc><sln:cyklZyciaDo>2015-06-30T00:00:00+02:00</sln:cyklZyciaDo><sln:cyklZyciaOd>2014-09-25T00:00:00+02:00</sln:cyklZyciaOd><sln:gmIIPId>5a4b91e7-a0aa-4b7c-8cd0-a34c71d30127</sln:gmIIPId><sln:gmIIPPn>PL.PZGIK.200</sln:gmIIPPn><sln:gmIIPWersja>2012-09-26T22:52:53+02:00</sln:gmIIPWersja><sln:gmIdTeryt>1415112</sln:gmIdTeryt><sln:gmNazwa>Troszyn</sln:gmNazwa><sln:miejscIIPId>584290f6-2ffd-4d13-a9c0-7c68b1458c71</sln:miejscIIPId><sln:miejscIIPPn>PL.PZGIK.200</sln:miejscIIPPn><sln:miejscIIPWersja>2016-11-24T13:35:25+02:00</sln:miejscIIPWersja><sln:miejscIdTeryt>0522030</sln:miejscIdTeryt><sln:miejscNazwa>Chrostowo</sln:miejscNazwa><sln:miejscRodzaj>Wieś</sln:miejscRodzaj><sln:powIIPId>d2f96418-0366-4f59-8793-fef1aa0ca19f</sln:powIIPId><sln:powIIPPn>PL.PZGIK.200</sln:powIIPPn><sln:powIIPWersja>2012-09-27T08:13:53+02:00</sln:powIIPWersja><sln:powIdTeryt>1415</sln:powIdTeryt><sln:powNazwa>ostrołęcki</sln:powNazwa><sln:wojIIPId>4b6c492a-eb04-441d-a92a-f44359c06de7</sln:wojIIPId><sln:wojIIPPn>PL.PZGIK.200</sln:wojIIPPn><sln:wojIIPWersja>2012-09-27T13:45:13+02:00</sln:wojIIPWersja><sln:wojIdTeryt>14</sln:wojIdTeryt><sln:wojNazwa>mazowieckie</sln:wojNazwa></sln:miejscowosc><sln:miejscowosc><sln:cyklZyciaDo>2015-06-30T00:00:00+02:00</sln:cyklZyciaDo><sln:cyklZyciaOd>2014-09-25T00:00:00+02:00</sln:cyklZyciaOd><sln:gmIIPId>5a4b91e7-a0aa-4b7c-8cd0-a34c71d30127</sln:gmIIPId><sln:gmIIPPn>PL.PZGIK.200</sln:gmIIPPn><sln:gmIIPWersja>2012-09-26T22:52:53+02:00</sln:gmIIPWersja><sln:gmIdTeryt>1415112</sln:gmIdTeryt><sln:gmNazwa>Troszyn</sln:gmNazwa><sln:miejscIIPId>c945aa6a-f734-49c9-bbb3-cce4e0d05868</sln:miejscIIPId><sln:miejscIIPPn>PL.PZGIK.200</sln:miejscIIPPn><sln:miejscIIPWersja>2016-11-24T13:31:17+02:00</sln:miejscIIPWersja><sln:miejscIdTeryt>0522307</sln:miejscIdTeryt><sln:miejscNazwa>Janki Stare</sln:miejscNazwa><sln:miejscRodzaj>Wieś</sln:miejscRodzaj><sln:powIIPId>d2f96418-0366-4f59-8793-fef1aa0ca19f</sln:powIIPId><sln:powIIPPn>PL.PZGIK.200</sln:powIIPPn><sln:powIIPWersja>2012-09-27T08:13:53+02:00</sln:powIIPWersja><sln:powIdTeryt>1415</sln:powIdTeryt><sln:powNazwa>ostrołęcki</sln:powNazwa><sln:wojIIPId>4b6c492a-eb04-441d-a92a-f44359c06de7</sln:wojIIPId><sln:wojIIPPn>PL.PZGIK.200</sln:wojIIPPn><sln:wojIIPWersja>2012-09-27T13:45:13+02:00</sln:wojIIPWersja><sln:wojIdTeryt>14</sln:wojIdTeryt><sln:wojNazwa>mazowieckie</sln:wojNazwa></sln:miejscowosc><sln:miejscowosc><sln:cyklZyciaDo>2015-06-30T00:00:00+02:00</sln:cyklZyciaDo><sln:cyklZyciaOd>2014-09-25T00:00:00+02:00</sln:cyklZyciaOd><sln:gmIIPId>5a4b91e7-a0aa-4b7c-8cd0-a34c71d30127</sln:gmIIPId><sln:gmIIPPn>PL.PZGIK.200</sln:gmIIPPn><sln:gmIIPWersja>2012-09-26T22:52:53+02:00</sln:gmIIPWersja><sln:gmIdTeryt>1415112</sln:gmIdTeryt><sln:gmNazwa>Troszyn</sln:gmNazwa><sln:miejscIIPId>65935fdf-41d8-4a15-974e-a6b47e4acfd1</sln:miejscIIPId><sln:miejscIIPPn>PL.PZGIK.200</sln:miejscIIPPn><sln:miejscIIPWersja>2016-11-24T13:29:27+02:00</sln:miejscIIPWersja><sln:miejscIdTeryt>0522247</sln:miejscIdTeryt><sln:miejscNazwa>Rabędy</sln:miejscNazwa><sln:miejscRodzaj>Wieś</sln:miejscRodzaj><sln:powIIPId>d2f96418-0366-4f59-8793-fef1aa0ca19f</sln:powIIPId><sln:powIIPPn>PL.PZGIK.200</sln:powIIPPn><sln:powIIPWersja>2012-09-27T08:13:53+02:00</sln:powIIPWersja><sln:powIdTeryt>1415</sln:powIdTeryt><sln:powNazwa>ostrołęcki</sln:powNazwa><sln:wojIIPId>4b6c492a-eb04-441d-a92a-f44359c06de7</sln:wojIIPId><sln:wojIIPPn>PL.PZGIK.200</sln:wojIIPPn><sln:wojIIPWersja>2012-09-27T13:45:13+02:00</sln:wojIIPWersja><sln:wojIdTeryt>14</sln:wojIdTeryt><sln:wojNazwa>mazowieckie</sln:wojNazwa></sln:miejscowosc><sln:miejscowosc><sln:cyklZyciaDo>2015-06-30T00:00:00+02:00</sln:cyklZyciaDo><sln:cyklZyciaOd>2014-09-25T00:00:00+02:00</sln:cyklZyciaOd><sln:gmIIPId>5a4b91e7-a0aa-4b7c-8cd0-a34c71d30127</sln:gmIIPId><sln:gmIIPPn>PL.PZGIK.200</sln:gmIIPPn><sln:gmIIPWersja>2012-09-26T22:52:53+02:00</sln:gmIIPWersja><sln:gmIdTeryt>1415112</sln:gmIdTeryt><sln:gmNazwa>Troszyn</sln:gmNazwa><sln:miejscIIPId>a587a535-5bd0-4e5f-b627-02f58867278e</sln:miejscIIPId><sln:miejscIIPPn>PL.PZGIK.200</sln:miejscIIPPn><sln:miejscIIPWersja>2016-11-24T13:39:27+02:00</sln:miejscIIPWersja><sln:miejscIdTeryt>0522106</sln:miejscIdTeryt><sln:miejscNazwa>Kleczkowo</sln:miejscNazwa><sln:miejscRodzaj>Wieś</sln:miejscRodzaj><sln:powIIPId>d2f96418-0366-4f59-8793-fef1aa0ca19f</sln:powIIPId><sln:powIIPPn>PL.PZGIK.200</sln:powIIPPn><sln:powIIPWersja>2012-09-27T08:13:53+02:00</sln:powIIPWersja><sln:powIdTeryt>1415</sln:powIdTeryt><sln:powNazwa>ostrołęcki</sln:powNazwa><sln:wojIIPId>4b6c492a-eb04-441d-a92a-f44359c06de7</sln:wojIIPId><sln:wojIIPPn>PL.PZGIK.200</sln:wojIIPPn><sln:wojIIPWersja>2012-09-27T13:45:13+02:00</sln:wojIIPWersja><sln:wojIdTeryt>14</sln:wojIdTeryt><sln:wojNazwa>mazowieckie</sln:wojNazwa></sln:miejscowosc><sln:miejscowosc><sln:cyklZyciaDo>2015-06-30T00:00:00+02:00</sln:cyklZyciaDo><sln:cyklZyciaOd>2014-09-25T00:00:00+02:00</sln:cyklZyciaOd><sln:gmIIPId>5a4b91e7-a0aa-4b7c-8cd0-a34c71d30127</sln:gmIIPId><sln:gmIIPPn>PL.PZGIK.200</sln:gmIIPPn><sln:gmIIPWersja>2012-09-26T22:52:53+02:00</sln:gmIIPWersja><sln:gmIdTeryt>1415112</sln:gmIdTeryt><sln:gmNazwa>Troszyn</sln:gmNazwa><sln:miejscIIPId>589eb42a-0716-4cd8-ae78-aae318ca4464</sln:miejscIIPId><sln:miejscIIPPn>PL.PZGIK.200</sln:miejscIIPPn><sln:miejscIIPWersja>2016-11-24T13:34:56+02:00</sln:miejscIIPWersja><sln:miejscIdTeryt>0522023</sln:miejscIdTeryt><sln:miejscNazwa>Choromany</sln:miejscNazwa><sln:miejscRodzaj>Wieś</sln:miejscRodzaj><sln:powIIPId>d2f96418-0366-4f59-8793-fef1aa0ca19f</sln:powIIPId><sln:powIIPPn>PL.PZGIK.200</sln:powIIPPn><sln:powIIPWersja>2012-09-27T08:13:53+02:00</sln:powIIPWersja><sln:powIdTeryt>1415</sln:powIdTeryt><sln:powNazwa>ostrołęcki</sln:powNazwa><sln:wojIIPId>4b6c492a-eb04-441d-a92a-f44359c06de7</sln:wojIIPId><sln:wojIIPPn>PL.PZGIK.200</sln:wojIIPPn><sln:wojIIPWersja>2012-09-27T13:45:13+02:00</sln:wojIIPWersja><sln:wojIdTeryt>14</sln:wojIdTeryt><sln:wojNazwa>mazowieckie</sln:wojNazwa></sln:miejscowosc><sln:miejscowosc><sln:cyklZyciaDo>2015-06-30T00:00:00+02:00</sln:cyklZyciaDo><sln:cyklZyciaOd>2014-09-25T00:00:00+02:00</sln:cyklZyciaOd><sln:gmIIPId>5a4b91e7-a0aa-4b7c-8cd0-a34c71d30127</sln:gmIIPId><sln:gmIIPPn>PL.PZGIK.200</sln:gmIIPPn><sln:gmIIPWersja>2012-09-26T22:52:53+02:00</sln:gmIIPWersja><sln:gmIdTeryt>1415112</sln:gmIdTeryt><sln:gmNazwa>Troszyn</sln:gmNazwa><sln:miejscIIPId>2cd561ff-0208-4e30-a1c4-1e634b16d2b6</sln:miejscIIPId><sln:miejscIIPPn>PL.PZGIK.200</sln:miejscIIPPn><sln:miejscIIPWersja>2016-11-24T13:34:39+02:00</sln:miejscIIPWersja><sln:miejscIdTeryt>0522365</sln:miejscIdTeryt><sln:miejscNazwa>Zawady</sln:miejscNazwa><sln:miejscRodzaj>Wieś</sln:miejscRodzaj><sln:powIIPId>d2f96418-0366-4f59-8793-fef1aa0ca19f</sln:powIIPId><sln:powIIPPn>PL.PZGIK.200</sln:powIIPPn><sln:powIIPWersja>2012-09-27T08:13:53+02:00</sln:powIIPWersja><sln:powIdTeryt>1415</sln:powIdTeryt><sln:powNazwa>ostrołęcki</sln:powNazwa><sln:wojIIPId>4b6c492a-eb04-441d-a92a-f44359c06de7</sln:wojIIPId><sln:wojIIPPn>PL.PZGIK.200</sln:wojIIPPn><sln:wojIIPWersja>2012-09-27T13:45:13+02:00</sln:wojIIPWersja><sln:wojIdTeryt>14</sln:wojIdTeryt><sln:wojNazwa>mazowieckie</sln:wojNazwa></sln:miejscowosc><sln:miejscowosc><sln:cyklZyciaDo>2015-06-30T00:00:00+02:00</sln:cyklZyciaDo><sln:cyklZyciaOd>2014-09-25T00:00:00+02:00</sln:cyklZyciaOd><sln:gmIIPId>5a4b91e7-a0aa-4b7c-8cd0-a34c71d30127</sln:gmIIPId><sln:gmIIPPn>PL.PZGIK.200</sln:gmIIPPn><sln:gmIIPWersja>2012-09-26T22:52:53+02:00</sln:gmIIPWersja><sln:gmIdTeryt>1415112</sln:gmIdTeryt><sln:gmNazwa>Troszyn</sln:gmNazwa><sln:miejscIIPId>2982fb1d-e95c-4a0b-a6fe-9f363d0571de</sln:miejscIIPId><sln:miejscIIPPn>PL.PZGIK.200</sln:miejscIIPPn><sln:miejscIIPWersja>2016-11-24T13:41:33+02:00</sln:miejscIIPWersja><sln:miejscIdTeryt>0996011</sln:miejscIdTeryt><sln:miejscNazwa>Łątczyn</sln:miejscNazwa><sln:miejscRodzaj>Wieś</sln:miejscRodzaj><sln:powIIPId>d2f96418-0366-4f59-8793-fef1aa0ca19f</sln:powIIPId><sln:powIIPPn>PL.PZGIK.200</sln:powIIPPn><sln:powIIPWersja>2012-09-27T08:13:53+02:00</sln:powIIPWersja><sln:powIdTeryt>1415</sln:powIdTeryt><sln:powNazwa>ostrołęcki</sln:powNazwa><sln:wojIIPId>4b6c492a-eb04-441d-a92a-f44359c06de7</sln:wojIIPId><sln:wojIIPPn>PL.PZGIK.200</sln:wojIIPPn><sln:wojIIPWersja>2012-09-27T13:45:13+02:00</sln:wojIIPWersja><sln:wojIdTeryt>14</sln:wojIdTeryt><sln:wojNazwa>mazowieckie</sln:wojNazwa></sln:miejscowosc><sln:miejscowosc><sln:cyklZyciaDo>2015-06-30T00:00:00+02:00</sln:cyklZyciaDo><sln:cyklZyciaOd>2014-09-25T00:00:00+02:00</sln:cyklZyciaOd><sln:gmIIPId>5a4b91e7-a0aa-4b7c-8cd0-a34c71d30127</sln:gmIIPId><sln:gmIIPPn>PL.PZGIK.200</sln:gmIIPPn><sln:gmIIPWersja>2012-09-26T22:52:53+02:00</sln:gmIIPWersja><sln:gmIdTeryt>1415112</sln:gmIdTeryt><sln:gmNazwa>Troszyn</sln:gmNazwa><sln:miejscIIPId>1428206e-5b5f-4e65-a04c-6fcda7ad9c5b</sln:miejscIIPId><sln:miejscIIPPn>PL.PZGIK.200</sln:miejscIIPPn><sln:miejscIIPWersja>2016-11-24T13:42:11+02:00</sln:miejscIIPWersja><sln:miejscIdTeryt>0522164</sln:miejscIdTeryt><sln:miejscNazwa>Mieczki-Poziemaki</sln:miejscNazwa><sln:miejscRodzaj>Wieś</sln:miejscRodzaj><sln:powIIPId>d2f96418-0366-4f59-8793-fef1aa0ca19f</sln:powIIPId><sln:powIIPPn>PL.PZGIK.200</sln:powIIPPn><sln:powIIPWersja>2012-09-27T08:13:53+02:00</sln:powIIPWersja><sln:powIdTeryt>1415</sln:powIdTeryt><sln:powNazwa>ostrołęcki</sln:powNazwa><sln:wojIIPId>4b6c492a-eb04-441d-a92a-f44359c06de7</sln:wojIIPId><sln:wojIIPPn>PL.PZGIK.200</sln:wojIIPPn><sln:wojIIPWersja>2012-09-27T13:45:13+02:00</sln:wojIIPWersja><sln:wojIdTeryt>14</sln:wojIdTeryt><sln:wojNazwa>mazowieckie</sln:wojNazwa></sln:miejscowosc><sln:miejscowosc><sln:cyklZyciaDo>2015-06-30T00:00:00+02:00</sln:cyklZyciaDo><sln:cyklZyciaOd>2014-09-25T00:00:00+02:00</sln:cyklZyciaOd><sln:gmIIPId>5a4b91e7-a0aa-4b7c-8cd0-a34c71d30127</sln:gmIIPId><sln:gmIIPPn>PL.PZGIK.200</sln:gmIIPPn><sln:gmIIPWersja>2012-09-26T22:52:53+02:00</sln:gmIIPWersja><sln:gmIdTeryt>1415112</sln:gmIdTeryt><sln:gmNazwa>Troszyn</sln:gmNazwa><sln:miejscIIPId>445889ef-2a45-4090-8301-878a7388e534</sln:miejscIIPId><sln:miejscIIPPn>PL.PZGIK.200</sln:miejscIIPPn><sln:miejscIIPWersja>2016-11-24T13:32:27+02:00</sln:miejscIIPWersja><sln:miejscIdTeryt>0522313</sln:miejscIdTeryt><sln:miejscNazwa>Troszyn</sln:miejscNazwa><sln:miejscRodzaj>Wieś</sln:miejscRodzaj><sln:powIIPId>d2f96418-0366-4f59-8793-fef1aa0ca19f</sln:powIIPId><sln:powIIPPn>PL.PZGIK.200</sln:powIIPPn><sln:powIIPWersja>2012-09-27T08:13:53+02:00</sln:powIIPWersja><sln:powIdTeryt>1415</sln:powIdTeryt><sln:powNazwa>ostrołęcki</sln:powNazwa><sln:wojIIPId>4b6c492a-eb04-441d-a92a-f44359c06de7</sln:wojIIPId><sln:wojIIPPn>PL.PZGIK.200</sln:wojIIPPn><sln:wojIIPWersja>2012-09-27T13:45:13+02:00</sln:wojIIPWersja><sln:wojIdTeryt>14</sln:wojIdTeryt><sln:wojNazwa>mazowieckie</sln:wojNazwa></sln:miejscowosc><sln:miejscowosc><sln:cyklZyciaDo>2015-06-30T00:00:00+02:00</sln:cyklZyciaDo><sln:cyklZyciaOd>2014-09-25T00:00:00+02:00</sln:cyklZyciaOd><sln:gmIIPId>5a4b91e7-a0aa-4b7c-8cd0-a34c71d30127</sln:gmIIPId><sln:gmIIPPn>PL.PZGIK.200</sln:gmIIPPn><sln:gmIIPWersja>2012-09-26T22:52:53+02:00</sln:gmIIPWersja><sln:gmIdTeryt>1415112</sln:gmIdTeryt><sln:gmNazwa>Troszyn</sln:gmNazwa><sln:miejscIIPId>d84091b4-1666-4fca-8ecf-9a2c925db238</sln:miejscIIPId><sln:miejscIIPPn>PL.PZGIK.200</sln:miejscIIPPn><sln:miejscIIPWersja>2016-11-24T13:29:32+02:00</sln:miejscIIPWersja><sln:miejscIdTeryt>0522253</sln:miejscIdTeryt><sln:miejscNazwa>Radgoszcz</sln:miejscNazwa><sln:miejscRodzaj>Wieś</sln:miejscRodzaj><sln:powIIPId>d2f96418-0366-4f59-8793-fef1aa0ca19f</sln:powIIPId><sln:powIIPPn>PL.PZGIK.200</sln:powIIPPn><sln:powIIPWersja>2012-09-27T08:13:53+02:00</sln:powIIPWersja><sln:powIdTeryt>1415</sln:powIdTeryt><sln:powNazwa>ostrołęcki</sln:powNazwa><sln:wojIIPId>4b6c492a-eb04-441d-a92a-f44359c06de7</sln:wojIIPId><sln:wojIIPPn>PL.PZGIK.200</sln:wojIIPPn><sln:wojIIPWersja>2012-09-27T13:45:13+02:00</sln:wojIIPWersja><sln:wojIdTeryt>14</sln:wojIdTeryt><sln:wojNazwa>mazowieckie</sln:wojNazwa></sln:miejscowosc><sln:miejscowosc><sln:cyklZyciaDo>2015-06-30T00:00:00+02:00</sln:cyklZyciaDo><sln:cyklZyciaOd>2014-09-25T00:00:00+02:00</sln:cyklZyciaOd><sln:gmIIPId>5a4b91e7-a0aa-4b7c-8cd0-a34c71d30127</sln:gmIIPId><sln:gmIIPPn>PL.PZGIK.200</sln:gmIIPPn><sln:gmIIPWersja>2012-09-26T22:52:53+02:00</sln:gmIIPWersja><sln:gmIdTeryt>1415112</sln:gmIdTeryt><sln:gmNazwa>Troszyn</sln:gmNazwa><sln:miejscIIPId>82e4f860-829e-404a-8c86-3e931a5ad5a3</sln:miejscIIPId><sln:miejscIIPPn>PL.PZGIK.200</sln:miejscIIPPn><sln:miejscIIPWersja>2016-11-24T13:29:45+02:00</sln:miejscIIPWersja><sln:miejscIdTeryt>0522260</sln:miejscIdTeryt><sln:miejscNazwa>Repki</sln:miejscNazwa><sln:miejscRodzaj>Wieś</sln:miejscRodzaj><sln:powIIPId>d2f96418-0366-4f59-8793-fef1aa0ca19f</sln:powIIPId><sln:powIIPPn>PL.PZGIK.200</sln:powIIPPn><sln:powIIPWersja>2012-09-27T08:13:53+02:00</sln:powIIPWersja><sln:powIdTeryt>1415</sln:powIdTeryt><sln:powNazwa>ostrołęcki</sln:powNazwa><sln:wojIIPId>4b6c492a-eb04-441d-a92a-f44359c06de7</sln:wojIIPId><sln:wojIIPPn>PL.PZGIK.200</sln:wojIIPPn><sln:wojIIPWersja>2012-09-27T13:45:13+02:00</sln:wojIIPWersja><sln:wojIdTeryt>14</sln:wojIdTeryt><sln:wojNazwa>mazowieckie</sln:wojNazwa></sln:miejscowosc><sln:miejscowosc><sln:cyklZyciaDo>2015-06-30T00:00:00+02:00</sln:cyklZyciaDo><sln:cyklZyciaOd>2014-09-25T00:00:00+02:00</sln:cyklZyciaOd><sln:gmIIPId>5a4b91e7-a0aa-4b7c-8cd0-a34c71d30127</sln:gmIIPId><sln:gmIIPPn>PL.PZGIK.200</sln:gmIIPPn><sln:gmIIPWersja>2012-09-26T22:52:53+02:00</sln:gmIIPWersja><sln:gmIdTeryt>1415112</sln:gmIdTeryt><sln:gmNazwa>Troszyn</sln:gmNazwa><sln:miejscIIPId>19fc4fc7-2219-404c-8608-c33fcaf5de25</sln:miejscIIPId><sln:miejscIIPPn>PL.PZGIK.200</sln:miejscIIPPn><sln:miejscIIPWersja>2016-11-24T13:38:31+02:00</sln:miejscIIPWersja><sln:miejscIdTeryt>0522081</sln:miejscIdTeryt><sln:miejscNazwa>Janochy</sln:miejscNazwa><sln:miejscRodzaj>Wieś</sln:miejscRodzaj><sln:powIIPId>d2f96418-0366-4f59-8793-fef1aa0ca19f</sln:powIIPId><sln:powIIPPn>PL.PZGIK.200</sln:powIIPPn><sln:powIIPWersja>2012-09-27T08:13:53+02:00</sln:powIIPWersja><sln:powIdTeryt>1415</sln:powIdTeryt><sln:powNazwa>ostrołęcki</sln:powNazwa><sln:wojIIPId>4b6c492a-eb04-441d-a92a-f44359c06de7</sln:wojIIPId><sln:wojIIPPn>PL.PZGIK.200</sln:wojIIPPn><sln:wojIIPWersja>2012-09-27T13:45:13+02:00</sln:wojIIPWersja><sln:wojIdTeryt>14</sln:wojIdTeryt><sln:wojNazwa>mazowieckie</sln:wojNazwa></sln:miejscowosc><sln:miejscowosc><sln:cyklZyciaDo>2015-06-30T00:00:00+02:00</sln:cyklZyciaDo><sln:cyklZyciaOd>2014-09-25T00:00:00+02:00</sln:cyklZyciaOd><sln:gmIIPId>5a4b91e7-a0aa-4b7c-8cd0-a34c71d30127</sln:gmIIPId><sln:gmIIPPn>PL.PZGIK.200</sln:gmIIPPn><sln:gmIIPWersja>2012-09-26T22:52:53+02:00</sln:gmIIPWersja><sln:gmIdTeryt>1415112</sln:gmIdTeryt><sln:gmNazwa>Troszyn</sln:gmNazwa><sln:miejscIIPId>6f3c8128-5161-4a31-a9e7-4b4c4c418ae8</sln:miejscIIPId><sln:miejscIIPPn>PL.PZGIK.200</sln:miejscIIPPn><sln:miejscIIPWersja>2016-11-24T13:40:50+02:00</sln:miejscIIPWersja><sln:miejscIdTeryt>0522129</sln:miejscIdTeryt><sln:miejscNazwa>Kurpie Szlacheckie</sln:miejscNazwa><sln:miejscRodzaj>Wieś</sln:miejscRodzaj><sln:powIIPId>d2f96418-0366-4f59-8793-fef1aa0ca19f</sln:powIIPId><sln:powIIPPn>PL.PZGIK.200</sln:powIIPPn><sln:powIIPWersja>2012-09-27T08:13:53+02:00</sln:powIIPWersja><sln:powIdTeryt>1415</sln:powIdTeryt><sln:powNazwa>ostrołęcki</sln:powNazwa><sln:wojIIPId>4b6c492a-eb04-441d-a92a-f44359c06de7</sln:wojIIPId><sln:wojIIPPn>PL.PZGIK.200</sln:wojIIPPn><sln:wojIIPWersja>2012-09-27T13:45:13+02:00</sln:wojIIPWersja><sln:wojIdTeryt>14</sln:wojIdTeryt><sln:wojNazwa>mazowieckie</sln:wojNazwa></sln:miejscowosc><sln:miejscowosc><sln:cyklZyciaDo>2015-06-30T00:00:00+02:00</sln:cyklZyciaDo><sln:cyklZyciaOd>2014-09-25T00:00:00+02:00</sln:cyklZyciaOd><sln:gmIIPId>5a4b91e7-a0aa-4b7c-8cd0-a34c71d30127</sln:gmIIPId><sln:gmIIPPn>PL.PZGIK.200</sln:gmIIPPn><sln:gmIIPWersja>2012-09-26T22:52:53+02:00</sln:gmIIPWersja><sln:gmIdTeryt>1415112</sln:gmIdTeryt><sln:gmNazwa>Troszyn</sln:gmNazwa><sln:miejscIIPId>64caed4b-aa71-4b75-8d67-c725d7e1fe0e</sln:miejscIIPId><sln:miejscIIPPn>PL.PZGIK.200</sln:miejscIIPPn><sln:miejscIIPWersja>2016-11-24T13:43:21+02:00</sln:miejscIIPWersja><sln:miejscIdTeryt>0522000</sln:miejscIdTeryt><sln:miejscNazwa>Borowce</sln:miejscNazwa><sln:miejscRodzaj>Wieś</sln:miejscRodzaj><sln:powIIPId>d2f96418-0366-4f59-8793-fef1aa0ca19f</sln:powIIPId><sln:powIIPPn>PL.PZGIK.200</sln:powIIPPn><sln:powIIPWersja>2012-09-27T08:13:53+02:00</sln:powIIPWersja><sln:powIdTeryt>1415</sln:powIdTeryt><sln:powNazwa>ostrołęcki</sln:powNazwa><sln:wojIIPId>4b6c492a-eb04-441d-a92a-f44359c06de7</sln:wojIIPId><sln:wojIIPPn>PL.PZGIK.200</sln:wojIIPPn><sln:wojIIPWersja>2012-09-27T13:45:13+02:00</sln:wojIIPWersja><sln:wojIdTeryt>14</sln:wojIdTeryt><sln:wojNazwa>mazowieckie</sln:wojNazwa></sln:miejscowosc><sln:miejscowosc><sln:cyklZyciaDo>2015-06-30T00:00:00+02:00</sln:cyklZyciaDo><sln:cyklZyciaOd>2014-09-25T00:00:00+02:00</sln:cyklZyciaOd><sln:gmIIPId>5a4b91e7-a0aa-4b7c-8cd0-a34c71d30127</sln:gmIIPId><sln:gmIIPPn>PL.PZGIK.200</sln:gmIIPPn><sln:gmIIPWersja>2012-09-26T22:52:53+02:00</sln:gmIIPWersja><sln:gmIdTeryt>1415112</sln:gmIdTeryt><sln:gmNazwa>Troszyn</sln:gmNazwa><sln:miejscIIPId>81a4c07e-61ab-4af1-9e22-503c5868e6d8</sln:miejscIIPId><sln:miejscIIPPn>PL.PZGIK.200</sln:miejscIIPPn><sln:miejscIIPWersja>2016-11-24T13:36:45+02:00</sln:miejscIIPWersja><sln:miejscIdTeryt>0522069</sln:miejscIdTeryt><sln:miejscNazwa>Dzbenin</sln:miejscNazwa><sln:miejscRodzaj>Wieś</sln:miejscRodzaj><sln:powIIPId>d2f96418-0366-4f59-8793-fef1aa0ca19f</sln:powIIPId><sln:powIIPPn>PL.PZGIK.200</sln:powIIPPn><sln:powIIPWersja>2012-09-27T08:13:53+02:00</sln:powIIPWersja><sln:powIdTeryt>1415</sln:powIdTeryt><sln:powNazwa>ostrołęcki</sln:powNazwa><sln:wojIIPId>4b6c492a-eb04-441d-a92a-f44359c06de7</sln:wojIIPId><sln:wojIIPPn>PL.PZGIK.200</sln:wojIIPPn><sln:wojIIPWersja>2012-09-27T13:45:13+02:00</sln:wojIIPWersja><sln:wojIdTeryt>14</sln:wojIdTeryt><sln:wojNazwa>mazowieckie</sln:wojNazwa></sln:miejscowosc><sln:miejscowosc><sln:cyklZyciaDo>2015-06-30T00:00:00+02:00</sln:cyklZyciaDo><sln:cyklZyciaOd>2014-09-25T00:00:00+02:00</sln:cyklZyciaOd><sln:gmIIPId>5a4b91e7-a0aa-4b7c-8cd0-a34c71d30127</sln:gmIIPId><sln:gmIIPPn>PL.PZGIK.200</sln:gmIIPPn><sln:gmIIPWersja>2012-09-26T22:52:53+02:00</sln:gmIIPWersja><sln:gmIdTeryt>1415112</sln:gmIdTeryt><sln:gmNazwa>Troszyn</sln:gmNazwa><sln:miejscIIPId>fc9e4992-68f3-423d-9c63-e712c23d4a07</sln:miejscIIPId><sln:miejscIIPPn>PL.PZGIK.200</sln:miejscIIPPn><sln:miejscIIPWersja>2016-11-24T13:32:28+02:00</sln:miejscIIPWersja><sln:miejscIdTeryt>0522320</sln:miejscIdTeryt><sln:miejscNazwa>Trzaski</sln:miejscNazwa><sln:miejscRodzaj>Wieś</sln:miejscRodzaj><sln:powIIPId>d2f96418-0366-4f59-8793-fef1aa0ca19f</sln:powIIPId><sln:powIIPPn>PL.PZGIK.200</sln:powIIPPn><sln:powIIPWersja>2012-09-27T08:13:53+02:00</sln:powIIPWersja><sln:powIdTeryt>1415</sln:powIdTeryt><sln:powNazwa>ostrołęcki</sln:powNazwa><sln:wojIIPId>4b6c492a-eb04-441d-a92a-f44359c06de7</sln:wojIIPId><sln:wojIIPPn>PL.PZGIK.200</sln:wojIIPPn><sln:wojIIPWersja>2012-09-27T13:45:13+02:00</sln:wojIIPWersja><sln:wojIdTeryt>14</sln:wojIdTeryt><sln:wojNazwa>mazowieckie</sln:wojNazwa></sln:miejscowosc><sln:miejscowosc><sln:cyklZyciaDo>2015-06-30T00:00:00+02:00</sln:cyklZyciaDo><sln:cyklZyciaOd>2014-09-25T00:00:00+02:00</sln:cyklZyciaOd><sln:gmIIPId>5a4b91e7-a0aa-4b7c-8cd0-a34c71d30127</sln:gmIIPId><sln:gmIIPPn>PL.PZGIK.200</sln:gmIIPPn><sln:gmIIPWersja>2012-09-26T22:52:53+02:00</sln:gmIIPWersja><sln:gmIdTeryt>1415112</sln:gmIdTeryt><sln:gmNazwa>Troszyn</sln:gmNazwa><sln:miejscIIPId>f5ad27f2-3dad-483b-b3a8-56e212509ef6</sln:miejscIIPId><sln:miejscIIPPn>PL.PZGIK.200</sln:miejscIIPPn><sln:miejscIIPWersja>2016-11-24T13:42:20+02:00</sln:miejscIIPWersja><sln:miejscIdTeryt>0522201</sln:miejscIdTeryt><sln:miejscNazwa>Milewo Wielkie</sln:miejscNazwa><sln:miejscRodzaj>Wieś</sln:miejscRodzaj><sln:powIIPId>d2f96418-0366-4f59-8793-fef1aa0ca19f</sln:powIIPId><sln:powIIPPn>PL.PZGIK.200</sln:powIIPPn><sln:powIIPWersja>2012-09-27T08:13:53+02:00</sln:powIIPWersja><sln:powIdTeryt>1415</sln:powIdTeryt><sln:powNazwa>ostrołęcki</sln:powNazwa><sln:wojIIPId>4b6c492a-eb04-441d-a92a-f44359c06de7</sln:wojIIPId><sln:wojIIPPn>PL.PZGIK.200</sln:wojIIPPn><sln:wojIIPWersja>2012-09-27T13:45:13+02:00</sln:wojIIPWersja><sln:wojIdTeryt>14</sln:wojIdTeryt><sln:wojNazwa>mazowieckie</sln:wojNazwa></sln:miejscowosc><sln:miejscowosc><sln:cyklZyciaDo>2015-06-30T00:00:00+02:00</sln:cyklZyciaDo><sln:cyklZyciaOd>2014-09-25T00:00:00+02:00</sln:cyklZyciaOd><sln:gmIIPId>5a4b91e7-a0aa-4b7c-8cd0-a34c71d30127</sln:gmIIPId><sln:gmIIPPn>PL.PZGIK.200</sln:gmIIPPn><sln:gmIIPWersja>2012-09-26T22:52:53+02:00</sln:gmIIPWersja><sln:gmIdTeryt>1415112</sln:gmIdTeryt><sln:gmNazwa>Troszyn</sln:gmNazwa><sln:miejscIIPId>6d4ec7ad-ac5c-4c4c-9fb8-77b6435633bb</sln:miejscIIPId><sln:miejscIIPPn>PL.PZGIK.200</sln:miejscIIPPn><sln:miejscIIPWersja>2016-11-24T13:42:19+02:00</sln:miejscIIPWersja><sln:miejscIdTeryt>0522193</sln:miejscIdTeryt><sln:miejscNazwa>Milewo-Tosie</sln:miejscNazwa><sln:miejscRodzaj>Wieś</sln:miejscRodzaj><sln:powIIPId>d2f96418-0366-4f59-8793-fef1aa0ca19f</sln:powIIPId><sln:powIIPPn>PL.PZGIK.200</sln:powIIPPn><sln:powIIPWersja>2012-09-27T08:13:53+02:00</sln:powIIPWersja><sln:powIdTeryt>1415</sln:powIdTeryt><sln:powNazwa>ostrołęcki</sln:powNazwa><sln:wojIIPId>4b6c492a-eb04-441d-a92a-f44359c06de7</sln:wojIIPId><sln:wojIIPPn>PL.PZGIK.200</sln:wojIIPPn><sln:wojIIPWersja>2012-09-27T13:45:13+02:00</sln:wojIIPWersja><sln:wojIdTeryt>14</sln:wojIdTeryt><sln:wojNazwa>mazowieckie</sln:wojNazwa></sln:miejscowosc><sln:miejscowosc><sln:cyklZyciaDo>2015-06-30T00:00:00+02:00</sln:cyklZyciaDo><sln:cyklZyciaOd>2014-09-25T00:00:00+02:00</sln:cyklZyciaOd><sln:gmIIPId>5a4b91e7-a0aa-4b7c-8cd0-a34c71d30127</sln:gmIIPId><sln:gmIIPPn>PL.PZGIK.200</sln:gmIIPPn><sln:gmIIPWersja>2012-09-26T22:52:53+02:00</sln:gmIIPWersja><sln:gmIdTeryt>1415112</sln:gmIdTeryt><sln:gmNazwa>Troszyn</sln:gmNazwa><sln:miejscIIPId>0119835d-a360-46ac-b07c-fea8f0c9c652</sln:miejscIIPId><sln:miejscIIPPn>PL.PZGIK.200</sln:miejscIIPPn><sln:miejscIIPWersja>2016-11-24T13:42:12+02:00</sln:miejscIIPWersja><sln:miejscIdTeryt>0522158</sln:miejscIdTeryt><sln:miejscNazwa>Mieczki-Abramy</sln:miejscNazwa><sln:miejscRodzaj>Wieś</sln:miejscRodzaj><sln:powIIPId>d2f96418-0366-4f59-8793-fef1aa0ca19f</sln:powIIPId><sln:powIIPPn>PL.PZGIK.200</sln:powIIPPn><sln:powIIPWersja>2012-09-27T08:13:53+02:00</sln:powIIPWersja><sln:powIdTeryt>1415</sln:powIdTeryt><sln:powNazwa>ostrołęcki</sln:powNazwa><sln:wojIIPId>4b6c492a-eb04-441d-a92a-f44359c06de7</sln:wojIIPId><sln:wojIIPPn>PL.PZGIK.200</sln:wojIIPPn><sln:wojIIPWersja>2012-09-27T13:45:13+02:00</sln:wojIIPWersja><sln:wojIdTeryt>14</sln:wojIdTeryt><sln:wojNazwa>mazowieckie</sln:wojNazwa></sln:miejscowosc><sln:miejscowosc><sln:cyklZyciaDo>2015-06-30T00:00:00+02:00</sln:cyklZyciaDo><sln:cyklZyciaOd>2014-09-25T00:00:00+02:00</sln:cyklZyciaOd><sln:gmIIPId>5a4b91e7-a0aa-4b7c-8cd0-a34c71d30127</sln:gmIIPId><sln:gmIIPPn>PL.PZGIK.200</sln:gmIIPPn><sln:gmIIPWersja>2012-09-26T22:52:53+02:00</sln:gmIIPWersja><sln:gmIdTeryt>1415112</sln:gmIdTeryt><sln:gmNazwa>Troszyn</sln:gmNazwa><sln:miejscIIPId>c8c8e058-0f34-4801-8dab-d0b5dc3bae32</sln:miejscIIPId><sln:miejscIIPPn>PL.PZGIK.200</sln:miejscIIPPn><sln:miejscIIPWersja>2016-11-24T13:29:50+02:00</sln:miejscIIPWersja><sln:miejscIdTeryt>0522276</sln:miejscIdTeryt><sln:miejscNazwa>Rostki</sln:miejscNazwa><sln:miejscRodzaj>Wieś</sln:miejscRodzaj><sln:powIIPId>d2f96418-0366-4f59-8793-fef1aa0ca19f</sln:powIIPId><sln:powIIPPn>PL.PZGIK.200</sln:powIIPPn><sln:powIIPWersja>2012-09-27T08:13:53+02:00</sln:powIIPWersja><sln:powIdTeryt>1415</sln:powIdTeryt><sln:powNazwa>ostrołęcki</sln:powNazwa><sln:wojIIPId>4b6c492a-eb04-441d-a92a-f44359c06de7</sln:wojIIPId><sln:wojIIPPn>PL.PZGIK.200</sln:wojIIPPn><sln:wojIIPWersja>2012-09-27T13:45:13+02:00</sln:wojIIPWersja><sln:wojIdTeryt>14</sln:wojIdTeryt><sln:wojNazwa>mazowieckie</sln:wojNazwa></sln:miejscowosc><sln:miejscowosc><sln:cyklZyciaDo>2015-06-30T00:00:00+02:00</sln:cyklZyciaDo><sln:cyklZyciaOd>2014-09-25T00:00:00+02:00</sln:cyklZyciaOd><sln:gmIIPId>5a4b91e7-a0aa-4b7c-8cd0-a34c71d30127</sln:gmIIPId><sln:gmIIPPn>PL.PZGIK.200</sln:gmIIPPn><sln:gmIIPWersja>2012-09-26T22:52:53+02:00</sln:gmIIPWersja><sln:gmIdTeryt>1415112</sln:gmIdTeryt><sln:gmNazwa>Troszyn</sln:gmNazwa><sln:miejscIIPId>0303e488-68bb-4a87-aa4a-d2b017ed1ca8</sln:miejscIIPId><sln:miejscIIPPn>PL.PZGIK.200</sln:miejscIIPPn><sln:miejscIIPWersja>2016-11-24T13:35:12+02:00</sln:miejscIIPWersja><sln:miejscIdTeryt>0522394</sln:miejscIdTeryt><sln:miejscNazwa>Żmijewek Włościański</sln:miejscNazwa><sln:miejscRodzaj>Wieś</sln:miejscRodzaj><sln:powIIPId>d2f96418-0366-4f59-8793-fef1aa0ca19f</sln:powIIPId><sln:powIIPPn>PL.PZGIK.200</sln:powIIPPn><sln:powIIPWersja>2012-09-27T08:13:53+02:00</sln:powIIPWersja><sln:powIdTeryt>1415</sln:powIdTeryt><sln:powNazwa>ostrołęcki</sln:powNazwa><sln:wojIIPId>4b6c492a-eb04-441d-a92a-f44359c06de7</sln:wojIIPId><sln:wojIIPPn>PL.PZGIK.200</sln:wojIIPPn><sln:wojIIPWersja>2012-09-27T13:45:13+02:00</sln:wojIIPWersja><sln:wojIdTeryt>14</sln:wojIdTeryt><sln:wojNazwa>mazowieckie</sln:wojNazwa></sln:miejscowosc><sln:miejscowosc><sln:cyklZyciaDo>2015-06-30T00:00:00+02:00</sln:cyklZyciaDo><sln:cyklZyciaOd>2014-09-25T00:00:00+02:00</sln:cyklZyciaOd><sln:gmIIPId>5a4b91e7-a0aa-4b7c-8cd0-a34c71d30127</sln:gmIIPId><sln:gmIIPPn>PL.PZGIK.200</sln:gmIIPPn><sln:gmIIPWersja>2012-09-26T22:52:53+02:00</sln:gmIIPWersja><sln:gmIdTeryt>1415112</sln:gmIdTeryt><sln:gmNazwa>Troszyn</sln:gmNazwa><sln:miejscIIPId>aa808356-6779-4e62-bcf0-772ca5bc7abd</sln:miejscIIPId><sln:miejscIIPPn>PL.PZGIK.200</sln:miejscIIPPn><sln:miejscIIPWersja>2016-11-24T13:35:20+02:00</sln:miejscIIPWersja><sln:miejscIdTeryt>0522402</sln:miejscIdTeryt><sln:miejscNazwa>Żyźniewo</sln:miejscNazwa><sln:miejscRodzaj>Wieś</sln:miejscRodzaj><sln:powIIPId>d2f96418-0366-4f59-8793-fef1aa0ca19f</sln:powIIPId><sln:powIIPPn>PL.PZGIK.200</sln:powIIPPn><sln:powIIPWersja>2012-09-27T08:13:53+02:00</sln:powIIPWersja><sln:powIdTeryt>1415</sln:powIdTeryt><sln:powNazwa>ostrołęcki</sln:powNazwa><sln:wojIIPId>4b6c492a-eb04-441d-a92a-f44359c06de7</sln:wojIIPId><sln:wojIIPPn>PL.PZGIK.200</sln:wojIIPPn><sln:wojIIPWersja>2012-09-27T13:45:13+02:00</sln:wojIIPWersja><sln:wojIdTeryt>14</sln:wojIdTeryt><sln:wojNazwa>mazowieckie</sln:wojNazwa></sln:miejscowosc><sln:miejscowosc><sln:cyklZyciaDo>2015-06-30T00:00:00+02:00</sln:cyklZyciaDo><sln:cyklZyciaOd>2014-09-25T00:00:00+02:00</sln:cyklZyciaOd><sln:gmIIPId>5a4b91e7-a0aa-4b7c-8cd0-a34c71d30127</sln:gmIIPId><sln:gmIIPPn>PL.PZGIK.200</sln:gmIIPPn><sln:gmIIPWersja>2012-09-26T22:52:53+02:00</sln:gmIIPWersja><sln:gmIdTeryt>1415112</sln:gmIdTeryt><sln:gmNazwa>Troszyn</sln:gmNazwa><sln:miejscIIPId>765fec91-6527-41b3-89cd-019068c427c1</sln:miejscIIPId><sln:miejscIIPPn>PL.PZGIK.200</sln:miejscIIPPn><sln:miejscIIPWersja>2016-11-24T13:36:01+02:00</sln:miejscIIPWersja><sln:miejscIdTeryt>0522052</sln:miejscIdTeryt><sln:miejscNazwa>Dąbek</sln:miejscNazwa><sln:miejscRodzaj>Wieś</sln:miejscRodzaj><sln:powIIPId>d2f96418-0366-4f59-8793-fef1aa0ca19f</sln:powIIPId><sln:powIIPPn>PL.PZGIK.200</sln:powIIPPn><sln:powIIPWersja>2012-09-27T08:13:53+02:00</sln:powIIPWersja><sln:powIdTeryt>1415</sln:powIdTeryt><sln:powNazwa>ostrołęcki</sln:powNazwa><sln:wojIIPId>4b6c492a-eb04-441d-a92a-f44359c06de7</sln:wojIIPId><sln:wojIIPPn>PL.PZGIK.200</sln:wojIIPPn><sln:wojIIPWersja>2012-09-27T13:45:13+02:00</sln:wojIIPWersja><sln:wojIdTeryt>14</sln:wojIdTeryt><sln:wojNazwa>mazowieckie</sln:wojNazwa></sln:miejscowosc><sln:miejscowosc><sln:cyklZyciaDo>2015-06-30T00:00:00+02:00</sln:cyklZyciaDo><sln:cyklZyciaOd>2014-09-25T00:00:00+02:00</sln:cyklZyciaOd><sln:gmIIPId>5a4b91e7-a0aa-4b7c-8cd0-a34c71d30127</sln:gmIIPId><sln:gmIIPPn>PL.PZGIK.200</sln:gmIIPPn><sln:gmIIPWersja>2012-09-26T22:52:53+02:00</sln:gmIIPWersja><sln:gmIdTeryt>1415112</sln:gmIdTeryt><sln:gmNazwa>Troszyn</sln:gmNazwa><sln:miejscIIPId>e0f180cb-74fc-4816-965e-905204091a03</sln:miejscIIPId><sln:miejscIIPPn>PL.PZGIK.200</sln:miejscIIPPn><sln:miejscIIPWersja>2016-11-24T13:39:12+02:00</sln:miejscIIPWersja><sln:miejscIdTeryt>0522098</sln:miejscIdTeryt><sln:miejscNazwa>Kamionowo</sln:miejscNazwa><sln:miejscRodzaj>Wieś</sln:miejscRodzaj><sln:powIIPId>d2f96418-0366-4f59-8793-fef1aa0ca19f</sln:powIIPId><sln:powIIPPn>PL.PZGIK.200</sln:powIIPPn><sln:powIIPWersja>2012-09-27T08:13:53+02:00</sln:powIIPWersja><sln:powIdTeryt>1415</sln:powIdTeryt><sln:powNazwa>ostrołęcki</sln:powNazwa><sln:wojIIPId>4b6c492a-eb04-441d-a92a-f44359c06de7</sln:wojIIPId><sln:wojIIPPn>PL.PZGIK.200</sln:wojIIPPn><sln:wojIIPWersja>2012-09-27T13:45:13+02:00</sln:wojIIPWersja><sln:wojIdTeryt>14</sln:wojIdTeryt><sln:wojNazwa>mazowieckie</sln:wojNazwa></sln:miejscowosc><sln:miejscowosc><sln:cyklZyciaDo>2015-06-30T00:00:00+02:00</sln:cyklZyciaDo><sln:cyklZyciaOd>2014-09-25T00:00:00+02:00</sln:cyklZyciaOd><sln:gmIIPId>5a4b91e7-a0aa-4b7c-8cd0-a34c71d30127</sln:gmIIPId><sln:gmIIPPn>PL.PZGIK.200</sln:gmIIPPn><sln:gmIIPWersja>2012-09-26T22:52:53+02:00</sln:gmIIPWersja><sln:gmIdTeryt>1415112</sln:gmIdTeryt><sln:gmNazwa>Troszyn</sln:gmNazwa><sln:miejscIIPId>4cbbe1e6-6e6b-475e-817d-cf839839be1b</sln:miejscIIPId><sln:miejscIIPPn>PL.PZGIK.200</sln:miejscIIPPn><sln:miejscIIPWersja>2016-11-24T13:35:26+02:00</sln:miejscIIPWersja><sln:miejscIdTeryt>0522046</sln:miejscIdTeryt><sln:miejscNazwa>Chrzczony</sln:miejscNazwa><sln:miejscRodzaj>Wieś</sln:miejscRodzaj><sln:powIIPId>d2f96418-0366-4f59-8793-fef1aa0ca19f</sln:powIIPId><sln:powIIPPn>PL.PZGIK.200</sln:powIIPPn><sln:powIIPWersja>2012-09-27T08:13:53+02:00</sln:powIIPWersja><sln:powIdTeryt>1415</sln:powIdTeryt><sln:powNazwa>ostrołęcki</sln:powNazwa><sln:wojIIPId>4b6c492a-eb04-441d-a92a-f44359c06de7</sln:wojIIPId><sln:wojIIPPn>PL.PZGIK.200</sln:wojIIPPn><sln:wojIIPWersja>2012-09-27T13:45:13+02:00</sln:wojIIPWersja><sln:wojIdTeryt>14</sln:wojIdTeryt><sln:wojNazwa>mazowieckie</sln:wojNazwa></sln:miejscowosc><sln:miejscowosc><sln:cyklZyciaDo>2015-06-30T00:00:00+02:00</sln:cyklZyciaDo><sln:cyklZyciaOd>2014-09-25T00:00:00+02:00</sln:cyklZyciaOd><sln:gmIIPId>5a4b91e7-a0aa-4b7c-8cd0-a34c71d30127</sln:gmIIPId><sln:gmIIPPn>PL.PZGIK.200</sln:gmIIPPn><sln:gmIIPWersja>2012-09-26T22:52:53+02:00</sln:gmIIPWersja><sln:gmIdTeryt>1415112</sln:gmIdTeryt><sln:gmNazwa>Troszyn</sln:gmNazwa><sln:miejscIIPId>66bf1910-3cdf-44f3-a929-944052160f6d</sln:miejscIIPId><sln:miejscIIPPn>PL.PZGIK.200</sln:miejscIIPPn><sln:miejscIIPWersja>2016-11-24T13:34:30+02:00</sln:miejscIIPWersja><sln:miejscIdTeryt>0522359</sln:miejscIdTeryt><sln:miejscNazwa>Zapieczne</sln:miejscNazwa><sln:miejscRodzaj>Wieś</sln:miejscRodzaj><sln:powIIPId>d2f96418-0366-4f59-8793-fef1aa0ca19f</sln:powIIPId><sln:powIIPPn>PL.PZGIK.200</sln:powIIPPn><sln:powIIPWersja>2012-09-27T08:13:53+02:00</sln:powIIPWersja><sln:powIdTeryt>1415</sln:powIdTeryt><sln:powNazwa>ostrołęcki</sln:powNazwa><sln:wojIIPId>4b6c492a-eb04-441d-a92a-f44359c06de7</sln:wojIIPId><sln:wojIIPPn>PL.PZGIK.200</sln:wojIIPPn><sln:wojIIPWersja>2012-09-27T13:45:13+02:00</sln:wojIIPWersja><sln:wojIdTeryt>14</sln:wojIdTeryt><sln:wojNazwa>mazowieckie</sln:wojNazwa></sln:miejscowosc><sln:miejscowosc><sln:cyklZyciaDo>2015-06-30T00:00:00+02:00</sln:cyklZyciaDo><sln:cyklZyciaOd>2014-09-25T00:00:00+02:00</sln:cyklZyciaOd><sln:gmIIPId>5a4b91e7-a0aa-4b7c-8cd0-a34c71d30127</sln:gmIIPId><sln:gmIIPPn>PL.PZGIK.200</sln:gmIIPPn><sln:gmIIPWersja>2012-09-26T22:52:53+02:00</sln:gmIIPWersja><sln:gmIdTeryt>1415112</sln:gmIdTeryt><sln:gmNazwa>Troszyn</sln:gmNazwa><sln:miejscIIPId>05c12e21-394f-4d20-b0da-4386d6ab8fc7</sln:miejscIIPId><sln:miejscIIPPn>PL.PZGIK.200</sln:miejscIIPPn><sln:miejscIIPWersja>2016-11-24T13:35:11+02:00</sln:miejscIIPWersja><sln:miejscIdTeryt>0522388</sln:miejscIdTeryt><sln:miejscNazwa>Żmijewek-Mans</sln:miejscNazwa><sln:miejscRodzaj>Wieś</sln:miejscRodzaj><sln:powIIPId>d2f96418-0366-4f59-8793-fef1aa0ca19f</sln:powIIPId><sln:powIIPPn>PL.PZGIK.200</sln:powIIPPn><sln:powIIPWersja>2012-09-27T08:13:53+02:00</sln:powIIPWersja><sln:powIdTeryt>1415</sln:powIdTeryt><sln:powNazwa>ostrołęcki</sln:powNazwa><sln:wojIIPId>4b6c492a-eb04-441d-a92a-f44359c06de7</sln:wojIIPId><sln:wojIIPPn>PL.PZGIK.200</sln:wojIIPPn><sln:wojIIPWersja>2012-09-27T13:45:13+02:00</sln:wojIIPWersja><sln:wojIdTeryt>14</sln:wojIdTeryt><sln:wojNazwa>mazowieckie</sln:wojNazwa></sln:miejscowosc><sln:miejscowosc><sln:cyklZyciaDo>2015-06-30T00:00:00+02:00</sln:cyklZyciaDo><sln:cyklZyciaOd>2014-09-25T00:00:00+02:00</sln:cyklZyciaOd><sln:gmIIPId>5a4b91e7-a0aa-4b7c-8cd0-a34c71d30127</sln:gmIIPId><sln:gmIIPPn>PL.PZGIK.200</sln:gmIIPPn><sln:gmIIPWersja>2012-09-26T22:52:53+02:00</sln:gmIIPWersja><sln:gmIdTeryt>1415112</sln:gmIdTeryt><sln:gmNazwa>Troszyn</sln:gmNazwa><sln:miejscIIPId>bb9432b8-a912-4905-ad5d-0a2d6bbc62c1</sln:miejscIIPId><sln:miejscIIPPn>PL.PZGIK.200</sln:miejscIIPPn><sln:miejscIIPWersja>2016-11-24T13:34:00+02:00</sln:miejscIIPWersja><sln:miejscIdTeryt>0522336</sln:miejscIdTeryt><sln:miejscNazwa>Wysocarz</sln:miejscNazwa><sln:miejscRodzaj>Wieś</sln:miejscRodzaj><sln:powIIPId>d2f96418-0366-4f59-8793-fef1aa0ca19f</sln:powIIPId><sln:powIIPPn>PL.PZGIK.200</sln:powIIPPn><sln:powIIPWersja>2012-09-27T08:13:53+02:00</sln:powIIPWersja><sln:powIdTeryt>1415</sln:powIdTeryt><sln:powNazwa>ostrołęcki</sln:powNazwa><sln:wojIIPId>4b6c492a-eb04-441d-a92a-f44359c06de7</sln:wojIIPId><sln:wojIIPPn>PL.PZGIK.200</sln:wojIIPPn><sln:wojIIPWersja>2012-09-27T13:45:13+02:00</sln:wojIIPWersja><sln:wojIdTeryt>14</sln:wojIdTeryt><sln:wojNazwa>mazowieckie</sln:wojNazwa></sln:miejscowosc><sln:miejscowosc><sln:cyklZyciaDo>2015-06-30T00:00:00+02:00</sln:cyklZyciaDo><sln:cyklZyciaOd>2014-09-25T00:00:00+02:00</sln:cyklZyciaOd><sln:gmIIPId>5a4b91e7-a0aa-4b7c-8cd0-a34c71d30127</sln:gmIIPId><sln:gmIIPPn>PL.PZGIK.200</sln:gmIIPPn><sln:gmIIPWersja>2012-09-26T22:52:53+02:00</sln:gmIIPWersja><sln:gmIdTeryt>1415112</sln:gmIdTeryt><sln:gmNazwa>Troszyn</sln:gmNazwa><sln:miejscIIPId>0c8a548a-1f97-455d-8598-9d762061b70c</sln:miejscIIPId><sln:miejscIIPPn>PL.PZGIK.200</sln:miejscIIPPn><sln:miejscIIPWersja>2016-11-24T13:34:29+02:00</sln:miejscIIPWersja><sln:miejscIdTeryt>0522342</sln:miejscIdTeryt><sln:miejscNazwa>Zamość</sln:miejscNazwa><sln:miejscRodzaj>Wieś</sln:miejscRodzaj><sln:powIIPId>d2f96418-0366-4f59-8793-fef1aa0ca19f</sln:powIIPId><sln:powIIPPn>PL.PZGIK.200</sln:powIIPPn><sln:powIIPWersja>2012-09-27T08:13:53+02:00</sln:powIIPWersja><sln:powIdTeryt>1415</sln:powIdTeryt><sln:powNazwa>ostrołęcki</sln:powNazwa><sln:wojIIPId>4b6c492a-eb04-441d-a92a-f44359c06de7</sln:wojIIPId><sln:wojIIPPn>PL.PZGIK.200</sln:wojIIPPn><sln:wojIIPWersja>2012-09-27T13:45:13+02:00</sln:wojIIPWersja><sln:wojIdTeryt>14</sln:wojIdTeryt><sln:wojNazwa>mazowieckie</sln:wojNazwa></sln:miejscowosc><sln:miejscowosc><sln:cyklZyciaDo>2015-06-30T00:00:00+02:00</sln:cyklZyciaDo><sln:cyklZyciaOd>2014-09-25T00:00:00+02:00</sln:cyklZyciaOd><sln:gmIIPId>5a4b91e7-a0aa-4b7c-8cd0-a34c71d30127</sln:gmIIPId><sln:gmIIPPn>PL.PZGIK.200</sln:gmIIPPn><sln:gmIIPWersja>2012-09-26T22:52:53+02:00</sln:gmIIPWersja><sln:gmIdTeryt>1415112</sln:gmIdTeryt><sln:gmNazwa>Troszyn</sln:gmNazwa><sln:miejscIIPId>7ccf479f-e3de-46a3-860c-e86d90dd46d3</sln:miejscIIPId><sln:miejscIIPPn>PL.PZGIK.200</sln:miejscIIPPn><sln:miejscIIPWersja>2016-11-24T13:42:13+02:00</sln:miejscIIPWersja><sln:miejscIdTeryt>0522170</sln:miejscIdTeryt><sln:miejscNazwa>Mieczki-Ziemaki</sln:miejscNazwa><sln:miejscRodzaj>Wieś</sln:miejscRodzaj><sln:powIIPId>d2f96418-0366-4f59-8793-fef1aa0ca19f</sln:powIIPId><sln:powIIPPn>PL.PZGIK.200</sln:powIIPPn><sln:powIIPWersja>2012-09-27T08:13:53+02:00</sln:powIIPWersja><sln:powIdTeryt>1415</sln:powIdTeryt><sln:powNazwa>ostrołęcki</sln:powNazwa><sln:wojIIPId>4b6c492a-eb04-441d-a92a-f44359c06de7</sln:wojIIPId><sln:wojIIPPn>PL.PZGIK.200</sln:wojIIPPn><sln:wojIIPWersja>2012-09-27T13:45:13+02:00</sln:wojIIPWersja><sln:wojIdTeryt>14</sln:wojIdTeryt><sln:wojNazwa>mazowieckie</sln:wojNazwa></sln:miejscowosc><sln:miejscowosc><sln:cyklZyciaDo>2015-06-30T00:00:00+02:00</sln:cyklZyciaDo><sln:cyklZyciaOd>2014-09-25T00:00:00+02:00</sln:cyklZyciaOd><sln:gmIIPId>5a4b91e7-a0aa-4b7c-8cd0-a34c71d30127</sln:gmIIPId><sln:gmIIPPn>PL.PZGIK.200</sln:gmIIPPn><sln:gmIIPWersja>2012-09-26T22:52:53+02:00</sln:gmIIPWersja><sln:gmIdTeryt>1415112</sln:gmIdTeryt><sln:gmNazwa>Troszyn</sln:gmNazwa><sln:miejscIIPId>699dd2fa-b13c-4676-a067-37ad8652da72</sln:miejscIIPId><sln:miejscIIPPn>PL.PZGIK.200</sln:miejscIIPPn><sln:miejscIIPWersja>2016-11-24T13:43:48+02:00</sln:miejscIIPWersja><sln:miejscIdTeryt>0522218</sln:miejscIdTeryt><sln:miejscNazwa>Ojcewo</sln:miejscNazwa><sln:miejscRodzaj>Wieś</sln:miejscRodzaj><sln:powIIPId>d2f96418-0366-4f59-8793-fef1aa0ca19f</sln:powIIPId><sln:powIIPPn>PL.PZGIK.200</sln:powIIPPn><sln:powIIPWersja>2012-09-27T08:13:53+02:00</sln:powIIPWersja><sln:powIdTeryt>1415</sln:powIdTeryt><sln:powNazwa>ostrołęcki</sln:powNazwa><sln:wojIIPId>4b6c492a-eb04-441d-a92a-f44359c06de7</sln:wojIIPId><sln:wojIIPPn>PL.PZGIK.200</sln:wojIIPPn><sln:wojIIPWersja>2012-09-27T13:45:13+02:00</sln:wojIIPWersja><sln:wojIdTeryt>14</sln:wojIdTeryt><sln:wojNazwa>mazowieckie</sln:wojNazwa></sln:miejscowosc><sln:miejscowosc><sln:cyklZyciaDo>2015-06-30T00:00:00+02:00</sln:cyklZyciaDo><sln:cyklZyciaOd>2014-09-25T00:00:00+02:00</sln:cyklZyciaOd><sln:gmIIPId>5a4b91e7-a0aa-4b7c-8cd0-a34c71d30127</sln:gmIIPId><sln:gmIIPPn>PL.PZGIK.200</sln:gmIIPPn><sln:gmIIPWersja>2012-09-26T22:52:53+02:00</sln:gmIIPWersja><sln:gmIdTeryt>1415112</sln:gmIdTeryt><sln:gmNazwa>Troszyn</sln:gmNazwa><sln:miejscIIPId>20f5d7b5-4d98-44bd-bcab-600c5eb4c77b</sln:miejscIIPId><sln:miejscIIPPn>PL.PZGIK.200</sln:miejscIIPPn><sln:miejscIIPWersja>2016-11-24T13:35:10+02:00</sln:miejscIIPWersja><sln:miejscIdTeryt>0522371</sln:miejscIdTeryt><sln:miejscNazwa>Żmijewo-Zagroby</sln:miejscNazwa><sln:miejscRodzaj>Wieś</sln:miejscRodzaj><sln:powIIPId>d2f96418-0366-4f59-8793-fef1aa0ca19f</sln:powIIPId><sln:powIIPPn>PL.PZGIK.200</sln:powIIPPn><sln:powIIPWersja>2012-09-27T08:13:53+02:00</sln:powIIPWersja><sln:powIdTeryt>1415</sln:powIdTeryt><sln:powNazwa>ostrołęcki</sln:powNazwa><sln:wojIIPId>4b6c492a-eb04-441d-a92a-f44359c06de7</sln:wojIIPId><sln:wojIIPPn>PL.PZGIK.200</sln:wojIIPPn><sln:wojIIPWersja>2012-09-27T13:45:13+02:00</sln:wojIIPWersja><sln:wojIdTeryt>14</sln:wojIdTeryt><sln:wojNazwa>mazowieckie</sln:wojNazwa></sln:miejscowosc></sln:lista-miejscowosci>