<?xml version="1.0" encoding="UTF-8" standalone="yes"?><sln:lista-miejscowosci xmlns:srv="http://gugik.gov.pl/schemas/slowniki-service/1.0" xmlns:sln="http://gugik.gov.pl/schemas/slowniki-schema/1.0"><sln:miejscowosc><sln:cyklZyciaDo>2017-04-20T00:00:00+02:00</sln:cyklZyciaDo><sln:cyklZyciaOd>2015-04-28T00:00:00+02:00</sln:cyklZyciaOd><sln:gmIIPId>2d11db2b-6c08-46af-9c02-e25f86b72c56</sln:gmIIPId><sln:gmIIPPn>PL.PZGIK.200</sln:gmIIPPn><sln:gmIIPWersja>2012-09-26T21:56:53+02:00</sln:gmIIPWersja><sln:gmIdTeryt>1427011</sln:gmIdTeryt><sln:gmNazwa>Sierpc</sln:gmNazwa><sln:miejscIIPId>1502cbf2-b4c6-42c2-9316-962a33b36d69</sln:miejscIIPId><sln:miejscIIPPn>PL.PZGIK.200</sln:miejscIIPPn><sln:miejscIIPWersja>2016-11-24T13:17:39+02:00</sln:miejscIIPWersja><sln:miejscIdTeryt>0969310</sln:miejscIdTeryt><sln:miejscNazwa>Sierpc</sln:miejscNazwa><sln:miejscRodzaj>Miasto</sln:miejscRodzaj><sln:powIIPId>0be630fb-6221-441d-ae7e-a47db756834b</sln:powIIPId><sln:powIIPPn>PL.PZGIK.200</sln:powIIPPn><sln:powIIPWersja>2012-09-27T08:13:53+02:00</sln:powIIPWersja><sln:powIdTeryt>1427</sln:powIdTeryt><sln:powNazwa>sierpecki</sln:powNazwa><sln:waznyOd>2013-06-11T00:00:00+02:00</sln:waznyOd><sln:wojIIPId>4b6c492a-eb04-441d-a92a-f44359c06de7</sln:wojIIPId><sln:wojIIPPn>PL.PZGIK.200</sln:wojIIPPn><sln:wojIIPWersja>2012-09-27T13:45:13+02:00</sln:wojIIPWersja><sln:wojIdTeryt>14</sln:wojIdTeryt><sln:wojNazwa>mazowieckie</sln:wojNazwa></sln:miejscowosc><sln:miejscowosc><sln:cyklZyciaDo>2017-06-14T00:00:00+02:00</sln:cyklZyciaDo><sln:cyklZyciaOd>2017-04-20T00:00:00+02:00</sln:cyklZyciaOd><sln:gmIIPId>2d11db2b-6c08-46af-9c02-e25f86b72c56</sln:gmIIPId><sln:gmIIPPn>PL.PZGIK.200</sln:gmIIPPn><sln:gmIIPWersja>2012-09-26T21:56:53+02:00</sln:gmIIPWersja><sln:gmIdTeryt>1427011</sln:gmIdTeryt><sln:gmNazwa>Sierpc</sln:gmNazwa><sln:miejscIIPId>1502cbf2-b4c6-42c2-9316-962a33b36d69</sln:miejscIIPId><sln:miejscIIPPn>PL.PZGIK.200</sln:miejscIIPPn><sln:miejscIIPWersja>2017-04-20T13:28:03+02:00</sln:miejscIIPWersja><sln:miejscIdTeryt>0969310</sln:miejscIdTeryt><sln:miejscNazwa>Sierpc</sln:miejscNazwa><sln:miejscRodzaj>Miasto</sln:miejscRodzaj><sln:powIIPId>0be630fb-6221-441d-ae7e-a47db756834b</sln:powIIPId><sln:powIIPPn>PL.PZGIK.200</sln:powIIPPn><sln:powIIPWersja>2012-09-27T08:13:53+02:00</sln:powIIPWersja><sln:powIdTeryt>1427</sln:powIdTeryt><sln:powNazwa>sierpecki</sln:powNazwa><sln:waznyOd>2013-06-11T00:00:00+02:00</sln:waznyOd><sln:wojIIPId>4b6c492a-eb04-441d-a92a-f44359c06de7</sln:wojIIPId><sln:wojIIPPn>PL.PZGIK.200</sln:wojIIPPn><sln:wojIIPWersja>2012-09-27T13:45:13+02:00</sln:wojIIPWersja><sln:wojIdTeryt>14</sln:wojIdTeryt><sln:wojNazwa>mazowieckie</sln:wojNazwa></sln:miejscowosc><sln:miejscowosc><sln:cyklZyciaOd>2017-06-14T00:00:00+02:00</sln:cyklZyciaOd><sln:gmIIPId>2d11db2b-6c08-46af-9c02-e25f86b72c56</sln:gmIIPId><sln:gmIIPPn>PL.PZGIK.200</sln:gmIIPPn><sln:gmIIPWersja>2012-09-26T21:56:53+02:00</sln:gmIIPWersja><sln:gmIdTeryt>1427011</sln:gmIdTeryt><sln:gmNazwa>Sierpc</sln:gmNazwa><sln:miejscIIPId>6e26f512-6397-455f-8274-3ef1a84dc1e6</sln:miejscIIPId><sln:miejscIIPPn>PL.PZGIK.200</sln:miejscIIPPn><sln:miejscIIPWersja>2017-06-14T12:02:09+02:00</sln:miejscIIPWersja><sln:miejscIdTeryt>0969310</sln:miejscIdTeryt><sln:miejscNazwa>Sierpc</sln:miejscNazwa><sln:miejscRodzaj>Miasto</sln:miejscRodzaj><sln:powIIPId>0be630fb-6221-441d-ae7e-a47db756834b</sln:powIIPId><sln:powIIPPn>PL.PZGIK.200</sln:powIIPPn><sln:powIIPWersja>2012-09-27T08:13:53+02:00</sln:powIIPWersja><sln:powIdTeryt>1427</sln:powIdTeryt><sln:powNazwa>sierpecki</sln:powNazwa><sln:wojIIPId>4b6c492a-eb04-441d-a92a-f44359c06de7</sln:wojIIPId><sln:wojIIPPn>PL.PZGIK.200</sln:wojIIPPn><sln:wojIIPWersja>2012-09-27T13:45:13+02:00</sln:wojIIPWersja><sln:wojIdTeryt>14</sln:wojIdTeryt><sln:wojNazwa>mazowieckie</sln:wojNazwa></sln:miejscowosc></sln:lista-miejscowosci>