<?xml version="1.0" encoding="UTF-8" standalone="yes"?><sln:lista-miejscowosci xmlns:srv="http://gugik.gov.pl/schemas/slowniki-service/1.0" xmlns:sln="http://gugik.gov.pl/schemas/slowniki-schema/1.0"><sln:miejscowosc><sln:cyklZyciaDo>2017-03-28T00:00:00+02:00</sln:cyklZyciaDo><sln:cyklZyciaOd>2015-06-22T00:00:00+02:00</sln:cyklZyciaOd><sln:gmIIPId>34d37710-961e-411c-a1d0-c6b4a5d9ef9c</sln:gmIIPId><sln:gmIIPPn>PL.PZGIK.200</sln:gmIIPPn><sln:gmIIPWersja>2012-09-26T22:54:04+02:00</sln:gmIIPWersja><sln:gmIdTeryt>1419112</sln:gmIdTeryt><sln:gmNazwa>Słubice</sln:gmNazwa><sln:miejscIIPId>828c23d6-9f0a-4fdd-b4b5-1bf851ef9302</sln:miejscIIPId><sln:miejscIIPPn>PL.PZGIK.200</sln:miejscIIPPn><sln:miejscIIPWersja>2016-11-24T11:18:38+02:00</sln:miejscIIPWersja><sln:miejscIdTeryt>0575290</sln:miejscIdTeryt><sln:miejscNazwa>Alfonsów</sln:miejscNazwa><sln:miejscRodzaj>Wieś</sln:miejscRodzaj><sln:powIIPId>b3b3dfff-c9b2-4d74-8cf8-f21e620136f6</sln:powIIPId><sln:powIIPPn>PL.PZGIK.200</sln:powIIPPn><sln:powIIPWersja>2012-09-27T08:13:53+02:00</sln:powIIPWersja><sln:powIdTeryt>1419</sln:powIdTeryt><sln:powNazwa>płocki</sln:powNazwa><sln:waznyOd>2014-06-20T00:00:00+02:00</sln:waznyOd><sln:wojIIPId>4b6c492a-eb04-441d-a92a-f44359c06de7</sln:wojIIPId><sln:wojIIPPn>PL.PZGIK.200</sln:wojIIPPn><sln:wojIIPWersja>2012-09-27T13:45:13+02:00</sln:wojIIPWersja><sln:wojIdTeryt>14</sln:wojIdTeryt><sln:wojNazwa>mazowieckie</sln:wojNazwa></sln:miejscowosc><sln:miejscowosc><sln:cyklZyciaDo>2017-03-28T00:00:00+02:00</sln:cyklZyciaDo><sln:cyklZyciaOd>2015-06-22T00:00:00+02:00</sln:cyklZyciaOd><sln:gmIIPId>34d37710-961e-411c-a1d0-c6b4a5d9ef9c</sln:gmIIPId><sln:gmIIPPn>PL.PZGIK.200</sln:gmIIPPn><sln:gmIIPWersja>2012-09-26T22:54:04+02:00</sln:gmIIPWersja><sln:gmIdTeryt>1419112</sln:gmIdTeryt><sln:gmNazwa>Słubice</sln:gmNazwa><sln:miejscIIPId>119a9570-cc76-424d-9284-1b281e6d313e</sln:miejscIIPId><sln:miejscIIPPn>PL.PZGIK.200</sln:miejscIIPPn><sln:miejscIIPWersja>2016-11-24T11:18:38+02:00</sln:miejscIIPWersja><sln:miejscIdTeryt>0575404</sln:miejscIdTeryt><sln:miejscNazwa>Bończa</sln:miejscNazwa><sln:miejscRodzaj>Wieś</sln:miejscRodzaj><sln:powIIPId>b3b3dfff-c9b2-4d74-8cf8-f21e620136f6</sln:powIIPId><sln:powIIPPn>PL.PZGIK.200</sln:powIIPPn><sln:powIIPWersja>2012-09-27T08:13:53+02:00</sln:powIIPWersja><sln:powIdTeryt>1419</sln:powIdTeryt><sln:powNazwa>płocki</sln:powNazwa><sln:waznyOd>2014-06-20T00:00:00+02:00</sln:waznyOd><sln:wojIIPId>4b6c492a-eb04-441d-a92a-f44359c06de7</sln:wojIIPId><sln:wojIIPPn>PL.PZGIK.200</sln:wojIIPPn><sln:wojIIPWersja>2012-09-27T13:45:13+02:00</sln:wojIIPWersja><sln:wojIdTeryt>14</sln:wojIdTeryt><sln:wojNazwa>mazowieckie</sln:wojNazwa></sln:miejscowosc><sln:miejscowosc><sln:cyklZyciaDo>2017-03-28T00:00:00+02:00</sln:cyklZyciaDo><sln:cyklZyciaOd>2015-06-22T00:00:00+02:00</sln:cyklZyciaOd><sln:gmIIPId>34d37710-961e-411c-a1d0-c6b4a5d9ef9c</sln:gmIIPId><sln:gmIIPPn>PL.PZGIK.200</sln:gmIIPPn><sln:gmIIPWersja>2012-09-26T22:54:04+02:00</sln:gmIIPWersja><sln:gmIdTeryt>1419112</sln:gmIdTeryt><sln:gmNazwa>Słubice</sln:gmNazwa><sln:miejscIIPId>4cb95f5e-e0b1-4cff-b0ec-73faec05cd82</sln:miejscIIPId><sln:miejscIIPPn>PL.PZGIK.200</sln:miejscIIPPn><sln:miejscIIPWersja>2016-11-24T11:18:38+02:00</sln:miejscIIPWersja><sln:miejscIdTeryt>0575440</sln:miejscIdTeryt><sln:miejscNazwa>Budy</sln:miejscNazwa><sln:miejscRodzaj>Wieś</sln:miejscRodzaj><sln:powIIPId>b3b3dfff-c9b2-4d74-8cf8-f21e620136f6</sln:powIIPId><sln:powIIPPn>PL.PZGIK.200</sln:powIIPPn><sln:powIIPWersja>2012-09-27T08:13:53+02:00</sln:powIIPWersja><sln:powIdTeryt>1419</sln:powIdTeryt><sln:powNazwa>płocki</sln:powNazwa><sln:waznyOd>2014-06-20T00:00:00+02:00</sln:waznyOd><sln:wojIIPId>4b6c492a-eb04-441d-a92a-f44359c06de7</sln:wojIIPId><sln:wojIIPPn>PL.PZGIK.200</sln:wojIIPPn><sln:wojIIPWersja>2012-09-27T13:45:13+02:00</sln:wojIIPWersja><sln:wojIdTeryt>14</sln:wojIdTeryt><sln:wojNazwa>mazowieckie</sln:wojNazwa></sln:miejscowosc><sln:miejscowosc><sln:cyklZyciaDo>2017-03-28T00:00:00+02:00</sln:cyklZyciaDo><sln:cyklZyciaOd>2015-06-22T00:00:00+02:00</sln:cyklZyciaOd><sln:gmIIPId>34d37710-961e-411c-a1d0-c6b4a5d9ef9c</sln:gmIIPId><sln:gmIIPPn>PL.PZGIK.200</sln:gmIIPPn><sln:gmIIPWersja>2012-09-26T22:54:04+02:00</sln:gmIIPWersja><sln:gmIdTeryt>1419112</sln:gmIdTeryt><sln:gmNazwa>Słubice</sln:gmNazwa><sln:miejscIIPId>915b1c11-7fcb-441d-93ca-4433b78e7879</sln:miejscIIPId><sln:miejscIIPPn>PL.PZGIK.200</sln:miejscIIPPn><sln:miejscIIPWersja>2016-11-24T11:18:38+02:00</sln:miejscIIPWersja><sln:miejscIdTeryt>0575321</sln:miejscIdTeryt><sln:miejscNazwa>Grabowiec</sln:miejscNazwa><sln:miejscRodzaj>Wieś</sln:miejscRodzaj><sln:powIIPId>b3b3dfff-c9b2-4d74-8cf8-f21e620136f6</sln:powIIPId><sln:powIIPPn>PL.PZGIK.200</sln:powIIPPn><sln:powIIPWersja>2012-09-27T08:13:53+02:00</sln:powIIPWersja><sln:powIdTeryt>1419</sln:powIdTeryt><sln:powNazwa>płocki</sln:powNazwa><sln:waznyOd>2014-06-20T00:00:00+02:00</sln:waznyOd><sln:wojIIPId>4b6c492a-eb04-441d-a92a-f44359c06de7</sln:wojIIPId><sln:wojIIPPn>PL.PZGIK.200</sln:wojIIPPn><sln:wojIIPWersja>2012-09-27T13:45:13+02:00</sln:wojIIPWersja><sln:wojIdTeryt>14</sln:wojIdTeryt><sln:wojNazwa>mazowieckie</sln:wojNazwa></sln:miejscowosc><sln:miejscowosc><sln:cyklZyciaDo>2017-03-28T00:00:00+02:00</sln:cyklZyciaDo><sln:cyklZyciaOd>2015-06-22T00:00:00+02:00</sln:cyklZyciaOd><sln:gmIIPId>34d37710-961e-411c-a1d0-c6b4a5d9ef9c</sln:gmIIPId><sln:gmIIPPn>PL.PZGIK.200</sln:gmIIPPn><sln:gmIIPWersja>2012-09-26T22:54:04+02:00</sln:gmIIPWersja><sln:gmIdTeryt>1419112</sln:gmIdTeryt><sln:gmNazwa>Słubice</sln:gmNazwa><sln:miejscIIPId>4b5aeb49-fb4f-48fe-b63c-914cd859bdc3</sln:miejscIIPId><sln:miejscIIPPn>PL.PZGIK.200</sln:miejscIIPPn><sln:miejscIIPWersja>2016-11-24T11:18:38+02:00</sln:miejscIIPWersja><sln:miejscIdTeryt>0575344</sln:miejscIdTeryt><sln:miejscNazwa>Grzybów</sln:miejscNazwa><sln:miejscRodzaj>Wieś</sln:miejscRodzaj><sln:powIIPId>b3b3dfff-c9b2-4d74-8cf8-f21e620136f6</sln:powIIPId><sln:powIIPPn>PL.PZGIK.200</sln:powIIPPn><sln:powIIPWersja>2012-09-27T08:13:53+02:00</sln:powIIPWersja><sln:powIdTeryt>1419</sln:powIdTeryt><sln:powNazwa>płocki</sln:powNazwa><sln:waznyOd>2014-06-20T00:00:00+02:00</sln:waznyOd><sln:wojIIPId>4b6c492a-eb04-441d-a92a-f44359c06de7</sln:wojIIPId><sln:wojIIPPn>PL.PZGIK.200</sln:wojIIPPn><sln:wojIIPWersja>2012-09-27T13:45:13+02:00</sln:wojIIPWersja><sln:wojIdTeryt>14</sln:wojIdTeryt><sln:wojNazwa>mazowieckie</sln:wojNazwa></sln:miejscowosc><sln:miejscowosc><sln:cyklZyciaDo>2017-03-28T00:00:00+02:00</sln:cyklZyciaDo><sln:cyklZyciaOd>2015-06-22T00:00:00+02:00</sln:cyklZyciaOd><sln:gmIIPId>34d37710-961e-411c-a1d0-c6b4a5d9ef9c</sln:gmIIPId><sln:gmIIPPn>PL.PZGIK.200</sln:gmIIPPn><sln:gmIIPWersja>2012-09-26T22:54:04+02:00</sln:gmIIPWersja><sln:gmIdTeryt>1419112</sln:gmIdTeryt><sln:gmNazwa>Słubice</sln:gmNazwa><sln:miejscIIPId>26a8000d-e5f4-43bf-b9d5-a1bd338b56a8</sln:miejscIIPId><sln:miejscIIPPn>PL.PZGIK.200</sln:miejscIIPPn><sln:miejscIIPWersja>2016-11-24T11:18:38+02:00</sln:miejscIIPWersja><sln:miejscIdTeryt>0575350</sln:miejscIdTeryt><sln:miejscNazwa>Jamno</sln:miejscNazwa><sln:miejscRodzaj>Wieś</sln:miejscRodzaj><sln:powIIPId>b3b3dfff-c9b2-4d74-8cf8-f21e620136f6</sln:powIIPId><sln:powIIPPn>PL.PZGIK.200</sln:powIIPPn><sln:powIIPWersja>2012-09-27T08:13:53+02:00</sln:powIIPWersja><sln:powIdTeryt>1419</sln:powIdTeryt><sln:powNazwa>płocki</sln:powNazwa><sln:waznyOd>2014-06-20T00:00:00+02:00</sln:waznyOd><sln:wojIIPId>4b6c492a-eb04-441d-a92a-f44359c06de7</sln:wojIIPId><sln:wojIIPPn>PL.PZGIK.200</sln:wojIIPPn><sln:wojIIPWersja>2012-09-27T13:45:13+02:00</sln:wojIIPWersja><sln:wojIdTeryt>14</sln:wojIdTeryt><sln:wojNazwa>mazowieckie</sln:wojNazwa></sln:miejscowosc><sln:miejscowosc><sln:cyklZyciaDo>2017-03-28T00:00:00+02:00</sln:cyklZyciaDo><sln:cyklZyciaOd>2015-06-22T00:00:00+02:00</sln:cyklZyciaOd><sln:gmIIPId>34d37710-961e-411c-a1d0-c6b4a5d9ef9c</sln:gmIIPId><sln:gmIIPPn>PL.PZGIK.200</sln:gmIIPPn><sln:gmIIPWersja>2012-09-26T22:54:04+02:00</sln:gmIIPWersja><sln:gmIdTeryt>1419112</sln:gmIdTeryt><sln:gmNazwa>Słubice</sln:gmNazwa><sln:miejscIIPId>3a1373bd-59a5-48e9-beb0-1b6ef78ccb3e</sln:miejscIIPId><sln:miejscIIPPn>PL.PZGIK.200</sln:miejscIIPPn><sln:miejscIIPWersja>2016-11-24T11:18:38+02:00</sln:miejscIIPWersja><sln:miejscIdTeryt>0575367</sln:miejscIdTeryt><sln:miejscNazwa>Juliszew</sln:miejscNazwa><sln:miejscRodzaj>Wieś</sln:miejscRodzaj><sln:powIIPId>b3b3dfff-c9b2-4d74-8cf8-f21e620136f6</sln:powIIPId><sln:powIIPPn>PL.PZGIK.200</sln:powIIPPn><sln:powIIPWersja>2012-09-27T08:13:53+02:00</sln:powIIPWersja><sln:powIdTeryt>1419</sln:powIdTeryt><sln:powNazwa>płocki</sln:powNazwa><sln:waznyOd>2014-06-20T00:00:00+02:00</sln:waznyOd><sln:wojIIPId>4b6c492a-eb04-441d-a92a-f44359c06de7</sln:wojIIPId><sln:wojIIPPn>PL.PZGIK.200</sln:wojIIPPn><sln:wojIIPWersja>2012-09-27T13:45:13+02:00</sln:wojIIPWersja><sln:wojIdTeryt>14</sln:wojIdTeryt><sln:wojNazwa>mazowieckie</sln:wojNazwa></sln:miejscowosc><sln:miejscowosc><sln:cyklZyciaDo>2017-03-28T00:00:00+02:00</sln:cyklZyciaDo><sln:cyklZyciaOd>2015-06-22T00:00:00+02:00</sln:cyklZyciaOd><sln:gmIIPId>34d37710-961e-411c-a1d0-c6b4a5d9ef9c</sln:gmIIPId><sln:gmIIPPn>PL.PZGIK.200</sln:gmIIPPn><sln:gmIIPWersja>2012-09-26T22:54:04+02:00</sln:gmIIPWersja><sln:gmIdTeryt>1419112</sln:gmIdTeryt><sln:gmNazwa>Słubice</sln:gmNazwa><sln:miejscIIPId>5ed75508-5b0d-426a-b3a9-bf438ff5f2e6</sln:miejscIIPId><sln:miejscIIPPn>PL.PZGIK.200</sln:miejscIIPPn><sln:miejscIIPWersja>2016-11-24T11:18:38+02:00</sln:miejscIIPWersja><sln:miejscIdTeryt>0575373</sln:miejscIdTeryt><sln:miejscNazwa>Leonów</sln:miejscNazwa><sln:miejscRodzaj>Wieś</sln:miejscRodzaj><sln:powIIPId>b3b3dfff-c9b2-4d74-8cf8-f21e620136f6</sln:powIIPId><sln:powIIPPn>PL.PZGIK.200</sln:powIIPPn><sln:powIIPWersja>2012-09-27T08:13:53+02:00</sln:powIIPWersja><sln:powIdTeryt>1419</sln:powIdTeryt><sln:powNazwa>płocki</sln:powNazwa><sln:waznyOd>2014-06-20T00:00:00+02:00</sln:waznyOd><sln:wojIIPId>4b6c492a-eb04-441d-a92a-f44359c06de7</sln:wojIIPId><sln:wojIIPPn>PL.PZGIK.200</sln:wojIIPPn><sln:wojIIPWersja>2012-09-27T13:45:13+02:00</sln:wojIIPWersja><sln:wojIdTeryt>14</sln:wojIdTeryt><sln:wojNazwa>mazowieckie</sln:wojNazwa></sln:miejscowosc><sln:miejscowosc><sln:cyklZyciaDo>2017-03-28T00:00:00+02:00</sln:cyklZyciaDo><sln:cyklZyciaOd>2015-06-22T00:00:00+02:00</sln:cyklZyciaOd><sln:gmIIPId>34d37710-961e-411c-a1d0-c6b4a5d9ef9c</sln:gmIIPId><sln:gmIIPPn>PL.PZGIK.200</sln:gmIIPPn><sln:gmIIPWersja>2012-09-26T22:54:04+02:00</sln:gmIIPWersja><sln:gmIdTeryt>1419112</sln:gmIdTeryt><sln:gmNazwa>Słubice</sln:gmNazwa><sln:miejscIIPId>e6addef4-9596-45ab-8335-842ac36fb653</sln:miejscIIPId><sln:miejscIIPPn>PL.PZGIK.200</sln:miejscIIPPn><sln:miejscIIPWersja>2016-11-24T11:18:38+02:00</sln:miejscIIPWersja><sln:miejscIdTeryt>0575396</sln:miejscIdTeryt><sln:miejscNazwa>Łaziska</sln:miejscNazwa><sln:miejscRodzaj>Wieś</sln:miejscRodzaj><sln:powIIPId>b3b3dfff-c9b2-4d74-8cf8-f21e620136f6</sln:powIIPId><sln:powIIPPn>PL.PZGIK.200</sln:powIIPPn><sln:powIIPWersja>2012-09-27T08:13:53+02:00</sln:powIIPWersja><sln:powIdTeryt>1419</sln:powIdTeryt><sln:powNazwa>płocki</sln:powNazwa><sln:waznyOd>2014-06-20T00:00:00+02:00</sln:waznyOd><sln:wojIIPId>4b6c492a-eb04-441d-a92a-f44359c06de7</sln:wojIIPId><sln:wojIIPPn>PL.PZGIK.200</sln:wojIIPPn><sln:wojIIPWersja>2012-09-27T13:45:13+02:00</sln:wojIIPWersja><sln:wojIdTeryt>14</sln:wojIdTeryt><sln:wojNazwa>mazowieckie</sln:wojNazwa></sln:miejscowosc><sln:miejscowosc><sln:cyklZyciaDo>2017-03-28T00:00:00+02:00</sln:cyklZyciaDo><sln:cyklZyciaOd>2015-06-22T00:00:00+02:00</sln:cyklZyciaOd><sln:gmIIPId>34d37710-961e-411c-a1d0-c6b4a5d9ef9c</sln:gmIIPId><sln:gmIIPPn>PL.PZGIK.200</sln:gmIIPPn><sln:gmIIPWersja>2012-09-26T22:54:04+02:00</sln:gmIIPWersja><sln:gmIdTeryt>1419112</sln:gmIdTeryt><sln:gmNazwa>Słubice</sln:gmNazwa><sln:miejscIIPId>4ada16b8-24e3-4a5a-b55d-c784383324f2</sln:miejscIIPId><sln:miejscIIPPn>PL.PZGIK.200</sln:miejscIIPPn><sln:miejscIIPWersja>2016-11-24T11:18:38+02:00</sln:miejscIIPWersja><sln:miejscIdTeryt>0575462</sln:miejscIdTeryt><sln:miejscNazwa>Nowosiadło</sln:miejscNazwa><sln:miejscRodzaj>Wieś</sln:miejscRodzaj><sln:powIIPId>b3b3dfff-c9b2-4d74-8cf8-f21e620136f6</sln:powIIPId><sln:powIIPPn>PL.PZGIK.200</sln:powIIPPn><sln:powIIPWersja>2012-09-27T08:13:53+02:00</sln:powIIPWersja><sln:powIdTeryt>1419</sln:powIdTeryt><sln:powNazwa>płocki</sln:powNazwa><sln:waznyOd>2014-06-20T00:00:00+02:00</sln:waznyOd><sln:wojIIPId>4b6c492a-eb04-441d-a92a-f44359c06de7</sln:wojIIPId><sln:wojIIPPn>PL.PZGIK.200</sln:wojIIPPn><sln:wojIIPWersja>2012-09-27T13:45:13+02:00</sln:wojIIPWersja><sln:wojIdTeryt>14</sln:wojIdTeryt><sln:wojNazwa>mazowieckie</sln:wojNazwa></sln:miejscowosc><sln:miejscowosc><sln:cyklZyciaDo>2017-03-28T00:00:00+02:00</sln:cyklZyciaDo><sln:cyklZyciaOd>2015-06-22T00:00:00+02:00</sln:cyklZyciaOd><sln:gmIIPId>34d37710-961e-411c-a1d0-c6b4a5d9ef9c</sln:gmIIPId><sln:gmIIPPn>PL.PZGIK.200</sln:gmIIPPn><sln:gmIIPWersja>2012-09-26T22:54:04+02:00</sln:gmIIPWersja><sln:gmIdTeryt>1419112</sln:gmIdTeryt><sln:gmNazwa>Słubice</sln:gmNazwa><sln:miejscIIPId>141ed281-0113-4c29-bb21-62164e457f1b</sln:miejscIIPId><sln:miejscIIPPn>PL.PZGIK.200</sln:miejscIIPPn><sln:miejscIIPWersja>2016-11-24T11:18:38+02:00</sln:miejscIIPWersja><sln:miejscIdTeryt>0575479</sln:miejscIdTeryt><sln:miejscNazwa>Nowy Wiączemin</sln:miejscNazwa><sln:miejscRodzaj>Wieś</sln:miejscRodzaj><sln:powIIPId>b3b3dfff-c9b2-4d74-8cf8-f21e620136f6</sln:powIIPId><sln:powIIPPn>PL.PZGIK.200</sln:powIIPPn><sln:powIIPWersja>2012-09-27T08:13:53+02:00</sln:powIIPWersja><sln:powIdTeryt>1419</sln:powIdTeryt><sln:powNazwa>płocki</sln:powNazwa><sln:waznyOd>2014-06-20T00:00:00+02:00</sln:waznyOd><sln:wojIIPId>4b6c492a-eb04-441d-a92a-f44359c06de7</sln:wojIIPId><sln:wojIIPPn>PL.PZGIK.200</sln:wojIIPPn><sln:wojIIPWersja>2012-09-27T13:45:13+02:00</sln:wojIIPWersja><sln:wojIdTeryt>14</sln:wojIdTeryt><sln:wojNazwa>mazowieckie</sln:wojNazwa></sln:miejscowosc><sln:miejscowosc><sln:cyklZyciaDo>2017-03-28T00:00:00+02:00</sln:cyklZyciaDo><sln:cyklZyciaOd>2015-06-22T00:00:00+02:00</sln:cyklZyciaOd><sln:gmIIPId>34d37710-961e-411c-a1d0-c6b4a5d9ef9c</sln:gmIIPId><sln:gmIIPPn>PL.PZGIK.200</sln:gmIIPPn><sln:gmIIPWersja>2012-09-26T22:54:04+02:00</sln:gmIIPWersja><sln:gmIdTeryt>1419112</sln:gmIdTeryt><sln:gmNazwa>Słubice</sln:gmNazwa><sln:miejscIIPId>1117645a-da2d-45f1-b81d-0052755f2966</sln:miejscIIPId><sln:miejscIIPPn>PL.PZGIK.200</sln:miejscIIPPn><sln:miejscIIPWersja>2016-11-24T11:18:38+02:00</sln:miejscIIPWersja><sln:miejscIdTeryt>0575485</sln:miejscIdTeryt><sln:miejscNazwa>Nowy Zyck</sln:miejscNazwa><sln:miejscRodzaj>Wieś</sln:miejscRodzaj><sln:powIIPId>b3b3dfff-c9b2-4d74-8cf8-f21e620136f6</sln:powIIPId><sln:powIIPPn>PL.PZGIK.200</sln:powIIPPn><sln:powIIPWersja>2012-09-27T08:13:53+02:00</sln:powIIPWersja><sln:powIdTeryt>1419</sln:powIdTeryt><sln:powNazwa>płocki</sln:powNazwa><sln:waznyOd>2014-10-09T00:00:00+02:00</sln:waznyOd><sln:wojIIPId>4b6c492a-eb04-441d-a92a-f44359c06de7</sln:wojIIPId><sln:wojIIPPn>PL.PZGIK.200</sln:wojIIPPn><sln:wojIIPWersja>2012-09-27T13:45:13+02:00</sln:wojIIPWersja><sln:wojIdTeryt>14</sln:wojIdTeryt><sln:wojNazwa>mazowieckie</sln:wojNazwa></sln:miejscowosc><sln:miejscowosc><sln:cyklZyciaDo>2017-03-28T00:00:00+02:00</sln:cyklZyciaDo><sln:cyklZyciaOd>2015-06-22T00:00:00+02:00</sln:cyklZyciaOd><sln:gmIIPId>34d37710-961e-411c-a1d0-c6b4a5d9ef9c</sln:gmIIPId><sln:gmIIPPn>PL.PZGIK.200</sln:gmIIPPn><sln:gmIIPWersja>2012-09-26T22:54:04+02:00</sln:gmIIPWersja><sln:gmIdTeryt>1419112</sln:gmIdTeryt><sln:gmNazwa>Słubice</sln:gmNazwa><sln:miejscIIPId>2db4018b-4d67-4c19-9cc5-be0eda6fc8d8</sln:miejscIIPId><sln:miejscIIPPn>PL.PZGIK.200</sln:miejscIIPPn><sln:miejscIIPWersja>2016-11-24T11:18:38+02:00</sln:miejscIIPWersja><sln:miejscIdTeryt>0575491</sln:miejscIdTeryt><sln:miejscNazwa>Piotrkówek</sln:miejscNazwa><sln:miejscRodzaj>Wieś</sln:miejscRodzaj><sln:powIIPId>b3b3dfff-c9b2-4d74-8cf8-f21e620136f6</sln:powIIPId><sln:powIIPPn>PL.PZGIK.200</sln:powIIPPn><sln:powIIPWersja>2012-09-27T08:13:53+02:00</sln:powIIPWersja><sln:powIdTeryt>1419</sln:powIdTeryt><sln:powNazwa>płocki</sln:powNazwa><sln:waznyOd>2014-06-20T00:00:00+02:00</sln:waznyOd><sln:wojIIPId>4b6c492a-eb04-441d-a92a-f44359c06de7</sln:wojIIPId><sln:wojIIPPn>PL.PZGIK.200</sln:wojIIPPn><sln:wojIIPWersja>2012-09-27T13:45:13+02:00</sln:wojIIPWersja><sln:wojIdTeryt>14</sln:wojIdTeryt><sln:wojNazwa>mazowieckie</sln:wojNazwa></sln:miejscowosc><sln:miejscowosc><sln:cyklZyciaDo>2017-03-28T00:00:00+02:00</sln:cyklZyciaDo><sln:cyklZyciaOd>2015-06-22T00:00:00+02:00</sln:cyklZyciaOd><sln:gmIIPId>34d37710-961e-411c-a1d0-c6b4a5d9ef9c</sln:gmIIPId><sln:gmIIPPn>PL.PZGIK.200</sln:gmIIPPn><sln:gmIIPWersja>2012-09-26T22:54:04+02:00</sln:gmIIPWersja><sln:gmIdTeryt>1419112</sln:gmIdTeryt><sln:gmNazwa>Słubice</sln:gmNazwa><sln:miejscIIPId>1d973c02-180c-4d63-9cc3-15eb304cfb1e</sln:miejscIIPId><sln:miejscIIPPn>PL.PZGIK.200</sln:miejscIIPPn><sln:miejscIIPWersja>2016-11-24T11:18:38+02:00</sln:miejscIIPWersja><sln:miejscIdTeryt>0575500</sln:miejscIdTeryt><sln:miejscNazwa>Potok Biały</sln:miejscNazwa><sln:miejscRodzaj>Wieś</sln:miejscRodzaj><sln:powIIPId>b3b3dfff-c9b2-4d74-8cf8-f21e620136f6</sln:powIIPId><sln:powIIPPn>PL.PZGIK.200</sln:powIIPPn><sln:powIIPWersja>2012-09-27T08:13:53+02:00</sln:powIIPWersja><sln:powIdTeryt>1419</sln:powIdTeryt><sln:powNazwa>płocki</sln:powNazwa><sln:waznyOd>2014-06-20T00:00:00+02:00</sln:waznyOd><sln:wojIIPId>4b6c492a-eb04-441d-a92a-f44359c06de7</sln:wojIIPId><sln:wojIIPPn>PL.PZGIK.200</sln:wojIIPPn><sln:wojIIPWersja>2012-09-27T13:45:13+02:00</sln:wojIIPWersja><sln:wojIdTeryt>14</sln:wojIdTeryt><sln:wojNazwa>mazowieckie</sln:wojNazwa></sln:miejscowosc><sln:miejscowosc><sln:cyklZyciaDo>2017-03-28T00:00:00+02:00</sln:cyklZyciaDo><sln:cyklZyciaOd>2015-06-22T00:00:00+02:00</sln:cyklZyciaOd><sln:gmIIPId>34d37710-961e-411c-a1d0-c6b4a5d9ef9c</sln:gmIIPId><sln:gmIIPPn>PL.PZGIK.200</sln:gmIIPPn><sln:gmIIPWersja>2012-09-26T22:54:04+02:00</sln:gmIIPWersja><sln:gmIdTeryt>1419112</sln:gmIdTeryt><sln:gmNazwa>Słubice</sln:gmNazwa><sln:miejscIIPId>1d232019-bc84-470f-8317-000ae086e4a9</sln:miejscIIPId><sln:miejscIIPPn>PL.PZGIK.200</sln:miejscIIPPn><sln:miejscIIPWersja>2016-11-24T11:18:38+02:00</sln:miejscIIPWersja><sln:miejscIdTeryt>0575516</sln:miejscIdTeryt><sln:miejscNazwa>Potok Czarny</sln:miejscNazwa><sln:miejscRodzaj>Inny obiekt</sln:miejscRodzaj><sln:powIIPId>b3b3dfff-c9b2-4d74-8cf8-f21e620136f6</sln:powIIPId><sln:powIIPPn>PL.PZGIK.200</sln:powIIPPn><sln:powIIPWersja>2012-09-27T08:13:53+02:00</sln:powIIPWersja><sln:powIdTeryt>1419</sln:powIdTeryt><sln:powNazwa>płocki</sln:powNazwa><sln:waznyOd>2014-06-20T00:00:00+02:00</sln:waznyOd><sln:wojIIPId>4b6c492a-eb04-441d-a92a-f44359c06de7</sln:wojIIPId><sln:wojIIPPn>PL.PZGIK.200</sln:wojIIPPn><sln:wojIIPWersja>2012-09-27T13:45:13+02:00</sln:wojIIPWersja><sln:wojIdTeryt>14</sln:wojIdTeryt><sln:wojNazwa>mazowieckie</sln:wojNazwa></sln:miejscowosc><sln:miejscowosc><sln:cyklZyciaDo>2017-03-28T00:00:00+02:00</sln:cyklZyciaDo><sln:cyklZyciaOd>2015-06-22T00:00:00+02:00</sln:cyklZyciaOd><sln:gmIIPId>34d37710-961e-411c-a1d0-c6b4a5d9ef9c</sln:gmIIPId><sln:gmIIPPn>PL.PZGIK.200</sln:gmIIPPn><sln:gmIIPWersja>2012-09-26T22:54:04+02:00</sln:gmIIPWersja><sln:gmIdTeryt>1419112</sln:gmIdTeryt><sln:gmNazwa>Słubice</sln:gmNazwa><sln:miejscIIPId>c7edb71b-abe7-4952-a289-121f8319c94f</sln:miejscIIPId><sln:miejscIIPPn>PL.PZGIK.200</sln:miejscIIPPn><sln:miejscIIPWersja>2016-11-24T11:18:38+02:00</sln:miejscIIPWersja><sln:miejscIdTeryt>0575522</sln:miejscIdTeryt><sln:miejscNazwa>Rybaki</sln:miejscNazwa><sln:miejscRodzaj>Wieś</sln:miejscRodzaj><sln:powIIPId>b3b3dfff-c9b2-4d74-8cf8-f21e620136f6</sln:powIIPId><sln:powIIPPn>PL.PZGIK.200</sln:powIIPPn><sln:powIIPWersja>2012-09-27T08:13:53+02:00</sln:powIIPWersja><sln:powIdTeryt>1419</sln:powIdTeryt><sln:powNazwa>płocki</sln:powNazwa><sln:waznyOd>2014-06-20T00:00:00+02:00</sln:waznyOd><sln:wojIIPId>4b6c492a-eb04-441d-a92a-f44359c06de7</sln:wojIIPId><sln:wojIIPPn>PL.PZGIK.200</sln:wojIIPPn><sln:wojIIPWersja>2012-09-27T13:45:13+02:00</sln:wojIIPWersja><sln:wojIdTeryt>14</sln:wojIdTeryt><sln:wojNazwa>mazowieckie</sln:wojNazwa></sln:miejscowosc><sln:miejscowosc><sln:cyklZyciaDo>2017-03-28T00:00:00+02:00</sln:cyklZyciaDo><sln:cyklZyciaOd>2015-06-22T00:00:00+02:00</sln:cyklZyciaOd><sln:gmIIPId>34d37710-961e-411c-a1d0-c6b4a5d9ef9c</sln:gmIIPId><sln:gmIIPPn>PL.PZGIK.200</sln:gmIIPPn><sln:gmIIPWersja>2012-09-26T22:54:04+02:00</sln:gmIIPWersja><sln:gmIdTeryt>1419112</sln:gmIdTeryt><sln:gmNazwa>Słubice</sln:gmNazwa><sln:miejscIIPId>abf3f799-c5b0-4901-b1b6-29c7b24cea92</sln:miejscIIPId><sln:miejscIIPPn>PL.PZGIK.200</sln:miejscIIPPn><sln:miejscIIPWersja>2016-11-24T11:18:38+02:00</sln:miejscIIPWersja><sln:miejscIdTeryt>0575551</sln:miejscIdTeryt><sln:miejscNazwa>Sady</sln:miejscNazwa><sln:miejscRodzaj>Wieś</sln:miejscRodzaj><sln:powIIPId>b3b3dfff-c9b2-4d74-8cf8-f21e620136f6</sln:powIIPId><sln:powIIPPn>PL.PZGIK.200</sln:powIIPPn><sln:powIIPWersja>2012-09-27T08:13:53+02:00</sln:powIIPWersja><sln:powIdTeryt>1419</sln:powIdTeryt><sln:powNazwa>płocki</sln:powNazwa><sln:waznyOd>2014-06-20T00:00:00+02:00</sln:waznyOd><sln:wojIIPId>4b6c492a-eb04-441d-a92a-f44359c06de7</sln:wojIIPId><sln:wojIIPPn>PL.PZGIK.200</sln:wojIIPPn><sln:wojIIPWersja>2012-09-27T13:45:13+02:00</sln:wojIIPWersja><sln:wojIdTeryt>14</sln:wojIdTeryt><sln:wojNazwa>mazowieckie</sln:wojNazwa></sln:miejscowosc><sln:miejscowosc><sln:cyklZyciaDo>2017-03-28T00:00:00+02:00</sln:cyklZyciaDo><sln:cyklZyciaOd>2015-06-22T00:00:00+02:00</sln:cyklZyciaOd><sln:gmIIPId>34d37710-961e-411c-a1d0-c6b4a5d9ef9c</sln:gmIIPId><sln:gmIIPPn>PL.PZGIK.200</sln:gmIIPPn><sln:gmIIPWersja>2012-09-26T22:54:04+02:00</sln:gmIIPWersja><sln:gmIdTeryt>1419112</sln:gmIdTeryt><sln:gmNazwa>Słubice</sln:gmNazwa><sln:miejscIIPId>8a8f3621-1abb-4990-b6ad-a8df6fa7b0f1</sln:miejscIIPId><sln:miejscIIPPn>PL.PZGIK.200</sln:miejscIIPPn><sln:miejscIIPWersja>2016-11-24T11:18:38+02:00</sln:miejscIIPWersja><sln:miejscIdTeryt>0575568</sln:miejscIdTeryt><sln:miejscNazwa>Słubice</sln:miejscNazwa><sln:miejscRodzaj>Wieś</sln:miejscRodzaj><sln:powIIPId>b3b3dfff-c9b2-4d74-8cf8-f21e620136f6</sln:powIIPId><sln:powIIPPn>PL.PZGIK.200</sln:powIIPPn><sln:powIIPWersja>2012-09-27T08:13:53+02:00</sln:powIIPWersja><sln:powIdTeryt>1419</sln:powIdTeryt><sln:powNazwa>płocki</sln:powNazwa><sln:waznyOd>2014-06-20T00:00:00+02:00</sln:waznyOd><sln:wojIIPId>4b6c492a-eb04-441d-a92a-f44359c06de7</sln:wojIIPId><sln:wojIIPPn>PL.PZGIK.200</sln:wojIIPPn><sln:wojIIPWersja>2012-09-27T13:45:13+02:00</sln:wojIIPWersja><sln:wojIdTeryt>14</sln:wojIdTeryt><sln:wojNazwa>mazowieckie</sln:wojNazwa></sln:miejscowosc><sln:miejscowosc><sln:cyklZyciaDo>2017-03-28T00:00:00+02:00</sln:cyklZyciaDo><sln:cyklZyciaOd>2015-06-22T00:00:00+02:00</sln:cyklZyciaOd><sln:gmIIPId>34d37710-961e-411c-a1d0-c6b4a5d9ef9c</sln:gmIIPId><sln:gmIIPPn>PL.PZGIK.200</sln:gmIIPPn><sln:gmIIPWersja>2012-09-26T22:54:04+02:00</sln:gmIIPWersja><sln:gmIdTeryt>1419112</sln:gmIdTeryt><sln:gmNazwa>Słubice</sln:gmNazwa><sln:miejscIIPId>71fb718a-6783-4630-a50c-5b4997b62aa0</sln:miejscIIPId><sln:miejscIIPPn>PL.PZGIK.200</sln:miejscIIPPn><sln:miejscIIPWersja>2016-11-24T11:18:38+02:00</sln:miejscIIPWersja><sln:miejscIdTeryt>0575433</sln:miejscIdTeryt><sln:miejscNazwa>Studzieniec</sln:miejscNazwa><sln:miejscRodzaj>Wieś</sln:miejscRodzaj><sln:powIIPId>b3b3dfff-c9b2-4d74-8cf8-f21e620136f6</sln:powIIPId><sln:powIIPPn>PL.PZGIK.200</sln:powIIPPn><sln:powIIPWersja>2012-09-27T08:13:53+02:00</sln:powIIPWersja><sln:powIdTeryt>1419</sln:powIdTeryt><sln:powNazwa>płocki</sln:powNazwa><sln:waznyOd>2014-06-20T00:00:00+02:00</sln:waznyOd><sln:wojIIPId>4b6c492a-eb04-441d-a92a-f44359c06de7</sln:wojIIPId><sln:wojIIPPn>PL.PZGIK.200</sln:wojIIPPn><sln:wojIIPWersja>2012-09-27T13:45:13+02:00</sln:wojIIPWersja><sln:wojIdTeryt>14</sln:wojIdTeryt><sln:wojNazwa>mazowieckie</sln:wojNazwa></sln:miejscowosc><sln:miejscowosc><sln:cyklZyciaDo>2017-03-28T00:00:00+02:00</sln:cyklZyciaDo><sln:cyklZyciaOd>2015-06-22T00:00:00+02:00</sln:cyklZyciaOd><sln:gmIIPId>34d37710-961e-411c-a1d0-c6b4a5d9ef9c</sln:gmIIPId><sln:gmIIPPn>PL.PZGIK.200</sln:gmIIPPn><sln:gmIIPWersja>2012-09-26T22:54:04+02:00</sln:gmIIPWersja><sln:gmIdTeryt>1419112</sln:gmIdTeryt><sln:gmNazwa>Słubice</sln:gmNazwa><sln:miejscIIPId>8552d60c-7fb7-4f17-abc3-02c3fca82455</sln:miejscIIPId><sln:miejscIIPPn>PL.PZGIK.200</sln:miejscIIPPn><sln:miejscIIPWersja>2016-11-24T11:18:38+02:00</sln:miejscIIPWersja><sln:miejscIdTeryt>0575574</sln:miejscIdTeryt><sln:miejscNazwa>Świniary</sln:miejscNazwa><sln:miejscRodzaj>Wieś</sln:miejscRodzaj><sln:powIIPId>b3b3dfff-c9b2-4d74-8cf8-f21e620136f6</sln:powIIPId><sln:powIIPPn>PL.PZGIK.200</sln:powIIPPn><sln:powIIPWersja>2012-09-27T08:13:53+02:00</sln:powIIPWersja><sln:powIdTeryt>1419</sln:powIdTeryt><sln:powNazwa>płocki</sln:powNazwa><sln:waznyOd>2014-06-20T00:00:00+02:00</sln:waznyOd><sln:wojIIPId>4b6c492a-eb04-441d-a92a-f44359c06de7</sln:wojIIPId><sln:wojIIPPn>PL.PZGIK.200</sln:wojIIPPn><sln:wojIIPWersja>2012-09-27T13:45:13+02:00</sln:wojIIPWersja><sln:wojIdTeryt>14</sln:wojIdTeryt><sln:wojNazwa>mazowieckie</sln:wojNazwa></sln:miejscowosc><sln:miejscowosc><sln:cyklZyciaDo>2017-03-28T00:00:00+02:00</sln:cyklZyciaDo><sln:cyklZyciaOd>2015-06-22T00:00:00+02:00</sln:cyklZyciaOd><sln:gmIIPId>34d37710-961e-411c-a1d0-c6b4a5d9ef9c</sln:gmIIPId><sln:gmIIPPn>PL.PZGIK.200</sln:gmIIPPn><sln:gmIIPWersja>2012-09-26T22:54:04+02:00</sln:gmIIPWersja><sln:gmIdTeryt>1419112</sln:gmIdTeryt><sln:gmNazwa>Słubice</sln:gmNazwa><sln:miejscIIPId>c9942969-0d84-4b12-ba01-c17063d90a96</sln:miejscIIPId><sln:miejscIIPPn>PL.PZGIK.200</sln:miejscIIPPn><sln:miejscIIPWersja>2016-11-24T11:18:38+02:00</sln:miejscIIPWersja><sln:miejscIdTeryt>0575580</sln:miejscIdTeryt><sln:miejscNazwa>Wiączemin Polski</sln:miejscNazwa><sln:miejscRodzaj>Wieś</sln:miejscRodzaj><sln:powIIPId>b3b3dfff-c9b2-4d74-8cf8-f21e620136f6</sln:powIIPId><sln:powIIPPn>PL.PZGIK.200</sln:powIIPPn><sln:powIIPWersja>2012-09-27T08:13:53+02:00</sln:powIIPWersja><sln:powIdTeryt>1419</sln:powIdTeryt><sln:powNazwa>płocki</sln:powNazwa><sln:waznyOd>2014-06-20T00:00:00+02:00</sln:waznyOd><sln:wojIIPId>4b6c492a-eb04-441d-a92a-f44359c06de7</sln:wojIIPId><sln:wojIIPPn>PL.PZGIK.200</sln:wojIIPPn><sln:wojIIPWersja>2012-09-27T13:45:13+02:00</sln:wojIIPWersja><sln:wojIdTeryt>14</sln:wojIdTeryt><sln:wojNazwa>mazowieckie</sln:wojNazwa></sln:miejscowosc><sln:miejscowosc><sln:cyklZyciaDo>2017-03-28T00:00:00+02:00</sln:cyklZyciaDo><sln:cyklZyciaOd>2015-06-22T00:00:00+02:00</sln:cyklZyciaOd><sln:gmIIPId>34d37710-961e-411c-a1d0-c6b4a5d9ef9c</sln:gmIIPId><sln:gmIIPPn>PL.PZGIK.200</sln:gmIIPPn><sln:gmIIPWersja>2012-09-26T22:54:04+02:00</sln:gmIIPWersja><sln:gmIdTeryt>1419112</sln:gmIdTeryt><sln:gmNazwa>Słubice</sln:gmNazwa><sln:miejscIIPId>ff708f3a-6f79-4d56-935f-937acc94932f</sln:miejscIIPId><sln:miejscIIPPn>PL.PZGIK.200</sln:miejscIIPPn><sln:miejscIIPWersja>2016-11-24T11:18:38+02:00</sln:miejscIIPWersja><sln:miejscIdTeryt>0575597</sln:miejscIdTeryt><sln:miejscNazwa>Wymyśle Polskie</sln:miejscNazwa><sln:miejscRodzaj>Wieś</sln:miejscRodzaj><sln:powIIPId>b3b3dfff-c9b2-4d74-8cf8-f21e620136f6</sln:powIIPId><sln:powIIPPn>PL.PZGIK.200</sln:powIIPPn><sln:powIIPWersja>2012-09-27T08:13:53+02:00</sln:powIIPWersja><sln:powIdTeryt>1419</sln:powIdTeryt><sln:powNazwa>płocki</sln:powNazwa><sln:waznyOd>2014-06-20T00:00:00+02:00</sln:waznyOd><sln:wojIIPId>4b6c492a-eb04-441d-a92a-f44359c06de7</sln:wojIIPId><sln:wojIIPPn>PL.PZGIK.200</sln:wojIIPPn><sln:wojIIPWersja>2012-09-27T13:45:13+02:00</sln:wojIIPWersja><sln:wojIdTeryt>14</sln:wojIdTeryt><sln:wojNazwa>mazowieckie</sln:wojNazwa></sln:miejscowosc><sln:miejscowosc><sln:cyklZyciaDo>2017-03-28T00:00:00+02:00</sln:cyklZyciaDo><sln:cyklZyciaOd>2015-06-22T00:00:00+02:00</sln:cyklZyciaOd><sln:gmIIPId>34d37710-961e-411c-a1d0-c6b4a5d9ef9c</sln:gmIIPId><sln:gmIIPPn>PL.PZGIK.200</sln:gmIIPPn><sln:gmIIPWersja>2012-09-26T22:54:04+02:00</sln:gmIIPWersja><sln:gmIdTeryt>1419112</sln:gmIdTeryt><sln:gmNazwa>Słubice</sln:gmNazwa><sln:miejscIIPId>23b89ca4-891c-4e46-8c9f-e2f17d8cd96c</sln:miejscIIPId><sln:miejscIIPPn>PL.PZGIK.200</sln:miejscIIPPn><sln:miejscIIPWersja>2016-11-24T11:18:38+02:00</sln:miejscIIPWersja><sln:miejscIdTeryt>0575605</sln:miejscIdTeryt><sln:miejscNazwa>Zyck Polski</sln:miejscNazwa><sln:miejscRodzaj>Wieś</sln:miejscRodzaj><sln:powIIPId>b3b3dfff-c9b2-4d74-8cf8-f21e620136f6</sln:powIIPId><sln:powIIPPn>PL.PZGIK.200</sln:powIIPPn><sln:powIIPWersja>2012-09-27T08:13:53+02:00</sln:powIIPWersja><sln:powIdTeryt>1419</sln:powIdTeryt><sln:powNazwa>płocki</sln:powNazwa><sln:waznyOd>2014-10-10T00:00:00+02:00</sln:waznyOd><sln:wojIIPId>4b6c492a-eb04-441d-a92a-f44359c06de7</sln:wojIIPId><sln:wojIIPPn>PL.PZGIK.200</sln:wojIIPPn><sln:wojIIPWersja>2012-09-27T13:45:13+02:00</sln:wojIIPWersja><sln:wojIdTeryt>14</sln:wojIdTeryt><sln:wojNazwa>mazowieckie</sln:wojNazwa></sln:miejscowosc><sln:miejscowosc><sln:cyklZyciaOd>2017-03-28T00:00:00+02:00</sln:cyklZyciaOd><sln:gmIIPId>34d37710-961e-411c-a1d0-c6b4a5d9ef9c</sln:gmIIPId><sln:gmIIPPn>PL.PZGIK.200</sln:gmIIPPn><sln:gmIIPWersja>2012-09-26T22:54:04+02:00</sln:gmIIPWersja><sln:gmIdTeryt>1419112</sln:gmIdTeryt><sln:gmNazwa>Słubice</sln:gmNazwa><sln:miejscIIPId>828c23d6-9f0a-4fdd-b4b5-1bf851ef9302</sln:miejscIIPId><sln:miejscIIPPn>PL.PZGIK.200</sln:miejscIIPPn><sln:miejscIIPWersja>2017-03-28T12:53:09+02:00</sln:miejscIIPWersja><sln:miejscIdTeryt>0575290</sln:miejscIdTeryt><sln:miejscNazwa>Alfonsów</sln:miejscNazwa><sln:miejscRodzaj>Wieś</sln:miejscRodzaj><sln:powIIPId>b3b3dfff-c9b2-4d74-8cf8-f21e620136f6</sln:powIIPId><sln:powIIPPn>PL.PZGIK.200</sln:powIIPPn><sln:powIIPWersja>2012-09-27T08:13:53+02:00</sln:powIIPWersja><sln:powIdTeryt>1419</sln:powIdTeryt><sln:powNazwa>płocki</sln:powNazwa><sln:waznyOd>2014-06-20T00:00:00+02:00</sln:waznyOd><sln:wojIIPId>4b6c492a-eb04-441d-a92a-f44359c06de7</sln:wojIIPId><sln:wojIIPPn>PL.PZGIK.200</sln:wojIIPPn><sln:wojIIPWersja>2012-09-27T13:45:13+02:00</sln:wojIIPWersja><sln:wojIdTeryt>14</sln:wojIdTeryt><sln:wojNazwa>mazowieckie</sln:wojNazwa></sln:miejscowosc><sln:miejscowosc><sln:cyklZyciaOd>2017-03-28T00:00:00+02:00</sln:cyklZyciaOd><sln:gmIIPId>34d37710-961e-411c-a1d0-c6b4a5d9ef9c</sln:gmIIPId><sln:gmIIPPn>PL.PZGIK.200</sln:gmIIPPn><sln:gmIIPWersja>2012-09-26T22:54:04+02:00</sln:gmIIPWersja><sln:gmIdTeryt>1419112</sln:gmIdTeryt><sln:gmNazwa>Słubice</sln:gmNazwa><sln:miejscIIPId>915b1c11-7fcb-441d-93ca-4433b78e7879</sln:miejscIIPId><sln:miejscIIPPn>PL.PZGIK.200</sln:miejscIIPPn><sln:miejscIIPWersja>2017-03-28T12:53:16+02:00</sln:miejscIIPWersja><sln:miejscIdTeryt>0575321</sln:miejscIdTeryt><sln:miejscNazwa>Grabowiec</sln:miejscNazwa><sln:miejscRodzaj>Wieś</sln:miejscRodzaj><sln:powIIPId>b3b3dfff-c9b2-4d74-8cf8-f21e620136f6</sln:powIIPId><sln:powIIPPn>PL.PZGIK.200</sln:powIIPPn><sln:powIIPWersja>2012-09-27T08:13:53+02:00</sln:powIIPWersja><sln:powIdTeryt>1419</sln:powIdTeryt><sln:powNazwa>płocki</sln:powNazwa><sln:waznyOd>2014-06-20T00:00:00+02:00</sln:waznyOd><sln:wojIIPId>4b6c492a-eb04-441d-a92a-f44359c06de7</sln:wojIIPId><sln:wojIIPPn>PL.PZGIK.200</sln:wojIIPPn><sln:wojIIPWersja>2012-09-27T13:45:13+02:00</sln:wojIIPWersja><sln:wojIdTeryt>14</sln:wojIdTeryt><sln:wojNazwa>mazowieckie</sln:wojNazwa></sln:miejscowosc><sln:miejscowosc><sln:cyklZyciaOd>2017-03-28T00:00:00+02:00</sln:cyklZyciaOd><sln:gmIIPId>34d37710-961e-411c-a1d0-c6b4a5d9ef9c</sln:gmIIPId><sln:gmIIPPn>PL.PZGIK.200</sln:gmIIPPn><sln:gmIIPWersja>2012-09-26T22:54:04+02:00</sln:gmIIPWersja><sln:gmIdTeryt>1419112</sln:gmIdTeryt><sln:gmNazwa>Słubice</sln:gmNazwa><sln:miejscIIPId>4b5aeb49-fb4f-48fe-b63c-914cd859bdc3</sln:miejscIIPId><sln:miejscIIPPn>PL.PZGIK.200</sln:miejscIIPPn><sln:miejscIIPWersja>2017-03-28T12:53:16+02:00</sln:miejscIIPWersja><sln:miejscIdTeryt>0575344</sln:miejscIdTeryt><sln:miejscNazwa>Grzybów</sln:miejscNazwa><sln:miejscRodzaj>Wieś</sln:miejscRodzaj><sln:powIIPId>b3b3dfff-c9b2-4d74-8cf8-f21e620136f6</sln:powIIPId><sln:powIIPPn>PL.PZGIK.200</sln:powIIPPn><sln:powIIPWersja>2012-09-27T08:13:53+02:00</sln:powIIPWersja><sln:powIdTeryt>1419</sln:powIdTeryt><sln:powNazwa>płocki</sln:powNazwa><sln:waznyOd>2014-06-20T00:00:00+02:00</sln:waznyOd><sln:wojIIPId>4b6c492a-eb04-441d-a92a-f44359c06de7</sln:wojIIPId><sln:wojIIPPn>PL.PZGIK.200</sln:wojIIPPn><sln:wojIIPWersja>2012-09-27T13:45:13+02:00</sln:wojIIPWersja><sln:wojIdTeryt>14</sln:wojIdTeryt><sln:wojNazwa>mazowieckie</sln:wojNazwa></sln:miejscowosc><sln:miejscowosc><sln:cyklZyciaOd>2017-03-28T00:00:00+02:00</sln:cyklZyciaOd><sln:gmIIPId>34d37710-961e-411c-a1d0-c6b4a5d9ef9c</sln:gmIIPId><sln:gmIIPPn>PL.PZGIK.200</sln:gmIIPPn><sln:gmIIPWersja>2012-09-26T22:54:04+02:00</sln:gmIIPWersja><sln:gmIdTeryt>1419112</sln:gmIdTeryt><sln:gmNazwa>Słubice</sln:gmNazwa><sln:miejscIIPId>26a8000d-e5f4-43bf-b9d5-a1bd338b56a8</sln:miejscIIPId><sln:miejscIIPPn>PL.PZGIK.200</sln:miejscIIPPn><sln:miejscIIPWersja>2017-03-28T12:53:16+02:00</sln:miejscIIPWersja><sln:miejscIdTeryt>0575350</sln:miejscIdTeryt><sln:miejscNazwa>Jamno</sln:miejscNazwa><sln:miejscRodzaj>Wieś</sln:miejscRodzaj><sln:powIIPId>b3b3dfff-c9b2-4d74-8cf8-f21e620136f6</sln:powIIPId><sln:powIIPPn>PL.PZGIK.200</sln:powIIPPn><sln:powIIPWersja>2012-09-27T08:13:53+02:00</sln:powIIPWersja><sln:powIdTeryt>1419</sln:powIdTeryt><sln:powNazwa>płocki</sln:powNazwa><sln:waznyOd>2014-06-20T00:00:00+02:00</sln:waznyOd><sln:wojIIPId>4b6c492a-eb04-441d-a92a-f44359c06de7</sln:wojIIPId><sln:wojIIPPn>PL.PZGIK.200</sln:wojIIPPn><sln:wojIIPWersja>2012-09-27T13:45:13+02:00</sln:wojIIPWersja><sln:wojIdTeryt>14</sln:wojIdTeryt><sln:wojNazwa>mazowieckie</sln:wojNazwa></sln:miejscowosc><sln:miejscowosc><sln:cyklZyciaOd>2017-03-28T00:00:00+02:00</sln:cyklZyciaOd><sln:gmIIPId>34d37710-961e-411c-a1d0-c6b4a5d9ef9c</sln:gmIIPId><sln:gmIIPPn>PL.PZGIK.200</sln:gmIIPPn><sln:gmIIPWersja>2012-09-26T22:54:04+02:00</sln:gmIIPWersja><sln:gmIdTeryt>1419112</sln:gmIdTeryt><sln:gmNazwa>Słubice</sln:gmNazwa><sln:miejscIIPId>3a1373bd-59a5-48e9-beb0-1b6ef78ccb3e</sln:miejscIIPId><sln:miejscIIPPn>PL.PZGIK.200</sln:miejscIIPPn><sln:miejscIIPWersja>2017-03-28T12:53:16+02:00</sln:miejscIIPWersja><sln:miejscIdTeryt>0575367</sln:miejscIdTeryt><sln:miejscNazwa>Juliszew</sln:miejscNazwa><sln:miejscRodzaj>Wieś</sln:miejscRodzaj><sln:powIIPId>b3b3dfff-c9b2-4d74-8cf8-f21e620136f6</sln:powIIPId><sln:powIIPPn>PL.PZGIK.200</sln:powIIPPn><sln:powIIPWersja>2012-09-27T08:13:53+02:00</sln:powIIPWersja><sln:powIdTeryt>1419</sln:powIdTeryt><sln:powNazwa>płocki</sln:powNazwa><sln:waznyOd>2014-06-20T00:00:00+02:00</sln:waznyOd><sln:wojIIPId>4b6c492a-eb04-441d-a92a-f44359c06de7</sln:wojIIPId><sln:wojIIPPn>PL.PZGIK.200</sln:wojIIPPn><sln:wojIIPWersja>2012-09-27T13:45:13+02:00</sln:wojIIPWersja><sln:wojIdTeryt>14</sln:wojIdTeryt><sln:wojNazwa>mazowieckie</sln:wojNazwa></sln:miejscowosc><sln:miejscowosc><sln:cyklZyciaOd>2017-03-28T00:00:00+02:00</sln:cyklZyciaOd><sln:gmIIPId>34d37710-961e-411c-a1d0-c6b4a5d9ef9c</sln:gmIIPId><sln:gmIIPPn>PL.PZGIK.200</sln:gmIIPPn><sln:gmIIPWersja>2012-09-26T22:54:04+02:00</sln:gmIIPWersja><sln:gmIdTeryt>1419112</sln:gmIdTeryt><sln:gmNazwa>Słubice</sln:gmNazwa><sln:miejscIIPId>5ed75508-5b0d-426a-b3a9-bf438ff5f2e6</sln:miejscIIPId><sln:miejscIIPPn>PL.PZGIK.200</sln:miejscIIPPn><sln:miejscIIPWersja>2017-03-28T12:53:16+02:00</sln:miejscIIPWersja><sln:miejscIdTeryt>0575373</sln:miejscIdTeryt><sln:miejscNazwa>Leonów</sln:miejscNazwa><sln:miejscRodzaj>Wieś</sln:miejscRodzaj><sln:powIIPId>b3b3dfff-c9b2-4d74-8cf8-f21e620136f6</sln:powIIPId><sln:powIIPPn>PL.PZGIK.200</sln:powIIPPn><sln:powIIPWersja>2012-09-27T08:13:53+02:00</sln:powIIPWersja><sln:powIdTeryt>1419</sln:powIdTeryt><sln:powNazwa>płocki</sln:powNazwa><sln:waznyOd>2014-06-20T00:00:00+02:00</sln:waznyOd><sln:wojIIPId>4b6c492a-eb04-441d-a92a-f44359c06de7</sln:wojIIPId><sln:wojIIPPn>PL.PZGIK.200</sln:wojIIPPn><sln:wojIIPWersja>2012-09-27T13:45:13+02:00</sln:wojIIPWersja><sln:wojIdTeryt>14</sln:wojIdTeryt><sln:wojNazwa>mazowieckie</sln:wojNazwa></sln:miejscowosc><sln:miejscowosc><sln:cyklZyciaOd>2017-03-28T00:00:00+02:00</sln:cyklZyciaOd><sln:gmIIPId>34d37710-961e-411c-a1d0-c6b4a5d9ef9c</sln:gmIIPId><sln:gmIIPPn>PL.PZGIK.200</sln:gmIIPPn><sln:gmIIPWersja>2012-09-26T22:54:04+02:00</sln:gmIIPWersja><sln:gmIdTeryt>1419112</sln:gmIdTeryt><sln:gmNazwa>Słubice</sln:gmNazwa><sln:miejscIIPId>e6addef4-9596-45ab-8335-842ac36fb653</sln:miejscIIPId><sln:miejscIIPPn>PL.PZGIK.200</sln:miejscIIPPn><sln:miejscIIPWersja>2017-03-28T12:53:16+02:00</sln:miejscIIPWersja><sln:miejscIdTeryt>0575396</sln:miejscIdTeryt><sln:miejscNazwa>Łaziska</sln:miejscNazwa><sln:miejscRodzaj>Wieś</sln:miejscRodzaj><sln:powIIPId>b3b3dfff-c9b2-4d74-8cf8-f21e620136f6</sln:powIIPId><sln:powIIPPn>PL.PZGIK.200</sln:powIIPPn><sln:powIIPWersja>2012-09-27T08:13:53+02:00</sln:powIIPWersja><sln:powIdTeryt>1419</sln:powIdTeryt><sln:powNazwa>płocki</sln:powNazwa><sln:waznyOd>2014-06-20T00:00:00+02:00</sln:waznyOd><sln:wojIIPId>4b6c492a-eb04-441d-a92a-f44359c06de7</sln:wojIIPId><sln:wojIIPPn>PL.PZGIK.200</sln:wojIIPPn><sln:wojIIPWersja>2012-09-27T13:45:13+02:00</sln:wojIIPWersja><sln:wojIdTeryt>14</sln:wojIdTeryt><sln:wojNazwa>mazowieckie</sln:wojNazwa></sln:miejscowosc><sln:miejscowosc><sln:cyklZyciaOd>2017-03-28T00:00:00+02:00</sln:cyklZyciaOd><sln:gmIIPId>34d37710-961e-411c-a1d0-c6b4a5d9ef9c</sln:gmIIPId><sln:gmIIPPn>PL.PZGIK.200</sln:gmIIPPn><sln:gmIIPWersja>2012-09-26T22:54:04+02:00</sln:gmIIPWersja><sln:gmIdTeryt>1419112</sln:gmIdTeryt><sln:gmNazwa>Słubice</sln:gmNazwa><sln:miejscIIPId>119a9570-cc76-424d-9284-1b281e6d313e</sln:miejscIIPId><sln:miejscIIPPn>PL.PZGIK.200</sln:miejscIIPPn><sln:miejscIIPWersja>2017-03-28T12:53:16+02:00</sln:miejscIIPWersja><sln:miejscIdTeryt>0575404</sln:miejscIdTeryt><sln:miejscNazwa>Bończa</sln:miejscNazwa><sln:miejscRodzaj>Wieś</sln:miejscRodzaj><sln:powIIPId>b3b3dfff-c9b2-4d74-8cf8-f21e620136f6</sln:powIIPId><sln:powIIPPn>PL.PZGIK.200</sln:powIIPPn><sln:powIIPWersja>2012-09-27T08:13:53+02:00</sln:powIIPWersja><sln:powIdTeryt>1419</sln:powIdTeryt><sln:powNazwa>płocki</sln:powNazwa><sln:waznyOd>2014-06-20T00:00:00+02:00</sln:waznyOd><sln:wojIIPId>4b6c492a-eb04-441d-a92a-f44359c06de7</sln:wojIIPId><sln:wojIIPPn>PL.PZGIK.200</sln:wojIIPPn><sln:wojIIPWersja>2012-09-27T13:45:13+02:00</sln:wojIIPWersja><sln:wojIdTeryt>14</sln:wojIdTeryt><sln:wojNazwa>mazowieckie</sln:wojNazwa></sln:miejscowosc><sln:miejscowosc><sln:cyklZyciaOd>2017-03-28T00:00:00+02:00</sln:cyklZyciaOd><sln:gmIIPId>34d37710-961e-411c-a1d0-c6b4a5d9ef9c</sln:gmIIPId><sln:gmIIPPn>PL.PZGIK.200</sln:gmIIPPn><sln:gmIIPWersja>2012-09-26T22:54:04+02:00</sln:gmIIPWersja><sln:gmIdTeryt>1419112</sln:gmIdTeryt><sln:gmNazwa>Słubice</sln:gmNazwa><sln:miejscIIPId>71fb718a-6783-4630-a50c-5b4997b62aa0</sln:miejscIIPId><sln:miejscIIPPn>PL.PZGIK.200</sln:miejscIIPPn><sln:miejscIIPWersja>2017-03-28T12:53:16+02:00</sln:miejscIIPWersja><sln:miejscIdTeryt>0575433</sln:miejscIdTeryt><sln:miejscNazwa>Studzieniec</sln:miejscNazwa><sln:miejscRodzaj>Wieś</sln:miejscRodzaj><sln:powIIPId>b3b3dfff-c9b2-4d74-8cf8-f21e620136f6</sln:powIIPId><sln:powIIPPn>PL.PZGIK.200</sln:powIIPPn><sln:powIIPWersja>2012-09-27T08:13:53+02:00</sln:powIIPWersja><sln:powIdTeryt>1419</sln:powIdTeryt><sln:powNazwa>płocki</sln:powNazwa><sln:waznyOd>2014-06-20T00:00:00+02:00</sln:waznyOd><sln:wojIIPId>4b6c492a-eb04-441d-a92a-f44359c06de7</sln:wojIIPId><sln:wojIIPPn>PL.PZGIK.200</sln:wojIIPPn><sln:wojIIPWersja>2012-09-27T13:45:13+02:00</sln:wojIIPWersja><sln:wojIdTeryt>14</sln:wojIdTeryt><sln:wojNazwa>mazowieckie</sln:wojNazwa></sln:miejscowosc><sln:miejscowosc><sln:cyklZyciaOd>2017-03-28T00:00:00+02:00</sln:cyklZyciaOd><sln:gmIIPId>34d37710-961e-411c-a1d0-c6b4a5d9ef9c</sln:gmIIPId><sln:gmIIPPn>PL.PZGIK.200</sln:gmIIPPn><sln:gmIIPWersja>2012-09-26T22:54:04+02:00</sln:gmIIPWersja><sln:gmIdTeryt>1419112</sln:gmIdTeryt><sln:gmNazwa>Słubice</sln:gmNazwa><sln:miejscIIPId>4cb95f5e-e0b1-4cff-b0ec-73faec05cd82</sln:miejscIIPId><sln:miejscIIPPn>PL.PZGIK.200</sln:miejscIIPPn><sln:miejscIIPWersja>2017-03-28T12:53:16+02:00</sln:miejscIIPWersja><sln:miejscIdTeryt>0575440</sln:miejscIdTeryt><sln:miejscNazwa>Budy</sln:miejscNazwa><sln:miejscRodzaj>Wieś</sln:miejscRodzaj><sln:powIIPId>b3b3dfff-c9b2-4d74-8cf8-f21e620136f6</sln:powIIPId><sln:powIIPPn>PL.PZGIK.200</sln:powIIPPn><sln:powIIPWersja>2012-09-27T08:13:53+02:00</sln:powIIPWersja><sln:powIdTeryt>1419</sln:powIdTeryt><sln:powNazwa>płocki</sln:powNazwa><sln:waznyOd>2014-06-20T00:00:00+02:00</sln:waznyOd><sln:wojIIPId>4b6c492a-eb04-441d-a92a-f44359c06de7</sln:wojIIPId><sln:wojIIPPn>PL.PZGIK.200</sln:wojIIPPn><sln:wojIIPWersja>2012-09-27T13:45:13+02:00</sln:wojIIPWersja><sln:wojIdTeryt>14</sln:wojIdTeryt><sln:wojNazwa>mazowieckie</sln:wojNazwa></sln:miejscowosc><sln:miejscowosc><sln:cyklZyciaOd>2017-03-28T00:00:00+02:00</sln:cyklZyciaOd><sln:gmIIPId>34d37710-961e-411c-a1d0-c6b4a5d9ef9c</sln:gmIIPId><sln:gmIIPPn>PL.PZGIK.200</sln:gmIIPPn><sln:gmIIPWersja>2012-09-26T22:54:04+02:00</sln:gmIIPWersja><sln:gmIdTeryt>1419112</sln:gmIdTeryt><sln:gmNazwa>Słubice</sln:gmNazwa><sln:miejscIIPId>4ada16b8-24e3-4a5a-b55d-c784383324f2</sln:miejscIIPId><sln:miejscIIPPn>PL.PZGIK.200</sln:miejscIIPPn><sln:miejscIIPWersja>2017-03-28T12:53:16+02:00</sln:miejscIIPWersja><sln:miejscIdTeryt>0575462</sln:miejscIdTeryt><sln:miejscNazwa>Nowosiadło</sln:miejscNazwa><sln:miejscRodzaj>Wieś</sln:miejscRodzaj><sln:powIIPId>b3b3dfff-c9b2-4d74-8cf8-f21e620136f6</sln:powIIPId><sln:powIIPPn>PL.PZGIK.200</sln:powIIPPn><sln:powIIPWersja>2012-09-27T08:13:53+02:00</sln:powIIPWersja><sln:powIdTeryt>1419</sln:powIdTeryt><sln:powNazwa>płocki</sln:powNazwa><sln:waznyOd>2014-06-20T00:00:00+02:00</sln:waznyOd><sln:wojIIPId>4b6c492a-eb04-441d-a92a-f44359c06de7</sln:wojIIPId><sln:wojIIPPn>PL.PZGIK.200</sln:wojIIPPn><sln:wojIIPWersja>2012-09-27T13:45:13+02:00</sln:wojIIPWersja><sln:wojIdTeryt>14</sln:wojIdTeryt><sln:wojNazwa>mazowieckie</sln:wojNazwa></sln:miejscowosc><sln:miejscowosc><sln:cyklZyciaOd>2017-03-28T00:00:00+02:00</sln:cyklZyciaOd><sln:gmIIPId>34d37710-961e-411c-a1d0-c6b4a5d9ef9c</sln:gmIIPId><sln:gmIIPPn>PL.PZGIK.200</sln:gmIIPPn><sln:gmIIPWersja>2012-09-26T22:54:04+02:00</sln:gmIIPWersja><sln:gmIdTeryt>1419112</sln:gmIdTeryt><sln:gmNazwa>Słubice</sln:gmNazwa><sln:miejscIIPId>141ed281-0113-4c29-bb21-62164e457f1b</sln:miejscIIPId><sln:miejscIIPPn>PL.PZGIK.200</sln:miejscIIPPn><sln:miejscIIPWersja>2017-03-28T12:53:16+02:00</sln:miejscIIPWersja><sln:miejscIdTeryt>0575479</sln:miejscIdTeryt><sln:miejscNazwa>Nowy Wiączemin</sln:miejscNazwa><sln:miejscRodzaj>Wieś</sln:miejscRodzaj><sln:powIIPId>b3b3dfff-c9b2-4d74-8cf8-f21e620136f6</sln:powIIPId><sln:powIIPPn>PL.PZGIK.200</sln:powIIPPn><sln:powIIPWersja>2012-09-27T08:13:53+02:00</sln:powIIPWersja><sln:powIdTeryt>1419</sln:powIdTeryt><sln:powNazwa>płocki</sln:powNazwa><sln:waznyOd>2014-06-20T00:00:00+02:00</sln:waznyOd><sln:wojIIPId>4b6c492a-eb04-441d-a92a-f44359c06de7</sln:wojIIPId><sln:wojIIPPn>PL.PZGIK.200</sln:wojIIPPn><sln:wojIIPWersja>2012-09-27T13:45:13+02:00</sln:wojIIPWersja><sln:wojIdTeryt>14</sln:wojIdTeryt><sln:wojNazwa>mazowieckie</sln:wojNazwa></sln:miejscowosc><sln:miejscowosc><sln:cyklZyciaOd>2017-03-28T00:00:00+02:00</sln:cyklZyciaOd><sln:gmIIPId>34d37710-961e-411c-a1d0-c6b4a5d9ef9c</sln:gmIIPId><sln:gmIIPPn>PL.PZGIK.200</sln:gmIIPPn><sln:gmIIPWersja>2012-09-26T22:54:04+02:00</sln:gmIIPWersja><sln:gmIdTeryt>1419112</sln:gmIdTeryt><sln:gmNazwa>Słubice</sln:gmNazwa><sln:miejscIIPId>1117645a-da2d-45f1-b81d-0052755f2966</sln:miejscIIPId><sln:miejscIIPPn>PL.PZGIK.200</sln:miejscIIPPn><sln:miejscIIPWersja>2017-03-28T12:53:16+02:00</sln:miejscIIPWersja><sln:miejscIdTeryt>0575485</sln:miejscIdTeryt><sln:miejscNazwa>Zyck Nowy</sln:miejscNazwa><sln:miejscRodzaj>Wieś</sln:miejscRodzaj><sln:powIIPId>b3b3dfff-c9b2-4d74-8cf8-f21e620136f6</sln:powIIPId><sln:powIIPPn>PL.PZGIK.200</sln:powIIPPn><sln:powIIPWersja>2012-09-27T08:13:53+02:00</sln:powIIPWersja><sln:powIdTeryt>1419</sln:powIdTeryt><sln:powNazwa>płocki</sln:powNazwa><sln:waznyOd>2016-06-15T00:00:00+02:00</sln:waznyOd><sln:wojIIPId>4b6c492a-eb04-441d-a92a-f44359c06de7</sln:wojIIPId><sln:wojIIPPn>PL.PZGIK.200</sln:wojIIPPn><sln:wojIIPWersja>2012-09-27T13:45:13+02:00</sln:wojIIPWersja><sln:wojIdTeryt>14</sln:wojIdTeryt><sln:wojNazwa>mazowieckie</sln:wojNazwa></sln:miejscowosc><sln:miejscowosc><sln:cyklZyciaOd>2017-03-28T00:00:00+02:00</sln:cyklZyciaOd><sln:gmIIPId>34d37710-961e-411c-a1d0-c6b4a5d9ef9c</sln:gmIIPId><sln:gmIIPPn>PL.PZGIK.200</sln:gmIIPPn><sln:gmIIPWersja>2012-09-26T22:54:04+02:00</sln:gmIIPWersja><sln:gmIdTeryt>1419112</sln:gmIdTeryt><sln:gmNazwa>Słubice</sln:gmNazwa><sln:miejscIIPId>2db4018b-4d67-4c19-9cc5-be0eda6fc8d8</sln:miejscIIPId><sln:miejscIIPPn>PL.PZGIK.200</sln:miejscIIPPn><sln:miejscIIPWersja>2017-03-28T12:53:17+02:00</sln:miejscIIPWersja><sln:miejscIdTeryt>0575491</sln:miejscIdTeryt><sln:miejscNazwa>Piotrkówek</sln:miejscNazwa><sln:miejscRodzaj>Wieś</sln:miejscRodzaj><sln:powIIPId>b3b3dfff-c9b2-4d74-8cf8-f21e620136f6</sln:powIIPId><sln:powIIPPn>PL.PZGIK.200</sln:powIIPPn><sln:powIIPWersja>2012-09-27T08:13:53+02:00</sln:powIIPWersja><sln:powIdTeryt>1419</sln:powIdTeryt><sln:powNazwa>płocki</sln:powNazwa><sln:waznyOd>2014-06-20T00:00:00+02:00</sln:waznyOd><sln:wojIIPId>4b6c492a-eb04-441d-a92a-f44359c06de7</sln:wojIIPId><sln:wojIIPPn>PL.PZGIK.200</sln:wojIIPPn><sln:wojIIPWersja>2012-09-27T13:45:13+02:00</sln:wojIIPWersja><sln:wojIdTeryt>14</sln:wojIdTeryt><sln:wojNazwa>mazowieckie</sln:wojNazwa></sln:miejscowosc><sln:miejscowosc><sln:cyklZyciaOd>2017-03-28T00:00:00+02:00</sln:cyklZyciaOd><sln:gmIIPId>34d37710-961e-411c-a1d0-c6b4a5d9ef9c</sln:gmIIPId><sln:gmIIPPn>PL.PZGIK.200</sln:gmIIPPn><sln:gmIIPWersja>2012-09-26T22:54:04+02:00</sln:gmIIPWersja><sln:gmIdTeryt>1419112</sln:gmIdTeryt><sln:gmNazwa>Słubice</sln:gmNazwa><sln:miejscIIPId>1d973c02-180c-4d63-9cc3-15eb304cfb1e</sln:miejscIIPId><sln:miejscIIPPn>PL.PZGIK.200</sln:miejscIIPPn><sln:miejscIIPWersja>2017-03-28T12:53:17+02:00</sln:miejscIIPWersja><sln:miejscIdTeryt>0575500</sln:miejscIdTeryt><sln:miejscNazwa>Potok Biały</sln:miejscNazwa><sln:miejscRodzaj>Wieś</sln:miejscRodzaj><sln:powIIPId>b3b3dfff-c9b2-4d74-8cf8-f21e620136f6</sln:powIIPId><sln:powIIPPn>PL.PZGIK.200</sln:powIIPPn><sln:powIIPWersja>2012-09-27T08:13:53+02:00</sln:powIIPWersja><sln:powIdTeryt>1419</sln:powIdTeryt><sln:powNazwa>płocki</sln:powNazwa><sln:waznyOd>2014-06-20T00:00:00+02:00</sln:waznyOd><sln:wojIIPId>4b6c492a-eb04-441d-a92a-f44359c06de7</sln:wojIIPId><sln:wojIIPPn>PL.PZGIK.200</sln:wojIIPPn><sln:wojIIPWersja>2012-09-27T13:45:13+02:00</sln:wojIIPWersja><sln:wojIdTeryt>14</sln:wojIdTeryt><sln:wojNazwa>mazowieckie</sln:wojNazwa></sln:miejscowosc><sln:miejscowosc><sln:cyklZyciaOd>2017-03-28T00:00:00+02:00</sln:cyklZyciaOd><sln:gmIIPId>34d37710-961e-411c-a1d0-c6b4a5d9ef9c</sln:gmIIPId><sln:gmIIPPn>PL.PZGIK.200</sln:gmIIPPn><sln:gmIIPWersja>2012-09-26T22:54:04+02:00</sln:gmIIPWersja><sln:gmIdTeryt>1419112</sln:gmIdTeryt><sln:gmNazwa>Słubice</sln:gmNazwa><sln:miejscIIPId>1d232019-bc84-470f-8317-000ae086e4a9</sln:miejscIIPId><sln:miejscIIPPn>PL.PZGIK.200</sln:miejscIIPPn><sln:miejscIIPWersja>2017-03-28T12:53:17+02:00</sln:miejscIIPWersja><sln:miejscIdTeryt>0575516</sln:miejscIdTeryt><sln:miejscNazwa>Potok Czarny</sln:miejscNazwa><sln:miejscRodzaj>Inny obiekt</sln:miejscRodzaj><sln:powIIPId>b3b3dfff-c9b2-4d74-8cf8-f21e620136f6</sln:powIIPId><sln:powIIPPn>PL.PZGIK.200</sln:powIIPPn><sln:powIIPWersja>2012-09-27T08:13:53+02:00</sln:powIIPWersja><sln:powIdTeryt>1419</sln:powIdTeryt><sln:powNazwa>płocki</sln:powNazwa><sln:waznyOd>2014-06-20T00:00:00+02:00</sln:waznyOd><sln:wojIIPId>4b6c492a-eb04-441d-a92a-f44359c06de7</sln:wojIIPId><sln:wojIIPPn>PL.PZGIK.200</sln:wojIIPPn><sln:wojIIPWersja>2012-09-27T13:45:13+02:00</sln:wojIIPWersja><sln:wojIdTeryt>14</sln:wojIdTeryt><sln:wojNazwa>mazowieckie</sln:wojNazwa></sln:miejscowosc><sln:miejscowosc><sln:cyklZyciaOd>2017-03-28T00:00:00+02:00</sln:cyklZyciaOd><sln:gmIIPId>34d37710-961e-411c-a1d0-c6b4a5d9ef9c</sln:gmIIPId><sln:gmIIPPn>PL.PZGIK.200</sln:gmIIPPn><sln:gmIIPWersja>2012-09-26T22:54:04+02:00</sln:gmIIPWersja><sln:gmIdTeryt>1419112</sln:gmIdTeryt><sln:gmNazwa>Słubice</sln:gmNazwa><sln:miejscIIPId>c7edb71b-abe7-4952-a289-121f8319c94f</sln:miejscIIPId><sln:miejscIIPPn>PL.PZGIK.200</sln:miejscIIPPn><sln:miejscIIPWersja>2017-03-28T12:53:17+02:00</sln:miejscIIPWersja><sln:miejscIdTeryt>0575522</sln:miejscIdTeryt><sln:miejscNazwa>Rybaki</sln:miejscNazwa><sln:miejscRodzaj>Wieś</sln:miejscRodzaj><sln:powIIPId>b3b3dfff-c9b2-4d74-8cf8-f21e620136f6</sln:powIIPId><sln:powIIPPn>PL.PZGIK.200</sln:powIIPPn><sln:powIIPWersja>2012-09-27T08:13:53+02:00</sln:powIIPWersja><sln:powIdTeryt>1419</sln:powIdTeryt><sln:powNazwa>płocki</sln:powNazwa><sln:waznyOd>2014-06-20T00:00:00+02:00</sln:waznyOd><sln:wojIIPId>4b6c492a-eb04-441d-a92a-f44359c06de7</sln:wojIIPId><sln:wojIIPPn>PL.PZGIK.200</sln:wojIIPPn><sln:wojIIPWersja>2012-09-27T13:45:13+02:00</sln:wojIIPWersja><sln:wojIdTeryt>14</sln:wojIdTeryt><sln:wojNazwa>mazowieckie</sln:wojNazwa></sln:miejscowosc><sln:miejscowosc><sln:cyklZyciaOd>2017-03-28T00:00:00+02:00</sln:cyklZyciaOd><sln:gmIIPId>34d37710-961e-411c-a1d0-c6b4a5d9ef9c</sln:gmIIPId><sln:gmIIPPn>PL.PZGIK.200</sln:gmIIPPn><sln:gmIIPWersja>2012-09-26T22:54:04+02:00</sln:gmIIPWersja><sln:gmIdTeryt>1419112</sln:gmIdTeryt><sln:gmNazwa>Słubice</sln:gmNazwa><sln:miejscIIPId>abf3f799-c5b0-4901-b1b6-29c7b24cea92</sln:miejscIIPId><sln:miejscIIPPn>PL.PZGIK.200</sln:miejscIIPPn><sln:miejscIIPWersja>2017-03-28T12:53:17+02:00</sln:miejscIIPWersja><sln:miejscIdTeryt>0575551</sln:miejscIdTeryt><sln:miejscNazwa>Sady</sln:miejscNazwa><sln:miejscRodzaj>Wieś</sln:miejscRodzaj><sln:powIIPId>b3b3dfff-c9b2-4d74-8cf8-f21e620136f6</sln:powIIPId><sln:powIIPPn>PL.PZGIK.200</sln:powIIPPn><sln:powIIPWersja>2012-09-27T08:13:53+02:00</sln:powIIPWersja><sln:powIdTeryt>1419</sln:powIdTeryt><sln:powNazwa>płocki</sln:powNazwa><sln:waznyOd>2014-06-20T00:00:00+02:00</sln:waznyOd><sln:wojIIPId>4b6c492a-eb04-441d-a92a-f44359c06de7</sln:wojIIPId><sln:wojIIPPn>PL.PZGIK.200</sln:wojIIPPn><sln:wojIIPWersja>2012-09-27T13:45:13+02:00</sln:wojIIPWersja><sln:wojIdTeryt>14</sln:wojIdTeryt><sln:wojNazwa>mazowieckie</sln:wojNazwa></sln:miejscowosc><sln:miejscowosc><sln:cyklZyciaOd>2017-03-28T00:00:00+02:00</sln:cyklZyciaOd><sln:gmIIPId>34d37710-961e-411c-a1d0-c6b4a5d9ef9c</sln:gmIIPId><sln:gmIIPPn>PL.PZGIK.200</sln:gmIIPPn><sln:gmIIPWersja>2012-09-26T22:54:04+02:00</sln:gmIIPWersja><sln:gmIdTeryt>1419112</sln:gmIdTeryt><sln:gmNazwa>Słubice</sln:gmNazwa><sln:miejscIIPId>8a8f3621-1abb-4990-b6ad-a8df6fa7b0f1</sln:miejscIIPId><sln:miejscIIPPn>PL.PZGIK.200</sln:miejscIIPPn><sln:miejscIIPWersja>2017-03-28T12:53:17+02:00</sln:miejscIIPWersja><sln:miejscIdTeryt>0575568</sln:miejscIdTeryt><sln:miejscNazwa>Słubice</sln:miejscNazwa><sln:miejscRodzaj>Wieś</sln:miejscRodzaj><sln:powIIPId>b3b3dfff-c9b2-4d74-8cf8-f21e620136f6</sln:powIIPId><sln:powIIPPn>PL.PZGIK.200</sln:powIIPPn><sln:powIIPWersja>2012-09-27T08:13:53+02:00</sln:powIIPWersja><sln:powIdTeryt>1419</sln:powIdTeryt><sln:powNazwa>płocki</sln:powNazwa><sln:waznyOd>2014-06-20T00:00:00+02:00</sln:waznyOd><sln:wojIIPId>4b6c492a-eb04-441d-a92a-f44359c06de7</sln:wojIIPId><sln:wojIIPPn>PL.PZGIK.200</sln:wojIIPPn><sln:wojIIPWersja>2012-09-27T13:45:13+02:00</sln:wojIIPWersja><sln:wojIdTeryt>14</sln:wojIdTeryt><sln:wojNazwa>mazowieckie</sln:wojNazwa></sln:miejscowosc><sln:miejscowosc><sln:cyklZyciaOd>2017-03-28T00:00:00+02:00</sln:cyklZyciaOd><sln:gmIIPId>34d37710-961e-411c-a1d0-c6b4a5d9ef9c</sln:gmIIPId><sln:gmIIPPn>PL.PZGIK.200</sln:gmIIPPn><sln:gmIIPWersja>2012-09-26T22:54:04+02:00</sln:gmIIPWersja><sln:gmIdTeryt>1419112</sln:gmIdTeryt><sln:gmNazwa>Słubice</sln:gmNazwa><sln:miejscIIPId>8552d60c-7fb7-4f17-abc3-02c3fca82455</sln:miejscIIPId><sln:miejscIIPPn>PL.PZGIK.200</sln:miejscIIPPn><sln:miejscIIPWersja>2017-03-28T12:53:17+02:00</sln:miejscIIPWersja><sln:miejscIdTeryt>0575574</sln:miejscIdTeryt><sln:miejscNazwa>Świniary</sln:miejscNazwa><sln:miejscRodzaj>Wieś</sln:miejscRodzaj><sln:powIIPId>b3b3dfff-c9b2-4d74-8cf8-f21e620136f6</sln:powIIPId><sln:powIIPPn>PL.PZGIK.200</sln:powIIPPn><sln:powIIPWersja>2012-09-27T08:13:53+02:00</sln:powIIPWersja><sln:powIdTeryt>1419</sln:powIdTeryt><sln:powNazwa>płocki</sln:powNazwa><sln:waznyOd>2014-06-20T00:00:00+02:00</sln:waznyOd><sln:wojIIPId>4b6c492a-eb04-441d-a92a-f44359c06de7</sln:wojIIPId><sln:wojIIPPn>PL.PZGIK.200</sln:wojIIPPn><sln:wojIIPWersja>2012-09-27T13:45:13+02:00</sln:wojIIPWersja><sln:wojIdTeryt>14</sln:wojIdTeryt><sln:wojNazwa>mazowieckie</sln:wojNazwa></sln:miejscowosc><sln:miejscowosc><sln:cyklZyciaOd>2017-03-28T00:00:00+02:00</sln:cyklZyciaOd><sln:gmIIPId>34d37710-961e-411c-a1d0-c6b4a5d9ef9c</sln:gmIIPId><sln:gmIIPPn>PL.PZGIK.200</sln:gmIIPPn><sln:gmIIPWersja>2012-09-26T22:54:04+02:00</sln:gmIIPWersja><sln:gmIdTeryt>1419112</sln:gmIdTeryt><sln:gmNazwa>Słubice</sln:gmNazwa><sln:miejscIIPId>c9942969-0d84-4b12-ba01-c17063d90a96</sln:miejscIIPId><sln:miejscIIPPn>PL.PZGIK.200</sln:miejscIIPPn><sln:miejscIIPWersja>2017-03-28T12:53:17+02:00</sln:miejscIIPWersja><sln:miejscIdTeryt>0575580</sln:miejscIdTeryt><sln:miejscNazwa>Wiączemin Polski</sln:miejscNazwa><sln:miejscRodzaj>Wieś</sln:miejscRodzaj><sln:powIIPId>b3b3dfff-c9b2-4d74-8cf8-f21e620136f6</sln:powIIPId><sln:powIIPPn>PL.PZGIK.200</sln:powIIPPn><sln:powIIPWersja>2012-09-27T08:13:53+02:00</sln:powIIPWersja><sln:powIdTeryt>1419</sln:powIdTeryt><sln:powNazwa>płocki</sln:powNazwa><sln:waznyOd>2014-06-20T00:00:00+02:00</sln:waznyOd><sln:wojIIPId>4b6c492a-eb04-441d-a92a-f44359c06de7</sln:wojIIPId><sln:wojIIPPn>PL.PZGIK.200</sln:wojIIPPn><sln:wojIIPWersja>2012-09-27T13:45:13+02:00</sln:wojIIPWersja><sln:wojIdTeryt>14</sln:wojIdTeryt><sln:wojNazwa>mazowieckie</sln:wojNazwa></sln:miejscowosc><sln:miejscowosc><sln:cyklZyciaOd>2017-03-28T00:00:00+02:00</sln:cyklZyciaOd><sln:gmIIPId>34d37710-961e-411c-a1d0-c6b4a5d9ef9c</sln:gmIIPId><sln:gmIIPPn>PL.PZGIK.200</sln:gmIIPPn><sln:gmIIPWersja>2012-09-26T22:54:04+02:00</sln:gmIIPWersja><sln:gmIdTeryt>1419112</sln:gmIdTeryt><sln:gmNazwa>Słubice</sln:gmNazwa><sln:miejscIIPId>ff708f3a-6f79-4d56-935f-937acc94932f</sln:miejscIIPId><sln:miejscIIPPn>PL.PZGIK.200</sln:miejscIIPPn><sln:miejscIIPWersja>2017-03-28T12:53:17+02:00</sln:miejscIIPWersja><sln:miejscIdTeryt>0575597</sln:miejscIdTeryt><sln:miejscNazwa>Wymyśle Polskie</sln:miejscNazwa><sln:miejscRodzaj>Wieś</sln:miejscRodzaj><sln:powIIPId>b3b3dfff-c9b2-4d74-8cf8-f21e620136f6</sln:powIIPId><sln:powIIPPn>PL.PZGIK.200</sln:powIIPPn><sln:powIIPWersja>2012-09-27T08:13:53+02:00</sln:powIIPWersja><sln:powIdTeryt>1419</sln:powIdTeryt><sln:powNazwa>płocki</sln:powNazwa><sln:waznyOd>2014-06-20T00:00:00+02:00</sln:waznyOd><sln:wojIIPId>4b6c492a-eb04-441d-a92a-f44359c06de7</sln:wojIIPId><sln:wojIIPPn>PL.PZGIK.200</sln:wojIIPPn><sln:wojIIPWersja>2012-09-27T13:45:13+02:00</sln:wojIIPWersja><sln:wojIdTeryt>14</sln:wojIdTeryt><sln:wojNazwa>mazowieckie</sln:wojNazwa></sln:miejscowosc><sln:miejscowosc><sln:cyklZyciaOd>2017-03-28T00:00:00+02:00</sln:cyklZyciaOd><sln:gmIIPId>34d37710-961e-411c-a1d0-c6b4a5d9ef9c</sln:gmIIPId><sln:gmIIPPn>PL.PZGIK.200</sln:gmIIPPn><sln:gmIIPWersja>2012-09-26T22:54:04+02:00</sln:gmIIPWersja><sln:gmIdTeryt>1419112</sln:gmIdTeryt><sln:gmNazwa>Słubice</sln:gmNazwa><sln:miejscIIPId>23b89ca4-891c-4e46-8c9f-e2f17d8cd96c</sln:miejscIIPId><sln:miejscIIPPn>PL.PZGIK.200</sln:miejscIIPPn><sln:miejscIIPWersja>2017-03-28T12:53:17+02:00</sln:miejscIIPWersja><sln:miejscIdTeryt>0575605</sln:miejscIdTeryt><sln:miejscNazwa>Zyck Polski</sln:miejscNazwa><sln:miejscRodzaj>Wieś</sln:miejscRodzaj><sln:powIIPId>b3b3dfff-c9b2-4d74-8cf8-f21e620136f6</sln:powIIPId><sln:powIIPPn>PL.PZGIK.200</sln:powIIPPn><sln:powIIPWersja>2012-09-27T08:13:53+02:00</sln:powIIPWersja><sln:powIdTeryt>1419</sln:powIdTeryt><sln:powNazwa>płocki</sln:powNazwa><sln:waznyOd>2014-10-10T00:00:00+02:00</sln:waznyOd><sln:wojIIPId>4b6c492a-eb04-441d-a92a-f44359c06de7</sln:wojIIPId><sln:wojIIPPn>PL.PZGIK.200</sln:wojIIPPn><sln:wojIIPWersja>2012-09-27T13:45:13+02:00</sln:wojIIPWersja><sln:wojIdTeryt>14</sln:wojIdTeryt><sln:wojNazwa>mazowieckie</sln:wojNazwa></sln:miejscowosc></sln:lista-miejscowosci>