<?xml version="1.0" encoding="UTF-8" standalone="yes"?><sln:lista-miejscowosci xmlns:srv="http://gugik.gov.pl/schemas/slowniki-service/1.0" xmlns:sln="http://gugik.gov.pl/schemas/slowniki-schema/1.0"><sln:miejscowosc><sln:cyklZyciaDo>2017-03-09T00:00:00+01:00</sln:cyklZyciaDo><sln:cyklZyciaOd>2016-06-28T00:00:00+02:00</sln:cyklZyciaOd><sln:gmIIPId>b33a455b-dc64-4132-9da1-d826e055c6fc</sln:gmIIPId><sln:gmIIPPn>PL.PZGIK.200</sln:gmIIPPn><sln:gmIIPWersja>2012-09-26T21:58:32+02:00</sln:gmIIPWersja><sln:gmIdTeryt>1434041</sln:gmIdTeryt><sln:gmNazwa>Zielonka</sln:gmNazwa><sln:miejscIIPId>d32a0a63-0640-424e-9677-e7723fc5fa1a</sln:miejscIIPId><sln:miejscIIPPn>PL.PZGIK.200</sln:miejscIIPPn><sln:miejscIIPWersja>2016-11-24T13:15:02+02:00</sln:miejscIIPWersja><sln:miejscIdTeryt>0921970</sln:miejscIdTeryt><sln:miejscNazwa>Zielonka</sln:miejscNazwa><sln:miejscRodzaj>Miasto</sln:miejscRodzaj><sln:powIIPId>6a5d05b9-a6e5-4606-b5cb-f63c063ea45d</sln:powIIPId><sln:powIIPPn>PL.PZGIK.200</sln:powIIPPn><sln:powIIPWersja>2012-09-27T08:13:53+02:00</sln:powIIPWersja><sln:powIdTeryt>1434</sln:powIdTeryt><sln:powNazwa>wołomiński</sln:powNazwa><sln:waznyOd>2010-01-13T00:00:00+01:00</sln:waznyOd><sln:wojIIPId>4b6c492a-eb04-441d-a92a-f44359c06de7</sln:wojIIPId><sln:wojIIPPn>PL.PZGIK.200</sln:wojIIPPn><sln:wojIIPWersja>2012-09-27T13:45:13+02:00</sln:wojIIPWersja><sln:wojIdTeryt>14</sln:wojIdTeryt><sln:wojNazwa>mazowieckie</sln:wojNazwa></sln:miejscowosc><sln:miejscowosc><sln:cyklZyciaDo>2015-12-15T00:00:00+01:00</sln:cyklZyciaDo><sln:cyklZyciaOd>2015-06-17T00:00:00+02:00</sln:cyklZyciaOd><sln:gmIIPId>b33a455b-dc64-4132-9da1-d826e055c6fc</sln:gmIIPId><sln:gmIIPPn>PL.PZGIK.200</sln:gmIIPPn><sln:gmIIPWersja>2012-09-26T21:58:32+02:00</sln:gmIIPWersja><sln:gmIdTeryt>1434041</sln:gmIdTeryt><sln:gmNazwa>Zielonka</sln:gmNazwa><sln:miejscIIPId>d32a0a63-0640-424e-9677-e7723fc5fa1a</sln:miejscIIPId><sln:miejscIIPPn>PL.PZGIK.200</sln:miejscIIPPn><sln:miejscIIPWersja>2016-11-24T13:15:03+02:00</sln:miejscIIPWersja><sln:miejscIdTeryt>0921970</sln:miejscIdTeryt><sln:miejscNazwa>Zielonka</sln:miejscNazwa><sln:miejscRodzaj>Miasto</sln:miejscRodzaj><sln:powIIPId>6a5d05b9-a6e5-4606-b5cb-f63c063ea45d</sln:powIIPId><sln:powIIPPn>PL.PZGIK.200</sln:powIIPPn><sln:powIIPWersja>2012-09-27T08:13:53+02:00</sln:powIIPWersja><sln:powIdTeryt>1434</sln:powIdTeryt><sln:powNazwa>wołomiński</sln:powNazwa><sln:waznyOd>2010-01-13T00:00:00+01:00</sln:waznyOd><sln:wojIIPId>4b6c492a-eb04-441d-a92a-f44359c06de7</sln:wojIIPId><sln:wojIIPPn>PL.PZGIK.200</sln:wojIIPPn><sln:wojIIPWersja>2012-09-27T13:45:13+02:00</sln:wojIIPWersja><sln:wojIdTeryt>14</sln:wojIdTeryt><sln:wojNazwa>mazowieckie</sln:wojNazwa></sln:miejscowosc><sln:miejscowosc><sln:cyklZyciaDo>2016-06-28T00:00:00+02:00</sln:cyklZyciaDo><sln:cyklZyciaOd>2015-12-15T00:00:00+01:00</sln:cyklZyciaOd><sln:gmIIPId>b33a455b-dc64-4132-9da1-d826e055c6fc</sln:gmIIPId><sln:gmIIPPn>PL.PZGIK.200</sln:gmIIPPn><sln:gmIIPWersja>2012-09-26T21:58:32+02:00</sln:gmIIPWersja><sln:gmIdTeryt>1434041</sln:gmIdTeryt><sln:gmNazwa>Zielonka</sln:gmNazwa><sln:miejscIIPId>d32a0a63-0640-424e-9677-e7723fc5fa1a</sln:miejscIIPId><sln:miejscIIPPn>PL.PZGIK.200</sln:miejscIIPPn><sln:miejscIIPWersja>2016-11-24T13:15:04+02:00</sln:miejscIIPWersja><sln:miejscIdTeryt>0921970</sln:miejscIdTeryt><sln:miejscNazwa>Zielonka</sln:miejscNazwa><sln:miejscRodzaj>Miasto</sln:miejscRodzaj><sln:powIIPId>6a5d05b9-a6e5-4606-b5cb-f63c063ea45d</sln:powIIPId><sln:powIIPPn>PL.PZGIK.200</sln:powIIPPn><sln:powIIPWersja>2012-09-27T08:13:53+02:00</sln:powIIPWersja><sln:powIdTeryt>1434</sln:powIdTeryt><sln:powNazwa>wołomiński</sln:powNazwa><sln:waznyOd>2010-01-13T00:00:00+01:00</sln:waznyOd><sln:wojIIPId>4b6c492a-eb04-441d-a92a-f44359c06de7</sln:wojIIPId><sln:wojIIPPn>PL.PZGIK.200</sln:wojIIPPn><sln:wojIIPWersja>2012-09-27T13:45:13+02:00</sln:wojIIPWersja><sln:wojIdTeryt>14</sln:wojIdTeryt><sln:wojNazwa>mazowieckie</sln:wojNazwa></sln:miejscowosc><sln:miejscowosc><sln:cyklZyciaOd>2017-03-09T00:00:00+01:00</sln:cyklZyciaOd><sln:gmIIPId>b33a455b-dc64-4132-9da1-d826e055c6fc</sln:gmIIPId><sln:gmIIPPn>PL.PZGIK.200</sln:gmIIPPn><sln:gmIIPWersja>2012-09-26T21:58:32+02:00</sln:gmIIPWersja><sln:gmIdTeryt>1434041</sln:gmIdTeryt><sln:gmNazwa>Zielonka</sln:gmNazwa><sln:miejscIIPId>d32a0a63-0640-424e-9677-e7723fc5fa1a</sln:miejscIIPId><sln:miejscIIPPn>PL.PZGIK.200</sln:miejscIIPPn><sln:miejscIIPWersja>2017-03-09T15:41:10+02:00</sln:miejscIIPWersja><sln:miejscIdTeryt>0921970</sln:miejscIdTeryt><sln:miejscNazwa>Zielonka</sln:miejscNazwa><sln:miejscRodzaj>Miasto</sln:miejscRodzaj><sln:powIIPId>6a5d05b9-a6e5-4606-b5cb-f63c063ea45d</sln:powIIPId><sln:powIIPPn>PL.PZGIK.200</sln:powIIPPn><sln:powIIPWersja>2012-09-27T08:13:53+02:00</sln:powIIPWersja><sln:powIdTeryt>1434</sln:powIdTeryt><sln:powNazwa>wołomiński</sln:powNazwa><sln:waznyOd>2010-01-13T00:00:00+01:00</sln:waznyOd><sln:wojIIPId>4b6c492a-eb04-441d-a92a-f44359c06de7</sln:wojIIPId><sln:wojIIPPn>PL.PZGIK.200</sln:wojIIPPn><sln:wojIIPWersja>2012-09-27T13:45:13+02:00</sln:wojIIPWersja><sln:wojIdTeryt>14</sln:wojIdTeryt><sln:wojNazwa>mazowieckie</sln:wojNazwa></sln:miejscowosc></sln:lista-miejscowosci>