<?xml version="1.0" encoding="UTF-8" standalone="yes"?><sln:lista-miejscowosci xmlns:srv="http://gugik.gov.pl/schemas/slowniki-service/1.0" xmlns:sln="http://gugik.gov.pl/schemas/slowniki-schema/1.0"><sln:miejscowosc><sln:cyklZyciaOd>2012-04-26T00:00:00+02:00</sln:cyklZyciaOd><sln:gmIIPId>ec22068a-b9b2-47ff-9fbc-8d5e0cf5443d</sln:gmIIPId><sln:gmIIPPn>PL.PZGIK.200</sln:gmIIPPn><sln:gmIIPWersja>2012-09-26T22:52:17+02:00</sln:gmIIPWersja><sln:gmIdTeryt>1411092</sln:gmIdTeryt><sln:gmNazwa>Sypniewo</sln:gmNazwa><sln:miejscIIPId>ff974228-edd5-40d2-ac12-bbbe1538de05</sln:miejscIIPId><sln:miejscIIPPn>PL.PZGIK.200</sln:miejscIIPPn><sln:miejscIIPWersja>2016-11-24T13:28:52+02:00</sln:miejscIIPWersja><sln:miejscIdTeryt>0520930</sln:miejscIdTeryt><sln:miejscNazwa>Poświętne</sln:miejscNazwa><sln:miejscRodzaj>Wieś</sln:miejscRodzaj><sln:powIIPId>d0693248-930f-4838-b662-ac7137143bdf</sln:powIIPId><sln:powIIPPn>PL.PZGIK.200</sln:powIIPPn><sln:powIIPWersja>2012-09-27T08:13:53+02:00</sln:powIIPWersja><sln:powIdTeryt>1411</sln:powIdTeryt><sln:powNazwa>makowski</sln:powNazwa><sln:wojIIPId>4b6c492a-eb04-441d-a92a-f44359c06de7</sln:wojIIPId><sln:wojIIPPn>PL.PZGIK.200</sln:wojIIPPn><sln:wojIIPWersja>2012-09-27T13:45:13+02:00</sln:wojIIPWersja><sln:wojIdTeryt>14</sln:wojIdTeryt><sln:wojNazwa>mazowieckie</sln:wojNazwa></sln:miejscowosc><sln:miejscowosc><sln:cyklZyciaOd>2012-04-26T00:00:00+02:00</sln:cyklZyciaOd><sln:gmIIPId>ec22068a-b9b2-47ff-9fbc-8d5e0cf5443d</sln:gmIIPId><sln:gmIIPPn>PL.PZGIK.200</sln:gmIIPPn><sln:gmIIPWersja>2012-09-26T22:52:17+02:00</sln:gmIIPWersja><sln:gmIdTeryt>1411092</sln:gmIdTeryt><sln:gmNazwa>Sypniewo</sln:gmNazwa><sln:miejscIIPId>a902f8be-9f9d-44d0-972e-bc94fb5e9538</sln:miejscIIPId><sln:miejscIIPPn>PL.PZGIK.200</sln:miejscIIPPn><sln:miejscIIPWersja>2016-11-24T13:29:41+02:00</sln:miejscIIPWersja><sln:miejscIdTeryt>0520946</sln:miejscIdTeryt><sln:miejscNazwa>Rawy</sln:miejscNazwa><sln:miejscRodzaj>Wieś</sln:miejscRodzaj><sln:powIIPId>d0693248-930f-4838-b662-ac7137143bdf</sln:powIIPId><sln:powIIPPn>PL.PZGIK.200</sln:powIIPPn><sln:powIIPWersja>2012-09-27T08:13:53+02:00</sln:powIIPWersja><sln:powIdTeryt>1411</sln:powIdTeryt><sln:powNazwa>makowski</sln:powNazwa><sln:wojIIPId>4b6c492a-eb04-441d-a92a-f44359c06de7</sln:wojIIPId><sln:wojIIPPn>PL.PZGIK.200</sln:wojIIPPn><sln:wojIIPWersja>2012-09-27T13:45:13+02:00</sln:wojIIPWersja><sln:wojIdTeryt>14</sln:wojIdTeryt><sln:wojNazwa>mazowieckie</sln:wojNazwa></sln:miejscowosc><sln:miejscowosc><sln:cyklZyciaOd>2012-04-26T00:00:00+02:00</sln:cyklZyciaOd><sln:gmIIPId>ec22068a-b9b2-47ff-9fbc-8d5e0cf5443d</sln:gmIIPId><sln:gmIIPPn>PL.PZGIK.200</sln:gmIIPPn><sln:gmIIPWersja>2012-09-26T22:52:17+02:00</sln:gmIIPWersja><sln:gmIdTeryt>1411092</sln:gmIdTeryt><sln:gmNazwa>Sypniewo</sln:gmNazwa><sln:miejscIIPId>934face0-3c93-43ae-9828-70f192a9ea8c</sln:miejscIIPId><sln:miejscIIPPn>PL.PZGIK.200</sln:miejscIIPPn><sln:miejscIIPWersja>2016-11-24T13:30:09+02:00</sln:miejscIIPWersja><sln:miejscIdTeryt>0520952</sln:miejscIdTeryt><sln:miejscNazwa>Rzechowo-Gać</sln:miejscNazwa><sln:miejscRodzaj>Wieś</sln:miejscRodzaj><sln:powIIPId>d0693248-930f-4838-b662-ac7137143bdf</sln:powIIPId><sln:powIIPPn>PL.PZGIK.200</sln:powIIPPn><sln:powIIPWersja>2012-09-27T08:13:53+02:00</sln:powIIPWersja><sln:powIdTeryt>1411</sln:powIdTeryt><sln:powNazwa>makowski</sln:powNazwa><sln:wojIIPId>4b6c492a-eb04-441d-a92a-f44359c06de7</sln:wojIIPId><sln:wojIIPPn>PL.PZGIK.200</sln:wojIIPPn><sln:wojIIPWersja>2012-09-27T13:45:13+02:00</sln:wojIIPWersja><sln:wojIdTeryt>14</sln:wojIdTeryt><sln:wojNazwa>mazowieckie</sln:wojNazwa></sln:miejscowosc><sln:miejscowosc><sln:cyklZyciaOd>2012-04-26T00:00:00+02:00</sln:cyklZyciaOd><sln:gmIIPId>ec22068a-b9b2-47ff-9fbc-8d5e0cf5443d</sln:gmIIPId><sln:gmIIPPn>PL.PZGIK.200</sln:gmIIPPn><sln:gmIIPWersja>2012-09-26T22:52:17+02:00</sln:gmIIPWersja><sln:gmIdTeryt>1411092</sln:gmIdTeryt><sln:gmNazwa>Sypniewo</sln:gmNazwa><sln:miejscIIPId>49a4708b-58ee-481e-a627-fb28a9ac08f7</sln:miejscIIPId><sln:miejscIIPPn>PL.PZGIK.200</sln:miejscIIPPn><sln:miejscIIPWersja>2016-11-24T13:30:09+02:00</sln:miejscIIPWersja><sln:miejscIdTeryt>0520975</sln:miejscIdTeryt><sln:miejscNazwa>Rzechówek</sln:miejscNazwa><sln:miejscRodzaj>Wieś</sln:miejscRodzaj><sln:powIIPId>d0693248-930f-4838-b662-ac7137143bdf</sln:powIIPId><sln:powIIPPn>PL.PZGIK.200</sln:powIIPPn><sln:powIIPWersja>2012-09-27T08:13:53+02:00</sln:powIIPWersja><sln:powIdTeryt>1411</sln:powIdTeryt><sln:powNazwa>makowski</sln:powNazwa><sln:wojIIPId>4b6c492a-eb04-441d-a92a-f44359c06de7</sln:wojIIPId><sln:wojIIPPn>PL.PZGIK.200</sln:wojIIPPn><sln:wojIIPWersja>2012-09-27T13:45:13+02:00</sln:wojIIPWersja><sln:wojIdTeryt>14</sln:wojIdTeryt><sln:wojNazwa>mazowieckie</sln:wojNazwa></sln:miejscowosc><sln:miejscowosc><sln:cyklZyciaOd>2012-04-26T00:00:00+02:00</sln:cyklZyciaOd><sln:gmIIPId>ec22068a-b9b2-47ff-9fbc-8d5e0cf5443d</sln:gmIIPId><sln:gmIIPPn>PL.PZGIK.200</sln:gmIIPPn><sln:gmIIPWersja>2012-09-26T22:52:17+02:00</sln:gmIIPWersja><sln:gmIdTeryt>1411092</sln:gmIdTeryt><sln:gmNazwa>Sypniewo</sln:gmNazwa><sln:miejscIIPId>4aff0be4-2e99-4974-a0d7-f7297cb9717f</sln:miejscIIPId><sln:miejscIIPPn>PL.PZGIK.200</sln:miejscIIPPn><sln:miejscIIPWersja>2016-11-24T13:30:09+02:00</sln:miejscIIPWersja><sln:miejscIdTeryt>0520969</sln:miejscIdTeryt><sln:miejscNazwa>Rzechowo Wielkie</sln:miejscNazwa><sln:miejscRodzaj>Wieś</sln:miejscRodzaj><sln:powIIPId>d0693248-930f-4838-b662-ac7137143bdf</sln:powIIPId><sln:powIIPPn>PL.PZGIK.200</sln:powIIPPn><sln:powIIPWersja>2012-09-27T08:13:53+02:00</sln:powIIPWersja><sln:powIdTeryt>1411</sln:powIdTeryt><sln:powNazwa>makowski</sln:powNazwa><sln:wojIIPId>4b6c492a-eb04-441d-a92a-f44359c06de7</sln:wojIIPId><sln:wojIIPPn>PL.PZGIK.200</sln:wojIIPPn><sln:wojIIPWersja>2012-09-27T13:45:13+02:00</sln:wojIIPWersja><sln:wojIdTeryt>14</sln:wojIdTeryt><sln:wojNazwa>mazowieckie</sln:wojNazwa></sln:miejscowosc><sln:miejscowosc><sln:cyklZyciaOd>2012-04-26T00:00:00+02:00</sln:cyklZyciaOd><sln:gmIIPId>ec22068a-b9b2-47ff-9fbc-8d5e0cf5443d</sln:gmIIPId><sln:gmIIPPn>PL.PZGIK.200</sln:gmIIPPn><sln:gmIIPWersja>2012-09-26T22:52:17+02:00</sln:gmIIPWersja><sln:gmIdTeryt>1411092</sln:gmIdTeryt><sln:gmNazwa>Sypniewo</sln:gmNazwa><sln:miejscIIPId>7102bc4b-e4ca-4651-a7a8-38b3363c92c2</sln:miejscIIPId><sln:miejscIIPPn>PL.PZGIK.200</sln:miejscIIPPn><sln:miejscIIPWersja>2016-11-24T13:30:46+02:00</sln:miejscIIPWersja><sln:miejscIdTeryt>0520998</sln:miejscIdTeryt><sln:miejscNazwa>Sławkowo</sln:miejscNazwa><sln:miejscRodzaj>Wieś</sln:miejscRodzaj><sln:powIIPId>d0693248-930f-4838-b662-ac7137143bdf</sln:powIIPId><sln:powIIPPn>PL.PZGIK.200</sln:powIIPPn><sln:powIIPWersja>2012-09-27T08:13:53+02:00</sln:powIIPWersja><sln:powIdTeryt>1411</sln:powIdTeryt><sln:powNazwa>makowski</sln:powNazwa><sln:wojIIPId>4b6c492a-eb04-441d-a92a-f44359c06de7</sln:wojIIPId><sln:wojIIPPn>PL.PZGIK.200</sln:wojIIPPn><sln:wojIIPWersja>2012-09-27T13:45:13+02:00</sln:wojIIPWersja><sln:wojIdTeryt>14</sln:wojIdTeryt><sln:wojNazwa>mazowieckie</sln:wojNazwa></sln:miejscowosc><sln:miejscowosc><sln:cyklZyciaOd>2012-04-26T00:00:00+02:00</sln:cyklZyciaOd><sln:gmIIPId>ec22068a-b9b2-47ff-9fbc-8d5e0cf5443d</sln:gmIIPId><sln:gmIIPPn>PL.PZGIK.200</sln:gmIIPPn><sln:gmIIPWersja>2012-09-26T22:52:17+02:00</sln:gmIIPWersja><sln:gmIdTeryt>1411092</sln:gmIdTeryt><sln:gmNazwa>Sypniewo</sln:gmNazwa><sln:miejscIIPId>12baf795-587b-4949-80a4-bc98c8b8bb33</sln:miejscIIPId><sln:miejscIIPPn>PL.PZGIK.200</sln:miejscIIPPn><sln:miejscIIPWersja>2016-11-24T13:31:15+02:00</sln:miejscIIPWersja><sln:miejscIdTeryt>0521006</sln:miejscIdTeryt><sln:miejscNazwa>Stare Glinki</sln:miejscNazwa><sln:miejscRodzaj>Wieś</sln:miejscRodzaj><sln:powIIPId>d0693248-930f-4838-b662-ac7137143bdf</sln:powIIPId><sln:powIIPPn>PL.PZGIK.200</sln:powIIPPn><sln:powIIPWersja>2012-09-27T08:13:53+02:00</sln:powIIPWersja><sln:powIdTeryt>1411</sln:powIdTeryt><sln:powNazwa>makowski</sln:powNazwa><sln:wojIIPId>4b6c492a-eb04-441d-a92a-f44359c06de7</sln:wojIIPId><sln:wojIIPPn>PL.PZGIK.200</sln:wojIIPPn><sln:wojIIPWersja>2012-09-27T13:45:13+02:00</sln:wojIIPWersja><sln:wojIdTeryt>14</sln:wojIdTeryt><sln:wojNazwa>mazowieckie</sln:wojNazwa></sln:miejscowosc><sln:miejscowosc><sln:cyklZyciaOd>2012-04-26T00:00:00+02:00</sln:cyklZyciaOd><sln:gmIIPId>ec22068a-b9b2-47ff-9fbc-8d5e0cf5443d</sln:gmIIPId><sln:gmIIPPn>PL.PZGIK.200</sln:gmIIPPn><sln:gmIIPWersja>2012-09-26T22:52:17+02:00</sln:gmIIPWersja><sln:gmIdTeryt>1411092</sln:gmIdTeryt><sln:gmNazwa>Sypniewo</sln:gmNazwa><sln:miejscIIPId>0dcee60c-019e-4705-a122-f12e25f17548</sln:miejscIIPId><sln:miejscIIPPn>PL.PZGIK.200</sln:miejscIIPPn><sln:miejscIIPWersja>2016-11-24T13:31:35+02:00</sln:miejscIIPWersja><sln:miejscIdTeryt>0521012</sln:miejscIdTeryt><sln:miejscNazwa>Strzemieczne-Sędki</sln:miejscNazwa><sln:miejscRodzaj>Wieś</sln:miejscRodzaj><sln:powIIPId>d0693248-930f-4838-b662-ac7137143bdf</sln:powIIPId><sln:powIIPPn>PL.PZGIK.200</sln:powIIPPn><sln:powIIPWersja>2012-09-27T08:13:53+02:00</sln:powIIPWersja><sln:powIdTeryt>1411</sln:powIdTeryt><sln:powNazwa>makowski</sln:powNazwa><sln:wojIIPId>4b6c492a-eb04-441d-a92a-f44359c06de7</sln:wojIIPId><sln:wojIIPPn>PL.PZGIK.200</sln:wojIIPPn><sln:wojIIPWersja>2012-09-27T13:45:13+02:00</sln:wojIIPWersja><sln:wojIdTeryt>14</sln:wojIdTeryt><sln:wojNazwa>mazowieckie</sln:wojNazwa></sln:miejscowosc><sln:miejscowosc><sln:cyklZyciaOd>2012-04-26T00:00:00+02:00</sln:cyklZyciaOd><sln:gmIIPId>ec22068a-b9b2-47ff-9fbc-8d5e0cf5443d</sln:gmIIPId><sln:gmIIPPn>PL.PZGIK.200</sln:gmIIPPn><sln:gmIIPWersja>2012-09-26T22:52:17+02:00</sln:gmIIPWersja><sln:gmIdTeryt>1411092</sln:gmIdTeryt><sln:gmNazwa>Sypniewo</sln:gmNazwa><sln:miejscIIPId>def79ad1-de2d-457d-9a70-996f29480dc4</sln:miejscIIPId><sln:miejscIIPPn>PL.PZGIK.200</sln:miejscIIPPn><sln:miejscIIPWersja>2016-11-24T13:31:52+02:00</sln:miejscIIPWersja><sln:miejscIdTeryt>0521029</sln:miejscIdTeryt><sln:miejscNazwa>Sypniewo</sln:miejscNazwa><sln:miejscRodzaj>Wieś</sln:miejscRodzaj><sln:powIIPId>d0693248-930f-4838-b662-ac7137143bdf</sln:powIIPId><sln:powIIPPn>PL.PZGIK.200</sln:powIIPPn><sln:powIIPWersja>2012-09-27T08:13:53+02:00</sln:powIIPWersja><sln:powIdTeryt>1411</sln:powIdTeryt><sln:powNazwa>makowski</sln:powNazwa><sln:wojIIPId>4b6c492a-eb04-441d-a92a-f44359c06de7</sln:wojIIPId><sln:wojIIPPn>PL.PZGIK.200</sln:wojIIPPn><sln:wojIIPWersja>2012-09-27T13:45:13+02:00</sln:wojIIPWersja><sln:wojIdTeryt>14</sln:wojIdTeryt><sln:wojNazwa>mazowieckie</sln:wojNazwa></sln:miejscowosc><sln:miejscowosc><sln:cyklZyciaOd>2012-04-26T00:00:00+02:00</sln:cyklZyciaOd><sln:gmIIPId>ec22068a-b9b2-47ff-9fbc-8d5e0cf5443d</sln:gmIIPId><sln:gmIIPPn>PL.PZGIK.200</sln:gmIIPPn><sln:gmIIPWersja>2012-09-26T22:52:17+02:00</sln:gmIIPWersja><sln:gmIdTeryt>1411092</sln:gmIdTeryt><sln:gmNazwa>Sypniewo</sln:gmNazwa><sln:miejscIIPId>5ce3e1da-08e1-41f3-b383-7dff138707af</sln:miejscIIPId><sln:miejscIIPPn>PL.PZGIK.200</sln:miejscIIPPn><sln:miejscIIPWersja>2016-11-24T13:31:52+02:00</sln:miejscIIPWersja><sln:miejscIdTeryt>0521035</sln:miejscIdTeryt><sln:miejscNazwa>Szczeglin Poduchowny</sln:miejscNazwa><sln:miejscRodzaj>Wieś</sln:miejscRodzaj><sln:powIIPId>d0693248-930f-4838-b662-ac7137143bdf</sln:powIIPId><sln:powIIPPn>PL.PZGIK.200</sln:powIIPPn><sln:powIIPWersja>2012-09-27T08:13:53+02:00</sln:powIIPWersja><sln:powIdTeryt>1411</sln:powIdTeryt><sln:powNazwa>makowski</sln:powNazwa><sln:wojIIPId>4b6c492a-eb04-441d-a92a-f44359c06de7</sln:wojIIPId><sln:wojIIPPn>PL.PZGIK.200</sln:wojIIPPn><sln:wojIIPWersja>2012-09-27T13:45:13+02:00</sln:wojIIPWersja><sln:wojIdTeryt>14</sln:wojIdTeryt><sln:wojNazwa>mazowieckie</sln:wojNazwa></sln:miejscowosc><sln:miejscowosc><sln:cyklZyciaOd>2012-04-26T00:00:00+02:00</sln:cyklZyciaOd><sln:gmIIPId>ec22068a-b9b2-47ff-9fbc-8d5e0cf5443d</sln:gmIIPId><sln:gmIIPPn>PL.PZGIK.200</sln:gmIIPPn><sln:gmIIPWersja>2012-09-26T22:52:17+02:00</sln:gmIIPWersja><sln:gmIdTeryt>1411092</sln:gmIdTeryt><sln:gmNazwa>Sypniewo</sln:gmNazwa><sln:miejscIIPId>3d62759f-324c-46bd-9617-36cad58f5588</sln:miejscIIPId><sln:miejscIIPPn>PL.PZGIK.200</sln:miejscIIPPn><sln:miejscIIPWersja>2016-11-24T13:33:52+02:00</sln:miejscIIPWersja><sln:miejscIdTeryt>0520805</sln:miejscIdTeryt><sln:miejscNazwa>Chełchy</sln:miejscNazwa><sln:miejscRodzaj>Wieś</sln:miejscRodzaj><sln:powIIPId>d0693248-930f-4838-b662-ac7137143bdf</sln:powIIPId><sln:powIIPPn>PL.PZGIK.200</sln:powIIPPn><sln:powIIPWersja>2012-09-27T08:13:53+02:00</sln:powIIPWersja><sln:powIdTeryt>1411</sln:powIdTeryt><sln:powNazwa>makowski</sln:powNazwa><sln:wojIIPId>4b6c492a-eb04-441d-a92a-f44359c06de7</sln:wojIIPId><sln:wojIIPPn>PL.PZGIK.200</sln:wojIIPPn><sln:wojIIPWersja>2012-09-27T13:45:13+02:00</sln:wojIIPWersja><sln:wojIdTeryt>14</sln:wojIdTeryt><sln:wojNazwa>mazowieckie</sln:wojNazwa></sln:miejscowosc><sln:miejscowosc><sln:cyklZyciaOd>2012-04-26T00:00:00+02:00</sln:cyklZyciaOd><sln:gmIIPId>ec22068a-b9b2-47ff-9fbc-8d5e0cf5443d</sln:gmIIPId><sln:gmIIPPn>PL.PZGIK.200</sln:gmIIPPn><sln:gmIIPWersja>2012-09-26T22:52:17+02:00</sln:gmIIPWersja><sln:gmIdTeryt>1411092</sln:gmIdTeryt><sln:gmNazwa>Sypniewo</sln:gmNazwa><sln:miejscIIPId>c767a6ac-ecd7-4720-b49d-46e033ed83d8</sln:miejscIIPId><sln:miejscIIPPn>PL.PZGIK.200</sln:miejscIIPPn><sln:miejscIIPWersja>2016-11-24T13:34:28+02:00</sln:miejscIIPWersja><sln:miejscIdTeryt>0521058</sln:miejscIdTeryt><sln:miejscNazwa>Zamość</sln:miejscNazwa><sln:miejscRodzaj>Wieś</sln:miejscRodzaj><sln:powIIPId>d0693248-930f-4838-b662-ac7137143bdf</sln:powIIPId><sln:powIIPPn>PL.PZGIK.200</sln:powIIPPn><sln:powIIPWersja>2012-09-27T08:13:53+02:00</sln:powIIPWersja><sln:powIdTeryt>1411</sln:powIdTeryt><sln:powNazwa>makowski</sln:powNazwa><sln:wojIIPId>4b6c492a-eb04-441d-a92a-f44359c06de7</sln:wojIIPId><sln:wojIIPPn>PL.PZGIK.200</sln:wojIIPPn><sln:wojIIPWersja>2012-09-27T13:45:13+02:00</sln:wojIIPWersja><sln:wojIdTeryt>14</sln:wojIdTeryt><sln:wojNazwa>mazowieckie</sln:wojNazwa></sln:miejscowosc><sln:miejscowosc><sln:cyklZyciaOd>2012-04-26T00:00:00+02:00</sln:cyklZyciaOd><sln:gmIIPId>ec22068a-b9b2-47ff-9fbc-8d5e0cf5443d</sln:gmIIPId><sln:gmIIPPn>PL.PZGIK.200</sln:gmIIPPn><sln:gmIIPWersja>2012-09-26T22:52:17+02:00</sln:gmIIPWersja><sln:gmIdTeryt>1411092</sln:gmIdTeryt><sln:gmNazwa>Sypniewo</sln:gmNazwa><sln:miejscIIPId>42648f3f-691c-4030-9799-4f074cb79d39</sln:miejscIIPId><sln:miejscIIPPn>PL.PZGIK.200</sln:miejscIIPPn><sln:miejscIIPWersja>2016-11-24T13:34:19+02:00</sln:miejscIIPWersja><sln:miejscIdTeryt>0521041</sln:miejscIdTeryt><sln:miejscNazwa>Zalesie</sln:miejscNazwa><sln:miejscRodzaj>Wieś</sln:miejscRodzaj><sln:powIIPId>d0693248-930f-4838-b662-ac7137143bdf</sln:powIIPId><sln:powIIPPn>PL.PZGIK.200</sln:powIIPPn><sln:powIIPWersja>2012-09-27T08:13:53+02:00</sln:powIIPWersja><sln:powIdTeryt>1411</sln:powIdTeryt><sln:powNazwa>makowski</sln:powNazwa><sln:wojIIPId>4b6c492a-eb04-441d-a92a-f44359c06de7</sln:wojIIPId><sln:wojIIPPn>PL.PZGIK.200</sln:wojIIPPn><sln:wojIIPWersja>2012-09-27T13:45:13+02:00</sln:wojIIPWersja><sln:wojIdTeryt>14</sln:wojIdTeryt><sln:wojNazwa>mazowieckie</sln:wojNazwa></sln:miejscowosc><sln:miejscowosc><sln:cyklZyciaOd>2012-04-26T00:00:00+02:00</sln:cyklZyciaOd><sln:gmIIPId>ec22068a-b9b2-47ff-9fbc-8d5e0cf5443d</sln:gmIIPId><sln:gmIIPPn>PL.PZGIK.200</sln:gmIIPPn><sln:gmIIPWersja>2012-09-26T22:52:17+02:00</sln:gmIIPWersja><sln:gmIdTeryt>1411092</sln:gmIdTeryt><sln:gmNazwa>Sypniewo</sln:gmNazwa><sln:miejscIIPId>d5a80011-9acc-4894-b961-348e06e8f404</sln:miejscIIPId><sln:miejscIIPPn>PL.PZGIK.200</sln:miejscIIPPn><sln:miejscIIPWersja>2016-11-24T13:34:48+02:00</sln:miejscIIPWersja><sln:miejscIdTeryt>0521064</sln:miejscIdTeryt><sln:miejscNazwa>Ziemaki</sln:miejscNazwa><sln:miejscRodzaj>Wieś</sln:miejscRodzaj><sln:powIIPId>d0693248-930f-4838-b662-ac7137143bdf</sln:powIIPId><sln:powIIPPn>PL.PZGIK.200</sln:powIIPPn><sln:powIIPWersja>2012-09-27T08:13:53+02:00</sln:powIIPWersja><sln:powIdTeryt>1411</sln:powIdTeryt><sln:powNazwa>makowski</sln:powNazwa><sln:wojIIPId>4b6c492a-eb04-441d-a92a-f44359c06de7</sln:wojIIPId><sln:wojIIPPn>PL.PZGIK.200</sln:wojIIPPn><sln:wojIIPWersja>2012-09-27T13:45:13+02:00</sln:wojIIPWersja><sln:wojIdTeryt>14</sln:wojIdTeryt><sln:wojNazwa>mazowieckie</sln:wojNazwa></sln:miejscowosc><sln:miejscowosc><sln:cyklZyciaOd>2012-04-26T00:00:00+02:00</sln:cyklZyciaOd><sln:gmIIPId>ec22068a-b9b2-47ff-9fbc-8d5e0cf5443d</sln:gmIIPId><sln:gmIIPPn>PL.PZGIK.200</sln:gmIIPPn><sln:gmIIPWersja>2012-09-26T22:52:17+02:00</sln:gmIIPWersja><sln:gmIdTeryt>1411092</sln:gmIdTeryt><sln:gmNazwa>Sypniewo</sln:gmNazwa><sln:miejscIIPId>1d0a77b3-7626-4973-b617-e8d5f027b5b7</sln:miejscIIPId><sln:miejscIIPPn>PL.PZGIK.200</sln:miejscIIPPn><sln:miejscIIPWersja>2016-11-24T13:36:44+02:00</sln:miejscIIPWersja><sln:miejscIdTeryt>0520828</sln:miejscIdTeryt><sln:miejscNazwa>Dylewo</sln:miejscNazwa><sln:miejscRodzaj>Wieś</sln:miejscRodzaj><sln:powIIPId>d0693248-930f-4838-b662-ac7137143bdf</sln:powIIPId><sln:powIIPPn>PL.PZGIK.200</sln:powIIPPn><sln:powIIPWersja>2012-09-27T08:13:53+02:00</sln:powIIPWersja><sln:powIdTeryt>1411</sln:powIdTeryt><sln:powNazwa>makowski</sln:powNazwa><sln:wojIIPId>4b6c492a-eb04-441d-a92a-f44359c06de7</sln:wojIIPId><sln:wojIIPPn>PL.PZGIK.200</sln:wojIIPPn><sln:wojIIPWersja>2012-09-27T13:45:13+02:00</sln:wojIIPWersja><sln:wojIdTeryt>14</sln:wojIdTeryt><sln:wojNazwa>mazowieckie</sln:wojNazwa></sln:miejscowosc><sln:miejscowosc><sln:cyklZyciaOd>2012-04-26T00:00:00+02:00</sln:cyklZyciaOd><sln:gmIIPId>ec22068a-b9b2-47ff-9fbc-8d5e0cf5443d</sln:gmIIPId><sln:gmIIPPn>PL.PZGIK.200</sln:gmIIPPn><sln:gmIIPWersja>2012-09-26T22:52:17+02:00</sln:gmIIPWersja><sln:gmIdTeryt>1411092</sln:gmIdTeryt><sln:gmNazwa>Sypniewo</sln:gmNazwa><sln:miejscIIPId>4ef815f8-fd8d-4f27-8c26-138241cd4aa2</sln:miejscIIPId><sln:miejscIIPPn>PL.PZGIK.200</sln:miejscIIPPn><sln:miejscIIPWersja>2016-11-24T13:37:18+02:00</sln:miejscIIPWersja><sln:miejscIdTeryt>0520857</sln:miejscIdTeryt><sln:miejscNazwa>Glinki-Rafały</sln:miejscNazwa><sln:miejscRodzaj>Wieś</sln:miejscRodzaj><sln:powIIPId>d0693248-930f-4838-b662-ac7137143bdf</sln:powIIPId><sln:powIIPPn>PL.PZGIK.200</sln:powIIPPn><sln:powIIPWersja>2012-09-27T08:13:53+02:00</sln:powIIPWersja><sln:powIdTeryt>1411</sln:powIdTeryt><sln:powNazwa>makowski</sln:powNazwa><sln:wojIIPId>4b6c492a-eb04-441d-a92a-f44359c06de7</sln:wojIIPId><sln:wojIIPPn>PL.PZGIK.200</sln:wojIIPPn><sln:wojIIPWersja>2012-09-27T13:45:13+02:00</sln:wojIIPWersja><sln:wojIdTeryt>14</sln:wojIdTeryt><sln:wojNazwa>mazowieckie</sln:wojNazwa></sln:miejscowosc><sln:miejscowosc><sln:cyklZyciaOd>2012-04-26T00:00:00+02:00</sln:cyklZyciaOd><sln:gmIIPId>ec22068a-b9b2-47ff-9fbc-8d5e0cf5443d</sln:gmIIPId><sln:gmIIPPn>PL.PZGIK.200</sln:gmIIPPn><sln:gmIIPWersja>2012-09-26T22:52:17+02:00</sln:gmIIPWersja><sln:gmIdTeryt>1411092</sln:gmIdTeryt><sln:gmNazwa>Sypniewo</sln:gmNazwa><sln:miejscIIPId>d7461763-c95c-41fc-a1ca-322007457502</sln:miejscIIPId><sln:miejscIIPPn>PL.PZGIK.200</sln:miejscIIPPn><sln:miejscIIPWersja>2016-11-24T13:34:47+02:00</sln:miejscIIPWersja><sln:miejscIdTeryt>0520811</sln:miejscIdTeryt><sln:miejscNazwa>Chojnowo</sln:miejscNazwa><sln:miejscRodzaj>Wieś</sln:miejscRodzaj><sln:powIIPId>d0693248-930f-4838-b662-ac7137143bdf</sln:powIIPId><sln:powIIPPn>PL.PZGIK.200</sln:powIIPPn><sln:powIIPWersja>2012-09-27T08:13:53+02:00</sln:powIIPWersja><sln:powIdTeryt>1411</sln:powIdTeryt><sln:powNazwa>makowski</sln:powNazwa><sln:wojIIPId>4b6c492a-eb04-441d-a92a-f44359c06de7</sln:wojIIPId><sln:wojIIPPn>PL.PZGIK.200</sln:wojIIPPn><sln:wojIIPWersja>2012-09-27T13:45:13+02:00</sln:wojIIPWersja><sln:wojIdTeryt>14</sln:wojIdTeryt><sln:wojNazwa>mazowieckie</sln:wojNazwa></sln:miejscowosc><sln:miejscowosc><sln:cyklZyciaOd>2012-04-26T00:00:00+02:00</sln:cyklZyciaOd><sln:gmIIPId>ec22068a-b9b2-47ff-9fbc-8d5e0cf5443d</sln:gmIIPId><sln:gmIIPPn>PL.PZGIK.200</sln:gmIIPPn><sln:gmIIPWersja>2012-09-26T22:52:17+02:00</sln:gmIIPWersja><sln:gmIdTeryt>1411092</sln:gmIdTeryt><sln:gmNazwa>Sypniewo</sln:gmNazwa><sln:miejscIIPId>d7ed9b46-ff58-4095-b9a0-eb4ce73f351b</sln:miejscIIPId><sln:miejscIIPPn>PL.PZGIK.200</sln:miejscIIPPn><sln:miejscIIPWersja>2016-11-24T13:37:15+02:00</sln:miejscIIPWersja><sln:miejscIdTeryt>0520768</sln:miejscIdTeryt><sln:miejscNazwa>Batogowo</sln:miejscNazwa><sln:miejscRodzaj>Wieś</sln:miejscRodzaj><sln:powIIPId>d0693248-930f-4838-b662-ac7137143bdf</sln:powIIPId><sln:powIIPPn>PL.PZGIK.200</sln:powIIPPn><sln:powIIPWersja>2012-09-27T08:13:53+02:00</sln:powIIPWersja><sln:powIdTeryt>1411</sln:powIdTeryt><sln:powNazwa>makowski</sln:powNazwa><sln:wojIIPId>4b6c492a-eb04-441d-a92a-f44359c06de7</sln:wojIIPId><sln:wojIIPPn>PL.PZGIK.200</sln:wojIIPPn><sln:wojIIPWersja>2012-09-27T13:45:13+02:00</sln:wojIIPWersja><sln:wojIdTeryt>14</sln:wojIdTeryt><sln:wojNazwa>mazowieckie</sln:wojNazwa></sln:miejscowosc><sln:miejscowosc><sln:cyklZyciaOd>2012-04-26T00:00:00+02:00</sln:cyklZyciaOd><sln:gmIIPId>ec22068a-b9b2-47ff-9fbc-8d5e0cf5443d</sln:gmIIPId><sln:gmIIPPn>PL.PZGIK.200</sln:gmIIPPn><sln:gmIIPWersja>2012-09-26T22:52:17+02:00</sln:gmIIPWersja><sln:gmIdTeryt>1411092</sln:gmIdTeryt><sln:gmNazwa>Sypniewo</sln:gmNazwa><sln:miejscIIPId>04382a89-d3c2-4181-b156-710fbb5547a3</sln:miejscIIPId><sln:miejscIIPPn>PL.PZGIK.200</sln:miejscIIPPn><sln:miejscIIPWersja>2016-11-24T13:37:11+02:00</sln:miejscIIPWersja><sln:miejscIdTeryt>0520834</sln:miejscIdTeryt><sln:miejscNazwa>Gąsewo Poduchowne</sln:miejscNazwa><sln:miejscRodzaj>Wieś</sln:miejscRodzaj><sln:powIIPId>d0693248-930f-4838-b662-ac7137143bdf</sln:powIIPId><sln:powIIPPn>PL.PZGIK.200</sln:powIIPPn><sln:powIIPWersja>2012-09-27T08:13:53+02:00</sln:powIIPWersja><sln:powIdTeryt>1411</sln:powIdTeryt><sln:powNazwa>makowski</sln:powNazwa><sln:wojIIPId>4b6c492a-eb04-441d-a92a-f44359c06de7</sln:wojIIPId><sln:wojIIPPn>PL.PZGIK.200</sln:wojIIPPn><sln:wojIIPWersja>2012-09-27T13:45:13+02:00</sln:wojIIPWersja><sln:wojIdTeryt>14</sln:wojIdTeryt><sln:wojNazwa>mazowieckie</sln:wojNazwa></sln:miejscowosc><sln:miejscowosc><sln:cyklZyciaOd>2012-04-26T00:00:00+02:00</sln:cyklZyciaOd><sln:gmIIPId>ec22068a-b9b2-47ff-9fbc-8d5e0cf5443d</sln:gmIIPId><sln:gmIIPPn>PL.PZGIK.200</sln:gmIIPPn><sln:gmIIPWersja>2012-09-26T22:52:17+02:00</sln:gmIIPWersja><sln:gmIdTeryt>1411092</sln:gmIdTeryt><sln:gmNazwa>Sypniewo</sln:gmNazwa><sln:miejscIIPId>88b6d6c5-d16e-415a-a353-d6c6b7acd39e</sln:miejscIIPId><sln:miejscIIPPn>PL.PZGIK.200</sln:miejscIIPPn><sln:miejscIIPWersja>2016-11-24T13:37:17+02:00</sln:miejscIIPWersja><sln:miejscIdTeryt>0520840</sln:miejscIdTeryt><sln:miejscNazwa>Glącka</sln:miejscNazwa><sln:miejscRodzaj>Wieś</sln:miejscRodzaj><sln:powIIPId>d0693248-930f-4838-b662-ac7137143bdf</sln:powIIPId><sln:powIIPPn>PL.PZGIK.200</sln:powIIPPn><sln:powIIPWersja>2012-09-27T08:13:53+02:00</sln:powIIPWersja><sln:powIdTeryt>1411</sln:powIdTeryt><sln:powNazwa>makowski</sln:powNazwa><sln:wojIIPId>4b6c492a-eb04-441d-a92a-f44359c06de7</sln:wojIIPId><sln:wojIIPPn>PL.PZGIK.200</sln:wojIIPPn><sln:wojIIPWersja>2012-09-27T13:45:13+02:00</sln:wojIIPWersja><sln:wojIdTeryt>14</sln:wojIdTeryt><sln:wojNazwa>mazowieckie</sln:wojNazwa></sln:miejscowosc><sln:miejscowosc><sln:cyklZyciaOd>2012-04-26T00:00:00+02:00</sln:cyklZyciaOd><sln:gmIIPId>ec22068a-b9b2-47ff-9fbc-8d5e0cf5443d</sln:gmIIPId><sln:gmIIPPn>PL.PZGIK.200</sln:gmIIPPn><sln:gmIIPWersja>2012-09-26T22:52:17+02:00</sln:gmIIPWersja><sln:gmIdTeryt>1411092</sln:gmIdTeryt><sln:gmNazwa>Sypniewo</sln:gmNazwa><sln:miejscIIPId>ee7226f6-22c3-40c5-af32-1f8ebd1f8c45</sln:miejscIIPId><sln:miejscIIPPn>PL.PZGIK.200</sln:miejscIIPPn><sln:miejscIIPWersja>2016-11-24T13:38:36+02:00</sln:miejscIIPWersja><sln:miejscIdTeryt>0520870</sln:miejscIdTeryt><sln:miejscNazwa>Jarzyły</sln:miejscNazwa><sln:miejscRodzaj>Wieś</sln:miejscRodzaj><sln:powIIPId>d0693248-930f-4838-b662-ac7137143bdf</sln:powIIPId><sln:powIIPPn>PL.PZGIK.200</sln:powIIPPn><sln:powIIPWersja>2012-09-27T08:13:53+02:00</sln:powIIPWersja><sln:powIdTeryt>1411</sln:powIdTeryt><sln:powNazwa>makowski</sln:powNazwa><sln:wojIIPId>4b6c492a-eb04-441d-a92a-f44359c06de7</sln:wojIIPId><sln:wojIIPPn>PL.PZGIK.200</sln:wojIIPPn><sln:wojIIPWersja>2012-09-27T13:45:13+02:00</sln:wojIIPWersja><sln:wojIdTeryt>14</sln:wojIdTeryt><sln:wojNazwa>mazowieckie</sln:wojNazwa></sln:miejscowosc><sln:miejscowosc><sln:cyklZyciaOd>2012-04-26T00:00:00+02:00</sln:cyklZyciaOd><sln:gmIIPId>ec22068a-b9b2-47ff-9fbc-8d5e0cf5443d</sln:gmIIPId><sln:gmIIPPn>PL.PZGIK.200</sln:gmIIPPn><sln:gmIIPWersja>2012-09-26T22:52:17+02:00</sln:gmIIPWersja><sln:gmIdTeryt>1411092</sln:gmIdTeryt><sln:gmNazwa>Sypniewo</sln:gmNazwa><sln:miejscIIPId>83cf1be3-32c2-4041-bde8-3780675a4dd9</sln:miejscIIPId><sln:miejscIIPPn>PL.PZGIK.200</sln:miejscIIPPn><sln:miejscIIPWersja>2016-11-24T13:39:17+02:00</sln:miejscIIPWersja><sln:miejscIdTeryt>0520780</sln:miejscIdTeryt><sln:miejscNazwa>Biedrzyce-Stara Wieś</sln:miejscNazwa><sln:miejscRodzaj>Wieś</sln:miejscRodzaj><sln:powIIPId>d0693248-930f-4838-b662-ac7137143bdf</sln:powIIPId><sln:powIIPPn>PL.PZGIK.200</sln:powIIPPn><sln:powIIPWersja>2012-09-27T08:13:53+02:00</sln:powIIPWersja><sln:powIdTeryt>1411</sln:powIdTeryt><sln:powNazwa>makowski</sln:powNazwa><sln:wojIIPId>4b6c492a-eb04-441d-a92a-f44359c06de7</sln:wojIIPId><sln:wojIIPPn>PL.PZGIK.200</sln:wojIIPPn><sln:wojIIPWersja>2012-09-27T13:45:13+02:00</sln:wojIIPWersja><sln:wojIdTeryt>14</sln:wojIdTeryt><sln:wojNazwa>mazowieckie</sln:wojNazwa></sln:miejscowosc><sln:miejscowosc><sln:cyklZyciaOd>2012-04-26T00:00:00+02:00</sln:cyklZyciaOd><sln:gmIIPId>ec22068a-b9b2-47ff-9fbc-8d5e0cf5443d</sln:gmIIPId><sln:gmIIPPn>PL.PZGIK.200</sln:gmIIPPn><sln:gmIIPWersja>2012-09-26T22:52:17+02:00</sln:gmIIPWersja><sln:gmIdTeryt>1411092</sln:gmIdTeryt><sln:gmNazwa>Sypniewo</sln:gmNazwa><sln:miejscIIPId>db474e21-5f32-4dc9-b14e-eff21ec18547</sln:miejscIIPId><sln:miejscIIPPn>PL.PZGIK.200</sln:miejscIIPPn><sln:miejscIIPWersja>2016-11-24T13:39:17+02:00</sln:miejscIIPWersja><sln:miejscIdTeryt>0520774</sln:miejscIdTeryt><sln:miejscNazwa>Biedrzyce-Koziegłowy</sln:miejscNazwa><sln:miejscRodzaj>Wieś</sln:miejscRodzaj><sln:powIIPId>d0693248-930f-4838-b662-ac7137143bdf</sln:powIIPId><sln:powIIPPn>PL.PZGIK.200</sln:powIIPPn><sln:powIIPWersja>2012-09-27T08:13:53+02:00</sln:powIIPWersja><sln:powIdTeryt>1411</sln:powIdTeryt><sln:powNazwa>makowski</sln:powNazwa><sln:wojIIPId>4b6c492a-eb04-441d-a92a-f44359c06de7</sln:wojIIPId><sln:wojIIPPn>PL.PZGIK.200</sln:wojIIPPn><sln:wojIIPWersja>2012-09-27T13:45:13+02:00</sln:wojIIPWersja><sln:wojIdTeryt>14</sln:wojIdTeryt><sln:wojNazwa>mazowieckie</sln:wojNazwa></sln:miejscowosc><sln:miejscowosc><sln:cyklZyciaOd>2012-04-26T00:00:00+02:00</sln:cyklZyciaOd><sln:gmIIPId>ec22068a-b9b2-47ff-9fbc-8d5e0cf5443d</sln:gmIIPId><sln:gmIIPPn>PL.PZGIK.200</sln:gmIIPPn><sln:gmIIPWersja>2012-09-26T22:52:17+02:00</sln:gmIIPWersja><sln:gmIdTeryt>1411092</sln:gmIdTeryt><sln:gmNazwa>Sypniewo</sln:gmNazwa><sln:miejscIIPId>06a6ec32-6275-4fc3-8aa2-6ddaccaa2bc3</sln:miejscIIPId><sln:miejscIIPPn>PL.PZGIK.200</sln:miejscIIPPn><sln:miejscIIPWersja>2016-11-24T13:41:48+02:00</sln:miejscIIPWersja><sln:miejscIdTeryt>0520886</sln:miejscIdTeryt><sln:miejscNazwa>Majki-Tykiewki</sln:miejscNazwa><sln:miejscRodzaj>Wieś</sln:miejscRodzaj><sln:powIIPId>d0693248-930f-4838-b662-ac7137143bdf</sln:powIIPId><sln:powIIPPn>PL.PZGIK.200</sln:powIIPPn><sln:powIIPWersja>2012-09-27T08:13:53+02:00</sln:powIIPWersja><sln:powIdTeryt>1411</sln:powIdTeryt><sln:powNazwa>makowski</sln:powNazwa><sln:wojIIPId>4b6c492a-eb04-441d-a92a-f44359c06de7</sln:wojIIPId><sln:wojIIPPn>PL.PZGIK.200</sln:wojIIPPn><sln:wojIIPWersja>2012-09-27T13:45:13+02:00</sln:wojIIPWersja><sln:wojIdTeryt>14</sln:wojIdTeryt><sln:wojNazwa>mazowieckie</sln:wojNazwa></sln:miejscowosc><sln:miejscowosc><sln:cyklZyciaOd>2012-04-26T00:00:00+02:00</sln:cyklZyciaOd><sln:gmIIPId>ec22068a-b9b2-47ff-9fbc-8d5e0cf5443d</sln:gmIIPId><sln:gmIIPPn>PL.PZGIK.200</sln:gmIIPPn><sln:gmIIPWersja>2012-09-26T22:52:17+02:00</sln:gmIIPWersja><sln:gmIdTeryt>1411092</sln:gmIdTeryt><sln:gmNazwa>Sypniewo</sln:gmNazwa><sln:miejscIIPId>fc6ec0f3-5da1-4389-b316-b8b3683359d0</sln:miejscIIPId><sln:miejscIIPPn>PL.PZGIK.200</sln:miejscIIPPn><sln:miejscIIPWersja>2016-11-24T13:41:51+02:00</sln:miejscIIPWersja><sln:miejscIdTeryt>0520892</sln:miejscIdTeryt><sln:miejscNazwa>Mamino</sln:miejscNazwa><sln:miejscRodzaj>Wieś</sln:miejscRodzaj><sln:powIIPId>d0693248-930f-4838-b662-ac7137143bdf</sln:powIIPId><sln:powIIPPn>PL.PZGIK.200</sln:powIIPPn><sln:powIIPWersja>2012-09-27T08:13:53+02:00</sln:powIIPWersja><sln:powIdTeryt>1411</sln:powIdTeryt><sln:powNazwa>makowski</sln:powNazwa><sln:wojIIPId>4b6c492a-eb04-441d-a92a-f44359c06de7</sln:wojIIPId><sln:wojIIPPn>PL.PZGIK.200</sln:wojIIPPn><sln:wojIIPWersja>2012-09-27T13:45:13+02:00</sln:wojIIPWersja><sln:wojIdTeryt>14</sln:wojIdTeryt><sln:wojNazwa>mazowieckie</sln:wojNazwa></sln:miejscowosc><sln:miejscowosc><sln:cyklZyciaOd>2012-04-26T00:00:00+02:00</sln:cyklZyciaOd><sln:gmIIPId>ec22068a-b9b2-47ff-9fbc-8d5e0cf5443d</sln:gmIIPId><sln:gmIIPPn>PL.PZGIK.200</sln:gmIIPPn><sln:gmIIPWersja>2012-09-26T22:52:17+02:00</sln:gmIIPWersja><sln:gmIdTeryt>1411092</sln:gmIdTeryt><sln:gmNazwa>Sypniewo</sln:gmNazwa><sln:miejscIIPId>89a183bd-8c34-4f88-b03a-557d63f34e8f</sln:miejscIIPId><sln:miejscIIPPn>PL.PZGIK.200</sln:miejscIIPPn><sln:miejscIIPWersja>2016-11-24T13:43:19+02:00</sln:miejscIIPWersja><sln:miejscIdTeryt>0520900</sln:miejscIdTeryt><sln:miejscNazwa>Nowe Gąsewo</sln:miejscNazwa><sln:miejscRodzaj>Wieś</sln:miejscRodzaj><sln:powIIPId>d0693248-930f-4838-b662-ac7137143bdf</sln:powIIPId><sln:powIIPPn>PL.PZGIK.200</sln:powIIPPn><sln:powIIPWersja>2012-09-27T08:13:53+02:00</sln:powIIPWersja><sln:powIdTeryt>1411</sln:powIdTeryt><sln:powNazwa>makowski</sln:powNazwa><sln:wojIIPId>4b6c492a-eb04-441d-a92a-f44359c06de7</sln:wojIIPId><sln:wojIIPPn>PL.PZGIK.200</sln:wojIIPPn><sln:wojIIPWersja>2012-09-27T13:45:13+02:00</sln:wojIIPWersja><sln:wojIdTeryt>14</sln:wojIdTeryt><sln:wojNazwa>mazowieckie</sln:wojNazwa></sln:miejscowosc><sln:miejscowosc><sln:cyklZyciaOd>2012-04-26T00:00:00+02:00</sln:cyklZyciaOd><sln:gmIIPId>ec22068a-b9b2-47ff-9fbc-8d5e0cf5443d</sln:gmIIPId><sln:gmIIPPn>PL.PZGIK.200</sln:gmIIPPn><sln:gmIIPWersja>2012-09-26T22:52:17+02:00</sln:gmIIPWersja><sln:gmIdTeryt>1411092</sln:gmIdTeryt><sln:gmNazwa>Sypniewo</sln:gmNazwa><sln:miejscIIPId>ef3aa05b-ec8e-4f0a-9ad9-9e210302a774</sln:miejscIIPId><sln:miejscIIPPn>PL.PZGIK.200</sln:miejscIIPPn><sln:miejscIIPWersja>2016-11-24T13:43:38+02:00</sln:miejscIIPWersja><sln:miejscIdTeryt>0520917</sln:miejscIdTeryt><sln:miejscNazwa>Nowy Szczeglin</sln:miejscNazwa><sln:miejscRodzaj>Wieś</sln:miejscRodzaj><sln:powIIPId>d0693248-930f-4838-b662-ac7137143bdf</sln:powIIPId><sln:powIIPPn>PL.PZGIK.200</sln:powIIPPn><sln:powIIPWersja>2012-09-27T08:13:53+02:00</sln:powIIPWersja><sln:powIdTeryt>1411</sln:powIdTeryt><sln:powNazwa>makowski</sln:powNazwa><sln:wojIIPId>4b6c492a-eb04-441d-a92a-f44359c06de7</sln:wojIIPId><sln:wojIIPPn>PL.PZGIK.200</sln:wojIIPPn><sln:wojIIPWersja>2012-09-27T13:45:13+02:00</sln:wojIIPWersja><sln:wojIdTeryt>14</sln:wojIdTeryt><sln:wojNazwa>mazowieckie</sln:wojNazwa></sln:miejscowosc><sln:miejscowosc><sln:cyklZyciaOd>2012-04-26T00:00:00+02:00</sln:cyklZyciaOd><sln:gmIIPId>ec22068a-b9b2-47ff-9fbc-8d5e0cf5443d</sln:gmIIPId><sln:gmIIPPn>PL.PZGIK.200</sln:gmIIPPn><sln:gmIIPWersja>2012-09-26T22:52:17+02:00</sln:gmIIPWersja><sln:gmIdTeryt>1411092</sln:gmIdTeryt><sln:gmNazwa>Sypniewo</sln:gmNazwa><sln:miejscIIPId>807e2808-af42-44e1-bc26-7732caa005e7</sln:miejscIIPId><sln:miejscIIPPn>PL.PZGIK.200</sln:miejscIIPPn><sln:miejscIIPWersja>2016-11-24T13:43:58+02:00</sln:miejscIIPWersja><sln:miejscIdTeryt>0520797</sln:miejscIdTeryt><sln:miejscNazwa>Boruty</sln:miejscNazwa><sln:miejscRodzaj>Wieś</sln:miejscRodzaj><sln:powIIPId>d0693248-930f-4838-b662-ac7137143bdf</sln:powIIPId><sln:powIIPPn>PL.PZGIK.200</sln:powIIPPn><sln:powIIPWersja>2012-09-27T08:13:53+02:00</sln:powIIPWersja><sln:powIdTeryt>1411</sln:powIdTeryt><sln:powNazwa>makowski</sln:powNazwa><sln:wojIIPId>4b6c492a-eb04-441d-a92a-f44359c06de7</sln:wojIIPId><sln:wojIIPPn>PL.PZGIK.200</sln:wojIIPPn><sln:wojIIPWersja>2012-09-27T13:45:13+02:00</sln:wojIIPWersja><sln:wojIdTeryt>14</sln:wojIdTeryt><sln:wojNazwa>mazowieckie</sln:wojNazwa></sln:miejscowosc><sln:miejscowosc><sln:cyklZyciaOd>2012-04-26T00:00:00+02:00</sln:cyklZyciaOd><sln:gmIIPId>ec22068a-b9b2-47ff-9fbc-8d5e0cf5443d</sln:gmIIPId><sln:gmIIPPn>PL.PZGIK.200</sln:gmIIPPn><sln:gmIIPWersja>2012-09-26T22:52:17+02:00</sln:gmIIPWersja><sln:gmIdTeryt>1411092</sln:gmIdTeryt><sln:gmNazwa>Sypniewo</sln:gmNazwa><sln:miejscIIPId>b0b90c38-cff0-4f7f-90c4-75b231d0250f</sln:miejscIIPId><sln:miejscIIPPn>PL.PZGIK.200</sln:miejscIIPPn><sln:miejscIIPWersja>2016-11-24T13:44:39+02:00</sln:miejscIIPWersja><sln:miejscIdTeryt>3021354</sln:miejscIdTeryt><sln:miejscNazwa>Klimki</sln:miejscNazwa><sln:miejscRodzaj>Inny obiekt</sln:miejscRodzaj><sln:powIIPId>d0693248-930f-4838-b662-ac7137143bdf</sln:powIIPId><sln:powIIPPn>PL.PZGIK.200</sln:powIIPPn><sln:powIIPWersja>2012-09-27T08:13:53+02:00</sln:powIIPWersja><sln:powIdTeryt>1411</sln:powIdTeryt><sln:powNazwa>makowski</sln:powNazwa><sln:wojIIPId>4b6c492a-eb04-441d-a92a-f44359c06de7</sln:wojIIPId><sln:wojIIPPn>PL.PZGIK.200</sln:wojIIPPn><sln:wojIIPWersja>2012-09-27T13:45:13+02:00</sln:wojIIPWersja><sln:wojIdTeryt>14</sln:wojIdTeryt><sln:wojNazwa>mazowieckie</sln:wojNazwa></sln:miejscowosc><sln:miejscowosc><sln:cyklZyciaOd>2012-04-26T00:00:00+02:00</sln:cyklZyciaOd><sln:gmIIPId>ec22068a-b9b2-47ff-9fbc-8d5e0cf5443d</sln:gmIIPId><sln:gmIIPPn>PL.PZGIK.200</sln:gmIIPPn><sln:gmIIPWersja>2012-09-26T22:52:17+02:00</sln:gmIIPWersja><sln:gmIdTeryt>1411092</sln:gmIdTeryt><sln:gmNazwa>Sypniewo</sln:gmNazwa><sln:miejscIIPId>6f68a962-0b97-4d29-8e8f-4b9b6070994f</sln:miejscIIPId><sln:miejscIIPPn>PL.PZGIK.200</sln:miejscIIPPn><sln:miejscIIPWersja>2016-11-24T13:43:53+02:00</sln:miejscIIPWersja><sln:miejscIdTeryt>0520923</sln:miejscIdTeryt><sln:miejscNazwa>Olki</sln:miejscNazwa><sln:miejscRodzaj>Wieś</sln:miejscRodzaj><sln:powIIPId>d0693248-930f-4838-b662-ac7137143bdf</sln:powIIPId><sln:powIIPPn>PL.PZGIK.200</sln:powIIPPn><sln:powIIPWersja>2012-09-27T08:13:53+02:00</sln:powIIPWersja><sln:powIdTeryt>1411</sln:powIdTeryt><sln:powNazwa>makowski</sln:powNazwa><sln:wojIIPId>4b6c492a-eb04-441d-a92a-f44359c06de7</sln:wojIIPId><sln:wojIIPPn>PL.PZGIK.200</sln:wojIIPPn><sln:wojIIPWersja>2012-09-27T13:45:13+02:00</sln:wojIIPWersja><sln:wojIdTeryt>14</sln:wojIdTeryt><sln:wojNazwa>mazowieckie</sln:wojNazwa></sln:miejscowosc><sln:miejscowosc><sln:cyklZyciaOd>2012-04-26T00:00:00+02:00</sln:cyklZyciaOd><sln:gmIIPId>ec22068a-b9b2-47ff-9fbc-8d5e0cf5443d</sln:gmIIPId><sln:gmIIPPn>PL.PZGIK.200</sln:gmIIPPn><sln:gmIIPWersja>2012-09-26T22:52:17+02:00</sln:gmIIPWersja><sln:gmIdTeryt>1411092</sln:gmIdTeryt><sln:gmNazwa>Sypniewo</sln:gmNazwa><sln:miejscIIPId>1fa69db6-3be9-48b3-96e1-ea70b5dbf34d</sln:miejscIIPId><sln:miejscIIPPn>PL.PZGIK.200</sln:miejscIIPPn><sln:miejscIIPWersja>2016-11-24T13:44:39+02:00</sln:miejscIIPWersja><sln:miejscIdTeryt>3021362</sln:miejscIdTeryt><sln:miejscNazwa>Kolonia Sławkowo</sln:miejscNazwa><sln:miejscRodzaj>Inny obiekt</sln:miejscRodzaj><sln:powIIPId>d0693248-930f-4838-b662-ac7137143bdf</sln:powIIPId><sln:powIIPPn>PL.PZGIK.200</sln:powIIPPn><sln:powIIPWersja>2012-09-27T08:13:53+02:00</sln:powIIPWersja><sln:powIdTeryt>1411</sln:powIdTeryt><sln:powNazwa>makowski</sln:powNazwa><sln:wojIIPId>4b6c492a-eb04-441d-a92a-f44359c06de7</sln:wojIIPId><sln:wojIIPPn>PL.PZGIK.200</sln:wojIIPPn><sln:wojIIPWersja>2012-09-27T13:45:13+02:00</sln:wojIIPWersja><sln:wojIdTeryt>14</sln:wojIdTeryt><sln:wojNazwa>mazowieckie</sln:wojNazwa></sln:miejscowosc><sln:miejscowosc><sln:cyklZyciaOd>2012-04-26T00:00:00+02:00</sln:cyklZyciaOd><sln:gmIIPId>ec22068a-b9b2-47ff-9fbc-8d5e0cf5443d</sln:gmIIPId><sln:gmIIPPn>PL.PZGIK.200</sln:gmIIPPn><sln:gmIIPWersja>2012-09-26T22:52:17+02:00</sln:gmIIPWersja><sln:gmIdTeryt>1411092</sln:gmIdTeryt><sln:gmNazwa>Sypniewo</sln:gmNazwa><sln:miejscIIPId>9797da4b-a479-4547-82c7-2fe9521acd2c</sln:miejscIIPId><sln:miejscIIPPn>PL.PZGIK.200</sln:miejscIIPPn><sln:miejscIIPWersja>2016-11-24T13:44:39+02:00</sln:miejscIIPWersja><sln:miejscIdTeryt>3021366</sln:miejscIdTeryt><sln:miejscNazwa>Kolonia Sypniewo</sln:miejscNazwa><sln:miejscRodzaj>Inny obiekt</sln:miejscRodzaj><sln:powIIPId>d0693248-930f-4838-b662-ac7137143bdf</sln:powIIPId><sln:powIIPPn>PL.PZGIK.200</sln:powIIPPn><sln:powIIPWersja>2012-09-27T08:13:53+02:00</sln:powIIPWersja><sln:powIdTeryt>1411</sln:powIdTeryt><sln:powNazwa>makowski</sln:powNazwa><sln:wojIIPId>4b6c492a-eb04-441d-a92a-f44359c06de7</sln:wojIIPId><sln:wojIIPPn>PL.PZGIK.200</sln:wojIIPPn><sln:wojIIPWersja>2012-09-27T13:45:13+02:00</sln:wojIIPWersja><sln:wojIdTeryt>14</sln:wojIdTeryt><sln:wojNazwa>mazowieckie</sln:wojNazwa></sln:miejscowosc><sln:miejscowosc><sln:cyklZyciaOd>2012-04-26T00:00:00+02:00</sln:cyklZyciaOd><sln:gmIIPId>ec22068a-b9b2-47ff-9fbc-8d5e0cf5443d</sln:gmIIPId><sln:gmIIPPn>PL.PZGIK.200</sln:gmIIPPn><sln:gmIIPWersja>2012-09-26T22:52:17+02:00</sln:gmIIPWersja><sln:gmIdTeryt>1411092</sln:gmIdTeryt><sln:gmNazwa>Sypniewo</sln:gmNazwa><sln:miejscIIPId>acc55b5b-bb0c-40d0-b5b0-14e2e9ddb457</sln:miejscIIPId><sln:miejscIIPPn>PL.PZGIK.200</sln:miejscIIPPn><sln:miejscIIPWersja>2016-11-24T13:44:39+02:00</sln:miejscIIPWersja><sln:miejscIdTeryt>3021374</sln:miejscIdTeryt><sln:miejscNazwa>Pierdoły</sln:miejscNazwa><sln:miejscRodzaj>Inny obiekt</sln:miejscRodzaj><sln:powIIPId>d0693248-930f-4838-b662-ac7137143bdf</sln:powIIPId><sln:powIIPPn>PL.PZGIK.200</sln:powIIPPn><sln:powIIPWersja>2012-09-27T08:13:53+02:00</sln:powIIPWersja><sln:powIdTeryt>1411</sln:powIdTeryt><sln:powNazwa>makowski</sln:powNazwa><sln:wojIIPId>4b6c492a-eb04-441d-a92a-f44359c06de7</sln:wojIIPId><sln:wojIIPPn>PL.PZGIK.200</sln:wojIIPPn><sln:wojIIPWersja>2012-09-27T13:45:13+02:00</sln:wojIIPWersja><sln:wojIdTeryt>14</sln:wojIdTeryt><sln:wojNazwa>mazowieckie</sln:wojNazwa></sln:miejscowosc><sln:miejscowosc><sln:cyklZyciaOd>2012-04-26T00:00:00+02:00</sln:cyklZyciaOd><sln:gmIIPId>ec22068a-b9b2-47ff-9fbc-8d5e0cf5443d</sln:gmIIPId><sln:gmIIPPn>PL.PZGIK.200</sln:gmIIPPn><sln:gmIIPWersja>2012-09-26T22:52:17+02:00</sln:gmIIPWersja><sln:gmIdTeryt>1411092</sln:gmIdTeryt><sln:gmNazwa>Sypniewo</sln:gmNazwa><sln:miejscIIPId>591f2339-5b51-4257-9290-16a730e0fae9</sln:miejscIIPId><sln:miejscIIPPn>PL.PZGIK.200</sln:miejscIIPPn><sln:miejscIIPWersja>2016-11-24T13:44:39+02:00</sln:miejscIIPWersja><sln:miejscIdTeryt>3021378</sln:miejscIdTeryt><sln:miejscNazwa>Podlasek</sln:miejscNazwa><sln:miejscRodzaj>Inny obiekt</sln:miejscRodzaj><sln:powIIPId>d0693248-930f-4838-b662-ac7137143bdf</sln:powIIPId><sln:powIIPPn>PL.PZGIK.200</sln:powIIPPn><sln:powIIPWersja>2012-09-27T08:13:53+02:00</sln:powIIPWersja><sln:powIdTeryt>1411</sln:powIdTeryt><sln:powNazwa>makowski</sln:powNazwa><sln:wojIIPId>4b6c492a-eb04-441d-a92a-f44359c06de7</sln:wojIIPId><sln:wojIIPPn>PL.PZGIK.200</sln:wojIIPPn><sln:wojIIPWersja>2012-09-27T13:45:13+02:00</sln:wojIIPWersja><sln:wojIdTeryt>14</sln:wojIdTeryt><sln:wojNazwa>mazowieckie</sln:wojNazwa></sln:miejscowosc></sln:lista-miejscowosci>