<?xml version="1.0" encoding="UTF-8" standalone="yes"?><sln:lista-miejscowosci xmlns:srv="http://gugik.gov.pl/schemas/slowniki-service/1.0" xmlns:sln="http://gugik.gov.pl/schemas/slowniki-schema/1.0"><sln:miejscowosc><sln:cyklZyciaOd>2014-12-10T00:00:00+01:00</sln:cyklZyciaOd><sln:gmIIPId>9a33adb7-1de5-45ae-a698-99e93eefac6e</sln:gmIIPId><sln:gmIIPPn>PL.PZGIK.200</sln:gmIIPPn><sln:gmIIPWersja>2012-09-26T22:53:15+02:00</sln:gmIIPWersja><sln:gmIdTeryt>1416082</sln:gmIdTeryt><sln:gmNazwa>Stary Lubotyń</sln:gmNazwa><sln:miejscIIPId>0554af21-c8c7-49b0-becc-f4824707fe8b</sln:miejscIIPId><sln:miejscIIPPn>PL.PZGIK.200</sln:miejscIIPPn><sln:miejscIIPWersja>2016-11-24T13:35:19+02:00</sln:miejscIIPWersja><sln:miejscIdTeryt>0520751</sln:miejscIdTeryt><sln:miejscNazwa>Żyłowo</sln:miejscNazwa><sln:miejscRodzaj>Wieś</sln:miejscRodzaj><sln:powIIPId>17fc6675-6104-4686-b70e-cf2a562b89e6</sln:powIIPId><sln:powIIPPn>PL.PZGIK.200</sln:powIIPPn><sln:powIIPWersja>2012-09-27T08:13:53+02:00</sln:powIIPWersja><sln:powIdTeryt>1416</sln:powIdTeryt><sln:powNazwa>ostrowski</sln:powNazwa><sln:wojIIPId>4b6c492a-eb04-441d-a92a-f44359c06de7</sln:wojIIPId><sln:wojIIPPn>PL.PZGIK.200</sln:wojIIPPn><sln:wojIIPWersja>2012-09-27T13:45:13+02:00</sln:wojIIPWersja><sln:wojIdTeryt>14</sln:wojIdTeryt><sln:wojNazwa>mazowieckie</sln:wojNazwa></sln:miejscowosc><sln:miejscowosc><sln:cyklZyciaOd>2014-12-10T00:00:00+01:00</sln:cyklZyciaOd><sln:gmIIPId>9a33adb7-1de5-45ae-a698-99e93eefac6e</sln:gmIIPId><sln:gmIIPPn>PL.PZGIK.200</sln:gmIIPPn><sln:gmIIPWersja>2012-09-26T22:53:15+02:00</sln:gmIIPWersja><sln:gmIdTeryt>1416082</sln:gmIdTeryt><sln:gmNazwa>Stary Lubotyń</sln:gmNazwa><sln:miejscIIPId>d65a105b-a2d1-4c4e-b2fc-b18bafc774c0</sln:miejscIIPId><sln:miejscIIPPn>PL.PZGIK.200</sln:miejscIIPPn><sln:miejscIIPWersja>2016-11-24T13:41:18+02:00</sln:miejscIIPWersja><sln:miejscIdTeryt>0520580</sln:miejscIdTeryt><sln:miejscNazwa>Lubotyń-Kolonia</sln:miejscNazwa><sln:miejscRodzaj>Wieś</sln:miejscRodzaj><sln:powIIPId>17fc6675-6104-4686-b70e-cf2a562b89e6</sln:powIIPId><sln:powIIPPn>PL.PZGIK.200</sln:powIIPPn><sln:powIIPWersja>2012-09-27T08:13:53+02:00</sln:powIIPWersja><sln:powIdTeryt>1416</sln:powIdTeryt><sln:powNazwa>ostrowski</sln:powNazwa><sln:wojIIPId>4b6c492a-eb04-441d-a92a-f44359c06de7</sln:wojIIPId><sln:wojIIPPn>PL.PZGIK.200</sln:wojIIPPn><sln:wojIIPWersja>2012-09-27T13:45:13+02:00</sln:wojIIPWersja><sln:wojIdTeryt>14</sln:wojIdTeryt><sln:wojNazwa>mazowieckie</sln:wojNazwa></sln:miejscowosc><sln:miejscowosc><sln:cyklZyciaOd>2014-12-10T00:00:00+01:00</sln:cyklZyciaOd><sln:gmIIPId>9a33adb7-1de5-45ae-a698-99e93eefac6e</sln:gmIIPId><sln:gmIIPPn>PL.PZGIK.200</sln:gmIIPPn><sln:gmIIPWersja>2012-09-26T22:53:15+02:00</sln:gmIIPWersja><sln:gmIdTeryt>1416082</sln:gmIdTeryt><sln:gmNazwa>Stary Lubotyń</sln:gmNazwa><sln:miejscIIPId>1d87a437-de6a-476e-98bc-b2b299ff6ecb</sln:miejscIIPId><sln:miejscIIPPn>PL.PZGIK.200</sln:miejscIIPPn><sln:miejscIIPWersja>2016-11-24T13:41:18+02:00</sln:miejscIIPWersja><sln:miejscIdTeryt>0520596</sln:miejscIdTeryt><sln:miejscNazwa>Lubotyń-Morgi</sln:miejscNazwa><sln:miejscRodzaj>Wieś</sln:miejscRodzaj><sln:powIIPId>17fc6675-6104-4686-b70e-cf2a562b89e6</sln:powIIPId><sln:powIIPPn>PL.PZGIK.200</sln:powIIPPn><sln:powIIPWersja>2012-09-27T08:13:53+02:00</sln:powIIPWersja><sln:powIdTeryt>1416</sln:powIdTeryt><sln:powNazwa>ostrowski</sln:powNazwa><sln:wojIIPId>4b6c492a-eb04-441d-a92a-f44359c06de7</sln:wojIIPId><sln:wojIIPPn>PL.PZGIK.200</sln:wojIIPPn><sln:wojIIPWersja>2012-09-27T13:45:13+02:00</sln:wojIIPWersja><sln:wojIdTeryt>14</sln:wojIdTeryt><sln:wojNazwa>mazowieckie</sln:wojNazwa></sln:miejscowosc><sln:miejscowosc><sln:cyklZyciaOd>2014-12-10T00:00:00+01:00</sln:cyklZyciaOd><sln:gmIIPId>9a33adb7-1de5-45ae-a698-99e93eefac6e</sln:gmIIPId><sln:gmIIPPn>PL.PZGIK.200</sln:gmIIPPn><sln:gmIIPWersja>2012-09-26T22:53:15+02:00</sln:gmIIPWersja><sln:gmIdTeryt>1416082</sln:gmIdTeryt><sln:gmNazwa>Stary Lubotyń</sln:gmNazwa><sln:miejscIIPId>86873a2b-c507-4445-b8ef-61261fe6aa3c</sln:miejscIIPId><sln:miejscIIPPn>PL.PZGIK.200</sln:miejscIIPPn><sln:miejscIIPWersja>2016-11-24T13:41:18+02:00</sln:miejscIIPWersja><sln:miejscIdTeryt>0520604</sln:miejscIdTeryt><sln:miejscNazwa>Lubotyń-Włóki</sln:miejscNazwa><sln:miejscRodzaj>Wieś</sln:miejscRodzaj><sln:powIIPId>17fc6675-6104-4686-b70e-cf2a562b89e6</sln:powIIPId><sln:powIIPPn>PL.PZGIK.200</sln:powIIPPn><sln:powIIPWersja>2012-09-27T08:13:53+02:00</sln:powIIPWersja><sln:powIdTeryt>1416</sln:powIdTeryt><sln:powNazwa>ostrowski</sln:powNazwa><sln:wojIIPId>4b6c492a-eb04-441d-a92a-f44359c06de7</sln:wojIIPId><sln:wojIIPPn>PL.PZGIK.200</sln:wojIIPPn><sln:wojIIPWersja>2012-09-27T13:45:13+02:00</sln:wojIIPWersja><sln:wojIdTeryt>14</sln:wojIdTeryt><sln:wojNazwa>mazowieckie</sln:wojNazwa></sln:miejscowosc><sln:miejscowosc><sln:cyklZyciaOd>2014-12-10T00:00:00+01:00</sln:cyklZyciaOd><sln:gmIIPId>9a33adb7-1de5-45ae-a698-99e93eefac6e</sln:gmIIPId><sln:gmIIPPn>PL.PZGIK.200</sln:gmIIPPn><sln:gmIIPWersja>2012-09-26T22:53:15+02:00</sln:gmIIPWersja><sln:gmIdTeryt>1416082</sln:gmIdTeryt><sln:gmNazwa>Stary Lubotyń</sln:gmNazwa><sln:miejscIIPId>2e00425a-ed62-4480-94e1-561be69afab0</sln:miejscIIPId><sln:miejscIIPPn>PL.PZGIK.200</sln:miejscIIPPn><sln:miejscIIPWersja>2016-11-24T13:28:16+02:00</sln:miejscIIPWersja><sln:miejscIdTeryt>0520610</sln:miejscIdTeryt><sln:miejscNazwa>Podbiele</sln:miejscNazwa><sln:miejscRodzaj>Wieś</sln:miejscRodzaj><sln:powIIPId>17fc6675-6104-4686-b70e-cf2a562b89e6</sln:powIIPId><sln:powIIPPn>PL.PZGIK.200</sln:powIIPPn><sln:powIIPWersja>2012-09-27T08:13:53+02:00</sln:powIIPWersja><sln:powIdTeryt>1416</sln:powIdTeryt><sln:powNazwa>ostrowski</sln:powNazwa><sln:wojIIPId>4b6c492a-eb04-441d-a92a-f44359c06de7</sln:wojIIPId><sln:wojIIPPn>PL.PZGIK.200</sln:wojIIPPn><sln:wojIIPWersja>2012-09-27T13:45:13+02:00</sln:wojIIPWersja><sln:wojIdTeryt>14</sln:wojIdTeryt><sln:wojNazwa>mazowieckie</sln:wojNazwa></sln:miejscowosc><sln:miejscowosc><sln:cyklZyciaOd>2014-12-10T00:00:00+01:00</sln:cyklZyciaOd><sln:gmIIPId>9a33adb7-1de5-45ae-a698-99e93eefac6e</sln:gmIIPId><sln:gmIIPPn>PL.PZGIK.200</sln:gmIIPPn><sln:gmIIPWersja>2012-09-26T22:53:15+02:00</sln:gmIIPWersja><sln:gmIdTeryt>1416082</sln:gmIdTeryt><sln:gmNazwa>Stary Lubotyń</sln:gmNazwa><sln:miejscIIPId>913b2794-8cc4-4c7e-ad89-6874b04dd753</sln:miejscIIPId><sln:miejscIIPPn>PL.PZGIK.200</sln:miejscIIPPn><sln:miejscIIPWersja>2016-11-24T13:31:42+02:00</sln:miejscIIPWersja><sln:miejscIdTeryt>0520700</sln:miejscIdTeryt><sln:miejscNazwa>Sulęcin Szlachecki</sln:miejscNazwa><sln:miejscRodzaj>Wieś</sln:miejscRodzaj><sln:powIIPId>17fc6675-6104-4686-b70e-cf2a562b89e6</sln:powIIPId><sln:powIIPPn>PL.PZGIK.200</sln:powIIPPn><sln:powIIPWersja>2012-09-27T08:13:53+02:00</sln:powIIPWersja><sln:powIdTeryt>1416</sln:powIdTeryt><sln:powNazwa>ostrowski</sln:powNazwa><sln:wojIIPId>4b6c492a-eb04-441d-a92a-f44359c06de7</sln:wojIIPId><sln:wojIIPPn>PL.PZGIK.200</sln:wojIIPPn><sln:wojIIPWersja>2012-09-27T13:45:13+02:00</sln:wojIIPWersja><sln:wojIdTeryt>14</sln:wojIdTeryt><sln:wojNazwa>mazowieckie</sln:wojNazwa></sln:miejscowosc><sln:miejscowosc><sln:cyklZyciaOd>2014-12-10T00:00:00+01:00</sln:cyklZyciaOd><sln:gmIIPId>9a33adb7-1de5-45ae-a698-99e93eefac6e</sln:gmIIPId><sln:gmIIPPn>PL.PZGIK.200</sln:gmIIPPn><sln:gmIIPWersja>2012-09-26T22:53:15+02:00</sln:gmIIPWersja><sln:gmIdTeryt>1416082</sln:gmIdTeryt><sln:gmNazwa>Stary Lubotyń</sln:gmNazwa><sln:miejscIIPId>189a7daa-1354-4278-87b8-380f2c0f7213</sln:miejscIIPId><sln:miejscIIPPn>PL.PZGIK.200</sln:miejscIIPPn><sln:miejscIIPWersja>2016-11-24T13:31:26+02:00</sln:miejscIIPWersja><sln:miejscIdTeryt>0520691</sln:miejscIdTeryt><sln:miejscNazwa>Stary Turobin</sln:miejscNazwa><sln:miejscRodzaj>Wieś</sln:miejscRodzaj><sln:powIIPId>17fc6675-6104-4686-b70e-cf2a562b89e6</sln:powIIPId><sln:powIIPPn>PL.PZGIK.200</sln:powIIPPn><sln:powIIPWersja>2012-09-27T08:13:53+02:00</sln:powIIPWersja><sln:powIdTeryt>1416</sln:powIdTeryt><sln:powNazwa>ostrowski</sln:powNazwa><sln:wojIIPId>4b6c492a-eb04-441d-a92a-f44359c06de7</sln:wojIIPId><sln:wojIIPPn>PL.PZGIK.200</sln:wojIIPPn><sln:wojIIPWersja>2012-09-27T13:45:13+02:00</sln:wojIIPWersja><sln:wojIdTeryt>14</sln:wojIdTeryt><sln:wojNazwa>mazowieckie</sln:wojNazwa></sln:miejscowosc><sln:miejscowosc><sln:cyklZyciaOd>2014-12-10T00:00:00+01:00</sln:cyklZyciaOd><sln:gmIIPId>9a33adb7-1de5-45ae-a698-99e93eefac6e</sln:gmIIPId><sln:gmIIPPn>PL.PZGIK.200</sln:gmIIPPn><sln:gmIIPWersja>2012-09-26T22:53:15+02:00</sln:gmIIPWersja><sln:gmIdTeryt>1416082</sln:gmIdTeryt><sln:gmNazwa>Stary Lubotyń</sln:gmNazwa><sln:miejscIIPId>5cfdb617-5e13-4f05-8189-bec9192c6412</sln:miejscIIPId><sln:miejscIIPPn>PL.PZGIK.200</sln:miejscIIPPn><sln:miejscIIPWersja>2016-11-24T13:29:47+02:00</sln:miejscIIPWersja><sln:miejscIdTeryt>0520640</sln:miejscIdTeryt><sln:miejscNazwa>Rogowo-Folwark</sln:miejscNazwa><sln:miejscRodzaj>Wieś</sln:miejscRodzaj><sln:powIIPId>17fc6675-6104-4686-b70e-cf2a562b89e6</sln:powIIPId><sln:powIIPPn>PL.PZGIK.200</sln:powIIPPn><sln:powIIPWersja>2012-09-27T08:13:53+02:00</sln:powIIPWersja><sln:powIdTeryt>1416</sln:powIdTeryt><sln:powNazwa>ostrowski</sln:powNazwa><sln:wojIIPId>4b6c492a-eb04-441d-a92a-f44359c06de7</sln:wojIIPId><sln:wojIIPPn>PL.PZGIK.200</sln:wojIIPPn><sln:wojIIPWersja>2012-09-27T13:45:13+02:00</sln:wojIIPWersja><sln:wojIdTeryt>14</sln:wojIdTeryt><sln:wojNazwa>mazowieckie</sln:wojNazwa></sln:miejscowosc><sln:miejscowosc><sln:cyklZyciaOd>2014-12-10T00:00:00+01:00</sln:cyklZyciaOd><sln:gmIIPId>9a33adb7-1de5-45ae-a698-99e93eefac6e</sln:gmIIPId><sln:gmIIPPn>PL.PZGIK.200</sln:gmIIPPn><sln:gmIIPWersja>2012-09-26T22:53:15+02:00</sln:gmIIPWersja><sln:gmIdTeryt>1416082</sln:gmIdTeryt><sln:gmNazwa>Stary Lubotyń</sln:gmNazwa><sln:miejscIIPId>e0497cc9-6136-4227-b0f8-b6cf654d9283</sln:miejscIIPId><sln:miejscIIPPn>PL.PZGIK.200</sln:miejscIIPPn><sln:miejscIIPWersja>2016-11-24T13:31:18+02:00</sln:miejscIIPWersja><sln:miejscIdTeryt>0520679</sln:miejscIdTeryt><sln:miejscNazwa>Stare Rogowo</sln:miejscNazwa><sln:miejscRodzaj>Wieś</sln:miejscRodzaj><sln:powIIPId>17fc6675-6104-4686-b70e-cf2a562b89e6</sln:powIIPId><sln:powIIPPn>PL.PZGIK.200</sln:powIIPPn><sln:powIIPWersja>2012-09-27T08:13:53+02:00</sln:powIIPWersja><sln:powIdTeryt>1416</sln:powIdTeryt><sln:powNazwa>ostrowski</sln:powNazwa><sln:wojIIPId>4b6c492a-eb04-441d-a92a-f44359c06de7</sln:wojIIPId><sln:wojIIPPn>PL.PZGIK.200</sln:wojIIPPn><sln:wojIIPWersja>2012-09-27T13:45:13+02:00</sln:wojIIPWersja><sln:wojIdTeryt>14</sln:wojIdTeryt><sln:wojNazwa>mazowieckie</sln:wojNazwa></sln:miejscowosc><sln:miejscowosc><sln:cyklZyciaOd>2014-12-10T00:00:00+01:00</sln:cyklZyciaOd><sln:gmIIPId>9a33adb7-1de5-45ae-a698-99e93eefac6e</sln:gmIIPId><sln:gmIIPPn>PL.PZGIK.200</sln:gmIIPPn><sln:gmIIPWersja>2012-09-26T22:53:15+02:00</sln:gmIIPWersja><sln:gmIdTeryt>1416082</sln:gmIdTeryt><sln:gmNazwa>Stary Lubotyń</sln:gmNazwa><sln:miejscIIPId>ccbbb478-d602-4952-b13c-d13ba6f9fe82</sln:miejscIIPId><sln:miejscIIPPn>PL.PZGIK.200</sln:miejscIIPPn><sln:miejscIIPWersja>2016-11-24T13:29:27+02:00</sln:miejscIIPWersja><sln:miejscIdTeryt>0520633</sln:miejscIdTeryt><sln:miejscNazwa>Rabędy</sln:miejscNazwa><sln:miejscRodzaj>Wieś</sln:miejscRodzaj><sln:powIIPId>17fc6675-6104-4686-b70e-cf2a562b89e6</sln:powIIPId><sln:powIIPPn>PL.PZGIK.200</sln:powIIPPn><sln:powIIPWersja>2012-09-27T08:13:53+02:00</sln:powIIPWersja><sln:powIdTeryt>1416</sln:powIdTeryt><sln:powNazwa>ostrowski</sln:powNazwa><sln:wojIIPId>4b6c492a-eb04-441d-a92a-f44359c06de7</sln:wojIIPId><sln:wojIIPPn>PL.PZGIK.200</sln:wojIIPPn><sln:wojIIPWersja>2012-09-27T13:45:13+02:00</sln:wojIIPWersja><sln:wojIdTeryt>14</sln:wojIdTeryt><sln:wojNazwa>mazowieckie</sln:wojNazwa></sln:miejscowosc><sln:miejscowosc><sln:cyklZyciaOd>2014-12-10T00:00:00+01:00</sln:cyklZyciaOd><sln:gmIIPId>9a33adb7-1de5-45ae-a698-99e93eefac6e</sln:gmIIPId><sln:gmIIPPn>PL.PZGIK.200</sln:gmIIPPn><sln:gmIIPWersja>2012-09-26T22:53:15+02:00</sln:gmIIPWersja><sln:gmIdTeryt>1416082</sln:gmIdTeryt><sln:gmNazwa>Stary Lubotyń</sln:gmNazwa><sln:miejscIIPId>ef8ff796-f8ff-4be3-9498-f68660ee8cf0</sln:miejscIIPId><sln:miejscIIPPn>PL.PZGIK.200</sln:miejscIIPPn><sln:miejscIIPWersja>2016-11-24T13:28:16+02:00</sln:miejscIIPWersja><sln:miejscIdTeryt>0520627</sln:miejscIdTeryt><sln:miejscNazwa>Podbielko</sln:miejscNazwa><sln:miejscRodzaj>Wieś</sln:miejscRodzaj><sln:powIIPId>17fc6675-6104-4686-b70e-cf2a562b89e6</sln:powIIPId><sln:powIIPPn>PL.PZGIK.200</sln:powIIPPn><sln:powIIPWersja>2012-09-27T08:13:53+02:00</sln:powIIPWersja><sln:powIdTeryt>1416</sln:powIdTeryt><sln:powNazwa>ostrowski</sln:powNazwa><sln:wojIIPId>4b6c492a-eb04-441d-a92a-f44359c06de7</sln:wojIIPId><sln:wojIIPPn>PL.PZGIK.200</sln:wojIIPPn><sln:wojIIPWersja>2012-09-27T13:45:13+02:00</sln:wojIIPWersja><sln:wojIdTeryt>14</sln:wojIdTeryt><sln:wojNazwa>mazowieckie</sln:wojNazwa></sln:miejscowosc><sln:miejscowosc><sln:cyklZyciaOd>2014-12-10T00:00:00+01:00</sln:cyklZyciaOd><sln:gmIIPId>9a33adb7-1de5-45ae-a698-99e93eefac6e</sln:gmIIPId><sln:gmIIPPn>PL.PZGIK.200</sln:gmIIPPn><sln:gmIIPWersja>2012-09-26T22:53:15+02:00</sln:gmIIPWersja><sln:gmIdTeryt>1416082</sln:gmIdTeryt><sln:gmNazwa>Stary Lubotyń</sln:gmNazwa><sln:miejscIIPId>1e3b7675-e655-4dd0-b890-cffe6fcbc595</sln:miejscIIPId><sln:miejscIIPPn>PL.PZGIK.200</sln:miejscIIPPn><sln:miejscIIPWersja>2016-11-24T13:37:10+02:00</sln:miejscIIPWersja><sln:miejscIdTeryt>0520515</sln:miejscIdTeryt><sln:miejscNazwa>Gawki</sln:miejscNazwa><sln:miejscRodzaj>Wieś</sln:miejscRodzaj><sln:powIIPId>17fc6675-6104-4686-b70e-cf2a562b89e6</sln:powIIPId><sln:powIIPPn>PL.PZGIK.200</sln:powIIPPn><sln:powIIPWersja>2012-09-27T08:13:53+02:00</sln:powIIPWersja><sln:powIdTeryt>1416</sln:powIdTeryt><sln:powNazwa>ostrowski</sln:powNazwa><sln:wojIIPId>4b6c492a-eb04-441d-a92a-f44359c06de7</sln:wojIIPId><sln:wojIIPPn>PL.PZGIK.200</sln:wojIIPPn><sln:wojIIPWersja>2012-09-27T13:45:13+02:00</sln:wojIIPWersja><sln:wojIdTeryt>14</sln:wojIdTeryt><sln:wojNazwa>mazowieckie</sln:wojNazwa></sln:miejscowosc><sln:miejscowosc><sln:cyklZyciaOd>2014-12-10T00:00:00+01:00</sln:cyklZyciaOd><sln:gmIIPId>9a33adb7-1de5-45ae-a698-99e93eefac6e</sln:gmIIPId><sln:gmIIPPn>PL.PZGIK.200</sln:gmIIPPn><sln:gmIIPWersja>2012-09-26T22:53:15+02:00</sln:gmIIPWersja><sln:gmIdTeryt>1416082</sln:gmIdTeryt><sln:gmNazwa>Stary Lubotyń</sln:gmNazwa><sln:miejscIIPId>879398ba-1183-4cea-9b28-7bf7b14a8fce</sln:miejscIIPId><sln:miejscIIPPn>PL.PZGIK.200</sln:miejscIIPPn><sln:miejscIIPWersja>2016-11-24T13:38:11+02:00</sln:miejscIIPWersja><sln:miejscIdTeryt>0520544</sln:miejscIdTeryt><sln:miejscNazwa>Gumowo</sln:miejscNazwa><sln:miejscRodzaj>Wieś</sln:miejscRodzaj><sln:powIIPId>17fc6675-6104-4686-b70e-cf2a562b89e6</sln:powIIPId><sln:powIIPPn>PL.PZGIK.200</sln:powIIPPn><sln:powIIPWersja>2012-09-27T08:13:53+02:00</sln:powIIPWersja><sln:powIdTeryt>1416</sln:powIdTeryt><sln:powNazwa>ostrowski</sln:powNazwa><sln:wojIIPId>4b6c492a-eb04-441d-a92a-f44359c06de7</sln:wojIIPId><sln:wojIIPPn>PL.PZGIK.200</sln:wojIIPPn><sln:wojIIPWersja>2012-09-27T13:45:13+02:00</sln:wojIIPWersja><sln:wojIdTeryt>14</sln:wojIdTeryt><sln:wojNazwa>mazowieckie</sln:wojNazwa></sln:miejscowosc><sln:miejscowosc><sln:cyklZyciaOd>2014-12-10T00:00:00+01:00</sln:cyklZyciaOd><sln:gmIIPId>9a33adb7-1de5-45ae-a698-99e93eefac6e</sln:gmIIPId><sln:gmIIPPn>PL.PZGIK.200</sln:gmIIPPn><sln:gmIIPWersja>2012-09-26T22:53:15+02:00</sln:gmIIPWersja><sln:gmIdTeryt>1416082</sln:gmIdTeryt><sln:gmNazwa>Stary Lubotyń</sln:gmNazwa><sln:miejscIIPId>af22ca3e-9548-4b93-b260-f7282dba5b9c</sln:miejscIIPId><sln:miejscIIPPn>PL.PZGIK.200</sln:miejscIIPPn><sln:miejscIIPWersja>2016-11-24T13:30:09+02:00</sln:miejscIIPWersja><sln:miejscIdTeryt>0520662</sln:miejscIdTeryt><sln:miejscNazwa>Rząśnik</sln:miejscNazwa><sln:miejscRodzaj>Wieś</sln:miejscRodzaj><sln:powIIPId>17fc6675-6104-4686-b70e-cf2a562b89e6</sln:powIIPId><sln:powIIPPn>PL.PZGIK.200</sln:powIIPPn><sln:powIIPWersja>2012-09-27T08:13:53+02:00</sln:powIIPWersja><sln:powIdTeryt>1416</sln:powIdTeryt><sln:powNazwa>ostrowski</sln:powNazwa><sln:wojIIPId>4b6c492a-eb04-441d-a92a-f44359c06de7</sln:wojIIPId><sln:wojIIPPn>PL.PZGIK.200</sln:wojIIPPn><sln:wojIIPWersja>2012-09-27T13:45:13+02:00</sln:wojIIPWersja><sln:wojIdTeryt>14</sln:wojIdTeryt><sln:wojNazwa>mazowieckie</sln:wojNazwa></sln:miejscowosc><sln:miejscowosc><sln:cyklZyciaOd>2014-12-10T00:00:00+01:00</sln:cyklZyciaOd><sln:gmIIPId>9a33adb7-1de5-45ae-a698-99e93eefac6e</sln:gmIIPId><sln:gmIIPPn>PL.PZGIK.200</sln:gmIIPPn><sln:gmIIPWersja>2012-09-26T22:53:15+02:00</sln:gmIIPWersja><sln:gmIdTeryt>1416082</sln:gmIdTeryt><sln:gmNazwa>Stary Lubotyń</sln:gmNazwa><sln:miejscIIPId>3058bbcf-9143-4db1-9d27-1cd16ac5a11d</sln:miejscIIPId><sln:miejscIIPPn>PL.PZGIK.200</sln:miejscIIPPn><sln:miejscIIPWersja>2016-11-24T13:37:24+02:00</sln:miejscIIPWersja><sln:miejscIdTeryt>0520521</sln:miejscIdTeryt><sln:miejscNazwa>Gniazdowo</sln:miejscNazwa><sln:miejscRodzaj>Wieś</sln:miejscRodzaj><sln:powIIPId>17fc6675-6104-4686-b70e-cf2a562b89e6</sln:powIIPId><sln:powIIPPn>PL.PZGIK.200</sln:powIIPPn><sln:powIIPWersja>2012-09-27T08:13:53+02:00</sln:powIIPWersja><sln:powIdTeryt>1416</sln:powIdTeryt><sln:powNazwa>ostrowski</sln:powNazwa><sln:wojIIPId>4b6c492a-eb04-441d-a92a-f44359c06de7</sln:wojIIPId><sln:wojIIPPn>PL.PZGIK.200</sln:wojIIPPn><sln:wojIIPWersja>2012-09-27T13:45:13+02:00</sln:wojIIPWersja><sln:wojIdTeryt>14</sln:wojIdTeryt><sln:wojNazwa>mazowieckie</sln:wojNazwa></sln:miejscowosc><sln:miejscowosc><sln:cyklZyciaOd>2014-12-10T00:00:00+01:00</sln:cyklZyciaOd><sln:gmIIPId>9a33adb7-1de5-45ae-a698-99e93eefac6e</sln:gmIIPId><sln:gmIIPPn>PL.PZGIK.200</sln:gmIIPPn><sln:gmIIPWersja>2012-09-26T22:53:15+02:00</sln:gmIIPWersja><sln:gmIdTeryt>1416082</sln:gmIdTeryt><sln:gmNazwa>Stary Lubotyń</sln:gmNazwa><sln:miejscIIPId>f80821f2-15a3-4f8c-a74d-d5b6b4ba8bd3</sln:miejscIIPId><sln:miejscIIPPn>PL.PZGIK.200</sln:miejscIIPPn><sln:miejscIIPWersja>2016-11-24T13:35:12+02:00</sln:miejscIIPWersja><sln:miejscIdTeryt>0520745</sln:miejscIdTeryt><sln:miejscNazwa>Żochowo</sln:miejscNazwa><sln:miejscRodzaj>Wieś</sln:miejscRodzaj><sln:powIIPId>17fc6675-6104-4686-b70e-cf2a562b89e6</sln:powIIPId><sln:powIIPPn>PL.PZGIK.200</sln:powIIPPn><sln:powIIPWersja>2012-09-27T08:13:53+02:00</sln:powIIPWersja><sln:powIdTeryt>1416</sln:powIdTeryt><sln:powNazwa>ostrowski</sln:powNazwa><sln:wojIIPId>4b6c492a-eb04-441d-a92a-f44359c06de7</sln:wojIIPId><sln:wojIIPPn>PL.PZGIK.200</sln:wojIIPPn><sln:wojIIPWersja>2012-09-27T13:45:13+02:00</sln:wojIIPWersja><sln:wojIdTeryt>14</sln:wojIdTeryt><sln:wojNazwa>mazowieckie</sln:wojNazwa></sln:miejscowosc><sln:miejscowosc><sln:cyklZyciaOd>2014-12-10T00:00:00+01:00</sln:cyklZyciaOd><sln:gmIIPId>9a33adb7-1de5-45ae-a698-99e93eefac6e</sln:gmIIPId><sln:gmIIPPn>PL.PZGIK.200</sln:gmIIPPn><sln:gmIIPWersja>2012-09-26T22:53:15+02:00</sln:gmIIPWersja><sln:gmIdTeryt>1416082</sln:gmIdTeryt><sln:gmNazwa>Stary Lubotyń</sln:gmNazwa><sln:miejscIIPId>11c070ef-58a9-4628-88a6-acb01b52a2b1</sln:miejscIIPId><sln:miejscIIPPn>PL.PZGIK.200</sln:miejscIIPPn><sln:miejscIIPWersja>2016-11-24T13:39:54+02:00</sln:miejscIIPWersja><sln:miejscIdTeryt>0520573</sln:miejscIdTeryt><sln:miejscNazwa>Koskowo</sln:miejscNazwa><sln:miejscRodzaj>Wieś</sln:miejscRodzaj><sln:powIIPId>17fc6675-6104-4686-b70e-cf2a562b89e6</sln:powIIPId><sln:powIIPPn>PL.PZGIK.200</sln:powIIPPn><sln:powIIPWersja>2012-09-27T08:13:53+02:00</sln:powIIPWersja><sln:powIdTeryt>1416</sln:powIdTeryt><sln:powNazwa>ostrowski</sln:powNazwa><sln:wojIIPId>4b6c492a-eb04-441d-a92a-f44359c06de7</sln:wojIIPId><sln:wojIIPPn>PL.PZGIK.200</sln:wojIIPPn><sln:wojIIPWersja>2012-09-27T13:45:13+02:00</sln:wojIIPWersja><sln:wojIdTeryt>14</sln:wojIdTeryt><sln:wojNazwa>mazowieckie</sln:wojNazwa></sln:miejscowosc><sln:miejscowosc><sln:cyklZyciaOd>2014-12-10T00:00:00+01:00</sln:cyklZyciaOd><sln:gmIIPId>9a33adb7-1de5-45ae-a698-99e93eefac6e</sln:gmIIPId><sln:gmIIPPn>PL.PZGIK.200</sln:gmIIPPn><sln:gmIIPWersja>2012-09-26T22:53:15+02:00</sln:gmIIPWersja><sln:gmIdTeryt>1416082</sln:gmIdTeryt><sln:gmNazwa>Stary Lubotyń</sln:gmNazwa><sln:miejscIIPId>5325da71-e1d1-468d-9a40-32a766b6bfdb</sln:miejscIIPId><sln:miejscIIPPn>PL.PZGIK.200</sln:miejscIIPPn><sln:miejscIIPWersja>2016-11-24T13:37:55+02:00</sln:miejscIIPWersja><sln:miejscIdTeryt>0520538</sln:miejscIdTeryt><sln:miejscNazwa>Grądziki</sln:miejscNazwa><sln:miejscRodzaj>Wieś</sln:miejscRodzaj><sln:powIIPId>17fc6675-6104-4686-b70e-cf2a562b89e6</sln:powIIPId><sln:powIIPPn>PL.PZGIK.200</sln:powIIPPn><sln:powIIPWersja>2012-09-27T08:13:53+02:00</sln:powIIPWersja><sln:powIdTeryt>1416</sln:powIdTeryt><sln:powNazwa>ostrowski</sln:powNazwa><sln:wojIIPId>4b6c492a-eb04-441d-a92a-f44359c06de7</sln:wojIIPId><sln:wojIIPPn>PL.PZGIK.200</sln:wojIIPPn><sln:wojIIPWersja>2012-09-27T13:45:13+02:00</sln:wojIIPWersja><sln:wojIdTeryt>14</sln:wojIdTeryt><sln:wojNazwa>mazowieckie</sln:wojNazwa></sln:miejscowosc><sln:miejscowosc><sln:cyklZyciaOd>2014-12-10T00:00:00+01:00</sln:cyklZyciaOd><sln:gmIIPId>9a33adb7-1de5-45ae-a698-99e93eefac6e</sln:gmIIPId><sln:gmIIPPn>PL.PZGIK.200</sln:gmIIPPn><sln:gmIIPWersja>2012-09-26T22:53:15+02:00</sln:gmIIPWersja><sln:gmIdTeryt>1416082</sln:gmIdTeryt><sln:gmNazwa>Stary Lubotyń</sln:gmNazwa><sln:miejscIIPId>e232ff6a-89d4-46a2-96e5-cb2589eb9485</sln:miejscIIPId><sln:miejscIIPPn>PL.PZGIK.200</sln:miejscIIPPn><sln:miejscIIPWersja>2016-11-24T13:31:11+02:00</sln:miejscIIPWersja><sln:miejscIdTeryt>0520490</sln:miejscIdTeryt><sln:miejscNazwa>Budziszki</sln:miejscNazwa><sln:miejscRodzaj>Wieś</sln:miejscRodzaj><sln:powIIPId>17fc6675-6104-4686-b70e-cf2a562b89e6</sln:powIIPId><sln:powIIPPn>PL.PZGIK.200</sln:powIIPPn><sln:powIIPWersja>2012-09-27T08:13:53+02:00</sln:powIIPWersja><sln:powIdTeryt>1416</sln:powIdTeryt><sln:powNazwa>ostrowski</sln:powNazwa><sln:wojIIPId>4b6c492a-eb04-441d-a92a-f44359c06de7</sln:wojIIPId><sln:wojIIPPn>PL.PZGIK.200</sln:wojIIPPn><sln:wojIIPWersja>2012-09-27T13:45:13+02:00</sln:wojIIPWersja><sln:wojIdTeryt>14</sln:wojIdTeryt><sln:wojNazwa>mazowieckie</sln:wojNazwa></sln:miejscowosc><sln:miejscowosc><sln:cyklZyciaOd>2014-12-10T00:00:00+01:00</sln:cyklZyciaOd><sln:gmIIPId>9a33adb7-1de5-45ae-a698-99e93eefac6e</sln:gmIIPId><sln:gmIIPPn>PL.PZGIK.200</sln:gmIIPPn><sln:gmIIPWersja>2012-09-26T22:53:15+02:00</sln:gmIIPWersja><sln:gmIdTeryt>1416082</sln:gmIdTeryt><sln:gmNazwa>Stary Lubotyń</sln:gmNazwa><sln:miejscIIPId>dd406d20-1f1b-4c49-99f2-1e17b6d45bb6</sln:miejscIIPId><sln:miejscIIPPn>PL.PZGIK.200</sln:miejscIIPPn><sln:miejscIIPWersja>2016-11-24T13:29:48+02:00</sln:miejscIIPWersja><sln:miejscIdTeryt>0520656</sln:miejscIdTeryt><sln:miejscNazwa>Rogówek</sln:miejscNazwa><sln:miejscRodzaj>Wieś</sln:miejscRodzaj><sln:powIIPId>17fc6675-6104-4686-b70e-cf2a562b89e6</sln:powIIPId><sln:powIIPPn>PL.PZGIK.200</sln:powIIPPn><sln:powIIPWersja>2012-09-27T08:13:53+02:00</sln:powIIPWersja><sln:powIdTeryt>1416</sln:powIdTeryt><sln:powNazwa>ostrowski</sln:powNazwa><sln:wojIIPId>4b6c492a-eb04-441d-a92a-f44359c06de7</sln:wojIIPId><sln:wojIIPPn>PL.PZGIK.200</sln:wojIIPPn><sln:wojIIPWersja>2012-09-27T13:45:13+02:00</sln:wojIIPWersja><sln:wojIdTeryt>14</sln:wojIdTeryt><sln:wojNazwa>mazowieckie</sln:wojNazwa></sln:miejscowosc><sln:miejscowosc><sln:cyklZyciaOd>2014-12-10T00:00:00+01:00</sln:cyklZyciaOd><sln:gmIIPId>9a33adb7-1de5-45ae-a698-99e93eefac6e</sln:gmIIPId><sln:gmIIPPn>PL.PZGIK.200</sln:gmIIPPn><sln:gmIIPWersja>2012-09-26T22:53:15+02:00</sln:gmIIPWersja><sln:gmIdTeryt>1416082</sln:gmIdTeryt><sln:gmNazwa>Stary Lubotyń</sln:gmNazwa><sln:miejscIIPId>52218150-5401-4e07-a04f-9362f8791711</sln:miejscIIPId><sln:miejscIIPPn>PL.PZGIK.200</sln:miejscIIPPn><sln:miejscIIPWersja>2016-11-24T13:32:09+02:00</sln:miejscIIPWersja><sln:miejscIdTeryt>0520722</sln:miejscIdTeryt><sln:miejscNazwa>Świerże</sln:miejscNazwa><sln:miejscRodzaj>Wieś</sln:miejscRodzaj><sln:powIIPId>17fc6675-6104-4686-b70e-cf2a562b89e6</sln:powIIPId><sln:powIIPPn>PL.PZGIK.200</sln:powIIPPn><sln:powIIPWersja>2012-09-27T08:13:53+02:00</sln:powIIPWersja><sln:powIdTeryt>1416</sln:powIdTeryt><sln:powNazwa>ostrowski</sln:powNazwa><sln:wojIIPId>4b6c492a-eb04-441d-a92a-f44359c06de7</sln:wojIIPId><sln:wojIIPPn>PL.PZGIK.200</sln:wojIIPPn><sln:wojIIPWersja>2012-09-27T13:45:13+02:00</sln:wojIIPWersja><sln:wojIdTeryt>14</sln:wojIdTeryt><sln:wojNazwa>mazowieckie</sln:wojNazwa></sln:miejscowosc><sln:miejscowosc><sln:cyklZyciaOd>2014-12-10T00:00:00+01:00</sln:cyklZyciaOd><sln:gmIIPId>9a33adb7-1de5-45ae-a698-99e93eefac6e</sln:gmIIPId><sln:gmIIPPn>PL.PZGIK.200</sln:gmIIPPn><sln:gmIIPWersja>2012-09-26T22:53:15+02:00</sln:gmIIPWersja><sln:gmIdTeryt>1416082</sln:gmIdTeryt><sln:gmNazwa>Stary Lubotyń</sln:gmNazwa><sln:miejscIIPId>544218f0-5cd6-44b8-8052-d0ef062a5816</sln:miejscIIPId><sln:miejscIIPPn>PL.PZGIK.200</sln:miejscIIPPn><sln:miejscIIPWersja>2016-11-24T13:31:42+02:00</sln:miejscIIPWersja><sln:miejscIdTeryt>0520716</sln:miejscIdTeryt><sln:miejscNazwa>Sulęcin Włościański</sln:miejscNazwa><sln:miejscRodzaj>Wieś</sln:miejscRodzaj><sln:powIIPId>17fc6675-6104-4686-b70e-cf2a562b89e6</sln:powIIPId><sln:powIIPPn>PL.PZGIK.200</sln:powIIPPn><sln:powIIPWersja>2012-09-27T08:13:53+02:00</sln:powIIPWersja><sln:powIdTeryt>1416</sln:powIdTeryt><sln:powNazwa>ostrowski</sln:powNazwa><sln:wojIIPId>4b6c492a-eb04-441d-a92a-f44359c06de7</sln:wojIIPId><sln:wojIIPPn>PL.PZGIK.200</sln:wojIIPPn><sln:wojIIPWersja>2012-09-27T13:45:13+02:00</sln:wojIIPWersja><sln:wojIdTeryt>14</sln:wojIdTeryt><sln:wojNazwa>mazowieckie</sln:wojNazwa></sln:miejscowosc><sln:miejscowosc><sln:cyklZyciaOd>2014-12-10T00:00:00+01:00</sln:cyklZyciaOd><sln:gmIIPId>9a33adb7-1de5-45ae-a698-99e93eefac6e</sln:gmIIPId><sln:gmIIPPn>PL.PZGIK.200</sln:gmIIPPn><sln:gmIIPWersja>2012-09-26T22:53:15+02:00</sln:gmIIPWersja><sln:gmIdTeryt>1416082</sln:gmIdTeryt><sln:gmNazwa>Stary Lubotyń</sln:gmNazwa><sln:miejscIIPId>06db1b5d-ded6-4aca-8630-6f334e49223c</sln:miejscIIPId><sln:miejscIIPPn>PL.PZGIK.200</sln:miejscIIPPn><sln:miejscIIPWersja>2016-11-24T13:34:07+02:00</sln:miejscIIPWersja><sln:miejscIdTeryt>0520509</sln:miejscIdTeryt><sln:miejscNazwa>Chmielewo</sln:miejscNazwa><sln:miejscRodzaj>Wieś</sln:miejscRodzaj><sln:powIIPId>17fc6675-6104-4686-b70e-cf2a562b89e6</sln:powIIPId><sln:powIIPPn>PL.PZGIK.200</sln:powIIPPn><sln:powIIPWersja>2012-09-27T08:13:53+02:00</sln:powIIPWersja><sln:powIdTeryt>1416</sln:powIdTeryt><sln:powNazwa>ostrowski</sln:powNazwa><sln:wojIIPId>4b6c492a-eb04-441d-a92a-f44359c06de7</sln:wojIIPId><sln:wojIIPPn>PL.PZGIK.200</sln:wojIIPPn><sln:wojIIPWersja>2012-09-27T13:45:13+02:00</sln:wojIIPWersja><sln:wojIdTeryt>14</sln:wojIdTeryt><sln:wojNazwa>mazowieckie</sln:wojNazwa></sln:miejscowosc><sln:miejscowosc><sln:cyklZyciaOd>2014-12-10T00:00:00+01:00</sln:cyklZyciaOd><sln:gmIIPId>9a33adb7-1de5-45ae-a698-99e93eefac6e</sln:gmIIPId><sln:gmIIPPn>PL.PZGIK.200</sln:gmIIPPn><sln:gmIIPWersja>2012-09-26T22:53:15+02:00</sln:gmIIPWersja><sln:gmIdTeryt>1416082</sln:gmIdTeryt><sln:gmNazwa>Stary Lubotyń</sln:gmNazwa><sln:miejscIIPId>67a78abc-b635-482d-9741-283c5ae04181</sln:miejscIIPId><sln:miejscIIPPn>PL.PZGIK.200</sln:miejscIIPPn><sln:miejscIIPWersja>2016-11-24T13:39:30+02:00</sln:miejscIIPWersja><sln:miejscIdTeryt>0520550</sln:miejscIdTeryt><sln:miejscNazwa>Klimonty</sln:miejscNazwa><sln:miejscRodzaj>Wieś</sln:miejscRodzaj><sln:powIIPId>17fc6675-6104-4686-b70e-cf2a562b89e6</sln:powIIPId><sln:powIIPPn>PL.PZGIK.200</sln:powIIPPn><sln:powIIPWersja>2012-09-27T08:13:53+02:00</sln:powIIPWersja><sln:powIdTeryt>1416</sln:powIdTeryt><sln:powNazwa>ostrowski</sln:powNazwa><sln:wojIIPId>4b6c492a-eb04-441d-a92a-f44359c06de7</sln:wojIIPId><sln:wojIIPPn>PL.PZGIK.200</sln:wojIIPPn><sln:wojIIPWersja>2012-09-27T13:45:13+02:00</sln:wojIIPWersja><sln:wojIdTeryt>14</sln:wojIdTeryt><sln:wojNazwa>mazowieckie</sln:wojNazwa></sln:miejscowosc><sln:miejscowosc><sln:cyklZyciaOd>2014-12-10T00:00:00+01:00</sln:cyklZyciaOd><sln:gmIIPId>9a33adb7-1de5-45ae-a698-99e93eefac6e</sln:gmIIPId><sln:gmIIPPn>PL.PZGIK.200</sln:gmIIPPn><sln:gmIIPWersja>2012-09-26T22:53:15+02:00</sln:gmIIPWersja><sln:gmIdTeryt>1416082</sln:gmIdTeryt><sln:gmNazwa>Stary Lubotyń</sln:gmNazwa><sln:miejscIIPId>81681f5d-c3fd-4371-b818-4be28892a2ae</sln:miejscIIPId><sln:miejscIIPPn>PL.PZGIK.200</sln:miejscIIPPn><sln:miejscIIPWersja>2016-11-24T13:31:24+02:00</sln:miejscIIPWersja><sln:miejscIdTeryt>0520685</sln:miejscIdTeryt><sln:miejscNazwa>Stary Lubotyń</sln:miejscNazwa><sln:miejscRodzaj>Wieś</sln:miejscRodzaj><sln:powIIPId>17fc6675-6104-4686-b70e-cf2a562b89e6</sln:powIIPId><sln:powIIPPn>PL.PZGIK.200</sln:powIIPPn><sln:powIIPWersja>2012-09-27T08:13:53+02:00</sln:powIIPWersja><sln:powIdTeryt>1416</sln:powIdTeryt><sln:powNazwa>ostrowski</sln:powNazwa><sln:wojIIPId>4b6c492a-eb04-441d-a92a-f44359c06de7</sln:wojIIPId><sln:wojIIPPn>PL.PZGIK.200</sln:wojIIPPn><sln:wojIIPWersja>2012-09-27T13:45:13+02:00</sln:wojIIPWersja><sln:wojIdTeryt>14</sln:wojIdTeryt><sln:wojNazwa>mazowieckie</sln:wojNazwa></sln:miejscowosc><sln:miejscowosc><sln:cyklZyciaOd>2014-12-10T00:00:00+01:00</sln:cyklZyciaOd><sln:gmIIPId>9a33adb7-1de5-45ae-a698-99e93eefac6e</sln:gmIIPId><sln:gmIIPPn>PL.PZGIK.200</sln:gmIIPPn><sln:gmIIPWersja>2012-09-26T22:53:15+02:00</sln:gmIIPWersja><sln:gmIdTeryt>1416082</sln:gmIdTeryt><sln:gmNazwa>Stary Lubotyń</sln:gmNazwa><sln:miejscIIPId>56a0a2c8-b280-4531-810d-763fd18ec143</sln:miejscIIPId><sln:miejscIIPPn>PL.PZGIK.200</sln:miejscIIPPn><sln:miejscIIPWersja>2016-11-24T13:32:36+02:00</sln:miejscIIPWersja><sln:miejscIdTeryt>0520739</sln:miejscIdTeryt><sln:miejscNazwa>Turobin-Brzozowa</sln:miejscNazwa><sln:miejscRodzaj>Wieś</sln:miejscRodzaj><sln:powIIPId>17fc6675-6104-4686-b70e-cf2a562b89e6</sln:powIIPId><sln:powIIPPn>PL.PZGIK.200</sln:powIIPPn><sln:powIIPWersja>2012-09-27T08:13:53+02:00</sln:powIIPWersja><sln:powIdTeryt>1416</sln:powIdTeryt><sln:powNazwa>ostrowski</sln:powNazwa><sln:wojIIPId>4b6c492a-eb04-441d-a92a-f44359c06de7</sln:wojIIPId><sln:wojIIPPn>PL.PZGIK.200</sln:wojIIPPn><sln:wojIIPWersja>2012-09-27T13:45:13+02:00</sln:wojIIPWersja><sln:wojIdTeryt>14</sln:wojIdTeryt><sln:wojNazwa>mazowieckie</sln:wojNazwa></sln:miejscowosc><sln:miejscowosc><sln:cyklZyciaOd>2014-12-10T00:00:00+01:00</sln:cyklZyciaOd><sln:gmIIPId>9a33adb7-1de5-45ae-a698-99e93eefac6e</sln:gmIIPId><sln:gmIIPPn>PL.PZGIK.200</sln:gmIIPPn><sln:gmIIPWersja>2012-09-26T22:53:15+02:00</sln:gmIIPWersja><sln:gmIdTeryt>1416082</sln:gmIdTeryt><sln:gmNazwa>Stary Lubotyń</sln:gmNazwa><sln:miejscIIPId>194307f6-0466-47ac-bb88-3fdc6cbcfe0f</sln:miejscIIPId><sln:miejscIIPPn>PL.PZGIK.200</sln:miejscIIPPn><sln:miejscIIPWersja>2016-11-24T13:39:52+02:00</sln:miejscIIPWersja><sln:miejscIdTeryt>0520567</sln:miejscIdTeryt><sln:miejscNazwa>Kosewo</sln:miejscNazwa><sln:miejscRodzaj>Wieś</sln:miejscRodzaj><sln:powIIPId>17fc6675-6104-4686-b70e-cf2a562b89e6</sln:powIIPId><sln:powIIPPn>PL.PZGIK.200</sln:powIIPPn><sln:powIIPWersja>2012-09-27T08:13:53+02:00</sln:powIIPWersja><sln:powIdTeryt>1416</sln:powIdTeryt><sln:powNazwa>ostrowski</sln:powNazwa><sln:wojIIPId>4b6c492a-eb04-441d-a92a-f44359c06de7</sln:wojIIPId><sln:wojIIPPn>PL.PZGIK.200</sln:wojIIPPn><sln:wojIIPWersja>2012-09-27T13:45:13+02:00</sln:wojIIPWersja><sln:wojIdTeryt>14</sln:wojIdTeryt><sln:wojNazwa>mazowieckie</sln:wojNazwa></sln:miejscowosc></sln:lista-miejscowosci>