<?xml version="1.0" encoding="UTF-8" standalone="yes"?><sln:lista-miejscowosci xmlns:srv="http://gugik.gov.pl/schemas/slowniki-service/1.0" xmlns:sln="http://gugik.gov.pl/schemas/slowniki-schema/1.0"><sln:miejscowosc><sln:cyklZyciaDo>2017-03-09T00:00:00+01:00</sln:cyklZyciaDo><sln:cyklZyciaOd>2015-12-29T00:00:00+01:00</sln:cyklZyciaOd><sln:gmIIPId>c433923b-534a-4eb6-9fe1-aa0e21f7b824</sln:gmIIPId><sln:gmIIPPn>PL.PZGIK.200</sln:gmIIPPn><sln:gmIIPWersja>2012-09-26T21:58:32+02:00</sln:gmIIPWersja><sln:gmIdTeryt>1434021</sln:gmIdTeryt><sln:gmNazwa>Marki</sln:gmNazwa><sln:miejscIIPId>2e346474-44c5-473b-adf5-93cf1125f3ea</sln:miejscIIPId><sln:miejscIIPPn>PL.PZGIK.200</sln:miejscIIPPn><sln:miejscIIPWersja>2016-11-24T13:14:47+02:00</sln:miejscIIPWersja><sln:miejscIdTeryt>0920901</sln:miejscIdTeryt><sln:miejscNazwa>Marki</sln:miejscNazwa><sln:miejscRodzaj>Miasto</sln:miejscRodzaj><sln:powIIPId>6a5d05b9-a6e5-4606-b5cb-f63c063ea45d</sln:powIIPId><sln:powIIPPn>PL.PZGIK.200</sln:powIIPPn><sln:powIIPWersja>2012-09-27T08:13:53+02:00</sln:powIIPWersja><sln:powIdTeryt>1434</sln:powIdTeryt><sln:powNazwa>wołomiński</sln:powNazwa><sln:waznyOd>2012-11-23T00:00:00+01:00</sln:waznyOd><sln:wojIIPId>4b6c492a-eb04-441d-a92a-f44359c06de7</sln:wojIIPId><sln:wojIIPPn>PL.PZGIK.200</sln:wojIIPPn><sln:wojIIPWersja>2012-09-27T13:45:13+02:00</sln:wojIIPWersja><sln:wojIdTeryt>14</sln:wojIdTeryt><sln:wojNazwa>mazowieckie</sln:wojNazwa></sln:miejscowosc><sln:miejscowosc><sln:cyklZyciaDo>2015-12-15T00:00:00+01:00</sln:cyklZyciaDo><sln:cyklZyciaOd>2015-03-03T00:00:00+01:00</sln:cyklZyciaOd><sln:gmIIPId>c433923b-534a-4eb6-9fe1-aa0e21f7b824</sln:gmIIPId><sln:gmIIPPn>PL.PZGIK.200</sln:gmIIPPn><sln:gmIIPWersja>2012-09-26T21:58:32+02:00</sln:gmIIPWersja><sln:gmIdTeryt>1434021</sln:gmIdTeryt><sln:gmNazwa>Marki</sln:gmNazwa><sln:miejscIIPId>2e346474-44c5-473b-adf5-93cf1125f3ea</sln:miejscIIPId><sln:miejscIIPPn>PL.PZGIK.200</sln:miejscIIPPn><sln:miejscIIPWersja>2016-11-24T13:14:48+02:00</sln:miejscIIPWersja><sln:miejscIdTeryt>0920901</sln:miejscIdTeryt><sln:miejscNazwa>Marki</sln:miejscNazwa><sln:miejscRodzaj>Inny obiekt</sln:miejscRodzaj><sln:powIIPId>6a5d05b9-a6e5-4606-b5cb-f63c063ea45d</sln:powIIPId><sln:powIIPPn>PL.PZGIK.200</sln:powIIPPn><sln:powIIPWersja>2012-09-27T08:13:53+02:00</sln:powIIPWersja><sln:powIdTeryt>1434</sln:powIdTeryt><sln:powNazwa>wołomiński</sln:powNazwa><sln:waznyOd>2012-11-23T00:00:00+01:00</sln:waznyOd><sln:wojIIPId>4b6c492a-eb04-441d-a92a-f44359c06de7</sln:wojIIPId><sln:wojIIPPn>PL.PZGIK.200</sln:wojIIPPn><sln:wojIIPWersja>2012-09-27T13:45:13+02:00</sln:wojIIPWersja><sln:wojIdTeryt>14</sln:wojIdTeryt><sln:wojNazwa>mazowieckie</sln:wojNazwa></sln:miejscowosc><sln:miejscowosc><sln:cyklZyciaDo>2015-12-29T00:00:00+01:00</sln:cyklZyciaDo><sln:cyklZyciaOd>2015-12-15T00:00:00+01:00</sln:cyklZyciaOd><sln:gmIIPId>c433923b-534a-4eb6-9fe1-aa0e21f7b824</sln:gmIIPId><sln:gmIIPPn>PL.PZGIK.200</sln:gmIIPPn><sln:gmIIPWersja>2012-09-26T21:58:32+02:00</sln:gmIIPWersja><sln:gmIdTeryt>1434021</sln:gmIdTeryt><sln:gmNazwa>Marki</sln:gmNazwa><sln:miejscIIPId>2e346474-44c5-473b-adf5-93cf1125f3ea</sln:miejscIIPId><sln:miejscIIPPn>PL.PZGIK.200</sln:miejscIIPPn><sln:miejscIIPWersja>2016-11-24T13:14:49+02:00</sln:miejscIIPWersja><sln:miejscIdTeryt>0920901</sln:miejscIdTeryt><sln:miejscNazwa>Marki</sln:miejscNazwa><sln:miejscRodzaj>Miasto</sln:miejscRodzaj><sln:powIIPId>6a5d05b9-a6e5-4606-b5cb-f63c063ea45d</sln:powIIPId><sln:powIIPPn>PL.PZGIK.200</sln:powIIPPn><sln:powIIPWersja>2012-09-27T08:13:53+02:00</sln:powIIPWersja><sln:powIdTeryt>1434</sln:powIdTeryt><sln:powNazwa>wołomiński</sln:powNazwa><sln:waznyOd>2012-11-23T00:00:00+01:00</sln:waznyOd><sln:wojIIPId>4b6c492a-eb04-441d-a92a-f44359c06de7</sln:wojIIPId><sln:wojIIPPn>PL.PZGIK.200</sln:wojIIPPn><sln:wojIIPWersja>2012-09-27T13:45:13+02:00</sln:wojIIPWersja><sln:wojIdTeryt>14</sln:wojIdTeryt><sln:wojNazwa>mazowieckie</sln:wojNazwa></sln:miejscowosc><sln:miejscowosc><sln:cyklZyciaOd>2017-03-09T00:00:00+01:00</sln:cyklZyciaOd><sln:gmIIPId>c433923b-534a-4eb6-9fe1-aa0e21f7b824</sln:gmIIPId><sln:gmIIPPn>PL.PZGIK.200</sln:gmIIPPn><sln:gmIIPWersja>2012-09-26T21:58:32+02:00</sln:gmIIPWersja><sln:gmIdTeryt>1434021</sln:gmIdTeryt><sln:gmNazwa>Marki</sln:gmNazwa><sln:miejscIIPId>2e346474-44c5-473b-adf5-93cf1125f3ea</sln:miejscIIPId><sln:miejscIIPPn>PL.PZGIK.200</sln:miejscIIPPn><sln:miejscIIPWersja>2017-03-09T10:18:12+02:00</sln:miejscIIPWersja><sln:miejscIdTeryt>0920901</sln:miejscIdTeryt><sln:miejscNazwa>Marki</sln:miejscNazwa><sln:miejscRodzaj>Miasto</sln:miejscRodzaj><sln:powIIPId>6a5d05b9-a6e5-4606-b5cb-f63c063ea45d</sln:powIIPId><sln:powIIPPn>PL.PZGIK.200</sln:powIIPPn><sln:powIIPWersja>2012-09-27T08:13:53+02:00</sln:powIIPWersja><sln:powIdTeryt>1434</sln:powIdTeryt><sln:powNazwa>wołomiński</sln:powNazwa><sln:waznyOd>2012-11-23T00:00:00+01:00</sln:waznyOd><sln:wojIIPId>4b6c492a-eb04-441d-a92a-f44359c06de7</sln:wojIIPId><sln:wojIIPPn>PL.PZGIK.200</sln:wojIIPPn><sln:wojIIPWersja>2012-09-27T13:45:13+02:00</sln:wojIIPWersja><sln:wojIdTeryt>14</sln:wojIdTeryt><sln:wojNazwa>mazowieckie</sln:wojNazwa></sln:miejscowosc></sln:lista-miejscowosci>