<?xml version="1.0" encoding="UTF-8" standalone="yes"?><sln:lista-miejscowosci xmlns:srv="http://gugik.gov.pl/schemas/slowniki-service/1.0" xmlns:sln="http://gugik.gov.pl/schemas/slowniki-schema/1.0"><sln:miejscowosc><sln:cyklZyciaDo>2017-03-27T00:00:00+02:00</sln:cyklZyciaDo><sln:cyklZyciaOd>2016-01-27T00:00:00+01:00</sln:cyklZyciaOd><sln:gmIIPId>e19a5f72-fc81-4040-9498-edce6c7f4e28</sln:gmIIPId><sln:gmIIPPn>PL.PZGIK.200</sln:gmIIPPn><sln:gmIIPWersja>2012-09-26T22:52:17+02:00</sln:gmIIPWersja><sln:gmIdTeryt>1411011</sln:gmIdTeryt><sln:gmNazwa>Maków Mazowiecki</sln:gmNazwa><sln:miejscIIPId>977324ac-1505-459f-af05-623681dad82a</sln:miejscIIPId><sln:miejscIIPPn>PL.PZGIK.200</sln:miejscIIPPn><sln:miejscIIPWersja>2016-11-24T13:17:24+02:00</sln:miejscIIPWersja><sln:miejscIdTeryt>0966300</sln:miejscIdTeryt><sln:miejscNazwa>Maków Mazowiecki</sln:miejscNazwa><sln:miejscRodzaj>Miasto</sln:miejscRodzaj><sln:powIIPId>d0693248-930f-4838-b662-ac7137143bdf</sln:powIIPId><sln:powIIPPn>PL.PZGIK.200</sln:powIIPPn><sln:powIIPWersja>2012-09-27T08:13:53+02:00</sln:powIIPWersja><sln:powIdTeryt>1411</sln:powIdTeryt><sln:powNazwa>makowski</sln:powNazwa><sln:waznyOd>2016-01-08T00:00:00+01:00</sln:waznyOd><sln:wojIIPId>4b6c492a-eb04-441d-a92a-f44359c06de7</sln:wojIIPId><sln:wojIIPPn>PL.PZGIK.200</sln:wojIIPPn><sln:wojIIPWersja>2012-09-27T13:45:13+02:00</sln:wojIIPWersja><sln:wojIdTeryt>14</sln:wojIdTeryt><sln:wojNazwa>mazowieckie</sln:wojNazwa></sln:miejscowosc><sln:miejscowosc><sln:cyklZyciaOd>2017-03-27T00:00:00+02:00</sln:cyklZyciaOd><sln:gmIIPId>e19a5f72-fc81-4040-9498-edce6c7f4e28</sln:gmIIPId><sln:gmIIPPn>PL.PZGIK.200</sln:gmIIPPn><sln:gmIIPWersja>2012-09-26T22:52:17+02:00</sln:gmIIPWersja><sln:gmIdTeryt>1411011</sln:gmIdTeryt><sln:gmNazwa>Maków Mazowiecki</sln:gmNazwa><sln:miejscIIPId>977324ac-1505-459f-af05-623681dad82a</sln:miejscIIPId><sln:miejscIIPPn>PL.PZGIK.200</sln:miejscIIPPn><sln:miejscIIPWersja>2017-03-27T11:35:52+02:00</sln:miejscIIPWersja><sln:miejscIdTeryt>0966300</sln:miejscIdTeryt><sln:miejscNazwa>Maków Mazowiecki</sln:miejscNazwa><sln:miejscRodzaj>Miasto</sln:miejscRodzaj><sln:powIIPId>d0693248-930f-4838-b662-ac7137143bdf</sln:powIIPId><sln:powIIPPn>PL.PZGIK.200</sln:powIIPPn><sln:powIIPWersja>2012-09-27T08:13:53+02:00</sln:powIIPWersja><sln:powIdTeryt>1411</sln:powIdTeryt><sln:powNazwa>makowski</sln:powNazwa><sln:waznyOd>2016-01-08T00:00:00+01:00</sln:waznyOd><sln:wojIIPId>4b6c492a-eb04-441d-a92a-f44359c06de7</sln:wojIIPId><sln:wojIIPPn>PL.PZGIK.200</sln:wojIIPPn><sln:wojIIPWersja>2012-09-27T13:45:13+02:00</sln:wojIIPWersja><sln:wojIdTeryt>14</sln:wojIdTeryt><sln:wojNazwa>mazowieckie</sln:wojNazwa></sln:miejscowosc></sln:lista-miejscowosci>