<?xml version="1.0" encoding="UTF-8" standalone="yes"?><sln:lista-miejscowosci xmlns:srv="http://gugik.gov.pl/schemas/slowniki-service/1.0" xmlns:sln="http://gugik.gov.pl/schemas/slowniki-schema/1.0"><sln:miejscowosc><sln:cyklZyciaDo>2017-03-24T00:00:00+01:00</sln:cyklZyciaDo><sln:cyklZyciaOd>2014-12-11T00:00:00+01:00</sln:cyklZyciaOd><sln:gmIIPId>5bf5fb09-271b-4258-b3f0-905c6e7118a1</sln:gmIIPId><sln:gmIIPPn>PL.PZGIK.200</sln:gmIIPPn><sln:gmIIPWersja>2012-09-26T21:56:29+02:00</sln:gmIIPWersja><sln:gmIdTeryt>1425042</sln:gmIdTeryt><sln:gmNazwa>Jastrzębia</sln:gmNazwa><sln:miejscIIPId>7c38bd60-2423-45a3-9c5e-24812d6fade3</sln:miejscIIPId><sln:miejscIIPPn>PL.PZGIK.200</sln:miejscIIPPn><sln:miejscIIPWersja>2016-11-24T13:56:05+02:00</sln:miejscIIPWersja><sln:miejscIdTeryt>0624278</sln:miejscIdTeryt><sln:miejscNazwa>Pacyna</sln:miejscNazwa><sln:miejscRodzaj>Inny obiekt</sln:miejscRodzaj><sln:powIIPId>3bed0908-7bc7-4981-89d9-c3a9075e317c</sln:powIIPId><sln:powIIPPn>PL.PZGIK.200</sln:powIIPPn><sln:powIIPWersja>2012-09-27T08:13:53+02:00</sln:powIIPWersja><sln:powIdTeryt>1425</sln:powIdTeryt><sln:powNazwa>radomski</sln:powNazwa><sln:wojIIPId>4b6c492a-eb04-441d-a92a-f44359c06de7</sln:wojIIPId><sln:wojIIPPn>PL.PZGIK.200</sln:wojIIPPn><sln:wojIIPWersja>2012-09-27T13:45:13+02:00</sln:wojIIPWersja><sln:wojIdTeryt>14</sln:wojIdTeryt><sln:wojNazwa>mazowieckie</sln:wojNazwa></sln:miejscowosc><sln:miejscowosc><sln:cyklZyciaDo>2017-03-24T00:00:00+01:00</sln:cyklZyciaDo><sln:cyklZyciaOd>2014-12-11T00:00:00+01:00</sln:cyklZyciaOd><sln:gmIIPId>5bf5fb09-271b-4258-b3f0-905c6e7118a1</sln:gmIIPId><sln:gmIIPPn>PL.PZGIK.200</sln:gmIIPPn><sln:gmIIPWersja>2012-09-26T21:56:29+02:00</sln:gmIIPWersja><sln:gmIdTeryt>1425042</sln:gmIdTeryt><sln:gmNazwa>Jastrzębia</sln:gmNazwa><sln:miejscIIPId>f4fd8721-ac68-446e-a764-86a07a96b6d9</sln:miejscIIPId><sln:miejscIIPPn>PL.PZGIK.200</sln:miejscIIPPn><sln:miejscIIPWersja>2016-11-24T13:44:46+02:00</sln:miejscIIPWersja><sln:miejscIdTeryt>0624166</sln:miejscIdTeryt><sln:miejscNazwa>Karolów</sln:miejscNazwa><sln:miejscRodzaj>Inny obiekt</sln:miejscRodzaj><sln:powIIPId>3bed0908-7bc7-4981-89d9-c3a9075e317c</sln:powIIPId><sln:powIIPPn>PL.PZGIK.200</sln:powIIPPn><sln:powIIPWersja>2012-09-27T08:13:53+02:00</sln:powIIPWersja><sln:powIdTeryt>1425</sln:powIdTeryt><sln:powNazwa>radomski</sln:powNazwa><sln:wojIIPId>4b6c492a-eb04-441d-a92a-f44359c06de7</sln:wojIIPId><sln:wojIIPPn>PL.PZGIK.200</sln:wojIIPPn><sln:wojIIPWersja>2012-09-27T13:45:13+02:00</sln:wojIIPWersja><sln:wojIdTeryt>14</sln:wojIdTeryt><sln:wojNazwa>mazowieckie</sln:wojNazwa></sln:miejscowosc><sln:miejscowosc><sln:cyklZyciaDo>2017-03-24T00:00:00+01:00</sln:cyklZyciaDo><sln:cyklZyciaOd>2014-12-11T00:00:00+01:00</sln:cyklZyciaOd><sln:gmIIPId>5bf5fb09-271b-4258-b3f0-905c6e7118a1</sln:gmIIPId><sln:gmIIPPn>PL.PZGIK.200</sln:gmIIPPn><sln:gmIIPWersja>2012-09-26T21:56:29+02:00</sln:gmIIPWersja><sln:gmIdTeryt>1425042</sln:gmIdTeryt><sln:gmNazwa>Jastrzębia</sln:gmNazwa><sln:miejscIIPId>4b677aa6-a836-4008-96ad-ac2bc7af7ce2</sln:miejscIIPId><sln:miejscIIPPn>PL.PZGIK.200</sln:miejscIIPPn><sln:miejscIIPWersja>2016-11-24T13:53:47+02:00</sln:miejscIIPWersja><sln:miejscIdTeryt>0624137</sln:miejscIdTeryt><sln:miejscNazwa>Borki Bartodziejskie</sln:miejscNazwa><sln:miejscRodzaj>Inny obiekt</sln:miejscRodzaj><sln:powIIPId>3bed0908-7bc7-4981-89d9-c3a9075e317c</sln:powIIPId><sln:powIIPPn>PL.PZGIK.200</sln:powIIPPn><sln:powIIPWersja>2012-09-27T08:13:53+02:00</sln:powIIPWersja><sln:powIdTeryt>1425</sln:powIdTeryt><sln:powNazwa>radomski</sln:powNazwa><sln:wojIIPId>4b6c492a-eb04-441d-a92a-f44359c06de7</sln:wojIIPId><sln:wojIIPPn>PL.PZGIK.200</sln:wojIIPPn><sln:wojIIPWersja>2012-09-27T13:45:13+02:00</sln:wojIIPWersja><sln:wojIdTeryt>14</sln:wojIdTeryt><sln:wojNazwa>mazowieckie</sln:wojNazwa></sln:miejscowosc><sln:miejscowosc><sln:cyklZyciaDo>2017-03-24T00:00:00+01:00</sln:cyklZyciaDo><sln:cyklZyciaOd>2014-12-11T00:00:00+01:00</sln:cyklZyciaOd><sln:gmIIPId>5bf5fb09-271b-4258-b3f0-905c6e7118a1</sln:gmIIPId><sln:gmIIPPn>PL.PZGIK.200</sln:gmIIPPn><sln:gmIIPWersja>2012-09-26T21:56:29+02:00</sln:gmIIPWersja><sln:gmIdTeryt>1425042</sln:gmIdTeryt><sln:gmNazwa>Jastrzębia</sln:gmNazwa><sln:miejscIIPId>62f8e014-2e63-4035-8038-933ea36d0b03</sln:miejscIIPId><sln:miejscIIPPn>PL.PZGIK.200</sln:miejscIIPPn><sln:miejscIIPWersja>2016-11-24T13:53:47+02:00</sln:miejscIIPWersja><sln:miejscIdTeryt>0624143</sln:miejscIdTeryt><sln:miejscNazwa>Stara Wieś</sln:miejscNazwa><sln:miejscRodzaj>Inny obiekt</sln:miejscRodzaj><sln:powIIPId>3bed0908-7bc7-4981-89d9-c3a9075e317c</sln:powIIPId><sln:powIIPPn>PL.PZGIK.200</sln:powIIPPn><sln:powIIPWersja>2012-09-27T08:13:53+02:00</sln:powIIPWersja><sln:powIdTeryt>1425</sln:powIdTeryt><sln:powNazwa>radomski</sln:powNazwa><sln:wojIIPId>4b6c492a-eb04-441d-a92a-f44359c06de7</sln:wojIIPId><sln:wojIIPPn>PL.PZGIK.200</sln:wojIIPPn><sln:wojIIPWersja>2012-09-27T13:45:13+02:00</sln:wojIIPWersja><sln:wojIdTeryt>14</sln:wojIdTeryt><sln:wojNazwa>mazowieckie</sln:wojNazwa></sln:miejscowosc><sln:miejscowosc><sln:cyklZyciaDo>2017-03-24T00:00:00+01:00</sln:cyklZyciaDo><sln:cyklZyciaOd>2014-12-11T00:00:00+01:00</sln:cyklZyciaOd><sln:gmIIPId>5bf5fb09-271b-4258-b3f0-905c6e7118a1</sln:gmIIPId><sln:gmIIPPn>PL.PZGIK.200</sln:gmIIPPn><sln:gmIIPWersja>2012-09-26T21:56:29+02:00</sln:gmIIPWersja><sln:gmIdTeryt>1425042</sln:gmIdTeryt><sln:gmNazwa>Jastrzębia</sln:gmNazwa><sln:miejscIIPId>b1b0e751-795f-4eaf-8405-a7d317df8be1</sln:miejscIIPId><sln:miejscIIPPn>PL.PZGIK.200</sln:miejscIIPPn><sln:miejscIIPWersja>2016-11-24T13:57:41+02:00</sln:miejscIIPWersja><sln:miejscIdTeryt>0624427</sln:miejscIdTeryt><sln:miejscNazwa>Zadulowa</sln:miejscNazwa><sln:miejscRodzaj>Inny obiekt</sln:miejscRodzaj><sln:powIIPId>3bed0908-7bc7-4981-89d9-c3a9075e317c</sln:powIIPId><sln:powIIPPn>PL.PZGIK.200</sln:powIIPPn><sln:powIIPWersja>2012-09-27T08:13:53+02:00</sln:powIIPWersja><sln:powIdTeryt>1425</sln:powIdTeryt><sln:powNazwa>radomski</sln:powNazwa><sln:wojIIPId>4b6c492a-eb04-441d-a92a-f44359c06de7</sln:wojIIPId><sln:wojIIPPn>PL.PZGIK.200</sln:wojIIPPn><sln:wojIIPWersja>2012-09-27T13:45:13+02:00</sln:wojIIPWersja><sln:wojIdTeryt>14</sln:wojIdTeryt><sln:wojNazwa>mazowieckie</sln:wojNazwa></sln:miejscowosc><sln:miejscowosc><sln:cyklZyciaDo>2017-03-24T00:00:00+01:00</sln:cyklZyciaDo><sln:cyklZyciaOd>2014-12-11T00:00:00+01:00</sln:cyklZyciaOd><sln:gmIIPId>5bf5fb09-271b-4258-b3f0-905c6e7118a1</sln:gmIIPId><sln:gmIIPPn>PL.PZGIK.200</sln:gmIIPPn><sln:gmIIPWersja>2012-09-26T21:56:29+02:00</sln:gmIIPWersja><sln:gmIdTeryt>1425042</sln:gmIdTeryt><sln:gmNazwa>Jastrzębia</sln:gmNazwa><sln:miejscIIPId>33a136b8-eff9-4523-aefb-26f76c19764c</sln:miejscIIPId><sln:miejscIIPPn>PL.PZGIK.200</sln:miejscIIPPn><sln:miejscIIPWersja>2016-11-24T13:57:41+02:00</sln:miejscIIPWersja><sln:miejscIdTeryt>0624410</sln:miejscIdTeryt><sln:miejscNazwa>Gać</sln:miejscNazwa><sln:miejscRodzaj>Inny obiekt</sln:miejscRodzaj><sln:powIIPId>3bed0908-7bc7-4981-89d9-c3a9075e317c</sln:powIIPId><sln:powIIPPn>PL.PZGIK.200</sln:powIIPPn><sln:powIIPWersja>2012-09-27T08:13:53+02:00</sln:powIIPWersja><sln:powIdTeryt>1425</sln:powIdTeryt><sln:powNazwa>radomski</sln:powNazwa><sln:wojIIPId>4b6c492a-eb04-441d-a92a-f44359c06de7</sln:wojIIPId><sln:wojIIPPn>PL.PZGIK.200</sln:wojIIPPn><sln:wojIIPWersja>2012-09-27T13:45:13+02:00</sln:wojIIPWersja><sln:wojIdTeryt>14</sln:wojIdTeryt><sln:wojNazwa>mazowieckie</sln:wojNazwa></sln:miejscowosc><sln:miejscowosc><sln:cyklZyciaDo>2017-03-24T00:00:00+01:00</sln:cyklZyciaDo><sln:cyklZyciaOd>2014-12-11T00:00:00+01:00</sln:cyklZyciaOd><sln:gmIIPId>5bf5fb09-271b-4258-b3f0-905c6e7118a1</sln:gmIIPId><sln:gmIIPPn>PL.PZGIK.200</sln:gmIIPPn><sln:gmIIPWersja>2012-09-26T21:56:29+02:00</sln:gmIIPWersja><sln:gmIdTeryt>1425042</sln:gmIdTeryt><sln:gmNazwa>Jastrzębia</sln:gmNazwa><sln:miejscIIPId>326ee838-573f-4ab5-9d1d-15a7ed6bbbf5</sln:miejscIIPId><sln:miejscIIPPn>PL.PZGIK.200</sln:miejscIIPPn><sln:miejscIIPWersja>2016-11-24T13:43:20+02:00</sln:miejscIIPWersja><sln:miejscIdTeryt>3016473</sln:miejscIdTeryt><sln:miejscNazwa>Nowe Mąkosy</sln:miejscNazwa><sln:miejscRodzaj>Inny obiekt</sln:miejscRodzaj><sln:powIIPId>3bed0908-7bc7-4981-89d9-c3a9075e317c</sln:powIIPId><sln:powIIPPn>PL.PZGIK.200</sln:powIIPPn><sln:powIIPWersja>2012-09-27T08:13:53+02:00</sln:powIIPWersja><sln:powIdTeryt>1425</sln:powIdTeryt><sln:powNazwa>radomski</sln:powNazwa><sln:wojIIPId>4b6c492a-eb04-441d-a92a-f44359c06de7</sln:wojIIPId><sln:wojIIPPn>PL.PZGIK.200</sln:wojIIPPn><sln:wojIIPWersja>2012-09-27T13:45:13+02:00</sln:wojIIPWersja><sln:wojIdTeryt>14</sln:wojIdTeryt><sln:wojNazwa>mazowieckie</sln:wojNazwa></sln:miejscowosc><sln:miejscowosc><sln:cyklZyciaDo>2017-03-24T00:00:00+01:00</sln:cyklZyciaDo><sln:cyklZyciaOd>2014-12-11T00:00:00+01:00</sln:cyklZyciaOd><sln:gmIIPId>5bf5fb09-271b-4258-b3f0-905c6e7118a1</sln:gmIIPId><sln:gmIIPPn>PL.PZGIK.200</sln:gmIIPPn><sln:gmIIPWersja>2012-09-26T21:56:29+02:00</sln:gmIIPWersja><sln:gmIdTeryt>1425042</sln:gmIdTeryt><sln:gmNazwa>Jastrzębia</sln:gmNazwa><sln:miejscIIPId>f68eca5b-5f17-48fb-89b0-8458bda3af9a</sln:miejscIIPId><sln:miejscIIPPn>PL.PZGIK.200</sln:miejscIIPPn><sln:miejscIIPWersja>2016-11-24T13:42:06+02:00</sln:miejscIIPWersja><sln:miejscIdTeryt>0624404</sln:miejscIdTeryt><sln:miejscNazwa>Mąkosy Stare</sln:miejscNazwa><sln:miejscRodzaj>Wieś</sln:miejscRodzaj><sln:powIIPId>3bed0908-7bc7-4981-89d9-c3a9075e317c</sln:powIIPId><sln:powIIPPn>PL.PZGIK.200</sln:powIIPPn><sln:powIIPWersja>2012-09-27T08:13:53+02:00</sln:powIIPWersja><sln:powIdTeryt>1425</sln:powIdTeryt><sln:powNazwa>radomski</sln:powNazwa><sln:wojIIPId>4b6c492a-eb04-441d-a92a-f44359c06de7</sln:wojIIPId><sln:wojIIPPn>PL.PZGIK.200</sln:wojIIPPn><sln:wojIIPWersja>2012-09-27T13:45:13+02:00</sln:wojIIPWersja><sln:wojIdTeryt>14</sln:wojIdTeryt><sln:wojNazwa>mazowieckie</sln:wojNazwa></sln:miejscowosc><sln:miejscowosc><sln:cyklZyciaDo>2017-03-24T00:00:00+01:00</sln:cyklZyciaDo><sln:cyklZyciaOd>2014-12-11T00:00:00+01:00</sln:cyklZyciaOd><sln:gmIIPId>5bf5fb09-271b-4258-b3f0-905c6e7118a1</sln:gmIIPId><sln:gmIIPPn>PL.PZGIK.200</sln:gmIIPPn><sln:gmIIPWersja>2012-09-26T21:56:29+02:00</sln:gmIIPWersja><sln:gmIdTeryt>1425042</sln:gmIdTeryt><sln:gmNazwa>Jastrzębia</sln:gmNazwa><sln:miejscIIPId>0e9fd3be-cab5-44f9-bd8e-7bb3674d4a35</sln:miejscIIPId><sln:miejscIIPPn>PL.PZGIK.200</sln:miejscIIPPn><sln:miejscIIPWersja>2016-11-24T13:33:47+02:00</sln:miejscIIPWersja><sln:miejscIdTeryt>0624516</sln:miejscIdTeryt><sln:miejscNazwa>Wólka Lesiowska</sln:miejscNazwa><sln:miejscRodzaj>Wieś</sln:miejscRodzaj><sln:powIIPId>3bed0908-7bc7-4981-89d9-c3a9075e317c</sln:powIIPId><sln:powIIPPn>PL.PZGIK.200</sln:powIIPPn><sln:powIIPWersja>2012-09-27T08:13:53+02:00</sln:powIIPWersja><sln:powIdTeryt>1425</sln:powIdTeryt><sln:powNazwa>radomski</sln:powNazwa><sln:wojIIPId>4b6c492a-eb04-441d-a92a-f44359c06de7</sln:wojIIPId><sln:wojIIPPn>PL.PZGIK.200</sln:wojIIPPn><sln:wojIIPWersja>2012-09-27T13:45:13+02:00</sln:wojIIPWersja><sln:wojIdTeryt>14</sln:wojIdTeryt><sln:wojNazwa>mazowieckie</sln:wojNazwa></sln:miejscowosc><sln:miejscowosc><sln:cyklZyciaDo>2017-03-24T00:00:00+01:00</sln:cyklZyciaDo><sln:cyklZyciaOd>2014-12-11T00:00:00+01:00</sln:cyklZyciaOd><sln:gmIIPId>5bf5fb09-271b-4258-b3f0-905c6e7118a1</sln:gmIIPId><sln:gmIIPPn>PL.PZGIK.200</sln:gmIIPPn><sln:gmIIPWersja>2012-09-26T21:56:29+02:00</sln:gmIIPWersja><sln:gmIdTeryt>1425042</sln:gmIdTeryt><sln:gmNazwa>Jastrzębia</sln:gmNazwa><sln:miejscIIPId>a8105649-3508-493d-a3ee-1eca76f10017</sln:miejscIIPId><sln:miejscIIPPn>PL.PZGIK.200</sln:miejscIIPPn><sln:miejscIIPWersja>2016-11-24T13:38:37+02:00</sln:miejscIIPWersja><sln:miejscIdTeryt>0624249</sln:miejscIdTeryt><sln:miejscNazwa>Jastrzębia</sln:miejscNazwa><sln:miejscRodzaj>Wieś</sln:miejscRodzaj><sln:powIIPId>3bed0908-7bc7-4981-89d9-c3a9075e317c</sln:powIIPId><sln:powIIPPn>PL.PZGIK.200</sln:powIIPPn><sln:powIIPWersja>2012-09-27T08:13:53+02:00</sln:powIIPWersja><sln:powIdTeryt>1425</sln:powIdTeryt><sln:powNazwa>radomski</sln:powNazwa><sln:wojIIPId>4b6c492a-eb04-441d-a92a-f44359c06de7</sln:wojIIPId><sln:wojIIPPn>PL.PZGIK.200</sln:wojIIPPn><sln:wojIIPWersja>2012-09-27T13:45:13+02:00</sln:wojIIPWersja><sln:wojIdTeryt>14</sln:wojIdTeryt><sln:wojNazwa>mazowieckie</sln:wojNazwa></sln:miejscowosc><sln:miejscowosc><sln:cyklZyciaDo>2017-03-24T00:00:00+01:00</sln:cyklZyciaDo><sln:cyklZyciaOd>2014-12-11T00:00:00+01:00</sln:cyklZyciaOd><sln:gmIIPId>5bf5fb09-271b-4258-b3f0-905c6e7118a1</sln:gmIIPId><sln:gmIIPPn>PL.PZGIK.200</sln:gmIIPPn><sln:gmIIPWersja>2012-09-26T21:56:29+02:00</sln:gmIIPWersja><sln:gmIdTeryt>1425042</sln:gmIdTeryt><sln:gmNazwa>Jastrzębia</sln:gmNazwa><sln:miejscIIPId>0c4e095e-68c9-4306-b3cf-551e1d92fd7e</sln:miejscIIPId><sln:miejscIIPPn>PL.PZGIK.200</sln:miejscIIPPn><sln:miejscIIPWersja>2016-11-24T13:44:20+02:00</sln:miejscIIPWersja><sln:miejscIdTeryt>0624373</sln:miejscIdTeryt><sln:miejscNazwa>Owadów</sln:miejscNazwa><sln:miejscRodzaj>Wieś</sln:miejscRodzaj><sln:powIIPId>3bed0908-7bc7-4981-89d9-c3a9075e317c</sln:powIIPId><sln:powIIPPn>PL.PZGIK.200</sln:powIIPPn><sln:powIIPWersja>2012-09-27T08:13:53+02:00</sln:powIIPWersja><sln:powIdTeryt>1425</sln:powIdTeryt><sln:powNazwa>radomski</sln:powNazwa><sln:wojIIPId>4b6c492a-eb04-441d-a92a-f44359c06de7</sln:wojIIPId><sln:wojIIPPn>PL.PZGIK.200</sln:wojIIPPn><sln:wojIIPWersja>2012-09-27T13:45:13+02:00</sln:wojIIPWersja><sln:wojIdTeryt>14</sln:wojIdTeryt><sln:wojNazwa>mazowieckie</sln:wojNazwa></sln:miejscowosc><sln:miejscowosc><sln:cyklZyciaDo>2017-03-24T00:00:00+01:00</sln:cyklZyciaDo><sln:cyklZyciaOd>2014-12-11T00:00:00+01:00</sln:cyklZyciaOd><sln:gmIIPId>5bf5fb09-271b-4258-b3f0-905c6e7118a1</sln:gmIIPId><sln:gmIIPPn>PL.PZGIK.200</sln:gmIIPPn><sln:gmIIPWersja>2012-09-26T21:56:29+02:00</sln:gmIIPWersja><sln:gmIdTeryt>1425042</sln:gmIdTeryt><sln:gmNazwa>Jastrzębia</sln:gmNazwa><sln:miejscIIPId>f23d1a11-1e04-4635-825e-c695520bbb14</sln:miejscIIPId><sln:miejscIIPPn>PL.PZGIK.200</sln:miejscIIPPn><sln:miejscIIPWersja>2016-11-24T13:37:03+02:00</sln:miejscIIPWersja><sln:miejscIdTeryt>0624108</sln:miejscIdTeryt><sln:miejscNazwa>Bartodzieje</sln:miejscNazwa><sln:miejscRodzaj>Wieś</sln:miejscRodzaj><sln:powIIPId>3bed0908-7bc7-4981-89d9-c3a9075e317c</sln:powIIPId><sln:powIIPPn>PL.PZGIK.200</sln:powIIPPn><sln:powIIPWersja>2012-09-27T08:13:53+02:00</sln:powIIPWersja><sln:powIdTeryt>1425</sln:powIdTeryt><sln:powNazwa>radomski</sln:powNazwa><sln:wojIIPId>4b6c492a-eb04-441d-a92a-f44359c06de7</sln:wojIIPId><sln:wojIIPPn>PL.PZGIK.200</sln:wojIIPPn><sln:wojIIPWersja>2012-09-27T13:45:13+02:00</sln:wojIIPWersja><sln:wojIdTeryt>14</sln:wojIdTeryt><sln:wojNazwa>mazowieckie</sln:wojNazwa></sln:miejscowosc><sln:miejscowosc><sln:cyklZyciaDo>2017-03-24T00:00:00+01:00</sln:cyklZyciaDo><sln:cyklZyciaOd>2014-12-11T00:00:00+01:00</sln:cyklZyciaOd><sln:gmIIPId>5bf5fb09-271b-4258-b3f0-905c6e7118a1</sln:gmIIPId><sln:gmIIPPn>PL.PZGIK.200</sln:gmIIPPn><sln:gmIIPWersja>2012-09-26T21:56:29+02:00</sln:gmIIPWersja><sln:gmIdTeryt>1425042</sln:gmIdTeryt><sln:gmNazwa>Jastrzębia</sln:gmNazwa><sln:miejscIIPId>74b6bc5e-6421-4be3-b8b7-dfc09013bf36</sln:miejscIIPId><sln:miejscIIPPn>PL.PZGIK.200</sln:miejscIIPPn><sln:miejscIIPWersja>2016-11-24T13:57:41+02:00</sln:miejscIIPWersja><sln:miejscIdTeryt>0624338</sln:miejscIdTeryt><sln:miejscNazwa>Jodłowiec</sln:miejscNazwa><sln:miejscRodzaj>Inny obiekt</sln:miejscRodzaj><sln:powIIPId>3bed0908-7bc7-4981-89d9-c3a9075e317c</sln:powIIPId><sln:powIIPPn>PL.PZGIK.200</sln:powIIPPn><sln:powIIPWersja>2012-09-27T08:13:53+02:00</sln:powIIPWersja><sln:powIdTeryt>1425</sln:powIdTeryt><sln:powNazwa>radomski</sln:powNazwa><sln:wojIIPId>4b6c492a-eb04-441d-a92a-f44359c06de7</sln:wojIIPId><sln:wojIIPPn>PL.PZGIK.200</sln:wojIIPPn><sln:wojIIPWersja>2012-09-27T13:45:13+02:00</sln:wojIIPWersja><sln:wojIdTeryt>14</sln:wojIdTeryt><sln:wojNazwa>mazowieckie</sln:wojNazwa></sln:miejscowosc><sln:miejscowosc><sln:cyklZyciaDo>2017-03-24T00:00:00+01:00</sln:cyklZyciaDo><sln:cyklZyciaOd>2014-12-11T00:00:00+01:00</sln:cyklZyciaOd><sln:gmIIPId>5bf5fb09-271b-4258-b3f0-905c6e7118a1</sln:gmIIPId><sln:gmIIPPn>PL.PZGIK.200</sln:gmIIPPn><sln:gmIIPWersja>2012-09-26T21:56:29+02:00</sln:gmIIPWersja><sln:gmIdTeryt>1425042</sln:gmIdTeryt><sln:gmNazwa>Jastrzębia</sln:gmNazwa><sln:miejscIIPId>38ad806c-6e90-4209-acde-832a0ba9b1c5</sln:miejscIIPId><sln:miejscIIPPn>PL.PZGIK.200</sln:miejscIIPPn><sln:miejscIIPWersja>2016-11-24T13:42:06+02:00</sln:miejscIIPWersja><sln:miejscIdTeryt>0624321</sln:miejscIdTeryt><sln:miejscNazwa>Mąkosy Nowe</sln:miejscNazwa><sln:miejscRodzaj>Wieś</sln:miejscRodzaj><sln:powIIPId>3bed0908-7bc7-4981-89d9-c3a9075e317c</sln:powIIPId><sln:powIIPPn>PL.PZGIK.200</sln:powIIPPn><sln:powIIPWersja>2012-09-27T08:13:53+02:00</sln:powIIPWersja><sln:powIdTeryt>1425</sln:powIdTeryt><sln:powNazwa>radomski</sln:powNazwa><sln:wojIIPId>4b6c492a-eb04-441d-a92a-f44359c06de7</sln:wojIIPId><sln:wojIIPPn>PL.PZGIK.200</sln:wojIIPPn><sln:wojIIPWersja>2012-09-27T13:45:13+02:00</sln:wojIIPWersja><sln:wojIdTeryt>14</sln:wojIdTeryt><sln:wojNazwa>mazowieckie</sln:wojNazwa></sln:miejscowosc><sln:miejscowosc><sln:cyklZyciaDo>2017-03-24T00:00:00+01:00</sln:cyklZyciaDo><sln:cyklZyciaOd>2014-12-11T00:00:00+01:00</sln:cyklZyciaOd><sln:gmIIPId>5bf5fb09-271b-4258-b3f0-905c6e7118a1</sln:gmIIPId><sln:gmIIPPn>PL.PZGIK.200</sln:gmIIPPn><sln:gmIIPWersja>2012-09-26T21:56:29+02:00</sln:gmIIPWersja><sln:gmIdTeryt>1425042</sln:gmIdTeryt><sln:gmNazwa>Jastrzębia</sln:gmNazwa><sln:miejscIIPId>c96abe02-859b-40e8-ae59-e4943d9d280e</sln:miejscIIPId><sln:miejscIIPPn>PL.PZGIK.200</sln:miejscIIPPn><sln:miejscIIPWersja>2016-11-24T13:33:29+02:00</sln:miejscIIPWersja><sln:miejscIdTeryt>0624433</sln:miejscIdTeryt><sln:miejscNazwa>Wojciechów</sln:miejscNazwa><sln:miejscRodzaj>Wieś</sln:miejscRodzaj><sln:powIIPId>3bed0908-7bc7-4981-89d9-c3a9075e317c</sln:powIIPId><sln:powIIPPn>PL.PZGIK.200</sln:powIIPPn><sln:powIIPWersja>2012-09-27T08:13:53+02:00</sln:powIIPWersja><sln:powIdTeryt>1425</sln:powIdTeryt><sln:powNazwa>radomski</sln:powNazwa><sln:wojIIPId>4b6c492a-eb04-441d-a92a-f44359c06de7</sln:wojIIPId><sln:wojIIPPn>PL.PZGIK.200</sln:wojIIPPn><sln:wojIIPWersja>2012-09-27T13:45:13+02:00</sln:wojIIPWersja><sln:wojIdTeryt>14</sln:wojIdTeryt><sln:wojNazwa>mazowieckie</sln:wojNazwa></sln:miejscowosc><sln:miejscowosc><sln:cyklZyciaDo>2017-03-24T00:00:00+01:00</sln:cyklZyciaDo><sln:cyklZyciaOd>2014-12-11T00:00:00+01:00</sln:cyklZyciaOd><sln:gmIIPId>5bf5fb09-271b-4258-b3f0-905c6e7118a1</sln:gmIIPId><sln:gmIIPPn>PL.PZGIK.200</sln:gmIIPPn><sln:gmIIPWersja>2012-09-26T21:56:29+02:00</sln:gmIIPWersja><sln:gmIdTeryt>1425042</sln:gmIdTeryt><sln:gmNazwa>Jastrzębia</sln:gmNazwa><sln:miejscIIPId>800da3af-eaa4-4717-8d62-ffc4edc87552</sln:miejscIIPId><sln:miejscIIPPn>PL.PZGIK.200</sln:miejscIIPPn><sln:miejscIIPWersja>2016-11-24T13:28:11+02:00</sln:miejscIIPWersja><sln:miejscIdTeryt>0624150</sln:miejscIdTeryt><sln:miejscNazwa>Brody</sln:miejscNazwa><sln:miejscRodzaj>Wieś</sln:miejscRodzaj><sln:powIIPId>3bed0908-7bc7-4981-89d9-c3a9075e317c</sln:powIIPId><sln:powIIPPn>PL.PZGIK.200</sln:powIIPPn><sln:powIIPWersja>2012-09-27T08:13:53+02:00</sln:powIIPWersja><sln:powIdTeryt>1425</sln:powIdTeryt><sln:powNazwa>radomski</sln:powNazwa><sln:wojIIPId>4b6c492a-eb04-441d-a92a-f44359c06de7</sln:wojIIPId><sln:wojIIPPn>PL.PZGIK.200</sln:wojIIPPn><sln:wojIIPWersja>2012-09-27T13:45:13+02:00</sln:wojIIPWersja><sln:wojIdTeryt>14</sln:wojIdTeryt><sln:wojNazwa>mazowieckie</sln:wojNazwa></sln:miejscowosc><sln:miejscowosc><sln:cyklZyciaDo>2017-03-24T00:00:00+01:00</sln:cyklZyciaDo><sln:cyklZyciaOd>2014-12-11T00:00:00+01:00</sln:cyklZyciaOd><sln:gmIIPId>5bf5fb09-271b-4258-b3f0-905c6e7118a1</sln:gmIIPId><sln:gmIIPPn>PL.PZGIK.200</sln:gmIIPPn><sln:gmIIPWersja>2012-09-26T21:56:29+02:00</sln:gmIIPWersja><sln:gmIdTeryt>1425042</sln:gmIdTeryt><sln:gmNazwa>Jastrzębia</sln:gmNazwa><sln:miejscIIPId>8acddca2-2012-4a1e-9b5e-4c228aa93026</sln:miejscIIPId><sln:miejscIIPPn>PL.PZGIK.200</sln:miejscIIPPn><sln:miejscIIPWersja>2016-11-24T13:52:19+02:00</sln:miejscIIPWersja><sln:miejscIdTeryt>0624226</sln:miejscIdTeryt><sln:miejscNazwa>Nowy Kozłówek</sln:miejscNazwa><sln:miejscRodzaj>Inny obiekt</sln:miejscRodzaj><sln:powIIPId>3bed0908-7bc7-4981-89d9-c3a9075e317c</sln:powIIPId><sln:powIIPPn>PL.PZGIK.200</sln:powIIPPn><sln:powIIPWersja>2012-09-27T08:13:53+02:00</sln:powIIPWersja><sln:powIdTeryt>1425</sln:powIdTeryt><sln:powNazwa>radomski</sln:powNazwa><sln:wojIIPId>4b6c492a-eb04-441d-a92a-f44359c06de7</sln:wojIIPId><sln:wojIIPPn>PL.PZGIK.200</sln:wojIIPPn><sln:wojIIPWersja>2012-09-27T13:45:13+02:00</sln:wojIIPWersja><sln:wojIdTeryt>14</sln:wojIdTeryt><sln:wojNazwa>mazowieckie</sln:wojNazwa></sln:miejscowosc><sln:miejscowosc><sln:cyklZyciaDo>2017-03-24T00:00:00+01:00</sln:cyklZyciaDo><sln:cyklZyciaOd>2014-12-11T00:00:00+01:00</sln:cyklZyciaOd><sln:gmIIPId>5bf5fb09-271b-4258-b3f0-905c6e7118a1</sln:gmIIPId><sln:gmIIPPn>PL.PZGIK.200</sln:gmIIPPn><sln:gmIIPWersja>2012-09-26T21:56:29+02:00</sln:gmIIPWersja><sln:gmIdTeryt>1425042</sln:gmIdTeryt><sln:gmNazwa>Jastrzębia</sln:gmNazwa><sln:miejscIIPId>a05991f3-2c54-451c-9828-bf2e830dc930</sln:miejscIIPId><sln:miejscIIPPn>PL.PZGIK.200</sln:miejscIIPPn><sln:miejscIIPWersja>2016-11-24T13:56:39+02:00</sln:miejscIIPWersja><sln:miejscIdTeryt>0624290</sln:miejscIdTeryt><sln:miejscNazwa>Komorniki Lesiowskie</sln:miejscNazwa><sln:miejscRodzaj>Inny obiekt</sln:miejscRodzaj><sln:powIIPId>3bed0908-7bc7-4981-89d9-c3a9075e317c</sln:powIIPId><sln:powIIPPn>PL.PZGIK.200</sln:powIIPPn><sln:powIIPWersja>2012-09-27T08:13:53+02:00</sln:powIIPWersja><sln:powIdTeryt>1425</sln:powIdTeryt><sln:powNazwa>radomski</sln:powNazwa><sln:wojIIPId>4b6c492a-eb04-441d-a92a-f44359c06de7</sln:wojIIPId><sln:wojIIPPn>PL.PZGIK.200</sln:wojIIPPn><sln:wojIIPWersja>2012-09-27T13:45:13+02:00</sln:wojIIPWersja><sln:wojIdTeryt>14</sln:wojIdTeryt><sln:wojNazwa>mazowieckie</sln:wojNazwa></sln:miejscowosc><sln:miejscowosc><sln:cyklZyciaDo>2017-03-24T00:00:00+01:00</sln:cyklZyciaDo><sln:cyklZyciaOd>2014-12-11T00:00:00+01:00</sln:cyklZyciaOd><sln:gmIIPId>5bf5fb09-271b-4258-b3f0-905c6e7118a1</sln:gmIIPId><sln:gmIIPPn>PL.PZGIK.200</sln:gmIIPPn><sln:gmIIPWersja>2012-09-26T21:56:29+02:00</sln:gmIIPWersja><sln:gmIdTeryt>1425042</sln:gmIdTeryt><sln:gmNazwa>Jastrzębia</sln:gmNazwa><sln:miejscIIPId>1e964c1e-db36-4c95-8677-c9a92ffa85df</sln:miejscIIPId><sln:miejscIIPPn>PL.PZGIK.200</sln:miejscIIPPn><sln:miejscIIPWersja>2016-11-24T13:52:19+02:00</sln:miejscIIPWersja><sln:miejscIdTeryt>0624195</sln:miejscIdTeryt><sln:miejscNazwa>Jastrzębskie Komorniki</sln:miejscNazwa><sln:miejscRodzaj>Inny obiekt</sln:miejscRodzaj><sln:powIIPId>3bed0908-7bc7-4981-89d9-c3a9075e317c</sln:powIIPId><sln:powIIPPn>PL.PZGIK.200</sln:powIIPPn><sln:powIIPWersja>2012-09-27T08:13:53+02:00</sln:powIIPWersja><sln:powIdTeryt>1425</sln:powIdTeryt><sln:powNazwa>radomski</sln:powNazwa><sln:wojIIPId>4b6c492a-eb04-441d-a92a-f44359c06de7</sln:wojIIPId><sln:wojIIPPn>PL.PZGIK.200</sln:wojIIPPn><sln:wojIIPWersja>2012-09-27T13:45:13+02:00</sln:wojIIPWersja><sln:wojIdTeryt>14</sln:wojIdTeryt><sln:wojNazwa>mazowieckie</sln:wojNazwa></sln:miejscowosc><sln:miejscowosc><sln:cyklZyciaDo>2017-03-24T00:00:00+01:00</sln:cyklZyciaDo><sln:cyklZyciaOd>2014-12-11T00:00:00+01:00</sln:cyklZyciaOd><sln:gmIIPId>5bf5fb09-271b-4258-b3f0-905c6e7118a1</sln:gmIIPId><sln:gmIIPPn>PL.PZGIK.200</sln:gmIIPPn><sln:gmIIPWersja>2012-09-26T21:56:29+02:00</sln:gmIIPWersja><sln:gmIdTeryt>1425042</sln:gmIdTeryt><sln:gmNazwa>Jastrzębia</sln:gmNazwa><sln:miejscIIPId>76a6081c-c0cd-475e-a403-81555d2d6ad8</sln:miejscIIPId><sln:miejscIIPPn>PL.PZGIK.200</sln:miejscIIPPn><sln:miejscIIPWersja>2016-11-24T13:43:55+02:00</sln:miejscIIPWersja><sln:miejscIdTeryt>0624344</sln:miejscIdTeryt><sln:miejscNazwa>Olszowa</sln:miejscNazwa><sln:miejscRodzaj>Wieś</sln:miejscRodzaj><sln:powIIPId>3bed0908-7bc7-4981-89d9-c3a9075e317c</sln:powIIPId><sln:powIIPPn>PL.PZGIK.200</sln:powIIPPn><sln:powIIPWersja>2012-09-27T08:13:53+02:00</sln:powIIPWersja><sln:powIdTeryt>1425</sln:powIdTeryt><sln:powNazwa>radomski</sln:powNazwa><sln:wojIIPId>4b6c492a-eb04-441d-a92a-f44359c06de7</sln:wojIIPId><sln:wojIIPPn>PL.PZGIK.200</sln:wojIIPPn><sln:wojIIPWersja>2012-09-27T13:45:13+02:00</sln:wojIIPWersja><sln:wojIdTeryt>14</sln:wojIdTeryt><sln:wojNazwa>mazowieckie</sln:wojNazwa></sln:miejscowosc><sln:miejscowosc><sln:cyklZyciaDo>2017-03-24T00:00:00+01:00</sln:cyklZyciaDo><sln:cyklZyciaOd>2014-12-11T00:00:00+01:00</sln:cyklZyciaOd><sln:gmIIPId>5bf5fb09-271b-4258-b3f0-905c6e7118a1</sln:gmIIPId><sln:gmIIPPn>PL.PZGIK.200</sln:gmIIPPn><sln:gmIIPWersja>2012-09-26T21:56:29+02:00</sln:gmIIPWersja><sln:gmIdTeryt>1425042</sln:gmIdTeryt><sln:gmNazwa>Jastrzębia</sln:gmNazwa><sln:miejscIIPId>bc3d04a9-c9e0-43d7-a7d5-1b2e553d41cc</sln:miejscIIPId><sln:miejscIIPPn>PL.PZGIK.200</sln:miejscIIPPn><sln:miejscIIPWersja>2016-11-24T13:59:00+02:00</sln:miejscIIPWersja><sln:miejscIdTeryt>0624350</sln:miejscIdTeryt><sln:miejscNazwa>Brodek</sln:miejscNazwa><sln:miejscRodzaj>Inny obiekt</sln:miejscRodzaj><sln:powIIPId>3bed0908-7bc7-4981-89d9-c3a9075e317c</sln:powIIPId><sln:powIIPPn>PL.PZGIK.200</sln:powIIPPn><sln:powIIPWersja>2012-09-27T08:13:53+02:00</sln:powIIPWersja><sln:powIdTeryt>1425</sln:powIdTeryt><sln:powNazwa>radomski</sln:powNazwa><sln:wojIIPId>4b6c492a-eb04-441d-a92a-f44359c06de7</sln:wojIIPId><sln:wojIIPPn>PL.PZGIK.200</sln:wojIIPPn><sln:wojIIPWersja>2012-09-27T13:45:13+02:00</sln:wojIIPWersja><sln:wojIdTeryt>14</sln:wojIdTeryt><sln:wojNazwa>mazowieckie</sln:wojNazwa></sln:miejscowosc><sln:miejscowosc><sln:cyklZyciaDo>2017-03-24T00:00:00+01:00</sln:cyklZyciaDo><sln:cyklZyciaOd>2014-12-11T00:00:00+01:00</sln:cyklZyciaOd><sln:gmIIPId>5bf5fb09-271b-4258-b3f0-905c6e7118a1</sln:gmIIPId><sln:gmIIPPn>PL.PZGIK.200</sln:gmIIPPn><sln:gmIIPWersja>2012-09-26T21:56:29+02:00</sln:gmIIPWersja><sln:gmIdTeryt>1425042</sln:gmIdTeryt><sln:gmNazwa>Jastrzębia</sln:gmNazwa><sln:miejscIIPId>b58a0d4a-1f73-4a8b-9a91-336648b9626c</sln:miejscIIPId><sln:miejscIIPPn>PL.PZGIK.200</sln:miejscIIPPn><sln:miejscIIPWersja>2016-11-24T13:50:20+02:00</sln:miejscIIPWersja><sln:miejscIdTeryt>0624485</sln:miejscIdTeryt><sln:miejscNazwa>Wolica</sln:miejscNazwa><sln:miejscRodzaj>Inny obiekt</sln:miejscRodzaj><sln:powIIPId>3bed0908-7bc7-4981-89d9-c3a9075e317c</sln:powIIPId><sln:powIIPPn>PL.PZGIK.200</sln:powIIPPn><sln:powIIPWersja>2012-09-27T08:13:53+02:00</sln:powIIPWersja><sln:powIdTeryt>1425</sln:powIdTeryt><sln:powNazwa>radomski</sln:powNazwa><sln:wojIIPId>4b6c492a-eb04-441d-a92a-f44359c06de7</sln:wojIIPId><sln:wojIIPPn>PL.PZGIK.200</sln:wojIIPPn><sln:wojIIPWersja>2012-09-27T13:45:13+02:00</sln:wojIIPWersja><sln:wojIdTeryt>14</sln:wojIdTeryt><sln:wojNazwa>mazowieckie</sln:wojNazwa></sln:miejscowosc><sln:miejscowosc><sln:cyklZyciaDo>2017-03-24T00:00:00+01:00</sln:cyklZyciaDo><sln:cyklZyciaOd>2014-12-11T00:00:00+01:00</sln:cyklZyciaOd><sln:gmIIPId>5bf5fb09-271b-4258-b3f0-905c6e7118a1</sln:gmIIPId><sln:gmIIPPn>PL.PZGIK.200</sln:gmIIPPn><sln:gmIIPWersja>2012-09-26T21:56:29+02:00</sln:gmIIPWersja><sln:gmIdTeryt>1425042</sln:gmIdTeryt><sln:gmNazwa>Jastrzębia</sln:gmNazwa><sln:miejscIIPId>e9e9c552-798f-416b-8bfc-a40a096813e6</sln:miejscIIPId><sln:miejscIIPPn>PL.PZGIK.200</sln:miejscIIPPn><sln:miejscIIPWersja>2016-11-24T13:33:43+02:00</sln:miejscIIPWersja><sln:miejscIdTeryt>0624491</sln:miejscIdTeryt><sln:miejscNazwa>Wolska Dąbrowa</sln:miejscNazwa><sln:miejscRodzaj>Wieś</sln:miejscRodzaj><sln:powIIPId>3bed0908-7bc7-4981-89d9-c3a9075e317c</sln:powIIPId><sln:powIIPPn>PL.PZGIK.200</sln:powIIPPn><sln:powIIPWersja>2012-09-27T08:13:53+02:00</sln:powIIPWersja><sln:powIdTeryt>1425</sln:powIdTeryt><sln:powNazwa>radomski</sln:powNazwa><sln:wojIIPId>4b6c492a-eb04-441d-a92a-f44359c06de7</sln:wojIIPId><sln:wojIIPPn>PL.PZGIK.200</sln:wojIIPPn><sln:wojIIPWersja>2012-09-27T13:45:13+02:00</sln:wojIIPWersja><sln:wojIdTeryt>14</sln:wojIdTeryt><sln:wojNazwa>mazowieckie</sln:wojNazwa></sln:miejscowosc><sln:miejscowosc><sln:cyklZyciaDo>2017-03-24T00:00:00+01:00</sln:cyklZyciaDo><sln:cyklZyciaOd>2014-12-11T00:00:00+01:00</sln:cyklZyciaOd><sln:gmIIPId>5bf5fb09-271b-4258-b3f0-905c6e7118a1</sln:gmIIPId><sln:gmIIPPn>PL.PZGIK.200</sln:gmIIPPn><sln:gmIIPWersja>2012-09-26T21:56:29+02:00</sln:gmIIPWersja><sln:gmIdTeryt>1425042</sln:gmIdTeryt><sln:gmNazwa>Jastrzębia</sln:gmNazwa><sln:miejscIIPId>45674184-7796-42fa-8896-89da18ecf683</sln:miejscIIPId><sln:miejscIIPPn>PL.PZGIK.200</sln:miejscIIPPn><sln:miejscIIPWersja>2016-11-24T13:59:00+02:00</sln:miejscIIPWersja><sln:miejscIdTeryt>0624367</sln:miejscIdTeryt><sln:miejscNazwa>Osowie</sln:miejscNazwa><sln:miejscRodzaj>Inny obiekt</sln:miejscRodzaj><sln:powIIPId>3bed0908-7bc7-4981-89d9-c3a9075e317c</sln:powIIPId><sln:powIIPPn>PL.PZGIK.200</sln:powIIPPn><sln:powIIPWersja>2012-09-27T08:13:53+02:00</sln:powIIPWersja><sln:powIdTeryt>1425</sln:powIdTeryt><sln:powNazwa>radomski</sln:powNazwa><sln:wojIIPId>4b6c492a-eb04-441d-a92a-f44359c06de7</sln:wojIIPId><sln:wojIIPPn>PL.PZGIK.200</sln:wojIIPPn><sln:wojIIPWersja>2012-09-27T13:45:13+02:00</sln:wojIIPWersja><sln:wojIdTeryt>14</sln:wojIdTeryt><sln:wojNazwa>mazowieckie</sln:wojNazwa></sln:miejscowosc><sln:miejscowosc><sln:cyklZyciaDo>2017-03-24T00:00:00+01:00</sln:cyklZyciaDo><sln:cyklZyciaOd>2014-12-11T00:00:00+01:00</sln:cyklZyciaOd><sln:gmIIPId>5bf5fb09-271b-4258-b3f0-905c6e7118a1</sln:gmIIPId><sln:gmIIPPn>PL.PZGIK.200</sln:gmIIPPn><sln:gmIIPWersja>2012-09-26T21:56:29+02:00</sln:gmIIPWersja><sln:gmIdTeryt>1425042</sln:gmIdTeryt><sln:gmNazwa>Jastrzębia</sln:gmNazwa><sln:miejscIIPId>a353967c-9218-4027-a6f0-838b82334270</sln:miejscIIPId><sln:miejscIIPPn>PL.PZGIK.200</sln:miejscIIPPn><sln:miejscIIPWersja>2016-11-24T13:36:06+02:00</sln:miejscIIPWersja><sln:miejscIdTeryt>0624203</sln:miejscIdTeryt><sln:miejscNazwa>Dąbrowa Kozłowska</sln:miejscNazwa><sln:miejscRodzaj>Wieś</sln:miejscRodzaj><sln:powIIPId>3bed0908-7bc7-4981-89d9-c3a9075e317c</sln:powIIPId><sln:powIIPPn>PL.PZGIK.200</sln:powIIPPn><sln:powIIPWersja>2012-09-27T08:13:53+02:00</sln:powIIPWersja><sln:powIdTeryt>1425</sln:powIdTeryt><sln:powNazwa>radomski</sln:powNazwa><sln:wojIIPId>4b6c492a-eb04-441d-a92a-f44359c06de7</sln:wojIIPId><sln:wojIIPPn>PL.PZGIK.200</sln:wojIIPPn><sln:wojIIPWersja>2012-09-27T13:45:13+02:00</sln:wojIIPWersja><sln:wojIdTeryt>14</sln:wojIdTeryt><sln:wojNazwa>mazowieckie</sln:wojNazwa></sln:miejscowosc><sln:miejscowosc><sln:cyklZyciaDo>2017-03-24T00:00:00+01:00</sln:cyklZyciaDo><sln:cyklZyciaOd>2014-12-11T00:00:00+01:00</sln:cyklZyciaOd><sln:gmIIPId>5bf5fb09-271b-4258-b3f0-905c6e7118a1</sln:gmIIPId><sln:gmIIPPn>PL.PZGIK.200</sln:gmIIPPn><sln:gmIIPWersja>2012-09-26T21:56:29+02:00</sln:gmIIPWersja><sln:gmIdTeryt>1425042</sln:gmIdTeryt><sln:gmNazwa>Jastrzębia</sln:gmNazwa><sln:miejscIIPId>ae3dd20e-b9d8-4e06-b195-1438c011d6dd</sln:miejscIIPId><sln:miejscIIPPn>PL.PZGIK.200</sln:miejscIIPPn><sln:miejscIIPWersja>2016-11-24T13:50:24+02:00</sln:miejscIIPWersja><sln:miejscIdTeryt>0624500</sln:miejscIdTeryt><sln:miejscNazwa>Spezja</sln:miejscNazwa><sln:miejscRodzaj>Inny obiekt</sln:miejscRodzaj><sln:powIIPId>3bed0908-7bc7-4981-89d9-c3a9075e317c</sln:powIIPId><sln:powIIPPn>PL.PZGIK.200</sln:powIIPPn><sln:powIIPWersja>2012-09-27T08:13:53+02:00</sln:powIIPWersja><sln:powIdTeryt>1425</sln:powIdTeryt><sln:powNazwa>radomski</sln:powNazwa><sln:wojIIPId>4b6c492a-eb04-441d-a92a-f44359c06de7</sln:wojIIPId><sln:wojIIPPn>PL.PZGIK.200</sln:wojIIPPn><sln:wojIIPWersja>2012-09-27T13:45:13+02:00</sln:wojIIPWersja><sln:wojIdTeryt>14</sln:wojIdTeryt><sln:wojNazwa>mazowieckie</sln:wojNazwa></sln:miejscowosc><sln:miejscowosc><sln:cyklZyciaDo>2017-03-24T00:00:00+01:00</sln:cyklZyciaDo><sln:cyklZyciaOd>2014-12-11T00:00:00+01:00</sln:cyklZyciaOd><sln:gmIIPId>5bf5fb09-271b-4258-b3f0-905c6e7118a1</sln:gmIIPId><sln:gmIIPPn>PL.PZGIK.200</sln:gmIIPPn><sln:gmIIPWersja>2012-09-26T21:56:29+02:00</sln:gmIIPWersja><sln:gmIdTeryt>1425042</sln:gmIdTeryt><sln:gmNazwa>Jastrzębia</sln:gmNazwa><sln:miejscIIPId>af67a1ac-6e8c-48eb-968f-2a3551c91015</sln:miejscIIPId><sln:miejscIIPPn>PL.PZGIK.200</sln:miejscIIPPn><sln:miejscIIPWersja>2016-11-24T13:40:58+02:00</sln:miejscIIPWersja><sln:miejscIdTeryt>0624284</sln:miejscIdTeryt><sln:miejscNazwa>Lesiów</sln:miejscNazwa><sln:miejscRodzaj>Wieś</sln:miejscRodzaj><sln:powIIPId>3bed0908-7bc7-4981-89d9-c3a9075e317c</sln:powIIPId><sln:powIIPPn>PL.PZGIK.200</sln:powIIPPn><sln:powIIPWersja>2012-09-27T08:13:53+02:00</sln:powIIPWersja><sln:powIdTeryt>1425</sln:powIdTeryt><sln:powNazwa>radomski</sln:powNazwa><sln:wojIIPId>4b6c492a-eb04-441d-a92a-f44359c06de7</sln:wojIIPId><sln:wojIIPPn>PL.PZGIK.200</sln:wojIIPPn><sln:wojIIPWersja>2012-09-27T13:45:13+02:00</sln:wojIIPWersja><sln:wojIdTeryt>14</sln:wojIdTeryt><sln:wojNazwa>mazowieckie</sln:wojNazwa></sln:miejscowosc><sln:miejscowosc><sln:cyklZyciaDo>2017-03-24T00:00:00+01:00</sln:cyklZyciaDo><sln:cyklZyciaOd>2014-12-11T00:00:00+01:00</sln:cyklZyciaOd><sln:gmIIPId>5bf5fb09-271b-4258-b3f0-905c6e7118a1</sln:gmIIPId><sln:gmIIPPn>PL.PZGIK.200</sln:gmIIPPn><sln:gmIIPWersja>2012-09-26T21:56:29+02:00</sln:gmIIPWersja><sln:gmIdTeryt>1425042</sln:gmIdTeryt><sln:gmNazwa>Jastrzębia</sln:gmNazwa><sln:miejscIIPId>6a7bb8e9-6974-401e-80bf-99b6fd7ebdf8</sln:miejscIIPId><sln:miejscIIPPn>PL.PZGIK.200</sln:miejscIIPPn><sln:miejscIIPWersja>2016-11-24T13:59:18+02:00</sln:miejscIIPWersja><sln:miejscIdTeryt>0624396</sln:miejscIdTeryt><sln:miejscNazwa>Owadów-Stara Wieś</sln:miejscNazwa><sln:miejscRodzaj>Inny obiekt</sln:miejscRodzaj><sln:powIIPId>3bed0908-7bc7-4981-89d9-c3a9075e317c</sln:powIIPId><sln:powIIPPn>PL.PZGIK.200</sln:powIIPPn><sln:powIIPWersja>2012-09-27T08:13:53+02:00</sln:powIIPWersja><sln:powIdTeryt>1425</sln:powIdTeryt><sln:powNazwa>radomski</sln:powNazwa><sln:wojIIPId>4b6c492a-eb04-441d-a92a-f44359c06de7</sln:wojIIPId><sln:wojIIPPn>PL.PZGIK.200</sln:wojIIPPn><sln:wojIIPWersja>2012-09-27T13:45:13+02:00</sln:wojIIPWersja><sln:wojIdTeryt>14</sln:wojIdTeryt><sln:wojNazwa>mazowieckie</sln:wojNazwa></sln:miejscowosc><sln:miejscowosc><sln:cyklZyciaDo>2017-03-24T00:00:00+01:00</sln:cyklZyciaDo><sln:cyklZyciaOd>2014-12-11T00:00:00+01:00</sln:cyklZyciaOd><sln:gmIIPId>5bf5fb09-271b-4258-b3f0-905c6e7118a1</sln:gmIIPId><sln:gmIIPPn>PL.PZGIK.200</sln:gmIIPPn><sln:gmIIPWersja>2012-09-26T21:56:29+02:00</sln:gmIIPWersja><sln:gmIdTeryt>1425042</sln:gmIdTeryt><sln:gmNazwa>Jastrzębia</sln:gmNazwa><sln:miejscIIPId>9bf30bf1-62af-4529-b0a1-bd1dca18e783</sln:miejscIIPId><sln:miejscIIPPn>PL.PZGIK.200</sln:miejscIIPPn><sln:miejscIIPWersja>2016-11-24T13:59:18+02:00</sln:miejscIIPWersja><sln:miejscIdTeryt>0624380</sln:miejscIdTeryt><sln:miejscNazwa>Owadów-Kolonia</sln:miejscNazwa><sln:miejscRodzaj>Inny obiekt</sln:miejscRodzaj><sln:powIIPId>3bed0908-7bc7-4981-89d9-c3a9075e317c</sln:powIIPId><sln:powIIPPn>PL.PZGIK.200</sln:powIIPPn><sln:powIIPWersja>2012-09-27T08:13:53+02:00</sln:powIIPWersja><sln:powIdTeryt>1425</sln:powIdTeryt><sln:powNazwa>radomski</sln:powNazwa><sln:wojIIPId>4b6c492a-eb04-441d-a92a-f44359c06de7</sln:wojIIPId><sln:wojIIPPn>PL.PZGIK.200</sln:wojIIPPn><sln:wojIIPWersja>2012-09-27T13:45:13+02:00</sln:wojIIPWersja><sln:wojIdTeryt>14</sln:wojIdTeryt><sln:wojNazwa>mazowieckie</sln:wojNazwa></sln:miejscowosc><sln:miejscowosc><sln:cyklZyciaDo>2017-03-24T00:00:00+01:00</sln:cyklZyciaDo><sln:cyklZyciaOd>2014-12-11T00:00:00+01:00</sln:cyklZyciaOd><sln:gmIIPId>5bf5fb09-271b-4258-b3f0-905c6e7118a1</sln:gmIIPId><sln:gmIIPPn>PL.PZGIK.200</sln:gmIIPPn><sln:gmIIPWersja>2012-09-26T21:56:29+02:00</sln:gmIIPWersja><sln:gmIdTeryt>1425042</sln:gmIdTeryt><sln:gmNazwa>Jastrzębia</sln:gmNazwa><sln:miejscIIPId>0070033a-b967-4c00-8114-c77a9349f2a0</sln:miejscIIPId><sln:miejscIIPPn>PL.PZGIK.200</sln:miejscIIPPn><sln:miejscIIPWersja>2016-11-24T13:52:19+02:00</sln:miejscIIPWersja><sln:miejscIdTeryt>0624210</sln:miejscIdTeryt><sln:miejscNazwa>Komorniki Kozłowskie</sln:miejscNazwa><sln:miejscRodzaj>Inny obiekt</sln:miejscRodzaj><sln:powIIPId>3bed0908-7bc7-4981-89d9-c3a9075e317c</sln:powIIPId><sln:powIIPPn>PL.PZGIK.200</sln:powIIPPn><sln:powIIPWersja>2012-09-27T08:13:53+02:00</sln:powIIPWersja><sln:powIdTeryt>1425</sln:powIdTeryt><sln:powNazwa>radomski</sln:powNazwa><sln:wojIIPId>4b6c492a-eb04-441d-a92a-f44359c06de7</sln:wojIIPId><sln:wojIIPPn>PL.PZGIK.200</sln:wojIIPPn><sln:wojIIPWersja>2012-09-27T13:45:13+02:00</sln:wojIIPWersja><sln:wojIdTeryt>14</sln:wojIdTeryt><sln:wojNazwa>mazowieckie</sln:wojNazwa></sln:miejscowosc><sln:miejscowosc><sln:cyklZyciaDo>2017-03-24T00:00:00+01:00</sln:cyklZyciaDo><sln:cyklZyciaOd>2014-12-11T00:00:00+01:00</sln:cyklZyciaOd><sln:gmIIPId>5bf5fb09-271b-4258-b3f0-905c6e7118a1</sln:gmIIPId><sln:gmIIPPn>PL.PZGIK.200</sln:gmIIPPn><sln:gmIIPWersja>2012-09-26T21:56:29+02:00</sln:gmIIPWersja><sln:gmIdTeryt>1425042</sln:gmIdTeryt><sln:gmNazwa>Jastrzębia</sln:gmNazwa><sln:miejscIIPId>7e2ea001-6d71-4f9e-8351-55cb387dc3c4</sln:miejscIIPId><sln:miejscIIPPn>PL.PZGIK.200</sln:miejscIIPPn><sln:miejscIIPWersja>2016-11-24T13:50:13+02:00</sln:miejscIIPWersja><sln:miejscIdTeryt>0624456</sln:miejscIdTeryt><sln:miejscNazwa>Górna Wola</sln:miejscNazwa><sln:miejscRodzaj>Inny obiekt</sln:miejscRodzaj><sln:powIIPId>3bed0908-7bc7-4981-89d9-c3a9075e317c</sln:powIIPId><sln:powIIPPn>PL.PZGIK.200</sln:powIIPPn><sln:powIIPWersja>2012-09-27T08:13:53+02:00</sln:powIIPWersja><sln:powIdTeryt>1425</sln:powIdTeryt><sln:powNazwa>radomski</sln:powNazwa><sln:wojIIPId>4b6c492a-eb04-441d-a92a-f44359c06de7</sln:wojIIPId><sln:wojIIPPn>PL.PZGIK.200</sln:wojIIPPn><sln:wojIIPWersja>2012-09-27T13:45:13+02:00</sln:wojIIPWersja><sln:wojIdTeryt>14</sln:wojIdTeryt><sln:wojNazwa>mazowieckie</sln:wojNazwa></sln:miejscowosc><sln:miejscowosc><sln:cyklZyciaDo>2017-03-24T00:00:00+01:00</sln:cyklZyciaDo><sln:cyklZyciaOd>2014-12-11T00:00:00+01:00</sln:cyklZyciaOd><sln:gmIIPId>5bf5fb09-271b-4258-b3f0-905c6e7118a1</sln:gmIIPId><sln:gmIIPPn>PL.PZGIK.200</sln:gmIIPPn><sln:gmIIPWersja>2012-09-26T21:56:29+02:00</sln:gmIIPWersja><sln:gmIdTeryt>1425042</sln:gmIdTeryt><sln:gmNazwa>Jastrzębia</sln:gmNazwa><sln:miejscIIPId>829f7c44-c92d-4857-8c4b-b20c82a75fd5</sln:miejscIIPId><sln:miejscIIPPn>PL.PZGIK.200</sln:miejscIIPPn><sln:miejscIIPWersja>2016-11-24T13:54:58+02:00</sln:miejscIIPWersja><sln:miejscIdTeryt>0624255</sln:miejscIdTeryt><sln:miejscNazwa>Poręby Jastrzębskie</sln:miejscNazwa><sln:miejscRodzaj>Inny obiekt</sln:miejscRodzaj><sln:powIIPId>3bed0908-7bc7-4981-89d9-c3a9075e317c</sln:powIIPId><sln:powIIPPn>PL.PZGIK.200</sln:powIIPPn><sln:powIIPWersja>2012-09-27T08:13:53+02:00</sln:powIIPWersja><sln:powIdTeryt>1425</sln:powIdTeryt><sln:powNazwa>radomski</sln:powNazwa><sln:wojIIPId>4b6c492a-eb04-441d-a92a-f44359c06de7</sln:wojIIPId><sln:wojIIPPn>PL.PZGIK.200</sln:wojIIPPn><sln:wojIIPWersja>2012-09-27T13:45:13+02:00</sln:wojIIPWersja><sln:wojIdTeryt>14</sln:wojIdTeryt><sln:wojNazwa>mazowieckie</sln:wojNazwa></sln:miejscowosc><sln:miejscowosc><sln:cyklZyciaDo>2017-03-24T00:00:00+01:00</sln:cyklZyciaDo><sln:cyklZyciaOd>2014-12-11T00:00:00+01:00</sln:cyklZyciaOd><sln:gmIIPId>5bf5fb09-271b-4258-b3f0-905c6e7118a1</sln:gmIIPId><sln:gmIIPPn>PL.PZGIK.200</sln:gmIIPPn><sln:gmIIPWersja>2012-09-26T21:56:29+02:00</sln:gmIIPWersja><sln:gmIdTeryt>1425042</sln:gmIdTeryt><sln:gmNazwa>Jastrzębia</sln:gmNazwa><sln:miejscIIPId>5ab944fe-b822-48b1-a9fd-5d8573fa8bcd</sln:miejscIIPId><sln:miejscIIPPn>PL.PZGIK.200</sln:miejscIIPPn><sln:miejscIIPWersja>2016-11-24T13:50:13+02:00</sln:miejscIIPWersja><sln:miejscIdTeryt>0624462</sln:miejscIdTeryt><sln:miejscNazwa>Sowie Góry</sln:miejscNazwa><sln:miejscRodzaj>Inny obiekt</sln:miejscRodzaj><sln:powIIPId>3bed0908-7bc7-4981-89d9-c3a9075e317c</sln:powIIPId><sln:powIIPPn>PL.PZGIK.200</sln:powIIPPn><sln:powIIPWersja>2012-09-27T08:13:53+02:00</sln:powIIPWersja><sln:powIdTeryt>1425</sln:powIdTeryt><sln:powNazwa>radomski</sln:powNazwa><sln:wojIIPId>4b6c492a-eb04-441d-a92a-f44359c06de7</sln:wojIIPId><sln:wojIIPPn>PL.PZGIK.200</sln:wojIIPPn><sln:wojIIPWersja>2012-09-27T13:45:13+02:00</sln:wojIIPWersja><sln:wojIdTeryt>14</sln:wojIdTeryt><sln:wojNazwa>mazowieckie</sln:wojNazwa></sln:miejscowosc><sln:miejscowosc><sln:cyklZyciaDo>2017-03-24T00:00:00+01:00</sln:cyklZyciaDo><sln:cyklZyciaOd>2014-12-11T00:00:00+01:00</sln:cyklZyciaOd><sln:gmIIPId>5bf5fb09-271b-4258-b3f0-905c6e7118a1</sln:gmIIPId><sln:gmIIPPn>PL.PZGIK.200</sln:gmIIPPn><sln:gmIIPWersja>2012-09-26T21:56:29+02:00</sln:gmIIPWersja><sln:gmIdTeryt>1425042</sln:gmIdTeryt><sln:gmNazwa>Jastrzębia</sln:gmNazwa><sln:miejscIIPId>caeb4aa6-0cc8-453a-a1c5-c3768ec19bbf</sln:miejscIIPId><sln:miejscIIPPn>PL.PZGIK.200</sln:miejscIIPPn><sln:miejscIIPWersja>2016-11-24T13:39:47+02:00</sln:miejscIIPWersja><sln:miejscIdTeryt>0624261</sln:miejscIdTeryt><sln:miejscNazwa>Kozłów</sln:miejscNazwa><sln:miejscRodzaj>Wieś</sln:miejscRodzaj><sln:powIIPId>3bed0908-7bc7-4981-89d9-c3a9075e317c</sln:powIIPId><sln:powIIPPn>PL.PZGIK.200</sln:powIIPPn><sln:powIIPWersja>2012-09-27T08:13:53+02:00</sln:powIIPWersja><sln:powIdTeryt>1425</sln:powIdTeryt><sln:powNazwa>radomski</sln:powNazwa><sln:wojIIPId>4b6c492a-eb04-441d-a92a-f44359c06de7</sln:wojIIPId><sln:wojIIPPn>PL.PZGIK.200</sln:wojIIPPn><sln:wojIIPWersja>2012-09-27T13:45:13+02:00</sln:wojIIPWersja><sln:wojIdTeryt>14</sln:wojIdTeryt><sln:wojNazwa>mazowieckie</sln:wojNazwa></sln:miejscowosc><sln:miejscowosc><sln:cyklZyciaDo>2017-03-24T00:00:00+01:00</sln:cyklZyciaDo><sln:cyklZyciaOd>2014-12-11T00:00:00+01:00</sln:cyklZyciaOd><sln:gmIIPId>5bf5fb09-271b-4258-b3f0-905c6e7118a1</sln:gmIIPId><sln:gmIIPPn>PL.PZGIK.200</sln:gmIIPPn><sln:gmIIPWersja>2012-09-26T21:56:29+02:00</sln:gmIIPWersja><sln:gmIdTeryt>1425042</sln:gmIdTeryt><sln:gmNazwa>Jastrzębia</sln:gmNazwa><sln:miejscIIPId>a8756c7f-7855-49e8-aa14-d83fb0223b7e</sln:miejscIIPId><sln:miejscIIPPn>PL.PZGIK.200</sln:miejscIIPPn><sln:miejscIIPWersja>2016-11-24T13:41:02+02:00</sln:miejscIIPWersja><sln:miejscIdTeryt>0624315</sln:miejscIdTeryt><sln:miejscNazwa>Lewaszówka</sln:miejscNazwa><sln:miejscRodzaj>Wieś</sln:miejscRodzaj><sln:powIIPId>3bed0908-7bc7-4981-89d9-c3a9075e317c</sln:powIIPId><sln:powIIPPn>PL.PZGIK.200</sln:powIIPPn><sln:powIIPWersja>2012-09-27T08:13:53+02:00</sln:powIIPWersja><sln:powIdTeryt>1425</sln:powIdTeryt><sln:powNazwa>radomski</sln:powNazwa><sln:wojIIPId>4b6c492a-eb04-441d-a92a-f44359c06de7</sln:wojIIPId><sln:wojIIPPn>PL.PZGIK.200</sln:wojIIPPn><sln:wojIIPWersja>2012-09-27T13:45:13+02:00</sln:wojIIPWersja><sln:wojIdTeryt>14</sln:wojIdTeryt><sln:wojNazwa>mazowieckie</sln:wojNazwa></sln:miejscowosc><sln:miejscowosc><sln:cyklZyciaDo>2017-03-24T00:00:00+01:00</sln:cyklZyciaDo><sln:cyklZyciaOd>2014-12-11T00:00:00+01:00</sln:cyklZyciaOd><sln:gmIIPId>5bf5fb09-271b-4258-b3f0-905c6e7118a1</sln:gmIIPId><sln:gmIIPPn>PL.PZGIK.200</sln:gmIIPPn><sln:gmIIPWersja>2012-09-26T21:56:29+02:00</sln:gmIIPWersja><sln:gmIdTeryt>1425042</sln:gmIdTeryt><sln:gmNazwa>Jastrzębia</sln:gmNazwa><sln:miejscIIPId>7b6f9fd6-ad2d-402f-89e8-53675b59492b</sln:miejscIIPId><sln:miejscIIPPn>PL.PZGIK.200</sln:miejscIIPPn><sln:miejscIIPWersja>2016-11-24T13:37:28+02:00</sln:miejscIIPWersja><sln:miejscIdTeryt>3012345</sln:miejscIdTeryt><sln:miejscNazwa>Bąki Lesiowskie</sln:miejscNazwa><sln:miejscRodzaj>Inny obiekt</sln:miejscRodzaj><sln:powIIPId>3bed0908-7bc7-4981-89d9-c3a9075e317c</sln:powIIPId><sln:powIIPPn>PL.PZGIK.200</sln:powIIPPn><sln:powIIPWersja>2012-09-27T08:13:53+02:00</sln:powIIPWersja><sln:powIdTeryt>1425</sln:powIdTeryt><sln:powNazwa>radomski</sln:powNazwa><sln:wojIIPId>4b6c492a-eb04-441d-a92a-f44359c06de7</sln:wojIIPId><sln:wojIIPPn>PL.PZGIK.200</sln:wojIIPPn><sln:wojIIPWersja>2012-09-27T13:45:13+02:00</sln:wojIIPWersja><sln:wojIdTeryt>14</sln:wojIdTeryt><sln:wojNazwa>mazowieckie</sln:wojNazwa></sln:miejscowosc><sln:miejscowosc><sln:cyklZyciaDo>2017-03-24T00:00:00+01:00</sln:cyklZyciaDo><sln:cyklZyciaOd>2014-12-11T00:00:00+01:00</sln:cyklZyciaOd><sln:gmIIPId>5bf5fb09-271b-4258-b3f0-905c6e7118a1</sln:gmIIPId><sln:gmIIPPn>PL.PZGIK.200</sln:gmIIPPn><sln:gmIIPWersja>2012-09-26T21:56:29+02:00</sln:gmIIPWersja><sln:gmIdTeryt>1425042</sln:gmIdTeryt><sln:gmNazwa>Jastrzębia</sln:gmNazwa><sln:miejscIIPId>d14a7959-c4bb-48fd-8533-13fc65ae937c</sln:miejscIIPId><sln:miejscIIPPn>PL.PZGIK.200</sln:miejscIIPPn><sln:miejscIIPWersja>2016-11-24T13:35:15+02:00</sln:miejscIIPWersja><sln:miejscIdTeryt>3008875</sln:miejscIdTeryt><sln:miejscNazwa>Żurawieniec</sln:miejscNazwa><sln:miejscRodzaj>Inny obiekt</sln:miejscRodzaj><sln:powIIPId>3bed0908-7bc7-4981-89d9-c3a9075e317c</sln:powIIPId><sln:powIIPPn>PL.PZGIK.200</sln:powIIPPn><sln:powIIPWersja>2012-09-27T08:13:53+02:00</sln:powIIPWersja><sln:powIdTeryt>1425</sln:powIdTeryt><sln:powNazwa>radomski</sln:powNazwa><sln:wojIIPId>4b6c492a-eb04-441d-a92a-f44359c06de7</sln:wojIIPId><sln:wojIIPPn>PL.PZGIK.200</sln:wojIIPPn><sln:wojIIPWersja>2012-09-27T13:45:13+02:00</sln:wojIIPWersja><sln:wojIdTeryt>14</sln:wojIdTeryt><sln:wojNazwa>mazowieckie</sln:wojNazwa></sln:miejscowosc><sln:miejscowosc><sln:cyklZyciaDo>2017-03-24T00:00:00+01:00</sln:cyklZyciaDo><sln:cyklZyciaOd>2014-12-11T00:00:00+01:00</sln:cyklZyciaOd><sln:gmIIPId>5bf5fb09-271b-4258-b3f0-905c6e7118a1</sln:gmIIPId><sln:gmIIPPn>PL.PZGIK.200</sln:gmIIPPn><sln:gmIIPWersja>2012-09-26T21:56:29+02:00</sln:gmIIPWersja><sln:gmIdTeryt>1425042</sln:gmIdTeryt><sln:gmNazwa>Jastrzębia</sln:gmNazwa><sln:miejscIIPId>3c5e61bc-f35f-45cc-9839-f41593768c07</sln:miejscIIPId><sln:miejscIIPPn>PL.PZGIK.200</sln:miejscIIPPn><sln:miejscIIPWersja>2016-11-24T13:50:40+02:00</sln:miejscIIPWersja><sln:miejscIdTeryt>0624522</sln:miejscIdTeryt><sln:miejscNazwa>Sokoleniec</sln:miejscNazwa><sln:miejscRodzaj>Inny obiekt</sln:miejscRodzaj><sln:powIIPId>3bed0908-7bc7-4981-89d9-c3a9075e317c</sln:powIIPId><sln:powIIPPn>PL.PZGIK.200</sln:powIIPPn><sln:powIIPWersja>2012-09-27T08:13:53+02:00</sln:powIIPWersja><sln:powIdTeryt>1425</sln:powIdTeryt><sln:powNazwa>radomski</sln:powNazwa><sln:wojIIPId>4b6c492a-eb04-441d-a92a-f44359c06de7</sln:wojIIPId><sln:wojIIPPn>PL.PZGIK.200</sln:wojIIPPn><sln:wojIIPWersja>2012-09-27T13:45:13+02:00</sln:wojIIPWersja><sln:wojIdTeryt>14</sln:wojIdTeryt><sln:wojNazwa>mazowieckie</sln:wojNazwa></sln:miejscowosc><sln:miejscowosc><sln:cyklZyciaDo>2017-03-24T00:00:00+01:00</sln:cyklZyciaDo><sln:cyklZyciaOd>2014-12-11T00:00:00+01:00</sln:cyklZyciaOd><sln:gmIIPId>5bf5fb09-271b-4258-b3f0-905c6e7118a1</sln:gmIIPId><sln:gmIIPPn>PL.PZGIK.200</sln:gmIIPPn><sln:gmIIPWersja>2012-09-26T21:56:29+02:00</sln:gmIIPWersja><sln:gmIdTeryt>1425042</sln:gmIdTeryt><sln:gmNazwa>Jastrzębia</sln:gmNazwa><sln:miejscIIPId>80e80290-71cf-4404-a3c0-a286be692a25</sln:miejscIIPId><sln:miejscIIPPn>PL.PZGIK.200</sln:miejscIIPPn><sln:miejscIIPWersja>2016-11-24T13:33:37+02:00</sln:miejscIIPWersja><sln:miejscIdTeryt>0624479</sln:miejscIdTeryt><sln:miejscNazwa>Wola Owadowska</sln:miejscNazwa><sln:miejscRodzaj>Wieś</sln:miejscRodzaj><sln:powIIPId>3bed0908-7bc7-4981-89d9-c3a9075e317c</sln:powIIPId><sln:powIIPPn>PL.PZGIK.200</sln:powIIPPn><sln:powIIPWersja>2012-09-27T08:13:53+02:00</sln:powIIPWersja><sln:powIdTeryt>1425</sln:powIdTeryt><sln:powNazwa>radomski</sln:powNazwa><sln:wojIIPId>4b6c492a-eb04-441d-a92a-f44359c06de7</sln:wojIIPId><sln:wojIIPPn>PL.PZGIK.200</sln:wojIIPPn><sln:wojIIPWersja>2012-09-27T13:45:13+02:00</sln:wojIIPWersja><sln:wojIdTeryt>14</sln:wojIdTeryt><sln:wojNazwa>mazowieckie</sln:wojNazwa></sln:miejscowosc><sln:miejscowosc><sln:cyklZyciaDo>2017-03-24T00:00:00+01:00</sln:cyklZyciaDo><sln:cyklZyciaOd>2014-12-11T00:00:00+01:00</sln:cyklZyciaOd><sln:gmIIPId>5bf5fb09-271b-4258-b3f0-905c6e7118a1</sln:gmIIPId><sln:gmIIPPn>PL.PZGIK.200</sln:gmIIPPn><sln:gmIIPWersja>2012-09-26T21:56:29+02:00</sln:gmIIPWersja><sln:gmIdTeryt>1425042</sln:gmIdTeryt><sln:gmNazwa>Jastrzębia</sln:gmNazwa><sln:miejscIIPId>8e7b0f06-51fd-4c4a-a797-4d2cff7455ee</sln:miejscIIPId><sln:miejscIIPPn>PL.PZGIK.200</sln:miejscIIPPn><sln:miejscIIPWersja>2016-11-24T13:33:31+02:00</sln:miejscIIPWersja><sln:miejscIdTeryt>0624440</sln:miejscIdTeryt><sln:miejscNazwa>Wola Goryńska</sln:miejscNazwa><sln:miejscRodzaj>Wieś</sln:miejscRodzaj><sln:powIIPId>3bed0908-7bc7-4981-89d9-c3a9075e317c</sln:powIIPId><sln:powIIPPn>PL.PZGIK.200</sln:powIIPPn><sln:powIIPWersja>2012-09-27T08:13:53+02:00</sln:powIIPWersja><sln:powIdTeryt>1425</sln:powIdTeryt><sln:powNazwa>radomski</sln:powNazwa><sln:wojIIPId>4b6c492a-eb04-441d-a92a-f44359c06de7</sln:wojIIPId><sln:wojIIPPn>PL.PZGIK.200</sln:wojIIPPn><sln:wojIIPWersja>2012-09-27T13:45:13+02:00</sln:wojIIPWersja><sln:wojIdTeryt>14</sln:wojIdTeryt><sln:wojNazwa>mazowieckie</sln:wojNazwa></sln:miejscowosc><sln:miejscowosc><sln:cyklZyciaDo>2017-03-24T00:00:00+01:00</sln:cyklZyciaDo><sln:cyklZyciaOd>2014-12-11T00:00:00+01:00</sln:cyklZyciaOd><sln:gmIIPId>5bf5fb09-271b-4258-b3f0-905c6e7118a1</sln:gmIIPId><sln:gmIIPPn>PL.PZGIK.200</sln:gmIIPPn><sln:gmIIPWersja>2012-09-26T21:56:29+02:00</sln:gmIIPWersja><sln:gmIdTeryt>1425042</sln:gmIdTeryt><sln:gmNazwa>Jastrzębia</sln:gmNazwa><sln:miejscIIPId>795b0ce2-dbc7-4c8d-8988-e734411326b7</sln:miejscIIPId><sln:miejscIIPPn>PL.PZGIK.200</sln:miejscIIPPn><sln:miejscIIPWersja>2016-11-24T13:40:58+02:00</sln:miejscIIPWersja><sln:miejscIdTeryt>0624309</sln:miejscIdTeryt><sln:miejscNazwa>Kolonia Lesiów</sln:miejscNazwa><sln:miejscRodzaj>Wieś</sln:miejscRodzaj><sln:powIIPId>3bed0908-7bc7-4981-89d9-c3a9075e317c</sln:powIIPId><sln:powIIPPn>PL.PZGIK.200</sln:powIIPPn><sln:powIIPWersja>2012-09-27T08:13:53+02:00</sln:powIIPWersja><sln:powIdTeryt>1425</sln:powIdTeryt><sln:powNazwa>radomski</sln:powNazwa><sln:wojIIPId>4b6c492a-eb04-441d-a92a-f44359c06de7</sln:wojIIPId><sln:wojIIPPn>PL.PZGIK.200</sln:wojIIPPn><sln:wojIIPWersja>2012-09-27T13:45:13+02:00</sln:wojIIPWersja><sln:wojIdTeryt>14</sln:wojIdTeryt><sln:wojNazwa>mazowieckie</sln:wojNazwa></sln:miejscowosc><sln:miejscowosc><sln:cyklZyciaDo>2017-03-24T00:00:00+01:00</sln:cyklZyciaDo><sln:cyklZyciaOd>2014-12-11T00:00:00+01:00</sln:cyklZyciaOd><sln:gmIIPId>5bf5fb09-271b-4258-b3f0-905c6e7118a1</sln:gmIIPId><sln:gmIIPPn>PL.PZGIK.200</sln:gmIIPPn><sln:gmIIPWersja>2012-09-26T21:56:29+02:00</sln:gmIIPWersja><sln:gmIdTeryt>1425042</sln:gmIdTeryt><sln:gmNazwa>Jastrzębia</sln:gmNazwa><sln:miejscIIPId>fc51f11a-2630-4f21-9b8c-d06efd529a43</sln:miejscIIPId><sln:miejscIIPPn>PL.PZGIK.200</sln:miejscIIPPn><sln:miejscIIPWersja>2016-11-24T13:53:47+02:00</sln:miejscIIPWersja><sln:miejscIdTeryt>0624114</sln:miejscIdTeryt><sln:miejscNazwa>Bartodzieje-Kolonia</sln:miejscNazwa><sln:miejscRodzaj>Inny obiekt</sln:miejscRodzaj><sln:powIIPId>3bed0908-7bc7-4981-89d9-c3a9075e317c</sln:powIIPId><sln:powIIPPn>PL.PZGIK.200</sln:powIIPPn><sln:powIIPWersja>2012-09-27T08:13:53+02:00</sln:powIIPWersja><sln:powIdTeryt>1425</sln:powIdTeryt><sln:powNazwa>radomski</sln:powNazwa><sln:wojIIPId>4b6c492a-eb04-441d-a92a-f44359c06de7</sln:wojIIPId><sln:wojIIPPn>PL.PZGIK.200</sln:wojIIPPn><sln:wojIIPWersja>2012-09-27T13:45:13+02:00</sln:wojIIPWersja><sln:wojIdTeryt>14</sln:wojIdTeryt><sln:wojNazwa>mazowieckie</sln:wojNazwa></sln:miejscowosc><sln:miejscowosc><sln:cyklZyciaDo>2017-03-24T00:00:00+01:00</sln:cyklZyciaDo><sln:cyklZyciaOd>2014-12-11T00:00:00+01:00</sln:cyklZyciaOd><sln:gmIIPId>5bf5fb09-271b-4258-b3f0-905c6e7118a1</sln:gmIIPId><sln:gmIIPPn>PL.PZGIK.200</sln:gmIIPPn><sln:gmIIPWersja>2012-09-26T21:56:29+02:00</sln:gmIIPWersja><sln:gmIdTeryt>1425042</sln:gmIdTeryt><sln:gmNazwa>Jastrzębia</sln:gmNazwa><sln:miejscIIPId>a509e50e-25f7-44ee-9ad7-c84cf023d17c</sln:miejscIIPId><sln:miejscIIPPn>PL.PZGIK.200</sln:miejscIIPPn><sln:miejscIIPWersja>2016-11-24T13:37:31+02:00</sln:miejscIIPWersja><sln:miejscIdTeryt>3012398</sln:miejscIdTeryt><sln:miejscNazwa>Kolonia Goryń</sln:miejscNazwa><sln:miejscRodzaj>Inny obiekt</sln:miejscRodzaj><sln:powIIPId>3bed0908-7bc7-4981-89d9-c3a9075e317c</sln:powIIPId><sln:powIIPPn>PL.PZGIK.200</sln:powIIPPn><sln:powIIPWersja>2012-09-27T08:13:53+02:00</sln:powIIPWersja><sln:powIdTeryt>1425</sln:powIdTeryt><sln:powNazwa>radomski</sln:powNazwa><sln:wojIIPId>4b6c492a-eb04-441d-a92a-f44359c06de7</sln:wojIIPId><sln:wojIIPPn>PL.PZGIK.200</sln:wojIIPPn><sln:wojIIPWersja>2012-09-27T13:45:13+02:00</sln:wojIIPWersja><sln:wojIdTeryt>14</sln:wojIdTeryt><sln:wojNazwa>mazowieckie</sln:wojNazwa></sln:miejscowosc><sln:miejscowosc><sln:cyklZyciaDo>2017-03-24T00:00:00+01:00</sln:cyklZyciaDo><sln:cyklZyciaOd>2014-12-11T00:00:00+01:00</sln:cyklZyciaOd><sln:gmIIPId>5bf5fb09-271b-4258-b3f0-905c6e7118a1</sln:gmIIPId><sln:gmIIPPn>PL.PZGIK.200</sln:gmIIPPn><sln:gmIIPWersja>2012-09-26T21:56:29+02:00</sln:gmIIPWersja><sln:gmIdTeryt>1425042</sln:gmIdTeryt><sln:gmNazwa>Jastrzębia</sln:gmNazwa><sln:miejscIIPId>9dc87e51-7993-4fbe-adf4-8d50561e373f</sln:miejscIIPId><sln:miejscIIPPn>PL.PZGIK.200</sln:miejscIIPPn><sln:miejscIIPWersja>2016-11-24T13:53:47+02:00</sln:miejscIIPWersja><sln:miejscIdTeryt>0624120</sln:miejscIdTeryt><sln:miejscNazwa>Bartosy</sln:miejscNazwa><sln:miejscRodzaj>Inny obiekt</sln:miejscRodzaj><sln:powIIPId>3bed0908-7bc7-4981-89d9-c3a9075e317c</sln:powIIPId><sln:powIIPPn>PL.PZGIK.200</sln:powIIPPn><sln:powIIPWersja>2012-09-27T08:13:53+02:00</sln:powIIPWersja><sln:powIdTeryt>1425</sln:powIdTeryt><sln:powNazwa>radomski</sln:powNazwa><sln:wojIIPId>4b6c492a-eb04-441d-a92a-f44359c06de7</sln:wojIIPId><sln:wojIIPPn>PL.PZGIK.200</sln:wojIIPPn><sln:wojIIPWersja>2012-09-27T13:45:13+02:00</sln:wojIIPWersja><sln:wojIdTeryt>14</sln:wojIdTeryt><sln:wojNazwa>mazowieckie</sln:wojNazwa></sln:miejscowosc><sln:miejscowosc><sln:cyklZyciaDo>2017-03-24T00:00:00+01:00</sln:cyklZyciaDo><sln:cyklZyciaOd>2014-12-11T00:00:00+01:00</sln:cyklZyciaOd><sln:gmIIPId>5bf5fb09-271b-4258-b3f0-905c6e7118a1</sln:gmIIPId><sln:gmIIPPn>PL.PZGIK.200</sln:gmIIPPn><sln:gmIIPWersja>2012-09-26T21:56:29+02:00</sln:gmIIPWersja><sln:gmIdTeryt>1425042</sln:gmIdTeryt><sln:gmNazwa>Jastrzębia</sln:gmNazwa><sln:miejscIIPId>071663a9-86a0-4635-b306-1f0e4c626fbc</sln:miejscIIPId><sln:miejscIIPPn>PL.PZGIK.200</sln:miejscIIPPn><sln:miejscIIPWersja>2016-11-24T13:37:31+02:00</sln:miejscIIPWersja><sln:miejscIdTeryt>0624232</sln:miejscIdTeryt><sln:miejscNazwa>Goryń</sln:miejscNazwa><sln:miejscRodzaj>Wieś</sln:miejscRodzaj><sln:powIIPId>3bed0908-7bc7-4981-89d9-c3a9075e317c</sln:powIIPId><sln:powIIPPn>PL.PZGIK.200</sln:powIIPPn><sln:powIIPWersja>2012-09-27T08:13:53+02:00</sln:powIIPWersja><sln:powIdTeryt>1425</sln:powIdTeryt><sln:powNazwa>radomski</sln:powNazwa><sln:wojIIPId>4b6c492a-eb04-441d-a92a-f44359c06de7</sln:wojIIPId><sln:wojIIPPn>PL.PZGIK.200</sln:wojIIPPn><sln:wojIIPWersja>2012-09-27T13:45:13+02:00</sln:wojIIPWersja><sln:wojIdTeryt>14</sln:wojIdTeryt><sln:wojNazwa>mazowieckie</sln:wojNazwa></sln:miejscowosc><sln:miejscowosc><sln:cyklZyciaDo>2017-03-24T00:00:00+01:00</sln:cyklZyciaDo><sln:cyklZyciaOd>2014-12-11T00:00:00+01:00</sln:cyklZyciaOd><sln:gmIIPId>5bf5fb09-271b-4258-b3f0-905c6e7118a1</sln:gmIIPId><sln:gmIIPPn>PL.PZGIK.200</sln:gmIIPPn><sln:gmIIPWersja>2012-09-26T21:56:29+02:00</sln:gmIIPWersja><sln:gmIdTeryt>1425042</sln:gmIdTeryt><sln:gmNazwa>Jastrzębia</sln:gmNazwa><sln:miejscIIPId>b9dce105-eaf4-4682-bfd0-25ba2a89526e</sln:miejscIIPId><sln:miejscIIPPn>PL.PZGIK.200</sln:miejscIIPPn><sln:miejscIIPWersja>2016-11-24T13:36:06+02:00</sln:miejscIIPWersja><sln:miejscIdTeryt>0624189</sln:miejscIdTeryt><sln:miejscNazwa>Dąbrowa Jastrzębska</sln:miejscNazwa><sln:miejscRodzaj>Wieś</sln:miejscRodzaj><sln:powIIPId>3bed0908-7bc7-4981-89d9-c3a9075e317c</sln:powIIPId><sln:powIIPPn>PL.PZGIK.200</sln:powIIPPn><sln:powIIPWersja>2012-09-27T08:13:53+02:00</sln:powIIPWersja><sln:powIdTeryt>1425</sln:powIdTeryt><sln:powNazwa>radomski</sln:powNazwa><sln:wojIIPId>4b6c492a-eb04-441d-a92a-f44359c06de7</sln:wojIIPId><sln:wojIIPPn>PL.PZGIK.200</sln:wojIIPPn><sln:wojIIPWersja>2012-09-27T13:45:13+02:00</sln:wojIIPWersja><sln:wojIdTeryt>14</sln:wojIdTeryt><sln:wojNazwa>mazowieckie</sln:wojNazwa></sln:miejscowosc><sln:miejscowosc><sln:cyklZyciaDo>2017-03-24T00:00:00+01:00</sln:cyklZyciaDo><sln:cyklZyciaOd>2014-12-11T00:00:00+01:00</sln:cyklZyciaOd><sln:gmIIPId>5bf5fb09-271b-4258-b3f0-905c6e7118a1</sln:gmIIPId><sln:gmIIPPn>PL.PZGIK.200</sln:gmIIPPn><sln:gmIIPWersja>2012-09-26T21:56:29+02:00</sln:gmIIPWersja><sln:gmIdTeryt>1425042</sln:gmIdTeryt><sln:gmNazwa>Jastrzębia</sln:gmNazwa><sln:miejscIIPId>fb08456c-c7e1-4eeb-b636-88311039836b</sln:miejscIIPId><sln:miejscIIPPn>PL.PZGIK.200</sln:miejscIIPPn><sln:miejscIIPWersja>2016-11-24T13:44:46+02:00</sln:miejscIIPWersja><sln:miejscIdTeryt>0624172</sln:miejscIdTeryt><sln:miejscNazwa>Wólczyna</sln:miejscNazwa><sln:miejscRodzaj>Inny obiekt</sln:miejscRodzaj><sln:powIIPId>3bed0908-7bc7-4981-89d9-c3a9075e317c</sln:powIIPId><sln:powIIPPn>PL.PZGIK.200</sln:powIIPPn><sln:powIIPWersja>2012-09-27T08:13:53+02:00</sln:powIIPWersja><sln:powIdTeryt>1425</sln:powIdTeryt><sln:powNazwa>radomski</sln:powNazwa><sln:wojIIPId>4b6c492a-eb04-441d-a92a-f44359c06de7</sln:wojIIPId><sln:wojIIPPn>PL.PZGIK.200</sln:wojIIPPn><sln:wojIIPWersja>2012-09-27T13:45:13+02:00</sln:wojIIPWersja><sln:wojIdTeryt>14</sln:wojIdTeryt><sln:wojNazwa>mazowieckie</sln:wojNazwa></sln:miejscowosc><sln:miejscowosc><sln:cyklZyciaOd>2017-03-24T00:00:00+01:00</sln:cyklZyciaOd><sln:gmIIPId>5bf5fb09-271b-4258-b3f0-905c6e7118a1</sln:gmIIPId><sln:gmIIPPn>PL.PZGIK.200</sln:gmIIPPn><sln:gmIIPWersja>2012-09-26T21:56:29+02:00</sln:gmIIPWersja><sln:gmIdTeryt>1425042</sln:gmIdTeryt><sln:gmNazwa>Jastrzębia</sln:gmNazwa><sln:miejscIIPId>074f5202-5dde-4d28-8546-2b7610577ad6</sln:miejscIIPId><sln:miejscIIPPn>PL.PZGIK.200</sln:miejscIIPPn><sln:miejscIIPWersja>2017-03-24T18:14:55+02:00</sln:miejscIIPWersja><sln:miejscIdTeryt>0624108</sln:miejscIdTeryt><sln:miejscNazwa>Bartodzieje</sln:miejscNazwa><sln:miejscRodzaj>Wieś</sln:miejscRodzaj><sln:powIIPId>3bed0908-7bc7-4981-89d9-c3a9075e317c</sln:powIIPId><sln:powIIPPn>PL.PZGIK.200</sln:powIIPPn><sln:powIIPWersja>2012-09-27T08:13:53+02:00</sln:powIIPWersja><sln:powIdTeryt>1425</sln:powIdTeryt><sln:powNazwa>radomski</sln:powNazwa><sln:waznyOd>2014-06-24T00:00:00+02:00</sln:waznyOd><sln:wojIIPId>4b6c492a-eb04-441d-a92a-f44359c06de7</sln:wojIIPId><sln:wojIIPPn>PL.PZGIK.200</sln:wojIIPPn><sln:wojIIPWersja>2012-09-27T13:45:13+02:00</sln:wojIIPWersja><sln:wojIdTeryt>14</sln:wojIdTeryt><sln:wojNazwa>mazowieckie</sln:wojNazwa></sln:miejscowosc><sln:miejscowosc><sln:cyklZyciaOd>2017-03-24T00:00:00+01:00</sln:cyklZyciaOd><sln:gmIIPId>5bf5fb09-271b-4258-b3f0-905c6e7118a1</sln:gmIIPId><sln:gmIIPPn>PL.PZGIK.200</sln:gmIIPPn><sln:gmIIPWersja>2012-09-26T21:56:29+02:00</sln:gmIIPWersja><sln:gmIdTeryt>1425042</sln:gmIdTeryt><sln:gmNazwa>Jastrzębia</sln:gmNazwa><sln:miejscIIPId>2954f4bc-dfa4-491e-82fe-8bf0e1f9051f</sln:miejscIIPId><sln:miejscIIPPn>PL.PZGIK.200</sln:miejscIIPPn><sln:miejscIIPWersja>2017-03-24T18:15:04+02:00</sln:miejscIIPWersja><sln:miejscIdTeryt>0624150</sln:miejscIdTeryt><sln:miejscNazwa>Brody</sln:miejscNazwa><sln:miejscRodzaj>Wieś</sln:miejscRodzaj><sln:powIIPId>3bed0908-7bc7-4981-89d9-c3a9075e317c</sln:powIIPId><sln:powIIPPn>PL.PZGIK.200</sln:powIIPPn><sln:powIIPWersja>2012-09-27T08:13:53+02:00</sln:powIIPWersja><sln:powIdTeryt>1425</sln:powIdTeryt><sln:powNazwa>radomski</sln:powNazwa><sln:waznyOd>2014-06-24T00:00:00+02:00</sln:waznyOd><sln:wojIIPId>4b6c492a-eb04-441d-a92a-f44359c06de7</sln:wojIIPId><sln:wojIIPPn>PL.PZGIK.200</sln:wojIIPPn><sln:wojIIPWersja>2012-09-27T13:45:13+02:00</sln:wojIIPWersja><sln:wojIdTeryt>14</sln:wojIdTeryt><sln:wojNazwa>mazowieckie</sln:wojNazwa></sln:miejscowosc><sln:miejscowosc><sln:cyklZyciaOd>2017-03-24T00:00:00+01:00</sln:cyklZyciaOd><sln:gmIIPId>5bf5fb09-271b-4258-b3f0-905c6e7118a1</sln:gmIIPId><sln:gmIIPPn>PL.PZGIK.200</sln:gmIIPPn><sln:gmIIPWersja>2012-09-26T21:56:29+02:00</sln:gmIIPWersja><sln:gmIdTeryt>1425042</sln:gmIdTeryt><sln:gmNazwa>Jastrzębia</sln:gmNazwa><sln:miejscIIPId>6677886e-b661-4dce-a3fa-c8839b794b0c</sln:miejscIIPId><sln:miejscIIPPn>PL.PZGIK.200</sln:miejscIIPPn><sln:miejscIIPWersja>2017-03-24T18:15:04+02:00</sln:miejscIIPWersja><sln:miejscIdTeryt>0624189</sln:miejscIdTeryt><sln:miejscNazwa>Dąbrowa Jastrzębska</sln:miejscNazwa><sln:miejscRodzaj>Wieś</sln:miejscRodzaj><sln:powIIPId>3bed0908-7bc7-4981-89d9-c3a9075e317c</sln:powIIPId><sln:powIIPPn>PL.PZGIK.200</sln:powIIPPn><sln:powIIPWersja>2012-09-27T08:13:53+02:00</sln:powIIPWersja><sln:powIdTeryt>1425</sln:powIdTeryt><sln:powNazwa>radomski</sln:powNazwa><sln:waznyOd>2014-06-24T00:00:00+02:00</sln:waznyOd><sln:wojIIPId>4b6c492a-eb04-441d-a92a-f44359c06de7</sln:wojIIPId><sln:wojIIPPn>PL.PZGIK.200</sln:wojIIPPn><sln:wojIIPWersja>2012-09-27T13:45:13+02:00</sln:wojIIPWersja><sln:wojIdTeryt>14</sln:wojIdTeryt><sln:wojNazwa>mazowieckie</sln:wojNazwa></sln:miejscowosc><sln:miejscowosc><sln:cyklZyciaOd>2017-03-24T00:00:00+01:00</sln:cyklZyciaOd><sln:gmIIPId>5bf5fb09-271b-4258-b3f0-905c6e7118a1</sln:gmIIPId><sln:gmIIPPn>PL.PZGIK.200</sln:gmIIPPn><sln:gmIIPWersja>2012-09-26T21:56:29+02:00</sln:gmIIPWersja><sln:gmIdTeryt>1425042</sln:gmIdTeryt><sln:gmNazwa>Jastrzębia</sln:gmNazwa><sln:miejscIIPId>4c693693-c32b-48be-a789-0a737c81672d</sln:miejscIIPId><sln:miejscIIPPn>PL.PZGIK.200</sln:miejscIIPPn><sln:miejscIIPWersja>2017-03-24T18:15:04+02:00</sln:miejscIIPWersja><sln:miejscIdTeryt>0624203</sln:miejscIdTeryt><sln:miejscNazwa>Dąbrowa Kozłowska</sln:miejscNazwa><sln:miejscRodzaj>Wieś</sln:miejscRodzaj><sln:powIIPId>3bed0908-7bc7-4981-89d9-c3a9075e317c</sln:powIIPId><sln:powIIPPn>PL.PZGIK.200</sln:powIIPPn><sln:powIIPWersja>2012-09-27T08:13:53+02:00</sln:powIIPWersja><sln:powIdTeryt>1425</sln:powIdTeryt><sln:powNazwa>radomski</sln:powNazwa><sln:waznyOd>2014-06-24T00:00:00+02:00</sln:waznyOd><sln:wojIIPId>4b6c492a-eb04-441d-a92a-f44359c06de7</sln:wojIIPId><sln:wojIIPPn>PL.PZGIK.200</sln:wojIIPPn><sln:wojIIPWersja>2012-09-27T13:45:13+02:00</sln:wojIIPWersja><sln:wojIdTeryt>14</sln:wojIdTeryt><sln:wojNazwa>mazowieckie</sln:wojNazwa></sln:miejscowosc><sln:miejscowosc><sln:cyklZyciaOd>2017-03-24T00:00:00+01:00</sln:cyklZyciaOd><sln:gmIIPId>5bf5fb09-271b-4258-b3f0-905c6e7118a1</sln:gmIIPId><sln:gmIIPPn>PL.PZGIK.200</sln:gmIIPPn><sln:gmIIPWersja>2012-09-26T21:56:29+02:00</sln:gmIIPWersja><sln:gmIdTeryt>1425042</sln:gmIdTeryt><sln:gmNazwa>Jastrzębia</sln:gmNazwa><sln:miejscIIPId>667059e3-1171-42ec-b0d6-606e25a72b3b</sln:miejscIIPId><sln:miejscIIPPn>PL.PZGIK.200</sln:miejscIIPPn><sln:miejscIIPWersja>2017-03-24T18:15:04+02:00</sln:miejscIIPWersja><sln:miejscIdTeryt>0624232</sln:miejscIdTeryt><sln:miejscNazwa>Goryń</sln:miejscNazwa><sln:miejscRodzaj>Wieś</sln:miejscRodzaj><sln:powIIPId>3bed0908-7bc7-4981-89d9-c3a9075e317c</sln:powIIPId><sln:powIIPPn>PL.PZGIK.200</sln:powIIPPn><sln:powIIPWersja>2012-09-27T08:13:53+02:00</sln:powIIPWersja><sln:powIdTeryt>1425</sln:powIdTeryt><sln:powNazwa>radomski</sln:powNazwa><sln:waznyOd>2014-06-24T00:00:00+02:00</sln:waznyOd><sln:wojIIPId>4b6c492a-eb04-441d-a92a-f44359c06de7</sln:wojIIPId><sln:wojIIPPn>PL.PZGIK.200</sln:wojIIPPn><sln:wojIIPWersja>2012-09-27T13:45:13+02:00</sln:wojIIPWersja><sln:wojIdTeryt>14</sln:wojIdTeryt><sln:wojNazwa>mazowieckie</sln:wojNazwa></sln:miejscowosc><sln:miejscowosc><sln:cyklZyciaOd>2017-03-24T00:00:00+01:00</sln:cyklZyciaOd><sln:gmIIPId>5bf5fb09-271b-4258-b3f0-905c6e7118a1</sln:gmIIPId><sln:gmIIPPn>PL.PZGIK.200</sln:gmIIPPn><sln:gmIIPWersja>2012-09-26T21:56:29+02:00</sln:gmIIPWersja><sln:gmIdTeryt>1425042</sln:gmIdTeryt><sln:gmNazwa>Jastrzębia</sln:gmNazwa><sln:miejscIIPId>b6b74b6f-1282-4f9f-b789-c824ef0aaf9b</sln:miejscIIPId><sln:miejscIIPPn>PL.PZGIK.200</sln:miejscIIPPn><sln:miejscIIPWersja>2017-03-24T18:15:04+02:00</sln:miejscIIPWersja><sln:miejscIdTeryt>0624249</sln:miejscIdTeryt><sln:miejscNazwa>Jastrzębia</sln:miejscNazwa><sln:miejscRodzaj>Wieś</sln:miejscRodzaj><sln:powIIPId>3bed0908-7bc7-4981-89d9-c3a9075e317c</sln:powIIPId><sln:powIIPPn>PL.PZGIK.200</sln:powIIPPn><sln:powIIPWersja>2012-09-27T08:13:53+02:00</sln:powIIPWersja><sln:powIdTeryt>1425</sln:powIdTeryt><sln:powNazwa>radomski</sln:powNazwa><sln:waznyOd>2014-06-24T00:00:00+02:00</sln:waznyOd><sln:wojIIPId>4b6c492a-eb04-441d-a92a-f44359c06de7</sln:wojIIPId><sln:wojIIPPn>PL.PZGIK.200</sln:wojIIPPn><sln:wojIIPWersja>2012-09-27T13:45:13+02:00</sln:wojIIPWersja><sln:wojIdTeryt>14</sln:wojIdTeryt><sln:wojNazwa>mazowieckie</sln:wojNazwa></sln:miejscowosc><sln:miejscowosc><sln:cyklZyciaOd>2017-03-24T00:00:00+01:00</sln:cyklZyciaOd><sln:gmIIPId>5bf5fb09-271b-4258-b3f0-905c6e7118a1</sln:gmIIPId><sln:gmIIPPn>PL.PZGIK.200</sln:gmIIPPn><sln:gmIIPWersja>2012-09-26T21:56:29+02:00</sln:gmIIPWersja><sln:gmIdTeryt>1425042</sln:gmIdTeryt><sln:gmNazwa>Jastrzębia</sln:gmNazwa><sln:miejscIIPId>0ec8649a-935c-428e-9c87-74a396ca312a</sln:miejscIIPId><sln:miejscIIPPn>PL.PZGIK.200</sln:miejscIIPPn><sln:miejscIIPWersja>2017-03-24T18:15:04+02:00</sln:miejscIIPWersja><sln:miejscIdTeryt>0624261</sln:miejscIdTeryt><sln:miejscNazwa>Kozłów</sln:miejscNazwa><sln:miejscRodzaj>Wieś</sln:miejscRodzaj><sln:powIIPId>3bed0908-7bc7-4981-89d9-c3a9075e317c</sln:powIIPId><sln:powIIPPn>PL.PZGIK.200</sln:powIIPPn><sln:powIIPWersja>2012-09-27T08:13:53+02:00</sln:powIIPWersja><sln:powIdTeryt>1425</sln:powIdTeryt><sln:powNazwa>radomski</sln:powNazwa><sln:waznyOd>2014-06-24T00:00:00+02:00</sln:waznyOd><sln:wojIIPId>4b6c492a-eb04-441d-a92a-f44359c06de7</sln:wojIIPId><sln:wojIIPPn>PL.PZGIK.200</sln:wojIIPPn><sln:wojIIPWersja>2012-09-27T13:45:13+02:00</sln:wojIIPWersja><sln:wojIdTeryt>14</sln:wojIdTeryt><sln:wojNazwa>mazowieckie</sln:wojNazwa></sln:miejscowosc><sln:miejscowosc><sln:cyklZyciaOd>2017-03-24T00:00:00+01:00</sln:cyklZyciaOd><sln:gmIIPId>5bf5fb09-271b-4258-b3f0-905c6e7118a1</sln:gmIIPId><sln:gmIIPPn>PL.PZGIK.200</sln:gmIIPPn><sln:gmIIPWersja>2012-09-26T21:56:29+02:00</sln:gmIIPWersja><sln:gmIdTeryt>1425042</sln:gmIdTeryt><sln:gmNazwa>Jastrzębia</sln:gmNazwa><sln:miejscIIPId>1b02110a-651e-4ee7-9ac5-1d235aeb9caa</sln:miejscIIPId><sln:miejscIIPPn>PL.PZGIK.200</sln:miejscIIPPn><sln:miejscIIPWersja>2017-03-24T18:15:04+02:00</sln:miejscIIPWersja><sln:miejscIdTeryt>0624284</sln:miejscIdTeryt><sln:miejscNazwa>Lesiów</sln:miejscNazwa><sln:miejscRodzaj>Wieś</sln:miejscRodzaj><sln:powIIPId>3bed0908-7bc7-4981-89d9-c3a9075e317c</sln:powIIPId><sln:powIIPPn>PL.PZGIK.200</sln:powIIPPn><sln:powIIPWersja>2012-09-27T08:13:53+02:00</sln:powIIPWersja><sln:powIdTeryt>1425</sln:powIdTeryt><sln:powNazwa>radomski</sln:powNazwa><sln:waznyOd>2014-06-24T00:00:00+02:00</sln:waznyOd><sln:wojIIPId>4b6c492a-eb04-441d-a92a-f44359c06de7</sln:wojIIPId><sln:wojIIPPn>PL.PZGIK.200</sln:wojIIPPn><sln:wojIIPWersja>2012-09-27T13:45:13+02:00</sln:wojIIPWersja><sln:wojIdTeryt>14</sln:wojIdTeryt><sln:wojNazwa>mazowieckie</sln:wojNazwa></sln:miejscowosc><sln:miejscowosc><sln:cyklZyciaOd>2017-03-24T00:00:00+01:00</sln:cyklZyciaOd><sln:gmIIPId>5bf5fb09-271b-4258-b3f0-905c6e7118a1</sln:gmIIPId><sln:gmIIPPn>PL.PZGIK.200</sln:gmIIPPn><sln:gmIIPWersja>2012-09-26T21:56:29+02:00</sln:gmIIPWersja><sln:gmIdTeryt>1425042</sln:gmIdTeryt><sln:gmNazwa>Jastrzębia</sln:gmNazwa><sln:miejscIIPId>3c60990d-6e4f-48a7-9d56-f3c59b5200f7</sln:miejscIIPId><sln:miejscIIPPn>PL.PZGIK.200</sln:miejscIIPPn><sln:miejscIIPWersja>2017-03-24T18:15:04+02:00</sln:miejscIIPWersja><sln:miejscIdTeryt>0624309</sln:miejscIdTeryt><sln:miejscNazwa>Kolonia Lesiów</sln:miejscNazwa><sln:miejscRodzaj>Wieś</sln:miejscRodzaj><sln:powIIPId>3bed0908-7bc7-4981-89d9-c3a9075e317c</sln:powIIPId><sln:powIIPPn>PL.PZGIK.200</sln:powIIPPn><sln:powIIPWersja>2012-09-27T08:13:53+02:00</sln:powIIPWersja><sln:powIdTeryt>1425</sln:powIdTeryt><sln:powNazwa>radomski</sln:powNazwa><sln:waznyOd>2014-06-24T00:00:00+02:00</sln:waznyOd><sln:wojIIPId>4b6c492a-eb04-441d-a92a-f44359c06de7</sln:wojIIPId><sln:wojIIPPn>PL.PZGIK.200</sln:wojIIPPn><sln:wojIIPWersja>2012-09-27T13:45:13+02:00</sln:wojIIPWersja><sln:wojIdTeryt>14</sln:wojIdTeryt><sln:wojNazwa>mazowieckie</sln:wojNazwa></sln:miejscowosc><sln:miejscowosc><sln:cyklZyciaOd>2017-03-24T00:00:00+01:00</sln:cyklZyciaOd><sln:gmIIPId>5bf5fb09-271b-4258-b3f0-905c6e7118a1</sln:gmIIPId><sln:gmIIPPn>PL.PZGIK.200</sln:gmIIPPn><sln:gmIIPWersja>2012-09-26T21:56:29+02:00</sln:gmIIPWersja><sln:gmIdTeryt>1425042</sln:gmIdTeryt><sln:gmNazwa>Jastrzębia</sln:gmNazwa><sln:miejscIIPId>5f6739cd-6894-40c3-9b32-ba3ca3d9f46b</sln:miejscIIPId><sln:miejscIIPPn>PL.PZGIK.200</sln:miejscIIPPn><sln:miejscIIPWersja>2017-03-24T18:15:04+02:00</sln:miejscIIPWersja><sln:miejscIdTeryt>0624315</sln:miejscIdTeryt><sln:miejscNazwa>Lewaszówka</sln:miejscNazwa><sln:miejscRodzaj>Wieś</sln:miejscRodzaj><sln:powIIPId>3bed0908-7bc7-4981-89d9-c3a9075e317c</sln:powIIPId><sln:powIIPPn>PL.PZGIK.200</sln:powIIPPn><sln:powIIPWersja>2012-09-27T08:13:53+02:00</sln:powIIPWersja><sln:powIdTeryt>1425</sln:powIdTeryt><sln:powNazwa>radomski</sln:powNazwa><sln:waznyOd>2014-06-24T00:00:00+02:00</sln:waznyOd><sln:wojIIPId>4b6c492a-eb04-441d-a92a-f44359c06de7</sln:wojIIPId><sln:wojIIPPn>PL.PZGIK.200</sln:wojIIPPn><sln:wojIIPWersja>2012-09-27T13:45:13+02:00</sln:wojIIPWersja><sln:wojIdTeryt>14</sln:wojIdTeryt><sln:wojNazwa>mazowieckie</sln:wojNazwa></sln:miejscowosc><sln:miejscowosc><sln:cyklZyciaOd>2017-03-24T00:00:00+01:00</sln:cyklZyciaOd><sln:gmIIPId>5bf5fb09-271b-4258-b3f0-905c6e7118a1</sln:gmIIPId><sln:gmIIPPn>PL.PZGIK.200</sln:gmIIPPn><sln:gmIIPWersja>2012-09-26T21:56:29+02:00</sln:gmIIPWersja><sln:gmIdTeryt>1425042</sln:gmIdTeryt><sln:gmNazwa>Jastrzębia</sln:gmNazwa><sln:miejscIIPId>261fea27-dc76-42f3-a0dc-a1e36b308dc6</sln:miejscIIPId><sln:miejscIIPPn>PL.PZGIK.200</sln:miejscIIPPn><sln:miejscIIPWersja>2017-03-24T18:15:04+02:00</sln:miejscIIPWersja><sln:miejscIdTeryt>0624321</sln:miejscIdTeryt><sln:miejscNazwa>Mąkosy Nowe</sln:miejscNazwa><sln:miejscRodzaj>Wieś</sln:miejscRodzaj><sln:powIIPId>3bed0908-7bc7-4981-89d9-c3a9075e317c</sln:powIIPId><sln:powIIPPn>PL.PZGIK.200</sln:powIIPPn><sln:powIIPWersja>2012-09-27T08:13:53+02:00</sln:powIIPWersja><sln:powIdTeryt>1425</sln:powIdTeryt><sln:powNazwa>radomski</sln:powNazwa><sln:waznyOd>2014-06-24T00:00:00+02:00</sln:waznyOd><sln:wojIIPId>4b6c492a-eb04-441d-a92a-f44359c06de7</sln:wojIIPId><sln:wojIIPPn>PL.PZGIK.200</sln:wojIIPPn><sln:wojIIPWersja>2012-09-27T13:45:13+02:00</sln:wojIIPWersja><sln:wojIdTeryt>14</sln:wojIdTeryt><sln:wojNazwa>mazowieckie</sln:wojNazwa></sln:miejscowosc><sln:miejscowosc><sln:cyklZyciaOd>2017-03-24T00:00:00+01:00</sln:cyklZyciaOd><sln:gmIIPId>5bf5fb09-271b-4258-b3f0-905c6e7118a1</sln:gmIIPId><sln:gmIIPPn>PL.PZGIK.200</sln:gmIIPPn><sln:gmIIPWersja>2012-09-26T21:56:29+02:00</sln:gmIIPWersja><sln:gmIdTeryt>1425042</sln:gmIdTeryt><sln:gmNazwa>Jastrzębia</sln:gmNazwa><sln:miejscIIPId>2cf9340c-485b-44ea-8f15-089676e308aa</sln:miejscIIPId><sln:miejscIIPPn>PL.PZGIK.200</sln:miejscIIPPn><sln:miejscIIPWersja>2017-03-24T18:15:05+02:00</sln:miejscIIPWersja><sln:miejscIdTeryt>0624344</sln:miejscIdTeryt><sln:miejscNazwa>Olszowa</sln:miejscNazwa><sln:miejscRodzaj>Wieś</sln:miejscRodzaj><sln:powIIPId>3bed0908-7bc7-4981-89d9-c3a9075e317c</sln:powIIPId><sln:powIIPPn>PL.PZGIK.200</sln:powIIPPn><sln:powIIPWersja>2012-09-27T08:13:53+02:00</sln:powIIPWersja><sln:powIdTeryt>1425</sln:powIdTeryt><sln:powNazwa>radomski</sln:powNazwa><sln:waznyOd>2014-06-24T00:00:00+02:00</sln:waznyOd><sln:wojIIPId>4b6c492a-eb04-441d-a92a-f44359c06de7</sln:wojIIPId><sln:wojIIPPn>PL.PZGIK.200</sln:wojIIPPn><sln:wojIIPWersja>2012-09-27T13:45:13+02:00</sln:wojIIPWersja><sln:wojIdTeryt>14</sln:wojIdTeryt><sln:wojNazwa>mazowieckie</sln:wojNazwa></sln:miejscowosc><sln:miejscowosc><sln:cyklZyciaOd>2017-03-24T00:00:00+01:00</sln:cyklZyciaOd><sln:gmIIPId>5bf5fb09-271b-4258-b3f0-905c6e7118a1</sln:gmIIPId><sln:gmIIPPn>PL.PZGIK.200</sln:gmIIPPn><sln:gmIIPWersja>2012-09-26T21:56:29+02:00</sln:gmIIPWersja><sln:gmIdTeryt>1425042</sln:gmIdTeryt><sln:gmNazwa>Jastrzębia</sln:gmNazwa><sln:miejscIIPId>72a1f0d6-4e00-45f2-8164-b484c6343346</sln:miejscIIPId><sln:miejscIIPPn>PL.PZGIK.200</sln:miejscIIPPn><sln:miejscIIPWersja>2017-03-24T18:15:05+02:00</sln:miejscIIPWersja><sln:miejscIdTeryt>0624373</sln:miejscIdTeryt><sln:miejscNazwa>Owadów</sln:miejscNazwa><sln:miejscRodzaj>Wieś</sln:miejscRodzaj><sln:powIIPId>3bed0908-7bc7-4981-89d9-c3a9075e317c</sln:powIIPId><sln:powIIPPn>PL.PZGIK.200</sln:powIIPPn><sln:powIIPWersja>2012-09-27T08:13:53+02:00</sln:powIIPWersja><sln:powIdTeryt>1425</sln:powIdTeryt><sln:powNazwa>radomski</sln:powNazwa><sln:waznyOd>2014-06-24T00:00:00+02:00</sln:waznyOd><sln:wojIIPId>4b6c492a-eb04-441d-a92a-f44359c06de7</sln:wojIIPId><sln:wojIIPPn>PL.PZGIK.200</sln:wojIIPPn><sln:wojIIPWersja>2012-09-27T13:45:13+02:00</sln:wojIIPWersja><sln:wojIdTeryt>14</sln:wojIdTeryt><sln:wojNazwa>mazowieckie</sln:wojNazwa></sln:miejscowosc><sln:miejscowosc><sln:cyklZyciaOd>2017-03-24T00:00:00+01:00</sln:cyklZyciaOd><sln:gmIIPId>5bf5fb09-271b-4258-b3f0-905c6e7118a1</sln:gmIIPId><sln:gmIIPPn>PL.PZGIK.200</sln:gmIIPPn><sln:gmIIPWersja>2012-09-26T21:56:29+02:00</sln:gmIIPWersja><sln:gmIdTeryt>1425042</sln:gmIdTeryt><sln:gmNazwa>Jastrzębia</sln:gmNazwa><sln:miejscIIPId>a568dee8-2d49-497f-8732-62d2e75dde65</sln:miejscIIPId><sln:miejscIIPPn>PL.PZGIK.200</sln:miejscIIPPn><sln:miejscIIPWersja>2017-03-24T18:15:05+02:00</sln:miejscIIPWersja><sln:miejscIdTeryt>0624404</sln:miejscIdTeryt><sln:miejscNazwa>Mąkosy Stare</sln:miejscNazwa><sln:miejscRodzaj>Wieś</sln:miejscRodzaj><sln:powIIPId>3bed0908-7bc7-4981-89d9-c3a9075e317c</sln:powIIPId><sln:powIIPPn>PL.PZGIK.200</sln:powIIPPn><sln:powIIPWersja>2012-09-27T08:13:53+02:00</sln:powIIPWersja><sln:powIdTeryt>1425</sln:powIdTeryt><sln:powNazwa>radomski</sln:powNazwa><sln:waznyOd>2014-06-24T00:00:00+02:00</sln:waznyOd><sln:wojIIPId>4b6c492a-eb04-441d-a92a-f44359c06de7</sln:wojIIPId><sln:wojIIPPn>PL.PZGIK.200</sln:wojIIPPn><sln:wojIIPWersja>2012-09-27T13:45:13+02:00</sln:wojIIPWersja><sln:wojIdTeryt>14</sln:wojIdTeryt><sln:wojNazwa>mazowieckie</sln:wojNazwa></sln:miejscowosc><sln:miejscowosc><sln:cyklZyciaOd>2017-03-24T00:00:00+01:00</sln:cyklZyciaOd><sln:gmIIPId>5bf5fb09-271b-4258-b3f0-905c6e7118a1</sln:gmIIPId><sln:gmIIPPn>PL.PZGIK.200</sln:gmIIPPn><sln:gmIIPWersja>2012-09-26T21:56:29+02:00</sln:gmIIPWersja><sln:gmIdTeryt>1425042</sln:gmIdTeryt><sln:gmNazwa>Jastrzębia</sln:gmNazwa><sln:miejscIIPId>b20cf8a1-0658-46f6-bc92-ca53540617b9</sln:miejscIIPId><sln:miejscIIPPn>PL.PZGIK.200</sln:miejscIIPPn><sln:miejscIIPWersja>2017-03-24T18:15:05+02:00</sln:miejscIIPWersja><sln:miejscIdTeryt>0624433</sln:miejscIdTeryt><sln:miejscNazwa>Wojciechów</sln:miejscNazwa><sln:miejscRodzaj>Wieś</sln:miejscRodzaj><sln:powIIPId>3bed0908-7bc7-4981-89d9-c3a9075e317c</sln:powIIPId><sln:powIIPPn>PL.PZGIK.200</sln:powIIPPn><sln:powIIPWersja>2012-09-27T08:13:53+02:00</sln:powIIPWersja><sln:powIdTeryt>1425</sln:powIdTeryt><sln:powNazwa>radomski</sln:powNazwa><sln:waznyOd>2014-06-24T00:00:00+02:00</sln:waznyOd><sln:wojIIPId>4b6c492a-eb04-441d-a92a-f44359c06de7</sln:wojIIPId><sln:wojIIPPn>PL.PZGIK.200</sln:wojIIPPn><sln:wojIIPWersja>2012-09-27T13:45:13+02:00</sln:wojIIPWersja><sln:wojIdTeryt>14</sln:wojIdTeryt><sln:wojNazwa>mazowieckie</sln:wojNazwa></sln:miejscowosc><sln:miejscowosc><sln:cyklZyciaOd>2017-03-24T00:00:00+01:00</sln:cyklZyciaOd><sln:gmIIPId>5bf5fb09-271b-4258-b3f0-905c6e7118a1</sln:gmIIPId><sln:gmIIPPn>PL.PZGIK.200</sln:gmIIPPn><sln:gmIIPWersja>2012-09-26T21:56:29+02:00</sln:gmIIPWersja><sln:gmIdTeryt>1425042</sln:gmIdTeryt><sln:gmNazwa>Jastrzębia</sln:gmNazwa><sln:miejscIIPId>e3b7fc2b-1e69-43b7-8a78-a54c10fbc2b2</sln:miejscIIPId><sln:miejscIIPPn>PL.PZGIK.200</sln:miejscIIPPn><sln:miejscIIPWersja>2017-03-24T18:15:05+02:00</sln:miejscIIPWersja><sln:miejscIdTeryt>0624440</sln:miejscIdTeryt><sln:miejscNazwa>Wola Goryńska</sln:miejscNazwa><sln:miejscRodzaj>Wieś</sln:miejscRodzaj><sln:powIIPId>3bed0908-7bc7-4981-89d9-c3a9075e317c</sln:powIIPId><sln:powIIPPn>PL.PZGIK.200</sln:powIIPPn><sln:powIIPWersja>2012-09-27T08:13:53+02:00</sln:powIIPWersja><sln:powIdTeryt>1425</sln:powIdTeryt><sln:powNazwa>radomski</sln:powNazwa><sln:waznyOd>2014-06-24T00:00:00+02:00</sln:waznyOd><sln:wojIIPId>4b6c492a-eb04-441d-a92a-f44359c06de7</sln:wojIIPId><sln:wojIIPPn>PL.PZGIK.200</sln:wojIIPPn><sln:wojIIPWersja>2012-09-27T13:45:13+02:00</sln:wojIIPWersja><sln:wojIdTeryt>14</sln:wojIdTeryt><sln:wojNazwa>mazowieckie</sln:wojNazwa></sln:miejscowosc><sln:miejscowosc><sln:cyklZyciaOd>2017-03-24T00:00:00+01:00</sln:cyklZyciaOd><sln:gmIIPId>5bf5fb09-271b-4258-b3f0-905c6e7118a1</sln:gmIIPId><sln:gmIIPPn>PL.PZGIK.200</sln:gmIIPPn><sln:gmIIPWersja>2012-09-26T21:56:29+02:00</sln:gmIIPWersja><sln:gmIdTeryt>1425042</sln:gmIdTeryt><sln:gmNazwa>Jastrzębia</sln:gmNazwa><sln:miejscIIPId>c0986bd0-3285-419e-9eb6-bc4db9215d5d</sln:miejscIIPId><sln:miejscIIPPn>PL.PZGIK.200</sln:miejscIIPPn><sln:miejscIIPWersja>2017-03-24T18:15:05+02:00</sln:miejscIIPWersja><sln:miejscIdTeryt>0624479</sln:miejscIdTeryt><sln:miejscNazwa>Wola Owadowska</sln:miejscNazwa><sln:miejscRodzaj>Wieś</sln:miejscRodzaj><sln:powIIPId>3bed0908-7bc7-4981-89d9-c3a9075e317c</sln:powIIPId><sln:powIIPPn>PL.PZGIK.200</sln:powIIPPn><sln:powIIPWersja>2012-09-27T08:13:53+02:00</sln:powIIPWersja><sln:powIdTeryt>1425</sln:powIdTeryt><sln:powNazwa>radomski</sln:powNazwa><sln:waznyOd>2014-06-24T00:00:00+02:00</sln:waznyOd><sln:wojIIPId>4b6c492a-eb04-441d-a92a-f44359c06de7</sln:wojIIPId><sln:wojIIPPn>PL.PZGIK.200</sln:wojIIPPn><sln:wojIIPWersja>2012-09-27T13:45:13+02:00</sln:wojIIPWersja><sln:wojIdTeryt>14</sln:wojIdTeryt><sln:wojNazwa>mazowieckie</sln:wojNazwa></sln:miejscowosc><sln:miejscowosc><sln:cyklZyciaOd>2017-03-24T00:00:00+01:00</sln:cyklZyciaOd><sln:gmIIPId>5bf5fb09-271b-4258-b3f0-905c6e7118a1</sln:gmIIPId><sln:gmIIPPn>PL.PZGIK.200</sln:gmIIPPn><sln:gmIIPWersja>2012-09-26T21:56:29+02:00</sln:gmIIPWersja><sln:gmIdTeryt>1425042</sln:gmIdTeryt><sln:gmNazwa>Jastrzębia</sln:gmNazwa><sln:miejscIIPId>dc0b48e4-f0a0-4a73-b7d6-1bf5930bc1f5</sln:miejscIIPId><sln:miejscIIPPn>PL.PZGIK.200</sln:miejscIIPPn><sln:miejscIIPWersja>2017-03-24T18:15:05+02:00</sln:miejscIIPWersja><sln:miejscIdTeryt>0624491</sln:miejscIdTeryt><sln:miejscNazwa>Wolska Dąbrowa</sln:miejscNazwa><sln:miejscRodzaj>Wieś</sln:miejscRodzaj><sln:powIIPId>3bed0908-7bc7-4981-89d9-c3a9075e317c</sln:powIIPId><sln:powIIPPn>PL.PZGIK.200</sln:powIIPPn><sln:powIIPWersja>2012-09-27T08:13:53+02:00</sln:powIIPWersja><sln:powIdTeryt>1425</sln:powIdTeryt><sln:powNazwa>radomski</sln:powNazwa><sln:waznyOd>2014-06-24T00:00:00+02:00</sln:waznyOd><sln:wojIIPId>4b6c492a-eb04-441d-a92a-f44359c06de7</sln:wojIIPId><sln:wojIIPPn>PL.PZGIK.200</sln:wojIIPPn><sln:wojIIPWersja>2012-09-27T13:45:13+02:00</sln:wojIIPWersja><sln:wojIdTeryt>14</sln:wojIdTeryt><sln:wojNazwa>mazowieckie</sln:wojNazwa></sln:miejscowosc><sln:miejscowosc><sln:cyklZyciaOd>2017-03-24T00:00:00+01:00</sln:cyklZyciaOd><sln:gmIIPId>5bf5fb09-271b-4258-b3f0-905c6e7118a1</sln:gmIIPId><sln:gmIIPPn>PL.PZGIK.200</sln:gmIIPPn><sln:gmIIPWersja>2012-09-26T21:56:29+02:00</sln:gmIIPWersja><sln:gmIdTeryt>1425042</sln:gmIdTeryt><sln:gmNazwa>Jastrzębia</sln:gmNazwa><sln:miejscIIPId>b5cb3371-8c01-498f-a916-f0b250cfba2c</sln:miejscIIPId><sln:miejscIIPPn>PL.PZGIK.200</sln:miejscIIPPn><sln:miejscIIPWersja>2017-03-24T18:15:05+02:00</sln:miejscIIPWersja><sln:miejscIdTeryt>0624516</sln:miejscIdTeryt><sln:miejscNazwa>Wólka Lesiowska</sln:miejscNazwa><sln:miejscRodzaj>Wieś</sln:miejscRodzaj><sln:powIIPId>3bed0908-7bc7-4981-89d9-c3a9075e317c</sln:powIIPId><sln:powIIPPn>PL.PZGIK.200</sln:powIIPPn><sln:powIIPWersja>2012-09-27T08:13:53+02:00</sln:powIIPWersja><sln:powIdTeryt>1425</sln:powIdTeryt><sln:powNazwa>radomski</sln:powNazwa><sln:waznyOd>2014-06-24T00:00:00+02:00</sln:waznyOd><sln:wojIIPId>4b6c492a-eb04-441d-a92a-f44359c06de7</sln:wojIIPId><sln:wojIIPPn>PL.PZGIK.200</sln:wojIIPPn><sln:wojIIPWersja>2012-09-27T13:45:13+02:00</sln:wojIIPWersja><sln:wojIdTeryt>14</sln:wojIdTeryt><sln:wojNazwa>mazowieckie</sln:wojNazwa></sln:miejscowosc></sln:lista-miejscowosci>