<?xml version="1.0" encoding="UTF-8" standalone="yes"?><sln:lista-miejscowosci xmlns:srv="http://gugik.gov.pl/schemas/slowniki-service/1.0" xmlns:sln="http://gugik.gov.pl/schemas/slowniki-schema/1.0"><sln:miejscowosc><sln:cyklZyciaDo>2017-03-21T00:00:00+01:00</sln:cyklZyciaDo><sln:cyklZyciaOd>2015-03-20T00:00:00+01:00</sln:cyklZyciaOd><sln:gmIIPId>ea5a4bdb-e5d7-4f51-adf9-e0a811f07f31</sln:gmIIPId><sln:gmIIPPn>PL.PZGIK.200</sln:gmIIPPn><sln:gmIIPWersja>2012-09-26T21:58:15+02:00</sln:gmIIPWersja><sln:gmIdTeryt>1436032</sln:gmIdTeryt><sln:gmNazwa>Przyłęk</sln:gmNazwa><sln:miejscIIPId>f89df1c7-5069-4c66-9496-5088b3053df9</sln:miejscIIPId><sln:miejscIIPPn>PL.PZGIK.200</sln:miejscIIPPn><sln:miejscIIPWersja>2016-11-24T11:39:02+02:00</sln:miejscIIPWersja><sln:miejscIdTeryt>0633225</sln:miejscIdTeryt><sln:miejscNazwa>Andrzejów</sln:miejscNazwa><sln:miejscRodzaj>Inny obiekt</sln:miejscRodzaj><sln:powIIPId>b6830ad0-d491-40c3-b2f6-f9a35c467d34</sln:powIIPId><sln:powIIPPn>PL.PZGIK.200</sln:powIIPPn><sln:powIIPWersja>2012-09-27T08:13:53+02:00</sln:powIIPWersja><sln:powIdTeryt>1436</sln:powIdTeryt><sln:powNazwa>zwoleński</sln:powNazwa><sln:waznyOd>2014-06-23T00:00:00+02:00</sln:waznyOd><sln:wojIIPId>4b6c492a-eb04-441d-a92a-f44359c06de7</sln:wojIIPId><sln:wojIIPPn>PL.PZGIK.200</sln:wojIIPPn><sln:wojIIPWersja>2012-09-27T13:45:13+02:00</sln:wojIIPWersja><sln:wojIdTeryt>14</sln:wojIdTeryt><sln:wojNazwa>mazowieckie</sln:wojNazwa></sln:miejscowosc><sln:miejscowosc><sln:cyklZyciaDo>2017-03-21T00:00:00+01:00</sln:cyklZyciaDo><sln:cyklZyciaOd>2015-03-20T00:00:00+01:00</sln:cyklZyciaOd><sln:gmIIPId>ea5a4bdb-e5d7-4f51-adf9-e0a811f07f31</sln:gmIIPId><sln:gmIIPPn>PL.PZGIK.200</sln:gmIIPPn><sln:gmIIPWersja>2012-09-26T21:58:15+02:00</sln:gmIIPWersja><sln:gmIdTeryt>1436032</sln:gmIdTeryt><sln:gmNazwa>Przyłęk</sln:gmNazwa><sln:miejscIIPId>a28c9a72-a956-4f58-80f6-44ce73a06a4f</sln:miejscIIPId><sln:miejscIIPPn>PL.PZGIK.200</sln:miejscIIPPn><sln:miejscIIPWersja>2016-11-24T11:39:02+02:00</sln:miejscIIPWersja><sln:miejscIdTeryt>0633260</sln:miejscIdTeryt><sln:miejscNazwa>Babin</sln:miejscNazwa><sln:miejscRodzaj>Inny obiekt</sln:miejscRodzaj><sln:powIIPId>b6830ad0-d491-40c3-b2f6-f9a35c467d34</sln:powIIPId><sln:powIIPPn>PL.PZGIK.200</sln:powIIPPn><sln:powIIPWersja>2012-09-27T08:13:53+02:00</sln:powIIPWersja><sln:powIdTeryt>1436</sln:powIdTeryt><sln:powNazwa>zwoleński</sln:powNazwa><sln:waznyOd>2014-06-23T00:00:00+02:00</sln:waznyOd><sln:wojIIPId>4b6c492a-eb04-441d-a92a-f44359c06de7</sln:wojIIPId><sln:wojIIPPn>PL.PZGIK.200</sln:wojIIPPn><sln:wojIIPWersja>2012-09-27T13:45:13+02:00</sln:wojIIPWersja><sln:wojIdTeryt>14</sln:wojIdTeryt><sln:wojNazwa>mazowieckie</sln:wojNazwa></sln:miejscowosc><sln:miejscowosc><sln:cyklZyciaDo>2017-03-21T00:00:00+01:00</sln:cyklZyciaDo><sln:cyklZyciaOd>2015-03-20T00:00:00+01:00</sln:cyklZyciaOd><sln:gmIIPId>ea5a4bdb-e5d7-4f51-adf9-e0a811f07f31</sln:gmIIPId><sln:gmIIPPn>PL.PZGIK.200</sln:gmIIPPn><sln:gmIIPWersja>2012-09-26T21:58:15+02:00</sln:gmIIPWersja><sln:gmIdTeryt>1436032</sln:gmIdTeryt><sln:gmNazwa>Przyłęk</sln:gmNazwa><sln:miejscIIPId>d864ef81-871e-4e94-a1ad-4f43a4f4512d</sln:miejscIIPId><sln:miejscIIPPn>PL.PZGIK.200</sln:miejscIIPPn><sln:miejscIIPWersja>2016-11-24T11:39:02+02:00</sln:miejscIIPWersja><sln:miejscIdTeryt>0633277</sln:miejscIdTeryt><sln:miejscNazwa>Baryczka</sln:miejscNazwa><sln:miejscRodzaj>Inny obiekt</sln:miejscRodzaj><sln:powIIPId>b6830ad0-d491-40c3-b2f6-f9a35c467d34</sln:powIIPId><sln:powIIPPn>PL.PZGIK.200</sln:powIIPPn><sln:powIIPWersja>2012-09-27T08:13:53+02:00</sln:powIIPWersja><sln:powIdTeryt>1436</sln:powIdTeryt><sln:powNazwa>zwoleński</sln:powNazwa><sln:waznyOd>2014-06-23T00:00:00+02:00</sln:waznyOd><sln:wojIIPId>4b6c492a-eb04-441d-a92a-f44359c06de7</sln:wojIIPId><sln:wojIIPPn>PL.PZGIK.200</sln:wojIIPPn><sln:wojIIPWersja>2012-09-27T13:45:13+02:00</sln:wojIIPWersja><sln:wojIdTeryt>14</sln:wojIdTeryt><sln:wojNazwa>mazowieckie</sln:wojNazwa></sln:miejscowosc><sln:miejscowosc><sln:cyklZyciaDo>2017-03-21T00:00:00+01:00</sln:cyklZyciaDo><sln:cyklZyciaOd>2015-03-20T00:00:00+01:00</sln:cyklZyciaOd><sln:gmIIPId>ea5a4bdb-e5d7-4f51-adf9-e0a811f07f31</sln:gmIIPId><sln:gmIIPPn>PL.PZGIK.200</sln:gmIIPPn><sln:gmIIPWersja>2012-09-26T21:58:15+02:00</sln:gmIIPWersja><sln:gmIdTeryt>1436032</sln:gmIdTeryt><sln:gmNazwa>Przyłęk</sln:gmNazwa><sln:miejscIIPId>893c2ff5-9948-49b2-9073-e1efc8f7bfa9</sln:miejscIIPId><sln:miejscIIPPn>PL.PZGIK.200</sln:miejscIIPPn><sln:miejscIIPWersja>2016-11-24T11:39:02+02:00</sln:miejscIIPWersja><sln:miejscIdTeryt>0633283</sln:miejscIdTeryt><sln:miejscNazwa>Grabów nad Wisłą</sln:miejscNazwa><sln:miejscRodzaj>Inny obiekt</sln:miejscRodzaj><sln:powIIPId>b6830ad0-d491-40c3-b2f6-f9a35c467d34</sln:powIIPId><sln:powIIPPn>PL.PZGIK.200</sln:powIIPPn><sln:powIIPWersja>2012-09-27T08:13:53+02:00</sln:powIIPWersja><sln:powIdTeryt>1436</sln:powIdTeryt><sln:powNazwa>zwoleński</sln:powNazwa><sln:waznyOd>2014-06-23T00:00:00+02:00</sln:waznyOd><sln:wojIIPId>4b6c492a-eb04-441d-a92a-f44359c06de7</sln:wojIIPId><sln:wojIIPPn>PL.PZGIK.200</sln:wojIIPPn><sln:wojIIPWersja>2012-09-27T13:45:13+02:00</sln:wojIIPWersja><sln:wojIdTeryt>14</sln:wojIdTeryt><sln:wojNazwa>mazowieckie</sln:wojNazwa></sln:miejscowosc><sln:miejscowosc><sln:cyklZyciaDo>2017-03-21T00:00:00+01:00</sln:cyklZyciaDo><sln:cyklZyciaOd>2015-03-20T00:00:00+01:00</sln:cyklZyciaOd><sln:gmIIPId>ea5a4bdb-e5d7-4f51-adf9-e0a811f07f31</sln:gmIIPId><sln:gmIIPPn>PL.PZGIK.200</sln:gmIIPPn><sln:gmIIPWersja>2012-09-26T21:58:15+02:00</sln:gmIIPWersja><sln:gmIdTeryt>1436032</sln:gmIdTeryt><sln:gmNazwa>Przyłęk</sln:gmNazwa><sln:miejscIIPId>901a3f67-fe0c-4c90-880f-8f58588bd3e8</sln:miejscIIPId><sln:miejscIIPPn>PL.PZGIK.200</sln:miejscIIPPn><sln:miejscIIPWersja>2016-11-24T13:19:56+02:00</sln:miejscIIPWersja><sln:miejscIdTeryt>0990735</sln:miejscIdTeryt><sln:miejscNazwa>Helenów</sln:miejscNazwa><sln:miejscRodzaj>Inny obiekt</sln:miejscRodzaj><sln:powIIPId>b6830ad0-d491-40c3-b2f6-f9a35c467d34</sln:powIIPId><sln:powIIPPn>PL.PZGIK.200</sln:powIIPPn><sln:powIIPWersja>2012-09-27T08:13:53+02:00</sln:powIIPWersja><sln:powIdTeryt>1436</sln:powIdTeryt><sln:powNazwa>zwoleński</sln:powNazwa><sln:waznyOd>2014-06-23T00:00:00+02:00</sln:waznyOd><sln:wojIIPId>4b6c492a-eb04-441d-a92a-f44359c06de7</sln:wojIIPId><sln:wojIIPPn>PL.PZGIK.200</sln:wojIIPPn><sln:wojIIPWersja>2012-09-27T13:45:13+02:00</sln:wojIIPWersja><sln:wojIdTeryt>14</sln:wojIdTeryt><sln:wojNazwa>mazowieckie</sln:wojNazwa></sln:miejscowosc><sln:miejscowosc><sln:cyklZyciaDo>2017-03-21T00:00:00+01:00</sln:cyklZyciaDo><sln:cyklZyciaOd>2015-03-20T00:00:00+01:00</sln:cyklZyciaOd><sln:gmIIPId>ea5a4bdb-e5d7-4f51-adf9-e0a811f07f31</sln:gmIIPId><sln:gmIIPPn>PL.PZGIK.200</sln:gmIIPPn><sln:gmIIPWersja>2012-09-26T21:58:15+02:00</sln:gmIIPWersja><sln:gmIdTeryt>1436032</sln:gmIdTeryt><sln:gmNazwa>Przyłęk</sln:gmNazwa><sln:miejscIIPId>10eedcfb-55b5-426d-9717-4a020a1c29ab</sln:miejscIIPId><sln:miejscIIPPn>PL.PZGIK.200</sln:miejscIIPPn><sln:miejscIIPWersja>2016-11-24T11:39:02+02:00</sln:miejscIIPWersja><sln:miejscIdTeryt>0633290</sln:miejscIdTeryt><sln:miejscNazwa>Ignaców</sln:miejscNazwa><sln:miejscRodzaj>Inny obiekt</sln:miejscRodzaj><sln:powIIPId>b6830ad0-d491-40c3-b2f6-f9a35c467d34</sln:powIIPId><sln:powIIPPn>PL.PZGIK.200</sln:powIIPPn><sln:powIIPWersja>2012-09-27T08:13:53+02:00</sln:powIIPWersja><sln:powIdTeryt>1436</sln:powIdTeryt><sln:powNazwa>zwoleński</sln:powNazwa><sln:waznyOd>2014-06-23T00:00:00+02:00</sln:waznyOd><sln:wojIIPId>4b6c492a-eb04-441d-a92a-f44359c06de7</sln:wojIIPId><sln:wojIIPPn>PL.PZGIK.200</sln:wojIIPPn><sln:wojIIPWersja>2012-09-27T13:45:13+02:00</sln:wojIIPWersja><sln:wojIdTeryt>14</sln:wojIdTeryt><sln:wojNazwa>mazowieckie</sln:wojNazwa></sln:miejscowosc><sln:miejscowosc><sln:cyklZyciaDo>2017-03-21T00:00:00+01:00</sln:cyklZyciaDo><sln:cyklZyciaOd>2015-03-20T00:00:00+01:00</sln:cyklZyciaOd><sln:gmIIPId>ea5a4bdb-e5d7-4f51-adf9-e0a811f07f31</sln:gmIIPId><sln:gmIIPPn>PL.PZGIK.200</sln:gmIIPPn><sln:gmIIPWersja>2012-09-26T21:58:15+02:00</sln:gmIIPWersja><sln:gmIdTeryt>1436032</sln:gmIdTeryt><sln:gmNazwa>Przyłęk</sln:gmNazwa><sln:miejscIIPId>eb9368a9-c9b5-474d-858c-42790c6f7b83</sln:miejscIIPId><sln:miejscIIPPn>PL.PZGIK.200</sln:miejscIIPPn><sln:miejscIIPWersja>2016-11-24T11:39:02+02:00</sln:miejscIIPWersja><sln:miejscIdTeryt>0633550</sln:miejscIdTeryt><sln:miejscNazwa>Klin</sln:miejscNazwa><sln:miejscRodzaj>Inny obiekt</sln:miejscRodzaj><sln:powIIPId>b6830ad0-d491-40c3-b2f6-f9a35c467d34</sln:powIIPId><sln:powIIPPn>PL.PZGIK.200</sln:powIIPPn><sln:powIIPWersja>2012-09-27T08:13:53+02:00</sln:powIIPWersja><sln:powIdTeryt>1436</sln:powIdTeryt><sln:powNazwa>zwoleński</sln:powNazwa><sln:waznyOd>2014-06-23T00:00:00+02:00</sln:waznyOd><sln:wojIIPId>4b6c492a-eb04-441d-a92a-f44359c06de7</sln:wojIIPId><sln:wojIIPPn>PL.PZGIK.200</sln:wojIIPPn><sln:wojIIPWersja>2012-09-27T13:45:13+02:00</sln:wojIIPWersja><sln:wojIdTeryt>14</sln:wojIdTeryt><sln:wojNazwa>mazowieckie</sln:wojNazwa></sln:miejscowosc><sln:miejscowosc><sln:cyklZyciaDo>2017-03-21T00:00:00+01:00</sln:cyklZyciaDo><sln:cyklZyciaOd>2015-03-20T00:00:00+01:00</sln:cyklZyciaOd><sln:gmIIPId>ea5a4bdb-e5d7-4f51-adf9-e0a811f07f31</sln:gmIIPId><sln:gmIIPPn>PL.PZGIK.200</sln:gmIIPPn><sln:gmIIPWersja>2012-09-26T21:58:15+02:00</sln:gmIIPWersja><sln:gmIdTeryt>1436032</sln:gmIdTeryt><sln:gmNazwa>Przyłęk</sln:gmNazwa><sln:miejscIIPId>8408cf4f-c7a8-445f-9a78-692cb3874b7c</sln:miejscIIPId><sln:miejscIIPPn>PL.PZGIK.200</sln:miejscIIPPn><sln:miejscIIPWersja>2016-11-24T11:39:02+02:00</sln:miejscIIPWersja><sln:miejscIdTeryt>0633314</sln:miejscIdTeryt><sln:miejscNazwa>Krzywda</sln:miejscNazwa><sln:miejscRodzaj>Inny obiekt</sln:miejscRodzaj><sln:powIIPId>b6830ad0-d491-40c3-b2f6-f9a35c467d34</sln:powIIPId><sln:powIIPPn>PL.PZGIK.200</sln:powIIPPn><sln:powIIPWersja>2012-09-27T08:13:53+02:00</sln:powIIPWersja><sln:powIdTeryt>1436</sln:powIdTeryt><sln:powNazwa>zwoleński</sln:powNazwa><sln:waznyOd>2014-06-23T00:00:00+02:00</sln:waznyOd><sln:wojIIPId>4b6c492a-eb04-441d-a92a-f44359c06de7</sln:wojIIPId><sln:wojIIPPn>PL.PZGIK.200</sln:wojIIPPn><sln:wojIIPWersja>2012-09-27T13:45:13+02:00</sln:wojIIPWersja><sln:wojIdTeryt>14</sln:wojIdTeryt><sln:wojNazwa>mazowieckie</sln:wojNazwa></sln:miejscowosc><sln:miejscowosc><sln:cyklZyciaDo>2017-03-21T00:00:00+01:00</sln:cyklZyciaDo><sln:cyklZyciaOd>2015-03-20T00:00:00+01:00</sln:cyklZyciaOd><sln:gmIIPId>ea5a4bdb-e5d7-4f51-adf9-e0a811f07f31</sln:gmIIPId><sln:gmIIPPn>PL.PZGIK.200</sln:gmIIPPn><sln:gmIIPWersja>2012-09-26T21:58:15+02:00</sln:gmIIPWersja><sln:gmIdTeryt>1436032</sln:gmIdTeryt><sln:gmNazwa>Przyłęk</sln:gmNazwa><sln:miejscIIPId>bc30dff8-212c-4925-8b7d-45cc05865369</sln:miejscIIPId><sln:miejscIIPPn>PL.PZGIK.200</sln:miejscIIPPn><sln:miejscIIPWersja>2016-11-24T11:39:02+02:00</sln:miejscIIPWersja><sln:miejscIdTeryt>0633320</sln:miejscIdTeryt><sln:miejscNazwa>Kulczyn</sln:miejscNazwa><sln:miejscRodzaj>Inny obiekt</sln:miejscRodzaj><sln:powIIPId>b6830ad0-d491-40c3-b2f6-f9a35c467d34</sln:powIIPId><sln:powIIPPn>PL.PZGIK.200</sln:powIIPPn><sln:powIIPWersja>2012-09-27T08:13:53+02:00</sln:powIIPWersja><sln:powIdTeryt>1436</sln:powIdTeryt><sln:powNazwa>zwoleński</sln:powNazwa><sln:waznyOd>2014-06-23T00:00:00+02:00</sln:waznyOd><sln:wojIIPId>4b6c492a-eb04-441d-a92a-f44359c06de7</sln:wojIIPId><sln:wojIIPPn>PL.PZGIK.200</sln:wojIIPPn><sln:wojIIPWersja>2012-09-27T13:45:13+02:00</sln:wojIIPWersja><sln:wojIdTeryt>14</sln:wojIdTeryt><sln:wojNazwa>mazowieckie</sln:wojNazwa></sln:miejscowosc><sln:miejscowosc><sln:cyklZyciaDo>2017-03-21T00:00:00+01:00</sln:cyklZyciaDo><sln:cyklZyciaOd>2015-03-20T00:00:00+01:00</sln:cyklZyciaOd><sln:gmIIPId>ea5a4bdb-e5d7-4f51-adf9-e0a811f07f31</sln:gmIIPId><sln:gmIIPPn>PL.PZGIK.200</sln:gmIIPPn><sln:gmIIPWersja>2012-09-26T21:58:15+02:00</sln:gmIIPWersja><sln:gmIdTeryt>1436032</sln:gmIdTeryt><sln:gmNazwa>Przyłęk</sln:gmNazwa><sln:miejscIIPId>73ebfbc3-d593-47c1-a08b-a75046056641</sln:miejscIIPId><sln:miejscIIPPn>PL.PZGIK.200</sln:miejscIIPPn><sln:miejscIIPWersja>2016-11-24T11:39:02+02:00</sln:miejscIIPWersja><sln:miejscIdTeryt>0633343</sln:miejscIdTeryt><sln:miejscNazwa>Lipiny</sln:miejscNazwa><sln:miejscRodzaj>Inny obiekt</sln:miejscRodzaj><sln:powIIPId>b6830ad0-d491-40c3-b2f6-f9a35c467d34</sln:powIIPId><sln:powIIPPn>PL.PZGIK.200</sln:powIIPPn><sln:powIIPWersja>2012-09-27T08:13:53+02:00</sln:powIIPWersja><sln:powIdTeryt>1436</sln:powIdTeryt><sln:powNazwa>zwoleński</sln:powNazwa><sln:waznyOd>2014-06-23T00:00:00+02:00</sln:waznyOd><sln:wojIIPId>4b6c492a-eb04-441d-a92a-f44359c06de7</sln:wojIIPId><sln:wojIIPPn>PL.PZGIK.200</sln:wojIIPPn><sln:wojIIPWersja>2012-09-27T13:45:13+02:00</sln:wojIIPWersja><sln:wojIdTeryt>14</sln:wojIdTeryt><sln:wojNazwa>mazowieckie</sln:wojNazwa></sln:miejscowosc><sln:miejscowosc><sln:cyklZyciaDo>2017-03-21T00:00:00+01:00</sln:cyklZyciaDo><sln:cyklZyciaOd>2015-03-20T00:00:00+01:00</sln:cyklZyciaOd><sln:gmIIPId>ea5a4bdb-e5d7-4f51-adf9-e0a811f07f31</sln:gmIIPId><sln:gmIIPPn>PL.PZGIK.200</sln:gmIIPPn><sln:gmIIPWersja>2012-09-26T21:58:15+02:00</sln:gmIIPWersja><sln:gmIdTeryt>1436032</sln:gmIdTeryt><sln:gmNazwa>Przyłęk</sln:gmNazwa><sln:miejscIIPId>2fc21522-acbc-49fe-a029-a8f45e7c49e4</sln:miejscIIPId><sln:miejscIIPPn>PL.PZGIK.200</sln:miejscIIPPn><sln:miejscIIPWersja>2016-11-24T11:39:02+02:00</sln:miejscIIPWersja><sln:miejscIdTeryt>0633350</sln:miejscIdTeryt><sln:miejscNazwa>Lucimia</sln:miejscNazwa><sln:miejscRodzaj>Inny obiekt</sln:miejscRodzaj><sln:powIIPId>b6830ad0-d491-40c3-b2f6-f9a35c467d34</sln:powIIPId><sln:powIIPPn>PL.PZGIK.200</sln:powIIPPn><sln:powIIPWersja>2012-09-27T08:13:53+02:00</sln:powIIPWersja><sln:powIdTeryt>1436</sln:powIdTeryt><sln:powNazwa>zwoleński</sln:powNazwa><sln:waznyOd>2014-06-23T00:00:00+02:00</sln:waznyOd><sln:wojIIPId>4b6c492a-eb04-441d-a92a-f44359c06de7</sln:wojIIPId><sln:wojIIPPn>PL.PZGIK.200</sln:wojIIPPn><sln:wojIIPWersja>2012-09-27T13:45:13+02:00</sln:wojIIPWersja><sln:wojIdTeryt>14</sln:wojIdTeryt><sln:wojNazwa>mazowieckie</sln:wojNazwa></sln:miejscowosc><sln:miejscowosc><sln:cyklZyciaDo>2017-03-21T00:00:00+01:00</sln:cyklZyciaDo><sln:cyklZyciaOd>2015-03-20T00:00:00+01:00</sln:cyklZyciaOd><sln:gmIIPId>ea5a4bdb-e5d7-4f51-adf9-e0a811f07f31</sln:gmIIPId><sln:gmIIPPn>PL.PZGIK.200</sln:gmIIPPn><sln:gmIIPWersja>2012-09-26T21:58:15+02:00</sln:gmIIPWersja><sln:gmIdTeryt>1436032</sln:gmIdTeryt><sln:gmNazwa>Przyłęk</sln:gmNazwa><sln:miejscIIPId>9085a9f0-0770-492c-b3bc-121dde759eb8</sln:miejscIIPId><sln:miejscIIPPn>PL.PZGIK.200</sln:miejscIIPPn><sln:miejscIIPWersja>2016-11-24T11:39:02+02:00</sln:miejscIIPWersja><sln:miejscIdTeryt>0633366</sln:miejscIdTeryt><sln:miejscNazwa>Łagów</sln:miejscNazwa><sln:miejscRodzaj>Inny obiekt</sln:miejscRodzaj><sln:powIIPId>b6830ad0-d491-40c3-b2f6-f9a35c467d34</sln:powIIPId><sln:powIIPPn>PL.PZGIK.200</sln:powIIPPn><sln:powIIPWersja>2012-09-27T08:13:53+02:00</sln:powIIPWersja><sln:powIdTeryt>1436</sln:powIdTeryt><sln:powNazwa>zwoleński</sln:powNazwa><sln:waznyOd>2014-06-23T00:00:00+02:00</sln:waznyOd><sln:wojIIPId>4b6c492a-eb04-441d-a92a-f44359c06de7</sln:wojIIPId><sln:wojIIPPn>PL.PZGIK.200</sln:wojIIPPn><sln:wojIIPWersja>2012-09-27T13:45:13+02:00</sln:wojIIPWersja><sln:wojIdTeryt>14</sln:wojIdTeryt><sln:wojNazwa>mazowieckie</sln:wojNazwa></sln:miejscowosc><sln:miejscowosc><sln:cyklZyciaDo>2017-03-21T00:00:00+01:00</sln:cyklZyciaDo><sln:cyklZyciaOd>2015-03-20T00:00:00+01:00</sln:cyklZyciaOd><sln:gmIIPId>ea5a4bdb-e5d7-4f51-adf9-e0a811f07f31</sln:gmIIPId><sln:gmIIPPn>PL.PZGIK.200</sln:gmIIPPn><sln:gmIIPWersja>2012-09-26T21:58:15+02:00</sln:gmIIPWersja><sln:gmIdTeryt>1436032</sln:gmIdTeryt><sln:gmNazwa>Przyłęk</sln:gmNazwa><sln:miejscIIPId>8a38135d-406e-4310-ae9c-4dd86d259cca</sln:miejscIIPId><sln:miejscIIPPn>PL.PZGIK.200</sln:miejscIIPPn><sln:miejscIIPWersja>2016-11-24T11:39:02+02:00</sln:miejscIIPWersja><sln:miejscIdTeryt>0633389</sln:miejscIdTeryt><sln:miejscNazwa>Łaguszów</sln:miejscNazwa><sln:miejscRodzaj>Inny obiekt</sln:miejscRodzaj><sln:powIIPId>b6830ad0-d491-40c3-b2f6-f9a35c467d34</sln:powIIPId><sln:powIIPPn>PL.PZGIK.200</sln:powIIPPn><sln:powIIPWersja>2012-09-27T08:13:53+02:00</sln:powIIPWersja><sln:powIdTeryt>1436</sln:powIdTeryt><sln:powNazwa>zwoleński</sln:powNazwa><sln:waznyOd>2014-06-23T00:00:00+02:00</sln:waznyOd><sln:wojIIPId>4b6c492a-eb04-441d-a92a-f44359c06de7</sln:wojIIPId><sln:wojIIPPn>PL.PZGIK.200</sln:wojIIPPn><sln:wojIIPWersja>2012-09-27T13:45:13+02:00</sln:wojIIPWersja><sln:wojIdTeryt>14</sln:wojIdTeryt><sln:wojNazwa>mazowieckie</sln:wojNazwa></sln:miejscowosc><sln:miejscowosc><sln:cyklZyciaDo>2017-03-21T00:00:00+01:00</sln:cyklZyciaDo><sln:cyklZyciaOd>2015-03-20T00:00:00+01:00</sln:cyklZyciaOd><sln:gmIIPId>ea5a4bdb-e5d7-4f51-adf9-e0a811f07f31</sln:gmIIPId><sln:gmIIPPn>PL.PZGIK.200</sln:gmIIPPn><sln:gmIIPWersja>2012-09-26T21:58:15+02:00</sln:gmIIPWersja><sln:gmIdTeryt>1436032</sln:gmIdTeryt><sln:gmNazwa>Przyłęk</sln:gmNazwa><sln:miejscIIPId>03cde24d-0b5f-42d0-a605-cc4aad1de9df</sln:miejscIIPId><sln:miejscIIPPn>PL.PZGIK.200</sln:miejscIIPPn><sln:miejscIIPWersja>2016-11-24T11:39:02+02:00</sln:miejscIIPWersja><sln:miejscIdTeryt>0633432</sln:miejscIdTeryt><sln:miejscNazwa>Ławeczko Nowe</sln:miejscNazwa><sln:miejscRodzaj>Inny obiekt</sln:miejscRodzaj><sln:powIIPId>b6830ad0-d491-40c3-b2f6-f9a35c467d34</sln:powIIPId><sln:powIIPPn>PL.PZGIK.200</sln:powIIPPn><sln:powIIPWersja>2012-09-27T08:13:53+02:00</sln:powIIPWersja><sln:powIdTeryt>1436</sln:powIdTeryt><sln:powNazwa>zwoleński</sln:powNazwa><sln:waznyOd>2014-06-23T00:00:00+02:00</sln:waznyOd><sln:wojIIPId>4b6c492a-eb04-441d-a92a-f44359c06de7</sln:wojIIPId><sln:wojIIPPn>PL.PZGIK.200</sln:wojIIPPn><sln:wojIIPWersja>2012-09-27T13:45:13+02:00</sln:wojIIPWersja><sln:wojIdTeryt>14</sln:wojIdTeryt><sln:wojNazwa>mazowieckie</sln:wojNazwa></sln:miejscowosc><sln:miejscowosc><sln:cyklZyciaDo>2017-03-21T00:00:00+01:00</sln:cyklZyciaDo><sln:cyklZyciaOd>2015-03-20T00:00:00+01:00</sln:cyklZyciaOd><sln:gmIIPId>ea5a4bdb-e5d7-4f51-adf9-e0a811f07f31</sln:gmIIPId><sln:gmIIPPn>PL.PZGIK.200</sln:gmIIPPn><sln:gmIIPWersja>2012-09-26T21:58:15+02:00</sln:gmIIPWersja><sln:gmIdTeryt>1436032</sln:gmIdTeryt><sln:gmNazwa>Przyłęk</sln:gmNazwa><sln:miejscIIPId>f7f195ae-2439-4420-a3bc-ba8de8848ad2</sln:miejscIIPId><sln:miejscIIPPn>PL.PZGIK.200</sln:miejscIIPPn><sln:miejscIIPWersja>2016-11-24T11:39:02+02:00</sln:miejscIIPWersja><sln:miejscIdTeryt>0633544</sln:miejscIdTeryt><sln:miejscNazwa>Ławeczko Stare</sln:miejscNazwa><sln:miejscRodzaj>Inny obiekt</sln:miejscRodzaj><sln:powIIPId>b6830ad0-d491-40c3-b2f6-f9a35c467d34</sln:powIIPId><sln:powIIPPn>PL.PZGIK.200</sln:powIIPPn><sln:powIIPWersja>2012-09-27T08:13:53+02:00</sln:powIIPWersja><sln:powIdTeryt>1436</sln:powIdTeryt><sln:powNazwa>zwoleński</sln:powNazwa><sln:waznyOd>2014-06-23T00:00:00+02:00</sln:waznyOd><sln:wojIIPId>4b6c492a-eb04-441d-a92a-f44359c06de7</sln:wojIIPId><sln:wojIIPPn>PL.PZGIK.200</sln:wojIIPPn><sln:wojIIPWersja>2012-09-27T13:45:13+02:00</sln:wojIIPWersja><sln:wojIdTeryt>14</sln:wojIdTeryt><sln:wojNazwa>mazowieckie</sln:wojNazwa></sln:miejscowosc><sln:miejscowosc><sln:cyklZyciaDo>2017-03-21T00:00:00+01:00</sln:cyklZyciaDo><sln:cyklZyciaOd>2015-03-20T00:00:00+01:00</sln:cyklZyciaOd><sln:gmIIPId>ea5a4bdb-e5d7-4f51-adf9-e0a811f07f31</sln:gmIIPId><sln:gmIIPPn>PL.PZGIK.200</sln:gmIIPPn><sln:gmIIPWersja>2012-09-26T21:58:15+02:00</sln:gmIIPWersja><sln:gmIdTeryt>1436032</sln:gmIdTeryt><sln:gmNazwa>Przyłęk</sln:gmNazwa><sln:miejscIIPId>cf4d3753-0a83-4af1-9662-299bb9592bb7</sln:miejscIIPId><sln:miejscIIPPn>PL.PZGIK.200</sln:miejscIIPPn><sln:miejscIIPWersja>2016-11-24T11:39:02+02:00</sln:miejscIIPWersja><sln:miejscIdTeryt>0633395</sln:miejscIdTeryt><sln:miejscNazwa>Mierziączka</sln:miejscNazwa><sln:miejscRodzaj>Inny obiekt</sln:miejscRodzaj><sln:powIIPId>b6830ad0-d491-40c3-b2f6-f9a35c467d34</sln:powIIPId><sln:powIIPPn>PL.PZGIK.200</sln:powIIPPn><sln:powIIPWersja>2012-09-27T08:13:53+02:00</sln:powIIPWersja><sln:powIdTeryt>1436</sln:powIdTeryt><sln:powNazwa>zwoleński</sln:powNazwa><sln:waznyOd>2014-06-23T00:00:00+02:00</sln:waznyOd><sln:wojIIPId>4b6c492a-eb04-441d-a92a-f44359c06de7</sln:wojIIPId><sln:wojIIPPn>PL.PZGIK.200</sln:wojIIPPn><sln:wojIIPWersja>2012-09-27T13:45:13+02:00</sln:wojIIPWersja><sln:wojIdTeryt>14</sln:wojIdTeryt><sln:wojNazwa>mazowieckie</sln:wojNazwa></sln:miejscowosc><sln:miejscowosc><sln:cyklZyciaDo>2017-03-21T00:00:00+01:00</sln:cyklZyciaDo><sln:cyklZyciaOd>2015-03-20T00:00:00+01:00</sln:cyklZyciaOd><sln:gmIIPId>ea5a4bdb-e5d7-4f51-adf9-e0a811f07f31</sln:gmIIPId><sln:gmIIPPn>PL.PZGIK.200</sln:gmIIPPn><sln:gmIIPWersja>2012-09-26T21:58:15+02:00</sln:gmIIPWersja><sln:gmIdTeryt>1436032</sln:gmIdTeryt><sln:gmNazwa>Przyłęk</sln:gmNazwa><sln:miejscIIPId>5826ff17-383e-4e4e-b793-7e09b1d9f3d4</sln:miejscIIPId><sln:miejscIIPPn>PL.PZGIK.200</sln:miejscIIPPn><sln:miejscIIPWersja>2016-11-24T11:39:02+02:00</sln:miejscIIPWersja><sln:miejscIdTeryt>0633403</sln:miejscIdTeryt><sln:miejscNazwa>Mszadla Dolna</sln:miejscNazwa><sln:miejscRodzaj>Inny obiekt</sln:miejscRodzaj><sln:powIIPId>b6830ad0-d491-40c3-b2f6-f9a35c467d34</sln:powIIPId><sln:powIIPPn>PL.PZGIK.200</sln:powIIPPn><sln:powIIPWersja>2012-09-27T08:13:53+02:00</sln:powIIPWersja><sln:powIdTeryt>1436</sln:powIdTeryt><sln:powNazwa>zwoleński</sln:powNazwa><sln:waznyOd>2014-06-23T00:00:00+02:00</sln:waznyOd><sln:wojIIPId>4b6c492a-eb04-441d-a92a-f44359c06de7</sln:wojIIPId><sln:wojIIPPn>PL.PZGIK.200</sln:wojIIPPn><sln:wojIIPWersja>2012-09-27T13:45:13+02:00</sln:wojIIPWersja><sln:wojIdTeryt>14</sln:wojIdTeryt><sln:wojNazwa>mazowieckie</sln:wojNazwa></sln:miejscowosc><sln:miejscowosc><sln:cyklZyciaDo>2017-03-21T00:00:00+01:00</sln:cyklZyciaDo><sln:cyklZyciaOd>2015-03-20T00:00:00+01:00</sln:cyklZyciaOd><sln:gmIIPId>ea5a4bdb-e5d7-4f51-adf9-e0a811f07f31</sln:gmIIPId><sln:gmIIPPn>PL.PZGIK.200</sln:gmIIPPn><sln:gmIIPWersja>2012-09-26T21:58:15+02:00</sln:gmIIPWersja><sln:gmIdTeryt>1436032</sln:gmIdTeryt><sln:gmNazwa>Przyłęk</sln:gmNazwa><sln:miejscIIPId>4cb44a08-4039-4141-b7a9-729b14ec3ee6</sln:miejscIIPId><sln:miejscIIPPn>PL.PZGIK.200</sln:miejscIIPPn><sln:miejscIIPWersja>2016-11-24T11:39:02+02:00</sln:miejscIIPWersja><sln:miejscIdTeryt>0633426</sln:miejscIdTeryt><sln:miejscNazwa>Mszadla Nowa</sln:miejscNazwa><sln:miejscRodzaj>Inny obiekt</sln:miejscRodzaj><sln:powIIPId>b6830ad0-d491-40c3-b2f6-f9a35c467d34</sln:powIIPId><sln:powIIPPn>PL.PZGIK.200</sln:powIIPPn><sln:powIIPWersja>2012-09-27T08:13:53+02:00</sln:powIIPWersja><sln:powIdTeryt>1436</sln:powIdTeryt><sln:powNazwa>zwoleński</sln:powNazwa><sln:waznyOd>2014-06-23T00:00:00+02:00</sln:waznyOd><sln:wojIIPId>4b6c492a-eb04-441d-a92a-f44359c06de7</sln:wojIIPId><sln:wojIIPPn>PL.PZGIK.200</sln:wojIIPPn><sln:wojIIPWersja>2012-09-27T13:45:13+02:00</sln:wojIIPWersja><sln:wojIdTeryt>14</sln:wojIdTeryt><sln:wojNazwa>mazowieckie</sln:wojNazwa></sln:miejscowosc><sln:miejscowosc><sln:cyklZyciaDo>2017-03-21T00:00:00+01:00</sln:cyklZyciaDo><sln:cyklZyciaOd>2015-03-20T00:00:00+01:00</sln:cyklZyciaOd><sln:gmIIPId>ea5a4bdb-e5d7-4f51-adf9-e0a811f07f31</sln:gmIIPId><sln:gmIIPPn>PL.PZGIK.200</sln:gmIIPPn><sln:gmIIPWersja>2012-09-26T21:58:15+02:00</sln:gmIIPWersja><sln:gmIdTeryt>1436032</sln:gmIdTeryt><sln:gmNazwa>Przyłęk</sln:gmNazwa><sln:miejscIIPId>543c047f-eb39-46ce-ace1-d0dcdacb02db</sln:miejscIIPId><sln:miejscIIPPn>PL.PZGIK.200</sln:miejscIIPPn><sln:miejscIIPWersja>2016-11-24T11:39:02+02:00</sln:miejscIIPWersja><sln:miejscIdTeryt>0633521</sln:miejscIdTeryt><sln:miejscNazwa>Mszadla Stara</sln:miejscNazwa><sln:miejscRodzaj>Inny obiekt</sln:miejscRodzaj><sln:powIIPId>b6830ad0-d491-40c3-b2f6-f9a35c467d34</sln:powIIPId><sln:powIIPPn>PL.PZGIK.200</sln:powIIPPn><sln:powIIPWersja>2012-09-27T08:13:53+02:00</sln:powIIPWersja><sln:powIdTeryt>1436</sln:powIdTeryt><sln:powNazwa>zwoleński</sln:powNazwa><sln:waznyOd>2014-06-23T00:00:00+02:00</sln:waznyOd><sln:wojIIPId>4b6c492a-eb04-441d-a92a-f44359c06de7</sln:wojIIPId><sln:wojIIPPn>PL.PZGIK.200</sln:wojIIPPn><sln:wojIIPWersja>2012-09-27T13:45:13+02:00</sln:wojIIPWersja><sln:wojIdTeryt>14</sln:wojIdTeryt><sln:wojNazwa>mazowieckie</sln:wojNazwa></sln:miejscowosc><sln:miejscowosc><sln:cyklZyciaDo>2017-03-21T00:00:00+01:00</sln:cyklZyciaDo><sln:cyklZyciaOd>2015-03-20T00:00:00+01:00</sln:cyklZyciaOd><sln:gmIIPId>ea5a4bdb-e5d7-4f51-adf9-e0a811f07f31</sln:gmIIPId><sln:gmIIPPn>PL.PZGIK.200</sln:gmIIPPn><sln:gmIIPWersja>2012-09-26T21:58:15+02:00</sln:gmIIPWersja><sln:gmIdTeryt>1436032</sln:gmIdTeryt><sln:gmNazwa>Przyłęk</sln:gmNazwa><sln:miejscIIPId>ee1c0cb3-a6ff-4318-9791-6bfc4bc43787</sln:miejscIIPId><sln:miejscIIPPn>PL.PZGIK.200</sln:miejscIIPPn><sln:miejscIIPWersja>2016-11-24T11:39:02+02:00</sln:miejscIIPWersja><sln:miejscIdTeryt>0633455</sln:miejscIdTeryt><sln:miejscNazwa>Okrężnica</sln:miejscNazwa><sln:miejscRodzaj>Inny obiekt</sln:miejscRodzaj><sln:powIIPId>b6830ad0-d491-40c3-b2f6-f9a35c467d34</sln:powIIPId><sln:powIIPPn>PL.PZGIK.200</sln:powIIPPn><sln:powIIPWersja>2012-09-27T08:13:53+02:00</sln:powIIPWersja><sln:powIdTeryt>1436</sln:powIdTeryt><sln:powNazwa>zwoleński</sln:powNazwa><sln:waznyOd>2014-06-23T00:00:00+02:00</sln:waznyOd><sln:wojIIPId>4b6c492a-eb04-441d-a92a-f44359c06de7</sln:wojIIPId><sln:wojIIPPn>PL.PZGIK.200</sln:wojIIPPn><sln:wojIIPWersja>2012-09-27T13:45:13+02:00</sln:wojIIPWersja><sln:wojIdTeryt>14</sln:wojIdTeryt><sln:wojNazwa>mazowieckie</sln:wojNazwa></sln:miejscowosc><sln:miejscowosc><sln:cyklZyciaDo>2017-03-21T00:00:00+01:00</sln:cyklZyciaDo><sln:cyklZyciaOd>2015-03-20T00:00:00+01:00</sln:cyklZyciaOd><sln:gmIIPId>ea5a4bdb-e5d7-4f51-adf9-e0a811f07f31</sln:gmIIPId><sln:gmIIPPn>PL.PZGIK.200</sln:gmIIPPn><sln:gmIIPWersja>2012-09-26T21:58:15+02:00</sln:gmIIPWersja><sln:gmIdTeryt>1436032</sln:gmIdTeryt><sln:gmNazwa>Przyłęk</sln:gmNazwa><sln:miejscIIPId>7b322ffe-6434-436c-b4f9-473c4f4103cb</sln:miejscIIPId><sln:miejscIIPPn>PL.PZGIK.200</sln:miejscIIPPn><sln:miejscIIPWersja>2016-11-24T11:39:02+02:00</sln:miejscIIPWersja><sln:miejscIdTeryt>0633461</sln:miejscIdTeryt><sln:miejscNazwa>Pająków</sln:miejscNazwa><sln:miejscRodzaj>Inny obiekt</sln:miejscRodzaj><sln:powIIPId>b6830ad0-d491-40c3-b2f6-f9a35c467d34</sln:powIIPId><sln:powIIPPn>PL.PZGIK.200</sln:powIIPPn><sln:powIIPWersja>2012-09-27T08:13:53+02:00</sln:powIIPWersja><sln:powIdTeryt>1436</sln:powIdTeryt><sln:powNazwa>zwoleński</sln:powNazwa><sln:waznyOd>2014-06-23T00:00:00+02:00</sln:waznyOd><sln:wojIIPId>4b6c492a-eb04-441d-a92a-f44359c06de7</sln:wojIIPId><sln:wojIIPPn>PL.PZGIK.200</sln:wojIIPPn><sln:wojIIPWersja>2012-09-27T13:45:13+02:00</sln:wojIIPWersja><sln:wojIdTeryt>14</sln:wojIdTeryt><sln:wojNazwa>mazowieckie</sln:wojNazwa></sln:miejscowosc><sln:miejscowosc><sln:cyklZyciaDo>2017-03-21T00:00:00+01:00</sln:cyklZyciaDo><sln:cyklZyciaOd>2015-03-20T00:00:00+01:00</sln:cyklZyciaOd><sln:gmIIPId>ea5a4bdb-e5d7-4f51-adf9-e0a811f07f31</sln:gmIIPId><sln:gmIIPPn>PL.PZGIK.200</sln:gmIIPPn><sln:gmIIPWersja>2012-09-26T21:58:15+02:00</sln:gmIIPWersja><sln:gmIdTeryt>1436032</sln:gmIdTeryt><sln:gmNazwa>Przyłęk</sln:gmNazwa><sln:miejscIIPId>70bed9de-13b6-495a-8407-e84a4ebb648e</sln:miejscIIPId><sln:miejscIIPPn>PL.PZGIK.200</sln:miejscIIPPn><sln:miejscIIPWersja>2016-11-24T11:39:02+02:00</sln:miejscIIPWersja><sln:miejscIdTeryt>0633478</sln:miejscIdTeryt><sln:miejscNazwa>Przyłęk</sln:miejscNazwa><sln:miejscRodzaj>Inny obiekt</sln:miejscRodzaj><sln:powIIPId>b6830ad0-d491-40c3-b2f6-f9a35c467d34</sln:powIIPId><sln:powIIPPn>PL.PZGIK.200</sln:powIIPPn><sln:powIIPWersja>2012-09-27T08:13:53+02:00</sln:powIIPWersja><sln:powIdTeryt>1436</sln:powIdTeryt><sln:powNazwa>zwoleński</sln:powNazwa><sln:waznyOd>2014-06-23T00:00:00+02:00</sln:waznyOd><sln:wojIIPId>4b6c492a-eb04-441d-a92a-f44359c06de7</sln:wojIIPId><sln:wojIIPPn>PL.PZGIK.200</sln:wojIIPPn><sln:wojIIPWersja>2012-09-27T13:45:13+02:00</sln:wojIIPWersja><sln:wojIdTeryt>14</sln:wojIdTeryt><sln:wojNazwa>mazowieckie</sln:wojNazwa></sln:miejscowosc><sln:miejscowosc><sln:cyklZyciaDo>2017-03-21T00:00:00+01:00</sln:cyklZyciaDo><sln:cyklZyciaOd>2015-03-20T00:00:00+01:00</sln:cyklZyciaOd><sln:gmIIPId>ea5a4bdb-e5d7-4f51-adf9-e0a811f07f31</sln:gmIIPId><sln:gmIIPPn>PL.PZGIK.200</sln:gmIIPPn><sln:gmIIPWersja>2012-09-26T21:58:15+02:00</sln:gmIIPWersja><sln:gmIdTeryt>1436032</sln:gmIdTeryt><sln:gmNazwa>Przyłęk</sln:gmNazwa><sln:miejscIIPId>2c0067fa-2f20-4317-8d0b-9ad8f5d9c4c1</sln:miejscIIPId><sln:miejscIIPPn>PL.PZGIK.200</sln:miejscIIPPn><sln:miejscIIPWersja>2016-11-24T11:39:02+02:00</sln:miejscIIPWersja><sln:miejscIdTeryt>0633627</sln:miejscIdTeryt><sln:miejscNazwa>Ruda</sln:miejscNazwa><sln:miejscRodzaj>Inny obiekt</sln:miejscRodzaj><sln:powIIPId>b6830ad0-d491-40c3-b2f6-f9a35c467d34</sln:powIIPId><sln:powIIPPn>PL.PZGIK.200</sln:powIIPPn><sln:powIIPWersja>2012-09-27T08:13:53+02:00</sln:powIIPWersja><sln:powIdTeryt>1436</sln:powIdTeryt><sln:powNazwa>zwoleński</sln:powNazwa><sln:waznyOd>2014-06-23T00:00:00+02:00</sln:waznyOd><sln:wojIIPId>4b6c492a-eb04-441d-a92a-f44359c06de7</sln:wojIIPId><sln:wojIIPPn>PL.PZGIK.200</sln:wojIIPPn><sln:wojIIPWersja>2012-09-27T13:45:13+02:00</sln:wojIIPWersja><sln:wojIdTeryt>14</sln:wojIdTeryt><sln:wojNazwa>mazowieckie</sln:wojNazwa></sln:miejscowosc><sln:miejscowosc><sln:cyklZyciaDo>2017-03-21T00:00:00+01:00</sln:cyklZyciaDo><sln:cyklZyciaOd>2015-03-20T00:00:00+01:00</sln:cyklZyciaOd><sln:gmIIPId>ea5a4bdb-e5d7-4f51-adf9-e0a811f07f31</sln:gmIIPId><sln:gmIIPPn>PL.PZGIK.200</sln:gmIIPPn><sln:gmIIPWersja>2012-09-26T21:58:15+02:00</sln:gmIIPWersja><sln:gmIdTeryt>1436032</sln:gmIdTeryt><sln:gmNazwa>Przyłęk</sln:gmNazwa><sln:miejscIIPId>02ca10e6-2dd3-4af5-aff5-065a3eb9c28a</sln:miejscIIPId><sln:miejscIIPPn>PL.PZGIK.200</sln:miejscIIPPn><sln:miejscIIPWersja>2016-11-24T11:39:02+02:00</sln:miejscIIPWersja><sln:miejscIdTeryt>0633490</sln:miejscIdTeryt><sln:miejscNazwa>Rudki</sln:miejscNazwa><sln:miejscRodzaj>Inny obiekt</sln:miejscRodzaj><sln:powIIPId>b6830ad0-d491-40c3-b2f6-f9a35c467d34</sln:powIIPId><sln:powIIPPn>PL.PZGIK.200</sln:powIIPPn><sln:powIIPWersja>2012-09-27T08:13:53+02:00</sln:powIIPWersja><sln:powIdTeryt>1436</sln:powIdTeryt><sln:powNazwa>zwoleński</sln:powNazwa><sln:waznyOd>2014-06-23T00:00:00+02:00</sln:waznyOd><sln:wojIIPId>4b6c492a-eb04-441d-a92a-f44359c06de7</sln:wojIIPId><sln:wojIIPPn>PL.PZGIK.200</sln:wojIIPPn><sln:wojIIPWersja>2012-09-27T13:45:13+02:00</sln:wojIIPWersja><sln:wojIdTeryt>14</sln:wojIdTeryt><sln:wojNazwa>mazowieckie</sln:wojNazwa></sln:miejscowosc><sln:miejscowosc><sln:cyklZyciaDo>2017-03-21T00:00:00+01:00</sln:cyklZyciaDo><sln:cyklZyciaOd>2015-03-20T00:00:00+01:00</sln:cyklZyciaOd><sln:gmIIPId>ea5a4bdb-e5d7-4f51-adf9-e0a811f07f31</sln:gmIIPId><sln:gmIIPPn>PL.PZGIK.200</sln:gmIIPPn><sln:gmIIPWersja>2012-09-26T21:58:15+02:00</sln:gmIIPWersja><sln:gmIdTeryt>1436032</sln:gmIdTeryt><sln:gmNazwa>Przyłęk</sln:gmNazwa><sln:miejscIIPId>1d36dcdc-0b28-48ce-b1ee-1f317d84b6fa</sln:miejscIIPId><sln:miejscIIPPn>PL.PZGIK.200</sln:miejscIIPPn><sln:miejscIIPWersja>2016-11-24T11:39:02+02:00</sln:miejscIIPWersja><sln:miejscIdTeryt>0633573</sln:miejscIdTeryt><sln:miejscNazwa>Stefanów</sln:miejscNazwa><sln:miejscRodzaj>Inny obiekt</sln:miejscRodzaj><sln:powIIPId>b6830ad0-d491-40c3-b2f6-f9a35c467d34</sln:powIIPId><sln:powIIPPn>PL.PZGIK.200</sln:powIIPPn><sln:powIIPWersja>2012-09-27T08:13:53+02:00</sln:powIIPWersja><sln:powIdTeryt>1436</sln:powIdTeryt><sln:powNazwa>zwoleński</sln:powNazwa><sln:waznyOd>2014-06-23T00:00:00+02:00</sln:waznyOd><sln:wojIIPId>4b6c492a-eb04-441d-a92a-f44359c06de7</sln:wojIIPId><sln:wojIIPPn>PL.PZGIK.200</sln:wojIIPPn><sln:wojIIPWersja>2012-09-27T13:45:13+02:00</sln:wojIIPWersja><sln:wojIdTeryt>14</sln:wojIdTeryt><sln:wojNazwa>mazowieckie</sln:wojNazwa></sln:miejscowosc><sln:miejscowosc><sln:cyklZyciaDo>2017-03-21T00:00:00+01:00</sln:cyklZyciaDo><sln:cyklZyciaOd>2015-03-20T00:00:00+01:00</sln:cyklZyciaOd><sln:gmIIPId>ea5a4bdb-e5d7-4f51-adf9-e0a811f07f31</sln:gmIIPId><sln:gmIIPPn>PL.PZGIK.200</sln:gmIIPPn><sln:gmIIPWersja>2012-09-26T21:58:15+02:00</sln:gmIIPWersja><sln:gmIdTeryt>1436032</sln:gmIdTeryt><sln:gmNazwa>Przyłęk</sln:gmNazwa><sln:miejscIIPId>db9fa51f-b55d-44ce-a7ba-545ed3041aef</sln:miejscIIPId><sln:miejscIIPPn>PL.PZGIK.200</sln:miejscIIPPn><sln:miejscIIPWersja>2016-11-24T11:39:02+02:00</sln:miejscIIPWersja><sln:miejscIdTeryt>0633580</sln:miejscIdTeryt><sln:miejscNazwa>Szlachecki Las</sln:miejscNazwa><sln:miejscRodzaj>Inny obiekt</sln:miejscRodzaj><sln:powIIPId>b6830ad0-d491-40c3-b2f6-f9a35c467d34</sln:powIIPId><sln:powIIPPn>PL.PZGIK.200</sln:powIIPPn><sln:powIIPWersja>2012-09-27T08:13:53+02:00</sln:powIIPWersja><sln:powIdTeryt>1436</sln:powIdTeryt><sln:powNazwa>zwoleński</sln:powNazwa><sln:waznyOd>2014-06-23T00:00:00+02:00</sln:waznyOd><sln:wojIIPId>4b6c492a-eb04-441d-a92a-f44359c06de7</sln:wojIIPId><sln:wojIIPPn>PL.PZGIK.200</sln:wojIIPPn><sln:wojIIPWersja>2012-09-27T13:45:13+02:00</sln:wojIIPWersja><sln:wojIdTeryt>14</sln:wojIdTeryt><sln:wojNazwa>mazowieckie</sln:wojNazwa></sln:miejscowosc><sln:miejscowosc><sln:cyklZyciaDo>2017-03-21T00:00:00+01:00</sln:cyklZyciaDo><sln:cyklZyciaOd>2015-03-20T00:00:00+01:00</sln:cyklZyciaOd><sln:gmIIPId>ea5a4bdb-e5d7-4f51-adf9-e0a811f07f31</sln:gmIIPId><sln:gmIIPPn>PL.PZGIK.200</sln:gmIIPPn><sln:gmIIPWersja>2012-09-26T21:58:15+02:00</sln:gmIIPWersja><sln:gmIdTeryt>1436032</sln:gmIdTeryt><sln:gmNazwa>Przyłęk</sln:gmNazwa><sln:miejscIIPId>e9d70164-d9f9-4e93-bd62-83909fbc5788</sln:miejscIIPId><sln:miejscIIPPn>PL.PZGIK.200</sln:miejscIIPPn><sln:miejscIIPWersja>2016-11-24T11:39:02+02:00</sln:miejscIIPWersja><sln:miejscIdTeryt>0633596</sln:miejscIdTeryt><sln:miejscNazwa>Wólka Łagowska</sln:miejscNazwa><sln:miejscRodzaj>Inny obiekt</sln:miejscRodzaj><sln:powIIPId>b6830ad0-d491-40c3-b2f6-f9a35c467d34</sln:powIIPId><sln:powIIPPn>PL.PZGIK.200</sln:powIIPPn><sln:powIIPWersja>2012-09-27T08:13:53+02:00</sln:powIIPWersja><sln:powIdTeryt>1436</sln:powIdTeryt><sln:powNazwa>zwoleński</sln:powNazwa><sln:waznyOd>2014-06-23T00:00:00+02:00</sln:waznyOd><sln:wojIIPId>4b6c492a-eb04-441d-a92a-f44359c06de7</sln:wojIIPId><sln:wojIIPPn>PL.PZGIK.200</sln:wojIIPPn><sln:wojIIPWersja>2012-09-27T13:45:13+02:00</sln:wojIIPWersja><sln:wojIdTeryt>14</sln:wojIdTeryt><sln:wojNazwa>mazowieckie</sln:wojNazwa></sln:miejscowosc><sln:miejscowosc><sln:cyklZyciaDo>2017-03-21T00:00:00+01:00</sln:cyklZyciaDo><sln:cyklZyciaOd>2015-03-20T00:00:00+01:00</sln:cyklZyciaOd><sln:gmIIPId>ea5a4bdb-e5d7-4f51-adf9-e0a811f07f31</sln:gmIIPId><sln:gmIIPPn>PL.PZGIK.200</sln:gmIIPPn><sln:gmIIPWersja>2012-09-26T21:58:15+02:00</sln:gmIIPWersja><sln:gmIdTeryt>1436032</sln:gmIdTeryt><sln:gmNazwa>Przyłęk</sln:gmNazwa><sln:miejscIIPId>42a0880c-8da2-4a9b-9a63-5fdcd440eafc</sln:miejscIIPId><sln:miejscIIPPn>PL.PZGIK.200</sln:miejscIIPPn><sln:miejscIIPWersja>2016-11-24T11:39:02+02:00</sln:miejscIIPWersja><sln:miejscIdTeryt>0633604</sln:miejscIdTeryt><sln:miejscNazwa>Wólka Zamojska</sln:miejscNazwa><sln:miejscRodzaj>Inny obiekt</sln:miejscRodzaj><sln:powIIPId>b6830ad0-d491-40c3-b2f6-f9a35c467d34</sln:powIIPId><sln:powIIPPn>PL.PZGIK.200</sln:powIIPPn><sln:powIIPWersja>2012-09-27T08:13:53+02:00</sln:powIIPWersja><sln:powIdTeryt>1436</sln:powIdTeryt><sln:powNazwa>zwoleński</sln:powNazwa><sln:waznyOd>2014-08-29T00:00:00+02:00</sln:waznyOd><sln:wojIIPId>4b6c492a-eb04-441d-a92a-f44359c06de7</sln:wojIIPId><sln:wojIIPPn>PL.PZGIK.200</sln:wojIIPPn><sln:wojIIPWersja>2012-09-27T13:45:13+02:00</sln:wojIIPWersja><sln:wojIdTeryt>14</sln:wojIdTeryt><sln:wojNazwa>mazowieckie</sln:wojNazwa></sln:miejscowosc><sln:miejscowosc><sln:cyklZyciaDo>2017-03-21T00:00:00+01:00</sln:cyklZyciaDo><sln:cyklZyciaOd>2015-03-20T00:00:00+01:00</sln:cyklZyciaOd><sln:gmIIPId>ea5a4bdb-e5d7-4f51-adf9-e0a811f07f31</sln:gmIIPId><sln:gmIIPPn>PL.PZGIK.200</sln:gmIIPPn><sln:gmIIPWersja>2012-09-26T21:58:15+02:00</sln:gmIIPWersja><sln:gmIdTeryt>1436032</sln:gmIdTeryt><sln:gmNazwa>Przyłęk</sln:gmNazwa><sln:miejscIIPId>2add07b3-e8be-4ab1-976d-369b911cfc29</sln:miejscIIPId><sln:miejscIIPPn>PL.PZGIK.200</sln:miejscIIPPn><sln:miejscIIPWersja>2016-11-24T11:39:02+02:00</sln:miejscIIPWersja><sln:miejscIdTeryt>0633610</sln:miejscIdTeryt><sln:miejscNazwa>Wysocin</sln:miejscNazwa><sln:miejscRodzaj>Inny obiekt</sln:miejscRodzaj><sln:powIIPId>b6830ad0-d491-40c3-b2f6-f9a35c467d34</sln:powIIPId><sln:powIIPPn>PL.PZGIK.200</sln:powIIPPn><sln:powIIPWersja>2012-09-27T08:13:53+02:00</sln:powIIPWersja><sln:powIdTeryt>1436</sln:powIdTeryt><sln:powNazwa>zwoleński</sln:powNazwa><sln:waznyOd>2014-06-23T00:00:00+02:00</sln:waznyOd><sln:wojIIPId>4b6c492a-eb04-441d-a92a-f44359c06de7</sln:wojIIPId><sln:wojIIPPn>PL.PZGIK.200</sln:wojIIPPn><sln:wojIIPWersja>2012-09-27T13:45:13+02:00</sln:wojIIPWersja><sln:wojIdTeryt>14</sln:wojIdTeryt><sln:wojNazwa>mazowieckie</sln:wojNazwa></sln:miejscowosc><sln:miejscowosc><sln:cyklZyciaDo>2017-03-21T00:00:00+01:00</sln:cyklZyciaDo><sln:cyklZyciaOd>2015-03-20T00:00:00+01:00</sln:cyklZyciaOd><sln:gmIIPId>ea5a4bdb-e5d7-4f51-adf9-e0a811f07f31</sln:gmIIPId><sln:gmIIPPn>PL.PZGIK.200</sln:gmIIPPn><sln:gmIIPWersja>2012-09-26T21:58:15+02:00</sln:gmIIPWersja><sln:gmIdTeryt>1436032</sln:gmIdTeryt><sln:gmNazwa>Przyłęk</sln:gmNazwa><sln:miejscIIPId>793154e5-26f0-40ed-acf2-683086fcc625</sln:miejscIIPId><sln:miejscIIPPn>PL.PZGIK.200</sln:miejscIIPPn><sln:miejscIIPWersja>2016-11-24T11:39:02+02:00</sln:miejscIIPWersja><sln:miejscIdTeryt>0633633</sln:miejscIdTeryt><sln:miejscNazwa>Załazy</sln:miejscNazwa><sln:miejscRodzaj>Inny obiekt</sln:miejscRodzaj><sln:powIIPId>b6830ad0-d491-40c3-b2f6-f9a35c467d34</sln:powIIPId><sln:powIIPPn>PL.PZGIK.200</sln:powIIPPn><sln:powIIPWersja>2012-09-27T08:13:53+02:00</sln:powIIPWersja><sln:powIdTeryt>1436</sln:powIdTeryt><sln:powNazwa>zwoleński</sln:powNazwa><sln:waznyOd>2014-06-23T00:00:00+02:00</sln:waznyOd><sln:wojIIPId>4b6c492a-eb04-441d-a92a-f44359c06de7</sln:wojIIPId><sln:wojIIPPn>PL.PZGIK.200</sln:wojIIPPn><sln:wojIIPWersja>2012-09-27T13:45:13+02:00</sln:wojIIPWersja><sln:wojIdTeryt>14</sln:wojIdTeryt><sln:wojNazwa>mazowieckie</sln:wojNazwa></sln:miejscowosc><sln:miejscowosc><sln:cyklZyciaDo>2017-03-21T00:00:00+01:00</sln:cyklZyciaDo><sln:cyklZyciaOd>2015-03-20T00:00:00+01:00</sln:cyklZyciaOd><sln:gmIIPId>ea5a4bdb-e5d7-4f51-adf9-e0a811f07f31</sln:gmIIPId><sln:gmIIPPn>PL.PZGIK.200</sln:gmIIPPn><sln:gmIIPWersja>2012-09-26T21:58:15+02:00</sln:gmIIPWersja><sln:gmIdTeryt>1436032</sln:gmIdTeryt><sln:gmNazwa>Przyłęk</sln:gmNazwa><sln:miejscIIPId>be6165e0-7388-468d-99a9-1371dbdea729</sln:miejscIIPId><sln:miejscIIPPn>PL.PZGIK.200</sln:miejscIIPPn><sln:miejscIIPWersja>2016-11-24T11:39:02+02:00</sln:miejscIIPWersja><sln:miejscIdTeryt>0633449</sln:miejscIdTeryt><sln:miejscNazwa>Zamość Nowy</sln:miejscNazwa><sln:miejscRodzaj>Inny obiekt</sln:miejscRodzaj><sln:powIIPId>b6830ad0-d491-40c3-b2f6-f9a35c467d34</sln:powIIPId><sln:powIIPPn>PL.PZGIK.200</sln:powIIPPn><sln:powIIPWersja>2012-09-27T08:13:53+02:00</sln:powIIPWersja><sln:powIdTeryt>1436</sln:powIdTeryt><sln:powNazwa>zwoleński</sln:powNazwa><sln:waznyOd>2014-06-23T00:00:00+02:00</sln:waznyOd><sln:wojIIPId>4b6c492a-eb04-441d-a92a-f44359c06de7</sln:wojIIPId><sln:wojIIPPn>PL.PZGIK.200</sln:wojIIPPn><sln:wojIIPWersja>2012-09-27T13:45:13+02:00</sln:wojIIPWersja><sln:wojIdTeryt>14</sln:wojIdTeryt><sln:wojNazwa>mazowieckie</sln:wojNazwa></sln:miejscowosc><sln:miejscowosc><sln:cyklZyciaDo>2017-03-21T00:00:00+01:00</sln:cyklZyciaDo><sln:cyklZyciaOd>2015-03-20T00:00:00+01:00</sln:cyklZyciaOd><sln:gmIIPId>ea5a4bdb-e5d7-4f51-adf9-e0a811f07f31</sln:gmIIPId><sln:gmIIPPn>PL.PZGIK.200</sln:gmIIPPn><sln:gmIIPWersja>2012-09-26T21:58:15+02:00</sln:gmIIPWersja><sln:gmIdTeryt>1436032</sln:gmIdTeryt><sln:gmNazwa>Przyłęk</sln:gmNazwa><sln:miejscIIPId>abd72115-f6f7-4ac8-b8e6-cf00c86915c8</sln:miejscIIPId><sln:miejscIIPPn>PL.PZGIK.200</sln:miejscIIPPn><sln:miejscIIPWersja>2016-11-24T11:39:02+02:00</sln:miejscIIPWersja><sln:miejscIdTeryt>0633567</sln:miejscIdTeryt><sln:miejscNazwa>Zamość Stary</sln:miejscNazwa><sln:miejscRodzaj>Inny obiekt</sln:miejscRodzaj><sln:powIIPId>b6830ad0-d491-40c3-b2f6-f9a35c467d34</sln:powIIPId><sln:powIIPPn>PL.PZGIK.200</sln:powIIPPn><sln:powIIPWersja>2012-09-27T08:13:53+02:00</sln:powIIPWersja><sln:powIdTeryt>1436</sln:powIdTeryt><sln:powNazwa>zwoleński</sln:powNazwa><sln:waznyOd>2014-06-23T00:00:00+02:00</sln:waznyOd><sln:wojIIPId>4b6c492a-eb04-441d-a92a-f44359c06de7</sln:wojIIPId><sln:wojIIPPn>PL.PZGIK.200</sln:wojIIPPn><sln:wojIIPWersja>2012-09-27T13:45:13+02:00</sln:wojIIPWersja><sln:wojIdTeryt>14</sln:wojIdTeryt><sln:wojNazwa>mazowieckie</sln:wojNazwa></sln:miejscowosc><sln:miejscowosc><sln:cyklZyciaOd>2017-03-21T00:00:00+01:00</sln:cyklZyciaOd><sln:gmIIPId>ea5a4bdb-e5d7-4f51-adf9-e0a811f07f31</sln:gmIIPId><sln:gmIIPPn>PL.PZGIK.200</sln:gmIIPPn><sln:gmIIPWersja>2012-09-26T21:58:15+02:00</sln:gmIIPWersja><sln:gmIdTeryt>1436032</sln:gmIdTeryt><sln:gmNazwa>Przyłęk</sln:gmNazwa><sln:miejscIIPId>f89df1c7-5069-4c66-9496-5088b3053df9</sln:miejscIIPId><sln:miejscIIPPn>PL.PZGIK.200</sln:miejscIIPPn><sln:miejscIIPWersja>2017-03-21T10:06:27+02:00</sln:miejscIIPWersja><sln:miejscIdTeryt>0633225</sln:miejscIdTeryt><sln:miejscNazwa>Andrzejów</sln:miejscNazwa><sln:miejscRodzaj>Wieś</sln:miejscRodzaj><sln:powIIPId>b6830ad0-d491-40c3-b2f6-f9a35c467d34</sln:powIIPId><sln:powIIPPn>PL.PZGIK.200</sln:powIIPPn><sln:powIIPWersja>2012-09-27T08:13:53+02:00</sln:powIIPWersja><sln:powIdTeryt>1436</sln:powIdTeryt><sln:powNazwa>zwoleński</sln:powNazwa><sln:waznyOd>2014-06-23T00:00:00+02:00</sln:waznyOd><sln:wojIIPId>4b6c492a-eb04-441d-a92a-f44359c06de7</sln:wojIIPId><sln:wojIIPPn>PL.PZGIK.200</sln:wojIIPPn><sln:wojIIPWersja>2012-09-27T13:45:13+02:00</sln:wojIIPWersja><sln:wojIdTeryt>14</sln:wojIdTeryt><sln:wojNazwa>mazowieckie</sln:wojNazwa></sln:miejscowosc><sln:miejscowosc><sln:cyklZyciaOd>2017-03-21T00:00:00+01:00</sln:cyklZyciaOd><sln:gmIIPId>ea5a4bdb-e5d7-4f51-adf9-e0a811f07f31</sln:gmIIPId><sln:gmIIPPn>PL.PZGIK.200</sln:gmIIPPn><sln:gmIIPWersja>2012-09-26T21:58:15+02:00</sln:gmIIPWersja><sln:gmIdTeryt>1436032</sln:gmIdTeryt><sln:gmNazwa>Przyłęk</sln:gmNazwa><sln:miejscIIPId>a28c9a72-a956-4f58-80f6-44ce73a06a4f</sln:miejscIIPId><sln:miejscIIPPn>PL.PZGIK.200</sln:miejscIIPPn><sln:miejscIIPWersja>2017-03-21T10:06:33+02:00</sln:miejscIIPWersja><sln:miejscIdTeryt>0633260</sln:miejscIdTeryt><sln:miejscNazwa>Babin</sln:miejscNazwa><sln:miejscRodzaj>Wieś</sln:miejscRodzaj><sln:powIIPId>b6830ad0-d491-40c3-b2f6-f9a35c467d34</sln:powIIPId><sln:powIIPPn>PL.PZGIK.200</sln:powIIPPn><sln:powIIPWersja>2012-09-27T08:13:53+02:00</sln:powIIPWersja><sln:powIdTeryt>1436</sln:powIdTeryt><sln:powNazwa>zwoleński</sln:powNazwa><sln:waznyOd>2014-06-23T00:00:00+02:00</sln:waznyOd><sln:wojIIPId>4b6c492a-eb04-441d-a92a-f44359c06de7</sln:wojIIPId><sln:wojIIPPn>PL.PZGIK.200</sln:wojIIPPn><sln:wojIIPWersja>2012-09-27T13:45:13+02:00</sln:wojIIPWersja><sln:wojIdTeryt>14</sln:wojIdTeryt><sln:wojNazwa>mazowieckie</sln:wojNazwa></sln:miejscowosc><sln:miejscowosc><sln:cyklZyciaOd>2017-03-21T00:00:00+01:00</sln:cyklZyciaOd><sln:gmIIPId>ea5a4bdb-e5d7-4f51-adf9-e0a811f07f31</sln:gmIIPId><sln:gmIIPPn>PL.PZGIK.200</sln:gmIIPPn><sln:gmIIPWersja>2012-09-26T21:58:15+02:00</sln:gmIIPWersja><sln:gmIdTeryt>1436032</sln:gmIdTeryt><sln:gmNazwa>Przyłęk</sln:gmNazwa><sln:miejscIIPId>d864ef81-871e-4e94-a1ad-4f43a4f4512d</sln:miejscIIPId><sln:miejscIIPPn>PL.PZGIK.200</sln:miejscIIPPn><sln:miejscIIPWersja>2017-03-21T10:06:34+02:00</sln:miejscIIPWersja><sln:miejscIdTeryt>0633277</sln:miejscIdTeryt><sln:miejscNazwa>Baryczka</sln:miejscNazwa><sln:miejscRodzaj>Wieś</sln:miejscRodzaj><sln:powIIPId>b6830ad0-d491-40c3-b2f6-f9a35c467d34</sln:powIIPId><sln:powIIPPn>PL.PZGIK.200</sln:powIIPPn><sln:powIIPWersja>2012-09-27T08:13:53+02:00</sln:powIIPWersja><sln:powIdTeryt>1436</sln:powIdTeryt><sln:powNazwa>zwoleński</sln:powNazwa><sln:waznyOd>2014-06-23T00:00:00+02:00</sln:waznyOd><sln:wojIIPId>4b6c492a-eb04-441d-a92a-f44359c06de7</sln:wojIIPId><sln:wojIIPPn>PL.PZGIK.200</sln:wojIIPPn><sln:wojIIPWersja>2012-09-27T13:45:13+02:00</sln:wojIIPWersja><sln:wojIdTeryt>14</sln:wojIdTeryt><sln:wojNazwa>mazowieckie</sln:wojNazwa></sln:miejscowosc><sln:miejscowosc><sln:cyklZyciaOd>2017-03-21T00:00:00+01:00</sln:cyklZyciaOd><sln:gmIIPId>ea5a4bdb-e5d7-4f51-adf9-e0a811f07f31</sln:gmIIPId><sln:gmIIPPn>PL.PZGIK.200</sln:gmIIPPn><sln:gmIIPWersja>2012-09-26T21:58:15+02:00</sln:gmIIPWersja><sln:gmIdTeryt>1436032</sln:gmIdTeryt><sln:gmNazwa>Przyłęk</sln:gmNazwa><sln:miejscIIPId>893c2ff5-9948-49b2-9073-e1efc8f7bfa9</sln:miejscIIPId><sln:miejscIIPPn>PL.PZGIK.200</sln:miejscIIPPn><sln:miejscIIPWersja>2017-03-21T10:06:34+02:00</sln:miejscIIPWersja><sln:miejscIdTeryt>0633283</sln:miejscIdTeryt><sln:miejscNazwa>Grabów nad Wisłą</sln:miejscNazwa><sln:miejscRodzaj>Wieś</sln:miejscRodzaj><sln:powIIPId>b6830ad0-d491-40c3-b2f6-f9a35c467d34</sln:powIIPId><sln:powIIPPn>PL.PZGIK.200</sln:powIIPPn><sln:powIIPWersja>2012-09-27T08:13:53+02:00</sln:powIIPWersja><sln:powIdTeryt>1436</sln:powIdTeryt><sln:powNazwa>zwoleński</sln:powNazwa><sln:waznyOd>2014-06-23T00:00:00+02:00</sln:waznyOd><sln:wojIIPId>4b6c492a-eb04-441d-a92a-f44359c06de7</sln:wojIIPId><sln:wojIIPPn>PL.PZGIK.200</sln:wojIIPPn><sln:wojIIPWersja>2012-09-27T13:45:13+02:00</sln:wojIIPWersja><sln:wojIdTeryt>14</sln:wojIdTeryt><sln:wojNazwa>mazowieckie</sln:wojNazwa></sln:miejscowosc><sln:miejscowosc><sln:cyklZyciaOd>2017-03-21T00:00:00+01:00</sln:cyklZyciaOd><sln:gmIIPId>ea5a4bdb-e5d7-4f51-adf9-e0a811f07f31</sln:gmIIPId><sln:gmIIPPn>PL.PZGIK.200</sln:gmIIPPn><sln:gmIIPWersja>2012-09-26T21:58:15+02:00</sln:gmIIPWersja><sln:gmIdTeryt>1436032</sln:gmIdTeryt><sln:gmNazwa>Przyłęk</sln:gmNazwa><sln:miejscIIPId>10eedcfb-55b5-426d-9717-4a020a1c29ab</sln:miejscIIPId><sln:miejscIIPPn>PL.PZGIK.200</sln:miejscIIPPn><sln:miejscIIPWersja>2017-03-21T10:06:34+02:00</sln:miejscIIPWersja><sln:miejscIdTeryt>0633290</sln:miejscIdTeryt><sln:miejscNazwa>Ignaców</sln:miejscNazwa><sln:miejscRodzaj>Wieś</sln:miejscRodzaj><sln:powIIPId>b6830ad0-d491-40c3-b2f6-f9a35c467d34</sln:powIIPId><sln:powIIPPn>PL.PZGIK.200</sln:powIIPPn><sln:powIIPWersja>2012-09-27T08:13:53+02:00</sln:powIIPWersja><sln:powIdTeryt>1436</sln:powIdTeryt><sln:powNazwa>zwoleński</sln:powNazwa><sln:waznyOd>2014-06-23T00:00:00+02:00</sln:waznyOd><sln:wojIIPId>4b6c492a-eb04-441d-a92a-f44359c06de7</sln:wojIIPId><sln:wojIIPPn>PL.PZGIK.200</sln:wojIIPPn><sln:wojIIPWersja>2012-09-27T13:45:13+02:00</sln:wojIIPWersja><sln:wojIdTeryt>14</sln:wojIdTeryt><sln:wojNazwa>mazowieckie</sln:wojNazwa></sln:miejscowosc><sln:miejscowosc><sln:cyklZyciaOd>2017-03-21T00:00:00+01:00</sln:cyklZyciaOd><sln:gmIIPId>ea5a4bdb-e5d7-4f51-adf9-e0a811f07f31</sln:gmIIPId><sln:gmIIPPn>PL.PZGIK.200</sln:gmIIPPn><sln:gmIIPWersja>2012-09-26T21:58:15+02:00</sln:gmIIPWersja><sln:gmIdTeryt>1436032</sln:gmIdTeryt><sln:gmNazwa>Przyłęk</sln:gmNazwa><sln:miejscIIPId>8408cf4f-c7a8-445f-9a78-692cb3874b7c</sln:miejscIIPId><sln:miejscIIPPn>PL.PZGIK.200</sln:miejscIIPPn><sln:miejscIIPWersja>2017-03-21T10:06:34+02:00</sln:miejscIIPWersja><sln:miejscIdTeryt>0633314</sln:miejscIdTeryt><sln:miejscNazwa>Krzywda</sln:miejscNazwa><sln:miejscRodzaj>Wieś</sln:miejscRodzaj><sln:powIIPId>b6830ad0-d491-40c3-b2f6-f9a35c467d34</sln:powIIPId><sln:powIIPPn>PL.PZGIK.200</sln:powIIPPn><sln:powIIPWersja>2012-09-27T08:13:53+02:00</sln:powIIPWersja><sln:powIdTeryt>1436</sln:powIdTeryt><sln:powNazwa>zwoleński</sln:powNazwa><sln:waznyOd>2014-06-23T00:00:00+02:00</sln:waznyOd><sln:wojIIPId>4b6c492a-eb04-441d-a92a-f44359c06de7</sln:wojIIPId><sln:wojIIPPn>PL.PZGIK.200</sln:wojIIPPn><sln:wojIIPWersja>2012-09-27T13:45:13+02:00</sln:wojIIPWersja><sln:wojIdTeryt>14</sln:wojIdTeryt><sln:wojNazwa>mazowieckie</sln:wojNazwa></sln:miejscowosc><sln:miejscowosc><sln:cyklZyciaOd>2017-03-21T00:00:00+01:00</sln:cyklZyciaOd><sln:gmIIPId>ea5a4bdb-e5d7-4f51-adf9-e0a811f07f31</sln:gmIIPId><sln:gmIIPPn>PL.PZGIK.200</sln:gmIIPPn><sln:gmIIPWersja>2012-09-26T21:58:15+02:00</sln:gmIIPWersja><sln:gmIdTeryt>1436032</sln:gmIdTeryt><sln:gmNazwa>Przyłęk</sln:gmNazwa><sln:miejscIIPId>bc30dff8-212c-4925-8b7d-45cc05865369</sln:miejscIIPId><sln:miejscIIPPn>PL.PZGIK.200</sln:miejscIIPPn><sln:miejscIIPWersja>2017-03-21T10:06:34+02:00</sln:miejscIIPWersja><sln:miejscIdTeryt>0633320</sln:miejscIdTeryt><sln:miejscNazwa>Kulczyn</sln:miejscNazwa><sln:miejscRodzaj>Wieś</sln:miejscRodzaj><sln:powIIPId>b6830ad0-d491-40c3-b2f6-f9a35c467d34</sln:powIIPId><sln:powIIPPn>PL.PZGIK.200</sln:powIIPPn><sln:powIIPWersja>2012-09-27T08:13:53+02:00</sln:powIIPWersja><sln:powIdTeryt>1436</sln:powIdTeryt><sln:powNazwa>zwoleński</sln:powNazwa><sln:waznyOd>2014-06-23T00:00:00+02:00</sln:waznyOd><sln:wojIIPId>4b6c492a-eb04-441d-a92a-f44359c06de7</sln:wojIIPId><sln:wojIIPPn>PL.PZGIK.200</sln:wojIIPPn><sln:wojIIPWersja>2012-09-27T13:45:13+02:00</sln:wojIIPWersja><sln:wojIdTeryt>14</sln:wojIdTeryt><sln:wojNazwa>mazowieckie</sln:wojNazwa></sln:miejscowosc><sln:miejscowosc><sln:cyklZyciaOd>2017-03-21T00:00:00+01:00</sln:cyklZyciaOd><sln:gmIIPId>ea5a4bdb-e5d7-4f51-adf9-e0a811f07f31</sln:gmIIPId><sln:gmIIPPn>PL.PZGIK.200</sln:gmIIPPn><sln:gmIIPWersja>2012-09-26T21:58:15+02:00</sln:gmIIPWersja><sln:gmIdTeryt>1436032</sln:gmIdTeryt><sln:gmNazwa>Przyłęk</sln:gmNazwa><sln:miejscIIPId>73ebfbc3-d593-47c1-a08b-a75046056641</sln:miejscIIPId><sln:miejscIIPPn>PL.PZGIK.200</sln:miejscIIPPn><sln:miejscIIPWersja>2017-03-21T10:06:34+02:00</sln:miejscIIPWersja><sln:miejscIdTeryt>0633343</sln:miejscIdTeryt><sln:miejscNazwa>Lipiny</sln:miejscNazwa><sln:miejscRodzaj>Wieś</sln:miejscRodzaj><sln:powIIPId>b6830ad0-d491-40c3-b2f6-f9a35c467d34</sln:powIIPId><sln:powIIPPn>PL.PZGIK.200</sln:powIIPPn><sln:powIIPWersja>2012-09-27T08:13:53+02:00</sln:powIIPWersja><sln:powIdTeryt>1436</sln:powIdTeryt><sln:powNazwa>zwoleński</sln:powNazwa><sln:waznyOd>2014-06-23T00:00:00+02:00</sln:waznyOd><sln:wojIIPId>4b6c492a-eb04-441d-a92a-f44359c06de7</sln:wojIIPId><sln:wojIIPPn>PL.PZGIK.200</sln:wojIIPPn><sln:wojIIPWersja>2012-09-27T13:45:13+02:00</sln:wojIIPWersja><sln:wojIdTeryt>14</sln:wojIdTeryt><sln:wojNazwa>mazowieckie</sln:wojNazwa></sln:miejscowosc><sln:miejscowosc><sln:cyklZyciaOd>2017-03-21T00:00:00+01:00</sln:cyklZyciaOd><sln:gmIIPId>ea5a4bdb-e5d7-4f51-adf9-e0a811f07f31</sln:gmIIPId><sln:gmIIPPn>PL.PZGIK.200</sln:gmIIPPn><sln:gmIIPWersja>2012-09-26T21:58:15+02:00</sln:gmIIPWersja><sln:gmIdTeryt>1436032</sln:gmIdTeryt><sln:gmNazwa>Przyłęk</sln:gmNazwa><sln:miejscIIPId>2fc21522-acbc-49fe-a029-a8f45e7c49e4</sln:miejscIIPId><sln:miejscIIPPn>PL.PZGIK.200</sln:miejscIIPPn><sln:miejscIIPWersja>2017-03-21T10:06:34+02:00</sln:miejscIIPWersja><sln:miejscIdTeryt>0633350</sln:miejscIdTeryt><sln:miejscNazwa>Lucimia</sln:miejscNazwa><sln:miejscRodzaj>Wieś</sln:miejscRodzaj><sln:powIIPId>b6830ad0-d491-40c3-b2f6-f9a35c467d34</sln:powIIPId><sln:powIIPPn>PL.PZGIK.200</sln:powIIPPn><sln:powIIPWersja>2012-09-27T08:13:53+02:00</sln:powIIPWersja><sln:powIdTeryt>1436</sln:powIdTeryt><sln:powNazwa>zwoleński</sln:powNazwa><sln:waznyOd>2014-06-23T00:00:00+02:00</sln:waznyOd><sln:wojIIPId>4b6c492a-eb04-441d-a92a-f44359c06de7</sln:wojIIPId><sln:wojIIPPn>PL.PZGIK.200</sln:wojIIPPn><sln:wojIIPWersja>2012-09-27T13:45:13+02:00</sln:wojIIPWersja><sln:wojIdTeryt>14</sln:wojIdTeryt><sln:wojNazwa>mazowieckie</sln:wojNazwa></sln:miejscowosc><sln:miejscowosc><sln:cyklZyciaOd>2017-03-21T00:00:00+01:00</sln:cyklZyciaOd><sln:gmIIPId>ea5a4bdb-e5d7-4f51-adf9-e0a811f07f31</sln:gmIIPId><sln:gmIIPPn>PL.PZGIK.200</sln:gmIIPPn><sln:gmIIPWersja>2012-09-26T21:58:15+02:00</sln:gmIIPWersja><sln:gmIdTeryt>1436032</sln:gmIdTeryt><sln:gmNazwa>Przyłęk</sln:gmNazwa><sln:miejscIIPId>9085a9f0-0770-492c-b3bc-121dde759eb8</sln:miejscIIPId><sln:miejscIIPPn>PL.PZGIK.200</sln:miejscIIPPn><sln:miejscIIPWersja>2017-03-21T10:06:34+02:00</sln:miejscIIPWersja><sln:miejscIdTeryt>0633366</sln:miejscIdTeryt><sln:miejscNazwa>Łagów</sln:miejscNazwa><sln:miejscRodzaj>Wieś</sln:miejscRodzaj><sln:powIIPId>b6830ad0-d491-40c3-b2f6-f9a35c467d34</sln:powIIPId><sln:powIIPPn>PL.PZGIK.200</sln:powIIPPn><sln:powIIPWersja>2012-09-27T08:13:53+02:00</sln:powIIPWersja><sln:powIdTeryt>1436</sln:powIdTeryt><sln:powNazwa>zwoleński</sln:powNazwa><sln:waznyOd>2014-06-23T00:00:00+02:00</sln:waznyOd><sln:wojIIPId>4b6c492a-eb04-441d-a92a-f44359c06de7</sln:wojIIPId><sln:wojIIPPn>PL.PZGIK.200</sln:wojIIPPn><sln:wojIIPWersja>2012-09-27T13:45:13+02:00</sln:wojIIPWersja><sln:wojIdTeryt>14</sln:wojIdTeryt><sln:wojNazwa>mazowieckie</sln:wojNazwa></sln:miejscowosc><sln:miejscowosc><sln:cyklZyciaOd>2017-03-21T00:00:00+01:00</sln:cyklZyciaOd><sln:gmIIPId>ea5a4bdb-e5d7-4f51-adf9-e0a811f07f31</sln:gmIIPId><sln:gmIIPPn>PL.PZGIK.200</sln:gmIIPPn><sln:gmIIPWersja>2012-09-26T21:58:15+02:00</sln:gmIIPWersja><sln:gmIdTeryt>1436032</sln:gmIdTeryt><sln:gmNazwa>Przyłęk</sln:gmNazwa><sln:miejscIIPId>8a38135d-406e-4310-ae9c-4dd86d259cca</sln:miejscIIPId><sln:miejscIIPPn>PL.PZGIK.200</sln:miejscIIPPn><sln:miejscIIPWersja>2017-03-21T10:06:34+02:00</sln:miejscIIPWersja><sln:miejscIdTeryt>0633389</sln:miejscIdTeryt><sln:miejscNazwa>Łaguszów</sln:miejscNazwa><sln:miejscRodzaj>Wieś</sln:miejscRodzaj><sln:powIIPId>b6830ad0-d491-40c3-b2f6-f9a35c467d34</sln:powIIPId><sln:powIIPPn>PL.PZGIK.200</sln:powIIPPn><sln:powIIPWersja>2012-09-27T08:13:53+02:00</sln:powIIPWersja><sln:powIdTeryt>1436</sln:powIdTeryt><sln:powNazwa>zwoleński</sln:powNazwa><sln:waznyOd>2014-06-23T00:00:00+02:00</sln:waznyOd><sln:wojIIPId>4b6c492a-eb04-441d-a92a-f44359c06de7</sln:wojIIPId><sln:wojIIPPn>PL.PZGIK.200</sln:wojIIPPn><sln:wojIIPWersja>2012-09-27T13:45:13+02:00</sln:wojIIPWersja><sln:wojIdTeryt>14</sln:wojIdTeryt><sln:wojNazwa>mazowieckie</sln:wojNazwa></sln:miejscowosc><sln:miejscowosc><sln:cyklZyciaOd>2017-03-21T00:00:00+01:00</sln:cyklZyciaOd><sln:gmIIPId>ea5a4bdb-e5d7-4f51-adf9-e0a811f07f31</sln:gmIIPId><sln:gmIIPPn>PL.PZGIK.200</sln:gmIIPPn><sln:gmIIPWersja>2012-09-26T21:58:15+02:00</sln:gmIIPWersja><sln:gmIdTeryt>1436032</sln:gmIdTeryt><sln:gmNazwa>Przyłęk</sln:gmNazwa><sln:miejscIIPId>cf4d3753-0a83-4af1-9662-299bb9592bb7</sln:miejscIIPId><sln:miejscIIPPn>PL.PZGIK.200</sln:miejscIIPPn><sln:miejscIIPWersja>2017-03-21T10:06:34+02:00</sln:miejscIIPWersja><sln:miejscIdTeryt>0633395</sln:miejscIdTeryt><sln:miejscNazwa>Mierziączka</sln:miejscNazwa><sln:miejscRodzaj>Wieś</sln:miejscRodzaj><sln:powIIPId>b6830ad0-d491-40c3-b2f6-f9a35c467d34</sln:powIIPId><sln:powIIPPn>PL.PZGIK.200</sln:powIIPPn><sln:powIIPWersja>2012-09-27T08:13:53+02:00</sln:powIIPWersja><sln:powIdTeryt>1436</sln:powIdTeryt><sln:powNazwa>zwoleński</sln:powNazwa><sln:waznyOd>2014-06-23T00:00:00+02:00</sln:waznyOd><sln:wojIIPId>4b6c492a-eb04-441d-a92a-f44359c06de7</sln:wojIIPId><sln:wojIIPPn>PL.PZGIK.200</sln:wojIIPPn><sln:wojIIPWersja>2012-09-27T13:45:13+02:00</sln:wojIIPWersja><sln:wojIdTeryt>14</sln:wojIdTeryt><sln:wojNazwa>mazowieckie</sln:wojNazwa></sln:miejscowosc><sln:miejscowosc><sln:cyklZyciaOd>2017-03-21T00:00:00+01:00</sln:cyklZyciaOd><sln:gmIIPId>ea5a4bdb-e5d7-4f51-adf9-e0a811f07f31</sln:gmIIPId><sln:gmIIPPn>PL.PZGIK.200</sln:gmIIPPn><sln:gmIIPWersja>2012-09-26T21:58:15+02:00</sln:gmIIPWersja><sln:gmIdTeryt>1436032</sln:gmIdTeryt><sln:gmNazwa>Przyłęk</sln:gmNazwa><sln:miejscIIPId>5826ff17-383e-4e4e-b793-7e09b1d9f3d4</sln:miejscIIPId><sln:miejscIIPPn>PL.PZGIK.200</sln:miejscIIPPn><sln:miejscIIPWersja>2017-03-21T10:06:34+02:00</sln:miejscIIPWersja><sln:miejscIdTeryt>0633403</sln:miejscIdTeryt><sln:miejscNazwa>Mszadla Dolna</sln:miejscNazwa><sln:miejscRodzaj>Wieś</sln:miejscRodzaj><sln:powIIPId>b6830ad0-d491-40c3-b2f6-f9a35c467d34</sln:powIIPId><sln:powIIPPn>PL.PZGIK.200</sln:powIIPPn><sln:powIIPWersja>2012-09-27T08:13:53+02:00</sln:powIIPWersja><sln:powIdTeryt>1436</sln:powIdTeryt><sln:powNazwa>zwoleński</sln:powNazwa><sln:waznyOd>2014-06-23T00:00:00+02:00</sln:waznyOd><sln:wojIIPId>4b6c492a-eb04-441d-a92a-f44359c06de7</sln:wojIIPId><sln:wojIIPPn>PL.PZGIK.200</sln:wojIIPPn><sln:wojIIPWersja>2012-09-27T13:45:13+02:00</sln:wojIIPWersja><sln:wojIdTeryt>14</sln:wojIdTeryt><sln:wojNazwa>mazowieckie</sln:wojNazwa></sln:miejscowosc><sln:miejscowosc><sln:cyklZyciaOd>2017-03-21T00:00:00+01:00</sln:cyklZyciaOd><sln:gmIIPId>ea5a4bdb-e5d7-4f51-adf9-e0a811f07f31</sln:gmIIPId><sln:gmIIPPn>PL.PZGIK.200</sln:gmIIPPn><sln:gmIIPWersja>2012-09-26T21:58:15+02:00</sln:gmIIPWersja><sln:gmIdTeryt>1436032</sln:gmIdTeryt><sln:gmNazwa>Przyłęk</sln:gmNazwa><sln:miejscIIPId>4cb44a08-4039-4141-b7a9-729b14ec3ee6</sln:miejscIIPId><sln:miejscIIPPn>PL.PZGIK.200</sln:miejscIIPPn><sln:miejscIIPWersja>2017-03-21T10:06:34+02:00</sln:miejscIIPWersja><sln:miejscIdTeryt>0633426</sln:miejscIdTeryt><sln:miejscNazwa>Mszadla Nowa</sln:miejscNazwa><sln:miejscRodzaj>Wieś</sln:miejscRodzaj><sln:powIIPId>b6830ad0-d491-40c3-b2f6-f9a35c467d34</sln:powIIPId><sln:powIIPPn>PL.PZGIK.200</sln:powIIPPn><sln:powIIPWersja>2012-09-27T08:13:53+02:00</sln:powIIPWersja><sln:powIdTeryt>1436</sln:powIdTeryt><sln:powNazwa>zwoleński</sln:powNazwa><sln:waznyOd>2014-06-23T00:00:00+02:00</sln:waznyOd><sln:wojIIPId>4b6c492a-eb04-441d-a92a-f44359c06de7</sln:wojIIPId><sln:wojIIPPn>PL.PZGIK.200</sln:wojIIPPn><sln:wojIIPWersja>2012-09-27T13:45:13+02:00</sln:wojIIPWersja><sln:wojIdTeryt>14</sln:wojIdTeryt><sln:wojNazwa>mazowieckie</sln:wojNazwa></sln:miejscowosc><sln:miejscowosc><sln:cyklZyciaOd>2017-03-21T00:00:00+01:00</sln:cyklZyciaOd><sln:gmIIPId>ea5a4bdb-e5d7-4f51-adf9-e0a811f07f31</sln:gmIIPId><sln:gmIIPPn>PL.PZGIK.200</sln:gmIIPPn><sln:gmIIPWersja>2012-09-26T21:58:15+02:00</sln:gmIIPWersja><sln:gmIdTeryt>1436032</sln:gmIdTeryt><sln:gmNazwa>Przyłęk</sln:gmNazwa><sln:miejscIIPId>03cde24d-0b5f-42d0-a605-cc4aad1de9df</sln:miejscIIPId><sln:miejscIIPPn>PL.PZGIK.200</sln:miejscIIPPn><sln:miejscIIPWersja>2017-03-21T10:06:34+02:00</sln:miejscIIPWersja><sln:miejscIdTeryt>0633432</sln:miejscIdTeryt><sln:miejscNazwa>Ławeczko Nowe</sln:miejscNazwa><sln:miejscRodzaj>Wieś</sln:miejscRodzaj><sln:powIIPId>b6830ad0-d491-40c3-b2f6-f9a35c467d34</sln:powIIPId><sln:powIIPPn>PL.PZGIK.200</sln:powIIPPn><sln:powIIPWersja>2012-09-27T08:13:53+02:00</sln:powIIPWersja><sln:powIdTeryt>1436</sln:powIdTeryt><sln:powNazwa>zwoleński</sln:powNazwa><sln:waznyOd>2014-06-23T00:00:00+02:00</sln:waznyOd><sln:wojIIPId>4b6c492a-eb04-441d-a92a-f44359c06de7</sln:wojIIPId><sln:wojIIPPn>PL.PZGIK.200</sln:wojIIPPn><sln:wojIIPWersja>2012-09-27T13:45:13+02:00</sln:wojIIPWersja><sln:wojIdTeryt>14</sln:wojIdTeryt><sln:wojNazwa>mazowieckie</sln:wojNazwa></sln:miejscowosc><sln:miejscowosc><sln:cyklZyciaOd>2017-03-21T00:00:00+01:00</sln:cyklZyciaOd><sln:gmIIPId>ea5a4bdb-e5d7-4f51-adf9-e0a811f07f31</sln:gmIIPId><sln:gmIIPPn>PL.PZGIK.200</sln:gmIIPPn><sln:gmIIPWersja>2012-09-26T21:58:15+02:00</sln:gmIIPWersja><sln:gmIdTeryt>1436032</sln:gmIdTeryt><sln:gmNazwa>Przyłęk</sln:gmNazwa><sln:miejscIIPId>be6165e0-7388-468d-99a9-1371dbdea729</sln:miejscIIPId><sln:miejscIIPPn>PL.PZGIK.200</sln:miejscIIPPn><sln:miejscIIPWersja>2017-03-21T10:06:35+02:00</sln:miejscIIPWersja><sln:miejscIdTeryt>0633449</sln:miejscIdTeryt><sln:miejscNazwa>Zamość Nowy</sln:miejscNazwa><sln:miejscRodzaj>Wieś</sln:miejscRodzaj><sln:powIIPId>b6830ad0-d491-40c3-b2f6-f9a35c467d34</sln:powIIPId><sln:powIIPPn>PL.PZGIK.200</sln:powIIPPn><sln:powIIPWersja>2012-09-27T08:13:53+02:00</sln:powIIPWersja><sln:powIdTeryt>1436</sln:powIdTeryt><sln:powNazwa>zwoleński</sln:powNazwa><sln:waznyOd>2014-06-23T00:00:00+02:00</sln:waznyOd><sln:wojIIPId>4b6c492a-eb04-441d-a92a-f44359c06de7</sln:wojIIPId><sln:wojIIPPn>PL.PZGIK.200</sln:wojIIPPn><sln:wojIIPWersja>2012-09-27T13:45:13+02:00</sln:wojIIPWersja><sln:wojIdTeryt>14</sln:wojIdTeryt><sln:wojNazwa>mazowieckie</sln:wojNazwa></sln:miejscowosc><sln:miejscowosc><sln:cyklZyciaOd>2017-03-21T00:00:00+01:00</sln:cyklZyciaOd><sln:gmIIPId>ea5a4bdb-e5d7-4f51-adf9-e0a811f07f31</sln:gmIIPId><sln:gmIIPPn>PL.PZGIK.200</sln:gmIIPPn><sln:gmIIPWersja>2012-09-26T21:58:15+02:00</sln:gmIIPWersja><sln:gmIdTeryt>1436032</sln:gmIdTeryt><sln:gmNazwa>Przyłęk</sln:gmNazwa><sln:miejscIIPId>ee1c0cb3-a6ff-4318-9791-6bfc4bc43787</sln:miejscIIPId><sln:miejscIIPPn>PL.PZGIK.200</sln:miejscIIPPn><sln:miejscIIPWersja>2017-03-21T10:06:35+02:00</sln:miejscIIPWersja><sln:miejscIdTeryt>0633455</sln:miejscIdTeryt><sln:miejscNazwa>Okrężnica</sln:miejscNazwa><sln:miejscRodzaj>Wieś</sln:miejscRodzaj><sln:powIIPId>b6830ad0-d491-40c3-b2f6-f9a35c467d34</sln:powIIPId><sln:powIIPPn>PL.PZGIK.200</sln:powIIPPn><sln:powIIPWersja>2012-09-27T08:13:53+02:00</sln:powIIPWersja><sln:powIdTeryt>1436</sln:powIdTeryt><sln:powNazwa>zwoleński</sln:powNazwa><sln:waznyOd>2014-06-23T00:00:00+02:00</sln:waznyOd><sln:wojIIPId>4b6c492a-eb04-441d-a92a-f44359c06de7</sln:wojIIPId><sln:wojIIPPn>PL.PZGIK.200</sln:wojIIPPn><sln:wojIIPWersja>2012-09-27T13:45:13+02:00</sln:wojIIPWersja><sln:wojIdTeryt>14</sln:wojIdTeryt><sln:wojNazwa>mazowieckie</sln:wojNazwa></sln:miejscowosc><sln:miejscowosc><sln:cyklZyciaOd>2017-03-21T00:00:00+01:00</sln:cyklZyciaOd><sln:gmIIPId>ea5a4bdb-e5d7-4f51-adf9-e0a811f07f31</sln:gmIIPId><sln:gmIIPPn>PL.PZGIK.200</sln:gmIIPPn><sln:gmIIPWersja>2012-09-26T21:58:15+02:00</sln:gmIIPWersja><sln:gmIdTeryt>1436032</sln:gmIdTeryt><sln:gmNazwa>Przyłęk</sln:gmNazwa><sln:miejscIIPId>7b322ffe-6434-436c-b4f9-473c4f4103cb</sln:miejscIIPId><sln:miejscIIPPn>PL.PZGIK.200</sln:miejscIIPPn><sln:miejscIIPWersja>2017-03-21T10:06:35+02:00</sln:miejscIIPWersja><sln:miejscIdTeryt>0633461</sln:miejscIdTeryt><sln:miejscNazwa>Pająków</sln:miejscNazwa><sln:miejscRodzaj>Wieś</sln:miejscRodzaj><sln:powIIPId>b6830ad0-d491-40c3-b2f6-f9a35c467d34</sln:powIIPId><sln:powIIPPn>PL.PZGIK.200</sln:powIIPPn><sln:powIIPWersja>2012-09-27T08:13:53+02:00</sln:powIIPWersja><sln:powIdTeryt>1436</sln:powIdTeryt><sln:powNazwa>zwoleński</sln:powNazwa><sln:waznyOd>2014-06-23T00:00:00+02:00</sln:waznyOd><sln:wojIIPId>4b6c492a-eb04-441d-a92a-f44359c06de7</sln:wojIIPId><sln:wojIIPPn>PL.PZGIK.200</sln:wojIIPPn><sln:wojIIPWersja>2012-09-27T13:45:13+02:00</sln:wojIIPWersja><sln:wojIdTeryt>14</sln:wojIdTeryt><sln:wojNazwa>mazowieckie</sln:wojNazwa></sln:miejscowosc><sln:miejscowosc><sln:cyklZyciaOd>2017-03-21T00:00:00+01:00</sln:cyklZyciaOd><sln:gmIIPId>ea5a4bdb-e5d7-4f51-adf9-e0a811f07f31</sln:gmIIPId><sln:gmIIPPn>PL.PZGIK.200</sln:gmIIPPn><sln:gmIIPWersja>2012-09-26T21:58:15+02:00</sln:gmIIPWersja><sln:gmIdTeryt>1436032</sln:gmIdTeryt><sln:gmNazwa>Przyłęk</sln:gmNazwa><sln:miejscIIPId>70bed9de-13b6-495a-8407-e84a4ebb648e</sln:miejscIIPId><sln:miejscIIPPn>PL.PZGIK.200</sln:miejscIIPPn><sln:miejscIIPWersja>2017-03-21T10:06:35+02:00</sln:miejscIIPWersja><sln:miejscIdTeryt>0633478</sln:miejscIdTeryt><sln:miejscNazwa>Przyłęk</sln:miejscNazwa><sln:miejscRodzaj>Wieś</sln:miejscRodzaj><sln:powIIPId>b6830ad0-d491-40c3-b2f6-f9a35c467d34</sln:powIIPId><sln:powIIPPn>PL.PZGIK.200</sln:powIIPPn><sln:powIIPWersja>2012-09-27T08:13:53+02:00</sln:powIIPWersja><sln:powIdTeryt>1436</sln:powIdTeryt><sln:powNazwa>zwoleński</sln:powNazwa><sln:waznyOd>2014-06-23T00:00:00+02:00</sln:waznyOd><sln:wojIIPId>4b6c492a-eb04-441d-a92a-f44359c06de7</sln:wojIIPId><sln:wojIIPPn>PL.PZGIK.200</sln:wojIIPPn><sln:wojIIPWersja>2012-09-27T13:45:13+02:00</sln:wojIIPWersja><sln:wojIdTeryt>14</sln:wojIdTeryt><sln:wojNazwa>mazowieckie</sln:wojNazwa></sln:miejscowosc><sln:miejscowosc><sln:cyklZyciaOd>2017-03-21T00:00:00+01:00</sln:cyklZyciaOd><sln:gmIIPId>ea5a4bdb-e5d7-4f51-adf9-e0a811f07f31</sln:gmIIPId><sln:gmIIPPn>PL.PZGIK.200</sln:gmIIPPn><sln:gmIIPWersja>2012-09-26T21:58:15+02:00</sln:gmIIPWersja><sln:gmIdTeryt>1436032</sln:gmIdTeryt><sln:gmNazwa>Przyłęk</sln:gmNazwa><sln:miejscIIPId>02ca10e6-2dd3-4af5-aff5-065a3eb9c28a</sln:miejscIIPId><sln:miejscIIPPn>PL.PZGIK.200</sln:miejscIIPPn><sln:miejscIIPWersja>2017-03-21T10:06:35+02:00</sln:miejscIIPWersja><sln:miejscIdTeryt>0633490</sln:miejscIdTeryt><sln:miejscNazwa>Rudki</sln:miejscNazwa><sln:miejscRodzaj>Wieś</sln:miejscRodzaj><sln:powIIPId>b6830ad0-d491-40c3-b2f6-f9a35c467d34</sln:powIIPId><sln:powIIPPn>PL.PZGIK.200</sln:powIIPPn><sln:powIIPWersja>2012-09-27T08:13:53+02:00</sln:powIIPWersja><sln:powIdTeryt>1436</sln:powIdTeryt><sln:powNazwa>zwoleński</sln:powNazwa><sln:waznyOd>2014-06-23T00:00:00+02:00</sln:waznyOd><sln:wojIIPId>4b6c492a-eb04-441d-a92a-f44359c06de7</sln:wojIIPId><sln:wojIIPPn>PL.PZGIK.200</sln:wojIIPPn><sln:wojIIPWersja>2012-09-27T13:45:13+02:00</sln:wojIIPWersja><sln:wojIdTeryt>14</sln:wojIdTeryt><sln:wojNazwa>mazowieckie</sln:wojNazwa></sln:miejscowosc><sln:miejscowosc><sln:cyklZyciaOd>2017-03-21T00:00:00+01:00</sln:cyklZyciaOd><sln:gmIIPId>ea5a4bdb-e5d7-4f51-adf9-e0a811f07f31</sln:gmIIPId><sln:gmIIPPn>PL.PZGIK.200</sln:gmIIPPn><sln:gmIIPWersja>2012-09-26T21:58:15+02:00</sln:gmIIPWersja><sln:gmIdTeryt>1436032</sln:gmIdTeryt><sln:gmNazwa>Przyłęk</sln:gmNazwa><sln:miejscIIPId>543c047f-eb39-46ce-ace1-d0dcdacb02db</sln:miejscIIPId><sln:miejscIIPPn>PL.PZGIK.200</sln:miejscIIPPn><sln:miejscIIPWersja>2017-03-21T10:06:35+02:00</sln:miejscIIPWersja><sln:miejscIdTeryt>0633521</sln:miejscIdTeryt><sln:miejscNazwa>Mszadla Stara</sln:miejscNazwa><sln:miejscRodzaj>Wieś</sln:miejscRodzaj><sln:powIIPId>b6830ad0-d491-40c3-b2f6-f9a35c467d34</sln:powIIPId><sln:powIIPPn>PL.PZGIK.200</sln:powIIPPn><sln:powIIPWersja>2012-09-27T08:13:53+02:00</sln:powIIPWersja><sln:powIdTeryt>1436</sln:powIdTeryt><sln:powNazwa>zwoleński</sln:powNazwa><sln:waznyOd>2014-06-23T00:00:00+02:00</sln:waznyOd><sln:wojIIPId>4b6c492a-eb04-441d-a92a-f44359c06de7</sln:wojIIPId><sln:wojIIPPn>PL.PZGIK.200</sln:wojIIPPn><sln:wojIIPWersja>2012-09-27T13:45:13+02:00</sln:wojIIPWersja><sln:wojIdTeryt>14</sln:wojIdTeryt><sln:wojNazwa>mazowieckie</sln:wojNazwa></sln:miejscowosc><sln:miejscowosc><sln:cyklZyciaOd>2017-03-21T00:00:00+01:00</sln:cyklZyciaOd><sln:gmIIPId>ea5a4bdb-e5d7-4f51-adf9-e0a811f07f31</sln:gmIIPId><sln:gmIIPPn>PL.PZGIK.200</sln:gmIIPPn><sln:gmIIPWersja>2012-09-26T21:58:15+02:00</sln:gmIIPWersja><sln:gmIdTeryt>1436032</sln:gmIdTeryt><sln:gmNazwa>Przyłęk</sln:gmNazwa><sln:miejscIIPId>f7f195ae-2439-4420-a3bc-ba8de8848ad2</sln:miejscIIPId><sln:miejscIIPPn>PL.PZGIK.200</sln:miejscIIPPn><sln:miejscIIPWersja>2017-03-21T10:06:35+02:00</sln:miejscIIPWersja><sln:miejscIdTeryt>0633544</sln:miejscIdTeryt><sln:miejscNazwa>Ławeczko Stare</sln:miejscNazwa><sln:miejscRodzaj>Wieś</sln:miejscRodzaj><sln:powIIPId>b6830ad0-d491-40c3-b2f6-f9a35c467d34</sln:powIIPId><sln:powIIPPn>PL.PZGIK.200</sln:powIIPPn><sln:powIIPWersja>2012-09-27T08:13:53+02:00</sln:powIIPWersja><sln:powIdTeryt>1436</sln:powIdTeryt><sln:powNazwa>zwoleński</sln:powNazwa><sln:waznyOd>2014-06-23T00:00:00+02:00</sln:waznyOd><sln:wojIIPId>4b6c492a-eb04-441d-a92a-f44359c06de7</sln:wojIIPId><sln:wojIIPPn>PL.PZGIK.200</sln:wojIIPPn><sln:wojIIPWersja>2012-09-27T13:45:13+02:00</sln:wojIIPWersja><sln:wojIdTeryt>14</sln:wojIdTeryt><sln:wojNazwa>mazowieckie</sln:wojNazwa></sln:miejscowosc><sln:miejscowosc><sln:cyklZyciaOd>2017-03-21T00:00:00+01:00</sln:cyklZyciaOd><sln:gmIIPId>ea5a4bdb-e5d7-4f51-adf9-e0a811f07f31</sln:gmIIPId><sln:gmIIPPn>PL.PZGIK.200</sln:gmIIPPn><sln:gmIIPWersja>2012-09-26T21:58:15+02:00</sln:gmIIPWersja><sln:gmIdTeryt>1436032</sln:gmIdTeryt><sln:gmNazwa>Przyłęk</sln:gmNazwa><sln:miejscIIPId>eb9368a9-c9b5-474d-858c-42790c6f7b83</sln:miejscIIPId><sln:miejscIIPPn>PL.PZGIK.200</sln:miejscIIPPn><sln:miejscIIPWersja>2017-03-21T10:06:35+02:00</sln:miejscIIPWersja><sln:miejscIdTeryt>0633550</sln:miejscIdTeryt><sln:miejscNazwa>Klin</sln:miejscNazwa><sln:miejscRodzaj>Inny obiekt</sln:miejscRodzaj><sln:powIIPId>b6830ad0-d491-40c3-b2f6-f9a35c467d34</sln:powIIPId><sln:powIIPPn>PL.PZGIK.200</sln:powIIPPn><sln:powIIPWersja>2012-09-27T08:13:53+02:00</sln:powIIPWersja><sln:powIdTeryt>1436</sln:powIdTeryt><sln:powNazwa>zwoleński</sln:powNazwa><sln:waznyOd>2014-06-23T00:00:00+02:00</sln:waznyOd><sln:wojIIPId>4b6c492a-eb04-441d-a92a-f44359c06de7</sln:wojIIPId><sln:wojIIPPn>PL.PZGIK.200</sln:wojIIPPn><sln:wojIIPWersja>2012-09-27T13:45:13+02:00</sln:wojIIPWersja><sln:wojIdTeryt>14</sln:wojIdTeryt><sln:wojNazwa>mazowieckie</sln:wojNazwa></sln:miejscowosc><sln:miejscowosc><sln:cyklZyciaOd>2017-03-21T00:00:00+01:00</sln:cyklZyciaOd><sln:gmIIPId>ea5a4bdb-e5d7-4f51-adf9-e0a811f07f31</sln:gmIIPId><sln:gmIIPPn>PL.PZGIK.200</sln:gmIIPPn><sln:gmIIPWersja>2012-09-26T21:58:15+02:00</sln:gmIIPWersja><sln:gmIdTeryt>1436032</sln:gmIdTeryt><sln:gmNazwa>Przyłęk</sln:gmNazwa><sln:miejscIIPId>abd72115-f6f7-4ac8-b8e6-cf00c86915c8</sln:miejscIIPId><sln:miejscIIPPn>PL.PZGIK.200</sln:miejscIIPPn><sln:miejscIIPWersja>2017-03-21T10:06:35+02:00</sln:miejscIIPWersja><sln:miejscIdTeryt>0633567</sln:miejscIdTeryt><sln:miejscNazwa>Zamość Stary</sln:miejscNazwa><sln:miejscRodzaj>Wieś</sln:miejscRodzaj><sln:powIIPId>b6830ad0-d491-40c3-b2f6-f9a35c467d34</sln:powIIPId><sln:powIIPPn>PL.PZGIK.200</sln:powIIPPn><sln:powIIPWersja>2012-09-27T08:13:53+02:00</sln:powIIPWersja><sln:powIdTeryt>1436</sln:powIdTeryt><sln:powNazwa>zwoleński</sln:powNazwa><sln:waznyOd>2014-06-23T00:00:00+02:00</sln:waznyOd><sln:wojIIPId>4b6c492a-eb04-441d-a92a-f44359c06de7</sln:wojIIPId><sln:wojIIPPn>PL.PZGIK.200</sln:wojIIPPn><sln:wojIIPWersja>2012-09-27T13:45:13+02:00</sln:wojIIPWersja><sln:wojIdTeryt>14</sln:wojIdTeryt><sln:wojNazwa>mazowieckie</sln:wojNazwa></sln:miejscowosc><sln:miejscowosc><sln:cyklZyciaOd>2017-03-21T00:00:00+01:00</sln:cyklZyciaOd><sln:gmIIPId>ea5a4bdb-e5d7-4f51-adf9-e0a811f07f31</sln:gmIIPId><sln:gmIIPPn>PL.PZGIK.200</sln:gmIIPPn><sln:gmIIPWersja>2012-09-26T21:58:15+02:00</sln:gmIIPWersja><sln:gmIdTeryt>1436032</sln:gmIdTeryt><sln:gmNazwa>Przyłęk</sln:gmNazwa><sln:miejscIIPId>1d36dcdc-0b28-48ce-b1ee-1f317d84b6fa</sln:miejscIIPId><sln:miejscIIPPn>PL.PZGIK.200</sln:miejscIIPPn><sln:miejscIIPWersja>2017-03-21T10:06:35+02:00</sln:miejscIIPWersja><sln:miejscIdTeryt>0633573</sln:miejscIdTeryt><sln:miejscNazwa>Stefanów</sln:miejscNazwa><sln:miejscRodzaj>Wieś</sln:miejscRodzaj><sln:powIIPId>b6830ad0-d491-40c3-b2f6-f9a35c467d34</sln:powIIPId><sln:powIIPPn>PL.PZGIK.200</sln:powIIPPn><sln:powIIPWersja>2012-09-27T08:13:53+02:00</sln:powIIPWersja><sln:powIdTeryt>1436</sln:powIdTeryt><sln:powNazwa>zwoleński</sln:powNazwa><sln:waznyOd>2014-06-23T00:00:00+02:00</sln:waznyOd><sln:wojIIPId>4b6c492a-eb04-441d-a92a-f44359c06de7</sln:wojIIPId><sln:wojIIPPn>PL.PZGIK.200</sln:wojIIPPn><sln:wojIIPWersja>2012-09-27T13:45:13+02:00</sln:wojIIPWersja><sln:wojIdTeryt>14</sln:wojIdTeryt><sln:wojNazwa>mazowieckie</sln:wojNazwa></sln:miejscowosc><sln:miejscowosc><sln:cyklZyciaOd>2017-03-21T00:00:00+01:00</sln:cyklZyciaOd><sln:gmIIPId>ea5a4bdb-e5d7-4f51-adf9-e0a811f07f31</sln:gmIIPId><sln:gmIIPPn>PL.PZGIK.200</sln:gmIIPPn><sln:gmIIPWersja>2012-09-26T21:58:15+02:00</sln:gmIIPWersja><sln:gmIdTeryt>1436032</sln:gmIdTeryt><sln:gmNazwa>Przyłęk</sln:gmNazwa><sln:miejscIIPId>db9fa51f-b55d-44ce-a7ba-545ed3041aef</sln:miejscIIPId><sln:miejscIIPPn>PL.PZGIK.200</sln:miejscIIPPn><sln:miejscIIPWersja>2017-03-21T10:06:35+02:00</sln:miejscIIPWersja><sln:miejscIdTeryt>0633580</sln:miejscIdTeryt><sln:miejscNazwa>Szlachecki Las</sln:miejscNazwa><sln:miejscRodzaj>Wieś</sln:miejscRodzaj><sln:powIIPId>b6830ad0-d491-40c3-b2f6-f9a35c467d34</sln:powIIPId><sln:powIIPPn>PL.PZGIK.200</sln:powIIPPn><sln:powIIPWersja>2012-09-27T08:13:53+02:00</sln:powIIPWersja><sln:powIdTeryt>1436</sln:powIdTeryt><sln:powNazwa>zwoleński</sln:powNazwa><sln:waznyOd>2014-06-23T00:00:00+02:00</sln:waznyOd><sln:wojIIPId>4b6c492a-eb04-441d-a92a-f44359c06de7</sln:wojIIPId><sln:wojIIPPn>PL.PZGIK.200</sln:wojIIPPn><sln:wojIIPWersja>2012-09-27T13:45:13+02:00</sln:wojIIPWersja><sln:wojIdTeryt>14</sln:wojIdTeryt><sln:wojNazwa>mazowieckie</sln:wojNazwa></sln:miejscowosc><sln:miejscowosc><sln:cyklZyciaOd>2017-03-21T00:00:00+01:00</sln:cyklZyciaOd><sln:gmIIPId>ea5a4bdb-e5d7-4f51-adf9-e0a811f07f31</sln:gmIIPId><sln:gmIIPPn>PL.PZGIK.200</sln:gmIIPPn><sln:gmIIPWersja>2012-09-26T21:58:15+02:00</sln:gmIIPWersja><sln:gmIdTeryt>1436032</sln:gmIdTeryt><sln:gmNazwa>Przyłęk</sln:gmNazwa><sln:miejscIIPId>e9d70164-d9f9-4e93-bd62-83909fbc5788</sln:miejscIIPId><sln:miejscIIPPn>PL.PZGIK.200</sln:miejscIIPPn><sln:miejscIIPWersja>2017-03-21T10:06:35+02:00</sln:miejscIIPWersja><sln:miejscIdTeryt>0633596</sln:miejscIdTeryt><sln:miejscNazwa>Wólka Łagowska</sln:miejscNazwa><sln:miejscRodzaj>Wieś</sln:miejscRodzaj><sln:powIIPId>b6830ad0-d491-40c3-b2f6-f9a35c467d34</sln:powIIPId><sln:powIIPPn>PL.PZGIK.200</sln:powIIPPn><sln:powIIPWersja>2012-09-27T08:13:53+02:00</sln:powIIPWersja><sln:powIdTeryt>1436</sln:powIdTeryt><sln:powNazwa>zwoleński</sln:powNazwa><sln:waznyOd>2014-06-23T00:00:00+02:00</sln:waznyOd><sln:wojIIPId>4b6c492a-eb04-441d-a92a-f44359c06de7</sln:wojIIPId><sln:wojIIPPn>PL.PZGIK.200</sln:wojIIPPn><sln:wojIIPWersja>2012-09-27T13:45:13+02:00</sln:wojIIPWersja><sln:wojIdTeryt>14</sln:wojIdTeryt><sln:wojNazwa>mazowieckie</sln:wojNazwa></sln:miejscowosc><sln:miejscowosc><sln:cyklZyciaOd>2017-03-21T00:00:00+01:00</sln:cyklZyciaOd><sln:gmIIPId>ea5a4bdb-e5d7-4f51-adf9-e0a811f07f31</sln:gmIIPId><sln:gmIIPPn>PL.PZGIK.200</sln:gmIIPPn><sln:gmIIPWersja>2012-09-26T21:58:15+02:00</sln:gmIIPWersja><sln:gmIdTeryt>1436032</sln:gmIdTeryt><sln:gmNazwa>Przyłęk</sln:gmNazwa><sln:miejscIIPId>42a0880c-8da2-4a9b-9a63-5fdcd440eafc</sln:miejscIIPId><sln:miejscIIPPn>PL.PZGIK.200</sln:miejscIIPPn><sln:miejscIIPWersja>2017-03-21T10:06:36+02:00</sln:miejscIIPWersja><sln:miejscIdTeryt>0633604</sln:miejscIdTeryt><sln:miejscNazwa>Wólka Zamojska</sln:miejscNazwa><sln:miejscRodzaj>Wieś</sln:miejscRodzaj><sln:powIIPId>b6830ad0-d491-40c3-b2f6-f9a35c467d34</sln:powIIPId><sln:powIIPPn>PL.PZGIK.200</sln:powIIPPn><sln:powIIPWersja>2012-09-27T08:13:53+02:00</sln:powIIPWersja><sln:powIdTeryt>1436</sln:powIdTeryt><sln:powNazwa>zwoleński</sln:powNazwa><sln:waznyOd>2014-08-29T00:00:00+02:00</sln:waznyOd><sln:wojIIPId>4b6c492a-eb04-441d-a92a-f44359c06de7</sln:wojIIPId><sln:wojIIPPn>PL.PZGIK.200</sln:wojIIPPn><sln:wojIIPWersja>2012-09-27T13:45:13+02:00</sln:wojIIPWersja><sln:wojIdTeryt>14</sln:wojIdTeryt><sln:wojNazwa>mazowieckie</sln:wojNazwa></sln:miejscowosc><sln:miejscowosc><sln:cyklZyciaOd>2017-03-21T00:00:00+01:00</sln:cyklZyciaOd><sln:gmIIPId>ea5a4bdb-e5d7-4f51-adf9-e0a811f07f31</sln:gmIIPId><sln:gmIIPPn>PL.PZGIK.200</sln:gmIIPPn><sln:gmIIPWersja>2012-09-26T21:58:15+02:00</sln:gmIIPWersja><sln:gmIdTeryt>1436032</sln:gmIdTeryt><sln:gmNazwa>Przyłęk</sln:gmNazwa><sln:miejscIIPId>2add07b3-e8be-4ab1-976d-369b911cfc29</sln:miejscIIPId><sln:miejscIIPPn>PL.PZGIK.200</sln:miejscIIPPn><sln:miejscIIPWersja>2017-03-21T10:06:36+02:00</sln:miejscIIPWersja><sln:miejscIdTeryt>0633610</sln:miejscIdTeryt><sln:miejscNazwa>Wysocin</sln:miejscNazwa><sln:miejscRodzaj>Wieś</sln:miejscRodzaj><sln:powIIPId>b6830ad0-d491-40c3-b2f6-f9a35c467d34</sln:powIIPId><sln:powIIPPn>PL.PZGIK.200</sln:powIIPPn><sln:powIIPWersja>2012-09-27T08:13:53+02:00</sln:powIIPWersja><sln:powIdTeryt>1436</sln:powIdTeryt><sln:powNazwa>zwoleński</sln:powNazwa><sln:waznyOd>2014-06-23T00:00:00+02:00</sln:waznyOd><sln:wojIIPId>4b6c492a-eb04-441d-a92a-f44359c06de7</sln:wojIIPId><sln:wojIIPPn>PL.PZGIK.200</sln:wojIIPPn><sln:wojIIPWersja>2012-09-27T13:45:13+02:00</sln:wojIIPWersja><sln:wojIdTeryt>14</sln:wojIdTeryt><sln:wojNazwa>mazowieckie</sln:wojNazwa></sln:miejscowosc><sln:miejscowosc><sln:cyklZyciaOd>2017-03-21T00:00:00+01:00</sln:cyklZyciaOd><sln:gmIIPId>ea5a4bdb-e5d7-4f51-adf9-e0a811f07f31</sln:gmIIPId><sln:gmIIPPn>PL.PZGIK.200</sln:gmIIPPn><sln:gmIIPWersja>2012-09-26T21:58:15+02:00</sln:gmIIPWersja><sln:gmIdTeryt>1436032</sln:gmIdTeryt><sln:gmNazwa>Przyłęk</sln:gmNazwa><sln:miejscIIPId>2c0067fa-2f20-4317-8d0b-9ad8f5d9c4c1</sln:miejscIIPId><sln:miejscIIPPn>PL.PZGIK.200</sln:miejscIIPPn><sln:miejscIIPWersja>2017-03-21T10:06:36+02:00</sln:miejscIIPWersja><sln:miejscIdTeryt>0633627</sln:miejscIdTeryt><sln:miejscNazwa>Ruda</sln:miejscNazwa><sln:miejscRodzaj>Wieś</sln:miejscRodzaj><sln:powIIPId>b6830ad0-d491-40c3-b2f6-f9a35c467d34</sln:powIIPId><sln:powIIPPn>PL.PZGIK.200</sln:powIIPPn><sln:powIIPWersja>2012-09-27T08:13:53+02:00</sln:powIIPWersja><sln:powIdTeryt>1436</sln:powIdTeryt><sln:powNazwa>zwoleński</sln:powNazwa><sln:waznyOd>2014-06-23T00:00:00+02:00</sln:waznyOd><sln:wojIIPId>4b6c492a-eb04-441d-a92a-f44359c06de7</sln:wojIIPId><sln:wojIIPPn>PL.PZGIK.200</sln:wojIIPPn><sln:wojIIPWersja>2012-09-27T13:45:13+02:00</sln:wojIIPWersja><sln:wojIdTeryt>14</sln:wojIdTeryt><sln:wojNazwa>mazowieckie</sln:wojNazwa></sln:miejscowosc><sln:miejscowosc><sln:cyklZyciaOd>2017-03-21T00:00:00+01:00</sln:cyklZyciaOd><sln:gmIIPId>ea5a4bdb-e5d7-4f51-adf9-e0a811f07f31</sln:gmIIPId><sln:gmIIPPn>PL.PZGIK.200</sln:gmIIPPn><sln:gmIIPWersja>2012-09-26T21:58:15+02:00</sln:gmIIPWersja><sln:gmIdTeryt>1436032</sln:gmIdTeryt><sln:gmNazwa>Przyłęk</sln:gmNazwa><sln:miejscIIPId>793154e5-26f0-40ed-acf2-683086fcc625</sln:miejscIIPId><sln:miejscIIPPn>PL.PZGIK.200</sln:miejscIIPPn><sln:miejscIIPWersja>2017-03-21T10:06:36+02:00</sln:miejscIIPWersja><sln:miejscIdTeryt>0633633</sln:miejscIdTeryt><sln:miejscNazwa>Załazy</sln:miejscNazwa><sln:miejscRodzaj>Wieś</sln:miejscRodzaj><sln:powIIPId>b6830ad0-d491-40c3-b2f6-f9a35c467d34</sln:powIIPId><sln:powIIPPn>PL.PZGIK.200</sln:powIIPPn><sln:powIIPWersja>2012-09-27T08:13:53+02:00</sln:powIIPWersja><sln:powIdTeryt>1436</sln:powIdTeryt><sln:powNazwa>zwoleński</sln:powNazwa><sln:waznyOd>2014-06-23T00:00:00+02:00</sln:waznyOd><sln:wojIIPId>4b6c492a-eb04-441d-a92a-f44359c06de7</sln:wojIIPId><sln:wojIIPPn>PL.PZGIK.200</sln:wojIIPPn><sln:wojIIPWersja>2012-09-27T13:45:13+02:00</sln:wojIIPWersja><sln:wojIdTeryt>14</sln:wojIdTeryt><sln:wojNazwa>mazowieckie</sln:wojNazwa></sln:miejscowosc><sln:miejscowosc><sln:cyklZyciaOd>2017-03-21T00:00:00+01:00</sln:cyklZyciaOd><sln:gmIIPId>ea5a4bdb-e5d7-4f51-adf9-e0a811f07f31</sln:gmIIPId><sln:gmIIPPn>PL.PZGIK.200</sln:gmIIPPn><sln:gmIIPWersja>2012-09-26T21:58:15+02:00</sln:gmIIPWersja><sln:gmIdTeryt>1436032</sln:gmIdTeryt><sln:gmNazwa>Przyłęk</sln:gmNazwa><sln:miejscIIPId>901a3f67-fe0c-4c90-880f-8f58588bd3e8</sln:miejscIIPId><sln:miejscIIPPn>PL.PZGIK.200</sln:miejscIIPPn><sln:miejscIIPWersja>2017-03-21T10:06:36+02:00</sln:miejscIIPWersja><sln:miejscIdTeryt>0990735</sln:miejscIdTeryt><sln:miejscNazwa>Helenów</sln:miejscNazwa><sln:miejscRodzaj>Wieś</sln:miejscRodzaj><sln:powIIPId>b6830ad0-d491-40c3-b2f6-f9a35c467d34</sln:powIIPId><sln:powIIPPn>PL.PZGIK.200</sln:powIIPPn><sln:powIIPWersja>2012-09-27T08:13:53+02:00</sln:powIIPWersja><sln:powIdTeryt>1436</sln:powIdTeryt><sln:powNazwa>zwoleński</sln:powNazwa><sln:waznyOd>2014-06-23T00:00:00+02:00</sln:waznyOd><sln:wojIIPId>4b6c492a-eb04-441d-a92a-f44359c06de7</sln:wojIIPId><sln:wojIIPPn>PL.PZGIK.200</sln:wojIIPPn><sln:wojIIPWersja>2012-09-27T13:45:13+02:00</sln:wojIIPWersja><sln:wojIdTeryt>14</sln:wojIdTeryt><sln:wojNazwa>mazowieckie</sln:wojNazwa></sln:miejscowosc></sln:lista-miejscowosci>