<?xml version="1.0" encoding="UTF-8" standalone="yes"?><sln:lista-miejscowosci xmlns:srv="http://gugik.gov.pl/schemas/slowniki-service/1.0" xmlns:sln="http://gugik.gov.pl/schemas/slowniki-schema/1.0"><sln:miejscowosc><sln:cyklZyciaDo>2017-03-27T00:00:00+02:00</sln:cyklZyciaDo><sln:cyklZyciaOd>2016-01-18T00:00:00+01:00</sln:cyklZyciaOd><sln:gmIIPId>54976750-f19f-4304-829c-a89c751591de</sln:gmIIPId><sln:gmIIPPn>PL.PZGIK.200</sln:gmIIPPn><sln:gmIIPWersja>2012-09-26T21:57:47+02:00</sln:gmIIPWersja><sln:gmIdTeryt>1405011</sln:gmIdTeryt><sln:gmNazwa>Milanówek</sln:gmNazwa><sln:miejscIIPId>310f916c-242a-45ae-97cb-aef9448154b0</sln:miejscIIPId><sln:miejscIIPPn>PL.PZGIK.200</sln:miejscIIPPn><sln:miejscIIPWersja>2016-11-24T13:14:49+02:00</sln:miejscIIPWersja><sln:miejscIdTeryt>0921020</sln:miejscIdTeryt><sln:miejscNazwa>Milanówek</sln:miejscNazwa><sln:miejscRodzaj>Miasto</sln:miejscRodzaj><sln:powIIPId>5c1e181f-3b0f-46f6-8c94-8610f98e8e1b</sln:powIIPId><sln:powIIPPn>PL.PZGIK.200</sln:powIIPPn><sln:powIIPWersja>2012-09-27T08:13:53+02:00</sln:powIIPWersja><sln:powIdTeryt>1405</sln:powIdTeryt><sln:powNazwa>grodziski</sln:powNazwa><sln:waznyOd>2011-08-29T00:00:00+02:00</sln:waznyOd><sln:wojIIPId>4b6c492a-eb04-441d-a92a-f44359c06de7</sln:wojIIPId><sln:wojIIPPn>PL.PZGIK.200</sln:wojIIPPn><sln:wojIIPWersja>2012-09-27T13:45:13+02:00</sln:wojIIPWersja><sln:wojIdTeryt>14</sln:wojIdTeryt><sln:wojNazwa>mazowieckie</sln:wojNazwa></sln:miejscowosc><sln:miejscowosc><sln:cyklZyciaDo>2015-12-15T00:00:00+01:00</sln:cyklZyciaDo><sln:cyklZyciaOd>2015-02-19T00:00:00+01:00</sln:cyklZyciaOd><sln:gmIIPId>54976750-f19f-4304-829c-a89c751591de</sln:gmIIPId><sln:gmIIPPn>PL.PZGIK.200</sln:gmIIPPn><sln:gmIIPWersja>2012-09-26T21:57:47+02:00</sln:gmIIPWersja><sln:gmIdTeryt>1405011</sln:gmIdTeryt><sln:gmNazwa>Milanówek</sln:gmNazwa><sln:miejscIIPId>310f916c-242a-45ae-97cb-aef9448154b0</sln:miejscIIPId><sln:miejscIIPPn>PL.PZGIK.200</sln:miejscIIPPn><sln:miejscIIPWersja>2016-11-24T13:14:50+02:00</sln:miejscIIPWersja><sln:miejscIdTeryt>0921020</sln:miejscIdTeryt><sln:miejscNazwa>Milanówek</sln:miejscNazwa><sln:miejscRodzaj>Inny obiekt</sln:miejscRodzaj><sln:powIIPId>5c1e181f-3b0f-46f6-8c94-8610f98e8e1b</sln:powIIPId><sln:powIIPPn>PL.PZGIK.200</sln:powIIPPn><sln:powIIPWersja>2012-09-27T08:13:53+02:00</sln:powIIPWersja><sln:powIdTeryt>1405</sln:powIdTeryt><sln:powNazwa>grodziski</sln:powNazwa><sln:waznyOd>2011-08-29T00:00:00+02:00</sln:waznyOd><sln:wojIIPId>4b6c492a-eb04-441d-a92a-f44359c06de7</sln:wojIIPId><sln:wojIIPPn>PL.PZGIK.200</sln:wojIIPPn><sln:wojIIPWersja>2012-09-27T13:45:13+02:00</sln:wojIIPWersja><sln:wojIdTeryt>14</sln:wojIdTeryt><sln:wojNazwa>mazowieckie</sln:wojNazwa></sln:miejscowosc><sln:miejscowosc><sln:cyklZyciaDo>2016-01-18T00:00:00+01:00</sln:cyklZyciaDo><sln:cyklZyciaOd>2015-12-15T00:00:00+01:00</sln:cyklZyciaOd><sln:gmIIPId>54976750-f19f-4304-829c-a89c751591de</sln:gmIIPId><sln:gmIIPPn>PL.PZGIK.200</sln:gmIIPPn><sln:gmIIPWersja>2012-09-26T21:57:47+02:00</sln:gmIIPWersja><sln:gmIdTeryt>1405011</sln:gmIdTeryt><sln:gmNazwa>Milanówek</sln:gmNazwa><sln:miejscIIPId>310f916c-242a-45ae-97cb-aef9448154b0</sln:miejscIIPId><sln:miejscIIPPn>PL.PZGIK.200</sln:miejscIIPPn><sln:miejscIIPWersja>2016-11-24T13:14:51+02:00</sln:miejscIIPWersja><sln:miejscIdTeryt>0921020</sln:miejscIdTeryt><sln:miejscNazwa>Milanówek</sln:miejscNazwa><sln:miejscRodzaj>Miasto</sln:miejscRodzaj><sln:powIIPId>5c1e181f-3b0f-46f6-8c94-8610f98e8e1b</sln:powIIPId><sln:powIIPPn>PL.PZGIK.200</sln:powIIPPn><sln:powIIPWersja>2012-09-27T08:13:53+02:00</sln:powIIPWersja><sln:powIdTeryt>1405</sln:powIdTeryt><sln:powNazwa>grodziski</sln:powNazwa><sln:waznyOd>2011-08-29T00:00:00+02:00</sln:waznyOd><sln:wojIIPId>4b6c492a-eb04-441d-a92a-f44359c06de7</sln:wojIIPId><sln:wojIIPPn>PL.PZGIK.200</sln:wojIIPPn><sln:wojIIPWersja>2012-09-27T13:45:13+02:00</sln:wojIIPWersja><sln:wojIdTeryt>14</sln:wojIdTeryt><sln:wojNazwa>mazowieckie</sln:wojNazwa></sln:miejscowosc><sln:miejscowosc><sln:cyklZyciaOd>2017-03-27T00:00:00+02:00</sln:cyklZyciaOd><sln:gmIIPId>54976750-f19f-4304-829c-a89c751591de</sln:gmIIPId><sln:gmIIPPn>PL.PZGIK.200</sln:gmIIPPn><sln:gmIIPWersja>2012-09-26T21:57:47+02:00</sln:gmIIPWersja><sln:gmIdTeryt>1405011</sln:gmIdTeryt><sln:gmNazwa>Milanówek</sln:gmNazwa><sln:miejscIIPId>310f916c-242a-45ae-97cb-aef9448154b0</sln:miejscIIPId><sln:miejscIIPPn>PL.PZGIK.200</sln:miejscIIPPn><sln:miejscIIPWersja>2017-03-27T10:38:54+02:00</sln:miejscIIPWersja><sln:miejscIdTeryt>0921020</sln:miejscIdTeryt><sln:miejscNazwa>Milanówek</sln:miejscNazwa><sln:miejscRodzaj>Miasto</sln:miejscRodzaj><sln:powIIPId>5c1e181f-3b0f-46f6-8c94-8610f98e8e1b</sln:powIIPId><sln:powIIPPn>PL.PZGIK.200</sln:powIIPPn><sln:powIIPWersja>2012-09-27T08:13:53+02:00</sln:powIIPWersja><sln:powIdTeryt>1405</sln:powIdTeryt><sln:powNazwa>grodziski</sln:powNazwa><sln:waznyOd>2011-08-29T00:00:00+02:00</sln:waznyOd><sln:wojIIPId>4b6c492a-eb04-441d-a92a-f44359c06de7</sln:wojIIPId><sln:wojIIPPn>PL.PZGIK.200</sln:wojIIPPn><sln:wojIIPWersja>2012-09-27T13:45:13+02:00</sln:wojIIPWersja><sln:wojIdTeryt>14</sln:wojIdTeryt><sln:wojNazwa>mazowieckie</sln:wojNazwa></sln:miejscowosc></sln:lista-miejscowosci>