<?xml version="1.0" encoding="UTF-8" standalone="yes"?><sln:lista-miejscowosci xmlns:srv="http://gugik.gov.pl/schemas/slowniki-service/1.0" xmlns:sln="http://gugik.gov.pl/schemas/slowniki-schema/1.0"><sln:miejscowosc><sln:cyklZyciaDo>2017-03-21T00:00:00+01:00</sln:cyklZyciaDo><sln:cyklZyciaOd>2015-02-19T00:00:00+01:00</sln:cyklZyciaOd><sln:gmIIPId>27e622bd-2be6-444d-9b26-95cd8c86dbf9</sln:gmIIPId><sln:gmIIPPn>PL.PZGIK.200</sln:gmIIPPn><sln:gmIIPWersja>2012-09-26T22:54:38+02:00</sln:gmIIPWersja><sln:gmIdTeryt>1420082</sln:gmIdTeryt><sln:gmNazwa>Nowe Miasto</sln:gmNazwa><sln:miejscIIPId>8315dac1-b242-489c-8cdb-376500e60f7a</sln:miejscIIPId><sln:miejscIIPPn>PL.PZGIK.200</sln:miejscIIPPn><sln:miejscIIPWersja>2016-11-24T09:10:01+02:00</sln:miejscIIPWersja><sln:miejscIdTeryt>0120690</sln:miejscIdTeryt><sln:miejscNazwa>Adamowo</sln:miejscNazwa><sln:miejscRodzaj>Inny obiekt</sln:miejscRodzaj><sln:powIIPId>a2311e5e-c623-430a-b858-a98931ccd0a8</sln:powIIPId><sln:powIIPPn>PL.PZGIK.200</sln:powIIPPn><sln:powIIPWersja>2012-09-27T08:13:53+02:00</sln:powIIPWersja><sln:powIdTeryt>1420</sln:powIdTeryt><sln:powNazwa>płoński</sln:powNazwa><sln:waznyOd>2014-04-17T00:00:00+02:00</sln:waznyOd><sln:wojIIPId>4b6c492a-eb04-441d-a92a-f44359c06de7</sln:wojIIPId><sln:wojIIPPn>PL.PZGIK.200</sln:wojIIPPn><sln:wojIIPWersja>2012-09-27T13:45:13+02:00</sln:wojIIPWersja><sln:wojIdTeryt>14</sln:wojIdTeryt><sln:wojNazwa>mazowieckie</sln:wojNazwa></sln:miejscowosc><sln:miejscowosc><sln:cyklZyciaDo>2017-03-21T00:00:00+01:00</sln:cyklZyciaDo><sln:cyklZyciaOd>2015-02-19T00:00:00+01:00</sln:cyklZyciaOd><sln:gmIIPId>27e622bd-2be6-444d-9b26-95cd8c86dbf9</sln:gmIIPId><sln:gmIIPPn>PL.PZGIK.200</sln:gmIIPPn><sln:gmIIPWersja>2012-09-26T22:54:38+02:00</sln:gmIIPWersja><sln:gmIdTeryt>1420082</sln:gmIdTeryt><sln:gmNazwa>Nowe Miasto</sln:gmNazwa><sln:miejscIIPId>2890625f-84a6-4a46-a2be-346367e6e5ef</sln:miejscIIPId><sln:miejscIIPPn>PL.PZGIK.200</sln:miejscIIPPn><sln:miejscIIPWersja>2016-11-24T09:10:01+02:00</sln:miejscIIPWersja><sln:miejscIdTeryt>0120709</sln:miejscIdTeryt><sln:miejscNazwa>Aleksandria</sln:miejscNazwa><sln:miejscRodzaj>Inny obiekt</sln:miejscRodzaj><sln:powIIPId>a2311e5e-c623-430a-b858-a98931ccd0a8</sln:powIIPId><sln:powIIPPn>PL.PZGIK.200</sln:powIIPPn><sln:powIIPWersja>2012-09-27T08:13:53+02:00</sln:powIIPWersja><sln:powIdTeryt>1420</sln:powIdTeryt><sln:powNazwa>płoński</sln:powNazwa><sln:waznyOd>2014-04-17T00:00:00+02:00</sln:waznyOd><sln:wojIIPId>4b6c492a-eb04-441d-a92a-f44359c06de7</sln:wojIIPId><sln:wojIIPPn>PL.PZGIK.200</sln:wojIIPPn><sln:wojIIPWersja>2012-09-27T13:45:13+02:00</sln:wojIIPWersja><sln:wojIdTeryt>14</sln:wojIdTeryt><sln:wojNazwa>mazowieckie</sln:wojNazwa></sln:miejscowosc><sln:miejscowosc><sln:cyklZyciaDo>2017-03-21T00:00:00+01:00</sln:cyklZyciaDo><sln:cyklZyciaOd>2015-02-19T00:00:00+01:00</sln:cyklZyciaOd><sln:gmIIPId>27e622bd-2be6-444d-9b26-95cd8c86dbf9</sln:gmIIPId><sln:gmIIPPn>PL.PZGIK.200</sln:gmIIPPn><sln:gmIIPWersja>2012-09-26T22:54:38+02:00</sln:gmIIPWersja><sln:gmIdTeryt>1420082</sln:gmIdTeryt><sln:gmNazwa>Nowe Miasto</sln:gmNazwa><sln:miejscIIPId>562e0f0a-13a5-4d77-8c88-d3840ef2b0d2</sln:miejscIIPId><sln:miejscIIPPn>PL.PZGIK.200</sln:miejscIIPPn><sln:miejscIIPWersja>2016-11-24T09:10:01+02:00</sln:miejscIIPWersja><sln:miejscIdTeryt>0120715</sln:miejscIdTeryt><sln:miejscNazwa>Anielin</sln:miejscNazwa><sln:miejscRodzaj>Inny obiekt</sln:miejscRodzaj><sln:powIIPId>a2311e5e-c623-430a-b858-a98931ccd0a8</sln:powIIPId><sln:powIIPPn>PL.PZGIK.200</sln:powIIPPn><sln:powIIPWersja>2012-09-27T08:13:53+02:00</sln:powIIPWersja><sln:powIdTeryt>1420</sln:powIdTeryt><sln:powNazwa>płoński</sln:powNazwa><sln:waznyOd>2014-04-17T00:00:00+02:00</sln:waznyOd><sln:wojIIPId>4b6c492a-eb04-441d-a92a-f44359c06de7</sln:wojIIPId><sln:wojIIPPn>PL.PZGIK.200</sln:wojIIPPn><sln:wojIIPWersja>2012-09-27T13:45:13+02:00</sln:wojIIPWersja><sln:wojIdTeryt>14</sln:wojIdTeryt><sln:wojNazwa>mazowieckie</sln:wojNazwa></sln:miejscowosc><sln:miejscowosc><sln:cyklZyciaDo>2017-03-21T00:00:00+01:00</sln:cyklZyciaDo><sln:cyklZyciaOd>2015-02-19T00:00:00+01:00</sln:cyklZyciaOd><sln:gmIIPId>27e622bd-2be6-444d-9b26-95cd8c86dbf9</sln:gmIIPId><sln:gmIIPPn>PL.PZGIK.200</sln:gmIIPPn><sln:gmIIPWersja>2012-09-26T22:54:38+02:00</sln:gmIIPWersja><sln:gmIdTeryt>1420082</sln:gmIdTeryt><sln:gmNazwa>Nowe Miasto</sln:gmNazwa><sln:miejscIIPId>f7bdc680-165f-4f0c-bb32-f25e827a0b1e</sln:miejscIIPId><sln:miejscIIPPn>PL.PZGIK.200</sln:miejscIIPPn><sln:miejscIIPWersja>2016-11-24T09:10:01+02:00</sln:miejscIIPWersja><sln:miejscIdTeryt>0120721</sln:miejscIdTeryt><sln:miejscNazwa>Belin</sln:miejscNazwa><sln:miejscRodzaj>Inny obiekt</sln:miejscRodzaj><sln:powIIPId>a2311e5e-c623-430a-b858-a98931ccd0a8</sln:powIIPId><sln:powIIPPn>PL.PZGIK.200</sln:powIIPPn><sln:powIIPWersja>2012-09-27T08:13:53+02:00</sln:powIIPWersja><sln:powIdTeryt>1420</sln:powIdTeryt><sln:powNazwa>płoński</sln:powNazwa><sln:waznyOd>2014-04-17T00:00:00+02:00</sln:waznyOd><sln:wojIIPId>4b6c492a-eb04-441d-a92a-f44359c06de7</sln:wojIIPId><sln:wojIIPPn>PL.PZGIK.200</sln:wojIIPPn><sln:wojIIPWersja>2012-09-27T13:45:13+02:00</sln:wojIIPWersja><sln:wojIdTeryt>14</sln:wojIdTeryt><sln:wojNazwa>mazowieckie</sln:wojNazwa></sln:miejscowosc><sln:miejscowosc><sln:cyklZyciaDo>2017-03-21T00:00:00+01:00</sln:cyklZyciaDo><sln:cyklZyciaOd>2015-02-19T00:00:00+01:00</sln:cyklZyciaOd><sln:gmIIPId>27e622bd-2be6-444d-9b26-95cd8c86dbf9</sln:gmIIPId><sln:gmIIPPn>PL.PZGIK.200</sln:gmIIPPn><sln:gmIIPWersja>2012-09-26T22:54:38+02:00</sln:gmIIPWersja><sln:gmIdTeryt>1420082</sln:gmIdTeryt><sln:gmNazwa>Nowe Miasto</sln:gmNazwa><sln:miejscIIPId>a84f109a-0035-4b23-8160-0b2dc3cb8e8e</sln:miejscIIPId><sln:miejscIIPPn>PL.PZGIK.200</sln:miejscIIPPn><sln:miejscIIPWersja>2016-11-24T09:10:01+02:00</sln:miejscIIPWersja><sln:miejscIdTeryt>0120738</sln:miejscIdTeryt><sln:miejscNazwa>Czarnoty</sln:miejscNazwa><sln:miejscRodzaj>Inny obiekt</sln:miejscRodzaj><sln:powIIPId>a2311e5e-c623-430a-b858-a98931ccd0a8</sln:powIIPId><sln:powIIPPn>PL.PZGIK.200</sln:powIIPPn><sln:powIIPWersja>2012-09-27T08:13:53+02:00</sln:powIIPWersja><sln:powIdTeryt>1420</sln:powIdTeryt><sln:powNazwa>płoński</sln:powNazwa><sln:waznyOd>2014-04-17T00:00:00+02:00</sln:waznyOd><sln:wojIIPId>4b6c492a-eb04-441d-a92a-f44359c06de7</sln:wojIIPId><sln:wojIIPPn>PL.PZGIK.200</sln:wojIIPPn><sln:wojIIPWersja>2012-09-27T13:45:13+02:00</sln:wojIIPWersja><sln:wojIdTeryt>14</sln:wojIdTeryt><sln:wojNazwa>mazowieckie</sln:wojNazwa></sln:miejscowosc><sln:miejscowosc><sln:cyklZyciaDo>2017-03-21T00:00:00+01:00</sln:cyklZyciaDo><sln:cyklZyciaOd>2015-02-19T00:00:00+01:00</sln:cyklZyciaOd><sln:gmIIPId>27e622bd-2be6-444d-9b26-95cd8c86dbf9</sln:gmIIPId><sln:gmIIPPn>PL.PZGIK.200</sln:gmIIPPn><sln:gmIIPWersja>2012-09-26T22:54:38+02:00</sln:gmIIPWersja><sln:gmIdTeryt>1420082</sln:gmIdTeryt><sln:gmNazwa>Nowe Miasto</sln:gmNazwa><sln:miejscIIPId>686ba779-242c-416d-8c11-3d8c3243a83b</sln:miejscIIPId><sln:miejscIIPPn>PL.PZGIK.200</sln:miejscIIPPn><sln:miejscIIPWersja>2016-11-24T09:10:01+02:00</sln:miejscIIPWersja><sln:miejscIdTeryt>0120744</sln:miejscIdTeryt><sln:miejscNazwa>Gawłowo</sln:miejscNazwa><sln:miejscRodzaj>Inny obiekt</sln:miejscRodzaj><sln:powIIPId>a2311e5e-c623-430a-b858-a98931ccd0a8</sln:powIIPId><sln:powIIPPn>PL.PZGIK.200</sln:powIIPPn><sln:powIIPWersja>2012-09-27T08:13:53+02:00</sln:powIIPWersja><sln:powIdTeryt>1420</sln:powIdTeryt><sln:powNazwa>płoński</sln:powNazwa><sln:waznyOd>2014-04-17T00:00:00+02:00</sln:waznyOd><sln:wojIIPId>4b6c492a-eb04-441d-a92a-f44359c06de7</sln:wojIIPId><sln:wojIIPPn>PL.PZGIK.200</sln:wojIIPPn><sln:wojIIPWersja>2012-09-27T13:45:13+02:00</sln:wojIIPWersja><sln:wojIdTeryt>14</sln:wojIdTeryt><sln:wojNazwa>mazowieckie</sln:wojNazwa></sln:miejscowosc><sln:miejscowosc><sln:cyklZyciaDo>2017-03-21T00:00:00+01:00</sln:cyklZyciaDo><sln:cyklZyciaOd>2015-02-19T00:00:00+01:00</sln:cyklZyciaOd><sln:gmIIPId>27e622bd-2be6-444d-9b26-95cd8c86dbf9</sln:gmIIPId><sln:gmIIPPn>PL.PZGIK.200</sln:gmIIPPn><sln:gmIIPWersja>2012-09-26T22:54:38+02:00</sln:gmIIPWersja><sln:gmIdTeryt>1420082</sln:gmIdTeryt><sln:gmNazwa>Nowe Miasto</sln:gmNazwa><sln:miejscIIPId>207d87eb-d673-4ae0-b17e-537cb363ba91</sln:miejscIIPId><sln:miejscIIPPn>PL.PZGIK.200</sln:miejscIIPPn><sln:miejscIIPWersja>2016-11-24T09:10:01+02:00</sln:miejscIIPWersja><sln:miejscIdTeryt>0120750</sln:miejscIdTeryt><sln:miejscNazwa>Gawłówek</sln:miejscNazwa><sln:miejscRodzaj>Inny obiekt</sln:miejscRodzaj><sln:powIIPId>a2311e5e-c623-430a-b858-a98931ccd0a8</sln:powIIPId><sln:powIIPPn>PL.PZGIK.200</sln:powIIPPn><sln:powIIPWersja>2012-09-27T08:13:53+02:00</sln:powIIPWersja><sln:powIdTeryt>1420</sln:powIdTeryt><sln:powNazwa>płoński</sln:powNazwa><sln:waznyOd>2014-04-17T00:00:00+02:00</sln:waznyOd><sln:wojIIPId>4b6c492a-eb04-441d-a92a-f44359c06de7</sln:wojIIPId><sln:wojIIPPn>PL.PZGIK.200</sln:wojIIPPn><sln:wojIIPWersja>2012-09-27T13:45:13+02:00</sln:wojIIPWersja><sln:wojIdTeryt>14</sln:wojIdTeryt><sln:wojNazwa>mazowieckie</sln:wojNazwa></sln:miejscowosc><sln:miejscowosc><sln:cyklZyciaDo>2017-03-21T00:00:00+01:00</sln:cyklZyciaDo><sln:cyklZyciaOd>2015-02-19T00:00:00+01:00</sln:cyklZyciaOd><sln:gmIIPId>27e622bd-2be6-444d-9b26-95cd8c86dbf9</sln:gmIIPId><sln:gmIIPPn>PL.PZGIK.200</sln:gmIIPPn><sln:gmIIPWersja>2012-09-26T22:54:38+02:00</sln:gmIIPWersja><sln:gmIdTeryt>1420082</sln:gmIdTeryt><sln:gmNazwa>Nowe Miasto</sln:gmNazwa><sln:miejscIIPId>78756505-2770-4602-a0f7-05f0b44c6e35</sln:miejscIIPId><sln:miejscIIPPn>PL.PZGIK.200</sln:miejscIIPPn><sln:miejscIIPWersja>2016-11-24T09:10:02+02:00</sln:miejscIIPWersja><sln:miejscIdTeryt>0120767</sln:miejscIdTeryt><sln:miejscNazwa>Gościmin Wielki</sln:miejscNazwa><sln:miejscRodzaj>Inny obiekt</sln:miejscRodzaj><sln:powIIPId>a2311e5e-c623-430a-b858-a98931ccd0a8</sln:powIIPId><sln:powIIPPn>PL.PZGIK.200</sln:powIIPPn><sln:powIIPWersja>2012-09-27T08:13:53+02:00</sln:powIIPWersja><sln:powIdTeryt>1420</sln:powIdTeryt><sln:powNazwa>płoński</sln:powNazwa><sln:waznyOd>2014-04-17T00:00:00+02:00</sln:waznyOd><sln:wojIIPId>4b6c492a-eb04-441d-a92a-f44359c06de7</sln:wojIIPId><sln:wojIIPPn>PL.PZGIK.200</sln:wojIIPPn><sln:wojIIPWersja>2012-09-27T13:45:13+02:00</sln:wojIIPWersja><sln:wojIdTeryt>14</sln:wojIdTeryt><sln:wojNazwa>mazowieckie</sln:wojNazwa></sln:miejscowosc><sln:miejscowosc><sln:cyklZyciaDo>2017-03-21T00:00:00+01:00</sln:cyklZyciaDo><sln:cyklZyciaOd>2015-02-19T00:00:00+01:00</sln:cyklZyciaOd><sln:gmIIPId>27e622bd-2be6-444d-9b26-95cd8c86dbf9</sln:gmIIPId><sln:gmIIPPn>PL.PZGIK.200</sln:gmIIPPn><sln:gmIIPWersja>2012-09-26T22:54:38+02:00</sln:gmIIPWersja><sln:gmIdTeryt>1420082</sln:gmIdTeryt><sln:gmNazwa>Nowe Miasto</sln:gmNazwa><sln:miejscIIPId>44c174ad-8772-4ebb-af8d-5f0313eb2824</sln:miejscIIPId><sln:miejscIIPPn>PL.PZGIK.200</sln:miejscIIPPn><sln:miejscIIPWersja>2016-11-24T09:10:02+02:00</sln:miejscIIPWersja><sln:miejscIdTeryt>0120773</sln:miejscIdTeryt><sln:miejscNazwa>Grabie</sln:miejscNazwa><sln:miejscRodzaj>Inny obiekt</sln:miejscRodzaj><sln:powIIPId>a2311e5e-c623-430a-b858-a98931ccd0a8</sln:powIIPId><sln:powIIPPn>PL.PZGIK.200</sln:powIIPPn><sln:powIIPWersja>2012-09-27T08:13:53+02:00</sln:powIIPWersja><sln:powIdTeryt>1420</sln:powIdTeryt><sln:powNazwa>płoński</sln:powNazwa><sln:waznyOd>2014-04-17T00:00:00+02:00</sln:waznyOd><sln:wojIIPId>4b6c492a-eb04-441d-a92a-f44359c06de7</sln:wojIIPId><sln:wojIIPPn>PL.PZGIK.200</sln:wojIIPPn><sln:wojIIPWersja>2012-09-27T13:45:13+02:00</sln:wojIIPWersja><sln:wojIdTeryt>14</sln:wojIdTeryt><sln:wojNazwa>mazowieckie</sln:wojNazwa></sln:miejscowosc><sln:miejscowosc><sln:cyklZyciaDo>2017-03-21T00:00:00+01:00</sln:cyklZyciaDo><sln:cyklZyciaOd>2015-02-19T00:00:00+01:00</sln:cyklZyciaOd><sln:gmIIPId>27e622bd-2be6-444d-9b26-95cd8c86dbf9</sln:gmIIPId><sln:gmIIPPn>PL.PZGIK.200</sln:gmIIPPn><sln:gmIIPWersja>2012-09-26T22:54:38+02:00</sln:gmIIPWersja><sln:gmIdTeryt>1420082</sln:gmIdTeryt><sln:gmNazwa>Nowe Miasto</sln:gmNazwa><sln:miejscIIPId>644e86f5-6a25-430d-a566-27b9d19a87ae</sln:miejscIIPId><sln:miejscIIPPn>PL.PZGIK.200</sln:miejscIIPPn><sln:miejscIIPWersja>2016-11-24T09:10:02+02:00</sln:miejscIIPWersja><sln:miejscIdTeryt>0120780</sln:miejscIdTeryt><sln:miejscNazwa>Gucin</sln:miejscNazwa><sln:miejscRodzaj>Inny obiekt</sln:miejscRodzaj><sln:powIIPId>a2311e5e-c623-430a-b858-a98931ccd0a8</sln:powIIPId><sln:powIIPPn>PL.PZGIK.200</sln:powIIPPn><sln:powIIPWersja>2012-09-27T08:13:53+02:00</sln:powIIPWersja><sln:powIdTeryt>1420</sln:powIdTeryt><sln:powNazwa>płoński</sln:powNazwa><sln:waznyOd>2014-04-17T00:00:00+02:00</sln:waznyOd><sln:wojIIPId>4b6c492a-eb04-441d-a92a-f44359c06de7</sln:wojIIPId><sln:wojIIPPn>PL.PZGIK.200</sln:wojIIPPn><sln:wojIIPWersja>2012-09-27T13:45:13+02:00</sln:wojIIPWersja><sln:wojIdTeryt>14</sln:wojIdTeryt><sln:wojNazwa>mazowieckie</sln:wojNazwa></sln:miejscowosc><sln:miejscowosc><sln:cyklZyciaDo>2017-03-21T00:00:00+01:00</sln:cyklZyciaDo><sln:cyklZyciaOd>2015-02-19T00:00:00+01:00</sln:cyklZyciaOd><sln:gmIIPId>27e622bd-2be6-444d-9b26-95cd8c86dbf9</sln:gmIIPId><sln:gmIIPPn>PL.PZGIK.200</sln:gmIIPPn><sln:gmIIPWersja>2012-09-26T22:54:38+02:00</sln:gmIIPWersja><sln:gmIdTeryt>1420082</sln:gmIdTeryt><sln:gmNazwa>Nowe Miasto</sln:gmNazwa><sln:miejscIIPId>a8ee6493-cff3-4cfe-afda-be88862e88e8</sln:miejscIIPId><sln:miejscIIPPn>PL.PZGIK.200</sln:miejscIIPPn><sln:miejscIIPWersja>2016-11-24T09:10:02+02:00</sln:miejscIIPWersja><sln:miejscIdTeryt>0120796</sln:miejscIdTeryt><sln:miejscNazwa>Henrykowo</sln:miejscNazwa><sln:miejscRodzaj>Inny obiekt</sln:miejscRodzaj><sln:powIIPId>a2311e5e-c623-430a-b858-a98931ccd0a8</sln:powIIPId><sln:powIIPPn>PL.PZGIK.200</sln:powIIPPn><sln:powIIPWersja>2012-09-27T08:13:53+02:00</sln:powIIPWersja><sln:powIdTeryt>1420</sln:powIdTeryt><sln:powNazwa>płoński</sln:powNazwa><sln:waznyOd>2014-04-17T00:00:00+02:00</sln:waznyOd><sln:wojIIPId>4b6c492a-eb04-441d-a92a-f44359c06de7</sln:wojIIPId><sln:wojIIPPn>PL.PZGIK.200</sln:wojIIPPn><sln:wojIIPWersja>2012-09-27T13:45:13+02:00</sln:wojIIPWersja><sln:wojIdTeryt>14</sln:wojIdTeryt><sln:wojNazwa>mazowieckie</sln:wojNazwa></sln:miejscowosc><sln:miejscowosc><sln:cyklZyciaDo>2017-03-21T00:00:00+01:00</sln:cyklZyciaDo><sln:cyklZyciaOd>2015-02-19T00:00:00+01:00</sln:cyklZyciaOd><sln:gmIIPId>27e622bd-2be6-444d-9b26-95cd8c86dbf9</sln:gmIIPId><sln:gmIIPPn>PL.PZGIK.200</sln:gmIIPPn><sln:gmIIPWersja>2012-09-26T22:54:38+02:00</sln:gmIIPWersja><sln:gmIdTeryt>1420082</sln:gmIdTeryt><sln:gmNazwa>Nowe Miasto</sln:gmNazwa><sln:miejscIIPId>356b1e3c-4f2e-4111-8d1f-bc13da3851cb</sln:miejscIIPId><sln:miejscIIPPn>PL.PZGIK.200</sln:miejscIIPPn><sln:miejscIIPWersja>2016-11-24T09:10:02+02:00</sln:miejscIIPWersja><sln:miejscIdTeryt>0120804</sln:miejscIdTeryt><sln:miejscNazwa>Janopole</sln:miejscNazwa><sln:miejscRodzaj>Inny obiekt</sln:miejscRodzaj><sln:powIIPId>a2311e5e-c623-430a-b858-a98931ccd0a8</sln:powIIPId><sln:powIIPPn>PL.PZGIK.200</sln:powIIPPn><sln:powIIPWersja>2012-09-27T08:13:53+02:00</sln:powIIPWersja><sln:powIdTeryt>1420</sln:powIdTeryt><sln:powNazwa>płoński</sln:powNazwa><sln:waznyOd>2014-04-17T00:00:00+02:00</sln:waznyOd><sln:wojIIPId>4b6c492a-eb04-441d-a92a-f44359c06de7</sln:wojIIPId><sln:wojIIPPn>PL.PZGIK.200</sln:wojIIPPn><sln:wojIIPWersja>2012-09-27T13:45:13+02:00</sln:wojIIPWersja><sln:wojIdTeryt>14</sln:wojIdTeryt><sln:wojNazwa>mazowieckie</sln:wojNazwa></sln:miejscowosc><sln:miejscowosc><sln:cyklZyciaDo>2017-03-21T00:00:00+01:00</sln:cyklZyciaDo><sln:cyklZyciaOd>2015-02-19T00:00:00+01:00</sln:cyklZyciaOd><sln:gmIIPId>27e622bd-2be6-444d-9b26-95cd8c86dbf9</sln:gmIIPId><sln:gmIIPPn>PL.PZGIK.200</sln:gmIIPPn><sln:gmIIPWersja>2012-09-26T22:54:38+02:00</sln:gmIIPWersja><sln:gmIdTeryt>1420082</sln:gmIdTeryt><sln:gmNazwa>Nowe Miasto</sln:gmNazwa><sln:miejscIIPId>e74135ef-0cab-4d4e-add0-84ad335ac5e7</sln:miejscIIPId><sln:miejscIIPPn>PL.PZGIK.200</sln:miejscIIPPn><sln:miejscIIPWersja>2016-11-24T09:10:02+02:00</sln:miejscIIPWersja><sln:miejscIdTeryt>0120810</sln:miejscIdTeryt><sln:miejscNazwa>Jurzyn</sln:miejscNazwa><sln:miejscRodzaj>Inny obiekt</sln:miejscRodzaj><sln:powIIPId>a2311e5e-c623-430a-b858-a98931ccd0a8</sln:powIIPId><sln:powIIPPn>PL.PZGIK.200</sln:powIIPPn><sln:powIIPWersja>2012-09-27T08:13:53+02:00</sln:powIIPWersja><sln:powIdTeryt>1420</sln:powIdTeryt><sln:powNazwa>płoński</sln:powNazwa><sln:waznyOd>2014-04-17T00:00:00+02:00</sln:waznyOd><sln:wojIIPId>4b6c492a-eb04-441d-a92a-f44359c06de7</sln:wojIIPId><sln:wojIIPPn>PL.PZGIK.200</sln:wojIIPPn><sln:wojIIPWersja>2012-09-27T13:45:13+02:00</sln:wojIIPWersja><sln:wojIdTeryt>14</sln:wojIdTeryt><sln:wojNazwa>mazowieckie</sln:wojNazwa></sln:miejscowosc><sln:miejscowosc><sln:cyklZyciaDo>2017-03-21T00:00:00+01:00</sln:cyklZyciaDo><sln:cyklZyciaOd>2015-02-19T00:00:00+01:00</sln:cyklZyciaOd><sln:gmIIPId>27e622bd-2be6-444d-9b26-95cd8c86dbf9</sln:gmIIPId><sln:gmIIPPn>PL.PZGIK.200</sln:gmIIPPn><sln:gmIIPWersja>2012-09-26T22:54:38+02:00</sln:gmIIPWersja><sln:gmIdTeryt>1420082</sln:gmIdTeryt><sln:gmNazwa>Nowe Miasto</sln:gmNazwa><sln:miejscIIPId>a83dff8b-6c40-4c39-b3ac-2465904e6b86</sln:miejscIIPId><sln:miejscIIPPn>PL.PZGIK.200</sln:miejscIIPPn><sln:miejscIIPWersja>2016-11-24T09:10:02+02:00</sln:miejscIIPWersja><sln:miejscIdTeryt>0120827</sln:miejscIdTeryt><sln:miejscNazwa>Jurzynek</sln:miejscNazwa><sln:miejscRodzaj>Inny obiekt</sln:miejscRodzaj><sln:powIIPId>a2311e5e-c623-430a-b858-a98931ccd0a8</sln:powIIPId><sln:powIIPPn>PL.PZGIK.200</sln:powIIPPn><sln:powIIPWersja>2012-09-27T08:13:53+02:00</sln:powIIPWersja><sln:powIdTeryt>1420</sln:powIdTeryt><sln:powNazwa>płoński</sln:powNazwa><sln:waznyOd>2014-04-17T00:00:00+02:00</sln:waznyOd><sln:wojIIPId>4b6c492a-eb04-441d-a92a-f44359c06de7</sln:wojIIPId><sln:wojIIPPn>PL.PZGIK.200</sln:wojIIPPn><sln:wojIIPWersja>2012-09-27T13:45:13+02:00</sln:wojIIPWersja><sln:wojIdTeryt>14</sln:wojIdTeryt><sln:wojNazwa>mazowieckie</sln:wojNazwa></sln:miejscowosc><sln:miejscowosc><sln:cyklZyciaDo>2017-03-21T00:00:00+01:00</sln:cyklZyciaDo><sln:cyklZyciaOd>2015-02-19T00:00:00+01:00</sln:cyklZyciaOd><sln:gmIIPId>27e622bd-2be6-444d-9b26-95cd8c86dbf9</sln:gmIIPId><sln:gmIIPPn>PL.PZGIK.200</sln:gmIIPPn><sln:gmIIPWersja>2012-09-26T22:54:38+02:00</sln:gmIIPWersja><sln:gmIdTeryt>1420082</sln:gmIdTeryt><sln:gmNazwa>Nowe Miasto</sln:gmNazwa><sln:miejscIIPId>f5a4b7e9-b2bc-4e28-8ecc-e357899bfc5a</sln:miejscIIPId><sln:miejscIIPPn>PL.PZGIK.200</sln:miejscIIPPn><sln:miejscIIPWersja>2016-11-24T09:10:02+02:00</sln:miejscIIPWersja><sln:miejscIdTeryt>0120833</sln:miejscIdTeryt><sln:miejscNazwa>Kadłubówka</sln:miejscNazwa><sln:miejscRodzaj>Inny obiekt</sln:miejscRodzaj><sln:powIIPId>a2311e5e-c623-430a-b858-a98931ccd0a8</sln:powIIPId><sln:powIIPPn>PL.PZGIK.200</sln:powIIPPn><sln:powIIPWersja>2012-09-27T08:13:53+02:00</sln:powIIPWersja><sln:powIdTeryt>1420</sln:powIdTeryt><sln:powNazwa>płoński</sln:powNazwa><sln:waznyOd>2014-04-17T00:00:00+02:00</sln:waznyOd><sln:wojIIPId>4b6c492a-eb04-441d-a92a-f44359c06de7</sln:wojIIPId><sln:wojIIPPn>PL.PZGIK.200</sln:wojIIPPn><sln:wojIIPWersja>2012-09-27T13:45:13+02:00</sln:wojIIPWersja><sln:wojIdTeryt>14</sln:wojIdTeryt><sln:wojNazwa>mazowieckie</sln:wojNazwa></sln:miejscowosc><sln:miejscowosc><sln:cyklZyciaDo>2017-03-21T00:00:00+01:00</sln:cyklZyciaDo><sln:cyklZyciaOd>2015-02-19T00:00:00+01:00</sln:cyklZyciaOd><sln:gmIIPId>27e622bd-2be6-444d-9b26-95cd8c86dbf9</sln:gmIIPId><sln:gmIIPPn>PL.PZGIK.200</sln:gmIIPPn><sln:gmIIPWersja>2012-09-26T22:54:38+02:00</sln:gmIIPWersja><sln:gmIdTeryt>1420082</sln:gmIdTeryt><sln:gmNazwa>Nowe Miasto</sln:gmNazwa><sln:miejscIIPId>8466acbd-50a0-44ba-9252-fca526d5a6b6</sln:miejscIIPId><sln:miejscIIPPn>PL.PZGIK.200</sln:miejscIIPPn><sln:miejscIIPWersja>2016-11-24T09:10:02+02:00</sln:miejscIIPWersja><sln:miejscIdTeryt>0120840</sln:miejscIdTeryt><sln:miejscNazwa>Karolinowo</sln:miejscNazwa><sln:miejscRodzaj>Inny obiekt</sln:miejscRodzaj><sln:powIIPId>a2311e5e-c623-430a-b858-a98931ccd0a8</sln:powIIPId><sln:powIIPPn>PL.PZGIK.200</sln:powIIPPn><sln:powIIPWersja>2012-09-27T08:13:53+02:00</sln:powIIPWersja><sln:powIdTeryt>1420</sln:powIdTeryt><sln:powNazwa>płoński</sln:powNazwa><sln:waznyOd>2014-04-17T00:00:00+02:00</sln:waznyOd><sln:wojIIPId>4b6c492a-eb04-441d-a92a-f44359c06de7</sln:wojIIPId><sln:wojIIPPn>PL.PZGIK.200</sln:wojIIPPn><sln:wojIIPWersja>2012-09-27T13:45:13+02:00</sln:wojIIPWersja><sln:wojIdTeryt>14</sln:wojIdTeryt><sln:wojNazwa>mazowieckie</sln:wojNazwa></sln:miejscowosc><sln:miejscowosc><sln:cyklZyciaDo>2017-03-21T00:00:00+01:00</sln:cyklZyciaDo><sln:cyklZyciaOd>2015-02-19T00:00:00+01:00</sln:cyklZyciaOd><sln:gmIIPId>27e622bd-2be6-444d-9b26-95cd8c86dbf9</sln:gmIIPId><sln:gmIIPPn>PL.PZGIK.200</sln:gmIIPPn><sln:gmIIPWersja>2012-09-26T22:54:38+02:00</sln:gmIIPWersja><sln:gmIdTeryt>1420082</sln:gmIdTeryt><sln:gmNazwa>Nowe Miasto</sln:gmNazwa><sln:miejscIIPId>bc077a38-4fa9-440a-8b86-0e885a0c667c</sln:miejscIIPId><sln:miejscIIPPn>PL.PZGIK.200</sln:miejscIIPPn><sln:miejscIIPWersja>2016-11-24T09:10:02+02:00</sln:miejscIIPWersja><sln:miejscIdTeryt>0120856</sln:miejscIdTeryt><sln:miejscNazwa>Kubice</sln:miejscNazwa><sln:miejscRodzaj>Inny obiekt</sln:miejscRodzaj><sln:powIIPId>a2311e5e-c623-430a-b858-a98931ccd0a8</sln:powIIPId><sln:powIIPPn>PL.PZGIK.200</sln:powIIPPn><sln:powIIPWersja>2012-09-27T08:13:53+02:00</sln:powIIPWersja><sln:powIdTeryt>1420</sln:powIdTeryt><sln:powNazwa>płoński</sln:powNazwa><sln:waznyOd>2014-04-17T00:00:00+02:00</sln:waznyOd><sln:wojIIPId>4b6c492a-eb04-441d-a92a-f44359c06de7</sln:wojIIPId><sln:wojIIPPn>PL.PZGIK.200</sln:wojIIPPn><sln:wojIIPWersja>2012-09-27T13:45:13+02:00</sln:wojIIPWersja><sln:wojIdTeryt>14</sln:wojIdTeryt><sln:wojNazwa>mazowieckie</sln:wojNazwa></sln:miejscowosc><sln:miejscowosc><sln:cyklZyciaDo>2017-03-21T00:00:00+01:00</sln:cyklZyciaDo><sln:cyklZyciaOd>2015-02-19T00:00:00+01:00</sln:cyklZyciaOd><sln:gmIIPId>27e622bd-2be6-444d-9b26-95cd8c86dbf9</sln:gmIIPId><sln:gmIIPPn>PL.PZGIK.200</sln:gmIIPPn><sln:gmIIPWersja>2012-09-26T22:54:38+02:00</sln:gmIIPWersja><sln:gmIdTeryt>1420082</sln:gmIdTeryt><sln:gmNazwa>Nowe Miasto</sln:gmNazwa><sln:miejscIIPId>50de7064-efc7-448b-a2e0-1fd8ecd2f304</sln:miejscIIPId><sln:miejscIIPPn>PL.PZGIK.200</sln:miejscIIPPn><sln:miejscIIPWersja>2016-11-24T09:10:02+02:00</sln:miejscIIPWersja><sln:miejscIdTeryt>0120862</sln:miejscIdTeryt><sln:miejscNazwa>Latonice</sln:miejscNazwa><sln:miejscRodzaj>Inny obiekt</sln:miejscRodzaj><sln:powIIPId>a2311e5e-c623-430a-b858-a98931ccd0a8</sln:powIIPId><sln:powIIPPn>PL.PZGIK.200</sln:powIIPPn><sln:powIIPWersja>2012-09-27T08:13:53+02:00</sln:powIIPWersja><sln:powIdTeryt>1420</sln:powIdTeryt><sln:powNazwa>płoński</sln:powNazwa><sln:waznyOd>2014-04-17T00:00:00+02:00</sln:waznyOd><sln:wojIIPId>4b6c492a-eb04-441d-a92a-f44359c06de7</sln:wojIIPId><sln:wojIIPPn>PL.PZGIK.200</sln:wojIIPPn><sln:wojIIPWersja>2012-09-27T13:45:13+02:00</sln:wojIIPWersja><sln:wojIdTeryt>14</sln:wojIdTeryt><sln:wojNazwa>mazowieckie</sln:wojNazwa></sln:miejscowosc><sln:miejscowosc><sln:cyklZyciaDo>2017-03-21T00:00:00+01:00</sln:cyklZyciaDo><sln:cyklZyciaOd>2015-02-19T00:00:00+01:00</sln:cyklZyciaOd><sln:gmIIPId>27e622bd-2be6-444d-9b26-95cd8c86dbf9</sln:gmIIPId><sln:gmIIPPn>PL.PZGIK.200</sln:gmIIPPn><sln:gmIIPWersja>2012-09-26T22:54:38+02:00</sln:gmIIPWersja><sln:gmIdTeryt>1420082</sln:gmIdTeryt><sln:gmNazwa>Nowe Miasto</sln:gmNazwa><sln:miejscIIPId>aaca3d1d-b27e-4c40-abe1-aa7f63575b5b</sln:miejscIIPId><sln:miejscIIPPn>PL.PZGIK.200</sln:miejscIIPPn><sln:miejscIIPWersja>2016-11-24T09:10:02+02:00</sln:miejscIIPWersja><sln:miejscIdTeryt>0120879</sln:miejscIdTeryt><sln:miejscNazwa>Miszewo B</sln:miejscNazwa><sln:miejscRodzaj>Inny obiekt</sln:miejscRodzaj><sln:powIIPId>a2311e5e-c623-430a-b858-a98931ccd0a8</sln:powIIPId><sln:powIIPPn>PL.PZGIK.200</sln:powIIPPn><sln:powIIPWersja>2012-09-27T08:13:53+02:00</sln:powIIPWersja><sln:powIdTeryt>1420</sln:powIdTeryt><sln:powNazwa>płoński</sln:powNazwa><sln:waznyOd>2014-04-17T00:00:00+02:00</sln:waznyOd><sln:wojIIPId>4b6c492a-eb04-441d-a92a-f44359c06de7</sln:wojIIPId><sln:wojIIPPn>PL.PZGIK.200</sln:wojIIPPn><sln:wojIIPWersja>2012-09-27T13:45:13+02:00</sln:wojIIPWersja><sln:wojIdTeryt>14</sln:wojIdTeryt><sln:wojNazwa>mazowieckie</sln:wojNazwa></sln:miejscowosc><sln:miejscowosc><sln:cyklZyciaDo>2017-03-21T00:00:00+01:00</sln:cyklZyciaDo><sln:cyklZyciaOd>2015-02-19T00:00:00+01:00</sln:cyklZyciaOd><sln:gmIIPId>27e622bd-2be6-444d-9b26-95cd8c86dbf9</sln:gmIIPId><sln:gmIIPPn>PL.PZGIK.200</sln:gmIIPPn><sln:gmIIPWersja>2012-09-26T22:54:38+02:00</sln:gmIIPWersja><sln:gmIdTeryt>1420082</sln:gmIdTeryt><sln:gmNazwa>Nowe Miasto</sln:gmNazwa><sln:miejscIIPId>f3bbc9a5-125b-456c-8e31-9049672f7018</sln:miejscIIPId><sln:miejscIIPPn>PL.PZGIK.200</sln:miejscIIPPn><sln:miejscIIPWersja>2016-11-24T09:10:02+02:00</sln:miejscIIPWersja><sln:miejscIdTeryt>0120885</sln:miejscIdTeryt><sln:miejscNazwa>Miszewo Wielkie</sln:miejscNazwa><sln:miejscRodzaj>Inny obiekt</sln:miejscRodzaj><sln:powIIPId>a2311e5e-c623-430a-b858-a98931ccd0a8</sln:powIIPId><sln:powIIPPn>PL.PZGIK.200</sln:powIIPPn><sln:powIIPWersja>2012-09-27T08:13:53+02:00</sln:powIIPWersja><sln:powIdTeryt>1420</sln:powIdTeryt><sln:powNazwa>płoński</sln:powNazwa><sln:waznyOd>2014-04-17T00:00:00+02:00</sln:waznyOd><sln:wojIIPId>4b6c492a-eb04-441d-a92a-f44359c06de7</sln:wojIIPId><sln:wojIIPPn>PL.PZGIK.200</sln:wojIIPPn><sln:wojIIPWersja>2012-09-27T13:45:13+02:00</sln:wojIIPWersja><sln:wojIdTeryt>14</sln:wojIdTeryt><sln:wojNazwa>mazowieckie</sln:wojNazwa></sln:miejscowosc><sln:miejscowosc><sln:cyklZyciaDo>2017-03-21T00:00:00+01:00</sln:cyklZyciaDo><sln:cyklZyciaOd>2015-02-19T00:00:00+01:00</sln:cyklZyciaOd><sln:gmIIPId>27e622bd-2be6-444d-9b26-95cd8c86dbf9</sln:gmIIPId><sln:gmIIPPn>PL.PZGIK.200</sln:gmIIPPn><sln:gmIIPWersja>2012-09-26T22:54:38+02:00</sln:gmIIPWersja><sln:gmIdTeryt>1420082</sln:gmIdTeryt><sln:gmNazwa>Nowe Miasto</sln:gmNazwa><sln:miejscIIPId>4e706d0d-456c-4035-a029-004cfae2e6d2</sln:miejscIIPId><sln:miejscIIPPn>PL.PZGIK.200</sln:miejscIIPPn><sln:miejscIIPWersja>2016-11-24T09:10:02+02:00</sln:miejscIIPWersja><sln:miejscIdTeryt>0120891</sln:miejscIdTeryt><sln:miejscNazwa>Modzele-Bartłomieje</sln:miejscNazwa><sln:miejscRodzaj>Inny obiekt</sln:miejscRodzaj><sln:powIIPId>a2311e5e-c623-430a-b858-a98931ccd0a8</sln:powIIPId><sln:powIIPPn>PL.PZGIK.200</sln:powIIPPn><sln:powIIPWersja>2012-09-27T08:13:53+02:00</sln:powIIPWersja><sln:powIdTeryt>1420</sln:powIdTeryt><sln:powNazwa>płoński</sln:powNazwa><sln:waznyOd>2014-04-17T00:00:00+02:00</sln:waznyOd><sln:wojIIPId>4b6c492a-eb04-441d-a92a-f44359c06de7</sln:wojIIPId><sln:wojIIPPn>PL.PZGIK.200</sln:wojIIPPn><sln:wojIIPWersja>2012-09-27T13:45:13+02:00</sln:wojIIPWersja><sln:wojIdTeryt>14</sln:wojIdTeryt><sln:wojNazwa>mazowieckie</sln:wojNazwa></sln:miejscowosc><sln:miejscowosc><sln:cyklZyciaDo>2017-03-21T00:00:00+01:00</sln:cyklZyciaDo><sln:cyklZyciaOd>2015-02-19T00:00:00+01:00</sln:cyklZyciaOd><sln:gmIIPId>27e622bd-2be6-444d-9b26-95cd8c86dbf9</sln:gmIIPId><sln:gmIIPPn>PL.PZGIK.200</sln:gmIIPPn><sln:gmIIPWersja>2012-09-26T22:54:38+02:00</sln:gmIIPWersja><sln:gmIdTeryt>1420082</sln:gmIdTeryt><sln:gmNazwa>Nowe Miasto</sln:gmNazwa><sln:miejscIIPId>8532a232-d5c9-4fac-b908-e75918345ff2</sln:miejscIIPId><sln:miejscIIPPn>PL.PZGIK.200</sln:miejscIIPPn><sln:miejscIIPWersja>2016-11-24T09:10:02+02:00</sln:miejscIIPWersja><sln:miejscIdTeryt>0120900</sln:miejscIdTeryt><sln:miejscNazwa>Nowe Miasto</sln:miejscNazwa><sln:miejscRodzaj>Inny obiekt</sln:miejscRodzaj><sln:powIIPId>a2311e5e-c623-430a-b858-a98931ccd0a8</sln:powIIPId><sln:powIIPPn>PL.PZGIK.200</sln:powIIPPn><sln:powIIPWersja>2012-09-27T08:13:53+02:00</sln:powIIPWersja><sln:powIdTeryt>1420</sln:powIdTeryt><sln:powNazwa>płoński</sln:powNazwa><sln:waznyOd>2014-04-17T00:00:00+02:00</sln:waznyOd><sln:wojIIPId>4b6c492a-eb04-441d-a92a-f44359c06de7</sln:wojIIPId><sln:wojIIPPn>PL.PZGIK.200</sln:wojIIPPn><sln:wojIIPWersja>2012-09-27T13:45:13+02:00</sln:wojIIPWersja><sln:wojIdTeryt>14</sln:wojIdTeryt><sln:wojNazwa>mazowieckie</sln:wojNazwa></sln:miejscowosc><sln:miejscowosc><sln:cyklZyciaDo>2017-03-21T00:00:00+01:00</sln:cyklZyciaDo><sln:cyklZyciaOd>2015-02-19T00:00:00+01:00</sln:cyklZyciaOd><sln:gmIIPId>27e622bd-2be6-444d-9b26-95cd8c86dbf9</sln:gmIIPId><sln:gmIIPPn>PL.PZGIK.200</sln:gmIIPPn><sln:gmIIPWersja>2012-09-26T22:54:38+02:00</sln:gmIIPWersja><sln:gmIdTeryt>1420082</sln:gmIdTeryt><sln:gmNazwa>Nowe Miasto</sln:gmNazwa><sln:miejscIIPId>2ea0fd1d-744c-49a2-9c98-6caff732a4f3</sln:miejscIIPId><sln:miejscIIPPn>PL.PZGIK.200</sln:miejscIIPPn><sln:miejscIIPWersja>2016-11-24T09:10:02+02:00</sln:miejscIIPWersja><sln:miejscIdTeryt>0120916</sln:miejscIdTeryt><sln:miejscNazwa>Nowe Miasto-Folwark</sln:miejscNazwa><sln:miejscRodzaj>Inny obiekt</sln:miejscRodzaj><sln:powIIPId>a2311e5e-c623-430a-b858-a98931ccd0a8</sln:powIIPId><sln:powIIPPn>PL.PZGIK.200</sln:powIIPPn><sln:powIIPWersja>2012-09-27T08:13:53+02:00</sln:powIIPWersja><sln:powIdTeryt>1420</sln:powIdTeryt><sln:powNazwa>płoński</sln:powNazwa><sln:waznyOd>2014-04-17T00:00:00+02:00</sln:waznyOd><sln:wojIIPId>4b6c492a-eb04-441d-a92a-f44359c06de7</sln:wojIIPId><sln:wojIIPPn>PL.PZGIK.200</sln:wojIIPPn><sln:wojIIPWersja>2012-09-27T13:45:13+02:00</sln:wojIIPWersja><sln:wojIdTeryt>14</sln:wojIdTeryt><sln:wojNazwa>mazowieckie</sln:wojNazwa></sln:miejscowosc><sln:miejscowosc><sln:cyklZyciaDo>2017-03-21T00:00:00+01:00</sln:cyklZyciaDo><sln:cyklZyciaOd>2015-02-19T00:00:00+01:00</sln:cyklZyciaOd><sln:gmIIPId>27e622bd-2be6-444d-9b26-95cd8c86dbf9</sln:gmIIPId><sln:gmIIPPn>PL.PZGIK.200</sln:gmIIPPn><sln:gmIIPWersja>2012-09-26T22:54:38+02:00</sln:gmIIPWersja><sln:gmIdTeryt>1420082</sln:gmIdTeryt><sln:gmNazwa>Nowe Miasto</sln:gmNazwa><sln:miejscIIPId>53414e6e-e110-4fcc-a754-86f02caf3050</sln:miejscIIPId><sln:miejscIIPPn>PL.PZGIK.200</sln:miejscIIPPn><sln:miejscIIPWersja>2016-11-24T09:10:02+02:00</sln:miejscIIPWersja><sln:miejscIdTeryt>0120922</sln:miejscIdTeryt><sln:miejscNazwa>Nowosiółki</sln:miejscNazwa><sln:miejscRodzaj>Inny obiekt</sln:miejscRodzaj><sln:powIIPId>a2311e5e-c623-430a-b858-a98931ccd0a8</sln:powIIPId><sln:powIIPPn>PL.PZGIK.200</sln:powIIPPn><sln:powIIPWersja>2012-09-27T08:13:53+02:00</sln:powIIPWersja><sln:powIdTeryt>1420</sln:powIdTeryt><sln:powNazwa>płoński</sln:powNazwa><sln:waznyOd>2014-04-17T00:00:00+02:00</sln:waznyOd><sln:wojIIPId>4b6c492a-eb04-441d-a92a-f44359c06de7</sln:wojIIPId><sln:wojIIPPn>PL.PZGIK.200</sln:wojIIPPn><sln:wojIIPWersja>2012-09-27T13:45:13+02:00</sln:wojIIPWersja><sln:wojIdTeryt>14</sln:wojIdTeryt><sln:wojNazwa>mazowieckie</sln:wojNazwa></sln:miejscowosc><sln:miejscowosc><sln:cyklZyciaDo>2017-03-21T00:00:00+01:00</sln:cyklZyciaDo><sln:cyklZyciaOd>2015-02-19T00:00:00+01:00</sln:cyklZyciaOd><sln:gmIIPId>27e622bd-2be6-444d-9b26-95cd8c86dbf9</sln:gmIIPId><sln:gmIIPPn>PL.PZGIK.200</sln:gmIIPPn><sln:gmIIPWersja>2012-09-26T22:54:38+02:00</sln:gmIIPWersja><sln:gmIdTeryt>1420082</sln:gmIdTeryt><sln:gmNazwa>Nowe Miasto</sln:gmNazwa><sln:miejscIIPId>7c9b8556-2d88-4351-ac43-cf0e2679ec82</sln:miejscIIPId><sln:miejscIIPPn>PL.PZGIK.200</sln:miejscIIPPn><sln:miejscIIPWersja>2016-11-24T09:10:02+02:00</sln:miejscIIPWersja><sln:miejscIdTeryt>0120939</sln:miejscIdTeryt><sln:miejscNazwa>Popielżyn Dolny</sln:miejscNazwa><sln:miejscRodzaj>Inny obiekt</sln:miejscRodzaj><sln:powIIPId>a2311e5e-c623-430a-b858-a98931ccd0a8</sln:powIIPId><sln:powIIPPn>PL.PZGIK.200</sln:powIIPPn><sln:powIIPWersja>2012-09-27T08:13:53+02:00</sln:powIIPWersja><sln:powIdTeryt>1420</sln:powIdTeryt><sln:powNazwa>płoński</sln:powNazwa><sln:waznyOd>2014-04-17T00:00:00+02:00</sln:waznyOd><sln:wojIIPId>4b6c492a-eb04-441d-a92a-f44359c06de7</sln:wojIIPId><sln:wojIIPPn>PL.PZGIK.200</sln:wojIIPPn><sln:wojIIPWersja>2012-09-27T13:45:13+02:00</sln:wojIIPWersja><sln:wojIdTeryt>14</sln:wojIdTeryt><sln:wojNazwa>mazowieckie</sln:wojNazwa></sln:miejscowosc><sln:miejscowosc><sln:cyklZyciaDo>2017-03-21T00:00:00+01:00</sln:cyklZyciaDo><sln:cyklZyciaOd>2015-02-19T00:00:00+01:00</sln:cyklZyciaOd><sln:gmIIPId>27e622bd-2be6-444d-9b26-95cd8c86dbf9</sln:gmIIPId><sln:gmIIPPn>PL.PZGIK.200</sln:gmIIPPn><sln:gmIIPWersja>2012-09-26T22:54:38+02:00</sln:gmIIPWersja><sln:gmIdTeryt>1420082</sln:gmIdTeryt><sln:gmNazwa>Nowe Miasto</sln:gmNazwa><sln:miejscIIPId>904a31bf-10a9-4103-b328-27d38b26f0b7</sln:miejscIIPId><sln:miejscIIPPn>PL.PZGIK.200</sln:miejscIIPPn><sln:miejscIIPWersja>2016-11-24T09:10:02+02:00</sln:miejscIIPWersja><sln:miejscIdTeryt>0120945</sln:miejscIdTeryt><sln:miejscNazwa>Przepitki</sln:miejscNazwa><sln:miejscRodzaj>Inny obiekt</sln:miejscRodzaj><sln:powIIPId>a2311e5e-c623-430a-b858-a98931ccd0a8</sln:powIIPId><sln:powIIPPn>PL.PZGIK.200</sln:powIIPPn><sln:powIIPWersja>2012-09-27T08:13:53+02:00</sln:powIIPWersja><sln:powIdTeryt>1420</sln:powIdTeryt><sln:powNazwa>płoński</sln:powNazwa><sln:waznyOd>2014-04-17T00:00:00+02:00</sln:waznyOd><sln:wojIIPId>4b6c492a-eb04-441d-a92a-f44359c06de7</sln:wojIIPId><sln:wojIIPPn>PL.PZGIK.200</sln:wojIIPPn><sln:wojIIPWersja>2012-09-27T13:45:13+02:00</sln:wojIIPWersja><sln:wojIdTeryt>14</sln:wojIdTeryt><sln:wojNazwa>mazowieckie</sln:wojNazwa></sln:miejscowosc><sln:miejscowosc><sln:cyklZyciaDo>2017-03-21T00:00:00+01:00</sln:cyklZyciaDo><sln:cyklZyciaOd>2015-02-19T00:00:00+01:00</sln:cyklZyciaOd><sln:gmIIPId>27e622bd-2be6-444d-9b26-95cd8c86dbf9</sln:gmIIPId><sln:gmIIPPn>PL.PZGIK.200</sln:gmIIPPn><sln:gmIIPWersja>2012-09-26T22:54:38+02:00</sln:gmIIPWersja><sln:gmIdTeryt>1420082</sln:gmIdTeryt><sln:gmNazwa>Nowe Miasto</sln:gmNazwa><sln:miejscIIPId>efeeec4d-f2da-4709-8c47-effbf1ea37e5</sln:miejscIIPId><sln:miejscIIPPn>PL.PZGIK.200</sln:miejscIIPPn><sln:miejscIIPWersja>2016-11-24T09:10:02+02:00</sln:miejscIIPWersja><sln:miejscIdTeryt>0120951</sln:miejscIdTeryt><sln:miejscNazwa>Rostki</sln:miejscNazwa><sln:miejscRodzaj>Inny obiekt</sln:miejscRodzaj><sln:powIIPId>a2311e5e-c623-430a-b858-a98931ccd0a8</sln:powIIPId><sln:powIIPPn>PL.PZGIK.200</sln:powIIPPn><sln:powIIPWersja>2012-09-27T08:13:53+02:00</sln:powIIPWersja><sln:powIdTeryt>1420</sln:powIdTeryt><sln:powNazwa>płoński</sln:powNazwa><sln:waznyOd>2014-04-17T00:00:00+02:00</sln:waznyOd><sln:wojIIPId>4b6c492a-eb04-441d-a92a-f44359c06de7</sln:wojIIPId><sln:wojIIPPn>PL.PZGIK.200</sln:wojIIPPn><sln:wojIIPWersja>2012-09-27T13:45:13+02:00</sln:wojIIPWersja><sln:wojIdTeryt>14</sln:wojIdTeryt><sln:wojNazwa>mazowieckie</sln:wojNazwa></sln:miejscowosc><sln:miejscowosc><sln:cyklZyciaDo>2017-03-21T00:00:00+01:00</sln:cyklZyciaDo><sln:cyklZyciaOd>2015-02-19T00:00:00+01:00</sln:cyklZyciaOd><sln:gmIIPId>27e622bd-2be6-444d-9b26-95cd8c86dbf9</sln:gmIIPId><sln:gmIIPPn>PL.PZGIK.200</sln:gmIIPPn><sln:gmIIPWersja>2012-09-26T22:54:38+02:00</sln:gmIIPWersja><sln:gmIdTeryt>1420082</sln:gmIdTeryt><sln:gmNazwa>Nowe Miasto</sln:gmNazwa><sln:miejscIIPId>1d3fcdea-4368-4311-ad16-a48ecd09e43c</sln:miejscIIPId><sln:miejscIIPPn>PL.PZGIK.200</sln:miejscIIPPn><sln:miejscIIPWersja>2016-11-24T09:10:02+02:00</sln:miejscIIPWersja><sln:miejscIdTeryt>0120968</sln:miejscIdTeryt><sln:miejscNazwa>Salomonka</sln:miejscNazwa><sln:miejscRodzaj>Inny obiekt</sln:miejscRodzaj><sln:powIIPId>a2311e5e-c623-430a-b858-a98931ccd0a8</sln:powIIPId><sln:powIIPPn>PL.PZGIK.200</sln:powIIPPn><sln:powIIPWersja>2012-09-27T08:13:53+02:00</sln:powIIPWersja><sln:powIdTeryt>1420</sln:powIdTeryt><sln:powNazwa>płoński</sln:powNazwa><sln:waznyOd>2014-04-17T00:00:00+02:00</sln:waznyOd><sln:wojIIPId>4b6c492a-eb04-441d-a92a-f44359c06de7</sln:wojIIPId><sln:wojIIPPn>PL.PZGIK.200</sln:wojIIPPn><sln:wojIIPWersja>2012-09-27T13:45:13+02:00</sln:wojIIPWersja><sln:wojIdTeryt>14</sln:wojIdTeryt><sln:wojNazwa>mazowieckie</sln:wojNazwa></sln:miejscowosc><sln:miejscowosc><sln:cyklZyciaDo>2017-03-21T00:00:00+01:00</sln:cyklZyciaDo><sln:cyklZyciaOd>2015-02-19T00:00:00+01:00</sln:cyklZyciaOd><sln:gmIIPId>27e622bd-2be6-444d-9b26-95cd8c86dbf9</sln:gmIIPId><sln:gmIIPPn>PL.PZGIK.200</sln:gmIIPPn><sln:gmIIPWersja>2012-09-26T22:54:38+02:00</sln:gmIIPWersja><sln:gmIdTeryt>1420082</sln:gmIdTeryt><sln:gmNazwa>Nowe Miasto</sln:gmNazwa><sln:miejscIIPId>addc4dd7-78a6-4fa5-bd95-74a39cb2cdc1</sln:miejscIIPId><sln:miejscIIPPn>PL.PZGIK.200</sln:miejscIIPPn><sln:miejscIIPWersja>2016-11-24T09:10:02+02:00</sln:miejscIIPWersja><sln:miejscIdTeryt>0120980</sln:miejscIdTeryt><sln:miejscNazwa>Szczawin</sln:miejscNazwa><sln:miejscRodzaj>Inny obiekt</sln:miejscRodzaj><sln:powIIPId>a2311e5e-c623-430a-b858-a98931ccd0a8</sln:powIIPId><sln:powIIPPn>PL.PZGIK.200</sln:powIIPPn><sln:powIIPWersja>2012-09-27T08:13:53+02:00</sln:powIIPWersja><sln:powIdTeryt>1420</sln:powIdTeryt><sln:powNazwa>płoński</sln:powNazwa><sln:waznyOd>2014-04-17T00:00:00+02:00</sln:waznyOd><sln:wojIIPId>4b6c492a-eb04-441d-a92a-f44359c06de7</sln:wojIIPId><sln:wojIIPPn>PL.PZGIK.200</sln:wojIIPPn><sln:wojIIPWersja>2012-09-27T13:45:13+02:00</sln:wojIIPWersja><sln:wojIdTeryt>14</sln:wojIdTeryt><sln:wojNazwa>mazowieckie</sln:wojNazwa></sln:miejscowosc><sln:miejscowosc><sln:cyklZyciaDo>2017-03-21T00:00:00+01:00</sln:cyklZyciaDo><sln:cyklZyciaOd>2015-02-19T00:00:00+01:00</sln:cyklZyciaOd><sln:gmIIPId>27e622bd-2be6-444d-9b26-95cd8c86dbf9</sln:gmIIPId><sln:gmIIPPn>PL.PZGIK.200</sln:gmIIPPn><sln:gmIIPWersja>2012-09-26T22:54:38+02:00</sln:gmIIPWersja><sln:gmIdTeryt>1420082</sln:gmIdTeryt><sln:gmNazwa>Nowe Miasto</sln:gmNazwa><sln:miejscIIPId>1bd9d85c-aeb0-422e-bc87-b01412775366</sln:miejscIIPId><sln:miejscIIPPn>PL.PZGIK.200</sln:miejscIIPPn><sln:miejscIIPWersja>2016-11-24T09:10:02+02:00</sln:miejscIIPWersja><sln:miejscIdTeryt>0120997</sln:miejscIdTeryt><sln:miejscNazwa>Tomaszewo</sln:miejscNazwa><sln:miejscRodzaj>Inny obiekt</sln:miejscRodzaj><sln:powIIPId>a2311e5e-c623-430a-b858-a98931ccd0a8</sln:powIIPId><sln:powIIPPn>PL.PZGIK.200</sln:powIIPPn><sln:powIIPWersja>2012-09-27T08:13:53+02:00</sln:powIIPWersja><sln:powIdTeryt>1420</sln:powIdTeryt><sln:powNazwa>płoński</sln:powNazwa><sln:waznyOd>2014-04-17T00:00:00+02:00</sln:waznyOd><sln:wojIIPId>4b6c492a-eb04-441d-a92a-f44359c06de7</sln:wojIIPId><sln:wojIIPPn>PL.PZGIK.200</sln:wojIIPPn><sln:wojIIPWersja>2012-09-27T13:45:13+02:00</sln:wojIIPWersja><sln:wojIdTeryt>14</sln:wojIdTeryt><sln:wojNazwa>mazowieckie</sln:wojNazwa></sln:miejscowosc><sln:miejscowosc><sln:cyklZyciaDo>2017-03-21T00:00:00+01:00</sln:cyklZyciaDo><sln:cyklZyciaOd>2015-02-19T00:00:00+01:00</sln:cyklZyciaOd><sln:gmIIPId>27e622bd-2be6-444d-9b26-95cd8c86dbf9</sln:gmIIPId><sln:gmIIPPn>PL.PZGIK.200</sln:gmIIPPn><sln:gmIIPWersja>2012-09-26T22:54:38+02:00</sln:gmIIPWersja><sln:gmIdTeryt>1420082</sln:gmIdTeryt><sln:gmNazwa>Nowe Miasto</sln:gmNazwa><sln:miejscIIPId>f508c9fa-dd3c-44af-81ee-d79c2f05177e</sln:miejscIIPId><sln:miejscIIPPn>PL.PZGIK.200</sln:miejscIIPPn><sln:miejscIIPWersja>2016-11-24T09:10:02+02:00</sln:miejscIIPWersja><sln:miejscIdTeryt>0121005</sln:miejscIdTeryt><sln:miejscNazwa>Władysławowo</sln:miejscNazwa><sln:miejscRodzaj>Inny obiekt</sln:miejscRodzaj><sln:powIIPId>a2311e5e-c623-430a-b858-a98931ccd0a8</sln:powIIPId><sln:powIIPPn>PL.PZGIK.200</sln:powIIPPn><sln:powIIPWersja>2012-09-27T08:13:53+02:00</sln:powIIPWersja><sln:powIdTeryt>1420</sln:powIdTeryt><sln:powNazwa>płoński</sln:powNazwa><sln:waznyOd>2014-04-17T00:00:00+02:00</sln:waznyOd><sln:wojIIPId>4b6c492a-eb04-441d-a92a-f44359c06de7</sln:wojIIPId><sln:wojIIPPn>PL.PZGIK.200</sln:wojIIPPn><sln:wojIIPWersja>2012-09-27T13:45:13+02:00</sln:wojIIPWersja><sln:wojIdTeryt>14</sln:wojIdTeryt><sln:wojNazwa>mazowieckie</sln:wojNazwa></sln:miejscowosc><sln:miejscowosc><sln:cyklZyciaDo>2017-03-21T00:00:00+01:00</sln:cyklZyciaDo><sln:cyklZyciaOd>2015-02-19T00:00:00+01:00</sln:cyklZyciaOd><sln:gmIIPId>27e622bd-2be6-444d-9b26-95cd8c86dbf9</sln:gmIIPId><sln:gmIIPPn>PL.PZGIK.200</sln:gmIIPPn><sln:gmIIPWersja>2012-09-26T22:54:38+02:00</sln:gmIIPWersja><sln:gmIdTeryt>1420082</sln:gmIdTeryt><sln:gmNazwa>Nowe Miasto</sln:gmNazwa><sln:miejscIIPId>e91a3640-41c5-4777-9ce1-993e5aa29150</sln:miejscIIPId><sln:miejscIIPPn>PL.PZGIK.200</sln:miejscIIPPn><sln:miejscIIPWersja>2016-11-24T09:10:02+02:00</sln:miejscIIPWersja><sln:miejscIdTeryt>0121011</sln:miejscIdTeryt><sln:miejscNazwa>Wólka Szczawińska</sln:miejscNazwa><sln:miejscRodzaj>Inny obiekt</sln:miejscRodzaj><sln:powIIPId>a2311e5e-c623-430a-b858-a98931ccd0a8</sln:powIIPId><sln:powIIPPn>PL.PZGIK.200</sln:powIIPPn><sln:powIIPWersja>2012-09-27T08:13:53+02:00</sln:powIIPWersja><sln:powIdTeryt>1420</sln:powIdTeryt><sln:powNazwa>płoński</sln:powNazwa><sln:waznyOd>2014-04-17T00:00:00+02:00</sln:waznyOd><sln:wojIIPId>4b6c492a-eb04-441d-a92a-f44359c06de7</sln:wojIIPId><sln:wojIIPPn>PL.PZGIK.200</sln:wojIIPPn><sln:wojIIPWersja>2012-09-27T13:45:13+02:00</sln:wojIIPWersja><sln:wojIdTeryt>14</sln:wojIdTeryt><sln:wojNazwa>mazowieckie</sln:wojNazwa></sln:miejscowosc><sln:miejscowosc><sln:cyklZyciaDo>2017-03-21T00:00:00+01:00</sln:cyklZyciaDo><sln:cyklZyciaOd>2015-02-19T00:00:00+01:00</sln:cyklZyciaOd><sln:gmIIPId>27e622bd-2be6-444d-9b26-95cd8c86dbf9</sln:gmIIPId><sln:gmIIPPn>PL.PZGIK.200</sln:gmIIPPn><sln:gmIIPWersja>2012-09-26T22:54:38+02:00</sln:gmIIPWersja><sln:gmIdTeryt>1420082</sln:gmIdTeryt><sln:gmNazwa>Nowe Miasto</sln:gmNazwa><sln:miejscIIPId>403814f7-c9e5-4c1a-a502-f31aa68bb8b4</sln:miejscIIPId><sln:miejscIIPPn>PL.PZGIK.200</sln:miejscIIPPn><sln:miejscIIPWersja>2016-11-24T09:10:02+02:00</sln:miejscIIPWersja><sln:miejscIdTeryt>0121028</sln:miejscIdTeryt><sln:miejscNazwa>Zakobiel</sln:miejscNazwa><sln:miejscRodzaj>Inny obiekt</sln:miejscRodzaj><sln:powIIPId>a2311e5e-c623-430a-b858-a98931ccd0a8</sln:powIIPId><sln:powIIPPn>PL.PZGIK.200</sln:powIIPPn><sln:powIIPWersja>2012-09-27T08:13:53+02:00</sln:powIIPWersja><sln:powIdTeryt>1420</sln:powIdTeryt><sln:powNazwa>płoński</sln:powNazwa><sln:waznyOd>2014-04-17T00:00:00+02:00</sln:waznyOd><sln:wojIIPId>4b6c492a-eb04-441d-a92a-f44359c06de7</sln:wojIIPId><sln:wojIIPPn>PL.PZGIK.200</sln:wojIIPPn><sln:wojIIPWersja>2012-09-27T13:45:13+02:00</sln:wojIIPWersja><sln:wojIdTeryt>14</sln:wojIdTeryt><sln:wojNazwa>mazowieckie</sln:wojNazwa></sln:miejscowosc><sln:miejscowosc><sln:cyklZyciaDo>2017-03-21T00:00:00+01:00</sln:cyklZyciaDo><sln:cyklZyciaOd>2015-02-19T00:00:00+01:00</sln:cyklZyciaOd><sln:gmIIPId>27e622bd-2be6-444d-9b26-95cd8c86dbf9</sln:gmIIPId><sln:gmIIPPn>PL.PZGIK.200</sln:gmIIPPn><sln:gmIIPWersja>2012-09-26T22:54:38+02:00</sln:gmIIPWersja><sln:gmIdTeryt>1420082</sln:gmIdTeryt><sln:gmNazwa>Nowe Miasto</sln:gmNazwa><sln:miejscIIPId>ed596b6d-b198-4bec-87be-a3b923b04b53</sln:miejscIIPId><sln:miejscIIPPn>PL.PZGIK.200</sln:miejscIIPPn><sln:miejscIIPWersja>2016-11-24T09:10:02+02:00</sln:miejscIIPWersja><sln:miejscIdTeryt>0121034</sln:miejscIdTeryt><sln:miejscNazwa>Zasonie</sln:miejscNazwa><sln:miejscRodzaj>Inny obiekt</sln:miejscRodzaj><sln:powIIPId>a2311e5e-c623-430a-b858-a98931ccd0a8</sln:powIIPId><sln:powIIPPn>PL.PZGIK.200</sln:powIIPPn><sln:powIIPWersja>2012-09-27T08:13:53+02:00</sln:powIIPWersja><sln:powIdTeryt>1420</sln:powIdTeryt><sln:powNazwa>płoński</sln:powNazwa><sln:waznyOd>2014-04-17T00:00:00+02:00</sln:waznyOd><sln:wojIIPId>4b6c492a-eb04-441d-a92a-f44359c06de7</sln:wojIIPId><sln:wojIIPPn>PL.PZGIK.200</sln:wojIIPPn><sln:wojIIPWersja>2012-09-27T13:45:13+02:00</sln:wojIIPWersja><sln:wojIdTeryt>14</sln:wojIdTeryt><sln:wojNazwa>mazowieckie</sln:wojNazwa></sln:miejscowosc><sln:miejscowosc><sln:cyklZyciaDo>2017-03-21T00:00:00+01:00</sln:cyklZyciaDo><sln:cyklZyciaOd>2015-02-19T00:00:00+01:00</sln:cyklZyciaOd><sln:gmIIPId>27e622bd-2be6-444d-9b26-95cd8c86dbf9</sln:gmIIPId><sln:gmIIPPn>PL.PZGIK.200</sln:gmIIPPn><sln:gmIIPWersja>2012-09-26T22:54:38+02:00</sln:gmIIPWersja><sln:gmIdTeryt>1420082</sln:gmIdTeryt><sln:gmNazwa>Nowe Miasto</sln:gmNazwa><sln:miejscIIPId>eda5f788-dc9e-4d99-8228-17bba0645a19</sln:miejscIIPId><sln:miejscIIPPn>PL.PZGIK.200</sln:miejscIIPPn><sln:miejscIIPWersja>2016-11-24T09:10:02+02:00</sln:miejscIIPWersja><sln:miejscIdTeryt>0121040</sln:miejscIdTeryt><sln:miejscNazwa>Zawady B</sln:miejscNazwa><sln:miejscRodzaj>Inny obiekt</sln:miejscRodzaj><sln:powIIPId>a2311e5e-c623-430a-b858-a98931ccd0a8</sln:powIIPId><sln:powIIPPn>PL.PZGIK.200</sln:powIIPPn><sln:powIIPWersja>2012-09-27T08:13:53+02:00</sln:powIIPWersja><sln:powIdTeryt>1420</sln:powIdTeryt><sln:powNazwa>płoński</sln:powNazwa><sln:waznyOd>2014-04-17T00:00:00+02:00</sln:waznyOd><sln:wojIIPId>4b6c492a-eb04-441d-a92a-f44359c06de7</sln:wojIIPId><sln:wojIIPPn>PL.PZGIK.200</sln:wojIIPPn><sln:wojIIPWersja>2012-09-27T13:45:13+02:00</sln:wojIIPWersja><sln:wojIdTeryt>14</sln:wojIdTeryt><sln:wojNazwa>mazowieckie</sln:wojNazwa></sln:miejscowosc><sln:miejscowosc><sln:cyklZyciaDo>2017-03-21T00:00:00+01:00</sln:cyklZyciaDo><sln:cyklZyciaOd>2015-02-19T00:00:00+01:00</sln:cyklZyciaOd><sln:gmIIPId>27e622bd-2be6-444d-9b26-95cd8c86dbf9</sln:gmIIPId><sln:gmIIPPn>PL.PZGIK.200</sln:gmIIPPn><sln:gmIIPWersja>2012-09-26T22:54:38+02:00</sln:gmIIPWersja><sln:gmIdTeryt>1420082</sln:gmIdTeryt><sln:gmNazwa>Nowe Miasto</sln:gmNazwa><sln:miejscIIPId>30fede90-09a0-4cca-a657-f28133532fd3</sln:miejscIIPId><sln:miejscIIPPn>PL.PZGIK.200</sln:miejscIIPPn><sln:miejscIIPWersja>2016-11-24T09:10:02+02:00</sln:miejscIIPWersja><sln:miejscIdTeryt>0120974</sln:miejscIdTeryt><sln:miejscNazwa>Zawady Stare</sln:miejscNazwa><sln:miejscRodzaj>Inny obiekt</sln:miejscRodzaj><sln:powIIPId>a2311e5e-c623-430a-b858-a98931ccd0a8</sln:powIIPId><sln:powIIPPn>PL.PZGIK.200</sln:powIIPPn><sln:powIIPWersja>2012-09-27T08:13:53+02:00</sln:powIIPWersja><sln:powIdTeryt>1420</sln:powIdTeryt><sln:powNazwa>płoński</sln:powNazwa><sln:waznyOd>2014-04-17T00:00:00+02:00</sln:waznyOd><sln:wojIIPId>4b6c492a-eb04-441d-a92a-f44359c06de7</sln:wojIIPId><sln:wojIIPPn>PL.PZGIK.200</sln:wojIIPPn><sln:wojIIPWersja>2012-09-27T13:45:13+02:00</sln:wojIIPWersja><sln:wojIdTeryt>14</sln:wojIdTeryt><sln:wojNazwa>mazowieckie</sln:wojNazwa></sln:miejscowosc><sln:miejscowosc><sln:cyklZyciaDo>2017-03-21T00:00:00+01:00</sln:cyklZyciaDo><sln:cyklZyciaOd>2015-02-19T00:00:00+01:00</sln:cyklZyciaOd><sln:gmIIPId>27e622bd-2be6-444d-9b26-95cd8c86dbf9</sln:gmIIPId><sln:gmIIPPn>PL.PZGIK.200</sln:gmIIPPn><sln:gmIIPWersja>2012-09-26T22:54:38+02:00</sln:gmIIPWersja><sln:gmIdTeryt>1420082</sln:gmIdTeryt><sln:gmNazwa>Nowe Miasto</sln:gmNazwa><sln:miejscIIPId>c4641842-59db-4fda-b4e5-9c48a0de3b59</sln:miejscIIPId><sln:miejscIIPPn>PL.PZGIK.200</sln:miejscIIPPn><sln:miejscIIPWersja>2016-11-24T09:10:02+02:00</sln:miejscIIPWersja><sln:miejscIdTeryt>0121057</sln:miejscIdTeryt><sln:miejscNazwa>Żołędowo</sln:miejscNazwa><sln:miejscRodzaj>Inny obiekt</sln:miejscRodzaj><sln:powIIPId>a2311e5e-c623-430a-b858-a98931ccd0a8</sln:powIIPId><sln:powIIPPn>PL.PZGIK.200</sln:powIIPPn><sln:powIIPWersja>2012-09-27T08:13:53+02:00</sln:powIIPWersja><sln:powIdTeryt>1420</sln:powIdTeryt><sln:powNazwa>płoński</sln:powNazwa><sln:waznyOd>2014-04-17T00:00:00+02:00</sln:waznyOd><sln:wojIIPId>4b6c492a-eb04-441d-a92a-f44359c06de7</sln:wojIIPId><sln:wojIIPPn>PL.PZGIK.200</sln:wojIIPPn><sln:wojIIPWersja>2012-09-27T13:45:13+02:00</sln:wojIIPWersja><sln:wojIdTeryt>14</sln:wojIdTeryt><sln:wojNazwa>mazowieckie</sln:wojNazwa></sln:miejscowosc><sln:miejscowosc><sln:cyklZyciaOd>2017-03-21T00:00:00+01:00</sln:cyklZyciaOd><sln:gmIIPId>27e622bd-2be6-444d-9b26-95cd8c86dbf9</sln:gmIIPId><sln:gmIIPPn>PL.PZGIK.200</sln:gmIIPPn><sln:gmIIPWersja>2012-09-26T22:54:38+02:00</sln:gmIIPWersja><sln:gmIdTeryt>1420082</sln:gmIdTeryt><sln:gmNazwa>Nowe Miasto</sln:gmNazwa><sln:miejscIIPId>8315dac1-b242-489c-8cdb-376500e60f7a</sln:miejscIIPId><sln:miejscIIPPn>PL.PZGIK.200</sln:miejscIIPPn><sln:miejscIIPWersja>2017-03-21T13:39:57+02:00</sln:miejscIIPWersja><sln:miejscIdTeryt>0120690</sln:miejscIdTeryt><sln:miejscNazwa>Adamowo</sln:miejscNazwa><sln:miejscRodzaj>Wieś</sln:miejscRodzaj><sln:powIIPId>a2311e5e-c623-430a-b858-a98931ccd0a8</sln:powIIPId><sln:powIIPPn>PL.PZGIK.200</sln:powIIPPn><sln:powIIPWersja>2012-09-27T08:13:53+02:00</sln:powIIPWersja><sln:powIdTeryt>1420</sln:powIdTeryt><sln:powNazwa>płoński</sln:powNazwa><sln:waznyOd>2014-04-17T00:00:00+02:00</sln:waznyOd><sln:wojIIPId>4b6c492a-eb04-441d-a92a-f44359c06de7</sln:wojIIPId><sln:wojIIPPn>PL.PZGIK.200</sln:wojIIPPn><sln:wojIIPWersja>2012-09-27T13:45:13+02:00</sln:wojIIPWersja><sln:wojIdTeryt>14</sln:wojIdTeryt><sln:wojNazwa>mazowieckie</sln:wojNazwa></sln:miejscowosc><sln:miejscowosc><sln:cyklZyciaOd>2017-03-21T00:00:00+01:00</sln:cyklZyciaOd><sln:gmIIPId>27e622bd-2be6-444d-9b26-95cd8c86dbf9</sln:gmIIPId><sln:gmIIPPn>PL.PZGIK.200</sln:gmIIPPn><sln:gmIIPWersja>2012-09-26T22:54:38+02:00</sln:gmIIPWersja><sln:gmIdTeryt>1420082</sln:gmIdTeryt><sln:gmNazwa>Nowe Miasto</sln:gmNazwa><sln:miejscIIPId>2890625f-84a6-4a46-a2be-346367e6e5ef</sln:miejscIIPId><sln:miejscIIPPn>PL.PZGIK.200</sln:miejscIIPPn><sln:miejscIIPWersja>2017-03-21T13:40:03+02:00</sln:miejscIIPWersja><sln:miejscIdTeryt>0120709</sln:miejscIdTeryt><sln:miejscNazwa>Aleksandria</sln:miejscNazwa><sln:miejscRodzaj>Wieś</sln:miejscRodzaj><sln:powIIPId>a2311e5e-c623-430a-b858-a98931ccd0a8</sln:powIIPId><sln:powIIPPn>PL.PZGIK.200</sln:powIIPPn><sln:powIIPWersja>2012-09-27T08:13:53+02:00</sln:powIIPWersja><sln:powIdTeryt>1420</sln:powIdTeryt><sln:powNazwa>płoński</sln:powNazwa><sln:waznyOd>2014-04-17T00:00:00+02:00</sln:waznyOd><sln:wojIIPId>4b6c492a-eb04-441d-a92a-f44359c06de7</sln:wojIIPId><sln:wojIIPPn>PL.PZGIK.200</sln:wojIIPPn><sln:wojIIPWersja>2012-09-27T13:45:13+02:00</sln:wojIIPWersja><sln:wojIdTeryt>14</sln:wojIdTeryt><sln:wojNazwa>mazowieckie</sln:wojNazwa></sln:miejscowosc><sln:miejscowosc><sln:cyklZyciaOd>2017-03-21T00:00:00+01:00</sln:cyklZyciaOd><sln:gmIIPId>27e622bd-2be6-444d-9b26-95cd8c86dbf9</sln:gmIIPId><sln:gmIIPPn>PL.PZGIK.200</sln:gmIIPPn><sln:gmIIPWersja>2012-09-26T22:54:38+02:00</sln:gmIIPWersja><sln:gmIdTeryt>1420082</sln:gmIdTeryt><sln:gmNazwa>Nowe Miasto</sln:gmNazwa><sln:miejscIIPId>562e0f0a-13a5-4d77-8c88-d3840ef2b0d2</sln:miejscIIPId><sln:miejscIIPPn>PL.PZGIK.200</sln:miejscIIPPn><sln:miejscIIPWersja>2017-03-21T13:40:03+02:00</sln:miejscIIPWersja><sln:miejscIdTeryt>0120715</sln:miejscIdTeryt><sln:miejscNazwa>Anielin</sln:miejscNazwa><sln:miejscRodzaj>Wieś</sln:miejscRodzaj><sln:powIIPId>a2311e5e-c623-430a-b858-a98931ccd0a8</sln:powIIPId><sln:powIIPPn>PL.PZGIK.200</sln:powIIPPn><sln:powIIPWersja>2012-09-27T08:13:53+02:00</sln:powIIPWersja><sln:powIdTeryt>1420</sln:powIdTeryt><sln:powNazwa>płoński</sln:powNazwa><sln:waznyOd>2014-04-17T00:00:00+02:00</sln:waznyOd><sln:wojIIPId>4b6c492a-eb04-441d-a92a-f44359c06de7</sln:wojIIPId><sln:wojIIPPn>PL.PZGIK.200</sln:wojIIPPn><sln:wojIIPWersja>2012-09-27T13:45:13+02:00</sln:wojIIPWersja><sln:wojIdTeryt>14</sln:wojIdTeryt><sln:wojNazwa>mazowieckie</sln:wojNazwa></sln:miejscowosc><sln:miejscowosc><sln:cyklZyciaOd>2017-03-21T00:00:00+01:00</sln:cyklZyciaOd><sln:gmIIPId>27e622bd-2be6-444d-9b26-95cd8c86dbf9</sln:gmIIPId><sln:gmIIPPn>PL.PZGIK.200</sln:gmIIPPn><sln:gmIIPWersja>2012-09-26T22:54:38+02:00</sln:gmIIPWersja><sln:gmIdTeryt>1420082</sln:gmIdTeryt><sln:gmNazwa>Nowe Miasto</sln:gmNazwa><sln:miejscIIPId>f7bdc680-165f-4f0c-bb32-f25e827a0b1e</sln:miejscIIPId><sln:miejscIIPPn>PL.PZGIK.200</sln:miejscIIPPn><sln:miejscIIPWersja>2017-03-21T13:40:03+02:00</sln:miejscIIPWersja><sln:miejscIdTeryt>0120721</sln:miejscIdTeryt><sln:miejscNazwa>Belin</sln:miejscNazwa><sln:miejscRodzaj>Wieś</sln:miejscRodzaj><sln:powIIPId>a2311e5e-c623-430a-b858-a98931ccd0a8</sln:powIIPId><sln:powIIPPn>PL.PZGIK.200</sln:powIIPPn><sln:powIIPWersja>2012-09-27T08:13:53+02:00</sln:powIIPWersja><sln:powIdTeryt>1420</sln:powIdTeryt><sln:powNazwa>płoński</sln:powNazwa><sln:waznyOd>2014-04-17T00:00:00+02:00</sln:waznyOd><sln:wojIIPId>4b6c492a-eb04-441d-a92a-f44359c06de7</sln:wojIIPId><sln:wojIIPPn>PL.PZGIK.200</sln:wojIIPPn><sln:wojIIPWersja>2012-09-27T13:45:13+02:00</sln:wojIIPWersja><sln:wojIdTeryt>14</sln:wojIdTeryt><sln:wojNazwa>mazowieckie</sln:wojNazwa></sln:miejscowosc><sln:miejscowosc><sln:cyklZyciaOd>2017-03-21T00:00:00+01:00</sln:cyklZyciaOd><sln:gmIIPId>27e622bd-2be6-444d-9b26-95cd8c86dbf9</sln:gmIIPId><sln:gmIIPPn>PL.PZGIK.200</sln:gmIIPPn><sln:gmIIPWersja>2012-09-26T22:54:38+02:00</sln:gmIIPWersja><sln:gmIdTeryt>1420082</sln:gmIdTeryt><sln:gmNazwa>Nowe Miasto</sln:gmNazwa><sln:miejscIIPId>a84f109a-0035-4b23-8160-0b2dc3cb8e8e</sln:miejscIIPId><sln:miejscIIPPn>PL.PZGIK.200</sln:miejscIIPPn><sln:miejscIIPWersja>2017-03-21T13:40:03+02:00</sln:miejscIIPWersja><sln:miejscIdTeryt>0120738</sln:miejscIdTeryt><sln:miejscNazwa>Czarnoty</sln:miejscNazwa><sln:miejscRodzaj>Wieś</sln:miejscRodzaj><sln:powIIPId>a2311e5e-c623-430a-b858-a98931ccd0a8</sln:powIIPId><sln:powIIPPn>PL.PZGIK.200</sln:powIIPPn><sln:powIIPWersja>2012-09-27T08:13:53+02:00</sln:powIIPWersja><sln:powIdTeryt>1420</sln:powIdTeryt><sln:powNazwa>płoński</sln:powNazwa><sln:waznyOd>2014-04-17T00:00:00+02:00</sln:waznyOd><sln:wojIIPId>4b6c492a-eb04-441d-a92a-f44359c06de7</sln:wojIIPId><sln:wojIIPPn>PL.PZGIK.200</sln:wojIIPPn><sln:wojIIPWersja>2012-09-27T13:45:13+02:00</sln:wojIIPWersja><sln:wojIdTeryt>14</sln:wojIdTeryt><sln:wojNazwa>mazowieckie</sln:wojNazwa></sln:miejscowosc><sln:miejscowosc><sln:cyklZyciaOd>2017-03-21T00:00:00+01:00</sln:cyklZyciaOd><sln:gmIIPId>27e622bd-2be6-444d-9b26-95cd8c86dbf9</sln:gmIIPId><sln:gmIIPPn>PL.PZGIK.200</sln:gmIIPPn><sln:gmIIPWersja>2012-09-26T22:54:38+02:00</sln:gmIIPWersja><sln:gmIdTeryt>1420082</sln:gmIdTeryt><sln:gmNazwa>Nowe Miasto</sln:gmNazwa><sln:miejscIIPId>686ba779-242c-416d-8c11-3d8c3243a83b</sln:miejscIIPId><sln:miejscIIPPn>PL.PZGIK.200</sln:miejscIIPPn><sln:miejscIIPWersja>2017-03-21T13:40:03+02:00</sln:miejscIIPWersja><sln:miejscIdTeryt>0120744</sln:miejscIdTeryt><sln:miejscNazwa>Gawłowo</sln:miejscNazwa><sln:miejscRodzaj>Wieś</sln:miejscRodzaj><sln:powIIPId>a2311e5e-c623-430a-b858-a98931ccd0a8</sln:powIIPId><sln:powIIPPn>PL.PZGIK.200</sln:powIIPPn><sln:powIIPWersja>2012-09-27T08:13:53+02:00</sln:powIIPWersja><sln:powIdTeryt>1420</sln:powIdTeryt><sln:powNazwa>płoński</sln:powNazwa><sln:waznyOd>2014-04-17T00:00:00+02:00</sln:waznyOd><sln:wojIIPId>4b6c492a-eb04-441d-a92a-f44359c06de7</sln:wojIIPId><sln:wojIIPPn>PL.PZGIK.200</sln:wojIIPPn><sln:wojIIPWersja>2012-09-27T13:45:13+02:00</sln:wojIIPWersja><sln:wojIdTeryt>14</sln:wojIdTeryt><sln:wojNazwa>mazowieckie</sln:wojNazwa></sln:miejscowosc><sln:miejscowosc><sln:cyklZyciaOd>2017-03-21T00:00:00+01:00</sln:cyklZyciaOd><sln:gmIIPId>27e622bd-2be6-444d-9b26-95cd8c86dbf9</sln:gmIIPId><sln:gmIIPPn>PL.PZGIK.200</sln:gmIIPPn><sln:gmIIPWersja>2012-09-26T22:54:38+02:00</sln:gmIIPWersja><sln:gmIdTeryt>1420082</sln:gmIdTeryt><sln:gmNazwa>Nowe Miasto</sln:gmNazwa><sln:miejscIIPId>207d87eb-d673-4ae0-b17e-537cb363ba91</sln:miejscIIPId><sln:miejscIIPPn>PL.PZGIK.200</sln:miejscIIPPn><sln:miejscIIPWersja>2017-03-21T13:40:03+02:00</sln:miejscIIPWersja><sln:miejscIdTeryt>0120750</sln:miejscIdTeryt><sln:miejscNazwa>Gawłówek</sln:miejscNazwa><sln:miejscRodzaj>Wieś</sln:miejscRodzaj><sln:powIIPId>a2311e5e-c623-430a-b858-a98931ccd0a8</sln:powIIPId><sln:powIIPPn>PL.PZGIK.200</sln:powIIPPn><sln:powIIPWersja>2012-09-27T08:13:53+02:00</sln:powIIPWersja><sln:powIdTeryt>1420</sln:powIdTeryt><sln:powNazwa>płoński</sln:powNazwa><sln:waznyOd>2014-04-17T00:00:00+02:00</sln:waznyOd><sln:wojIIPId>4b6c492a-eb04-441d-a92a-f44359c06de7</sln:wojIIPId><sln:wojIIPPn>PL.PZGIK.200</sln:wojIIPPn><sln:wojIIPWersja>2012-09-27T13:45:13+02:00</sln:wojIIPWersja><sln:wojIdTeryt>14</sln:wojIdTeryt><sln:wojNazwa>mazowieckie</sln:wojNazwa></sln:miejscowosc><sln:miejscowosc><sln:cyklZyciaDo>2017-09-18T00:00:00+02:00</sln:cyklZyciaDo><sln:cyklZyciaOd>2017-03-21T00:00:00+01:00</sln:cyklZyciaOd><sln:gmIIPId>27e622bd-2be6-444d-9b26-95cd8c86dbf9</sln:gmIIPId><sln:gmIIPPn>PL.PZGIK.200</sln:gmIIPPn><sln:gmIIPWersja>2012-09-26T22:54:38+02:00</sln:gmIIPWersja><sln:gmIdTeryt>1420082</sln:gmIdTeryt><sln:gmNazwa>Nowe Miasto</sln:gmNazwa><sln:miejscIIPId>78756505-2770-4602-a0f7-05f0b44c6e35</sln:miejscIIPId><sln:miejscIIPPn>PL.PZGIK.200</sln:miejscIIPPn><sln:miejscIIPWersja>2017-03-21T13:40:03+02:00</sln:miejscIIPWersja><sln:miejscIdTeryt>0120767</sln:miejscIdTeryt><sln:miejscNazwa>Gościmin Wielki</sln:miejscNazwa><sln:miejscRodzaj>Wieś</sln:miejscRodzaj><sln:powIIPId>a2311e5e-c623-430a-b858-a98931ccd0a8</sln:powIIPId><sln:powIIPPn>PL.PZGIK.200</sln:powIIPPn><sln:powIIPWersja>2012-09-27T08:13:53+02:00</sln:powIIPWersja><sln:powIdTeryt>1420</sln:powIdTeryt><sln:powNazwa>płoński</sln:powNazwa><sln:waznyOd>2014-04-17T00:00:00+02:00</sln:waznyOd><sln:wojIIPId>4b6c492a-eb04-441d-a92a-f44359c06de7</sln:wojIIPId><sln:wojIIPPn>PL.PZGIK.200</sln:wojIIPPn><sln:wojIIPWersja>2012-09-27T13:45:13+02:00</sln:wojIIPWersja><sln:wojIdTeryt>14</sln:wojIdTeryt><sln:wojNazwa>mazowieckie</sln:wojNazwa></sln:miejscowosc><sln:miejscowosc><sln:cyklZyciaOd>2017-03-21T00:00:00+01:00</sln:cyklZyciaOd><sln:gmIIPId>27e622bd-2be6-444d-9b26-95cd8c86dbf9</sln:gmIIPId><sln:gmIIPPn>PL.PZGIK.200</sln:gmIIPPn><sln:gmIIPWersja>2012-09-26T22:54:38+02:00</sln:gmIIPWersja><sln:gmIdTeryt>1420082</sln:gmIdTeryt><sln:gmNazwa>Nowe Miasto</sln:gmNazwa><sln:miejscIIPId>44c174ad-8772-4ebb-af8d-5f0313eb2824</sln:miejscIIPId><sln:miejscIIPPn>PL.PZGIK.200</sln:miejscIIPPn><sln:miejscIIPWersja>2017-03-21T13:40:03+02:00</sln:miejscIIPWersja><sln:miejscIdTeryt>0120773</sln:miejscIdTeryt><sln:miejscNazwa>Grabie</sln:miejscNazwa><sln:miejscRodzaj>Wieś</sln:miejscRodzaj><sln:powIIPId>a2311e5e-c623-430a-b858-a98931ccd0a8</sln:powIIPId><sln:powIIPPn>PL.PZGIK.200</sln:powIIPPn><sln:powIIPWersja>2012-09-27T08:13:53+02:00</sln:powIIPWersja><sln:powIdTeryt>1420</sln:powIdTeryt><sln:powNazwa>płoński</sln:powNazwa><sln:waznyOd>2014-04-17T00:00:00+02:00</sln:waznyOd><sln:wojIIPId>4b6c492a-eb04-441d-a92a-f44359c06de7</sln:wojIIPId><sln:wojIIPPn>PL.PZGIK.200</sln:wojIIPPn><sln:wojIIPWersja>2012-09-27T13:45:13+02:00</sln:wojIIPWersja><sln:wojIdTeryt>14</sln:wojIdTeryt><sln:wojNazwa>mazowieckie</sln:wojNazwa></sln:miejscowosc><sln:miejscowosc><sln:cyklZyciaOd>2017-03-21T00:00:00+01:00</sln:cyklZyciaOd><sln:gmIIPId>27e622bd-2be6-444d-9b26-95cd8c86dbf9</sln:gmIIPId><sln:gmIIPPn>PL.PZGIK.200</sln:gmIIPPn><sln:gmIIPWersja>2012-09-26T22:54:38+02:00</sln:gmIIPWersja><sln:gmIdTeryt>1420082</sln:gmIdTeryt><sln:gmNazwa>Nowe Miasto</sln:gmNazwa><sln:miejscIIPId>644e86f5-6a25-430d-a566-27b9d19a87ae</sln:miejscIIPId><sln:miejscIIPPn>PL.PZGIK.200</sln:miejscIIPPn><sln:miejscIIPWersja>2017-03-21T13:40:03+02:00</sln:miejscIIPWersja><sln:miejscIdTeryt>0120780</sln:miejscIdTeryt><sln:miejscNazwa>Gucin</sln:miejscNazwa><sln:miejscRodzaj>Wieś</sln:miejscRodzaj><sln:powIIPId>a2311e5e-c623-430a-b858-a98931ccd0a8</sln:powIIPId><sln:powIIPPn>PL.PZGIK.200</sln:powIIPPn><sln:powIIPWersja>2012-09-27T08:13:53+02:00</sln:powIIPWersja><sln:powIdTeryt>1420</sln:powIdTeryt><sln:powNazwa>płoński</sln:powNazwa><sln:waznyOd>2014-04-17T00:00:00+02:00</sln:waznyOd><sln:wojIIPId>4b6c492a-eb04-441d-a92a-f44359c06de7</sln:wojIIPId><sln:wojIIPPn>PL.PZGIK.200</sln:wojIIPPn><sln:wojIIPWersja>2012-09-27T13:45:13+02:00</sln:wojIIPWersja><sln:wojIdTeryt>14</sln:wojIdTeryt><sln:wojNazwa>mazowieckie</sln:wojNazwa></sln:miejscowosc><sln:miejscowosc><sln:cyklZyciaOd>2017-03-21T00:00:00+01:00</sln:cyklZyciaOd><sln:gmIIPId>27e622bd-2be6-444d-9b26-95cd8c86dbf9</sln:gmIIPId><sln:gmIIPPn>PL.PZGIK.200</sln:gmIIPPn><sln:gmIIPWersja>2012-09-26T22:54:38+02:00</sln:gmIIPWersja><sln:gmIdTeryt>1420082</sln:gmIdTeryt><sln:gmNazwa>Nowe Miasto</sln:gmNazwa><sln:miejscIIPId>a8ee6493-cff3-4cfe-afda-be88862e88e8</sln:miejscIIPId><sln:miejscIIPPn>PL.PZGIK.200</sln:miejscIIPPn><sln:miejscIIPWersja>2017-03-21T13:40:03+02:00</sln:miejscIIPWersja><sln:miejscIdTeryt>0120796</sln:miejscIdTeryt><sln:miejscNazwa>Henrykowo</sln:miejscNazwa><sln:miejscRodzaj>Wieś</sln:miejscRodzaj><sln:powIIPId>a2311e5e-c623-430a-b858-a98931ccd0a8</sln:powIIPId><sln:powIIPPn>PL.PZGIK.200</sln:powIIPPn><sln:powIIPWersja>2012-09-27T08:13:53+02:00</sln:powIIPWersja><sln:powIdTeryt>1420</sln:powIdTeryt><sln:powNazwa>płoński</sln:powNazwa><sln:waznyOd>2014-04-17T00:00:00+02:00</sln:waznyOd><sln:wojIIPId>4b6c492a-eb04-441d-a92a-f44359c06de7</sln:wojIIPId><sln:wojIIPPn>PL.PZGIK.200</sln:wojIIPPn><sln:wojIIPWersja>2012-09-27T13:45:13+02:00</sln:wojIIPWersja><sln:wojIdTeryt>14</sln:wojIdTeryt><sln:wojNazwa>mazowieckie</sln:wojNazwa></sln:miejscowosc><sln:miejscowosc><sln:cyklZyciaOd>2017-03-21T00:00:00+01:00</sln:cyklZyciaOd><sln:gmIIPId>27e622bd-2be6-444d-9b26-95cd8c86dbf9</sln:gmIIPId><sln:gmIIPPn>PL.PZGIK.200</sln:gmIIPPn><sln:gmIIPWersja>2012-09-26T22:54:38+02:00</sln:gmIIPWersja><sln:gmIdTeryt>1420082</sln:gmIdTeryt><sln:gmNazwa>Nowe Miasto</sln:gmNazwa><sln:miejscIIPId>356b1e3c-4f2e-4111-8d1f-bc13da3851cb</sln:miejscIIPId><sln:miejscIIPPn>PL.PZGIK.200</sln:miejscIIPPn><sln:miejscIIPWersja>2017-03-21T13:40:03+02:00</sln:miejscIIPWersja><sln:miejscIdTeryt>0120804</sln:miejscIdTeryt><sln:miejscNazwa>Janopole</sln:miejscNazwa><sln:miejscRodzaj>Wieś</sln:miejscRodzaj><sln:powIIPId>a2311e5e-c623-430a-b858-a98931ccd0a8</sln:powIIPId><sln:powIIPPn>PL.PZGIK.200</sln:powIIPPn><sln:powIIPWersja>2012-09-27T08:13:53+02:00</sln:powIIPWersja><sln:powIdTeryt>1420</sln:powIdTeryt><sln:powNazwa>płoński</sln:powNazwa><sln:waznyOd>2014-04-17T00:00:00+02:00</sln:waznyOd><sln:wojIIPId>4b6c492a-eb04-441d-a92a-f44359c06de7</sln:wojIIPId><sln:wojIIPPn>PL.PZGIK.200</sln:wojIIPPn><sln:wojIIPWersja>2012-09-27T13:45:13+02:00</sln:wojIIPWersja><sln:wojIdTeryt>14</sln:wojIdTeryt><sln:wojNazwa>mazowieckie</sln:wojNazwa></sln:miejscowosc><sln:miejscowosc><sln:cyklZyciaOd>2017-03-21T00:00:00+01:00</sln:cyklZyciaOd><sln:gmIIPId>27e622bd-2be6-444d-9b26-95cd8c86dbf9</sln:gmIIPId><sln:gmIIPPn>PL.PZGIK.200</sln:gmIIPPn><sln:gmIIPWersja>2012-09-26T22:54:38+02:00</sln:gmIIPWersja><sln:gmIdTeryt>1420082</sln:gmIdTeryt><sln:gmNazwa>Nowe Miasto</sln:gmNazwa><sln:miejscIIPId>e74135ef-0cab-4d4e-add0-84ad335ac5e7</sln:miejscIIPId><sln:miejscIIPPn>PL.PZGIK.200</sln:miejscIIPPn><sln:miejscIIPWersja>2017-03-21T13:40:03+02:00</sln:miejscIIPWersja><sln:miejscIdTeryt>0120810</sln:miejscIdTeryt><sln:miejscNazwa>Jurzyn</sln:miejscNazwa><sln:miejscRodzaj>Wieś</sln:miejscRodzaj><sln:powIIPId>a2311e5e-c623-430a-b858-a98931ccd0a8</sln:powIIPId><sln:powIIPPn>PL.PZGIK.200</sln:powIIPPn><sln:powIIPWersja>2012-09-27T08:13:53+02:00</sln:powIIPWersja><sln:powIdTeryt>1420</sln:powIdTeryt><sln:powNazwa>płoński</sln:powNazwa><sln:waznyOd>2014-04-17T00:00:00+02:00</sln:waznyOd><sln:wojIIPId>4b6c492a-eb04-441d-a92a-f44359c06de7</sln:wojIIPId><sln:wojIIPPn>PL.PZGIK.200</sln:wojIIPPn><sln:wojIIPWersja>2012-09-27T13:45:13+02:00</sln:wojIIPWersja><sln:wojIdTeryt>14</sln:wojIdTeryt><sln:wojNazwa>mazowieckie</sln:wojNazwa></sln:miejscowosc><sln:miejscowosc><sln:cyklZyciaOd>2017-03-21T00:00:00+01:00</sln:cyklZyciaOd><sln:gmIIPId>27e622bd-2be6-444d-9b26-95cd8c86dbf9</sln:gmIIPId><sln:gmIIPPn>PL.PZGIK.200</sln:gmIIPPn><sln:gmIIPWersja>2012-09-26T22:54:38+02:00</sln:gmIIPWersja><sln:gmIdTeryt>1420082</sln:gmIdTeryt><sln:gmNazwa>Nowe Miasto</sln:gmNazwa><sln:miejscIIPId>a83dff8b-6c40-4c39-b3ac-2465904e6b86</sln:miejscIIPId><sln:miejscIIPPn>PL.PZGIK.200</sln:miejscIIPPn><sln:miejscIIPWersja>2017-03-21T13:40:04+02:00</sln:miejscIIPWersja><sln:miejscIdTeryt>0120827</sln:miejscIdTeryt><sln:miejscNazwa>Jurzynek</sln:miejscNazwa><sln:miejscRodzaj>Wieś</sln:miejscRodzaj><sln:powIIPId>a2311e5e-c623-430a-b858-a98931ccd0a8</sln:powIIPId><sln:powIIPPn>PL.PZGIK.200</sln:powIIPPn><sln:powIIPWersja>2012-09-27T08:13:53+02:00</sln:powIIPWersja><sln:powIdTeryt>1420</sln:powIdTeryt><sln:powNazwa>płoński</sln:powNazwa><sln:waznyOd>2014-04-17T00:00:00+02:00</sln:waznyOd><sln:wojIIPId>4b6c492a-eb04-441d-a92a-f44359c06de7</sln:wojIIPId><sln:wojIIPPn>PL.PZGIK.200</sln:wojIIPPn><sln:wojIIPWersja>2012-09-27T13:45:13+02:00</sln:wojIIPWersja><sln:wojIdTeryt>14</sln:wojIdTeryt><sln:wojNazwa>mazowieckie</sln:wojNazwa></sln:miejscowosc><sln:miejscowosc><sln:cyklZyciaOd>2017-03-21T00:00:00+01:00</sln:cyklZyciaOd><sln:gmIIPId>27e622bd-2be6-444d-9b26-95cd8c86dbf9</sln:gmIIPId><sln:gmIIPPn>PL.PZGIK.200</sln:gmIIPPn><sln:gmIIPWersja>2012-09-26T22:54:38+02:00</sln:gmIIPWersja><sln:gmIdTeryt>1420082</sln:gmIdTeryt><sln:gmNazwa>Nowe Miasto</sln:gmNazwa><sln:miejscIIPId>f5a4b7e9-b2bc-4e28-8ecc-e357899bfc5a</sln:miejscIIPId><sln:miejscIIPPn>PL.PZGIK.200</sln:miejscIIPPn><sln:miejscIIPWersja>2017-03-21T13:40:04+02:00</sln:miejscIIPWersja><sln:miejscIdTeryt>0120833</sln:miejscIdTeryt><sln:miejscNazwa>Kadłubówka</sln:miejscNazwa><sln:miejscRodzaj>Wieś</sln:miejscRodzaj><sln:powIIPId>a2311e5e-c623-430a-b858-a98931ccd0a8</sln:powIIPId><sln:powIIPPn>PL.PZGIK.200</sln:powIIPPn><sln:powIIPWersja>2012-09-27T08:13:53+02:00</sln:powIIPWersja><sln:powIdTeryt>1420</sln:powIdTeryt><sln:powNazwa>płoński</sln:powNazwa><sln:waznyOd>2014-04-17T00:00:00+02:00</sln:waznyOd><sln:wojIIPId>4b6c492a-eb04-441d-a92a-f44359c06de7</sln:wojIIPId><sln:wojIIPPn>PL.PZGIK.200</sln:wojIIPPn><sln:wojIIPWersja>2012-09-27T13:45:13+02:00</sln:wojIIPWersja><sln:wojIdTeryt>14</sln:wojIdTeryt><sln:wojNazwa>mazowieckie</sln:wojNazwa></sln:miejscowosc><sln:miejscowosc><sln:cyklZyciaOd>2017-03-21T00:00:00+01:00</sln:cyklZyciaOd><sln:gmIIPId>27e622bd-2be6-444d-9b26-95cd8c86dbf9</sln:gmIIPId><sln:gmIIPPn>PL.PZGIK.200</sln:gmIIPPn><sln:gmIIPWersja>2012-09-26T22:54:38+02:00</sln:gmIIPWersja><sln:gmIdTeryt>1420082</sln:gmIdTeryt><sln:gmNazwa>Nowe Miasto</sln:gmNazwa><sln:miejscIIPId>8466acbd-50a0-44ba-9252-fca526d5a6b6</sln:miejscIIPId><sln:miejscIIPPn>PL.PZGIK.200</sln:miejscIIPPn><sln:miejscIIPWersja>2017-03-21T13:40:04+02:00</sln:miejscIIPWersja><sln:miejscIdTeryt>0120840</sln:miejscIdTeryt><sln:miejscNazwa>Karolinowo</sln:miejscNazwa><sln:miejscRodzaj>Wieś</sln:miejscRodzaj><sln:powIIPId>a2311e5e-c623-430a-b858-a98931ccd0a8</sln:powIIPId><sln:powIIPPn>PL.PZGIK.200</sln:powIIPPn><sln:powIIPWersja>2012-09-27T08:13:53+02:00</sln:powIIPWersja><sln:powIdTeryt>1420</sln:powIdTeryt><sln:powNazwa>płoński</sln:powNazwa><sln:waznyOd>2014-04-17T00:00:00+02:00</sln:waznyOd><sln:wojIIPId>4b6c492a-eb04-441d-a92a-f44359c06de7</sln:wojIIPId><sln:wojIIPPn>PL.PZGIK.200</sln:wojIIPPn><sln:wojIIPWersja>2012-09-27T13:45:13+02:00</sln:wojIIPWersja><sln:wojIdTeryt>14</sln:wojIdTeryt><sln:wojNazwa>mazowieckie</sln:wojNazwa></sln:miejscowosc><sln:miejscowosc><sln:cyklZyciaOd>2017-03-21T00:00:00+01:00</sln:cyklZyciaOd><sln:gmIIPId>27e622bd-2be6-444d-9b26-95cd8c86dbf9</sln:gmIIPId><sln:gmIIPPn>PL.PZGIK.200</sln:gmIIPPn><sln:gmIIPWersja>2012-09-26T22:54:38+02:00</sln:gmIIPWersja><sln:gmIdTeryt>1420082</sln:gmIdTeryt><sln:gmNazwa>Nowe Miasto</sln:gmNazwa><sln:miejscIIPId>bc077a38-4fa9-440a-8b86-0e885a0c667c</sln:miejscIIPId><sln:miejscIIPPn>PL.PZGIK.200</sln:miejscIIPPn><sln:miejscIIPWersja>2017-03-21T13:40:04+02:00</sln:miejscIIPWersja><sln:miejscIdTeryt>0120856</sln:miejscIdTeryt><sln:miejscNazwa>Kubice</sln:miejscNazwa><sln:miejscRodzaj>Wieś</sln:miejscRodzaj><sln:powIIPId>a2311e5e-c623-430a-b858-a98931ccd0a8</sln:powIIPId><sln:powIIPPn>PL.PZGIK.200</sln:powIIPPn><sln:powIIPWersja>2012-09-27T08:13:53+02:00</sln:powIIPWersja><sln:powIdTeryt>1420</sln:powIdTeryt><sln:powNazwa>płoński</sln:powNazwa><sln:waznyOd>2014-04-17T00:00:00+02:00</sln:waznyOd><sln:wojIIPId>4b6c492a-eb04-441d-a92a-f44359c06de7</sln:wojIIPId><sln:wojIIPPn>PL.PZGIK.200</sln:wojIIPPn><sln:wojIIPWersja>2012-09-27T13:45:13+02:00</sln:wojIIPWersja><sln:wojIdTeryt>14</sln:wojIdTeryt><sln:wojNazwa>mazowieckie</sln:wojNazwa></sln:miejscowosc><sln:miejscowosc><sln:cyklZyciaOd>2017-03-21T00:00:00+01:00</sln:cyklZyciaOd><sln:gmIIPId>27e622bd-2be6-444d-9b26-95cd8c86dbf9</sln:gmIIPId><sln:gmIIPPn>PL.PZGIK.200</sln:gmIIPPn><sln:gmIIPWersja>2012-09-26T22:54:38+02:00</sln:gmIIPWersja><sln:gmIdTeryt>1420082</sln:gmIdTeryt><sln:gmNazwa>Nowe Miasto</sln:gmNazwa><sln:miejscIIPId>50de7064-efc7-448b-a2e0-1fd8ecd2f304</sln:miejscIIPId><sln:miejscIIPPn>PL.PZGIK.200</sln:miejscIIPPn><sln:miejscIIPWersja>2017-03-21T13:40:04+02:00</sln:miejscIIPWersja><sln:miejscIdTeryt>0120862</sln:miejscIdTeryt><sln:miejscNazwa>Latonice</sln:miejscNazwa><sln:miejscRodzaj>Wieś</sln:miejscRodzaj><sln:powIIPId>a2311e5e-c623-430a-b858-a98931ccd0a8</sln:powIIPId><sln:powIIPPn>PL.PZGIK.200</sln:powIIPPn><sln:powIIPWersja>2012-09-27T08:13:53+02:00</sln:powIIPWersja><sln:powIdTeryt>1420</sln:powIdTeryt><sln:powNazwa>płoński</sln:powNazwa><sln:waznyOd>2014-04-17T00:00:00+02:00</sln:waznyOd><sln:wojIIPId>4b6c492a-eb04-441d-a92a-f44359c06de7</sln:wojIIPId><sln:wojIIPPn>PL.PZGIK.200</sln:wojIIPPn><sln:wojIIPWersja>2012-09-27T13:45:13+02:00</sln:wojIIPWersja><sln:wojIdTeryt>14</sln:wojIdTeryt><sln:wojNazwa>mazowieckie</sln:wojNazwa></sln:miejscowosc><sln:miejscowosc><sln:cyklZyciaOd>2017-03-21T00:00:00+01:00</sln:cyklZyciaOd><sln:gmIIPId>27e622bd-2be6-444d-9b26-95cd8c86dbf9</sln:gmIIPId><sln:gmIIPPn>PL.PZGIK.200</sln:gmIIPPn><sln:gmIIPWersja>2012-09-26T22:54:38+02:00</sln:gmIIPWersja><sln:gmIdTeryt>1420082</sln:gmIdTeryt><sln:gmNazwa>Nowe Miasto</sln:gmNazwa><sln:miejscIIPId>aaca3d1d-b27e-4c40-abe1-aa7f63575b5b</sln:miejscIIPId><sln:miejscIIPPn>PL.PZGIK.200</sln:miejscIIPPn><sln:miejscIIPWersja>2017-03-21T13:40:04+02:00</sln:miejscIIPWersja><sln:miejscIdTeryt>0120879</sln:miejscIdTeryt><sln:miejscNazwa>Miszewo B</sln:miejscNazwa><sln:miejscRodzaj>Wieś</sln:miejscRodzaj><sln:powIIPId>a2311e5e-c623-430a-b858-a98931ccd0a8</sln:powIIPId><sln:powIIPPn>PL.PZGIK.200</sln:powIIPPn><sln:powIIPWersja>2012-09-27T08:13:53+02:00</sln:powIIPWersja><sln:powIdTeryt>1420</sln:powIdTeryt><sln:powNazwa>płoński</sln:powNazwa><sln:waznyOd>2014-04-17T00:00:00+02:00</sln:waznyOd><sln:wojIIPId>4b6c492a-eb04-441d-a92a-f44359c06de7</sln:wojIIPId><sln:wojIIPPn>PL.PZGIK.200</sln:wojIIPPn><sln:wojIIPWersja>2012-09-27T13:45:13+02:00</sln:wojIIPWersja><sln:wojIdTeryt>14</sln:wojIdTeryt><sln:wojNazwa>mazowieckie</sln:wojNazwa></sln:miejscowosc><sln:miejscowosc><sln:cyklZyciaOd>2017-03-21T00:00:00+01:00</sln:cyklZyciaOd><sln:gmIIPId>27e622bd-2be6-444d-9b26-95cd8c86dbf9</sln:gmIIPId><sln:gmIIPPn>PL.PZGIK.200</sln:gmIIPPn><sln:gmIIPWersja>2012-09-26T22:54:38+02:00</sln:gmIIPWersja><sln:gmIdTeryt>1420082</sln:gmIdTeryt><sln:gmNazwa>Nowe Miasto</sln:gmNazwa><sln:miejscIIPId>f3bbc9a5-125b-456c-8e31-9049672f7018</sln:miejscIIPId><sln:miejscIIPPn>PL.PZGIK.200</sln:miejscIIPPn><sln:miejscIIPWersja>2017-03-21T13:40:04+02:00</sln:miejscIIPWersja><sln:miejscIdTeryt>0120885</sln:miejscIdTeryt><sln:miejscNazwa>Miszewo Wielkie</sln:miejscNazwa><sln:miejscRodzaj>Wieś</sln:miejscRodzaj><sln:powIIPId>a2311e5e-c623-430a-b858-a98931ccd0a8</sln:powIIPId><sln:powIIPPn>PL.PZGIK.200</sln:powIIPPn><sln:powIIPWersja>2012-09-27T08:13:53+02:00</sln:powIIPWersja><sln:powIdTeryt>1420</sln:powIdTeryt><sln:powNazwa>płoński</sln:powNazwa><sln:waznyOd>2014-04-17T00:00:00+02:00</sln:waznyOd><sln:wojIIPId>4b6c492a-eb04-441d-a92a-f44359c06de7</sln:wojIIPId><sln:wojIIPPn>PL.PZGIK.200</sln:wojIIPPn><sln:wojIIPWersja>2012-09-27T13:45:13+02:00</sln:wojIIPWersja><sln:wojIdTeryt>14</sln:wojIdTeryt><sln:wojNazwa>mazowieckie</sln:wojNazwa></sln:miejscowosc><sln:miejscowosc><sln:cyklZyciaOd>2017-03-21T00:00:00+01:00</sln:cyklZyciaOd><sln:gmIIPId>27e622bd-2be6-444d-9b26-95cd8c86dbf9</sln:gmIIPId><sln:gmIIPPn>PL.PZGIK.200</sln:gmIIPPn><sln:gmIIPWersja>2012-09-26T22:54:38+02:00</sln:gmIIPWersja><sln:gmIdTeryt>1420082</sln:gmIdTeryt><sln:gmNazwa>Nowe Miasto</sln:gmNazwa><sln:miejscIIPId>4e706d0d-456c-4035-a029-004cfae2e6d2</sln:miejscIIPId><sln:miejscIIPPn>PL.PZGIK.200</sln:miejscIIPPn><sln:miejscIIPWersja>2017-03-21T13:40:04+02:00</sln:miejscIIPWersja><sln:miejscIdTeryt>0120891</sln:miejscIdTeryt><sln:miejscNazwa>Modzele-Bartłomieje</sln:miejscNazwa><sln:miejscRodzaj>Kolonia</sln:miejscRodzaj><sln:powIIPId>a2311e5e-c623-430a-b858-a98931ccd0a8</sln:powIIPId><sln:powIIPPn>PL.PZGIK.200</sln:powIIPPn><sln:powIIPWersja>2012-09-27T08:13:53+02:00</sln:powIIPWersja><sln:powIdTeryt>1420</sln:powIdTeryt><sln:powNazwa>płoński</sln:powNazwa><sln:waznyOd>2014-04-17T00:00:00+02:00</sln:waznyOd><sln:wojIIPId>4b6c492a-eb04-441d-a92a-f44359c06de7</sln:wojIIPId><sln:wojIIPPn>PL.PZGIK.200</sln:wojIIPPn><sln:wojIIPWersja>2012-09-27T13:45:13+02:00</sln:wojIIPWersja><sln:wojIdTeryt>14</sln:wojIdTeryt><sln:wojNazwa>mazowieckie</sln:wojNazwa></sln:miejscowosc><sln:miejscowosc><sln:cyklZyciaOd>2017-03-21T00:00:00+01:00</sln:cyklZyciaOd><sln:gmIIPId>27e622bd-2be6-444d-9b26-95cd8c86dbf9</sln:gmIIPId><sln:gmIIPPn>PL.PZGIK.200</sln:gmIIPPn><sln:gmIIPWersja>2012-09-26T22:54:38+02:00</sln:gmIIPWersja><sln:gmIdTeryt>1420082</sln:gmIdTeryt><sln:gmNazwa>Nowe Miasto</sln:gmNazwa><sln:miejscIIPId>8532a232-d5c9-4fac-b908-e75918345ff2</sln:miejscIIPId><sln:miejscIIPPn>PL.PZGIK.200</sln:miejscIIPPn><sln:miejscIIPWersja>2017-03-21T13:40:04+02:00</sln:miejscIIPWersja><sln:miejscIdTeryt>0120900</sln:miejscIdTeryt><sln:miejscNazwa>Nowe Miasto</sln:miejscNazwa><sln:miejscRodzaj>Wieś</sln:miejscRodzaj><sln:powIIPId>a2311e5e-c623-430a-b858-a98931ccd0a8</sln:powIIPId><sln:powIIPPn>PL.PZGIK.200</sln:powIIPPn><sln:powIIPWersja>2012-09-27T08:13:53+02:00</sln:powIIPWersja><sln:powIdTeryt>1420</sln:powIdTeryt><sln:powNazwa>płoński</sln:powNazwa><sln:waznyOd>2014-04-17T00:00:00+02:00</sln:waznyOd><sln:wojIIPId>4b6c492a-eb04-441d-a92a-f44359c06de7</sln:wojIIPId><sln:wojIIPPn>PL.PZGIK.200</sln:wojIIPPn><sln:wojIIPWersja>2012-09-27T13:45:13+02:00</sln:wojIIPWersja><sln:wojIdTeryt>14</sln:wojIdTeryt><sln:wojNazwa>mazowieckie</sln:wojNazwa></sln:miejscowosc><sln:miejscowosc><sln:cyklZyciaOd>2017-03-21T00:00:00+01:00</sln:cyklZyciaOd><sln:gmIIPId>27e622bd-2be6-444d-9b26-95cd8c86dbf9</sln:gmIIPId><sln:gmIIPPn>PL.PZGIK.200</sln:gmIIPPn><sln:gmIIPWersja>2012-09-26T22:54:38+02:00</sln:gmIIPWersja><sln:gmIdTeryt>1420082</sln:gmIdTeryt><sln:gmNazwa>Nowe Miasto</sln:gmNazwa><sln:miejscIIPId>2ea0fd1d-744c-49a2-9c98-6caff732a4f3</sln:miejscIIPId><sln:miejscIIPPn>PL.PZGIK.200</sln:miejscIIPPn><sln:miejscIIPWersja>2017-03-21T13:40:04+02:00</sln:miejscIIPWersja><sln:miejscIdTeryt>0120916</sln:miejscIdTeryt><sln:miejscNazwa>Nowe Miasto-Folwark</sln:miejscNazwa><sln:miejscRodzaj>Wieś</sln:miejscRodzaj><sln:powIIPId>a2311e5e-c623-430a-b858-a98931ccd0a8</sln:powIIPId><sln:powIIPPn>PL.PZGIK.200</sln:powIIPPn><sln:powIIPWersja>2012-09-27T08:13:53+02:00</sln:powIIPWersja><sln:powIdTeryt>1420</sln:powIdTeryt><sln:powNazwa>płoński</sln:powNazwa><sln:waznyOd>2014-04-17T00:00:00+02:00</sln:waznyOd><sln:wojIIPId>4b6c492a-eb04-441d-a92a-f44359c06de7</sln:wojIIPId><sln:wojIIPPn>PL.PZGIK.200</sln:wojIIPPn><sln:wojIIPWersja>2012-09-27T13:45:13+02:00</sln:wojIIPWersja><sln:wojIdTeryt>14</sln:wojIdTeryt><sln:wojNazwa>mazowieckie</sln:wojNazwa></sln:miejscowosc><sln:miejscowosc><sln:cyklZyciaOd>2017-03-21T00:00:00+01:00</sln:cyklZyciaOd><sln:gmIIPId>27e622bd-2be6-444d-9b26-95cd8c86dbf9</sln:gmIIPId><sln:gmIIPPn>PL.PZGIK.200</sln:gmIIPPn><sln:gmIIPWersja>2012-09-26T22:54:38+02:00</sln:gmIIPWersja><sln:gmIdTeryt>1420082</sln:gmIdTeryt><sln:gmNazwa>Nowe Miasto</sln:gmNazwa><sln:miejscIIPId>53414e6e-e110-4fcc-a754-86f02caf3050</sln:miejscIIPId><sln:miejscIIPPn>PL.PZGIK.200</sln:miejscIIPPn><sln:miejscIIPWersja>2017-03-21T13:40:04+02:00</sln:miejscIIPWersja><sln:miejscIdTeryt>0120922</sln:miejscIdTeryt><sln:miejscNazwa>Nowosiółki</sln:miejscNazwa><sln:miejscRodzaj>Wieś</sln:miejscRodzaj><sln:powIIPId>a2311e5e-c623-430a-b858-a98931ccd0a8</sln:powIIPId><sln:powIIPPn>PL.PZGIK.200</sln:powIIPPn><sln:powIIPWersja>2012-09-27T08:13:53+02:00</sln:powIIPWersja><sln:powIdTeryt>1420</sln:powIdTeryt><sln:powNazwa>płoński</sln:powNazwa><sln:waznyOd>2014-04-17T00:00:00+02:00</sln:waznyOd><sln:wojIIPId>4b6c492a-eb04-441d-a92a-f44359c06de7</sln:wojIIPId><sln:wojIIPPn>PL.PZGIK.200</sln:wojIIPPn><sln:wojIIPWersja>2012-09-27T13:45:13+02:00</sln:wojIIPWersja><sln:wojIdTeryt>14</sln:wojIdTeryt><sln:wojNazwa>mazowieckie</sln:wojNazwa></sln:miejscowosc><sln:miejscowosc><sln:cyklZyciaOd>2017-03-21T00:00:00+01:00</sln:cyklZyciaOd><sln:gmIIPId>27e622bd-2be6-444d-9b26-95cd8c86dbf9</sln:gmIIPId><sln:gmIIPPn>PL.PZGIK.200</sln:gmIIPPn><sln:gmIIPWersja>2012-09-26T22:54:38+02:00</sln:gmIIPWersja><sln:gmIdTeryt>1420082</sln:gmIdTeryt><sln:gmNazwa>Nowe Miasto</sln:gmNazwa><sln:miejscIIPId>7c9b8556-2d88-4351-ac43-cf0e2679ec82</sln:miejscIIPId><sln:miejscIIPPn>PL.PZGIK.200</sln:miejscIIPPn><sln:miejscIIPWersja>2017-03-21T13:40:04+02:00</sln:miejscIIPWersja><sln:miejscIdTeryt>0120939</sln:miejscIdTeryt><sln:miejscNazwa>Popielżyn Dolny</sln:miejscNazwa><sln:miejscRodzaj>Wieś</sln:miejscRodzaj><sln:powIIPId>a2311e5e-c623-430a-b858-a98931ccd0a8</sln:powIIPId><sln:powIIPPn>PL.PZGIK.200</sln:powIIPPn><sln:powIIPWersja>2012-09-27T08:13:53+02:00</sln:powIIPWersja><sln:powIdTeryt>1420</sln:powIdTeryt><sln:powNazwa>płoński</sln:powNazwa><sln:waznyOd>2014-04-17T00:00:00+02:00</sln:waznyOd><sln:wojIIPId>4b6c492a-eb04-441d-a92a-f44359c06de7</sln:wojIIPId><sln:wojIIPPn>PL.PZGIK.200</sln:wojIIPPn><sln:wojIIPWersja>2012-09-27T13:45:13+02:00</sln:wojIIPWersja><sln:wojIdTeryt>14</sln:wojIdTeryt><sln:wojNazwa>mazowieckie</sln:wojNazwa></sln:miejscowosc><sln:miejscowosc><sln:cyklZyciaOd>2017-03-21T00:00:00+01:00</sln:cyklZyciaOd><sln:gmIIPId>27e622bd-2be6-444d-9b26-95cd8c86dbf9</sln:gmIIPId><sln:gmIIPPn>PL.PZGIK.200</sln:gmIIPPn><sln:gmIIPWersja>2012-09-26T22:54:38+02:00</sln:gmIIPWersja><sln:gmIdTeryt>1420082</sln:gmIdTeryt><sln:gmNazwa>Nowe Miasto</sln:gmNazwa><sln:miejscIIPId>904a31bf-10a9-4103-b328-27d38b26f0b7</sln:miejscIIPId><sln:miejscIIPPn>PL.PZGIK.200</sln:miejscIIPPn><sln:miejscIIPWersja>2017-03-21T13:40:05+02:00</sln:miejscIIPWersja><sln:miejscIdTeryt>0120945</sln:miejscIdTeryt><sln:miejscNazwa>Przepitki</sln:miejscNazwa><sln:miejscRodzaj>Wieś</sln:miejscRodzaj><sln:powIIPId>a2311e5e-c623-430a-b858-a98931ccd0a8</sln:powIIPId><sln:powIIPPn>PL.PZGIK.200</sln:powIIPPn><sln:powIIPWersja>2012-09-27T08:13:53+02:00</sln:powIIPWersja><sln:powIdTeryt>1420</sln:powIdTeryt><sln:powNazwa>płoński</sln:powNazwa><sln:waznyOd>2014-04-17T00:00:00+02:00</sln:waznyOd><sln:wojIIPId>4b6c492a-eb04-441d-a92a-f44359c06de7</sln:wojIIPId><sln:wojIIPPn>PL.PZGIK.200</sln:wojIIPPn><sln:wojIIPWersja>2012-09-27T13:45:13+02:00</sln:wojIIPWersja><sln:wojIdTeryt>14</sln:wojIdTeryt><sln:wojNazwa>mazowieckie</sln:wojNazwa></sln:miejscowosc><sln:miejscowosc><sln:cyklZyciaOd>2017-03-21T00:00:00+01:00</sln:cyklZyciaOd><sln:gmIIPId>27e622bd-2be6-444d-9b26-95cd8c86dbf9</sln:gmIIPId><sln:gmIIPPn>PL.PZGIK.200</sln:gmIIPPn><sln:gmIIPWersja>2012-09-26T22:54:38+02:00</sln:gmIIPWersja><sln:gmIdTeryt>1420082</sln:gmIdTeryt><sln:gmNazwa>Nowe Miasto</sln:gmNazwa><sln:miejscIIPId>efeeec4d-f2da-4709-8c47-effbf1ea37e5</sln:miejscIIPId><sln:miejscIIPPn>PL.PZGIK.200</sln:miejscIIPPn><sln:miejscIIPWersja>2017-03-21T13:40:05+02:00</sln:miejscIIPWersja><sln:miejscIdTeryt>0120951</sln:miejscIdTeryt><sln:miejscNazwa>Rostki</sln:miejscNazwa><sln:miejscRodzaj>Wieś</sln:miejscRodzaj><sln:powIIPId>a2311e5e-c623-430a-b858-a98931ccd0a8</sln:powIIPId><sln:powIIPPn>PL.PZGIK.200</sln:powIIPPn><sln:powIIPWersja>2012-09-27T08:13:53+02:00</sln:powIIPWersja><sln:powIdTeryt>1420</sln:powIdTeryt><sln:powNazwa>płoński</sln:powNazwa><sln:waznyOd>2014-04-17T00:00:00+02:00</sln:waznyOd><sln:wojIIPId>4b6c492a-eb04-441d-a92a-f44359c06de7</sln:wojIIPId><sln:wojIIPPn>PL.PZGIK.200</sln:wojIIPPn><sln:wojIIPWersja>2012-09-27T13:45:13+02:00</sln:wojIIPWersja><sln:wojIdTeryt>14</sln:wojIdTeryt><sln:wojNazwa>mazowieckie</sln:wojNazwa></sln:miejscowosc><sln:miejscowosc><sln:cyklZyciaOd>2017-03-21T00:00:00+01:00</sln:cyklZyciaOd><sln:gmIIPId>27e622bd-2be6-444d-9b26-95cd8c86dbf9</sln:gmIIPId><sln:gmIIPPn>PL.PZGIK.200</sln:gmIIPPn><sln:gmIIPWersja>2012-09-26T22:54:38+02:00</sln:gmIIPWersja><sln:gmIdTeryt>1420082</sln:gmIdTeryt><sln:gmNazwa>Nowe Miasto</sln:gmNazwa><sln:miejscIIPId>1d3fcdea-4368-4311-ad16-a48ecd09e43c</sln:miejscIIPId><sln:miejscIIPPn>PL.PZGIK.200</sln:miejscIIPPn><sln:miejscIIPWersja>2017-03-21T13:40:05+02:00</sln:miejscIIPWersja><sln:miejscIdTeryt>0120968</sln:miejscIdTeryt><sln:miejscNazwa>Salomonka</sln:miejscNazwa><sln:miejscRodzaj>Wieś</sln:miejscRodzaj><sln:powIIPId>a2311e5e-c623-430a-b858-a98931ccd0a8</sln:powIIPId><sln:powIIPPn>PL.PZGIK.200</sln:powIIPPn><sln:powIIPWersja>2012-09-27T08:13:53+02:00</sln:powIIPWersja><sln:powIdTeryt>1420</sln:powIdTeryt><sln:powNazwa>płoński</sln:powNazwa><sln:waznyOd>2014-04-17T00:00:00+02:00</sln:waznyOd><sln:wojIIPId>4b6c492a-eb04-441d-a92a-f44359c06de7</sln:wojIIPId><sln:wojIIPPn>PL.PZGIK.200</sln:wojIIPPn><sln:wojIIPWersja>2012-09-27T13:45:13+02:00</sln:wojIIPWersja><sln:wojIdTeryt>14</sln:wojIdTeryt><sln:wojNazwa>mazowieckie</sln:wojNazwa></sln:miejscowosc><sln:miejscowosc><sln:cyklZyciaDo>2017-09-18T00:00:00+02:00</sln:cyklZyciaDo><sln:cyklZyciaOd>2017-03-21T00:00:00+01:00</sln:cyklZyciaOd><sln:gmIIPId>27e622bd-2be6-444d-9b26-95cd8c86dbf9</sln:gmIIPId><sln:gmIIPPn>PL.PZGIK.200</sln:gmIIPPn><sln:gmIIPWersja>2012-09-26T22:54:38+02:00</sln:gmIIPWersja><sln:gmIdTeryt>1420082</sln:gmIdTeryt><sln:gmNazwa>Nowe Miasto</sln:gmNazwa><sln:miejscIIPId>30fede90-09a0-4cca-a657-f28133532fd3</sln:miejscIIPId><sln:miejscIIPPn>PL.PZGIK.200</sln:miejscIIPPn><sln:miejscIIPWersja>2017-03-21T13:40:05+02:00</sln:miejscIIPWersja><sln:miejscIdTeryt>0120974</sln:miejscIdTeryt><sln:miejscNazwa>Zawady Stare</sln:miejscNazwa><sln:miejscRodzaj>Wieś</sln:miejscRodzaj><sln:powIIPId>a2311e5e-c623-430a-b858-a98931ccd0a8</sln:powIIPId><sln:powIIPPn>PL.PZGIK.200</sln:powIIPPn><sln:powIIPWersja>2012-09-27T08:13:53+02:00</sln:powIIPWersja><sln:powIdTeryt>1420</sln:powIdTeryt><sln:powNazwa>płoński</sln:powNazwa><sln:waznyOd>2014-04-17T00:00:00+02:00</sln:waznyOd><sln:wojIIPId>4b6c492a-eb04-441d-a92a-f44359c06de7</sln:wojIIPId><sln:wojIIPPn>PL.PZGIK.200</sln:wojIIPPn><sln:wojIIPWersja>2012-09-27T13:45:13+02:00</sln:wojIIPWersja><sln:wojIdTeryt>14</sln:wojIdTeryt><sln:wojNazwa>mazowieckie</sln:wojNazwa></sln:miejscowosc><sln:miejscowosc><sln:cyklZyciaOd>2017-03-21T00:00:00+01:00</sln:cyklZyciaOd><sln:gmIIPId>27e622bd-2be6-444d-9b26-95cd8c86dbf9</sln:gmIIPId><sln:gmIIPPn>PL.PZGIK.200</sln:gmIIPPn><sln:gmIIPWersja>2012-09-26T22:54:38+02:00</sln:gmIIPWersja><sln:gmIdTeryt>1420082</sln:gmIdTeryt><sln:gmNazwa>Nowe Miasto</sln:gmNazwa><sln:miejscIIPId>addc4dd7-78a6-4fa5-bd95-74a39cb2cdc1</sln:miejscIIPId><sln:miejscIIPPn>PL.PZGIK.200</sln:miejscIIPPn><sln:miejscIIPWersja>2017-03-21T13:40:05+02:00</sln:miejscIIPWersja><sln:miejscIdTeryt>0120980</sln:miejscIdTeryt><sln:miejscNazwa>Szczawin</sln:miejscNazwa><sln:miejscRodzaj>Wieś</sln:miejscRodzaj><sln:powIIPId>a2311e5e-c623-430a-b858-a98931ccd0a8</sln:powIIPId><sln:powIIPPn>PL.PZGIK.200</sln:powIIPPn><sln:powIIPWersja>2012-09-27T08:13:53+02:00</sln:powIIPWersja><sln:powIdTeryt>1420</sln:powIdTeryt><sln:powNazwa>płoński</sln:powNazwa><sln:waznyOd>2014-04-17T00:00:00+02:00</sln:waznyOd><sln:wojIIPId>4b6c492a-eb04-441d-a92a-f44359c06de7</sln:wojIIPId><sln:wojIIPPn>PL.PZGIK.200</sln:wojIIPPn><sln:wojIIPWersja>2012-09-27T13:45:13+02:00</sln:wojIIPWersja><sln:wojIdTeryt>14</sln:wojIdTeryt><sln:wojNazwa>mazowieckie</sln:wojNazwa></sln:miejscowosc><sln:miejscowosc><sln:cyklZyciaOd>2017-03-21T00:00:00+01:00</sln:cyklZyciaOd><sln:gmIIPId>27e622bd-2be6-444d-9b26-95cd8c86dbf9</sln:gmIIPId><sln:gmIIPPn>PL.PZGIK.200</sln:gmIIPPn><sln:gmIIPWersja>2012-09-26T22:54:38+02:00</sln:gmIIPWersja><sln:gmIdTeryt>1420082</sln:gmIdTeryt><sln:gmNazwa>Nowe Miasto</sln:gmNazwa><sln:miejscIIPId>1bd9d85c-aeb0-422e-bc87-b01412775366</sln:miejscIIPId><sln:miejscIIPPn>PL.PZGIK.200</sln:miejscIIPPn><sln:miejscIIPWersja>2017-03-21T13:40:05+02:00</sln:miejscIIPWersja><sln:miejscIdTeryt>0120997</sln:miejscIdTeryt><sln:miejscNazwa>Tomaszewo</sln:miejscNazwa><sln:miejscRodzaj>Wieś</sln:miejscRodzaj><sln:powIIPId>a2311e5e-c623-430a-b858-a98931ccd0a8</sln:powIIPId><sln:powIIPPn>PL.PZGIK.200</sln:powIIPPn><sln:powIIPWersja>2012-09-27T08:13:53+02:00</sln:powIIPWersja><sln:powIdTeryt>1420</sln:powIdTeryt><sln:powNazwa>płoński</sln:powNazwa><sln:waznyOd>2014-04-17T00:00:00+02:00</sln:waznyOd><sln:wojIIPId>4b6c492a-eb04-441d-a92a-f44359c06de7</sln:wojIIPId><sln:wojIIPPn>PL.PZGIK.200</sln:wojIIPPn><sln:wojIIPWersja>2012-09-27T13:45:13+02:00</sln:wojIIPWersja><sln:wojIdTeryt>14</sln:wojIdTeryt><sln:wojNazwa>mazowieckie</sln:wojNazwa></sln:miejscowosc><sln:miejscowosc><sln:cyklZyciaOd>2017-03-21T00:00:00+01:00</sln:cyklZyciaOd><sln:gmIIPId>27e622bd-2be6-444d-9b26-95cd8c86dbf9</sln:gmIIPId><sln:gmIIPPn>PL.PZGIK.200</sln:gmIIPPn><sln:gmIIPWersja>2012-09-26T22:54:38+02:00</sln:gmIIPWersja><sln:gmIdTeryt>1420082</sln:gmIdTeryt><sln:gmNazwa>Nowe Miasto</sln:gmNazwa><sln:miejscIIPId>f508c9fa-dd3c-44af-81ee-d79c2f05177e</sln:miejscIIPId><sln:miejscIIPPn>PL.PZGIK.200</sln:miejscIIPPn><sln:miejscIIPWersja>2017-03-21T13:40:05+02:00</sln:miejscIIPWersja><sln:miejscIdTeryt>0121005</sln:miejscIdTeryt><sln:miejscNazwa>Władysławowo</sln:miejscNazwa><sln:miejscRodzaj>Wieś</sln:miejscRodzaj><sln:powIIPId>a2311e5e-c623-430a-b858-a98931ccd0a8</sln:powIIPId><sln:powIIPPn>PL.PZGIK.200</sln:powIIPPn><sln:powIIPWersja>2012-09-27T08:13:53+02:00</sln:powIIPWersja><sln:powIdTeryt>1420</sln:powIdTeryt><sln:powNazwa>płoński</sln:powNazwa><sln:waznyOd>2014-04-17T00:00:00+02:00</sln:waznyOd><sln:wojIIPId>4b6c492a-eb04-441d-a92a-f44359c06de7</sln:wojIIPId><sln:wojIIPPn>PL.PZGIK.200</sln:wojIIPPn><sln:wojIIPWersja>2012-09-27T13:45:13+02:00</sln:wojIIPWersja><sln:wojIdTeryt>14</sln:wojIdTeryt><sln:wojNazwa>mazowieckie</sln:wojNazwa></sln:miejscowosc><sln:miejscowosc><sln:cyklZyciaOd>2017-03-21T00:00:00+01:00</sln:cyklZyciaOd><sln:gmIIPId>27e622bd-2be6-444d-9b26-95cd8c86dbf9</sln:gmIIPId><sln:gmIIPPn>PL.PZGIK.200</sln:gmIIPPn><sln:gmIIPWersja>2012-09-26T22:54:38+02:00</sln:gmIIPWersja><sln:gmIdTeryt>1420082</sln:gmIdTeryt><sln:gmNazwa>Nowe Miasto</sln:gmNazwa><sln:miejscIIPId>e91a3640-41c5-4777-9ce1-993e5aa29150</sln:miejscIIPId><sln:miejscIIPPn>PL.PZGIK.200</sln:miejscIIPPn><sln:miejscIIPWersja>2017-03-21T13:40:05+02:00</sln:miejscIIPWersja><sln:miejscIdTeryt>0121011</sln:miejscIdTeryt><sln:miejscNazwa>Wólka Szczawińska</sln:miejscNazwa><sln:miejscRodzaj>Wieś</sln:miejscRodzaj><sln:powIIPId>a2311e5e-c623-430a-b858-a98931ccd0a8</sln:powIIPId><sln:powIIPPn>PL.PZGIK.200</sln:powIIPPn><sln:powIIPWersja>2012-09-27T08:13:53+02:00</sln:powIIPWersja><sln:powIdTeryt>1420</sln:powIdTeryt><sln:powNazwa>płoński</sln:powNazwa><sln:waznyOd>2014-04-17T00:00:00+02:00</sln:waznyOd><sln:wojIIPId>4b6c492a-eb04-441d-a92a-f44359c06de7</sln:wojIIPId><sln:wojIIPPn>PL.PZGIK.200</sln:wojIIPPn><sln:wojIIPWersja>2012-09-27T13:45:13+02:00</sln:wojIIPWersja><sln:wojIdTeryt>14</sln:wojIdTeryt><sln:wojNazwa>mazowieckie</sln:wojNazwa></sln:miejscowosc><sln:miejscowosc><sln:cyklZyciaOd>2017-03-21T00:00:00+01:00</sln:cyklZyciaOd><sln:gmIIPId>27e622bd-2be6-444d-9b26-95cd8c86dbf9</sln:gmIIPId><sln:gmIIPPn>PL.PZGIK.200</sln:gmIIPPn><sln:gmIIPWersja>2012-09-26T22:54:38+02:00</sln:gmIIPWersja><sln:gmIdTeryt>1420082</sln:gmIdTeryt><sln:gmNazwa>Nowe Miasto</sln:gmNazwa><sln:miejscIIPId>403814f7-c9e5-4c1a-a502-f31aa68bb8b4</sln:miejscIIPId><sln:miejscIIPPn>PL.PZGIK.200</sln:miejscIIPPn><sln:miejscIIPWersja>2017-03-21T13:40:05+02:00</sln:miejscIIPWersja><sln:miejscIdTeryt>0121028</sln:miejscIdTeryt><sln:miejscNazwa>Zakobiel</sln:miejscNazwa><sln:miejscRodzaj>Wieś</sln:miejscRodzaj><sln:powIIPId>a2311e5e-c623-430a-b858-a98931ccd0a8</sln:powIIPId><sln:powIIPPn>PL.PZGIK.200</sln:powIIPPn><sln:powIIPWersja>2012-09-27T08:13:53+02:00</sln:powIIPWersja><sln:powIdTeryt>1420</sln:powIdTeryt><sln:powNazwa>płoński</sln:powNazwa><sln:waznyOd>2014-04-17T00:00:00+02:00</sln:waznyOd><sln:wojIIPId>4b6c492a-eb04-441d-a92a-f44359c06de7</sln:wojIIPId><sln:wojIIPPn>PL.PZGIK.200</sln:wojIIPPn><sln:wojIIPWersja>2012-09-27T13:45:13+02:00</sln:wojIIPWersja><sln:wojIdTeryt>14</sln:wojIdTeryt><sln:wojNazwa>mazowieckie</sln:wojNazwa></sln:miejscowosc><sln:miejscowosc><sln:cyklZyciaOd>2017-03-21T00:00:00+01:00</sln:cyklZyciaOd><sln:gmIIPId>27e622bd-2be6-444d-9b26-95cd8c86dbf9</sln:gmIIPId><sln:gmIIPPn>PL.PZGIK.200</sln:gmIIPPn><sln:gmIIPWersja>2012-09-26T22:54:38+02:00</sln:gmIIPWersja><sln:gmIdTeryt>1420082</sln:gmIdTeryt><sln:gmNazwa>Nowe Miasto</sln:gmNazwa><sln:miejscIIPId>ed596b6d-b198-4bec-87be-a3b923b04b53</sln:miejscIIPId><sln:miejscIIPPn>PL.PZGIK.200</sln:miejscIIPPn><sln:miejscIIPWersja>2017-03-21T13:40:05+02:00</sln:miejscIIPWersja><sln:miejscIdTeryt>0121034</sln:miejscIdTeryt><sln:miejscNazwa>Zasonie</sln:miejscNazwa><sln:miejscRodzaj>Wieś</sln:miejscRodzaj><sln:powIIPId>a2311e5e-c623-430a-b858-a98931ccd0a8</sln:powIIPId><sln:powIIPPn>PL.PZGIK.200</sln:powIIPPn><sln:powIIPWersja>2012-09-27T08:13:53+02:00</sln:powIIPWersja><sln:powIdTeryt>1420</sln:powIdTeryt><sln:powNazwa>płoński</sln:powNazwa><sln:waznyOd>2014-04-17T00:00:00+02:00</sln:waznyOd><sln:wojIIPId>4b6c492a-eb04-441d-a92a-f44359c06de7</sln:wojIIPId><sln:wojIIPPn>PL.PZGIK.200</sln:wojIIPPn><sln:wojIIPWersja>2012-09-27T13:45:13+02:00</sln:wojIIPWersja><sln:wojIdTeryt>14</sln:wojIdTeryt><sln:wojNazwa>mazowieckie</sln:wojNazwa></sln:miejscowosc><sln:miejscowosc><sln:cyklZyciaDo>2017-09-18T00:00:00+02:00</sln:cyklZyciaDo><sln:cyklZyciaOd>2017-03-21T00:00:00+01:00</sln:cyklZyciaOd><sln:gmIIPId>27e622bd-2be6-444d-9b26-95cd8c86dbf9</sln:gmIIPId><sln:gmIIPPn>PL.PZGIK.200</sln:gmIIPPn><sln:gmIIPWersja>2012-09-26T22:54:38+02:00</sln:gmIIPWersja><sln:gmIdTeryt>1420082</sln:gmIdTeryt><sln:gmNazwa>Nowe Miasto</sln:gmNazwa><sln:miejscIIPId>eda5f788-dc9e-4d99-8228-17bba0645a19</sln:miejscIIPId><sln:miejscIIPPn>PL.PZGIK.200</sln:miejscIIPPn><sln:miejscIIPWersja>2017-03-21T13:40:05+02:00</sln:miejscIIPWersja><sln:miejscIdTeryt>0121040</sln:miejscIdTeryt><sln:miejscNazwa>Zawady B</sln:miejscNazwa><sln:miejscRodzaj>Wieś</sln:miejscRodzaj><sln:powIIPId>a2311e5e-c623-430a-b858-a98931ccd0a8</sln:powIIPId><sln:powIIPPn>PL.PZGIK.200</sln:powIIPPn><sln:powIIPWersja>2012-09-27T08:13:53+02:00</sln:powIIPWersja><sln:powIdTeryt>1420</sln:powIdTeryt><sln:powNazwa>płoński</sln:powNazwa><sln:waznyOd>2014-04-17T00:00:00+02:00</sln:waznyOd><sln:wojIIPId>4b6c492a-eb04-441d-a92a-f44359c06de7</sln:wojIIPId><sln:wojIIPPn>PL.PZGIK.200</sln:wojIIPPn><sln:wojIIPWersja>2012-09-27T13:45:13+02:00</sln:wojIIPWersja><sln:wojIdTeryt>14</sln:wojIdTeryt><sln:wojNazwa>mazowieckie</sln:wojNazwa></sln:miejscowosc><sln:miejscowosc><sln:cyklZyciaOd>2017-03-21T00:00:00+01:00</sln:cyklZyciaOd><sln:gmIIPId>27e622bd-2be6-444d-9b26-95cd8c86dbf9</sln:gmIIPId><sln:gmIIPPn>PL.PZGIK.200</sln:gmIIPPn><sln:gmIIPWersja>2012-09-26T22:54:38+02:00</sln:gmIIPWersja><sln:gmIdTeryt>1420082</sln:gmIdTeryt><sln:gmNazwa>Nowe Miasto</sln:gmNazwa><sln:miejscIIPId>c4641842-59db-4fda-b4e5-9c48a0de3b59</sln:miejscIIPId><sln:miejscIIPPn>PL.PZGIK.200</sln:miejscIIPPn><sln:miejscIIPWersja>2017-03-21T13:40:05+02:00</sln:miejscIIPWersja><sln:miejscIdTeryt>0121057</sln:miejscIdTeryt><sln:miejscNazwa>Żołędowo</sln:miejscNazwa><sln:miejscRodzaj>Wieś</sln:miejscRodzaj><sln:powIIPId>a2311e5e-c623-430a-b858-a98931ccd0a8</sln:powIIPId><sln:powIIPPn>PL.PZGIK.200</sln:powIIPPn><sln:powIIPWersja>2012-09-27T08:13:53+02:00</sln:powIIPWersja><sln:powIdTeryt>1420</sln:powIdTeryt><sln:powNazwa>płoński</sln:powNazwa><sln:waznyOd>2014-04-17T00:00:00+02:00</sln:waznyOd><sln:wojIIPId>4b6c492a-eb04-441d-a92a-f44359c06de7</sln:wojIIPId><sln:wojIIPPn>PL.PZGIK.200</sln:wojIIPPn><sln:wojIIPWersja>2012-09-27T13:45:13+02:00</sln:wojIIPWersja><sln:wojIdTeryt>14</sln:wojIdTeryt><sln:wojNazwa>mazowieckie</sln:wojNazwa></sln:miejscowosc><sln:miejscowosc><sln:cyklZyciaOd>2017-09-18T00:00:00+02:00</sln:cyklZyciaOd><sln:gmIIPId>27e622bd-2be6-444d-9b26-95cd8c86dbf9</sln:gmIIPId><sln:gmIIPPn>PL.PZGIK.200</sln:gmIIPPn><sln:gmIIPWersja>2012-09-26T22:54:38+02:00</sln:gmIIPWersja><sln:gmIdTeryt>1420082</sln:gmIdTeryt><sln:gmNazwa>Nowe Miasto</sln:gmNazwa><sln:miejscIIPId>78756505-2770-4602-a0f7-05f0b44c6e35</sln:miejscIIPId><sln:miejscIIPPn>PL.PZGIK.200</sln:miejscIIPPn><sln:miejscIIPWersja>2017-09-18T23:22:35+02:00</sln:miejscIIPWersja><sln:miejscIdTeryt>0120767</sln:miejscIdTeryt><sln:miejscNazwa>Gościmin Wielki</sln:miejscNazwa><sln:miejscRodzaj>Wieś</sln:miejscRodzaj><sln:powIIPId>a2311e5e-c623-430a-b858-a98931ccd0a8</sln:powIIPId><sln:powIIPPn>PL.PZGIK.200</sln:powIIPPn><sln:powIIPWersja>2012-09-27T08:13:53+02:00</sln:powIIPWersja><sln:powIdTeryt>1420</sln:powIdTeryt><sln:powNazwa>płoński</sln:powNazwa><sln:waznyOd>2017-09-13T00:00:00+02:00</sln:waznyOd><sln:wojIIPId>4b6c492a-eb04-441d-a92a-f44359c06de7</sln:wojIIPId><sln:wojIIPPn>PL.PZGIK.200</sln:wojIIPPn><sln:wojIIPWersja>2012-09-27T13:45:13+02:00</sln:wojIIPWersja><sln:wojIdTeryt>14</sln:wojIdTeryt><sln:wojNazwa>mazowieckie</sln:wojNazwa></sln:miejscowosc><sln:miejscowosc><sln:cyklZyciaOd>2017-09-18T00:00:00+02:00</sln:cyklZyciaOd><sln:gmIIPId>27e622bd-2be6-444d-9b26-95cd8c86dbf9</sln:gmIIPId><sln:gmIIPPn>PL.PZGIK.200</sln:gmIIPPn><sln:gmIIPWersja>2012-09-26T22:54:38+02:00</sln:gmIIPWersja><sln:gmIdTeryt>1420082</sln:gmIdTeryt><sln:gmNazwa>Nowe Miasto</sln:gmNazwa><sln:miejscIIPId>30fede90-09a0-4cca-a657-f28133532fd3</sln:miejscIIPId><sln:miejscIIPPn>PL.PZGIK.200</sln:miejscIIPPn><sln:miejscIIPWersja>2017-09-18T23:22:40+02:00</sln:miejscIIPWersja><sln:miejscIdTeryt>0120974</sln:miejscIdTeryt><sln:miejscNazwa>Zawady Stare</sln:miejscNazwa><sln:miejscRodzaj>Wieś</sln:miejscRodzaj><sln:powIIPId>a2311e5e-c623-430a-b858-a98931ccd0a8</sln:powIIPId><sln:powIIPPn>PL.PZGIK.200</sln:powIIPPn><sln:powIIPWersja>2012-09-27T08:13:53+02:00</sln:powIIPWersja><sln:powIdTeryt>1420</sln:powIdTeryt><sln:powNazwa>płoński</sln:powNazwa><sln:waznyOd>2017-09-13T00:00:00+02:00</sln:waznyOd><sln:wojIIPId>4b6c492a-eb04-441d-a92a-f44359c06de7</sln:wojIIPId><sln:wojIIPPn>PL.PZGIK.200</sln:wojIIPPn><sln:wojIIPWersja>2012-09-27T13:45:13+02:00</sln:wojIIPWersja><sln:wojIdTeryt>14</sln:wojIdTeryt><sln:wojNazwa>mazowieckie</sln:wojNazwa></sln:miejscowosc><sln:miejscowosc><sln:cyklZyciaOd>2017-09-18T00:00:00+02:00</sln:cyklZyciaOd><sln:gmIIPId>27e622bd-2be6-444d-9b26-95cd8c86dbf9</sln:gmIIPId><sln:gmIIPPn>PL.PZGIK.200</sln:gmIIPPn><sln:gmIIPWersja>2012-09-26T22:54:38+02:00</sln:gmIIPWersja><sln:gmIdTeryt>1420082</sln:gmIdTeryt><sln:gmNazwa>Nowe Miasto</sln:gmNazwa><sln:miejscIIPId>eda5f788-dc9e-4d99-8228-17bba0645a19</sln:miejscIIPId><sln:miejscIIPPn>PL.PZGIK.200</sln:miejscIIPPn><sln:miejscIIPWersja>2017-09-18T23:22:40+02:00</sln:miejscIIPWersja><sln:miejscIdTeryt>0121040</sln:miejscIdTeryt><sln:miejscNazwa>Zawady B</sln:miejscNazwa><sln:miejscRodzaj>Wieś</sln:miejscRodzaj><sln:powIIPId>a2311e5e-c623-430a-b858-a98931ccd0a8</sln:powIIPId><sln:powIIPPn>PL.PZGIK.200</sln:powIIPPn><sln:powIIPWersja>2012-09-27T08:13:53+02:00</sln:powIIPWersja><sln:powIdTeryt>1420</sln:powIdTeryt><sln:powNazwa>płoński</sln:powNazwa><sln:waznyOd>2017-09-13T00:00:00+02:00</sln:waznyOd><sln:wojIIPId>4b6c492a-eb04-441d-a92a-f44359c06de7</sln:wojIIPId><sln:wojIIPPn>PL.PZGIK.200</sln:wojIIPPn><sln:wojIIPWersja>2012-09-27T13:45:13+02:00</sln:wojIIPWersja><sln:wojIdTeryt>14</sln:wojIdTeryt><sln:wojNazwa>mazowieckie</sln:wojNazwa></sln:miejscowosc></sln:lista-miejscowosci>