<?xml version="1.0" encoding="UTF-8" standalone="yes"?><sln:lista-miejscowosci xmlns:srv="http://gugik.gov.pl/schemas/slowniki-service/1.0" xmlns:sln="http://gugik.gov.pl/schemas/slowniki-schema/1.0"><sln:miejscowosc><sln:cyklZyciaDo>2017-03-21T00:00:00+01:00</sln:cyklZyciaDo><sln:cyklZyciaOd>2015-11-23T00:00:00+01:00</sln:cyklZyciaOd><sln:gmIIPId>fb277343-30bc-4c2a-82fe-b51afdbbfa7d</sln:gmIIPId><sln:gmIIPPn>PL.PZGIK.200</sln:gmIIPPn><sln:gmIIPWersja>2012-09-26T21:57:36+02:00</sln:gmIIPWersja><sln:gmIdTeryt>1403011</sln:gmIdTeryt><sln:gmNazwa>Garwolin</sln:gmNazwa><sln:miejscIIPId>9d779f1e-7954-45bc-a500-9de361a8bf43</sln:miejscIIPId><sln:miejscIIPPn>PL.PZGIK.200</sln:miejscIIPPn><sln:miejscIIPWersja>2016-11-24T13:18:01+02:00</sln:miejscIIPWersja><sln:miejscIdTeryt>0975285</sln:miejscIdTeryt><sln:miejscNazwa>Garwolin</sln:miejscNazwa><sln:miejscRodzaj>Miasto</sln:miejscRodzaj><sln:powIIPId>900f7dfa-9e58-4706-a62e-cf8837b367ab</sln:powIIPId><sln:powIIPPn>PL.PZGIK.200</sln:powIIPPn><sln:powIIPWersja>2012-09-27T08:13:53+02:00</sln:powIIPWersja><sln:powIdTeryt>1403</sln:powIdTeryt><sln:powNazwa>garwoliński</sln:powNazwa><sln:waznyOd>2013-07-23T00:00:00+02:00</sln:waznyOd><sln:wojIIPId>4b6c492a-eb04-441d-a92a-f44359c06de7</sln:wojIIPId><sln:wojIIPPn>PL.PZGIK.200</sln:wojIIPPn><sln:wojIIPWersja>2012-09-27T13:45:13+02:00</sln:wojIIPWersja><sln:wojIdTeryt>14</sln:wojIdTeryt><sln:wojNazwa>mazowieckie</sln:wojNazwa></sln:miejscowosc><sln:miejscowosc><sln:cyklZyciaOd>2017-03-21T00:00:00+01:00</sln:cyklZyciaOd><sln:gmIIPId>fb277343-30bc-4c2a-82fe-b51afdbbfa7d</sln:gmIIPId><sln:gmIIPPn>PL.PZGIK.200</sln:gmIIPPn><sln:gmIIPWersja>2012-09-26T21:57:36+02:00</sln:gmIIPWersja><sln:gmIdTeryt>1403011</sln:gmIdTeryt><sln:gmNazwa>Garwolin</sln:gmNazwa><sln:miejscIIPId>9d779f1e-7954-45bc-a500-9de361a8bf43</sln:miejscIIPId><sln:miejscIIPPn>PL.PZGIK.200</sln:miejscIIPPn><sln:miejscIIPWersja>2017-03-21T10:29:15+02:00</sln:miejscIIPWersja><sln:miejscIdTeryt>0975285</sln:miejscIdTeryt><sln:miejscNazwa>Garwolin</sln:miejscNazwa><sln:miejscRodzaj>Miasto</sln:miejscRodzaj><sln:powIIPId>900f7dfa-9e58-4706-a62e-cf8837b367ab</sln:powIIPId><sln:powIIPPn>PL.PZGIK.200</sln:powIIPPn><sln:powIIPWersja>2012-09-27T08:13:53+02:00</sln:powIIPWersja><sln:powIdTeryt>1403</sln:powIdTeryt><sln:powNazwa>garwoliński</sln:powNazwa><sln:waznyOd>2013-07-23T00:00:00+02:00</sln:waznyOd><sln:wojIIPId>4b6c492a-eb04-441d-a92a-f44359c06de7</sln:wojIIPId><sln:wojIIPPn>PL.PZGIK.200</sln:wojIIPPn><sln:wojIIPWersja>2012-09-27T13:45:13+02:00</sln:wojIIPWersja><sln:wojIdTeryt>14</sln:wojIdTeryt><sln:wojNazwa>mazowieckie</sln:wojNazwa></sln:miejscowosc></sln:lista-miejscowosci>