<?xml version="1.0" encoding="UTF-8" standalone="yes"?><sln:lista-miejscowosci xmlns:srv="http://gugik.gov.pl/schemas/slowniki-service/1.0" xmlns:sln="http://gugik.gov.pl/schemas/slowniki-schema/1.0"><sln:miejscowosc><sln:cyklZyciaDo>2017-03-08T00:00:00+01:00</sln:cyklZyciaDo><sln:cyklZyciaOd>2015-11-13T00:00:00+01:00</sln:cyklZyciaOd><sln:gmIIPId>8bdc621e-258a-41c1-a60d-c560c1f32109</sln:gmIIPId><sln:gmIIPPn>PL.PZGIK.200</sln:gmIIPPn><sln:gmIIPWersja>2012-09-26T22:54:49+02:00</sln:gmIIPWersja><sln:gmIdTeryt>1421042</sln:gmIdTeryt><sln:gmNazwa>Michałowice</sln:gmNazwa><sln:miejscIIPId>be949313-b009-4ea2-8062-c7ec3d88efba</sln:miejscIIPId><sln:miejscIIPPn>PL.PZGIK.200</sln:miejscIIPPn><sln:miejscIIPWersja>2016-11-24T08:20:25+02:00</sln:miejscIIPWersja><sln:miejscIdTeryt>0005196</sln:miejscIdTeryt><sln:miejscNazwa>Granica</sln:miejscNazwa><sln:miejscRodzaj>Wieś</sln:miejscRodzaj><sln:powIIPId>4d601c02-4693-43d1-85b5-bd17b80d27a8</sln:powIIPId><sln:powIIPPn>PL.PZGIK.200</sln:powIIPPn><sln:powIIPWersja>2012-09-27T08:13:53+02:00</sln:powIIPWersja><sln:powIdTeryt>1421</sln:powIdTeryt><sln:powNazwa>pruszkowski</sln:powNazwa><sln:waznyOd>2011-08-29T00:00:00+02:00</sln:waznyOd><sln:wojIIPId>4b6c492a-eb04-441d-a92a-f44359c06de7</sln:wojIIPId><sln:wojIIPPn>PL.PZGIK.200</sln:wojIIPPn><sln:wojIIPWersja>2012-09-27T13:45:13+02:00</sln:wojIIPWersja><sln:wojIdTeryt>14</sln:wojIdTeryt><sln:wojNazwa>mazowieckie</sln:wojNazwa></sln:miejscowosc><sln:miejscowosc><sln:cyklZyciaDo>2017-03-08T00:00:00+01:00</sln:cyklZyciaDo><sln:cyklZyciaOd>2015-11-13T00:00:00+01:00</sln:cyklZyciaOd><sln:gmIIPId>8bdc621e-258a-41c1-a60d-c560c1f32109</sln:gmIIPId><sln:gmIIPPn>PL.PZGIK.200</sln:gmIIPPn><sln:gmIIPWersja>2012-09-26T22:54:49+02:00</sln:gmIIPWersja><sln:gmIdTeryt>1421042</sln:gmIdTeryt><sln:gmNazwa>Michałowice</sln:gmNazwa><sln:miejscIIPId>7dd398d4-5080-4cfe-ad90-55382324d001</sln:miejscIIPId><sln:miejscIIPPn>PL.PZGIK.200</sln:miejscIIPPn><sln:miejscIIPWersja>2016-11-24T08:20:35+02:00</sln:miejscIIPWersja><sln:miejscIdTeryt>0005240</sln:miejscIdTeryt><sln:miejscNazwa>Helenów</sln:miejscNazwa><sln:miejscRodzaj>Inny obiekt</sln:miejscRodzaj><sln:powIIPId>4d601c02-4693-43d1-85b5-bd17b80d27a8</sln:powIIPId><sln:powIIPPn>PL.PZGIK.200</sln:powIIPPn><sln:powIIPWersja>2012-09-27T08:13:53+02:00</sln:powIIPWersja><sln:powIdTeryt>1421</sln:powIdTeryt><sln:powNazwa>pruszkowski</sln:powNazwa><sln:waznyOd>2013-01-08T00:00:00+01:00</sln:waznyOd><sln:wojIIPId>4b6c492a-eb04-441d-a92a-f44359c06de7</sln:wojIIPId><sln:wojIIPPn>PL.PZGIK.200</sln:wojIIPPn><sln:wojIIPWersja>2012-09-27T13:45:13+02:00</sln:wojIIPWersja><sln:wojIdTeryt>14</sln:wojIdTeryt><sln:wojNazwa>mazowieckie</sln:wojNazwa></sln:miejscowosc><sln:miejscowosc><sln:cyklZyciaDo>2017-03-08T00:00:00+01:00</sln:cyklZyciaDo><sln:cyklZyciaOd>2015-11-13T00:00:00+01:00</sln:cyklZyciaOd><sln:gmIIPId>8bdc621e-258a-41c1-a60d-c560c1f32109</sln:gmIIPId><sln:gmIIPPn>PL.PZGIK.200</sln:gmIIPPn><sln:gmIIPWersja>2012-09-26T22:54:49+02:00</sln:gmIIPWersja><sln:gmIdTeryt>1421042</sln:gmIdTeryt><sln:gmNazwa>Michałowice</sln:gmNazwa><sln:miejscIIPId>2b8f7c9e-1be9-4d0e-90f8-17ac4a882c16</sln:miejscIIPId><sln:miejscIIPPn>PL.PZGIK.200</sln:miejscIIPPn><sln:miejscIIPWersja>2016-11-24T08:20:27+02:00</sln:miejscIIPWersja><sln:miejscIdTeryt>0005204</sln:miejscIdTeryt><sln:miejscNazwa>Komorów</sln:miejscNazwa><sln:miejscRodzaj>Wieś</sln:miejscRodzaj><sln:powIIPId>4d601c02-4693-43d1-85b5-bd17b80d27a8</sln:powIIPId><sln:powIIPPn>PL.PZGIK.200</sln:powIIPPn><sln:powIIPWersja>2012-09-27T08:13:53+02:00</sln:powIIPWersja><sln:powIdTeryt>1421</sln:powIdTeryt><sln:powNazwa>pruszkowski</sln:powNazwa><sln:waznyOd>2011-08-29T00:00:00+02:00</sln:waznyOd><sln:wojIIPId>4b6c492a-eb04-441d-a92a-f44359c06de7</sln:wojIIPId><sln:wojIIPPn>PL.PZGIK.200</sln:wojIIPPn><sln:wojIIPWersja>2012-09-27T13:45:13+02:00</sln:wojIIPWersja><sln:wojIdTeryt>14</sln:wojIdTeryt><sln:wojNazwa>mazowieckie</sln:wojNazwa></sln:miejscowosc><sln:miejscowosc><sln:cyklZyciaDo>2017-03-08T00:00:00+01:00</sln:cyklZyciaDo><sln:cyklZyciaOd>2015-11-13T00:00:00+01:00</sln:cyklZyciaOd><sln:gmIIPId>8bdc621e-258a-41c1-a60d-c560c1f32109</sln:gmIIPId><sln:gmIIPPn>PL.PZGIK.200</sln:gmIIPPn><sln:gmIIPWersja>2012-09-26T22:54:49+02:00</sln:gmIIPWersja><sln:gmIdTeryt>1421042</sln:gmIdTeryt><sln:gmNazwa>Michałowice</sln:gmNazwa><sln:miejscIIPId>de4bea59-f537-466b-b622-203ce6331d82</sln:miejscIIPId><sln:miejscIIPPn>PL.PZGIK.200</sln:miejscIIPPn><sln:miejscIIPWersja>2016-11-24T08:20:29+02:00</sln:miejscIIPWersja><sln:miejscIdTeryt>0005210</sln:miejscIdTeryt><sln:miejscNazwa>Michałowice</sln:miejscNazwa><sln:miejscRodzaj>Wieś</sln:miejscRodzaj><sln:powIIPId>4d601c02-4693-43d1-85b5-bd17b80d27a8</sln:powIIPId><sln:powIIPPn>PL.PZGIK.200</sln:powIIPPn><sln:powIIPWersja>2012-09-27T08:13:53+02:00</sln:powIIPWersja><sln:powIdTeryt>1421</sln:powIdTeryt><sln:powNazwa>pruszkowski</sln:powNazwa><sln:waznyOd>2013-01-02T00:00:00+01:00</sln:waznyOd><sln:wojIIPId>4b6c492a-eb04-441d-a92a-f44359c06de7</sln:wojIIPId><sln:wojIIPPn>PL.PZGIK.200</sln:wojIIPPn><sln:wojIIPWersja>2012-09-27T13:45:13+02:00</sln:wojIIPWersja><sln:wojIdTeryt>14</sln:wojIdTeryt><sln:wojNazwa>mazowieckie</sln:wojNazwa></sln:miejscowosc><sln:miejscowosc><sln:cyklZyciaDo>2017-03-08T00:00:00+01:00</sln:cyklZyciaDo><sln:cyklZyciaOd>2015-11-13T00:00:00+01:00</sln:cyklZyciaOd><sln:gmIIPId>8bdc621e-258a-41c1-a60d-c560c1f32109</sln:gmIIPId><sln:gmIIPPn>PL.PZGIK.200</sln:gmIIPPn><sln:gmIIPWersja>2012-09-26T22:54:49+02:00</sln:gmIIPWersja><sln:gmIdTeryt>1421042</sln:gmIdTeryt><sln:gmNazwa>Michałowice</sln:gmNazwa><sln:miejscIIPId>ae8fc0f8-e6d2-4d62-a877-05b5bc0a24a0</sln:miejscIIPId><sln:miejscIIPPn>PL.PZGIK.200</sln:miejscIIPPn><sln:miejscIIPWersja>2016-11-24T08:20:31+02:00</sln:miejscIIPWersja><sln:miejscIdTeryt>0005227</sln:miejscIdTeryt><sln:miejscNazwa>Michałowice-Wieś</sln:miejscNazwa><sln:miejscRodzaj>Wieś</sln:miejscRodzaj><sln:powIIPId>4d601c02-4693-43d1-85b5-bd17b80d27a8</sln:powIIPId><sln:powIIPPn>PL.PZGIK.200</sln:powIIPPn><sln:powIIPWersja>2012-09-27T08:13:53+02:00</sln:powIIPWersja><sln:powIdTeryt>1421</sln:powIdTeryt><sln:powNazwa>pruszkowski</sln:powNazwa><sln:waznyOd>2012-06-06T00:00:00+02:00</sln:waznyOd><sln:wojIIPId>4b6c492a-eb04-441d-a92a-f44359c06de7</sln:wojIIPId><sln:wojIIPPn>PL.PZGIK.200</sln:wojIIPPn><sln:wojIIPWersja>2012-09-27T13:45:13+02:00</sln:wojIIPWersja><sln:wojIdTeryt>14</sln:wojIdTeryt><sln:wojNazwa>mazowieckie</sln:wojNazwa></sln:miejscowosc><sln:miejscowosc><sln:cyklZyciaDo>2017-03-08T00:00:00+01:00</sln:cyklZyciaDo><sln:cyklZyciaOd>2015-11-13T00:00:00+01:00</sln:cyklZyciaOd><sln:gmIIPId>8bdc621e-258a-41c1-a60d-c560c1f32109</sln:gmIIPId><sln:gmIIPPn>PL.PZGIK.200</sln:gmIIPPn><sln:gmIIPWersja>2012-09-26T22:54:49+02:00</sln:gmIIPWersja><sln:gmIdTeryt>1421042</sln:gmIdTeryt><sln:gmNazwa>Michałowice</sln:gmNazwa><sln:miejscIIPId>fbb78312-93a5-4ef9-980d-8f805a42def5</sln:miejscIIPId><sln:miejscIIPPn>PL.PZGIK.200</sln:miejscIIPPn><sln:miejscIIPWersja>2016-11-24T08:20:33+02:00</sln:miejscIIPWersja><sln:miejscIdTeryt>0005233</sln:miejscIdTeryt><sln:miejscNazwa>Nowa Wieś</sln:miejscNazwa><sln:miejscRodzaj>Wieś</sln:miejscRodzaj><sln:powIIPId>4d601c02-4693-43d1-85b5-bd17b80d27a8</sln:powIIPId><sln:powIIPPn>PL.PZGIK.200</sln:powIIPPn><sln:powIIPWersja>2012-09-27T08:13:53+02:00</sln:powIIPWersja><sln:powIdTeryt>1421</sln:powIdTeryt><sln:powNazwa>pruszkowski</sln:powNazwa><sln:waznyOd>2011-08-29T00:00:00+02:00</sln:waznyOd><sln:wojIIPId>4b6c492a-eb04-441d-a92a-f44359c06de7</sln:wojIIPId><sln:wojIIPPn>PL.PZGIK.200</sln:wojIIPPn><sln:wojIIPWersja>2012-09-27T13:45:13+02:00</sln:wojIIPWersja><sln:wojIdTeryt>14</sln:wojIdTeryt><sln:wojNazwa>mazowieckie</sln:wojNazwa></sln:miejscowosc><sln:miejscowosc><sln:cyklZyciaDo>2017-03-08T00:00:00+01:00</sln:cyklZyciaDo><sln:cyklZyciaOd>2015-11-13T00:00:00+01:00</sln:cyklZyciaOd><sln:gmIIPId>8bdc621e-258a-41c1-a60d-c560c1f32109</sln:gmIIPId><sln:gmIIPPn>PL.PZGIK.200</sln:gmIIPPn><sln:gmIIPWersja>2012-09-26T22:54:49+02:00</sln:gmIIPWersja><sln:gmIdTeryt>1421042</sln:gmIdTeryt><sln:gmNazwa>Michałowice</sln:gmNazwa><sln:miejscIIPId>bfbed412-503f-434c-b955-3ebdaa97f5d9</sln:miejscIIPId><sln:miejscIIPPn>PL.PZGIK.200</sln:miejscIIPPn><sln:miejscIIPWersja>2016-11-24T08:20:37+02:00</sln:miejscIIPWersja><sln:miejscIdTeryt>0005256</sln:miejscIdTeryt><sln:miejscNazwa>Opacz-Kolonia</sln:miejscNazwa><sln:miejscRodzaj>Wieś</sln:miejscRodzaj><sln:powIIPId>4d601c02-4693-43d1-85b5-bd17b80d27a8</sln:powIIPId><sln:powIIPPn>PL.PZGIK.200</sln:powIIPPn><sln:powIIPWersja>2012-09-27T08:13:53+02:00</sln:powIIPWersja><sln:powIdTeryt>1421</sln:powIdTeryt><sln:powNazwa>pruszkowski</sln:powNazwa><sln:waznyOd>2012-06-06T00:00:00+02:00</sln:waznyOd><sln:wojIIPId>4b6c492a-eb04-441d-a92a-f44359c06de7</sln:wojIIPId><sln:wojIIPPn>PL.PZGIK.200</sln:wojIIPPn><sln:wojIIPWersja>2012-09-27T13:45:13+02:00</sln:wojIIPWersja><sln:wojIdTeryt>14</sln:wojIdTeryt><sln:wojNazwa>mazowieckie</sln:wojNazwa></sln:miejscowosc><sln:miejscowosc><sln:cyklZyciaDo>2017-03-08T00:00:00+01:00</sln:cyklZyciaDo><sln:cyklZyciaOd>2015-11-13T00:00:00+01:00</sln:cyklZyciaOd><sln:gmIIPId>8bdc621e-258a-41c1-a60d-c560c1f32109</sln:gmIIPId><sln:gmIIPPn>PL.PZGIK.200</sln:gmIIPPn><sln:gmIIPWersja>2012-09-26T22:54:49+02:00</sln:gmIIPWersja><sln:gmIdTeryt>1421042</sln:gmIdTeryt><sln:gmNazwa>Michałowice</sln:gmNazwa><sln:miejscIIPId>38b9451a-ad3a-4fa1-9b5e-97d266738763</sln:miejscIIPId><sln:miejscIIPPn>PL.PZGIK.200</sln:miejscIIPPn><sln:miejscIIPWersja>2016-11-24T08:20:39+02:00</sln:miejscIIPWersja><sln:miejscIdTeryt>0005262</sln:miejscIdTeryt><sln:miejscNazwa>Opacz Mała</sln:miejscNazwa><sln:miejscRodzaj>Wieś</sln:miejscRodzaj><sln:powIIPId>4d601c02-4693-43d1-85b5-bd17b80d27a8</sln:powIIPId><sln:powIIPPn>PL.PZGIK.200</sln:powIIPPn><sln:powIIPWersja>2012-09-27T08:13:53+02:00</sln:powIIPWersja><sln:powIdTeryt>1421</sln:powIdTeryt><sln:powNazwa>pruszkowski</sln:powNazwa><sln:waznyOd>2011-08-29T00:00:00+02:00</sln:waznyOd><sln:wojIIPId>4b6c492a-eb04-441d-a92a-f44359c06de7</sln:wojIIPId><sln:wojIIPPn>PL.PZGIK.200</sln:wojIIPPn><sln:wojIIPWersja>2012-09-27T13:45:13+02:00</sln:wojIIPWersja><sln:wojIdTeryt>14</sln:wojIdTeryt><sln:wojNazwa>mazowieckie</sln:wojNazwa></sln:miejscowosc><sln:miejscowosc><sln:cyklZyciaDo>2017-03-08T00:00:00+01:00</sln:cyklZyciaDo><sln:cyklZyciaOd>2015-11-13T00:00:00+01:00</sln:cyklZyciaOd><sln:gmIIPId>8bdc621e-258a-41c1-a60d-c560c1f32109</sln:gmIIPId><sln:gmIIPPn>PL.PZGIK.200</sln:gmIIPPn><sln:gmIIPWersja>2012-09-26T22:54:49+02:00</sln:gmIIPWersja><sln:gmIdTeryt>1421042</sln:gmIdTeryt><sln:gmNazwa>Michałowice</sln:gmNazwa><sln:miejscIIPId>75a05b6a-9dca-4b66-bcaf-c7addf4a2809</sln:miejscIIPId><sln:miejscIIPPn>PL.PZGIK.200</sln:miejscIIPPn><sln:miejscIIPWersja>2016-11-24T08:20:41+02:00</sln:miejscIIPWersja><sln:miejscIdTeryt>0005279</sln:miejscIdTeryt><sln:miejscNazwa>Pęcice</sln:miejscNazwa><sln:miejscRodzaj>Wieś</sln:miejscRodzaj><sln:powIIPId>4d601c02-4693-43d1-85b5-bd17b80d27a8</sln:powIIPId><sln:powIIPPn>PL.PZGIK.200</sln:powIIPPn><sln:powIIPWersja>2012-09-27T08:13:53+02:00</sln:powIIPWersja><sln:powIdTeryt>1421</sln:powIdTeryt><sln:powNazwa>pruszkowski</sln:powNazwa><sln:waznyOd>2011-08-29T00:00:00+02:00</sln:waznyOd><sln:wojIIPId>4b6c492a-eb04-441d-a92a-f44359c06de7</sln:wojIIPId><sln:wojIIPPn>PL.PZGIK.200</sln:wojIIPPn><sln:wojIIPWersja>2012-09-27T13:45:13+02:00</sln:wojIIPWersja><sln:wojIdTeryt>14</sln:wojIdTeryt><sln:wojNazwa>mazowieckie</sln:wojNazwa></sln:miejscowosc><sln:miejscowosc><sln:cyklZyciaDo>2017-03-08T00:00:00+01:00</sln:cyklZyciaDo><sln:cyklZyciaOd>2015-11-13T00:00:00+01:00</sln:cyklZyciaOd><sln:gmIIPId>8bdc621e-258a-41c1-a60d-c560c1f32109</sln:gmIIPId><sln:gmIIPPn>PL.PZGIK.200</sln:gmIIPPn><sln:gmIIPWersja>2012-09-26T22:54:49+02:00</sln:gmIIPWersja><sln:gmIdTeryt>1421042</sln:gmIdTeryt><sln:gmNazwa>Michałowice</sln:gmNazwa><sln:miejscIIPId>81578354-004f-4d18-854d-51d16f68b469</sln:miejscIIPId><sln:miejscIIPPn>PL.PZGIK.200</sln:miejscIIPPn><sln:miejscIIPWersja>2016-11-24T08:20:43+02:00</sln:miejscIIPWersja><sln:miejscIdTeryt>0005285</sln:miejscIdTeryt><sln:miejscNazwa>Pęcice Małe</sln:miejscNazwa><sln:miejscRodzaj>Wieś</sln:miejscRodzaj><sln:powIIPId>4d601c02-4693-43d1-85b5-bd17b80d27a8</sln:powIIPId><sln:powIIPPn>PL.PZGIK.200</sln:powIIPPn><sln:powIIPWersja>2012-09-27T08:13:53+02:00</sln:powIIPWersja><sln:powIdTeryt>1421</sln:powIdTeryt><sln:powNazwa>pruszkowski</sln:powNazwa><sln:waznyOd>2011-08-29T00:00:00+02:00</sln:waznyOd><sln:wojIIPId>4b6c492a-eb04-441d-a92a-f44359c06de7</sln:wojIIPId><sln:wojIIPPn>PL.PZGIK.200</sln:wojIIPPn><sln:wojIIPWersja>2012-09-27T13:45:13+02:00</sln:wojIIPWersja><sln:wojIdTeryt>14</sln:wojIdTeryt><sln:wojNazwa>mazowieckie</sln:wojNazwa></sln:miejscowosc><sln:miejscowosc><sln:cyklZyciaDo>2017-03-08T00:00:00+01:00</sln:cyklZyciaDo><sln:cyklZyciaOd>2015-11-13T00:00:00+01:00</sln:cyklZyciaOd><sln:gmIIPId>8bdc621e-258a-41c1-a60d-c560c1f32109</sln:gmIIPId><sln:gmIIPPn>PL.PZGIK.200</sln:gmIIPPn><sln:gmIIPWersja>2012-09-26T22:54:49+02:00</sln:gmIIPWersja><sln:gmIdTeryt>1421042</sln:gmIdTeryt><sln:gmNazwa>Michałowice</sln:gmNazwa><sln:miejscIIPId>74d4a341-aa51-445e-bc62-20751a12be32</sln:miejscIIPId><sln:miejscIIPPn>PL.PZGIK.200</sln:miejscIIPPn><sln:miejscIIPWersja>2016-11-24T08:20:45+02:00</sln:miejscIIPWersja><sln:miejscIdTeryt>0005300</sln:miejscIdTeryt><sln:miejscNazwa>Reguły</sln:miejscNazwa><sln:miejscRodzaj>Wieś</sln:miejscRodzaj><sln:powIIPId>4d601c02-4693-43d1-85b5-bd17b80d27a8</sln:powIIPId><sln:powIIPPn>PL.PZGIK.200</sln:powIIPPn><sln:powIIPWersja>2012-09-27T08:13:53+02:00</sln:powIIPWersja><sln:powIdTeryt>1421</sln:powIdTeryt><sln:powNazwa>pruszkowski</sln:powNazwa><sln:waznyOd>2011-08-29T00:00:00+02:00</sln:waznyOd><sln:wojIIPId>4b6c492a-eb04-441d-a92a-f44359c06de7</sln:wojIIPId><sln:wojIIPPn>PL.PZGIK.200</sln:wojIIPPn><sln:wojIIPWersja>2012-09-27T13:45:13+02:00</sln:wojIIPWersja><sln:wojIdTeryt>14</sln:wojIdTeryt><sln:wojNazwa>mazowieckie</sln:wojNazwa></sln:miejscowosc><sln:miejscowosc><sln:cyklZyciaDo>2017-03-08T00:00:00+01:00</sln:cyklZyciaDo><sln:cyklZyciaOd>2015-11-13T00:00:00+01:00</sln:cyklZyciaOd><sln:gmIIPId>8bdc621e-258a-41c1-a60d-c560c1f32109</sln:gmIIPId><sln:gmIIPPn>PL.PZGIK.200</sln:gmIIPPn><sln:gmIIPWersja>2012-09-26T22:54:49+02:00</sln:gmIIPWersja><sln:gmIdTeryt>1421042</sln:gmIdTeryt><sln:gmNazwa>Michałowice</sln:gmNazwa><sln:miejscIIPId>21cba7f5-80c9-43a6-b152-92848f8ff3d3</sln:miejscIIPId><sln:miejscIIPPn>PL.PZGIK.200</sln:miejscIIPPn><sln:miejscIIPWersja>2016-11-24T08:20:47+02:00</sln:miejscIIPWersja><sln:miejscIdTeryt>0005316</sln:miejscIdTeryt><sln:miejscNazwa>Sokołów</sln:miejscNazwa><sln:miejscRodzaj>Wieś</sln:miejscRodzaj><sln:powIIPId>4d601c02-4693-43d1-85b5-bd17b80d27a8</sln:powIIPId><sln:powIIPPn>PL.PZGIK.200</sln:powIIPPn><sln:powIIPWersja>2012-09-27T08:13:53+02:00</sln:powIIPWersja><sln:powIdTeryt>1421</sln:powIdTeryt><sln:powNazwa>pruszkowski</sln:powNazwa><sln:waznyOd>2011-07-25T00:00:00+02:00</sln:waznyOd><sln:wojIIPId>4b6c492a-eb04-441d-a92a-f44359c06de7</sln:wojIIPId><sln:wojIIPPn>PL.PZGIK.200</sln:wojIIPPn><sln:wojIIPWersja>2012-09-27T13:45:13+02:00</sln:wojIIPWersja><sln:wojIdTeryt>14</sln:wojIdTeryt><sln:wojNazwa>mazowieckie</sln:wojNazwa></sln:miejscowosc><sln:miejscowosc><sln:cyklZyciaDo>2017-03-08T00:00:00+01:00</sln:cyklZyciaDo><sln:cyklZyciaOd>2015-11-13T00:00:00+01:00</sln:cyklZyciaOd><sln:gmIIPId>8bdc621e-258a-41c1-a60d-c560c1f32109</sln:gmIIPId><sln:gmIIPPn>PL.PZGIK.200</sln:gmIIPPn><sln:gmIIPWersja>2012-09-26T22:54:49+02:00</sln:gmIIPWersja><sln:gmIdTeryt>1421042</sln:gmIdTeryt><sln:gmNazwa>Michałowice</sln:gmNazwa><sln:miejscIIPId>e435e241-4bba-4abe-8c95-e789b4198887</sln:miejscIIPId><sln:miejscIIPPn>PL.PZGIK.200</sln:miejscIIPPn><sln:miejscIIPWersja>2016-11-24T08:20:49+02:00</sln:miejscIIPWersja><sln:miejscIdTeryt>0005322</sln:miejscIdTeryt><sln:miejscNazwa>Suchy Las</sln:miejscNazwa><sln:miejscRodzaj>Wieś</sln:miejscRodzaj><sln:powIIPId>4d601c02-4693-43d1-85b5-bd17b80d27a8</sln:powIIPId><sln:powIIPPn>PL.PZGIK.200</sln:powIIPPn><sln:powIIPWersja>2012-09-27T08:13:53+02:00</sln:powIIPWersja><sln:powIdTeryt>1421</sln:powIdTeryt><sln:powNazwa>pruszkowski</sln:powNazwa><sln:waznyOd>2011-08-29T00:00:00+02:00</sln:waznyOd><sln:wojIIPId>4b6c492a-eb04-441d-a92a-f44359c06de7</sln:wojIIPId><sln:wojIIPPn>PL.PZGIK.200</sln:wojIIPPn><sln:wojIIPWersja>2012-09-27T13:45:13+02:00</sln:wojIIPWersja><sln:wojIdTeryt>14</sln:wojIdTeryt><sln:wojNazwa>mazowieckie</sln:wojNazwa></sln:miejscowosc><sln:miejscowosc><sln:cyklZyciaDo>2015-10-28T00:00:00+01:00</sln:cyklZyciaDo><sln:cyklZyciaOd>2014-12-08T00:00:00+01:00</sln:cyklZyciaOd><sln:gmIIPId>8bdc621e-258a-41c1-a60d-c560c1f32109</sln:gmIIPId><sln:gmIIPPn>PL.PZGIK.200</sln:gmIIPPn><sln:gmIIPWersja>2012-09-26T22:54:49+02:00</sln:gmIIPWersja><sln:gmIdTeryt>1421042</sln:gmIdTeryt><sln:gmNazwa>Michałowice</sln:gmNazwa><sln:miejscIIPId>be949313-b009-4ea2-8062-c7ec3d88efba</sln:miejscIIPId><sln:miejscIIPPn>PL.PZGIK.200</sln:miejscIIPPn><sln:miejscIIPWersja>2016-11-24T08:20:26+02:00</sln:miejscIIPWersja><sln:miejscIdTeryt>0005196</sln:miejscIdTeryt><sln:miejscNazwa>Granica</sln:miejscNazwa><sln:miejscRodzaj>Inny obiekt</sln:miejscRodzaj><sln:powIIPId>4d601c02-4693-43d1-85b5-bd17b80d27a8</sln:powIIPId><sln:powIIPPn>PL.PZGIK.200</sln:powIIPPn><sln:powIIPWersja>2012-09-27T08:13:53+02:00</sln:powIIPWersja><sln:powIdTeryt>1421</sln:powIdTeryt><sln:powNazwa>pruszkowski</sln:powNazwa><sln:waznyOd>2011-08-29T00:00:00+02:00</sln:waznyOd><sln:wojIIPId>4b6c492a-eb04-441d-a92a-f44359c06de7</sln:wojIIPId><sln:wojIIPPn>PL.PZGIK.200</sln:wojIIPPn><sln:wojIIPWersja>2012-09-27T13:45:13+02:00</sln:wojIIPWersja><sln:wojIdTeryt>14</sln:wojIdTeryt><sln:wojNazwa>mazowieckie</sln:wojNazwa></sln:miejscowosc><sln:miejscowosc><sln:cyklZyciaDo>2015-10-28T00:00:00+01:00</sln:cyklZyciaDo><sln:cyklZyciaOd>2014-12-08T00:00:00+01:00</sln:cyklZyciaOd><sln:gmIIPId>8bdc621e-258a-41c1-a60d-c560c1f32109</sln:gmIIPId><sln:gmIIPPn>PL.PZGIK.200</sln:gmIIPPn><sln:gmIIPWersja>2012-09-26T22:54:49+02:00</sln:gmIIPWersja><sln:gmIdTeryt>1421042</sln:gmIdTeryt><sln:gmNazwa>Michałowice</sln:gmNazwa><sln:miejscIIPId>7dd398d4-5080-4cfe-ad90-55382324d001</sln:miejscIIPId><sln:miejscIIPPn>PL.PZGIK.200</sln:miejscIIPPn><sln:miejscIIPWersja>2016-11-24T08:20:36+02:00</sln:miejscIIPWersja><sln:miejscIdTeryt>0005240</sln:miejscIdTeryt><sln:miejscNazwa>Helenów</sln:miejscNazwa><sln:miejscRodzaj>Inny obiekt</sln:miejscRodzaj><sln:powIIPId>4d601c02-4693-43d1-85b5-bd17b80d27a8</sln:powIIPId><sln:powIIPPn>PL.PZGIK.200</sln:powIIPPn><sln:powIIPWersja>2012-09-27T08:13:53+02:00</sln:powIIPWersja><sln:powIdTeryt>1421</sln:powIdTeryt><sln:powNazwa>pruszkowski</sln:powNazwa><sln:waznyOd>2013-01-08T00:00:00+01:00</sln:waznyOd><sln:wojIIPId>4b6c492a-eb04-441d-a92a-f44359c06de7</sln:wojIIPId><sln:wojIIPPn>PL.PZGIK.200</sln:wojIIPPn><sln:wojIIPWersja>2012-09-27T13:45:13+02:00</sln:wojIIPWersja><sln:wojIdTeryt>14</sln:wojIdTeryt><sln:wojNazwa>mazowieckie</sln:wojNazwa></sln:miejscowosc><sln:miejscowosc><sln:cyklZyciaDo>2015-10-28T00:00:00+01:00</sln:cyklZyciaDo><sln:cyklZyciaOd>2014-12-08T00:00:00+01:00</sln:cyklZyciaOd><sln:gmIIPId>8bdc621e-258a-41c1-a60d-c560c1f32109</sln:gmIIPId><sln:gmIIPPn>PL.PZGIK.200</sln:gmIIPPn><sln:gmIIPWersja>2012-09-26T22:54:49+02:00</sln:gmIIPWersja><sln:gmIdTeryt>1421042</sln:gmIdTeryt><sln:gmNazwa>Michałowice</sln:gmNazwa><sln:miejscIIPId>2b8f7c9e-1be9-4d0e-90f8-17ac4a882c16</sln:miejscIIPId><sln:miejscIIPPn>PL.PZGIK.200</sln:miejscIIPPn><sln:miejscIIPWersja>2016-11-24T08:20:28+02:00</sln:miejscIIPWersja><sln:miejscIdTeryt>0005204</sln:miejscIdTeryt><sln:miejscNazwa>Komorów</sln:miejscNazwa><sln:miejscRodzaj>Inny obiekt</sln:miejscRodzaj><sln:powIIPId>4d601c02-4693-43d1-85b5-bd17b80d27a8</sln:powIIPId><sln:powIIPPn>PL.PZGIK.200</sln:powIIPPn><sln:powIIPWersja>2012-09-27T08:13:53+02:00</sln:powIIPWersja><sln:powIdTeryt>1421</sln:powIdTeryt><sln:powNazwa>pruszkowski</sln:powNazwa><sln:waznyOd>2011-08-29T00:00:00+02:00</sln:waznyOd><sln:wojIIPId>4b6c492a-eb04-441d-a92a-f44359c06de7</sln:wojIIPId><sln:wojIIPPn>PL.PZGIK.200</sln:wojIIPPn><sln:wojIIPWersja>2012-09-27T13:45:13+02:00</sln:wojIIPWersja><sln:wojIdTeryt>14</sln:wojIdTeryt><sln:wojNazwa>mazowieckie</sln:wojNazwa></sln:miejscowosc><sln:miejscowosc><sln:cyklZyciaDo>2015-10-28T00:00:00+01:00</sln:cyklZyciaDo><sln:cyklZyciaOd>2014-12-08T00:00:00+01:00</sln:cyklZyciaOd><sln:gmIIPId>8bdc621e-258a-41c1-a60d-c560c1f32109</sln:gmIIPId><sln:gmIIPPn>PL.PZGIK.200</sln:gmIIPPn><sln:gmIIPWersja>2012-09-26T22:54:49+02:00</sln:gmIIPWersja><sln:gmIdTeryt>1421042</sln:gmIdTeryt><sln:gmNazwa>Michałowice</sln:gmNazwa><sln:miejscIIPId>de4bea59-f537-466b-b622-203ce6331d82</sln:miejscIIPId><sln:miejscIIPPn>PL.PZGIK.200</sln:miejscIIPPn><sln:miejscIIPWersja>2016-11-24T08:20:30+02:00</sln:miejscIIPWersja><sln:miejscIdTeryt>0005210</sln:miejscIdTeryt><sln:miejscNazwa>Michałowice</sln:miejscNazwa><sln:miejscRodzaj>Inny obiekt</sln:miejscRodzaj><sln:powIIPId>4d601c02-4693-43d1-85b5-bd17b80d27a8</sln:powIIPId><sln:powIIPPn>PL.PZGIK.200</sln:powIIPPn><sln:powIIPWersja>2012-09-27T08:13:53+02:00</sln:powIIPWersja><sln:powIdTeryt>1421</sln:powIdTeryt><sln:powNazwa>pruszkowski</sln:powNazwa><sln:waznyOd>2013-01-02T00:00:00+01:00</sln:waznyOd><sln:wojIIPId>4b6c492a-eb04-441d-a92a-f44359c06de7</sln:wojIIPId><sln:wojIIPPn>PL.PZGIK.200</sln:wojIIPPn><sln:wojIIPWersja>2012-09-27T13:45:13+02:00</sln:wojIIPWersja><sln:wojIdTeryt>14</sln:wojIdTeryt><sln:wojNazwa>mazowieckie</sln:wojNazwa></sln:miejscowosc><sln:miejscowosc><sln:cyklZyciaDo>2015-10-28T00:00:00+01:00</sln:cyklZyciaDo><sln:cyklZyciaOd>2014-12-08T00:00:00+01:00</sln:cyklZyciaOd><sln:gmIIPId>8bdc621e-258a-41c1-a60d-c560c1f32109</sln:gmIIPId><sln:gmIIPPn>PL.PZGIK.200</sln:gmIIPPn><sln:gmIIPWersja>2012-09-26T22:54:49+02:00</sln:gmIIPWersja><sln:gmIdTeryt>1421042</sln:gmIdTeryt><sln:gmNazwa>Michałowice</sln:gmNazwa><sln:miejscIIPId>ae8fc0f8-e6d2-4d62-a877-05b5bc0a24a0</sln:miejscIIPId><sln:miejscIIPPn>PL.PZGIK.200</sln:miejscIIPPn><sln:miejscIIPWersja>2016-11-24T08:20:32+02:00</sln:miejscIIPWersja><sln:miejscIdTeryt>0005227</sln:miejscIdTeryt><sln:miejscNazwa>Michałowice-Wieś</sln:miejscNazwa><sln:miejscRodzaj>Inny obiekt</sln:miejscRodzaj><sln:powIIPId>4d601c02-4693-43d1-85b5-bd17b80d27a8</sln:powIIPId><sln:powIIPPn>PL.PZGIK.200</sln:powIIPPn><sln:powIIPWersja>2012-09-27T08:13:53+02:00</sln:powIIPWersja><sln:powIdTeryt>1421</sln:powIdTeryt><sln:powNazwa>pruszkowski</sln:powNazwa><sln:waznyOd>2012-06-06T00:00:00+02:00</sln:waznyOd><sln:wojIIPId>4b6c492a-eb04-441d-a92a-f44359c06de7</sln:wojIIPId><sln:wojIIPPn>PL.PZGIK.200</sln:wojIIPPn><sln:wojIIPWersja>2012-09-27T13:45:13+02:00</sln:wojIIPWersja><sln:wojIdTeryt>14</sln:wojIdTeryt><sln:wojNazwa>mazowieckie</sln:wojNazwa></sln:miejscowosc><sln:miejscowosc><sln:cyklZyciaDo>2015-10-28T00:00:00+01:00</sln:cyklZyciaDo><sln:cyklZyciaOd>2014-12-08T00:00:00+01:00</sln:cyklZyciaOd><sln:gmIIPId>8bdc621e-258a-41c1-a60d-c560c1f32109</sln:gmIIPId><sln:gmIIPPn>PL.PZGIK.200</sln:gmIIPPn><sln:gmIIPWersja>2012-09-26T22:54:49+02:00</sln:gmIIPWersja><sln:gmIdTeryt>1421042</sln:gmIdTeryt><sln:gmNazwa>Michałowice</sln:gmNazwa><sln:miejscIIPId>fbb78312-93a5-4ef9-980d-8f805a42def5</sln:miejscIIPId><sln:miejscIIPPn>PL.PZGIK.200</sln:miejscIIPPn><sln:miejscIIPWersja>2016-11-24T08:20:34+02:00</sln:miejscIIPWersja><sln:miejscIdTeryt>0005233</sln:miejscIdTeryt><sln:miejscNazwa>Nowa Wieś</sln:miejscNazwa><sln:miejscRodzaj>Inny obiekt</sln:miejscRodzaj><sln:powIIPId>4d601c02-4693-43d1-85b5-bd17b80d27a8</sln:powIIPId><sln:powIIPPn>PL.PZGIK.200</sln:powIIPPn><sln:powIIPWersja>2012-09-27T08:13:53+02:00</sln:powIIPWersja><sln:powIdTeryt>1421</sln:powIdTeryt><sln:powNazwa>pruszkowski</sln:powNazwa><sln:waznyOd>2011-08-29T00:00:00+02:00</sln:waznyOd><sln:wojIIPId>4b6c492a-eb04-441d-a92a-f44359c06de7</sln:wojIIPId><sln:wojIIPPn>PL.PZGIK.200</sln:wojIIPPn><sln:wojIIPWersja>2012-09-27T13:45:13+02:00</sln:wojIIPWersja><sln:wojIdTeryt>14</sln:wojIdTeryt><sln:wojNazwa>mazowieckie</sln:wojNazwa></sln:miejscowosc><sln:miejscowosc><sln:cyklZyciaDo>2015-10-28T00:00:00+01:00</sln:cyklZyciaDo><sln:cyklZyciaOd>2014-12-08T00:00:00+01:00</sln:cyklZyciaOd><sln:gmIIPId>8bdc621e-258a-41c1-a60d-c560c1f32109</sln:gmIIPId><sln:gmIIPPn>PL.PZGIK.200</sln:gmIIPPn><sln:gmIIPWersja>2012-09-26T22:54:49+02:00</sln:gmIIPWersja><sln:gmIdTeryt>1421042</sln:gmIdTeryt><sln:gmNazwa>Michałowice</sln:gmNazwa><sln:miejscIIPId>bfbed412-503f-434c-b955-3ebdaa97f5d9</sln:miejscIIPId><sln:miejscIIPPn>PL.PZGIK.200</sln:miejscIIPPn><sln:miejscIIPWersja>2016-11-24T08:20:38+02:00</sln:miejscIIPWersja><sln:miejscIdTeryt>0005256</sln:miejscIdTeryt><sln:miejscNazwa>Opacz-Kolonia</sln:miejscNazwa><sln:miejscRodzaj>Inny obiekt</sln:miejscRodzaj><sln:powIIPId>4d601c02-4693-43d1-85b5-bd17b80d27a8</sln:powIIPId><sln:powIIPPn>PL.PZGIK.200</sln:powIIPPn><sln:powIIPWersja>2012-09-27T08:13:53+02:00</sln:powIIPWersja><sln:powIdTeryt>1421</sln:powIdTeryt><sln:powNazwa>pruszkowski</sln:powNazwa><sln:waznyOd>2012-06-06T00:00:00+02:00</sln:waznyOd><sln:wojIIPId>4b6c492a-eb04-441d-a92a-f44359c06de7</sln:wojIIPId><sln:wojIIPPn>PL.PZGIK.200</sln:wojIIPPn><sln:wojIIPWersja>2012-09-27T13:45:13+02:00</sln:wojIIPWersja><sln:wojIdTeryt>14</sln:wojIdTeryt><sln:wojNazwa>mazowieckie</sln:wojNazwa></sln:miejscowosc><sln:miejscowosc><sln:cyklZyciaDo>2015-10-28T00:00:00+01:00</sln:cyklZyciaDo><sln:cyklZyciaOd>2014-12-08T00:00:00+01:00</sln:cyklZyciaOd><sln:gmIIPId>8bdc621e-258a-41c1-a60d-c560c1f32109</sln:gmIIPId><sln:gmIIPPn>PL.PZGIK.200</sln:gmIIPPn><sln:gmIIPWersja>2012-09-26T22:54:49+02:00</sln:gmIIPWersja><sln:gmIdTeryt>1421042</sln:gmIdTeryt><sln:gmNazwa>Michałowice</sln:gmNazwa><sln:miejscIIPId>38b9451a-ad3a-4fa1-9b5e-97d266738763</sln:miejscIIPId><sln:miejscIIPPn>PL.PZGIK.200</sln:miejscIIPPn><sln:miejscIIPWersja>2016-11-24T08:20:40+02:00</sln:miejscIIPWersja><sln:miejscIdTeryt>0005262</sln:miejscIdTeryt><sln:miejscNazwa>Opacz Mała</sln:miejscNazwa><sln:miejscRodzaj>Inny obiekt</sln:miejscRodzaj><sln:powIIPId>4d601c02-4693-43d1-85b5-bd17b80d27a8</sln:powIIPId><sln:powIIPPn>PL.PZGIK.200</sln:powIIPPn><sln:powIIPWersja>2012-09-27T08:13:53+02:00</sln:powIIPWersja><sln:powIdTeryt>1421</sln:powIdTeryt><sln:powNazwa>pruszkowski</sln:powNazwa><sln:waznyOd>2011-08-29T00:00:00+02:00</sln:waznyOd><sln:wojIIPId>4b6c492a-eb04-441d-a92a-f44359c06de7</sln:wojIIPId><sln:wojIIPPn>PL.PZGIK.200</sln:wojIIPPn><sln:wojIIPWersja>2012-09-27T13:45:13+02:00</sln:wojIIPWersja><sln:wojIdTeryt>14</sln:wojIdTeryt><sln:wojNazwa>mazowieckie</sln:wojNazwa></sln:miejscowosc><sln:miejscowosc><sln:cyklZyciaDo>2015-10-28T00:00:00+01:00</sln:cyklZyciaDo><sln:cyklZyciaOd>2014-12-08T00:00:00+01:00</sln:cyklZyciaOd><sln:gmIIPId>8bdc621e-258a-41c1-a60d-c560c1f32109</sln:gmIIPId><sln:gmIIPPn>PL.PZGIK.200</sln:gmIIPPn><sln:gmIIPWersja>2012-09-26T22:54:49+02:00</sln:gmIIPWersja><sln:gmIdTeryt>1421042</sln:gmIdTeryt><sln:gmNazwa>Michałowice</sln:gmNazwa><sln:miejscIIPId>75a05b6a-9dca-4b66-bcaf-c7addf4a2809</sln:miejscIIPId><sln:miejscIIPPn>PL.PZGIK.200</sln:miejscIIPPn><sln:miejscIIPWersja>2016-11-24T08:20:42+02:00</sln:miejscIIPWersja><sln:miejscIdTeryt>0005279</sln:miejscIdTeryt><sln:miejscNazwa>Pęcice</sln:miejscNazwa><sln:miejscRodzaj>Inny obiekt</sln:miejscRodzaj><sln:powIIPId>4d601c02-4693-43d1-85b5-bd17b80d27a8</sln:powIIPId><sln:powIIPPn>PL.PZGIK.200</sln:powIIPPn><sln:powIIPWersja>2012-09-27T08:13:53+02:00</sln:powIIPWersja><sln:powIdTeryt>1421</sln:powIdTeryt><sln:powNazwa>pruszkowski</sln:powNazwa><sln:waznyOd>2011-08-29T00:00:00+02:00</sln:waznyOd><sln:wojIIPId>4b6c492a-eb04-441d-a92a-f44359c06de7</sln:wojIIPId><sln:wojIIPPn>PL.PZGIK.200</sln:wojIIPPn><sln:wojIIPWersja>2012-09-27T13:45:13+02:00</sln:wojIIPWersja><sln:wojIdTeryt>14</sln:wojIdTeryt><sln:wojNazwa>mazowieckie</sln:wojNazwa></sln:miejscowosc><sln:miejscowosc><sln:cyklZyciaDo>2015-10-28T00:00:00+01:00</sln:cyklZyciaDo><sln:cyklZyciaOd>2014-12-08T00:00:00+01:00</sln:cyklZyciaOd><sln:gmIIPId>8bdc621e-258a-41c1-a60d-c560c1f32109</sln:gmIIPId><sln:gmIIPPn>PL.PZGIK.200</sln:gmIIPPn><sln:gmIIPWersja>2012-09-26T22:54:49+02:00</sln:gmIIPWersja><sln:gmIdTeryt>1421042</sln:gmIdTeryt><sln:gmNazwa>Michałowice</sln:gmNazwa><sln:miejscIIPId>81578354-004f-4d18-854d-51d16f68b469</sln:miejscIIPId><sln:miejscIIPPn>PL.PZGIK.200</sln:miejscIIPPn><sln:miejscIIPWersja>2016-11-24T08:20:44+02:00</sln:miejscIIPWersja><sln:miejscIdTeryt>0005285</sln:miejscIdTeryt><sln:miejscNazwa>Pęcice Małe</sln:miejscNazwa><sln:miejscRodzaj>Inny obiekt</sln:miejscRodzaj><sln:powIIPId>4d601c02-4693-43d1-85b5-bd17b80d27a8</sln:powIIPId><sln:powIIPPn>PL.PZGIK.200</sln:powIIPPn><sln:powIIPWersja>2012-09-27T08:13:53+02:00</sln:powIIPWersja><sln:powIdTeryt>1421</sln:powIdTeryt><sln:powNazwa>pruszkowski</sln:powNazwa><sln:waznyOd>2011-08-29T00:00:00+02:00</sln:waznyOd><sln:wojIIPId>4b6c492a-eb04-441d-a92a-f44359c06de7</sln:wojIIPId><sln:wojIIPPn>PL.PZGIK.200</sln:wojIIPPn><sln:wojIIPWersja>2012-09-27T13:45:13+02:00</sln:wojIIPWersja><sln:wojIdTeryt>14</sln:wojIdTeryt><sln:wojNazwa>mazowieckie</sln:wojNazwa></sln:miejscowosc><sln:miejscowosc><sln:cyklZyciaDo>2015-10-28T00:00:00+01:00</sln:cyklZyciaDo><sln:cyklZyciaOd>2014-12-08T00:00:00+01:00</sln:cyklZyciaOd><sln:gmIIPId>8bdc621e-258a-41c1-a60d-c560c1f32109</sln:gmIIPId><sln:gmIIPPn>PL.PZGIK.200</sln:gmIIPPn><sln:gmIIPWersja>2012-09-26T22:54:49+02:00</sln:gmIIPWersja><sln:gmIdTeryt>1421042</sln:gmIdTeryt><sln:gmNazwa>Michałowice</sln:gmNazwa><sln:miejscIIPId>74d4a341-aa51-445e-bc62-20751a12be32</sln:miejscIIPId><sln:miejscIIPPn>PL.PZGIK.200</sln:miejscIIPPn><sln:miejscIIPWersja>2016-11-24T08:20:46+02:00</sln:miejscIIPWersja><sln:miejscIdTeryt>0005300</sln:miejscIdTeryt><sln:miejscNazwa>Reguły</sln:miejscNazwa><sln:miejscRodzaj>Inny obiekt</sln:miejscRodzaj><sln:powIIPId>4d601c02-4693-43d1-85b5-bd17b80d27a8</sln:powIIPId><sln:powIIPPn>PL.PZGIK.200</sln:powIIPPn><sln:powIIPWersja>2012-09-27T08:13:53+02:00</sln:powIIPWersja><sln:powIdTeryt>1421</sln:powIdTeryt><sln:powNazwa>pruszkowski</sln:powNazwa><sln:waznyOd>2011-08-29T00:00:00+02:00</sln:waznyOd><sln:wojIIPId>4b6c492a-eb04-441d-a92a-f44359c06de7</sln:wojIIPId><sln:wojIIPPn>PL.PZGIK.200</sln:wojIIPPn><sln:wojIIPWersja>2012-09-27T13:45:13+02:00</sln:wojIIPWersja><sln:wojIdTeryt>14</sln:wojIdTeryt><sln:wojNazwa>mazowieckie</sln:wojNazwa></sln:miejscowosc><sln:miejscowosc><sln:cyklZyciaDo>2015-10-28T00:00:00+01:00</sln:cyklZyciaDo><sln:cyklZyciaOd>2014-12-08T00:00:00+01:00</sln:cyklZyciaOd><sln:gmIIPId>8bdc621e-258a-41c1-a60d-c560c1f32109</sln:gmIIPId><sln:gmIIPPn>PL.PZGIK.200</sln:gmIIPPn><sln:gmIIPWersja>2012-09-26T22:54:49+02:00</sln:gmIIPWersja><sln:gmIdTeryt>1421042</sln:gmIdTeryt><sln:gmNazwa>Michałowice</sln:gmNazwa><sln:miejscIIPId>21cba7f5-80c9-43a6-b152-92848f8ff3d3</sln:miejscIIPId><sln:miejscIIPPn>PL.PZGIK.200</sln:miejscIIPPn><sln:miejscIIPWersja>2016-11-24T08:20:48+02:00</sln:miejscIIPWersja><sln:miejscIdTeryt>0005316</sln:miejscIdTeryt><sln:miejscNazwa>Sokołów</sln:miejscNazwa><sln:miejscRodzaj>Inny obiekt</sln:miejscRodzaj><sln:powIIPId>4d601c02-4693-43d1-85b5-bd17b80d27a8</sln:powIIPId><sln:powIIPPn>PL.PZGIK.200</sln:powIIPPn><sln:powIIPWersja>2012-09-27T08:13:53+02:00</sln:powIIPWersja><sln:powIdTeryt>1421</sln:powIdTeryt><sln:powNazwa>pruszkowski</sln:powNazwa><sln:waznyOd>2011-07-25T00:00:00+02:00</sln:waznyOd><sln:wojIIPId>4b6c492a-eb04-441d-a92a-f44359c06de7</sln:wojIIPId><sln:wojIIPPn>PL.PZGIK.200</sln:wojIIPPn><sln:wojIIPWersja>2012-09-27T13:45:13+02:00</sln:wojIIPWersja><sln:wojIdTeryt>14</sln:wojIdTeryt><sln:wojNazwa>mazowieckie</sln:wojNazwa></sln:miejscowosc><sln:miejscowosc><sln:cyklZyciaDo>2015-10-28T00:00:00+01:00</sln:cyklZyciaDo><sln:cyklZyciaOd>2014-12-08T00:00:00+01:00</sln:cyklZyciaOd><sln:gmIIPId>8bdc621e-258a-41c1-a60d-c560c1f32109</sln:gmIIPId><sln:gmIIPPn>PL.PZGIK.200</sln:gmIIPPn><sln:gmIIPWersja>2012-09-26T22:54:49+02:00</sln:gmIIPWersja><sln:gmIdTeryt>1421042</sln:gmIdTeryt><sln:gmNazwa>Michałowice</sln:gmNazwa><sln:miejscIIPId>e435e241-4bba-4abe-8c95-e789b4198887</sln:miejscIIPId><sln:miejscIIPPn>PL.PZGIK.200</sln:miejscIIPPn><sln:miejscIIPWersja>2016-11-24T08:20:50+02:00</sln:miejscIIPWersja><sln:miejscIdTeryt>0005322</sln:miejscIdTeryt><sln:miejscNazwa>Suchy Las</sln:miejscNazwa><sln:miejscRodzaj>Inny obiekt</sln:miejscRodzaj><sln:powIIPId>4d601c02-4693-43d1-85b5-bd17b80d27a8</sln:powIIPId><sln:powIIPPn>PL.PZGIK.200</sln:powIIPPn><sln:powIIPWersja>2012-09-27T08:13:53+02:00</sln:powIIPWersja><sln:powIdTeryt>1421</sln:powIdTeryt><sln:powNazwa>pruszkowski</sln:powNazwa><sln:waznyOd>2011-08-29T00:00:00+02:00</sln:waznyOd><sln:wojIIPId>4b6c492a-eb04-441d-a92a-f44359c06de7</sln:wojIIPId><sln:wojIIPPn>PL.PZGIK.200</sln:wojIIPPn><sln:wojIIPWersja>2012-09-27T13:45:13+02:00</sln:wojIIPWersja><sln:wojIdTeryt>14</sln:wojIdTeryt><sln:wojNazwa>mazowieckie</sln:wojNazwa></sln:miejscowosc><sln:miejscowosc><sln:cyklZyciaDo>2015-11-13T00:00:00+01:00</sln:cyklZyciaDo><sln:cyklZyciaOd>2015-10-28T00:00:00+01:00</sln:cyklZyciaOd><sln:gmIIPId>8bdc621e-258a-41c1-a60d-c560c1f32109</sln:gmIIPId><sln:gmIIPPn>PL.PZGIK.200</sln:gmIIPPn><sln:gmIIPWersja>2012-09-26T22:54:49+02:00</sln:gmIIPWersja><sln:gmIdTeryt>1421042</sln:gmIdTeryt><sln:gmNazwa>Michałowice</sln:gmNazwa><sln:miejscIIPId>be949313-b009-4ea2-8062-c7ec3d88efba</sln:miejscIIPId><sln:miejscIIPPn>PL.PZGIK.200</sln:miejscIIPPn><sln:miejscIIPWersja>2016-11-24T08:20:27+02:00</sln:miejscIIPWersja><sln:miejscIdTeryt>0005196</sln:miejscIdTeryt><sln:miejscNazwa>Granica</sln:miejscNazwa><sln:miejscRodzaj>Wieś</sln:miejscRodzaj><sln:powIIPId>4d601c02-4693-43d1-85b5-bd17b80d27a8</sln:powIIPId><sln:powIIPPn>PL.PZGIK.200</sln:powIIPPn><sln:powIIPWersja>2012-09-27T08:13:53+02:00</sln:powIIPWersja><sln:powIdTeryt>1421</sln:powIdTeryt><sln:powNazwa>pruszkowski</sln:powNazwa><sln:waznyOd>2011-08-29T00:00:00+02:00</sln:waznyOd><sln:wojIIPId>4b6c492a-eb04-441d-a92a-f44359c06de7</sln:wojIIPId><sln:wojIIPPn>PL.PZGIK.200</sln:wojIIPPn><sln:wojIIPWersja>2012-09-27T13:45:13+02:00</sln:wojIIPWersja><sln:wojIdTeryt>14</sln:wojIdTeryt><sln:wojNazwa>mazowieckie</sln:wojNazwa></sln:miejscowosc><sln:miejscowosc><sln:cyklZyciaDo>2015-11-13T00:00:00+01:00</sln:cyklZyciaDo><sln:cyklZyciaOd>2015-10-28T00:00:00+01:00</sln:cyklZyciaOd><sln:gmIIPId>8bdc621e-258a-41c1-a60d-c560c1f32109</sln:gmIIPId><sln:gmIIPPn>PL.PZGIK.200</sln:gmIIPPn><sln:gmIIPWersja>2012-09-26T22:54:49+02:00</sln:gmIIPWersja><sln:gmIdTeryt>1421042</sln:gmIdTeryt><sln:gmNazwa>Michałowice</sln:gmNazwa><sln:miejscIIPId>7dd398d4-5080-4cfe-ad90-55382324d001</sln:miejscIIPId><sln:miejscIIPPn>PL.PZGIK.200</sln:miejscIIPPn><sln:miejscIIPWersja>2016-11-24T08:20:37+02:00</sln:miejscIIPWersja><sln:miejscIdTeryt>0005240</sln:miejscIdTeryt><sln:miejscNazwa>Helenów</sln:miejscNazwa><sln:miejscRodzaj>Inny obiekt</sln:miejscRodzaj><sln:powIIPId>4d601c02-4693-43d1-85b5-bd17b80d27a8</sln:powIIPId><sln:powIIPPn>PL.PZGIK.200</sln:powIIPPn><sln:powIIPWersja>2012-09-27T08:13:53+02:00</sln:powIIPWersja><sln:powIdTeryt>1421</sln:powIdTeryt><sln:powNazwa>pruszkowski</sln:powNazwa><sln:waznyOd>2013-01-08T00:00:00+01:00</sln:waznyOd><sln:wojIIPId>4b6c492a-eb04-441d-a92a-f44359c06de7</sln:wojIIPId><sln:wojIIPPn>PL.PZGIK.200</sln:wojIIPPn><sln:wojIIPWersja>2012-09-27T13:45:13+02:00</sln:wojIIPWersja><sln:wojIdTeryt>14</sln:wojIdTeryt><sln:wojNazwa>mazowieckie</sln:wojNazwa></sln:miejscowosc><sln:miejscowosc><sln:cyklZyciaDo>2015-11-13T00:00:00+01:00</sln:cyklZyciaDo><sln:cyklZyciaOd>2015-10-28T00:00:00+01:00</sln:cyklZyciaOd><sln:gmIIPId>8bdc621e-258a-41c1-a60d-c560c1f32109</sln:gmIIPId><sln:gmIIPPn>PL.PZGIK.200</sln:gmIIPPn><sln:gmIIPWersja>2012-09-26T22:54:49+02:00</sln:gmIIPWersja><sln:gmIdTeryt>1421042</sln:gmIdTeryt><sln:gmNazwa>Michałowice</sln:gmNazwa><sln:miejscIIPId>2b8f7c9e-1be9-4d0e-90f8-17ac4a882c16</sln:miejscIIPId><sln:miejscIIPPn>PL.PZGIK.200</sln:miejscIIPPn><sln:miejscIIPWersja>2016-11-24T08:20:29+02:00</sln:miejscIIPWersja><sln:miejscIdTeryt>0005204</sln:miejscIdTeryt><sln:miejscNazwa>Komorów</sln:miejscNazwa><sln:miejscRodzaj>Wieś</sln:miejscRodzaj><sln:powIIPId>4d601c02-4693-43d1-85b5-bd17b80d27a8</sln:powIIPId><sln:powIIPPn>PL.PZGIK.200</sln:powIIPPn><sln:powIIPWersja>2012-09-27T08:13:53+02:00</sln:powIIPWersja><sln:powIdTeryt>1421</sln:powIdTeryt><sln:powNazwa>pruszkowski</sln:powNazwa><sln:waznyOd>2011-08-29T00:00:00+02:00</sln:waznyOd><sln:wojIIPId>4b6c492a-eb04-441d-a92a-f44359c06de7</sln:wojIIPId><sln:wojIIPPn>PL.PZGIK.200</sln:wojIIPPn><sln:wojIIPWersja>2012-09-27T13:45:13+02:00</sln:wojIIPWersja><sln:wojIdTeryt>14</sln:wojIdTeryt><sln:wojNazwa>mazowieckie</sln:wojNazwa></sln:miejscowosc><sln:miejscowosc><sln:cyklZyciaDo>2015-11-13T00:00:00+01:00</sln:cyklZyciaDo><sln:cyklZyciaOd>2015-10-28T00:00:00+01:00</sln:cyklZyciaOd><sln:gmIIPId>8bdc621e-258a-41c1-a60d-c560c1f32109</sln:gmIIPId><sln:gmIIPPn>PL.PZGIK.200</sln:gmIIPPn><sln:gmIIPWersja>2012-09-26T22:54:49+02:00</sln:gmIIPWersja><sln:gmIdTeryt>1421042</sln:gmIdTeryt><sln:gmNazwa>Michałowice</sln:gmNazwa><sln:miejscIIPId>de4bea59-f537-466b-b622-203ce6331d82</sln:miejscIIPId><sln:miejscIIPPn>PL.PZGIK.200</sln:miejscIIPPn><sln:miejscIIPWersja>2016-11-24T08:20:31+02:00</sln:miejscIIPWersja><sln:miejscIdTeryt>0005210</sln:miejscIdTeryt><sln:miejscNazwa>Michałowice</sln:miejscNazwa><sln:miejscRodzaj>Wieś</sln:miejscRodzaj><sln:powIIPId>4d601c02-4693-43d1-85b5-bd17b80d27a8</sln:powIIPId><sln:powIIPPn>PL.PZGIK.200</sln:powIIPPn><sln:powIIPWersja>2012-09-27T08:13:53+02:00</sln:powIIPWersja><sln:powIdTeryt>1421</sln:powIdTeryt><sln:powNazwa>pruszkowski</sln:powNazwa><sln:waznyOd>2013-01-02T00:00:00+01:00</sln:waznyOd><sln:wojIIPId>4b6c492a-eb04-441d-a92a-f44359c06de7</sln:wojIIPId><sln:wojIIPPn>PL.PZGIK.200</sln:wojIIPPn><sln:wojIIPWersja>2012-09-27T13:45:13+02:00</sln:wojIIPWersja><sln:wojIdTeryt>14</sln:wojIdTeryt><sln:wojNazwa>mazowieckie</sln:wojNazwa></sln:miejscowosc><sln:miejscowosc><sln:cyklZyciaDo>2015-11-13T00:00:00+01:00</sln:cyklZyciaDo><sln:cyklZyciaOd>2015-10-28T00:00:00+01:00</sln:cyklZyciaOd><sln:gmIIPId>8bdc621e-258a-41c1-a60d-c560c1f32109</sln:gmIIPId><sln:gmIIPPn>PL.PZGIK.200</sln:gmIIPPn><sln:gmIIPWersja>2012-09-26T22:54:49+02:00</sln:gmIIPWersja><sln:gmIdTeryt>1421042</sln:gmIdTeryt><sln:gmNazwa>Michałowice</sln:gmNazwa><sln:miejscIIPId>ae8fc0f8-e6d2-4d62-a877-05b5bc0a24a0</sln:miejscIIPId><sln:miejscIIPPn>PL.PZGIK.200</sln:miejscIIPPn><sln:miejscIIPWersja>2016-11-24T08:20:33+02:00</sln:miejscIIPWersja><sln:miejscIdTeryt>0005227</sln:miejscIdTeryt><sln:miejscNazwa>Michałowice-Wieś</sln:miejscNazwa><sln:miejscRodzaj>Wieś</sln:miejscRodzaj><sln:powIIPId>4d601c02-4693-43d1-85b5-bd17b80d27a8</sln:powIIPId><sln:powIIPPn>PL.PZGIK.200</sln:powIIPPn><sln:powIIPWersja>2012-09-27T08:13:53+02:00</sln:powIIPWersja><sln:powIdTeryt>1421</sln:powIdTeryt><sln:powNazwa>pruszkowski</sln:powNazwa><sln:waznyOd>2012-06-06T00:00:00+02:00</sln:waznyOd><sln:wojIIPId>4b6c492a-eb04-441d-a92a-f44359c06de7</sln:wojIIPId><sln:wojIIPPn>PL.PZGIK.200</sln:wojIIPPn><sln:wojIIPWersja>2012-09-27T13:45:13+02:00</sln:wojIIPWersja><sln:wojIdTeryt>14</sln:wojIdTeryt><sln:wojNazwa>mazowieckie</sln:wojNazwa></sln:miejscowosc><sln:miejscowosc><sln:cyklZyciaDo>2015-11-13T00:00:00+01:00</sln:cyklZyciaDo><sln:cyklZyciaOd>2015-10-28T00:00:00+01:00</sln:cyklZyciaOd><sln:gmIIPId>8bdc621e-258a-41c1-a60d-c560c1f32109</sln:gmIIPId><sln:gmIIPPn>PL.PZGIK.200</sln:gmIIPPn><sln:gmIIPWersja>2012-09-26T22:54:49+02:00</sln:gmIIPWersja><sln:gmIdTeryt>1421042</sln:gmIdTeryt><sln:gmNazwa>Michałowice</sln:gmNazwa><sln:miejscIIPId>fbb78312-93a5-4ef9-980d-8f805a42def5</sln:miejscIIPId><sln:miejscIIPPn>PL.PZGIK.200</sln:miejscIIPPn><sln:miejscIIPWersja>2016-11-24T08:20:35+02:00</sln:miejscIIPWersja><sln:miejscIdTeryt>0005233</sln:miejscIdTeryt><sln:miejscNazwa>Nowa Wieś</sln:miejscNazwa><sln:miejscRodzaj>Wieś</sln:miejscRodzaj><sln:powIIPId>4d601c02-4693-43d1-85b5-bd17b80d27a8</sln:powIIPId><sln:powIIPPn>PL.PZGIK.200</sln:powIIPPn><sln:powIIPWersja>2012-09-27T08:13:53+02:00</sln:powIIPWersja><sln:powIdTeryt>1421</sln:powIdTeryt><sln:powNazwa>pruszkowski</sln:powNazwa><sln:waznyOd>2011-08-29T00:00:00+02:00</sln:waznyOd><sln:wojIIPId>4b6c492a-eb04-441d-a92a-f44359c06de7</sln:wojIIPId><sln:wojIIPPn>PL.PZGIK.200</sln:wojIIPPn><sln:wojIIPWersja>2012-09-27T13:45:13+02:00</sln:wojIIPWersja><sln:wojIdTeryt>14</sln:wojIdTeryt><sln:wojNazwa>mazowieckie</sln:wojNazwa></sln:miejscowosc><sln:miejscowosc><sln:cyklZyciaDo>2015-11-13T00:00:00+01:00</sln:cyklZyciaDo><sln:cyklZyciaOd>2015-10-28T00:00:00+01:00</sln:cyklZyciaOd><sln:gmIIPId>8bdc621e-258a-41c1-a60d-c560c1f32109</sln:gmIIPId><sln:gmIIPPn>PL.PZGIK.200</sln:gmIIPPn><sln:gmIIPWersja>2012-09-26T22:54:49+02:00</sln:gmIIPWersja><sln:gmIdTeryt>1421042</sln:gmIdTeryt><sln:gmNazwa>Michałowice</sln:gmNazwa><sln:miejscIIPId>bfbed412-503f-434c-b955-3ebdaa97f5d9</sln:miejscIIPId><sln:miejscIIPPn>PL.PZGIK.200</sln:miejscIIPPn><sln:miejscIIPWersja>2016-11-24T08:20:39+02:00</sln:miejscIIPWersja><sln:miejscIdTeryt>0005256</sln:miejscIdTeryt><sln:miejscNazwa>Opacz-Kolonia</sln:miejscNazwa><sln:miejscRodzaj>Wieś</sln:miejscRodzaj><sln:powIIPId>4d601c02-4693-43d1-85b5-bd17b80d27a8</sln:powIIPId><sln:powIIPPn>PL.PZGIK.200</sln:powIIPPn><sln:powIIPWersja>2012-09-27T08:13:53+02:00</sln:powIIPWersja><sln:powIdTeryt>1421</sln:powIdTeryt><sln:powNazwa>pruszkowski</sln:powNazwa><sln:waznyOd>2012-06-06T00:00:00+02:00</sln:waznyOd><sln:wojIIPId>4b6c492a-eb04-441d-a92a-f44359c06de7</sln:wojIIPId><sln:wojIIPPn>PL.PZGIK.200</sln:wojIIPPn><sln:wojIIPWersja>2012-09-27T13:45:13+02:00</sln:wojIIPWersja><sln:wojIdTeryt>14</sln:wojIdTeryt><sln:wojNazwa>mazowieckie</sln:wojNazwa></sln:miejscowosc><sln:miejscowosc><sln:cyklZyciaDo>2015-11-13T00:00:00+01:00</sln:cyklZyciaDo><sln:cyklZyciaOd>2015-10-28T00:00:00+01:00</sln:cyklZyciaOd><sln:gmIIPId>8bdc621e-258a-41c1-a60d-c560c1f32109</sln:gmIIPId><sln:gmIIPPn>PL.PZGIK.200</sln:gmIIPPn><sln:gmIIPWersja>2012-09-26T22:54:49+02:00</sln:gmIIPWersja><sln:gmIdTeryt>1421042</sln:gmIdTeryt><sln:gmNazwa>Michałowice</sln:gmNazwa><sln:miejscIIPId>38b9451a-ad3a-4fa1-9b5e-97d266738763</sln:miejscIIPId><sln:miejscIIPPn>PL.PZGIK.200</sln:miejscIIPPn><sln:miejscIIPWersja>2016-11-24T08:20:41+02:00</sln:miejscIIPWersja><sln:miejscIdTeryt>0005262</sln:miejscIdTeryt><sln:miejscNazwa>Opacz Mała</sln:miejscNazwa><sln:miejscRodzaj>Wieś</sln:miejscRodzaj><sln:powIIPId>4d601c02-4693-43d1-85b5-bd17b80d27a8</sln:powIIPId><sln:powIIPPn>PL.PZGIK.200</sln:powIIPPn><sln:powIIPWersja>2012-09-27T08:13:53+02:00</sln:powIIPWersja><sln:powIdTeryt>1421</sln:powIdTeryt><sln:powNazwa>pruszkowski</sln:powNazwa><sln:waznyOd>2011-08-29T00:00:00+02:00</sln:waznyOd><sln:wojIIPId>4b6c492a-eb04-441d-a92a-f44359c06de7</sln:wojIIPId><sln:wojIIPPn>PL.PZGIK.200</sln:wojIIPPn><sln:wojIIPWersja>2012-09-27T13:45:13+02:00</sln:wojIIPWersja><sln:wojIdTeryt>14</sln:wojIdTeryt><sln:wojNazwa>mazowieckie</sln:wojNazwa></sln:miejscowosc><sln:miejscowosc><sln:cyklZyciaDo>2015-11-13T00:00:00+01:00</sln:cyklZyciaDo><sln:cyklZyciaOd>2015-10-28T00:00:00+01:00</sln:cyklZyciaOd><sln:gmIIPId>8bdc621e-258a-41c1-a60d-c560c1f32109</sln:gmIIPId><sln:gmIIPPn>PL.PZGIK.200</sln:gmIIPPn><sln:gmIIPWersja>2012-09-26T22:54:49+02:00</sln:gmIIPWersja><sln:gmIdTeryt>1421042</sln:gmIdTeryt><sln:gmNazwa>Michałowice</sln:gmNazwa><sln:miejscIIPId>75a05b6a-9dca-4b66-bcaf-c7addf4a2809</sln:miejscIIPId><sln:miejscIIPPn>PL.PZGIK.200</sln:miejscIIPPn><sln:miejscIIPWersja>2016-11-24T08:20:43+02:00</sln:miejscIIPWersja><sln:miejscIdTeryt>0005279</sln:miejscIdTeryt><sln:miejscNazwa>Pęcice</sln:miejscNazwa><sln:miejscRodzaj>Wieś</sln:miejscRodzaj><sln:powIIPId>4d601c02-4693-43d1-85b5-bd17b80d27a8</sln:powIIPId><sln:powIIPPn>PL.PZGIK.200</sln:powIIPPn><sln:powIIPWersja>2012-09-27T08:13:53+02:00</sln:powIIPWersja><sln:powIdTeryt>1421</sln:powIdTeryt><sln:powNazwa>pruszkowski</sln:powNazwa><sln:waznyOd>2011-08-29T00:00:00+02:00</sln:waznyOd><sln:wojIIPId>4b6c492a-eb04-441d-a92a-f44359c06de7</sln:wojIIPId><sln:wojIIPPn>PL.PZGIK.200</sln:wojIIPPn><sln:wojIIPWersja>2012-09-27T13:45:13+02:00</sln:wojIIPWersja><sln:wojIdTeryt>14</sln:wojIdTeryt><sln:wojNazwa>mazowieckie</sln:wojNazwa></sln:miejscowosc><sln:miejscowosc><sln:cyklZyciaDo>2015-11-13T00:00:00+01:00</sln:cyklZyciaDo><sln:cyklZyciaOd>2015-10-28T00:00:00+01:00</sln:cyklZyciaOd><sln:gmIIPId>8bdc621e-258a-41c1-a60d-c560c1f32109</sln:gmIIPId><sln:gmIIPPn>PL.PZGIK.200</sln:gmIIPPn><sln:gmIIPWersja>2012-09-26T22:54:49+02:00</sln:gmIIPWersja><sln:gmIdTeryt>1421042</sln:gmIdTeryt><sln:gmNazwa>Michałowice</sln:gmNazwa><sln:miejscIIPId>81578354-004f-4d18-854d-51d16f68b469</sln:miejscIIPId><sln:miejscIIPPn>PL.PZGIK.200</sln:miejscIIPPn><sln:miejscIIPWersja>2016-11-24T08:20:45+02:00</sln:miejscIIPWersja><sln:miejscIdTeryt>0005285</sln:miejscIdTeryt><sln:miejscNazwa>Pęcice Małe</sln:miejscNazwa><sln:miejscRodzaj>Wieś</sln:miejscRodzaj><sln:powIIPId>4d601c02-4693-43d1-85b5-bd17b80d27a8</sln:powIIPId><sln:powIIPPn>PL.PZGIK.200</sln:powIIPPn><sln:powIIPWersja>2012-09-27T08:13:53+02:00</sln:powIIPWersja><sln:powIdTeryt>1421</sln:powIdTeryt><sln:powNazwa>pruszkowski</sln:powNazwa><sln:waznyOd>2011-08-29T00:00:00+02:00</sln:waznyOd><sln:wojIIPId>4b6c492a-eb04-441d-a92a-f44359c06de7</sln:wojIIPId><sln:wojIIPPn>PL.PZGIK.200</sln:wojIIPPn><sln:wojIIPWersja>2012-09-27T13:45:13+02:00</sln:wojIIPWersja><sln:wojIdTeryt>14</sln:wojIdTeryt><sln:wojNazwa>mazowieckie</sln:wojNazwa></sln:miejscowosc><sln:miejscowosc><sln:cyklZyciaDo>2015-11-13T00:00:00+01:00</sln:cyklZyciaDo><sln:cyklZyciaOd>2015-10-28T00:00:00+01:00</sln:cyklZyciaOd><sln:gmIIPId>8bdc621e-258a-41c1-a60d-c560c1f32109</sln:gmIIPId><sln:gmIIPPn>PL.PZGIK.200</sln:gmIIPPn><sln:gmIIPWersja>2012-09-26T22:54:49+02:00</sln:gmIIPWersja><sln:gmIdTeryt>1421042</sln:gmIdTeryt><sln:gmNazwa>Michałowice</sln:gmNazwa><sln:miejscIIPId>74d4a341-aa51-445e-bc62-20751a12be32</sln:miejscIIPId><sln:miejscIIPPn>PL.PZGIK.200</sln:miejscIIPPn><sln:miejscIIPWersja>2016-11-24T08:20:47+02:00</sln:miejscIIPWersja><sln:miejscIdTeryt>0005300</sln:miejscIdTeryt><sln:miejscNazwa>Reguły</sln:miejscNazwa><sln:miejscRodzaj>Wieś</sln:miejscRodzaj><sln:powIIPId>4d601c02-4693-43d1-85b5-bd17b80d27a8</sln:powIIPId><sln:powIIPPn>PL.PZGIK.200</sln:powIIPPn><sln:powIIPWersja>2012-09-27T08:13:53+02:00</sln:powIIPWersja><sln:powIdTeryt>1421</sln:powIdTeryt><sln:powNazwa>pruszkowski</sln:powNazwa><sln:waznyOd>2011-08-29T00:00:00+02:00</sln:waznyOd><sln:wojIIPId>4b6c492a-eb04-441d-a92a-f44359c06de7</sln:wojIIPId><sln:wojIIPPn>PL.PZGIK.200</sln:wojIIPPn><sln:wojIIPWersja>2012-09-27T13:45:13+02:00</sln:wojIIPWersja><sln:wojIdTeryt>14</sln:wojIdTeryt><sln:wojNazwa>mazowieckie</sln:wojNazwa></sln:miejscowosc><sln:miejscowosc><sln:cyklZyciaDo>2015-11-13T00:00:00+01:00</sln:cyklZyciaDo><sln:cyklZyciaOd>2015-10-28T00:00:00+01:00</sln:cyklZyciaOd><sln:gmIIPId>8bdc621e-258a-41c1-a60d-c560c1f32109</sln:gmIIPId><sln:gmIIPPn>PL.PZGIK.200</sln:gmIIPPn><sln:gmIIPWersja>2012-09-26T22:54:49+02:00</sln:gmIIPWersja><sln:gmIdTeryt>1421042</sln:gmIdTeryt><sln:gmNazwa>Michałowice</sln:gmNazwa><sln:miejscIIPId>21cba7f5-80c9-43a6-b152-92848f8ff3d3</sln:miejscIIPId><sln:miejscIIPPn>PL.PZGIK.200</sln:miejscIIPPn><sln:miejscIIPWersja>2016-11-24T08:20:49+02:00</sln:miejscIIPWersja><sln:miejscIdTeryt>0005316</sln:miejscIdTeryt><sln:miejscNazwa>Sokołów</sln:miejscNazwa><sln:miejscRodzaj>Wieś</sln:miejscRodzaj><sln:powIIPId>4d601c02-4693-43d1-85b5-bd17b80d27a8</sln:powIIPId><sln:powIIPPn>PL.PZGIK.200</sln:powIIPPn><sln:powIIPWersja>2012-09-27T08:13:53+02:00</sln:powIIPWersja><sln:powIdTeryt>1421</sln:powIdTeryt><sln:powNazwa>pruszkowski</sln:powNazwa><sln:waznyOd>2011-07-25T00:00:00+02:00</sln:waznyOd><sln:wojIIPId>4b6c492a-eb04-441d-a92a-f44359c06de7</sln:wojIIPId><sln:wojIIPPn>PL.PZGIK.200</sln:wojIIPPn><sln:wojIIPWersja>2012-09-27T13:45:13+02:00</sln:wojIIPWersja><sln:wojIdTeryt>14</sln:wojIdTeryt><sln:wojNazwa>mazowieckie</sln:wojNazwa></sln:miejscowosc><sln:miejscowosc><sln:cyklZyciaDo>2015-11-13T00:00:00+01:00</sln:cyklZyciaDo><sln:cyklZyciaOd>2015-10-28T00:00:00+01:00</sln:cyklZyciaOd><sln:gmIIPId>8bdc621e-258a-41c1-a60d-c560c1f32109</sln:gmIIPId><sln:gmIIPPn>PL.PZGIK.200</sln:gmIIPPn><sln:gmIIPWersja>2012-09-26T22:54:49+02:00</sln:gmIIPWersja><sln:gmIdTeryt>1421042</sln:gmIdTeryt><sln:gmNazwa>Michałowice</sln:gmNazwa><sln:miejscIIPId>e435e241-4bba-4abe-8c95-e789b4198887</sln:miejscIIPId><sln:miejscIIPPn>PL.PZGIK.200</sln:miejscIIPPn><sln:miejscIIPWersja>2016-11-24T08:20:51+02:00</sln:miejscIIPWersja><sln:miejscIdTeryt>0005322</sln:miejscIdTeryt><sln:miejscNazwa>Suchy Las</sln:miejscNazwa><sln:miejscRodzaj>Wieś</sln:miejscRodzaj><sln:powIIPId>4d601c02-4693-43d1-85b5-bd17b80d27a8</sln:powIIPId><sln:powIIPPn>PL.PZGIK.200</sln:powIIPPn><sln:powIIPWersja>2012-09-27T08:13:53+02:00</sln:powIIPWersja><sln:powIdTeryt>1421</sln:powIdTeryt><sln:powNazwa>pruszkowski</sln:powNazwa><sln:waznyOd>2011-08-29T00:00:00+02:00</sln:waznyOd><sln:wojIIPId>4b6c492a-eb04-441d-a92a-f44359c06de7</sln:wojIIPId><sln:wojIIPPn>PL.PZGIK.200</sln:wojIIPPn><sln:wojIIPWersja>2012-09-27T13:45:13+02:00</sln:wojIIPWersja><sln:wojIdTeryt>14</sln:wojIdTeryt><sln:wojNazwa>mazowieckie</sln:wojNazwa></sln:miejscowosc><sln:miejscowosc><sln:cyklZyciaOd>2017-03-08T00:00:00+01:00</sln:cyklZyciaOd><sln:gmIIPId>8bdc621e-258a-41c1-a60d-c560c1f32109</sln:gmIIPId><sln:gmIIPPn>PL.PZGIK.200</sln:gmIIPPn><sln:gmIIPWersja>2012-09-26T22:54:49+02:00</sln:gmIIPWersja><sln:gmIdTeryt>1421042</sln:gmIdTeryt><sln:gmNazwa>Michałowice</sln:gmNazwa><sln:miejscIIPId>be949313-b009-4ea2-8062-c7ec3d88efba</sln:miejscIIPId><sln:miejscIIPPn>PL.PZGIK.200</sln:miejscIIPPn><sln:miejscIIPWersja>2017-03-08T16:21:04+02:00</sln:miejscIIPWersja><sln:miejscIdTeryt>0005196</sln:miejscIdTeryt><sln:miejscNazwa>Granica</sln:miejscNazwa><sln:miejscRodzaj>Wieś</sln:miejscRodzaj><sln:powIIPId>4d601c02-4693-43d1-85b5-bd17b80d27a8</sln:powIIPId><sln:powIIPPn>PL.PZGIK.200</sln:powIIPPn><sln:powIIPWersja>2012-09-27T08:13:53+02:00</sln:powIIPWersja><sln:powIdTeryt>1421</sln:powIdTeryt><sln:powNazwa>pruszkowski</sln:powNazwa><sln:waznyOd>2011-08-29T00:00:00+02:00</sln:waznyOd><sln:wojIIPId>4b6c492a-eb04-441d-a92a-f44359c06de7</sln:wojIIPId><sln:wojIIPPn>PL.PZGIK.200</sln:wojIIPPn><sln:wojIIPWersja>2012-09-27T13:45:13+02:00</sln:wojIIPWersja><sln:wojIdTeryt>14</sln:wojIdTeryt><sln:wojNazwa>mazowieckie</sln:wojNazwa></sln:miejscowosc><sln:miejscowosc><sln:cyklZyciaOd>2017-03-08T00:00:00+01:00</sln:cyklZyciaOd><sln:gmIIPId>8bdc621e-258a-41c1-a60d-c560c1f32109</sln:gmIIPId><sln:gmIIPPn>PL.PZGIK.200</sln:gmIIPPn><sln:gmIIPWersja>2012-09-26T22:54:49+02:00</sln:gmIIPWersja><sln:gmIdTeryt>1421042</sln:gmIdTeryt><sln:gmNazwa>Michałowice</sln:gmNazwa><sln:miejscIIPId>2b8f7c9e-1be9-4d0e-90f8-17ac4a882c16</sln:miejscIIPId><sln:miejscIIPPn>PL.PZGIK.200</sln:miejscIIPPn><sln:miejscIIPWersja>2017-03-08T16:21:08+02:00</sln:miejscIIPWersja><sln:miejscIdTeryt>0005204</sln:miejscIdTeryt><sln:miejscNazwa>Komorów</sln:miejscNazwa><sln:miejscRodzaj>Wieś</sln:miejscRodzaj><sln:powIIPId>4d601c02-4693-43d1-85b5-bd17b80d27a8</sln:powIIPId><sln:powIIPPn>PL.PZGIK.200</sln:powIIPPn><sln:powIIPWersja>2012-09-27T08:13:53+02:00</sln:powIIPWersja><sln:powIdTeryt>1421</sln:powIdTeryt><sln:powNazwa>pruszkowski</sln:powNazwa><sln:waznyOd>2011-08-29T00:00:00+02:00</sln:waznyOd><sln:wojIIPId>4b6c492a-eb04-441d-a92a-f44359c06de7</sln:wojIIPId><sln:wojIIPPn>PL.PZGIK.200</sln:wojIIPPn><sln:wojIIPWersja>2012-09-27T13:45:13+02:00</sln:wojIIPWersja><sln:wojIdTeryt>14</sln:wojIdTeryt><sln:wojNazwa>mazowieckie</sln:wojNazwa></sln:miejscowosc><sln:miejscowosc><sln:cyklZyciaOd>2017-03-08T00:00:00+01:00</sln:cyklZyciaOd><sln:gmIIPId>8bdc621e-258a-41c1-a60d-c560c1f32109</sln:gmIIPId><sln:gmIIPPn>PL.PZGIK.200</sln:gmIIPPn><sln:gmIIPWersja>2012-09-26T22:54:49+02:00</sln:gmIIPWersja><sln:gmIdTeryt>1421042</sln:gmIdTeryt><sln:gmNazwa>Michałowice</sln:gmNazwa><sln:miejscIIPId>de4bea59-f537-466b-b622-203ce6331d82</sln:miejscIIPId><sln:miejscIIPPn>PL.PZGIK.200</sln:miejscIIPPn><sln:miejscIIPWersja>2017-03-08T16:21:08+02:00</sln:miejscIIPWersja><sln:miejscIdTeryt>0005210</sln:miejscIdTeryt><sln:miejscNazwa>Michałowice</sln:miejscNazwa><sln:miejscRodzaj>Wieś</sln:miejscRodzaj><sln:powIIPId>4d601c02-4693-43d1-85b5-bd17b80d27a8</sln:powIIPId><sln:powIIPPn>PL.PZGIK.200</sln:powIIPPn><sln:powIIPWersja>2012-09-27T08:13:53+02:00</sln:powIIPWersja><sln:powIdTeryt>1421</sln:powIdTeryt><sln:powNazwa>pruszkowski</sln:powNazwa><sln:waznyOd>2013-01-02T00:00:00+01:00</sln:waznyOd><sln:wojIIPId>4b6c492a-eb04-441d-a92a-f44359c06de7</sln:wojIIPId><sln:wojIIPPn>PL.PZGIK.200</sln:wojIIPPn><sln:wojIIPWersja>2012-09-27T13:45:13+02:00</sln:wojIIPWersja><sln:wojIdTeryt>14</sln:wojIdTeryt><sln:wojNazwa>mazowieckie</sln:wojNazwa></sln:miejscowosc><sln:miejscowosc><sln:cyklZyciaOd>2017-03-08T00:00:00+01:00</sln:cyklZyciaOd><sln:gmIIPId>8bdc621e-258a-41c1-a60d-c560c1f32109</sln:gmIIPId><sln:gmIIPPn>PL.PZGIK.200</sln:gmIIPPn><sln:gmIIPWersja>2012-09-26T22:54:49+02:00</sln:gmIIPWersja><sln:gmIdTeryt>1421042</sln:gmIdTeryt><sln:gmNazwa>Michałowice</sln:gmNazwa><sln:miejscIIPId>ae8fc0f8-e6d2-4d62-a877-05b5bc0a24a0</sln:miejscIIPId><sln:miejscIIPPn>PL.PZGIK.200</sln:miejscIIPPn><sln:miejscIIPWersja>2017-03-08T16:21:08+02:00</sln:miejscIIPWersja><sln:miejscIdTeryt>0005227</sln:miejscIdTeryt><sln:miejscNazwa>Michałowice-Wieś</sln:miejscNazwa><sln:miejscRodzaj>Wieś</sln:miejscRodzaj><sln:powIIPId>4d601c02-4693-43d1-85b5-bd17b80d27a8</sln:powIIPId><sln:powIIPPn>PL.PZGIK.200</sln:powIIPPn><sln:powIIPWersja>2012-09-27T08:13:53+02:00</sln:powIIPWersja><sln:powIdTeryt>1421</sln:powIdTeryt><sln:powNazwa>pruszkowski</sln:powNazwa><sln:waznyOd>2012-06-06T00:00:00+02:00</sln:waznyOd><sln:wojIIPId>4b6c492a-eb04-441d-a92a-f44359c06de7</sln:wojIIPId><sln:wojIIPPn>PL.PZGIK.200</sln:wojIIPPn><sln:wojIIPWersja>2012-09-27T13:45:13+02:00</sln:wojIIPWersja><sln:wojIdTeryt>14</sln:wojIdTeryt><sln:wojNazwa>mazowieckie</sln:wojNazwa></sln:miejscowosc><sln:miejscowosc><sln:cyklZyciaOd>2017-03-08T00:00:00+01:00</sln:cyklZyciaOd><sln:gmIIPId>8bdc621e-258a-41c1-a60d-c560c1f32109</sln:gmIIPId><sln:gmIIPPn>PL.PZGIK.200</sln:gmIIPPn><sln:gmIIPWersja>2012-09-26T22:54:49+02:00</sln:gmIIPWersja><sln:gmIdTeryt>1421042</sln:gmIdTeryt><sln:gmNazwa>Michałowice</sln:gmNazwa><sln:miejscIIPId>fbb78312-93a5-4ef9-980d-8f805a42def5</sln:miejscIIPId><sln:miejscIIPPn>PL.PZGIK.200</sln:miejscIIPPn><sln:miejscIIPWersja>2017-03-08T16:21:09+02:00</sln:miejscIIPWersja><sln:miejscIdTeryt>0005233</sln:miejscIdTeryt><sln:miejscNazwa>Nowa Wieś</sln:miejscNazwa><sln:miejscRodzaj>Wieś</sln:miejscRodzaj><sln:powIIPId>4d601c02-4693-43d1-85b5-bd17b80d27a8</sln:powIIPId><sln:powIIPPn>PL.PZGIK.200</sln:powIIPPn><sln:powIIPWersja>2012-09-27T08:13:53+02:00</sln:powIIPWersja><sln:powIdTeryt>1421</sln:powIdTeryt><sln:powNazwa>pruszkowski</sln:powNazwa><sln:waznyOd>2011-08-29T00:00:00+02:00</sln:waznyOd><sln:wojIIPId>4b6c492a-eb04-441d-a92a-f44359c06de7</sln:wojIIPId><sln:wojIIPPn>PL.PZGIK.200</sln:wojIIPPn><sln:wojIIPWersja>2012-09-27T13:45:13+02:00</sln:wojIIPWersja><sln:wojIdTeryt>14</sln:wojIdTeryt><sln:wojNazwa>mazowieckie</sln:wojNazwa></sln:miejscowosc><sln:miejscowosc><sln:cyklZyciaOd>2017-03-08T00:00:00+01:00</sln:cyklZyciaOd><sln:gmIIPId>8bdc621e-258a-41c1-a60d-c560c1f32109</sln:gmIIPId><sln:gmIIPPn>PL.PZGIK.200</sln:gmIIPPn><sln:gmIIPWersja>2012-09-26T22:54:49+02:00</sln:gmIIPWersja><sln:gmIdTeryt>1421042</sln:gmIdTeryt><sln:gmNazwa>Michałowice</sln:gmNazwa><sln:miejscIIPId>7dd398d4-5080-4cfe-ad90-55382324d001</sln:miejscIIPId><sln:miejscIIPPn>PL.PZGIK.200</sln:miejscIIPPn><sln:miejscIIPWersja>2017-03-08T16:21:09+02:00</sln:miejscIIPWersja><sln:miejscIdTeryt>0005240</sln:miejscIdTeryt><sln:miejscNazwa>Helenów</sln:miejscNazwa><sln:miejscRodzaj>Inny obiekt</sln:miejscRodzaj><sln:powIIPId>4d601c02-4693-43d1-85b5-bd17b80d27a8</sln:powIIPId><sln:powIIPPn>PL.PZGIK.200</sln:powIIPPn><sln:powIIPWersja>2012-09-27T08:13:53+02:00</sln:powIIPWersja><sln:powIdTeryt>1421</sln:powIdTeryt><sln:powNazwa>pruszkowski</sln:powNazwa><sln:waznyOd>2013-01-08T00:00:00+01:00</sln:waznyOd><sln:wojIIPId>4b6c492a-eb04-441d-a92a-f44359c06de7</sln:wojIIPId><sln:wojIIPPn>PL.PZGIK.200</sln:wojIIPPn><sln:wojIIPWersja>2012-09-27T13:45:13+02:00</sln:wojIIPWersja><sln:wojIdTeryt>14</sln:wojIdTeryt><sln:wojNazwa>mazowieckie</sln:wojNazwa></sln:miejscowosc><sln:miejscowosc><sln:cyklZyciaOd>2017-03-08T00:00:00+01:00</sln:cyklZyciaOd><sln:gmIIPId>8bdc621e-258a-41c1-a60d-c560c1f32109</sln:gmIIPId><sln:gmIIPPn>PL.PZGIK.200</sln:gmIIPPn><sln:gmIIPWersja>2012-09-26T22:54:49+02:00</sln:gmIIPWersja><sln:gmIdTeryt>1421042</sln:gmIdTeryt><sln:gmNazwa>Michałowice</sln:gmNazwa><sln:miejscIIPId>bfbed412-503f-434c-b955-3ebdaa97f5d9</sln:miejscIIPId><sln:miejscIIPPn>PL.PZGIK.200</sln:miejscIIPPn><sln:miejscIIPWersja>2017-03-08T16:21:09+02:00</sln:miejscIIPWersja><sln:miejscIdTeryt>0005256</sln:miejscIdTeryt><sln:miejscNazwa>Opacz-Kolonia</sln:miejscNazwa><sln:miejscRodzaj>Wieś</sln:miejscRodzaj><sln:powIIPId>4d601c02-4693-43d1-85b5-bd17b80d27a8</sln:powIIPId><sln:powIIPPn>PL.PZGIK.200</sln:powIIPPn><sln:powIIPWersja>2012-09-27T08:13:53+02:00</sln:powIIPWersja><sln:powIdTeryt>1421</sln:powIdTeryt><sln:powNazwa>pruszkowski</sln:powNazwa><sln:waznyOd>2012-06-06T00:00:00+02:00</sln:waznyOd><sln:wojIIPId>4b6c492a-eb04-441d-a92a-f44359c06de7</sln:wojIIPId><sln:wojIIPPn>PL.PZGIK.200</sln:wojIIPPn><sln:wojIIPWersja>2012-09-27T13:45:13+02:00</sln:wojIIPWersja><sln:wojIdTeryt>14</sln:wojIdTeryt><sln:wojNazwa>mazowieckie</sln:wojNazwa></sln:miejscowosc><sln:miejscowosc><sln:cyklZyciaOd>2017-03-08T00:00:00+01:00</sln:cyklZyciaOd><sln:gmIIPId>8bdc621e-258a-41c1-a60d-c560c1f32109</sln:gmIIPId><sln:gmIIPPn>PL.PZGIK.200</sln:gmIIPPn><sln:gmIIPWersja>2012-09-26T22:54:49+02:00</sln:gmIIPWersja><sln:gmIdTeryt>1421042</sln:gmIdTeryt><sln:gmNazwa>Michałowice</sln:gmNazwa><sln:miejscIIPId>38b9451a-ad3a-4fa1-9b5e-97d266738763</sln:miejscIIPId><sln:miejscIIPPn>PL.PZGIK.200</sln:miejscIIPPn><sln:miejscIIPWersja>2017-03-08T16:21:09+02:00</sln:miejscIIPWersja><sln:miejscIdTeryt>0005262</sln:miejscIdTeryt><sln:miejscNazwa>Opacz Mała</sln:miejscNazwa><sln:miejscRodzaj>Wieś</sln:miejscRodzaj><sln:powIIPId>4d601c02-4693-43d1-85b5-bd17b80d27a8</sln:powIIPId><sln:powIIPPn>PL.PZGIK.200</sln:powIIPPn><sln:powIIPWersja>2012-09-27T08:13:53+02:00</sln:powIIPWersja><sln:powIdTeryt>1421</sln:powIdTeryt><sln:powNazwa>pruszkowski</sln:powNazwa><sln:waznyOd>2011-08-29T00:00:00+02:00</sln:waznyOd><sln:wojIIPId>4b6c492a-eb04-441d-a92a-f44359c06de7</sln:wojIIPId><sln:wojIIPPn>PL.PZGIK.200</sln:wojIIPPn><sln:wojIIPWersja>2012-09-27T13:45:13+02:00</sln:wojIIPWersja><sln:wojIdTeryt>14</sln:wojIdTeryt><sln:wojNazwa>mazowieckie</sln:wojNazwa></sln:miejscowosc><sln:miejscowosc><sln:cyklZyciaOd>2017-03-08T00:00:00+01:00</sln:cyklZyciaOd><sln:gmIIPId>8bdc621e-258a-41c1-a60d-c560c1f32109</sln:gmIIPId><sln:gmIIPPn>PL.PZGIK.200</sln:gmIIPPn><sln:gmIIPWersja>2012-09-26T22:54:49+02:00</sln:gmIIPWersja><sln:gmIdTeryt>1421042</sln:gmIdTeryt><sln:gmNazwa>Michałowice</sln:gmNazwa><sln:miejscIIPId>75a05b6a-9dca-4b66-bcaf-c7addf4a2809</sln:miejscIIPId><sln:miejscIIPPn>PL.PZGIK.200</sln:miejscIIPPn><sln:miejscIIPWersja>2017-03-08T16:21:09+02:00</sln:miejscIIPWersja><sln:miejscIdTeryt>0005279</sln:miejscIdTeryt><sln:miejscNazwa>Pęcice</sln:miejscNazwa><sln:miejscRodzaj>Wieś</sln:miejscRodzaj><sln:powIIPId>4d601c02-4693-43d1-85b5-bd17b80d27a8</sln:powIIPId><sln:powIIPPn>PL.PZGIK.200</sln:powIIPPn><sln:powIIPWersja>2012-09-27T08:13:53+02:00</sln:powIIPWersja><sln:powIdTeryt>1421</sln:powIdTeryt><sln:powNazwa>pruszkowski</sln:powNazwa><sln:waznyOd>2011-08-29T00:00:00+02:00</sln:waznyOd><sln:wojIIPId>4b6c492a-eb04-441d-a92a-f44359c06de7</sln:wojIIPId><sln:wojIIPPn>PL.PZGIK.200</sln:wojIIPPn><sln:wojIIPWersja>2012-09-27T13:45:13+02:00</sln:wojIIPWersja><sln:wojIdTeryt>14</sln:wojIdTeryt><sln:wojNazwa>mazowieckie</sln:wojNazwa></sln:miejscowosc><sln:miejscowosc><sln:cyklZyciaOd>2017-03-08T00:00:00+01:00</sln:cyklZyciaOd><sln:gmIIPId>8bdc621e-258a-41c1-a60d-c560c1f32109</sln:gmIIPId><sln:gmIIPPn>PL.PZGIK.200</sln:gmIIPPn><sln:gmIIPWersja>2012-09-26T22:54:49+02:00</sln:gmIIPWersja><sln:gmIdTeryt>1421042</sln:gmIdTeryt><sln:gmNazwa>Michałowice</sln:gmNazwa><sln:miejscIIPId>81578354-004f-4d18-854d-51d16f68b469</sln:miejscIIPId><sln:miejscIIPPn>PL.PZGIK.200</sln:miejscIIPPn><sln:miejscIIPWersja>2017-03-08T16:21:09+02:00</sln:miejscIIPWersja><sln:miejscIdTeryt>0005285</sln:miejscIdTeryt><sln:miejscNazwa>Pęcice Małe</sln:miejscNazwa><sln:miejscRodzaj>Wieś</sln:miejscRodzaj><sln:powIIPId>4d601c02-4693-43d1-85b5-bd17b80d27a8</sln:powIIPId><sln:powIIPPn>PL.PZGIK.200</sln:powIIPPn><sln:powIIPWersja>2012-09-27T08:13:53+02:00</sln:powIIPWersja><sln:powIdTeryt>1421</sln:powIdTeryt><sln:powNazwa>pruszkowski</sln:powNazwa><sln:waznyOd>2011-08-29T00:00:00+02:00</sln:waznyOd><sln:wojIIPId>4b6c492a-eb04-441d-a92a-f44359c06de7</sln:wojIIPId><sln:wojIIPPn>PL.PZGIK.200</sln:wojIIPPn><sln:wojIIPWersja>2012-09-27T13:45:13+02:00</sln:wojIIPWersja><sln:wojIdTeryt>14</sln:wojIdTeryt><sln:wojNazwa>mazowieckie</sln:wojNazwa></sln:miejscowosc><sln:miejscowosc><sln:cyklZyciaOd>2017-03-08T00:00:00+01:00</sln:cyklZyciaOd><sln:gmIIPId>8bdc621e-258a-41c1-a60d-c560c1f32109</sln:gmIIPId><sln:gmIIPPn>PL.PZGIK.200</sln:gmIIPPn><sln:gmIIPWersja>2012-09-26T22:54:49+02:00</sln:gmIIPWersja><sln:gmIdTeryt>1421042</sln:gmIdTeryt><sln:gmNazwa>Michałowice</sln:gmNazwa><sln:miejscIIPId>74d4a341-aa51-445e-bc62-20751a12be32</sln:miejscIIPId><sln:miejscIIPPn>PL.PZGIK.200</sln:miejscIIPPn><sln:miejscIIPWersja>2017-03-08T16:21:09+02:00</sln:miejscIIPWersja><sln:miejscIdTeryt>0005300</sln:miejscIdTeryt><sln:miejscNazwa>Reguły</sln:miejscNazwa><sln:miejscRodzaj>Wieś</sln:miejscRodzaj><sln:powIIPId>4d601c02-4693-43d1-85b5-bd17b80d27a8</sln:powIIPId><sln:powIIPPn>PL.PZGIK.200</sln:powIIPPn><sln:powIIPWersja>2012-09-27T08:13:53+02:00</sln:powIIPWersja><sln:powIdTeryt>1421</sln:powIdTeryt><sln:powNazwa>pruszkowski</sln:powNazwa><sln:waznyOd>2011-08-29T00:00:00+02:00</sln:waznyOd><sln:wojIIPId>4b6c492a-eb04-441d-a92a-f44359c06de7</sln:wojIIPId><sln:wojIIPPn>PL.PZGIK.200</sln:wojIIPPn><sln:wojIIPWersja>2012-09-27T13:45:13+02:00</sln:wojIIPWersja><sln:wojIdTeryt>14</sln:wojIdTeryt><sln:wojNazwa>mazowieckie</sln:wojNazwa></sln:miejscowosc><sln:miejscowosc><sln:cyklZyciaOd>2017-03-08T00:00:00+01:00</sln:cyklZyciaOd><sln:gmIIPId>8bdc621e-258a-41c1-a60d-c560c1f32109</sln:gmIIPId><sln:gmIIPPn>PL.PZGIK.200</sln:gmIIPPn><sln:gmIIPWersja>2012-09-26T22:54:49+02:00</sln:gmIIPWersja><sln:gmIdTeryt>1421042</sln:gmIdTeryt><sln:gmNazwa>Michałowice</sln:gmNazwa><sln:miejscIIPId>21cba7f5-80c9-43a6-b152-92848f8ff3d3</sln:miejscIIPId><sln:miejscIIPPn>PL.PZGIK.200</sln:miejscIIPPn><sln:miejscIIPWersja>2017-03-08T16:21:09+02:00</sln:miejscIIPWersja><sln:miejscIdTeryt>0005316</sln:miejscIdTeryt><sln:miejscNazwa>Sokołów</sln:miejscNazwa><sln:miejscRodzaj>Wieś</sln:miejscRodzaj><sln:powIIPId>4d601c02-4693-43d1-85b5-bd17b80d27a8</sln:powIIPId><sln:powIIPPn>PL.PZGIK.200</sln:powIIPPn><sln:powIIPWersja>2012-09-27T08:13:53+02:00</sln:powIIPWersja><sln:powIdTeryt>1421</sln:powIdTeryt><sln:powNazwa>pruszkowski</sln:powNazwa><sln:waznyOd>2011-07-25T00:00:00+02:00</sln:waznyOd><sln:wojIIPId>4b6c492a-eb04-441d-a92a-f44359c06de7</sln:wojIIPId><sln:wojIIPPn>PL.PZGIK.200</sln:wojIIPPn><sln:wojIIPWersja>2012-09-27T13:45:13+02:00</sln:wojIIPWersja><sln:wojIdTeryt>14</sln:wojIdTeryt><sln:wojNazwa>mazowieckie</sln:wojNazwa></sln:miejscowosc><sln:miejscowosc><sln:cyklZyciaOd>2017-03-08T00:00:00+01:00</sln:cyklZyciaOd><sln:gmIIPId>8bdc621e-258a-41c1-a60d-c560c1f32109</sln:gmIIPId><sln:gmIIPPn>PL.PZGIK.200</sln:gmIIPPn><sln:gmIIPWersja>2012-09-26T22:54:49+02:00</sln:gmIIPWersja><sln:gmIdTeryt>1421042</sln:gmIdTeryt><sln:gmNazwa>Michałowice</sln:gmNazwa><sln:miejscIIPId>e435e241-4bba-4abe-8c95-e789b4198887</sln:miejscIIPId><sln:miejscIIPPn>PL.PZGIK.200</sln:miejscIIPPn><sln:miejscIIPWersja>2017-03-08T16:21:09+02:00</sln:miejscIIPWersja><sln:miejscIdTeryt>0005322</sln:miejscIdTeryt><sln:miejscNazwa>Suchy Las</sln:miejscNazwa><sln:miejscRodzaj>Wieś</sln:miejscRodzaj><sln:powIIPId>4d601c02-4693-43d1-85b5-bd17b80d27a8</sln:powIIPId><sln:powIIPPn>PL.PZGIK.200</sln:powIIPPn><sln:powIIPWersja>2012-09-27T08:13:53+02:00</sln:powIIPWersja><sln:powIdTeryt>1421</sln:powIdTeryt><sln:powNazwa>pruszkowski</sln:powNazwa><sln:waznyOd>2011-08-29T00:00:00+02:00</sln:waznyOd><sln:wojIIPId>4b6c492a-eb04-441d-a92a-f44359c06de7</sln:wojIIPId><sln:wojIIPPn>PL.PZGIK.200</sln:wojIIPPn><sln:wojIIPWersja>2012-09-27T13:45:13+02:00</sln:wojIIPWersja><sln:wojIdTeryt>14</sln:wojIdTeryt><sln:wojNazwa>mazowieckie</sln:wojNazwa></sln:miejscowosc></sln:lista-miejscowosci>