<?xml version="1.0" encoding="UTF-8" standalone="yes"?><sln:lista-miejscowosci xmlns:srv="http://gugik.gov.pl/schemas/slowniki-service/1.0" xmlns:sln="http://gugik.gov.pl/schemas/slowniki-schema/1.0"><sln:miejscowosc><sln:cyklZyciaDo>2017-03-28T00:00:00+02:00</sln:cyklZyciaDo><sln:cyklZyciaOd>2014-12-10T00:00:00+01:00</sln:cyklZyciaOd><sln:gmIIPId>3735393e-7dab-4cea-92c1-ebe85e13d092</sln:gmIIPId><sln:gmIIPPn>PL.PZGIK.200</sln:gmIIPPn><sln:gmIIPWersja>2012-09-26T22:54:04+02:00</sln:gmIIPWersja><sln:gmIdTeryt>1419122</sln:gmIdTeryt><sln:gmNazwa>Słupno</sln:gmNazwa><sln:miejscIIPId>b0ae5269-9896-4759-bdc4-e172df5cca2f</sln:miejscIIPId><sln:miejscIIPPn>PL.PZGIK.200</sln:miejscIIPPn><sln:miejscIIPWersja>2016-11-24T11:18:38+02:00</sln:miejscIIPWersja><sln:miejscIdTeryt>0575628</sln:miejscIdTeryt><sln:miejscNazwa>Barcikowo</sln:miejscNazwa><sln:miejscRodzaj>Inny obiekt</sln:miejscRodzaj><sln:powIIPId>b3b3dfff-c9b2-4d74-8cf8-f21e620136f6</sln:powIIPId><sln:powIIPPn>PL.PZGIK.200</sln:powIIPPn><sln:powIIPWersja>2012-09-27T08:13:53+02:00</sln:powIIPWersja><sln:powIdTeryt>1419</sln:powIdTeryt><sln:powNazwa>płocki</sln:powNazwa><sln:waznyOd>2014-02-28T00:00:00+01:00</sln:waznyOd><sln:wojIIPId>4b6c492a-eb04-441d-a92a-f44359c06de7</sln:wojIIPId><sln:wojIIPPn>PL.PZGIK.200</sln:wojIIPPn><sln:wojIIPWersja>2012-09-27T13:45:13+02:00</sln:wojIIPWersja><sln:wojIdTeryt>14</sln:wojIdTeryt><sln:wojNazwa>mazowieckie</sln:wojNazwa></sln:miejscowosc><sln:miejscowosc><sln:cyklZyciaDo>2017-03-28T00:00:00+02:00</sln:cyklZyciaDo><sln:cyklZyciaOd>2014-12-10T00:00:00+01:00</sln:cyklZyciaOd><sln:gmIIPId>3735393e-7dab-4cea-92c1-ebe85e13d092</sln:gmIIPId><sln:gmIIPPn>PL.PZGIK.200</sln:gmIIPPn><sln:gmIIPWersja>2012-09-26T22:54:04+02:00</sln:gmIIPWersja><sln:gmIdTeryt>1419122</sln:gmIdTeryt><sln:gmNazwa>Słupno</sln:gmNazwa><sln:miejscIIPId>29e5367d-003c-430d-aaa5-ceeb93750522</sln:miejscIIPId><sln:miejscIIPPn>PL.PZGIK.200</sln:miejscIIPPn><sln:miejscIIPWersja>2016-11-24T11:18:38+02:00</sln:miejscIIPWersja><sln:miejscIdTeryt>0575947</sln:miejscIdTeryt><sln:miejscNazwa>Bielino</sln:miejscNazwa><sln:miejscRodzaj>Inny obiekt</sln:miejscRodzaj><sln:powIIPId>b3b3dfff-c9b2-4d74-8cf8-f21e620136f6</sln:powIIPId><sln:powIIPPn>PL.PZGIK.200</sln:powIIPPn><sln:powIIPWersja>2012-09-27T08:13:53+02:00</sln:powIIPWersja><sln:powIdTeryt>1419</sln:powIdTeryt><sln:powNazwa>płocki</sln:powNazwa><sln:waznyOd>2014-02-28T00:00:00+01:00</sln:waznyOd><sln:wojIIPId>4b6c492a-eb04-441d-a92a-f44359c06de7</sln:wojIIPId><sln:wojIIPPn>PL.PZGIK.200</sln:wojIIPPn><sln:wojIIPWersja>2012-09-27T13:45:13+02:00</sln:wojIIPWersja><sln:wojIdTeryt>14</sln:wojIdTeryt><sln:wojNazwa>mazowieckie</sln:wojNazwa></sln:miejscowosc><sln:miejscowosc><sln:cyklZyciaDo>2017-03-28T00:00:00+02:00</sln:cyklZyciaDo><sln:cyklZyciaOd>2014-12-10T00:00:00+01:00</sln:cyklZyciaOd><sln:gmIIPId>3735393e-7dab-4cea-92c1-ebe85e13d092</sln:gmIIPId><sln:gmIIPPn>PL.PZGIK.200</sln:gmIIPPn><sln:gmIIPWersja>2012-09-26T22:54:04+02:00</sln:gmIIPWersja><sln:gmIdTeryt>1419122</sln:gmIdTeryt><sln:gmNazwa>Słupno</sln:gmNazwa><sln:miejscIIPId>3e126aea-11c9-4f2c-8789-0451aaecff6a</sln:miejscIIPId><sln:miejscIIPPn>PL.PZGIK.200</sln:miejscIIPPn><sln:miejscIIPWersja>2016-11-24T11:18:38+02:00</sln:miejscIIPWersja><sln:miejscIdTeryt>0575670</sln:miejscIdTeryt><sln:miejscNazwa>Borowiczki-Pieńki</sln:miejscNazwa><sln:miejscRodzaj>Inny obiekt</sln:miejscRodzaj><sln:powIIPId>b3b3dfff-c9b2-4d74-8cf8-f21e620136f6</sln:powIIPId><sln:powIIPPn>PL.PZGIK.200</sln:powIIPPn><sln:powIIPWersja>2012-09-27T08:13:53+02:00</sln:powIIPWersja><sln:powIdTeryt>1419</sln:powIdTeryt><sln:powNazwa>płocki</sln:powNazwa><sln:waznyOd>2014-02-28T00:00:00+01:00</sln:waznyOd><sln:wojIIPId>4b6c492a-eb04-441d-a92a-f44359c06de7</sln:wojIIPId><sln:wojIIPPn>PL.PZGIK.200</sln:wojIIPPn><sln:wojIIPWersja>2012-09-27T13:45:13+02:00</sln:wojIIPWersja><sln:wojIdTeryt>14</sln:wojIdTeryt><sln:wojNazwa>mazowieckie</sln:wojNazwa></sln:miejscowosc><sln:miejscowosc><sln:cyklZyciaDo>2017-03-28T00:00:00+02:00</sln:cyklZyciaDo><sln:cyklZyciaOd>2014-12-10T00:00:00+01:00</sln:cyklZyciaOd><sln:gmIIPId>3735393e-7dab-4cea-92c1-ebe85e13d092</sln:gmIIPId><sln:gmIIPPn>PL.PZGIK.200</sln:gmIIPPn><sln:gmIIPWersja>2012-09-26T22:54:04+02:00</sln:gmIIPWersja><sln:gmIdTeryt>1419122</sln:gmIdTeryt><sln:gmNazwa>Słupno</sln:gmNazwa><sln:miejscIIPId>ea6e1289-c638-41a3-b867-a415ddd7320b</sln:miejscIIPId><sln:miejscIIPPn>PL.PZGIK.200</sln:miejscIIPPn><sln:miejscIIPWersja>2016-11-24T11:18:38+02:00</sln:miejscIIPWersja><sln:miejscIdTeryt>0575717</sln:miejscIdTeryt><sln:miejscNazwa>Cekanowo</sln:miejscNazwa><sln:miejscRodzaj>Inny obiekt</sln:miejscRodzaj><sln:powIIPId>b3b3dfff-c9b2-4d74-8cf8-f21e620136f6</sln:powIIPId><sln:powIIPPn>PL.PZGIK.200</sln:powIIPPn><sln:powIIPWersja>2012-09-27T08:13:53+02:00</sln:powIIPWersja><sln:powIdTeryt>1419</sln:powIdTeryt><sln:powNazwa>płocki</sln:powNazwa><sln:waznyOd>2014-02-28T00:00:00+01:00</sln:waznyOd><sln:wojIIPId>4b6c492a-eb04-441d-a92a-f44359c06de7</sln:wojIIPId><sln:wojIIPPn>PL.PZGIK.200</sln:wojIIPPn><sln:wojIIPWersja>2012-09-27T13:45:13+02:00</sln:wojIIPWersja><sln:wojIdTeryt>14</sln:wojIdTeryt><sln:wojNazwa>mazowieckie</sln:wojNazwa></sln:miejscowosc><sln:miejscowosc><sln:cyklZyciaDo>2017-03-28T00:00:00+02:00</sln:cyklZyciaDo><sln:cyklZyciaOd>2014-12-10T00:00:00+01:00</sln:cyklZyciaOd><sln:gmIIPId>3735393e-7dab-4cea-92c1-ebe85e13d092</sln:gmIIPId><sln:gmIIPPn>PL.PZGIK.200</sln:gmIIPPn><sln:gmIIPWersja>2012-09-26T22:54:04+02:00</sln:gmIIPWersja><sln:gmIdTeryt>1419122</sln:gmIdTeryt><sln:gmNazwa>Słupno</sln:gmNazwa><sln:miejscIIPId>dfd00678-3ea7-4d06-8012-206f57782e41</sln:miejscIIPId><sln:miejscIIPPn>PL.PZGIK.200</sln:miejscIIPPn><sln:miejscIIPWersja>2016-11-24T11:18:38+02:00</sln:miejscIIPWersja><sln:miejscIdTeryt>0575752</sln:miejscIdTeryt><sln:miejscNazwa>Gulczewo</sln:miejscNazwa><sln:miejscRodzaj>Inny obiekt</sln:miejscRodzaj><sln:powIIPId>b3b3dfff-c9b2-4d74-8cf8-f21e620136f6</sln:powIIPId><sln:powIIPPn>PL.PZGIK.200</sln:powIIPPn><sln:powIIPWersja>2012-09-27T08:13:53+02:00</sln:powIIPWersja><sln:powIdTeryt>1419</sln:powIdTeryt><sln:powNazwa>płocki</sln:powNazwa><sln:waznyOd>2014-03-07T00:00:00+01:00</sln:waznyOd><sln:wojIIPId>4b6c492a-eb04-441d-a92a-f44359c06de7</sln:wojIIPId><sln:wojIIPPn>PL.PZGIK.200</sln:wojIIPPn><sln:wojIIPWersja>2012-09-27T13:45:13+02:00</sln:wojIIPWersja><sln:wojIdTeryt>14</sln:wojIdTeryt><sln:wojNazwa>mazowieckie</sln:wojNazwa></sln:miejscowosc><sln:miejscowosc><sln:cyklZyciaDo>2017-03-28T00:00:00+02:00</sln:cyklZyciaDo><sln:cyklZyciaOd>2014-12-10T00:00:00+01:00</sln:cyklZyciaOd><sln:gmIIPId>3735393e-7dab-4cea-92c1-ebe85e13d092</sln:gmIIPId><sln:gmIIPPn>PL.PZGIK.200</sln:gmIIPPn><sln:gmIIPWersja>2012-09-26T22:54:04+02:00</sln:gmIIPWersja><sln:gmIdTeryt>1419122</sln:gmIdTeryt><sln:gmNazwa>Słupno</sln:gmNazwa><sln:miejscIIPId>42e1f5e9-36db-4e78-9bb9-6d51b3277f08</sln:miejscIIPId><sln:miejscIIPPn>PL.PZGIK.200</sln:miejscIIPPn><sln:miejscIIPWersja>2016-11-24T11:18:38+02:00</sln:miejscIIPWersja><sln:miejscIdTeryt>0575769</sln:miejscIdTeryt><sln:miejscNazwa>Liszyno</sln:miejscNazwa><sln:miejscRodzaj>Inny obiekt</sln:miejscRodzaj><sln:powIIPId>b3b3dfff-c9b2-4d74-8cf8-f21e620136f6</sln:powIIPId><sln:powIIPPn>PL.PZGIK.200</sln:powIIPPn><sln:powIIPWersja>2012-09-27T08:13:53+02:00</sln:powIIPWersja><sln:powIdTeryt>1419</sln:powIdTeryt><sln:powNazwa>płocki</sln:powNazwa><sln:waznyOd>2014-02-28T00:00:00+01:00</sln:waznyOd><sln:wojIIPId>4b6c492a-eb04-441d-a92a-f44359c06de7</sln:wojIIPId><sln:wojIIPPn>PL.PZGIK.200</sln:wojIIPPn><sln:wojIIPWersja>2012-09-27T13:45:13+02:00</sln:wojIIPWersja><sln:wojIdTeryt>14</sln:wojIdTeryt><sln:wojNazwa>mazowieckie</sln:wojNazwa></sln:miejscowosc><sln:miejscowosc><sln:cyklZyciaDo>2017-03-28T00:00:00+02:00</sln:cyklZyciaDo><sln:cyklZyciaOd>2014-12-10T00:00:00+01:00</sln:cyklZyciaOd><sln:gmIIPId>3735393e-7dab-4cea-92c1-ebe85e13d092</sln:gmIIPId><sln:gmIIPPn>PL.PZGIK.200</sln:gmIIPPn><sln:gmIIPWersja>2012-09-26T22:54:04+02:00</sln:gmIIPWersja><sln:gmIdTeryt>1419122</sln:gmIdTeryt><sln:gmNazwa>Słupno</sln:gmNazwa><sln:miejscIIPId>e27caea2-f7af-4591-9080-50866159f44f</sln:miejscIIPId><sln:miejscIIPPn>PL.PZGIK.200</sln:miejscIIPPn><sln:miejscIIPWersja>2016-11-24T11:18:38+02:00</sln:miejscIIPWersja><sln:miejscIdTeryt>0575775</sln:miejscIdTeryt><sln:miejscNazwa>Mijakowo</sln:miejscNazwa><sln:miejscRodzaj>Inny obiekt</sln:miejscRodzaj><sln:powIIPId>b3b3dfff-c9b2-4d74-8cf8-f21e620136f6</sln:powIIPId><sln:powIIPPn>PL.PZGIK.200</sln:powIIPPn><sln:powIIPWersja>2012-09-27T08:13:53+02:00</sln:powIIPWersja><sln:powIdTeryt>1419</sln:powIdTeryt><sln:powNazwa>płocki</sln:powNazwa><sln:waznyOd>2014-02-28T00:00:00+01:00</sln:waznyOd><sln:wojIIPId>4b6c492a-eb04-441d-a92a-f44359c06de7</sln:wojIIPId><sln:wojIIPPn>PL.PZGIK.200</sln:wojIIPPn><sln:wojIIPWersja>2012-09-27T13:45:13+02:00</sln:wojIIPWersja><sln:wojIdTeryt>14</sln:wojIdTeryt><sln:wojNazwa>mazowieckie</sln:wojNazwa></sln:miejscowosc><sln:miejscowosc><sln:cyklZyciaDo>2017-03-28T00:00:00+02:00</sln:cyklZyciaDo><sln:cyklZyciaOd>2014-12-10T00:00:00+01:00</sln:cyklZyciaOd><sln:gmIIPId>3735393e-7dab-4cea-92c1-ebe85e13d092</sln:gmIIPId><sln:gmIIPPn>PL.PZGIK.200</sln:gmIIPPn><sln:gmIIPWersja>2012-09-26T22:54:04+02:00</sln:gmIIPWersja><sln:gmIdTeryt>1419122</sln:gmIdTeryt><sln:gmNazwa>Słupno</sln:gmNazwa><sln:miejscIIPId>6dd707f5-e36d-46a9-85dd-18d791e1953b</sln:miejscIIPId><sln:miejscIIPPn>PL.PZGIK.200</sln:miejscIIPPn><sln:miejscIIPWersja>2016-11-24T11:18:38+02:00</sln:miejscIIPWersja><sln:miejscIdTeryt>0575781</sln:miejscIdTeryt><sln:miejscNazwa>Mirosław</sln:miejscNazwa><sln:miejscRodzaj>Inny obiekt</sln:miejscRodzaj><sln:powIIPId>b3b3dfff-c9b2-4d74-8cf8-f21e620136f6</sln:powIIPId><sln:powIIPPn>PL.PZGIK.200</sln:powIIPPn><sln:powIIPWersja>2012-09-27T08:13:53+02:00</sln:powIIPWersja><sln:powIdTeryt>1419</sln:powIdTeryt><sln:powNazwa>płocki</sln:powNazwa><sln:waznyOd>2014-02-28T00:00:00+01:00</sln:waznyOd><sln:wojIIPId>4b6c492a-eb04-441d-a92a-f44359c06de7</sln:wojIIPId><sln:wojIIPPn>PL.PZGIK.200</sln:wojIIPPn><sln:wojIIPWersja>2012-09-27T13:45:13+02:00</sln:wojIIPWersja><sln:wojIdTeryt>14</sln:wojIdTeryt><sln:wojNazwa>mazowieckie</sln:wojNazwa></sln:miejscowosc><sln:miejscowosc><sln:cyklZyciaDo>2017-03-28T00:00:00+02:00</sln:cyklZyciaDo><sln:cyklZyciaOd>2014-12-10T00:00:00+01:00</sln:cyklZyciaOd><sln:gmIIPId>3735393e-7dab-4cea-92c1-ebe85e13d092</sln:gmIIPId><sln:gmIIPPn>PL.PZGIK.200</sln:gmIIPPn><sln:gmIIPWersja>2012-09-26T22:54:04+02:00</sln:gmIIPWersja><sln:gmIdTeryt>1419122</sln:gmIdTeryt><sln:gmNazwa>Słupno</sln:gmNazwa><sln:miejscIIPId>4a619f0b-6556-452e-aed4-7ccc505c5afd</sln:miejscIIPId><sln:miejscIIPPn>PL.PZGIK.200</sln:miejscIIPPn><sln:miejscIIPWersja>2016-11-24T11:18:38+02:00</sln:miejscIIPWersja><sln:miejscIdTeryt>0575806</sln:miejscIdTeryt><sln:miejscNazwa>Miszewko-Stefany</sln:miejscNazwa><sln:miejscRodzaj>Inny obiekt</sln:miejscRodzaj><sln:powIIPId>b3b3dfff-c9b2-4d74-8cf8-f21e620136f6</sln:powIIPId><sln:powIIPPn>PL.PZGIK.200</sln:powIIPPn><sln:powIIPWersja>2012-09-27T08:13:53+02:00</sln:powIIPWersja><sln:powIdTeryt>1419</sln:powIdTeryt><sln:powNazwa>płocki</sln:powNazwa><sln:waznyOd>2014-02-28T00:00:00+01:00</sln:waznyOd><sln:wojIIPId>4b6c492a-eb04-441d-a92a-f44359c06de7</sln:wojIIPId><sln:wojIIPPn>PL.PZGIK.200</sln:wojIIPPn><sln:wojIIPWersja>2012-09-27T13:45:13+02:00</sln:wojIIPWersja><sln:wojIdTeryt>14</sln:wojIdTeryt><sln:wojNazwa>mazowieckie</sln:wojNazwa></sln:miejscowosc><sln:miejscowosc><sln:cyklZyciaDo>2017-03-28T00:00:00+02:00</sln:cyklZyciaDo><sln:cyklZyciaOd>2014-12-10T00:00:00+01:00</sln:cyklZyciaOd><sln:gmIIPId>3735393e-7dab-4cea-92c1-ebe85e13d092</sln:gmIIPId><sln:gmIIPPn>PL.PZGIK.200</sln:gmIIPPn><sln:gmIIPWersja>2012-09-26T22:54:04+02:00</sln:gmIIPWersja><sln:gmIdTeryt>1419122</sln:gmIdTeryt><sln:gmNazwa>Słupno</sln:gmNazwa><sln:miejscIIPId>c8603972-51b9-40f7-bd27-65a1616341ad</sln:miejscIIPId><sln:miejscIIPPn>PL.PZGIK.200</sln:miejscIIPPn><sln:miejscIIPWersja>2016-11-24T11:18:38+02:00</sln:miejscIIPWersja><sln:miejscIdTeryt>0575812</sln:miejscIdTeryt><sln:miejscNazwa>Miszewko Strzałkowskie</sln:miejscNazwa><sln:miejscRodzaj>Inny obiekt</sln:miejscRodzaj><sln:powIIPId>b3b3dfff-c9b2-4d74-8cf8-f21e620136f6</sln:powIIPId><sln:powIIPPn>PL.PZGIK.200</sln:powIIPPn><sln:powIIPWersja>2012-09-27T08:13:53+02:00</sln:powIIPWersja><sln:powIdTeryt>1419</sln:powIdTeryt><sln:powNazwa>płocki</sln:powNazwa><sln:waznyOd>2014-02-28T00:00:00+01:00</sln:waznyOd><sln:wojIIPId>4b6c492a-eb04-441d-a92a-f44359c06de7</sln:wojIIPId><sln:wojIIPPn>PL.PZGIK.200</sln:wojIIPPn><sln:wojIIPWersja>2012-09-27T13:45:13+02:00</sln:wojIIPWersja><sln:wojIdTeryt>14</sln:wojIdTeryt><sln:wojNazwa>mazowieckie</sln:wojNazwa></sln:miejscowosc><sln:miejscowosc><sln:cyklZyciaDo>2017-03-28T00:00:00+02:00</sln:cyklZyciaDo><sln:cyklZyciaOd>2014-12-10T00:00:00+01:00</sln:cyklZyciaOd><sln:gmIIPId>3735393e-7dab-4cea-92c1-ebe85e13d092</sln:gmIIPId><sln:gmIIPPn>PL.PZGIK.200</sln:gmIIPPn><sln:gmIIPWersja>2012-09-26T22:54:04+02:00</sln:gmIIPWersja><sln:gmIdTeryt>1419122</sln:gmIdTeryt><sln:gmNazwa>Słupno</sln:gmNazwa><sln:miejscIIPId>e8c71d22-f6e0-4bdb-8ae2-fb646906b1ac</sln:miejscIIPId><sln:miejscIIPPn>PL.PZGIK.200</sln:miejscIIPPn><sln:miejscIIPWersja>2016-11-24T11:18:38+02:00</sln:miejscIIPWersja><sln:miejscIdTeryt>0575835</sln:miejscIdTeryt><sln:miejscNazwa>Nowe Gulczewo</sln:miejscNazwa><sln:miejscRodzaj>Inny obiekt</sln:miejscRodzaj><sln:powIIPId>b3b3dfff-c9b2-4d74-8cf8-f21e620136f6</sln:powIIPId><sln:powIIPPn>PL.PZGIK.200</sln:powIIPPn><sln:powIIPWersja>2012-09-27T08:13:53+02:00</sln:powIIPWersja><sln:powIdTeryt>1419</sln:powIdTeryt><sln:powNazwa>płocki</sln:powNazwa><sln:waznyOd>2014-02-28T00:00:00+01:00</sln:waznyOd><sln:wojIIPId>4b6c492a-eb04-441d-a92a-f44359c06de7</sln:wojIIPId><sln:wojIIPPn>PL.PZGIK.200</sln:wojIIPPn><sln:wojIIPWersja>2012-09-27T13:45:13+02:00</sln:wojIIPWersja><sln:wojIdTeryt>14</sln:wojIdTeryt><sln:wojNazwa>mazowieckie</sln:wojNazwa></sln:miejscowosc><sln:miejscowosc><sln:cyklZyciaDo>2017-03-28T00:00:00+02:00</sln:cyklZyciaDo><sln:cyklZyciaOd>2014-12-10T00:00:00+01:00</sln:cyklZyciaOd><sln:gmIIPId>3735393e-7dab-4cea-92c1-ebe85e13d092</sln:gmIIPId><sln:gmIIPPn>PL.PZGIK.200</sln:gmIIPPn><sln:gmIIPWersja>2012-09-26T22:54:04+02:00</sln:gmIIPWersja><sln:gmIdTeryt>1419122</sln:gmIdTeryt><sln:gmNazwa>Słupno</sln:gmNazwa><sln:miejscIIPId>f08bdc0f-69d9-4d0c-b889-9e7bd1203829</sln:miejscIIPId><sln:miejscIIPPn>PL.PZGIK.200</sln:miejscIIPPn><sln:miejscIIPWersja>2016-11-24T11:18:38+02:00</sln:miejscIIPWersja><sln:miejscIdTeryt>0575864</sln:miejscIdTeryt><sln:miejscNazwa>Ramutowo</sln:miejscNazwa><sln:miejscRodzaj>Inny obiekt</sln:miejscRodzaj><sln:powIIPId>b3b3dfff-c9b2-4d74-8cf8-f21e620136f6</sln:powIIPId><sln:powIIPPn>PL.PZGIK.200</sln:powIIPPn><sln:powIIPWersja>2012-09-27T08:13:53+02:00</sln:powIIPWersja><sln:powIdTeryt>1419</sln:powIdTeryt><sln:powNazwa>płocki</sln:powNazwa><sln:waznyOd>2014-02-28T00:00:00+01:00</sln:waznyOd><sln:wojIIPId>4b6c492a-eb04-441d-a92a-f44359c06de7</sln:wojIIPId><sln:wojIIPPn>PL.PZGIK.200</sln:wojIIPPn><sln:wojIIPWersja>2012-09-27T13:45:13+02:00</sln:wojIIPWersja><sln:wojIdTeryt>14</sln:wojIdTeryt><sln:wojNazwa>mazowieckie</sln:wojNazwa></sln:miejscowosc><sln:miejscowosc><sln:cyklZyciaDo>2017-03-28T00:00:00+02:00</sln:cyklZyciaDo><sln:cyklZyciaOd>2014-12-10T00:00:00+01:00</sln:cyklZyciaOd><sln:gmIIPId>3735393e-7dab-4cea-92c1-ebe85e13d092</sln:gmIIPId><sln:gmIIPPn>PL.PZGIK.200</sln:gmIIPPn><sln:gmIIPWersja>2012-09-26T22:54:04+02:00</sln:gmIIPWersja><sln:gmIdTeryt>1419122</sln:gmIdTeryt><sln:gmNazwa>Słupno</sln:gmNazwa><sln:miejscIIPId>bf3bb7b8-1521-4030-a15d-cb45db8998ea</sln:miejscIIPId><sln:miejscIIPPn>PL.PZGIK.200</sln:miejscIIPPn><sln:miejscIIPWersja>2016-11-24T11:18:38+02:00</sln:miejscIIPWersja><sln:miejscIdTeryt>0575870</sln:miejscIdTeryt><sln:miejscNazwa>Rydzyno</sln:miejscNazwa><sln:miejscRodzaj>Inny obiekt</sln:miejscRodzaj><sln:powIIPId>b3b3dfff-c9b2-4d74-8cf8-f21e620136f6</sln:powIIPId><sln:powIIPPn>PL.PZGIK.200</sln:powIIPPn><sln:powIIPWersja>2012-09-27T08:13:53+02:00</sln:powIIPWersja><sln:powIdTeryt>1419</sln:powIdTeryt><sln:powNazwa>płocki</sln:powNazwa><sln:waznyOd>2014-02-28T00:00:00+01:00</sln:waznyOd><sln:wojIIPId>4b6c492a-eb04-441d-a92a-f44359c06de7</sln:wojIIPId><sln:wojIIPPn>PL.PZGIK.200</sln:wojIIPPn><sln:wojIIPWersja>2012-09-27T13:45:13+02:00</sln:wojIIPWersja><sln:wojIdTeryt>14</sln:wojIdTeryt><sln:wojNazwa>mazowieckie</sln:wojNazwa></sln:miejscowosc><sln:miejscowosc><sln:cyklZyciaDo>2017-03-28T00:00:00+02:00</sln:cyklZyciaDo><sln:cyklZyciaOd>2014-12-10T00:00:00+01:00</sln:cyklZyciaOd><sln:gmIIPId>3735393e-7dab-4cea-92c1-ebe85e13d092</sln:gmIIPId><sln:gmIIPPn>PL.PZGIK.200</sln:gmIIPPn><sln:gmIIPWersja>2012-09-26T22:54:04+02:00</sln:gmIIPWersja><sln:gmIdTeryt>1419122</sln:gmIdTeryt><sln:gmNazwa>Słupno</sln:gmNazwa><sln:miejscIIPId>00f73db3-6098-4e3d-a57b-4c71779a9956</sln:miejscIIPId><sln:miejscIIPPn>PL.PZGIK.200</sln:miejscIIPPn><sln:miejscIIPWersja>2016-11-24T11:18:38+02:00</sln:miejscIIPWersja><sln:miejscIdTeryt>0575893</sln:miejscIdTeryt><sln:miejscNazwa>Sambórz</sln:miejscNazwa><sln:miejscRodzaj>Inny obiekt</sln:miejscRodzaj><sln:powIIPId>b3b3dfff-c9b2-4d74-8cf8-f21e620136f6</sln:powIIPId><sln:powIIPPn>PL.PZGIK.200</sln:powIIPPn><sln:powIIPWersja>2012-09-27T08:13:53+02:00</sln:powIIPWersja><sln:powIdTeryt>1419</sln:powIdTeryt><sln:powNazwa>płocki</sln:powNazwa><sln:waznyOd>2014-02-28T00:00:00+01:00</sln:waznyOd><sln:wojIIPId>4b6c492a-eb04-441d-a92a-f44359c06de7</sln:wojIIPId><sln:wojIIPPn>PL.PZGIK.200</sln:wojIIPPn><sln:wojIIPWersja>2012-09-27T13:45:13+02:00</sln:wojIIPWersja><sln:wojIdTeryt>14</sln:wojIdTeryt><sln:wojNazwa>mazowieckie</sln:wojNazwa></sln:miejscowosc><sln:miejscowosc><sln:cyklZyciaDo>2017-03-28T00:00:00+02:00</sln:cyklZyciaDo><sln:cyklZyciaOd>2014-12-10T00:00:00+01:00</sln:cyklZyciaOd><sln:gmIIPId>3735393e-7dab-4cea-92c1-ebe85e13d092</sln:gmIIPId><sln:gmIIPPn>PL.PZGIK.200</sln:gmIIPPn><sln:gmIIPWersja>2012-09-26T22:54:04+02:00</sln:gmIIPWersja><sln:gmIdTeryt>1419122</sln:gmIdTeryt><sln:gmNazwa>Słupno</sln:gmNazwa><sln:miejscIIPId>beee382a-599c-4897-aea8-09188826b639</sln:miejscIIPId><sln:miejscIIPPn>PL.PZGIK.200</sln:miejscIIPPn><sln:miejscIIPWersja>2016-11-24T11:18:38+02:00</sln:miejscIIPWersja><sln:miejscIdTeryt>0575901</sln:miejscIdTeryt><sln:miejscNazwa>Słupno</sln:miejscNazwa><sln:miejscRodzaj>Inny obiekt</sln:miejscRodzaj><sln:powIIPId>b3b3dfff-c9b2-4d74-8cf8-f21e620136f6</sln:powIIPId><sln:powIIPPn>PL.PZGIK.200</sln:powIIPPn><sln:powIIPWersja>2012-09-27T08:13:53+02:00</sln:powIIPWersja><sln:powIdTeryt>1419</sln:powIdTeryt><sln:powNazwa>płocki</sln:powNazwa><sln:waznyOd>2014-02-28T00:00:00+01:00</sln:waznyOd><sln:wojIIPId>4b6c492a-eb04-441d-a92a-f44359c06de7</sln:wojIIPId><sln:wojIIPPn>PL.PZGIK.200</sln:wojIIPPn><sln:wojIIPWersja>2012-09-27T13:45:13+02:00</sln:wojIIPWersja><sln:wojIdTeryt>14</sln:wojIdTeryt><sln:wojNazwa>mazowieckie</sln:wojNazwa></sln:miejscowosc><sln:miejscowosc><sln:cyklZyciaDo>2017-03-28T00:00:00+02:00</sln:cyklZyciaDo><sln:cyklZyciaOd>2014-12-10T00:00:00+01:00</sln:cyklZyciaOd><sln:gmIIPId>3735393e-7dab-4cea-92c1-ebe85e13d092</sln:gmIIPId><sln:gmIIPPn>PL.PZGIK.200</sln:gmIIPPn><sln:gmIIPWersja>2012-09-26T22:54:04+02:00</sln:gmIIPWersja><sln:gmIdTeryt>1419122</sln:gmIdTeryt><sln:gmNazwa>Słupno</sln:gmNazwa><sln:miejscIIPId>101dec7b-edd2-4c74-bca4-c7d0c272ce1b</sln:miejscIIPId><sln:miejscIIPPn>PL.PZGIK.200</sln:miejscIIPPn><sln:miejscIIPWersja>2016-11-24T11:18:38+02:00</sln:miejscIIPWersja><sln:miejscIdTeryt>0575960</sln:miejscIdTeryt><sln:miejscNazwa>Stare Gulczewo</sln:miejscNazwa><sln:miejscRodzaj>Inny obiekt</sln:miejscRodzaj><sln:powIIPId>b3b3dfff-c9b2-4d74-8cf8-f21e620136f6</sln:powIIPId><sln:powIIPPn>PL.PZGIK.200</sln:powIIPPn><sln:powIIPWersja>2012-09-27T08:13:53+02:00</sln:powIIPWersja><sln:powIdTeryt>1419</sln:powIdTeryt><sln:powNazwa>płocki</sln:powNazwa><sln:waznyOd>2014-02-28T00:00:00+01:00</sln:waznyOd><sln:wojIIPId>4b6c492a-eb04-441d-a92a-f44359c06de7</sln:wojIIPId><sln:wojIIPPn>PL.PZGIK.200</sln:wojIIPPn><sln:wojIIPWersja>2012-09-27T13:45:13+02:00</sln:wojIIPWersja><sln:wojIdTeryt>14</sln:wojIdTeryt><sln:wojNazwa>mazowieckie</sln:wojNazwa></sln:miejscowosc><sln:miejscowosc><sln:cyklZyciaDo>2017-03-28T00:00:00+02:00</sln:cyklZyciaDo><sln:cyklZyciaOd>2014-12-10T00:00:00+01:00</sln:cyklZyciaOd><sln:gmIIPId>3735393e-7dab-4cea-92c1-ebe85e13d092</sln:gmIIPId><sln:gmIIPPn>PL.PZGIK.200</sln:gmIIPPn><sln:gmIIPWersja>2012-09-26T22:54:04+02:00</sln:gmIIPWersja><sln:gmIdTeryt>1419122</sln:gmIdTeryt><sln:gmNazwa>Słupno</sln:gmNazwa><sln:miejscIIPId>ffd95a99-87d1-4da9-b76f-543b3046f662</sln:miejscIIPId><sln:miejscIIPPn>PL.PZGIK.200</sln:miejscIIPPn><sln:miejscIIPWersja>2016-11-24T11:18:38+02:00</sln:miejscIIPWersja><sln:miejscIdTeryt>0575982</sln:miejscIdTeryt><sln:miejscNazwa>Szeligi</sln:miejscNazwa><sln:miejscRodzaj>Inny obiekt</sln:miejscRodzaj><sln:powIIPId>b3b3dfff-c9b2-4d74-8cf8-f21e620136f6</sln:powIIPId><sln:powIIPPn>PL.PZGIK.200</sln:powIIPPn><sln:powIIPWersja>2012-09-27T08:13:53+02:00</sln:powIIPWersja><sln:powIdTeryt>1419</sln:powIdTeryt><sln:powNazwa>płocki</sln:powNazwa><sln:waznyOd>2014-02-28T00:00:00+01:00</sln:waznyOd><sln:wojIIPId>4b6c492a-eb04-441d-a92a-f44359c06de7</sln:wojIIPId><sln:wojIIPPn>PL.PZGIK.200</sln:wojIIPPn><sln:wojIIPWersja>2012-09-27T13:45:13+02:00</sln:wojIIPWersja><sln:wojIdTeryt>14</sln:wojIdTeryt><sln:wojNazwa>mazowieckie</sln:wojNazwa></sln:miejscowosc><sln:miejscowosc><sln:cyklZyciaDo>2017-03-28T00:00:00+02:00</sln:cyklZyciaDo><sln:cyklZyciaOd>2014-12-10T00:00:00+01:00</sln:cyklZyciaOd><sln:gmIIPId>3735393e-7dab-4cea-92c1-ebe85e13d092</sln:gmIIPId><sln:gmIIPPn>PL.PZGIK.200</sln:gmIIPPn><sln:gmIIPWersja>2012-09-26T22:54:04+02:00</sln:gmIIPWersja><sln:gmIdTeryt>1419122</sln:gmIdTeryt><sln:gmNazwa>Słupno</sln:gmNazwa><sln:miejscIIPId>ca650275-9310-4dea-a7ef-1b9a3a9fbc8c</sln:miejscIIPId><sln:miejscIIPPn>PL.PZGIK.200</sln:miejscIIPPn><sln:miejscIIPWersja>2016-11-24T11:18:38+02:00</sln:miejscIIPWersja><sln:miejscIdTeryt>0575999</sln:miejscIdTeryt><sln:miejscNazwa>Święcieniec</sln:miejscNazwa><sln:miejscRodzaj>Inny obiekt</sln:miejscRodzaj><sln:powIIPId>b3b3dfff-c9b2-4d74-8cf8-f21e620136f6</sln:powIIPId><sln:powIIPPn>PL.PZGIK.200</sln:powIIPPn><sln:powIIPWersja>2012-09-27T08:13:53+02:00</sln:powIIPWersja><sln:powIdTeryt>1419</sln:powIdTeryt><sln:powNazwa>płocki</sln:powNazwa><sln:waznyOd>2014-02-28T00:00:00+01:00</sln:waznyOd><sln:wojIIPId>4b6c492a-eb04-441d-a92a-f44359c06de7</sln:wojIIPId><sln:wojIIPPn>PL.PZGIK.200</sln:wojIIPPn><sln:wojIIPWersja>2012-09-27T13:45:13+02:00</sln:wojIIPWersja><sln:wojIdTeryt>14</sln:wojIdTeryt><sln:wojNazwa>mazowieckie</sln:wojNazwa></sln:miejscowosc><sln:miejscowosc><sln:cyklZyciaDo>2017-03-28T00:00:00+02:00</sln:cyklZyciaDo><sln:cyklZyciaOd>2014-12-10T00:00:00+01:00</sln:cyklZyciaOd><sln:gmIIPId>3735393e-7dab-4cea-92c1-ebe85e13d092</sln:gmIIPId><sln:gmIIPPn>PL.PZGIK.200</sln:gmIIPPn><sln:gmIIPWersja>2012-09-26T22:54:04+02:00</sln:gmIIPWersja><sln:gmIdTeryt>1419122</sln:gmIdTeryt><sln:gmNazwa>Słupno</sln:gmNazwa><sln:miejscIIPId>baa8bdcb-6538-4d8e-8c85-63f2f02b20dc</sln:miejscIIPId><sln:miejscIIPPn>PL.PZGIK.200</sln:miejscIIPPn><sln:miejscIIPWersja>2016-11-24T11:18:38+02:00</sln:miejscIIPWersja><sln:miejscIdTeryt>0576007</sln:miejscIdTeryt><sln:miejscNazwa>Wykowo</sln:miejscNazwa><sln:miejscRodzaj>Inny obiekt</sln:miejscRodzaj><sln:powIIPId>b3b3dfff-c9b2-4d74-8cf8-f21e620136f6</sln:powIIPId><sln:powIIPPn>PL.PZGIK.200</sln:powIIPPn><sln:powIIPWersja>2012-09-27T08:13:53+02:00</sln:powIIPWersja><sln:powIdTeryt>1419</sln:powIdTeryt><sln:powNazwa>płocki</sln:powNazwa><sln:waznyOd>2014-02-28T00:00:00+01:00</sln:waznyOd><sln:wojIIPId>4b6c492a-eb04-441d-a92a-f44359c06de7</sln:wojIIPId><sln:wojIIPPn>PL.PZGIK.200</sln:wojIIPPn><sln:wojIIPWersja>2012-09-27T13:45:13+02:00</sln:wojIIPWersja><sln:wojIdTeryt>14</sln:wojIdTeryt><sln:wojNazwa>mazowieckie</sln:wojNazwa></sln:miejscowosc><sln:miejscowosc><sln:cyklZyciaOd>2017-03-28T00:00:00+02:00</sln:cyklZyciaOd><sln:gmIIPId>3735393e-7dab-4cea-92c1-ebe85e13d092</sln:gmIIPId><sln:gmIIPPn>PL.PZGIK.200</sln:gmIIPPn><sln:gmIIPWersja>2012-09-26T22:54:04+02:00</sln:gmIIPWersja><sln:gmIdTeryt>1419122</sln:gmIdTeryt><sln:gmNazwa>Słupno</sln:gmNazwa><sln:miejscIIPId>b0ae5269-9896-4759-bdc4-e172df5cca2f</sln:miejscIIPId><sln:miejscIIPPn>PL.PZGIK.200</sln:miejscIIPPn><sln:miejscIIPWersja>2017-03-28T10:30:10+02:00</sln:miejscIIPWersja><sln:miejscIdTeryt>0575628</sln:miejscIdTeryt><sln:miejscNazwa>Barcikowo</sln:miejscNazwa><sln:miejscRodzaj>Wieś</sln:miejscRodzaj><sln:powIIPId>b3b3dfff-c9b2-4d74-8cf8-f21e620136f6</sln:powIIPId><sln:powIIPPn>PL.PZGIK.200</sln:powIIPPn><sln:powIIPWersja>2012-09-27T08:13:53+02:00</sln:powIIPWersja><sln:powIdTeryt>1419</sln:powIdTeryt><sln:powNazwa>płocki</sln:powNazwa><sln:waznyOd>2014-02-28T00:00:00+01:00</sln:waznyOd><sln:wojIIPId>4b6c492a-eb04-441d-a92a-f44359c06de7</sln:wojIIPId><sln:wojIIPPn>PL.PZGIK.200</sln:wojIIPPn><sln:wojIIPWersja>2012-09-27T13:45:13+02:00</sln:wojIIPWersja><sln:wojIdTeryt>14</sln:wojIdTeryt><sln:wojNazwa>mazowieckie</sln:wojNazwa></sln:miejscowosc><sln:miejscowosc><sln:cyklZyciaOd>2017-03-28T00:00:00+02:00</sln:cyklZyciaOd><sln:gmIIPId>3735393e-7dab-4cea-92c1-ebe85e13d092</sln:gmIIPId><sln:gmIIPPn>PL.PZGIK.200</sln:gmIIPPn><sln:gmIIPWersja>2012-09-26T22:54:04+02:00</sln:gmIIPWersja><sln:gmIdTeryt>1419122</sln:gmIdTeryt><sln:gmNazwa>Słupno</sln:gmNazwa><sln:miejscIIPId>3e126aea-11c9-4f2c-8789-0451aaecff6a</sln:miejscIIPId><sln:miejscIIPPn>PL.PZGIK.200</sln:miejscIIPPn><sln:miejscIIPWersja>2017-03-28T10:30:17+02:00</sln:miejscIIPWersja><sln:miejscIdTeryt>0575670</sln:miejscIdTeryt><sln:miejscNazwa>Borowiczki-Pieńki</sln:miejscNazwa><sln:miejscRodzaj>Wieś</sln:miejscRodzaj><sln:powIIPId>b3b3dfff-c9b2-4d74-8cf8-f21e620136f6</sln:powIIPId><sln:powIIPPn>PL.PZGIK.200</sln:powIIPPn><sln:powIIPWersja>2012-09-27T08:13:53+02:00</sln:powIIPWersja><sln:powIdTeryt>1419</sln:powIdTeryt><sln:powNazwa>płocki</sln:powNazwa><sln:waznyOd>2014-02-28T00:00:00+01:00</sln:waznyOd><sln:wojIIPId>4b6c492a-eb04-441d-a92a-f44359c06de7</sln:wojIIPId><sln:wojIIPPn>PL.PZGIK.200</sln:wojIIPPn><sln:wojIIPWersja>2012-09-27T13:45:13+02:00</sln:wojIIPWersja><sln:wojIdTeryt>14</sln:wojIdTeryt><sln:wojNazwa>mazowieckie</sln:wojNazwa></sln:miejscowosc><sln:miejscowosc><sln:cyklZyciaOd>2017-03-28T00:00:00+02:00</sln:cyklZyciaOd><sln:gmIIPId>3735393e-7dab-4cea-92c1-ebe85e13d092</sln:gmIIPId><sln:gmIIPPn>PL.PZGIK.200</sln:gmIIPPn><sln:gmIIPWersja>2012-09-26T22:54:04+02:00</sln:gmIIPWersja><sln:gmIdTeryt>1419122</sln:gmIdTeryt><sln:gmNazwa>Słupno</sln:gmNazwa><sln:miejscIIPId>ea6e1289-c638-41a3-b867-a415ddd7320b</sln:miejscIIPId><sln:miejscIIPPn>PL.PZGIK.200</sln:miejscIIPPn><sln:miejscIIPWersja>2017-03-28T10:30:17+02:00</sln:miejscIIPWersja><sln:miejscIdTeryt>0575717</sln:miejscIdTeryt><sln:miejscNazwa>Cekanowo</sln:miejscNazwa><sln:miejscRodzaj>Wieś</sln:miejscRodzaj><sln:powIIPId>b3b3dfff-c9b2-4d74-8cf8-f21e620136f6</sln:powIIPId><sln:powIIPPn>PL.PZGIK.200</sln:powIIPPn><sln:powIIPWersja>2012-09-27T08:13:53+02:00</sln:powIIPWersja><sln:powIdTeryt>1419</sln:powIdTeryt><sln:powNazwa>płocki</sln:powNazwa><sln:waznyOd>2014-02-28T00:00:00+01:00</sln:waznyOd><sln:wojIIPId>4b6c492a-eb04-441d-a92a-f44359c06de7</sln:wojIIPId><sln:wojIIPPn>PL.PZGIK.200</sln:wojIIPPn><sln:wojIIPWersja>2012-09-27T13:45:13+02:00</sln:wojIIPWersja><sln:wojIdTeryt>14</sln:wojIdTeryt><sln:wojNazwa>mazowieckie</sln:wojNazwa></sln:miejscowosc><sln:miejscowosc><sln:cyklZyciaOd>2017-03-28T00:00:00+02:00</sln:cyklZyciaOd><sln:gmIIPId>3735393e-7dab-4cea-92c1-ebe85e13d092</sln:gmIIPId><sln:gmIIPPn>PL.PZGIK.200</sln:gmIIPPn><sln:gmIIPWersja>2012-09-26T22:54:04+02:00</sln:gmIIPWersja><sln:gmIdTeryt>1419122</sln:gmIdTeryt><sln:gmNazwa>Słupno</sln:gmNazwa><sln:miejscIIPId>dfd00678-3ea7-4d06-8012-206f57782e41</sln:miejscIIPId><sln:miejscIIPPn>PL.PZGIK.200</sln:miejscIIPPn><sln:miejscIIPWersja>2017-03-28T10:30:17+02:00</sln:miejscIIPWersja><sln:miejscIdTeryt>0575752</sln:miejscIdTeryt><sln:miejscNazwa>Gulczewo</sln:miejscNazwa><sln:miejscRodzaj>Inny obiekt</sln:miejscRodzaj><sln:powIIPId>b3b3dfff-c9b2-4d74-8cf8-f21e620136f6</sln:powIIPId><sln:powIIPPn>PL.PZGIK.200</sln:powIIPPn><sln:powIIPWersja>2012-09-27T08:13:53+02:00</sln:powIIPWersja><sln:powIdTeryt>1419</sln:powIdTeryt><sln:powNazwa>płocki</sln:powNazwa><sln:waznyOd>2014-03-07T00:00:00+01:00</sln:waznyOd><sln:wojIIPId>4b6c492a-eb04-441d-a92a-f44359c06de7</sln:wojIIPId><sln:wojIIPPn>PL.PZGIK.200</sln:wojIIPPn><sln:wojIIPWersja>2012-09-27T13:45:13+02:00</sln:wojIIPWersja><sln:wojIdTeryt>14</sln:wojIdTeryt><sln:wojNazwa>mazowieckie</sln:wojNazwa></sln:miejscowosc><sln:miejscowosc><sln:cyklZyciaOd>2017-03-28T00:00:00+02:00</sln:cyklZyciaOd><sln:gmIIPId>3735393e-7dab-4cea-92c1-ebe85e13d092</sln:gmIIPId><sln:gmIIPPn>PL.PZGIK.200</sln:gmIIPPn><sln:gmIIPWersja>2012-09-26T22:54:04+02:00</sln:gmIIPWersja><sln:gmIdTeryt>1419122</sln:gmIdTeryt><sln:gmNazwa>Słupno</sln:gmNazwa><sln:miejscIIPId>42e1f5e9-36db-4e78-9bb9-6d51b3277f08</sln:miejscIIPId><sln:miejscIIPPn>PL.PZGIK.200</sln:miejscIIPPn><sln:miejscIIPWersja>2017-03-28T10:30:17+02:00</sln:miejscIIPWersja><sln:miejscIdTeryt>0575769</sln:miejscIdTeryt><sln:miejscNazwa>Liszyno</sln:miejscNazwa><sln:miejscRodzaj>Wieś</sln:miejscRodzaj><sln:powIIPId>b3b3dfff-c9b2-4d74-8cf8-f21e620136f6</sln:powIIPId><sln:powIIPPn>PL.PZGIK.200</sln:powIIPPn><sln:powIIPWersja>2012-09-27T08:13:53+02:00</sln:powIIPWersja><sln:powIdTeryt>1419</sln:powIdTeryt><sln:powNazwa>płocki</sln:powNazwa><sln:waznyOd>2014-02-28T00:00:00+01:00</sln:waznyOd><sln:wojIIPId>4b6c492a-eb04-441d-a92a-f44359c06de7</sln:wojIIPId><sln:wojIIPPn>PL.PZGIK.200</sln:wojIIPPn><sln:wojIIPWersja>2012-09-27T13:45:13+02:00</sln:wojIIPWersja><sln:wojIdTeryt>14</sln:wojIdTeryt><sln:wojNazwa>mazowieckie</sln:wojNazwa></sln:miejscowosc><sln:miejscowosc><sln:cyklZyciaOd>2017-03-28T00:00:00+02:00</sln:cyklZyciaOd><sln:gmIIPId>3735393e-7dab-4cea-92c1-ebe85e13d092</sln:gmIIPId><sln:gmIIPPn>PL.PZGIK.200</sln:gmIIPPn><sln:gmIIPWersja>2012-09-26T22:54:04+02:00</sln:gmIIPWersja><sln:gmIdTeryt>1419122</sln:gmIdTeryt><sln:gmNazwa>Słupno</sln:gmNazwa><sln:miejscIIPId>e27caea2-f7af-4591-9080-50866159f44f</sln:miejscIIPId><sln:miejscIIPPn>PL.PZGIK.200</sln:miejscIIPPn><sln:miejscIIPWersja>2017-03-28T10:30:17+02:00</sln:miejscIIPWersja><sln:miejscIdTeryt>0575775</sln:miejscIdTeryt><sln:miejscNazwa>Mijakowo</sln:miejscNazwa><sln:miejscRodzaj>Wieś</sln:miejscRodzaj><sln:powIIPId>b3b3dfff-c9b2-4d74-8cf8-f21e620136f6</sln:powIIPId><sln:powIIPPn>PL.PZGIK.200</sln:powIIPPn><sln:powIIPWersja>2012-09-27T08:13:53+02:00</sln:powIIPWersja><sln:powIdTeryt>1419</sln:powIdTeryt><sln:powNazwa>płocki</sln:powNazwa><sln:waznyOd>2014-02-28T00:00:00+01:00</sln:waznyOd><sln:wojIIPId>4b6c492a-eb04-441d-a92a-f44359c06de7</sln:wojIIPId><sln:wojIIPPn>PL.PZGIK.200</sln:wojIIPPn><sln:wojIIPWersja>2012-09-27T13:45:13+02:00</sln:wojIIPWersja><sln:wojIdTeryt>14</sln:wojIdTeryt><sln:wojNazwa>mazowieckie</sln:wojNazwa></sln:miejscowosc><sln:miejscowosc><sln:cyklZyciaOd>2017-03-28T00:00:00+02:00</sln:cyklZyciaOd><sln:gmIIPId>3735393e-7dab-4cea-92c1-ebe85e13d092</sln:gmIIPId><sln:gmIIPPn>PL.PZGIK.200</sln:gmIIPPn><sln:gmIIPWersja>2012-09-26T22:54:04+02:00</sln:gmIIPWersja><sln:gmIdTeryt>1419122</sln:gmIdTeryt><sln:gmNazwa>Słupno</sln:gmNazwa><sln:miejscIIPId>6dd707f5-e36d-46a9-85dd-18d791e1953b</sln:miejscIIPId><sln:miejscIIPPn>PL.PZGIK.200</sln:miejscIIPPn><sln:miejscIIPWersja>2017-03-28T10:30:18+02:00</sln:miejscIIPWersja><sln:miejscIdTeryt>0575781</sln:miejscIdTeryt><sln:miejscNazwa>Mirosław</sln:miejscNazwa><sln:miejscRodzaj>Wieś</sln:miejscRodzaj><sln:powIIPId>b3b3dfff-c9b2-4d74-8cf8-f21e620136f6</sln:powIIPId><sln:powIIPPn>PL.PZGIK.200</sln:powIIPPn><sln:powIIPWersja>2012-09-27T08:13:53+02:00</sln:powIIPWersja><sln:powIdTeryt>1419</sln:powIdTeryt><sln:powNazwa>płocki</sln:powNazwa><sln:waznyOd>2014-02-28T00:00:00+01:00</sln:waznyOd><sln:wojIIPId>4b6c492a-eb04-441d-a92a-f44359c06de7</sln:wojIIPId><sln:wojIIPPn>PL.PZGIK.200</sln:wojIIPPn><sln:wojIIPWersja>2012-09-27T13:45:13+02:00</sln:wojIIPWersja><sln:wojIdTeryt>14</sln:wojIdTeryt><sln:wojNazwa>mazowieckie</sln:wojNazwa></sln:miejscowosc><sln:miejscowosc><sln:cyklZyciaOd>2017-03-28T00:00:00+02:00</sln:cyklZyciaOd><sln:gmIIPId>3735393e-7dab-4cea-92c1-ebe85e13d092</sln:gmIIPId><sln:gmIIPPn>PL.PZGIK.200</sln:gmIIPPn><sln:gmIIPWersja>2012-09-26T22:54:04+02:00</sln:gmIIPWersja><sln:gmIdTeryt>1419122</sln:gmIdTeryt><sln:gmNazwa>Słupno</sln:gmNazwa><sln:miejscIIPId>4a619f0b-6556-452e-aed4-7ccc505c5afd</sln:miejscIIPId><sln:miejscIIPPn>PL.PZGIK.200</sln:miejscIIPPn><sln:miejscIIPWersja>2017-03-28T10:30:18+02:00</sln:miejscIIPWersja><sln:miejscIdTeryt>0575806</sln:miejscIdTeryt><sln:miejscNazwa>Miszewko-Stefany</sln:miejscNazwa><sln:miejscRodzaj>Wieś</sln:miejscRodzaj><sln:powIIPId>b3b3dfff-c9b2-4d74-8cf8-f21e620136f6</sln:powIIPId><sln:powIIPPn>PL.PZGIK.200</sln:powIIPPn><sln:powIIPWersja>2012-09-27T08:13:53+02:00</sln:powIIPWersja><sln:powIdTeryt>1419</sln:powIdTeryt><sln:powNazwa>płocki</sln:powNazwa><sln:waznyOd>2014-02-28T00:00:00+01:00</sln:waznyOd><sln:wojIIPId>4b6c492a-eb04-441d-a92a-f44359c06de7</sln:wojIIPId><sln:wojIIPPn>PL.PZGIK.200</sln:wojIIPPn><sln:wojIIPWersja>2012-09-27T13:45:13+02:00</sln:wojIIPWersja><sln:wojIdTeryt>14</sln:wojIdTeryt><sln:wojNazwa>mazowieckie</sln:wojNazwa></sln:miejscowosc><sln:miejscowosc><sln:cyklZyciaOd>2017-03-28T00:00:00+02:00</sln:cyklZyciaOd><sln:gmIIPId>3735393e-7dab-4cea-92c1-ebe85e13d092</sln:gmIIPId><sln:gmIIPPn>PL.PZGIK.200</sln:gmIIPPn><sln:gmIIPWersja>2012-09-26T22:54:04+02:00</sln:gmIIPWersja><sln:gmIdTeryt>1419122</sln:gmIdTeryt><sln:gmNazwa>Słupno</sln:gmNazwa><sln:miejscIIPId>c8603972-51b9-40f7-bd27-65a1616341ad</sln:miejscIIPId><sln:miejscIIPPn>PL.PZGIK.200</sln:miejscIIPPn><sln:miejscIIPWersja>2017-03-28T10:30:18+02:00</sln:miejscIIPWersja><sln:miejscIdTeryt>0575812</sln:miejscIdTeryt><sln:miejscNazwa>Miszewko Strzałkowskie</sln:miejscNazwa><sln:miejscRodzaj>Wieś</sln:miejscRodzaj><sln:powIIPId>b3b3dfff-c9b2-4d74-8cf8-f21e620136f6</sln:powIIPId><sln:powIIPPn>PL.PZGIK.200</sln:powIIPPn><sln:powIIPWersja>2012-09-27T08:13:53+02:00</sln:powIIPWersja><sln:powIdTeryt>1419</sln:powIdTeryt><sln:powNazwa>płocki</sln:powNazwa><sln:waznyOd>2014-02-28T00:00:00+01:00</sln:waznyOd><sln:wojIIPId>4b6c492a-eb04-441d-a92a-f44359c06de7</sln:wojIIPId><sln:wojIIPPn>PL.PZGIK.200</sln:wojIIPPn><sln:wojIIPWersja>2012-09-27T13:45:13+02:00</sln:wojIIPWersja><sln:wojIdTeryt>14</sln:wojIdTeryt><sln:wojNazwa>mazowieckie</sln:wojNazwa></sln:miejscowosc><sln:miejscowosc><sln:cyklZyciaOd>2017-03-28T00:00:00+02:00</sln:cyklZyciaOd><sln:gmIIPId>3735393e-7dab-4cea-92c1-ebe85e13d092</sln:gmIIPId><sln:gmIIPPn>PL.PZGIK.200</sln:gmIIPPn><sln:gmIIPWersja>2012-09-26T22:54:04+02:00</sln:gmIIPWersja><sln:gmIdTeryt>1419122</sln:gmIdTeryt><sln:gmNazwa>Słupno</sln:gmNazwa><sln:miejscIIPId>e8c71d22-f6e0-4bdb-8ae2-fb646906b1ac</sln:miejscIIPId><sln:miejscIIPPn>PL.PZGIK.200</sln:miejscIIPPn><sln:miejscIIPWersja>2017-03-28T10:30:18+02:00</sln:miejscIIPWersja><sln:miejscIdTeryt>0575835</sln:miejscIdTeryt><sln:miejscNazwa>Nowe Gulczewo</sln:miejscNazwa><sln:miejscRodzaj>Wieś</sln:miejscRodzaj><sln:powIIPId>b3b3dfff-c9b2-4d74-8cf8-f21e620136f6</sln:powIIPId><sln:powIIPPn>PL.PZGIK.200</sln:powIIPPn><sln:powIIPWersja>2012-09-27T08:13:53+02:00</sln:powIIPWersja><sln:powIdTeryt>1419</sln:powIdTeryt><sln:powNazwa>płocki</sln:powNazwa><sln:waznyOd>2014-02-28T00:00:00+01:00</sln:waznyOd><sln:wojIIPId>4b6c492a-eb04-441d-a92a-f44359c06de7</sln:wojIIPId><sln:wojIIPPn>PL.PZGIK.200</sln:wojIIPPn><sln:wojIIPWersja>2012-09-27T13:45:13+02:00</sln:wojIIPWersja><sln:wojIdTeryt>14</sln:wojIdTeryt><sln:wojNazwa>mazowieckie</sln:wojNazwa></sln:miejscowosc><sln:miejscowosc><sln:cyklZyciaOd>2017-03-28T00:00:00+02:00</sln:cyklZyciaOd><sln:gmIIPId>3735393e-7dab-4cea-92c1-ebe85e13d092</sln:gmIIPId><sln:gmIIPPn>PL.PZGIK.200</sln:gmIIPPn><sln:gmIIPWersja>2012-09-26T22:54:04+02:00</sln:gmIIPWersja><sln:gmIdTeryt>1419122</sln:gmIdTeryt><sln:gmNazwa>Słupno</sln:gmNazwa><sln:miejscIIPId>f08bdc0f-69d9-4d0c-b889-9e7bd1203829</sln:miejscIIPId><sln:miejscIIPPn>PL.PZGIK.200</sln:miejscIIPPn><sln:miejscIIPWersja>2017-03-28T10:30:18+02:00</sln:miejscIIPWersja><sln:miejscIdTeryt>0575864</sln:miejscIdTeryt><sln:miejscNazwa>Ramutowo</sln:miejscNazwa><sln:miejscRodzaj>Wieś</sln:miejscRodzaj><sln:powIIPId>b3b3dfff-c9b2-4d74-8cf8-f21e620136f6</sln:powIIPId><sln:powIIPPn>PL.PZGIK.200</sln:powIIPPn><sln:powIIPWersja>2012-09-27T08:13:53+02:00</sln:powIIPWersja><sln:powIdTeryt>1419</sln:powIdTeryt><sln:powNazwa>płocki</sln:powNazwa><sln:waznyOd>2014-02-28T00:00:00+01:00</sln:waznyOd><sln:wojIIPId>4b6c492a-eb04-441d-a92a-f44359c06de7</sln:wojIIPId><sln:wojIIPPn>PL.PZGIK.200</sln:wojIIPPn><sln:wojIIPWersja>2012-09-27T13:45:13+02:00</sln:wojIIPWersja><sln:wojIdTeryt>14</sln:wojIdTeryt><sln:wojNazwa>mazowieckie</sln:wojNazwa></sln:miejscowosc><sln:miejscowosc><sln:cyklZyciaOd>2017-03-28T00:00:00+02:00</sln:cyklZyciaOd><sln:gmIIPId>3735393e-7dab-4cea-92c1-ebe85e13d092</sln:gmIIPId><sln:gmIIPPn>PL.PZGIK.200</sln:gmIIPPn><sln:gmIIPWersja>2012-09-26T22:54:04+02:00</sln:gmIIPWersja><sln:gmIdTeryt>1419122</sln:gmIdTeryt><sln:gmNazwa>Słupno</sln:gmNazwa><sln:miejscIIPId>bf3bb7b8-1521-4030-a15d-cb45db8998ea</sln:miejscIIPId><sln:miejscIIPPn>PL.PZGIK.200</sln:miejscIIPPn><sln:miejscIIPWersja>2017-03-28T10:30:18+02:00</sln:miejscIIPWersja><sln:miejscIdTeryt>0575870</sln:miejscIdTeryt><sln:miejscNazwa>Rydzyno</sln:miejscNazwa><sln:miejscRodzaj>Wieś</sln:miejscRodzaj><sln:powIIPId>b3b3dfff-c9b2-4d74-8cf8-f21e620136f6</sln:powIIPId><sln:powIIPPn>PL.PZGIK.200</sln:powIIPPn><sln:powIIPWersja>2012-09-27T08:13:53+02:00</sln:powIIPWersja><sln:powIdTeryt>1419</sln:powIdTeryt><sln:powNazwa>płocki</sln:powNazwa><sln:waznyOd>2014-02-28T00:00:00+01:00</sln:waznyOd><sln:wojIIPId>4b6c492a-eb04-441d-a92a-f44359c06de7</sln:wojIIPId><sln:wojIIPPn>PL.PZGIK.200</sln:wojIIPPn><sln:wojIIPWersja>2012-09-27T13:45:13+02:00</sln:wojIIPWersja><sln:wojIdTeryt>14</sln:wojIdTeryt><sln:wojNazwa>mazowieckie</sln:wojNazwa></sln:miejscowosc><sln:miejscowosc><sln:cyklZyciaOd>2017-03-28T00:00:00+02:00</sln:cyklZyciaOd><sln:gmIIPId>3735393e-7dab-4cea-92c1-ebe85e13d092</sln:gmIIPId><sln:gmIIPPn>PL.PZGIK.200</sln:gmIIPPn><sln:gmIIPWersja>2012-09-26T22:54:04+02:00</sln:gmIIPWersja><sln:gmIdTeryt>1419122</sln:gmIdTeryt><sln:gmNazwa>Słupno</sln:gmNazwa><sln:miejscIIPId>00f73db3-6098-4e3d-a57b-4c71779a9956</sln:miejscIIPId><sln:miejscIIPPn>PL.PZGIK.200</sln:miejscIIPPn><sln:miejscIIPWersja>2017-03-28T10:30:18+02:00</sln:miejscIIPWersja><sln:miejscIdTeryt>0575893</sln:miejscIdTeryt><sln:miejscNazwa>Sambórz</sln:miejscNazwa><sln:miejscRodzaj>Wieś</sln:miejscRodzaj><sln:powIIPId>b3b3dfff-c9b2-4d74-8cf8-f21e620136f6</sln:powIIPId><sln:powIIPPn>PL.PZGIK.200</sln:powIIPPn><sln:powIIPWersja>2012-09-27T08:13:53+02:00</sln:powIIPWersja><sln:powIdTeryt>1419</sln:powIdTeryt><sln:powNazwa>płocki</sln:powNazwa><sln:waznyOd>2014-02-28T00:00:00+01:00</sln:waznyOd><sln:wojIIPId>4b6c492a-eb04-441d-a92a-f44359c06de7</sln:wojIIPId><sln:wojIIPPn>PL.PZGIK.200</sln:wojIIPPn><sln:wojIIPWersja>2012-09-27T13:45:13+02:00</sln:wojIIPWersja><sln:wojIdTeryt>14</sln:wojIdTeryt><sln:wojNazwa>mazowieckie</sln:wojNazwa></sln:miejscowosc><sln:miejscowosc><sln:cyklZyciaOd>2017-03-28T00:00:00+02:00</sln:cyklZyciaOd><sln:gmIIPId>3735393e-7dab-4cea-92c1-ebe85e13d092</sln:gmIIPId><sln:gmIIPPn>PL.PZGIK.200</sln:gmIIPPn><sln:gmIIPWersja>2012-09-26T22:54:04+02:00</sln:gmIIPWersja><sln:gmIdTeryt>1419122</sln:gmIdTeryt><sln:gmNazwa>Słupno</sln:gmNazwa><sln:miejscIIPId>beee382a-599c-4897-aea8-09188826b639</sln:miejscIIPId><sln:miejscIIPPn>PL.PZGIK.200</sln:miejscIIPPn><sln:miejscIIPWersja>2017-03-28T10:30:18+02:00</sln:miejscIIPWersja><sln:miejscIdTeryt>0575901</sln:miejscIdTeryt><sln:miejscNazwa>Słupno</sln:miejscNazwa><sln:miejscRodzaj>Wieś</sln:miejscRodzaj><sln:powIIPId>b3b3dfff-c9b2-4d74-8cf8-f21e620136f6</sln:powIIPId><sln:powIIPPn>PL.PZGIK.200</sln:powIIPPn><sln:powIIPWersja>2012-09-27T08:13:53+02:00</sln:powIIPWersja><sln:powIdTeryt>1419</sln:powIdTeryt><sln:powNazwa>płocki</sln:powNazwa><sln:waznyOd>2014-02-28T00:00:00+01:00</sln:waznyOd><sln:wojIIPId>4b6c492a-eb04-441d-a92a-f44359c06de7</sln:wojIIPId><sln:wojIIPPn>PL.PZGIK.200</sln:wojIIPPn><sln:wojIIPWersja>2012-09-27T13:45:13+02:00</sln:wojIIPWersja><sln:wojIdTeryt>14</sln:wojIdTeryt><sln:wojNazwa>mazowieckie</sln:wojNazwa></sln:miejscowosc><sln:miejscowosc><sln:cyklZyciaOd>2017-03-28T00:00:00+02:00</sln:cyklZyciaOd><sln:gmIIPId>3735393e-7dab-4cea-92c1-ebe85e13d092</sln:gmIIPId><sln:gmIIPPn>PL.PZGIK.200</sln:gmIIPPn><sln:gmIIPWersja>2012-09-26T22:54:04+02:00</sln:gmIIPWersja><sln:gmIdTeryt>1419122</sln:gmIdTeryt><sln:gmNazwa>Słupno</sln:gmNazwa><sln:miejscIIPId>29e5367d-003c-430d-aaa5-ceeb93750522</sln:miejscIIPId><sln:miejscIIPPn>PL.PZGIK.200</sln:miejscIIPPn><sln:miejscIIPWersja>2017-03-28T10:30:18+02:00</sln:miejscIIPWersja><sln:miejscIdTeryt>0575947</sln:miejscIdTeryt><sln:miejscNazwa>Bielino</sln:miejscNazwa><sln:miejscRodzaj>Wieś</sln:miejscRodzaj><sln:powIIPId>b3b3dfff-c9b2-4d74-8cf8-f21e620136f6</sln:powIIPId><sln:powIIPPn>PL.PZGIK.200</sln:powIIPPn><sln:powIIPWersja>2012-09-27T08:13:53+02:00</sln:powIIPWersja><sln:powIdTeryt>1419</sln:powIdTeryt><sln:powNazwa>płocki</sln:powNazwa><sln:waznyOd>2014-02-28T00:00:00+01:00</sln:waznyOd><sln:wojIIPId>4b6c492a-eb04-441d-a92a-f44359c06de7</sln:wojIIPId><sln:wojIIPPn>PL.PZGIK.200</sln:wojIIPPn><sln:wojIIPWersja>2012-09-27T13:45:13+02:00</sln:wojIIPWersja><sln:wojIdTeryt>14</sln:wojIdTeryt><sln:wojNazwa>mazowieckie</sln:wojNazwa></sln:miejscowosc><sln:miejscowosc><sln:cyklZyciaOd>2017-03-28T00:00:00+02:00</sln:cyklZyciaOd><sln:gmIIPId>3735393e-7dab-4cea-92c1-ebe85e13d092</sln:gmIIPId><sln:gmIIPPn>PL.PZGIK.200</sln:gmIIPPn><sln:gmIIPWersja>2012-09-26T22:54:04+02:00</sln:gmIIPWersja><sln:gmIdTeryt>1419122</sln:gmIdTeryt><sln:gmNazwa>Słupno</sln:gmNazwa><sln:miejscIIPId>101dec7b-edd2-4c74-bca4-c7d0c272ce1b</sln:miejscIIPId><sln:miejscIIPPn>PL.PZGIK.200</sln:miejscIIPPn><sln:miejscIIPWersja>2017-03-28T10:30:18+02:00</sln:miejscIIPWersja><sln:miejscIdTeryt>0575960</sln:miejscIdTeryt><sln:miejscNazwa>Stare Gulczewo</sln:miejscNazwa><sln:miejscRodzaj>Wieś</sln:miejscRodzaj><sln:powIIPId>b3b3dfff-c9b2-4d74-8cf8-f21e620136f6</sln:powIIPId><sln:powIIPPn>PL.PZGIK.200</sln:powIIPPn><sln:powIIPWersja>2012-09-27T08:13:53+02:00</sln:powIIPWersja><sln:powIdTeryt>1419</sln:powIdTeryt><sln:powNazwa>płocki</sln:powNazwa><sln:waznyOd>2014-02-28T00:00:00+01:00</sln:waznyOd><sln:wojIIPId>4b6c492a-eb04-441d-a92a-f44359c06de7</sln:wojIIPId><sln:wojIIPPn>PL.PZGIK.200</sln:wojIIPPn><sln:wojIIPWersja>2012-09-27T13:45:13+02:00</sln:wojIIPWersja><sln:wojIdTeryt>14</sln:wojIdTeryt><sln:wojNazwa>mazowieckie</sln:wojNazwa></sln:miejscowosc><sln:miejscowosc><sln:cyklZyciaOd>2017-03-28T00:00:00+02:00</sln:cyklZyciaOd><sln:gmIIPId>3735393e-7dab-4cea-92c1-ebe85e13d092</sln:gmIIPId><sln:gmIIPPn>PL.PZGIK.200</sln:gmIIPPn><sln:gmIIPWersja>2012-09-26T22:54:04+02:00</sln:gmIIPWersja><sln:gmIdTeryt>1419122</sln:gmIdTeryt><sln:gmNazwa>Słupno</sln:gmNazwa><sln:miejscIIPId>ffd95a99-87d1-4da9-b76f-543b3046f662</sln:miejscIIPId><sln:miejscIIPPn>PL.PZGIK.200</sln:miejscIIPPn><sln:miejscIIPWersja>2017-03-28T10:30:18+02:00</sln:miejscIIPWersja><sln:miejscIdTeryt>0575982</sln:miejscIdTeryt><sln:miejscNazwa>Szeligi</sln:miejscNazwa><sln:miejscRodzaj>Wieś</sln:miejscRodzaj><sln:powIIPId>b3b3dfff-c9b2-4d74-8cf8-f21e620136f6</sln:powIIPId><sln:powIIPPn>PL.PZGIK.200</sln:powIIPPn><sln:powIIPWersja>2012-09-27T08:13:53+02:00</sln:powIIPWersja><sln:powIdTeryt>1419</sln:powIdTeryt><sln:powNazwa>płocki</sln:powNazwa><sln:waznyOd>2014-02-28T00:00:00+01:00</sln:waznyOd><sln:wojIIPId>4b6c492a-eb04-441d-a92a-f44359c06de7</sln:wojIIPId><sln:wojIIPPn>PL.PZGIK.200</sln:wojIIPPn><sln:wojIIPWersja>2012-09-27T13:45:13+02:00</sln:wojIIPWersja><sln:wojIdTeryt>14</sln:wojIdTeryt><sln:wojNazwa>mazowieckie</sln:wojNazwa></sln:miejscowosc><sln:miejscowosc><sln:cyklZyciaOd>2017-03-28T00:00:00+02:00</sln:cyklZyciaOd><sln:gmIIPId>3735393e-7dab-4cea-92c1-ebe85e13d092</sln:gmIIPId><sln:gmIIPPn>PL.PZGIK.200</sln:gmIIPPn><sln:gmIIPWersja>2012-09-26T22:54:04+02:00</sln:gmIIPWersja><sln:gmIdTeryt>1419122</sln:gmIdTeryt><sln:gmNazwa>Słupno</sln:gmNazwa><sln:miejscIIPId>ca650275-9310-4dea-a7ef-1b9a3a9fbc8c</sln:miejscIIPId><sln:miejscIIPPn>PL.PZGIK.200</sln:miejscIIPPn><sln:miejscIIPWersja>2017-03-28T10:30:18+02:00</sln:miejscIIPWersja><sln:miejscIdTeryt>0575999</sln:miejscIdTeryt><sln:miejscNazwa>Święcieniec</sln:miejscNazwa><sln:miejscRodzaj>Wieś</sln:miejscRodzaj><sln:powIIPId>b3b3dfff-c9b2-4d74-8cf8-f21e620136f6</sln:powIIPId><sln:powIIPPn>PL.PZGIK.200</sln:powIIPPn><sln:powIIPWersja>2012-09-27T08:13:53+02:00</sln:powIIPWersja><sln:powIdTeryt>1419</sln:powIdTeryt><sln:powNazwa>płocki</sln:powNazwa><sln:waznyOd>2014-02-28T00:00:00+01:00</sln:waznyOd><sln:wojIIPId>4b6c492a-eb04-441d-a92a-f44359c06de7</sln:wojIIPId><sln:wojIIPPn>PL.PZGIK.200</sln:wojIIPPn><sln:wojIIPWersja>2012-09-27T13:45:13+02:00</sln:wojIIPWersja><sln:wojIdTeryt>14</sln:wojIdTeryt><sln:wojNazwa>mazowieckie</sln:wojNazwa></sln:miejscowosc><sln:miejscowosc><sln:cyklZyciaOd>2017-03-28T00:00:00+02:00</sln:cyklZyciaOd><sln:gmIIPId>3735393e-7dab-4cea-92c1-ebe85e13d092</sln:gmIIPId><sln:gmIIPPn>PL.PZGIK.200</sln:gmIIPPn><sln:gmIIPWersja>2012-09-26T22:54:04+02:00</sln:gmIIPWersja><sln:gmIdTeryt>1419122</sln:gmIdTeryt><sln:gmNazwa>Słupno</sln:gmNazwa><sln:miejscIIPId>baa8bdcb-6538-4d8e-8c85-63f2f02b20dc</sln:miejscIIPId><sln:miejscIIPPn>PL.PZGIK.200</sln:miejscIIPPn><sln:miejscIIPWersja>2017-03-28T10:30:18+02:00</sln:miejscIIPWersja><sln:miejscIdTeryt>0576007</sln:miejscIdTeryt><sln:miejscNazwa>Wykowo</sln:miejscNazwa><sln:miejscRodzaj>Wieś</sln:miejscRodzaj><sln:powIIPId>b3b3dfff-c9b2-4d74-8cf8-f21e620136f6</sln:powIIPId><sln:powIIPPn>PL.PZGIK.200</sln:powIIPPn><sln:powIIPWersja>2012-09-27T08:13:53+02:00</sln:powIIPWersja><sln:powIdTeryt>1419</sln:powIdTeryt><sln:powNazwa>płocki</sln:powNazwa><sln:waznyOd>2014-02-28T00:00:00+01:00</sln:waznyOd><sln:wojIIPId>4b6c492a-eb04-441d-a92a-f44359c06de7</sln:wojIIPId><sln:wojIIPPn>PL.PZGIK.200</sln:wojIIPPn><sln:wojIIPWersja>2012-09-27T13:45:13+02:00</sln:wojIIPWersja><sln:wojIdTeryt>14</sln:wojIdTeryt><sln:wojNazwa>mazowieckie</sln:wojNazwa></sln:miejscowosc></sln:lista-miejscowosci>