<?xml version="1.0" encoding="UTF-8" standalone="yes"?><sln:lista-miejscowosci xmlns:srv="http://gugik.gov.pl/schemas/slowniki-service/1.0" xmlns:sln="http://gugik.gov.pl/schemas/slowniki-schema/1.0"><sln:miejscowosc><sln:cyklZyciaDo>2017-03-27T00:00:00+02:00</sln:cyklZyciaDo><sln:cyklZyciaOd>2015-06-19T00:00:00+02:00</sln:cyklZyciaOd><sln:gmIIPId>171d58a1-f440-4505-b8d8-e832895186a4</sln:gmIIPId><sln:gmIIPPn>PL.PZGIK.200</sln:gmIIPPn><sln:gmIIPWersja>2012-09-26T22:52:22+02:00</sln:gmIIPWersja><sln:gmIdTeryt>1412093</sln:gmIdTeryt><sln:gmNazwa>Kałuszyn</sln:gmNazwa><sln:miejscIIPId>de873745-1bc8-4702-8804-67a64c36184c</sln:miejscIIPId><sln:miejscIIPPn>PL.PZGIK.200</sln:miejscIIPPn><sln:miejscIIPWersja>2016-11-24T11:50:12+02:00</sln:miejscIIPWersja><sln:miejscIdTeryt>0673733</sln:miejscIdTeryt><sln:miejscNazwa>Abramy</sln:miejscNazwa><sln:miejscRodzaj>Wieś</sln:miejscRodzaj><sln:powIIPId>990a47d4-e8f6-450c-9636-ea29e35cc404</sln:powIIPId><sln:powIIPPn>PL.PZGIK.200</sln:powIIPPn><sln:powIIPWersja>2012-09-27T08:13:53+02:00</sln:powIIPWersja><sln:powIdTeryt>1412</sln:powIdTeryt><sln:powNazwa>miński</sln:powNazwa><sln:waznyOd>2011-07-28T00:00:00+02:00</sln:waznyOd><sln:wojIIPId>4b6c492a-eb04-441d-a92a-f44359c06de7</sln:wojIIPId><sln:wojIIPPn>PL.PZGIK.200</sln:wojIIPPn><sln:wojIIPWersja>2012-09-27T13:45:13+02:00</sln:wojIIPWersja><sln:wojIdTeryt>14</sln:wojIdTeryt><sln:wojNazwa>mazowieckie</sln:wojNazwa></sln:miejscowosc><sln:miejscowosc><sln:cyklZyciaDo>2017-03-27T00:00:00+02:00</sln:cyklZyciaDo><sln:cyklZyciaOd>2015-06-19T00:00:00+02:00</sln:cyklZyciaOd><sln:gmIIPId>171d58a1-f440-4505-b8d8-e832895186a4</sln:gmIIPId><sln:gmIIPPn>PL.PZGIK.200</sln:gmIIPPn><sln:gmIIPWersja>2012-09-26T22:52:22+02:00</sln:gmIIPWersja><sln:gmIdTeryt>1412093</sln:gmIdTeryt><sln:gmNazwa>Kałuszyn</sln:gmNazwa><sln:miejscIIPId>6d45e5c7-ea15-4249-b74d-55d92d0a1bbd</sln:miejscIIPId><sln:miejscIIPPn>PL.PZGIK.200</sln:miejscIIPPn><sln:miejscIIPWersja>2016-11-24T11:50:12+02:00</sln:miejscIIPWersja><sln:miejscIdTeryt>0673740</sln:miejscIdTeryt><sln:miejscNazwa>Budy Przytockie</sln:miejscNazwa><sln:miejscRodzaj>Wieś</sln:miejscRodzaj><sln:powIIPId>990a47d4-e8f6-450c-9636-ea29e35cc404</sln:powIIPId><sln:powIIPPn>PL.PZGIK.200</sln:powIIPPn><sln:powIIPWersja>2012-09-27T08:13:53+02:00</sln:powIIPWersja><sln:powIdTeryt>1412</sln:powIdTeryt><sln:powNazwa>miński</sln:powNazwa><sln:waznyOd>2011-07-28T00:00:00+02:00</sln:waznyOd><sln:wojIIPId>4b6c492a-eb04-441d-a92a-f44359c06de7</sln:wojIIPId><sln:wojIIPPn>PL.PZGIK.200</sln:wojIIPPn><sln:wojIIPWersja>2012-09-27T13:45:13+02:00</sln:wojIIPWersja><sln:wojIdTeryt>14</sln:wojIdTeryt><sln:wojNazwa>mazowieckie</sln:wojNazwa></sln:miejscowosc><sln:miejscowosc><sln:cyklZyciaDo>2017-03-27T00:00:00+02:00</sln:cyklZyciaDo><sln:cyklZyciaOd>2015-06-19T00:00:00+02:00</sln:cyklZyciaOd><sln:gmIIPId>171d58a1-f440-4505-b8d8-e832895186a4</sln:gmIIPId><sln:gmIIPPn>PL.PZGIK.200</sln:gmIIPPn><sln:gmIIPWersja>2012-09-26T22:52:22+02:00</sln:gmIIPWersja><sln:gmIdTeryt>1412093</sln:gmIdTeryt><sln:gmNazwa>Kałuszyn</sln:gmNazwa><sln:miejscIIPId>100cd97b-ce72-447c-a622-4b516045b0c4</sln:miejscIIPId><sln:miejscIIPPn>PL.PZGIK.200</sln:miejscIIPPn><sln:miejscIIPWersja>2016-11-24T11:50:12+02:00</sln:miejscIIPWersja><sln:miejscIdTeryt>0673756</sln:miejscIdTeryt><sln:miejscNazwa>Chrościce</sln:miejscNazwa><sln:miejscRodzaj>Wieś</sln:miejscRodzaj><sln:powIIPId>990a47d4-e8f6-450c-9636-ea29e35cc404</sln:powIIPId><sln:powIIPPn>PL.PZGIK.200</sln:powIIPPn><sln:powIIPWersja>2012-09-27T08:13:53+02:00</sln:powIIPWersja><sln:powIdTeryt>1412</sln:powIdTeryt><sln:powNazwa>miński</sln:powNazwa><sln:waznyOd>2011-07-28T00:00:00+02:00</sln:waznyOd><sln:wojIIPId>4b6c492a-eb04-441d-a92a-f44359c06de7</sln:wojIIPId><sln:wojIIPPn>PL.PZGIK.200</sln:wojIIPPn><sln:wojIIPWersja>2012-09-27T13:45:13+02:00</sln:wojIIPWersja><sln:wojIdTeryt>14</sln:wojIdTeryt><sln:wojNazwa>mazowieckie</sln:wojNazwa></sln:miejscowosc><sln:miejscowosc><sln:cyklZyciaDo>2017-03-27T00:00:00+02:00</sln:cyklZyciaDo><sln:cyklZyciaOd>2015-06-19T00:00:00+02:00</sln:cyklZyciaOd><sln:gmIIPId>171d58a1-f440-4505-b8d8-e832895186a4</sln:gmIIPId><sln:gmIIPPn>PL.PZGIK.200</sln:gmIIPPn><sln:gmIIPWersja>2012-09-26T22:52:22+02:00</sln:gmIIPWersja><sln:gmIdTeryt>1412093</sln:gmIdTeryt><sln:gmNazwa>Kałuszyn</sln:gmNazwa><sln:miejscIIPId>8e10010f-0c10-4db9-acc2-48709e1b28f8</sln:miejscIIPId><sln:miejscIIPPn>PL.PZGIK.200</sln:miejscIIPPn><sln:miejscIIPWersja>2016-11-24T11:50:12+02:00</sln:miejscIIPWersja><sln:miejscIdTeryt>0673762</sln:miejscIdTeryt><sln:miejscNazwa>Falbogi</sln:miejscNazwa><sln:miejscRodzaj>Wieś</sln:miejscRodzaj><sln:powIIPId>990a47d4-e8f6-450c-9636-ea29e35cc404</sln:powIIPId><sln:powIIPPn>PL.PZGIK.200</sln:powIIPPn><sln:powIIPWersja>2012-09-27T08:13:53+02:00</sln:powIIPWersja><sln:powIdTeryt>1412</sln:powIdTeryt><sln:powNazwa>miński</sln:powNazwa><sln:waznyOd>2011-07-28T00:00:00+02:00</sln:waznyOd><sln:wojIIPId>4b6c492a-eb04-441d-a92a-f44359c06de7</sln:wojIIPId><sln:wojIIPPn>PL.PZGIK.200</sln:wojIIPPn><sln:wojIIPWersja>2012-09-27T13:45:13+02:00</sln:wojIIPWersja><sln:wojIdTeryt>14</sln:wojIdTeryt><sln:wojNazwa>mazowieckie</sln:wojNazwa></sln:miejscowosc><sln:miejscowosc><sln:cyklZyciaDo>2017-03-27T00:00:00+02:00</sln:cyklZyciaDo><sln:cyklZyciaOd>2015-06-19T00:00:00+02:00</sln:cyklZyciaOd><sln:gmIIPId>171d58a1-f440-4505-b8d8-e832895186a4</sln:gmIIPId><sln:gmIIPPn>PL.PZGIK.200</sln:gmIIPPn><sln:gmIIPWersja>2012-09-26T22:52:22+02:00</sln:gmIIPWersja><sln:gmIdTeryt>1412093</sln:gmIdTeryt><sln:gmNazwa>Kałuszyn</sln:gmNazwa><sln:miejscIIPId>be662541-0883-4e91-a44a-bdfdd79b1d09</sln:miejscIIPId><sln:miejscIIPPn>PL.PZGIK.200</sln:miejscIIPPn><sln:miejscIIPWersja>2016-11-24T11:50:12+02:00</sln:miejscIIPWersja><sln:miejscIdTeryt>0673779</sln:miejscIdTeryt><sln:miejscNazwa>Garczyn Duży</sln:miejscNazwa><sln:miejscRodzaj>Wieś</sln:miejscRodzaj><sln:powIIPId>990a47d4-e8f6-450c-9636-ea29e35cc404</sln:powIIPId><sln:powIIPPn>PL.PZGIK.200</sln:powIIPPn><sln:powIIPWersja>2012-09-27T08:13:53+02:00</sln:powIIPWersja><sln:powIdTeryt>1412</sln:powIdTeryt><sln:powNazwa>miński</sln:powNazwa><sln:waznyOd>2011-07-28T00:00:00+02:00</sln:waznyOd><sln:wojIIPId>4b6c492a-eb04-441d-a92a-f44359c06de7</sln:wojIIPId><sln:wojIIPPn>PL.PZGIK.200</sln:wojIIPPn><sln:wojIIPWersja>2012-09-27T13:45:13+02:00</sln:wojIIPWersja><sln:wojIdTeryt>14</sln:wojIdTeryt><sln:wojNazwa>mazowieckie</sln:wojNazwa></sln:miejscowosc><sln:miejscowosc><sln:cyklZyciaDo>2017-03-27T00:00:00+02:00</sln:cyklZyciaDo><sln:cyklZyciaOd>2015-06-19T00:00:00+02:00</sln:cyklZyciaOd><sln:gmIIPId>171d58a1-f440-4505-b8d8-e832895186a4</sln:gmIIPId><sln:gmIIPPn>PL.PZGIK.200</sln:gmIIPPn><sln:gmIIPWersja>2012-09-26T22:52:22+02:00</sln:gmIIPWersja><sln:gmIdTeryt>1412093</sln:gmIdTeryt><sln:gmNazwa>Kałuszyn</sln:gmNazwa><sln:miejscIIPId>be8c80e9-cba9-43cd-897e-64055e254fea</sln:miejscIIPId><sln:miejscIIPPn>PL.PZGIK.200</sln:miejscIIPPn><sln:miejscIIPWersja>2016-11-24T11:50:12+02:00</sln:miejscIIPWersja><sln:miejscIdTeryt>0673785</sln:miejscIdTeryt><sln:miejscNazwa>Garczyn Mały</sln:miejscNazwa><sln:miejscRodzaj>Wieś</sln:miejscRodzaj><sln:powIIPId>990a47d4-e8f6-450c-9636-ea29e35cc404</sln:powIIPId><sln:powIIPPn>PL.PZGIK.200</sln:powIIPPn><sln:powIIPWersja>2012-09-27T08:13:53+02:00</sln:powIIPWersja><sln:powIdTeryt>1412</sln:powIdTeryt><sln:powNazwa>miński</sln:powNazwa><sln:waznyOd>2011-07-28T00:00:00+02:00</sln:waznyOd><sln:wojIIPId>4b6c492a-eb04-441d-a92a-f44359c06de7</sln:wojIIPId><sln:wojIIPPn>PL.PZGIK.200</sln:wojIIPPn><sln:wojIIPWersja>2012-09-27T13:45:13+02:00</sln:wojIIPWersja><sln:wojIdTeryt>14</sln:wojIdTeryt><sln:wojNazwa>mazowieckie</sln:wojNazwa></sln:miejscowosc><sln:miejscowosc><sln:cyklZyciaDo>2017-03-27T00:00:00+02:00</sln:cyklZyciaDo><sln:cyklZyciaOd>2015-06-19T00:00:00+02:00</sln:cyklZyciaOd><sln:gmIIPId>171d58a1-f440-4505-b8d8-e832895186a4</sln:gmIIPId><sln:gmIIPPn>PL.PZGIK.200</sln:gmIIPPn><sln:gmIIPWersja>2012-09-26T22:52:22+02:00</sln:gmIIPWersja><sln:gmIdTeryt>1412093</sln:gmIdTeryt><sln:gmNazwa>Kałuszyn</sln:gmNazwa><sln:miejscIIPId>305910e0-745f-487e-97b3-208d82ae9627</sln:miejscIIPId><sln:miejscIIPPn>PL.PZGIK.200</sln:miejscIIPPn><sln:miejscIIPWersja>2016-11-24T11:50:12+02:00</sln:miejscIIPWersja><sln:miejscIdTeryt>0673791</sln:miejscIdTeryt><sln:miejscNazwa>Gołębiówka</sln:miejscNazwa><sln:miejscRodzaj>Wieś</sln:miejscRodzaj><sln:powIIPId>990a47d4-e8f6-450c-9636-ea29e35cc404</sln:powIIPId><sln:powIIPPn>PL.PZGIK.200</sln:powIIPPn><sln:powIIPWersja>2012-09-27T08:13:53+02:00</sln:powIIPWersja><sln:powIdTeryt>1412</sln:powIdTeryt><sln:powNazwa>miński</sln:powNazwa><sln:waznyOd>2011-07-28T00:00:00+02:00</sln:waznyOd><sln:wojIIPId>4b6c492a-eb04-441d-a92a-f44359c06de7</sln:wojIIPId><sln:wojIIPPn>PL.PZGIK.200</sln:wojIIPPn><sln:wojIIPWersja>2012-09-27T13:45:13+02:00</sln:wojIIPWersja><sln:wojIdTeryt>14</sln:wojIdTeryt><sln:wojNazwa>mazowieckie</sln:wojNazwa></sln:miejscowosc><sln:miejscowosc><sln:cyklZyciaDo>2017-03-27T00:00:00+02:00</sln:cyklZyciaDo><sln:cyklZyciaOd>2015-06-19T00:00:00+02:00</sln:cyklZyciaOd><sln:gmIIPId>171d58a1-f440-4505-b8d8-e832895186a4</sln:gmIIPId><sln:gmIIPPn>PL.PZGIK.200</sln:gmIIPPn><sln:gmIIPWersja>2012-09-26T22:52:22+02:00</sln:gmIIPWersja><sln:gmIdTeryt>1412093</sln:gmIdTeryt><sln:gmNazwa>Kałuszyn</sln:gmNazwa><sln:miejscIIPId>6d3266ad-a76d-4984-ab7b-d2f6b061ed4e</sln:miejscIIPId><sln:miejscIIPPn>PL.PZGIK.200</sln:miejscIIPPn><sln:miejscIIPWersja>2016-11-24T13:18:01+02:00</sln:miejscIIPWersja><sln:miejscIdTeryt>0975380</sln:miejscIdTeryt><sln:miejscNazwa>Kałuszyn</sln:miejscNazwa><sln:miejscRodzaj>Miasto</sln:miejscRodzaj><sln:powIIPId>990a47d4-e8f6-450c-9636-ea29e35cc404</sln:powIIPId><sln:powIIPPn>PL.PZGIK.200</sln:powIIPPn><sln:powIIPWersja>2012-09-27T08:13:53+02:00</sln:powIIPWersja><sln:powIdTeryt>1412</sln:powIdTeryt><sln:powNazwa>miński</sln:powNazwa><sln:waznyOd>2012-06-21T00:00:00+02:00</sln:waznyOd><sln:wojIIPId>4b6c492a-eb04-441d-a92a-f44359c06de7</sln:wojIIPId><sln:wojIIPPn>PL.PZGIK.200</sln:wojIIPPn><sln:wojIIPWersja>2012-09-27T13:45:13+02:00</sln:wojIIPWersja><sln:wojIdTeryt>14</sln:wojIdTeryt><sln:wojNazwa>mazowieckie</sln:wojNazwa></sln:miejscowosc><sln:miejscowosc><sln:cyklZyciaDo>2017-03-27T00:00:00+02:00</sln:cyklZyciaDo><sln:cyklZyciaOd>2015-06-19T00:00:00+02:00</sln:cyklZyciaOd><sln:gmIIPId>171d58a1-f440-4505-b8d8-e832895186a4</sln:gmIIPId><sln:gmIIPPn>PL.PZGIK.200</sln:gmIIPPn><sln:gmIIPWersja>2012-09-26T22:52:22+02:00</sln:gmIIPWersja><sln:gmIdTeryt>1412093</sln:gmIdTeryt><sln:gmNazwa>Kałuszyn</sln:gmNazwa><sln:miejscIIPId>2f343b55-fbd0-4b74-a610-fc03bf78560d</sln:miejscIIPId><sln:miejscIIPPn>PL.PZGIK.200</sln:miejscIIPPn><sln:miejscIIPWersja>2016-11-24T11:50:12+02:00</sln:miejscIIPWersja><sln:miejscIdTeryt>0673816</sln:miejscIdTeryt><sln:miejscNazwa>Kazimierzów</sln:miejscNazwa><sln:miejscRodzaj>Wieś</sln:miejscRodzaj><sln:powIIPId>990a47d4-e8f6-450c-9636-ea29e35cc404</sln:powIIPId><sln:powIIPPn>PL.PZGIK.200</sln:powIIPPn><sln:powIIPWersja>2012-09-27T08:13:53+02:00</sln:powIIPWersja><sln:powIdTeryt>1412</sln:powIdTeryt><sln:powNazwa>miński</sln:powNazwa><sln:waznyOd>2011-07-28T00:00:00+02:00</sln:waznyOd><sln:wojIIPId>4b6c492a-eb04-441d-a92a-f44359c06de7</sln:wojIIPId><sln:wojIIPPn>PL.PZGIK.200</sln:wojIIPPn><sln:wojIIPWersja>2012-09-27T13:45:13+02:00</sln:wojIIPWersja><sln:wojIdTeryt>14</sln:wojIdTeryt><sln:wojNazwa>mazowieckie</sln:wojNazwa></sln:miejscowosc><sln:miejscowosc><sln:cyklZyciaDo>2017-03-27T00:00:00+02:00</sln:cyklZyciaDo><sln:cyklZyciaOd>2015-06-19T00:00:00+02:00</sln:cyklZyciaOd><sln:gmIIPId>171d58a1-f440-4505-b8d8-e832895186a4</sln:gmIIPId><sln:gmIIPPn>PL.PZGIK.200</sln:gmIIPPn><sln:gmIIPWersja>2012-09-26T22:52:22+02:00</sln:gmIIPWersja><sln:gmIdTeryt>1412093</sln:gmIdTeryt><sln:gmNazwa>Kałuszyn</sln:gmNazwa><sln:miejscIIPId>348da6f3-1491-4021-b93f-bf0e4a241ac7</sln:miejscIIPId><sln:miejscIIPPn>PL.PZGIK.200</sln:miejscIIPPn><sln:miejscIIPWersja>2016-11-24T11:50:12+02:00</sln:miejscIIPWersja><sln:miejscIdTeryt>0673822</sln:miejscIdTeryt><sln:miejscNazwa>Kluki</sln:miejscNazwa><sln:miejscRodzaj>Wieś</sln:miejscRodzaj><sln:powIIPId>990a47d4-e8f6-450c-9636-ea29e35cc404</sln:powIIPId><sln:powIIPPn>PL.PZGIK.200</sln:powIIPPn><sln:powIIPWersja>2012-09-27T08:13:53+02:00</sln:powIIPWersja><sln:powIdTeryt>1412</sln:powIdTeryt><sln:powNazwa>miński</sln:powNazwa><sln:waznyOd>2011-07-28T00:00:00+02:00</sln:waznyOd><sln:wojIIPId>4b6c492a-eb04-441d-a92a-f44359c06de7</sln:wojIIPId><sln:wojIIPPn>PL.PZGIK.200</sln:wojIIPPn><sln:wojIIPWersja>2012-09-27T13:45:13+02:00</sln:wojIIPWersja><sln:wojIdTeryt>14</sln:wojIdTeryt><sln:wojNazwa>mazowieckie</sln:wojNazwa></sln:miejscowosc><sln:miejscowosc><sln:cyklZyciaDo>2017-03-27T00:00:00+02:00</sln:cyklZyciaDo><sln:cyklZyciaOd>2015-06-19T00:00:00+02:00</sln:cyklZyciaOd><sln:gmIIPId>171d58a1-f440-4505-b8d8-e832895186a4</sln:gmIIPId><sln:gmIIPPn>PL.PZGIK.200</sln:gmIIPPn><sln:gmIIPWersja>2012-09-26T22:52:22+02:00</sln:gmIIPWersja><sln:gmIdTeryt>1412093</sln:gmIdTeryt><sln:gmNazwa>Kałuszyn</sln:gmNazwa><sln:miejscIIPId>108edd3e-e00e-43cb-86dc-6c443f0d5a62</sln:miejscIIPId><sln:miejscIIPPn>PL.PZGIK.200</sln:miejscIIPPn><sln:miejscIIPWersja>2016-11-24T11:50:12+02:00</sln:miejscIIPWersja><sln:miejscIdTeryt>0673839</sln:miejscIdTeryt><sln:miejscNazwa>Leonów</sln:miejscNazwa><sln:miejscRodzaj>Wieś</sln:miejscRodzaj><sln:powIIPId>990a47d4-e8f6-450c-9636-ea29e35cc404</sln:powIIPId><sln:powIIPPn>PL.PZGIK.200</sln:powIIPPn><sln:powIIPWersja>2012-09-27T08:13:53+02:00</sln:powIIPWersja><sln:powIdTeryt>1412</sln:powIdTeryt><sln:powNazwa>miński</sln:powNazwa><sln:waznyOd>2011-07-28T00:00:00+02:00</sln:waznyOd><sln:wojIIPId>4b6c492a-eb04-441d-a92a-f44359c06de7</sln:wojIIPId><sln:wojIIPPn>PL.PZGIK.200</sln:wojIIPPn><sln:wojIIPWersja>2012-09-27T13:45:13+02:00</sln:wojIIPWersja><sln:wojIdTeryt>14</sln:wojIdTeryt><sln:wojNazwa>mazowieckie</sln:wojNazwa></sln:miejscowosc><sln:miejscowosc><sln:cyklZyciaDo>2017-03-27T00:00:00+02:00</sln:cyklZyciaDo><sln:cyklZyciaOd>2015-06-19T00:00:00+02:00</sln:cyklZyciaOd><sln:gmIIPId>171d58a1-f440-4505-b8d8-e832895186a4</sln:gmIIPId><sln:gmIIPPn>PL.PZGIK.200</sln:gmIIPPn><sln:gmIIPWersja>2012-09-26T22:52:22+02:00</sln:gmIIPWersja><sln:gmIdTeryt>1412093</sln:gmIdTeryt><sln:gmNazwa>Kałuszyn</sln:gmNazwa><sln:miejscIIPId>a51102bc-8e99-4128-b78d-9e37c398d1e0</sln:miejscIIPId><sln:miejscIIPPn>PL.PZGIK.200</sln:miejscIIPPn><sln:miejscIIPWersja>2016-11-24T11:50:12+02:00</sln:miejscIIPWersja><sln:miejscIdTeryt>0673845</sln:miejscIdTeryt><sln:miejscNazwa>Marianka</sln:miejscNazwa><sln:miejscRodzaj>Wieś</sln:miejscRodzaj><sln:powIIPId>990a47d4-e8f6-450c-9636-ea29e35cc404</sln:powIIPId><sln:powIIPPn>PL.PZGIK.200</sln:powIIPPn><sln:powIIPWersja>2012-09-27T08:13:53+02:00</sln:powIIPWersja><sln:powIdTeryt>1412</sln:powIdTeryt><sln:powNazwa>miński</sln:powNazwa><sln:waznyOd>2011-07-28T00:00:00+02:00</sln:waznyOd><sln:wojIIPId>4b6c492a-eb04-441d-a92a-f44359c06de7</sln:wojIIPId><sln:wojIIPPn>PL.PZGIK.200</sln:wojIIPPn><sln:wojIIPWersja>2012-09-27T13:45:13+02:00</sln:wojIIPWersja><sln:wojIdTeryt>14</sln:wojIdTeryt><sln:wojNazwa>mazowieckie</sln:wojNazwa></sln:miejscowosc><sln:miejscowosc><sln:cyklZyciaDo>2017-03-27T00:00:00+02:00</sln:cyklZyciaDo><sln:cyklZyciaOd>2015-06-19T00:00:00+02:00</sln:cyklZyciaOd><sln:gmIIPId>171d58a1-f440-4505-b8d8-e832895186a4</sln:gmIIPId><sln:gmIIPPn>PL.PZGIK.200</sln:gmIIPPn><sln:gmIIPWersja>2012-09-26T22:52:22+02:00</sln:gmIIPWersja><sln:gmIdTeryt>1412093</sln:gmIdTeryt><sln:gmNazwa>Kałuszyn</sln:gmNazwa><sln:miejscIIPId>1b3fcdf1-556d-4118-89e7-331336a0fc8e</sln:miejscIIPId><sln:miejscIIPPn>PL.PZGIK.200</sln:miejscIIPPn><sln:miejscIIPWersja>2016-11-24T11:50:12+02:00</sln:miejscIIPWersja><sln:miejscIdTeryt>0673897</sln:miejscIdTeryt><sln:miejscNazwa>Marysin</sln:miejscNazwa><sln:miejscRodzaj>Wieś</sln:miejscRodzaj><sln:powIIPId>990a47d4-e8f6-450c-9636-ea29e35cc404</sln:powIIPId><sln:powIIPPn>PL.PZGIK.200</sln:powIIPPn><sln:powIIPWersja>2012-09-27T08:13:53+02:00</sln:powIIPWersja><sln:powIdTeryt>1412</sln:powIdTeryt><sln:powNazwa>miński</sln:powNazwa><sln:waznyOd>2011-07-28T00:00:00+02:00</sln:waznyOd><sln:wojIIPId>4b6c492a-eb04-441d-a92a-f44359c06de7</sln:wojIIPId><sln:wojIIPPn>PL.PZGIK.200</sln:wojIIPPn><sln:wojIIPWersja>2012-09-27T13:45:13+02:00</sln:wojIIPWersja><sln:wojIdTeryt>14</sln:wojIdTeryt><sln:wojNazwa>mazowieckie</sln:wojNazwa></sln:miejscowosc><sln:miejscowosc><sln:cyklZyciaDo>2017-03-27T00:00:00+02:00</sln:cyklZyciaDo><sln:cyklZyciaOd>2015-06-19T00:00:00+02:00</sln:cyklZyciaOd><sln:gmIIPId>171d58a1-f440-4505-b8d8-e832895186a4</sln:gmIIPId><sln:gmIIPPn>PL.PZGIK.200</sln:gmIIPPn><sln:gmIIPWersja>2012-09-26T22:52:22+02:00</sln:gmIIPWersja><sln:gmIdTeryt>1412093</sln:gmIdTeryt><sln:gmNazwa>Kałuszyn</sln:gmNazwa><sln:miejscIIPId>41ad7150-7e7f-4356-937a-206d87568e5d</sln:miejscIIPId><sln:miejscIIPPn>PL.PZGIK.200</sln:miejscIIPPn><sln:miejscIIPWersja>2016-11-24T11:50:12+02:00</sln:miejscIIPWersja><sln:miejscIdTeryt>0673851</sln:miejscIdTeryt><sln:miejscNazwa>Milew</sln:miejscNazwa><sln:miejscRodzaj>Wieś</sln:miejscRodzaj><sln:powIIPId>990a47d4-e8f6-450c-9636-ea29e35cc404</sln:powIIPId><sln:powIIPPn>PL.PZGIK.200</sln:powIIPPn><sln:powIIPWersja>2012-09-27T08:13:53+02:00</sln:powIIPWersja><sln:powIdTeryt>1412</sln:powIdTeryt><sln:powNazwa>miński</sln:powNazwa><sln:waznyOd>2011-07-28T00:00:00+02:00</sln:waznyOd><sln:wojIIPId>4b6c492a-eb04-441d-a92a-f44359c06de7</sln:wojIIPId><sln:wojIIPPn>PL.PZGIK.200</sln:wojIIPPn><sln:wojIIPWersja>2012-09-27T13:45:13+02:00</sln:wojIIPWersja><sln:wojIdTeryt>14</sln:wojIdTeryt><sln:wojNazwa>mazowieckie</sln:wojNazwa></sln:miejscowosc><sln:miejscowosc><sln:cyklZyciaDo>2017-03-27T00:00:00+02:00</sln:cyklZyciaDo><sln:cyklZyciaOd>2015-06-19T00:00:00+02:00</sln:cyklZyciaOd><sln:gmIIPId>171d58a1-f440-4505-b8d8-e832895186a4</sln:gmIIPId><sln:gmIIPPn>PL.PZGIK.200</sln:gmIIPPn><sln:gmIIPWersja>2012-09-26T22:52:22+02:00</sln:gmIIPWersja><sln:gmIdTeryt>1412093</sln:gmIdTeryt><sln:gmNazwa>Kałuszyn</sln:gmNazwa><sln:miejscIIPId>b9dc1832-18c7-493e-aea0-a6f5fbed4a3c</sln:miejscIIPId><sln:miejscIIPPn>PL.PZGIK.200</sln:miejscIIPPn><sln:miejscIIPWersja>2016-11-24T11:50:12+02:00</sln:miejscIIPWersja><sln:miejscIdTeryt>0673868</sln:miejscIdTeryt><sln:miejscNazwa>Mroczki</sln:miejscNazwa><sln:miejscRodzaj>Wieś</sln:miejscRodzaj><sln:powIIPId>990a47d4-e8f6-450c-9636-ea29e35cc404</sln:powIIPId><sln:powIIPPn>PL.PZGIK.200</sln:powIIPPn><sln:powIIPWersja>2012-09-27T08:13:53+02:00</sln:powIIPWersja><sln:powIdTeryt>1412</sln:powIdTeryt><sln:powNazwa>miński</sln:powNazwa><sln:waznyOd>2011-07-28T00:00:00+02:00</sln:waznyOd><sln:wojIIPId>4b6c492a-eb04-441d-a92a-f44359c06de7</sln:wojIIPId><sln:wojIIPPn>PL.PZGIK.200</sln:wojIIPPn><sln:wojIIPWersja>2012-09-27T13:45:13+02:00</sln:wojIIPWersja><sln:wojIdTeryt>14</sln:wojIdTeryt><sln:wojNazwa>mazowieckie</sln:wojNazwa></sln:miejscowosc><sln:miejscowosc><sln:cyklZyciaDo>2017-03-27T00:00:00+02:00</sln:cyklZyciaDo><sln:cyklZyciaOd>2015-06-19T00:00:00+02:00</sln:cyklZyciaOd><sln:gmIIPId>171d58a1-f440-4505-b8d8-e832895186a4</sln:gmIIPId><sln:gmIIPPn>PL.PZGIK.200</sln:gmIIPPn><sln:gmIIPWersja>2012-09-26T22:52:22+02:00</sln:gmIIPWersja><sln:gmIdTeryt>1412093</sln:gmIdTeryt><sln:gmNazwa>Kałuszyn</sln:gmNazwa><sln:miejscIIPId>88ec622e-1931-4426-a61b-25d4c9ff52cd</sln:miejscIIPId><sln:miejscIIPPn>PL.PZGIK.200</sln:miejscIIPPn><sln:miejscIIPWersja>2016-11-24T11:50:12+02:00</sln:miejscIIPWersja><sln:miejscIdTeryt>0673874</sln:miejscIdTeryt><sln:miejscNazwa>Nowe Groszki</sln:miejscNazwa><sln:miejscRodzaj>Wieś</sln:miejscRodzaj><sln:powIIPId>990a47d4-e8f6-450c-9636-ea29e35cc404</sln:powIIPId><sln:powIIPPn>PL.PZGIK.200</sln:powIIPPn><sln:powIIPWersja>2012-09-27T08:13:53+02:00</sln:powIIPWersja><sln:powIdTeryt>1412</sln:powIdTeryt><sln:powNazwa>miński</sln:powNazwa><sln:waznyOd>2011-07-28T00:00:00+02:00</sln:waznyOd><sln:wojIIPId>4b6c492a-eb04-441d-a92a-f44359c06de7</sln:wojIIPId><sln:wojIIPPn>PL.PZGIK.200</sln:wojIIPPn><sln:wojIIPWersja>2012-09-27T13:45:13+02:00</sln:wojIIPWersja><sln:wojIdTeryt>14</sln:wojIdTeryt><sln:wojNazwa>mazowieckie</sln:wojNazwa></sln:miejscowosc><sln:miejscowosc><sln:cyklZyciaDo>2017-03-27T00:00:00+02:00</sln:cyklZyciaDo><sln:cyklZyciaOd>2015-06-19T00:00:00+02:00</sln:cyklZyciaOd><sln:gmIIPId>171d58a1-f440-4505-b8d8-e832895186a4</sln:gmIIPId><sln:gmIIPPn>PL.PZGIK.200</sln:gmIIPPn><sln:gmIIPWersja>2012-09-26T22:52:22+02:00</sln:gmIIPWersja><sln:gmIdTeryt>1412093</sln:gmIdTeryt><sln:gmNazwa>Kałuszyn</sln:gmNazwa><sln:miejscIIPId>7b34f278-10b1-4435-afe2-b7ac2713caf5</sln:miejscIIPId><sln:miejscIIPPn>PL.PZGIK.200</sln:miejscIIPPn><sln:miejscIIPWersja>2016-11-24T11:50:12+02:00</sln:miejscIIPWersja><sln:miejscIdTeryt>0673905</sln:miejscIdTeryt><sln:miejscNazwa>Olszewice</sln:miejscNazwa><sln:miejscRodzaj>Wieś</sln:miejscRodzaj><sln:powIIPId>990a47d4-e8f6-450c-9636-ea29e35cc404</sln:powIIPId><sln:powIIPPn>PL.PZGIK.200</sln:powIIPPn><sln:powIIPWersja>2012-09-27T08:13:53+02:00</sln:powIIPWersja><sln:powIdTeryt>1412</sln:powIdTeryt><sln:powNazwa>miński</sln:powNazwa><sln:waznyOd>2011-07-28T00:00:00+02:00</sln:waznyOd><sln:wojIIPId>4b6c492a-eb04-441d-a92a-f44359c06de7</sln:wojIIPId><sln:wojIIPPn>PL.PZGIK.200</sln:wojIIPPn><sln:wojIIPWersja>2012-09-27T13:45:13+02:00</sln:wojIIPWersja><sln:wojIdTeryt>14</sln:wojIdTeryt><sln:wojNazwa>mazowieckie</sln:wojNazwa></sln:miejscowosc><sln:miejscowosc><sln:cyklZyciaDo>2017-03-27T00:00:00+02:00</sln:cyklZyciaDo><sln:cyklZyciaOd>2015-06-19T00:00:00+02:00</sln:cyklZyciaOd><sln:gmIIPId>171d58a1-f440-4505-b8d8-e832895186a4</sln:gmIIPId><sln:gmIIPPn>PL.PZGIK.200</sln:gmIIPPn><sln:gmIIPWersja>2012-09-26T22:52:22+02:00</sln:gmIIPWersja><sln:gmIdTeryt>1412093</sln:gmIdTeryt><sln:gmNazwa>Kałuszyn</sln:gmNazwa><sln:miejscIIPId>ffd42df2-18fa-4fdc-b0c3-77c3d11f40c8</sln:miejscIIPId><sln:miejscIIPPn>PL.PZGIK.200</sln:miejscIIPPn><sln:miejscIIPWersja>2016-11-24T11:50:12+02:00</sln:miejscIIPWersja><sln:miejscIdTeryt>0673911</sln:miejscIdTeryt><sln:miejscNazwa>Patok</sln:miejscNazwa><sln:miejscRodzaj>Wieś</sln:miejscRodzaj><sln:powIIPId>990a47d4-e8f6-450c-9636-ea29e35cc404</sln:powIIPId><sln:powIIPPn>PL.PZGIK.200</sln:powIIPPn><sln:powIIPWersja>2012-09-27T08:13:53+02:00</sln:powIIPWersja><sln:powIdTeryt>1412</sln:powIdTeryt><sln:powNazwa>miński</sln:powNazwa><sln:waznyOd>2011-07-28T00:00:00+02:00</sln:waznyOd><sln:wojIIPId>4b6c492a-eb04-441d-a92a-f44359c06de7</sln:wojIIPId><sln:wojIIPPn>PL.PZGIK.200</sln:wojIIPPn><sln:wojIIPWersja>2012-09-27T13:45:13+02:00</sln:wojIIPWersja><sln:wojIdTeryt>14</sln:wojIdTeryt><sln:wojNazwa>mazowieckie</sln:wojNazwa></sln:miejscowosc><sln:miejscowosc><sln:cyklZyciaDo>2017-03-27T00:00:00+02:00</sln:cyklZyciaDo><sln:cyklZyciaOd>2015-06-19T00:00:00+02:00</sln:cyklZyciaOd><sln:gmIIPId>171d58a1-f440-4505-b8d8-e832895186a4</sln:gmIIPId><sln:gmIIPPn>PL.PZGIK.200</sln:gmIIPPn><sln:gmIIPWersja>2012-09-26T22:52:22+02:00</sln:gmIIPWersja><sln:gmIdTeryt>1412093</sln:gmIdTeryt><sln:gmNazwa>Kałuszyn</sln:gmNazwa><sln:miejscIIPId>c047983c-9dbf-4e95-943c-d5f806cf1d98</sln:miejscIIPId><sln:miejscIIPPn>PL.PZGIK.200</sln:miejscIIPPn><sln:miejscIIPWersja>2016-11-24T11:50:12+02:00</sln:miejscIIPWersja><sln:miejscIdTeryt>0673928</sln:miejscIdTeryt><sln:miejscNazwa>Piotrowina</sln:miejscNazwa><sln:miejscRodzaj>Wieś</sln:miejscRodzaj><sln:powIIPId>990a47d4-e8f6-450c-9636-ea29e35cc404</sln:powIIPId><sln:powIIPPn>PL.PZGIK.200</sln:powIIPPn><sln:powIIPWersja>2012-09-27T08:13:53+02:00</sln:powIIPWersja><sln:powIdTeryt>1412</sln:powIdTeryt><sln:powNazwa>miński</sln:powNazwa><sln:waznyOd>2011-07-28T00:00:00+02:00</sln:waznyOd><sln:wojIIPId>4b6c492a-eb04-441d-a92a-f44359c06de7</sln:wojIIPId><sln:wojIIPPn>PL.PZGIK.200</sln:wojIIPPn><sln:wojIIPWersja>2012-09-27T13:45:13+02:00</sln:wojIIPWersja><sln:wojIdTeryt>14</sln:wojIdTeryt><sln:wojNazwa>mazowieckie</sln:wojNazwa></sln:miejscowosc><sln:miejscowosc><sln:cyklZyciaDo>2017-03-27T00:00:00+02:00</sln:cyklZyciaDo><sln:cyklZyciaOd>2015-06-19T00:00:00+02:00</sln:cyklZyciaOd><sln:gmIIPId>171d58a1-f440-4505-b8d8-e832895186a4</sln:gmIIPId><sln:gmIIPPn>PL.PZGIK.200</sln:gmIIPPn><sln:gmIIPWersja>2012-09-26T22:52:22+02:00</sln:gmIIPWersja><sln:gmIdTeryt>1412093</sln:gmIdTeryt><sln:gmNazwa>Kałuszyn</sln:gmNazwa><sln:miejscIIPId>f981658d-b4ef-4951-9461-c60fe78cfb6d</sln:miejscIIPId><sln:miejscIIPPn>PL.PZGIK.200</sln:miejscIIPPn><sln:miejscIIPWersja>2016-11-24T11:50:12+02:00</sln:miejscIIPWersja><sln:miejscIdTeryt>0673934</sln:miejscIdTeryt><sln:miejscNazwa>Przytoka</sln:miejscNazwa><sln:miejscRodzaj>Wieś</sln:miejscRodzaj><sln:powIIPId>990a47d4-e8f6-450c-9636-ea29e35cc404</sln:powIIPId><sln:powIIPPn>PL.PZGIK.200</sln:powIIPPn><sln:powIIPWersja>2012-09-27T08:13:53+02:00</sln:powIIPWersja><sln:powIdTeryt>1412</sln:powIdTeryt><sln:powNazwa>miński</sln:powNazwa><sln:waznyOd>2011-07-28T00:00:00+02:00</sln:waznyOd><sln:wojIIPId>4b6c492a-eb04-441d-a92a-f44359c06de7</sln:wojIIPId><sln:wojIIPPn>PL.PZGIK.200</sln:wojIIPPn><sln:wojIIPWersja>2012-09-27T13:45:13+02:00</sln:wojIIPWersja><sln:wojIdTeryt>14</sln:wojIdTeryt><sln:wojNazwa>mazowieckie</sln:wojNazwa></sln:miejscowosc><sln:miejscowosc><sln:cyklZyciaDo>2017-03-27T00:00:00+02:00</sln:cyklZyciaDo><sln:cyklZyciaOd>2015-06-19T00:00:00+02:00</sln:cyklZyciaOd><sln:gmIIPId>171d58a1-f440-4505-b8d8-e832895186a4</sln:gmIIPId><sln:gmIIPPn>PL.PZGIK.200</sln:gmIIPPn><sln:gmIIPWersja>2012-09-26T22:52:22+02:00</sln:gmIIPWersja><sln:gmIdTeryt>1412093</sln:gmIdTeryt><sln:gmNazwa>Kałuszyn</sln:gmNazwa><sln:miejscIIPId>a4217fcf-ffcb-4334-9075-30acf4c83de6</sln:miejscIIPId><sln:miejscIIPPn>PL.PZGIK.200</sln:miejscIIPPn><sln:miejscIIPWersja>2016-11-24T11:50:12+02:00</sln:miejscIIPWersja><sln:miejscIdTeryt>0673957</sln:miejscIdTeryt><sln:miejscNazwa>Ryczołek</sln:miejscNazwa><sln:miejscRodzaj>Wieś</sln:miejscRodzaj><sln:powIIPId>990a47d4-e8f6-450c-9636-ea29e35cc404</sln:powIIPId><sln:powIIPPn>PL.PZGIK.200</sln:powIIPPn><sln:powIIPWersja>2012-09-27T08:13:53+02:00</sln:powIIPWersja><sln:powIdTeryt>1412</sln:powIdTeryt><sln:powNazwa>miński</sln:powNazwa><sln:waznyOd>2011-07-28T00:00:00+02:00</sln:waznyOd><sln:wojIIPId>4b6c492a-eb04-441d-a92a-f44359c06de7</sln:wojIIPId><sln:wojIIPPn>PL.PZGIK.200</sln:wojIIPPn><sln:wojIIPWersja>2012-09-27T13:45:13+02:00</sln:wojIIPWersja><sln:wojIdTeryt>14</sln:wojIdTeryt><sln:wojNazwa>mazowieckie</sln:wojNazwa></sln:miejscowosc><sln:miejscowosc><sln:cyklZyciaDo>2017-03-27T00:00:00+02:00</sln:cyklZyciaDo><sln:cyklZyciaOd>2015-06-19T00:00:00+02:00</sln:cyklZyciaOd><sln:gmIIPId>171d58a1-f440-4505-b8d8-e832895186a4</sln:gmIIPId><sln:gmIIPPn>PL.PZGIK.200</sln:gmIIPPn><sln:gmIIPWersja>2012-09-26T22:52:22+02:00</sln:gmIIPWersja><sln:gmIdTeryt>1412093</sln:gmIdTeryt><sln:gmNazwa>Kałuszyn</sln:gmNazwa><sln:miejscIIPId>4b53a559-87ae-4b3e-ba9e-07e79f96ad02</sln:miejscIIPId><sln:miejscIIPPn>PL.PZGIK.200</sln:miejscIIPPn><sln:miejscIIPWersja>2016-11-24T11:50:12+02:00</sln:miejscIIPWersja><sln:miejscIdTeryt>0673963</sln:miejscIdTeryt><sln:miejscNazwa>Sinołęka</sln:miejscNazwa><sln:miejscRodzaj>Wieś</sln:miejscRodzaj><sln:powIIPId>990a47d4-e8f6-450c-9636-ea29e35cc404</sln:powIIPId><sln:powIIPPn>PL.PZGIK.200</sln:powIIPPn><sln:powIIPWersja>2012-09-27T08:13:53+02:00</sln:powIIPWersja><sln:powIdTeryt>1412</sln:powIdTeryt><sln:powNazwa>miński</sln:powNazwa><sln:waznyOd>2011-07-28T00:00:00+02:00</sln:waznyOd><sln:wojIIPId>4b6c492a-eb04-441d-a92a-f44359c06de7</sln:wojIIPId><sln:wojIIPPn>PL.PZGIK.200</sln:wojIIPPn><sln:wojIIPWersja>2012-09-27T13:45:13+02:00</sln:wojIIPWersja><sln:wojIdTeryt>14</sln:wojIdTeryt><sln:wojNazwa>mazowieckie</sln:wojNazwa></sln:miejscowosc><sln:miejscowosc><sln:cyklZyciaDo>2017-03-27T00:00:00+02:00</sln:cyklZyciaDo><sln:cyklZyciaOd>2015-06-19T00:00:00+02:00</sln:cyklZyciaOd><sln:gmIIPId>171d58a1-f440-4505-b8d8-e832895186a4</sln:gmIIPId><sln:gmIIPPn>PL.PZGIK.200</sln:gmIIPPn><sln:gmIIPWersja>2012-09-26T22:52:22+02:00</sln:gmIIPWersja><sln:gmIdTeryt>1412093</sln:gmIdTeryt><sln:gmNazwa>Kałuszyn</sln:gmNazwa><sln:miejscIIPId>909dcc9c-8733-4245-a916-f473f809bb25</sln:miejscIIPId><sln:miejscIIPPn>PL.PZGIK.200</sln:miejscIIPPn><sln:miejscIIPWersja>2016-11-24T11:50:12+02:00</sln:miejscIIPWersja><sln:miejscIdTeryt>0673970</sln:miejscIdTeryt><sln:miejscNazwa>Stare Groszki</sln:miejscNazwa><sln:miejscRodzaj>Wieś</sln:miejscRodzaj><sln:powIIPId>990a47d4-e8f6-450c-9636-ea29e35cc404</sln:powIIPId><sln:powIIPPn>PL.PZGIK.200</sln:powIIPPn><sln:powIIPWersja>2012-09-27T08:13:53+02:00</sln:powIIPWersja><sln:powIdTeryt>1412</sln:powIdTeryt><sln:powNazwa>miński</sln:powNazwa><sln:waznyOd>2011-07-28T00:00:00+02:00</sln:waznyOd><sln:wojIIPId>4b6c492a-eb04-441d-a92a-f44359c06de7</sln:wojIIPId><sln:wojIIPPn>PL.PZGIK.200</sln:wojIIPPn><sln:wojIIPWersja>2012-09-27T13:45:13+02:00</sln:wojIIPWersja><sln:wojIdTeryt>14</sln:wojIdTeryt><sln:wojNazwa>mazowieckie</sln:wojNazwa></sln:miejscowosc><sln:miejscowosc><sln:cyklZyciaDo>2017-03-27T00:00:00+02:00</sln:cyklZyciaDo><sln:cyklZyciaOd>2015-06-19T00:00:00+02:00</sln:cyklZyciaOd><sln:gmIIPId>171d58a1-f440-4505-b8d8-e832895186a4</sln:gmIIPId><sln:gmIIPPn>PL.PZGIK.200</sln:gmIIPPn><sln:gmIIPWersja>2012-09-26T22:52:22+02:00</sln:gmIIPWersja><sln:gmIdTeryt>1412093</sln:gmIdTeryt><sln:gmNazwa>Kałuszyn</sln:gmNazwa><sln:miejscIIPId>4e731d23-3a87-448f-ae33-3ae25b7947b8</sln:miejscIIPId><sln:miejscIIPPn>PL.PZGIK.200</sln:miejscIIPPn><sln:miejscIIPWersja>2016-11-24T11:50:12+02:00</sln:miejscIIPWersja><sln:miejscIdTeryt>0673992</sln:miejscIdTeryt><sln:miejscNazwa>Szembory</sln:miejscNazwa><sln:miejscRodzaj>Wieś</sln:miejscRodzaj><sln:powIIPId>990a47d4-e8f6-450c-9636-ea29e35cc404</sln:powIIPId><sln:powIIPPn>PL.PZGIK.200</sln:powIIPPn><sln:powIIPWersja>2012-09-27T08:13:53+02:00</sln:powIIPWersja><sln:powIdTeryt>1412</sln:powIdTeryt><sln:powNazwa>miński</sln:powNazwa><sln:waznyOd>2011-07-28T00:00:00+02:00</sln:waznyOd><sln:wojIIPId>4b6c492a-eb04-441d-a92a-f44359c06de7</sln:wojIIPId><sln:wojIIPPn>PL.PZGIK.200</sln:wojIIPPn><sln:wojIIPWersja>2012-09-27T13:45:13+02:00</sln:wojIIPWersja><sln:wojIdTeryt>14</sln:wojIdTeryt><sln:wojNazwa>mazowieckie</sln:wojNazwa></sln:miejscowosc><sln:miejscowosc><sln:cyklZyciaDo>2017-03-27T00:00:00+02:00</sln:cyklZyciaDo><sln:cyklZyciaOd>2015-06-19T00:00:00+02:00</sln:cyklZyciaOd><sln:gmIIPId>171d58a1-f440-4505-b8d8-e832895186a4</sln:gmIIPId><sln:gmIIPPn>PL.PZGIK.200</sln:gmIIPPn><sln:gmIIPWersja>2012-09-26T22:52:22+02:00</sln:gmIIPWersja><sln:gmIdTeryt>1412093</sln:gmIdTeryt><sln:gmNazwa>Kałuszyn</sln:gmNazwa><sln:miejscIIPId>5cf8cb5d-b10a-4205-a1a0-96899369777f</sln:miejscIIPId><sln:miejscIIPPn>PL.PZGIK.200</sln:miejscIIPPn><sln:miejscIIPWersja>2016-11-24T11:50:12+02:00</sln:miejscIIPWersja><sln:miejscIdTeryt>0674000</sln:miejscIdTeryt><sln:miejscNazwa>Szymony</sln:miejscNazwa><sln:miejscRodzaj>Wieś</sln:miejscRodzaj><sln:powIIPId>990a47d4-e8f6-450c-9636-ea29e35cc404</sln:powIIPId><sln:powIIPPn>PL.PZGIK.200</sln:powIIPPn><sln:powIIPWersja>2012-09-27T08:13:53+02:00</sln:powIIPWersja><sln:powIdTeryt>1412</sln:powIdTeryt><sln:powNazwa>miński</sln:powNazwa><sln:waznyOd>2011-07-28T00:00:00+02:00</sln:waznyOd><sln:wojIIPId>4b6c492a-eb04-441d-a92a-f44359c06de7</sln:wojIIPId><sln:wojIIPPn>PL.PZGIK.200</sln:wojIIPPn><sln:wojIIPWersja>2012-09-27T13:45:13+02:00</sln:wojIIPWersja><sln:wojIdTeryt>14</sln:wojIdTeryt><sln:wojNazwa>mazowieckie</sln:wojNazwa></sln:miejscowosc><sln:miejscowosc><sln:cyklZyciaDo>2017-03-27T00:00:00+02:00</sln:cyklZyciaDo><sln:cyklZyciaOd>2015-06-19T00:00:00+02:00</sln:cyklZyciaOd><sln:gmIIPId>171d58a1-f440-4505-b8d8-e832895186a4</sln:gmIIPId><sln:gmIIPPn>PL.PZGIK.200</sln:gmIIPPn><sln:gmIIPWersja>2012-09-26T22:52:22+02:00</sln:gmIIPWersja><sln:gmIdTeryt>1412093</sln:gmIdTeryt><sln:gmNazwa>Kałuszyn</sln:gmNazwa><sln:miejscIIPId>ba2ad4fd-671b-41d0-b3c3-e38d8af4a1f6</sln:miejscIIPId><sln:miejscIIPPn>PL.PZGIK.200</sln:miejscIIPPn><sln:miejscIIPWersja>2016-11-24T11:50:12+02:00</sln:miejscIIPWersja><sln:miejscIdTeryt>0674017</sln:miejscIdTeryt><sln:miejscNazwa>Wąsy</sln:miejscNazwa><sln:miejscRodzaj>Wieś</sln:miejscRodzaj><sln:powIIPId>990a47d4-e8f6-450c-9636-ea29e35cc404</sln:powIIPId><sln:powIIPPn>PL.PZGIK.200</sln:powIIPPn><sln:powIIPWersja>2012-09-27T08:13:53+02:00</sln:powIIPWersja><sln:powIdTeryt>1412</sln:powIdTeryt><sln:powNazwa>miński</sln:powNazwa><sln:waznyOd>2011-07-28T00:00:00+02:00</sln:waznyOd><sln:wojIIPId>4b6c492a-eb04-441d-a92a-f44359c06de7</sln:wojIIPId><sln:wojIIPPn>PL.PZGIK.200</sln:wojIIPPn><sln:wojIIPWersja>2012-09-27T13:45:13+02:00</sln:wojIIPWersja><sln:wojIdTeryt>14</sln:wojIdTeryt><sln:wojNazwa>mazowieckie</sln:wojNazwa></sln:miejscowosc><sln:miejscowosc><sln:cyklZyciaDo>2017-03-27T00:00:00+02:00</sln:cyklZyciaDo><sln:cyklZyciaOd>2015-06-19T00:00:00+02:00</sln:cyklZyciaOd><sln:gmIIPId>171d58a1-f440-4505-b8d8-e832895186a4</sln:gmIIPId><sln:gmIIPPn>PL.PZGIK.200</sln:gmIIPPn><sln:gmIIPWersja>2012-09-26T22:52:22+02:00</sln:gmIIPWersja><sln:gmIdTeryt>1412093</sln:gmIdTeryt><sln:gmNazwa>Kałuszyn</sln:gmNazwa><sln:miejscIIPId>d5c87a6e-190a-4634-adf8-7a2d21bfbefd</sln:miejscIIPId><sln:miejscIIPPn>PL.PZGIK.200</sln:miejscIIPPn><sln:miejscIIPWersja>2016-11-24T11:50:12+02:00</sln:miejscIIPWersja><sln:miejscIdTeryt>0674023</sln:miejscIdTeryt><sln:miejscNazwa>Wity</sln:miejscNazwa><sln:miejscRodzaj>Wieś</sln:miejscRodzaj><sln:powIIPId>990a47d4-e8f6-450c-9636-ea29e35cc404</sln:powIIPId><sln:powIIPPn>PL.PZGIK.200</sln:powIIPPn><sln:powIIPWersja>2012-09-27T08:13:53+02:00</sln:powIIPWersja><sln:powIdTeryt>1412</sln:powIdTeryt><sln:powNazwa>miński</sln:powNazwa><sln:waznyOd>2011-07-28T00:00:00+02:00</sln:waznyOd><sln:wojIIPId>4b6c492a-eb04-441d-a92a-f44359c06de7</sln:wojIIPId><sln:wojIIPPn>PL.PZGIK.200</sln:wojIIPPn><sln:wojIIPWersja>2012-09-27T13:45:13+02:00</sln:wojIIPWersja><sln:wojIdTeryt>14</sln:wojIdTeryt><sln:wojNazwa>mazowieckie</sln:wojNazwa></sln:miejscowosc><sln:miejscowosc><sln:cyklZyciaDo>2017-03-27T00:00:00+02:00</sln:cyklZyciaDo><sln:cyklZyciaOd>2015-06-19T00:00:00+02:00</sln:cyklZyciaOd><sln:gmIIPId>171d58a1-f440-4505-b8d8-e832895186a4</sln:gmIIPId><sln:gmIIPPn>PL.PZGIK.200</sln:gmIIPPn><sln:gmIIPWersja>2012-09-26T22:52:22+02:00</sln:gmIIPWersja><sln:gmIdTeryt>1412093</sln:gmIdTeryt><sln:gmNazwa>Kałuszyn</sln:gmNazwa><sln:miejscIIPId>ad774c2d-7d24-4733-b69d-920faa3ddec1</sln:miejscIIPId><sln:miejscIIPPn>PL.PZGIK.200</sln:miejscIIPPn><sln:miejscIIPWersja>2016-11-24T11:50:12+02:00</sln:miejscIIPWersja><sln:miejscIdTeryt>0674030</sln:miejscIdTeryt><sln:miejscNazwa>Wólka Kałuska</sln:miejscNazwa><sln:miejscRodzaj>Wieś</sln:miejscRodzaj><sln:powIIPId>990a47d4-e8f6-450c-9636-ea29e35cc404</sln:powIIPId><sln:powIIPPn>PL.PZGIK.200</sln:powIIPPn><sln:powIIPWersja>2012-09-27T08:13:53+02:00</sln:powIIPWersja><sln:powIdTeryt>1412</sln:powIdTeryt><sln:powNazwa>miński</sln:powNazwa><sln:waznyOd>2011-07-28T00:00:00+02:00</sln:waznyOd><sln:wojIIPId>4b6c492a-eb04-441d-a92a-f44359c06de7</sln:wojIIPId><sln:wojIIPPn>PL.PZGIK.200</sln:wojIIPPn><sln:wojIIPWersja>2012-09-27T13:45:13+02:00</sln:wojIIPWersja><sln:wojIdTeryt>14</sln:wojIdTeryt><sln:wojNazwa>mazowieckie</sln:wojNazwa></sln:miejscowosc><sln:miejscowosc><sln:cyklZyciaDo>2017-03-27T00:00:00+02:00</sln:cyklZyciaDo><sln:cyklZyciaOd>2015-06-19T00:00:00+02:00</sln:cyklZyciaOd><sln:gmIIPId>171d58a1-f440-4505-b8d8-e832895186a4</sln:gmIIPId><sln:gmIIPPn>PL.PZGIK.200</sln:gmIIPPn><sln:gmIIPWersja>2012-09-26T22:52:22+02:00</sln:gmIIPWersja><sln:gmIdTeryt>1412093</sln:gmIdTeryt><sln:gmNazwa>Kałuszyn</sln:gmNazwa><sln:miejscIIPId>c21a90de-1ead-424b-a25b-bdb39c471117</sln:miejscIIPId><sln:miejscIIPPn>PL.PZGIK.200</sln:miejscIIPPn><sln:miejscIIPWersja>2016-11-24T11:50:12+02:00</sln:miejscIIPWersja><sln:miejscIdTeryt>0674046</sln:miejscIdTeryt><sln:miejscNazwa>Zimnowoda</sln:miejscNazwa><sln:miejscRodzaj>Wieś</sln:miejscRodzaj><sln:powIIPId>990a47d4-e8f6-450c-9636-ea29e35cc404</sln:powIIPId><sln:powIIPPn>PL.PZGIK.200</sln:powIIPPn><sln:powIIPWersja>2012-09-27T08:13:53+02:00</sln:powIIPWersja><sln:powIdTeryt>1412</sln:powIdTeryt><sln:powNazwa>miński</sln:powNazwa><sln:waznyOd>2011-07-28T00:00:00+02:00</sln:waznyOd><sln:wojIIPId>4b6c492a-eb04-441d-a92a-f44359c06de7</sln:wojIIPId><sln:wojIIPPn>PL.PZGIK.200</sln:wojIIPPn><sln:wojIIPWersja>2012-09-27T13:45:13+02:00</sln:wojIIPWersja><sln:wojIdTeryt>14</sln:wojIdTeryt><sln:wojNazwa>mazowieckie</sln:wojNazwa></sln:miejscowosc><sln:miejscowosc><sln:cyklZyciaDo>2017-03-27T00:00:00+02:00</sln:cyklZyciaDo><sln:cyklZyciaOd>2015-06-19T00:00:00+02:00</sln:cyklZyciaOd><sln:gmIIPId>171d58a1-f440-4505-b8d8-e832895186a4</sln:gmIIPId><sln:gmIIPPn>PL.PZGIK.200</sln:gmIIPPn><sln:gmIIPWersja>2012-09-26T22:52:22+02:00</sln:gmIIPWersja><sln:gmIdTeryt>1412093</sln:gmIdTeryt><sln:gmNazwa>Kałuszyn</sln:gmNazwa><sln:miejscIIPId>fff89e05-28e8-4e64-9226-cd8d2abc83d3</sln:miejscIIPId><sln:miejscIIPPn>PL.PZGIK.200</sln:miejscIIPPn><sln:miejscIIPWersja>2016-11-24T11:50:12+02:00</sln:miejscIIPWersja><sln:miejscIdTeryt>0674052</sln:miejscIdTeryt><sln:miejscNazwa>Żebrówka</sln:miejscNazwa><sln:miejscRodzaj>Wieś</sln:miejscRodzaj><sln:powIIPId>990a47d4-e8f6-450c-9636-ea29e35cc404</sln:powIIPId><sln:powIIPPn>PL.PZGIK.200</sln:powIIPPn><sln:powIIPWersja>2012-09-27T08:13:53+02:00</sln:powIIPWersja><sln:powIdTeryt>1412</sln:powIdTeryt><sln:powNazwa>miński</sln:powNazwa><sln:waznyOd>2011-07-28T00:00:00+02:00</sln:waznyOd><sln:wojIIPId>4b6c492a-eb04-441d-a92a-f44359c06de7</sln:wojIIPId><sln:wojIIPPn>PL.PZGIK.200</sln:wojIIPPn><sln:wojIIPWersja>2012-09-27T13:45:13+02:00</sln:wojIIPWersja><sln:wojIdTeryt>14</sln:wojIdTeryt><sln:wojNazwa>mazowieckie</sln:wojNazwa></sln:miejscowosc><sln:miejscowosc><sln:cyklZyciaOd>2017-03-27T00:00:00+02:00</sln:cyklZyciaOd><sln:gmIIPId>171d58a1-f440-4505-b8d8-e832895186a4</sln:gmIIPId><sln:gmIIPPn>PL.PZGIK.200</sln:gmIIPPn><sln:gmIIPWersja>2012-09-26T22:52:22+02:00</sln:gmIIPWersja><sln:gmIdTeryt>1412093</sln:gmIdTeryt><sln:gmNazwa>Kałuszyn</sln:gmNazwa><sln:miejscIIPId>de873745-1bc8-4702-8804-67a64c36184c</sln:miejscIIPId><sln:miejscIIPPn>PL.PZGIK.200</sln:miejscIIPPn><sln:miejscIIPWersja>2017-03-27T12:53:46+02:00</sln:miejscIIPWersja><sln:miejscIdTeryt>0673733</sln:miejscIdTeryt><sln:miejscNazwa>Abramy</sln:miejscNazwa><sln:miejscRodzaj>Wieś</sln:miejscRodzaj><sln:powIIPId>990a47d4-e8f6-450c-9636-ea29e35cc404</sln:powIIPId><sln:powIIPPn>PL.PZGIK.200</sln:powIIPPn><sln:powIIPWersja>2012-09-27T08:13:53+02:00</sln:powIIPWersja><sln:powIdTeryt>1412</sln:powIdTeryt><sln:powNazwa>miński</sln:powNazwa><sln:waznyOd>2011-07-28T00:00:00+02:00</sln:waznyOd><sln:wojIIPId>4b6c492a-eb04-441d-a92a-f44359c06de7</sln:wojIIPId><sln:wojIIPPn>PL.PZGIK.200</sln:wojIIPPn><sln:wojIIPWersja>2012-09-27T13:45:13+02:00</sln:wojIIPWersja><sln:wojIdTeryt>14</sln:wojIdTeryt><sln:wojNazwa>mazowieckie</sln:wojNazwa></sln:miejscowosc><sln:miejscowosc><sln:cyklZyciaOd>2017-03-27T00:00:00+02:00</sln:cyklZyciaOd><sln:gmIIPId>171d58a1-f440-4505-b8d8-e832895186a4</sln:gmIIPId><sln:gmIIPPn>PL.PZGIK.200</sln:gmIIPPn><sln:gmIIPWersja>2012-09-26T22:52:22+02:00</sln:gmIIPWersja><sln:gmIdTeryt>1412093</sln:gmIdTeryt><sln:gmNazwa>Kałuszyn</sln:gmNazwa><sln:miejscIIPId>6d45e5c7-ea15-4249-b74d-55d92d0a1bbd</sln:miejscIIPId><sln:miejscIIPPn>PL.PZGIK.200</sln:miejscIIPPn><sln:miejscIIPWersja>2017-03-27T12:53:52+02:00</sln:miejscIIPWersja><sln:miejscIdTeryt>0673740</sln:miejscIdTeryt><sln:miejscNazwa>Budy Przytockie</sln:miejscNazwa><sln:miejscRodzaj>Wieś</sln:miejscRodzaj><sln:powIIPId>990a47d4-e8f6-450c-9636-ea29e35cc404</sln:powIIPId><sln:powIIPPn>PL.PZGIK.200</sln:powIIPPn><sln:powIIPWersja>2012-09-27T08:13:53+02:00</sln:powIIPWersja><sln:powIdTeryt>1412</sln:powIdTeryt><sln:powNazwa>miński</sln:powNazwa><sln:waznyOd>2011-07-28T00:00:00+02:00</sln:waznyOd><sln:wojIIPId>4b6c492a-eb04-441d-a92a-f44359c06de7</sln:wojIIPId><sln:wojIIPPn>PL.PZGIK.200</sln:wojIIPPn><sln:wojIIPWersja>2012-09-27T13:45:13+02:00</sln:wojIIPWersja><sln:wojIdTeryt>14</sln:wojIdTeryt><sln:wojNazwa>mazowieckie</sln:wojNazwa></sln:miejscowosc><sln:miejscowosc><sln:cyklZyciaOd>2017-03-27T00:00:00+02:00</sln:cyklZyciaOd><sln:gmIIPId>171d58a1-f440-4505-b8d8-e832895186a4</sln:gmIIPId><sln:gmIIPPn>PL.PZGIK.200</sln:gmIIPPn><sln:gmIIPWersja>2012-09-26T22:52:22+02:00</sln:gmIIPWersja><sln:gmIdTeryt>1412093</sln:gmIdTeryt><sln:gmNazwa>Kałuszyn</sln:gmNazwa><sln:miejscIIPId>100cd97b-ce72-447c-a622-4b516045b0c4</sln:miejscIIPId><sln:miejscIIPPn>PL.PZGIK.200</sln:miejscIIPPn><sln:miejscIIPWersja>2017-03-27T12:53:52+02:00</sln:miejscIIPWersja><sln:miejscIdTeryt>0673756</sln:miejscIdTeryt><sln:miejscNazwa>Chrościce</sln:miejscNazwa><sln:miejscRodzaj>Wieś</sln:miejscRodzaj><sln:powIIPId>990a47d4-e8f6-450c-9636-ea29e35cc404</sln:powIIPId><sln:powIIPPn>PL.PZGIK.200</sln:powIIPPn><sln:powIIPWersja>2012-09-27T08:13:53+02:00</sln:powIIPWersja><sln:powIdTeryt>1412</sln:powIdTeryt><sln:powNazwa>miński</sln:powNazwa><sln:waznyOd>2011-07-28T00:00:00+02:00</sln:waznyOd><sln:wojIIPId>4b6c492a-eb04-441d-a92a-f44359c06de7</sln:wojIIPId><sln:wojIIPPn>PL.PZGIK.200</sln:wojIIPPn><sln:wojIIPWersja>2012-09-27T13:45:13+02:00</sln:wojIIPWersja><sln:wojIdTeryt>14</sln:wojIdTeryt><sln:wojNazwa>mazowieckie</sln:wojNazwa></sln:miejscowosc><sln:miejscowosc><sln:cyklZyciaOd>2017-03-27T00:00:00+02:00</sln:cyklZyciaOd><sln:gmIIPId>171d58a1-f440-4505-b8d8-e832895186a4</sln:gmIIPId><sln:gmIIPPn>PL.PZGIK.200</sln:gmIIPPn><sln:gmIIPWersja>2012-09-26T22:52:22+02:00</sln:gmIIPWersja><sln:gmIdTeryt>1412093</sln:gmIdTeryt><sln:gmNazwa>Kałuszyn</sln:gmNazwa><sln:miejscIIPId>8e10010f-0c10-4db9-acc2-48709e1b28f8</sln:miejscIIPId><sln:miejscIIPPn>PL.PZGIK.200</sln:miejscIIPPn><sln:miejscIIPWersja>2017-03-27T12:53:52+02:00</sln:miejscIIPWersja><sln:miejscIdTeryt>0673762</sln:miejscIdTeryt><sln:miejscNazwa>Falbogi</sln:miejscNazwa><sln:miejscRodzaj>Wieś</sln:miejscRodzaj><sln:powIIPId>990a47d4-e8f6-450c-9636-ea29e35cc404</sln:powIIPId><sln:powIIPPn>PL.PZGIK.200</sln:powIIPPn><sln:powIIPWersja>2012-09-27T08:13:53+02:00</sln:powIIPWersja><sln:powIdTeryt>1412</sln:powIdTeryt><sln:powNazwa>miński</sln:powNazwa><sln:waznyOd>2011-07-28T00:00:00+02:00</sln:waznyOd><sln:wojIIPId>4b6c492a-eb04-441d-a92a-f44359c06de7</sln:wojIIPId><sln:wojIIPPn>PL.PZGIK.200</sln:wojIIPPn><sln:wojIIPWersja>2012-09-27T13:45:13+02:00</sln:wojIIPWersja><sln:wojIdTeryt>14</sln:wojIdTeryt><sln:wojNazwa>mazowieckie</sln:wojNazwa></sln:miejscowosc><sln:miejscowosc><sln:cyklZyciaOd>2017-03-27T00:00:00+02:00</sln:cyklZyciaOd><sln:gmIIPId>171d58a1-f440-4505-b8d8-e832895186a4</sln:gmIIPId><sln:gmIIPPn>PL.PZGIK.200</sln:gmIIPPn><sln:gmIIPWersja>2012-09-26T22:52:22+02:00</sln:gmIIPWersja><sln:gmIdTeryt>1412093</sln:gmIdTeryt><sln:gmNazwa>Kałuszyn</sln:gmNazwa><sln:miejscIIPId>be662541-0883-4e91-a44a-bdfdd79b1d09</sln:miejscIIPId><sln:miejscIIPPn>PL.PZGIK.200</sln:miejscIIPPn><sln:miejscIIPWersja>2017-03-27T12:53:52+02:00</sln:miejscIIPWersja><sln:miejscIdTeryt>0673779</sln:miejscIdTeryt><sln:miejscNazwa>Garczyn Duży</sln:miejscNazwa><sln:miejscRodzaj>Wieś</sln:miejscRodzaj><sln:powIIPId>990a47d4-e8f6-450c-9636-ea29e35cc404</sln:powIIPId><sln:powIIPPn>PL.PZGIK.200</sln:powIIPPn><sln:powIIPWersja>2012-09-27T08:13:53+02:00</sln:powIIPWersja><sln:powIdTeryt>1412</sln:powIdTeryt><sln:powNazwa>miński</sln:powNazwa><sln:waznyOd>2011-07-28T00:00:00+02:00</sln:waznyOd><sln:wojIIPId>4b6c492a-eb04-441d-a92a-f44359c06de7</sln:wojIIPId><sln:wojIIPPn>PL.PZGIK.200</sln:wojIIPPn><sln:wojIIPWersja>2012-09-27T13:45:13+02:00</sln:wojIIPWersja><sln:wojIdTeryt>14</sln:wojIdTeryt><sln:wojNazwa>mazowieckie</sln:wojNazwa></sln:miejscowosc><sln:miejscowosc><sln:cyklZyciaOd>2017-03-27T00:00:00+02:00</sln:cyklZyciaOd><sln:gmIIPId>171d58a1-f440-4505-b8d8-e832895186a4</sln:gmIIPId><sln:gmIIPPn>PL.PZGIK.200</sln:gmIIPPn><sln:gmIIPWersja>2012-09-26T22:52:22+02:00</sln:gmIIPWersja><sln:gmIdTeryt>1412093</sln:gmIdTeryt><sln:gmNazwa>Kałuszyn</sln:gmNazwa><sln:miejscIIPId>be8c80e9-cba9-43cd-897e-64055e254fea</sln:miejscIIPId><sln:miejscIIPPn>PL.PZGIK.200</sln:miejscIIPPn><sln:miejscIIPWersja>2017-03-27T12:53:52+02:00</sln:miejscIIPWersja><sln:miejscIdTeryt>0673785</sln:miejscIdTeryt><sln:miejscNazwa>Garczyn Mały</sln:miejscNazwa><sln:miejscRodzaj>Wieś</sln:miejscRodzaj><sln:powIIPId>990a47d4-e8f6-450c-9636-ea29e35cc404</sln:powIIPId><sln:powIIPPn>PL.PZGIK.200</sln:powIIPPn><sln:powIIPWersja>2012-09-27T08:13:53+02:00</sln:powIIPWersja><sln:powIdTeryt>1412</sln:powIdTeryt><sln:powNazwa>miński</sln:powNazwa><sln:waznyOd>2011-07-28T00:00:00+02:00</sln:waznyOd><sln:wojIIPId>4b6c492a-eb04-441d-a92a-f44359c06de7</sln:wojIIPId><sln:wojIIPPn>PL.PZGIK.200</sln:wojIIPPn><sln:wojIIPWersja>2012-09-27T13:45:13+02:00</sln:wojIIPWersja><sln:wojIdTeryt>14</sln:wojIdTeryt><sln:wojNazwa>mazowieckie</sln:wojNazwa></sln:miejscowosc><sln:miejscowosc><sln:cyklZyciaOd>2017-03-27T00:00:00+02:00</sln:cyklZyciaOd><sln:gmIIPId>171d58a1-f440-4505-b8d8-e832895186a4</sln:gmIIPId><sln:gmIIPPn>PL.PZGIK.200</sln:gmIIPPn><sln:gmIIPWersja>2012-09-26T22:52:22+02:00</sln:gmIIPWersja><sln:gmIdTeryt>1412093</sln:gmIdTeryt><sln:gmNazwa>Kałuszyn</sln:gmNazwa><sln:miejscIIPId>305910e0-745f-487e-97b3-208d82ae9627</sln:miejscIIPId><sln:miejscIIPPn>PL.PZGIK.200</sln:miejscIIPPn><sln:miejscIIPWersja>2017-03-27T12:53:52+02:00</sln:miejscIIPWersja><sln:miejscIdTeryt>0673791</sln:miejscIdTeryt><sln:miejscNazwa>Gołębiówka</sln:miejscNazwa><sln:miejscRodzaj>Wieś</sln:miejscRodzaj><sln:powIIPId>990a47d4-e8f6-450c-9636-ea29e35cc404</sln:powIIPId><sln:powIIPPn>PL.PZGIK.200</sln:powIIPPn><sln:powIIPWersja>2012-09-27T08:13:53+02:00</sln:powIIPWersja><sln:powIdTeryt>1412</sln:powIdTeryt><sln:powNazwa>miński</sln:powNazwa><sln:waznyOd>2011-07-28T00:00:00+02:00</sln:waznyOd><sln:wojIIPId>4b6c492a-eb04-441d-a92a-f44359c06de7</sln:wojIIPId><sln:wojIIPPn>PL.PZGIK.200</sln:wojIIPPn><sln:wojIIPWersja>2012-09-27T13:45:13+02:00</sln:wojIIPWersja><sln:wojIdTeryt>14</sln:wojIdTeryt><sln:wojNazwa>mazowieckie</sln:wojNazwa></sln:miejscowosc><sln:miejscowosc><sln:cyklZyciaOd>2017-03-27T00:00:00+02:00</sln:cyklZyciaOd><sln:gmIIPId>171d58a1-f440-4505-b8d8-e832895186a4</sln:gmIIPId><sln:gmIIPPn>PL.PZGIK.200</sln:gmIIPPn><sln:gmIIPWersja>2012-09-26T22:52:22+02:00</sln:gmIIPWersja><sln:gmIdTeryt>1412093</sln:gmIdTeryt><sln:gmNazwa>Kałuszyn</sln:gmNazwa><sln:miejscIIPId>2f343b55-fbd0-4b74-a610-fc03bf78560d</sln:miejscIIPId><sln:miejscIIPPn>PL.PZGIK.200</sln:miejscIIPPn><sln:miejscIIPWersja>2017-03-27T12:53:52+02:00</sln:miejscIIPWersja><sln:miejscIdTeryt>0673816</sln:miejscIdTeryt><sln:miejscNazwa>Kazimierzów</sln:miejscNazwa><sln:miejscRodzaj>Wieś</sln:miejscRodzaj><sln:powIIPId>990a47d4-e8f6-450c-9636-ea29e35cc404</sln:powIIPId><sln:powIIPPn>PL.PZGIK.200</sln:powIIPPn><sln:powIIPWersja>2012-09-27T08:13:53+02:00</sln:powIIPWersja><sln:powIdTeryt>1412</sln:powIdTeryt><sln:powNazwa>miński</sln:powNazwa><sln:waznyOd>2011-07-28T00:00:00+02:00</sln:waznyOd><sln:wojIIPId>4b6c492a-eb04-441d-a92a-f44359c06de7</sln:wojIIPId><sln:wojIIPPn>PL.PZGIK.200</sln:wojIIPPn><sln:wojIIPWersja>2012-09-27T13:45:13+02:00</sln:wojIIPWersja><sln:wojIdTeryt>14</sln:wojIdTeryt><sln:wojNazwa>mazowieckie</sln:wojNazwa></sln:miejscowosc><sln:miejscowosc><sln:cyklZyciaOd>2017-03-27T00:00:00+02:00</sln:cyklZyciaOd><sln:gmIIPId>171d58a1-f440-4505-b8d8-e832895186a4</sln:gmIIPId><sln:gmIIPPn>PL.PZGIK.200</sln:gmIIPPn><sln:gmIIPWersja>2012-09-26T22:52:22+02:00</sln:gmIIPWersja><sln:gmIdTeryt>1412093</sln:gmIdTeryt><sln:gmNazwa>Kałuszyn</sln:gmNazwa><sln:miejscIIPId>348da6f3-1491-4021-b93f-bf0e4a241ac7</sln:miejscIIPId><sln:miejscIIPPn>PL.PZGIK.200</sln:miejscIIPPn><sln:miejscIIPWersja>2017-03-27T12:53:52+02:00</sln:miejscIIPWersja><sln:miejscIdTeryt>0673822</sln:miejscIdTeryt><sln:miejscNazwa>Kluki</sln:miejscNazwa><sln:miejscRodzaj>Wieś</sln:miejscRodzaj><sln:powIIPId>990a47d4-e8f6-450c-9636-ea29e35cc404</sln:powIIPId><sln:powIIPPn>PL.PZGIK.200</sln:powIIPPn><sln:powIIPWersja>2012-09-27T08:13:53+02:00</sln:powIIPWersja><sln:powIdTeryt>1412</sln:powIdTeryt><sln:powNazwa>miński</sln:powNazwa><sln:waznyOd>2011-07-28T00:00:00+02:00</sln:waznyOd><sln:wojIIPId>4b6c492a-eb04-441d-a92a-f44359c06de7</sln:wojIIPId><sln:wojIIPPn>PL.PZGIK.200</sln:wojIIPPn><sln:wojIIPWersja>2012-09-27T13:45:13+02:00</sln:wojIIPWersja><sln:wojIdTeryt>14</sln:wojIdTeryt><sln:wojNazwa>mazowieckie</sln:wojNazwa></sln:miejscowosc><sln:miejscowosc><sln:cyklZyciaOd>2017-03-27T00:00:00+02:00</sln:cyklZyciaOd><sln:gmIIPId>171d58a1-f440-4505-b8d8-e832895186a4</sln:gmIIPId><sln:gmIIPPn>PL.PZGIK.200</sln:gmIIPPn><sln:gmIIPWersja>2012-09-26T22:52:22+02:00</sln:gmIIPWersja><sln:gmIdTeryt>1412093</sln:gmIdTeryt><sln:gmNazwa>Kałuszyn</sln:gmNazwa><sln:miejscIIPId>108edd3e-e00e-43cb-86dc-6c443f0d5a62</sln:miejscIIPId><sln:miejscIIPPn>PL.PZGIK.200</sln:miejscIIPPn><sln:miejscIIPWersja>2017-03-27T12:53:52+02:00</sln:miejscIIPWersja><sln:miejscIdTeryt>0673839</sln:miejscIdTeryt><sln:miejscNazwa>Leonów</sln:miejscNazwa><sln:miejscRodzaj>Wieś</sln:miejscRodzaj><sln:powIIPId>990a47d4-e8f6-450c-9636-ea29e35cc404</sln:powIIPId><sln:powIIPPn>PL.PZGIK.200</sln:powIIPPn><sln:powIIPWersja>2012-09-27T08:13:53+02:00</sln:powIIPWersja><sln:powIdTeryt>1412</sln:powIdTeryt><sln:powNazwa>miński</sln:powNazwa><sln:waznyOd>2011-07-28T00:00:00+02:00</sln:waznyOd><sln:wojIIPId>4b6c492a-eb04-441d-a92a-f44359c06de7</sln:wojIIPId><sln:wojIIPPn>PL.PZGIK.200</sln:wojIIPPn><sln:wojIIPWersja>2012-09-27T13:45:13+02:00</sln:wojIIPWersja><sln:wojIdTeryt>14</sln:wojIdTeryt><sln:wojNazwa>mazowieckie</sln:wojNazwa></sln:miejscowosc><sln:miejscowosc><sln:cyklZyciaOd>2017-03-27T00:00:00+02:00</sln:cyklZyciaOd><sln:gmIIPId>171d58a1-f440-4505-b8d8-e832895186a4</sln:gmIIPId><sln:gmIIPPn>PL.PZGIK.200</sln:gmIIPPn><sln:gmIIPWersja>2012-09-26T22:52:22+02:00</sln:gmIIPWersja><sln:gmIdTeryt>1412093</sln:gmIdTeryt><sln:gmNazwa>Kałuszyn</sln:gmNazwa><sln:miejscIIPId>a51102bc-8e99-4128-b78d-9e37c398d1e0</sln:miejscIIPId><sln:miejscIIPPn>PL.PZGIK.200</sln:miejscIIPPn><sln:miejscIIPWersja>2017-03-27T12:53:52+02:00</sln:miejscIIPWersja><sln:miejscIdTeryt>0673845</sln:miejscIdTeryt><sln:miejscNazwa>Marianka</sln:miejscNazwa><sln:miejscRodzaj>Wieś</sln:miejscRodzaj><sln:powIIPId>990a47d4-e8f6-450c-9636-ea29e35cc404</sln:powIIPId><sln:powIIPPn>PL.PZGIK.200</sln:powIIPPn><sln:powIIPWersja>2012-09-27T08:13:53+02:00</sln:powIIPWersja><sln:powIdTeryt>1412</sln:powIdTeryt><sln:powNazwa>miński</sln:powNazwa><sln:waznyOd>2011-07-28T00:00:00+02:00</sln:waznyOd><sln:wojIIPId>4b6c492a-eb04-441d-a92a-f44359c06de7</sln:wojIIPId><sln:wojIIPPn>PL.PZGIK.200</sln:wojIIPPn><sln:wojIIPWersja>2012-09-27T13:45:13+02:00</sln:wojIIPWersja><sln:wojIdTeryt>14</sln:wojIdTeryt><sln:wojNazwa>mazowieckie</sln:wojNazwa></sln:miejscowosc><sln:miejscowosc><sln:cyklZyciaOd>2017-03-27T00:00:00+02:00</sln:cyklZyciaOd><sln:gmIIPId>171d58a1-f440-4505-b8d8-e832895186a4</sln:gmIIPId><sln:gmIIPPn>PL.PZGIK.200</sln:gmIIPPn><sln:gmIIPWersja>2012-09-26T22:52:22+02:00</sln:gmIIPWersja><sln:gmIdTeryt>1412093</sln:gmIdTeryt><sln:gmNazwa>Kałuszyn</sln:gmNazwa><sln:miejscIIPId>41ad7150-7e7f-4356-937a-206d87568e5d</sln:miejscIIPId><sln:miejscIIPPn>PL.PZGIK.200</sln:miejscIIPPn><sln:miejscIIPWersja>2017-03-27T12:53:52+02:00</sln:miejscIIPWersja><sln:miejscIdTeryt>0673851</sln:miejscIdTeryt><sln:miejscNazwa>Milew</sln:miejscNazwa><sln:miejscRodzaj>Wieś</sln:miejscRodzaj><sln:powIIPId>990a47d4-e8f6-450c-9636-ea29e35cc404</sln:powIIPId><sln:powIIPPn>PL.PZGIK.200</sln:powIIPPn><sln:powIIPWersja>2012-09-27T08:13:53+02:00</sln:powIIPWersja><sln:powIdTeryt>1412</sln:powIdTeryt><sln:powNazwa>miński</sln:powNazwa><sln:waznyOd>2011-07-28T00:00:00+02:00</sln:waznyOd><sln:wojIIPId>4b6c492a-eb04-441d-a92a-f44359c06de7</sln:wojIIPId><sln:wojIIPPn>PL.PZGIK.200</sln:wojIIPPn><sln:wojIIPWersja>2012-09-27T13:45:13+02:00</sln:wojIIPWersja><sln:wojIdTeryt>14</sln:wojIdTeryt><sln:wojNazwa>mazowieckie</sln:wojNazwa></sln:miejscowosc><sln:miejscowosc><sln:cyklZyciaOd>2017-03-27T00:00:00+02:00</sln:cyklZyciaOd><sln:gmIIPId>171d58a1-f440-4505-b8d8-e832895186a4</sln:gmIIPId><sln:gmIIPPn>PL.PZGIK.200</sln:gmIIPPn><sln:gmIIPWersja>2012-09-26T22:52:22+02:00</sln:gmIIPWersja><sln:gmIdTeryt>1412093</sln:gmIdTeryt><sln:gmNazwa>Kałuszyn</sln:gmNazwa><sln:miejscIIPId>b9dc1832-18c7-493e-aea0-a6f5fbed4a3c</sln:miejscIIPId><sln:miejscIIPPn>PL.PZGIK.200</sln:miejscIIPPn><sln:miejscIIPWersja>2017-03-27T12:53:52+02:00</sln:miejscIIPWersja><sln:miejscIdTeryt>0673868</sln:miejscIdTeryt><sln:miejscNazwa>Mroczki</sln:miejscNazwa><sln:miejscRodzaj>Wieś</sln:miejscRodzaj><sln:powIIPId>990a47d4-e8f6-450c-9636-ea29e35cc404</sln:powIIPId><sln:powIIPPn>PL.PZGIK.200</sln:powIIPPn><sln:powIIPWersja>2012-09-27T08:13:53+02:00</sln:powIIPWersja><sln:powIdTeryt>1412</sln:powIdTeryt><sln:powNazwa>miński</sln:powNazwa><sln:waznyOd>2011-07-28T00:00:00+02:00</sln:waznyOd><sln:wojIIPId>4b6c492a-eb04-441d-a92a-f44359c06de7</sln:wojIIPId><sln:wojIIPPn>PL.PZGIK.200</sln:wojIIPPn><sln:wojIIPWersja>2012-09-27T13:45:13+02:00</sln:wojIIPWersja><sln:wojIdTeryt>14</sln:wojIdTeryt><sln:wojNazwa>mazowieckie</sln:wojNazwa></sln:miejscowosc><sln:miejscowosc><sln:cyklZyciaOd>2017-03-27T00:00:00+02:00</sln:cyklZyciaOd><sln:gmIIPId>171d58a1-f440-4505-b8d8-e832895186a4</sln:gmIIPId><sln:gmIIPPn>PL.PZGIK.200</sln:gmIIPPn><sln:gmIIPWersja>2012-09-26T22:52:22+02:00</sln:gmIIPWersja><sln:gmIdTeryt>1412093</sln:gmIdTeryt><sln:gmNazwa>Kałuszyn</sln:gmNazwa><sln:miejscIIPId>88ec622e-1931-4426-a61b-25d4c9ff52cd</sln:miejscIIPId><sln:miejscIIPPn>PL.PZGIK.200</sln:miejscIIPPn><sln:miejscIIPWersja>2017-03-27T12:53:53+02:00</sln:miejscIIPWersja><sln:miejscIdTeryt>0673874</sln:miejscIdTeryt><sln:miejscNazwa>Nowe Groszki</sln:miejscNazwa><sln:miejscRodzaj>Wieś</sln:miejscRodzaj><sln:powIIPId>990a47d4-e8f6-450c-9636-ea29e35cc404</sln:powIIPId><sln:powIIPPn>PL.PZGIK.200</sln:powIIPPn><sln:powIIPWersja>2012-09-27T08:13:53+02:00</sln:powIIPWersja><sln:powIdTeryt>1412</sln:powIdTeryt><sln:powNazwa>miński</sln:powNazwa><sln:waznyOd>2011-07-28T00:00:00+02:00</sln:waznyOd><sln:wojIIPId>4b6c492a-eb04-441d-a92a-f44359c06de7</sln:wojIIPId><sln:wojIIPPn>PL.PZGIK.200</sln:wojIIPPn><sln:wojIIPWersja>2012-09-27T13:45:13+02:00</sln:wojIIPWersja><sln:wojIdTeryt>14</sln:wojIdTeryt><sln:wojNazwa>mazowieckie</sln:wojNazwa></sln:miejscowosc><sln:miejscowosc><sln:cyklZyciaOd>2017-03-27T00:00:00+02:00</sln:cyklZyciaOd><sln:gmIIPId>171d58a1-f440-4505-b8d8-e832895186a4</sln:gmIIPId><sln:gmIIPPn>PL.PZGIK.200</sln:gmIIPPn><sln:gmIIPWersja>2012-09-26T22:52:22+02:00</sln:gmIIPWersja><sln:gmIdTeryt>1412093</sln:gmIdTeryt><sln:gmNazwa>Kałuszyn</sln:gmNazwa><sln:miejscIIPId>1b3fcdf1-556d-4118-89e7-331336a0fc8e</sln:miejscIIPId><sln:miejscIIPPn>PL.PZGIK.200</sln:miejscIIPPn><sln:miejscIIPWersja>2017-03-27T12:53:53+02:00</sln:miejscIIPWersja><sln:miejscIdTeryt>0673897</sln:miejscIdTeryt><sln:miejscNazwa>Marysin</sln:miejscNazwa><sln:miejscRodzaj>Wieś</sln:miejscRodzaj><sln:powIIPId>990a47d4-e8f6-450c-9636-ea29e35cc404</sln:powIIPId><sln:powIIPPn>PL.PZGIK.200</sln:powIIPPn><sln:powIIPWersja>2012-09-27T08:13:53+02:00</sln:powIIPWersja><sln:powIdTeryt>1412</sln:powIdTeryt><sln:powNazwa>miński</sln:powNazwa><sln:waznyOd>2011-07-28T00:00:00+02:00</sln:waznyOd><sln:wojIIPId>4b6c492a-eb04-441d-a92a-f44359c06de7</sln:wojIIPId><sln:wojIIPPn>PL.PZGIK.200</sln:wojIIPPn><sln:wojIIPWersja>2012-09-27T13:45:13+02:00</sln:wojIIPWersja><sln:wojIdTeryt>14</sln:wojIdTeryt><sln:wojNazwa>mazowieckie</sln:wojNazwa></sln:miejscowosc><sln:miejscowosc><sln:cyklZyciaOd>2017-03-27T00:00:00+02:00</sln:cyklZyciaOd><sln:gmIIPId>171d58a1-f440-4505-b8d8-e832895186a4</sln:gmIIPId><sln:gmIIPPn>PL.PZGIK.200</sln:gmIIPPn><sln:gmIIPWersja>2012-09-26T22:52:22+02:00</sln:gmIIPWersja><sln:gmIdTeryt>1412093</sln:gmIdTeryt><sln:gmNazwa>Kałuszyn</sln:gmNazwa><sln:miejscIIPId>7b34f278-10b1-4435-afe2-b7ac2713caf5</sln:miejscIIPId><sln:miejscIIPPn>PL.PZGIK.200</sln:miejscIIPPn><sln:miejscIIPWersja>2017-03-27T12:53:53+02:00</sln:miejscIIPWersja><sln:miejscIdTeryt>0673905</sln:miejscIdTeryt><sln:miejscNazwa>Olszewice</sln:miejscNazwa><sln:miejscRodzaj>Wieś</sln:miejscRodzaj><sln:powIIPId>990a47d4-e8f6-450c-9636-ea29e35cc404</sln:powIIPId><sln:powIIPPn>PL.PZGIK.200</sln:powIIPPn><sln:powIIPWersja>2012-09-27T08:13:53+02:00</sln:powIIPWersja><sln:powIdTeryt>1412</sln:powIdTeryt><sln:powNazwa>miński</sln:powNazwa><sln:waznyOd>2011-07-28T00:00:00+02:00</sln:waznyOd><sln:wojIIPId>4b6c492a-eb04-441d-a92a-f44359c06de7</sln:wojIIPId><sln:wojIIPPn>PL.PZGIK.200</sln:wojIIPPn><sln:wojIIPWersja>2012-09-27T13:45:13+02:00</sln:wojIIPWersja><sln:wojIdTeryt>14</sln:wojIdTeryt><sln:wojNazwa>mazowieckie</sln:wojNazwa></sln:miejscowosc><sln:miejscowosc><sln:cyklZyciaOd>2017-03-27T00:00:00+02:00</sln:cyklZyciaOd><sln:gmIIPId>171d58a1-f440-4505-b8d8-e832895186a4</sln:gmIIPId><sln:gmIIPPn>PL.PZGIK.200</sln:gmIIPPn><sln:gmIIPWersja>2012-09-26T22:52:22+02:00</sln:gmIIPWersja><sln:gmIdTeryt>1412093</sln:gmIdTeryt><sln:gmNazwa>Kałuszyn</sln:gmNazwa><sln:miejscIIPId>ffd42df2-18fa-4fdc-b0c3-77c3d11f40c8</sln:miejscIIPId><sln:miejscIIPPn>PL.PZGIK.200</sln:miejscIIPPn><sln:miejscIIPWersja>2017-03-27T12:53:53+02:00</sln:miejscIIPWersja><sln:miejscIdTeryt>0673911</sln:miejscIdTeryt><sln:miejscNazwa>Patok</sln:miejscNazwa><sln:miejscRodzaj>Wieś</sln:miejscRodzaj><sln:powIIPId>990a47d4-e8f6-450c-9636-ea29e35cc404</sln:powIIPId><sln:powIIPPn>PL.PZGIK.200</sln:powIIPPn><sln:powIIPWersja>2012-09-27T08:13:53+02:00</sln:powIIPWersja><sln:powIdTeryt>1412</sln:powIdTeryt><sln:powNazwa>miński</sln:powNazwa><sln:waznyOd>2011-07-28T00:00:00+02:00</sln:waznyOd><sln:wojIIPId>4b6c492a-eb04-441d-a92a-f44359c06de7</sln:wojIIPId><sln:wojIIPPn>PL.PZGIK.200</sln:wojIIPPn><sln:wojIIPWersja>2012-09-27T13:45:13+02:00</sln:wojIIPWersja><sln:wojIdTeryt>14</sln:wojIdTeryt><sln:wojNazwa>mazowieckie</sln:wojNazwa></sln:miejscowosc><sln:miejscowosc><sln:cyklZyciaOd>2017-03-27T00:00:00+02:00</sln:cyklZyciaOd><sln:gmIIPId>171d58a1-f440-4505-b8d8-e832895186a4</sln:gmIIPId><sln:gmIIPPn>PL.PZGIK.200</sln:gmIIPPn><sln:gmIIPWersja>2012-09-26T22:52:22+02:00</sln:gmIIPWersja><sln:gmIdTeryt>1412093</sln:gmIdTeryt><sln:gmNazwa>Kałuszyn</sln:gmNazwa><sln:miejscIIPId>c047983c-9dbf-4e95-943c-d5f806cf1d98</sln:miejscIIPId><sln:miejscIIPPn>PL.PZGIK.200</sln:miejscIIPPn><sln:miejscIIPWersja>2017-03-27T12:53:53+02:00</sln:miejscIIPWersja><sln:miejscIdTeryt>0673928</sln:miejscIdTeryt><sln:miejscNazwa>Piotrowina</sln:miejscNazwa><sln:miejscRodzaj>Wieś</sln:miejscRodzaj><sln:powIIPId>990a47d4-e8f6-450c-9636-ea29e35cc404</sln:powIIPId><sln:powIIPPn>PL.PZGIK.200</sln:powIIPPn><sln:powIIPWersja>2012-09-27T08:13:53+02:00</sln:powIIPWersja><sln:powIdTeryt>1412</sln:powIdTeryt><sln:powNazwa>miński</sln:powNazwa><sln:waznyOd>2011-07-28T00:00:00+02:00</sln:waznyOd><sln:wojIIPId>4b6c492a-eb04-441d-a92a-f44359c06de7</sln:wojIIPId><sln:wojIIPPn>PL.PZGIK.200</sln:wojIIPPn><sln:wojIIPWersja>2012-09-27T13:45:13+02:00</sln:wojIIPWersja><sln:wojIdTeryt>14</sln:wojIdTeryt><sln:wojNazwa>mazowieckie</sln:wojNazwa></sln:miejscowosc><sln:miejscowosc><sln:cyklZyciaOd>2017-03-27T00:00:00+02:00</sln:cyklZyciaOd><sln:gmIIPId>171d58a1-f440-4505-b8d8-e832895186a4</sln:gmIIPId><sln:gmIIPPn>PL.PZGIK.200</sln:gmIIPPn><sln:gmIIPWersja>2012-09-26T22:52:22+02:00</sln:gmIIPWersja><sln:gmIdTeryt>1412093</sln:gmIdTeryt><sln:gmNazwa>Kałuszyn</sln:gmNazwa><sln:miejscIIPId>f981658d-b4ef-4951-9461-c60fe78cfb6d</sln:miejscIIPId><sln:miejscIIPPn>PL.PZGIK.200</sln:miejscIIPPn><sln:miejscIIPWersja>2017-03-27T12:53:53+02:00</sln:miejscIIPWersja><sln:miejscIdTeryt>0673934</sln:miejscIdTeryt><sln:miejscNazwa>Przytoka</sln:miejscNazwa><sln:miejscRodzaj>Wieś</sln:miejscRodzaj><sln:powIIPId>990a47d4-e8f6-450c-9636-ea29e35cc404</sln:powIIPId><sln:powIIPPn>PL.PZGIK.200</sln:powIIPPn><sln:powIIPWersja>2012-09-27T08:13:53+02:00</sln:powIIPWersja><sln:powIdTeryt>1412</sln:powIdTeryt><sln:powNazwa>miński</sln:powNazwa><sln:waznyOd>2011-07-28T00:00:00+02:00</sln:waznyOd><sln:wojIIPId>4b6c492a-eb04-441d-a92a-f44359c06de7</sln:wojIIPId><sln:wojIIPPn>PL.PZGIK.200</sln:wojIIPPn><sln:wojIIPWersja>2012-09-27T13:45:13+02:00</sln:wojIIPWersja><sln:wojIdTeryt>14</sln:wojIdTeryt><sln:wojNazwa>mazowieckie</sln:wojNazwa></sln:miejscowosc><sln:miejscowosc><sln:cyklZyciaOd>2017-03-27T00:00:00+02:00</sln:cyklZyciaOd><sln:gmIIPId>171d58a1-f440-4505-b8d8-e832895186a4</sln:gmIIPId><sln:gmIIPPn>PL.PZGIK.200</sln:gmIIPPn><sln:gmIIPWersja>2012-09-26T22:52:22+02:00</sln:gmIIPWersja><sln:gmIdTeryt>1412093</sln:gmIdTeryt><sln:gmNazwa>Kałuszyn</sln:gmNazwa><sln:miejscIIPId>a4217fcf-ffcb-4334-9075-30acf4c83de6</sln:miejscIIPId><sln:miejscIIPPn>PL.PZGIK.200</sln:miejscIIPPn><sln:miejscIIPWersja>2017-03-27T12:53:53+02:00</sln:miejscIIPWersja><sln:miejscIdTeryt>0673957</sln:miejscIdTeryt><sln:miejscNazwa>Ryczołek</sln:miejscNazwa><sln:miejscRodzaj>Wieś</sln:miejscRodzaj><sln:powIIPId>990a47d4-e8f6-450c-9636-ea29e35cc404</sln:powIIPId><sln:powIIPPn>PL.PZGIK.200</sln:powIIPPn><sln:powIIPWersja>2012-09-27T08:13:53+02:00</sln:powIIPWersja><sln:powIdTeryt>1412</sln:powIdTeryt><sln:powNazwa>miński</sln:powNazwa><sln:waznyOd>2011-07-28T00:00:00+02:00</sln:waznyOd><sln:wojIIPId>4b6c492a-eb04-441d-a92a-f44359c06de7</sln:wojIIPId><sln:wojIIPPn>PL.PZGIK.200</sln:wojIIPPn><sln:wojIIPWersja>2012-09-27T13:45:13+02:00</sln:wojIIPWersja><sln:wojIdTeryt>14</sln:wojIdTeryt><sln:wojNazwa>mazowieckie</sln:wojNazwa></sln:miejscowosc><sln:miejscowosc><sln:cyklZyciaOd>2017-03-27T00:00:00+02:00</sln:cyklZyciaOd><sln:gmIIPId>171d58a1-f440-4505-b8d8-e832895186a4</sln:gmIIPId><sln:gmIIPPn>PL.PZGIK.200</sln:gmIIPPn><sln:gmIIPWersja>2012-09-26T22:52:22+02:00</sln:gmIIPWersja><sln:gmIdTeryt>1412093</sln:gmIdTeryt><sln:gmNazwa>Kałuszyn</sln:gmNazwa><sln:miejscIIPId>4b53a559-87ae-4b3e-ba9e-07e79f96ad02</sln:miejscIIPId><sln:miejscIIPPn>PL.PZGIK.200</sln:miejscIIPPn><sln:miejscIIPWersja>2017-03-27T12:53:53+02:00</sln:miejscIIPWersja><sln:miejscIdTeryt>0673963</sln:miejscIdTeryt><sln:miejscNazwa>Sinołęka</sln:miejscNazwa><sln:miejscRodzaj>Wieś</sln:miejscRodzaj><sln:powIIPId>990a47d4-e8f6-450c-9636-ea29e35cc404</sln:powIIPId><sln:powIIPPn>PL.PZGIK.200</sln:powIIPPn><sln:powIIPWersja>2012-09-27T08:13:53+02:00</sln:powIIPWersja><sln:powIdTeryt>1412</sln:powIdTeryt><sln:powNazwa>miński</sln:powNazwa><sln:waznyOd>2011-07-28T00:00:00+02:00</sln:waznyOd><sln:wojIIPId>4b6c492a-eb04-441d-a92a-f44359c06de7</sln:wojIIPId><sln:wojIIPPn>PL.PZGIK.200</sln:wojIIPPn><sln:wojIIPWersja>2012-09-27T13:45:13+02:00</sln:wojIIPWersja><sln:wojIdTeryt>14</sln:wojIdTeryt><sln:wojNazwa>mazowieckie</sln:wojNazwa></sln:miejscowosc><sln:miejscowosc><sln:cyklZyciaOd>2017-03-27T00:00:00+02:00</sln:cyklZyciaOd><sln:gmIIPId>171d58a1-f440-4505-b8d8-e832895186a4</sln:gmIIPId><sln:gmIIPPn>PL.PZGIK.200</sln:gmIIPPn><sln:gmIIPWersja>2012-09-26T22:52:22+02:00</sln:gmIIPWersja><sln:gmIdTeryt>1412093</sln:gmIdTeryt><sln:gmNazwa>Kałuszyn</sln:gmNazwa><sln:miejscIIPId>909dcc9c-8733-4245-a916-f473f809bb25</sln:miejscIIPId><sln:miejscIIPPn>PL.PZGIK.200</sln:miejscIIPPn><sln:miejscIIPWersja>2017-03-27T12:53:53+02:00</sln:miejscIIPWersja><sln:miejscIdTeryt>0673970</sln:miejscIdTeryt><sln:miejscNazwa>Stare Groszki</sln:miejscNazwa><sln:miejscRodzaj>Wieś</sln:miejscRodzaj><sln:powIIPId>990a47d4-e8f6-450c-9636-ea29e35cc404</sln:powIIPId><sln:powIIPPn>PL.PZGIK.200</sln:powIIPPn><sln:powIIPWersja>2012-09-27T08:13:53+02:00</sln:powIIPWersja><sln:powIdTeryt>1412</sln:powIdTeryt><sln:powNazwa>miński</sln:powNazwa><sln:waznyOd>2011-07-28T00:00:00+02:00</sln:waznyOd><sln:wojIIPId>4b6c492a-eb04-441d-a92a-f44359c06de7</sln:wojIIPId><sln:wojIIPPn>PL.PZGIK.200</sln:wojIIPPn><sln:wojIIPWersja>2012-09-27T13:45:13+02:00</sln:wojIIPWersja><sln:wojIdTeryt>14</sln:wojIdTeryt><sln:wojNazwa>mazowieckie</sln:wojNazwa></sln:miejscowosc><sln:miejscowosc><sln:cyklZyciaOd>2017-03-27T00:00:00+02:00</sln:cyklZyciaOd><sln:gmIIPId>171d58a1-f440-4505-b8d8-e832895186a4</sln:gmIIPId><sln:gmIIPPn>PL.PZGIK.200</sln:gmIIPPn><sln:gmIIPWersja>2012-09-26T22:52:22+02:00</sln:gmIIPWersja><sln:gmIdTeryt>1412093</sln:gmIdTeryt><sln:gmNazwa>Kałuszyn</sln:gmNazwa><sln:miejscIIPId>4e731d23-3a87-448f-ae33-3ae25b7947b8</sln:miejscIIPId><sln:miejscIIPPn>PL.PZGIK.200</sln:miejscIIPPn><sln:miejscIIPWersja>2017-03-27T12:53:53+02:00</sln:miejscIIPWersja><sln:miejscIdTeryt>0673992</sln:miejscIdTeryt><sln:miejscNazwa>Szembory</sln:miejscNazwa><sln:miejscRodzaj>Wieś</sln:miejscRodzaj><sln:powIIPId>990a47d4-e8f6-450c-9636-ea29e35cc404</sln:powIIPId><sln:powIIPPn>PL.PZGIK.200</sln:powIIPPn><sln:powIIPWersja>2012-09-27T08:13:53+02:00</sln:powIIPWersja><sln:powIdTeryt>1412</sln:powIdTeryt><sln:powNazwa>miński</sln:powNazwa><sln:waznyOd>2011-07-28T00:00:00+02:00</sln:waznyOd><sln:wojIIPId>4b6c492a-eb04-441d-a92a-f44359c06de7</sln:wojIIPId><sln:wojIIPPn>PL.PZGIK.200</sln:wojIIPPn><sln:wojIIPWersja>2012-09-27T13:45:13+02:00</sln:wojIIPWersja><sln:wojIdTeryt>14</sln:wojIdTeryt><sln:wojNazwa>mazowieckie</sln:wojNazwa></sln:miejscowosc><sln:miejscowosc><sln:cyklZyciaOd>2017-03-27T00:00:00+02:00</sln:cyklZyciaOd><sln:gmIIPId>171d58a1-f440-4505-b8d8-e832895186a4</sln:gmIIPId><sln:gmIIPPn>PL.PZGIK.200</sln:gmIIPPn><sln:gmIIPWersja>2012-09-26T22:52:22+02:00</sln:gmIIPWersja><sln:gmIdTeryt>1412093</sln:gmIdTeryt><sln:gmNazwa>Kałuszyn</sln:gmNazwa><sln:miejscIIPId>5cf8cb5d-b10a-4205-a1a0-96899369777f</sln:miejscIIPId><sln:miejscIIPPn>PL.PZGIK.200</sln:miejscIIPPn><sln:miejscIIPWersja>2017-03-27T12:53:53+02:00</sln:miejscIIPWersja><sln:miejscIdTeryt>0674000</sln:miejscIdTeryt><sln:miejscNazwa>Szymony</sln:miejscNazwa><sln:miejscRodzaj>Wieś</sln:miejscRodzaj><sln:powIIPId>990a47d4-e8f6-450c-9636-ea29e35cc404</sln:powIIPId><sln:powIIPPn>PL.PZGIK.200</sln:powIIPPn><sln:powIIPWersja>2012-09-27T08:13:53+02:00</sln:powIIPWersja><sln:powIdTeryt>1412</sln:powIdTeryt><sln:powNazwa>miński</sln:powNazwa><sln:waznyOd>2011-07-28T00:00:00+02:00</sln:waznyOd><sln:wojIIPId>4b6c492a-eb04-441d-a92a-f44359c06de7</sln:wojIIPId><sln:wojIIPPn>PL.PZGIK.200</sln:wojIIPPn><sln:wojIIPWersja>2012-09-27T13:45:13+02:00</sln:wojIIPWersja><sln:wojIdTeryt>14</sln:wojIdTeryt><sln:wojNazwa>mazowieckie</sln:wojNazwa></sln:miejscowosc><sln:miejscowosc><sln:cyklZyciaOd>2017-03-27T00:00:00+02:00</sln:cyklZyciaOd><sln:gmIIPId>171d58a1-f440-4505-b8d8-e832895186a4</sln:gmIIPId><sln:gmIIPPn>PL.PZGIK.200</sln:gmIIPPn><sln:gmIIPWersja>2012-09-26T22:52:22+02:00</sln:gmIIPWersja><sln:gmIdTeryt>1412093</sln:gmIdTeryt><sln:gmNazwa>Kałuszyn</sln:gmNazwa><sln:miejscIIPId>ba2ad4fd-671b-41d0-b3c3-e38d8af4a1f6</sln:miejscIIPId><sln:miejscIIPPn>PL.PZGIK.200</sln:miejscIIPPn><sln:miejscIIPWersja>2017-03-27T12:53:53+02:00</sln:miejscIIPWersja><sln:miejscIdTeryt>0674017</sln:miejscIdTeryt><sln:miejscNazwa>Wąsy</sln:miejscNazwa><sln:miejscRodzaj>Wieś</sln:miejscRodzaj><sln:powIIPId>990a47d4-e8f6-450c-9636-ea29e35cc404</sln:powIIPId><sln:powIIPPn>PL.PZGIK.200</sln:powIIPPn><sln:powIIPWersja>2012-09-27T08:13:53+02:00</sln:powIIPWersja><sln:powIdTeryt>1412</sln:powIdTeryt><sln:powNazwa>miński</sln:powNazwa><sln:waznyOd>2011-07-28T00:00:00+02:00</sln:waznyOd><sln:wojIIPId>4b6c492a-eb04-441d-a92a-f44359c06de7</sln:wojIIPId><sln:wojIIPPn>PL.PZGIK.200</sln:wojIIPPn><sln:wojIIPWersja>2012-09-27T13:45:13+02:00</sln:wojIIPWersja><sln:wojIdTeryt>14</sln:wojIdTeryt><sln:wojNazwa>mazowieckie</sln:wojNazwa></sln:miejscowosc><sln:miejscowosc><sln:cyklZyciaOd>2017-03-27T00:00:00+02:00</sln:cyklZyciaOd><sln:gmIIPId>171d58a1-f440-4505-b8d8-e832895186a4</sln:gmIIPId><sln:gmIIPPn>PL.PZGIK.200</sln:gmIIPPn><sln:gmIIPWersja>2012-09-26T22:52:22+02:00</sln:gmIIPWersja><sln:gmIdTeryt>1412093</sln:gmIdTeryt><sln:gmNazwa>Kałuszyn</sln:gmNazwa><sln:miejscIIPId>d5c87a6e-190a-4634-adf8-7a2d21bfbefd</sln:miejscIIPId><sln:miejscIIPPn>PL.PZGIK.200</sln:miejscIIPPn><sln:miejscIIPWersja>2017-03-27T12:53:53+02:00</sln:miejscIIPWersja><sln:miejscIdTeryt>0674023</sln:miejscIdTeryt><sln:miejscNazwa>Wity</sln:miejscNazwa><sln:miejscRodzaj>Wieś</sln:miejscRodzaj><sln:powIIPId>990a47d4-e8f6-450c-9636-ea29e35cc404</sln:powIIPId><sln:powIIPPn>PL.PZGIK.200</sln:powIIPPn><sln:powIIPWersja>2012-09-27T08:13:53+02:00</sln:powIIPWersja><sln:powIdTeryt>1412</sln:powIdTeryt><sln:powNazwa>miński</sln:powNazwa><sln:waznyOd>2011-07-28T00:00:00+02:00</sln:waznyOd><sln:wojIIPId>4b6c492a-eb04-441d-a92a-f44359c06de7</sln:wojIIPId><sln:wojIIPPn>PL.PZGIK.200</sln:wojIIPPn><sln:wojIIPWersja>2012-09-27T13:45:13+02:00</sln:wojIIPWersja><sln:wojIdTeryt>14</sln:wojIdTeryt><sln:wojNazwa>mazowieckie</sln:wojNazwa></sln:miejscowosc><sln:miejscowosc><sln:cyklZyciaOd>2017-03-27T00:00:00+02:00</sln:cyklZyciaOd><sln:gmIIPId>171d58a1-f440-4505-b8d8-e832895186a4</sln:gmIIPId><sln:gmIIPPn>PL.PZGIK.200</sln:gmIIPPn><sln:gmIIPWersja>2012-09-26T22:52:22+02:00</sln:gmIIPWersja><sln:gmIdTeryt>1412093</sln:gmIdTeryt><sln:gmNazwa>Kałuszyn</sln:gmNazwa><sln:miejscIIPId>ad774c2d-7d24-4733-b69d-920faa3ddec1</sln:miejscIIPId><sln:miejscIIPPn>PL.PZGIK.200</sln:miejscIIPPn><sln:miejscIIPWersja>2017-03-27T12:53:53+02:00</sln:miejscIIPWersja><sln:miejscIdTeryt>0674030</sln:miejscIdTeryt><sln:miejscNazwa>Wólka Kałuska</sln:miejscNazwa><sln:miejscRodzaj>Wieś</sln:miejscRodzaj><sln:powIIPId>990a47d4-e8f6-450c-9636-ea29e35cc404</sln:powIIPId><sln:powIIPPn>PL.PZGIK.200</sln:powIIPPn><sln:powIIPWersja>2012-09-27T08:13:53+02:00</sln:powIIPWersja><sln:powIdTeryt>1412</sln:powIdTeryt><sln:powNazwa>miński</sln:powNazwa><sln:waznyOd>2011-07-28T00:00:00+02:00</sln:waznyOd><sln:wojIIPId>4b6c492a-eb04-441d-a92a-f44359c06de7</sln:wojIIPId><sln:wojIIPPn>PL.PZGIK.200</sln:wojIIPPn><sln:wojIIPWersja>2012-09-27T13:45:13+02:00</sln:wojIIPWersja><sln:wojIdTeryt>14</sln:wojIdTeryt><sln:wojNazwa>mazowieckie</sln:wojNazwa></sln:miejscowosc><sln:miejscowosc><sln:cyklZyciaOd>2017-03-27T00:00:00+02:00</sln:cyklZyciaOd><sln:gmIIPId>171d58a1-f440-4505-b8d8-e832895186a4</sln:gmIIPId><sln:gmIIPPn>PL.PZGIK.200</sln:gmIIPPn><sln:gmIIPWersja>2012-09-26T22:52:22+02:00</sln:gmIIPWersja><sln:gmIdTeryt>1412093</sln:gmIdTeryt><sln:gmNazwa>Kałuszyn</sln:gmNazwa><sln:miejscIIPId>c21a90de-1ead-424b-a25b-bdb39c471117</sln:miejscIIPId><sln:miejscIIPPn>PL.PZGIK.200</sln:miejscIIPPn><sln:miejscIIPWersja>2017-03-27T12:53:53+02:00</sln:miejscIIPWersja><sln:miejscIdTeryt>0674046</sln:miejscIdTeryt><sln:miejscNazwa>Zimnowoda</sln:miejscNazwa><sln:miejscRodzaj>Wieś</sln:miejscRodzaj><sln:powIIPId>990a47d4-e8f6-450c-9636-ea29e35cc404</sln:powIIPId><sln:powIIPPn>PL.PZGIK.200</sln:powIIPPn><sln:powIIPWersja>2012-09-27T08:13:53+02:00</sln:powIIPWersja><sln:powIdTeryt>1412</sln:powIdTeryt><sln:powNazwa>miński</sln:powNazwa><sln:waznyOd>2011-07-28T00:00:00+02:00</sln:waznyOd><sln:wojIIPId>4b6c492a-eb04-441d-a92a-f44359c06de7</sln:wojIIPId><sln:wojIIPPn>PL.PZGIK.200</sln:wojIIPPn><sln:wojIIPWersja>2012-09-27T13:45:13+02:00</sln:wojIIPWersja><sln:wojIdTeryt>14</sln:wojIdTeryt><sln:wojNazwa>mazowieckie</sln:wojNazwa></sln:miejscowosc><sln:miejscowosc><sln:cyklZyciaOd>2017-03-27T00:00:00+02:00</sln:cyklZyciaOd><sln:gmIIPId>171d58a1-f440-4505-b8d8-e832895186a4</sln:gmIIPId><sln:gmIIPPn>PL.PZGIK.200</sln:gmIIPPn><sln:gmIIPWersja>2012-09-26T22:52:22+02:00</sln:gmIIPWersja><sln:gmIdTeryt>1412093</sln:gmIdTeryt><sln:gmNazwa>Kałuszyn</sln:gmNazwa><sln:miejscIIPId>fff89e05-28e8-4e64-9226-cd8d2abc83d3</sln:miejscIIPId><sln:miejscIIPPn>PL.PZGIK.200</sln:miejscIIPPn><sln:miejscIIPWersja>2017-03-27T12:53:54+02:00</sln:miejscIIPWersja><sln:miejscIdTeryt>0674052</sln:miejscIdTeryt><sln:miejscNazwa>Żebrówka</sln:miejscNazwa><sln:miejscRodzaj>Wieś</sln:miejscRodzaj><sln:powIIPId>990a47d4-e8f6-450c-9636-ea29e35cc404</sln:powIIPId><sln:powIIPPn>PL.PZGIK.200</sln:powIIPPn><sln:powIIPWersja>2012-09-27T08:13:53+02:00</sln:powIIPWersja><sln:powIdTeryt>1412</sln:powIdTeryt><sln:powNazwa>miński</sln:powNazwa><sln:waznyOd>2011-07-28T00:00:00+02:00</sln:waznyOd><sln:wojIIPId>4b6c492a-eb04-441d-a92a-f44359c06de7</sln:wojIIPId><sln:wojIIPPn>PL.PZGIK.200</sln:wojIIPPn><sln:wojIIPWersja>2012-09-27T13:45:13+02:00</sln:wojIIPWersja><sln:wojIdTeryt>14</sln:wojIdTeryt><sln:wojNazwa>mazowieckie</sln:wojNazwa></sln:miejscowosc><sln:miejscowosc><sln:cyklZyciaOd>2017-03-27T00:00:00+02:00</sln:cyklZyciaOd><sln:gmIIPId>171d58a1-f440-4505-b8d8-e832895186a4</sln:gmIIPId><sln:gmIIPPn>PL.PZGIK.200</sln:gmIIPPn><sln:gmIIPWersja>2012-09-26T22:52:22+02:00</sln:gmIIPWersja><sln:gmIdTeryt>1412093</sln:gmIdTeryt><sln:gmNazwa>Kałuszyn</sln:gmNazwa><sln:miejscIIPId>6d3266ad-a76d-4984-ab7b-d2f6b061ed4e</sln:miejscIIPId><sln:miejscIIPPn>PL.PZGIK.200</sln:miejscIIPPn><sln:miejscIIPWersja>2017-03-27T12:53:54+02:00</sln:miejscIIPWersja><sln:miejscIdTeryt>0975380</sln:miejscIdTeryt><sln:miejscNazwa>Kałuszyn</sln:miejscNazwa><sln:miejscRodzaj>Miasto</sln:miejscRodzaj><sln:powIIPId>990a47d4-e8f6-450c-9636-ea29e35cc404</sln:powIIPId><sln:powIIPPn>PL.PZGIK.200</sln:powIIPPn><sln:powIIPWersja>2012-09-27T08:13:53+02:00</sln:powIIPWersja><sln:powIdTeryt>1412</sln:powIdTeryt><sln:powNazwa>miński</sln:powNazwa><sln:waznyOd>2012-06-21T00:00:00+02:00</sln:waznyOd><sln:wojIIPId>4b6c492a-eb04-441d-a92a-f44359c06de7</sln:wojIIPId><sln:wojIIPPn>PL.PZGIK.200</sln:wojIIPPn><sln:wojIIPWersja>2012-09-27T13:45:13+02:00</sln:wojIIPWersja><sln:wojIdTeryt>14</sln:wojIdTeryt><sln:wojNazwa>mazowieckie</sln:wojNazwa></sln:miejscowosc></sln:lista-miejscowosci>