<?xml version="1.0" encoding="UTF-8" standalone="yes"?><sln:lista-miejscowosci xmlns:srv="http://gugik.gov.pl/schemas/slowniki-service/1.0" xmlns:sln="http://gugik.gov.pl/schemas/slowniki-schema/1.0"><sln:miejscowosc><sln:cyklZyciaDo>2016-11-26T00:00:00+01:00</sln:cyklZyciaDo><sln:cyklZyciaOd>2014-09-25T00:00:00+02:00</sln:cyklZyciaOd><sln:gmIIPId>4f1d0c18-4e2f-4cfc-9831-fcee0121883d</sln:gmIIPId><sln:gmIIPPn>PL.PZGIK.200</sln:gmIIPPn><sln:gmIIPWersja>2012-09-26T22:52:06+02:00</sln:gmIIPWersja><sln:gmIdTeryt>1410062</sln:gmIdTeryt><sln:gmNazwa>Stara Kornica</sln:gmNazwa><sln:miejscIIPId>6c9df116-0e76-4c96-9e03-84f9ff5f9016</sln:miejscIIPId><sln:miejscIIPPn>PL.PZGIK.200</sln:miejscIIPPn><sln:miejscIIPWersja>2016-11-24T13:35:50+02:00</sln:miejscIIPWersja><sln:miejscIdTeryt>0020215</sln:miejscIdTeryt><sln:miejscNazwa>Czeberaki</sln:miejscNazwa><sln:miejscRodzaj>Wieś</sln:miejscRodzaj><sln:powIIPId>b83d7094-60a3-460b-b308-f7ec80abb622</sln:powIIPId><sln:powIIPPn>PL.PZGIK.200</sln:powIIPPn><sln:powIIPWersja>2012-09-27T08:13:53+02:00</sln:powIIPWersja><sln:powIdTeryt>1410</sln:powIdTeryt><sln:powNazwa>łosicki</sln:powNazwa><sln:wojIIPId>4b6c492a-eb04-441d-a92a-f44359c06de7</sln:wojIIPId><sln:wojIIPPn>PL.PZGIK.200</sln:wojIIPPn><sln:wojIIPWersja>2012-09-27T13:45:13+02:00</sln:wojIIPWersja><sln:wojIdTeryt>14</sln:wojIdTeryt><sln:wojNazwa>mazowieckie</sln:wojNazwa></sln:miejscowosc><sln:miejscowosc><sln:cyklZyciaDo>2016-11-26T00:00:00+01:00</sln:cyklZyciaDo><sln:cyklZyciaOd>2014-09-25T00:00:00+02:00</sln:cyklZyciaOd><sln:gmIIPId>4f1d0c18-4e2f-4cfc-9831-fcee0121883d</sln:gmIIPId><sln:gmIIPPn>PL.PZGIK.200</sln:gmIIPPn><sln:gmIIPWersja>2012-09-26T22:52:06+02:00</sln:gmIIPWersja><sln:gmIdTeryt>1410062</sln:gmIdTeryt><sln:gmNazwa>Stara Kornica</sln:gmNazwa><sln:miejscIIPId>60d2af81-d970-4d0f-9a1b-8ce59f7feb37</sln:miejscIIPId><sln:miejscIIPPn>PL.PZGIK.200</sln:miejscIIPPn><sln:miejscIIPWersja>2016-11-24T13:52:00+02:00</sln:miejscIIPWersja><sln:miejscIdTeryt>0020221</sln:miejscIdTeryt><sln:miejscNazwa>Ukazy</sln:miejscNazwa><sln:miejscRodzaj>Inny obiekt</sln:miejscRodzaj><sln:powIIPId>b83d7094-60a3-460b-b308-f7ec80abb622</sln:powIIPId><sln:powIIPPn>PL.PZGIK.200</sln:powIIPPn><sln:powIIPWersja>2012-09-27T08:13:53+02:00</sln:powIIPWersja><sln:powIdTeryt>1410</sln:powIdTeryt><sln:powNazwa>łosicki</sln:powNazwa><sln:wojIIPId>4b6c492a-eb04-441d-a92a-f44359c06de7</sln:wojIIPId><sln:wojIIPPn>PL.PZGIK.200</sln:wojIIPPn><sln:wojIIPWersja>2012-09-27T13:45:13+02:00</sln:wojIIPWersja><sln:wojIdTeryt>14</sln:wojIdTeryt><sln:wojNazwa>mazowieckie</sln:wojNazwa></sln:miejscowosc><sln:miejscowosc><sln:cyklZyciaDo>2016-11-26T00:00:00+01:00</sln:cyklZyciaDo><sln:cyklZyciaOd>2014-09-25T00:00:00+02:00</sln:cyklZyciaOd><sln:gmIIPId>4f1d0c18-4e2f-4cfc-9831-fcee0121883d</sln:gmIIPId><sln:gmIIPPn>PL.PZGIK.200</sln:gmIIPPn><sln:gmIIPWersja>2012-09-26T22:52:06+02:00</sln:gmIIPWersja><sln:gmIdTeryt>1410062</sln:gmIdTeryt><sln:gmNazwa>Stara Kornica</sln:gmNazwa><sln:miejscIIPId>77a9bdf1-35df-4746-a375-0826a5f307fa</sln:miejscIIPId><sln:miejscIIPPn>PL.PZGIK.200</sln:miejscIIPPn><sln:miejscIIPWersja>2016-11-24T13:34:21+02:00</sln:miejscIIPWersja><sln:miejscIdTeryt>0020250</sln:miejscIdTeryt><sln:miejscNazwa>Zalesie</sln:miejscNazwa><sln:miejscRodzaj>Wieś</sln:miejscRodzaj><sln:powIIPId>b83d7094-60a3-460b-b308-f7ec80abb622</sln:powIIPId><sln:powIIPPn>PL.PZGIK.200</sln:powIIPPn><sln:powIIPWersja>2012-09-27T08:13:53+02:00</sln:powIIPWersja><sln:powIdTeryt>1410</sln:powIdTeryt><sln:powNazwa>łosicki</sln:powNazwa><sln:wojIIPId>4b6c492a-eb04-441d-a92a-f44359c06de7</sln:wojIIPId><sln:wojIIPPn>PL.PZGIK.200</sln:wojIIPPn><sln:wojIIPWersja>2012-09-27T13:45:13+02:00</sln:wojIIPWersja><sln:wojIdTeryt>14</sln:wojIdTeryt><sln:wojNazwa>mazowieckie</sln:wojNazwa></sln:miejscowosc><sln:miejscowosc><sln:cyklZyciaDo>2016-11-26T00:00:00+01:00</sln:cyklZyciaDo><sln:cyklZyciaOd>2014-09-25T00:00:00+02:00</sln:cyklZyciaOd><sln:gmIIPId>4f1d0c18-4e2f-4cfc-9831-fcee0121883d</sln:gmIIPId><sln:gmIIPPn>PL.PZGIK.200</sln:gmIIPPn><sln:gmIIPWersja>2012-09-26T22:52:06+02:00</sln:gmIIPWersja><sln:gmIdTeryt>1410062</sln:gmIdTeryt><sln:gmNazwa>Stara Kornica</sln:gmNazwa><sln:miejscIIPId>8756bf38-94d2-4ecc-9b4b-bc78bde8ca5b</sln:miejscIIPId><sln:miejscIIPPn>PL.PZGIK.200</sln:miejscIIPPn><sln:miejscIIPWersja>2016-11-24T13:33:55+02:00</sln:miejscIIPWersja><sln:miejscIdTeryt>0020586</sln:miejscIdTeryt><sln:miejscNazwa>Wygnanki</sln:miejscNazwa><sln:miejscRodzaj>Wieś</sln:miejscRodzaj><sln:powIIPId>b83d7094-60a3-460b-b308-f7ec80abb622</sln:powIIPId><sln:powIIPPn>PL.PZGIK.200</sln:powIIPPn><sln:powIIPWersja>2012-09-27T08:13:53+02:00</sln:powIIPWersja><sln:powIdTeryt>1410</sln:powIdTeryt><sln:powNazwa>łosicki</sln:powNazwa><sln:wojIIPId>4b6c492a-eb04-441d-a92a-f44359c06de7</sln:wojIIPId><sln:wojIIPPn>PL.PZGIK.200</sln:wojIIPPn><sln:wojIIPWersja>2012-09-27T13:45:13+02:00</sln:wojIIPWersja><sln:wojIdTeryt>14</sln:wojIdTeryt><sln:wojNazwa>mazowieckie</sln:wojNazwa></sln:miejscowosc><sln:miejscowosc><sln:cyklZyciaDo>2016-11-26T00:00:00+01:00</sln:cyklZyciaDo><sln:cyklZyciaOd>2014-09-25T00:00:00+02:00</sln:cyklZyciaOd><sln:gmIIPId>4f1d0c18-4e2f-4cfc-9831-fcee0121883d</sln:gmIIPId><sln:gmIIPPn>PL.PZGIK.200</sln:gmIIPPn><sln:gmIIPWersja>2012-09-26T22:52:06+02:00</sln:gmIIPWersja><sln:gmIdTeryt>1410062</sln:gmIdTeryt><sln:gmNazwa>Stara Kornica</sln:gmNazwa><sln:miejscIIPId>76628f0a-6d15-4482-9387-a48d106a9902</sln:miejscIIPId><sln:miejscIIPPn>PL.PZGIK.200</sln:miejscIIPPn><sln:miejscIIPWersja>2016-11-24T13:39:23+02:00</sln:miejscIIPWersja><sln:miejscIdTeryt>0020296</sln:miejscIdTeryt><sln:miejscNazwa>Kiełbaski</sln:miejscNazwa><sln:miejscRodzaj>Wieś</sln:miejscRodzaj><sln:powIIPId>b83d7094-60a3-460b-b308-f7ec80abb622</sln:powIIPId><sln:powIIPPn>PL.PZGIK.200</sln:powIIPPn><sln:powIIPWersja>2012-09-27T08:13:53+02:00</sln:powIIPWersja><sln:powIdTeryt>1410</sln:powIdTeryt><sln:powNazwa>łosicki</sln:powNazwa><sln:wojIIPId>4b6c492a-eb04-441d-a92a-f44359c06de7</sln:wojIIPId><sln:wojIIPPn>PL.PZGIK.200</sln:wojIIPPn><sln:wojIIPWersja>2012-09-27T13:45:13+02:00</sln:wojIIPWersja><sln:wojIdTeryt>14</sln:wojIdTeryt><sln:wojNazwa>mazowieckie</sln:wojNazwa></sln:miejscowosc><sln:miejscowosc><sln:cyklZyciaDo>2016-11-26T00:00:00+01:00</sln:cyklZyciaDo><sln:cyklZyciaOd>2014-09-25T00:00:00+02:00</sln:cyklZyciaOd><sln:gmIIPId>4f1d0c18-4e2f-4cfc-9831-fcee0121883d</sln:gmIIPId><sln:gmIIPPn>PL.PZGIK.200</sln:gmIIPPn><sln:gmIIPWersja>2012-09-26T22:52:06+02:00</sln:gmIIPWersja><sln:gmIdTeryt>1410062</sln:gmIdTeryt><sln:gmNazwa>Stara Kornica</sln:gmNazwa><sln:miejscIIPId>49e15396-e444-4cfa-90eb-318a23bb6441</sln:miejscIIPId><sln:miejscIIPPn>PL.PZGIK.200</sln:miejscIIPPn><sln:miejscIIPWersja>2016-11-24T13:43:08+02:00</sln:miejscIIPWersja><sln:miejscIdTeryt>0020400</sln:miejscIdTeryt><sln:miejscNazwa>Nowa Kornica</sln:miejscNazwa><sln:miejscRodzaj>Wieś</sln:miejscRodzaj><sln:powIIPId>b83d7094-60a3-460b-b308-f7ec80abb622</sln:powIIPId><sln:powIIPPn>PL.PZGIK.200</sln:powIIPPn><sln:powIIPWersja>2012-09-27T08:13:53+02:00</sln:powIIPWersja><sln:powIdTeryt>1410</sln:powIdTeryt><sln:powNazwa>łosicki</sln:powNazwa><sln:wojIIPId>4b6c492a-eb04-441d-a92a-f44359c06de7</sln:wojIIPId><sln:wojIIPPn>PL.PZGIK.200</sln:wojIIPPn><sln:wojIIPWersja>2012-09-27T13:45:13+02:00</sln:wojIIPWersja><sln:wojIdTeryt>14</sln:wojIdTeryt><sln:wojNazwa>mazowieckie</sln:wojNazwa></sln:miejscowosc><sln:miejscowosc><sln:cyklZyciaDo>2016-11-26T00:00:00+01:00</sln:cyklZyciaDo><sln:cyklZyciaOd>2014-09-25T00:00:00+02:00</sln:cyklZyciaOd><sln:gmIIPId>4f1d0c18-4e2f-4cfc-9831-fcee0121883d</sln:gmIIPId><sln:gmIIPPn>PL.PZGIK.200</sln:gmIIPPn><sln:gmIIPWersja>2012-09-26T22:52:06+02:00</sln:gmIIPWersja><sln:gmIdTeryt>1410062</sln:gmIdTeryt><sln:gmNazwa>Stara Kornica</sln:gmNazwa><sln:miejscIIPId>b3830834-70d5-4822-b858-01301b72df57</sln:miejscIIPId><sln:miejscIIPPn>PL.PZGIK.200</sln:miejscIIPPn><sln:miejscIIPWersja>2016-11-24T13:39:57+02:00</sln:miejscIIPWersja><sln:miejscIdTeryt>0020356</sln:miejscIdTeryt><sln:miejscNazwa>Koszelówka</sln:miejscNazwa><sln:miejscRodzaj>Wieś</sln:miejscRodzaj><sln:powIIPId>b83d7094-60a3-460b-b308-f7ec80abb622</sln:powIIPId><sln:powIIPPn>PL.PZGIK.200</sln:powIIPPn><sln:powIIPWersja>2012-09-27T08:13:53+02:00</sln:powIIPWersja><sln:powIdTeryt>1410</sln:powIdTeryt><sln:powNazwa>łosicki</sln:powNazwa><sln:wojIIPId>4b6c492a-eb04-441d-a92a-f44359c06de7</sln:wojIIPId><sln:wojIIPPn>PL.PZGIK.200</sln:wojIIPPn><sln:wojIIPWersja>2012-09-27T13:45:13+02:00</sln:wojIIPWersja><sln:wojIdTeryt>14</sln:wojIdTeryt><sln:wojNazwa>mazowieckie</sln:wojNazwa></sln:miejscowosc><sln:miejscowosc><sln:cyklZyciaDo>2016-11-26T00:00:00+01:00</sln:cyklZyciaDo><sln:cyklZyciaOd>2014-09-25T00:00:00+02:00</sln:cyklZyciaOd><sln:gmIIPId>4f1d0c18-4e2f-4cfc-9831-fcee0121883d</sln:gmIIPId><sln:gmIIPPn>PL.PZGIK.200</sln:gmIIPPn><sln:gmIIPWersja>2012-09-26T22:52:06+02:00</sln:gmIIPWersja><sln:gmIdTeryt>1410062</sln:gmIdTeryt><sln:gmNazwa>Stara Kornica</sln:gmNazwa><sln:miejscIIPId>b8dbe967-ed8a-4592-957d-7f1d5fdd3469</sln:miejscIIPId><sln:miejscIIPPn>PL.PZGIK.200</sln:miejscIIPPn><sln:miejscIIPWersja>2016-11-24T13:31:19+02:00</sln:miejscIIPWersja><sln:miejscIdTeryt>0020480</sln:miejscIdTeryt><sln:miejscNazwa>Stare Szpaki</sln:miejscNazwa><sln:miejscRodzaj>Wieś</sln:miejscRodzaj><sln:powIIPId>b83d7094-60a3-460b-b308-f7ec80abb622</sln:powIIPId><sln:powIIPPn>PL.PZGIK.200</sln:powIIPPn><sln:powIIPWersja>2012-09-27T08:13:53+02:00</sln:powIIPWersja><sln:powIdTeryt>1410</sln:powIdTeryt><sln:powNazwa>łosicki</sln:powNazwa><sln:wojIIPId>4b6c492a-eb04-441d-a92a-f44359c06de7</sln:wojIIPId><sln:wojIIPPn>PL.PZGIK.200</sln:wojIIPPn><sln:wojIIPWersja>2012-09-27T13:45:13+02:00</sln:wojIIPWersja><sln:wojIdTeryt>14</sln:wojIdTeryt><sln:wojNazwa>mazowieckie</sln:wojNazwa></sln:miejscowosc><sln:miejscowosc><sln:cyklZyciaDo>2016-11-26T00:00:00+01:00</sln:cyklZyciaDo><sln:cyklZyciaOd>2014-09-25T00:00:00+02:00</sln:cyklZyciaOd><sln:gmIIPId>4f1d0c18-4e2f-4cfc-9831-fcee0121883d</sln:gmIIPId><sln:gmIIPPn>PL.PZGIK.200</sln:gmIIPPn><sln:gmIIPWersja>2012-09-26T22:52:06+02:00</sln:gmIIPWersja><sln:gmIdTeryt>1410062</sln:gmIdTeryt><sln:gmNazwa>Stara Kornica</sln:gmNazwa><sln:miejscIIPId>d4105b16-db1a-4d31-a71c-d8f9f10a38fb</sln:miejscIIPId><sln:miejscIIPPn>PL.PZGIK.200</sln:miejscIIPPn><sln:miejscIIPWersja>2016-11-24T13:49:15+02:00</sln:miejscIIPWersja><sln:miejscIdTeryt>0020511</sln:miejscIdTeryt><sln:miejscNazwa>Walimek</sln:miejscNazwa><sln:miejscRodzaj>Kolonia</sln:miejscRodzaj><sln:powIIPId>b83d7094-60a3-460b-b308-f7ec80abb622</sln:powIIPId><sln:powIIPPn>PL.PZGIK.200</sln:powIIPPn><sln:powIIPWersja>2012-09-27T08:13:53+02:00</sln:powIIPWersja><sln:powIdTeryt>1410</sln:powIdTeryt><sln:powNazwa>łosicki</sln:powNazwa><sln:wojIIPId>4b6c492a-eb04-441d-a92a-f44359c06de7</sln:wojIIPId><sln:wojIIPPn>PL.PZGIK.200</sln:wojIIPPn><sln:wojIIPWersja>2012-09-27T13:45:13+02:00</sln:wojIIPWersja><sln:wojIdTeryt>14</sln:wojIdTeryt><sln:wojNazwa>mazowieckie</sln:wojNazwa></sln:miejscowosc><sln:miejscowosc><sln:cyklZyciaDo>2016-11-26T00:00:00+01:00</sln:cyklZyciaDo><sln:cyklZyciaOd>2014-09-25T00:00:00+02:00</sln:cyklZyciaOd><sln:gmIIPId>4f1d0c18-4e2f-4cfc-9831-fcee0121883d</sln:gmIIPId><sln:gmIIPPn>PL.PZGIK.200</sln:gmIIPPn><sln:gmIIPWersja>2012-09-26T22:52:06+02:00</sln:gmIIPWersja><sln:gmIdTeryt>1410062</sln:gmIdTeryt><sln:gmNazwa>Stara Kornica</sln:gmNazwa><sln:miejscIIPId>ce59ad2f-fc40-4791-b99b-d0a7d343d161</sln:miejscIIPId><sln:miejscIIPPn>PL.PZGIK.200</sln:miejscIIPPn><sln:miejscIIPWersja>2016-11-24T13:51:59+02:00</sln:miejscIIPWersja><sln:miejscIdTeryt>0020244</sln:miejscIdTeryt><sln:miejscNazwa>Dubicze</sln:miejscNazwa><sln:miejscRodzaj>Leśniczówka</sln:miejscRodzaj><sln:powIIPId>b83d7094-60a3-460b-b308-f7ec80abb622</sln:powIIPId><sln:powIIPPn>PL.PZGIK.200</sln:powIIPPn><sln:powIIPWersja>2012-09-27T08:13:53+02:00</sln:powIIPWersja><sln:powIdTeryt>1410</sln:powIdTeryt><sln:powNazwa>łosicki</sln:powNazwa><sln:wojIIPId>4b6c492a-eb04-441d-a92a-f44359c06de7</sln:wojIIPId><sln:wojIIPPn>PL.PZGIK.200</sln:wojIIPPn><sln:wojIIPWersja>2012-09-27T13:45:13+02:00</sln:wojIIPWersja><sln:wojIdTeryt>14</sln:wojIdTeryt><sln:wojNazwa>mazowieckie</sln:wojNazwa></sln:miejscowosc><sln:miejscowosc><sln:cyklZyciaDo>2016-11-26T00:00:00+01:00</sln:cyklZyciaDo><sln:cyklZyciaOd>2014-09-25T00:00:00+02:00</sln:cyklZyciaOd><sln:gmIIPId>4f1d0c18-4e2f-4cfc-9831-fcee0121883d</sln:gmIIPId><sln:gmIIPPn>PL.PZGIK.200</sln:gmIIPPn><sln:gmIIPWersja>2012-09-26T22:52:06+02:00</sln:gmIIPWersja><sln:gmIdTeryt>1410062</sln:gmIdTeryt><sln:gmNazwa>Stara Kornica</sln:gmNazwa><sln:miejscIIPId>7c8e8cb7-c8a9-4a4e-a5fa-7a63ac308778</sln:miejscIIPId><sln:miejscIIPPn>PL.PZGIK.200</sln:miejscIIPPn><sln:miejscIIPWersja>2016-11-24T13:39:17+02:00</sln:miejscIIPWersja><sln:miejscIdTeryt>0020267</sln:miejscIdTeryt><sln:miejscNazwa>Kazimierzów</sln:miejscNazwa><sln:miejscRodzaj>Wieś</sln:miejscRodzaj><sln:powIIPId>b83d7094-60a3-460b-b308-f7ec80abb622</sln:powIIPId><sln:powIIPPn>PL.PZGIK.200</sln:powIIPPn><sln:powIIPWersja>2012-09-27T08:13:53+02:00</sln:powIIPWersja><sln:powIdTeryt>1410</sln:powIdTeryt><sln:powNazwa>łosicki</sln:powNazwa><sln:wojIIPId>4b6c492a-eb04-441d-a92a-f44359c06de7</sln:wojIIPId><sln:wojIIPPn>PL.PZGIK.200</sln:wojIIPPn><sln:wojIIPWersja>2012-09-27T13:45:13+02:00</sln:wojIIPWersja><sln:wojIdTeryt>14</sln:wojIdTeryt><sln:wojNazwa>mazowieckie</sln:wojNazwa></sln:miejscowosc><sln:miejscowosc><sln:cyklZyciaDo>2016-11-26T00:00:00+01:00</sln:cyklZyciaDo><sln:cyklZyciaOd>2014-09-25T00:00:00+02:00</sln:cyklZyciaOd><sln:gmIIPId>4f1d0c18-4e2f-4cfc-9831-fcee0121883d</sln:gmIIPId><sln:gmIIPPn>PL.PZGIK.200</sln:gmIIPPn><sln:gmIIPWersja>2012-09-26T22:52:06+02:00</sln:gmIIPWersja><sln:gmIdTeryt>1410062</sln:gmIdTeryt><sln:gmNazwa>Stara Kornica</sln:gmNazwa><sln:miejscIIPId>9447b680-edf6-418a-9b7f-5af7e4832abf</sln:miejscIIPId><sln:miejscIIPPn>PL.PZGIK.200</sln:miejscIIPPn><sln:miejscIIPWersja>2016-11-24T13:47:30+02:00</sln:miejscIIPWersja><sln:miejscIdTeryt>0020474</sln:miejscIdTeryt><sln:miejscNazwa>Kornica-Kolonia</sln:miejscNazwa><sln:miejscRodzaj>Kolonia</sln:miejscRodzaj><sln:powIIPId>b83d7094-60a3-460b-b308-f7ec80abb622</sln:powIIPId><sln:powIIPPn>PL.PZGIK.200</sln:powIIPPn><sln:powIIPWersja>2012-09-27T08:13:53+02:00</sln:powIIPWersja><sln:powIdTeryt>1410</sln:powIdTeryt><sln:powNazwa>łosicki</sln:powNazwa><sln:wojIIPId>4b6c492a-eb04-441d-a92a-f44359c06de7</sln:wojIIPId><sln:wojIIPPn>PL.PZGIK.200</sln:wojIIPPn><sln:wojIIPWersja>2012-09-27T13:45:13+02:00</sln:wojIIPWersja><sln:wojIdTeryt>14</sln:wojIdTeryt><sln:wojNazwa>mazowieckie</sln:wojNazwa></sln:miejscowosc><sln:miejscowosc><sln:cyklZyciaDo>2016-11-26T00:00:00+01:00</sln:cyklZyciaDo><sln:cyklZyciaOd>2014-09-25T00:00:00+02:00</sln:cyklZyciaOd><sln:gmIIPId>4f1d0c18-4e2f-4cfc-9831-fcee0121883d</sln:gmIIPId><sln:gmIIPPn>PL.PZGIK.200</sln:gmIIPPn><sln:gmIIPWersja>2012-09-26T22:52:06+02:00</sln:gmIIPWersja><sln:gmIdTeryt>1410062</sln:gmIdTeryt><sln:gmNazwa>Stara Kornica</sln:gmNazwa><sln:miejscIIPId>b3538d5a-8849-430b-ad39-21815af15ea1</sln:miejscIIPId><sln:miejscIIPPn>PL.PZGIK.200</sln:miejscIIPPn><sln:miejscIIPWersja>2016-11-24T13:31:10+02:00</sln:miejscIIPWersja><sln:miejscIdTeryt>0020451</sln:miejscIdTeryt><sln:miejscNazwa>Stara Kornica</sln:miejscNazwa><sln:miejscRodzaj>Wieś</sln:miejscRodzaj><sln:powIIPId>b83d7094-60a3-460b-b308-f7ec80abb622</sln:powIIPId><sln:powIIPPn>PL.PZGIK.200</sln:powIIPPn><sln:powIIPWersja>2012-09-27T08:13:53+02:00</sln:powIIPWersja><sln:powIdTeryt>1410</sln:powIdTeryt><sln:powNazwa>łosicki</sln:powNazwa><sln:wojIIPId>4b6c492a-eb04-441d-a92a-f44359c06de7</sln:wojIIPId><sln:wojIIPPn>PL.PZGIK.200</sln:wojIIPPn><sln:wojIIPWersja>2012-09-27T13:45:13+02:00</sln:wojIIPWersja><sln:wojIdTeryt>14</sln:wojIdTeryt><sln:wojNazwa>mazowieckie</sln:wojNazwa></sln:miejscowosc><sln:miejscowosc><sln:cyklZyciaDo>2016-11-26T00:00:00+01:00</sln:cyklZyciaDo><sln:cyklZyciaOd>2014-09-25T00:00:00+02:00</sln:cyklZyciaOd><sln:gmIIPId>4f1d0c18-4e2f-4cfc-9831-fcee0121883d</sln:gmIIPId><sln:gmIIPPn>PL.PZGIK.200</sln:gmIIPPn><sln:gmIIPWersja>2012-09-26T22:52:06+02:00</sln:gmIIPWersja><sln:gmIdTeryt>1410062</sln:gmIdTeryt><sln:gmNazwa>Stara Kornica</sln:gmNazwa><sln:miejscIIPId>0201de49-1932-4cc5-91e4-4260ab6a9798</sln:miejscIIPId><sln:miejscIIPPn>PL.PZGIK.200</sln:miejscIIPPn><sln:miejscIIPWersja>2016-11-24T13:43:08+02:00</sln:miejscIIPWersja><sln:miejscIdTeryt>4001315</sln:miejscIdTeryt><sln:miejscNazwa>Nowa Koszelówka</sln:miejscNazwa><sln:miejscRodzaj>Inny obiekt</sln:miejscRodzaj><sln:powIIPId>b83d7094-60a3-460b-b308-f7ec80abb622</sln:powIIPId><sln:powIIPPn>PL.PZGIK.200</sln:powIIPPn><sln:powIIPWersja>2012-09-27T08:13:53+02:00</sln:powIIPWersja><sln:powIdTeryt>1410</sln:powIdTeryt><sln:powNazwa>łosicki</sln:powNazwa><sln:wojIIPId>4b6c492a-eb04-441d-a92a-f44359c06de7</sln:wojIIPId><sln:wojIIPPn>PL.PZGIK.200</sln:wojIIPPn><sln:wojIIPWersja>2012-09-27T13:45:13+02:00</sln:wojIIPWersja><sln:wojIdTeryt>14</sln:wojIdTeryt><sln:wojNazwa>mazowieckie</sln:wojNazwa></sln:miejscowosc><sln:miejscowosc><sln:cyklZyciaDo>2016-11-26T00:00:00+01:00</sln:cyklZyciaDo><sln:cyklZyciaOd>2014-09-25T00:00:00+02:00</sln:cyklZyciaOd><sln:gmIIPId>4f1d0c18-4e2f-4cfc-9831-fcee0121883d</sln:gmIIPId><sln:gmIIPPn>PL.PZGIK.200</sln:gmIIPPn><sln:gmIIPWersja>2012-09-26T22:52:06+02:00</sln:gmIIPWersja><sln:gmIdTeryt>1410062</sln:gmIdTeryt><sln:gmNazwa>Stara Kornica</sln:gmNazwa><sln:miejscIIPId>5cb70c63-aa15-4551-9428-87cb64cc0101</sln:miejscIIPId><sln:miejscIIPPn>PL.PZGIK.200</sln:miejscIIPPn><sln:miejscIIPWersja>2016-11-24T13:55:38+02:00</sln:miejscIIPWersja><sln:miejscIdTeryt>0020327</sln:miejscIdTeryt><sln:miejscNazwa>Czarnoziem</sln:miejscNazwa><sln:miejscRodzaj>Inny obiekt</sln:miejscRodzaj><sln:powIIPId>b83d7094-60a3-460b-b308-f7ec80abb622</sln:powIIPId><sln:powIIPPn>PL.PZGIK.200</sln:powIIPPn><sln:powIIPWersja>2012-09-27T08:13:53+02:00</sln:powIIPWersja><sln:powIdTeryt>1410</sln:powIdTeryt><sln:powNazwa>łosicki</sln:powNazwa><sln:wojIIPId>4b6c492a-eb04-441d-a92a-f44359c06de7</sln:wojIIPId><sln:wojIIPPn>PL.PZGIK.200</sln:wojIIPPn><sln:wojIIPWersja>2012-09-27T13:45:13+02:00</sln:wojIIPWersja><sln:wojIdTeryt>14</sln:wojIdTeryt><sln:wojNazwa>mazowieckie</sln:wojNazwa></sln:miejscowosc><sln:miejscowosc><sln:cyklZyciaDo>2016-11-26T00:00:00+01:00</sln:cyklZyciaDo><sln:cyklZyciaOd>2014-09-25T00:00:00+02:00</sln:cyklZyciaOd><sln:gmIIPId>4f1d0c18-4e2f-4cfc-9831-fcee0121883d</sln:gmIIPId><sln:gmIIPPn>PL.PZGIK.200</sln:gmIIPPn><sln:gmIIPWersja>2012-09-26T22:52:06+02:00</sln:gmIIPWersja><sln:gmIdTeryt>1410062</sln:gmIdTeryt><sln:gmNazwa>Stara Kornica</sln:gmNazwa><sln:miejscIIPId>5e5348df-7329-4438-a8f9-215ab7e98d4c</sln:miejscIIPId><sln:miejscIIPPn>PL.PZGIK.200</sln:miejscIIPPn><sln:miejscIIPWersja>2016-11-24T13:55:38+02:00</sln:miejscIIPWersja><sln:miejscIdTeryt>0020340</sln:miejscIdTeryt><sln:miejscNazwa>Wołowik</sln:miejscNazwa><sln:miejscRodzaj>Inny obiekt</sln:miejscRodzaj><sln:powIIPId>b83d7094-60a3-460b-b308-f7ec80abb622</sln:powIIPId><sln:powIIPPn>PL.PZGIK.200</sln:powIIPPn><sln:powIIPWersja>2012-09-27T08:13:53+02:00</sln:powIIPWersja><sln:powIdTeryt>1410</sln:powIdTeryt><sln:powNazwa>łosicki</sln:powNazwa><sln:wojIIPId>4b6c492a-eb04-441d-a92a-f44359c06de7</sln:wojIIPId><sln:wojIIPPn>PL.PZGIK.200</sln:wojIIPPn><sln:wojIIPWersja>2012-09-27T13:45:13+02:00</sln:wojIIPWersja><sln:wojIdTeryt>14</sln:wojIdTeryt><sln:wojNazwa>mazowieckie</sln:wojNazwa></sln:miejscowosc><sln:miejscowosc><sln:cyklZyciaDo>2016-11-26T00:00:00+01:00</sln:cyklZyciaDo><sln:cyklZyciaOd>2014-09-25T00:00:00+02:00</sln:cyklZyciaOd><sln:gmIIPId>4f1d0c18-4e2f-4cfc-9831-fcee0121883d</sln:gmIIPId><sln:gmIIPPn>PL.PZGIK.200</sln:gmIIPPn><sln:gmIIPWersja>2012-09-26T22:52:06+02:00</sln:gmIIPWersja><sln:gmIdTeryt>1410062</sln:gmIdTeryt><sln:gmNazwa>Stara Kornica</sln:gmNazwa><sln:miejscIIPId>151515a7-9d83-4253-960a-338298cefa99</sln:miejscIIPId><sln:miejscIIPPn>PL.PZGIK.200</sln:miejscIIPPn><sln:miejscIIPWersja>2016-11-24T13:32:01+02:00</sln:miejscIIPWersja><sln:miejscIdTeryt>0020497</sln:miejscIdTeryt><sln:miejscNazwa>Szpaki-Kolonia</sln:miejscNazwa><sln:miejscRodzaj>Wieś</sln:miejscRodzaj><sln:powIIPId>b83d7094-60a3-460b-b308-f7ec80abb622</sln:powIIPId><sln:powIIPPn>PL.PZGIK.200</sln:powIIPPn><sln:powIIPWersja>2012-09-27T08:13:53+02:00</sln:powIIPWersja><sln:powIdTeryt>1410</sln:powIdTeryt><sln:powNazwa>łosicki</sln:powNazwa><sln:wojIIPId>4b6c492a-eb04-441d-a92a-f44359c06de7</sln:wojIIPId><sln:wojIIPPn>PL.PZGIK.200</sln:wojIIPPn><sln:wojIIPWersja>2012-09-27T13:45:13+02:00</sln:wojIIPWersja><sln:wojIdTeryt>14</sln:wojIdTeryt><sln:wojNazwa>mazowieckie</sln:wojNazwa></sln:miejscowosc><sln:miejscowosc><sln:cyklZyciaDo>2016-11-26T00:00:00+01:00</sln:cyklZyciaDo><sln:cyklZyciaOd>2014-09-25T00:00:00+02:00</sln:cyklZyciaOd><sln:gmIIPId>4f1d0c18-4e2f-4cfc-9831-fcee0121883d</sln:gmIIPId><sln:gmIIPPn>PL.PZGIK.200</sln:gmIIPPn><sln:gmIIPWersja>2012-09-26T22:52:06+02:00</sln:gmIIPWersja><sln:gmIdTeryt>1410062</sln:gmIdTeryt><sln:gmNazwa>Stara Kornica</sln:gmNazwa><sln:miejscIIPId>ea622375-f29b-4e61-bedc-82a6d659ff3e</sln:miejscIIPId><sln:miejscIIPPn>PL.PZGIK.200</sln:miejscIIPPn><sln:miejscIIPWersja>2016-11-24T13:33:50+02:00</sln:miejscIIPWersja><sln:miejscIdTeryt>0020534</sln:miejscIdTeryt><sln:miejscNazwa>Wólka Nosowska</sln:miejscNazwa><sln:miejscRodzaj>Wieś</sln:miejscRodzaj><sln:powIIPId>b83d7094-60a3-460b-b308-f7ec80abb622</sln:powIIPId><sln:powIIPPn>PL.PZGIK.200</sln:powIIPPn><sln:powIIPWersja>2012-09-27T08:13:53+02:00</sln:powIIPWersja><sln:powIdTeryt>1410</sln:powIdTeryt><sln:powNazwa>łosicki</sln:powNazwa><sln:wojIIPId>4b6c492a-eb04-441d-a92a-f44359c06de7</sln:wojIIPId><sln:wojIIPPn>PL.PZGIK.200</sln:wojIIPPn><sln:wojIIPWersja>2012-09-27T13:45:13+02:00</sln:wojIIPWersja><sln:wojIdTeryt>14</sln:wojIdTeryt><sln:wojNazwa>mazowieckie</sln:wojNazwa></sln:miejscowosc><sln:miejscowosc><sln:cyklZyciaDo>2016-11-26T00:00:00+01:00</sln:cyklZyciaDo><sln:cyklZyciaOd>2014-09-25T00:00:00+02:00</sln:cyklZyciaOd><sln:gmIIPId>4f1d0c18-4e2f-4cfc-9831-fcee0121883d</sln:gmIIPId><sln:gmIIPPn>PL.PZGIK.200</sln:gmIIPPn><sln:gmIIPWersja>2012-09-26T22:52:06+02:00</sln:gmIIPWersja><sln:gmIdTeryt>1410062</sln:gmIdTeryt><sln:gmNazwa>Stara Kornica</sln:gmNazwa><sln:miejscIIPId>e5817ada-fc8d-4e1d-b50e-9afad1e21a03</sln:miejscIIPId><sln:miejscIIPPn>PL.PZGIK.200</sln:miejscIIPPn><sln:miejscIIPWersja>2016-11-24T13:31:10+02:00</sln:miejscIIPWersja><sln:miejscIdTeryt>4000324</sln:miejscIdTeryt><sln:miejscNazwa>Stara Koszelówka</sln:miejscNazwa><sln:miejscRodzaj>Inny obiekt</sln:miejscRodzaj><sln:powIIPId>b83d7094-60a3-460b-b308-f7ec80abb622</sln:powIIPId><sln:powIIPPn>PL.PZGIK.200</sln:powIIPPn><sln:powIIPWersja>2012-09-27T08:13:53+02:00</sln:powIIPWersja><sln:powIdTeryt>1410</sln:powIdTeryt><sln:powNazwa>łosicki</sln:powNazwa><sln:wojIIPId>4b6c492a-eb04-441d-a92a-f44359c06de7</sln:wojIIPId><sln:wojIIPPn>PL.PZGIK.200</sln:wojIIPPn><sln:wojIIPWersja>2012-09-27T13:45:13+02:00</sln:wojIIPWersja><sln:wojIdTeryt>14</sln:wojIdTeryt><sln:wojNazwa>mazowieckie</sln:wojNazwa></sln:miejscowosc><sln:miejscowosc><sln:cyklZyciaDo>2016-11-26T00:00:00+01:00</sln:cyklZyciaDo><sln:cyklZyciaOd>2014-09-25T00:00:00+02:00</sln:cyklZyciaOd><sln:gmIIPId>4f1d0c18-4e2f-4cfc-9831-fcee0121883d</sln:gmIIPId><sln:gmIIPPn>PL.PZGIK.200</sln:gmIIPPn><sln:gmIIPWersja>2012-09-26T22:52:06+02:00</sln:gmIIPWersja><sln:gmIdTeryt>1410062</sln:gmIdTeryt><sln:gmNazwa>Stara Kornica</sln:gmNazwa><sln:miejscIIPId>7a7bb78a-f047-439b-8375-0a8ca2c13b9c</sln:miejscIIPId><sln:miejscIIPPn>PL.PZGIK.200</sln:miejscIIPPn><sln:miejscIIPWersja>2016-11-24T13:50:43+02:00</sln:miejscIIPWersja><sln:miejscIdTeryt>0020617</sln:miejscIdTeryt><sln:miejscNazwa>Kolonia</sln:miejscNazwa><sln:miejscRodzaj>Inny obiekt</sln:miejscRodzaj><sln:powIIPId>b83d7094-60a3-460b-b308-f7ec80abb622</sln:powIIPId><sln:powIIPPn>PL.PZGIK.200</sln:powIIPPn><sln:powIIPWersja>2012-09-27T08:13:53+02:00</sln:powIIPWersja><sln:powIdTeryt>1410</sln:powIdTeryt><sln:powNazwa>łosicki</sln:powNazwa><sln:wojIIPId>4b6c492a-eb04-441d-a92a-f44359c06de7</sln:wojIIPId><sln:wojIIPPn>PL.PZGIK.200</sln:wojIIPPn><sln:wojIIPWersja>2012-09-27T13:45:13+02:00</sln:wojIIPWersja><sln:wojIdTeryt>14</sln:wojIdTeryt><sln:wojNazwa>mazowieckie</sln:wojNazwa></sln:miejscowosc><sln:miejscowosc><sln:cyklZyciaDo>2016-11-26T00:00:00+01:00</sln:cyklZyciaDo><sln:cyklZyciaOd>2014-09-25T00:00:00+02:00</sln:cyklZyciaOd><sln:gmIIPId>4f1d0c18-4e2f-4cfc-9831-fcee0121883d</sln:gmIIPId><sln:gmIIPPn>PL.PZGIK.200</sln:gmIIPPn><sln:gmIIPWersja>2012-09-26T22:52:06+02:00</sln:gmIIPWersja><sln:gmIdTeryt>1410062</sln:gmIdTeryt><sln:gmNazwa>Stara Kornica</sln:gmNazwa><sln:miejscIIPId>3c7b1ae3-077e-4b89-8305-d95e48a49b71</sln:miejscIIPId><sln:miejscIIPPn>PL.PZGIK.200</sln:miejscIIPPn><sln:miejscIIPWersja>2016-11-24T13:36:43+02:00</sln:miejscIIPWersja><sln:miejscIdTeryt>0020238</sln:miejscIdTeryt><sln:miejscNazwa>Dubicze</sln:miejscNazwa><sln:miejscRodzaj>Wieś</sln:miejscRodzaj><sln:powIIPId>b83d7094-60a3-460b-b308-f7ec80abb622</sln:powIIPId><sln:powIIPPn>PL.PZGIK.200</sln:powIIPPn><sln:powIIPWersja>2012-09-27T08:13:53+02:00</sln:powIIPWersja><sln:powIdTeryt>1410</sln:powIdTeryt><sln:powNazwa>łosicki</sln:powNazwa><sln:wojIIPId>4b6c492a-eb04-441d-a92a-f44359c06de7</sln:wojIIPId><sln:wojIIPPn>PL.PZGIK.200</sln:wojIIPPn><sln:wojIIPWersja>2012-09-27T13:45:13+02:00</sln:wojIIPWersja><sln:wojIdTeryt>14</sln:wojIdTeryt><sln:wojNazwa>mazowieckie</sln:wojNazwa></sln:miejscowosc><sln:miejscowosc><sln:cyklZyciaDo>2016-11-26T00:00:00+01:00</sln:cyklZyciaDo><sln:cyklZyciaOd>2014-09-25T00:00:00+02:00</sln:cyklZyciaOd><sln:gmIIPId>4f1d0c18-4e2f-4cfc-9831-fcee0121883d</sln:gmIIPId><sln:gmIIPPn>PL.PZGIK.200</sln:gmIIPPn><sln:gmIIPWersja>2012-09-26T22:52:06+02:00</sln:gmIIPWersja><sln:gmIdTeryt>1410062</sln:gmIdTeryt><sln:gmNazwa>Stara Kornica</sln:gmNazwa><sln:miejscIIPId>015dff27-125d-402f-a98f-6600d2663bb6</sln:miejscIIPId><sln:miejscIIPPn>PL.PZGIK.200</sln:miejscIIPPn><sln:miejscIIPWersja>2016-11-24T13:58:41+02:00</sln:miejscIIPWersja><sln:miejscIdTeryt>0020416</sln:miejscIdTeryt><sln:miejscNazwa>Wygon</sln:miejscNazwa><sln:miejscRodzaj>Inny obiekt</sln:miejscRodzaj><sln:powIIPId>b83d7094-60a3-460b-b308-f7ec80abb622</sln:powIIPId><sln:powIIPPn>PL.PZGIK.200</sln:powIIPPn><sln:powIIPWersja>2012-09-27T08:13:53+02:00</sln:powIIPWersja><sln:powIdTeryt>1410</sln:powIdTeryt><sln:powNazwa>łosicki</sln:powNazwa><sln:wojIIPId>4b6c492a-eb04-441d-a92a-f44359c06de7</sln:wojIIPId><sln:wojIIPPn>PL.PZGIK.200</sln:wojIIPPn><sln:wojIIPWersja>2012-09-27T13:45:13+02:00</sln:wojIIPWersja><sln:wojIdTeryt>14</sln:wojIdTeryt><sln:wojNazwa>mazowieckie</sln:wojNazwa></sln:miejscowosc><sln:miejscowosc><sln:cyklZyciaDo>2016-11-26T00:00:00+01:00</sln:cyklZyciaDo><sln:cyklZyciaOd>2014-09-25T00:00:00+02:00</sln:cyklZyciaOd><sln:gmIIPId>4f1d0c18-4e2f-4cfc-9831-fcee0121883d</sln:gmIIPId><sln:gmIIPPn>PL.PZGIK.200</sln:gmIIPPn><sln:gmIIPWersja>2012-09-26T22:52:06+02:00</sln:gmIIPWersja><sln:gmIdTeryt>1410062</sln:gmIdTeryt><sln:gmNazwa>Stara Kornica</sln:gmNazwa><sln:miejscIIPId>dd23b977-2d67-40ad-98d0-3279edc873e2</sln:miejscIIPId><sln:miejscIIPPn>PL.PZGIK.200</sln:miejscIIPPn><sln:miejscIIPWersja>2016-11-24T13:33:59+02:00</sln:miejscIIPWersja><sln:miejscIdTeryt>0020600</sln:miejscIdTeryt><sln:miejscNazwa>Wyrzyki</sln:miejscNazwa><sln:miejscRodzaj>Wieś</sln:miejscRodzaj><sln:powIIPId>b83d7094-60a3-460b-b308-f7ec80abb622</sln:powIIPId><sln:powIIPPn>PL.PZGIK.200</sln:powIIPPn><sln:powIIPWersja>2012-09-27T08:13:53+02:00</sln:powIIPWersja><sln:powIdTeryt>1410</sln:powIdTeryt><sln:powNazwa>łosicki</sln:powNazwa><sln:wojIIPId>4b6c492a-eb04-441d-a92a-f44359c06de7</sln:wojIIPId><sln:wojIIPPn>PL.PZGIK.200</sln:wojIIPPn><sln:wojIIPWersja>2012-09-27T13:45:13+02:00</sln:wojIIPWersja><sln:wojIdTeryt>14</sln:wojIdTeryt><sln:wojNazwa>mazowieckie</sln:wojNazwa></sln:miejscowosc><sln:miejscowosc><sln:cyklZyciaDo>2016-11-26T00:00:00+01:00</sln:cyklZyciaDo><sln:cyklZyciaOd>2014-09-25T00:00:00+02:00</sln:cyklZyciaOd><sln:gmIIPId>4f1d0c18-4e2f-4cfc-9831-fcee0121883d</sln:gmIIPId><sln:gmIIPPn>PL.PZGIK.200</sln:gmIIPPn><sln:gmIIPWersja>2012-09-26T22:52:06+02:00</sln:gmIIPWersja><sln:gmIdTeryt>1410062</sln:gmIdTeryt><sln:gmNazwa>Stara Kornica</sln:gmNazwa><sln:miejscIIPId>f5a4e46e-adc6-40c5-816a-0886f9d74bde</sln:miejscIIPId><sln:miejscIIPPn>PL.PZGIK.200</sln:miejscIIPPn><sln:miejscIIPWersja>2016-11-24T13:28:47+02:00</sln:miejscIIPWersja><sln:miejscIdTeryt>0020439</sln:miejscIdTeryt><sln:miejscNazwa>Popławy</sln:miejscNazwa><sln:miejscRodzaj>Wieś</sln:miejscRodzaj><sln:powIIPId>b83d7094-60a3-460b-b308-f7ec80abb622</sln:powIIPId><sln:powIIPPn>PL.PZGIK.200</sln:powIIPPn><sln:powIIPWersja>2012-09-27T08:13:53+02:00</sln:powIIPWersja><sln:powIdTeryt>1410</sln:powIdTeryt><sln:powNazwa>łosicki</sln:powNazwa><sln:wojIIPId>4b6c492a-eb04-441d-a92a-f44359c06de7</sln:wojIIPId><sln:wojIIPPn>PL.PZGIK.200</sln:wojIIPPn><sln:wojIIPWersja>2012-09-27T13:45:13+02:00</sln:wojIIPWersja><sln:wojIdTeryt>14</sln:wojIdTeryt><sln:wojNazwa>mazowieckie</sln:wojNazwa></sln:miejscowosc><sln:miejscowosc><sln:cyklZyciaDo>2016-11-26T00:00:00+01:00</sln:cyklZyciaDo><sln:cyklZyciaOd>2014-09-25T00:00:00+02:00</sln:cyklZyciaOd><sln:gmIIPId>4f1d0c18-4e2f-4cfc-9831-fcee0121883d</sln:gmIIPId><sln:gmIIPPn>PL.PZGIK.200</sln:gmIIPPn><sln:gmIIPWersja>2012-09-26T22:52:06+02:00</sln:gmIIPWersja><sln:gmIdTeryt>1410062</sln:gmIdTeryt><sln:gmNazwa>Stara Kornica</sln:gmNazwa><sln:miejscIIPId>17745282-e486-4b60-ae8c-2e3edf11c8b7</sln:miejscIIPId><sln:miejscIIPPn>PL.PZGIK.200</sln:miejscIIPPn><sln:miejscIIPWersja>2016-11-24T13:32:53+02:00</sln:miejscIIPWersja><sln:miejscIdTeryt>0020505</sln:miejscIdTeryt><sln:miejscNazwa>Walim</sln:miejscNazwa><sln:miejscRodzaj>Wieś</sln:miejscRodzaj><sln:powIIPId>b83d7094-60a3-460b-b308-f7ec80abb622</sln:powIIPId><sln:powIIPPn>PL.PZGIK.200</sln:powIIPPn><sln:powIIPWersja>2012-09-27T08:13:53+02:00</sln:powIIPWersja><sln:powIdTeryt>1410</sln:powIdTeryt><sln:powNazwa>łosicki</sln:powNazwa><sln:wojIIPId>4b6c492a-eb04-441d-a92a-f44359c06de7</sln:wojIIPId><sln:wojIIPPn>PL.PZGIK.200</sln:wojIIPPn><sln:wojIIPWersja>2012-09-27T13:45:13+02:00</sln:wojIIPWersja><sln:wojIdTeryt>14</sln:wojIdTeryt><sln:wojNazwa>mazowieckie</sln:wojNazwa></sln:miejscowosc><sln:miejscowosc><sln:cyklZyciaDo>2016-11-26T00:00:00+01:00</sln:cyklZyciaDo><sln:cyklZyciaOd>2014-09-25T00:00:00+02:00</sln:cyklZyciaOd><sln:gmIIPId>4f1d0c18-4e2f-4cfc-9831-fcee0121883d</sln:gmIIPId><sln:gmIIPPn>PL.PZGIK.200</sln:gmIIPPn><sln:gmIIPWersja>2012-09-26T22:52:06+02:00</sln:gmIIPWersja><sln:gmIdTeryt>1410062</sln:gmIdTeryt><sln:gmNazwa>Stara Kornica</sln:gmNazwa><sln:miejscIIPId>5ae8937b-e9b4-4fd7-ab7b-0b95e8d0af14</sln:miejscIIPId><sln:miejscIIPPn>PL.PZGIK.200</sln:miejscIIPPn><sln:miejscIIPWersja>2016-11-24T13:50:43+02:00</sln:miejscIIPWersja><sln:miejscIdTeryt>0020592</sln:miejscIdTeryt><sln:miejscNazwa>Malinowo</sln:miejscNazwa><sln:miejscRodzaj>Inny obiekt</sln:miejscRodzaj><sln:powIIPId>b83d7094-60a3-460b-b308-f7ec80abb622</sln:powIIPId><sln:powIIPPn>PL.PZGIK.200</sln:powIIPPn><sln:powIIPWersja>2012-09-27T08:13:53+02:00</sln:powIIPWersja><sln:powIdTeryt>1410</sln:powIdTeryt><sln:powNazwa>łosicki</sln:powNazwa><sln:wojIIPId>4b6c492a-eb04-441d-a92a-f44359c06de7</sln:wojIIPId><sln:wojIIPPn>PL.PZGIK.200</sln:wojIIPPn><sln:wojIIPWersja>2012-09-27T13:45:13+02:00</sln:wojIIPWersja><sln:wojIdTeryt>14</sln:wojIdTeryt><sln:wojNazwa>mazowieckie</sln:wojNazwa></sln:miejscowosc><sln:miejscowosc><sln:cyklZyciaDo>2016-11-26T00:00:00+01:00</sln:cyklZyciaDo><sln:cyklZyciaOd>2014-09-25T00:00:00+02:00</sln:cyklZyciaOd><sln:gmIIPId>4f1d0c18-4e2f-4cfc-9831-fcee0121883d</sln:gmIIPId><sln:gmIIPPn>PL.PZGIK.200</sln:gmIIPPn><sln:gmIIPWersja>2012-09-26T22:52:06+02:00</sln:gmIIPWersja><sln:gmIdTeryt>1410062</sln:gmIdTeryt><sln:gmNazwa>Stara Kornica</sln:gmNazwa><sln:miejscIIPId>b2bba7e7-67b8-42a5-adc6-b60989e628e0</sln:miejscIIPId><sln:miejscIIPPn>PL.PZGIK.200</sln:miejscIIPPn><sln:miejscIIPWersja>2016-11-24T13:50:41+02:00</sln:miejscIIPWersja><sln:miejscIdTeryt>0020570</sln:miejscIdTeryt><sln:miejscNazwa>Wólka Nosowska-Kolonia</sln:miejscNazwa><sln:miejscRodzaj>Inny obiekt</sln:miejscRodzaj><sln:powIIPId>b83d7094-60a3-460b-b308-f7ec80abb622</sln:powIIPId><sln:powIIPPn>PL.PZGIK.200</sln:powIIPPn><sln:powIIPWersja>2012-09-27T08:13:53+02:00</sln:powIIPWersja><sln:powIdTeryt>1410</sln:powIdTeryt><sln:powNazwa>łosicki</sln:powNazwa><sln:wojIIPId>4b6c492a-eb04-441d-a92a-f44359c06de7</sln:wojIIPId><sln:wojIIPPn>PL.PZGIK.200</sln:wojIIPPn><sln:wojIIPWersja>2012-09-27T13:45:13+02:00</sln:wojIIPWersja><sln:wojIdTeryt>14</sln:wojIdTeryt><sln:wojNazwa>mazowieckie</sln:wojNazwa></sln:miejscowosc><sln:miejscowosc><sln:cyklZyciaDo>2016-11-26T00:00:00+01:00</sln:cyklZyciaDo><sln:cyklZyciaOd>2014-09-25T00:00:00+02:00</sln:cyklZyciaOd><sln:gmIIPId>4f1d0c18-4e2f-4cfc-9831-fcee0121883d</sln:gmIIPId><sln:gmIIPPn>PL.PZGIK.200</sln:gmIIPPn><sln:gmIIPWersja>2012-09-26T22:52:06+02:00</sln:gmIIPWersja><sln:gmIdTeryt>1410062</sln:gmIdTeryt><sln:gmNazwa>Stara Kornica</sln:gmNazwa><sln:miejscIIPId>a163f6b2-90d9-4eee-870e-99e143138097</sln:miejscIIPId><sln:miejscIIPPn>PL.PZGIK.200</sln:miejscIIPPn><sln:miejscIIPWersja>2016-11-24T13:28:54+02:00</sln:miejscIIPWersja><sln:miejscIdTeryt>4000140</sln:miejscIdTeryt><sln:miejscNazwa>Pólko</sln:miejscNazwa><sln:miejscRodzaj>Inny obiekt</sln:miejscRodzaj><sln:powIIPId>b83d7094-60a3-460b-b308-f7ec80abb622</sln:powIIPId><sln:powIIPPn>PL.PZGIK.200</sln:powIIPPn><sln:powIIPWersja>2012-09-27T08:13:53+02:00</sln:powIIPWersja><sln:powIdTeryt>1410</sln:powIdTeryt><sln:powNazwa>łosicki</sln:powNazwa><sln:wojIIPId>4b6c492a-eb04-441d-a92a-f44359c06de7</sln:wojIIPId><sln:wojIIPPn>PL.PZGIK.200</sln:wojIIPPn><sln:wojIIPWersja>2012-09-27T13:45:13+02:00</sln:wojIIPWersja><sln:wojIdTeryt>14</sln:wojIdTeryt><sln:wojNazwa>mazowieckie</sln:wojNazwa></sln:miejscowosc><sln:miejscowosc><sln:cyklZyciaDo>2016-11-26T00:00:00+01:00</sln:cyklZyciaDo><sln:cyklZyciaOd>2014-09-25T00:00:00+02:00</sln:cyklZyciaOd><sln:gmIIPId>4f1d0c18-4e2f-4cfc-9831-fcee0121883d</sln:gmIIPId><sln:gmIIPPn>PL.PZGIK.200</sln:gmIIPPn><sln:gmIIPWersja>2012-09-26T22:52:06+02:00</sln:gmIIPWersja><sln:gmIdTeryt>1410062</sln:gmIdTeryt><sln:gmNazwa>Stara Kornica</sln:gmNazwa><sln:miejscIIPId>2000e9b1-2b1d-4349-b66e-36de746f5034</sln:miejscIIPId><sln:miejscIIPPn>PL.PZGIK.200</sln:miejscIIPPn><sln:miejscIIPWersja>2016-11-24T13:50:41+02:00</sln:miejscIIPWersja><sln:miejscIdTeryt>0020540</sln:miejscIdTeryt><sln:miejscNazwa>Mazury</sln:miejscNazwa><sln:miejscRodzaj>Inny obiekt</sln:miejscRodzaj><sln:powIIPId>b83d7094-60a3-460b-b308-f7ec80abb622</sln:powIIPId><sln:powIIPPn>PL.PZGIK.200</sln:powIIPPn><sln:powIIPWersja>2012-09-27T08:13:53+02:00</sln:powIIPWersja><sln:powIdTeryt>1410</sln:powIdTeryt><sln:powNazwa>łosicki</sln:powNazwa><sln:wojIIPId>4b6c492a-eb04-441d-a92a-f44359c06de7</sln:wojIIPId><sln:wojIIPPn>PL.PZGIK.200</sln:wojIIPPn><sln:wojIIPWersja>2012-09-27T13:45:13+02:00</sln:wojIIPWersja><sln:wojIdTeryt>14</sln:wojIdTeryt><sln:wojNazwa>mazowieckie</sln:wojNazwa></sln:miejscowosc><sln:miejscowosc><sln:cyklZyciaDo>2016-11-26T00:00:00+01:00</sln:cyklZyciaDo><sln:cyklZyciaOd>2014-09-25T00:00:00+02:00</sln:cyklZyciaOd><sln:gmIIPId>4f1d0c18-4e2f-4cfc-9831-fcee0121883d</sln:gmIIPId><sln:gmIIPPn>PL.PZGIK.200</sln:gmIIPPn><sln:gmIIPWersja>2012-09-26T22:52:06+02:00</sln:gmIIPWersja><sln:gmIdTeryt>1410062</sln:gmIdTeryt><sln:gmNazwa>Stara Kornica</sln:gmNazwa><sln:miejscIIPId>19e03f82-eb54-4367-8fe5-71e9f1abcff8</sln:miejscIIPId><sln:miejscIIPPn>PL.PZGIK.200</sln:miejscIIPPn><sln:miejscIIPWersja>2016-11-24T13:30:01+02:00</sln:miejscIIPWersja><sln:miejscIdTeryt>0020445</sln:miejscIdTeryt><sln:miejscNazwa>Rudka</sln:miejscNazwa><sln:miejscRodzaj>Wieś</sln:miejscRodzaj><sln:powIIPId>b83d7094-60a3-460b-b308-f7ec80abb622</sln:powIIPId><sln:powIIPPn>PL.PZGIK.200</sln:powIIPPn><sln:powIIPWersja>2012-09-27T08:13:53+02:00</sln:powIIPWersja><sln:powIdTeryt>1410</sln:powIdTeryt><sln:powNazwa>łosicki</sln:powNazwa><sln:wojIIPId>4b6c492a-eb04-441d-a92a-f44359c06de7</sln:wojIIPId><sln:wojIIPPn>PL.PZGIK.200</sln:wojIIPPn><sln:wojIIPWersja>2012-09-27T13:45:13+02:00</sln:wojIIPWersja><sln:wojIdTeryt>14</sln:wojIdTeryt><sln:wojNazwa>mazowieckie</sln:wojNazwa></sln:miejscowosc><sln:miejscowosc><sln:cyklZyciaDo>2016-11-26T00:00:00+01:00</sln:cyklZyciaDo><sln:cyklZyciaOd>2014-09-25T00:00:00+02:00</sln:cyklZyciaOd><sln:gmIIPId>4f1d0c18-4e2f-4cfc-9831-fcee0121883d</sln:gmIIPId><sln:gmIIPPn>PL.PZGIK.200</sln:gmIIPPn><sln:gmIIPWersja>2012-09-26T22:52:06+02:00</sln:gmIIPWersja><sln:gmIdTeryt>1410062</sln:gmIdTeryt><sln:gmNazwa>Stara Kornica</sln:gmNazwa><sln:miejscIIPId>8d52827e-0ef0-4f11-a1d8-e9c8d7a788fe</sln:miejscIIPId><sln:miejscIIPPn>PL.PZGIK.200</sln:miejscIIPPn><sln:miejscIIPWersja>2016-11-24T13:39:34+02:00</sln:miejscIIPWersja><sln:miejscIdTeryt>0020310</sln:miejscIdTeryt><sln:miejscNazwa>Kobylany</sln:miejscNazwa><sln:miejscRodzaj>Wieś</sln:miejscRodzaj><sln:powIIPId>b83d7094-60a3-460b-b308-f7ec80abb622</sln:powIIPId><sln:powIIPPn>PL.PZGIK.200</sln:powIIPPn><sln:powIIPWersja>2012-09-27T08:13:53+02:00</sln:powIIPWersja><sln:powIdTeryt>1410</sln:powIdTeryt><sln:powNazwa>łosicki</sln:powNazwa><sln:wojIIPId>4b6c492a-eb04-441d-a92a-f44359c06de7</sln:wojIIPId><sln:wojIIPPn>PL.PZGIK.200</sln:wojIIPPn><sln:wojIIPWersja>2012-09-27T13:45:13+02:00</sln:wojIIPWersja><sln:wojIdTeryt>14</sln:wojIdTeryt><sln:wojNazwa>mazowieckie</sln:wojNazwa></sln:miejscowosc><sln:miejscowosc><sln:cyklZyciaDo>2016-11-26T00:00:00+01:00</sln:cyklZyciaDo><sln:cyklZyciaOd>2014-09-25T00:00:00+02:00</sln:cyklZyciaOd><sln:gmIIPId>4f1d0c18-4e2f-4cfc-9831-fcee0121883d</sln:gmIIPId><sln:gmIIPPn>PL.PZGIK.200</sln:gmIIPPn><sln:gmIIPWersja>2012-09-26T22:52:06+02:00</sln:gmIIPWersja><sln:gmIdTeryt>1410062</sln:gmIdTeryt><sln:gmNazwa>Stara Kornica</sln:gmNazwa><sln:miejscIIPId>cd9704af-a220-4e46-bd5d-0a10686bdf58</sln:miejscIIPId><sln:miejscIIPPn>PL.PZGIK.200</sln:miejscIIPPn><sln:miejscIIPWersja>2016-11-24T13:43:27+02:00</sln:miejscIIPWersja><sln:miejscIdTeryt>0020422</sln:miejscIdTeryt><sln:miejscNazwa>Nowe Szpaki</sln:miejscNazwa><sln:miejscRodzaj>Wieś</sln:miejscRodzaj><sln:powIIPId>b83d7094-60a3-460b-b308-f7ec80abb622</sln:powIIPId><sln:powIIPPn>PL.PZGIK.200</sln:powIIPPn><sln:powIIPWersja>2012-09-27T08:13:53+02:00</sln:powIIPWersja><sln:powIdTeryt>1410</sln:powIdTeryt><sln:powNazwa>łosicki</sln:powNazwa><sln:wojIIPId>4b6c492a-eb04-441d-a92a-f44359c06de7</sln:wojIIPId><sln:wojIIPPn>PL.PZGIK.200</sln:wojIIPPn><sln:wojIIPWersja>2012-09-27T13:45:13+02:00</sln:wojIIPWersja><sln:wojIdTeryt>14</sln:wojIdTeryt><sln:wojNazwa>mazowieckie</sln:wojNazwa></sln:miejscowosc><sln:miejscowosc><sln:cyklZyciaOd>2016-11-26T00:00:00+01:00</sln:cyklZyciaOd><sln:gmIIPId>4f1d0c18-4e2f-4cfc-9831-fcee0121883d</sln:gmIIPId><sln:gmIIPPn>PL.PZGIK.200</sln:gmIIPPn><sln:gmIIPWersja>2012-09-26T22:52:06+02:00</sln:gmIIPWersja><sln:gmIdTeryt>1410062</sln:gmIdTeryt><sln:gmNazwa>Stara Kornica</sln:gmNazwa><sln:miejscIIPId>f5a4e46e-adc6-40c5-816a-0886f9d74bde</sln:miejscIIPId><sln:miejscIIPPn>PL.PZGIK.200</sln:miejscIIPPn><sln:miejscIIPWersja>2016-11-26T14:25:47+02:00</sln:miejscIIPWersja><sln:miejscIdTeryt>0020439</sln:miejscIdTeryt><sln:miejscNazwa>Popławy</sln:miejscNazwa><sln:miejscRodzaj>Wieś</sln:miejscRodzaj><sln:powIIPId>b83d7094-60a3-460b-b308-f7ec80abb622</sln:powIIPId><sln:powIIPPn>PL.PZGIK.200</sln:powIIPPn><sln:powIIPWersja>2012-09-27T08:13:53+02:00</sln:powIIPWersja><sln:powIdTeryt>1410</sln:powIdTeryt><sln:powNazwa>łosicki</sln:powNazwa><sln:wojIIPId>4b6c492a-eb04-441d-a92a-f44359c06de7</sln:wojIIPId><sln:wojIIPPn>PL.PZGIK.200</sln:wojIIPPn><sln:wojIIPWersja>2012-09-27T13:45:13+02:00</sln:wojIIPWersja><sln:wojIdTeryt>14</sln:wojIdTeryt><sln:wojNazwa>mazowieckie</sln:wojNazwa></sln:miejscowosc><sln:miejscowosc><sln:cyklZyciaOd>2016-11-26T00:00:00+01:00</sln:cyklZyciaOd><sln:gmIIPId>4f1d0c18-4e2f-4cfc-9831-fcee0121883d</sln:gmIIPId><sln:gmIIPPn>PL.PZGIK.200</sln:gmIIPPn><sln:gmIIPWersja>2012-09-26T22:52:06+02:00</sln:gmIIPWersja><sln:gmIdTeryt>1410062</sln:gmIdTeryt><sln:gmNazwa>Stara Kornica</sln:gmNazwa><sln:miejscIIPId>19e03f82-eb54-4367-8fe5-71e9f1abcff8</sln:miejscIIPId><sln:miejscIIPPn>PL.PZGIK.200</sln:miejscIIPPn><sln:miejscIIPWersja>2016-11-26T14:25:53+02:00</sln:miejscIIPWersja><sln:miejscIdTeryt>0020445</sln:miejscIdTeryt><sln:miejscNazwa>Rudka</sln:miejscNazwa><sln:miejscRodzaj>Wieś</sln:miejscRodzaj><sln:powIIPId>b83d7094-60a3-460b-b308-f7ec80abb622</sln:powIIPId><sln:powIIPPn>PL.PZGIK.200</sln:powIIPPn><sln:powIIPWersja>2012-09-27T08:13:53+02:00</sln:powIIPWersja><sln:powIdTeryt>1410</sln:powIdTeryt><sln:powNazwa>łosicki</sln:powNazwa><sln:wojIIPId>4b6c492a-eb04-441d-a92a-f44359c06de7</sln:wojIIPId><sln:wojIIPPn>PL.PZGIK.200</sln:wojIIPPn><sln:wojIIPWersja>2012-09-27T13:45:13+02:00</sln:wojIIPWersja><sln:wojIdTeryt>14</sln:wojIdTeryt><sln:wojNazwa>mazowieckie</sln:wojNazwa></sln:miejscowosc><sln:miejscowosc><sln:cyklZyciaOd>2016-11-26T00:00:00+01:00</sln:cyklZyciaOd><sln:gmIIPId>4f1d0c18-4e2f-4cfc-9831-fcee0121883d</sln:gmIIPId><sln:gmIIPPn>PL.PZGIK.200</sln:gmIIPPn><sln:gmIIPWersja>2012-09-26T22:52:06+02:00</sln:gmIIPWersja><sln:gmIdTeryt>1410062</sln:gmIdTeryt><sln:gmNazwa>Stara Kornica</sln:gmNazwa><sln:miejscIIPId>b3538d5a-8849-430b-ad39-21815af15ea1</sln:miejscIIPId><sln:miejscIIPPn>PL.PZGIK.200</sln:miejscIIPPn><sln:miejscIIPWersja>2016-11-26T14:25:53+02:00</sln:miejscIIPWersja><sln:miejscIdTeryt>0020451</sln:miejscIdTeryt><sln:miejscNazwa>Stara Kornica</sln:miejscNazwa><sln:miejscRodzaj>Wieś</sln:miejscRodzaj><sln:powIIPId>b83d7094-60a3-460b-b308-f7ec80abb622</sln:powIIPId><sln:powIIPPn>PL.PZGIK.200</sln:powIIPPn><sln:powIIPWersja>2012-09-27T08:13:53+02:00</sln:powIIPWersja><sln:powIdTeryt>1410</sln:powIdTeryt><sln:powNazwa>łosicki</sln:powNazwa><sln:wojIIPId>4b6c492a-eb04-441d-a92a-f44359c06de7</sln:wojIIPId><sln:wojIIPPn>PL.PZGIK.200</sln:wojIIPPn><sln:wojIIPWersja>2012-09-27T13:45:13+02:00</sln:wojIIPWersja><sln:wojIdTeryt>14</sln:wojIdTeryt><sln:wojNazwa>mazowieckie</sln:wojNazwa></sln:miejscowosc><sln:miejscowosc><sln:cyklZyciaOd>2016-11-26T00:00:00+01:00</sln:cyklZyciaOd><sln:gmIIPId>4f1d0c18-4e2f-4cfc-9831-fcee0121883d</sln:gmIIPId><sln:gmIIPPn>PL.PZGIK.200</sln:gmIIPPn><sln:gmIIPWersja>2012-09-26T22:52:06+02:00</sln:gmIIPWersja><sln:gmIdTeryt>1410062</sln:gmIdTeryt><sln:gmNazwa>Stara Kornica</sln:gmNazwa><sln:miejscIIPId>b8dbe967-ed8a-4592-957d-7f1d5fdd3469</sln:miejscIIPId><sln:miejscIIPPn>PL.PZGIK.200</sln:miejscIIPPn><sln:miejscIIPWersja>2016-11-26T14:25:53+02:00</sln:miejscIIPWersja><sln:miejscIdTeryt>0020480</sln:miejscIdTeryt><sln:miejscNazwa>Stare Szpaki</sln:miejscNazwa><sln:miejscRodzaj>Wieś</sln:miejscRodzaj><sln:powIIPId>b83d7094-60a3-460b-b308-f7ec80abb622</sln:powIIPId><sln:powIIPPn>PL.PZGIK.200</sln:powIIPPn><sln:powIIPWersja>2012-09-27T08:13:53+02:00</sln:powIIPWersja><sln:powIdTeryt>1410</sln:powIdTeryt><sln:powNazwa>łosicki</sln:powNazwa><sln:wojIIPId>4b6c492a-eb04-441d-a92a-f44359c06de7</sln:wojIIPId><sln:wojIIPPn>PL.PZGIK.200</sln:wojIIPPn><sln:wojIIPWersja>2012-09-27T13:45:13+02:00</sln:wojIIPWersja><sln:wojIdTeryt>14</sln:wojIdTeryt><sln:wojNazwa>mazowieckie</sln:wojNazwa></sln:miejscowosc><sln:miejscowosc><sln:cyklZyciaOd>2016-11-26T00:00:00+01:00</sln:cyklZyciaOd><sln:gmIIPId>4f1d0c18-4e2f-4cfc-9831-fcee0121883d</sln:gmIIPId><sln:gmIIPPn>PL.PZGIK.200</sln:gmIIPPn><sln:gmIIPWersja>2012-09-26T22:52:06+02:00</sln:gmIIPWersja><sln:gmIdTeryt>1410062</sln:gmIdTeryt><sln:gmNazwa>Stara Kornica</sln:gmNazwa><sln:miejscIIPId>151515a7-9d83-4253-960a-338298cefa99</sln:miejscIIPId><sln:miejscIIPPn>PL.PZGIK.200</sln:miejscIIPPn><sln:miejscIIPWersja>2016-11-26T14:25:53+02:00</sln:miejscIIPWersja><sln:miejscIdTeryt>0020497</sln:miejscIdTeryt><sln:miejscNazwa>Szpaki-Kolonia</sln:miejscNazwa><sln:miejscRodzaj>Wieś</sln:miejscRodzaj><sln:powIIPId>b83d7094-60a3-460b-b308-f7ec80abb622</sln:powIIPId><sln:powIIPPn>PL.PZGIK.200</sln:powIIPPn><sln:powIIPWersja>2012-09-27T08:13:53+02:00</sln:powIIPWersja><sln:powIdTeryt>1410</sln:powIdTeryt><sln:powNazwa>łosicki</sln:powNazwa><sln:wojIIPId>4b6c492a-eb04-441d-a92a-f44359c06de7</sln:wojIIPId><sln:wojIIPPn>PL.PZGIK.200</sln:wojIIPPn><sln:wojIIPWersja>2012-09-27T13:45:13+02:00</sln:wojIIPWersja><sln:wojIdTeryt>14</sln:wojIdTeryt><sln:wojNazwa>mazowieckie</sln:wojNazwa></sln:miejscowosc><sln:miejscowosc><sln:cyklZyciaOd>2016-11-26T00:00:00+01:00</sln:cyklZyciaOd><sln:gmIIPId>4f1d0c18-4e2f-4cfc-9831-fcee0121883d</sln:gmIIPId><sln:gmIIPPn>PL.PZGIK.200</sln:gmIIPPn><sln:gmIIPWersja>2012-09-26T22:52:06+02:00</sln:gmIIPWersja><sln:gmIdTeryt>1410062</sln:gmIdTeryt><sln:gmNazwa>Stara Kornica</sln:gmNazwa><sln:miejscIIPId>17745282-e486-4b60-ae8c-2e3edf11c8b7</sln:miejscIIPId><sln:miejscIIPPn>PL.PZGIK.200</sln:miejscIIPPn><sln:miejscIIPWersja>2016-11-26T14:25:53+02:00</sln:miejscIIPWersja><sln:miejscIdTeryt>0020505</sln:miejscIdTeryt><sln:miejscNazwa>Walim</sln:miejscNazwa><sln:miejscRodzaj>Wieś</sln:miejscRodzaj><sln:powIIPId>b83d7094-60a3-460b-b308-f7ec80abb622</sln:powIIPId><sln:powIIPPn>PL.PZGIK.200</sln:powIIPPn><sln:powIIPWersja>2012-09-27T08:13:53+02:00</sln:powIIPWersja><sln:powIdTeryt>1410</sln:powIdTeryt><sln:powNazwa>łosicki</sln:powNazwa><sln:wojIIPId>4b6c492a-eb04-441d-a92a-f44359c06de7</sln:wojIIPId><sln:wojIIPPn>PL.PZGIK.200</sln:wojIIPPn><sln:wojIIPWersja>2012-09-27T13:45:13+02:00</sln:wojIIPWersja><sln:wojIdTeryt>14</sln:wojIdTeryt><sln:wojNazwa>mazowieckie</sln:wojNazwa></sln:miejscowosc><sln:miejscowosc><sln:cyklZyciaOd>2016-11-26T00:00:00+01:00</sln:cyklZyciaOd><sln:gmIIPId>4f1d0c18-4e2f-4cfc-9831-fcee0121883d</sln:gmIIPId><sln:gmIIPPn>PL.PZGIK.200</sln:gmIIPPn><sln:gmIIPWersja>2012-09-26T22:52:06+02:00</sln:gmIIPWersja><sln:gmIdTeryt>1410062</sln:gmIdTeryt><sln:gmNazwa>Stara Kornica</sln:gmNazwa><sln:miejscIIPId>ea622375-f29b-4e61-bedc-82a6d659ff3e</sln:miejscIIPId><sln:miejscIIPPn>PL.PZGIK.200</sln:miejscIIPPn><sln:miejscIIPWersja>2016-11-26T14:25:53+02:00</sln:miejscIIPWersja><sln:miejscIdTeryt>0020534</sln:miejscIdTeryt><sln:miejscNazwa>Wólka Nosowska</sln:miejscNazwa><sln:miejscRodzaj>Wieś</sln:miejscRodzaj><sln:powIIPId>b83d7094-60a3-460b-b308-f7ec80abb622</sln:powIIPId><sln:powIIPPn>PL.PZGIK.200</sln:powIIPPn><sln:powIIPWersja>2012-09-27T08:13:53+02:00</sln:powIIPWersja><sln:powIdTeryt>1410</sln:powIdTeryt><sln:powNazwa>łosicki</sln:powNazwa><sln:wojIIPId>4b6c492a-eb04-441d-a92a-f44359c06de7</sln:wojIIPId><sln:wojIIPPn>PL.PZGIK.200</sln:wojIIPPn><sln:wojIIPWersja>2012-09-27T13:45:13+02:00</sln:wojIIPWersja><sln:wojIdTeryt>14</sln:wojIdTeryt><sln:wojNazwa>mazowieckie</sln:wojNazwa></sln:miejscowosc><sln:miejscowosc><sln:cyklZyciaOd>2016-11-26T00:00:00+01:00</sln:cyklZyciaOd><sln:gmIIPId>4f1d0c18-4e2f-4cfc-9831-fcee0121883d</sln:gmIIPId><sln:gmIIPPn>PL.PZGIK.200</sln:gmIIPPn><sln:gmIIPWersja>2012-09-26T22:52:06+02:00</sln:gmIIPWersja><sln:gmIdTeryt>1410062</sln:gmIdTeryt><sln:gmNazwa>Stara Kornica</sln:gmNazwa><sln:miejscIIPId>8756bf38-94d2-4ecc-9b4b-bc78bde8ca5b</sln:miejscIIPId><sln:miejscIIPPn>PL.PZGIK.200</sln:miejscIIPPn><sln:miejscIIPWersja>2016-11-26T14:25:53+02:00</sln:miejscIIPWersja><sln:miejscIdTeryt>0020586</sln:miejscIdTeryt><sln:miejscNazwa>Wygnanki</sln:miejscNazwa><sln:miejscRodzaj>Wieś</sln:miejscRodzaj><sln:powIIPId>b83d7094-60a3-460b-b308-f7ec80abb622</sln:powIIPId><sln:powIIPPn>PL.PZGIK.200</sln:powIIPPn><sln:powIIPWersja>2012-09-27T08:13:53+02:00</sln:powIIPWersja><sln:powIdTeryt>1410</sln:powIdTeryt><sln:powNazwa>łosicki</sln:powNazwa><sln:wojIIPId>4b6c492a-eb04-441d-a92a-f44359c06de7</sln:wojIIPId><sln:wojIIPPn>PL.PZGIK.200</sln:wojIIPPn><sln:wojIIPWersja>2012-09-27T13:45:13+02:00</sln:wojIIPWersja><sln:wojIdTeryt>14</sln:wojIdTeryt><sln:wojNazwa>mazowieckie</sln:wojNazwa></sln:miejscowosc><sln:miejscowosc><sln:cyklZyciaOd>2016-11-26T00:00:00+01:00</sln:cyklZyciaOd><sln:gmIIPId>4f1d0c18-4e2f-4cfc-9831-fcee0121883d</sln:gmIIPId><sln:gmIIPPn>PL.PZGIK.200</sln:gmIIPPn><sln:gmIIPWersja>2012-09-26T22:52:06+02:00</sln:gmIIPWersja><sln:gmIdTeryt>1410062</sln:gmIdTeryt><sln:gmNazwa>Stara Kornica</sln:gmNazwa><sln:miejscIIPId>dd23b977-2d67-40ad-98d0-3279edc873e2</sln:miejscIIPId><sln:miejscIIPPn>PL.PZGIK.200</sln:miejscIIPPn><sln:miejscIIPWersja>2016-11-26T14:25:53+02:00</sln:miejscIIPWersja><sln:miejscIdTeryt>0020600</sln:miejscIdTeryt><sln:miejscNazwa>Wyrzyki</sln:miejscNazwa><sln:miejscRodzaj>Wieś</sln:miejscRodzaj><sln:powIIPId>b83d7094-60a3-460b-b308-f7ec80abb622</sln:powIIPId><sln:powIIPPn>PL.PZGIK.200</sln:powIIPPn><sln:powIIPWersja>2012-09-27T08:13:53+02:00</sln:powIIPWersja><sln:powIdTeryt>1410</sln:powIdTeryt><sln:powNazwa>łosicki</sln:powNazwa><sln:wojIIPId>4b6c492a-eb04-441d-a92a-f44359c06de7</sln:wojIIPId><sln:wojIIPPn>PL.PZGIK.200</sln:wojIIPPn><sln:wojIIPWersja>2012-09-27T13:45:13+02:00</sln:wojIIPWersja><sln:wojIdTeryt>14</sln:wojIdTeryt><sln:wojNazwa>mazowieckie</sln:wojNazwa></sln:miejscowosc><sln:miejscowosc><sln:cyklZyciaOd>2016-11-26T00:00:00+01:00</sln:cyklZyciaOd><sln:gmIIPId>4f1d0c18-4e2f-4cfc-9831-fcee0121883d</sln:gmIIPId><sln:gmIIPPn>PL.PZGIK.200</sln:gmIIPPn><sln:gmIIPWersja>2012-09-26T22:52:06+02:00</sln:gmIIPWersja><sln:gmIdTeryt>1410062</sln:gmIdTeryt><sln:gmNazwa>Stara Kornica</sln:gmNazwa><sln:miejscIIPId>77a9bdf1-35df-4746-a375-0826a5f307fa</sln:miejscIIPId><sln:miejscIIPPn>PL.PZGIK.200</sln:miejscIIPPn><sln:miejscIIPWersja>2016-11-26T14:25:53+02:00</sln:miejscIIPWersja><sln:miejscIdTeryt>0020250</sln:miejscIdTeryt><sln:miejscNazwa>Zalesie</sln:miejscNazwa><sln:miejscRodzaj>Wieś</sln:miejscRodzaj><sln:powIIPId>b83d7094-60a3-460b-b308-f7ec80abb622</sln:powIIPId><sln:powIIPPn>PL.PZGIK.200</sln:powIIPPn><sln:powIIPWersja>2012-09-27T08:13:53+02:00</sln:powIIPWersja><sln:powIdTeryt>1410</sln:powIdTeryt><sln:powNazwa>łosicki</sln:powNazwa><sln:wojIIPId>4b6c492a-eb04-441d-a92a-f44359c06de7</sln:wojIIPId><sln:wojIIPPn>PL.PZGIK.200</sln:wojIIPPn><sln:wojIIPWersja>2012-09-27T13:45:13+02:00</sln:wojIIPWersja><sln:wojIdTeryt>14</sln:wojIdTeryt><sln:wojNazwa>mazowieckie</sln:wojNazwa></sln:miejscowosc><sln:miejscowosc><sln:cyklZyciaOd>2016-11-26T00:00:00+01:00</sln:cyklZyciaOd><sln:gmIIPId>4f1d0c18-4e2f-4cfc-9831-fcee0121883d</sln:gmIIPId><sln:gmIIPPn>PL.PZGIK.200</sln:gmIIPPn><sln:gmIIPWersja>2012-09-26T22:52:06+02:00</sln:gmIIPWersja><sln:gmIdTeryt>1410062</sln:gmIdTeryt><sln:gmNazwa>Stara Kornica</sln:gmNazwa><sln:miejscIIPId>6c9df116-0e76-4c96-9e03-84f9ff5f9016</sln:miejscIIPId><sln:miejscIIPPn>PL.PZGIK.200</sln:miejscIIPPn><sln:miejscIIPWersja>2016-11-26T14:25:53+02:00</sln:miejscIIPWersja><sln:miejscIdTeryt>0020215</sln:miejscIdTeryt><sln:miejscNazwa>Czeberaki</sln:miejscNazwa><sln:miejscRodzaj>Wieś</sln:miejscRodzaj><sln:powIIPId>b83d7094-60a3-460b-b308-f7ec80abb622</sln:powIIPId><sln:powIIPPn>PL.PZGIK.200</sln:powIIPPn><sln:powIIPWersja>2012-09-27T08:13:53+02:00</sln:powIIPWersja><sln:powIdTeryt>1410</sln:powIdTeryt><sln:powNazwa>łosicki</sln:powNazwa><sln:wojIIPId>4b6c492a-eb04-441d-a92a-f44359c06de7</sln:wojIIPId><sln:wojIIPPn>PL.PZGIK.200</sln:wojIIPPn><sln:wojIIPWersja>2012-09-27T13:45:13+02:00</sln:wojIIPWersja><sln:wojIdTeryt>14</sln:wojIdTeryt><sln:wojNazwa>mazowieckie</sln:wojNazwa></sln:miejscowosc><sln:miejscowosc><sln:cyklZyciaOd>2016-11-26T00:00:00+01:00</sln:cyklZyciaOd><sln:gmIIPId>4f1d0c18-4e2f-4cfc-9831-fcee0121883d</sln:gmIIPId><sln:gmIIPPn>PL.PZGIK.200</sln:gmIIPPn><sln:gmIIPWersja>2012-09-26T22:52:06+02:00</sln:gmIIPWersja><sln:gmIdTeryt>1410062</sln:gmIdTeryt><sln:gmNazwa>Stara Kornica</sln:gmNazwa><sln:miejscIIPId>3c7b1ae3-077e-4b89-8305-d95e48a49b71</sln:miejscIIPId><sln:miejscIIPPn>PL.PZGIK.200</sln:miejscIIPPn><sln:miejscIIPWersja>2016-11-26T14:25:53+02:00</sln:miejscIIPWersja><sln:miejscIdTeryt>0020238</sln:miejscIdTeryt><sln:miejscNazwa>Dubicze</sln:miejscNazwa><sln:miejscRodzaj>Wieś</sln:miejscRodzaj><sln:powIIPId>b83d7094-60a3-460b-b308-f7ec80abb622</sln:powIIPId><sln:powIIPPn>PL.PZGIK.200</sln:powIIPPn><sln:powIIPWersja>2012-09-27T08:13:53+02:00</sln:powIIPWersja><sln:powIdTeryt>1410</sln:powIdTeryt><sln:powNazwa>łosicki</sln:powNazwa><sln:wojIIPId>4b6c492a-eb04-441d-a92a-f44359c06de7</sln:wojIIPId><sln:wojIIPPn>PL.PZGIK.200</sln:wojIIPPn><sln:wojIIPWersja>2012-09-27T13:45:13+02:00</sln:wojIIPWersja><sln:wojIdTeryt>14</sln:wojIdTeryt><sln:wojNazwa>mazowieckie</sln:wojNazwa></sln:miejscowosc><sln:miejscowosc><sln:cyklZyciaOd>2016-11-26T00:00:00+01:00</sln:cyklZyciaOd><sln:gmIIPId>4f1d0c18-4e2f-4cfc-9831-fcee0121883d</sln:gmIIPId><sln:gmIIPPn>PL.PZGIK.200</sln:gmIIPPn><sln:gmIIPWersja>2012-09-26T22:52:06+02:00</sln:gmIIPWersja><sln:gmIdTeryt>1410062</sln:gmIdTeryt><sln:gmNazwa>Stara Kornica</sln:gmNazwa><sln:miejscIIPId>7c8e8cb7-c8a9-4a4e-a5fa-7a63ac308778</sln:miejscIIPId><sln:miejscIIPPn>PL.PZGIK.200</sln:miejscIIPPn><sln:miejscIIPWersja>2016-11-26T14:25:53+02:00</sln:miejscIIPWersja><sln:miejscIdTeryt>0020267</sln:miejscIdTeryt><sln:miejscNazwa>Kazimierzów</sln:miejscNazwa><sln:miejscRodzaj>Wieś</sln:miejscRodzaj><sln:powIIPId>b83d7094-60a3-460b-b308-f7ec80abb622</sln:powIIPId><sln:powIIPPn>PL.PZGIK.200</sln:powIIPPn><sln:powIIPWersja>2012-09-27T08:13:53+02:00</sln:powIIPWersja><sln:powIdTeryt>1410</sln:powIdTeryt><sln:powNazwa>łosicki</sln:powNazwa><sln:wojIIPId>4b6c492a-eb04-441d-a92a-f44359c06de7</sln:wojIIPId><sln:wojIIPPn>PL.PZGIK.200</sln:wojIIPPn><sln:wojIIPWersja>2012-09-27T13:45:13+02:00</sln:wojIIPWersja><sln:wojIdTeryt>14</sln:wojIdTeryt><sln:wojNazwa>mazowieckie</sln:wojNazwa></sln:miejscowosc><sln:miejscowosc><sln:cyklZyciaOd>2016-11-26T00:00:00+01:00</sln:cyklZyciaOd><sln:gmIIPId>4f1d0c18-4e2f-4cfc-9831-fcee0121883d</sln:gmIIPId><sln:gmIIPPn>PL.PZGIK.200</sln:gmIIPPn><sln:gmIIPWersja>2012-09-26T22:52:06+02:00</sln:gmIIPWersja><sln:gmIdTeryt>1410062</sln:gmIdTeryt><sln:gmNazwa>Stara Kornica</sln:gmNazwa><sln:miejscIIPId>76628f0a-6d15-4482-9387-a48d106a9902</sln:miejscIIPId><sln:miejscIIPPn>PL.PZGIK.200</sln:miejscIIPPn><sln:miejscIIPWersja>2016-11-26T14:25:53+02:00</sln:miejscIIPWersja><sln:miejscIdTeryt>0020296</sln:miejscIdTeryt><sln:miejscNazwa>Kiełbaski</sln:miejscNazwa><sln:miejscRodzaj>Wieś</sln:miejscRodzaj><sln:powIIPId>b83d7094-60a3-460b-b308-f7ec80abb622</sln:powIIPId><sln:powIIPPn>PL.PZGIK.200</sln:powIIPPn><sln:powIIPWersja>2012-09-27T08:13:53+02:00</sln:powIIPWersja><sln:powIdTeryt>1410</sln:powIdTeryt><sln:powNazwa>łosicki</sln:powNazwa><sln:wojIIPId>4b6c492a-eb04-441d-a92a-f44359c06de7</sln:wojIIPId><sln:wojIIPPn>PL.PZGIK.200</sln:wojIIPPn><sln:wojIIPWersja>2012-09-27T13:45:13+02:00</sln:wojIIPWersja><sln:wojIdTeryt>14</sln:wojIdTeryt><sln:wojNazwa>mazowieckie</sln:wojNazwa></sln:miejscowosc><sln:miejscowosc><sln:cyklZyciaOd>2016-11-26T00:00:00+01:00</sln:cyklZyciaOd><sln:gmIIPId>4f1d0c18-4e2f-4cfc-9831-fcee0121883d</sln:gmIIPId><sln:gmIIPPn>PL.PZGIK.200</sln:gmIIPPn><sln:gmIIPWersja>2012-09-26T22:52:06+02:00</sln:gmIIPWersja><sln:gmIdTeryt>1410062</sln:gmIdTeryt><sln:gmNazwa>Stara Kornica</sln:gmNazwa><sln:miejscIIPId>8d52827e-0ef0-4f11-a1d8-e9c8d7a788fe</sln:miejscIIPId><sln:miejscIIPPn>PL.PZGIK.200</sln:miejscIIPPn><sln:miejscIIPWersja>2016-11-26T14:25:53+02:00</sln:miejscIIPWersja><sln:miejscIdTeryt>0020310</sln:miejscIdTeryt><sln:miejscNazwa>Kobylany</sln:miejscNazwa><sln:miejscRodzaj>Wieś</sln:miejscRodzaj><sln:powIIPId>b83d7094-60a3-460b-b308-f7ec80abb622</sln:powIIPId><sln:powIIPPn>PL.PZGIK.200</sln:powIIPPn><sln:powIIPWersja>2012-09-27T08:13:53+02:00</sln:powIIPWersja><sln:powIdTeryt>1410</sln:powIdTeryt><sln:powNazwa>łosicki</sln:powNazwa><sln:wojIIPId>4b6c492a-eb04-441d-a92a-f44359c06de7</sln:wojIIPId><sln:wojIIPPn>PL.PZGIK.200</sln:wojIIPPn><sln:wojIIPWersja>2012-09-27T13:45:13+02:00</sln:wojIIPWersja><sln:wojIdTeryt>14</sln:wojIdTeryt><sln:wojNazwa>mazowieckie</sln:wojNazwa></sln:miejscowosc><sln:miejscowosc><sln:cyklZyciaOd>2016-11-26T00:00:00+01:00</sln:cyklZyciaOd><sln:gmIIPId>4f1d0c18-4e2f-4cfc-9831-fcee0121883d</sln:gmIIPId><sln:gmIIPPn>PL.PZGIK.200</sln:gmIIPPn><sln:gmIIPWersja>2012-09-26T22:52:06+02:00</sln:gmIIPWersja><sln:gmIdTeryt>1410062</sln:gmIdTeryt><sln:gmNazwa>Stara Kornica</sln:gmNazwa><sln:miejscIIPId>b3830834-70d5-4822-b858-01301b72df57</sln:miejscIIPId><sln:miejscIIPPn>PL.PZGIK.200</sln:miejscIIPPn><sln:miejscIIPWersja>2016-11-26T14:25:54+02:00</sln:miejscIIPWersja><sln:miejscIdTeryt>0020356</sln:miejscIdTeryt><sln:miejscNazwa>Koszelówka</sln:miejscNazwa><sln:miejscRodzaj>Wieś</sln:miejscRodzaj><sln:powIIPId>b83d7094-60a3-460b-b308-f7ec80abb622</sln:powIIPId><sln:powIIPPn>PL.PZGIK.200</sln:powIIPPn><sln:powIIPWersja>2012-09-27T08:13:53+02:00</sln:powIIPWersja><sln:powIdTeryt>1410</sln:powIdTeryt><sln:powNazwa>łosicki</sln:powNazwa><sln:wojIIPId>4b6c492a-eb04-441d-a92a-f44359c06de7</sln:wojIIPId><sln:wojIIPPn>PL.PZGIK.200</sln:wojIIPPn><sln:wojIIPWersja>2012-09-27T13:45:13+02:00</sln:wojIIPWersja><sln:wojIdTeryt>14</sln:wojIdTeryt><sln:wojNazwa>mazowieckie</sln:wojNazwa></sln:miejscowosc><sln:miejscowosc><sln:cyklZyciaOd>2016-11-26T00:00:00+01:00</sln:cyklZyciaOd><sln:gmIIPId>4f1d0c18-4e2f-4cfc-9831-fcee0121883d</sln:gmIIPId><sln:gmIIPPn>PL.PZGIK.200</sln:gmIIPPn><sln:gmIIPWersja>2012-09-26T22:52:06+02:00</sln:gmIIPWersja><sln:gmIdTeryt>1410062</sln:gmIdTeryt><sln:gmNazwa>Stara Kornica</sln:gmNazwa><sln:miejscIIPId>49e15396-e444-4cfa-90eb-318a23bb6441</sln:miejscIIPId><sln:miejscIIPPn>PL.PZGIK.200</sln:miejscIIPPn><sln:miejscIIPWersja>2016-11-26T14:25:54+02:00</sln:miejscIIPWersja><sln:miejscIdTeryt>0020400</sln:miejscIdTeryt><sln:miejscNazwa>Nowa Kornica</sln:miejscNazwa><sln:miejscRodzaj>Wieś</sln:miejscRodzaj><sln:powIIPId>b83d7094-60a3-460b-b308-f7ec80abb622</sln:powIIPId><sln:powIIPPn>PL.PZGIK.200</sln:powIIPPn><sln:powIIPWersja>2012-09-27T08:13:53+02:00</sln:powIIPWersja><sln:powIdTeryt>1410</sln:powIdTeryt><sln:powNazwa>łosicki</sln:powNazwa><sln:wojIIPId>4b6c492a-eb04-441d-a92a-f44359c06de7</sln:wojIIPId><sln:wojIIPPn>PL.PZGIK.200</sln:wojIIPPn><sln:wojIIPWersja>2012-09-27T13:45:13+02:00</sln:wojIIPWersja><sln:wojIdTeryt>14</sln:wojIdTeryt><sln:wojNazwa>mazowieckie</sln:wojNazwa></sln:miejscowosc><sln:miejscowosc><sln:cyklZyciaOd>2016-11-26T00:00:00+01:00</sln:cyklZyciaOd><sln:gmIIPId>4f1d0c18-4e2f-4cfc-9831-fcee0121883d</sln:gmIIPId><sln:gmIIPPn>PL.PZGIK.200</sln:gmIIPPn><sln:gmIIPWersja>2012-09-26T22:52:06+02:00</sln:gmIIPWersja><sln:gmIdTeryt>1410062</sln:gmIdTeryt><sln:gmNazwa>Stara Kornica</sln:gmNazwa><sln:miejscIIPId>cd9704af-a220-4e46-bd5d-0a10686bdf58</sln:miejscIIPId><sln:miejscIIPPn>PL.PZGIK.200</sln:miejscIIPPn><sln:miejscIIPWersja>2016-11-26T14:25:54+02:00</sln:miejscIIPWersja><sln:miejscIdTeryt>0020422</sln:miejscIdTeryt><sln:miejscNazwa>Nowe Szpaki</sln:miejscNazwa><sln:miejscRodzaj>Wieś</sln:miejscRodzaj><sln:powIIPId>b83d7094-60a3-460b-b308-f7ec80abb622</sln:powIIPId><sln:powIIPPn>PL.PZGIK.200</sln:powIIPPn><sln:powIIPWersja>2012-09-27T08:13:53+02:00</sln:powIIPWersja><sln:powIdTeryt>1410</sln:powIdTeryt><sln:powNazwa>łosicki</sln:powNazwa><sln:wojIIPId>4b6c492a-eb04-441d-a92a-f44359c06de7</sln:wojIIPId><sln:wojIIPPn>PL.PZGIK.200</sln:wojIIPPn><sln:wojIIPWersja>2012-09-27T13:45:13+02:00</sln:wojIIPWersja><sln:wojIdTeryt>14</sln:wojIdTeryt><sln:wojNazwa>mazowieckie</sln:wojNazwa></sln:miejscowosc><sln:miejscowosc><sln:cyklZyciaOd>2016-11-26T00:00:00+01:00</sln:cyklZyciaOd><sln:gmIIPId>4f1d0c18-4e2f-4cfc-9831-fcee0121883d</sln:gmIIPId><sln:gmIIPPn>PL.PZGIK.200</sln:gmIIPPn><sln:gmIIPWersja>2012-09-26T22:52:06+02:00</sln:gmIIPWersja><sln:gmIdTeryt>1410062</sln:gmIdTeryt><sln:gmNazwa>Stara Kornica</sln:gmNazwa><sln:miejscIIPId>9447b680-edf6-418a-9b7f-5af7e4832abf</sln:miejscIIPId><sln:miejscIIPPn>PL.PZGIK.200</sln:miejscIIPPn><sln:miejscIIPWersja>2016-11-26T14:25:54+02:00</sln:miejscIIPWersja><sln:miejscIdTeryt>0020474</sln:miejscIdTeryt><sln:miejscNIIPId>b3538d5a-8849-430b-ad39-21815af15ea1</sln:miejscNIIPId><sln:miejscNIIPPn>PL.PZGIK.200</sln:miejscNIIPPn><sln:miejscNIIPWersja>2016-11-26T14:25:53+02:00</sln:miejscNIIPWersja><sln:miejscNIdTeryt>0020451</sln:miejscNIdTeryt><sln:miejscNNazwa>Stara Kornica</sln:miejscNNazwa><sln:miejscNRodzaj>Wieś</sln:miejscNRodzaj><sln:miejscNazwa>Kornica-Kolonia</sln:miejscNazwa><sln:miejscRodzaj>Kolonia</sln:miejscRodzaj><sln:powIIPId>b83d7094-60a3-460b-b308-f7ec80abb622</sln:powIIPId><sln:powIIPPn>PL.PZGIK.200</sln:powIIPPn><sln:powIIPWersja>2012-09-27T08:13:53+02:00</sln:powIIPWersja><sln:powIdTeryt>1410</sln:powIdTeryt><sln:powNazwa>łosicki</sln:powNazwa><sln:wojIIPId>4b6c492a-eb04-441d-a92a-f44359c06de7</sln:wojIIPId><sln:wojIIPPn>PL.PZGIK.200</sln:wojIIPPn><sln:wojIIPWersja>2012-09-27T13:45:13+02:00</sln:wojIIPWersja><sln:wojIdTeryt>14</sln:wojIdTeryt><sln:wojNazwa>mazowieckie</sln:wojNazwa></sln:miejscowosc><sln:miejscowosc><sln:cyklZyciaOd>2016-11-26T00:00:00+01:00</sln:cyklZyciaOd><sln:gmIIPId>4f1d0c18-4e2f-4cfc-9831-fcee0121883d</sln:gmIIPId><sln:gmIIPPn>PL.PZGIK.200</sln:gmIIPPn><sln:gmIIPWersja>2012-09-26T22:52:06+02:00</sln:gmIIPWersja><sln:gmIdTeryt>1410062</sln:gmIdTeryt><sln:gmNazwa>Stara Kornica</sln:gmNazwa><sln:miejscIIPId>d4105b16-db1a-4d31-a71c-d8f9f10a38fb</sln:miejscIIPId><sln:miejscIIPPn>PL.PZGIK.200</sln:miejscIIPPn><sln:miejscIIPWersja>2016-11-26T14:25:54+02:00</sln:miejscIIPWersja><sln:miejscIdTeryt>0020511</sln:miejscIdTeryt><sln:miejscNIIPId>17745282-e486-4b60-ae8c-2e3edf11c8b7</sln:miejscNIIPId><sln:miejscNIIPPn>PL.PZGIK.200</sln:miejscNIIPPn><sln:miejscNIIPWersja>2016-11-26T14:25:53+02:00</sln:miejscNIIPWersja><sln:miejscNIdTeryt>0020505</sln:miejscNIdTeryt><sln:miejscNNazwa>Walim</sln:miejscNNazwa><sln:miejscNRodzaj>Wieś</sln:miejscNRodzaj><sln:miejscNazwa>Walimek</sln:miejscNazwa><sln:miejscRodzaj>Kolonia</sln:miejscRodzaj><sln:powIIPId>b83d7094-60a3-460b-b308-f7ec80abb622</sln:powIIPId><sln:powIIPPn>PL.PZGIK.200</sln:powIIPPn><sln:powIIPWersja>2012-09-27T08:13:53+02:00</sln:powIIPWersja><sln:powIdTeryt>1410</sln:powIdTeryt><sln:powNazwa>łosicki</sln:powNazwa><sln:wojIIPId>4b6c492a-eb04-441d-a92a-f44359c06de7</sln:wojIIPId><sln:wojIIPPn>PL.PZGIK.200</sln:wojIIPPn><sln:wojIIPWersja>2012-09-27T13:45:13+02:00</sln:wojIIPWersja><sln:wojIdTeryt>14</sln:wojIdTeryt><sln:wojNazwa>mazowieckie</sln:wojNazwa></sln:miejscowosc><sln:miejscowosc><sln:cyklZyciaOd>2016-11-26T00:00:00+01:00</sln:cyklZyciaOd><sln:gmIIPId>4f1d0c18-4e2f-4cfc-9831-fcee0121883d</sln:gmIIPId><sln:gmIIPPn>PL.PZGIK.200</sln:gmIIPPn><sln:gmIIPWersja>2012-09-26T22:52:06+02:00</sln:gmIIPWersja><sln:gmIdTeryt>1410062</sln:gmIdTeryt><sln:gmNazwa>Stara Kornica</sln:gmNazwa><sln:miejscIIPId>b2bba7e7-67b8-42a5-adc6-b60989e628e0</sln:miejscIIPId><sln:miejscIIPPn>PL.PZGIK.200</sln:miejscIIPPn><sln:miejscIIPWersja>2016-11-26T14:25:54+02:00</sln:miejscIIPWersja><sln:miejscIdTeryt>0020570</sln:miejscIdTeryt><sln:miejscNIIPId>ea622375-f29b-4e61-bedc-82a6d659ff3e</sln:miejscNIIPId><sln:miejscNIIPPn>PL.PZGIK.200</sln:miejscNIIPPn><sln:miejscNIIPWersja>2016-11-26T14:25:53+02:00</sln:miejscNIIPWersja><sln:miejscNIdTeryt>0020534</sln:miejscNIdTeryt><sln:miejscNNazwa>Wólka Nosowska</sln:miejscNNazwa><sln:miejscNRodzaj>Wieś</sln:miejscNRodzaj><sln:miejscNazwa>Wólka Nosowska-Kolonia</sln:miejscNazwa><sln:miejscRodzaj>Inny obiekt</sln:miejscRodzaj><sln:powIIPId>b83d7094-60a3-460b-b308-f7ec80abb622</sln:powIIPId><sln:powIIPPn>PL.PZGIK.200</sln:powIIPPn><sln:powIIPWersja>2012-09-27T08:13:53+02:00</sln:powIIPWersja><sln:powIdTeryt>1410</sln:powIdTeryt><sln:powNazwa>łosicki</sln:powNazwa><sln:wojIIPId>4b6c492a-eb04-441d-a92a-f44359c06de7</sln:wojIIPId><sln:wojIIPPn>PL.PZGIK.200</sln:wojIIPPn><sln:wojIIPWersja>2012-09-27T13:45:13+02:00</sln:wojIIPWersja><sln:wojIdTeryt>14</sln:wojIdTeryt><sln:wojNazwa>mazowieckie</sln:wojNazwa></sln:miejscowosc><sln:miejscowosc><sln:cyklZyciaOd>2016-11-26T00:00:00+01:00</sln:cyklZyciaOd><sln:gmIIPId>4f1d0c18-4e2f-4cfc-9831-fcee0121883d</sln:gmIIPId><sln:gmIIPPn>PL.PZGIK.200</sln:gmIIPPn><sln:gmIIPWersja>2012-09-26T22:52:06+02:00</sln:gmIIPWersja><sln:gmIdTeryt>1410062</sln:gmIdTeryt><sln:gmNazwa>Stara Kornica</sln:gmNazwa><sln:miejscIIPId>2000e9b1-2b1d-4349-b66e-36de746f5034</sln:miejscIIPId><sln:miejscIIPPn>PL.PZGIK.200</sln:miejscIIPPn><sln:miejscIIPWersja>2016-11-26T14:25:54+02:00</sln:miejscIIPWersja><sln:miejscIdTeryt>0020540</sln:miejscIdTeryt><sln:miejscNIIPId>ea622375-f29b-4e61-bedc-82a6d659ff3e</sln:miejscNIIPId><sln:miejscNIIPPn>PL.PZGIK.200</sln:miejscNIIPPn><sln:miejscNIIPWersja>2016-11-26T14:25:53+02:00</sln:miejscNIIPWersja><sln:miejscNIdTeryt>0020534</sln:miejscNIdTeryt><sln:miejscNNazwa>Wólka Nosowska</sln:miejscNNazwa><sln:miejscNRodzaj>Wieś</sln:miejscNRodzaj><sln:miejscNazwa>Mazury</sln:miejscNazwa><sln:miejscRodzaj>Inny obiekt</sln:miejscRodzaj><sln:powIIPId>b83d7094-60a3-460b-b308-f7ec80abb622</sln:powIIPId><sln:powIIPPn>PL.PZGIK.200</sln:powIIPPn><sln:powIIPWersja>2012-09-27T08:13:53+02:00</sln:powIIPWersja><sln:powIdTeryt>1410</sln:powIdTeryt><sln:powNazwa>łosicki</sln:powNazwa><sln:wojIIPId>4b6c492a-eb04-441d-a92a-f44359c06de7</sln:wojIIPId><sln:wojIIPPn>PL.PZGIK.200</sln:wojIIPPn><sln:wojIIPWersja>2012-09-27T13:45:13+02:00</sln:wojIIPWersja><sln:wojIdTeryt>14</sln:wojIdTeryt><sln:wojNazwa>mazowieckie</sln:wojNazwa></sln:miejscowosc><sln:miejscowosc><sln:cyklZyciaOd>2016-11-26T00:00:00+01:00</sln:cyklZyciaOd><sln:gmIIPId>4f1d0c18-4e2f-4cfc-9831-fcee0121883d</sln:gmIIPId><sln:gmIIPPn>PL.PZGIK.200</sln:gmIIPPn><sln:gmIIPWersja>2012-09-26T22:52:06+02:00</sln:gmIIPWersja><sln:gmIdTeryt>1410062</sln:gmIdTeryt><sln:gmNazwa>Stara Kornica</sln:gmNazwa><sln:miejscIIPId>5ae8937b-e9b4-4fd7-ab7b-0b95e8d0af14</sln:miejscIIPId><sln:miejscIIPPn>PL.PZGIK.200</sln:miejscIIPPn><sln:miejscIIPWersja>2016-11-26T14:25:54+02:00</sln:miejscIIPWersja><sln:miejscIdTeryt>0020592</sln:miejscIdTeryt><sln:miejscNIIPId>8756bf38-94d2-4ecc-9b4b-bc78bde8ca5b</sln:miejscNIIPId><sln:miejscNIIPPn>PL.PZGIK.200</sln:miejscNIIPPn><sln:miejscNIIPWersja>2016-11-26T14:25:53+02:00</sln:miejscNIIPWersja><sln:miejscNIdTeryt>0020586</sln:miejscNIdTeryt><sln:miejscNNazwa>Wygnanki</sln:miejscNNazwa><sln:miejscNRodzaj>Wieś</sln:miejscNRodzaj><sln:miejscNazwa>Malinowo</sln:miejscNazwa><sln:miejscRodzaj>Inny obiekt</sln:miejscRodzaj><sln:powIIPId>b83d7094-60a3-460b-b308-f7ec80abb622</sln:powIIPId><sln:powIIPPn>PL.PZGIK.200</sln:powIIPPn><sln:powIIPWersja>2012-09-27T08:13:53+02:00</sln:powIIPWersja><sln:powIdTeryt>1410</sln:powIdTeryt><sln:powNazwa>łosicki</sln:powNazwa><sln:wojIIPId>4b6c492a-eb04-441d-a92a-f44359c06de7</sln:wojIIPId><sln:wojIIPPn>PL.PZGIK.200</sln:wojIIPPn><sln:wojIIPWersja>2012-09-27T13:45:13+02:00</sln:wojIIPWersja><sln:wojIdTeryt>14</sln:wojIdTeryt><sln:wojNazwa>mazowieckie</sln:wojNazwa></sln:miejscowosc><sln:miejscowosc><sln:cyklZyciaOd>2016-11-26T00:00:00+01:00</sln:cyklZyciaOd><sln:gmIIPId>4f1d0c18-4e2f-4cfc-9831-fcee0121883d</sln:gmIIPId><sln:gmIIPPn>PL.PZGIK.200</sln:gmIIPPn><sln:gmIIPWersja>2012-09-26T22:52:06+02:00</sln:gmIIPWersja><sln:gmIdTeryt>1410062</sln:gmIdTeryt><sln:gmNazwa>Stara Kornica</sln:gmNazwa><sln:miejscIIPId>7a7bb78a-f047-439b-8375-0a8ca2c13b9c</sln:miejscIIPId><sln:miejscIIPPn>PL.PZGIK.200</sln:miejscIIPPn><sln:miejscIIPWersja>2016-11-26T14:25:54+02:00</sln:miejscIIPWersja><sln:miejscIdTeryt>0020617</sln:miejscIdTeryt><sln:miejscNIIPId>dd23b977-2d67-40ad-98d0-3279edc873e2</sln:miejscNIIPId><sln:miejscNIIPPn>PL.PZGIK.200</sln:miejscNIIPPn><sln:miejscNIIPWersja>2016-11-26T14:25:53+02:00</sln:miejscNIIPWersja><sln:miejscNIdTeryt>0020600</sln:miejscNIdTeryt><sln:miejscNNazwa>Wyrzyki</sln:miejscNNazwa><sln:miejscNRodzaj>Wieś</sln:miejscNRodzaj><sln:miejscNazwa>Kolonia</sln:miejscNazwa><sln:miejscRodzaj>Inny obiekt</sln:miejscRodzaj><sln:powIIPId>b83d7094-60a3-460b-b308-f7ec80abb622</sln:powIIPId><sln:powIIPPn>PL.PZGIK.200</sln:powIIPPn><sln:powIIPWersja>2012-09-27T08:13:53+02:00</sln:powIIPWersja><sln:powIdTeryt>1410</sln:powIdTeryt><sln:powNazwa>łosicki</sln:powNazwa><sln:wojIIPId>4b6c492a-eb04-441d-a92a-f44359c06de7</sln:wojIIPId><sln:wojIIPPn>PL.PZGIK.200</sln:wojIIPPn><sln:wojIIPWersja>2012-09-27T13:45:13+02:00</sln:wojIIPWersja><sln:wojIdTeryt>14</sln:wojIdTeryt><sln:wojNazwa>mazowieckie</sln:wojNazwa></sln:miejscowosc><sln:miejscowosc><sln:cyklZyciaOd>2016-11-26T00:00:00+01:00</sln:cyklZyciaOd><sln:gmIIPId>4f1d0c18-4e2f-4cfc-9831-fcee0121883d</sln:gmIIPId><sln:gmIIPPn>PL.PZGIK.200</sln:gmIIPPn><sln:gmIIPWersja>2012-09-26T22:52:06+02:00</sln:gmIIPWersja><sln:gmIdTeryt>1410062</sln:gmIdTeryt><sln:gmNazwa>Stara Kornica</sln:gmNazwa><sln:miejscIIPId>60d2af81-d970-4d0f-9a1b-8ce59f7feb37</sln:miejscIIPId><sln:miejscIIPPn>PL.PZGIK.200</sln:miejscIIPPn><sln:miejscIIPWersja>2016-11-26T14:25:54+02:00</sln:miejscIIPWersja><sln:miejscIdTeryt>0020221</sln:miejscIdTeryt><sln:miejscNIIPId>6c9df116-0e76-4c96-9e03-84f9ff5f9016</sln:miejscNIIPId><sln:miejscNIIPPn>PL.PZGIK.200</sln:miejscNIIPPn><sln:miejscNIIPWersja>2016-11-26T14:25:53+02:00</sln:miejscNIIPWersja><sln:miejscNIdTeryt>0020215</sln:miejscNIdTeryt><sln:miejscNNazwa>Czeberaki</sln:miejscNNazwa><sln:miejscNRodzaj>Wieś</sln:miejscNRodzaj><sln:miejscNazwa>Ukazy</sln:miejscNazwa><sln:miejscRodzaj>Inny obiekt</sln:miejscRodzaj><sln:powIIPId>b83d7094-60a3-460b-b308-f7ec80abb622</sln:powIIPId><sln:powIIPPn>PL.PZGIK.200</sln:powIIPPn><sln:powIIPWersja>2012-09-27T08:13:53+02:00</sln:powIIPWersja><sln:powIdTeryt>1410</sln:powIdTeryt><sln:powNazwa>łosicki</sln:powNazwa><sln:wojIIPId>4b6c492a-eb04-441d-a92a-f44359c06de7</sln:wojIIPId><sln:wojIIPPn>PL.PZGIK.200</sln:wojIIPPn><sln:wojIIPWersja>2012-09-27T13:45:13+02:00</sln:wojIIPWersja><sln:wojIdTeryt>14</sln:wojIdTeryt><sln:wojNazwa>mazowieckie</sln:wojNazwa></sln:miejscowosc><sln:miejscowosc><sln:cyklZyciaOd>2016-11-26T00:00:00+01:00</sln:cyklZyciaOd><sln:gmIIPId>4f1d0c18-4e2f-4cfc-9831-fcee0121883d</sln:gmIIPId><sln:gmIIPPn>PL.PZGIK.200</sln:gmIIPPn><sln:gmIIPWersja>2012-09-26T22:52:06+02:00</sln:gmIIPWersja><sln:gmIdTeryt>1410062</sln:gmIdTeryt><sln:gmNazwa>Stara Kornica</sln:gmNazwa><sln:miejscIIPId>5e5348df-7329-4438-a8f9-215ab7e98d4c</sln:miejscIIPId><sln:miejscIIPPn>PL.PZGIK.200</sln:miejscIIPPn><sln:miejscIIPWersja>2016-11-26T14:25:54+02:00</sln:miejscIIPWersja><sln:miejscIdTeryt>0020340</sln:miejscIdTeryt><sln:miejscNIIPId>8d52827e-0ef0-4f11-a1d8-e9c8d7a788fe</sln:miejscNIIPId><sln:miejscNIIPPn>PL.PZGIK.200</sln:miejscNIIPPn><sln:miejscNIIPWersja>2016-11-26T14:25:53+02:00</sln:miejscNIIPWersja><sln:miejscNIdTeryt>0020310</sln:miejscNIdTeryt><sln:miejscNNazwa>Kobylany</sln:miejscNNazwa><sln:miejscNRodzaj>Wieś</sln:miejscNRodzaj><sln:miejscNazwa>Wołowik</sln:miejscNazwa><sln:miejscRodzaj>Inny obiekt</sln:miejscRodzaj><sln:powIIPId>b83d7094-60a3-460b-b308-f7ec80abb622</sln:powIIPId><sln:powIIPPn>PL.PZGIK.200</sln:powIIPPn><sln:powIIPWersja>2012-09-27T08:13:53+02:00</sln:powIIPWersja><sln:powIdTeryt>1410</sln:powIdTeryt><sln:powNazwa>łosicki</sln:powNazwa><sln:wojIIPId>4b6c492a-eb04-441d-a92a-f44359c06de7</sln:wojIIPId><sln:wojIIPPn>PL.PZGIK.200</sln:wojIIPPn><sln:wojIIPWersja>2012-09-27T13:45:13+02:00</sln:wojIIPWersja><sln:wojIdTeryt>14</sln:wojIdTeryt><sln:wojNazwa>mazowieckie</sln:wojNazwa></sln:miejscowosc><sln:miejscowosc><sln:cyklZyciaOd>2016-11-26T00:00:00+01:00</sln:cyklZyciaOd><sln:gmIIPId>4f1d0c18-4e2f-4cfc-9831-fcee0121883d</sln:gmIIPId><sln:gmIIPPn>PL.PZGIK.200</sln:gmIIPPn><sln:gmIIPWersja>2012-09-26T22:52:06+02:00</sln:gmIIPWersja><sln:gmIdTeryt>1410062</sln:gmIdTeryt><sln:gmNazwa>Stara Kornica</sln:gmNazwa><sln:miejscIIPId>5cb70c63-aa15-4551-9428-87cb64cc0101</sln:miejscIIPId><sln:miejscIIPPn>PL.PZGIK.200</sln:miejscIIPPn><sln:miejscIIPWersja>2016-11-26T14:25:54+02:00</sln:miejscIIPWersja><sln:miejscIdTeryt>0020327</sln:miejscIdTeryt><sln:miejscNIIPId>8d52827e-0ef0-4f11-a1d8-e9c8d7a788fe</sln:miejscNIIPId><sln:miejscNIIPPn>PL.PZGIK.200</sln:miejscNIIPPn><sln:miejscNIIPWersja>2016-11-26T14:25:53+02:00</sln:miejscNIIPWersja><sln:miejscNIdTeryt>0020310</sln:miejscNIdTeryt><sln:miejscNNazwa>Kobylany</sln:miejscNNazwa><sln:miejscNRodzaj>Wieś</sln:miejscNRodzaj><sln:miejscNazwa>Czarnoziem</sln:miejscNazwa><sln:miejscRodzaj>Inny obiekt</sln:miejscRodzaj><sln:powIIPId>b83d7094-60a3-460b-b308-f7ec80abb622</sln:powIIPId><sln:powIIPPn>PL.PZGIK.200</sln:powIIPPn><sln:powIIPWersja>2012-09-27T08:13:53+02:00</sln:powIIPWersja><sln:powIdTeryt>1410</sln:powIdTeryt><sln:powNazwa>łosicki</sln:powNazwa><sln:wojIIPId>4b6c492a-eb04-441d-a92a-f44359c06de7</sln:wojIIPId><sln:wojIIPPn>PL.PZGIK.200</sln:wojIIPPn><sln:wojIIPWersja>2012-09-27T13:45:13+02:00</sln:wojIIPWersja><sln:wojIdTeryt>14</sln:wojIdTeryt><sln:wojNazwa>mazowieckie</sln:wojNazwa></sln:miejscowosc><sln:miejscowosc><sln:cyklZyciaOd>2016-11-26T00:00:00+01:00</sln:cyklZyciaOd><sln:gmIIPId>4f1d0c18-4e2f-4cfc-9831-fcee0121883d</sln:gmIIPId><sln:gmIIPPn>PL.PZGIK.200</sln:gmIIPPn><sln:gmIIPWersja>2012-09-26T22:52:06+02:00</sln:gmIIPWersja><sln:gmIdTeryt>1410062</sln:gmIdTeryt><sln:gmNazwa>Stara Kornica</sln:gmNazwa><sln:miejscIIPId>015dff27-125d-402f-a98f-6600d2663bb6</sln:miejscIIPId><sln:miejscIIPPn>PL.PZGIK.200</sln:miejscIIPPn><sln:miejscIIPWersja>2016-11-26T14:25:54+02:00</sln:miejscIIPWersja><sln:miejscIdTeryt>0020416</sln:miejscIdTeryt><sln:miejscNIIPId>49e15396-e444-4cfa-90eb-318a23bb6441</sln:miejscNIIPId><sln:miejscNIIPPn>PL.PZGIK.200</sln:miejscNIIPPn><sln:miejscNIIPWersja>2016-11-26T14:25:54+02:00</sln:miejscNIIPWersja><sln:miejscNIdTeryt>0020400</sln:miejscNIdTeryt><sln:miejscNNazwa>Nowa Kornica</sln:miejscNNazwa><sln:miejscNRodzaj>Wieś</sln:miejscNRodzaj><sln:miejscNazwa>Wygon</sln:miejscNazwa><sln:miejscRodzaj>Inny obiekt</sln:miejscRodzaj><sln:powIIPId>b83d7094-60a3-460b-b308-f7ec80abb622</sln:powIIPId><sln:powIIPPn>PL.PZGIK.200</sln:powIIPPn><sln:powIIPWersja>2012-09-27T08:13:53+02:00</sln:powIIPWersja><sln:powIdTeryt>1410</sln:powIdTeryt><sln:powNazwa>łosicki</sln:powNazwa><sln:wojIIPId>4b6c492a-eb04-441d-a92a-f44359c06de7</sln:wojIIPId><sln:wojIIPPn>PL.PZGIK.200</sln:wojIIPPn><sln:wojIIPWersja>2012-09-27T13:45:13+02:00</sln:wojIIPWersja><sln:wojIdTeryt>14</sln:wojIdTeryt><sln:wojNazwa>mazowieckie</sln:wojNazwa></sln:miejscowosc><sln:miejscowosc><sln:cyklZyciaOd>2016-11-26T00:00:00+01:00</sln:cyklZyciaOd><sln:gmIIPId>4f1d0c18-4e2f-4cfc-9831-fcee0121883d</sln:gmIIPId><sln:gmIIPPn>PL.PZGIK.200</sln:gmIIPPn><sln:gmIIPWersja>2012-09-26T22:52:06+02:00</sln:gmIIPWersja><sln:gmIdTeryt>1410062</sln:gmIdTeryt><sln:gmNazwa>Stara Kornica</sln:gmNazwa><sln:miejscIIPId>ee18a7c2-6159-4d79-85cf-09efaf71b355</sln:miejscIIPId><sln:miejscIIPPn>PL.PZGIK.200</sln:miejscIIPPn><sln:miejscIIPWersja>2016-11-26T14:25:54+02:00</sln:miejscIIPWersja><sln:miejscIdTeryt>0020280</sln:miejscIdTeryt><sln:miejscNIIPId>7c8e8cb7-c8a9-4a4e-a5fa-7a63ac308778</sln:miejscNIIPId><sln:miejscNIIPPn>PL.PZGIK.200</sln:miejscNIIPPn><sln:miejscNIIPWersja>2016-11-26T14:25:53+02:00</sln:miejscNIIPWersja><sln:miejscNIdTeryt>0020267</sln:miejscNIdTeryt><sln:miejscNNazwa>Kazimierzów</sln:miejscNNazwa><sln:miejscNRodzaj>Wieś</sln:miejscNRodzaj><sln:miejscNazwa>Pod Bagno</sln:miejscNazwa><sln:miejscRodzaj>Inny obiekt</sln:miejscRodzaj><sln:powIIPId>b83d7094-60a3-460b-b308-f7ec80abb622</sln:powIIPId><sln:powIIPPn>PL.PZGIK.200</sln:powIIPPn><sln:powIIPWersja>2012-09-27T08:13:53+02:00</sln:powIIPWersja><sln:powIdTeryt>1410</sln:powIdTeryt><sln:powNazwa>łosicki</sln:powNazwa><sln:wojIIPId>4b6c492a-eb04-441d-a92a-f44359c06de7</sln:wojIIPId><sln:wojIIPPn>PL.PZGIK.200</sln:wojIIPPn><sln:wojIIPWersja>2012-09-27T13:45:13+02:00</sln:wojIIPWersja><sln:wojIdTeryt>14</sln:wojIdTeryt><sln:wojNazwa>mazowieckie</sln:wojNazwa></sln:miejscowosc><sln:miejscowosc><sln:cyklZyciaOd>2016-11-26T00:00:00+01:00</sln:cyklZyciaOd><sln:gmIIPId>4f1d0c18-4e2f-4cfc-9831-fcee0121883d</sln:gmIIPId><sln:gmIIPPn>PL.PZGIK.200</sln:gmIIPPn><sln:gmIIPWersja>2012-09-26T22:52:06+02:00</sln:gmIIPWersja><sln:gmIdTeryt>1410062</sln:gmIdTeryt><sln:gmNazwa>Stara Kornica</sln:gmNazwa><sln:miejscIIPId>d6a23f8d-b17f-4749-9f81-b826180f3fc6</sln:miejscIIPId><sln:miejscIIPPn>PL.PZGIK.200</sln:miejscIIPPn><sln:miejscIIPWersja>2016-11-26T14:25:54+02:00</sln:miejscIIPWersja><sln:miejscIdTeryt>0020273</sln:miejscIdTeryt><sln:miejscNIIPId>7c8e8cb7-c8a9-4a4e-a5fa-7a63ac308778</sln:miejscNIIPId><sln:miejscNIIPPn>PL.PZGIK.200</sln:miejscNIIPPn><sln:miejscNIIPWersja>2016-11-26T14:25:53+02:00</sln:miejscNIIPWersja><sln:miejscNIdTeryt>0020267</sln:miejscNIdTeryt><sln:miejscNNazwa>Kazimierzów</sln:miejscNNazwa><sln:miejscNRodzaj>Wieś</sln:miejscNRodzaj><sln:miejscNazwa>Koło Jeziorka</sln:miejscNazwa><sln:miejscRodzaj>Inny obiekt</sln:miejscRodzaj><sln:powIIPId>b83d7094-60a3-460b-b308-f7ec80abb622</sln:powIIPId><sln:powIIPPn>PL.PZGIK.200</sln:powIIPPn><sln:powIIPWersja>2012-09-27T08:13:53+02:00</sln:powIIPWersja><sln:powIdTeryt>1410</sln:powIdTeryt><sln:powNazwa>łosicki</sln:powNazwa><sln:wojIIPId>4b6c492a-eb04-441d-a92a-f44359c06de7</sln:wojIIPId><sln:wojIIPPn>PL.PZGIK.200</sln:wojIIPPn><sln:wojIIPWersja>2012-09-27T13:45:13+02:00</sln:wojIIPWersja><sln:wojIdTeryt>14</sln:wojIdTeryt><sln:wojNazwa>mazowieckie</sln:wojNazwa></sln:miejscowosc><sln:miejscowosc><sln:cyklZyciaOd>2016-11-26T00:00:00+01:00</sln:cyklZyciaOd><sln:gmIIPId>4f1d0c18-4e2f-4cfc-9831-fcee0121883d</sln:gmIIPId><sln:gmIIPPn>PL.PZGIK.200</sln:gmIIPPn><sln:gmIIPWersja>2012-09-26T22:52:06+02:00</sln:gmIIPWersja><sln:gmIdTeryt>1410062</sln:gmIdTeryt><sln:gmNazwa>Stara Kornica</sln:gmNazwa><sln:miejscIIPId>4cad024f-dccc-4f68-a4b9-b60a144ab843</sln:miejscIIPId><sln:miejscIIPPn>PL.PZGIK.200</sln:miejscIIPPn><sln:miejscIIPWersja>2016-11-26T14:25:54+02:00</sln:miejscIIPWersja><sln:miejscIdTeryt>0020304</sln:miejscIdTeryt><sln:miejscNIIPId>76628f0a-6d15-4482-9387-a48d106a9902</sln:miejscNIIPId><sln:miejscNIIPPn>PL.PZGIK.200</sln:miejscNIIPPn><sln:miejscNIIPWersja>2016-11-26T14:25:53+02:00</sln:miejscNIIPWersja><sln:miejscNIdTeryt>0020296</sln:miejscNIdTeryt><sln:miejscNNazwa>Kiełbaski</sln:miejscNNazwa><sln:miejscNRodzaj>Wieś</sln:miejscNRodzaj><sln:miejscNazwa>Grobla</sln:miejscNazwa><sln:miejscRodzaj>Inny obiekt</sln:miejscRodzaj><sln:powIIPId>b83d7094-60a3-460b-b308-f7ec80abb622</sln:powIIPId><sln:powIIPPn>PL.PZGIK.200</sln:powIIPPn><sln:powIIPWersja>2012-09-27T08:13:53+02:00</sln:powIIPWersja><sln:powIdTeryt>1410</sln:powIdTeryt><sln:powNazwa>łosicki</sln:powNazwa><sln:wojIIPId>4b6c492a-eb04-441d-a92a-f44359c06de7</sln:wojIIPId><sln:wojIIPPn>PL.PZGIK.200</sln:wojIIPPn><sln:wojIIPWersja>2012-09-27T13:45:13+02:00</sln:wojIIPWersja><sln:wojIdTeryt>14</sln:wojIdTeryt><sln:wojNazwa>mazowieckie</sln:wojNazwa></sln:miejscowosc><sln:miejscowosc><sln:cyklZyciaOd>2016-11-26T00:00:00+01:00</sln:cyklZyciaOd><sln:gmIIPId>4f1d0c18-4e2f-4cfc-9831-fcee0121883d</sln:gmIIPId><sln:gmIIPPn>PL.PZGIK.200</sln:gmIIPPn><sln:gmIIPWersja>2012-09-26T22:52:06+02:00</sln:gmIIPWersja><sln:gmIdTeryt>1410062</sln:gmIdTeryt><sln:gmNazwa>Stara Kornica</sln:gmNazwa><sln:miejscIIPId>2004794d-233c-4ae7-bbea-de92c2bb400d</sln:miejscIIPId><sln:miejscIIPPn>PL.PZGIK.200</sln:miejscIIPPn><sln:miejscIIPWersja>2016-11-26T14:25:54+02:00</sln:miejscIIPWersja><sln:miejscIdTeryt>0020333</sln:miejscIdTeryt><sln:miejscNIIPId>8d52827e-0ef0-4f11-a1d8-e9c8d7a788fe</sln:miejscNIIPId><sln:miejscNIIPPn>PL.PZGIK.200</sln:miejscNIIPPn><sln:miejscNIIPWersja>2016-11-26T14:25:53+02:00</sln:miejscNIIPWersja><sln:miejscNIdTeryt>0020310</sln:miejscNIdTeryt><sln:miejscNNazwa>Kobylany</sln:miejscNNazwa><sln:miejscNRodzaj>Wieś</sln:miejscNRodzaj><sln:miejscNazwa>Pod Lasem</sln:miejscNazwa><sln:miejscRodzaj>Inny obiekt</sln:miejscRodzaj><sln:powIIPId>b83d7094-60a3-460b-b308-f7ec80abb622</sln:powIIPId><sln:powIIPPn>PL.PZGIK.200</sln:powIIPPn><sln:powIIPWersja>2012-09-27T08:13:53+02:00</sln:powIIPWersja><sln:powIdTeryt>1410</sln:powIdTeryt><sln:powNazwa>łosicki</sln:powNazwa><sln:wojIIPId>4b6c492a-eb04-441d-a92a-f44359c06de7</sln:wojIIPId><sln:wojIIPPn>PL.PZGIK.200</sln:wojIIPPn><sln:wojIIPWersja>2012-09-27T13:45:13+02:00</sln:wojIIPWersja><sln:wojIdTeryt>14</sln:wojIdTeryt><sln:wojNazwa>mazowieckie</sln:wojNazwa></sln:miejscowosc><sln:miejscowosc><sln:cyklZyciaOd>2016-11-26T00:00:00+01:00</sln:cyklZyciaOd><sln:gmIIPId>4f1d0c18-4e2f-4cfc-9831-fcee0121883d</sln:gmIIPId><sln:gmIIPPn>PL.PZGIK.200</sln:gmIIPPn><sln:gmIIPWersja>2012-09-26T22:52:06+02:00</sln:gmIIPWersja><sln:gmIdTeryt>1410062</sln:gmIdTeryt><sln:gmNazwa>Stara Kornica</sln:gmNazwa><sln:miejscIIPId>cc9a87f6-8e17-4689-9638-6a33ee9dcebe</sln:miejscIIPId><sln:miejscIIPPn>PL.PZGIK.200</sln:miejscIIPPn><sln:miejscIIPWersja>2016-11-26T14:25:54+02:00</sln:miejscIIPWersja><sln:miejscIdTeryt>0020362</sln:miejscIdTeryt><sln:miejscNIIPId>b3830834-70d5-4822-b858-01301b72df57</sln:miejscNIIPId><sln:miejscNIIPPn>PL.PZGIK.200</sln:miejscNIIPPn><sln:miejscNIIPWersja>2016-11-26T14:25:54+02:00</sln:miejscNIIPWersja><sln:miejscNIdTeryt>0020356</sln:miejscNIdTeryt><sln:miejscNNazwa>Koszelówka</sln:miejscNNazwa><sln:miejscNRodzaj>Wieś</sln:miejscNRodzaj><sln:miejscNazwa>Podleśnica</sln:miejscNazwa><sln:miejscRodzaj>Inny obiekt</sln:miejscRodzaj><sln:powIIPId>b83d7094-60a3-460b-b308-f7ec80abb622</sln:powIIPId><sln:powIIPPn>PL.PZGIK.200</sln:powIIPPn><sln:powIIPWersja>2012-09-27T08:13:53+02:00</sln:powIIPWersja><sln:powIdTeryt>1410</sln:powIdTeryt><sln:powNazwa>łosicki</sln:powNazwa><sln:wojIIPId>4b6c492a-eb04-441d-a92a-f44359c06de7</sln:wojIIPId><sln:wojIIPPn>PL.PZGIK.200</sln:wojIIPPn><sln:wojIIPWersja>2012-09-27T13:45:13+02:00</sln:wojIIPWersja><sln:wojIdTeryt>14</sln:wojIdTeryt><sln:wojNazwa>mazowieckie</sln:wojNazwa></sln:miejscowosc><sln:miejscowosc><sln:cyklZyciaOd>2016-11-26T00:00:00+01:00</sln:cyklZyciaOd><sln:gmIIPId>4f1d0c18-4e2f-4cfc-9831-fcee0121883d</sln:gmIIPId><sln:gmIIPPn>PL.PZGIK.200</sln:gmIIPPn><sln:gmIIPWersja>2012-09-26T22:52:06+02:00</sln:gmIIPWersja><sln:gmIdTeryt>1410062</sln:gmIdTeryt><sln:gmNazwa>Stara Kornica</sln:gmNazwa><sln:miejscIIPId>393c9128-e55d-48f0-a8a2-1eaea7486b24</sln:miejscIIPId><sln:miejscIIPPn>PL.PZGIK.200</sln:miejscIIPPn><sln:miejscIIPWersja>2016-11-26T14:25:54+02:00</sln:miejscIIPWersja><sln:miejscIdTeryt>0020391</sln:miejscIdTeryt><sln:miejscNIIPId>b3830834-70d5-4822-b858-01301b72df57</sln:miejscNIIPId><sln:miejscNIIPPn>PL.PZGIK.200</sln:miejscNIIPPn><sln:miejscNIIPWersja>2016-11-26T14:25:54+02:00</sln:miejscNIIPWersja><sln:miejscNIdTeryt>0020356</sln:miejscNIdTeryt><sln:miejscNNazwa>Koszelówka</sln:miejscNNazwa><sln:miejscNRodzaj>Wieś</sln:miejscNRodzaj><sln:miejscNazwa>Zaszopa</sln:miejscNazwa><sln:miejscRodzaj>Inny obiekt</sln:miejscRodzaj><sln:powIIPId>b83d7094-60a3-460b-b308-f7ec80abb622</sln:powIIPId><sln:powIIPPn>PL.PZGIK.200</sln:powIIPPn><sln:powIIPWersja>2012-09-27T08:13:53+02:00</sln:powIIPWersja><sln:powIdTeryt>1410</sln:powIdTeryt><sln:powNazwa>łosicki</sln:powNazwa><sln:wojIIPId>4b6c492a-eb04-441d-a92a-f44359c06de7</sln:wojIIPId><sln:wojIIPPn>PL.PZGIK.200</sln:wojIIPPn><sln:wojIIPWersja>2012-09-27T13:45:13+02:00</sln:wojIIPWersja><sln:wojIdTeryt>14</sln:wojIdTeryt><sln:wojNazwa>mazowieckie</sln:wojNazwa></sln:miejscowosc><sln:miejscowosc><sln:cyklZyciaOd>2016-11-26T00:00:00+01:00</sln:cyklZyciaOd><sln:gmIIPId>4f1d0c18-4e2f-4cfc-9831-fcee0121883d</sln:gmIIPId><sln:gmIIPPn>PL.PZGIK.200</sln:gmIIPPn><sln:gmIIPWersja>2012-09-26T22:52:06+02:00</sln:gmIIPWersja><sln:gmIdTeryt>1410062</sln:gmIdTeryt><sln:gmNazwa>Stara Kornica</sln:gmNazwa><sln:miejscIIPId>cad60b0f-992f-4a50-8921-ac610f6f1b30</sln:miejscIIPId><sln:miejscIIPPn>PL.PZGIK.200</sln:miejscIIPPn><sln:miejscIIPWersja>2016-11-26T14:25:54+02:00</sln:miejscIIPWersja><sln:miejscIdTeryt>0020379</sln:miejscIdTeryt><sln:miejscNIIPId>b3830834-70d5-4822-b858-01301b72df57</sln:miejscNIIPId><sln:miejscNIIPPn>PL.PZGIK.200</sln:miejscNIIPPn><sln:miejscNIIPWersja>2016-11-26T14:25:54+02:00</sln:miejscNIIPWersja><sln:miejscNIdTeryt>0020356</sln:miejscNIdTeryt><sln:miejscNNazwa>Koszelówka</sln:miejscNNazwa><sln:miejscNRodzaj>Wieś</sln:miejscNRodzaj><sln:miejscNazwa>Zabagnie</sln:miejscNazwa><sln:miejscRodzaj>Kolonia</sln:miejscRodzaj><sln:powIIPId>b83d7094-60a3-460b-b308-f7ec80abb622</sln:powIIPId><sln:powIIPPn>PL.PZGIK.200</sln:powIIPPn><sln:powIIPWersja>2012-09-27T08:13:53+02:00</sln:powIIPWersja><sln:powIdTeryt>1410</sln:powIdTeryt><sln:powNazwa>łosicki</sln:powNazwa><sln:wojIIPId>4b6c492a-eb04-441d-a92a-f44359c06de7</sln:wojIIPId><sln:wojIIPPn>PL.PZGIK.200</sln:wojIIPPn><sln:wojIIPWersja>2012-09-27T13:45:13+02:00</sln:wojIIPWersja><sln:wojIdTeryt>14</sln:wojIdTeryt><sln:wojNazwa>mazowieckie</sln:wojNazwa></sln:miejscowosc><sln:miejscowosc><sln:cyklZyciaOd>2016-11-26T00:00:00+01:00</sln:cyklZyciaOd><sln:gmIIPId>4f1d0c18-4e2f-4cfc-9831-fcee0121883d</sln:gmIIPId><sln:gmIIPPn>PL.PZGIK.200</sln:gmIIPPn><sln:gmIIPWersja>2012-09-26T22:52:06+02:00</sln:gmIIPWersja><sln:gmIdTeryt>1410062</sln:gmIdTeryt><sln:gmNazwa>Stara Kornica</sln:gmNazwa><sln:miejscIIPId>ff61d814-2a15-4ca0-8100-a72272b74bcb</sln:miejscIIPId><sln:miejscIIPPn>PL.PZGIK.200</sln:miejscIIPPn><sln:miejscIIPWersja>2016-11-26T14:25:55+02:00</sln:miejscIIPWersja><sln:miejscIdTeryt>0020385</sln:miejscIdTeryt><sln:miejscNIIPId>b3830834-70d5-4822-b858-01301b72df57</sln:miejscNIIPId><sln:miejscNIIPPn>PL.PZGIK.200</sln:miejscNIIPPn><sln:miejscNIIPWersja>2016-11-26T14:25:54+02:00</sln:miejscNIIPWersja><sln:miejscNIdTeryt>0020356</sln:miejscNIdTeryt><sln:miejscNNazwa>Koszelówka</sln:miejscNNazwa><sln:miejscNRodzaj>Wieś</sln:miejscNRodzaj><sln:miejscNazwa>Zadubicka</sln:miejscNazwa><sln:miejscRodzaj>Inny obiekt</sln:miejscRodzaj><sln:powIIPId>b83d7094-60a3-460b-b308-f7ec80abb622</sln:powIIPId><sln:powIIPPn>PL.PZGIK.200</sln:powIIPPn><sln:powIIPWersja>2012-09-27T08:13:53+02:00</sln:powIIPWersja><sln:powIdTeryt>1410</sln:powIdTeryt><sln:powNazwa>łosicki</sln:powNazwa><sln:wojIIPId>4b6c492a-eb04-441d-a92a-f44359c06de7</sln:wojIIPId><sln:wojIIPPn>PL.PZGIK.200</sln:wojIIPPn><sln:wojIIPWersja>2012-09-27T13:45:13+02:00</sln:wojIIPWersja><sln:wojIdTeryt>14</sln:wojIdTeryt><sln:wojNazwa>mazowieckie</sln:wojNazwa></sln:miejscowosc><sln:miejscowosc><sln:cyklZyciaOd>2016-11-26T00:00:00+01:00</sln:cyklZyciaOd><sln:gmIIPId>4f1d0c18-4e2f-4cfc-9831-fcee0121883d</sln:gmIIPId><sln:gmIIPPn>PL.PZGIK.200</sln:gmIIPPn><sln:gmIIPWersja>2012-09-26T22:52:06+02:00</sln:gmIIPWersja><sln:gmIdTeryt>1410062</sln:gmIdTeryt><sln:gmNazwa>Stara Kornica</sln:gmNazwa><sln:miejscIIPId>4175ae08-3777-4510-a0a7-a87a8ba97279</sln:miejscIIPId><sln:miejscIIPPn>PL.PZGIK.200</sln:miejscIIPPn><sln:miejscIIPWersja>2016-11-26T14:25:55+02:00</sln:miejscIIPWersja><sln:miejscIdTeryt>0020468</sln:miejscIdTeryt><sln:miejscNIIPId>b3538d5a-8849-430b-ad39-21815af15ea1</sln:miejscNIIPId><sln:miejscNIIPPn>PL.PZGIK.200</sln:miejscNIIPPn><sln:miejscNIIPWersja>2016-11-26T14:25:53+02:00</sln:miejscNIIPWersja><sln:miejscNIdTeryt>0020451</sln:miejscNIdTeryt><sln:miejscNNazwa>Stara Kornica</sln:miejscNNazwa><sln:miejscNRodzaj>Wieś</sln:miejscNRodzaj><sln:miejscNazwa>Kobylany</sln:miejscNazwa><sln:miejscRodzaj>Inny obiekt</sln:miejscRodzaj><sln:powIIPId>b83d7094-60a3-460b-b308-f7ec80abb622</sln:powIIPId><sln:powIIPPn>PL.PZGIK.200</sln:powIIPPn><sln:powIIPWersja>2012-09-27T08:13:53+02:00</sln:powIIPWersja><sln:powIdTeryt>1410</sln:powIdTeryt><sln:powNazwa>łosicki</sln:powNazwa><sln:wojIIPId>4b6c492a-eb04-441d-a92a-f44359c06de7</sln:wojIIPId><sln:wojIIPPn>PL.PZGIK.200</sln:wojIIPPn><sln:wojIIPWersja>2012-09-27T13:45:13+02:00</sln:wojIIPWersja><sln:wojIdTeryt>14</sln:wojIdTeryt><sln:wojNazwa>mazowieckie</sln:wojNazwa></sln:miejscowosc><sln:miejscowosc><sln:cyklZyciaOd>2016-11-26T00:00:00+01:00</sln:cyklZyciaOd><sln:gmIIPId>4f1d0c18-4e2f-4cfc-9831-fcee0121883d</sln:gmIIPId><sln:gmIIPPn>PL.PZGIK.200</sln:gmIIPPn><sln:gmIIPWersja>2012-09-26T22:52:06+02:00</sln:gmIIPWersja><sln:gmIdTeryt>1410062</sln:gmIdTeryt><sln:gmNazwa>Stara Kornica</sln:gmNazwa><sln:miejscIIPId>92780b8b-2fbf-41e7-8296-8cfedd2787af</sln:miejscIIPId><sln:miejscIIPPn>PL.PZGIK.200</sln:miejscIIPPn><sln:miejscIIPWersja>2016-11-26T14:25:55+02:00</sln:miejscIIPWersja><sln:miejscIdTeryt>0020557</sln:miejscIdTeryt><sln:miejscNIIPId>ea622375-f29b-4e61-bedc-82a6d659ff3e</sln:miejscNIIPId><sln:miejscNIIPPn>PL.PZGIK.200</sln:miejscNIIPPn><sln:miejscNIIPWersja>2016-11-26T14:25:53+02:00</sln:miejscNIIPWersja><sln:miejscNIdTeryt>0020534</sln:miejscNIdTeryt><sln:miejscNNazwa>Wólka Nosowska</sln:miejscNNazwa><sln:miejscNRodzaj>Wieś</sln:miejscNRodzaj><sln:miejscNazwa>Połoniec</sln:miejscNazwa><sln:miejscRodzaj>Inny obiekt</sln:miejscRodzaj><sln:powIIPId>b83d7094-60a3-460b-b308-f7ec80abb622</sln:powIIPId><sln:powIIPPn>PL.PZGIK.200</sln:powIIPPn><sln:powIIPWersja>2012-09-27T08:13:53+02:00</sln:powIIPWersja><sln:powIdTeryt>1410</sln:powIdTeryt><sln:powNazwa>łosicki</sln:powNazwa><sln:wojIIPId>4b6c492a-eb04-441d-a92a-f44359c06de7</sln:wojIIPId><sln:wojIIPPn>PL.PZGIK.200</sln:wojIIPPn><sln:wojIIPWersja>2012-09-27T13:45:13+02:00</sln:wojIIPWersja><sln:wojIdTeryt>14</sln:wojIdTeryt><sln:wojNazwa>mazowieckie</sln:wojNazwa></sln:miejscowosc><sln:miejscowosc><sln:cyklZyciaOd>2016-11-26T00:00:00+01:00</sln:cyklZyciaOd><sln:gmIIPId>4f1d0c18-4e2f-4cfc-9831-fcee0121883d</sln:gmIIPId><sln:gmIIPPn>PL.PZGIK.200</sln:gmIIPPn><sln:gmIIPWersja>2012-09-26T22:52:06+02:00</sln:gmIIPWersja><sln:gmIdTeryt>1410062</sln:gmIdTeryt><sln:gmNazwa>Stara Kornica</sln:gmNazwa><sln:miejscIIPId>4e9cecf8-2265-480a-88ea-6d2759a3371b</sln:miejscIIPId><sln:miejscIIPPn>PL.PZGIK.200</sln:miejscIIPPn><sln:miejscIIPWersja>2016-11-26T14:25:55+02:00</sln:miejscIIPWersja><sln:miejscIdTeryt>0020563</sln:miejscIdTeryt><sln:miejscNIIPId>ea622375-f29b-4e61-bedc-82a6d659ff3e</sln:miejscNIIPId><sln:miejscNIIPPn>PL.PZGIK.200</sln:miejscNIIPPn><sln:miejscNIIPWersja>2016-11-26T14:25:53+02:00</sln:miejscNIIPWersja><sln:miejscNIdTeryt>0020534</sln:miejscNIdTeryt><sln:miejscNNazwa>Wólka Nosowska</sln:miejscNNazwa><sln:miejscNRodzaj>Wieś</sln:miejscNRodzaj><sln:miejscNazwa>Reforma</sln:miejscNazwa><sln:miejscRodzaj>Inny obiekt</sln:miejscRodzaj><sln:powIIPId>b83d7094-60a3-460b-b308-f7ec80abb622</sln:powIIPId><sln:powIIPPn>PL.PZGIK.200</sln:powIIPPn><sln:powIIPWersja>2012-09-27T08:13:53+02:00</sln:powIIPWersja><sln:powIdTeryt>1410</sln:powIdTeryt><sln:powNazwa>łosicki</sln:powNazwa><sln:wojIIPId>4b6c492a-eb04-441d-a92a-f44359c06de7</sln:wojIIPId><sln:wojIIPPn>PL.PZGIK.200</sln:wojIIPPn><sln:wojIIPWersja>2012-09-27T13:45:13+02:00</sln:wojIIPWersja><sln:wojIdTeryt>14</sln:wojIdTeryt><sln:wojNazwa>mazowieckie</sln:wojNazwa></sln:miejscowosc></sln:lista-miejscowosci>