<?xml version="1.0" encoding="UTF-8" standalone="yes"?><sln:lista-miejscowosci xmlns:srv="http://gugik.gov.pl/schemas/slowniki-service/1.0" xmlns:sln="http://gugik.gov.pl/schemas/slowniki-schema/1.0"><sln:miejscowosc><sln:cyklZyciaDo>2017-03-27T00:00:00+02:00</sln:cyklZyciaDo><sln:cyklZyciaOd>2016-01-19T00:00:00+01:00</sln:cyklZyciaOd><sln:gmIIPId>5d416e91-ffb1-4561-92f0-9200a3f0f7ef</sln:gmIIPId><sln:gmIIPPn>PL.PZGIK.200</sln:gmIIPPn><sln:gmIIPWersja>2012-09-26T22:52:17+02:00</sln:gmIIPWersja><sln:gmIdTeryt>1411073</sln:gmIdTeryt><sln:gmNazwa>Różan</sln:gmNazwa><sln:miejscIIPId>da43f836-78ce-44fc-96c6-2ee50eb9e54b</sln:miejscIIPId><sln:miejscIIPPn>PL.PZGIK.200</sln:miejscIIPPn><sln:miejscIIPWersja>2016-11-24T11:00:57+02:00</sln:miejscIIPWersja><sln:miejscIdTeryt>0518576</sln:miejscIdTeryt><sln:miejscNazwa>Chełsty</sln:miejscNazwa><sln:miejscRodzaj>Wieś</sln:miejscRodzaj><sln:powIIPId>d0693248-930f-4838-b662-ac7137143bdf</sln:powIIPId><sln:powIIPPn>PL.PZGIK.200</sln:powIIPPn><sln:powIIPWersja>2012-09-27T08:13:53+02:00</sln:powIIPWersja><sln:powIdTeryt>1411</sln:powIdTeryt><sln:powNazwa>makowski</sln:powNazwa><sln:waznyOd>2014-06-20T00:00:00+02:00</sln:waznyOd><sln:wojIIPId>4b6c492a-eb04-441d-a92a-f44359c06de7</sln:wojIIPId><sln:wojIIPPn>PL.PZGIK.200</sln:wojIIPPn><sln:wojIIPWersja>2012-09-27T13:45:13+02:00</sln:wojIIPWersja><sln:wojIdTeryt>14</sln:wojIdTeryt><sln:wojNazwa>mazowieckie</sln:wojNazwa></sln:miejscowosc><sln:miejscowosc><sln:cyklZyciaDo>2017-03-27T00:00:00+02:00</sln:cyklZyciaDo><sln:cyklZyciaOd>2016-01-19T00:00:00+01:00</sln:cyklZyciaOd><sln:gmIIPId>5d416e91-ffb1-4561-92f0-9200a3f0f7ef</sln:gmIIPId><sln:gmIIPPn>PL.PZGIK.200</sln:gmIIPPn><sln:gmIIPWersja>2012-09-26T22:52:17+02:00</sln:gmIIPWersja><sln:gmIdTeryt>1411073</sln:gmIdTeryt><sln:gmNazwa>Różan</sln:gmNazwa><sln:miejscIIPId>0a1c5a07-60f9-4ef0-a41b-a706530c8537</sln:miejscIIPId><sln:miejscIIPPn>PL.PZGIK.200</sln:miejscIIPPn><sln:miejscIIPWersja>2016-11-24T11:01:00+02:00</sln:miejscIIPWersja><sln:miejscIdTeryt>0518582</sln:miejscIdTeryt><sln:miejscNazwa>Chrzczonki</sln:miejscNazwa><sln:miejscRodzaj>Wieś</sln:miejscRodzaj><sln:powIIPId>d0693248-930f-4838-b662-ac7137143bdf</sln:powIIPId><sln:powIIPPn>PL.PZGIK.200</sln:powIIPPn><sln:powIIPWersja>2012-09-27T08:13:53+02:00</sln:powIIPWersja><sln:powIdTeryt>1411</sln:powIdTeryt><sln:powNazwa>makowski</sln:powNazwa><sln:waznyOd>2014-06-20T00:00:00+02:00</sln:waznyOd><sln:wojIIPId>4b6c492a-eb04-441d-a92a-f44359c06de7</sln:wojIIPId><sln:wojIIPPn>PL.PZGIK.200</sln:wojIIPPn><sln:wojIIPWersja>2012-09-27T13:45:13+02:00</sln:wojIIPWersja><sln:wojIdTeryt>14</sln:wojIdTeryt><sln:wojNazwa>mazowieckie</sln:wojNazwa></sln:miejscowosc><sln:miejscowosc><sln:cyklZyciaDo>2017-03-27T00:00:00+02:00</sln:cyklZyciaDo><sln:cyklZyciaOd>2016-01-19T00:00:00+01:00</sln:cyklZyciaOd><sln:gmIIPId>5d416e91-ffb1-4561-92f0-9200a3f0f7ef</sln:gmIIPId><sln:gmIIPPn>PL.PZGIK.200</sln:gmIIPPn><sln:gmIIPWersja>2012-09-26T22:52:17+02:00</sln:gmIIPWersja><sln:gmIdTeryt>1411073</sln:gmIdTeryt><sln:gmNazwa>Różan</sln:gmNazwa><sln:miejscIIPId>27ee7c7e-dc30-45a3-a99a-869e881ec873</sln:miejscIIPId><sln:miejscIIPPn>PL.PZGIK.200</sln:miejscIIPPn><sln:miejscIIPWersja>2016-11-24T11:01:02+02:00</sln:miejscIIPWersja><sln:miejscIdTeryt>0518599</sln:miejscIdTeryt><sln:miejscNazwa>Dąbrówka</sln:miejscNazwa><sln:miejscRodzaj>Wieś</sln:miejscRodzaj><sln:powIIPId>d0693248-930f-4838-b662-ac7137143bdf</sln:powIIPId><sln:powIIPPn>PL.PZGIK.200</sln:powIIPPn><sln:powIIPWersja>2012-09-27T08:13:53+02:00</sln:powIIPWersja><sln:powIdTeryt>1411</sln:powIdTeryt><sln:powNazwa>makowski</sln:powNazwa><sln:waznyOd>2014-06-20T00:00:00+02:00</sln:waznyOd><sln:wojIIPId>4b6c492a-eb04-441d-a92a-f44359c06de7</sln:wojIIPId><sln:wojIIPPn>PL.PZGIK.200</sln:wojIIPPn><sln:wojIIPWersja>2012-09-27T13:45:13+02:00</sln:wojIIPWersja><sln:wojIdTeryt>14</sln:wojIdTeryt><sln:wojNazwa>mazowieckie</sln:wojNazwa></sln:miejscowosc><sln:miejscowosc><sln:cyklZyciaDo>2017-03-27T00:00:00+02:00</sln:cyklZyciaDo><sln:cyklZyciaOd>2016-01-19T00:00:00+01:00</sln:cyklZyciaOd><sln:gmIIPId>5d416e91-ffb1-4561-92f0-9200a3f0f7ef</sln:gmIIPId><sln:gmIIPPn>PL.PZGIK.200</sln:gmIIPPn><sln:gmIIPWersja>2012-09-26T22:52:17+02:00</sln:gmIIPWersja><sln:gmIdTeryt>1411073</sln:gmIdTeryt><sln:gmNazwa>Różan</sln:gmNazwa><sln:miejscIIPId>1aa5ad61-75ce-4f0e-908d-35fb1f7e20a5</sln:miejscIIPId><sln:miejscIIPPn>PL.PZGIK.200</sln:miejscIIPPn><sln:miejscIIPWersja>2016-11-24T11:01:04+02:00</sln:miejscIIPWersja><sln:miejscIdTeryt>0518607</sln:miejscIdTeryt><sln:miejscNazwa>Dyszobaba</sln:miejscNazwa><sln:miejscRodzaj>Wieś</sln:miejscRodzaj><sln:powIIPId>d0693248-930f-4838-b662-ac7137143bdf</sln:powIIPId><sln:powIIPPn>PL.PZGIK.200</sln:powIIPPn><sln:powIIPWersja>2012-09-27T08:13:53+02:00</sln:powIIPWersja><sln:powIdTeryt>1411</sln:powIdTeryt><sln:powNazwa>makowski</sln:powNazwa><sln:waznyOd>2014-06-20T00:00:00+02:00</sln:waznyOd><sln:wojIIPId>4b6c492a-eb04-441d-a92a-f44359c06de7</sln:wojIIPId><sln:wojIIPPn>PL.PZGIK.200</sln:wojIIPPn><sln:wojIIPWersja>2012-09-27T13:45:13+02:00</sln:wojIIPWersja><sln:wojIdTeryt>14</sln:wojIdTeryt><sln:wojNazwa>mazowieckie</sln:wojNazwa></sln:miejscowosc><sln:miejscowosc><sln:cyklZyciaDo>2017-03-27T00:00:00+02:00</sln:cyklZyciaDo><sln:cyklZyciaOd>2016-01-19T00:00:00+01:00</sln:cyklZyciaOd><sln:gmIIPId>5d416e91-ffb1-4561-92f0-9200a3f0f7ef</sln:gmIIPId><sln:gmIIPPn>PL.PZGIK.200</sln:gmIIPPn><sln:gmIIPWersja>2012-09-26T22:52:17+02:00</sln:gmIIPWersja><sln:gmIdTeryt>1411073</sln:gmIdTeryt><sln:gmNazwa>Różan</sln:gmNazwa><sln:miejscIIPId>642e21f9-c701-4132-b9c7-eb64843d97ab</sln:miejscIIPId><sln:miejscIIPPn>PL.PZGIK.200</sln:miejscIIPPn><sln:miejscIIPWersja>2016-11-24T11:01:06+02:00</sln:miejscIIPWersja><sln:miejscIdTeryt>0518613</sln:miejscIdTeryt><sln:miejscNazwa>Dzbądz</sln:miejscNazwa><sln:miejscRodzaj>Wieś</sln:miejscRodzaj><sln:powIIPId>d0693248-930f-4838-b662-ac7137143bdf</sln:powIIPId><sln:powIIPPn>PL.PZGIK.200</sln:powIIPPn><sln:powIIPWersja>2012-09-27T08:13:53+02:00</sln:powIIPWersja><sln:powIdTeryt>1411</sln:powIdTeryt><sln:powNazwa>makowski</sln:powNazwa><sln:waznyOd>2014-06-20T00:00:00+02:00</sln:waznyOd><sln:wojIIPId>4b6c492a-eb04-441d-a92a-f44359c06de7</sln:wojIIPId><sln:wojIIPPn>PL.PZGIK.200</sln:wojIIPPn><sln:wojIIPWersja>2012-09-27T13:45:13+02:00</sln:wojIIPWersja><sln:wojIdTeryt>14</sln:wojIdTeryt><sln:wojNazwa>mazowieckie</sln:wojNazwa></sln:miejscowosc><sln:miejscowosc><sln:cyklZyciaDo>2017-03-27T00:00:00+02:00</sln:cyklZyciaDo><sln:cyklZyciaOd>2016-01-19T00:00:00+01:00</sln:cyklZyciaOd><sln:gmIIPId>5d416e91-ffb1-4561-92f0-9200a3f0f7ef</sln:gmIIPId><sln:gmIIPPn>PL.PZGIK.200</sln:gmIIPPn><sln:gmIIPWersja>2012-09-26T22:52:17+02:00</sln:gmIIPWersja><sln:gmIdTeryt>1411073</sln:gmIdTeryt><sln:gmNazwa>Różan</sln:gmNazwa><sln:miejscIIPId>5a1ea744-6cf2-43f1-9d52-4c5d52d24957</sln:miejscIIPId><sln:miejscIIPPn>PL.PZGIK.200</sln:miejscIIPPn><sln:miejscIIPWersja>2016-11-24T11:01:08+02:00</sln:miejscIIPWersja><sln:miejscIdTeryt>0518620</sln:miejscIdTeryt><sln:miejscNazwa>Kaszewiec</sln:miejscNazwa><sln:miejscRodzaj>Wieś</sln:miejscRodzaj><sln:powIIPId>d0693248-930f-4838-b662-ac7137143bdf</sln:powIIPId><sln:powIIPPn>PL.PZGIK.200</sln:powIIPPn><sln:powIIPWersja>2012-09-27T08:13:53+02:00</sln:powIIPWersja><sln:powIdTeryt>1411</sln:powIdTeryt><sln:powNazwa>makowski</sln:powNazwa><sln:waznyOd>2014-06-20T00:00:00+02:00</sln:waznyOd><sln:wojIIPId>4b6c492a-eb04-441d-a92a-f44359c06de7</sln:wojIIPId><sln:wojIIPPn>PL.PZGIK.200</sln:wojIIPPn><sln:wojIIPWersja>2012-09-27T13:45:13+02:00</sln:wojIIPWersja><sln:wojIdTeryt>14</sln:wojIdTeryt><sln:wojNazwa>mazowieckie</sln:wojNazwa></sln:miejscowosc><sln:miejscowosc><sln:cyklZyciaDo>2017-03-27T00:00:00+02:00</sln:cyklZyciaDo><sln:cyklZyciaOd>2016-01-19T00:00:00+01:00</sln:cyklZyciaOd><sln:gmIIPId>5d416e91-ffb1-4561-92f0-9200a3f0f7ef</sln:gmIIPId><sln:gmIIPPn>PL.PZGIK.200</sln:gmIIPPn><sln:gmIIPWersja>2012-09-26T22:52:17+02:00</sln:gmIIPWersja><sln:gmIdTeryt>1411073</sln:gmIdTeryt><sln:gmNazwa>Różan</sln:gmNazwa><sln:miejscIIPId>da8f88f9-3589-4ab1-a425-074021691954</sln:miejscIIPId><sln:miejscIIPPn>PL.PZGIK.200</sln:miejscIIPPn><sln:miejscIIPWersja>2016-11-24T11:01:10+02:00</sln:miejscIIPWersja><sln:miejscIdTeryt>0518642</sln:miejscIdTeryt><sln:miejscNazwa>Miłony</sln:miejscNazwa><sln:miejscRodzaj>Wieś</sln:miejscRodzaj><sln:powIIPId>d0693248-930f-4838-b662-ac7137143bdf</sln:powIIPId><sln:powIIPPn>PL.PZGIK.200</sln:powIIPPn><sln:powIIPWersja>2012-09-27T08:13:53+02:00</sln:powIIPWersja><sln:powIdTeryt>1411</sln:powIdTeryt><sln:powNazwa>makowski</sln:powNazwa><sln:waznyOd>2014-06-20T00:00:00+02:00</sln:waznyOd><sln:wojIIPId>4b6c492a-eb04-441d-a92a-f44359c06de7</sln:wojIIPId><sln:wojIIPPn>PL.PZGIK.200</sln:wojIIPPn><sln:wojIIPWersja>2012-09-27T13:45:13+02:00</sln:wojIIPWersja><sln:wojIdTeryt>14</sln:wojIdTeryt><sln:wojNazwa>mazowieckie</sln:wojNazwa></sln:miejscowosc><sln:miejscowosc><sln:cyklZyciaDo>2017-03-27T00:00:00+02:00</sln:cyklZyciaDo><sln:cyklZyciaOd>2016-01-19T00:00:00+01:00</sln:cyklZyciaOd><sln:gmIIPId>5d416e91-ffb1-4561-92f0-9200a3f0f7ef</sln:gmIIPId><sln:gmIIPPn>PL.PZGIK.200</sln:gmIIPPn><sln:gmIIPWersja>2012-09-26T22:52:17+02:00</sln:gmIIPWersja><sln:gmIdTeryt>1411073</sln:gmIdTeryt><sln:gmNazwa>Różan</sln:gmNazwa><sln:miejscIIPId>24476aac-12b8-4fd5-844e-c3931c094b0f</sln:miejscIIPId><sln:miejscIIPPn>PL.PZGIK.200</sln:miejscIIPPn><sln:miejscIIPWersja>2016-11-24T11:01:12+02:00</sln:miejscIIPWersja><sln:miejscIdTeryt>0518659</sln:miejscIdTeryt><sln:miejscNazwa>Mroczki-Rębiszewo</sln:miejscNazwa><sln:miejscRodzaj>Wieś</sln:miejscRodzaj><sln:powIIPId>d0693248-930f-4838-b662-ac7137143bdf</sln:powIIPId><sln:powIIPPn>PL.PZGIK.200</sln:powIIPPn><sln:powIIPWersja>2012-09-27T08:13:53+02:00</sln:powIIPWersja><sln:powIdTeryt>1411</sln:powIdTeryt><sln:powNazwa>makowski</sln:powNazwa><sln:waznyOd>2014-06-20T00:00:00+02:00</sln:waznyOd><sln:wojIIPId>4b6c492a-eb04-441d-a92a-f44359c06de7</sln:wojIIPId><sln:wojIIPPn>PL.PZGIK.200</sln:wojIIPPn><sln:wojIIPWersja>2012-09-27T13:45:13+02:00</sln:wojIIPWersja><sln:wojIdTeryt>14</sln:wojIdTeryt><sln:wojNazwa>mazowieckie</sln:wojNazwa></sln:miejscowosc><sln:miejscowosc><sln:cyklZyciaDo>2017-03-27T00:00:00+02:00</sln:cyklZyciaDo><sln:cyklZyciaOd>2016-01-19T00:00:00+01:00</sln:cyklZyciaOd><sln:gmIIPId>5d416e91-ffb1-4561-92f0-9200a3f0f7ef</sln:gmIIPId><sln:gmIIPPn>PL.PZGIK.200</sln:gmIIPPn><sln:gmIIPWersja>2012-09-26T22:52:17+02:00</sln:gmIIPWersja><sln:gmIdTeryt>1411073</sln:gmIdTeryt><sln:gmNazwa>Różan</sln:gmNazwa><sln:miejscIIPId>f236679b-f5b9-4673-a1c3-dc6f5a15021d</sln:miejscIIPId><sln:miejscIIPPn>PL.PZGIK.200</sln:miejscIIPPn><sln:miejscIIPWersja>2016-11-24T13:19:29+02:00</sln:miejscIIPWersja><sln:miejscIdTeryt>0989399</sln:miejscIdTeryt><sln:miejscNazwa>Paulinowo</sln:miejscNazwa><sln:miejscRodzaj>Inny obiekt</sln:miejscRodzaj><sln:powIIPId>d0693248-930f-4838-b662-ac7137143bdf</sln:powIIPId><sln:powIIPPn>PL.PZGIK.200</sln:powIIPPn><sln:powIIPWersja>2012-09-27T08:13:53+02:00</sln:powIIPWersja><sln:powIdTeryt>1411</sln:powIdTeryt><sln:powNazwa>makowski</sln:powNazwa><sln:waznyOd>2014-06-20T00:00:00+02:00</sln:waznyOd><sln:wojIIPId>4b6c492a-eb04-441d-a92a-f44359c06de7</sln:wojIIPId><sln:wojIIPPn>PL.PZGIK.200</sln:wojIIPPn><sln:wojIIPWersja>2012-09-27T13:45:13+02:00</sln:wojIIPWersja><sln:wojIdTeryt>14</sln:wojIdTeryt><sln:wojNazwa>mazowieckie</sln:wojNazwa></sln:miejscowosc><sln:miejscowosc><sln:cyklZyciaDo>2017-03-27T00:00:00+02:00</sln:cyklZyciaDo><sln:cyklZyciaOd>2016-01-19T00:00:00+01:00</sln:cyklZyciaOd><sln:gmIIPId>5d416e91-ffb1-4561-92f0-9200a3f0f7ef</sln:gmIIPId><sln:gmIIPPn>PL.PZGIK.200</sln:gmIIPPn><sln:gmIIPWersja>2012-09-26T22:52:17+02:00</sln:gmIIPWersja><sln:gmIdTeryt>1411073</sln:gmIdTeryt><sln:gmNazwa>Różan</sln:gmNazwa><sln:miejscIIPId>773768b7-f9b5-40f8-a2e3-daad8f7376d9</sln:miejscIIPId><sln:miejscIIPPn>PL.PZGIK.200</sln:miejscIIPPn><sln:miejscIIPWersja>2016-11-24T11:01:14+02:00</sln:miejscIIPWersja><sln:miejscIdTeryt>0518665</sln:miejscIdTeryt><sln:miejscNazwa>Podborze</sln:miejscNazwa><sln:miejscRodzaj>Wieś</sln:miejscRodzaj><sln:powIIPId>d0693248-930f-4838-b662-ac7137143bdf</sln:powIIPId><sln:powIIPPn>PL.PZGIK.200</sln:powIIPPn><sln:powIIPWersja>2012-09-27T08:13:53+02:00</sln:powIIPWersja><sln:powIdTeryt>1411</sln:powIdTeryt><sln:powNazwa>makowski</sln:powNazwa><sln:waznyOd>2014-06-20T00:00:00+02:00</sln:waznyOd><sln:wojIIPId>4b6c492a-eb04-441d-a92a-f44359c06de7</sln:wojIIPId><sln:wojIIPPn>PL.PZGIK.200</sln:wojIIPPn><sln:wojIIPWersja>2012-09-27T13:45:13+02:00</sln:wojIIPWersja><sln:wojIdTeryt>14</sln:wojIdTeryt><sln:wojNazwa>mazowieckie</sln:wojNazwa></sln:miejscowosc><sln:miejscowosc><sln:cyklZyciaDo>2017-03-27T00:00:00+02:00</sln:cyklZyciaDo><sln:cyklZyciaOd>2016-01-19T00:00:00+01:00</sln:cyklZyciaOd><sln:gmIIPId>5d416e91-ffb1-4561-92f0-9200a3f0f7ef</sln:gmIIPId><sln:gmIIPPn>PL.PZGIK.200</sln:gmIIPPn><sln:gmIIPWersja>2012-09-26T22:52:17+02:00</sln:gmIIPWersja><sln:gmIdTeryt>1411073</sln:gmIdTeryt><sln:gmNazwa>Różan</sln:gmNazwa><sln:miejscIIPId>5061e1b8-5433-48c0-a3ad-4b9c656f4d64</sln:miejscIIPId><sln:miejscIIPPn>PL.PZGIK.200</sln:miejscIIPPn><sln:miejscIIPWersja>2016-11-24T11:01:16+02:00</sln:miejscIIPWersja><sln:miejscIdTeryt>0518671</sln:miejscIdTeryt><sln:miejscNazwa>Prycanowo</sln:miejscNazwa><sln:miejscRodzaj>Wieś</sln:miejscRodzaj><sln:powIIPId>d0693248-930f-4838-b662-ac7137143bdf</sln:powIIPId><sln:powIIPPn>PL.PZGIK.200</sln:powIIPPn><sln:powIIPWersja>2012-09-27T08:13:53+02:00</sln:powIIPWersja><sln:powIdTeryt>1411</sln:powIdTeryt><sln:powNazwa>makowski</sln:powNazwa><sln:waznyOd>2014-06-20T00:00:00+02:00</sln:waznyOd><sln:wojIIPId>4b6c492a-eb04-441d-a92a-f44359c06de7</sln:wojIIPId><sln:wojIIPPn>PL.PZGIK.200</sln:wojIIPPn><sln:wojIIPWersja>2012-09-27T13:45:13+02:00</sln:wojIIPWersja><sln:wojIdTeryt>14</sln:wojIdTeryt><sln:wojNazwa>mazowieckie</sln:wojNazwa></sln:miejscowosc><sln:miejscowosc><sln:cyklZyciaDo>2017-03-27T00:00:00+02:00</sln:cyklZyciaDo><sln:cyklZyciaOd>2016-01-19T00:00:00+01:00</sln:cyklZyciaOd><sln:gmIIPId>5d416e91-ffb1-4561-92f0-9200a3f0f7ef</sln:gmIIPId><sln:gmIIPPn>PL.PZGIK.200</sln:gmIIPPn><sln:gmIIPWersja>2012-09-26T22:52:17+02:00</sln:gmIIPWersja><sln:gmIdTeryt>1411073</sln:gmIdTeryt><sln:gmNazwa>Różan</sln:gmNazwa><sln:miejscIIPId>eac1908f-6386-4050-a9cb-bb34280b972d</sln:miejscIIPId><sln:miejscIIPPn>PL.PZGIK.200</sln:miejscIIPPn><sln:miejscIIPWersja>2016-11-24T13:17:26+02:00</sln:miejscIIPWersja><sln:miejscIdTeryt>0966412</sln:miejscIdTeryt><sln:miejscNazwa>Różan</sln:miejscNazwa><sln:miejscRodzaj>Miasto</sln:miejscRodzaj><sln:powIIPId>d0693248-930f-4838-b662-ac7137143bdf</sln:powIIPId><sln:powIIPPn>PL.PZGIK.200</sln:powIIPPn><sln:powIIPWersja>2012-09-27T08:13:53+02:00</sln:powIIPWersja><sln:powIdTeryt>1411</sln:powIdTeryt><sln:powNazwa>makowski</sln:powNazwa><sln:waznyOd>2014-06-20T00:00:00+02:00</sln:waznyOd><sln:wojIIPId>4b6c492a-eb04-441d-a92a-f44359c06de7</sln:wojIIPId><sln:wojIIPPn>PL.PZGIK.200</sln:wojIIPPn><sln:wojIIPWersja>2012-09-27T13:45:13+02:00</sln:wojIIPWersja><sln:wojIdTeryt>14</sln:wojIdTeryt><sln:wojNazwa>mazowieckie</sln:wojNazwa></sln:miejscowosc><sln:miejscowosc><sln:cyklZyciaDo>2017-03-27T00:00:00+02:00</sln:cyklZyciaDo><sln:cyklZyciaOd>2016-01-19T00:00:00+01:00</sln:cyklZyciaOd><sln:gmIIPId>5d416e91-ffb1-4561-92f0-9200a3f0f7ef</sln:gmIIPId><sln:gmIIPPn>PL.PZGIK.200</sln:gmIIPPn><sln:gmIIPWersja>2012-09-26T22:52:17+02:00</sln:gmIIPWersja><sln:gmIdTeryt>1411073</sln:gmIdTeryt><sln:gmNazwa>Różan</sln:gmNazwa><sln:miejscIIPId>6f37e50a-96ee-48ee-b976-4eb1d0b822ea</sln:miejscIIPId><sln:miejscIIPPn>PL.PZGIK.200</sln:miejscIIPPn><sln:miejscIIPWersja>2016-11-24T11:01:18+02:00</sln:miejscIIPWersja><sln:miejscIdTeryt>0518688</sln:miejscIdTeryt><sln:miejscNazwa>Szygi</sln:miejscNazwa><sln:miejscRodzaj>Wieś</sln:miejscRodzaj><sln:powIIPId>d0693248-930f-4838-b662-ac7137143bdf</sln:powIIPId><sln:powIIPPn>PL.PZGIK.200</sln:powIIPPn><sln:powIIPWersja>2012-09-27T08:13:53+02:00</sln:powIIPWersja><sln:powIdTeryt>1411</sln:powIdTeryt><sln:powNazwa>makowski</sln:powNazwa><sln:waznyOd>2014-06-20T00:00:00+02:00</sln:waznyOd><sln:wojIIPId>4b6c492a-eb04-441d-a92a-f44359c06de7</sln:wojIIPId><sln:wojIIPPn>PL.PZGIK.200</sln:wojIIPPn><sln:wojIIPWersja>2012-09-27T13:45:13+02:00</sln:wojIIPWersja><sln:wojIdTeryt>14</sln:wojIdTeryt><sln:wojNazwa>mazowieckie</sln:wojNazwa></sln:miejscowosc><sln:miejscowosc><sln:cyklZyciaDo>2017-03-27T00:00:00+02:00</sln:cyklZyciaDo><sln:cyklZyciaOd>2016-01-19T00:00:00+01:00</sln:cyklZyciaOd><sln:gmIIPId>5d416e91-ffb1-4561-92f0-9200a3f0f7ef</sln:gmIIPId><sln:gmIIPPn>PL.PZGIK.200</sln:gmIIPPn><sln:gmIIPWersja>2012-09-26T22:52:17+02:00</sln:gmIIPWersja><sln:gmIdTeryt>1411073</sln:gmIdTeryt><sln:gmNazwa>Różan</sln:gmNazwa><sln:miejscIIPId>dc813936-7077-4116-bfce-f06bc1fcc4fc</sln:miejscIIPId><sln:miejscIIPPn>PL.PZGIK.200</sln:miejscIIPPn><sln:miejscIIPWersja>2016-11-24T11:01:20+02:00</sln:miejscIIPWersja><sln:miejscIdTeryt>0518694</sln:miejscIdTeryt><sln:miejscNazwa>Załęże-Eliasze</sln:miejscNazwa><sln:miejscRodzaj>Wieś</sln:miejscRodzaj><sln:powIIPId>d0693248-930f-4838-b662-ac7137143bdf</sln:powIIPId><sln:powIIPPn>PL.PZGIK.200</sln:powIIPPn><sln:powIIPWersja>2012-09-27T08:13:53+02:00</sln:powIIPWersja><sln:powIdTeryt>1411</sln:powIdTeryt><sln:powNazwa>makowski</sln:powNazwa><sln:waznyOd>2014-06-20T00:00:00+02:00</sln:waznyOd><sln:wojIIPId>4b6c492a-eb04-441d-a92a-f44359c06de7</sln:wojIIPId><sln:wojIIPPn>PL.PZGIK.200</sln:wojIIPPn><sln:wojIIPWersja>2012-09-27T13:45:13+02:00</sln:wojIIPWersja><sln:wojIdTeryt>14</sln:wojIdTeryt><sln:wojNazwa>mazowieckie</sln:wojNazwa></sln:miejscowosc><sln:miejscowosc><sln:cyklZyciaDo>2017-03-27T00:00:00+02:00</sln:cyklZyciaDo><sln:cyklZyciaOd>2016-01-19T00:00:00+01:00</sln:cyklZyciaOd><sln:gmIIPId>5d416e91-ffb1-4561-92f0-9200a3f0f7ef</sln:gmIIPId><sln:gmIIPPn>PL.PZGIK.200</sln:gmIIPPn><sln:gmIIPWersja>2012-09-26T22:52:17+02:00</sln:gmIIPWersja><sln:gmIdTeryt>1411073</sln:gmIdTeryt><sln:gmNazwa>Różan</sln:gmNazwa><sln:miejscIIPId>b51b1fcf-5b0d-440b-9aa5-fd79981ba2a4</sln:miejscIIPId><sln:miejscIIPPn>PL.PZGIK.200</sln:miejscIIPPn><sln:miejscIIPWersja>2016-11-24T11:01:22+02:00</sln:miejscIIPWersja><sln:miejscIdTeryt>0518702</sln:miejscIdTeryt><sln:miejscNazwa>Załęże-Gartki</sln:miejscNazwa><sln:miejscRodzaj>Wieś</sln:miejscRodzaj><sln:powIIPId>d0693248-930f-4838-b662-ac7137143bdf</sln:powIIPId><sln:powIIPPn>PL.PZGIK.200</sln:powIIPPn><sln:powIIPWersja>2012-09-27T08:13:53+02:00</sln:powIIPWersja><sln:powIdTeryt>1411</sln:powIdTeryt><sln:powNazwa>makowski</sln:powNazwa><sln:waznyOd>2014-06-20T00:00:00+02:00</sln:waznyOd><sln:wojIIPId>4b6c492a-eb04-441d-a92a-f44359c06de7</sln:wojIIPId><sln:wojIIPPn>PL.PZGIK.200</sln:wojIIPPn><sln:wojIIPWersja>2012-09-27T13:45:13+02:00</sln:wojIIPWersja><sln:wojIdTeryt>14</sln:wojIdTeryt><sln:wojNazwa>mazowieckie</sln:wojNazwa></sln:miejscowosc><sln:miejscowosc><sln:cyklZyciaDo>2017-03-27T00:00:00+02:00</sln:cyklZyciaDo><sln:cyklZyciaOd>2016-01-19T00:00:00+01:00</sln:cyklZyciaOd><sln:gmIIPId>5d416e91-ffb1-4561-92f0-9200a3f0f7ef</sln:gmIIPId><sln:gmIIPPn>PL.PZGIK.200</sln:gmIIPPn><sln:gmIIPWersja>2012-09-26T22:52:17+02:00</sln:gmIIPWersja><sln:gmIdTeryt>1411073</sln:gmIdTeryt><sln:gmNazwa>Różan</sln:gmNazwa><sln:miejscIIPId>66fe5260-6c28-4823-87ef-23dca629c976</sln:miejscIIPId><sln:miejscIIPPn>PL.PZGIK.200</sln:miejscIIPPn><sln:miejscIIPWersja>2016-11-24T11:01:24+02:00</sln:miejscIIPWersja><sln:miejscIdTeryt>0518719</sln:miejscIdTeryt><sln:miejscNazwa>Załęże-Sędzięta</sln:miejscNazwa><sln:miejscRodzaj>Wieś</sln:miejscRodzaj><sln:powIIPId>d0693248-930f-4838-b662-ac7137143bdf</sln:powIIPId><sln:powIIPPn>PL.PZGIK.200</sln:powIIPPn><sln:powIIPWersja>2012-09-27T08:13:53+02:00</sln:powIIPWersja><sln:powIdTeryt>1411</sln:powIdTeryt><sln:powNazwa>makowski</sln:powNazwa><sln:waznyOd>2014-06-20T00:00:00+02:00</sln:waznyOd><sln:wojIIPId>4b6c492a-eb04-441d-a92a-f44359c06de7</sln:wojIIPId><sln:wojIIPPn>PL.PZGIK.200</sln:wojIIPPn><sln:wojIIPWersja>2012-09-27T13:45:13+02:00</sln:wojIIPWersja><sln:wojIdTeryt>14</sln:wojIdTeryt><sln:wojNazwa>mazowieckie</sln:wojNazwa></sln:miejscowosc><sln:miejscowosc><sln:cyklZyciaDo>2017-03-27T00:00:00+02:00</sln:cyklZyciaDo><sln:cyklZyciaOd>2016-01-19T00:00:00+01:00</sln:cyklZyciaOd><sln:gmIIPId>5d416e91-ffb1-4561-92f0-9200a3f0f7ef</sln:gmIIPId><sln:gmIIPPn>PL.PZGIK.200</sln:gmIIPPn><sln:gmIIPWersja>2012-09-26T22:52:17+02:00</sln:gmIIPWersja><sln:gmIdTeryt>1411073</sln:gmIdTeryt><sln:gmNazwa>Różan</sln:gmNazwa><sln:miejscIIPId>e862233c-e5e6-4391-a66c-e1821012fa14</sln:miejscIIPId><sln:miejscIIPPn>PL.PZGIK.200</sln:miejscIIPPn><sln:miejscIIPWersja>2016-11-24T11:01:26+02:00</sln:miejscIIPWersja><sln:miejscIdTeryt>0518725</sln:miejscIdTeryt><sln:miejscNazwa>Załęże Wielkie</sln:miejscNazwa><sln:miejscRodzaj>Wieś</sln:miejscRodzaj><sln:powIIPId>d0693248-930f-4838-b662-ac7137143bdf</sln:powIIPId><sln:powIIPPn>PL.PZGIK.200</sln:powIIPPn><sln:powIIPWersja>2012-09-27T08:13:53+02:00</sln:powIIPWersja><sln:powIdTeryt>1411</sln:powIdTeryt><sln:powNazwa>makowski</sln:powNazwa><sln:waznyOd>2014-06-20T00:00:00+02:00</sln:waznyOd><sln:wojIIPId>4b6c492a-eb04-441d-a92a-f44359c06de7</sln:wojIIPId><sln:wojIIPPn>PL.PZGIK.200</sln:wojIIPPn><sln:wojIIPWersja>2012-09-27T13:45:13+02:00</sln:wojIIPWersja><sln:wojIdTeryt>14</sln:wojIdTeryt><sln:wojNazwa>mazowieckie</sln:wojNazwa></sln:miejscowosc><sln:miejscowosc><sln:cyklZyciaDo>2017-03-27T00:00:00+02:00</sln:cyklZyciaDo><sln:cyklZyciaOd>2016-01-19T00:00:00+01:00</sln:cyklZyciaOd><sln:gmIIPId>5d416e91-ffb1-4561-92f0-9200a3f0f7ef</sln:gmIIPId><sln:gmIIPPn>PL.PZGIK.200</sln:gmIIPPn><sln:gmIIPWersja>2012-09-26T22:52:17+02:00</sln:gmIIPWersja><sln:gmIdTeryt>1411073</sln:gmIdTeryt><sln:gmNazwa>Różan</sln:gmNazwa><sln:miejscIIPId>8463ee94-f68b-46bf-ba67-bbc3ca0ee7e0</sln:miejscIIPId><sln:miejscIIPPn>PL.PZGIK.200</sln:miejscIIPPn><sln:miejscIIPWersja>2016-11-24T11:01:28+02:00</sln:miejscIIPWersja><sln:miejscIdTeryt>0518731</sln:miejscIdTeryt><sln:miejscNazwa>Załuzie</sln:miejscNazwa><sln:miejscRodzaj>Wieś</sln:miejscRodzaj><sln:powIIPId>d0693248-930f-4838-b662-ac7137143bdf</sln:powIIPId><sln:powIIPPn>PL.PZGIK.200</sln:powIIPPn><sln:powIIPWersja>2012-09-27T08:13:53+02:00</sln:powIIPWersja><sln:powIdTeryt>1411</sln:powIdTeryt><sln:powNazwa>makowski</sln:powNazwa><sln:waznyOd>2014-06-20T00:00:00+02:00</sln:waznyOd><sln:wojIIPId>4b6c492a-eb04-441d-a92a-f44359c06de7</sln:wojIIPId><sln:wojIIPPn>PL.PZGIK.200</sln:wojIIPPn><sln:wojIIPWersja>2012-09-27T13:45:13+02:00</sln:wojIIPWersja><sln:wojIdTeryt>14</sln:wojIdTeryt><sln:wojNazwa>mazowieckie</sln:wojNazwa></sln:miejscowosc><sln:miejscowosc><sln:cyklZyciaDo>2017-03-27T00:00:00+02:00</sln:cyklZyciaDo><sln:cyklZyciaOd>2016-01-19T00:00:00+01:00</sln:cyklZyciaOd><sln:gmIIPId>5d416e91-ffb1-4561-92f0-9200a3f0f7ef</sln:gmIIPId><sln:gmIIPPn>PL.PZGIK.200</sln:gmIIPPn><sln:gmIIPWersja>2012-09-26T22:52:17+02:00</sln:gmIIPWersja><sln:gmIdTeryt>1411073</sln:gmIdTeryt><sln:gmNazwa>Różan</sln:gmNazwa><sln:miejscIIPId>b43fb6ed-e549-4ac2-a84a-e1f4b542be1f</sln:miejscIIPId><sln:miejscIIPPn>PL.PZGIK.200</sln:miejscIIPPn><sln:miejscIIPWersja>2016-11-24T10:48:27+02:00</sln:miejscIIPWersja><sln:miejscIdTeryt>0508780</sln:miejscIdTeryt><sln:miejscNazwa>Zawady-Ponikiew</sln:miejscNazwa><sln:miejscRodzaj>Wieś</sln:miejscRodzaj><sln:powIIPId>d0693248-930f-4838-b662-ac7137143bdf</sln:powIIPId><sln:powIIPPn>PL.PZGIK.200</sln:powIIPPn><sln:powIIPWersja>2012-09-27T08:13:53+02:00</sln:powIIPWersja><sln:powIdTeryt>1411</sln:powIdTeryt><sln:powNazwa>makowski</sln:powNazwa><sln:waznyOd>2014-06-20T00:00:00+02:00</sln:waznyOd><sln:wojIIPId>4b6c492a-eb04-441d-a92a-f44359c06de7</sln:wojIIPId><sln:wojIIPPn>PL.PZGIK.200</sln:wojIIPPn><sln:wojIIPWersja>2012-09-27T13:45:13+02:00</sln:wojIIPWersja><sln:wojIdTeryt>14</sln:wojIdTeryt><sln:wojNazwa>mazowieckie</sln:wojNazwa></sln:miejscowosc><sln:miejscowosc><sln:cyklZyciaDo>2015-12-15T00:00:00+01:00</sln:cyklZyciaDo><sln:cyklZyciaOd>2015-03-03T00:00:00+01:00</sln:cyklZyciaOd><sln:gmIIPId>5d416e91-ffb1-4561-92f0-9200a3f0f7ef</sln:gmIIPId><sln:gmIIPPn>PL.PZGIK.200</sln:gmIIPPn><sln:gmIIPWersja>2012-09-26T22:52:17+02:00</sln:gmIIPWersja><sln:gmIdTeryt>1411073</sln:gmIdTeryt><sln:gmNazwa>Różan</sln:gmNazwa><sln:miejscIIPId>da43f836-78ce-44fc-96c6-2ee50eb9e54b</sln:miejscIIPId><sln:miejscIIPPn>PL.PZGIK.200</sln:miejscIIPPn><sln:miejscIIPWersja>2016-11-24T11:00:58+02:00</sln:miejscIIPWersja><sln:miejscIdTeryt>0518576</sln:miejscIdTeryt><sln:miejscNazwa>Chełsty</sln:miejscNazwa><sln:miejscRodzaj>Inny obiekt</sln:miejscRodzaj><sln:powIIPId>d0693248-930f-4838-b662-ac7137143bdf</sln:powIIPId><sln:powIIPPn>PL.PZGIK.200</sln:powIIPPn><sln:powIIPWersja>2012-09-27T08:13:53+02:00</sln:powIIPWersja><sln:powIdTeryt>1411</sln:powIdTeryt><sln:powNazwa>makowski</sln:powNazwa><sln:waznyOd>2014-06-20T00:00:00+02:00</sln:waznyOd><sln:wojIIPId>4b6c492a-eb04-441d-a92a-f44359c06de7</sln:wojIIPId><sln:wojIIPPn>PL.PZGIK.200</sln:wojIIPPn><sln:wojIIPWersja>2012-09-27T13:45:13+02:00</sln:wojIIPWersja><sln:wojIdTeryt>14</sln:wojIdTeryt><sln:wojNazwa>mazowieckie</sln:wojNazwa></sln:miejscowosc><sln:miejscowosc><sln:cyklZyciaDo>2015-12-15T00:00:00+01:00</sln:cyklZyciaDo><sln:cyklZyciaOd>2015-03-03T00:00:00+01:00</sln:cyklZyciaOd><sln:gmIIPId>5d416e91-ffb1-4561-92f0-9200a3f0f7ef</sln:gmIIPId><sln:gmIIPPn>PL.PZGIK.200</sln:gmIIPPn><sln:gmIIPWersja>2012-09-26T22:52:17+02:00</sln:gmIIPWersja><sln:gmIdTeryt>1411073</sln:gmIdTeryt><sln:gmNazwa>Różan</sln:gmNazwa><sln:miejscIIPId>0a1c5a07-60f9-4ef0-a41b-a706530c8537</sln:miejscIIPId><sln:miejscIIPPn>PL.PZGIK.200</sln:miejscIIPPn><sln:miejscIIPWersja>2016-11-24T11:01:01+02:00</sln:miejscIIPWersja><sln:miejscIdTeryt>0518582</sln:miejscIdTeryt><sln:miejscNazwa>Chrzczonki</sln:miejscNazwa><sln:miejscRodzaj>Inny obiekt</sln:miejscRodzaj><sln:powIIPId>d0693248-930f-4838-b662-ac7137143bdf</sln:powIIPId><sln:powIIPPn>PL.PZGIK.200</sln:powIIPPn><sln:powIIPWersja>2012-09-27T08:13:53+02:00</sln:powIIPWersja><sln:powIdTeryt>1411</sln:powIdTeryt><sln:powNazwa>makowski</sln:powNazwa><sln:waznyOd>2014-06-20T00:00:00+02:00</sln:waznyOd><sln:wojIIPId>4b6c492a-eb04-441d-a92a-f44359c06de7</sln:wojIIPId><sln:wojIIPPn>PL.PZGIK.200</sln:wojIIPPn><sln:wojIIPWersja>2012-09-27T13:45:13+02:00</sln:wojIIPWersja><sln:wojIdTeryt>14</sln:wojIdTeryt><sln:wojNazwa>mazowieckie</sln:wojNazwa></sln:miejscowosc><sln:miejscowosc><sln:cyklZyciaDo>2015-12-15T00:00:00+01:00</sln:cyklZyciaDo><sln:cyklZyciaOd>2015-03-03T00:00:00+01:00</sln:cyklZyciaOd><sln:gmIIPId>5d416e91-ffb1-4561-92f0-9200a3f0f7ef</sln:gmIIPId><sln:gmIIPPn>PL.PZGIK.200</sln:gmIIPPn><sln:gmIIPWersja>2012-09-26T22:52:17+02:00</sln:gmIIPWersja><sln:gmIdTeryt>1411073</sln:gmIdTeryt><sln:gmNazwa>Różan</sln:gmNazwa><sln:miejscIIPId>27ee7c7e-dc30-45a3-a99a-869e881ec873</sln:miejscIIPId><sln:miejscIIPPn>PL.PZGIK.200</sln:miejscIIPPn><sln:miejscIIPWersja>2016-11-24T11:01:03+02:00</sln:miejscIIPWersja><sln:miejscIdTeryt>0518599</sln:miejscIdTeryt><sln:miejscNazwa>Dąbrówka</sln:miejscNazwa><sln:miejscRodzaj>Inny obiekt</sln:miejscRodzaj><sln:powIIPId>d0693248-930f-4838-b662-ac7137143bdf</sln:powIIPId><sln:powIIPPn>PL.PZGIK.200</sln:powIIPPn><sln:powIIPWersja>2012-09-27T08:13:53+02:00</sln:powIIPWersja><sln:powIdTeryt>1411</sln:powIdTeryt><sln:powNazwa>makowski</sln:powNazwa><sln:waznyOd>2014-06-20T00:00:00+02:00</sln:waznyOd><sln:wojIIPId>4b6c492a-eb04-441d-a92a-f44359c06de7</sln:wojIIPId><sln:wojIIPPn>PL.PZGIK.200</sln:wojIIPPn><sln:wojIIPWersja>2012-09-27T13:45:13+02:00</sln:wojIIPWersja><sln:wojIdTeryt>14</sln:wojIdTeryt><sln:wojNazwa>mazowieckie</sln:wojNazwa></sln:miejscowosc><sln:miejscowosc><sln:cyklZyciaDo>2015-12-15T00:00:00+01:00</sln:cyklZyciaDo><sln:cyklZyciaOd>2015-03-03T00:00:00+01:00</sln:cyklZyciaOd><sln:gmIIPId>5d416e91-ffb1-4561-92f0-9200a3f0f7ef</sln:gmIIPId><sln:gmIIPPn>PL.PZGIK.200</sln:gmIIPPn><sln:gmIIPWersja>2012-09-26T22:52:17+02:00</sln:gmIIPWersja><sln:gmIdTeryt>1411073</sln:gmIdTeryt><sln:gmNazwa>Różan</sln:gmNazwa><sln:miejscIIPId>1aa5ad61-75ce-4f0e-908d-35fb1f7e20a5</sln:miejscIIPId><sln:miejscIIPPn>PL.PZGIK.200</sln:miejscIIPPn><sln:miejscIIPWersja>2016-11-24T11:01:05+02:00</sln:miejscIIPWersja><sln:miejscIdTeryt>0518607</sln:miejscIdTeryt><sln:miejscNazwa>Dyszobaba</sln:miejscNazwa><sln:miejscRodzaj>Inny obiekt</sln:miejscRodzaj><sln:powIIPId>d0693248-930f-4838-b662-ac7137143bdf</sln:powIIPId><sln:powIIPPn>PL.PZGIK.200</sln:powIIPPn><sln:powIIPWersja>2012-09-27T08:13:53+02:00</sln:powIIPWersja><sln:powIdTeryt>1411</sln:powIdTeryt><sln:powNazwa>makowski</sln:powNazwa><sln:waznyOd>2014-06-20T00:00:00+02:00</sln:waznyOd><sln:wojIIPId>4b6c492a-eb04-441d-a92a-f44359c06de7</sln:wojIIPId><sln:wojIIPPn>PL.PZGIK.200</sln:wojIIPPn><sln:wojIIPWersja>2012-09-27T13:45:13+02:00</sln:wojIIPWersja><sln:wojIdTeryt>14</sln:wojIdTeryt><sln:wojNazwa>mazowieckie</sln:wojNazwa></sln:miejscowosc><sln:miejscowosc><sln:cyklZyciaDo>2015-12-15T00:00:00+01:00</sln:cyklZyciaDo><sln:cyklZyciaOd>2015-03-03T00:00:00+01:00</sln:cyklZyciaOd><sln:gmIIPId>5d416e91-ffb1-4561-92f0-9200a3f0f7ef</sln:gmIIPId><sln:gmIIPPn>PL.PZGIK.200</sln:gmIIPPn><sln:gmIIPWersja>2012-09-26T22:52:17+02:00</sln:gmIIPWersja><sln:gmIdTeryt>1411073</sln:gmIdTeryt><sln:gmNazwa>Różan</sln:gmNazwa><sln:miejscIIPId>642e21f9-c701-4132-b9c7-eb64843d97ab</sln:miejscIIPId><sln:miejscIIPPn>PL.PZGIK.200</sln:miejscIIPPn><sln:miejscIIPWersja>2016-11-24T11:01:07+02:00</sln:miejscIIPWersja><sln:miejscIdTeryt>0518613</sln:miejscIdTeryt><sln:miejscNazwa>Dzbądz</sln:miejscNazwa><sln:miejscRodzaj>Inny obiekt</sln:miejscRodzaj><sln:powIIPId>d0693248-930f-4838-b662-ac7137143bdf</sln:powIIPId><sln:powIIPPn>PL.PZGIK.200</sln:powIIPPn><sln:powIIPWersja>2012-09-27T08:13:53+02:00</sln:powIIPWersja><sln:powIdTeryt>1411</sln:powIdTeryt><sln:powNazwa>makowski</sln:powNazwa><sln:waznyOd>2014-06-20T00:00:00+02:00</sln:waznyOd><sln:wojIIPId>4b6c492a-eb04-441d-a92a-f44359c06de7</sln:wojIIPId><sln:wojIIPPn>PL.PZGIK.200</sln:wojIIPPn><sln:wojIIPWersja>2012-09-27T13:45:13+02:00</sln:wojIIPWersja><sln:wojIdTeryt>14</sln:wojIdTeryt><sln:wojNazwa>mazowieckie</sln:wojNazwa></sln:miejscowosc><sln:miejscowosc><sln:cyklZyciaDo>2015-12-15T00:00:00+01:00</sln:cyklZyciaDo><sln:cyklZyciaOd>2015-03-03T00:00:00+01:00</sln:cyklZyciaOd><sln:gmIIPId>5d416e91-ffb1-4561-92f0-9200a3f0f7ef</sln:gmIIPId><sln:gmIIPPn>PL.PZGIK.200</sln:gmIIPPn><sln:gmIIPWersja>2012-09-26T22:52:17+02:00</sln:gmIIPWersja><sln:gmIdTeryt>1411073</sln:gmIdTeryt><sln:gmNazwa>Różan</sln:gmNazwa><sln:miejscIIPId>5a1ea744-6cf2-43f1-9d52-4c5d52d24957</sln:miejscIIPId><sln:miejscIIPPn>PL.PZGIK.200</sln:miejscIIPPn><sln:miejscIIPWersja>2016-11-24T11:01:09+02:00</sln:miejscIIPWersja><sln:miejscIdTeryt>0518620</sln:miejscIdTeryt><sln:miejscNazwa>Kaszewiec</sln:miejscNazwa><sln:miejscRodzaj>Inny obiekt</sln:miejscRodzaj><sln:powIIPId>d0693248-930f-4838-b662-ac7137143bdf</sln:powIIPId><sln:powIIPPn>PL.PZGIK.200</sln:powIIPPn><sln:powIIPWersja>2012-09-27T08:13:53+02:00</sln:powIIPWersja><sln:powIdTeryt>1411</sln:powIdTeryt><sln:powNazwa>makowski</sln:powNazwa><sln:waznyOd>2014-06-20T00:00:00+02:00</sln:waznyOd><sln:wojIIPId>4b6c492a-eb04-441d-a92a-f44359c06de7</sln:wojIIPId><sln:wojIIPPn>PL.PZGIK.200</sln:wojIIPPn><sln:wojIIPWersja>2012-09-27T13:45:13+02:00</sln:wojIIPWersja><sln:wojIdTeryt>14</sln:wojIdTeryt><sln:wojNazwa>mazowieckie</sln:wojNazwa></sln:miejscowosc><sln:miejscowosc><sln:cyklZyciaDo>2015-12-15T00:00:00+01:00</sln:cyklZyciaDo><sln:cyklZyciaOd>2015-03-03T00:00:00+01:00</sln:cyklZyciaOd><sln:gmIIPId>5d416e91-ffb1-4561-92f0-9200a3f0f7ef</sln:gmIIPId><sln:gmIIPPn>PL.PZGIK.200</sln:gmIIPPn><sln:gmIIPWersja>2012-09-26T22:52:17+02:00</sln:gmIIPWersja><sln:gmIdTeryt>1411073</sln:gmIdTeryt><sln:gmNazwa>Różan</sln:gmNazwa><sln:miejscIIPId>da8f88f9-3589-4ab1-a425-074021691954</sln:miejscIIPId><sln:miejscIIPPn>PL.PZGIK.200</sln:miejscIIPPn><sln:miejscIIPWersja>2016-11-24T11:01:11+02:00</sln:miejscIIPWersja><sln:miejscIdTeryt>0518642</sln:miejscIdTeryt><sln:miejscNazwa>Miłony</sln:miejscNazwa><sln:miejscRodzaj>Inny obiekt</sln:miejscRodzaj><sln:powIIPId>d0693248-930f-4838-b662-ac7137143bdf</sln:powIIPId><sln:powIIPPn>PL.PZGIK.200</sln:powIIPPn><sln:powIIPWersja>2012-09-27T08:13:53+02:00</sln:powIIPWersja><sln:powIdTeryt>1411</sln:powIdTeryt><sln:powNazwa>makowski</sln:powNazwa><sln:waznyOd>2014-06-20T00:00:00+02:00</sln:waznyOd><sln:wojIIPId>4b6c492a-eb04-441d-a92a-f44359c06de7</sln:wojIIPId><sln:wojIIPPn>PL.PZGIK.200</sln:wojIIPPn><sln:wojIIPWersja>2012-09-27T13:45:13+02:00</sln:wojIIPWersja><sln:wojIdTeryt>14</sln:wojIdTeryt><sln:wojNazwa>mazowieckie</sln:wojNazwa></sln:miejscowosc><sln:miejscowosc><sln:cyklZyciaDo>2015-12-15T00:00:00+01:00</sln:cyklZyciaDo><sln:cyklZyciaOd>2015-03-03T00:00:00+01:00</sln:cyklZyciaOd><sln:gmIIPId>5d416e91-ffb1-4561-92f0-9200a3f0f7ef</sln:gmIIPId><sln:gmIIPPn>PL.PZGIK.200</sln:gmIIPPn><sln:gmIIPWersja>2012-09-26T22:52:17+02:00</sln:gmIIPWersja><sln:gmIdTeryt>1411073</sln:gmIdTeryt><sln:gmNazwa>Różan</sln:gmNazwa><sln:miejscIIPId>b51b1fcf-5b0d-440b-9aa5-fd79981ba2a4</sln:miejscIIPId><sln:miejscIIPPn>PL.PZGIK.200</sln:miejscIIPPn><sln:miejscIIPWersja>2016-11-24T11:01:23+02:00</sln:miejscIIPWersja><sln:miejscIdTeryt>0518702</sln:miejscIdTeryt><sln:miejscNazwa>Załęże-Gartki</sln:miejscNazwa><sln:miejscRodzaj>Inny obiekt</sln:miejscRodzaj><sln:powIIPId>d0693248-930f-4838-b662-ac7137143bdf</sln:powIIPId><sln:powIIPPn>PL.PZGIK.200</sln:powIIPPn><sln:powIIPWersja>2012-09-27T08:13:53+02:00</sln:powIIPWersja><sln:powIdTeryt>1411</sln:powIdTeryt><sln:powNazwa>makowski</sln:powNazwa><sln:waznyOd>2014-06-20T00:00:00+02:00</sln:waznyOd><sln:wojIIPId>4b6c492a-eb04-441d-a92a-f44359c06de7</sln:wojIIPId><sln:wojIIPPn>PL.PZGIK.200</sln:wojIIPPn><sln:wojIIPWersja>2012-09-27T13:45:13+02:00</sln:wojIIPWersja><sln:wojIdTeryt>14</sln:wojIdTeryt><sln:wojNazwa>mazowieckie</sln:wojNazwa></sln:miejscowosc><sln:miejscowosc><sln:cyklZyciaDo>2015-12-15T00:00:00+01:00</sln:cyklZyciaDo><sln:cyklZyciaOd>2015-03-03T00:00:00+01:00</sln:cyklZyciaOd><sln:gmIIPId>5d416e91-ffb1-4561-92f0-9200a3f0f7ef</sln:gmIIPId><sln:gmIIPPn>PL.PZGIK.200</sln:gmIIPPn><sln:gmIIPWersja>2012-09-26T22:52:17+02:00</sln:gmIIPWersja><sln:gmIdTeryt>1411073</sln:gmIdTeryt><sln:gmNazwa>Różan</sln:gmNazwa><sln:miejscIIPId>24476aac-12b8-4fd5-844e-c3931c094b0f</sln:miejscIIPId><sln:miejscIIPPn>PL.PZGIK.200</sln:miejscIIPPn><sln:miejscIIPWersja>2016-11-24T11:01:13+02:00</sln:miejscIIPWersja><sln:miejscIdTeryt>0518659</sln:miejscIdTeryt><sln:miejscNazwa>Mroczki-Rębiszewo</sln:miejscNazwa><sln:miejscRodzaj>Inny obiekt</sln:miejscRodzaj><sln:powIIPId>d0693248-930f-4838-b662-ac7137143bdf</sln:powIIPId><sln:powIIPPn>PL.PZGIK.200</sln:powIIPPn><sln:powIIPWersja>2012-09-27T08:13:53+02:00</sln:powIIPWersja><sln:powIdTeryt>1411</sln:powIdTeryt><sln:powNazwa>makowski</sln:powNazwa><sln:waznyOd>2014-06-20T00:00:00+02:00</sln:waznyOd><sln:wojIIPId>4b6c492a-eb04-441d-a92a-f44359c06de7</sln:wojIIPId><sln:wojIIPPn>PL.PZGIK.200</sln:wojIIPPn><sln:wojIIPWersja>2012-09-27T13:45:13+02:00</sln:wojIIPWersja><sln:wojIdTeryt>14</sln:wojIdTeryt><sln:wojNazwa>mazowieckie</sln:wojNazwa></sln:miejscowosc><sln:miejscowosc><sln:cyklZyciaDo>2015-12-15T00:00:00+01:00</sln:cyklZyciaDo><sln:cyklZyciaOd>2015-03-03T00:00:00+01:00</sln:cyklZyciaOd><sln:gmIIPId>5d416e91-ffb1-4561-92f0-9200a3f0f7ef</sln:gmIIPId><sln:gmIIPPn>PL.PZGIK.200</sln:gmIIPPn><sln:gmIIPWersja>2012-09-26T22:52:17+02:00</sln:gmIIPWersja><sln:gmIdTeryt>1411073</sln:gmIdTeryt><sln:gmNazwa>Różan</sln:gmNazwa><sln:miejscIIPId>f236679b-f5b9-4673-a1c3-dc6f5a15021d</sln:miejscIIPId><sln:miejscIIPPn>PL.PZGIK.200</sln:miejscIIPPn><sln:miejscIIPWersja>2016-11-24T13:19:30+02:00</sln:miejscIIPWersja><sln:miejscIdTeryt>0989399</sln:miejscIdTeryt><sln:miejscNazwa>Paulinowo</sln:miejscNazwa><sln:miejscRodzaj>Inny obiekt</sln:miejscRodzaj><sln:powIIPId>d0693248-930f-4838-b662-ac7137143bdf</sln:powIIPId><sln:powIIPPn>PL.PZGIK.200</sln:powIIPPn><sln:powIIPWersja>2012-09-27T08:13:53+02:00</sln:powIIPWersja><sln:powIdTeryt>1411</sln:powIdTeryt><sln:powNazwa>makowski</sln:powNazwa><sln:waznyOd>2014-06-20T00:00:00+02:00</sln:waznyOd><sln:wojIIPId>4b6c492a-eb04-441d-a92a-f44359c06de7</sln:wojIIPId><sln:wojIIPPn>PL.PZGIK.200</sln:wojIIPPn><sln:wojIIPWersja>2012-09-27T13:45:13+02:00</sln:wojIIPWersja><sln:wojIdTeryt>14</sln:wojIdTeryt><sln:wojNazwa>mazowieckie</sln:wojNazwa></sln:miejscowosc><sln:miejscowosc><sln:cyklZyciaDo>2015-12-15T00:00:00+01:00</sln:cyklZyciaDo><sln:cyklZyciaOd>2015-03-03T00:00:00+01:00</sln:cyklZyciaOd><sln:gmIIPId>5d416e91-ffb1-4561-92f0-9200a3f0f7ef</sln:gmIIPId><sln:gmIIPPn>PL.PZGIK.200</sln:gmIIPPn><sln:gmIIPWersja>2012-09-26T22:52:17+02:00</sln:gmIIPWersja><sln:gmIdTeryt>1411073</sln:gmIdTeryt><sln:gmNazwa>Różan</sln:gmNazwa><sln:miejscIIPId>773768b7-f9b5-40f8-a2e3-daad8f7376d9</sln:miejscIIPId><sln:miejscIIPPn>PL.PZGIK.200</sln:miejscIIPPn><sln:miejscIIPWersja>2016-11-24T11:01:15+02:00</sln:miejscIIPWersja><sln:miejscIdTeryt>0518665</sln:miejscIdTeryt><sln:miejscNazwa>Podborze</sln:miejscNazwa><sln:miejscRodzaj>Inny obiekt</sln:miejscRodzaj><sln:powIIPId>d0693248-930f-4838-b662-ac7137143bdf</sln:powIIPId><sln:powIIPPn>PL.PZGIK.200</sln:powIIPPn><sln:powIIPWersja>2012-09-27T08:13:53+02:00</sln:powIIPWersja><sln:powIdTeryt>1411</sln:powIdTeryt><sln:powNazwa>makowski</sln:powNazwa><sln:waznyOd>2014-06-20T00:00:00+02:00</sln:waznyOd><sln:wojIIPId>4b6c492a-eb04-441d-a92a-f44359c06de7</sln:wojIIPId><sln:wojIIPPn>PL.PZGIK.200</sln:wojIIPPn><sln:wojIIPWersja>2012-09-27T13:45:13+02:00</sln:wojIIPWersja><sln:wojIdTeryt>14</sln:wojIdTeryt><sln:wojNazwa>mazowieckie</sln:wojNazwa></sln:miejscowosc><sln:miejscowosc><sln:cyklZyciaDo>2015-12-15T00:00:00+01:00</sln:cyklZyciaDo><sln:cyklZyciaOd>2015-03-03T00:00:00+01:00</sln:cyklZyciaOd><sln:gmIIPId>5d416e91-ffb1-4561-92f0-9200a3f0f7ef</sln:gmIIPId><sln:gmIIPPn>PL.PZGIK.200</sln:gmIIPPn><sln:gmIIPWersja>2012-09-26T22:52:17+02:00</sln:gmIIPWersja><sln:gmIdTeryt>1411073</sln:gmIdTeryt><sln:gmNazwa>Różan</sln:gmNazwa><sln:miejscIIPId>5061e1b8-5433-48c0-a3ad-4b9c656f4d64</sln:miejscIIPId><sln:miejscIIPPn>PL.PZGIK.200</sln:miejscIIPPn><sln:miejscIIPWersja>2016-11-24T11:01:17+02:00</sln:miejscIIPWersja><sln:miejscIdTeryt>0518671</sln:miejscIdTeryt><sln:miejscNazwa>Prycanowo</sln:miejscNazwa><sln:miejscRodzaj>Inny obiekt</sln:miejscRodzaj><sln:powIIPId>d0693248-930f-4838-b662-ac7137143bdf</sln:powIIPId><sln:powIIPPn>PL.PZGIK.200</sln:powIIPPn><sln:powIIPWersja>2012-09-27T08:13:53+02:00</sln:powIIPWersja><sln:powIdTeryt>1411</sln:powIdTeryt><sln:powNazwa>makowski</sln:powNazwa><sln:waznyOd>2014-06-20T00:00:00+02:00</sln:waznyOd><sln:wojIIPId>4b6c492a-eb04-441d-a92a-f44359c06de7</sln:wojIIPId><sln:wojIIPPn>PL.PZGIK.200</sln:wojIIPPn><sln:wojIIPWersja>2012-09-27T13:45:13+02:00</sln:wojIIPWersja><sln:wojIdTeryt>14</sln:wojIdTeryt><sln:wojNazwa>mazowieckie</sln:wojNazwa></sln:miejscowosc><sln:miejscowosc><sln:cyklZyciaDo>2015-12-15T00:00:00+01:00</sln:cyklZyciaDo><sln:cyklZyciaOd>2015-03-03T00:00:00+01:00</sln:cyklZyciaOd><sln:gmIIPId>5d416e91-ffb1-4561-92f0-9200a3f0f7ef</sln:gmIIPId><sln:gmIIPPn>PL.PZGIK.200</sln:gmIIPPn><sln:gmIIPWersja>2012-09-26T22:52:17+02:00</sln:gmIIPWersja><sln:gmIdTeryt>1411073</sln:gmIdTeryt><sln:gmNazwa>Różan</sln:gmNazwa><sln:miejscIIPId>eac1908f-6386-4050-a9cb-bb34280b972d</sln:miejscIIPId><sln:miejscIIPPn>PL.PZGIK.200</sln:miejscIIPPn><sln:miejscIIPWersja>2016-11-24T13:17:27+02:00</sln:miejscIIPWersja><sln:miejscIdTeryt>0966412</sln:miejscIdTeryt><sln:miejscNazwa>Różan</sln:miejscNazwa><sln:miejscRodzaj>Inny obiekt</sln:miejscRodzaj><sln:powIIPId>d0693248-930f-4838-b662-ac7137143bdf</sln:powIIPId><sln:powIIPPn>PL.PZGIK.200</sln:powIIPPn><sln:powIIPWersja>2012-09-27T08:13:53+02:00</sln:powIIPWersja><sln:powIdTeryt>1411</sln:powIdTeryt><sln:powNazwa>makowski</sln:powNazwa><sln:waznyOd>2014-06-20T00:00:00+02:00</sln:waznyOd><sln:wojIIPId>4b6c492a-eb04-441d-a92a-f44359c06de7</sln:wojIIPId><sln:wojIIPPn>PL.PZGIK.200</sln:wojIIPPn><sln:wojIIPWersja>2012-09-27T13:45:13+02:00</sln:wojIIPWersja><sln:wojIdTeryt>14</sln:wojIdTeryt><sln:wojNazwa>mazowieckie</sln:wojNazwa></sln:miejscowosc><sln:miejscowosc><sln:cyklZyciaDo>2015-12-15T00:00:00+01:00</sln:cyklZyciaDo><sln:cyklZyciaOd>2015-03-03T00:00:00+01:00</sln:cyklZyciaOd><sln:gmIIPId>5d416e91-ffb1-4561-92f0-9200a3f0f7ef</sln:gmIIPId><sln:gmIIPPn>PL.PZGIK.200</sln:gmIIPPn><sln:gmIIPWersja>2012-09-26T22:52:17+02:00</sln:gmIIPWersja><sln:gmIdTeryt>1411073</sln:gmIdTeryt><sln:gmNazwa>Różan</sln:gmNazwa><sln:miejscIIPId>6f37e50a-96ee-48ee-b976-4eb1d0b822ea</sln:miejscIIPId><sln:miejscIIPPn>PL.PZGIK.200</sln:miejscIIPPn><sln:miejscIIPWersja>2016-11-24T11:01:19+02:00</sln:miejscIIPWersja><sln:miejscIdTeryt>0518688</sln:miejscIdTeryt><sln:miejscNazwa>Szygi</sln:miejscNazwa><sln:miejscRodzaj>Inny obiekt</sln:miejscRodzaj><sln:powIIPId>d0693248-930f-4838-b662-ac7137143bdf</sln:powIIPId><sln:powIIPPn>PL.PZGIK.200</sln:powIIPPn><sln:powIIPWersja>2012-09-27T08:13:53+02:00</sln:powIIPWersja><sln:powIdTeryt>1411</sln:powIdTeryt><sln:powNazwa>makowski</sln:powNazwa><sln:waznyOd>2014-06-20T00:00:00+02:00</sln:waznyOd><sln:wojIIPId>4b6c492a-eb04-441d-a92a-f44359c06de7</sln:wojIIPId><sln:wojIIPPn>PL.PZGIK.200</sln:wojIIPPn><sln:wojIIPWersja>2012-09-27T13:45:13+02:00</sln:wojIIPWersja><sln:wojIdTeryt>14</sln:wojIdTeryt><sln:wojNazwa>mazowieckie</sln:wojNazwa></sln:miejscowosc><sln:miejscowosc><sln:cyklZyciaDo>2015-12-15T00:00:00+01:00</sln:cyklZyciaDo><sln:cyklZyciaOd>2015-03-03T00:00:00+01:00</sln:cyklZyciaOd><sln:gmIIPId>5d416e91-ffb1-4561-92f0-9200a3f0f7ef</sln:gmIIPId><sln:gmIIPPn>PL.PZGIK.200</sln:gmIIPPn><sln:gmIIPWersja>2012-09-26T22:52:17+02:00</sln:gmIIPWersja><sln:gmIdTeryt>1411073</sln:gmIdTeryt><sln:gmNazwa>Różan</sln:gmNazwa><sln:miejscIIPId>dc813936-7077-4116-bfce-f06bc1fcc4fc</sln:miejscIIPId><sln:miejscIIPPn>PL.PZGIK.200</sln:miejscIIPPn><sln:miejscIIPWersja>2016-11-24T11:01:21+02:00</sln:miejscIIPWersja><sln:miejscIdTeryt>0518694</sln:miejscIdTeryt><sln:miejscNazwa>Załęże-Eliasze</sln:miejscNazwa><sln:miejscRodzaj>Inny obiekt</sln:miejscRodzaj><sln:powIIPId>d0693248-930f-4838-b662-ac7137143bdf</sln:powIIPId><sln:powIIPPn>PL.PZGIK.200</sln:powIIPPn><sln:powIIPWersja>2012-09-27T08:13:53+02:00</sln:powIIPWersja><sln:powIdTeryt>1411</sln:powIdTeryt><sln:powNazwa>makowski</sln:powNazwa><sln:waznyOd>2014-06-20T00:00:00+02:00</sln:waznyOd><sln:wojIIPId>4b6c492a-eb04-441d-a92a-f44359c06de7</sln:wojIIPId><sln:wojIIPPn>PL.PZGIK.200</sln:wojIIPPn><sln:wojIIPWersja>2012-09-27T13:45:13+02:00</sln:wojIIPWersja><sln:wojIdTeryt>14</sln:wojIdTeryt><sln:wojNazwa>mazowieckie</sln:wojNazwa></sln:miejscowosc><sln:miejscowosc><sln:cyklZyciaDo>2015-12-15T00:00:00+01:00</sln:cyklZyciaDo><sln:cyklZyciaOd>2015-03-03T00:00:00+01:00</sln:cyklZyciaOd><sln:gmIIPId>5d416e91-ffb1-4561-92f0-9200a3f0f7ef</sln:gmIIPId><sln:gmIIPPn>PL.PZGIK.200</sln:gmIIPPn><sln:gmIIPWersja>2012-09-26T22:52:17+02:00</sln:gmIIPWersja><sln:gmIdTeryt>1411073</sln:gmIdTeryt><sln:gmNazwa>Różan</sln:gmNazwa><sln:miejscIIPId>66fe5260-6c28-4823-87ef-23dca629c976</sln:miejscIIPId><sln:miejscIIPPn>PL.PZGIK.200</sln:miejscIIPPn><sln:miejscIIPWersja>2016-11-24T11:01:25+02:00</sln:miejscIIPWersja><sln:miejscIdTeryt>0518719</sln:miejscIdTeryt><sln:miejscNazwa>Załęże-Sędzięta</sln:miejscNazwa><sln:miejscRodzaj>Inny obiekt</sln:miejscRodzaj><sln:powIIPId>d0693248-930f-4838-b662-ac7137143bdf</sln:powIIPId><sln:powIIPPn>PL.PZGIK.200</sln:powIIPPn><sln:powIIPWersja>2012-09-27T08:13:53+02:00</sln:powIIPWersja><sln:powIdTeryt>1411</sln:powIdTeryt><sln:powNazwa>makowski</sln:powNazwa><sln:waznyOd>2014-06-20T00:00:00+02:00</sln:waznyOd><sln:wojIIPId>4b6c492a-eb04-441d-a92a-f44359c06de7</sln:wojIIPId><sln:wojIIPPn>PL.PZGIK.200</sln:wojIIPPn><sln:wojIIPWersja>2012-09-27T13:45:13+02:00</sln:wojIIPWersja><sln:wojIdTeryt>14</sln:wojIdTeryt><sln:wojNazwa>mazowieckie</sln:wojNazwa></sln:miejscowosc><sln:miejscowosc><sln:cyklZyciaDo>2015-12-15T00:00:00+01:00</sln:cyklZyciaDo><sln:cyklZyciaOd>2015-03-03T00:00:00+01:00</sln:cyklZyciaOd><sln:gmIIPId>5d416e91-ffb1-4561-92f0-9200a3f0f7ef</sln:gmIIPId><sln:gmIIPPn>PL.PZGIK.200</sln:gmIIPPn><sln:gmIIPWersja>2012-09-26T22:52:17+02:00</sln:gmIIPWersja><sln:gmIdTeryt>1411073</sln:gmIdTeryt><sln:gmNazwa>Różan</sln:gmNazwa><sln:miejscIIPId>e862233c-e5e6-4391-a66c-e1821012fa14</sln:miejscIIPId><sln:miejscIIPPn>PL.PZGIK.200</sln:miejscIIPPn><sln:miejscIIPWersja>2016-11-24T11:01:27+02:00</sln:miejscIIPWersja><sln:miejscIdTeryt>0518725</sln:miejscIdTeryt><sln:miejscNazwa>Załęże Wielkie</sln:miejscNazwa><sln:miejscRodzaj>Inny obiekt</sln:miejscRodzaj><sln:powIIPId>d0693248-930f-4838-b662-ac7137143bdf</sln:powIIPId><sln:powIIPPn>PL.PZGIK.200</sln:powIIPPn><sln:powIIPWersja>2012-09-27T08:13:53+02:00</sln:powIIPWersja><sln:powIdTeryt>1411</sln:powIdTeryt><sln:powNazwa>makowski</sln:powNazwa><sln:waznyOd>2014-06-20T00:00:00+02:00</sln:waznyOd><sln:wojIIPId>4b6c492a-eb04-441d-a92a-f44359c06de7</sln:wojIIPId><sln:wojIIPPn>PL.PZGIK.200</sln:wojIIPPn><sln:wojIIPWersja>2012-09-27T13:45:13+02:00</sln:wojIIPWersja><sln:wojIdTeryt>14</sln:wojIdTeryt><sln:wojNazwa>mazowieckie</sln:wojNazwa></sln:miejscowosc><sln:miejscowosc><sln:cyklZyciaDo>2015-12-15T00:00:00+01:00</sln:cyklZyciaDo><sln:cyklZyciaOd>2015-03-03T00:00:00+01:00</sln:cyklZyciaOd><sln:gmIIPId>5d416e91-ffb1-4561-92f0-9200a3f0f7ef</sln:gmIIPId><sln:gmIIPPn>PL.PZGIK.200</sln:gmIIPPn><sln:gmIIPWersja>2012-09-26T22:52:17+02:00</sln:gmIIPWersja><sln:gmIdTeryt>1411073</sln:gmIdTeryt><sln:gmNazwa>Różan</sln:gmNazwa><sln:miejscIIPId>8463ee94-f68b-46bf-ba67-bbc3ca0ee7e0</sln:miejscIIPId><sln:miejscIIPPn>PL.PZGIK.200</sln:miejscIIPPn><sln:miejscIIPWersja>2016-11-24T11:01:29+02:00</sln:miejscIIPWersja><sln:miejscIdTeryt>0518731</sln:miejscIdTeryt><sln:miejscNazwa>Załuzie</sln:miejscNazwa><sln:miejscRodzaj>Inny obiekt</sln:miejscRodzaj><sln:powIIPId>d0693248-930f-4838-b662-ac7137143bdf</sln:powIIPId><sln:powIIPPn>PL.PZGIK.200</sln:powIIPPn><sln:powIIPWersja>2012-09-27T08:13:53+02:00</sln:powIIPWersja><sln:powIdTeryt>1411</sln:powIdTeryt><sln:powNazwa>makowski</sln:powNazwa><sln:waznyOd>2014-06-20T00:00:00+02:00</sln:waznyOd><sln:wojIIPId>4b6c492a-eb04-441d-a92a-f44359c06de7</sln:wojIIPId><sln:wojIIPPn>PL.PZGIK.200</sln:wojIIPPn><sln:wojIIPWersja>2012-09-27T13:45:13+02:00</sln:wojIIPWersja><sln:wojIdTeryt>14</sln:wojIdTeryt><sln:wojNazwa>mazowieckie</sln:wojNazwa></sln:miejscowosc><sln:miejscowosc><sln:cyklZyciaDo>2015-12-15T00:00:00+01:00</sln:cyklZyciaDo><sln:cyklZyciaOd>2015-03-03T00:00:00+01:00</sln:cyklZyciaOd><sln:gmIIPId>5d416e91-ffb1-4561-92f0-9200a3f0f7ef</sln:gmIIPId><sln:gmIIPPn>PL.PZGIK.200</sln:gmIIPPn><sln:gmIIPWersja>2012-09-26T22:52:17+02:00</sln:gmIIPWersja><sln:gmIdTeryt>1411073</sln:gmIdTeryt><sln:gmNazwa>Różan</sln:gmNazwa><sln:miejscIIPId>b43fb6ed-e549-4ac2-a84a-e1f4b542be1f</sln:miejscIIPId><sln:miejscIIPPn>PL.PZGIK.200</sln:miejscIIPPn><sln:miejscIIPWersja>2016-11-24T10:48:28+02:00</sln:miejscIIPWersja><sln:miejscIdTeryt>0508780</sln:miejscIdTeryt><sln:miejscNazwa>Zawady-Ponikiew</sln:miejscNazwa><sln:miejscRodzaj>Inny obiekt</sln:miejscRodzaj><sln:powIIPId>d0693248-930f-4838-b662-ac7137143bdf</sln:powIIPId><sln:powIIPPn>PL.PZGIK.200</sln:powIIPPn><sln:powIIPWersja>2012-09-27T08:13:53+02:00</sln:powIIPWersja><sln:powIdTeryt>1411</sln:powIdTeryt><sln:powNazwa>makowski</sln:powNazwa><sln:waznyOd>2014-06-20T00:00:00+02:00</sln:waznyOd><sln:wojIIPId>4b6c492a-eb04-441d-a92a-f44359c06de7</sln:wojIIPId><sln:wojIIPPn>PL.PZGIK.200</sln:wojIIPPn><sln:wojIIPWersja>2012-09-27T13:45:13+02:00</sln:wojIIPWersja><sln:wojIdTeryt>14</sln:wojIdTeryt><sln:wojNazwa>mazowieckie</sln:wojNazwa></sln:miejscowosc><sln:miejscowosc><sln:cyklZyciaDo>2016-01-19T00:00:00+01:00</sln:cyklZyciaDo><sln:cyklZyciaOd>2015-12-15T00:00:00+01:00</sln:cyklZyciaOd><sln:gmIIPId>5d416e91-ffb1-4561-92f0-9200a3f0f7ef</sln:gmIIPId><sln:gmIIPPn>PL.PZGIK.200</sln:gmIIPPn><sln:gmIIPWersja>2012-09-26T22:52:17+02:00</sln:gmIIPWersja><sln:gmIdTeryt>1411073</sln:gmIdTeryt><sln:gmNazwa>Różan</sln:gmNazwa><sln:miejscIIPId>dc813936-7077-4116-bfce-f06bc1fcc4fc</sln:miejscIIPId><sln:miejscIIPPn>PL.PZGIK.200</sln:miejscIIPPn><sln:miejscIIPWersja>2016-11-24T11:01:22+02:00</sln:miejscIIPWersja><sln:miejscIdTeryt>0518694</sln:miejscIdTeryt><sln:miejscNazwa>Załęże-Eliasze</sln:miejscNazwa><sln:miejscRodzaj>Wieś</sln:miejscRodzaj><sln:powIIPId>d0693248-930f-4838-b662-ac7137143bdf</sln:powIIPId><sln:powIIPPn>PL.PZGIK.200</sln:powIIPPn><sln:powIIPWersja>2012-09-27T08:13:53+02:00</sln:powIIPWersja><sln:powIdTeryt>1411</sln:powIdTeryt><sln:powNazwa>makowski</sln:powNazwa><sln:waznyOd>2014-06-20T00:00:00+02:00</sln:waznyOd><sln:wojIIPId>4b6c492a-eb04-441d-a92a-f44359c06de7</sln:wojIIPId><sln:wojIIPPn>PL.PZGIK.200</sln:wojIIPPn><sln:wojIIPWersja>2012-09-27T13:45:13+02:00</sln:wojIIPWersja><sln:wojIdTeryt>14</sln:wojIdTeryt><sln:wojNazwa>mazowieckie</sln:wojNazwa></sln:miejscowosc><sln:miejscowosc><sln:cyklZyciaDo>2016-01-19T00:00:00+01:00</sln:cyklZyciaDo><sln:cyklZyciaOd>2015-12-15T00:00:00+01:00</sln:cyklZyciaOd><sln:gmIIPId>5d416e91-ffb1-4561-92f0-9200a3f0f7ef</sln:gmIIPId><sln:gmIIPPn>PL.PZGIK.200</sln:gmIIPPn><sln:gmIIPWersja>2012-09-26T22:52:17+02:00</sln:gmIIPWersja><sln:gmIdTeryt>1411073</sln:gmIdTeryt><sln:gmNazwa>Różan</sln:gmNazwa><sln:miejscIIPId>b51b1fcf-5b0d-440b-9aa5-fd79981ba2a4</sln:miejscIIPId><sln:miejscIIPPn>PL.PZGIK.200</sln:miejscIIPPn><sln:miejscIIPWersja>2016-11-24T11:01:24+02:00</sln:miejscIIPWersja><sln:miejscIdTeryt>0518702</sln:miejscIdTeryt><sln:miejscNazwa>Załęże-Gartki</sln:miejscNazwa><sln:miejscRodzaj>Wieś</sln:miejscRodzaj><sln:powIIPId>d0693248-930f-4838-b662-ac7137143bdf</sln:powIIPId><sln:powIIPPn>PL.PZGIK.200</sln:powIIPPn><sln:powIIPWersja>2012-09-27T08:13:53+02:00</sln:powIIPWersja><sln:powIdTeryt>1411</sln:powIdTeryt><sln:powNazwa>makowski</sln:powNazwa><sln:waznyOd>2014-06-20T00:00:00+02:00</sln:waznyOd><sln:wojIIPId>4b6c492a-eb04-441d-a92a-f44359c06de7</sln:wojIIPId><sln:wojIIPPn>PL.PZGIK.200</sln:wojIIPPn><sln:wojIIPWersja>2012-09-27T13:45:13+02:00</sln:wojIIPWersja><sln:wojIdTeryt>14</sln:wojIdTeryt><sln:wojNazwa>mazowieckie</sln:wojNazwa></sln:miejscowosc><sln:miejscowosc><sln:cyklZyciaDo>2016-01-19T00:00:00+01:00</sln:cyklZyciaDo><sln:cyklZyciaOd>2015-12-15T00:00:00+01:00</sln:cyklZyciaOd><sln:gmIIPId>5d416e91-ffb1-4561-92f0-9200a3f0f7ef</sln:gmIIPId><sln:gmIIPPn>PL.PZGIK.200</sln:gmIIPPn><sln:gmIIPWersja>2012-09-26T22:52:17+02:00</sln:gmIIPWersja><sln:gmIdTeryt>1411073</sln:gmIdTeryt><sln:gmNazwa>Różan</sln:gmNazwa><sln:miejscIIPId>66fe5260-6c28-4823-87ef-23dca629c976</sln:miejscIIPId><sln:miejscIIPPn>PL.PZGIK.200</sln:miejscIIPPn><sln:miejscIIPWersja>2016-11-24T11:01:26+02:00</sln:miejscIIPWersja><sln:miejscIdTeryt>0518719</sln:miejscIdTeryt><sln:miejscNazwa>Załęże-Sędzięta</sln:miejscNazwa><sln:miejscRodzaj>Wieś</sln:miejscRodzaj><sln:powIIPId>d0693248-930f-4838-b662-ac7137143bdf</sln:powIIPId><sln:powIIPPn>PL.PZGIK.200</sln:powIIPPn><sln:powIIPWersja>2012-09-27T08:13:53+02:00</sln:powIIPWersja><sln:powIdTeryt>1411</sln:powIdTeryt><sln:powNazwa>makowski</sln:powNazwa><sln:waznyOd>2014-06-20T00:00:00+02:00</sln:waznyOd><sln:wojIIPId>4b6c492a-eb04-441d-a92a-f44359c06de7</sln:wojIIPId><sln:wojIIPPn>PL.PZGIK.200</sln:wojIIPPn><sln:wojIIPWersja>2012-09-27T13:45:13+02:00</sln:wojIIPWersja><sln:wojIdTeryt>14</sln:wojIdTeryt><sln:wojNazwa>mazowieckie</sln:wojNazwa></sln:miejscowosc><sln:miejscowosc><sln:cyklZyciaDo>2016-01-19T00:00:00+01:00</sln:cyklZyciaDo><sln:cyklZyciaOd>2015-12-15T00:00:00+01:00</sln:cyklZyciaOd><sln:gmIIPId>5d416e91-ffb1-4561-92f0-9200a3f0f7ef</sln:gmIIPId><sln:gmIIPPn>PL.PZGIK.200</sln:gmIIPPn><sln:gmIIPWersja>2012-09-26T22:52:17+02:00</sln:gmIIPWersja><sln:gmIdTeryt>1411073</sln:gmIdTeryt><sln:gmNazwa>Różan</sln:gmNazwa><sln:miejscIIPId>e862233c-e5e6-4391-a66c-e1821012fa14</sln:miejscIIPId><sln:miejscIIPPn>PL.PZGIK.200</sln:miejscIIPPn><sln:miejscIIPWersja>2016-11-24T11:01:28+02:00</sln:miejscIIPWersja><sln:miejscIdTeryt>0518725</sln:miejscIdTeryt><sln:miejscNazwa>Załęże Wielkie</sln:miejscNazwa><sln:miejscRodzaj>Wieś</sln:miejscRodzaj><sln:powIIPId>d0693248-930f-4838-b662-ac7137143bdf</sln:powIIPId><sln:powIIPPn>PL.PZGIK.200</sln:powIIPPn><sln:powIIPWersja>2012-09-27T08:13:53+02:00</sln:powIIPWersja><sln:powIdTeryt>1411</sln:powIdTeryt><sln:powNazwa>makowski</sln:powNazwa><sln:waznyOd>2014-06-20T00:00:00+02:00</sln:waznyOd><sln:wojIIPId>4b6c492a-eb04-441d-a92a-f44359c06de7</sln:wojIIPId><sln:wojIIPPn>PL.PZGIK.200</sln:wojIIPPn><sln:wojIIPWersja>2012-09-27T13:45:13+02:00</sln:wojIIPWersja><sln:wojIdTeryt>14</sln:wojIdTeryt><sln:wojNazwa>mazowieckie</sln:wojNazwa></sln:miejscowosc><sln:miejscowosc><sln:cyklZyciaDo>2016-01-19T00:00:00+01:00</sln:cyklZyciaDo><sln:cyklZyciaOd>2015-12-15T00:00:00+01:00</sln:cyklZyciaOd><sln:gmIIPId>5d416e91-ffb1-4561-92f0-9200a3f0f7ef</sln:gmIIPId><sln:gmIIPPn>PL.PZGIK.200</sln:gmIIPPn><sln:gmIIPWersja>2012-09-26T22:52:17+02:00</sln:gmIIPWersja><sln:gmIdTeryt>1411073</sln:gmIdTeryt><sln:gmNazwa>Różan</sln:gmNazwa><sln:miejscIIPId>8463ee94-f68b-46bf-ba67-bbc3ca0ee7e0</sln:miejscIIPId><sln:miejscIIPPn>PL.PZGIK.200</sln:miejscIIPPn><sln:miejscIIPWersja>2016-11-24T11:01:30+02:00</sln:miejscIIPWersja><sln:miejscIdTeryt>0518731</sln:miejscIdTeryt><sln:miejscNazwa>Załuzie</sln:miejscNazwa><sln:miejscRodzaj>Wieś</sln:miejscRodzaj><sln:powIIPId>d0693248-930f-4838-b662-ac7137143bdf</sln:powIIPId><sln:powIIPPn>PL.PZGIK.200</sln:powIIPPn><sln:powIIPWersja>2012-09-27T08:13:53+02:00</sln:powIIPWersja><sln:powIdTeryt>1411</sln:powIdTeryt><sln:powNazwa>makowski</sln:powNazwa><sln:waznyOd>2014-06-20T00:00:00+02:00</sln:waznyOd><sln:wojIIPId>4b6c492a-eb04-441d-a92a-f44359c06de7</sln:wojIIPId><sln:wojIIPPn>PL.PZGIK.200</sln:wojIIPPn><sln:wojIIPWersja>2012-09-27T13:45:13+02:00</sln:wojIIPWersja><sln:wojIdTeryt>14</sln:wojIdTeryt><sln:wojNazwa>mazowieckie</sln:wojNazwa></sln:miejscowosc><sln:miejscowosc><sln:cyklZyciaDo>2016-01-19T00:00:00+01:00</sln:cyklZyciaDo><sln:cyklZyciaOd>2015-12-15T00:00:00+01:00</sln:cyklZyciaOd><sln:gmIIPId>5d416e91-ffb1-4561-92f0-9200a3f0f7ef</sln:gmIIPId><sln:gmIIPPn>PL.PZGIK.200</sln:gmIIPPn><sln:gmIIPWersja>2012-09-26T22:52:17+02:00</sln:gmIIPWersja><sln:gmIdTeryt>1411073</sln:gmIdTeryt><sln:gmNazwa>Różan</sln:gmNazwa><sln:miejscIIPId>b43fb6ed-e549-4ac2-a84a-e1f4b542be1f</sln:miejscIIPId><sln:miejscIIPPn>PL.PZGIK.200</sln:miejscIIPPn><sln:miejscIIPWersja>2016-11-24T10:48:29+02:00</sln:miejscIIPWersja><sln:miejscIdTeryt>0508780</sln:miejscIdTeryt><sln:miejscNazwa>Zawady-Ponikiew</sln:miejscNazwa><sln:miejscRodzaj>Wieś</sln:miejscRodzaj><sln:powIIPId>d0693248-930f-4838-b662-ac7137143bdf</sln:powIIPId><sln:powIIPPn>PL.PZGIK.200</sln:powIIPPn><sln:powIIPWersja>2012-09-27T08:13:53+02:00</sln:powIIPWersja><sln:powIdTeryt>1411</sln:powIdTeryt><sln:powNazwa>makowski</sln:powNazwa><sln:waznyOd>2014-06-20T00:00:00+02:00</sln:waznyOd><sln:wojIIPId>4b6c492a-eb04-441d-a92a-f44359c06de7</sln:wojIIPId><sln:wojIIPPn>PL.PZGIK.200</sln:wojIIPPn><sln:wojIIPWersja>2012-09-27T13:45:13+02:00</sln:wojIIPWersja><sln:wojIdTeryt>14</sln:wojIdTeryt><sln:wojNazwa>mazowieckie</sln:wojNazwa></sln:miejscowosc><sln:miejscowosc><sln:cyklZyciaDo>2016-01-19T00:00:00+01:00</sln:cyklZyciaDo><sln:cyklZyciaOd>2015-12-15T00:00:00+01:00</sln:cyklZyciaOd><sln:gmIIPId>5d416e91-ffb1-4561-92f0-9200a3f0f7ef</sln:gmIIPId><sln:gmIIPPn>PL.PZGIK.200</sln:gmIIPPn><sln:gmIIPWersja>2012-09-26T22:52:17+02:00</sln:gmIIPWersja><sln:gmIdTeryt>1411073</sln:gmIdTeryt><sln:gmNazwa>Różan</sln:gmNazwa><sln:miejscIIPId>da43f836-78ce-44fc-96c6-2ee50eb9e54b</sln:miejscIIPId><sln:miejscIIPPn>PL.PZGIK.200</sln:miejscIIPPn><sln:miejscIIPWersja>2016-11-24T11:01:00+02:00</sln:miejscIIPWersja><sln:miejscIdTeryt>0518576</sln:miejscIdTeryt><sln:miejscNazwa>Chełsty</sln:miejscNazwa><sln:miejscRodzaj>Wieś</sln:miejscRodzaj><sln:powIIPId>d0693248-930f-4838-b662-ac7137143bdf</sln:powIIPId><sln:powIIPPn>PL.PZGIK.200</sln:powIIPPn><sln:powIIPWersja>2012-09-27T08:13:53+02:00</sln:powIIPWersja><sln:powIdTeryt>1411</sln:powIdTeryt><sln:powNazwa>makowski</sln:powNazwa><sln:waznyOd>2014-06-20T00:00:00+02:00</sln:waznyOd><sln:wojIIPId>4b6c492a-eb04-441d-a92a-f44359c06de7</sln:wojIIPId><sln:wojIIPPn>PL.PZGIK.200</sln:wojIIPPn><sln:wojIIPWersja>2012-09-27T13:45:13+02:00</sln:wojIIPWersja><sln:wojIdTeryt>14</sln:wojIdTeryt><sln:wojNazwa>mazowieckie</sln:wojNazwa></sln:miejscowosc><sln:miejscowosc><sln:cyklZyciaDo>2016-01-19T00:00:00+01:00</sln:cyklZyciaDo><sln:cyklZyciaOd>2015-12-15T00:00:00+01:00</sln:cyklZyciaOd><sln:gmIIPId>5d416e91-ffb1-4561-92f0-9200a3f0f7ef</sln:gmIIPId><sln:gmIIPPn>PL.PZGIK.200</sln:gmIIPPn><sln:gmIIPWersja>2012-09-26T22:52:17+02:00</sln:gmIIPWersja><sln:gmIdTeryt>1411073</sln:gmIdTeryt><sln:gmNazwa>Różan</sln:gmNazwa><sln:miejscIIPId>0a1c5a07-60f9-4ef0-a41b-a706530c8537</sln:miejscIIPId><sln:miejscIIPPn>PL.PZGIK.200</sln:miejscIIPPn><sln:miejscIIPWersja>2016-11-24T11:01:02+02:00</sln:miejscIIPWersja><sln:miejscIdTeryt>0518582</sln:miejscIdTeryt><sln:miejscNazwa>Chrzczonki</sln:miejscNazwa><sln:miejscRodzaj>Wieś</sln:miejscRodzaj><sln:powIIPId>d0693248-930f-4838-b662-ac7137143bdf</sln:powIIPId><sln:powIIPPn>PL.PZGIK.200</sln:powIIPPn><sln:powIIPWersja>2012-09-27T08:13:53+02:00</sln:powIIPWersja><sln:powIdTeryt>1411</sln:powIdTeryt><sln:powNazwa>makowski</sln:powNazwa><sln:waznyOd>2014-06-20T00:00:00+02:00</sln:waznyOd><sln:wojIIPId>4b6c492a-eb04-441d-a92a-f44359c06de7</sln:wojIIPId><sln:wojIIPPn>PL.PZGIK.200</sln:wojIIPPn><sln:wojIIPWersja>2012-09-27T13:45:13+02:00</sln:wojIIPWersja><sln:wojIdTeryt>14</sln:wojIdTeryt><sln:wojNazwa>mazowieckie</sln:wojNazwa></sln:miejscowosc><sln:miejscowosc><sln:cyklZyciaDo>2016-01-19T00:00:00+01:00</sln:cyklZyciaDo><sln:cyklZyciaOd>2015-12-15T00:00:00+01:00</sln:cyklZyciaOd><sln:gmIIPId>5d416e91-ffb1-4561-92f0-9200a3f0f7ef</sln:gmIIPId><sln:gmIIPPn>PL.PZGIK.200</sln:gmIIPPn><sln:gmIIPWersja>2012-09-26T22:52:17+02:00</sln:gmIIPWersja><sln:gmIdTeryt>1411073</sln:gmIdTeryt><sln:gmNazwa>Różan</sln:gmNazwa><sln:miejscIIPId>27ee7c7e-dc30-45a3-a99a-869e881ec873</sln:miejscIIPId><sln:miejscIIPPn>PL.PZGIK.200</sln:miejscIIPPn><sln:miejscIIPWersja>2016-11-24T11:01:04+02:00</sln:miejscIIPWersja><sln:miejscIdTeryt>0518599</sln:miejscIdTeryt><sln:miejscNazwa>Dąbrówka</sln:miejscNazwa><sln:miejscRodzaj>Wieś</sln:miejscRodzaj><sln:powIIPId>d0693248-930f-4838-b662-ac7137143bdf</sln:powIIPId><sln:powIIPPn>PL.PZGIK.200</sln:powIIPPn><sln:powIIPWersja>2012-09-27T08:13:53+02:00</sln:powIIPWersja><sln:powIdTeryt>1411</sln:powIdTeryt><sln:powNazwa>makowski</sln:powNazwa><sln:waznyOd>2014-06-20T00:00:00+02:00</sln:waznyOd><sln:wojIIPId>4b6c492a-eb04-441d-a92a-f44359c06de7</sln:wojIIPId><sln:wojIIPPn>PL.PZGIK.200</sln:wojIIPPn><sln:wojIIPWersja>2012-09-27T13:45:13+02:00</sln:wojIIPWersja><sln:wojIdTeryt>14</sln:wojIdTeryt><sln:wojNazwa>mazowieckie</sln:wojNazwa></sln:miejscowosc><sln:miejscowosc><sln:cyklZyciaDo>2016-01-19T00:00:00+01:00</sln:cyklZyciaDo><sln:cyklZyciaOd>2015-12-15T00:00:00+01:00</sln:cyklZyciaOd><sln:gmIIPId>5d416e91-ffb1-4561-92f0-9200a3f0f7ef</sln:gmIIPId><sln:gmIIPPn>PL.PZGIK.200</sln:gmIIPPn><sln:gmIIPWersja>2012-09-26T22:52:17+02:00</sln:gmIIPWersja><sln:gmIdTeryt>1411073</sln:gmIdTeryt><sln:gmNazwa>Różan</sln:gmNazwa><sln:miejscIIPId>1aa5ad61-75ce-4f0e-908d-35fb1f7e20a5</sln:miejscIIPId><sln:miejscIIPPn>PL.PZGIK.200</sln:miejscIIPPn><sln:miejscIIPWersja>2016-11-24T11:01:06+02:00</sln:miejscIIPWersja><sln:miejscIdTeryt>0518607</sln:miejscIdTeryt><sln:miejscNazwa>Dyszobaba</sln:miejscNazwa><sln:miejscRodzaj>Wieś</sln:miejscRodzaj><sln:powIIPId>d0693248-930f-4838-b662-ac7137143bdf</sln:powIIPId><sln:powIIPPn>PL.PZGIK.200</sln:powIIPPn><sln:powIIPWersja>2012-09-27T08:13:53+02:00</sln:powIIPWersja><sln:powIdTeryt>1411</sln:powIdTeryt><sln:powNazwa>makowski</sln:powNazwa><sln:waznyOd>2014-06-20T00:00:00+02:00</sln:waznyOd><sln:wojIIPId>4b6c492a-eb04-441d-a92a-f44359c06de7</sln:wojIIPId><sln:wojIIPPn>PL.PZGIK.200</sln:wojIIPPn><sln:wojIIPWersja>2012-09-27T13:45:13+02:00</sln:wojIIPWersja><sln:wojIdTeryt>14</sln:wojIdTeryt><sln:wojNazwa>mazowieckie</sln:wojNazwa></sln:miejscowosc><sln:miejscowosc><sln:cyklZyciaDo>2016-01-19T00:00:00+01:00</sln:cyklZyciaDo><sln:cyklZyciaOd>2015-12-15T00:00:00+01:00</sln:cyklZyciaOd><sln:gmIIPId>5d416e91-ffb1-4561-92f0-9200a3f0f7ef</sln:gmIIPId><sln:gmIIPPn>PL.PZGIK.200</sln:gmIIPPn><sln:gmIIPWersja>2012-09-26T22:52:17+02:00</sln:gmIIPWersja><sln:gmIdTeryt>1411073</sln:gmIdTeryt><sln:gmNazwa>Różan</sln:gmNazwa><sln:miejscIIPId>642e21f9-c701-4132-b9c7-eb64843d97ab</sln:miejscIIPId><sln:miejscIIPPn>PL.PZGIK.200</sln:miejscIIPPn><sln:miejscIIPWersja>2016-11-24T11:01:08+02:00</sln:miejscIIPWersja><sln:miejscIdTeryt>0518613</sln:miejscIdTeryt><sln:miejscNazwa>Dzbądz</sln:miejscNazwa><sln:miejscRodzaj>Wieś</sln:miejscRodzaj><sln:powIIPId>d0693248-930f-4838-b662-ac7137143bdf</sln:powIIPId><sln:powIIPPn>PL.PZGIK.200</sln:powIIPPn><sln:powIIPWersja>2012-09-27T08:13:53+02:00</sln:powIIPWersja><sln:powIdTeryt>1411</sln:powIdTeryt><sln:powNazwa>makowski</sln:powNazwa><sln:waznyOd>2014-06-20T00:00:00+02:00</sln:waznyOd><sln:wojIIPId>4b6c492a-eb04-441d-a92a-f44359c06de7</sln:wojIIPId><sln:wojIIPPn>PL.PZGIK.200</sln:wojIIPPn><sln:wojIIPWersja>2012-09-27T13:45:13+02:00</sln:wojIIPWersja><sln:wojIdTeryt>14</sln:wojIdTeryt><sln:wojNazwa>mazowieckie</sln:wojNazwa></sln:miejscowosc><sln:miejscowosc><sln:cyklZyciaDo>2016-01-19T00:00:00+01:00</sln:cyklZyciaDo><sln:cyklZyciaOd>2015-12-15T00:00:00+01:00</sln:cyklZyciaOd><sln:gmIIPId>5d416e91-ffb1-4561-92f0-9200a3f0f7ef</sln:gmIIPId><sln:gmIIPPn>PL.PZGIK.200</sln:gmIIPPn><sln:gmIIPWersja>2012-09-26T22:52:17+02:00</sln:gmIIPWersja><sln:gmIdTeryt>1411073</sln:gmIdTeryt><sln:gmNazwa>Różan</sln:gmNazwa><sln:miejscIIPId>5a1ea744-6cf2-43f1-9d52-4c5d52d24957</sln:miejscIIPId><sln:miejscIIPPn>PL.PZGIK.200</sln:miejscIIPPn><sln:miejscIIPWersja>2016-11-24T11:01:10+02:00</sln:miejscIIPWersja><sln:miejscIdTeryt>0518620</sln:miejscIdTeryt><sln:miejscNazwa>Kaszewiec</sln:miejscNazwa><sln:miejscRodzaj>Wieś</sln:miejscRodzaj><sln:powIIPId>d0693248-930f-4838-b662-ac7137143bdf</sln:powIIPId><sln:powIIPPn>PL.PZGIK.200</sln:powIIPPn><sln:powIIPWersja>2012-09-27T08:13:53+02:00</sln:powIIPWersja><sln:powIdTeryt>1411</sln:powIdTeryt><sln:powNazwa>makowski</sln:powNazwa><sln:waznyOd>2014-06-20T00:00:00+02:00</sln:waznyOd><sln:wojIIPId>4b6c492a-eb04-441d-a92a-f44359c06de7</sln:wojIIPId><sln:wojIIPPn>PL.PZGIK.200</sln:wojIIPPn><sln:wojIIPWersja>2012-09-27T13:45:13+02:00</sln:wojIIPWersja><sln:wojIdTeryt>14</sln:wojIdTeryt><sln:wojNazwa>mazowieckie</sln:wojNazwa></sln:miejscowosc><sln:miejscowosc><sln:cyklZyciaDo>2016-01-19T00:00:00+01:00</sln:cyklZyciaDo><sln:cyklZyciaOd>2015-12-15T00:00:00+01:00</sln:cyklZyciaOd><sln:gmIIPId>5d416e91-ffb1-4561-92f0-9200a3f0f7ef</sln:gmIIPId><sln:gmIIPPn>PL.PZGIK.200</sln:gmIIPPn><sln:gmIIPWersja>2012-09-26T22:52:17+02:00</sln:gmIIPWersja><sln:gmIdTeryt>1411073</sln:gmIdTeryt><sln:gmNazwa>Różan</sln:gmNazwa><sln:miejscIIPId>da8f88f9-3589-4ab1-a425-074021691954</sln:miejscIIPId><sln:miejscIIPPn>PL.PZGIK.200</sln:miejscIIPPn><sln:miejscIIPWersja>2016-11-24T11:01:12+02:00</sln:miejscIIPWersja><sln:miejscIdTeryt>0518642</sln:miejscIdTeryt><sln:miejscNazwa>Miłony</sln:miejscNazwa><sln:miejscRodzaj>Wieś</sln:miejscRodzaj><sln:powIIPId>d0693248-930f-4838-b662-ac7137143bdf</sln:powIIPId><sln:powIIPPn>PL.PZGIK.200</sln:powIIPPn><sln:powIIPWersja>2012-09-27T08:13:53+02:00</sln:powIIPWersja><sln:powIdTeryt>1411</sln:powIdTeryt><sln:powNazwa>makowski</sln:powNazwa><sln:waznyOd>2014-06-20T00:00:00+02:00</sln:waznyOd><sln:wojIIPId>4b6c492a-eb04-441d-a92a-f44359c06de7</sln:wojIIPId><sln:wojIIPPn>PL.PZGIK.200</sln:wojIIPPn><sln:wojIIPWersja>2012-09-27T13:45:13+02:00</sln:wojIIPWersja><sln:wojIdTeryt>14</sln:wojIdTeryt><sln:wojNazwa>mazowieckie</sln:wojNazwa></sln:miejscowosc><sln:miejscowosc><sln:cyklZyciaDo>2016-01-19T00:00:00+01:00</sln:cyklZyciaDo><sln:cyklZyciaOd>2015-12-15T00:00:00+01:00</sln:cyklZyciaOd><sln:gmIIPId>5d416e91-ffb1-4561-92f0-9200a3f0f7ef</sln:gmIIPId><sln:gmIIPPn>PL.PZGIK.200</sln:gmIIPPn><sln:gmIIPWersja>2012-09-26T22:52:17+02:00</sln:gmIIPWersja><sln:gmIdTeryt>1411073</sln:gmIdTeryt><sln:gmNazwa>Różan</sln:gmNazwa><sln:miejscIIPId>24476aac-12b8-4fd5-844e-c3931c094b0f</sln:miejscIIPId><sln:miejscIIPPn>PL.PZGIK.200</sln:miejscIIPPn><sln:miejscIIPWersja>2016-11-24T11:01:14+02:00</sln:miejscIIPWersja><sln:miejscIdTeryt>0518659</sln:miejscIdTeryt><sln:miejscNazwa>Mroczki-Rębiszewo</sln:miejscNazwa><sln:miejscRodzaj>Wieś</sln:miejscRodzaj><sln:powIIPId>d0693248-930f-4838-b662-ac7137143bdf</sln:powIIPId><sln:powIIPPn>PL.PZGIK.200</sln:powIIPPn><sln:powIIPWersja>2012-09-27T08:13:53+02:00</sln:powIIPWersja><sln:powIdTeryt>1411</sln:powIdTeryt><sln:powNazwa>makowski</sln:powNazwa><sln:waznyOd>2014-06-20T00:00:00+02:00</sln:waznyOd><sln:wojIIPId>4b6c492a-eb04-441d-a92a-f44359c06de7</sln:wojIIPId><sln:wojIIPPn>PL.PZGIK.200</sln:wojIIPPn><sln:wojIIPWersja>2012-09-27T13:45:13+02:00</sln:wojIIPWersja><sln:wojIdTeryt>14</sln:wojIdTeryt><sln:wojNazwa>mazowieckie</sln:wojNazwa></sln:miejscowosc><sln:miejscowosc><sln:cyklZyciaDo>2016-01-19T00:00:00+01:00</sln:cyklZyciaDo><sln:cyklZyciaOd>2015-12-15T00:00:00+01:00</sln:cyklZyciaOd><sln:gmIIPId>5d416e91-ffb1-4561-92f0-9200a3f0f7ef</sln:gmIIPId><sln:gmIIPPn>PL.PZGIK.200</sln:gmIIPPn><sln:gmIIPWersja>2012-09-26T22:52:17+02:00</sln:gmIIPWersja><sln:gmIdTeryt>1411073</sln:gmIdTeryt><sln:gmNazwa>Różan</sln:gmNazwa><sln:miejscIIPId>f236679b-f5b9-4673-a1c3-dc6f5a15021d</sln:miejscIIPId><sln:miejscIIPPn>PL.PZGIK.200</sln:miejscIIPPn><sln:miejscIIPWersja>2016-11-24T13:19:31+02:00</sln:miejscIIPWersja><sln:miejscIdTeryt>0989399</sln:miejscIdTeryt><sln:miejscNazwa>Paulinowo</sln:miejscNazwa><sln:miejscRodzaj>Inny obiekt</sln:miejscRodzaj><sln:powIIPId>d0693248-930f-4838-b662-ac7137143bdf</sln:powIIPId><sln:powIIPPn>PL.PZGIK.200</sln:powIIPPn><sln:powIIPWersja>2012-09-27T08:13:53+02:00</sln:powIIPWersja><sln:powIdTeryt>1411</sln:powIdTeryt><sln:powNazwa>makowski</sln:powNazwa><sln:waznyOd>2014-06-20T00:00:00+02:00</sln:waznyOd><sln:wojIIPId>4b6c492a-eb04-441d-a92a-f44359c06de7</sln:wojIIPId><sln:wojIIPPn>PL.PZGIK.200</sln:wojIIPPn><sln:wojIIPWersja>2012-09-27T13:45:13+02:00</sln:wojIIPWersja><sln:wojIdTeryt>14</sln:wojIdTeryt><sln:wojNazwa>mazowieckie</sln:wojNazwa></sln:miejscowosc><sln:miejscowosc><sln:cyklZyciaDo>2016-01-19T00:00:00+01:00</sln:cyklZyciaDo><sln:cyklZyciaOd>2015-12-15T00:00:00+01:00</sln:cyklZyciaOd><sln:gmIIPId>5d416e91-ffb1-4561-92f0-9200a3f0f7ef</sln:gmIIPId><sln:gmIIPPn>PL.PZGIK.200</sln:gmIIPPn><sln:gmIIPWersja>2012-09-26T22:52:17+02:00</sln:gmIIPWersja><sln:gmIdTeryt>1411073</sln:gmIdTeryt><sln:gmNazwa>Różan</sln:gmNazwa><sln:miejscIIPId>773768b7-f9b5-40f8-a2e3-daad8f7376d9</sln:miejscIIPId><sln:miejscIIPPn>PL.PZGIK.200</sln:miejscIIPPn><sln:miejscIIPWersja>2016-11-24T11:01:16+02:00</sln:miejscIIPWersja><sln:miejscIdTeryt>0518665</sln:miejscIdTeryt><sln:miejscNazwa>Podborze</sln:miejscNazwa><sln:miejscRodzaj>Wieś</sln:miejscRodzaj><sln:powIIPId>d0693248-930f-4838-b662-ac7137143bdf</sln:powIIPId><sln:powIIPPn>PL.PZGIK.200</sln:powIIPPn><sln:powIIPWersja>2012-09-27T08:13:53+02:00</sln:powIIPWersja><sln:powIdTeryt>1411</sln:powIdTeryt><sln:powNazwa>makowski</sln:powNazwa><sln:waznyOd>2014-06-20T00:00:00+02:00</sln:waznyOd><sln:wojIIPId>4b6c492a-eb04-441d-a92a-f44359c06de7</sln:wojIIPId><sln:wojIIPPn>PL.PZGIK.200</sln:wojIIPPn><sln:wojIIPWersja>2012-09-27T13:45:13+02:00</sln:wojIIPWersja><sln:wojIdTeryt>14</sln:wojIdTeryt><sln:wojNazwa>mazowieckie</sln:wojNazwa></sln:miejscowosc><sln:miejscowosc><sln:cyklZyciaDo>2016-01-19T00:00:00+01:00</sln:cyklZyciaDo><sln:cyklZyciaOd>2015-12-15T00:00:00+01:00</sln:cyklZyciaOd><sln:gmIIPId>5d416e91-ffb1-4561-92f0-9200a3f0f7ef</sln:gmIIPId><sln:gmIIPPn>PL.PZGIK.200</sln:gmIIPPn><sln:gmIIPWersja>2012-09-26T22:52:17+02:00</sln:gmIIPWersja><sln:gmIdTeryt>1411073</sln:gmIdTeryt><sln:gmNazwa>Różan</sln:gmNazwa><sln:miejscIIPId>5061e1b8-5433-48c0-a3ad-4b9c656f4d64</sln:miejscIIPId><sln:miejscIIPPn>PL.PZGIK.200</sln:miejscIIPPn><sln:miejscIIPWersja>2016-11-24T11:01:18+02:00</sln:miejscIIPWersja><sln:miejscIdTeryt>0518671</sln:miejscIdTeryt><sln:miejscNazwa>Prycanowo</sln:miejscNazwa><sln:miejscRodzaj>Wieś</sln:miejscRodzaj><sln:powIIPId>d0693248-930f-4838-b662-ac7137143bdf</sln:powIIPId><sln:powIIPPn>PL.PZGIK.200</sln:powIIPPn><sln:powIIPWersja>2012-09-27T08:13:53+02:00</sln:powIIPWersja><sln:powIdTeryt>1411</sln:powIdTeryt><sln:powNazwa>makowski</sln:powNazwa><sln:waznyOd>2014-06-20T00:00:00+02:00</sln:waznyOd><sln:wojIIPId>4b6c492a-eb04-441d-a92a-f44359c06de7</sln:wojIIPId><sln:wojIIPPn>PL.PZGIK.200</sln:wojIIPPn><sln:wojIIPWersja>2012-09-27T13:45:13+02:00</sln:wojIIPWersja><sln:wojIdTeryt>14</sln:wojIdTeryt><sln:wojNazwa>mazowieckie</sln:wojNazwa></sln:miejscowosc><sln:miejscowosc><sln:cyklZyciaDo>2016-01-19T00:00:00+01:00</sln:cyklZyciaDo><sln:cyklZyciaOd>2015-12-15T00:00:00+01:00</sln:cyklZyciaOd><sln:gmIIPId>5d416e91-ffb1-4561-92f0-9200a3f0f7ef</sln:gmIIPId><sln:gmIIPPn>PL.PZGIK.200</sln:gmIIPPn><sln:gmIIPWersja>2012-09-26T22:52:17+02:00</sln:gmIIPWersja><sln:gmIdTeryt>1411073</sln:gmIdTeryt><sln:gmNazwa>Różan</sln:gmNazwa><sln:miejscIIPId>eac1908f-6386-4050-a9cb-bb34280b972d</sln:miejscIIPId><sln:miejscIIPPn>PL.PZGIK.200</sln:miejscIIPPn><sln:miejscIIPWersja>2016-11-24T13:17:28+02:00</sln:miejscIIPWersja><sln:miejscIdTeryt>0966412</sln:miejscIdTeryt><sln:miejscNazwa>Różan</sln:miejscNazwa><sln:miejscRodzaj>Miasto</sln:miejscRodzaj><sln:powIIPId>d0693248-930f-4838-b662-ac7137143bdf</sln:powIIPId><sln:powIIPPn>PL.PZGIK.200</sln:powIIPPn><sln:powIIPWersja>2012-09-27T08:13:53+02:00</sln:powIIPWersja><sln:powIdTeryt>1411</sln:powIdTeryt><sln:powNazwa>makowski</sln:powNazwa><sln:waznyOd>2014-06-20T00:00:00+02:00</sln:waznyOd><sln:wojIIPId>4b6c492a-eb04-441d-a92a-f44359c06de7</sln:wojIIPId><sln:wojIIPPn>PL.PZGIK.200</sln:wojIIPPn><sln:wojIIPWersja>2012-09-27T13:45:13+02:00</sln:wojIIPWersja><sln:wojIdTeryt>14</sln:wojIdTeryt><sln:wojNazwa>mazowieckie</sln:wojNazwa></sln:miejscowosc><sln:miejscowosc><sln:cyklZyciaDo>2016-01-19T00:00:00+01:00</sln:cyklZyciaDo><sln:cyklZyciaOd>2015-12-15T00:00:00+01:00</sln:cyklZyciaOd><sln:gmIIPId>5d416e91-ffb1-4561-92f0-9200a3f0f7ef</sln:gmIIPId><sln:gmIIPPn>PL.PZGIK.200</sln:gmIIPPn><sln:gmIIPWersja>2012-09-26T22:52:17+02:00</sln:gmIIPWersja><sln:gmIdTeryt>1411073</sln:gmIdTeryt><sln:gmNazwa>Różan</sln:gmNazwa><sln:miejscIIPId>6f37e50a-96ee-48ee-b976-4eb1d0b822ea</sln:miejscIIPId><sln:miejscIIPPn>PL.PZGIK.200</sln:miejscIIPPn><sln:miejscIIPWersja>2016-11-24T11:01:20+02:00</sln:miejscIIPWersja><sln:miejscIdTeryt>0518688</sln:miejscIdTeryt><sln:miejscNazwa>Szygi</sln:miejscNazwa><sln:miejscRodzaj>Wieś</sln:miejscRodzaj><sln:powIIPId>d0693248-930f-4838-b662-ac7137143bdf</sln:powIIPId><sln:powIIPPn>PL.PZGIK.200</sln:powIIPPn><sln:powIIPWersja>2012-09-27T08:13:53+02:00</sln:powIIPWersja><sln:powIdTeryt>1411</sln:powIdTeryt><sln:powNazwa>makowski</sln:powNazwa><sln:waznyOd>2014-06-20T00:00:00+02:00</sln:waznyOd><sln:wojIIPId>4b6c492a-eb04-441d-a92a-f44359c06de7</sln:wojIIPId><sln:wojIIPPn>PL.PZGIK.200</sln:wojIIPPn><sln:wojIIPWersja>2012-09-27T13:45:13+02:00</sln:wojIIPWersja><sln:wojIdTeryt>14</sln:wojIdTeryt><sln:wojNazwa>mazowieckie</sln:wojNazwa></sln:miejscowosc><sln:miejscowosc><sln:cyklZyciaOd>2017-03-27T00:00:00+02:00</sln:cyklZyciaOd><sln:gmIIPId>5d416e91-ffb1-4561-92f0-9200a3f0f7ef</sln:gmIIPId><sln:gmIIPPn>PL.PZGIK.200</sln:gmIIPPn><sln:gmIIPWersja>2012-09-26T22:52:17+02:00</sln:gmIIPWersja><sln:gmIdTeryt>1411073</sln:gmIdTeryt><sln:gmNazwa>Różan</sln:gmNazwa><sln:miejscIIPId>b43fb6ed-e549-4ac2-a84a-e1f4b542be1f</sln:miejscIIPId><sln:miejscIIPPn>PL.PZGIK.200</sln:miejscIIPPn><sln:miejscIIPWersja>2017-03-27T11:38:46+02:00</sln:miejscIIPWersja><sln:miejscIdTeryt>0508780</sln:miejscIdTeryt><sln:miejscNazwa>Zawady-Ponikiew</sln:miejscNazwa><sln:miejscRodzaj>Wieś</sln:miejscRodzaj><sln:powIIPId>d0693248-930f-4838-b662-ac7137143bdf</sln:powIIPId><sln:powIIPPn>PL.PZGIK.200</sln:powIIPPn><sln:powIIPWersja>2012-09-27T08:13:53+02:00</sln:powIIPWersja><sln:powIdTeryt>1411</sln:powIdTeryt><sln:powNazwa>makowski</sln:powNazwa><sln:waznyOd>2014-06-20T00:00:00+02:00</sln:waznyOd><sln:wojIIPId>4b6c492a-eb04-441d-a92a-f44359c06de7</sln:wojIIPId><sln:wojIIPPn>PL.PZGIK.200</sln:wojIIPPn><sln:wojIIPWersja>2012-09-27T13:45:13+02:00</sln:wojIIPWersja><sln:wojIdTeryt>14</sln:wojIdTeryt><sln:wojNazwa>mazowieckie</sln:wojNazwa></sln:miejscowosc><sln:miejscowosc><sln:cyklZyciaOd>2017-03-27T00:00:00+02:00</sln:cyklZyciaOd><sln:gmIIPId>5d416e91-ffb1-4561-92f0-9200a3f0f7ef</sln:gmIIPId><sln:gmIIPPn>PL.PZGIK.200</sln:gmIIPPn><sln:gmIIPWersja>2012-09-26T22:52:17+02:00</sln:gmIIPWersja><sln:gmIdTeryt>1411073</sln:gmIdTeryt><sln:gmNazwa>Różan</sln:gmNazwa><sln:miejscIIPId>da43f836-78ce-44fc-96c6-2ee50eb9e54b</sln:miejscIIPId><sln:miejscIIPPn>PL.PZGIK.200</sln:miejscIIPPn><sln:miejscIIPWersja>2017-03-27T11:38:52+02:00</sln:miejscIIPWersja><sln:miejscIdTeryt>0518576</sln:miejscIdTeryt><sln:miejscNazwa>Chełsty</sln:miejscNazwa><sln:miejscRodzaj>Wieś</sln:miejscRodzaj><sln:powIIPId>d0693248-930f-4838-b662-ac7137143bdf</sln:powIIPId><sln:powIIPPn>PL.PZGIK.200</sln:powIIPPn><sln:powIIPWersja>2012-09-27T08:13:53+02:00</sln:powIIPWersja><sln:powIdTeryt>1411</sln:powIdTeryt><sln:powNazwa>makowski</sln:powNazwa><sln:waznyOd>2014-06-20T00:00:00+02:00</sln:waznyOd><sln:wojIIPId>4b6c492a-eb04-441d-a92a-f44359c06de7</sln:wojIIPId><sln:wojIIPPn>PL.PZGIK.200</sln:wojIIPPn><sln:wojIIPWersja>2012-09-27T13:45:13+02:00</sln:wojIIPWersja><sln:wojIdTeryt>14</sln:wojIdTeryt><sln:wojNazwa>mazowieckie</sln:wojNazwa></sln:miejscowosc><sln:miejscowosc><sln:cyklZyciaOd>2017-03-27T00:00:00+02:00</sln:cyklZyciaOd><sln:gmIIPId>5d416e91-ffb1-4561-92f0-9200a3f0f7ef</sln:gmIIPId><sln:gmIIPPn>PL.PZGIK.200</sln:gmIIPPn><sln:gmIIPWersja>2012-09-26T22:52:17+02:00</sln:gmIIPWersja><sln:gmIdTeryt>1411073</sln:gmIdTeryt><sln:gmNazwa>Różan</sln:gmNazwa><sln:miejscIIPId>0a1c5a07-60f9-4ef0-a41b-a706530c8537</sln:miejscIIPId><sln:miejscIIPPn>PL.PZGIK.200</sln:miejscIIPPn><sln:miejscIIPWersja>2017-03-27T11:38:52+02:00</sln:miejscIIPWersja><sln:miejscIdTeryt>0518582</sln:miejscIdTeryt><sln:miejscNazwa>Chrzczonki</sln:miejscNazwa><sln:miejscRodzaj>Wieś</sln:miejscRodzaj><sln:powIIPId>d0693248-930f-4838-b662-ac7137143bdf</sln:powIIPId><sln:powIIPPn>PL.PZGIK.200</sln:powIIPPn><sln:powIIPWersja>2012-09-27T08:13:53+02:00</sln:powIIPWersja><sln:powIdTeryt>1411</sln:powIdTeryt><sln:powNazwa>makowski</sln:powNazwa><sln:waznyOd>2014-06-20T00:00:00+02:00</sln:waznyOd><sln:wojIIPId>4b6c492a-eb04-441d-a92a-f44359c06de7</sln:wojIIPId><sln:wojIIPPn>PL.PZGIK.200</sln:wojIIPPn><sln:wojIIPWersja>2012-09-27T13:45:13+02:00</sln:wojIIPWersja><sln:wojIdTeryt>14</sln:wojIdTeryt><sln:wojNazwa>mazowieckie</sln:wojNazwa></sln:miejscowosc><sln:miejscowosc><sln:cyklZyciaOd>2017-03-27T00:00:00+02:00</sln:cyklZyciaOd><sln:gmIIPId>5d416e91-ffb1-4561-92f0-9200a3f0f7ef</sln:gmIIPId><sln:gmIIPPn>PL.PZGIK.200</sln:gmIIPPn><sln:gmIIPWersja>2012-09-26T22:52:17+02:00</sln:gmIIPWersja><sln:gmIdTeryt>1411073</sln:gmIdTeryt><sln:gmNazwa>Różan</sln:gmNazwa><sln:miejscIIPId>27ee7c7e-dc30-45a3-a99a-869e881ec873</sln:miejscIIPId><sln:miejscIIPPn>PL.PZGIK.200</sln:miejscIIPPn><sln:miejscIIPWersja>2017-03-27T11:38:52+02:00</sln:miejscIIPWersja><sln:miejscIdTeryt>0518599</sln:miejscIdTeryt><sln:miejscNazwa>Dąbrówka</sln:miejscNazwa><sln:miejscRodzaj>Wieś</sln:miejscRodzaj><sln:powIIPId>d0693248-930f-4838-b662-ac7137143bdf</sln:powIIPId><sln:powIIPPn>PL.PZGIK.200</sln:powIIPPn><sln:powIIPWersja>2012-09-27T08:13:53+02:00</sln:powIIPWersja><sln:powIdTeryt>1411</sln:powIdTeryt><sln:powNazwa>makowski</sln:powNazwa><sln:waznyOd>2014-06-20T00:00:00+02:00</sln:waznyOd><sln:wojIIPId>4b6c492a-eb04-441d-a92a-f44359c06de7</sln:wojIIPId><sln:wojIIPPn>PL.PZGIK.200</sln:wojIIPPn><sln:wojIIPWersja>2012-09-27T13:45:13+02:00</sln:wojIIPWersja><sln:wojIdTeryt>14</sln:wojIdTeryt><sln:wojNazwa>mazowieckie</sln:wojNazwa></sln:miejscowosc><sln:miejscowosc><sln:cyklZyciaOd>2017-03-27T00:00:00+02:00</sln:cyklZyciaOd><sln:gmIIPId>5d416e91-ffb1-4561-92f0-9200a3f0f7ef</sln:gmIIPId><sln:gmIIPPn>PL.PZGIK.200</sln:gmIIPPn><sln:gmIIPWersja>2012-09-26T22:52:17+02:00</sln:gmIIPWersja><sln:gmIdTeryt>1411073</sln:gmIdTeryt><sln:gmNazwa>Różan</sln:gmNazwa><sln:miejscIIPId>1aa5ad61-75ce-4f0e-908d-35fb1f7e20a5</sln:miejscIIPId><sln:miejscIIPPn>PL.PZGIK.200</sln:miejscIIPPn><sln:miejscIIPWersja>2017-03-27T11:38:52+02:00</sln:miejscIIPWersja><sln:miejscIdTeryt>0518607</sln:miejscIdTeryt><sln:miejscNazwa>Dyszobaba</sln:miejscNazwa><sln:miejscRodzaj>Wieś</sln:miejscRodzaj><sln:powIIPId>d0693248-930f-4838-b662-ac7137143bdf</sln:powIIPId><sln:powIIPPn>PL.PZGIK.200</sln:powIIPPn><sln:powIIPWersja>2012-09-27T08:13:53+02:00</sln:powIIPWersja><sln:powIdTeryt>1411</sln:powIdTeryt><sln:powNazwa>makowski</sln:powNazwa><sln:waznyOd>2014-06-20T00:00:00+02:00</sln:waznyOd><sln:wojIIPId>4b6c492a-eb04-441d-a92a-f44359c06de7</sln:wojIIPId><sln:wojIIPPn>PL.PZGIK.200</sln:wojIIPPn><sln:wojIIPWersja>2012-09-27T13:45:13+02:00</sln:wojIIPWersja><sln:wojIdTeryt>14</sln:wojIdTeryt><sln:wojNazwa>mazowieckie</sln:wojNazwa></sln:miejscowosc><sln:miejscowosc><sln:cyklZyciaOd>2017-03-27T00:00:00+02:00</sln:cyklZyciaOd><sln:gmIIPId>5d416e91-ffb1-4561-92f0-9200a3f0f7ef</sln:gmIIPId><sln:gmIIPPn>PL.PZGIK.200</sln:gmIIPPn><sln:gmIIPWersja>2012-09-26T22:52:17+02:00</sln:gmIIPWersja><sln:gmIdTeryt>1411073</sln:gmIdTeryt><sln:gmNazwa>Różan</sln:gmNazwa><sln:miejscIIPId>642e21f9-c701-4132-b9c7-eb64843d97ab</sln:miejscIIPId><sln:miejscIIPPn>PL.PZGIK.200</sln:miejscIIPPn><sln:miejscIIPWersja>2017-03-27T11:38:53+02:00</sln:miejscIIPWersja><sln:miejscIdTeryt>0518613</sln:miejscIdTeryt><sln:miejscNazwa>Dzbądz</sln:miejscNazwa><sln:miejscRodzaj>Wieś</sln:miejscRodzaj><sln:powIIPId>d0693248-930f-4838-b662-ac7137143bdf</sln:powIIPId><sln:powIIPPn>PL.PZGIK.200</sln:powIIPPn><sln:powIIPWersja>2012-09-27T08:13:53+02:00</sln:powIIPWersja><sln:powIdTeryt>1411</sln:powIdTeryt><sln:powNazwa>makowski</sln:powNazwa><sln:waznyOd>2014-06-20T00:00:00+02:00</sln:waznyOd><sln:wojIIPId>4b6c492a-eb04-441d-a92a-f44359c06de7</sln:wojIIPId><sln:wojIIPPn>PL.PZGIK.200</sln:wojIIPPn><sln:wojIIPWersja>2012-09-27T13:45:13+02:00</sln:wojIIPWersja><sln:wojIdTeryt>14</sln:wojIdTeryt><sln:wojNazwa>mazowieckie</sln:wojNazwa></sln:miejscowosc><sln:miejscowosc><sln:cyklZyciaOd>2017-03-27T00:00:00+02:00</sln:cyklZyciaOd><sln:gmIIPId>5d416e91-ffb1-4561-92f0-9200a3f0f7ef</sln:gmIIPId><sln:gmIIPPn>PL.PZGIK.200</sln:gmIIPPn><sln:gmIIPWersja>2012-09-26T22:52:17+02:00</sln:gmIIPWersja><sln:gmIdTeryt>1411073</sln:gmIdTeryt><sln:gmNazwa>Różan</sln:gmNazwa><sln:miejscIIPId>5a1ea744-6cf2-43f1-9d52-4c5d52d24957</sln:miejscIIPId><sln:miejscIIPPn>PL.PZGIK.200</sln:miejscIIPPn><sln:miejscIIPWersja>2017-03-27T11:38:53+02:00</sln:miejscIIPWersja><sln:miejscIdTeryt>0518620</sln:miejscIdTeryt><sln:miejscNazwa>Kaszewiec</sln:miejscNazwa><sln:miejscRodzaj>Wieś</sln:miejscRodzaj><sln:powIIPId>d0693248-930f-4838-b662-ac7137143bdf</sln:powIIPId><sln:powIIPPn>PL.PZGIK.200</sln:powIIPPn><sln:powIIPWersja>2012-09-27T08:13:53+02:00</sln:powIIPWersja><sln:powIdTeryt>1411</sln:powIdTeryt><sln:powNazwa>makowski</sln:powNazwa><sln:waznyOd>2014-06-20T00:00:00+02:00</sln:waznyOd><sln:wojIIPId>4b6c492a-eb04-441d-a92a-f44359c06de7</sln:wojIIPId><sln:wojIIPPn>PL.PZGIK.200</sln:wojIIPPn><sln:wojIIPWersja>2012-09-27T13:45:13+02:00</sln:wojIIPWersja><sln:wojIdTeryt>14</sln:wojIdTeryt><sln:wojNazwa>mazowieckie</sln:wojNazwa></sln:miejscowosc><sln:miejscowosc><sln:cyklZyciaOd>2017-03-27T00:00:00+02:00</sln:cyklZyciaOd><sln:gmIIPId>5d416e91-ffb1-4561-92f0-9200a3f0f7ef</sln:gmIIPId><sln:gmIIPPn>PL.PZGIK.200</sln:gmIIPPn><sln:gmIIPWersja>2012-09-26T22:52:17+02:00</sln:gmIIPWersja><sln:gmIdTeryt>1411073</sln:gmIdTeryt><sln:gmNazwa>Różan</sln:gmNazwa><sln:miejscIIPId>da8f88f9-3589-4ab1-a425-074021691954</sln:miejscIIPId><sln:miejscIIPPn>PL.PZGIK.200</sln:miejscIIPPn><sln:miejscIIPWersja>2017-03-27T11:38:53+02:00</sln:miejscIIPWersja><sln:miejscIdTeryt>0518642</sln:miejscIdTeryt><sln:miejscNazwa>Miłony</sln:miejscNazwa><sln:miejscRodzaj>Wieś</sln:miejscRodzaj><sln:powIIPId>d0693248-930f-4838-b662-ac7137143bdf</sln:powIIPId><sln:powIIPPn>PL.PZGIK.200</sln:powIIPPn><sln:powIIPWersja>2012-09-27T08:13:53+02:00</sln:powIIPWersja><sln:powIdTeryt>1411</sln:powIdTeryt><sln:powNazwa>makowski</sln:powNazwa><sln:waznyOd>2014-06-20T00:00:00+02:00</sln:waznyOd><sln:wojIIPId>4b6c492a-eb04-441d-a92a-f44359c06de7</sln:wojIIPId><sln:wojIIPPn>PL.PZGIK.200</sln:wojIIPPn><sln:wojIIPWersja>2012-09-27T13:45:13+02:00</sln:wojIIPWersja><sln:wojIdTeryt>14</sln:wojIdTeryt><sln:wojNazwa>mazowieckie</sln:wojNazwa></sln:miejscowosc><sln:miejscowosc><sln:cyklZyciaOd>2017-03-27T00:00:00+02:00</sln:cyklZyciaOd><sln:gmIIPId>5d416e91-ffb1-4561-92f0-9200a3f0f7ef</sln:gmIIPId><sln:gmIIPPn>PL.PZGIK.200</sln:gmIIPPn><sln:gmIIPWersja>2012-09-26T22:52:17+02:00</sln:gmIIPWersja><sln:gmIdTeryt>1411073</sln:gmIdTeryt><sln:gmNazwa>Różan</sln:gmNazwa><sln:miejscIIPId>24476aac-12b8-4fd5-844e-c3931c094b0f</sln:miejscIIPId><sln:miejscIIPPn>PL.PZGIK.200</sln:miejscIIPPn><sln:miejscIIPWersja>2017-03-27T11:38:53+02:00</sln:miejscIIPWersja><sln:miejscIdTeryt>0518659</sln:miejscIdTeryt><sln:miejscNazwa>Mroczki-Rębiszewo</sln:miejscNazwa><sln:miejscRodzaj>Wieś</sln:miejscRodzaj><sln:powIIPId>d0693248-930f-4838-b662-ac7137143bdf</sln:powIIPId><sln:powIIPPn>PL.PZGIK.200</sln:powIIPPn><sln:powIIPWersja>2012-09-27T08:13:53+02:00</sln:powIIPWersja><sln:powIdTeryt>1411</sln:powIdTeryt><sln:powNazwa>makowski</sln:powNazwa><sln:waznyOd>2014-06-20T00:00:00+02:00</sln:waznyOd><sln:wojIIPId>4b6c492a-eb04-441d-a92a-f44359c06de7</sln:wojIIPId><sln:wojIIPPn>PL.PZGIK.200</sln:wojIIPPn><sln:wojIIPWersja>2012-09-27T13:45:13+02:00</sln:wojIIPWersja><sln:wojIdTeryt>14</sln:wojIdTeryt><sln:wojNazwa>mazowieckie</sln:wojNazwa></sln:miejscowosc><sln:miejscowosc><sln:cyklZyciaOd>2017-03-27T00:00:00+02:00</sln:cyklZyciaOd><sln:gmIIPId>5d416e91-ffb1-4561-92f0-9200a3f0f7ef</sln:gmIIPId><sln:gmIIPPn>PL.PZGIK.200</sln:gmIIPPn><sln:gmIIPWersja>2012-09-26T22:52:17+02:00</sln:gmIIPWersja><sln:gmIdTeryt>1411073</sln:gmIdTeryt><sln:gmNazwa>Różan</sln:gmNazwa><sln:miejscIIPId>773768b7-f9b5-40f8-a2e3-daad8f7376d9</sln:miejscIIPId><sln:miejscIIPPn>PL.PZGIK.200</sln:miejscIIPPn><sln:miejscIIPWersja>2017-03-27T11:38:53+02:00</sln:miejscIIPWersja><sln:miejscIdTeryt>0518665</sln:miejscIdTeryt><sln:miejscNazwa>Podborze</sln:miejscNazwa><sln:miejscRodzaj>Wieś</sln:miejscRodzaj><sln:powIIPId>d0693248-930f-4838-b662-ac7137143bdf</sln:powIIPId><sln:powIIPPn>PL.PZGIK.200</sln:powIIPPn><sln:powIIPWersja>2012-09-27T08:13:53+02:00</sln:powIIPWersja><sln:powIdTeryt>1411</sln:powIdTeryt><sln:powNazwa>makowski</sln:powNazwa><sln:waznyOd>2014-06-20T00:00:00+02:00</sln:waznyOd><sln:wojIIPId>4b6c492a-eb04-441d-a92a-f44359c06de7</sln:wojIIPId><sln:wojIIPPn>PL.PZGIK.200</sln:wojIIPPn><sln:wojIIPWersja>2012-09-27T13:45:13+02:00</sln:wojIIPWersja><sln:wojIdTeryt>14</sln:wojIdTeryt><sln:wojNazwa>mazowieckie</sln:wojNazwa></sln:miejscowosc><sln:miejscowosc><sln:cyklZyciaOd>2017-03-27T00:00:00+02:00</sln:cyklZyciaOd><sln:gmIIPId>5d416e91-ffb1-4561-92f0-9200a3f0f7ef</sln:gmIIPId><sln:gmIIPPn>PL.PZGIK.200</sln:gmIIPPn><sln:gmIIPWersja>2012-09-26T22:52:17+02:00</sln:gmIIPWersja><sln:gmIdTeryt>1411073</sln:gmIdTeryt><sln:gmNazwa>Różan</sln:gmNazwa><sln:miejscIIPId>5061e1b8-5433-48c0-a3ad-4b9c656f4d64</sln:miejscIIPId><sln:miejscIIPPn>PL.PZGIK.200</sln:miejscIIPPn><sln:miejscIIPWersja>2017-03-27T11:38:53+02:00</sln:miejscIIPWersja><sln:miejscIdTeryt>0518671</sln:miejscIdTeryt><sln:miejscNazwa>Prycanowo</sln:miejscNazwa><sln:miejscRodzaj>Wieś</sln:miejscRodzaj><sln:powIIPId>d0693248-930f-4838-b662-ac7137143bdf</sln:powIIPId><sln:powIIPPn>PL.PZGIK.200</sln:powIIPPn><sln:powIIPWersja>2012-09-27T08:13:53+02:00</sln:powIIPWersja><sln:powIdTeryt>1411</sln:powIdTeryt><sln:powNazwa>makowski</sln:powNazwa><sln:waznyOd>2014-06-20T00:00:00+02:00</sln:waznyOd><sln:wojIIPId>4b6c492a-eb04-441d-a92a-f44359c06de7</sln:wojIIPId><sln:wojIIPPn>PL.PZGIK.200</sln:wojIIPPn><sln:wojIIPWersja>2012-09-27T13:45:13+02:00</sln:wojIIPWersja><sln:wojIdTeryt>14</sln:wojIdTeryt><sln:wojNazwa>mazowieckie</sln:wojNazwa></sln:miejscowosc><sln:miejscowosc><sln:cyklZyciaOd>2017-03-27T00:00:00+02:00</sln:cyklZyciaOd><sln:gmIIPId>5d416e91-ffb1-4561-92f0-9200a3f0f7ef</sln:gmIIPId><sln:gmIIPPn>PL.PZGIK.200</sln:gmIIPPn><sln:gmIIPWersja>2012-09-26T22:52:17+02:00</sln:gmIIPWersja><sln:gmIdTeryt>1411073</sln:gmIdTeryt><sln:gmNazwa>Różan</sln:gmNazwa><sln:miejscIIPId>6f37e50a-96ee-48ee-b976-4eb1d0b822ea</sln:miejscIIPId><sln:miejscIIPPn>PL.PZGIK.200</sln:miejscIIPPn><sln:miejscIIPWersja>2017-03-27T11:38:53+02:00</sln:miejscIIPWersja><sln:miejscIdTeryt>0518688</sln:miejscIdTeryt><sln:miejscNazwa>Szygi</sln:miejscNazwa><sln:miejscRodzaj>Wieś</sln:miejscRodzaj><sln:powIIPId>d0693248-930f-4838-b662-ac7137143bdf</sln:powIIPId><sln:powIIPPn>PL.PZGIK.200</sln:powIIPPn><sln:powIIPWersja>2012-09-27T08:13:53+02:00</sln:powIIPWersja><sln:powIdTeryt>1411</sln:powIdTeryt><sln:powNazwa>makowski</sln:powNazwa><sln:waznyOd>2014-06-20T00:00:00+02:00</sln:waznyOd><sln:wojIIPId>4b6c492a-eb04-441d-a92a-f44359c06de7</sln:wojIIPId><sln:wojIIPPn>PL.PZGIK.200</sln:wojIIPPn><sln:wojIIPWersja>2012-09-27T13:45:13+02:00</sln:wojIIPWersja><sln:wojIdTeryt>14</sln:wojIdTeryt><sln:wojNazwa>mazowieckie</sln:wojNazwa></sln:miejscowosc><sln:miejscowosc><sln:cyklZyciaOd>2017-03-27T00:00:00+02:00</sln:cyklZyciaOd><sln:gmIIPId>5d416e91-ffb1-4561-92f0-9200a3f0f7ef</sln:gmIIPId><sln:gmIIPPn>PL.PZGIK.200</sln:gmIIPPn><sln:gmIIPWersja>2012-09-26T22:52:17+02:00</sln:gmIIPWersja><sln:gmIdTeryt>1411073</sln:gmIdTeryt><sln:gmNazwa>Różan</sln:gmNazwa><sln:miejscIIPId>dc813936-7077-4116-bfce-f06bc1fcc4fc</sln:miejscIIPId><sln:miejscIIPPn>PL.PZGIK.200</sln:miejscIIPPn><sln:miejscIIPWersja>2017-03-27T11:38:53+02:00</sln:miejscIIPWersja><sln:miejscIdTeryt>0518694</sln:miejscIdTeryt><sln:miejscNazwa>Załęże-Eliasze</sln:miejscNazwa><sln:miejscRodzaj>Wieś</sln:miejscRodzaj><sln:powIIPId>d0693248-930f-4838-b662-ac7137143bdf</sln:powIIPId><sln:powIIPPn>PL.PZGIK.200</sln:powIIPPn><sln:powIIPWersja>2012-09-27T08:13:53+02:00</sln:powIIPWersja><sln:powIdTeryt>1411</sln:powIdTeryt><sln:powNazwa>makowski</sln:powNazwa><sln:waznyOd>2014-06-20T00:00:00+02:00</sln:waznyOd><sln:wojIIPId>4b6c492a-eb04-441d-a92a-f44359c06de7</sln:wojIIPId><sln:wojIIPPn>PL.PZGIK.200</sln:wojIIPPn><sln:wojIIPWersja>2012-09-27T13:45:13+02:00</sln:wojIIPWersja><sln:wojIdTeryt>14</sln:wojIdTeryt><sln:wojNazwa>mazowieckie</sln:wojNazwa></sln:miejscowosc><sln:miejscowosc><sln:cyklZyciaOd>2017-03-27T00:00:00+02:00</sln:cyklZyciaOd><sln:gmIIPId>5d416e91-ffb1-4561-92f0-9200a3f0f7ef</sln:gmIIPId><sln:gmIIPPn>PL.PZGIK.200</sln:gmIIPPn><sln:gmIIPWersja>2012-09-26T22:52:17+02:00</sln:gmIIPWersja><sln:gmIdTeryt>1411073</sln:gmIdTeryt><sln:gmNazwa>Różan</sln:gmNazwa><sln:miejscIIPId>b51b1fcf-5b0d-440b-9aa5-fd79981ba2a4</sln:miejscIIPId><sln:miejscIIPPn>PL.PZGIK.200</sln:miejscIIPPn><sln:miejscIIPWersja>2017-03-27T11:38:53+02:00</sln:miejscIIPWersja><sln:miejscIdTeryt>0518702</sln:miejscIdTeryt><sln:miejscNazwa>Załęże-Gartki</sln:miejscNazwa><sln:miejscRodzaj>Wieś</sln:miejscRodzaj><sln:powIIPId>d0693248-930f-4838-b662-ac7137143bdf</sln:powIIPId><sln:powIIPPn>PL.PZGIK.200</sln:powIIPPn><sln:powIIPWersja>2012-09-27T08:13:53+02:00</sln:powIIPWersja><sln:powIdTeryt>1411</sln:powIdTeryt><sln:powNazwa>makowski</sln:powNazwa><sln:waznyOd>2014-06-20T00:00:00+02:00</sln:waznyOd><sln:wojIIPId>4b6c492a-eb04-441d-a92a-f44359c06de7</sln:wojIIPId><sln:wojIIPPn>PL.PZGIK.200</sln:wojIIPPn><sln:wojIIPWersja>2012-09-27T13:45:13+02:00</sln:wojIIPWersja><sln:wojIdTeryt>14</sln:wojIdTeryt><sln:wojNazwa>mazowieckie</sln:wojNazwa></sln:miejscowosc><sln:miejscowosc><sln:cyklZyciaOd>2017-03-27T00:00:00+02:00</sln:cyklZyciaOd><sln:gmIIPId>5d416e91-ffb1-4561-92f0-9200a3f0f7ef</sln:gmIIPId><sln:gmIIPPn>PL.PZGIK.200</sln:gmIIPPn><sln:gmIIPWersja>2012-09-26T22:52:17+02:00</sln:gmIIPWersja><sln:gmIdTeryt>1411073</sln:gmIdTeryt><sln:gmNazwa>Różan</sln:gmNazwa><sln:miejscIIPId>66fe5260-6c28-4823-87ef-23dca629c976</sln:miejscIIPId><sln:miejscIIPPn>PL.PZGIK.200</sln:miejscIIPPn><sln:miejscIIPWersja>2017-03-27T11:38:53+02:00</sln:miejscIIPWersja><sln:miejscIdTeryt>0518719</sln:miejscIdTeryt><sln:miejscNazwa>Załęże-Sędzięta</sln:miejscNazwa><sln:miejscRodzaj>Wieś</sln:miejscRodzaj><sln:powIIPId>d0693248-930f-4838-b662-ac7137143bdf</sln:powIIPId><sln:powIIPPn>PL.PZGIK.200</sln:powIIPPn><sln:powIIPWersja>2012-09-27T08:13:53+02:00</sln:powIIPWersja><sln:powIdTeryt>1411</sln:powIdTeryt><sln:powNazwa>makowski</sln:powNazwa><sln:waznyOd>2014-06-20T00:00:00+02:00</sln:waznyOd><sln:wojIIPId>4b6c492a-eb04-441d-a92a-f44359c06de7</sln:wojIIPId><sln:wojIIPPn>PL.PZGIK.200</sln:wojIIPPn><sln:wojIIPWersja>2012-09-27T13:45:13+02:00</sln:wojIIPWersja><sln:wojIdTeryt>14</sln:wojIdTeryt><sln:wojNazwa>mazowieckie</sln:wojNazwa></sln:miejscowosc><sln:miejscowosc><sln:cyklZyciaOd>2017-03-27T00:00:00+02:00</sln:cyklZyciaOd><sln:gmIIPId>5d416e91-ffb1-4561-92f0-9200a3f0f7ef</sln:gmIIPId><sln:gmIIPPn>PL.PZGIK.200</sln:gmIIPPn><sln:gmIIPWersja>2012-09-26T22:52:17+02:00</sln:gmIIPWersja><sln:gmIdTeryt>1411073</sln:gmIdTeryt><sln:gmNazwa>Różan</sln:gmNazwa><sln:miejscIIPId>e862233c-e5e6-4391-a66c-e1821012fa14</sln:miejscIIPId><sln:miejscIIPPn>PL.PZGIK.200</sln:miejscIIPPn><sln:miejscIIPWersja>2017-03-27T11:38:54+02:00</sln:miejscIIPWersja><sln:miejscIdTeryt>0518725</sln:miejscIdTeryt><sln:miejscNazwa>Załęże Wielkie</sln:miejscNazwa><sln:miejscRodzaj>Wieś</sln:miejscRodzaj><sln:powIIPId>d0693248-930f-4838-b662-ac7137143bdf</sln:powIIPId><sln:powIIPPn>PL.PZGIK.200</sln:powIIPPn><sln:powIIPWersja>2012-09-27T08:13:53+02:00</sln:powIIPWersja><sln:powIdTeryt>1411</sln:powIdTeryt><sln:powNazwa>makowski</sln:powNazwa><sln:waznyOd>2014-06-20T00:00:00+02:00</sln:waznyOd><sln:wojIIPId>4b6c492a-eb04-441d-a92a-f44359c06de7</sln:wojIIPId><sln:wojIIPPn>PL.PZGIK.200</sln:wojIIPPn><sln:wojIIPWersja>2012-09-27T13:45:13+02:00</sln:wojIIPWersja><sln:wojIdTeryt>14</sln:wojIdTeryt><sln:wojNazwa>mazowieckie</sln:wojNazwa></sln:miejscowosc><sln:miejscowosc><sln:cyklZyciaOd>2017-03-27T00:00:00+02:00</sln:cyklZyciaOd><sln:gmIIPId>5d416e91-ffb1-4561-92f0-9200a3f0f7ef</sln:gmIIPId><sln:gmIIPPn>PL.PZGIK.200</sln:gmIIPPn><sln:gmIIPWersja>2012-09-26T22:52:17+02:00</sln:gmIIPWersja><sln:gmIdTeryt>1411073</sln:gmIdTeryt><sln:gmNazwa>Różan</sln:gmNazwa><sln:miejscIIPId>8463ee94-f68b-46bf-ba67-bbc3ca0ee7e0</sln:miejscIIPId><sln:miejscIIPPn>PL.PZGIK.200</sln:miejscIIPPn><sln:miejscIIPWersja>2017-03-27T11:38:54+02:00</sln:miejscIIPWersja><sln:miejscIdTeryt>0518731</sln:miejscIdTeryt><sln:miejscNazwa>Załuzie</sln:miejscNazwa><sln:miejscRodzaj>Wieś</sln:miejscRodzaj><sln:powIIPId>d0693248-930f-4838-b662-ac7137143bdf</sln:powIIPId><sln:powIIPPn>PL.PZGIK.200</sln:powIIPPn><sln:powIIPWersja>2012-09-27T08:13:53+02:00</sln:powIIPWersja><sln:powIdTeryt>1411</sln:powIdTeryt><sln:powNazwa>makowski</sln:powNazwa><sln:waznyOd>2014-06-20T00:00:00+02:00</sln:waznyOd><sln:wojIIPId>4b6c492a-eb04-441d-a92a-f44359c06de7</sln:wojIIPId><sln:wojIIPPn>PL.PZGIK.200</sln:wojIIPPn><sln:wojIIPWersja>2012-09-27T13:45:13+02:00</sln:wojIIPWersja><sln:wojIdTeryt>14</sln:wojIdTeryt><sln:wojNazwa>mazowieckie</sln:wojNazwa></sln:miejscowosc><sln:miejscowosc><sln:cyklZyciaOd>2017-03-27T00:00:00+02:00</sln:cyklZyciaOd><sln:gmIIPId>5d416e91-ffb1-4561-92f0-9200a3f0f7ef</sln:gmIIPId><sln:gmIIPPn>PL.PZGIK.200</sln:gmIIPPn><sln:gmIIPWersja>2012-09-26T22:52:17+02:00</sln:gmIIPWersja><sln:gmIdTeryt>1411073</sln:gmIdTeryt><sln:gmNazwa>Różan</sln:gmNazwa><sln:miejscIIPId>eac1908f-6386-4050-a9cb-bb34280b972d</sln:miejscIIPId><sln:miejscIIPPn>PL.PZGIK.200</sln:miejscIIPPn><sln:miejscIIPWersja>2017-03-27T11:38:54+02:00</sln:miejscIIPWersja><sln:miejscIdTeryt>0966412</sln:miejscIdTeryt><sln:miejscNazwa>Różan</sln:miejscNazwa><sln:miejscRodzaj>Miasto</sln:miejscRodzaj><sln:powIIPId>d0693248-930f-4838-b662-ac7137143bdf</sln:powIIPId><sln:powIIPPn>PL.PZGIK.200</sln:powIIPPn><sln:powIIPWersja>2012-09-27T08:13:53+02:00</sln:powIIPWersja><sln:powIdTeryt>1411</sln:powIdTeryt><sln:powNazwa>makowski</sln:powNazwa><sln:waznyOd>2014-06-20T00:00:00+02:00</sln:waznyOd><sln:wojIIPId>4b6c492a-eb04-441d-a92a-f44359c06de7</sln:wojIIPId><sln:wojIIPPn>PL.PZGIK.200</sln:wojIIPPn><sln:wojIIPWersja>2012-09-27T13:45:13+02:00</sln:wojIIPWersja><sln:wojIdTeryt>14</sln:wojIdTeryt><sln:wojNazwa>mazowieckie</sln:wojNazwa></sln:miejscowosc><sln:miejscowosc><sln:cyklZyciaOd>2017-03-27T00:00:00+02:00</sln:cyklZyciaOd><sln:gmIIPId>5d416e91-ffb1-4561-92f0-9200a3f0f7ef</sln:gmIIPId><sln:gmIIPPn>PL.PZGIK.200</sln:gmIIPPn><sln:gmIIPWersja>2012-09-26T22:52:17+02:00</sln:gmIIPWersja><sln:gmIdTeryt>1411073</sln:gmIdTeryt><sln:gmNazwa>Różan</sln:gmNazwa><sln:miejscIIPId>f236679b-f5b9-4673-a1c3-dc6f5a15021d</sln:miejscIIPId><sln:miejscIIPPn>PL.PZGIK.200</sln:miejscIIPPn><sln:miejscIIPWersja>2017-03-27T11:38:54+02:00</sln:miejscIIPWersja><sln:miejscIdTeryt>0989399</sln:miejscIdTeryt><sln:miejscNazwa>Paulinowo</sln:miejscNazwa><sln:miejscRodzaj>Inny obiekt</sln:miejscRodzaj><sln:powIIPId>d0693248-930f-4838-b662-ac7137143bdf</sln:powIIPId><sln:powIIPPn>PL.PZGIK.200</sln:powIIPPn><sln:powIIPWersja>2012-09-27T08:13:53+02:00</sln:powIIPWersja><sln:powIdTeryt>1411</sln:powIdTeryt><sln:powNazwa>makowski</sln:powNazwa><sln:waznyOd>2014-06-20T00:00:00+02:00</sln:waznyOd><sln:wojIIPId>4b6c492a-eb04-441d-a92a-f44359c06de7</sln:wojIIPId><sln:wojIIPPn>PL.PZGIK.200</sln:wojIIPPn><sln:wojIIPWersja>2012-09-27T13:45:13+02:00</sln:wojIIPWersja><sln:wojIdTeryt>14</sln:wojIdTeryt><sln:wojNazwa>mazowieckie</sln:wojNazwa></sln:miejscowosc></sln:lista-miejscowosci>