<?xml version="1.0" encoding="UTF-8" standalone="yes"?><sln:lista-miejscowosci xmlns:srv="http://gugik.gov.pl/schemas/slowniki-service/1.0" xmlns:sln="http://gugik.gov.pl/schemas/slowniki-schema/1.0"><sln:miejscowosc><sln:cyklZyciaDo>2017-03-27T00:00:00+02:00</sln:cyklZyciaDo><sln:cyklZyciaOd>2016-01-08T00:00:00+01:00</sln:cyklZyciaOd><sln:gmIIPId>7fd6bb33-e391-4e4e-995c-afca6a6b8fdb</sln:gmIIPId><sln:gmIIPPn>PL.PZGIK.200</sln:gmIIPPn><sln:gmIIPWersja>2012-09-26T21:58:00+02:00</sln:gmIIPWersja><sln:gmIdTeryt>1407072</sln:gmIdTeryt><sln:gmNazwa>Sieciechów</sln:gmNazwa><sln:miejscIIPId>7d52be5c-b9ec-4eef-8d9c-56daee9b37eb</sln:miejscIIPId><sln:miejscIIPPn>PL.PZGIK.200</sln:miejscIIPPn><sln:miejscIIPWersja>2016-11-24T11:40:19+02:00</sln:miejscIIPWersja><sln:miejscIdTeryt>0635968</sln:miejscIdTeryt><sln:miejscNazwa>Głusiec</sln:miejscNazwa><sln:miejscRodzaj>Wieś</sln:miejscRodzaj><sln:powIIPId>e11a1507-ec34-4cf5-a5fc-f557ede188aa</sln:powIIPId><sln:powIIPPn>PL.PZGIK.200</sln:powIIPPn><sln:powIIPWersja>2012-09-27T08:13:53+02:00</sln:powIIPWersja><sln:powIdTeryt>1407</sln:powIdTeryt><sln:powNazwa>kozienicki</sln:powNazwa><sln:waznyOd>2014-06-23T00:00:00+02:00</sln:waznyOd><sln:wojIIPId>4b6c492a-eb04-441d-a92a-f44359c06de7</sln:wojIIPId><sln:wojIIPPn>PL.PZGIK.200</sln:wojIIPPn><sln:wojIIPWersja>2012-09-27T13:45:13+02:00</sln:wojIIPWersja><sln:wojIdTeryt>14</sln:wojIdTeryt><sln:wojNazwa>mazowieckie</sln:wojNazwa></sln:miejscowosc><sln:miejscowosc><sln:cyklZyciaDo>2017-03-27T00:00:00+02:00</sln:cyklZyciaDo><sln:cyklZyciaOd>2016-01-08T00:00:00+01:00</sln:cyklZyciaOd><sln:gmIIPId>7fd6bb33-e391-4e4e-995c-afca6a6b8fdb</sln:gmIIPId><sln:gmIIPPn>PL.PZGIK.200</sln:gmIIPPn><sln:gmIIPWersja>2012-09-26T21:58:00+02:00</sln:gmIIPWersja><sln:gmIdTeryt>1407072</sln:gmIdTeryt><sln:gmNazwa>Sieciechów</sln:gmNazwa><sln:miejscIIPId>adf7a59c-f6d8-49b3-afed-89ed3cccc159</sln:miejscIIPId><sln:miejscIIPPn>PL.PZGIK.200</sln:miejscIIPPn><sln:miejscIIPWersja>2016-11-24T11:40:20+02:00</sln:miejscIIPWersja><sln:miejscIdTeryt>0635980</sln:miejscIdTeryt><sln:miejscNazwa>Kępice</sln:miejscNazwa><sln:miejscRodzaj>Wieś</sln:miejscRodzaj><sln:powIIPId>e11a1507-ec34-4cf5-a5fc-f557ede188aa</sln:powIIPId><sln:powIIPPn>PL.PZGIK.200</sln:powIIPPn><sln:powIIPWersja>2012-09-27T08:13:53+02:00</sln:powIIPWersja><sln:powIdTeryt>1407</sln:powIdTeryt><sln:powNazwa>kozienicki</sln:powNazwa><sln:waznyOd>2014-06-23T00:00:00+02:00</sln:waznyOd><sln:wojIIPId>4b6c492a-eb04-441d-a92a-f44359c06de7</sln:wojIIPId><sln:wojIIPPn>PL.PZGIK.200</sln:wojIIPPn><sln:wojIIPWersja>2012-09-27T13:45:13+02:00</sln:wojIIPWersja><sln:wojIdTeryt>14</sln:wojIdTeryt><sln:wojNazwa>mazowieckie</sln:wojNazwa></sln:miejscowosc><sln:miejscowosc><sln:cyklZyciaDo>2017-03-27T00:00:00+02:00</sln:cyklZyciaDo><sln:cyklZyciaOd>2016-01-08T00:00:00+01:00</sln:cyklZyciaOd><sln:gmIIPId>7fd6bb33-e391-4e4e-995c-afca6a6b8fdb</sln:gmIIPId><sln:gmIIPPn>PL.PZGIK.200</sln:gmIIPPn><sln:gmIIPWersja>2012-09-26T21:58:00+02:00</sln:gmIIPWersja><sln:gmIdTeryt>1407072</sln:gmIdTeryt><sln:gmNazwa>Sieciechów</sln:gmNazwa><sln:miejscIIPId>8e21c631-ea00-45e5-8097-514baaa55664</sln:miejscIIPId><sln:miejscIIPPn>PL.PZGIK.200</sln:miejscIIPPn><sln:miejscIIPWersja>2016-11-24T11:40:21+02:00</sln:miejscIIPWersja><sln:miejscIdTeryt>0636011</sln:miejscIdTeryt><sln:miejscNazwa>Łoje</sln:miejscNazwa><sln:miejscRodzaj>Wieś</sln:miejscRodzaj><sln:powIIPId>e11a1507-ec34-4cf5-a5fc-f557ede188aa</sln:powIIPId><sln:powIIPPn>PL.PZGIK.200</sln:powIIPPn><sln:powIIPWersja>2012-09-27T08:13:53+02:00</sln:powIIPWersja><sln:powIdTeryt>1407</sln:powIdTeryt><sln:powNazwa>kozienicki</sln:powNazwa><sln:waznyOd>2014-06-23T00:00:00+02:00</sln:waznyOd><sln:wojIIPId>4b6c492a-eb04-441d-a92a-f44359c06de7</sln:wojIIPId><sln:wojIIPPn>PL.PZGIK.200</sln:wojIIPPn><sln:wojIIPWersja>2012-09-27T13:45:13+02:00</sln:wojIIPWersja><sln:wojIdTeryt>14</sln:wojIdTeryt><sln:wojNazwa>mazowieckie</sln:wojNazwa></sln:miejscowosc><sln:miejscowosc><sln:cyklZyciaDo>2017-03-27T00:00:00+02:00</sln:cyklZyciaDo><sln:cyklZyciaOd>2016-01-08T00:00:00+01:00</sln:cyklZyciaOd><sln:gmIIPId>7fd6bb33-e391-4e4e-995c-afca6a6b8fdb</sln:gmIIPId><sln:gmIIPPn>PL.PZGIK.200</sln:gmIIPPn><sln:gmIIPWersja>2012-09-26T21:58:00+02:00</sln:gmIIPWersja><sln:gmIdTeryt>1407072</sln:gmIdTeryt><sln:gmNazwa>Sieciechów</sln:gmNazwa><sln:miejscIIPId>2fab64a3-9e17-4b50-88d2-f40b5fdc938e</sln:miejscIIPId><sln:miejscIIPPn>PL.PZGIK.200</sln:miejscIIPPn><sln:miejscIIPWersja>2016-11-24T11:40:22+02:00</sln:miejscIIPWersja><sln:miejscIdTeryt>0636028</sln:miejscIdTeryt><sln:miejscNazwa>Mozolice Duże</sln:miejscNazwa><sln:miejscRodzaj>Wieś</sln:miejscRodzaj><sln:powIIPId>e11a1507-ec34-4cf5-a5fc-f557ede188aa</sln:powIIPId><sln:powIIPPn>PL.PZGIK.200</sln:powIIPPn><sln:powIIPWersja>2012-09-27T08:13:53+02:00</sln:powIIPWersja><sln:powIdTeryt>1407</sln:powIdTeryt><sln:powNazwa>kozienicki</sln:powNazwa><sln:waznyOd>2014-06-23T00:00:00+02:00</sln:waznyOd><sln:wojIIPId>4b6c492a-eb04-441d-a92a-f44359c06de7</sln:wojIIPId><sln:wojIIPPn>PL.PZGIK.200</sln:wojIIPPn><sln:wojIIPWersja>2012-09-27T13:45:13+02:00</sln:wojIIPWersja><sln:wojIdTeryt>14</sln:wojIdTeryt><sln:wojNazwa>mazowieckie</sln:wojNazwa></sln:miejscowosc><sln:miejscowosc><sln:cyklZyciaDo>2017-03-27T00:00:00+02:00</sln:cyklZyciaDo><sln:cyklZyciaOd>2016-01-08T00:00:00+01:00</sln:cyklZyciaOd><sln:gmIIPId>7fd6bb33-e391-4e4e-995c-afca6a6b8fdb</sln:gmIIPId><sln:gmIIPPn>PL.PZGIK.200</sln:gmIIPPn><sln:gmIIPWersja>2012-09-26T21:58:00+02:00</sln:gmIIPWersja><sln:gmIdTeryt>1407072</sln:gmIdTeryt><sln:gmNazwa>Sieciechów</sln:gmNazwa><sln:miejscIIPId>5101ddb8-4dcd-4125-a8d5-b5439f58b143</sln:miejscIIPId><sln:miejscIIPPn>PL.PZGIK.200</sln:miejscIIPPn><sln:miejscIIPWersja>2016-11-24T11:40:23+02:00</sln:miejscIIPWersja><sln:miejscIdTeryt>0636034</sln:miejscIdTeryt><sln:miejscNazwa>Mozolice Małe</sln:miejscNazwa><sln:miejscRodzaj>Wieś</sln:miejscRodzaj><sln:powIIPId>e11a1507-ec34-4cf5-a5fc-f557ede188aa</sln:powIIPId><sln:powIIPPn>PL.PZGIK.200</sln:powIIPPn><sln:powIIPWersja>2012-09-27T08:13:53+02:00</sln:powIIPWersja><sln:powIdTeryt>1407</sln:powIdTeryt><sln:powNazwa>kozienicki</sln:powNazwa><sln:waznyOd>2014-06-23T00:00:00+02:00</sln:waznyOd><sln:wojIIPId>4b6c492a-eb04-441d-a92a-f44359c06de7</sln:wojIIPId><sln:wojIIPPn>PL.PZGIK.200</sln:wojIIPPn><sln:wojIIPWersja>2012-09-27T13:45:13+02:00</sln:wojIIPWersja><sln:wojIdTeryt>14</sln:wojIdTeryt><sln:wojNazwa>mazowieckie</sln:wojNazwa></sln:miejscowosc><sln:miejscowosc><sln:cyklZyciaDo>2017-03-27T00:00:00+02:00</sln:cyklZyciaDo><sln:cyklZyciaOd>2016-01-08T00:00:00+01:00</sln:cyklZyciaOd><sln:gmIIPId>7fd6bb33-e391-4e4e-995c-afca6a6b8fdb</sln:gmIIPId><sln:gmIIPPn>PL.PZGIK.200</sln:gmIIPPn><sln:gmIIPWersja>2012-09-26T21:58:00+02:00</sln:gmIIPWersja><sln:gmIdTeryt>1407072</sln:gmIdTeryt><sln:gmNazwa>Sieciechów</sln:gmNazwa><sln:miejscIIPId>fba6eac6-99fa-46a6-9a01-4ecda225407d</sln:miejscIIPId><sln:miejscIIPPn>PL.PZGIK.200</sln:miejscIIPPn><sln:miejscIIPWersja>2016-11-24T11:40:24+02:00</sln:miejscIIPWersja><sln:miejscIdTeryt>0636040</sln:miejscIdTeryt><sln:miejscNazwa>Nagórnik</sln:miejscNazwa><sln:miejscRodzaj>Wieś</sln:miejscRodzaj><sln:powIIPId>e11a1507-ec34-4cf5-a5fc-f557ede188aa</sln:powIIPId><sln:powIIPPn>PL.PZGIK.200</sln:powIIPPn><sln:powIIPWersja>2012-09-27T08:13:53+02:00</sln:powIIPWersja><sln:powIdTeryt>1407</sln:powIdTeryt><sln:powNazwa>kozienicki</sln:powNazwa><sln:waznyOd>2014-06-23T00:00:00+02:00</sln:waznyOd><sln:wojIIPId>4b6c492a-eb04-441d-a92a-f44359c06de7</sln:wojIIPId><sln:wojIIPPn>PL.PZGIK.200</sln:wojIIPPn><sln:wojIIPWersja>2012-09-27T13:45:13+02:00</sln:wojIIPWersja><sln:wojIdTeryt>14</sln:wojIdTeryt><sln:wojNazwa>mazowieckie</sln:wojNazwa></sln:miejscowosc><sln:miejscowosc><sln:cyklZyciaDo>2017-03-27T00:00:00+02:00</sln:cyklZyciaDo><sln:cyklZyciaOd>2016-01-08T00:00:00+01:00</sln:cyklZyciaOd><sln:gmIIPId>7fd6bb33-e391-4e4e-995c-afca6a6b8fdb</sln:gmIIPId><sln:gmIIPPn>PL.PZGIK.200</sln:gmIIPPn><sln:gmIIPWersja>2012-09-26T21:58:00+02:00</sln:gmIIPWersja><sln:gmIdTeryt>1407072</sln:gmIdTeryt><sln:gmNazwa>Sieciechów</sln:gmNazwa><sln:miejscIIPId>0461ff06-b2c0-46cd-b549-7a20ca015dcb</sln:miejscIIPId><sln:miejscIIPPn>PL.PZGIK.200</sln:miejscIIPPn><sln:miejscIIPWersja>2016-11-24T11:40:29+02:00</sln:miejscIIPWersja><sln:miejscIdTeryt>0636117</sln:miejscIdTeryt><sln:miejscNazwa>Nowe Słowiki</sln:miejscNazwa><sln:miejscRodzaj>Inny obiekt</sln:miejscRodzaj><sln:powIIPId>e11a1507-ec34-4cf5-a5fc-f557ede188aa</sln:powIIPId><sln:powIIPPn>PL.PZGIK.200</sln:powIIPPn><sln:powIIPWersja>2012-09-27T08:13:53+02:00</sln:powIIPWersja><sln:powIdTeryt>1407</sln:powIdTeryt><sln:powNazwa>kozienicki</sln:powNazwa><sln:waznyOd>2015-01-30T00:00:00+01:00</sln:waznyOd><sln:wojIIPId>4b6c492a-eb04-441d-a92a-f44359c06de7</sln:wojIIPId><sln:wojIIPPn>PL.PZGIK.200</sln:wojIIPPn><sln:wojIIPWersja>2012-09-27T13:45:13+02:00</sln:wojIIPWersja><sln:wojIdTeryt>14</sln:wojIdTeryt><sln:wojNazwa>mazowieckie</sln:wojNazwa></sln:miejscowosc><sln:miejscowosc><sln:cyklZyciaDo>2017-03-27T00:00:00+02:00</sln:cyklZyciaDo><sln:cyklZyciaOd>2016-01-08T00:00:00+01:00</sln:cyklZyciaOd><sln:gmIIPId>7fd6bb33-e391-4e4e-995c-afca6a6b8fdb</sln:gmIIPId><sln:gmIIPPn>PL.PZGIK.200</sln:gmIIPPn><sln:gmIIPWersja>2012-09-26T21:58:00+02:00</sln:gmIIPWersja><sln:gmIdTeryt>1407072</sln:gmIdTeryt><sln:gmNazwa>Sieciechów</sln:gmNazwa><sln:miejscIIPId>640c7f19-ebc7-4f86-847c-98a8eb2183b4</sln:miejscIIPId><sln:miejscIIPPn>PL.PZGIK.200</sln:miejscIIPPn><sln:miejscIIPWersja>2016-11-24T11:40:25+02:00</sln:miejscIIPWersja><sln:miejscIdTeryt>0636063</sln:miejscIdTeryt><sln:miejscNazwa>Opactwo</sln:miejscNazwa><sln:miejscRodzaj>Wieś</sln:miejscRodzaj><sln:powIIPId>e11a1507-ec34-4cf5-a5fc-f557ede188aa</sln:powIIPId><sln:powIIPPn>PL.PZGIK.200</sln:powIIPPn><sln:powIIPWersja>2012-09-27T08:13:53+02:00</sln:powIIPWersja><sln:powIdTeryt>1407</sln:powIdTeryt><sln:powNazwa>kozienicki</sln:powNazwa><sln:waznyOd>2014-06-23T00:00:00+02:00</sln:waznyOd><sln:wojIIPId>4b6c492a-eb04-441d-a92a-f44359c06de7</sln:wojIIPId><sln:wojIIPPn>PL.PZGIK.200</sln:wojIIPPn><sln:wojIIPWersja>2012-09-27T13:45:13+02:00</sln:wojIIPWersja><sln:wojIdTeryt>14</sln:wojIdTeryt><sln:wojNazwa>mazowieckie</sln:wojNazwa></sln:miejscowosc><sln:miejscowosc><sln:cyklZyciaDo>2017-03-27T00:00:00+02:00</sln:cyklZyciaDo><sln:cyklZyciaOd>2016-01-08T00:00:00+01:00</sln:cyklZyciaOd><sln:gmIIPId>7fd6bb33-e391-4e4e-995c-afca6a6b8fdb</sln:gmIIPId><sln:gmIIPPn>PL.PZGIK.200</sln:gmIIPPn><sln:gmIIPWersja>2012-09-26T21:58:00+02:00</sln:gmIIPWersja><sln:gmIdTeryt>1407072</sln:gmIdTeryt><sln:gmNazwa>Sieciechów</sln:gmNazwa><sln:miejscIIPId>69d6e67a-f9d6-4273-8b2f-5d7b77d496bc</sln:miejscIIPId><sln:miejscIIPPn>PL.PZGIK.200</sln:miejscIIPPn><sln:miejscIIPWersja>2016-11-24T11:40:27+02:00</sln:miejscIIPWersja><sln:miejscIdTeryt>0636086</sln:miejscIdTeryt><sln:miejscNazwa>Sieciechów</sln:miejscNazwa><sln:miejscRodzaj>Wieś</sln:miejscRodzaj><sln:powIIPId>e11a1507-ec34-4cf5-a5fc-f557ede188aa</sln:powIIPId><sln:powIIPPn>PL.PZGIK.200</sln:powIIPPn><sln:powIIPWersja>2012-09-27T08:13:53+02:00</sln:powIIPWersja><sln:powIdTeryt>1407</sln:powIdTeryt><sln:powNazwa>kozienicki</sln:powNazwa><sln:waznyOd>2014-06-23T00:00:00+02:00</sln:waznyOd><sln:wojIIPId>4b6c492a-eb04-441d-a92a-f44359c06de7</sln:wojIIPId><sln:wojIIPPn>PL.PZGIK.200</sln:wojIIPPn><sln:wojIIPWersja>2012-09-27T13:45:13+02:00</sln:wojIIPWersja><sln:wojIdTeryt>14</sln:wojIdTeryt><sln:wojNazwa>mazowieckie</sln:wojNazwa></sln:miejscowosc><sln:miejscowosc><sln:cyklZyciaDo>2017-03-27T00:00:00+02:00</sln:cyklZyciaDo><sln:cyklZyciaOd>2016-01-08T00:00:00+01:00</sln:cyklZyciaOd><sln:gmIIPId>7fd6bb33-e391-4e4e-995c-afca6a6b8fdb</sln:gmIIPId><sln:gmIIPPn>PL.PZGIK.200</sln:gmIIPPn><sln:gmIIPWersja>2012-09-26T21:58:00+02:00</sln:gmIIPWersja><sln:gmIdTeryt>1407072</sln:gmIdTeryt><sln:gmNazwa>Sieciechów</sln:gmNazwa><sln:miejscIIPId>f2310149-2a00-4c3a-ab6e-1e64261da1c5</sln:miejscIIPId><sln:miejscIIPPn>PL.PZGIK.200</sln:miejscIIPPn><sln:miejscIIPWersja>2016-11-24T11:40:30+02:00</sln:miejscIIPWersja><sln:miejscIdTeryt>0636123</sln:miejscIdTeryt><sln:miejscNazwa>Słowiki-Folwark</sln:miejscNazwa><sln:miejscRodzaj>Inny obiekt</sln:miejscRodzaj><sln:powIIPId>e11a1507-ec34-4cf5-a5fc-f557ede188aa</sln:powIIPId><sln:powIIPPn>PL.PZGIK.200</sln:powIIPPn><sln:powIIPWersja>2012-09-27T08:13:53+02:00</sln:powIIPWersja><sln:powIdTeryt>1407</sln:powIdTeryt><sln:powNazwa>kozienicki</sln:powNazwa><sln:waznyOd>2015-01-30T00:00:00+01:00</sln:waznyOd><sln:wojIIPId>4b6c492a-eb04-441d-a92a-f44359c06de7</sln:wojIIPId><sln:wojIIPPn>PL.PZGIK.200</sln:wojIIPPn><sln:wojIIPWersja>2012-09-27T13:45:13+02:00</sln:wojIIPWersja><sln:wojIdTeryt>14</sln:wojIdTeryt><sln:wojNazwa>mazowieckie</sln:wojNazwa></sln:miejscowosc><sln:miejscowosc><sln:cyklZyciaDo>2017-03-27T00:00:00+02:00</sln:cyklZyciaDo><sln:cyklZyciaOd>2016-01-08T00:00:00+01:00</sln:cyklZyciaOd><sln:gmIIPId>7fd6bb33-e391-4e4e-995c-afca6a6b8fdb</sln:gmIIPId><sln:gmIIPPn>PL.PZGIK.200</sln:gmIIPPn><sln:gmIIPWersja>2012-09-26T21:58:00+02:00</sln:gmIIPWersja><sln:gmIdTeryt>1407072</sln:gmIdTeryt><sln:gmNazwa>Sieciechów</sln:gmNazwa><sln:miejscIIPId>23028651-6dd8-4f04-bf76-1183b114ab8e</sln:miejscIIPId><sln:miejscIIPPn>PL.PZGIK.200</sln:miejscIIPPn><sln:miejscIIPWersja>2016-11-24T11:40:28+02:00</sln:miejscIIPWersja><sln:miejscIdTeryt>0636092</sln:miejscIdTeryt><sln:miejscNazwa>Stare Słowiki</sln:miejscNazwa><sln:miejscRodzaj>Wieś</sln:miejscRodzaj><sln:powIIPId>e11a1507-ec34-4cf5-a5fc-f557ede188aa</sln:powIIPId><sln:powIIPPn>PL.PZGIK.200</sln:powIIPPn><sln:powIIPWersja>2012-09-27T08:13:53+02:00</sln:powIIPWersja><sln:powIdTeryt>1407</sln:powIdTeryt><sln:powNazwa>kozienicki</sln:powNazwa><sln:waznyOd>2015-01-30T00:00:00+01:00</sln:waznyOd><sln:wojIIPId>4b6c492a-eb04-441d-a92a-f44359c06de7</sln:wojIIPId><sln:wojIIPPn>PL.PZGIK.200</sln:wojIIPPn><sln:wojIIPWersja>2012-09-27T13:45:13+02:00</sln:wojIIPWersja><sln:wojIdTeryt>14</sln:wojIdTeryt><sln:wojNazwa>mazowieckie</sln:wojNazwa></sln:miejscowosc><sln:miejscowosc><sln:cyklZyciaDo>2017-03-27T00:00:00+02:00</sln:cyklZyciaDo><sln:cyklZyciaOd>2016-01-08T00:00:00+01:00</sln:cyklZyciaOd><sln:gmIIPId>7fd6bb33-e391-4e4e-995c-afca6a6b8fdb</sln:gmIIPId><sln:gmIIPPn>PL.PZGIK.200</sln:gmIIPPn><sln:gmIIPWersja>2012-09-26T21:58:00+02:00</sln:gmIIPWersja><sln:gmIdTeryt>1407072</sln:gmIdTeryt><sln:gmNazwa>Sieciechów</sln:gmNazwa><sln:miejscIIPId>b8abecfa-ca0c-47cd-9813-763946458384</sln:miejscIIPId><sln:miejscIIPPn>PL.PZGIK.200</sln:miejscIIPPn><sln:miejscIIPWersja>2016-11-24T11:40:31+02:00</sln:miejscIIPWersja><sln:miejscIdTeryt>0636130</sln:miejscIdTeryt><sln:miejscNazwa>Wola Klasztorna</sln:miejscNazwa><sln:miejscRodzaj>Wieś</sln:miejscRodzaj><sln:powIIPId>e11a1507-ec34-4cf5-a5fc-f557ede188aa</sln:powIIPId><sln:powIIPPn>PL.PZGIK.200</sln:powIIPPn><sln:powIIPWersja>2012-09-27T08:13:53+02:00</sln:powIIPWersja><sln:powIdTeryt>1407</sln:powIdTeryt><sln:powNazwa>kozienicki</sln:powNazwa><sln:waznyOd>2014-06-23T00:00:00+02:00</sln:waznyOd><sln:wojIIPId>4b6c492a-eb04-441d-a92a-f44359c06de7</sln:wojIIPId><sln:wojIIPPn>PL.PZGIK.200</sln:wojIIPPn><sln:wojIIPWersja>2012-09-27T13:45:13+02:00</sln:wojIIPWersja><sln:wojIdTeryt>14</sln:wojIdTeryt><sln:wojNazwa>mazowieckie</sln:wojNazwa></sln:miejscowosc><sln:miejscowosc><sln:cyklZyciaDo>2017-03-27T00:00:00+02:00</sln:cyklZyciaDo><sln:cyklZyciaOd>2016-01-08T00:00:00+01:00</sln:cyklZyciaOd><sln:gmIIPId>7fd6bb33-e391-4e4e-995c-afca6a6b8fdb</sln:gmIIPId><sln:gmIIPPn>PL.PZGIK.200</sln:gmIIPPn><sln:gmIIPWersja>2012-09-26T21:58:00+02:00</sln:gmIIPWersja><sln:gmIdTeryt>1407072</sln:gmIdTeryt><sln:gmNazwa>Sieciechów</sln:gmNazwa><sln:miejscIIPId>80d37f99-1c1c-4160-951a-344068ef2942</sln:miejscIIPId><sln:miejscIIPPn>PL.PZGIK.200</sln:miejscIIPPn><sln:miejscIIPWersja>2016-11-24T11:40:32+02:00</sln:miejscIIPWersja><sln:miejscIdTeryt>0636146</sln:miejscIdTeryt><sln:miejscNazwa>Wólka Wojcieszkowska</sln:miejscNazwa><sln:miejscRodzaj>Wieś</sln:miejscRodzaj><sln:powIIPId>e11a1507-ec34-4cf5-a5fc-f557ede188aa</sln:powIIPId><sln:powIIPPn>PL.PZGIK.200</sln:powIIPPn><sln:powIIPWersja>2012-09-27T08:13:53+02:00</sln:powIIPWersja><sln:powIdTeryt>1407</sln:powIdTeryt><sln:powNazwa>kozienicki</sln:powNazwa><sln:waznyOd>2014-06-23T00:00:00+02:00</sln:waznyOd><sln:wojIIPId>4b6c492a-eb04-441d-a92a-f44359c06de7</sln:wojIIPId><sln:wojIIPPn>PL.PZGIK.200</sln:wojIIPPn><sln:wojIIPWersja>2012-09-27T13:45:13+02:00</sln:wojIIPWersja><sln:wojIdTeryt>14</sln:wojIdTeryt><sln:wojNazwa>mazowieckie</sln:wojNazwa></sln:miejscowosc><sln:miejscowosc><sln:cyklZyciaDo>2017-03-27T00:00:00+02:00</sln:cyklZyciaDo><sln:cyklZyciaOd>2016-01-08T00:00:00+01:00</sln:cyklZyciaOd><sln:gmIIPId>7fd6bb33-e391-4e4e-995c-afca6a6b8fdb</sln:gmIIPId><sln:gmIIPPn>PL.PZGIK.200</sln:gmIIPPn><sln:gmIIPWersja>2012-09-26T21:58:00+02:00</sln:gmIIPWersja><sln:gmIdTeryt>1407072</sln:gmIdTeryt><sln:gmNazwa>Sieciechów</sln:gmNazwa><sln:miejscIIPId>dfb839c5-86d9-4cda-ae0a-a0dbe8210997</sln:miejscIIPId><sln:miejscIIPPn>PL.PZGIK.200</sln:miejscIIPPn><sln:miejscIIPWersja>2016-11-24T11:40:33+02:00</sln:miejscIIPWersja><sln:miejscIdTeryt>0636152</sln:miejscIdTeryt><sln:miejscNazwa>Występ</sln:miejscNazwa><sln:miejscRodzaj>Wieś</sln:miejscRodzaj><sln:powIIPId>e11a1507-ec34-4cf5-a5fc-f557ede188aa</sln:powIIPId><sln:powIIPPn>PL.PZGIK.200</sln:powIIPPn><sln:powIIPWersja>2012-09-27T08:13:53+02:00</sln:powIIPWersja><sln:powIdTeryt>1407</sln:powIdTeryt><sln:powNazwa>kozienicki</sln:powNazwa><sln:waznyOd>2014-06-23T00:00:00+02:00</sln:waznyOd><sln:wojIIPId>4b6c492a-eb04-441d-a92a-f44359c06de7</sln:wojIIPId><sln:wojIIPPn>PL.PZGIK.200</sln:wojIIPPn><sln:wojIIPWersja>2012-09-27T13:45:13+02:00</sln:wojIIPWersja><sln:wojIdTeryt>14</sln:wojIdTeryt><sln:wojNazwa>mazowieckie</sln:wojNazwa></sln:miejscowosc><sln:miejscowosc><sln:cyklZyciaDo>2017-03-27T00:00:00+02:00</sln:cyklZyciaDo><sln:cyklZyciaOd>2016-01-08T00:00:00+01:00</sln:cyklZyciaOd><sln:gmIIPId>7fd6bb33-e391-4e4e-995c-afca6a6b8fdb</sln:gmIIPId><sln:gmIIPPn>PL.PZGIK.200</sln:gmIIPPn><sln:gmIIPWersja>2012-09-26T21:58:00+02:00</sln:gmIIPWersja><sln:gmIdTeryt>1407072</sln:gmIdTeryt><sln:gmNazwa>Sieciechów</sln:gmNazwa><sln:miejscIIPId>9323b765-325a-4923-881e-bebb91127f4f</sln:miejscIIPId><sln:miejscIIPPn>PL.PZGIK.200</sln:miejscIIPPn><sln:miejscIIPWersja>2016-11-24T11:40:34+02:00</sln:miejscIIPWersja><sln:miejscIdTeryt>0636169</sln:miejscIdTeryt><sln:miejscNazwa>Zajezierze</sln:miejscNazwa><sln:miejscRodzaj>Wieś</sln:miejscRodzaj><sln:powIIPId>e11a1507-ec34-4cf5-a5fc-f557ede188aa</sln:powIIPId><sln:powIIPPn>PL.PZGIK.200</sln:powIIPPn><sln:powIIPWersja>2012-09-27T08:13:53+02:00</sln:powIIPWersja><sln:powIdTeryt>1407</sln:powIdTeryt><sln:powNazwa>kozienicki</sln:powNazwa><sln:waznyOd>2014-06-23T00:00:00+02:00</sln:waznyOd><sln:wojIIPId>4b6c492a-eb04-441d-a92a-f44359c06de7</sln:wojIIPId><sln:wojIIPPn>PL.PZGIK.200</sln:wojIIPPn><sln:wojIIPWersja>2012-09-27T13:45:13+02:00</sln:wojIIPWersja><sln:wojIdTeryt>14</sln:wojIdTeryt><sln:wojNazwa>mazowieckie</sln:wojNazwa></sln:miejscowosc><sln:miejscowosc><sln:cyklZyciaDo>2017-03-27T00:00:00+02:00</sln:cyklZyciaDo><sln:cyklZyciaOd>2016-01-08T00:00:00+01:00</sln:cyklZyciaOd><sln:gmIIPId>7fd6bb33-e391-4e4e-995c-afca6a6b8fdb</sln:gmIIPId><sln:gmIIPPn>PL.PZGIK.200</sln:gmIIPPn><sln:gmIIPWersja>2012-09-26T21:58:00+02:00</sln:gmIIPWersja><sln:gmIdTeryt>1407072</sln:gmIdTeryt><sln:gmNazwa>Sieciechów</sln:gmNazwa><sln:miejscIIPId>ca13a0a8-fbe1-49d8-baf5-d2da0bee3636</sln:miejscIIPId><sln:miejscIIPPn>PL.PZGIK.200</sln:miejscIIPPn><sln:miejscIIPWersja>2016-11-24T11:40:35+02:00</sln:miejscIIPWersja><sln:miejscIdTeryt>0636206</sln:miejscIdTeryt><sln:miejscNazwa>Zbyczyn</sln:miejscNazwa><sln:miejscRodzaj>Wieś</sln:miejscRodzaj><sln:powIIPId>e11a1507-ec34-4cf5-a5fc-f557ede188aa</sln:powIIPId><sln:powIIPPn>PL.PZGIK.200</sln:powIIPPn><sln:powIIPWersja>2012-09-27T08:13:53+02:00</sln:powIIPWersja><sln:powIdTeryt>1407</sln:powIdTeryt><sln:powNazwa>kozienicki</sln:powNazwa><sln:waznyOd>2014-06-23T00:00:00+02:00</sln:waznyOd><sln:wojIIPId>4b6c492a-eb04-441d-a92a-f44359c06de7</sln:wojIIPId><sln:wojIIPPn>PL.PZGIK.200</sln:wojIIPPn><sln:wojIIPWersja>2012-09-27T13:45:13+02:00</sln:wojIIPWersja><sln:wojIdTeryt>14</sln:wojIdTeryt><sln:wojNazwa>mazowieckie</sln:wojNazwa></sln:miejscowosc><sln:miejscowosc><sln:cyklZyciaDo>2016-01-08T00:00:00+01:00</sln:cyklZyciaDo><sln:cyklZyciaOd>2015-04-23T00:00:00+02:00</sln:cyklZyciaOd><sln:gmIIPId>7fd6bb33-e391-4e4e-995c-afca6a6b8fdb</sln:gmIIPId><sln:gmIIPPn>PL.PZGIK.200</sln:gmIIPPn><sln:gmIIPWersja>2012-09-26T21:58:00+02:00</sln:gmIIPWersja><sln:gmIdTeryt>1407072</sln:gmIdTeryt><sln:gmNazwa>Sieciechów</sln:gmNazwa><sln:miejscIIPId>7d52be5c-b9ec-4eef-8d9c-56daee9b37eb</sln:miejscIIPId><sln:miejscIIPPn>PL.PZGIK.200</sln:miejscIIPPn><sln:miejscIIPWersja>2016-11-24T11:40:20+02:00</sln:miejscIIPWersja><sln:miejscIdTeryt>0635968</sln:miejscIdTeryt><sln:miejscNazwa>Głusiec</sln:miejscNazwa><sln:miejscRodzaj>Wieś</sln:miejscRodzaj><sln:powIIPId>e11a1507-ec34-4cf5-a5fc-f557ede188aa</sln:powIIPId><sln:powIIPPn>PL.PZGIK.200</sln:powIIPPn><sln:powIIPWersja>2012-09-27T08:13:53+02:00</sln:powIIPWersja><sln:powIdTeryt>1407</sln:powIdTeryt><sln:powNazwa>kozienicki</sln:powNazwa><sln:waznyOd>2014-06-23T00:00:00+02:00</sln:waznyOd><sln:wojIIPId>4b6c492a-eb04-441d-a92a-f44359c06de7</sln:wojIIPId><sln:wojIIPPn>PL.PZGIK.200</sln:wojIIPPn><sln:wojIIPWersja>2012-09-27T13:45:13+02:00</sln:wojIIPWersja><sln:wojIdTeryt>14</sln:wojIdTeryt><sln:wojNazwa>mazowieckie</sln:wojNazwa></sln:miejscowosc><sln:miejscowosc><sln:cyklZyciaDo>2016-01-08T00:00:00+01:00</sln:cyklZyciaDo><sln:cyklZyciaOd>2015-04-23T00:00:00+02:00</sln:cyklZyciaOd><sln:gmIIPId>7fd6bb33-e391-4e4e-995c-afca6a6b8fdb</sln:gmIIPId><sln:gmIIPPn>PL.PZGIK.200</sln:gmIIPPn><sln:gmIIPWersja>2012-09-26T21:58:00+02:00</sln:gmIIPWersja><sln:gmIdTeryt>1407072</sln:gmIdTeryt><sln:gmNazwa>Sieciechów</sln:gmNazwa><sln:miejscIIPId>adf7a59c-f6d8-49b3-afed-89ed3cccc159</sln:miejscIIPId><sln:miejscIIPPn>PL.PZGIK.200</sln:miejscIIPPn><sln:miejscIIPWersja>2016-11-24T11:40:21+02:00</sln:miejscIIPWersja><sln:miejscIdTeryt>0635980</sln:miejscIdTeryt><sln:miejscNazwa>Kępice</sln:miejscNazwa><sln:miejscRodzaj>Wieś</sln:miejscRodzaj><sln:powIIPId>e11a1507-ec34-4cf5-a5fc-f557ede188aa</sln:powIIPId><sln:powIIPPn>PL.PZGIK.200</sln:powIIPPn><sln:powIIPWersja>2012-09-27T08:13:53+02:00</sln:powIIPWersja><sln:powIdTeryt>1407</sln:powIdTeryt><sln:powNazwa>kozienicki</sln:powNazwa><sln:waznyOd>2014-06-23T00:00:00+02:00</sln:waznyOd><sln:wojIIPId>4b6c492a-eb04-441d-a92a-f44359c06de7</sln:wojIIPId><sln:wojIIPPn>PL.PZGIK.200</sln:wojIIPPn><sln:wojIIPWersja>2012-09-27T13:45:13+02:00</sln:wojIIPWersja><sln:wojIdTeryt>14</sln:wojIdTeryt><sln:wojNazwa>mazowieckie</sln:wojNazwa></sln:miejscowosc><sln:miejscowosc><sln:cyklZyciaDo>2016-01-08T00:00:00+01:00</sln:cyklZyciaDo><sln:cyklZyciaOd>2015-04-23T00:00:00+02:00</sln:cyklZyciaOd><sln:gmIIPId>7fd6bb33-e391-4e4e-995c-afca6a6b8fdb</sln:gmIIPId><sln:gmIIPPn>PL.PZGIK.200</sln:gmIIPPn><sln:gmIIPWersja>2012-09-26T21:58:00+02:00</sln:gmIIPWersja><sln:gmIdTeryt>1407072</sln:gmIdTeryt><sln:gmNazwa>Sieciechów</sln:gmNazwa><sln:miejscIIPId>8e21c631-ea00-45e5-8097-514baaa55664</sln:miejscIIPId><sln:miejscIIPPn>PL.PZGIK.200</sln:miejscIIPPn><sln:miejscIIPWersja>2016-11-24T11:40:22+02:00</sln:miejscIIPWersja><sln:miejscIdTeryt>0636011</sln:miejscIdTeryt><sln:miejscNazwa>Łoje</sln:miejscNazwa><sln:miejscRodzaj>Wieś</sln:miejscRodzaj><sln:powIIPId>e11a1507-ec34-4cf5-a5fc-f557ede188aa</sln:powIIPId><sln:powIIPPn>PL.PZGIK.200</sln:powIIPPn><sln:powIIPWersja>2012-09-27T08:13:53+02:00</sln:powIIPWersja><sln:powIdTeryt>1407</sln:powIdTeryt><sln:powNazwa>kozienicki</sln:powNazwa><sln:waznyOd>2014-06-23T00:00:00+02:00</sln:waznyOd><sln:wojIIPId>4b6c492a-eb04-441d-a92a-f44359c06de7</sln:wojIIPId><sln:wojIIPPn>PL.PZGIK.200</sln:wojIIPPn><sln:wojIIPWersja>2012-09-27T13:45:13+02:00</sln:wojIIPWersja><sln:wojIdTeryt>14</sln:wojIdTeryt><sln:wojNazwa>mazowieckie</sln:wojNazwa></sln:miejscowosc><sln:miejscowosc><sln:cyklZyciaDo>2016-01-08T00:00:00+01:00</sln:cyklZyciaDo><sln:cyklZyciaOd>2015-04-23T00:00:00+02:00</sln:cyklZyciaOd><sln:gmIIPId>7fd6bb33-e391-4e4e-995c-afca6a6b8fdb</sln:gmIIPId><sln:gmIIPPn>PL.PZGIK.200</sln:gmIIPPn><sln:gmIIPWersja>2012-09-26T21:58:00+02:00</sln:gmIIPWersja><sln:gmIdTeryt>1407072</sln:gmIdTeryt><sln:gmNazwa>Sieciechów</sln:gmNazwa><sln:miejscIIPId>2fab64a3-9e17-4b50-88d2-f40b5fdc938e</sln:miejscIIPId><sln:miejscIIPPn>PL.PZGIK.200</sln:miejscIIPPn><sln:miejscIIPWersja>2016-11-24T11:40:23+02:00</sln:miejscIIPWersja><sln:miejscIdTeryt>0636028</sln:miejscIdTeryt><sln:miejscNazwa>Mozolice Duże</sln:miejscNazwa><sln:miejscRodzaj>Wieś</sln:miejscRodzaj><sln:powIIPId>e11a1507-ec34-4cf5-a5fc-f557ede188aa</sln:powIIPId><sln:powIIPPn>PL.PZGIK.200</sln:powIIPPn><sln:powIIPWersja>2012-09-27T08:13:53+02:00</sln:powIIPWersja><sln:powIdTeryt>1407</sln:powIdTeryt><sln:powNazwa>kozienicki</sln:powNazwa><sln:waznyOd>2014-06-23T00:00:00+02:00</sln:waznyOd><sln:wojIIPId>4b6c492a-eb04-441d-a92a-f44359c06de7</sln:wojIIPId><sln:wojIIPPn>PL.PZGIK.200</sln:wojIIPPn><sln:wojIIPWersja>2012-09-27T13:45:13+02:00</sln:wojIIPWersja><sln:wojIdTeryt>14</sln:wojIdTeryt><sln:wojNazwa>mazowieckie</sln:wojNazwa></sln:miejscowosc><sln:miejscowosc><sln:cyklZyciaDo>2016-01-08T00:00:00+01:00</sln:cyklZyciaDo><sln:cyklZyciaOd>2015-04-23T00:00:00+02:00</sln:cyklZyciaOd><sln:gmIIPId>7fd6bb33-e391-4e4e-995c-afca6a6b8fdb</sln:gmIIPId><sln:gmIIPPn>PL.PZGIK.200</sln:gmIIPPn><sln:gmIIPWersja>2012-09-26T21:58:00+02:00</sln:gmIIPWersja><sln:gmIdTeryt>1407072</sln:gmIdTeryt><sln:gmNazwa>Sieciechów</sln:gmNazwa><sln:miejscIIPId>0461ff06-b2c0-46cd-b549-7a20ca015dcb</sln:miejscIIPId><sln:miejscIIPPn>PL.PZGIK.200</sln:miejscIIPPn><sln:miejscIIPWersja>2016-11-24T11:40:30+02:00</sln:miejscIIPWersja><sln:miejscIdTeryt>0636117</sln:miejscIdTeryt><sln:miejscNazwa>Nowe Słowiki</sln:miejscNazwa><sln:miejscRodzaj>Inny obiekt</sln:miejscRodzaj><sln:powIIPId>e11a1507-ec34-4cf5-a5fc-f557ede188aa</sln:powIIPId><sln:powIIPPn>PL.PZGIK.200</sln:powIIPPn><sln:powIIPWersja>2012-09-27T08:13:53+02:00</sln:powIIPWersja><sln:powIdTeryt>1407</sln:powIdTeryt><sln:powNazwa>kozienicki</sln:powNazwa><sln:waznyOd>2015-01-30T00:00:00+01:00</sln:waznyOd><sln:wojIIPId>4b6c492a-eb04-441d-a92a-f44359c06de7</sln:wojIIPId><sln:wojIIPPn>PL.PZGIK.200</sln:wojIIPPn><sln:wojIIPWersja>2012-09-27T13:45:13+02:00</sln:wojIIPWersja><sln:wojIdTeryt>14</sln:wojIdTeryt><sln:wojNazwa>mazowieckie</sln:wojNazwa></sln:miejscowosc><sln:miejscowosc><sln:cyklZyciaDo>2016-01-08T00:00:00+01:00</sln:cyklZyciaDo><sln:cyklZyciaOd>2015-04-23T00:00:00+02:00</sln:cyklZyciaOd><sln:gmIIPId>7fd6bb33-e391-4e4e-995c-afca6a6b8fdb</sln:gmIIPId><sln:gmIIPPn>PL.PZGIK.200</sln:gmIIPPn><sln:gmIIPWersja>2012-09-26T21:58:00+02:00</sln:gmIIPWersja><sln:gmIdTeryt>1407072</sln:gmIdTeryt><sln:gmNazwa>Sieciechów</sln:gmNazwa><sln:miejscIIPId>640c7f19-ebc7-4f86-847c-98a8eb2183b4</sln:miejscIIPId><sln:miejscIIPPn>PL.PZGIK.200</sln:miejscIIPPn><sln:miejscIIPWersja>2016-11-24T11:40:27+02:00</sln:miejscIIPWersja><sln:miejscIdTeryt>0636063</sln:miejscIdTeryt><sln:miejscNazwa>Opactwo</sln:miejscNazwa><sln:miejscRodzaj>Wieś</sln:miejscRodzaj><sln:powIIPId>e11a1507-ec34-4cf5-a5fc-f557ede188aa</sln:powIIPId><sln:powIIPPn>PL.PZGIK.200</sln:powIIPPn><sln:powIIPWersja>2012-09-27T08:13:53+02:00</sln:powIIPWersja><sln:powIdTeryt>1407</sln:powIdTeryt><sln:powNazwa>kozienicki</sln:powNazwa><sln:waznyOd>2014-06-23T00:00:00+02:00</sln:waznyOd><sln:wojIIPId>4b6c492a-eb04-441d-a92a-f44359c06de7</sln:wojIIPId><sln:wojIIPPn>PL.PZGIK.200</sln:wojIIPPn><sln:wojIIPWersja>2012-09-27T13:45:13+02:00</sln:wojIIPWersja><sln:wojIdTeryt>14</sln:wojIdTeryt><sln:wojNazwa>mazowieckie</sln:wojNazwa></sln:miejscowosc><sln:miejscowosc><sln:cyklZyciaDo>2016-01-08T00:00:00+01:00</sln:cyklZyciaDo><sln:cyklZyciaOd>2015-04-23T00:00:00+02:00</sln:cyklZyciaOd><sln:gmIIPId>7fd6bb33-e391-4e4e-995c-afca6a6b8fdb</sln:gmIIPId><sln:gmIIPPn>PL.PZGIK.200</sln:gmIIPPn><sln:gmIIPWersja>2012-09-26T21:58:00+02:00</sln:gmIIPWersja><sln:gmIdTeryt>1407072</sln:gmIdTeryt><sln:gmNazwa>Sieciechów</sln:gmNazwa><sln:miejscIIPId>69d6e67a-f9d6-4273-8b2f-5d7b77d496bc</sln:miejscIIPId><sln:miejscIIPPn>PL.PZGIK.200</sln:miejscIIPPn><sln:miejscIIPWersja>2016-11-24T11:40:28+02:00</sln:miejscIIPWersja><sln:miejscIdTeryt>0636086</sln:miejscIdTeryt><sln:miejscNazwa>Sieciechów</sln:miejscNazwa><sln:miejscRodzaj>Wieś</sln:miejscRodzaj><sln:powIIPId>e11a1507-ec34-4cf5-a5fc-f557ede188aa</sln:powIIPId><sln:powIIPPn>PL.PZGIK.200</sln:powIIPPn><sln:powIIPWersja>2012-09-27T08:13:53+02:00</sln:powIIPWersja><sln:powIdTeryt>1407</sln:powIdTeryt><sln:powNazwa>kozienicki</sln:powNazwa><sln:waznyOd>2014-06-23T00:00:00+02:00</sln:waznyOd><sln:wojIIPId>4b6c492a-eb04-441d-a92a-f44359c06de7</sln:wojIIPId><sln:wojIIPPn>PL.PZGIK.200</sln:wojIIPPn><sln:wojIIPWersja>2012-09-27T13:45:13+02:00</sln:wojIIPWersja><sln:wojIdTeryt>14</sln:wojIdTeryt><sln:wojNazwa>mazowieckie</sln:wojNazwa></sln:miejscowosc><sln:miejscowosc><sln:cyklZyciaDo>2016-01-08T00:00:00+01:00</sln:cyklZyciaDo><sln:cyklZyciaOd>2015-04-23T00:00:00+02:00</sln:cyklZyciaOd><sln:gmIIPId>7fd6bb33-e391-4e4e-995c-afca6a6b8fdb</sln:gmIIPId><sln:gmIIPPn>PL.PZGIK.200</sln:gmIIPPn><sln:gmIIPWersja>2012-09-26T21:58:00+02:00</sln:gmIIPWersja><sln:gmIdTeryt>1407072</sln:gmIdTeryt><sln:gmNazwa>Sieciechów</sln:gmNazwa><sln:miejscIIPId>5101ddb8-4dcd-4125-a8d5-b5439f58b143</sln:miejscIIPId><sln:miejscIIPPn>PL.PZGIK.200</sln:miejscIIPPn><sln:miejscIIPWersja>2016-11-24T11:40:24+02:00</sln:miejscIIPWersja><sln:miejscIdTeryt>0636034</sln:miejscIdTeryt><sln:miejscNazwa>Mozolice Małe</sln:miejscNazwa><sln:miejscRodzaj>Wieś</sln:miejscRodzaj><sln:powIIPId>e11a1507-ec34-4cf5-a5fc-f557ede188aa</sln:powIIPId><sln:powIIPPn>PL.PZGIK.200</sln:powIIPPn><sln:powIIPWersja>2012-09-27T08:13:53+02:00</sln:powIIPWersja><sln:powIdTeryt>1407</sln:powIdTeryt><sln:powNazwa>kozienicki</sln:powNazwa><sln:waznyOd>2014-06-23T00:00:00+02:00</sln:waznyOd><sln:wojIIPId>4b6c492a-eb04-441d-a92a-f44359c06de7</sln:wojIIPId><sln:wojIIPPn>PL.PZGIK.200</sln:wojIIPPn><sln:wojIIPWersja>2012-09-27T13:45:13+02:00</sln:wojIIPWersja><sln:wojIdTeryt>14</sln:wojIdTeryt><sln:wojNazwa>mazowieckie</sln:wojNazwa></sln:miejscowosc><sln:miejscowosc><sln:cyklZyciaDo>2016-01-08T00:00:00+01:00</sln:cyklZyciaDo><sln:cyklZyciaOd>2015-04-23T00:00:00+02:00</sln:cyklZyciaOd><sln:gmIIPId>7fd6bb33-e391-4e4e-995c-afca6a6b8fdb</sln:gmIIPId><sln:gmIIPPn>PL.PZGIK.200</sln:gmIIPPn><sln:gmIIPWersja>2012-09-26T21:58:00+02:00</sln:gmIIPWersja><sln:gmIdTeryt>1407072</sln:gmIdTeryt><sln:gmNazwa>Sieciechów</sln:gmNazwa><sln:miejscIIPId>fba6eac6-99fa-46a6-9a01-4ecda225407d</sln:miejscIIPId><sln:miejscIIPPn>PL.PZGIK.200</sln:miejscIIPPn><sln:miejscIIPWersja>2016-11-24T11:40:25+02:00</sln:miejscIIPWersja><sln:miejscIdTeryt>0636040</sln:miejscIdTeryt><sln:miejscNazwa>Nagórnik</sln:miejscNazwa><sln:miejscRodzaj>Wieś</sln:miejscRodzaj><sln:powIIPId>e11a1507-ec34-4cf5-a5fc-f557ede188aa</sln:powIIPId><sln:powIIPPn>PL.PZGIK.200</sln:powIIPPn><sln:powIIPWersja>2012-09-27T08:13:53+02:00</sln:powIIPWersja><sln:powIdTeryt>1407</sln:powIdTeryt><sln:powNazwa>kozienicki</sln:powNazwa><sln:waznyOd>2014-06-23T00:00:00+02:00</sln:waznyOd><sln:wojIIPId>4b6c492a-eb04-441d-a92a-f44359c06de7</sln:wojIIPId><sln:wojIIPPn>PL.PZGIK.200</sln:wojIIPPn><sln:wojIIPWersja>2012-09-27T13:45:13+02:00</sln:wojIIPWersja><sln:wojIdTeryt>14</sln:wojIdTeryt><sln:wojNazwa>mazowieckie</sln:wojNazwa></sln:miejscowosc><sln:miejscowosc><sln:cyklZyciaDo>2016-01-08T00:00:00+01:00</sln:cyklZyciaDo><sln:cyklZyciaOd>2015-04-23T00:00:00+02:00</sln:cyklZyciaOd><sln:gmIIPId>7fd6bb33-e391-4e4e-995c-afca6a6b8fdb</sln:gmIIPId><sln:gmIIPPn>PL.PZGIK.200</sln:gmIIPPn><sln:gmIIPWersja>2012-09-26T21:58:00+02:00</sln:gmIIPWersja><sln:gmIdTeryt>1407072</sln:gmIdTeryt><sln:gmNazwa>Sieciechów</sln:gmNazwa><sln:miejscIIPId>f2310149-2a00-4c3a-ab6e-1e64261da1c5</sln:miejscIIPId><sln:miejscIIPPn>PL.PZGIK.200</sln:miejscIIPPn><sln:miejscIIPWersja>2016-11-24T11:40:31+02:00</sln:miejscIIPWersja><sln:miejscIdTeryt>0636123</sln:miejscIdTeryt><sln:miejscNazwa>Słowiki-Folwark</sln:miejscNazwa><sln:miejscRodzaj>Inny obiekt</sln:miejscRodzaj><sln:powIIPId>e11a1507-ec34-4cf5-a5fc-f557ede188aa</sln:powIIPId><sln:powIIPPn>PL.PZGIK.200</sln:powIIPPn><sln:powIIPWersja>2012-09-27T08:13:53+02:00</sln:powIIPWersja><sln:powIdTeryt>1407</sln:powIdTeryt><sln:powNazwa>kozienicki</sln:powNazwa><sln:waznyOd>2015-01-30T00:00:00+01:00</sln:waznyOd><sln:wojIIPId>4b6c492a-eb04-441d-a92a-f44359c06de7</sln:wojIIPId><sln:wojIIPPn>PL.PZGIK.200</sln:wojIIPPn><sln:wojIIPWersja>2012-09-27T13:45:13+02:00</sln:wojIIPWersja><sln:wojIdTeryt>14</sln:wojIdTeryt><sln:wojNazwa>mazowieckie</sln:wojNazwa></sln:miejscowosc><sln:miejscowosc><sln:cyklZyciaDo>2016-01-08T00:00:00+01:00</sln:cyklZyciaDo><sln:cyklZyciaOd>2015-04-23T00:00:00+02:00</sln:cyklZyciaOd><sln:gmIIPId>7fd6bb33-e391-4e4e-995c-afca6a6b8fdb</sln:gmIIPId><sln:gmIIPPn>PL.PZGIK.200</sln:gmIIPPn><sln:gmIIPWersja>2012-09-26T21:58:00+02:00</sln:gmIIPWersja><sln:gmIdTeryt>1407072</sln:gmIdTeryt><sln:gmNazwa>Sieciechów</sln:gmNazwa><sln:miejscIIPId>23028651-6dd8-4f04-bf76-1183b114ab8e</sln:miejscIIPId><sln:miejscIIPPn>PL.PZGIK.200</sln:miejscIIPPn><sln:miejscIIPWersja>2016-11-24T11:40:29+02:00</sln:miejscIIPWersja><sln:miejscIdTeryt>0636092</sln:miejscIdTeryt><sln:miejscNazwa>Stare Słowiki</sln:miejscNazwa><sln:miejscRodzaj>Wieś</sln:miejscRodzaj><sln:powIIPId>e11a1507-ec34-4cf5-a5fc-f557ede188aa</sln:powIIPId><sln:powIIPPn>PL.PZGIK.200</sln:powIIPPn><sln:powIIPWersja>2012-09-27T08:13:53+02:00</sln:powIIPWersja><sln:powIdTeryt>1407</sln:powIdTeryt><sln:powNazwa>kozienicki</sln:powNazwa><sln:waznyOd>2015-01-30T00:00:00+01:00</sln:waznyOd><sln:wojIIPId>4b6c492a-eb04-441d-a92a-f44359c06de7</sln:wojIIPId><sln:wojIIPPn>PL.PZGIK.200</sln:wojIIPPn><sln:wojIIPWersja>2012-09-27T13:45:13+02:00</sln:wojIIPWersja><sln:wojIdTeryt>14</sln:wojIdTeryt><sln:wojNazwa>mazowieckie</sln:wojNazwa></sln:miejscowosc><sln:miejscowosc><sln:cyklZyciaDo>2016-01-08T00:00:00+01:00</sln:cyklZyciaDo><sln:cyklZyciaOd>2015-04-23T00:00:00+02:00</sln:cyklZyciaOd><sln:gmIIPId>7fd6bb33-e391-4e4e-995c-afca6a6b8fdb</sln:gmIIPId><sln:gmIIPPn>PL.PZGIK.200</sln:gmIIPPn><sln:gmIIPWersja>2012-09-26T21:58:00+02:00</sln:gmIIPWersja><sln:gmIdTeryt>1407072</sln:gmIdTeryt><sln:gmNazwa>Sieciechów</sln:gmNazwa><sln:miejscIIPId>b8abecfa-ca0c-47cd-9813-763946458384</sln:miejscIIPId><sln:miejscIIPPn>PL.PZGIK.200</sln:miejscIIPPn><sln:miejscIIPWersja>2016-11-24T11:40:32+02:00</sln:miejscIIPWersja><sln:miejscIdTeryt>0636130</sln:miejscIdTeryt><sln:miejscNazwa>Wola Klasztorna</sln:miejscNazwa><sln:miejscRodzaj>Wieś</sln:miejscRodzaj><sln:powIIPId>e11a1507-ec34-4cf5-a5fc-f557ede188aa</sln:powIIPId><sln:powIIPPn>PL.PZGIK.200</sln:powIIPPn><sln:powIIPWersja>2012-09-27T08:13:53+02:00</sln:powIIPWersja><sln:powIdTeryt>1407</sln:powIdTeryt><sln:powNazwa>kozienicki</sln:powNazwa><sln:waznyOd>2014-06-23T00:00:00+02:00</sln:waznyOd><sln:wojIIPId>4b6c492a-eb04-441d-a92a-f44359c06de7</sln:wojIIPId><sln:wojIIPPn>PL.PZGIK.200</sln:wojIIPPn><sln:wojIIPWersja>2012-09-27T13:45:13+02:00</sln:wojIIPWersja><sln:wojIdTeryt>14</sln:wojIdTeryt><sln:wojNazwa>mazowieckie</sln:wojNazwa></sln:miejscowosc><sln:miejscowosc><sln:cyklZyciaDo>2016-01-08T00:00:00+01:00</sln:cyklZyciaDo><sln:cyklZyciaOd>2015-04-23T00:00:00+02:00</sln:cyklZyciaOd><sln:gmIIPId>7fd6bb33-e391-4e4e-995c-afca6a6b8fdb</sln:gmIIPId><sln:gmIIPPn>PL.PZGIK.200</sln:gmIIPPn><sln:gmIIPWersja>2012-09-26T21:58:00+02:00</sln:gmIIPWersja><sln:gmIdTeryt>1407072</sln:gmIdTeryt><sln:gmNazwa>Sieciechów</sln:gmNazwa><sln:miejscIIPId>80d37f99-1c1c-4160-951a-344068ef2942</sln:miejscIIPId><sln:miejscIIPPn>PL.PZGIK.200</sln:miejscIIPPn><sln:miejscIIPWersja>2016-11-24T11:40:33+02:00</sln:miejscIIPWersja><sln:miejscIdTeryt>0636146</sln:miejscIdTeryt><sln:miejscNazwa>Wólka Wojcieszkowska</sln:miejscNazwa><sln:miejscRodzaj>Wieś</sln:miejscRodzaj><sln:powIIPId>e11a1507-ec34-4cf5-a5fc-f557ede188aa</sln:powIIPId><sln:powIIPPn>PL.PZGIK.200</sln:powIIPPn><sln:powIIPWersja>2012-09-27T08:13:53+02:00</sln:powIIPWersja><sln:powIdTeryt>1407</sln:powIdTeryt><sln:powNazwa>kozienicki</sln:powNazwa><sln:waznyOd>2014-06-23T00:00:00+02:00</sln:waznyOd><sln:wojIIPId>4b6c492a-eb04-441d-a92a-f44359c06de7</sln:wojIIPId><sln:wojIIPPn>PL.PZGIK.200</sln:wojIIPPn><sln:wojIIPWersja>2012-09-27T13:45:13+02:00</sln:wojIIPWersja><sln:wojIdTeryt>14</sln:wojIdTeryt><sln:wojNazwa>mazowieckie</sln:wojNazwa></sln:miejscowosc><sln:miejscowosc><sln:cyklZyciaDo>2016-01-08T00:00:00+01:00</sln:cyklZyciaDo><sln:cyklZyciaOd>2015-04-23T00:00:00+02:00</sln:cyklZyciaOd><sln:gmIIPId>7fd6bb33-e391-4e4e-995c-afca6a6b8fdb</sln:gmIIPId><sln:gmIIPPn>PL.PZGIK.200</sln:gmIIPPn><sln:gmIIPWersja>2012-09-26T21:58:00+02:00</sln:gmIIPWersja><sln:gmIdTeryt>1407072</sln:gmIdTeryt><sln:gmNazwa>Sieciechów</sln:gmNazwa><sln:miejscIIPId>dfb839c5-86d9-4cda-ae0a-a0dbe8210997</sln:miejscIIPId><sln:miejscIIPPn>PL.PZGIK.200</sln:miejscIIPPn><sln:miejscIIPWersja>2016-11-24T11:40:34+02:00</sln:miejscIIPWersja><sln:miejscIdTeryt>0636152</sln:miejscIdTeryt><sln:miejscNazwa>Występ</sln:miejscNazwa><sln:miejscRodzaj>Wieś</sln:miejscRodzaj><sln:powIIPId>e11a1507-ec34-4cf5-a5fc-f557ede188aa</sln:powIIPId><sln:powIIPPn>PL.PZGIK.200</sln:powIIPPn><sln:powIIPWersja>2012-09-27T08:13:53+02:00</sln:powIIPWersja><sln:powIdTeryt>1407</sln:powIdTeryt><sln:powNazwa>kozienicki</sln:powNazwa><sln:waznyOd>2014-06-23T00:00:00+02:00</sln:waznyOd><sln:wojIIPId>4b6c492a-eb04-441d-a92a-f44359c06de7</sln:wojIIPId><sln:wojIIPPn>PL.PZGIK.200</sln:wojIIPPn><sln:wojIIPWersja>2012-09-27T13:45:13+02:00</sln:wojIIPWersja><sln:wojIdTeryt>14</sln:wojIdTeryt><sln:wojNazwa>mazowieckie</sln:wojNazwa></sln:miejscowosc><sln:miejscowosc><sln:cyklZyciaDo>2016-01-08T00:00:00+01:00</sln:cyklZyciaDo><sln:cyklZyciaOd>2015-04-23T00:00:00+02:00</sln:cyklZyciaOd><sln:gmIIPId>7fd6bb33-e391-4e4e-995c-afca6a6b8fdb</sln:gmIIPId><sln:gmIIPPn>PL.PZGIK.200</sln:gmIIPPn><sln:gmIIPWersja>2012-09-26T21:58:00+02:00</sln:gmIIPWersja><sln:gmIdTeryt>1407072</sln:gmIdTeryt><sln:gmNazwa>Sieciechów</sln:gmNazwa><sln:miejscIIPId>9323b765-325a-4923-881e-bebb91127f4f</sln:miejscIIPId><sln:miejscIIPPn>PL.PZGIK.200</sln:miejscIIPPn><sln:miejscIIPWersja>2016-11-24T11:40:35+02:00</sln:miejscIIPWersja><sln:miejscIdTeryt>0636169</sln:miejscIdTeryt><sln:miejscNazwa>Zajezierze</sln:miejscNazwa><sln:miejscRodzaj>Wieś</sln:miejscRodzaj><sln:powIIPId>e11a1507-ec34-4cf5-a5fc-f557ede188aa</sln:powIIPId><sln:powIIPPn>PL.PZGIK.200</sln:powIIPPn><sln:powIIPWersja>2012-09-27T08:13:53+02:00</sln:powIIPWersja><sln:powIdTeryt>1407</sln:powIdTeryt><sln:powNazwa>kozienicki</sln:powNazwa><sln:waznyOd>2014-06-23T00:00:00+02:00</sln:waznyOd><sln:wojIIPId>4b6c492a-eb04-441d-a92a-f44359c06de7</sln:wojIIPId><sln:wojIIPPn>PL.PZGIK.200</sln:wojIIPPn><sln:wojIIPWersja>2012-09-27T13:45:13+02:00</sln:wojIIPWersja><sln:wojIdTeryt>14</sln:wojIdTeryt><sln:wojNazwa>mazowieckie</sln:wojNazwa></sln:miejscowosc><sln:miejscowosc><sln:cyklZyciaDo>2016-01-08T00:00:00+01:00</sln:cyklZyciaDo><sln:cyklZyciaOd>2015-04-23T00:00:00+02:00</sln:cyklZyciaOd><sln:gmIIPId>7fd6bb33-e391-4e4e-995c-afca6a6b8fdb</sln:gmIIPId><sln:gmIIPPn>PL.PZGIK.200</sln:gmIIPPn><sln:gmIIPWersja>2012-09-26T21:58:00+02:00</sln:gmIIPWersja><sln:gmIdTeryt>1407072</sln:gmIdTeryt><sln:gmNazwa>Sieciechów</sln:gmNazwa><sln:miejscIIPId>ca13a0a8-fbe1-49d8-baf5-d2da0bee3636</sln:miejscIIPId><sln:miejscIIPPn>PL.PZGIK.200</sln:miejscIIPPn><sln:miejscIIPWersja>2016-11-24T11:40:36+02:00</sln:miejscIIPWersja><sln:miejscIdTeryt>0636206</sln:miejscIdTeryt><sln:miejscNazwa>Zbyczyn</sln:miejscNazwa><sln:miejscRodzaj>Wieś</sln:miejscRodzaj><sln:powIIPId>e11a1507-ec34-4cf5-a5fc-f557ede188aa</sln:powIIPId><sln:powIIPPn>PL.PZGIK.200</sln:powIIPPn><sln:powIIPWersja>2012-09-27T08:13:53+02:00</sln:powIIPWersja><sln:powIdTeryt>1407</sln:powIdTeryt><sln:powNazwa>kozienicki</sln:powNazwa><sln:waznyOd>2014-06-23T00:00:00+02:00</sln:waznyOd><sln:wojIIPId>4b6c492a-eb04-441d-a92a-f44359c06de7</sln:wojIIPId><sln:wojIIPPn>PL.PZGIK.200</sln:wojIIPPn><sln:wojIIPWersja>2012-09-27T13:45:13+02:00</sln:wojIIPWersja><sln:wojIdTeryt>14</sln:wojIdTeryt><sln:wojNazwa>mazowieckie</sln:wojNazwa></sln:miejscowosc><sln:miejscowosc><sln:cyklZyciaOd>2017-03-27T00:00:00+02:00</sln:cyklZyciaOd><sln:gmIIPId>7fd6bb33-e391-4e4e-995c-afca6a6b8fdb</sln:gmIIPId><sln:gmIIPPn>PL.PZGIK.200</sln:gmIIPPn><sln:gmIIPWersja>2012-09-26T21:58:00+02:00</sln:gmIIPWersja><sln:gmIdTeryt>1407072</sln:gmIdTeryt><sln:gmNazwa>Sieciechów</sln:gmNazwa><sln:miejscIIPId>7d52be5c-b9ec-4eef-8d9c-56daee9b37eb</sln:miejscIIPId><sln:miejscIIPPn>PL.PZGIK.200</sln:miejscIIPPn><sln:miejscIIPWersja>2017-03-27T11:11:41+02:00</sln:miejscIIPWersja><sln:miejscIdTeryt>0635968</sln:miejscIdTeryt><sln:miejscNazwa>Głusiec</sln:miejscNazwa><sln:miejscRodzaj>Wieś</sln:miejscRodzaj><sln:powIIPId>e11a1507-ec34-4cf5-a5fc-f557ede188aa</sln:powIIPId><sln:powIIPPn>PL.PZGIK.200</sln:powIIPPn><sln:powIIPWersja>2012-09-27T08:13:53+02:00</sln:powIIPWersja><sln:powIdTeryt>1407</sln:powIdTeryt><sln:powNazwa>kozienicki</sln:powNazwa><sln:waznyOd>2014-06-23T00:00:00+02:00</sln:waznyOd><sln:wojIIPId>4b6c492a-eb04-441d-a92a-f44359c06de7</sln:wojIIPId><sln:wojIIPPn>PL.PZGIK.200</sln:wojIIPPn><sln:wojIIPWersja>2012-09-27T13:45:13+02:00</sln:wojIIPWersja><sln:wojIdTeryt>14</sln:wojIdTeryt><sln:wojNazwa>mazowieckie</sln:wojNazwa></sln:miejscowosc><sln:miejscowosc><sln:cyklZyciaOd>2017-03-27T00:00:00+02:00</sln:cyklZyciaOd><sln:gmIIPId>7fd6bb33-e391-4e4e-995c-afca6a6b8fdb</sln:gmIIPId><sln:gmIIPPn>PL.PZGIK.200</sln:gmIIPPn><sln:gmIIPWersja>2012-09-26T21:58:00+02:00</sln:gmIIPWersja><sln:gmIdTeryt>1407072</sln:gmIdTeryt><sln:gmNazwa>Sieciechów</sln:gmNazwa><sln:miejscIIPId>adf7a59c-f6d8-49b3-afed-89ed3cccc159</sln:miejscIIPId><sln:miejscIIPPn>PL.PZGIK.200</sln:miejscIIPPn><sln:miejscIIPWersja>2017-03-27T11:11:48+02:00</sln:miejscIIPWersja><sln:miejscIdTeryt>0635980</sln:miejscIdTeryt><sln:miejscNazwa>Kępice</sln:miejscNazwa><sln:miejscRodzaj>Wieś</sln:miejscRodzaj><sln:powIIPId>e11a1507-ec34-4cf5-a5fc-f557ede188aa</sln:powIIPId><sln:powIIPPn>PL.PZGIK.200</sln:powIIPPn><sln:powIIPWersja>2012-09-27T08:13:53+02:00</sln:powIIPWersja><sln:powIdTeryt>1407</sln:powIdTeryt><sln:powNazwa>kozienicki</sln:powNazwa><sln:waznyOd>2014-06-23T00:00:00+02:00</sln:waznyOd><sln:wojIIPId>4b6c492a-eb04-441d-a92a-f44359c06de7</sln:wojIIPId><sln:wojIIPPn>PL.PZGIK.200</sln:wojIIPPn><sln:wojIIPWersja>2012-09-27T13:45:13+02:00</sln:wojIIPWersja><sln:wojIdTeryt>14</sln:wojIdTeryt><sln:wojNazwa>mazowieckie</sln:wojNazwa></sln:miejscowosc><sln:miejscowosc><sln:cyklZyciaOd>2017-03-27T00:00:00+02:00</sln:cyklZyciaOd><sln:gmIIPId>7fd6bb33-e391-4e4e-995c-afca6a6b8fdb</sln:gmIIPId><sln:gmIIPPn>PL.PZGIK.200</sln:gmIIPPn><sln:gmIIPWersja>2012-09-26T21:58:00+02:00</sln:gmIIPWersja><sln:gmIdTeryt>1407072</sln:gmIdTeryt><sln:gmNazwa>Sieciechów</sln:gmNazwa><sln:miejscIIPId>8e21c631-ea00-45e5-8097-514baaa55664</sln:miejscIIPId><sln:miejscIIPPn>PL.PZGIK.200</sln:miejscIIPPn><sln:miejscIIPWersja>2017-03-27T11:11:48+02:00</sln:miejscIIPWersja><sln:miejscIdTeryt>0636011</sln:miejscIdTeryt><sln:miejscNazwa>Łoje</sln:miejscNazwa><sln:miejscRodzaj>Wieś</sln:miejscRodzaj><sln:powIIPId>e11a1507-ec34-4cf5-a5fc-f557ede188aa</sln:powIIPId><sln:powIIPPn>PL.PZGIK.200</sln:powIIPPn><sln:powIIPWersja>2012-09-27T08:13:53+02:00</sln:powIIPWersja><sln:powIdTeryt>1407</sln:powIdTeryt><sln:powNazwa>kozienicki</sln:powNazwa><sln:waznyOd>2014-06-23T00:00:00+02:00</sln:waznyOd><sln:wojIIPId>4b6c492a-eb04-441d-a92a-f44359c06de7</sln:wojIIPId><sln:wojIIPPn>PL.PZGIK.200</sln:wojIIPPn><sln:wojIIPWersja>2012-09-27T13:45:13+02:00</sln:wojIIPWersja><sln:wojIdTeryt>14</sln:wojIdTeryt><sln:wojNazwa>mazowieckie</sln:wojNazwa></sln:miejscowosc><sln:miejscowosc><sln:cyklZyciaOd>2017-03-27T00:00:00+02:00</sln:cyklZyciaOd><sln:gmIIPId>7fd6bb33-e391-4e4e-995c-afca6a6b8fdb</sln:gmIIPId><sln:gmIIPPn>PL.PZGIK.200</sln:gmIIPPn><sln:gmIIPWersja>2012-09-26T21:58:00+02:00</sln:gmIIPWersja><sln:gmIdTeryt>1407072</sln:gmIdTeryt><sln:gmNazwa>Sieciechów</sln:gmNazwa><sln:miejscIIPId>2fab64a3-9e17-4b50-88d2-f40b5fdc938e</sln:miejscIIPId><sln:miejscIIPPn>PL.PZGIK.200</sln:miejscIIPPn><sln:miejscIIPWersja>2017-03-27T11:11:48+02:00</sln:miejscIIPWersja><sln:miejscIdTeryt>0636028</sln:miejscIdTeryt><sln:miejscNazwa>Mozolice Duże</sln:miejscNazwa><sln:miejscRodzaj>Wieś</sln:miejscRodzaj><sln:powIIPId>e11a1507-ec34-4cf5-a5fc-f557ede188aa</sln:powIIPId><sln:powIIPPn>PL.PZGIK.200</sln:powIIPPn><sln:powIIPWersja>2012-09-27T08:13:53+02:00</sln:powIIPWersja><sln:powIdTeryt>1407</sln:powIdTeryt><sln:powNazwa>kozienicki</sln:powNazwa><sln:waznyOd>2014-06-23T00:00:00+02:00</sln:waznyOd><sln:wojIIPId>4b6c492a-eb04-441d-a92a-f44359c06de7</sln:wojIIPId><sln:wojIIPPn>PL.PZGIK.200</sln:wojIIPPn><sln:wojIIPWersja>2012-09-27T13:45:13+02:00</sln:wojIIPWersja><sln:wojIdTeryt>14</sln:wojIdTeryt><sln:wojNazwa>mazowieckie</sln:wojNazwa></sln:miejscowosc><sln:miejscowosc><sln:cyklZyciaOd>2017-03-27T00:00:00+02:00</sln:cyklZyciaOd><sln:gmIIPId>7fd6bb33-e391-4e4e-995c-afca6a6b8fdb</sln:gmIIPId><sln:gmIIPPn>PL.PZGIK.200</sln:gmIIPPn><sln:gmIIPWersja>2012-09-26T21:58:00+02:00</sln:gmIIPWersja><sln:gmIdTeryt>1407072</sln:gmIdTeryt><sln:gmNazwa>Sieciechów</sln:gmNazwa><sln:miejscIIPId>5101ddb8-4dcd-4125-a8d5-b5439f58b143</sln:miejscIIPId><sln:miejscIIPPn>PL.PZGIK.200</sln:miejscIIPPn><sln:miejscIIPWersja>2017-03-27T11:11:48+02:00</sln:miejscIIPWersja><sln:miejscIdTeryt>0636034</sln:miejscIdTeryt><sln:miejscNazwa>Mozolice Małe</sln:miejscNazwa><sln:miejscRodzaj>Wieś</sln:miejscRodzaj><sln:powIIPId>e11a1507-ec34-4cf5-a5fc-f557ede188aa</sln:powIIPId><sln:powIIPPn>PL.PZGIK.200</sln:powIIPPn><sln:powIIPWersja>2012-09-27T08:13:53+02:00</sln:powIIPWersja><sln:powIdTeryt>1407</sln:powIdTeryt><sln:powNazwa>kozienicki</sln:powNazwa><sln:waznyOd>2014-06-23T00:00:00+02:00</sln:waznyOd><sln:wojIIPId>4b6c492a-eb04-441d-a92a-f44359c06de7</sln:wojIIPId><sln:wojIIPPn>PL.PZGIK.200</sln:wojIIPPn><sln:wojIIPWersja>2012-09-27T13:45:13+02:00</sln:wojIIPWersja><sln:wojIdTeryt>14</sln:wojIdTeryt><sln:wojNazwa>mazowieckie</sln:wojNazwa></sln:miejscowosc><sln:miejscowosc><sln:cyklZyciaOd>2017-03-27T00:00:00+02:00</sln:cyklZyciaOd><sln:gmIIPId>7fd6bb33-e391-4e4e-995c-afca6a6b8fdb</sln:gmIIPId><sln:gmIIPPn>PL.PZGIK.200</sln:gmIIPPn><sln:gmIIPWersja>2012-09-26T21:58:00+02:00</sln:gmIIPWersja><sln:gmIdTeryt>1407072</sln:gmIdTeryt><sln:gmNazwa>Sieciechów</sln:gmNazwa><sln:miejscIIPId>fba6eac6-99fa-46a6-9a01-4ecda225407d</sln:miejscIIPId><sln:miejscIIPPn>PL.PZGIK.200</sln:miejscIIPPn><sln:miejscIIPWersja>2017-03-27T11:11:48+02:00</sln:miejscIIPWersja><sln:miejscIdTeryt>0636040</sln:miejscIdTeryt><sln:miejscNazwa>Nagórnik</sln:miejscNazwa><sln:miejscRodzaj>Wieś</sln:miejscRodzaj><sln:powIIPId>e11a1507-ec34-4cf5-a5fc-f557ede188aa</sln:powIIPId><sln:powIIPPn>PL.PZGIK.200</sln:powIIPPn><sln:powIIPWersja>2012-09-27T08:13:53+02:00</sln:powIIPWersja><sln:powIdTeryt>1407</sln:powIdTeryt><sln:powNazwa>kozienicki</sln:powNazwa><sln:waznyOd>2014-06-23T00:00:00+02:00</sln:waznyOd><sln:wojIIPId>4b6c492a-eb04-441d-a92a-f44359c06de7</sln:wojIIPId><sln:wojIIPPn>PL.PZGIK.200</sln:wojIIPPn><sln:wojIIPWersja>2012-09-27T13:45:13+02:00</sln:wojIIPWersja><sln:wojIdTeryt>14</sln:wojIdTeryt><sln:wojNazwa>mazowieckie</sln:wojNazwa></sln:miejscowosc><sln:miejscowosc><sln:cyklZyciaOd>2017-03-27T00:00:00+02:00</sln:cyklZyciaOd><sln:gmIIPId>7fd6bb33-e391-4e4e-995c-afca6a6b8fdb</sln:gmIIPId><sln:gmIIPPn>PL.PZGIK.200</sln:gmIIPPn><sln:gmIIPWersja>2012-09-26T21:58:00+02:00</sln:gmIIPWersja><sln:gmIdTeryt>1407072</sln:gmIdTeryt><sln:gmNazwa>Sieciechów</sln:gmNazwa><sln:miejscIIPId>640c7f19-ebc7-4f86-847c-98a8eb2183b4</sln:miejscIIPId><sln:miejscIIPPn>PL.PZGIK.200</sln:miejscIIPPn><sln:miejscIIPWersja>2017-03-27T11:11:48+02:00</sln:miejscIIPWersja><sln:miejscIdTeryt>0636063</sln:miejscIdTeryt><sln:miejscNazwa>Opactwo</sln:miejscNazwa><sln:miejscRodzaj>Wieś</sln:miejscRodzaj><sln:powIIPId>e11a1507-ec34-4cf5-a5fc-f557ede188aa</sln:powIIPId><sln:powIIPPn>PL.PZGIK.200</sln:powIIPPn><sln:powIIPWersja>2012-09-27T08:13:53+02:00</sln:powIIPWersja><sln:powIdTeryt>1407</sln:powIdTeryt><sln:powNazwa>kozienicki</sln:powNazwa><sln:waznyOd>2014-06-23T00:00:00+02:00</sln:waznyOd><sln:wojIIPId>4b6c492a-eb04-441d-a92a-f44359c06de7</sln:wojIIPId><sln:wojIIPPn>PL.PZGIK.200</sln:wojIIPPn><sln:wojIIPWersja>2012-09-27T13:45:13+02:00</sln:wojIIPWersja><sln:wojIdTeryt>14</sln:wojIdTeryt><sln:wojNazwa>mazowieckie</sln:wojNazwa></sln:miejscowosc><sln:miejscowosc><sln:cyklZyciaOd>2017-03-27T00:00:00+02:00</sln:cyklZyciaOd><sln:gmIIPId>7fd6bb33-e391-4e4e-995c-afca6a6b8fdb</sln:gmIIPId><sln:gmIIPPn>PL.PZGIK.200</sln:gmIIPPn><sln:gmIIPWersja>2012-09-26T21:58:00+02:00</sln:gmIIPWersja><sln:gmIdTeryt>1407072</sln:gmIdTeryt><sln:gmNazwa>Sieciechów</sln:gmNazwa><sln:miejscIIPId>69d6e67a-f9d6-4273-8b2f-5d7b77d496bc</sln:miejscIIPId><sln:miejscIIPPn>PL.PZGIK.200</sln:miejscIIPPn><sln:miejscIIPWersja>2017-03-27T11:11:48+02:00</sln:miejscIIPWersja><sln:miejscIdTeryt>0636086</sln:miejscIdTeryt><sln:miejscNazwa>Sieciechów</sln:miejscNazwa><sln:miejscRodzaj>Wieś</sln:miejscRodzaj><sln:powIIPId>e11a1507-ec34-4cf5-a5fc-f557ede188aa</sln:powIIPId><sln:powIIPPn>PL.PZGIK.200</sln:powIIPPn><sln:powIIPWersja>2012-09-27T08:13:53+02:00</sln:powIIPWersja><sln:powIdTeryt>1407</sln:powIdTeryt><sln:powNazwa>kozienicki</sln:powNazwa><sln:waznyOd>2014-06-23T00:00:00+02:00</sln:waznyOd><sln:wojIIPId>4b6c492a-eb04-441d-a92a-f44359c06de7</sln:wojIIPId><sln:wojIIPPn>PL.PZGIK.200</sln:wojIIPPn><sln:wojIIPWersja>2012-09-27T13:45:13+02:00</sln:wojIIPWersja><sln:wojIdTeryt>14</sln:wojIdTeryt><sln:wojNazwa>mazowieckie</sln:wojNazwa></sln:miejscowosc><sln:miejscowosc><sln:cyklZyciaOd>2017-03-27T00:00:00+02:00</sln:cyklZyciaOd><sln:gmIIPId>7fd6bb33-e391-4e4e-995c-afca6a6b8fdb</sln:gmIIPId><sln:gmIIPPn>PL.PZGIK.200</sln:gmIIPPn><sln:gmIIPWersja>2012-09-26T21:58:00+02:00</sln:gmIIPWersja><sln:gmIdTeryt>1407072</sln:gmIdTeryt><sln:gmNazwa>Sieciechów</sln:gmNazwa><sln:miejscIIPId>23028651-6dd8-4f04-bf76-1183b114ab8e</sln:miejscIIPId><sln:miejscIIPPn>PL.PZGIK.200</sln:miejscIIPPn><sln:miejscIIPWersja>2017-03-27T11:11:48+02:00</sln:miejscIIPWersja><sln:miejscIdTeryt>0636092</sln:miejscIdTeryt><sln:miejscNazwa>Stare Słowiki</sln:miejscNazwa><sln:miejscRodzaj>Wieś</sln:miejscRodzaj><sln:powIIPId>e11a1507-ec34-4cf5-a5fc-f557ede188aa</sln:powIIPId><sln:powIIPPn>PL.PZGIK.200</sln:powIIPPn><sln:powIIPWersja>2012-09-27T08:13:53+02:00</sln:powIIPWersja><sln:powIdTeryt>1407</sln:powIdTeryt><sln:powNazwa>kozienicki</sln:powNazwa><sln:waznyOd>2015-01-30T00:00:00+01:00</sln:waznyOd><sln:wojIIPId>4b6c492a-eb04-441d-a92a-f44359c06de7</sln:wojIIPId><sln:wojIIPPn>PL.PZGIK.200</sln:wojIIPPn><sln:wojIIPWersja>2012-09-27T13:45:13+02:00</sln:wojIIPWersja><sln:wojIdTeryt>14</sln:wojIdTeryt><sln:wojNazwa>mazowieckie</sln:wojNazwa></sln:miejscowosc><sln:miejscowosc><sln:cyklZyciaOd>2017-03-27T00:00:00+02:00</sln:cyklZyciaOd><sln:gmIIPId>7fd6bb33-e391-4e4e-995c-afca6a6b8fdb</sln:gmIIPId><sln:gmIIPPn>PL.PZGIK.200</sln:gmIIPPn><sln:gmIIPWersja>2012-09-26T21:58:00+02:00</sln:gmIIPWersja><sln:gmIdTeryt>1407072</sln:gmIdTeryt><sln:gmNazwa>Sieciechów</sln:gmNazwa><sln:miejscIIPId>0461ff06-b2c0-46cd-b549-7a20ca015dcb</sln:miejscIIPId><sln:miejscIIPPn>PL.PZGIK.200</sln:miejscIIPPn><sln:miejscIIPWersja>2017-03-27T11:11:48+02:00</sln:miejscIIPWersja><sln:miejscIdTeryt>0636117</sln:miejscIdTeryt><sln:miejscNazwa>Nowe Słowiki</sln:miejscNazwa><sln:miejscRodzaj>Inny obiekt</sln:miejscRodzaj><sln:powIIPId>e11a1507-ec34-4cf5-a5fc-f557ede188aa</sln:powIIPId><sln:powIIPPn>PL.PZGIK.200</sln:powIIPPn><sln:powIIPWersja>2012-09-27T08:13:53+02:00</sln:powIIPWersja><sln:powIdTeryt>1407</sln:powIdTeryt><sln:powNazwa>kozienicki</sln:powNazwa><sln:waznyOd>2015-01-30T00:00:00+01:00</sln:waznyOd><sln:wojIIPId>4b6c492a-eb04-441d-a92a-f44359c06de7</sln:wojIIPId><sln:wojIIPPn>PL.PZGIK.200</sln:wojIIPPn><sln:wojIIPWersja>2012-09-27T13:45:13+02:00</sln:wojIIPWersja><sln:wojIdTeryt>14</sln:wojIdTeryt><sln:wojNazwa>mazowieckie</sln:wojNazwa></sln:miejscowosc><sln:miejscowosc><sln:cyklZyciaOd>2017-03-27T00:00:00+02:00</sln:cyklZyciaOd><sln:gmIIPId>7fd6bb33-e391-4e4e-995c-afca6a6b8fdb</sln:gmIIPId><sln:gmIIPPn>PL.PZGIK.200</sln:gmIIPPn><sln:gmIIPWersja>2012-09-26T21:58:00+02:00</sln:gmIIPWersja><sln:gmIdTeryt>1407072</sln:gmIdTeryt><sln:gmNazwa>Sieciechów</sln:gmNazwa><sln:miejscIIPId>f2310149-2a00-4c3a-ab6e-1e64261da1c5</sln:miejscIIPId><sln:miejscIIPPn>PL.PZGIK.200</sln:miejscIIPPn><sln:miejscIIPWersja>2017-03-27T11:11:49+02:00</sln:miejscIIPWersja><sln:miejscIdTeryt>0636123</sln:miejscIdTeryt><sln:miejscNazwa>Słowiki-Folwark</sln:miejscNazwa><sln:miejscRodzaj>Inny obiekt</sln:miejscRodzaj><sln:powIIPId>e11a1507-ec34-4cf5-a5fc-f557ede188aa</sln:powIIPId><sln:powIIPPn>PL.PZGIK.200</sln:powIIPPn><sln:powIIPWersja>2012-09-27T08:13:53+02:00</sln:powIIPWersja><sln:powIdTeryt>1407</sln:powIdTeryt><sln:powNazwa>kozienicki</sln:powNazwa><sln:waznyOd>2015-01-30T00:00:00+01:00</sln:waznyOd><sln:wojIIPId>4b6c492a-eb04-441d-a92a-f44359c06de7</sln:wojIIPId><sln:wojIIPPn>PL.PZGIK.200</sln:wojIIPPn><sln:wojIIPWersja>2012-09-27T13:45:13+02:00</sln:wojIIPWersja><sln:wojIdTeryt>14</sln:wojIdTeryt><sln:wojNazwa>mazowieckie</sln:wojNazwa></sln:miejscowosc><sln:miejscowosc><sln:cyklZyciaOd>2017-03-27T00:00:00+02:00</sln:cyklZyciaOd><sln:gmIIPId>7fd6bb33-e391-4e4e-995c-afca6a6b8fdb</sln:gmIIPId><sln:gmIIPPn>PL.PZGIK.200</sln:gmIIPPn><sln:gmIIPWersja>2012-09-26T21:58:00+02:00</sln:gmIIPWersja><sln:gmIdTeryt>1407072</sln:gmIdTeryt><sln:gmNazwa>Sieciechów</sln:gmNazwa><sln:miejscIIPId>b8abecfa-ca0c-47cd-9813-763946458384</sln:miejscIIPId><sln:miejscIIPPn>PL.PZGIK.200</sln:miejscIIPPn><sln:miejscIIPWersja>2017-03-27T11:11:49+02:00</sln:miejscIIPWersja><sln:miejscIdTeryt>0636130</sln:miejscIdTeryt><sln:miejscNazwa>Wola Klasztorna</sln:miejscNazwa><sln:miejscRodzaj>Wieś</sln:miejscRodzaj><sln:powIIPId>e11a1507-ec34-4cf5-a5fc-f557ede188aa</sln:powIIPId><sln:powIIPPn>PL.PZGIK.200</sln:powIIPPn><sln:powIIPWersja>2012-09-27T08:13:53+02:00</sln:powIIPWersja><sln:powIdTeryt>1407</sln:powIdTeryt><sln:powNazwa>kozienicki</sln:powNazwa><sln:waznyOd>2014-06-23T00:00:00+02:00</sln:waznyOd><sln:wojIIPId>4b6c492a-eb04-441d-a92a-f44359c06de7</sln:wojIIPId><sln:wojIIPPn>PL.PZGIK.200</sln:wojIIPPn><sln:wojIIPWersja>2012-09-27T13:45:13+02:00</sln:wojIIPWersja><sln:wojIdTeryt>14</sln:wojIdTeryt><sln:wojNazwa>mazowieckie</sln:wojNazwa></sln:miejscowosc><sln:miejscowosc><sln:cyklZyciaDo>2018-02-27T00:00:00+01:00</sln:cyklZyciaDo><sln:cyklZyciaOd>2017-03-27T00:00:00+02:00</sln:cyklZyciaOd><sln:gmIIPId>7fd6bb33-e391-4e4e-995c-afca6a6b8fdb</sln:gmIIPId><sln:gmIIPPn>PL.PZGIK.200</sln:gmIIPPn><sln:gmIIPWersja>2012-09-26T21:58:00+02:00</sln:gmIIPWersja><sln:gmIdTeryt>1407072</sln:gmIdTeryt><sln:gmNazwa>Sieciechów</sln:gmNazwa><sln:miejscIIPId>80d37f99-1c1c-4160-951a-344068ef2942</sln:miejscIIPId><sln:miejscIIPPn>PL.PZGIK.200</sln:miejscIIPPn><sln:miejscIIPWersja>2017-03-27T11:11:49+02:00</sln:miejscIIPWersja><sln:miejscIdTeryt>0636146</sln:miejscIdTeryt><sln:miejscNazwa>Wólka Wojcieszkowska</sln:miejscNazwa><sln:miejscRodzaj>Wieś</sln:miejscRodzaj><sln:powIIPId>e11a1507-ec34-4cf5-a5fc-f557ede188aa</sln:powIIPId><sln:powIIPPn>PL.PZGIK.200</sln:powIIPPn><sln:powIIPWersja>2012-09-27T08:13:53+02:00</sln:powIIPWersja><sln:powIdTeryt>1407</sln:powIdTeryt><sln:powNazwa>kozienicki</sln:powNazwa><sln:waznyOd>2014-06-23T00:00:00+02:00</sln:waznyOd><sln:wojIIPId>4b6c492a-eb04-441d-a92a-f44359c06de7</sln:wojIIPId><sln:wojIIPPn>PL.PZGIK.200</sln:wojIIPPn><sln:wojIIPWersja>2012-09-27T13:45:13+02:00</sln:wojIIPWersja><sln:wojIdTeryt>14</sln:wojIdTeryt><sln:wojNazwa>mazowieckie</sln:wojNazwa></sln:miejscowosc><sln:miejscowosc><sln:cyklZyciaOd>2017-03-27T00:00:00+02:00</sln:cyklZyciaOd><sln:gmIIPId>7fd6bb33-e391-4e4e-995c-afca6a6b8fdb</sln:gmIIPId><sln:gmIIPPn>PL.PZGIK.200</sln:gmIIPPn><sln:gmIIPWersja>2012-09-26T21:58:00+02:00</sln:gmIIPWersja><sln:gmIdTeryt>1407072</sln:gmIdTeryt><sln:gmNazwa>Sieciechów</sln:gmNazwa><sln:miejscIIPId>dfb839c5-86d9-4cda-ae0a-a0dbe8210997</sln:miejscIIPId><sln:miejscIIPPn>PL.PZGIK.200</sln:miejscIIPPn><sln:miejscIIPWersja>2017-03-27T11:11:49+02:00</sln:miejscIIPWersja><sln:miejscIdTeryt>0636152</sln:miejscIdTeryt><sln:miejscNazwa>Występ</sln:miejscNazwa><sln:miejscRodzaj>Wieś</sln:miejscRodzaj><sln:powIIPId>e11a1507-ec34-4cf5-a5fc-f557ede188aa</sln:powIIPId><sln:powIIPPn>PL.PZGIK.200</sln:powIIPPn><sln:powIIPWersja>2012-09-27T08:13:53+02:00</sln:powIIPWersja><sln:powIdTeryt>1407</sln:powIdTeryt><sln:powNazwa>kozienicki</sln:powNazwa><sln:waznyOd>2014-06-23T00:00:00+02:00</sln:waznyOd><sln:wojIIPId>4b6c492a-eb04-441d-a92a-f44359c06de7</sln:wojIIPId><sln:wojIIPPn>PL.PZGIK.200</sln:wojIIPPn><sln:wojIIPWersja>2012-09-27T13:45:13+02:00</sln:wojIIPWersja><sln:wojIdTeryt>14</sln:wojIdTeryt><sln:wojNazwa>mazowieckie</sln:wojNazwa></sln:miejscowosc><sln:miejscowosc><sln:cyklZyciaDo>2018-02-27T00:00:00+01:00</sln:cyklZyciaDo><sln:cyklZyciaOd>2017-03-27T00:00:00+02:00</sln:cyklZyciaOd><sln:gmIIPId>7fd6bb33-e391-4e4e-995c-afca6a6b8fdb</sln:gmIIPId><sln:gmIIPPn>PL.PZGIK.200</sln:gmIIPPn><sln:gmIIPWersja>2012-09-26T21:58:00+02:00</sln:gmIIPWersja><sln:gmIdTeryt>1407072</sln:gmIdTeryt><sln:gmNazwa>Sieciechów</sln:gmNazwa><sln:miejscIIPId>9323b765-325a-4923-881e-bebb91127f4f</sln:miejscIIPId><sln:miejscIIPPn>PL.PZGIK.200</sln:miejscIIPPn><sln:miejscIIPWersja>2017-03-27T11:11:49+02:00</sln:miejscIIPWersja><sln:miejscIdTeryt>0636169</sln:miejscIdTeryt><sln:miejscNazwa>Zajezierze</sln:miejscNazwa><sln:miejscRodzaj>Wieś</sln:miejscRodzaj><sln:powIIPId>e11a1507-ec34-4cf5-a5fc-f557ede188aa</sln:powIIPId><sln:powIIPPn>PL.PZGIK.200</sln:powIIPPn><sln:powIIPWersja>2012-09-27T08:13:53+02:00</sln:powIIPWersja><sln:powIdTeryt>1407</sln:powIdTeryt><sln:powNazwa>kozienicki</sln:powNazwa><sln:waznyOd>2014-06-23T00:00:00+02:00</sln:waznyOd><sln:wojIIPId>4b6c492a-eb04-441d-a92a-f44359c06de7</sln:wojIIPId><sln:wojIIPPn>PL.PZGIK.200</sln:wojIIPPn><sln:wojIIPWersja>2012-09-27T13:45:13+02:00</sln:wojIIPWersja><sln:wojIdTeryt>14</sln:wojIdTeryt><sln:wojNazwa>mazowieckie</sln:wojNazwa></sln:miejscowosc><sln:miejscowosc><sln:cyklZyciaOd>2017-03-27T00:00:00+02:00</sln:cyklZyciaOd><sln:gmIIPId>7fd6bb33-e391-4e4e-995c-afca6a6b8fdb</sln:gmIIPId><sln:gmIIPPn>PL.PZGIK.200</sln:gmIIPPn><sln:gmIIPWersja>2012-09-26T21:58:00+02:00</sln:gmIIPWersja><sln:gmIdTeryt>1407072</sln:gmIdTeryt><sln:gmNazwa>Sieciechów</sln:gmNazwa><sln:miejscIIPId>ca13a0a8-fbe1-49d8-baf5-d2da0bee3636</sln:miejscIIPId><sln:miejscIIPPn>PL.PZGIK.200</sln:miejscIIPPn><sln:miejscIIPWersja>2017-03-27T11:11:49+02:00</sln:miejscIIPWersja><sln:miejscIdTeryt>0636206</sln:miejscIdTeryt><sln:miejscNazwa>Zbyczyn</sln:miejscNazwa><sln:miejscRodzaj>Wieś</sln:miejscRodzaj><sln:powIIPId>e11a1507-ec34-4cf5-a5fc-f557ede188aa</sln:powIIPId><sln:powIIPPn>PL.PZGIK.200</sln:powIIPPn><sln:powIIPWersja>2012-09-27T08:13:53+02:00</sln:powIIPWersja><sln:powIdTeryt>1407</sln:powIdTeryt><sln:powNazwa>kozienicki</sln:powNazwa><sln:waznyOd>2014-06-23T00:00:00+02:00</sln:waznyOd><sln:wojIIPId>4b6c492a-eb04-441d-a92a-f44359c06de7</sln:wojIIPId><sln:wojIIPPn>PL.PZGIK.200</sln:wojIIPPn><sln:wojIIPWersja>2012-09-27T13:45:13+02:00</sln:wojIIPWersja><sln:wojIdTeryt>14</sln:wojIdTeryt><sln:wojNazwa>mazowieckie</sln:wojNazwa></sln:miejscowosc><sln:miejscowosc><sln:cyklZyciaOd>2018-02-27T00:00:00+01:00</sln:cyklZyciaOd><sln:gmIIPId>7fd6bb33-e391-4e4e-995c-afca6a6b8fdb</sln:gmIIPId><sln:gmIIPPn>PL.PZGIK.200</sln:gmIIPPn><sln:gmIIPWersja>2012-09-26T21:58:00+02:00</sln:gmIIPWersja><sln:gmIdTeryt>1407072</sln:gmIdTeryt><sln:gmNazwa>Sieciechów</sln:gmNazwa><sln:miejscIIPId>80d37f99-1c1c-4160-951a-344068ef2942</sln:miejscIIPId><sln:miejscIIPPn>PL.PZGIK.200</sln:miejscIIPPn><sln:miejscIIPWersja>2018-02-27T22:54:59+02:00</sln:miejscIIPWersja><sln:miejscIdTeryt>0636146</sln:miejscIdTeryt><sln:miejscNazwa>Wólka Wojcieszkowska</sln:miejscNazwa><sln:miejscRodzaj>Wieś</sln:miejscRodzaj><sln:powIIPId>e11a1507-ec34-4cf5-a5fc-f557ede188aa</sln:powIIPId><sln:powIIPPn>PL.PZGIK.200</sln:powIIPPn><sln:powIIPWersja>2012-09-27T08:13:53+02:00</sln:powIIPWersja><sln:powIdTeryt>1407</sln:powIdTeryt><sln:powNazwa>kozienicki</sln:powNazwa><sln:waznyOd>2018-01-23T00:00:00+01:00</sln:waznyOd><sln:wojIIPId>4b6c492a-eb04-441d-a92a-f44359c06de7</sln:wojIIPId><sln:wojIIPPn>PL.PZGIK.200</sln:wojIIPPn><sln:wojIIPWersja>2012-09-27T13:45:13+02:00</sln:wojIIPWersja><sln:wojIdTeryt>14</sln:wojIdTeryt><sln:wojNazwa>mazowieckie</sln:wojNazwa></sln:miejscowosc><sln:miejscowosc><sln:cyklZyciaOd>2018-02-27T00:00:00+01:00</sln:cyklZyciaOd><sln:gmIIPId>7fd6bb33-e391-4e4e-995c-afca6a6b8fdb</sln:gmIIPId><sln:gmIIPPn>PL.PZGIK.200</sln:gmIIPPn><sln:gmIIPWersja>2012-09-26T21:58:00+02:00</sln:gmIIPWersja><sln:gmIdTeryt>1407072</sln:gmIdTeryt><sln:gmNazwa>Sieciechów</sln:gmNazwa><sln:miejscIIPId>9323b765-325a-4923-881e-bebb91127f4f</sln:miejscIIPId><sln:miejscIIPPn>PL.PZGIK.200</sln:miejscIIPPn><sln:miejscIIPWersja>2018-02-27T22:55:00+02:00</sln:miejscIIPWersja><sln:miejscIdTeryt>0636169</sln:miejscIdTeryt><sln:miejscNazwa>Zajezierze</sln:miejscNazwa><sln:miejscRodzaj>Wieś</sln:miejscRodzaj><sln:powIIPId>e11a1507-ec34-4cf5-a5fc-f557ede188aa</sln:powIIPId><sln:powIIPPn>PL.PZGIK.200</sln:powIIPPn><sln:powIIPWersja>2012-09-27T08:13:53+02:00</sln:powIIPWersja><sln:powIdTeryt>1407</sln:powIdTeryt><sln:powNazwa>kozienicki</sln:powNazwa><sln:waznyOd>2018-01-23T00:00:00+01:00</sln:waznyOd><sln:wojIIPId>4b6c492a-eb04-441d-a92a-f44359c06de7</sln:wojIIPId><sln:wojIIPPn>PL.PZGIK.200</sln:wojIIPPn><sln:wojIIPWersja>2012-09-27T13:45:13+02:00</sln:wojIIPWersja><sln:wojIdTeryt>14</sln:wojIdTeryt><sln:wojNazwa>mazowieckie</sln:wojNazwa></sln:miejscowosc></sln:lista-miejscowosci>