<?xml version="1.0" encoding="UTF-8" standalone="yes"?><sln:lista-miejscowosci xmlns:srv="http://gugik.gov.pl/schemas/slowniki-service/1.0" xmlns:sln="http://gugik.gov.pl/schemas/slowniki-schema/1.0"><sln:miejscowosc><sln:cyklZyciaDo>2017-03-24T00:00:00+01:00</sln:cyklZyciaDo><sln:cyklZyciaOd>2015-11-23T00:00:00+01:00</sln:cyklZyciaOd><sln:gmIIPId>ee142280-2a17-406c-a228-95c9a075f3fc</sln:gmIIPId><sln:gmIIPPn>PL.PZGIK.200</sln:gmIIPPn><sln:gmIIPWersja>2012-09-26T22:55:00+02:00</sln:gmIIPWersja><sln:gmIdTeryt>1423022</sln:gmIdTeryt><sln:gmNazwa>Gielniów</sln:gmNazwa><sln:miejscIIPId>7f32a180-abac-4bbb-9c75-e480f81d97ee</sln:miejscIIPId><sln:miejscIIPPn>PL.PZGIK.200</sln:miejscIIPPn><sln:miejscIIPWersja>2016-11-24T11:32:40+02:00</sln:miejscIIPWersja><sln:miejscIdTeryt>0618958</sln:miejscIdTeryt><sln:miejscNazwa>Alfredów</sln:miejscNazwa><sln:miejscRodzaj>Inny obiekt</sln:miejscRodzaj><sln:powIIPId>06437711-b083-4479-a66e-e78888507e51</sln:powIIPId><sln:powIIPPn>PL.PZGIK.200</sln:powIIPPn><sln:powIIPWersja>2012-09-27T08:13:53+02:00</sln:powIIPWersja><sln:powIdTeryt>1423</sln:powIdTeryt><sln:powNazwa>przysuski</sln:powNazwa><sln:waznyOd>2014-04-07T00:00:00+02:00</sln:waznyOd><sln:wojIIPId>4b6c492a-eb04-441d-a92a-f44359c06de7</sln:wojIIPId><sln:wojIIPPn>PL.PZGIK.200</sln:wojIIPPn><sln:wojIIPWersja>2012-09-27T13:45:13+02:00</sln:wojIIPWersja><sln:wojIdTeryt>14</sln:wojIdTeryt><sln:wojNazwa>mazowieckie</sln:wojNazwa></sln:miejscowosc><sln:miejscowosc><sln:cyklZyciaDo>2017-03-24T00:00:00+01:00</sln:cyklZyciaDo><sln:cyklZyciaOd>2015-11-23T00:00:00+01:00</sln:cyklZyciaOd><sln:gmIIPId>ee142280-2a17-406c-a228-95c9a075f3fc</sln:gmIIPId><sln:gmIIPPn>PL.PZGIK.200</sln:gmIIPPn><sln:gmIIPWersja>2012-09-26T22:55:00+02:00</sln:gmIIPWersja><sln:gmIdTeryt>1423022</sln:gmIdTeryt><sln:gmNazwa>Gielniów</sln:gmNazwa><sln:miejscIIPId>e71f3528-1210-4730-b777-e6a4453faff6</sln:miejscIIPId><sln:miejscIIPPn>PL.PZGIK.200</sln:miejscIIPPn><sln:miejscIIPWersja>2016-11-24T11:32:40+02:00</sln:miejscIIPWersja><sln:miejscIdTeryt>0618711</sln:miejscIdTeryt><sln:miejscNazwa>Antoniów</sln:miejscNazwa><sln:miejscRodzaj>Wieś</sln:miejscRodzaj><sln:powIIPId>06437711-b083-4479-a66e-e78888507e51</sln:powIIPId><sln:powIIPPn>PL.PZGIK.200</sln:powIIPPn><sln:powIIPWersja>2012-09-27T08:13:53+02:00</sln:powIIPWersja><sln:powIdTeryt>1423</sln:powIdTeryt><sln:powNazwa>przysuski</sln:powNazwa><sln:waznyOd>2014-04-07T00:00:00+02:00</sln:waznyOd><sln:wojIIPId>4b6c492a-eb04-441d-a92a-f44359c06de7</sln:wojIIPId><sln:wojIIPPn>PL.PZGIK.200</sln:wojIIPPn><sln:wojIIPWersja>2012-09-27T13:45:13+02:00</sln:wojIIPWersja><sln:wojIdTeryt>14</sln:wojIdTeryt><sln:wojNazwa>mazowieckie</sln:wojNazwa></sln:miejscowosc><sln:miejscowosc><sln:cyklZyciaDo>2017-03-24T00:00:00+01:00</sln:cyklZyciaDo><sln:cyklZyciaOd>2015-11-23T00:00:00+01:00</sln:cyklZyciaOd><sln:gmIIPId>ee142280-2a17-406c-a228-95c9a075f3fc</sln:gmIIPId><sln:gmIIPPn>PL.PZGIK.200</sln:gmIIPPn><sln:gmIIPWersja>2012-09-26T22:55:00+02:00</sln:gmIIPWersja><sln:gmIdTeryt>1423022</sln:gmIdTeryt><sln:gmNazwa>Gielniów</sln:gmNazwa><sln:miejscIIPId>e130495d-1f9a-4411-aa7d-36cc663cf7fb</sln:miejscIIPId><sln:miejscIIPPn>PL.PZGIK.200</sln:miejscIIPPn><sln:miejscIIPWersja>2016-11-24T11:32:40+02:00</sln:miejscIIPWersja><sln:miejscIdTeryt>0618728</sln:miejscIdTeryt><sln:miejscNazwa>Bieliny</sln:miejscNazwa><sln:miejscRodzaj>Wieś</sln:miejscRodzaj><sln:powIIPId>06437711-b083-4479-a66e-e78888507e51</sln:powIIPId><sln:powIIPPn>PL.PZGIK.200</sln:powIIPPn><sln:powIIPWersja>2012-09-27T08:13:53+02:00</sln:powIIPWersja><sln:powIdTeryt>1423</sln:powIdTeryt><sln:powNazwa>przysuski</sln:powNazwa><sln:waznyOd>2014-04-07T00:00:00+02:00</sln:waznyOd><sln:wojIIPId>4b6c492a-eb04-441d-a92a-f44359c06de7</sln:wojIIPId><sln:wojIIPPn>PL.PZGIK.200</sln:wojIIPPn><sln:wojIIPWersja>2012-09-27T13:45:13+02:00</sln:wojIIPWersja><sln:wojIdTeryt>14</sln:wojIdTeryt><sln:wojNazwa>mazowieckie</sln:wojNazwa></sln:miejscowosc><sln:miejscowosc><sln:cyklZyciaDo>2017-03-24T00:00:00+01:00</sln:cyklZyciaDo><sln:cyklZyciaOd>2015-11-23T00:00:00+01:00</sln:cyklZyciaOd><sln:gmIIPId>ee142280-2a17-406c-a228-95c9a075f3fc</sln:gmIIPId><sln:gmIIPPn>PL.PZGIK.200</sln:gmIIPPn><sln:gmIIPWersja>2012-09-26T22:55:00+02:00</sln:gmIIPWersja><sln:gmIdTeryt>1423022</sln:gmIdTeryt><sln:gmNazwa>Gielniów</sln:gmNazwa><sln:miejscIIPId>d32c552b-053f-445c-8b3d-4cbee9126d07</sln:miejscIIPId><sln:miejscIIPPn>PL.PZGIK.200</sln:miejscIIPPn><sln:miejscIIPWersja>2016-11-24T11:32:40+02:00</sln:miejscIIPWersja><sln:miejscIdTeryt>0618964</sln:miejscIdTeryt><sln:miejscNazwa>Bochenka</sln:miejscNazwa><sln:miejscRodzaj>Inny obiekt</sln:miejscRodzaj><sln:powIIPId>06437711-b083-4479-a66e-e78888507e51</sln:powIIPId><sln:powIIPPn>PL.PZGIK.200</sln:powIIPPn><sln:powIIPWersja>2012-09-27T08:13:53+02:00</sln:powIIPWersja><sln:powIdTeryt>1423</sln:powIdTeryt><sln:powNazwa>przysuski</sln:powNazwa><sln:waznyOd>2014-04-07T00:00:00+02:00</sln:waznyOd><sln:wojIIPId>4b6c492a-eb04-441d-a92a-f44359c06de7</sln:wojIIPId><sln:wojIIPPn>PL.PZGIK.200</sln:wojIIPPn><sln:wojIIPWersja>2012-09-27T13:45:13+02:00</sln:wojIIPWersja><sln:wojIdTeryt>14</sln:wojIdTeryt><sln:wojNazwa>mazowieckie</sln:wojNazwa></sln:miejscowosc><sln:miejscowosc><sln:cyklZyciaDo>2017-03-24T00:00:00+01:00</sln:cyklZyciaDo><sln:cyklZyciaOd>2015-11-23T00:00:00+01:00</sln:cyklZyciaOd><sln:gmIIPId>ee142280-2a17-406c-a228-95c9a075f3fc</sln:gmIIPId><sln:gmIIPPn>PL.PZGIK.200</sln:gmIIPPn><sln:gmIIPWersja>2012-09-26T22:55:00+02:00</sln:gmIIPWersja><sln:gmIdTeryt>1423022</sln:gmIdTeryt><sln:gmNazwa>Gielniów</sln:gmNazwa><sln:miejscIIPId>e73b060e-19bc-42a1-8edf-c28f73d8b034</sln:miejscIIPId><sln:miejscIIPPn>PL.PZGIK.200</sln:miejscIIPPn><sln:miejscIIPWersja>2016-11-24T11:32:40+02:00</sln:miejscIIPWersja><sln:miejscIdTeryt>0618906</sln:miejscIdTeryt><sln:miejscNazwa>Bród</sln:miejscNazwa><sln:miejscRodzaj>Inny obiekt</sln:miejscRodzaj><sln:powIIPId>06437711-b083-4479-a66e-e78888507e51</sln:powIIPId><sln:powIIPPn>PL.PZGIK.200</sln:powIIPPn><sln:powIIPWersja>2012-09-27T08:13:53+02:00</sln:powIIPWersja><sln:powIdTeryt>1423</sln:powIdTeryt><sln:powNazwa>przysuski</sln:powNazwa><sln:waznyOd>2014-04-07T00:00:00+02:00</sln:waznyOd><sln:wojIIPId>4b6c492a-eb04-441d-a92a-f44359c06de7</sln:wojIIPId><sln:wojIIPPn>PL.PZGIK.200</sln:wojIIPPn><sln:wojIIPWersja>2012-09-27T13:45:13+02:00</sln:wojIIPWersja><sln:wojIdTeryt>14</sln:wojIdTeryt><sln:wojNazwa>mazowieckie</sln:wojNazwa></sln:miejscowosc><sln:miejscowosc><sln:cyklZyciaDo>2017-03-24T00:00:00+01:00</sln:cyklZyciaDo><sln:cyklZyciaOd>2015-11-23T00:00:00+01:00</sln:cyklZyciaOd><sln:gmIIPId>ee142280-2a17-406c-a228-95c9a075f3fc</sln:gmIIPId><sln:gmIIPPn>PL.PZGIK.200</sln:gmIIPPn><sln:gmIIPWersja>2012-09-26T22:55:00+02:00</sln:gmIIPWersja><sln:gmIdTeryt>1423022</sln:gmIdTeryt><sln:gmNazwa>Gielniów</sln:gmNazwa><sln:miejscIIPId>303d13ba-729e-4776-be11-eecb8f47a5b3</sln:miejscIIPId><sln:miejscIIPPn>PL.PZGIK.200</sln:miejscIIPPn><sln:miejscIIPWersja>2016-11-24T11:32:40+02:00</sln:miejscIIPWersja><sln:miejscIdTeryt>0618757</sln:miejscIdTeryt><sln:miejscNazwa>Brzezinki</sln:miejscNazwa><sln:miejscRodzaj>Wieś</sln:miejscRodzaj><sln:powIIPId>06437711-b083-4479-a66e-e78888507e51</sln:powIIPId><sln:powIIPPn>PL.PZGIK.200</sln:powIIPPn><sln:powIIPWersja>2012-09-27T08:13:53+02:00</sln:powIIPWersja><sln:powIdTeryt>1423</sln:powIdTeryt><sln:powNazwa>przysuski</sln:powNazwa><sln:waznyOd>2014-04-07T00:00:00+02:00</sln:waznyOd><sln:wojIIPId>4b6c492a-eb04-441d-a92a-f44359c06de7</sln:wojIIPId><sln:wojIIPPn>PL.PZGIK.200</sln:wojIIPPn><sln:wojIIPWersja>2012-09-27T13:45:13+02:00</sln:wojIIPWersja><sln:wojIdTeryt>14</sln:wojIdTeryt><sln:wojNazwa>mazowieckie</sln:wojNazwa></sln:miejscowosc><sln:miejscowosc><sln:cyklZyciaDo>2017-03-24T00:00:00+01:00</sln:cyklZyciaDo><sln:cyklZyciaOd>2015-11-23T00:00:00+01:00</sln:cyklZyciaOd><sln:gmIIPId>ee142280-2a17-406c-a228-95c9a075f3fc</sln:gmIIPId><sln:gmIIPPn>PL.PZGIK.200</sln:gmIIPPn><sln:gmIIPWersja>2012-09-26T22:55:00+02:00</sln:gmIIPWersja><sln:gmIdTeryt>1423022</sln:gmIdTeryt><sln:gmNazwa>Gielniów</sln:gmNazwa><sln:miejscIIPId>ac0fae0d-8d01-458f-baa4-7f0afbdbdf1e</sln:miejscIIPId><sln:miejscIIPPn>PL.PZGIK.200</sln:miejscIIPPn><sln:miejscIIPWersja>2016-11-24T11:32:40+02:00</sln:miejscIIPWersja><sln:miejscIdTeryt>0618770</sln:miejscIdTeryt><sln:miejscNazwa>Budy</sln:miejscNazwa><sln:miejscRodzaj>Wieś</sln:miejscRodzaj><sln:powIIPId>06437711-b083-4479-a66e-e78888507e51</sln:powIIPId><sln:powIIPPn>PL.PZGIK.200</sln:powIIPPn><sln:powIIPWersja>2012-09-27T08:13:53+02:00</sln:powIIPWersja><sln:powIdTeryt>1423</sln:powIdTeryt><sln:powNazwa>przysuski</sln:powNazwa><sln:waznyOd>2014-04-07T00:00:00+02:00</sln:waznyOd><sln:wojIIPId>4b6c492a-eb04-441d-a92a-f44359c06de7</sln:wojIIPId><sln:wojIIPPn>PL.PZGIK.200</sln:wojIIPPn><sln:wojIIPWersja>2012-09-27T13:45:13+02:00</sln:wojIIPWersja><sln:wojIdTeryt>14</sln:wojIdTeryt><sln:wojNazwa>mazowieckie</sln:wojNazwa></sln:miejscowosc><sln:miejscowosc><sln:cyklZyciaDo>2017-03-24T00:00:00+01:00</sln:cyklZyciaDo><sln:cyklZyciaOd>2015-11-23T00:00:00+01:00</sln:cyklZyciaOd><sln:gmIIPId>ee142280-2a17-406c-a228-95c9a075f3fc</sln:gmIIPId><sln:gmIIPPn>PL.PZGIK.200</sln:gmIIPPn><sln:gmIIPWersja>2012-09-26T22:55:00+02:00</sln:gmIIPWersja><sln:gmIdTeryt>1423022</sln:gmIdTeryt><sln:gmNazwa>Gielniów</sln:gmNazwa><sln:miejscIIPId>33a6b1f2-5388-46d2-8dda-513d600591cb</sln:miejscIIPId><sln:miejscIIPPn>PL.PZGIK.200</sln:miejscIIPPn><sln:miejscIIPWersja>2016-11-24T11:32:40+02:00</sln:miejscIIPWersja><sln:miejscIdTeryt>0618987</sln:miejscIdTeryt><sln:miejscNazwa>Drynia</sln:miejscNazwa><sln:miejscRodzaj>Inny obiekt</sln:miejscRodzaj><sln:powIIPId>06437711-b083-4479-a66e-e78888507e51</sln:powIIPId><sln:powIIPPn>PL.PZGIK.200</sln:powIIPPn><sln:powIIPWersja>2012-09-27T08:13:53+02:00</sln:powIIPWersja><sln:powIdTeryt>1423</sln:powIdTeryt><sln:powNazwa>przysuski</sln:powNazwa><sln:waznyOd>2014-04-07T00:00:00+02:00</sln:waznyOd><sln:wojIIPId>4b6c492a-eb04-441d-a92a-f44359c06de7</sln:wojIIPId><sln:wojIIPPn>PL.PZGIK.200</sln:wojIIPPn><sln:wojIIPWersja>2012-09-27T13:45:13+02:00</sln:wojIIPWersja><sln:wojIdTeryt>14</sln:wojIdTeryt><sln:wojNazwa>mazowieckie</sln:wojNazwa></sln:miejscowosc><sln:miejscowosc><sln:cyklZyciaDo>2017-03-24T00:00:00+01:00</sln:cyklZyciaDo><sln:cyklZyciaOd>2015-11-23T00:00:00+01:00</sln:cyklZyciaOd><sln:gmIIPId>ee142280-2a17-406c-a228-95c9a075f3fc</sln:gmIIPId><sln:gmIIPPn>PL.PZGIK.200</sln:gmIIPPn><sln:gmIIPWersja>2012-09-26T22:55:00+02:00</sln:gmIIPWersja><sln:gmIdTeryt>1423022</sln:gmIdTeryt><sln:gmNazwa>Gielniów</sln:gmNazwa><sln:miejscIIPId>5a25aec1-a3f0-41c4-92d1-5f29bc375785</sln:miejscIIPId><sln:miejscIIPPn>PL.PZGIK.200</sln:miejscIIPPn><sln:miejscIIPWersja>2016-11-24T11:32:40+02:00</sln:miejscIIPWersja><sln:miejscIdTeryt>0618800</sln:miejscIdTeryt><sln:miejscNazwa>Gałki</sln:miejscNazwa><sln:miejscRodzaj>Wieś</sln:miejscRodzaj><sln:powIIPId>06437711-b083-4479-a66e-e78888507e51</sln:powIIPId><sln:powIIPPn>PL.PZGIK.200</sln:powIIPPn><sln:powIIPWersja>2012-09-27T08:13:53+02:00</sln:powIIPWersja><sln:powIdTeryt>1423</sln:powIdTeryt><sln:powNazwa>przysuski</sln:powNazwa><sln:waznyOd>2014-04-07T00:00:00+02:00</sln:waznyOd><sln:wojIIPId>4b6c492a-eb04-441d-a92a-f44359c06de7</sln:wojIIPId><sln:wojIIPPn>PL.PZGIK.200</sln:wojIIPPn><sln:wojIIPWersja>2012-09-27T13:45:13+02:00</sln:wojIIPWersja><sln:wojIdTeryt>14</sln:wojIdTeryt><sln:wojNazwa>mazowieckie</sln:wojNazwa></sln:miejscowosc><sln:miejscowosc><sln:cyklZyciaDo>2017-03-24T00:00:00+01:00</sln:cyklZyciaDo><sln:cyklZyciaOd>2015-11-23T00:00:00+01:00</sln:cyklZyciaOd><sln:gmIIPId>ee142280-2a17-406c-a228-95c9a075f3fc</sln:gmIIPId><sln:gmIIPPn>PL.PZGIK.200</sln:gmIIPPn><sln:gmIIPWersja>2012-09-26T22:55:00+02:00</sln:gmIIPWersja><sln:gmIdTeryt>1423022</sln:gmIdTeryt><sln:gmNazwa>Gielniów</sln:gmNazwa><sln:miejscIIPId>1b03aa19-5475-4ab5-a183-62d16f4522ad</sln:miejscIIPId><sln:miejscIIPPn>PL.PZGIK.200</sln:miejscIIPPn><sln:miejscIIPWersja>2016-11-24T11:32:40+02:00</sln:miejscIIPWersja><sln:miejscIdTeryt>0618817</sln:miejscIdTeryt><sln:miejscNazwa>Gielniów</sln:miejscNazwa><sln:miejscRodzaj>Wieś</sln:miejscRodzaj><sln:powIIPId>06437711-b083-4479-a66e-e78888507e51</sln:powIIPId><sln:powIIPPn>PL.PZGIK.200</sln:powIIPPn><sln:powIIPWersja>2012-09-27T08:13:53+02:00</sln:powIIPWersja><sln:powIdTeryt>1423</sln:powIdTeryt><sln:powNazwa>przysuski</sln:powNazwa><sln:waznyOd>2014-04-07T00:00:00+02:00</sln:waznyOd><sln:wojIIPId>4b6c492a-eb04-441d-a92a-f44359c06de7</sln:wojIIPId><sln:wojIIPPn>PL.PZGIK.200</sln:wojIIPPn><sln:wojIIPWersja>2012-09-27T13:45:13+02:00</sln:wojIIPWersja><sln:wojIdTeryt>14</sln:wojIdTeryt><sln:wojNazwa>mazowieckie</sln:wojNazwa></sln:miejscowosc><sln:miejscowosc><sln:cyklZyciaDo>2017-03-24T00:00:00+01:00</sln:cyklZyciaDo><sln:cyklZyciaOd>2015-11-23T00:00:00+01:00</sln:cyklZyciaOd><sln:gmIIPId>ee142280-2a17-406c-a228-95c9a075f3fc</sln:gmIIPId><sln:gmIIPPn>PL.PZGIK.200</sln:gmIIPPn><sln:gmIIPWersja>2012-09-26T22:55:00+02:00</sln:gmIIPWersja><sln:gmIdTeryt>1423022</sln:gmIdTeryt><sln:gmNazwa>Gielniów</sln:gmNazwa><sln:miejscIIPId>87493286-bf78-42c8-9bc8-0c7e50d3d842</sln:miejscIIPId><sln:miejscIIPPn>PL.PZGIK.200</sln:miejscIIPPn><sln:miejscIIPWersja>2016-11-24T11:32:40+02:00</sln:miejscIIPWersja><sln:miejscIdTeryt>0619024</sln:miejscIdTeryt><sln:miejscNazwa>Gościniec</sln:miejscNazwa><sln:miejscRodzaj>Inny obiekt</sln:miejscRodzaj><sln:powIIPId>06437711-b083-4479-a66e-e78888507e51</sln:powIIPId><sln:powIIPPn>PL.PZGIK.200</sln:powIIPPn><sln:powIIPWersja>2012-09-27T08:13:53+02:00</sln:powIIPWersja><sln:powIdTeryt>1423</sln:powIdTeryt><sln:powNazwa>przysuski</sln:powNazwa><sln:waznyOd>2014-04-07T00:00:00+02:00</sln:waznyOd><sln:wojIIPId>4b6c492a-eb04-441d-a92a-f44359c06de7</sln:wojIIPId><sln:wojIIPPn>PL.PZGIK.200</sln:wojIIPPn><sln:wojIIPWersja>2012-09-27T13:45:13+02:00</sln:wojIIPWersja><sln:wojIdTeryt>14</sln:wojIdTeryt><sln:wojNazwa>mazowieckie</sln:wojNazwa></sln:miejscowosc><sln:miejscowosc><sln:cyklZyciaDo>2017-03-24T00:00:00+01:00</sln:cyklZyciaDo><sln:cyklZyciaOd>2015-11-23T00:00:00+01:00</sln:cyklZyciaOd><sln:gmIIPId>ee142280-2a17-406c-a228-95c9a075f3fc</sln:gmIIPId><sln:gmIIPPn>PL.PZGIK.200</sln:gmIIPPn><sln:gmIIPWersja>2012-09-26T22:55:00+02:00</sln:gmIIPWersja><sln:gmIdTeryt>1423022</sln:gmIdTeryt><sln:gmNazwa>Gielniów</sln:gmNazwa><sln:miejscIIPId>5145905e-0acd-4f85-a848-1bf1eab8ef84</sln:miejscIIPId><sln:miejscIIPPn>PL.PZGIK.200</sln:miejscIIPPn><sln:miejscIIPWersja>2016-11-24T11:32:40+02:00</sln:miejscIIPWersja><sln:miejscIdTeryt>0618830</sln:miejscIdTeryt><sln:miejscNazwa>Goździków</sln:miejscNazwa><sln:miejscRodzaj>Wieś</sln:miejscRodzaj><sln:powIIPId>06437711-b083-4479-a66e-e78888507e51</sln:powIIPId><sln:powIIPPn>PL.PZGIK.200</sln:powIIPPn><sln:powIIPWersja>2012-09-27T08:13:53+02:00</sln:powIIPWersja><sln:powIdTeryt>1423</sln:powIdTeryt><sln:powNazwa>przysuski</sln:powNazwa><sln:waznyOd>2014-04-07T00:00:00+02:00</sln:waznyOd><sln:wojIIPId>4b6c492a-eb04-441d-a92a-f44359c06de7</sln:wojIIPId><sln:wojIIPPn>PL.PZGIK.200</sln:wojIIPPn><sln:wojIIPWersja>2012-09-27T13:45:13+02:00</sln:wojIIPWersja><sln:wojIdTeryt>14</sln:wojIdTeryt><sln:wojNazwa>mazowieckie</sln:wojNazwa></sln:miejscowosc><sln:miejscowosc><sln:cyklZyciaDo>2017-03-24T00:00:00+01:00</sln:cyklZyciaDo><sln:cyklZyciaOd>2015-11-23T00:00:00+01:00</sln:cyklZyciaOd><sln:gmIIPId>ee142280-2a17-406c-a228-95c9a075f3fc</sln:gmIIPId><sln:gmIIPPn>PL.PZGIK.200</sln:gmIIPPn><sln:gmIIPWersja>2012-09-26T22:55:00+02:00</sln:gmIIPWersja><sln:gmIdTeryt>1423022</sln:gmIdTeryt><sln:gmNazwa>Gielniów</sln:gmNazwa><sln:miejscIIPId>989984bb-843d-4786-9ed4-d7855e4a8c97</sln:miejscIIPId><sln:miejscIIPPn>PL.PZGIK.200</sln:miejscIIPPn><sln:miejscIIPWersja>2016-11-24T11:32:40+02:00</sln:miejscIIPWersja><sln:miejscIdTeryt>0619030</sln:miejscIdTeryt><sln:miejscNazwa>Góźdź</sln:miejscNazwa><sln:miejscRodzaj>Inny obiekt</sln:miejscRodzaj><sln:powIIPId>06437711-b083-4479-a66e-e78888507e51</sln:powIIPId><sln:powIIPPn>PL.PZGIK.200</sln:powIIPPn><sln:powIIPWersja>2012-09-27T08:13:53+02:00</sln:powIIPWersja><sln:powIdTeryt>1423</sln:powIdTeryt><sln:powNazwa>przysuski</sln:powNazwa><sln:waznyOd>2015-10-08T00:00:00+02:00</sln:waznyOd><sln:wojIIPId>4b6c492a-eb04-441d-a92a-f44359c06de7</sln:wojIIPId><sln:wojIIPPn>PL.PZGIK.200</sln:wojIIPPn><sln:wojIIPWersja>2012-09-27T13:45:13+02:00</sln:wojIIPWersja><sln:wojIdTeryt>14</sln:wojIdTeryt><sln:wojNazwa>mazowieckie</sln:wojNazwa></sln:miejscowosc><sln:miejscowosc><sln:cyklZyciaDo>2017-03-24T00:00:00+01:00</sln:cyklZyciaDo><sln:cyklZyciaOd>2015-11-23T00:00:00+01:00</sln:cyklZyciaOd><sln:gmIIPId>ee142280-2a17-406c-a228-95c9a075f3fc</sln:gmIIPId><sln:gmIIPPn>PL.PZGIK.200</sln:gmIIPPn><sln:gmIIPWersja>2012-09-26T22:55:00+02:00</sln:gmIIPWersja><sln:gmIdTeryt>1423022</sln:gmIdTeryt><sln:gmNazwa>Gielniów</sln:gmNazwa><sln:miejscIIPId>94846117-09e4-4743-b85c-32ffc17112e1</sln:miejscIIPId><sln:miejscIIPPn>PL.PZGIK.200</sln:miejscIIPPn><sln:miejscIIPWersja>2016-11-24T11:32:40+02:00</sln:miejscIIPWersja><sln:miejscIdTeryt>0618786</sln:miejscIdTeryt><sln:miejscNazwa>Huta</sln:miejscNazwa><sln:miejscRodzaj>Wieś</sln:miejscRodzaj><sln:powIIPId>06437711-b083-4479-a66e-e78888507e51</sln:powIIPId><sln:powIIPPn>PL.PZGIK.200</sln:powIIPPn><sln:powIIPWersja>2012-09-27T08:13:53+02:00</sln:powIIPWersja><sln:powIdTeryt>1423</sln:powIdTeryt><sln:powNazwa>przysuski</sln:powNazwa><sln:waznyOd>2014-04-07T00:00:00+02:00</sln:waznyOd><sln:wojIIPId>4b6c492a-eb04-441d-a92a-f44359c06de7</sln:wojIIPId><sln:wojIIPPn>PL.PZGIK.200</sln:wojIIPPn><sln:wojIIPWersja>2012-09-27T13:45:13+02:00</sln:wojIIPWersja><sln:wojIdTeryt>14</sln:wojIdTeryt><sln:wojNazwa>mazowieckie</sln:wojNazwa></sln:miejscowosc><sln:miejscowosc><sln:cyklZyciaDo>2017-03-24T00:00:00+01:00</sln:cyklZyciaDo><sln:cyklZyciaOd>2015-11-23T00:00:00+01:00</sln:cyklZyciaOd><sln:gmIIPId>ee142280-2a17-406c-a228-95c9a075f3fc</sln:gmIIPId><sln:gmIIPPn>PL.PZGIK.200</sln:gmIIPPn><sln:gmIIPWersja>2012-09-26T22:55:00+02:00</sln:gmIIPWersja><sln:gmIdTeryt>1423022</sln:gmIdTeryt><sln:gmNazwa>Gielniów</sln:gmNazwa><sln:miejscIIPId>a673b11d-2ccb-44b5-b498-d5c39eab588a</sln:miejscIIPId><sln:miejscIIPPn>PL.PZGIK.200</sln:miejscIIPPn><sln:miejscIIPWersja>2016-11-24T11:32:40+02:00</sln:miejscIIPWersja><sln:miejscIdTeryt>0618881</sln:miejscIdTeryt><sln:miejscNazwa>Jastrząb</sln:miejscNazwa><sln:miejscRodzaj>Wieś</sln:miejscRodzaj><sln:powIIPId>06437711-b083-4479-a66e-e78888507e51</sln:powIIPId><sln:powIIPPn>PL.PZGIK.200</sln:powIIPPn><sln:powIIPWersja>2012-09-27T08:13:53+02:00</sln:powIIPWersja><sln:powIdTeryt>1423</sln:powIdTeryt><sln:powNazwa>przysuski</sln:powNazwa><sln:waznyOd>2014-04-07T00:00:00+02:00</sln:waznyOd><sln:wojIIPId>4b6c492a-eb04-441d-a92a-f44359c06de7</sln:wojIIPId><sln:wojIIPPn>PL.PZGIK.200</sln:wojIIPPn><sln:wojIIPWersja>2012-09-27T13:45:13+02:00</sln:wojIIPWersja><sln:wojIdTeryt>14</sln:wojIdTeryt><sln:wojNazwa>mazowieckie</sln:wojNazwa></sln:miejscowosc><sln:miejscowosc><sln:cyklZyciaDo>2017-03-24T00:00:00+01:00</sln:cyklZyciaDo><sln:cyklZyciaOd>2015-11-23T00:00:00+01:00</sln:cyklZyciaOd><sln:gmIIPId>ee142280-2a17-406c-a228-95c9a075f3fc</sln:gmIIPId><sln:gmIIPPn>PL.PZGIK.200</sln:gmIIPPn><sln:gmIIPWersja>2012-09-26T22:55:00+02:00</sln:gmIIPWersja><sln:gmIdTeryt>1423022</sln:gmIdTeryt><sln:gmNazwa>Gielniów</sln:gmNazwa><sln:miejscIIPId>6934909c-3cc5-48eb-bea0-404d409476c6</sln:miejscIIPId><sln:miejscIIPPn>PL.PZGIK.200</sln:miejscIIPPn><sln:miejscIIPWersja>2016-11-24T11:32:40+02:00</sln:miejscIIPWersja><sln:miejscIdTeryt>0619113</sln:miejscIdTeryt><sln:miejscNazwa>Kluczowa</sln:miejscNazwa><sln:miejscRodzaj>Inny obiekt</sln:miejscRodzaj><sln:powIIPId>06437711-b083-4479-a66e-e78888507e51</sln:powIIPId><sln:powIIPPn>PL.PZGIK.200</sln:powIIPPn><sln:powIIPWersja>2012-09-27T08:13:53+02:00</sln:powIIPWersja><sln:powIdTeryt>1423</sln:powIdTeryt><sln:powNazwa>przysuski</sln:powNazwa><sln:waznyOd>2015-10-08T00:00:00+02:00</sln:waznyOd><sln:wojIIPId>4b6c492a-eb04-441d-a92a-f44359c06de7</sln:wojIIPId><sln:wojIIPPn>PL.PZGIK.200</sln:wojIIPPn><sln:wojIIPWersja>2012-09-27T13:45:13+02:00</sln:wojIIPWersja><sln:wojIdTeryt>14</sln:wojIdTeryt><sln:wojNazwa>mazowieckie</sln:wojNazwa></sln:miejscowosc><sln:miejscowosc><sln:cyklZyciaDo>2017-03-24T00:00:00+01:00</sln:cyklZyciaDo><sln:cyklZyciaOd>2015-11-23T00:00:00+01:00</sln:cyklZyciaOd><sln:gmIIPId>ee142280-2a17-406c-a228-95c9a075f3fc</sln:gmIIPId><sln:gmIIPPn>PL.PZGIK.200</sln:gmIIPPn><sln:gmIIPWersja>2012-09-26T22:55:00+02:00</sln:gmIIPWersja><sln:gmIdTeryt>1423022</sln:gmIdTeryt><sln:gmNazwa>Gielniów</sln:gmNazwa><sln:miejscIIPId>d61528fa-d632-4482-8e5f-d07c1347766d</sln:miejscIIPId><sln:miejscIIPPn>PL.PZGIK.200</sln:miejscIIPPn><sln:miejscIIPWersja>2016-11-24T11:32:40+02:00</sln:miejscIIPWersja><sln:miejscIdTeryt>0618898</sln:miejscIdTeryt><sln:miejscNazwa>Kotfin</sln:miejscNazwa><sln:miejscRodzaj>Wieś</sln:miejscRodzaj><sln:powIIPId>06437711-b083-4479-a66e-e78888507e51</sln:powIIPId><sln:powIIPPn>PL.PZGIK.200</sln:powIIPPn><sln:powIIPWersja>2012-09-27T08:13:53+02:00</sln:powIIPWersja><sln:powIdTeryt>1423</sln:powIdTeryt><sln:powNazwa>przysuski</sln:powNazwa><sln:waznyOd>2014-04-07T00:00:00+02:00</sln:waznyOd><sln:wojIIPId>4b6c492a-eb04-441d-a92a-f44359c06de7</sln:wojIIPId><sln:wojIIPPn>PL.PZGIK.200</sln:wojIIPPn><sln:wojIIPWersja>2012-09-27T13:45:13+02:00</sln:wojIIPWersja><sln:wojIdTeryt>14</sln:wojIdTeryt><sln:wojNazwa>mazowieckie</sln:wojNazwa></sln:miejscowosc><sln:miejscowosc><sln:cyklZyciaDo>2017-03-24T00:00:00+01:00</sln:cyklZyciaDo><sln:cyklZyciaOd>2015-11-23T00:00:00+01:00</sln:cyklZyciaOd><sln:gmIIPId>ee142280-2a17-406c-a228-95c9a075f3fc</sln:gmIIPId><sln:gmIIPPn>PL.PZGIK.200</sln:gmIIPPn><sln:gmIIPWersja>2012-09-26T22:55:00+02:00</sln:gmIIPWersja><sln:gmIdTeryt>1423022</sln:gmIdTeryt><sln:gmNazwa>Gielniów</sln:gmNazwa><sln:miejscIIPId>9aef995c-36ac-401d-ba93-72750222702c</sln:miejscIIPId><sln:miejscIIPPn>PL.PZGIK.200</sln:miejscIIPPn><sln:miejscIIPWersja>2016-11-24T11:32:40+02:00</sln:miejscIIPWersja><sln:miejscIdTeryt>0619001</sln:miejscIdTeryt><sln:miejscNazwa>Lelitek</sln:miejscNazwa><sln:miejscRodzaj>Wieś</sln:miejscRodzaj><sln:powIIPId>06437711-b083-4479-a66e-e78888507e51</sln:powIIPId><sln:powIIPPn>PL.PZGIK.200</sln:powIIPPn><sln:powIIPWersja>2012-09-27T08:13:53+02:00</sln:powIIPWersja><sln:powIdTeryt>1423</sln:powIdTeryt><sln:powNazwa>przysuski</sln:powNazwa><sln:waznyOd>2014-04-07T00:00:00+02:00</sln:waznyOd><sln:wojIIPId>4b6c492a-eb04-441d-a92a-f44359c06de7</sln:wojIIPId><sln:wojIIPPn>PL.PZGIK.200</sln:wojIIPPn><sln:wojIIPWersja>2012-09-27T13:45:13+02:00</sln:wojIIPWersja><sln:wojIdTeryt>14</sln:wojIdTeryt><sln:wojNazwa>mazowieckie</sln:wojNazwa></sln:miejscowosc><sln:miejscowosc><sln:cyklZyciaDo>2017-03-24T00:00:00+01:00</sln:cyklZyciaDo><sln:cyklZyciaOd>2015-11-23T00:00:00+01:00</sln:cyklZyciaOd><sln:gmIIPId>ee142280-2a17-406c-a228-95c9a075f3fc</sln:gmIIPId><sln:gmIIPPn>PL.PZGIK.200</sln:gmIIPPn><sln:gmIIPWersja>2012-09-26T22:55:00+02:00</sln:gmIIPWersja><sln:gmIdTeryt>1423022</sln:gmIdTeryt><sln:gmNazwa>Gielniów</sln:gmNazwa><sln:miejscIIPId>f57e5956-aa33-401c-95c4-bf0472714b0f</sln:miejscIIPId><sln:miejscIIPPn>PL.PZGIK.200</sln:miejscIIPPn><sln:miejscIIPWersja>2016-11-24T11:32:40+02:00</sln:miejscIIPWersja><sln:miejscIdTeryt>0618929</sln:miejscIdTeryt><sln:miejscNazwa>Marysin</sln:miejscNazwa><sln:miejscRodzaj>Wieś</sln:miejscRodzaj><sln:powIIPId>06437711-b083-4479-a66e-e78888507e51</sln:powIIPId><sln:powIIPPn>PL.PZGIK.200</sln:powIIPPn><sln:powIIPWersja>2012-09-27T08:13:53+02:00</sln:powIIPWersja><sln:powIdTeryt>1423</sln:powIdTeryt><sln:powNazwa>przysuski</sln:powNazwa><sln:waznyOd>2014-04-07T00:00:00+02:00</sln:waznyOd><sln:wojIIPId>4b6c492a-eb04-441d-a92a-f44359c06de7</sln:wojIIPId><sln:wojIIPPn>PL.PZGIK.200</sln:wojIIPPn><sln:wojIIPWersja>2012-09-27T13:45:13+02:00</sln:wojIIPWersja><sln:wojIdTeryt>14</sln:wojIdTeryt><sln:wojNazwa>mazowieckie</sln:wojNazwa></sln:miejscowosc><sln:miejscowosc><sln:cyklZyciaDo>2017-03-24T00:00:00+01:00</sln:cyklZyciaDo><sln:cyklZyciaOd>2015-11-23T00:00:00+01:00</sln:cyklZyciaOd><sln:gmIIPId>ee142280-2a17-406c-a228-95c9a075f3fc</sln:gmIIPId><sln:gmIIPPn>PL.PZGIK.200</sln:gmIIPPn><sln:gmIIPWersja>2012-09-26T22:55:00+02:00</sln:gmIIPWersja><sln:gmIdTeryt>1423022</sln:gmIdTeryt><sln:gmNazwa>Gielniów</sln:gmNazwa><sln:miejscIIPId>9e19c013-5ef6-4a50-91a2-d79d2e41aae3</sln:miejscIIPId><sln:miejscIIPPn>PL.PZGIK.200</sln:miejscIIPPn><sln:miejscIIPWersja>2016-11-24T11:32:40+02:00</sln:miejscIIPWersja><sln:miejscIdTeryt>0618935</sln:miejscIdTeryt><sln:miejscNazwa>Mechlin</sln:miejscNazwa><sln:miejscRodzaj>Wieś</sln:miejscRodzaj><sln:powIIPId>06437711-b083-4479-a66e-e78888507e51</sln:powIIPId><sln:powIIPPn>PL.PZGIK.200</sln:powIIPPn><sln:powIIPWersja>2012-09-27T08:13:53+02:00</sln:powIIPWersja><sln:powIdTeryt>1423</sln:powIdTeryt><sln:powNazwa>przysuski</sln:powNazwa><sln:waznyOd>2014-04-07T00:00:00+02:00</sln:waznyOd><sln:wojIIPId>4b6c492a-eb04-441d-a92a-f44359c06de7</sln:wojIIPId><sln:wojIIPPn>PL.PZGIK.200</sln:wojIIPPn><sln:wojIIPWersja>2012-09-27T13:45:13+02:00</sln:wojIIPWersja><sln:wojIdTeryt>14</sln:wojIdTeryt><sln:wojNazwa>mazowieckie</sln:wojNazwa></sln:miejscowosc><sln:miejscowosc><sln:cyklZyciaDo>2017-03-24T00:00:00+01:00</sln:cyklZyciaDo><sln:cyklZyciaOd>2015-11-23T00:00:00+01:00</sln:cyklZyciaOd><sln:gmIIPId>ee142280-2a17-406c-a228-95c9a075f3fc</sln:gmIIPId><sln:gmIIPPn>PL.PZGIK.200</sln:gmIIPPn><sln:gmIIPWersja>2012-09-26T22:55:00+02:00</sln:gmIIPWersja><sln:gmIdTeryt>1423022</sln:gmIdTeryt><sln:gmNazwa>Gielniów</sln:gmNazwa><sln:miejscIIPId>2bf28d5d-41ae-4037-8921-dca556c0bc00</sln:miejscIIPId><sln:miejscIIPPn>PL.PZGIK.200</sln:miejscIIPPn><sln:miejscIIPWersja>2016-11-24T11:32:40+02:00</sln:miejscIIPWersja><sln:miejscIdTeryt>0619082</sln:miejscIdTeryt><sln:miejscNazwa>Pod Kluczową</sln:miejscNazwa><sln:miejscRodzaj>Inny obiekt</sln:miejscRodzaj><sln:powIIPId>06437711-b083-4479-a66e-e78888507e51</sln:powIIPId><sln:powIIPPn>PL.PZGIK.200</sln:powIIPPn><sln:powIIPWersja>2012-09-27T08:13:53+02:00</sln:powIIPWersja><sln:powIdTeryt>1423</sln:powIdTeryt><sln:powNazwa>przysuski</sln:powNazwa><sln:waznyOd>2014-04-07T00:00:00+02:00</sln:waznyOd><sln:wojIIPId>4b6c492a-eb04-441d-a92a-f44359c06de7</sln:wojIIPId><sln:wojIIPPn>PL.PZGIK.200</sln:wojIIPPn><sln:wojIIPWersja>2012-09-27T13:45:13+02:00</sln:wojIIPWersja><sln:wojIdTeryt>14</sln:wojIdTeryt><sln:wojNazwa>mazowieckie</sln:wojNazwa></sln:miejscowosc><sln:miejscowosc><sln:cyklZyciaDo>2017-03-24T00:00:00+01:00</sln:cyklZyciaDo><sln:cyklZyciaOd>2015-11-23T00:00:00+01:00</sln:cyklZyciaOd><sln:gmIIPId>ee142280-2a17-406c-a228-95c9a075f3fc</sln:gmIIPId><sln:gmIIPPn>PL.PZGIK.200</sln:gmIIPPn><sln:gmIIPWersja>2012-09-26T22:55:00+02:00</sln:gmIIPWersja><sln:gmIdTeryt>1423022</sln:gmIdTeryt><sln:gmNazwa>Gielniów</sln:gmNazwa><sln:miejscIIPId>45cba30e-56bf-4890-a1c2-d717183a558e</sln:miejscIIPId><sln:miejscIIPPn>PL.PZGIK.200</sln:miejscIIPPn><sln:miejscIIPWersja>2016-11-24T14:10:07+02:00</sln:miejscIIPWersja><sln:miejscNazwa>Puszcza Rozwadzka</sln:miejscNazwa><sln:miejscRodzaj>Inny obiekt</sln:miejscRodzaj><sln:powIIPId>06437711-b083-4479-a66e-e78888507e51</sln:powIIPId><sln:powIIPPn>PL.PZGIK.200</sln:powIIPPn><sln:powIIPWersja>2012-09-27T08:13:53+02:00</sln:powIIPWersja><sln:powIdTeryt>1423</sln:powIdTeryt><sln:powNazwa>przysuski</sln:powNazwa><sln:waznyOd>2015-10-13T00:00:00+02:00</sln:waznyOd><sln:wojIIPId>4b6c492a-eb04-441d-a92a-f44359c06de7</sln:wojIIPId><sln:wojIIPPn>PL.PZGIK.200</sln:wojIIPPn><sln:wojIIPWersja>2012-09-27T13:45:13+02:00</sln:wojIIPWersja><sln:wojIdTeryt>14</sln:wojIdTeryt><sln:wojNazwa>mazowieckie</sln:wojNazwa></sln:miejscowosc><sln:miejscowosc><sln:cyklZyciaDo>2017-03-24T00:00:00+01:00</sln:cyklZyciaDo><sln:cyklZyciaOd>2015-11-23T00:00:00+01:00</sln:cyklZyciaOd><sln:gmIIPId>ee142280-2a17-406c-a228-95c9a075f3fc</sln:gmIIPId><sln:gmIIPPn>PL.PZGIK.200</sln:gmIIPPn><sln:gmIIPWersja>2012-09-26T22:55:00+02:00</sln:gmIIPWersja><sln:gmIdTeryt>1423022</sln:gmIdTeryt><sln:gmNazwa>Gielniów</sln:gmNazwa><sln:miejscIIPId>a6004d3e-0810-4f88-a8a3-bd1a7853c5db</sln:miejscIIPId><sln:miejscIIPPn>PL.PZGIK.200</sln:miejscIIPPn><sln:miejscIIPWersja>2016-11-24T11:32:40+02:00</sln:miejscIIPWersja><sln:miejscIdTeryt>0618941</sln:miejscIdTeryt><sln:miejscNazwa>Rozwady</sln:miejscNazwa><sln:miejscRodzaj>Wieś</sln:miejscRodzaj><sln:powIIPId>06437711-b083-4479-a66e-e78888507e51</sln:powIIPId><sln:powIIPPn>PL.PZGIK.200</sln:powIIPPn><sln:powIIPWersja>2012-09-27T08:13:53+02:00</sln:powIIPWersja><sln:powIdTeryt>1423</sln:powIdTeryt><sln:powNazwa>przysuski</sln:powNazwa><sln:waznyOd>2014-04-07T00:00:00+02:00</sln:waznyOd><sln:wojIIPId>4b6c492a-eb04-441d-a92a-f44359c06de7</sln:wojIIPId><sln:wojIIPPn>PL.PZGIK.200</sln:wojIIPPn><sln:wojIIPWersja>2012-09-27T13:45:13+02:00</sln:wojIIPWersja><sln:wojIdTeryt>14</sln:wojIdTeryt><sln:wojNazwa>mazowieckie</sln:wojNazwa></sln:miejscowosc><sln:miejscowosc><sln:cyklZyciaDo>2017-03-24T00:00:00+01:00</sln:cyklZyciaDo><sln:cyklZyciaOd>2015-11-23T00:00:00+01:00</sln:cyklZyciaOd><sln:gmIIPId>ee142280-2a17-406c-a228-95c9a075f3fc</sln:gmIIPId><sln:gmIIPPn>PL.PZGIK.200</sln:gmIIPPn><sln:gmIIPWersja>2012-09-26T22:55:00+02:00</sln:gmIIPWersja><sln:gmIdTeryt>1423022</sln:gmIdTeryt><sln:gmNazwa>Gielniów</sln:gmNazwa><sln:miejscIIPId>864907cc-a694-487d-bf83-32106a188e49</sln:miejscIIPId><sln:miejscIIPPn>PL.PZGIK.200</sln:miejscIIPPn><sln:miejscIIPWersja>2016-11-24T11:32:40+02:00</sln:miejscIIPWersja><sln:miejscIdTeryt>0618823</sln:miejscIdTeryt><sln:miejscNazwa>Rożek</sln:miejscNazwa><sln:miejscRodzaj>Osada</sln:miejscRodzaj><sln:powIIPId>06437711-b083-4479-a66e-e78888507e51</sln:powIIPId><sln:powIIPPn>PL.PZGIK.200</sln:powIIPPn><sln:powIIPWersja>2012-09-27T08:13:53+02:00</sln:powIIPWersja><sln:powIdTeryt>1423</sln:powIdTeryt><sln:powNazwa>przysuski</sln:powNazwa><sln:waznyOd>2014-04-07T00:00:00+02:00</sln:waznyOd><sln:wojIIPId>4b6c492a-eb04-441d-a92a-f44359c06de7</sln:wojIIPId><sln:wojIIPPn>PL.PZGIK.200</sln:wojIIPPn><sln:wojIIPWersja>2012-09-27T13:45:13+02:00</sln:wojIIPWersja><sln:wojIdTeryt>14</sln:wojIdTeryt><sln:wojNazwa>mazowieckie</sln:wojNazwa></sln:miejscowosc><sln:miejscowosc><sln:cyklZyciaDo>2017-03-24T00:00:00+01:00</sln:cyklZyciaDo><sln:cyklZyciaOd>2015-11-23T00:00:00+01:00</sln:cyklZyciaOd><sln:gmIIPId>ee142280-2a17-406c-a228-95c9a075f3fc</sln:gmIIPId><sln:gmIIPPn>PL.PZGIK.200</sln:gmIIPPn><sln:gmIIPWersja>2012-09-26T22:55:00+02:00</sln:gmIIPWersja><sln:gmIdTeryt>1423022</sln:gmIdTeryt><sln:gmNazwa>Gielniów</sln:gmNazwa><sln:miejscIIPId>bc92df1d-d1db-4134-b7c2-3d023fe9febb</sln:miejscIIPId><sln:miejscIIPPn>PL.PZGIK.200</sln:miejscIIPPn><sln:miejscIIPWersja>2016-11-24T11:32:40+02:00</sln:miejscIIPWersja><sln:miejscIdTeryt>0618993</sln:miejscIdTeryt><sln:miejscNazwa>Snarki</sln:miejscNazwa><sln:miejscRodzaj>Wieś</sln:miejscRodzaj><sln:powIIPId>06437711-b083-4479-a66e-e78888507e51</sln:powIIPId><sln:powIIPPn>PL.PZGIK.200</sln:powIIPPn><sln:powIIPWersja>2012-09-27T08:13:53+02:00</sln:powIIPWersja><sln:powIdTeryt>1423</sln:powIdTeryt><sln:powNazwa>przysuski</sln:powNazwa><sln:waznyOd>2014-04-07T00:00:00+02:00</sln:waznyOd><sln:wojIIPId>4b6c492a-eb04-441d-a92a-f44359c06de7</sln:wojIIPId><sln:wojIIPPn>PL.PZGIK.200</sln:wojIIPPn><sln:wojIIPWersja>2012-09-27T13:45:13+02:00</sln:wojIIPWersja><sln:wojIdTeryt>14</sln:wojIdTeryt><sln:wojNazwa>mazowieckie</sln:wojNazwa></sln:miejscowosc><sln:miejscowosc><sln:cyklZyciaDo>2017-03-24T00:00:00+01:00</sln:cyklZyciaDo><sln:cyklZyciaOd>2015-11-23T00:00:00+01:00</sln:cyklZyciaOd><sln:gmIIPId>ee142280-2a17-406c-a228-95c9a075f3fc</sln:gmIIPId><sln:gmIIPPn>PL.PZGIK.200</sln:gmIIPPn><sln:gmIIPWersja>2012-09-26T22:55:00+02:00</sln:gmIIPWersja><sln:gmIdTeryt>1423022</sln:gmIdTeryt><sln:gmNazwa>Gielniów</sln:gmNazwa><sln:miejscIIPId>95d1a267-34ec-40a1-93c1-4eba33955336</sln:miejscIIPId><sln:miejscIIPPn>PL.PZGIK.200</sln:miejscIIPPn><sln:miejscIIPWersja>2016-11-24T11:32:40+02:00</sln:miejscIIPWersja><sln:miejscIdTeryt>0619120</sln:miejscIdTeryt><sln:miejscNazwa>Wygoda</sln:miejscNazwa><sln:miejscRodzaj>Przysiółek</sln:miejscRodzaj><sln:powIIPId>06437711-b083-4479-a66e-e78888507e51</sln:powIIPId><sln:powIIPPn>PL.PZGIK.200</sln:powIIPPn><sln:powIIPWersja>2012-09-27T08:13:53+02:00</sln:powIIPWersja><sln:powIdTeryt>1423</sln:powIdTeryt><sln:powNazwa>przysuski</sln:powNazwa><sln:waznyOd>2015-10-08T00:00:00+02:00</sln:waznyOd><sln:wojIIPId>4b6c492a-eb04-441d-a92a-f44359c06de7</sln:wojIIPId><sln:wojIIPPn>PL.PZGIK.200</sln:wojIIPPn><sln:wojIIPWersja>2012-09-27T13:45:13+02:00</sln:wojIIPWersja><sln:wojIdTeryt>14</sln:wojIdTeryt><sln:wojNazwa>mazowieckie</sln:wojNazwa></sln:miejscowosc><sln:miejscowosc><sln:cyklZyciaDo>2017-03-24T00:00:00+01:00</sln:cyklZyciaDo><sln:cyklZyciaOd>2015-11-23T00:00:00+01:00</sln:cyklZyciaOd><sln:gmIIPId>ee142280-2a17-406c-a228-95c9a075f3fc</sln:gmIIPId><sln:gmIIPPn>PL.PZGIK.200</sln:gmIIPPn><sln:gmIIPWersja>2012-09-26T22:55:00+02:00</sln:gmIIPWersja><sln:gmIdTeryt>1423022</sln:gmIdTeryt><sln:gmNazwa>Gielniów</sln:gmNazwa><sln:miejscIIPId>edb047e1-64d9-4724-8bcf-b0ae9c6893d2</sln:miejscIIPId><sln:miejscIIPPn>PL.PZGIK.200</sln:miejscIIPPn><sln:miejscIIPWersja>2016-11-24T11:32:40+02:00</sln:miejscIIPWersja><sln:miejscIdTeryt>0619076</sln:miejscIdTeryt><sln:miejscNazwa>Wywóz</sln:miejscNazwa><sln:miejscRodzaj>Wieś</sln:miejscRodzaj><sln:powIIPId>06437711-b083-4479-a66e-e78888507e51</sln:powIIPId><sln:powIIPPn>PL.PZGIK.200</sln:powIIPPn><sln:powIIPWersja>2012-09-27T08:13:53+02:00</sln:powIIPWersja><sln:powIdTeryt>1423</sln:powIdTeryt><sln:powNazwa>przysuski</sln:powNazwa><sln:waznyOd>2014-04-07T00:00:00+02:00</sln:waznyOd><sln:wojIIPId>4b6c492a-eb04-441d-a92a-f44359c06de7</sln:wojIIPId><sln:wojIIPPn>PL.PZGIK.200</sln:wojIIPPn><sln:wojIIPWersja>2012-09-27T13:45:13+02:00</sln:wojIIPWersja><sln:wojIdTeryt>14</sln:wojIdTeryt><sln:wojNazwa>mazowieckie</sln:wojNazwa></sln:miejscowosc><sln:miejscowosc><sln:cyklZyciaDo>2017-03-24T00:00:00+01:00</sln:cyklZyciaDo><sln:cyklZyciaOd>2015-11-23T00:00:00+01:00</sln:cyklZyciaOd><sln:gmIIPId>ee142280-2a17-406c-a228-95c9a075f3fc</sln:gmIIPId><sln:gmIIPPn>PL.PZGIK.200</sln:gmIIPPn><sln:gmIIPWersja>2012-09-26T22:55:00+02:00</sln:gmIIPWersja><sln:gmIdTeryt>1423022</sln:gmIdTeryt><sln:gmNazwa>Gielniów</sln:gmNazwa><sln:miejscIIPId>61876cb1-45b1-43ea-a063-8a0c6956e90e</sln:miejscIIPId><sln:miejscIIPPn>PL.PZGIK.200</sln:miejscIIPPn><sln:miejscIIPWersja>2016-11-24T11:32:40+02:00</sln:miejscIIPWersja><sln:miejscIdTeryt>0619099</sln:miejscIdTeryt><sln:miejscNazwa>Wywóz (kolonia)</sln:miejscNazwa><sln:miejscRodzaj>Kolonia</sln:miejscRodzaj><sln:powIIPId>06437711-b083-4479-a66e-e78888507e51</sln:powIIPId><sln:powIIPPn>PL.PZGIK.200</sln:powIIPPn><sln:powIIPWersja>2012-09-27T08:13:53+02:00</sln:powIIPWersja><sln:powIdTeryt>1423</sln:powIdTeryt><sln:powNazwa>przysuski</sln:powNazwa><sln:waznyOd>2015-10-08T00:00:00+02:00</sln:waznyOd><sln:wojIIPId>4b6c492a-eb04-441d-a92a-f44359c06de7</sln:wojIIPId><sln:wojIIPPn>PL.PZGIK.200</sln:wojIIPPn><sln:wojIIPWersja>2012-09-27T13:45:13+02:00</sln:wojIIPWersja><sln:wojIdTeryt>14</sln:wojIdTeryt><sln:wojNazwa>mazowieckie</sln:wojNazwa></sln:miejscowosc><sln:miejscowosc><sln:cyklZyciaDo>2017-03-24T00:00:00+01:00</sln:cyklZyciaDo><sln:cyklZyciaOd>2015-11-23T00:00:00+01:00</sln:cyklZyciaOd><sln:gmIIPId>ee142280-2a17-406c-a228-95c9a075f3fc</sln:gmIIPId><sln:gmIIPPn>PL.PZGIK.200</sln:gmIIPPn><sln:gmIIPWersja>2012-09-26T22:55:00+02:00</sln:gmIIPWersja><sln:gmIdTeryt>1423022</sln:gmIdTeryt><sln:gmNazwa>Gielniów</sln:gmNazwa><sln:miejscIIPId>72a1ea43-cf62-47b8-ae20-b56e71a4b142</sln:miejscIIPId><sln:miejscIIPPn>PL.PZGIK.200</sln:miejscIIPPn><sln:miejscIIPWersja>2016-11-24T11:32:40+02:00</sln:miejscIIPWersja><sln:miejscIdTeryt>0619107</sln:miejscIdTeryt><sln:miejscNazwa>Zielonka</sln:miejscNazwa><sln:miejscRodzaj>Wieś</sln:miejscRodzaj><sln:powIIPId>06437711-b083-4479-a66e-e78888507e51</sln:powIIPId><sln:powIIPPn>PL.PZGIK.200</sln:powIIPPn><sln:powIIPWersja>2012-09-27T08:13:53+02:00</sln:powIIPWersja><sln:powIdTeryt>1423</sln:powIdTeryt><sln:powNazwa>przysuski</sln:powNazwa><sln:waznyOd>2014-04-07T00:00:00+02:00</sln:waznyOd><sln:wojIIPId>4b6c492a-eb04-441d-a92a-f44359c06de7</sln:wojIIPId><sln:wojIIPPn>PL.PZGIK.200</sln:wojIIPPn><sln:wojIIPWersja>2012-09-27T13:45:13+02:00</sln:wojIIPWersja><sln:wojIdTeryt>14</sln:wojIdTeryt><sln:wojNazwa>mazowieckie</sln:wojNazwa></sln:miejscowosc><sln:miejscowosc><sln:cyklZyciaDo>2017-03-24T00:00:00+01:00</sln:cyklZyciaDo><sln:cyklZyciaOd>2015-11-23T00:00:00+01:00</sln:cyklZyciaOd><sln:gmIIPId>ee142280-2a17-406c-a228-95c9a075f3fc</sln:gmIIPId><sln:gmIIPPn>PL.PZGIK.200</sln:gmIIPPn><sln:gmIIPWersja>2012-09-26T22:55:00+02:00</sln:gmIIPWersja><sln:gmIdTeryt>1423022</sln:gmIdTeryt><sln:gmNazwa>Gielniów</sln:gmNazwa><sln:miejscIIPId>16dbba32-07bd-4e1e-bc4d-8dd3f2e203ae</sln:miejscIIPId><sln:miejscIIPPn>PL.PZGIK.200</sln:miejscIIPPn><sln:miejscIIPWersja>2016-11-24T11:32:40+02:00</sln:miejscIIPWersja><sln:miejscIdTeryt>0619136</sln:miejscIdTeryt><sln:miejscNazwa>Zygmuntów</sln:miejscNazwa><sln:miejscRodzaj>Wieś</sln:miejscRodzaj><sln:powIIPId>06437711-b083-4479-a66e-e78888507e51</sln:powIIPId><sln:powIIPPn>PL.PZGIK.200</sln:powIIPPn><sln:powIIPWersja>2012-09-27T08:13:53+02:00</sln:powIIPWersja><sln:powIdTeryt>1423</sln:powIdTeryt><sln:powNazwa>przysuski</sln:powNazwa><sln:waznyOd>2014-04-07T00:00:00+02:00</sln:waznyOd><sln:wojIIPId>4b6c492a-eb04-441d-a92a-f44359c06de7</sln:wojIIPId><sln:wojIIPPn>PL.PZGIK.200</sln:wojIIPPn><sln:wojIIPWersja>2012-09-27T13:45:13+02:00</sln:wojIIPWersja><sln:wojIdTeryt>14</sln:wojIdTeryt><sln:wojNazwa>mazowieckie</sln:wojNazwa></sln:miejscowosc><sln:miejscowosc><sln:cyklZyciaDo>2017-03-24T00:00:00+01:00</sln:cyklZyciaDo><sln:cyklZyciaOd>2015-11-23T00:00:00+01:00</sln:cyklZyciaOd><sln:gmIIPId>ee142280-2a17-406c-a228-95c9a075f3fc</sln:gmIIPId><sln:gmIIPPn>PL.PZGIK.200</sln:gmIIPPn><sln:gmIIPWersja>2012-09-26T22:55:00+02:00</sln:gmIIPWersja><sln:gmIdTeryt>1423022</sln:gmIdTeryt><sln:gmNazwa>Gielniów</sln:gmNazwa><sln:miejscIIPId>6f092924-d4cf-4261-bfe4-fb1950bf362c</sln:miejscIIPId><sln:miejscIIPPn>PL.PZGIK.200</sln:miejscIIPPn><sln:miejscIIPWersja>2016-11-24T11:32:40+02:00</sln:miejscIIPWersja><sln:miejscIdTeryt>0619018</sln:miejscIdTeryt><sln:miejscNazwa>Sołtysy</sln:miejscNazwa><sln:miejscRodzaj>Wieś</sln:miejscRodzaj><sln:powIIPId>06437711-b083-4479-a66e-e78888507e51</sln:powIIPId><sln:powIIPPn>PL.PZGIK.200</sln:powIIPPn><sln:powIIPWersja>2012-09-27T08:13:53+02:00</sln:powIIPWersja><sln:powIdTeryt>1423</sln:powIdTeryt><sln:powNazwa>przysuski</sln:powNazwa><sln:waznyOd>2014-04-07T00:00:00+02:00</sln:waznyOd><sln:wojIIPId>4b6c492a-eb04-441d-a92a-f44359c06de7</sln:wojIIPId><sln:wojIIPPn>PL.PZGIK.200</sln:wojIIPPn><sln:wojIIPWersja>2012-09-27T13:45:13+02:00</sln:wojIIPWersja><sln:wojIdTeryt>14</sln:wojIdTeryt><sln:wojNazwa>mazowieckie</sln:wojNazwa></sln:miejscowosc><sln:miejscowosc><sln:cyklZyciaDo>2017-03-24T00:00:00+01:00</sln:cyklZyciaDo><sln:cyklZyciaOd>2015-11-23T00:00:00+01:00</sln:cyklZyciaOd><sln:gmIIPId>ee142280-2a17-406c-a228-95c9a075f3fc</sln:gmIIPId><sln:gmIIPPn>PL.PZGIK.200</sln:gmIIPPn><sln:gmIIPWersja>2012-09-26T22:55:00+02:00</sln:gmIIPWersja><sln:gmIdTeryt>1423022</sln:gmIdTeryt><sln:gmNazwa>Gielniów</sln:gmNazwa><sln:miejscIIPId>b7e8c725-f6d2-48fd-8786-ab4e05c299a4</sln:miejscIIPId><sln:miejscIIPPn>PL.PZGIK.200</sln:miejscIIPPn><sln:miejscIIPWersja>2016-11-24T11:32:40+02:00</sln:miejscIIPWersja><sln:miejscIdTeryt>0619053</sln:miejscIdTeryt><sln:miejscNazwa>Stoczki</sln:miejscNazwa><sln:miejscRodzaj>Wieś</sln:miejscRodzaj><sln:powIIPId>06437711-b083-4479-a66e-e78888507e51</sln:powIIPId><sln:powIIPPn>PL.PZGIK.200</sln:powIIPPn><sln:powIIPWersja>2012-09-27T08:13:53+02:00</sln:powIIPWersja><sln:powIdTeryt>1423</sln:powIdTeryt><sln:powNazwa>przysuski</sln:powNazwa><sln:waznyOd>2014-04-07T00:00:00+02:00</sln:waznyOd><sln:wojIIPId>4b6c492a-eb04-441d-a92a-f44359c06de7</sln:wojIIPId><sln:wojIIPPn>PL.PZGIK.200</sln:wojIIPPn><sln:wojIIPWersja>2012-09-27T13:45:13+02:00</sln:wojIIPWersja><sln:wojIdTeryt>14</sln:wojIdTeryt><sln:wojNazwa>mazowieckie</sln:wojNazwa></sln:miejscowosc><sln:miejscowosc><sln:cyklZyciaOd>2017-03-24T00:00:00+01:00</sln:cyklZyciaOd><sln:gmIIPId>ee142280-2a17-406c-a228-95c9a075f3fc</sln:gmIIPId><sln:gmIIPPn>PL.PZGIK.200</sln:gmIIPPn><sln:gmIIPWersja>2012-09-26T22:55:00+02:00</sln:gmIIPWersja><sln:gmIdTeryt>1423022</sln:gmIdTeryt><sln:gmNazwa>Gielniów</sln:gmNazwa><sln:miejscIIPId>e71f3528-1210-4730-b777-e6a4453faff6</sln:miejscIIPId><sln:miejscIIPPn>PL.PZGIK.200</sln:miejscIIPPn><sln:miejscIIPWersja>2017-03-24T17:52:33+02:00</sln:miejscIIPWersja><sln:miejscIdTeryt>0618711</sln:miejscIdTeryt><sln:miejscNazwa>Antoniów</sln:miejscNazwa><sln:miejscRodzaj>Wieś</sln:miejscRodzaj><sln:powIIPId>06437711-b083-4479-a66e-e78888507e51</sln:powIIPId><sln:powIIPPn>PL.PZGIK.200</sln:powIIPPn><sln:powIIPWersja>2012-09-27T08:13:53+02:00</sln:powIIPWersja><sln:powIdTeryt>1423</sln:powIdTeryt><sln:powNazwa>przysuski</sln:powNazwa><sln:waznyOd>2014-04-07T00:00:00+02:00</sln:waznyOd><sln:wojIIPId>4b6c492a-eb04-441d-a92a-f44359c06de7</sln:wojIIPId><sln:wojIIPPn>PL.PZGIK.200</sln:wojIIPPn><sln:wojIIPWersja>2012-09-27T13:45:13+02:00</sln:wojIIPWersja><sln:wojIdTeryt>14</sln:wojIdTeryt><sln:wojNazwa>mazowieckie</sln:wojNazwa></sln:miejscowosc><sln:miejscowosc><sln:cyklZyciaOd>2017-03-24T00:00:00+01:00</sln:cyklZyciaOd><sln:gmIIPId>ee142280-2a17-406c-a228-95c9a075f3fc</sln:gmIIPId><sln:gmIIPPn>PL.PZGIK.200</sln:gmIIPPn><sln:gmIIPWersja>2012-09-26T22:55:00+02:00</sln:gmIIPWersja><sln:gmIdTeryt>1423022</sln:gmIdTeryt><sln:gmNazwa>Gielniów</sln:gmNazwa><sln:miejscIIPId>e130495d-1f9a-4411-aa7d-36cc663cf7fb</sln:miejscIIPId><sln:miejscIIPPn>PL.PZGIK.200</sln:miejscIIPPn><sln:miejscIIPWersja>2017-03-24T17:52:39+02:00</sln:miejscIIPWersja><sln:miejscIdTeryt>0618728</sln:miejscIdTeryt><sln:miejscNazwa>Bieliny</sln:miejscNazwa><sln:miejscRodzaj>Wieś</sln:miejscRodzaj><sln:powIIPId>06437711-b083-4479-a66e-e78888507e51</sln:powIIPId><sln:powIIPPn>PL.PZGIK.200</sln:powIIPPn><sln:powIIPWersja>2012-09-27T08:13:53+02:00</sln:powIIPWersja><sln:powIdTeryt>1423</sln:powIdTeryt><sln:powNazwa>przysuski</sln:powNazwa><sln:waznyOd>2014-04-07T00:00:00+02:00</sln:waznyOd><sln:wojIIPId>4b6c492a-eb04-441d-a92a-f44359c06de7</sln:wojIIPId><sln:wojIIPPn>PL.PZGIK.200</sln:wojIIPPn><sln:wojIIPWersja>2012-09-27T13:45:13+02:00</sln:wojIIPWersja><sln:wojIdTeryt>14</sln:wojIdTeryt><sln:wojNazwa>mazowieckie</sln:wojNazwa></sln:miejscowosc><sln:miejscowosc><sln:cyklZyciaOd>2017-03-24T00:00:00+01:00</sln:cyklZyciaOd><sln:gmIIPId>ee142280-2a17-406c-a228-95c9a075f3fc</sln:gmIIPId><sln:gmIIPPn>PL.PZGIK.200</sln:gmIIPPn><sln:gmIIPWersja>2012-09-26T22:55:00+02:00</sln:gmIIPWersja><sln:gmIdTeryt>1423022</sln:gmIdTeryt><sln:gmNazwa>Gielniów</sln:gmNazwa><sln:miejscIIPId>303d13ba-729e-4776-be11-eecb8f47a5b3</sln:miejscIIPId><sln:miejscIIPPn>PL.PZGIK.200</sln:miejscIIPPn><sln:miejscIIPWersja>2017-03-24T17:52:39+02:00</sln:miejscIIPWersja><sln:miejscIdTeryt>0618757</sln:miejscIdTeryt><sln:miejscNazwa>Brzezinki</sln:miejscNazwa><sln:miejscRodzaj>Wieś</sln:miejscRodzaj><sln:powIIPId>06437711-b083-4479-a66e-e78888507e51</sln:powIIPId><sln:powIIPPn>PL.PZGIK.200</sln:powIIPPn><sln:powIIPWersja>2012-09-27T08:13:53+02:00</sln:powIIPWersja><sln:powIdTeryt>1423</sln:powIdTeryt><sln:powNazwa>przysuski</sln:powNazwa><sln:waznyOd>2014-04-07T00:00:00+02:00</sln:waznyOd><sln:wojIIPId>4b6c492a-eb04-441d-a92a-f44359c06de7</sln:wojIIPId><sln:wojIIPPn>PL.PZGIK.200</sln:wojIIPPn><sln:wojIIPWersja>2012-09-27T13:45:13+02:00</sln:wojIIPWersja><sln:wojIdTeryt>14</sln:wojIdTeryt><sln:wojNazwa>mazowieckie</sln:wojNazwa></sln:miejscowosc><sln:miejscowosc><sln:cyklZyciaOd>2017-03-24T00:00:00+01:00</sln:cyklZyciaOd><sln:gmIIPId>ee142280-2a17-406c-a228-95c9a075f3fc</sln:gmIIPId><sln:gmIIPPn>PL.PZGIK.200</sln:gmIIPPn><sln:gmIIPWersja>2012-09-26T22:55:00+02:00</sln:gmIIPWersja><sln:gmIdTeryt>1423022</sln:gmIdTeryt><sln:gmNazwa>Gielniów</sln:gmNazwa><sln:miejscIIPId>ac0fae0d-8d01-458f-baa4-7f0afbdbdf1e</sln:miejscIIPId><sln:miejscIIPPn>PL.PZGIK.200</sln:miejscIIPPn><sln:miejscIIPWersja>2017-03-24T17:52:39+02:00</sln:miejscIIPWersja><sln:miejscIdTeryt>0618770</sln:miejscIdTeryt><sln:miejscNazwa>Budy</sln:miejscNazwa><sln:miejscRodzaj>Wieś</sln:miejscRodzaj><sln:powIIPId>06437711-b083-4479-a66e-e78888507e51</sln:powIIPId><sln:powIIPPn>PL.PZGIK.200</sln:powIIPPn><sln:powIIPWersja>2012-09-27T08:13:53+02:00</sln:powIIPWersja><sln:powIdTeryt>1423</sln:powIdTeryt><sln:powNazwa>przysuski</sln:powNazwa><sln:waznyOd>2014-04-07T00:00:00+02:00</sln:waznyOd><sln:wojIIPId>4b6c492a-eb04-441d-a92a-f44359c06de7</sln:wojIIPId><sln:wojIIPPn>PL.PZGIK.200</sln:wojIIPPn><sln:wojIIPWersja>2012-09-27T13:45:13+02:00</sln:wojIIPWersja><sln:wojIdTeryt>14</sln:wojIdTeryt><sln:wojNazwa>mazowieckie</sln:wojNazwa></sln:miejscowosc><sln:miejscowosc><sln:cyklZyciaOd>2017-03-24T00:00:00+01:00</sln:cyklZyciaOd><sln:gmIIPId>ee142280-2a17-406c-a228-95c9a075f3fc</sln:gmIIPId><sln:gmIIPPn>PL.PZGIK.200</sln:gmIIPPn><sln:gmIIPWersja>2012-09-26T22:55:00+02:00</sln:gmIIPWersja><sln:gmIdTeryt>1423022</sln:gmIdTeryt><sln:gmNazwa>Gielniów</sln:gmNazwa><sln:miejscIIPId>94846117-09e4-4743-b85c-32ffc17112e1</sln:miejscIIPId><sln:miejscIIPPn>PL.PZGIK.200</sln:miejscIIPPn><sln:miejscIIPWersja>2017-03-24T17:52:39+02:00</sln:miejscIIPWersja><sln:miejscIdTeryt>0618786</sln:miejscIdTeryt><sln:miejscNazwa>Huta</sln:miejscNazwa><sln:miejscRodzaj>Wieś</sln:miejscRodzaj><sln:powIIPId>06437711-b083-4479-a66e-e78888507e51</sln:powIIPId><sln:powIIPPn>PL.PZGIK.200</sln:powIIPPn><sln:powIIPWersja>2012-09-27T08:13:53+02:00</sln:powIIPWersja><sln:powIdTeryt>1423</sln:powIdTeryt><sln:powNazwa>przysuski</sln:powNazwa><sln:waznyOd>2014-04-07T00:00:00+02:00</sln:waznyOd><sln:wojIIPId>4b6c492a-eb04-441d-a92a-f44359c06de7</sln:wojIIPId><sln:wojIIPPn>PL.PZGIK.200</sln:wojIIPPn><sln:wojIIPWersja>2012-09-27T13:45:13+02:00</sln:wojIIPWersja><sln:wojIdTeryt>14</sln:wojIdTeryt><sln:wojNazwa>mazowieckie</sln:wojNazwa></sln:miejscowosc><sln:miejscowosc><sln:cyklZyciaOd>2017-03-24T00:00:00+01:00</sln:cyklZyciaOd><sln:gmIIPId>ee142280-2a17-406c-a228-95c9a075f3fc</sln:gmIIPId><sln:gmIIPPn>PL.PZGIK.200</sln:gmIIPPn><sln:gmIIPWersja>2012-09-26T22:55:00+02:00</sln:gmIIPWersja><sln:gmIdTeryt>1423022</sln:gmIdTeryt><sln:gmNazwa>Gielniów</sln:gmNazwa><sln:miejscIIPId>5a25aec1-a3f0-41c4-92d1-5f29bc375785</sln:miejscIIPId><sln:miejscIIPPn>PL.PZGIK.200</sln:miejscIIPPn><sln:miejscIIPWersja>2017-03-24T17:52:39+02:00</sln:miejscIIPWersja><sln:miejscIdTeryt>0618800</sln:miejscIdTeryt><sln:miejscNazwa>Gałki</sln:miejscNazwa><sln:miejscRodzaj>Wieś</sln:miejscRodzaj><sln:powIIPId>06437711-b083-4479-a66e-e78888507e51</sln:powIIPId><sln:powIIPPn>PL.PZGIK.200</sln:powIIPPn><sln:powIIPWersja>2012-09-27T08:13:53+02:00</sln:powIIPWersja><sln:powIdTeryt>1423</sln:powIdTeryt><sln:powNazwa>przysuski</sln:powNazwa><sln:waznyOd>2014-04-07T00:00:00+02:00</sln:waznyOd><sln:wojIIPId>4b6c492a-eb04-441d-a92a-f44359c06de7</sln:wojIIPId><sln:wojIIPPn>PL.PZGIK.200</sln:wojIIPPn><sln:wojIIPWersja>2012-09-27T13:45:13+02:00</sln:wojIIPWersja><sln:wojIdTeryt>14</sln:wojIdTeryt><sln:wojNazwa>mazowieckie</sln:wojNazwa></sln:miejscowosc><sln:miejscowosc><sln:cyklZyciaOd>2017-03-24T00:00:00+01:00</sln:cyklZyciaOd><sln:gmIIPId>ee142280-2a17-406c-a228-95c9a075f3fc</sln:gmIIPId><sln:gmIIPPn>PL.PZGIK.200</sln:gmIIPPn><sln:gmIIPWersja>2012-09-26T22:55:00+02:00</sln:gmIIPWersja><sln:gmIdTeryt>1423022</sln:gmIdTeryt><sln:gmNazwa>Gielniów</sln:gmNazwa><sln:miejscIIPId>1b03aa19-5475-4ab5-a183-62d16f4522ad</sln:miejscIIPId><sln:miejscIIPPn>PL.PZGIK.200</sln:miejscIIPPn><sln:miejscIIPWersja>2017-03-24T17:52:39+02:00</sln:miejscIIPWersja><sln:miejscIdTeryt>0618817</sln:miejscIdTeryt><sln:miejscNazwa>Gielniów</sln:miejscNazwa><sln:miejscRodzaj>Wieś</sln:miejscRodzaj><sln:powIIPId>06437711-b083-4479-a66e-e78888507e51</sln:powIIPId><sln:powIIPPn>PL.PZGIK.200</sln:powIIPPn><sln:powIIPWersja>2012-09-27T08:13:53+02:00</sln:powIIPWersja><sln:powIdTeryt>1423</sln:powIdTeryt><sln:powNazwa>przysuski</sln:powNazwa><sln:waznyOd>2014-04-07T00:00:00+02:00</sln:waznyOd><sln:wojIIPId>4b6c492a-eb04-441d-a92a-f44359c06de7</sln:wojIIPId><sln:wojIIPPn>PL.PZGIK.200</sln:wojIIPPn><sln:wojIIPWersja>2012-09-27T13:45:13+02:00</sln:wojIIPWersja><sln:wojIdTeryt>14</sln:wojIdTeryt><sln:wojNazwa>mazowieckie</sln:wojNazwa></sln:miejscowosc><sln:miejscowosc><sln:cyklZyciaOd>2017-03-24T00:00:00+01:00</sln:cyklZyciaOd><sln:gmIIPId>ee142280-2a17-406c-a228-95c9a075f3fc</sln:gmIIPId><sln:gmIIPPn>PL.PZGIK.200</sln:gmIIPPn><sln:gmIIPWersja>2012-09-26T22:55:00+02:00</sln:gmIIPWersja><sln:gmIdTeryt>1423022</sln:gmIdTeryt><sln:gmNazwa>Gielniów</sln:gmNazwa><sln:miejscIIPId>864907cc-a694-487d-bf83-32106a188e49</sln:miejscIIPId><sln:miejscIIPPn>PL.PZGIK.200</sln:miejscIIPPn><sln:miejscIIPWersja>2017-03-24T17:52:39+02:00</sln:miejscIIPWersja><sln:miejscIdTeryt>0618823</sln:miejscIdTeryt><sln:miejscNazwa>Rożek</sln:miejscNazwa><sln:miejscRodzaj>Osada</sln:miejscRodzaj><sln:powIIPId>06437711-b083-4479-a66e-e78888507e51</sln:powIIPId><sln:powIIPPn>PL.PZGIK.200</sln:powIIPPn><sln:powIIPWersja>2012-09-27T08:13:53+02:00</sln:powIIPWersja><sln:powIdTeryt>1423</sln:powIdTeryt><sln:powNazwa>przysuski</sln:powNazwa><sln:waznyOd>2014-04-07T00:00:00+02:00</sln:waznyOd><sln:wojIIPId>4b6c492a-eb04-441d-a92a-f44359c06de7</sln:wojIIPId><sln:wojIIPPn>PL.PZGIK.200</sln:wojIIPPn><sln:wojIIPWersja>2012-09-27T13:45:13+02:00</sln:wojIIPWersja><sln:wojIdTeryt>14</sln:wojIdTeryt><sln:wojNazwa>mazowieckie</sln:wojNazwa></sln:miejscowosc><sln:miejscowosc><sln:cyklZyciaOd>2017-03-24T00:00:00+01:00</sln:cyklZyciaOd><sln:gmIIPId>ee142280-2a17-406c-a228-95c9a075f3fc</sln:gmIIPId><sln:gmIIPPn>PL.PZGIK.200</sln:gmIIPPn><sln:gmIIPWersja>2012-09-26T22:55:00+02:00</sln:gmIIPWersja><sln:gmIdTeryt>1423022</sln:gmIdTeryt><sln:gmNazwa>Gielniów</sln:gmNazwa><sln:miejscIIPId>5145905e-0acd-4f85-a848-1bf1eab8ef84</sln:miejscIIPId><sln:miejscIIPPn>PL.PZGIK.200</sln:miejscIIPPn><sln:miejscIIPWersja>2017-03-24T17:52:40+02:00</sln:miejscIIPWersja><sln:miejscIdTeryt>0618830</sln:miejscIdTeryt><sln:miejscNazwa>Goździków</sln:miejscNazwa><sln:miejscRodzaj>Wieś</sln:miejscRodzaj><sln:powIIPId>06437711-b083-4479-a66e-e78888507e51</sln:powIIPId><sln:powIIPPn>PL.PZGIK.200</sln:powIIPPn><sln:powIIPWersja>2012-09-27T08:13:53+02:00</sln:powIIPWersja><sln:powIdTeryt>1423</sln:powIdTeryt><sln:powNazwa>przysuski</sln:powNazwa><sln:waznyOd>2014-04-07T00:00:00+02:00</sln:waznyOd><sln:wojIIPId>4b6c492a-eb04-441d-a92a-f44359c06de7</sln:wojIIPId><sln:wojIIPPn>PL.PZGIK.200</sln:wojIIPPn><sln:wojIIPWersja>2012-09-27T13:45:13+02:00</sln:wojIIPWersja><sln:wojIdTeryt>14</sln:wojIdTeryt><sln:wojNazwa>mazowieckie</sln:wojNazwa></sln:miejscowosc><sln:miejscowosc><sln:cyklZyciaOd>2017-03-24T00:00:00+01:00</sln:cyklZyciaOd><sln:gmIIPId>ee142280-2a17-406c-a228-95c9a075f3fc</sln:gmIIPId><sln:gmIIPPn>PL.PZGIK.200</sln:gmIIPPn><sln:gmIIPWersja>2012-09-26T22:55:00+02:00</sln:gmIIPWersja><sln:gmIdTeryt>1423022</sln:gmIdTeryt><sln:gmNazwa>Gielniów</sln:gmNazwa><sln:miejscIIPId>a673b11d-2ccb-44b5-b498-d5c39eab588a</sln:miejscIIPId><sln:miejscIIPPn>PL.PZGIK.200</sln:miejscIIPPn><sln:miejscIIPWersja>2017-03-24T17:52:40+02:00</sln:miejscIIPWersja><sln:miejscIdTeryt>0618881</sln:miejscIdTeryt><sln:miejscNazwa>Jastrząb</sln:miejscNazwa><sln:miejscRodzaj>Wieś</sln:miejscRodzaj><sln:powIIPId>06437711-b083-4479-a66e-e78888507e51</sln:powIIPId><sln:powIIPPn>PL.PZGIK.200</sln:powIIPPn><sln:powIIPWersja>2012-09-27T08:13:53+02:00</sln:powIIPWersja><sln:powIdTeryt>1423</sln:powIdTeryt><sln:powNazwa>przysuski</sln:powNazwa><sln:waznyOd>2014-04-07T00:00:00+02:00</sln:waznyOd><sln:wojIIPId>4b6c492a-eb04-441d-a92a-f44359c06de7</sln:wojIIPId><sln:wojIIPPn>PL.PZGIK.200</sln:wojIIPPn><sln:wojIIPWersja>2012-09-27T13:45:13+02:00</sln:wojIIPWersja><sln:wojIdTeryt>14</sln:wojIdTeryt><sln:wojNazwa>mazowieckie</sln:wojNazwa></sln:miejscowosc><sln:miejscowosc><sln:cyklZyciaOd>2017-03-24T00:00:00+01:00</sln:cyklZyciaOd><sln:gmIIPId>ee142280-2a17-406c-a228-95c9a075f3fc</sln:gmIIPId><sln:gmIIPPn>PL.PZGIK.200</sln:gmIIPPn><sln:gmIIPWersja>2012-09-26T22:55:00+02:00</sln:gmIIPWersja><sln:gmIdTeryt>1423022</sln:gmIdTeryt><sln:gmNazwa>Gielniów</sln:gmNazwa><sln:miejscIIPId>d61528fa-d632-4482-8e5f-d07c1347766d</sln:miejscIIPId><sln:miejscIIPPn>PL.PZGIK.200</sln:miejscIIPPn><sln:miejscIIPWersja>2017-03-24T17:52:40+02:00</sln:miejscIIPWersja><sln:miejscIdTeryt>0618898</sln:miejscIdTeryt><sln:miejscNazwa>Kotfin</sln:miejscNazwa><sln:miejscRodzaj>Wieś</sln:miejscRodzaj><sln:powIIPId>06437711-b083-4479-a66e-e78888507e51</sln:powIIPId><sln:powIIPPn>PL.PZGIK.200</sln:powIIPPn><sln:powIIPWersja>2012-09-27T08:13:53+02:00</sln:powIIPWersja><sln:powIdTeryt>1423</sln:powIdTeryt><sln:powNazwa>przysuski</sln:powNazwa><sln:waznyOd>2014-04-07T00:00:00+02:00</sln:waznyOd><sln:wojIIPId>4b6c492a-eb04-441d-a92a-f44359c06de7</sln:wojIIPId><sln:wojIIPPn>PL.PZGIK.200</sln:wojIIPPn><sln:wojIIPWersja>2012-09-27T13:45:13+02:00</sln:wojIIPWersja><sln:wojIdTeryt>14</sln:wojIdTeryt><sln:wojNazwa>mazowieckie</sln:wojNazwa></sln:miejscowosc><sln:miejscowosc><sln:cyklZyciaOd>2017-03-24T00:00:00+01:00</sln:cyklZyciaOd><sln:gmIIPId>ee142280-2a17-406c-a228-95c9a075f3fc</sln:gmIIPId><sln:gmIIPPn>PL.PZGIK.200</sln:gmIIPPn><sln:gmIIPWersja>2012-09-26T22:55:00+02:00</sln:gmIIPWersja><sln:gmIdTeryt>1423022</sln:gmIdTeryt><sln:gmNazwa>Gielniów</sln:gmNazwa><sln:miejscIIPId>e73b060e-19bc-42a1-8edf-c28f73d8b034</sln:miejscIIPId><sln:miejscIIPPn>PL.PZGIK.200</sln:miejscIIPPn><sln:miejscIIPWersja>2017-03-24T17:52:40+02:00</sln:miejscIIPWersja><sln:miejscIdTeryt>0618906</sln:miejscIdTeryt><sln:miejscNazwa>Bród</sln:miejscNazwa><sln:miejscRodzaj>Inny obiekt</sln:miejscRodzaj><sln:powIIPId>06437711-b083-4479-a66e-e78888507e51</sln:powIIPId><sln:powIIPPn>PL.PZGIK.200</sln:powIIPPn><sln:powIIPWersja>2012-09-27T08:13:53+02:00</sln:powIIPWersja><sln:powIdTeryt>1423</sln:powIdTeryt><sln:powNazwa>przysuski</sln:powNazwa><sln:waznyOd>2014-04-07T00:00:00+02:00</sln:waznyOd><sln:wojIIPId>4b6c492a-eb04-441d-a92a-f44359c06de7</sln:wojIIPId><sln:wojIIPPn>PL.PZGIK.200</sln:wojIIPPn><sln:wojIIPWersja>2012-09-27T13:45:13+02:00</sln:wojIIPWersja><sln:wojIdTeryt>14</sln:wojIdTeryt><sln:wojNazwa>mazowieckie</sln:wojNazwa></sln:miejscowosc><sln:miejscowosc><sln:cyklZyciaOd>2017-03-24T00:00:00+01:00</sln:cyklZyciaOd><sln:gmIIPId>ee142280-2a17-406c-a228-95c9a075f3fc</sln:gmIIPId><sln:gmIIPPn>PL.PZGIK.200</sln:gmIIPPn><sln:gmIIPWersja>2012-09-26T22:55:00+02:00</sln:gmIIPWersja><sln:gmIdTeryt>1423022</sln:gmIdTeryt><sln:gmNazwa>Gielniów</sln:gmNazwa><sln:miejscIIPId>f57e5956-aa33-401c-95c4-bf0472714b0f</sln:miejscIIPId><sln:miejscIIPPn>PL.PZGIK.200</sln:miejscIIPPn><sln:miejscIIPWersja>2017-03-24T17:52:40+02:00</sln:miejscIIPWersja><sln:miejscIdTeryt>0618929</sln:miejscIdTeryt><sln:miejscNazwa>Marysin</sln:miejscNazwa><sln:miejscRodzaj>Wieś</sln:miejscRodzaj><sln:powIIPId>06437711-b083-4479-a66e-e78888507e51</sln:powIIPId><sln:powIIPPn>PL.PZGIK.200</sln:powIIPPn><sln:powIIPWersja>2012-09-27T08:13:53+02:00</sln:powIIPWersja><sln:powIdTeryt>1423</sln:powIdTeryt><sln:powNazwa>przysuski</sln:powNazwa><sln:waznyOd>2014-04-07T00:00:00+02:00</sln:waznyOd><sln:wojIIPId>4b6c492a-eb04-441d-a92a-f44359c06de7</sln:wojIIPId><sln:wojIIPPn>PL.PZGIK.200</sln:wojIIPPn><sln:wojIIPWersja>2012-09-27T13:45:13+02:00</sln:wojIIPWersja><sln:wojIdTeryt>14</sln:wojIdTeryt><sln:wojNazwa>mazowieckie</sln:wojNazwa></sln:miejscowosc><sln:miejscowosc><sln:cyklZyciaOd>2017-03-24T00:00:00+01:00</sln:cyklZyciaOd><sln:gmIIPId>ee142280-2a17-406c-a228-95c9a075f3fc</sln:gmIIPId><sln:gmIIPPn>PL.PZGIK.200</sln:gmIIPPn><sln:gmIIPWersja>2012-09-26T22:55:00+02:00</sln:gmIIPWersja><sln:gmIdTeryt>1423022</sln:gmIdTeryt><sln:gmNazwa>Gielniów</sln:gmNazwa><sln:miejscIIPId>9e19c013-5ef6-4a50-91a2-d79d2e41aae3</sln:miejscIIPId><sln:miejscIIPPn>PL.PZGIK.200</sln:miejscIIPPn><sln:miejscIIPWersja>2017-03-24T17:52:40+02:00</sln:miejscIIPWersja><sln:miejscIdTeryt>0618935</sln:miejscIdTeryt><sln:miejscNazwa>Mechlin</sln:miejscNazwa><sln:miejscRodzaj>Wieś</sln:miejscRodzaj><sln:powIIPId>06437711-b083-4479-a66e-e78888507e51</sln:powIIPId><sln:powIIPPn>PL.PZGIK.200</sln:powIIPPn><sln:powIIPWersja>2012-09-27T08:13:53+02:00</sln:powIIPWersja><sln:powIdTeryt>1423</sln:powIdTeryt><sln:powNazwa>przysuski</sln:powNazwa><sln:waznyOd>2014-04-07T00:00:00+02:00</sln:waznyOd><sln:wojIIPId>4b6c492a-eb04-441d-a92a-f44359c06de7</sln:wojIIPId><sln:wojIIPPn>PL.PZGIK.200</sln:wojIIPPn><sln:wojIIPWersja>2012-09-27T13:45:13+02:00</sln:wojIIPWersja><sln:wojIdTeryt>14</sln:wojIdTeryt><sln:wojNazwa>mazowieckie</sln:wojNazwa></sln:miejscowosc><sln:miejscowosc><sln:cyklZyciaOd>2017-03-24T00:00:00+01:00</sln:cyklZyciaOd><sln:gmIIPId>ee142280-2a17-406c-a228-95c9a075f3fc</sln:gmIIPId><sln:gmIIPPn>PL.PZGIK.200</sln:gmIIPPn><sln:gmIIPWersja>2012-09-26T22:55:00+02:00</sln:gmIIPWersja><sln:gmIdTeryt>1423022</sln:gmIdTeryt><sln:gmNazwa>Gielniów</sln:gmNazwa><sln:miejscIIPId>a6004d3e-0810-4f88-a8a3-bd1a7853c5db</sln:miejscIIPId><sln:miejscIIPPn>PL.PZGIK.200</sln:miejscIIPPn><sln:miejscIIPWersja>2017-03-24T17:52:40+02:00</sln:miejscIIPWersja><sln:miejscIdTeryt>0618941</sln:miejscIdTeryt><sln:miejscNazwa>Rozwady</sln:miejscNazwa><sln:miejscRodzaj>Wieś</sln:miejscRodzaj><sln:powIIPId>06437711-b083-4479-a66e-e78888507e51</sln:powIIPId><sln:powIIPPn>PL.PZGIK.200</sln:powIIPPn><sln:powIIPWersja>2012-09-27T08:13:53+02:00</sln:powIIPWersja><sln:powIdTeryt>1423</sln:powIdTeryt><sln:powNazwa>przysuski</sln:powNazwa><sln:waznyOd>2014-04-07T00:00:00+02:00</sln:waznyOd><sln:wojIIPId>4b6c492a-eb04-441d-a92a-f44359c06de7</sln:wojIIPId><sln:wojIIPPn>PL.PZGIK.200</sln:wojIIPPn><sln:wojIIPWersja>2012-09-27T13:45:13+02:00</sln:wojIIPWersja><sln:wojIdTeryt>14</sln:wojIdTeryt><sln:wojNazwa>mazowieckie</sln:wojNazwa></sln:miejscowosc><sln:miejscowosc><sln:cyklZyciaOd>2017-03-24T00:00:00+01:00</sln:cyklZyciaOd><sln:gmIIPId>ee142280-2a17-406c-a228-95c9a075f3fc</sln:gmIIPId><sln:gmIIPPn>PL.PZGIK.200</sln:gmIIPPn><sln:gmIIPWersja>2012-09-26T22:55:00+02:00</sln:gmIIPWersja><sln:gmIdTeryt>1423022</sln:gmIdTeryt><sln:gmNazwa>Gielniów</sln:gmNazwa><sln:miejscIIPId>7f32a180-abac-4bbb-9c75-e480f81d97ee</sln:miejscIIPId><sln:miejscIIPPn>PL.PZGIK.200</sln:miejscIIPPn><sln:miejscIIPWersja>2017-03-24T17:52:40+02:00</sln:miejscIIPWersja><sln:miejscIdTeryt>0618958</sln:miejscIdTeryt><sln:miejscNazwa>Alfredów</sln:miejscNazwa><sln:miejscRodzaj>Inny obiekt</sln:miejscRodzaj><sln:powIIPId>06437711-b083-4479-a66e-e78888507e51</sln:powIIPId><sln:powIIPPn>PL.PZGIK.200</sln:powIIPPn><sln:powIIPWersja>2012-09-27T08:13:53+02:00</sln:powIIPWersja><sln:powIdTeryt>1423</sln:powIdTeryt><sln:powNazwa>przysuski</sln:powNazwa><sln:waznyOd>2014-04-07T00:00:00+02:00</sln:waznyOd><sln:wojIIPId>4b6c492a-eb04-441d-a92a-f44359c06de7</sln:wojIIPId><sln:wojIIPPn>PL.PZGIK.200</sln:wojIIPPn><sln:wojIIPWersja>2012-09-27T13:45:13+02:00</sln:wojIIPWersja><sln:wojIdTeryt>14</sln:wojIdTeryt><sln:wojNazwa>mazowieckie</sln:wojNazwa></sln:miejscowosc><sln:miejscowosc><sln:cyklZyciaOd>2017-03-24T00:00:00+01:00</sln:cyklZyciaOd><sln:gmIIPId>ee142280-2a17-406c-a228-95c9a075f3fc</sln:gmIIPId><sln:gmIIPPn>PL.PZGIK.200</sln:gmIIPPn><sln:gmIIPWersja>2012-09-26T22:55:00+02:00</sln:gmIIPWersja><sln:gmIdTeryt>1423022</sln:gmIdTeryt><sln:gmNazwa>Gielniów</sln:gmNazwa><sln:miejscIIPId>d32c552b-053f-445c-8b3d-4cbee9126d07</sln:miejscIIPId><sln:miejscIIPPn>PL.PZGIK.200</sln:miejscIIPPn><sln:miejscIIPWersja>2017-03-24T17:52:40+02:00</sln:miejscIIPWersja><sln:miejscIdTeryt>0618964</sln:miejscIdTeryt><sln:miejscNazwa>Bochenka</sln:miejscNazwa><sln:miejscRodzaj>Inny obiekt</sln:miejscRodzaj><sln:powIIPId>06437711-b083-4479-a66e-e78888507e51</sln:powIIPId><sln:powIIPPn>PL.PZGIK.200</sln:powIIPPn><sln:powIIPWersja>2012-09-27T08:13:53+02:00</sln:powIIPWersja><sln:powIdTeryt>1423</sln:powIdTeryt><sln:powNazwa>przysuski</sln:powNazwa><sln:waznyOd>2014-04-07T00:00:00+02:00</sln:waznyOd><sln:wojIIPId>4b6c492a-eb04-441d-a92a-f44359c06de7</sln:wojIIPId><sln:wojIIPPn>PL.PZGIK.200</sln:wojIIPPn><sln:wojIIPWersja>2012-09-27T13:45:13+02:00</sln:wojIIPWersja><sln:wojIdTeryt>14</sln:wojIdTeryt><sln:wojNazwa>mazowieckie</sln:wojNazwa></sln:miejscowosc><sln:miejscowosc><sln:cyklZyciaOd>2017-03-24T00:00:00+01:00</sln:cyklZyciaOd><sln:gmIIPId>ee142280-2a17-406c-a228-95c9a075f3fc</sln:gmIIPId><sln:gmIIPPn>PL.PZGIK.200</sln:gmIIPPn><sln:gmIIPWersja>2012-09-26T22:55:00+02:00</sln:gmIIPWersja><sln:gmIdTeryt>1423022</sln:gmIdTeryt><sln:gmNazwa>Gielniów</sln:gmNazwa><sln:miejscIIPId>33a6b1f2-5388-46d2-8dda-513d600591cb</sln:miejscIIPId><sln:miejscIIPPn>PL.PZGIK.200</sln:miejscIIPPn><sln:miejscIIPWersja>2017-03-24T17:52:40+02:00</sln:miejscIIPWersja><sln:miejscIdTeryt>0618987</sln:miejscIdTeryt><sln:miejscNazwa>Drynia</sln:miejscNazwa><sln:miejscRodzaj>Inny obiekt</sln:miejscRodzaj><sln:powIIPId>06437711-b083-4479-a66e-e78888507e51</sln:powIIPId><sln:powIIPPn>PL.PZGIK.200</sln:powIIPPn><sln:powIIPWersja>2012-09-27T08:13:53+02:00</sln:powIIPWersja><sln:powIdTeryt>1423</sln:powIdTeryt><sln:powNazwa>przysuski</sln:powNazwa><sln:waznyOd>2014-04-07T00:00:00+02:00</sln:waznyOd><sln:wojIIPId>4b6c492a-eb04-441d-a92a-f44359c06de7</sln:wojIIPId><sln:wojIIPPn>PL.PZGIK.200</sln:wojIIPPn><sln:wojIIPWersja>2012-09-27T13:45:13+02:00</sln:wojIIPWersja><sln:wojIdTeryt>14</sln:wojIdTeryt><sln:wojNazwa>mazowieckie</sln:wojNazwa></sln:miejscowosc><sln:miejscowosc><sln:cyklZyciaOd>2017-03-24T00:00:00+01:00</sln:cyklZyciaOd><sln:gmIIPId>ee142280-2a17-406c-a228-95c9a075f3fc</sln:gmIIPId><sln:gmIIPPn>PL.PZGIK.200</sln:gmIIPPn><sln:gmIIPWersja>2012-09-26T22:55:00+02:00</sln:gmIIPWersja><sln:gmIdTeryt>1423022</sln:gmIdTeryt><sln:gmNazwa>Gielniów</sln:gmNazwa><sln:miejscIIPId>bc92df1d-d1db-4134-b7c2-3d023fe9febb</sln:miejscIIPId><sln:miejscIIPPn>PL.PZGIK.200</sln:miejscIIPPn><sln:miejscIIPWersja>2017-03-24T17:52:41+02:00</sln:miejscIIPWersja><sln:miejscIdTeryt>0618993</sln:miejscIdTeryt><sln:miejscNazwa>Snarki</sln:miejscNazwa><sln:miejscRodzaj>Wieś</sln:miejscRodzaj><sln:powIIPId>06437711-b083-4479-a66e-e78888507e51</sln:powIIPId><sln:powIIPPn>PL.PZGIK.200</sln:powIIPPn><sln:powIIPWersja>2012-09-27T08:13:53+02:00</sln:powIIPWersja><sln:powIdTeryt>1423</sln:powIdTeryt><sln:powNazwa>przysuski</sln:powNazwa><sln:waznyOd>2014-04-07T00:00:00+02:00</sln:waznyOd><sln:wojIIPId>4b6c492a-eb04-441d-a92a-f44359c06de7</sln:wojIIPId><sln:wojIIPPn>PL.PZGIK.200</sln:wojIIPPn><sln:wojIIPWersja>2012-09-27T13:45:13+02:00</sln:wojIIPWersja><sln:wojIdTeryt>14</sln:wojIdTeryt><sln:wojNazwa>mazowieckie</sln:wojNazwa></sln:miejscowosc><sln:miejscowosc><sln:cyklZyciaOd>2017-03-24T00:00:00+01:00</sln:cyklZyciaOd><sln:gmIIPId>ee142280-2a17-406c-a228-95c9a075f3fc</sln:gmIIPId><sln:gmIIPPn>PL.PZGIK.200</sln:gmIIPPn><sln:gmIIPWersja>2012-09-26T22:55:00+02:00</sln:gmIIPWersja><sln:gmIdTeryt>1423022</sln:gmIdTeryt><sln:gmNazwa>Gielniów</sln:gmNazwa><sln:miejscIIPId>9aef995c-36ac-401d-ba93-72750222702c</sln:miejscIIPId><sln:miejscIIPPn>PL.PZGIK.200</sln:miejscIIPPn><sln:miejscIIPWersja>2017-03-24T17:52:41+02:00</sln:miejscIIPWersja><sln:miejscIdTeryt>0619001</sln:miejscIdTeryt><sln:miejscNazwa>Lelitek</sln:miejscNazwa><sln:miejscRodzaj>Wieś</sln:miejscRodzaj><sln:powIIPId>06437711-b083-4479-a66e-e78888507e51</sln:powIIPId><sln:powIIPPn>PL.PZGIK.200</sln:powIIPPn><sln:powIIPWersja>2012-09-27T08:13:53+02:00</sln:powIIPWersja><sln:powIdTeryt>1423</sln:powIdTeryt><sln:powNazwa>przysuski</sln:powNazwa><sln:waznyOd>2014-04-07T00:00:00+02:00</sln:waznyOd><sln:wojIIPId>4b6c492a-eb04-441d-a92a-f44359c06de7</sln:wojIIPId><sln:wojIIPPn>PL.PZGIK.200</sln:wojIIPPn><sln:wojIIPWersja>2012-09-27T13:45:13+02:00</sln:wojIIPWersja><sln:wojIdTeryt>14</sln:wojIdTeryt><sln:wojNazwa>mazowieckie</sln:wojNazwa></sln:miejscowosc><sln:miejscowosc><sln:cyklZyciaOd>2017-03-24T00:00:00+01:00</sln:cyklZyciaOd><sln:gmIIPId>ee142280-2a17-406c-a228-95c9a075f3fc</sln:gmIIPId><sln:gmIIPPn>PL.PZGIK.200</sln:gmIIPPn><sln:gmIIPWersja>2012-09-26T22:55:00+02:00</sln:gmIIPWersja><sln:gmIdTeryt>1423022</sln:gmIdTeryt><sln:gmNazwa>Gielniów</sln:gmNazwa><sln:miejscIIPId>6f092924-d4cf-4261-bfe4-fb1950bf362c</sln:miejscIIPId><sln:miejscIIPPn>PL.PZGIK.200</sln:miejscIIPPn><sln:miejscIIPWersja>2017-03-24T17:52:41+02:00</sln:miejscIIPWersja><sln:miejscIdTeryt>0619018</sln:miejscIdTeryt><sln:miejscNazwa>Sołtysy</sln:miejscNazwa><sln:miejscRodzaj>Wieś</sln:miejscRodzaj><sln:powIIPId>06437711-b083-4479-a66e-e78888507e51</sln:powIIPId><sln:powIIPPn>PL.PZGIK.200</sln:powIIPPn><sln:powIIPWersja>2012-09-27T08:13:53+02:00</sln:powIIPWersja><sln:powIdTeryt>1423</sln:powIdTeryt><sln:powNazwa>przysuski</sln:powNazwa><sln:waznyOd>2014-04-07T00:00:00+02:00</sln:waznyOd><sln:wojIIPId>4b6c492a-eb04-441d-a92a-f44359c06de7</sln:wojIIPId><sln:wojIIPPn>PL.PZGIK.200</sln:wojIIPPn><sln:wojIIPWersja>2012-09-27T13:45:13+02:00</sln:wojIIPWersja><sln:wojIdTeryt>14</sln:wojIdTeryt><sln:wojNazwa>mazowieckie</sln:wojNazwa></sln:miejscowosc><sln:miejscowosc><sln:cyklZyciaOd>2017-03-24T00:00:00+01:00</sln:cyklZyciaOd><sln:gmIIPId>ee142280-2a17-406c-a228-95c9a075f3fc</sln:gmIIPId><sln:gmIIPPn>PL.PZGIK.200</sln:gmIIPPn><sln:gmIIPWersja>2012-09-26T22:55:00+02:00</sln:gmIIPWersja><sln:gmIdTeryt>1423022</sln:gmIdTeryt><sln:gmNazwa>Gielniów</sln:gmNazwa><sln:miejscIIPId>87493286-bf78-42c8-9bc8-0c7e50d3d842</sln:miejscIIPId><sln:miejscIIPPn>PL.PZGIK.200</sln:miejscIIPPn><sln:miejscIIPWersja>2017-03-24T17:52:41+02:00</sln:miejscIIPWersja><sln:miejscIdTeryt>0619024</sln:miejscIdTeryt><sln:miejscNazwa>Gościniec</sln:miejscNazwa><sln:miejscRodzaj>Inny obiekt</sln:miejscRodzaj><sln:powIIPId>06437711-b083-4479-a66e-e78888507e51</sln:powIIPId><sln:powIIPPn>PL.PZGIK.200</sln:powIIPPn><sln:powIIPWersja>2012-09-27T08:13:53+02:00</sln:powIIPWersja><sln:powIdTeryt>1423</sln:powIdTeryt><sln:powNazwa>przysuski</sln:powNazwa><sln:waznyOd>2014-04-07T00:00:00+02:00</sln:waznyOd><sln:wojIIPId>4b6c492a-eb04-441d-a92a-f44359c06de7</sln:wojIIPId><sln:wojIIPPn>PL.PZGIK.200</sln:wojIIPPn><sln:wojIIPWersja>2012-09-27T13:45:13+02:00</sln:wojIIPWersja><sln:wojIdTeryt>14</sln:wojIdTeryt><sln:wojNazwa>mazowieckie</sln:wojNazwa></sln:miejscowosc><sln:miejscowosc><sln:cyklZyciaOd>2017-03-24T00:00:00+01:00</sln:cyklZyciaOd><sln:gmIIPId>ee142280-2a17-406c-a228-95c9a075f3fc</sln:gmIIPId><sln:gmIIPPn>PL.PZGIK.200</sln:gmIIPPn><sln:gmIIPWersja>2012-09-26T22:55:00+02:00</sln:gmIIPWersja><sln:gmIdTeryt>1423022</sln:gmIdTeryt><sln:gmNazwa>Gielniów</sln:gmNazwa><sln:miejscIIPId>989984bb-843d-4786-9ed4-d7855e4a8c97</sln:miejscIIPId><sln:miejscIIPPn>PL.PZGIK.200</sln:miejscIIPPn><sln:miejscIIPWersja>2017-03-24T17:52:41+02:00</sln:miejscIIPWersja><sln:miejscIdTeryt>0619030</sln:miejscIdTeryt><sln:miejscNazwa>Góźdź</sln:miejscNazwa><sln:miejscRodzaj>Inny obiekt</sln:miejscRodzaj><sln:powIIPId>06437711-b083-4479-a66e-e78888507e51</sln:powIIPId><sln:powIIPPn>PL.PZGIK.200</sln:powIIPPn><sln:powIIPWersja>2012-09-27T08:13:53+02:00</sln:powIIPWersja><sln:powIdTeryt>1423</sln:powIdTeryt><sln:powNazwa>przysuski</sln:powNazwa><sln:waznyOd>2015-10-08T00:00:00+02:00</sln:waznyOd><sln:wojIIPId>4b6c492a-eb04-441d-a92a-f44359c06de7</sln:wojIIPId><sln:wojIIPPn>PL.PZGIK.200</sln:wojIIPPn><sln:wojIIPWersja>2012-09-27T13:45:13+02:00</sln:wojIIPWersja><sln:wojIdTeryt>14</sln:wojIdTeryt><sln:wojNazwa>mazowieckie</sln:wojNazwa></sln:miejscowosc><sln:miejscowosc><sln:cyklZyciaOd>2017-03-24T00:00:00+01:00</sln:cyklZyciaOd><sln:gmIIPId>ee142280-2a17-406c-a228-95c9a075f3fc</sln:gmIIPId><sln:gmIIPPn>PL.PZGIK.200</sln:gmIIPPn><sln:gmIIPWersja>2012-09-26T22:55:00+02:00</sln:gmIIPWersja><sln:gmIdTeryt>1423022</sln:gmIdTeryt><sln:gmNazwa>Gielniów</sln:gmNazwa><sln:miejscIIPId>b7e8c725-f6d2-48fd-8786-ab4e05c299a4</sln:miejscIIPId><sln:miejscIIPPn>PL.PZGIK.200</sln:miejscIIPPn><sln:miejscIIPWersja>2017-03-24T17:52:41+02:00</sln:miejscIIPWersja><sln:miejscIdTeryt>0619053</sln:miejscIdTeryt><sln:miejscNazwa>Stoczki</sln:miejscNazwa><sln:miejscRodzaj>Wieś</sln:miejscRodzaj><sln:powIIPId>06437711-b083-4479-a66e-e78888507e51</sln:powIIPId><sln:powIIPPn>PL.PZGIK.200</sln:powIIPPn><sln:powIIPWersja>2012-09-27T08:13:53+02:00</sln:powIIPWersja><sln:powIdTeryt>1423</sln:powIdTeryt><sln:powNazwa>przysuski</sln:powNazwa><sln:waznyOd>2014-04-07T00:00:00+02:00</sln:waznyOd><sln:wojIIPId>4b6c492a-eb04-441d-a92a-f44359c06de7</sln:wojIIPId><sln:wojIIPPn>PL.PZGIK.200</sln:wojIIPPn><sln:wojIIPWersja>2012-09-27T13:45:13+02:00</sln:wojIIPWersja><sln:wojIdTeryt>14</sln:wojIdTeryt><sln:wojNazwa>mazowieckie</sln:wojNazwa></sln:miejscowosc><sln:miejscowosc><sln:cyklZyciaOd>2017-03-24T00:00:00+01:00</sln:cyklZyciaOd><sln:gmIIPId>ee142280-2a17-406c-a228-95c9a075f3fc</sln:gmIIPId><sln:gmIIPPn>PL.PZGIK.200</sln:gmIIPPn><sln:gmIIPWersja>2012-09-26T22:55:00+02:00</sln:gmIIPWersja><sln:gmIdTeryt>1423022</sln:gmIdTeryt><sln:gmNazwa>Gielniów</sln:gmNazwa><sln:miejscIIPId>edb047e1-64d9-4724-8bcf-b0ae9c6893d2</sln:miejscIIPId><sln:miejscIIPPn>PL.PZGIK.200</sln:miejscIIPPn><sln:miejscIIPWersja>2017-03-24T17:52:41+02:00</sln:miejscIIPWersja><sln:miejscIdTeryt>0619076</sln:miejscIdTeryt><sln:miejscNazwa>Wywóz</sln:miejscNazwa><sln:miejscRodzaj>Wieś</sln:miejscRodzaj><sln:powIIPId>06437711-b083-4479-a66e-e78888507e51</sln:powIIPId><sln:powIIPPn>PL.PZGIK.200</sln:powIIPPn><sln:powIIPWersja>2012-09-27T08:13:53+02:00</sln:powIIPWersja><sln:powIdTeryt>1423</sln:powIdTeryt><sln:powNazwa>przysuski</sln:powNazwa><sln:waznyOd>2014-04-07T00:00:00+02:00</sln:waznyOd><sln:wojIIPId>4b6c492a-eb04-441d-a92a-f44359c06de7</sln:wojIIPId><sln:wojIIPPn>PL.PZGIK.200</sln:wojIIPPn><sln:wojIIPWersja>2012-09-27T13:45:13+02:00</sln:wojIIPWersja><sln:wojIdTeryt>14</sln:wojIdTeryt><sln:wojNazwa>mazowieckie</sln:wojNazwa></sln:miejscowosc><sln:miejscowosc><sln:cyklZyciaOd>2017-03-24T00:00:00+01:00</sln:cyklZyciaOd><sln:gmIIPId>ee142280-2a17-406c-a228-95c9a075f3fc</sln:gmIIPId><sln:gmIIPPn>PL.PZGIK.200</sln:gmIIPPn><sln:gmIIPWersja>2012-09-26T22:55:00+02:00</sln:gmIIPWersja><sln:gmIdTeryt>1423022</sln:gmIdTeryt><sln:gmNazwa>Gielniów</sln:gmNazwa><sln:miejscIIPId>2bf28d5d-41ae-4037-8921-dca556c0bc00</sln:miejscIIPId><sln:miejscIIPPn>PL.PZGIK.200</sln:miejscIIPPn><sln:miejscIIPWersja>2017-03-24T17:52:41+02:00</sln:miejscIIPWersja><sln:miejscIdTeryt>0619082</sln:miejscIdTeryt><sln:miejscNazwa>Pod Kluczową</sln:miejscNazwa><sln:miejscRodzaj>Inny obiekt</sln:miejscRodzaj><sln:powIIPId>06437711-b083-4479-a66e-e78888507e51</sln:powIIPId><sln:powIIPPn>PL.PZGIK.200</sln:powIIPPn><sln:powIIPWersja>2012-09-27T08:13:53+02:00</sln:powIIPWersja><sln:powIdTeryt>1423</sln:powIdTeryt><sln:powNazwa>przysuski</sln:powNazwa><sln:waznyOd>2014-04-07T00:00:00+02:00</sln:waznyOd><sln:wojIIPId>4b6c492a-eb04-441d-a92a-f44359c06de7</sln:wojIIPId><sln:wojIIPPn>PL.PZGIK.200</sln:wojIIPPn><sln:wojIIPWersja>2012-09-27T13:45:13+02:00</sln:wojIIPWersja><sln:wojIdTeryt>14</sln:wojIdTeryt><sln:wojNazwa>mazowieckie</sln:wojNazwa></sln:miejscowosc><sln:miejscowosc><sln:cyklZyciaOd>2017-03-24T00:00:00+01:00</sln:cyklZyciaOd><sln:gmIIPId>ee142280-2a17-406c-a228-95c9a075f3fc</sln:gmIIPId><sln:gmIIPPn>PL.PZGIK.200</sln:gmIIPPn><sln:gmIIPWersja>2012-09-26T22:55:00+02:00</sln:gmIIPWersja><sln:gmIdTeryt>1423022</sln:gmIdTeryt><sln:gmNazwa>Gielniów</sln:gmNazwa><sln:miejscIIPId>61876cb1-45b1-43ea-a063-8a0c6956e90e</sln:miejscIIPId><sln:miejscIIPPn>PL.PZGIK.200</sln:miejscIIPPn><sln:miejscIIPWersja>2017-03-24T17:52:41+02:00</sln:miejscIIPWersja><sln:miejscIdTeryt>0619099</sln:miejscIdTeryt><sln:miejscNazwa>Wywóz (kolonia)</sln:miejscNazwa><sln:miejscRodzaj>Kolonia</sln:miejscRodzaj><sln:powIIPId>06437711-b083-4479-a66e-e78888507e51</sln:powIIPId><sln:powIIPPn>PL.PZGIK.200</sln:powIIPPn><sln:powIIPWersja>2012-09-27T08:13:53+02:00</sln:powIIPWersja><sln:powIdTeryt>1423</sln:powIdTeryt><sln:powNazwa>przysuski</sln:powNazwa><sln:waznyOd>2015-10-08T00:00:00+02:00</sln:waznyOd><sln:wojIIPId>4b6c492a-eb04-441d-a92a-f44359c06de7</sln:wojIIPId><sln:wojIIPPn>PL.PZGIK.200</sln:wojIIPPn><sln:wojIIPWersja>2012-09-27T13:45:13+02:00</sln:wojIIPWersja><sln:wojIdTeryt>14</sln:wojIdTeryt><sln:wojNazwa>mazowieckie</sln:wojNazwa></sln:miejscowosc><sln:miejscowosc><sln:cyklZyciaOd>2017-03-24T00:00:00+01:00</sln:cyklZyciaOd><sln:gmIIPId>ee142280-2a17-406c-a228-95c9a075f3fc</sln:gmIIPId><sln:gmIIPPn>PL.PZGIK.200</sln:gmIIPPn><sln:gmIIPWersja>2012-09-26T22:55:00+02:00</sln:gmIIPWersja><sln:gmIdTeryt>1423022</sln:gmIdTeryt><sln:gmNazwa>Gielniów</sln:gmNazwa><sln:miejscIIPId>72a1ea43-cf62-47b8-ae20-b56e71a4b142</sln:miejscIIPId><sln:miejscIIPPn>PL.PZGIK.200</sln:miejscIIPPn><sln:miejscIIPWersja>2017-03-24T17:52:41+02:00</sln:miejscIIPWersja><sln:miejscIdTeryt>0619107</sln:miejscIdTeryt><sln:miejscNazwa>Zielonka</sln:miejscNazwa><sln:miejscRodzaj>Wieś</sln:miejscRodzaj><sln:powIIPId>06437711-b083-4479-a66e-e78888507e51</sln:powIIPId><sln:powIIPPn>PL.PZGIK.200</sln:powIIPPn><sln:powIIPWersja>2012-09-27T08:13:53+02:00</sln:powIIPWersja><sln:powIdTeryt>1423</sln:powIdTeryt><sln:powNazwa>przysuski</sln:powNazwa><sln:waznyOd>2014-04-07T00:00:00+02:00</sln:waznyOd><sln:wojIIPId>4b6c492a-eb04-441d-a92a-f44359c06de7</sln:wojIIPId><sln:wojIIPPn>PL.PZGIK.200</sln:wojIIPPn><sln:wojIIPWersja>2012-09-27T13:45:13+02:00</sln:wojIIPWersja><sln:wojIdTeryt>14</sln:wojIdTeryt><sln:wojNazwa>mazowieckie</sln:wojNazwa></sln:miejscowosc><sln:miejscowosc><sln:cyklZyciaOd>2017-03-24T00:00:00+01:00</sln:cyklZyciaOd><sln:gmIIPId>ee142280-2a17-406c-a228-95c9a075f3fc</sln:gmIIPId><sln:gmIIPPn>PL.PZGIK.200</sln:gmIIPPn><sln:gmIIPWersja>2012-09-26T22:55:00+02:00</sln:gmIIPWersja><sln:gmIdTeryt>1423022</sln:gmIdTeryt><sln:gmNazwa>Gielniów</sln:gmNazwa><sln:miejscIIPId>6934909c-3cc5-48eb-bea0-404d409476c6</sln:miejscIIPId><sln:miejscIIPPn>PL.PZGIK.200</sln:miejscIIPPn><sln:miejscIIPWersja>2017-03-24T17:52:41+02:00</sln:miejscIIPWersja><sln:miejscIdTeryt>0619113</sln:miejscIdTeryt><sln:miejscNazwa>Kluczowa</sln:miejscNazwa><sln:miejscRodzaj>Inny obiekt</sln:miejscRodzaj><sln:powIIPId>06437711-b083-4479-a66e-e78888507e51</sln:powIIPId><sln:powIIPPn>PL.PZGIK.200</sln:powIIPPn><sln:powIIPWersja>2012-09-27T08:13:53+02:00</sln:powIIPWersja><sln:powIdTeryt>1423</sln:powIdTeryt><sln:powNazwa>przysuski</sln:powNazwa><sln:waznyOd>2015-10-08T00:00:00+02:00</sln:waznyOd><sln:wojIIPId>4b6c492a-eb04-441d-a92a-f44359c06de7</sln:wojIIPId><sln:wojIIPPn>PL.PZGIK.200</sln:wojIIPPn><sln:wojIIPWersja>2012-09-27T13:45:13+02:00</sln:wojIIPWersja><sln:wojIdTeryt>14</sln:wojIdTeryt><sln:wojNazwa>mazowieckie</sln:wojNazwa></sln:miejscowosc><sln:miejscowosc><sln:cyklZyciaOd>2017-03-24T00:00:00+01:00</sln:cyklZyciaOd><sln:gmIIPId>ee142280-2a17-406c-a228-95c9a075f3fc</sln:gmIIPId><sln:gmIIPPn>PL.PZGIK.200</sln:gmIIPPn><sln:gmIIPWersja>2012-09-26T22:55:00+02:00</sln:gmIIPWersja><sln:gmIdTeryt>1423022</sln:gmIdTeryt><sln:gmNazwa>Gielniów</sln:gmNazwa><sln:miejscIIPId>95d1a267-34ec-40a1-93c1-4eba33955336</sln:miejscIIPId><sln:miejscIIPPn>PL.PZGIK.200</sln:miejscIIPPn><sln:miejscIIPWersja>2017-03-24T17:52:41+02:00</sln:miejscIIPWersja><sln:miejscIdTeryt>0619120</sln:miejscIdTeryt><sln:miejscNazwa>Wygoda</sln:miejscNazwa><sln:miejscRodzaj>Przysiółek</sln:miejscRodzaj><sln:powIIPId>06437711-b083-4479-a66e-e78888507e51</sln:powIIPId><sln:powIIPPn>PL.PZGIK.200</sln:powIIPPn><sln:powIIPWersja>2012-09-27T08:13:53+02:00</sln:powIIPWersja><sln:powIdTeryt>1423</sln:powIdTeryt><sln:powNazwa>przysuski</sln:powNazwa><sln:waznyOd>2015-10-08T00:00:00+02:00</sln:waznyOd><sln:wojIIPId>4b6c492a-eb04-441d-a92a-f44359c06de7</sln:wojIIPId><sln:wojIIPPn>PL.PZGIK.200</sln:wojIIPPn><sln:wojIIPWersja>2012-09-27T13:45:13+02:00</sln:wojIIPWersja><sln:wojIdTeryt>14</sln:wojIdTeryt><sln:wojNazwa>mazowieckie</sln:wojNazwa></sln:miejscowosc><sln:miejscowosc><sln:cyklZyciaOd>2017-03-24T00:00:00+01:00</sln:cyklZyciaOd><sln:gmIIPId>ee142280-2a17-406c-a228-95c9a075f3fc</sln:gmIIPId><sln:gmIIPPn>PL.PZGIK.200</sln:gmIIPPn><sln:gmIIPWersja>2012-09-26T22:55:00+02:00</sln:gmIIPWersja><sln:gmIdTeryt>1423022</sln:gmIdTeryt><sln:gmNazwa>Gielniów</sln:gmNazwa><sln:miejscIIPId>16dbba32-07bd-4e1e-bc4d-8dd3f2e203ae</sln:miejscIIPId><sln:miejscIIPPn>PL.PZGIK.200</sln:miejscIIPPn><sln:miejscIIPWersja>2017-03-24T17:52:42+02:00</sln:miejscIIPWersja><sln:miejscIdTeryt>0619136</sln:miejscIdTeryt><sln:miejscNazwa>Zygmuntów</sln:miejscNazwa><sln:miejscRodzaj>Wieś</sln:miejscRodzaj><sln:powIIPId>06437711-b083-4479-a66e-e78888507e51</sln:powIIPId><sln:powIIPPn>PL.PZGIK.200</sln:powIIPPn><sln:powIIPWersja>2012-09-27T08:13:53+02:00</sln:powIIPWersja><sln:powIdTeryt>1423</sln:powIdTeryt><sln:powNazwa>przysuski</sln:powNazwa><sln:waznyOd>2014-04-07T00:00:00+02:00</sln:waznyOd><sln:wojIIPId>4b6c492a-eb04-441d-a92a-f44359c06de7</sln:wojIIPId><sln:wojIIPPn>PL.PZGIK.200</sln:wojIIPPn><sln:wojIIPWersja>2012-09-27T13:45:13+02:00</sln:wojIIPWersja><sln:wojIdTeryt>14</sln:wojIdTeryt><sln:wojNazwa>mazowieckie</sln:wojNazwa></sln:miejscowosc><sln:miejscowosc><sln:cyklZyciaOd>2017-03-24T00:00:00+01:00</sln:cyklZyciaOd><sln:gmIIPId>ee142280-2a17-406c-a228-95c9a075f3fc</sln:gmIIPId><sln:gmIIPPn>PL.PZGIK.200</sln:gmIIPPn><sln:gmIIPWersja>2012-09-26T22:55:00+02:00</sln:gmIIPWersja><sln:gmIdTeryt>1423022</sln:gmIdTeryt><sln:gmNazwa>Gielniów</sln:gmNazwa><sln:miejscIIPId>d2701064-6526-4d18-86ef-1a57efeafa57</sln:miejscIIPId><sln:miejscIIPPn>PL.PZGIK.200</sln:miejscIIPPn><sln:miejscIIPWersja>2017-03-24T17:52:42+02:00</sln:miejscIIPWersja><sln:miejscNazwa>Puszcza Rozwadzka</sln:miejscNazwa><sln:miejscRodzaj>Inny obiekt</sln:miejscRodzaj><sln:powIIPId>06437711-b083-4479-a66e-e78888507e51</sln:powIIPId><sln:powIIPPn>PL.PZGIK.200</sln:powIIPPn><sln:powIIPWersja>2012-09-27T08:13:53+02:00</sln:powIIPWersja><sln:powIdTeryt>1423</sln:powIdTeryt><sln:powNazwa>przysuski</sln:powNazwa><sln:waznyOd>2017-02-17T00:00:00+01:00</sln:waznyOd><sln:wojIIPId>4b6c492a-eb04-441d-a92a-f44359c06de7</sln:wojIIPId><sln:wojIIPPn>PL.PZGIK.200</sln:wojIIPPn><sln:wojIIPWersja>2012-09-27T13:45:13+02:00</sln:wojIIPWersja><sln:wojIdTeryt>14</sln:wojIdTeryt><sln:wojNazwa>mazowieckie</sln:wojNazwa></sln:miejscowosc><sln:miejscowosc><sln:cyklZyciaOd>2017-05-18T00:00:00+02:00</sln:cyklZyciaOd><sln:gmIIPId>ee142280-2a17-406c-a228-95c9a075f3fc</sln:gmIIPId><sln:gmIIPPn>PL.PZGIK.200</sln:gmIIPPn><sln:gmIIPWersja>2012-09-26T22:55:00+02:00</sln:gmIIPWersja><sln:gmIdTeryt>1423022</sln:gmIdTeryt><sln:gmNazwa>Gielniów</sln:gmNazwa><sln:miejscIIPId>842516cd-d4f3-4de2-bf9a-394090bd739b</sln:miejscIIPId><sln:miejscIIPPn>PL.PZGIK.200</sln:miejscIIPPn><sln:miejscIIPWersja>2017-05-18T22:27:23+02:00</sln:miejscIIPWersja><sln:miejscNazwa>Puszcza Rozwadzka</sln:miejscNazwa><sln:miejscRodzaj>Inny obiekt</sln:miejscRodzaj><sln:powIIPId>06437711-b083-4479-a66e-e78888507e51</sln:powIIPId><sln:powIIPPn>PL.PZGIK.200</sln:powIIPPn><sln:powIIPWersja>2012-09-27T08:13:53+02:00</sln:powIIPWersja><sln:powIdTeryt>1423</sln:powIdTeryt><sln:powNazwa>przysuski</sln:powNazwa><sln:waznyOd>2017-02-17T00:00:00+01:00</sln:waznyOd><sln:wojIIPId>4b6c492a-eb04-441d-a92a-f44359c06de7</sln:wojIIPId><sln:wojIIPPn>PL.PZGIK.200</sln:wojIIPPn><sln:wojIIPWersja>2012-09-27T13:45:13+02:00</sln:wojIIPWersja><sln:wojIdTeryt>14</sln:wojIdTeryt><sln:wojNazwa>mazowieckie</sln:wojNazwa></sln:miejscowosc></sln:lista-miejscowosci>