<?xml version="1.0" encoding="UTF-8" standalone="yes"?><sln:lista-miejscowosci xmlns:srv="http://gugik.gov.pl/schemas/slowniki-service/1.0" xmlns:sln="http://gugik.gov.pl/schemas/slowniki-schema/1.0"><sln:miejscowosc><sln:cyklZyciaDo>2016-11-26T00:00:00+01:00</sln:cyklZyciaDo><sln:cyklZyciaOd>2014-09-29T00:00:00+02:00</sln:cyklZyciaOd><sln:gmIIPId>c9a49b25-9990-48a5-b9a8-fe3c69cbe1e0</sln:gmIIPId><sln:gmIIPPn>PL.PZGIK.200</sln:gmIIPPn><sln:gmIIPWersja>2012-09-26T21:56:57+02:00</sln:gmIIPWersja><sln:gmIdTeryt>1429022</sln:gmIdTeryt><sln:gmNazwa>Bielany</sln:gmNazwa><sln:miejscIIPId>d10094ad-d2f0-43d4-9d28-2297933a4767</sln:miejscIIPId><sln:miejscIIPPn>PL.PZGIK.200</sln:miejscIIPPn><sln:miejscIIPWersja>2016-11-24T13:28:03+02:00</sln:miejscIIPWersja><sln:miejscIdTeryt>0668287</sln:miejscIdTeryt><sln:miejscNazwa>Brodacze</sln:miejscNazwa><sln:miejscRodzaj>Wieś</sln:miejscRodzaj><sln:powIIPId>37611728-15db-4f04-9740-aaceff8e4a86</sln:powIIPId><sln:powIIPPn>PL.PZGIK.200</sln:powIIPPn><sln:powIIPWersja>2012-09-27T08:13:53+02:00</sln:powIIPWersja><sln:powIdTeryt>1429</sln:powIdTeryt><sln:powNazwa>sokołowski</sln:powNazwa><sln:wojIIPId>4b6c492a-eb04-441d-a92a-f44359c06de7</sln:wojIIPId><sln:wojIIPPn>PL.PZGIK.200</sln:wojIIPPn><sln:wojIIPWersja>2012-09-27T13:45:13+02:00</sln:wojIIPWersja><sln:wojIdTeryt>14</sln:wojIdTeryt><sln:wojNazwa>mazowieckie</sln:wojNazwa></sln:miejscowosc><sln:miejscowosc><sln:cyklZyciaDo>2016-11-26T00:00:00+01:00</sln:cyklZyciaDo><sln:cyklZyciaOd>2014-09-29T00:00:00+02:00</sln:cyklZyciaOd><sln:gmIIPId>c9a49b25-9990-48a5-b9a8-fe3c69cbe1e0</sln:gmIIPId><sln:gmIIPPn>PL.PZGIK.200</sln:gmIIPPn><sln:gmIIPWersja>2012-09-26T21:56:57+02:00</sln:gmIIPWersja><sln:gmIdTeryt>1429022</sln:gmIdTeryt><sln:gmNazwa>Bielany</sln:gmNazwa><sln:miejscIIPId>3966ec37-27ea-41ee-9325-b69bb2030c23</sln:miejscIIPId><sln:miejscIIPPn>PL.PZGIK.200</sln:miejscIIPPn><sln:miejscIIPWersja>2016-11-24T13:29:58+02:00</sln:miejscIIPWersja><sln:miejscIdTeryt>0668471</sln:miejscIdTeryt><sln:miejscNazwa>Ruciany</sln:miejscNazwa><sln:miejscRodzaj>Wieś</sln:miejscRodzaj><sln:powIIPId>37611728-15db-4f04-9740-aaceff8e4a86</sln:powIIPId><sln:powIIPPn>PL.PZGIK.200</sln:powIIPPn><sln:powIIPWersja>2012-09-27T08:13:53+02:00</sln:powIIPWersja><sln:powIdTeryt>1429</sln:powIdTeryt><sln:powNazwa>sokołowski</sln:powNazwa><sln:wojIIPId>4b6c492a-eb04-441d-a92a-f44359c06de7</sln:wojIIPId><sln:wojIIPPn>PL.PZGIK.200</sln:wojIIPPn><sln:wojIIPWersja>2012-09-27T13:45:13+02:00</sln:wojIIPWersja><sln:wojIdTeryt>14</sln:wojIdTeryt><sln:wojNazwa>mazowieckie</sln:wojNazwa></sln:miejscowosc><sln:miejscowosc><sln:cyklZyciaDo>2016-11-26T00:00:00+01:00</sln:cyklZyciaDo><sln:cyklZyciaOd>2014-09-29T00:00:00+02:00</sln:cyklZyciaOd><sln:gmIIPId>c9a49b25-9990-48a5-b9a8-fe3c69cbe1e0</sln:gmIIPId><sln:gmIIPPn>PL.PZGIK.200</sln:gmIIPPn><sln:gmIIPWersja>2012-09-26T21:56:57+02:00</sln:gmIIPWersja><sln:gmIdTeryt>1429022</sln:gmIdTeryt><sln:gmNazwa>Bielany</sln:gmNazwa><sln:miejscIIPId>277e9354-b5c6-4a6d-92e2-03b7d2523bdd</sln:miejscIIPId><sln:miejscIIPPn>PL.PZGIK.200</sln:miejscIIPPn><sln:miejscIIPWersja>2016-11-24T13:55:28+02:00</sln:miejscIIPWersja><sln:miejscIdTeryt>0668241</sln:miejscIdTeryt><sln:miejscNazwa>Bielany-Borysy</sln:miejscNazwa><sln:miejscRodzaj>Inny obiekt</sln:miejscRodzaj><sln:powIIPId>37611728-15db-4f04-9740-aaceff8e4a86</sln:powIIPId><sln:powIIPPn>PL.PZGIK.200</sln:powIIPPn><sln:powIIPWersja>2012-09-27T08:13:53+02:00</sln:powIIPWersja><sln:powIdTeryt>1429</sln:powIdTeryt><sln:powNazwa>sokołowski</sln:powNazwa><sln:wojIIPId>4b6c492a-eb04-441d-a92a-f44359c06de7</sln:wojIIPId><sln:wojIIPPn>PL.PZGIK.200</sln:wojIIPPn><sln:wojIIPWersja>2012-09-27T13:45:13+02:00</sln:wojIIPWersja><sln:wojIdTeryt>14</sln:wojIdTeryt><sln:wojNazwa>mazowieckie</sln:wojNazwa></sln:miejscowosc><sln:miejscowosc><sln:cyklZyciaDo>2016-11-26T00:00:00+01:00</sln:cyklZyciaDo><sln:cyklZyciaOd>2014-09-29T00:00:00+02:00</sln:cyklZyciaOd><sln:gmIIPId>c9a49b25-9990-48a5-b9a8-fe3c69cbe1e0</sln:gmIIPId><sln:gmIIPPn>PL.PZGIK.200</sln:gmIIPPn><sln:gmIIPWersja>2012-09-26T21:56:57+02:00</sln:gmIIPWersja><sln:gmIdTeryt>1429022</sln:gmIdTeryt><sln:gmNazwa>Bielany</sln:gmNazwa><sln:miejscIIPId>645ede12-8ce4-4638-ace1-552c06844213</sln:miejscIIPId><sln:miejscIIPPn>PL.PZGIK.200</sln:miejscIIPPn><sln:miejscIIPWersja>2016-11-24T13:40:35+02:00</sln:miejscIIPWersja><sln:miejscIdTeryt>0668360</sln:miejscIdTeryt><sln:miejscNazwa>Księżopole-Budki</sln:miejscNazwa><sln:miejscRodzaj>Wieś</sln:miejscRodzaj><sln:powIIPId>37611728-15db-4f04-9740-aaceff8e4a86</sln:powIIPId><sln:powIIPPn>PL.PZGIK.200</sln:powIIPPn><sln:powIIPWersja>2012-09-27T08:13:53+02:00</sln:powIIPWersja><sln:powIdTeryt>1429</sln:powIdTeryt><sln:powNazwa>sokołowski</sln:powNazwa><sln:wojIIPId>4b6c492a-eb04-441d-a92a-f44359c06de7</sln:wojIIPId><sln:wojIIPPn>PL.PZGIK.200</sln:wojIIPPn><sln:wojIIPWersja>2012-09-27T13:45:13+02:00</sln:wojIIPWersja><sln:wojIdTeryt>14</sln:wojIdTeryt><sln:wojNazwa>mazowieckie</sln:wojNazwa></sln:miejscowosc><sln:miejscowosc><sln:cyklZyciaDo>2016-11-26T00:00:00+01:00</sln:cyklZyciaDo><sln:cyklZyciaOd>2014-09-29T00:00:00+02:00</sln:cyklZyciaOd><sln:gmIIPId>c9a49b25-9990-48a5-b9a8-fe3c69cbe1e0</sln:gmIIPId><sln:gmIIPPn>PL.PZGIK.200</sln:gmIIPPn><sln:gmIIPWersja>2012-09-26T21:56:57+02:00</sln:gmIIPWersja><sln:gmIdTeryt>1429022</sln:gmIdTeryt><sln:gmNazwa>Bielany</sln:gmNazwa><sln:miejscIIPId>de12c941-453e-4d76-bfe1-4d42be447d2b</sln:miejscIIPId><sln:miejscIIPPn>PL.PZGIK.200</sln:miejscIIPPn><sln:miejscIIPWersja>2016-11-24T13:52:37+02:00</sln:miejscIIPWersja><sln:miejscIdTeryt>0668301</sln:miejscIdTeryt><sln:miejscNazwa>Mingosy</sln:miejscNazwa><sln:miejscRodzaj>Inny obiekt</sln:miejscRodzaj><sln:powIIPId>37611728-15db-4f04-9740-aaceff8e4a86</sln:powIIPId><sln:powIIPPn>PL.PZGIK.200</sln:powIIPPn><sln:powIIPWersja>2012-09-27T08:13:53+02:00</sln:powIIPWersja><sln:powIdTeryt>1429</sln:powIdTeryt><sln:powNazwa>sokołowski</sln:powNazwa><sln:wojIIPId>4b6c492a-eb04-441d-a92a-f44359c06de7</sln:wojIIPId><sln:wojIIPPn>PL.PZGIK.200</sln:wojIIPPn><sln:wojIIPWersja>2012-09-27T13:45:13+02:00</sln:wojIIPWersja><sln:wojIdTeryt>14</sln:wojIdTeryt><sln:wojNazwa>mazowieckie</sln:wojNazwa></sln:miejscowosc><sln:miejscowosc><sln:cyklZyciaDo>2016-11-26T00:00:00+01:00</sln:cyklZyciaDo><sln:cyklZyciaOd>2014-09-29T00:00:00+02:00</sln:cyklZyciaOd><sln:gmIIPId>c9a49b25-9990-48a5-b9a8-fe3c69cbe1e0</sln:gmIIPId><sln:gmIIPPn>PL.PZGIK.200</sln:gmIIPPn><sln:gmIIPWersja>2012-09-26T21:56:57+02:00</sln:gmIIPWersja><sln:gmIdTeryt>1429022</sln:gmIdTeryt><sln:gmNazwa>Bielany</sln:gmNazwa><sln:miejscIIPId>f15c324a-7076-4722-8a84-ddaf4495a291</sln:miejscIIPId><sln:miejscIIPPn>PL.PZGIK.200</sln:miejscIIPPn><sln:miejscIIPWersja>2016-11-24T13:39:47+02:00</sln:miejscIIPWersja><sln:miejscIdTeryt>0668324</sln:miejscIdTeryt><sln:miejscNazwa>Korabie</sln:miejscNazwa><sln:miejscRodzaj>Wieś</sln:miejscRodzaj><sln:powIIPId>37611728-15db-4f04-9740-aaceff8e4a86</sln:powIIPId><sln:powIIPPn>PL.PZGIK.200</sln:powIIPPn><sln:powIIPWersja>2012-09-27T08:13:53+02:00</sln:powIIPWersja><sln:powIdTeryt>1429</sln:powIdTeryt><sln:powNazwa>sokołowski</sln:powNazwa><sln:wojIIPId>4b6c492a-eb04-441d-a92a-f44359c06de7</sln:wojIIPId><sln:wojIIPPn>PL.PZGIK.200</sln:wojIIPPn><sln:wojIIPWersja>2012-09-27T13:45:13+02:00</sln:wojIIPWersja><sln:wojIdTeryt>14</sln:wojIdTeryt><sln:wojNazwa>mazowieckie</sln:wojNazwa></sln:miejscowosc><sln:miejscowosc><sln:cyklZyciaDo>2016-11-26T00:00:00+01:00</sln:cyklZyciaDo><sln:cyklZyciaOd>2014-09-29T00:00:00+02:00</sln:cyklZyciaOd><sln:gmIIPId>c9a49b25-9990-48a5-b9a8-fe3c69cbe1e0</sln:gmIIPId><sln:gmIIPPn>PL.PZGIK.200</sln:gmIIPPn><sln:gmIIPWersja>2012-09-26T21:56:57+02:00</sln:gmIIPWersja><sln:gmIdTeryt>1429022</sln:gmIdTeryt><sln:gmNazwa>Bielany</sln:gmNazwa><sln:miejscIIPId>aa611759-0d56-4265-96e3-bbea1f673d79</sln:miejscIIPId><sln:miejscIIPPn>PL.PZGIK.200</sln:miejscIIPPn><sln:miejscIIPWersja>2016-11-24T13:34:00+02:00</sln:miejscIIPWersja><sln:miejscIdTeryt>0668583</sln:miejscIdTeryt><sln:miejscNazwa>Wyszomierz</sln:miejscNazwa><sln:miejscRodzaj>Wieś</sln:miejscRodzaj><sln:powIIPId>37611728-15db-4f04-9740-aaceff8e4a86</sln:powIIPId><sln:powIIPPn>PL.PZGIK.200</sln:powIIPPn><sln:powIIPWersja>2012-09-27T08:13:53+02:00</sln:powIIPWersja><sln:powIdTeryt>1429</sln:powIdTeryt><sln:powNazwa>sokołowski</sln:powNazwa><sln:wojIIPId>4b6c492a-eb04-441d-a92a-f44359c06de7</sln:wojIIPId><sln:wojIIPPn>PL.PZGIK.200</sln:wojIIPPn><sln:wojIIPWersja>2012-09-27T13:45:13+02:00</sln:wojIIPWersja><sln:wojIdTeryt>14</sln:wojIdTeryt><sln:wojNazwa>mazowieckie</sln:wojNazwa></sln:miejscowosc><sln:miejscowosc><sln:cyklZyciaDo>2016-11-26T00:00:00+01:00</sln:cyklZyciaDo><sln:cyklZyciaOd>2014-09-29T00:00:00+02:00</sln:cyklZyciaOd><sln:gmIIPId>c9a49b25-9990-48a5-b9a8-fe3c69cbe1e0</sln:gmIIPId><sln:gmIIPPn>PL.PZGIK.200</sln:gmIIPPn><sln:gmIIPWersja>2012-09-26T21:56:57+02:00</sln:gmIIPWersja><sln:gmIdTeryt>1429022</sln:gmIdTeryt><sln:gmNazwa>Bielany</sln:gmNazwa><sln:miejscIIPId>ae801915-e8c3-4cab-9034-2991f7ad61fb</sln:miejscIIPId><sln:miejscIIPPn>PL.PZGIK.200</sln:miejscIIPPn><sln:miejscIIPWersja>2016-11-24T13:32:57+02:00</sln:miejscIIPWersja><sln:miejscIdTeryt>0668525</sln:miejscIdTeryt><sln:miejscNazwa>Wańtuchy</sln:miejscNazwa><sln:miejscRodzaj>Wieś</sln:miejscRodzaj><sln:powIIPId>37611728-15db-4f04-9740-aaceff8e4a86</sln:powIIPId><sln:powIIPPn>PL.PZGIK.200</sln:powIIPPn><sln:powIIPWersja>2012-09-27T08:13:53+02:00</sln:powIIPWersja><sln:powIdTeryt>1429</sln:powIdTeryt><sln:powNazwa>sokołowski</sln:powNazwa><sln:wojIIPId>4b6c492a-eb04-441d-a92a-f44359c06de7</sln:wojIIPId><sln:wojIIPPn>PL.PZGIK.200</sln:wojIIPPn><sln:wojIIPWersja>2012-09-27T13:45:13+02:00</sln:wojIIPWersja><sln:wojIdTeryt>14</sln:wojIdTeryt><sln:wojNazwa>mazowieckie</sln:wojNazwa></sln:miejscowosc><sln:miejscowosc><sln:cyklZyciaDo>2016-11-26T00:00:00+01:00</sln:cyklZyciaDo><sln:cyklZyciaOd>2014-09-29T00:00:00+02:00</sln:cyklZyciaOd><sln:gmIIPId>c9a49b25-9990-48a5-b9a8-fe3c69cbe1e0</sln:gmIIPId><sln:gmIIPPn>PL.PZGIK.200</sln:gmIIPPn><sln:gmIIPWersja>2012-09-26T21:56:57+02:00</sln:gmIIPWersja><sln:gmIdTeryt>1429022</sln:gmIdTeryt><sln:gmNazwa>Bielany</sln:gmNazwa><sln:miejscIIPId>b5d67bb4-e447-4885-8028-e8b65db06c10</sln:miejscIIPId><sln:miejscIIPPn>PL.PZGIK.200</sln:miejscIIPPn><sln:miejscIIPWersja>2016-11-24T13:30:37+02:00</sln:miejscIIPWersja><sln:miejscIdTeryt>0668494</sln:miejscIdTeryt><sln:miejscNazwa>Sikory</sln:miejscNazwa><sln:miejscRodzaj>Wieś</sln:miejscRodzaj><sln:powIIPId>37611728-15db-4f04-9740-aaceff8e4a86</sln:powIIPId><sln:powIIPPn>PL.PZGIK.200</sln:powIIPPn><sln:powIIPWersja>2012-09-27T08:13:53+02:00</sln:powIIPWersja><sln:powIdTeryt>1429</sln:powIdTeryt><sln:powNazwa>sokołowski</sln:powNazwa><sln:wojIIPId>4b6c492a-eb04-441d-a92a-f44359c06de7</sln:wojIIPId><sln:wojIIPPn>PL.PZGIK.200</sln:wojIIPPn><sln:wojIIPWersja>2012-09-27T13:45:13+02:00</sln:wojIIPWersja><sln:wojIdTeryt>14</sln:wojIdTeryt><sln:wojNazwa>mazowieckie</sln:wojNazwa></sln:miejscowosc><sln:miejscowosc><sln:cyklZyciaDo>2016-11-26T00:00:00+01:00</sln:cyklZyciaDo><sln:cyklZyciaOd>2014-09-29T00:00:00+02:00</sln:cyklZyciaOd><sln:gmIIPId>c9a49b25-9990-48a5-b9a8-fe3c69cbe1e0</sln:gmIIPId><sln:gmIIPPn>PL.PZGIK.200</sln:gmIIPPn><sln:gmIIPWersja>2012-09-26T21:56:57+02:00</sln:gmIIPWersja><sln:gmIdTeryt>1429022</sln:gmIdTeryt><sln:gmNazwa>Bielany</sln:gmNazwa><sln:miejscIIPId>f9e97085-b22f-47a6-8121-a6ac8110172d</sln:miejscIIPId><sln:miejscIIPPn>PL.PZGIK.200</sln:miejscIIPPn><sln:miejscIIPWersja>2016-11-24T13:46:18+02:00</sln:miejscIIPWersja><sln:miejscIdTeryt>0668488</sln:miejscIdTeryt><sln:miejscNazwa>Ruda-Kolonia</sln:miejscNazwa><sln:miejscRodzaj>Kolonia</sln:miejscRodzaj><sln:powIIPId>37611728-15db-4f04-9740-aaceff8e4a86</sln:powIIPId><sln:powIIPPn>PL.PZGIK.200</sln:powIIPPn><sln:powIIPWersja>2012-09-27T08:13:53+02:00</sln:powIIPWersja><sln:powIdTeryt>1429</sln:powIdTeryt><sln:powNazwa>sokołowski</sln:powNazwa><sln:wojIIPId>4b6c492a-eb04-441d-a92a-f44359c06de7</sln:wojIIPId><sln:wojIIPPn>PL.PZGIK.200</sln:wojIIPPn><sln:wojIIPWersja>2012-09-27T13:45:13+02:00</sln:wojIIPWersja><sln:wojIdTeryt>14</sln:wojIdTeryt><sln:wojNazwa>mazowieckie</sln:wojNazwa></sln:miejscowosc><sln:miejscowosc><sln:cyklZyciaDo>2016-11-26T00:00:00+01:00</sln:cyklZyciaDo><sln:cyklZyciaOd>2014-09-29T00:00:00+02:00</sln:cyklZyciaOd><sln:gmIIPId>c9a49b25-9990-48a5-b9a8-fe3c69cbe1e0</sln:gmIIPId><sln:gmIIPPn>PL.PZGIK.200</sln:gmIIPPn><sln:gmIIPWersja>2012-09-26T21:56:57+02:00</sln:gmIIPWersja><sln:gmIdTeryt>1429022</sln:gmIdTeryt><sln:gmNazwa>Bielany</sln:gmNazwa><sln:miejscIIPId>4f95f617-166f-43eb-b44e-518b1903417f</sln:miejscIIPId><sln:miejscIIPPn>PL.PZGIK.200</sln:miejscIIPPn><sln:miejscIIPWersja>2016-11-24T13:29:49+02:00</sln:miejscIIPWersja><sln:miejscIdTeryt>0668459</sln:miejscIdTeryt><sln:miejscNazwa>Rozbity Kamień</sln:miejscNazwa><sln:miejscRodzaj>Wieś</sln:miejscRodzaj><sln:powIIPId>37611728-15db-4f04-9740-aaceff8e4a86</sln:powIIPId><sln:powIIPPn>PL.PZGIK.200</sln:powIIPPn><sln:powIIPWersja>2012-09-27T08:13:53+02:00</sln:powIIPWersja><sln:powIdTeryt>1429</sln:powIdTeryt><sln:powNazwa>sokołowski</sln:powNazwa><sln:wojIIPId>4b6c492a-eb04-441d-a92a-f44359c06de7</sln:wojIIPId><sln:wojIIPPn>PL.PZGIK.200</sln:wojIIPPn><sln:wojIIPWersja>2012-09-27T13:45:13+02:00</sln:wojIIPWersja><sln:wojIdTeryt>14</sln:wojIdTeryt><sln:wojNazwa>mazowieckie</sln:wojNazwa></sln:miejscowosc><sln:miejscowosc><sln:cyklZyciaDo>2016-11-26T00:00:00+01:00</sln:cyklZyciaDo><sln:cyklZyciaOd>2014-09-29T00:00:00+02:00</sln:cyklZyciaOd><sln:gmIIPId>c9a49b25-9990-48a5-b9a8-fe3c69cbe1e0</sln:gmIIPId><sln:gmIIPPn>PL.PZGIK.200</sln:gmIIPPn><sln:gmIIPWersja>2012-09-26T21:56:57+02:00</sln:gmIIPWersja><sln:gmIdTeryt>1429022</sln:gmIdTeryt><sln:gmNazwa>Bielany</sln:gmNazwa><sln:miejscIIPId>96cfae2c-76ac-4902-98e7-fbc9fb975c6e</sln:miejscIIPId><sln:miejscIIPPn>PL.PZGIK.200</sln:miejscIIPPn><sln:miejscIIPWersja>2016-11-24T13:40:08+02:00</sln:miejscIIPWersja><sln:miejscIdTeryt>0668347</sln:miejscIdTeryt><sln:miejscNazwa>Kożuchów</sln:miejscNazwa><sln:miejscRodzaj>Wieś</sln:miejscRodzaj><sln:powIIPId>37611728-15db-4f04-9740-aaceff8e4a86</sln:powIIPId><sln:powIIPPn>PL.PZGIK.200</sln:powIIPPn><sln:powIIPWersja>2012-09-27T08:13:53+02:00</sln:powIIPWersja><sln:powIdTeryt>1429</sln:powIdTeryt><sln:powNazwa>sokołowski</sln:powNazwa><sln:wojIIPId>4b6c492a-eb04-441d-a92a-f44359c06de7</sln:wojIIPId><sln:wojIIPPn>PL.PZGIK.200</sln:wojIIPPn><sln:wojIIPWersja>2012-09-27T13:45:13+02:00</sln:wojIIPWersja><sln:wojIdTeryt>14</sln:wojIdTeryt><sln:wojNazwa>mazowieckie</sln:wojNazwa></sln:miejscowosc><sln:miejscowosc><sln:cyklZyciaDo>2016-11-26T00:00:00+01:00</sln:cyklZyciaDo><sln:cyklZyciaOd>2014-09-29T00:00:00+02:00</sln:cyklZyciaOd><sln:gmIIPId>c9a49b25-9990-48a5-b9a8-fe3c69cbe1e0</sln:gmIIPId><sln:gmIIPPn>PL.PZGIK.200</sln:gmIIPPn><sln:gmIIPWersja>2012-09-26T21:56:57+02:00</sln:gmIIPWersja><sln:gmIdTeryt>1429022</sln:gmIdTeryt><sln:gmNazwa>Bielany</sln:gmNazwa><sln:miejscIIPId>763bbab5-0d50-4d1b-aa98-dd462c2e276d</sln:miejscIIPId><sln:miejscIIPPn>PL.PZGIK.200</sln:miejscIIPPn><sln:miejscIIPWersja>2016-11-24T13:44:20+02:00</sln:miejscIIPWersja><sln:miejscIdTeryt>0668413</sln:miejscIdTeryt><sln:miejscNazwa>Paczuski Duże</sln:miejscNazwa><sln:miejscRodzaj>Wieś</sln:miejscRodzaj><sln:powIIPId>37611728-15db-4f04-9740-aaceff8e4a86</sln:powIIPId><sln:powIIPPn>PL.PZGIK.200</sln:powIIPPn><sln:powIIPWersja>2012-09-27T08:13:53+02:00</sln:powIIPWersja><sln:powIdTeryt>1429</sln:powIdTeryt><sln:powNazwa>sokołowski</sln:powNazwa><sln:wojIIPId>4b6c492a-eb04-441d-a92a-f44359c06de7</sln:wojIIPId><sln:wojIIPPn>PL.PZGIK.200</sln:wojIIPPn><sln:wojIIPWersja>2012-09-27T13:45:13+02:00</sln:wojIIPWersja><sln:wojIdTeryt>14</sln:wojIdTeryt><sln:wojNazwa>mazowieckie</sln:wojNazwa></sln:miejscowosc><sln:miejscowosc><sln:cyklZyciaDo>2016-11-26T00:00:00+01:00</sln:cyklZyciaDo><sln:cyklZyciaOd>2014-09-29T00:00:00+02:00</sln:cyklZyciaOd><sln:gmIIPId>c9a49b25-9990-48a5-b9a8-fe3c69cbe1e0</sln:gmIIPId><sln:gmIIPPn>PL.PZGIK.200</sln:gmIIPPn><sln:gmIIPWersja>2012-09-26T21:56:57+02:00</sln:gmIIPWersja><sln:gmIdTeryt>1429022</sln:gmIdTeryt><sln:gmNazwa>Bielany</sln:gmNazwa><sln:miejscIIPId>e3a96d23-e312-4cbb-b139-eb194bd75b5b</sln:miejscIIPId><sln:miejscIIPPn>PL.PZGIK.200</sln:miejscIIPPn><sln:miejscIIPWersja>2016-11-24T13:32:25+02:00</sln:miejscIIPWersja><sln:miejscIdTeryt>0668502</sln:miejscIdTeryt><sln:miejscNazwa>Trebień</sln:miejscNazwa><sln:miejscRodzaj>Wieś</sln:miejscRodzaj><sln:powIIPId>37611728-15db-4f04-9740-aaceff8e4a86</sln:powIIPId><sln:powIIPPn>PL.PZGIK.200</sln:powIIPPn><sln:powIIPWersja>2012-09-27T08:13:53+02:00</sln:powIIPWersja><sln:powIdTeryt>1429</sln:powIdTeryt><sln:powNazwa>sokołowski</sln:powNazwa><sln:wojIIPId>4b6c492a-eb04-441d-a92a-f44359c06de7</sln:wojIIPId><sln:wojIIPPn>PL.PZGIK.200</sln:wojIIPPn><sln:wojIIPWersja>2012-09-27T13:45:13+02:00</sln:wojIIPWersja><sln:wojIdTeryt>14</sln:wojIdTeryt><sln:wojNazwa>mazowieckie</sln:wojNazwa></sln:miejscowosc><sln:miejscowosc><sln:cyklZyciaDo>2016-11-26T00:00:00+01:00</sln:cyklZyciaDo><sln:cyklZyciaOd>2014-09-29T00:00:00+02:00</sln:cyklZyciaOd><sln:gmIIPId>c9a49b25-9990-48a5-b9a8-fe3c69cbe1e0</sln:gmIIPId><sln:gmIIPPn>PL.PZGIK.200</sln:gmIIPPn><sln:gmIIPWersja>2012-09-26T21:56:57+02:00</sln:gmIIPWersja><sln:gmIdTeryt>1429022</sln:gmIdTeryt><sln:gmNazwa>Bielany</sln:gmNazwa><sln:miejscIIPId>e86efdd3-923b-4438-9089-4186310f1b77</sln:miejscIIPId><sln:miejscIIPPn>PL.PZGIK.200</sln:miejscIIPPn><sln:miejscIIPWersja>2016-11-24T13:36:31+02:00</sln:miejscIIPWersja><sln:miejscIdTeryt>0668318</sln:miejscIdTeryt><sln:miejscNazwa>Dmochy-Rogale</sln:miejscNazwa><sln:miejscRodzaj>Wieś</sln:miejscRodzaj><sln:powIIPId>37611728-15db-4f04-9740-aaceff8e4a86</sln:powIIPId><sln:powIIPPn>PL.PZGIK.200</sln:powIIPPn><sln:powIIPWersja>2012-09-27T08:13:53+02:00</sln:powIIPWersja><sln:powIdTeryt>1429</sln:powIdTeryt><sln:powNazwa>sokołowski</sln:powNazwa><sln:wojIIPId>4b6c492a-eb04-441d-a92a-f44359c06de7</sln:wojIIPId><sln:wojIIPPn>PL.PZGIK.200</sln:wojIIPPn><sln:wojIIPWersja>2012-09-27T13:45:13+02:00</sln:wojIIPWersja><sln:wojIdTeryt>14</sln:wojIdTeryt><sln:wojNazwa>mazowieckie</sln:wojNazwa></sln:miejscowosc><sln:miejscowosc><sln:cyklZyciaDo>2016-11-26T00:00:00+01:00</sln:cyklZyciaDo><sln:cyklZyciaOd>2014-09-29T00:00:00+02:00</sln:cyklZyciaOd><sln:gmIIPId>c9a49b25-9990-48a5-b9a8-fe3c69cbe1e0</sln:gmIIPId><sln:gmIIPPn>PL.PZGIK.200</sln:gmIIPPn><sln:gmIIPWersja>2012-09-26T21:56:57+02:00</sln:gmIIPWersja><sln:gmIdTeryt>1429022</sln:gmIdTeryt><sln:gmNazwa>Bielany</sln:gmNazwa><sln:miejscIIPId>6decb431-3168-47b4-90e5-f3d39f3bcdd8</sln:miejscIIPId><sln:miejscIIPPn>PL.PZGIK.200</sln:miejscIIPPn><sln:miejscIIPWersja>2016-11-24T13:41:07+02:00</sln:miejscIIPWersja><sln:miejscIdTeryt>0668264</sln:miejscIdTeryt><sln:miejscNazwa>Błonie Duże</sln:miejscNazwa><sln:miejscRodzaj>Wieś</sln:miejscRodzaj><sln:powIIPId>37611728-15db-4f04-9740-aaceff8e4a86</sln:powIIPId><sln:powIIPPn>PL.PZGIK.200</sln:powIIPPn><sln:powIIPWersja>2012-09-27T08:13:53+02:00</sln:powIIPWersja><sln:powIdTeryt>1429</sln:powIdTeryt><sln:powNazwa>sokołowski</sln:powNazwa><sln:wojIIPId>4b6c492a-eb04-441d-a92a-f44359c06de7</sln:wojIIPId><sln:wojIIPPn>PL.PZGIK.200</sln:wojIIPPn><sln:wojIIPWersja>2012-09-27T13:45:13+02:00</sln:wojIIPWersja><sln:wojIdTeryt>14</sln:wojIdTeryt><sln:wojNazwa>mazowieckie</sln:wojNazwa></sln:miejscowosc><sln:miejscowosc><sln:cyklZyciaDo>2016-11-26T00:00:00+01:00</sln:cyklZyciaDo><sln:cyklZyciaOd>2014-09-29T00:00:00+02:00</sln:cyklZyciaOd><sln:gmIIPId>c9a49b25-9990-48a5-b9a8-fe3c69cbe1e0</sln:gmIIPId><sln:gmIIPPn>PL.PZGIK.200</sln:gmIIPPn><sln:gmIIPWersja>2012-09-26T21:56:57+02:00</sln:gmIIPWersja><sln:gmIdTeryt>1429022</sln:gmIdTeryt><sln:gmNazwa>Bielany</sln:gmNazwa><sln:miejscIIPId>905aacc3-65f6-4506-91c5-0eb13aa34541</sln:miejscIIPId><sln:miejscIIPPn>PL.PZGIK.200</sln:miejscIIPPn><sln:miejscIIPWersja>2016-11-24T13:36:31+02:00</sln:miejscIIPWersja><sln:miejscIdTeryt>0668293</sln:miejscIdTeryt><sln:miejscNazwa>Dmochy-Rętki</sln:miejscNazwa><sln:miejscRodzaj>Wieś</sln:miejscRodzaj><sln:powIIPId>37611728-15db-4f04-9740-aaceff8e4a86</sln:powIIPId><sln:powIIPPn>PL.PZGIK.200</sln:powIIPPn><sln:powIIPWersja>2012-09-27T08:13:53+02:00</sln:powIIPWersja><sln:powIdTeryt>1429</sln:powIdTeryt><sln:powNazwa>sokołowski</sln:powNazwa><sln:wojIIPId>4b6c492a-eb04-441d-a92a-f44359c06de7</sln:wojIIPId><sln:wojIIPPn>PL.PZGIK.200</sln:wojIIPPn><sln:wojIIPWersja>2012-09-27T13:45:13+02:00</sln:wojIIPWersja><sln:wojIdTeryt>14</sln:wojIdTeryt><sln:wojNazwa>mazowieckie</sln:wojNazwa></sln:miejscowosc><sln:miejscowosc><sln:cyklZyciaDo>2016-11-26T00:00:00+01:00</sln:cyklZyciaDo><sln:cyklZyciaOd>2014-09-29T00:00:00+02:00</sln:cyklZyciaOd><sln:gmIIPId>c9a49b25-9990-48a5-b9a8-fe3c69cbe1e0</sln:gmIIPId><sln:gmIIPPn>PL.PZGIK.200</sln:gmIIPPn><sln:gmIIPWersja>2012-09-26T21:56:57+02:00</sln:gmIIPWersja><sln:gmIdTeryt>1429022</sln:gmIdTeryt><sln:gmNazwa>Bielany</sln:gmNazwa><sln:miejscIIPId>705dda76-aef8-42bd-a8a2-0e0dac753ce3</sln:miejscIIPId><sln:miejscIIPPn>PL.PZGIK.200</sln:miejscIIPPn><sln:miejscIIPWersja>2016-11-24T13:59:22+02:00</sln:miejscIIPWersja><sln:miejscIdTeryt>0668442</sln:miejscIdTeryt><sln:miejscNazwa>Patrykozy-Kolonia</sln:miejscNazwa><sln:miejscRodzaj>Kolonia</sln:miejscRodzaj><sln:powIIPId>37611728-15db-4f04-9740-aaceff8e4a86</sln:powIIPId><sln:powIIPPn>PL.PZGIK.200</sln:powIIPPn><sln:powIIPWersja>2012-09-27T08:13:53+02:00</sln:powIIPWersja><sln:powIdTeryt>1429</sln:powIdTeryt><sln:powNazwa>sokołowski</sln:powNazwa><sln:wojIIPId>4b6c492a-eb04-441d-a92a-f44359c06de7</sln:wojIIPId><sln:wojIIPPn>PL.PZGIK.200</sln:wojIIPPn><sln:wojIIPWersja>2012-09-27T13:45:13+02:00</sln:wojIIPWersja><sln:wojIdTeryt>14</sln:wojIdTeryt><sln:wojNazwa>mazowieckie</sln:wojNazwa></sln:miejscowosc><sln:miejscowosc><sln:cyklZyciaDo>2016-11-26T00:00:00+01:00</sln:cyklZyciaDo><sln:cyklZyciaOd>2014-09-29T00:00:00+02:00</sln:cyklZyciaOd><sln:gmIIPId>c9a49b25-9990-48a5-b9a8-fe3c69cbe1e0</sln:gmIIPId><sln:gmIIPPn>PL.PZGIK.200</sln:gmIIPPn><sln:gmIIPWersja>2012-09-26T21:56:57+02:00</sln:gmIIPWersja><sln:gmIdTeryt>1429022</sln:gmIdTeryt><sln:gmNazwa>Bielany</sln:gmNazwa><sln:miejscIIPId>3e521125-1dcc-4ace-826e-005e618e4ddd</sln:miejscIIPId><sln:miejscIIPPn>PL.PZGIK.200</sln:miejscIIPPn><sln:miejscIIPWersja>2016-11-24T13:33:05+02:00</sln:miejscIIPWersja><sln:miejscIdTeryt>0668548</sln:miejscIdTeryt><sln:miejscNazwa>Wiechetki Duże</sln:miejscNazwa><sln:miejscRodzaj>Wieś</sln:miejscRodzaj><sln:powIIPId>37611728-15db-4f04-9740-aaceff8e4a86</sln:powIIPId><sln:powIIPPn>PL.PZGIK.200</sln:powIIPPn><sln:powIIPWersja>2012-09-27T08:13:53+02:00</sln:powIIPWersja><sln:powIdTeryt>1429</sln:powIdTeryt><sln:powNazwa>sokołowski</sln:powNazwa><sln:wojIIPId>4b6c492a-eb04-441d-a92a-f44359c06de7</sln:wojIIPId><sln:wojIIPPn>PL.PZGIK.200</sln:wojIIPPn><sln:wojIIPWersja>2012-09-27T13:45:13+02:00</sln:wojIIPWersja><sln:wojIdTeryt>14</sln:wojIdTeryt><sln:wojNazwa>mazowieckie</sln:wojNazwa></sln:miejscowosc><sln:miejscowosc><sln:cyklZyciaDo>2016-11-26T00:00:00+01:00</sln:cyklZyciaDo><sln:cyklZyciaOd>2014-09-29T00:00:00+02:00</sln:cyklZyciaOd><sln:gmIIPId>c9a49b25-9990-48a5-b9a8-fe3c69cbe1e0</sln:gmIIPId><sln:gmIIPPn>PL.PZGIK.200</sln:gmIIPPn><sln:gmIIPWersja>2012-09-26T21:56:57+02:00</sln:gmIIPWersja><sln:gmIdTeryt>1429022</sln:gmIdTeryt><sln:gmNazwa>Bielany</sln:gmNazwa><sln:miejscIIPId>a3482e24-28ff-485b-b24d-c33e8023cf8f</sln:miejscIIPId><sln:miejscIIPPn>PL.PZGIK.200</sln:miejscIIPPn><sln:miejscIIPWersja>2016-11-24T13:41:51+02:00</sln:miejscIIPWersja><sln:miejscIdTeryt>4001197</sln:miejscIdTeryt><sln:miejscNazwa>Mały Trebień</sln:miejscNazwa><sln:miejscRodzaj>Inny obiekt</sln:miejscRodzaj><sln:powIIPId>37611728-15db-4f04-9740-aaceff8e4a86</sln:powIIPId><sln:powIIPPn>PL.PZGIK.200</sln:powIIPPn><sln:powIIPWersja>2012-09-27T08:13:53+02:00</sln:powIIPWersja><sln:powIdTeryt>1429</sln:powIdTeryt><sln:powNazwa>sokołowski</sln:powNazwa><sln:wojIIPId>4b6c492a-eb04-441d-a92a-f44359c06de7</sln:wojIIPId><sln:wojIIPPn>PL.PZGIK.200</sln:wojIIPPn><sln:wojIIPWersja>2012-09-27T13:45:13+02:00</sln:wojIIPWersja><sln:wojIdTeryt>14</sln:wojIdTeryt><sln:wojNazwa>mazowieckie</sln:wojNazwa></sln:miejscowosc><sln:miejscowosc><sln:cyklZyciaDo>2016-11-26T00:00:00+01:00</sln:cyklZyciaDo><sln:cyklZyciaOd>2014-09-29T00:00:00+02:00</sln:cyklZyciaOd><sln:gmIIPId>c9a49b25-9990-48a5-b9a8-fe3c69cbe1e0</sln:gmIIPId><sln:gmIIPPn>PL.PZGIK.200</sln:gmIIPPn><sln:gmIIPWersja>2012-09-26T21:56:57+02:00</sln:gmIIPWersja><sln:gmIdTeryt>1429022</sln:gmIdTeryt><sln:gmNazwa>Bielany</sln:gmNazwa><sln:miejscIIPId>ffbc8334-5b81-41be-8614-2b3bcc0354b4</sln:miejscIIPId><sln:miejscIIPPn>PL.PZGIK.200</sln:miejscIIPPn><sln:miejscIIPWersja>2016-11-24T13:39:26+02:00</sln:miejscIIPWersja><sln:miejscIdTeryt>0668258</sln:miejscIdTeryt><sln:miejscNazwa>Bielany-Żyłaki</sln:miejscNazwa><sln:miejscRodzaj>Wieś</sln:miejscRodzaj><sln:powIIPId>37611728-15db-4f04-9740-aaceff8e4a86</sln:powIIPId><sln:powIIPPn>PL.PZGIK.200</sln:powIIPPn><sln:powIIPWersja>2012-09-27T08:13:53+02:00</sln:powIIPWersja><sln:powIdTeryt>1429</sln:powIdTeryt><sln:powNazwa>sokołowski</sln:powNazwa><sln:wojIIPId>4b6c492a-eb04-441d-a92a-f44359c06de7</sln:wojIIPId><sln:wojIIPPn>PL.PZGIK.200</sln:wojIIPPn><sln:wojIIPWersja>2012-09-27T13:45:13+02:00</sln:wojIIPWersja><sln:wojIdTeryt>14</sln:wojIdTeryt><sln:wojNazwa>mazowieckie</sln:wojNazwa></sln:miejscowosc><sln:miejscowosc><sln:cyklZyciaDo>2016-11-26T00:00:00+01:00</sln:cyklZyciaDo><sln:cyklZyciaOd>2014-09-29T00:00:00+02:00</sln:cyklZyciaOd><sln:gmIIPId>c9a49b25-9990-48a5-b9a8-fe3c69cbe1e0</sln:gmIIPId><sln:gmIIPPn>PL.PZGIK.200</sln:gmIIPPn><sln:gmIIPWersja>2012-09-26T21:56:57+02:00</sln:gmIIPWersja><sln:gmIdTeryt>1429022</sln:gmIdTeryt><sln:gmNazwa>Bielany</sln:gmNazwa><sln:miejscIIPId>3b0e164d-6751-4814-bfc7-39f269ac66b4</sln:miejscIIPId><sln:miejscIIPPn>PL.PZGIK.200</sln:miejscIIPPn><sln:miejscIIPWersja>2016-11-24T13:40:02+02:00</sln:miejscIIPWersja><sln:miejscIdTeryt>0668330</sln:miejscIdTeryt><sln:miejscNazwa>Kowiesy</sln:miejscNazwa><sln:miejscRodzaj>Wieś</sln:miejscRodzaj><sln:powIIPId>37611728-15db-4f04-9740-aaceff8e4a86</sln:powIIPId><sln:powIIPPn>PL.PZGIK.200</sln:powIIPPn><sln:powIIPWersja>2012-09-27T08:13:53+02:00</sln:powIIPWersja><sln:powIdTeryt>1429</sln:powIdTeryt><sln:powNazwa>sokołowski</sln:powNazwa><sln:wojIIPId>4b6c492a-eb04-441d-a92a-f44359c06de7</sln:wojIIPId><sln:wojIIPPn>PL.PZGIK.200</sln:wojIIPPn><sln:wojIIPWersja>2012-09-27T13:45:13+02:00</sln:wojIIPWersja><sln:wojIdTeryt>14</sln:wojIdTeryt><sln:wojNazwa>mazowieckie</sln:wojNazwa></sln:miejscowosc><sln:miejscowosc><sln:cyklZyciaDo>2016-11-26T00:00:00+01:00</sln:cyklZyciaDo><sln:cyklZyciaOd>2014-09-29T00:00:00+02:00</sln:cyklZyciaOd><sln:gmIIPId>c9a49b25-9990-48a5-b9a8-fe3c69cbe1e0</sln:gmIIPId><sln:gmIIPPn>PL.PZGIK.200</sln:gmIIPPn><sln:gmIIPWersja>2012-09-26T21:56:57+02:00</sln:gmIIPWersja><sln:gmIdTeryt>1429022</sln:gmIdTeryt><sln:gmNazwa>Bielany</sln:gmNazwa><sln:miejscIIPId>1c54234c-ed50-4edb-8cca-abaf51b99e46</sln:miejscIIPId><sln:miejscIIPPn>PL.PZGIK.200</sln:miejscIIPPn><sln:miejscIIPWersja>2016-11-24T13:44:28+02:00</sln:miejscIIPWersja><sln:miejscIdTeryt>0668436</sln:miejscIdTeryt><sln:miejscNazwa>Patrykozy</sln:miejscNazwa><sln:miejscRodzaj>Wieś</sln:miejscRodzaj><sln:powIIPId>37611728-15db-4f04-9740-aaceff8e4a86</sln:powIIPId><sln:powIIPPn>PL.PZGIK.200</sln:powIIPPn><sln:powIIPWersja>2012-09-27T08:13:53+02:00</sln:powIIPWersja><sln:powIdTeryt>1429</sln:powIdTeryt><sln:powNazwa>sokołowski</sln:powNazwa><sln:wojIIPId>4b6c492a-eb04-441d-a92a-f44359c06de7</sln:wojIIPId><sln:wojIIPPn>PL.PZGIK.200</sln:wojIIPPn><sln:wojIIPWersja>2012-09-27T13:45:13+02:00</sln:wojIIPWersja><sln:wojIdTeryt>14</sln:wojIdTeryt><sln:wojNazwa>mazowieckie</sln:wojNazwa></sln:miejscowosc><sln:miejscowosc><sln:cyklZyciaDo>2016-11-26T00:00:00+01:00</sln:cyklZyciaDo><sln:cyklZyciaOd>2014-09-29T00:00:00+02:00</sln:cyklZyciaOd><sln:gmIIPId>c9a49b25-9990-48a5-b9a8-fe3c69cbe1e0</sln:gmIIPId><sln:gmIIPPn>PL.PZGIK.200</sln:gmIIPPn><sln:gmIIPWersja>2012-09-26T21:56:57+02:00</sln:gmIIPWersja><sln:gmIdTeryt>1429022</sln:gmIdTeryt><sln:gmNazwa>Bielany</sln:gmNazwa><sln:miejscIIPId>ae2c3ab6-b6df-4948-a6b5-49f1f4f1120e</sln:miejscIIPId><sln:miejscIIPPn>PL.PZGIK.200</sln:miejscIIPPn><sln:miejscIIPWersja>2016-11-24T13:39:26+02:00</sln:miejscIIPWersja><sln:miejscIdTeryt>0668235</sln:miejscIdTeryt><sln:miejscNazwa>Bielany-Wąsy</sln:miejscNazwa><sln:miejscRodzaj>Wieś</sln:miejscRodzaj><sln:powIIPId>37611728-15db-4f04-9740-aaceff8e4a86</sln:powIIPId><sln:powIIPPn>PL.PZGIK.200</sln:powIIPPn><sln:powIIPWersja>2012-09-27T08:13:53+02:00</sln:powIIPWersja><sln:powIdTeryt>1429</sln:powIdTeryt><sln:powNazwa>sokołowski</sln:powNazwa><sln:wojIIPId>4b6c492a-eb04-441d-a92a-f44359c06de7</sln:wojIIPId><sln:wojIIPPn>PL.PZGIK.200</sln:wojIIPPn><sln:wojIIPWersja>2012-09-27T13:45:13+02:00</sln:wojIIPWersja><sln:wojIdTeryt>14</sln:wojIdTeryt><sln:wojNazwa>mazowieckie</sln:wojNazwa></sln:miejscowosc><sln:miejscowosc><sln:cyklZyciaDo>2016-11-26T00:00:00+01:00</sln:cyklZyciaDo><sln:cyklZyciaOd>2014-09-29T00:00:00+02:00</sln:cyklZyciaOd><sln:gmIIPId>c9a49b25-9990-48a5-b9a8-fe3c69cbe1e0</sln:gmIIPId><sln:gmIIPPn>PL.PZGIK.200</sln:gmIIPPn><sln:gmIIPWersja>2012-09-26T21:56:57+02:00</sln:gmIIPWersja><sln:gmIdTeryt>1429022</sln:gmIdTeryt><sln:gmNazwa>Bielany</sln:gmNazwa><sln:miejscIIPId>8511a8ca-77cd-49d3-97e1-bd5aef36ea78</sln:miejscIIPId><sln:miejscIIPPn>PL.PZGIK.200</sln:miejscIIPPn><sln:miejscIIPWersja>2016-11-24T13:40:35+02:00</sln:miejscIIPWersja><sln:miejscIdTeryt>0668382</sln:miejscIdTeryt><sln:miejscNazwa>Księżopole-Komory</sln:miejscNazwa><sln:miejscRodzaj>Wieś</sln:miejscRodzaj><sln:powIIPId>37611728-15db-4f04-9740-aaceff8e4a86</sln:powIIPId><sln:powIIPPn>PL.PZGIK.200</sln:powIIPPn><sln:powIIPWersja>2012-09-27T08:13:53+02:00</sln:powIIPWersja><sln:powIdTeryt>1429</sln:powIdTeryt><sln:powNazwa>sokołowski</sln:powNazwa><sln:wojIIPId>4b6c492a-eb04-441d-a92a-f44359c06de7</sln:wojIIPId><sln:wojIIPPn>PL.PZGIK.200</sln:wojIIPPn><sln:wojIIPWersja>2012-09-27T13:45:13+02:00</sln:wojIIPWersja><sln:wojIdTeryt>14</sln:wojIdTeryt><sln:wojNazwa>mazowieckie</sln:wojNazwa></sln:miejscowosc><sln:miejscowosc><sln:cyklZyciaDo>2016-11-26T00:00:00+01:00</sln:cyklZyciaDo><sln:cyklZyciaOd>2014-09-29T00:00:00+02:00</sln:cyklZyciaOd><sln:gmIIPId>c9a49b25-9990-48a5-b9a8-fe3c69cbe1e0</sln:gmIIPId><sln:gmIIPPn>PL.PZGIK.200</sln:gmIIPPn><sln:gmIIPWersja>2012-09-26T21:56:57+02:00</sln:gmIIPWersja><sln:gmIdTeryt>1429022</sln:gmIdTeryt><sln:gmNazwa>Bielany</sln:gmNazwa><sln:miejscIIPId>f9833a72-a024-46a5-97d4-c0cafd43e3f5</sln:miejscIIPId><sln:miejscIIPPn>PL.PZGIK.200</sln:miejscIIPPn><sln:miejscIIPWersja>2016-11-24T13:33:29+02:00</sln:miejscIIPWersja><sln:miejscIdTeryt>0668577</sln:miejscIdTeryt><sln:miejscNazwa>Wojewódki Górne</sln:miejscNazwa><sln:miejscRodzaj>Wieś</sln:miejscRodzaj><sln:powIIPId>37611728-15db-4f04-9740-aaceff8e4a86</sln:powIIPId><sln:powIIPPn>PL.PZGIK.200</sln:powIIPPn><sln:powIIPWersja>2012-09-27T08:13:53+02:00</sln:powIIPWersja><sln:powIdTeryt>1429</sln:powIdTeryt><sln:powNazwa>sokołowski</sln:powNazwa><sln:wojIIPId>4b6c492a-eb04-441d-a92a-f44359c06de7</sln:wojIIPId><sln:wojIIPPn>PL.PZGIK.200</sln:wojIIPPn><sln:wojIIPWersja>2012-09-27T13:45:13+02:00</sln:wojIIPWersja><sln:wojIdTeryt>14</sln:wojIdTeryt><sln:wojNazwa>mazowieckie</sln:wojNazwa></sln:miejscowosc><sln:miejscowosc><sln:cyklZyciaDo>2016-11-26T00:00:00+01:00</sln:cyklZyciaDo><sln:cyklZyciaOd>2014-09-29T00:00:00+02:00</sln:cyklZyciaOd><sln:gmIIPId>c9a49b25-9990-48a5-b9a8-fe3c69cbe1e0</sln:gmIIPId><sln:gmIIPPn>PL.PZGIK.200</sln:gmIIPPn><sln:gmIIPWersja>2012-09-26T21:56:57+02:00</sln:gmIIPWersja><sln:gmIdTeryt>1429022</sln:gmIdTeryt><sln:gmNazwa>Bielany</sln:gmNazwa><sln:miejscIIPId>0b1835cf-f8ed-4ce6-a603-4d16e78d2957</sln:miejscIIPId><sln:miejscIIPPn>PL.PZGIK.200</sln:miejscIIPPn><sln:miejscIIPWersja>2016-11-24T13:40:08+02:00</sln:miejscIIPWersja><sln:miejscIdTeryt>0668353</sln:miejscIdTeryt><sln:miejscNazwa>Kożuchówek</sln:miejscNazwa><sln:miejscRodzaj>Wieś</sln:miejscRodzaj><sln:powIIPId>37611728-15db-4f04-9740-aaceff8e4a86</sln:powIIPId><sln:powIIPPn>PL.PZGIK.200</sln:powIIPPn><sln:powIIPWersja>2012-09-27T08:13:53+02:00</sln:powIIPWersja><sln:powIdTeryt>1429</sln:powIdTeryt><sln:powNazwa>sokołowski</sln:powNazwa><sln:wojIIPId>4b6c492a-eb04-441d-a92a-f44359c06de7</sln:wojIIPId><sln:wojIIPPn>PL.PZGIK.200</sln:wojIIPPn><sln:wojIIPWersja>2012-09-27T13:45:13+02:00</sln:wojIIPWersja><sln:wojIdTeryt>14</sln:wojIdTeryt><sln:wojNazwa>mazowieckie</sln:wojNazwa></sln:miejscowosc><sln:miejscowosc><sln:cyklZyciaDo>2016-11-26T00:00:00+01:00</sln:cyklZyciaDo><sln:cyklZyciaOd>2014-09-29T00:00:00+02:00</sln:cyklZyciaOd><sln:gmIIPId>c9a49b25-9990-48a5-b9a8-fe3c69cbe1e0</sln:gmIIPId><sln:gmIIPPn>PL.PZGIK.200</sln:gmIIPPn><sln:gmIIPWersja>2012-09-26T21:56:57+02:00</sln:gmIIPWersja><sln:gmIdTeryt>1429022</sln:gmIdTeryt><sln:gmNazwa>Bielany</sln:gmNazwa><sln:miejscIIPId>7cb8748c-b3c4-4aa6-aed1-7de23df0cc07</sln:miejscIIPId><sln:miejscIIPPn>PL.PZGIK.200</sln:miejscIIPPn><sln:miejscIIPWersja>2016-11-24T13:33:05+02:00</sln:miejscIIPWersja><sln:miejscIdTeryt>0668554</sln:miejscIdTeryt><sln:miejscNazwa>Wiechetki Małe</sln:miejscNazwa><sln:miejscRodzaj>Wieś</sln:miejscRodzaj><sln:powIIPId>37611728-15db-4f04-9740-aaceff8e4a86</sln:powIIPId><sln:powIIPPn>PL.PZGIK.200</sln:powIIPPn><sln:powIIPWersja>2012-09-27T08:13:53+02:00</sln:powIIPWersja><sln:powIdTeryt>1429</sln:powIdTeryt><sln:powNazwa>sokołowski</sln:powNazwa><sln:wojIIPId>4b6c492a-eb04-441d-a92a-f44359c06de7</sln:wojIIPId><sln:wojIIPPn>PL.PZGIK.200</sln:wojIIPPn><sln:wojIIPWersja>2012-09-27T13:45:13+02:00</sln:wojIIPWersja><sln:wojIdTeryt>14</sln:wojIdTeryt><sln:wojNazwa>mazowieckie</sln:wojNazwa></sln:miejscowosc><sln:miejscowosc><sln:cyklZyciaDo>2016-11-26T00:00:00+01:00</sln:cyklZyciaDo><sln:cyklZyciaOd>2014-09-29T00:00:00+02:00</sln:cyklZyciaOd><sln:gmIIPId>c9a49b25-9990-48a5-b9a8-fe3c69cbe1e0</sln:gmIIPId><sln:gmIIPPn>PL.PZGIK.200</sln:gmIIPPn><sln:gmIIPWersja>2012-09-26T21:56:57+02:00</sln:gmIIPWersja><sln:gmIdTeryt>1429022</sln:gmIdTeryt><sln:gmNazwa>Bielany</sln:gmNazwa><sln:miejscIIPId>e2ad94dd-454e-49a8-9e8c-345bb21b1477</sln:miejscIIPId><sln:miejscIIPPn>PL.PZGIK.200</sln:miejscIIPPn><sln:miejscIIPWersja>2016-11-24T13:40:37+02:00</sln:miejscIIPWersja><sln:miejscIdTeryt>0668407</sln:miejscIdTeryt><sln:miejscNazwa>Kudelczyn</sln:miejscNazwa><sln:miejscRodzaj>Wieś</sln:miejscRodzaj><sln:powIIPId>37611728-15db-4f04-9740-aaceff8e4a86</sln:powIIPId><sln:powIIPPn>PL.PZGIK.200</sln:powIIPPn><sln:powIIPWersja>2012-09-27T08:13:53+02:00</sln:powIIPWersja><sln:powIdTeryt>1429</sln:powIdTeryt><sln:powNazwa>sokołowski</sln:powNazwa><sln:wojIIPId>4b6c492a-eb04-441d-a92a-f44359c06de7</sln:wojIIPId><sln:wojIIPPn>PL.PZGIK.200</sln:wojIIPPn><sln:wojIIPWersja>2012-09-27T13:45:13+02:00</sln:wojIIPWersja><sln:wojIdTeryt>14</sln:wojIdTeryt><sln:wojNazwa>mazowieckie</sln:wojNazwa></sln:miejscowosc><sln:miejscowosc><sln:cyklZyciaDo>2016-11-26T00:00:00+01:00</sln:cyklZyciaDo><sln:cyklZyciaOd>2014-09-29T00:00:00+02:00</sln:cyklZyciaOd><sln:gmIIPId>c9a49b25-9990-48a5-b9a8-fe3c69cbe1e0</sln:gmIIPId><sln:gmIIPPn>PL.PZGIK.200</sln:gmIIPPn><sln:gmIIPWersja>2012-09-26T21:56:57+02:00</sln:gmIIPWersja><sln:gmIdTeryt>1429022</sln:gmIdTeryt><sln:gmNazwa>Bielany</sln:gmNazwa><sln:miejscIIPId>6a2ebad7-ed86-4235-8e88-5a51d5d53b74</sln:miejscIIPId><sln:miejscIIPPn>PL.PZGIK.200</sln:miejscIIPPn><sln:miejscIIPWersja>2016-11-24T13:39:26+02:00</sln:miejscIIPWersja><sln:miejscIdTeryt>0668229</sln:miejscIdTeryt><sln:miejscNazwa>Bielany-Jarosławy</sln:miejscNazwa><sln:miejscRodzaj>Wieś</sln:miejscRodzaj><sln:powIIPId>37611728-15db-4f04-9740-aaceff8e4a86</sln:powIIPId><sln:powIIPPn>PL.PZGIK.200</sln:powIIPPn><sln:powIIPWersja>2012-09-27T08:13:53+02:00</sln:powIIPWersja><sln:powIdTeryt>1429</sln:powIdTeryt><sln:powNazwa>sokołowski</sln:powNazwa><sln:wojIIPId>4b6c492a-eb04-441d-a92a-f44359c06de7</sln:wojIIPId><sln:wojIIPPn>PL.PZGIK.200</sln:wojIIPPn><sln:wojIIPWersja>2012-09-27T13:45:13+02:00</sln:wojIIPWersja><sln:wojIdTeryt>14</sln:wojIdTeryt><sln:wojNazwa>mazowieckie</sln:wojNazwa></sln:miejscowosc><sln:miejscowosc><sln:cyklZyciaDo>2016-11-26T00:00:00+01:00</sln:cyklZyciaDo><sln:cyklZyciaOd>2014-09-29T00:00:00+02:00</sln:cyklZyciaOd><sln:gmIIPId>c9a49b25-9990-48a5-b9a8-fe3c69cbe1e0</sln:gmIIPId><sln:gmIIPPn>PL.PZGIK.200</sln:gmIIPPn><sln:gmIIPWersja>2012-09-26T21:56:57+02:00</sln:gmIIPWersja><sln:gmIdTeryt>1429022</sln:gmIdTeryt><sln:gmNazwa>Bielany</sln:gmNazwa><sln:miejscIIPId>5461eeef-3c88-476a-b722-7f140e964f2c</sln:miejscIIPId><sln:miejscIIPPn>PL.PZGIK.200</sln:miejscIIPPn><sln:miejscIIPWersja>2016-11-24T13:41:07+02:00</sln:miejscIIPWersja><sln:miejscIdTeryt>0668270</sln:miejscIdTeryt><sln:miejscNazwa>Błonie Małe</sln:miejscNazwa><sln:miejscRodzaj>Wieś</sln:miejscRodzaj><sln:powIIPId>37611728-15db-4f04-9740-aaceff8e4a86</sln:powIIPId><sln:powIIPPn>PL.PZGIK.200</sln:powIIPPn><sln:powIIPWersja>2012-09-27T08:13:53+02:00</sln:powIIPWersja><sln:powIdTeryt>1429</sln:powIdTeryt><sln:powNazwa>sokołowski</sln:powNazwa><sln:wojIIPId>4b6c492a-eb04-441d-a92a-f44359c06de7</sln:wojIIPId><sln:wojIIPPn>PL.PZGIK.200</sln:wojIIPPn><sln:wojIIPWersja>2012-09-27T13:45:13+02:00</sln:wojIIPWersja><sln:wojIdTeryt>14</sln:wojIdTeryt><sln:wojNazwa>mazowieckie</sln:wojNazwa></sln:miejscowosc><sln:miejscowosc><sln:cyklZyciaDo>2016-11-26T00:00:00+01:00</sln:cyklZyciaDo><sln:cyklZyciaOd>2014-09-29T00:00:00+02:00</sln:cyklZyciaOd><sln:gmIIPId>c9a49b25-9990-48a5-b9a8-fe3c69cbe1e0</sln:gmIIPId><sln:gmIIPPn>PL.PZGIK.200</sln:gmIIPPn><sln:gmIIPWersja>2012-09-26T21:56:57+02:00</sln:gmIIPWersja><sln:gmIdTeryt>1429022</sln:gmIdTeryt><sln:gmNazwa>Bielany</sln:gmNazwa><sln:miejscIIPId>a417a42d-a72e-4d5a-b658-632190580ea3</sln:miejscIIPId><sln:miejscIIPPn>PL.PZGIK.200</sln:miejscIIPPn><sln:miejscIIPWersja>2016-11-24T13:33:29+02:00</sln:miejscIIPWersja><sln:miejscIdTeryt>0668560</sln:miejscIdTeryt><sln:miejscNazwa>Wojewódki Dolne</sln:miejscNazwa><sln:miejscRodzaj>Wieś</sln:miejscRodzaj><sln:powIIPId>37611728-15db-4f04-9740-aaceff8e4a86</sln:powIIPId><sln:powIIPPn>PL.PZGIK.200</sln:powIIPPn><sln:powIIPWersja>2012-09-27T08:13:53+02:00</sln:powIIPWersja><sln:powIdTeryt>1429</sln:powIdTeryt><sln:powNazwa>sokołowski</sln:powNazwa><sln:wojIIPId>4b6c492a-eb04-441d-a92a-f44359c06de7</sln:wojIIPId><sln:wojIIPPn>PL.PZGIK.200</sln:wojIIPPn><sln:wojIIPWersja>2012-09-27T13:45:13+02:00</sln:wojIIPWersja><sln:wojIdTeryt>14</sln:wojIdTeryt><sln:wojNazwa>mazowieckie</sln:wojNazwa></sln:miejscowosc><sln:miejscowosc><sln:cyklZyciaDo>2016-11-26T00:00:00+01:00</sln:cyklZyciaDo><sln:cyklZyciaOd>2014-09-29T00:00:00+02:00</sln:cyklZyciaOd><sln:gmIIPId>c9a49b25-9990-48a5-b9a8-fe3c69cbe1e0</sln:gmIIPId><sln:gmIIPPn>PL.PZGIK.200</sln:gmIIPPn><sln:gmIIPWersja>2012-09-26T21:56:57+02:00</sln:gmIIPWersja><sln:gmIdTeryt>1429022</sln:gmIdTeryt><sln:gmNazwa>Bielany</sln:gmNazwa><sln:miejscIIPId>db11ba6a-7f92-46a9-a38d-cbb0714d4037</sln:miejscIIPId><sln:miejscIIPPn>PL.PZGIK.200</sln:miejscIIPPn><sln:miejscIIPWersja>2016-11-24T13:32:49+02:00</sln:miejscIIPWersja><sln:miejscIdTeryt>0668465</sln:miejscIdTeryt><sln:miejscNazwa>Urbanki</sln:miejscNazwa><sln:miejscRodzaj>Wieś</sln:miejscRodzaj><sln:powIIPId>37611728-15db-4f04-9740-aaceff8e4a86</sln:powIIPId><sln:powIIPPn>PL.PZGIK.200</sln:powIIPPn><sln:powIIPWersja>2012-09-27T08:13:53+02:00</sln:powIIPWersja><sln:powIdTeryt>1429</sln:powIdTeryt><sln:powNazwa>sokołowski</sln:powNazwa><sln:wojIIPId>4b6c492a-eb04-441d-a92a-f44359c06de7</sln:wojIIPId><sln:wojIIPPn>PL.PZGIK.200</sln:wojIIPPn><sln:wojIIPWersja>2012-09-27T13:45:13+02:00</sln:wojIIPWersja><sln:wojIdTeryt>14</sln:wojIdTeryt><sln:wojNazwa>mazowieckie</sln:wojNazwa></sln:miejscowosc><sln:miejscowosc><sln:cyklZyciaDo>2016-11-26T00:00:00+01:00</sln:cyklZyciaDo><sln:cyklZyciaOd>2014-09-29T00:00:00+02:00</sln:cyklZyciaOd><sln:gmIIPId>c9a49b25-9990-48a5-b9a8-fe3c69cbe1e0</sln:gmIIPId><sln:gmIIPPn>PL.PZGIK.200</sln:gmIIPPn><sln:gmIIPWersja>2012-09-26T21:56:57+02:00</sln:gmIIPWersja><sln:gmIdTeryt>1429022</sln:gmIdTeryt><sln:gmNazwa>Bielany</sln:gmNazwa><sln:miejscIIPId>6fc2ff21-70d3-4d2a-b818-172101506f9a</sln:miejscIIPId><sln:miejscIIPPn>PL.PZGIK.200</sln:miejscIIPPn><sln:miejscIIPWersja>2016-11-24T13:59:18+02:00</sln:miejscIIPWersja><sln:miejscIdTeryt>0668420</sln:miejscIdTeryt><sln:miejscNazwa>Paczuski Małe</sln:miejscNazwa><sln:miejscRodzaj>Inny obiekt</sln:miejscRodzaj><sln:powIIPId>37611728-15db-4f04-9740-aaceff8e4a86</sln:powIIPId><sln:powIIPPn>PL.PZGIK.200</sln:powIIPPn><sln:powIIPWersja>2012-09-27T08:13:53+02:00</sln:powIIPWersja><sln:powIdTeryt>1429</sln:powIdTeryt><sln:powNazwa>sokołowski</sln:powNazwa><sln:wojIIPId>4b6c492a-eb04-441d-a92a-f44359c06de7</sln:wojIIPId><sln:wojIIPPn>PL.PZGIK.200</sln:wojIIPPn><sln:wojIIPWersja>2012-09-27T13:45:13+02:00</sln:wojIIPWersja><sln:wojIdTeryt>14</sln:wojIdTeryt><sln:wojNazwa>mazowieckie</sln:wojNazwa></sln:miejscowosc><sln:miejscowosc><sln:cyklZyciaOd>2016-11-26T00:00:00+01:00</sln:cyklZyciaOd><sln:gmIIPId>c9a49b25-9990-48a5-b9a8-fe3c69cbe1e0</sln:gmIIPId><sln:gmIIPPn>PL.PZGIK.200</sln:gmIIPPn><sln:gmIIPWersja>2012-09-26T21:56:57+02:00</sln:gmIIPWersja><sln:gmIdTeryt>1429022</sln:gmIdTeryt><sln:gmNazwa>Bielany</sln:gmNazwa><sln:miejscIIPId>d10094ad-d2f0-43d4-9d28-2297933a4767</sln:miejscIIPId><sln:miejscIIPPn>PL.PZGIK.200</sln:miejscIIPPn><sln:miejscIIPWersja>2016-11-26T16:40:00+02:00</sln:miejscIIPWersja><sln:miejscIdTeryt>0668287</sln:miejscIdTeryt><sln:miejscNazwa>Brodacze</sln:miejscNazwa><sln:miejscRodzaj>Wieś</sln:miejscRodzaj><sln:powIIPId>37611728-15db-4f04-9740-aaceff8e4a86</sln:powIIPId><sln:powIIPPn>PL.PZGIK.200</sln:powIIPPn><sln:powIIPWersja>2012-09-27T08:13:53+02:00</sln:powIIPWersja><sln:powIdTeryt>1429</sln:powIdTeryt><sln:powNazwa>sokołowski</sln:powNazwa><sln:wojIIPId>4b6c492a-eb04-441d-a92a-f44359c06de7</sln:wojIIPId><sln:wojIIPPn>PL.PZGIK.200</sln:wojIIPPn><sln:wojIIPWersja>2012-09-27T13:45:13+02:00</sln:wojIIPWersja><sln:wojIdTeryt>14</sln:wojIdTeryt><sln:wojNazwa>mazowieckie</sln:wojNazwa></sln:miejscowosc><sln:miejscowosc><sln:cyklZyciaOd>2016-11-26T00:00:00+01:00</sln:cyklZyciaOd><sln:gmIIPId>c9a49b25-9990-48a5-b9a8-fe3c69cbe1e0</sln:gmIIPId><sln:gmIIPPn>PL.PZGIK.200</sln:gmIIPPn><sln:gmIIPWersja>2012-09-26T21:56:57+02:00</sln:gmIIPWersja><sln:gmIdTeryt>1429022</sln:gmIdTeryt><sln:gmNazwa>Bielany</sln:gmNazwa><sln:miejscIIPId>4f95f617-166f-43eb-b44e-518b1903417f</sln:miejscIIPId><sln:miejscIIPPn>PL.PZGIK.200</sln:miejscIIPPn><sln:miejscIIPWersja>2016-11-26T16:40:06+02:00</sln:miejscIIPWersja><sln:miejscIdTeryt>0668459</sln:miejscIdTeryt><sln:miejscNazwa>Rozbity Kamień</sln:miejscNazwa><sln:miejscRodzaj>Wieś</sln:miejscRodzaj><sln:powIIPId>37611728-15db-4f04-9740-aaceff8e4a86</sln:powIIPId><sln:powIIPPn>PL.PZGIK.200</sln:powIIPPn><sln:powIIPWersja>2012-09-27T08:13:53+02:00</sln:powIIPWersja><sln:powIdTeryt>1429</sln:powIdTeryt><sln:powNazwa>sokołowski</sln:powNazwa><sln:wojIIPId>4b6c492a-eb04-441d-a92a-f44359c06de7</sln:wojIIPId><sln:wojIIPPn>PL.PZGIK.200</sln:wojIIPPn><sln:wojIIPWersja>2012-09-27T13:45:13+02:00</sln:wojIIPWersja><sln:wojIdTeryt>14</sln:wojIdTeryt><sln:wojNazwa>mazowieckie</sln:wojNazwa></sln:miejscowosc><sln:miejscowosc><sln:cyklZyciaOd>2016-11-26T00:00:00+01:00</sln:cyklZyciaOd><sln:gmIIPId>c9a49b25-9990-48a5-b9a8-fe3c69cbe1e0</sln:gmIIPId><sln:gmIIPPn>PL.PZGIK.200</sln:gmIIPPn><sln:gmIIPWersja>2012-09-26T21:56:57+02:00</sln:gmIIPWersja><sln:gmIdTeryt>1429022</sln:gmIdTeryt><sln:gmNazwa>Bielany</sln:gmNazwa><sln:miejscIIPId>3966ec37-27ea-41ee-9325-b69bb2030c23</sln:miejscIIPId><sln:miejscIIPPn>PL.PZGIK.200</sln:miejscIIPPn><sln:miejscIIPWersja>2016-11-26T16:40:06+02:00</sln:miejscIIPWersja><sln:miejscIdTeryt>0668471</sln:miejscIdTeryt><sln:miejscNazwa>Ruciany</sln:miejscNazwa><sln:miejscRodzaj>Wieś</sln:miejscRodzaj><sln:powIIPId>37611728-15db-4f04-9740-aaceff8e4a86</sln:powIIPId><sln:powIIPPn>PL.PZGIK.200</sln:powIIPPn><sln:powIIPWersja>2012-09-27T08:13:53+02:00</sln:powIIPWersja><sln:powIdTeryt>1429</sln:powIdTeryt><sln:powNazwa>sokołowski</sln:powNazwa><sln:wojIIPId>4b6c492a-eb04-441d-a92a-f44359c06de7</sln:wojIIPId><sln:wojIIPPn>PL.PZGIK.200</sln:wojIIPPn><sln:wojIIPWersja>2012-09-27T13:45:13+02:00</sln:wojIIPWersja><sln:wojIdTeryt>14</sln:wojIdTeryt><sln:wojNazwa>mazowieckie</sln:wojNazwa></sln:miejscowosc><sln:miejscowosc><sln:cyklZyciaOd>2016-11-26T00:00:00+01:00</sln:cyklZyciaOd><sln:gmIIPId>c9a49b25-9990-48a5-b9a8-fe3c69cbe1e0</sln:gmIIPId><sln:gmIIPPn>PL.PZGIK.200</sln:gmIIPPn><sln:gmIIPWersja>2012-09-26T21:56:57+02:00</sln:gmIIPWersja><sln:gmIdTeryt>1429022</sln:gmIdTeryt><sln:gmNazwa>Bielany</sln:gmNazwa><sln:miejscIIPId>b5d67bb4-e447-4885-8028-e8b65db06c10</sln:miejscIIPId><sln:miejscIIPPn>PL.PZGIK.200</sln:miejscIIPPn><sln:miejscIIPWersja>2016-11-26T16:40:06+02:00</sln:miejscIIPWersja><sln:miejscIdTeryt>0668494</sln:miejscIdTeryt><sln:miejscNazwa>Sikory</sln:miejscNazwa><sln:miejscRodzaj>Wieś</sln:miejscRodzaj><sln:powIIPId>37611728-15db-4f04-9740-aaceff8e4a86</sln:powIIPId><sln:powIIPPn>PL.PZGIK.200</sln:powIIPPn><sln:powIIPWersja>2012-09-27T08:13:53+02:00</sln:powIIPWersja><sln:powIdTeryt>1429</sln:powIdTeryt><sln:powNazwa>sokołowski</sln:powNazwa><sln:wojIIPId>4b6c492a-eb04-441d-a92a-f44359c06de7</sln:wojIIPId><sln:wojIIPPn>PL.PZGIK.200</sln:wojIIPPn><sln:wojIIPWersja>2012-09-27T13:45:13+02:00</sln:wojIIPWersja><sln:wojIdTeryt>14</sln:wojIdTeryt><sln:wojNazwa>mazowieckie</sln:wojNazwa></sln:miejscowosc><sln:miejscowosc><sln:cyklZyciaOd>2016-11-26T00:00:00+01:00</sln:cyklZyciaOd><sln:gmIIPId>c9a49b25-9990-48a5-b9a8-fe3c69cbe1e0</sln:gmIIPId><sln:gmIIPPn>PL.PZGIK.200</sln:gmIIPPn><sln:gmIIPWersja>2012-09-26T21:56:57+02:00</sln:gmIIPWersja><sln:gmIdTeryt>1429022</sln:gmIdTeryt><sln:gmNazwa>Bielany</sln:gmNazwa><sln:miejscIIPId>e3a96d23-e312-4cbb-b139-eb194bd75b5b</sln:miejscIIPId><sln:miejscIIPPn>PL.PZGIK.200</sln:miejscIIPPn><sln:miejscIIPWersja>2016-11-26T16:40:07+02:00</sln:miejscIIPWersja><sln:miejscIdTeryt>0668502</sln:miejscIdTeryt><sln:miejscNazwa>Trebień</sln:miejscNazwa><sln:miejscRodzaj>Wieś</sln:miejscRodzaj><sln:powIIPId>37611728-15db-4f04-9740-aaceff8e4a86</sln:powIIPId><sln:powIIPPn>PL.PZGIK.200</sln:powIIPPn><sln:powIIPWersja>2012-09-27T08:13:53+02:00</sln:powIIPWersja><sln:powIdTeryt>1429</sln:powIdTeryt><sln:powNazwa>sokołowski</sln:powNazwa><sln:wojIIPId>4b6c492a-eb04-441d-a92a-f44359c06de7</sln:wojIIPId><sln:wojIIPPn>PL.PZGIK.200</sln:wojIIPPn><sln:wojIIPWersja>2012-09-27T13:45:13+02:00</sln:wojIIPWersja><sln:wojIdTeryt>14</sln:wojIdTeryt><sln:wojNazwa>mazowieckie</sln:wojNazwa></sln:miejscowosc><sln:miejscowosc><sln:cyklZyciaOd>2016-11-26T00:00:00+01:00</sln:cyklZyciaOd><sln:gmIIPId>c9a49b25-9990-48a5-b9a8-fe3c69cbe1e0</sln:gmIIPId><sln:gmIIPPn>PL.PZGIK.200</sln:gmIIPPn><sln:gmIIPWersja>2012-09-26T21:56:57+02:00</sln:gmIIPWersja><sln:gmIdTeryt>1429022</sln:gmIdTeryt><sln:gmNazwa>Bielany</sln:gmNazwa><sln:miejscIIPId>db11ba6a-7f92-46a9-a38d-cbb0714d4037</sln:miejscIIPId><sln:miejscIIPPn>PL.PZGIK.200</sln:miejscIIPPn><sln:miejscIIPWersja>2016-11-26T16:40:07+02:00</sln:miejscIIPWersja><sln:miejscIdTeryt>0668465</sln:miejscIdTeryt><sln:miejscNazwa>Urbanki</sln:miejscNazwa><sln:miejscRodzaj>Wieś</sln:miejscRodzaj><sln:powIIPId>37611728-15db-4f04-9740-aaceff8e4a86</sln:powIIPId><sln:powIIPPn>PL.PZGIK.200</sln:powIIPPn><sln:powIIPWersja>2012-09-27T08:13:53+02:00</sln:powIIPWersja><sln:powIdTeryt>1429</sln:powIdTeryt><sln:powNazwa>sokołowski</sln:powNazwa><sln:wojIIPId>4b6c492a-eb04-441d-a92a-f44359c06de7</sln:wojIIPId><sln:wojIIPPn>PL.PZGIK.200</sln:wojIIPPn><sln:wojIIPWersja>2012-09-27T13:45:13+02:00</sln:wojIIPWersja><sln:wojIdTeryt>14</sln:wojIdTeryt><sln:wojNazwa>mazowieckie</sln:wojNazwa></sln:miejscowosc><sln:miejscowosc><sln:cyklZyciaOd>2016-11-26T00:00:00+01:00</sln:cyklZyciaOd><sln:gmIIPId>c9a49b25-9990-48a5-b9a8-fe3c69cbe1e0</sln:gmIIPId><sln:gmIIPPn>PL.PZGIK.200</sln:gmIIPPn><sln:gmIIPWersja>2012-09-26T21:56:57+02:00</sln:gmIIPWersja><sln:gmIdTeryt>1429022</sln:gmIdTeryt><sln:gmNazwa>Bielany</sln:gmNazwa><sln:miejscIIPId>ae801915-e8c3-4cab-9034-2991f7ad61fb</sln:miejscIIPId><sln:miejscIIPPn>PL.PZGIK.200</sln:miejscIIPPn><sln:miejscIIPWersja>2016-11-26T16:40:07+02:00</sln:miejscIIPWersja><sln:miejscIdTeryt>0668525</sln:miejscIdTeryt><sln:miejscNazwa>Wańtuchy</sln:miejscNazwa><sln:miejscRodzaj>Wieś</sln:miejscRodzaj><sln:powIIPId>37611728-15db-4f04-9740-aaceff8e4a86</sln:powIIPId><sln:powIIPPn>PL.PZGIK.200</sln:powIIPPn><sln:powIIPWersja>2012-09-27T08:13:53+02:00</sln:powIIPWersja><sln:powIdTeryt>1429</sln:powIdTeryt><sln:powNazwa>sokołowski</sln:powNazwa><sln:wojIIPId>4b6c492a-eb04-441d-a92a-f44359c06de7</sln:wojIIPId><sln:wojIIPPn>PL.PZGIK.200</sln:wojIIPPn><sln:wojIIPWersja>2012-09-27T13:45:13+02:00</sln:wojIIPWersja><sln:wojIdTeryt>14</sln:wojIdTeryt><sln:wojNazwa>mazowieckie</sln:wojNazwa></sln:miejscowosc><sln:miejscowosc><sln:cyklZyciaOd>2016-11-26T00:00:00+01:00</sln:cyklZyciaOd><sln:gmIIPId>c9a49b25-9990-48a5-b9a8-fe3c69cbe1e0</sln:gmIIPId><sln:gmIIPPn>PL.PZGIK.200</sln:gmIIPPn><sln:gmIIPWersja>2012-09-26T21:56:57+02:00</sln:gmIIPWersja><sln:gmIdTeryt>1429022</sln:gmIdTeryt><sln:gmNazwa>Bielany</sln:gmNazwa><sln:miejscIIPId>3e521125-1dcc-4ace-826e-005e618e4ddd</sln:miejscIIPId><sln:miejscIIPPn>PL.PZGIK.200</sln:miejscIIPPn><sln:miejscIIPWersja>2016-11-26T16:40:07+02:00</sln:miejscIIPWersja><sln:miejscIdTeryt>0668548</sln:miejscIdTeryt><sln:miejscNazwa>Wiechetki Duże</sln:miejscNazwa><sln:miejscRodzaj>Wieś</sln:miejscRodzaj><sln:powIIPId>37611728-15db-4f04-9740-aaceff8e4a86</sln:powIIPId><sln:powIIPPn>PL.PZGIK.200</sln:powIIPPn><sln:powIIPWersja>2012-09-27T08:13:53+02:00</sln:powIIPWersja><sln:powIdTeryt>1429</sln:powIdTeryt><sln:powNazwa>sokołowski</sln:powNazwa><sln:wojIIPId>4b6c492a-eb04-441d-a92a-f44359c06de7</sln:wojIIPId><sln:wojIIPPn>PL.PZGIK.200</sln:wojIIPPn><sln:wojIIPWersja>2012-09-27T13:45:13+02:00</sln:wojIIPWersja><sln:wojIdTeryt>14</sln:wojIdTeryt><sln:wojNazwa>mazowieckie</sln:wojNazwa></sln:miejscowosc><sln:miejscowosc><sln:cyklZyciaOd>2016-11-26T00:00:00+01:00</sln:cyklZyciaOd><sln:gmIIPId>c9a49b25-9990-48a5-b9a8-fe3c69cbe1e0</sln:gmIIPId><sln:gmIIPPn>PL.PZGIK.200</sln:gmIIPPn><sln:gmIIPWersja>2012-09-26T21:56:57+02:00</sln:gmIIPWersja><sln:gmIdTeryt>1429022</sln:gmIdTeryt><sln:gmNazwa>Bielany</sln:gmNazwa><sln:miejscIIPId>7cb8748c-b3c4-4aa6-aed1-7de23df0cc07</sln:miejscIIPId><sln:miejscIIPPn>PL.PZGIK.200</sln:miejscIIPPn><sln:miejscIIPWersja>2016-11-26T16:40:07+02:00</sln:miejscIIPWersja><sln:miejscIdTeryt>0668554</sln:miejscIdTeryt><sln:miejscNazwa>Wiechetki Małe</sln:miejscNazwa><sln:miejscRodzaj>Wieś</sln:miejscRodzaj><sln:powIIPId>37611728-15db-4f04-9740-aaceff8e4a86</sln:powIIPId><sln:powIIPPn>PL.PZGIK.200</sln:powIIPPn><sln:powIIPWersja>2012-09-27T08:13:53+02:00</sln:powIIPWersja><sln:powIdTeryt>1429</sln:powIdTeryt><sln:powNazwa>sokołowski</sln:powNazwa><sln:wojIIPId>4b6c492a-eb04-441d-a92a-f44359c06de7</sln:wojIIPId><sln:wojIIPPn>PL.PZGIK.200</sln:wojIIPPn><sln:wojIIPWersja>2012-09-27T13:45:13+02:00</sln:wojIIPWersja><sln:wojIdTeryt>14</sln:wojIdTeryt><sln:wojNazwa>mazowieckie</sln:wojNazwa></sln:miejscowosc><sln:miejscowosc><sln:cyklZyciaOd>2016-11-26T00:00:00+01:00</sln:cyklZyciaOd><sln:gmIIPId>c9a49b25-9990-48a5-b9a8-fe3c69cbe1e0</sln:gmIIPId><sln:gmIIPPn>PL.PZGIK.200</sln:gmIIPPn><sln:gmIIPWersja>2012-09-26T21:56:57+02:00</sln:gmIIPWersja><sln:gmIdTeryt>1429022</sln:gmIdTeryt><sln:gmNazwa>Bielany</sln:gmNazwa><sln:miejscIIPId>a417a42d-a72e-4d5a-b658-632190580ea3</sln:miejscIIPId><sln:miejscIIPPn>PL.PZGIK.200</sln:miejscIIPPn><sln:miejscIIPWersja>2016-11-26T16:40:07+02:00</sln:miejscIIPWersja><sln:miejscIdTeryt>0668560</sln:miejscIdTeryt><sln:miejscNazwa>Wojewódki Dolne</sln:miejscNazwa><sln:miejscRodzaj>Wieś</sln:miejscRodzaj><sln:powIIPId>37611728-15db-4f04-9740-aaceff8e4a86</sln:powIIPId><sln:powIIPPn>PL.PZGIK.200</sln:powIIPPn><sln:powIIPWersja>2012-09-27T08:13:53+02:00</sln:powIIPWersja><sln:powIdTeryt>1429</sln:powIdTeryt><sln:powNazwa>sokołowski</sln:powNazwa><sln:wojIIPId>4b6c492a-eb04-441d-a92a-f44359c06de7</sln:wojIIPId><sln:wojIIPPn>PL.PZGIK.200</sln:wojIIPPn><sln:wojIIPWersja>2012-09-27T13:45:13+02:00</sln:wojIIPWersja><sln:wojIdTeryt>14</sln:wojIdTeryt><sln:wojNazwa>mazowieckie</sln:wojNazwa></sln:miejscowosc><sln:miejscowosc><sln:cyklZyciaOd>2016-11-26T00:00:00+01:00</sln:cyklZyciaOd><sln:gmIIPId>c9a49b25-9990-48a5-b9a8-fe3c69cbe1e0</sln:gmIIPId><sln:gmIIPPn>PL.PZGIK.200</sln:gmIIPPn><sln:gmIIPWersja>2012-09-26T21:56:57+02:00</sln:gmIIPWersja><sln:gmIdTeryt>1429022</sln:gmIdTeryt><sln:gmNazwa>Bielany</sln:gmNazwa><sln:miejscIIPId>f9833a72-a024-46a5-97d4-c0cafd43e3f5</sln:miejscIIPId><sln:miejscIIPPn>PL.PZGIK.200</sln:miejscIIPPn><sln:miejscIIPWersja>2016-11-26T16:40:07+02:00</sln:miejscIIPWersja><sln:miejscIdTeryt>0668577</sln:miejscIdTeryt><sln:miejscNazwa>Wojewódki Górne</sln:miejscNazwa><sln:miejscRodzaj>Wieś</sln:miejscRodzaj><sln:powIIPId>37611728-15db-4f04-9740-aaceff8e4a86</sln:powIIPId><sln:powIIPPn>PL.PZGIK.200</sln:powIIPPn><sln:powIIPWersja>2012-09-27T08:13:53+02:00</sln:powIIPWersja><sln:powIdTeryt>1429</sln:powIdTeryt><sln:powNazwa>sokołowski</sln:powNazwa><sln:wojIIPId>4b6c492a-eb04-441d-a92a-f44359c06de7</sln:wojIIPId><sln:wojIIPPn>PL.PZGIK.200</sln:wojIIPPn><sln:wojIIPWersja>2012-09-27T13:45:13+02:00</sln:wojIIPWersja><sln:wojIdTeryt>14</sln:wojIdTeryt><sln:wojNazwa>mazowieckie</sln:wojNazwa></sln:miejscowosc><sln:miejscowosc><sln:cyklZyciaOd>2016-11-26T00:00:00+01:00</sln:cyklZyciaOd><sln:gmIIPId>c9a49b25-9990-48a5-b9a8-fe3c69cbe1e0</sln:gmIIPId><sln:gmIIPPn>PL.PZGIK.200</sln:gmIIPPn><sln:gmIIPWersja>2012-09-26T21:56:57+02:00</sln:gmIIPWersja><sln:gmIdTeryt>1429022</sln:gmIdTeryt><sln:gmNazwa>Bielany</sln:gmNazwa><sln:miejscIIPId>aa611759-0d56-4265-96e3-bbea1f673d79</sln:miejscIIPId><sln:miejscIIPPn>PL.PZGIK.200</sln:miejscIIPPn><sln:miejscIIPWersja>2016-11-26T16:40:07+02:00</sln:miejscIIPWersja><sln:miejscIdTeryt>0668583</sln:miejscIdTeryt><sln:miejscNazwa>Wyszomierz</sln:miejscNazwa><sln:miejscRodzaj>Wieś</sln:miejscRodzaj><sln:powIIPId>37611728-15db-4f04-9740-aaceff8e4a86</sln:powIIPId><sln:powIIPPn>PL.PZGIK.200</sln:powIIPPn><sln:powIIPWersja>2012-09-27T08:13:53+02:00</sln:powIIPWersja><sln:powIdTeryt>1429</sln:powIdTeryt><sln:powNazwa>sokołowski</sln:powNazwa><sln:wojIIPId>4b6c492a-eb04-441d-a92a-f44359c06de7</sln:wojIIPId><sln:wojIIPPn>PL.PZGIK.200</sln:wojIIPPn><sln:wojIIPWersja>2012-09-27T13:45:13+02:00</sln:wojIIPWersja><sln:wojIdTeryt>14</sln:wojIdTeryt><sln:wojNazwa>mazowieckie</sln:wojNazwa></sln:miejscowosc><sln:miejscowosc><sln:cyklZyciaOd>2016-11-26T00:00:00+01:00</sln:cyklZyciaOd><sln:gmIIPId>c9a49b25-9990-48a5-b9a8-fe3c69cbe1e0</sln:gmIIPId><sln:gmIIPPn>PL.PZGIK.200</sln:gmIIPPn><sln:gmIIPWersja>2012-09-26T21:56:57+02:00</sln:gmIIPWersja><sln:gmIdTeryt>1429022</sln:gmIdTeryt><sln:gmNazwa>Bielany</sln:gmNazwa><sln:miejscIIPId>905aacc3-65f6-4506-91c5-0eb13aa34541</sln:miejscIIPId><sln:miejscIIPPn>PL.PZGIK.200</sln:miejscIIPPn><sln:miejscIIPWersja>2016-11-26T16:40:07+02:00</sln:miejscIIPWersja><sln:miejscIdTeryt>0668293</sln:miejscIdTeryt><sln:miejscNazwa>Dmochy-Rętki</sln:miejscNazwa><sln:miejscRodzaj>Wieś</sln:miejscRodzaj><sln:powIIPId>37611728-15db-4f04-9740-aaceff8e4a86</sln:powIIPId><sln:powIIPPn>PL.PZGIK.200</sln:powIIPPn><sln:powIIPWersja>2012-09-27T08:13:53+02:00</sln:powIIPWersja><sln:powIdTeryt>1429</sln:powIdTeryt><sln:powNazwa>sokołowski</sln:powNazwa><sln:wojIIPId>4b6c492a-eb04-441d-a92a-f44359c06de7</sln:wojIIPId><sln:wojIIPPn>PL.PZGIK.200</sln:wojIIPPn><sln:wojIIPWersja>2012-09-27T13:45:13+02:00</sln:wojIIPWersja><sln:wojIdTeryt>14</sln:wojIdTeryt><sln:wojNazwa>mazowieckie</sln:wojNazwa></sln:miejscowosc><sln:miejscowosc><sln:cyklZyciaOd>2016-11-26T00:00:00+01:00</sln:cyklZyciaOd><sln:gmIIPId>c9a49b25-9990-48a5-b9a8-fe3c69cbe1e0</sln:gmIIPId><sln:gmIIPPn>PL.PZGIK.200</sln:gmIIPPn><sln:gmIIPWersja>2012-09-26T21:56:57+02:00</sln:gmIIPWersja><sln:gmIdTeryt>1429022</sln:gmIdTeryt><sln:gmNazwa>Bielany</sln:gmNazwa><sln:miejscIIPId>e86efdd3-923b-4438-9089-4186310f1b77</sln:miejscIIPId><sln:miejscIIPPn>PL.PZGIK.200</sln:miejscIIPPn><sln:miejscIIPWersja>2016-11-26T16:40:07+02:00</sln:miejscIIPWersja><sln:miejscIdTeryt>0668318</sln:miejscIdTeryt><sln:miejscNazwa>Dmochy-Rogale</sln:miejscNazwa><sln:miejscRodzaj>Wieś</sln:miejscRodzaj><sln:powIIPId>37611728-15db-4f04-9740-aaceff8e4a86</sln:powIIPId><sln:powIIPPn>PL.PZGIK.200</sln:powIIPPn><sln:powIIPWersja>2012-09-27T08:13:53+02:00</sln:powIIPWersja><sln:powIdTeryt>1429</sln:powIdTeryt><sln:powNazwa>sokołowski</sln:powNazwa><sln:wojIIPId>4b6c492a-eb04-441d-a92a-f44359c06de7</sln:wojIIPId><sln:wojIIPPn>PL.PZGIK.200</sln:wojIIPPn><sln:wojIIPWersja>2012-09-27T13:45:13+02:00</sln:wojIIPWersja><sln:wojIdTeryt>14</sln:wojIdTeryt><sln:wojNazwa>mazowieckie</sln:wojNazwa></sln:miejscowosc><sln:miejscowosc><sln:cyklZyciaOd>2016-11-26T00:00:00+01:00</sln:cyklZyciaOd><sln:gmIIPId>c9a49b25-9990-48a5-b9a8-fe3c69cbe1e0</sln:gmIIPId><sln:gmIIPPn>PL.PZGIK.200</sln:gmIIPPn><sln:gmIIPWersja>2012-09-26T21:56:57+02:00</sln:gmIIPWersja><sln:gmIdTeryt>1429022</sln:gmIdTeryt><sln:gmNazwa>Bielany</sln:gmNazwa><sln:miejscIIPId>6a2ebad7-ed86-4235-8e88-5a51d5d53b74</sln:miejscIIPId><sln:miejscIIPPn>PL.PZGIK.200</sln:miejscIIPPn><sln:miejscIIPWersja>2016-11-26T16:40:07+02:00</sln:miejscIIPWersja><sln:miejscIdTeryt>0668229</sln:miejscIdTeryt><sln:miejscNazwa>Bielany-Jarosławy</sln:miejscNazwa><sln:miejscRodzaj>Wieś</sln:miejscRodzaj><sln:powIIPId>37611728-15db-4f04-9740-aaceff8e4a86</sln:powIIPId><sln:powIIPPn>PL.PZGIK.200</sln:powIIPPn><sln:powIIPWersja>2012-09-27T08:13:53+02:00</sln:powIIPWersja><sln:powIdTeryt>1429</sln:powIdTeryt><sln:powNazwa>sokołowski</sln:powNazwa><sln:wojIIPId>4b6c492a-eb04-441d-a92a-f44359c06de7</sln:wojIIPId><sln:wojIIPPn>PL.PZGIK.200</sln:wojIIPPn><sln:wojIIPWersja>2012-09-27T13:45:13+02:00</sln:wojIIPWersja><sln:wojIdTeryt>14</sln:wojIdTeryt><sln:wojNazwa>mazowieckie</sln:wojNazwa></sln:miejscowosc><sln:miejscowosc><sln:cyklZyciaOd>2016-11-26T00:00:00+01:00</sln:cyklZyciaOd><sln:gmIIPId>c9a49b25-9990-48a5-b9a8-fe3c69cbe1e0</sln:gmIIPId><sln:gmIIPPn>PL.PZGIK.200</sln:gmIIPPn><sln:gmIIPWersja>2012-09-26T21:56:57+02:00</sln:gmIIPWersja><sln:gmIdTeryt>1429022</sln:gmIdTeryt><sln:gmNazwa>Bielany</sln:gmNazwa><sln:miejscIIPId>ae2c3ab6-b6df-4948-a6b5-49f1f4f1120e</sln:miejscIIPId><sln:miejscIIPPn>PL.PZGIK.200</sln:miejscIIPPn><sln:miejscIIPWersja>2016-11-26T16:40:07+02:00</sln:miejscIIPWersja><sln:miejscIdTeryt>0668235</sln:miejscIdTeryt><sln:miejscNazwa>Bielany-Wąsy</sln:miejscNazwa><sln:miejscRodzaj>Wieś</sln:miejscRodzaj><sln:powIIPId>37611728-15db-4f04-9740-aaceff8e4a86</sln:powIIPId><sln:powIIPPn>PL.PZGIK.200</sln:powIIPPn><sln:powIIPWersja>2012-09-27T08:13:53+02:00</sln:powIIPWersja><sln:powIdTeryt>1429</sln:powIdTeryt><sln:powNazwa>sokołowski</sln:powNazwa><sln:wojIIPId>4b6c492a-eb04-441d-a92a-f44359c06de7</sln:wojIIPId><sln:wojIIPPn>PL.PZGIK.200</sln:wojIIPPn><sln:wojIIPWersja>2012-09-27T13:45:13+02:00</sln:wojIIPWersja><sln:wojIdTeryt>14</sln:wojIdTeryt><sln:wojNazwa>mazowieckie</sln:wojNazwa></sln:miejscowosc><sln:miejscowosc><sln:cyklZyciaOd>2016-11-26T00:00:00+01:00</sln:cyklZyciaOd><sln:gmIIPId>c9a49b25-9990-48a5-b9a8-fe3c69cbe1e0</sln:gmIIPId><sln:gmIIPPn>PL.PZGIK.200</sln:gmIIPPn><sln:gmIIPWersja>2012-09-26T21:56:57+02:00</sln:gmIIPWersja><sln:gmIdTeryt>1429022</sln:gmIdTeryt><sln:gmNazwa>Bielany</sln:gmNazwa><sln:miejscIIPId>ffbc8334-5b81-41be-8614-2b3bcc0354b4</sln:miejscIIPId><sln:miejscIIPPn>PL.PZGIK.200</sln:miejscIIPPn><sln:miejscIIPWersja>2016-11-26T16:40:07+02:00</sln:miejscIIPWersja><sln:miejscIdTeryt>0668258</sln:miejscIdTeryt><sln:miejscNazwa>Bielany-Żyłaki</sln:miejscNazwa><sln:miejscRodzaj>Wieś</sln:miejscRodzaj><sln:powIIPId>37611728-15db-4f04-9740-aaceff8e4a86</sln:powIIPId><sln:powIIPPn>PL.PZGIK.200</sln:powIIPPn><sln:powIIPWersja>2012-09-27T08:13:53+02:00</sln:powIIPWersja><sln:powIdTeryt>1429</sln:powIdTeryt><sln:powNazwa>sokołowski</sln:powNazwa><sln:wojIIPId>4b6c492a-eb04-441d-a92a-f44359c06de7</sln:wojIIPId><sln:wojIIPPn>PL.PZGIK.200</sln:wojIIPPn><sln:wojIIPWersja>2012-09-27T13:45:13+02:00</sln:wojIIPWersja><sln:wojIdTeryt>14</sln:wojIdTeryt><sln:wojNazwa>mazowieckie</sln:wojNazwa></sln:miejscowosc><sln:miejscowosc><sln:cyklZyciaOd>2016-11-26T00:00:00+01:00</sln:cyklZyciaOd><sln:gmIIPId>c9a49b25-9990-48a5-b9a8-fe3c69cbe1e0</sln:gmIIPId><sln:gmIIPPn>PL.PZGIK.200</sln:gmIIPPn><sln:gmIIPWersja>2012-09-26T21:56:57+02:00</sln:gmIIPWersja><sln:gmIdTeryt>1429022</sln:gmIdTeryt><sln:gmNazwa>Bielany</sln:gmNazwa><sln:miejscIIPId>f15c324a-7076-4722-8a84-ddaf4495a291</sln:miejscIIPId><sln:miejscIIPPn>PL.PZGIK.200</sln:miejscIIPPn><sln:miejscIIPWersja>2016-11-26T16:40:07+02:00</sln:miejscIIPWersja><sln:miejscIdTeryt>0668324</sln:miejscIdTeryt><sln:miejscNazwa>Korabie</sln:miejscNazwa><sln:miejscRodzaj>Wieś</sln:miejscRodzaj><sln:powIIPId>37611728-15db-4f04-9740-aaceff8e4a86</sln:powIIPId><sln:powIIPPn>PL.PZGIK.200</sln:powIIPPn><sln:powIIPWersja>2012-09-27T08:13:53+02:00</sln:powIIPWersja><sln:powIdTeryt>1429</sln:powIdTeryt><sln:powNazwa>sokołowski</sln:powNazwa><sln:wojIIPId>4b6c492a-eb04-441d-a92a-f44359c06de7</sln:wojIIPId><sln:wojIIPPn>PL.PZGIK.200</sln:wojIIPPn><sln:wojIIPWersja>2012-09-27T13:45:13+02:00</sln:wojIIPWersja><sln:wojIdTeryt>14</sln:wojIdTeryt><sln:wojNazwa>mazowieckie</sln:wojNazwa></sln:miejscowosc><sln:miejscowosc><sln:cyklZyciaOd>2016-11-26T00:00:00+01:00</sln:cyklZyciaOd><sln:gmIIPId>c9a49b25-9990-48a5-b9a8-fe3c69cbe1e0</sln:gmIIPId><sln:gmIIPPn>PL.PZGIK.200</sln:gmIIPPn><sln:gmIIPWersja>2012-09-26T21:56:57+02:00</sln:gmIIPWersja><sln:gmIdTeryt>1429022</sln:gmIdTeryt><sln:gmNazwa>Bielany</sln:gmNazwa><sln:miejscIIPId>3b0e164d-6751-4814-bfc7-39f269ac66b4</sln:miejscIIPId><sln:miejscIIPPn>PL.PZGIK.200</sln:miejscIIPPn><sln:miejscIIPWersja>2016-11-26T16:40:07+02:00</sln:miejscIIPWersja><sln:miejscIdTeryt>0668330</sln:miejscIdTeryt><sln:miejscNazwa>Kowiesy</sln:miejscNazwa><sln:miejscRodzaj>Wieś</sln:miejscRodzaj><sln:powIIPId>37611728-15db-4f04-9740-aaceff8e4a86</sln:powIIPId><sln:powIIPPn>PL.PZGIK.200</sln:powIIPPn><sln:powIIPWersja>2012-09-27T08:13:53+02:00</sln:powIIPWersja><sln:powIdTeryt>1429</sln:powIdTeryt><sln:powNazwa>sokołowski</sln:powNazwa><sln:wojIIPId>4b6c492a-eb04-441d-a92a-f44359c06de7</sln:wojIIPId><sln:wojIIPPn>PL.PZGIK.200</sln:wojIIPPn><sln:wojIIPWersja>2012-09-27T13:45:13+02:00</sln:wojIIPWersja><sln:wojIdTeryt>14</sln:wojIdTeryt><sln:wojNazwa>mazowieckie</sln:wojNazwa></sln:miejscowosc><sln:miejscowosc><sln:cyklZyciaOd>2016-11-26T00:00:00+01:00</sln:cyklZyciaOd><sln:gmIIPId>c9a49b25-9990-48a5-b9a8-fe3c69cbe1e0</sln:gmIIPId><sln:gmIIPPn>PL.PZGIK.200</sln:gmIIPPn><sln:gmIIPWersja>2012-09-26T21:56:57+02:00</sln:gmIIPWersja><sln:gmIdTeryt>1429022</sln:gmIdTeryt><sln:gmNazwa>Bielany</sln:gmNazwa><sln:miejscIIPId>96cfae2c-76ac-4902-98e7-fbc9fb975c6e</sln:miejscIIPId><sln:miejscIIPPn>PL.PZGIK.200</sln:miejscIIPPn><sln:miejscIIPWersja>2016-11-26T16:40:07+02:00</sln:miejscIIPWersja><sln:miejscIdTeryt>0668347</sln:miejscIdTeryt><sln:miejscNazwa>Kożuchów</sln:miejscNazwa><sln:miejscRodzaj>Wieś</sln:miejscRodzaj><sln:powIIPId>37611728-15db-4f04-9740-aaceff8e4a86</sln:powIIPId><sln:powIIPPn>PL.PZGIK.200</sln:powIIPPn><sln:powIIPWersja>2012-09-27T08:13:53+02:00</sln:powIIPWersja><sln:powIdTeryt>1429</sln:powIdTeryt><sln:powNazwa>sokołowski</sln:powNazwa><sln:wojIIPId>4b6c492a-eb04-441d-a92a-f44359c06de7</sln:wojIIPId><sln:wojIIPPn>PL.PZGIK.200</sln:wojIIPPn><sln:wojIIPWersja>2012-09-27T13:45:13+02:00</sln:wojIIPWersja><sln:wojIdTeryt>14</sln:wojIdTeryt><sln:wojNazwa>mazowieckie</sln:wojNazwa></sln:miejscowosc><sln:miejscowosc><sln:cyklZyciaOd>2016-11-26T00:00:00+01:00</sln:cyklZyciaOd><sln:gmIIPId>c9a49b25-9990-48a5-b9a8-fe3c69cbe1e0</sln:gmIIPId><sln:gmIIPPn>PL.PZGIK.200</sln:gmIIPPn><sln:gmIIPWersja>2012-09-26T21:56:57+02:00</sln:gmIIPWersja><sln:gmIdTeryt>1429022</sln:gmIdTeryt><sln:gmNazwa>Bielany</sln:gmNazwa><sln:miejscIIPId>0b1835cf-f8ed-4ce6-a603-4d16e78d2957</sln:miejscIIPId><sln:miejscIIPPn>PL.PZGIK.200</sln:miejscIIPPn><sln:miejscIIPWersja>2016-11-26T16:40:07+02:00</sln:miejscIIPWersja><sln:miejscIdTeryt>0668353</sln:miejscIdTeryt><sln:miejscNazwa>Kożuchówek</sln:miejscNazwa><sln:miejscRodzaj>Wieś</sln:miejscRodzaj><sln:powIIPId>37611728-15db-4f04-9740-aaceff8e4a86</sln:powIIPId><sln:powIIPPn>PL.PZGIK.200</sln:powIIPPn><sln:powIIPWersja>2012-09-27T08:13:53+02:00</sln:powIIPWersja><sln:powIdTeryt>1429</sln:powIdTeryt><sln:powNazwa>sokołowski</sln:powNazwa><sln:wojIIPId>4b6c492a-eb04-441d-a92a-f44359c06de7</sln:wojIIPId><sln:wojIIPPn>PL.PZGIK.200</sln:wojIIPPn><sln:wojIIPWersja>2012-09-27T13:45:13+02:00</sln:wojIIPWersja><sln:wojIdTeryt>14</sln:wojIdTeryt><sln:wojNazwa>mazowieckie</sln:wojNazwa></sln:miejscowosc><sln:miejscowosc><sln:cyklZyciaOd>2016-11-26T00:00:00+01:00</sln:cyklZyciaOd><sln:gmIIPId>c9a49b25-9990-48a5-b9a8-fe3c69cbe1e0</sln:gmIIPId><sln:gmIIPPn>PL.PZGIK.200</sln:gmIIPPn><sln:gmIIPWersja>2012-09-26T21:56:57+02:00</sln:gmIIPWersja><sln:gmIdTeryt>1429022</sln:gmIdTeryt><sln:gmNazwa>Bielany</sln:gmNazwa><sln:miejscIIPId>8511a8ca-77cd-49d3-97e1-bd5aef36ea78</sln:miejscIIPId><sln:miejscIIPPn>PL.PZGIK.200</sln:miejscIIPPn><sln:miejscIIPWersja>2016-11-26T16:40:08+02:00</sln:miejscIIPWersja><sln:miejscIdTeryt>0668382</sln:miejscIdTeryt><sln:miejscNazwa>Księżopole-Komory</sln:miejscNazwa><sln:miejscRodzaj>Wieś</sln:miejscRodzaj><sln:powIIPId>37611728-15db-4f04-9740-aaceff8e4a86</sln:powIIPId><sln:powIIPPn>PL.PZGIK.200</sln:powIIPPn><sln:powIIPWersja>2012-09-27T08:13:53+02:00</sln:powIIPWersja><sln:powIdTeryt>1429</sln:powIdTeryt><sln:powNazwa>sokołowski</sln:powNazwa><sln:wojIIPId>4b6c492a-eb04-441d-a92a-f44359c06de7</sln:wojIIPId><sln:wojIIPPn>PL.PZGIK.200</sln:wojIIPPn><sln:wojIIPWersja>2012-09-27T13:45:13+02:00</sln:wojIIPWersja><sln:wojIdTeryt>14</sln:wojIdTeryt><sln:wojNazwa>mazowieckie</sln:wojNazwa></sln:miejscowosc><sln:miejscowosc><sln:cyklZyciaOd>2016-11-26T00:00:00+01:00</sln:cyklZyciaOd><sln:gmIIPId>c9a49b25-9990-48a5-b9a8-fe3c69cbe1e0</sln:gmIIPId><sln:gmIIPPn>PL.PZGIK.200</sln:gmIIPPn><sln:gmIIPWersja>2012-09-26T21:56:57+02:00</sln:gmIIPWersja><sln:gmIdTeryt>1429022</sln:gmIdTeryt><sln:gmNazwa>Bielany</sln:gmNazwa><sln:miejscIIPId>645ede12-8ce4-4638-ace1-552c06844213</sln:miejscIIPId><sln:miejscIIPPn>PL.PZGIK.200</sln:miejscIIPPn><sln:miejscIIPWersja>2016-11-26T16:40:08+02:00</sln:miejscIIPWersja><sln:miejscIdTeryt>0668360</sln:miejscIdTeryt><sln:miejscNazwa>Księżopole-Budki</sln:miejscNazwa><sln:miejscRodzaj>Wieś</sln:miejscRodzaj><sln:powIIPId>37611728-15db-4f04-9740-aaceff8e4a86</sln:powIIPId><sln:powIIPPn>PL.PZGIK.200</sln:powIIPPn><sln:powIIPWersja>2012-09-27T08:13:53+02:00</sln:powIIPWersja><sln:powIdTeryt>1429</sln:powIdTeryt><sln:powNazwa>sokołowski</sln:powNazwa><sln:wojIIPId>4b6c492a-eb04-441d-a92a-f44359c06de7</sln:wojIIPId><sln:wojIIPPn>PL.PZGIK.200</sln:wojIIPPn><sln:wojIIPWersja>2012-09-27T13:45:13+02:00</sln:wojIIPWersja><sln:wojIdTeryt>14</sln:wojIdTeryt><sln:wojNazwa>mazowieckie</sln:wojNazwa></sln:miejscowosc><sln:miejscowosc><sln:cyklZyciaOd>2016-11-26T00:00:00+01:00</sln:cyklZyciaOd><sln:gmIIPId>c9a49b25-9990-48a5-b9a8-fe3c69cbe1e0</sln:gmIIPId><sln:gmIIPPn>PL.PZGIK.200</sln:gmIIPPn><sln:gmIIPWersja>2012-09-26T21:56:57+02:00</sln:gmIIPWersja><sln:gmIdTeryt>1429022</sln:gmIdTeryt><sln:gmNazwa>Bielany</sln:gmNazwa><sln:miejscIIPId>e2ad94dd-454e-49a8-9e8c-345bb21b1477</sln:miejscIIPId><sln:miejscIIPPn>PL.PZGIK.200</sln:miejscIIPPn><sln:miejscIIPWersja>2016-11-26T16:40:08+02:00</sln:miejscIIPWersja><sln:miejscIdTeryt>0668407</sln:miejscIdTeryt><sln:miejscNazwa>Kudelczyn</sln:miejscNazwa><sln:miejscRodzaj>Wieś</sln:miejscRodzaj><sln:powIIPId>37611728-15db-4f04-9740-aaceff8e4a86</sln:powIIPId><sln:powIIPPn>PL.PZGIK.200</sln:powIIPPn><sln:powIIPWersja>2012-09-27T08:13:53+02:00</sln:powIIPWersja><sln:powIdTeryt>1429</sln:powIdTeryt><sln:powNazwa>sokołowski</sln:powNazwa><sln:wojIIPId>4b6c492a-eb04-441d-a92a-f44359c06de7</sln:wojIIPId><sln:wojIIPPn>PL.PZGIK.200</sln:wojIIPPn><sln:wojIIPWersja>2012-09-27T13:45:13+02:00</sln:wojIIPWersja><sln:wojIdTeryt>14</sln:wojIdTeryt><sln:wojNazwa>mazowieckie</sln:wojNazwa></sln:miejscowosc><sln:miejscowosc><sln:cyklZyciaOd>2016-11-26T00:00:00+01:00</sln:cyklZyciaOd><sln:gmIIPId>c9a49b25-9990-48a5-b9a8-fe3c69cbe1e0</sln:gmIIPId><sln:gmIIPPn>PL.PZGIK.200</sln:gmIIPPn><sln:gmIIPWersja>2012-09-26T21:56:57+02:00</sln:gmIIPWersja><sln:gmIdTeryt>1429022</sln:gmIdTeryt><sln:gmNazwa>Bielany</sln:gmNazwa><sln:miejscIIPId>6decb431-3168-47b4-90e5-f3d39f3bcdd8</sln:miejscIIPId><sln:miejscIIPPn>PL.PZGIK.200</sln:miejscIIPPn><sln:miejscIIPWersja>2016-11-26T16:40:08+02:00</sln:miejscIIPWersja><sln:miejscIdTeryt>0668264</sln:miejscIdTeryt><sln:miejscNazwa>Błonie Duże</sln:miejscNazwa><sln:miejscRodzaj>Wieś</sln:miejscRodzaj><sln:powIIPId>37611728-15db-4f04-9740-aaceff8e4a86</sln:powIIPId><sln:powIIPPn>PL.PZGIK.200</sln:powIIPPn><sln:powIIPWersja>2012-09-27T08:13:53+02:00</sln:powIIPWersja><sln:powIdTeryt>1429</sln:powIdTeryt><sln:powNazwa>sokołowski</sln:powNazwa><sln:wojIIPId>4b6c492a-eb04-441d-a92a-f44359c06de7</sln:wojIIPId><sln:wojIIPPn>PL.PZGIK.200</sln:wojIIPPn><sln:wojIIPWersja>2012-09-27T13:45:13+02:00</sln:wojIIPWersja><sln:wojIdTeryt>14</sln:wojIdTeryt><sln:wojNazwa>mazowieckie</sln:wojNazwa></sln:miejscowosc><sln:miejscowosc><sln:cyklZyciaOd>2016-11-26T00:00:00+01:00</sln:cyklZyciaOd><sln:gmIIPId>c9a49b25-9990-48a5-b9a8-fe3c69cbe1e0</sln:gmIIPId><sln:gmIIPPn>PL.PZGIK.200</sln:gmIIPPn><sln:gmIIPWersja>2012-09-26T21:56:57+02:00</sln:gmIIPWersja><sln:gmIdTeryt>1429022</sln:gmIdTeryt><sln:gmNazwa>Bielany</sln:gmNazwa><sln:miejscIIPId>5461eeef-3c88-476a-b722-7f140e964f2c</sln:miejscIIPId><sln:miejscIIPPn>PL.PZGIK.200</sln:miejscIIPPn><sln:miejscIIPWersja>2016-11-26T16:40:08+02:00</sln:miejscIIPWersja><sln:miejscIdTeryt>0668270</sln:miejscIdTeryt><sln:miejscNazwa>Błonie Małe</sln:miejscNazwa><sln:miejscRodzaj>Wieś</sln:miejscRodzaj><sln:powIIPId>37611728-15db-4f04-9740-aaceff8e4a86</sln:powIIPId><sln:powIIPPn>PL.PZGIK.200</sln:powIIPPn><sln:powIIPWersja>2012-09-27T08:13:53+02:00</sln:powIIPWersja><sln:powIdTeryt>1429</sln:powIdTeryt><sln:powNazwa>sokołowski</sln:powNazwa><sln:wojIIPId>4b6c492a-eb04-441d-a92a-f44359c06de7</sln:wojIIPId><sln:wojIIPPn>PL.PZGIK.200</sln:wojIIPPn><sln:wojIIPWersja>2012-09-27T13:45:13+02:00</sln:wojIIPWersja><sln:wojIdTeryt>14</sln:wojIdTeryt><sln:wojNazwa>mazowieckie</sln:wojNazwa></sln:miejscowosc><sln:miejscowosc><sln:cyklZyciaOd>2016-11-26T00:00:00+01:00</sln:cyklZyciaOd><sln:gmIIPId>c9a49b25-9990-48a5-b9a8-fe3c69cbe1e0</sln:gmIIPId><sln:gmIIPPn>PL.PZGIK.200</sln:gmIIPPn><sln:gmIIPWersja>2012-09-26T21:56:57+02:00</sln:gmIIPWersja><sln:gmIdTeryt>1429022</sln:gmIdTeryt><sln:gmNazwa>Bielany</sln:gmNazwa><sln:miejscIIPId>763bbab5-0d50-4d1b-aa98-dd462c2e276d</sln:miejscIIPId><sln:miejscIIPPn>PL.PZGIK.200</sln:miejscIIPPn><sln:miejscIIPWersja>2016-11-26T16:40:08+02:00</sln:miejscIIPWersja><sln:miejscIdTeryt>0668413</sln:miejscIdTeryt><sln:miejscNazwa>Paczuski Duże</sln:miejscNazwa><sln:miejscRodzaj>Wieś</sln:miejscRodzaj><sln:powIIPId>37611728-15db-4f04-9740-aaceff8e4a86</sln:powIIPId><sln:powIIPPn>PL.PZGIK.200</sln:powIIPPn><sln:powIIPWersja>2012-09-27T08:13:53+02:00</sln:powIIPWersja><sln:powIdTeryt>1429</sln:powIdTeryt><sln:powNazwa>sokołowski</sln:powNazwa><sln:wojIIPId>4b6c492a-eb04-441d-a92a-f44359c06de7</sln:wojIIPId><sln:wojIIPPn>PL.PZGIK.200</sln:wojIIPPn><sln:wojIIPWersja>2012-09-27T13:45:13+02:00</sln:wojIIPWersja><sln:wojIdTeryt>14</sln:wojIdTeryt><sln:wojNazwa>mazowieckie</sln:wojNazwa></sln:miejscowosc><sln:miejscowosc><sln:cyklZyciaOd>2016-11-26T00:00:00+01:00</sln:cyklZyciaOd><sln:gmIIPId>c9a49b25-9990-48a5-b9a8-fe3c69cbe1e0</sln:gmIIPId><sln:gmIIPPn>PL.PZGIK.200</sln:gmIIPPn><sln:gmIIPWersja>2012-09-26T21:56:57+02:00</sln:gmIIPWersja><sln:gmIdTeryt>1429022</sln:gmIdTeryt><sln:gmNazwa>Bielany</sln:gmNazwa><sln:miejscIIPId>1c54234c-ed50-4edb-8cca-abaf51b99e46</sln:miejscIIPId><sln:miejscIIPPn>PL.PZGIK.200</sln:miejscIIPPn><sln:miejscIIPWersja>2016-11-26T16:40:08+02:00</sln:miejscIIPWersja><sln:miejscIdTeryt>0668436</sln:miejscIdTeryt><sln:miejscNazwa>Patrykozy</sln:miejscNazwa><sln:miejscRodzaj>Wieś</sln:miejscRodzaj><sln:powIIPId>37611728-15db-4f04-9740-aaceff8e4a86</sln:powIIPId><sln:powIIPPn>PL.PZGIK.200</sln:powIIPPn><sln:powIIPWersja>2012-09-27T08:13:53+02:00</sln:powIIPWersja><sln:powIdTeryt>1429</sln:powIdTeryt><sln:powNazwa>sokołowski</sln:powNazwa><sln:wojIIPId>4b6c492a-eb04-441d-a92a-f44359c06de7</sln:wojIIPId><sln:wojIIPPn>PL.PZGIK.200</sln:wojIIPPn><sln:wojIIPWersja>2012-09-27T13:45:13+02:00</sln:wojIIPWersja><sln:wojIdTeryt>14</sln:wojIdTeryt><sln:wojNazwa>mazowieckie</sln:wojNazwa></sln:miejscowosc><sln:miejscowosc><sln:cyklZyciaOd>2016-11-26T00:00:00+01:00</sln:cyklZyciaOd><sln:gmIIPId>c9a49b25-9990-48a5-b9a8-fe3c69cbe1e0</sln:gmIIPId><sln:gmIIPPn>PL.PZGIK.200</sln:gmIIPPn><sln:gmIIPWersja>2012-09-26T21:56:57+02:00</sln:gmIIPWersja><sln:gmIdTeryt>1429022</sln:gmIdTeryt><sln:gmNazwa>Bielany</sln:gmNazwa><sln:miejscIIPId>f9e97085-b22f-47a6-8121-a6ac8110172d</sln:miejscIIPId><sln:miejscIIPPn>PL.PZGIK.200</sln:miejscIIPPn><sln:miejscIIPWersja>2016-11-26T16:40:08+02:00</sln:miejscIIPWersja><sln:miejscIdTeryt>0668488</sln:miejscIdTeryt><sln:miejscNazwa>Ruda-Kolonia</sln:miejscNazwa><sln:miejscRodzaj>Kolonia</sln:miejscRodzaj><sln:powIIPId>37611728-15db-4f04-9740-aaceff8e4a86</sln:powIIPId><sln:powIIPPn>PL.PZGIK.200</sln:powIIPPn><sln:powIIPWersja>2012-09-27T08:13:53+02:00</sln:powIIPWersja><sln:powIdTeryt>1429</sln:powIdTeryt><sln:powNazwa>sokołowski</sln:powNazwa><sln:wojIIPId>4b6c492a-eb04-441d-a92a-f44359c06de7</sln:wojIIPId><sln:wojIIPPn>PL.PZGIK.200</sln:wojIIPPn><sln:wojIIPWersja>2012-09-27T13:45:13+02:00</sln:wojIIPWersja><sln:wojIdTeryt>14</sln:wojIdTeryt><sln:wojNazwa>mazowieckie</sln:wojNazwa></sln:miejscowosc><sln:miejscowosc><sln:cyklZyciaOd>2016-11-26T00:00:00+01:00</sln:cyklZyciaOd><sln:gmIIPId>c9a49b25-9990-48a5-b9a8-fe3c69cbe1e0</sln:gmIIPId><sln:gmIIPPn>PL.PZGIK.200</sln:gmIIPPn><sln:gmIIPWersja>2012-09-26T21:56:57+02:00</sln:gmIIPWersja><sln:gmIdTeryt>1429022</sln:gmIdTeryt><sln:gmNazwa>Bielany</sln:gmNazwa><sln:miejscIIPId>705dda76-aef8-42bd-a8a2-0e0dac753ce3</sln:miejscIIPId><sln:miejscIIPPn>PL.PZGIK.200</sln:miejscIIPPn><sln:miejscIIPWersja>2016-11-26T16:40:08+02:00</sln:miejscIIPWersja><sln:miejscIdTeryt>0668442</sln:miejscIdTeryt><sln:miejscNazwa>Patrykozy-Kolonia</sln:miejscNazwa><sln:miejscRodzaj>Kolonia</sln:miejscRodzaj><sln:powIIPId>37611728-15db-4f04-9740-aaceff8e4a86</sln:powIIPId><sln:powIIPPn>PL.PZGIK.200</sln:powIIPPn><sln:powIIPWersja>2012-09-27T08:13:53+02:00</sln:powIIPWersja><sln:powIdTeryt>1429</sln:powIdTeryt><sln:powNazwa>sokołowski</sln:powNazwa><sln:wojIIPId>4b6c492a-eb04-441d-a92a-f44359c06de7</sln:wojIIPId><sln:wojIIPPn>PL.PZGIK.200</sln:wojIIPPn><sln:wojIIPWersja>2012-09-27T13:45:13+02:00</sln:wojIIPWersja><sln:wojIdTeryt>14</sln:wojIdTeryt><sln:wojNazwa>mazowieckie</sln:wojNazwa></sln:miejscowosc><sln:miejscowosc><sln:cyklZyciaOd>2016-11-26T00:00:00+01:00</sln:cyklZyciaOd><sln:gmIIPId>c9a49b25-9990-48a5-b9a8-fe3c69cbe1e0</sln:gmIIPId><sln:gmIIPPn>PL.PZGIK.200</sln:gmIIPPn><sln:gmIIPWersja>2012-09-26T21:56:57+02:00</sln:gmIIPWersja><sln:gmIdTeryt>1429022</sln:gmIdTeryt><sln:gmNazwa>Bielany</sln:gmNazwa><sln:miejscIIPId>de12c941-453e-4d76-bfe1-4d42be447d2b</sln:miejscIIPId><sln:miejscIIPPn>PL.PZGIK.200</sln:miejscIIPPn><sln:miejscIIPWersja>2016-11-26T16:40:08+02:00</sln:miejscIIPWersja><sln:miejscIdTeryt>0668301</sln:miejscIdTeryt><sln:miejscNIIPId>905aacc3-65f6-4506-91c5-0eb13aa34541</sln:miejscNIIPId><sln:miejscNIIPPn>PL.PZGIK.200</sln:miejscNIIPPn><sln:miejscNIIPWersja>2016-11-26T16:40:07+02:00</sln:miejscNIIPWersja><sln:miejscNIdTeryt>0668293</sln:miejscNIdTeryt><sln:miejscNNazwa>Dmochy-Rętki</sln:miejscNNazwa><sln:miejscNRodzaj>Wieś</sln:miejscNRodzaj><sln:miejscNazwa>Mingosy</sln:miejscNazwa><sln:miejscRodzaj>Inny obiekt</sln:miejscRodzaj><sln:powIIPId>37611728-15db-4f04-9740-aaceff8e4a86</sln:powIIPId><sln:powIIPPn>PL.PZGIK.200</sln:powIIPPn><sln:powIIPWersja>2012-09-27T08:13:53+02:00</sln:powIIPWersja><sln:powIdTeryt>1429</sln:powIdTeryt><sln:powNazwa>sokołowski</sln:powNazwa><sln:wojIIPId>4b6c492a-eb04-441d-a92a-f44359c06de7</sln:wojIIPId><sln:wojIIPPn>PL.PZGIK.200</sln:wojIIPPn><sln:wojIIPWersja>2012-09-27T13:45:13+02:00</sln:wojIIPWersja><sln:wojIdTeryt>14</sln:wojIdTeryt><sln:wojNazwa>mazowieckie</sln:wojNazwa></sln:miejscowosc><sln:miejscowosc><sln:cyklZyciaOd>2016-11-26T00:00:00+01:00</sln:cyklZyciaOd><sln:gmIIPId>c9a49b25-9990-48a5-b9a8-fe3c69cbe1e0</sln:gmIIPId><sln:gmIIPPn>PL.PZGIK.200</sln:gmIIPPn><sln:gmIIPWersja>2012-09-26T21:56:57+02:00</sln:gmIIPWersja><sln:gmIdTeryt>1429022</sln:gmIdTeryt><sln:gmNazwa>Bielany</sln:gmNazwa><sln:miejscIIPId>277e9354-b5c6-4a6d-92e2-03b7d2523bdd</sln:miejscIIPId><sln:miejscIIPPn>PL.PZGIK.200</sln:miejscIIPPn><sln:miejscIIPWersja>2016-11-26T16:40:08+02:00</sln:miejscIIPWersja><sln:miejscIdTeryt>0668241</sln:miejscIdTeryt><sln:miejscNIIPId>ae2c3ab6-b6df-4948-a6b5-49f1f4f1120e</sln:miejscNIIPId><sln:miejscNIIPPn>PL.PZGIK.200</sln:miejscNIIPPn><sln:miejscNIIPWersja>2016-11-26T16:40:07+02:00</sln:miejscNIIPWersja><sln:miejscNIdTeryt>0668235</sln:miejscNIdTeryt><sln:miejscNNazwa>Bielany-Wąsy</sln:miejscNNazwa><sln:miejscNRodzaj>Wieś</sln:miejscNRodzaj><sln:miejscNazwa>Bielany-Borysy</sln:miejscNazwa><sln:miejscRodzaj>Inny obiekt</sln:miejscRodzaj><sln:powIIPId>37611728-15db-4f04-9740-aaceff8e4a86</sln:powIIPId><sln:powIIPPn>PL.PZGIK.200</sln:powIIPPn><sln:powIIPWersja>2012-09-27T08:13:53+02:00</sln:powIIPWersja><sln:powIdTeryt>1429</sln:powIdTeryt><sln:powNazwa>sokołowski</sln:powNazwa><sln:wojIIPId>4b6c492a-eb04-441d-a92a-f44359c06de7</sln:wojIIPId><sln:wojIIPPn>PL.PZGIK.200</sln:wojIIPPn><sln:wojIIPWersja>2012-09-27T13:45:13+02:00</sln:wojIIPWersja><sln:wojIdTeryt>14</sln:wojIdTeryt><sln:wojNazwa>mazowieckie</sln:wojNazwa></sln:miejscowosc><sln:miejscowosc><sln:cyklZyciaOd>2016-11-26T00:00:00+01:00</sln:cyklZyciaOd><sln:gmIIPId>c9a49b25-9990-48a5-b9a8-fe3c69cbe1e0</sln:gmIIPId><sln:gmIIPPn>PL.PZGIK.200</sln:gmIIPPn><sln:gmIIPWersja>2012-09-26T21:56:57+02:00</sln:gmIIPWersja><sln:gmIdTeryt>1429022</sln:gmIdTeryt><sln:gmNazwa>Bielany</sln:gmNazwa><sln:miejscIIPId>6fc2ff21-70d3-4d2a-b818-172101506f9a</sln:miejscIIPId><sln:miejscIIPPn>PL.PZGIK.200</sln:miejscIIPPn><sln:miejscIIPWersja>2016-11-26T16:40:08+02:00</sln:miejscIIPWersja><sln:miejscIdTeryt>0668420</sln:miejscIdTeryt><sln:miejscNIIPId>763bbab5-0d50-4d1b-aa98-dd462c2e276d</sln:miejscNIIPId><sln:miejscNIIPPn>PL.PZGIK.200</sln:miejscNIIPPn><sln:miejscNIIPWersja>2016-11-26T16:40:08+02:00</sln:miejscNIIPWersja><sln:miejscNIdTeryt>0668413</sln:miejscNIdTeryt><sln:miejscNNazwa>Paczuski Duże</sln:miejscNNazwa><sln:miejscNRodzaj>Wieś</sln:miejscNRodzaj><sln:miejscNazwa>Paczuski Małe</sln:miejscNazwa><sln:miejscRodzaj>Inny obiekt</sln:miejscRodzaj><sln:powIIPId>37611728-15db-4f04-9740-aaceff8e4a86</sln:powIIPId><sln:powIIPPn>PL.PZGIK.200</sln:powIIPPn><sln:powIIPWersja>2012-09-27T08:13:53+02:00</sln:powIIPWersja><sln:powIdTeryt>1429</sln:powIdTeryt><sln:powNazwa>sokołowski</sln:powNazwa><sln:wojIIPId>4b6c492a-eb04-441d-a92a-f44359c06de7</sln:wojIIPId><sln:wojIIPPn>PL.PZGIK.200</sln:wojIIPPn><sln:wojIIPWersja>2012-09-27T13:45:13+02:00</sln:wojIIPWersja><sln:wojIdTeryt>14</sln:wojIdTeryt><sln:wojNazwa>mazowieckie</sln:wojNazwa></sln:miejscowosc><sln:miejscowosc><sln:cyklZyciaOd>2016-11-26T00:00:00+01:00</sln:cyklZyciaOd><sln:gmIIPId>c9a49b25-9990-48a5-b9a8-fe3c69cbe1e0</sln:gmIIPId><sln:gmIIPPn>PL.PZGIK.200</sln:gmIIPPn><sln:gmIIPWersja>2012-09-26T21:56:57+02:00</sln:gmIIPWersja><sln:gmIdTeryt>1429022</sln:gmIdTeryt><sln:gmNazwa>Bielany</sln:gmNazwa><sln:miejscIIPId>c0c09145-5735-407d-b6eb-6e0b57402bf4</sln:miejscIIPId><sln:miejscIIPPn>PL.PZGIK.200</sln:miejscIIPPn><sln:miejscIIPWersja>2016-11-26T16:40:08+02:00</sln:miejscIIPWersja><sln:miejscIdTeryt>0668376</sln:miejscIdTeryt><sln:miejscNIIPId>645ede12-8ce4-4638-ace1-552c06844213</sln:miejscNIIPId><sln:miejscNIIPPn>PL.PZGIK.200</sln:miejscNIIPPn><sln:miejscNIIPWersja>2016-11-26T16:40:08+02:00</sln:miejscNIIPWersja><sln:miejscNIdTeryt>0668360</sln:miejscNIdTeryt><sln:miejscNNazwa>Księżopole-Budki</sln:miejscNNazwa><sln:miejscNRodzaj>Wieś</sln:miejscNRodzaj><sln:miejscNazwa>Kolonia Księżopole Budki</sln:miejscNazwa><sln:miejscRodzaj>Inny obiekt</sln:miejscRodzaj><sln:powIIPId>37611728-15db-4f04-9740-aaceff8e4a86</sln:powIIPId><sln:powIIPPn>PL.PZGIK.200</sln:powIIPPn><sln:powIIPWersja>2012-09-27T08:13:53+02:00</sln:powIIPWersja><sln:powIdTeryt>1429</sln:powIdTeryt><sln:powNazwa>sokołowski</sln:powNazwa><sln:wojIIPId>4b6c492a-eb04-441d-a92a-f44359c06de7</sln:wojIIPId><sln:wojIIPPn>PL.PZGIK.200</sln:wojIIPPn><sln:wojIIPWersja>2012-09-27T13:45:13+02:00</sln:wojIIPWersja><sln:wojIdTeryt>14</sln:wojIdTeryt><sln:wojNazwa>mazowieckie</sln:wojNazwa></sln:miejscowosc><sln:miejscowosc><sln:cyklZyciaOd>2016-11-26T00:00:00+01:00</sln:cyklZyciaOd><sln:gmIIPId>c9a49b25-9990-48a5-b9a8-fe3c69cbe1e0</sln:gmIIPId><sln:gmIIPPn>PL.PZGIK.200</sln:gmIIPPn><sln:gmIIPWersja>2012-09-26T21:56:57+02:00</sln:gmIIPWersja><sln:gmIdTeryt>1429022</sln:gmIdTeryt><sln:gmNazwa>Bielany</sln:gmNazwa><sln:miejscIIPId>2ddd1c17-d603-476a-8a74-e86819a4821e</sln:miejscIIPId><sln:miejscIIPPn>PL.PZGIK.200</sln:miejscIIPPn><sln:miejscIIPWersja>2016-11-26T16:40:09+02:00</sln:miejscIIPWersja><sln:miejscIdTeryt>0668531</sln:miejscIdTeryt><sln:miejscNIIPId>ae801915-e8c3-4cab-9034-2991f7ad61fb</sln:miejscNIIPId><sln:miejscNIIPPn>PL.PZGIK.200</sln:miejscNIIPPn><sln:miejscNIIPWersja>2016-11-26T16:40:07+02:00</sln:miejscNIIPWersja><sln:miejscNIdTeryt>0668525</sln:miejscNIdTeryt><sln:miejscNNazwa>Wańtuchy</sln:miejscNNazwa><sln:miejscNRodzaj>Wieś</sln:miejscNRodzaj><sln:miejscNazwa>Wawrzenty</sln:miejscNazwa><sln:miejscRodzaj>Inny obiekt</sln:miejscRodzaj><sln:powIIPId>37611728-15db-4f04-9740-aaceff8e4a86</sln:powIIPId><sln:powIIPPn>PL.PZGIK.200</sln:powIIPPn><sln:powIIPWersja>2012-09-27T08:13:53+02:00</sln:powIIPWersja><sln:powIdTeryt>1429</sln:powIdTeryt><sln:powNazwa>sokołowski</sln:powNazwa><sln:wojIIPId>4b6c492a-eb04-441d-a92a-f44359c06de7</sln:wojIIPId><sln:wojIIPPn>PL.PZGIK.200</sln:wojIIPPn><sln:wojIIPWersja>2012-09-27T13:45:13+02:00</sln:wojIIPWersja><sln:wojIdTeryt>14</sln:wojIdTeryt><sln:wojNazwa>mazowieckie</sln:wojNazwa></sln:miejscowosc><sln:miejscowosc><sln:cyklZyciaOd>2016-11-26T00:00:00+01:00</sln:cyklZyciaOd><sln:gmIIPId>c9a49b25-9990-48a5-b9a8-fe3c69cbe1e0</sln:gmIIPId><sln:gmIIPPn>PL.PZGIK.200</sln:gmIIPPn><sln:gmIIPWersja>2012-09-26T21:56:57+02:00</sln:gmIIPWersja><sln:gmIdTeryt>1429022</sln:gmIdTeryt><sln:gmNazwa>Bielany</sln:gmNazwa><sln:miejscIIPId>5ca9cba8-b1f6-4553-8fd4-eb3776a197ed</sln:miejscIIPId><sln:miejscIIPPn>PL.PZGIK.200</sln:miejscIIPPn><sln:miejscIIPWersja>2016-11-26T16:40:09+02:00</sln:miejscIIPWersja><sln:miejscIdTeryt>0668399</sln:miejscIdTeryt><sln:miejscNIIPId>8511a8ca-77cd-49d3-97e1-bd5aef36ea78</sln:miejscNIIPId><sln:miejscNIIPPn>PL.PZGIK.200</sln:miejscNIIPPn><sln:miejscNIIPWersja>2016-11-26T16:40:08+02:00</sln:miejscNIIPWersja><sln:miejscNIdTeryt>0668382</sln:miejscNIdTeryt><sln:miejscNNazwa>Księżopole-Komory</sln:miejscNNazwa><sln:miejscNRodzaj>Wieś</sln:miejscNRodzaj><sln:miejscNazwa>Kolonia Księżopole-Komory</sln:miejscNazwa><sln:miejscRodzaj>Inny obiekt</sln:miejscRodzaj><sln:powIIPId>37611728-15db-4f04-9740-aaceff8e4a86</sln:powIIPId><sln:powIIPPn>PL.PZGIK.200</sln:powIIPPn><sln:powIIPWersja>2012-09-27T08:13:53+02:00</sln:powIIPWersja><sln:powIdTeryt>1429</sln:powIdTeryt><sln:powNazwa>sokołowski</sln:powNazwa><sln:wojIIPId>4b6c492a-eb04-441d-a92a-f44359c06de7</sln:wojIIPId><sln:wojIIPPn>PL.PZGIK.200</sln:wojIIPPn><sln:wojIIPWersja>2012-09-27T13:45:13+02:00</sln:wojIIPWersja><sln:wojIdTeryt>14</sln:wojIdTeryt><sln:wojNazwa>mazowieckie</sln:wojNazwa></sln:miejscowosc><sln:miejscowosc><sln:cyklZyciaOd>2016-11-26T00:00:00+01:00</sln:cyklZyciaOd><sln:gmIIPId>c9a49b25-9990-48a5-b9a8-fe3c69cbe1e0</sln:gmIIPId><sln:gmIIPPn>PL.PZGIK.200</sln:gmIIPPn><sln:gmIIPWersja>2012-09-26T21:56:57+02:00</sln:gmIIPWersja><sln:gmIdTeryt>1429022</sln:gmIdTeryt><sln:gmNazwa>Bielany</sln:gmNazwa><sln:miejscIIPId>f8be573c-1b80-4ffc-a613-a7149e1c5f43</sln:miejscIIPId><sln:miejscIIPPn>PL.PZGIK.200</sln:miejscIIPPn><sln:miejscIIPWersja>2016-11-26T16:40:09+02:00</sln:miejscIIPWersja><sln:miejscIdTeryt>0668519</sln:miejscIdTeryt><sln:miejscNIIPId>e3a96d23-e312-4cbb-b139-eb194bd75b5b</sln:miejscNIIPId><sln:miejscNIIPPn>PL.PZGIK.200</sln:miejscNIIPPn><sln:miejscNIIPWersja>2016-11-26T16:40:07+02:00</sln:miejscNIIPWersja><sln:miejscNIdTeryt>0668502</sln:miejscNIdTeryt><sln:miejscNNazwa>Trebień</sln:miejscNNazwa><sln:miejscNRodzaj>Wieś</sln:miejscNRodzaj><sln:miejscNazwa>Trebień</sln:miejscNazwa><sln:miejscRodzaj>Inny obiekt</sln:miejscRodzaj><sln:powIIPId>37611728-15db-4f04-9740-aaceff8e4a86</sln:powIIPId><sln:powIIPPn>PL.PZGIK.200</sln:powIIPPn><sln:powIIPWersja>2012-09-27T08:13:53+02:00</sln:powIIPWersja><sln:powIdTeryt>1429</sln:powIdTeryt><sln:powNazwa>sokołowski</sln:powNazwa><sln:wojIIPId>4b6c492a-eb04-441d-a92a-f44359c06de7</sln:wojIIPId><sln:wojIIPPn>PL.PZGIK.200</sln:wojIIPPn><sln:wojIIPWersja>2012-09-27T13:45:13+02:00</sln:wojIIPWersja><sln:wojIdTeryt>14</sln:wojIdTeryt><sln:wojNazwa>mazowieckie</sln:wojNazwa></sln:miejscowosc></sln:lista-miejscowosci>