<?xml version="1.0" encoding="UTF-8" standalone="yes"?><sln:lista-miejscowosci xmlns:srv="http://gugik.gov.pl/schemas/slowniki-service/1.0" xmlns:sln="http://gugik.gov.pl/schemas/slowniki-schema/1.0"><sln:miejscowosc><sln:cyklZyciaDo>2017-03-24T00:00:00+01:00</sln:cyklZyciaDo><sln:cyklZyciaOd>2016-03-11T00:00:00+01:00</sln:cyklZyciaOd><sln:gmIIPId>6a6d28ce-880f-4b74-a1ba-e1a9c1fdf6ce</sln:gmIIPId><sln:gmIIPPn>PL.PZGIK.200</sln:gmIIPPn><sln:gmIIPWersja>2012-09-26T22:55:00+02:00</sln:gmIIPWersja><sln:gmIdTeryt>1423082</sln:gmIdTeryt><sln:gmNazwa>Wieniawa</sln:gmNazwa><sln:miejscIIPId>7aaeacc8-35f2-4b79-bbde-58eb1557163e</sln:miejscIIPId><sln:miejscIIPPn>PL.PZGIK.200</sln:miejscIIPPn><sln:miejscIIPWersja>2016-11-24T11:41:31+02:00</sln:miejscIIPWersja><sln:miejscIdTeryt>0640604</sln:miejscIdTeryt><sln:miejscNazwa>Brudnów</sln:miejscNazwa><sln:miejscRodzaj>Wieś</sln:miejscRodzaj><sln:powIIPId>06437711-b083-4479-a66e-e78888507e51</sln:powIIPId><sln:powIIPPn>PL.PZGIK.200</sln:powIIPPn><sln:powIIPWersja>2012-09-27T08:13:53+02:00</sln:powIIPWersja><sln:powIdTeryt>1423</sln:powIdTeryt><sln:powNazwa>przysuski</sln:powNazwa><sln:waznyOd>2014-06-23T00:00:00+02:00</sln:waznyOd><sln:wojIIPId>4b6c492a-eb04-441d-a92a-f44359c06de7</sln:wojIIPId><sln:wojIIPPn>PL.PZGIK.200</sln:wojIIPPn><sln:wojIIPWersja>2012-09-27T13:45:13+02:00</sln:wojIIPWersja><sln:wojIdTeryt>14</sln:wojIdTeryt><sln:wojNazwa>mazowieckie</sln:wojNazwa></sln:miejscowosc><sln:miejscowosc><sln:cyklZyciaDo>2017-03-24T00:00:00+01:00</sln:cyklZyciaDo><sln:cyklZyciaOd>2016-03-11T00:00:00+01:00</sln:cyklZyciaOd><sln:gmIIPId>6a6d28ce-880f-4b74-a1ba-e1a9c1fdf6ce</sln:gmIIPId><sln:gmIIPPn>PL.PZGIK.200</sln:gmIIPPn><sln:gmIIPWersja>2012-09-26T22:55:00+02:00</sln:gmIIPWersja><sln:gmIdTeryt>1423082</sln:gmIdTeryt><sln:gmNazwa>Wieniawa</sln:gmNazwa><sln:miejscIIPId>e32ee633-8d43-406d-9d51-4c084b067095</sln:miejscIIPId><sln:miejscIIPPn>PL.PZGIK.200</sln:miejscIIPPn><sln:miejscIIPWersja>2016-11-24T11:41:31+02:00</sln:miejscIIPWersja><sln:miejscIdTeryt>0640610</sln:miejscIdTeryt><sln:miejscNazwa>Głogów</sln:miejscNazwa><sln:miejscRodzaj>Wieś</sln:miejscRodzaj><sln:powIIPId>06437711-b083-4479-a66e-e78888507e51</sln:powIIPId><sln:powIIPPn>PL.PZGIK.200</sln:powIIPPn><sln:powIIPWersja>2012-09-27T08:13:53+02:00</sln:powIIPWersja><sln:powIdTeryt>1423</sln:powIdTeryt><sln:powNazwa>przysuski</sln:powNazwa><sln:waznyOd>2014-06-23T00:00:00+02:00</sln:waznyOd><sln:wojIIPId>4b6c492a-eb04-441d-a92a-f44359c06de7</sln:wojIIPId><sln:wojIIPPn>PL.PZGIK.200</sln:wojIIPPn><sln:wojIIPWersja>2012-09-27T13:45:13+02:00</sln:wojIIPWersja><sln:wojIdTeryt>14</sln:wojIdTeryt><sln:wojNazwa>mazowieckie</sln:wojNazwa></sln:miejscowosc><sln:miejscowosc><sln:cyklZyciaDo>2017-03-24T00:00:00+01:00</sln:cyklZyciaDo><sln:cyklZyciaOd>2016-03-11T00:00:00+01:00</sln:cyklZyciaOd><sln:gmIIPId>6a6d28ce-880f-4b74-a1ba-e1a9c1fdf6ce</sln:gmIIPId><sln:gmIIPPn>PL.PZGIK.200</sln:gmIIPPn><sln:gmIIPWersja>2012-09-26T22:55:00+02:00</sln:gmIIPWersja><sln:gmIdTeryt>1423082</sln:gmIdTeryt><sln:gmNazwa>Wieniawa</sln:gmNazwa><sln:miejscIIPId>cc82d947-e0a8-4f76-a4a2-cca695b9243c</sln:miejscIIPId><sln:miejscIIPPn>PL.PZGIK.200</sln:miejscIIPPn><sln:miejscIIPWersja>2016-11-24T11:41:31+02:00</sln:miejscIIPWersja><sln:miejscIdTeryt>0640640</sln:miejscIdTeryt><sln:miejscNazwa>Jabłonica</sln:miejscNazwa><sln:miejscRodzaj>Wieś</sln:miejscRodzaj><sln:powIIPId>06437711-b083-4479-a66e-e78888507e51</sln:powIIPId><sln:powIIPPn>PL.PZGIK.200</sln:powIIPPn><sln:powIIPWersja>2012-09-27T08:13:53+02:00</sln:powIIPWersja><sln:powIdTeryt>1423</sln:powIdTeryt><sln:powNazwa>przysuski</sln:powNazwa><sln:waznyOd>2014-06-23T00:00:00+02:00</sln:waznyOd><sln:wojIIPId>4b6c492a-eb04-441d-a92a-f44359c06de7</sln:wojIIPId><sln:wojIIPPn>PL.PZGIK.200</sln:wojIIPPn><sln:wojIIPWersja>2012-09-27T13:45:13+02:00</sln:wojIIPWersja><sln:wojIdTeryt>14</sln:wojIdTeryt><sln:wojNazwa>mazowieckie</sln:wojNazwa></sln:miejscowosc><sln:miejscowosc><sln:cyklZyciaDo>2017-03-24T00:00:00+01:00</sln:cyklZyciaDo><sln:cyklZyciaOd>2016-03-11T00:00:00+01:00</sln:cyklZyciaOd><sln:gmIIPId>6a6d28ce-880f-4b74-a1ba-e1a9c1fdf6ce</sln:gmIIPId><sln:gmIIPPn>PL.PZGIK.200</sln:gmIIPPn><sln:gmIIPWersja>2012-09-26T22:55:00+02:00</sln:gmIIPWersja><sln:gmIdTeryt>1423082</sln:gmIdTeryt><sln:gmNazwa>Wieniawa</sln:gmNazwa><sln:miejscIIPId>2fb99fd6-5618-4505-9bb1-d6025e6edab9</sln:miejscIIPId><sln:miejscIIPPn>PL.PZGIK.200</sln:miejscIIPPn><sln:miejscIIPWersja>2016-11-24T11:41:31+02:00</sln:miejscIIPWersja><sln:miejscIdTeryt>0640656</sln:miejscIdTeryt><sln:miejscNazwa>Kaleń</sln:miejscNazwa><sln:miejscRodzaj>Przysiółek</sln:miejscRodzaj><sln:powIIPId>06437711-b083-4479-a66e-e78888507e51</sln:powIIPId><sln:powIIPPn>PL.PZGIK.200</sln:powIIPPn><sln:powIIPWersja>2012-09-27T08:13:53+02:00</sln:powIIPWersja><sln:powIdTeryt>1423</sln:powIdTeryt><sln:powNazwa>przysuski</sln:powNazwa><sln:waznyOd>2014-06-23T00:00:00+02:00</sln:waznyOd><sln:wojIIPId>4b6c492a-eb04-441d-a92a-f44359c06de7</sln:wojIIPId><sln:wojIIPPn>PL.PZGIK.200</sln:wojIIPPn><sln:wojIIPWersja>2012-09-27T13:45:13+02:00</sln:wojIIPWersja><sln:wojIdTeryt>14</sln:wojIdTeryt><sln:wojNazwa>mazowieckie</sln:wojNazwa></sln:miejscowosc><sln:miejscowosc><sln:cyklZyciaDo>2017-03-24T00:00:00+01:00</sln:cyklZyciaDo><sln:cyklZyciaOd>2016-03-11T00:00:00+01:00</sln:cyklZyciaOd><sln:gmIIPId>6a6d28ce-880f-4b74-a1ba-e1a9c1fdf6ce</sln:gmIIPId><sln:gmIIPPn>PL.PZGIK.200</sln:gmIIPPn><sln:gmIIPWersja>2012-09-26T22:55:00+02:00</sln:gmIIPWersja><sln:gmIdTeryt>1423082</sln:gmIdTeryt><sln:gmNazwa>Wieniawa</sln:gmNazwa><sln:miejscIIPId>f056bb79-5f84-49fc-8a97-598e2b23c2ef</sln:miejscIIPId><sln:miejscIIPPn>PL.PZGIK.200</sln:miejscIIPPn><sln:miejscIIPWersja>2016-11-24T11:41:31+02:00</sln:miejscIIPWersja><sln:miejscIdTeryt>0640679</sln:miejscIdTeryt><sln:miejscNazwa>Kamień Duży</sln:miejscNazwa><sln:miejscRodzaj>Wieś</sln:miejscRodzaj><sln:powIIPId>06437711-b083-4479-a66e-e78888507e51</sln:powIIPId><sln:powIIPPn>PL.PZGIK.200</sln:powIIPPn><sln:powIIPWersja>2012-09-27T08:13:53+02:00</sln:powIIPWersja><sln:powIdTeryt>1423</sln:powIdTeryt><sln:powNazwa>przysuski</sln:powNazwa><sln:waznyOd>2014-06-23T00:00:00+02:00</sln:waznyOd><sln:wojIIPId>4b6c492a-eb04-441d-a92a-f44359c06de7</sln:wojIIPId><sln:wojIIPPn>PL.PZGIK.200</sln:wojIIPPn><sln:wojIIPWersja>2012-09-27T13:45:13+02:00</sln:wojIIPWersja><sln:wojIdTeryt>14</sln:wojIdTeryt><sln:wojNazwa>mazowieckie</sln:wojNazwa></sln:miejscowosc><sln:miejscowosc><sln:cyklZyciaDo>2017-03-24T00:00:00+01:00</sln:cyklZyciaDo><sln:cyklZyciaOd>2016-03-11T00:00:00+01:00</sln:cyklZyciaOd><sln:gmIIPId>6a6d28ce-880f-4b74-a1ba-e1a9c1fdf6ce</sln:gmIIPId><sln:gmIIPPn>PL.PZGIK.200</sln:gmIIPPn><sln:gmIIPWersja>2012-09-26T22:55:00+02:00</sln:gmIIPWersja><sln:gmIdTeryt>1423082</sln:gmIdTeryt><sln:gmNazwa>Wieniawa</sln:gmNazwa><sln:miejscIIPId>755556da-5d0b-4573-bb7c-0f287d76a9de</sln:miejscIIPId><sln:miejscIIPPn>PL.PZGIK.200</sln:miejscIIPPn><sln:miejscIIPWersja>2016-11-24T11:41:31+02:00</sln:miejscIIPWersja><sln:miejscIdTeryt>0640716</sln:miejscIdTeryt><sln:miejscNazwa>Kłudno</sln:miejscNazwa><sln:miejscRodzaj>Wieś</sln:miejscRodzaj><sln:powIIPId>06437711-b083-4479-a66e-e78888507e51</sln:powIIPId><sln:powIIPPn>PL.PZGIK.200</sln:powIIPPn><sln:powIIPWersja>2012-09-27T08:13:53+02:00</sln:powIIPWersja><sln:powIdTeryt>1423</sln:powIdTeryt><sln:powNazwa>przysuski</sln:powNazwa><sln:waznyOd>2014-06-23T00:00:00+02:00</sln:waznyOd><sln:wojIIPId>4b6c492a-eb04-441d-a92a-f44359c06de7</sln:wojIIPId><sln:wojIIPPn>PL.PZGIK.200</sln:wojIIPPn><sln:wojIIPWersja>2012-09-27T13:45:13+02:00</sln:wojIIPWersja><sln:wojIdTeryt>14</sln:wojIdTeryt><sln:wojNazwa>mazowieckie</sln:wojNazwa></sln:miejscowosc><sln:miejscowosc><sln:cyklZyciaDo>2017-03-24T00:00:00+01:00</sln:cyklZyciaDo><sln:cyklZyciaOd>2016-03-11T00:00:00+01:00</sln:cyklZyciaOd><sln:gmIIPId>6a6d28ce-880f-4b74-a1ba-e1a9c1fdf6ce</sln:gmIIPId><sln:gmIIPPn>PL.PZGIK.200</sln:gmIIPPn><sln:gmIIPWersja>2012-09-26T22:55:00+02:00</sln:gmIIPWersja><sln:gmIdTeryt>1423082</sln:gmIdTeryt><sln:gmNazwa>Wieniawa</sln:gmNazwa><sln:miejscIIPId>e3d6b11e-a2cd-4f63-a103-8c86337b7a0f</sln:miejscIIPId><sln:miejscIIPPn>PL.PZGIK.200</sln:miejscIIPPn><sln:miejscIIPWersja>2016-11-24T11:41:31+02:00</sln:miejscIIPWersja><sln:miejscIdTeryt>0640768</sln:miejscIdTeryt><sln:miejscNazwa>Koryciska</sln:miejscNazwa><sln:miejscRodzaj>Wieś</sln:miejscRodzaj><sln:powIIPId>06437711-b083-4479-a66e-e78888507e51</sln:powIIPId><sln:powIIPPn>PL.PZGIK.200</sln:powIIPPn><sln:powIIPWersja>2012-09-27T08:13:53+02:00</sln:powIIPWersja><sln:powIdTeryt>1423</sln:powIdTeryt><sln:powNazwa>przysuski</sln:powNazwa><sln:waznyOd>2014-06-23T00:00:00+02:00</sln:waznyOd><sln:wojIIPId>4b6c492a-eb04-441d-a92a-f44359c06de7</sln:wojIIPId><sln:wojIIPPn>PL.PZGIK.200</sln:wojIIPPn><sln:wojIIPWersja>2012-09-27T13:45:13+02:00</sln:wojIIPWersja><sln:wojIdTeryt>14</sln:wojIdTeryt><sln:wojNazwa>mazowieckie</sln:wojNazwa></sln:miejscowosc><sln:miejscowosc><sln:cyklZyciaDo>2017-03-24T00:00:00+01:00</sln:cyklZyciaDo><sln:cyklZyciaOd>2016-03-11T00:00:00+01:00</sln:cyklZyciaOd><sln:gmIIPId>6a6d28ce-880f-4b74-a1ba-e1a9c1fdf6ce</sln:gmIIPId><sln:gmIIPPn>PL.PZGIK.200</sln:gmIIPPn><sln:gmIIPWersja>2012-09-26T22:55:00+02:00</sln:gmIIPWersja><sln:gmIdTeryt>1423082</sln:gmIdTeryt><sln:gmNazwa>Wieniawa</sln:gmNazwa><sln:miejscIIPId>f4272594-61ff-4f64-a8d9-b37034184bc7</sln:miejscIIPId><sln:miejscIIPPn>PL.PZGIK.200</sln:miejscIIPPn><sln:miejscIIPWersja>2016-11-24T11:41:31+02:00</sln:miejscIIPWersja><sln:miejscIdTeryt>0640774</sln:miejscIdTeryt><sln:miejscNazwa>Plec</sln:miejscNazwa><sln:miejscRodzaj>Wieś</sln:miejscRodzaj><sln:powIIPId>06437711-b083-4479-a66e-e78888507e51</sln:powIIPId><sln:powIIPPn>PL.PZGIK.200</sln:powIIPPn><sln:powIIPWersja>2012-09-27T08:13:53+02:00</sln:powIIPWersja><sln:powIdTeryt>1423</sln:powIdTeryt><sln:powNazwa>przysuski</sln:powNazwa><sln:waznyOd>2014-06-23T00:00:00+02:00</sln:waznyOd><sln:wojIIPId>4b6c492a-eb04-441d-a92a-f44359c06de7</sln:wojIIPId><sln:wojIIPPn>PL.PZGIK.200</sln:wojIIPPn><sln:wojIIPWersja>2012-09-27T13:45:13+02:00</sln:wojIIPWersja><sln:wojIdTeryt>14</sln:wojIdTeryt><sln:wojNazwa>mazowieckie</sln:wojNazwa></sln:miejscowosc><sln:miejscowosc><sln:cyklZyciaDo>2017-03-24T00:00:00+01:00</sln:cyklZyciaDo><sln:cyklZyciaOd>2016-03-11T00:00:00+01:00</sln:cyklZyciaOd><sln:gmIIPId>6a6d28ce-880f-4b74-a1ba-e1a9c1fdf6ce</sln:gmIIPId><sln:gmIIPPn>PL.PZGIK.200</sln:gmIIPPn><sln:gmIIPWersja>2012-09-26T22:55:00+02:00</sln:gmIIPWersja><sln:gmIdTeryt>1423082</sln:gmIdTeryt><sln:gmNazwa>Wieniawa</sln:gmNazwa><sln:miejscIIPId>5e589201-ba31-4885-a13f-79f4f4957410</sln:miejscIIPId><sln:miejscIIPPn>PL.PZGIK.200</sln:miejscIIPPn><sln:miejscIIPWersja>2016-11-24T11:41:31+02:00</sln:miejscIIPWersja><sln:miejscIdTeryt>0640780</sln:miejscIdTeryt><sln:miejscNazwa>Pogroszyn</sln:miejscNazwa><sln:miejscRodzaj>Wieś</sln:miejscRodzaj><sln:powIIPId>06437711-b083-4479-a66e-e78888507e51</sln:powIIPId><sln:powIIPPn>PL.PZGIK.200</sln:powIIPPn><sln:powIIPWersja>2012-09-27T08:13:53+02:00</sln:powIIPWersja><sln:powIdTeryt>1423</sln:powIdTeryt><sln:powNazwa>przysuski</sln:powNazwa><sln:waznyOd>2014-06-23T00:00:00+02:00</sln:waznyOd><sln:wojIIPId>4b6c492a-eb04-441d-a92a-f44359c06de7</sln:wojIIPId><sln:wojIIPPn>PL.PZGIK.200</sln:wojIIPPn><sln:wojIIPWersja>2012-09-27T13:45:13+02:00</sln:wojIIPWersja><sln:wojIdTeryt>14</sln:wojIdTeryt><sln:wojNazwa>mazowieckie</sln:wojNazwa></sln:miejscowosc><sln:miejscowosc><sln:cyklZyciaDo>2017-03-24T00:00:00+01:00</sln:cyklZyciaDo><sln:cyklZyciaOd>2016-03-11T00:00:00+01:00</sln:cyklZyciaOd><sln:gmIIPId>6a6d28ce-880f-4b74-a1ba-e1a9c1fdf6ce</sln:gmIIPId><sln:gmIIPPn>PL.PZGIK.200</sln:gmIIPPn><sln:gmIIPWersja>2012-09-26T22:55:00+02:00</sln:gmIIPWersja><sln:gmIdTeryt>1423082</sln:gmIdTeryt><sln:gmNazwa>Wieniawa</sln:gmNazwa><sln:miejscIIPId>ec08d63f-6a1d-401c-b8ce-2f63340c8293</sln:miejscIIPId><sln:miejscIIPPn>PL.PZGIK.200</sln:miejscIIPPn><sln:miejscIIPWersja>2016-11-24T11:41:31+02:00</sln:miejscIIPWersja><sln:miejscIdTeryt>0640797</sln:miejscIdTeryt><sln:miejscNazwa>Romualdów</sln:miejscNazwa><sln:miejscRodzaj>Wieś</sln:miejscRodzaj><sln:powIIPId>06437711-b083-4479-a66e-e78888507e51</sln:powIIPId><sln:powIIPPn>PL.PZGIK.200</sln:powIIPPn><sln:powIIPWersja>2012-09-27T08:13:53+02:00</sln:powIIPWersja><sln:powIdTeryt>1423</sln:powIdTeryt><sln:powNazwa>przysuski</sln:powNazwa><sln:waznyOd>2014-06-23T00:00:00+02:00</sln:waznyOd><sln:wojIIPId>4b6c492a-eb04-441d-a92a-f44359c06de7</sln:wojIIPId><sln:wojIIPPn>PL.PZGIK.200</sln:wojIIPPn><sln:wojIIPWersja>2012-09-27T13:45:13+02:00</sln:wojIIPWersja><sln:wojIdTeryt>14</sln:wojIdTeryt><sln:wojNazwa>mazowieckie</sln:wojNazwa></sln:miejscowosc><sln:miejscowosc><sln:cyklZyciaDo>2017-03-24T00:00:00+01:00</sln:cyklZyciaDo><sln:cyklZyciaOd>2016-03-11T00:00:00+01:00</sln:cyklZyciaOd><sln:gmIIPId>6a6d28ce-880f-4b74-a1ba-e1a9c1fdf6ce</sln:gmIIPId><sln:gmIIPPn>PL.PZGIK.200</sln:gmIIPPn><sln:gmIIPWersja>2012-09-26T22:55:00+02:00</sln:gmIIPWersja><sln:gmIdTeryt>1423082</sln:gmIdTeryt><sln:gmNazwa>Wieniawa</sln:gmNazwa><sln:miejscIIPId>24c825bc-3bc3-4859-950c-874191b2b934</sln:miejscIIPId><sln:miejscIIPPn>PL.PZGIK.200</sln:miejscIIPPn><sln:miejscIIPWersja>2016-11-24T11:41:31+02:00</sln:miejscIIPWersja><sln:miejscIdTeryt>0640805</sln:miejscIdTeryt><sln:miejscNazwa>Ryków</sln:miejscNazwa><sln:miejscRodzaj>Wieś</sln:miejscRodzaj><sln:powIIPId>06437711-b083-4479-a66e-e78888507e51</sln:powIIPId><sln:powIIPPn>PL.PZGIK.200</sln:powIIPPn><sln:powIIPWersja>2012-09-27T08:13:53+02:00</sln:powIIPWersja><sln:powIdTeryt>1423</sln:powIdTeryt><sln:powNazwa>przysuski</sln:powNazwa><sln:waznyOd>2014-06-23T00:00:00+02:00</sln:waznyOd><sln:wojIIPId>4b6c492a-eb04-441d-a92a-f44359c06de7</sln:wojIIPId><sln:wojIIPPn>PL.PZGIK.200</sln:wojIIPPn><sln:wojIIPWersja>2012-09-27T13:45:13+02:00</sln:wojIIPWersja><sln:wojIdTeryt>14</sln:wojIdTeryt><sln:wojNazwa>mazowieckie</sln:wojNazwa></sln:miejscowosc><sln:miejscowosc><sln:cyklZyciaDo>2017-03-24T00:00:00+01:00</sln:cyklZyciaDo><sln:cyklZyciaOd>2016-03-11T00:00:00+01:00</sln:cyklZyciaOd><sln:gmIIPId>6a6d28ce-880f-4b74-a1ba-e1a9c1fdf6ce</sln:gmIIPId><sln:gmIIPPn>PL.PZGIK.200</sln:gmIIPPn><sln:gmIIPWersja>2012-09-26T22:55:00+02:00</sln:gmIIPWersja><sln:gmIdTeryt>1423082</sln:gmIdTeryt><sln:gmNazwa>Wieniawa</sln:gmNazwa><sln:miejscIIPId>51412de2-6b05-428c-98b3-ca4707eb963a</sln:miejscIIPId><sln:miejscIIPPn>PL.PZGIK.200</sln:miejscIIPPn><sln:miejscIIPWersja>2016-11-24T11:41:31+02:00</sln:miejscIIPWersja><sln:miejscIdTeryt>0640828</sln:miejscIdTeryt><sln:miejscNazwa>Skrzynno</sln:miejscNazwa><sln:miejscRodzaj>Wieś</sln:miejscRodzaj><sln:powIIPId>06437711-b083-4479-a66e-e78888507e51</sln:powIIPId><sln:powIIPPn>PL.PZGIK.200</sln:powIIPPn><sln:powIIPWersja>2012-09-27T08:13:53+02:00</sln:powIIPWersja><sln:powIdTeryt>1423</sln:powIdTeryt><sln:powNazwa>przysuski</sln:powNazwa><sln:waznyOd>2014-06-23T00:00:00+02:00</sln:waznyOd><sln:wojIIPId>4b6c492a-eb04-441d-a92a-f44359c06de7</sln:wojIIPId><sln:wojIIPPn>PL.PZGIK.200</sln:wojIIPPn><sln:wojIIPWersja>2012-09-27T13:45:13+02:00</sln:wojIIPWersja><sln:wojIdTeryt>14</sln:wojIdTeryt><sln:wojNazwa>mazowieckie</sln:wojNazwa></sln:miejscowosc><sln:miejscowosc><sln:cyklZyciaDo>2017-03-24T00:00:00+01:00</sln:cyklZyciaDo><sln:cyklZyciaOd>2016-03-11T00:00:00+01:00</sln:cyklZyciaOd><sln:gmIIPId>6a6d28ce-880f-4b74-a1ba-e1a9c1fdf6ce</sln:gmIIPId><sln:gmIIPPn>PL.PZGIK.200</sln:gmIIPPn><sln:gmIIPWersja>2012-09-26T22:55:00+02:00</sln:gmIIPWersja><sln:gmIdTeryt>1423082</sln:gmIdTeryt><sln:gmNazwa>Wieniawa</sln:gmNazwa><sln:miejscIIPId>3a3d31aa-4016-4446-96dc-0abbc12a3fcf</sln:miejscIIPId><sln:miejscIIPPn>PL.PZGIK.200</sln:miejscIIPPn><sln:miejscIIPWersja>2016-11-24T11:41:31+02:00</sln:miejscIIPWersja><sln:miejscIdTeryt>0640857</sln:miejscIdTeryt><sln:miejscNazwa>Sokolniki Mokre</sln:miejscNazwa><sln:miejscRodzaj>Wieś</sln:miejscRodzaj><sln:powIIPId>06437711-b083-4479-a66e-e78888507e51</sln:powIIPId><sln:powIIPPn>PL.PZGIK.200</sln:powIIPPn><sln:powIIPWersja>2012-09-27T08:13:53+02:00</sln:powIIPWersja><sln:powIdTeryt>1423</sln:powIdTeryt><sln:powNazwa>przysuski</sln:powNazwa><sln:waznyOd>2014-06-23T00:00:00+02:00</sln:waznyOd><sln:wojIIPId>4b6c492a-eb04-441d-a92a-f44359c06de7</sln:wojIIPId><sln:wojIIPPn>PL.PZGIK.200</sln:wojIIPPn><sln:wojIIPWersja>2012-09-27T13:45:13+02:00</sln:wojIIPWersja><sln:wojIdTeryt>14</sln:wojIdTeryt><sln:wojNazwa>mazowieckie</sln:wojNazwa></sln:miejscowosc><sln:miejscowosc><sln:cyklZyciaDo>2017-03-24T00:00:00+01:00</sln:cyklZyciaDo><sln:cyklZyciaOd>2016-03-11T00:00:00+01:00</sln:cyklZyciaOd><sln:gmIIPId>6a6d28ce-880f-4b74-a1ba-e1a9c1fdf6ce</sln:gmIIPId><sln:gmIIPPn>PL.PZGIK.200</sln:gmIIPPn><sln:gmIIPWersja>2012-09-26T22:55:00+02:00</sln:gmIIPWersja><sln:gmIdTeryt>1423082</sln:gmIdTeryt><sln:gmNazwa>Wieniawa</sln:gmNazwa><sln:miejscIIPId>c56acf55-39fa-41a0-bb0d-b0dff42dd448</sln:miejscIIPId><sln:miejscIIPPn>PL.PZGIK.200</sln:miejscIIPPn><sln:miejscIIPWersja>2016-11-24T11:41:31+02:00</sln:miejscIIPWersja><sln:miejscIdTeryt>0640863</sln:miejscIdTeryt><sln:miejscNazwa>Sokolniki Suche</sln:miejscNazwa><sln:miejscRodzaj>Wieś</sln:miejscRodzaj><sln:powIIPId>06437711-b083-4479-a66e-e78888507e51</sln:powIIPId><sln:powIIPPn>PL.PZGIK.200</sln:powIIPPn><sln:powIIPWersja>2012-09-27T08:13:53+02:00</sln:powIIPWersja><sln:powIdTeryt>1423</sln:powIdTeryt><sln:powNazwa>przysuski</sln:powNazwa><sln:waznyOd>2014-06-23T00:00:00+02:00</sln:waznyOd><sln:wojIIPId>4b6c492a-eb04-441d-a92a-f44359c06de7</sln:wojIIPId><sln:wojIIPPn>PL.PZGIK.200</sln:wojIIPPn><sln:wojIIPWersja>2012-09-27T13:45:13+02:00</sln:wojIIPWersja><sln:wojIdTeryt>14</sln:wojIdTeryt><sln:wojNazwa>mazowieckie</sln:wojNazwa></sln:miejscowosc><sln:miejscowosc><sln:cyklZyciaDo>2017-03-24T00:00:00+01:00</sln:cyklZyciaDo><sln:cyklZyciaOd>2016-03-11T00:00:00+01:00</sln:cyklZyciaOd><sln:gmIIPId>6a6d28ce-880f-4b74-a1ba-e1a9c1fdf6ce</sln:gmIIPId><sln:gmIIPPn>PL.PZGIK.200</sln:gmIIPPn><sln:gmIIPWersja>2012-09-26T22:55:00+02:00</sln:gmIIPWersja><sln:gmIdTeryt>1423082</sln:gmIdTeryt><sln:gmNazwa>Wieniawa</sln:gmNazwa><sln:miejscIIPId>e1800619-ff22-499e-b90b-554c07edea8a</sln:miejscIIPId><sln:miejscIIPPn>PL.PZGIK.200</sln:miejscIIPPn><sln:miejscIIPWersja>2016-11-24T11:41:31+02:00</sln:miejscIIPWersja><sln:miejscIdTeryt>0640886</sln:miejscIdTeryt><sln:miejscNazwa>Wieniawa</sln:miejscNazwa><sln:miejscRodzaj>Wieś</sln:miejscRodzaj><sln:powIIPId>06437711-b083-4479-a66e-e78888507e51</sln:powIIPId><sln:powIIPPn>PL.PZGIK.200</sln:powIIPPn><sln:powIIPWersja>2012-09-27T08:13:53+02:00</sln:powIIPWersja><sln:powIdTeryt>1423</sln:powIdTeryt><sln:powNazwa>przysuski</sln:powNazwa><sln:waznyOd>2014-06-23T00:00:00+02:00</sln:waznyOd><sln:wojIIPId>4b6c492a-eb04-441d-a92a-f44359c06de7</sln:wojIIPId><sln:wojIIPPn>PL.PZGIK.200</sln:wojIIPPn><sln:wojIIPWersja>2012-09-27T13:45:13+02:00</sln:wojIIPWersja><sln:wojIdTeryt>14</sln:wojIdTeryt><sln:wojNazwa>mazowieckie</sln:wojNazwa></sln:miejscowosc><sln:miejscowosc><sln:cyklZyciaDo>2017-03-24T00:00:00+01:00</sln:cyklZyciaDo><sln:cyklZyciaOd>2016-03-11T00:00:00+01:00</sln:cyklZyciaOd><sln:gmIIPId>6a6d28ce-880f-4b74-a1ba-e1a9c1fdf6ce</sln:gmIIPId><sln:gmIIPPn>PL.PZGIK.200</sln:gmIIPPn><sln:gmIIPWersja>2012-09-26T22:55:00+02:00</sln:gmIIPWersja><sln:gmIdTeryt>1423082</sln:gmIdTeryt><sln:gmNazwa>Wieniawa</sln:gmNazwa><sln:miejscIIPId>411af972-e441-4c9d-a736-71c811d29030</sln:miejscIIPId><sln:miejscIIPPn>PL.PZGIK.200</sln:miejscIIPPn><sln:miejscIIPWersja>2016-11-24T11:41:31+02:00</sln:miejscIIPWersja><sln:miejscIdTeryt>0640892</sln:miejscIdTeryt><sln:miejscNazwa>Wola Brudnowska</sln:miejscNazwa><sln:miejscRodzaj>Wieś</sln:miejscRodzaj><sln:powIIPId>06437711-b083-4479-a66e-e78888507e51</sln:powIIPId><sln:powIIPPn>PL.PZGIK.200</sln:powIIPPn><sln:powIIPWersja>2012-09-27T08:13:53+02:00</sln:powIIPWersja><sln:powIdTeryt>1423</sln:powIdTeryt><sln:powNazwa>przysuski</sln:powNazwa><sln:waznyOd>2014-06-23T00:00:00+02:00</sln:waznyOd><sln:wojIIPId>4b6c492a-eb04-441d-a92a-f44359c06de7</sln:wojIIPId><sln:wojIIPPn>PL.PZGIK.200</sln:wojIIPPn><sln:wojIIPWersja>2012-09-27T13:45:13+02:00</sln:wojIIPWersja><sln:wojIdTeryt>14</sln:wojIdTeryt><sln:wojNazwa>mazowieckie</sln:wojNazwa></sln:miejscowosc><sln:miejscowosc><sln:cyklZyciaDo>2017-03-24T00:00:00+01:00</sln:cyklZyciaDo><sln:cyklZyciaOd>2016-03-11T00:00:00+01:00</sln:cyklZyciaOd><sln:gmIIPId>6a6d28ce-880f-4b74-a1ba-e1a9c1fdf6ce</sln:gmIIPId><sln:gmIIPPn>PL.PZGIK.200</sln:gmIIPPn><sln:gmIIPWersja>2012-09-26T22:55:00+02:00</sln:gmIIPWersja><sln:gmIdTeryt>1423082</sln:gmIdTeryt><sln:gmNazwa>Wieniawa</sln:gmNazwa><sln:miejscIIPId>f2706199-b69b-4d95-80b2-b158fddce7e7</sln:miejscIIPId><sln:miejscIIPPn>PL.PZGIK.200</sln:miejscIIPPn><sln:miejscIIPWersja>2016-11-24T11:41:31+02:00</sln:miejscIIPWersja><sln:miejscIdTeryt>0640900</sln:miejscIdTeryt><sln:miejscNazwa>Wydrzyn</sln:miejscNazwa><sln:miejscRodzaj>Wieś</sln:miejscRodzaj><sln:powIIPId>06437711-b083-4479-a66e-e78888507e51</sln:powIIPId><sln:powIIPPn>PL.PZGIK.200</sln:powIIPPn><sln:powIIPWersja>2012-09-27T08:13:53+02:00</sln:powIIPWersja><sln:powIdTeryt>1423</sln:powIdTeryt><sln:powNazwa>przysuski</sln:powNazwa><sln:waznyOd>2014-06-23T00:00:00+02:00</sln:waznyOd><sln:wojIIPId>4b6c492a-eb04-441d-a92a-f44359c06de7</sln:wojIIPId><sln:wojIIPPn>PL.PZGIK.200</sln:wojIIPPn><sln:wojIIPWersja>2012-09-27T13:45:13+02:00</sln:wojIIPWersja><sln:wojIdTeryt>14</sln:wojIdTeryt><sln:wojNazwa>mazowieckie</sln:wojNazwa></sln:miejscowosc><sln:miejscowosc><sln:cyklZyciaDo>2017-03-24T00:00:00+01:00</sln:cyklZyciaDo><sln:cyklZyciaOd>2016-03-11T00:00:00+01:00</sln:cyklZyciaOd><sln:gmIIPId>6a6d28ce-880f-4b74-a1ba-e1a9c1fdf6ce</sln:gmIIPId><sln:gmIIPPn>PL.PZGIK.200</sln:gmIIPPn><sln:gmIIPWersja>2012-09-26T22:55:00+02:00</sln:gmIIPWersja><sln:gmIdTeryt>1423082</sln:gmIdTeryt><sln:gmNazwa>Wieniawa</sln:gmNazwa><sln:miejscIIPId>b0986ad6-d8af-4732-b2de-da13d1060e08</sln:miejscIIPId><sln:miejscIIPPn>PL.PZGIK.200</sln:miejscIIPPn><sln:miejscIIPWersja>2016-11-24T11:41:31+02:00</sln:miejscIIPWersja><sln:miejscIdTeryt>0640739</sln:miejscIdTeryt><sln:miejscNazwa>Kochanów Wieniawski</sln:miejscNazwa><sln:miejscRodzaj>Wieś</sln:miejscRodzaj><sln:powIIPId>06437711-b083-4479-a66e-e78888507e51</sln:powIIPId><sln:powIIPPn>PL.PZGIK.200</sln:powIIPPn><sln:powIIPWersja>2012-09-27T08:13:53+02:00</sln:powIIPWersja><sln:powIdTeryt>1423</sln:powIdTeryt><sln:powNazwa>przysuski</sln:powNazwa><sln:waznyOd>2014-06-23T00:00:00+02:00</sln:waznyOd><sln:wojIIPId>4b6c492a-eb04-441d-a92a-f44359c06de7</sln:wojIIPId><sln:wojIIPPn>PL.PZGIK.200</sln:wojIIPPn><sln:wojIIPWersja>2012-09-27T13:45:13+02:00</sln:wojIIPWersja><sln:wojIdTeryt>14</sln:wojIdTeryt><sln:wojNazwa>mazowieckie</sln:wojNazwa></sln:miejscowosc><sln:miejscowosc><sln:cyklZyciaDo>2017-03-24T00:00:00+01:00</sln:cyklZyciaDo><sln:cyklZyciaOd>2016-03-11T00:00:00+01:00</sln:cyklZyciaOd><sln:gmIIPId>6a6d28ce-880f-4b74-a1ba-e1a9c1fdf6ce</sln:gmIIPId><sln:gmIIPPn>PL.PZGIK.200</sln:gmIIPPn><sln:gmIIPWersja>2012-09-26T22:55:00+02:00</sln:gmIIPWersja><sln:gmIdTeryt>1423082</sln:gmIdTeryt><sln:gmNazwa>Wieniawa</sln:gmNazwa><sln:miejscIIPId>bd0c24ed-d798-41fd-be93-d961ffa8f702</sln:miejscIIPId><sln:miejscIIPPn>PL.PZGIK.200</sln:miejscIIPPn><sln:miejscIIPWersja>2016-11-24T11:41:31+02:00</sln:miejscIIPWersja><sln:miejscIdTeryt>0640745</sln:miejscIdTeryt><sln:miejscNazwa>Komorów</sln:miejscNazwa><sln:miejscRodzaj>Wieś</sln:miejscRodzaj><sln:powIIPId>06437711-b083-4479-a66e-e78888507e51</sln:powIIPId><sln:powIIPPn>PL.PZGIK.200</sln:powIIPPn><sln:powIIPWersja>2012-09-27T08:13:53+02:00</sln:powIIPWersja><sln:powIdTeryt>1423</sln:powIdTeryt><sln:powNazwa>przysuski</sln:powNazwa><sln:waznyOd>2014-06-23T00:00:00+02:00</sln:waznyOd><sln:wojIIPId>4b6c492a-eb04-441d-a92a-f44359c06de7</sln:wojIIPId><sln:wojIIPPn>PL.PZGIK.200</sln:wojIIPPn><sln:wojIIPWersja>2012-09-27T13:45:13+02:00</sln:wojIIPWersja><sln:wojIdTeryt>14</sln:wojIdTeryt><sln:wojNazwa>mazowieckie</sln:wojNazwa></sln:miejscowosc><sln:miejscowosc><sln:cyklZyciaDo>2017-03-24T00:00:00+01:00</sln:cyklZyciaDo><sln:cyklZyciaOd>2016-03-11T00:00:00+01:00</sln:cyklZyciaOd><sln:gmIIPId>6a6d28ce-880f-4b74-a1ba-e1a9c1fdf6ce</sln:gmIIPId><sln:gmIIPPn>PL.PZGIK.200</sln:gmIIPPn><sln:gmIIPWersja>2012-09-26T22:55:00+02:00</sln:gmIIPWersja><sln:gmIdTeryt>1423082</sln:gmIdTeryt><sln:gmNazwa>Wieniawa</sln:gmNazwa><sln:miejscIIPId>282ae01c-93ad-4050-a81f-d720989138e8</sln:miejscIIPId><sln:miejscIIPPn>PL.PZGIK.200</sln:miejscIIPPn><sln:miejscIIPWersja>2016-11-24T11:41:31+02:00</sln:miejscIIPWersja><sln:miejscIdTeryt>0640633</sln:miejscIdTeryt><sln:miejscNazwa>Konary</sln:miejscNazwa><sln:miejscRodzaj>Inny obiekt</sln:miejscRodzaj><sln:powIIPId>06437711-b083-4479-a66e-e78888507e51</sln:powIIPId><sln:powIIPPn>PL.PZGIK.200</sln:powIIPPn><sln:powIIPWersja>2012-09-27T08:13:53+02:00</sln:powIIPWersja><sln:powIdTeryt>1423</sln:powIdTeryt><sln:powNazwa>przysuski</sln:powNazwa><sln:waznyOd>2014-06-23T00:00:00+02:00</sln:waznyOd><sln:wojIIPId>4b6c492a-eb04-441d-a92a-f44359c06de7</sln:wojIIPId><sln:wojIIPPn>PL.PZGIK.200</sln:wojIIPPn><sln:wojIIPWersja>2012-09-27T13:45:13+02:00</sln:wojIIPWersja><sln:wojIdTeryt>14</sln:wojIdTeryt><sln:wojNazwa>mazowieckie</sln:wojNazwa></sln:miejscowosc><sln:miejscowosc><sln:cyklZyciaDo>2017-03-24T00:00:00+01:00</sln:cyklZyciaDo><sln:cyklZyciaOd>2016-03-11T00:00:00+01:00</sln:cyklZyciaOd><sln:gmIIPId>6a6d28ce-880f-4b74-a1ba-e1a9c1fdf6ce</sln:gmIIPId><sln:gmIIPPn>PL.PZGIK.200</sln:gmIIPPn><sln:gmIIPWersja>2012-09-26T22:55:00+02:00</sln:gmIIPWersja><sln:gmIdTeryt>1423082</sln:gmIdTeryt><sln:gmNazwa>Wieniawa</sln:gmNazwa><sln:miejscIIPId>7174c218-5396-4b9c-af5f-3907ee292a02</sln:miejscIIPId><sln:miejscIIPPn>PL.PZGIK.200</sln:miejscIIPPn><sln:miejscIIPWersja>2016-11-24T11:41:31+02:00</sln:miejscIIPWersja><sln:miejscIdTeryt>0640923</sln:miejscIdTeryt><sln:miejscNazwa>Zadąbrów</sln:miejscNazwa><sln:miejscRodzaj>Przysiółek</sln:miejscRodzaj><sln:powIIPId>06437711-b083-4479-a66e-e78888507e51</sln:powIIPId><sln:powIIPPn>PL.PZGIK.200</sln:powIIPPn><sln:powIIPWersja>2012-09-27T08:13:53+02:00</sln:powIIPWersja><sln:powIdTeryt>1423</sln:powIdTeryt><sln:powNazwa>przysuski</sln:powNazwa><sln:waznyOd>2014-06-23T00:00:00+02:00</sln:waznyOd><sln:wojIIPId>4b6c492a-eb04-441d-a92a-f44359c06de7</sln:wojIIPId><sln:wojIIPPn>PL.PZGIK.200</sln:wojIIPPn><sln:wojIIPWersja>2012-09-27T13:45:13+02:00</sln:wojIIPWersja><sln:wojIdTeryt>14</sln:wojIdTeryt><sln:wojNazwa>mazowieckie</sln:wojNazwa></sln:miejscowosc><sln:miejscowosc><sln:cyklZyciaDo>2017-03-24T00:00:00+01:00</sln:cyklZyciaDo><sln:cyklZyciaOd>2016-03-11T00:00:00+01:00</sln:cyklZyciaOd><sln:gmIIPId>6a6d28ce-880f-4b74-a1ba-e1a9c1fdf6ce</sln:gmIIPId><sln:gmIIPPn>PL.PZGIK.200</sln:gmIIPPn><sln:gmIIPWersja>2012-09-26T22:55:00+02:00</sln:gmIIPWersja><sln:gmIdTeryt>1423082</sln:gmIdTeryt><sln:gmNazwa>Wieniawa</sln:gmNazwa><sln:miejscIIPId>ec430098-2133-4863-98a0-29f0046cadae</sln:miejscIIPId><sln:miejscIIPPn>PL.PZGIK.200</sln:miejscIIPPn><sln:miejscIIPWersja>2016-11-24T11:41:31+02:00</sln:miejscIIPWersja><sln:miejscIdTeryt>0640930</sln:miejscIdTeryt><sln:miejscNazwa>Zagórze</sln:miejscNazwa><sln:miejscRodzaj>Wieś</sln:miejscRodzaj><sln:powIIPId>06437711-b083-4479-a66e-e78888507e51</sln:powIIPId><sln:powIIPPn>PL.PZGIK.200</sln:powIIPPn><sln:powIIPWersja>2012-09-27T08:13:53+02:00</sln:powIIPWersja><sln:powIdTeryt>1423</sln:powIdTeryt><sln:powNazwa>przysuski</sln:powNazwa><sln:waznyOd>2014-06-23T00:00:00+02:00</sln:waznyOd><sln:wojIIPId>4b6c492a-eb04-441d-a92a-f44359c06de7</sln:wojIIPId><sln:wojIIPPn>PL.PZGIK.200</sln:wojIIPPn><sln:wojIIPWersja>2012-09-27T13:45:13+02:00</sln:wojIIPWersja><sln:wojIdTeryt>14</sln:wojIdTeryt><sln:wojNazwa>mazowieckie</sln:wojNazwa></sln:miejscowosc><sln:miejscowosc><sln:cyklZyciaDo>2017-03-24T00:00:00+01:00</sln:cyklZyciaDo><sln:cyklZyciaOd>2016-03-11T00:00:00+01:00</sln:cyklZyciaOd><sln:gmIIPId>6a6d28ce-880f-4b74-a1ba-e1a9c1fdf6ce</sln:gmIIPId><sln:gmIIPPn>PL.PZGIK.200</sln:gmIIPPn><sln:gmIIPWersja>2012-09-26T22:55:00+02:00</sln:gmIIPWersja><sln:gmIdTeryt>1423082</sln:gmIdTeryt><sln:gmNazwa>Wieniawa</sln:gmNazwa><sln:miejscIIPId>e1911dcd-9d70-40d8-8aee-e90765214c32</sln:miejscIIPId><sln:miejscIIPPn>PL.PZGIK.200</sln:miejscIIPPn><sln:miejscIIPWersja>2016-11-24T11:41:31+02:00</sln:miejscIIPWersja><sln:miejscIdTeryt>0640952</sln:miejscIdTeryt><sln:miejscNazwa>Zawady</sln:miejscNazwa><sln:miejscRodzaj>Wieś</sln:miejscRodzaj><sln:powIIPId>06437711-b083-4479-a66e-e78888507e51</sln:powIIPId><sln:powIIPPn>PL.PZGIK.200</sln:powIIPPn><sln:powIIPWersja>2012-09-27T08:13:53+02:00</sln:powIIPWersja><sln:powIdTeryt>1423</sln:powIdTeryt><sln:powNazwa>przysuski</sln:powNazwa><sln:waznyOd>2014-06-23T00:00:00+02:00</sln:waznyOd><sln:wojIIPId>4b6c492a-eb04-441d-a92a-f44359c06de7</sln:wojIIPId><sln:wojIIPPn>PL.PZGIK.200</sln:wojIIPPn><sln:wojIIPWersja>2012-09-27T13:45:13+02:00</sln:wojIIPWersja><sln:wojIdTeryt>14</sln:wojIdTeryt><sln:wojNazwa>mazowieckie</sln:wojNazwa></sln:miejscowosc><sln:miejscowosc><sln:cyklZyciaDo>2017-03-24T00:00:00+01:00</sln:cyklZyciaDo><sln:cyklZyciaOd>2016-03-11T00:00:00+01:00</sln:cyklZyciaOd><sln:gmIIPId>6a6d28ce-880f-4b74-a1ba-e1a9c1fdf6ce</sln:gmIIPId><sln:gmIIPPn>PL.PZGIK.200</sln:gmIIPPn><sln:gmIIPWersja>2012-09-26T22:55:00+02:00</sln:gmIIPWersja><sln:gmIdTeryt>1423082</sln:gmIdTeryt><sln:gmNazwa>Wieniawa</sln:gmNazwa><sln:miejscIIPId>d057c730-9529-4eb5-a7aa-58e2cdd338a3</sln:miejscIIPId><sln:miejscIIPPn>PL.PZGIK.200</sln:miejscIIPPn><sln:miejscIIPWersja>2016-11-24T11:41:31+02:00</sln:miejscIIPWersja><sln:miejscIdTeryt>0640969</sln:miejscIdTeryt><sln:miejscNazwa>Żuków</sln:miejscNazwa><sln:miejscRodzaj>Wieś</sln:miejscRodzaj><sln:powIIPId>06437711-b083-4479-a66e-e78888507e51</sln:powIIPId><sln:powIIPPn>PL.PZGIK.200</sln:powIIPPn><sln:powIIPWersja>2012-09-27T08:13:53+02:00</sln:powIIPWersja><sln:powIdTeryt>1423</sln:powIdTeryt><sln:powNazwa>przysuski</sln:powNazwa><sln:waznyOd>2014-06-23T00:00:00+02:00</sln:waznyOd><sln:wojIIPId>4b6c492a-eb04-441d-a92a-f44359c06de7</sln:wojIIPId><sln:wojIIPPn>PL.PZGIK.200</sln:wojIIPPn><sln:wojIIPWersja>2012-09-27T13:45:13+02:00</sln:wojIIPWersja><sln:wojIdTeryt>14</sln:wojIdTeryt><sln:wojNazwa>mazowieckie</sln:wojNazwa></sln:miejscowosc><sln:miejscowosc><sln:cyklZyciaOd>2017-03-24T00:00:00+01:00</sln:cyklZyciaOd><sln:gmIIPId>6a6d28ce-880f-4b74-a1ba-e1a9c1fdf6ce</sln:gmIIPId><sln:gmIIPPn>PL.PZGIK.200</sln:gmIIPPn><sln:gmIIPWersja>2012-09-26T22:55:00+02:00</sln:gmIIPWersja><sln:gmIdTeryt>1423082</sln:gmIdTeryt><sln:gmNazwa>Wieniawa</sln:gmNazwa><sln:miejscIIPId>7aaeacc8-35f2-4b79-bbde-58eb1557163e</sln:miejscIIPId><sln:miejscIIPPn>PL.PZGIK.200</sln:miejscIIPPn><sln:miejscIIPWersja>2017-03-24T17:56:15+02:00</sln:miejscIIPWersja><sln:miejscIdTeryt>0640604</sln:miejscIdTeryt><sln:miejscNazwa>Brudnów</sln:miejscNazwa><sln:miejscRodzaj>Wieś</sln:miejscRodzaj><sln:powIIPId>06437711-b083-4479-a66e-e78888507e51</sln:powIIPId><sln:powIIPPn>PL.PZGIK.200</sln:powIIPPn><sln:powIIPWersja>2012-09-27T08:13:53+02:00</sln:powIIPWersja><sln:powIdTeryt>1423</sln:powIdTeryt><sln:powNazwa>przysuski</sln:powNazwa><sln:waznyOd>2014-06-23T00:00:00+02:00</sln:waznyOd><sln:wojIIPId>4b6c492a-eb04-441d-a92a-f44359c06de7</sln:wojIIPId><sln:wojIIPPn>PL.PZGIK.200</sln:wojIIPPn><sln:wojIIPWersja>2012-09-27T13:45:13+02:00</sln:wojIIPWersja><sln:wojIdTeryt>14</sln:wojIdTeryt><sln:wojNazwa>mazowieckie</sln:wojNazwa></sln:miejscowosc><sln:miejscowosc><sln:cyklZyciaOd>2017-03-24T00:00:00+01:00</sln:cyklZyciaOd><sln:gmIIPId>6a6d28ce-880f-4b74-a1ba-e1a9c1fdf6ce</sln:gmIIPId><sln:gmIIPPn>PL.PZGIK.200</sln:gmIIPPn><sln:gmIIPWersja>2012-09-26T22:55:00+02:00</sln:gmIIPWersja><sln:gmIdTeryt>1423082</sln:gmIdTeryt><sln:gmNazwa>Wieniawa</sln:gmNazwa><sln:miejscIIPId>e32ee633-8d43-406d-9d51-4c084b067095</sln:miejscIIPId><sln:miejscIIPPn>PL.PZGIK.200</sln:miejscIIPPn><sln:miejscIIPWersja>2017-03-24T17:56:22+02:00</sln:miejscIIPWersja><sln:miejscIdTeryt>0640610</sln:miejscIdTeryt><sln:miejscNazwa>Głogów</sln:miejscNazwa><sln:miejscRodzaj>Wieś</sln:miejscRodzaj><sln:powIIPId>06437711-b083-4479-a66e-e78888507e51</sln:powIIPId><sln:powIIPPn>PL.PZGIK.200</sln:powIIPPn><sln:powIIPWersja>2012-09-27T08:13:53+02:00</sln:powIIPWersja><sln:powIdTeryt>1423</sln:powIdTeryt><sln:powNazwa>przysuski</sln:powNazwa><sln:waznyOd>2014-06-23T00:00:00+02:00</sln:waznyOd><sln:wojIIPId>4b6c492a-eb04-441d-a92a-f44359c06de7</sln:wojIIPId><sln:wojIIPPn>PL.PZGIK.200</sln:wojIIPPn><sln:wojIIPWersja>2012-09-27T13:45:13+02:00</sln:wojIIPWersja><sln:wojIdTeryt>14</sln:wojIdTeryt><sln:wojNazwa>mazowieckie</sln:wojNazwa></sln:miejscowosc><sln:miejscowosc><sln:cyklZyciaOd>2017-03-24T00:00:00+01:00</sln:cyklZyciaOd><sln:gmIIPId>6a6d28ce-880f-4b74-a1ba-e1a9c1fdf6ce</sln:gmIIPId><sln:gmIIPPn>PL.PZGIK.200</sln:gmIIPPn><sln:gmIIPWersja>2012-09-26T22:55:00+02:00</sln:gmIIPWersja><sln:gmIdTeryt>1423082</sln:gmIdTeryt><sln:gmNazwa>Wieniawa</sln:gmNazwa><sln:miejscIIPId>282ae01c-93ad-4050-a81f-d720989138e8</sln:miejscIIPId><sln:miejscIIPPn>PL.PZGIK.200</sln:miejscIIPPn><sln:miejscIIPWersja>2017-03-24T17:56:22+02:00</sln:miejscIIPWersja><sln:miejscIdTeryt>0640633</sln:miejscIdTeryt><sln:miejscNazwa>Konary</sln:miejscNazwa><sln:miejscRodzaj>Inny obiekt</sln:miejscRodzaj><sln:powIIPId>06437711-b083-4479-a66e-e78888507e51</sln:powIIPId><sln:powIIPPn>PL.PZGIK.200</sln:powIIPPn><sln:powIIPWersja>2012-09-27T08:13:53+02:00</sln:powIIPWersja><sln:powIdTeryt>1423</sln:powIdTeryt><sln:powNazwa>przysuski</sln:powNazwa><sln:waznyOd>2014-06-23T00:00:00+02:00</sln:waznyOd><sln:wojIIPId>4b6c492a-eb04-441d-a92a-f44359c06de7</sln:wojIIPId><sln:wojIIPPn>PL.PZGIK.200</sln:wojIIPPn><sln:wojIIPWersja>2012-09-27T13:45:13+02:00</sln:wojIIPWersja><sln:wojIdTeryt>14</sln:wojIdTeryt><sln:wojNazwa>mazowieckie</sln:wojNazwa></sln:miejscowosc><sln:miejscowosc><sln:cyklZyciaOd>2017-03-24T00:00:00+01:00</sln:cyklZyciaOd><sln:gmIIPId>6a6d28ce-880f-4b74-a1ba-e1a9c1fdf6ce</sln:gmIIPId><sln:gmIIPPn>PL.PZGIK.200</sln:gmIIPPn><sln:gmIIPWersja>2012-09-26T22:55:00+02:00</sln:gmIIPWersja><sln:gmIdTeryt>1423082</sln:gmIdTeryt><sln:gmNazwa>Wieniawa</sln:gmNazwa><sln:miejscIIPId>cc82d947-e0a8-4f76-a4a2-cca695b9243c</sln:miejscIIPId><sln:miejscIIPPn>PL.PZGIK.200</sln:miejscIIPPn><sln:miejscIIPWersja>2017-03-24T17:56:23+02:00</sln:miejscIIPWersja><sln:miejscIdTeryt>0640640</sln:miejscIdTeryt><sln:miejscNazwa>Jabłonica</sln:miejscNazwa><sln:miejscRodzaj>Wieś</sln:miejscRodzaj><sln:powIIPId>06437711-b083-4479-a66e-e78888507e51</sln:powIIPId><sln:powIIPPn>PL.PZGIK.200</sln:powIIPPn><sln:powIIPWersja>2012-09-27T08:13:53+02:00</sln:powIIPWersja><sln:powIdTeryt>1423</sln:powIdTeryt><sln:powNazwa>przysuski</sln:powNazwa><sln:waznyOd>2014-06-23T00:00:00+02:00</sln:waznyOd><sln:wojIIPId>4b6c492a-eb04-441d-a92a-f44359c06de7</sln:wojIIPId><sln:wojIIPPn>PL.PZGIK.200</sln:wojIIPPn><sln:wojIIPWersja>2012-09-27T13:45:13+02:00</sln:wojIIPWersja><sln:wojIdTeryt>14</sln:wojIdTeryt><sln:wojNazwa>mazowieckie</sln:wojNazwa></sln:miejscowosc><sln:miejscowosc><sln:cyklZyciaOd>2017-03-24T00:00:00+01:00</sln:cyklZyciaOd><sln:gmIIPId>6a6d28ce-880f-4b74-a1ba-e1a9c1fdf6ce</sln:gmIIPId><sln:gmIIPPn>PL.PZGIK.200</sln:gmIIPPn><sln:gmIIPWersja>2012-09-26T22:55:00+02:00</sln:gmIIPWersja><sln:gmIdTeryt>1423082</sln:gmIdTeryt><sln:gmNazwa>Wieniawa</sln:gmNazwa><sln:miejscIIPId>2fb99fd6-5618-4505-9bb1-d6025e6edab9</sln:miejscIIPId><sln:miejscIIPPn>PL.PZGIK.200</sln:miejscIIPPn><sln:miejscIIPWersja>2017-03-24T17:56:23+02:00</sln:miejscIIPWersja><sln:miejscIdTeryt>0640656</sln:miejscIdTeryt><sln:miejscNazwa>Kaleń</sln:miejscNazwa><sln:miejscRodzaj>Przysiółek</sln:miejscRodzaj><sln:powIIPId>06437711-b083-4479-a66e-e78888507e51</sln:powIIPId><sln:powIIPPn>PL.PZGIK.200</sln:powIIPPn><sln:powIIPWersja>2012-09-27T08:13:53+02:00</sln:powIIPWersja><sln:powIdTeryt>1423</sln:powIdTeryt><sln:powNazwa>przysuski</sln:powNazwa><sln:waznyOd>2014-06-23T00:00:00+02:00</sln:waznyOd><sln:wojIIPId>4b6c492a-eb04-441d-a92a-f44359c06de7</sln:wojIIPId><sln:wojIIPPn>PL.PZGIK.200</sln:wojIIPPn><sln:wojIIPWersja>2012-09-27T13:45:13+02:00</sln:wojIIPWersja><sln:wojIdTeryt>14</sln:wojIdTeryt><sln:wojNazwa>mazowieckie</sln:wojNazwa></sln:miejscowosc><sln:miejscowosc><sln:cyklZyciaOd>2017-03-24T00:00:00+01:00</sln:cyklZyciaOd><sln:gmIIPId>6a6d28ce-880f-4b74-a1ba-e1a9c1fdf6ce</sln:gmIIPId><sln:gmIIPPn>PL.PZGIK.200</sln:gmIIPPn><sln:gmIIPWersja>2012-09-26T22:55:00+02:00</sln:gmIIPWersja><sln:gmIdTeryt>1423082</sln:gmIdTeryt><sln:gmNazwa>Wieniawa</sln:gmNazwa><sln:miejscIIPId>f056bb79-5f84-49fc-8a97-598e2b23c2ef</sln:miejscIIPId><sln:miejscIIPPn>PL.PZGIK.200</sln:miejscIIPPn><sln:miejscIIPWersja>2017-03-24T17:56:23+02:00</sln:miejscIIPWersja><sln:miejscIdTeryt>0640679</sln:miejscIdTeryt><sln:miejscNazwa>Kamień Duży</sln:miejscNazwa><sln:miejscRodzaj>Wieś</sln:miejscRodzaj><sln:powIIPId>06437711-b083-4479-a66e-e78888507e51</sln:powIIPId><sln:powIIPPn>PL.PZGIK.200</sln:powIIPPn><sln:powIIPWersja>2012-09-27T08:13:53+02:00</sln:powIIPWersja><sln:powIdTeryt>1423</sln:powIdTeryt><sln:powNazwa>przysuski</sln:powNazwa><sln:waznyOd>2014-06-23T00:00:00+02:00</sln:waznyOd><sln:wojIIPId>4b6c492a-eb04-441d-a92a-f44359c06de7</sln:wojIIPId><sln:wojIIPPn>PL.PZGIK.200</sln:wojIIPPn><sln:wojIIPWersja>2012-09-27T13:45:13+02:00</sln:wojIIPWersja><sln:wojIdTeryt>14</sln:wojIdTeryt><sln:wojNazwa>mazowieckie</sln:wojNazwa></sln:miejscowosc><sln:miejscowosc><sln:cyklZyciaOd>2017-03-24T00:00:00+01:00</sln:cyklZyciaOd><sln:gmIIPId>6a6d28ce-880f-4b74-a1ba-e1a9c1fdf6ce</sln:gmIIPId><sln:gmIIPPn>PL.PZGIK.200</sln:gmIIPPn><sln:gmIIPWersja>2012-09-26T22:55:00+02:00</sln:gmIIPWersja><sln:gmIdTeryt>1423082</sln:gmIdTeryt><sln:gmNazwa>Wieniawa</sln:gmNazwa><sln:miejscIIPId>755556da-5d0b-4573-bb7c-0f287d76a9de</sln:miejscIIPId><sln:miejscIIPPn>PL.PZGIK.200</sln:miejscIIPPn><sln:miejscIIPWersja>2017-03-24T17:56:23+02:00</sln:miejscIIPWersja><sln:miejscIdTeryt>0640716</sln:miejscIdTeryt><sln:miejscNazwa>Kłudno</sln:miejscNazwa><sln:miejscRodzaj>Wieś</sln:miejscRodzaj><sln:powIIPId>06437711-b083-4479-a66e-e78888507e51</sln:powIIPId><sln:powIIPPn>PL.PZGIK.200</sln:powIIPPn><sln:powIIPWersja>2012-09-27T08:13:53+02:00</sln:powIIPWersja><sln:powIdTeryt>1423</sln:powIdTeryt><sln:powNazwa>przysuski</sln:powNazwa><sln:waznyOd>2014-06-23T00:00:00+02:00</sln:waznyOd><sln:wojIIPId>4b6c492a-eb04-441d-a92a-f44359c06de7</sln:wojIIPId><sln:wojIIPPn>PL.PZGIK.200</sln:wojIIPPn><sln:wojIIPWersja>2012-09-27T13:45:13+02:00</sln:wojIIPWersja><sln:wojIdTeryt>14</sln:wojIdTeryt><sln:wojNazwa>mazowieckie</sln:wojNazwa></sln:miejscowosc><sln:miejscowosc><sln:cyklZyciaOd>2017-03-24T00:00:00+01:00</sln:cyklZyciaOd><sln:gmIIPId>6a6d28ce-880f-4b74-a1ba-e1a9c1fdf6ce</sln:gmIIPId><sln:gmIIPPn>PL.PZGIK.200</sln:gmIIPPn><sln:gmIIPWersja>2012-09-26T22:55:00+02:00</sln:gmIIPWersja><sln:gmIdTeryt>1423082</sln:gmIdTeryt><sln:gmNazwa>Wieniawa</sln:gmNazwa><sln:miejscIIPId>b0986ad6-d8af-4732-b2de-da13d1060e08</sln:miejscIIPId><sln:miejscIIPPn>PL.PZGIK.200</sln:miejscIIPPn><sln:miejscIIPWersja>2017-03-24T17:56:23+02:00</sln:miejscIIPWersja><sln:miejscIdTeryt>0640739</sln:miejscIdTeryt><sln:miejscNazwa>Kochanów Wieniawski</sln:miejscNazwa><sln:miejscRodzaj>Wieś</sln:miejscRodzaj><sln:powIIPId>06437711-b083-4479-a66e-e78888507e51</sln:powIIPId><sln:powIIPPn>PL.PZGIK.200</sln:powIIPPn><sln:powIIPWersja>2012-09-27T08:13:53+02:00</sln:powIIPWersja><sln:powIdTeryt>1423</sln:powIdTeryt><sln:powNazwa>przysuski</sln:powNazwa><sln:waznyOd>2014-06-23T00:00:00+02:00</sln:waznyOd><sln:wojIIPId>4b6c492a-eb04-441d-a92a-f44359c06de7</sln:wojIIPId><sln:wojIIPPn>PL.PZGIK.200</sln:wojIIPPn><sln:wojIIPWersja>2012-09-27T13:45:13+02:00</sln:wojIIPWersja><sln:wojIdTeryt>14</sln:wojIdTeryt><sln:wojNazwa>mazowieckie</sln:wojNazwa></sln:miejscowosc><sln:miejscowosc><sln:cyklZyciaOd>2017-03-24T00:00:00+01:00</sln:cyklZyciaOd><sln:gmIIPId>6a6d28ce-880f-4b74-a1ba-e1a9c1fdf6ce</sln:gmIIPId><sln:gmIIPPn>PL.PZGIK.200</sln:gmIIPPn><sln:gmIIPWersja>2012-09-26T22:55:00+02:00</sln:gmIIPWersja><sln:gmIdTeryt>1423082</sln:gmIdTeryt><sln:gmNazwa>Wieniawa</sln:gmNazwa><sln:miejscIIPId>bd0c24ed-d798-41fd-be93-d961ffa8f702</sln:miejscIIPId><sln:miejscIIPPn>PL.PZGIK.200</sln:miejscIIPPn><sln:miejscIIPWersja>2017-03-24T17:56:23+02:00</sln:miejscIIPWersja><sln:miejscIdTeryt>0640745</sln:miejscIdTeryt><sln:miejscNazwa>Komorów</sln:miejscNazwa><sln:miejscRodzaj>Wieś</sln:miejscRodzaj><sln:powIIPId>06437711-b083-4479-a66e-e78888507e51</sln:powIIPId><sln:powIIPPn>PL.PZGIK.200</sln:powIIPPn><sln:powIIPWersja>2012-09-27T08:13:53+02:00</sln:powIIPWersja><sln:powIdTeryt>1423</sln:powIdTeryt><sln:powNazwa>przysuski</sln:powNazwa><sln:waznyOd>2014-06-23T00:00:00+02:00</sln:waznyOd><sln:wojIIPId>4b6c492a-eb04-441d-a92a-f44359c06de7</sln:wojIIPId><sln:wojIIPPn>PL.PZGIK.200</sln:wojIIPPn><sln:wojIIPWersja>2012-09-27T13:45:13+02:00</sln:wojIIPWersja><sln:wojIdTeryt>14</sln:wojIdTeryt><sln:wojNazwa>mazowieckie</sln:wojNazwa></sln:miejscowosc><sln:miejscowosc><sln:cyklZyciaOd>2017-03-24T00:00:00+01:00</sln:cyklZyciaOd><sln:gmIIPId>6a6d28ce-880f-4b74-a1ba-e1a9c1fdf6ce</sln:gmIIPId><sln:gmIIPPn>PL.PZGIK.200</sln:gmIIPPn><sln:gmIIPWersja>2012-09-26T22:55:00+02:00</sln:gmIIPWersja><sln:gmIdTeryt>1423082</sln:gmIdTeryt><sln:gmNazwa>Wieniawa</sln:gmNazwa><sln:miejscIIPId>e3d6b11e-a2cd-4f63-a103-8c86337b7a0f</sln:miejscIIPId><sln:miejscIIPPn>PL.PZGIK.200</sln:miejscIIPPn><sln:miejscIIPWersja>2017-03-24T17:56:23+02:00</sln:miejscIIPWersja><sln:miejscIdTeryt>0640768</sln:miejscIdTeryt><sln:miejscNazwa>Koryciska</sln:miejscNazwa><sln:miejscRodzaj>Wieś</sln:miejscRodzaj><sln:powIIPId>06437711-b083-4479-a66e-e78888507e51</sln:powIIPId><sln:powIIPPn>PL.PZGIK.200</sln:powIIPPn><sln:powIIPWersja>2012-09-27T08:13:53+02:00</sln:powIIPWersja><sln:powIdTeryt>1423</sln:powIdTeryt><sln:powNazwa>przysuski</sln:powNazwa><sln:waznyOd>2014-06-23T00:00:00+02:00</sln:waznyOd><sln:wojIIPId>4b6c492a-eb04-441d-a92a-f44359c06de7</sln:wojIIPId><sln:wojIIPPn>PL.PZGIK.200</sln:wojIIPPn><sln:wojIIPWersja>2012-09-27T13:45:13+02:00</sln:wojIIPWersja><sln:wojIdTeryt>14</sln:wojIdTeryt><sln:wojNazwa>mazowieckie</sln:wojNazwa></sln:miejscowosc><sln:miejscowosc><sln:cyklZyciaOd>2017-03-24T00:00:00+01:00</sln:cyklZyciaOd><sln:gmIIPId>6a6d28ce-880f-4b74-a1ba-e1a9c1fdf6ce</sln:gmIIPId><sln:gmIIPPn>PL.PZGIK.200</sln:gmIIPPn><sln:gmIIPWersja>2012-09-26T22:55:00+02:00</sln:gmIIPWersja><sln:gmIdTeryt>1423082</sln:gmIdTeryt><sln:gmNazwa>Wieniawa</sln:gmNazwa><sln:miejscIIPId>f4272594-61ff-4f64-a8d9-b37034184bc7</sln:miejscIIPId><sln:miejscIIPPn>PL.PZGIK.200</sln:miejscIIPPn><sln:miejscIIPWersja>2017-03-24T17:56:23+02:00</sln:miejscIIPWersja><sln:miejscIdTeryt>0640774</sln:miejscIdTeryt><sln:miejscNazwa>Plec</sln:miejscNazwa><sln:miejscRodzaj>Wieś</sln:miejscRodzaj><sln:powIIPId>06437711-b083-4479-a66e-e78888507e51</sln:powIIPId><sln:powIIPPn>PL.PZGIK.200</sln:powIIPPn><sln:powIIPWersja>2012-09-27T08:13:53+02:00</sln:powIIPWersja><sln:powIdTeryt>1423</sln:powIdTeryt><sln:powNazwa>przysuski</sln:powNazwa><sln:waznyOd>2014-06-23T00:00:00+02:00</sln:waznyOd><sln:wojIIPId>4b6c492a-eb04-441d-a92a-f44359c06de7</sln:wojIIPId><sln:wojIIPPn>PL.PZGIK.200</sln:wojIIPPn><sln:wojIIPWersja>2012-09-27T13:45:13+02:00</sln:wojIIPWersja><sln:wojIdTeryt>14</sln:wojIdTeryt><sln:wojNazwa>mazowieckie</sln:wojNazwa></sln:miejscowosc><sln:miejscowosc><sln:cyklZyciaOd>2017-03-24T00:00:00+01:00</sln:cyklZyciaOd><sln:gmIIPId>6a6d28ce-880f-4b74-a1ba-e1a9c1fdf6ce</sln:gmIIPId><sln:gmIIPPn>PL.PZGIK.200</sln:gmIIPPn><sln:gmIIPWersja>2012-09-26T22:55:00+02:00</sln:gmIIPWersja><sln:gmIdTeryt>1423082</sln:gmIdTeryt><sln:gmNazwa>Wieniawa</sln:gmNazwa><sln:miejscIIPId>5e589201-ba31-4885-a13f-79f4f4957410</sln:miejscIIPId><sln:miejscIIPPn>PL.PZGIK.200</sln:miejscIIPPn><sln:miejscIIPWersja>2017-03-24T17:56:23+02:00</sln:miejscIIPWersja><sln:miejscIdTeryt>0640780</sln:miejscIdTeryt><sln:miejscNazwa>Pogroszyn</sln:miejscNazwa><sln:miejscRodzaj>Wieś</sln:miejscRodzaj><sln:powIIPId>06437711-b083-4479-a66e-e78888507e51</sln:powIIPId><sln:powIIPPn>PL.PZGIK.200</sln:powIIPPn><sln:powIIPWersja>2012-09-27T08:13:53+02:00</sln:powIIPWersja><sln:powIdTeryt>1423</sln:powIdTeryt><sln:powNazwa>przysuski</sln:powNazwa><sln:waznyOd>2014-06-23T00:00:00+02:00</sln:waznyOd><sln:wojIIPId>4b6c492a-eb04-441d-a92a-f44359c06de7</sln:wojIIPId><sln:wojIIPPn>PL.PZGIK.200</sln:wojIIPPn><sln:wojIIPWersja>2012-09-27T13:45:13+02:00</sln:wojIIPWersja><sln:wojIdTeryt>14</sln:wojIdTeryt><sln:wojNazwa>mazowieckie</sln:wojNazwa></sln:miejscowosc><sln:miejscowosc><sln:cyklZyciaOd>2017-03-24T00:00:00+01:00</sln:cyklZyciaOd><sln:gmIIPId>6a6d28ce-880f-4b74-a1ba-e1a9c1fdf6ce</sln:gmIIPId><sln:gmIIPPn>PL.PZGIK.200</sln:gmIIPPn><sln:gmIIPWersja>2012-09-26T22:55:00+02:00</sln:gmIIPWersja><sln:gmIdTeryt>1423082</sln:gmIdTeryt><sln:gmNazwa>Wieniawa</sln:gmNazwa><sln:miejscIIPId>ec08d63f-6a1d-401c-b8ce-2f63340c8293</sln:miejscIIPId><sln:miejscIIPPn>PL.PZGIK.200</sln:miejscIIPPn><sln:miejscIIPWersja>2017-03-24T17:56:23+02:00</sln:miejscIIPWersja><sln:miejscIdTeryt>0640797</sln:miejscIdTeryt><sln:miejscNazwa>Romualdów</sln:miejscNazwa><sln:miejscRodzaj>Wieś</sln:miejscRodzaj><sln:powIIPId>06437711-b083-4479-a66e-e78888507e51</sln:powIIPId><sln:powIIPPn>PL.PZGIK.200</sln:powIIPPn><sln:powIIPWersja>2012-09-27T08:13:53+02:00</sln:powIIPWersja><sln:powIdTeryt>1423</sln:powIdTeryt><sln:powNazwa>przysuski</sln:powNazwa><sln:waznyOd>2014-06-23T00:00:00+02:00</sln:waznyOd><sln:wojIIPId>4b6c492a-eb04-441d-a92a-f44359c06de7</sln:wojIIPId><sln:wojIIPPn>PL.PZGIK.200</sln:wojIIPPn><sln:wojIIPWersja>2012-09-27T13:45:13+02:00</sln:wojIIPWersja><sln:wojIdTeryt>14</sln:wojIdTeryt><sln:wojNazwa>mazowieckie</sln:wojNazwa></sln:miejscowosc><sln:miejscowosc><sln:cyklZyciaOd>2017-03-24T00:00:00+01:00</sln:cyklZyciaOd><sln:gmIIPId>6a6d28ce-880f-4b74-a1ba-e1a9c1fdf6ce</sln:gmIIPId><sln:gmIIPPn>PL.PZGIK.200</sln:gmIIPPn><sln:gmIIPWersja>2012-09-26T22:55:00+02:00</sln:gmIIPWersja><sln:gmIdTeryt>1423082</sln:gmIdTeryt><sln:gmNazwa>Wieniawa</sln:gmNazwa><sln:miejscIIPId>24c825bc-3bc3-4859-950c-874191b2b934</sln:miejscIIPId><sln:miejscIIPPn>PL.PZGIK.200</sln:miejscIIPPn><sln:miejscIIPWersja>2017-03-24T17:56:23+02:00</sln:miejscIIPWersja><sln:miejscIdTeryt>0640805</sln:miejscIdTeryt><sln:miejscNazwa>Ryków</sln:miejscNazwa><sln:miejscRodzaj>Wieś</sln:miejscRodzaj><sln:powIIPId>06437711-b083-4479-a66e-e78888507e51</sln:powIIPId><sln:powIIPPn>PL.PZGIK.200</sln:powIIPPn><sln:powIIPWersja>2012-09-27T08:13:53+02:00</sln:powIIPWersja><sln:powIdTeryt>1423</sln:powIdTeryt><sln:powNazwa>przysuski</sln:powNazwa><sln:waznyOd>2014-06-23T00:00:00+02:00</sln:waznyOd><sln:wojIIPId>4b6c492a-eb04-441d-a92a-f44359c06de7</sln:wojIIPId><sln:wojIIPPn>PL.PZGIK.200</sln:wojIIPPn><sln:wojIIPWersja>2012-09-27T13:45:13+02:00</sln:wojIIPWersja><sln:wojIdTeryt>14</sln:wojIdTeryt><sln:wojNazwa>mazowieckie</sln:wojNazwa></sln:miejscowosc><sln:miejscowosc><sln:cyklZyciaOd>2017-03-24T00:00:00+01:00</sln:cyklZyciaOd><sln:gmIIPId>6a6d28ce-880f-4b74-a1ba-e1a9c1fdf6ce</sln:gmIIPId><sln:gmIIPPn>PL.PZGIK.200</sln:gmIIPPn><sln:gmIIPWersja>2012-09-26T22:55:00+02:00</sln:gmIIPWersja><sln:gmIdTeryt>1423082</sln:gmIdTeryt><sln:gmNazwa>Wieniawa</sln:gmNazwa><sln:miejscIIPId>51412de2-6b05-428c-98b3-ca4707eb963a</sln:miejscIIPId><sln:miejscIIPPn>PL.PZGIK.200</sln:miejscIIPPn><sln:miejscIIPWersja>2017-03-24T17:56:23+02:00</sln:miejscIIPWersja><sln:miejscIdTeryt>0640828</sln:miejscIdTeryt><sln:miejscNazwa>Skrzynno</sln:miejscNazwa><sln:miejscRodzaj>Wieś</sln:miejscRodzaj><sln:powIIPId>06437711-b083-4479-a66e-e78888507e51</sln:powIIPId><sln:powIIPPn>PL.PZGIK.200</sln:powIIPPn><sln:powIIPWersja>2012-09-27T08:13:53+02:00</sln:powIIPWersja><sln:powIdTeryt>1423</sln:powIdTeryt><sln:powNazwa>przysuski</sln:powNazwa><sln:waznyOd>2014-06-23T00:00:00+02:00</sln:waznyOd><sln:wojIIPId>4b6c492a-eb04-441d-a92a-f44359c06de7</sln:wojIIPId><sln:wojIIPPn>PL.PZGIK.200</sln:wojIIPPn><sln:wojIIPWersja>2012-09-27T13:45:13+02:00</sln:wojIIPWersja><sln:wojIdTeryt>14</sln:wojIdTeryt><sln:wojNazwa>mazowieckie</sln:wojNazwa></sln:miejscowosc><sln:miejscowosc><sln:cyklZyciaOd>2017-03-24T00:00:00+01:00</sln:cyklZyciaOd><sln:gmIIPId>6a6d28ce-880f-4b74-a1ba-e1a9c1fdf6ce</sln:gmIIPId><sln:gmIIPPn>PL.PZGIK.200</sln:gmIIPPn><sln:gmIIPWersja>2012-09-26T22:55:00+02:00</sln:gmIIPWersja><sln:gmIdTeryt>1423082</sln:gmIdTeryt><sln:gmNazwa>Wieniawa</sln:gmNazwa><sln:miejscIIPId>3a3d31aa-4016-4446-96dc-0abbc12a3fcf</sln:miejscIIPId><sln:miejscIIPPn>PL.PZGIK.200</sln:miejscIIPPn><sln:miejscIIPWersja>2017-03-24T17:56:23+02:00</sln:miejscIIPWersja><sln:miejscIdTeryt>0640857</sln:miejscIdTeryt><sln:miejscNazwa>Sokolniki Mokre</sln:miejscNazwa><sln:miejscRodzaj>Wieś</sln:miejscRodzaj><sln:powIIPId>06437711-b083-4479-a66e-e78888507e51</sln:powIIPId><sln:powIIPPn>PL.PZGIK.200</sln:powIIPPn><sln:powIIPWersja>2012-09-27T08:13:53+02:00</sln:powIIPWersja><sln:powIdTeryt>1423</sln:powIdTeryt><sln:powNazwa>przysuski</sln:powNazwa><sln:waznyOd>2014-06-23T00:00:00+02:00</sln:waznyOd><sln:wojIIPId>4b6c492a-eb04-441d-a92a-f44359c06de7</sln:wojIIPId><sln:wojIIPPn>PL.PZGIK.200</sln:wojIIPPn><sln:wojIIPWersja>2012-09-27T13:45:13+02:00</sln:wojIIPWersja><sln:wojIdTeryt>14</sln:wojIdTeryt><sln:wojNazwa>mazowieckie</sln:wojNazwa></sln:miejscowosc><sln:miejscowosc><sln:cyklZyciaOd>2017-03-24T00:00:00+01:00</sln:cyklZyciaOd><sln:gmIIPId>6a6d28ce-880f-4b74-a1ba-e1a9c1fdf6ce</sln:gmIIPId><sln:gmIIPPn>PL.PZGIK.200</sln:gmIIPPn><sln:gmIIPWersja>2012-09-26T22:55:00+02:00</sln:gmIIPWersja><sln:gmIdTeryt>1423082</sln:gmIdTeryt><sln:gmNazwa>Wieniawa</sln:gmNazwa><sln:miejscIIPId>c56acf55-39fa-41a0-bb0d-b0dff42dd448</sln:miejscIIPId><sln:miejscIIPPn>PL.PZGIK.200</sln:miejscIIPPn><sln:miejscIIPWersja>2017-03-24T17:56:24+02:00</sln:miejscIIPWersja><sln:miejscIdTeryt>0640863</sln:miejscIdTeryt><sln:miejscNazwa>Sokolniki Suche</sln:miejscNazwa><sln:miejscRodzaj>Wieś</sln:miejscRodzaj><sln:powIIPId>06437711-b083-4479-a66e-e78888507e51</sln:powIIPId><sln:powIIPPn>PL.PZGIK.200</sln:powIIPPn><sln:powIIPWersja>2012-09-27T08:13:53+02:00</sln:powIIPWersja><sln:powIdTeryt>1423</sln:powIdTeryt><sln:powNazwa>przysuski</sln:powNazwa><sln:waznyOd>2014-06-23T00:00:00+02:00</sln:waznyOd><sln:wojIIPId>4b6c492a-eb04-441d-a92a-f44359c06de7</sln:wojIIPId><sln:wojIIPPn>PL.PZGIK.200</sln:wojIIPPn><sln:wojIIPWersja>2012-09-27T13:45:13+02:00</sln:wojIIPWersja><sln:wojIdTeryt>14</sln:wojIdTeryt><sln:wojNazwa>mazowieckie</sln:wojNazwa></sln:miejscowosc><sln:miejscowosc><sln:cyklZyciaOd>2017-03-24T00:00:00+01:00</sln:cyklZyciaOd><sln:gmIIPId>6a6d28ce-880f-4b74-a1ba-e1a9c1fdf6ce</sln:gmIIPId><sln:gmIIPPn>PL.PZGIK.200</sln:gmIIPPn><sln:gmIIPWersja>2012-09-26T22:55:00+02:00</sln:gmIIPWersja><sln:gmIdTeryt>1423082</sln:gmIdTeryt><sln:gmNazwa>Wieniawa</sln:gmNazwa><sln:miejscIIPId>e1800619-ff22-499e-b90b-554c07edea8a</sln:miejscIIPId><sln:miejscIIPPn>PL.PZGIK.200</sln:miejscIIPPn><sln:miejscIIPWersja>2017-03-24T17:56:24+02:00</sln:miejscIIPWersja><sln:miejscIdTeryt>0640886</sln:miejscIdTeryt><sln:miejscNazwa>Wieniawa</sln:miejscNazwa><sln:miejscRodzaj>Wieś</sln:miejscRodzaj><sln:powIIPId>06437711-b083-4479-a66e-e78888507e51</sln:powIIPId><sln:powIIPPn>PL.PZGIK.200</sln:powIIPPn><sln:powIIPWersja>2012-09-27T08:13:53+02:00</sln:powIIPWersja><sln:powIdTeryt>1423</sln:powIdTeryt><sln:powNazwa>przysuski</sln:powNazwa><sln:waznyOd>2014-06-23T00:00:00+02:00</sln:waznyOd><sln:wojIIPId>4b6c492a-eb04-441d-a92a-f44359c06de7</sln:wojIIPId><sln:wojIIPPn>PL.PZGIK.200</sln:wojIIPPn><sln:wojIIPWersja>2012-09-27T13:45:13+02:00</sln:wojIIPWersja><sln:wojIdTeryt>14</sln:wojIdTeryt><sln:wojNazwa>mazowieckie</sln:wojNazwa></sln:miejscowosc><sln:miejscowosc><sln:cyklZyciaOd>2017-03-24T00:00:00+01:00</sln:cyklZyciaOd><sln:gmIIPId>6a6d28ce-880f-4b74-a1ba-e1a9c1fdf6ce</sln:gmIIPId><sln:gmIIPPn>PL.PZGIK.200</sln:gmIIPPn><sln:gmIIPWersja>2012-09-26T22:55:00+02:00</sln:gmIIPWersja><sln:gmIdTeryt>1423082</sln:gmIdTeryt><sln:gmNazwa>Wieniawa</sln:gmNazwa><sln:miejscIIPId>411af972-e441-4c9d-a736-71c811d29030</sln:miejscIIPId><sln:miejscIIPPn>PL.PZGIK.200</sln:miejscIIPPn><sln:miejscIIPWersja>2017-03-24T17:56:24+02:00</sln:miejscIIPWersja><sln:miejscIdTeryt>0640892</sln:miejscIdTeryt><sln:miejscNazwa>Wola Brudnowska</sln:miejscNazwa><sln:miejscRodzaj>Wieś</sln:miejscRodzaj><sln:powIIPId>06437711-b083-4479-a66e-e78888507e51</sln:powIIPId><sln:powIIPPn>PL.PZGIK.200</sln:powIIPPn><sln:powIIPWersja>2012-09-27T08:13:53+02:00</sln:powIIPWersja><sln:powIdTeryt>1423</sln:powIdTeryt><sln:powNazwa>przysuski</sln:powNazwa><sln:waznyOd>2014-06-23T00:00:00+02:00</sln:waznyOd><sln:wojIIPId>4b6c492a-eb04-441d-a92a-f44359c06de7</sln:wojIIPId><sln:wojIIPPn>PL.PZGIK.200</sln:wojIIPPn><sln:wojIIPWersja>2012-09-27T13:45:13+02:00</sln:wojIIPWersja><sln:wojIdTeryt>14</sln:wojIdTeryt><sln:wojNazwa>mazowieckie</sln:wojNazwa></sln:miejscowosc><sln:miejscowosc><sln:cyklZyciaOd>2017-03-24T00:00:00+01:00</sln:cyklZyciaOd><sln:gmIIPId>6a6d28ce-880f-4b74-a1ba-e1a9c1fdf6ce</sln:gmIIPId><sln:gmIIPPn>PL.PZGIK.200</sln:gmIIPPn><sln:gmIIPWersja>2012-09-26T22:55:00+02:00</sln:gmIIPWersja><sln:gmIdTeryt>1423082</sln:gmIdTeryt><sln:gmNazwa>Wieniawa</sln:gmNazwa><sln:miejscIIPId>f2706199-b69b-4d95-80b2-b158fddce7e7</sln:miejscIIPId><sln:miejscIIPPn>PL.PZGIK.200</sln:miejscIIPPn><sln:miejscIIPWersja>2017-03-24T17:56:24+02:00</sln:miejscIIPWersja><sln:miejscIdTeryt>0640900</sln:miejscIdTeryt><sln:miejscNazwa>Wydrzyn</sln:miejscNazwa><sln:miejscRodzaj>Wieś</sln:miejscRodzaj><sln:powIIPId>06437711-b083-4479-a66e-e78888507e51</sln:powIIPId><sln:powIIPPn>PL.PZGIK.200</sln:powIIPPn><sln:powIIPWersja>2012-09-27T08:13:53+02:00</sln:powIIPWersja><sln:powIdTeryt>1423</sln:powIdTeryt><sln:powNazwa>przysuski</sln:powNazwa><sln:waznyOd>2014-06-23T00:00:00+02:00</sln:waznyOd><sln:wojIIPId>4b6c492a-eb04-441d-a92a-f44359c06de7</sln:wojIIPId><sln:wojIIPPn>PL.PZGIK.200</sln:wojIIPPn><sln:wojIIPWersja>2012-09-27T13:45:13+02:00</sln:wojIIPWersja><sln:wojIdTeryt>14</sln:wojIdTeryt><sln:wojNazwa>mazowieckie</sln:wojNazwa></sln:miejscowosc><sln:miejscowosc><sln:cyklZyciaOd>2017-03-24T00:00:00+01:00</sln:cyklZyciaOd><sln:gmIIPId>6a6d28ce-880f-4b74-a1ba-e1a9c1fdf6ce</sln:gmIIPId><sln:gmIIPPn>PL.PZGIK.200</sln:gmIIPPn><sln:gmIIPWersja>2012-09-26T22:55:00+02:00</sln:gmIIPWersja><sln:gmIdTeryt>1423082</sln:gmIdTeryt><sln:gmNazwa>Wieniawa</sln:gmNazwa><sln:miejscIIPId>7174c218-5396-4b9c-af5f-3907ee292a02</sln:miejscIIPId><sln:miejscIIPPn>PL.PZGIK.200</sln:miejscIIPPn><sln:miejscIIPWersja>2017-03-24T17:56:24+02:00</sln:miejscIIPWersja><sln:miejscIdTeryt>0640923</sln:miejscIdTeryt><sln:miejscNazwa>Zadąbrów</sln:miejscNazwa><sln:miejscRodzaj>Przysiółek</sln:miejscRodzaj><sln:powIIPId>06437711-b083-4479-a66e-e78888507e51</sln:powIIPId><sln:powIIPPn>PL.PZGIK.200</sln:powIIPPn><sln:powIIPWersja>2012-09-27T08:13:53+02:00</sln:powIIPWersja><sln:powIdTeryt>1423</sln:powIdTeryt><sln:powNazwa>przysuski</sln:powNazwa><sln:waznyOd>2014-06-23T00:00:00+02:00</sln:waznyOd><sln:wojIIPId>4b6c492a-eb04-441d-a92a-f44359c06de7</sln:wojIIPId><sln:wojIIPPn>PL.PZGIK.200</sln:wojIIPPn><sln:wojIIPWersja>2012-09-27T13:45:13+02:00</sln:wojIIPWersja><sln:wojIdTeryt>14</sln:wojIdTeryt><sln:wojNazwa>mazowieckie</sln:wojNazwa></sln:miejscowosc><sln:miejscowosc><sln:cyklZyciaOd>2017-03-24T00:00:00+01:00</sln:cyklZyciaOd><sln:gmIIPId>6a6d28ce-880f-4b74-a1ba-e1a9c1fdf6ce</sln:gmIIPId><sln:gmIIPPn>PL.PZGIK.200</sln:gmIIPPn><sln:gmIIPWersja>2012-09-26T22:55:00+02:00</sln:gmIIPWersja><sln:gmIdTeryt>1423082</sln:gmIdTeryt><sln:gmNazwa>Wieniawa</sln:gmNazwa><sln:miejscIIPId>ec430098-2133-4863-98a0-29f0046cadae</sln:miejscIIPId><sln:miejscIIPPn>PL.PZGIK.200</sln:miejscIIPPn><sln:miejscIIPWersja>2017-03-24T17:56:24+02:00</sln:miejscIIPWersja><sln:miejscIdTeryt>0640930</sln:miejscIdTeryt><sln:miejscNazwa>Zagórze</sln:miejscNazwa><sln:miejscRodzaj>Wieś</sln:miejscRodzaj><sln:powIIPId>06437711-b083-4479-a66e-e78888507e51</sln:powIIPId><sln:powIIPPn>PL.PZGIK.200</sln:powIIPPn><sln:powIIPWersja>2012-09-27T08:13:53+02:00</sln:powIIPWersja><sln:powIdTeryt>1423</sln:powIdTeryt><sln:powNazwa>przysuski</sln:powNazwa><sln:waznyOd>2014-06-23T00:00:00+02:00</sln:waznyOd><sln:wojIIPId>4b6c492a-eb04-441d-a92a-f44359c06de7</sln:wojIIPId><sln:wojIIPPn>PL.PZGIK.200</sln:wojIIPPn><sln:wojIIPWersja>2012-09-27T13:45:13+02:00</sln:wojIIPWersja><sln:wojIdTeryt>14</sln:wojIdTeryt><sln:wojNazwa>mazowieckie</sln:wojNazwa></sln:miejscowosc><sln:miejscowosc><sln:cyklZyciaOd>2017-03-24T00:00:00+01:00</sln:cyklZyciaOd><sln:gmIIPId>6a6d28ce-880f-4b74-a1ba-e1a9c1fdf6ce</sln:gmIIPId><sln:gmIIPPn>PL.PZGIK.200</sln:gmIIPPn><sln:gmIIPWersja>2012-09-26T22:55:00+02:00</sln:gmIIPWersja><sln:gmIdTeryt>1423082</sln:gmIdTeryt><sln:gmNazwa>Wieniawa</sln:gmNazwa><sln:miejscIIPId>e1911dcd-9d70-40d8-8aee-e90765214c32</sln:miejscIIPId><sln:miejscIIPPn>PL.PZGIK.200</sln:miejscIIPPn><sln:miejscIIPWersja>2017-03-24T17:56:24+02:00</sln:miejscIIPWersja><sln:miejscIdTeryt>0640952</sln:miejscIdTeryt><sln:miejscNazwa>Zawady</sln:miejscNazwa><sln:miejscRodzaj>Wieś</sln:miejscRodzaj><sln:powIIPId>06437711-b083-4479-a66e-e78888507e51</sln:powIIPId><sln:powIIPPn>PL.PZGIK.200</sln:powIIPPn><sln:powIIPWersja>2012-09-27T08:13:53+02:00</sln:powIIPWersja><sln:powIdTeryt>1423</sln:powIdTeryt><sln:powNazwa>przysuski</sln:powNazwa><sln:waznyOd>2014-06-23T00:00:00+02:00</sln:waznyOd><sln:wojIIPId>4b6c492a-eb04-441d-a92a-f44359c06de7</sln:wojIIPId><sln:wojIIPPn>PL.PZGIK.200</sln:wojIIPPn><sln:wojIIPWersja>2012-09-27T13:45:13+02:00</sln:wojIIPWersja><sln:wojIdTeryt>14</sln:wojIdTeryt><sln:wojNazwa>mazowieckie</sln:wojNazwa></sln:miejscowosc><sln:miejscowosc><sln:cyklZyciaOd>2017-03-24T00:00:00+01:00</sln:cyklZyciaOd><sln:gmIIPId>6a6d28ce-880f-4b74-a1ba-e1a9c1fdf6ce</sln:gmIIPId><sln:gmIIPPn>PL.PZGIK.200</sln:gmIIPPn><sln:gmIIPWersja>2012-09-26T22:55:00+02:00</sln:gmIIPWersja><sln:gmIdTeryt>1423082</sln:gmIdTeryt><sln:gmNazwa>Wieniawa</sln:gmNazwa><sln:miejscIIPId>d057c730-9529-4eb5-a7aa-58e2cdd338a3</sln:miejscIIPId><sln:miejscIIPPn>PL.PZGIK.200</sln:miejscIIPPn><sln:miejscIIPWersja>2017-03-24T17:56:24+02:00</sln:miejscIIPWersja><sln:miejscIdTeryt>0640969</sln:miejscIdTeryt><sln:miejscNazwa>Żuków</sln:miejscNazwa><sln:miejscRodzaj>Wieś</sln:miejscRodzaj><sln:powIIPId>06437711-b083-4479-a66e-e78888507e51</sln:powIIPId><sln:powIIPPn>PL.PZGIK.200</sln:powIIPPn><sln:powIIPWersja>2012-09-27T08:13:53+02:00</sln:powIIPWersja><sln:powIdTeryt>1423</sln:powIdTeryt><sln:powNazwa>przysuski</sln:powNazwa><sln:waznyOd>2014-06-23T00:00:00+02:00</sln:waznyOd><sln:wojIIPId>4b6c492a-eb04-441d-a92a-f44359c06de7</sln:wojIIPId><sln:wojIIPPn>PL.PZGIK.200</sln:wojIIPPn><sln:wojIIPWersja>2012-09-27T13:45:13+02:00</sln:wojIIPWersja><sln:wojIdTeryt>14</sln:wojIdTeryt><sln:wojNazwa>mazowieckie</sln:wojNazwa></sln:miejscowosc></sln:lista-miejscowosci>