<?xml version="1.0" encoding="UTF-8" standalone="yes"?><sln:lista-miejscowosci xmlns:srv="http://gugik.gov.pl/schemas/slowniki-service/1.0" xmlns:sln="http://gugik.gov.pl/schemas/slowniki-schema/1.0"><sln:miejscowosc><sln:cyklZyciaDo>2017-12-19T00:00:00+01:00</sln:cyklZyciaDo><sln:cyklZyciaOd>2015-03-04T00:00:00+01:00</sln:cyklZyciaOd><sln:gmIIPId>48e7d870-86f0-422c-9b3b-c1adc0f522ae</sln:gmIIPId><sln:gmIIPPn>PL.PZGIK.200</sln:gmIIPPn><sln:gmIIPWersja>2012-09-26T22:55:19+02:00</sln:gmIIPWersja><sln:gmIdTeryt>1424052</sln:gmIdTeryt><sln:gmNazwa>Świercze</sln:gmNazwa><sln:miejscIIPId>ba0b6841-a050-447b-af37-d61f37741ef0</sln:miejscIIPId><sln:miejscIIPPn>PL.PZGIK.200</sln:miejscIIPPn><sln:miejscIIPWersja>2016-11-24T09:16:18+02:00</sln:miejscIIPWersja><sln:miejscIdTeryt>0128303</sln:miejscIdTeryt><sln:miejscNazwa>Brodowo</sln:miejscNazwa><sln:miejscRodzaj>Inny obiekt</sln:miejscRodzaj><sln:powIIPId>05b6cec3-bcc8-4029-a0bc-99c40ff3c159</sln:powIIPId><sln:powIIPPn>PL.PZGIK.200</sln:powIIPPn><sln:powIIPWersja>2012-09-27T08:13:53+02:00</sln:powIIPWersja><sln:powIdTeryt>1424</sln:powIdTeryt><sln:powNazwa>pułtuski</sln:powNazwa><sln:waznyOd>2013-10-17T00:00:00+02:00</sln:waznyOd><sln:wojIIPId>4b6c492a-eb04-441d-a92a-f44359c06de7</sln:wojIIPId><sln:wojIIPPn>PL.PZGIK.200</sln:wojIIPPn><sln:wojIIPWersja>2012-09-27T13:45:13+02:00</sln:wojIIPWersja><sln:wojIdTeryt>14</sln:wojIdTeryt><sln:wojNazwa>mazowieckie</sln:wojNazwa></sln:miejscowosc><sln:miejscowosc><sln:cyklZyciaDo>2017-12-19T00:00:00+01:00</sln:cyklZyciaDo><sln:cyklZyciaOd>2015-03-04T00:00:00+01:00</sln:cyklZyciaOd><sln:gmIIPId>48e7d870-86f0-422c-9b3b-c1adc0f522ae</sln:gmIIPId><sln:gmIIPPn>PL.PZGIK.200</sln:gmIIPPn><sln:gmIIPWersja>2012-09-26T22:55:19+02:00</sln:gmIIPWersja><sln:gmIdTeryt>1424052</sln:gmIdTeryt><sln:gmNazwa>Świercze</sln:gmNazwa><sln:miejscIIPId>ed3b1f2e-82cf-42ef-b86a-548265949659</sln:miejscIIPId><sln:miejscIIPPn>PL.PZGIK.200</sln:miejscIIPPn><sln:miejscIIPWersja>2016-11-24T09:16:18+02:00</sln:miejscIIPWersja><sln:miejscIdTeryt>0128332</sln:miejscIdTeryt><sln:miejscNazwa>Bruliny</sln:miejscNazwa><sln:miejscRodzaj>Inny obiekt</sln:miejscRodzaj><sln:powIIPId>05b6cec3-bcc8-4029-a0bc-99c40ff3c159</sln:powIIPId><sln:powIIPPn>PL.PZGIK.200</sln:powIIPPn><sln:powIIPWersja>2012-09-27T08:13:53+02:00</sln:powIIPWersja><sln:powIdTeryt>1424</sln:powIdTeryt><sln:powNazwa>pułtuski</sln:powNazwa><sln:waznyOd>2013-10-17T00:00:00+02:00</sln:waznyOd><sln:wojIIPId>4b6c492a-eb04-441d-a92a-f44359c06de7</sln:wojIIPId><sln:wojIIPPn>PL.PZGIK.200</sln:wojIIPPn><sln:wojIIPWersja>2012-09-27T13:45:13+02:00</sln:wojIIPWersja><sln:wojIdTeryt>14</sln:wojIdTeryt><sln:wojNazwa>mazowieckie</sln:wojNazwa></sln:miejscowosc><sln:miejscowosc><sln:cyklZyciaDo>2017-12-19T00:00:00+01:00</sln:cyklZyciaDo><sln:cyklZyciaOd>2015-03-04T00:00:00+01:00</sln:cyklZyciaOd><sln:gmIIPId>48e7d870-86f0-422c-9b3b-c1adc0f522ae</sln:gmIIPId><sln:gmIIPPn>PL.PZGIK.200</sln:gmIIPPn><sln:gmIIPWersja>2012-09-26T22:55:19+02:00</sln:gmIIPWersja><sln:gmIdTeryt>1424052</sln:gmIdTeryt><sln:gmNazwa>Świercze</sln:gmNazwa><sln:miejscIIPId>38dd6509-2ace-47ad-9c76-c31b2d6e591e</sln:miejscIIPId><sln:miejscIIPPn>PL.PZGIK.200</sln:miejscIIPPn><sln:miejscIIPWersja>2016-11-24T09:16:18+02:00</sln:miejscIIPWersja><sln:miejscIdTeryt>0128361</sln:miejscIdTeryt><sln:miejscNazwa>Bylice</sln:miejscNazwa><sln:miejscRodzaj>Inny obiekt</sln:miejscRodzaj><sln:powIIPId>05b6cec3-bcc8-4029-a0bc-99c40ff3c159</sln:powIIPId><sln:powIIPPn>PL.PZGIK.200</sln:powIIPPn><sln:powIIPWersja>2012-09-27T08:13:53+02:00</sln:powIIPWersja><sln:powIdTeryt>1424</sln:powIdTeryt><sln:powNazwa>pułtuski</sln:powNazwa><sln:waznyOd>2013-10-17T00:00:00+02:00</sln:waznyOd><sln:wojIIPId>4b6c492a-eb04-441d-a92a-f44359c06de7</sln:wojIIPId><sln:wojIIPPn>PL.PZGIK.200</sln:wojIIPPn><sln:wojIIPWersja>2012-09-27T13:45:13+02:00</sln:wojIIPWersja><sln:wojIdTeryt>14</sln:wojIdTeryt><sln:wojNazwa>mazowieckie</sln:wojNazwa></sln:miejscowosc><sln:miejscowosc><sln:cyklZyciaDo>2017-12-19T00:00:00+01:00</sln:cyklZyciaDo><sln:cyklZyciaOd>2015-03-04T00:00:00+01:00</sln:cyklZyciaOd><sln:gmIIPId>48e7d870-86f0-422c-9b3b-c1adc0f522ae</sln:gmIIPId><sln:gmIIPPn>PL.PZGIK.200</sln:gmIIPPn><sln:gmIIPWersja>2012-09-26T22:55:19+02:00</sln:gmIIPWersja><sln:gmIdTeryt>1424052</sln:gmIdTeryt><sln:gmNazwa>Świercze</sln:gmNazwa><sln:miejscIIPId>d6ae0ab6-bfab-4061-a7f6-8e10627dbdcc</sln:miejscIIPId><sln:miejscIIPPn>PL.PZGIK.200</sln:miejscIIPPn><sln:miejscIIPWersja>2016-11-24T09:16:18+02:00</sln:miejscIIPWersja><sln:miejscIdTeryt>0128378</sln:miejscIdTeryt><sln:miejscNazwa>Chmielewo</sln:miejscNazwa><sln:miejscRodzaj>Inny obiekt</sln:miejscRodzaj><sln:powIIPId>05b6cec3-bcc8-4029-a0bc-99c40ff3c159</sln:powIIPId><sln:powIIPPn>PL.PZGIK.200</sln:powIIPPn><sln:powIIPWersja>2012-09-27T08:13:53+02:00</sln:powIIPWersja><sln:powIdTeryt>1424</sln:powIdTeryt><sln:powNazwa>pułtuski</sln:powNazwa><sln:waznyOd>2013-10-17T00:00:00+02:00</sln:waznyOd><sln:wojIIPId>4b6c492a-eb04-441d-a92a-f44359c06de7</sln:wojIIPId><sln:wojIIPPn>PL.PZGIK.200</sln:wojIIPPn><sln:wojIIPWersja>2012-09-27T13:45:13+02:00</sln:wojIIPWersja><sln:wojIdTeryt>14</sln:wojIdTeryt><sln:wojNazwa>mazowieckie</sln:wojNazwa></sln:miejscowosc><sln:miejscowosc><sln:cyklZyciaDo>2017-12-19T00:00:00+01:00</sln:cyklZyciaDo><sln:cyklZyciaOd>2015-03-04T00:00:00+01:00</sln:cyklZyciaOd><sln:gmIIPId>48e7d870-86f0-422c-9b3b-c1adc0f522ae</sln:gmIIPId><sln:gmIIPPn>PL.PZGIK.200</sln:gmIIPPn><sln:gmIIPWersja>2012-09-26T22:55:19+02:00</sln:gmIIPWersja><sln:gmIdTeryt>1424052</sln:gmIdTeryt><sln:gmNazwa>Świercze</sln:gmNazwa><sln:miejscIIPId>eab773ec-6c59-4a69-81b9-c122b5f9c586</sln:miejscIIPId><sln:miejscIIPPn>PL.PZGIK.200</sln:miejscIIPPn><sln:miejscIIPWersja>2016-11-24T09:16:18+02:00</sln:miejscIIPWersja><sln:miejscIdTeryt>0128409</sln:miejscIdTeryt><sln:miejscNazwa>Dziarno</sln:miejscNazwa><sln:miejscRodzaj>Inny obiekt</sln:miejscRodzaj><sln:powIIPId>05b6cec3-bcc8-4029-a0bc-99c40ff3c159</sln:powIIPId><sln:powIIPPn>PL.PZGIK.200</sln:powIIPPn><sln:powIIPWersja>2012-09-27T08:13:53+02:00</sln:powIIPWersja><sln:powIdTeryt>1424</sln:powIdTeryt><sln:powNazwa>pułtuski</sln:powNazwa><sln:waznyOd>2013-10-17T00:00:00+02:00</sln:waznyOd><sln:wojIIPId>4b6c492a-eb04-441d-a92a-f44359c06de7</sln:wojIIPId><sln:wojIIPPn>PL.PZGIK.200</sln:wojIIPPn><sln:wojIIPWersja>2012-09-27T13:45:13+02:00</sln:wojIIPWersja><sln:wojIdTeryt>14</sln:wojIdTeryt><sln:wojNazwa>mazowieckie</sln:wojNazwa></sln:miejscowosc><sln:miejscowosc><sln:cyklZyciaDo>2017-12-19T00:00:00+01:00</sln:cyklZyciaDo><sln:cyklZyciaOd>2015-03-04T00:00:00+01:00</sln:cyklZyciaOd><sln:gmIIPId>48e7d870-86f0-422c-9b3b-c1adc0f522ae</sln:gmIIPId><sln:gmIIPPn>PL.PZGIK.200</sln:gmIIPPn><sln:gmIIPWersja>2012-09-26T22:55:19+02:00</sln:gmIIPWersja><sln:gmIdTeryt>1424052</sln:gmIdTeryt><sln:gmNazwa>Świercze</sln:gmNazwa><sln:miejscIIPId>1349618c-4563-46ac-b3ed-4ed3c4f68fe6</sln:miejscIIPId><sln:miejscIIPPn>PL.PZGIK.200</sln:miejscIIPPn><sln:miejscIIPWersja>2016-11-24T09:16:18+02:00</sln:miejscIIPWersja><sln:miejscIdTeryt>0128415</sln:miejscIdTeryt><sln:miejscNazwa>Gaj</sln:miejscNazwa><sln:miejscRodzaj>Inny obiekt</sln:miejscRodzaj><sln:powIIPId>05b6cec3-bcc8-4029-a0bc-99c40ff3c159</sln:powIIPId><sln:powIIPPn>PL.PZGIK.200</sln:powIIPPn><sln:powIIPWersja>2012-09-27T08:13:53+02:00</sln:powIIPWersja><sln:powIdTeryt>1424</sln:powIdTeryt><sln:powNazwa>pułtuski</sln:powNazwa><sln:waznyOd>2013-10-17T00:00:00+02:00</sln:waznyOd><sln:wojIIPId>4b6c492a-eb04-441d-a92a-f44359c06de7</sln:wojIIPId><sln:wojIIPPn>PL.PZGIK.200</sln:wojIIPPn><sln:wojIIPWersja>2012-09-27T13:45:13+02:00</sln:wojIIPWersja><sln:wojIdTeryt>14</sln:wojIdTeryt><sln:wojNazwa>mazowieckie</sln:wojNazwa></sln:miejscowosc><sln:miejscowosc><sln:cyklZyciaDo>2017-12-19T00:00:00+01:00</sln:cyklZyciaDo><sln:cyklZyciaOd>2015-03-04T00:00:00+01:00</sln:cyklZyciaOd><sln:gmIIPId>48e7d870-86f0-422c-9b3b-c1adc0f522ae</sln:gmIIPId><sln:gmIIPPn>PL.PZGIK.200</sln:gmIIPPn><sln:gmIIPWersja>2012-09-26T22:55:19+02:00</sln:gmIIPWersja><sln:gmIdTeryt>1424052</sln:gmIdTeryt><sln:gmNazwa>Świercze</sln:gmNazwa><sln:miejscIIPId>746b5637-ae29-4223-a5ce-c17b2ac48a44</sln:miejscIIPId><sln:miejscIIPPn>PL.PZGIK.200</sln:miejscIIPPn><sln:miejscIIPWersja>2016-11-24T09:16:18+02:00</sln:miejscIIPWersja><sln:miejscIdTeryt>0128421</sln:miejscIdTeryt><sln:miejscNazwa>Gąsiorowo</sln:miejscNazwa><sln:miejscRodzaj>Inny obiekt</sln:miejscRodzaj><sln:powIIPId>05b6cec3-bcc8-4029-a0bc-99c40ff3c159</sln:powIIPId><sln:powIIPPn>PL.PZGIK.200</sln:powIIPPn><sln:powIIPWersja>2012-09-27T08:13:53+02:00</sln:powIIPWersja><sln:powIdTeryt>1424</sln:powIdTeryt><sln:powNazwa>pułtuski</sln:powNazwa><sln:waznyOd>2013-10-17T00:00:00+02:00</sln:waznyOd><sln:wojIIPId>4b6c492a-eb04-441d-a92a-f44359c06de7</sln:wojIIPId><sln:wojIIPPn>PL.PZGIK.200</sln:wojIIPPn><sln:wojIIPWersja>2012-09-27T13:45:13+02:00</sln:wojIIPWersja><sln:wojIdTeryt>14</sln:wojIdTeryt><sln:wojNazwa>mazowieckie</sln:wojNazwa></sln:miejscowosc><sln:miejscowosc><sln:cyklZyciaDo>2017-12-19T00:00:00+01:00</sln:cyklZyciaDo><sln:cyklZyciaOd>2015-03-04T00:00:00+01:00</sln:cyklZyciaOd><sln:gmIIPId>48e7d870-86f0-422c-9b3b-c1adc0f522ae</sln:gmIIPId><sln:gmIIPPn>PL.PZGIK.200</sln:gmIIPPn><sln:gmIIPWersja>2012-09-26T22:55:19+02:00</sln:gmIIPWersja><sln:gmIdTeryt>1424052</sln:gmIdTeryt><sln:gmNazwa>Świercze</sln:gmNazwa><sln:miejscIIPId>280cf7c7-b8a3-4368-8ba0-eb31299cc023</sln:miejscIIPId><sln:miejscIIPPn>PL.PZGIK.200</sln:miejscIIPPn><sln:miejscIIPWersja>2016-11-24T09:16:18+02:00</sln:miejscIIPWersja><sln:miejscIdTeryt>0128438</sln:miejscIdTeryt><sln:miejscNazwa>Gąsiorówek</sln:miejscNazwa><sln:miejscRodzaj>Inny obiekt</sln:miejscRodzaj><sln:powIIPId>05b6cec3-bcc8-4029-a0bc-99c40ff3c159</sln:powIIPId><sln:powIIPPn>PL.PZGIK.200</sln:powIIPPn><sln:powIIPWersja>2012-09-27T08:13:53+02:00</sln:powIIPWersja><sln:powIdTeryt>1424</sln:powIdTeryt><sln:powNazwa>pułtuski</sln:powNazwa><sln:waznyOd>2013-10-17T00:00:00+02:00</sln:waznyOd><sln:wojIIPId>4b6c492a-eb04-441d-a92a-f44359c06de7</sln:wojIIPId><sln:wojIIPPn>PL.PZGIK.200</sln:wojIIPPn><sln:wojIIPWersja>2012-09-27T13:45:13+02:00</sln:wojIIPWersja><sln:wojIdTeryt>14</sln:wojIdTeryt><sln:wojNazwa>mazowieckie</sln:wojNazwa></sln:miejscowosc><sln:miejscowosc><sln:cyklZyciaDo>2017-12-19T00:00:00+01:00</sln:cyklZyciaDo><sln:cyklZyciaOd>2015-03-04T00:00:00+01:00</sln:cyklZyciaOd><sln:gmIIPId>48e7d870-86f0-422c-9b3b-c1adc0f522ae</sln:gmIIPId><sln:gmIIPPn>PL.PZGIK.200</sln:gmIIPPn><sln:gmIIPWersja>2012-09-26T22:55:19+02:00</sln:gmIIPWersja><sln:gmIdTeryt>1424052</sln:gmIdTeryt><sln:gmNazwa>Świercze</sln:gmNazwa><sln:miejscIIPId>752cbee4-0462-4e29-841e-3cc22f67f8d2</sln:miejscIIPId><sln:miejscIIPPn>PL.PZGIK.200</sln:miejscIIPPn><sln:miejscIIPWersja>2016-11-24T09:16:18+02:00</sln:miejscIIPWersja><sln:miejscIdTeryt>0128444</sln:miejscIdTeryt><sln:miejscNazwa>Godacze</sln:miejscNazwa><sln:miejscRodzaj>Inny obiekt</sln:miejscRodzaj><sln:powIIPId>05b6cec3-bcc8-4029-a0bc-99c40ff3c159</sln:powIIPId><sln:powIIPPn>PL.PZGIK.200</sln:powIIPPn><sln:powIIPWersja>2012-09-27T08:13:53+02:00</sln:powIIPWersja><sln:powIdTeryt>1424</sln:powIdTeryt><sln:powNazwa>pułtuski</sln:powNazwa><sln:waznyOd>2013-10-17T00:00:00+02:00</sln:waznyOd><sln:wojIIPId>4b6c492a-eb04-441d-a92a-f44359c06de7</sln:wojIIPId><sln:wojIIPPn>PL.PZGIK.200</sln:wojIIPPn><sln:wojIIPWersja>2012-09-27T13:45:13+02:00</sln:wojIIPWersja><sln:wojIdTeryt>14</sln:wojIdTeryt><sln:wojNazwa>mazowieckie</sln:wojNazwa></sln:miejscowosc><sln:miejscowosc><sln:cyklZyciaDo>2017-12-19T00:00:00+01:00</sln:cyklZyciaDo><sln:cyklZyciaOd>2015-03-04T00:00:00+01:00</sln:cyklZyciaOd><sln:gmIIPId>48e7d870-86f0-422c-9b3b-c1adc0f522ae</sln:gmIIPId><sln:gmIIPPn>PL.PZGIK.200</sln:gmIIPPn><sln:gmIIPWersja>2012-09-26T22:55:19+02:00</sln:gmIIPWersja><sln:gmIdTeryt>1424052</sln:gmIdTeryt><sln:gmNazwa>Świercze</sln:gmNazwa><sln:miejscIIPId>6b8bb8aa-99a5-4162-b037-ad74cd8eeba6</sln:miejscIIPId><sln:miejscIIPPn>PL.PZGIK.200</sln:miejscIIPPn><sln:miejscIIPWersja>2016-11-24T09:16:18+02:00</sln:miejscIIPWersja><sln:miejscIdTeryt>0128473</sln:miejscIdTeryt><sln:miejscNazwa>Gołębie</sln:miejscNazwa><sln:miejscRodzaj>Inny obiekt</sln:miejscRodzaj><sln:powIIPId>05b6cec3-bcc8-4029-a0bc-99c40ff3c159</sln:powIIPId><sln:powIIPPn>PL.PZGIK.200</sln:powIIPPn><sln:powIIPWersja>2012-09-27T08:13:53+02:00</sln:powIIPWersja><sln:powIdTeryt>1424</sln:powIdTeryt><sln:powNazwa>pułtuski</sln:powNazwa><sln:waznyOd>2013-10-17T00:00:00+02:00</sln:waznyOd><sln:wojIIPId>4b6c492a-eb04-441d-a92a-f44359c06de7</sln:wojIIPId><sln:wojIIPPn>PL.PZGIK.200</sln:wojIIPPn><sln:wojIIPWersja>2012-09-27T13:45:13+02:00</sln:wojIIPWersja><sln:wojIdTeryt>14</sln:wojIdTeryt><sln:wojNazwa>mazowieckie</sln:wojNazwa></sln:miejscowosc><sln:miejscowosc><sln:cyklZyciaDo>2017-12-19T00:00:00+01:00</sln:cyklZyciaDo><sln:cyklZyciaOd>2015-03-04T00:00:00+01:00</sln:cyklZyciaOd><sln:gmIIPId>48e7d870-86f0-422c-9b3b-c1adc0f522ae</sln:gmIIPId><sln:gmIIPPn>PL.PZGIK.200</sln:gmIIPPn><sln:gmIIPWersja>2012-09-26T22:55:19+02:00</sln:gmIIPWersja><sln:gmIdTeryt>1424052</sln:gmIdTeryt><sln:gmNazwa>Świercze</sln:gmNazwa><sln:miejscIIPId>ae224b9c-e415-4232-bbd4-ffade1b61197</sln:miejscIIPId><sln:miejscIIPPn>PL.PZGIK.200</sln:miejscIIPPn><sln:miejscIIPWersja>2016-11-24T09:16:18+02:00</sln:miejscIIPWersja><sln:miejscIdTeryt>0128496</sln:miejscIdTeryt><sln:miejscNazwa>Klukowo</sln:miejscNazwa><sln:miejscRodzaj>Inny obiekt</sln:miejscRodzaj><sln:powIIPId>05b6cec3-bcc8-4029-a0bc-99c40ff3c159</sln:powIIPId><sln:powIIPPn>PL.PZGIK.200</sln:powIIPPn><sln:powIIPWersja>2012-09-27T08:13:53+02:00</sln:powIIPWersja><sln:powIdTeryt>1424</sln:powIdTeryt><sln:powNazwa>pułtuski</sln:powNazwa><sln:waznyOd>2013-10-17T00:00:00+02:00</sln:waznyOd><sln:wojIIPId>4b6c492a-eb04-441d-a92a-f44359c06de7</sln:wojIIPId><sln:wojIIPPn>PL.PZGIK.200</sln:wojIIPPn><sln:wojIIPWersja>2012-09-27T13:45:13+02:00</sln:wojIIPWersja><sln:wojIdTeryt>14</sln:wojIdTeryt><sln:wojNazwa>mazowieckie</sln:wojNazwa></sln:miejscowosc><sln:miejscowosc><sln:cyklZyciaDo>2017-12-19T00:00:00+01:00</sln:cyklZyciaDo><sln:cyklZyciaOd>2015-03-04T00:00:00+01:00</sln:cyklZyciaOd><sln:gmIIPId>48e7d870-86f0-422c-9b3b-c1adc0f522ae</sln:gmIIPId><sln:gmIIPPn>PL.PZGIK.200</sln:gmIIPPn><sln:gmIIPWersja>2012-09-26T22:55:19+02:00</sln:gmIIPWersja><sln:gmIdTeryt>1424052</sln:gmIdTeryt><sln:gmNazwa>Świercze</sln:gmNazwa><sln:miejscIIPId>47a8fca4-bed1-4bc1-98d1-4cd51e729bac</sln:miejscIIPId><sln:miejscIIPPn>PL.PZGIK.200</sln:miejscIIPPn><sln:miejscIIPWersja>2016-11-24T09:16:18+02:00</sln:miejscIIPWersja><sln:miejscIdTeryt>0128510</sln:miejscIdTeryt><sln:miejscNazwa>Klukówek</sln:miejscNazwa><sln:miejscRodzaj>Inny obiekt</sln:miejscRodzaj><sln:powIIPId>05b6cec3-bcc8-4029-a0bc-99c40ff3c159</sln:powIIPId><sln:powIIPPn>PL.PZGIK.200</sln:powIIPPn><sln:powIIPWersja>2012-09-27T08:13:53+02:00</sln:powIIPWersja><sln:powIdTeryt>1424</sln:powIdTeryt><sln:powNazwa>pułtuski</sln:powNazwa><sln:waznyOd>2013-10-17T00:00:00+02:00</sln:waznyOd><sln:wojIIPId>4b6c492a-eb04-441d-a92a-f44359c06de7</sln:wojIIPId><sln:wojIIPPn>PL.PZGIK.200</sln:wojIIPPn><sln:wojIIPWersja>2012-09-27T13:45:13+02:00</sln:wojIIPWersja><sln:wojIdTeryt>14</sln:wojIdTeryt><sln:wojNazwa>mazowieckie</sln:wojNazwa></sln:miejscowosc><sln:miejscowosc><sln:cyklZyciaDo>2017-12-19T00:00:00+01:00</sln:cyklZyciaDo><sln:cyklZyciaOd>2015-03-04T00:00:00+01:00</sln:cyklZyciaOd><sln:gmIIPId>48e7d870-86f0-422c-9b3b-c1adc0f522ae</sln:gmIIPId><sln:gmIIPPn>PL.PZGIK.200</sln:gmIIPPn><sln:gmIIPWersja>2012-09-26T22:55:19+02:00</sln:gmIIPWersja><sln:gmIdTeryt>1424052</sln:gmIdTeryt><sln:gmNazwa>Świercze</sln:gmNazwa><sln:miejscIIPId>61f19aee-d654-4778-8627-1b7c265b6707</sln:miejscIIPId><sln:miejscIIPPn>PL.PZGIK.200</sln:miejscIIPPn><sln:miejscIIPWersja>2016-11-24T09:16:18+02:00</sln:miejscIIPWersja><sln:miejscIdTeryt>0128527</sln:miejscIdTeryt><sln:miejscNazwa>Kosiorowo</sln:miejscNazwa><sln:miejscRodzaj>Inny obiekt</sln:miejscRodzaj><sln:powIIPId>05b6cec3-bcc8-4029-a0bc-99c40ff3c159</sln:powIIPId><sln:powIIPPn>PL.PZGIK.200</sln:powIIPPn><sln:powIIPWersja>2012-09-27T08:13:53+02:00</sln:powIIPWersja><sln:powIdTeryt>1424</sln:powIdTeryt><sln:powNazwa>pułtuski</sln:powNazwa><sln:waznyOd>2013-10-17T00:00:00+02:00</sln:waznyOd><sln:wojIIPId>4b6c492a-eb04-441d-a92a-f44359c06de7</sln:wojIIPId><sln:wojIIPPn>PL.PZGIK.200</sln:wojIIPPn><sln:wojIIPWersja>2012-09-27T13:45:13+02:00</sln:wojIIPWersja><sln:wojIdTeryt>14</sln:wojIdTeryt><sln:wojNazwa>mazowieckie</sln:wojNazwa></sln:miejscowosc><sln:miejscowosc><sln:cyklZyciaDo>2017-12-19T00:00:00+01:00</sln:cyklZyciaDo><sln:cyklZyciaOd>2015-03-04T00:00:00+01:00</sln:cyklZyciaOd><sln:gmIIPId>48e7d870-86f0-422c-9b3b-c1adc0f522ae</sln:gmIIPId><sln:gmIIPPn>PL.PZGIK.200</sln:gmIIPPn><sln:gmIIPWersja>2012-09-26T22:55:19+02:00</sln:gmIIPWersja><sln:gmIdTeryt>1424052</sln:gmIdTeryt><sln:gmNazwa>Świercze</sln:gmNazwa><sln:miejscIIPId>d75c7624-d30a-40e3-9e6e-3808871fe14e</sln:miejscIIPId><sln:miejscIIPPn>PL.PZGIK.200</sln:miejscIIPPn><sln:miejscIIPWersja>2016-11-24T09:16:18+02:00</sln:miejscIIPWersja><sln:miejscIdTeryt>0128533</sln:miejscIdTeryt><sln:miejscNazwa>Kościesze</sln:miejscNazwa><sln:miejscRodzaj>Inny obiekt</sln:miejscRodzaj><sln:powIIPId>05b6cec3-bcc8-4029-a0bc-99c40ff3c159</sln:powIIPId><sln:powIIPPn>PL.PZGIK.200</sln:powIIPPn><sln:powIIPWersja>2012-09-27T08:13:53+02:00</sln:powIIPWersja><sln:powIdTeryt>1424</sln:powIdTeryt><sln:powNazwa>pułtuski</sln:powNazwa><sln:waznyOd>2013-10-17T00:00:00+02:00</sln:waznyOd><sln:wojIIPId>4b6c492a-eb04-441d-a92a-f44359c06de7</sln:wojIIPId><sln:wojIIPPn>PL.PZGIK.200</sln:wojIIPPn><sln:wojIIPWersja>2012-09-27T13:45:13+02:00</sln:wojIIPWersja><sln:wojIdTeryt>14</sln:wojIdTeryt><sln:wojNazwa>mazowieckie</sln:wojNazwa></sln:miejscowosc><sln:miejscowosc><sln:cyklZyciaDo>2017-12-19T00:00:00+01:00</sln:cyklZyciaDo><sln:cyklZyciaOd>2015-03-04T00:00:00+01:00</sln:cyklZyciaOd><sln:gmIIPId>48e7d870-86f0-422c-9b3b-c1adc0f522ae</sln:gmIIPId><sln:gmIIPPn>PL.PZGIK.200</sln:gmIIPPn><sln:gmIIPWersja>2012-09-26T22:55:19+02:00</sln:gmIIPWersja><sln:gmIdTeryt>1424052</sln:gmIdTeryt><sln:gmNazwa>Świercze</sln:gmNazwa><sln:miejscIIPId>4bb8b04d-f948-4c4e-a2bd-cc7cb145bb74</sln:miejscIIPId><sln:miejscIIPPn>PL.PZGIK.200</sln:miejscIIPPn><sln:miejscIIPWersja>2016-11-24T09:16:18+02:00</sln:miejscIIPWersja><sln:miejscIdTeryt>0128579</sln:miejscIdTeryt><sln:miejscNazwa>Kowalewice Nowe</sln:miejscNazwa><sln:miejscRodzaj>Inny obiekt</sln:miejscRodzaj><sln:powIIPId>05b6cec3-bcc8-4029-a0bc-99c40ff3c159</sln:powIIPId><sln:powIIPPn>PL.PZGIK.200</sln:powIIPPn><sln:powIIPWersja>2012-09-27T08:13:53+02:00</sln:powIIPWersja><sln:powIdTeryt>1424</sln:powIdTeryt><sln:powNazwa>pułtuski</sln:powNazwa><sln:waznyOd>2013-10-17T00:00:00+02:00</sln:waznyOd><sln:wojIIPId>4b6c492a-eb04-441d-a92a-f44359c06de7</sln:wojIIPId><sln:wojIIPPn>PL.PZGIK.200</sln:wojIIPPn><sln:wojIIPWersja>2012-09-27T13:45:13+02:00</sln:wojIIPWersja><sln:wojIdTeryt>14</sln:wojIdTeryt><sln:wojNazwa>mazowieckie</sln:wojNazwa></sln:miejscowosc><sln:miejscowosc><sln:cyklZyciaDo>2017-12-19T00:00:00+01:00</sln:cyklZyciaDo><sln:cyklZyciaOd>2015-03-04T00:00:00+01:00</sln:cyklZyciaOd><sln:gmIIPId>48e7d870-86f0-422c-9b3b-c1adc0f522ae</sln:gmIIPId><sln:gmIIPPn>PL.PZGIK.200</sln:gmIIPPn><sln:gmIIPWersja>2012-09-26T22:55:19+02:00</sln:gmIIPWersja><sln:gmIdTeryt>1424052</sln:gmIdTeryt><sln:gmNazwa>Świercze</sln:gmNazwa><sln:miejscIIPId>edaff304-e8c2-4c55-9cd2-128c668f4b8f</sln:miejscIIPId><sln:miejscIIPPn>PL.PZGIK.200</sln:miejscIIPPn><sln:miejscIIPWersja>2016-11-24T09:16:18+02:00</sln:miejscIIPWersja><sln:miejscIdTeryt>0128556</sln:miejscIdTeryt><sln:miejscNazwa>Kowalewice Włościańskie</sln:miejscNazwa><sln:miejscRodzaj>Inny obiekt</sln:miejscRodzaj><sln:powIIPId>05b6cec3-bcc8-4029-a0bc-99c40ff3c159</sln:powIIPId><sln:powIIPPn>PL.PZGIK.200</sln:powIIPPn><sln:powIIPWersja>2012-09-27T08:13:53+02:00</sln:powIIPWersja><sln:powIdTeryt>1424</sln:powIdTeryt><sln:powNazwa>pułtuski</sln:powNazwa><sln:waznyOd>2013-10-17T00:00:00+02:00</sln:waznyOd><sln:wojIIPId>4b6c492a-eb04-441d-a92a-f44359c06de7</sln:wojIIPId><sln:wojIIPPn>PL.PZGIK.200</sln:wojIIPPn><sln:wojIIPWersja>2012-09-27T13:45:13+02:00</sln:wojIIPWersja><sln:wojIdTeryt>14</sln:wojIdTeryt><sln:wojNazwa>mazowieckie</sln:wojNazwa></sln:miejscowosc><sln:miejscowosc><sln:cyklZyciaDo>2017-12-19T00:00:00+01:00</sln:cyklZyciaDo><sln:cyklZyciaOd>2015-03-04T00:00:00+01:00</sln:cyklZyciaOd><sln:gmIIPId>48e7d870-86f0-422c-9b3b-c1adc0f522ae</sln:gmIIPId><sln:gmIIPPn>PL.PZGIK.200</sln:gmIIPPn><sln:gmIIPWersja>2012-09-26T22:55:19+02:00</sln:gmIIPWersja><sln:gmIdTeryt>1424052</sln:gmIdTeryt><sln:gmNazwa>Świercze</sln:gmNazwa><sln:miejscIIPId>b02f7e3b-948e-4d78-bb6d-617544c05053</sln:miejscIIPId><sln:miejscIIPPn>PL.PZGIK.200</sln:miejscIIPPn><sln:miejscIIPWersja>2016-11-24T09:16:18+02:00</sln:miejscIIPWersja><sln:miejscIdTeryt>0128585</sln:miejscIdTeryt><sln:miejscNazwa>Ostrzeniewo</sln:miejscNazwa><sln:miejscRodzaj>Inny obiekt</sln:miejscRodzaj><sln:powIIPId>05b6cec3-bcc8-4029-a0bc-99c40ff3c159</sln:powIIPId><sln:powIIPPn>PL.PZGIK.200</sln:powIIPPn><sln:powIIPWersja>2012-09-27T08:13:53+02:00</sln:powIIPWersja><sln:powIdTeryt>1424</sln:powIdTeryt><sln:powNazwa>pułtuski</sln:powNazwa><sln:waznyOd>2013-10-17T00:00:00+02:00</sln:waznyOd><sln:wojIIPId>4b6c492a-eb04-441d-a92a-f44359c06de7</sln:wojIIPId><sln:wojIIPPn>PL.PZGIK.200</sln:wojIIPPn><sln:wojIIPWersja>2012-09-27T13:45:13+02:00</sln:wojIIPWersja><sln:wojIdTeryt>14</sln:wojIdTeryt><sln:wojNazwa>mazowieckie</sln:wojNazwa></sln:miejscowosc><sln:miejscowosc><sln:cyklZyciaDo>2017-12-19T00:00:00+01:00</sln:cyklZyciaDo><sln:cyklZyciaOd>2015-03-04T00:00:00+01:00</sln:cyklZyciaOd><sln:gmIIPId>48e7d870-86f0-422c-9b3b-c1adc0f522ae</sln:gmIIPId><sln:gmIIPPn>PL.PZGIK.200</sln:gmIIPPn><sln:gmIIPWersja>2012-09-26T22:55:19+02:00</sln:gmIIPWersja><sln:gmIdTeryt>1424052</sln:gmIdTeryt><sln:gmNazwa>Świercze</sln:gmNazwa><sln:miejscIIPId>1ade9f57-48d6-4099-818e-f8138213c184</sln:miejscIIPId><sln:miejscIIPPn>PL.PZGIK.200</sln:miejscIIPPn><sln:miejscIIPWersja>2016-11-24T09:16:18+02:00</sln:miejscIIPWersja><sln:miejscIdTeryt>0128600</sln:miejscIdTeryt><sln:miejscNazwa>Prusinowice</sln:miejscNazwa><sln:miejscRodzaj>Inny obiekt</sln:miejscRodzaj><sln:powIIPId>05b6cec3-bcc8-4029-a0bc-99c40ff3c159</sln:powIIPId><sln:powIIPPn>PL.PZGIK.200</sln:powIIPPn><sln:powIIPWersja>2012-09-27T08:13:53+02:00</sln:powIIPWersja><sln:powIdTeryt>1424</sln:powIdTeryt><sln:powNazwa>pułtuski</sln:powNazwa><sln:waznyOd>2013-10-17T00:00:00+02:00</sln:waznyOd><sln:wojIIPId>4b6c492a-eb04-441d-a92a-f44359c06de7</sln:wojIIPId><sln:wojIIPPn>PL.PZGIK.200</sln:wojIIPPn><sln:wojIIPWersja>2012-09-27T13:45:13+02:00</sln:wojIIPWersja><sln:wojIdTeryt>14</sln:wojIdTeryt><sln:wojNazwa>mazowieckie</sln:wojNazwa></sln:miejscowosc><sln:miejscowosc><sln:cyklZyciaDo>2017-12-19T00:00:00+01:00</sln:cyklZyciaDo><sln:cyklZyciaOd>2015-03-04T00:00:00+01:00</sln:cyklZyciaOd><sln:gmIIPId>48e7d870-86f0-422c-9b3b-c1adc0f522ae</sln:gmIIPId><sln:gmIIPPn>PL.PZGIK.200</sln:gmIIPPn><sln:gmIIPWersja>2012-09-26T22:55:19+02:00</sln:gmIIPWersja><sln:gmIdTeryt>1424052</sln:gmIdTeryt><sln:gmNazwa>Świercze</sln:gmNazwa><sln:miejscIIPId>0f14200d-ac73-4eb6-859d-5bf7efe27aa2</sln:miejscIIPId><sln:miejscIIPPn>PL.PZGIK.200</sln:miejscIIPPn><sln:miejscIIPWersja>2016-11-24T09:16:18+02:00</sln:miejscIIPWersja><sln:miejscIdTeryt>0128616</sln:miejscIdTeryt><sln:miejscNazwa>Stpice</sln:miejscNazwa><sln:miejscRodzaj>Inny obiekt</sln:miejscRodzaj><sln:powIIPId>05b6cec3-bcc8-4029-a0bc-99c40ff3c159</sln:powIIPId><sln:powIIPPn>PL.PZGIK.200</sln:powIIPPn><sln:powIIPWersja>2012-09-27T08:13:53+02:00</sln:powIIPWersja><sln:powIdTeryt>1424</sln:powIdTeryt><sln:powNazwa>pułtuski</sln:powNazwa><sln:waznyOd>2013-10-17T00:00:00+02:00</sln:waznyOd><sln:wojIIPId>4b6c492a-eb04-441d-a92a-f44359c06de7</sln:wojIIPId><sln:wojIIPPn>PL.PZGIK.200</sln:wojIIPPn><sln:wojIIPWersja>2012-09-27T13:45:13+02:00</sln:wojIIPWersja><sln:wojIdTeryt>14</sln:wojIdTeryt><sln:wojNazwa>mazowieckie</sln:wojNazwa></sln:miejscowosc><sln:miejscowosc><sln:cyklZyciaDo>2017-12-19T00:00:00+01:00</sln:cyklZyciaDo><sln:cyklZyciaOd>2015-03-04T00:00:00+01:00</sln:cyklZyciaOd><sln:gmIIPId>48e7d870-86f0-422c-9b3b-c1adc0f522ae</sln:gmIIPId><sln:gmIIPPn>PL.PZGIK.200</sln:gmIIPPn><sln:gmIIPWersja>2012-09-26T22:55:19+02:00</sln:gmIIPWersja><sln:gmIdTeryt>1424052</sln:gmIdTeryt><sln:gmNazwa>Świercze</sln:gmNazwa><sln:miejscIIPId>00967cfd-f217-4e5e-a230-0de2defb5c8e</sln:miejscIIPId><sln:miejscIIPPn>PL.PZGIK.200</sln:miejscIIPPn><sln:miejscIIPWersja>2016-11-24T09:16:18+02:00</sln:miejscIIPWersja><sln:miejscIdTeryt>0128622</sln:miejscIdTeryt><sln:miejscNazwa>Strzegocin</sln:miejscNazwa><sln:miejscRodzaj>Inny obiekt</sln:miejscRodzaj><sln:powIIPId>05b6cec3-bcc8-4029-a0bc-99c40ff3c159</sln:powIIPId><sln:powIIPPn>PL.PZGIK.200</sln:powIIPPn><sln:powIIPWersja>2012-09-27T08:13:53+02:00</sln:powIIPWersja><sln:powIdTeryt>1424</sln:powIdTeryt><sln:powNazwa>pułtuski</sln:powNazwa><sln:waznyOd>2013-10-17T00:00:00+02:00</sln:waznyOd><sln:wojIIPId>4b6c492a-eb04-441d-a92a-f44359c06de7</sln:wojIIPId><sln:wojIIPPn>PL.PZGIK.200</sln:wojIIPPn><sln:wojIIPWersja>2012-09-27T13:45:13+02:00</sln:wojIIPWersja><sln:wojIdTeryt>14</sln:wojIdTeryt><sln:wojNazwa>mazowieckie</sln:wojNazwa></sln:miejscowosc><sln:miejscowosc><sln:cyklZyciaDo>2017-12-19T00:00:00+01:00</sln:cyklZyciaDo><sln:cyklZyciaOd>2015-03-04T00:00:00+01:00</sln:cyklZyciaOd><sln:gmIIPId>48e7d870-86f0-422c-9b3b-c1adc0f522ae</sln:gmIIPId><sln:gmIIPPn>PL.PZGIK.200</sln:gmIIPPn><sln:gmIIPWersja>2012-09-26T22:55:19+02:00</sln:gmIIPWersja><sln:gmIdTeryt>1424052</sln:gmIdTeryt><sln:gmNazwa>Świercze</sln:gmNazwa><sln:miejscIIPId>eaba8ba1-39d8-4db1-ad49-870da0e5f0ff</sln:miejscIIPId><sln:miejscIIPPn>PL.PZGIK.200</sln:miejscIIPPn><sln:miejscIIPWersja>2016-11-24T09:16:19+02:00</sln:miejscIIPWersja><sln:miejscIdTeryt>0128645</sln:miejscIdTeryt><sln:miejscNazwa>Sulkowo</sln:miejscNazwa><sln:miejscRodzaj>Inny obiekt</sln:miejscRodzaj><sln:powIIPId>05b6cec3-bcc8-4029-a0bc-99c40ff3c159</sln:powIIPId><sln:powIIPPn>PL.PZGIK.200</sln:powIIPPn><sln:powIIPWersja>2012-09-27T08:13:53+02:00</sln:powIIPWersja><sln:powIdTeryt>1424</sln:powIdTeryt><sln:powNazwa>pułtuski</sln:powNazwa><sln:waznyOd>2013-10-17T00:00:00+02:00</sln:waznyOd><sln:wojIIPId>4b6c492a-eb04-441d-a92a-f44359c06de7</sln:wojIIPId><sln:wojIIPPn>PL.PZGIK.200</sln:wojIIPPn><sln:wojIIPWersja>2012-09-27T13:45:13+02:00</sln:wojIIPWersja><sln:wojIdTeryt>14</sln:wojIdTeryt><sln:wojNazwa>mazowieckie</sln:wojNazwa></sln:miejscowosc><sln:miejscowosc><sln:cyklZyciaDo>2017-12-19T00:00:00+01:00</sln:cyklZyciaDo><sln:cyklZyciaOd>2015-03-04T00:00:00+01:00</sln:cyklZyciaOd><sln:gmIIPId>48e7d870-86f0-422c-9b3b-c1adc0f522ae</sln:gmIIPId><sln:gmIIPPn>PL.PZGIK.200</sln:gmIIPPn><sln:gmIIPWersja>2012-09-26T22:55:19+02:00</sln:gmIIPWersja><sln:gmIdTeryt>1424052</sln:gmIdTeryt><sln:gmNazwa>Świercze</sln:gmNazwa><sln:miejscIIPId>d54d77a8-0974-4800-98a6-daae392b4545</sln:miejscIIPId><sln:miejscIIPPn>PL.PZGIK.200</sln:miejscIIPPn><sln:miejscIIPWersja>2016-11-24T09:16:19+02:00</sln:miejscIIPWersja><sln:miejscIdTeryt>0128651</sln:miejscIdTeryt><sln:miejscNazwa>Świercze</sln:miejscNazwa><sln:miejscRodzaj>Inny obiekt</sln:miejscRodzaj><sln:powIIPId>05b6cec3-bcc8-4029-a0bc-99c40ff3c159</sln:powIIPId><sln:powIIPPn>PL.PZGIK.200</sln:powIIPPn><sln:powIIPWersja>2012-09-27T08:13:53+02:00</sln:powIIPWersja><sln:powIdTeryt>1424</sln:powIdTeryt><sln:powNazwa>pułtuski</sln:powNazwa><sln:waznyOd>2013-10-17T00:00:00+02:00</sln:waznyOd><sln:wojIIPId>4b6c492a-eb04-441d-a92a-f44359c06de7</sln:wojIIPId><sln:wojIIPPn>PL.PZGIK.200</sln:wojIIPPn><sln:wojIIPWersja>2012-09-27T13:45:13+02:00</sln:wojIIPWersja><sln:wojIdTeryt>14</sln:wojIdTeryt><sln:wojNazwa>mazowieckie</sln:wojNazwa></sln:miejscowosc><sln:miejscowosc><sln:cyklZyciaDo>2017-12-19T00:00:00+01:00</sln:cyklZyciaDo><sln:cyklZyciaOd>2015-03-04T00:00:00+01:00</sln:cyklZyciaOd><sln:gmIIPId>48e7d870-86f0-422c-9b3b-c1adc0f522ae</sln:gmIIPId><sln:gmIIPPn>PL.PZGIK.200</sln:gmIIPPn><sln:gmIIPWersja>2012-09-26T22:55:19+02:00</sln:gmIIPWersja><sln:gmIdTeryt>1424052</sln:gmIdTeryt><sln:gmNazwa>Świercze</sln:gmNazwa><sln:miejscIIPId>60aaa45f-2b5f-4855-886d-c7fde8780649</sln:miejscIIPId><sln:miejscIIPPn>PL.PZGIK.200</sln:miejscIIPPn><sln:miejscIIPWersja>2016-11-24T09:16:19+02:00</sln:miejscIIPWersja><sln:miejscIdTeryt>0128668</sln:miejscIdTeryt><sln:miejscNazwa>Świercze-Siółki</sln:miejscNazwa><sln:miejscRodzaj>Inny obiekt</sln:miejscRodzaj><sln:powIIPId>05b6cec3-bcc8-4029-a0bc-99c40ff3c159</sln:powIIPId><sln:powIIPPn>PL.PZGIK.200</sln:powIIPPn><sln:powIIPWersja>2012-09-27T08:13:53+02:00</sln:powIIPWersja><sln:powIdTeryt>1424</sln:powIdTeryt><sln:powNazwa>pułtuski</sln:powNazwa><sln:waznyOd>2013-10-17T00:00:00+02:00</sln:waznyOd><sln:wojIIPId>4b6c492a-eb04-441d-a92a-f44359c06de7</sln:wojIIPId><sln:wojIIPPn>PL.PZGIK.200</sln:wojIIPPn><sln:wojIIPWersja>2012-09-27T13:45:13+02:00</sln:wojIIPWersja><sln:wojIdTeryt>14</sln:wojIdTeryt><sln:wojNazwa>mazowieckie</sln:wojNazwa></sln:miejscowosc><sln:miejscowosc><sln:cyklZyciaDo>2017-12-19T00:00:00+01:00</sln:cyklZyciaDo><sln:cyklZyciaOd>2015-03-04T00:00:00+01:00</sln:cyklZyciaOd><sln:gmIIPId>48e7d870-86f0-422c-9b3b-c1adc0f522ae</sln:gmIIPId><sln:gmIIPPn>PL.PZGIK.200</sln:gmIIPPn><sln:gmIIPWersja>2012-09-26T22:55:19+02:00</sln:gmIIPWersja><sln:gmIdTeryt>1424052</sln:gmIdTeryt><sln:gmNazwa>Świercze</sln:gmNazwa><sln:miejscIIPId>b7468c8e-84a8-4d78-a746-34f1105c56d8</sln:miejscIIPId><sln:miejscIIPPn>PL.PZGIK.200</sln:miejscIIPPn><sln:miejscIIPWersja>2016-11-24T09:16:19+02:00</sln:miejscIIPWersja><sln:miejscIdTeryt>0128680</sln:miejscIdTeryt><sln:miejscNazwa>Świerkowo</sln:miejscNazwa><sln:miejscRodzaj>Inny obiekt</sln:miejscRodzaj><sln:powIIPId>05b6cec3-bcc8-4029-a0bc-99c40ff3c159</sln:powIIPId><sln:powIIPPn>PL.PZGIK.200</sln:powIIPPn><sln:powIIPWersja>2012-09-27T08:13:53+02:00</sln:powIIPWersja><sln:powIdTeryt>1424</sln:powIdTeryt><sln:powNazwa>pułtuski</sln:powNazwa><sln:waznyOd>2013-10-17T00:00:00+02:00</sln:waznyOd><sln:wojIIPId>4b6c492a-eb04-441d-a92a-f44359c06de7</sln:wojIIPId><sln:wojIIPPn>PL.PZGIK.200</sln:wojIIPPn><sln:wojIIPWersja>2012-09-27T13:45:13+02:00</sln:wojIIPWersja><sln:wojIdTeryt>14</sln:wojIdTeryt><sln:wojNazwa>mazowieckie</sln:wojNazwa></sln:miejscowosc><sln:miejscowosc><sln:cyklZyciaDo>2017-12-19T00:00:00+01:00</sln:cyklZyciaDo><sln:cyklZyciaOd>2015-03-04T00:00:00+01:00</sln:cyklZyciaOd><sln:gmIIPId>48e7d870-86f0-422c-9b3b-c1adc0f522ae</sln:gmIIPId><sln:gmIIPPn>PL.PZGIK.200</sln:gmIIPPn><sln:gmIIPWersja>2012-09-26T22:55:19+02:00</sln:gmIIPWersja><sln:gmIdTeryt>1424052</sln:gmIdTeryt><sln:gmNazwa>Świercze</sln:gmNazwa><sln:miejscIIPId>19d026fd-ba37-447b-a7fc-382d5a1749f9</sln:miejscIIPId><sln:miejscIIPPn>PL.PZGIK.200</sln:miejscIIPPn><sln:miejscIIPWersja>2016-11-24T09:16:19+02:00</sln:miejscIIPWersja><sln:miejscIdTeryt>0128697</sln:miejscIdTeryt><sln:miejscNazwa>Świeszewko</sln:miejscNazwa><sln:miejscRodzaj>Inny obiekt</sln:miejscRodzaj><sln:powIIPId>05b6cec3-bcc8-4029-a0bc-99c40ff3c159</sln:powIIPId><sln:powIIPPn>PL.PZGIK.200</sln:powIIPPn><sln:powIIPWersja>2012-09-27T08:13:53+02:00</sln:powIIPWersja><sln:powIdTeryt>1424</sln:powIdTeryt><sln:powNazwa>pułtuski</sln:powNazwa><sln:waznyOd>2013-10-17T00:00:00+02:00</sln:waznyOd><sln:wojIIPId>4b6c492a-eb04-441d-a92a-f44359c06de7</sln:wojIIPId><sln:wojIIPPn>PL.PZGIK.200</sln:wojIIPPn><sln:wojIIPWersja>2012-09-27T13:45:13+02:00</sln:wojIIPWersja><sln:wojIdTeryt>14</sln:wojIdTeryt><sln:wojNazwa>mazowieckie</sln:wojNazwa></sln:miejscowosc><sln:miejscowosc><sln:cyklZyciaDo>2017-12-19T00:00:00+01:00</sln:cyklZyciaDo><sln:cyklZyciaOd>2015-03-04T00:00:00+01:00</sln:cyklZyciaOd><sln:gmIIPId>48e7d870-86f0-422c-9b3b-c1adc0f522ae</sln:gmIIPId><sln:gmIIPPn>PL.PZGIK.200</sln:gmIIPPn><sln:gmIIPWersja>2012-09-26T22:55:19+02:00</sln:gmIIPWersja><sln:gmIdTeryt>1424052</sln:gmIdTeryt><sln:gmNazwa>Świercze</sln:gmNazwa><sln:miejscIIPId>45da04e0-7a2f-46b8-8763-2f6f6e5828c5</sln:miejscIIPId><sln:miejscIIPPn>PL.PZGIK.200</sln:miejscIIPPn><sln:miejscIIPWersja>2016-11-24T09:16:19+02:00</sln:miejscIIPWersja><sln:miejscIdTeryt>0128705</sln:miejscIdTeryt><sln:miejscNazwa>Świeszewo</sln:miejscNazwa><sln:miejscRodzaj>Inny obiekt</sln:miejscRodzaj><sln:powIIPId>05b6cec3-bcc8-4029-a0bc-99c40ff3c159</sln:powIIPId><sln:powIIPPn>PL.PZGIK.200</sln:powIIPPn><sln:powIIPWersja>2012-09-27T08:13:53+02:00</sln:powIIPWersja><sln:powIdTeryt>1424</sln:powIdTeryt><sln:powNazwa>pułtuski</sln:powNazwa><sln:waznyOd>2013-10-17T00:00:00+02:00</sln:waznyOd><sln:wojIIPId>4b6c492a-eb04-441d-a92a-f44359c06de7</sln:wojIIPId><sln:wojIIPPn>PL.PZGIK.200</sln:wojIIPPn><sln:wojIIPWersja>2012-09-27T13:45:13+02:00</sln:wojIIPWersja><sln:wojIdTeryt>14</sln:wojIdTeryt><sln:wojNazwa>mazowieckie</sln:wojNazwa></sln:miejscowosc><sln:miejscowosc><sln:cyklZyciaDo>2017-12-19T00:00:00+01:00</sln:cyklZyciaDo><sln:cyklZyciaOd>2015-03-04T00:00:00+01:00</sln:cyklZyciaOd><sln:gmIIPId>48e7d870-86f0-422c-9b3b-c1adc0f522ae</sln:gmIIPId><sln:gmIIPPn>PL.PZGIK.200</sln:gmIIPPn><sln:gmIIPWersja>2012-09-26T22:55:19+02:00</sln:gmIIPWersja><sln:gmIdTeryt>1424052</sln:gmIdTeryt><sln:gmNazwa>Świercze</sln:gmNazwa><sln:miejscIIPId>430fed8d-15ee-4724-8d26-5cff87fde16e</sln:miejscIIPId><sln:miejscIIPPn>PL.PZGIK.200</sln:miejscIIPPn><sln:miejscIIPWersja>2016-11-24T09:16:19+02:00</sln:miejscIIPWersja><sln:miejscIdTeryt>0128711</sln:miejscIdTeryt><sln:miejscNazwa>Wyrzyki</sln:miejscNazwa><sln:miejscRodzaj>Inny obiekt</sln:miejscRodzaj><sln:powIIPId>05b6cec3-bcc8-4029-a0bc-99c40ff3c159</sln:powIIPId><sln:powIIPPn>PL.PZGIK.200</sln:powIIPPn><sln:powIIPWersja>2012-09-27T08:13:53+02:00</sln:powIIPWersja><sln:powIdTeryt>1424</sln:powIdTeryt><sln:powNazwa>pułtuski</sln:powNazwa><sln:waznyOd>2013-10-17T00:00:00+02:00</sln:waznyOd><sln:wojIIPId>4b6c492a-eb04-441d-a92a-f44359c06de7</sln:wojIIPId><sln:wojIIPPn>PL.PZGIK.200</sln:wojIIPPn><sln:wojIIPWersja>2012-09-27T13:45:13+02:00</sln:wojIIPWersja><sln:wojIdTeryt>14</sln:wojIdTeryt><sln:wojNazwa>mazowieckie</sln:wojNazwa></sln:miejscowosc><sln:miejscowosc><sln:cyklZyciaDo>2017-12-19T00:00:00+01:00</sln:cyklZyciaDo><sln:cyklZyciaOd>2015-03-04T00:00:00+01:00</sln:cyklZyciaOd><sln:gmIIPId>48e7d870-86f0-422c-9b3b-c1adc0f522ae</sln:gmIIPId><sln:gmIIPPn>PL.PZGIK.200</sln:gmIIPPn><sln:gmIIPWersja>2012-09-26T22:55:19+02:00</sln:gmIIPWersja><sln:gmIdTeryt>1424052</sln:gmIdTeryt><sln:gmNazwa>Świercze</sln:gmNazwa><sln:miejscIIPId>b24b0678-20c2-4792-ac3f-99be39327c42</sln:miejscIIPId><sln:miejscIIPPn>PL.PZGIK.200</sln:miejscIIPPn><sln:miejscIIPWersja>2016-11-24T09:16:19+02:00</sln:miejscIIPWersja><sln:miejscIdTeryt>0128757</sln:miejscIdTeryt><sln:miejscNazwa>Wyrzyki-Pękale</sln:miejscNazwa><sln:miejscRodzaj>Inny obiekt</sln:miejscRodzaj><sln:powIIPId>05b6cec3-bcc8-4029-a0bc-99c40ff3c159</sln:powIIPId><sln:powIIPPn>PL.PZGIK.200</sln:powIIPPn><sln:powIIPWersja>2012-09-27T08:13:53+02:00</sln:powIIPWersja><sln:powIdTeryt>1424</sln:powIdTeryt><sln:powNazwa>pułtuski</sln:powNazwa><sln:waznyOd>2013-10-17T00:00:00+02:00</sln:waznyOd><sln:wojIIPId>4b6c492a-eb04-441d-a92a-f44359c06de7</sln:wojIIPId><sln:wojIIPPn>PL.PZGIK.200</sln:wojIIPPn><sln:wojIIPWersja>2012-09-27T13:45:13+02:00</sln:wojIIPWersja><sln:wojIdTeryt>14</sln:wojIdTeryt><sln:wojNazwa>mazowieckie</sln:wojNazwa></sln:miejscowosc><sln:miejscowosc><sln:cyklZyciaOd>2017-12-19T00:00:00+01:00</sln:cyklZyciaOd><sln:gmIIPId>48e7d870-86f0-422c-9b3b-c1adc0f522ae</sln:gmIIPId><sln:gmIIPPn>PL.PZGIK.200</sln:gmIIPPn><sln:gmIIPWersja>2012-09-26T22:55:19+02:00</sln:gmIIPWersja><sln:gmIdTeryt>1424052</sln:gmIdTeryt><sln:gmNazwa>Świercze</sln:gmNazwa><sln:miejscIIPId>ba0b6841-a050-447b-af37-d61f37741ef0</sln:miejscIIPId><sln:miejscIIPPn>PL.PZGIK.200</sln:miejscIIPPn><sln:miejscIIPWersja>2017-12-19T12:44:18+02:00</sln:miejscIIPWersja><sln:miejscIdTeryt>0128303</sln:miejscIdTeryt><sln:miejscNazwa>Brodowo</sln:miejscNazwa><sln:miejscRodzaj>Wieś</sln:miejscRodzaj><sln:powIIPId>05b6cec3-bcc8-4029-a0bc-99c40ff3c159</sln:powIIPId><sln:powIIPPn>PL.PZGIK.200</sln:powIIPPn><sln:powIIPWersja>2012-09-27T08:13:53+02:00</sln:powIIPWersja><sln:powIdTeryt>1424</sln:powIdTeryt><sln:powNazwa>pułtuski</sln:powNazwa><sln:waznyOd>2013-10-17T00:00:00+02:00</sln:waznyOd><sln:wojIIPId>4b6c492a-eb04-441d-a92a-f44359c06de7</sln:wojIIPId><sln:wojIIPPn>PL.PZGIK.200</sln:wojIIPPn><sln:wojIIPWersja>2012-09-27T13:45:13+02:00</sln:wojIIPWersja><sln:wojIdTeryt>14</sln:wojIdTeryt><sln:wojNazwa>mazowieckie</sln:wojNazwa></sln:miejscowosc><sln:miejscowosc><sln:cyklZyciaOd>2017-12-19T00:00:00+01:00</sln:cyklZyciaOd><sln:gmIIPId>48e7d870-86f0-422c-9b3b-c1adc0f522ae</sln:gmIIPId><sln:gmIIPPn>PL.PZGIK.200</sln:gmIIPPn><sln:gmIIPWersja>2012-09-26T22:55:19+02:00</sln:gmIIPWersja><sln:gmIdTeryt>1424052</sln:gmIdTeryt><sln:gmNazwa>Świercze</sln:gmNazwa><sln:miejscIIPId>ed3b1f2e-82cf-42ef-b86a-548265949659</sln:miejscIIPId><sln:miejscIIPPn>PL.PZGIK.200</sln:miejscIIPPn><sln:miejscIIPWersja>2017-12-19T12:44:24+02:00</sln:miejscIIPWersja><sln:miejscIdTeryt>0128332</sln:miejscIdTeryt><sln:miejscNazwa>Bruliny</sln:miejscNazwa><sln:miejscRodzaj>Wieś</sln:miejscRodzaj><sln:powIIPId>05b6cec3-bcc8-4029-a0bc-99c40ff3c159</sln:powIIPId><sln:powIIPPn>PL.PZGIK.200</sln:powIIPPn><sln:powIIPWersja>2012-09-27T08:13:53+02:00</sln:powIIPWersja><sln:powIdTeryt>1424</sln:powIdTeryt><sln:powNazwa>pułtuski</sln:powNazwa><sln:waznyOd>2013-10-17T00:00:00+02:00</sln:waznyOd><sln:wojIIPId>4b6c492a-eb04-441d-a92a-f44359c06de7</sln:wojIIPId><sln:wojIIPPn>PL.PZGIK.200</sln:wojIIPPn><sln:wojIIPWersja>2012-09-27T13:45:13+02:00</sln:wojIIPWersja><sln:wojIdTeryt>14</sln:wojIdTeryt><sln:wojNazwa>mazowieckie</sln:wojNazwa></sln:miejscowosc><sln:miejscowosc><sln:cyklZyciaOd>2017-12-19T00:00:00+01:00</sln:cyklZyciaOd><sln:gmIIPId>48e7d870-86f0-422c-9b3b-c1adc0f522ae</sln:gmIIPId><sln:gmIIPPn>PL.PZGIK.200</sln:gmIIPPn><sln:gmIIPWersja>2012-09-26T22:55:19+02:00</sln:gmIIPWersja><sln:gmIdTeryt>1424052</sln:gmIdTeryt><sln:gmNazwa>Świercze</sln:gmNazwa><sln:miejscIIPId>38dd6509-2ace-47ad-9c76-c31b2d6e591e</sln:miejscIIPId><sln:miejscIIPPn>PL.PZGIK.200</sln:miejscIIPPn><sln:miejscIIPWersja>2017-12-19T12:44:24+02:00</sln:miejscIIPWersja><sln:miejscIdTeryt>0128361</sln:miejscIdTeryt><sln:miejscNazwa>Bylice</sln:miejscNazwa><sln:miejscRodzaj>Wieś</sln:miejscRodzaj><sln:powIIPId>05b6cec3-bcc8-4029-a0bc-99c40ff3c159</sln:powIIPId><sln:powIIPPn>PL.PZGIK.200</sln:powIIPPn><sln:powIIPWersja>2012-09-27T08:13:53+02:00</sln:powIIPWersja><sln:powIdTeryt>1424</sln:powIdTeryt><sln:powNazwa>pułtuski</sln:powNazwa><sln:waznyOd>2013-10-17T00:00:00+02:00</sln:waznyOd><sln:wojIIPId>4b6c492a-eb04-441d-a92a-f44359c06de7</sln:wojIIPId><sln:wojIIPPn>PL.PZGIK.200</sln:wojIIPPn><sln:wojIIPWersja>2012-09-27T13:45:13+02:00</sln:wojIIPWersja><sln:wojIdTeryt>14</sln:wojIdTeryt><sln:wojNazwa>mazowieckie</sln:wojNazwa></sln:miejscowosc><sln:miejscowosc><sln:cyklZyciaOd>2017-12-19T00:00:00+01:00</sln:cyklZyciaOd><sln:gmIIPId>48e7d870-86f0-422c-9b3b-c1adc0f522ae</sln:gmIIPId><sln:gmIIPPn>PL.PZGIK.200</sln:gmIIPPn><sln:gmIIPWersja>2012-09-26T22:55:19+02:00</sln:gmIIPWersja><sln:gmIdTeryt>1424052</sln:gmIdTeryt><sln:gmNazwa>Świercze</sln:gmNazwa><sln:miejscIIPId>d6ae0ab6-bfab-4061-a7f6-8e10627dbdcc</sln:miejscIIPId><sln:miejscIIPPn>PL.PZGIK.200</sln:miejscIIPPn><sln:miejscIIPWersja>2017-12-19T12:44:24+02:00</sln:miejscIIPWersja><sln:miejscIdTeryt>0128378</sln:miejscIdTeryt><sln:miejscNazwa>Chmielewo</sln:miejscNazwa><sln:miejscRodzaj>Wieś</sln:miejscRodzaj><sln:powIIPId>05b6cec3-bcc8-4029-a0bc-99c40ff3c159</sln:powIIPId><sln:powIIPPn>PL.PZGIK.200</sln:powIIPPn><sln:powIIPWersja>2012-09-27T08:13:53+02:00</sln:powIIPWersja><sln:powIdTeryt>1424</sln:powIdTeryt><sln:powNazwa>pułtuski</sln:powNazwa><sln:waznyOd>2013-10-17T00:00:00+02:00</sln:waznyOd><sln:wojIIPId>4b6c492a-eb04-441d-a92a-f44359c06de7</sln:wojIIPId><sln:wojIIPPn>PL.PZGIK.200</sln:wojIIPPn><sln:wojIIPWersja>2012-09-27T13:45:13+02:00</sln:wojIIPWersja><sln:wojIdTeryt>14</sln:wojIdTeryt><sln:wojNazwa>mazowieckie</sln:wojNazwa></sln:miejscowosc><sln:miejscowosc><sln:cyklZyciaOd>2017-12-19T00:00:00+01:00</sln:cyklZyciaOd><sln:gmIIPId>48e7d870-86f0-422c-9b3b-c1adc0f522ae</sln:gmIIPId><sln:gmIIPPn>PL.PZGIK.200</sln:gmIIPPn><sln:gmIIPWersja>2012-09-26T22:55:19+02:00</sln:gmIIPWersja><sln:gmIdTeryt>1424052</sln:gmIdTeryt><sln:gmNazwa>Świercze</sln:gmNazwa><sln:miejscIIPId>eab773ec-6c59-4a69-81b9-c122b5f9c586</sln:miejscIIPId><sln:miejscIIPPn>PL.PZGIK.200</sln:miejscIIPPn><sln:miejscIIPWersja>2017-12-19T12:44:24+02:00</sln:miejscIIPWersja><sln:miejscIdTeryt>0128409</sln:miejscIdTeryt><sln:miejscNazwa>Dziarno</sln:miejscNazwa><sln:miejscRodzaj>Wieś</sln:miejscRodzaj><sln:powIIPId>05b6cec3-bcc8-4029-a0bc-99c40ff3c159</sln:powIIPId><sln:powIIPPn>PL.PZGIK.200</sln:powIIPPn><sln:powIIPWersja>2012-09-27T08:13:53+02:00</sln:powIIPWersja><sln:powIdTeryt>1424</sln:powIdTeryt><sln:powNazwa>pułtuski</sln:powNazwa><sln:waznyOd>2013-10-17T00:00:00+02:00</sln:waznyOd><sln:wojIIPId>4b6c492a-eb04-441d-a92a-f44359c06de7</sln:wojIIPId><sln:wojIIPPn>PL.PZGIK.200</sln:wojIIPPn><sln:wojIIPWersja>2012-09-27T13:45:13+02:00</sln:wojIIPWersja><sln:wojIdTeryt>14</sln:wojIdTeryt><sln:wojNazwa>mazowieckie</sln:wojNazwa></sln:miejscowosc><sln:miejscowosc><sln:cyklZyciaOd>2017-12-19T00:00:00+01:00</sln:cyklZyciaOd><sln:gmIIPId>48e7d870-86f0-422c-9b3b-c1adc0f522ae</sln:gmIIPId><sln:gmIIPPn>PL.PZGIK.200</sln:gmIIPPn><sln:gmIIPWersja>2012-09-26T22:55:19+02:00</sln:gmIIPWersja><sln:gmIdTeryt>1424052</sln:gmIdTeryt><sln:gmNazwa>Świercze</sln:gmNazwa><sln:miejscIIPId>1349618c-4563-46ac-b3ed-4ed3c4f68fe6</sln:miejscIIPId><sln:miejscIIPPn>PL.PZGIK.200</sln:miejscIIPPn><sln:miejscIIPWersja>2017-12-19T12:44:24+02:00</sln:miejscIIPWersja><sln:miejscIdTeryt>0128415</sln:miejscIdTeryt><sln:miejscNazwa>Gaj</sln:miejscNazwa><sln:miejscRodzaj>Wieś</sln:miejscRodzaj><sln:powIIPId>05b6cec3-bcc8-4029-a0bc-99c40ff3c159</sln:powIIPId><sln:powIIPPn>PL.PZGIK.200</sln:powIIPPn><sln:powIIPWersja>2012-09-27T08:13:53+02:00</sln:powIIPWersja><sln:powIdTeryt>1424</sln:powIdTeryt><sln:powNazwa>pułtuski</sln:powNazwa><sln:waznyOd>2013-10-17T00:00:00+02:00</sln:waznyOd><sln:wojIIPId>4b6c492a-eb04-441d-a92a-f44359c06de7</sln:wojIIPId><sln:wojIIPPn>PL.PZGIK.200</sln:wojIIPPn><sln:wojIIPWersja>2012-09-27T13:45:13+02:00</sln:wojIIPWersja><sln:wojIdTeryt>14</sln:wojIdTeryt><sln:wojNazwa>mazowieckie</sln:wojNazwa></sln:miejscowosc><sln:miejscowosc><sln:cyklZyciaOd>2017-12-19T00:00:00+01:00</sln:cyklZyciaOd><sln:gmIIPId>48e7d870-86f0-422c-9b3b-c1adc0f522ae</sln:gmIIPId><sln:gmIIPPn>PL.PZGIK.200</sln:gmIIPPn><sln:gmIIPWersja>2012-09-26T22:55:19+02:00</sln:gmIIPWersja><sln:gmIdTeryt>1424052</sln:gmIdTeryt><sln:gmNazwa>Świercze</sln:gmNazwa><sln:miejscIIPId>746b5637-ae29-4223-a5ce-c17b2ac48a44</sln:miejscIIPId><sln:miejscIIPPn>PL.PZGIK.200</sln:miejscIIPPn><sln:miejscIIPWersja>2017-12-19T12:44:24+02:00</sln:miejscIIPWersja><sln:miejscIdTeryt>0128421</sln:miejscIdTeryt><sln:miejscNazwa>Gąsiorowo</sln:miejscNazwa><sln:miejscRodzaj>Wieś</sln:miejscRodzaj><sln:powIIPId>05b6cec3-bcc8-4029-a0bc-99c40ff3c159</sln:powIIPId><sln:powIIPPn>PL.PZGIK.200</sln:powIIPPn><sln:powIIPWersja>2012-09-27T08:13:53+02:00</sln:powIIPWersja><sln:powIdTeryt>1424</sln:powIdTeryt><sln:powNazwa>pułtuski</sln:powNazwa><sln:waznyOd>2013-10-17T00:00:00+02:00</sln:waznyOd><sln:wojIIPId>4b6c492a-eb04-441d-a92a-f44359c06de7</sln:wojIIPId><sln:wojIIPPn>PL.PZGIK.200</sln:wojIIPPn><sln:wojIIPWersja>2012-09-27T13:45:13+02:00</sln:wojIIPWersja><sln:wojIdTeryt>14</sln:wojIdTeryt><sln:wojNazwa>mazowieckie</sln:wojNazwa></sln:miejscowosc><sln:miejscowosc><sln:cyklZyciaOd>2017-12-19T00:00:00+01:00</sln:cyklZyciaOd><sln:gmIIPId>48e7d870-86f0-422c-9b3b-c1adc0f522ae</sln:gmIIPId><sln:gmIIPPn>PL.PZGIK.200</sln:gmIIPPn><sln:gmIIPWersja>2012-09-26T22:55:19+02:00</sln:gmIIPWersja><sln:gmIdTeryt>1424052</sln:gmIdTeryt><sln:gmNazwa>Świercze</sln:gmNazwa><sln:miejscIIPId>280cf7c7-b8a3-4368-8ba0-eb31299cc023</sln:miejscIIPId><sln:miejscIIPPn>PL.PZGIK.200</sln:miejscIIPPn><sln:miejscIIPWersja>2017-12-19T12:44:24+02:00</sln:miejscIIPWersja><sln:miejscIdTeryt>0128438</sln:miejscIdTeryt><sln:miejscNazwa>Gąsiorówek</sln:miejscNazwa><sln:miejscRodzaj>Wieś</sln:miejscRodzaj><sln:powIIPId>05b6cec3-bcc8-4029-a0bc-99c40ff3c159</sln:powIIPId><sln:powIIPPn>PL.PZGIK.200</sln:powIIPPn><sln:powIIPWersja>2012-09-27T08:13:53+02:00</sln:powIIPWersja><sln:powIdTeryt>1424</sln:powIdTeryt><sln:powNazwa>pułtuski</sln:powNazwa><sln:waznyOd>2013-10-17T00:00:00+02:00</sln:waznyOd><sln:wojIIPId>4b6c492a-eb04-441d-a92a-f44359c06de7</sln:wojIIPId><sln:wojIIPPn>PL.PZGIK.200</sln:wojIIPPn><sln:wojIIPWersja>2012-09-27T13:45:13+02:00</sln:wojIIPWersja><sln:wojIdTeryt>14</sln:wojIdTeryt><sln:wojNazwa>mazowieckie</sln:wojNazwa></sln:miejscowosc><sln:miejscowosc><sln:cyklZyciaOd>2017-12-19T00:00:00+01:00</sln:cyklZyciaOd><sln:gmIIPId>48e7d870-86f0-422c-9b3b-c1adc0f522ae</sln:gmIIPId><sln:gmIIPPn>PL.PZGIK.200</sln:gmIIPPn><sln:gmIIPWersja>2012-09-26T22:55:19+02:00</sln:gmIIPWersja><sln:gmIdTeryt>1424052</sln:gmIdTeryt><sln:gmNazwa>Świercze</sln:gmNazwa><sln:miejscIIPId>752cbee4-0462-4e29-841e-3cc22f67f8d2</sln:miejscIIPId><sln:miejscIIPPn>PL.PZGIK.200</sln:miejscIIPPn><sln:miejscIIPWersja>2017-12-19T12:44:24+02:00</sln:miejscIIPWersja><sln:miejscIdTeryt>0128444</sln:miejscIdTeryt><sln:miejscNazwa>Godacze</sln:miejscNazwa><sln:miejscRodzaj>Wieś</sln:miejscRodzaj><sln:powIIPId>05b6cec3-bcc8-4029-a0bc-99c40ff3c159</sln:powIIPId><sln:powIIPPn>PL.PZGIK.200</sln:powIIPPn><sln:powIIPWersja>2012-09-27T08:13:53+02:00</sln:powIIPWersja><sln:powIdTeryt>1424</sln:powIdTeryt><sln:powNazwa>pułtuski</sln:powNazwa><sln:waznyOd>2013-10-17T00:00:00+02:00</sln:waznyOd><sln:wojIIPId>4b6c492a-eb04-441d-a92a-f44359c06de7</sln:wojIIPId><sln:wojIIPPn>PL.PZGIK.200</sln:wojIIPPn><sln:wojIIPWersja>2012-09-27T13:45:13+02:00</sln:wojIIPWersja><sln:wojIdTeryt>14</sln:wojIdTeryt><sln:wojNazwa>mazowieckie</sln:wojNazwa></sln:miejscowosc><sln:miejscowosc><sln:cyklZyciaOd>2017-12-19T00:00:00+01:00</sln:cyklZyciaOd><sln:gmIIPId>48e7d870-86f0-422c-9b3b-c1adc0f522ae</sln:gmIIPId><sln:gmIIPPn>PL.PZGIK.200</sln:gmIIPPn><sln:gmIIPWersja>2012-09-26T22:55:19+02:00</sln:gmIIPWersja><sln:gmIdTeryt>1424052</sln:gmIdTeryt><sln:gmNazwa>Świercze</sln:gmNazwa><sln:miejscIIPId>6b8bb8aa-99a5-4162-b037-ad74cd8eeba6</sln:miejscIIPId><sln:miejscIIPPn>PL.PZGIK.200</sln:miejscIIPPn><sln:miejscIIPWersja>2017-12-19T12:44:24+02:00</sln:miejscIIPWersja><sln:miejscIdTeryt>0128473</sln:miejscIdTeryt><sln:miejscNazwa>Gołębie</sln:miejscNazwa><sln:miejscRodzaj>Wieś</sln:miejscRodzaj><sln:powIIPId>05b6cec3-bcc8-4029-a0bc-99c40ff3c159</sln:powIIPId><sln:powIIPPn>PL.PZGIK.200</sln:powIIPPn><sln:powIIPWersja>2012-09-27T08:13:53+02:00</sln:powIIPWersja><sln:powIdTeryt>1424</sln:powIdTeryt><sln:powNazwa>pułtuski</sln:powNazwa><sln:waznyOd>2013-10-17T00:00:00+02:00</sln:waznyOd><sln:wojIIPId>4b6c492a-eb04-441d-a92a-f44359c06de7</sln:wojIIPId><sln:wojIIPPn>PL.PZGIK.200</sln:wojIIPPn><sln:wojIIPWersja>2012-09-27T13:45:13+02:00</sln:wojIIPWersja><sln:wojIdTeryt>14</sln:wojIdTeryt><sln:wojNazwa>mazowieckie</sln:wojNazwa></sln:miejscowosc><sln:miejscowosc><sln:cyklZyciaOd>2017-12-19T00:00:00+01:00</sln:cyklZyciaOd><sln:gmIIPId>48e7d870-86f0-422c-9b3b-c1adc0f522ae</sln:gmIIPId><sln:gmIIPPn>PL.PZGIK.200</sln:gmIIPPn><sln:gmIIPWersja>2012-09-26T22:55:19+02:00</sln:gmIIPWersja><sln:gmIdTeryt>1424052</sln:gmIdTeryt><sln:gmNazwa>Świercze</sln:gmNazwa><sln:miejscIIPId>ae224b9c-e415-4232-bbd4-ffade1b61197</sln:miejscIIPId><sln:miejscIIPPn>PL.PZGIK.200</sln:miejscIIPPn><sln:miejscIIPWersja>2017-12-19T12:44:24+02:00</sln:miejscIIPWersja><sln:miejscIdTeryt>0128496</sln:miejscIdTeryt><sln:miejscNazwa>Klukowo</sln:miejscNazwa><sln:miejscRodzaj>Wieś</sln:miejscRodzaj><sln:powIIPId>05b6cec3-bcc8-4029-a0bc-99c40ff3c159</sln:powIIPId><sln:powIIPPn>PL.PZGIK.200</sln:powIIPPn><sln:powIIPWersja>2012-09-27T08:13:53+02:00</sln:powIIPWersja><sln:powIdTeryt>1424</sln:powIdTeryt><sln:powNazwa>pułtuski</sln:powNazwa><sln:waznyOd>2013-10-17T00:00:00+02:00</sln:waznyOd><sln:wojIIPId>4b6c492a-eb04-441d-a92a-f44359c06de7</sln:wojIIPId><sln:wojIIPPn>PL.PZGIK.200</sln:wojIIPPn><sln:wojIIPWersja>2012-09-27T13:45:13+02:00</sln:wojIIPWersja><sln:wojIdTeryt>14</sln:wojIdTeryt><sln:wojNazwa>mazowieckie</sln:wojNazwa></sln:miejscowosc><sln:miejscowosc><sln:cyklZyciaOd>2017-12-19T00:00:00+01:00</sln:cyklZyciaOd><sln:gmIIPId>48e7d870-86f0-422c-9b3b-c1adc0f522ae</sln:gmIIPId><sln:gmIIPPn>PL.PZGIK.200</sln:gmIIPPn><sln:gmIIPWersja>2012-09-26T22:55:19+02:00</sln:gmIIPWersja><sln:gmIdTeryt>1424052</sln:gmIdTeryt><sln:gmNazwa>Świercze</sln:gmNazwa><sln:miejscIIPId>47a8fca4-bed1-4bc1-98d1-4cd51e729bac</sln:miejscIIPId><sln:miejscIIPPn>PL.PZGIK.200</sln:miejscIIPPn><sln:miejscIIPWersja>2017-12-19T12:44:24+02:00</sln:miejscIIPWersja><sln:miejscIdTeryt>0128510</sln:miejscIdTeryt><sln:miejscNazwa>Klukówek</sln:miejscNazwa><sln:miejscRodzaj>Wieś</sln:miejscRodzaj><sln:powIIPId>05b6cec3-bcc8-4029-a0bc-99c40ff3c159</sln:powIIPId><sln:powIIPPn>PL.PZGIK.200</sln:powIIPPn><sln:powIIPWersja>2012-09-27T08:13:53+02:00</sln:powIIPWersja><sln:powIdTeryt>1424</sln:powIdTeryt><sln:powNazwa>pułtuski</sln:powNazwa><sln:waznyOd>2013-10-17T00:00:00+02:00</sln:waznyOd><sln:wojIIPId>4b6c492a-eb04-441d-a92a-f44359c06de7</sln:wojIIPId><sln:wojIIPPn>PL.PZGIK.200</sln:wojIIPPn><sln:wojIIPWersja>2012-09-27T13:45:13+02:00</sln:wojIIPWersja><sln:wojIdTeryt>14</sln:wojIdTeryt><sln:wojNazwa>mazowieckie</sln:wojNazwa></sln:miejscowosc><sln:miejscowosc><sln:cyklZyciaOd>2017-12-19T00:00:00+01:00</sln:cyklZyciaOd><sln:gmIIPId>48e7d870-86f0-422c-9b3b-c1adc0f522ae</sln:gmIIPId><sln:gmIIPPn>PL.PZGIK.200</sln:gmIIPPn><sln:gmIIPWersja>2012-09-26T22:55:19+02:00</sln:gmIIPWersja><sln:gmIdTeryt>1424052</sln:gmIdTeryt><sln:gmNazwa>Świercze</sln:gmNazwa><sln:miejscIIPId>61f19aee-d654-4778-8627-1b7c265b6707</sln:miejscIIPId><sln:miejscIIPPn>PL.PZGIK.200</sln:miejscIIPPn><sln:miejscIIPWersja>2017-12-19T12:44:24+02:00</sln:miejscIIPWersja><sln:miejscIdTeryt>0128527</sln:miejscIdTeryt><sln:miejscNazwa>Kosiorowo</sln:miejscNazwa><sln:miejscRodzaj>Wieś</sln:miejscRodzaj><sln:powIIPId>05b6cec3-bcc8-4029-a0bc-99c40ff3c159</sln:powIIPId><sln:powIIPPn>PL.PZGIK.200</sln:powIIPPn><sln:powIIPWersja>2012-09-27T08:13:53+02:00</sln:powIIPWersja><sln:powIdTeryt>1424</sln:powIdTeryt><sln:powNazwa>pułtuski</sln:powNazwa><sln:waznyOd>2013-10-17T00:00:00+02:00</sln:waznyOd><sln:wojIIPId>4b6c492a-eb04-441d-a92a-f44359c06de7</sln:wojIIPId><sln:wojIIPPn>PL.PZGIK.200</sln:wojIIPPn><sln:wojIIPWersja>2012-09-27T13:45:13+02:00</sln:wojIIPWersja><sln:wojIdTeryt>14</sln:wojIdTeryt><sln:wojNazwa>mazowieckie</sln:wojNazwa></sln:miejscowosc><sln:miejscowosc><sln:cyklZyciaOd>2017-12-19T00:00:00+01:00</sln:cyklZyciaOd><sln:gmIIPId>48e7d870-86f0-422c-9b3b-c1adc0f522ae</sln:gmIIPId><sln:gmIIPPn>PL.PZGIK.200</sln:gmIIPPn><sln:gmIIPWersja>2012-09-26T22:55:19+02:00</sln:gmIIPWersja><sln:gmIdTeryt>1424052</sln:gmIdTeryt><sln:gmNazwa>Świercze</sln:gmNazwa><sln:miejscIIPId>d75c7624-d30a-40e3-9e6e-3808871fe14e</sln:miejscIIPId><sln:miejscIIPPn>PL.PZGIK.200</sln:miejscIIPPn><sln:miejscIIPWersja>2017-12-19T12:44:25+02:00</sln:miejscIIPWersja><sln:miejscIdTeryt>0128533</sln:miejscIdTeryt><sln:miejscNazwa>Kościesze</sln:miejscNazwa><sln:miejscRodzaj>Wieś</sln:miejscRodzaj><sln:powIIPId>05b6cec3-bcc8-4029-a0bc-99c40ff3c159</sln:powIIPId><sln:powIIPPn>PL.PZGIK.200</sln:powIIPPn><sln:powIIPWersja>2012-09-27T08:13:53+02:00</sln:powIIPWersja><sln:powIdTeryt>1424</sln:powIdTeryt><sln:powNazwa>pułtuski</sln:powNazwa><sln:waznyOd>2013-10-17T00:00:00+02:00</sln:waznyOd><sln:wojIIPId>4b6c492a-eb04-441d-a92a-f44359c06de7</sln:wojIIPId><sln:wojIIPPn>PL.PZGIK.200</sln:wojIIPPn><sln:wojIIPWersja>2012-09-27T13:45:13+02:00</sln:wojIIPWersja><sln:wojIdTeryt>14</sln:wojIdTeryt><sln:wojNazwa>mazowieckie</sln:wojNazwa></sln:miejscowosc><sln:miejscowosc><sln:cyklZyciaOd>2017-12-19T00:00:00+01:00</sln:cyklZyciaOd><sln:gmIIPId>48e7d870-86f0-422c-9b3b-c1adc0f522ae</sln:gmIIPId><sln:gmIIPPn>PL.PZGIK.200</sln:gmIIPPn><sln:gmIIPWersja>2012-09-26T22:55:19+02:00</sln:gmIIPWersja><sln:gmIdTeryt>1424052</sln:gmIdTeryt><sln:gmNazwa>Świercze</sln:gmNazwa><sln:miejscIIPId>edaff304-e8c2-4c55-9cd2-128c668f4b8f</sln:miejscIIPId><sln:miejscIIPPn>PL.PZGIK.200</sln:miejscIIPPn><sln:miejscIIPWersja>2017-12-19T12:44:25+02:00</sln:miejscIIPWersja><sln:miejscIdTeryt>0128556</sln:miejscIdTeryt><sln:miejscNazwa>Kowalewice Włościańskie</sln:miejscNazwa><sln:miejscRodzaj>Wieś</sln:miejscRodzaj><sln:powIIPId>05b6cec3-bcc8-4029-a0bc-99c40ff3c159</sln:powIIPId><sln:powIIPPn>PL.PZGIK.200</sln:powIIPPn><sln:powIIPWersja>2012-09-27T08:13:53+02:00</sln:powIIPWersja><sln:powIdTeryt>1424</sln:powIdTeryt><sln:powNazwa>pułtuski</sln:powNazwa><sln:waznyOd>2013-10-17T00:00:00+02:00</sln:waznyOd><sln:wojIIPId>4b6c492a-eb04-441d-a92a-f44359c06de7</sln:wojIIPId><sln:wojIIPPn>PL.PZGIK.200</sln:wojIIPPn><sln:wojIIPWersja>2012-09-27T13:45:13+02:00</sln:wojIIPWersja><sln:wojIdTeryt>14</sln:wojIdTeryt><sln:wojNazwa>mazowieckie</sln:wojNazwa></sln:miejscowosc><sln:miejscowosc><sln:cyklZyciaOd>2017-12-19T00:00:00+01:00</sln:cyklZyciaOd><sln:gmIIPId>48e7d870-86f0-422c-9b3b-c1adc0f522ae</sln:gmIIPId><sln:gmIIPPn>PL.PZGIK.200</sln:gmIIPPn><sln:gmIIPWersja>2012-09-26T22:55:19+02:00</sln:gmIIPWersja><sln:gmIdTeryt>1424052</sln:gmIdTeryt><sln:gmNazwa>Świercze</sln:gmNazwa><sln:miejscIIPId>4bb8b04d-f948-4c4e-a2bd-cc7cb145bb74</sln:miejscIIPId><sln:miejscIIPPn>PL.PZGIK.200</sln:miejscIIPPn><sln:miejscIIPWersja>2017-12-19T12:44:25+02:00</sln:miejscIIPWersja><sln:miejscIdTeryt>0128579</sln:miejscIdTeryt><sln:miejscNazwa>Kowalewice Nowe</sln:miejscNazwa><sln:miejscRodzaj>Wieś</sln:miejscRodzaj><sln:powIIPId>05b6cec3-bcc8-4029-a0bc-99c40ff3c159</sln:powIIPId><sln:powIIPPn>PL.PZGIK.200</sln:powIIPPn><sln:powIIPWersja>2012-09-27T08:13:53+02:00</sln:powIIPWersja><sln:powIdTeryt>1424</sln:powIdTeryt><sln:powNazwa>pułtuski</sln:powNazwa><sln:waznyOd>2013-10-17T00:00:00+02:00</sln:waznyOd><sln:wojIIPId>4b6c492a-eb04-441d-a92a-f44359c06de7</sln:wojIIPId><sln:wojIIPPn>PL.PZGIK.200</sln:wojIIPPn><sln:wojIIPWersja>2012-09-27T13:45:13+02:00</sln:wojIIPWersja><sln:wojIdTeryt>14</sln:wojIdTeryt><sln:wojNazwa>mazowieckie</sln:wojNazwa></sln:miejscowosc><sln:miejscowosc><sln:cyklZyciaOd>2017-12-19T00:00:00+01:00</sln:cyklZyciaOd><sln:gmIIPId>48e7d870-86f0-422c-9b3b-c1adc0f522ae</sln:gmIIPId><sln:gmIIPPn>PL.PZGIK.200</sln:gmIIPPn><sln:gmIIPWersja>2012-09-26T22:55:19+02:00</sln:gmIIPWersja><sln:gmIdTeryt>1424052</sln:gmIdTeryt><sln:gmNazwa>Świercze</sln:gmNazwa><sln:miejscIIPId>b02f7e3b-948e-4d78-bb6d-617544c05053</sln:miejscIIPId><sln:miejscIIPPn>PL.PZGIK.200</sln:miejscIIPPn><sln:miejscIIPWersja>2017-12-19T12:44:25+02:00</sln:miejscIIPWersja><sln:miejscIdTeryt>0128585</sln:miejscIdTeryt><sln:miejscNazwa>Ostrzeniewo</sln:miejscNazwa><sln:miejscRodzaj>Wieś</sln:miejscRodzaj><sln:powIIPId>05b6cec3-bcc8-4029-a0bc-99c40ff3c159</sln:powIIPId><sln:powIIPPn>PL.PZGIK.200</sln:powIIPPn><sln:powIIPWersja>2012-09-27T08:13:53+02:00</sln:powIIPWersja><sln:powIdTeryt>1424</sln:powIdTeryt><sln:powNazwa>pułtuski</sln:powNazwa><sln:waznyOd>2013-10-17T00:00:00+02:00</sln:waznyOd><sln:wojIIPId>4b6c492a-eb04-441d-a92a-f44359c06de7</sln:wojIIPId><sln:wojIIPPn>PL.PZGIK.200</sln:wojIIPPn><sln:wojIIPWersja>2012-09-27T13:45:13+02:00</sln:wojIIPWersja><sln:wojIdTeryt>14</sln:wojIdTeryt><sln:wojNazwa>mazowieckie</sln:wojNazwa></sln:miejscowosc><sln:miejscowosc><sln:cyklZyciaOd>2017-12-19T00:00:00+01:00</sln:cyklZyciaOd><sln:gmIIPId>48e7d870-86f0-422c-9b3b-c1adc0f522ae</sln:gmIIPId><sln:gmIIPPn>PL.PZGIK.200</sln:gmIIPPn><sln:gmIIPWersja>2012-09-26T22:55:19+02:00</sln:gmIIPWersja><sln:gmIdTeryt>1424052</sln:gmIdTeryt><sln:gmNazwa>Świercze</sln:gmNazwa><sln:miejscIIPId>1ade9f57-48d6-4099-818e-f8138213c184</sln:miejscIIPId><sln:miejscIIPPn>PL.PZGIK.200</sln:miejscIIPPn><sln:miejscIIPWersja>2017-12-19T12:44:25+02:00</sln:miejscIIPWersja><sln:miejscIdTeryt>0128600</sln:miejscIdTeryt><sln:miejscNazwa>Prusinowice</sln:miejscNazwa><sln:miejscRodzaj>Wieś</sln:miejscRodzaj><sln:powIIPId>05b6cec3-bcc8-4029-a0bc-99c40ff3c159</sln:powIIPId><sln:powIIPPn>PL.PZGIK.200</sln:powIIPPn><sln:powIIPWersja>2012-09-27T08:13:53+02:00</sln:powIIPWersja><sln:powIdTeryt>1424</sln:powIdTeryt><sln:powNazwa>pułtuski</sln:powNazwa><sln:waznyOd>2013-10-17T00:00:00+02:00</sln:waznyOd><sln:wojIIPId>4b6c492a-eb04-441d-a92a-f44359c06de7</sln:wojIIPId><sln:wojIIPPn>PL.PZGIK.200</sln:wojIIPPn><sln:wojIIPWersja>2012-09-27T13:45:13+02:00</sln:wojIIPWersja><sln:wojIdTeryt>14</sln:wojIdTeryt><sln:wojNazwa>mazowieckie</sln:wojNazwa></sln:miejscowosc><sln:miejscowosc><sln:cyklZyciaOd>2017-12-19T00:00:00+01:00</sln:cyklZyciaOd><sln:gmIIPId>48e7d870-86f0-422c-9b3b-c1adc0f522ae</sln:gmIIPId><sln:gmIIPPn>PL.PZGIK.200</sln:gmIIPPn><sln:gmIIPWersja>2012-09-26T22:55:19+02:00</sln:gmIIPWersja><sln:gmIdTeryt>1424052</sln:gmIdTeryt><sln:gmNazwa>Świercze</sln:gmNazwa><sln:miejscIIPId>0f14200d-ac73-4eb6-859d-5bf7efe27aa2</sln:miejscIIPId><sln:miejscIIPPn>PL.PZGIK.200</sln:miejscIIPPn><sln:miejscIIPWersja>2017-12-19T12:44:25+02:00</sln:miejscIIPWersja><sln:miejscIdTeryt>0128616</sln:miejscIdTeryt><sln:miejscNazwa>Stpice</sln:miejscNazwa><sln:miejscRodzaj>Wieś</sln:miejscRodzaj><sln:powIIPId>05b6cec3-bcc8-4029-a0bc-99c40ff3c159</sln:powIIPId><sln:powIIPPn>PL.PZGIK.200</sln:powIIPPn><sln:powIIPWersja>2012-09-27T08:13:53+02:00</sln:powIIPWersja><sln:powIdTeryt>1424</sln:powIdTeryt><sln:powNazwa>pułtuski</sln:powNazwa><sln:waznyOd>2013-10-17T00:00:00+02:00</sln:waznyOd><sln:wojIIPId>4b6c492a-eb04-441d-a92a-f44359c06de7</sln:wojIIPId><sln:wojIIPPn>PL.PZGIK.200</sln:wojIIPPn><sln:wojIIPWersja>2012-09-27T13:45:13+02:00</sln:wojIIPWersja><sln:wojIdTeryt>14</sln:wojIdTeryt><sln:wojNazwa>mazowieckie</sln:wojNazwa></sln:miejscowosc><sln:miejscowosc><sln:cyklZyciaOd>2017-12-19T00:00:00+01:00</sln:cyklZyciaOd><sln:gmIIPId>48e7d870-86f0-422c-9b3b-c1adc0f522ae</sln:gmIIPId><sln:gmIIPPn>PL.PZGIK.200</sln:gmIIPPn><sln:gmIIPWersja>2012-09-26T22:55:19+02:00</sln:gmIIPWersja><sln:gmIdTeryt>1424052</sln:gmIdTeryt><sln:gmNazwa>Świercze</sln:gmNazwa><sln:miejscIIPId>00967cfd-f217-4e5e-a230-0de2defb5c8e</sln:miejscIIPId><sln:miejscIIPPn>PL.PZGIK.200</sln:miejscIIPPn><sln:miejscIIPWersja>2017-12-19T12:44:25+02:00</sln:miejscIIPWersja><sln:miejscIdTeryt>0128622</sln:miejscIdTeryt><sln:miejscNazwa>Strzegocin</sln:miejscNazwa><sln:miejscRodzaj>Wieś</sln:miejscRodzaj><sln:powIIPId>05b6cec3-bcc8-4029-a0bc-99c40ff3c159</sln:powIIPId><sln:powIIPPn>PL.PZGIK.200</sln:powIIPPn><sln:powIIPWersja>2012-09-27T08:13:53+02:00</sln:powIIPWersja><sln:powIdTeryt>1424</sln:powIdTeryt><sln:powNazwa>pułtuski</sln:powNazwa><sln:waznyOd>2013-10-17T00:00:00+02:00</sln:waznyOd><sln:wojIIPId>4b6c492a-eb04-441d-a92a-f44359c06de7</sln:wojIIPId><sln:wojIIPPn>PL.PZGIK.200</sln:wojIIPPn><sln:wojIIPWersja>2012-09-27T13:45:13+02:00</sln:wojIIPWersja><sln:wojIdTeryt>14</sln:wojIdTeryt><sln:wojNazwa>mazowieckie</sln:wojNazwa></sln:miejscowosc><sln:miejscowosc><sln:cyklZyciaOd>2017-12-19T00:00:00+01:00</sln:cyklZyciaOd><sln:gmIIPId>48e7d870-86f0-422c-9b3b-c1adc0f522ae</sln:gmIIPId><sln:gmIIPPn>PL.PZGIK.200</sln:gmIIPPn><sln:gmIIPWersja>2012-09-26T22:55:19+02:00</sln:gmIIPWersja><sln:gmIdTeryt>1424052</sln:gmIdTeryt><sln:gmNazwa>Świercze</sln:gmNazwa><sln:miejscIIPId>eaba8ba1-39d8-4db1-ad49-870da0e5f0ff</sln:miejscIIPId><sln:miejscIIPPn>PL.PZGIK.200</sln:miejscIIPPn><sln:miejscIIPWersja>2017-12-19T12:44:25+02:00</sln:miejscIIPWersja><sln:miejscIdTeryt>0128645</sln:miejscIdTeryt><sln:miejscNazwa>Sulkowo</sln:miejscNazwa><sln:miejscRodzaj>Wieś</sln:miejscRodzaj><sln:powIIPId>05b6cec3-bcc8-4029-a0bc-99c40ff3c159</sln:powIIPId><sln:powIIPPn>PL.PZGIK.200</sln:powIIPPn><sln:powIIPWersja>2012-09-27T08:13:53+02:00</sln:powIIPWersja><sln:powIdTeryt>1424</sln:powIdTeryt><sln:powNazwa>pułtuski</sln:powNazwa><sln:waznyOd>2013-10-17T00:00:00+02:00</sln:waznyOd><sln:wojIIPId>4b6c492a-eb04-441d-a92a-f44359c06de7</sln:wojIIPId><sln:wojIIPPn>PL.PZGIK.200</sln:wojIIPPn><sln:wojIIPWersja>2012-09-27T13:45:13+02:00</sln:wojIIPWersja><sln:wojIdTeryt>14</sln:wojIdTeryt><sln:wojNazwa>mazowieckie</sln:wojNazwa></sln:miejscowosc><sln:miejscowosc><sln:cyklZyciaOd>2017-12-19T00:00:00+01:00</sln:cyklZyciaOd><sln:gmIIPId>48e7d870-86f0-422c-9b3b-c1adc0f522ae</sln:gmIIPId><sln:gmIIPPn>PL.PZGIK.200</sln:gmIIPPn><sln:gmIIPWersja>2012-09-26T22:55:19+02:00</sln:gmIIPWersja><sln:gmIdTeryt>1424052</sln:gmIdTeryt><sln:gmNazwa>Świercze</sln:gmNazwa><sln:miejscIIPId>d54d77a8-0974-4800-98a6-daae392b4545</sln:miejscIIPId><sln:miejscIIPPn>PL.PZGIK.200</sln:miejscIIPPn><sln:miejscIIPWersja>2017-12-19T12:44:25+02:00</sln:miejscIIPWersja><sln:miejscIdTeryt>0128651</sln:miejscIdTeryt><sln:miejscNazwa>Świercze</sln:miejscNazwa><sln:miejscRodzaj>Wieś</sln:miejscRodzaj><sln:powIIPId>05b6cec3-bcc8-4029-a0bc-99c40ff3c159</sln:powIIPId><sln:powIIPPn>PL.PZGIK.200</sln:powIIPPn><sln:powIIPWersja>2012-09-27T08:13:53+02:00</sln:powIIPWersja><sln:powIdTeryt>1424</sln:powIdTeryt><sln:powNazwa>pułtuski</sln:powNazwa><sln:waznyOd>2013-10-17T00:00:00+02:00</sln:waznyOd><sln:wojIIPId>4b6c492a-eb04-441d-a92a-f44359c06de7</sln:wojIIPId><sln:wojIIPPn>PL.PZGIK.200</sln:wojIIPPn><sln:wojIIPWersja>2012-09-27T13:45:13+02:00</sln:wojIIPWersja><sln:wojIdTeryt>14</sln:wojIdTeryt><sln:wojNazwa>mazowieckie</sln:wojNazwa></sln:miejscowosc><sln:miejscowosc><sln:cyklZyciaOd>2017-12-19T00:00:00+01:00</sln:cyklZyciaOd><sln:gmIIPId>48e7d870-86f0-422c-9b3b-c1adc0f522ae</sln:gmIIPId><sln:gmIIPPn>PL.PZGIK.200</sln:gmIIPPn><sln:gmIIPWersja>2012-09-26T22:55:19+02:00</sln:gmIIPWersja><sln:gmIdTeryt>1424052</sln:gmIdTeryt><sln:gmNazwa>Świercze</sln:gmNazwa><sln:miejscIIPId>60aaa45f-2b5f-4855-886d-c7fde8780649</sln:miejscIIPId><sln:miejscIIPPn>PL.PZGIK.200</sln:miejscIIPPn><sln:miejscIIPWersja>2017-12-19T12:44:25+02:00</sln:miejscIIPWersja><sln:miejscIdTeryt>0128668</sln:miejscIdTeryt><sln:miejscNazwa>Świercze-Siółki</sln:miejscNazwa><sln:miejscRodzaj>Wieś</sln:miejscRodzaj><sln:powIIPId>05b6cec3-bcc8-4029-a0bc-99c40ff3c159</sln:powIIPId><sln:powIIPPn>PL.PZGIK.200</sln:powIIPPn><sln:powIIPWersja>2012-09-27T08:13:53+02:00</sln:powIIPWersja><sln:powIdTeryt>1424</sln:powIdTeryt><sln:powNazwa>pułtuski</sln:powNazwa><sln:waznyOd>2013-10-17T00:00:00+02:00</sln:waznyOd><sln:wojIIPId>4b6c492a-eb04-441d-a92a-f44359c06de7</sln:wojIIPId><sln:wojIIPPn>PL.PZGIK.200</sln:wojIIPPn><sln:wojIIPWersja>2012-09-27T13:45:13+02:00</sln:wojIIPWersja><sln:wojIdTeryt>14</sln:wojIdTeryt><sln:wojNazwa>mazowieckie</sln:wojNazwa></sln:miejscowosc><sln:miejscowosc><sln:cyklZyciaOd>2017-12-19T00:00:00+01:00</sln:cyklZyciaOd><sln:gmIIPId>48e7d870-86f0-422c-9b3b-c1adc0f522ae</sln:gmIIPId><sln:gmIIPPn>PL.PZGIK.200</sln:gmIIPPn><sln:gmIIPWersja>2012-09-26T22:55:19+02:00</sln:gmIIPWersja><sln:gmIdTeryt>1424052</sln:gmIdTeryt><sln:gmNazwa>Świercze</sln:gmNazwa><sln:miejscIIPId>b7468c8e-84a8-4d78-a746-34f1105c56d8</sln:miejscIIPId><sln:miejscIIPPn>PL.PZGIK.200</sln:miejscIIPPn><sln:miejscIIPWersja>2017-12-19T12:44:25+02:00</sln:miejscIIPWersja><sln:miejscIdTeryt>0128680</sln:miejscIdTeryt><sln:miejscNazwa>Świerkowo</sln:miejscNazwa><sln:miejscRodzaj>Wieś</sln:miejscRodzaj><sln:powIIPId>05b6cec3-bcc8-4029-a0bc-99c40ff3c159</sln:powIIPId><sln:powIIPPn>PL.PZGIK.200</sln:powIIPPn><sln:powIIPWersja>2012-09-27T08:13:53+02:00</sln:powIIPWersja><sln:powIdTeryt>1424</sln:powIdTeryt><sln:powNazwa>pułtuski</sln:powNazwa><sln:waznyOd>2013-10-17T00:00:00+02:00</sln:waznyOd><sln:wojIIPId>4b6c492a-eb04-441d-a92a-f44359c06de7</sln:wojIIPId><sln:wojIIPPn>PL.PZGIK.200</sln:wojIIPPn><sln:wojIIPWersja>2012-09-27T13:45:13+02:00</sln:wojIIPWersja><sln:wojIdTeryt>14</sln:wojIdTeryt><sln:wojNazwa>mazowieckie</sln:wojNazwa></sln:miejscowosc><sln:miejscowosc><sln:cyklZyciaOd>2017-12-19T00:00:00+01:00</sln:cyklZyciaOd><sln:gmIIPId>48e7d870-86f0-422c-9b3b-c1adc0f522ae</sln:gmIIPId><sln:gmIIPPn>PL.PZGIK.200</sln:gmIIPPn><sln:gmIIPWersja>2012-09-26T22:55:19+02:00</sln:gmIIPWersja><sln:gmIdTeryt>1424052</sln:gmIdTeryt><sln:gmNazwa>Świercze</sln:gmNazwa><sln:miejscIIPId>19d026fd-ba37-447b-a7fc-382d5a1749f9</sln:miejscIIPId><sln:miejscIIPPn>PL.PZGIK.200</sln:miejscIIPPn><sln:miejscIIPWersja>2017-12-19T12:44:25+02:00</sln:miejscIIPWersja><sln:miejscIdTeryt>0128697</sln:miejscIdTeryt><sln:miejscNazwa>Świeszewko</sln:miejscNazwa><sln:miejscRodzaj>Wieś</sln:miejscRodzaj><sln:powIIPId>05b6cec3-bcc8-4029-a0bc-99c40ff3c159</sln:powIIPId><sln:powIIPPn>PL.PZGIK.200</sln:powIIPPn><sln:powIIPWersja>2012-09-27T08:13:53+02:00</sln:powIIPWersja><sln:powIdTeryt>1424</sln:powIdTeryt><sln:powNazwa>pułtuski</sln:powNazwa><sln:waznyOd>2013-10-17T00:00:00+02:00</sln:waznyOd><sln:wojIIPId>4b6c492a-eb04-441d-a92a-f44359c06de7</sln:wojIIPId><sln:wojIIPPn>PL.PZGIK.200</sln:wojIIPPn><sln:wojIIPWersja>2012-09-27T13:45:13+02:00</sln:wojIIPWersja><sln:wojIdTeryt>14</sln:wojIdTeryt><sln:wojNazwa>mazowieckie</sln:wojNazwa></sln:miejscowosc><sln:miejscowosc><sln:cyklZyciaOd>2017-12-19T00:00:00+01:00</sln:cyklZyciaOd><sln:gmIIPId>48e7d870-86f0-422c-9b3b-c1adc0f522ae</sln:gmIIPId><sln:gmIIPPn>PL.PZGIK.200</sln:gmIIPPn><sln:gmIIPWersja>2012-09-26T22:55:19+02:00</sln:gmIIPWersja><sln:gmIdTeryt>1424052</sln:gmIdTeryt><sln:gmNazwa>Świercze</sln:gmNazwa><sln:miejscIIPId>45da04e0-7a2f-46b8-8763-2f6f6e5828c5</sln:miejscIIPId><sln:miejscIIPPn>PL.PZGIK.200</sln:miejscIIPPn><sln:miejscIIPWersja>2017-12-19T12:44:25+02:00</sln:miejscIIPWersja><sln:miejscIdTeryt>0128705</sln:miejscIdTeryt><sln:miejscNazwa>Świeszewo</sln:miejscNazwa><sln:miejscRodzaj>Wieś</sln:miejscRodzaj><sln:powIIPId>05b6cec3-bcc8-4029-a0bc-99c40ff3c159</sln:powIIPId><sln:powIIPPn>PL.PZGIK.200</sln:powIIPPn><sln:powIIPWersja>2012-09-27T08:13:53+02:00</sln:powIIPWersja><sln:powIdTeryt>1424</sln:powIdTeryt><sln:powNazwa>pułtuski</sln:powNazwa><sln:waznyOd>2013-10-17T00:00:00+02:00</sln:waznyOd><sln:wojIIPId>4b6c492a-eb04-441d-a92a-f44359c06de7</sln:wojIIPId><sln:wojIIPPn>PL.PZGIK.200</sln:wojIIPPn><sln:wojIIPWersja>2012-09-27T13:45:13+02:00</sln:wojIIPWersja><sln:wojIdTeryt>14</sln:wojIdTeryt><sln:wojNazwa>mazowieckie</sln:wojNazwa></sln:miejscowosc><sln:miejscowosc><sln:cyklZyciaOd>2017-12-19T00:00:00+01:00</sln:cyklZyciaOd><sln:gmIIPId>48e7d870-86f0-422c-9b3b-c1adc0f522ae</sln:gmIIPId><sln:gmIIPPn>PL.PZGIK.200</sln:gmIIPPn><sln:gmIIPWersja>2012-09-26T22:55:19+02:00</sln:gmIIPWersja><sln:gmIdTeryt>1424052</sln:gmIdTeryt><sln:gmNazwa>Świercze</sln:gmNazwa><sln:miejscIIPId>430fed8d-15ee-4724-8d26-5cff87fde16e</sln:miejscIIPId><sln:miejscIIPPn>PL.PZGIK.200</sln:miejscIIPPn><sln:miejscIIPWersja>2017-12-19T12:44:26+02:00</sln:miejscIIPWersja><sln:miejscIdTeryt>0128711</sln:miejscIdTeryt><sln:miejscNazwa>Wyrzyki</sln:miejscNazwa><sln:miejscRodzaj>Wieś</sln:miejscRodzaj><sln:powIIPId>05b6cec3-bcc8-4029-a0bc-99c40ff3c159</sln:powIIPId><sln:powIIPPn>PL.PZGIK.200</sln:powIIPPn><sln:powIIPWersja>2012-09-27T08:13:53+02:00</sln:powIIPWersja><sln:powIdTeryt>1424</sln:powIdTeryt><sln:powNazwa>pułtuski</sln:powNazwa><sln:waznyOd>2013-10-17T00:00:00+02:00</sln:waznyOd><sln:wojIIPId>4b6c492a-eb04-441d-a92a-f44359c06de7</sln:wojIIPId><sln:wojIIPPn>PL.PZGIK.200</sln:wojIIPPn><sln:wojIIPWersja>2012-09-27T13:45:13+02:00</sln:wojIIPWersja><sln:wojIdTeryt>14</sln:wojIdTeryt><sln:wojNazwa>mazowieckie</sln:wojNazwa></sln:miejscowosc><sln:miejscowosc><sln:cyklZyciaOd>2017-12-19T00:00:00+01:00</sln:cyklZyciaOd><sln:gmIIPId>48e7d870-86f0-422c-9b3b-c1adc0f522ae</sln:gmIIPId><sln:gmIIPPn>PL.PZGIK.200</sln:gmIIPPn><sln:gmIIPWersja>2012-09-26T22:55:19+02:00</sln:gmIIPWersja><sln:gmIdTeryt>1424052</sln:gmIdTeryt><sln:gmNazwa>Świercze</sln:gmNazwa><sln:miejscIIPId>b24b0678-20c2-4792-ac3f-99be39327c42</sln:miejscIIPId><sln:miejscIIPPn>PL.PZGIK.200</sln:miejscIIPPn><sln:miejscIIPWersja>2017-12-19T12:44:26+02:00</sln:miejscIIPWersja><sln:miejscIdTeryt>0128757</sln:miejscIdTeryt><sln:miejscNazwa>Wyrzyki-Pękale</sln:miejscNazwa><sln:miejscRodzaj>Wieś</sln:miejscRodzaj><sln:powIIPId>05b6cec3-bcc8-4029-a0bc-99c40ff3c159</sln:powIIPId><sln:powIIPPn>PL.PZGIK.200</sln:powIIPPn><sln:powIIPWersja>2012-09-27T08:13:53+02:00</sln:powIIPWersja><sln:powIdTeryt>1424</sln:powIdTeryt><sln:powNazwa>pułtuski</sln:powNazwa><sln:waznyOd>2013-10-17T00:00:00+02:00</sln:waznyOd><sln:wojIIPId>4b6c492a-eb04-441d-a92a-f44359c06de7</sln:wojIIPId><sln:wojIIPPn>PL.PZGIK.200</sln:wojIIPPn><sln:wojIIPWersja>2012-09-27T13:45:13+02:00</sln:wojIIPWersja><sln:wojIdTeryt>14</sln:wojIdTeryt><sln:wojNazwa>mazowieckie</sln:wojNazwa></sln:miejscowosc></sln:lista-miejscowosci>