<?xml version="1.0" encoding="UTF-8" standalone="yes"?><sln:lista-miejscowosci xmlns:srv="http://gugik.gov.pl/schemas/slowniki-service/1.0" xmlns:sln="http://gugik.gov.pl/schemas/slowniki-schema/1.0"><sln:miejscowosc><sln:cyklZyciaDo>2017-03-27T00:00:00+02:00</sln:cyklZyciaDo><sln:cyklZyciaOd>2016-01-08T00:00:00+01:00</sln:cyklZyciaOd><sln:gmIIPId>4f8d7e57-8f01-4203-90f1-a894ad9be67b</sln:gmIIPId><sln:gmIIPPn>PL.PZGIK.200</sln:gmIIPPn><sln:gmIIPWersja>2012-09-26T21:58:00+02:00</sln:gmIIPWersja><sln:gmIdTeryt>1407032</sln:gmIdTeryt><sln:gmNazwa>Gniewoszów</sln:gmNazwa><sln:miejscIIPId>6aafb0b4-43fd-4b26-8c76-b9a9b00d3d2c</sln:miejscIIPId><sln:miejscIIPPn>PL.PZGIK.200</sln:miejscIIPPn><sln:miejscIIPWersja>2016-11-24T11:32:40+02:00</sln:miejscIIPWersja><sln:miejscIdTeryt>0619892</sln:miejscIdTeryt><sln:miejscNazwa>Boguszówka</sln:miejscNazwa><sln:miejscRodzaj>Wieś</sln:miejscRodzaj><sln:powIIPId>e11a1507-ec34-4cf5-a5fc-f557ede188aa</sln:powIIPId><sln:powIIPPn>PL.PZGIK.200</sln:powIIPPn><sln:powIIPWersja>2012-09-27T08:13:53+02:00</sln:powIIPWersja><sln:powIdTeryt>1407</sln:powIdTeryt><sln:powNazwa>kozienicki</sln:powNazwa><sln:waznyOd>2014-04-10T00:00:00+02:00</sln:waznyOd><sln:wojIIPId>4b6c492a-eb04-441d-a92a-f44359c06de7</sln:wojIIPId><sln:wojIIPPn>PL.PZGIK.200</sln:wojIIPPn><sln:wojIIPWersja>2012-09-27T13:45:13+02:00</sln:wojIIPWersja><sln:wojIdTeryt>14</sln:wojIdTeryt><sln:wojNazwa>mazowieckie</sln:wojNazwa></sln:miejscowosc><sln:miejscowosc><sln:cyklZyciaDo>2017-03-27T00:00:00+02:00</sln:cyklZyciaDo><sln:cyklZyciaOd>2016-01-08T00:00:00+01:00</sln:cyklZyciaOd><sln:gmIIPId>4f8d7e57-8f01-4203-90f1-a894ad9be67b</sln:gmIIPId><sln:gmIIPPn>PL.PZGIK.200</sln:gmIIPPn><sln:gmIIPWersja>2012-09-26T21:58:00+02:00</sln:gmIIPWersja><sln:gmIdTeryt>1407032</sln:gmIdTeryt><sln:gmNazwa>Gniewoszów</sln:gmNazwa><sln:miejscIIPId>b482940c-644c-4cf0-bd11-7f0c92747caf</sln:miejscIIPId><sln:miejscIIPPn>PL.PZGIK.200</sln:miejscIIPPn><sln:miejscIIPWersja>2016-11-24T11:32:41+02:00</sln:miejscIIPWersja><sln:miejscIdTeryt>0619923</sln:miejscIdTeryt><sln:miejscNazwa>Borek</sln:miejscNazwa><sln:miejscRodzaj>Wieś</sln:miejscRodzaj><sln:powIIPId>e11a1507-ec34-4cf5-a5fc-f557ede188aa</sln:powIIPId><sln:powIIPPn>PL.PZGIK.200</sln:powIIPPn><sln:powIIPWersja>2012-09-27T08:13:53+02:00</sln:powIIPWersja><sln:powIdTeryt>1407</sln:powIdTeryt><sln:powNazwa>kozienicki</sln:powNazwa><sln:waznyOd>2014-04-10T00:00:00+02:00</sln:waznyOd><sln:wojIIPId>4b6c492a-eb04-441d-a92a-f44359c06de7</sln:wojIIPId><sln:wojIIPPn>PL.PZGIK.200</sln:wojIIPPn><sln:wojIIPWersja>2012-09-27T13:45:13+02:00</sln:wojIIPWersja><sln:wojIdTeryt>14</sln:wojIdTeryt><sln:wojNazwa>mazowieckie</sln:wojNazwa></sln:miejscowosc><sln:miejscowosc><sln:cyklZyciaDo>2017-03-27T00:00:00+02:00</sln:cyklZyciaDo><sln:cyklZyciaOd>2016-01-08T00:00:00+01:00</sln:cyklZyciaOd><sln:gmIIPId>4f8d7e57-8f01-4203-90f1-a894ad9be67b</sln:gmIIPId><sln:gmIIPPn>PL.PZGIK.200</sln:gmIIPPn><sln:gmIIPWersja>2012-09-26T21:58:00+02:00</sln:gmIIPWersja><sln:gmIdTeryt>1407032</sln:gmIdTeryt><sln:gmNazwa>Gniewoszów</sln:gmNazwa><sln:miejscIIPId>66f26f00-524a-4e7e-8aa5-69171e0caad1</sln:miejscIIPId><sln:miejscIIPPn>PL.PZGIK.200</sln:miejscIIPPn><sln:miejscIIPWersja>2016-11-24T11:32:42+02:00</sln:miejscIIPWersja><sln:miejscIdTeryt>0619981</sln:miejscIdTeryt><sln:miejscNazwa>Gniewoszów</sln:miejscNazwa><sln:miejscRodzaj>Wieś</sln:miejscRodzaj><sln:powIIPId>e11a1507-ec34-4cf5-a5fc-f557ede188aa</sln:powIIPId><sln:powIIPPn>PL.PZGIK.200</sln:powIIPPn><sln:powIIPWersja>2012-09-27T08:13:53+02:00</sln:powIIPWersja><sln:powIdTeryt>1407</sln:powIdTeryt><sln:powNazwa>kozienicki</sln:powNazwa><sln:waznyOd>2014-04-10T00:00:00+02:00</sln:waznyOd><sln:wojIIPId>4b6c492a-eb04-441d-a92a-f44359c06de7</sln:wojIIPId><sln:wojIIPPn>PL.PZGIK.200</sln:wojIIPPn><sln:wojIIPWersja>2012-09-27T13:45:13+02:00</sln:wojIIPWersja><sln:wojIdTeryt>14</sln:wojIdTeryt><sln:wojNazwa>mazowieckie</sln:wojNazwa></sln:miejscowosc><sln:miejscowosc><sln:cyklZyciaDo>2017-03-27T00:00:00+02:00</sln:cyklZyciaDo><sln:cyklZyciaOd>2016-01-08T00:00:00+01:00</sln:cyklZyciaOd><sln:gmIIPId>4f8d7e57-8f01-4203-90f1-a894ad9be67b</sln:gmIIPId><sln:gmIIPPn>PL.PZGIK.200</sln:gmIIPPn><sln:gmIIPWersja>2012-09-26T21:58:00+02:00</sln:gmIIPWersja><sln:gmIdTeryt>1407032</sln:gmIdTeryt><sln:gmNazwa>Gniewoszów</sln:gmNazwa><sln:miejscIIPId>6bea17ae-575a-453b-8859-1ce45da486c7</sln:miejscIIPId><sln:miejscIIPPn>PL.PZGIK.200</sln:miejscIIPPn><sln:miejscIIPWersja>2016-11-24T11:32:43+02:00</sln:miejscIIPWersja><sln:miejscIdTeryt>0619998</sln:miejscIdTeryt><sln:miejscNazwa>Kociołek</sln:miejscNazwa><sln:miejscRodzaj>Wieś</sln:miejscRodzaj><sln:powIIPId>e11a1507-ec34-4cf5-a5fc-f557ede188aa</sln:powIIPId><sln:powIIPPn>PL.PZGIK.200</sln:powIIPPn><sln:powIIPWersja>2012-09-27T08:13:53+02:00</sln:powIIPWersja><sln:powIdTeryt>1407</sln:powIdTeryt><sln:powNazwa>kozienicki</sln:powNazwa><sln:waznyOd>2014-04-10T00:00:00+02:00</sln:waznyOd><sln:wojIIPId>4b6c492a-eb04-441d-a92a-f44359c06de7</sln:wojIIPId><sln:wojIIPPn>PL.PZGIK.200</sln:wojIIPPn><sln:wojIIPWersja>2012-09-27T13:45:13+02:00</sln:wojIIPWersja><sln:wojIdTeryt>14</sln:wojIdTeryt><sln:wojNazwa>mazowieckie</sln:wojNazwa></sln:miejscowosc><sln:miejscowosc><sln:cyklZyciaDo>2017-03-27T00:00:00+02:00</sln:cyklZyciaDo><sln:cyklZyciaOd>2016-01-08T00:00:00+01:00</sln:cyklZyciaOd><sln:gmIIPId>4f8d7e57-8f01-4203-90f1-a894ad9be67b</sln:gmIIPId><sln:gmIIPPn>PL.PZGIK.200</sln:gmIIPPn><sln:gmIIPWersja>2012-09-26T21:58:00+02:00</sln:gmIIPWersja><sln:gmIdTeryt>1407032</sln:gmIdTeryt><sln:gmNazwa>Gniewoszów</sln:gmNazwa><sln:miejscIIPId>1787b65b-c5ba-430a-8845-94472820a6d7</sln:miejscIIPId><sln:miejscIIPPn>PL.PZGIK.200</sln:miejscIIPPn><sln:miejscIIPWersja>2016-11-24T11:32:45+02:00</sln:miejscIIPWersja><sln:miejscIdTeryt>0620004</sln:miejscIdTeryt><sln:miejscNazwa>Marianów</sln:miejscNazwa><sln:miejscRodzaj>Wieś</sln:miejscRodzaj><sln:powIIPId>e11a1507-ec34-4cf5-a5fc-f557ede188aa</sln:powIIPId><sln:powIIPPn>PL.PZGIK.200</sln:powIIPPn><sln:powIIPWersja>2012-09-27T08:13:53+02:00</sln:powIIPWersja><sln:powIdTeryt>1407</sln:powIdTeryt><sln:powNazwa>kozienicki</sln:powNazwa><sln:waznyOd>2014-04-10T00:00:00+02:00</sln:waznyOd><sln:wojIIPId>4b6c492a-eb04-441d-a92a-f44359c06de7</sln:wojIIPId><sln:wojIIPPn>PL.PZGIK.200</sln:wojIIPPn><sln:wojIIPWersja>2012-09-27T13:45:13+02:00</sln:wojIIPWersja><sln:wojIdTeryt>14</sln:wojIdTeryt><sln:wojNazwa>mazowieckie</sln:wojNazwa></sln:miejscowosc><sln:miejscowosc><sln:cyklZyciaDo>2017-03-27T00:00:00+02:00</sln:cyklZyciaDo><sln:cyklZyciaOd>2016-01-08T00:00:00+01:00</sln:cyklZyciaOd><sln:gmIIPId>4f8d7e57-8f01-4203-90f1-a894ad9be67b</sln:gmIIPId><sln:gmIIPPn>PL.PZGIK.200</sln:gmIIPPn><sln:gmIIPWersja>2012-09-26T21:58:00+02:00</sln:gmIIPWersja><sln:gmIdTeryt>1407032</sln:gmIdTeryt><sln:gmNazwa>Gniewoszów</sln:gmNazwa><sln:miejscIIPId>8c98fe51-efae-4faa-ac4f-368d2614eb36</sln:miejscIIPId><sln:miejscIIPPn>PL.PZGIK.200</sln:miejscIIPPn><sln:miejscIIPWersja>2016-11-24T11:32:46+02:00</sln:miejscIIPWersja><sln:miejscIdTeryt>0620033</sln:miejscIdTeryt><sln:miejscNazwa>Markowola</sln:miejscNazwa><sln:miejscRodzaj>Wieś</sln:miejscRodzaj><sln:powIIPId>e11a1507-ec34-4cf5-a5fc-f557ede188aa</sln:powIIPId><sln:powIIPPn>PL.PZGIK.200</sln:powIIPPn><sln:powIIPWersja>2012-09-27T08:13:53+02:00</sln:powIIPWersja><sln:powIdTeryt>1407</sln:powIdTeryt><sln:powNazwa>kozienicki</sln:powNazwa><sln:waznyOd>2014-04-10T00:00:00+02:00</sln:waznyOd><sln:wojIIPId>4b6c492a-eb04-441d-a92a-f44359c06de7</sln:wojIIPId><sln:wojIIPPn>PL.PZGIK.200</sln:wojIIPPn><sln:wojIIPWersja>2012-09-27T13:45:13+02:00</sln:wojIIPWersja><sln:wojIdTeryt>14</sln:wojIdTeryt><sln:wojNazwa>mazowieckie</sln:wojNazwa></sln:miejscowosc><sln:miejscowosc><sln:cyklZyciaDo>2017-03-27T00:00:00+02:00</sln:cyklZyciaDo><sln:cyklZyciaOd>2016-01-08T00:00:00+01:00</sln:cyklZyciaOd><sln:gmIIPId>4f8d7e57-8f01-4203-90f1-a894ad9be67b</sln:gmIIPId><sln:gmIIPPn>PL.PZGIK.200</sln:gmIIPPn><sln:gmIIPWersja>2012-09-26T21:58:00+02:00</sln:gmIIPWersja><sln:gmIdTeryt>1407032</sln:gmIdTeryt><sln:gmNazwa>Gniewoszów</sln:gmNazwa><sln:miejscIIPId>7e79c360-54b9-4a64-82ca-dc5f64551643</sln:miejscIIPId><sln:miejscIIPPn>PL.PZGIK.200</sln:miejscIIPPn><sln:miejscIIPWersja>2016-11-24T11:32:47+02:00</sln:miejscIIPWersja><sln:miejscIdTeryt>0620040</sln:miejscIdTeryt><sln:miejscNazwa>Markowola-Kolonia</sln:miejscNazwa><sln:miejscRodzaj>Wieś</sln:miejscRodzaj><sln:powIIPId>e11a1507-ec34-4cf5-a5fc-f557ede188aa</sln:powIIPId><sln:powIIPPn>PL.PZGIK.200</sln:powIIPPn><sln:powIIPWersja>2012-09-27T08:13:53+02:00</sln:powIIPWersja><sln:powIdTeryt>1407</sln:powIdTeryt><sln:powNazwa>kozienicki</sln:powNazwa><sln:waznyOd>2014-04-10T00:00:00+02:00</sln:waznyOd><sln:wojIIPId>4b6c492a-eb04-441d-a92a-f44359c06de7</sln:wojIIPId><sln:wojIIPPn>PL.PZGIK.200</sln:wojIIPPn><sln:wojIIPWersja>2012-09-27T13:45:13+02:00</sln:wojIIPWersja><sln:wojIdTeryt>14</sln:wojIdTeryt><sln:wojNazwa>mazowieckie</sln:wojNazwa></sln:miejscowosc><sln:miejscowosc><sln:cyklZyciaDo>2017-03-27T00:00:00+02:00</sln:cyklZyciaDo><sln:cyklZyciaOd>2016-01-08T00:00:00+01:00</sln:cyklZyciaOd><sln:gmIIPId>4f8d7e57-8f01-4203-90f1-a894ad9be67b</sln:gmIIPId><sln:gmIIPPn>PL.PZGIK.200</sln:gmIIPPn><sln:gmIIPWersja>2012-09-26T21:58:00+02:00</sln:gmIIPWersja><sln:gmIdTeryt>1407032</sln:gmIdTeryt><sln:gmNazwa>Gniewoszów</sln:gmNazwa><sln:miejscIIPId>3f3ca7e6-c670-4059-afed-6396b2d20c5d</sln:miejscIIPId><sln:miejscIIPPn>PL.PZGIK.200</sln:miejscIIPPn><sln:miejscIIPWersja>2016-11-24T11:32:48+02:00</sln:miejscIIPWersja><sln:miejscIdTeryt>0620056</sln:miejscIdTeryt><sln:miejscNazwa>Mieścisko</sln:miejscNazwa><sln:miejscRodzaj>Wieś</sln:miejscRodzaj><sln:powIIPId>e11a1507-ec34-4cf5-a5fc-f557ede188aa</sln:powIIPId><sln:powIIPPn>PL.PZGIK.200</sln:powIIPPn><sln:powIIPWersja>2012-09-27T08:13:53+02:00</sln:powIIPWersja><sln:powIdTeryt>1407</sln:powIdTeryt><sln:powNazwa>kozienicki</sln:powNazwa><sln:waznyOd>2014-04-10T00:00:00+02:00</sln:waznyOd><sln:wojIIPId>4b6c492a-eb04-441d-a92a-f44359c06de7</sln:wojIIPId><sln:wojIIPPn>PL.PZGIK.200</sln:wojIIPPn><sln:wojIIPWersja>2012-09-27T13:45:13+02:00</sln:wojIIPWersja><sln:wojIdTeryt>14</sln:wojIdTeryt><sln:wojNazwa>mazowieckie</sln:wojNazwa></sln:miejscowosc><sln:miejscowosc><sln:cyklZyciaDo>2017-03-27T00:00:00+02:00</sln:cyklZyciaDo><sln:cyklZyciaOd>2016-01-08T00:00:00+01:00</sln:cyklZyciaOd><sln:gmIIPId>4f8d7e57-8f01-4203-90f1-a894ad9be67b</sln:gmIIPId><sln:gmIIPPn>PL.PZGIK.200</sln:gmIIPPn><sln:gmIIPWersja>2012-09-26T21:58:00+02:00</sln:gmIIPWersja><sln:gmIdTeryt>1407032</sln:gmIdTeryt><sln:gmNazwa>Gniewoszów</sln:gmNazwa><sln:miejscIIPId>12c91a40-6986-4028-a082-0a6bed7d7865</sln:miejscIIPId><sln:miejscIIPPn>PL.PZGIK.200</sln:miejscIIPPn><sln:miejscIIPWersja>2016-11-24T11:32:49+02:00</sln:miejscIIPWersja><sln:miejscIdTeryt>0620062</sln:miejscIdTeryt><sln:miejscNazwa>Oleksów</sln:miejscNazwa><sln:miejscRodzaj>Wieś</sln:miejscRodzaj><sln:powIIPId>e11a1507-ec34-4cf5-a5fc-f557ede188aa</sln:powIIPId><sln:powIIPPn>PL.PZGIK.200</sln:powIIPPn><sln:powIIPWersja>2012-09-27T08:13:53+02:00</sln:powIIPWersja><sln:powIdTeryt>1407</sln:powIdTeryt><sln:powNazwa>kozienicki</sln:powNazwa><sln:waznyOd>2014-04-10T00:00:00+02:00</sln:waznyOd><sln:wojIIPId>4b6c492a-eb04-441d-a92a-f44359c06de7</sln:wojIIPId><sln:wojIIPPn>PL.PZGIK.200</sln:wojIIPPn><sln:wojIIPWersja>2012-09-27T13:45:13+02:00</sln:wojIIPWersja><sln:wojIdTeryt>14</sln:wojIdTeryt><sln:wojNazwa>mazowieckie</sln:wojNazwa></sln:miejscowosc><sln:miejscowosc><sln:cyklZyciaDo>2017-03-27T00:00:00+02:00</sln:cyklZyciaDo><sln:cyklZyciaOd>2016-01-08T00:00:00+01:00</sln:cyklZyciaOd><sln:gmIIPId>4f8d7e57-8f01-4203-90f1-a894ad9be67b</sln:gmIIPId><sln:gmIIPPn>PL.PZGIK.200</sln:gmIIPPn><sln:gmIIPWersja>2012-09-26T21:58:00+02:00</sln:gmIIPWersja><sln:gmIdTeryt>1407032</sln:gmIdTeryt><sln:gmNazwa>Gniewoszów</sln:gmNazwa><sln:miejscIIPId>4c85cff6-81b3-4b54-83e4-ab6f53542e4d</sln:miejscIIPId><sln:miejscIIPPn>PL.PZGIK.200</sln:miejscIIPPn><sln:miejscIIPWersja>2016-11-24T11:32:50+02:00</sln:miejscIIPWersja><sln:miejscIdTeryt>0620116</sln:miejscIdTeryt><sln:miejscNazwa>Podmieście</sln:miejscNazwa><sln:miejscRodzaj>Wieś</sln:miejscRodzaj><sln:powIIPId>e11a1507-ec34-4cf5-a5fc-f557ede188aa</sln:powIIPId><sln:powIIPPn>PL.PZGIK.200</sln:powIIPPn><sln:powIIPWersja>2012-09-27T08:13:53+02:00</sln:powIIPWersja><sln:powIdTeryt>1407</sln:powIdTeryt><sln:powNazwa>kozienicki</sln:powNazwa><sln:waznyOd>2014-04-10T00:00:00+02:00</sln:waznyOd><sln:wojIIPId>4b6c492a-eb04-441d-a92a-f44359c06de7</sln:wojIIPId><sln:wojIIPPn>PL.PZGIK.200</sln:wojIIPPn><sln:wojIIPWersja>2012-09-27T13:45:13+02:00</sln:wojIIPWersja><sln:wojIdTeryt>14</sln:wojIdTeryt><sln:wojNazwa>mazowieckie</sln:wojNazwa></sln:miejscowosc><sln:miejscowosc><sln:cyklZyciaDo>2017-03-27T00:00:00+02:00</sln:cyklZyciaDo><sln:cyklZyciaOd>2016-01-08T00:00:00+01:00</sln:cyklZyciaOd><sln:gmIIPId>4f8d7e57-8f01-4203-90f1-a894ad9be67b</sln:gmIIPId><sln:gmIIPPn>PL.PZGIK.200</sln:gmIIPPn><sln:gmIIPWersja>2012-09-26T21:58:00+02:00</sln:gmIIPWersja><sln:gmIdTeryt>1407032</sln:gmIdTeryt><sln:gmNazwa>Gniewoszów</sln:gmNazwa><sln:miejscIIPId>058a3be3-e15d-4ef8-8967-89f08a1a2bbd</sln:miejscIIPId><sln:miejscIIPPn>PL.PZGIK.200</sln:miejscIIPPn><sln:miejscIIPWersja>2016-11-24T11:32:58+02:00</sln:miejscIIPWersja><sln:miejscIdTeryt>0620381</sln:miejscIdTeryt><sln:miejscNazwa>Regów Nowy</sln:miejscNazwa><sln:miejscRodzaj>Wieś</sln:miejscRodzaj><sln:powIIPId>e11a1507-ec34-4cf5-a5fc-f557ede188aa</sln:powIIPId><sln:powIIPPn>PL.PZGIK.200</sln:powIIPPn><sln:powIIPWersja>2012-09-27T08:13:53+02:00</sln:powIIPWersja><sln:powIdTeryt>1407</sln:powIdTeryt><sln:powNazwa>kozienicki</sln:powNazwa><sln:waznyOd>2014-04-10T00:00:00+02:00</sln:waznyOd><sln:wojIIPId>4b6c492a-eb04-441d-a92a-f44359c06de7</sln:wojIIPId><sln:wojIIPPn>PL.PZGIK.200</sln:wojIIPPn><sln:wojIIPWersja>2012-09-27T13:45:13+02:00</sln:wojIIPWersja><sln:wojIdTeryt>14</sln:wojIdTeryt><sln:wojNazwa>mazowieckie</sln:wojNazwa></sln:miejscowosc><sln:miejscowosc><sln:cyklZyciaDo>2017-03-27T00:00:00+02:00</sln:cyklZyciaDo><sln:cyklZyciaOd>2016-01-08T00:00:00+01:00</sln:cyklZyciaOd><sln:gmIIPId>4f8d7e57-8f01-4203-90f1-a894ad9be67b</sln:gmIIPId><sln:gmIIPPn>PL.PZGIK.200</sln:gmIIPPn><sln:gmIIPWersja>2012-09-26T21:58:00+02:00</sln:gmIIPWersja><sln:gmIdTeryt>1407032</sln:gmIdTeryt><sln:gmNazwa>Gniewoszów</sln:gmNazwa><sln:miejscIIPId>98054f34-df1b-4b2c-95d7-b88275e7020f</sln:miejscIIPId><sln:miejscIIPPn>PL.PZGIK.200</sln:miejscIIPPn><sln:miejscIIPWersja>2016-11-24T11:32:54+02:00</sln:miejscIIPWersja><sln:miejscIdTeryt>0620300</sln:miejscIdTeryt><sln:miejscNazwa>Regów Stary</sln:miejscNazwa><sln:miejscRodzaj>Wieś</sln:miejscRodzaj><sln:powIIPId>e11a1507-ec34-4cf5-a5fc-f557ede188aa</sln:powIIPId><sln:powIIPPn>PL.PZGIK.200</sln:powIIPPn><sln:powIIPWersja>2012-09-27T08:13:53+02:00</sln:powIIPWersja><sln:powIdTeryt>1407</sln:powIdTeryt><sln:powNazwa>kozienicki</sln:powNazwa><sln:waznyOd>2014-04-10T00:00:00+02:00</sln:waznyOd><sln:wojIIPId>4b6c492a-eb04-441d-a92a-f44359c06de7</sln:wojIIPId><sln:wojIIPPn>PL.PZGIK.200</sln:wojIIPPn><sln:wojIIPWersja>2012-09-27T13:45:13+02:00</sln:wojIIPWersja><sln:wojIdTeryt>14</sln:wojIdTeryt><sln:wojNazwa>mazowieckie</sln:wojNazwa></sln:miejscowosc><sln:miejscowosc><sln:cyklZyciaDo>2017-03-27T00:00:00+02:00</sln:cyklZyciaDo><sln:cyklZyciaOd>2016-01-08T00:00:00+01:00</sln:cyklZyciaOd><sln:gmIIPId>4f8d7e57-8f01-4203-90f1-a894ad9be67b</sln:gmIIPId><sln:gmIIPPn>PL.PZGIK.200</sln:gmIIPPn><sln:gmIIPWersja>2012-09-26T21:58:00+02:00</sln:gmIIPWersja><sln:gmIdTeryt>1407032</sln:gmIdTeryt><sln:gmNazwa>Gniewoszów</sln:gmNazwa><sln:miejscIIPId>a0ee86ba-8b1e-4c2f-b855-daf65b76dd6c</sln:miejscIIPId><sln:miejscIIPPn>PL.PZGIK.200</sln:miejscIIPPn><sln:miejscIIPWersja>2016-11-24T11:32:51+02:00</sln:miejscIIPWersja><sln:miejscIdTeryt>0620122</sln:miejscIdTeryt><sln:miejscNazwa>Sarnów</sln:miejscNazwa><sln:miejscRodzaj>Wieś</sln:miejscRodzaj><sln:powIIPId>e11a1507-ec34-4cf5-a5fc-f557ede188aa</sln:powIIPId><sln:powIIPPn>PL.PZGIK.200</sln:powIIPPn><sln:powIIPWersja>2012-09-27T08:13:53+02:00</sln:powIIPWersja><sln:powIdTeryt>1407</sln:powIdTeryt><sln:powNazwa>kozienicki</sln:powNazwa><sln:waznyOd>2014-04-10T00:00:00+02:00</sln:waznyOd><sln:wojIIPId>4b6c492a-eb04-441d-a92a-f44359c06de7</sln:wojIIPId><sln:wojIIPPn>PL.PZGIK.200</sln:wojIIPPn><sln:wojIIPWersja>2012-09-27T13:45:13+02:00</sln:wojIIPWersja><sln:wojIdTeryt>14</sln:wojIdTeryt><sln:wojNazwa>mazowieckie</sln:wojNazwa></sln:miejscowosc><sln:miejscowosc><sln:cyklZyciaDo>2017-03-27T00:00:00+02:00</sln:cyklZyciaDo><sln:cyklZyciaOd>2016-01-08T00:00:00+01:00</sln:cyklZyciaOd><sln:gmIIPId>4f8d7e57-8f01-4203-90f1-a894ad9be67b</sln:gmIIPId><sln:gmIIPPn>PL.PZGIK.200</sln:gmIIPPn><sln:gmIIPWersja>2012-09-26T21:58:00+02:00</sln:gmIIPWersja><sln:gmIdTeryt>1407032</sln:gmIdTeryt><sln:gmNazwa>Gniewoszów</sln:gmNazwa><sln:miejscIIPId>eada69d4-9baa-440a-b4f4-dbd4f4012a8e</sln:miejscIIPId><sln:miejscIIPPn>PL.PZGIK.200</sln:miejscIIPPn><sln:miejscIIPWersja>2016-11-24T11:32:52+02:00</sln:miejscIIPWersja><sln:miejscIdTeryt>0620205</sln:miejscIdTeryt><sln:miejscNazwa>Sławczyn</sln:miejscNazwa><sln:miejscRodzaj>Wieś</sln:miejscRodzaj><sln:powIIPId>e11a1507-ec34-4cf5-a5fc-f557ede188aa</sln:powIIPId><sln:powIIPPn>PL.PZGIK.200</sln:powIIPPn><sln:powIIPWersja>2012-09-27T08:13:53+02:00</sln:powIIPWersja><sln:powIdTeryt>1407</sln:powIdTeryt><sln:powNazwa>kozienicki</sln:powNazwa><sln:waznyOd>2014-04-10T00:00:00+02:00</sln:waznyOd><sln:wojIIPId>4b6c492a-eb04-441d-a92a-f44359c06de7</sln:wojIIPId><sln:wojIIPPn>PL.PZGIK.200</sln:wojIIPPn><sln:wojIIPWersja>2012-09-27T13:45:13+02:00</sln:wojIIPWersja><sln:wojIdTeryt>14</sln:wojIdTeryt><sln:wojNazwa>mazowieckie</sln:wojNazwa></sln:miejscowosc><sln:miejscowosc><sln:cyklZyciaDo>2017-03-27T00:00:00+02:00</sln:cyklZyciaDo><sln:cyklZyciaOd>2016-01-08T00:00:00+01:00</sln:cyklZyciaOd><sln:gmIIPId>4f8d7e57-8f01-4203-90f1-a894ad9be67b</sln:gmIIPId><sln:gmIIPPn>PL.PZGIK.200</sln:gmIIPPn><sln:gmIIPWersja>2012-09-26T21:58:00+02:00</sln:gmIIPWersja><sln:gmIdTeryt>1407032</sln:gmIdTeryt><sln:gmNazwa>Gniewoszów</sln:gmNazwa><sln:miejscIIPId>4554df7c-6ea2-4e6d-8f6b-6450b47f1c05</sln:miejscIIPId><sln:miejscIIPPn>PL.PZGIK.200</sln:miejscIIPPn><sln:miejscIIPWersja>2016-11-24T11:32:55+02:00</sln:miejscIIPWersja><sln:miejscIdTeryt>0620323</sln:miejscIdTeryt><sln:miejscNazwa>Wólka Bachańska</sln:miejscNazwa><sln:miejscRodzaj>Wieś</sln:miejscRodzaj><sln:powIIPId>e11a1507-ec34-4cf5-a5fc-f557ede188aa</sln:powIIPId><sln:powIIPPn>PL.PZGIK.200</sln:powIIPPn><sln:powIIPWersja>2012-09-27T08:13:53+02:00</sln:powIIPWersja><sln:powIdTeryt>1407</sln:powIdTeryt><sln:powNazwa>kozienicki</sln:powNazwa><sln:waznyOd>2014-04-10T00:00:00+02:00</sln:waznyOd><sln:wojIIPId>4b6c492a-eb04-441d-a92a-f44359c06de7</sln:wojIIPId><sln:wojIIPPn>PL.PZGIK.200</sln:wojIIPPn><sln:wojIIPWersja>2012-09-27T13:45:13+02:00</sln:wojIIPWersja><sln:wojIdTeryt>14</sln:wojIdTeryt><sln:wojNazwa>mazowieckie</sln:wojNazwa></sln:miejscowosc><sln:miejscowosc><sln:cyklZyciaDo>2017-03-27T00:00:00+02:00</sln:cyklZyciaDo><sln:cyklZyciaOd>2016-01-08T00:00:00+01:00</sln:cyklZyciaOd><sln:gmIIPId>4f8d7e57-8f01-4203-90f1-a894ad9be67b</sln:gmIIPId><sln:gmIIPPn>PL.PZGIK.200</sln:gmIIPPn><sln:gmIIPWersja>2012-09-26T21:58:00+02:00</sln:gmIIPWersja><sln:gmIdTeryt>1407032</sln:gmIdTeryt><sln:gmNazwa>Gniewoszów</sln:gmNazwa><sln:miejscIIPId>8f6f918a-48c7-4a6a-b29d-8b6263d5e29c</sln:miejscIIPId><sln:miejscIIPPn>PL.PZGIK.200</sln:miejscIIPPn><sln:miejscIIPWersja>2016-11-24T11:32:56+02:00</sln:miejscIIPWersja><sln:miejscIdTeryt>0620369</sln:miejscIdTeryt><sln:miejscNazwa>Wysokie Koło</sln:miejscNazwa><sln:miejscRodzaj>Wieś</sln:miejscRodzaj><sln:powIIPId>e11a1507-ec34-4cf5-a5fc-f557ede188aa</sln:powIIPId><sln:powIIPPn>PL.PZGIK.200</sln:powIIPPn><sln:powIIPWersja>2012-09-27T08:13:53+02:00</sln:powIIPWersja><sln:powIdTeryt>1407</sln:powIdTeryt><sln:powNazwa>kozienicki</sln:powNazwa><sln:waznyOd>2014-04-10T00:00:00+02:00</sln:waznyOd><sln:wojIIPId>4b6c492a-eb04-441d-a92a-f44359c06de7</sln:wojIIPId><sln:wojIIPPn>PL.PZGIK.200</sln:wojIIPPn><sln:wojIIPWersja>2012-09-27T13:45:13+02:00</sln:wojIIPWersja><sln:wojIdTeryt>14</sln:wojIdTeryt><sln:wojNazwa>mazowieckie</sln:wojNazwa></sln:miejscowosc><sln:miejscowosc><sln:cyklZyciaDo>2017-03-27T00:00:00+02:00</sln:cyklZyciaDo><sln:cyklZyciaOd>2016-01-08T00:00:00+01:00</sln:cyklZyciaOd><sln:gmIIPId>4f8d7e57-8f01-4203-90f1-a894ad9be67b</sln:gmIIPId><sln:gmIIPPn>PL.PZGIK.200</sln:gmIIPPn><sln:gmIIPWersja>2012-09-26T21:58:00+02:00</sln:gmIIPWersja><sln:gmIdTeryt>1407032</sln:gmIdTeryt><sln:gmNazwa>Gniewoszów</sln:gmNazwa><sln:miejscIIPId>aaa1f500-ef4b-4505-abf2-f5328c32bebb</sln:miejscIIPId><sln:miejscIIPPn>PL.PZGIK.200</sln:miejscIIPPn><sln:miejscIIPWersja>2016-11-24T11:32:59+02:00</sln:miejscIIPWersja><sln:miejscIdTeryt>0620398</sln:miejscIdTeryt><sln:miejscNazwa>Zalesie</sln:miejscNazwa><sln:miejscRodzaj>Wieś</sln:miejscRodzaj><sln:powIIPId>e11a1507-ec34-4cf5-a5fc-f557ede188aa</sln:powIIPId><sln:powIIPPn>PL.PZGIK.200</sln:powIIPPn><sln:powIIPWersja>2012-09-27T08:13:53+02:00</sln:powIIPWersja><sln:powIdTeryt>1407</sln:powIdTeryt><sln:powNazwa>kozienicki</sln:powNazwa><sln:waznyOd>2014-04-10T00:00:00+02:00</sln:waznyOd><sln:wojIIPId>4b6c492a-eb04-441d-a92a-f44359c06de7</sln:wojIIPId><sln:wojIIPPn>PL.PZGIK.200</sln:wojIIPPn><sln:wojIIPWersja>2012-09-27T13:45:13+02:00</sln:wojIIPWersja><sln:wojIdTeryt>14</sln:wojIdTeryt><sln:wojNazwa>mazowieckie</sln:wojNazwa></sln:miejscowosc><sln:miejscowosc><sln:cyklZyciaDo>2017-03-27T00:00:00+02:00</sln:cyklZyciaDo><sln:cyklZyciaOd>2016-01-08T00:00:00+01:00</sln:cyklZyciaOd><sln:gmIIPId>4f8d7e57-8f01-4203-90f1-a894ad9be67b</sln:gmIIPId><sln:gmIIPPn>PL.PZGIK.200</sln:gmIIPPn><sln:gmIIPWersja>2012-09-26T21:58:00+02:00</sln:gmIIPWersja><sln:gmIdTeryt>1407032</sln:gmIdTeryt><sln:gmNazwa>Gniewoszów</sln:gmNazwa><sln:miejscIIPId>a7d2e743-9974-4bdd-bc33-fbd08491bccf</sln:miejscIIPId><sln:miejscIIPPn>PL.PZGIK.200</sln:miejscIIPPn><sln:miejscIIPWersja>2016-11-24T11:33:00+02:00</sln:miejscIIPWersja><sln:miejscIdTeryt>0620406</sln:miejscIdTeryt><sln:miejscNazwa>Zdunków</sln:miejscNazwa><sln:miejscRodzaj>Wieś</sln:miejscRodzaj><sln:powIIPId>e11a1507-ec34-4cf5-a5fc-f557ede188aa</sln:powIIPId><sln:powIIPPn>PL.PZGIK.200</sln:powIIPPn><sln:powIIPWersja>2012-09-27T08:13:53+02:00</sln:powIIPWersja><sln:powIdTeryt>1407</sln:powIdTeryt><sln:powNazwa>kozienicki</sln:powNazwa><sln:waznyOd>2014-04-10T00:00:00+02:00</sln:waznyOd><sln:wojIIPId>4b6c492a-eb04-441d-a92a-f44359c06de7</sln:wojIIPId><sln:wojIIPPn>PL.PZGIK.200</sln:wojIIPPn><sln:wojIIPWersja>2012-09-27T13:45:13+02:00</sln:wojIIPWersja><sln:wojIdTeryt>14</sln:wojIdTeryt><sln:wojNazwa>mazowieckie</sln:wojNazwa></sln:miejscowosc><sln:miejscowosc><sln:cyklZyciaDo>2017-03-27T00:00:00+02:00</sln:cyklZyciaDo><sln:cyklZyciaOd>2016-01-08T00:00:00+01:00</sln:cyklZyciaOd><sln:gmIIPId>4f8d7e57-8f01-4203-90f1-a894ad9be67b</sln:gmIIPId><sln:gmIIPPn>PL.PZGIK.200</sln:gmIIPPn><sln:gmIIPWersja>2012-09-26T21:58:00+02:00</sln:gmIIPWersja><sln:gmIdTeryt>1407032</sln:gmIdTeryt><sln:gmNazwa>Gniewoszów</sln:gmNazwa><sln:miejscIIPId>4f74f6a8-ef88-4c5e-b4ee-7daf58712af1</sln:miejscIIPId><sln:miejscIIPPn>PL.PZGIK.200</sln:miejscIIPPn><sln:miejscIIPWersja>2016-11-24T11:32:53+02:00</sln:miejscIIPWersja><sln:miejscIdTeryt>0620234</sln:miejscIdTeryt><sln:miejscNazwa>Zwola</sln:miejscNazwa><sln:miejscRodzaj>Wieś</sln:miejscRodzaj><sln:powIIPId>e11a1507-ec34-4cf5-a5fc-f557ede188aa</sln:powIIPId><sln:powIIPPn>PL.PZGIK.200</sln:powIIPPn><sln:powIIPWersja>2012-09-27T08:13:53+02:00</sln:powIIPWersja><sln:powIdTeryt>1407</sln:powIdTeryt><sln:powNazwa>kozienicki</sln:powNazwa><sln:waznyOd>2014-04-10T00:00:00+02:00</sln:waznyOd><sln:wojIIPId>4b6c492a-eb04-441d-a92a-f44359c06de7</sln:wojIIPId><sln:wojIIPPn>PL.PZGIK.200</sln:wojIIPPn><sln:wojIIPWersja>2012-09-27T13:45:13+02:00</sln:wojIIPWersja><sln:wojIdTeryt>14</sln:wojIdTeryt><sln:wojNazwa>mazowieckie</sln:wojNazwa></sln:miejscowosc><sln:miejscowosc><sln:cyklZyciaDo>2016-01-08T00:00:00+01:00</sln:cyklZyciaDo><sln:cyklZyciaOd>2015-05-04T00:00:00+02:00</sln:cyklZyciaOd><sln:gmIIPId>4f8d7e57-8f01-4203-90f1-a894ad9be67b</sln:gmIIPId><sln:gmIIPPn>PL.PZGIK.200</sln:gmIIPPn><sln:gmIIPWersja>2012-09-26T21:58:00+02:00</sln:gmIIPWersja><sln:gmIdTeryt>1407032</sln:gmIdTeryt><sln:gmNazwa>Gniewoszów</sln:gmNazwa><sln:miejscIIPId>6aafb0b4-43fd-4b26-8c76-b9a9b00d3d2c</sln:miejscIIPId><sln:miejscIIPPn>PL.PZGIK.200</sln:miejscIIPPn><sln:miejscIIPWersja>2016-11-24T11:32:41+02:00</sln:miejscIIPWersja><sln:miejscIdTeryt>0619892</sln:miejscIdTeryt><sln:miejscNazwa>Boguszówka</sln:miejscNazwa><sln:miejscRodzaj>Wieś</sln:miejscRodzaj><sln:powIIPId>e11a1507-ec34-4cf5-a5fc-f557ede188aa</sln:powIIPId><sln:powIIPPn>PL.PZGIK.200</sln:powIIPPn><sln:powIIPWersja>2012-09-27T08:13:53+02:00</sln:powIIPWersja><sln:powIdTeryt>1407</sln:powIdTeryt><sln:powNazwa>kozienicki</sln:powNazwa><sln:waznyOd>2014-04-10T00:00:00+02:00</sln:waznyOd><sln:wojIIPId>4b6c492a-eb04-441d-a92a-f44359c06de7</sln:wojIIPId><sln:wojIIPPn>PL.PZGIK.200</sln:wojIIPPn><sln:wojIIPWersja>2012-09-27T13:45:13+02:00</sln:wojIIPWersja><sln:wojIdTeryt>14</sln:wojIdTeryt><sln:wojNazwa>mazowieckie</sln:wojNazwa></sln:miejscowosc><sln:miejscowosc><sln:cyklZyciaDo>2016-01-08T00:00:00+01:00</sln:cyklZyciaDo><sln:cyklZyciaOd>2015-05-04T00:00:00+02:00</sln:cyklZyciaOd><sln:gmIIPId>4f8d7e57-8f01-4203-90f1-a894ad9be67b</sln:gmIIPId><sln:gmIIPPn>PL.PZGIK.200</sln:gmIIPPn><sln:gmIIPWersja>2012-09-26T21:58:00+02:00</sln:gmIIPWersja><sln:gmIdTeryt>1407032</sln:gmIdTeryt><sln:gmNazwa>Gniewoszów</sln:gmNazwa><sln:miejscIIPId>b482940c-644c-4cf0-bd11-7f0c92747caf</sln:miejscIIPId><sln:miejscIIPPn>PL.PZGIK.200</sln:miejscIIPPn><sln:miejscIIPWersja>2016-11-24T11:32:42+02:00</sln:miejscIIPWersja><sln:miejscIdTeryt>0619923</sln:miejscIdTeryt><sln:miejscNazwa>Borek</sln:miejscNazwa><sln:miejscRodzaj>Wieś</sln:miejscRodzaj><sln:powIIPId>e11a1507-ec34-4cf5-a5fc-f557ede188aa</sln:powIIPId><sln:powIIPPn>PL.PZGIK.200</sln:powIIPPn><sln:powIIPWersja>2012-09-27T08:13:53+02:00</sln:powIIPWersja><sln:powIdTeryt>1407</sln:powIdTeryt><sln:powNazwa>kozienicki</sln:powNazwa><sln:waznyOd>2014-04-10T00:00:00+02:00</sln:waznyOd><sln:wojIIPId>4b6c492a-eb04-441d-a92a-f44359c06de7</sln:wojIIPId><sln:wojIIPPn>PL.PZGIK.200</sln:wojIIPPn><sln:wojIIPWersja>2012-09-27T13:45:13+02:00</sln:wojIIPWersja><sln:wojIdTeryt>14</sln:wojIdTeryt><sln:wojNazwa>mazowieckie</sln:wojNazwa></sln:miejscowosc><sln:miejscowosc><sln:cyklZyciaDo>2016-01-08T00:00:00+01:00</sln:cyklZyciaDo><sln:cyklZyciaOd>2015-05-04T00:00:00+02:00</sln:cyklZyciaOd><sln:gmIIPId>4f8d7e57-8f01-4203-90f1-a894ad9be67b</sln:gmIIPId><sln:gmIIPPn>PL.PZGIK.200</sln:gmIIPPn><sln:gmIIPWersja>2012-09-26T21:58:00+02:00</sln:gmIIPWersja><sln:gmIdTeryt>1407032</sln:gmIdTeryt><sln:gmNazwa>Gniewoszów</sln:gmNazwa><sln:miejscIIPId>66f26f00-524a-4e7e-8aa5-69171e0caad1</sln:miejscIIPId><sln:miejscIIPPn>PL.PZGIK.200</sln:miejscIIPPn><sln:miejscIIPWersja>2016-11-24T11:32:43+02:00</sln:miejscIIPWersja><sln:miejscIdTeryt>0619981</sln:miejscIdTeryt><sln:miejscNazwa>Gniewoszów</sln:miejscNazwa><sln:miejscRodzaj>Wieś</sln:miejscRodzaj><sln:powIIPId>e11a1507-ec34-4cf5-a5fc-f557ede188aa</sln:powIIPId><sln:powIIPPn>PL.PZGIK.200</sln:powIIPPn><sln:powIIPWersja>2012-09-27T08:13:53+02:00</sln:powIIPWersja><sln:powIdTeryt>1407</sln:powIdTeryt><sln:powNazwa>kozienicki</sln:powNazwa><sln:waznyOd>2014-04-10T00:00:00+02:00</sln:waznyOd><sln:wojIIPId>4b6c492a-eb04-441d-a92a-f44359c06de7</sln:wojIIPId><sln:wojIIPPn>PL.PZGIK.200</sln:wojIIPPn><sln:wojIIPWersja>2012-09-27T13:45:13+02:00</sln:wojIIPWersja><sln:wojIdTeryt>14</sln:wojIdTeryt><sln:wojNazwa>mazowieckie</sln:wojNazwa></sln:miejscowosc><sln:miejscowosc><sln:cyklZyciaDo>2016-01-08T00:00:00+01:00</sln:cyklZyciaDo><sln:cyklZyciaOd>2015-05-04T00:00:00+02:00</sln:cyklZyciaOd><sln:gmIIPId>4f8d7e57-8f01-4203-90f1-a894ad9be67b</sln:gmIIPId><sln:gmIIPPn>PL.PZGIK.200</sln:gmIIPPn><sln:gmIIPWersja>2012-09-26T21:58:00+02:00</sln:gmIIPWersja><sln:gmIdTeryt>1407032</sln:gmIdTeryt><sln:gmNazwa>Gniewoszów</sln:gmNazwa><sln:miejscIIPId>6bea17ae-575a-453b-8859-1ce45da486c7</sln:miejscIIPId><sln:miejscIIPPn>PL.PZGIK.200</sln:miejscIIPPn><sln:miejscIIPWersja>2016-11-24T11:32:44+02:00</sln:miejscIIPWersja><sln:miejscIdTeryt>0619998</sln:miejscIdTeryt><sln:miejscNazwa>Kociołek</sln:miejscNazwa><sln:miejscRodzaj>Wieś</sln:miejscRodzaj><sln:powIIPId>e11a1507-ec34-4cf5-a5fc-f557ede188aa</sln:powIIPId><sln:powIIPPn>PL.PZGIK.200</sln:powIIPPn><sln:powIIPWersja>2012-09-27T08:13:53+02:00</sln:powIIPWersja><sln:powIdTeryt>1407</sln:powIdTeryt><sln:powNazwa>kozienicki</sln:powNazwa><sln:waznyOd>2014-04-10T00:00:00+02:00</sln:waznyOd><sln:wojIIPId>4b6c492a-eb04-441d-a92a-f44359c06de7</sln:wojIIPId><sln:wojIIPPn>PL.PZGIK.200</sln:wojIIPPn><sln:wojIIPWersja>2012-09-27T13:45:13+02:00</sln:wojIIPWersja><sln:wojIdTeryt>14</sln:wojIdTeryt><sln:wojNazwa>mazowieckie</sln:wojNazwa></sln:miejscowosc><sln:miejscowosc><sln:cyklZyciaDo>2016-01-08T00:00:00+01:00</sln:cyklZyciaDo><sln:cyklZyciaOd>2015-05-04T00:00:00+02:00</sln:cyklZyciaOd><sln:gmIIPId>4f8d7e57-8f01-4203-90f1-a894ad9be67b</sln:gmIIPId><sln:gmIIPPn>PL.PZGIK.200</sln:gmIIPPn><sln:gmIIPWersja>2012-09-26T21:58:00+02:00</sln:gmIIPWersja><sln:gmIdTeryt>1407032</sln:gmIdTeryt><sln:gmNazwa>Gniewoszów</sln:gmNazwa><sln:miejscIIPId>1787b65b-c5ba-430a-8845-94472820a6d7</sln:miejscIIPId><sln:miejscIIPPn>PL.PZGIK.200</sln:miejscIIPPn><sln:miejscIIPWersja>2016-11-24T11:32:46+02:00</sln:miejscIIPWersja><sln:miejscIdTeryt>0620004</sln:miejscIdTeryt><sln:miejscNazwa>Marianów</sln:miejscNazwa><sln:miejscRodzaj>Wieś</sln:miejscRodzaj><sln:powIIPId>e11a1507-ec34-4cf5-a5fc-f557ede188aa</sln:powIIPId><sln:powIIPPn>PL.PZGIK.200</sln:powIIPPn><sln:powIIPWersja>2012-09-27T08:13:53+02:00</sln:powIIPWersja><sln:powIdTeryt>1407</sln:powIdTeryt><sln:powNazwa>kozienicki</sln:powNazwa><sln:waznyOd>2014-04-10T00:00:00+02:00</sln:waznyOd><sln:wojIIPId>4b6c492a-eb04-441d-a92a-f44359c06de7</sln:wojIIPId><sln:wojIIPPn>PL.PZGIK.200</sln:wojIIPPn><sln:wojIIPWersja>2012-09-27T13:45:13+02:00</sln:wojIIPWersja><sln:wojIdTeryt>14</sln:wojIdTeryt><sln:wojNazwa>mazowieckie</sln:wojNazwa></sln:miejscowosc><sln:miejscowosc><sln:cyklZyciaDo>2016-01-08T00:00:00+01:00</sln:cyklZyciaDo><sln:cyklZyciaOd>2015-05-04T00:00:00+02:00</sln:cyklZyciaOd><sln:gmIIPId>4f8d7e57-8f01-4203-90f1-a894ad9be67b</sln:gmIIPId><sln:gmIIPPn>PL.PZGIK.200</sln:gmIIPPn><sln:gmIIPWersja>2012-09-26T21:58:00+02:00</sln:gmIIPWersja><sln:gmIdTeryt>1407032</sln:gmIdTeryt><sln:gmNazwa>Gniewoszów</sln:gmNazwa><sln:miejscIIPId>8c98fe51-efae-4faa-ac4f-368d2614eb36</sln:miejscIIPId><sln:miejscIIPPn>PL.PZGIK.200</sln:miejscIIPPn><sln:miejscIIPWersja>2016-11-24T11:32:47+02:00</sln:miejscIIPWersja><sln:miejscIdTeryt>0620033</sln:miejscIdTeryt><sln:miejscNazwa>Markowola</sln:miejscNazwa><sln:miejscRodzaj>Wieś</sln:miejscRodzaj><sln:powIIPId>e11a1507-ec34-4cf5-a5fc-f557ede188aa</sln:powIIPId><sln:powIIPPn>PL.PZGIK.200</sln:powIIPPn><sln:powIIPWersja>2012-09-27T08:13:53+02:00</sln:powIIPWersja><sln:powIdTeryt>1407</sln:powIdTeryt><sln:powNazwa>kozienicki</sln:powNazwa><sln:waznyOd>2014-04-10T00:00:00+02:00</sln:waznyOd><sln:wojIIPId>4b6c492a-eb04-441d-a92a-f44359c06de7</sln:wojIIPId><sln:wojIIPPn>PL.PZGIK.200</sln:wojIIPPn><sln:wojIIPWersja>2012-09-27T13:45:13+02:00</sln:wojIIPWersja><sln:wojIdTeryt>14</sln:wojIdTeryt><sln:wojNazwa>mazowieckie</sln:wojNazwa></sln:miejscowosc><sln:miejscowosc><sln:cyklZyciaDo>2016-01-08T00:00:00+01:00</sln:cyklZyciaDo><sln:cyklZyciaOd>2015-05-04T00:00:00+02:00</sln:cyklZyciaOd><sln:gmIIPId>4f8d7e57-8f01-4203-90f1-a894ad9be67b</sln:gmIIPId><sln:gmIIPPn>PL.PZGIK.200</sln:gmIIPPn><sln:gmIIPWersja>2012-09-26T21:58:00+02:00</sln:gmIIPWersja><sln:gmIdTeryt>1407032</sln:gmIdTeryt><sln:gmNazwa>Gniewoszów</sln:gmNazwa><sln:miejscIIPId>7e79c360-54b9-4a64-82ca-dc5f64551643</sln:miejscIIPId><sln:miejscIIPPn>PL.PZGIK.200</sln:miejscIIPPn><sln:miejscIIPWersja>2016-11-24T11:32:48+02:00</sln:miejscIIPWersja><sln:miejscIdTeryt>0620040</sln:miejscIdTeryt><sln:miejscNazwa>Markowola-Kolonia</sln:miejscNazwa><sln:miejscRodzaj>Wieś</sln:miejscRodzaj><sln:powIIPId>e11a1507-ec34-4cf5-a5fc-f557ede188aa</sln:powIIPId><sln:powIIPPn>PL.PZGIK.200</sln:powIIPPn><sln:powIIPWersja>2012-09-27T08:13:53+02:00</sln:powIIPWersja><sln:powIdTeryt>1407</sln:powIdTeryt><sln:powNazwa>kozienicki</sln:powNazwa><sln:waznyOd>2014-04-10T00:00:00+02:00</sln:waznyOd><sln:wojIIPId>4b6c492a-eb04-441d-a92a-f44359c06de7</sln:wojIIPId><sln:wojIIPPn>PL.PZGIK.200</sln:wojIIPPn><sln:wojIIPWersja>2012-09-27T13:45:13+02:00</sln:wojIIPWersja><sln:wojIdTeryt>14</sln:wojIdTeryt><sln:wojNazwa>mazowieckie</sln:wojNazwa></sln:miejscowosc><sln:miejscowosc><sln:cyklZyciaDo>2016-01-08T00:00:00+01:00</sln:cyklZyciaDo><sln:cyklZyciaOd>2015-05-04T00:00:00+02:00</sln:cyklZyciaOd><sln:gmIIPId>4f8d7e57-8f01-4203-90f1-a894ad9be67b</sln:gmIIPId><sln:gmIIPPn>PL.PZGIK.200</sln:gmIIPPn><sln:gmIIPWersja>2012-09-26T21:58:00+02:00</sln:gmIIPWersja><sln:gmIdTeryt>1407032</sln:gmIdTeryt><sln:gmNazwa>Gniewoszów</sln:gmNazwa><sln:miejscIIPId>3f3ca7e6-c670-4059-afed-6396b2d20c5d</sln:miejscIIPId><sln:miejscIIPPn>PL.PZGIK.200</sln:miejscIIPPn><sln:miejscIIPWersja>2016-11-24T11:32:49+02:00</sln:miejscIIPWersja><sln:miejscIdTeryt>0620056</sln:miejscIdTeryt><sln:miejscNazwa>Mieścisko</sln:miejscNazwa><sln:miejscRodzaj>Wieś</sln:miejscRodzaj><sln:powIIPId>e11a1507-ec34-4cf5-a5fc-f557ede188aa</sln:powIIPId><sln:powIIPPn>PL.PZGIK.200</sln:powIIPPn><sln:powIIPWersja>2012-09-27T08:13:53+02:00</sln:powIIPWersja><sln:powIdTeryt>1407</sln:powIdTeryt><sln:powNazwa>kozienicki</sln:powNazwa><sln:waznyOd>2014-04-10T00:00:00+02:00</sln:waznyOd><sln:wojIIPId>4b6c492a-eb04-441d-a92a-f44359c06de7</sln:wojIIPId><sln:wojIIPPn>PL.PZGIK.200</sln:wojIIPPn><sln:wojIIPWersja>2012-09-27T13:45:13+02:00</sln:wojIIPWersja><sln:wojIdTeryt>14</sln:wojIdTeryt><sln:wojNazwa>mazowieckie</sln:wojNazwa></sln:miejscowosc><sln:miejscowosc><sln:cyklZyciaDo>2016-01-08T00:00:00+01:00</sln:cyklZyciaDo><sln:cyklZyciaOd>2015-05-04T00:00:00+02:00</sln:cyklZyciaOd><sln:gmIIPId>4f8d7e57-8f01-4203-90f1-a894ad9be67b</sln:gmIIPId><sln:gmIIPPn>PL.PZGIK.200</sln:gmIIPPn><sln:gmIIPWersja>2012-09-26T21:58:00+02:00</sln:gmIIPWersja><sln:gmIdTeryt>1407032</sln:gmIdTeryt><sln:gmNazwa>Gniewoszów</sln:gmNazwa><sln:miejscIIPId>12c91a40-6986-4028-a082-0a6bed7d7865</sln:miejscIIPId><sln:miejscIIPPn>PL.PZGIK.200</sln:miejscIIPPn><sln:miejscIIPWersja>2016-11-24T11:32:50+02:00</sln:miejscIIPWersja><sln:miejscIdTeryt>0620062</sln:miejscIdTeryt><sln:miejscNazwa>Oleksów</sln:miejscNazwa><sln:miejscRodzaj>Wieś</sln:miejscRodzaj><sln:powIIPId>e11a1507-ec34-4cf5-a5fc-f557ede188aa</sln:powIIPId><sln:powIIPPn>PL.PZGIK.200</sln:powIIPPn><sln:powIIPWersja>2012-09-27T08:13:53+02:00</sln:powIIPWersja><sln:powIdTeryt>1407</sln:powIdTeryt><sln:powNazwa>kozienicki</sln:powNazwa><sln:waznyOd>2014-04-10T00:00:00+02:00</sln:waznyOd><sln:wojIIPId>4b6c492a-eb04-441d-a92a-f44359c06de7</sln:wojIIPId><sln:wojIIPPn>PL.PZGIK.200</sln:wojIIPPn><sln:wojIIPWersja>2012-09-27T13:45:13+02:00</sln:wojIIPWersja><sln:wojIdTeryt>14</sln:wojIdTeryt><sln:wojNazwa>mazowieckie</sln:wojNazwa></sln:miejscowosc><sln:miejscowosc><sln:cyklZyciaDo>2016-01-08T00:00:00+01:00</sln:cyklZyciaDo><sln:cyklZyciaOd>2015-05-04T00:00:00+02:00</sln:cyklZyciaOd><sln:gmIIPId>4f8d7e57-8f01-4203-90f1-a894ad9be67b</sln:gmIIPId><sln:gmIIPPn>PL.PZGIK.200</sln:gmIIPPn><sln:gmIIPWersja>2012-09-26T21:58:00+02:00</sln:gmIIPWersja><sln:gmIdTeryt>1407032</sln:gmIdTeryt><sln:gmNazwa>Gniewoszów</sln:gmNazwa><sln:miejscIIPId>4c85cff6-81b3-4b54-83e4-ab6f53542e4d</sln:miejscIIPId><sln:miejscIIPPn>PL.PZGIK.200</sln:miejscIIPPn><sln:miejscIIPWersja>2016-11-24T11:32:51+02:00</sln:miejscIIPWersja><sln:miejscIdTeryt>0620116</sln:miejscIdTeryt><sln:miejscNazwa>Podmieście</sln:miejscNazwa><sln:miejscRodzaj>Wieś</sln:miejscRodzaj><sln:powIIPId>e11a1507-ec34-4cf5-a5fc-f557ede188aa</sln:powIIPId><sln:powIIPPn>PL.PZGIK.200</sln:powIIPPn><sln:powIIPWersja>2012-09-27T08:13:53+02:00</sln:powIIPWersja><sln:powIdTeryt>1407</sln:powIdTeryt><sln:powNazwa>kozienicki</sln:powNazwa><sln:waznyOd>2014-04-10T00:00:00+02:00</sln:waznyOd><sln:wojIIPId>4b6c492a-eb04-441d-a92a-f44359c06de7</sln:wojIIPId><sln:wojIIPPn>PL.PZGIK.200</sln:wojIIPPn><sln:wojIIPWersja>2012-09-27T13:45:13+02:00</sln:wojIIPWersja><sln:wojIdTeryt>14</sln:wojIdTeryt><sln:wojNazwa>mazowieckie</sln:wojNazwa></sln:miejscowosc><sln:miejscowosc><sln:cyklZyciaDo>2016-01-08T00:00:00+01:00</sln:cyklZyciaDo><sln:cyklZyciaOd>2015-05-04T00:00:00+02:00</sln:cyklZyciaOd><sln:gmIIPId>4f8d7e57-8f01-4203-90f1-a894ad9be67b</sln:gmIIPId><sln:gmIIPPn>PL.PZGIK.200</sln:gmIIPPn><sln:gmIIPWersja>2012-09-26T21:58:00+02:00</sln:gmIIPWersja><sln:gmIdTeryt>1407032</sln:gmIdTeryt><sln:gmNazwa>Gniewoszów</sln:gmNazwa><sln:miejscIIPId>058a3be3-e15d-4ef8-8967-89f08a1a2bbd</sln:miejscIIPId><sln:miejscIIPPn>PL.PZGIK.200</sln:miejscIIPPn><sln:miejscIIPWersja>2016-11-24T11:32:59+02:00</sln:miejscIIPWersja><sln:miejscIdTeryt>0620381</sln:miejscIdTeryt><sln:miejscNazwa>Regów Nowy</sln:miejscNazwa><sln:miejscRodzaj>Wieś</sln:miejscRodzaj><sln:powIIPId>e11a1507-ec34-4cf5-a5fc-f557ede188aa</sln:powIIPId><sln:powIIPPn>PL.PZGIK.200</sln:powIIPPn><sln:powIIPWersja>2012-09-27T08:13:53+02:00</sln:powIIPWersja><sln:powIdTeryt>1407</sln:powIdTeryt><sln:powNazwa>kozienicki</sln:powNazwa><sln:waznyOd>2014-04-10T00:00:00+02:00</sln:waznyOd><sln:wojIIPId>4b6c492a-eb04-441d-a92a-f44359c06de7</sln:wojIIPId><sln:wojIIPPn>PL.PZGIK.200</sln:wojIIPPn><sln:wojIIPWersja>2012-09-27T13:45:13+02:00</sln:wojIIPWersja><sln:wojIdTeryt>14</sln:wojIdTeryt><sln:wojNazwa>mazowieckie</sln:wojNazwa></sln:miejscowosc><sln:miejscowosc><sln:cyklZyciaDo>2016-01-08T00:00:00+01:00</sln:cyklZyciaDo><sln:cyklZyciaOd>2015-05-04T00:00:00+02:00</sln:cyklZyciaOd><sln:gmIIPId>4f8d7e57-8f01-4203-90f1-a894ad9be67b</sln:gmIIPId><sln:gmIIPPn>PL.PZGIK.200</sln:gmIIPPn><sln:gmIIPWersja>2012-09-26T21:58:00+02:00</sln:gmIIPWersja><sln:gmIdTeryt>1407032</sln:gmIdTeryt><sln:gmNazwa>Gniewoszów</sln:gmNazwa><sln:miejscIIPId>98054f34-df1b-4b2c-95d7-b88275e7020f</sln:miejscIIPId><sln:miejscIIPPn>PL.PZGIK.200</sln:miejscIIPPn><sln:miejscIIPWersja>2016-11-24T11:32:55+02:00</sln:miejscIIPWersja><sln:miejscIdTeryt>0620300</sln:miejscIdTeryt><sln:miejscNazwa>Regów Stary</sln:miejscNazwa><sln:miejscRodzaj>Wieś</sln:miejscRodzaj><sln:powIIPId>e11a1507-ec34-4cf5-a5fc-f557ede188aa</sln:powIIPId><sln:powIIPPn>PL.PZGIK.200</sln:powIIPPn><sln:powIIPWersja>2012-09-27T08:13:53+02:00</sln:powIIPWersja><sln:powIdTeryt>1407</sln:powIdTeryt><sln:powNazwa>kozienicki</sln:powNazwa><sln:waznyOd>2014-04-10T00:00:00+02:00</sln:waznyOd><sln:wojIIPId>4b6c492a-eb04-441d-a92a-f44359c06de7</sln:wojIIPId><sln:wojIIPPn>PL.PZGIK.200</sln:wojIIPPn><sln:wojIIPWersja>2012-09-27T13:45:13+02:00</sln:wojIIPWersja><sln:wojIdTeryt>14</sln:wojIdTeryt><sln:wojNazwa>mazowieckie</sln:wojNazwa></sln:miejscowosc><sln:miejscowosc><sln:cyklZyciaDo>2016-01-08T00:00:00+01:00</sln:cyklZyciaDo><sln:cyklZyciaOd>2015-05-04T00:00:00+02:00</sln:cyklZyciaOd><sln:gmIIPId>4f8d7e57-8f01-4203-90f1-a894ad9be67b</sln:gmIIPId><sln:gmIIPPn>PL.PZGIK.200</sln:gmIIPPn><sln:gmIIPWersja>2012-09-26T21:58:00+02:00</sln:gmIIPWersja><sln:gmIdTeryt>1407032</sln:gmIdTeryt><sln:gmNazwa>Gniewoszów</sln:gmNazwa><sln:miejscIIPId>a0ee86ba-8b1e-4c2f-b855-daf65b76dd6c</sln:miejscIIPId><sln:miejscIIPPn>PL.PZGIK.200</sln:miejscIIPPn><sln:miejscIIPWersja>2016-11-24T11:32:52+02:00</sln:miejscIIPWersja><sln:miejscIdTeryt>0620122</sln:miejscIdTeryt><sln:miejscNazwa>Sarnów</sln:miejscNazwa><sln:miejscRodzaj>Wieś</sln:miejscRodzaj><sln:powIIPId>e11a1507-ec34-4cf5-a5fc-f557ede188aa</sln:powIIPId><sln:powIIPPn>PL.PZGIK.200</sln:powIIPPn><sln:powIIPWersja>2012-09-27T08:13:53+02:00</sln:powIIPWersja><sln:powIdTeryt>1407</sln:powIdTeryt><sln:powNazwa>kozienicki</sln:powNazwa><sln:waznyOd>2014-04-10T00:00:00+02:00</sln:waznyOd><sln:wojIIPId>4b6c492a-eb04-441d-a92a-f44359c06de7</sln:wojIIPId><sln:wojIIPPn>PL.PZGIK.200</sln:wojIIPPn><sln:wojIIPWersja>2012-09-27T13:45:13+02:00</sln:wojIIPWersja><sln:wojIdTeryt>14</sln:wojIdTeryt><sln:wojNazwa>mazowieckie</sln:wojNazwa></sln:miejscowosc><sln:miejscowosc><sln:cyklZyciaDo>2016-01-08T00:00:00+01:00</sln:cyklZyciaDo><sln:cyklZyciaOd>2015-05-04T00:00:00+02:00</sln:cyklZyciaOd><sln:gmIIPId>4f8d7e57-8f01-4203-90f1-a894ad9be67b</sln:gmIIPId><sln:gmIIPPn>PL.PZGIK.200</sln:gmIIPPn><sln:gmIIPWersja>2012-09-26T21:58:00+02:00</sln:gmIIPWersja><sln:gmIdTeryt>1407032</sln:gmIdTeryt><sln:gmNazwa>Gniewoszów</sln:gmNazwa><sln:miejscIIPId>eada69d4-9baa-440a-b4f4-dbd4f4012a8e</sln:miejscIIPId><sln:miejscIIPPn>PL.PZGIK.200</sln:miejscIIPPn><sln:miejscIIPWersja>2016-11-24T11:32:53+02:00</sln:miejscIIPWersja><sln:miejscIdTeryt>0620205</sln:miejscIdTeryt><sln:miejscNazwa>Sławczyn</sln:miejscNazwa><sln:miejscRodzaj>Wieś</sln:miejscRodzaj><sln:powIIPId>e11a1507-ec34-4cf5-a5fc-f557ede188aa</sln:powIIPId><sln:powIIPPn>PL.PZGIK.200</sln:powIIPPn><sln:powIIPWersja>2012-09-27T08:13:53+02:00</sln:powIIPWersja><sln:powIdTeryt>1407</sln:powIdTeryt><sln:powNazwa>kozienicki</sln:powNazwa><sln:waznyOd>2014-04-10T00:00:00+02:00</sln:waznyOd><sln:wojIIPId>4b6c492a-eb04-441d-a92a-f44359c06de7</sln:wojIIPId><sln:wojIIPPn>PL.PZGIK.200</sln:wojIIPPn><sln:wojIIPWersja>2012-09-27T13:45:13+02:00</sln:wojIIPWersja><sln:wojIdTeryt>14</sln:wojIdTeryt><sln:wojNazwa>mazowieckie</sln:wojNazwa></sln:miejscowosc><sln:miejscowosc><sln:cyklZyciaDo>2016-01-08T00:00:00+01:00</sln:cyklZyciaDo><sln:cyklZyciaOd>2015-05-04T00:00:00+02:00</sln:cyklZyciaOd><sln:gmIIPId>4f8d7e57-8f01-4203-90f1-a894ad9be67b</sln:gmIIPId><sln:gmIIPPn>PL.PZGIK.200</sln:gmIIPPn><sln:gmIIPWersja>2012-09-26T21:58:00+02:00</sln:gmIIPWersja><sln:gmIdTeryt>1407032</sln:gmIdTeryt><sln:gmNazwa>Gniewoszów</sln:gmNazwa><sln:miejscIIPId>4554df7c-6ea2-4e6d-8f6b-6450b47f1c05</sln:miejscIIPId><sln:miejscIIPPn>PL.PZGIK.200</sln:miejscIIPPn><sln:miejscIIPWersja>2016-11-24T11:32:56+02:00</sln:miejscIIPWersja><sln:miejscIdTeryt>0620323</sln:miejscIdTeryt><sln:miejscNazwa>Wólka Bachańska</sln:miejscNazwa><sln:miejscRodzaj>Wieś</sln:miejscRodzaj><sln:powIIPId>e11a1507-ec34-4cf5-a5fc-f557ede188aa</sln:powIIPId><sln:powIIPPn>PL.PZGIK.200</sln:powIIPPn><sln:powIIPWersja>2012-09-27T08:13:53+02:00</sln:powIIPWersja><sln:powIdTeryt>1407</sln:powIdTeryt><sln:powNazwa>kozienicki</sln:powNazwa><sln:waznyOd>2014-04-10T00:00:00+02:00</sln:waznyOd><sln:wojIIPId>4b6c492a-eb04-441d-a92a-f44359c06de7</sln:wojIIPId><sln:wojIIPPn>PL.PZGIK.200</sln:wojIIPPn><sln:wojIIPWersja>2012-09-27T13:45:13+02:00</sln:wojIIPWersja><sln:wojIdTeryt>14</sln:wojIdTeryt><sln:wojNazwa>mazowieckie</sln:wojNazwa></sln:miejscowosc><sln:miejscowosc><sln:cyklZyciaDo>2016-01-08T00:00:00+01:00</sln:cyklZyciaDo><sln:cyklZyciaOd>2015-05-04T00:00:00+02:00</sln:cyklZyciaOd><sln:gmIIPId>4f8d7e57-8f01-4203-90f1-a894ad9be67b</sln:gmIIPId><sln:gmIIPPn>PL.PZGIK.200</sln:gmIIPPn><sln:gmIIPWersja>2012-09-26T21:58:00+02:00</sln:gmIIPWersja><sln:gmIdTeryt>1407032</sln:gmIdTeryt><sln:gmNazwa>Gniewoszów</sln:gmNazwa><sln:miejscIIPId>8f6f918a-48c7-4a6a-b29d-8b6263d5e29c</sln:miejscIIPId><sln:miejscIIPPn>PL.PZGIK.200</sln:miejscIIPPn><sln:miejscIIPWersja>2016-11-24T11:32:58+02:00</sln:miejscIIPWersja><sln:miejscIdTeryt>0620369</sln:miejscIdTeryt><sln:miejscNazwa>Wysokie Koło</sln:miejscNazwa><sln:miejscRodzaj>Wieś</sln:miejscRodzaj><sln:powIIPId>e11a1507-ec34-4cf5-a5fc-f557ede188aa</sln:powIIPId><sln:powIIPPn>PL.PZGIK.200</sln:powIIPPn><sln:powIIPWersja>2012-09-27T08:13:53+02:00</sln:powIIPWersja><sln:powIdTeryt>1407</sln:powIdTeryt><sln:powNazwa>kozienicki</sln:powNazwa><sln:waznyOd>2014-04-10T00:00:00+02:00</sln:waznyOd><sln:wojIIPId>4b6c492a-eb04-441d-a92a-f44359c06de7</sln:wojIIPId><sln:wojIIPPn>PL.PZGIK.200</sln:wojIIPPn><sln:wojIIPWersja>2012-09-27T13:45:13+02:00</sln:wojIIPWersja><sln:wojIdTeryt>14</sln:wojIdTeryt><sln:wojNazwa>mazowieckie</sln:wojNazwa></sln:miejscowosc><sln:miejscowosc><sln:cyklZyciaDo>2016-01-08T00:00:00+01:00</sln:cyklZyciaDo><sln:cyklZyciaOd>2015-05-04T00:00:00+02:00</sln:cyklZyciaOd><sln:gmIIPId>4f8d7e57-8f01-4203-90f1-a894ad9be67b</sln:gmIIPId><sln:gmIIPPn>PL.PZGIK.200</sln:gmIIPPn><sln:gmIIPWersja>2012-09-26T21:58:00+02:00</sln:gmIIPWersja><sln:gmIdTeryt>1407032</sln:gmIdTeryt><sln:gmNazwa>Gniewoszów</sln:gmNazwa><sln:miejscIIPId>aaa1f500-ef4b-4505-abf2-f5328c32bebb</sln:miejscIIPId><sln:miejscIIPPn>PL.PZGIK.200</sln:miejscIIPPn><sln:miejscIIPWersja>2016-11-24T11:33:00+02:00</sln:miejscIIPWersja><sln:miejscIdTeryt>0620398</sln:miejscIdTeryt><sln:miejscNazwa>Zalesie</sln:miejscNazwa><sln:miejscRodzaj>Wieś</sln:miejscRodzaj><sln:powIIPId>e11a1507-ec34-4cf5-a5fc-f557ede188aa</sln:powIIPId><sln:powIIPPn>PL.PZGIK.200</sln:powIIPPn><sln:powIIPWersja>2012-09-27T08:13:53+02:00</sln:powIIPWersja><sln:powIdTeryt>1407</sln:powIdTeryt><sln:powNazwa>kozienicki</sln:powNazwa><sln:waznyOd>2014-04-10T00:00:00+02:00</sln:waznyOd><sln:wojIIPId>4b6c492a-eb04-441d-a92a-f44359c06de7</sln:wojIIPId><sln:wojIIPPn>PL.PZGIK.200</sln:wojIIPPn><sln:wojIIPWersja>2012-09-27T13:45:13+02:00</sln:wojIIPWersja><sln:wojIdTeryt>14</sln:wojIdTeryt><sln:wojNazwa>mazowieckie</sln:wojNazwa></sln:miejscowosc><sln:miejscowosc><sln:cyklZyciaDo>2016-01-08T00:00:00+01:00</sln:cyklZyciaDo><sln:cyklZyciaOd>2015-05-04T00:00:00+02:00</sln:cyklZyciaOd><sln:gmIIPId>4f8d7e57-8f01-4203-90f1-a894ad9be67b</sln:gmIIPId><sln:gmIIPPn>PL.PZGIK.200</sln:gmIIPPn><sln:gmIIPWersja>2012-09-26T21:58:00+02:00</sln:gmIIPWersja><sln:gmIdTeryt>1407032</sln:gmIdTeryt><sln:gmNazwa>Gniewoszów</sln:gmNazwa><sln:miejscIIPId>a7d2e743-9974-4bdd-bc33-fbd08491bccf</sln:miejscIIPId><sln:miejscIIPPn>PL.PZGIK.200</sln:miejscIIPPn><sln:miejscIIPWersja>2016-11-24T11:33:01+02:00</sln:miejscIIPWersja><sln:miejscIdTeryt>0620406</sln:miejscIdTeryt><sln:miejscNazwa>Zdunków</sln:miejscNazwa><sln:miejscRodzaj>Wieś</sln:miejscRodzaj><sln:powIIPId>e11a1507-ec34-4cf5-a5fc-f557ede188aa</sln:powIIPId><sln:powIIPPn>PL.PZGIK.200</sln:powIIPPn><sln:powIIPWersja>2012-09-27T08:13:53+02:00</sln:powIIPWersja><sln:powIdTeryt>1407</sln:powIdTeryt><sln:powNazwa>kozienicki</sln:powNazwa><sln:waznyOd>2014-04-10T00:00:00+02:00</sln:waznyOd><sln:wojIIPId>4b6c492a-eb04-441d-a92a-f44359c06de7</sln:wojIIPId><sln:wojIIPPn>PL.PZGIK.200</sln:wojIIPPn><sln:wojIIPWersja>2012-09-27T13:45:13+02:00</sln:wojIIPWersja><sln:wojIdTeryt>14</sln:wojIdTeryt><sln:wojNazwa>mazowieckie</sln:wojNazwa></sln:miejscowosc><sln:miejscowosc><sln:cyklZyciaDo>2016-01-08T00:00:00+01:00</sln:cyklZyciaDo><sln:cyklZyciaOd>2015-05-04T00:00:00+02:00</sln:cyklZyciaOd><sln:gmIIPId>4f8d7e57-8f01-4203-90f1-a894ad9be67b</sln:gmIIPId><sln:gmIIPPn>PL.PZGIK.200</sln:gmIIPPn><sln:gmIIPWersja>2012-09-26T21:58:00+02:00</sln:gmIIPWersja><sln:gmIdTeryt>1407032</sln:gmIdTeryt><sln:gmNazwa>Gniewoszów</sln:gmNazwa><sln:miejscIIPId>4f74f6a8-ef88-4c5e-b4ee-7daf58712af1</sln:miejscIIPId><sln:miejscIIPPn>PL.PZGIK.200</sln:miejscIIPPn><sln:miejscIIPWersja>2016-11-24T11:32:54+02:00</sln:miejscIIPWersja><sln:miejscIdTeryt>0620234</sln:miejscIdTeryt><sln:miejscNazwa>Zwola</sln:miejscNazwa><sln:miejscRodzaj>Wieś</sln:miejscRodzaj><sln:powIIPId>e11a1507-ec34-4cf5-a5fc-f557ede188aa</sln:powIIPId><sln:powIIPPn>PL.PZGIK.200</sln:powIIPPn><sln:powIIPWersja>2012-09-27T08:13:53+02:00</sln:powIIPWersja><sln:powIdTeryt>1407</sln:powIdTeryt><sln:powNazwa>kozienicki</sln:powNazwa><sln:waznyOd>2014-04-10T00:00:00+02:00</sln:waznyOd><sln:wojIIPId>4b6c492a-eb04-441d-a92a-f44359c06de7</sln:wojIIPId><sln:wojIIPPn>PL.PZGIK.200</sln:wojIIPPn><sln:wojIIPWersja>2012-09-27T13:45:13+02:00</sln:wojIIPWersja><sln:wojIdTeryt>14</sln:wojIdTeryt><sln:wojNazwa>mazowieckie</sln:wojNazwa></sln:miejscowosc><sln:miejscowosc><sln:cyklZyciaDo>2018-02-27T00:00:00+01:00</sln:cyklZyciaDo><sln:cyklZyciaOd>2017-03-27T00:00:00+02:00</sln:cyklZyciaOd><sln:gmIIPId>4f8d7e57-8f01-4203-90f1-a894ad9be67b</sln:gmIIPId><sln:gmIIPPn>PL.PZGIK.200</sln:gmIIPPn><sln:gmIIPWersja>2012-09-26T21:58:00+02:00</sln:gmIIPWersja><sln:gmIdTeryt>1407032</sln:gmIdTeryt><sln:gmNazwa>Gniewoszów</sln:gmNazwa><sln:miejscIIPId>6aafb0b4-43fd-4b26-8c76-b9a9b00d3d2c</sln:miejscIIPId><sln:miejscIIPPn>PL.PZGIK.200</sln:miejscIIPPn><sln:miejscIIPWersja>2017-03-27T11:09:33+02:00</sln:miejscIIPWersja><sln:miejscIdTeryt>0619892</sln:miejscIdTeryt><sln:miejscNazwa>Boguszówka</sln:miejscNazwa><sln:miejscRodzaj>Wieś</sln:miejscRodzaj><sln:powIIPId>e11a1507-ec34-4cf5-a5fc-f557ede188aa</sln:powIIPId><sln:powIIPPn>PL.PZGIK.200</sln:powIIPPn><sln:powIIPWersja>2012-09-27T08:13:53+02:00</sln:powIIPWersja><sln:powIdTeryt>1407</sln:powIdTeryt><sln:powNazwa>kozienicki</sln:powNazwa><sln:waznyOd>2014-04-10T00:00:00+02:00</sln:waznyOd><sln:wojIIPId>4b6c492a-eb04-441d-a92a-f44359c06de7</sln:wojIIPId><sln:wojIIPPn>PL.PZGIK.200</sln:wojIIPPn><sln:wojIIPWersja>2012-09-27T13:45:13+02:00</sln:wojIIPWersja><sln:wojIdTeryt>14</sln:wojIdTeryt><sln:wojNazwa>mazowieckie</sln:wojNazwa></sln:miejscowosc><sln:miejscowosc><sln:cyklZyciaOd>2017-03-27T00:00:00+02:00</sln:cyklZyciaOd><sln:gmIIPId>4f8d7e57-8f01-4203-90f1-a894ad9be67b</sln:gmIIPId><sln:gmIIPPn>PL.PZGIK.200</sln:gmIIPPn><sln:gmIIPWersja>2012-09-26T21:58:00+02:00</sln:gmIIPWersja><sln:gmIdTeryt>1407032</sln:gmIdTeryt><sln:gmNazwa>Gniewoszów</sln:gmNazwa><sln:miejscIIPId>b482940c-644c-4cf0-bd11-7f0c92747caf</sln:miejscIIPId><sln:miejscIIPPn>PL.PZGIK.200</sln:miejscIIPPn><sln:miejscIIPWersja>2017-03-27T11:09:40+02:00</sln:miejscIIPWersja><sln:miejscIdTeryt>0619923</sln:miejscIdTeryt><sln:miejscNazwa>Borek</sln:miejscNazwa><sln:miejscRodzaj>Wieś</sln:miejscRodzaj><sln:powIIPId>e11a1507-ec34-4cf5-a5fc-f557ede188aa</sln:powIIPId><sln:powIIPPn>PL.PZGIK.200</sln:powIIPPn><sln:powIIPWersja>2012-09-27T08:13:53+02:00</sln:powIIPWersja><sln:powIdTeryt>1407</sln:powIdTeryt><sln:powNazwa>kozienicki</sln:powNazwa><sln:waznyOd>2014-04-10T00:00:00+02:00</sln:waznyOd><sln:wojIIPId>4b6c492a-eb04-441d-a92a-f44359c06de7</sln:wojIIPId><sln:wojIIPPn>PL.PZGIK.200</sln:wojIIPPn><sln:wojIIPWersja>2012-09-27T13:45:13+02:00</sln:wojIIPWersja><sln:wojIdTeryt>14</sln:wojIdTeryt><sln:wojNazwa>mazowieckie</sln:wojNazwa></sln:miejscowosc><sln:miejscowosc><sln:cyklZyciaOd>2017-03-27T00:00:00+02:00</sln:cyklZyciaOd><sln:gmIIPId>4f8d7e57-8f01-4203-90f1-a894ad9be67b</sln:gmIIPId><sln:gmIIPPn>PL.PZGIK.200</sln:gmIIPPn><sln:gmIIPWersja>2012-09-26T21:58:00+02:00</sln:gmIIPWersja><sln:gmIdTeryt>1407032</sln:gmIdTeryt><sln:gmNazwa>Gniewoszów</sln:gmNazwa><sln:miejscIIPId>66f26f00-524a-4e7e-8aa5-69171e0caad1</sln:miejscIIPId><sln:miejscIIPPn>PL.PZGIK.200</sln:miejscIIPPn><sln:miejscIIPWersja>2017-03-27T11:09:40+02:00</sln:miejscIIPWersja><sln:miejscIdTeryt>0619981</sln:miejscIdTeryt><sln:miejscNazwa>Gniewoszów</sln:miejscNazwa><sln:miejscRodzaj>Wieś</sln:miejscRodzaj><sln:powIIPId>e11a1507-ec34-4cf5-a5fc-f557ede188aa</sln:powIIPId><sln:powIIPPn>PL.PZGIK.200</sln:powIIPPn><sln:powIIPWersja>2012-09-27T08:13:53+02:00</sln:powIIPWersja><sln:powIdTeryt>1407</sln:powIdTeryt><sln:powNazwa>kozienicki</sln:powNazwa><sln:waznyOd>2014-04-10T00:00:00+02:00</sln:waznyOd><sln:wojIIPId>4b6c492a-eb04-441d-a92a-f44359c06de7</sln:wojIIPId><sln:wojIIPPn>PL.PZGIK.200</sln:wojIIPPn><sln:wojIIPWersja>2012-09-27T13:45:13+02:00</sln:wojIIPWersja><sln:wojIdTeryt>14</sln:wojIdTeryt><sln:wojNazwa>mazowieckie</sln:wojNazwa></sln:miejscowosc><sln:miejscowosc><sln:cyklZyciaOd>2017-03-27T00:00:00+02:00</sln:cyklZyciaOd><sln:gmIIPId>4f8d7e57-8f01-4203-90f1-a894ad9be67b</sln:gmIIPId><sln:gmIIPPn>PL.PZGIK.200</sln:gmIIPPn><sln:gmIIPWersja>2012-09-26T21:58:00+02:00</sln:gmIIPWersja><sln:gmIdTeryt>1407032</sln:gmIdTeryt><sln:gmNazwa>Gniewoszów</sln:gmNazwa><sln:miejscIIPId>6bea17ae-575a-453b-8859-1ce45da486c7</sln:miejscIIPId><sln:miejscIIPPn>PL.PZGIK.200</sln:miejscIIPPn><sln:miejscIIPWersja>2017-03-27T11:09:40+02:00</sln:miejscIIPWersja><sln:miejscIdTeryt>0619998</sln:miejscIdTeryt><sln:miejscNazwa>Kociołek</sln:miejscNazwa><sln:miejscRodzaj>Wieś</sln:miejscRodzaj><sln:powIIPId>e11a1507-ec34-4cf5-a5fc-f557ede188aa</sln:powIIPId><sln:powIIPPn>PL.PZGIK.200</sln:powIIPPn><sln:powIIPWersja>2012-09-27T08:13:53+02:00</sln:powIIPWersja><sln:powIdTeryt>1407</sln:powIdTeryt><sln:powNazwa>kozienicki</sln:powNazwa><sln:waznyOd>2014-04-10T00:00:00+02:00</sln:waznyOd><sln:wojIIPId>4b6c492a-eb04-441d-a92a-f44359c06de7</sln:wojIIPId><sln:wojIIPPn>PL.PZGIK.200</sln:wojIIPPn><sln:wojIIPWersja>2012-09-27T13:45:13+02:00</sln:wojIIPWersja><sln:wojIdTeryt>14</sln:wojIdTeryt><sln:wojNazwa>mazowieckie</sln:wojNazwa></sln:miejscowosc><sln:miejscowosc><sln:cyklZyciaOd>2017-03-27T00:00:00+02:00</sln:cyklZyciaOd><sln:gmIIPId>4f8d7e57-8f01-4203-90f1-a894ad9be67b</sln:gmIIPId><sln:gmIIPPn>PL.PZGIK.200</sln:gmIIPPn><sln:gmIIPWersja>2012-09-26T21:58:00+02:00</sln:gmIIPWersja><sln:gmIdTeryt>1407032</sln:gmIdTeryt><sln:gmNazwa>Gniewoszów</sln:gmNazwa><sln:miejscIIPId>1787b65b-c5ba-430a-8845-94472820a6d7</sln:miejscIIPId><sln:miejscIIPPn>PL.PZGIK.200</sln:miejscIIPPn><sln:miejscIIPWersja>2017-03-27T11:09:41+02:00</sln:miejscIIPWersja><sln:miejscIdTeryt>0620004</sln:miejscIdTeryt><sln:miejscNazwa>Marianów</sln:miejscNazwa><sln:miejscRodzaj>Wieś</sln:miejscRodzaj><sln:powIIPId>e11a1507-ec34-4cf5-a5fc-f557ede188aa</sln:powIIPId><sln:powIIPPn>PL.PZGIK.200</sln:powIIPPn><sln:powIIPWersja>2012-09-27T08:13:53+02:00</sln:powIIPWersja><sln:powIdTeryt>1407</sln:powIdTeryt><sln:powNazwa>kozienicki</sln:powNazwa><sln:waznyOd>2014-04-10T00:00:00+02:00</sln:waznyOd><sln:wojIIPId>4b6c492a-eb04-441d-a92a-f44359c06de7</sln:wojIIPId><sln:wojIIPPn>PL.PZGIK.200</sln:wojIIPPn><sln:wojIIPWersja>2012-09-27T13:45:13+02:00</sln:wojIIPWersja><sln:wojIdTeryt>14</sln:wojIdTeryt><sln:wojNazwa>mazowieckie</sln:wojNazwa></sln:miejscowosc><sln:miejscowosc><sln:cyklZyciaDo>2018-02-27T00:00:00+01:00</sln:cyklZyciaDo><sln:cyklZyciaOd>2017-03-27T00:00:00+02:00</sln:cyklZyciaOd><sln:gmIIPId>4f8d7e57-8f01-4203-90f1-a894ad9be67b</sln:gmIIPId><sln:gmIIPPn>PL.PZGIK.200</sln:gmIIPPn><sln:gmIIPWersja>2012-09-26T21:58:00+02:00</sln:gmIIPWersja><sln:gmIdTeryt>1407032</sln:gmIdTeryt><sln:gmNazwa>Gniewoszów</sln:gmNazwa><sln:miejscIIPId>8c98fe51-efae-4faa-ac4f-368d2614eb36</sln:miejscIIPId><sln:miejscIIPPn>PL.PZGIK.200</sln:miejscIIPPn><sln:miejscIIPWersja>2017-03-27T11:09:41+02:00</sln:miejscIIPWersja><sln:miejscIdTeryt>0620033</sln:miejscIdTeryt><sln:miejscNazwa>Markowola</sln:miejscNazwa><sln:miejscRodzaj>Wieś</sln:miejscRodzaj><sln:powIIPId>e11a1507-ec34-4cf5-a5fc-f557ede188aa</sln:powIIPId><sln:powIIPPn>PL.PZGIK.200</sln:powIIPPn><sln:powIIPWersja>2012-09-27T08:13:53+02:00</sln:powIIPWersja><sln:powIdTeryt>1407</sln:powIdTeryt><sln:powNazwa>kozienicki</sln:powNazwa><sln:waznyOd>2014-04-10T00:00:00+02:00</sln:waznyOd><sln:wojIIPId>4b6c492a-eb04-441d-a92a-f44359c06de7</sln:wojIIPId><sln:wojIIPPn>PL.PZGIK.200</sln:wojIIPPn><sln:wojIIPWersja>2012-09-27T13:45:13+02:00</sln:wojIIPWersja><sln:wojIdTeryt>14</sln:wojIdTeryt><sln:wojNazwa>mazowieckie</sln:wojNazwa></sln:miejscowosc><sln:miejscowosc><sln:cyklZyciaDo>2018-02-27T00:00:00+01:00</sln:cyklZyciaDo><sln:cyklZyciaOd>2017-03-27T00:00:00+02:00</sln:cyklZyciaOd><sln:gmIIPId>4f8d7e57-8f01-4203-90f1-a894ad9be67b</sln:gmIIPId><sln:gmIIPPn>PL.PZGIK.200</sln:gmIIPPn><sln:gmIIPWersja>2012-09-26T21:58:00+02:00</sln:gmIIPWersja><sln:gmIdTeryt>1407032</sln:gmIdTeryt><sln:gmNazwa>Gniewoszów</sln:gmNazwa><sln:miejscIIPId>7e79c360-54b9-4a64-82ca-dc5f64551643</sln:miejscIIPId><sln:miejscIIPPn>PL.PZGIK.200</sln:miejscIIPPn><sln:miejscIIPWersja>2017-03-27T11:09:41+02:00</sln:miejscIIPWersja><sln:miejscIdTeryt>0620040</sln:miejscIdTeryt><sln:miejscNazwa>Markowola-Kolonia</sln:miejscNazwa><sln:miejscRodzaj>Wieś</sln:miejscRodzaj><sln:powIIPId>e11a1507-ec34-4cf5-a5fc-f557ede188aa</sln:powIIPId><sln:powIIPPn>PL.PZGIK.200</sln:powIIPPn><sln:powIIPWersja>2012-09-27T08:13:53+02:00</sln:powIIPWersja><sln:powIdTeryt>1407</sln:powIdTeryt><sln:powNazwa>kozienicki</sln:powNazwa><sln:waznyOd>2014-04-10T00:00:00+02:00</sln:waznyOd><sln:wojIIPId>4b6c492a-eb04-441d-a92a-f44359c06de7</sln:wojIIPId><sln:wojIIPPn>PL.PZGIK.200</sln:wojIIPPn><sln:wojIIPWersja>2012-09-27T13:45:13+02:00</sln:wojIIPWersja><sln:wojIdTeryt>14</sln:wojIdTeryt><sln:wojNazwa>mazowieckie</sln:wojNazwa></sln:miejscowosc><sln:miejscowosc><sln:cyklZyciaOd>2017-03-27T00:00:00+02:00</sln:cyklZyciaOd><sln:gmIIPId>4f8d7e57-8f01-4203-90f1-a894ad9be67b</sln:gmIIPId><sln:gmIIPPn>PL.PZGIK.200</sln:gmIIPPn><sln:gmIIPWersja>2012-09-26T21:58:00+02:00</sln:gmIIPWersja><sln:gmIdTeryt>1407032</sln:gmIdTeryt><sln:gmNazwa>Gniewoszów</sln:gmNazwa><sln:miejscIIPId>3f3ca7e6-c670-4059-afed-6396b2d20c5d</sln:miejscIIPId><sln:miejscIIPPn>PL.PZGIK.200</sln:miejscIIPPn><sln:miejscIIPWersja>2017-03-27T11:09:41+02:00</sln:miejscIIPWersja><sln:miejscIdTeryt>0620056</sln:miejscIdTeryt><sln:miejscNazwa>Mieścisko</sln:miejscNazwa><sln:miejscRodzaj>Wieś</sln:miejscRodzaj><sln:powIIPId>e11a1507-ec34-4cf5-a5fc-f557ede188aa</sln:powIIPId><sln:powIIPPn>PL.PZGIK.200</sln:powIIPPn><sln:powIIPWersja>2012-09-27T08:13:53+02:00</sln:powIIPWersja><sln:powIdTeryt>1407</sln:powIdTeryt><sln:powNazwa>kozienicki</sln:powNazwa><sln:waznyOd>2014-04-10T00:00:00+02:00</sln:waznyOd><sln:wojIIPId>4b6c492a-eb04-441d-a92a-f44359c06de7</sln:wojIIPId><sln:wojIIPPn>PL.PZGIK.200</sln:wojIIPPn><sln:wojIIPWersja>2012-09-27T13:45:13+02:00</sln:wojIIPWersja><sln:wojIdTeryt>14</sln:wojIdTeryt><sln:wojNazwa>mazowieckie</sln:wojNazwa></sln:miejscowosc><sln:miejscowosc><sln:cyklZyciaOd>2017-03-27T00:00:00+02:00</sln:cyklZyciaOd><sln:gmIIPId>4f8d7e57-8f01-4203-90f1-a894ad9be67b</sln:gmIIPId><sln:gmIIPPn>PL.PZGIK.200</sln:gmIIPPn><sln:gmIIPWersja>2012-09-26T21:58:00+02:00</sln:gmIIPWersja><sln:gmIdTeryt>1407032</sln:gmIdTeryt><sln:gmNazwa>Gniewoszów</sln:gmNazwa><sln:miejscIIPId>12c91a40-6986-4028-a082-0a6bed7d7865</sln:miejscIIPId><sln:miejscIIPPn>PL.PZGIK.200</sln:miejscIIPPn><sln:miejscIIPWersja>2017-03-27T11:09:41+02:00</sln:miejscIIPWersja><sln:miejscIdTeryt>0620062</sln:miejscIdTeryt><sln:miejscNazwa>Oleksów</sln:miejscNazwa><sln:miejscRodzaj>Wieś</sln:miejscRodzaj><sln:powIIPId>e11a1507-ec34-4cf5-a5fc-f557ede188aa</sln:powIIPId><sln:powIIPPn>PL.PZGIK.200</sln:powIIPPn><sln:powIIPWersja>2012-09-27T08:13:53+02:00</sln:powIIPWersja><sln:powIdTeryt>1407</sln:powIdTeryt><sln:powNazwa>kozienicki</sln:powNazwa><sln:waznyOd>2014-04-10T00:00:00+02:00</sln:waznyOd><sln:wojIIPId>4b6c492a-eb04-441d-a92a-f44359c06de7</sln:wojIIPId><sln:wojIIPPn>PL.PZGIK.200</sln:wojIIPPn><sln:wojIIPWersja>2012-09-27T13:45:13+02:00</sln:wojIIPWersja><sln:wojIdTeryt>14</sln:wojIdTeryt><sln:wojNazwa>mazowieckie</sln:wojNazwa></sln:miejscowosc><sln:miejscowosc><sln:cyklZyciaOd>2017-03-27T00:00:00+02:00</sln:cyklZyciaOd><sln:gmIIPId>4f8d7e57-8f01-4203-90f1-a894ad9be67b</sln:gmIIPId><sln:gmIIPPn>PL.PZGIK.200</sln:gmIIPPn><sln:gmIIPWersja>2012-09-26T21:58:00+02:00</sln:gmIIPWersja><sln:gmIdTeryt>1407032</sln:gmIdTeryt><sln:gmNazwa>Gniewoszów</sln:gmNazwa><sln:miejscIIPId>4c85cff6-81b3-4b54-83e4-ab6f53542e4d</sln:miejscIIPId><sln:miejscIIPPn>PL.PZGIK.200</sln:miejscIIPPn><sln:miejscIIPWersja>2017-03-27T11:09:41+02:00</sln:miejscIIPWersja><sln:miejscIdTeryt>0620116</sln:miejscIdTeryt><sln:miejscNazwa>Podmieście</sln:miejscNazwa><sln:miejscRodzaj>Wieś</sln:miejscRodzaj><sln:powIIPId>e11a1507-ec34-4cf5-a5fc-f557ede188aa</sln:powIIPId><sln:powIIPPn>PL.PZGIK.200</sln:powIIPPn><sln:powIIPWersja>2012-09-27T08:13:53+02:00</sln:powIIPWersja><sln:powIdTeryt>1407</sln:powIdTeryt><sln:powNazwa>kozienicki</sln:powNazwa><sln:waznyOd>2014-04-10T00:00:00+02:00</sln:waznyOd><sln:wojIIPId>4b6c492a-eb04-441d-a92a-f44359c06de7</sln:wojIIPId><sln:wojIIPPn>PL.PZGIK.200</sln:wojIIPPn><sln:wojIIPWersja>2012-09-27T13:45:13+02:00</sln:wojIIPWersja><sln:wojIdTeryt>14</sln:wojIdTeryt><sln:wojNazwa>mazowieckie</sln:wojNazwa></sln:miejscowosc><sln:miejscowosc><sln:cyklZyciaOd>2017-03-27T00:00:00+02:00</sln:cyklZyciaOd><sln:gmIIPId>4f8d7e57-8f01-4203-90f1-a894ad9be67b</sln:gmIIPId><sln:gmIIPPn>PL.PZGIK.200</sln:gmIIPPn><sln:gmIIPWersja>2012-09-26T21:58:00+02:00</sln:gmIIPWersja><sln:gmIdTeryt>1407032</sln:gmIdTeryt><sln:gmNazwa>Gniewoszów</sln:gmNazwa><sln:miejscIIPId>a0ee86ba-8b1e-4c2f-b855-daf65b76dd6c</sln:miejscIIPId><sln:miejscIIPPn>PL.PZGIK.200</sln:miejscIIPPn><sln:miejscIIPWersja>2017-03-27T11:09:41+02:00</sln:miejscIIPWersja><sln:miejscIdTeryt>0620122</sln:miejscIdTeryt><sln:miejscNazwa>Sarnów</sln:miejscNazwa><sln:miejscRodzaj>Wieś</sln:miejscRodzaj><sln:powIIPId>e11a1507-ec34-4cf5-a5fc-f557ede188aa</sln:powIIPId><sln:powIIPPn>PL.PZGIK.200</sln:powIIPPn><sln:powIIPWersja>2012-09-27T08:13:53+02:00</sln:powIIPWersja><sln:powIdTeryt>1407</sln:powIdTeryt><sln:powNazwa>kozienicki</sln:powNazwa><sln:waznyOd>2014-04-10T00:00:00+02:00</sln:waznyOd><sln:wojIIPId>4b6c492a-eb04-441d-a92a-f44359c06de7</sln:wojIIPId><sln:wojIIPPn>PL.PZGIK.200</sln:wojIIPPn><sln:wojIIPWersja>2012-09-27T13:45:13+02:00</sln:wojIIPWersja><sln:wojIdTeryt>14</sln:wojIdTeryt><sln:wojNazwa>mazowieckie</sln:wojNazwa></sln:miejscowosc><sln:miejscowosc><sln:cyklZyciaOd>2017-03-27T00:00:00+02:00</sln:cyklZyciaOd><sln:gmIIPId>4f8d7e57-8f01-4203-90f1-a894ad9be67b</sln:gmIIPId><sln:gmIIPPn>PL.PZGIK.200</sln:gmIIPPn><sln:gmIIPWersja>2012-09-26T21:58:00+02:00</sln:gmIIPWersja><sln:gmIdTeryt>1407032</sln:gmIdTeryt><sln:gmNazwa>Gniewoszów</sln:gmNazwa><sln:miejscIIPId>eada69d4-9baa-440a-b4f4-dbd4f4012a8e</sln:miejscIIPId><sln:miejscIIPPn>PL.PZGIK.200</sln:miejscIIPPn><sln:miejscIIPWersja>2017-03-27T11:09:41+02:00</sln:miejscIIPWersja><sln:miejscIdTeryt>0620205</sln:miejscIdTeryt><sln:miejscNazwa>Sławczyn</sln:miejscNazwa><sln:miejscRodzaj>Wieś</sln:miejscRodzaj><sln:powIIPId>e11a1507-ec34-4cf5-a5fc-f557ede188aa</sln:powIIPId><sln:powIIPPn>PL.PZGIK.200</sln:powIIPPn><sln:powIIPWersja>2012-09-27T08:13:53+02:00</sln:powIIPWersja><sln:powIdTeryt>1407</sln:powIdTeryt><sln:powNazwa>kozienicki</sln:powNazwa><sln:waznyOd>2014-04-10T00:00:00+02:00</sln:waznyOd><sln:wojIIPId>4b6c492a-eb04-441d-a92a-f44359c06de7</sln:wojIIPId><sln:wojIIPPn>PL.PZGIK.200</sln:wojIIPPn><sln:wojIIPWersja>2012-09-27T13:45:13+02:00</sln:wojIIPWersja><sln:wojIdTeryt>14</sln:wojIdTeryt><sln:wojNazwa>mazowieckie</sln:wojNazwa></sln:miejscowosc><sln:miejscowosc><sln:cyklZyciaOd>2017-03-27T00:00:00+02:00</sln:cyklZyciaOd><sln:gmIIPId>4f8d7e57-8f01-4203-90f1-a894ad9be67b</sln:gmIIPId><sln:gmIIPPn>PL.PZGIK.200</sln:gmIIPPn><sln:gmIIPWersja>2012-09-26T21:58:00+02:00</sln:gmIIPWersja><sln:gmIdTeryt>1407032</sln:gmIdTeryt><sln:gmNazwa>Gniewoszów</sln:gmNazwa><sln:miejscIIPId>4f74f6a8-ef88-4c5e-b4ee-7daf58712af1</sln:miejscIIPId><sln:miejscIIPPn>PL.PZGIK.200</sln:miejscIIPPn><sln:miejscIIPWersja>2017-03-27T11:09:41+02:00</sln:miejscIIPWersja><sln:miejscIdTeryt>0620234</sln:miejscIdTeryt><sln:miejscNazwa>Zwola</sln:miejscNazwa><sln:miejscRodzaj>Wieś</sln:miejscRodzaj><sln:powIIPId>e11a1507-ec34-4cf5-a5fc-f557ede188aa</sln:powIIPId><sln:powIIPPn>PL.PZGIK.200</sln:powIIPPn><sln:powIIPWersja>2012-09-27T08:13:53+02:00</sln:powIIPWersja><sln:powIdTeryt>1407</sln:powIdTeryt><sln:powNazwa>kozienicki</sln:powNazwa><sln:waznyOd>2014-04-10T00:00:00+02:00</sln:waznyOd><sln:wojIIPId>4b6c492a-eb04-441d-a92a-f44359c06de7</sln:wojIIPId><sln:wojIIPPn>PL.PZGIK.200</sln:wojIIPPn><sln:wojIIPWersja>2012-09-27T13:45:13+02:00</sln:wojIIPWersja><sln:wojIdTeryt>14</sln:wojIdTeryt><sln:wojNazwa>mazowieckie</sln:wojNazwa></sln:miejscowosc><sln:miejscowosc><sln:cyklZyciaOd>2017-03-27T00:00:00+02:00</sln:cyklZyciaOd><sln:gmIIPId>4f8d7e57-8f01-4203-90f1-a894ad9be67b</sln:gmIIPId><sln:gmIIPPn>PL.PZGIK.200</sln:gmIIPPn><sln:gmIIPWersja>2012-09-26T21:58:00+02:00</sln:gmIIPWersja><sln:gmIdTeryt>1407032</sln:gmIdTeryt><sln:gmNazwa>Gniewoszów</sln:gmNazwa><sln:miejscIIPId>98054f34-df1b-4b2c-95d7-b88275e7020f</sln:miejscIIPId><sln:miejscIIPPn>PL.PZGIK.200</sln:miejscIIPPn><sln:miejscIIPWersja>2017-03-27T11:09:41+02:00</sln:miejscIIPWersja><sln:miejscIdTeryt>0620300</sln:miejscIdTeryt><sln:miejscNazwa>Regów Stary</sln:miejscNazwa><sln:miejscRodzaj>Wieś</sln:miejscRodzaj><sln:powIIPId>e11a1507-ec34-4cf5-a5fc-f557ede188aa</sln:powIIPId><sln:powIIPPn>PL.PZGIK.200</sln:powIIPPn><sln:powIIPWersja>2012-09-27T08:13:53+02:00</sln:powIIPWersja><sln:powIdTeryt>1407</sln:powIdTeryt><sln:powNazwa>kozienicki</sln:powNazwa><sln:waznyOd>2014-04-10T00:00:00+02:00</sln:waznyOd><sln:wojIIPId>4b6c492a-eb04-441d-a92a-f44359c06de7</sln:wojIIPId><sln:wojIIPPn>PL.PZGIK.200</sln:wojIIPPn><sln:wojIIPWersja>2012-09-27T13:45:13+02:00</sln:wojIIPWersja><sln:wojIdTeryt>14</sln:wojIdTeryt><sln:wojNazwa>mazowieckie</sln:wojNazwa></sln:miejscowosc><sln:miejscowosc><sln:cyklZyciaOd>2017-03-27T00:00:00+02:00</sln:cyklZyciaOd><sln:gmIIPId>4f8d7e57-8f01-4203-90f1-a894ad9be67b</sln:gmIIPId><sln:gmIIPPn>PL.PZGIK.200</sln:gmIIPPn><sln:gmIIPWersja>2012-09-26T21:58:00+02:00</sln:gmIIPWersja><sln:gmIdTeryt>1407032</sln:gmIdTeryt><sln:gmNazwa>Gniewoszów</sln:gmNazwa><sln:miejscIIPId>4554df7c-6ea2-4e6d-8f6b-6450b47f1c05</sln:miejscIIPId><sln:miejscIIPPn>PL.PZGIK.200</sln:miejscIIPPn><sln:miejscIIPWersja>2017-03-27T11:09:41+02:00</sln:miejscIIPWersja><sln:miejscIdTeryt>0620323</sln:miejscIdTeryt><sln:miejscNazwa>Wólka Bachańska</sln:miejscNazwa><sln:miejscRodzaj>Wieś</sln:miejscRodzaj><sln:powIIPId>e11a1507-ec34-4cf5-a5fc-f557ede188aa</sln:powIIPId><sln:powIIPPn>PL.PZGIK.200</sln:powIIPPn><sln:powIIPWersja>2012-09-27T08:13:53+02:00</sln:powIIPWersja><sln:powIdTeryt>1407</sln:powIdTeryt><sln:powNazwa>kozienicki</sln:powNazwa><sln:waznyOd>2014-04-10T00:00:00+02:00</sln:waznyOd><sln:wojIIPId>4b6c492a-eb04-441d-a92a-f44359c06de7</sln:wojIIPId><sln:wojIIPPn>PL.PZGIK.200</sln:wojIIPPn><sln:wojIIPWersja>2012-09-27T13:45:13+02:00</sln:wojIIPWersja><sln:wojIdTeryt>14</sln:wojIdTeryt><sln:wojNazwa>mazowieckie</sln:wojNazwa></sln:miejscowosc><sln:miejscowosc><sln:cyklZyciaOd>2017-03-27T00:00:00+02:00</sln:cyklZyciaOd><sln:gmIIPId>4f8d7e57-8f01-4203-90f1-a894ad9be67b</sln:gmIIPId><sln:gmIIPPn>PL.PZGIK.200</sln:gmIIPPn><sln:gmIIPWersja>2012-09-26T21:58:00+02:00</sln:gmIIPWersja><sln:gmIdTeryt>1407032</sln:gmIdTeryt><sln:gmNazwa>Gniewoszów</sln:gmNazwa><sln:miejscIIPId>8f6f918a-48c7-4a6a-b29d-8b6263d5e29c</sln:miejscIIPId><sln:miejscIIPPn>PL.PZGIK.200</sln:miejscIIPPn><sln:miejscIIPWersja>2017-03-27T11:09:42+02:00</sln:miejscIIPWersja><sln:miejscIdTeryt>0620369</sln:miejscIdTeryt><sln:miejscNazwa>Wysokie Koło</sln:miejscNazwa><sln:miejscRodzaj>Wieś</sln:miejscRodzaj><sln:powIIPId>e11a1507-ec34-4cf5-a5fc-f557ede188aa</sln:powIIPId><sln:powIIPPn>PL.PZGIK.200</sln:powIIPPn><sln:powIIPWersja>2012-09-27T08:13:53+02:00</sln:powIIPWersja><sln:powIdTeryt>1407</sln:powIdTeryt><sln:powNazwa>kozienicki</sln:powNazwa><sln:waznyOd>2014-04-10T00:00:00+02:00</sln:waznyOd><sln:wojIIPId>4b6c492a-eb04-441d-a92a-f44359c06de7</sln:wojIIPId><sln:wojIIPPn>PL.PZGIK.200</sln:wojIIPPn><sln:wojIIPWersja>2012-09-27T13:45:13+02:00</sln:wojIIPWersja><sln:wojIdTeryt>14</sln:wojIdTeryt><sln:wojNazwa>mazowieckie</sln:wojNazwa></sln:miejscowosc><sln:miejscowosc><sln:cyklZyciaOd>2017-03-27T00:00:00+02:00</sln:cyklZyciaOd><sln:gmIIPId>4f8d7e57-8f01-4203-90f1-a894ad9be67b</sln:gmIIPId><sln:gmIIPPn>PL.PZGIK.200</sln:gmIIPPn><sln:gmIIPWersja>2012-09-26T21:58:00+02:00</sln:gmIIPWersja><sln:gmIdTeryt>1407032</sln:gmIdTeryt><sln:gmNazwa>Gniewoszów</sln:gmNazwa><sln:miejscIIPId>058a3be3-e15d-4ef8-8967-89f08a1a2bbd</sln:miejscIIPId><sln:miejscIIPPn>PL.PZGIK.200</sln:miejscIIPPn><sln:miejscIIPWersja>2017-03-27T11:09:42+02:00</sln:miejscIIPWersja><sln:miejscIdTeryt>0620381</sln:miejscIdTeryt><sln:miejscNazwa>Regów Nowy</sln:miejscNazwa><sln:miejscRodzaj>Wieś</sln:miejscRodzaj><sln:powIIPId>e11a1507-ec34-4cf5-a5fc-f557ede188aa</sln:powIIPId><sln:powIIPPn>PL.PZGIK.200</sln:powIIPPn><sln:powIIPWersja>2012-09-27T08:13:53+02:00</sln:powIIPWersja><sln:powIdTeryt>1407</sln:powIdTeryt><sln:powNazwa>kozienicki</sln:powNazwa><sln:waznyOd>2014-04-10T00:00:00+02:00</sln:waznyOd><sln:wojIIPId>4b6c492a-eb04-441d-a92a-f44359c06de7</sln:wojIIPId><sln:wojIIPPn>PL.PZGIK.200</sln:wojIIPPn><sln:wojIIPWersja>2012-09-27T13:45:13+02:00</sln:wojIIPWersja><sln:wojIdTeryt>14</sln:wojIdTeryt><sln:wojNazwa>mazowieckie</sln:wojNazwa></sln:miejscowosc><sln:miejscowosc><sln:cyklZyciaOd>2017-03-27T00:00:00+02:00</sln:cyklZyciaOd><sln:gmIIPId>4f8d7e57-8f01-4203-90f1-a894ad9be67b</sln:gmIIPId><sln:gmIIPPn>PL.PZGIK.200</sln:gmIIPPn><sln:gmIIPWersja>2012-09-26T21:58:00+02:00</sln:gmIIPWersja><sln:gmIdTeryt>1407032</sln:gmIdTeryt><sln:gmNazwa>Gniewoszów</sln:gmNazwa><sln:miejscIIPId>aaa1f500-ef4b-4505-abf2-f5328c32bebb</sln:miejscIIPId><sln:miejscIIPPn>PL.PZGIK.200</sln:miejscIIPPn><sln:miejscIIPWersja>2017-03-27T11:09:42+02:00</sln:miejscIIPWersja><sln:miejscIdTeryt>0620398</sln:miejscIdTeryt><sln:miejscNazwa>Zalesie</sln:miejscNazwa><sln:miejscRodzaj>Wieś</sln:miejscRodzaj><sln:powIIPId>e11a1507-ec34-4cf5-a5fc-f557ede188aa</sln:powIIPId><sln:powIIPPn>PL.PZGIK.200</sln:powIIPPn><sln:powIIPWersja>2012-09-27T08:13:53+02:00</sln:powIIPWersja><sln:powIdTeryt>1407</sln:powIdTeryt><sln:powNazwa>kozienicki</sln:powNazwa><sln:waznyOd>2014-04-10T00:00:00+02:00</sln:waznyOd><sln:wojIIPId>4b6c492a-eb04-441d-a92a-f44359c06de7</sln:wojIIPId><sln:wojIIPPn>PL.PZGIK.200</sln:wojIIPPn><sln:wojIIPWersja>2012-09-27T13:45:13+02:00</sln:wojIIPWersja><sln:wojIdTeryt>14</sln:wojIdTeryt><sln:wojNazwa>mazowieckie</sln:wojNazwa></sln:miejscowosc><sln:miejscowosc><sln:cyklZyciaOd>2017-03-27T00:00:00+02:00</sln:cyklZyciaOd><sln:gmIIPId>4f8d7e57-8f01-4203-90f1-a894ad9be67b</sln:gmIIPId><sln:gmIIPPn>PL.PZGIK.200</sln:gmIIPPn><sln:gmIIPWersja>2012-09-26T21:58:00+02:00</sln:gmIIPWersja><sln:gmIdTeryt>1407032</sln:gmIdTeryt><sln:gmNazwa>Gniewoszów</sln:gmNazwa><sln:miejscIIPId>a7d2e743-9974-4bdd-bc33-fbd08491bccf</sln:miejscIIPId><sln:miejscIIPPn>PL.PZGIK.200</sln:miejscIIPPn><sln:miejscIIPWersja>2017-03-27T11:09:42+02:00</sln:miejscIIPWersja><sln:miejscIdTeryt>0620406</sln:miejscIdTeryt><sln:miejscNazwa>Zdunków</sln:miejscNazwa><sln:miejscRodzaj>Wieś</sln:miejscRodzaj><sln:powIIPId>e11a1507-ec34-4cf5-a5fc-f557ede188aa</sln:powIIPId><sln:powIIPPn>PL.PZGIK.200</sln:powIIPPn><sln:powIIPWersja>2012-09-27T08:13:53+02:00</sln:powIIPWersja><sln:powIdTeryt>1407</sln:powIdTeryt><sln:powNazwa>kozienicki</sln:powNazwa><sln:waznyOd>2014-04-10T00:00:00+02:00</sln:waznyOd><sln:wojIIPId>4b6c492a-eb04-441d-a92a-f44359c06de7</sln:wojIIPId><sln:wojIIPPn>PL.PZGIK.200</sln:wojIIPPn><sln:wojIIPWersja>2012-09-27T13:45:13+02:00</sln:wojIIPWersja><sln:wojIdTeryt>14</sln:wojIdTeryt><sln:wojNazwa>mazowieckie</sln:wojNazwa></sln:miejscowosc><sln:miejscowosc><sln:cyklZyciaOd>2018-02-27T00:00:00+01:00</sln:cyklZyciaOd><sln:gmIIPId>4f8d7e57-8f01-4203-90f1-a894ad9be67b</sln:gmIIPId><sln:gmIIPPn>PL.PZGIK.200</sln:gmIIPPn><sln:gmIIPWersja>2012-09-26T21:58:00+02:00</sln:gmIIPWersja><sln:gmIdTeryt>1407032</sln:gmIdTeryt><sln:gmNazwa>Gniewoszów</sln:gmNazwa><sln:miejscIIPId>6aafb0b4-43fd-4b26-8c76-b9a9b00d3d2c</sln:miejscIIPId><sln:miejscIIPPn>PL.PZGIK.200</sln:miejscIIPPn><sln:miejscIIPWersja>2018-02-27T22:53:56+02:00</sln:miejscIIPWersja><sln:miejscIdTeryt>0619892</sln:miejscIdTeryt><sln:miejscNazwa>Boguszówka</sln:miejscNazwa><sln:miejscRodzaj>Wieś</sln:miejscRodzaj><sln:powIIPId>e11a1507-ec34-4cf5-a5fc-f557ede188aa</sln:powIIPId><sln:powIIPPn>PL.PZGIK.200</sln:powIIPPn><sln:powIIPWersja>2012-09-27T08:13:53+02:00</sln:powIIPWersja><sln:powIdTeryt>1407</sln:powIdTeryt><sln:powNazwa>kozienicki</sln:powNazwa><sln:waznyOd>2018-01-05T00:00:00+01:00</sln:waznyOd><sln:wojIIPId>4b6c492a-eb04-441d-a92a-f44359c06de7</sln:wojIIPId><sln:wojIIPPn>PL.PZGIK.200</sln:wojIIPPn><sln:wojIIPWersja>2012-09-27T13:45:13+02:00</sln:wojIIPWersja><sln:wojIdTeryt>14</sln:wojIdTeryt><sln:wojNazwa>mazowieckie</sln:wojNazwa></sln:miejscowosc><sln:miejscowosc><sln:cyklZyciaOd>2018-02-27T00:00:00+01:00</sln:cyklZyciaOd><sln:gmIIPId>4f8d7e57-8f01-4203-90f1-a894ad9be67b</sln:gmIIPId><sln:gmIIPPn>PL.PZGIK.200</sln:gmIIPPn><sln:gmIIPWersja>2012-09-26T21:58:00+02:00</sln:gmIIPWersja><sln:gmIdTeryt>1407032</sln:gmIdTeryt><sln:gmNazwa>Gniewoszów</sln:gmNazwa><sln:miejscIIPId>8c98fe51-efae-4faa-ac4f-368d2614eb36</sln:miejscIIPId><sln:miejscIIPPn>PL.PZGIK.200</sln:miejscIIPPn><sln:miejscIIPWersja>2018-02-27T22:53:56+02:00</sln:miejscIIPWersja><sln:miejscIdTeryt>0620033</sln:miejscIdTeryt><sln:miejscNazwa>Markowola</sln:miejscNazwa><sln:miejscRodzaj>Wieś</sln:miejscRodzaj><sln:powIIPId>e11a1507-ec34-4cf5-a5fc-f557ede188aa</sln:powIIPId><sln:powIIPPn>PL.PZGIK.200</sln:powIIPPn><sln:powIIPWersja>2012-09-27T08:13:53+02:00</sln:powIIPWersja><sln:powIdTeryt>1407</sln:powIdTeryt><sln:powNazwa>kozienicki</sln:powNazwa><sln:waznyOd>2018-01-05T00:00:00+01:00</sln:waznyOd><sln:wojIIPId>4b6c492a-eb04-441d-a92a-f44359c06de7</sln:wojIIPId><sln:wojIIPPn>PL.PZGIK.200</sln:wojIIPPn><sln:wojIIPWersja>2012-09-27T13:45:13+02:00</sln:wojIIPWersja><sln:wojIdTeryt>14</sln:wojIdTeryt><sln:wojNazwa>mazowieckie</sln:wojNazwa></sln:miejscowosc><sln:miejscowosc><sln:cyklZyciaOd>2018-02-27T00:00:00+01:00</sln:cyklZyciaOd><sln:gmIIPId>4f8d7e57-8f01-4203-90f1-a894ad9be67b</sln:gmIIPId><sln:gmIIPPn>PL.PZGIK.200</sln:gmIIPPn><sln:gmIIPWersja>2012-09-26T21:58:00+02:00</sln:gmIIPWersja><sln:gmIdTeryt>1407032</sln:gmIdTeryt><sln:gmNazwa>Gniewoszów</sln:gmNazwa><sln:miejscIIPId>7e79c360-54b9-4a64-82ca-dc5f64551643</sln:miejscIIPId><sln:miejscIIPPn>PL.PZGIK.200</sln:miejscIIPPn><sln:miejscIIPWersja>2018-02-27T22:53:56+02:00</sln:miejscIIPWersja><sln:miejscIdTeryt>0620040</sln:miejscIdTeryt><sln:miejscNazwa>Markowola-Kolonia</sln:miejscNazwa><sln:miejscRodzaj>Wieś</sln:miejscRodzaj><sln:powIIPId>e11a1507-ec34-4cf5-a5fc-f557ede188aa</sln:powIIPId><sln:powIIPPn>PL.PZGIK.200</sln:powIIPPn><sln:powIIPWersja>2012-09-27T08:13:53+02:00</sln:powIIPWersja><sln:powIdTeryt>1407</sln:powIdTeryt><sln:powNazwa>kozienicki</sln:powNazwa><sln:waznyOd>2018-01-05T00:00:00+01:00</sln:waznyOd><sln:wojIIPId>4b6c492a-eb04-441d-a92a-f44359c06de7</sln:wojIIPId><sln:wojIIPPn>PL.PZGIK.200</sln:wojIIPPn><sln:wojIIPWersja>2012-09-27T13:45:13+02:00</sln:wojIIPWersja><sln:wojIdTeryt>14</sln:wojIdTeryt><sln:wojNazwa>mazowieckie</sln:wojNazwa></sln:miejscowosc></sln:lista-miejscowosci>