<?xml version="1.0" encoding="UTF-8" standalone="yes"?><sln:lista-miejscowosci xmlns:srv="http://gugik.gov.pl/schemas/slowniki-service/1.0" xmlns:sln="http://gugik.gov.pl/schemas/slowniki-schema/1.0"><sln:miejscowosc><sln:cyklZyciaDo>2017-04-10T00:00:00+02:00</sln:cyklZyciaDo><sln:cyklZyciaOd>2015-06-08T00:00:00+02:00</sln:cyklZyciaOd><sln:gmIIPId>18376765-fcd8-4a71-8e0d-b5cab321f445</sln:gmIIPId><sln:gmIIPPn>PL.PZGIK.200</sln:gmIIPPn><sln:gmIIPWersja>2012-09-26T22:16:54+02:00</sln:gmIIPWersja><sln:gmIdTeryt>2010032</sln:gmIdTeryt><sln:gmNazwa>Dziadkowice</sln:gmNazwa><sln:miejscIIPId>e3ad840c-bbde-442c-a73c-d8d13a95b586</sln:miejscIIPId><sln:miejscIIPPn>PL.PZGIK.200</sln:miejscIIPPn><sln:miejscIIPWersja>2016-11-24T08:36:36+02:00</sln:miejscIIPWersja><sln:miejscIdTeryt>0028263</sln:miejscIdTeryt><sln:miejscNazwa>Jasienówka</sln:miejscNazwa><sln:miejscRodzaj>Wieś</sln:miejscRodzaj><sln:powIIPId>91df982d-e4f0-4eb3-9f5c-a666d5eb9c5d</sln:powIIPId><sln:powIIPPn>PL.PZGIK.200</sln:powIIPPn><sln:powIIPWersja>2012-09-27T09:26:09+02:00</sln:powIIPWersja><sln:powIdTeryt>2010</sln:powIdTeryt><sln:powNazwa>siemiatycki</sln:powNazwa><sln:waznyOd>2015-04-16T00:00:00+02:00</sln:waznyOd><sln:wojIIPId>53ad7aea-d9d3-40c9-9a5c-ff737d5b076e</sln:wojIIPId><sln:wojIIPPn>PL.PZGIK.200</sln:wojIIPPn><sln:wojIIPWersja>2017-10-10T00:00:00+02:00</sln:wojIIPWersja><sln:wojIdTeryt>20</sln:wojIdTeryt><sln:wojNazwa>podlaskie</sln:wojNazwa></sln:miejscowosc><sln:miejscowosc><sln:cyklZyciaDo>2017-04-10T00:00:00+02:00</sln:cyklZyciaDo><sln:cyklZyciaOd>2015-06-08T00:00:00+02:00</sln:cyklZyciaOd><sln:gmIIPId>18376765-fcd8-4a71-8e0d-b5cab321f445</sln:gmIIPId><sln:gmIIPPn>PL.PZGIK.200</sln:gmIIPPn><sln:gmIIPWersja>2012-09-26T22:16:54+02:00</sln:gmIIPWersja><sln:gmIdTeryt>2010032</sln:gmIdTeryt><sln:gmNazwa>Dziadkowice</sln:gmNazwa><sln:miejscIIPId>0b04ccc7-ba16-4683-b698-953aa8a30ea7</sln:miejscIIPId><sln:miejscIIPPn>PL.PZGIK.200</sln:miejscIIPPn><sln:miejscIIPWersja>2016-11-24T08:36:36+02:00</sln:miejscIIPWersja><sln:miejscIdTeryt>0028286</sln:miejscIdTeryt><sln:miejscNazwa>Kąty</sln:miejscNazwa><sln:miejscRodzaj>Wieś</sln:miejscRodzaj><sln:powIIPId>91df982d-e4f0-4eb3-9f5c-a666d5eb9c5d</sln:powIIPId><sln:powIIPPn>PL.PZGIK.200</sln:powIIPPn><sln:powIIPWersja>2012-09-27T09:26:09+02:00</sln:powIIPWersja><sln:powIdTeryt>2010</sln:powIdTeryt><sln:powNazwa>siemiatycki</sln:powNazwa><sln:waznyOd>2015-04-16T00:00:00+02:00</sln:waznyOd><sln:wojIIPId>53ad7aea-d9d3-40c9-9a5c-ff737d5b076e</sln:wojIIPId><sln:wojIIPPn>PL.PZGIK.200</sln:wojIIPPn><sln:wojIIPWersja>2017-10-10T00:00:00+02:00</sln:wojIIPWersja><sln:wojIdTeryt>20</sln:wojIdTeryt><sln:wojNazwa>podlaskie</sln:wojNazwa></sln:miejscowosc><sln:miejscowosc><sln:cyklZyciaDo>2017-04-10T00:00:00+02:00</sln:cyklZyciaDo><sln:cyklZyciaOd>2015-06-08T00:00:00+02:00</sln:cyklZyciaOd><sln:gmIIPId>18376765-fcd8-4a71-8e0d-b5cab321f445</sln:gmIIPId><sln:gmIIPPn>PL.PZGIK.200</sln:gmIIPPn><sln:gmIIPWersja>2012-09-26T22:16:54+02:00</sln:gmIIPWersja><sln:gmIdTeryt>2010032</sln:gmIdTeryt><sln:gmNazwa>Dziadkowice</sln:gmNazwa><sln:miejscIIPId>b6179b83-767c-4330-ab9e-c1098cb62d1b</sln:miejscIIPId><sln:miejscIIPPn>PL.PZGIK.200</sln:miejscIIPPn><sln:miejscIIPWersja>2016-11-24T08:36:36+02:00</sln:miejscIIPWersja><sln:miejscIdTeryt>0028292</sln:miejscIdTeryt><sln:miejscNazwa>Korzeniówka</sln:miejscNazwa><sln:miejscRodzaj>Wieś</sln:miejscRodzaj><sln:powIIPId>91df982d-e4f0-4eb3-9f5c-a666d5eb9c5d</sln:powIIPId><sln:powIIPPn>PL.PZGIK.200</sln:powIIPPn><sln:powIIPWersja>2012-09-27T09:26:09+02:00</sln:powIIPWersja><sln:powIdTeryt>2010</sln:powIdTeryt><sln:powNazwa>siemiatycki</sln:powNazwa><sln:waznyOd>2015-04-16T00:00:00+02:00</sln:waznyOd><sln:wojIIPId>53ad7aea-d9d3-40c9-9a5c-ff737d5b076e</sln:wojIIPId><sln:wojIIPPn>PL.PZGIK.200</sln:wojIIPPn><sln:wojIIPWersja>2017-10-10T00:00:00+02:00</sln:wojIIPWersja><sln:wojIdTeryt>20</sln:wojIdTeryt><sln:wojNazwa>podlaskie</sln:wojNazwa></sln:miejscowosc><sln:miejscowosc><sln:cyklZyciaDo>2017-04-10T00:00:00+02:00</sln:cyklZyciaDo><sln:cyklZyciaOd>2015-06-08T00:00:00+02:00</sln:cyklZyciaOd><sln:gmIIPId>18376765-fcd8-4a71-8e0d-b5cab321f445</sln:gmIIPId><sln:gmIIPPn>PL.PZGIK.200</sln:gmIIPPn><sln:gmIIPWersja>2012-09-26T22:16:54+02:00</sln:gmIIPWersja><sln:gmIdTeryt>2010032</sln:gmIdTeryt><sln:gmNazwa>Dziadkowice</sln:gmNazwa><sln:miejscIIPId>254035da-5aed-4a36-b964-1714dd7b7712</sln:miejscIIPId><sln:miejscIIPPn>PL.PZGIK.200</sln:miejscIIPPn><sln:miejscIIPWersja>2016-11-24T08:36:36+02:00</sln:miejscIIPWersja><sln:miejscIdTeryt>0028300</sln:miejscIdTeryt><sln:miejscNazwa>Lipiny</sln:miejscNazwa><sln:miejscRodzaj>Wieś</sln:miejscRodzaj><sln:powIIPId>91df982d-e4f0-4eb3-9f5c-a666d5eb9c5d</sln:powIIPId><sln:powIIPPn>PL.PZGIK.200</sln:powIIPPn><sln:powIIPWersja>2012-09-27T09:26:09+02:00</sln:powIIPWersja><sln:powIdTeryt>2010</sln:powIdTeryt><sln:powNazwa>siemiatycki</sln:powNazwa><sln:waznyOd>2015-04-16T00:00:00+02:00</sln:waznyOd><sln:wojIIPId>53ad7aea-d9d3-40c9-9a5c-ff737d5b076e</sln:wojIIPId><sln:wojIIPPn>PL.PZGIK.200</sln:wojIIPPn><sln:wojIIPWersja>2017-10-10T00:00:00+02:00</sln:wojIIPWersja><sln:wojIdTeryt>20</sln:wojIdTeryt><sln:wojNazwa>podlaskie</sln:wojNazwa></sln:miejscowosc><sln:miejscowosc><sln:cyklZyciaDo>2017-04-10T00:00:00+02:00</sln:cyklZyciaDo><sln:cyklZyciaOd>2015-06-08T00:00:00+02:00</sln:cyklZyciaOd><sln:gmIIPId>18376765-fcd8-4a71-8e0d-b5cab321f445</sln:gmIIPId><sln:gmIIPPn>PL.PZGIK.200</sln:gmIIPPn><sln:gmIIPWersja>2012-09-26T22:16:54+02:00</sln:gmIIPWersja><sln:gmIdTeryt>2010032</sln:gmIdTeryt><sln:gmNazwa>Dziadkowice</sln:gmNazwa><sln:miejscIIPId>88c58750-264a-40fd-84fe-b75a958e0f24</sln:miejscIIPId><sln:miejscIIPPn>PL.PZGIK.200</sln:miejscIIPPn><sln:miejscIIPWersja>2016-11-24T08:36:36+02:00</sln:miejscIIPWersja><sln:miejscIdTeryt>0028317</sln:miejscIdTeryt><sln:miejscNazwa>Malewice</sln:miejscNazwa><sln:miejscRodzaj>Wieś</sln:miejscRodzaj><sln:powIIPId>91df982d-e4f0-4eb3-9f5c-a666d5eb9c5d</sln:powIIPId><sln:powIIPPn>PL.PZGIK.200</sln:powIIPPn><sln:powIIPWersja>2012-09-27T09:26:09+02:00</sln:powIIPWersja><sln:powIdTeryt>2010</sln:powIdTeryt><sln:powNazwa>siemiatycki</sln:powNazwa><sln:waznyOd>2015-04-16T00:00:00+02:00</sln:waznyOd><sln:wojIIPId>53ad7aea-d9d3-40c9-9a5c-ff737d5b076e</sln:wojIIPId><sln:wojIIPPn>PL.PZGIK.200</sln:wojIIPPn><sln:wojIIPWersja>2017-10-10T00:00:00+02:00</sln:wojIIPWersja><sln:wojIdTeryt>20</sln:wojIdTeryt><sln:wojNazwa>podlaskie</sln:wojNazwa></sln:miejscowosc><sln:miejscowosc><sln:cyklZyciaDo>2017-04-10T00:00:00+02:00</sln:cyklZyciaDo><sln:cyklZyciaOd>2015-06-08T00:00:00+02:00</sln:cyklZyciaOd><sln:gmIIPId>18376765-fcd8-4a71-8e0d-b5cab321f445</sln:gmIIPId><sln:gmIIPPn>PL.PZGIK.200</sln:gmIIPPn><sln:gmIIPWersja>2012-09-26T22:16:54+02:00</sln:gmIIPWersja><sln:gmIdTeryt>2010032</sln:gmIdTeryt><sln:gmNazwa>Dziadkowice</sln:gmNazwa><sln:miejscIIPId>e38a9580-e0c6-4310-b6c6-668d28a90d12</sln:miejscIIPId><sln:miejscIIPPn>PL.PZGIK.200</sln:miejscIIPPn><sln:miejscIIPWersja>2016-11-24T08:36:36+02:00</sln:miejscIIPWersja><sln:miejscIdTeryt>0028323</sln:miejscIdTeryt><sln:miejscNazwa>Malinowo</sln:miejscNazwa><sln:miejscRodzaj>Wieś</sln:miejscRodzaj><sln:powIIPId>91df982d-e4f0-4eb3-9f5c-a666d5eb9c5d</sln:powIIPId><sln:powIIPPn>PL.PZGIK.200</sln:powIIPPn><sln:powIIPWersja>2012-09-27T09:26:09+02:00</sln:powIIPWersja><sln:powIdTeryt>2010</sln:powIdTeryt><sln:powNazwa>siemiatycki</sln:powNazwa><sln:waznyOd>2015-04-16T00:00:00+02:00</sln:waznyOd><sln:wojIIPId>53ad7aea-d9d3-40c9-9a5c-ff737d5b076e</sln:wojIIPId><sln:wojIIPPn>PL.PZGIK.200</sln:wojIIPPn><sln:wojIIPWersja>2017-10-10T00:00:00+02:00</sln:wojIIPWersja><sln:wojIdTeryt>20</sln:wojIdTeryt><sln:wojNazwa>podlaskie</sln:wojNazwa></sln:miejscowosc><sln:miejscowosc><sln:cyklZyciaDo>2017-04-10T00:00:00+02:00</sln:cyklZyciaDo><sln:cyklZyciaOd>2015-06-08T00:00:00+02:00</sln:cyklZyciaOd><sln:gmIIPId>18376765-fcd8-4a71-8e0d-b5cab321f445</sln:gmIIPId><sln:gmIIPPn>PL.PZGIK.200</sln:gmIIPPn><sln:gmIIPWersja>2012-09-26T22:16:54+02:00</sln:gmIIPWersja><sln:gmIdTeryt>2010032</sln:gmIdTeryt><sln:gmNazwa>Dziadkowice</sln:gmNazwa><sln:miejscIIPId>168b2e5d-87fa-4e52-9268-acf9e000706a</sln:miejscIIPId><sln:miejscIIPPn>PL.PZGIK.200</sln:miejscIIPPn><sln:miejscIIPWersja>2016-11-24T08:36:36+02:00</sln:miejscIIPWersja><sln:miejscIdTeryt>0028270</sln:miejscIdTeryt><sln:miejscNazwa>Mała Jasienówka</sln:miejscNazwa><sln:miejscRodzaj>Kolonia</sln:miejscRodzaj><sln:powIIPId>91df982d-e4f0-4eb3-9f5c-a666d5eb9c5d</sln:powIIPId><sln:powIIPPn>PL.PZGIK.200</sln:powIIPPn><sln:powIIPWersja>2012-09-27T09:26:09+02:00</sln:powIIPWersja><sln:powIdTeryt>2010</sln:powIdTeryt><sln:powNazwa>siemiatycki</sln:powNazwa><sln:waznyOd>2015-04-16T00:00:00+02:00</sln:waznyOd><sln:wojIIPId>53ad7aea-d9d3-40c9-9a5c-ff737d5b076e</sln:wojIIPId><sln:wojIIPPn>PL.PZGIK.200</sln:wojIIPPn><sln:wojIIPWersja>2017-10-10T00:00:00+02:00</sln:wojIIPWersja><sln:wojIdTeryt>20</sln:wojIdTeryt><sln:wojNazwa>podlaskie</sln:wojNazwa></sln:miejscowosc><sln:miejscowosc><sln:cyklZyciaDo>2017-04-10T00:00:00+02:00</sln:cyklZyciaDo><sln:cyklZyciaOd>2015-06-08T00:00:00+02:00</sln:cyklZyciaOd><sln:gmIIPId>18376765-fcd8-4a71-8e0d-b5cab321f445</sln:gmIIPId><sln:gmIIPPn>PL.PZGIK.200</sln:gmIIPPn><sln:gmIIPWersja>2012-09-26T22:16:54+02:00</sln:gmIIPWersja><sln:gmIdTeryt>2010032</sln:gmIdTeryt><sln:gmNazwa>Dziadkowice</sln:gmNazwa><sln:miejscIIPId>b9012f58-e16e-4e46-86bd-d19a03cf230f</sln:miejscIIPId><sln:miejscIIPPn>PL.PZGIK.200</sln:miejscIIPPn><sln:miejscIIPWersja>2016-11-24T08:36:36+02:00</sln:miejscIIPWersja><sln:miejscIdTeryt>0028330</sln:miejscIdTeryt><sln:miejscNazwa>Osmola</sln:miejscNazwa><sln:miejscRodzaj>Wieś</sln:miejscRodzaj><sln:powIIPId>91df982d-e4f0-4eb3-9f5c-a666d5eb9c5d</sln:powIIPId><sln:powIIPPn>PL.PZGIK.200</sln:powIIPPn><sln:powIIPWersja>2012-09-27T09:26:09+02:00</sln:powIIPWersja><sln:powIdTeryt>2010</sln:powIdTeryt><sln:powNazwa>siemiatycki</sln:powNazwa><sln:waznyOd>2015-04-16T00:00:00+02:00</sln:waznyOd><sln:wojIIPId>53ad7aea-d9d3-40c9-9a5c-ff737d5b076e</sln:wojIIPId><sln:wojIIPPn>PL.PZGIK.200</sln:wojIIPPn><sln:wojIIPWersja>2017-10-10T00:00:00+02:00</sln:wojIIPWersja><sln:wojIdTeryt>20</sln:wojIdTeryt><sln:wojNazwa>podlaskie</sln:wojNazwa></sln:miejscowosc><sln:miejscowosc><sln:cyklZyciaDo>2017-04-10T00:00:00+02:00</sln:cyklZyciaDo><sln:cyklZyciaOd>2015-06-08T00:00:00+02:00</sln:cyklZyciaOd><sln:gmIIPId>18376765-fcd8-4a71-8e0d-b5cab321f445</sln:gmIIPId><sln:gmIIPPn>PL.PZGIK.200</sln:gmIIPPn><sln:gmIIPWersja>2012-09-26T22:16:54+02:00</sln:gmIIPWersja><sln:gmIdTeryt>2010032</sln:gmIdTeryt><sln:gmNazwa>Dziadkowice</sln:gmNazwa><sln:miejscIIPId>2311bfa2-0ab1-4c49-8fec-3419eeeaf049</sln:miejscIIPId><sln:miejscIIPPn>PL.PZGIK.200</sln:miejscIIPPn><sln:miejscIIPWersja>2016-11-24T08:36:36+02:00</sln:miejscIIPWersja><sln:miejscIdTeryt>0028346</sln:miejscIdTeryt><sln:miejscNazwa>Smolugi</sln:miejscNazwa><sln:miejscRodzaj>Wieś</sln:miejscRodzaj><sln:powIIPId>91df982d-e4f0-4eb3-9f5c-a666d5eb9c5d</sln:powIIPId><sln:powIIPPn>PL.PZGIK.200</sln:powIIPPn><sln:powIIPWersja>2012-09-27T09:26:09+02:00</sln:powIIPWersja><sln:powIdTeryt>2010</sln:powIdTeryt><sln:powNazwa>siemiatycki</sln:powNazwa><sln:waznyOd>2015-04-16T00:00:00+02:00</sln:waznyOd><sln:wojIIPId>53ad7aea-d9d3-40c9-9a5c-ff737d5b076e</sln:wojIIPId><sln:wojIIPPn>PL.PZGIK.200</sln:wojIIPPn><sln:wojIIPWersja>2017-10-10T00:00:00+02:00</sln:wojIIPWersja><sln:wojIdTeryt>20</sln:wojIdTeryt><sln:wojNazwa>podlaskie</sln:wojNazwa></sln:miejscowosc><sln:miejscowosc><sln:cyklZyciaDo>2017-04-10T00:00:00+02:00</sln:cyklZyciaDo><sln:cyklZyciaOd>2015-06-08T00:00:00+02:00</sln:cyklZyciaOd><sln:gmIIPId>18376765-fcd8-4a71-8e0d-b5cab321f445</sln:gmIIPId><sln:gmIIPPn>PL.PZGIK.200</sln:gmIIPPn><sln:gmIIPWersja>2012-09-26T22:16:54+02:00</sln:gmIIPWersja><sln:gmIdTeryt>2010032</sln:gmIdTeryt><sln:gmNazwa>Dziadkowice</sln:gmNazwa><sln:miejscIIPId>c67d3cf3-ff48-4b5d-9587-e196ff81a54d</sln:miejscIIPId><sln:miejscIIPPn>PL.PZGIK.200</sln:miejscIIPPn><sln:miejscIIPWersja>2016-11-24T08:36:36+02:00</sln:miejscIIPWersja><sln:miejscIdTeryt>0028352</sln:miejscIdTeryt><sln:miejscNazwa>Wojeniec</sln:miejscNazwa><sln:miejscRodzaj>Wieś</sln:miejscRodzaj><sln:powIIPId>91df982d-e4f0-4eb3-9f5c-a666d5eb9c5d</sln:powIIPId><sln:powIIPPn>PL.PZGIK.200</sln:powIIPPn><sln:powIIPWersja>2012-09-27T09:26:09+02:00</sln:powIIPWersja><sln:powIdTeryt>2010</sln:powIdTeryt><sln:powNazwa>siemiatycki</sln:powNazwa><sln:waznyOd>2015-04-16T00:00:00+02:00</sln:waznyOd><sln:wojIIPId>53ad7aea-d9d3-40c9-9a5c-ff737d5b076e</sln:wojIIPId><sln:wojIIPPn>PL.PZGIK.200</sln:wojIIPPn><sln:wojIIPWersja>2017-10-10T00:00:00+02:00</sln:wojIIPWersja><sln:wojIdTeryt>20</sln:wojIdTeryt><sln:wojNazwa>podlaskie</sln:wojNazwa></sln:miejscowosc><sln:miejscowosc><sln:cyklZyciaDo>2017-04-10T00:00:00+02:00</sln:cyklZyciaDo><sln:cyklZyciaOd>2015-06-08T00:00:00+02:00</sln:cyklZyciaOd><sln:gmIIPId>18376765-fcd8-4a71-8e0d-b5cab321f445</sln:gmIIPId><sln:gmIIPPn>PL.PZGIK.200</sln:gmIIPPn><sln:gmIIPWersja>2012-09-26T22:16:54+02:00</sln:gmIIPWersja><sln:gmIdTeryt>2010032</sln:gmIdTeryt><sln:gmNazwa>Dziadkowice</sln:gmNazwa><sln:miejscIIPId>0914f679-40f8-4c7e-954f-298d3d0050c7</sln:miejscIIPId><sln:miejscIIPPn>PL.PZGIK.200</sln:miejscIIPPn><sln:miejscIIPWersja>2016-11-24T08:36:36+02:00</sln:miejscIIPWersja><sln:miejscIdTeryt>0028369</sln:miejscIdTeryt><sln:miejscNazwa>Zaminowo</sln:miejscNazwa><sln:miejscRodzaj>Wieś</sln:miejscRodzaj><sln:powIIPId>91df982d-e4f0-4eb3-9f5c-a666d5eb9c5d</sln:powIIPId><sln:powIIPPn>PL.PZGIK.200</sln:powIIPPn><sln:powIIPWersja>2012-09-27T09:26:09+02:00</sln:powIIPWersja><sln:powIdTeryt>2010</sln:powIdTeryt><sln:powNazwa>siemiatycki</sln:powNazwa><sln:waznyOd>2015-04-16T00:00:00+02:00</sln:waznyOd><sln:wojIIPId>53ad7aea-d9d3-40c9-9a5c-ff737d5b076e</sln:wojIIPId><sln:wojIIPPn>PL.PZGIK.200</sln:wojIIPPn><sln:wojIIPWersja>2017-10-10T00:00:00+02:00</sln:wojIIPWersja><sln:wojIdTeryt>20</sln:wojIdTeryt><sln:wojNazwa>podlaskie</sln:wojNazwa></sln:miejscowosc><sln:miejscowosc><sln:cyklZyciaDo>2017-04-10T00:00:00+02:00</sln:cyklZyciaDo><sln:cyklZyciaOd>2015-06-08T00:00:00+02:00</sln:cyklZyciaOd><sln:gmIIPId>18376765-fcd8-4a71-8e0d-b5cab321f445</sln:gmIIPId><sln:gmIIPPn>PL.PZGIK.200</sln:gmIIPPn><sln:gmIIPWersja>2012-09-26T22:16:54+02:00</sln:gmIIPWersja><sln:gmIdTeryt>2010032</sln:gmIdTeryt><sln:gmNazwa>Dziadkowice</sln:gmNazwa><sln:miejscIIPId>172c3654-8411-4654-a9c0-e4b46a1df168</sln:miejscIIPId><sln:miejscIIPPn>PL.PZGIK.200</sln:miejscIIPPn><sln:miejscIIPWersja>2016-11-24T08:36:36+02:00</sln:miejscIIPWersja><sln:miejscIdTeryt>0028375</sln:miejscIdTeryt><sln:miejscNazwa>Zaporośl</sln:miejscNazwa><sln:miejscRodzaj>Przysiółek</sln:miejscRodzaj><sln:powIIPId>91df982d-e4f0-4eb3-9f5c-a666d5eb9c5d</sln:powIIPId><sln:powIIPPn>PL.PZGIK.200</sln:powIIPPn><sln:powIIPWersja>2012-09-27T09:26:09+02:00</sln:powIIPWersja><sln:powIdTeryt>2010</sln:powIdTeryt><sln:powNazwa>siemiatycki</sln:powNazwa><sln:waznyOd>2015-04-16T00:00:00+02:00</sln:waznyOd><sln:wojIIPId>53ad7aea-d9d3-40c9-9a5c-ff737d5b076e</sln:wojIIPId><sln:wojIIPPn>PL.PZGIK.200</sln:wojIIPPn><sln:wojIIPWersja>2017-10-10T00:00:00+02:00</sln:wojIIPWersja><sln:wojIdTeryt>20</sln:wojIdTeryt><sln:wojNazwa>podlaskie</sln:wojNazwa></sln:miejscowosc><sln:miejscowosc><sln:cyklZyciaDo>2017-04-10T00:00:00+02:00</sln:cyklZyciaDo><sln:cyklZyciaOd>2015-06-08T00:00:00+02:00</sln:cyklZyciaOd><sln:gmIIPId>18376765-fcd8-4a71-8e0d-b5cab321f445</sln:gmIIPId><sln:gmIIPPn>PL.PZGIK.200</sln:gmIIPPn><sln:gmIIPWersja>2012-09-26T22:16:54+02:00</sln:gmIIPWersja><sln:gmIdTeryt>2010032</sln:gmIdTeryt><sln:gmNazwa>Dziadkowice</sln:gmNazwa><sln:miejscIIPId>e5f707c2-8b4d-42fc-be25-450ac122c131</sln:miejscIIPId><sln:miejscIIPPn>PL.PZGIK.200</sln:miejscIIPPn><sln:miejscIIPWersja>2016-11-24T08:36:36+02:00</sln:miejscIIPWersja><sln:miejscIdTeryt>0028381</sln:miejscIdTeryt><sln:miejscNazwa>Zaręby</sln:miejscNazwa><sln:miejscRodzaj>Wieś</sln:miejscRodzaj><sln:powIIPId>91df982d-e4f0-4eb3-9f5c-a666d5eb9c5d</sln:powIIPId><sln:powIIPPn>PL.PZGIK.200</sln:powIIPPn><sln:powIIPWersja>2012-09-27T09:26:09+02:00</sln:powIIPWersja><sln:powIdTeryt>2010</sln:powIdTeryt><sln:powNazwa>siemiatycki</sln:powNazwa><sln:waznyOd>2015-04-16T00:00:00+02:00</sln:waznyOd><sln:wojIIPId>53ad7aea-d9d3-40c9-9a5c-ff737d5b076e</sln:wojIIPId><sln:wojIIPPn>PL.PZGIK.200</sln:wojIIPPn><sln:wojIIPWersja>2017-10-10T00:00:00+02:00</sln:wojIIPWersja><sln:wojIdTeryt>20</sln:wojIdTeryt><sln:wojNazwa>podlaskie</sln:wojNazwa></sln:miejscowosc><sln:miejscowosc><sln:cyklZyciaDo>2017-04-10T00:00:00+02:00</sln:cyklZyciaDo><sln:cyklZyciaOd>2015-06-08T00:00:00+02:00</sln:cyklZyciaOd><sln:gmIIPId>18376765-fcd8-4a71-8e0d-b5cab321f445</sln:gmIIPId><sln:gmIIPPn>PL.PZGIK.200</sln:gmIIPPn><sln:gmIIPWersja>2012-09-26T22:16:54+02:00</sln:gmIIPWersja><sln:gmIdTeryt>2010032</sln:gmIdTeryt><sln:gmNazwa>Dziadkowice</sln:gmNazwa><sln:miejscIIPId>9cc6441a-b2b3-4843-8bd1-0a2bb560f01e</sln:miejscIIPId><sln:miejscIIPPn>PL.PZGIK.200</sln:miejscIIPPn><sln:miejscIIPWersja>2016-11-24T08:36:36+02:00</sln:miejscIIPWersja><sln:miejscIdTeryt>0028398</sln:miejscIdTeryt><sln:miejscNazwa>Żuniewo</sln:miejscNazwa><sln:miejscRodzaj>Przysiółek</sln:miejscRodzaj><sln:powIIPId>91df982d-e4f0-4eb3-9f5c-a666d5eb9c5d</sln:powIIPId><sln:powIIPPn>PL.PZGIK.200</sln:powIIPPn><sln:powIIPWersja>2012-09-27T09:26:09+02:00</sln:powIIPWersja><sln:powIdTeryt>2010</sln:powIdTeryt><sln:powNazwa>siemiatycki</sln:powNazwa><sln:waznyOd>2015-04-16T00:00:00+02:00</sln:waznyOd><sln:wojIIPId>53ad7aea-d9d3-40c9-9a5c-ff737d5b076e</sln:wojIIPId><sln:wojIIPPn>PL.PZGIK.200</sln:wojIIPPn><sln:wojIIPWersja>2017-10-10T00:00:00+02:00</sln:wojIIPWersja><sln:wojIdTeryt>20</sln:wojIdTeryt><sln:wojNazwa>podlaskie</sln:wojNazwa></sln:miejscowosc><sln:miejscowosc><sln:cyklZyciaDo>2017-04-10T00:00:00+02:00</sln:cyklZyciaDo><sln:cyklZyciaOd>2015-06-08T00:00:00+02:00</sln:cyklZyciaOd><sln:gmIIPId>18376765-fcd8-4a71-8e0d-b5cab321f445</sln:gmIIPId><sln:gmIIPPn>PL.PZGIK.200</sln:gmIIPPn><sln:gmIIPWersja>2012-09-26T22:16:54+02:00</sln:gmIIPWersja><sln:gmIdTeryt>2010032</sln:gmIdTeryt><sln:gmNazwa>Dziadkowice</sln:gmNazwa><sln:miejscIIPId>3a0c6a31-5bef-4fa3-8144-45617ec11e89</sln:miejscIIPId><sln:miejscIIPPn>PL.PZGIK.200</sln:miejscIIPPn><sln:miejscIIPWersja>2016-11-24T08:36:36+02:00</sln:miejscIIPWersja><sln:miejscIdTeryt>0028406</sln:miejscIdTeryt><sln:miejscNazwa>Żurobice</sln:miejscNazwa><sln:miejscRodzaj>Wieś</sln:miejscRodzaj><sln:powIIPId>91df982d-e4f0-4eb3-9f5c-a666d5eb9c5d</sln:powIIPId><sln:powIIPPn>PL.PZGIK.200</sln:powIIPPn><sln:powIIPWersja>2012-09-27T09:26:09+02:00</sln:powIIPWersja><sln:powIdTeryt>2010</sln:powIdTeryt><sln:powNazwa>siemiatycki</sln:powNazwa><sln:waznyOd>2015-04-16T00:00:00+02:00</sln:waznyOd><sln:wojIIPId>53ad7aea-d9d3-40c9-9a5c-ff737d5b076e</sln:wojIIPId><sln:wojIIPPn>PL.PZGIK.200</sln:wojIIPPn><sln:wojIIPWersja>2017-10-10T00:00:00+02:00</sln:wojIIPWersja><sln:wojIdTeryt>20</sln:wojIdTeryt><sln:wojNazwa>podlaskie</sln:wojNazwa></sln:miejscowosc><sln:miejscowosc><sln:cyklZyciaDo>2017-04-10T00:00:00+02:00</sln:cyklZyciaDo><sln:cyklZyciaOd>2015-06-08T00:00:00+02:00</sln:cyklZyciaOd><sln:gmIIPId>18376765-fcd8-4a71-8e0d-b5cab321f445</sln:gmIIPId><sln:gmIIPPn>PL.PZGIK.200</sln:gmIIPPn><sln:gmIIPWersja>2012-09-26T22:16:54+02:00</sln:gmIIPWersja><sln:gmIdTeryt>2010032</sln:gmIdTeryt><sln:gmNazwa>Dziadkowice</sln:gmNazwa><sln:miejscIIPId>ee986fae-91bf-4a99-abee-c8bbab27e414</sln:miejscIIPId><sln:miejscIIPPn>PL.PZGIK.200</sln:miejscIIPPn><sln:miejscIIPWersja>2016-11-24T08:36:36+02:00</sln:miejscIIPWersja><sln:miejscIdTeryt>0028180</sln:miejscIdTeryt><sln:miejscNazwa>Brzeziny-Janowięta</sln:miejscNazwa><sln:miejscRodzaj>Wieś</sln:miejscRodzaj><sln:powIIPId>91df982d-e4f0-4eb3-9f5c-a666d5eb9c5d</sln:powIIPId><sln:powIIPPn>PL.PZGIK.200</sln:powIIPPn><sln:powIIPWersja>2012-09-27T09:26:09+02:00</sln:powIIPWersja><sln:powIdTeryt>2010</sln:powIdTeryt><sln:powNazwa>siemiatycki</sln:powNazwa><sln:waznyOd>2015-04-16T00:00:00+02:00</sln:waznyOd><sln:wojIIPId>53ad7aea-d9d3-40c9-9a5c-ff737d5b076e</sln:wojIIPId><sln:wojIIPPn>PL.PZGIK.200</sln:wojIIPPn><sln:wojIIPWersja>2017-10-10T00:00:00+02:00</sln:wojIIPWersja><sln:wojIdTeryt>20</sln:wojIdTeryt><sln:wojNazwa>podlaskie</sln:wojNazwa></sln:miejscowosc><sln:miejscowosc><sln:cyklZyciaDo>2017-04-10T00:00:00+02:00</sln:cyklZyciaDo><sln:cyklZyciaOd>2015-06-08T00:00:00+02:00</sln:cyklZyciaOd><sln:gmIIPId>18376765-fcd8-4a71-8e0d-b5cab321f445</sln:gmIIPId><sln:gmIIPPn>PL.PZGIK.200</sln:gmIIPPn><sln:gmIIPWersja>2012-09-26T22:16:54+02:00</sln:gmIIPWersja><sln:gmIdTeryt>2010032</sln:gmIdTeryt><sln:gmNazwa>Dziadkowice</sln:gmNazwa><sln:miejscIIPId>f6827a1a-75ba-409d-bfde-3b68b6f0122a</sln:miejscIIPId><sln:miejscIIPPn>PL.PZGIK.200</sln:miejscIIPPn><sln:miejscIIPWersja>2016-11-24T08:36:36+02:00</sln:miejscIIPWersja><sln:miejscIdTeryt>0028197</sln:miejscIdTeryt><sln:miejscNazwa>Brzeziny-Niedźwiadki</sln:miejscNazwa><sln:miejscRodzaj>Przysiółek</sln:miejscRodzaj><sln:powIIPId>91df982d-e4f0-4eb3-9f5c-a666d5eb9c5d</sln:powIIPId><sln:powIIPPn>PL.PZGIK.200</sln:powIIPPn><sln:powIIPWersja>2012-09-27T09:26:09+02:00</sln:powIIPWersja><sln:powIdTeryt>2010</sln:powIdTeryt><sln:powNazwa>siemiatycki</sln:powNazwa><sln:waznyOd>2015-04-16T00:00:00+02:00</sln:waznyOd><sln:wojIIPId>53ad7aea-d9d3-40c9-9a5c-ff737d5b076e</sln:wojIIPId><sln:wojIIPPn>PL.PZGIK.200</sln:wojIIPPn><sln:wojIIPWersja>2017-10-10T00:00:00+02:00</sln:wojIIPWersja><sln:wojIdTeryt>20</sln:wojIdTeryt><sln:wojNazwa>podlaskie</sln:wojNazwa></sln:miejscowosc><sln:miejscowosc><sln:cyklZyciaDo>2017-04-10T00:00:00+02:00</sln:cyklZyciaDo><sln:cyklZyciaOd>2015-06-08T00:00:00+02:00</sln:cyklZyciaOd><sln:gmIIPId>18376765-fcd8-4a71-8e0d-b5cab321f445</sln:gmIIPId><sln:gmIIPPn>PL.PZGIK.200</sln:gmIIPPn><sln:gmIIPWersja>2012-09-26T22:16:54+02:00</sln:gmIIPWersja><sln:gmIdTeryt>2010032</sln:gmIdTeryt><sln:gmNazwa>Dziadkowice</sln:gmNazwa><sln:miejscIIPId>5319965e-5447-4c98-b804-57fe6e4cabb6</sln:miejscIIPId><sln:miejscIIPPn>PL.PZGIK.200</sln:miejscIIPPn><sln:miejscIIPWersja>2016-11-24T08:36:36+02:00</sln:miejscIIPWersja><sln:miejscIdTeryt>0028228</sln:miejscIdTeryt><sln:miejscNazwa>Chrościanka</sln:miejscNazwa><sln:miejscRodzaj>Kolonia</sln:miejscRodzaj><sln:powIIPId>91df982d-e4f0-4eb3-9f5c-a666d5eb9c5d</sln:powIIPId><sln:powIIPPn>PL.PZGIK.200</sln:powIIPPn><sln:powIIPWersja>2012-09-27T09:26:09+02:00</sln:powIIPWersja><sln:powIdTeryt>2010</sln:powIdTeryt><sln:powNazwa>siemiatycki</sln:powNazwa><sln:waznyOd>2015-04-16T00:00:00+02:00</sln:waznyOd><sln:wojIIPId>53ad7aea-d9d3-40c9-9a5c-ff737d5b076e</sln:wojIIPId><sln:wojIIPPn>PL.PZGIK.200</sln:wojIIPPn><sln:wojIIPWersja>2017-10-10T00:00:00+02:00</sln:wojIIPWersja><sln:wojIdTeryt>20</sln:wojIdTeryt><sln:wojNazwa>podlaskie</sln:wojNazwa></sln:miejscowosc><sln:miejscowosc><sln:cyklZyciaDo>2017-04-10T00:00:00+02:00</sln:cyklZyciaDo><sln:cyklZyciaOd>2015-06-08T00:00:00+02:00</sln:cyklZyciaOd><sln:gmIIPId>18376765-fcd8-4a71-8e0d-b5cab321f445</sln:gmIIPId><sln:gmIIPPn>PL.PZGIK.200</sln:gmIIPPn><sln:gmIIPWersja>2012-09-26T22:16:54+02:00</sln:gmIIPWersja><sln:gmIdTeryt>2010032</sln:gmIdTeryt><sln:gmNazwa>Dziadkowice</sln:gmNazwa><sln:miejscIIPId>1d80966c-ef07-4db0-bbae-edceadb23201</sln:miejscIIPId><sln:miejscIIPPn>PL.PZGIK.200</sln:miejscIIPPn><sln:miejscIIPWersja>2016-11-24T08:36:36+02:00</sln:miejscIIPWersja><sln:miejscIdTeryt>0028205</sln:miejscIdTeryt><sln:miejscNazwa>Dołubowo</sln:miejscNazwa><sln:miejscRodzaj>Wieś</sln:miejscRodzaj><sln:powIIPId>91df982d-e4f0-4eb3-9f5c-a666d5eb9c5d</sln:powIIPId><sln:powIIPPn>PL.PZGIK.200</sln:powIIPPn><sln:powIIPWersja>2012-09-27T09:26:09+02:00</sln:powIIPWersja><sln:powIdTeryt>2010</sln:powIdTeryt><sln:powNazwa>siemiatycki</sln:powNazwa><sln:waznyOd>2015-04-16T00:00:00+02:00</sln:waznyOd><sln:wojIIPId>53ad7aea-d9d3-40c9-9a5c-ff737d5b076e</sln:wojIIPId><sln:wojIIPPn>PL.PZGIK.200</sln:wojIIPPn><sln:wojIIPWersja>2017-10-10T00:00:00+02:00</sln:wojIIPWersja><sln:wojIdTeryt>20</sln:wojIdTeryt><sln:wojNazwa>podlaskie</sln:wojNazwa></sln:miejscowosc><sln:miejscowosc><sln:cyklZyciaDo>2017-04-10T00:00:00+02:00</sln:cyklZyciaDo><sln:cyklZyciaOd>2015-06-08T00:00:00+02:00</sln:cyklZyciaOd><sln:gmIIPId>18376765-fcd8-4a71-8e0d-b5cab321f445</sln:gmIIPId><sln:gmIIPPn>PL.PZGIK.200</sln:gmIIPPn><sln:gmIIPWersja>2012-09-26T22:16:54+02:00</sln:gmIIPWersja><sln:gmIdTeryt>2010032</sln:gmIdTeryt><sln:gmNazwa>Dziadkowice</sln:gmNazwa><sln:miejscIIPId>52d81093-5fbe-4aa0-b190-1a30b95abde8</sln:miejscIIPId><sln:miejscIIPPn>PL.PZGIK.200</sln:miejscIIPPn><sln:miejscIIPWersja>2016-11-24T08:36:36+02:00</sln:miejscIIPWersja><sln:miejscIdTeryt>0028234</sln:miejscIdTeryt><sln:miejscNazwa>Dziadkowice</sln:miejscNazwa><sln:miejscRodzaj>Wieś</sln:miejscRodzaj><sln:powIIPId>91df982d-e4f0-4eb3-9f5c-a666d5eb9c5d</sln:powIIPId><sln:powIIPPn>PL.PZGIK.200</sln:powIIPPn><sln:powIIPWersja>2012-09-27T09:26:09+02:00</sln:powIIPWersja><sln:powIdTeryt>2010</sln:powIdTeryt><sln:powNazwa>siemiatycki</sln:powNazwa><sln:waznyOd>2015-04-16T00:00:00+02:00</sln:waznyOd><sln:wojIIPId>53ad7aea-d9d3-40c9-9a5c-ff737d5b076e</sln:wojIIPId><sln:wojIIPPn>PL.PZGIK.200</sln:wojIIPPn><sln:wojIIPWersja>2017-10-10T00:00:00+02:00</sln:wojIIPWersja><sln:wojIdTeryt>20</sln:wojIdTeryt><sln:wojNazwa>podlaskie</sln:wojNazwa></sln:miejscowosc><sln:miejscowosc><sln:cyklZyciaDo>2017-04-10T00:00:00+02:00</sln:cyklZyciaDo><sln:cyklZyciaOd>2015-06-08T00:00:00+02:00</sln:cyklZyciaOd><sln:gmIIPId>18376765-fcd8-4a71-8e0d-b5cab321f445</sln:gmIIPId><sln:gmIIPPn>PL.PZGIK.200</sln:gmIIPPn><sln:gmIIPWersja>2012-09-26T22:16:54+02:00</sln:gmIIPWersja><sln:gmIdTeryt>2010032</sln:gmIdTeryt><sln:gmNazwa>Dziadkowice</sln:gmNazwa><sln:miejscIIPId>9ffb1152-c66d-406a-9c0a-6633401262d6</sln:miejscIIPId><sln:miejscIIPPn>PL.PZGIK.200</sln:miejscIIPPn><sln:miejscIIPWersja>2016-11-24T08:36:36+02:00</sln:miejscIIPWersja><sln:miejscIdTeryt>0028240</sln:miejscIdTeryt><sln:miejscNazwa>Hornowo</sln:miejscNazwa><sln:miejscRodzaj>Wieś</sln:miejscRodzaj><sln:powIIPId>91df982d-e4f0-4eb3-9f5c-a666d5eb9c5d</sln:powIIPId><sln:powIIPPn>PL.PZGIK.200</sln:powIIPPn><sln:powIIPWersja>2012-09-27T09:26:09+02:00</sln:powIIPWersja><sln:powIdTeryt>2010</sln:powIdTeryt><sln:powNazwa>siemiatycki</sln:powNazwa><sln:waznyOd>2015-04-16T00:00:00+02:00</sln:waznyOd><sln:wojIIPId>53ad7aea-d9d3-40c9-9a5c-ff737d5b076e</sln:wojIIPId><sln:wojIIPPn>PL.PZGIK.200</sln:wojIIPPn><sln:wojIIPWersja>2017-10-10T00:00:00+02:00</sln:wojIIPWersja><sln:wojIdTeryt>20</sln:wojIdTeryt><sln:wojNazwa>podlaskie</sln:wojNazwa></sln:miejscowosc><sln:miejscowosc><sln:cyklZyciaDo>2017-04-10T00:00:00+02:00</sln:cyklZyciaDo><sln:cyklZyciaOd>2015-06-08T00:00:00+02:00</sln:cyklZyciaOd><sln:gmIIPId>18376765-fcd8-4a71-8e0d-b5cab321f445</sln:gmIIPId><sln:gmIIPPn>PL.PZGIK.200</sln:gmIIPPn><sln:gmIIPWersja>2012-09-26T22:16:54+02:00</sln:gmIIPWersja><sln:gmIdTeryt>2010032</sln:gmIdTeryt><sln:gmNazwa>Dziadkowice</sln:gmNazwa><sln:miejscIIPId>840552e1-1aaa-472e-9fb5-4597641264ee</sln:miejscIIPId><sln:miejscIIPPn>PL.PZGIK.200</sln:miejscIIPPn><sln:miejscIIPWersja>2016-11-24T08:36:36+02:00</sln:miejscIIPWersja><sln:miejscIdTeryt>0028257</sln:miejscIdTeryt><sln:miejscNazwa>Hornowszczyzna</sln:miejscNazwa><sln:miejscRodzaj>Wieś</sln:miejscRodzaj><sln:powIIPId>91df982d-e4f0-4eb3-9f5c-a666d5eb9c5d</sln:powIIPId><sln:powIIPPn>PL.PZGIK.200</sln:powIIPPn><sln:powIIPWersja>2012-09-27T09:26:09+02:00</sln:powIIPWersja><sln:powIdTeryt>2010</sln:powIdTeryt><sln:powNazwa>siemiatycki</sln:powNazwa><sln:waznyOd>2015-04-16T00:00:00+02:00</sln:waznyOd><sln:wojIIPId>53ad7aea-d9d3-40c9-9a5c-ff737d5b076e</sln:wojIIPId><sln:wojIIPPn>PL.PZGIK.200</sln:wojIIPPn><sln:wojIIPWersja>2017-10-10T00:00:00+02:00</sln:wojIIPWersja><sln:wojIdTeryt>20</sln:wojIdTeryt><sln:wojNazwa>podlaskie</sln:wojNazwa></sln:miejscowosc><sln:miejscowosc><sln:cyklZyciaOd>2017-04-10T00:00:00+02:00</sln:cyklZyciaOd><sln:gmIIPId>18376765-fcd8-4a71-8e0d-b5cab321f445</sln:gmIIPId><sln:gmIIPPn>PL.PZGIK.200</sln:gmIIPPn><sln:gmIIPWersja>2012-09-26T22:16:54+02:00</sln:gmIIPWersja><sln:gmIdTeryt>2010032</sln:gmIdTeryt><sln:gmNazwa>Dziadkowice</sln:gmNazwa><sln:miejscIIPId>ee986fae-91bf-4a99-abee-c8bbab27e414</sln:miejscIIPId><sln:miejscIIPPn>PL.PZGIK.200</sln:miejscIIPPn><sln:miejscIIPWersja>2017-04-10T16:39:00+02:00</sln:miejscIIPWersja><sln:miejscIdTeryt>0028180</sln:miejscIdTeryt><sln:miejscNazwa>Brzeziny-Janowięta</sln:miejscNazwa><sln:miejscRodzaj>Wieś</sln:miejscRodzaj><sln:powIIPId>91df982d-e4f0-4eb3-9f5c-a666d5eb9c5d</sln:powIIPId><sln:powIIPPn>PL.PZGIK.200</sln:powIIPPn><sln:powIIPWersja>2012-09-27T09:26:09+02:00</sln:powIIPWersja><sln:powIdTeryt>2010</sln:powIdTeryt><sln:powNazwa>siemiatycki</sln:powNazwa><sln:waznyOd>2015-04-16T00:00:00+02:00</sln:waznyOd><sln:wojIIPId>53ad7aea-d9d3-40c9-9a5c-ff737d5b076e</sln:wojIIPId><sln:wojIIPPn>PL.PZGIK.200</sln:wojIIPPn><sln:wojIIPWersja>2017-10-10T00:00:00+02:00</sln:wojIIPWersja><sln:wojIdTeryt>20</sln:wojIdTeryt><sln:wojNazwa>podlaskie</sln:wojNazwa></sln:miejscowosc><sln:miejscowosc><sln:cyklZyciaOd>2017-04-10T00:00:00+02:00</sln:cyklZyciaOd><sln:gmIIPId>18376765-fcd8-4a71-8e0d-b5cab321f445</sln:gmIIPId><sln:gmIIPPn>PL.PZGIK.200</sln:gmIIPPn><sln:gmIIPWersja>2012-09-26T22:16:54+02:00</sln:gmIIPWersja><sln:gmIdTeryt>2010032</sln:gmIdTeryt><sln:gmNazwa>Dziadkowice</sln:gmNazwa><sln:miejscIIPId>f6827a1a-75ba-409d-bfde-3b68b6f0122a</sln:miejscIIPId><sln:miejscIIPPn>PL.PZGIK.200</sln:miejscIIPPn><sln:miejscIIPWersja>2017-04-10T16:39:08+02:00</sln:miejscIIPWersja><sln:miejscIdTeryt>0028197</sln:miejscIdTeryt><sln:miejscNazwa>Brzeziny-Niedźwiadki</sln:miejscNazwa><sln:miejscRodzaj>Przysiółek</sln:miejscRodzaj><sln:powIIPId>91df982d-e4f0-4eb3-9f5c-a666d5eb9c5d</sln:powIIPId><sln:powIIPPn>PL.PZGIK.200</sln:powIIPPn><sln:powIIPWersja>2012-09-27T09:26:09+02:00</sln:powIIPWersja><sln:powIdTeryt>2010</sln:powIdTeryt><sln:powNazwa>siemiatycki</sln:powNazwa><sln:waznyOd>2015-04-16T00:00:00+02:00</sln:waznyOd><sln:wojIIPId>53ad7aea-d9d3-40c9-9a5c-ff737d5b076e</sln:wojIIPId><sln:wojIIPPn>PL.PZGIK.200</sln:wojIIPPn><sln:wojIIPWersja>2017-10-10T00:00:00+02:00</sln:wojIIPWersja><sln:wojIdTeryt>20</sln:wojIdTeryt><sln:wojNazwa>podlaskie</sln:wojNazwa></sln:miejscowosc><sln:miejscowosc><sln:cyklZyciaOd>2017-04-10T00:00:00+02:00</sln:cyklZyciaOd><sln:gmIIPId>18376765-fcd8-4a71-8e0d-b5cab321f445</sln:gmIIPId><sln:gmIIPPn>PL.PZGIK.200</sln:gmIIPPn><sln:gmIIPWersja>2012-09-26T22:16:54+02:00</sln:gmIIPWersja><sln:gmIdTeryt>2010032</sln:gmIdTeryt><sln:gmNazwa>Dziadkowice</sln:gmNazwa><sln:miejscIIPId>1d80966c-ef07-4db0-bbae-edceadb23201</sln:miejscIIPId><sln:miejscIIPPn>PL.PZGIK.200</sln:miejscIIPPn><sln:miejscIIPWersja>2017-04-10T16:39:08+02:00</sln:miejscIIPWersja><sln:miejscIdTeryt>0028205</sln:miejscIdTeryt><sln:miejscNazwa>Dołubowo</sln:miejscNazwa><sln:miejscRodzaj>Wieś</sln:miejscRodzaj><sln:powIIPId>91df982d-e4f0-4eb3-9f5c-a666d5eb9c5d</sln:powIIPId><sln:powIIPPn>PL.PZGIK.200</sln:powIIPPn><sln:powIIPWersja>2012-09-27T09:26:09+02:00</sln:powIIPWersja><sln:powIdTeryt>2010</sln:powIdTeryt><sln:powNazwa>siemiatycki</sln:powNazwa><sln:waznyOd>2015-04-16T00:00:00+02:00</sln:waznyOd><sln:wojIIPId>53ad7aea-d9d3-40c9-9a5c-ff737d5b076e</sln:wojIIPId><sln:wojIIPPn>PL.PZGIK.200</sln:wojIIPPn><sln:wojIIPWersja>2017-10-10T00:00:00+02:00</sln:wojIIPWersja><sln:wojIdTeryt>20</sln:wojIdTeryt><sln:wojNazwa>podlaskie</sln:wojNazwa></sln:miejscowosc><sln:miejscowosc><sln:cyklZyciaOd>2017-04-10T00:00:00+02:00</sln:cyklZyciaOd><sln:gmIIPId>18376765-fcd8-4a71-8e0d-b5cab321f445</sln:gmIIPId><sln:gmIIPPn>PL.PZGIK.200</sln:gmIIPPn><sln:gmIIPWersja>2012-09-26T22:16:54+02:00</sln:gmIIPWersja><sln:gmIdTeryt>2010032</sln:gmIdTeryt><sln:gmNazwa>Dziadkowice</sln:gmNazwa><sln:miejscIIPId>5319965e-5447-4c98-b804-57fe6e4cabb6</sln:miejscIIPId><sln:miejscIIPPn>PL.PZGIK.200</sln:miejscIIPPn><sln:miejscIIPWersja>2017-04-10T16:39:09+02:00</sln:miejscIIPWersja><sln:miejscIdTeryt>0028228</sln:miejscIdTeryt><sln:miejscNazwa>Chrościanka</sln:miejscNazwa><sln:miejscRodzaj>Kolonia</sln:miejscRodzaj><sln:powIIPId>91df982d-e4f0-4eb3-9f5c-a666d5eb9c5d</sln:powIIPId><sln:powIIPPn>PL.PZGIK.200</sln:powIIPPn><sln:powIIPWersja>2012-09-27T09:26:09+02:00</sln:powIIPWersja><sln:powIdTeryt>2010</sln:powIdTeryt><sln:powNazwa>siemiatycki</sln:powNazwa><sln:waznyOd>2015-04-16T00:00:00+02:00</sln:waznyOd><sln:wojIIPId>53ad7aea-d9d3-40c9-9a5c-ff737d5b076e</sln:wojIIPId><sln:wojIIPPn>PL.PZGIK.200</sln:wojIIPPn><sln:wojIIPWersja>2017-10-10T00:00:00+02:00</sln:wojIIPWersja><sln:wojIdTeryt>20</sln:wojIdTeryt><sln:wojNazwa>podlaskie</sln:wojNazwa></sln:miejscowosc><sln:miejscowosc><sln:cyklZyciaOd>2017-04-10T00:00:00+02:00</sln:cyklZyciaOd><sln:gmIIPId>18376765-fcd8-4a71-8e0d-b5cab321f445</sln:gmIIPId><sln:gmIIPPn>PL.PZGIK.200</sln:gmIIPPn><sln:gmIIPWersja>2012-09-26T22:16:54+02:00</sln:gmIIPWersja><sln:gmIdTeryt>2010032</sln:gmIdTeryt><sln:gmNazwa>Dziadkowice</sln:gmNazwa><sln:miejscIIPId>52d81093-5fbe-4aa0-b190-1a30b95abde8</sln:miejscIIPId><sln:miejscIIPPn>PL.PZGIK.200</sln:miejscIIPPn><sln:miejscIIPWersja>2017-04-10T16:39:09+02:00</sln:miejscIIPWersja><sln:miejscIdTeryt>0028234</sln:miejscIdTeryt><sln:miejscNazwa>Dziadkowice</sln:miejscNazwa><sln:miejscRodzaj>Wieś</sln:miejscRodzaj><sln:powIIPId>91df982d-e4f0-4eb3-9f5c-a666d5eb9c5d</sln:powIIPId><sln:powIIPPn>PL.PZGIK.200</sln:powIIPPn><sln:powIIPWersja>2012-09-27T09:26:09+02:00</sln:powIIPWersja><sln:powIdTeryt>2010</sln:powIdTeryt><sln:powNazwa>siemiatycki</sln:powNazwa><sln:waznyOd>2015-04-16T00:00:00+02:00</sln:waznyOd><sln:wojIIPId>53ad7aea-d9d3-40c9-9a5c-ff737d5b076e</sln:wojIIPId><sln:wojIIPPn>PL.PZGIK.200</sln:wojIIPPn><sln:wojIIPWersja>2017-10-10T00:00:00+02:00</sln:wojIIPWersja><sln:wojIdTeryt>20</sln:wojIdTeryt><sln:wojNazwa>podlaskie</sln:wojNazwa></sln:miejscowosc><sln:miejscowosc><sln:cyklZyciaOd>2017-04-10T00:00:00+02:00</sln:cyklZyciaOd><sln:gmIIPId>18376765-fcd8-4a71-8e0d-b5cab321f445</sln:gmIIPId><sln:gmIIPPn>PL.PZGIK.200</sln:gmIIPPn><sln:gmIIPWersja>2012-09-26T22:16:54+02:00</sln:gmIIPWersja><sln:gmIdTeryt>2010032</sln:gmIdTeryt><sln:gmNazwa>Dziadkowice</sln:gmNazwa><sln:miejscIIPId>9ffb1152-c66d-406a-9c0a-6633401262d6</sln:miejscIIPId><sln:miejscIIPPn>PL.PZGIK.200</sln:miejscIIPPn><sln:miejscIIPWersja>2017-04-10T16:39:09+02:00</sln:miejscIIPWersja><sln:miejscIdTeryt>0028240</sln:miejscIdTeryt><sln:miejscNazwa>Hornowo</sln:miejscNazwa><sln:miejscRodzaj>Wieś</sln:miejscRodzaj><sln:powIIPId>91df982d-e4f0-4eb3-9f5c-a666d5eb9c5d</sln:powIIPId><sln:powIIPPn>PL.PZGIK.200</sln:powIIPPn><sln:powIIPWersja>2012-09-27T09:26:09+02:00</sln:powIIPWersja><sln:powIdTeryt>2010</sln:powIdTeryt><sln:powNazwa>siemiatycki</sln:powNazwa><sln:waznyOd>2015-04-16T00:00:00+02:00</sln:waznyOd><sln:wojIIPId>53ad7aea-d9d3-40c9-9a5c-ff737d5b076e</sln:wojIIPId><sln:wojIIPPn>PL.PZGIK.200</sln:wojIIPPn><sln:wojIIPWersja>2017-10-10T00:00:00+02:00</sln:wojIIPWersja><sln:wojIdTeryt>20</sln:wojIdTeryt><sln:wojNazwa>podlaskie</sln:wojNazwa></sln:miejscowosc><sln:miejscowosc><sln:cyklZyciaOd>2017-04-10T00:00:00+02:00</sln:cyklZyciaOd><sln:gmIIPId>18376765-fcd8-4a71-8e0d-b5cab321f445</sln:gmIIPId><sln:gmIIPPn>PL.PZGIK.200</sln:gmIIPPn><sln:gmIIPWersja>2012-09-26T22:16:54+02:00</sln:gmIIPWersja><sln:gmIdTeryt>2010032</sln:gmIdTeryt><sln:gmNazwa>Dziadkowice</sln:gmNazwa><sln:miejscIIPId>840552e1-1aaa-472e-9fb5-4597641264ee</sln:miejscIIPId><sln:miejscIIPPn>PL.PZGIK.200</sln:miejscIIPPn><sln:miejscIIPWersja>2017-04-10T16:39:09+02:00</sln:miejscIIPWersja><sln:miejscIdTeryt>0028257</sln:miejscIdTeryt><sln:miejscNazwa>Hornowszczyzna</sln:miejscNazwa><sln:miejscRodzaj>Wieś</sln:miejscRodzaj><sln:powIIPId>91df982d-e4f0-4eb3-9f5c-a666d5eb9c5d</sln:powIIPId><sln:powIIPPn>PL.PZGIK.200</sln:powIIPPn><sln:powIIPWersja>2012-09-27T09:26:09+02:00</sln:powIIPWersja><sln:powIdTeryt>2010</sln:powIdTeryt><sln:powNazwa>siemiatycki</sln:powNazwa><sln:waznyOd>2015-04-16T00:00:00+02:00</sln:waznyOd><sln:wojIIPId>53ad7aea-d9d3-40c9-9a5c-ff737d5b076e</sln:wojIIPId><sln:wojIIPPn>PL.PZGIK.200</sln:wojIIPPn><sln:wojIIPWersja>2017-10-10T00:00:00+02:00</sln:wojIIPWersja><sln:wojIdTeryt>20</sln:wojIdTeryt><sln:wojNazwa>podlaskie</sln:wojNazwa></sln:miejscowosc><sln:miejscowosc><sln:cyklZyciaOd>2017-04-10T00:00:00+02:00</sln:cyklZyciaOd><sln:gmIIPId>18376765-fcd8-4a71-8e0d-b5cab321f445</sln:gmIIPId><sln:gmIIPPn>PL.PZGIK.200</sln:gmIIPPn><sln:gmIIPWersja>2012-09-26T22:16:54+02:00</sln:gmIIPWersja><sln:gmIdTeryt>2010032</sln:gmIdTeryt><sln:gmNazwa>Dziadkowice</sln:gmNazwa><sln:miejscIIPId>e3ad840c-bbde-442c-a73c-d8d13a95b586</sln:miejscIIPId><sln:miejscIIPPn>PL.PZGIK.200</sln:miejscIIPPn><sln:miejscIIPWersja>2017-04-10T16:39:09+02:00</sln:miejscIIPWersja><sln:miejscIdTeryt>0028263</sln:miejscIdTeryt><sln:miejscNazwa>Jasienówka</sln:miejscNazwa><sln:miejscRodzaj>Wieś</sln:miejscRodzaj><sln:powIIPId>91df982d-e4f0-4eb3-9f5c-a666d5eb9c5d</sln:powIIPId><sln:powIIPPn>PL.PZGIK.200</sln:powIIPPn><sln:powIIPWersja>2012-09-27T09:26:09+02:00</sln:powIIPWersja><sln:powIdTeryt>2010</sln:powIdTeryt><sln:powNazwa>siemiatycki</sln:powNazwa><sln:waznyOd>2015-04-16T00:00:00+02:00</sln:waznyOd><sln:wojIIPId>53ad7aea-d9d3-40c9-9a5c-ff737d5b076e</sln:wojIIPId><sln:wojIIPPn>PL.PZGIK.200</sln:wojIIPPn><sln:wojIIPWersja>2017-10-10T00:00:00+02:00</sln:wojIIPWersja><sln:wojIdTeryt>20</sln:wojIdTeryt><sln:wojNazwa>podlaskie</sln:wojNazwa></sln:miejscowosc><sln:miejscowosc><sln:cyklZyciaOd>2017-04-10T00:00:00+02:00</sln:cyklZyciaOd><sln:gmIIPId>18376765-fcd8-4a71-8e0d-b5cab321f445</sln:gmIIPId><sln:gmIIPPn>PL.PZGIK.200</sln:gmIIPPn><sln:gmIIPWersja>2012-09-26T22:16:54+02:00</sln:gmIIPWersja><sln:gmIdTeryt>2010032</sln:gmIdTeryt><sln:gmNazwa>Dziadkowice</sln:gmNazwa><sln:miejscIIPId>168b2e5d-87fa-4e52-9268-acf9e000706a</sln:miejscIIPId><sln:miejscIIPPn>PL.PZGIK.200</sln:miejscIIPPn><sln:miejscIIPWersja>2017-04-10T16:39:09+02:00</sln:miejscIIPWersja><sln:miejscIdTeryt>0028270</sln:miejscIdTeryt><sln:miejscNazwa>Mała Jasienówka</sln:miejscNazwa><sln:miejscRodzaj>Kolonia</sln:miejscRodzaj><sln:powIIPId>91df982d-e4f0-4eb3-9f5c-a666d5eb9c5d</sln:powIIPId><sln:powIIPPn>PL.PZGIK.200</sln:powIIPPn><sln:powIIPWersja>2012-09-27T09:26:09+02:00</sln:powIIPWersja><sln:powIdTeryt>2010</sln:powIdTeryt><sln:powNazwa>siemiatycki</sln:powNazwa><sln:waznyOd>2015-04-16T00:00:00+02:00</sln:waznyOd><sln:wojIIPId>53ad7aea-d9d3-40c9-9a5c-ff737d5b076e</sln:wojIIPId><sln:wojIIPPn>PL.PZGIK.200</sln:wojIIPPn><sln:wojIIPWersja>2017-10-10T00:00:00+02:00</sln:wojIIPWersja><sln:wojIdTeryt>20</sln:wojIdTeryt><sln:wojNazwa>podlaskie</sln:wojNazwa></sln:miejscowosc><sln:miejscowosc><sln:cyklZyciaOd>2017-04-10T00:00:00+02:00</sln:cyklZyciaOd><sln:gmIIPId>18376765-fcd8-4a71-8e0d-b5cab321f445</sln:gmIIPId><sln:gmIIPPn>PL.PZGIK.200</sln:gmIIPPn><sln:gmIIPWersja>2012-09-26T22:16:54+02:00</sln:gmIIPWersja><sln:gmIdTeryt>2010032</sln:gmIdTeryt><sln:gmNazwa>Dziadkowice</sln:gmNazwa><sln:miejscIIPId>0b04ccc7-ba16-4683-b698-953aa8a30ea7</sln:miejscIIPId><sln:miejscIIPPn>PL.PZGIK.200</sln:miejscIIPPn><sln:miejscIIPWersja>2017-04-10T16:39:09+02:00</sln:miejscIIPWersja><sln:miejscIdTeryt>0028286</sln:miejscIdTeryt><sln:miejscNazwa>Kąty</sln:miejscNazwa><sln:miejscRodzaj>Wieś</sln:miejscRodzaj><sln:powIIPId>91df982d-e4f0-4eb3-9f5c-a666d5eb9c5d</sln:powIIPId><sln:powIIPPn>PL.PZGIK.200</sln:powIIPPn><sln:powIIPWersja>2012-09-27T09:26:09+02:00</sln:powIIPWersja><sln:powIdTeryt>2010</sln:powIdTeryt><sln:powNazwa>siemiatycki</sln:powNazwa><sln:waznyOd>2015-04-16T00:00:00+02:00</sln:waznyOd><sln:wojIIPId>53ad7aea-d9d3-40c9-9a5c-ff737d5b076e</sln:wojIIPId><sln:wojIIPPn>PL.PZGIK.200</sln:wojIIPPn><sln:wojIIPWersja>2017-10-10T00:00:00+02:00</sln:wojIIPWersja><sln:wojIdTeryt>20</sln:wojIdTeryt><sln:wojNazwa>podlaskie</sln:wojNazwa></sln:miejscowosc><sln:miejscowosc><sln:cyklZyciaOd>2017-04-10T00:00:00+02:00</sln:cyklZyciaOd><sln:gmIIPId>18376765-fcd8-4a71-8e0d-b5cab321f445</sln:gmIIPId><sln:gmIIPPn>PL.PZGIK.200</sln:gmIIPPn><sln:gmIIPWersja>2012-09-26T22:16:54+02:00</sln:gmIIPWersja><sln:gmIdTeryt>2010032</sln:gmIdTeryt><sln:gmNazwa>Dziadkowice</sln:gmNazwa><sln:miejscIIPId>b6179b83-767c-4330-ab9e-c1098cb62d1b</sln:miejscIIPId><sln:miejscIIPPn>PL.PZGIK.200</sln:miejscIIPPn><sln:miejscIIPWersja>2017-04-10T16:39:09+02:00</sln:miejscIIPWersja><sln:miejscIdTeryt>0028292</sln:miejscIdTeryt><sln:miejscNazwa>Korzeniówka</sln:miejscNazwa><sln:miejscRodzaj>Wieś</sln:miejscRodzaj><sln:powIIPId>91df982d-e4f0-4eb3-9f5c-a666d5eb9c5d</sln:powIIPId><sln:powIIPPn>PL.PZGIK.200</sln:powIIPPn><sln:powIIPWersja>2012-09-27T09:26:09+02:00</sln:powIIPWersja><sln:powIdTeryt>2010</sln:powIdTeryt><sln:powNazwa>siemiatycki</sln:powNazwa><sln:waznyOd>2015-04-16T00:00:00+02:00</sln:waznyOd><sln:wojIIPId>53ad7aea-d9d3-40c9-9a5c-ff737d5b076e</sln:wojIIPId><sln:wojIIPPn>PL.PZGIK.200</sln:wojIIPPn><sln:wojIIPWersja>2017-10-10T00:00:00+02:00</sln:wojIIPWersja><sln:wojIdTeryt>20</sln:wojIdTeryt><sln:wojNazwa>podlaskie</sln:wojNazwa></sln:miejscowosc><sln:miejscowosc><sln:cyklZyciaOd>2017-04-10T00:00:00+02:00</sln:cyklZyciaOd><sln:gmIIPId>18376765-fcd8-4a71-8e0d-b5cab321f445</sln:gmIIPId><sln:gmIIPPn>PL.PZGIK.200</sln:gmIIPPn><sln:gmIIPWersja>2012-09-26T22:16:54+02:00</sln:gmIIPWersja><sln:gmIdTeryt>2010032</sln:gmIdTeryt><sln:gmNazwa>Dziadkowice</sln:gmNazwa><sln:miejscIIPId>254035da-5aed-4a36-b964-1714dd7b7712</sln:miejscIIPId><sln:miejscIIPPn>PL.PZGIK.200</sln:miejscIIPPn><sln:miejscIIPWersja>2017-04-10T16:39:09+02:00</sln:miejscIIPWersja><sln:miejscIdTeryt>0028300</sln:miejscIdTeryt><sln:miejscNazwa>Lipiny</sln:miejscNazwa><sln:miejscRodzaj>Wieś</sln:miejscRodzaj><sln:powIIPId>91df982d-e4f0-4eb3-9f5c-a666d5eb9c5d</sln:powIIPId><sln:powIIPPn>PL.PZGIK.200</sln:powIIPPn><sln:powIIPWersja>2012-09-27T09:26:09+02:00</sln:powIIPWersja><sln:powIdTeryt>2010</sln:powIdTeryt><sln:powNazwa>siemiatycki</sln:powNazwa><sln:waznyOd>2015-04-16T00:00:00+02:00</sln:waznyOd><sln:wojIIPId>53ad7aea-d9d3-40c9-9a5c-ff737d5b076e</sln:wojIIPId><sln:wojIIPPn>PL.PZGIK.200</sln:wojIIPPn><sln:wojIIPWersja>2017-10-10T00:00:00+02:00</sln:wojIIPWersja><sln:wojIdTeryt>20</sln:wojIdTeryt><sln:wojNazwa>podlaskie</sln:wojNazwa></sln:miejscowosc><sln:miejscowosc><sln:cyklZyciaOd>2017-04-10T00:00:00+02:00</sln:cyklZyciaOd><sln:gmIIPId>18376765-fcd8-4a71-8e0d-b5cab321f445</sln:gmIIPId><sln:gmIIPPn>PL.PZGIK.200</sln:gmIIPPn><sln:gmIIPWersja>2012-09-26T22:16:54+02:00</sln:gmIIPWersja><sln:gmIdTeryt>2010032</sln:gmIdTeryt><sln:gmNazwa>Dziadkowice</sln:gmNazwa><sln:miejscIIPId>88c58750-264a-40fd-84fe-b75a958e0f24</sln:miejscIIPId><sln:miejscIIPPn>PL.PZGIK.200</sln:miejscIIPPn><sln:miejscIIPWersja>2017-04-10T16:39:09+02:00</sln:miejscIIPWersja><sln:miejscIdTeryt>0028317</sln:miejscIdTeryt><sln:miejscNazwa>Malewice</sln:miejscNazwa><sln:miejscRodzaj>Wieś</sln:miejscRodzaj><sln:powIIPId>91df982d-e4f0-4eb3-9f5c-a666d5eb9c5d</sln:powIIPId><sln:powIIPPn>PL.PZGIK.200</sln:powIIPPn><sln:powIIPWersja>2012-09-27T09:26:09+02:00</sln:powIIPWersja><sln:powIdTeryt>2010</sln:powIdTeryt><sln:powNazwa>siemiatycki</sln:powNazwa><sln:waznyOd>2015-04-16T00:00:00+02:00</sln:waznyOd><sln:wojIIPId>53ad7aea-d9d3-40c9-9a5c-ff737d5b076e</sln:wojIIPId><sln:wojIIPPn>PL.PZGIK.200</sln:wojIIPPn><sln:wojIIPWersja>2017-10-10T00:00:00+02:00</sln:wojIIPWersja><sln:wojIdTeryt>20</sln:wojIdTeryt><sln:wojNazwa>podlaskie</sln:wojNazwa></sln:miejscowosc><sln:miejscowosc><sln:cyklZyciaOd>2017-04-10T00:00:00+02:00</sln:cyklZyciaOd><sln:gmIIPId>18376765-fcd8-4a71-8e0d-b5cab321f445</sln:gmIIPId><sln:gmIIPPn>PL.PZGIK.200</sln:gmIIPPn><sln:gmIIPWersja>2012-09-26T22:16:54+02:00</sln:gmIIPWersja><sln:gmIdTeryt>2010032</sln:gmIdTeryt><sln:gmNazwa>Dziadkowice</sln:gmNazwa><sln:miejscIIPId>e38a9580-e0c6-4310-b6c6-668d28a90d12</sln:miejscIIPId><sln:miejscIIPPn>PL.PZGIK.200</sln:miejscIIPPn><sln:miejscIIPWersja>2017-04-10T16:39:09+02:00</sln:miejscIIPWersja><sln:miejscIdTeryt>0028323</sln:miejscIdTeryt><sln:miejscNazwa>Malinowo</sln:miejscNazwa><sln:miejscRodzaj>Wieś</sln:miejscRodzaj><sln:powIIPId>91df982d-e4f0-4eb3-9f5c-a666d5eb9c5d</sln:powIIPId><sln:powIIPPn>PL.PZGIK.200</sln:powIIPPn><sln:powIIPWersja>2012-09-27T09:26:09+02:00</sln:powIIPWersja><sln:powIdTeryt>2010</sln:powIdTeryt><sln:powNazwa>siemiatycki</sln:powNazwa><sln:waznyOd>2015-04-16T00:00:00+02:00</sln:waznyOd><sln:wojIIPId>53ad7aea-d9d3-40c9-9a5c-ff737d5b076e</sln:wojIIPId><sln:wojIIPPn>PL.PZGIK.200</sln:wojIIPPn><sln:wojIIPWersja>2017-10-10T00:00:00+02:00</sln:wojIIPWersja><sln:wojIdTeryt>20</sln:wojIdTeryt><sln:wojNazwa>podlaskie</sln:wojNazwa></sln:miejscowosc><sln:miejscowosc><sln:cyklZyciaOd>2017-04-10T00:00:00+02:00</sln:cyklZyciaOd><sln:gmIIPId>18376765-fcd8-4a71-8e0d-b5cab321f445</sln:gmIIPId><sln:gmIIPPn>PL.PZGIK.200</sln:gmIIPPn><sln:gmIIPWersja>2012-09-26T22:16:54+02:00</sln:gmIIPWersja><sln:gmIdTeryt>2010032</sln:gmIdTeryt><sln:gmNazwa>Dziadkowice</sln:gmNazwa><sln:miejscIIPId>b9012f58-e16e-4e46-86bd-d19a03cf230f</sln:miejscIIPId><sln:miejscIIPPn>PL.PZGIK.200</sln:miejscIIPPn><sln:miejscIIPWersja>2017-04-10T16:39:09+02:00</sln:miejscIIPWersja><sln:miejscIdTeryt>0028330</sln:miejscIdTeryt><sln:miejscNazwa>Osmola</sln:miejscNazwa><sln:miejscRodzaj>Wieś</sln:miejscRodzaj><sln:powIIPId>91df982d-e4f0-4eb3-9f5c-a666d5eb9c5d</sln:powIIPId><sln:powIIPPn>PL.PZGIK.200</sln:powIIPPn><sln:powIIPWersja>2012-09-27T09:26:09+02:00</sln:powIIPWersja><sln:powIdTeryt>2010</sln:powIdTeryt><sln:powNazwa>siemiatycki</sln:powNazwa><sln:waznyOd>2015-04-16T00:00:00+02:00</sln:waznyOd><sln:wojIIPId>53ad7aea-d9d3-40c9-9a5c-ff737d5b076e</sln:wojIIPId><sln:wojIIPPn>PL.PZGIK.200</sln:wojIIPPn><sln:wojIIPWersja>2017-10-10T00:00:00+02:00</sln:wojIIPWersja><sln:wojIdTeryt>20</sln:wojIdTeryt><sln:wojNazwa>podlaskie</sln:wojNazwa></sln:miejscowosc><sln:miejscowosc><sln:cyklZyciaOd>2017-04-10T00:00:00+02:00</sln:cyklZyciaOd><sln:gmIIPId>18376765-fcd8-4a71-8e0d-b5cab321f445</sln:gmIIPId><sln:gmIIPPn>PL.PZGIK.200</sln:gmIIPPn><sln:gmIIPWersja>2012-09-26T22:16:54+02:00</sln:gmIIPWersja><sln:gmIdTeryt>2010032</sln:gmIdTeryt><sln:gmNazwa>Dziadkowice</sln:gmNazwa><sln:miejscIIPId>2311bfa2-0ab1-4c49-8fec-3419eeeaf049</sln:miejscIIPId><sln:miejscIIPPn>PL.PZGIK.200</sln:miejscIIPPn><sln:miejscIIPWersja>2017-04-10T16:39:09+02:00</sln:miejscIIPWersja><sln:miejscIdTeryt>0028346</sln:miejscIdTeryt><sln:miejscNazwa>Smolugi</sln:miejscNazwa><sln:miejscRodzaj>Wieś</sln:miejscRodzaj><sln:powIIPId>91df982d-e4f0-4eb3-9f5c-a666d5eb9c5d</sln:powIIPId><sln:powIIPPn>PL.PZGIK.200</sln:powIIPPn><sln:powIIPWersja>2012-09-27T09:26:09+02:00</sln:powIIPWersja><sln:powIdTeryt>2010</sln:powIdTeryt><sln:powNazwa>siemiatycki</sln:powNazwa><sln:waznyOd>2015-04-16T00:00:00+02:00</sln:waznyOd><sln:wojIIPId>53ad7aea-d9d3-40c9-9a5c-ff737d5b076e</sln:wojIIPId><sln:wojIIPPn>PL.PZGIK.200</sln:wojIIPPn><sln:wojIIPWersja>2017-10-10T00:00:00+02:00</sln:wojIIPWersja><sln:wojIdTeryt>20</sln:wojIdTeryt><sln:wojNazwa>podlaskie</sln:wojNazwa></sln:miejscowosc><sln:miejscowosc><sln:cyklZyciaOd>2017-04-10T00:00:00+02:00</sln:cyklZyciaOd><sln:gmIIPId>18376765-fcd8-4a71-8e0d-b5cab321f445</sln:gmIIPId><sln:gmIIPPn>PL.PZGIK.200</sln:gmIIPPn><sln:gmIIPWersja>2012-09-26T22:16:54+02:00</sln:gmIIPWersja><sln:gmIdTeryt>2010032</sln:gmIdTeryt><sln:gmNazwa>Dziadkowice</sln:gmNazwa><sln:miejscIIPId>c67d3cf3-ff48-4b5d-9587-e196ff81a54d</sln:miejscIIPId><sln:miejscIIPPn>PL.PZGIK.200</sln:miejscIIPPn><sln:miejscIIPWersja>2017-04-10T16:39:10+02:00</sln:miejscIIPWersja><sln:miejscIdTeryt>0028352</sln:miejscIdTeryt><sln:miejscNazwa>Wojeniec</sln:miejscNazwa><sln:miejscRodzaj>Wieś</sln:miejscRodzaj><sln:powIIPId>91df982d-e4f0-4eb3-9f5c-a666d5eb9c5d</sln:powIIPId><sln:powIIPPn>PL.PZGIK.200</sln:powIIPPn><sln:powIIPWersja>2012-09-27T09:26:09+02:00</sln:powIIPWersja><sln:powIdTeryt>2010</sln:powIdTeryt><sln:powNazwa>siemiatycki</sln:powNazwa><sln:waznyOd>2015-04-16T00:00:00+02:00</sln:waznyOd><sln:wojIIPId>53ad7aea-d9d3-40c9-9a5c-ff737d5b076e</sln:wojIIPId><sln:wojIIPPn>PL.PZGIK.200</sln:wojIIPPn><sln:wojIIPWersja>2017-10-10T00:00:00+02:00</sln:wojIIPWersja><sln:wojIdTeryt>20</sln:wojIdTeryt><sln:wojNazwa>podlaskie</sln:wojNazwa></sln:miejscowosc><sln:miejscowosc><sln:cyklZyciaOd>2017-04-10T00:00:00+02:00</sln:cyklZyciaOd><sln:gmIIPId>18376765-fcd8-4a71-8e0d-b5cab321f445</sln:gmIIPId><sln:gmIIPPn>PL.PZGIK.200</sln:gmIIPPn><sln:gmIIPWersja>2012-09-26T22:16:54+02:00</sln:gmIIPWersja><sln:gmIdTeryt>2010032</sln:gmIdTeryt><sln:gmNazwa>Dziadkowice</sln:gmNazwa><sln:miejscIIPId>0914f679-40f8-4c7e-954f-298d3d0050c7</sln:miejscIIPId><sln:miejscIIPPn>PL.PZGIK.200</sln:miejscIIPPn><sln:miejscIIPWersja>2017-04-10T16:39:10+02:00</sln:miejscIIPWersja><sln:miejscIdTeryt>0028369</sln:miejscIdTeryt><sln:miejscNazwa>Zaminowo</sln:miejscNazwa><sln:miejscRodzaj>Wieś</sln:miejscRodzaj><sln:powIIPId>91df982d-e4f0-4eb3-9f5c-a666d5eb9c5d</sln:powIIPId><sln:powIIPPn>PL.PZGIK.200</sln:powIIPPn><sln:powIIPWersja>2012-09-27T09:26:09+02:00</sln:powIIPWersja><sln:powIdTeryt>2010</sln:powIdTeryt><sln:powNazwa>siemiatycki</sln:powNazwa><sln:waznyOd>2015-04-16T00:00:00+02:00</sln:waznyOd><sln:wojIIPId>53ad7aea-d9d3-40c9-9a5c-ff737d5b076e</sln:wojIIPId><sln:wojIIPPn>PL.PZGIK.200</sln:wojIIPPn><sln:wojIIPWersja>2017-10-10T00:00:00+02:00</sln:wojIIPWersja><sln:wojIdTeryt>20</sln:wojIdTeryt><sln:wojNazwa>podlaskie</sln:wojNazwa></sln:miejscowosc><sln:miejscowosc><sln:cyklZyciaOd>2017-04-10T00:00:00+02:00</sln:cyklZyciaOd><sln:gmIIPId>18376765-fcd8-4a71-8e0d-b5cab321f445</sln:gmIIPId><sln:gmIIPPn>PL.PZGIK.200</sln:gmIIPPn><sln:gmIIPWersja>2012-09-26T22:16:54+02:00</sln:gmIIPWersja><sln:gmIdTeryt>2010032</sln:gmIdTeryt><sln:gmNazwa>Dziadkowice</sln:gmNazwa><sln:miejscIIPId>172c3654-8411-4654-a9c0-e4b46a1df168</sln:miejscIIPId><sln:miejscIIPPn>PL.PZGIK.200</sln:miejscIIPPn><sln:miejscIIPWersja>2017-04-10T16:39:10+02:00</sln:miejscIIPWersja><sln:miejscIdTeryt>0028375</sln:miejscIdTeryt><sln:miejscNazwa>Zaporośl</sln:miejscNazwa><sln:miejscRodzaj>Przysiółek</sln:miejscRodzaj><sln:powIIPId>91df982d-e4f0-4eb3-9f5c-a666d5eb9c5d</sln:powIIPId><sln:powIIPPn>PL.PZGIK.200</sln:powIIPPn><sln:powIIPWersja>2012-09-27T09:26:09+02:00</sln:powIIPWersja><sln:powIdTeryt>2010</sln:powIdTeryt><sln:powNazwa>siemiatycki</sln:powNazwa><sln:waznyOd>2015-04-16T00:00:00+02:00</sln:waznyOd><sln:wojIIPId>53ad7aea-d9d3-40c9-9a5c-ff737d5b076e</sln:wojIIPId><sln:wojIIPPn>PL.PZGIK.200</sln:wojIIPPn><sln:wojIIPWersja>2017-10-10T00:00:00+02:00</sln:wojIIPWersja><sln:wojIdTeryt>20</sln:wojIdTeryt><sln:wojNazwa>podlaskie</sln:wojNazwa></sln:miejscowosc><sln:miejscowosc><sln:cyklZyciaOd>2017-04-10T00:00:00+02:00</sln:cyklZyciaOd><sln:gmIIPId>18376765-fcd8-4a71-8e0d-b5cab321f445</sln:gmIIPId><sln:gmIIPPn>PL.PZGIK.200</sln:gmIIPPn><sln:gmIIPWersja>2012-09-26T22:16:54+02:00</sln:gmIIPWersja><sln:gmIdTeryt>2010032</sln:gmIdTeryt><sln:gmNazwa>Dziadkowice</sln:gmNazwa><sln:miejscIIPId>e5f707c2-8b4d-42fc-be25-450ac122c131</sln:miejscIIPId><sln:miejscIIPPn>PL.PZGIK.200</sln:miejscIIPPn><sln:miejscIIPWersja>2017-04-10T16:39:10+02:00</sln:miejscIIPWersja><sln:miejscIdTeryt>0028381</sln:miejscIdTeryt><sln:miejscNazwa>Zaręby</sln:miejscNazwa><sln:miejscRodzaj>Wieś</sln:miejscRodzaj><sln:powIIPId>91df982d-e4f0-4eb3-9f5c-a666d5eb9c5d</sln:powIIPId><sln:powIIPPn>PL.PZGIK.200</sln:powIIPPn><sln:powIIPWersja>2012-09-27T09:26:09+02:00</sln:powIIPWersja><sln:powIdTeryt>2010</sln:powIdTeryt><sln:powNazwa>siemiatycki</sln:powNazwa><sln:waznyOd>2015-04-16T00:00:00+02:00</sln:waznyOd><sln:wojIIPId>53ad7aea-d9d3-40c9-9a5c-ff737d5b076e</sln:wojIIPId><sln:wojIIPPn>PL.PZGIK.200</sln:wojIIPPn><sln:wojIIPWersja>2017-10-10T00:00:00+02:00</sln:wojIIPWersja><sln:wojIdTeryt>20</sln:wojIdTeryt><sln:wojNazwa>podlaskie</sln:wojNazwa></sln:miejscowosc><sln:miejscowosc><sln:cyklZyciaOd>2017-04-10T00:00:00+02:00</sln:cyklZyciaOd><sln:gmIIPId>18376765-fcd8-4a71-8e0d-b5cab321f445</sln:gmIIPId><sln:gmIIPPn>PL.PZGIK.200</sln:gmIIPPn><sln:gmIIPWersja>2012-09-26T22:16:54+02:00</sln:gmIIPWersja><sln:gmIdTeryt>2010032</sln:gmIdTeryt><sln:gmNazwa>Dziadkowice</sln:gmNazwa><sln:miejscIIPId>9cc6441a-b2b3-4843-8bd1-0a2bb560f01e</sln:miejscIIPId><sln:miejscIIPPn>PL.PZGIK.200</sln:miejscIIPPn><sln:miejscIIPWersja>2017-04-10T16:39:10+02:00</sln:miejscIIPWersja><sln:miejscIdTeryt>0028398</sln:miejscIdTeryt><sln:miejscNazwa>Żuniewo</sln:miejscNazwa><sln:miejscRodzaj>Przysiółek</sln:miejscRodzaj><sln:powIIPId>91df982d-e4f0-4eb3-9f5c-a666d5eb9c5d</sln:powIIPId><sln:powIIPPn>PL.PZGIK.200</sln:powIIPPn><sln:powIIPWersja>2012-09-27T09:26:09+02:00</sln:powIIPWersja><sln:powIdTeryt>2010</sln:powIdTeryt><sln:powNazwa>siemiatycki</sln:powNazwa><sln:waznyOd>2015-04-16T00:00:00+02:00</sln:waznyOd><sln:wojIIPId>53ad7aea-d9d3-40c9-9a5c-ff737d5b076e</sln:wojIIPId><sln:wojIIPPn>PL.PZGIK.200</sln:wojIIPPn><sln:wojIIPWersja>2017-10-10T00:00:00+02:00</sln:wojIIPWersja><sln:wojIdTeryt>20</sln:wojIdTeryt><sln:wojNazwa>podlaskie</sln:wojNazwa></sln:miejscowosc><sln:miejscowosc><sln:cyklZyciaOd>2017-04-10T00:00:00+02:00</sln:cyklZyciaOd><sln:gmIIPId>18376765-fcd8-4a71-8e0d-b5cab321f445</sln:gmIIPId><sln:gmIIPPn>PL.PZGIK.200</sln:gmIIPPn><sln:gmIIPWersja>2012-09-26T22:16:54+02:00</sln:gmIIPWersja><sln:gmIdTeryt>2010032</sln:gmIdTeryt><sln:gmNazwa>Dziadkowice</sln:gmNazwa><sln:miejscIIPId>3a0c6a31-5bef-4fa3-8144-45617ec11e89</sln:miejscIIPId><sln:miejscIIPPn>PL.PZGIK.200</sln:miejscIIPPn><sln:miejscIIPWersja>2017-04-10T16:39:10+02:00</sln:miejscIIPWersja><sln:miejscIdTeryt>0028406</sln:miejscIdTeryt><sln:miejscNazwa>Żurobice</sln:miejscNazwa><sln:miejscRodzaj>Wieś</sln:miejscRodzaj><sln:powIIPId>91df982d-e4f0-4eb3-9f5c-a666d5eb9c5d</sln:powIIPId><sln:powIIPPn>PL.PZGIK.200</sln:powIIPPn><sln:powIIPWersja>2012-09-27T09:26:09+02:00</sln:powIIPWersja><sln:powIdTeryt>2010</sln:powIdTeryt><sln:powNazwa>siemiatycki</sln:powNazwa><sln:waznyOd>2015-04-16T00:00:00+02:00</sln:waznyOd><sln:wojIIPId>53ad7aea-d9d3-40c9-9a5c-ff737d5b076e</sln:wojIIPId><sln:wojIIPPn>PL.PZGIK.200</sln:wojIIPPn><sln:wojIIPWersja>2017-10-10T00:00:00+02:00</sln:wojIIPWersja><sln:wojIdTeryt>20</sln:wojIdTeryt><sln:wojNazwa>podlaskie</sln:wojNazwa></sln:miejscowosc></sln:lista-miejscowosci>