<?xml version="1.0" encoding="UTF-8" standalone="yes"?><sln:lista-miejscowosci xmlns:srv="http://gugik.gov.pl/schemas/slowniki-service/1.0" xmlns:sln="http://gugik.gov.pl/schemas/slowniki-schema/1.0"><sln:miejscowosc><sln:cyklZyciaDo>2018-03-29T00:00:00+02:00</sln:cyklZyciaDo><sln:cyklZyciaOd>2016-04-18T00:00:00+02:00</sln:cyklZyciaOd><sln:gmIIPId>9c3ad9fb-2505-4de5-8f01-d68f671e3732</sln:gmIIPId><sln:gmIIPPn>PL.PZGIK.200</sln:gmIIPPn><sln:gmIIPWersja>T11:14:33+02:00</sln:gmIIPWersja><sln:gmIdTeryt>2061011</sln:gmIdTeryt><sln:gmNazwa>Białystok</sln:gmNazwa><sln:miejscIIPId>2725096d-7df9-4a7d-a43d-f35864504701</sln:miejscIIPId><sln:miejscIIPPn>PL.PZGIK.200</sln:miejscIIPPn><sln:miejscIIPWersja>2016-11-24T14:10:30+02:00</sln:miejscIIPWersja><sln:miejscIdTeryt>0922410</sln:miejscIdTeryt><sln:miejscNazwa>Białystok</sln:miejscNazwa><sln:miejscRodzaj>Inny obiekt</sln:miejscRodzaj><sln:powIIPId>495a2fe7-0752-4286-ae90-ba3d353deab4</sln:powIIPId><sln:powIIPPn>PL.PZGIK.200</sln:powIIPPn><sln:powIIPWersja>2012-09-27T09:26:09+02:00</sln:powIIPWersja><sln:powIdTeryt>2061</sln:powIdTeryt><sln:powNazwa>Białystok</sln:powNazwa><sln:wojIIPId>53ad7aea-d9d3-40c9-9a5c-ff737d5b076e</sln:wojIIPId><sln:wojIIPPn>PL.PZGIK.200</sln:wojIIPPn><sln:wojIIPWersja>2017-10-10T00:00:00+02:00</sln:wojIIPWersja><sln:wojIdTeryt>20</sln:wojIdTeryt><sln:wojNazwa>podlaskie</sln:wojNazwa></sln:miejscowosc><sln:miejscowosc><sln:cyklZyciaOd>2018-03-29T00:00:00+02:00</sln:cyklZyciaOd><sln:gmIIPId>9c3ad9fb-2505-4de5-8f01-d68f671e3732</sln:gmIIPId><sln:gmIIPPn>PL.PZGIK.200</sln:gmIIPPn><sln:gmIIPWersja>T11:14:33+02:00</sln:gmIIPWersja><sln:gmIdTeryt>2061011</sln:gmIdTeryt><sln:gmNazwa>Białystok</sln:gmNazwa><sln:miejscIIPId>fdbf714c-2a34-4542-abf6-08f410cdf6fc</sln:miejscIIPId><sln:miejscIIPPn>PL.PZGIK.200</sln:miejscIIPPn><sln:miejscIIPWersja>2018-03-29T14:59:16+02:00</sln:miejscIIPWersja><sln:miejscIdTeryt>0922410</sln:miejscIdTeryt><sln:miejscNazwa>Białystok</sln:miejscNazwa><sln:miejscRodzaj>Inny obiekt</sln:miejscRodzaj><sln:powIIPId>495a2fe7-0752-4286-ae90-ba3d353deab4</sln:powIIPId><sln:powIIPPn>PL.PZGIK.200</sln:powIIPPn><sln:powIIPWersja>2012-09-27T09:26:09+02:00</sln:powIIPWersja><sln:powIdTeryt>2061</sln:powIdTeryt><sln:powNazwa>Białystok</sln:powNazwa><sln:wojIIPId>53ad7aea-d9d3-40c9-9a5c-ff737d5b076e</sln:wojIIPId><sln:wojIIPPn>PL.PZGIK.200</sln:wojIIPPn><sln:wojIIPWersja>2017-10-10T00:00:00+02:00</sln:wojIIPWersja><sln:wojIdTeryt>20</sln:wojIdTeryt><sln:wojNazwa>podlaskie</sln:wojNazwa></sln:miejscowosc></sln:lista-miejscowosci>