<?xml version="1.0" encoding="UTF-8" standalone="yes"?><sln:lista-miejscowosci xmlns:srv="http://gugik.gov.pl/schemas/slowniki-service/1.0" xmlns:sln="http://gugik.gov.pl/schemas/slowniki-schema/1.0"><sln:miejscowosc><sln:cyklZyciaDo>2017-04-10T00:00:00+02:00</sln:cyklZyciaDo><sln:cyklZyciaOd>2015-10-08T00:00:00+02:00</sln:cyklZyciaOd><sln:gmIIPId>9aa25896-114c-422a-96d2-a6a974acd47c</sln:gmIIPId><sln:gmIIPPn>PL.PZGIK.200</sln:gmIIPPn><sln:gmIIPWersja>2012-09-26T22:15:00+02:00</sln:gmIIPWersja><sln:gmIdTeryt>2002082</sln:gmIdTeryt><sln:gmNazwa>Poświętne</sln:gmNazwa><sln:miejscIIPId>3e4438cd-dbce-450d-ad01-a72af4a900bf</sln:miejscIIPId><sln:miejscIIPPn>PL.PZGIK.200</sln:miejscIIPPn><sln:miejscIIPWersja>2016-11-24T08:44:27+02:00</sln:miejscIIPWersja><sln:miejscIdTeryt>0038385</sln:miejscIdTeryt><sln:miejscNazwa>Brzozowo-Antonie</sln:miejscNazwa><sln:miejscRodzaj>Wieś</sln:miejscRodzaj><sln:powIIPId>c41931d3-4548-44da-b120-b57d20afe592</sln:powIIPId><sln:powIIPPn>PL.PZGIK.200</sln:powIIPPn><sln:powIIPWersja>2017-10-10T00:00:00+02:00</sln:powIIPWersja><sln:powIdTeryt>2002</sln:powIdTeryt><sln:powNazwa>białostocki</sln:powNazwa><sln:waznyOd>2012-12-11T00:00:00+01:00</sln:waznyOd><sln:wojIIPId>53ad7aea-d9d3-40c9-9a5c-ff737d5b076e</sln:wojIIPId><sln:wojIIPPn>PL.PZGIK.200</sln:wojIIPPn><sln:wojIIPWersja>2017-10-10T00:00:00+02:00</sln:wojIIPWersja><sln:wojIdTeryt>20</sln:wojIdTeryt><sln:wojNazwa>podlaskie</sln:wojNazwa></sln:miejscowosc><sln:miejscowosc><sln:cyklZyciaDo>2017-04-10T00:00:00+02:00</sln:cyklZyciaDo><sln:cyklZyciaOd>2015-10-08T00:00:00+02:00</sln:cyklZyciaOd><sln:gmIIPId>9aa25896-114c-422a-96d2-a6a974acd47c</sln:gmIIPId><sln:gmIIPPn>PL.PZGIK.200</sln:gmIIPPn><sln:gmIIPWersja>2012-09-26T22:15:00+02:00</sln:gmIIPWersja><sln:gmIdTeryt>2002082</sln:gmIdTeryt><sln:gmNazwa>Poświętne</sln:gmNazwa><sln:miejscIIPId>54b47dfd-8f58-4192-bdf9-f0fb67d1d17d</sln:miejscIIPId><sln:miejscIIPPn>PL.PZGIK.200</sln:miejscIIPPn><sln:miejscIIPWersja>2016-11-24T08:44:27+02:00</sln:miejscIIPWersja><sln:miejscIdTeryt>0038391</sln:miejscIdTeryt><sln:miejscNazwa>Brzozowo-Chabdy</sln:miejscNazwa><sln:miejscRodzaj>Wieś</sln:miejscRodzaj><sln:powIIPId>c41931d3-4548-44da-b120-b57d20afe592</sln:powIIPId><sln:powIIPPn>PL.PZGIK.200</sln:powIIPPn><sln:powIIPWersja>2017-10-10T00:00:00+02:00</sln:powIIPWersja><sln:powIdTeryt>2002</sln:powIdTeryt><sln:powNazwa>białostocki</sln:powNazwa><sln:waznyOd>2012-12-11T00:00:00+01:00</sln:waznyOd><sln:wojIIPId>53ad7aea-d9d3-40c9-9a5c-ff737d5b076e</sln:wojIIPId><sln:wojIIPPn>PL.PZGIK.200</sln:wojIIPPn><sln:wojIIPWersja>2017-10-10T00:00:00+02:00</sln:wojIIPWersja><sln:wojIdTeryt>20</sln:wojIdTeryt><sln:wojNazwa>podlaskie</sln:wojNazwa></sln:miejscowosc><sln:miejscowosc><sln:cyklZyciaDo>2017-04-10T00:00:00+02:00</sln:cyklZyciaDo><sln:cyklZyciaOd>2015-10-08T00:00:00+02:00</sln:cyklZyciaOd><sln:gmIIPId>9aa25896-114c-422a-96d2-a6a974acd47c</sln:gmIIPId><sln:gmIIPPn>PL.PZGIK.200</sln:gmIIPPn><sln:gmIIPWersja>2012-09-26T22:15:00+02:00</sln:gmIIPWersja><sln:gmIdTeryt>2002082</sln:gmIdTeryt><sln:gmNazwa>Poświętne</sln:gmNazwa><sln:miejscIIPId>1b131cb1-774d-4a00-9f56-ea6906d571a2</sln:miejscIIPId><sln:miejscIIPPn>PL.PZGIK.200</sln:miejscIIPPn><sln:miejscIIPWersja>2016-11-24T08:44:27+02:00</sln:miejscIIPWersja><sln:miejscIdTeryt>0038400</sln:miejscIdTeryt><sln:miejscNazwa>Brzozowo-Chrzczonki</sln:miejscNazwa><sln:miejscRodzaj>Wieś</sln:miejscRodzaj><sln:powIIPId>c41931d3-4548-44da-b120-b57d20afe592</sln:powIIPId><sln:powIIPPn>PL.PZGIK.200</sln:powIIPPn><sln:powIIPWersja>2017-10-10T00:00:00+02:00</sln:powIIPWersja><sln:powIdTeryt>2002</sln:powIdTeryt><sln:powNazwa>białostocki</sln:powNazwa><sln:waznyOd>2012-12-11T00:00:00+01:00</sln:waznyOd><sln:wojIIPId>53ad7aea-d9d3-40c9-9a5c-ff737d5b076e</sln:wojIIPId><sln:wojIIPPn>PL.PZGIK.200</sln:wojIIPPn><sln:wojIIPWersja>2017-10-10T00:00:00+02:00</sln:wojIIPWersja><sln:wojIdTeryt>20</sln:wojIdTeryt><sln:wojNazwa>podlaskie</sln:wojNazwa></sln:miejscowosc><sln:miejscowosc><sln:cyklZyciaDo>2017-04-10T00:00:00+02:00</sln:cyklZyciaDo><sln:cyklZyciaOd>2015-10-08T00:00:00+02:00</sln:cyklZyciaOd><sln:gmIIPId>9aa25896-114c-422a-96d2-a6a974acd47c</sln:gmIIPId><sln:gmIIPPn>PL.PZGIK.200</sln:gmIIPPn><sln:gmIIPWersja>2012-09-26T22:15:00+02:00</sln:gmIIPWersja><sln:gmIdTeryt>2002082</sln:gmIdTeryt><sln:gmNazwa>Poświętne</sln:gmNazwa><sln:miejscIIPId>50adec3e-7dff-41b4-b5e7-29ffad39e639</sln:miejscIIPId><sln:miejscIIPPn>PL.PZGIK.200</sln:miejscIIPPn><sln:miejscIIPWersja>2016-11-24T08:44:27+02:00</sln:miejscIIPWersja><sln:miejscIdTeryt>0038422</sln:miejscIdTeryt><sln:miejscNazwa>Brzozowo-Chrzczony</sln:miejscNazwa><sln:miejscRodzaj>Wieś</sln:miejscRodzaj><sln:powIIPId>c41931d3-4548-44da-b120-b57d20afe592</sln:powIIPId><sln:powIIPPn>PL.PZGIK.200</sln:powIIPPn><sln:powIIPWersja>2017-10-10T00:00:00+02:00</sln:powIIPWersja><sln:powIdTeryt>2002</sln:powIdTeryt><sln:powNazwa>białostocki</sln:powNazwa><sln:waznyOd>2012-12-11T00:00:00+01:00</sln:waznyOd><sln:wojIIPId>53ad7aea-d9d3-40c9-9a5c-ff737d5b076e</sln:wojIIPId><sln:wojIIPPn>PL.PZGIK.200</sln:wojIIPPn><sln:wojIIPWersja>2017-10-10T00:00:00+02:00</sln:wojIIPWersja><sln:wojIdTeryt>20</sln:wojIdTeryt><sln:wojNazwa>podlaskie</sln:wojNazwa></sln:miejscowosc><sln:miejscowosc><sln:cyklZyciaDo>2017-04-10T00:00:00+02:00</sln:cyklZyciaDo><sln:cyklZyciaOd>2015-10-08T00:00:00+02:00</sln:cyklZyciaOd><sln:gmIIPId>9aa25896-114c-422a-96d2-a6a974acd47c</sln:gmIIPId><sln:gmIIPPn>PL.PZGIK.200</sln:gmIIPPn><sln:gmIIPWersja>2012-09-26T22:15:00+02:00</sln:gmIIPWersja><sln:gmIdTeryt>2002082</sln:gmIdTeryt><sln:gmNazwa>Poświętne</sln:gmNazwa><sln:miejscIIPId>ef8d4dcd-7aa3-4070-86c5-57106bb3cd93</sln:miejscIIPId><sln:miejscIIPPn>PL.PZGIK.200</sln:miejscIIPPn><sln:miejscIIPWersja>2016-11-24T08:44:27+02:00</sln:miejscIIPWersja><sln:miejscIdTeryt>0038439</sln:miejscIdTeryt><sln:miejscNazwa>Brzozowo-Korabie</sln:miejscNazwa><sln:miejscRodzaj>Wieś</sln:miejscRodzaj><sln:powIIPId>c41931d3-4548-44da-b120-b57d20afe592</sln:powIIPId><sln:powIIPPn>PL.PZGIK.200</sln:powIIPPn><sln:powIIPWersja>2017-10-10T00:00:00+02:00</sln:powIIPWersja><sln:powIdTeryt>2002</sln:powIdTeryt><sln:powNazwa>białostocki</sln:powNazwa><sln:waznyOd>2012-12-11T00:00:00+01:00</sln:waznyOd><sln:wojIIPId>53ad7aea-d9d3-40c9-9a5c-ff737d5b076e</sln:wojIIPId><sln:wojIIPPn>PL.PZGIK.200</sln:wojIIPPn><sln:wojIIPWersja>2017-10-10T00:00:00+02:00</sln:wojIIPWersja><sln:wojIdTeryt>20</sln:wojIdTeryt><sln:wojNazwa>podlaskie</sln:wojNazwa></sln:miejscowosc><sln:miejscowosc><sln:cyklZyciaDo>2017-04-10T00:00:00+02:00</sln:cyklZyciaDo><sln:cyklZyciaOd>2015-10-08T00:00:00+02:00</sln:cyklZyciaOd><sln:gmIIPId>9aa25896-114c-422a-96d2-a6a974acd47c</sln:gmIIPId><sln:gmIIPPn>PL.PZGIK.200</sln:gmIIPPn><sln:gmIIPWersja>2012-09-26T22:15:00+02:00</sln:gmIIPWersja><sln:gmIdTeryt>2002082</sln:gmIdTeryt><sln:gmNazwa>Poświętne</sln:gmNazwa><sln:miejscIIPId>8675dec8-78dd-40bb-a099-2276730311fb</sln:miejscIIPId><sln:miejscIIPPn>PL.PZGIK.200</sln:miejscIIPPn><sln:miejscIIPWersja>2016-11-24T08:44:27+02:00</sln:miejscIIPWersja><sln:miejscIdTeryt>0038451</sln:miejscIdTeryt><sln:miejscNazwa>Brzozowo-Muzyły</sln:miejscNazwa><sln:miejscRodzaj>Wieś</sln:miejscRodzaj><sln:powIIPId>c41931d3-4548-44da-b120-b57d20afe592</sln:powIIPId><sln:powIIPPn>PL.PZGIK.200</sln:powIIPPn><sln:powIIPWersja>2017-10-10T00:00:00+02:00</sln:powIIPWersja><sln:powIdTeryt>2002</sln:powIdTeryt><sln:powNazwa>białostocki</sln:powNazwa><sln:waznyOd>2012-12-11T00:00:00+01:00</sln:waznyOd><sln:wojIIPId>53ad7aea-d9d3-40c9-9a5c-ff737d5b076e</sln:wojIIPId><sln:wojIIPPn>PL.PZGIK.200</sln:wojIIPPn><sln:wojIIPWersja>2017-10-10T00:00:00+02:00</sln:wojIIPWersja><sln:wojIdTeryt>20</sln:wojIdTeryt><sln:wojNazwa>podlaskie</sln:wojNazwa></sln:miejscowosc><sln:miejscowosc><sln:cyklZyciaDo>2017-04-10T00:00:00+02:00</sln:cyklZyciaDo><sln:cyklZyciaOd>2015-10-08T00:00:00+02:00</sln:cyklZyciaOd><sln:gmIIPId>9aa25896-114c-422a-96d2-a6a974acd47c</sln:gmIIPId><sln:gmIIPPn>PL.PZGIK.200</sln:gmIIPPn><sln:gmIIPWersja>2012-09-26T22:15:00+02:00</sln:gmIIPWersja><sln:gmIdTeryt>2002082</sln:gmIdTeryt><sln:gmNazwa>Poświętne</sln:gmNazwa><sln:miejscIIPId>3d9f551a-6898-4a64-ae90-c337651096e4</sln:miejscIIPId><sln:miejscIIPPn>PL.PZGIK.200</sln:miejscIIPPn><sln:miejscIIPWersja>2016-11-24T08:44:27+02:00</sln:miejscIIPWersja><sln:miejscIdTeryt>0038474</sln:miejscIdTeryt><sln:miejscNazwa>Brzozowo-Panki</sln:miejscNazwa><sln:miejscRodzaj>Wieś</sln:miejscRodzaj><sln:powIIPId>c41931d3-4548-44da-b120-b57d20afe592</sln:powIIPId><sln:powIIPPn>PL.PZGIK.200</sln:powIIPPn><sln:powIIPWersja>2017-10-10T00:00:00+02:00</sln:powIIPWersja><sln:powIdTeryt>2002</sln:powIdTeryt><sln:powNazwa>białostocki</sln:powNazwa><sln:waznyOd>2012-12-11T00:00:00+01:00</sln:waznyOd><sln:wojIIPId>53ad7aea-d9d3-40c9-9a5c-ff737d5b076e</sln:wojIIPId><sln:wojIIPPn>PL.PZGIK.200</sln:wojIIPPn><sln:wojIIPWersja>2017-10-10T00:00:00+02:00</sln:wojIIPWersja><sln:wojIdTeryt>20</sln:wojIdTeryt><sln:wojNazwa>podlaskie</sln:wojNazwa></sln:miejscowosc><sln:miejscowosc><sln:cyklZyciaDo>2017-04-10T00:00:00+02:00</sln:cyklZyciaDo><sln:cyklZyciaOd>2015-10-08T00:00:00+02:00</sln:cyklZyciaOd><sln:gmIIPId>9aa25896-114c-422a-96d2-a6a974acd47c</sln:gmIIPId><sln:gmIIPPn>PL.PZGIK.200</sln:gmIIPPn><sln:gmIIPWersja>2012-09-26T22:15:00+02:00</sln:gmIIPWersja><sln:gmIdTeryt>2002082</sln:gmIdTeryt><sln:gmNazwa>Poświętne</sln:gmNazwa><sln:miejscIIPId>959449a5-647a-4e89-87ef-4e02fb385d33</sln:miejscIIPId><sln:miejscIIPPn>PL.PZGIK.200</sln:miejscIIPPn><sln:miejscIIPWersja>2016-11-24T08:44:27+02:00</sln:miejscIIPWersja><sln:miejscIdTeryt>0038480</sln:miejscIdTeryt><sln:miejscNazwa>Brzozowo-Solniki</sln:miejscNazwa><sln:miejscRodzaj>Wieś</sln:miejscRodzaj><sln:powIIPId>c41931d3-4548-44da-b120-b57d20afe592</sln:powIIPId><sln:powIIPPn>PL.PZGIK.200</sln:powIIPPn><sln:powIIPWersja>2017-10-10T00:00:00+02:00</sln:powIIPWersja><sln:powIdTeryt>2002</sln:powIdTeryt><sln:powNazwa>białostocki</sln:powNazwa><sln:waznyOd>2012-12-11T00:00:00+01:00</sln:waznyOd><sln:wojIIPId>53ad7aea-d9d3-40c9-9a5c-ff737d5b076e</sln:wojIIPId><sln:wojIIPPn>PL.PZGIK.200</sln:wojIIPPn><sln:wojIIPWersja>2017-10-10T00:00:00+02:00</sln:wojIIPWersja><sln:wojIdTeryt>20</sln:wojIdTeryt><sln:wojNazwa>podlaskie</sln:wojNazwa></sln:miejscowosc><sln:miejscowosc><sln:cyklZyciaDo>2017-04-10T00:00:00+02:00</sln:cyklZyciaDo><sln:cyklZyciaOd>2015-10-08T00:00:00+02:00</sln:cyklZyciaOd><sln:gmIIPId>9aa25896-114c-422a-96d2-a6a974acd47c</sln:gmIIPId><sln:gmIIPPn>PL.PZGIK.200</sln:gmIIPPn><sln:gmIIPWersja>2012-09-26T22:15:00+02:00</sln:gmIIPWersja><sln:gmIdTeryt>2002082</sln:gmIdTeryt><sln:gmNazwa>Poświętne</sln:gmNazwa><sln:miejscIIPId>b02889d3-130f-4643-a75b-49ed7c6df26f</sln:miejscIIPId><sln:miejscIIPPn>PL.PZGIK.200</sln:miejscIIPPn><sln:miejscIIPWersja>2016-11-24T08:44:27+02:00</sln:miejscIIPWersja><sln:miejscIdTeryt>0038793</sln:miejscIdTeryt><sln:miejscNazwa>Brzozowo Stare</sln:miejscNazwa><sln:miejscRodzaj>Wieś</sln:miejscRodzaj><sln:powIIPId>c41931d3-4548-44da-b120-b57d20afe592</sln:powIIPId><sln:powIIPPn>PL.PZGIK.200</sln:powIIPPn><sln:powIIPWersja>2017-10-10T00:00:00+02:00</sln:powIIPWersja><sln:powIdTeryt>2002</sln:powIdTeryt><sln:powNazwa>białostocki</sln:powNazwa><sln:waznyOd>2012-12-11T00:00:00+01:00</sln:waznyOd><sln:wojIIPId>53ad7aea-d9d3-40c9-9a5c-ff737d5b076e</sln:wojIIPId><sln:wojIIPPn>PL.PZGIK.200</sln:wojIIPPn><sln:wojIIPWersja>2017-10-10T00:00:00+02:00</sln:wojIIPWersja><sln:wojIdTeryt>20</sln:wojIdTeryt><sln:wojNazwa>podlaskie</sln:wojNazwa></sln:miejscowosc><sln:miejscowosc><sln:cyklZyciaDo>2017-04-10T00:00:00+02:00</sln:cyklZyciaDo><sln:cyklZyciaOd>2015-10-08T00:00:00+02:00</sln:cyklZyciaOd><sln:gmIIPId>9aa25896-114c-422a-96d2-a6a974acd47c</sln:gmIIPId><sln:gmIIPPn>PL.PZGIK.200</sln:gmIIPPn><sln:gmIIPWersja>2012-09-26T22:15:00+02:00</sln:gmIIPWersja><sln:gmIdTeryt>2002082</sln:gmIdTeryt><sln:gmNazwa>Poświętne</sln:gmNazwa><sln:miejscIIPId>c321f4f6-ee7f-4bd8-8f96-a9b96046458e</sln:miejscIIPId><sln:miejscIIPPn>PL.PZGIK.200</sln:miejscIIPPn><sln:miejscIIPWersja>2016-11-24T08:44:27+02:00</sln:miejscIIPWersja><sln:miejscIdTeryt>0038497</sln:miejscIdTeryt><sln:miejscNazwa>Chomizna</sln:miejscNazwa><sln:miejscRodzaj>Wieś</sln:miejscRodzaj><sln:powIIPId>c41931d3-4548-44da-b120-b57d20afe592</sln:powIIPId><sln:powIIPPn>PL.PZGIK.200</sln:powIIPPn><sln:powIIPWersja>2017-10-10T00:00:00+02:00</sln:powIIPWersja><sln:powIdTeryt>2002</sln:powIdTeryt><sln:powNazwa>białostocki</sln:powNazwa><sln:waznyOd>2012-12-11T00:00:00+01:00</sln:waznyOd><sln:wojIIPId>53ad7aea-d9d3-40c9-9a5c-ff737d5b076e</sln:wojIIPId><sln:wojIIPPn>PL.PZGIK.200</sln:wojIIPPn><sln:wojIIPWersja>2017-10-10T00:00:00+02:00</sln:wojIIPWersja><sln:wojIdTeryt>20</sln:wojIdTeryt><sln:wojNazwa>podlaskie</sln:wojNazwa></sln:miejscowosc><sln:miejscowosc><sln:cyklZyciaDo>2017-04-10T00:00:00+02:00</sln:cyklZyciaDo><sln:cyklZyciaOd>2015-10-08T00:00:00+02:00</sln:cyklZyciaOd><sln:gmIIPId>9aa25896-114c-422a-96d2-a6a974acd47c</sln:gmIIPId><sln:gmIIPPn>PL.PZGIK.200</sln:gmIIPPn><sln:gmIIPWersja>2012-09-26T22:15:00+02:00</sln:gmIIPWersja><sln:gmIdTeryt>2002082</sln:gmIdTeryt><sln:gmNazwa>Poświętne</sln:gmNazwa><sln:miejscIIPId>9583a28b-9fc3-46a2-a676-e8244cdea649</sln:miejscIIPId><sln:miejscIIPPn>PL.PZGIK.200</sln:miejscIIPPn><sln:miejscIIPWersja>2016-11-24T08:44:27+02:00</sln:miejscIIPWersja><sln:miejscIdTeryt>0038505</sln:miejscIdTeryt><sln:miejscNazwa>Dzierżki</sln:miejscNazwa><sln:miejscRodzaj>Wieś</sln:miejscRodzaj><sln:powIIPId>c41931d3-4548-44da-b120-b57d20afe592</sln:powIIPId><sln:powIIPPn>PL.PZGIK.200</sln:powIIPPn><sln:powIIPWersja>2017-10-10T00:00:00+02:00</sln:powIIPWersja><sln:powIdTeryt>2002</sln:powIdTeryt><sln:powNazwa>białostocki</sln:powNazwa><sln:waznyOd>2012-12-11T00:00:00+01:00</sln:waznyOd><sln:wojIIPId>53ad7aea-d9d3-40c9-9a5c-ff737d5b076e</sln:wojIIPId><sln:wojIIPPn>PL.PZGIK.200</sln:wojIIPPn><sln:wojIIPWersja>2017-10-10T00:00:00+02:00</sln:wojIIPWersja><sln:wojIdTeryt>20</sln:wojIdTeryt><sln:wojNazwa>podlaskie</sln:wojNazwa></sln:miejscowosc><sln:miejscowosc><sln:cyklZyciaDo>2017-04-10T00:00:00+02:00</sln:cyklZyciaDo><sln:cyklZyciaOd>2015-10-08T00:00:00+02:00</sln:cyklZyciaOd><sln:gmIIPId>9aa25896-114c-422a-96d2-a6a974acd47c</sln:gmIIPId><sln:gmIIPPn>PL.PZGIK.200</sln:gmIIPPn><sln:gmIIPWersja>2012-09-26T22:15:00+02:00</sln:gmIIPWersja><sln:gmIdTeryt>2002082</sln:gmIdTeryt><sln:gmNazwa>Poświętne</sln:gmNazwa><sln:miejscIIPId>d30f40be-517c-4f39-80e2-656000c6b7dc</sln:miejscIIPId><sln:miejscIIPPn>PL.PZGIK.200</sln:miejscIIPPn><sln:miejscIIPWersja>2016-11-24T08:44:27+02:00</sln:miejscIIPWersja><sln:miejscIdTeryt>0038511</sln:miejscIdTeryt><sln:miejscNazwa>Dzierżki-Ząbki</sln:miejscNazwa><sln:miejscRodzaj>Wieś</sln:miejscRodzaj><sln:powIIPId>c41931d3-4548-44da-b120-b57d20afe592</sln:powIIPId><sln:powIIPPn>PL.PZGIK.200</sln:powIIPPn><sln:powIIPWersja>2017-10-10T00:00:00+02:00</sln:powIIPWersja><sln:powIdTeryt>2002</sln:powIdTeryt><sln:powNazwa>białostocki</sln:powNazwa><sln:waznyOd>2012-12-11T00:00:00+01:00</sln:waznyOd><sln:wojIIPId>53ad7aea-d9d3-40c9-9a5c-ff737d5b076e</sln:wojIIPId><sln:wojIIPPn>PL.PZGIK.200</sln:wojIIPPn><sln:wojIIPWersja>2017-10-10T00:00:00+02:00</sln:wojIIPWersja><sln:wojIdTeryt>20</sln:wojIdTeryt><sln:wojNazwa>podlaskie</sln:wojNazwa></sln:miejscowosc><sln:miejscowosc><sln:cyklZyciaDo>2017-04-10T00:00:00+02:00</sln:cyklZyciaDo><sln:cyklZyciaOd>2015-10-08T00:00:00+02:00</sln:cyklZyciaOd><sln:gmIIPId>9aa25896-114c-422a-96d2-a6a974acd47c</sln:gmIIPId><sln:gmIIPPn>PL.PZGIK.200</sln:gmIIPPn><sln:gmIIPWersja>2012-09-26T22:15:00+02:00</sln:gmIIPWersja><sln:gmIdTeryt>2002082</sln:gmIdTeryt><sln:gmNazwa>Poświętne</sln:gmNazwa><sln:miejscIIPId>e107f670-8642-4c37-b85b-f99757962857</sln:miejscIIPId><sln:miejscIIPPn>PL.PZGIK.200</sln:miejscIIPPn><sln:miejscIIPWersja>2016-11-24T08:44:27+02:00</sln:miejscIIPWersja><sln:miejscIdTeryt>0038528</sln:miejscIdTeryt><sln:miejscNazwa>Gabrysin</sln:miejscNazwa><sln:miejscRodzaj>Wieś</sln:miejscRodzaj><sln:powIIPId>c41931d3-4548-44da-b120-b57d20afe592</sln:powIIPId><sln:powIIPPn>PL.PZGIK.200</sln:powIIPPn><sln:powIIPWersja>2017-10-10T00:00:00+02:00</sln:powIIPWersja><sln:powIdTeryt>2002</sln:powIdTeryt><sln:powNazwa>białostocki</sln:powNazwa><sln:waznyOd>2012-12-13T00:00:00+01:00</sln:waznyOd><sln:wojIIPId>53ad7aea-d9d3-40c9-9a5c-ff737d5b076e</sln:wojIIPId><sln:wojIIPPn>PL.PZGIK.200</sln:wojIIPPn><sln:wojIIPWersja>2017-10-10T00:00:00+02:00</sln:wojIIPWersja><sln:wojIdTeryt>20</sln:wojIdTeryt><sln:wojNazwa>podlaskie</sln:wojNazwa></sln:miejscowosc><sln:miejscowosc><sln:cyklZyciaDo>2017-04-10T00:00:00+02:00</sln:cyklZyciaDo><sln:cyklZyciaOd>2015-10-08T00:00:00+02:00</sln:cyklZyciaOd><sln:gmIIPId>9aa25896-114c-422a-96d2-a6a974acd47c</sln:gmIIPId><sln:gmIIPPn>PL.PZGIK.200</sln:gmIIPPn><sln:gmIIPWersja>2012-09-26T22:15:00+02:00</sln:gmIIPWersja><sln:gmIdTeryt>2002082</sln:gmIdTeryt><sln:gmNazwa>Poświętne</sln:gmNazwa><sln:miejscIIPId>db145720-b9f4-4650-bf44-9dbc474cd765</sln:miejscIIPId><sln:miejscIIPPn>PL.PZGIK.200</sln:miejscIIPPn><sln:miejscIIPWersja>2016-11-24T08:44:27+02:00</sln:miejscIIPWersja><sln:miejscIdTeryt>0038534</sln:miejscIdTeryt><sln:miejscNazwa>Gołębie</sln:miejscNazwa><sln:miejscRodzaj>Wieś</sln:miejscRodzaj><sln:powIIPId>c41931d3-4548-44da-b120-b57d20afe592</sln:powIIPId><sln:powIIPPn>PL.PZGIK.200</sln:powIIPPn><sln:powIIPWersja>2017-10-10T00:00:00+02:00</sln:powIIPWersja><sln:powIdTeryt>2002</sln:powIdTeryt><sln:powNazwa>białostocki</sln:powNazwa><sln:waznyOd>2012-12-11T00:00:00+01:00</sln:waznyOd><sln:wojIIPId>53ad7aea-d9d3-40c9-9a5c-ff737d5b076e</sln:wojIIPId><sln:wojIIPPn>PL.PZGIK.200</sln:wojIIPPn><sln:wojIIPWersja>2017-10-10T00:00:00+02:00</sln:wojIIPWersja><sln:wojIdTeryt>20</sln:wojIdTeryt><sln:wojNazwa>podlaskie</sln:wojNazwa></sln:miejscowosc><sln:miejscowosc><sln:cyklZyciaDo>2017-04-10T00:00:00+02:00</sln:cyklZyciaDo><sln:cyklZyciaOd>2015-10-08T00:00:00+02:00</sln:cyklZyciaOd><sln:gmIIPId>9aa25896-114c-422a-96d2-a6a974acd47c</sln:gmIIPId><sln:gmIIPPn>PL.PZGIK.200</sln:gmIIPPn><sln:gmIIPWersja>2012-09-26T22:15:00+02:00</sln:gmIIPWersja><sln:gmIdTeryt>2002082</sln:gmIdTeryt><sln:gmNazwa>Poświętne</sln:gmNazwa><sln:miejscIIPId>8ff92512-4e4e-4e3b-95b9-17d03ee8e5e5</sln:miejscIIPId><sln:miejscIIPPn>PL.PZGIK.200</sln:miejscIIPPn><sln:miejscIIPWersja>2016-11-24T08:44:27+02:00</sln:miejscIIPWersja><sln:miejscIdTeryt>0038801</sln:miejscIdTeryt><sln:miejscNazwa>Grochy</sln:miejscNazwa><sln:miejscRodzaj>Wieś</sln:miejscRodzaj><sln:powIIPId>c41931d3-4548-44da-b120-b57d20afe592</sln:powIIPId><sln:powIIPPn>PL.PZGIK.200</sln:powIIPPn><sln:powIIPWersja>2017-10-10T00:00:00+02:00</sln:powIIPWersja><sln:powIdTeryt>2002</sln:powIdTeryt><sln:powNazwa>białostocki</sln:powNazwa><sln:waznyOd>2012-12-11T00:00:00+01:00</sln:waznyOd><sln:wojIIPId>53ad7aea-d9d3-40c9-9a5c-ff737d5b076e</sln:wojIIPId><sln:wojIIPPn>PL.PZGIK.200</sln:wojIIPPn><sln:wojIIPWersja>2017-10-10T00:00:00+02:00</sln:wojIIPWersja><sln:wojIdTeryt>20</sln:wojIdTeryt><sln:wojNazwa>podlaskie</sln:wojNazwa></sln:miejscowosc><sln:miejscowosc><sln:cyklZyciaDo>2017-04-10T00:00:00+02:00</sln:cyklZyciaDo><sln:cyklZyciaOd>2015-10-08T00:00:00+02:00</sln:cyklZyciaOd><sln:gmIIPId>9aa25896-114c-422a-96d2-a6a974acd47c</sln:gmIIPId><sln:gmIIPPn>PL.PZGIK.200</sln:gmIIPPn><sln:gmIIPWersja>2012-09-26T22:15:00+02:00</sln:gmIIPWersja><sln:gmIdTeryt>2002082</sln:gmIdTeryt><sln:gmNazwa>Poświętne</sln:gmNazwa><sln:miejscIIPId>be8ada7b-1cf6-406e-bf04-e1681a10ebfb</sln:miejscIIPId><sln:miejscIIPPn>PL.PZGIK.200</sln:miejscIIPPn><sln:miejscIIPWersja>2016-11-24T08:44:27+02:00</sln:miejscIIPWersja><sln:miejscIdTeryt>0038540</sln:miejscIdTeryt><sln:miejscNazwa>Józefin</sln:miejscNazwa><sln:miejscRodzaj>Wieś</sln:miejscRodzaj><sln:powIIPId>c41931d3-4548-44da-b120-b57d20afe592</sln:powIIPId><sln:powIIPPn>PL.PZGIK.200</sln:powIIPPn><sln:powIIPWersja>2017-10-10T00:00:00+02:00</sln:powIIPWersja><sln:powIdTeryt>2002</sln:powIdTeryt><sln:powNazwa>białostocki</sln:powNazwa><sln:waznyOd>2012-12-11T00:00:00+01:00</sln:waznyOd><sln:wojIIPId>53ad7aea-d9d3-40c9-9a5c-ff737d5b076e</sln:wojIIPId><sln:wojIIPPn>PL.PZGIK.200</sln:wojIIPPn><sln:wojIIPWersja>2017-10-10T00:00:00+02:00</sln:wojIIPWersja><sln:wojIdTeryt>20</sln:wojIdTeryt><sln:wojNazwa>podlaskie</sln:wojNazwa></sln:miejscowosc><sln:miejscowosc><sln:cyklZyciaDo>2017-04-10T00:00:00+02:00</sln:cyklZyciaDo><sln:cyklZyciaOd>2015-10-08T00:00:00+02:00</sln:cyklZyciaOd><sln:gmIIPId>9aa25896-114c-422a-96d2-a6a974acd47c</sln:gmIIPId><sln:gmIIPPn>PL.PZGIK.200</sln:gmIIPPn><sln:gmIIPWersja>2012-09-26T22:15:00+02:00</sln:gmIIPWersja><sln:gmIdTeryt>2002082</sln:gmIdTeryt><sln:gmNazwa>Poświętne</sln:gmNazwa><sln:miejscIIPId>9ddbbc9c-605a-4501-9203-9efa00d29de5</sln:miejscIIPId><sln:miejscIIPPn>PL.PZGIK.200</sln:miejscIIPPn><sln:miejscIIPWersja>2016-11-24T08:44:27+02:00</sln:miejscIIPWersja><sln:miejscIdTeryt>0038557</sln:miejscIdTeryt><sln:miejscNazwa>Kamińskie Jaśki</sln:miejscNazwa><sln:miejscRodzaj>Wieś</sln:miejscRodzaj><sln:powIIPId>c41931d3-4548-44da-b120-b57d20afe592</sln:powIIPId><sln:powIIPPn>PL.PZGIK.200</sln:powIIPPn><sln:powIIPWersja>2017-10-10T00:00:00+02:00</sln:powIIPWersja><sln:powIdTeryt>2002</sln:powIdTeryt><sln:powNazwa>białostocki</sln:powNazwa><sln:waznyOd>2012-12-14T00:00:00+01:00</sln:waznyOd><sln:wojIIPId>53ad7aea-d9d3-40c9-9a5c-ff737d5b076e</sln:wojIIPId><sln:wojIIPPn>PL.PZGIK.200</sln:wojIIPPn><sln:wojIIPWersja>2017-10-10T00:00:00+02:00</sln:wojIIPWersja><sln:wojIdTeryt>20</sln:wojIdTeryt><sln:wojNazwa>podlaskie</sln:wojNazwa></sln:miejscowosc><sln:miejscowosc><sln:cyklZyciaDo>2017-04-10T00:00:00+02:00</sln:cyklZyciaDo><sln:cyklZyciaOd>2015-10-08T00:00:00+02:00</sln:cyklZyciaOd><sln:gmIIPId>9aa25896-114c-422a-96d2-a6a974acd47c</sln:gmIIPId><sln:gmIIPPn>PL.PZGIK.200</sln:gmIIPPn><sln:gmIIPWersja>2012-09-26T22:15:00+02:00</sln:gmIIPWersja><sln:gmIdTeryt>2002082</sln:gmIdTeryt><sln:gmNazwa>Poświętne</sln:gmNazwa><sln:miejscIIPId>3003aff1-bde2-4454-9496-96d8defa5c19</sln:miejscIIPId><sln:miejscIIPPn>PL.PZGIK.200</sln:miejscIIPPn><sln:miejscIIPWersja>2016-11-24T08:44:27+02:00</sln:miejscIIPWersja><sln:miejscIdTeryt>0038563</sln:miejscIdTeryt><sln:miejscNazwa>Kamińskie Ocioski</sln:miejscNazwa><sln:miejscRodzaj>Wieś</sln:miejscRodzaj><sln:powIIPId>c41931d3-4548-44da-b120-b57d20afe592</sln:powIIPId><sln:powIIPPn>PL.PZGIK.200</sln:powIIPPn><sln:powIIPWersja>2017-10-10T00:00:00+02:00</sln:powIIPWersja><sln:powIdTeryt>2002</sln:powIdTeryt><sln:powNazwa>białostocki</sln:powNazwa><sln:waznyOd>2012-12-11T00:00:00+01:00</sln:waznyOd><sln:wojIIPId>53ad7aea-d9d3-40c9-9a5c-ff737d5b076e</sln:wojIIPId><sln:wojIIPPn>PL.PZGIK.200</sln:wojIIPPn><sln:wojIIPWersja>2017-10-10T00:00:00+02:00</sln:wojIIPWersja><sln:wojIdTeryt>20</sln:wojIdTeryt><sln:wojNazwa>podlaskie</sln:wojNazwa></sln:miejscowosc><sln:miejscowosc><sln:cyklZyciaDo>2017-04-10T00:00:00+02:00</sln:cyklZyciaDo><sln:cyklZyciaOd>2015-10-08T00:00:00+02:00</sln:cyklZyciaOd><sln:gmIIPId>9aa25896-114c-422a-96d2-a6a974acd47c</sln:gmIIPId><sln:gmIIPPn>PL.PZGIK.200</sln:gmIIPPn><sln:gmIIPWersja>2012-09-26T22:15:00+02:00</sln:gmIIPWersja><sln:gmIdTeryt>2002082</sln:gmIdTeryt><sln:gmNazwa>Poświętne</sln:gmNazwa><sln:miejscIIPId>ad7db5ae-e58c-4ffb-992b-5137ba55df1f</sln:miejscIIPId><sln:miejscIIPPn>PL.PZGIK.200</sln:miejscIIPPn><sln:miejscIIPWersja>2016-11-24T08:44:27+02:00</sln:miejscIIPWersja><sln:miejscIdTeryt>0038600</sln:miejscIdTeryt><sln:miejscNazwa>Kamińskie Pliszki</sln:miejscNazwa><sln:miejscRodzaj>Wieś</sln:miejscRodzaj><sln:powIIPId>c41931d3-4548-44da-b120-b57d20afe592</sln:powIIPId><sln:powIIPPn>PL.PZGIK.200</sln:powIIPPn><sln:powIIPWersja>2017-10-10T00:00:00+02:00</sln:powIIPWersja><sln:powIdTeryt>2002</sln:powIdTeryt><sln:powNazwa>białostocki</sln:powNazwa><sln:waznyOd>2012-12-11T00:00:00+01:00</sln:waznyOd><sln:wojIIPId>53ad7aea-d9d3-40c9-9a5c-ff737d5b076e</sln:wojIIPId><sln:wojIIPPn>PL.PZGIK.200</sln:wojIIPPn><sln:wojIIPWersja>2017-10-10T00:00:00+02:00</sln:wojIIPWersja><sln:wojIdTeryt>20</sln:wojIdTeryt><sln:wojNazwa>podlaskie</sln:wojNazwa></sln:miejscowosc><sln:miejscowosc><sln:cyklZyciaDo>2017-04-10T00:00:00+02:00</sln:cyklZyciaDo><sln:cyklZyciaOd>2015-10-08T00:00:00+02:00</sln:cyklZyciaOd><sln:gmIIPId>9aa25896-114c-422a-96d2-a6a974acd47c</sln:gmIIPId><sln:gmIIPPn>PL.PZGIK.200</sln:gmIIPPn><sln:gmIIPWersja>2012-09-26T22:15:00+02:00</sln:gmIIPWersja><sln:gmIdTeryt>2002082</sln:gmIdTeryt><sln:gmNazwa>Poświętne</sln:gmNazwa><sln:miejscIIPId>b7dab391-643c-4c37-955b-4ab05d6c4c42</sln:miejscIIPId><sln:miejscIIPPn>PL.PZGIK.200</sln:miejscIIPPn><sln:miejscIIPWersja>2016-11-24T08:44:27+02:00</sln:miejscIIPWersja><sln:miejscIdTeryt>0038617</sln:miejscIdTeryt><sln:miejscNazwa>Kamińskie Wiktory</sln:miejscNazwa><sln:miejscRodzaj>Wieś</sln:miejscRodzaj><sln:powIIPId>c41931d3-4548-44da-b120-b57d20afe592</sln:powIIPId><sln:powIIPPn>PL.PZGIK.200</sln:powIIPPn><sln:powIIPWersja>2017-10-10T00:00:00+02:00</sln:powIIPWersja><sln:powIdTeryt>2002</sln:powIdTeryt><sln:powNazwa>białostocki</sln:powNazwa><sln:waznyOd>2012-12-11T00:00:00+01:00</sln:waznyOd><sln:wojIIPId>53ad7aea-d9d3-40c9-9a5c-ff737d5b076e</sln:wojIIPId><sln:wojIIPPn>PL.PZGIK.200</sln:wojIIPPn><sln:wojIIPWersja>2017-10-10T00:00:00+02:00</sln:wojIIPWersja><sln:wojIdTeryt>20</sln:wojIdTeryt><sln:wojNazwa>podlaskie</sln:wojNazwa></sln:miejscowosc><sln:miejscowosc><sln:cyklZyciaDo>2017-04-10T00:00:00+02:00</sln:cyklZyciaDo><sln:cyklZyciaOd>2015-10-08T00:00:00+02:00</sln:cyklZyciaOd><sln:gmIIPId>9aa25896-114c-422a-96d2-a6a974acd47c</sln:gmIIPId><sln:gmIIPPn>PL.PZGIK.200</sln:gmIIPPn><sln:gmIIPWersja>2012-09-26T22:15:00+02:00</sln:gmIIPWersja><sln:gmIdTeryt>2002082</sln:gmIdTeryt><sln:gmNazwa>Poświętne</sln:gmNazwa><sln:miejscIIPId>09435c29-463c-496f-8d14-91dfd38aa7ea</sln:miejscIIPId><sln:miejscIIPPn>PL.PZGIK.200</sln:miejscIIPPn><sln:miejscIIPWersja>2016-11-24T08:44:27+02:00</sln:miejscIIPWersja><sln:miejscIdTeryt>0038652</sln:miejscIdTeryt><sln:miejscNazwa>Liza Nowa</sln:miejscNazwa><sln:miejscRodzaj>Wieś</sln:miejscRodzaj><sln:powIIPId>c41931d3-4548-44da-b120-b57d20afe592</sln:powIIPId><sln:powIIPPn>PL.PZGIK.200</sln:powIIPPn><sln:powIIPWersja>2017-10-10T00:00:00+02:00</sln:powIIPWersja><sln:powIdTeryt>2002</sln:powIdTeryt><sln:powNazwa>białostocki</sln:powNazwa><sln:waznyOd>2012-12-11T00:00:00+01:00</sln:waznyOd><sln:wojIIPId>53ad7aea-d9d3-40c9-9a5c-ff737d5b076e</sln:wojIIPId><sln:wojIIPPn>PL.PZGIK.200</sln:wojIIPPn><sln:wojIIPWersja>2017-10-10T00:00:00+02:00</sln:wojIIPWersja><sln:wojIdTeryt>20</sln:wojIdTeryt><sln:wojNazwa>podlaskie</sln:wojNazwa></sln:miejscowosc><sln:miejscowosc><sln:cyklZyciaDo>2017-04-10T00:00:00+02:00</sln:cyklZyciaDo><sln:cyklZyciaOd>2015-10-08T00:00:00+02:00</sln:cyklZyciaOd><sln:gmIIPId>9aa25896-114c-422a-96d2-a6a974acd47c</sln:gmIIPId><sln:gmIIPPn>PL.PZGIK.200</sln:gmIIPPn><sln:gmIIPWersja>2012-09-26T22:15:00+02:00</sln:gmIIPWersja><sln:gmIdTeryt>2002082</sln:gmIdTeryt><sln:gmNazwa>Poświętne</sln:gmNazwa><sln:miejscIIPId>23eb411a-78ad-4e4d-9ddf-2a815395cff8</sln:miejscIIPId><sln:miejscIIPPn>PL.PZGIK.200</sln:miejscIIPPn><sln:miejscIIPWersja>2016-11-24T08:44:27+02:00</sln:miejscIIPWersja><sln:miejscIdTeryt>0038646</sln:miejscIdTeryt><sln:miejscNazwa>Marynki</sln:miejscNazwa><sln:miejscRodzaj>Wieś</sln:miejscRodzaj><sln:powIIPId>c41931d3-4548-44da-b120-b57d20afe592</sln:powIIPId><sln:powIIPPn>PL.PZGIK.200</sln:powIIPPn><sln:powIIPWersja>2017-10-10T00:00:00+02:00</sln:powIIPWersja><sln:powIdTeryt>2002</sln:powIdTeryt><sln:powNazwa>białostocki</sln:powNazwa><sln:waznyOd>2012-12-11T00:00:00+01:00</sln:waznyOd><sln:wojIIPId>53ad7aea-d9d3-40c9-9a5c-ff737d5b076e</sln:wojIIPId><sln:wojIIPPn>PL.PZGIK.200</sln:wojIIPPn><sln:wojIIPWersja>2017-10-10T00:00:00+02:00</sln:wojIIPWersja><sln:wojIdTeryt>20</sln:wojIdTeryt><sln:wojNazwa>podlaskie</sln:wojNazwa></sln:miejscowosc><sln:miejscowosc><sln:cyklZyciaDo>2017-04-10T00:00:00+02:00</sln:cyklZyciaDo><sln:cyklZyciaOd>2015-10-08T00:00:00+02:00</sln:cyklZyciaOd><sln:gmIIPId>9aa25896-114c-422a-96d2-a6a974acd47c</sln:gmIIPId><sln:gmIIPPn>PL.PZGIK.200</sln:gmIIPPn><sln:gmIIPWersja>2012-09-26T22:15:00+02:00</sln:gmIIPWersja><sln:gmIdTeryt>2002082</sln:gmIdTeryt><sln:gmNazwa>Poświętne</sln:gmNazwa><sln:miejscIIPId>ffda850c-1088-49aa-bb41-951371332ac4</sln:miejscIIPId><sln:miejscIIPPn>PL.PZGIK.200</sln:miejscIIPPn><sln:miejscIIPWersja>2016-11-24T08:44:27+02:00</sln:miejscIIPWersja><sln:miejscIdTeryt>0038698</sln:miejscIdTeryt><sln:miejscNazwa>Pietkowo</sln:miejscNazwa><sln:miejscRodzaj>Wieś</sln:miejscRodzaj><sln:powIIPId>c41931d3-4548-44da-b120-b57d20afe592</sln:powIIPId><sln:powIIPPn>PL.PZGIK.200</sln:powIIPPn><sln:powIIPWersja>2017-10-10T00:00:00+02:00</sln:powIIPWersja><sln:powIdTeryt>2002</sln:powIdTeryt><sln:powNazwa>białostocki</sln:powNazwa><sln:waznyOd>2012-12-11T00:00:00+01:00</sln:waznyOd><sln:wojIIPId>53ad7aea-d9d3-40c9-9a5c-ff737d5b076e</sln:wojIIPId><sln:wojIIPPn>PL.PZGIK.200</sln:wojIIPPn><sln:wojIIPWersja>2017-10-10T00:00:00+02:00</sln:wojIIPWersja><sln:wojIdTeryt>20</sln:wojIdTeryt><sln:wojNazwa>podlaskie</sln:wojNazwa></sln:miejscowosc><sln:miejscowosc><sln:cyklZyciaDo>2017-04-10T00:00:00+02:00</sln:cyklZyciaDo><sln:cyklZyciaOd>2015-10-08T00:00:00+02:00</sln:cyklZyciaOd><sln:gmIIPId>9aa25896-114c-422a-96d2-a6a974acd47c</sln:gmIIPId><sln:gmIIPPn>PL.PZGIK.200</sln:gmIIPPn><sln:gmIIPWersja>2012-09-26T22:15:00+02:00</sln:gmIIPWersja><sln:gmIdTeryt>2002082</sln:gmIdTeryt><sln:gmNazwa>Poświętne</sln:gmNazwa><sln:miejscIIPId>7f369458-d2c1-46f4-bf12-5f8b6bbca84a</sln:miejscIIPId><sln:miejscIIPPn>PL.PZGIK.200</sln:miejscIIPPn><sln:miejscIIPWersja>2016-11-24T08:44:27+02:00</sln:miejscIIPWersja><sln:miejscIdTeryt>0038706</sln:miejscIdTeryt><sln:miejscNazwa>Pietkowo Drugie</sln:miejscNazwa><sln:miejscRodzaj>Wieś</sln:miejscRodzaj><sln:powIIPId>c41931d3-4548-44da-b120-b57d20afe592</sln:powIIPId><sln:powIIPPn>PL.PZGIK.200</sln:powIIPPn><sln:powIIPWersja>2017-10-10T00:00:00+02:00</sln:powIIPWersja><sln:powIdTeryt>2002</sln:powIdTeryt><sln:powNazwa>białostocki</sln:powNazwa><sln:waznyOd>2012-12-14T00:00:00+01:00</sln:waznyOd><sln:wojIIPId>53ad7aea-d9d3-40c9-9a5c-ff737d5b076e</sln:wojIIPId><sln:wojIIPPn>PL.PZGIK.200</sln:wojIIPPn><sln:wojIIPWersja>2017-10-10T00:00:00+02:00</sln:wojIIPWersja><sln:wojIdTeryt>20</sln:wojIdTeryt><sln:wojNazwa>podlaskie</sln:wojNazwa></sln:miejscowosc><sln:miejscowosc><sln:cyklZyciaDo>2017-04-10T00:00:00+02:00</sln:cyklZyciaDo><sln:cyklZyciaOd>2015-10-08T00:00:00+02:00</sln:cyklZyciaOd><sln:gmIIPId>9aa25896-114c-422a-96d2-a6a974acd47c</sln:gmIIPId><sln:gmIIPPn>PL.PZGIK.200</sln:gmIIPPn><sln:gmIIPWersja>2012-09-26T22:15:00+02:00</sln:gmIIPWersja><sln:gmIdTeryt>2002082</sln:gmIdTeryt><sln:gmNazwa>Poświętne</sln:gmNazwa><sln:miejscIIPId>839e23db-9bef-4141-8b04-0c79f87dbee9</sln:miejscIIPId><sln:miejscIIPPn>PL.PZGIK.200</sln:miejscIIPPn><sln:miejscIIPWersja>2016-11-24T08:44:27+02:00</sln:miejscIIPWersja><sln:miejscIdTeryt>0038741</sln:miejscIdTeryt><sln:miejscNazwa>Porośl-Głuchy</sln:miejscNazwa><sln:miejscRodzaj>Wieś</sln:miejscRodzaj><sln:powIIPId>c41931d3-4548-44da-b120-b57d20afe592</sln:powIIPId><sln:powIIPPn>PL.PZGIK.200</sln:powIIPPn><sln:powIIPWersja>2017-10-10T00:00:00+02:00</sln:powIIPWersja><sln:powIdTeryt>2002</sln:powIdTeryt><sln:powNazwa>białostocki</sln:powNazwa><sln:waznyOd>2012-12-11T00:00:00+01:00</sln:waznyOd><sln:wojIIPId>53ad7aea-d9d3-40c9-9a5c-ff737d5b076e</sln:wojIIPId><sln:wojIIPPn>PL.PZGIK.200</sln:wojIIPPn><sln:wojIIPWersja>2017-10-10T00:00:00+02:00</sln:wojIIPWersja><sln:wojIdTeryt>20</sln:wojIdTeryt><sln:wojNazwa>podlaskie</sln:wojNazwa></sln:miejscowosc><sln:miejscowosc><sln:cyklZyciaDo>2017-04-10T00:00:00+02:00</sln:cyklZyciaDo><sln:cyklZyciaOd>2015-10-08T00:00:00+02:00</sln:cyklZyciaOd><sln:gmIIPId>9aa25896-114c-422a-96d2-a6a974acd47c</sln:gmIIPId><sln:gmIIPPn>PL.PZGIK.200</sln:gmIIPPn><sln:gmIIPWersja>2012-09-26T22:15:00+02:00</sln:gmIIPWersja><sln:gmIdTeryt>2002082</sln:gmIdTeryt><sln:gmNazwa>Poświętne</sln:gmNazwa><sln:miejscIIPId>f0d17689-992c-4710-814d-1741ceaea8c0</sln:miejscIIPId><sln:miejscIIPPn>PL.PZGIK.200</sln:miejscIIPPn><sln:miejscIIPWersja>2016-11-24T08:44:27+02:00</sln:miejscIIPWersja><sln:miejscIdTeryt>0038735</sln:miejscIdTeryt><sln:miejscNazwa>Porośl-Wojsławy</sln:miejscNazwa><sln:miejscRodzaj>Wieś</sln:miejscRodzaj><sln:powIIPId>c41931d3-4548-44da-b120-b57d20afe592</sln:powIIPId><sln:powIIPPn>PL.PZGIK.200</sln:powIIPPn><sln:powIIPWersja>2017-10-10T00:00:00+02:00</sln:powIIPWersja><sln:powIdTeryt>2002</sln:powIdTeryt><sln:powNazwa>białostocki</sln:powNazwa><sln:waznyOd>2012-12-11T00:00:00+01:00</sln:waznyOd><sln:wojIIPId>53ad7aea-d9d3-40c9-9a5c-ff737d5b076e</sln:wojIIPId><sln:wojIIPPn>PL.PZGIK.200</sln:wojIIPPn><sln:wojIIPWersja>2017-10-10T00:00:00+02:00</sln:wojIIPWersja><sln:wojIdTeryt>20</sln:wojIdTeryt><sln:wojNazwa>podlaskie</sln:wojNazwa></sln:miejscowosc><sln:miejscowosc><sln:cyklZyciaDo>2017-04-10T00:00:00+02:00</sln:cyklZyciaDo><sln:cyklZyciaOd>2015-10-08T00:00:00+02:00</sln:cyklZyciaOd><sln:gmIIPId>9aa25896-114c-422a-96d2-a6a974acd47c</sln:gmIIPId><sln:gmIIPPn>PL.PZGIK.200</sln:gmIIPPn><sln:gmIIPWersja>2012-09-26T22:15:00+02:00</sln:gmIIPWersja><sln:gmIdTeryt>2002082</sln:gmIdTeryt><sln:gmNazwa>Poświętne</sln:gmNazwa><sln:miejscIIPId>a521b729-0540-4ca9-a139-d2c7650f3c35</sln:miejscIIPId><sln:miejscIIPPn>PL.PZGIK.200</sln:miejscIIPPn><sln:miejscIIPWersja>2016-11-24T08:44:27+02:00</sln:miejscIIPWersja><sln:miejscIdTeryt>0038758</sln:miejscIdTeryt><sln:miejscNazwa>Poświętne</sln:miejscNazwa><sln:miejscRodzaj>Wieś</sln:miejscRodzaj><sln:powIIPId>c41931d3-4548-44da-b120-b57d20afe592</sln:powIIPId><sln:powIIPPn>PL.PZGIK.200</sln:powIIPPn><sln:powIIPWersja>2017-10-10T00:00:00+02:00</sln:powIIPWersja><sln:powIdTeryt>2002</sln:powIdTeryt><sln:powNazwa>białostocki</sln:powNazwa><sln:waznyOd>2012-12-11T00:00:00+01:00</sln:waznyOd><sln:wojIIPId>53ad7aea-d9d3-40c9-9a5c-ff737d5b076e</sln:wojIIPId><sln:wojIIPPn>PL.PZGIK.200</sln:wojIIPPn><sln:wojIIPWersja>2017-10-10T00:00:00+02:00</sln:wojIIPWersja><sln:wojIdTeryt>20</sln:wojIdTeryt><sln:wojNazwa>podlaskie</sln:wojNazwa></sln:miejscowosc><sln:miejscowosc><sln:cyklZyciaDo>2017-04-10T00:00:00+02:00</sln:cyklZyciaDo><sln:cyklZyciaOd>2015-10-08T00:00:00+02:00</sln:cyklZyciaOd><sln:gmIIPId>9aa25896-114c-422a-96d2-a6a974acd47c</sln:gmIIPId><sln:gmIIPPn>PL.PZGIK.200</sln:gmIIPPn><sln:gmIIPWersja>2012-09-26T22:15:00+02:00</sln:gmIIPWersja><sln:gmIdTeryt>2002082</sln:gmIdTeryt><sln:gmNazwa>Poświętne</sln:gmNazwa><sln:miejscIIPId>8417c8cc-3ea3-4e47-800d-a4471feeff9f</sln:miejscIIPId><sln:miejscIIPPn>PL.PZGIK.200</sln:miejscIIPPn><sln:miejscIIPWersja>2016-11-24T08:44:27+02:00</sln:miejscIIPWersja><sln:miejscIdTeryt>0038860</sln:miejscIdTeryt><sln:miejscNazwa>Turek</sln:miejscNazwa><sln:miejscRodzaj>Wieś</sln:miejscRodzaj><sln:powIIPId>c41931d3-4548-44da-b120-b57d20afe592</sln:powIIPId><sln:powIIPPn>PL.PZGIK.200</sln:powIIPPn><sln:powIIPWersja>2017-10-10T00:00:00+02:00</sln:powIIPWersja><sln:powIdTeryt>2002</sln:powIdTeryt><sln:powNazwa>białostocki</sln:powNazwa><sln:waznyOd>2012-12-13T00:00:00+01:00</sln:waznyOd><sln:wojIIPId>53ad7aea-d9d3-40c9-9a5c-ff737d5b076e</sln:wojIIPId><sln:wojIIPPn>PL.PZGIK.200</sln:wojIIPPn><sln:wojIIPWersja>2017-10-10T00:00:00+02:00</sln:wojIIPWersja><sln:wojIdTeryt>20</sln:wojIdTeryt><sln:wojNazwa>podlaskie</sln:wojNazwa></sln:miejscowosc><sln:miejscowosc><sln:cyklZyciaDo>2017-04-10T00:00:00+02:00</sln:cyklZyciaDo><sln:cyklZyciaOd>2015-10-08T00:00:00+02:00</sln:cyklZyciaOd><sln:gmIIPId>9aa25896-114c-422a-96d2-a6a974acd47c</sln:gmIIPId><sln:gmIIPPn>PL.PZGIK.200</sln:gmIIPPn><sln:gmIIPWersja>2012-09-26T22:15:00+02:00</sln:gmIIPWersja><sln:gmIdTeryt>2002082</sln:gmIdTeryt><sln:gmNazwa>Poświętne</sln:gmNazwa><sln:miejscIIPId>7234f8ab-362b-4b28-8e1d-b005a475c8b5</sln:miejscIIPId><sln:miejscIIPPn>PL.PZGIK.200</sln:miejscIIPPn><sln:miejscIIPWersja>2016-11-24T08:44:27+02:00</sln:miejscIIPWersja><sln:miejscIdTeryt>0038669</sln:miejscIdTeryt><sln:miejscNazwa>Wilkowo Nowe</sln:miejscNazwa><sln:miejscRodzaj>Wieś</sln:miejscRodzaj><sln:powIIPId>c41931d3-4548-44da-b120-b57d20afe592</sln:powIIPId><sln:powIIPPn>PL.PZGIK.200</sln:powIIPPn><sln:powIIPWersja>2017-10-10T00:00:00+02:00</sln:powIIPWersja><sln:powIdTeryt>2002</sln:powIdTeryt><sln:powNazwa>białostocki</sln:powNazwa><sln:waznyOd>2012-12-11T00:00:00+01:00</sln:waznyOd><sln:wojIIPId>53ad7aea-d9d3-40c9-9a5c-ff737d5b076e</sln:wojIIPId><sln:wojIIPPn>PL.PZGIK.200</sln:wojIIPPn><sln:wojIIPWersja>2017-10-10T00:00:00+02:00</sln:wojIIPWersja><sln:wojIdTeryt>20</sln:wojIdTeryt><sln:wojNazwa>podlaskie</sln:wojNazwa></sln:miejscowosc><sln:miejscowosc><sln:cyklZyciaDo>2017-04-10T00:00:00+02:00</sln:cyklZyciaDo><sln:cyklZyciaOd>2015-10-08T00:00:00+02:00</sln:cyklZyciaOd><sln:gmIIPId>9aa25896-114c-422a-96d2-a6a974acd47c</sln:gmIIPId><sln:gmIIPPn>PL.PZGIK.200</sln:gmIIPPn><sln:gmIIPWersja>2012-09-26T22:15:00+02:00</sln:gmIIPWersja><sln:gmIdTeryt>2002082</sln:gmIdTeryt><sln:gmNazwa>Poświętne</sln:gmNazwa><sln:miejscIIPId>7f7c6e4b-cf53-4747-bcf6-cba5f257a170</sln:miejscIIPId><sln:miejscIIPPn>PL.PZGIK.200</sln:miejscIIPPn><sln:miejscIIPWersja>2016-11-24T08:44:27+02:00</sln:miejscIIPWersja><sln:miejscIdTeryt>0038830</sln:miejscIdTeryt><sln:miejscNazwa>Wilkowo Stare</sln:miejscNazwa><sln:miejscRodzaj>Wieś</sln:miejscRodzaj><sln:powIIPId>c41931d3-4548-44da-b120-b57d20afe592</sln:powIIPId><sln:powIIPPn>PL.PZGIK.200</sln:powIIPPn><sln:powIIPWersja>2017-10-10T00:00:00+02:00</sln:powIIPWersja><sln:powIdTeryt>2002</sln:powIdTeryt><sln:powNazwa>białostocki</sln:powNazwa><sln:waznyOd>2012-12-11T00:00:00+01:00</sln:waznyOd><sln:wojIIPId>53ad7aea-d9d3-40c9-9a5c-ff737d5b076e</sln:wojIIPId><sln:wojIIPPn>PL.PZGIK.200</sln:wojIIPPn><sln:wojIIPWersja>2017-10-10T00:00:00+02:00</sln:wojIIPWersja><sln:wojIdTeryt>20</sln:wojIdTeryt><sln:wojNazwa>podlaskie</sln:wojNazwa></sln:miejscowosc><sln:miejscowosc><sln:cyklZyciaDo>2017-04-10T00:00:00+02:00</sln:cyklZyciaDo><sln:cyklZyciaOd>2015-10-08T00:00:00+02:00</sln:cyklZyciaOd><sln:gmIIPId>9aa25896-114c-422a-96d2-a6a974acd47c</sln:gmIIPId><sln:gmIIPPn>PL.PZGIK.200</sln:gmIIPPn><sln:gmIIPWersja>2012-09-26T22:15:00+02:00</sln:gmIIPWersja><sln:gmIdTeryt>2002082</sln:gmIdTeryt><sln:gmNazwa>Poświętne</sln:gmNazwa><sln:miejscIIPId>0acc3caa-6f56-49be-bd57-4ffbcd0377a5</sln:miejscIIPId><sln:miejscIIPPn>PL.PZGIK.200</sln:miejscIIPPn><sln:miejscIIPWersja>2016-11-24T08:44:27+02:00</sln:miejscIIPWersja><sln:miejscIdTeryt>0038876</sln:miejscIdTeryt><sln:miejscNazwa>Wołkuny</sln:miejscNazwa><sln:miejscRodzaj>Wieś</sln:miejscRodzaj><sln:powIIPId>c41931d3-4548-44da-b120-b57d20afe592</sln:powIIPId><sln:powIIPPn>PL.PZGIK.200</sln:powIIPPn><sln:powIIPWersja>2017-10-10T00:00:00+02:00</sln:powIIPWersja><sln:powIdTeryt>2002</sln:powIdTeryt><sln:powNazwa>białostocki</sln:powNazwa><sln:waznyOd>2012-12-11T00:00:00+01:00</sln:waznyOd><sln:wojIIPId>53ad7aea-d9d3-40c9-9a5c-ff737d5b076e</sln:wojIIPId><sln:wojIIPPn>PL.PZGIK.200</sln:wojIIPPn><sln:wojIIPWersja>2017-10-10T00:00:00+02:00</sln:wojIIPWersja><sln:wojIdTeryt>20</sln:wojIdTeryt><sln:wojNazwa>podlaskie</sln:wojNazwa></sln:miejscowosc><sln:miejscowosc><sln:cyklZyciaDo>2017-04-10T00:00:00+02:00</sln:cyklZyciaDo><sln:cyklZyciaOd>2015-10-08T00:00:00+02:00</sln:cyklZyciaOd><sln:gmIIPId>9aa25896-114c-422a-96d2-a6a974acd47c</sln:gmIIPId><sln:gmIIPPn>PL.PZGIK.200</sln:gmIIPPn><sln:gmIIPWersja>2012-09-26T22:15:00+02:00</sln:gmIIPWersja><sln:gmIdTeryt>2002082</sln:gmIdTeryt><sln:gmNazwa>Poświętne</sln:gmNazwa><sln:miejscIIPId>e78db1ce-ce9d-46f6-9f88-710c00f3e7ef</sln:miejscIIPId><sln:miejscIIPPn>PL.PZGIK.200</sln:miejscIIPPn><sln:miejscIIPWersja>2016-11-24T08:44:27+02:00</sln:miejscIIPWersja><sln:miejscIdTeryt>0038675</sln:miejscIdTeryt><sln:miejscNazwa>Zdrody Nowe</sln:miejscNazwa><sln:miejscRodzaj>Wieś</sln:miejscRodzaj><sln:powIIPId>c41931d3-4548-44da-b120-b57d20afe592</sln:powIIPId><sln:powIIPPn>PL.PZGIK.200</sln:powIIPPn><sln:powIIPWersja>2017-10-10T00:00:00+02:00</sln:powIIPWersja><sln:powIdTeryt>2002</sln:powIdTeryt><sln:powNazwa>białostocki</sln:powNazwa><sln:waznyOd>2012-12-11T00:00:00+01:00</sln:waznyOd><sln:wojIIPId>53ad7aea-d9d3-40c9-9a5c-ff737d5b076e</sln:wojIIPId><sln:wojIIPPn>PL.PZGIK.200</sln:wojIIPPn><sln:wojIIPWersja>2017-10-10T00:00:00+02:00</sln:wojIIPWersja><sln:wojIdTeryt>20</sln:wojIdTeryt><sln:wojNazwa>podlaskie</sln:wojNazwa></sln:miejscowosc><sln:miejscowosc><sln:cyklZyciaDo>2017-04-10T00:00:00+02:00</sln:cyklZyciaDo><sln:cyklZyciaOd>2015-10-08T00:00:00+02:00</sln:cyklZyciaOd><sln:gmIIPId>9aa25896-114c-422a-96d2-a6a974acd47c</sln:gmIIPId><sln:gmIIPPn>PL.PZGIK.200</sln:gmIIPPn><sln:gmIIPWersja>2012-09-26T22:15:00+02:00</sln:gmIIPWersja><sln:gmIdTeryt>2002082</sln:gmIdTeryt><sln:gmNazwa>Poświętne</sln:gmNazwa><sln:miejscIIPId>ff5bf751-1ea3-45ab-81bf-c4aa2314e328</sln:miejscIIPId><sln:miejscIIPPn>PL.PZGIK.200</sln:miejscIIPPn><sln:miejscIIPWersja>2016-11-24T08:44:27+02:00</sln:miejscIIPWersja><sln:miejscIdTeryt>0038847</sln:miejscIdTeryt><sln:miejscNazwa>Zdrody Stare</sln:miejscNazwa><sln:miejscRodzaj>Wieś</sln:miejscRodzaj><sln:powIIPId>c41931d3-4548-44da-b120-b57d20afe592</sln:powIIPId><sln:powIIPPn>PL.PZGIK.200</sln:powIIPPn><sln:powIIPWersja>2017-10-10T00:00:00+02:00</sln:powIIPWersja><sln:powIdTeryt>2002</sln:powIdTeryt><sln:powNazwa>białostocki</sln:powNazwa><sln:waznyOd>2012-12-11T00:00:00+01:00</sln:waznyOd><sln:wojIIPId>53ad7aea-d9d3-40c9-9a5c-ff737d5b076e</sln:wojIIPId><sln:wojIIPPn>PL.PZGIK.200</sln:wojIIPPn><sln:wojIIPWersja>2017-10-10T00:00:00+02:00</sln:wojIIPWersja><sln:wojIdTeryt>20</sln:wojIdTeryt><sln:wojNazwa>podlaskie</sln:wojNazwa></sln:miejscowosc><sln:miejscowosc><sln:cyklZyciaDo>2017-04-10T00:00:00+02:00</sln:cyklZyciaDo><sln:cyklZyciaOd>2015-10-08T00:00:00+02:00</sln:cyklZyciaOd><sln:gmIIPId>9aa25896-114c-422a-96d2-a6a974acd47c</sln:gmIIPId><sln:gmIIPPn>PL.PZGIK.200</sln:gmIIPPn><sln:gmIIPWersja>2012-09-26T22:15:00+02:00</sln:gmIIPWersja><sln:gmIdTeryt>2002082</sln:gmIdTeryt><sln:gmNazwa>Poświętne</sln:gmNazwa><sln:miejscIIPId>8ea9cfc1-a47c-4e3b-8e72-ebf5dddb28f7</sln:miejscIIPId><sln:miejscIIPPn>PL.PZGIK.200</sln:miejscIIPPn><sln:miejscIIPWersja>2016-11-24T08:44:27+02:00</sln:miejscIIPWersja><sln:miejscIdTeryt>0038770</sln:miejscIdTeryt><sln:miejscNazwa>Liza Stara</sln:miejscNazwa><sln:miejscRodzaj>Wieś</sln:miejscRodzaj><sln:powIIPId>c41931d3-4548-44da-b120-b57d20afe592</sln:powIIPId><sln:powIIPPn>PL.PZGIK.200</sln:powIIPPn><sln:powIIPWersja>2017-10-10T00:00:00+02:00</sln:powIIPWersja><sln:powIdTeryt>2002</sln:powIdTeryt><sln:powNazwa>białostocki</sln:powNazwa><sln:waznyOd>2012-12-11T00:00:00+01:00</sln:waznyOd><sln:wojIIPId>53ad7aea-d9d3-40c9-9a5c-ff737d5b076e</sln:wojIIPId><sln:wojIIPPn>PL.PZGIK.200</sln:wojIIPPn><sln:wojIIPWersja>2017-10-10T00:00:00+02:00</sln:wojIIPWersja><sln:wojIdTeryt>20</sln:wojIdTeryt><sln:wojNazwa>podlaskie</sln:wojNazwa></sln:miejscowosc><sln:miejscowosc><sln:cyklZyciaDo>2017-04-10T00:00:00+02:00</sln:cyklZyciaDo><sln:cyklZyciaOd>2015-10-08T00:00:00+02:00</sln:cyklZyciaOd><sln:gmIIPId>9aa25896-114c-422a-96d2-a6a974acd47c</sln:gmIIPId><sln:gmIIPPn>PL.PZGIK.200</sln:gmIIPPn><sln:gmIIPWersja>2012-09-26T22:15:00+02:00</sln:gmIIPWersja><sln:gmIdTeryt>2002082</sln:gmIdTeryt><sln:gmNazwa>Poświętne</sln:gmNazwa><sln:miejscIIPId>a1eaec62-51ad-44ff-979f-2a9490a8db20</sln:miejscIIPId><sln:miejscIIPPn>PL.PZGIK.200</sln:miejscIIPPn><sln:miejscIIPWersja>2016-11-24T08:44:27+02:00</sln:miejscIIPWersja><sln:miejscIdTeryt>0038630</sln:miejscIdTeryt><sln:miejscNazwa>Łukawica</sln:miejscNazwa><sln:miejscRodzaj>Wieś</sln:miejscRodzaj><sln:powIIPId>c41931d3-4548-44da-b120-b57d20afe592</sln:powIIPId><sln:powIIPPn>PL.PZGIK.200</sln:powIIPPn><sln:powIIPWersja>2017-10-10T00:00:00+02:00</sln:powIIPWersja><sln:powIdTeryt>2002</sln:powIdTeryt><sln:powNazwa>białostocki</sln:powNazwa><sln:waznyOd>2012-12-11T00:00:00+01:00</sln:waznyOd><sln:wojIIPId>53ad7aea-d9d3-40c9-9a5c-ff737d5b076e</sln:wojIIPId><sln:wojIIPPn>PL.PZGIK.200</sln:wojIIPPn><sln:wojIIPWersja>2017-10-10T00:00:00+02:00</sln:wojIIPWersja><sln:wojIdTeryt>20</sln:wojIdTeryt><sln:wojNazwa>podlaskie</sln:wojNazwa></sln:miejscowosc><sln:miejscowosc><sln:cyklZyciaOd>2017-04-10T00:00:00+02:00</sln:cyklZyciaOd><sln:gmIIPId>9aa25896-114c-422a-96d2-a6a974acd47c</sln:gmIIPId><sln:gmIIPPn>PL.PZGIK.200</sln:gmIIPPn><sln:gmIIPWersja>2012-09-26T22:15:00+02:00</sln:gmIIPWersja><sln:gmIdTeryt>2002082</sln:gmIdTeryt><sln:gmNazwa>Poświętne</sln:gmNazwa><sln:miejscIIPId>3e4438cd-dbce-450d-ad01-a72af4a900bf</sln:miejscIIPId><sln:miejscIIPPn>PL.PZGIK.200</sln:miejscIIPPn><sln:miejscIIPWersja>2017-04-10T16:50:37+02:00</sln:miejscIIPWersja><sln:miejscIdTeryt>0038385</sln:miejscIdTeryt><sln:miejscNazwa>Brzozowo-Antonie</sln:miejscNazwa><sln:miejscRodzaj>Wieś</sln:miejscRodzaj><sln:powIIPId>c41931d3-4548-44da-b120-b57d20afe592</sln:powIIPId><sln:powIIPPn>PL.PZGIK.200</sln:powIIPPn><sln:powIIPWersja>2017-10-10T00:00:00+02:00</sln:powIIPWersja><sln:powIdTeryt>2002</sln:powIdTeryt><sln:powNazwa>białostocki</sln:powNazwa><sln:waznyOd>2012-12-11T00:00:00+01:00</sln:waznyOd><sln:wojIIPId>53ad7aea-d9d3-40c9-9a5c-ff737d5b076e</sln:wojIIPId><sln:wojIIPPn>PL.PZGIK.200</sln:wojIIPPn><sln:wojIIPWersja>2017-10-10T00:00:00+02:00</sln:wojIIPWersja><sln:wojIdTeryt>20</sln:wojIdTeryt><sln:wojNazwa>podlaskie</sln:wojNazwa></sln:miejscowosc><sln:miejscowosc><sln:cyklZyciaOd>2017-04-10T00:00:00+02:00</sln:cyklZyciaOd><sln:gmIIPId>9aa25896-114c-422a-96d2-a6a974acd47c</sln:gmIIPId><sln:gmIIPPn>PL.PZGIK.200</sln:gmIIPPn><sln:gmIIPWersja>2012-09-26T22:15:00+02:00</sln:gmIIPWersja><sln:gmIdTeryt>2002082</sln:gmIdTeryt><sln:gmNazwa>Poświętne</sln:gmNazwa><sln:miejscIIPId>54b47dfd-8f58-4192-bdf9-f0fb67d1d17d</sln:miejscIIPId><sln:miejscIIPPn>PL.PZGIK.200</sln:miejscIIPPn><sln:miejscIIPWersja>2017-04-10T16:50:44+02:00</sln:miejscIIPWersja><sln:miejscIdTeryt>0038391</sln:miejscIdTeryt><sln:miejscNazwa>Brzozowo-Chabdy</sln:miejscNazwa><sln:miejscRodzaj>Wieś</sln:miejscRodzaj><sln:powIIPId>c41931d3-4548-44da-b120-b57d20afe592</sln:powIIPId><sln:powIIPPn>PL.PZGIK.200</sln:powIIPPn><sln:powIIPWersja>2017-10-10T00:00:00+02:00</sln:powIIPWersja><sln:powIdTeryt>2002</sln:powIdTeryt><sln:powNazwa>białostocki</sln:powNazwa><sln:waznyOd>2012-12-11T00:00:00+01:00</sln:waznyOd><sln:wojIIPId>53ad7aea-d9d3-40c9-9a5c-ff737d5b076e</sln:wojIIPId><sln:wojIIPPn>PL.PZGIK.200</sln:wojIIPPn><sln:wojIIPWersja>2017-10-10T00:00:00+02:00</sln:wojIIPWersja><sln:wojIdTeryt>20</sln:wojIdTeryt><sln:wojNazwa>podlaskie</sln:wojNazwa></sln:miejscowosc><sln:miejscowosc><sln:cyklZyciaOd>2017-04-10T00:00:00+02:00</sln:cyklZyciaOd><sln:gmIIPId>9aa25896-114c-422a-96d2-a6a974acd47c</sln:gmIIPId><sln:gmIIPPn>PL.PZGIK.200</sln:gmIIPPn><sln:gmIIPWersja>2012-09-26T22:15:00+02:00</sln:gmIIPWersja><sln:gmIdTeryt>2002082</sln:gmIdTeryt><sln:gmNazwa>Poświętne</sln:gmNazwa><sln:miejscIIPId>1b131cb1-774d-4a00-9f56-ea6906d571a2</sln:miejscIIPId><sln:miejscIIPPn>PL.PZGIK.200</sln:miejscIIPPn><sln:miejscIIPWersja>2017-04-10T16:50:44+02:00</sln:miejscIIPWersja><sln:miejscIdTeryt>0038400</sln:miejscIdTeryt><sln:miejscNazwa>Brzozowo-Chrzczonki</sln:miejscNazwa><sln:miejscRodzaj>Wieś</sln:miejscRodzaj><sln:powIIPId>c41931d3-4548-44da-b120-b57d20afe592</sln:powIIPId><sln:powIIPPn>PL.PZGIK.200</sln:powIIPPn><sln:powIIPWersja>2017-10-10T00:00:00+02:00</sln:powIIPWersja><sln:powIdTeryt>2002</sln:powIdTeryt><sln:powNazwa>białostocki</sln:powNazwa><sln:waznyOd>2012-12-11T00:00:00+01:00</sln:waznyOd><sln:wojIIPId>53ad7aea-d9d3-40c9-9a5c-ff737d5b076e</sln:wojIIPId><sln:wojIIPPn>PL.PZGIK.200</sln:wojIIPPn><sln:wojIIPWersja>2017-10-10T00:00:00+02:00</sln:wojIIPWersja><sln:wojIdTeryt>20</sln:wojIdTeryt><sln:wojNazwa>podlaskie</sln:wojNazwa></sln:miejscowosc><sln:miejscowosc><sln:cyklZyciaOd>2017-04-10T00:00:00+02:00</sln:cyklZyciaOd><sln:gmIIPId>9aa25896-114c-422a-96d2-a6a974acd47c</sln:gmIIPId><sln:gmIIPPn>PL.PZGIK.200</sln:gmIIPPn><sln:gmIIPWersja>2012-09-26T22:15:00+02:00</sln:gmIIPWersja><sln:gmIdTeryt>2002082</sln:gmIdTeryt><sln:gmNazwa>Poświętne</sln:gmNazwa><sln:miejscIIPId>50adec3e-7dff-41b4-b5e7-29ffad39e639</sln:miejscIIPId><sln:miejscIIPPn>PL.PZGIK.200</sln:miejscIIPPn><sln:miejscIIPWersja>2017-04-10T16:50:44+02:00</sln:miejscIIPWersja><sln:miejscIdTeryt>0038422</sln:miejscIdTeryt><sln:miejscNazwa>Brzozowo-Chrzczony</sln:miejscNazwa><sln:miejscRodzaj>Wieś</sln:miejscRodzaj><sln:powIIPId>c41931d3-4548-44da-b120-b57d20afe592</sln:powIIPId><sln:powIIPPn>PL.PZGIK.200</sln:powIIPPn><sln:powIIPWersja>2017-10-10T00:00:00+02:00</sln:powIIPWersja><sln:powIdTeryt>2002</sln:powIdTeryt><sln:powNazwa>białostocki</sln:powNazwa><sln:waznyOd>2012-12-11T00:00:00+01:00</sln:waznyOd><sln:wojIIPId>53ad7aea-d9d3-40c9-9a5c-ff737d5b076e</sln:wojIIPId><sln:wojIIPPn>PL.PZGIK.200</sln:wojIIPPn><sln:wojIIPWersja>2017-10-10T00:00:00+02:00</sln:wojIIPWersja><sln:wojIdTeryt>20</sln:wojIdTeryt><sln:wojNazwa>podlaskie</sln:wojNazwa></sln:miejscowosc><sln:miejscowosc><sln:cyklZyciaOd>2017-04-10T00:00:00+02:00</sln:cyklZyciaOd><sln:gmIIPId>9aa25896-114c-422a-96d2-a6a974acd47c</sln:gmIIPId><sln:gmIIPPn>PL.PZGIK.200</sln:gmIIPPn><sln:gmIIPWersja>2012-09-26T22:15:00+02:00</sln:gmIIPWersja><sln:gmIdTeryt>2002082</sln:gmIdTeryt><sln:gmNazwa>Poświętne</sln:gmNazwa><sln:miejscIIPId>ef8d4dcd-7aa3-4070-86c5-57106bb3cd93</sln:miejscIIPId><sln:miejscIIPPn>PL.PZGIK.200</sln:miejscIIPPn><sln:miejscIIPWersja>2017-04-10T16:50:44+02:00</sln:miejscIIPWersja><sln:miejscIdTeryt>0038439</sln:miejscIdTeryt><sln:miejscNazwa>Brzozowo-Korabie</sln:miejscNazwa><sln:miejscRodzaj>Wieś</sln:miejscRodzaj><sln:powIIPId>c41931d3-4548-44da-b120-b57d20afe592</sln:powIIPId><sln:powIIPPn>PL.PZGIK.200</sln:powIIPPn><sln:powIIPWersja>2017-10-10T00:00:00+02:00</sln:powIIPWersja><sln:powIdTeryt>2002</sln:powIdTeryt><sln:powNazwa>białostocki</sln:powNazwa><sln:waznyOd>2012-12-11T00:00:00+01:00</sln:waznyOd><sln:wojIIPId>53ad7aea-d9d3-40c9-9a5c-ff737d5b076e</sln:wojIIPId><sln:wojIIPPn>PL.PZGIK.200</sln:wojIIPPn><sln:wojIIPWersja>2017-10-10T00:00:00+02:00</sln:wojIIPWersja><sln:wojIdTeryt>20</sln:wojIdTeryt><sln:wojNazwa>podlaskie</sln:wojNazwa></sln:miejscowosc><sln:miejscowosc><sln:cyklZyciaOd>2017-04-10T00:00:00+02:00</sln:cyklZyciaOd><sln:gmIIPId>9aa25896-114c-422a-96d2-a6a974acd47c</sln:gmIIPId><sln:gmIIPPn>PL.PZGIK.200</sln:gmIIPPn><sln:gmIIPWersja>2012-09-26T22:15:00+02:00</sln:gmIIPWersja><sln:gmIdTeryt>2002082</sln:gmIdTeryt><sln:gmNazwa>Poświętne</sln:gmNazwa><sln:miejscIIPId>8675dec8-78dd-40bb-a099-2276730311fb</sln:miejscIIPId><sln:miejscIIPPn>PL.PZGIK.200</sln:miejscIIPPn><sln:miejscIIPWersja>2017-04-10T16:50:44+02:00</sln:miejscIIPWersja><sln:miejscIdTeryt>0038451</sln:miejscIdTeryt><sln:miejscNazwa>Brzozowo-Muzyły</sln:miejscNazwa><sln:miejscRodzaj>Wieś</sln:miejscRodzaj><sln:powIIPId>c41931d3-4548-44da-b120-b57d20afe592</sln:powIIPId><sln:powIIPPn>PL.PZGIK.200</sln:powIIPPn><sln:powIIPWersja>2017-10-10T00:00:00+02:00</sln:powIIPWersja><sln:powIdTeryt>2002</sln:powIdTeryt><sln:powNazwa>białostocki</sln:powNazwa><sln:waznyOd>2012-12-11T00:00:00+01:00</sln:waznyOd><sln:wojIIPId>53ad7aea-d9d3-40c9-9a5c-ff737d5b076e</sln:wojIIPId><sln:wojIIPPn>PL.PZGIK.200</sln:wojIIPPn><sln:wojIIPWersja>2017-10-10T00:00:00+02:00</sln:wojIIPWersja><sln:wojIdTeryt>20</sln:wojIdTeryt><sln:wojNazwa>podlaskie</sln:wojNazwa></sln:miejscowosc><sln:miejscowosc><sln:cyklZyciaOd>2017-04-10T00:00:00+02:00</sln:cyklZyciaOd><sln:gmIIPId>9aa25896-114c-422a-96d2-a6a974acd47c</sln:gmIIPId><sln:gmIIPPn>PL.PZGIK.200</sln:gmIIPPn><sln:gmIIPWersja>2012-09-26T22:15:00+02:00</sln:gmIIPWersja><sln:gmIdTeryt>2002082</sln:gmIdTeryt><sln:gmNazwa>Poświętne</sln:gmNazwa><sln:miejscIIPId>3d9f551a-6898-4a64-ae90-c337651096e4</sln:miejscIIPId><sln:miejscIIPPn>PL.PZGIK.200</sln:miejscIIPPn><sln:miejscIIPWersja>2017-04-10T16:50:44+02:00</sln:miejscIIPWersja><sln:miejscIdTeryt>0038474</sln:miejscIdTeryt><sln:miejscNazwa>Brzozowo-Panki</sln:miejscNazwa><sln:miejscRodzaj>Wieś</sln:miejscRodzaj><sln:powIIPId>c41931d3-4548-44da-b120-b57d20afe592</sln:powIIPId><sln:powIIPPn>PL.PZGIK.200</sln:powIIPPn><sln:powIIPWersja>2017-10-10T00:00:00+02:00</sln:powIIPWersja><sln:powIdTeryt>2002</sln:powIdTeryt><sln:powNazwa>białostocki</sln:powNazwa><sln:waznyOd>2012-12-11T00:00:00+01:00</sln:waznyOd><sln:wojIIPId>53ad7aea-d9d3-40c9-9a5c-ff737d5b076e</sln:wojIIPId><sln:wojIIPPn>PL.PZGIK.200</sln:wojIIPPn><sln:wojIIPWersja>2017-10-10T00:00:00+02:00</sln:wojIIPWersja><sln:wojIdTeryt>20</sln:wojIdTeryt><sln:wojNazwa>podlaskie</sln:wojNazwa></sln:miejscowosc><sln:miejscowosc><sln:cyklZyciaOd>2017-04-10T00:00:00+02:00</sln:cyklZyciaOd><sln:gmIIPId>9aa25896-114c-422a-96d2-a6a974acd47c</sln:gmIIPId><sln:gmIIPPn>PL.PZGIK.200</sln:gmIIPPn><sln:gmIIPWersja>2012-09-26T22:15:00+02:00</sln:gmIIPWersja><sln:gmIdTeryt>2002082</sln:gmIdTeryt><sln:gmNazwa>Poświętne</sln:gmNazwa><sln:miejscIIPId>959449a5-647a-4e89-87ef-4e02fb385d33</sln:miejscIIPId><sln:miejscIIPPn>PL.PZGIK.200</sln:miejscIIPPn><sln:miejscIIPWersja>2017-04-10T16:50:44+02:00</sln:miejscIIPWersja><sln:miejscIdTeryt>0038480</sln:miejscIdTeryt><sln:miejscNazwa>Brzozowo-Solniki</sln:miejscNazwa><sln:miejscRodzaj>Wieś</sln:miejscRodzaj><sln:powIIPId>c41931d3-4548-44da-b120-b57d20afe592</sln:powIIPId><sln:powIIPPn>PL.PZGIK.200</sln:powIIPPn><sln:powIIPWersja>2017-10-10T00:00:00+02:00</sln:powIIPWersja><sln:powIdTeryt>2002</sln:powIdTeryt><sln:powNazwa>białostocki</sln:powNazwa><sln:waznyOd>2012-12-11T00:00:00+01:00</sln:waznyOd><sln:wojIIPId>53ad7aea-d9d3-40c9-9a5c-ff737d5b076e</sln:wojIIPId><sln:wojIIPPn>PL.PZGIK.200</sln:wojIIPPn><sln:wojIIPWersja>2017-10-10T00:00:00+02:00</sln:wojIIPWersja><sln:wojIdTeryt>20</sln:wojIdTeryt><sln:wojNazwa>podlaskie</sln:wojNazwa></sln:miejscowosc><sln:miejscowosc><sln:cyklZyciaOd>2017-04-10T00:00:00+02:00</sln:cyklZyciaOd><sln:gmIIPId>9aa25896-114c-422a-96d2-a6a974acd47c</sln:gmIIPId><sln:gmIIPPn>PL.PZGIK.200</sln:gmIIPPn><sln:gmIIPWersja>2012-09-26T22:15:00+02:00</sln:gmIIPWersja><sln:gmIdTeryt>2002082</sln:gmIdTeryt><sln:gmNazwa>Poświętne</sln:gmNazwa><sln:miejscIIPId>c321f4f6-ee7f-4bd8-8f96-a9b96046458e</sln:miejscIIPId><sln:miejscIIPPn>PL.PZGIK.200</sln:miejscIIPPn><sln:miejscIIPWersja>2017-04-10T16:50:44+02:00</sln:miejscIIPWersja><sln:miejscIdTeryt>0038497</sln:miejscIdTeryt><sln:miejscNazwa>Chomizna</sln:miejscNazwa><sln:miejscRodzaj>Wieś</sln:miejscRodzaj><sln:powIIPId>c41931d3-4548-44da-b120-b57d20afe592</sln:powIIPId><sln:powIIPPn>PL.PZGIK.200</sln:powIIPPn><sln:powIIPWersja>2017-10-10T00:00:00+02:00</sln:powIIPWersja><sln:powIdTeryt>2002</sln:powIdTeryt><sln:powNazwa>białostocki</sln:powNazwa><sln:waznyOd>2012-12-11T00:00:00+01:00</sln:waznyOd><sln:wojIIPId>53ad7aea-d9d3-40c9-9a5c-ff737d5b076e</sln:wojIIPId><sln:wojIIPPn>PL.PZGIK.200</sln:wojIIPPn><sln:wojIIPWersja>2017-10-10T00:00:00+02:00</sln:wojIIPWersja><sln:wojIdTeryt>20</sln:wojIdTeryt><sln:wojNazwa>podlaskie</sln:wojNazwa></sln:miejscowosc><sln:miejscowosc><sln:cyklZyciaOd>2017-04-10T00:00:00+02:00</sln:cyklZyciaOd><sln:gmIIPId>9aa25896-114c-422a-96d2-a6a974acd47c</sln:gmIIPId><sln:gmIIPPn>PL.PZGIK.200</sln:gmIIPPn><sln:gmIIPWersja>2012-09-26T22:15:00+02:00</sln:gmIIPWersja><sln:gmIdTeryt>2002082</sln:gmIdTeryt><sln:gmNazwa>Poświętne</sln:gmNazwa><sln:miejscIIPId>9583a28b-9fc3-46a2-a676-e8244cdea649</sln:miejscIIPId><sln:miejscIIPPn>PL.PZGIK.200</sln:miejscIIPPn><sln:miejscIIPWersja>2017-04-10T16:50:44+02:00</sln:miejscIIPWersja><sln:miejscIdTeryt>0038505</sln:miejscIdTeryt><sln:miejscNazwa>Dzierżki</sln:miejscNazwa><sln:miejscRodzaj>Wieś</sln:miejscRodzaj><sln:powIIPId>c41931d3-4548-44da-b120-b57d20afe592</sln:powIIPId><sln:powIIPPn>PL.PZGIK.200</sln:powIIPPn><sln:powIIPWersja>2017-10-10T00:00:00+02:00</sln:powIIPWersja><sln:powIdTeryt>2002</sln:powIdTeryt><sln:powNazwa>białostocki</sln:powNazwa><sln:waznyOd>2012-12-11T00:00:00+01:00</sln:waznyOd><sln:wojIIPId>53ad7aea-d9d3-40c9-9a5c-ff737d5b076e</sln:wojIIPId><sln:wojIIPPn>PL.PZGIK.200</sln:wojIIPPn><sln:wojIIPWersja>2017-10-10T00:00:00+02:00</sln:wojIIPWersja><sln:wojIdTeryt>20</sln:wojIdTeryt><sln:wojNazwa>podlaskie</sln:wojNazwa></sln:miejscowosc><sln:miejscowosc><sln:cyklZyciaOd>2017-04-10T00:00:00+02:00</sln:cyklZyciaOd><sln:gmIIPId>9aa25896-114c-422a-96d2-a6a974acd47c</sln:gmIIPId><sln:gmIIPPn>PL.PZGIK.200</sln:gmIIPPn><sln:gmIIPWersja>2012-09-26T22:15:00+02:00</sln:gmIIPWersja><sln:gmIdTeryt>2002082</sln:gmIdTeryt><sln:gmNazwa>Poświętne</sln:gmNazwa><sln:miejscIIPId>d30f40be-517c-4f39-80e2-656000c6b7dc</sln:miejscIIPId><sln:miejscIIPPn>PL.PZGIK.200</sln:miejscIIPPn><sln:miejscIIPWersja>2017-04-10T16:50:44+02:00</sln:miejscIIPWersja><sln:miejscIdTeryt>0038511</sln:miejscIdTeryt><sln:miejscNazwa>Dzierżki-Ząbki</sln:miejscNazwa><sln:miejscRodzaj>Wieś</sln:miejscRodzaj><sln:powIIPId>c41931d3-4548-44da-b120-b57d20afe592</sln:powIIPId><sln:powIIPPn>PL.PZGIK.200</sln:powIIPPn><sln:powIIPWersja>2017-10-10T00:00:00+02:00</sln:powIIPWersja><sln:powIdTeryt>2002</sln:powIdTeryt><sln:powNazwa>białostocki</sln:powNazwa><sln:waznyOd>2012-12-11T00:00:00+01:00</sln:waznyOd><sln:wojIIPId>53ad7aea-d9d3-40c9-9a5c-ff737d5b076e</sln:wojIIPId><sln:wojIIPPn>PL.PZGIK.200</sln:wojIIPPn><sln:wojIIPWersja>2017-10-10T00:00:00+02:00</sln:wojIIPWersja><sln:wojIdTeryt>20</sln:wojIdTeryt><sln:wojNazwa>podlaskie</sln:wojNazwa></sln:miejscowosc><sln:miejscowosc><sln:cyklZyciaOd>2017-04-10T00:00:00+02:00</sln:cyklZyciaOd><sln:gmIIPId>9aa25896-114c-422a-96d2-a6a974acd47c</sln:gmIIPId><sln:gmIIPPn>PL.PZGIK.200</sln:gmIIPPn><sln:gmIIPWersja>2012-09-26T22:15:00+02:00</sln:gmIIPWersja><sln:gmIdTeryt>2002082</sln:gmIdTeryt><sln:gmNazwa>Poświętne</sln:gmNazwa><sln:miejscIIPId>e107f670-8642-4c37-b85b-f99757962857</sln:miejscIIPId><sln:miejscIIPPn>PL.PZGIK.200</sln:miejscIIPPn><sln:miejscIIPWersja>2017-04-10T16:50:44+02:00</sln:miejscIIPWersja><sln:miejscIdTeryt>0038528</sln:miejscIdTeryt><sln:miejscNazwa>Gabrysin</sln:miejscNazwa><sln:miejscRodzaj>Wieś</sln:miejscRodzaj><sln:powIIPId>c41931d3-4548-44da-b120-b57d20afe592</sln:powIIPId><sln:powIIPPn>PL.PZGIK.200</sln:powIIPPn><sln:powIIPWersja>2017-10-10T00:00:00+02:00</sln:powIIPWersja><sln:powIdTeryt>2002</sln:powIdTeryt><sln:powNazwa>białostocki</sln:powNazwa><sln:waznyOd>2012-12-13T00:00:00+01:00</sln:waznyOd><sln:wojIIPId>53ad7aea-d9d3-40c9-9a5c-ff737d5b076e</sln:wojIIPId><sln:wojIIPPn>PL.PZGIK.200</sln:wojIIPPn><sln:wojIIPWersja>2017-10-10T00:00:00+02:00</sln:wojIIPWersja><sln:wojIdTeryt>20</sln:wojIdTeryt><sln:wojNazwa>podlaskie</sln:wojNazwa></sln:miejscowosc><sln:miejscowosc><sln:cyklZyciaOd>2017-04-10T00:00:00+02:00</sln:cyklZyciaOd><sln:gmIIPId>9aa25896-114c-422a-96d2-a6a974acd47c</sln:gmIIPId><sln:gmIIPPn>PL.PZGIK.200</sln:gmIIPPn><sln:gmIIPWersja>2012-09-26T22:15:00+02:00</sln:gmIIPWersja><sln:gmIdTeryt>2002082</sln:gmIdTeryt><sln:gmNazwa>Poświętne</sln:gmNazwa><sln:miejscIIPId>db145720-b9f4-4650-bf44-9dbc474cd765</sln:miejscIIPId><sln:miejscIIPPn>PL.PZGIK.200</sln:miejscIIPPn><sln:miejscIIPWersja>2017-04-10T16:50:44+02:00</sln:miejscIIPWersja><sln:miejscIdTeryt>0038534</sln:miejscIdTeryt><sln:miejscNazwa>Gołębie</sln:miejscNazwa><sln:miejscRodzaj>Wieś</sln:miejscRodzaj><sln:powIIPId>c41931d3-4548-44da-b120-b57d20afe592</sln:powIIPId><sln:powIIPPn>PL.PZGIK.200</sln:powIIPPn><sln:powIIPWersja>2017-10-10T00:00:00+02:00</sln:powIIPWersja><sln:powIdTeryt>2002</sln:powIdTeryt><sln:powNazwa>białostocki</sln:powNazwa><sln:waznyOd>2012-12-11T00:00:00+01:00</sln:waznyOd><sln:wojIIPId>53ad7aea-d9d3-40c9-9a5c-ff737d5b076e</sln:wojIIPId><sln:wojIIPPn>PL.PZGIK.200</sln:wojIIPPn><sln:wojIIPWersja>2017-10-10T00:00:00+02:00</sln:wojIIPWersja><sln:wojIdTeryt>20</sln:wojIdTeryt><sln:wojNazwa>podlaskie</sln:wojNazwa></sln:miejscowosc><sln:miejscowosc><sln:cyklZyciaOd>2017-04-10T00:00:00+02:00</sln:cyklZyciaOd><sln:gmIIPId>9aa25896-114c-422a-96d2-a6a974acd47c</sln:gmIIPId><sln:gmIIPPn>PL.PZGIK.200</sln:gmIIPPn><sln:gmIIPWersja>2012-09-26T22:15:00+02:00</sln:gmIIPWersja><sln:gmIdTeryt>2002082</sln:gmIdTeryt><sln:gmNazwa>Poświętne</sln:gmNazwa><sln:miejscIIPId>be8ada7b-1cf6-406e-bf04-e1681a10ebfb</sln:miejscIIPId><sln:miejscIIPPn>PL.PZGIK.200</sln:miejscIIPPn><sln:miejscIIPWersja>2017-04-10T16:50:44+02:00</sln:miejscIIPWersja><sln:miejscIdTeryt>0038540</sln:miejscIdTeryt><sln:miejscNazwa>Józefin</sln:miejscNazwa><sln:miejscRodzaj>Wieś</sln:miejscRodzaj><sln:powIIPId>c41931d3-4548-44da-b120-b57d20afe592</sln:powIIPId><sln:powIIPPn>PL.PZGIK.200</sln:powIIPPn><sln:powIIPWersja>2017-10-10T00:00:00+02:00</sln:powIIPWersja><sln:powIdTeryt>2002</sln:powIdTeryt><sln:powNazwa>białostocki</sln:powNazwa><sln:waznyOd>2012-12-11T00:00:00+01:00</sln:waznyOd><sln:wojIIPId>53ad7aea-d9d3-40c9-9a5c-ff737d5b076e</sln:wojIIPId><sln:wojIIPPn>PL.PZGIK.200</sln:wojIIPPn><sln:wojIIPWersja>2017-10-10T00:00:00+02:00</sln:wojIIPWersja><sln:wojIdTeryt>20</sln:wojIdTeryt><sln:wojNazwa>podlaskie</sln:wojNazwa></sln:miejscowosc><sln:miejscowosc><sln:cyklZyciaOd>2017-04-10T00:00:00+02:00</sln:cyklZyciaOd><sln:gmIIPId>9aa25896-114c-422a-96d2-a6a974acd47c</sln:gmIIPId><sln:gmIIPPn>PL.PZGIK.200</sln:gmIIPPn><sln:gmIIPWersja>2012-09-26T22:15:00+02:00</sln:gmIIPWersja><sln:gmIdTeryt>2002082</sln:gmIdTeryt><sln:gmNazwa>Poświętne</sln:gmNazwa><sln:miejscIIPId>9ddbbc9c-605a-4501-9203-9efa00d29de5</sln:miejscIIPId><sln:miejscIIPPn>PL.PZGIK.200</sln:miejscIIPPn><sln:miejscIIPWersja>2017-04-10T16:50:45+02:00</sln:miejscIIPWersja><sln:miejscIdTeryt>0038557</sln:miejscIdTeryt><sln:miejscNazwa>Kamińskie Jaśki</sln:miejscNazwa><sln:miejscRodzaj>Wieś</sln:miejscRodzaj><sln:powIIPId>c41931d3-4548-44da-b120-b57d20afe592</sln:powIIPId><sln:powIIPPn>PL.PZGIK.200</sln:powIIPPn><sln:powIIPWersja>2017-10-10T00:00:00+02:00</sln:powIIPWersja><sln:powIdTeryt>2002</sln:powIdTeryt><sln:powNazwa>białostocki</sln:powNazwa><sln:waznyOd>2012-12-14T00:00:00+01:00</sln:waznyOd><sln:wojIIPId>53ad7aea-d9d3-40c9-9a5c-ff737d5b076e</sln:wojIIPId><sln:wojIIPPn>PL.PZGIK.200</sln:wojIIPPn><sln:wojIIPWersja>2017-10-10T00:00:00+02:00</sln:wojIIPWersja><sln:wojIdTeryt>20</sln:wojIdTeryt><sln:wojNazwa>podlaskie</sln:wojNazwa></sln:miejscowosc><sln:miejscowosc><sln:cyklZyciaOd>2017-04-10T00:00:00+02:00</sln:cyklZyciaOd><sln:gmIIPId>9aa25896-114c-422a-96d2-a6a974acd47c</sln:gmIIPId><sln:gmIIPPn>PL.PZGIK.200</sln:gmIIPPn><sln:gmIIPWersja>2012-09-26T22:15:00+02:00</sln:gmIIPWersja><sln:gmIdTeryt>2002082</sln:gmIdTeryt><sln:gmNazwa>Poświętne</sln:gmNazwa><sln:miejscIIPId>3003aff1-bde2-4454-9496-96d8defa5c19</sln:miejscIIPId><sln:miejscIIPPn>PL.PZGIK.200</sln:miejscIIPPn><sln:miejscIIPWersja>2017-04-10T16:50:45+02:00</sln:miejscIIPWersja><sln:miejscIdTeryt>0038563</sln:miejscIdTeryt><sln:miejscNazwa>Kamińskie Ocioski</sln:miejscNazwa><sln:miejscRodzaj>Wieś</sln:miejscRodzaj><sln:powIIPId>c41931d3-4548-44da-b120-b57d20afe592</sln:powIIPId><sln:powIIPPn>PL.PZGIK.200</sln:powIIPPn><sln:powIIPWersja>2017-10-10T00:00:00+02:00</sln:powIIPWersja><sln:powIdTeryt>2002</sln:powIdTeryt><sln:powNazwa>białostocki</sln:powNazwa><sln:waznyOd>2012-12-11T00:00:00+01:00</sln:waznyOd><sln:wojIIPId>53ad7aea-d9d3-40c9-9a5c-ff737d5b076e</sln:wojIIPId><sln:wojIIPPn>PL.PZGIK.200</sln:wojIIPPn><sln:wojIIPWersja>2017-10-10T00:00:00+02:00</sln:wojIIPWersja><sln:wojIdTeryt>20</sln:wojIdTeryt><sln:wojNazwa>podlaskie</sln:wojNazwa></sln:miejscowosc><sln:miejscowosc><sln:cyklZyciaOd>2017-04-10T00:00:00+02:00</sln:cyklZyciaOd><sln:gmIIPId>9aa25896-114c-422a-96d2-a6a974acd47c</sln:gmIIPId><sln:gmIIPPn>PL.PZGIK.200</sln:gmIIPPn><sln:gmIIPWersja>2012-09-26T22:15:00+02:00</sln:gmIIPWersja><sln:gmIdTeryt>2002082</sln:gmIdTeryt><sln:gmNazwa>Poświętne</sln:gmNazwa><sln:miejscIIPId>ad7db5ae-e58c-4ffb-992b-5137ba55df1f</sln:miejscIIPId><sln:miejscIIPPn>PL.PZGIK.200</sln:miejscIIPPn><sln:miejscIIPWersja>2017-04-10T16:50:45+02:00</sln:miejscIIPWersja><sln:miejscIdTeryt>0038600</sln:miejscIdTeryt><sln:miejscNazwa>Kamińskie Pliszki</sln:miejscNazwa><sln:miejscRodzaj>Wieś</sln:miejscRodzaj><sln:powIIPId>c41931d3-4548-44da-b120-b57d20afe592</sln:powIIPId><sln:powIIPPn>PL.PZGIK.200</sln:powIIPPn><sln:powIIPWersja>2017-10-10T00:00:00+02:00</sln:powIIPWersja><sln:powIdTeryt>2002</sln:powIdTeryt><sln:powNazwa>białostocki</sln:powNazwa><sln:waznyOd>2012-12-11T00:00:00+01:00</sln:waznyOd><sln:wojIIPId>53ad7aea-d9d3-40c9-9a5c-ff737d5b076e</sln:wojIIPId><sln:wojIIPPn>PL.PZGIK.200</sln:wojIIPPn><sln:wojIIPWersja>2017-10-10T00:00:00+02:00</sln:wojIIPWersja><sln:wojIdTeryt>20</sln:wojIdTeryt><sln:wojNazwa>podlaskie</sln:wojNazwa></sln:miejscowosc><sln:miejscowosc><sln:cyklZyciaOd>2017-04-10T00:00:00+02:00</sln:cyklZyciaOd><sln:gmIIPId>9aa25896-114c-422a-96d2-a6a974acd47c</sln:gmIIPId><sln:gmIIPPn>PL.PZGIK.200</sln:gmIIPPn><sln:gmIIPWersja>2012-09-26T22:15:00+02:00</sln:gmIIPWersja><sln:gmIdTeryt>2002082</sln:gmIdTeryt><sln:gmNazwa>Poświętne</sln:gmNazwa><sln:miejscIIPId>b7dab391-643c-4c37-955b-4ab05d6c4c42</sln:miejscIIPId><sln:miejscIIPPn>PL.PZGIK.200</sln:miejscIIPPn><sln:miejscIIPWersja>2017-04-10T16:50:45+02:00</sln:miejscIIPWersja><sln:miejscIdTeryt>0038617</sln:miejscIdTeryt><sln:miejscNazwa>Kamińskie Wiktory</sln:miejscNazwa><sln:miejscRodzaj>Wieś</sln:miejscRodzaj><sln:powIIPId>c41931d3-4548-44da-b120-b57d20afe592</sln:powIIPId><sln:powIIPPn>PL.PZGIK.200</sln:powIIPPn><sln:powIIPWersja>2017-10-10T00:00:00+02:00</sln:powIIPWersja><sln:powIdTeryt>2002</sln:powIdTeryt><sln:powNazwa>białostocki</sln:powNazwa><sln:waznyOd>2012-12-11T00:00:00+01:00</sln:waznyOd><sln:wojIIPId>53ad7aea-d9d3-40c9-9a5c-ff737d5b076e</sln:wojIIPId><sln:wojIIPPn>PL.PZGIK.200</sln:wojIIPPn><sln:wojIIPWersja>2017-10-10T00:00:00+02:00</sln:wojIIPWersja><sln:wojIdTeryt>20</sln:wojIdTeryt><sln:wojNazwa>podlaskie</sln:wojNazwa></sln:miejscowosc><sln:miejscowosc><sln:cyklZyciaOd>2017-04-10T00:00:00+02:00</sln:cyklZyciaOd><sln:gmIIPId>9aa25896-114c-422a-96d2-a6a974acd47c</sln:gmIIPId><sln:gmIIPPn>PL.PZGIK.200</sln:gmIIPPn><sln:gmIIPWersja>2012-09-26T22:15:00+02:00</sln:gmIIPWersja><sln:gmIdTeryt>2002082</sln:gmIdTeryt><sln:gmNazwa>Poświętne</sln:gmNazwa><sln:miejscIIPId>a1eaec62-51ad-44ff-979f-2a9490a8db20</sln:miejscIIPId><sln:miejscIIPPn>PL.PZGIK.200</sln:miejscIIPPn><sln:miejscIIPWersja>2017-04-10T16:50:45+02:00</sln:miejscIIPWersja><sln:miejscIdTeryt>0038630</sln:miejscIdTeryt><sln:miejscNazwa>Łukawica</sln:miejscNazwa><sln:miejscRodzaj>Wieś</sln:miejscRodzaj><sln:powIIPId>c41931d3-4548-44da-b120-b57d20afe592</sln:powIIPId><sln:powIIPPn>PL.PZGIK.200</sln:powIIPPn><sln:powIIPWersja>2017-10-10T00:00:00+02:00</sln:powIIPWersja><sln:powIdTeryt>2002</sln:powIdTeryt><sln:powNazwa>białostocki</sln:powNazwa><sln:waznyOd>2012-12-11T00:00:00+01:00</sln:waznyOd><sln:wojIIPId>53ad7aea-d9d3-40c9-9a5c-ff737d5b076e</sln:wojIIPId><sln:wojIIPPn>PL.PZGIK.200</sln:wojIIPPn><sln:wojIIPWersja>2017-10-10T00:00:00+02:00</sln:wojIIPWersja><sln:wojIdTeryt>20</sln:wojIdTeryt><sln:wojNazwa>podlaskie</sln:wojNazwa></sln:miejscowosc><sln:miejscowosc><sln:cyklZyciaOd>2017-04-10T00:00:00+02:00</sln:cyklZyciaOd><sln:gmIIPId>9aa25896-114c-422a-96d2-a6a974acd47c</sln:gmIIPId><sln:gmIIPPn>PL.PZGIK.200</sln:gmIIPPn><sln:gmIIPWersja>2012-09-26T22:15:00+02:00</sln:gmIIPWersja><sln:gmIdTeryt>2002082</sln:gmIdTeryt><sln:gmNazwa>Poświętne</sln:gmNazwa><sln:miejscIIPId>23eb411a-78ad-4e4d-9ddf-2a815395cff8</sln:miejscIIPId><sln:miejscIIPPn>PL.PZGIK.200</sln:miejscIIPPn><sln:miejscIIPWersja>2017-04-10T16:50:45+02:00</sln:miejscIIPWersja><sln:miejscIdTeryt>0038646</sln:miejscIdTeryt><sln:miejscNazwa>Marynki</sln:miejscNazwa><sln:miejscRodzaj>Wieś</sln:miejscRodzaj><sln:powIIPId>c41931d3-4548-44da-b120-b57d20afe592</sln:powIIPId><sln:powIIPPn>PL.PZGIK.200</sln:powIIPPn><sln:powIIPWersja>2017-10-10T00:00:00+02:00</sln:powIIPWersja><sln:powIdTeryt>2002</sln:powIdTeryt><sln:powNazwa>białostocki</sln:powNazwa><sln:waznyOd>2012-12-11T00:00:00+01:00</sln:waznyOd><sln:wojIIPId>53ad7aea-d9d3-40c9-9a5c-ff737d5b076e</sln:wojIIPId><sln:wojIIPPn>PL.PZGIK.200</sln:wojIIPPn><sln:wojIIPWersja>2017-10-10T00:00:00+02:00</sln:wojIIPWersja><sln:wojIdTeryt>20</sln:wojIdTeryt><sln:wojNazwa>podlaskie</sln:wojNazwa></sln:miejscowosc><sln:miejscowosc><sln:cyklZyciaOd>2017-04-10T00:00:00+02:00</sln:cyklZyciaOd><sln:gmIIPId>9aa25896-114c-422a-96d2-a6a974acd47c</sln:gmIIPId><sln:gmIIPPn>PL.PZGIK.200</sln:gmIIPPn><sln:gmIIPWersja>2012-09-26T22:15:00+02:00</sln:gmIIPWersja><sln:gmIdTeryt>2002082</sln:gmIdTeryt><sln:gmNazwa>Poświętne</sln:gmNazwa><sln:miejscIIPId>09435c29-463c-496f-8d14-91dfd38aa7ea</sln:miejscIIPId><sln:miejscIIPPn>PL.PZGIK.200</sln:miejscIIPPn><sln:miejscIIPWersja>2017-04-10T16:50:45+02:00</sln:miejscIIPWersja><sln:miejscIdTeryt>0038652</sln:miejscIdTeryt><sln:miejscNazwa>Liza Nowa</sln:miejscNazwa><sln:miejscRodzaj>Wieś</sln:miejscRodzaj><sln:powIIPId>c41931d3-4548-44da-b120-b57d20afe592</sln:powIIPId><sln:powIIPPn>PL.PZGIK.200</sln:powIIPPn><sln:powIIPWersja>2017-10-10T00:00:00+02:00</sln:powIIPWersja><sln:powIdTeryt>2002</sln:powIdTeryt><sln:powNazwa>białostocki</sln:powNazwa><sln:waznyOd>2012-12-11T00:00:00+01:00</sln:waznyOd><sln:wojIIPId>53ad7aea-d9d3-40c9-9a5c-ff737d5b076e</sln:wojIIPId><sln:wojIIPPn>PL.PZGIK.200</sln:wojIIPPn><sln:wojIIPWersja>2017-10-10T00:00:00+02:00</sln:wojIIPWersja><sln:wojIdTeryt>20</sln:wojIdTeryt><sln:wojNazwa>podlaskie</sln:wojNazwa></sln:miejscowosc><sln:miejscowosc><sln:cyklZyciaOd>2017-04-10T00:00:00+02:00</sln:cyklZyciaOd><sln:gmIIPId>9aa25896-114c-422a-96d2-a6a974acd47c</sln:gmIIPId><sln:gmIIPPn>PL.PZGIK.200</sln:gmIIPPn><sln:gmIIPWersja>2012-09-26T22:15:00+02:00</sln:gmIIPWersja><sln:gmIdTeryt>2002082</sln:gmIdTeryt><sln:gmNazwa>Poświętne</sln:gmNazwa><sln:miejscIIPId>7234f8ab-362b-4b28-8e1d-b005a475c8b5</sln:miejscIIPId><sln:miejscIIPPn>PL.PZGIK.200</sln:miejscIIPPn><sln:miejscIIPWersja>2017-04-10T16:50:45+02:00</sln:miejscIIPWersja><sln:miejscIdTeryt>0038669</sln:miejscIdTeryt><sln:miejscNazwa>Wilkowo Nowe</sln:miejscNazwa><sln:miejscRodzaj>Wieś</sln:miejscRodzaj><sln:powIIPId>c41931d3-4548-44da-b120-b57d20afe592</sln:powIIPId><sln:powIIPPn>PL.PZGIK.200</sln:powIIPPn><sln:powIIPWersja>2017-10-10T00:00:00+02:00</sln:powIIPWersja><sln:powIdTeryt>2002</sln:powIdTeryt><sln:powNazwa>białostocki</sln:powNazwa><sln:waznyOd>2012-12-11T00:00:00+01:00</sln:waznyOd><sln:wojIIPId>53ad7aea-d9d3-40c9-9a5c-ff737d5b076e</sln:wojIIPId><sln:wojIIPPn>PL.PZGIK.200</sln:wojIIPPn><sln:wojIIPWersja>2017-10-10T00:00:00+02:00</sln:wojIIPWersja><sln:wojIdTeryt>20</sln:wojIdTeryt><sln:wojNazwa>podlaskie</sln:wojNazwa></sln:miejscowosc><sln:miejscowosc><sln:cyklZyciaOd>2017-04-10T00:00:00+02:00</sln:cyklZyciaOd><sln:gmIIPId>9aa25896-114c-422a-96d2-a6a974acd47c</sln:gmIIPId><sln:gmIIPPn>PL.PZGIK.200</sln:gmIIPPn><sln:gmIIPWersja>2012-09-26T22:15:00+02:00</sln:gmIIPWersja><sln:gmIdTeryt>2002082</sln:gmIdTeryt><sln:gmNazwa>Poświętne</sln:gmNazwa><sln:miejscIIPId>e78db1ce-ce9d-46f6-9f88-710c00f3e7ef</sln:miejscIIPId><sln:miejscIIPPn>PL.PZGIK.200</sln:miejscIIPPn><sln:miejscIIPWersja>2017-04-10T16:50:45+02:00</sln:miejscIIPWersja><sln:miejscIdTeryt>0038675</sln:miejscIdTeryt><sln:miejscNazwa>Zdrody Nowe</sln:miejscNazwa><sln:miejscRodzaj>Wieś</sln:miejscRodzaj><sln:powIIPId>c41931d3-4548-44da-b120-b57d20afe592</sln:powIIPId><sln:powIIPPn>PL.PZGIK.200</sln:powIIPPn><sln:powIIPWersja>2017-10-10T00:00:00+02:00</sln:powIIPWersja><sln:powIdTeryt>2002</sln:powIdTeryt><sln:powNazwa>białostocki</sln:powNazwa><sln:waznyOd>2012-12-11T00:00:00+01:00</sln:waznyOd><sln:wojIIPId>53ad7aea-d9d3-40c9-9a5c-ff737d5b076e</sln:wojIIPId><sln:wojIIPPn>PL.PZGIK.200</sln:wojIIPPn><sln:wojIIPWersja>2017-10-10T00:00:00+02:00</sln:wojIIPWersja><sln:wojIdTeryt>20</sln:wojIdTeryt><sln:wojNazwa>podlaskie</sln:wojNazwa></sln:miejscowosc><sln:miejscowosc><sln:cyklZyciaOd>2017-04-10T00:00:00+02:00</sln:cyklZyciaOd><sln:gmIIPId>9aa25896-114c-422a-96d2-a6a974acd47c</sln:gmIIPId><sln:gmIIPPn>PL.PZGIK.200</sln:gmIIPPn><sln:gmIIPWersja>2012-09-26T22:15:00+02:00</sln:gmIIPWersja><sln:gmIdTeryt>2002082</sln:gmIdTeryt><sln:gmNazwa>Poświętne</sln:gmNazwa><sln:miejscIIPId>ffda850c-1088-49aa-bb41-951371332ac4</sln:miejscIIPId><sln:miejscIIPPn>PL.PZGIK.200</sln:miejscIIPPn><sln:miejscIIPWersja>2017-04-10T16:50:45+02:00</sln:miejscIIPWersja><sln:miejscIdTeryt>0038698</sln:miejscIdTeryt><sln:miejscNazwa>Pietkowo</sln:miejscNazwa><sln:miejscRodzaj>Wieś</sln:miejscRodzaj><sln:powIIPId>c41931d3-4548-44da-b120-b57d20afe592</sln:powIIPId><sln:powIIPPn>PL.PZGIK.200</sln:powIIPPn><sln:powIIPWersja>2017-10-10T00:00:00+02:00</sln:powIIPWersja><sln:powIdTeryt>2002</sln:powIdTeryt><sln:powNazwa>białostocki</sln:powNazwa><sln:waznyOd>2012-12-11T00:00:00+01:00</sln:waznyOd><sln:wojIIPId>53ad7aea-d9d3-40c9-9a5c-ff737d5b076e</sln:wojIIPId><sln:wojIIPPn>PL.PZGIK.200</sln:wojIIPPn><sln:wojIIPWersja>2017-10-10T00:00:00+02:00</sln:wojIIPWersja><sln:wojIdTeryt>20</sln:wojIdTeryt><sln:wojNazwa>podlaskie</sln:wojNazwa></sln:miejscowosc><sln:miejscowosc><sln:cyklZyciaOd>2017-04-10T00:00:00+02:00</sln:cyklZyciaOd><sln:gmIIPId>9aa25896-114c-422a-96d2-a6a974acd47c</sln:gmIIPId><sln:gmIIPPn>PL.PZGIK.200</sln:gmIIPPn><sln:gmIIPWersja>2012-09-26T22:15:00+02:00</sln:gmIIPWersja><sln:gmIdTeryt>2002082</sln:gmIdTeryt><sln:gmNazwa>Poświętne</sln:gmNazwa><sln:miejscIIPId>7f369458-d2c1-46f4-bf12-5f8b6bbca84a</sln:miejscIIPId><sln:miejscIIPPn>PL.PZGIK.200</sln:miejscIIPPn><sln:miejscIIPWersja>2017-04-10T16:50:45+02:00</sln:miejscIIPWersja><sln:miejscIdTeryt>0038706</sln:miejscIdTeryt><sln:miejscNazwa>Pietkowo Drugie</sln:miejscNazwa><sln:miejscRodzaj>Wieś</sln:miejscRodzaj><sln:powIIPId>c41931d3-4548-44da-b120-b57d20afe592</sln:powIIPId><sln:powIIPPn>PL.PZGIK.200</sln:powIIPPn><sln:powIIPWersja>2017-10-10T00:00:00+02:00</sln:powIIPWersja><sln:powIdTeryt>2002</sln:powIdTeryt><sln:powNazwa>białostocki</sln:powNazwa><sln:waznyOd>2012-12-14T00:00:00+01:00</sln:waznyOd><sln:wojIIPId>53ad7aea-d9d3-40c9-9a5c-ff737d5b076e</sln:wojIIPId><sln:wojIIPPn>PL.PZGIK.200</sln:wojIIPPn><sln:wojIIPWersja>2017-10-10T00:00:00+02:00</sln:wojIIPWersja><sln:wojIdTeryt>20</sln:wojIdTeryt><sln:wojNazwa>podlaskie</sln:wojNazwa></sln:miejscowosc><sln:miejscowosc><sln:cyklZyciaOd>2017-04-10T00:00:00+02:00</sln:cyklZyciaOd><sln:gmIIPId>9aa25896-114c-422a-96d2-a6a974acd47c</sln:gmIIPId><sln:gmIIPPn>PL.PZGIK.200</sln:gmIIPPn><sln:gmIIPWersja>2012-09-26T22:15:00+02:00</sln:gmIIPWersja><sln:gmIdTeryt>2002082</sln:gmIdTeryt><sln:gmNazwa>Poświętne</sln:gmNazwa><sln:miejscIIPId>f0d17689-992c-4710-814d-1741ceaea8c0</sln:miejscIIPId><sln:miejscIIPPn>PL.PZGIK.200</sln:miejscIIPPn><sln:miejscIIPWersja>2017-04-10T16:50:45+02:00</sln:miejscIIPWersja><sln:miejscIdTeryt>0038735</sln:miejscIdTeryt><sln:miejscNazwa>Porośl-Wojsławy</sln:miejscNazwa><sln:miejscRodzaj>Wieś</sln:miejscRodzaj><sln:powIIPId>c41931d3-4548-44da-b120-b57d20afe592</sln:powIIPId><sln:powIIPPn>PL.PZGIK.200</sln:powIIPPn><sln:powIIPWersja>2017-10-10T00:00:00+02:00</sln:powIIPWersja><sln:powIdTeryt>2002</sln:powIdTeryt><sln:powNazwa>białostocki</sln:powNazwa><sln:waznyOd>2012-12-11T00:00:00+01:00</sln:waznyOd><sln:wojIIPId>53ad7aea-d9d3-40c9-9a5c-ff737d5b076e</sln:wojIIPId><sln:wojIIPPn>PL.PZGIK.200</sln:wojIIPPn><sln:wojIIPWersja>2017-10-10T00:00:00+02:00</sln:wojIIPWersja><sln:wojIdTeryt>20</sln:wojIdTeryt><sln:wojNazwa>podlaskie</sln:wojNazwa></sln:miejscowosc><sln:miejscowosc><sln:cyklZyciaOd>2017-04-10T00:00:00+02:00</sln:cyklZyciaOd><sln:gmIIPId>9aa25896-114c-422a-96d2-a6a974acd47c</sln:gmIIPId><sln:gmIIPPn>PL.PZGIK.200</sln:gmIIPPn><sln:gmIIPWersja>2012-09-26T22:15:00+02:00</sln:gmIIPWersja><sln:gmIdTeryt>2002082</sln:gmIdTeryt><sln:gmNazwa>Poświętne</sln:gmNazwa><sln:miejscIIPId>839e23db-9bef-4141-8b04-0c79f87dbee9</sln:miejscIIPId><sln:miejscIIPPn>PL.PZGIK.200</sln:miejscIIPPn><sln:miejscIIPWersja>2017-04-10T16:50:45+02:00</sln:miejscIIPWersja><sln:miejscIdTeryt>0038741</sln:miejscIdTeryt><sln:miejscNazwa>Porośl-Głuchy</sln:miejscNazwa><sln:miejscRodzaj>Wieś</sln:miejscRodzaj><sln:powIIPId>c41931d3-4548-44da-b120-b57d20afe592</sln:powIIPId><sln:powIIPPn>PL.PZGIK.200</sln:powIIPPn><sln:powIIPWersja>2017-10-10T00:00:00+02:00</sln:powIIPWersja><sln:powIdTeryt>2002</sln:powIdTeryt><sln:powNazwa>białostocki</sln:powNazwa><sln:waznyOd>2012-12-11T00:00:00+01:00</sln:waznyOd><sln:wojIIPId>53ad7aea-d9d3-40c9-9a5c-ff737d5b076e</sln:wojIIPId><sln:wojIIPPn>PL.PZGIK.200</sln:wojIIPPn><sln:wojIIPWersja>2017-10-10T00:00:00+02:00</sln:wojIIPWersja><sln:wojIdTeryt>20</sln:wojIdTeryt><sln:wojNazwa>podlaskie</sln:wojNazwa></sln:miejscowosc><sln:miejscowosc><sln:cyklZyciaOd>2017-04-10T00:00:00+02:00</sln:cyklZyciaOd><sln:gmIIPId>9aa25896-114c-422a-96d2-a6a974acd47c</sln:gmIIPId><sln:gmIIPPn>PL.PZGIK.200</sln:gmIIPPn><sln:gmIIPWersja>2012-09-26T22:15:00+02:00</sln:gmIIPWersja><sln:gmIdTeryt>2002082</sln:gmIdTeryt><sln:gmNazwa>Poświętne</sln:gmNazwa><sln:miejscIIPId>a521b729-0540-4ca9-a139-d2c7650f3c35</sln:miejscIIPId><sln:miejscIIPPn>PL.PZGIK.200</sln:miejscIIPPn><sln:miejscIIPWersja>2017-04-10T16:50:45+02:00</sln:miejscIIPWersja><sln:miejscIdTeryt>0038758</sln:miejscIdTeryt><sln:miejscNazwa>Poświętne</sln:miejscNazwa><sln:miejscRodzaj>Wieś</sln:miejscRodzaj><sln:powIIPId>c41931d3-4548-44da-b120-b57d20afe592</sln:powIIPId><sln:powIIPPn>PL.PZGIK.200</sln:powIIPPn><sln:powIIPWersja>2017-10-10T00:00:00+02:00</sln:powIIPWersja><sln:powIdTeryt>2002</sln:powIdTeryt><sln:powNazwa>białostocki</sln:powNazwa><sln:waznyOd>2012-12-11T00:00:00+01:00</sln:waznyOd><sln:wojIIPId>53ad7aea-d9d3-40c9-9a5c-ff737d5b076e</sln:wojIIPId><sln:wojIIPPn>PL.PZGIK.200</sln:wojIIPPn><sln:wojIIPWersja>2017-10-10T00:00:00+02:00</sln:wojIIPWersja><sln:wojIdTeryt>20</sln:wojIdTeryt><sln:wojNazwa>podlaskie</sln:wojNazwa></sln:miejscowosc><sln:miejscowosc><sln:cyklZyciaOd>2017-04-10T00:00:00+02:00</sln:cyklZyciaOd><sln:gmIIPId>9aa25896-114c-422a-96d2-a6a974acd47c</sln:gmIIPId><sln:gmIIPPn>PL.PZGIK.200</sln:gmIIPPn><sln:gmIIPWersja>2012-09-26T22:15:00+02:00</sln:gmIIPWersja><sln:gmIdTeryt>2002082</sln:gmIdTeryt><sln:gmNazwa>Poświętne</sln:gmNazwa><sln:miejscIIPId>8ea9cfc1-a47c-4e3b-8e72-ebf5dddb28f7</sln:miejscIIPId><sln:miejscIIPPn>PL.PZGIK.200</sln:miejscIIPPn><sln:miejscIIPWersja>2017-04-10T16:50:46+02:00</sln:miejscIIPWersja><sln:miejscIdTeryt>0038770</sln:miejscIdTeryt><sln:miejscNazwa>Liza Stara</sln:miejscNazwa><sln:miejscRodzaj>Wieś</sln:miejscRodzaj><sln:powIIPId>c41931d3-4548-44da-b120-b57d20afe592</sln:powIIPId><sln:powIIPPn>PL.PZGIK.200</sln:powIIPPn><sln:powIIPWersja>2017-10-10T00:00:00+02:00</sln:powIIPWersja><sln:powIdTeryt>2002</sln:powIdTeryt><sln:powNazwa>białostocki</sln:powNazwa><sln:waznyOd>2012-12-11T00:00:00+01:00</sln:waznyOd><sln:wojIIPId>53ad7aea-d9d3-40c9-9a5c-ff737d5b076e</sln:wojIIPId><sln:wojIIPPn>PL.PZGIK.200</sln:wojIIPPn><sln:wojIIPWersja>2017-10-10T00:00:00+02:00</sln:wojIIPWersja><sln:wojIdTeryt>20</sln:wojIdTeryt><sln:wojNazwa>podlaskie</sln:wojNazwa></sln:miejscowosc><sln:miejscowosc><sln:cyklZyciaOd>2017-04-10T00:00:00+02:00</sln:cyklZyciaOd><sln:gmIIPId>9aa25896-114c-422a-96d2-a6a974acd47c</sln:gmIIPId><sln:gmIIPPn>PL.PZGIK.200</sln:gmIIPPn><sln:gmIIPWersja>2012-09-26T22:15:00+02:00</sln:gmIIPWersja><sln:gmIdTeryt>2002082</sln:gmIdTeryt><sln:gmNazwa>Poświętne</sln:gmNazwa><sln:miejscIIPId>b02889d3-130f-4643-a75b-49ed7c6df26f</sln:miejscIIPId><sln:miejscIIPPn>PL.PZGIK.200</sln:miejscIIPPn><sln:miejscIIPWersja>2017-04-10T16:50:46+02:00</sln:miejscIIPWersja><sln:miejscIdTeryt>0038793</sln:miejscIdTeryt><sln:miejscNazwa>Brzozowo Stare</sln:miejscNazwa><sln:miejscRodzaj>Wieś</sln:miejscRodzaj><sln:powIIPId>c41931d3-4548-44da-b120-b57d20afe592</sln:powIIPId><sln:powIIPPn>PL.PZGIK.200</sln:powIIPPn><sln:powIIPWersja>2017-10-10T00:00:00+02:00</sln:powIIPWersja><sln:powIdTeryt>2002</sln:powIdTeryt><sln:powNazwa>białostocki</sln:powNazwa><sln:waznyOd>2012-12-11T00:00:00+01:00</sln:waznyOd><sln:wojIIPId>53ad7aea-d9d3-40c9-9a5c-ff737d5b076e</sln:wojIIPId><sln:wojIIPPn>PL.PZGIK.200</sln:wojIIPPn><sln:wojIIPWersja>2017-10-10T00:00:00+02:00</sln:wojIIPWersja><sln:wojIdTeryt>20</sln:wojIdTeryt><sln:wojNazwa>podlaskie</sln:wojNazwa></sln:miejscowosc><sln:miejscowosc><sln:cyklZyciaOd>2017-04-10T00:00:00+02:00</sln:cyklZyciaOd><sln:gmIIPId>9aa25896-114c-422a-96d2-a6a974acd47c</sln:gmIIPId><sln:gmIIPPn>PL.PZGIK.200</sln:gmIIPPn><sln:gmIIPWersja>2012-09-26T22:15:00+02:00</sln:gmIIPWersja><sln:gmIdTeryt>2002082</sln:gmIdTeryt><sln:gmNazwa>Poświętne</sln:gmNazwa><sln:miejscIIPId>8ff92512-4e4e-4e3b-95b9-17d03ee8e5e5</sln:miejscIIPId><sln:miejscIIPPn>PL.PZGIK.200</sln:miejscIIPPn><sln:miejscIIPWersja>2017-04-10T16:50:46+02:00</sln:miejscIIPWersja><sln:miejscIdTeryt>0038801</sln:miejscIdTeryt><sln:miejscNazwa>Grochy</sln:miejscNazwa><sln:miejscRodzaj>Wieś</sln:miejscRodzaj><sln:powIIPId>c41931d3-4548-44da-b120-b57d20afe592</sln:powIIPId><sln:powIIPPn>PL.PZGIK.200</sln:powIIPPn><sln:powIIPWersja>2017-10-10T00:00:00+02:00</sln:powIIPWersja><sln:powIdTeryt>2002</sln:powIdTeryt><sln:powNazwa>białostocki</sln:powNazwa><sln:waznyOd>2012-12-11T00:00:00+01:00</sln:waznyOd><sln:wojIIPId>53ad7aea-d9d3-40c9-9a5c-ff737d5b076e</sln:wojIIPId><sln:wojIIPPn>PL.PZGIK.200</sln:wojIIPPn><sln:wojIIPWersja>2017-10-10T00:00:00+02:00</sln:wojIIPWersja><sln:wojIdTeryt>20</sln:wojIdTeryt><sln:wojNazwa>podlaskie</sln:wojNazwa></sln:miejscowosc><sln:miejscowosc><sln:cyklZyciaOd>2017-04-10T00:00:00+02:00</sln:cyklZyciaOd><sln:gmIIPId>9aa25896-114c-422a-96d2-a6a974acd47c</sln:gmIIPId><sln:gmIIPPn>PL.PZGIK.200</sln:gmIIPPn><sln:gmIIPWersja>2012-09-26T22:15:00+02:00</sln:gmIIPWersja><sln:gmIdTeryt>2002082</sln:gmIdTeryt><sln:gmNazwa>Poświętne</sln:gmNazwa><sln:miejscIIPId>7f7c6e4b-cf53-4747-bcf6-cba5f257a170</sln:miejscIIPId><sln:miejscIIPPn>PL.PZGIK.200</sln:miejscIIPPn><sln:miejscIIPWersja>2017-04-10T16:50:46+02:00</sln:miejscIIPWersja><sln:miejscIdTeryt>0038830</sln:miejscIdTeryt><sln:miejscNazwa>Wilkowo Stare</sln:miejscNazwa><sln:miejscRodzaj>Wieś</sln:miejscRodzaj><sln:powIIPId>c41931d3-4548-44da-b120-b57d20afe592</sln:powIIPId><sln:powIIPPn>PL.PZGIK.200</sln:powIIPPn><sln:powIIPWersja>2017-10-10T00:00:00+02:00</sln:powIIPWersja><sln:powIdTeryt>2002</sln:powIdTeryt><sln:powNazwa>białostocki</sln:powNazwa><sln:waznyOd>2012-12-11T00:00:00+01:00</sln:waznyOd><sln:wojIIPId>53ad7aea-d9d3-40c9-9a5c-ff737d5b076e</sln:wojIIPId><sln:wojIIPPn>PL.PZGIK.200</sln:wojIIPPn><sln:wojIIPWersja>2017-10-10T00:00:00+02:00</sln:wojIIPWersja><sln:wojIdTeryt>20</sln:wojIdTeryt><sln:wojNazwa>podlaskie</sln:wojNazwa></sln:miejscowosc><sln:miejscowosc><sln:cyklZyciaOd>2017-04-10T00:00:00+02:00</sln:cyklZyciaOd><sln:gmIIPId>9aa25896-114c-422a-96d2-a6a974acd47c</sln:gmIIPId><sln:gmIIPPn>PL.PZGIK.200</sln:gmIIPPn><sln:gmIIPWersja>2012-09-26T22:15:00+02:00</sln:gmIIPWersja><sln:gmIdTeryt>2002082</sln:gmIdTeryt><sln:gmNazwa>Poświętne</sln:gmNazwa><sln:miejscIIPId>ff5bf751-1ea3-45ab-81bf-c4aa2314e328</sln:miejscIIPId><sln:miejscIIPPn>PL.PZGIK.200</sln:miejscIIPPn><sln:miejscIIPWersja>2017-04-10T16:50:46+02:00</sln:miejscIIPWersja><sln:miejscIdTeryt>0038847</sln:miejscIdTeryt><sln:miejscNazwa>Zdrody Stare</sln:miejscNazwa><sln:miejscRodzaj>Wieś</sln:miejscRodzaj><sln:powIIPId>c41931d3-4548-44da-b120-b57d20afe592</sln:powIIPId><sln:powIIPPn>PL.PZGIK.200</sln:powIIPPn><sln:powIIPWersja>2017-10-10T00:00:00+02:00</sln:powIIPWersja><sln:powIdTeryt>2002</sln:powIdTeryt><sln:powNazwa>białostocki</sln:powNazwa><sln:waznyOd>2012-12-11T00:00:00+01:00</sln:waznyOd><sln:wojIIPId>53ad7aea-d9d3-40c9-9a5c-ff737d5b076e</sln:wojIIPId><sln:wojIIPPn>PL.PZGIK.200</sln:wojIIPPn><sln:wojIIPWersja>2017-10-10T00:00:00+02:00</sln:wojIIPWersja><sln:wojIdTeryt>20</sln:wojIdTeryt><sln:wojNazwa>podlaskie</sln:wojNazwa></sln:miejscowosc><sln:miejscowosc><sln:cyklZyciaOd>2017-04-10T00:00:00+02:00</sln:cyklZyciaOd><sln:gmIIPId>9aa25896-114c-422a-96d2-a6a974acd47c</sln:gmIIPId><sln:gmIIPPn>PL.PZGIK.200</sln:gmIIPPn><sln:gmIIPWersja>2012-09-26T22:15:00+02:00</sln:gmIIPWersja><sln:gmIdTeryt>2002082</sln:gmIdTeryt><sln:gmNazwa>Poświętne</sln:gmNazwa><sln:miejscIIPId>8417c8cc-3ea3-4e47-800d-a4471feeff9f</sln:miejscIIPId><sln:miejscIIPPn>PL.PZGIK.200</sln:miejscIIPPn><sln:miejscIIPWersja>2017-04-10T16:50:46+02:00</sln:miejscIIPWersja><sln:miejscIdTeryt>0038860</sln:miejscIdTeryt><sln:miejscNazwa>Turek</sln:miejscNazwa><sln:miejscRodzaj>Wieś</sln:miejscRodzaj><sln:powIIPId>c41931d3-4548-44da-b120-b57d20afe592</sln:powIIPId><sln:powIIPPn>PL.PZGIK.200</sln:powIIPPn><sln:powIIPWersja>2017-10-10T00:00:00+02:00</sln:powIIPWersja><sln:powIdTeryt>2002</sln:powIdTeryt><sln:powNazwa>białostocki</sln:powNazwa><sln:waznyOd>2012-12-13T00:00:00+01:00</sln:waznyOd><sln:wojIIPId>53ad7aea-d9d3-40c9-9a5c-ff737d5b076e</sln:wojIIPId><sln:wojIIPPn>PL.PZGIK.200</sln:wojIIPPn><sln:wojIIPWersja>2017-10-10T00:00:00+02:00</sln:wojIIPWersja><sln:wojIdTeryt>20</sln:wojIdTeryt><sln:wojNazwa>podlaskie</sln:wojNazwa></sln:miejscowosc><sln:miejscowosc><sln:cyklZyciaOd>2017-04-10T00:00:00+02:00</sln:cyklZyciaOd><sln:gmIIPId>9aa25896-114c-422a-96d2-a6a974acd47c</sln:gmIIPId><sln:gmIIPPn>PL.PZGIK.200</sln:gmIIPPn><sln:gmIIPWersja>2012-09-26T22:15:00+02:00</sln:gmIIPWersja><sln:gmIdTeryt>2002082</sln:gmIdTeryt><sln:gmNazwa>Poświętne</sln:gmNazwa><sln:miejscIIPId>0acc3caa-6f56-49be-bd57-4ffbcd0377a5</sln:miejscIIPId><sln:miejscIIPPn>PL.PZGIK.200</sln:miejscIIPPn><sln:miejscIIPWersja>2017-04-10T16:50:46+02:00</sln:miejscIIPWersja><sln:miejscIdTeryt>0038876</sln:miejscIdTeryt><sln:miejscNazwa>Wołkuny</sln:miejscNazwa><sln:miejscRodzaj>Wieś</sln:miejscRodzaj><sln:powIIPId>c41931d3-4548-44da-b120-b57d20afe592</sln:powIIPId><sln:powIIPPn>PL.PZGIK.200</sln:powIIPPn><sln:powIIPWersja>2017-10-10T00:00:00+02:00</sln:powIIPWersja><sln:powIdTeryt>2002</sln:powIdTeryt><sln:powNazwa>białostocki</sln:powNazwa><sln:waznyOd>2012-12-11T00:00:00+01:00</sln:waznyOd><sln:wojIIPId>53ad7aea-d9d3-40c9-9a5c-ff737d5b076e</sln:wojIIPId><sln:wojIIPPn>PL.PZGIK.200</sln:wojIIPPn><sln:wojIIPWersja>2017-10-10T00:00:00+02:00</sln:wojIIPWersja><sln:wojIdTeryt>20</sln:wojIdTeryt><sln:wojNazwa>podlaskie</sln:wojNazwa></sln:miejscowosc></sln:lista-miejscowosci>