<?xml version="1.0" encoding="UTF-8" standalone="yes"?><sln:lista-miejscowosci xmlns:srv="http://gugik.gov.pl/schemas/slowniki-service/1.0" xmlns:sln="http://gugik.gov.pl/schemas/slowniki-schema/1.0"><sln:miejscowosc><sln:cyklZyciaDo>2017-04-10T00:00:00+02:00</sln:cyklZyciaDo><sln:cyklZyciaOd>2015-11-17T00:00:00+01:00</sln:cyklZyciaOd><sln:gmIIPId>7d8e50cb-e5a4-446f-8e30-9054474454d1</sln:gmIIPId><sln:gmIIPPn>PL.PZGIK.200</sln:gmIIPPn><sln:gmIIPWersja>2017-10-10T00:00:00+02:00</sln:gmIIPWersja><sln:gmIdTeryt>2005073</sln:gmIdTeryt><sln:gmNazwa>Kleszczele</sln:gmNazwa><sln:miejscIIPId>e18691b6-b402-4220-9323-d090ba4460e9</sln:miejscIIPId><sln:miejscIIPPn>PL.PZGIK.200</sln:miejscIIPPn><sln:miejscIIPWersja>2016-11-24T08:40:47+02:00</sln:miejscIIPWersja><sln:miejscIdTeryt>0031644</sln:miejscIdTeryt><sln:miejscNazwa>Biała Straż</sln:miejscNazwa><sln:miejscRodzaj>Wieś</sln:miejscRodzaj><sln:powIIPId>369919c1-3696-4542-ab7f-f52566d382f5</sln:powIIPId><sln:powIIPPn>PL.PZGIK.200</sln:powIIPPn><sln:powIIPWersja>2017-10-10T00:00:00+02:00</sln:powIIPWersja><sln:powIdTeryt>2005</sln:powIdTeryt><sln:powNazwa>hajnowski</sln:powNazwa><sln:waznyOd>2015-02-02T00:00:00+01:00</sln:waznyOd><sln:wojIIPId>53ad7aea-d9d3-40c9-9a5c-ff737d5b076e</sln:wojIIPId><sln:wojIIPPn>PL.PZGIK.200</sln:wojIIPPn><sln:wojIIPWersja>2017-10-10T00:00:00+02:00</sln:wojIIPWersja><sln:wojIdTeryt>20</sln:wojIdTeryt><sln:wojNazwa>podlaskie</sln:wojNazwa></sln:miejscowosc><sln:miejscowosc><sln:cyklZyciaDo>2017-04-10T00:00:00+02:00</sln:cyklZyciaDo><sln:cyklZyciaOd>2015-11-17T00:00:00+01:00</sln:cyklZyciaOd><sln:gmIIPId>7d8e50cb-e5a4-446f-8e30-9054474454d1</sln:gmIIPId><sln:gmIIPPn>PL.PZGIK.200</sln:gmIIPPn><sln:gmIIPWersja>2017-10-10T00:00:00+02:00</sln:gmIIPWersja><sln:gmIdTeryt>2005073</sln:gmIdTeryt><sln:gmNazwa>Kleszczele</sln:gmNazwa><sln:miejscIIPId>52345e74-0938-4e09-b21f-bdf893751381</sln:miejscIIPId><sln:miejscIIPPn>PL.PZGIK.200</sln:miejscIIPPn><sln:miejscIIPWersja>2016-11-24T08:40:47+02:00</sln:miejscIIPWersja><sln:miejscIdTeryt>0031667</sln:miejscIdTeryt><sln:miejscNazwa>Dasze</sln:miejscNazwa><sln:miejscRodzaj>Wieś</sln:miejscRodzaj><sln:powIIPId>369919c1-3696-4542-ab7f-f52566d382f5</sln:powIIPId><sln:powIIPPn>PL.PZGIK.200</sln:powIIPPn><sln:powIIPWersja>2017-10-10T00:00:00+02:00</sln:powIIPWersja><sln:powIdTeryt>2005</sln:powIdTeryt><sln:powNazwa>hajnowski</sln:powNazwa><sln:waznyOd>2015-02-02T00:00:00+01:00</sln:waznyOd><sln:wojIIPId>53ad7aea-d9d3-40c9-9a5c-ff737d5b076e</sln:wojIIPId><sln:wojIIPPn>PL.PZGIK.200</sln:wojIIPPn><sln:wojIIPWersja>2017-10-10T00:00:00+02:00</sln:wojIIPWersja><sln:wojIdTeryt>20</sln:wojIdTeryt><sln:wojNazwa>podlaskie</sln:wojNazwa></sln:miejscowosc><sln:miejscowosc><sln:cyklZyciaDo>2017-04-10T00:00:00+02:00</sln:cyklZyciaDo><sln:cyklZyciaOd>2015-11-17T00:00:00+01:00</sln:cyklZyciaOd><sln:gmIIPId>7d8e50cb-e5a4-446f-8e30-9054474454d1</sln:gmIIPId><sln:gmIIPPn>PL.PZGIK.200</sln:gmIIPPn><sln:gmIIPWersja>2017-10-10T00:00:00+02:00</sln:gmIIPWersja><sln:gmIdTeryt>2005073</sln:gmIdTeryt><sln:gmNazwa>Kleszczele</sln:gmNazwa><sln:miejscIIPId>9a1120f4-95cb-4f80-8901-93cc3f92fd84</sln:miejscIIPId><sln:miejscIIPPn>PL.PZGIK.200</sln:miejscIIPPn><sln:miejscIIPWersja>2016-11-24T08:40:47+02:00</sln:miejscIIPWersja><sln:miejscIdTeryt>0031673</sln:miejscIdTeryt><sln:miejscNazwa>Dobrowoda</sln:miejscNazwa><sln:miejscRodzaj>Wieś</sln:miejscRodzaj><sln:powIIPId>369919c1-3696-4542-ab7f-f52566d382f5</sln:powIIPId><sln:powIIPPn>PL.PZGIK.200</sln:powIIPPn><sln:powIIPWersja>2017-10-10T00:00:00+02:00</sln:powIIPWersja><sln:powIdTeryt>2005</sln:powIdTeryt><sln:powNazwa>hajnowski</sln:powNazwa><sln:waznyOd>2015-02-02T00:00:00+01:00</sln:waznyOd><sln:wojIIPId>53ad7aea-d9d3-40c9-9a5c-ff737d5b076e</sln:wojIIPId><sln:wojIIPPn>PL.PZGIK.200</sln:wojIIPPn><sln:wojIIPWersja>2017-10-10T00:00:00+02:00</sln:wojIIPWersja><sln:wojIdTeryt>20</sln:wojIdTeryt><sln:wojNazwa>podlaskie</sln:wojNazwa></sln:miejscowosc><sln:miejscowosc><sln:cyklZyciaDo>2017-04-10T00:00:00+02:00</sln:cyklZyciaDo><sln:cyklZyciaOd>2015-11-17T00:00:00+01:00</sln:cyklZyciaOd><sln:gmIIPId>7d8e50cb-e5a4-446f-8e30-9054474454d1</sln:gmIIPId><sln:gmIIPPn>PL.PZGIK.200</sln:gmIIPPn><sln:gmIIPWersja>2017-10-10T00:00:00+02:00</sln:gmIIPWersja><sln:gmIdTeryt>2005073</sln:gmIdTeryt><sln:gmNazwa>Kleszczele</sln:gmNazwa><sln:miejscIIPId>6793a64f-04bf-4ce9-94c4-253705ba1c05</sln:miejscIIPId><sln:miejscIIPPn>PL.PZGIK.200</sln:miejscIIPPn><sln:miejscIIPWersja>2016-11-24T08:40:47+02:00</sln:miejscIIPWersja><sln:miejscIdTeryt>0031680</sln:miejscIdTeryt><sln:miejscNazwa>Gruzka</sln:miejscNazwa><sln:miejscRodzaj>Wieś</sln:miejscRodzaj><sln:powIIPId>369919c1-3696-4542-ab7f-f52566d382f5</sln:powIIPId><sln:powIIPPn>PL.PZGIK.200</sln:powIIPPn><sln:powIIPWersja>2017-10-10T00:00:00+02:00</sln:powIIPWersja><sln:powIdTeryt>2005</sln:powIdTeryt><sln:powNazwa>hajnowski</sln:powNazwa><sln:waznyOd>2015-02-02T00:00:00+01:00</sln:waznyOd><sln:wojIIPId>53ad7aea-d9d3-40c9-9a5c-ff737d5b076e</sln:wojIIPId><sln:wojIIPPn>PL.PZGIK.200</sln:wojIIPPn><sln:wojIIPWersja>2017-10-10T00:00:00+02:00</sln:wojIIPWersja><sln:wojIdTeryt>20</sln:wojIdTeryt><sln:wojNazwa>podlaskie</sln:wojNazwa></sln:miejscowosc><sln:miejscowosc><sln:cyklZyciaDo>2017-04-10T00:00:00+02:00</sln:cyklZyciaDo><sln:cyklZyciaOd>2015-11-17T00:00:00+01:00</sln:cyklZyciaOd><sln:gmIIPId>7d8e50cb-e5a4-446f-8e30-9054474454d1</sln:gmIIPId><sln:gmIIPPn>PL.PZGIK.200</sln:gmIIPPn><sln:gmIIPWersja>2017-10-10T00:00:00+02:00</sln:gmIIPWersja><sln:gmIdTeryt>2005073</sln:gmIdTeryt><sln:gmNazwa>Kleszczele</sln:gmNazwa><sln:miejscIIPId>1b66b538-d2a2-4371-8c6f-0edd4c053ad4</sln:miejscIIPId><sln:miejscIIPPn>PL.PZGIK.200</sln:miejscIIPPn><sln:miejscIIPWersja>2016-11-24T08:40:47+02:00</sln:miejscIIPWersja><sln:miejscIdTeryt>0031727</sln:miejscIdTeryt><sln:miejscNazwa>Kleszczele</sln:miejscNazwa><sln:miejscRodzaj>Miasto</sln:miejscRodzaj><sln:powIIPId>369919c1-3696-4542-ab7f-f52566d382f5</sln:powIIPId><sln:powIIPPn>PL.PZGIK.200</sln:powIIPPn><sln:powIIPWersja>2017-10-10T00:00:00+02:00</sln:powIIPWersja><sln:powIdTeryt>2005</sln:powIdTeryt><sln:powNazwa>hajnowski</sln:powNazwa><sln:waznyOd>2015-02-02T00:00:00+01:00</sln:waznyOd><sln:wojIIPId>53ad7aea-d9d3-40c9-9a5c-ff737d5b076e</sln:wojIIPId><sln:wojIIPPn>PL.PZGIK.200</sln:wojIIPPn><sln:wojIIPWersja>2017-10-10T00:00:00+02:00</sln:wojIIPWersja><sln:wojIdTeryt>20</sln:wojIdTeryt><sln:wojNazwa>podlaskie</sln:wojNazwa></sln:miejscowosc><sln:miejscowosc><sln:cyklZyciaDo>2017-04-10T00:00:00+02:00</sln:cyklZyciaDo><sln:cyklZyciaOd>2015-11-17T00:00:00+01:00</sln:cyklZyciaOd><sln:gmIIPId>7d8e50cb-e5a4-446f-8e30-9054474454d1</sln:gmIIPId><sln:gmIIPPn>PL.PZGIK.200</sln:gmIIPPn><sln:gmIIPWersja>2017-10-10T00:00:00+02:00</sln:gmIIPWersja><sln:gmIdTeryt>2005073</sln:gmIdTeryt><sln:gmNazwa>Kleszczele</sln:gmNazwa><sln:miejscIIPId>5386521d-a1f0-42ae-ac5e-782a36ec8231</sln:miejscIIPId><sln:miejscIIPPn>PL.PZGIK.200</sln:miejscIIPPn><sln:miejscIIPWersja>2016-11-24T08:40:47+02:00</sln:miejscIIPWersja><sln:miejscIdTeryt>0031957</sln:miejscIdTeryt><sln:miejscNazwa>Kośna</sln:miejscNazwa><sln:miejscRodzaj>Kolonia</sln:miejscRodzaj><sln:powIIPId>369919c1-3696-4542-ab7f-f52566d382f5</sln:powIIPId><sln:powIIPPn>PL.PZGIK.200</sln:powIIPPn><sln:powIIPWersja>2017-10-10T00:00:00+02:00</sln:powIIPWersja><sln:powIdTeryt>2005</sln:powIdTeryt><sln:powNazwa>hajnowski</sln:powNazwa><sln:waznyOd>2015-02-02T00:00:00+01:00</sln:waznyOd><sln:wojIIPId>53ad7aea-d9d3-40c9-9a5c-ff737d5b076e</sln:wojIIPId><sln:wojIIPPn>PL.PZGIK.200</sln:wojIIPPn><sln:wojIIPWersja>2017-10-10T00:00:00+02:00</sln:wojIIPWersja><sln:wojIdTeryt>20</sln:wojIdTeryt><sln:wojNazwa>podlaskie</sln:wojNazwa></sln:miejscowosc><sln:miejscowosc><sln:cyklZyciaDo>2017-04-10T00:00:00+02:00</sln:cyklZyciaDo><sln:cyklZyciaOd>2015-11-17T00:00:00+01:00</sln:cyklZyciaOd><sln:gmIIPId>7d8e50cb-e5a4-446f-8e30-9054474454d1</sln:gmIIPId><sln:gmIIPPn>PL.PZGIK.200</sln:gmIIPPn><sln:gmIIPWersja>2017-10-10T00:00:00+02:00</sln:gmIIPWersja><sln:gmIdTeryt>2005073</sln:gmIdTeryt><sln:gmNazwa>Kleszczele</sln:gmNazwa><sln:miejscIIPId>f7c0fa40-c15f-4709-9f3d-6b79055add40</sln:miejscIIPId><sln:miejscIIPPn>PL.PZGIK.200</sln:miejscIIPPn><sln:miejscIIPWersja>2016-11-24T08:40:47+02:00</sln:miejscIIPWersja><sln:miejscIdTeryt>0031740</sln:miejscIdTeryt><sln:miejscNazwa>Kuraszewo</sln:miejscNazwa><sln:miejscRodzaj>Wieś</sln:miejscRodzaj><sln:powIIPId>369919c1-3696-4542-ab7f-f52566d382f5</sln:powIIPId><sln:powIIPPn>PL.PZGIK.200</sln:powIIPPn><sln:powIIPWersja>2017-10-10T00:00:00+02:00</sln:powIIPWersja><sln:powIdTeryt>2005</sln:powIdTeryt><sln:powNazwa>hajnowski</sln:powNazwa><sln:waznyOd>2015-02-02T00:00:00+01:00</sln:waznyOd><sln:wojIIPId>53ad7aea-d9d3-40c9-9a5c-ff737d5b076e</sln:wojIIPId><sln:wojIIPPn>PL.PZGIK.200</sln:wojIIPPn><sln:wojIIPWersja>2017-10-10T00:00:00+02:00</sln:wojIIPWersja><sln:wojIdTeryt>20</sln:wojIdTeryt><sln:wojNazwa>podlaskie</sln:wojNazwa></sln:miejscowosc><sln:miejscowosc><sln:cyklZyciaDo>2017-04-10T00:00:00+02:00</sln:cyklZyciaDo><sln:cyklZyciaOd>2015-11-17T00:00:00+01:00</sln:cyklZyciaOd><sln:gmIIPId>7d8e50cb-e5a4-446f-8e30-9054474454d1</sln:gmIIPId><sln:gmIIPPn>PL.PZGIK.200</sln:gmIIPPn><sln:gmIIPWersja>2017-10-10T00:00:00+02:00</sln:gmIIPWersja><sln:gmIdTeryt>2005073</sln:gmIdTeryt><sln:gmNazwa>Kleszczele</sln:gmNazwa><sln:miejscIIPId>8f78d7a0-5703-4347-bb86-891091caa48c</sln:miejscIIPId><sln:miejscIIPPn>PL.PZGIK.200</sln:miejscIIPPn><sln:miejscIIPWersja>2016-11-24T08:40:47+02:00</sln:miejscIIPWersja><sln:miejscIdTeryt>0031756</sln:miejscIdTeryt><sln:miejscNazwa>Piotrowszczyzna</sln:miejscNazwa><sln:miejscRodzaj>Wieś</sln:miejscRodzaj><sln:powIIPId>369919c1-3696-4542-ab7f-f52566d382f5</sln:powIIPId><sln:powIIPPn>PL.PZGIK.200</sln:powIIPPn><sln:powIIPWersja>2017-10-10T00:00:00+02:00</sln:powIIPWersja><sln:powIdTeryt>2005</sln:powIdTeryt><sln:powNazwa>hajnowski</sln:powNazwa><sln:waznyOd>2015-02-02T00:00:00+01:00</sln:waznyOd><sln:wojIIPId>53ad7aea-d9d3-40c9-9a5c-ff737d5b076e</sln:wojIIPId><sln:wojIIPPn>PL.PZGIK.200</sln:wojIIPPn><sln:wojIIPWersja>2017-10-10T00:00:00+02:00</sln:wojIIPWersja><sln:wojIdTeryt>20</sln:wojIdTeryt><sln:wojNazwa>podlaskie</sln:wojNazwa></sln:miejscowosc><sln:miejscowosc><sln:cyklZyciaDo>2017-04-10T00:00:00+02:00</sln:cyklZyciaDo><sln:cyklZyciaOd>2015-11-17T00:00:00+01:00</sln:cyklZyciaOd><sln:gmIIPId>7d8e50cb-e5a4-446f-8e30-9054474454d1</sln:gmIIPId><sln:gmIIPPn>PL.PZGIK.200</sln:gmIIPPn><sln:gmIIPWersja>2017-10-10T00:00:00+02:00</sln:gmIIPWersja><sln:gmIdTeryt>2005073</sln:gmIdTeryt><sln:gmNazwa>Kleszczele</sln:gmNazwa><sln:miejscIIPId>4d97a682-9e1b-4103-a61b-a7a157f9c1d2</sln:miejscIIPId><sln:miejscIIPPn>PL.PZGIK.200</sln:miejscIIPPn><sln:miejscIIPWersja>2016-11-24T08:40:47+02:00</sln:miejscIIPWersja><sln:miejscIdTeryt>0031762</sln:miejscIdTeryt><sln:miejscNazwa>Pogreby</sln:miejscNazwa><sln:miejscRodzaj>Wieś</sln:miejscRodzaj><sln:powIIPId>369919c1-3696-4542-ab7f-f52566d382f5</sln:powIIPId><sln:powIIPPn>PL.PZGIK.200</sln:powIIPPn><sln:powIIPWersja>2017-10-10T00:00:00+02:00</sln:powIIPWersja><sln:powIdTeryt>2005</sln:powIdTeryt><sln:powNazwa>hajnowski</sln:powNazwa><sln:waznyOd>2015-02-02T00:00:00+01:00</sln:waznyOd><sln:wojIIPId>53ad7aea-d9d3-40c9-9a5c-ff737d5b076e</sln:wojIIPId><sln:wojIIPPn>PL.PZGIK.200</sln:wojIIPPn><sln:wojIIPWersja>2017-10-10T00:00:00+02:00</sln:wojIIPWersja><sln:wojIdTeryt>20</sln:wojIdTeryt><sln:wojNazwa>podlaskie</sln:wojNazwa></sln:miejscowosc><sln:miejscowosc><sln:cyklZyciaDo>2017-04-10T00:00:00+02:00</sln:cyklZyciaDo><sln:cyklZyciaOd>2015-11-17T00:00:00+01:00</sln:cyklZyciaOd><sln:gmIIPId>7d8e50cb-e5a4-446f-8e30-9054474454d1</sln:gmIIPId><sln:gmIIPPn>PL.PZGIK.200</sln:gmIIPPn><sln:gmIIPWersja>2017-10-10T00:00:00+02:00</sln:gmIIPWersja><sln:gmIdTeryt>2005073</sln:gmIdTeryt><sln:gmNazwa>Kleszczele</sln:gmNazwa><sln:miejscIIPId>e72e3f94-b2a0-4084-9aaa-ab8769efc89b</sln:miejscIIPId><sln:miejscIIPPn>PL.PZGIK.200</sln:miejscIIPPn><sln:miejscIIPWersja>2016-11-24T08:40:47+02:00</sln:miejscIIPWersja><sln:miejscIdTeryt>0031779</sln:miejscIdTeryt><sln:miejscNazwa>Policzna</sln:miejscNazwa><sln:miejscRodzaj>Wieś</sln:miejscRodzaj><sln:powIIPId>369919c1-3696-4542-ab7f-f52566d382f5</sln:powIIPId><sln:powIIPPn>PL.PZGIK.200</sln:powIIPPn><sln:powIIPWersja>2017-10-10T00:00:00+02:00</sln:powIIPWersja><sln:powIdTeryt>2005</sln:powIdTeryt><sln:powNazwa>hajnowski</sln:powNazwa><sln:waznyOd>2015-02-02T00:00:00+01:00</sln:waznyOd><sln:wojIIPId>53ad7aea-d9d3-40c9-9a5c-ff737d5b076e</sln:wojIIPId><sln:wojIIPPn>PL.PZGIK.200</sln:wojIIPPn><sln:wojIIPWersja>2017-10-10T00:00:00+02:00</sln:wojIIPWersja><sln:wojIdTeryt>20</sln:wojIdTeryt><sln:wojNazwa>podlaskie</sln:wojNazwa></sln:miejscowosc><sln:miejscowosc><sln:cyklZyciaDo>2017-04-10T00:00:00+02:00</sln:cyklZyciaDo><sln:cyklZyciaOd>2015-11-17T00:00:00+01:00</sln:cyklZyciaOd><sln:gmIIPId>7d8e50cb-e5a4-446f-8e30-9054474454d1</sln:gmIIPId><sln:gmIIPPn>PL.PZGIK.200</sln:gmIIPPn><sln:gmIIPWersja>2017-10-10T00:00:00+02:00</sln:gmIIPWersja><sln:gmIdTeryt>2005073</sln:gmIdTeryt><sln:gmNazwa>Kleszczele</sln:gmNazwa><sln:miejscIIPId>cadd2a91-eca6-47c1-b690-e79737cf72c3</sln:miejscIIPId><sln:miejscIIPPn>PL.PZGIK.200</sln:miejscIIPPn><sln:miejscIIPWersja>2016-11-24T08:40:47+02:00</sln:miejscIIPWersja><sln:miejscIdTeryt>0031785</sln:miejscIdTeryt><sln:miejscNazwa>Repczyce</sln:miejscNazwa><sln:miejscRodzaj>Wieś</sln:miejscRodzaj><sln:powIIPId>369919c1-3696-4542-ab7f-f52566d382f5</sln:powIIPId><sln:powIIPPn>PL.PZGIK.200</sln:powIIPPn><sln:powIIPWersja>2017-10-10T00:00:00+02:00</sln:powIIPWersja><sln:powIdTeryt>2005</sln:powIdTeryt><sln:powNazwa>hajnowski</sln:powNazwa><sln:waznyOd>2015-02-02T00:00:00+01:00</sln:waznyOd><sln:wojIIPId>53ad7aea-d9d3-40c9-9a5c-ff737d5b076e</sln:wojIIPId><sln:wojIIPPn>PL.PZGIK.200</sln:wojIIPPn><sln:wojIIPWersja>2017-10-10T00:00:00+02:00</sln:wojIIPWersja><sln:wojIdTeryt>20</sln:wojIdTeryt><sln:wojNazwa>podlaskie</sln:wojNazwa></sln:miejscowosc><sln:miejscowosc><sln:cyklZyciaDo>2017-04-10T00:00:00+02:00</sln:cyklZyciaDo><sln:cyklZyciaOd>2015-11-17T00:00:00+01:00</sln:cyklZyciaOd><sln:gmIIPId>7d8e50cb-e5a4-446f-8e30-9054474454d1</sln:gmIIPId><sln:gmIIPPn>PL.PZGIK.200</sln:gmIIPPn><sln:gmIIPWersja>2017-10-10T00:00:00+02:00</sln:gmIIPWersja><sln:gmIdTeryt>2005073</sln:gmIdTeryt><sln:gmNazwa>Kleszczele</sln:gmNazwa><sln:miejscIIPId>422d0e91-227f-420c-ac41-b061efa56f20</sln:miejscIIPId><sln:miejscIIPPn>PL.PZGIK.200</sln:miejscIIPPn><sln:miejscIIPWersja>2016-11-24T08:40:47+02:00</sln:miejscIIPWersja><sln:miejscIdTeryt>0031791</sln:miejscIdTeryt><sln:miejscNazwa>Saki</sln:miejscNazwa><sln:miejscRodzaj>Wieś</sln:miejscRodzaj><sln:powIIPId>369919c1-3696-4542-ab7f-f52566d382f5</sln:powIIPId><sln:powIIPPn>PL.PZGIK.200</sln:powIIPPn><sln:powIIPWersja>2017-10-10T00:00:00+02:00</sln:powIIPWersja><sln:powIdTeryt>2005</sln:powIdTeryt><sln:powNazwa>hajnowski</sln:powNazwa><sln:waznyOd>2015-02-02T00:00:00+01:00</sln:waznyOd><sln:wojIIPId>53ad7aea-d9d3-40c9-9a5c-ff737d5b076e</sln:wojIIPId><sln:wojIIPPn>PL.PZGIK.200</sln:wojIIPPn><sln:wojIIPWersja>2017-10-10T00:00:00+02:00</sln:wojIIPWersja><sln:wojIdTeryt>20</sln:wojIdTeryt><sln:wojNazwa>podlaskie</sln:wojNazwa></sln:miejscowosc><sln:miejscowosc><sln:cyklZyciaDo>2017-04-10T00:00:00+02:00</sln:cyklZyciaDo><sln:cyklZyciaOd>2015-11-17T00:00:00+01:00</sln:cyklZyciaOd><sln:gmIIPId>7d8e50cb-e5a4-446f-8e30-9054474454d1</sln:gmIIPId><sln:gmIIPPn>PL.PZGIK.200</sln:gmIIPPn><sln:gmIIPWersja>2017-10-10T00:00:00+02:00</sln:gmIIPWersja><sln:gmIdTeryt>2005073</sln:gmIdTeryt><sln:gmNazwa>Kleszczele</sln:gmNazwa><sln:miejscIIPId>b6efb2a5-33b2-49b1-9c6b-46e132150ea6</sln:miejscIIPId><sln:miejscIIPPn>PL.PZGIK.200</sln:miejscIIPPn><sln:miejscIIPWersja>2016-11-24T08:40:47+02:00</sln:miejscIIPWersja><sln:miejscIdTeryt>0031897</sln:miejscIdTeryt><sln:miejscNazwa>Suchowolce</sln:miejscNazwa><sln:miejscRodzaj>Wieś</sln:miejscRodzaj><sln:powIIPId>369919c1-3696-4542-ab7f-f52566d382f5</sln:powIIPId><sln:powIIPPn>PL.PZGIK.200</sln:powIIPPn><sln:powIIPWersja>2017-10-10T00:00:00+02:00</sln:powIIPWersja><sln:powIdTeryt>2005</sln:powIdTeryt><sln:powNazwa>hajnowski</sln:powNazwa><sln:waznyOd>2015-02-02T00:00:00+01:00</sln:waznyOd><sln:wojIIPId>53ad7aea-d9d3-40c9-9a5c-ff737d5b076e</sln:wojIIPId><sln:wojIIPPn>PL.PZGIK.200</sln:wojIIPPn><sln:wojIIPWersja>2017-10-10T00:00:00+02:00</sln:wojIIPWersja><sln:wojIdTeryt>20</sln:wojIdTeryt><sln:wojNazwa>podlaskie</sln:wojNazwa></sln:miejscowosc><sln:miejscowosc><sln:cyklZyciaDo>2017-04-10T00:00:00+02:00</sln:cyklZyciaDo><sln:cyklZyciaOd>2015-11-17T00:00:00+01:00</sln:cyklZyciaOd><sln:gmIIPId>7d8e50cb-e5a4-446f-8e30-9054474454d1</sln:gmIIPId><sln:gmIIPPn>PL.PZGIK.200</sln:gmIIPPn><sln:gmIIPWersja>2017-10-10T00:00:00+02:00</sln:gmIIPWersja><sln:gmIdTeryt>2005073</sln:gmIdTeryt><sln:gmNazwa>Kleszczele</sln:gmNazwa><sln:miejscIIPId>3bb3f0fa-118d-43ef-bd88-c51660f2b563</sln:miejscIIPId><sln:miejscIIPPn>PL.PZGIK.200</sln:miejscIIPPn><sln:miejscIIPWersja>2016-11-24T08:40:47+02:00</sln:miejscIIPWersja><sln:miejscIdTeryt>0031905</sln:miejscIdTeryt><sln:miejscNazwa>Toporki</sln:miejscNazwa><sln:miejscRodzaj>Wieś</sln:miejscRodzaj><sln:powIIPId>369919c1-3696-4542-ab7f-f52566d382f5</sln:powIIPId><sln:powIIPPn>PL.PZGIK.200</sln:powIIPPn><sln:powIIPWersja>2017-10-10T00:00:00+02:00</sln:powIIPWersja><sln:powIdTeryt>2005</sln:powIdTeryt><sln:powNazwa>hajnowski</sln:powNazwa><sln:waznyOd>2015-02-02T00:00:00+01:00</sln:waznyOd><sln:wojIIPId>53ad7aea-d9d3-40c9-9a5c-ff737d5b076e</sln:wojIIPId><sln:wojIIPPn>PL.PZGIK.200</sln:wojIIPPn><sln:wojIIPWersja>2017-10-10T00:00:00+02:00</sln:wojIIPWersja><sln:wojIdTeryt>20</sln:wojIdTeryt><sln:wojNazwa>podlaskie</sln:wojNazwa></sln:miejscowosc><sln:miejscowosc><sln:cyklZyciaDo>2017-04-10T00:00:00+02:00</sln:cyklZyciaDo><sln:cyklZyciaOd>2015-11-17T00:00:00+01:00</sln:cyklZyciaOd><sln:gmIIPId>7d8e50cb-e5a4-446f-8e30-9054474454d1</sln:gmIIPId><sln:gmIIPPn>PL.PZGIK.200</sln:gmIIPPn><sln:gmIIPWersja>2017-10-10T00:00:00+02:00</sln:gmIIPWersja><sln:gmIdTeryt>2005073</sln:gmIdTeryt><sln:gmNazwa>Kleszczele</sln:gmNazwa><sln:miejscIIPId>ce8c2dd2-de6b-418f-99ad-d242c9010205</sln:miejscIIPId><sln:miejscIIPPn>PL.PZGIK.200</sln:miejscIIPPn><sln:miejscIIPWersja>2016-11-24T08:40:47+02:00</sln:miejscIIPWersja><sln:miejscIdTeryt>0031911</sln:miejscIdTeryt><sln:miejscNazwa>Zaleszany</sln:miejscNazwa><sln:miejscRodzaj>Wieś</sln:miejscRodzaj><sln:powIIPId>369919c1-3696-4542-ab7f-f52566d382f5</sln:powIIPId><sln:powIIPPn>PL.PZGIK.200</sln:powIIPPn><sln:powIIPWersja>2017-10-10T00:00:00+02:00</sln:powIIPWersja><sln:powIdTeryt>2005</sln:powIdTeryt><sln:powNazwa>hajnowski</sln:powNazwa><sln:waznyOd>2015-02-02T00:00:00+01:00</sln:waznyOd><sln:wojIIPId>53ad7aea-d9d3-40c9-9a5c-ff737d5b076e</sln:wojIIPId><sln:wojIIPPn>PL.PZGIK.200</sln:wojIIPPn><sln:wojIIPWersja>2017-10-10T00:00:00+02:00</sln:wojIIPWersja><sln:wojIdTeryt>20</sln:wojIdTeryt><sln:wojNazwa>podlaskie</sln:wojNazwa></sln:miejscowosc><sln:miejscowosc><sln:cyklZyciaDo>2017-04-10T00:00:00+02:00</sln:cyklZyciaDo><sln:cyklZyciaOd>2015-11-17T00:00:00+01:00</sln:cyklZyciaOd><sln:gmIIPId>7d8e50cb-e5a4-446f-8e30-9054474454d1</sln:gmIIPId><sln:gmIIPPn>PL.PZGIK.200</sln:gmIIPPn><sln:gmIIPWersja>2017-10-10T00:00:00+02:00</sln:gmIIPWersja><sln:gmIdTeryt>2005073</sln:gmIdTeryt><sln:gmNazwa>Kleszczele</sln:gmNazwa><sln:miejscIIPId>5115cf41-26f3-4c29-93e0-35534829da31</sln:miejscIIPId><sln:miejscIIPPn>PL.PZGIK.200</sln:miejscIIPPn><sln:miejscIIPWersja>2016-11-24T08:40:47+02:00</sln:miejscIIPWersja><sln:miejscIdTeryt>0031940</sln:miejscIdTeryt><sln:miejscNazwa>Żuki</sln:miejscNazwa><sln:miejscRodzaj>Wieś</sln:miejscRodzaj><sln:powIIPId>369919c1-3696-4542-ab7f-f52566d382f5</sln:powIIPId><sln:powIIPPn>PL.PZGIK.200</sln:powIIPPn><sln:powIIPWersja>2017-10-10T00:00:00+02:00</sln:powIIPWersja><sln:powIdTeryt>2005</sln:powIdTeryt><sln:powNazwa>hajnowski</sln:powNazwa><sln:waznyOd>2015-02-02T00:00:00+01:00</sln:waznyOd><sln:wojIIPId>53ad7aea-d9d3-40c9-9a5c-ff737d5b076e</sln:wojIIPId><sln:wojIIPPn>PL.PZGIK.200</sln:wojIIPPn><sln:wojIIPWersja>2017-10-10T00:00:00+02:00</sln:wojIIPWersja><sln:wojIdTeryt>20</sln:wojIdTeryt><sln:wojNazwa>podlaskie</sln:wojNazwa></sln:miejscowosc><sln:miejscowosc><sln:cyklZyciaOd>2017-04-10T00:00:00+02:00</sln:cyklZyciaOd><sln:gmIIPId>7d8e50cb-e5a4-446f-8e30-9054474454d1</sln:gmIIPId><sln:gmIIPPn>PL.PZGIK.200</sln:gmIIPPn><sln:gmIIPWersja>2017-10-10T00:00:00+02:00</sln:gmIIPWersja><sln:gmIdTeryt>2005073</sln:gmIdTeryt><sln:gmNazwa>Kleszczele</sln:gmNazwa><sln:miejscIIPId>e18691b6-b402-4220-9323-d090ba4460e9</sln:miejscIIPId><sln:miejscIIPPn>PL.PZGIK.200</sln:miejscIIPPn><sln:miejscIIPWersja>2017-04-10T17:57:40+02:00</sln:miejscIIPWersja><sln:miejscIdTeryt>0031644</sln:miejscIdTeryt><sln:miejscNazwa>Biała Straż</sln:miejscNazwa><sln:miejscRodzaj>Wieś</sln:miejscRodzaj><sln:powIIPId>369919c1-3696-4542-ab7f-f52566d382f5</sln:powIIPId><sln:powIIPPn>PL.PZGIK.200</sln:powIIPPn><sln:powIIPWersja>2017-10-10T00:00:00+02:00</sln:powIIPWersja><sln:powIdTeryt>2005</sln:powIdTeryt><sln:powNazwa>hajnowski</sln:powNazwa><sln:waznyOd>2015-02-02T00:00:00+01:00</sln:waznyOd><sln:wojIIPId>53ad7aea-d9d3-40c9-9a5c-ff737d5b076e</sln:wojIIPId><sln:wojIIPPn>PL.PZGIK.200</sln:wojIIPPn><sln:wojIIPWersja>2017-10-10T00:00:00+02:00</sln:wojIIPWersja><sln:wojIdTeryt>20</sln:wojIdTeryt><sln:wojNazwa>podlaskie</sln:wojNazwa></sln:miejscowosc><sln:miejscowosc><sln:cyklZyciaOd>2017-04-10T00:00:00+02:00</sln:cyklZyciaOd><sln:gmIIPId>7d8e50cb-e5a4-446f-8e30-9054474454d1</sln:gmIIPId><sln:gmIIPPn>PL.PZGIK.200</sln:gmIIPPn><sln:gmIIPWersja>2017-10-10T00:00:00+02:00</sln:gmIIPWersja><sln:gmIdTeryt>2005073</sln:gmIdTeryt><sln:gmNazwa>Kleszczele</sln:gmNazwa><sln:miejscIIPId>52345e74-0938-4e09-b21f-bdf893751381</sln:miejscIIPId><sln:miejscIIPPn>PL.PZGIK.200</sln:miejscIIPPn><sln:miejscIIPWersja>2017-04-10T17:57:46+02:00</sln:miejscIIPWersja><sln:miejscIdTeryt>0031667</sln:miejscIdTeryt><sln:miejscNazwa>Dasze</sln:miejscNazwa><sln:miejscRodzaj>Wieś</sln:miejscRodzaj><sln:powIIPId>369919c1-3696-4542-ab7f-f52566d382f5</sln:powIIPId><sln:powIIPPn>PL.PZGIK.200</sln:powIIPPn><sln:powIIPWersja>2017-10-10T00:00:00+02:00</sln:powIIPWersja><sln:powIdTeryt>2005</sln:powIdTeryt><sln:powNazwa>hajnowski</sln:powNazwa><sln:waznyOd>2015-02-02T00:00:00+01:00</sln:waznyOd><sln:wojIIPId>53ad7aea-d9d3-40c9-9a5c-ff737d5b076e</sln:wojIIPId><sln:wojIIPPn>PL.PZGIK.200</sln:wojIIPPn><sln:wojIIPWersja>2017-10-10T00:00:00+02:00</sln:wojIIPWersja><sln:wojIdTeryt>20</sln:wojIdTeryt><sln:wojNazwa>podlaskie</sln:wojNazwa></sln:miejscowosc><sln:miejscowosc><sln:cyklZyciaOd>2017-04-10T00:00:00+02:00</sln:cyklZyciaOd><sln:gmIIPId>7d8e50cb-e5a4-446f-8e30-9054474454d1</sln:gmIIPId><sln:gmIIPPn>PL.PZGIK.200</sln:gmIIPPn><sln:gmIIPWersja>2017-10-10T00:00:00+02:00</sln:gmIIPWersja><sln:gmIdTeryt>2005073</sln:gmIdTeryt><sln:gmNazwa>Kleszczele</sln:gmNazwa><sln:miejscIIPId>9a1120f4-95cb-4f80-8901-93cc3f92fd84</sln:miejscIIPId><sln:miejscIIPPn>PL.PZGIK.200</sln:miejscIIPPn><sln:miejscIIPWersja>2017-04-10T17:57:46+02:00</sln:miejscIIPWersja><sln:miejscIdTeryt>0031673</sln:miejscIdTeryt><sln:miejscNazwa>Dobrowoda</sln:miejscNazwa><sln:miejscRodzaj>Wieś</sln:miejscRodzaj><sln:powIIPId>369919c1-3696-4542-ab7f-f52566d382f5</sln:powIIPId><sln:powIIPPn>PL.PZGIK.200</sln:powIIPPn><sln:powIIPWersja>2017-10-10T00:00:00+02:00</sln:powIIPWersja><sln:powIdTeryt>2005</sln:powIdTeryt><sln:powNazwa>hajnowski</sln:powNazwa><sln:waznyOd>2015-02-02T00:00:00+01:00</sln:waznyOd><sln:wojIIPId>53ad7aea-d9d3-40c9-9a5c-ff737d5b076e</sln:wojIIPId><sln:wojIIPPn>PL.PZGIK.200</sln:wojIIPPn><sln:wojIIPWersja>2017-10-10T00:00:00+02:00</sln:wojIIPWersja><sln:wojIdTeryt>20</sln:wojIdTeryt><sln:wojNazwa>podlaskie</sln:wojNazwa></sln:miejscowosc><sln:miejscowosc><sln:cyklZyciaOd>2017-04-10T00:00:00+02:00</sln:cyklZyciaOd><sln:gmIIPId>7d8e50cb-e5a4-446f-8e30-9054474454d1</sln:gmIIPId><sln:gmIIPPn>PL.PZGIK.200</sln:gmIIPPn><sln:gmIIPWersja>2017-10-10T00:00:00+02:00</sln:gmIIPWersja><sln:gmIdTeryt>2005073</sln:gmIdTeryt><sln:gmNazwa>Kleszczele</sln:gmNazwa><sln:miejscIIPId>6793a64f-04bf-4ce9-94c4-253705ba1c05</sln:miejscIIPId><sln:miejscIIPPn>PL.PZGIK.200</sln:miejscIIPPn><sln:miejscIIPWersja>2017-04-10T17:57:46+02:00</sln:miejscIIPWersja><sln:miejscIdTeryt>0031680</sln:miejscIdTeryt><sln:miejscNazwa>Gruzka</sln:miejscNazwa><sln:miejscRodzaj>Wieś</sln:miejscRodzaj><sln:powIIPId>369919c1-3696-4542-ab7f-f52566d382f5</sln:powIIPId><sln:powIIPPn>PL.PZGIK.200</sln:powIIPPn><sln:powIIPWersja>2017-10-10T00:00:00+02:00</sln:powIIPWersja><sln:powIdTeryt>2005</sln:powIdTeryt><sln:powNazwa>hajnowski</sln:powNazwa><sln:waznyOd>2015-02-02T00:00:00+01:00</sln:waznyOd><sln:wojIIPId>53ad7aea-d9d3-40c9-9a5c-ff737d5b076e</sln:wojIIPId><sln:wojIIPPn>PL.PZGIK.200</sln:wojIIPPn><sln:wojIIPWersja>2017-10-10T00:00:00+02:00</sln:wojIIPWersja><sln:wojIdTeryt>20</sln:wojIdTeryt><sln:wojNazwa>podlaskie</sln:wojNazwa></sln:miejscowosc><sln:miejscowosc><sln:cyklZyciaOd>2017-04-10T00:00:00+02:00</sln:cyklZyciaOd><sln:gmIIPId>7d8e50cb-e5a4-446f-8e30-9054474454d1</sln:gmIIPId><sln:gmIIPPn>PL.PZGIK.200</sln:gmIIPPn><sln:gmIIPWersja>2017-10-10T00:00:00+02:00</sln:gmIIPWersja><sln:gmIdTeryt>2005073</sln:gmIdTeryt><sln:gmNazwa>Kleszczele</sln:gmNazwa><sln:miejscIIPId>1b66b538-d2a2-4371-8c6f-0edd4c053ad4</sln:miejscIIPId><sln:miejscIIPPn>PL.PZGIK.200</sln:miejscIIPPn><sln:miejscIIPWersja>2017-04-10T17:57:47+02:00</sln:miejscIIPWersja><sln:miejscIdTeryt>0031727</sln:miejscIdTeryt><sln:miejscNazwa>Kleszczele</sln:miejscNazwa><sln:miejscRodzaj>Miasto</sln:miejscRodzaj><sln:powIIPId>369919c1-3696-4542-ab7f-f52566d382f5</sln:powIIPId><sln:powIIPPn>PL.PZGIK.200</sln:powIIPPn><sln:powIIPWersja>2017-10-10T00:00:00+02:00</sln:powIIPWersja><sln:powIdTeryt>2005</sln:powIdTeryt><sln:powNazwa>hajnowski</sln:powNazwa><sln:waznyOd>2015-02-02T00:00:00+01:00</sln:waznyOd><sln:wojIIPId>53ad7aea-d9d3-40c9-9a5c-ff737d5b076e</sln:wojIIPId><sln:wojIIPPn>PL.PZGIK.200</sln:wojIIPPn><sln:wojIIPWersja>2017-10-10T00:00:00+02:00</sln:wojIIPWersja><sln:wojIdTeryt>20</sln:wojIdTeryt><sln:wojNazwa>podlaskie</sln:wojNazwa></sln:miejscowosc><sln:miejscowosc><sln:cyklZyciaOd>2017-04-10T00:00:00+02:00</sln:cyklZyciaOd><sln:gmIIPId>7d8e50cb-e5a4-446f-8e30-9054474454d1</sln:gmIIPId><sln:gmIIPPn>PL.PZGIK.200</sln:gmIIPPn><sln:gmIIPWersja>2017-10-10T00:00:00+02:00</sln:gmIIPWersja><sln:gmIdTeryt>2005073</sln:gmIdTeryt><sln:gmNazwa>Kleszczele</sln:gmNazwa><sln:miejscIIPId>f7c0fa40-c15f-4709-9f3d-6b79055add40</sln:miejscIIPId><sln:miejscIIPPn>PL.PZGIK.200</sln:miejscIIPPn><sln:miejscIIPWersja>2017-04-10T17:57:47+02:00</sln:miejscIIPWersja><sln:miejscIdTeryt>0031740</sln:miejscIdTeryt><sln:miejscNazwa>Kuraszewo</sln:miejscNazwa><sln:miejscRodzaj>Wieś</sln:miejscRodzaj><sln:powIIPId>369919c1-3696-4542-ab7f-f52566d382f5</sln:powIIPId><sln:powIIPPn>PL.PZGIK.200</sln:powIIPPn><sln:powIIPWersja>2017-10-10T00:00:00+02:00</sln:powIIPWersja><sln:powIdTeryt>2005</sln:powIdTeryt><sln:powNazwa>hajnowski</sln:powNazwa><sln:waznyOd>2015-02-02T00:00:00+01:00</sln:waznyOd><sln:wojIIPId>53ad7aea-d9d3-40c9-9a5c-ff737d5b076e</sln:wojIIPId><sln:wojIIPPn>PL.PZGIK.200</sln:wojIIPPn><sln:wojIIPWersja>2017-10-10T00:00:00+02:00</sln:wojIIPWersja><sln:wojIdTeryt>20</sln:wojIdTeryt><sln:wojNazwa>podlaskie</sln:wojNazwa></sln:miejscowosc><sln:miejscowosc><sln:cyklZyciaOd>2017-04-10T00:00:00+02:00</sln:cyklZyciaOd><sln:gmIIPId>7d8e50cb-e5a4-446f-8e30-9054474454d1</sln:gmIIPId><sln:gmIIPPn>PL.PZGIK.200</sln:gmIIPPn><sln:gmIIPWersja>2017-10-10T00:00:00+02:00</sln:gmIIPWersja><sln:gmIdTeryt>2005073</sln:gmIdTeryt><sln:gmNazwa>Kleszczele</sln:gmNazwa><sln:miejscIIPId>8f78d7a0-5703-4347-bb86-891091caa48c</sln:miejscIIPId><sln:miejscIIPPn>PL.PZGIK.200</sln:miejscIIPPn><sln:miejscIIPWersja>2017-04-10T17:57:47+02:00</sln:miejscIIPWersja><sln:miejscIdTeryt>0031756</sln:miejscIdTeryt><sln:miejscNazwa>Piotrowszczyzna</sln:miejscNazwa><sln:miejscRodzaj>Wieś</sln:miejscRodzaj><sln:powIIPId>369919c1-3696-4542-ab7f-f52566d382f5</sln:powIIPId><sln:powIIPPn>PL.PZGIK.200</sln:powIIPPn><sln:powIIPWersja>2017-10-10T00:00:00+02:00</sln:powIIPWersja><sln:powIdTeryt>2005</sln:powIdTeryt><sln:powNazwa>hajnowski</sln:powNazwa><sln:waznyOd>2015-02-02T00:00:00+01:00</sln:waznyOd><sln:wojIIPId>53ad7aea-d9d3-40c9-9a5c-ff737d5b076e</sln:wojIIPId><sln:wojIIPPn>PL.PZGIK.200</sln:wojIIPPn><sln:wojIIPWersja>2017-10-10T00:00:00+02:00</sln:wojIIPWersja><sln:wojIdTeryt>20</sln:wojIdTeryt><sln:wojNazwa>podlaskie</sln:wojNazwa></sln:miejscowosc><sln:miejscowosc><sln:cyklZyciaOd>2017-04-10T00:00:00+02:00</sln:cyklZyciaOd><sln:gmIIPId>7d8e50cb-e5a4-446f-8e30-9054474454d1</sln:gmIIPId><sln:gmIIPPn>PL.PZGIK.200</sln:gmIIPPn><sln:gmIIPWersja>2017-10-10T00:00:00+02:00</sln:gmIIPWersja><sln:gmIdTeryt>2005073</sln:gmIdTeryt><sln:gmNazwa>Kleszczele</sln:gmNazwa><sln:miejscIIPId>4d97a682-9e1b-4103-a61b-a7a157f9c1d2</sln:miejscIIPId><sln:miejscIIPPn>PL.PZGIK.200</sln:miejscIIPPn><sln:miejscIIPWersja>2017-04-10T17:57:47+02:00</sln:miejscIIPWersja><sln:miejscIdTeryt>0031762</sln:miejscIdTeryt><sln:miejscNazwa>Pogreby</sln:miejscNazwa><sln:miejscRodzaj>Wieś</sln:miejscRodzaj><sln:powIIPId>369919c1-3696-4542-ab7f-f52566d382f5</sln:powIIPId><sln:powIIPPn>PL.PZGIK.200</sln:powIIPPn><sln:powIIPWersja>2017-10-10T00:00:00+02:00</sln:powIIPWersja><sln:powIdTeryt>2005</sln:powIdTeryt><sln:powNazwa>hajnowski</sln:powNazwa><sln:waznyOd>2015-02-02T00:00:00+01:00</sln:waznyOd><sln:wojIIPId>53ad7aea-d9d3-40c9-9a5c-ff737d5b076e</sln:wojIIPId><sln:wojIIPPn>PL.PZGIK.200</sln:wojIIPPn><sln:wojIIPWersja>2017-10-10T00:00:00+02:00</sln:wojIIPWersja><sln:wojIdTeryt>20</sln:wojIdTeryt><sln:wojNazwa>podlaskie</sln:wojNazwa></sln:miejscowosc><sln:miejscowosc><sln:cyklZyciaOd>2017-04-10T00:00:00+02:00</sln:cyklZyciaOd><sln:gmIIPId>7d8e50cb-e5a4-446f-8e30-9054474454d1</sln:gmIIPId><sln:gmIIPPn>PL.PZGIK.200</sln:gmIIPPn><sln:gmIIPWersja>2017-10-10T00:00:00+02:00</sln:gmIIPWersja><sln:gmIdTeryt>2005073</sln:gmIdTeryt><sln:gmNazwa>Kleszczele</sln:gmNazwa><sln:miejscIIPId>e72e3f94-b2a0-4084-9aaa-ab8769efc89b</sln:miejscIIPId><sln:miejscIIPPn>PL.PZGIK.200</sln:miejscIIPPn><sln:miejscIIPWersja>2017-04-10T17:57:47+02:00</sln:miejscIIPWersja><sln:miejscIdTeryt>0031779</sln:miejscIdTeryt><sln:miejscNazwa>Policzna</sln:miejscNazwa><sln:miejscRodzaj>Wieś</sln:miejscRodzaj><sln:powIIPId>369919c1-3696-4542-ab7f-f52566d382f5</sln:powIIPId><sln:powIIPPn>PL.PZGIK.200</sln:powIIPPn><sln:powIIPWersja>2017-10-10T00:00:00+02:00</sln:powIIPWersja><sln:powIdTeryt>2005</sln:powIdTeryt><sln:powNazwa>hajnowski</sln:powNazwa><sln:waznyOd>2015-02-02T00:00:00+01:00</sln:waznyOd><sln:wojIIPId>53ad7aea-d9d3-40c9-9a5c-ff737d5b076e</sln:wojIIPId><sln:wojIIPPn>PL.PZGIK.200</sln:wojIIPPn><sln:wojIIPWersja>2017-10-10T00:00:00+02:00</sln:wojIIPWersja><sln:wojIdTeryt>20</sln:wojIdTeryt><sln:wojNazwa>podlaskie</sln:wojNazwa></sln:miejscowosc><sln:miejscowosc><sln:cyklZyciaOd>2017-04-10T00:00:00+02:00</sln:cyklZyciaOd><sln:gmIIPId>7d8e50cb-e5a4-446f-8e30-9054474454d1</sln:gmIIPId><sln:gmIIPPn>PL.PZGIK.200</sln:gmIIPPn><sln:gmIIPWersja>2017-10-10T00:00:00+02:00</sln:gmIIPWersja><sln:gmIdTeryt>2005073</sln:gmIdTeryt><sln:gmNazwa>Kleszczele</sln:gmNazwa><sln:miejscIIPId>cadd2a91-eca6-47c1-b690-e79737cf72c3</sln:miejscIIPId><sln:miejscIIPPn>PL.PZGIK.200</sln:miejscIIPPn><sln:miejscIIPWersja>2017-04-10T17:57:47+02:00</sln:miejscIIPWersja><sln:miejscIdTeryt>0031785</sln:miejscIdTeryt><sln:miejscNazwa>Repczyce</sln:miejscNazwa><sln:miejscRodzaj>Wieś</sln:miejscRodzaj><sln:powIIPId>369919c1-3696-4542-ab7f-f52566d382f5</sln:powIIPId><sln:powIIPPn>PL.PZGIK.200</sln:powIIPPn><sln:powIIPWersja>2017-10-10T00:00:00+02:00</sln:powIIPWersja><sln:powIdTeryt>2005</sln:powIdTeryt><sln:powNazwa>hajnowski</sln:powNazwa><sln:waznyOd>2015-02-02T00:00:00+01:00</sln:waznyOd><sln:wojIIPId>53ad7aea-d9d3-40c9-9a5c-ff737d5b076e</sln:wojIIPId><sln:wojIIPPn>PL.PZGIK.200</sln:wojIIPPn><sln:wojIIPWersja>2017-10-10T00:00:00+02:00</sln:wojIIPWersja><sln:wojIdTeryt>20</sln:wojIdTeryt><sln:wojNazwa>podlaskie</sln:wojNazwa></sln:miejscowosc><sln:miejscowosc><sln:cyklZyciaOd>2017-04-10T00:00:00+02:00</sln:cyklZyciaOd><sln:gmIIPId>7d8e50cb-e5a4-446f-8e30-9054474454d1</sln:gmIIPId><sln:gmIIPPn>PL.PZGIK.200</sln:gmIIPPn><sln:gmIIPWersja>2017-10-10T00:00:00+02:00</sln:gmIIPWersja><sln:gmIdTeryt>2005073</sln:gmIdTeryt><sln:gmNazwa>Kleszczele</sln:gmNazwa><sln:miejscIIPId>422d0e91-227f-420c-ac41-b061efa56f20</sln:miejscIIPId><sln:miejscIIPPn>PL.PZGIK.200</sln:miejscIIPPn><sln:miejscIIPWersja>2017-04-10T17:57:47+02:00</sln:miejscIIPWersja><sln:miejscIdTeryt>0031791</sln:miejscIdTeryt><sln:miejscNazwa>Saki</sln:miejscNazwa><sln:miejscRodzaj>Wieś</sln:miejscRodzaj><sln:powIIPId>369919c1-3696-4542-ab7f-f52566d382f5</sln:powIIPId><sln:powIIPPn>PL.PZGIK.200</sln:powIIPPn><sln:powIIPWersja>2017-10-10T00:00:00+02:00</sln:powIIPWersja><sln:powIdTeryt>2005</sln:powIdTeryt><sln:powNazwa>hajnowski</sln:powNazwa><sln:waznyOd>2015-02-02T00:00:00+01:00</sln:waznyOd><sln:wojIIPId>53ad7aea-d9d3-40c9-9a5c-ff737d5b076e</sln:wojIIPId><sln:wojIIPPn>PL.PZGIK.200</sln:wojIIPPn><sln:wojIIPWersja>2017-10-10T00:00:00+02:00</sln:wojIIPWersja><sln:wojIdTeryt>20</sln:wojIdTeryt><sln:wojNazwa>podlaskie</sln:wojNazwa></sln:miejscowosc><sln:miejscowosc><sln:cyklZyciaOd>2017-04-10T00:00:00+02:00</sln:cyklZyciaOd><sln:gmIIPId>7d8e50cb-e5a4-446f-8e30-9054474454d1</sln:gmIIPId><sln:gmIIPPn>PL.PZGIK.200</sln:gmIIPPn><sln:gmIIPWersja>2017-10-10T00:00:00+02:00</sln:gmIIPWersja><sln:gmIdTeryt>2005073</sln:gmIdTeryt><sln:gmNazwa>Kleszczele</sln:gmNazwa><sln:miejscIIPId>b6efb2a5-33b2-49b1-9c6b-46e132150ea6</sln:miejscIIPId><sln:miejscIIPPn>PL.PZGIK.200</sln:miejscIIPPn><sln:miejscIIPWersja>2017-04-10T17:57:47+02:00</sln:miejscIIPWersja><sln:miejscIdTeryt>0031897</sln:miejscIdTeryt><sln:miejscNazwa>Suchowolce</sln:miejscNazwa><sln:miejscRodzaj>Wieś</sln:miejscRodzaj><sln:powIIPId>369919c1-3696-4542-ab7f-f52566d382f5</sln:powIIPId><sln:powIIPPn>PL.PZGIK.200</sln:powIIPPn><sln:powIIPWersja>2017-10-10T00:00:00+02:00</sln:powIIPWersja><sln:powIdTeryt>2005</sln:powIdTeryt><sln:powNazwa>hajnowski</sln:powNazwa><sln:waznyOd>2015-02-02T00:00:00+01:00</sln:waznyOd><sln:wojIIPId>53ad7aea-d9d3-40c9-9a5c-ff737d5b076e</sln:wojIIPId><sln:wojIIPPn>PL.PZGIK.200</sln:wojIIPPn><sln:wojIIPWersja>2017-10-10T00:00:00+02:00</sln:wojIIPWersja><sln:wojIdTeryt>20</sln:wojIdTeryt><sln:wojNazwa>podlaskie</sln:wojNazwa></sln:miejscowosc><sln:miejscowosc><sln:cyklZyciaOd>2017-04-10T00:00:00+02:00</sln:cyklZyciaOd><sln:gmIIPId>7d8e50cb-e5a4-446f-8e30-9054474454d1</sln:gmIIPId><sln:gmIIPPn>PL.PZGIK.200</sln:gmIIPPn><sln:gmIIPWersja>2017-10-10T00:00:00+02:00</sln:gmIIPWersja><sln:gmIdTeryt>2005073</sln:gmIdTeryt><sln:gmNazwa>Kleszczele</sln:gmNazwa><sln:miejscIIPId>3bb3f0fa-118d-43ef-bd88-c51660f2b563</sln:miejscIIPId><sln:miejscIIPPn>PL.PZGIK.200</sln:miejscIIPPn><sln:miejscIIPWersja>2017-04-10T17:57:47+02:00</sln:miejscIIPWersja><sln:miejscIdTeryt>0031905</sln:miejscIdTeryt><sln:miejscNazwa>Toporki</sln:miejscNazwa><sln:miejscRodzaj>Wieś</sln:miejscRodzaj><sln:powIIPId>369919c1-3696-4542-ab7f-f52566d382f5</sln:powIIPId><sln:powIIPPn>PL.PZGIK.200</sln:powIIPPn><sln:powIIPWersja>2017-10-10T00:00:00+02:00</sln:powIIPWersja><sln:powIdTeryt>2005</sln:powIdTeryt><sln:powNazwa>hajnowski</sln:powNazwa><sln:waznyOd>2015-02-02T00:00:00+01:00</sln:waznyOd><sln:wojIIPId>53ad7aea-d9d3-40c9-9a5c-ff737d5b076e</sln:wojIIPId><sln:wojIIPPn>PL.PZGIK.200</sln:wojIIPPn><sln:wojIIPWersja>2017-10-10T00:00:00+02:00</sln:wojIIPWersja><sln:wojIdTeryt>20</sln:wojIdTeryt><sln:wojNazwa>podlaskie</sln:wojNazwa></sln:miejscowosc><sln:miejscowosc><sln:cyklZyciaOd>2017-04-10T00:00:00+02:00</sln:cyklZyciaOd><sln:gmIIPId>7d8e50cb-e5a4-446f-8e30-9054474454d1</sln:gmIIPId><sln:gmIIPPn>PL.PZGIK.200</sln:gmIIPPn><sln:gmIIPWersja>2017-10-10T00:00:00+02:00</sln:gmIIPWersja><sln:gmIdTeryt>2005073</sln:gmIdTeryt><sln:gmNazwa>Kleszczele</sln:gmNazwa><sln:miejscIIPId>ce8c2dd2-de6b-418f-99ad-d242c9010205</sln:miejscIIPId><sln:miejscIIPPn>PL.PZGIK.200</sln:miejscIIPPn><sln:miejscIIPWersja>2017-04-10T17:57:47+02:00</sln:miejscIIPWersja><sln:miejscIdTeryt>0031911</sln:miejscIdTeryt><sln:miejscNazwa>Zaleszany</sln:miejscNazwa><sln:miejscRodzaj>Wieś</sln:miejscRodzaj><sln:powIIPId>369919c1-3696-4542-ab7f-f52566d382f5</sln:powIIPId><sln:powIIPPn>PL.PZGIK.200</sln:powIIPPn><sln:powIIPWersja>2017-10-10T00:00:00+02:00</sln:powIIPWersja><sln:powIdTeryt>2005</sln:powIdTeryt><sln:powNazwa>hajnowski</sln:powNazwa><sln:waznyOd>2015-02-02T00:00:00+01:00</sln:waznyOd><sln:wojIIPId>53ad7aea-d9d3-40c9-9a5c-ff737d5b076e</sln:wojIIPId><sln:wojIIPPn>PL.PZGIK.200</sln:wojIIPPn><sln:wojIIPWersja>2017-10-10T00:00:00+02:00</sln:wojIIPWersja><sln:wojIdTeryt>20</sln:wojIdTeryt><sln:wojNazwa>podlaskie</sln:wojNazwa></sln:miejscowosc><sln:miejscowosc><sln:cyklZyciaOd>2017-04-10T00:00:00+02:00</sln:cyklZyciaOd><sln:gmIIPId>7d8e50cb-e5a4-446f-8e30-9054474454d1</sln:gmIIPId><sln:gmIIPPn>PL.PZGIK.200</sln:gmIIPPn><sln:gmIIPWersja>2017-10-10T00:00:00+02:00</sln:gmIIPWersja><sln:gmIdTeryt>2005073</sln:gmIdTeryt><sln:gmNazwa>Kleszczele</sln:gmNazwa><sln:miejscIIPId>5115cf41-26f3-4c29-93e0-35534829da31</sln:miejscIIPId><sln:miejscIIPPn>PL.PZGIK.200</sln:miejscIIPPn><sln:miejscIIPWersja>2017-04-10T17:57:47+02:00</sln:miejscIIPWersja><sln:miejscIdTeryt>0031940</sln:miejscIdTeryt><sln:miejscNazwa>Żuki</sln:miejscNazwa><sln:miejscRodzaj>Wieś</sln:miejscRodzaj><sln:powIIPId>369919c1-3696-4542-ab7f-f52566d382f5</sln:powIIPId><sln:powIIPPn>PL.PZGIK.200</sln:powIIPPn><sln:powIIPWersja>2017-10-10T00:00:00+02:00</sln:powIIPWersja><sln:powIdTeryt>2005</sln:powIdTeryt><sln:powNazwa>hajnowski</sln:powNazwa><sln:waznyOd>2015-02-02T00:00:00+01:00</sln:waznyOd><sln:wojIIPId>53ad7aea-d9d3-40c9-9a5c-ff737d5b076e</sln:wojIIPId><sln:wojIIPPn>PL.PZGIK.200</sln:wojIIPPn><sln:wojIIPWersja>2017-10-10T00:00:00+02:00</sln:wojIIPWersja><sln:wojIdTeryt>20</sln:wojIdTeryt><sln:wojNazwa>podlaskie</sln:wojNazwa></sln:miejscowosc><sln:miejscowosc><sln:cyklZyciaOd>2017-04-10T00:00:00+02:00</sln:cyklZyciaOd><sln:gmIIPId>7d8e50cb-e5a4-446f-8e30-9054474454d1</sln:gmIIPId><sln:gmIIPPn>PL.PZGIK.200</sln:gmIIPPn><sln:gmIIPWersja>2017-10-10T00:00:00+02:00</sln:gmIIPWersja><sln:gmIdTeryt>2005073</sln:gmIdTeryt><sln:gmNazwa>Kleszczele</sln:gmNazwa><sln:miejscIIPId>5386521d-a1f0-42ae-ac5e-782a36ec8231</sln:miejscIIPId><sln:miejscIIPPn>PL.PZGIK.200</sln:miejscIIPPn><sln:miejscIIPWersja>2017-04-10T17:57:47+02:00</sln:miejscIIPWersja><sln:miejscIdTeryt>0031957</sln:miejscIdTeryt><sln:miejscNazwa>Kośna</sln:miejscNazwa><sln:miejscRodzaj>Kolonia</sln:miejscRodzaj><sln:powIIPId>369919c1-3696-4542-ab7f-f52566d382f5</sln:powIIPId><sln:powIIPPn>PL.PZGIK.200</sln:powIIPPn><sln:powIIPWersja>2017-10-10T00:00:00+02:00</sln:powIIPWersja><sln:powIdTeryt>2005</sln:powIdTeryt><sln:powNazwa>hajnowski</sln:powNazwa><sln:waznyOd>2015-02-02T00:00:00+01:00</sln:waznyOd><sln:wojIIPId>53ad7aea-d9d3-40c9-9a5c-ff737d5b076e</sln:wojIIPId><sln:wojIIPPn>PL.PZGIK.200</sln:wojIIPPn><sln:wojIIPWersja>2017-10-10T00:00:00+02:00</sln:wojIIPWersja><sln:wojIdTeryt>20</sln:wojIdTeryt><sln:wojNazwa>podlaskie</sln:wojNazwa></sln:miejscowosc></sln:lista-miejscowosci>