<?xml version="1.0" encoding="UTF-8" standalone="yes"?><sln:lista-miejscowosci xmlns:srv="http://gugik.gov.pl/schemas/slowniki-service/1.0" xmlns:sln="http://gugik.gov.pl/schemas/slowniki-schema/1.0"><sln:miejscowosc><sln:cyklZyciaDo>2017-04-10T00:00:00+02:00</sln:cyklZyciaDo><sln:cyklZyciaOd>2016-02-18T00:00:00+01:00</sln:cyklZyciaOd><sln:gmIIPId>098382f6-c79f-47de-81da-c56879c78440</sln:gmIIPId><sln:gmIIPPn>PL.PZGIK.200</sln:gmIIPPn><sln:gmIIPWersja>2012-09-26T22:15:49+02:00</sln:gmIIPWersja><sln:gmIdTeryt>2008043</sln:gmIdTeryt><sln:gmNazwa>Knyszyn</sln:gmNazwa><sln:miejscIIPId>153b0c1d-d73e-4559-8ab2-9a1f6577a96a</sln:miejscIIPId><sln:miejscIIPPn>PL.PZGIK.200</sln:miejscIIPPn><sln:miejscIIPWersja>2016-11-24T08:40:47+02:00</sln:miejscIIPWersja><sln:miejscIdTeryt>0031963</sln:miejscIdTeryt><sln:miejscNazwa>Chobotki</sln:miejscNazwa><sln:miejscRodzaj>Wieś</sln:miejscRodzaj><sln:powIIPId>7de4ed9f-e2ea-4456-9248-bc81a2b79294</sln:powIIPId><sln:powIIPPn>PL.PZGIK.200</sln:powIIPPn><sln:powIIPWersja>2012-09-27T09:26:09+02:00</sln:powIIPWersja><sln:powIdTeryt>2008</sln:powIdTeryt><sln:powNazwa>moniecki</sln:powNazwa><sln:waznyOd>2013-08-06T00:00:00+02:00</sln:waznyOd><sln:wojIIPId>53ad7aea-d9d3-40c9-9a5c-ff737d5b076e</sln:wojIIPId><sln:wojIIPPn>PL.PZGIK.200</sln:wojIIPPn><sln:wojIIPWersja>2017-10-10T00:00:00+02:00</sln:wojIIPWersja><sln:wojIdTeryt>20</sln:wojIdTeryt><sln:wojNazwa>podlaskie</sln:wojNazwa></sln:miejscowosc><sln:miejscowosc><sln:cyklZyciaDo>2017-04-10T00:00:00+02:00</sln:cyklZyciaDo><sln:cyklZyciaOd>2016-02-18T00:00:00+01:00</sln:cyklZyciaOd><sln:gmIIPId>098382f6-c79f-47de-81da-c56879c78440</sln:gmIIPId><sln:gmIIPPn>PL.PZGIK.200</sln:gmIIPPn><sln:gmIIPWersja>2012-09-26T22:15:49+02:00</sln:gmIIPWersja><sln:gmIdTeryt>2008043</sln:gmIdTeryt><sln:gmNazwa>Knyszyn</sln:gmNazwa><sln:miejscIIPId>8d000c96-a968-44a1-a23f-4985bcee7191</sln:miejscIIPId><sln:miejscIIPPn>PL.PZGIK.200</sln:miejscIIPPn><sln:miejscIIPWersja>2016-11-24T08:40:49+02:00</sln:miejscIIPWersja><sln:miejscIdTeryt>0031970</sln:miejscIdTeryt><sln:miejscNazwa>Czechowizna</sln:miejscNazwa><sln:miejscRodzaj>Wieś</sln:miejscRodzaj><sln:powIIPId>7de4ed9f-e2ea-4456-9248-bc81a2b79294</sln:powIIPId><sln:powIIPPn>PL.PZGIK.200</sln:powIIPPn><sln:powIIPWersja>2012-09-27T09:26:09+02:00</sln:powIIPWersja><sln:powIdTeryt>2008</sln:powIdTeryt><sln:powNazwa>moniecki</sln:powNazwa><sln:waznyOd>2013-08-06T00:00:00+02:00</sln:waznyOd><sln:wojIIPId>53ad7aea-d9d3-40c9-9a5c-ff737d5b076e</sln:wojIIPId><sln:wojIIPPn>PL.PZGIK.200</sln:wojIIPPn><sln:wojIIPWersja>2017-10-10T00:00:00+02:00</sln:wojIIPWersja><sln:wojIdTeryt>20</sln:wojIdTeryt><sln:wojNazwa>podlaskie</sln:wojNazwa></sln:miejscowosc><sln:miejscowosc><sln:cyklZyciaDo>2017-04-10T00:00:00+02:00</sln:cyklZyciaDo><sln:cyklZyciaOd>2016-02-18T00:00:00+01:00</sln:cyklZyciaOd><sln:gmIIPId>098382f6-c79f-47de-81da-c56879c78440</sln:gmIIPId><sln:gmIIPPn>PL.PZGIK.200</sln:gmIIPPn><sln:gmIIPWersja>2012-09-26T22:15:49+02:00</sln:gmIIPWersja><sln:gmIdTeryt>2008043</sln:gmIdTeryt><sln:gmNazwa>Knyszyn</sln:gmNazwa><sln:miejscIIPId>2523a11e-c2fc-40b1-acbf-2785681ec0ce</sln:miejscIIPId><sln:miejscIIPPn>PL.PZGIK.200</sln:miejscIIPPn><sln:miejscIIPWersja>2016-11-24T08:40:53+02:00</sln:miejscIIPWersja><sln:miejscIdTeryt>0031992</sln:miejscIdTeryt><sln:miejscNazwa>Grądy</sln:miejscNazwa><sln:miejscRodzaj>Wieś</sln:miejscRodzaj><sln:powIIPId>7de4ed9f-e2ea-4456-9248-bc81a2b79294</sln:powIIPId><sln:powIIPPn>PL.PZGIK.200</sln:powIIPPn><sln:powIIPWersja>2012-09-27T09:26:09+02:00</sln:powIIPWersja><sln:powIdTeryt>2008</sln:powIdTeryt><sln:powNazwa>moniecki</sln:powNazwa><sln:waznyOd>2013-08-06T00:00:00+02:00</sln:waznyOd><sln:wojIIPId>53ad7aea-d9d3-40c9-9a5c-ff737d5b076e</sln:wojIIPId><sln:wojIIPPn>PL.PZGIK.200</sln:wojIIPPn><sln:wojIIPWersja>2017-10-10T00:00:00+02:00</sln:wojIIPWersja><sln:wojIdTeryt>20</sln:wojIdTeryt><sln:wojNazwa>podlaskie</sln:wojNazwa></sln:miejscowosc><sln:miejscowosc><sln:cyklZyciaDo>2017-04-10T00:00:00+02:00</sln:cyklZyciaDo><sln:cyklZyciaOd>2016-02-18T00:00:00+01:00</sln:cyklZyciaOd><sln:gmIIPId>098382f6-c79f-47de-81da-c56879c78440</sln:gmIIPId><sln:gmIIPPn>PL.PZGIK.200</sln:gmIIPPn><sln:gmIIPWersja>2012-09-26T22:15:49+02:00</sln:gmIIPWersja><sln:gmIdTeryt>2008043</sln:gmIdTeryt><sln:gmNazwa>Knyszyn</sln:gmNazwa><sln:miejscIIPId>34592cb8-6de9-43f1-8d96-63e2e5b8fdba</sln:miejscIIPId><sln:miejscIIPPn>PL.PZGIK.200</sln:miejscIIPPn><sln:miejscIIPWersja>2016-11-24T08:40:55+02:00</sln:miejscIIPWersja><sln:miejscIdTeryt>0032023</sln:miejscIdTeryt><sln:miejscNazwa>Guzy</sln:miejscNazwa><sln:miejscRodzaj>Wieś</sln:miejscRodzaj><sln:powIIPId>7de4ed9f-e2ea-4456-9248-bc81a2b79294</sln:powIIPId><sln:powIIPPn>PL.PZGIK.200</sln:powIIPPn><sln:powIIPWersja>2012-09-27T09:26:09+02:00</sln:powIIPWersja><sln:powIdTeryt>2008</sln:powIdTeryt><sln:powNazwa>moniecki</sln:powNazwa><sln:waznyOd>2013-08-06T00:00:00+02:00</sln:waznyOd><sln:wojIIPId>53ad7aea-d9d3-40c9-9a5c-ff737d5b076e</sln:wojIIPId><sln:wojIIPPn>PL.PZGIK.200</sln:wojIIPPn><sln:wojIIPWersja>2017-10-10T00:00:00+02:00</sln:wojIIPWersja><sln:wojIdTeryt>20</sln:wojIdTeryt><sln:wojNazwa>podlaskie</sln:wojNazwa></sln:miejscowosc><sln:miejscowosc><sln:cyklZyciaDo>2017-04-10T00:00:00+02:00</sln:cyklZyciaDo><sln:cyklZyciaOd>2016-02-18T00:00:00+01:00</sln:cyklZyciaOd><sln:gmIIPId>098382f6-c79f-47de-81da-c56879c78440</sln:gmIIPId><sln:gmIIPPn>PL.PZGIK.200</sln:gmIIPPn><sln:gmIIPWersja>2012-09-26T22:15:49+02:00</sln:gmIIPWersja><sln:gmIdTeryt>2008043</sln:gmIdTeryt><sln:gmNazwa>Knyszyn</sln:gmNazwa><sln:miejscIIPId>059a7a84-043a-4662-9dfd-48bb10c64df9</sln:miejscIIPId><sln:miejscIIPPn>PL.PZGIK.200</sln:miejscIIPPn><sln:miejscIIPWersja>2016-11-24T08:40:57+02:00</sln:miejscIIPWersja><sln:miejscIdTeryt>0032030</sln:miejscIdTeryt><sln:miejscNazwa>Jaskra</sln:miejscNazwa><sln:miejscRodzaj>Wieś</sln:miejscRodzaj><sln:powIIPId>7de4ed9f-e2ea-4456-9248-bc81a2b79294</sln:powIIPId><sln:powIIPPn>PL.PZGIK.200</sln:powIIPPn><sln:powIIPWersja>2012-09-27T09:26:09+02:00</sln:powIIPWersja><sln:powIdTeryt>2008</sln:powIdTeryt><sln:powNazwa>moniecki</sln:powNazwa><sln:waznyOd>2013-08-06T00:00:00+02:00</sln:waznyOd><sln:wojIIPId>53ad7aea-d9d3-40c9-9a5c-ff737d5b076e</sln:wojIIPId><sln:wojIIPPn>PL.PZGIK.200</sln:wojIIPPn><sln:wojIIPWersja>2017-10-10T00:00:00+02:00</sln:wojIIPWersja><sln:wojIdTeryt>20</sln:wojIdTeryt><sln:wojNazwa>podlaskie</sln:wojNazwa></sln:miejscowosc><sln:miejscowosc><sln:cyklZyciaDo>2017-04-10T00:00:00+02:00</sln:cyklZyciaDo><sln:cyklZyciaOd>2016-02-18T00:00:00+01:00</sln:cyklZyciaOd><sln:gmIIPId>098382f6-c79f-47de-81da-c56879c78440</sln:gmIIPId><sln:gmIIPPn>PL.PZGIK.200</sln:gmIIPPn><sln:gmIIPWersja>2012-09-26T22:15:49+02:00</sln:gmIIPWersja><sln:gmIdTeryt>2008043</sln:gmIdTeryt><sln:gmNazwa>Knyszyn</sln:gmNazwa><sln:miejscIIPId>56b90f71-933d-44e9-898f-3e8e92a35341</sln:miejscIIPId><sln:miejscIIPPn>PL.PZGIK.200</sln:miejscIIPPn><sln:miejscIIPWersja>2016-11-24T08:40:59+02:00</sln:miejscIIPWersja><sln:miejscIdTeryt>0032046</sln:miejscIdTeryt><sln:miejscNazwa>Kalinówka Kościelna</sln:miejscNazwa><sln:miejscRodzaj>Wieś</sln:miejscRodzaj><sln:powIIPId>7de4ed9f-e2ea-4456-9248-bc81a2b79294</sln:powIIPId><sln:powIIPPn>PL.PZGIK.200</sln:powIIPPn><sln:powIIPWersja>2012-09-27T09:26:09+02:00</sln:powIIPWersja><sln:powIdTeryt>2008</sln:powIdTeryt><sln:powNazwa>moniecki</sln:powNazwa><sln:waznyOd>2013-08-06T00:00:00+02:00</sln:waznyOd><sln:wojIIPId>53ad7aea-d9d3-40c9-9a5c-ff737d5b076e</sln:wojIIPId><sln:wojIIPPn>PL.PZGIK.200</sln:wojIIPPn><sln:wojIIPWersja>2017-10-10T00:00:00+02:00</sln:wojIIPWersja><sln:wojIdTeryt>20</sln:wojIdTeryt><sln:wojNazwa>podlaskie</sln:wojNazwa></sln:miejscowosc><sln:miejscowosc><sln:cyklZyciaDo>2017-04-10T00:00:00+02:00</sln:cyklZyciaDo><sln:cyklZyciaOd>2016-02-18T00:00:00+01:00</sln:cyklZyciaOd><sln:gmIIPId>098382f6-c79f-47de-81da-c56879c78440</sln:gmIIPId><sln:gmIIPPn>PL.PZGIK.200</sln:gmIIPPn><sln:gmIIPWersja>2012-09-26T22:15:49+02:00</sln:gmIIPWersja><sln:gmIdTeryt>2008043</sln:gmIdTeryt><sln:gmNazwa>Knyszyn</sln:gmNazwa><sln:miejscIIPId>bdcc7484-523d-4c56-b474-003e84ceada6</sln:miejscIIPId><sln:miejscIIPPn>PL.PZGIK.200</sln:miejscIIPPn><sln:miejscIIPWersja>2016-11-24T13:15:08+02:00</sln:miejscIIPWersja><sln:miejscIdTeryt>0923213</sln:miejscIdTeryt><sln:miejscNazwa>Knyszyn</sln:miejscNazwa><sln:miejscRodzaj>Miasto</sln:miejscRodzaj><sln:powIIPId>7de4ed9f-e2ea-4456-9248-bc81a2b79294</sln:powIIPId><sln:powIIPPn>PL.PZGIK.200</sln:powIIPPn><sln:powIIPWersja>2012-09-27T09:26:09+02:00</sln:powIIPWersja><sln:powIdTeryt>2008</sln:powIdTeryt><sln:powNazwa>moniecki</sln:powNazwa><sln:waznyOd>2013-08-06T00:00:00+02:00</sln:waznyOd><sln:wojIIPId>53ad7aea-d9d3-40c9-9a5c-ff737d5b076e</sln:wojIIPId><sln:wojIIPPn>PL.PZGIK.200</sln:wojIIPPn><sln:wojIIPWersja>2017-10-10T00:00:00+02:00</sln:wojIIPWersja><sln:wojIdTeryt>20</sln:wojIdTeryt><sln:wojNazwa>podlaskie</sln:wojNazwa></sln:miejscowosc><sln:miejscowosc><sln:cyklZyciaDo>2017-04-10T00:00:00+02:00</sln:cyklZyciaDo><sln:cyklZyciaOd>2016-02-18T00:00:00+01:00</sln:cyklZyciaOd><sln:gmIIPId>098382f6-c79f-47de-81da-c56879c78440</sln:gmIIPId><sln:gmIIPPn>PL.PZGIK.200</sln:gmIIPPn><sln:gmIIPWersja>2012-09-26T22:15:49+02:00</sln:gmIIPWersja><sln:gmIdTeryt>2008043</sln:gmIdTeryt><sln:gmNazwa>Knyszyn</sln:gmNazwa><sln:miejscIIPId>384bc23b-80cf-4b32-9580-b66ab6c0f283</sln:miejscIIPId><sln:miejscIIPPn>PL.PZGIK.200</sln:miejscIIPPn><sln:miejscIIPWersja>2016-11-24T08:41:01+02:00</sln:miejscIIPWersja><sln:miejscIdTeryt>0032069</sln:miejscIdTeryt><sln:miejscNazwa>Knyszyn-Zamek</sln:miejscNazwa><sln:miejscRodzaj>Wieś</sln:miejscRodzaj><sln:powIIPId>7de4ed9f-e2ea-4456-9248-bc81a2b79294</sln:powIIPId><sln:powIIPPn>PL.PZGIK.200</sln:powIIPPn><sln:powIIPWersja>2012-09-27T09:26:09+02:00</sln:powIIPWersja><sln:powIdTeryt>2008</sln:powIdTeryt><sln:powNazwa>moniecki</sln:powNazwa><sln:waznyOd>2013-08-06T00:00:00+02:00</sln:waznyOd><sln:wojIIPId>53ad7aea-d9d3-40c9-9a5c-ff737d5b076e</sln:wojIIPId><sln:wojIIPPn>PL.PZGIK.200</sln:wojIIPPn><sln:wojIIPWersja>2017-10-10T00:00:00+02:00</sln:wojIIPWersja><sln:wojIdTeryt>20</sln:wojIdTeryt><sln:wojNazwa>podlaskie</sln:wojNazwa></sln:miejscowosc><sln:miejscowosc><sln:cyklZyciaDo>2017-04-10T00:00:00+02:00</sln:cyklZyciaDo><sln:cyklZyciaOd>2016-02-18T00:00:00+01:00</sln:cyklZyciaOd><sln:gmIIPId>098382f6-c79f-47de-81da-c56879c78440</sln:gmIIPId><sln:gmIIPPn>PL.PZGIK.200</sln:gmIIPPn><sln:gmIIPWersja>2012-09-26T22:15:49+02:00</sln:gmIIPWersja><sln:gmIdTeryt>2008043</sln:gmIdTeryt><sln:gmNazwa>Knyszyn</sln:gmNazwa><sln:miejscIIPId>4f2dfdcb-7b5e-4c26-bbe3-1b7e03ceda7d</sln:miejscIIPId><sln:miejscIIPPn>PL.PZGIK.200</sln:miejscIIPPn><sln:miejscIIPWersja>2016-11-24T08:40:51+02:00</sln:miejscIIPWersja><sln:miejscIdTeryt>0031986</sln:miejscIdTeryt><sln:miejscNazwa>Lewonie (kolonia)</sln:miejscNazwa><sln:miejscRodzaj>Kolonia</sln:miejscRodzaj><sln:powIIPId>7de4ed9f-e2ea-4456-9248-bc81a2b79294</sln:powIIPId><sln:powIIPPn>PL.PZGIK.200</sln:powIIPPn><sln:powIIPWersja>2012-09-27T09:26:09+02:00</sln:powIIPWersja><sln:powIdTeryt>2008</sln:powIdTeryt><sln:powNazwa>moniecki</sln:powNazwa><sln:waznyOd>2013-08-08T00:00:00+02:00</sln:waznyOd><sln:wojIIPId>53ad7aea-d9d3-40c9-9a5c-ff737d5b076e</sln:wojIIPId><sln:wojIIPPn>PL.PZGIK.200</sln:wojIIPPn><sln:wojIIPWersja>2017-10-10T00:00:00+02:00</sln:wojIIPWersja><sln:wojIdTeryt>20</sln:wojIdTeryt><sln:wojNazwa>podlaskie</sln:wojNazwa></sln:miejscowosc><sln:miejscowosc><sln:cyklZyciaDo>2017-04-10T00:00:00+02:00</sln:cyklZyciaDo><sln:cyklZyciaOd>2016-02-18T00:00:00+01:00</sln:cyklZyciaOd><sln:gmIIPId>098382f6-c79f-47de-81da-c56879c78440</sln:gmIIPId><sln:gmIIPPn>PL.PZGIK.200</sln:gmIIPPn><sln:gmIIPWersja>2012-09-26T22:15:49+02:00</sln:gmIIPWersja><sln:gmIdTeryt>2008043</sln:gmIdTeryt><sln:gmNazwa>Knyszyn</sln:gmNazwa><sln:miejscIIPId>f6740fcb-c4fa-4214-95ce-2908a1928bb1</sln:miejscIIPId><sln:miejscIIPPn>PL.PZGIK.200</sln:miejscIIPPn><sln:miejscIIPWersja>2016-11-24T08:41:06+02:00</sln:miejscIIPWersja><sln:miejscIdTeryt>0032098</sln:miejscIdTeryt><sln:miejscNazwa>Nowiny-Zdroje</sln:miejscNazwa><sln:miejscRodzaj>Wieś</sln:miejscRodzaj><sln:powIIPId>7de4ed9f-e2ea-4456-9248-bc81a2b79294</sln:powIIPId><sln:powIIPPn>PL.PZGIK.200</sln:powIIPPn><sln:powIIPWersja>2012-09-27T09:26:09+02:00</sln:powIIPWersja><sln:powIdTeryt>2008</sln:powIdTeryt><sln:powNazwa>moniecki</sln:powNazwa><sln:waznyOd>2013-08-06T00:00:00+02:00</sln:waznyOd><sln:wojIIPId>53ad7aea-d9d3-40c9-9a5c-ff737d5b076e</sln:wojIIPId><sln:wojIIPPn>PL.PZGIK.200</sln:wojIIPPn><sln:wojIIPWersja>2017-10-10T00:00:00+02:00</sln:wojIIPWersja><sln:wojIdTeryt>20</sln:wojIdTeryt><sln:wojNazwa>podlaskie</sln:wojNazwa></sln:miejscowosc><sln:miejscowosc><sln:cyklZyciaDo>2017-04-10T00:00:00+02:00</sln:cyklZyciaDo><sln:cyklZyciaOd>2016-02-18T00:00:00+01:00</sln:cyklZyciaOd><sln:gmIIPId>098382f6-c79f-47de-81da-c56879c78440</sln:gmIIPId><sln:gmIIPPn>PL.PZGIK.200</sln:gmIIPPn><sln:gmIIPWersja>2012-09-26T22:15:49+02:00</sln:gmIIPWersja><sln:gmIdTeryt>2008043</sln:gmIdTeryt><sln:gmNazwa>Knyszyn</sln:gmNazwa><sln:miejscIIPId>b49e7d3f-4cfc-4592-8361-11f16b04677c</sln:miejscIIPId><sln:miejscIIPPn>PL.PZGIK.200</sln:miejscIIPPn><sln:miejscIIPWersja>2016-11-24T08:41:10+02:00</sln:miejscIIPWersja><sln:miejscIdTeryt>0032112</sln:miejscIdTeryt><sln:miejscNazwa>Poniklica</sln:miejscNazwa><sln:miejscRodzaj>Wieś</sln:miejscRodzaj><sln:powIIPId>7de4ed9f-e2ea-4456-9248-bc81a2b79294</sln:powIIPId><sln:powIIPPn>PL.PZGIK.200</sln:powIIPPn><sln:powIIPWersja>2012-09-27T09:26:09+02:00</sln:powIIPWersja><sln:powIdTeryt>2008</sln:powIdTeryt><sln:powNazwa>moniecki</sln:powNazwa><sln:waznyOd>2013-08-06T00:00:00+02:00</sln:waznyOd><sln:wojIIPId>53ad7aea-d9d3-40c9-9a5c-ff737d5b076e</sln:wojIIPId><sln:wojIIPPn>PL.PZGIK.200</sln:wojIIPPn><sln:wojIIPWersja>2017-10-10T00:00:00+02:00</sln:wojIIPWersja><sln:wojIdTeryt>20</sln:wojIdTeryt><sln:wojNazwa>podlaskie</sln:wojNazwa></sln:miejscowosc><sln:miejscowosc><sln:cyklZyciaDo>2017-04-10T00:00:00+02:00</sln:cyklZyciaDo><sln:cyklZyciaOd>2016-02-18T00:00:00+01:00</sln:cyklZyciaOd><sln:gmIIPId>098382f6-c79f-47de-81da-c56879c78440</sln:gmIIPId><sln:gmIIPPn>PL.PZGIK.200</sln:gmIIPPn><sln:gmIIPWersja>2012-09-26T22:15:49+02:00</sln:gmIIPWersja><sln:gmIdTeryt>2008043</sln:gmIdTeryt><sln:gmNazwa>Knyszyn</sln:gmNazwa><sln:miejscIIPId>3ae3e0f8-69fd-4818-a730-2dcf3bd39d4d</sln:miejscIIPId><sln:miejscIIPPn>PL.PZGIK.200</sln:miejscIIPPn><sln:miejscIIPWersja>2016-11-24T08:41:12+02:00</sln:miejscIIPWersja><sln:miejscIdTeryt>0032141</sln:miejscIdTeryt><sln:miejscNazwa>Wodziłówka</sln:miejscNazwa><sln:miejscRodzaj>Wieś</sln:miejscRodzaj><sln:powIIPId>7de4ed9f-e2ea-4456-9248-bc81a2b79294</sln:powIIPId><sln:powIIPPn>PL.PZGIK.200</sln:powIIPPn><sln:powIIPWersja>2012-09-27T09:26:09+02:00</sln:powIIPWersja><sln:powIdTeryt>2008</sln:powIdTeryt><sln:powNazwa>moniecki</sln:powNazwa><sln:waznyOd>2013-08-07T00:00:00+02:00</sln:waznyOd><sln:wojIIPId>53ad7aea-d9d3-40c9-9a5c-ff737d5b076e</sln:wojIIPId><sln:wojIIPPn>PL.PZGIK.200</sln:wojIIPPn><sln:wojIIPWersja>2017-10-10T00:00:00+02:00</sln:wojIIPWersja><sln:wojIdTeryt>20</sln:wojIdTeryt><sln:wojNazwa>podlaskie</sln:wojNazwa></sln:miejscowosc><sln:miejscowosc><sln:cyklZyciaDo>2017-04-10T00:00:00+02:00</sln:cyklZyciaDo><sln:cyklZyciaOd>2016-02-18T00:00:00+01:00</sln:cyklZyciaOd><sln:gmIIPId>098382f6-c79f-47de-81da-c56879c78440</sln:gmIIPId><sln:gmIIPPn>PL.PZGIK.200</sln:gmIIPPn><sln:gmIIPWersja>2012-09-26T22:15:49+02:00</sln:gmIIPWersja><sln:gmIdTeryt>2008043</sln:gmIdTeryt><sln:gmNazwa>Knyszyn</sln:gmNazwa><sln:miejscIIPId>bfee7838-e28d-456a-a892-18963248a229</sln:miejscIIPId><sln:miejscIIPPn>PL.PZGIK.200</sln:miejscIIPPn><sln:miejscIIPWersja>2016-11-24T08:41:14+02:00</sln:miejscIIPWersja><sln:miejscIdTeryt>0032158</sln:miejscIdTeryt><sln:miejscNazwa>Wojtówce</sln:miejscNazwa><sln:miejscRodzaj>Wieś</sln:miejscRodzaj><sln:powIIPId>7de4ed9f-e2ea-4456-9248-bc81a2b79294</sln:powIIPId><sln:powIIPPn>PL.PZGIK.200</sln:powIIPPn><sln:powIIPWersja>2012-09-27T09:26:09+02:00</sln:powIIPWersja><sln:powIdTeryt>2008</sln:powIdTeryt><sln:powNazwa>moniecki</sln:powNazwa><sln:waznyOd>2013-08-06T00:00:00+02:00</sln:waznyOd><sln:wojIIPId>53ad7aea-d9d3-40c9-9a5c-ff737d5b076e</sln:wojIIPId><sln:wojIIPPn>PL.PZGIK.200</sln:wojIIPPn><sln:wojIIPWersja>2017-10-10T00:00:00+02:00</sln:wojIIPWersja><sln:wojIdTeryt>20</sln:wojIdTeryt><sln:wojNazwa>podlaskie</sln:wojNazwa></sln:miejscowosc><sln:miejscowosc><sln:cyklZyciaDo>2017-04-10T00:00:00+02:00</sln:cyklZyciaDo><sln:cyklZyciaOd>2016-02-18T00:00:00+01:00</sln:cyklZyciaOd><sln:gmIIPId>098382f6-c79f-47de-81da-c56879c78440</sln:gmIIPId><sln:gmIIPPn>PL.PZGIK.200</sln:gmIIPPn><sln:gmIIPWersja>2012-09-26T22:15:49+02:00</sln:gmIIPWersja><sln:gmIdTeryt>2008043</sln:gmIdTeryt><sln:gmNazwa>Knyszyn</sln:gmNazwa><sln:miejscIIPId>42d33be3-e76d-4998-82dc-63d1ca274ad2</sln:miejscIIPId><sln:miejscIIPPn>PL.PZGIK.200</sln:miejscIIPPn><sln:miejscIIPWersja>2016-11-24T08:41:16+02:00</sln:miejscIIPWersja><sln:miejscIdTeryt>0032164</sln:miejscIdTeryt><sln:miejscNazwa>Zofiówka</sln:miejscNazwa><sln:miejscRodzaj>Wieś</sln:miejscRodzaj><sln:powIIPId>7de4ed9f-e2ea-4456-9248-bc81a2b79294</sln:powIIPId><sln:powIIPPn>PL.PZGIK.200</sln:powIIPPn><sln:powIIPWersja>2012-09-27T09:26:09+02:00</sln:powIIPWersja><sln:powIdTeryt>2008</sln:powIdTeryt><sln:powNazwa>moniecki</sln:powNazwa><sln:waznyOd>2013-08-06T00:00:00+02:00</sln:waznyOd><sln:wojIIPId>53ad7aea-d9d3-40c9-9a5c-ff737d5b076e</sln:wojIIPId><sln:wojIIPPn>PL.PZGIK.200</sln:wojIIPPn><sln:wojIIPWersja>2017-10-10T00:00:00+02:00</sln:wojIIPWersja><sln:wojIdTeryt>20</sln:wojIdTeryt><sln:wojNazwa>podlaskie</sln:wojNazwa></sln:miejscowosc><sln:miejscowosc><sln:cyklZyciaDo>2017-04-10T00:00:00+02:00</sln:cyklZyciaDo><sln:cyklZyciaOd>2016-02-18T00:00:00+01:00</sln:cyklZyciaOd><sln:gmIIPId>098382f6-c79f-47de-81da-c56879c78440</sln:gmIIPId><sln:gmIIPPn>PL.PZGIK.200</sln:gmIIPPn><sln:gmIIPWersja>2012-09-26T22:15:49+02:00</sln:gmIIPWersja><sln:gmIdTeryt>2008043</sln:gmIdTeryt><sln:gmNazwa>Knyszyn</sln:gmNazwa><sln:miejscIIPId>e22eb32b-b66a-4e2e-9762-01057809b29c</sln:miejscIIPId><sln:miejscIIPPn>PL.PZGIK.200</sln:miejscIIPPn><sln:miejscIIPWersja>2016-11-24T08:41:03+02:00</sln:miejscIIPWersja><sln:miejscIdTeryt>0032081</sln:miejscIdTeryt><sln:miejscNazwa>Nowiny Kasjerskie</sln:miejscNazwa><sln:miejscRodzaj>Wieś</sln:miejscRodzaj><sln:powIIPId>7de4ed9f-e2ea-4456-9248-bc81a2b79294</sln:powIIPId><sln:powIIPPn>PL.PZGIK.200</sln:powIIPPn><sln:powIIPWersja>2012-09-27T09:26:09+02:00</sln:powIIPWersja><sln:powIdTeryt>2008</sln:powIdTeryt><sln:powNazwa>moniecki</sln:powNazwa><sln:waznyOd>2013-08-06T00:00:00+02:00</sln:waznyOd><sln:wojIIPId>53ad7aea-d9d3-40c9-9a5c-ff737d5b076e</sln:wojIIPId><sln:wojIIPPn>PL.PZGIK.200</sln:wojIIPPn><sln:wojIIPWersja>2017-10-10T00:00:00+02:00</sln:wojIIPWersja><sln:wojIdTeryt>20</sln:wojIdTeryt><sln:wojNazwa>podlaskie</sln:wojNazwa></sln:miejscowosc><sln:miejscowosc><sln:cyklZyciaDo>2017-04-10T00:00:00+02:00</sln:cyklZyciaDo><sln:cyklZyciaOd>2016-02-18T00:00:00+01:00</sln:cyklZyciaOd><sln:gmIIPId>098382f6-c79f-47de-81da-c56879c78440</sln:gmIIPId><sln:gmIIPPn>PL.PZGIK.200</sln:gmIIPPn><sln:gmIIPWersja>2012-09-26T22:15:49+02:00</sln:gmIIPWersja><sln:gmIdTeryt>2008043</sln:gmIdTeryt><sln:gmNazwa>Knyszyn</sln:gmNazwa><sln:miejscIIPId>a052541e-5060-4ec5-b782-bf99182e9e21</sln:miejscIIPId><sln:miejscIIPPn>PL.PZGIK.200</sln:miejscIIPPn><sln:miejscIIPWersja>2016-11-24T08:41:08+02:00</sln:miejscIIPWersja><sln:miejscIdTeryt>0032106</sln:miejscIdTeryt><sln:miejscNazwa>Ogrodniki</sln:miejscNazwa><sln:miejscRodzaj>Wieś</sln:miejscRodzaj><sln:powIIPId>7de4ed9f-e2ea-4456-9248-bc81a2b79294</sln:powIIPId><sln:powIIPPn>PL.PZGIK.200</sln:powIIPPn><sln:powIIPWersja>2012-09-27T09:26:09+02:00</sln:powIIPWersja><sln:powIdTeryt>2008</sln:powIdTeryt><sln:powNazwa>moniecki</sln:powNazwa><sln:waznyOd>2013-08-06T00:00:00+02:00</sln:waznyOd><sln:wojIIPId>53ad7aea-d9d3-40c9-9a5c-ff737d5b076e</sln:wojIIPId><sln:wojIIPPn>PL.PZGIK.200</sln:wojIIPPn><sln:wojIIPWersja>2017-10-10T00:00:00+02:00</sln:wojIIPWersja><sln:wojIdTeryt>20</sln:wojIdTeryt><sln:wojNazwa>podlaskie</sln:wojNazwa></sln:miejscowosc><sln:miejscowosc><sln:cyklZyciaDo>2015-12-15T00:00:00+01:00</sln:cyklZyciaDo><sln:cyklZyciaOd>2015-07-09T00:00:00+02:00</sln:cyklZyciaOd><sln:gmIIPId>098382f6-c79f-47de-81da-c56879c78440</sln:gmIIPId><sln:gmIIPPn>PL.PZGIK.200</sln:gmIIPPn><sln:gmIIPWersja>2012-09-26T22:15:49+02:00</sln:gmIIPWersja><sln:gmIdTeryt>2008043</sln:gmIdTeryt><sln:gmNazwa>Knyszyn</sln:gmNazwa><sln:miejscIIPId>153b0c1d-d73e-4559-8ab2-9a1f6577a96a</sln:miejscIIPId><sln:miejscIIPPn>PL.PZGIK.200</sln:miejscIIPPn><sln:miejscIIPWersja>2016-11-24T08:40:48+02:00</sln:miejscIIPWersja><sln:miejscIdTeryt>0031963</sln:miejscIdTeryt><sln:miejscNazwa>Chobotki</sln:miejscNazwa><sln:miejscRodzaj>Wieś</sln:miejscRodzaj><sln:powIIPId>7de4ed9f-e2ea-4456-9248-bc81a2b79294</sln:powIIPId><sln:powIIPPn>PL.PZGIK.200</sln:powIIPPn><sln:powIIPWersja>2012-09-27T09:26:09+02:00</sln:powIIPWersja><sln:powIdTeryt>2008</sln:powIdTeryt><sln:powNazwa>moniecki</sln:powNazwa><sln:waznyOd>2013-08-06T00:00:00+02:00</sln:waznyOd><sln:wojIIPId>53ad7aea-d9d3-40c9-9a5c-ff737d5b076e</sln:wojIIPId><sln:wojIIPPn>PL.PZGIK.200</sln:wojIIPPn><sln:wojIIPWersja>2017-10-10T00:00:00+02:00</sln:wojIIPWersja><sln:wojIdTeryt>20</sln:wojIdTeryt><sln:wojNazwa>podlaskie</sln:wojNazwa></sln:miejscowosc><sln:miejscowosc><sln:cyklZyciaDo>2015-12-15T00:00:00+01:00</sln:cyklZyciaDo><sln:cyklZyciaOd>2015-07-09T00:00:00+02:00</sln:cyklZyciaOd><sln:gmIIPId>098382f6-c79f-47de-81da-c56879c78440</sln:gmIIPId><sln:gmIIPPn>PL.PZGIK.200</sln:gmIIPPn><sln:gmIIPWersja>2012-09-26T22:15:49+02:00</sln:gmIIPWersja><sln:gmIdTeryt>2008043</sln:gmIdTeryt><sln:gmNazwa>Knyszyn</sln:gmNazwa><sln:miejscIIPId>8d000c96-a968-44a1-a23f-4985bcee7191</sln:miejscIIPId><sln:miejscIIPPn>PL.PZGIK.200</sln:miejscIIPPn><sln:miejscIIPWersja>2016-11-24T08:40:50+02:00</sln:miejscIIPWersja><sln:miejscIdTeryt>0031970</sln:miejscIdTeryt><sln:miejscNazwa>Czechowizna</sln:miejscNazwa><sln:miejscRodzaj>Wieś</sln:miejscRodzaj><sln:powIIPId>7de4ed9f-e2ea-4456-9248-bc81a2b79294</sln:powIIPId><sln:powIIPPn>PL.PZGIK.200</sln:powIIPPn><sln:powIIPWersja>2012-09-27T09:26:09+02:00</sln:powIIPWersja><sln:powIdTeryt>2008</sln:powIdTeryt><sln:powNazwa>moniecki</sln:powNazwa><sln:waznyOd>2013-08-06T00:00:00+02:00</sln:waznyOd><sln:wojIIPId>53ad7aea-d9d3-40c9-9a5c-ff737d5b076e</sln:wojIIPId><sln:wojIIPPn>PL.PZGIK.200</sln:wojIIPPn><sln:wojIIPWersja>2017-10-10T00:00:00+02:00</sln:wojIIPWersja><sln:wojIdTeryt>20</sln:wojIdTeryt><sln:wojNazwa>podlaskie</sln:wojNazwa></sln:miejscowosc><sln:miejscowosc><sln:cyklZyciaDo>2015-12-15T00:00:00+01:00</sln:cyklZyciaDo><sln:cyklZyciaOd>2015-07-09T00:00:00+02:00</sln:cyklZyciaOd><sln:gmIIPId>098382f6-c79f-47de-81da-c56879c78440</sln:gmIIPId><sln:gmIIPPn>PL.PZGIK.200</sln:gmIIPPn><sln:gmIIPWersja>2012-09-26T22:15:49+02:00</sln:gmIIPWersja><sln:gmIdTeryt>2008043</sln:gmIdTeryt><sln:gmNazwa>Knyszyn</sln:gmNazwa><sln:miejscIIPId>2523a11e-c2fc-40b1-acbf-2785681ec0ce</sln:miejscIIPId><sln:miejscIIPPn>PL.PZGIK.200</sln:miejscIIPPn><sln:miejscIIPWersja>2016-11-24T08:40:54+02:00</sln:miejscIIPWersja><sln:miejscIdTeryt>0031992</sln:miejscIdTeryt><sln:miejscNazwa>Grądy</sln:miejscNazwa><sln:miejscRodzaj>Wieś</sln:miejscRodzaj><sln:powIIPId>7de4ed9f-e2ea-4456-9248-bc81a2b79294</sln:powIIPId><sln:powIIPPn>PL.PZGIK.200</sln:powIIPPn><sln:powIIPWersja>2012-09-27T09:26:09+02:00</sln:powIIPWersja><sln:powIdTeryt>2008</sln:powIdTeryt><sln:powNazwa>moniecki</sln:powNazwa><sln:waznyOd>2013-08-06T00:00:00+02:00</sln:waznyOd><sln:wojIIPId>53ad7aea-d9d3-40c9-9a5c-ff737d5b076e</sln:wojIIPId><sln:wojIIPPn>PL.PZGIK.200</sln:wojIIPPn><sln:wojIIPWersja>2017-10-10T00:00:00+02:00</sln:wojIIPWersja><sln:wojIdTeryt>20</sln:wojIdTeryt><sln:wojNazwa>podlaskie</sln:wojNazwa></sln:miejscowosc><sln:miejscowosc><sln:cyklZyciaDo>2015-12-15T00:00:00+01:00</sln:cyklZyciaDo><sln:cyklZyciaOd>2015-07-09T00:00:00+02:00</sln:cyklZyciaOd><sln:gmIIPId>098382f6-c79f-47de-81da-c56879c78440</sln:gmIIPId><sln:gmIIPPn>PL.PZGIK.200</sln:gmIIPPn><sln:gmIIPWersja>2012-09-26T22:15:49+02:00</sln:gmIIPWersja><sln:gmIdTeryt>2008043</sln:gmIdTeryt><sln:gmNazwa>Knyszyn</sln:gmNazwa><sln:miejscIIPId>34592cb8-6de9-43f1-8d96-63e2e5b8fdba</sln:miejscIIPId><sln:miejscIIPPn>PL.PZGIK.200</sln:miejscIIPPn><sln:miejscIIPWersja>2016-11-24T08:40:56+02:00</sln:miejscIIPWersja><sln:miejscIdTeryt>0032023</sln:miejscIdTeryt><sln:miejscNazwa>Guzy</sln:miejscNazwa><sln:miejscRodzaj>Wieś</sln:miejscRodzaj><sln:powIIPId>7de4ed9f-e2ea-4456-9248-bc81a2b79294</sln:powIIPId><sln:powIIPPn>PL.PZGIK.200</sln:powIIPPn><sln:powIIPWersja>2012-09-27T09:26:09+02:00</sln:powIIPWersja><sln:powIdTeryt>2008</sln:powIdTeryt><sln:powNazwa>moniecki</sln:powNazwa><sln:waznyOd>2013-08-06T00:00:00+02:00</sln:waznyOd><sln:wojIIPId>53ad7aea-d9d3-40c9-9a5c-ff737d5b076e</sln:wojIIPId><sln:wojIIPPn>PL.PZGIK.200</sln:wojIIPPn><sln:wojIIPWersja>2017-10-10T00:00:00+02:00</sln:wojIIPWersja><sln:wojIdTeryt>20</sln:wojIdTeryt><sln:wojNazwa>podlaskie</sln:wojNazwa></sln:miejscowosc><sln:miejscowosc><sln:cyklZyciaDo>2015-12-15T00:00:00+01:00</sln:cyklZyciaDo><sln:cyklZyciaOd>2015-07-09T00:00:00+02:00</sln:cyklZyciaOd><sln:gmIIPId>098382f6-c79f-47de-81da-c56879c78440</sln:gmIIPId><sln:gmIIPPn>PL.PZGIK.200</sln:gmIIPPn><sln:gmIIPWersja>2012-09-26T22:15:49+02:00</sln:gmIIPWersja><sln:gmIdTeryt>2008043</sln:gmIdTeryt><sln:gmNazwa>Knyszyn</sln:gmNazwa><sln:miejscIIPId>059a7a84-043a-4662-9dfd-48bb10c64df9</sln:miejscIIPId><sln:miejscIIPPn>PL.PZGIK.200</sln:miejscIIPPn><sln:miejscIIPWersja>2016-11-24T08:40:58+02:00</sln:miejscIIPWersja><sln:miejscIdTeryt>0032030</sln:miejscIdTeryt><sln:miejscNazwa>Jaskra</sln:miejscNazwa><sln:miejscRodzaj>Wieś</sln:miejscRodzaj><sln:powIIPId>7de4ed9f-e2ea-4456-9248-bc81a2b79294</sln:powIIPId><sln:powIIPPn>PL.PZGIK.200</sln:powIIPPn><sln:powIIPWersja>2012-09-27T09:26:09+02:00</sln:powIIPWersja><sln:powIdTeryt>2008</sln:powIdTeryt><sln:powNazwa>moniecki</sln:powNazwa><sln:waznyOd>2013-08-06T00:00:00+02:00</sln:waznyOd><sln:wojIIPId>53ad7aea-d9d3-40c9-9a5c-ff737d5b076e</sln:wojIIPId><sln:wojIIPPn>PL.PZGIK.200</sln:wojIIPPn><sln:wojIIPWersja>2017-10-10T00:00:00+02:00</sln:wojIIPWersja><sln:wojIdTeryt>20</sln:wojIdTeryt><sln:wojNazwa>podlaskie</sln:wojNazwa></sln:miejscowosc><sln:miejscowosc><sln:cyklZyciaDo>2015-12-15T00:00:00+01:00</sln:cyklZyciaDo><sln:cyklZyciaOd>2015-07-09T00:00:00+02:00</sln:cyklZyciaOd><sln:gmIIPId>098382f6-c79f-47de-81da-c56879c78440</sln:gmIIPId><sln:gmIIPPn>PL.PZGIK.200</sln:gmIIPPn><sln:gmIIPWersja>2012-09-26T22:15:49+02:00</sln:gmIIPWersja><sln:gmIdTeryt>2008043</sln:gmIdTeryt><sln:gmNazwa>Knyszyn</sln:gmNazwa><sln:miejscIIPId>56b90f71-933d-44e9-898f-3e8e92a35341</sln:miejscIIPId><sln:miejscIIPPn>PL.PZGIK.200</sln:miejscIIPPn><sln:miejscIIPWersja>2016-11-24T08:41:00+02:00</sln:miejscIIPWersja><sln:miejscIdTeryt>0032046</sln:miejscIdTeryt><sln:miejscNazwa>Kalinówka Kościelna</sln:miejscNazwa><sln:miejscRodzaj>Wieś</sln:miejscRodzaj><sln:powIIPId>7de4ed9f-e2ea-4456-9248-bc81a2b79294</sln:powIIPId><sln:powIIPPn>PL.PZGIK.200</sln:powIIPPn><sln:powIIPWersja>2012-09-27T09:26:09+02:00</sln:powIIPWersja><sln:powIdTeryt>2008</sln:powIdTeryt><sln:powNazwa>moniecki</sln:powNazwa><sln:waznyOd>2013-08-06T00:00:00+02:00</sln:waznyOd><sln:wojIIPId>53ad7aea-d9d3-40c9-9a5c-ff737d5b076e</sln:wojIIPId><sln:wojIIPPn>PL.PZGIK.200</sln:wojIIPPn><sln:wojIIPWersja>2017-10-10T00:00:00+02:00</sln:wojIIPWersja><sln:wojIdTeryt>20</sln:wojIdTeryt><sln:wojNazwa>podlaskie</sln:wojNazwa></sln:miejscowosc><sln:miejscowosc><sln:cyklZyciaDo>2015-12-15T00:00:00+01:00</sln:cyklZyciaDo><sln:cyklZyciaOd>2015-07-09T00:00:00+02:00</sln:cyklZyciaOd><sln:gmIIPId>098382f6-c79f-47de-81da-c56879c78440</sln:gmIIPId><sln:gmIIPPn>PL.PZGIK.200</sln:gmIIPPn><sln:gmIIPWersja>2012-09-26T22:15:49+02:00</sln:gmIIPWersja><sln:gmIdTeryt>2008043</sln:gmIdTeryt><sln:gmNazwa>Knyszyn</sln:gmNazwa><sln:miejscIIPId>bdcc7484-523d-4c56-b474-003e84ceada6</sln:miejscIIPId><sln:miejscIIPPn>PL.PZGIK.200</sln:miejscIIPPn><sln:miejscIIPWersja>2016-11-24T13:15:09+02:00</sln:miejscIIPWersja><sln:miejscIdTeryt>0923213</sln:miejscIdTeryt><sln:miejscNazwa>Knyszyn</sln:miejscNazwa><sln:miejscRodzaj>Miasto</sln:miejscRodzaj><sln:powIIPId>7de4ed9f-e2ea-4456-9248-bc81a2b79294</sln:powIIPId><sln:powIIPPn>PL.PZGIK.200</sln:powIIPPn><sln:powIIPWersja>2012-09-27T09:26:09+02:00</sln:powIIPWersja><sln:powIdTeryt>2008</sln:powIdTeryt><sln:powNazwa>moniecki</sln:powNazwa><sln:waznyOd>2013-08-06T00:00:00+02:00</sln:waznyOd><sln:wojIIPId>53ad7aea-d9d3-40c9-9a5c-ff737d5b076e</sln:wojIIPId><sln:wojIIPPn>PL.PZGIK.200</sln:wojIIPPn><sln:wojIIPWersja>2017-10-10T00:00:00+02:00</sln:wojIIPWersja><sln:wojIdTeryt>20</sln:wojIdTeryt><sln:wojNazwa>podlaskie</sln:wojNazwa></sln:miejscowosc><sln:miejscowosc><sln:cyklZyciaDo>2015-12-15T00:00:00+01:00</sln:cyklZyciaDo><sln:cyklZyciaOd>2015-07-09T00:00:00+02:00</sln:cyklZyciaOd><sln:gmIIPId>098382f6-c79f-47de-81da-c56879c78440</sln:gmIIPId><sln:gmIIPPn>PL.PZGIK.200</sln:gmIIPPn><sln:gmIIPWersja>2012-09-26T22:15:49+02:00</sln:gmIIPWersja><sln:gmIdTeryt>2008043</sln:gmIdTeryt><sln:gmNazwa>Knyszyn</sln:gmNazwa><sln:miejscIIPId>384bc23b-80cf-4b32-9580-b66ab6c0f283</sln:miejscIIPId><sln:miejscIIPPn>PL.PZGIK.200</sln:miejscIIPPn><sln:miejscIIPWersja>2016-11-24T08:41:02+02:00</sln:miejscIIPWersja><sln:miejscIdTeryt>0032069</sln:miejscIdTeryt><sln:miejscNazwa>Knyszyn-Zamek</sln:miejscNazwa><sln:miejscRodzaj>Wieś</sln:miejscRodzaj><sln:powIIPId>7de4ed9f-e2ea-4456-9248-bc81a2b79294</sln:powIIPId><sln:powIIPPn>PL.PZGIK.200</sln:powIIPPn><sln:powIIPWersja>2012-09-27T09:26:09+02:00</sln:powIIPWersja><sln:powIdTeryt>2008</sln:powIdTeryt><sln:powNazwa>moniecki</sln:powNazwa><sln:waznyOd>2013-08-06T00:00:00+02:00</sln:waznyOd><sln:wojIIPId>53ad7aea-d9d3-40c9-9a5c-ff737d5b076e</sln:wojIIPId><sln:wojIIPPn>PL.PZGIK.200</sln:wojIIPPn><sln:wojIIPWersja>2017-10-10T00:00:00+02:00</sln:wojIIPWersja><sln:wojIdTeryt>20</sln:wojIdTeryt><sln:wojNazwa>podlaskie</sln:wojNazwa></sln:miejscowosc><sln:miejscowosc><sln:cyklZyciaDo>2015-12-15T00:00:00+01:00</sln:cyklZyciaDo><sln:cyklZyciaOd>2015-07-09T00:00:00+02:00</sln:cyklZyciaOd><sln:gmIIPId>098382f6-c79f-47de-81da-c56879c78440</sln:gmIIPId><sln:gmIIPPn>PL.PZGIK.200</sln:gmIIPPn><sln:gmIIPWersja>2012-09-26T22:15:49+02:00</sln:gmIIPWersja><sln:gmIdTeryt>2008043</sln:gmIdTeryt><sln:gmNazwa>Knyszyn</sln:gmNazwa><sln:miejscIIPId>4f2dfdcb-7b5e-4c26-bbe3-1b7e03ceda7d</sln:miejscIIPId><sln:miejscIIPPn>PL.PZGIK.200</sln:miejscIIPPn><sln:miejscIIPWersja>2016-11-24T08:40:52+02:00</sln:miejscIIPWersja><sln:miejscIdTeryt>0031986</sln:miejscIdTeryt><sln:miejscNazwa>Lewonie (kolonia)</sln:miejscNazwa><sln:miejscRodzaj>Kolonia</sln:miejscRodzaj><sln:powIIPId>7de4ed9f-e2ea-4456-9248-bc81a2b79294</sln:powIIPId><sln:powIIPPn>PL.PZGIK.200</sln:powIIPPn><sln:powIIPWersja>2012-09-27T09:26:09+02:00</sln:powIIPWersja><sln:powIdTeryt>2008</sln:powIdTeryt><sln:powNazwa>moniecki</sln:powNazwa><sln:waznyOd>2013-08-08T00:00:00+02:00</sln:waznyOd><sln:wojIIPId>53ad7aea-d9d3-40c9-9a5c-ff737d5b076e</sln:wojIIPId><sln:wojIIPPn>PL.PZGIK.200</sln:wojIIPPn><sln:wojIIPWersja>2017-10-10T00:00:00+02:00</sln:wojIIPWersja><sln:wojIdTeryt>20</sln:wojIdTeryt><sln:wojNazwa>podlaskie</sln:wojNazwa></sln:miejscowosc><sln:miejscowosc><sln:cyklZyciaDo>2015-12-15T00:00:00+01:00</sln:cyklZyciaDo><sln:cyklZyciaOd>2015-07-09T00:00:00+02:00</sln:cyklZyciaOd><sln:gmIIPId>098382f6-c79f-47de-81da-c56879c78440</sln:gmIIPId><sln:gmIIPPn>PL.PZGIK.200</sln:gmIIPPn><sln:gmIIPWersja>2012-09-26T22:15:49+02:00</sln:gmIIPWersja><sln:gmIdTeryt>2008043</sln:gmIdTeryt><sln:gmNazwa>Knyszyn</sln:gmNazwa><sln:miejscIIPId>f6740fcb-c4fa-4214-95ce-2908a1928bb1</sln:miejscIIPId><sln:miejscIIPPn>PL.PZGIK.200</sln:miejscIIPPn><sln:miejscIIPWersja>2016-11-24T08:41:07+02:00</sln:miejscIIPWersja><sln:miejscIdTeryt>0032098</sln:miejscIdTeryt><sln:miejscNazwa>Nowiny-Zdroje</sln:miejscNazwa><sln:miejscRodzaj>Wieś</sln:miejscRodzaj><sln:powIIPId>7de4ed9f-e2ea-4456-9248-bc81a2b79294</sln:powIIPId><sln:powIIPPn>PL.PZGIK.200</sln:powIIPPn><sln:powIIPWersja>2012-09-27T09:26:09+02:00</sln:powIIPWersja><sln:powIdTeryt>2008</sln:powIdTeryt><sln:powNazwa>moniecki</sln:powNazwa><sln:waznyOd>2013-08-06T00:00:00+02:00</sln:waznyOd><sln:wojIIPId>53ad7aea-d9d3-40c9-9a5c-ff737d5b076e</sln:wojIIPId><sln:wojIIPPn>PL.PZGIK.200</sln:wojIIPPn><sln:wojIIPWersja>2017-10-10T00:00:00+02:00</sln:wojIIPWersja><sln:wojIdTeryt>20</sln:wojIdTeryt><sln:wojNazwa>podlaskie</sln:wojNazwa></sln:miejscowosc><sln:miejscowosc><sln:cyklZyciaDo>2015-12-15T00:00:00+01:00</sln:cyklZyciaDo><sln:cyklZyciaOd>2015-07-09T00:00:00+02:00</sln:cyklZyciaOd><sln:gmIIPId>098382f6-c79f-47de-81da-c56879c78440</sln:gmIIPId><sln:gmIIPPn>PL.PZGIK.200</sln:gmIIPPn><sln:gmIIPWersja>2012-09-26T22:15:49+02:00</sln:gmIIPWersja><sln:gmIdTeryt>2008043</sln:gmIdTeryt><sln:gmNazwa>Knyszyn</sln:gmNazwa><sln:miejscIIPId>3ae3e0f8-69fd-4818-a730-2dcf3bd39d4d</sln:miejscIIPId><sln:miejscIIPPn>PL.PZGIK.200</sln:miejscIIPPn><sln:miejscIIPWersja>2016-11-24T08:41:13+02:00</sln:miejscIIPWersja><sln:miejscIdTeryt>0032141</sln:miejscIdTeryt><sln:miejscNazwa>Wodziłówka</sln:miejscNazwa><sln:miejscRodzaj>Wieś</sln:miejscRodzaj><sln:powIIPId>7de4ed9f-e2ea-4456-9248-bc81a2b79294</sln:powIIPId><sln:powIIPPn>PL.PZGIK.200</sln:powIIPPn><sln:powIIPWersja>2012-09-27T09:26:09+02:00</sln:powIIPWersja><sln:powIdTeryt>2008</sln:powIdTeryt><sln:powNazwa>moniecki</sln:powNazwa><sln:waznyOd>2013-08-07T00:00:00+02:00</sln:waznyOd><sln:wojIIPId>53ad7aea-d9d3-40c9-9a5c-ff737d5b076e</sln:wojIIPId><sln:wojIIPPn>PL.PZGIK.200</sln:wojIIPPn><sln:wojIIPWersja>2017-10-10T00:00:00+02:00</sln:wojIIPWersja><sln:wojIdTeryt>20</sln:wojIdTeryt><sln:wojNazwa>podlaskie</sln:wojNazwa></sln:miejscowosc><sln:miejscowosc><sln:cyklZyciaDo>2015-12-15T00:00:00+01:00</sln:cyklZyciaDo><sln:cyklZyciaOd>2015-07-09T00:00:00+02:00</sln:cyklZyciaOd><sln:gmIIPId>098382f6-c79f-47de-81da-c56879c78440</sln:gmIIPId><sln:gmIIPPn>PL.PZGIK.200</sln:gmIIPPn><sln:gmIIPWersja>2012-09-26T22:15:49+02:00</sln:gmIIPWersja><sln:gmIdTeryt>2008043</sln:gmIdTeryt><sln:gmNazwa>Knyszyn</sln:gmNazwa><sln:miejscIIPId>bfee7838-e28d-456a-a892-18963248a229</sln:miejscIIPId><sln:miejscIIPPn>PL.PZGIK.200</sln:miejscIIPPn><sln:miejscIIPWersja>2016-11-24T08:41:15+02:00</sln:miejscIIPWersja><sln:miejscIdTeryt>0032158</sln:miejscIdTeryt><sln:miejscNazwa>Wojtówce</sln:miejscNazwa><sln:miejscRodzaj>Wieś</sln:miejscRodzaj><sln:powIIPId>7de4ed9f-e2ea-4456-9248-bc81a2b79294</sln:powIIPId><sln:powIIPPn>PL.PZGIK.200</sln:powIIPPn><sln:powIIPWersja>2012-09-27T09:26:09+02:00</sln:powIIPWersja><sln:powIdTeryt>2008</sln:powIdTeryt><sln:powNazwa>moniecki</sln:powNazwa><sln:waznyOd>2013-08-06T00:00:00+02:00</sln:waznyOd><sln:wojIIPId>53ad7aea-d9d3-40c9-9a5c-ff737d5b076e</sln:wojIIPId><sln:wojIIPPn>PL.PZGIK.200</sln:wojIIPPn><sln:wojIIPWersja>2017-10-10T00:00:00+02:00</sln:wojIIPWersja><sln:wojIdTeryt>20</sln:wojIdTeryt><sln:wojNazwa>podlaskie</sln:wojNazwa></sln:miejscowosc><sln:miejscowosc><sln:cyklZyciaDo>2015-12-15T00:00:00+01:00</sln:cyklZyciaDo><sln:cyklZyciaOd>2015-07-09T00:00:00+02:00</sln:cyklZyciaOd><sln:gmIIPId>098382f6-c79f-47de-81da-c56879c78440</sln:gmIIPId><sln:gmIIPPn>PL.PZGIK.200</sln:gmIIPPn><sln:gmIIPWersja>2012-09-26T22:15:49+02:00</sln:gmIIPWersja><sln:gmIdTeryt>2008043</sln:gmIdTeryt><sln:gmNazwa>Knyszyn</sln:gmNazwa><sln:miejscIIPId>42d33be3-e76d-4998-82dc-63d1ca274ad2</sln:miejscIIPId><sln:miejscIIPPn>PL.PZGIK.200</sln:miejscIIPPn><sln:miejscIIPWersja>2016-11-24T08:41:17+02:00</sln:miejscIIPWersja><sln:miejscIdTeryt>0032164</sln:miejscIdTeryt><sln:miejscNazwa>Zofiówka</sln:miejscNazwa><sln:miejscRodzaj>Wieś</sln:miejscRodzaj><sln:powIIPId>7de4ed9f-e2ea-4456-9248-bc81a2b79294</sln:powIIPId><sln:powIIPPn>PL.PZGIK.200</sln:powIIPPn><sln:powIIPWersja>2012-09-27T09:26:09+02:00</sln:powIIPWersja><sln:powIdTeryt>2008</sln:powIdTeryt><sln:powNazwa>moniecki</sln:powNazwa><sln:waznyOd>2013-08-06T00:00:00+02:00</sln:waznyOd><sln:wojIIPId>53ad7aea-d9d3-40c9-9a5c-ff737d5b076e</sln:wojIIPId><sln:wojIIPPn>PL.PZGIK.200</sln:wojIIPPn><sln:wojIIPWersja>2017-10-10T00:00:00+02:00</sln:wojIIPWersja><sln:wojIdTeryt>20</sln:wojIdTeryt><sln:wojNazwa>podlaskie</sln:wojNazwa></sln:miejscowosc><sln:miejscowosc><sln:cyklZyciaDo>2015-12-15T00:00:00+01:00</sln:cyklZyciaDo><sln:cyklZyciaOd>2015-07-09T00:00:00+02:00</sln:cyklZyciaOd><sln:gmIIPId>098382f6-c79f-47de-81da-c56879c78440</sln:gmIIPId><sln:gmIIPPn>PL.PZGIK.200</sln:gmIIPPn><sln:gmIIPWersja>2012-09-26T22:15:49+02:00</sln:gmIIPWersja><sln:gmIdTeryt>2008043</sln:gmIdTeryt><sln:gmNazwa>Knyszyn</sln:gmNazwa><sln:miejscIIPId>e22eb32b-b66a-4e2e-9762-01057809b29c</sln:miejscIIPId><sln:miejscIIPPn>PL.PZGIK.200</sln:miejscIIPPn><sln:miejscIIPWersja>2016-11-24T08:41:05+02:00</sln:miejscIIPWersja><sln:miejscIdTeryt>0032081</sln:miejscIdTeryt><sln:miejscNazwa>Nowiny Kasjerskie</sln:miejscNazwa><sln:miejscRodzaj>Wieś</sln:miejscRodzaj><sln:powIIPId>7de4ed9f-e2ea-4456-9248-bc81a2b79294</sln:powIIPId><sln:powIIPPn>PL.PZGIK.200</sln:powIIPPn><sln:powIIPWersja>2012-09-27T09:26:09+02:00</sln:powIIPWersja><sln:powIdTeryt>2008</sln:powIdTeryt><sln:powNazwa>moniecki</sln:powNazwa><sln:waznyOd>2013-08-06T00:00:00+02:00</sln:waznyOd><sln:wojIIPId>53ad7aea-d9d3-40c9-9a5c-ff737d5b076e</sln:wojIIPId><sln:wojIIPPn>PL.PZGIK.200</sln:wojIIPPn><sln:wojIIPWersja>2017-10-10T00:00:00+02:00</sln:wojIIPWersja><sln:wojIdTeryt>20</sln:wojIdTeryt><sln:wojNazwa>podlaskie</sln:wojNazwa></sln:miejscowosc><sln:miejscowosc><sln:cyklZyciaDo>2015-12-15T00:00:00+01:00</sln:cyklZyciaDo><sln:cyklZyciaOd>2015-07-09T00:00:00+02:00</sln:cyklZyciaOd><sln:gmIIPId>098382f6-c79f-47de-81da-c56879c78440</sln:gmIIPId><sln:gmIIPPn>PL.PZGIK.200</sln:gmIIPPn><sln:gmIIPWersja>2012-09-26T22:15:49+02:00</sln:gmIIPWersja><sln:gmIdTeryt>2008043</sln:gmIdTeryt><sln:gmNazwa>Knyszyn</sln:gmNazwa><sln:miejscIIPId>a052541e-5060-4ec5-b782-bf99182e9e21</sln:miejscIIPId><sln:miejscIIPPn>PL.PZGIK.200</sln:miejscIIPPn><sln:miejscIIPWersja>2016-11-24T08:41:09+02:00</sln:miejscIIPWersja><sln:miejscIdTeryt>0032106</sln:miejscIdTeryt><sln:miejscNazwa>Ogrodniki</sln:miejscNazwa><sln:miejscRodzaj>Wieś</sln:miejscRodzaj><sln:powIIPId>7de4ed9f-e2ea-4456-9248-bc81a2b79294</sln:powIIPId><sln:powIIPPn>PL.PZGIK.200</sln:powIIPPn><sln:powIIPWersja>2012-09-27T09:26:09+02:00</sln:powIIPWersja><sln:powIdTeryt>2008</sln:powIdTeryt><sln:powNazwa>moniecki</sln:powNazwa><sln:waznyOd>2013-08-06T00:00:00+02:00</sln:waznyOd><sln:wojIIPId>53ad7aea-d9d3-40c9-9a5c-ff737d5b076e</sln:wojIIPId><sln:wojIIPPn>PL.PZGIK.200</sln:wojIIPPn><sln:wojIIPWersja>2017-10-10T00:00:00+02:00</sln:wojIIPWersja><sln:wojIdTeryt>20</sln:wojIdTeryt><sln:wojNazwa>podlaskie</sln:wojNazwa></sln:miejscowosc><sln:miejscowosc><sln:cyklZyciaDo>2015-12-15T00:00:00+01:00</sln:cyklZyciaDo><sln:cyklZyciaOd>2015-07-09T00:00:00+02:00</sln:cyklZyciaOd><sln:gmIIPId>098382f6-c79f-47de-81da-c56879c78440</sln:gmIIPId><sln:gmIIPPn>PL.PZGIK.200</sln:gmIIPPn><sln:gmIIPWersja>2012-09-26T22:15:49+02:00</sln:gmIIPWersja><sln:gmIdTeryt>2008043</sln:gmIdTeryt><sln:gmNazwa>Knyszyn</sln:gmNazwa><sln:miejscIIPId>b49e7d3f-4cfc-4592-8361-11f16b04677c</sln:miejscIIPId><sln:miejscIIPPn>PL.PZGIK.200</sln:miejscIIPPn><sln:miejscIIPWersja>2016-11-24T08:41:11+02:00</sln:miejscIIPWersja><sln:miejscIdTeryt>0032112</sln:miejscIdTeryt><sln:miejscNazwa>Poniklica</sln:miejscNazwa><sln:miejscRodzaj>Wieś</sln:miejscRodzaj><sln:powIIPId>7de4ed9f-e2ea-4456-9248-bc81a2b79294</sln:powIIPId><sln:powIIPPn>PL.PZGIK.200</sln:powIIPPn><sln:powIIPWersja>2012-09-27T09:26:09+02:00</sln:powIIPWersja><sln:powIdTeryt>2008</sln:powIdTeryt><sln:powNazwa>moniecki</sln:powNazwa><sln:waznyOd>2013-08-06T00:00:00+02:00</sln:waznyOd><sln:wojIIPId>53ad7aea-d9d3-40c9-9a5c-ff737d5b076e</sln:wojIIPId><sln:wojIIPPn>PL.PZGIK.200</sln:wojIIPPn><sln:wojIIPWersja>2017-10-10T00:00:00+02:00</sln:wojIIPWersja><sln:wojIdTeryt>20</sln:wojIdTeryt><sln:wojNazwa>podlaskie</sln:wojNazwa></sln:miejscowosc><sln:miejscowosc><sln:cyklZyciaDo>2016-02-18T00:00:00+01:00</sln:cyklZyciaDo><sln:cyklZyciaOd>2015-12-15T00:00:00+01:00</sln:cyklZyciaOd><sln:gmIIPId>098382f6-c79f-47de-81da-c56879c78440</sln:gmIIPId><sln:gmIIPPn>PL.PZGIK.200</sln:gmIIPPn><sln:gmIIPWersja>2012-09-26T22:15:49+02:00</sln:gmIIPWersja><sln:gmIdTeryt>2008043</sln:gmIdTeryt><sln:gmNazwa>Knyszyn</sln:gmNazwa><sln:miejscIIPId>153b0c1d-d73e-4559-8ab2-9a1f6577a96a</sln:miejscIIPId><sln:miejscIIPPn>PL.PZGIK.200</sln:miejscIIPPn><sln:miejscIIPWersja>2016-11-24T08:40:49+02:00</sln:miejscIIPWersja><sln:miejscIdTeryt>0031963</sln:miejscIdTeryt><sln:miejscNazwa>Chobotki</sln:miejscNazwa><sln:miejscRodzaj>Wieś</sln:miejscRodzaj><sln:powIIPId>7de4ed9f-e2ea-4456-9248-bc81a2b79294</sln:powIIPId><sln:powIIPPn>PL.PZGIK.200</sln:powIIPPn><sln:powIIPWersja>2012-09-27T09:26:09+02:00</sln:powIIPWersja><sln:powIdTeryt>2008</sln:powIdTeryt><sln:powNazwa>moniecki</sln:powNazwa><sln:waznyOd>2013-08-06T00:00:00+02:00</sln:waznyOd><sln:wojIIPId>53ad7aea-d9d3-40c9-9a5c-ff737d5b076e</sln:wojIIPId><sln:wojIIPPn>PL.PZGIK.200</sln:wojIIPPn><sln:wojIIPWersja>2017-10-10T00:00:00+02:00</sln:wojIIPWersja><sln:wojIdTeryt>20</sln:wojIdTeryt><sln:wojNazwa>podlaskie</sln:wojNazwa></sln:miejscowosc><sln:miejscowosc><sln:cyklZyciaDo>2016-02-18T00:00:00+01:00</sln:cyklZyciaDo><sln:cyklZyciaOd>2015-12-15T00:00:00+01:00</sln:cyklZyciaOd><sln:gmIIPId>098382f6-c79f-47de-81da-c56879c78440</sln:gmIIPId><sln:gmIIPPn>PL.PZGIK.200</sln:gmIIPPn><sln:gmIIPWersja>2012-09-26T22:15:49+02:00</sln:gmIIPWersja><sln:gmIdTeryt>2008043</sln:gmIdTeryt><sln:gmNazwa>Knyszyn</sln:gmNazwa><sln:miejscIIPId>8d000c96-a968-44a1-a23f-4985bcee7191</sln:miejscIIPId><sln:miejscIIPPn>PL.PZGIK.200</sln:miejscIIPPn><sln:miejscIIPWersja>2016-11-24T08:40:51+02:00</sln:miejscIIPWersja><sln:miejscIdTeryt>0031970</sln:miejscIdTeryt><sln:miejscNazwa>Czechowizna</sln:miejscNazwa><sln:miejscRodzaj>Wieś</sln:miejscRodzaj><sln:powIIPId>7de4ed9f-e2ea-4456-9248-bc81a2b79294</sln:powIIPId><sln:powIIPPn>PL.PZGIK.200</sln:powIIPPn><sln:powIIPWersja>2012-09-27T09:26:09+02:00</sln:powIIPWersja><sln:powIdTeryt>2008</sln:powIdTeryt><sln:powNazwa>moniecki</sln:powNazwa><sln:waznyOd>2013-08-06T00:00:00+02:00</sln:waznyOd><sln:wojIIPId>53ad7aea-d9d3-40c9-9a5c-ff737d5b076e</sln:wojIIPId><sln:wojIIPPn>PL.PZGIK.200</sln:wojIIPPn><sln:wojIIPWersja>2017-10-10T00:00:00+02:00</sln:wojIIPWersja><sln:wojIdTeryt>20</sln:wojIdTeryt><sln:wojNazwa>podlaskie</sln:wojNazwa></sln:miejscowosc><sln:miejscowosc><sln:cyklZyciaDo>2016-02-18T00:00:00+01:00</sln:cyklZyciaDo><sln:cyklZyciaOd>2015-12-15T00:00:00+01:00</sln:cyklZyciaOd><sln:gmIIPId>098382f6-c79f-47de-81da-c56879c78440</sln:gmIIPId><sln:gmIIPPn>PL.PZGIK.200</sln:gmIIPPn><sln:gmIIPWersja>2012-09-26T22:15:49+02:00</sln:gmIIPWersja><sln:gmIdTeryt>2008043</sln:gmIdTeryt><sln:gmNazwa>Knyszyn</sln:gmNazwa><sln:miejscIIPId>2523a11e-c2fc-40b1-acbf-2785681ec0ce</sln:miejscIIPId><sln:miejscIIPPn>PL.PZGIK.200</sln:miejscIIPPn><sln:miejscIIPWersja>2016-11-24T08:40:55+02:00</sln:miejscIIPWersja><sln:miejscIdTeryt>0031992</sln:miejscIdTeryt><sln:miejscNazwa>Grądy</sln:miejscNazwa><sln:miejscRodzaj>Wieś</sln:miejscRodzaj><sln:powIIPId>7de4ed9f-e2ea-4456-9248-bc81a2b79294</sln:powIIPId><sln:powIIPPn>PL.PZGIK.200</sln:powIIPPn><sln:powIIPWersja>2012-09-27T09:26:09+02:00</sln:powIIPWersja><sln:powIdTeryt>2008</sln:powIdTeryt><sln:powNazwa>moniecki</sln:powNazwa><sln:waznyOd>2013-08-06T00:00:00+02:00</sln:waznyOd><sln:wojIIPId>53ad7aea-d9d3-40c9-9a5c-ff737d5b076e</sln:wojIIPId><sln:wojIIPPn>PL.PZGIK.200</sln:wojIIPPn><sln:wojIIPWersja>2017-10-10T00:00:00+02:00</sln:wojIIPWersja><sln:wojIdTeryt>20</sln:wojIdTeryt><sln:wojNazwa>podlaskie</sln:wojNazwa></sln:miejscowosc><sln:miejscowosc><sln:cyklZyciaDo>2016-02-18T00:00:00+01:00</sln:cyklZyciaDo><sln:cyklZyciaOd>2015-12-15T00:00:00+01:00</sln:cyklZyciaOd><sln:gmIIPId>098382f6-c79f-47de-81da-c56879c78440</sln:gmIIPId><sln:gmIIPPn>PL.PZGIK.200</sln:gmIIPPn><sln:gmIIPWersja>2012-09-26T22:15:49+02:00</sln:gmIIPWersja><sln:gmIdTeryt>2008043</sln:gmIdTeryt><sln:gmNazwa>Knyszyn</sln:gmNazwa><sln:miejscIIPId>34592cb8-6de9-43f1-8d96-63e2e5b8fdba</sln:miejscIIPId><sln:miejscIIPPn>PL.PZGIK.200</sln:miejscIIPPn><sln:miejscIIPWersja>2016-11-24T08:40:57+02:00</sln:miejscIIPWersja><sln:miejscIdTeryt>0032023</sln:miejscIdTeryt><sln:miejscNazwa>Guzy</sln:miejscNazwa><sln:miejscRodzaj>Wieś</sln:miejscRodzaj><sln:powIIPId>7de4ed9f-e2ea-4456-9248-bc81a2b79294</sln:powIIPId><sln:powIIPPn>PL.PZGIK.200</sln:powIIPPn><sln:powIIPWersja>2012-09-27T09:26:09+02:00</sln:powIIPWersja><sln:powIdTeryt>2008</sln:powIdTeryt><sln:powNazwa>moniecki</sln:powNazwa><sln:waznyOd>2013-08-06T00:00:00+02:00</sln:waznyOd><sln:wojIIPId>53ad7aea-d9d3-40c9-9a5c-ff737d5b076e</sln:wojIIPId><sln:wojIIPPn>PL.PZGIK.200</sln:wojIIPPn><sln:wojIIPWersja>2017-10-10T00:00:00+02:00</sln:wojIIPWersja><sln:wojIdTeryt>20</sln:wojIdTeryt><sln:wojNazwa>podlaskie</sln:wojNazwa></sln:miejscowosc><sln:miejscowosc><sln:cyklZyciaDo>2016-02-18T00:00:00+01:00</sln:cyklZyciaDo><sln:cyklZyciaOd>2015-12-15T00:00:00+01:00</sln:cyklZyciaOd><sln:gmIIPId>098382f6-c79f-47de-81da-c56879c78440</sln:gmIIPId><sln:gmIIPPn>PL.PZGIK.200</sln:gmIIPPn><sln:gmIIPWersja>2012-09-26T22:15:49+02:00</sln:gmIIPWersja><sln:gmIdTeryt>2008043</sln:gmIdTeryt><sln:gmNazwa>Knyszyn</sln:gmNazwa><sln:miejscIIPId>059a7a84-043a-4662-9dfd-48bb10c64df9</sln:miejscIIPId><sln:miejscIIPPn>PL.PZGIK.200</sln:miejscIIPPn><sln:miejscIIPWersja>2016-11-24T08:40:59+02:00</sln:miejscIIPWersja><sln:miejscIdTeryt>0032030</sln:miejscIdTeryt><sln:miejscNazwa>Jaskra</sln:miejscNazwa><sln:miejscRodzaj>Wieś</sln:miejscRodzaj><sln:powIIPId>7de4ed9f-e2ea-4456-9248-bc81a2b79294</sln:powIIPId><sln:powIIPPn>PL.PZGIK.200</sln:powIIPPn><sln:powIIPWersja>2012-09-27T09:26:09+02:00</sln:powIIPWersja><sln:powIdTeryt>2008</sln:powIdTeryt><sln:powNazwa>moniecki</sln:powNazwa><sln:waznyOd>2013-08-06T00:00:00+02:00</sln:waznyOd><sln:wojIIPId>53ad7aea-d9d3-40c9-9a5c-ff737d5b076e</sln:wojIIPId><sln:wojIIPPn>PL.PZGIK.200</sln:wojIIPPn><sln:wojIIPWersja>2017-10-10T00:00:00+02:00</sln:wojIIPWersja><sln:wojIdTeryt>20</sln:wojIdTeryt><sln:wojNazwa>podlaskie</sln:wojNazwa></sln:miejscowosc><sln:miejscowosc><sln:cyklZyciaDo>2016-02-18T00:00:00+01:00</sln:cyklZyciaDo><sln:cyklZyciaOd>2015-12-15T00:00:00+01:00</sln:cyklZyciaOd><sln:gmIIPId>098382f6-c79f-47de-81da-c56879c78440</sln:gmIIPId><sln:gmIIPPn>PL.PZGIK.200</sln:gmIIPPn><sln:gmIIPWersja>2012-09-26T22:15:49+02:00</sln:gmIIPWersja><sln:gmIdTeryt>2008043</sln:gmIdTeryt><sln:gmNazwa>Knyszyn</sln:gmNazwa><sln:miejscIIPId>56b90f71-933d-44e9-898f-3e8e92a35341</sln:miejscIIPId><sln:miejscIIPPn>PL.PZGIK.200</sln:miejscIIPPn><sln:miejscIIPWersja>2016-11-24T08:41:01+02:00</sln:miejscIIPWersja><sln:miejscIdTeryt>0032046</sln:miejscIdTeryt><sln:miejscNazwa>Kalinówka Kościelna</sln:miejscNazwa><sln:miejscRodzaj>Wieś</sln:miejscRodzaj><sln:powIIPId>7de4ed9f-e2ea-4456-9248-bc81a2b79294</sln:powIIPId><sln:powIIPPn>PL.PZGIK.200</sln:powIIPPn><sln:powIIPWersja>2012-09-27T09:26:09+02:00</sln:powIIPWersja><sln:powIdTeryt>2008</sln:powIdTeryt><sln:powNazwa>moniecki</sln:powNazwa><sln:waznyOd>2013-08-06T00:00:00+02:00</sln:waznyOd><sln:wojIIPId>53ad7aea-d9d3-40c9-9a5c-ff737d5b076e</sln:wojIIPId><sln:wojIIPPn>PL.PZGIK.200</sln:wojIIPPn><sln:wojIIPWersja>2017-10-10T00:00:00+02:00</sln:wojIIPWersja><sln:wojIdTeryt>20</sln:wojIdTeryt><sln:wojNazwa>podlaskie</sln:wojNazwa></sln:miejscowosc><sln:miejscowosc><sln:cyklZyciaDo>2016-02-18T00:00:00+01:00</sln:cyklZyciaDo><sln:cyklZyciaOd>2015-12-15T00:00:00+01:00</sln:cyklZyciaOd><sln:gmIIPId>098382f6-c79f-47de-81da-c56879c78440</sln:gmIIPId><sln:gmIIPPn>PL.PZGIK.200</sln:gmIIPPn><sln:gmIIPWersja>2012-09-26T22:15:49+02:00</sln:gmIIPWersja><sln:gmIdTeryt>2008043</sln:gmIdTeryt><sln:gmNazwa>Knyszyn</sln:gmNazwa><sln:miejscIIPId>384bc23b-80cf-4b32-9580-b66ab6c0f283</sln:miejscIIPId><sln:miejscIIPPn>PL.PZGIK.200</sln:miejscIIPPn><sln:miejscIIPWersja>2016-11-24T08:41:03+02:00</sln:miejscIIPWersja><sln:miejscIdTeryt>0032069</sln:miejscIdTeryt><sln:miejscNazwa>Knyszyn-Zamek</sln:miejscNazwa><sln:miejscRodzaj>Wieś</sln:miejscRodzaj><sln:powIIPId>7de4ed9f-e2ea-4456-9248-bc81a2b79294</sln:powIIPId><sln:powIIPPn>PL.PZGIK.200</sln:powIIPPn><sln:powIIPWersja>2012-09-27T09:26:09+02:00</sln:powIIPWersja><sln:powIdTeryt>2008</sln:powIdTeryt><sln:powNazwa>moniecki</sln:powNazwa><sln:waznyOd>2013-08-06T00:00:00+02:00</sln:waznyOd><sln:wojIIPId>53ad7aea-d9d3-40c9-9a5c-ff737d5b076e</sln:wojIIPId><sln:wojIIPPn>PL.PZGIK.200</sln:wojIIPPn><sln:wojIIPWersja>2017-10-10T00:00:00+02:00</sln:wojIIPWersja><sln:wojIdTeryt>20</sln:wojIdTeryt><sln:wojNazwa>podlaskie</sln:wojNazwa></sln:miejscowosc><sln:miejscowosc><sln:cyklZyciaDo>2016-02-18T00:00:00+01:00</sln:cyklZyciaDo><sln:cyklZyciaOd>2015-12-15T00:00:00+01:00</sln:cyklZyciaOd><sln:gmIIPId>098382f6-c79f-47de-81da-c56879c78440</sln:gmIIPId><sln:gmIIPPn>PL.PZGIK.200</sln:gmIIPPn><sln:gmIIPWersja>2012-09-26T22:15:49+02:00</sln:gmIIPWersja><sln:gmIdTeryt>2008043</sln:gmIdTeryt><sln:gmNazwa>Knyszyn</sln:gmNazwa><sln:miejscIIPId>4f2dfdcb-7b5e-4c26-bbe3-1b7e03ceda7d</sln:miejscIIPId><sln:miejscIIPPn>PL.PZGIK.200</sln:miejscIIPPn><sln:miejscIIPWersja>2016-11-24T08:40:53+02:00</sln:miejscIIPWersja><sln:miejscIdTeryt>0031986</sln:miejscIdTeryt><sln:miejscNazwa>Lewonie (kolonia)</sln:miejscNazwa><sln:miejscRodzaj>Kolonia</sln:miejscRodzaj><sln:powIIPId>7de4ed9f-e2ea-4456-9248-bc81a2b79294</sln:powIIPId><sln:powIIPPn>PL.PZGIK.200</sln:powIIPPn><sln:powIIPWersja>2012-09-27T09:26:09+02:00</sln:powIIPWersja><sln:powIdTeryt>2008</sln:powIdTeryt><sln:powNazwa>moniecki</sln:powNazwa><sln:waznyOd>2013-08-08T00:00:00+02:00</sln:waznyOd><sln:wojIIPId>53ad7aea-d9d3-40c9-9a5c-ff737d5b076e</sln:wojIIPId><sln:wojIIPPn>PL.PZGIK.200</sln:wojIIPPn><sln:wojIIPWersja>2017-10-10T00:00:00+02:00</sln:wojIIPWersja><sln:wojIdTeryt>20</sln:wojIdTeryt><sln:wojNazwa>podlaskie</sln:wojNazwa></sln:miejscowosc><sln:miejscowosc><sln:cyklZyciaDo>2016-02-18T00:00:00+01:00</sln:cyklZyciaDo><sln:cyklZyciaOd>2015-12-15T00:00:00+01:00</sln:cyklZyciaOd><sln:gmIIPId>098382f6-c79f-47de-81da-c56879c78440</sln:gmIIPId><sln:gmIIPPn>PL.PZGIK.200</sln:gmIIPPn><sln:gmIIPWersja>2012-09-26T22:15:49+02:00</sln:gmIIPWersja><sln:gmIdTeryt>2008043</sln:gmIdTeryt><sln:gmNazwa>Knyszyn</sln:gmNazwa><sln:miejscIIPId>bdcc7484-523d-4c56-b474-003e84ceada6</sln:miejscIIPId><sln:miejscIIPPn>PL.PZGIK.200</sln:miejscIIPPn><sln:miejscIIPWersja>2016-11-24T13:15:10+02:00</sln:miejscIIPWersja><sln:miejscIdTeryt>0923213</sln:miejscIdTeryt><sln:miejscNazwa>Knyszyn</sln:miejscNazwa><sln:miejscRodzaj>Miasto</sln:miejscRodzaj><sln:powIIPId>7de4ed9f-e2ea-4456-9248-bc81a2b79294</sln:powIIPId><sln:powIIPPn>PL.PZGIK.200</sln:powIIPPn><sln:powIIPWersja>2012-09-27T09:26:09+02:00</sln:powIIPWersja><sln:powIdTeryt>2008</sln:powIdTeryt><sln:powNazwa>moniecki</sln:powNazwa><sln:waznyOd>2013-08-06T00:00:00+02:00</sln:waznyOd><sln:wojIIPId>53ad7aea-d9d3-40c9-9a5c-ff737d5b076e</sln:wojIIPId><sln:wojIIPPn>PL.PZGIK.200</sln:wojIIPPn><sln:wojIIPWersja>2017-10-10T00:00:00+02:00</sln:wojIIPWersja><sln:wojIdTeryt>20</sln:wojIdTeryt><sln:wojNazwa>podlaskie</sln:wojNazwa></sln:miejscowosc><sln:miejscowosc><sln:cyklZyciaDo>2016-02-18T00:00:00+01:00</sln:cyklZyciaDo><sln:cyklZyciaOd>2015-12-15T00:00:00+01:00</sln:cyklZyciaOd><sln:gmIIPId>098382f6-c79f-47de-81da-c56879c78440</sln:gmIIPId><sln:gmIIPPn>PL.PZGIK.200</sln:gmIIPPn><sln:gmIIPWersja>2012-09-26T22:15:49+02:00</sln:gmIIPWersja><sln:gmIdTeryt>2008043</sln:gmIdTeryt><sln:gmNazwa>Knyszyn</sln:gmNazwa><sln:miejscIIPId>f6740fcb-c4fa-4214-95ce-2908a1928bb1</sln:miejscIIPId><sln:miejscIIPPn>PL.PZGIK.200</sln:miejscIIPPn><sln:miejscIIPWersja>2016-11-24T08:41:08+02:00</sln:miejscIIPWersja><sln:miejscIdTeryt>0032098</sln:miejscIdTeryt><sln:miejscNazwa>Nowiny-Zdroje</sln:miejscNazwa><sln:miejscRodzaj>Wieś</sln:miejscRodzaj><sln:powIIPId>7de4ed9f-e2ea-4456-9248-bc81a2b79294</sln:powIIPId><sln:powIIPPn>PL.PZGIK.200</sln:powIIPPn><sln:powIIPWersja>2012-09-27T09:26:09+02:00</sln:powIIPWersja><sln:powIdTeryt>2008</sln:powIdTeryt><sln:powNazwa>moniecki</sln:powNazwa><sln:waznyOd>2013-08-06T00:00:00+02:00</sln:waznyOd><sln:wojIIPId>53ad7aea-d9d3-40c9-9a5c-ff737d5b076e</sln:wojIIPId><sln:wojIIPPn>PL.PZGIK.200</sln:wojIIPPn><sln:wojIIPWersja>2017-10-10T00:00:00+02:00</sln:wojIIPWersja><sln:wojIdTeryt>20</sln:wojIdTeryt><sln:wojNazwa>podlaskie</sln:wojNazwa></sln:miejscowosc><sln:miejscowosc><sln:cyklZyciaDo>2016-02-18T00:00:00+01:00</sln:cyklZyciaDo><sln:cyklZyciaOd>2015-12-15T00:00:00+01:00</sln:cyklZyciaOd><sln:gmIIPId>098382f6-c79f-47de-81da-c56879c78440</sln:gmIIPId><sln:gmIIPPn>PL.PZGIK.200</sln:gmIIPPn><sln:gmIIPWersja>2012-09-26T22:15:49+02:00</sln:gmIIPWersja><sln:gmIdTeryt>2008043</sln:gmIdTeryt><sln:gmNazwa>Knyszyn</sln:gmNazwa><sln:miejscIIPId>e22eb32b-b66a-4e2e-9762-01057809b29c</sln:miejscIIPId><sln:miejscIIPPn>PL.PZGIK.200</sln:miejscIIPPn><sln:miejscIIPWersja>2016-11-24T08:41:06+02:00</sln:miejscIIPWersja><sln:miejscIdTeryt>0032081</sln:miejscIdTeryt><sln:miejscNazwa>Nowiny Kasjerskie</sln:miejscNazwa><sln:miejscRodzaj>Wieś</sln:miejscRodzaj><sln:powIIPId>7de4ed9f-e2ea-4456-9248-bc81a2b79294</sln:powIIPId><sln:powIIPPn>PL.PZGIK.200</sln:powIIPPn><sln:powIIPWersja>2012-09-27T09:26:09+02:00</sln:powIIPWersja><sln:powIdTeryt>2008</sln:powIdTeryt><sln:powNazwa>moniecki</sln:powNazwa><sln:waznyOd>2013-08-06T00:00:00+02:00</sln:waznyOd><sln:wojIIPId>53ad7aea-d9d3-40c9-9a5c-ff737d5b076e</sln:wojIIPId><sln:wojIIPPn>PL.PZGIK.200</sln:wojIIPPn><sln:wojIIPWersja>2017-10-10T00:00:00+02:00</sln:wojIIPWersja><sln:wojIdTeryt>20</sln:wojIdTeryt><sln:wojNazwa>podlaskie</sln:wojNazwa></sln:miejscowosc><sln:miejscowosc><sln:cyklZyciaDo>2016-02-18T00:00:00+01:00</sln:cyklZyciaDo><sln:cyklZyciaOd>2015-12-15T00:00:00+01:00</sln:cyklZyciaOd><sln:gmIIPId>098382f6-c79f-47de-81da-c56879c78440</sln:gmIIPId><sln:gmIIPPn>PL.PZGIK.200</sln:gmIIPPn><sln:gmIIPWersja>2012-09-26T22:15:49+02:00</sln:gmIIPWersja><sln:gmIdTeryt>2008043</sln:gmIdTeryt><sln:gmNazwa>Knyszyn</sln:gmNazwa><sln:miejscIIPId>a052541e-5060-4ec5-b782-bf99182e9e21</sln:miejscIIPId><sln:miejscIIPPn>PL.PZGIK.200</sln:miejscIIPPn><sln:miejscIIPWersja>2016-11-24T08:41:10+02:00</sln:miejscIIPWersja><sln:miejscIdTeryt>0032106</sln:miejscIdTeryt><sln:miejscNazwa>Ogrodniki</sln:miejscNazwa><sln:miejscRodzaj>Wieś</sln:miejscRodzaj><sln:powIIPId>7de4ed9f-e2ea-4456-9248-bc81a2b79294</sln:powIIPId><sln:powIIPPn>PL.PZGIK.200</sln:powIIPPn><sln:powIIPWersja>2012-09-27T09:26:09+02:00</sln:powIIPWersja><sln:powIdTeryt>2008</sln:powIdTeryt><sln:powNazwa>moniecki</sln:powNazwa><sln:waznyOd>2013-08-06T00:00:00+02:00</sln:waznyOd><sln:wojIIPId>53ad7aea-d9d3-40c9-9a5c-ff737d5b076e</sln:wojIIPId><sln:wojIIPPn>PL.PZGIK.200</sln:wojIIPPn><sln:wojIIPWersja>2017-10-10T00:00:00+02:00</sln:wojIIPWersja><sln:wojIdTeryt>20</sln:wojIdTeryt><sln:wojNazwa>podlaskie</sln:wojNazwa></sln:miejscowosc><sln:miejscowosc><sln:cyklZyciaDo>2016-02-18T00:00:00+01:00</sln:cyklZyciaDo><sln:cyklZyciaOd>2015-12-15T00:00:00+01:00</sln:cyklZyciaOd><sln:gmIIPId>098382f6-c79f-47de-81da-c56879c78440</sln:gmIIPId><sln:gmIIPPn>PL.PZGIK.200</sln:gmIIPPn><sln:gmIIPWersja>2012-09-26T22:15:49+02:00</sln:gmIIPWersja><sln:gmIdTeryt>2008043</sln:gmIdTeryt><sln:gmNazwa>Knyszyn</sln:gmNazwa><sln:miejscIIPId>b49e7d3f-4cfc-4592-8361-11f16b04677c</sln:miejscIIPId><sln:miejscIIPPn>PL.PZGIK.200</sln:miejscIIPPn><sln:miejscIIPWersja>2016-11-24T08:41:12+02:00</sln:miejscIIPWersja><sln:miejscIdTeryt>0032112</sln:miejscIdTeryt><sln:miejscNazwa>Poniklica</sln:miejscNazwa><sln:miejscRodzaj>Wieś</sln:miejscRodzaj><sln:powIIPId>7de4ed9f-e2ea-4456-9248-bc81a2b79294</sln:powIIPId><sln:powIIPPn>PL.PZGIK.200</sln:powIIPPn><sln:powIIPWersja>2012-09-27T09:26:09+02:00</sln:powIIPWersja><sln:powIdTeryt>2008</sln:powIdTeryt><sln:powNazwa>moniecki</sln:powNazwa><sln:waznyOd>2013-08-06T00:00:00+02:00</sln:waznyOd><sln:wojIIPId>53ad7aea-d9d3-40c9-9a5c-ff737d5b076e</sln:wojIIPId><sln:wojIIPPn>PL.PZGIK.200</sln:wojIIPPn><sln:wojIIPWersja>2017-10-10T00:00:00+02:00</sln:wojIIPWersja><sln:wojIdTeryt>20</sln:wojIdTeryt><sln:wojNazwa>podlaskie</sln:wojNazwa></sln:miejscowosc><sln:miejscowosc><sln:cyklZyciaDo>2016-02-18T00:00:00+01:00</sln:cyklZyciaDo><sln:cyklZyciaOd>2015-12-15T00:00:00+01:00</sln:cyklZyciaOd><sln:gmIIPId>098382f6-c79f-47de-81da-c56879c78440</sln:gmIIPId><sln:gmIIPPn>PL.PZGIK.200</sln:gmIIPPn><sln:gmIIPWersja>2012-09-26T22:15:49+02:00</sln:gmIIPWersja><sln:gmIdTeryt>2008043</sln:gmIdTeryt><sln:gmNazwa>Knyszyn</sln:gmNazwa><sln:miejscIIPId>3ae3e0f8-69fd-4818-a730-2dcf3bd39d4d</sln:miejscIIPId><sln:miejscIIPPn>PL.PZGIK.200</sln:miejscIIPPn><sln:miejscIIPWersja>2016-11-24T08:41:14+02:00</sln:miejscIIPWersja><sln:miejscIdTeryt>0032141</sln:miejscIdTeryt><sln:miejscNazwa>Wodziłówka</sln:miejscNazwa><sln:miejscRodzaj>Wieś</sln:miejscRodzaj><sln:powIIPId>7de4ed9f-e2ea-4456-9248-bc81a2b79294</sln:powIIPId><sln:powIIPPn>PL.PZGIK.200</sln:powIIPPn><sln:powIIPWersja>2012-09-27T09:26:09+02:00</sln:powIIPWersja><sln:powIdTeryt>2008</sln:powIdTeryt><sln:powNazwa>moniecki</sln:powNazwa><sln:waznyOd>2013-08-07T00:00:00+02:00</sln:waznyOd><sln:wojIIPId>53ad7aea-d9d3-40c9-9a5c-ff737d5b076e</sln:wojIIPId><sln:wojIIPPn>PL.PZGIK.200</sln:wojIIPPn><sln:wojIIPWersja>2017-10-10T00:00:00+02:00</sln:wojIIPWersja><sln:wojIdTeryt>20</sln:wojIdTeryt><sln:wojNazwa>podlaskie</sln:wojNazwa></sln:miejscowosc><sln:miejscowosc><sln:cyklZyciaDo>2016-02-18T00:00:00+01:00</sln:cyklZyciaDo><sln:cyklZyciaOd>2015-12-15T00:00:00+01:00</sln:cyklZyciaOd><sln:gmIIPId>098382f6-c79f-47de-81da-c56879c78440</sln:gmIIPId><sln:gmIIPPn>PL.PZGIK.200</sln:gmIIPPn><sln:gmIIPWersja>2012-09-26T22:15:49+02:00</sln:gmIIPWersja><sln:gmIdTeryt>2008043</sln:gmIdTeryt><sln:gmNazwa>Knyszyn</sln:gmNazwa><sln:miejscIIPId>bfee7838-e28d-456a-a892-18963248a229</sln:miejscIIPId><sln:miejscIIPPn>PL.PZGIK.200</sln:miejscIIPPn><sln:miejscIIPWersja>2016-11-24T08:41:16+02:00</sln:miejscIIPWersja><sln:miejscIdTeryt>0032158</sln:miejscIdTeryt><sln:miejscNazwa>Wojtówce</sln:miejscNazwa><sln:miejscRodzaj>Wieś</sln:miejscRodzaj><sln:powIIPId>7de4ed9f-e2ea-4456-9248-bc81a2b79294</sln:powIIPId><sln:powIIPPn>PL.PZGIK.200</sln:powIIPPn><sln:powIIPWersja>2012-09-27T09:26:09+02:00</sln:powIIPWersja><sln:powIdTeryt>2008</sln:powIdTeryt><sln:powNazwa>moniecki</sln:powNazwa><sln:waznyOd>2013-08-06T00:00:00+02:00</sln:waznyOd><sln:wojIIPId>53ad7aea-d9d3-40c9-9a5c-ff737d5b076e</sln:wojIIPId><sln:wojIIPPn>PL.PZGIK.200</sln:wojIIPPn><sln:wojIIPWersja>2017-10-10T00:00:00+02:00</sln:wojIIPWersja><sln:wojIdTeryt>20</sln:wojIdTeryt><sln:wojNazwa>podlaskie</sln:wojNazwa></sln:miejscowosc><sln:miejscowosc><sln:cyklZyciaDo>2016-02-18T00:00:00+01:00</sln:cyklZyciaDo><sln:cyklZyciaOd>2015-12-15T00:00:00+01:00</sln:cyklZyciaOd><sln:gmIIPId>098382f6-c79f-47de-81da-c56879c78440</sln:gmIIPId><sln:gmIIPPn>PL.PZGIK.200</sln:gmIIPPn><sln:gmIIPWersja>2012-09-26T22:15:49+02:00</sln:gmIIPWersja><sln:gmIdTeryt>2008043</sln:gmIdTeryt><sln:gmNazwa>Knyszyn</sln:gmNazwa><sln:miejscIIPId>42d33be3-e76d-4998-82dc-63d1ca274ad2</sln:miejscIIPId><sln:miejscIIPPn>PL.PZGIK.200</sln:miejscIIPPn><sln:miejscIIPWersja>2016-11-24T08:41:18+02:00</sln:miejscIIPWersja><sln:miejscIdTeryt>0032164</sln:miejscIdTeryt><sln:miejscNazwa>Zofiówka</sln:miejscNazwa><sln:miejscRodzaj>Wieś</sln:miejscRodzaj><sln:powIIPId>7de4ed9f-e2ea-4456-9248-bc81a2b79294</sln:powIIPId><sln:powIIPPn>PL.PZGIK.200</sln:powIIPPn><sln:powIIPWersja>2012-09-27T09:26:09+02:00</sln:powIIPWersja><sln:powIdTeryt>2008</sln:powIdTeryt><sln:powNazwa>moniecki</sln:powNazwa><sln:waznyOd>2013-08-06T00:00:00+02:00</sln:waznyOd><sln:wojIIPId>53ad7aea-d9d3-40c9-9a5c-ff737d5b076e</sln:wojIIPId><sln:wojIIPPn>PL.PZGIK.200</sln:wojIIPPn><sln:wojIIPWersja>2017-10-10T00:00:00+02:00</sln:wojIIPWersja><sln:wojIdTeryt>20</sln:wojIdTeryt><sln:wojNazwa>podlaskie</sln:wojNazwa></sln:miejscowosc><sln:miejscowosc><sln:cyklZyciaOd>2017-04-10T00:00:00+02:00</sln:cyklZyciaOd><sln:gmIIPId>098382f6-c79f-47de-81da-c56879c78440</sln:gmIIPId><sln:gmIIPPn>PL.PZGIK.200</sln:gmIIPPn><sln:gmIIPWersja>2012-09-26T22:15:49+02:00</sln:gmIIPWersja><sln:gmIdTeryt>2008043</sln:gmIdTeryt><sln:gmNazwa>Knyszyn</sln:gmNazwa><sln:miejscIIPId>153b0c1d-d73e-4559-8ab2-9a1f6577a96a</sln:miejscIIPId><sln:miejscIIPPn>PL.PZGIK.200</sln:miejscIIPPn><sln:miejscIIPWersja>2017-04-10T16:27:50+02:00</sln:miejscIIPWersja><sln:miejscIdTeryt>0031963</sln:miejscIdTeryt><sln:miejscNazwa>Chobotki</sln:miejscNazwa><sln:miejscRodzaj>Wieś</sln:miejscRodzaj><sln:powIIPId>7de4ed9f-e2ea-4456-9248-bc81a2b79294</sln:powIIPId><sln:powIIPPn>PL.PZGIK.200</sln:powIIPPn><sln:powIIPWersja>2012-09-27T09:26:09+02:00</sln:powIIPWersja><sln:powIdTeryt>2008</sln:powIdTeryt><sln:powNazwa>moniecki</sln:powNazwa><sln:waznyOd>2013-08-06T00:00:00+02:00</sln:waznyOd><sln:wojIIPId>53ad7aea-d9d3-40c9-9a5c-ff737d5b076e</sln:wojIIPId><sln:wojIIPPn>PL.PZGIK.200</sln:wojIIPPn><sln:wojIIPWersja>2017-10-10T00:00:00+02:00</sln:wojIIPWersja><sln:wojIdTeryt>20</sln:wojIdTeryt><sln:wojNazwa>podlaskie</sln:wojNazwa></sln:miejscowosc><sln:miejscowosc><sln:cyklZyciaOd>2017-04-10T00:00:00+02:00</sln:cyklZyciaOd><sln:gmIIPId>098382f6-c79f-47de-81da-c56879c78440</sln:gmIIPId><sln:gmIIPPn>PL.PZGIK.200</sln:gmIIPPn><sln:gmIIPWersja>2012-09-26T22:15:49+02:00</sln:gmIIPWersja><sln:gmIdTeryt>2008043</sln:gmIdTeryt><sln:gmNazwa>Knyszyn</sln:gmNazwa><sln:miejscIIPId>8d000c96-a968-44a1-a23f-4985bcee7191</sln:miejscIIPId><sln:miejscIIPPn>PL.PZGIK.200</sln:miejscIIPPn><sln:miejscIIPWersja>2017-04-10T16:27:58+02:00</sln:miejscIIPWersja><sln:miejscIdTeryt>0031970</sln:miejscIdTeryt><sln:miejscNazwa>Czechowizna</sln:miejscNazwa><sln:miejscRodzaj>Wieś</sln:miejscRodzaj><sln:powIIPId>7de4ed9f-e2ea-4456-9248-bc81a2b79294</sln:powIIPId><sln:powIIPPn>PL.PZGIK.200</sln:powIIPPn><sln:powIIPWersja>2012-09-27T09:26:09+02:00</sln:powIIPWersja><sln:powIdTeryt>2008</sln:powIdTeryt><sln:powNazwa>moniecki</sln:powNazwa><sln:waznyOd>2013-08-06T00:00:00+02:00</sln:waznyOd><sln:wojIIPId>53ad7aea-d9d3-40c9-9a5c-ff737d5b076e</sln:wojIIPId><sln:wojIIPPn>PL.PZGIK.200</sln:wojIIPPn><sln:wojIIPWersja>2017-10-10T00:00:00+02:00</sln:wojIIPWersja><sln:wojIdTeryt>20</sln:wojIdTeryt><sln:wojNazwa>podlaskie</sln:wojNazwa></sln:miejscowosc><sln:miejscowosc><sln:cyklZyciaDo>2017-06-19T00:00:00+02:00</sln:cyklZyciaDo><sln:cyklZyciaOd>2017-04-10T00:00:00+02:00</sln:cyklZyciaOd><sln:gmIIPId>098382f6-c79f-47de-81da-c56879c78440</sln:gmIIPId><sln:gmIIPPn>PL.PZGIK.200</sln:gmIIPPn><sln:gmIIPWersja>2012-09-26T22:15:49+02:00</sln:gmIIPWersja><sln:gmIdTeryt>2008043</sln:gmIdTeryt><sln:gmNazwa>Knyszyn</sln:gmNazwa><sln:miejscIIPId>4f2dfdcb-7b5e-4c26-bbe3-1b7e03ceda7d</sln:miejscIIPId><sln:miejscIIPPn>PL.PZGIK.200</sln:miejscIIPPn><sln:miejscIIPWersja>2017-04-10T16:27:58+02:00</sln:miejscIIPWersja><sln:miejscIdTeryt>0031986</sln:miejscIdTeryt><sln:miejscNazwa>Lewonie (kolonia)</sln:miejscNazwa><sln:miejscRodzaj>Kolonia</sln:miejscRodzaj><sln:powIIPId>7de4ed9f-e2ea-4456-9248-bc81a2b79294</sln:powIIPId><sln:powIIPPn>PL.PZGIK.200</sln:powIIPPn><sln:powIIPWersja>2012-09-27T09:26:09+02:00</sln:powIIPWersja><sln:powIdTeryt>2008</sln:powIdTeryt><sln:powNazwa>moniecki</sln:powNazwa><sln:waznyOd>2013-08-08T00:00:00+02:00</sln:waznyOd><sln:wojIIPId>53ad7aea-d9d3-40c9-9a5c-ff737d5b076e</sln:wojIIPId><sln:wojIIPPn>PL.PZGIK.200</sln:wojIIPPn><sln:wojIIPWersja>2017-10-10T00:00:00+02:00</sln:wojIIPWersja><sln:wojIdTeryt>20</sln:wojIdTeryt><sln:wojNazwa>podlaskie</sln:wojNazwa></sln:miejscowosc><sln:miejscowosc><sln:cyklZyciaOd>2017-04-10T00:00:00+02:00</sln:cyklZyciaOd><sln:gmIIPId>098382f6-c79f-47de-81da-c56879c78440</sln:gmIIPId><sln:gmIIPPn>PL.PZGIK.200</sln:gmIIPPn><sln:gmIIPWersja>2012-09-26T22:15:49+02:00</sln:gmIIPWersja><sln:gmIdTeryt>2008043</sln:gmIdTeryt><sln:gmNazwa>Knyszyn</sln:gmNazwa><sln:miejscIIPId>2523a11e-c2fc-40b1-acbf-2785681ec0ce</sln:miejscIIPId><sln:miejscIIPPn>PL.PZGIK.200</sln:miejscIIPPn><sln:miejscIIPWersja>2017-04-10T16:27:58+02:00</sln:miejscIIPWersja><sln:miejscIdTeryt>0031992</sln:miejscIdTeryt><sln:miejscNazwa>Grądy</sln:miejscNazwa><sln:miejscRodzaj>Wieś</sln:miejscRodzaj><sln:powIIPId>7de4ed9f-e2ea-4456-9248-bc81a2b79294</sln:powIIPId><sln:powIIPPn>PL.PZGIK.200</sln:powIIPPn><sln:powIIPWersja>2012-09-27T09:26:09+02:00</sln:powIIPWersja><sln:powIdTeryt>2008</sln:powIdTeryt><sln:powNazwa>moniecki</sln:powNazwa><sln:waznyOd>2013-08-06T00:00:00+02:00</sln:waznyOd><sln:wojIIPId>53ad7aea-d9d3-40c9-9a5c-ff737d5b076e</sln:wojIIPId><sln:wojIIPPn>PL.PZGIK.200</sln:wojIIPPn><sln:wojIIPWersja>2017-10-10T00:00:00+02:00</sln:wojIIPWersja><sln:wojIdTeryt>20</sln:wojIdTeryt><sln:wojNazwa>podlaskie</sln:wojNazwa></sln:miejscowosc><sln:miejscowosc><sln:cyklZyciaOd>2017-04-10T00:00:00+02:00</sln:cyklZyciaOd><sln:gmIIPId>098382f6-c79f-47de-81da-c56879c78440</sln:gmIIPId><sln:gmIIPPn>PL.PZGIK.200</sln:gmIIPPn><sln:gmIIPWersja>2012-09-26T22:15:49+02:00</sln:gmIIPWersja><sln:gmIdTeryt>2008043</sln:gmIdTeryt><sln:gmNazwa>Knyszyn</sln:gmNazwa><sln:miejscIIPId>34592cb8-6de9-43f1-8d96-63e2e5b8fdba</sln:miejscIIPId><sln:miejscIIPPn>PL.PZGIK.200</sln:miejscIIPPn><sln:miejscIIPWersja>2017-04-10T16:27:58+02:00</sln:miejscIIPWersja><sln:miejscIdTeryt>0032023</sln:miejscIdTeryt><sln:miejscNazwa>Guzy</sln:miejscNazwa><sln:miejscRodzaj>Wieś</sln:miejscRodzaj><sln:powIIPId>7de4ed9f-e2ea-4456-9248-bc81a2b79294</sln:powIIPId><sln:powIIPPn>PL.PZGIK.200</sln:powIIPPn><sln:powIIPWersja>2012-09-27T09:26:09+02:00</sln:powIIPWersja><sln:powIdTeryt>2008</sln:powIdTeryt><sln:powNazwa>moniecki</sln:powNazwa><sln:waznyOd>2013-08-06T00:00:00+02:00</sln:waznyOd><sln:wojIIPId>53ad7aea-d9d3-40c9-9a5c-ff737d5b076e</sln:wojIIPId><sln:wojIIPPn>PL.PZGIK.200</sln:wojIIPPn><sln:wojIIPWersja>2017-10-10T00:00:00+02:00</sln:wojIIPWersja><sln:wojIdTeryt>20</sln:wojIdTeryt><sln:wojNazwa>podlaskie</sln:wojNazwa></sln:miejscowosc><sln:miejscowosc><sln:cyklZyciaOd>2017-04-10T00:00:00+02:00</sln:cyklZyciaOd><sln:gmIIPId>098382f6-c79f-47de-81da-c56879c78440</sln:gmIIPId><sln:gmIIPPn>PL.PZGIK.200</sln:gmIIPPn><sln:gmIIPWersja>2012-09-26T22:15:49+02:00</sln:gmIIPWersja><sln:gmIdTeryt>2008043</sln:gmIdTeryt><sln:gmNazwa>Knyszyn</sln:gmNazwa><sln:miejscIIPId>059a7a84-043a-4662-9dfd-48bb10c64df9</sln:miejscIIPId><sln:miejscIIPPn>PL.PZGIK.200</sln:miejscIIPPn><sln:miejscIIPWersja>2017-04-10T16:27:58+02:00</sln:miejscIIPWersja><sln:miejscIdTeryt>0032030</sln:miejscIdTeryt><sln:miejscNazwa>Jaskra</sln:miejscNazwa><sln:miejscRodzaj>Wieś</sln:miejscRodzaj><sln:powIIPId>7de4ed9f-e2ea-4456-9248-bc81a2b79294</sln:powIIPId><sln:powIIPPn>PL.PZGIK.200</sln:powIIPPn><sln:powIIPWersja>2012-09-27T09:26:09+02:00</sln:powIIPWersja><sln:powIdTeryt>2008</sln:powIdTeryt><sln:powNazwa>moniecki</sln:powNazwa><sln:waznyOd>2013-08-06T00:00:00+02:00</sln:waznyOd><sln:wojIIPId>53ad7aea-d9d3-40c9-9a5c-ff737d5b076e</sln:wojIIPId><sln:wojIIPPn>PL.PZGIK.200</sln:wojIIPPn><sln:wojIIPWersja>2017-10-10T00:00:00+02:00</sln:wojIIPWersja><sln:wojIdTeryt>20</sln:wojIdTeryt><sln:wojNazwa>podlaskie</sln:wojNazwa></sln:miejscowosc><sln:miejscowosc><sln:cyklZyciaOd>2017-04-10T00:00:00+02:00</sln:cyklZyciaOd><sln:gmIIPId>098382f6-c79f-47de-81da-c56879c78440</sln:gmIIPId><sln:gmIIPPn>PL.PZGIK.200</sln:gmIIPPn><sln:gmIIPWersja>2012-09-26T22:15:49+02:00</sln:gmIIPWersja><sln:gmIdTeryt>2008043</sln:gmIdTeryt><sln:gmNazwa>Knyszyn</sln:gmNazwa><sln:miejscIIPId>56b90f71-933d-44e9-898f-3e8e92a35341</sln:miejscIIPId><sln:miejscIIPPn>PL.PZGIK.200</sln:miejscIIPPn><sln:miejscIIPWersja>2017-04-10T16:27:58+02:00</sln:miejscIIPWersja><sln:miejscIdTeryt>0032046</sln:miejscIdTeryt><sln:miejscNazwa>Kalinówka Kościelna</sln:miejscNazwa><sln:miejscRodzaj>Wieś</sln:miejscRodzaj><sln:powIIPId>7de4ed9f-e2ea-4456-9248-bc81a2b79294</sln:powIIPId><sln:powIIPPn>PL.PZGIK.200</sln:powIIPPn><sln:powIIPWersja>2012-09-27T09:26:09+02:00</sln:powIIPWersja><sln:powIdTeryt>2008</sln:powIdTeryt><sln:powNazwa>moniecki</sln:powNazwa><sln:waznyOd>2013-08-06T00:00:00+02:00</sln:waznyOd><sln:wojIIPId>53ad7aea-d9d3-40c9-9a5c-ff737d5b076e</sln:wojIIPId><sln:wojIIPPn>PL.PZGIK.200</sln:wojIIPPn><sln:wojIIPWersja>2017-10-10T00:00:00+02:00</sln:wojIIPWersja><sln:wojIdTeryt>20</sln:wojIdTeryt><sln:wojNazwa>podlaskie</sln:wojNazwa></sln:miejscowosc><sln:miejscowosc><sln:cyklZyciaOd>2017-04-10T00:00:00+02:00</sln:cyklZyciaOd><sln:gmIIPId>098382f6-c79f-47de-81da-c56879c78440</sln:gmIIPId><sln:gmIIPPn>PL.PZGIK.200</sln:gmIIPPn><sln:gmIIPWersja>2012-09-26T22:15:49+02:00</sln:gmIIPWersja><sln:gmIdTeryt>2008043</sln:gmIdTeryt><sln:gmNazwa>Knyszyn</sln:gmNazwa><sln:miejscIIPId>384bc23b-80cf-4b32-9580-b66ab6c0f283</sln:miejscIIPId><sln:miejscIIPPn>PL.PZGIK.200</sln:miejscIIPPn><sln:miejscIIPWersja>2017-04-10T16:27:58+02:00</sln:miejscIIPWersja><sln:miejscIdTeryt>0032069</sln:miejscIdTeryt><sln:miejscNazwa>Knyszyn-Zamek</sln:miejscNazwa><sln:miejscRodzaj>Wieś</sln:miejscRodzaj><sln:powIIPId>7de4ed9f-e2ea-4456-9248-bc81a2b79294</sln:powIIPId><sln:powIIPPn>PL.PZGIK.200</sln:powIIPPn><sln:powIIPWersja>2012-09-27T09:26:09+02:00</sln:powIIPWersja><sln:powIdTeryt>2008</sln:powIdTeryt><sln:powNazwa>moniecki</sln:powNazwa><sln:waznyOd>2013-08-06T00:00:00+02:00</sln:waznyOd><sln:wojIIPId>53ad7aea-d9d3-40c9-9a5c-ff737d5b076e</sln:wojIIPId><sln:wojIIPPn>PL.PZGIK.200</sln:wojIIPPn><sln:wojIIPWersja>2017-10-10T00:00:00+02:00</sln:wojIIPWersja><sln:wojIdTeryt>20</sln:wojIdTeryt><sln:wojNazwa>podlaskie</sln:wojNazwa></sln:miejscowosc><sln:miejscowosc><sln:cyklZyciaOd>2017-04-10T00:00:00+02:00</sln:cyklZyciaOd><sln:gmIIPId>098382f6-c79f-47de-81da-c56879c78440</sln:gmIIPId><sln:gmIIPPn>PL.PZGIK.200</sln:gmIIPPn><sln:gmIIPWersja>2012-09-26T22:15:49+02:00</sln:gmIIPWersja><sln:gmIdTeryt>2008043</sln:gmIdTeryt><sln:gmNazwa>Knyszyn</sln:gmNazwa><sln:miejscIIPId>e22eb32b-b66a-4e2e-9762-01057809b29c</sln:miejscIIPId><sln:miejscIIPPn>PL.PZGIK.200</sln:miejscIIPPn><sln:miejscIIPWersja>2017-04-10T16:27:58+02:00</sln:miejscIIPWersja><sln:miejscIdTeryt>0032081</sln:miejscIdTeryt><sln:miejscNazwa>Nowiny Kasjerskie</sln:miejscNazwa><sln:miejscRodzaj>Wieś</sln:miejscRodzaj><sln:powIIPId>7de4ed9f-e2ea-4456-9248-bc81a2b79294</sln:powIIPId><sln:powIIPPn>PL.PZGIK.200</sln:powIIPPn><sln:powIIPWersja>2012-09-27T09:26:09+02:00</sln:powIIPWersja><sln:powIdTeryt>2008</sln:powIdTeryt><sln:powNazwa>moniecki</sln:powNazwa><sln:waznyOd>2013-08-06T00:00:00+02:00</sln:waznyOd><sln:wojIIPId>53ad7aea-d9d3-40c9-9a5c-ff737d5b076e</sln:wojIIPId><sln:wojIIPPn>PL.PZGIK.200</sln:wojIIPPn><sln:wojIIPWersja>2017-10-10T00:00:00+02:00</sln:wojIIPWersja><sln:wojIdTeryt>20</sln:wojIdTeryt><sln:wojNazwa>podlaskie</sln:wojNazwa></sln:miejscowosc><sln:miejscowosc><sln:cyklZyciaOd>2017-04-10T00:00:00+02:00</sln:cyklZyciaOd><sln:gmIIPId>098382f6-c79f-47de-81da-c56879c78440</sln:gmIIPId><sln:gmIIPPn>PL.PZGIK.200</sln:gmIIPPn><sln:gmIIPWersja>2012-09-26T22:15:49+02:00</sln:gmIIPWersja><sln:gmIdTeryt>2008043</sln:gmIdTeryt><sln:gmNazwa>Knyszyn</sln:gmNazwa><sln:miejscIIPId>f6740fcb-c4fa-4214-95ce-2908a1928bb1</sln:miejscIIPId><sln:miejscIIPPn>PL.PZGIK.200</sln:miejscIIPPn><sln:miejscIIPWersja>2017-04-10T16:27:58+02:00</sln:miejscIIPWersja><sln:miejscIdTeryt>0032098</sln:miejscIdTeryt><sln:miejscNazwa>Nowiny-Zdroje</sln:miejscNazwa><sln:miejscRodzaj>Wieś</sln:miejscRodzaj><sln:powIIPId>7de4ed9f-e2ea-4456-9248-bc81a2b79294</sln:powIIPId><sln:powIIPPn>PL.PZGIK.200</sln:powIIPPn><sln:powIIPWersja>2012-09-27T09:26:09+02:00</sln:powIIPWersja><sln:powIdTeryt>2008</sln:powIdTeryt><sln:powNazwa>moniecki</sln:powNazwa><sln:waznyOd>2013-08-06T00:00:00+02:00</sln:waznyOd><sln:wojIIPId>53ad7aea-d9d3-40c9-9a5c-ff737d5b076e</sln:wojIIPId><sln:wojIIPPn>PL.PZGIK.200</sln:wojIIPPn><sln:wojIIPWersja>2017-10-10T00:00:00+02:00</sln:wojIIPWersja><sln:wojIdTeryt>20</sln:wojIdTeryt><sln:wojNazwa>podlaskie</sln:wojNazwa></sln:miejscowosc><sln:miejscowosc><sln:cyklZyciaOd>2017-04-10T00:00:00+02:00</sln:cyklZyciaOd><sln:gmIIPId>098382f6-c79f-47de-81da-c56879c78440</sln:gmIIPId><sln:gmIIPPn>PL.PZGIK.200</sln:gmIIPPn><sln:gmIIPWersja>2012-09-26T22:15:49+02:00</sln:gmIIPWersja><sln:gmIdTeryt>2008043</sln:gmIdTeryt><sln:gmNazwa>Knyszyn</sln:gmNazwa><sln:miejscIIPId>a052541e-5060-4ec5-b782-bf99182e9e21</sln:miejscIIPId><sln:miejscIIPPn>PL.PZGIK.200</sln:miejscIIPPn><sln:miejscIIPWersja>2017-04-10T16:27:58+02:00</sln:miejscIIPWersja><sln:miejscIdTeryt>0032106</sln:miejscIdTeryt><sln:miejscNazwa>Ogrodniki</sln:miejscNazwa><sln:miejscRodzaj>Wieś</sln:miejscRodzaj><sln:powIIPId>7de4ed9f-e2ea-4456-9248-bc81a2b79294</sln:powIIPId><sln:powIIPPn>PL.PZGIK.200</sln:powIIPPn><sln:powIIPWersja>2012-09-27T09:26:09+02:00</sln:powIIPWersja><sln:powIdTeryt>2008</sln:powIdTeryt><sln:powNazwa>moniecki</sln:powNazwa><sln:waznyOd>2013-08-06T00:00:00+02:00</sln:waznyOd><sln:wojIIPId>53ad7aea-d9d3-40c9-9a5c-ff737d5b076e</sln:wojIIPId><sln:wojIIPPn>PL.PZGIK.200</sln:wojIIPPn><sln:wojIIPWersja>2017-10-10T00:00:00+02:00</sln:wojIIPWersja><sln:wojIdTeryt>20</sln:wojIdTeryt><sln:wojNazwa>podlaskie</sln:wojNazwa></sln:miejscowosc><sln:miejscowosc><sln:cyklZyciaOd>2017-04-10T00:00:00+02:00</sln:cyklZyciaOd><sln:gmIIPId>098382f6-c79f-47de-81da-c56879c78440</sln:gmIIPId><sln:gmIIPPn>PL.PZGIK.200</sln:gmIIPPn><sln:gmIIPWersja>2012-09-26T22:15:49+02:00</sln:gmIIPWersja><sln:gmIdTeryt>2008043</sln:gmIdTeryt><sln:gmNazwa>Knyszyn</sln:gmNazwa><sln:miejscIIPId>b49e7d3f-4cfc-4592-8361-11f16b04677c</sln:miejscIIPId><sln:miejscIIPPn>PL.PZGIK.200</sln:miejscIIPPn><sln:miejscIIPWersja>2017-04-10T16:27:59+02:00</sln:miejscIIPWersja><sln:miejscIdTeryt>0032112</sln:miejscIdTeryt><sln:miejscNazwa>Poniklica</sln:miejscNazwa><sln:miejscRodzaj>Wieś</sln:miejscRodzaj><sln:powIIPId>7de4ed9f-e2ea-4456-9248-bc81a2b79294</sln:powIIPId><sln:powIIPPn>PL.PZGIK.200</sln:powIIPPn><sln:powIIPWersja>2012-09-27T09:26:09+02:00</sln:powIIPWersja><sln:powIdTeryt>2008</sln:powIdTeryt><sln:powNazwa>moniecki</sln:powNazwa><sln:waznyOd>2013-08-06T00:00:00+02:00</sln:waznyOd><sln:wojIIPId>53ad7aea-d9d3-40c9-9a5c-ff737d5b076e</sln:wojIIPId><sln:wojIIPPn>PL.PZGIK.200</sln:wojIIPPn><sln:wojIIPWersja>2017-10-10T00:00:00+02:00</sln:wojIIPWersja><sln:wojIdTeryt>20</sln:wojIdTeryt><sln:wojNazwa>podlaskie</sln:wojNazwa></sln:miejscowosc><sln:miejscowosc><sln:cyklZyciaOd>2017-04-10T00:00:00+02:00</sln:cyklZyciaOd><sln:gmIIPId>098382f6-c79f-47de-81da-c56879c78440</sln:gmIIPId><sln:gmIIPPn>PL.PZGIK.200</sln:gmIIPPn><sln:gmIIPWersja>2012-09-26T22:15:49+02:00</sln:gmIIPWersja><sln:gmIdTeryt>2008043</sln:gmIdTeryt><sln:gmNazwa>Knyszyn</sln:gmNazwa><sln:miejscIIPId>3ae3e0f8-69fd-4818-a730-2dcf3bd39d4d</sln:miejscIIPId><sln:miejscIIPPn>PL.PZGIK.200</sln:miejscIIPPn><sln:miejscIIPWersja>2017-04-10T16:27:59+02:00</sln:miejscIIPWersja><sln:miejscIdTeryt>0032141</sln:miejscIdTeryt><sln:miejscNazwa>Wodziłówka</sln:miejscNazwa><sln:miejscRodzaj>Wieś</sln:miejscRodzaj><sln:powIIPId>7de4ed9f-e2ea-4456-9248-bc81a2b79294</sln:powIIPId><sln:powIIPPn>PL.PZGIK.200</sln:powIIPPn><sln:powIIPWersja>2012-09-27T09:26:09+02:00</sln:powIIPWersja><sln:powIdTeryt>2008</sln:powIdTeryt><sln:powNazwa>moniecki</sln:powNazwa><sln:waznyOd>2013-08-07T00:00:00+02:00</sln:waznyOd><sln:wojIIPId>53ad7aea-d9d3-40c9-9a5c-ff737d5b076e</sln:wojIIPId><sln:wojIIPPn>PL.PZGIK.200</sln:wojIIPPn><sln:wojIIPWersja>2017-10-10T00:00:00+02:00</sln:wojIIPWersja><sln:wojIdTeryt>20</sln:wojIdTeryt><sln:wojNazwa>podlaskie</sln:wojNazwa></sln:miejscowosc><sln:miejscowosc><sln:cyklZyciaOd>2017-04-10T00:00:00+02:00</sln:cyklZyciaOd><sln:gmIIPId>098382f6-c79f-47de-81da-c56879c78440</sln:gmIIPId><sln:gmIIPPn>PL.PZGIK.200</sln:gmIIPPn><sln:gmIIPWersja>2012-09-26T22:15:49+02:00</sln:gmIIPWersja><sln:gmIdTeryt>2008043</sln:gmIdTeryt><sln:gmNazwa>Knyszyn</sln:gmNazwa><sln:miejscIIPId>bfee7838-e28d-456a-a892-18963248a229</sln:miejscIIPId><sln:miejscIIPPn>PL.PZGIK.200</sln:miejscIIPPn><sln:miejscIIPWersja>2017-04-10T16:27:59+02:00</sln:miejscIIPWersja><sln:miejscIdTeryt>0032158</sln:miejscIdTeryt><sln:miejscNazwa>Wojtówce</sln:miejscNazwa><sln:miejscRodzaj>Wieś</sln:miejscRodzaj><sln:powIIPId>7de4ed9f-e2ea-4456-9248-bc81a2b79294</sln:powIIPId><sln:powIIPPn>PL.PZGIK.200</sln:powIIPPn><sln:powIIPWersja>2012-09-27T09:26:09+02:00</sln:powIIPWersja><sln:powIdTeryt>2008</sln:powIdTeryt><sln:powNazwa>moniecki</sln:powNazwa><sln:waznyOd>2013-08-06T00:00:00+02:00</sln:waznyOd><sln:wojIIPId>53ad7aea-d9d3-40c9-9a5c-ff737d5b076e</sln:wojIIPId><sln:wojIIPPn>PL.PZGIK.200</sln:wojIIPPn><sln:wojIIPWersja>2017-10-10T00:00:00+02:00</sln:wojIIPWersja><sln:wojIdTeryt>20</sln:wojIdTeryt><sln:wojNazwa>podlaskie</sln:wojNazwa></sln:miejscowosc><sln:miejscowosc><sln:cyklZyciaOd>2017-04-10T00:00:00+02:00</sln:cyklZyciaOd><sln:gmIIPId>098382f6-c79f-47de-81da-c56879c78440</sln:gmIIPId><sln:gmIIPPn>PL.PZGIK.200</sln:gmIIPPn><sln:gmIIPWersja>2012-09-26T22:15:49+02:00</sln:gmIIPWersja><sln:gmIdTeryt>2008043</sln:gmIdTeryt><sln:gmNazwa>Knyszyn</sln:gmNazwa><sln:miejscIIPId>42d33be3-e76d-4998-82dc-63d1ca274ad2</sln:miejscIIPId><sln:miejscIIPPn>PL.PZGIK.200</sln:miejscIIPPn><sln:miejscIIPWersja>2017-04-10T16:27:59+02:00</sln:miejscIIPWersja><sln:miejscIdTeryt>0032164</sln:miejscIdTeryt><sln:miejscNazwa>Zofiówka</sln:miejscNazwa><sln:miejscRodzaj>Wieś</sln:miejscRodzaj><sln:powIIPId>7de4ed9f-e2ea-4456-9248-bc81a2b79294</sln:powIIPId><sln:powIIPPn>PL.PZGIK.200</sln:powIIPPn><sln:powIIPWersja>2012-09-27T09:26:09+02:00</sln:powIIPWersja><sln:powIdTeryt>2008</sln:powIdTeryt><sln:powNazwa>moniecki</sln:powNazwa><sln:waznyOd>2013-08-06T00:00:00+02:00</sln:waznyOd><sln:wojIIPId>53ad7aea-d9d3-40c9-9a5c-ff737d5b076e</sln:wojIIPId><sln:wojIIPPn>PL.PZGIK.200</sln:wojIIPPn><sln:wojIIPWersja>2017-10-10T00:00:00+02:00</sln:wojIIPWersja><sln:wojIdTeryt>20</sln:wojIdTeryt><sln:wojNazwa>podlaskie</sln:wojNazwa></sln:miejscowosc><sln:miejscowosc><sln:cyklZyciaOd>2017-04-10T00:00:00+02:00</sln:cyklZyciaOd><sln:gmIIPId>098382f6-c79f-47de-81da-c56879c78440</sln:gmIIPId><sln:gmIIPPn>PL.PZGIK.200</sln:gmIIPPn><sln:gmIIPWersja>2012-09-26T22:15:49+02:00</sln:gmIIPWersja><sln:gmIdTeryt>2008043</sln:gmIdTeryt><sln:gmNazwa>Knyszyn</sln:gmNazwa><sln:miejscIIPId>bdcc7484-523d-4c56-b474-003e84ceada6</sln:miejscIIPId><sln:miejscIIPPn>PL.PZGIK.200</sln:miejscIIPPn><sln:miejscIIPWersja>2017-04-10T16:27:59+02:00</sln:miejscIIPWersja><sln:miejscIdTeryt>0923213</sln:miejscIdTeryt><sln:miejscNazwa>Knyszyn</sln:miejscNazwa><sln:miejscRodzaj>Miasto</sln:miejscRodzaj><sln:powIIPId>7de4ed9f-e2ea-4456-9248-bc81a2b79294</sln:powIIPId><sln:powIIPPn>PL.PZGIK.200</sln:powIIPPn><sln:powIIPWersja>2012-09-27T09:26:09+02:00</sln:powIIPWersja><sln:powIdTeryt>2008</sln:powIdTeryt><sln:powNazwa>moniecki</sln:powNazwa><sln:waznyOd>2013-08-06T00:00:00+02:00</sln:waznyOd><sln:wojIIPId>53ad7aea-d9d3-40c9-9a5c-ff737d5b076e</sln:wojIIPId><sln:wojIIPPn>PL.PZGIK.200</sln:wojIIPPn><sln:wojIIPWersja>2017-10-10T00:00:00+02:00</sln:wojIIPWersja><sln:wojIdTeryt>20</sln:wojIdTeryt><sln:wojNazwa>podlaskie</sln:wojNazwa></sln:miejscowosc><sln:miejscowosc><sln:cyklZyciaOd>2017-06-19T00:00:00+02:00</sln:cyklZyciaOd><sln:gmIIPId>098382f6-c79f-47de-81da-c56879c78440</sln:gmIIPId><sln:gmIIPPn>PL.PZGIK.200</sln:gmIIPPn><sln:gmIIPWersja>2012-09-26T22:15:49+02:00</sln:gmIIPWersja><sln:gmIdTeryt>2008043</sln:gmIdTeryt><sln:gmNazwa>Knyszyn</sln:gmNazwa><sln:miejscIIPId>4f2dfdcb-7b5e-4c26-bbe3-1b7e03ceda7d</sln:miejscIIPId><sln:miejscIIPPn>PL.PZGIK.200</sln:miejscIIPPn><sln:miejscIIPWersja>2017-06-19T14:23:28+02:00</sln:miejscIIPWersja><sln:miejscIdTeryt>0031986</sln:miejscIdTeryt><sln:miejscNazwa>Lewonie</sln:miejscNazwa><sln:miejscRodzaj>Kolonia</sln:miejscRodzaj><sln:powIIPId>7de4ed9f-e2ea-4456-9248-bc81a2b79294</sln:powIIPId><sln:powIIPPn>PL.PZGIK.200</sln:powIIPPn><sln:powIIPWersja>2012-09-27T09:26:09+02:00</sln:powIIPWersja><sln:powIdTeryt>2008</sln:powIdTeryt><sln:powNazwa>moniecki</sln:powNazwa><sln:waznyOd>2017-06-19T00:00:00+02:00</sln:waznyOd><sln:wojIIPId>53ad7aea-d9d3-40c9-9a5c-ff737d5b076e</sln:wojIIPId><sln:wojIIPPn>PL.PZGIK.200</sln:wojIIPPn><sln:wojIIPWersja>2017-10-10T00:00:00+02:00</sln:wojIIPWersja><sln:wojIdTeryt>20</sln:wojIdTeryt><sln:wojNazwa>podlaskie</sln:wojNazwa></sln:miejscowosc></sln:lista-miejscowosci>