<?xml version="1.0" encoding="UTF-8" standalone="yes"?><sln:lista-miejscowosci xmlns:srv="http://gugik.gov.pl/schemas/slowniki-service/1.0" xmlns:sln="http://gugik.gov.pl/schemas/slowniki-schema/1.0"><sln:miejscowosc><sln:cyklZyciaOd>2015-10-05T00:00:00+02:00</sln:cyklZyciaOd><sln:gmIIPId>4ce60809-32f0-4d4d-9b10-effe85ec961c</sln:gmIIPId><sln:gmIIPPn>PL.PZGIK.200</sln:gmIIPPn><sln:gmIIPWersja>2012-09-26T22:17:01+02:00</sln:gmIIPWersja><sln:gmIdTeryt>2009032</sln:gmIdTeryt><sln:gmNazwa>Krasnopol</sln:gmNazwa><sln:miejscIIPId>0d9073b7-58e2-497c-8a4c-2a1c440b424f</sln:miejscIIPId><sln:miejscIIPPn>PL.PZGIK.200</sln:miejscIIPPn><sln:miejscIIPWersja>2016-11-24T12:29:35+02:00</sln:miejscIIPWersja><sln:miejscIdTeryt>0760662</sln:miejscIdTeryt><sln:miejscNazwa>Aleksandrowo</sln:miejscNazwa><sln:miejscRodzaj>Wieś</sln:miejscRodzaj><sln:powIIPId>08e0d9b0-9410-4ac7-a986-8439e6a5100b</sln:powIIPId><sln:powIIPPn>PL.PZGIK.200</sln:powIIPPn><sln:powIIPWersja>2017-10-10T00:00:00+02:00</sln:powIIPWersja><sln:powIdTeryt>2009</sln:powIdTeryt><sln:powNazwa>sejneński</sln:powNazwa><sln:waznyOd>2015-04-24T00:00:00+02:00</sln:waznyOd><sln:wojIIPId>53ad7aea-d9d3-40c9-9a5c-ff737d5b076e</sln:wojIIPId><sln:wojIIPPn>PL.PZGIK.200</sln:wojIIPPn><sln:wojIIPWersja>2017-10-10T00:00:00+02:00</sln:wojIIPWersja><sln:wojIdTeryt>20</sln:wojIdTeryt><sln:wojNazwa>podlaskie</sln:wojNazwa></sln:miejscowosc><sln:miejscowosc><sln:cyklZyciaOd>2015-10-05T00:00:00+02:00</sln:cyklZyciaOd><sln:gmIIPId>4ce60809-32f0-4d4d-9b10-effe85ec961c</sln:gmIIPId><sln:gmIIPPn>PL.PZGIK.200</sln:gmIIPPn><sln:gmIIPWersja>2012-09-26T22:17:01+02:00</sln:gmIIPWersja><sln:gmIdTeryt>2009032</sln:gmIdTeryt><sln:gmNazwa>Krasnopol</sln:gmNazwa><sln:miejscIIPId>7dbd9f3a-3fb6-4b45-ba16-35a2fc6b456b</sln:miejscIIPId><sln:miejscIIPPn>PL.PZGIK.200</sln:miejscIIPPn><sln:miejscIIPWersja>2016-11-24T12:29:35+02:00</sln:miejscIIPWersja><sln:miejscIdTeryt>0761160</sln:miejscIdTeryt><sln:miejscNazwa>Boksze Nowe</sln:miejscNazwa><sln:miejscRodzaj>Wieś</sln:miejscRodzaj><sln:powIIPId>08e0d9b0-9410-4ac7-a986-8439e6a5100b</sln:powIIPId><sln:powIIPPn>PL.PZGIK.200</sln:powIIPPn><sln:powIIPWersja>2017-10-10T00:00:00+02:00</sln:powIIPWersja><sln:powIdTeryt>2009</sln:powIdTeryt><sln:powNazwa>sejneński</sln:powNazwa><sln:waznyOd>2015-04-24T00:00:00+02:00</sln:waznyOd><sln:wojIIPId>53ad7aea-d9d3-40c9-9a5c-ff737d5b076e</sln:wojIIPId><sln:wojIIPPn>PL.PZGIK.200</sln:wojIIPPn><sln:wojIIPWersja>2017-10-10T00:00:00+02:00</sln:wojIIPWersja><sln:wojIdTeryt>20</sln:wojIdTeryt><sln:wojNazwa>podlaskie</sln:wojNazwa></sln:miejscowosc><sln:miejscowosc><sln:cyklZyciaOd>2015-10-05T00:00:00+02:00</sln:cyklZyciaOd><sln:gmIIPId>4ce60809-32f0-4d4d-9b10-effe85ec961c</sln:gmIIPId><sln:gmIIPPn>PL.PZGIK.200</sln:gmIIPPn><sln:gmIIPWersja>2012-09-26T22:17:01+02:00</sln:gmIIPWersja><sln:gmIdTeryt>2009032</sln:gmIdTeryt><sln:gmNazwa>Krasnopol</sln:gmNazwa><sln:miejscIIPId>f2e295cc-dc41-49b6-ad21-562b552d60e3</sln:miejscIIPId><sln:miejscIIPPn>PL.PZGIK.200</sln:miejscIIPPn><sln:miejscIIPWersja>2016-11-24T12:29:35+02:00</sln:miejscIIPWersja><sln:miejscIdTeryt>0760679</sln:miejscIdTeryt><sln:miejscNazwa>Buda Ruska</sln:miejscNazwa><sln:miejscRodzaj>Wieś</sln:miejscRodzaj><sln:powIIPId>08e0d9b0-9410-4ac7-a986-8439e6a5100b</sln:powIIPId><sln:powIIPPn>PL.PZGIK.200</sln:powIIPPn><sln:powIIPWersja>2017-10-10T00:00:00+02:00</sln:powIIPWersja><sln:powIdTeryt>2009</sln:powIdTeryt><sln:powNazwa>sejneński</sln:powNazwa><sln:waznyOd>2015-04-24T00:00:00+02:00</sln:waznyOd><sln:wojIIPId>53ad7aea-d9d3-40c9-9a5c-ff737d5b076e</sln:wojIIPId><sln:wojIIPPn>PL.PZGIK.200</sln:wojIIPPn><sln:wojIIPWersja>2017-10-10T00:00:00+02:00</sln:wojIIPWersja><sln:wojIdTeryt>20</sln:wojIdTeryt><sln:wojNazwa>podlaskie</sln:wojNazwa></sln:miejscowosc><sln:miejscowosc><sln:cyklZyciaOd>2015-10-05T00:00:00+02:00</sln:cyklZyciaOd><sln:gmIIPId>4ce60809-32f0-4d4d-9b10-effe85ec961c</sln:gmIIPId><sln:gmIIPPn>PL.PZGIK.200</sln:gmIIPPn><sln:gmIIPWersja>2012-09-26T22:17:01+02:00</sln:gmIIPWersja><sln:gmIdTeryt>2009032</sln:gmIdTeryt><sln:gmNazwa>Krasnopol</sln:gmNazwa><sln:miejscIIPId>3f4946dc-14c3-4be2-80c2-3c5dde19b907</sln:miejscIIPId><sln:miejscIIPPn>PL.PZGIK.200</sln:miejscIIPPn><sln:miejscIIPWersja>2016-11-24T12:29:35+02:00</sln:miejscIIPWersja><sln:miejscIdTeryt>0760691</sln:miejscIdTeryt><sln:miejscNazwa>Czarna Buchta</sln:miejscNazwa><sln:miejscRodzaj>Wieś</sln:miejscRodzaj><sln:powIIPId>08e0d9b0-9410-4ac7-a986-8439e6a5100b</sln:powIIPId><sln:powIIPPn>PL.PZGIK.200</sln:powIIPPn><sln:powIIPWersja>2017-10-10T00:00:00+02:00</sln:powIIPWersja><sln:powIdTeryt>2009</sln:powIdTeryt><sln:powNazwa>sejneński</sln:powNazwa><sln:waznyOd>2015-04-24T00:00:00+02:00</sln:waznyOd><sln:wojIIPId>53ad7aea-d9d3-40c9-9a5c-ff737d5b076e</sln:wojIIPId><sln:wojIIPPn>PL.PZGIK.200</sln:wojIIPPn><sln:wojIIPWersja>2017-10-10T00:00:00+02:00</sln:wojIIPWersja><sln:wojIdTeryt>20</sln:wojIdTeryt><sln:wojNazwa>podlaskie</sln:wojNazwa></sln:miejscowosc><sln:miejscowosc><sln:cyklZyciaOd>2015-10-05T00:00:00+02:00</sln:cyklZyciaOd><sln:gmIIPId>4ce60809-32f0-4d4d-9b10-effe85ec961c</sln:gmIIPId><sln:gmIIPPn>PL.PZGIK.200</sln:gmIIPPn><sln:gmIIPWersja>2012-09-26T22:17:01+02:00</sln:gmIIPWersja><sln:gmIdTeryt>2009032</sln:gmIdTeryt><sln:gmNazwa>Krasnopol</sln:gmNazwa><sln:miejscIIPId>2f682c17-f228-4544-a08f-96d51b608e63</sln:miejscIIPId><sln:miejscIIPPn>PL.PZGIK.200</sln:miejscIIPPn><sln:miejscIIPWersja>2016-11-24T12:29:35+02:00</sln:miejscIIPWersja><sln:miejscIdTeryt>0760739</sln:miejscIdTeryt><sln:miejscNazwa>Czerwony Krzyż</sln:miejscNazwa><sln:miejscRodzaj>Wieś</sln:miejscRodzaj><sln:powIIPId>08e0d9b0-9410-4ac7-a986-8439e6a5100b</sln:powIIPId><sln:powIIPPn>PL.PZGIK.200</sln:powIIPPn><sln:powIIPWersja>2017-10-10T00:00:00+02:00</sln:powIIPWersja><sln:powIdTeryt>2009</sln:powIdTeryt><sln:powNazwa>sejneński</sln:powNazwa><sln:waznyOd>2015-04-24T00:00:00+02:00</sln:waznyOd><sln:wojIIPId>53ad7aea-d9d3-40c9-9a5c-ff737d5b076e</sln:wojIIPId><sln:wojIIPPn>PL.PZGIK.200</sln:wojIIPPn><sln:wojIIPWersja>2017-10-10T00:00:00+02:00</sln:wojIIPWersja><sln:wojIdTeryt>20</sln:wojIdTeryt><sln:wojNazwa>podlaskie</sln:wojNazwa></sln:miejscowosc><sln:miejscowosc><sln:cyklZyciaOd>2015-10-05T00:00:00+02:00</sln:cyklZyciaOd><sln:gmIIPId>4ce60809-32f0-4d4d-9b10-effe85ec961c</sln:gmIIPId><sln:gmIIPPn>PL.PZGIK.200</sln:gmIIPPn><sln:gmIIPWersja>2012-09-26T22:17:01+02:00</sln:gmIIPWersja><sln:gmIdTeryt>2009032</sln:gmIdTeryt><sln:gmNazwa>Krasnopol</sln:gmNazwa><sln:miejscIIPId>5d7e215c-730f-4281-9017-fb4344db4b2d</sln:miejscIIPId><sln:miejscIIPPn>PL.PZGIK.200</sln:miejscIIPPn><sln:miejscIIPWersja>2016-11-24T12:29:35+02:00</sln:miejscIIPWersja><sln:miejscIdTeryt>0760768</sln:miejscIdTeryt><sln:miejscNazwa>Głuszyn</sln:miejscNazwa><sln:miejscRodzaj>Wieś</sln:miejscRodzaj><sln:powIIPId>08e0d9b0-9410-4ac7-a986-8439e6a5100b</sln:powIIPId><sln:powIIPPn>PL.PZGIK.200</sln:powIIPPn><sln:powIIPWersja>2017-10-10T00:00:00+02:00</sln:powIIPWersja><sln:powIdTeryt>2009</sln:powIdTeryt><sln:powNazwa>sejneński</sln:powNazwa><sln:waznyOd>2015-04-24T00:00:00+02:00</sln:waznyOd><sln:wojIIPId>53ad7aea-d9d3-40c9-9a5c-ff737d5b076e</sln:wojIIPId><sln:wojIIPPn>PL.PZGIK.200</sln:wojIIPPn><sln:wojIIPWersja>2017-10-10T00:00:00+02:00</sln:wojIIPWersja><sln:wojIdTeryt>20</sln:wojIdTeryt><sln:wojNazwa>podlaskie</sln:wojNazwa></sln:miejscowosc><sln:miejscowosc><sln:cyklZyciaOd>2015-10-05T00:00:00+02:00</sln:cyklZyciaOd><sln:gmIIPId>4ce60809-32f0-4d4d-9b10-effe85ec961c</sln:gmIIPId><sln:gmIIPPn>PL.PZGIK.200</sln:gmIIPPn><sln:gmIIPWersja>2012-09-26T22:17:01+02:00</sln:gmIIPWersja><sln:gmIdTeryt>2009032</sln:gmIdTeryt><sln:gmNazwa>Krasnopol</sln:gmNazwa><sln:miejscIIPId>33d46647-cd15-4489-b9e0-bfa5ede16ba3</sln:miejscIIPId><sln:miejscIIPPn>PL.PZGIK.200</sln:miejscIIPPn><sln:miejscIIPWersja>2016-11-24T12:29:35+02:00</sln:miejscIIPWersja><sln:miejscIdTeryt>0760774</sln:miejscIdTeryt><sln:miejscNazwa>Gremzdel</sln:miejscNazwa><sln:miejscRodzaj>Wieś</sln:miejscRodzaj><sln:powIIPId>08e0d9b0-9410-4ac7-a986-8439e6a5100b</sln:powIIPId><sln:powIIPPn>PL.PZGIK.200</sln:powIIPPn><sln:powIIPWersja>2017-10-10T00:00:00+02:00</sln:powIIPWersja><sln:powIdTeryt>2009</sln:powIdTeryt><sln:powNazwa>sejneński</sln:powNazwa><sln:waznyOd>2015-04-24T00:00:00+02:00</sln:waznyOd><sln:wojIIPId>53ad7aea-d9d3-40c9-9a5c-ff737d5b076e</sln:wojIIPId><sln:wojIIPPn>PL.PZGIK.200</sln:wojIIPPn><sln:wojIIPWersja>2017-10-10T00:00:00+02:00</sln:wojIIPWersja><sln:wojIdTeryt>20</sln:wojIdTeryt><sln:wojNazwa>podlaskie</sln:wojNazwa></sln:miejscowosc><sln:miejscowosc><sln:cyklZyciaOd>2015-10-05T00:00:00+02:00</sln:cyklZyciaOd><sln:gmIIPId>4ce60809-32f0-4d4d-9b10-effe85ec961c</sln:gmIIPId><sln:gmIIPPn>PL.PZGIK.200</sln:gmIIPPn><sln:gmIIPWersja>2012-09-26T22:17:01+02:00</sln:gmIIPWersja><sln:gmIdTeryt>2009032</sln:gmIdTeryt><sln:gmNazwa>Krasnopol</sln:gmNazwa><sln:miejscIIPId>3fa3f3e8-a73f-49ea-93c0-2cc9ba6b00e4</sln:miejscIIPId><sln:miejscIIPPn>PL.PZGIK.200</sln:miejscIIPPn><sln:miejscIIPWersja>2016-11-24T12:29:35+02:00</sln:miejscIIPWersja><sln:miejscIdTeryt>0760780</sln:miejscIdTeryt><sln:miejscNazwa>Gremzdy Polskie</sln:miejscNazwa><sln:miejscRodzaj>Wieś</sln:miejscRodzaj><sln:powIIPId>08e0d9b0-9410-4ac7-a986-8439e6a5100b</sln:powIIPId><sln:powIIPPn>PL.PZGIK.200</sln:powIIPPn><sln:powIIPWersja>2017-10-10T00:00:00+02:00</sln:powIIPWersja><sln:powIdTeryt>2009</sln:powIdTeryt><sln:powNazwa>sejneński</sln:powNazwa><sln:waznyOd>2015-04-24T00:00:00+02:00</sln:waznyOd><sln:wojIIPId>53ad7aea-d9d3-40c9-9a5c-ff737d5b076e</sln:wojIIPId><sln:wojIIPPn>PL.PZGIK.200</sln:wojIIPPn><sln:wojIIPWersja>2017-10-10T00:00:00+02:00</sln:wojIIPWersja><sln:wojIdTeryt>20</sln:wojIdTeryt><sln:wojNazwa>podlaskie</sln:wojNazwa></sln:miejscowosc><sln:miejscowosc><sln:cyklZyciaOd>2015-10-05T00:00:00+02:00</sln:cyklZyciaOd><sln:gmIIPId>4ce60809-32f0-4d4d-9b10-effe85ec961c</sln:gmIIPId><sln:gmIIPPn>PL.PZGIK.200</sln:gmIIPPn><sln:gmIIPWersja>2012-09-26T22:17:01+02:00</sln:gmIIPWersja><sln:gmIdTeryt>2009032</sln:gmIdTeryt><sln:gmNazwa>Krasnopol</sln:gmNazwa><sln:miejscIIPId>64dcb0a6-7074-4323-b160-519f10b21211</sln:miejscIIPId><sln:miejscIIPPn>PL.PZGIK.200</sln:miejscIIPPn><sln:miejscIIPWersja>2016-11-24T12:29:35+02:00</sln:miejscIIPWersja><sln:miejscIdTeryt>0760797</sln:miejscIdTeryt><sln:miejscNazwa>Jegliniec</sln:miejscNazwa><sln:miejscRodzaj>Wieś</sln:miejscRodzaj><sln:powIIPId>08e0d9b0-9410-4ac7-a986-8439e6a5100b</sln:powIIPId><sln:powIIPPn>PL.PZGIK.200</sln:powIIPPn><sln:powIIPWersja>2017-10-10T00:00:00+02:00</sln:powIIPWersja><sln:powIdTeryt>2009</sln:powIdTeryt><sln:powNazwa>sejneński</sln:powNazwa><sln:waznyOd>2015-04-24T00:00:00+02:00</sln:waznyOd><sln:wojIIPId>53ad7aea-d9d3-40c9-9a5c-ff737d5b076e</sln:wojIIPId><sln:wojIIPPn>PL.PZGIK.200</sln:wojIIPPn><sln:wojIIPWersja>2017-10-10T00:00:00+02:00</sln:wojIIPWersja><sln:wojIdTeryt>20</sln:wojIdTeryt><sln:wojNazwa>podlaskie</sln:wojNazwa></sln:miejscowosc><sln:miejscowosc><sln:cyklZyciaOd>2015-10-05T00:00:00+02:00</sln:cyklZyciaOd><sln:gmIIPId>4ce60809-32f0-4d4d-9b10-effe85ec961c</sln:gmIIPId><sln:gmIIPPn>PL.PZGIK.200</sln:gmIIPPn><sln:gmIIPWersja>2012-09-26T22:17:01+02:00</sln:gmIIPWersja><sln:gmIdTeryt>2009032</sln:gmIdTeryt><sln:gmNazwa>Krasnopol</sln:gmNazwa><sln:miejscIIPId>79f73f57-57e4-4b90-b229-705182c4bcf6</sln:miejscIIPId><sln:miejscIIPPn>PL.PZGIK.200</sln:miejscIIPPn><sln:miejscIIPWersja>2016-11-24T12:29:35+02:00</sln:miejscIIPWersja><sln:miejscIdTeryt>0760828</sln:miejscIdTeryt><sln:miejscNazwa>Jeglówek</sln:miejscNazwa><sln:miejscRodzaj>Wieś</sln:miejscRodzaj><sln:powIIPId>08e0d9b0-9410-4ac7-a986-8439e6a5100b</sln:powIIPId><sln:powIIPPn>PL.PZGIK.200</sln:powIIPPn><sln:powIIPWersja>2017-10-10T00:00:00+02:00</sln:powIIPWersja><sln:powIdTeryt>2009</sln:powIdTeryt><sln:powNazwa>sejneński</sln:powNazwa><sln:waznyOd>2015-04-24T00:00:00+02:00</sln:waznyOd><sln:wojIIPId>53ad7aea-d9d3-40c9-9a5c-ff737d5b076e</sln:wojIIPId><sln:wojIIPPn>PL.PZGIK.200</sln:wojIIPPn><sln:wojIIPWersja>2017-10-10T00:00:00+02:00</sln:wojIIPWersja><sln:wojIdTeryt>20</sln:wojIdTeryt><sln:wojNazwa>podlaskie</sln:wojNazwa></sln:miejscowosc><sln:miejscowosc><sln:cyklZyciaOd>2015-10-05T00:00:00+02:00</sln:cyklZyciaOd><sln:gmIIPId>4ce60809-32f0-4d4d-9b10-effe85ec961c</sln:gmIIPId><sln:gmIIPPn>PL.PZGIK.200</sln:gmIIPPn><sln:gmIIPWersja>2012-09-26T22:17:01+02:00</sln:gmIIPWersja><sln:gmIdTeryt>2009032</sln:gmIdTeryt><sln:gmNazwa>Krasnopol</sln:gmNazwa><sln:miejscIIPId>a0381458-f032-4e26-8b27-555a948c18a4</sln:miejscIIPId><sln:miejscIIPPn>PL.PZGIK.200</sln:miejscIIPPn><sln:miejscIIPWersja>2016-11-24T12:29:35+02:00</sln:miejscIIPWersja><sln:miejscIdTeryt>0760834</sln:miejscIdTeryt><sln:miejscNazwa>Jeziorki</sln:miejscNazwa><sln:miejscRodzaj>Wieś</sln:miejscRodzaj><sln:powIIPId>08e0d9b0-9410-4ac7-a986-8439e6a5100b</sln:powIIPId><sln:powIIPPn>PL.PZGIK.200</sln:powIIPPn><sln:powIIPWersja>2017-10-10T00:00:00+02:00</sln:powIIPWersja><sln:powIdTeryt>2009</sln:powIdTeryt><sln:powNazwa>sejneński</sln:powNazwa><sln:waznyOd>2015-04-24T00:00:00+02:00</sln:waznyOd><sln:wojIIPId>53ad7aea-d9d3-40c9-9a5c-ff737d5b076e</sln:wojIIPId><sln:wojIIPPn>PL.PZGIK.200</sln:wojIIPPn><sln:wojIIPWersja>2017-10-10T00:00:00+02:00</sln:wojIIPWersja><sln:wojIdTeryt>20</sln:wojIdTeryt><sln:wojNazwa>podlaskie</sln:wojNazwa></sln:miejscowosc><sln:miejscowosc><sln:cyklZyciaOd>2015-10-05T00:00:00+02:00</sln:cyklZyciaOd><sln:gmIIPId>4ce60809-32f0-4d4d-9b10-effe85ec961c</sln:gmIIPId><sln:gmIIPPn>PL.PZGIK.200</sln:gmIIPPn><sln:gmIIPWersja>2012-09-26T22:17:01+02:00</sln:gmIIPWersja><sln:gmIdTeryt>2009032</sln:gmIdTeryt><sln:gmNazwa>Krasnopol</sln:gmNazwa><sln:miejscIIPId>76bb75e3-ebea-478a-a7a8-f749d51ea708</sln:miejscIIPId><sln:miejscIIPPn>PL.PZGIK.200</sln:miejscIIPPn><sln:miejscIIPWersja>2016-11-24T12:29:35+02:00</sln:miejscIIPWersja><sln:miejscIdTeryt>0760870</sln:miejscIdTeryt><sln:miejscNazwa>Krasne</sln:miejscNazwa><sln:miejscRodzaj>Wieś</sln:miejscRodzaj><sln:powIIPId>08e0d9b0-9410-4ac7-a986-8439e6a5100b</sln:powIIPId><sln:powIIPPn>PL.PZGIK.200</sln:powIIPPn><sln:powIIPWersja>2017-10-10T00:00:00+02:00</sln:powIIPWersja><sln:powIdTeryt>2009</sln:powIdTeryt><sln:powNazwa>sejneński</sln:powNazwa><sln:waznyOd>2015-04-24T00:00:00+02:00</sln:waznyOd><sln:wojIIPId>53ad7aea-d9d3-40c9-9a5c-ff737d5b076e</sln:wojIIPId><sln:wojIIPPn>PL.PZGIK.200</sln:wojIIPPn><sln:wojIIPWersja>2017-10-10T00:00:00+02:00</sln:wojIIPWersja><sln:wojIdTeryt>20</sln:wojIdTeryt><sln:wojNazwa>podlaskie</sln:wojNazwa></sln:miejscowosc><sln:miejscowosc><sln:cyklZyciaOd>2015-10-05T00:00:00+02:00</sln:cyklZyciaOd><sln:gmIIPId>4ce60809-32f0-4d4d-9b10-effe85ec961c</sln:gmIIPId><sln:gmIIPPn>PL.PZGIK.200</sln:gmIIPPn><sln:gmIIPWersja>2012-09-26T22:17:01+02:00</sln:gmIIPWersja><sln:gmIdTeryt>2009032</sln:gmIdTeryt><sln:gmNazwa>Krasnopol</sln:gmNazwa><sln:miejscIIPId>aa2a7e62-bee6-415a-a2da-352d524f9da9</sln:miejscIIPId><sln:miejscIIPPn>PL.PZGIK.200</sln:miejscIIPPn><sln:miejscIIPWersja>2016-11-24T12:29:35+02:00</sln:miejscIIPWersja><sln:miejscIdTeryt>0760886</sln:miejscIdTeryt><sln:miejscNazwa>Krasnopol</sln:miejscNazwa><sln:miejscRodzaj>Wieś</sln:miejscRodzaj><sln:powIIPId>08e0d9b0-9410-4ac7-a986-8439e6a5100b</sln:powIIPId><sln:powIIPPn>PL.PZGIK.200</sln:powIIPPn><sln:powIIPWersja>2017-10-10T00:00:00+02:00</sln:powIIPWersja><sln:powIdTeryt>2009</sln:powIdTeryt><sln:powNazwa>sejneński</sln:powNazwa><sln:waznyOd>2015-04-24T00:00:00+02:00</sln:waznyOd><sln:wojIIPId>53ad7aea-d9d3-40c9-9a5c-ff737d5b076e</sln:wojIIPId><sln:wojIIPPn>PL.PZGIK.200</sln:wojIIPPn><sln:wojIIPWersja>2017-10-10T00:00:00+02:00</sln:wojIIPWersja><sln:wojIdTeryt>20</sln:wojIdTeryt><sln:wojNazwa>podlaskie</sln:wojNazwa></sln:miejscowosc><sln:miejscowosc><sln:cyklZyciaOd>2015-10-05T00:00:00+02:00</sln:cyklZyciaOd><sln:gmIIPId>4ce60809-32f0-4d4d-9b10-effe85ec961c</sln:gmIIPId><sln:gmIIPPn>PL.PZGIK.200</sln:gmIIPPn><sln:gmIIPWersja>2012-09-26T22:17:01+02:00</sln:gmIIPWersja><sln:gmIdTeryt>2009032</sln:gmIdTeryt><sln:gmNazwa>Krasnopol</sln:gmNazwa><sln:miejscIIPId>f45aaf67-1876-4ec6-9e01-3bcc64f329ab</sln:miejscIIPId><sln:miejscIIPPn>PL.PZGIK.200</sln:miejscIIPPn><sln:miejscIIPWersja>2016-11-24T12:29:35+02:00</sln:miejscIIPWersja><sln:miejscIdTeryt>0760969</sln:miejscIdTeryt><sln:miejscNazwa>Królówek</sln:miejscNazwa><sln:miejscRodzaj>Wieś</sln:miejscRodzaj><sln:powIIPId>08e0d9b0-9410-4ac7-a986-8439e6a5100b</sln:powIIPId><sln:powIIPPn>PL.PZGIK.200</sln:powIIPPn><sln:powIIPWersja>2017-10-10T00:00:00+02:00</sln:powIIPWersja><sln:powIdTeryt>2009</sln:powIdTeryt><sln:powNazwa>sejneński</sln:powNazwa><sln:waznyOd>2015-04-24T00:00:00+02:00</sln:waznyOd><sln:wojIIPId>53ad7aea-d9d3-40c9-9a5c-ff737d5b076e</sln:wojIIPId><sln:wojIIPPn>PL.PZGIK.200</sln:wojIIPPn><sln:wojIIPWersja>2017-10-10T00:00:00+02:00</sln:wojIIPWersja><sln:wojIdTeryt>20</sln:wojIdTeryt><sln:wojNazwa>podlaskie</sln:wojNazwa></sln:miejscowosc><sln:miejscowosc><sln:cyklZyciaOd>2015-10-05T00:00:00+02:00</sln:cyklZyciaOd><sln:gmIIPId>4ce60809-32f0-4d4d-9b10-effe85ec961c</sln:gmIIPId><sln:gmIIPPn>PL.PZGIK.200</sln:gmIIPPn><sln:gmIIPWersja>2012-09-26T22:17:01+02:00</sln:gmIIPWersja><sln:gmIdTeryt>2009032</sln:gmIdTeryt><sln:gmNazwa>Krasnopol</sln:gmNazwa><sln:miejscIIPId>1d5b473e-a644-4010-be73-f75edd333f8c</sln:miejscIIPId><sln:miejscIIPPn>PL.PZGIK.200</sln:miejscIIPPn><sln:miejscIIPWersja>2016-11-24T12:29:35+02:00</sln:miejscIIPWersja><sln:miejscIdTeryt>0760981</sln:miejscIdTeryt><sln:miejscNazwa>Krucieniszki</sln:miejscNazwa><sln:miejscRodzaj>Wieś</sln:miejscRodzaj><sln:powIIPId>08e0d9b0-9410-4ac7-a986-8439e6a5100b</sln:powIIPId><sln:powIIPPn>PL.PZGIK.200</sln:powIIPPn><sln:powIIPWersja>2017-10-10T00:00:00+02:00</sln:powIIPWersja><sln:powIdTeryt>2009</sln:powIdTeryt><sln:powNazwa>sejneński</sln:powNazwa><sln:waznyOd>2015-04-24T00:00:00+02:00</sln:waznyOd><sln:wojIIPId>53ad7aea-d9d3-40c9-9a5c-ff737d5b076e</sln:wojIIPId><sln:wojIIPPn>PL.PZGIK.200</sln:wojIIPPn><sln:wojIIPWersja>2017-10-10T00:00:00+02:00</sln:wojIIPWersja><sln:wojIdTeryt>20</sln:wojIdTeryt><sln:wojNazwa>podlaskie</sln:wojNazwa></sln:miejscowosc><sln:miejscowosc><sln:cyklZyciaOd>2015-10-05T00:00:00+02:00</sln:cyklZyciaOd><sln:gmIIPId>4ce60809-32f0-4d4d-9b10-effe85ec961c</sln:gmIIPId><sln:gmIIPPn>PL.PZGIK.200</sln:gmIIPPn><sln:gmIIPWersja>2012-09-26T22:17:01+02:00</sln:gmIIPWersja><sln:gmIdTeryt>2009032</sln:gmIdTeryt><sln:gmNazwa>Krasnopol</sln:gmNazwa><sln:miejscIIPId>71a48521-e747-4c3b-a095-78f73f9b3576</sln:miejscIIPId><sln:miejscIIPPn>PL.PZGIK.200</sln:miejscIIPPn><sln:miejscIIPWersja>2016-11-24T12:29:35+02:00</sln:miejscIIPWersja><sln:miejscIdTeryt>0760998</sln:miejscIdTeryt><sln:miejscNazwa>Linówek</sln:miejscNazwa><sln:miejscRodzaj>Wieś</sln:miejscRodzaj><sln:powIIPId>08e0d9b0-9410-4ac7-a986-8439e6a5100b</sln:powIIPId><sln:powIIPPn>PL.PZGIK.200</sln:powIIPPn><sln:powIIPWersja>2017-10-10T00:00:00+02:00</sln:powIIPWersja><sln:powIdTeryt>2009</sln:powIdTeryt><sln:powNazwa>sejneński</sln:powNazwa><sln:waznyOd>2015-04-24T00:00:00+02:00</sln:waznyOd><sln:wojIIPId>53ad7aea-d9d3-40c9-9a5c-ff737d5b076e</sln:wojIIPId><sln:wojIIPPn>PL.PZGIK.200</sln:wojIIPPn><sln:wojIIPWersja>2017-10-10T00:00:00+02:00</sln:wojIIPWersja><sln:wojIdTeryt>20</sln:wojIdTeryt><sln:wojNazwa>podlaskie</sln:wojNazwa></sln:miejscowosc><sln:miejscowosc><sln:cyklZyciaOd>2015-10-05T00:00:00+02:00</sln:cyklZyciaOd><sln:gmIIPId>4ce60809-32f0-4d4d-9b10-effe85ec961c</sln:gmIIPId><sln:gmIIPPn>PL.PZGIK.200</sln:gmIIPPn><sln:gmIIPWersja>2012-09-26T22:17:01+02:00</sln:gmIIPWersja><sln:gmIdTeryt>2009032</sln:gmIdTeryt><sln:gmNazwa>Krasnopol</sln:gmNazwa><sln:miejscIIPId>c9bcbcd9-326a-4cf5-a178-a0eba0d9a857</sln:miejscIIPId><sln:miejscIIPPn>PL.PZGIK.200</sln:miejscIIPPn><sln:miejscIIPWersja>2016-11-24T12:29:35+02:00</sln:miejscIIPWersja><sln:miejscIdTeryt>0761012</sln:miejscIdTeryt><sln:miejscNazwa>Łopuchowo</sln:miejscNazwa><sln:miejscRodzaj>Wieś</sln:miejscRodzaj><sln:powIIPId>08e0d9b0-9410-4ac7-a986-8439e6a5100b</sln:powIIPId><sln:powIIPPn>PL.PZGIK.200</sln:powIIPPn><sln:powIIPWersja>2017-10-10T00:00:00+02:00</sln:powIIPWersja><sln:powIdTeryt>2009</sln:powIdTeryt><sln:powNazwa>sejneński</sln:powNazwa><sln:waznyOd>2015-04-24T00:00:00+02:00</sln:waznyOd><sln:wojIIPId>53ad7aea-d9d3-40c9-9a5c-ff737d5b076e</sln:wojIIPId><sln:wojIIPPn>PL.PZGIK.200</sln:wojIIPPn><sln:wojIIPWersja>2017-10-10T00:00:00+02:00</sln:wojIIPWersja><sln:wojIdTeryt>20</sln:wojIdTeryt><sln:wojNazwa>podlaskie</sln:wojNazwa></sln:miejscowosc><sln:miejscowosc><sln:cyklZyciaOd>2015-10-05T00:00:00+02:00</sln:cyklZyciaOd><sln:gmIIPId>4ce60809-32f0-4d4d-9b10-effe85ec961c</sln:gmIIPId><sln:gmIIPPn>PL.PZGIK.200</sln:gmIIPPn><sln:gmIIPWersja>2012-09-26T22:17:01+02:00</sln:gmIIPWersja><sln:gmIdTeryt>2009032</sln:gmIdTeryt><sln:gmNazwa>Krasnopol</sln:gmNazwa><sln:miejscIIPId>5f8e8818-57ea-45ae-b7e6-9162a74f32c5</sln:miejscIIPId><sln:miejscIIPPn>PL.PZGIK.200</sln:miejscIIPPn><sln:miejscIIPWersja>2016-11-24T12:29:35+02:00</sln:miejscIIPWersja><sln:miejscIdTeryt>0761029</sln:miejscIdTeryt><sln:miejscNazwa>Maćkowa Ruda</sln:miejscNazwa><sln:miejscRodzaj>Wieś</sln:miejscRodzaj><sln:powIIPId>08e0d9b0-9410-4ac7-a986-8439e6a5100b</sln:powIIPId><sln:powIIPPn>PL.PZGIK.200</sln:powIIPPn><sln:powIIPWersja>2017-10-10T00:00:00+02:00</sln:powIIPWersja><sln:powIdTeryt>2009</sln:powIdTeryt><sln:powNazwa>sejneński</sln:powNazwa><sln:waznyOd>2015-04-24T00:00:00+02:00</sln:waznyOd><sln:wojIIPId>53ad7aea-d9d3-40c9-9a5c-ff737d5b076e</sln:wojIIPId><sln:wojIIPPn>PL.PZGIK.200</sln:wojIIPPn><sln:wojIIPWersja>2017-10-10T00:00:00+02:00</sln:wojIIPWersja><sln:wojIdTeryt>20</sln:wojIdTeryt><sln:wojNazwa>podlaskie</sln:wojNazwa></sln:miejscowosc><sln:miejscowosc><sln:cyklZyciaOd>2015-10-05T00:00:00+02:00</sln:cyklZyciaOd><sln:gmIIPId>4ce60809-32f0-4d4d-9b10-effe85ec961c</sln:gmIIPId><sln:gmIIPPn>PL.PZGIK.200</sln:gmIIPPn><sln:gmIIPWersja>2012-09-26T22:17:01+02:00</sln:gmIIPWersja><sln:gmIdTeryt>2009032</sln:gmIdTeryt><sln:gmNazwa>Krasnopol</sln:gmNazwa><sln:miejscIIPId>48843b69-d661-4a55-99c9-f9b3707adf4c</sln:miejscIIPId><sln:miejscIIPPn>PL.PZGIK.200</sln:miejscIIPPn><sln:miejscIIPWersja>2016-11-24T12:29:35+02:00</sln:miejscIIPWersja><sln:miejscIdTeryt>0761064</sln:miejscIdTeryt><sln:miejscNazwa>Michnowce</sln:miejscNazwa><sln:miejscRodzaj>Wieś</sln:miejscRodzaj><sln:powIIPId>08e0d9b0-9410-4ac7-a986-8439e6a5100b</sln:powIIPId><sln:powIIPPn>PL.PZGIK.200</sln:powIIPPn><sln:powIIPWersja>2017-10-10T00:00:00+02:00</sln:powIIPWersja><sln:powIdTeryt>2009</sln:powIdTeryt><sln:powNazwa>sejneński</sln:powNazwa><sln:waznyOd>2015-04-24T00:00:00+02:00</sln:waznyOd><sln:wojIIPId>53ad7aea-d9d3-40c9-9a5c-ff737d5b076e</sln:wojIIPId><sln:wojIIPPn>PL.PZGIK.200</sln:wojIIPPn><sln:wojIIPWersja>2017-10-10T00:00:00+02:00</sln:wojIIPWersja><sln:wojIdTeryt>20</sln:wojIdTeryt><sln:wojNazwa>podlaskie</sln:wojNazwa></sln:miejscowosc><sln:miejscowosc><sln:cyklZyciaOd>2015-10-05T00:00:00+02:00</sln:cyklZyciaOd><sln:gmIIPId>4ce60809-32f0-4d4d-9b10-effe85ec961c</sln:gmIIPId><sln:gmIIPPn>PL.PZGIK.200</sln:gmIIPPn><sln:gmIIPWersja>2012-09-26T22:17:01+02:00</sln:gmIIPWersja><sln:gmIdTeryt>2009032</sln:gmIdTeryt><sln:gmNazwa>Krasnopol</sln:gmNazwa><sln:miejscIIPId>d2f1e165-719d-4803-b704-322d1a3990cb</sln:miejscIIPId><sln:miejscIIPPn>PL.PZGIK.200</sln:miejscIIPPn><sln:miejscIIPWersja>2016-11-24T12:29:35+02:00</sln:miejscIIPWersja><sln:miejscIdTeryt>0761070</sln:miejscIdTeryt><sln:miejscNazwa>Mikołajewo</sln:miejscNazwa><sln:miejscRodzaj>Wieś</sln:miejscRodzaj><sln:powIIPId>08e0d9b0-9410-4ac7-a986-8439e6a5100b</sln:powIIPId><sln:powIIPPn>PL.PZGIK.200</sln:powIIPPn><sln:powIIPWersja>2017-10-10T00:00:00+02:00</sln:powIIPWersja><sln:powIdTeryt>2009</sln:powIdTeryt><sln:powNazwa>sejneński</sln:powNazwa><sln:waznyOd>2015-04-24T00:00:00+02:00</sln:waznyOd><sln:wojIIPId>53ad7aea-d9d3-40c9-9a5c-ff737d5b076e</sln:wojIIPId><sln:wojIIPPn>PL.PZGIK.200</sln:wojIIPPn><sln:wojIIPWersja>2017-10-10T00:00:00+02:00</sln:wojIIPWersja><sln:wojIdTeryt>20</sln:wojIdTeryt><sln:wojNazwa>podlaskie</sln:wojNazwa></sln:miejscowosc><sln:miejscowosc><sln:cyklZyciaOd>2015-10-05T00:00:00+02:00</sln:cyklZyciaOd><sln:gmIIPId>4ce60809-32f0-4d4d-9b10-effe85ec961c</sln:gmIIPId><sln:gmIIPPn>PL.PZGIK.200</sln:gmIIPPn><sln:gmIIPWersja>2012-09-26T22:17:01+02:00</sln:gmIIPWersja><sln:gmIdTeryt>2009032</sln:gmIdTeryt><sln:gmNazwa>Krasnopol</sln:gmNazwa><sln:miejscIIPId>a6345c76-53a2-427b-831b-3db8afad9346</sln:miejscIIPId><sln:miejscIIPPn>PL.PZGIK.200</sln:miejscIIPPn><sln:miejscIIPWersja>2016-11-24T12:29:35+02:00</sln:miejscIIPWersja><sln:miejscIdTeryt>0761101</sln:miejscIdTeryt><sln:miejscNazwa>Murowany Most</sln:miejscNazwa><sln:miejscRodzaj>Wieś</sln:miejscRodzaj><sln:powIIPId>08e0d9b0-9410-4ac7-a986-8439e6a5100b</sln:powIIPId><sln:powIIPPn>PL.PZGIK.200</sln:powIIPPn><sln:powIIPWersja>2017-10-10T00:00:00+02:00</sln:powIIPWersja><sln:powIdTeryt>2009</sln:powIdTeryt><sln:powNazwa>sejneński</sln:powNazwa><sln:waznyOd>2015-04-24T00:00:00+02:00</sln:waznyOd><sln:wojIIPId>53ad7aea-d9d3-40c9-9a5c-ff737d5b076e</sln:wojIIPId><sln:wojIIPPn>PL.PZGIK.200</sln:wojIIPPn><sln:wojIIPWersja>2017-10-10T00:00:00+02:00</sln:wojIIPWersja><sln:wojIdTeryt>20</sln:wojIdTeryt><sln:wojNazwa>podlaskie</sln:wojNazwa></sln:miejscowosc><sln:miejscowosc><sln:cyklZyciaOd>2015-10-05T00:00:00+02:00</sln:cyklZyciaOd><sln:gmIIPId>4ce60809-32f0-4d4d-9b10-effe85ec961c</sln:gmIIPId><sln:gmIIPPn>PL.PZGIK.200</sln:gmIIPPn><sln:gmIIPWersja>2012-09-26T22:17:01+02:00</sln:gmIIPWersja><sln:gmIdTeryt>2009032</sln:gmIdTeryt><sln:gmNazwa>Krasnopol</sln:gmNazwa><sln:miejscIIPId>98cc5772-a37f-41c7-8504-aa97c6841108</sln:miejscIIPId><sln:miejscIIPPn>PL.PZGIK.200</sln:miejscIIPPn><sln:miejscIIPWersja>2016-11-24T12:29:35+02:00</sln:miejscIIPWersja><sln:miejscIdTeryt>0761176</sln:miejscIdTeryt><sln:miejscNazwa>Orlinek</sln:miejscNazwa><sln:miejscRodzaj>Wieś</sln:miejscRodzaj><sln:powIIPId>08e0d9b0-9410-4ac7-a986-8439e6a5100b</sln:powIIPId><sln:powIIPPn>PL.PZGIK.200</sln:powIIPPn><sln:powIIPWersja>2017-10-10T00:00:00+02:00</sln:powIIPWersja><sln:powIdTeryt>2009</sln:powIdTeryt><sln:powNazwa>sejneński</sln:powNazwa><sln:waznyOd>2015-04-24T00:00:00+02:00</sln:waznyOd><sln:wojIIPId>53ad7aea-d9d3-40c9-9a5c-ff737d5b076e</sln:wojIIPId><sln:wojIIPPn>PL.PZGIK.200</sln:wojIIPPn><sln:wojIIPWersja>2017-10-10T00:00:00+02:00</sln:wojIIPWersja><sln:wojIdTeryt>20</sln:wojIdTeryt><sln:wojNazwa>podlaskie</sln:wojNazwa></sln:miejscowosc><sln:miejscowosc><sln:cyklZyciaOd>2015-10-05T00:00:00+02:00</sln:cyklZyciaOd><sln:gmIIPId>4ce60809-32f0-4d4d-9b10-effe85ec961c</sln:gmIIPId><sln:gmIIPPn>PL.PZGIK.200</sln:gmIIPPn><sln:gmIIPWersja>2012-09-26T22:17:01+02:00</sln:gmIIPWersja><sln:gmIdTeryt>2009032</sln:gmIdTeryt><sln:gmNazwa>Krasnopol</sln:gmNazwa><sln:miejscIIPId>9744b2a7-c3ed-4562-ad24-9d1f13722e07</sln:miejscIIPId><sln:miejscIIPPn>PL.PZGIK.200</sln:miejscIIPPn><sln:miejscIIPWersja>2016-11-24T12:29:35+02:00</sln:miejscIIPWersja><sln:miejscIdTeryt>0761207</sln:miejscIdTeryt><sln:miejscNazwa>Pawłówka</sln:miejscNazwa><sln:miejscRodzaj>Wieś</sln:miejscRodzaj><sln:powIIPId>08e0d9b0-9410-4ac7-a986-8439e6a5100b</sln:powIIPId><sln:powIIPPn>PL.PZGIK.200</sln:powIIPPn><sln:powIIPWersja>2017-10-10T00:00:00+02:00</sln:powIIPWersja><sln:powIdTeryt>2009</sln:powIdTeryt><sln:powNazwa>sejneński</sln:powNazwa><sln:waznyOd>2015-04-24T00:00:00+02:00</sln:waznyOd><sln:wojIIPId>53ad7aea-d9d3-40c9-9a5c-ff737d5b076e</sln:wojIIPId><sln:wojIIPPn>PL.PZGIK.200</sln:wojIIPPn><sln:wojIIPWersja>2017-10-10T00:00:00+02:00</sln:wojIIPWersja><sln:wojIdTeryt>20</sln:wojIdTeryt><sln:wojNazwa>podlaskie</sln:wojNazwa></sln:miejscowosc><sln:miejscowosc><sln:cyklZyciaOd>2015-10-05T00:00:00+02:00</sln:cyklZyciaOd><sln:gmIIPId>4ce60809-32f0-4d4d-9b10-effe85ec961c</sln:gmIIPId><sln:gmIIPPn>PL.PZGIK.200</sln:gmIIPPn><sln:gmIIPWersja>2012-09-26T22:17:01+02:00</sln:gmIIPWersja><sln:gmIdTeryt>2009032</sln:gmIdTeryt><sln:gmNazwa>Krasnopol</sln:gmNazwa><sln:miejscIIPId>54d7ee63-f729-4985-b4fc-6e15969cab40</sln:miejscIIPId><sln:miejscIIPPn>PL.PZGIK.200</sln:miejscIIPPn><sln:miejscIIPWersja>2016-11-24T12:29:35+02:00</sln:miejscIIPWersja><sln:miejscIdTeryt>0761220</sln:miejscIdTeryt><sln:miejscNazwa>Piotrowa Dąbrowa</sln:miejscNazwa><sln:miejscRodzaj>Wieś</sln:miejscRodzaj><sln:powIIPId>08e0d9b0-9410-4ac7-a986-8439e6a5100b</sln:powIIPId><sln:powIIPPn>PL.PZGIK.200</sln:powIIPPn><sln:powIIPWersja>2017-10-10T00:00:00+02:00</sln:powIIPWersja><sln:powIdTeryt>2009</sln:powIdTeryt><sln:powNazwa>sejneński</sln:powNazwa><sln:waznyOd>2015-04-24T00:00:00+02:00</sln:waznyOd><sln:wojIIPId>53ad7aea-d9d3-40c9-9a5c-ff737d5b076e</sln:wojIIPId><sln:wojIIPPn>PL.PZGIK.200</sln:wojIIPPn><sln:wojIIPWersja>2017-10-10T00:00:00+02:00</sln:wojIIPWersja><sln:wojIdTeryt>20</sln:wojIdTeryt><sln:wojNazwa>podlaskie</sln:wojNazwa></sln:miejscowosc><sln:miejscowosc><sln:cyklZyciaOd>2015-10-05T00:00:00+02:00</sln:cyklZyciaOd><sln:gmIIPId>4ce60809-32f0-4d4d-9b10-effe85ec961c</sln:gmIIPId><sln:gmIIPPn>PL.PZGIK.200</sln:gmIIPPn><sln:gmIIPWersja>2012-09-26T22:17:01+02:00</sln:gmIIPWersja><sln:gmIdTeryt>2009032</sln:gmIdTeryt><sln:gmNazwa>Krasnopol</sln:gmNazwa><sln:miejscIIPId>a7ffde27-c8e5-475f-85d5-9d65ab0c1789</sln:miejscIIPId><sln:miejscIIPPn>PL.PZGIK.200</sln:miejscIIPPn><sln:miejscIIPWersja>2016-11-24T12:29:35+02:00</sln:miejscIIPWersja><sln:miejscIdTeryt>0761265</sln:miejscIdTeryt><sln:miejscNazwa>Remieńkiń</sln:miejscNazwa><sln:miejscRodzaj>Wieś</sln:miejscRodzaj><sln:powIIPId>08e0d9b0-9410-4ac7-a986-8439e6a5100b</sln:powIIPId><sln:powIIPPn>PL.PZGIK.200</sln:powIIPPn><sln:powIIPWersja>2017-10-10T00:00:00+02:00</sln:powIIPWersja><sln:powIdTeryt>2009</sln:powIdTeryt><sln:powNazwa>sejneński</sln:powNazwa><sln:waznyOd>2015-04-24T00:00:00+02:00</sln:waznyOd><sln:wojIIPId>53ad7aea-d9d3-40c9-9a5c-ff737d5b076e</sln:wojIIPId><sln:wojIIPPn>PL.PZGIK.200</sln:wojIIPPn><sln:wojIIPWersja>2017-10-10T00:00:00+02:00</sln:wojIIPWersja><sln:wojIdTeryt>20</sln:wojIdTeryt><sln:wojNazwa>podlaskie</sln:wojNazwa></sln:miejscowosc><sln:miejscowosc><sln:cyklZyciaOd>2015-10-05T00:00:00+02:00</sln:cyklZyciaOd><sln:gmIIPId>4ce60809-32f0-4d4d-9b10-effe85ec961c</sln:gmIIPId><sln:gmIIPPn>PL.PZGIK.200</sln:gmIIPPn><sln:gmIIPWersja>2012-09-26T22:17:01+02:00</sln:gmIIPWersja><sln:gmIdTeryt>2009032</sln:gmIdTeryt><sln:gmNazwa>Krasnopol</sln:gmNazwa><sln:miejscIIPId>51928ea1-48b3-43e1-a2a6-f9b25a551d15</sln:miejscIIPId><sln:miejscIIPPn>PL.PZGIK.200</sln:miejscIIPPn><sln:miejscIIPWersja>2016-11-24T12:29:35+02:00</sln:miejscIIPWersja><sln:miejscIdTeryt>0761271</sln:miejscIdTeryt><sln:miejscNazwa>Romanowce</sln:miejscNazwa><sln:miejscRodzaj>Wieś</sln:miejscRodzaj><sln:powIIPId>08e0d9b0-9410-4ac7-a986-8439e6a5100b</sln:powIIPId><sln:powIIPPn>PL.PZGIK.200</sln:powIIPPn><sln:powIIPWersja>2017-10-10T00:00:00+02:00</sln:powIIPWersja><sln:powIdTeryt>2009</sln:powIdTeryt><sln:powNazwa>sejneński</sln:powNazwa><sln:waznyOd>2015-04-24T00:00:00+02:00</sln:waznyOd><sln:wojIIPId>53ad7aea-d9d3-40c9-9a5c-ff737d5b076e</sln:wojIIPId><sln:wojIIPPn>PL.PZGIK.200</sln:wojIIPPn><sln:wojIIPWersja>2017-10-10T00:00:00+02:00</sln:wojIIPWersja><sln:wojIdTeryt>20</sln:wojIdTeryt><sln:wojNazwa>podlaskie</sln:wojNazwa></sln:miejscowosc><sln:miejscowosc><sln:cyklZyciaOd>2015-10-05T00:00:00+02:00</sln:cyklZyciaOd><sln:gmIIPId>4ce60809-32f0-4d4d-9b10-effe85ec961c</sln:gmIIPId><sln:gmIIPPn>PL.PZGIK.200</sln:gmIIPPn><sln:gmIIPWersja>2012-09-26T22:17:01+02:00</sln:gmIIPWersja><sln:gmIdTeryt>2009032</sln:gmIdTeryt><sln:gmNazwa>Krasnopol</sln:gmNazwa><sln:miejscIIPId>15baf4c7-9b41-4121-8fec-8800feda7802</sln:miejscIIPId><sln:miejscIIPPn>PL.PZGIK.200</sln:miejscIIPPn><sln:miejscIIPWersja>2016-11-24T12:29:35+02:00</sln:miejscIIPWersja><sln:miejscIdTeryt>0761302</sln:miejscIdTeryt><sln:miejscNazwa>Rosochaty Róg</sln:miejscNazwa><sln:miejscRodzaj>Wieś</sln:miejscRodzaj><sln:powIIPId>08e0d9b0-9410-4ac7-a986-8439e6a5100b</sln:powIIPId><sln:powIIPPn>PL.PZGIK.200</sln:powIIPPn><sln:powIIPWersja>2017-10-10T00:00:00+02:00</sln:powIIPWersja><sln:powIdTeryt>2009</sln:powIdTeryt><sln:powNazwa>sejneński</sln:powNazwa><sln:waznyOd>2015-04-24T00:00:00+02:00</sln:waznyOd><sln:wojIIPId>53ad7aea-d9d3-40c9-9a5c-ff737d5b076e</sln:wojIIPId><sln:wojIIPPn>PL.PZGIK.200</sln:wojIIPPn><sln:wojIIPWersja>2017-10-10T00:00:00+02:00</sln:wojIIPWersja><sln:wojIdTeryt>20</sln:wojIdTeryt><sln:wojNazwa>podlaskie</sln:wojNazwa></sln:miejscowosc><sln:miejscowosc><sln:cyklZyciaOd>2015-10-05T00:00:00+02:00</sln:cyklZyciaOd><sln:gmIIPId>4ce60809-32f0-4d4d-9b10-effe85ec961c</sln:gmIIPId><sln:gmIIPPn>PL.PZGIK.200</sln:gmIIPPn><sln:gmIIPWersja>2012-09-26T22:17:01+02:00</sln:gmIIPWersja><sln:gmIdTeryt>2009032</sln:gmIdTeryt><sln:gmNazwa>Krasnopol</sln:gmNazwa><sln:miejscIIPId>f1655014-5b53-4ef1-b32d-659e127bb76a</sln:miejscIIPId><sln:miejscIIPPn>PL.PZGIK.200</sln:miejscIIPPn><sln:miejscIIPWersja>2016-11-24T12:29:35+02:00</sln:miejscIIPWersja><sln:miejscIdTeryt>0761325</sln:miejscIdTeryt><sln:miejscNazwa>Rudawka</sln:miejscNazwa><sln:miejscRodzaj>Wieś</sln:miejscRodzaj><sln:powIIPId>08e0d9b0-9410-4ac7-a986-8439e6a5100b</sln:powIIPId><sln:powIIPPn>PL.PZGIK.200</sln:powIIPPn><sln:powIIPWersja>2017-10-10T00:00:00+02:00</sln:powIIPWersja><sln:powIdTeryt>2009</sln:powIdTeryt><sln:powNazwa>sejneński</sln:powNazwa><sln:waznyOd>2015-04-24T00:00:00+02:00</sln:waznyOd><sln:wojIIPId>53ad7aea-d9d3-40c9-9a5c-ff737d5b076e</sln:wojIIPId><sln:wojIIPPn>PL.PZGIK.200</sln:wojIIPPn><sln:wojIIPWersja>2017-10-10T00:00:00+02:00</sln:wojIIPWersja><sln:wojIdTeryt>20</sln:wojIdTeryt><sln:wojNazwa>podlaskie</sln:wojNazwa></sln:miejscowosc><sln:miejscowosc><sln:cyklZyciaOd>2015-10-05T00:00:00+02:00</sln:cyklZyciaOd><sln:gmIIPId>4ce60809-32f0-4d4d-9b10-effe85ec961c</sln:gmIIPId><sln:gmIIPPn>PL.PZGIK.200</sln:gmIIPPn><sln:gmIIPWersja>2012-09-26T22:17:01+02:00</sln:gmIIPWersja><sln:gmIdTeryt>2009032</sln:gmIdTeryt><sln:gmNazwa>Krasnopol</sln:gmNazwa><sln:miejscIIPId>4b2f3117-2b41-4377-af8b-b87fba0c46dc</sln:miejscIIPId><sln:miejscIIPPn>PL.PZGIK.200</sln:miejscIIPPn><sln:miejscIIPWersja>2016-11-24T12:29:35+02:00</sln:miejscIIPWersja><sln:miejscIdTeryt>0761331</sln:miejscIdTeryt><sln:miejscNazwa>Ryżówka</sln:miejscNazwa><sln:miejscRodzaj>Wieś</sln:miejscRodzaj><sln:powIIPId>08e0d9b0-9410-4ac7-a986-8439e6a5100b</sln:powIIPId><sln:powIIPPn>PL.PZGIK.200</sln:powIIPPn><sln:powIIPWersja>2017-10-10T00:00:00+02:00</sln:powIIPWersja><sln:powIdTeryt>2009</sln:powIdTeryt><sln:powNazwa>sejneński</sln:powNazwa><sln:waznyOd>2015-04-24T00:00:00+02:00</sln:waznyOd><sln:wojIIPId>53ad7aea-d9d3-40c9-9a5c-ff737d5b076e</sln:wojIIPId><sln:wojIIPPn>PL.PZGIK.200</sln:wojIIPPn><sln:wojIIPWersja>2017-10-10T00:00:00+02:00</sln:wojIIPWersja><sln:wojIdTeryt>20</sln:wojIdTeryt><sln:wojNazwa>podlaskie</sln:wojNazwa></sln:miejscowosc><sln:miejscowosc><sln:cyklZyciaOd>2015-10-05T00:00:00+02:00</sln:cyklZyciaOd><sln:gmIIPId>4ce60809-32f0-4d4d-9b10-effe85ec961c</sln:gmIIPId><sln:gmIIPPn>PL.PZGIK.200</sln:gmIIPPn><sln:gmIIPWersja>2012-09-26T22:17:01+02:00</sln:gmIIPWersja><sln:gmIdTeryt>2009032</sln:gmIdTeryt><sln:gmNazwa>Krasnopol</sln:gmNazwa><sln:miejscIIPId>5767ca6b-cc7f-4e7b-b7cb-65dfc129ca01</sln:miejscIIPId><sln:miejscIIPPn>PL.PZGIK.200</sln:miejscIIPPn><sln:miejscIIPWersja>2016-11-24T12:29:35+02:00</sln:miejscIIPWersja><sln:miejscIdTeryt>0761348</sln:miejscIdTeryt><sln:miejscNazwa>Skustele</sln:miejscNazwa><sln:miejscRodzaj>Wieś</sln:miejscRodzaj><sln:powIIPId>08e0d9b0-9410-4ac7-a986-8439e6a5100b</sln:powIIPId><sln:powIIPPn>PL.PZGIK.200</sln:powIIPPn><sln:powIIPWersja>2017-10-10T00:00:00+02:00</sln:powIIPWersja><sln:powIdTeryt>2009</sln:powIdTeryt><sln:powNazwa>sejneński</sln:powNazwa><sln:waznyOd>2015-04-24T00:00:00+02:00</sln:waznyOd><sln:wojIIPId>53ad7aea-d9d3-40c9-9a5c-ff737d5b076e</sln:wojIIPId><sln:wojIIPPn>PL.PZGIK.200</sln:wojIIPPn><sln:wojIIPWersja>2017-10-10T00:00:00+02:00</sln:wojIIPWersja><sln:wojIdTeryt>20</sln:wojIdTeryt><sln:wojNazwa>podlaskie</sln:wojNazwa></sln:miejscowosc><sln:miejscowosc><sln:cyklZyciaOd>2015-10-05T00:00:00+02:00</sln:cyklZyciaOd><sln:gmIIPId>4ce60809-32f0-4d4d-9b10-effe85ec961c</sln:gmIIPId><sln:gmIIPPn>PL.PZGIK.200</sln:gmIIPPn><sln:gmIIPWersja>2012-09-26T22:17:01+02:00</sln:gmIIPWersja><sln:gmIdTeryt>2009032</sln:gmIdTeryt><sln:gmNazwa>Krasnopol</sln:gmNazwa><sln:miejscIIPId>4e9328f0-b9aa-4257-b539-b382e536aeb1</sln:miejscIIPId><sln:miejscIIPPn>PL.PZGIK.200</sln:miejscIIPPn><sln:miejscIIPWersja>2016-11-24T12:29:35+02:00</sln:miejscIIPWersja><sln:miejscIdTeryt>0761354</sln:miejscIdTeryt><sln:miejscNazwa>Smolany Dąb</sln:miejscNazwa><sln:miejscRodzaj>Wieś</sln:miejscRodzaj><sln:powIIPId>08e0d9b0-9410-4ac7-a986-8439e6a5100b</sln:powIIPId><sln:powIIPPn>PL.PZGIK.200</sln:powIIPPn><sln:powIIPWersja>2017-10-10T00:00:00+02:00</sln:powIIPWersja><sln:powIdTeryt>2009</sln:powIdTeryt><sln:powNazwa>sejneński</sln:powNazwa><sln:waznyOd>2015-04-24T00:00:00+02:00</sln:waznyOd><sln:wojIIPId>53ad7aea-d9d3-40c9-9a5c-ff737d5b076e</sln:wojIIPId><sln:wojIIPPn>PL.PZGIK.200</sln:wojIIPPn><sln:wojIIPWersja>2017-10-10T00:00:00+02:00</sln:wojIIPWersja><sln:wojIdTeryt>20</sln:wojIdTeryt><sln:wojNazwa>podlaskie</sln:wojNazwa></sln:miejscowosc><sln:miejscowosc><sln:cyklZyciaOd>2015-10-05T00:00:00+02:00</sln:cyklZyciaOd><sln:gmIIPId>4ce60809-32f0-4d4d-9b10-effe85ec961c</sln:gmIIPId><sln:gmIIPPn>PL.PZGIK.200</sln:gmIIPPn><sln:gmIIPWersja>2012-09-26T22:17:01+02:00</sln:gmIIPWersja><sln:gmIdTeryt>2009032</sln:gmIdTeryt><sln:gmNazwa>Krasnopol</sln:gmNazwa><sln:miejscIIPId>f68adc88-6276-4e40-bb94-66d844db2a4e</sln:miejscIIPId><sln:miejscIIPPn>PL.PZGIK.200</sln:miejscIIPPn><sln:miejscIIPWersja>2016-11-24T12:29:35+02:00</sln:miejscIIPWersja><sln:miejscIdTeryt>0761383</sln:miejscIdTeryt><sln:miejscNazwa>Stabieńszczyzna</sln:miejscNazwa><sln:miejscRodzaj>Wieś</sln:miejscRodzaj><sln:powIIPId>08e0d9b0-9410-4ac7-a986-8439e6a5100b</sln:powIIPId><sln:powIIPPn>PL.PZGIK.200</sln:powIIPPn><sln:powIIPWersja>2017-10-10T00:00:00+02:00</sln:powIIPWersja><sln:powIdTeryt>2009</sln:powIdTeryt><sln:powNazwa>sejneński</sln:powNazwa><sln:waznyOd>2015-04-24T00:00:00+02:00</sln:waznyOd><sln:wojIIPId>53ad7aea-d9d3-40c9-9a5c-ff737d5b076e</sln:wojIIPId><sln:wojIIPPn>PL.PZGIK.200</sln:wojIIPPn><sln:wojIIPWersja>2017-10-10T00:00:00+02:00</sln:wojIIPWersja><sln:wojIdTeryt>20</sln:wojIdTeryt><sln:wojNazwa>podlaskie</sln:wojNazwa></sln:miejscowosc><sln:miejscowosc><sln:cyklZyciaOd>2015-10-05T00:00:00+02:00</sln:cyklZyciaOd><sln:gmIIPId>4ce60809-32f0-4d4d-9b10-effe85ec961c</sln:gmIIPId><sln:gmIIPPn>PL.PZGIK.200</sln:gmIIPPn><sln:gmIIPWersja>2012-09-26T22:17:01+02:00</sln:gmIIPWersja><sln:gmIdTeryt>2009032</sln:gmIdTeryt><sln:gmNazwa>Krasnopol</sln:gmNazwa><sln:miejscIIPId>45b9f47e-ec96-49f3-b777-9b06ad1db686</sln:miejscIIPId><sln:miejscIIPPn>PL.PZGIK.200</sln:miejscIIPPn><sln:miejscIIPWersja>2016-11-24T12:29:35+02:00</sln:miejscIIPWersja><sln:miejscIdTeryt>0761414</sln:miejscIdTeryt><sln:miejscNazwa>Wysoka Góra</sln:miejscNazwa><sln:miejscRodzaj>Wieś</sln:miejscRodzaj><sln:powIIPId>08e0d9b0-9410-4ac7-a986-8439e6a5100b</sln:powIIPId><sln:powIIPPn>PL.PZGIK.200</sln:powIIPPn><sln:powIIPWersja>2017-10-10T00:00:00+02:00</sln:powIIPWersja><sln:powIdTeryt>2009</sln:powIdTeryt><sln:powNazwa>sejneński</sln:powNazwa><sln:waznyOd>2015-04-24T00:00:00+02:00</sln:waznyOd><sln:wojIIPId>53ad7aea-d9d3-40c9-9a5c-ff737d5b076e</sln:wojIIPId><sln:wojIIPPn>PL.PZGIK.200</sln:wojIIPPn><sln:wojIIPWersja>2017-10-10T00:00:00+02:00</sln:wojIIPWersja><sln:wojIdTeryt>20</sln:wojIdTeryt><sln:wojNazwa>podlaskie</sln:wojNazwa></sln:miejscowosc><sln:miejscowosc><sln:cyklZyciaOd>2015-10-05T00:00:00+02:00</sln:cyklZyciaOd><sln:gmIIPId>4ce60809-32f0-4d4d-9b10-effe85ec961c</sln:gmIIPId><sln:gmIIPPn>PL.PZGIK.200</sln:gmIIPPn><sln:gmIIPWersja>2012-09-26T22:17:01+02:00</sln:gmIIPWersja><sln:gmIdTeryt>2009032</sln:gmIdTeryt><sln:gmNazwa>Krasnopol</sln:gmNazwa><sln:miejscIIPId>ead8060f-80aa-4e83-bc31-171c96491a70</sln:miejscIIPId><sln:miejscIIPPn>PL.PZGIK.200</sln:miejscIIPPn><sln:miejscIIPWersja>2016-11-24T12:29:35+02:00</sln:miejscIIPWersja><sln:miejscIdTeryt>0761420</sln:miejscIdTeryt><sln:miejscNazwa>Żłobin</sln:miejscNazwa><sln:miejscRodzaj>Wieś</sln:miejscRodzaj><sln:powIIPId>08e0d9b0-9410-4ac7-a986-8439e6a5100b</sln:powIIPId><sln:powIIPPn>PL.PZGIK.200</sln:powIIPPn><sln:powIIPWersja>2017-10-10T00:00:00+02:00</sln:powIIPWersja><sln:powIdTeryt>2009</sln:powIdTeryt><sln:powNazwa>sejneński</sln:powNazwa><sln:waznyOd>2015-04-24T00:00:00+02:00</sln:waznyOd><sln:wojIIPId>53ad7aea-d9d3-40c9-9a5c-ff737d5b076e</sln:wojIIPId><sln:wojIIPPn>PL.PZGIK.200</sln:wojIIPPn><sln:wojIIPWersja>2017-10-10T00:00:00+02:00</sln:wojIIPWersja><sln:wojIdTeryt>20</sln:wojIdTeryt><sln:wojNazwa>podlaskie</sln:wojNazwa></sln:miejscowosc><sln:miejscowosc><sln:cyklZyciaOd>2015-10-05T00:00:00+02:00</sln:cyklZyciaOd><sln:gmIIPId>4ce60809-32f0-4d4d-9b10-effe85ec961c</sln:gmIIPId><sln:gmIIPPn>PL.PZGIK.200</sln:gmIIPPn><sln:gmIIPWersja>2012-09-26T22:17:01+02:00</sln:gmIIPWersja><sln:gmIdTeryt>2009032</sln:gmIdTeryt><sln:gmNazwa>Krasnopol</sln:gmNazwa><sln:miejscIIPId>26e59f20-6023-4fb4-aa5e-e3a147fd10b6</sln:miejscIIPId><sln:miejscIIPPn>PL.PZGIK.200</sln:miejscIIPPn><sln:miejscIIPWersja>2016-11-24T12:29:35+02:00</sln:miejscIIPWersja><sln:miejscIdTeryt>0761437</sln:miejscIdTeryt><sln:miejscNazwa>Żubronajcie</sln:miejscNazwa><sln:miejscRodzaj>Wieś</sln:miejscRodzaj><sln:powIIPId>08e0d9b0-9410-4ac7-a986-8439e6a5100b</sln:powIIPId><sln:powIIPPn>PL.PZGIK.200</sln:powIIPPn><sln:powIIPWersja>2017-10-10T00:00:00+02:00</sln:powIIPWersja><sln:powIdTeryt>2009</sln:powIdTeryt><sln:powNazwa>sejneński</sln:powNazwa><sln:waznyOd>2015-04-24T00:00:00+02:00</sln:waznyOd><sln:wojIIPId>53ad7aea-d9d3-40c9-9a5c-ff737d5b076e</sln:wojIIPId><sln:wojIIPPn>PL.PZGIK.200</sln:wojIIPPn><sln:wojIIPWersja>2017-10-10T00:00:00+02:00</sln:wojIIPWersja><sln:wojIdTeryt>20</sln:wojIdTeryt><sln:wojNazwa>podlaskie</sln:wojNazwa></sln:miejscowosc><sln:miejscowosc><sln:cyklZyciaOd>2015-10-05T00:00:00+02:00</sln:cyklZyciaOd><sln:gmIIPId>4ce60809-32f0-4d4d-9b10-effe85ec961c</sln:gmIIPId><sln:gmIIPPn>PL.PZGIK.200</sln:gmIIPPn><sln:gmIIPWersja>2012-09-26T22:17:01+02:00</sln:gmIIPWersja><sln:gmIdTeryt>2009032</sln:gmIdTeryt><sln:gmNazwa>Krasnopol</sln:gmNazwa><sln:miejscIIPId>ffc3bffe-bc79-4f8c-aa94-b39335a8bcb1</sln:miejscIIPId><sln:miejscIIPPn>PL.PZGIK.200</sln:miejscIIPPn><sln:miejscIIPWersja>2016-11-24T12:29:35+02:00</sln:miejscIIPWersja><sln:miejscIdTeryt>0761153</sln:miejscIdTeryt><sln:miejscNazwa>Żubrówka Nowa</sln:miejscNazwa><sln:miejscRodzaj>Wieś</sln:miejscRodzaj><sln:powIIPId>08e0d9b0-9410-4ac7-a986-8439e6a5100b</sln:powIIPId><sln:powIIPPn>PL.PZGIK.200</sln:powIIPPn><sln:powIIPWersja>2017-10-10T00:00:00+02:00</sln:powIIPWersja><sln:powIdTeryt>2009</sln:powIdTeryt><sln:powNazwa>sejneński</sln:powNazwa><sln:waznyOd>2015-04-24T00:00:00+02:00</sln:waznyOd><sln:wojIIPId>53ad7aea-d9d3-40c9-9a5c-ff737d5b076e</sln:wojIIPId><sln:wojIIPPn>PL.PZGIK.200</sln:wojIIPPn><sln:wojIIPWersja>2017-10-10T00:00:00+02:00</sln:wojIIPWersja><sln:wojIdTeryt>20</sln:wojIdTeryt><sln:wojNazwa>podlaskie</sln:wojNazwa></sln:miejscowosc><sln:miejscowosc><sln:cyklZyciaOd>2015-10-05T00:00:00+02:00</sln:cyklZyciaOd><sln:gmIIPId>4ce60809-32f0-4d4d-9b10-effe85ec961c</sln:gmIIPId><sln:gmIIPPn>PL.PZGIK.200</sln:gmIIPPn><sln:gmIIPWersja>2012-09-26T22:17:01+02:00</sln:gmIIPWersja><sln:gmIdTeryt>2009032</sln:gmIdTeryt><sln:gmNazwa>Krasnopol</sln:gmNazwa><sln:miejscIIPId>65d2af45-587d-4dd0-8ac4-9baa846cd7b6</sln:miejscIIPId><sln:miejscIIPPn>PL.PZGIK.200</sln:miejscIIPPn><sln:miejscIIPWersja>2016-11-24T12:29:35+02:00</sln:miejscIIPWersja><sln:miejscIdTeryt>0761390</sln:miejscIdTeryt><sln:miejscNazwa>Żubrówka Stara</sln:miejscNazwa><sln:miejscRodzaj>Wieś</sln:miejscRodzaj><sln:powIIPId>08e0d9b0-9410-4ac7-a986-8439e6a5100b</sln:powIIPId><sln:powIIPPn>PL.PZGIK.200</sln:powIIPPn><sln:powIIPWersja>2017-10-10T00:00:00+02:00</sln:powIIPWersja><sln:powIdTeryt>2009</sln:powIdTeryt><sln:powNazwa>sejneński</sln:powNazwa><sln:waznyOd>2015-04-24T00:00:00+02:00</sln:waznyOd><sln:wojIIPId>53ad7aea-d9d3-40c9-9a5c-ff737d5b076e</sln:wojIIPId><sln:wojIIPPn>PL.PZGIK.200</sln:wojIIPPn><sln:wojIIPWersja>2017-10-10T00:00:00+02:00</sln:wojIIPWersja><sln:wojIdTeryt>20</sln:wojIdTeryt><sln:wojNazwa>podlaskie</sln:wojNazwa></sln:miejscowosc></sln:lista-miejscowosci>