<?xml version="1.0" encoding="UTF-8" standalone="yes"?><sln:lista-miejscowosci xmlns:srv="http://gugik.gov.pl/schemas/slowniki-service/1.0" xmlns:sln="http://gugik.gov.pl/schemas/slowniki-schema/1.0"><sln:miejscowosc><sln:cyklZyciaDo>2017-04-12T00:00:00+02:00</sln:cyklZyciaDo><sln:cyklZyciaOd>2015-02-10T00:00:00+01:00</sln:cyklZyciaOd><sln:gmIIPId>2c6bb3ce-b779-496d-8a03-e9e79f5b231e</sln:gmIIPId><sln:gmIIPPn>PL.PZGIK.200</sln:gmIIPPn><sln:gmIIPWersja>2017-10-10T00:00:00+02:00</sln:gmIIPWersja><sln:gmIdTeryt>2001043</sln:gmIdTeryt><sln:gmNazwa>Lipsk</sln:gmNazwa><sln:miejscIIPId>f7938c4a-7c0b-4094-bf4d-aa29130693fc</sln:miejscIIPId><sln:miejscIIPPn>PL.PZGIK.200</sln:miejscIIPPn><sln:miejscIIPWersja>2016-11-24T12:29:35+02:00</sln:miejscIIPWersja><sln:miejscIdTeryt>0761704</sln:miejscIdTeryt><sln:miejscNazwa>Bartniki</sln:miejscNazwa><sln:miejscRodzaj>Inny obiekt</sln:miejscRodzaj><sln:powIIPId>46c53311-3b2d-4273-87c6-92817f4b877e</sln:powIIPId><sln:powIIPPn>PL.PZGIK.200</sln:powIIPPn><sln:powIIPWersja>2017-10-10T00:00:00+02:00</sln:powIIPWersja><sln:powIdTeryt>2001</sln:powIdTeryt><sln:powNazwa>augustowski</sln:powNazwa><sln:waznyOd>2013-09-24T00:00:00+02:00</sln:waznyOd><sln:wojIIPId>53ad7aea-d9d3-40c9-9a5c-ff737d5b076e</sln:wojIIPId><sln:wojIIPPn>PL.PZGIK.200</sln:wojIIPPn><sln:wojIIPWersja>2017-10-10T00:00:00+02:00</sln:wojIIPWersja><sln:wojIdTeryt>20</sln:wojIdTeryt><sln:wojNazwa>podlaskie</sln:wojNazwa></sln:miejscowosc><sln:miejscowosc><sln:cyklZyciaDo>2017-04-12T00:00:00+02:00</sln:cyklZyciaDo><sln:cyklZyciaOd>2015-02-10T00:00:00+01:00</sln:cyklZyciaOd><sln:gmIIPId>2c6bb3ce-b779-496d-8a03-e9e79f5b231e</sln:gmIIPId><sln:gmIIPPn>PL.PZGIK.200</sln:gmIIPPn><sln:gmIIPWersja>2017-10-10T00:00:00+02:00</sln:gmIIPWersja><sln:gmIdTeryt>2001043</sln:gmIdTeryt><sln:gmNazwa>Lipsk</sln:gmNazwa><sln:miejscIIPId>901c2f9d-d072-47cb-a30a-32f30edbe964</sln:miejscIIPId><sln:miejscIIPPn>PL.PZGIK.200</sln:miejscIIPPn><sln:miejscIIPWersja>2016-11-24T12:29:35+02:00</sln:miejscIIPWersja><sln:miejscIdTeryt>0761710</sln:miejscIdTeryt><sln:miejscNazwa>Dolinczany</sln:miejscNazwa><sln:miejscRodzaj>Inny obiekt</sln:miejscRodzaj><sln:powIIPId>46c53311-3b2d-4273-87c6-92817f4b877e</sln:powIIPId><sln:powIIPPn>PL.PZGIK.200</sln:powIIPPn><sln:powIIPWersja>2017-10-10T00:00:00+02:00</sln:powIIPWersja><sln:powIdTeryt>2001</sln:powIdTeryt><sln:powNazwa>augustowski</sln:powNazwa><sln:waznyOd>2013-09-24T00:00:00+02:00</sln:waznyOd><sln:wojIIPId>53ad7aea-d9d3-40c9-9a5c-ff737d5b076e</sln:wojIIPId><sln:wojIIPPn>PL.PZGIK.200</sln:wojIIPPn><sln:wojIIPWersja>2017-10-10T00:00:00+02:00</sln:wojIIPWersja><sln:wojIdTeryt>20</sln:wojIdTeryt><sln:wojNazwa>podlaskie</sln:wojNazwa></sln:miejscowosc><sln:miejscowosc><sln:cyklZyciaDo>2017-04-12T00:00:00+02:00</sln:cyklZyciaDo><sln:cyklZyciaOd>2015-02-10T00:00:00+01:00</sln:cyklZyciaOd><sln:gmIIPId>2c6bb3ce-b779-496d-8a03-e9e79f5b231e</sln:gmIIPId><sln:gmIIPPn>PL.PZGIK.200</sln:gmIIPPn><sln:gmIIPWersja>2017-10-10T00:00:00+02:00</sln:gmIIPWersja><sln:gmIdTeryt>2001043</sln:gmIdTeryt><sln:gmNazwa>Lipsk</sln:gmNazwa><sln:miejscIIPId>8264e073-ca76-4ed6-a024-03a68287b444</sln:miejscIIPId><sln:miejscIIPPn>PL.PZGIK.200</sln:miejscIIPPn><sln:miejscIIPWersja>2016-11-24T12:29:35+02:00</sln:miejscIIPWersja><sln:miejscIdTeryt>0761727</sln:miejscIdTeryt><sln:miejscNazwa>Dulkowszczyzna</sln:miejscNazwa><sln:miejscRodzaj>Inny obiekt</sln:miejscRodzaj><sln:powIIPId>46c53311-3b2d-4273-87c6-92817f4b877e</sln:powIIPId><sln:powIIPPn>PL.PZGIK.200</sln:powIIPPn><sln:powIIPWersja>2017-10-10T00:00:00+02:00</sln:powIIPWersja><sln:powIdTeryt>2001</sln:powIdTeryt><sln:powNazwa>augustowski</sln:powNazwa><sln:waznyOd>2013-09-24T00:00:00+02:00</sln:waznyOd><sln:wojIIPId>53ad7aea-d9d3-40c9-9a5c-ff737d5b076e</sln:wojIIPId><sln:wojIIPPn>PL.PZGIK.200</sln:wojIIPPn><sln:wojIIPWersja>2017-10-10T00:00:00+02:00</sln:wojIIPWersja><sln:wojIdTeryt>20</sln:wojIdTeryt><sln:wojNazwa>podlaskie</sln:wojNazwa></sln:miejscowosc><sln:miejscowosc><sln:cyklZyciaDo>2017-04-12T00:00:00+02:00</sln:cyklZyciaDo><sln:cyklZyciaOd>2015-02-10T00:00:00+01:00</sln:cyklZyciaOd><sln:gmIIPId>2c6bb3ce-b779-496d-8a03-e9e79f5b231e</sln:gmIIPId><sln:gmIIPPn>PL.PZGIK.200</sln:gmIIPPn><sln:gmIIPWersja>2017-10-10T00:00:00+02:00</sln:gmIIPWersja><sln:gmIdTeryt>2001043</sln:gmIdTeryt><sln:gmNazwa>Lipsk</sln:gmNazwa><sln:miejscIIPId>1d319dd2-0343-4158-8b3c-35502d9dd500</sln:miejscIIPId><sln:miejscIIPPn>PL.PZGIK.200</sln:miejscIIPPn><sln:miejscIIPWersja>2016-11-24T12:29:35+02:00</sln:miejscIIPWersja><sln:miejscIdTeryt>0761733</sln:miejscIdTeryt><sln:miejscNazwa>Jaczniki</sln:miejscNazwa><sln:miejscRodzaj>Inny obiekt</sln:miejscRodzaj><sln:powIIPId>46c53311-3b2d-4273-87c6-92817f4b877e</sln:powIIPId><sln:powIIPPn>PL.PZGIK.200</sln:powIIPPn><sln:powIIPWersja>2017-10-10T00:00:00+02:00</sln:powIIPWersja><sln:powIdTeryt>2001</sln:powIdTeryt><sln:powNazwa>augustowski</sln:powNazwa><sln:waznyOd>2013-09-24T00:00:00+02:00</sln:waznyOd><sln:wojIIPId>53ad7aea-d9d3-40c9-9a5c-ff737d5b076e</sln:wojIIPId><sln:wojIIPPn>PL.PZGIK.200</sln:wojIIPPn><sln:wojIIPWersja>2017-10-10T00:00:00+02:00</sln:wojIIPWersja><sln:wojIdTeryt>20</sln:wojIdTeryt><sln:wojNazwa>podlaskie</sln:wojNazwa></sln:miejscowosc><sln:miejscowosc><sln:cyklZyciaDo>2017-04-12T00:00:00+02:00</sln:cyklZyciaDo><sln:cyklZyciaOd>2015-02-10T00:00:00+01:00</sln:cyklZyciaOd><sln:gmIIPId>2c6bb3ce-b779-496d-8a03-e9e79f5b231e</sln:gmIIPId><sln:gmIIPPn>PL.PZGIK.200</sln:gmIIPPn><sln:gmIIPWersja>2017-10-10T00:00:00+02:00</sln:gmIIPWersja><sln:gmIdTeryt>2001043</sln:gmIdTeryt><sln:gmNazwa>Lipsk</sln:gmNazwa><sln:miejscIIPId>10934922-831e-450d-a395-3ac76e99f5d5</sln:miejscIIPId><sln:miejscIIPPn>PL.PZGIK.200</sln:miejscIIPPn><sln:miejscIIPWersja>2016-11-24T12:29:35+02:00</sln:miejscIIPWersja><sln:miejscIdTeryt>0761740</sln:miejscIdTeryt><sln:miejscNazwa>Jałowo</sln:miejscNazwa><sln:miejscRodzaj>Inny obiekt</sln:miejscRodzaj><sln:powIIPId>46c53311-3b2d-4273-87c6-92817f4b877e</sln:powIIPId><sln:powIIPPn>PL.PZGIK.200</sln:powIIPPn><sln:powIIPWersja>2017-10-10T00:00:00+02:00</sln:powIIPWersja><sln:powIdTeryt>2001</sln:powIdTeryt><sln:powNazwa>augustowski</sln:powNazwa><sln:waznyOd>2013-09-24T00:00:00+02:00</sln:waznyOd><sln:wojIIPId>53ad7aea-d9d3-40c9-9a5c-ff737d5b076e</sln:wojIIPId><sln:wojIIPPn>PL.PZGIK.200</sln:wojIIPPn><sln:wojIIPWersja>2017-10-10T00:00:00+02:00</sln:wojIIPWersja><sln:wojIdTeryt>20</sln:wojIdTeryt><sln:wojNazwa>podlaskie</sln:wojNazwa></sln:miejscowosc><sln:miejscowosc><sln:cyklZyciaDo>2017-04-12T00:00:00+02:00</sln:cyklZyciaDo><sln:cyklZyciaOd>2015-02-10T00:00:00+01:00</sln:cyklZyciaOd><sln:gmIIPId>2c6bb3ce-b779-496d-8a03-e9e79f5b231e</sln:gmIIPId><sln:gmIIPPn>PL.PZGIK.200</sln:gmIIPPn><sln:gmIIPWersja>2017-10-10T00:00:00+02:00</sln:gmIIPWersja><sln:gmIdTeryt>2001043</sln:gmIdTeryt><sln:gmNazwa>Lipsk</sln:gmNazwa><sln:miejscIIPId>1bfe2f19-e06d-4925-a604-9c0ad14bc641</sln:miejscIIPId><sln:miejscIIPPn>PL.PZGIK.200</sln:miejscIIPPn><sln:miejscIIPWersja>2016-11-24T12:29:35+02:00</sln:miejscIIPWersja><sln:miejscIdTeryt>0761756</sln:miejscIdTeryt><sln:miejscNazwa>Jasionowo</sln:miejscNazwa><sln:miejscRodzaj>Inny obiekt</sln:miejscRodzaj><sln:powIIPId>46c53311-3b2d-4273-87c6-92817f4b877e</sln:powIIPId><sln:powIIPPn>PL.PZGIK.200</sln:powIIPPn><sln:powIIPWersja>2017-10-10T00:00:00+02:00</sln:powIIPWersja><sln:powIdTeryt>2001</sln:powIdTeryt><sln:powNazwa>augustowski</sln:powNazwa><sln:waznyOd>2013-09-24T00:00:00+02:00</sln:waznyOd><sln:wojIIPId>53ad7aea-d9d3-40c9-9a5c-ff737d5b076e</sln:wojIIPId><sln:wojIIPPn>PL.PZGIK.200</sln:wojIIPPn><sln:wojIIPWersja>2017-10-10T00:00:00+02:00</sln:wojIIPWersja><sln:wojIdTeryt>20</sln:wojIdTeryt><sln:wojNazwa>podlaskie</sln:wojNazwa></sln:miejscowosc><sln:miejscowosc><sln:cyklZyciaDo>2017-04-12T00:00:00+02:00</sln:cyklZyciaDo><sln:cyklZyciaOd>2015-02-10T00:00:00+01:00</sln:cyklZyciaOd><sln:gmIIPId>2c6bb3ce-b779-496d-8a03-e9e79f5b231e</sln:gmIIPId><sln:gmIIPPn>PL.PZGIK.200</sln:gmIIPPn><sln:gmIIPWersja>2017-10-10T00:00:00+02:00</sln:gmIIPWersja><sln:gmIdTeryt>2001043</sln:gmIdTeryt><sln:gmNazwa>Lipsk</sln:gmNazwa><sln:miejscIIPId>3c85c639-9da4-4ccb-a5ff-06e02ecf78c7</sln:miejscIIPId><sln:miejscIIPPn>PL.PZGIK.200</sln:miejscIIPPn><sln:miejscIIPWersja>2016-11-24T12:29:35+02:00</sln:miejscIIPWersja><sln:miejscIdTeryt>0761816</sln:miejscIdTeryt><sln:miejscNazwa>Kolonie Lipsk</sln:miejscNazwa><sln:miejscRodzaj>Inny obiekt</sln:miejscRodzaj><sln:powIIPId>46c53311-3b2d-4273-87c6-92817f4b877e</sln:powIIPId><sln:powIIPPn>PL.PZGIK.200</sln:powIIPPn><sln:powIIPWersja>2017-10-10T00:00:00+02:00</sln:powIIPWersja><sln:powIdTeryt>2001</sln:powIdTeryt><sln:powNazwa>augustowski</sln:powNazwa><sln:waznyOd>2013-09-24T00:00:00+02:00</sln:waznyOd><sln:wojIIPId>53ad7aea-d9d3-40c9-9a5c-ff737d5b076e</sln:wojIIPId><sln:wojIIPPn>PL.PZGIK.200</sln:wojIIPPn><sln:wojIIPWersja>2017-10-10T00:00:00+02:00</sln:wojIIPWersja><sln:wojIdTeryt>20</sln:wojIdTeryt><sln:wojNazwa>podlaskie</sln:wojNazwa></sln:miejscowosc><sln:miejscowosc><sln:cyklZyciaDo>2017-04-12T00:00:00+02:00</sln:cyklZyciaDo><sln:cyklZyciaOd>2015-02-10T00:00:00+01:00</sln:cyklZyciaOd><sln:gmIIPId>2c6bb3ce-b779-496d-8a03-e9e79f5b231e</sln:gmIIPId><sln:gmIIPPn>PL.PZGIK.200</sln:gmIIPPn><sln:gmIIPWersja>2017-10-10T00:00:00+02:00</sln:gmIIPWersja><sln:gmIdTeryt>2001043</sln:gmIdTeryt><sln:gmNazwa>Lipsk</sln:gmNazwa><sln:miejscIIPId>65b3dd18-ca39-46cd-af3e-629b97615414</sln:miejscIIPId><sln:miejscIIPPn>PL.PZGIK.200</sln:miejscIIPPn><sln:miejscIIPWersja>2016-11-24T12:29:35+02:00</sln:miejscIIPWersja><sln:miejscIdTeryt>0761762</sln:miejscIdTeryt><sln:miejscNazwa>Kopczany</sln:miejscNazwa><sln:miejscRodzaj>Inny obiekt</sln:miejscRodzaj><sln:powIIPId>46c53311-3b2d-4273-87c6-92817f4b877e</sln:powIIPId><sln:powIIPPn>PL.PZGIK.200</sln:powIIPPn><sln:powIIPWersja>2017-10-10T00:00:00+02:00</sln:powIIPWersja><sln:powIdTeryt>2001</sln:powIdTeryt><sln:powNazwa>augustowski</sln:powNazwa><sln:waznyOd>2013-09-24T00:00:00+02:00</sln:waznyOd><sln:wojIIPId>53ad7aea-d9d3-40c9-9a5c-ff737d5b076e</sln:wojIIPId><sln:wojIIPPn>PL.PZGIK.200</sln:wojIIPPn><sln:wojIIPWersja>2017-10-10T00:00:00+02:00</sln:wojIIPWersja><sln:wojIdTeryt>20</sln:wojIdTeryt><sln:wojNazwa>podlaskie</sln:wojNazwa></sln:miejscowosc><sln:miejscowosc><sln:cyklZyciaDo>2017-04-12T00:00:00+02:00</sln:cyklZyciaDo><sln:cyklZyciaOd>2015-02-10T00:00:00+01:00</sln:cyklZyciaOd><sln:gmIIPId>2c6bb3ce-b779-496d-8a03-e9e79f5b231e</sln:gmIIPId><sln:gmIIPPn>PL.PZGIK.200</sln:gmIIPPn><sln:gmIIPWersja>2017-10-10T00:00:00+02:00</sln:gmIIPWersja><sln:gmIdTeryt>2001043</sln:gmIdTeryt><sln:gmNazwa>Lipsk</sln:gmNazwa><sln:miejscIIPId>33549fac-d1e6-4d56-85c6-2c8bbe8884cb</sln:miejscIIPId><sln:miejscIIPPn>PL.PZGIK.200</sln:miejscIIPPn><sln:miejscIIPWersja>2016-11-24T12:29:35+02:00</sln:miejscIIPWersja><sln:miejscIdTeryt>0761785</sln:miejscIdTeryt><sln:miejscNazwa>Krasne</sln:miejscNazwa><sln:miejscRodzaj>Inny obiekt</sln:miejscRodzaj><sln:powIIPId>46c53311-3b2d-4273-87c6-92817f4b877e</sln:powIIPId><sln:powIIPPn>PL.PZGIK.200</sln:powIIPPn><sln:powIIPWersja>2017-10-10T00:00:00+02:00</sln:powIIPWersja><sln:powIdTeryt>2001</sln:powIdTeryt><sln:powNazwa>augustowski</sln:powNazwa><sln:waznyOd>2013-09-24T00:00:00+02:00</sln:waznyOd><sln:wojIIPId>53ad7aea-d9d3-40c9-9a5c-ff737d5b076e</sln:wojIIPId><sln:wojIIPPn>PL.PZGIK.200</sln:wojIIPPn><sln:wojIIPWersja>2017-10-10T00:00:00+02:00</sln:wojIIPWersja><sln:wojIdTeryt>20</sln:wojIdTeryt><sln:wojNazwa>podlaskie</sln:wojNazwa></sln:miejscowosc><sln:miejscowosc><sln:cyklZyciaDo>2017-04-12T00:00:00+02:00</sln:cyklZyciaDo><sln:cyklZyciaOd>2015-02-10T00:00:00+01:00</sln:cyklZyciaOd><sln:gmIIPId>2c6bb3ce-b779-496d-8a03-e9e79f5b231e</sln:gmIIPId><sln:gmIIPPn>PL.PZGIK.200</sln:gmIIPPn><sln:gmIIPWersja>2017-10-10T00:00:00+02:00</sln:gmIIPWersja><sln:gmIdTeryt>2001043</sln:gmIdTeryt><sln:gmNazwa>Lipsk</sln:gmNazwa><sln:miejscIIPId>bc9b9876-c1d8-430c-b03d-488faf2a9c67</sln:miejscIIPId><sln:miejscIIPPn>PL.PZGIK.200</sln:miejscIIPPn><sln:miejscIIPWersja>2016-11-24T12:29:35+02:00</sln:miejscIIPWersja><sln:miejscIdTeryt>0761791</sln:miejscIdTeryt><sln:miejscNazwa>Kurianka</sln:miejscNazwa><sln:miejscRodzaj>Inny obiekt</sln:miejscRodzaj><sln:powIIPId>46c53311-3b2d-4273-87c6-92817f4b877e</sln:powIIPId><sln:powIIPPn>PL.PZGIK.200</sln:powIIPPn><sln:powIIPWersja>2017-10-10T00:00:00+02:00</sln:powIIPWersja><sln:powIdTeryt>2001</sln:powIdTeryt><sln:powNazwa>augustowski</sln:powNazwa><sln:waznyOd>2013-09-24T00:00:00+02:00</sln:waznyOd><sln:wojIIPId>53ad7aea-d9d3-40c9-9a5c-ff737d5b076e</sln:wojIIPId><sln:wojIIPPn>PL.PZGIK.200</sln:wojIIPPn><sln:wojIIPWersja>2017-10-10T00:00:00+02:00</sln:wojIIPWersja><sln:wojIdTeryt>20</sln:wojIdTeryt><sln:wojNazwa>podlaskie</sln:wojNazwa></sln:miejscowosc><sln:miejscowosc><sln:cyklZyciaDo>2017-04-12T00:00:00+02:00</sln:cyklZyciaDo><sln:cyklZyciaOd>2015-02-10T00:00:00+01:00</sln:cyklZyciaOd><sln:gmIIPId>2c6bb3ce-b779-496d-8a03-e9e79f5b231e</sln:gmIIPId><sln:gmIIPPn>PL.PZGIK.200</sln:gmIIPPn><sln:gmIIPWersja>2017-10-10T00:00:00+02:00</sln:gmIIPWersja><sln:gmIdTeryt>2001043</sln:gmIdTeryt><sln:gmNazwa>Lipsk</sln:gmNazwa><sln:miejscIIPId>ab644aab-ed85-4d3d-8298-c0dc057b93c6</sln:miejscIIPId><sln:miejscIIPPn>PL.PZGIK.200</sln:miejscIIPPn><sln:miejscIIPWersja>2016-11-24T12:29:35+02:00</sln:miejscIIPWersja><sln:miejscIdTeryt>0761800</sln:miejscIdTeryt><sln:miejscNazwa>Lichosielce</sln:miejscNazwa><sln:miejscRodzaj>Inny obiekt</sln:miejscRodzaj><sln:powIIPId>46c53311-3b2d-4273-87c6-92817f4b877e</sln:powIIPId><sln:powIIPPn>PL.PZGIK.200</sln:powIIPPn><sln:powIIPWersja>2017-10-10T00:00:00+02:00</sln:powIIPWersja><sln:powIdTeryt>2001</sln:powIdTeryt><sln:powNazwa>augustowski</sln:powNazwa><sln:waznyOd>2013-09-24T00:00:00+02:00</sln:waznyOd><sln:wojIIPId>53ad7aea-d9d3-40c9-9a5c-ff737d5b076e</sln:wojIIPId><sln:wojIIPPn>PL.PZGIK.200</sln:wojIIPPn><sln:wojIIPWersja>2017-10-10T00:00:00+02:00</sln:wojIIPWersja><sln:wojIdTeryt>20</sln:wojIdTeryt><sln:wojNazwa>podlaskie</sln:wojNazwa></sln:miejscowosc><sln:miejscowosc><sln:cyklZyciaDo>2017-04-12T00:00:00+02:00</sln:cyklZyciaDo><sln:cyklZyciaOd>2015-02-10T00:00:00+01:00</sln:cyklZyciaOd><sln:gmIIPId>2c6bb3ce-b779-496d-8a03-e9e79f5b231e</sln:gmIIPId><sln:gmIIPPn>PL.PZGIK.200</sln:gmIIPPn><sln:gmIIPWersja>2017-10-10T00:00:00+02:00</sln:gmIIPWersja><sln:gmIdTeryt>2001043</sln:gmIdTeryt><sln:gmNazwa>Lipsk</sln:gmNazwa><sln:miejscIIPId>657bcb85-4f24-4670-aa54-49293a1058d5</sln:miejscIIPId><sln:miejscIIPPn>PL.PZGIK.200</sln:miejscIIPPn><sln:miejscIIPWersja>2016-11-24T13:18:25+02:00</sln:miejscIIPWersja><sln:miejscIdTeryt>0977717</sln:miejscIdTeryt><sln:miejscNazwa>Lipsk</sln:miejscNazwa><sln:miejscRodzaj>Inny obiekt</sln:miejscRodzaj><sln:powIIPId>46c53311-3b2d-4273-87c6-92817f4b877e</sln:powIIPId><sln:powIIPPn>PL.PZGIK.200</sln:powIIPPn><sln:powIIPWersja>2017-10-10T00:00:00+02:00</sln:powIIPWersja><sln:powIdTeryt>2001</sln:powIdTeryt><sln:powNazwa>augustowski</sln:powNazwa><sln:waznyOd>2013-09-24T00:00:00+02:00</sln:waznyOd><sln:wojIIPId>53ad7aea-d9d3-40c9-9a5c-ff737d5b076e</sln:wojIIPId><sln:wojIIPPn>PL.PZGIK.200</sln:wojIIPPn><sln:wojIIPWersja>2017-10-10T00:00:00+02:00</sln:wojIIPWersja><sln:wojIdTeryt>20</sln:wojIdTeryt><sln:wojNazwa>podlaskie</sln:wojNazwa></sln:miejscowosc><sln:miejscowosc><sln:cyklZyciaDo>2017-04-12T00:00:00+02:00</sln:cyklZyciaDo><sln:cyklZyciaOd>2015-02-10T00:00:00+01:00</sln:cyklZyciaOd><sln:gmIIPId>2c6bb3ce-b779-496d-8a03-e9e79f5b231e</sln:gmIIPId><sln:gmIIPPn>PL.PZGIK.200</sln:gmIIPPn><sln:gmIIPWersja>2017-10-10T00:00:00+02:00</sln:gmIIPWersja><sln:gmIdTeryt>2001043</sln:gmIdTeryt><sln:gmNazwa>Lipsk</sln:gmNazwa><sln:miejscIIPId>0cea8352-7118-4d84-aa2a-ca5d4dc1f5f6</sln:miejscIIPId><sln:miejscIIPPn>PL.PZGIK.200</sln:miejscIIPPn><sln:miejscIIPWersja>2016-11-24T12:29:35+02:00</sln:miejscIIPWersja><sln:miejscIdTeryt>0761928</sln:miejscIdTeryt><sln:miejscNazwa>Lipsk Murowany</sln:miejscNazwa><sln:miejscRodzaj>Inny obiekt</sln:miejscRodzaj><sln:powIIPId>46c53311-3b2d-4273-87c6-92817f4b877e</sln:powIIPId><sln:powIIPPn>PL.PZGIK.200</sln:powIIPPn><sln:powIIPWersja>2017-10-10T00:00:00+02:00</sln:powIIPWersja><sln:powIdTeryt>2001</sln:powIdTeryt><sln:powNazwa>augustowski</sln:powNazwa><sln:waznyOd>2013-10-04T00:00:00+02:00</sln:waznyOd><sln:wojIIPId>53ad7aea-d9d3-40c9-9a5c-ff737d5b076e</sln:wojIIPId><sln:wojIIPPn>PL.PZGIK.200</sln:wojIIPPn><sln:wojIIPWersja>2017-10-10T00:00:00+02:00</sln:wojIIPWersja><sln:wojIdTeryt>20</sln:wojIdTeryt><sln:wojNazwa>podlaskie</sln:wojNazwa></sln:miejscowosc><sln:miejscowosc><sln:cyklZyciaDo>2017-04-12T00:00:00+02:00</sln:cyklZyciaDo><sln:cyklZyciaOd>2015-02-10T00:00:00+01:00</sln:cyklZyciaOd><sln:gmIIPId>2c6bb3ce-b779-496d-8a03-e9e79f5b231e</sln:gmIIPId><sln:gmIIPPn>PL.PZGIK.200</sln:gmIIPPn><sln:gmIIPWersja>2017-10-10T00:00:00+02:00</sln:gmIIPWersja><sln:gmIdTeryt>2001043</sln:gmIdTeryt><sln:gmNazwa>Lipsk</sln:gmNazwa><sln:miejscIIPId>5ac08b65-8dab-4e80-90e7-74698ba83b12</sln:miejscIIPId><sln:miejscIIPPn>PL.PZGIK.200</sln:miejscIIPPn><sln:miejscIIPWersja>2016-11-24T12:29:35+02:00</sln:miejscIIPWersja><sln:miejscIdTeryt>0761822</sln:miejscIdTeryt><sln:miejscNazwa>Lipszczany</sln:miejscNazwa><sln:miejscRodzaj>Inny obiekt</sln:miejscRodzaj><sln:powIIPId>46c53311-3b2d-4273-87c6-92817f4b877e</sln:powIIPId><sln:powIIPPn>PL.PZGIK.200</sln:powIIPPn><sln:powIIPWersja>2017-10-10T00:00:00+02:00</sln:powIIPWersja><sln:powIdTeryt>2001</sln:powIdTeryt><sln:powNazwa>augustowski</sln:powNazwa><sln:waznyOd>2013-09-24T00:00:00+02:00</sln:waznyOd><sln:wojIIPId>53ad7aea-d9d3-40c9-9a5c-ff737d5b076e</sln:wojIIPId><sln:wojIIPPn>PL.PZGIK.200</sln:wojIIPPn><sln:wojIIPWersja>2017-10-10T00:00:00+02:00</sln:wojIIPWersja><sln:wojIdTeryt>20</sln:wojIdTeryt><sln:wojNazwa>podlaskie</sln:wojNazwa></sln:miejscowosc><sln:miejscowosc><sln:cyklZyciaDo>2017-04-12T00:00:00+02:00</sln:cyklZyciaDo><sln:cyklZyciaOd>2015-02-10T00:00:00+01:00</sln:cyklZyciaOd><sln:gmIIPId>2c6bb3ce-b779-496d-8a03-e9e79f5b231e</sln:gmIIPId><sln:gmIIPPn>PL.PZGIK.200</sln:gmIIPPn><sln:gmIIPWersja>2017-10-10T00:00:00+02:00</sln:gmIIPWersja><sln:gmIdTeryt>2001043</sln:gmIdTeryt><sln:gmNazwa>Lipsk</sln:gmNazwa><sln:miejscIIPId>8ee66eda-d267-40ab-ab3a-e5fc283f6d07</sln:miejscIIPId><sln:miejscIIPPn>PL.PZGIK.200</sln:miejscIIPPn><sln:miejscIIPWersja>2016-11-24T12:29:35+02:00</sln:miejscIIPWersja><sln:miejscIdTeryt>0761839</sln:miejscIdTeryt><sln:miejscNazwa>Lubinowo</sln:miejscNazwa><sln:miejscRodzaj>Inny obiekt</sln:miejscRodzaj><sln:powIIPId>46c53311-3b2d-4273-87c6-92817f4b877e</sln:powIIPId><sln:powIIPPn>PL.PZGIK.200</sln:powIIPPn><sln:powIIPWersja>2017-10-10T00:00:00+02:00</sln:powIIPWersja><sln:powIdTeryt>2001</sln:powIdTeryt><sln:powNazwa>augustowski</sln:powNazwa><sln:waznyOd>2013-09-24T00:00:00+02:00</sln:waznyOd><sln:wojIIPId>53ad7aea-d9d3-40c9-9a5c-ff737d5b076e</sln:wojIIPId><sln:wojIIPPn>PL.PZGIK.200</sln:wojIIPPn><sln:wojIIPWersja>2017-10-10T00:00:00+02:00</sln:wojIIPWersja><sln:wojIdTeryt>20</sln:wojIdTeryt><sln:wojNazwa>podlaskie</sln:wojNazwa></sln:miejscowosc><sln:miejscowosc><sln:cyklZyciaDo>2017-04-12T00:00:00+02:00</sln:cyklZyciaDo><sln:cyklZyciaOd>2015-02-10T00:00:00+01:00</sln:cyklZyciaOd><sln:gmIIPId>2c6bb3ce-b779-496d-8a03-e9e79f5b231e</sln:gmIIPId><sln:gmIIPPn>PL.PZGIK.200</sln:gmIIPPn><sln:gmIIPWersja>2017-10-10T00:00:00+02:00</sln:gmIIPWersja><sln:gmIdTeryt>2001043</sln:gmIdTeryt><sln:gmNazwa>Lipsk</sln:gmNazwa><sln:miejscIIPId>f9d74025-cdc9-4043-b42c-0b6bdbf79b9b</sln:miejscIIPId><sln:miejscIIPPn>PL.PZGIK.200</sln:miejscIIPPn><sln:miejscIIPWersja>2016-11-24T12:29:35+02:00</sln:miejscIIPWersja><sln:miejscIdTeryt>0761845</sln:miejscIdTeryt><sln:miejscNazwa>Nowe Leśne Bohatery</sln:miejscNazwa><sln:miejscRodzaj>Inny obiekt</sln:miejscRodzaj><sln:powIIPId>46c53311-3b2d-4273-87c6-92817f4b877e</sln:powIIPId><sln:powIIPPn>PL.PZGIK.200</sln:powIIPPn><sln:powIIPWersja>2017-10-10T00:00:00+02:00</sln:powIIPWersja><sln:powIdTeryt>2001</sln:powIdTeryt><sln:powNazwa>augustowski</sln:powNazwa><sln:waznyOd>2013-09-24T00:00:00+02:00</sln:waznyOd><sln:wojIIPId>53ad7aea-d9d3-40c9-9a5c-ff737d5b076e</sln:wojIIPId><sln:wojIIPPn>PL.PZGIK.200</sln:wojIIPPn><sln:wojIIPWersja>2017-10-10T00:00:00+02:00</sln:wojIIPWersja><sln:wojIdTeryt>20</sln:wojIdTeryt><sln:wojNazwa>podlaskie</sln:wojNazwa></sln:miejscowosc><sln:miejscowosc><sln:cyklZyciaDo>2017-04-12T00:00:00+02:00</sln:cyklZyciaDo><sln:cyklZyciaOd>2015-02-10T00:00:00+01:00</sln:cyklZyciaOd><sln:gmIIPId>2c6bb3ce-b779-496d-8a03-e9e79f5b231e</sln:gmIIPId><sln:gmIIPPn>PL.PZGIK.200</sln:gmIIPPn><sln:gmIIPWersja>2017-10-10T00:00:00+02:00</sln:gmIIPWersja><sln:gmIdTeryt>2001043</sln:gmIdTeryt><sln:gmNazwa>Lipsk</sln:gmNazwa><sln:miejscIIPId>8433b80a-dba3-432c-a0a9-332dc7faea22</sln:miejscIIPId><sln:miejscIIPPn>PL.PZGIK.200</sln:miejscIIPPn><sln:miejscIIPWersja>2016-11-24T12:29:35+02:00</sln:miejscIIPWersja><sln:miejscIdTeryt>0761851</sln:miejscIdTeryt><sln:miejscNazwa>Nowy Lipsk</sln:miejscNazwa><sln:miejscRodzaj>Inny obiekt</sln:miejscRodzaj><sln:powIIPId>46c53311-3b2d-4273-87c6-92817f4b877e</sln:powIIPId><sln:powIIPPn>PL.PZGIK.200</sln:powIIPPn><sln:powIIPWersja>2017-10-10T00:00:00+02:00</sln:powIIPWersja><sln:powIdTeryt>2001</sln:powIdTeryt><sln:powNazwa>augustowski</sln:powNazwa><sln:waznyOd>2013-09-24T00:00:00+02:00</sln:waznyOd><sln:wojIIPId>53ad7aea-d9d3-40c9-9a5c-ff737d5b076e</sln:wojIIPId><sln:wojIIPPn>PL.PZGIK.200</sln:wojIIPPn><sln:wojIIPWersja>2017-10-10T00:00:00+02:00</sln:wojIIPWersja><sln:wojIdTeryt>20</sln:wojIdTeryt><sln:wojNazwa>podlaskie</sln:wojNazwa></sln:miejscowosc><sln:miejscowosc><sln:cyklZyciaDo>2017-04-12T00:00:00+02:00</sln:cyklZyciaDo><sln:cyklZyciaOd>2015-02-10T00:00:00+01:00</sln:cyklZyciaOd><sln:gmIIPId>2c6bb3ce-b779-496d-8a03-e9e79f5b231e</sln:gmIIPId><sln:gmIIPPn>PL.PZGIK.200</sln:gmIIPPn><sln:gmIIPWersja>2017-10-10T00:00:00+02:00</sln:gmIIPWersja><sln:gmIdTeryt>2001043</sln:gmIdTeryt><sln:gmNazwa>Lipsk</sln:gmNazwa><sln:miejscIIPId>f926b836-4576-445c-ae01-ca2c382a3bef</sln:miejscIIPId><sln:miejscIIPPn>PL.PZGIK.200</sln:miejscIIPPn><sln:miejscIIPWersja>2016-11-24T12:29:35+02:00</sln:miejscIIPWersja><sln:miejscIdTeryt>0761868</sln:miejscIdTeryt><sln:miejscNazwa>Nowy Rogożyn</sln:miejscNazwa><sln:miejscRodzaj>Inny obiekt</sln:miejscRodzaj><sln:powIIPId>46c53311-3b2d-4273-87c6-92817f4b877e</sln:powIIPId><sln:powIIPPn>PL.PZGIK.200</sln:powIIPPn><sln:powIIPWersja>2017-10-10T00:00:00+02:00</sln:powIIPWersja><sln:powIdTeryt>2001</sln:powIdTeryt><sln:powNazwa>augustowski</sln:powNazwa><sln:waznyOd>2013-09-24T00:00:00+02:00</sln:waznyOd><sln:wojIIPId>53ad7aea-d9d3-40c9-9a5c-ff737d5b076e</sln:wojIIPId><sln:wojIIPPn>PL.PZGIK.200</sln:wojIIPPn><sln:wojIIPWersja>2017-10-10T00:00:00+02:00</sln:wojIIPWersja><sln:wojIdTeryt>20</sln:wojIdTeryt><sln:wojNazwa>podlaskie</sln:wojNazwa></sln:miejscowosc><sln:miejscowosc><sln:cyklZyciaDo>2017-04-12T00:00:00+02:00</sln:cyklZyciaDo><sln:cyklZyciaOd>2015-02-10T00:00:00+01:00</sln:cyklZyciaOd><sln:gmIIPId>2c6bb3ce-b779-496d-8a03-e9e79f5b231e</sln:gmIIPId><sln:gmIIPPn>PL.PZGIK.200</sln:gmIIPPn><sln:gmIIPWersja>2017-10-10T00:00:00+02:00</sln:gmIIPWersja><sln:gmIdTeryt>2001043</sln:gmIdTeryt><sln:gmNazwa>Lipsk</sln:gmNazwa><sln:miejscIIPId>c82c3db6-21da-411f-b167-b8d93d4d8d35</sln:miejscIIPId><sln:miejscIIPPn>PL.PZGIK.200</sln:miejscIIPPn><sln:miejscIIPWersja>2016-11-24T12:29:35+02:00</sln:miejscIIPWersja><sln:miejscIdTeryt>0761874</sln:miejscIdTeryt><sln:miejscNazwa>Podwołkuszne</sln:miejscNazwa><sln:miejscRodzaj>Inny obiekt</sln:miejscRodzaj><sln:powIIPId>46c53311-3b2d-4273-87c6-92817f4b877e</sln:powIIPId><sln:powIIPPn>PL.PZGIK.200</sln:powIIPPn><sln:powIIPWersja>2017-10-10T00:00:00+02:00</sln:powIIPWersja><sln:powIdTeryt>2001</sln:powIdTeryt><sln:powNazwa>augustowski</sln:powNazwa><sln:waznyOd>2013-09-24T00:00:00+02:00</sln:waznyOd><sln:wojIIPId>53ad7aea-d9d3-40c9-9a5c-ff737d5b076e</sln:wojIIPId><sln:wojIIPPn>PL.PZGIK.200</sln:wojIIPPn><sln:wojIIPWersja>2017-10-10T00:00:00+02:00</sln:wojIIPWersja><sln:wojIdTeryt>20</sln:wojIdTeryt><sln:wojNazwa>podlaskie</sln:wojNazwa></sln:miejscowosc><sln:miejscowosc><sln:cyklZyciaDo>2017-04-12T00:00:00+02:00</sln:cyklZyciaDo><sln:cyklZyciaOd>2015-02-10T00:00:00+01:00</sln:cyklZyciaOd><sln:gmIIPId>2c6bb3ce-b779-496d-8a03-e9e79f5b231e</sln:gmIIPId><sln:gmIIPPn>PL.PZGIK.200</sln:gmIIPPn><sln:gmIIPWersja>2017-10-10T00:00:00+02:00</sln:gmIIPWersja><sln:gmIdTeryt>2001043</sln:gmIdTeryt><sln:gmNazwa>Lipsk</sln:gmNazwa><sln:miejscIIPId>50eba660-8f5c-41f1-a9ba-5b03a6a66641</sln:miejscIIPId><sln:miejscIIPPn>PL.PZGIK.200</sln:miejscIIPPn><sln:miejscIIPWersja>2016-11-24T12:29:35+02:00</sln:miejscIIPWersja><sln:miejscIdTeryt>0761880</sln:miejscIdTeryt><sln:miejscNazwa>Rakowicze</sln:miejscNazwa><sln:miejscRodzaj>Inny obiekt</sln:miejscRodzaj><sln:powIIPId>46c53311-3b2d-4273-87c6-92817f4b877e</sln:powIIPId><sln:powIIPPn>PL.PZGIK.200</sln:powIIPPn><sln:powIIPWersja>2017-10-10T00:00:00+02:00</sln:powIIPWersja><sln:powIdTeryt>2001</sln:powIdTeryt><sln:powNazwa>augustowski</sln:powNazwa><sln:waznyOd>2013-09-24T00:00:00+02:00</sln:waznyOd><sln:wojIIPId>53ad7aea-d9d3-40c9-9a5c-ff737d5b076e</sln:wojIIPId><sln:wojIIPPn>PL.PZGIK.200</sln:wojIIPPn><sln:wojIIPWersja>2017-10-10T00:00:00+02:00</sln:wojIIPWersja><sln:wojIdTeryt>20</sln:wojIdTeryt><sln:wojNazwa>podlaskie</sln:wojNazwa></sln:miejscowosc><sln:miejscowosc><sln:cyklZyciaDo>2017-04-12T00:00:00+02:00</sln:cyklZyciaDo><sln:cyklZyciaOd>2015-02-10T00:00:00+01:00</sln:cyklZyciaOd><sln:gmIIPId>2c6bb3ce-b779-496d-8a03-e9e79f5b231e</sln:gmIIPId><sln:gmIIPPn>PL.PZGIK.200</sln:gmIIPPn><sln:gmIIPWersja>2017-10-10T00:00:00+02:00</sln:gmIIPWersja><sln:gmIdTeryt>2001043</sln:gmIdTeryt><sln:gmNazwa>Lipsk</sln:gmNazwa><sln:miejscIIPId>b1159f32-f69f-4e4d-b6be-870ea06060b9</sln:miejscIIPId><sln:miejscIIPPn>PL.PZGIK.200</sln:miejscIIPPn><sln:miejscIIPWersja>2016-11-24T12:29:35+02:00</sln:miejscIIPWersja><sln:miejscIdTeryt>0761897</sln:miejscIdTeryt><sln:miejscNazwa>Rogożynek</sln:miejscNazwa><sln:miejscRodzaj>Inny obiekt</sln:miejscRodzaj><sln:powIIPId>46c53311-3b2d-4273-87c6-92817f4b877e</sln:powIIPId><sln:powIIPPn>PL.PZGIK.200</sln:powIIPPn><sln:powIIPWersja>2017-10-10T00:00:00+02:00</sln:powIIPWersja><sln:powIdTeryt>2001</sln:powIdTeryt><sln:powNazwa>augustowski</sln:powNazwa><sln:waznyOd>2013-09-24T00:00:00+02:00</sln:waznyOd><sln:wojIIPId>53ad7aea-d9d3-40c9-9a5c-ff737d5b076e</sln:wojIIPId><sln:wojIIPPn>PL.PZGIK.200</sln:wojIIPPn><sln:wojIIPWersja>2017-10-10T00:00:00+02:00</sln:wojIIPWersja><sln:wojIdTeryt>20</sln:wojIdTeryt><sln:wojNazwa>podlaskie</sln:wojNazwa></sln:miejscowosc><sln:miejscowosc><sln:cyklZyciaDo>2017-04-12T00:00:00+02:00</sln:cyklZyciaDo><sln:cyklZyciaOd>2015-02-10T00:00:00+01:00</sln:cyklZyciaOd><sln:gmIIPId>2c6bb3ce-b779-496d-8a03-e9e79f5b231e</sln:gmIIPId><sln:gmIIPPn>PL.PZGIK.200</sln:gmIIPPn><sln:gmIIPWersja>2017-10-10T00:00:00+02:00</sln:gmIIPWersja><sln:gmIdTeryt>2001043</sln:gmIdTeryt><sln:gmNazwa>Lipsk</sln:gmNazwa><sln:miejscIIPId>afea1ca4-fc1f-406a-9133-ee3eba1d9a54</sln:miejscIIPId><sln:miejscIIPPn>PL.PZGIK.200</sln:miejscIIPPn><sln:miejscIIPWersja>2016-11-24T12:29:35+02:00</sln:miejscIIPWersja><sln:miejscIdTeryt>0761905</sln:miejscIdTeryt><sln:miejscNazwa>Rygałówka</sln:miejscNazwa><sln:miejscRodzaj>Inny obiekt</sln:miejscRodzaj><sln:powIIPId>46c53311-3b2d-4273-87c6-92817f4b877e</sln:powIIPId><sln:powIIPPn>PL.PZGIK.200</sln:powIIPPn><sln:powIIPWersja>2017-10-10T00:00:00+02:00</sln:powIIPWersja><sln:powIdTeryt>2001</sln:powIdTeryt><sln:powNazwa>augustowski</sln:powNazwa><sln:waznyOd>2013-09-24T00:00:00+02:00</sln:waznyOd><sln:wojIIPId>53ad7aea-d9d3-40c9-9a5c-ff737d5b076e</sln:wojIIPId><sln:wojIIPPn>PL.PZGIK.200</sln:wojIIPPn><sln:wojIIPWersja>2017-10-10T00:00:00+02:00</sln:wojIIPWersja><sln:wojIdTeryt>20</sln:wojIdTeryt><sln:wojNazwa>podlaskie</sln:wojNazwa></sln:miejscowosc><sln:miejscowosc><sln:cyklZyciaDo>2017-04-12T00:00:00+02:00</sln:cyklZyciaDo><sln:cyklZyciaOd>2015-02-10T00:00:00+01:00</sln:cyklZyciaOd><sln:gmIIPId>2c6bb3ce-b779-496d-8a03-e9e79f5b231e</sln:gmIIPId><sln:gmIIPPn>PL.PZGIK.200</sln:gmIIPPn><sln:gmIIPWersja>2017-10-10T00:00:00+02:00</sln:gmIIPWersja><sln:gmIdTeryt>2001043</sln:gmIdTeryt><sln:gmNazwa>Lipsk</sln:gmNazwa><sln:miejscIIPId>c173d313-f711-4067-b1ca-1b06f71ce1d8</sln:miejscIIPId><sln:miejscIIPPn>PL.PZGIK.200</sln:miejscIIPPn><sln:miejscIIPWersja>2016-11-24T12:29:35+02:00</sln:miejscIIPWersja><sln:miejscIdTeryt>0761911</sln:miejscIdTeryt><sln:miejscNazwa>Siółko</sln:miejscNazwa><sln:miejscRodzaj>Inny obiekt</sln:miejscRodzaj><sln:powIIPId>46c53311-3b2d-4273-87c6-92817f4b877e</sln:powIIPId><sln:powIIPPn>PL.PZGIK.200</sln:powIIPPn><sln:powIIPWersja>2017-10-10T00:00:00+02:00</sln:powIIPWersja><sln:powIdTeryt>2001</sln:powIdTeryt><sln:powNazwa>augustowski</sln:powNazwa><sln:waznyOd>2013-09-24T00:00:00+02:00</sln:waznyOd><sln:wojIIPId>53ad7aea-d9d3-40c9-9a5c-ff737d5b076e</sln:wojIIPId><sln:wojIIPPn>PL.PZGIK.200</sln:wojIIPPn><sln:wojIIPWersja>2017-10-10T00:00:00+02:00</sln:wojIIPWersja><sln:wojIdTeryt>20</sln:wojIdTeryt><sln:wojNazwa>podlaskie</sln:wojNazwa></sln:miejscowosc><sln:miejscowosc><sln:cyklZyciaDo>2017-04-12T00:00:00+02:00</sln:cyklZyciaDo><sln:cyklZyciaOd>2015-02-10T00:00:00+01:00</sln:cyklZyciaOd><sln:gmIIPId>2c6bb3ce-b779-496d-8a03-e9e79f5b231e</sln:gmIIPId><sln:gmIIPPn>PL.PZGIK.200</sln:gmIIPPn><sln:gmIIPWersja>2017-10-10T00:00:00+02:00</sln:gmIIPWersja><sln:gmIdTeryt>2001043</sln:gmIdTeryt><sln:gmNazwa>Lipsk</sln:gmNazwa><sln:miejscIIPId>300e9251-b992-4a5a-8c99-531df7bc750c</sln:miejscIIPId><sln:miejscIIPPn>PL.PZGIK.200</sln:miejscIIPPn><sln:miejscIIPWersja>2016-11-24T12:29:35+02:00</sln:miejscIIPWersja><sln:miejscIdTeryt>0761934</sln:miejscIdTeryt><sln:miejscNazwa>Skieblewo</sln:miejscNazwa><sln:miejscRodzaj>Inny obiekt</sln:miejscRodzaj><sln:powIIPId>46c53311-3b2d-4273-87c6-92817f4b877e</sln:powIIPId><sln:powIIPPn>PL.PZGIK.200</sln:powIIPPn><sln:powIIPWersja>2017-10-10T00:00:00+02:00</sln:powIIPWersja><sln:powIdTeryt>2001</sln:powIdTeryt><sln:powNazwa>augustowski</sln:powNazwa><sln:waznyOd>2013-09-24T00:00:00+02:00</sln:waznyOd><sln:wojIIPId>53ad7aea-d9d3-40c9-9a5c-ff737d5b076e</sln:wojIIPId><sln:wojIIPPn>PL.PZGIK.200</sln:wojIIPPn><sln:wojIIPWersja>2017-10-10T00:00:00+02:00</sln:wojIIPWersja><sln:wojIdTeryt>20</sln:wojIdTeryt><sln:wojNazwa>podlaskie</sln:wojNazwa></sln:miejscowosc><sln:miejscowosc><sln:cyklZyciaDo>2017-04-12T00:00:00+02:00</sln:cyklZyciaDo><sln:cyklZyciaOd>2015-02-10T00:00:00+01:00</sln:cyklZyciaOd><sln:gmIIPId>2c6bb3ce-b779-496d-8a03-e9e79f5b231e</sln:gmIIPId><sln:gmIIPPn>PL.PZGIK.200</sln:gmIIPPn><sln:gmIIPWersja>2017-10-10T00:00:00+02:00</sln:gmIIPWersja><sln:gmIdTeryt>2001043</sln:gmIdTeryt><sln:gmNazwa>Lipsk</sln:gmNazwa><sln:miejscIIPId>030cbe92-5463-4518-b431-13d5e3f87d81</sln:miejscIIPId><sln:miejscIIPPn>PL.PZGIK.200</sln:miejscIIPPn><sln:miejscIIPWersja>2016-11-24T12:29:35+02:00</sln:miejscIIPWersja><sln:miejscIdTeryt>0761986</sln:miejscIdTeryt><sln:miejscNazwa>Sołojewszczyzna</sln:miejscNazwa><sln:miejscRodzaj>Inny obiekt</sln:miejscRodzaj><sln:powIIPId>46c53311-3b2d-4273-87c6-92817f4b877e</sln:powIIPId><sln:powIIPPn>PL.PZGIK.200</sln:powIIPPn><sln:powIIPWersja>2017-10-10T00:00:00+02:00</sln:powIIPWersja><sln:powIdTeryt>2001</sln:powIdTeryt><sln:powNazwa>augustowski</sln:powNazwa><sln:waznyOd>2013-10-04T00:00:00+02:00</sln:waznyOd><sln:wojIIPId>53ad7aea-d9d3-40c9-9a5c-ff737d5b076e</sln:wojIIPId><sln:wojIIPPn>PL.PZGIK.200</sln:wojIIPPn><sln:wojIIPWersja>2017-10-10T00:00:00+02:00</sln:wojIIPWersja><sln:wojIdTeryt>20</sln:wojIdTeryt><sln:wojNazwa>podlaskie</sln:wojNazwa></sln:miejscowosc><sln:miejscowosc><sln:cyklZyciaDo>2017-04-12T00:00:00+02:00</sln:cyklZyciaDo><sln:cyklZyciaOd>2015-02-10T00:00:00+01:00</sln:cyklZyciaOd><sln:gmIIPId>2c6bb3ce-b779-496d-8a03-e9e79f5b231e</sln:gmIIPId><sln:gmIIPPn>PL.PZGIK.200</sln:gmIIPPn><sln:gmIIPWersja>2017-10-10T00:00:00+02:00</sln:gmIIPWersja><sln:gmIdTeryt>2001043</sln:gmIdTeryt><sln:gmNazwa>Lipsk</sln:gmNazwa><sln:miejscIIPId>5fae027b-6082-451d-85b4-b6d9f88ab7a4</sln:miejscIIPId><sln:miejscIIPPn>PL.PZGIK.200</sln:miejscIIPPn><sln:miejscIIPWersja>2016-11-24T12:29:35+02:00</sln:miejscIIPWersja><sln:miejscIdTeryt>0761940</sln:miejscIdTeryt><sln:miejscNazwa>Stare Leśne Bohatery</sln:miejscNazwa><sln:miejscRodzaj>Inny obiekt</sln:miejscRodzaj><sln:powIIPId>46c53311-3b2d-4273-87c6-92817f4b877e</sln:powIIPId><sln:powIIPPn>PL.PZGIK.200</sln:powIIPPn><sln:powIIPWersja>2017-10-10T00:00:00+02:00</sln:powIIPWersja><sln:powIdTeryt>2001</sln:powIdTeryt><sln:powNazwa>augustowski</sln:powNazwa><sln:waznyOd>2013-09-24T00:00:00+02:00</sln:waznyOd><sln:wojIIPId>53ad7aea-d9d3-40c9-9a5c-ff737d5b076e</sln:wojIIPId><sln:wojIIPPn>PL.PZGIK.200</sln:wojIIPPn><sln:wojIIPWersja>2017-10-10T00:00:00+02:00</sln:wojIIPWersja><sln:wojIdTeryt>20</sln:wojIdTeryt><sln:wojNazwa>podlaskie</sln:wojNazwa></sln:miejscowosc><sln:miejscowosc><sln:cyklZyciaDo>2017-04-12T00:00:00+02:00</sln:cyklZyciaDo><sln:cyklZyciaOd>2015-02-10T00:00:00+01:00</sln:cyklZyciaOd><sln:gmIIPId>2c6bb3ce-b779-496d-8a03-e9e79f5b231e</sln:gmIIPId><sln:gmIIPPn>PL.PZGIK.200</sln:gmIIPPn><sln:gmIIPWersja>2017-10-10T00:00:00+02:00</sln:gmIIPWersja><sln:gmIdTeryt>2001043</sln:gmIdTeryt><sln:gmNazwa>Lipsk</sln:gmNazwa><sln:miejscIIPId>1d932df4-7bed-4bbf-b261-9e64bd12a0a1</sln:miejscIIPId><sln:miejscIIPPn>PL.PZGIK.200</sln:miejscIIPPn><sln:miejscIIPWersja>2016-11-24T12:29:35+02:00</sln:miejscIIPWersja><sln:miejscIdTeryt>0761957</sln:miejscIdTeryt><sln:miejscNazwa>Starożyńce</sln:miejscNazwa><sln:miejscRodzaj>Inny obiekt</sln:miejscRodzaj><sln:powIIPId>46c53311-3b2d-4273-87c6-92817f4b877e</sln:powIIPId><sln:powIIPPn>PL.PZGIK.200</sln:powIIPPn><sln:powIIPWersja>2017-10-10T00:00:00+02:00</sln:powIIPWersja><sln:powIdTeryt>2001</sln:powIdTeryt><sln:powNazwa>augustowski</sln:powNazwa><sln:waznyOd>2013-09-24T00:00:00+02:00</sln:waznyOd><sln:wojIIPId>53ad7aea-d9d3-40c9-9a5c-ff737d5b076e</sln:wojIIPId><sln:wojIIPPn>PL.PZGIK.200</sln:wojIIPPn><sln:wojIIPWersja>2017-10-10T00:00:00+02:00</sln:wojIIPWersja><sln:wojIdTeryt>20</sln:wojIdTeryt><sln:wojNazwa>podlaskie</sln:wojNazwa></sln:miejscowosc><sln:miejscowosc><sln:cyklZyciaDo>2017-04-12T00:00:00+02:00</sln:cyklZyciaDo><sln:cyklZyciaOd>2015-02-10T00:00:00+01:00</sln:cyklZyciaOd><sln:gmIIPId>2c6bb3ce-b779-496d-8a03-e9e79f5b231e</sln:gmIIPId><sln:gmIIPPn>PL.PZGIK.200</sln:gmIIPPn><sln:gmIIPWersja>2017-10-10T00:00:00+02:00</sln:gmIIPWersja><sln:gmIdTeryt>2001043</sln:gmIdTeryt><sln:gmNazwa>Lipsk</sln:gmNazwa><sln:miejscIIPId>8f70ac25-7665-4e72-ad87-a133bf6feec4</sln:miejscIIPId><sln:miejscIIPPn>PL.PZGIK.200</sln:miejscIIPPn><sln:miejscIIPWersja>2016-11-24T12:29:35+02:00</sln:miejscIIPWersja><sln:miejscIdTeryt>0761963</sln:miejscIdTeryt><sln:miejscNazwa>Stary Rogożyn</sln:miejscNazwa><sln:miejscRodzaj>Inny obiekt</sln:miejscRodzaj><sln:powIIPId>46c53311-3b2d-4273-87c6-92817f4b877e</sln:powIIPId><sln:powIIPPn>PL.PZGIK.200</sln:powIIPPn><sln:powIIPWersja>2017-10-10T00:00:00+02:00</sln:powIIPWersja><sln:powIdTeryt>2001</sln:powIdTeryt><sln:powNazwa>augustowski</sln:powNazwa><sln:waznyOd>2013-09-24T00:00:00+02:00</sln:waznyOd><sln:wojIIPId>53ad7aea-d9d3-40c9-9a5c-ff737d5b076e</sln:wojIIPId><sln:wojIIPPn>PL.PZGIK.200</sln:wojIIPPn><sln:wojIIPWersja>2017-10-10T00:00:00+02:00</sln:wojIIPWersja><sln:wojIdTeryt>20</sln:wojIdTeryt><sln:wojNazwa>podlaskie</sln:wojNazwa></sln:miejscowosc><sln:miejscowosc><sln:cyklZyciaDo>2017-04-12T00:00:00+02:00</sln:cyklZyciaDo><sln:cyklZyciaOd>2015-02-10T00:00:00+01:00</sln:cyklZyciaOd><sln:gmIIPId>2c6bb3ce-b779-496d-8a03-e9e79f5b231e</sln:gmIIPId><sln:gmIIPPn>PL.PZGIK.200</sln:gmIIPPn><sln:gmIIPWersja>2017-10-10T00:00:00+02:00</sln:gmIIPWersja><sln:gmIdTeryt>2001043</sln:gmIdTeryt><sln:gmNazwa>Lipsk</sln:gmNazwa><sln:miejscIIPId>78c582dc-ef3a-4cb5-a326-dd5474fe8ba4</sln:miejscIIPId><sln:miejscIIPPn>PL.PZGIK.200</sln:miejscIIPPn><sln:miejscIIPWersja>2016-11-24T12:29:35+02:00</sln:miejscIIPWersja><sln:miejscIdTeryt>0761970</sln:miejscIdTeryt><sln:miejscNazwa>Wołkusz</sln:miejscNazwa><sln:miejscRodzaj>Inny obiekt</sln:miejscRodzaj><sln:powIIPId>46c53311-3b2d-4273-87c6-92817f4b877e</sln:powIIPId><sln:powIIPPn>PL.PZGIK.200</sln:powIIPPn><sln:powIIPWersja>2017-10-10T00:00:00+02:00</sln:powIIPWersja><sln:powIdTeryt>2001</sln:powIdTeryt><sln:powNazwa>augustowski</sln:powNazwa><sln:waznyOd>2013-09-24T00:00:00+02:00</sln:waznyOd><sln:wojIIPId>53ad7aea-d9d3-40c9-9a5c-ff737d5b076e</sln:wojIIPId><sln:wojIIPPn>PL.PZGIK.200</sln:wojIIPPn><sln:wojIIPWersja>2017-10-10T00:00:00+02:00</sln:wojIIPWersja><sln:wojIdTeryt>20</sln:wojIdTeryt><sln:wojNazwa>podlaskie</sln:wojNazwa></sln:miejscowosc><sln:miejscowosc><sln:cyklZyciaDo>2017-04-12T00:00:00+02:00</sln:cyklZyciaDo><sln:cyklZyciaOd>2015-02-10T00:00:00+01:00</sln:cyklZyciaOd><sln:gmIIPId>2c6bb3ce-b779-496d-8a03-e9e79f5b231e</sln:gmIIPId><sln:gmIIPPn>PL.PZGIK.200</sln:gmIIPPn><sln:gmIIPWersja>2017-10-10T00:00:00+02:00</sln:gmIIPWersja><sln:gmIdTeryt>2001043</sln:gmIdTeryt><sln:gmNazwa>Lipsk</sln:gmNazwa><sln:miejscIIPId>075af755-009e-4e5d-a7b1-d38d671ef7e8</sln:miejscIIPId><sln:miejscIIPPn>PL.PZGIK.200</sln:miejscIIPPn><sln:miejscIIPWersja>2016-11-24T12:29:35+02:00</sln:miejscIIPWersja><sln:miejscIdTeryt>0761992</sln:miejscIdTeryt><sln:miejscNazwa>Wyżarne</sln:miejscNazwa><sln:miejscRodzaj>Inny obiekt</sln:miejscRodzaj><sln:powIIPId>46c53311-3b2d-4273-87c6-92817f4b877e</sln:powIIPId><sln:powIIPPn>PL.PZGIK.200</sln:powIIPPn><sln:powIIPWersja>2017-10-10T00:00:00+02:00</sln:powIIPWersja><sln:powIdTeryt>2001</sln:powIdTeryt><sln:powNazwa>augustowski</sln:powNazwa><sln:waznyOd>2013-09-24T00:00:00+02:00</sln:waznyOd><sln:wojIIPId>53ad7aea-d9d3-40c9-9a5c-ff737d5b076e</sln:wojIIPId><sln:wojIIPPn>PL.PZGIK.200</sln:wojIIPPn><sln:wojIIPWersja>2017-10-10T00:00:00+02:00</sln:wojIIPWersja><sln:wojIdTeryt>20</sln:wojIdTeryt><sln:wojNazwa>podlaskie</sln:wojNazwa></sln:miejscowosc><sln:miejscowosc><sln:cyklZyciaDo>2017-04-12T00:00:00+02:00</sln:cyklZyciaDo><sln:cyklZyciaOd>2015-02-10T00:00:00+01:00</sln:cyklZyciaOd><sln:gmIIPId>2c6bb3ce-b779-496d-8a03-e9e79f5b231e</sln:gmIIPId><sln:gmIIPPn>PL.PZGIK.200</sln:gmIIPPn><sln:gmIIPWersja>2017-10-10T00:00:00+02:00</sln:gmIIPWersja><sln:gmIdTeryt>2001043</sln:gmIdTeryt><sln:gmNazwa>Lipsk</sln:gmNazwa><sln:miejscIIPId>5a908797-aa5f-459c-8042-2ed7d10b89d0</sln:miejscIIPId><sln:miejscIIPPn>PL.PZGIK.200</sln:miejscIIPPn><sln:miejscIIPWersja>2016-11-24T12:29:35+02:00</sln:miejscIIPWersja><sln:miejscIdTeryt>0762000</sln:miejscIdTeryt><sln:miejscNazwa>Żabickie</sln:miejscNazwa><sln:miejscRodzaj>Inny obiekt</sln:miejscRodzaj><sln:powIIPId>46c53311-3b2d-4273-87c6-92817f4b877e</sln:powIIPId><sln:powIIPPn>PL.PZGIK.200</sln:powIIPPn><sln:powIIPWersja>2017-10-10T00:00:00+02:00</sln:powIIPWersja><sln:powIdTeryt>2001</sln:powIdTeryt><sln:powNazwa>augustowski</sln:powNazwa><sln:waznyOd>2013-09-24T00:00:00+02:00</sln:waznyOd><sln:wojIIPId>53ad7aea-d9d3-40c9-9a5c-ff737d5b076e</sln:wojIIPId><sln:wojIIPPn>PL.PZGIK.200</sln:wojIIPPn><sln:wojIIPWersja>2017-10-10T00:00:00+02:00</sln:wojIIPWersja><sln:wojIdTeryt>20</sln:wojIdTeryt><sln:wojNazwa>podlaskie</sln:wojNazwa></sln:miejscowosc><sln:miejscowosc><sln:cyklZyciaOd>2017-04-12T00:00:00+02:00</sln:cyklZyciaOd><sln:gmIIPId>2c6bb3ce-b779-496d-8a03-e9e79f5b231e</sln:gmIIPId><sln:gmIIPPn>PL.PZGIK.200</sln:gmIIPPn><sln:gmIIPWersja>2017-10-10T00:00:00+02:00</sln:gmIIPWersja><sln:gmIdTeryt>2001043</sln:gmIdTeryt><sln:gmNazwa>Lipsk</sln:gmNazwa><sln:miejscIIPId>f7938c4a-7c0b-4094-bf4d-aa29130693fc</sln:miejscIIPId><sln:miejscIIPPn>PL.PZGIK.200</sln:miejscIIPPn><sln:miejscIIPWersja>2017-04-12T13:55:28+02:00</sln:miejscIIPWersja><sln:miejscIdTeryt>0761704</sln:miejscIdTeryt><sln:miejscNazwa>Bartniki</sln:miejscNazwa><sln:miejscRodzaj>Wieś</sln:miejscRodzaj><sln:powIIPId>46c53311-3b2d-4273-87c6-92817f4b877e</sln:powIIPId><sln:powIIPPn>PL.PZGIK.200</sln:powIIPPn><sln:powIIPWersja>2017-10-10T00:00:00+02:00</sln:powIIPWersja><sln:powIdTeryt>2001</sln:powIdTeryt><sln:powNazwa>augustowski</sln:powNazwa><sln:waznyOd>2013-09-24T00:00:00+02:00</sln:waznyOd><sln:wojIIPId>53ad7aea-d9d3-40c9-9a5c-ff737d5b076e</sln:wojIIPId><sln:wojIIPPn>PL.PZGIK.200</sln:wojIIPPn><sln:wojIIPWersja>2017-10-10T00:00:00+02:00</sln:wojIIPWersja><sln:wojIdTeryt>20</sln:wojIdTeryt><sln:wojNazwa>podlaskie</sln:wojNazwa></sln:miejscowosc><sln:miejscowosc><sln:cyklZyciaOd>2017-04-12T00:00:00+02:00</sln:cyklZyciaOd><sln:gmIIPId>2c6bb3ce-b779-496d-8a03-e9e79f5b231e</sln:gmIIPId><sln:gmIIPPn>PL.PZGIK.200</sln:gmIIPPn><sln:gmIIPWersja>2017-10-10T00:00:00+02:00</sln:gmIIPWersja><sln:gmIdTeryt>2001043</sln:gmIdTeryt><sln:gmNazwa>Lipsk</sln:gmNazwa><sln:miejscIIPId>901c2f9d-d072-47cb-a30a-32f30edbe964</sln:miejscIIPId><sln:miejscIIPPn>PL.PZGIK.200</sln:miejscIIPPn><sln:miejscIIPWersja>2017-04-12T13:55:36+02:00</sln:miejscIIPWersja><sln:miejscIdTeryt>0761710</sln:miejscIdTeryt><sln:miejscNazwa>Dolinczany</sln:miejscNazwa><sln:miejscRodzaj>Wieś</sln:miejscRodzaj><sln:powIIPId>46c53311-3b2d-4273-87c6-92817f4b877e</sln:powIIPId><sln:powIIPPn>PL.PZGIK.200</sln:powIIPPn><sln:powIIPWersja>2017-10-10T00:00:00+02:00</sln:powIIPWersja><sln:powIdTeryt>2001</sln:powIdTeryt><sln:powNazwa>augustowski</sln:powNazwa><sln:waznyOd>2013-09-24T00:00:00+02:00</sln:waznyOd><sln:wojIIPId>53ad7aea-d9d3-40c9-9a5c-ff737d5b076e</sln:wojIIPId><sln:wojIIPPn>PL.PZGIK.200</sln:wojIIPPn><sln:wojIIPWersja>2017-10-10T00:00:00+02:00</sln:wojIIPWersja><sln:wojIdTeryt>20</sln:wojIdTeryt><sln:wojNazwa>podlaskie</sln:wojNazwa></sln:miejscowosc><sln:miejscowosc><sln:cyklZyciaOd>2017-04-12T00:00:00+02:00</sln:cyklZyciaOd><sln:gmIIPId>2c6bb3ce-b779-496d-8a03-e9e79f5b231e</sln:gmIIPId><sln:gmIIPPn>PL.PZGIK.200</sln:gmIIPPn><sln:gmIIPWersja>2017-10-10T00:00:00+02:00</sln:gmIIPWersja><sln:gmIdTeryt>2001043</sln:gmIdTeryt><sln:gmNazwa>Lipsk</sln:gmNazwa><sln:miejscIIPId>8264e073-ca76-4ed6-a024-03a68287b444</sln:miejscIIPId><sln:miejscIIPPn>PL.PZGIK.200</sln:miejscIIPPn><sln:miejscIIPWersja>2017-04-12T13:55:36+02:00</sln:miejscIIPWersja><sln:miejscIdTeryt>0761727</sln:miejscIdTeryt><sln:miejscNazwa>Dulkowszczyzna</sln:miejscNazwa><sln:miejscRodzaj>Wieś</sln:miejscRodzaj><sln:powIIPId>46c53311-3b2d-4273-87c6-92817f4b877e</sln:powIIPId><sln:powIIPPn>PL.PZGIK.200</sln:powIIPPn><sln:powIIPWersja>2017-10-10T00:00:00+02:00</sln:powIIPWersja><sln:powIdTeryt>2001</sln:powIdTeryt><sln:powNazwa>augustowski</sln:powNazwa><sln:waznyOd>2013-09-24T00:00:00+02:00</sln:waznyOd><sln:wojIIPId>53ad7aea-d9d3-40c9-9a5c-ff737d5b076e</sln:wojIIPId><sln:wojIIPPn>PL.PZGIK.200</sln:wojIIPPn><sln:wojIIPWersja>2017-10-10T00:00:00+02:00</sln:wojIIPWersja><sln:wojIdTeryt>20</sln:wojIdTeryt><sln:wojNazwa>podlaskie</sln:wojNazwa></sln:miejscowosc><sln:miejscowosc><sln:cyklZyciaOd>2017-04-12T00:00:00+02:00</sln:cyklZyciaOd><sln:gmIIPId>2c6bb3ce-b779-496d-8a03-e9e79f5b231e</sln:gmIIPId><sln:gmIIPPn>PL.PZGIK.200</sln:gmIIPPn><sln:gmIIPWersja>2017-10-10T00:00:00+02:00</sln:gmIIPWersja><sln:gmIdTeryt>2001043</sln:gmIdTeryt><sln:gmNazwa>Lipsk</sln:gmNazwa><sln:miejscIIPId>1d319dd2-0343-4158-8b3c-35502d9dd500</sln:miejscIIPId><sln:miejscIIPPn>PL.PZGIK.200</sln:miejscIIPPn><sln:miejscIIPWersja>2017-04-12T13:55:36+02:00</sln:miejscIIPWersja><sln:miejscIdTeryt>0761733</sln:miejscIdTeryt><sln:miejscNazwa>Jaczniki</sln:miejscNazwa><sln:miejscRodzaj>Wieś</sln:miejscRodzaj><sln:powIIPId>46c53311-3b2d-4273-87c6-92817f4b877e</sln:powIIPId><sln:powIIPPn>PL.PZGIK.200</sln:powIIPPn><sln:powIIPWersja>2017-10-10T00:00:00+02:00</sln:powIIPWersja><sln:powIdTeryt>2001</sln:powIdTeryt><sln:powNazwa>augustowski</sln:powNazwa><sln:waznyOd>2013-09-24T00:00:00+02:00</sln:waznyOd><sln:wojIIPId>53ad7aea-d9d3-40c9-9a5c-ff737d5b076e</sln:wojIIPId><sln:wojIIPPn>PL.PZGIK.200</sln:wojIIPPn><sln:wojIIPWersja>2017-10-10T00:00:00+02:00</sln:wojIIPWersja><sln:wojIdTeryt>20</sln:wojIdTeryt><sln:wojNazwa>podlaskie</sln:wojNazwa></sln:miejscowosc><sln:miejscowosc><sln:cyklZyciaOd>2017-04-12T00:00:00+02:00</sln:cyklZyciaOd><sln:gmIIPId>2c6bb3ce-b779-496d-8a03-e9e79f5b231e</sln:gmIIPId><sln:gmIIPPn>PL.PZGIK.200</sln:gmIIPPn><sln:gmIIPWersja>2017-10-10T00:00:00+02:00</sln:gmIIPWersja><sln:gmIdTeryt>2001043</sln:gmIdTeryt><sln:gmNazwa>Lipsk</sln:gmNazwa><sln:miejscIIPId>10934922-831e-450d-a395-3ac76e99f5d5</sln:miejscIIPId><sln:miejscIIPPn>PL.PZGIK.200</sln:miejscIIPPn><sln:miejscIIPWersja>2017-04-12T13:55:36+02:00</sln:miejscIIPWersja><sln:miejscIdTeryt>0761740</sln:miejscIdTeryt><sln:miejscNazwa>Jałowo</sln:miejscNazwa><sln:miejscRodzaj>Wieś</sln:miejscRodzaj><sln:powIIPId>46c53311-3b2d-4273-87c6-92817f4b877e</sln:powIIPId><sln:powIIPPn>PL.PZGIK.200</sln:powIIPPn><sln:powIIPWersja>2017-10-10T00:00:00+02:00</sln:powIIPWersja><sln:powIdTeryt>2001</sln:powIdTeryt><sln:powNazwa>augustowski</sln:powNazwa><sln:waznyOd>2013-09-24T00:00:00+02:00</sln:waznyOd><sln:wojIIPId>53ad7aea-d9d3-40c9-9a5c-ff737d5b076e</sln:wojIIPId><sln:wojIIPPn>PL.PZGIK.200</sln:wojIIPPn><sln:wojIIPWersja>2017-10-10T00:00:00+02:00</sln:wojIIPWersja><sln:wojIdTeryt>20</sln:wojIdTeryt><sln:wojNazwa>podlaskie</sln:wojNazwa></sln:miejscowosc><sln:miejscowosc><sln:cyklZyciaOd>2017-04-12T00:00:00+02:00</sln:cyklZyciaOd><sln:gmIIPId>2c6bb3ce-b779-496d-8a03-e9e79f5b231e</sln:gmIIPId><sln:gmIIPPn>PL.PZGIK.200</sln:gmIIPPn><sln:gmIIPWersja>2017-10-10T00:00:00+02:00</sln:gmIIPWersja><sln:gmIdTeryt>2001043</sln:gmIdTeryt><sln:gmNazwa>Lipsk</sln:gmNazwa><sln:miejscIIPId>1bfe2f19-e06d-4925-a604-9c0ad14bc641</sln:miejscIIPId><sln:miejscIIPPn>PL.PZGIK.200</sln:miejscIIPPn><sln:miejscIIPWersja>2017-04-12T13:55:36+02:00</sln:miejscIIPWersja><sln:miejscIdTeryt>0761756</sln:miejscIdTeryt><sln:miejscNazwa>Jasionowo</sln:miejscNazwa><sln:miejscRodzaj>Wieś</sln:miejscRodzaj><sln:powIIPId>46c53311-3b2d-4273-87c6-92817f4b877e</sln:powIIPId><sln:powIIPPn>PL.PZGIK.200</sln:powIIPPn><sln:powIIPWersja>2017-10-10T00:00:00+02:00</sln:powIIPWersja><sln:powIdTeryt>2001</sln:powIdTeryt><sln:powNazwa>augustowski</sln:powNazwa><sln:waznyOd>2013-09-24T00:00:00+02:00</sln:waznyOd><sln:wojIIPId>53ad7aea-d9d3-40c9-9a5c-ff737d5b076e</sln:wojIIPId><sln:wojIIPPn>PL.PZGIK.200</sln:wojIIPPn><sln:wojIIPWersja>2017-10-10T00:00:00+02:00</sln:wojIIPWersja><sln:wojIdTeryt>20</sln:wojIdTeryt><sln:wojNazwa>podlaskie</sln:wojNazwa></sln:miejscowosc><sln:miejscowosc><sln:cyklZyciaOd>2017-04-12T00:00:00+02:00</sln:cyklZyciaOd><sln:gmIIPId>2c6bb3ce-b779-496d-8a03-e9e79f5b231e</sln:gmIIPId><sln:gmIIPPn>PL.PZGIK.200</sln:gmIIPPn><sln:gmIIPWersja>2017-10-10T00:00:00+02:00</sln:gmIIPWersja><sln:gmIdTeryt>2001043</sln:gmIdTeryt><sln:gmNazwa>Lipsk</sln:gmNazwa><sln:miejscIIPId>65b3dd18-ca39-46cd-af3e-629b97615414</sln:miejscIIPId><sln:miejscIIPPn>PL.PZGIK.200</sln:miejscIIPPn><sln:miejscIIPWersja>2017-04-12T13:55:36+02:00</sln:miejscIIPWersja><sln:miejscIdTeryt>0761762</sln:miejscIdTeryt><sln:miejscNazwa>Kopczany</sln:miejscNazwa><sln:miejscRodzaj>Wieś</sln:miejscRodzaj><sln:powIIPId>46c53311-3b2d-4273-87c6-92817f4b877e</sln:powIIPId><sln:powIIPPn>PL.PZGIK.200</sln:powIIPPn><sln:powIIPWersja>2017-10-10T00:00:00+02:00</sln:powIIPWersja><sln:powIdTeryt>2001</sln:powIdTeryt><sln:powNazwa>augustowski</sln:powNazwa><sln:waznyOd>2013-09-24T00:00:00+02:00</sln:waznyOd><sln:wojIIPId>53ad7aea-d9d3-40c9-9a5c-ff737d5b076e</sln:wojIIPId><sln:wojIIPPn>PL.PZGIK.200</sln:wojIIPPn><sln:wojIIPWersja>2017-10-10T00:00:00+02:00</sln:wojIIPWersja><sln:wojIdTeryt>20</sln:wojIdTeryt><sln:wojNazwa>podlaskie</sln:wojNazwa></sln:miejscowosc><sln:miejscowosc><sln:cyklZyciaOd>2017-04-12T00:00:00+02:00</sln:cyklZyciaOd><sln:gmIIPId>2c6bb3ce-b779-496d-8a03-e9e79f5b231e</sln:gmIIPId><sln:gmIIPPn>PL.PZGIK.200</sln:gmIIPPn><sln:gmIIPWersja>2017-10-10T00:00:00+02:00</sln:gmIIPWersja><sln:gmIdTeryt>2001043</sln:gmIdTeryt><sln:gmNazwa>Lipsk</sln:gmNazwa><sln:miejscIIPId>33549fac-d1e6-4d56-85c6-2c8bbe8884cb</sln:miejscIIPId><sln:miejscIIPPn>PL.PZGIK.200</sln:miejscIIPPn><sln:miejscIIPWersja>2017-04-12T13:55:36+02:00</sln:miejscIIPWersja><sln:miejscIdTeryt>0761785</sln:miejscIdTeryt><sln:miejscNazwa>Krasne</sln:miejscNazwa><sln:miejscRodzaj>Wieś</sln:miejscRodzaj><sln:powIIPId>46c53311-3b2d-4273-87c6-92817f4b877e</sln:powIIPId><sln:powIIPPn>PL.PZGIK.200</sln:powIIPPn><sln:powIIPWersja>2017-10-10T00:00:00+02:00</sln:powIIPWersja><sln:powIdTeryt>2001</sln:powIdTeryt><sln:powNazwa>augustowski</sln:powNazwa><sln:waznyOd>2013-09-24T00:00:00+02:00</sln:waznyOd><sln:wojIIPId>53ad7aea-d9d3-40c9-9a5c-ff737d5b076e</sln:wojIIPId><sln:wojIIPPn>PL.PZGIK.200</sln:wojIIPPn><sln:wojIIPWersja>2017-10-10T00:00:00+02:00</sln:wojIIPWersja><sln:wojIdTeryt>20</sln:wojIdTeryt><sln:wojNazwa>podlaskie</sln:wojNazwa></sln:miejscowosc><sln:miejscowosc><sln:cyklZyciaOd>2017-04-12T00:00:00+02:00</sln:cyklZyciaOd><sln:gmIIPId>2c6bb3ce-b779-496d-8a03-e9e79f5b231e</sln:gmIIPId><sln:gmIIPPn>PL.PZGIK.200</sln:gmIIPPn><sln:gmIIPWersja>2017-10-10T00:00:00+02:00</sln:gmIIPWersja><sln:gmIdTeryt>2001043</sln:gmIdTeryt><sln:gmNazwa>Lipsk</sln:gmNazwa><sln:miejscIIPId>bc9b9876-c1d8-430c-b03d-488faf2a9c67</sln:miejscIIPId><sln:miejscIIPPn>PL.PZGIK.200</sln:miejscIIPPn><sln:miejscIIPWersja>2017-04-12T13:55:36+02:00</sln:miejscIIPWersja><sln:miejscIdTeryt>0761791</sln:miejscIdTeryt><sln:miejscNazwa>Kurianka</sln:miejscNazwa><sln:miejscRodzaj>Wieś</sln:miejscRodzaj><sln:powIIPId>46c53311-3b2d-4273-87c6-92817f4b877e</sln:powIIPId><sln:powIIPPn>PL.PZGIK.200</sln:powIIPPn><sln:powIIPWersja>2017-10-10T00:00:00+02:00</sln:powIIPWersja><sln:powIdTeryt>2001</sln:powIdTeryt><sln:powNazwa>augustowski</sln:powNazwa><sln:waznyOd>2013-09-24T00:00:00+02:00</sln:waznyOd><sln:wojIIPId>53ad7aea-d9d3-40c9-9a5c-ff737d5b076e</sln:wojIIPId><sln:wojIIPPn>PL.PZGIK.200</sln:wojIIPPn><sln:wojIIPWersja>2017-10-10T00:00:00+02:00</sln:wojIIPWersja><sln:wojIdTeryt>20</sln:wojIdTeryt><sln:wojNazwa>podlaskie</sln:wojNazwa></sln:miejscowosc><sln:miejscowosc><sln:cyklZyciaOd>2017-04-12T00:00:00+02:00</sln:cyklZyciaOd><sln:gmIIPId>2c6bb3ce-b779-496d-8a03-e9e79f5b231e</sln:gmIIPId><sln:gmIIPPn>PL.PZGIK.200</sln:gmIIPPn><sln:gmIIPWersja>2017-10-10T00:00:00+02:00</sln:gmIIPWersja><sln:gmIdTeryt>2001043</sln:gmIdTeryt><sln:gmNazwa>Lipsk</sln:gmNazwa><sln:miejscIIPId>ab644aab-ed85-4d3d-8298-c0dc057b93c6</sln:miejscIIPId><sln:miejscIIPPn>PL.PZGIK.200</sln:miejscIIPPn><sln:miejscIIPWersja>2017-04-12T13:55:36+02:00</sln:miejscIIPWersja><sln:miejscIdTeryt>0761800</sln:miejscIdTeryt><sln:miejscNazwa>Lichosielce</sln:miejscNazwa><sln:miejscRodzaj>Wieś</sln:miejscRodzaj><sln:powIIPId>46c53311-3b2d-4273-87c6-92817f4b877e</sln:powIIPId><sln:powIIPPn>PL.PZGIK.200</sln:powIIPPn><sln:powIIPWersja>2017-10-10T00:00:00+02:00</sln:powIIPWersja><sln:powIdTeryt>2001</sln:powIdTeryt><sln:powNazwa>augustowski</sln:powNazwa><sln:waznyOd>2013-09-24T00:00:00+02:00</sln:waznyOd><sln:wojIIPId>53ad7aea-d9d3-40c9-9a5c-ff737d5b076e</sln:wojIIPId><sln:wojIIPPn>PL.PZGIK.200</sln:wojIIPPn><sln:wojIIPWersja>2017-10-10T00:00:00+02:00</sln:wojIIPWersja><sln:wojIdTeryt>20</sln:wojIdTeryt><sln:wojNazwa>podlaskie</sln:wojNazwa></sln:miejscowosc><sln:miejscowosc><sln:cyklZyciaOd>2017-04-12T00:00:00+02:00</sln:cyklZyciaOd><sln:gmIIPId>2c6bb3ce-b779-496d-8a03-e9e79f5b231e</sln:gmIIPId><sln:gmIIPPn>PL.PZGIK.200</sln:gmIIPPn><sln:gmIIPWersja>2017-10-10T00:00:00+02:00</sln:gmIIPWersja><sln:gmIdTeryt>2001043</sln:gmIdTeryt><sln:gmNazwa>Lipsk</sln:gmNazwa><sln:miejscIIPId>3c85c639-9da4-4ccb-a5ff-06e02ecf78c7</sln:miejscIIPId><sln:miejscIIPPn>PL.PZGIK.200</sln:miejscIIPPn><sln:miejscIIPWersja>2017-04-12T13:55:36+02:00</sln:miejscIIPWersja><sln:miejscIdTeryt>0761816</sln:miejscIdTeryt><sln:miejscNazwa>Kolonie Lipsk</sln:miejscNazwa><sln:miejscRodzaj>Wieś</sln:miejscRodzaj><sln:powIIPId>46c53311-3b2d-4273-87c6-92817f4b877e</sln:powIIPId><sln:powIIPPn>PL.PZGIK.200</sln:powIIPPn><sln:powIIPWersja>2017-10-10T00:00:00+02:00</sln:powIIPWersja><sln:powIdTeryt>2001</sln:powIdTeryt><sln:powNazwa>augustowski</sln:powNazwa><sln:waznyOd>2013-09-24T00:00:00+02:00</sln:waznyOd><sln:wojIIPId>53ad7aea-d9d3-40c9-9a5c-ff737d5b076e</sln:wojIIPId><sln:wojIIPPn>PL.PZGIK.200</sln:wojIIPPn><sln:wojIIPWersja>2017-10-10T00:00:00+02:00</sln:wojIIPWersja><sln:wojIdTeryt>20</sln:wojIdTeryt><sln:wojNazwa>podlaskie</sln:wojNazwa></sln:miejscowosc><sln:miejscowosc><sln:cyklZyciaOd>2017-04-12T00:00:00+02:00</sln:cyklZyciaOd><sln:gmIIPId>2c6bb3ce-b779-496d-8a03-e9e79f5b231e</sln:gmIIPId><sln:gmIIPPn>PL.PZGIK.200</sln:gmIIPPn><sln:gmIIPWersja>2017-10-10T00:00:00+02:00</sln:gmIIPWersja><sln:gmIdTeryt>2001043</sln:gmIdTeryt><sln:gmNazwa>Lipsk</sln:gmNazwa><sln:miejscIIPId>5ac08b65-8dab-4e80-90e7-74698ba83b12</sln:miejscIIPId><sln:miejscIIPPn>PL.PZGIK.200</sln:miejscIIPPn><sln:miejscIIPWersja>2017-04-12T13:55:36+02:00</sln:miejscIIPWersja><sln:miejscIdTeryt>0761822</sln:miejscIdTeryt><sln:miejscNazwa>Lipszczany</sln:miejscNazwa><sln:miejscRodzaj>Wieś</sln:miejscRodzaj><sln:powIIPId>46c53311-3b2d-4273-87c6-92817f4b877e</sln:powIIPId><sln:powIIPPn>PL.PZGIK.200</sln:powIIPPn><sln:powIIPWersja>2017-10-10T00:00:00+02:00</sln:powIIPWersja><sln:powIdTeryt>2001</sln:powIdTeryt><sln:powNazwa>augustowski</sln:powNazwa><sln:waznyOd>2013-09-24T00:00:00+02:00</sln:waznyOd><sln:wojIIPId>53ad7aea-d9d3-40c9-9a5c-ff737d5b076e</sln:wojIIPId><sln:wojIIPPn>PL.PZGIK.200</sln:wojIIPPn><sln:wojIIPWersja>2017-10-10T00:00:00+02:00</sln:wojIIPWersja><sln:wojIdTeryt>20</sln:wojIdTeryt><sln:wojNazwa>podlaskie</sln:wojNazwa></sln:miejscowosc><sln:miejscowosc><sln:cyklZyciaOd>2017-04-12T00:00:00+02:00</sln:cyklZyciaOd><sln:gmIIPId>2c6bb3ce-b779-496d-8a03-e9e79f5b231e</sln:gmIIPId><sln:gmIIPPn>PL.PZGIK.200</sln:gmIIPPn><sln:gmIIPWersja>2017-10-10T00:00:00+02:00</sln:gmIIPWersja><sln:gmIdTeryt>2001043</sln:gmIdTeryt><sln:gmNazwa>Lipsk</sln:gmNazwa><sln:miejscIIPId>8ee66eda-d267-40ab-ab3a-e5fc283f6d07</sln:miejscIIPId><sln:miejscIIPPn>PL.PZGIK.200</sln:miejscIIPPn><sln:miejscIIPWersja>2017-04-12T13:55:37+02:00</sln:miejscIIPWersja><sln:miejscIdTeryt>0761839</sln:miejscIdTeryt><sln:miejscNazwa>Lubinowo</sln:miejscNazwa><sln:miejscRodzaj>Kolonia</sln:miejscRodzaj><sln:powIIPId>46c53311-3b2d-4273-87c6-92817f4b877e</sln:powIIPId><sln:powIIPPn>PL.PZGIK.200</sln:powIIPPn><sln:powIIPWersja>2017-10-10T00:00:00+02:00</sln:powIIPWersja><sln:powIdTeryt>2001</sln:powIdTeryt><sln:powNazwa>augustowski</sln:powNazwa><sln:waznyOd>2013-09-24T00:00:00+02:00</sln:waznyOd><sln:wojIIPId>53ad7aea-d9d3-40c9-9a5c-ff737d5b076e</sln:wojIIPId><sln:wojIIPPn>PL.PZGIK.200</sln:wojIIPPn><sln:wojIIPWersja>2017-10-10T00:00:00+02:00</sln:wojIIPWersja><sln:wojIdTeryt>20</sln:wojIdTeryt><sln:wojNazwa>podlaskie</sln:wojNazwa></sln:miejscowosc><sln:miejscowosc><sln:cyklZyciaOd>2017-04-12T00:00:00+02:00</sln:cyklZyciaOd><sln:gmIIPId>2c6bb3ce-b779-496d-8a03-e9e79f5b231e</sln:gmIIPId><sln:gmIIPPn>PL.PZGIK.200</sln:gmIIPPn><sln:gmIIPWersja>2017-10-10T00:00:00+02:00</sln:gmIIPWersja><sln:gmIdTeryt>2001043</sln:gmIdTeryt><sln:gmNazwa>Lipsk</sln:gmNazwa><sln:miejscIIPId>f9d74025-cdc9-4043-b42c-0b6bdbf79b9b</sln:miejscIIPId><sln:miejscIIPPn>PL.PZGIK.200</sln:miejscIIPPn><sln:miejscIIPWersja>2017-04-12T13:55:37+02:00</sln:miejscIIPWersja><sln:miejscIdTeryt>0761845</sln:miejscIdTeryt><sln:miejscNazwa>Nowe Leśne Bohatery</sln:miejscNazwa><sln:miejscRodzaj>Wieś</sln:miejscRodzaj><sln:powIIPId>46c53311-3b2d-4273-87c6-92817f4b877e</sln:powIIPId><sln:powIIPPn>PL.PZGIK.200</sln:powIIPPn><sln:powIIPWersja>2017-10-10T00:00:00+02:00</sln:powIIPWersja><sln:powIdTeryt>2001</sln:powIdTeryt><sln:powNazwa>augustowski</sln:powNazwa><sln:waznyOd>2013-09-24T00:00:00+02:00</sln:waznyOd><sln:wojIIPId>53ad7aea-d9d3-40c9-9a5c-ff737d5b076e</sln:wojIIPId><sln:wojIIPPn>PL.PZGIK.200</sln:wojIIPPn><sln:wojIIPWersja>2017-10-10T00:00:00+02:00</sln:wojIIPWersja><sln:wojIdTeryt>20</sln:wojIdTeryt><sln:wojNazwa>podlaskie</sln:wojNazwa></sln:miejscowosc><sln:miejscowosc><sln:cyklZyciaOd>2017-04-12T00:00:00+02:00</sln:cyklZyciaOd><sln:gmIIPId>2c6bb3ce-b779-496d-8a03-e9e79f5b231e</sln:gmIIPId><sln:gmIIPPn>PL.PZGIK.200</sln:gmIIPPn><sln:gmIIPWersja>2017-10-10T00:00:00+02:00</sln:gmIIPWersja><sln:gmIdTeryt>2001043</sln:gmIdTeryt><sln:gmNazwa>Lipsk</sln:gmNazwa><sln:miejscIIPId>8433b80a-dba3-432c-a0a9-332dc7faea22</sln:miejscIIPId><sln:miejscIIPPn>PL.PZGIK.200</sln:miejscIIPPn><sln:miejscIIPWersja>2017-04-12T13:55:37+02:00</sln:miejscIIPWersja><sln:miejscIdTeryt>0761851</sln:miejscIdTeryt><sln:miejscNazwa>Nowy Lipsk</sln:miejscNazwa><sln:miejscRodzaj>Wieś</sln:miejscRodzaj><sln:powIIPId>46c53311-3b2d-4273-87c6-92817f4b877e</sln:powIIPId><sln:powIIPPn>PL.PZGIK.200</sln:powIIPPn><sln:powIIPWersja>2017-10-10T00:00:00+02:00</sln:powIIPWersja><sln:powIdTeryt>2001</sln:powIdTeryt><sln:powNazwa>augustowski</sln:powNazwa><sln:waznyOd>2013-09-24T00:00:00+02:00</sln:waznyOd><sln:wojIIPId>53ad7aea-d9d3-40c9-9a5c-ff737d5b076e</sln:wojIIPId><sln:wojIIPPn>PL.PZGIK.200</sln:wojIIPPn><sln:wojIIPWersja>2017-10-10T00:00:00+02:00</sln:wojIIPWersja><sln:wojIdTeryt>20</sln:wojIdTeryt><sln:wojNazwa>podlaskie</sln:wojNazwa></sln:miejscowosc><sln:miejscowosc><sln:cyklZyciaOd>2017-04-12T00:00:00+02:00</sln:cyklZyciaOd><sln:gmIIPId>2c6bb3ce-b779-496d-8a03-e9e79f5b231e</sln:gmIIPId><sln:gmIIPPn>PL.PZGIK.200</sln:gmIIPPn><sln:gmIIPWersja>2017-10-10T00:00:00+02:00</sln:gmIIPWersja><sln:gmIdTeryt>2001043</sln:gmIdTeryt><sln:gmNazwa>Lipsk</sln:gmNazwa><sln:miejscIIPId>f926b836-4576-445c-ae01-ca2c382a3bef</sln:miejscIIPId><sln:miejscIIPPn>PL.PZGIK.200</sln:miejscIIPPn><sln:miejscIIPWersja>2017-04-12T13:55:37+02:00</sln:miejscIIPWersja><sln:miejscIdTeryt>0761868</sln:miejscIdTeryt><sln:miejscNazwa>Nowy Rogożyn</sln:miejscNazwa><sln:miejscRodzaj>Wieś</sln:miejscRodzaj><sln:powIIPId>46c53311-3b2d-4273-87c6-92817f4b877e</sln:powIIPId><sln:powIIPPn>PL.PZGIK.200</sln:powIIPPn><sln:powIIPWersja>2017-10-10T00:00:00+02:00</sln:powIIPWersja><sln:powIdTeryt>2001</sln:powIdTeryt><sln:powNazwa>augustowski</sln:powNazwa><sln:waznyOd>2013-09-24T00:00:00+02:00</sln:waznyOd><sln:wojIIPId>53ad7aea-d9d3-40c9-9a5c-ff737d5b076e</sln:wojIIPId><sln:wojIIPPn>PL.PZGIK.200</sln:wojIIPPn><sln:wojIIPWersja>2017-10-10T00:00:00+02:00</sln:wojIIPWersja><sln:wojIdTeryt>20</sln:wojIdTeryt><sln:wojNazwa>podlaskie</sln:wojNazwa></sln:miejscowosc><sln:miejscowosc><sln:cyklZyciaOd>2017-04-12T00:00:00+02:00</sln:cyklZyciaOd><sln:gmIIPId>2c6bb3ce-b779-496d-8a03-e9e79f5b231e</sln:gmIIPId><sln:gmIIPPn>PL.PZGIK.200</sln:gmIIPPn><sln:gmIIPWersja>2017-10-10T00:00:00+02:00</sln:gmIIPWersja><sln:gmIdTeryt>2001043</sln:gmIdTeryt><sln:gmNazwa>Lipsk</sln:gmNazwa><sln:miejscIIPId>c82c3db6-21da-411f-b167-b8d93d4d8d35</sln:miejscIIPId><sln:miejscIIPPn>PL.PZGIK.200</sln:miejscIIPPn><sln:miejscIIPWersja>2017-04-12T13:55:37+02:00</sln:miejscIIPWersja><sln:miejscIdTeryt>0761874</sln:miejscIdTeryt><sln:miejscNazwa>Podwołkuszne</sln:miejscNazwa><sln:miejscRodzaj>Wieś</sln:miejscRodzaj><sln:powIIPId>46c53311-3b2d-4273-87c6-92817f4b877e</sln:powIIPId><sln:powIIPPn>PL.PZGIK.200</sln:powIIPPn><sln:powIIPWersja>2017-10-10T00:00:00+02:00</sln:powIIPWersja><sln:powIdTeryt>2001</sln:powIdTeryt><sln:powNazwa>augustowski</sln:powNazwa><sln:waznyOd>2013-09-24T00:00:00+02:00</sln:waznyOd><sln:wojIIPId>53ad7aea-d9d3-40c9-9a5c-ff737d5b076e</sln:wojIIPId><sln:wojIIPPn>PL.PZGIK.200</sln:wojIIPPn><sln:wojIIPWersja>2017-10-10T00:00:00+02:00</sln:wojIIPWersja><sln:wojIdTeryt>20</sln:wojIdTeryt><sln:wojNazwa>podlaskie</sln:wojNazwa></sln:miejscowosc><sln:miejscowosc><sln:cyklZyciaOd>2017-04-12T00:00:00+02:00</sln:cyklZyciaOd><sln:gmIIPId>2c6bb3ce-b779-496d-8a03-e9e79f5b231e</sln:gmIIPId><sln:gmIIPPn>PL.PZGIK.200</sln:gmIIPPn><sln:gmIIPWersja>2017-10-10T00:00:00+02:00</sln:gmIIPWersja><sln:gmIdTeryt>2001043</sln:gmIdTeryt><sln:gmNazwa>Lipsk</sln:gmNazwa><sln:miejscIIPId>50eba660-8f5c-41f1-a9ba-5b03a6a66641</sln:miejscIIPId><sln:miejscIIPPn>PL.PZGIK.200</sln:miejscIIPPn><sln:miejscIIPWersja>2017-04-12T13:55:37+02:00</sln:miejscIIPWersja><sln:miejscIdTeryt>0761880</sln:miejscIdTeryt><sln:miejscNazwa>Rakowicze</sln:miejscNazwa><sln:miejscRodzaj>Wieś</sln:miejscRodzaj><sln:powIIPId>46c53311-3b2d-4273-87c6-92817f4b877e</sln:powIIPId><sln:powIIPPn>PL.PZGIK.200</sln:powIIPPn><sln:powIIPWersja>2017-10-10T00:00:00+02:00</sln:powIIPWersja><sln:powIdTeryt>2001</sln:powIdTeryt><sln:powNazwa>augustowski</sln:powNazwa><sln:waznyOd>2013-09-24T00:00:00+02:00</sln:waznyOd><sln:wojIIPId>53ad7aea-d9d3-40c9-9a5c-ff737d5b076e</sln:wojIIPId><sln:wojIIPPn>PL.PZGIK.200</sln:wojIIPPn><sln:wojIIPWersja>2017-10-10T00:00:00+02:00</sln:wojIIPWersja><sln:wojIdTeryt>20</sln:wojIdTeryt><sln:wojNazwa>podlaskie</sln:wojNazwa></sln:miejscowosc><sln:miejscowosc><sln:cyklZyciaOd>2017-04-12T00:00:00+02:00</sln:cyklZyciaOd><sln:gmIIPId>2c6bb3ce-b779-496d-8a03-e9e79f5b231e</sln:gmIIPId><sln:gmIIPPn>PL.PZGIK.200</sln:gmIIPPn><sln:gmIIPWersja>2017-10-10T00:00:00+02:00</sln:gmIIPWersja><sln:gmIdTeryt>2001043</sln:gmIdTeryt><sln:gmNazwa>Lipsk</sln:gmNazwa><sln:miejscIIPId>b1159f32-f69f-4e4d-b6be-870ea06060b9</sln:miejscIIPId><sln:miejscIIPPn>PL.PZGIK.200</sln:miejscIIPPn><sln:miejscIIPWersja>2017-04-12T13:55:37+02:00</sln:miejscIIPWersja><sln:miejscIdTeryt>0761897</sln:miejscIdTeryt><sln:miejscNazwa>Rogożynek</sln:miejscNazwa><sln:miejscRodzaj>Wieś</sln:miejscRodzaj><sln:powIIPId>46c53311-3b2d-4273-87c6-92817f4b877e</sln:powIIPId><sln:powIIPPn>PL.PZGIK.200</sln:powIIPPn><sln:powIIPWersja>2017-10-10T00:00:00+02:00</sln:powIIPWersja><sln:powIdTeryt>2001</sln:powIdTeryt><sln:powNazwa>augustowski</sln:powNazwa><sln:waznyOd>2013-09-24T00:00:00+02:00</sln:waznyOd><sln:wojIIPId>53ad7aea-d9d3-40c9-9a5c-ff737d5b076e</sln:wojIIPId><sln:wojIIPPn>PL.PZGIK.200</sln:wojIIPPn><sln:wojIIPWersja>2017-10-10T00:00:00+02:00</sln:wojIIPWersja><sln:wojIdTeryt>20</sln:wojIdTeryt><sln:wojNazwa>podlaskie</sln:wojNazwa></sln:miejscowosc><sln:miejscowosc><sln:cyklZyciaOd>2017-04-12T00:00:00+02:00</sln:cyklZyciaOd><sln:gmIIPId>2c6bb3ce-b779-496d-8a03-e9e79f5b231e</sln:gmIIPId><sln:gmIIPPn>PL.PZGIK.200</sln:gmIIPPn><sln:gmIIPWersja>2017-10-10T00:00:00+02:00</sln:gmIIPWersja><sln:gmIdTeryt>2001043</sln:gmIdTeryt><sln:gmNazwa>Lipsk</sln:gmNazwa><sln:miejscIIPId>afea1ca4-fc1f-406a-9133-ee3eba1d9a54</sln:miejscIIPId><sln:miejscIIPPn>PL.PZGIK.200</sln:miejscIIPPn><sln:miejscIIPWersja>2017-04-12T13:55:37+02:00</sln:miejscIIPWersja><sln:miejscIdTeryt>0761905</sln:miejscIdTeryt><sln:miejscNazwa>Rygałówka</sln:miejscNazwa><sln:miejscRodzaj>Wieś</sln:miejscRodzaj><sln:powIIPId>46c53311-3b2d-4273-87c6-92817f4b877e</sln:powIIPId><sln:powIIPPn>PL.PZGIK.200</sln:powIIPPn><sln:powIIPWersja>2017-10-10T00:00:00+02:00</sln:powIIPWersja><sln:powIdTeryt>2001</sln:powIdTeryt><sln:powNazwa>augustowski</sln:powNazwa><sln:waznyOd>2013-09-24T00:00:00+02:00</sln:waznyOd><sln:wojIIPId>53ad7aea-d9d3-40c9-9a5c-ff737d5b076e</sln:wojIIPId><sln:wojIIPPn>PL.PZGIK.200</sln:wojIIPPn><sln:wojIIPWersja>2017-10-10T00:00:00+02:00</sln:wojIIPWersja><sln:wojIdTeryt>20</sln:wojIdTeryt><sln:wojNazwa>podlaskie</sln:wojNazwa></sln:miejscowosc><sln:miejscowosc><sln:cyklZyciaOd>2017-04-12T00:00:00+02:00</sln:cyklZyciaOd><sln:gmIIPId>2c6bb3ce-b779-496d-8a03-e9e79f5b231e</sln:gmIIPId><sln:gmIIPPn>PL.PZGIK.200</sln:gmIIPPn><sln:gmIIPWersja>2017-10-10T00:00:00+02:00</sln:gmIIPWersja><sln:gmIdTeryt>2001043</sln:gmIdTeryt><sln:gmNazwa>Lipsk</sln:gmNazwa><sln:miejscIIPId>c173d313-f711-4067-b1ca-1b06f71ce1d8</sln:miejscIIPId><sln:miejscIIPPn>PL.PZGIK.200</sln:miejscIIPPn><sln:miejscIIPWersja>2017-04-12T13:55:37+02:00</sln:miejscIIPWersja><sln:miejscIdTeryt>0761911</sln:miejscIdTeryt><sln:miejscNazwa>Siółko</sln:miejscNazwa><sln:miejscRodzaj>Wieś</sln:miejscRodzaj><sln:powIIPId>46c53311-3b2d-4273-87c6-92817f4b877e</sln:powIIPId><sln:powIIPPn>PL.PZGIK.200</sln:powIIPPn><sln:powIIPWersja>2017-10-10T00:00:00+02:00</sln:powIIPWersja><sln:powIdTeryt>2001</sln:powIdTeryt><sln:powNazwa>augustowski</sln:powNazwa><sln:waznyOd>2013-09-24T00:00:00+02:00</sln:waznyOd><sln:wojIIPId>53ad7aea-d9d3-40c9-9a5c-ff737d5b076e</sln:wojIIPId><sln:wojIIPPn>PL.PZGIK.200</sln:wojIIPPn><sln:wojIIPWersja>2017-10-10T00:00:00+02:00</sln:wojIIPWersja><sln:wojIdTeryt>20</sln:wojIdTeryt><sln:wojNazwa>podlaskie</sln:wojNazwa></sln:miejscowosc><sln:miejscowosc><sln:cyklZyciaOd>2017-04-12T00:00:00+02:00</sln:cyklZyciaOd><sln:gmIIPId>2c6bb3ce-b779-496d-8a03-e9e79f5b231e</sln:gmIIPId><sln:gmIIPPn>PL.PZGIK.200</sln:gmIIPPn><sln:gmIIPWersja>2017-10-10T00:00:00+02:00</sln:gmIIPWersja><sln:gmIdTeryt>2001043</sln:gmIdTeryt><sln:gmNazwa>Lipsk</sln:gmNazwa><sln:miejscIIPId>0cea8352-7118-4d84-aa2a-ca5d4dc1f5f6</sln:miejscIIPId><sln:miejscIIPPn>PL.PZGIK.200</sln:miejscIIPPn><sln:miejscIIPWersja>2017-04-12T13:55:37+02:00</sln:miejscIIPWersja><sln:miejscIdTeryt>0761928</sln:miejscIdTeryt><sln:miejscNazwa>Lipsk Murowany</sln:miejscNazwa><sln:miejscRodzaj>Kolonia</sln:miejscRodzaj><sln:powIIPId>46c53311-3b2d-4273-87c6-92817f4b877e</sln:powIIPId><sln:powIIPPn>PL.PZGIK.200</sln:powIIPPn><sln:powIIPWersja>2017-10-10T00:00:00+02:00</sln:powIIPWersja><sln:powIdTeryt>2001</sln:powIdTeryt><sln:powNazwa>augustowski</sln:powNazwa><sln:waznyOd>2013-10-04T00:00:00+02:00</sln:waznyOd><sln:wojIIPId>53ad7aea-d9d3-40c9-9a5c-ff737d5b076e</sln:wojIIPId><sln:wojIIPPn>PL.PZGIK.200</sln:wojIIPPn><sln:wojIIPWersja>2017-10-10T00:00:00+02:00</sln:wojIIPWersja><sln:wojIdTeryt>20</sln:wojIdTeryt><sln:wojNazwa>podlaskie</sln:wojNazwa></sln:miejscowosc><sln:miejscowosc><sln:cyklZyciaOd>2017-04-12T00:00:00+02:00</sln:cyklZyciaOd><sln:gmIIPId>2c6bb3ce-b779-496d-8a03-e9e79f5b231e</sln:gmIIPId><sln:gmIIPPn>PL.PZGIK.200</sln:gmIIPPn><sln:gmIIPWersja>2017-10-10T00:00:00+02:00</sln:gmIIPWersja><sln:gmIdTeryt>2001043</sln:gmIdTeryt><sln:gmNazwa>Lipsk</sln:gmNazwa><sln:miejscIIPId>300e9251-b992-4a5a-8c99-531df7bc750c</sln:miejscIIPId><sln:miejscIIPPn>PL.PZGIK.200</sln:miejscIIPPn><sln:miejscIIPWersja>2017-04-12T13:55:37+02:00</sln:miejscIIPWersja><sln:miejscIdTeryt>0761934</sln:miejscIdTeryt><sln:miejscNazwa>Skieblewo</sln:miejscNazwa><sln:miejscRodzaj>Wieś</sln:miejscRodzaj><sln:powIIPId>46c53311-3b2d-4273-87c6-92817f4b877e</sln:powIIPId><sln:powIIPPn>PL.PZGIK.200</sln:powIIPPn><sln:powIIPWersja>2017-10-10T00:00:00+02:00</sln:powIIPWersja><sln:powIdTeryt>2001</sln:powIdTeryt><sln:powNazwa>augustowski</sln:powNazwa><sln:waznyOd>2013-09-24T00:00:00+02:00</sln:waznyOd><sln:wojIIPId>53ad7aea-d9d3-40c9-9a5c-ff737d5b076e</sln:wojIIPId><sln:wojIIPPn>PL.PZGIK.200</sln:wojIIPPn><sln:wojIIPWersja>2017-10-10T00:00:00+02:00</sln:wojIIPWersja><sln:wojIdTeryt>20</sln:wojIdTeryt><sln:wojNazwa>podlaskie</sln:wojNazwa></sln:miejscowosc><sln:miejscowosc><sln:cyklZyciaOd>2017-04-12T00:00:00+02:00</sln:cyklZyciaOd><sln:gmIIPId>2c6bb3ce-b779-496d-8a03-e9e79f5b231e</sln:gmIIPId><sln:gmIIPPn>PL.PZGIK.200</sln:gmIIPPn><sln:gmIIPWersja>2017-10-10T00:00:00+02:00</sln:gmIIPWersja><sln:gmIdTeryt>2001043</sln:gmIdTeryt><sln:gmNazwa>Lipsk</sln:gmNazwa><sln:miejscIIPId>5fae027b-6082-451d-85b4-b6d9f88ab7a4</sln:miejscIIPId><sln:miejscIIPPn>PL.PZGIK.200</sln:miejscIIPPn><sln:miejscIIPWersja>2017-04-12T13:55:38+02:00</sln:miejscIIPWersja><sln:miejscIdTeryt>0761940</sln:miejscIdTeryt><sln:miejscNazwa>Stare Leśne Bohatery</sln:miejscNazwa><sln:miejscRodzaj>Wieś</sln:miejscRodzaj><sln:powIIPId>46c53311-3b2d-4273-87c6-92817f4b877e</sln:powIIPId><sln:powIIPPn>PL.PZGIK.200</sln:powIIPPn><sln:powIIPWersja>2017-10-10T00:00:00+02:00</sln:powIIPWersja><sln:powIdTeryt>2001</sln:powIdTeryt><sln:powNazwa>augustowski</sln:powNazwa><sln:waznyOd>2013-09-24T00:00:00+02:00</sln:waznyOd><sln:wojIIPId>53ad7aea-d9d3-40c9-9a5c-ff737d5b076e</sln:wojIIPId><sln:wojIIPPn>PL.PZGIK.200</sln:wojIIPPn><sln:wojIIPWersja>2017-10-10T00:00:00+02:00</sln:wojIIPWersja><sln:wojIdTeryt>20</sln:wojIdTeryt><sln:wojNazwa>podlaskie</sln:wojNazwa></sln:miejscowosc><sln:miejscowosc><sln:cyklZyciaOd>2017-04-12T00:00:00+02:00</sln:cyklZyciaOd><sln:gmIIPId>2c6bb3ce-b779-496d-8a03-e9e79f5b231e</sln:gmIIPId><sln:gmIIPPn>PL.PZGIK.200</sln:gmIIPPn><sln:gmIIPWersja>2017-10-10T00:00:00+02:00</sln:gmIIPWersja><sln:gmIdTeryt>2001043</sln:gmIdTeryt><sln:gmNazwa>Lipsk</sln:gmNazwa><sln:miejscIIPId>1d932df4-7bed-4bbf-b261-9e64bd12a0a1</sln:miejscIIPId><sln:miejscIIPPn>PL.PZGIK.200</sln:miejscIIPPn><sln:miejscIIPWersja>2017-04-12T13:55:38+02:00</sln:miejscIIPWersja><sln:miejscIdTeryt>0761957</sln:miejscIdTeryt><sln:miejscNazwa>Starożyńce</sln:miejscNazwa><sln:miejscRodzaj>Wieś</sln:miejscRodzaj><sln:powIIPId>46c53311-3b2d-4273-87c6-92817f4b877e</sln:powIIPId><sln:powIIPPn>PL.PZGIK.200</sln:powIIPPn><sln:powIIPWersja>2017-10-10T00:00:00+02:00</sln:powIIPWersja><sln:powIdTeryt>2001</sln:powIdTeryt><sln:powNazwa>augustowski</sln:powNazwa><sln:waznyOd>2013-09-24T00:00:00+02:00</sln:waznyOd><sln:wojIIPId>53ad7aea-d9d3-40c9-9a5c-ff737d5b076e</sln:wojIIPId><sln:wojIIPPn>PL.PZGIK.200</sln:wojIIPPn><sln:wojIIPWersja>2017-10-10T00:00:00+02:00</sln:wojIIPWersja><sln:wojIdTeryt>20</sln:wojIdTeryt><sln:wojNazwa>podlaskie</sln:wojNazwa></sln:miejscowosc><sln:miejscowosc><sln:cyklZyciaOd>2017-04-12T00:00:00+02:00</sln:cyklZyciaOd><sln:gmIIPId>2c6bb3ce-b779-496d-8a03-e9e79f5b231e</sln:gmIIPId><sln:gmIIPPn>PL.PZGIK.200</sln:gmIIPPn><sln:gmIIPWersja>2017-10-10T00:00:00+02:00</sln:gmIIPWersja><sln:gmIdTeryt>2001043</sln:gmIdTeryt><sln:gmNazwa>Lipsk</sln:gmNazwa><sln:miejscIIPId>8f70ac25-7665-4e72-ad87-a133bf6feec4</sln:miejscIIPId><sln:miejscIIPPn>PL.PZGIK.200</sln:miejscIIPPn><sln:miejscIIPWersja>2017-04-12T13:55:38+02:00</sln:miejscIIPWersja><sln:miejscIdTeryt>0761963</sln:miejscIdTeryt><sln:miejscNazwa>Stary Rogożyn</sln:miejscNazwa><sln:miejscRodzaj>Wieś</sln:miejscRodzaj><sln:powIIPId>46c53311-3b2d-4273-87c6-92817f4b877e</sln:powIIPId><sln:powIIPPn>PL.PZGIK.200</sln:powIIPPn><sln:powIIPWersja>2017-10-10T00:00:00+02:00</sln:powIIPWersja><sln:powIdTeryt>2001</sln:powIdTeryt><sln:powNazwa>augustowski</sln:powNazwa><sln:waznyOd>2013-09-24T00:00:00+02:00</sln:waznyOd><sln:wojIIPId>53ad7aea-d9d3-40c9-9a5c-ff737d5b076e</sln:wojIIPId><sln:wojIIPPn>PL.PZGIK.200</sln:wojIIPPn><sln:wojIIPWersja>2017-10-10T00:00:00+02:00</sln:wojIIPWersja><sln:wojIdTeryt>20</sln:wojIdTeryt><sln:wojNazwa>podlaskie</sln:wojNazwa></sln:miejscowosc><sln:miejscowosc><sln:cyklZyciaOd>2017-04-12T00:00:00+02:00</sln:cyklZyciaOd><sln:gmIIPId>2c6bb3ce-b779-496d-8a03-e9e79f5b231e</sln:gmIIPId><sln:gmIIPPn>PL.PZGIK.200</sln:gmIIPPn><sln:gmIIPWersja>2017-10-10T00:00:00+02:00</sln:gmIIPWersja><sln:gmIdTeryt>2001043</sln:gmIdTeryt><sln:gmNazwa>Lipsk</sln:gmNazwa><sln:miejscIIPId>78c582dc-ef3a-4cb5-a326-dd5474fe8ba4</sln:miejscIIPId><sln:miejscIIPPn>PL.PZGIK.200</sln:miejscIIPPn><sln:miejscIIPWersja>2017-04-12T13:55:38+02:00</sln:miejscIIPWersja><sln:miejscIdTeryt>0761970</sln:miejscIdTeryt><sln:miejscNazwa>Wołkusz</sln:miejscNazwa><sln:miejscRodzaj>Wieś</sln:miejscRodzaj><sln:powIIPId>46c53311-3b2d-4273-87c6-92817f4b877e</sln:powIIPId><sln:powIIPPn>PL.PZGIK.200</sln:powIIPPn><sln:powIIPWersja>2017-10-10T00:00:00+02:00</sln:powIIPWersja><sln:powIdTeryt>2001</sln:powIdTeryt><sln:powNazwa>augustowski</sln:powNazwa><sln:waznyOd>2013-09-24T00:00:00+02:00</sln:waznyOd><sln:wojIIPId>53ad7aea-d9d3-40c9-9a5c-ff737d5b076e</sln:wojIIPId><sln:wojIIPPn>PL.PZGIK.200</sln:wojIIPPn><sln:wojIIPWersja>2017-10-10T00:00:00+02:00</sln:wojIIPWersja><sln:wojIdTeryt>20</sln:wojIdTeryt><sln:wojNazwa>podlaskie</sln:wojNazwa></sln:miejscowosc><sln:miejscowosc><sln:cyklZyciaOd>2017-04-12T00:00:00+02:00</sln:cyklZyciaOd><sln:gmIIPId>2c6bb3ce-b779-496d-8a03-e9e79f5b231e</sln:gmIIPId><sln:gmIIPPn>PL.PZGIK.200</sln:gmIIPPn><sln:gmIIPWersja>2017-10-10T00:00:00+02:00</sln:gmIIPWersja><sln:gmIdTeryt>2001043</sln:gmIdTeryt><sln:gmNazwa>Lipsk</sln:gmNazwa><sln:miejscIIPId>030cbe92-5463-4518-b431-13d5e3f87d81</sln:miejscIIPId><sln:miejscIIPPn>PL.PZGIK.200</sln:miejscIIPPn><sln:miejscIIPWersja>2017-04-12T13:55:38+02:00</sln:miejscIIPWersja><sln:miejscIdTeryt>0761986</sln:miejscIdTeryt><sln:miejscNazwa>Sołojewszczyzna</sln:miejscNazwa><sln:miejscRodzaj>Przysiółek</sln:miejscRodzaj><sln:powIIPId>46c53311-3b2d-4273-87c6-92817f4b877e</sln:powIIPId><sln:powIIPPn>PL.PZGIK.200</sln:powIIPPn><sln:powIIPWersja>2017-10-10T00:00:00+02:00</sln:powIIPWersja><sln:powIdTeryt>2001</sln:powIdTeryt><sln:powNazwa>augustowski</sln:powNazwa><sln:waznyOd>2013-10-04T00:00:00+02:00</sln:waznyOd><sln:wojIIPId>53ad7aea-d9d3-40c9-9a5c-ff737d5b076e</sln:wojIIPId><sln:wojIIPPn>PL.PZGIK.200</sln:wojIIPPn><sln:wojIIPWersja>2017-10-10T00:00:00+02:00</sln:wojIIPWersja><sln:wojIdTeryt>20</sln:wojIdTeryt><sln:wojNazwa>podlaskie</sln:wojNazwa></sln:miejscowosc><sln:miejscowosc><sln:cyklZyciaOd>2017-04-12T00:00:00+02:00</sln:cyklZyciaOd><sln:gmIIPId>2c6bb3ce-b779-496d-8a03-e9e79f5b231e</sln:gmIIPId><sln:gmIIPPn>PL.PZGIK.200</sln:gmIIPPn><sln:gmIIPWersja>2017-10-10T00:00:00+02:00</sln:gmIIPWersja><sln:gmIdTeryt>2001043</sln:gmIdTeryt><sln:gmNazwa>Lipsk</sln:gmNazwa><sln:miejscIIPId>075af755-009e-4e5d-a7b1-d38d671ef7e8</sln:miejscIIPId><sln:miejscIIPPn>PL.PZGIK.200</sln:miejscIIPPn><sln:miejscIIPWersja>2017-04-12T13:55:38+02:00</sln:miejscIIPWersja><sln:miejscIdTeryt>0761992</sln:miejscIdTeryt><sln:miejscNazwa>Wyżarne</sln:miejscNazwa><sln:miejscRodzaj>Wieś</sln:miejscRodzaj><sln:powIIPId>46c53311-3b2d-4273-87c6-92817f4b877e</sln:powIIPId><sln:powIIPPn>PL.PZGIK.200</sln:powIIPPn><sln:powIIPWersja>2017-10-10T00:00:00+02:00</sln:powIIPWersja><sln:powIdTeryt>2001</sln:powIdTeryt><sln:powNazwa>augustowski</sln:powNazwa><sln:waznyOd>2013-09-24T00:00:00+02:00</sln:waznyOd><sln:wojIIPId>53ad7aea-d9d3-40c9-9a5c-ff737d5b076e</sln:wojIIPId><sln:wojIIPPn>PL.PZGIK.200</sln:wojIIPPn><sln:wojIIPWersja>2017-10-10T00:00:00+02:00</sln:wojIIPWersja><sln:wojIdTeryt>20</sln:wojIdTeryt><sln:wojNazwa>podlaskie</sln:wojNazwa></sln:miejscowosc><sln:miejscowosc><sln:cyklZyciaOd>2017-04-12T00:00:00+02:00</sln:cyklZyciaOd><sln:gmIIPId>2c6bb3ce-b779-496d-8a03-e9e79f5b231e</sln:gmIIPId><sln:gmIIPPn>PL.PZGIK.200</sln:gmIIPPn><sln:gmIIPWersja>2017-10-10T00:00:00+02:00</sln:gmIIPWersja><sln:gmIdTeryt>2001043</sln:gmIdTeryt><sln:gmNazwa>Lipsk</sln:gmNazwa><sln:miejscIIPId>5a908797-aa5f-459c-8042-2ed7d10b89d0</sln:miejscIIPId><sln:miejscIIPPn>PL.PZGIK.200</sln:miejscIIPPn><sln:miejscIIPWersja>2017-04-12T13:55:38+02:00</sln:miejscIIPWersja><sln:miejscIdTeryt>0762000</sln:miejscIdTeryt><sln:miejscNazwa>Żabickie</sln:miejscNazwa><sln:miejscRodzaj>Wieś</sln:miejscRodzaj><sln:powIIPId>46c53311-3b2d-4273-87c6-92817f4b877e</sln:powIIPId><sln:powIIPPn>PL.PZGIK.200</sln:powIIPPn><sln:powIIPWersja>2017-10-10T00:00:00+02:00</sln:powIIPWersja><sln:powIdTeryt>2001</sln:powIdTeryt><sln:powNazwa>augustowski</sln:powNazwa><sln:waznyOd>2013-09-24T00:00:00+02:00</sln:waznyOd><sln:wojIIPId>53ad7aea-d9d3-40c9-9a5c-ff737d5b076e</sln:wojIIPId><sln:wojIIPPn>PL.PZGIK.200</sln:wojIIPPn><sln:wojIIPWersja>2017-10-10T00:00:00+02:00</sln:wojIIPWersja><sln:wojIdTeryt>20</sln:wojIdTeryt><sln:wojNazwa>podlaskie</sln:wojNazwa></sln:miejscowosc><sln:miejscowosc><sln:cyklZyciaOd>2017-04-12T00:00:00+02:00</sln:cyklZyciaOd><sln:gmIIPId>2c6bb3ce-b779-496d-8a03-e9e79f5b231e</sln:gmIIPId><sln:gmIIPPn>PL.PZGIK.200</sln:gmIIPPn><sln:gmIIPWersja>2017-10-10T00:00:00+02:00</sln:gmIIPWersja><sln:gmIdTeryt>2001043</sln:gmIdTeryt><sln:gmNazwa>Lipsk</sln:gmNazwa><sln:miejscIIPId>657bcb85-4f24-4670-aa54-49293a1058d5</sln:miejscIIPId><sln:miejscIIPPn>PL.PZGIK.200</sln:miejscIIPPn><sln:miejscIIPWersja>2017-04-12T13:55:38+02:00</sln:miejscIIPWersja><sln:miejscIdTeryt>0977717</sln:miejscIdTeryt><sln:miejscNazwa>Lipsk</sln:miejscNazwa><sln:miejscRodzaj>Miasto</sln:miejscRodzaj><sln:powIIPId>46c53311-3b2d-4273-87c6-92817f4b877e</sln:powIIPId><sln:powIIPPn>PL.PZGIK.200</sln:powIIPPn><sln:powIIPWersja>2017-10-10T00:00:00+02:00</sln:powIIPWersja><sln:powIdTeryt>2001</sln:powIdTeryt><sln:powNazwa>augustowski</sln:powNazwa><sln:waznyOd>2013-09-24T00:00:00+02:00</sln:waznyOd><sln:wojIIPId>53ad7aea-d9d3-40c9-9a5c-ff737d5b076e</sln:wojIIPId><sln:wojIIPPn>PL.PZGIK.200</sln:wojIIPPn><sln:wojIIPWersja>2017-10-10T00:00:00+02:00</sln:wojIIPWersja><sln:wojIdTeryt>20</sln:wojIdTeryt><sln:wojNazwa>podlaskie</sln:wojNazwa></sln:miejscowosc></sln:lista-miejscowosci>