<?xml version="1.0" encoding="UTF-8" standalone="yes"?><sln:lista-miejscowosci xmlns:srv="http://gugik.gov.pl/schemas/slowniki-service/1.0" xmlns:sln="http://gugik.gov.pl/schemas/slowniki-schema/1.0"><sln:miejscowosc><sln:cyklZyciaDo>2017-11-27T00:00:00+01:00</sln:cyklZyciaDo><sln:cyklZyciaOd>2014-12-05T00:00:00+01:00</sln:cyklZyciaOd><sln:gmIIPId>4e3ff3a9-30dc-4dd8-96d2-d9710033a981</sln:gmIIPId><sln:gmIIPPn>PL.PZGIK.200</sln:gmIIPPn><sln:gmIIPWersja>2012-09-26T22:17:25+02:00</sln:gmIIPWersja><sln:gmIdTeryt>2013042</sln:gmIdTeryt><sln:gmNazwa>Klukowo</sln:gmNazwa><sln:miejscIIPId>305b8f1d-1daf-4bc3-b600-5f4661f67923</sln:miejscIIPId><sln:miejscIIPPn>PL.PZGIK.200</sln:miejscIIPPn><sln:miejscIIPWersja>2016-11-24T13:39:13+02:00</sln:miejscIIPWersja><sln:miejscIdTeryt>0398570</sln:miejscIdTeryt><sln:miejscNazwa>Kapłań</sln:miejscNazwa><sln:miejscRodzaj>Wieś</sln:miejscRodzaj><sln:powIIPId>36c11217-5f6d-45d7-89bc-c877a26794dc</sln:powIIPId><sln:powIIPPn>PL.PZGIK.200</sln:powIIPPn><sln:powIIPWersja>2012-09-27T09:26:09+02:00</sln:powIIPWersja><sln:powIdTeryt>2013</sln:powIdTeryt><sln:powNazwa>wysokomazowiecki</sln:powNazwa><sln:wojIIPId>53ad7aea-d9d3-40c9-9a5c-ff737d5b076e</sln:wojIIPId><sln:wojIIPPn>PL.PZGIK.200</sln:wojIIPPn><sln:wojIIPWersja>2017-10-10T00:00:00+02:00</sln:wojIIPWersja><sln:wojIdTeryt>20</sln:wojIdTeryt><sln:wojNazwa>podlaskie</sln:wojNazwa></sln:miejscowosc><sln:miejscowosc><sln:cyklZyciaDo>2017-11-27T00:00:00+01:00</sln:cyklZyciaDo><sln:cyklZyciaOd>2014-12-05T00:00:00+01:00</sln:cyklZyciaOd><sln:gmIIPId>4e3ff3a9-30dc-4dd8-96d2-d9710033a981</sln:gmIIPId><sln:gmIIPPn>PL.PZGIK.200</sln:gmIIPPn><sln:gmIIPWersja>2012-09-26T22:17:25+02:00</sln:gmIIPWersja><sln:gmIdTeryt>2013042</sln:gmIdTeryt><sln:gmNazwa>Klukowo</sln:gmNazwa><sln:miejscIIPId>0a191205-7b2b-44b8-9142-43a23e9e4c15</sln:miejscIIPId><sln:miejscIIPPn>PL.PZGIK.200</sln:miejscIIPPn><sln:miejscIIPWersja>2016-11-24T13:41:48+02:00</sln:miejscIIPWersja><sln:miejscIdTeryt>0398681</sln:miejscIdTeryt><sln:miejscNazwa>Malinowo</sln:miejscNazwa><sln:miejscRodzaj>Wieś</sln:miejscRodzaj><sln:powIIPId>36c11217-5f6d-45d7-89bc-c877a26794dc</sln:powIIPId><sln:powIIPPn>PL.PZGIK.200</sln:powIIPPn><sln:powIIPWersja>2012-09-27T09:26:09+02:00</sln:powIIPWersja><sln:powIdTeryt>2013</sln:powIdTeryt><sln:powNazwa>wysokomazowiecki</sln:powNazwa><sln:wojIIPId>53ad7aea-d9d3-40c9-9a5c-ff737d5b076e</sln:wojIIPId><sln:wojIIPPn>PL.PZGIK.200</sln:wojIIPPn><sln:wojIIPWersja>2017-10-10T00:00:00+02:00</sln:wojIIPWersja><sln:wojIdTeryt>20</sln:wojIdTeryt><sln:wojNazwa>podlaskie</sln:wojNazwa></sln:miejscowosc><sln:miejscowosc><sln:cyklZyciaDo>2017-11-27T00:00:00+01:00</sln:cyklZyciaDo><sln:cyklZyciaOd>2014-12-05T00:00:00+01:00</sln:cyklZyciaOd><sln:gmIIPId>4e3ff3a9-30dc-4dd8-96d2-d9710033a981</sln:gmIIPId><sln:gmIIPPn>PL.PZGIK.200</sln:gmIIPPn><sln:gmIIPWersja>2012-09-26T22:17:25+02:00</sln:gmIIPWersja><sln:gmIdTeryt>2013042</sln:gmIdTeryt><sln:gmNazwa>Klukowo</sln:gmNazwa><sln:miejscIIPId>dc82cf02-90a6-408e-bfb2-f9ac2c481055</sln:miejscIIPId><sln:miejscIIPPn>PL.PZGIK.200</sln:miejscIIPPn><sln:miejscIIPWersja>2016-11-24T13:41:18+02:00</sln:miejscIIPWersja><sln:miejscIdTeryt>0398630</sln:miejscIdTeryt><sln:miejscNazwa>Lubowicz-Byzie</sln:miejscNazwa><sln:miejscRodzaj>Wieś</sln:miejscRodzaj><sln:powIIPId>36c11217-5f6d-45d7-89bc-c877a26794dc</sln:powIIPId><sln:powIIPPn>PL.PZGIK.200</sln:powIIPPn><sln:powIIPWersja>2012-09-27T09:26:09+02:00</sln:powIIPWersja><sln:powIdTeryt>2013</sln:powIdTeryt><sln:powNazwa>wysokomazowiecki</sln:powNazwa><sln:wojIIPId>53ad7aea-d9d3-40c9-9a5c-ff737d5b076e</sln:wojIIPId><sln:wojIIPPn>PL.PZGIK.200</sln:wojIIPPn><sln:wojIIPWersja>2017-10-10T00:00:00+02:00</sln:wojIIPWersja><sln:wojIdTeryt>20</sln:wojIdTeryt><sln:wojNazwa>podlaskie</sln:wojNazwa></sln:miejscowosc><sln:miejscowosc><sln:cyklZyciaDo>2017-11-27T00:00:00+01:00</sln:cyklZyciaDo><sln:cyklZyciaOd>2014-12-05T00:00:00+01:00</sln:cyklZyciaOd><sln:gmIIPId>4e3ff3a9-30dc-4dd8-96d2-d9710033a981</sln:gmIIPId><sln:gmIIPPn>PL.PZGIK.200</sln:gmIIPPn><sln:gmIIPWersja>2012-09-26T22:17:25+02:00</sln:gmIIPWersja><sln:gmIdTeryt>2013042</sln:gmIdTeryt><sln:gmNazwa>Klukowo</sln:gmNazwa><sln:miejscIIPId>3139ec14-9ab1-4e3e-9249-4447cf301900</sln:miejscIIPId><sln:miejscIIPPn>PL.PZGIK.200</sln:miejscIIPPn><sln:miejscIIPWersja>2016-11-24T13:40:37+02:00</sln:miejscIIPWersja><sln:miejscIdTeryt>0398623</sln:miejscIdTeryt><sln:miejscNazwa>Kuczyn</sln:miejscNazwa><sln:miejscRodzaj>Wieś</sln:miejscRodzaj><sln:powIIPId>36c11217-5f6d-45d7-89bc-c877a26794dc</sln:powIIPId><sln:powIIPPn>PL.PZGIK.200</sln:powIIPPn><sln:powIIPWersja>2012-09-27T09:26:09+02:00</sln:powIIPWersja><sln:powIdTeryt>2013</sln:powIdTeryt><sln:powNazwa>wysokomazowiecki</sln:powNazwa><sln:wojIIPId>53ad7aea-d9d3-40c9-9a5c-ff737d5b076e</sln:wojIIPId><sln:wojIIPPn>PL.PZGIK.200</sln:wojIIPPn><sln:wojIIPWersja>2017-10-10T00:00:00+02:00</sln:wojIIPWersja><sln:wojIdTeryt>20</sln:wojIdTeryt><sln:wojNazwa>podlaskie</sln:wojNazwa></sln:miejscowosc><sln:miejscowosc><sln:cyklZyciaDo>2017-11-27T00:00:00+01:00</sln:cyklZyciaDo><sln:cyklZyciaOd>2014-12-05T00:00:00+01:00</sln:cyklZyciaOd><sln:gmIIPId>4e3ff3a9-30dc-4dd8-96d2-d9710033a981</sln:gmIIPId><sln:gmIIPPn>PL.PZGIK.200</sln:gmIIPPn><sln:gmIIPWersja>2012-09-26T22:17:25+02:00</sln:gmIIPWersja><sln:gmIdTeryt>2013042</sln:gmIdTeryt><sln:gmNazwa>Klukowo</sln:gmNazwa><sln:miejscIIPId>daf512b2-f207-41c6-b74d-9e476a8f5f24</sln:miejscIIPId><sln:miejscIIPPn>PL.PZGIK.200</sln:miejscIIPPn><sln:miejscIIPWersja>2016-11-24T13:34:00+02:00</sln:miejscIIPWersja><sln:miejscIdTeryt>0398860</sln:miejscIdTeryt><sln:miejscNazwa>Wyszonki-Włosty</sln:miejscNazwa><sln:miejscRodzaj>Wieś</sln:miejscRodzaj><sln:powIIPId>36c11217-5f6d-45d7-89bc-c877a26794dc</sln:powIIPId><sln:powIIPPn>PL.PZGIK.200</sln:powIIPPn><sln:powIIPWersja>2012-09-27T09:26:09+02:00</sln:powIIPWersja><sln:powIdTeryt>2013</sln:powIdTeryt><sln:powNazwa>wysokomazowiecki</sln:powNazwa><sln:wojIIPId>53ad7aea-d9d3-40c9-9a5c-ff737d5b076e</sln:wojIIPId><sln:wojIIPPn>PL.PZGIK.200</sln:wojIIPPn><sln:wojIIPWersja>2017-10-10T00:00:00+02:00</sln:wojIIPWersja><sln:wojIdTeryt>20</sln:wojIdTeryt><sln:wojNazwa>podlaskie</sln:wojNazwa></sln:miejscowosc><sln:miejscowosc><sln:cyklZyciaDo>2017-11-27T00:00:00+01:00</sln:cyklZyciaDo><sln:cyklZyciaOd>2014-12-05T00:00:00+01:00</sln:cyklZyciaOd><sln:gmIIPId>4e3ff3a9-30dc-4dd8-96d2-d9710033a981</sln:gmIIPId><sln:gmIIPPn>PL.PZGIK.200</sln:gmIIPPn><sln:gmIIPWersja>2012-09-26T22:17:25+02:00</sln:gmIIPWersja><sln:gmIdTeryt>2013042</sln:gmIdTeryt><sln:gmNazwa>Klukowo</sln:gmNazwa><sln:miejscIIPId>257ee3f7-09c0-40fc-b8ca-05367bd8760e</sln:miejscIIPId><sln:miejscIIPPn>PL.PZGIK.200</sln:miejscIIPPn><sln:miejscIIPWersja>2016-11-24T13:32:50+02:00</sln:miejscIIPWersja><sln:miejscIdTeryt>0398818</sln:miejscIdTeryt><sln:miejscNazwa>Usza Wielka</sln:miejscNazwa><sln:miejscRodzaj>Wieś</sln:miejscRodzaj><sln:powIIPId>36c11217-5f6d-45d7-89bc-c877a26794dc</sln:powIIPId><sln:powIIPPn>PL.PZGIK.200</sln:powIIPPn><sln:powIIPWersja>2012-09-27T09:26:09+02:00</sln:powIIPWersja><sln:powIdTeryt>2013</sln:powIdTeryt><sln:powNazwa>wysokomazowiecki</sln:powNazwa><sln:wojIIPId>53ad7aea-d9d3-40c9-9a5c-ff737d5b076e</sln:wojIIPId><sln:wojIIPPn>PL.PZGIK.200</sln:wojIIPPn><sln:wojIIPWersja>2017-10-10T00:00:00+02:00</sln:wojIIPWersja><sln:wojIdTeryt>20</sln:wojIdTeryt><sln:wojNazwa>podlaskie</sln:wojNazwa></sln:miejscowosc><sln:miejscowosc><sln:cyklZyciaDo>2017-11-27T00:00:00+01:00</sln:cyklZyciaDo><sln:cyklZyciaOd>2014-12-05T00:00:00+01:00</sln:cyklZyciaOd><sln:gmIIPId>4e3ff3a9-30dc-4dd8-96d2-d9710033a981</sln:gmIIPId><sln:gmIIPPn>PL.PZGIK.200</sln:gmIIPPn><sln:gmIIPWersja>2012-09-26T22:17:25+02:00</sln:gmIIPWersja><sln:gmIdTeryt>2013042</sln:gmIdTeryt><sln:gmNazwa>Klukowo</sln:gmNazwa><sln:miejscIIPId>424a3e79-9432-4a29-a045-60c15d34be4f</sln:miejscIIPId><sln:miejscIIPPn>PL.PZGIK.200</sln:miejscIIPPn><sln:miejscIIPWersja>2016-11-24T13:31:17+02:00</sln:miejscIIPWersja><sln:miejscIdTeryt>0398741</sln:miejscIdTeryt><sln:miejscNazwa>Stare Kostry</sln:miejscNazwa><sln:miejscRodzaj>Wieś</sln:miejscRodzaj><sln:powIIPId>36c11217-5f6d-45d7-89bc-c877a26794dc</sln:powIIPId><sln:powIIPPn>PL.PZGIK.200</sln:powIIPPn><sln:powIIPWersja>2012-09-27T09:26:09+02:00</sln:powIIPWersja><sln:powIdTeryt>2013</sln:powIdTeryt><sln:powNazwa>wysokomazowiecki</sln:powNazwa><sln:wojIIPId>53ad7aea-d9d3-40c9-9a5c-ff737d5b076e</sln:wojIIPId><sln:wojIIPPn>PL.PZGIK.200</sln:wojIIPPn><sln:wojIIPWersja>2017-10-10T00:00:00+02:00</sln:wojIIPWersja><sln:wojIdTeryt>20</sln:wojIdTeryt><sln:wojNazwa>podlaskie</sln:wojNazwa></sln:miejscowosc><sln:miejscowosc><sln:cyklZyciaDo>2017-11-27T00:00:00+01:00</sln:cyklZyciaDo><sln:cyklZyciaOd>2014-12-05T00:00:00+01:00</sln:cyklZyciaOd><sln:gmIIPId>4e3ff3a9-30dc-4dd8-96d2-d9710033a981</sln:gmIIPId><sln:gmIIPPn>PL.PZGIK.200</sln:gmIIPPn><sln:gmIIPWersja>2012-09-26T22:17:25+02:00</sln:gmIIPWersja><sln:gmIdTeryt>2013042</sln:gmIdTeryt><sln:gmNazwa>Klukowo</sln:gmNazwa><sln:miejscIIPId>10e11fe1-0c62-4188-9c9c-caa652b96759</sln:miejscIIPId><sln:miejscIIPPn>PL.PZGIK.200</sln:miejscIIPPn><sln:miejscIIPWersja>2016-11-24T13:31:19+02:00</sln:miejscIIPWersja><sln:miejscIdTeryt>0398758</sln:miejscIdTeryt><sln:miejscNazwa>Stare Warele</sln:miejscNazwa><sln:miejscRodzaj>Wieś</sln:miejscRodzaj><sln:powIIPId>36c11217-5f6d-45d7-89bc-c877a26794dc</sln:powIIPId><sln:powIIPPn>PL.PZGIK.200</sln:powIIPPn><sln:powIIPWersja>2012-09-27T09:26:09+02:00</sln:powIIPWersja><sln:powIdTeryt>2013</sln:powIdTeryt><sln:powNazwa>wysokomazowiecki</sln:powNazwa><sln:wojIIPId>53ad7aea-d9d3-40c9-9a5c-ff737d5b076e</sln:wojIIPId><sln:wojIIPPn>PL.PZGIK.200</sln:wojIIPPn><sln:wojIIPWersja>2017-10-10T00:00:00+02:00</sln:wojIIPWersja><sln:wojIdTeryt>20</sln:wojIdTeryt><sln:wojNazwa>podlaskie</sln:wojNazwa></sln:miejscowosc><sln:miejscowosc><sln:cyklZyciaDo>2017-11-27T00:00:00+01:00</sln:cyklZyciaDo><sln:cyklZyciaOd>2014-12-05T00:00:00+01:00</sln:cyklZyciaOd><sln:gmIIPId>4e3ff3a9-30dc-4dd8-96d2-d9710033a981</sln:gmIIPId><sln:gmIIPPn>PL.PZGIK.200</sln:gmIIPPn><sln:gmIIPWersja>2012-09-26T22:17:25+02:00</sln:gmIIPWersja><sln:gmIdTeryt>2013042</sln:gmIdTeryt><sln:gmNazwa>Klukowo</sln:gmNazwa><sln:miejscIIPId>79a510ff-44ed-42e8-a650-d5bd55ddf3c9</sln:miejscIIPId><sln:miejscIIPPn>PL.PZGIK.200</sln:miejscIIPPn><sln:miejscIIPWersja>2016-11-24T13:38:00+02:00</sln:miejscIIPWersja><sln:miejscIdTeryt>0398534</sln:miejscIdTeryt><sln:miejscNazwa>Gródek</sln:miejscNazwa><sln:miejscRodzaj>Wieś</sln:miejscRodzaj><sln:powIIPId>36c11217-5f6d-45d7-89bc-c877a26794dc</sln:powIIPId><sln:powIIPPn>PL.PZGIK.200</sln:powIIPPn><sln:powIIPWersja>2012-09-27T09:26:09+02:00</sln:powIIPWersja><sln:powIdTeryt>2013</sln:powIdTeryt><sln:powNazwa>wysokomazowiecki</sln:powNazwa><sln:wojIIPId>53ad7aea-d9d3-40c9-9a5c-ff737d5b076e</sln:wojIIPId><sln:wojIIPPn>PL.PZGIK.200</sln:wojIIPPn><sln:wojIIPWersja>2017-10-10T00:00:00+02:00</sln:wojIIPWersja><sln:wojIdTeryt>20</sln:wojIdTeryt><sln:wojNazwa>podlaskie</sln:wojNazwa></sln:miejscowosc><sln:miejscowosc><sln:cyklZyciaDo>2017-11-27T00:00:00+01:00</sln:cyklZyciaDo><sln:cyklZyciaOd>2014-12-05T00:00:00+01:00</sln:cyklZyciaOd><sln:gmIIPId>4e3ff3a9-30dc-4dd8-96d2-d9710033a981</sln:gmIIPId><sln:gmIIPPn>PL.PZGIK.200</sln:gmIIPPn><sln:gmIIPWersja>2012-09-26T22:17:25+02:00</sln:gmIIPWersja><sln:gmIdTeryt>2013042</sln:gmIdTeryt><sln:gmNazwa>Klukowo</sln:gmNazwa><sln:miejscIIPId>b256e120-03be-40e0-8083-5cd9b6d8fa9f</sln:miejscIIPId><sln:miejscIIPPn>PL.PZGIK.200</sln:miejscIIPPn><sln:miejscIIPWersja>2016-11-24T13:35:04+02:00</sln:miejscIIPWersja><sln:miejscIdTeryt>0398913</sln:miejscIdTeryt><sln:miejscNazwa>Żebry Wielkie</sln:miejscNazwa><sln:miejscRodzaj>Wieś</sln:miejscRodzaj><sln:powIIPId>36c11217-5f6d-45d7-89bc-c877a26794dc</sln:powIIPId><sln:powIIPPn>PL.PZGIK.200</sln:powIIPPn><sln:powIIPWersja>2012-09-27T09:26:09+02:00</sln:powIIPWersja><sln:powIdTeryt>2013</sln:powIdTeryt><sln:powNazwa>wysokomazowiecki</sln:powNazwa><sln:wojIIPId>53ad7aea-d9d3-40c9-9a5c-ff737d5b076e</sln:wojIIPId><sln:wojIIPPn>PL.PZGIK.200</sln:wojIIPPn><sln:wojIIPWersja>2017-10-10T00:00:00+02:00</sln:wojIIPWersja><sln:wojIdTeryt>20</sln:wojIdTeryt><sln:wojNazwa>podlaskie</sln:wojNazwa></sln:miejscowosc><sln:miejscowosc><sln:cyklZyciaDo>2017-11-27T00:00:00+01:00</sln:cyklZyciaDo><sln:cyklZyciaOd>2014-12-05T00:00:00+01:00</sln:cyklZyciaOd><sln:gmIIPId>4e3ff3a9-30dc-4dd8-96d2-d9710033a981</sln:gmIIPId><sln:gmIIPPn>PL.PZGIK.200</sln:gmIIPPn><sln:gmIIPWersja>2012-09-26T22:17:25+02:00</sln:gmIIPWersja><sln:gmIdTeryt>2013042</sln:gmIdTeryt><sln:gmNazwa>Klukowo</sln:gmNazwa><sln:miejscIIPId>08e53f88-ab2c-4fe7-ae3b-ff1e13091cdf</sln:miejscIIPId><sln:miejscIIPPn>PL.PZGIK.200</sln:miejscIIPPn><sln:miejscIIPWersja>2016-11-24T13:34:00+02:00</sln:miejscIIPWersja><sln:miejscIdTeryt>0398882</sln:miejscIdTeryt><sln:miejscNazwa>Wyszonki-Wypychy</sln:miejscNazwa><sln:miejscRodzaj>Wieś</sln:miejscRodzaj><sln:powIIPId>36c11217-5f6d-45d7-89bc-c877a26794dc</sln:powIIPId><sln:powIIPPn>PL.PZGIK.200</sln:powIIPPn><sln:powIIPWersja>2012-09-27T09:26:09+02:00</sln:powIIPWersja><sln:powIdTeryt>2013</sln:powIdTeryt><sln:powNazwa>wysokomazowiecki</sln:powNazwa><sln:wojIIPId>53ad7aea-d9d3-40c9-9a5c-ff737d5b076e</sln:wojIIPId><sln:wojIIPPn>PL.PZGIK.200</sln:wojIIPPn><sln:wojIIPWersja>2017-10-10T00:00:00+02:00</sln:wojIIPWersja><sln:wojIdTeryt>20</sln:wojIdTeryt><sln:wojNazwa>podlaskie</sln:wojNazwa></sln:miejscowosc><sln:miejscowosc><sln:cyklZyciaDo>2017-11-27T00:00:00+01:00</sln:cyklZyciaDo><sln:cyklZyciaOd>2014-12-05T00:00:00+01:00</sln:cyklZyciaOd><sln:gmIIPId>4e3ff3a9-30dc-4dd8-96d2-d9710033a981</sln:gmIIPId><sln:gmIIPPn>PL.PZGIK.200</sln:gmIIPPn><sln:gmIIPWersja>2012-09-26T22:17:25+02:00</sln:gmIIPWersja><sln:gmIdTeryt>2013042</sln:gmIdTeryt><sln:gmNazwa>Klukowo</sln:gmNazwa><sln:miejscIIPId>624e6251-0dfc-4dd5-a1f6-e0706509cadd</sln:miejscIIPId><sln:miejscIIPPn>PL.PZGIK.200</sln:miejscIIPPn><sln:miejscIIPWersja>2016-11-24T13:34:00+02:00</sln:miejscIIPWersja><sln:miejscIdTeryt>0398853</sln:miejscIdTeryt><sln:miejscNazwa>Wyszonki-Nagórki</sln:miejscNazwa><sln:miejscRodzaj>Wieś</sln:miejscRodzaj><sln:powIIPId>36c11217-5f6d-45d7-89bc-c877a26794dc</sln:powIIPId><sln:powIIPPn>PL.PZGIK.200</sln:powIIPPn><sln:powIIPWersja>2012-09-27T09:26:09+02:00</sln:powIIPWersja><sln:powIdTeryt>2013</sln:powIdTeryt><sln:powNazwa>wysokomazowiecki</sln:powNazwa><sln:wojIIPId>53ad7aea-d9d3-40c9-9a5c-ff737d5b076e</sln:wojIIPId><sln:wojIIPPn>PL.PZGIK.200</sln:wojIIPPn><sln:wojIIPWersja>2017-10-10T00:00:00+02:00</sln:wojIIPWersja><sln:wojIdTeryt>20</sln:wojIdTeryt><sln:wojNazwa>podlaskie</sln:wojNazwa></sln:miejscowosc><sln:miejscowosc><sln:cyklZyciaDo>2017-11-27T00:00:00+01:00</sln:cyklZyciaDo><sln:cyklZyciaOd>2014-12-05T00:00:00+01:00</sln:cyklZyciaOd><sln:gmIIPId>4e3ff3a9-30dc-4dd8-96d2-d9710033a981</sln:gmIIPId><sln:gmIIPPn>PL.PZGIK.200</sln:gmIIPPn><sln:gmIIPWersja>2012-09-26T22:17:25+02:00</sln:gmIIPWersja><sln:gmIdTeryt>2013042</sln:gmIdTeryt><sln:gmNazwa>Klukowo</sln:gmNazwa><sln:miejscIIPId>9bba7de0-a65f-4ded-8556-ef18995fafbb</sln:miejscIIPId><sln:miejscIIPPn>PL.PZGIK.200</sln:miejscIIPPn><sln:miejscIIPWersja>2016-11-24T13:39:57+02:00</sln:miejscIIPWersja><sln:miejscIdTeryt>0398617</sln:miejscIdTeryt><sln:miejscNazwa>Kostry-Śmiejki</sln:miejscNazwa><sln:miejscRodzaj>Wieś</sln:miejscRodzaj><sln:powIIPId>36c11217-5f6d-45d7-89bc-c877a26794dc</sln:powIIPId><sln:powIIPPn>PL.PZGIK.200</sln:powIIPPn><sln:powIIPWersja>2012-09-27T09:26:09+02:00</sln:powIIPWersja><sln:powIdTeryt>2013</sln:powIdTeryt><sln:powNazwa>wysokomazowiecki</sln:powNazwa><sln:wojIIPId>53ad7aea-d9d3-40c9-9a5c-ff737d5b076e</sln:wojIIPId><sln:wojIIPPn>PL.PZGIK.200</sln:wojIIPPn><sln:wojIIPWersja>2017-10-10T00:00:00+02:00</sln:wojIIPWersja><sln:wojIdTeryt>20</sln:wojIdTeryt><sln:wojNazwa>podlaskie</sln:wojNazwa></sln:miejscowosc><sln:miejscowosc><sln:cyklZyciaDo>2017-11-27T00:00:00+01:00</sln:cyklZyciaDo><sln:cyklZyciaOd>2014-12-05T00:00:00+01:00</sln:cyklZyciaOd><sln:gmIIPId>4e3ff3a9-30dc-4dd8-96d2-d9710033a981</sln:gmIIPId><sln:gmIIPPn>PL.PZGIK.200</sln:gmIIPPn><sln:gmIIPWersja>2012-09-26T22:17:25+02:00</sln:gmIIPWersja><sln:gmIdTeryt>2013042</sln:gmIdTeryt><sln:gmNazwa>Klukowo</sln:gmNazwa><sln:miejscIIPId>2e363b62-02a6-4f46-9798-860c7fef55e2</sln:miejscIIPId><sln:miejscIIPPn>PL.PZGIK.200</sln:miejscIIPPn><sln:miejscIIPWersja>2016-11-24T13:34:00+02:00</sln:miejscIIPWersja><sln:miejscIdTeryt>0398824</sln:miejscIdTeryt><sln:miejscNazwa>Wyszonki-Błonie</sln:miejscNazwa><sln:miejscRodzaj>Wieś</sln:miejscRodzaj><sln:powIIPId>36c11217-5f6d-45d7-89bc-c877a26794dc</sln:powIIPId><sln:powIIPPn>PL.PZGIK.200</sln:powIIPPn><sln:powIIPWersja>2012-09-27T09:26:09+02:00</sln:powIIPWersja><sln:powIdTeryt>2013</sln:powIdTeryt><sln:powNazwa>wysokomazowiecki</sln:powNazwa><sln:wojIIPId>53ad7aea-d9d3-40c9-9a5c-ff737d5b076e</sln:wojIIPId><sln:wojIIPPn>PL.PZGIK.200</sln:wojIIPPn><sln:wojIIPWersja>2017-10-10T00:00:00+02:00</sln:wojIIPWersja><sln:wojIdTeryt>20</sln:wojIdTeryt><sln:wojNazwa>podlaskie</sln:wojNazwa></sln:miejscowosc><sln:miejscowosc><sln:cyklZyciaDo>2017-11-27T00:00:00+01:00</sln:cyklZyciaDo><sln:cyklZyciaOd>2014-12-05T00:00:00+01:00</sln:cyklZyciaOd><sln:gmIIPId>4e3ff3a9-30dc-4dd8-96d2-d9710033a981</sln:gmIIPId><sln:gmIIPPn>PL.PZGIK.200</sln:gmIIPPn><sln:gmIIPWersja>2012-09-26T22:17:25+02:00</sln:gmIIPWersja><sln:gmIdTeryt>2013042</sln:gmIdTeryt><sln:gmNazwa>Klukowo</sln:gmNazwa><sln:miejscIIPId>fcea233e-f0ff-40a3-860c-3f3abe8575b9</sln:miejscIIPId><sln:miejscIIPPn>PL.PZGIK.200</sln:miejscIIPPn><sln:miejscIIPWersja>2016-11-24T13:49:13+02:00</sln:miejscIIPWersja><sln:miejscIdTeryt>0398801</sln:miejscIdTeryt><sln:miejscNazwa>Gnaty-Soczewka</sln:miejscNazwa><sln:miejscRodzaj>Inny obiekt</sln:miejscRodzaj><sln:powIIPId>36c11217-5f6d-45d7-89bc-c877a26794dc</sln:powIIPId><sln:powIIPPn>PL.PZGIK.200</sln:powIIPPn><sln:powIIPWersja>2012-09-27T09:26:09+02:00</sln:powIIPWersja><sln:powIdTeryt>2013</sln:powIdTeryt><sln:powNazwa>wysokomazowiecki</sln:powNazwa><sln:wojIIPId>53ad7aea-d9d3-40c9-9a5c-ff737d5b076e</sln:wojIIPId><sln:wojIIPPn>PL.PZGIK.200</sln:wojIIPPn><sln:wojIIPWersja>2017-10-10T00:00:00+02:00</sln:wojIIPWersja><sln:wojIdTeryt>20</sln:wojIdTeryt><sln:wojNazwa>podlaskie</sln:wojNazwa></sln:miejscowosc><sln:miejscowosc><sln:cyklZyciaDo>2017-11-27T00:00:00+01:00</sln:cyklZyciaDo><sln:cyklZyciaOd>2014-12-05T00:00:00+01:00</sln:cyklZyciaOd><sln:gmIIPId>4e3ff3a9-30dc-4dd8-96d2-d9710033a981</sln:gmIIPId><sln:gmIIPPn>PL.PZGIK.200</sln:gmIIPPn><sln:gmIIPWersja>2012-09-26T22:17:25+02:00</sln:gmIIPWersja><sln:gmIdTeryt>2013042</sln:gmIdTeryt><sln:gmNazwa>Klukowo</sln:gmNazwa><sln:miejscIIPId>a5acfe95-eaad-43d9-9381-b120c7b61f43</sln:miejscIIPId><sln:miejscIIPPn>PL.PZGIK.200</sln:miejscIIPPn><sln:miejscIIPWersja>2016-11-24T13:28:05+02:00</sln:miejscIIPWersja><sln:miejscIdTeryt>0398698</sln:miejscIdTeryt><sln:miejscNazwa>Piętki-Basie</sln:miejscNazwa><sln:miejscRodzaj>Wieś</sln:miejscRodzaj><sln:powIIPId>36c11217-5f6d-45d7-89bc-c877a26794dc</sln:powIIPId><sln:powIIPPn>PL.PZGIK.200</sln:powIIPPn><sln:powIIPWersja>2012-09-27T09:26:09+02:00</sln:powIIPWersja><sln:powIdTeryt>2013</sln:powIdTeryt><sln:powNazwa>wysokomazowiecki</sln:powNazwa><sln:wojIIPId>53ad7aea-d9d3-40c9-9a5c-ff737d5b076e</sln:wojIIPId><sln:wojIIPPn>PL.PZGIK.200</sln:wojIIPPn><sln:wojIIPWersja>2017-10-10T00:00:00+02:00</sln:wojIIPWersja><sln:wojIdTeryt>20</sln:wojIdTeryt><sln:wojNazwa>podlaskie</sln:wojNazwa></sln:miejscowosc><sln:miejscowosc><sln:cyklZyciaDo>2017-11-27T00:00:00+01:00</sln:cyklZyciaDo><sln:cyklZyciaOd>2014-12-05T00:00:00+01:00</sln:cyklZyciaOd><sln:gmIIPId>4e3ff3a9-30dc-4dd8-96d2-d9710033a981</sln:gmIIPId><sln:gmIIPPn>PL.PZGIK.200</sln:gmIIPPn><sln:gmIIPWersja>2012-09-26T22:17:25+02:00</sln:gmIIPWersja><sln:gmIdTeryt>2013042</sln:gmIdTeryt><sln:gmNazwa>Klukowo</sln:gmNazwa><sln:miejscIIPId>19d88cd9-35dd-4c7a-9a48-a2de10090525</sln:miejscIIPId><sln:miejscIIPPn>PL.PZGIK.200</sln:miejscIIPPn><sln:miejscIIPWersja>2016-11-24T13:34:58+02:00</sln:miejscIIPWersja><sln:miejscIdTeryt>0398899</sln:miejscIdTeryt><sln:miejscNazwa>Żabiniec</sln:miejscNazwa><sln:miejscRodzaj>Wieś</sln:miejscRodzaj><sln:powIIPId>36c11217-5f6d-45d7-89bc-c877a26794dc</sln:powIIPId><sln:powIIPPn>PL.PZGIK.200</sln:powIIPPn><sln:powIIPWersja>2012-09-27T09:26:09+02:00</sln:powIIPWersja><sln:powIdTeryt>2013</sln:powIdTeryt><sln:powNazwa>wysokomazowiecki</sln:powNazwa><sln:wojIIPId>53ad7aea-d9d3-40c9-9a5c-ff737d5b076e</sln:wojIIPId><sln:wojIIPPn>PL.PZGIK.200</sln:wojIIPPn><sln:wojIIPWersja>2017-10-10T00:00:00+02:00</sln:wojIIPWersja><sln:wojIdTeryt>20</sln:wojIdTeryt><sln:wojNazwa>podlaskie</sln:wojNazwa></sln:miejscowosc><sln:miejscowosc><sln:cyklZyciaDo>2017-11-27T00:00:00+01:00</sln:cyklZyciaDo><sln:cyklZyciaOd>2014-12-05T00:00:00+01:00</sln:cyklZyciaOd><sln:gmIIPId>4e3ff3a9-30dc-4dd8-96d2-d9710033a981</sln:gmIIPId><sln:gmIIPPn>PL.PZGIK.200</sln:gmIIPPn><sln:gmIIPWersja>2012-09-26T22:17:25+02:00</sln:gmIIPWersja><sln:gmIdTeryt>2013042</sln:gmIdTeryt><sln:gmNazwa>Klukowo</sln:gmNazwa><sln:miejscIIPId>201a9ce1-bad4-4040-82b6-d7ebeee40116</sln:miejscIIPId><sln:miejscIIPPn>PL.PZGIK.200</sln:miejscIIPPn><sln:miejscIIPWersja>2016-11-24T13:33:57+02:00</sln:miejscIIPWersja><sln:miejscIdTeryt>0398563</sln:miejscIdTeryt><sln:miejscNazwa>Kaliski</sln:miejscNazwa><sln:miejscRodzaj>Wieś</sln:miejscRodzaj><sln:powIIPId>36c11217-5f6d-45d7-89bc-c877a26794dc</sln:powIIPId><sln:powIIPPn>PL.PZGIK.200</sln:powIIPPn><sln:powIIPWersja>2012-09-27T09:26:09+02:00</sln:powIIPWersja><sln:powIdTeryt>2013</sln:powIdTeryt><sln:powNazwa>wysokomazowiecki</sln:powNazwa><sln:wojIIPId>53ad7aea-d9d3-40c9-9a5c-ff737d5b076e</sln:wojIIPId><sln:wojIIPPn>PL.PZGIK.200</sln:wojIIPPn><sln:wojIIPWersja>2017-10-10T00:00:00+02:00</sln:wojIIPWersja><sln:wojIdTeryt>20</sln:wojIdTeryt><sln:wojNazwa>podlaskie</sln:wojNazwa></sln:miejscowosc><sln:miejscowosc><sln:cyklZyciaDo>2017-11-27T00:00:00+01:00</sln:cyklZyciaDo><sln:cyklZyciaOd>2014-12-05T00:00:00+01:00</sln:cyklZyciaOd><sln:gmIIPId>4e3ff3a9-30dc-4dd8-96d2-d9710033a981</sln:gmIIPId><sln:gmIIPPn>PL.PZGIK.200</sln:gmIIPPn><sln:gmIIPWersja>2012-09-26T22:17:25+02:00</sln:gmIIPWersja><sln:gmIdTeryt>2013042</sln:gmIdTeryt><sln:gmNazwa>Klukowo</sln:gmNazwa><sln:miejscIIPId>7b938f4c-b549-468f-8630-22e76c0ef05a</sln:miejscIIPId><sln:miejscIIPPn>PL.PZGIK.200</sln:miejscIIPPn><sln:miejscIIPWersja>2016-11-24T13:41:41+02:00</sln:miejscIIPWersja><sln:miejscIdTeryt>0398675</sln:miejscIdTeryt><sln:miejscNazwa>Łuniewo Wielkie</sln:miejscNazwa><sln:miejscRodzaj>Wieś</sln:miejscRodzaj><sln:powIIPId>36c11217-5f6d-45d7-89bc-c877a26794dc</sln:powIIPId><sln:powIIPPn>PL.PZGIK.200</sln:powIIPPn><sln:powIIPWersja>2012-09-27T09:26:09+02:00</sln:powIIPWersja><sln:powIdTeryt>2013</sln:powIdTeryt><sln:powNazwa>wysokomazowiecki</sln:powNazwa><sln:wojIIPId>53ad7aea-d9d3-40c9-9a5c-ff737d5b076e</sln:wojIIPId><sln:wojIIPPn>PL.PZGIK.200</sln:wojIIPPn><sln:wojIIPWersja>2017-10-10T00:00:00+02:00</sln:wojIIPWersja><sln:wojIdTeryt>20</sln:wojIdTeryt><sln:wojNazwa>podlaskie</sln:wojNazwa></sln:miejscowosc><sln:miejscowosc><sln:cyklZyciaDo>2017-11-27T00:00:00+01:00</sln:cyklZyciaDo><sln:cyklZyciaOd>2014-12-05T00:00:00+01:00</sln:cyklZyciaOd><sln:gmIIPId>4e3ff3a9-30dc-4dd8-96d2-d9710033a981</sln:gmIIPId><sln:gmIIPPn>PL.PZGIK.200</sln:gmIIPPn><sln:gmIIPWersja>2012-09-26T22:17:25+02:00</sln:gmIIPWersja><sln:gmIdTeryt>2013042</sln:gmIdTeryt><sln:gmNazwa>Klukowo</sln:gmNazwa><sln:miejscIIPId>13b6630f-7b61-49e1-a0bf-015532d961cb</sln:miejscIIPId><sln:miejscIIPPn>PL.PZGIK.200</sln:miejscIIPPn><sln:miejscIIPWersja>2016-11-24T13:54:55+02:00</sln:miejscIIPWersja><sln:miejscIdTeryt>0398540</sln:miejscIdTeryt><sln:miejscNazwa>Janki</sln:miejscNazwa><sln:miejscRodzaj>Kolonia</sln:miejscRodzaj><sln:powIIPId>36c11217-5f6d-45d7-89bc-c877a26794dc</sln:powIIPId><sln:powIIPPn>PL.PZGIK.200</sln:powIIPPn><sln:powIIPWersja>2012-09-27T09:26:09+02:00</sln:powIIPWersja><sln:powIdTeryt>2013</sln:powIdTeryt><sln:powNazwa>wysokomazowiecki</sln:powNazwa><sln:wojIIPId>53ad7aea-d9d3-40c9-9a5c-ff737d5b076e</sln:wojIIPId><sln:wojIIPPn>PL.PZGIK.200</sln:wojIIPPn><sln:wojIIPWersja>2017-10-10T00:00:00+02:00</sln:wojIIPWersja><sln:wojIdTeryt>20</sln:wojIdTeryt><sln:wojNazwa>podlaskie</sln:wojNazwa></sln:miejscowosc><sln:miejscowosc><sln:cyklZyciaDo>2017-11-27T00:00:00+01:00</sln:cyklZyciaDo><sln:cyklZyciaOd>2014-12-05T00:00:00+01:00</sln:cyklZyciaOd><sln:gmIIPId>4e3ff3a9-30dc-4dd8-96d2-d9710033a981</sln:gmIIPId><sln:gmIIPPn>PL.PZGIK.200</sln:gmIIPPn><sln:gmIIPWersja>2012-09-26T22:17:25+02:00</sln:gmIIPWersja><sln:gmIdTeryt>2013042</sln:gmIdTeryt><sln:gmNazwa>Klukowo</sln:gmNazwa><sln:miejscIIPId>32169d00-f1fa-4e2b-aaf5-420c16347053</sln:miejscIIPId><sln:miejscIIPPn>PL.PZGIK.200</sln:miejscIIPPn><sln:miejscIIPWersja>2016-11-24T13:41:18+02:00</sln:miejscIIPWersja><sln:miejscIdTeryt>0398652</sln:miejscIdTeryt><sln:miejscNazwa>Lubowicz Wielki</sln:miejscNazwa><sln:miejscRodzaj>Wieś</sln:miejscRodzaj><sln:powIIPId>36c11217-5f6d-45d7-89bc-c877a26794dc</sln:powIIPId><sln:powIIPPn>PL.PZGIK.200</sln:powIIPPn><sln:powIIPWersja>2012-09-27T09:26:09+02:00</sln:powIIPWersja><sln:powIdTeryt>2013</sln:powIdTeryt><sln:powNazwa>wysokomazowiecki</sln:powNazwa><sln:wojIIPId>53ad7aea-d9d3-40c9-9a5c-ff737d5b076e</sln:wojIIPId><sln:wojIIPPn>PL.PZGIK.200</sln:wojIIPPn><sln:wojIIPWersja>2017-10-10T00:00:00+02:00</sln:wojIIPWersja><sln:wojIdTeryt>20</sln:wojIdTeryt><sln:wojNazwa>podlaskie</sln:wojNazwa></sln:miejscowosc><sln:miejscowosc><sln:cyklZyciaDo>2017-11-27T00:00:00+01:00</sln:cyklZyciaDo><sln:cyklZyciaOd>2014-12-05T00:00:00+01:00</sln:cyklZyciaOd><sln:gmIIPId>4e3ff3a9-30dc-4dd8-96d2-d9710033a981</sln:gmIIPId><sln:gmIIPPn>PL.PZGIK.200</sln:gmIIPPn><sln:gmIIPWersja>2012-09-26T22:17:25+02:00</sln:gmIIPWersja><sln:gmIdTeryt>2013042</sln:gmIdTeryt><sln:gmNazwa>Klukowo</sln:gmNazwa><sln:miejscIIPId>f3690e5f-71f5-4060-a5df-0b6443ce51a0</sln:miejscIIPId><sln:miejscIIPPn>PL.PZGIK.200</sln:miejscIIPPn><sln:miejscIIPWersja>2016-11-24T13:39:30+02:00</sln:miejscIIPWersja><sln:miejscIdTeryt>0398592</sln:miejscIdTeryt><sln:miejscNazwa>Klukowo-Kolonia</sln:miejscNazwa><sln:miejscRodzaj>Wieś</sln:miejscRodzaj><sln:powIIPId>36c11217-5f6d-45d7-89bc-c877a26794dc</sln:powIIPId><sln:powIIPPn>PL.PZGIK.200</sln:powIIPPn><sln:powIIPWersja>2012-09-27T09:26:09+02:00</sln:powIIPWersja><sln:powIdTeryt>2013</sln:powIdTeryt><sln:powNazwa>wysokomazowiecki</sln:powNazwa><sln:wojIIPId>53ad7aea-d9d3-40c9-9a5c-ff737d5b076e</sln:wojIIPId><sln:wojIIPPn>PL.PZGIK.200</sln:wojIIPPn><sln:wojIIPWersja>2017-10-10T00:00:00+02:00</sln:wojIIPWersja><sln:wojIdTeryt>20</sln:wojIdTeryt><sln:wojNazwa>podlaskie</sln:wojNazwa></sln:miejscowosc><sln:miejscowosc><sln:cyklZyciaDo>2017-11-27T00:00:00+01:00</sln:cyklZyciaDo><sln:cyklZyciaOd>2014-12-05T00:00:00+01:00</sln:cyklZyciaOd><sln:gmIIPId>4e3ff3a9-30dc-4dd8-96d2-d9710033a981</sln:gmIIPId><sln:gmIIPPn>PL.PZGIK.200</sln:gmIIPPn><sln:gmIIPWersja>2012-09-26T22:17:25+02:00</sln:gmIIPWersja><sln:gmIdTeryt>2013042</sln:gmIdTeryt><sln:gmNazwa>Klukowo</sln:gmNazwa><sln:miejscIIPId>a1c144ae-6037-4490-a4ce-350b37c97432</sln:miejscIIPId><sln:miejscIIPPn>PL.PZGIK.200</sln:miejscIIPPn><sln:miejscIIPWersja>2016-11-24T13:39:57+02:00</sln:miejscIIPWersja><sln:miejscIdTeryt>0398600</sln:miejscIdTeryt><sln:miejscNazwa>Kostry-Podsędkowięta</sln:miejscNazwa><sln:miejscRodzaj>Wieś</sln:miejscRodzaj><sln:powIIPId>36c11217-5f6d-45d7-89bc-c877a26794dc</sln:powIIPId><sln:powIIPPn>PL.PZGIK.200</sln:powIIPPn><sln:powIIPWersja>2012-09-27T09:26:09+02:00</sln:powIIPWersja><sln:powIdTeryt>2013</sln:powIdTeryt><sln:powNazwa>wysokomazowiecki</sln:powNazwa><sln:wojIIPId>53ad7aea-d9d3-40c9-9a5c-ff737d5b076e</sln:wojIIPId><sln:wojIIPPn>PL.PZGIK.200</sln:wojIIPPn><sln:wojIIPWersja>2017-10-10T00:00:00+02:00</sln:wojIIPWersja><sln:wojIdTeryt>20</sln:wojIdTeryt><sln:wojNazwa>podlaskie</sln:wojNazwa></sln:miejscowosc><sln:miejscowosc><sln:cyklZyciaDo>2017-11-27T00:00:00+01:00</sln:cyklZyciaDo><sln:cyklZyciaOd>2014-12-05T00:00:00+01:00</sln:cyklZyciaOd><sln:gmIIPId>4e3ff3a9-30dc-4dd8-96d2-d9710033a981</sln:gmIIPId><sln:gmIIPPn>PL.PZGIK.200</sln:gmIIPPn><sln:gmIIPWersja>2012-09-26T22:17:25+02:00</sln:gmIIPWersja><sln:gmIdTeryt>2013042</sln:gmIdTeryt><sln:gmNazwa>Klukowo</sln:gmNazwa><sln:miejscIIPId>a2ecb74c-56ea-4200-b345-febeed1afce9</sln:miejscIIPId><sln:miejscIIPPn>PL.PZGIK.200</sln:miejscIIPPn><sln:miejscIIPWersja>2016-11-24T13:39:30+02:00</sln:miejscIIPWersja><sln:miejscIdTeryt>0398586</sln:miejscIdTeryt><sln:miejscNazwa>Klukowo</sln:miejscNazwa><sln:miejscRodzaj>Wieś</sln:miejscRodzaj><sln:powIIPId>36c11217-5f6d-45d7-89bc-c877a26794dc</sln:powIIPId><sln:powIIPPn>PL.PZGIK.200</sln:powIIPPn><sln:powIIPWersja>2012-09-27T09:26:09+02:00</sln:powIIPWersja><sln:powIdTeryt>2013</sln:powIdTeryt><sln:powNazwa>wysokomazowiecki</sln:powNazwa><sln:waznyOd>1995-04-19T00:00:00+02:00</sln:waznyOd><sln:wojIIPId>53ad7aea-d9d3-40c9-9a5c-ff737d5b076e</sln:wojIIPId><sln:wojIIPPn>PL.PZGIK.200</sln:wojIIPPn><sln:wojIIPWersja>2017-10-10T00:00:00+02:00</sln:wojIIPWersja><sln:wojIdTeryt>20</sln:wojIdTeryt><sln:wojNazwa>podlaskie</sln:wojNazwa></sln:miejscowosc><sln:miejscowosc><sln:cyklZyciaDo>2017-11-27T00:00:00+01:00</sln:cyklZyciaDo><sln:cyklZyciaOd>2014-12-05T00:00:00+01:00</sln:cyklZyciaOd><sln:gmIIPId>4e3ff3a9-30dc-4dd8-96d2-d9710033a981</sln:gmIIPId><sln:gmIIPPn>PL.PZGIK.200</sln:gmIIPPn><sln:gmIIPWersja>2012-09-26T22:17:25+02:00</sln:gmIIPWersja><sln:gmIdTeryt>2013042</sln:gmIdTeryt><sln:gmNazwa>Klukowo</sln:gmNazwa><sln:miejscIIPId>ff41e0ae-4241-49ce-87f0-f81f91daaf4d</sln:miejscIIPId><sln:miejscIIPPn>PL.PZGIK.200</sln:miejscIIPPn><sln:miejscIIPWersja>2016-11-24T13:30:55+02:00</sln:miejscIIPWersja><sln:miejscIdTeryt>0398735</sln:miejscIdTeryt><sln:miejscNazwa>Sobolewo</sln:miejscNazwa><sln:miejscRodzaj>Wieś</sln:miejscRodzaj><sln:powIIPId>36c11217-5f6d-45d7-89bc-c877a26794dc</sln:powIIPId><sln:powIIPPn>PL.PZGIK.200</sln:powIIPPn><sln:powIIPWersja>2012-09-27T09:26:09+02:00</sln:powIIPWersja><sln:powIdTeryt>2013</sln:powIdTeryt><sln:powNazwa>wysokomazowiecki</sln:powNazwa><sln:wojIIPId>53ad7aea-d9d3-40c9-9a5c-ff737d5b076e</sln:wojIIPId><sln:wojIIPPn>PL.PZGIK.200</sln:wojIIPPn><sln:wojIIPWersja>2017-10-10T00:00:00+02:00</sln:wojIIPWersja><sln:wojIdTeryt>20</sln:wojIdTeryt><sln:wojNazwa>podlaskie</sln:wojNazwa></sln:miejscowosc><sln:miejscowosc><sln:cyklZyciaDo>2017-11-27T00:00:00+01:00</sln:cyklZyciaDo><sln:cyklZyciaOd>2014-12-05T00:00:00+01:00</sln:cyklZyciaOd><sln:gmIIPId>4e3ff3a9-30dc-4dd8-96d2-d9710033a981</sln:gmIIPId><sln:gmIIPPn>PL.PZGIK.200</sln:gmIIPPn><sln:gmIIPWersja>2012-09-26T22:17:25+02:00</sln:gmIIPWersja><sln:gmIdTeryt>2013042</sln:gmIdTeryt><sln:gmNazwa>Klukowo</sln:gmNazwa><sln:miejscIIPId>6a05f6b6-2271-458d-9bfb-7e9386eb214c</sln:miejscIIPId><sln:miejscIIPPn>PL.PZGIK.200</sln:miejscIIPPn><sln:miejscIIPWersja>2016-11-24T13:34:00+02:00</sln:miejscIIPWersja><sln:miejscIdTeryt>0398847</sln:miejscIdTeryt><sln:miejscNazwa>Wyszonki Kościelne</sln:miejscNazwa><sln:miejscRodzaj>Wieś</sln:miejscRodzaj><sln:powIIPId>36c11217-5f6d-45d7-89bc-c877a26794dc</sln:powIIPId><sln:powIIPPn>PL.PZGIK.200</sln:powIIPPn><sln:powIIPWersja>2012-09-27T09:26:09+02:00</sln:powIIPWersja><sln:powIdTeryt>2013</sln:powIdTeryt><sln:powNazwa>wysokomazowiecki</sln:powNazwa><sln:wojIIPId>53ad7aea-d9d3-40c9-9a5c-ff737d5b076e</sln:wojIIPId><sln:wojIIPPn>PL.PZGIK.200</sln:wojIIPPn><sln:wojIIPWersja>2017-10-10T00:00:00+02:00</sln:wojIIPWersja><sln:wojIdTeryt>20</sln:wojIdTeryt><sln:wojNazwa>podlaskie</sln:wojNazwa></sln:miejscowosc><sln:miejscowosc><sln:cyklZyciaDo>2017-11-27T00:00:00+01:00</sln:cyklZyciaDo><sln:cyklZyciaOd>2014-12-05T00:00:00+01:00</sln:cyklZyciaOd><sln:gmIIPId>4e3ff3a9-30dc-4dd8-96d2-d9710033a981</sln:gmIIPId><sln:gmIIPPn>PL.PZGIK.200</sln:gmIIPPn><sln:gmIIPWersja>2012-09-26T22:17:25+02:00</sln:gmIIPWersja><sln:gmIdTeryt>2013042</sln:gmIdTeryt><sln:gmNazwa>Klukowo</sln:gmNazwa><sln:miejscIIPId>63794185-15cd-475f-aa51-79d14a201735</sln:miejscIIPId><sln:miejscIIPPn>PL.PZGIK.200</sln:miejscIIPPn><sln:miejscIIPWersja>2016-11-24T13:34:00+02:00</sln:miejscIIPWersja><sln:miejscIdTeryt>0398876</sln:miejscIdTeryt><sln:miejscNazwa>Wyszonki-Wojciechy</sln:miejscNazwa><sln:miejscRodzaj>Wieś</sln:miejscRodzaj><sln:powIIPId>36c11217-5f6d-45d7-89bc-c877a26794dc</sln:powIIPId><sln:powIIPPn>PL.PZGIK.200</sln:powIIPPn><sln:powIIPWersja>2012-09-27T09:26:09+02:00</sln:powIIPWersja><sln:powIdTeryt>2013</sln:powIdTeryt><sln:powNazwa>wysokomazowiecki</sln:powNazwa><sln:wojIIPId>53ad7aea-d9d3-40c9-9a5c-ff737d5b076e</sln:wojIIPId><sln:wojIIPPn>PL.PZGIK.200</sln:wojIIPPn><sln:wojIIPWersja>2017-10-10T00:00:00+02:00</sln:wojIIPWersja><sln:wojIdTeryt>20</sln:wojIdTeryt><sln:wojNazwa>podlaskie</sln:wojNazwa></sln:miejscowosc><sln:miejscowosc><sln:cyklZyciaDo>2017-11-27T00:00:00+01:00</sln:cyklZyciaDo><sln:cyklZyciaOd>2014-12-05T00:00:00+01:00</sln:cyklZyciaOd><sln:gmIIPId>4e3ff3a9-30dc-4dd8-96d2-d9710033a981</sln:gmIIPId><sln:gmIIPPn>PL.PZGIK.200</sln:gmIIPPn><sln:gmIIPWersja>2012-09-26T22:17:25+02:00</sln:gmIIPWersja><sln:gmIdTeryt>2013042</sln:gmIdTeryt><sln:gmNazwa>Klukowo</sln:gmNazwa><sln:miejscIIPId>0e029a81-b0e5-4dcf-8ce0-a330b4536f71</sln:miejscIIPId><sln:miejscIIPPn>PL.PZGIK.200</sln:miejscIIPPn><sln:miejscIIPWersja>2016-11-24T13:41:41+02:00</sln:miejscIIPWersja><sln:miejscIdTeryt>0398669</sln:miejscIdTeryt><sln:miejscNazwa>Łuniewo Małe</sln:miejscNazwa><sln:miejscRodzaj>Wieś</sln:miejscRodzaj><sln:powIIPId>36c11217-5f6d-45d7-89bc-c877a26794dc</sln:powIIPId><sln:powIIPPn>PL.PZGIK.200</sln:powIIPPn><sln:powIIPWersja>2012-09-27T09:26:09+02:00</sln:powIIPWersja><sln:powIdTeryt>2013</sln:powIdTeryt><sln:powNazwa>wysokomazowiecki</sln:powNazwa><sln:wojIIPId>53ad7aea-d9d3-40c9-9a5c-ff737d5b076e</sln:wojIIPId><sln:wojIIPPn>PL.PZGIK.200</sln:wojIIPPn><sln:wojIIPWersja>2017-10-10T00:00:00+02:00</sln:wojIIPWersja><sln:wojIdTeryt>20</sln:wojIdTeryt><sln:wojNazwa>podlaskie</sln:wojNazwa></sln:miejscowosc><sln:miejscowosc><sln:cyklZyciaDo>2017-11-27T00:00:00+01:00</sln:cyklZyciaDo><sln:cyklZyciaOd>2014-12-05T00:00:00+01:00</sln:cyklZyciaOd><sln:gmIIPId>4e3ff3a9-30dc-4dd8-96d2-d9710033a981</sln:gmIIPId><sln:gmIIPPn>PL.PZGIK.200</sln:gmIIPPn><sln:gmIIPWersja>2012-09-26T22:17:25+02:00</sln:gmIIPWersja><sln:gmIdTeryt>2013042</sln:gmIdTeryt><sln:gmNazwa>Klukowo</sln:gmNazwa><sln:miejscIIPId>617f33e6-c5cb-4ea5-8ab3-eb1f34dc02a2</sln:miejscIIPId><sln:miejscIIPPn>PL.PZGIK.200</sln:miejscIIPPn><sln:miejscIIPWersja>2016-11-24T13:51:17+02:00</sln:miejscIIPWersja><sln:miejscIdTeryt>0398907</sln:miejscIdTeryt><sln:miejscNazwa>Dzikowiny</sln:miejscNazwa><sln:miejscRodzaj>Inny obiekt</sln:miejscRodzaj><sln:powIIPId>36c11217-5f6d-45d7-89bc-c877a26794dc</sln:powIIPId><sln:powIIPPn>PL.PZGIK.200</sln:powIIPPn><sln:powIIPWersja>2012-09-27T09:26:09+02:00</sln:powIIPWersja><sln:powIdTeryt>2013</sln:powIdTeryt><sln:powNazwa>wysokomazowiecki</sln:powNazwa><sln:wojIIPId>53ad7aea-d9d3-40c9-9a5c-ff737d5b076e</sln:wojIIPId><sln:wojIIPPn>PL.PZGIK.200</sln:wojIIPPn><sln:wojIIPWersja>2017-10-10T00:00:00+02:00</sln:wojIIPWersja><sln:wojIdTeryt>20</sln:wojIdTeryt><sln:wojNazwa>podlaskie</sln:wojNazwa></sln:miejscowosc><sln:miejscowosc><sln:cyklZyciaDo>2017-11-27T00:00:00+01:00</sln:cyklZyciaDo><sln:cyklZyciaOd>2014-12-05T00:00:00+01:00</sln:cyklZyciaOd><sln:gmIIPId>4e3ff3a9-30dc-4dd8-96d2-d9710033a981</sln:gmIIPId><sln:gmIIPPn>PL.PZGIK.200</sln:gmIIPPn><sln:gmIIPWersja>2012-09-26T22:17:25+02:00</sln:gmIIPWersja><sln:gmIdTeryt>2013042</sln:gmIdTeryt><sln:gmNazwa>Klukowo</sln:gmNazwa><sln:miejscIIPId>ddac8519-6acc-4c2f-99a6-4363e330dcdf</sln:miejscIIPId><sln:miejscIIPPn>PL.PZGIK.200</sln:miejscIIPPn><sln:miejscIIPWersja>2016-11-24T13:28:05+02:00</sln:miejscIIPWersja><sln:miejscIdTeryt>0398706</sln:miejscIdTeryt><sln:miejscNazwa>Piętki-Gręzki</sln:miejscNazwa><sln:miejscRodzaj>Wieś</sln:miejscRodzaj><sln:powIIPId>36c11217-5f6d-45d7-89bc-c877a26794dc</sln:powIIPId><sln:powIIPPn>PL.PZGIK.200</sln:powIIPPn><sln:powIIPWersja>2012-09-27T09:26:09+02:00</sln:powIIPWersja><sln:powIdTeryt>2013</sln:powIdTeryt><sln:powNazwa>wysokomazowiecki</sln:powNazwa><sln:wojIIPId>53ad7aea-d9d3-40c9-9a5c-ff737d5b076e</sln:wojIIPId><sln:wojIIPPn>PL.PZGIK.200</sln:wojIIPPn><sln:wojIIPWersja>2017-10-10T00:00:00+02:00</sln:wojIIPWersja><sln:wojIdTeryt>20</sln:wojIdTeryt><sln:wojNazwa>podlaskie</sln:wojNazwa></sln:miejscowosc><sln:miejscowosc><sln:cyklZyciaDo>2017-11-27T00:00:00+01:00</sln:cyklZyciaDo><sln:cyklZyciaOd>2014-12-05T00:00:00+01:00</sln:cyklZyciaOd><sln:gmIIPId>4e3ff3a9-30dc-4dd8-96d2-d9710033a981</sln:gmIIPId><sln:gmIIPPn>PL.PZGIK.200</sln:gmIIPPn><sln:gmIIPWersja>2012-09-26T22:17:25+02:00</sln:gmIIPWersja><sln:gmIdTeryt>2013042</sln:gmIdTeryt><sln:gmNazwa>Klukowo</sln:gmNazwa><sln:miejscIIPId>915432e4-3e21-4095-a3ce-c4d6478c91a5</sln:miejscIIPId><sln:miejscIIPPn>PL.PZGIK.200</sln:miejscIIPPn><sln:miejscIIPWersja>2016-11-24T13:28:05+02:00</sln:miejscIIPWersja><sln:miejscIdTeryt>0398712</sln:miejscIdTeryt><sln:miejscNazwa>Piętki-Szeligi</sln:miejscNazwa><sln:miejscRodzaj>Wieś</sln:miejscRodzaj><sln:powIIPId>36c11217-5f6d-45d7-89bc-c877a26794dc</sln:powIIPId><sln:powIIPPn>PL.PZGIK.200</sln:powIIPPn><sln:powIIPWersja>2012-09-27T09:26:09+02:00</sln:powIIPWersja><sln:powIdTeryt>2013</sln:powIdTeryt><sln:powNazwa>wysokomazowiecki</sln:powNazwa><sln:wojIIPId>53ad7aea-d9d3-40c9-9a5c-ff737d5b076e</sln:wojIIPId><sln:wojIIPPn>PL.PZGIK.200</sln:wojIIPPn><sln:wojIIPWersja>2017-10-10T00:00:00+02:00</sln:wojIIPWersja><sln:wojIdTeryt>20</sln:wojIdTeryt><sln:wojNazwa>podlaskie</sln:wojNazwa></sln:miejscowosc><sln:miejscowosc><sln:cyklZyciaDo>2017-11-27T00:00:00+01:00</sln:cyklZyciaDo><sln:cyklZyciaOd>2014-12-05T00:00:00+01:00</sln:cyklZyciaOd><sln:gmIIPId>4e3ff3a9-30dc-4dd8-96d2-d9710033a981</sln:gmIIPId><sln:gmIIPPn>PL.PZGIK.200</sln:gmIIPPn><sln:gmIIPWersja>2012-09-26T22:17:25+02:00</sln:gmIIPWersja><sln:gmIdTeryt>2013042</sln:gmIdTeryt><sln:gmNazwa>Klukowo</sln:gmNazwa><sln:miejscIIPId>8fd8736f-f8cd-40e6-ae8e-b293e170ad04</sln:miejscIIPId><sln:miejscIIPPn>PL.PZGIK.200</sln:miejscIIPPn><sln:miejscIIPWersja>2016-11-24T13:28:05+02:00</sln:miejscIIPWersja><sln:miejscIdTeryt>0398729</sln:miejscIdTeryt><sln:miejscNazwa>Piętki-Żebry</sln:miejscNazwa><sln:miejscRodzaj>Wieś</sln:miejscRodzaj><sln:powIIPId>36c11217-5f6d-45d7-89bc-c877a26794dc</sln:powIIPId><sln:powIIPPn>PL.PZGIK.200</sln:powIIPPn><sln:powIIPWersja>2012-09-27T09:26:09+02:00</sln:powIIPWersja><sln:powIdTeryt>2013</sln:powIdTeryt><sln:powNazwa>wysokomazowiecki</sln:powNazwa><sln:wojIIPId>53ad7aea-d9d3-40c9-9a5c-ff737d5b076e</sln:wojIIPId><sln:wojIIPPn>PL.PZGIK.200</sln:wojIIPPn><sln:wojIIPWersja>2017-10-10T00:00:00+02:00</sln:wojIIPWersja><sln:wojIdTeryt>20</sln:wojIdTeryt><sln:wojNazwa>podlaskie</sln:wojNazwa></sln:miejscowosc><sln:miejscowosc><sln:cyklZyciaDo>2017-11-27T00:00:00+01:00</sln:cyklZyciaDo><sln:cyklZyciaOd>2014-12-05T00:00:00+01:00</sln:cyklZyciaOd><sln:gmIIPId>4e3ff3a9-30dc-4dd8-96d2-d9710033a981</sln:gmIIPId><sln:gmIIPPn>PL.PZGIK.200</sln:gmIIPPn><sln:gmIIPWersja>2012-09-26T22:17:25+02:00</sln:gmIIPWersja><sln:gmIdTeryt>2013042</sln:gmIdTeryt><sln:gmNazwa>Klukowo</sln:gmNazwa><sln:miejscIIPId>b7a22d9f-4f0d-4149-8f9c-b6dc03ac3995</sln:miejscIIPId><sln:miejscIIPPn>PL.PZGIK.200</sln:miejscIIPPn><sln:miejscIIPWersja>2016-11-24T13:32:25+02:00</sln:miejscIIPWersja><sln:miejscIdTeryt>0398770</sln:miejscIdTeryt><sln:miejscNazwa>Trojanowo</sln:miejscNazwa><sln:miejscRodzaj>Wieś</sln:miejscRodzaj><sln:powIIPId>36c11217-5f6d-45d7-89bc-c877a26794dc</sln:powIIPId><sln:powIIPPn>PL.PZGIK.200</sln:powIIPPn><sln:powIIPWersja>2012-09-27T09:26:09+02:00</sln:powIIPWersja><sln:powIdTeryt>2013</sln:powIdTeryt><sln:powNazwa>wysokomazowiecki</sln:powNazwa><sln:wojIIPId>53ad7aea-d9d3-40c9-9a5c-ff737d5b076e</sln:wojIIPId><sln:wojIIPPn>PL.PZGIK.200</sln:wojIIPPn><sln:wojIIPWersja>2017-10-10T00:00:00+02:00</sln:wojIIPWersja><sln:wojIdTeryt>20</sln:wojIdTeryt><sln:wojNazwa>podlaskie</sln:wojNazwa></sln:miejscowosc><sln:miejscowosc><sln:cyklZyciaDo>2017-11-27T00:00:00+01:00</sln:cyklZyciaDo><sln:cyklZyciaOd>2014-12-05T00:00:00+01:00</sln:cyklZyciaOd><sln:gmIIPId>4e3ff3a9-30dc-4dd8-96d2-d9710033a981</sln:gmIIPId><sln:gmIIPPn>PL.PZGIK.200</sln:gmIIPPn><sln:gmIIPWersja>2012-09-26T22:17:25+02:00</sln:gmIIPWersja><sln:gmIdTeryt>2013042</sln:gmIdTeryt><sln:gmNazwa>Klukowo</sln:gmNazwa><sln:miejscIIPId>c329d44f-aa8d-4ca8-a16e-f60024a4f6f1</sln:miejscIIPId><sln:miejscIIPPn>PL.PZGIK.200</sln:miejscIIPPn><sln:miejscIIPWersja>2016-11-24T13:32:26+02:00</sln:miejscIIPWersja><sln:miejscIdTeryt>0398787</sln:miejscIdTeryt><sln:miejscNazwa>Trojanówek</sln:miejscNazwa><sln:miejscRodzaj>Wieś</sln:miejscRodzaj><sln:powIIPId>36c11217-5f6d-45d7-89bc-c877a26794dc</sln:powIIPId><sln:powIIPPn>PL.PZGIK.200</sln:powIIPPn><sln:powIIPWersja>2012-09-27T09:26:09+02:00</sln:powIIPWersja><sln:powIdTeryt>2013</sln:powIdTeryt><sln:powNazwa>wysokomazowiecki</sln:powNazwa><sln:wojIIPId>53ad7aea-d9d3-40c9-9a5c-ff737d5b076e</sln:wojIIPId><sln:wojIIPPn>PL.PZGIK.200</sln:wojIIPPn><sln:wojIIPWersja>2017-10-10T00:00:00+02:00</sln:wojIIPWersja><sln:wojIdTeryt>20</sln:wojIdTeryt><sln:wojNazwa>podlaskie</sln:wojNazwa></sln:miejscowosc><sln:miejscowosc><sln:cyklZyciaDo>2017-11-27T00:00:00+01:00</sln:cyklZyciaDo><sln:cyklZyciaOd>2014-12-05T00:00:00+01:00</sln:cyklZyciaOd><sln:gmIIPId>4e3ff3a9-30dc-4dd8-96d2-d9710033a981</sln:gmIIPId><sln:gmIIPPn>PL.PZGIK.200</sln:gmIIPPn><sln:gmIIPWersja>2012-09-26T22:17:25+02:00</sln:gmIIPWersja><sln:gmIdTeryt>2013042</sln:gmIdTeryt><sln:gmNazwa>Klukowo</sln:gmNazwa><sln:miejscIIPId>c2612377-28a4-4b08-b7cd-acd49bb7cb91</sln:miejscIIPId><sln:miejscIIPPn>PL.PZGIK.200</sln:miejscIIPPn><sln:miejscIIPWersja>2016-11-24T13:41:18+02:00</sln:miejscIIPWersja><sln:miejscIdTeryt>0398646</sln:miejscIdTeryt><sln:miejscNazwa>Lubowicz-Kąty</sln:miejscNazwa><sln:miejscRodzaj>Wieś</sln:miejscRodzaj><sln:powIIPId>36c11217-5f6d-45d7-89bc-c877a26794dc</sln:powIIPId><sln:powIIPPn>PL.PZGIK.200</sln:powIIPPn><sln:powIIPWersja>2012-09-27T09:26:09+02:00</sln:powIIPWersja><sln:powIdTeryt>2013</sln:powIdTeryt><sln:powNazwa>wysokomazowiecki</sln:powNazwa><sln:wojIIPId>53ad7aea-d9d3-40c9-9a5c-ff737d5b076e</sln:wojIIPId><sln:wojIIPPn>PL.PZGIK.200</sln:wojIIPPn><sln:wojIIPWersja>2017-10-10T00:00:00+02:00</sln:wojIIPWersja><sln:wojIdTeryt>20</sln:wojIdTeryt><sln:wojNazwa>podlaskie</sln:wojNazwa></sln:miejscowosc><sln:miejscowosc><sln:cyklZyciaDo>2017-11-27T00:00:00+01:00</sln:cyklZyciaDo><sln:cyklZyciaOd>2014-12-05T00:00:00+01:00</sln:cyklZyciaOd><sln:gmIIPId>4e3ff3a9-30dc-4dd8-96d2-d9710033a981</sln:gmIIPId><sln:gmIIPPn>PL.PZGIK.200</sln:gmIIPPn><sln:gmIIPWersja>2012-09-26T22:17:25+02:00</sln:gmIIPWersja><sln:gmIdTeryt>2013042</sln:gmIdTeryt><sln:gmNazwa>Klukowo</sln:gmNazwa><sln:miejscIIPId>5c919676-e4af-4d63-b4fe-df859cff45c3</sln:miejscIIPId><sln:miejscIIPPn>PL.PZGIK.200</sln:miejscIIPPn><sln:miejscIIPWersja>2016-11-24T13:31:19+02:00</sln:miejscIIPWersja><sln:miejscIdTeryt>0398764</sln:miejscIdTeryt><sln:miejscNazwa>Stare Zalesie</sln:miejscNazwa><sln:miejscRodzaj>Wieś</sln:miejscRodzaj><sln:powIIPId>36c11217-5f6d-45d7-89bc-c877a26794dc</sln:powIIPId><sln:powIIPPn>PL.PZGIK.200</sln:powIIPPn><sln:powIIPWersja>2012-09-27T09:26:09+02:00</sln:powIIPWersja><sln:powIdTeryt>2013</sln:powIdTeryt><sln:powNazwa>wysokomazowiecki</sln:powNazwa><sln:wojIIPId>53ad7aea-d9d3-40c9-9a5c-ff737d5b076e</sln:wojIIPId><sln:wojIIPPn>PL.PZGIK.200</sln:wojIIPPn><sln:wojIIPWersja>2017-10-10T00:00:00+02:00</sln:wojIIPWersja><sln:wojIdTeryt>20</sln:wojIdTeryt><sln:wojNazwa>podlaskie</sln:wojNazwa></sln:miejscowosc><sln:miejscowosc><sln:cyklZyciaDo>2017-11-27T00:00:00+01:00</sln:cyklZyciaDo><sln:cyklZyciaOd>2014-12-05T00:00:00+01:00</sln:cyklZyciaOd><sln:gmIIPId>4e3ff3a9-30dc-4dd8-96d2-d9710033a981</sln:gmIIPId><sln:gmIIPPn>PL.PZGIK.200</sln:gmIIPPn><sln:gmIIPWersja>2012-09-26T22:17:25+02:00</sln:gmIIPWersja><sln:gmIdTeryt>2013042</sln:gmIdTeryt><sln:gmNazwa>Klukowo</sln:gmNazwa><sln:miejscIIPId>f271d097-d54f-4c53-a140-09530279e304</sln:miejscIIPId><sln:miejscIIPPn>PL.PZGIK.200</sln:miejscIIPPn><sln:miejscIIPWersja>2016-11-24T13:32:50+02:00</sln:miejscIIPWersja><sln:miejscIdTeryt>0398793</sln:miejscIdTeryt><sln:miejscNazwa>Usza Mała</sln:miejscNazwa><sln:miejscRodzaj>Wieś</sln:miejscRodzaj><sln:powIIPId>36c11217-5f6d-45d7-89bc-c877a26794dc</sln:powIIPId><sln:powIIPPn>PL.PZGIK.200</sln:powIIPPn><sln:powIIPWersja>2012-09-27T09:26:09+02:00</sln:powIIPWersja><sln:powIdTeryt>2013</sln:powIdTeryt><sln:powNazwa>wysokomazowiecki</sln:powNazwa><sln:wojIIPId>53ad7aea-d9d3-40c9-9a5c-ff737d5b076e</sln:wojIIPId><sln:wojIIPPn>PL.PZGIK.200</sln:wojIIPPn><sln:wojIIPWersja>2017-10-10T00:00:00+02:00</sln:wojIIPWersja><sln:wojIdTeryt>20</sln:wojIdTeryt><sln:wojNazwa>podlaskie</sln:wojNazwa></sln:miejscowosc><sln:miejscowosc><sln:cyklZyciaDo>2017-11-27T00:00:00+01:00</sln:cyklZyciaDo><sln:cyklZyciaOd>2014-12-05T00:00:00+01:00</sln:cyklZyciaOd><sln:gmIIPId>4e3ff3a9-30dc-4dd8-96d2-d9710033a981</sln:gmIIPId><sln:gmIIPPn>PL.PZGIK.200</sln:gmIIPPn><sln:gmIIPWersja>2012-09-26T22:17:25+02:00</sln:gmIIPWersja><sln:gmIdTeryt>2013042</sln:gmIdTeryt><sln:gmNazwa>Klukowo</sln:gmNazwa><sln:miejscIIPId>795cb312-ad49-4687-9fbf-a512d10532f3</sln:miejscIIPId><sln:miejscIIPPn>PL.PZGIK.200</sln:miejscIIPPn><sln:miejscIIPWersja>2016-11-24T13:54:55+02:00</sln:miejscIIPWersja><sln:miejscIdTeryt>0398557</sln:miejscIdTeryt><sln:miejscNazwa>Wiktorzyn</sln:miejscNazwa><sln:miejscRodzaj>Kolonia</sln:miejscRodzaj><sln:powIIPId>36c11217-5f6d-45d7-89bc-c877a26794dc</sln:powIIPId><sln:powIIPPn>PL.PZGIK.200</sln:powIIPPn><sln:powIIPWersja>2012-09-27T09:26:09+02:00</sln:powIIPWersja><sln:powIdTeryt>2013</sln:powIdTeryt><sln:powNazwa>wysokomazowiecki</sln:powNazwa><sln:wojIIPId>53ad7aea-d9d3-40c9-9a5c-ff737d5b076e</sln:wojIIPId><sln:wojIIPPn>PL.PZGIK.200</sln:wojIIPPn><sln:wojIIPWersja>2017-10-10T00:00:00+02:00</sln:wojIIPWersja><sln:wojIdTeryt>20</sln:wojIdTeryt><sln:wojNazwa>podlaskie</sln:wojNazwa></sln:miejscowosc><sln:miejscowosc><sln:cyklZyciaDo>2017-11-27T00:00:00+01:00</sln:cyklZyciaDo><sln:cyklZyciaOd>2014-12-05T00:00:00+01:00</sln:cyklZyciaOd><sln:gmIIPId>4e3ff3a9-30dc-4dd8-96d2-d9710033a981</sln:gmIIPId><sln:gmIIPPn>PL.PZGIK.200</sln:gmIIPPn><sln:gmIIPWersja>2012-09-26T22:17:25+02:00</sln:gmIIPWersja><sln:gmIdTeryt>2013042</sln:gmIdTeryt><sln:gmNazwa>Klukowo</sln:gmNazwa><sln:miejscIIPId>d519e9ac-612b-4083-9543-4187118738b6</sln:miejscIIPId><sln:miejscIIPPn>PL.PZGIK.200</sln:miejscIIPPn><sln:miejscIIPWersja>2016-11-24T13:34:00+02:00</sln:miejscIIPWersja><sln:miejscIdTeryt>0398830</sln:miejscIdTeryt><sln:miejscNazwa>Wyszonki-Klukówek</sln:miejscNazwa><sln:miejscRodzaj>Wieś</sln:miejscRodzaj><sln:powIIPId>36c11217-5f6d-45d7-89bc-c877a26794dc</sln:powIIPId><sln:powIIPPn>PL.PZGIK.200</sln:powIIPPn><sln:powIIPWersja>2012-09-27T09:26:09+02:00</sln:powIIPWersja><sln:powIdTeryt>2013</sln:powIdTeryt><sln:powNazwa>wysokomazowiecki</sln:powNazwa><sln:wojIIPId>53ad7aea-d9d3-40c9-9a5c-ff737d5b076e</sln:wojIIPId><sln:wojIIPPn>PL.PZGIK.200</sln:wojIIPPn><sln:wojIIPWersja>2017-10-10T00:00:00+02:00</sln:wojIIPWersja><sln:wojIdTeryt>20</sln:wojIdTeryt><sln:wojNazwa>podlaskie</sln:wojNazwa></sln:miejscowosc><sln:miejscowosc><sln:cyklZyciaOd>2017-11-27T00:00:00+01:00</sln:cyklZyciaOd><sln:gmIIPId>4e3ff3a9-30dc-4dd8-96d2-d9710033a981</sln:gmIIPId><sln:gmIIPPn>PL.PZGIK.200</sln:gmIIPPn><sln:gmIIPWersja>2012-09-26T22:17:25+02:00</sln:gmIIPWersja><sln:gmIdTeryt>2013042</sln:gmIdTeryt><sln:gmNazwa>Klukowo</sln:gmNazwa><sln:miejscIIPId>29ca62cb-476d-4c53-87d1-300a4d025b47</sln:miejscIIPId><sln:miejscIIPPn>PL.PZGIK.200</sln:miejscIIPPn><sln:miejscIIPWersja>2017-11-27T09:09:24+02:00</sln:miejscIIPWersja><sln:miejscIdTeryt>0398534</sln:miejscIdTeryt><sln:miejscNazwa>Gródek</sln:miejscNazwa><sln:miejscRodzaj>Wieś</sln:miejscRodzaj><sln:powIIPId>36c11217-5f6d-45d7-89bc-c877a26794dc</sln:powIIPId><sln:powIIPPn>PL.PZGIK.200</sln:powIIPPn><sln:powIIPWersja>2012-09-27T09:26:09+02:00</sln:powIIPWersja><sln:powIdTeryt>2013</sln:powIdTeryt><sln:powNazwa>wysokomazowiecki</sln:powNazwa><sln:waznyOd>2014-07-11T00:00:00+02:00</sln:waznyOd><sln:wojIIPId>53ad7aea-d9d3-40c9-9a5c-ff737d5b076e</sln:wojIIPId><sln:wojIIPPn>PL.PZGIK.200</sln:wojIIPPn><sln:wojIIPWersja>2017-10-10T00:00:00+02:00</sln:wojIIPWersja><sln:wojIdTeryt>20</sln:wojIdTeryt><sln:wojNazwa>podlaskie</sln:wojNazwa></sln:miejscowosc><sln:miejscowosc><sln:cyklZyciaOd>2017-11-27T00:00:00+01:00</sln:cyklZyciaOd><sln:gmIIPId>4e3ff3a9-30dc-4dd8-96d2-d9710033a981</sln:gmIIPId><sln:gmIIPPn>PL.PZGIK.200</sln:gmIIPPn><sln:gmIIPWersja>2012-09-26T22:17:25+02:00</sln:gmIIPWersja><sln:gmIdTeryt>2013042</sln:gmIdTeryt><sln:gmNazwa>Klukowo</sln:gmNazwa><sln:miejscIIPId>dccb28ac-6fc3-4f0f-9547-3babf81cc613</sln:miejscIIPId><sln:miejscIIPPn>PL.PZGIK.200</sln:miejscIIPPn><sln:miejscIIPWersja>2017-11-27T09:09:30+02:00</sln:miejscIIPWersja><sln:miejscIdTeryt>0398540</sln:miejscIdTeryt><sln:miejscNazwa>Janki</sln:miejscNazwa><sln:miejscRodzaj>Kolonia</sln:miejscRodzaj><sln:powIIPId>36c11217-5f6d-45d7-89bc-c877a26794dc</sln:powIIPId><sln:powIIPPn>PL.PZGIK.200</sln:powIIPPn><sln:powIIPWersja>2012-09-27T09:26:09+02:00</sln:powIIPWersja><sln:powIdTeryt>2013</sln:powIdTeryt><sln:powNazwa>wysokomazowiecki</sln:powNazwa><sln:waznyOd>2014-07-11T00:00:00+02:00</sln:waznyOd><sln:wojIIPId>53ad7aea-d9d3-40c9-9a5c-ff737d5b076e</sln:wojIIPId><sln:wojIIPPn>PL.PZGIK.200</sln:wojIIPPn><sln:wojIIPWersja>2017-10-10T00:00:00+02:00</sln:wojIIPWersja><sln:wojIdTeryt>20</sln:wojIdTeryt><sln:wojNazwa>podlaskie</sln:wojNazwa></sln:miejscowosc><sln:miejscowosc><sln:cyklZyciaOd>2017-11-27T00:00:00+01:00</sln:cyklZyciaOd><sln:gmIIPId>4e3ff3a9-30dc-4dd8-96d2-d9710033a981</sln:gmIIPId><sln:gmIIPPn>PL.PZGIK.200</sln:gmIIPPn><sln:gmIIPWersja>2012-09-26T22:17:25+02:00</sln:gmIIPWersja><sln:gmIdTeryt>2013042</sln:gmIdTeryt><sln:gmNazwa>Klukowo</sln:gmNazwa><sln:miejscIIPId>47bd2fd6-9890-49e4-9d70-7409c2bf4318</sln:miejscIIPId><sln:miejscIIPPn>PL.PZGIK.200</sln:miejscIIPPn><sln:miejscIIPWersja>2017-11-27T09:09:30+02:00</sln:miejscIIPWersja><sln:miejscIdTeryt>0398557</sln:miejscIdTeryt><sln:miejscNazwa>Wiktorzyn</sln:miejscNazwa><sln:miejscRodzaj>Kolonia</sln:miejscRodzaj><sln:powIIPId>36c11217-5f6d-45d7-89bc-c877a26794dc</sln:powIIPId><sln:powIIPPn>PL.PZGIK.200</sln:powIIPPn><sln:powIIPWersja>2012-09-27T09:26:09+02:00</sln:powIIPWersja><sln:powIdTeryt>2013</sln:powIdTeryt><sln:powNazwa>wysokomazowiecki</sln:powNazwa><sln:waznyOd>2014-07-11T00:00:00+02:00</sln:waznyOd><sln:wojIIPId>53ad7aea-d9d3-40c9-9a5c-ff737d5b076e</sln:wojIIPId><sln:wojIIPPn>PL.PZGIK.200</sln:wojIIPPn><sln:wojIIPWersja>2017-10-10T00:00:00+02:00</sln:wojIIPWersja><sln:wojIdTeryt>20</sln:wojIdTeryt><sln:wojNazwa>podlaskie</sln:wojNazwa></sln:miejscowosc><sln:miejscowosc><sln:cyklZyciaOd>2017-11-27T00:00:00+01:00</sln:cyklZyciaOd><sln:gmIIPId>4e3ff3a9-30dc-4dd8-96d2-d9710033a981</sln:gmIIPId><sln:gmIIPPn>PL.PZGIK.200</sln:gmIIPPn><sln:gmIIPWersja>2012-09-26T22:17:25+02:00</sln:gmIIPWersja><sln:gmIdTeryt>2013042</sln:gmIdTeryt><sln:gmNazwa>Klukowo</sln:gmNazwa><sln:miejscIIPId>c1c03f2b-f9d5-4546-b4f1-65336e005620</sln:miejscIIPId><sln:miejscIIPPn>PL.PZGIK.200</sln:miejscIIPPn><sln:miejscIIPWersja>2017-11-27T09:09:30+02:00</sln:miejscIIPWersja><sln:miejscIdTeryt>0398563</sln:miejscIdTeryt><sln:miejscNazwa>Kaliski</sln:miejscNazwa><sln:miejscRodzaj>Wieś</sln:miejscRodzaj><sln:powIIPId>36c11217-5f6d-45d7-89bc-c877a26794dc</sln:powIIPId><sln:powIIPPn>PL.PZGIK.200</sln:powIIPPn><sln:powIIPWersja>2012-09-27T09:26:09+02:00</sln:powIIPWersja><sln:powIdTeryt>2013</sln:powIdTeryt><sln:powNazwa>wysokomazowiecki</sln:powNazwa><sln:waznyOd>2014-07-11T00:00:00+02:00</sln:waznyOd><sln:wojIIPId>53ad7aea-d9d3-40c9-9a5c-ff737d5b076e</sln:wojIIPId><sln:wojIIPPn>PL.PZGIK.200</sln:wojIIPPn><sln:wojIIPWersja>2017-10-10T00:00:00+02:00</sln:wojIIPWersja><sln:wojIdTeryt>20</sln:wojIdTeryt><sln:wojNazwa>podlaskie</sln:wojNazwa></sln:miejscowosc><sln:miejscowosc><sln:cyklZyciaOd>2017-11-27T00:00:00+01:00</sln:cyklZyciaOd><sln:gmIIPId>4e3ff3a9-30dc-4dd8-96d2-d9710033a981</sln:gmIIPId><sln:gmIIPPn>PL.PZGIK.200</sln:gmIIPPn><sln:gmIIPWersja>2012-09-26T22:17:25+02:00</sln:gmIIPWersja><sln:gmIdTeryt>2013042</sln:gmIdTeryt><sln:gmNazwa>Klukowo</sln:gmNazwa><sln:miejscIIPId>c70b2db9-2b33-4d4c-ae0f-8404b9d00d13</sln:miejscIIPId><sln:miejscIIPPn>PL.PZGIK.200</sln:miejscIIPPn><sln:miejscIIPWersja>2017-11-27T09:09:30+02:00</sln:miejscIIPWersja><sln:miejscIdTeryt>0398570</sln:miejscIdTeryt><sln:miejscNazwa>Kapłań</sln:miejscNazwa><sln:miejscRodzaj>Wieś</sln:miejscRodzaj><sln:powIIPId>36c11217-5f6d-45d7-89bc-c877a26794dc</sln:powIIPId><sln:powIIPPn>PL.PZGIK.200</sln:powIIPPn><sln:powIIPWersja>2012-09-27T09:26:09+02:00</sln:powIIPWersja><sln:powIdTeryt>2013</sln:powIdTeryt><sln:powNazwa>wysokomazowiecki</sln:powNazwa><sln:waznyOd>2014-07-11T00:00:00+02:00</sln:waznyOd><sln:wojIIPId>53ad7aea-d9d3-40c9-9a5c-ff737d5b076e</sln:wojIIPId><sln:wojIIPPn>PL.PZGIK.200</sln:wojIIPPn><sln:wojIIPWersja>2017-10-10T00:00:00+02:00</sln:wojIIPWersja><sln:wojIdTeryt>20</sln:wojIdTeryt><sln:wojNazwa>podlaskie</sln:wojNazwa></sln:miejscowosc><sln:miejscowosc><sln:cyklZyciaOd>2017-11-27T00:00:00+01:00</sln:cyklZyciaOd><sln:gmIIPId>4e3ff3a9-30dc-4dd8-96d2-d9710033a981</sln:gmIIPId><sln:gmIIPPn>PL.PZGIK.200</sln:gmIIPPn><sln:gmIIPWersja>2012-09-26T22:17:25+02:00</sln:gmIIPWersja><sln:gmIdTeryt>2013042</sln:gmIdTeryt><sln:gmNazwa>Klukowo</sln:gmNazwa><sln:miejscIIPId>6bc16ac1-8331-49bf-badb-2ced4a968052</sln:miejscIIPId><sln:miejscIIPPn>PL.PZGIK.200</sln:miejscIIPPn><sln:miejscIIPWersja>2017-11-27T09:09:31+02:00</sln:miejscIIPWersja><sln:miejscIdTeryt>0398586</sln:miejscIdTeryt><sln:miejscNazwa>Klukowo</sln:miejscNazwa><sln:miejscRodzaj>Wieś</sln:miejscRodzaj><sln:powIIPId>36c11217-5f6d-45d7-89bc-c877a26794dc</sln:powIIPId><sln:powIIPPn>PL.PZGIK.200</sln:powIIPPn><sln:powIIPWersja>2012-09-27T09:26:09+02:00</sln:powIIPWersja><sln:powIdTeryt>2013</sln:powIdTeryt><sln:powNazwa>wysokomazowiecki</sln:powNazwa><sln:waznyOd>2014-07-11T00:00:00+02:00</sln:waznyOd><sln:wojIIPId>53ad7aea-d9d3-40c9-9a5c-ff737d5b076e</sln:wojIIPId><sln:wojIIPPn>PL.PZGIK.200</sln:wojIIPPn><sln:wojIIPWersja>2017-10-10T00:00:00+02:00</sln:wojIIPWersja><sln:wojIdTeryt>20</sln:wojIdTeryt><sln:wojNazwa>podlaskie</sln:wojNazwa></sln:miejscowosc><sln:miejscowosc><sln:cyklZyciaOd>2017-11-27T00:00:00+01:00</sln:cyklZyciaOd><sln:gmIIPId>4e3ff3a9-30dc-4dd8-96d2-d9710033a981</sln:gmIIPId><sln:gmIIPPn>PL.PZGIK.200</sln:gmIIPPn><sln:gmIIPWersja>2012-09-26T22:17:25+02:00</sln:gmIIPWersja><sln:gmIdTeryt>2013042</sln:gmIdTeryt><sln:gmNazwa>Klukowo</sln:gmNazwa><sln:miejscIIPId>2d94dea6-3f5b-4470-b230-ec27e914f638</sln:miejscIIPId><sln:miejscIIPPn>PL.PZGIK.200</sln:miejscIIPPn><sln:miejscIIPWersja>2017-11-27T09:09:31+02:00</sln:miejscIIPWersja><sln:miejscIdTeryt>0398592</sln:miejscIdTeryt><sln:miejscNazwa>Klukowo-Kolonia</sln:miejscNazwa><sln:miejscRodzaj>Wieś</sln:miejscRodzaj><sln:powIIPId>36c11217-5f6d-45d7-89bc-c877a26794dc</sln:powIIPId><sln:powIIPPn>PL.PZGIK.200</sln:powIIPPn><sln:powIIPWersja>2012-09-27T09:26:09+02:00</sln:powIIPWersja><sln:powIdTeryt>2013</sln:powIdTeryt><sln:powNazwa>wysokomazowiecki</sln:powNazwa><sln:waznyOd>2014-07-11T00:00:00+02:00</sln:waznyOd><sln:wojIIPId>53ad7aea-d9d3-40c9-9a5c-ff737d5b076e</sln:wojIIPId><sln:wojIIPPn>PL.PZGIK.200</sln:wojIIPPn><sln:wojIIPWersja>2017-10-10T00:00:00+02:00</sln:wojIIPWersja><sln:wojIdTeryt>20</sln:wojIdTeryt><sln:wojNazwa>podlaskie</sln:wojNazwa></sln:miejscowosc><sln:miejscowosc><sln:cyklZyciaOd>2017-11-27T00:00:00+01:00</sln:cyklZyciaOd><sln:gmIIPId>4e3ff3a9-30dc-4dd8-96d2-d9710033a981</sln:gmIIPId><sln:gmIIPPn>PL.PZGIK.200</sln:gmIIPPn><sln:gmIIPWersja>2012-09-26T22:17:25+02:00</sln:gmIIPWersja><sln:gmIdTeryt>2013042</sln:gmIdTeryt><sln:gmNazwa>Klukowo</sln:gmNazwa><sln:miejscIIPId>19138baa-c2c7-4b98-bffd-6cdcab76159e</sln:miejscIIPId><sln:miejscIIPPn>PL.PZGIK.200</sln:miejscIIPPn><sln:miejscIIPWersja>2017-11-27T09:09:31+02:00</sln:miejscIIPWersja><sln:miejscIdTeryt>0398600</sln:miejscIdTeryt><sln:miejscNazwa>Kostry-Podsędkowięta</sln:miejscNazwa><sln:miejscRodzaj>Wieś</sln:miejscRodzaj><sln:powIIPId>36c11217-5f6d-45d7-89bc-c877a26794dc</sln:powIIPId><sln:powIIPPn>PL.PZGIK.200</sln:powIIPPn><sln:powIIPWersja>2012-09-27T09:26:09+02:00</sln:powIIPWersja><sln:powIdTeryt>2013</sln:powIdTeryt><sln:powNazwa>wysokomazowiecki</sln:powNazwa><sln:waznyOd>2014-07-11T00:00:00+02:00</sln:waznyOd><sln:wojIIPId>53ad7aea-d9d3-40c9-9a5c-ff737d5b076e</sln:wojIIPId><sln:wojIIPPn>PL.PZGIK.200</sln:wojIIPPn><sln:wojIIPWersja>2017-10-10T00:00:00+02:00</sln:wojIIPWersja><sln:wojIdTeryt>20</sln:wojIdTeryt><sln:wojNazwa>podlaskie</sln:wojNazwa></sln:miejscowosc><sln:miejscowosc><sln:cyklZyciaOd>2017-11-27T00:00:00+01:00</sln:cyklZyciaOd><sln:gmIIPId>4e3ff3a9-30dc-4dd8-96d2-d9710033a981</sln:gmIIPId><sln:gmIIPPn>PL.PZGIK.200</sln:gmIIPPn><sln:gmIIPWersja>2012-09-26T22:17:25+02:00</sln:gmIIPWersja><sln:gmIdTeryt>2013042</sln:gmIdTeryt><sln:gmNazwa>Klukowo</sln:gmNazwa><sln:miejscIIPId>85af693c-7e61-4076-977e-69abdf37a035</sln:miejscIIPId><sln:miejscIIPPn>PL.PZGIK.200</sln:miejscIIPPn><sln:miejscIIPWersja>2017-11-27T09:09:31+02:00</sln:miejscIIPWersja><sln:miejscIdTeryt>0398617</sln:miejscIdTeryt><sln:miejscNazwa>Kostry-Śmiejki</sln:miejscNazwa><sln:miejscRodzaj>Wieś</sln:miejscRodzaj><sln:powIIPId>36c11217-5f6d-45d7-89bc-c877a26794dc</sln:powIIPId><sln:powIIPPn>PL.PZGIK.200</sln:powIIPPn><sln:powIIPWersja>2012-09-27T09:26:09+02:00</sln:powIIPWersja><sln:powIdTeryt>2013</sln:powIdTeryt><sln:powNazwa>wysokomazowiecki</sln:powNazwa><sln:waznyOd>2014-07-11T00:00:00+02:00</sln:waznyOd><sln:wojIIPId>53ad7aea-d9d3-40c9-9a5c-ff737d5b076e</sln:wojIIPId><sln:wojIIPPn>PL.PZGIK.200</sln:wojIIPPn><sln:wojIIPWersja>2017-10-10T00:00:00+02:00</sln:wojIIPWersja><sln:wojIdTeryt>20</sln:wojIdTeryt><sln:wojNazwa>podlaskie</sln:wojNazwa></sln:miejscowosc><sln:miejscowosc><sln:cyklZyciaOd>2017-11-27T00:00:00+01:00</sln:cyklZyciaOd><sln:gmIIPId>4e3ff3a9-30dc-4dd8-96d2-d9710033a981</sln:gmIIPId><sln:gmIIPPn>PL.PZGIK.200</sln:gmIIPPn><sln:gmIIPWersja>2012-09-26T22:17:25+02:00</sln:gmIIPWersja><sln:gmIdTeryt>2013042</sln:gmIdTeryt><sln:gmNazwa>Klukowo</sln:gmNazwa><sln:miejscIIPId>7f5e3110-4ca0-4947-aeb1-925c5a96b850</sln:miejscIIPId><sln:miejscIIPPn>PL.PZGIK.200</sln:miejscIIPPn><sln:miejscIIPWersja>2017-11-27T09:09:31+02:00</sln:miejscIIPWersja><sln:miejscIdTeryt>0398623</sln:miejscIdTeryt><sln:miejscNazwa>Kuczyn</sln:miejscNazwa><sln:miejscRodzaj>Wieś</sln:miejscRodzaj><sln:powIIPId>36c11217-5f6d-45d7-89bc-c877a26794dc</sln:powIIPId><sln:powIIPPn>PL.PZGIK.200</sln:powIIPPn><sln:powIIPWersja>2012-09-27T09:26:09+02:00</sln:powIIPWersja><sln:powIdTeryt>2013</sln:powIdTeryt><sln:powNazwa>wysokomazowiecki</sln:powNazwa><sln:waznyOd>2014-07-11T00:00:00+02:00</sln:waznyOd><sln:wojIIPId>53ad7aea-d9d3-40c9-9a5c-ff737d5b076e</sln:wojIIPId><sln:wojIIPPn>PL.PZGIK.200</sln:wojIIPPn><sln:wojIIPWersja>2017-10-10T00:00:00+02:00</sln:wojIIPWersja><sln:wojIdTeryt>20</sln:wojIdTeryt><sln:wojNazwa>podlaskie</sln:wojNazwa></sln:miejscowosc><sln:miejscowosc><sln:cyklZyciaOd>2017-11-27T00:00:00+01:00</sln:cyklZyciaOd><sln:gmIIPId>4e3ff3a9-30dc-4dd8-96d2-d9710033a981</sln:gmIIPId><sln:gmIIPPn>PL.PZGIK.200</sln:gmIIPPn><sln:gmIIPWersja>2012-09-26T22:17:25+02:00</sln:gmIIPWersja><sln:gmIdTeryt>2013042</sln:gmIdTeryt><sln:gmNazwa>Klukowo</sln:gmNazwa><sln:miejscIIPId>dc96115a-6e5b-4e86-9db6-7d376b0269b4</sln:miejscIIPId><sln:miejscIIPPn>PL.PZGIK.200</sln:miejscIIPPn><sln:miejscIIPWersja>2017-11-27T09:09:31+02:00</sln:miejscIIPWersja><sln:miejscIdTeryt>0398630</sln:miejscIdTeryt><sln:miejscNazwa>Lubowicz-Byzie</sln:miejscNazwa><sln:miejscRodzaj>Wieś</sln:miejscRodzaj><sln:powIIPId>36c11217-5f6d-45d7-89bc-c877a26794dc</sln:powIIPId><sln:powIIPPn>PL.PZGIK.200</sln:powIIPPn><sln:powIIPWersja>2012-09-27T09:26:09+02:00</sln:powIIPWersja><sln:powIdTeryt>2013</sln:powIdTeryt><sln:powNazwa>wysokomazowiecki</sln:powNazwa><sln:waznyOd>2014-07-11T00:00:00+02:00</sln:waznyOd><sln:wojIIPId>53ad7aea-d9d3-40c9-9a5c-ff737d5b076e</sln:wojIIPId><sln:wojIIPPn>PL.PZGIK.200</sln:wojIIPPn><sln:wojIIPWersja>2017-10-10T00:00:00+02:00</sln:wojIIPWersja><sln:wojIdTeryt>20</sln:wojIdTeryt><sln:wojNazwa>podlaskie</sln:wojNazwa></sln:miejscowosc><sln:miejscowosc><sln:cyklZyciaOd>2017-11-27T00:00:00+01:00</sln:cyklZyciaOd><sln:gmIIPId>4e3ff3a9-30dc-4dd8-96d2-d9710033a981</sln:gmIIPId><sln:gmIIPPn>PL.PZGIK.200</sln:gmIIPPn><sln:gmIIPWersja>2012-09-26T22:17:25+02:00</sln:gmIIPWersja><sln:gmIdTeryt>2013042</sln:gmIdTeryt><sln:gmNazwa>Klukowo</sln:gmNazwa><sln:miejscIIPId>2afa41af-0423-4b6b-9043-609c8cf4bcf7</sln:miejscIIPId><sln:miejscIIPPn>PL.PZGIK.200</sln:miejscIIPPn><sln:miejscIIPWersja>2017-11-27T09:09:31+02:00</sln:miejscIIPWersja><sln:miejscIdTeryt>0398646</sln:miejscIdTeryt><sln:miejscNazwa>Lubowicz-Kąty</sln:miejscNazwa><sln:miejscRodzaj>Wieś</sln:miejscRodzaj><sln:powIIPId>36c11217-5f6d-45d7-89bc-c877a26794dc</sln:powIIPId><sln:powIIPPn>PL.PZGIK.200</sln:powIIPPn><sln:powIIPWersja>2012-09-27T09:26:09+02:00</sln:powIIPWersja><sln:powIdTeryt>2013</sln:powIdTeryt><sln:powNazwa>wysokomazowiecki</sln:powNazwa><sln:waznyOd>2014-07-11T00:00:00+02:00</sln:waznyOd><sln:wojIIPId>53ad7aea-d9d3-40c9-9a5c-ff737d5b076e</sln:wojIIPId><sln:wojIIPPn>PL.PZGIK.200</sln:wojIIPPn><sln:wojIIPWersja>2017-10-10T00:00:00+02:00</sln:wojIIPWersja><sln:wojIdTeryt>20</sln:wojIdTeryt><sln:wojNazwa>podlaskie</sln:wojNazwa></sln:miejscowosc><sln:miejscowosc><sln:cyklZyciaOd>2017-11-27T00:00:00+01:00</sln:cyklZyciaOd><sln:gmIIPId>4e3ff3a9-30dc-4dd8-96d2-d9710033a981</sln:gmIIPId><sln:gmIIPPn>PL.PZGIK.200</sln:gmIIPPn><sln:gmIIPWersja>2012-09-26T22:17:25+02:00</sln:gmIIPWersja><sln:gmIdTeryt>2013042</sln:gmIdTeryt><sln:gmNazwa>Klukowo</sln:gmNazwa><sln:miejscIIPId>33a0af97-64d7-45b9-9e52-0f8166c9f41e</sln:miejscIIPId><sln:miejscIIPPn>PL.PZGIK.200</sln:miejscIIPPn><sln:miejscIIPWersja>2017-11-27T09:09:31+02:00</sln:miejscIIPWersja><sln:miejscIdTeryt>0398652</sln:miejscIdTeryt><sln:miejscNazwa>Lubowicz Wielki</sln:miejscNazwa><sln:miejscRodzaj>Wieś</sln:miejscRodzaj><sln:powIIPId>36c11217-5f6d-45d7-89bc-c877a26794dc</sln:powIIPId><sln:powIIPPn>PL.PZGIK.200</sln:powIIPPn><sln:powIIPWersja>2012-09-27T09:26:09+02:00</sln:powIIPWersja><sln:powIdTeryt>2013</sln:powIdTeryt><sln:powNazwa>wysokomazowiecki</sln:powNazwa><sln:waznyOd>2014-07-11T00:00:00+02:00</sln:waznyOd><sln:wojIIPId>53ad7aea-d9d3-40c9-9a5c-ff737d5b076e</sln:wojIIPId><sln:wojIIPPn>PL.PZGIK.200</sln:wojIIPPn><sln:wojIIPWersja>2017-10-10T00:00:00+02:00</sln:wojIIPWersja><sln:wojIdTeryt>20</sln:wojIdTeryt><sln:wojNazwa>podlaskie</sln:wojNazwa></sln:miejscowosc><sln:miejscowosc><sln:cyklZyciaOd>2017-11-27T00:00:00+01:00</sln:cyklZyciaOd><sln:gmIIPId>4e3ff3a9-30dc-4dd8-96d2-d9710033a981</sln:gmIIPId><sln:gmIIPPn>PL.PZGIK.200</sln:gmIIPPn><sln:gmIIPWersja>2012-09-26T22:17:25+02:00</sln:gmIIPWersja><sln:gmIdTeryt>2013042</sln:gmIdTeryt><sln:gmNazwa>Klukowo</sln:gmNazwa><sln:miejscIIPId>f428d72c-16cc-4c18-9f5e-0d954bdfa84a</sln:miejscIIPId><sln:miejscIIPPn>PL.PZGIK.200</sln:miejscIIPPn><sln:miejscIIPWersja>2017-11-27T09:09:31+02:00</sln:miejscIIPWersja><sln:miejscIdTeryt>0398669</sln:miejscIdTeryt><sln:miejscNazwa>Łuniewo Małe</sln:miejscNazwa><sln:miejscRodzaj>Wieś</sln:miejscRodzaj><sln:powIIPId>36c11217-5f6d-45d7-89bc-c877a26794dc</sln:powIIPId><sln:powIIPPn>PL.PZGIK.200</sln:powIIPPn><sln:powIIPWersja>2012-09-27T09:26:09+02:00</sln:powIIPWersja><sln:powIdTeryt>2013</sln:powIdTeryt><sln:powNazwa>wysokomazowiecki</sln:powNazwa><sln:waznyOd>2014-07-11T00:00:00+02:00</sln:waznyOd><sln:wojIIPId>53ad7aea-d9d3-40c9-9a5c-ff737d5b076e</sln:wojIIPId><sln:wojIIPPn>PL.PZGIK.200</sln:wojIIPPn><sln:wojIIPWersja>2017-10-10T00:00:00+02:00</sln:wojIIPWersja><sln:wojIdTeryt>20</sln:wojIdTeryt><sln:wojNazwa>podlaskie</sln:wojNazwa></sln:miejscowosc><sln:miejscowosc><sln:cyklZyciaOd>2017-11-27T00:00:00+01:00</sln:cyklZyciaOd><sln:gmIIPId>4e3ff3a9-30dc-4dd8-96d2-d9710033a981</sln:gmIIPId><sln:gmIIPPn>PL.PZGIK.200</sln:gmIIPPn><sln:gmIIPWersja>2012-09-26T22:17:25+02:00</sln:gmIIPWersja><sln:gmIdTeryt>2013042</sln:gmIdTeryt><sln:gmNazwa>Klukowo</sln:gmNazwa><sln:miejscIIPId>185a1893-8883-4aa8-9a8d-db8febece851</sln:miejscIIPId><sln:miejscIIPPn>PL.PZGIK.200</sln:miejscIIPPn><sln:miejscIIPWersja>2017-11-27T09:09:31+02:00</sln:miejscIIPWersja><sln:miejscIdTeryt>0398675</sln:miejscIdTeryt><sln:miejscNazwa>Łuniewo Wielkie</sln:miejscNazwa><sln:miejscRodzaj>Wieś</sln:miejscRodzaj><sln:powIIPId>36c11217-5f6d-45d7-89bc-c877a26794dc</sln:powIIPId><sln:powIIPPn>PL.PZGIK.200</sln:powIIPPn><sln:powIIPWersja>2012-09-27T09:26:09+02:00</sln:powIIPWersja><sln:powIdTeryt>2013</sln:powIdTeryt><sln:powNazwa>wysokomazowiecki</sln:powNazwa><sln:waznyOd>2014-07-11T00:00:00+02:00</sln:waznyOd><sln:wojIIPId>53ad7aea-d9d3-40c9-9a5c-ff737d5b076e</sln:wojIIPId><sln:wojIIPPn>PL.PZGIK.200</sln:wojIIPPn><sln:wojIIPWersja>2017-10-10T00:00:00+02:00</sln:wojIIPWersja><sln:wojIdTeryt>20</sln:wojIdTeryt><sln:wojNazwa>podlaskie</sln:wojNazwa></sln:miejscowosc><sln:miejscowosc><sln:cyklZyciaOd>2017-11-27T00:00:00+01:00</sln:cyklZyciaOd><sln:gmIIPId>4e3ff3a9-30dc-4dd8-96d2-d9710033a981</sln:gmIIPId><sln:gmIIPPn>PL.PZGIK.200</sln:gmIIPPn><sln:gmIIPWersja>2012-09-26T22:17:25+02:00</sln:gmIIPWersja><sln:gmIdTeryt>2013042</sln:gmIdTeryt><sln:gmNazwa>Klukowo</sln:gmNazwa><sln:miejscIIPId>5d415f4a-7efe-4a8d-bf73-228dc2eef675</sln:miejscIIPId><sln:miejscIIPPn>PL.PZGIK.200</sln:miejscIIPPn><sln:miejscIIPWersja>2017-11-27T09:09:31+02:00</sln:miejscIIPWersja><sln:miejscIdTeryt>0398681</sln:miejscIdTeryt><sln:miejscNazwa>Malinowo</sln:miejscNazwa><sln:miejscRodzaj>Wieś</sln:miejscRodzaj><sln:powIIPId>36c11217-5f6d-45d7-89bc-c877a26794dc</sln:powIIPId><sln:powIIPPn>PL.PZGIK.200</sln:powIIPPn><sln:powIIPWersja>2012-09-27T09:26:09+02:00</sln:powIIPWersja><sln:powIdTeryt>2013</sln:powIdTeryt><sln:powNazwa>wysokomazowiecki</sln:powNazwa><sln:waznyOd>2014-07-11T00:00:00+02:00</sln:waznyOd><sln:wojIIPId>53ad7aea-d9d3-40c9-9a5c-ff737d5b076e</sln:wojIIPId><sln:wojIIPPn>PL.PZGIK.200</sln:wojIIPPn><sln:wojIIPWersja>2017-10-10T00:00:00+02:00</sln:wojIIPWersja><sln:wojIdTeryt>20</sln:wojIdTeryt><sln:wojNazwa>podlaskie</sln:wojNazwa></sln:miejscowosc><sln:miejscowosc><sln:cyklZyciaOd>2017-11-27T00:00:00+01:00</sln:cyklZyciaOd><sln:gmIIPId>4e3ff3a9-30dc-4dd8-96d2-d9710033a981</sln:gmIIPId><sln:gmIIPPn>PL.PZGIK.200</sln:gmIIPPn><sln:gmIIPWersja>2012-09-26T22:17:25+02:00</sln:gmIIPWersja><sln:gmIdTeryt>2013042</sln:gmIdTeryt><sln:gmNazwa>Klukowo</sln:gmNazwa><sln:miejscIIPId>14bef178-218e-44a4-b517-4a40d1ab6d66</sln:miejscIIPId><sln:miejscIIPPn>PL.PZGIK.200</sln:miejscIIPPn><sln:miejscIIPWersja>2017-11-27T09:09:31+02:00</sln:miejscIIPWersja><sln:miejscIdTeryt>0398698</sln:miejscIdTeryt><sln:miejscNazwa>Piętki-Basie</sln:miejscNazwa><sln:miejscRodzaj>Wieś</sln:miejscRodzaj><sln:powIIPId>36c11217-5f6d-45d7-89bc-c877a26794dc</sln:powIIPId><sln:powIIPPn>PL.PZGIK.200</sln:powIIPPn><sln:powIIPWersja>2012-09-27T09:26:09+02:00</sln:powIIPWersja><sln:powIdTeryt>2013</sln:powIdTeryt><sln:powNazwa>wysokomazowiecki</sln:powNazwa><sln:waznyOd>2014-07-11T00:00:00+02:00</sln:waznyOd><sln:wojIIPId>53ad7aea-d9d3-40c9-9a5c-ff737d5b076e</sln:wojIIPId><sln:wojIIPPn>PL.PZGIK.200</sln:wojIIPPn><sln:wojIIPWersja>2017-10-10T00:00:00+02:00</sln:wojIIPWersja><sln:wojIdTeryt>20</sln:wojIdTeryt><sln:wojNazwa>podlaskie</sln:wojNazwa></sln:miejscowosc><sln:miejscowosc><sln:cyklZyciaOd>2017-11-27T00:00:00+01:00</sln:cyklZyciaOd><sln:gmIIPId>4e3ff3a9-30dc-4dd8-96d2-d9710033a981</sln:gmIIPId><sln:gmIIPPn>PL.PZGIK.200</sln:gmIIPPn><sln:gmIIPWersja>2012-09-26T22:17:25+02:00</sln:gmIIPWersja><sln:gmIdTeryt>2013042</sln:gmIdTeryt><sln:gmNazwa>Klukowo</sln:gmNazwa><sln:miejscIIPId>1d24ce2e-80f1-4bcf-8201-51ce6ca9a797</sln:miejscIIPId><sln:miejscIIPPn>PL.PZGIK.200</sln:miejscIIPPn><sln:miejscIIPWersja>2017-11-27T09:09:31+02:00</sln:miejscIIPWersja><sln:miejscIdTeryt>0398706</sln:miejscIdTeryt><sln:miejscNazwa>Piętki-Gręzki</sln:miejscNazwa><sln:miejscRodzaj>Wieś</sln:miejscRodzaj><sln:powIIPId>36c11217-5f6d-45d7-89bc-c877a26794dc</sln:powIIPId><sln:powIIPPn>PL.PZGIK.200</sln:powIIPPn><sln:powIIPWersja>2012-09-27T09:26:09+02:00</sln:powIIPWersja><sln:powIdTeryt>2013</sln:powIdTeryt><sln:powNazwa>wysokomazowiecki</sln:powNazwa><sln:waznyOd>2014-07-11T00:00:00+02:00</sln:waznyOd><sln:wojIIPId>53ad7aea-d9d3-40c9-9a5c-ff737d5b076e</sln:wojIIPId><sln:wojIIPPn>PL.PZGIK.200</sln:wojIIPPn><sln:wojIIPWersja>2017-10-10T00:00:00+02:00</sln:wojIIPWersja><sln:wojIdTeryt>20</sln:wojIdTeryt><sln:wojNazwa>podlaskie</sln:wojNazwa></sln:miejscowosc><sln:miejscowosc><sln:cyklZyciaOd>2017-11-27T00:00:00+01:00</sln:cyklZyciaOd><sln:gmIIPId>4e3ff3a9-30dc-4dd8-96d2-d9710033a981</sln:gmIIPId><sln:gmIIPPn>PL.PZGIK.200</sln:gmIIPPn><sln:gmIIPWersja>2012-09-26T22:17:25+02:00</sln:gmIIPWersja><sln:gmIdTeryt>2013042</sln:gmIdTeryt><sln:gmNazwa>Klukowo</sln:gmNazwa><sln:miejscIIPId>f5ad6e9d-1ea0-4e14-9dc0-4bb015bd985f</sln:miejscIIPId><sln:miejscIIPPn>PL.PZGIK.200</sln:miejscIIPPn><sln:miejscIIPWersja>2017-11-27T09:09:31+02:00</sln:miejscIIPWersja><sln:miejscIdTeryt>0398712</sln:miejscIdTeryt><sln:miejscNazwa>Piętki-Szeligi</sln:miejscNazwa><sln:miejscRodzaj>Wieś</sln:miejscRodzaj><sln:powIIPId>36c11217-5f6d-45d7-89bc-c877a26794dc</sln:powIIPId><sln:powIIPPn>PL.PZGIK.200</sln:powIIPPn><sln:powIIPWersja>2012-09-27T09:26:09+02:00</sln:powIIPWersja><sln:powIdTeryt>2013</sln:powIdTeryt><sln:powNazwa>wysokomazowiecki</sln:powNazwa><sln:waznyOd>2014-07-11T00:00:00+02:00</sln:waznyOd><sln:wojIIPId>53ad7aea-d9d3-40c9-9a5c-ff737d5b076e</sln:wojIIPId><sln:wojIIPPn>PL.PZGIK.200</sln:wojIIPPn><sln:wojIIPWersja>2017-10-10T00:00:00+02:00</sln:wojIIPWersja><sln:wojIdTeryt>20</sln:wojIdTeryt><sln:wojNazwa>podlaskie</sln:wojNazwa></sln:miejscowosc><sln:miejscowosc><sln:cyklZyciaOd>2017-11-27T00:00:00+01:00</sln:cyklZyciaOd><sln:gmIIPId>4e3ff3a9-30dc-4dd8-96d2-d9710033a981</sln:gmIIPId><sln:gmIIPPn>PL.PZGIK.200</sln:gmIIPPn><sln:gmIIPWersja>2012-09-26T22:17:25+02:00</sln:gmIIPWersja><sln:gmIdTeryt>2013042</sln:gmIdTeryt><sln:gmNazwa>Klukowo</sln:gmNazwa><sln:miejscIIPId>b29d071f-85e2-4bf4-b738-7166939d0353</sln:miejscIIPId><sln:miejscIIPPn>PL.PZGIK.200</sln:miejscIIPPn><sln:miejscIIPWersja>2017-11-27T09:09:32+02:00</sln:miejscIIPWersja><sln:miejscIdTeryt>0398729</sln:miejscIdTeryt><sln:miejscNazwa>Piętki-Żebry</sln:miejscNazwa><sln:miejscRodzaj>Wieś</sln:miejscRodzaj><sln:powIIPId>36c11217-5f6d-45d7-89bc-c877a26794dc</sln:powIIPId><sln:powIIPPn>PL.PZGIK.200</sln:powIIPPn><sln:powIIPWersja>2012-09-27T09:26:09+02:00</sln:powIIPWersja><sln:powIdTeryt>2013</sln:powIdTeryt><sln:powNazwa>wysokomazowiecki</sln:powNazwa><sln:waznyOd>2014-07-11T00:00:00+02:00</sln:waznyOd><sln:wojIIPId>53ad7aea-d9d3-40c9-9a5c-ff737d5b076e</sln:wojIIPId><sln:wojIIPPn>PL.PZGIK.200</sln:wojIIPPn><sln:wojIIPWersja>2017-10-10T00:00:00+02:00</sln:wojIIPWersja><sln:wojIdTeryt>20</sln:wojIdTeryt><sln:wojNazwa>podlaskie</sln:wojNazwa></sln:miejscowosc><sln:miejscowosc><sln:cyklZyciaOd>2017-11-27T00:00:00+01:00</sln:cyklZyciaOd><sln:gmIIPId>4e3ff3a9-30dc-4dd8-96d2-d9710033a981</sln:gmIIPId><sln:gmIIPPn>PL.PZGIK.200</sln:gmIIPPn><sln:gmIIPWersja>2012-09-26T22:17:25+02:00</sln:gmIIPWersja><sln:gmIdTeryt>2013042</sln:gmIdTeryt><sln:gmNazwa>Klukowo</sln:gmNazwa><sln:miejscIIPId>fb649960-11c2-4aab-a81d-ab37825de279</sln:miejscIIPId><sln:miejscIIPPn>PL.PZGIK.200</sln:miejscIIPPn><sln:miejscIIPWersja>2017-11-27T09:09:32+02:00</sln:miejscIIPWersja><sln:miejscIdTeryt>0398735</sln:miejscIdTeryt><sln:miejscNazwa>Sobolewo</sln:miejscNazwa><sln:miejscRodzaj>Wieś</sln:miejscRodzaj><sln:powIIPId>36c11217-5f6d-45d7-89bc-c877a26794dc</sln:powIIPId><sln:powIIPPn>PL.PZGIK.200</sln:powIIPPn><sln:powIIPWersja>2012-09-27T09:26:09+02:00</sln:powIIPWersja><sln:powIdTeryt>2013</sln:powIdTeryt><sln:powNazwa>wysokomazowiecki</sln:powNazwa><sln:waznyOd>2014-07-11T00:00:00+02:00</sln:waznyOd><sln:wojIIPId>53ad7aea-d9d3-40c9-9a5c-ff737d5b076e</sln:wojIIPId><sln:wojIIPPn>PL.PZGIK.200</sln:wojIIPPn><sln:wojIIPWersja>2017-10-10T00:00:00+02:00</sln:wojIIPWersja><sln:wojIdTeryt>20</sln:wojIdTeryt><sln:wojNazwa>podlaskie</sln:wojNazwa></sln:miejscowosc><sln:miejscowosc><sln:cyklZyciaOd>2017-11-27T00:00:00+01:00</sln:cyklZyciaOd><sln:gmIIPId>4e3ff3a9-30dc-4dd8-96d2-d9710033a981</sln:gmIIPId><sln:gmIIPPn>PL.PZGIK.200</sln:gmIIPPn><sln:gmIIPWersja>2012-09-26T22:17:25+02:00</sln:gmIIPWersja><sln:gmIdTeryt>2013042</sln:gmIdTeryt><sln:gmNazwa>Klukowo</sln:gmNazwa><sln:miejscIIPId>2f42f447-9ce1-435a-8dbd-10bb2230e5de</sln:miejscIIPId><sln:miejscIIPPn>PL.PZGIK.200</sln:miejscIIPPn><sln:miejscIIPWersja>2017-11-27T09:09:32+02:00</sln:miejscIIPWersja><sln:miejscIdTeryt>0398741</sln:miejscIdTeryt><sln:miejscNazwa>Stare Kostry</sln:miejscNazwa><sln:miejscRodzaj>Wieś</sln:miejscRodzaj><sln:powIIPId>36c11217-5f6d-45d7-89bc-c877a26794dc</sln:powIIPId><sln:powIIPPn>PL.PZGIK.200</sln:powIIPPn><sln:powIIPWersja>2012-09-27T09:26:09+02:00</sln:powIIPWersja><sln:powIdTeryt>2013</sln:powIdTeryt><sln:powNazwa>wysokomazowiecki</sln:powNazwa><sln:waznyOd>2014-07-11T00:00:00+02:00</sln:waznyOd><sln:wojIIPId>53ad7aea-d9d3-40c9-9a5c-ff737d5b076e</sln:wojIIPId><sln:wojIIPPn>PL.PZGIK.200</sln:wojIIPPn><sln:wojIIPWersja>2017-10-10T00:00:00+02:00</sln:wojIIPWersja><sln:wojIdTeryt>20</sln:wojIdTeryt><sln:wojNazwa>podlaskie</sln:wojNazwa></sln:miejscowosc><sln:miejscowosc><sln:cyklZyciaOd>2017-11-27T00:00:00+01:00</sln:cyklZyciaOd><sln:gmIIPId>4e3ff3a9-30dc-4dd8-96d2-d9710033a981</sln:gmIIPId><sln:gmIIPPn>PL.PZGIK.200</sln:gmIIPPn><sln:gmIIPWersja>2012-09-26T22:17:25+02:00</sln:gmIIPWersja><sln:gmIdTeryt>2013042</sln:gmIdTeryt><sln:gmNazwa>Klukowo</sln:gmNazwa><sln:miejscIIPId>51691591-240c-4374-ae4d-78238bf82685</sln:miejscIIPId><sln:miejscIIPPn>PL.PZGIK.200</sln:miejscIIPPn><sln:miejscIIPWersja>2017-11-27T09:09:32+02:00</sln:miejscIIPWersja><sln:miejscIdTeryt>0398758</sln:miejscIdTeryt><sln:miejscNazwa>Stare Warele</sln:miejscNazwa><sln:miejscRodzaj>Wieś</sln:miejscRodzaj><sln:powIIPId>36c11217-5f6d-45d7-89bc-c877a26794dc</sln:powIIPId><sln:powIIPPn>PL.PZGIK.200</sln:powIIPPn><sln:powIIPWersja>2012-09-27T09:26:09+02:00</sln:powIIPWersja><sln:powIdTeryt>2013</sln:powIdTeryt><sln:powNazwa>wysokomazowiecki</sln:powNazwa><sln:waznyOd>2014-07-11T00:00:00+02:00</sln:waznyOd><sln:wojIIPId>53ad7aea-d9d3-40c9-9a5c-ff737d5b076e</sln:wojIIPId><sln:wojIIPPn>PL.PZGIK.200</sln:wojIIPPn><sln:wojIIPWersja>2017-10-10T00:00:00+02:00</sln:wojIIPWersja><sln:wojIdTeryt>20</sln:wojIdTeryt><sln:wojNazwa>podlaskie</sln:wojNazwa></sln:miejscowosc><sln:miejscowosc><sln:cyklZyciaOd>2017-11-27T00:00:00+01:00</sln:cyklZyciaOd><sln:gmIIPId>4e3ff3a9-30dc-4dd8-96d2-d9710033a981</sln:gmIIPId><sln:gmIIPPn>PL.PZGIK.200</sln:gmIIPPn><sln:gmIIPWersja>2012-09-26T22:17:25+02:00</sln:gmIIPWersja><sln:gmIdTeryt>2013042</sln:gmIdTeryt><sln:gmNazwa>Klukowo</sln:gmNazwa><sln:miejscIIPId>f7274f85-bbfd-40e9-94a6-62cb4179f284</sln:miejscIIPId><sln:miejscIIPPn>PL.PZGIK.200</sln:miejscIIPPn><sln:miejscIIPWersja>2017-11-27T09:09:32+02:00</sln:miejscIIPWersja><sln:miejscIdTeryt>0398764</sln:miejscIdTeryt><sln:miejscNazwa>Stare Zalesie</sln:miejscNazwa><sln:miejscRodzaj>Wieś</sln:miejscRodzaj><sln:powIIPId>36c11217-5f6d-45d7-89bc-c877a26794dc</sln:powIIPId><sln:powIIPPn>PL.PZGIK.200</sln:powIIPPn><sln:powIIPWersja>2012-09-27T09:26:09+02:00</sln:powIIPWersja><sln:powIdTeryt>2013</sln:powIdTeryt><sln:powNazwa>wysokomazowiecki</sln:powNazwa><sln:waznyOd>2014-07-11T00:00:00+02:00</sln:waznyOd><sln:wojIIPId>53ad7aea-d9d3-40c9-9a5c-ff737d5b076e</sln:wojIIPId><sln:wojIIPPn>PL.PZGIK.200</sln:wojIIPPn><sln:wojIIPWersja>2017-10-10T00:00:00+02:00</sln:wojIIPWersja><sln:wojIdTeryt>20</sln:wojIdTeryt><sln:wojNazwa>podlaskie</sln:wojNazwa></sln:miejscowosc><sln:miejscowosc><sln:cyklZyciaOd>2017-11-27T00:00:00+01:00</sln:cyklZyciaOd><sln:gmIIPId>4e3ff3a9-30dc-4dd8-96d2-d9710033a981</sln:gmIIPId><sln:gmIIPPn>PL.PZGIK.200</sln:gmIIPPn><sln:gmIIPWersja>2012-09-26T22:17:25+02:00</sln:gmIIPWersja><sln:gmIdTeryt>2013042</sln:gmIdTeryt><sln:gmNazwa>Klukowo</sln:gmNazwa><sln:miejscIIPId>1cc691f5-a6b5-4bb2-8a84-de10b85e47cf</sln:miejscIIPId><sln:miejscIIPPn>PL.PZGIK.200</sln:miejscIIPPn><sln:miejscIIPWersja>2017-11-27T09:09:32+02:00</sln:miejscIIPWersja><sln:miejscIdTeryt>0398770</sln:miejscIdTeryt><sln:miejscNazwa>Trojanowo</sln:miejscNazwa><sln:miejscRodzaj>Wieś</sln:miejscRodzaj><sln:powIIPId>36c11217-5f6d-45d7-89bc-c877a26794dc</sln:powIIPId><sln:powIIPPn>PL.PZGIK.200</sln:powIIPPn><sln:powIIPWersja>2012-09-27T09:26:09+02:00</sln:powIIPWersja><sln:powIdTeryt>2013</sln:powIdTeryt><sln:powNazwa>wysokomazowiecki</sln:powNazwa><sln:waznyOd>2014-07-11T00:00:00+02:00</sln:waznyOd><sln:wojIIPId>53ad7aea-d9d3-40c9-9a5c-ff737d5b076e</sln:wojIIPId><sln:wojIIPPn>PL.PZGIK.200</sln:wojIIPPn><sln:wojIIPWersja>2017-10-10T00:00:00+02:00</sln:wojIIPWersja><sln:wojIdTeryt>20</sln:wojIdTeryt><sln:wojNazwa>podlaskie</sln:wojNazwa></sln:miejscowosc><sln:miejscowosc><sln:cyklZyciaOd>2017-11-27T00:00:00+01:00</sln:cyklZyciaOd><sln:gmIIPId>4e3ff3a9-30dc-4dd8-96d2-d9710033a981</sln:gmIIPId><sln:gmIIPPn>PL.PZGIK.200</sln:gmIIPPn><sln:gmIIPWersja>2012-09-26T22:17:25+02:00</sln:gmIIPWersja><sln:gmIdTeryt>2013042</sln:gmIdTeryt><sln:gmNazwa>Klukowo</sln:gmNazwa><sln:miejscIIPId>9b6236ee-dbac-45dd-a645-434670630932</sln:miejscIIPId><sln:miejscIIPPn>PL.PZGIK.200</sln:miejscIIPPn><sln:miejscIIPWersja>2017-11-27T09:09:32+02:00</sln:miejscIIPWersja><sln:miejscIdTeryt>0398787</sln:miejscIdTeryt><sln:miejscNazwa>Trojanówek</sln:miejscNazwa><sln:miejscRodzaj>Wieś</sln:miejscRodzaj><sln:powIIPId>36c11217-5f6d-45d7-89bc-c877a26794dc</sln:powIIPId><sln:powIIPPn>PL.PZGIK.200</sln:powIIPPn><sln:powIIPWersja>2012-09-27T09:26:09+02:00</sln:powIIPWersja><sln:powIdTeryt>2013</sln:powIdTeryt><sln:powNazwa>wysokomazowiecki</sln:powNazwa><sln:waznyOd>2014-07-11T00:00:00+02:00</sln:waznyOd><sln:wojIIPId>53ad7aea-d9d3-40c9-9a5c-ff737d5b076e</sln:wojIIPId><sln:wojIIPPn>PL.PZGIK.200</sln:wojIIPPn><sln:wojIIPWersja>2017-10-10T00:00:00+02:00</sln:wojIIPWersja><sln:wojIdTeryt>20</sln:wojIdTeryt><sln:wojNazwa>podlaskie</sln:wojNazwa></sln:miejscowosc><sln:miejscowosc><sln:cyklZyciaOd>2017-11-27T00:00:00+01:00</sln:cyklZyciaOd><sln:gmIIPId>4e3ff3a9-30dc-4dd8-96d2-d9710033a981</sln:gmIIPId><sln:gmIIPPn>PL.PZGIK.200</sln:gmIIPPn><sln:gmIIPWersja>2012-09-26T22:17:25+02:00</sln:gmIIPWersja><sln:gmIdTeryt>2013042</sln:gmIdTeryt><sln:gmNazwa>Klukowo</sln:gmNazwa><sln:miejscIIPId>b3476d2b-0144-49a4-9fb8-37e7645ece14</sln:miejscIIPId><sln:miejscIIPPn>PL.PZGIK.200</sln:miejscIIPPn><sln:miejscIIPWersja>2017-11-27T09:09:32+02:00</sln:miejscIIPWersja><sln:miejscIdTeryt>0398793</sln:miejscIdTeryt><sln:miejscNazwa>Usza Mała</sln:miejscNazwa><sln:miejscRodzaj>Wieś</sln:miejscRodzaj><sln:powIIPId>36c11217-5f6d-45d7-89bc-c877a26794dc</sln:powIIPId><sln:powIIPPn>PL.PZGIK.200</sln:powIIPPn><sln:powIIPWersja>2012-09-27T09:26:09+02:00</sln:powIIPWersja><sln:powIdTeryt>2013</sln:powIdTeryt><sln:powNazwa>wysokomazowiecki</sln:powNazwa><sln:waznyOd>2014-07-11T00:00:00+02:00</sln:waznyOd><sln:wojIIPId>53ad7aea-d9d3-40c9-9a5c-ff737d5b076e</sln:wojIIPId><sln:wojIIPPn>PL.PZGIK.200</sln:wojIIPPn><sln:wojIIPWersja>2017-10-10T00:00:00+02:00</sln:wojIIPWersja><sln:wojIdTeryt>20</sln:wojIdTeryt><sln:wojNazwa>podlaskie</sln:wojNazwa></sln:miejscowosc><sln:miejscowosc><sln:cyklZyciaOd>2017-11-27T00:00:00+01:00</sln:cyklZyciaOd><sln:gmIIPId>4e3ff3a9-30dc-4dd8-96d2-d9710033a981</sln:gmIIPId><sln:gmIIPPn>PL.PZGIK.200</sln:gmIIPPn><sln:gmIIPWersja>2012-09-26T22:17:25+02:00</sln:gmIIPWersja><sln:gmIdTeryt>2013042</sln:gmIdTeryt><sln:gmNazwa>Klukowo</sln:gmNazwa><sln:miejscIIPId>c9d43851-9a43-423f-8246-38ff7222cffe</sln:miejscIIPId><sln:miejscIIPPn>PL.PZGIK.200</sln:miejscIIPPn><sln:miejscIIPWersja>2017-11-27T09:09:32+02:00</sln:miejscIIPWersja><sln:miejscIdTeryt>0398818</sln:miejscIdTeryt><sln:miejscNazwa>Usza Wielka</sln:miejscNazwa><sln:miejscRodzaj>Wieś</sln:miejscRodzaj><sln:powIIPId>36c11217-5f6d-45d7-89bc-c877a26794dc</sln:powIIPId><sln:powIIPPn>PL.PZGIK.200</sln:powIIPPn><sln:powIIPWersja>2012-09-27T09:26:09+02:00</sln:powIIPWersja><sln:powIdTeryt>2013</sln:powIdTeryt><sln:powNazwa>wysokomazowiecki</sln:powNazwa><sln:waznyOd>2014-07-11T00:00:00+02:00</sln:waznyOd><sln:wojIIPId>53ad7aea-d9d3-40c9-9a5c-ff737d5b076e</sln:wojIIPId><sln:wojIIPPn>PL.PZGIK.200</sln:wojIIPPn><sln:wojIIPWersja>2017-10-10T00:00:00+02:00</sln:wojIIPWersja><sln:wojIdTeryt>20</sln:wojIdTeryt><sln:wojNazwa>podlaskie</sln:wojNazwa></sln:miejscowosc><sln:miejscowosc><sln:cyklZyciaOd>2017-11-27T00:00:00+01:00</sln:cyklZyciaOd><sln:gmIIPId>4e3ff3a9-30dc-4dd8-96d2-d9710033a981</sln:gmIIPId><sln:gmIIPPn>PL.PZGIK.200</sln:gmIIPPn><sln:gmIIPWersja>2012-09-26T22:17:25+02:00</sln:gmIIPWersja><sln:gmIdTeryt>2013042</sln:gmIdTeryt><sln:gmNazwa>Klukowo</sln:gmNazwa><sln:miejscIIPId>c2c9999b-2dcc-4c8e-a085-bdce5d57bd94</sln:miejscIIPId><sln:miejscIIPPn>PL.PZGIK.200</sln:miejscIIPPn><sln:miejscIIPWersja>2017-11-27T09:09:32+02:00</sln:miejscIIPWersja><sln:miejscIdTeryt>0398824</sln:miejscIdTeryt><sln:miejscNazwa>Wyszonki-Błonie</sln:miejscNazwa><sln:miejscRodzaj>Wieś</sln:miejscRodzaj><sln:powIIPId>36c11217-5f6d-45d7-89bc-c877a26794dc</sln:powIIPId><sln:powIIPPn>PL.PZGIK.200</sln:powIIPPn><sln:powIIPWersja>2012-09-27T09:26:09+02:00</sln:powIIPWersja><sln:powIdTeryt>2013</sln:powIdTeryt><sln:powNazwa>wysokomazowiecki</sln:powNazwa><sln:waznyOd>2014-07-11T00:00:00+02:00</sln:waznyOd><sln:wojIIPId>53ad7aea-d9d3-40c9-9a5c-ff737d5b076e</sln:wojIIPId><sln:wojIIPPn>PL.PZGIK.200</sln:wojIIPPn><sln:wojIIPWersja>2017-10-10T00:00:00+02:00</sln:wojIIPWersja><sln:wojIdTeryt>20</sln:wojIdTeryt><sln:wojNazwa>podlaskie</sln:wojNazwa></sln:miejscowosc><sln:miejscowosc><sln:cyklZyciaOd>2017-11-27T00:00:00+01:00</sln:cyklZyciaOd><sln:gmIIPId>4e3ff3a9-30dc-4dd8-96d2-d9710033a981</sln:gmIIPId><sln:gmIIPPn>PL.PZGIK.200</sln:gmIIPPn><sln:gmIIPWersja>2012-09-26T22:17:25+02:00</sln:gmIIPWersja><sln:gmIdTeryt>2013042</sln:gmIdTeryt><sln:gmNazwa>Klukowo</sln:gmNazwa><sln:miejscIIPId>f77e969b-a40f-4ffe-b9f6-b29fdad7c28d</sln:miejscIIPId><sln:miejscIIPPn>PL.PZGIK.200</sln:miejscIIPPn><sln:miejscIIPWersja>2017-11-27T09:09:32+02:00</sln:miejscIIPWersja><sln:miejscIdTeryt>0398830</sln:miejscIdTeryt><sln:miejscNazwa>Wyszonki-Klukówek</sln:miejscNazwa><sln:miejscRodzaj>Wieś</sln:miejscRodzaj><sln:powIIPId>36c11217-5f6d-45d7-89bc-c877a26794dc</sln:powIIPId><sln:powIIPPn>PL.PZGIK.200</sln:powIIPPn><sln:powIIPWersja>2012-09-27T09:26:09+02:00</sln:powIIPWersja><sln:powIdTeryt>2013</sln:powIdTeryt><sln:powNazwa>wysokomazowiecki</sln:powNazwa><sln:waznyOd>2014-07-11T00:00:00+02:00</sln:waznyOd><sln:wojIIPId>53ad7aea-d9d3-40c9-9a5c-ff737d5b076e</sln:wojIIPId><sln:wojIIPPn>PL.PZGIK.200</sln:wojIIPPn><sln:wojIIPWersja>2017-10-10T00:00:00+02:00</sln:wojIIPWersja><sln:wojIdTeryt>20</sln:wojIdTeryt><sln:wojNazwa>podlaskie</sln:wojNazwa></sln:miejscowosc><sln:miejscowosc><sln:cyklZyciaOd>2017-11-27T00:00:00+01:00</sln:cyklZyciaOd><sln:gmIIPId>4e3ff3a9-30dc-4dd8-96d2-d9710033a981</sln:gmIIPId><sln:gmIIPPn>PL.PZGIK.200</sln:gmIIPPn><sln:gmIIPWersja>2012-09-26T22:17:25+02:00</sln:gmIIPWersja><sln:gmIdTeryt>2013042</sln:gmIdTeryt><sln:gmNazwa>Klukowo</sln:gmNazwa><sln:miejscIIPId>1529bcd6-0f18-475a-a553-573de0cf0c96</sln:miejscIIPId><sln:miejscIIPPn>PL.PZGIK.200</sln:miejscIIPPn><sln:miejscIIPWersja>2017-11-27T09:09:32+02:00</sln:miejscIIPWersja><sln:miejscIdTeryt>0398847</sln:miejscIdTeryt><sln:miejscNazwa>Wyszonki Kościelne</sln:miejscNazwa><sln:miejscRodzaj>Wieś</sln:miejscRodzaj><sln:powIIPId>36c11217-5f6d-45d7-89bc-c877a26794dc</sln:powIIPId><sln:powIIPPn>PL.PZGIK.200</sln:powIIPPn><sln:powIIPWersja>2012-09-27T09:26:09+02:00</sln:powIIPWersja><sln:powIdTeryt>2013</sln:powIdTeryt><sln:powNazwa>wysokomazowiecki</sln:powNazwa><sln:waznyOd>2014-07-11T00:00:00+02:00</sln:waznyOd><sln:wojIIPId>53ad7aea-d9d3-40c9-9a5c-ff737d5b076e</sln:wojIIPId><sln:wojIIPPn>PL.PZGIK.200</sln:wojIIPPn><sln:wojIIPWersja>2017-10-10T00:00:00+02:00</sln:wojIIPWersja><sln:wojIdTeryt>20</sln:wojIdTeryt><sln:wojNazwa>podlaskie</sln:wojNazwa></sln:miejscowosc><sln:miejscowosc><sln:cyklZyciaOd>2017-11-27T00:00:00+01:00</sln:cyklZyciaOd><sln:gmIIPId>4e3ff3a9-30dc-4dd8-96d2-d9710033a981</sln:gmIIPId><sln:gmIIPPn>PL.PZGIK.200</sln:gmIIPPn><sln:gmIIPWersja>2012-09-26T22:17:25+02:00</sln:gmIIPWersja><sln:gmIdTeryt>2013042</sln:gmIdTeryt><sln:gmNazwa>Klukowo</sln:gmNazwa><sln:miejscIIPId>412ef17c-e0b2-4b5d-b779-8f501bd50bb8</sln:miejscIIPId><sln:miejscIIPPn>PL.PZGIK.200</sln:miejscIIPPn><sln:miejscIIPWersja>2017-11-27T09:09:32+02:00</sln:miejscIIPWersja><sln:miejscIdTeryt>0398853</sln:miejscIdTeryt><sln:miejscNazwa>Wyszonki-Nagórki</sln:miejscNazwa><sln:miejscRodzaj>Wieś</sln:miejscRodzaj><sln:powIIPId>36c11217-5f6d-45d7-89bc-c877a26794dc</sln:powIIPId><sln:powIIPPn>PL.PZGIK.200</sln:powIIPPn><sln:powIIPWersja>2012-09-27T09:26:09+02:00</sln:powIIPWersja><sln:powIdTeryt>2013</sln:powIdTeryt><sln:powNazwa>wysokomazowiecki</sln:powNazwa><sln:waznyOd>2014-07-11T00:00:00+02:00</sln:waznyOd><sln:wojIIPId>53ad7aea-d9d3-40c9-9a5c-ff737d5b076e</sln:wojIIPId><sln:wojIIPPn>PL.PZGIK.200</sln:wojIIPPn><sln:wojIIPWersja>2017-10-10T00:00:00+02:00</sln:wojIIPWersja><sln:wojIdTeryt>20</sln:wojIdTeryt><sln:wojNazwa>podlaskie</sln:wojNazwa></sln:miejscowosc><sln:miejscowosc><sln:cyklZyciaOd>2017-11-27T00:00:00+01:00</sln:cyklZyciaOd><sln:gmIIPId>4e3ff3a9-30dc-4dd8-96d2-d9710033a981</sln:gmIIPId><sln:gmIIPPn>PL.PZGIK.200</sln:gmIIPPn><sln:gmIIPWersja>2012-09-26T22:17:25+02:00</sln:gmIIPWersja><sln:gmIdTeryt>2013042</sln:gmIdTeryt><sln:gmNazwa>Klukowo</sln:gmNazwa><sln:miejscIIPId>5b10f6fa-ea08-4666-b6ec-6654df4db1cf</sln:miejscIIPId><sln:miejscIIPPn>PL.PZGIK.200</sln:miejscIIPPn><sln:miejscIIPWersja>2017-11-27T09:09:32+02:00</sln:miejscIIPWersja><sln:miejscIdTeryt>0398860</sln:miejscIdTeryt><sln:miejscNazwa>Wyszonki-Włosty</sln:miejscNazwa><sln:miejscRodzaj>Wieś</sln:miejscRodzaj><sln:powIIPId>36c11217-5f6d-45d7-89bc-c877a26794dc</sln:powIIPId><sln:powIIPPn>PL.PZGIK.200</sln:powIIPPn><sln:powIIPWersja>2012-09-27T09:26:09+02:00</sln:powIIPWersja><sln:powIdTeryt>2013</sln:powIdTeryt><sln:powNazwa>wysokomazowiecki</sln:powNazwa><sln:waznyOd>2014-07-11T00:00:00+02:00</sln:waznyOd><sln:wojIIPId>53ad7aea-d9d3-40c9-9a5c-ff737d5b076e</sln:wojIIPId><sln:wojIIPPn>PL.PZGIK.200</sln:wojIIPPn><sln:wojIIPWersja>2017-10-10T00:00:00+02:00</sln:wojIIPWersja><sln:wojIdTeryt>20</sln:wojIdTeryt><sln:wojNazwa>podlaskie</sln:wojNazwa></sln:miejscowosc><sln:miejscowosc><sln:cyklZyciaOd>2017-11-27T00:00:00+01:00</sln:cyklZyciaOd><sln:gmIIPId>4e3ff3a9-30dc-4dd8-96d2-d9710033a981</sln:gmIIPId><sln:gmIIPPn>PL.PZGIK.200</sln:gmIIPPn><sln:gmIIPWersja>2012-09-26T22:17:25+02:00</sln:gmIIPWersja><sln:gmIdTeryt>2013042</sln:gmIdTeryt><sln:gmNazwa>Klukowo</sln:gmNazwa><sln:miejscIIPId>0f93ad2e-fcfa-40d6-ad28-d777d03d9ab0</sln:miejscIIPId><sln:miejscIIPPn>PL.PZGIK.200</sln:miejscIIPPn><sln:miejscIIPWersja>2017-11-27T09:09:32+02:00</sln:miejscIIPWersja><sln:miejscIdTeryt>0398876</sln:miejscIdTeryt><sln:miejscNazwa>Wyszonki-Wojciechy</sln:miejscNazwa><sln:miejscRodzaj>Wieś</sln:miejscRodzaj><sln:powIIPId>36c11217-5f6d-45d7-89bc-c877a26794dc</sln:powIIPId><sln:powIIPPn>PL.PZGIK.200</sln:powIIPPn><sln:powIIPWersja>2012-09-27T09:26:09+02:00</sln:powIIPWersja><sln:powIdTeryt>2013</sln:powIdTeryt><sln:powNazwa>wysokomazowiecki</sln:powNazwa><sln:waznyOd>2014-07-11T00:00:00+02:00</sln:waznyOd><sln:wojIIPId>53ad7aea-d9d3-40c9-9a5c-ff737d5b076e</sln:wojIIPId><sln:wojIIPPn>PL.PZGIK.200</sln:wojIIPPn><sln:wojIIPWersja>2017-10-10T00:00:00+02:00</sln:wojIIPWersja><sln:wojIdTeryt>20</sln:wojIdTeryt><sln:wojNazwa>podlaskie</sln:wojNazwa></sln:miejscowosc><sln:miejscowosc><sln:cyklZyciaOd>2017-11-27T00:00:00+01:00</sln:cyklZyciaOd><sln:gmIIPId>4e3ff3a9-30dc-4dd8-96d2-d9710033a981</sln:gmIIPId><sln:gmIIPPn>PL.PZGIK.200</sln:gmIIPPn><sln:gmIIPWersja>2012-09-26T22:17:25+02:00</sln:gmIIPWersja><sln:gmIdTeryt>2013042</sln:gmIdTeryt><sln:gmNazwa>Klukowo</sln:gmNazwa><sln:miejscIIPId>2268ed24-fe20-4bed-b555-0d9e177f2c4b</sln:miejscIIPId><sln:miejscIIPPn>PL.PZGIK.200</sln:miejscIIPPn><sln:miejscIIPWersja>2017-11-27T09:09:33+02:00</sln:miejscIIPWersja><sln:miejscIdTeryt>0398882</sln:miejscIdTeryt><sln:miejscNazwa>Wyszonki-Wypychy</sln:miejscNazwa><sln:miejscRodzaj>Wieś</sln:miejscRodzaj><sln:powIIPId>36c11217-5f6d-45d7-89bc-c877a26794dc</sln:powIIPId><sln:powIIPPn>PL.PZGIK.200</sln:powIIPPn><sln:powIIPWersja>2012-09-27T09:26:09+02:00</sln:powIIPWersja><sln:powIdTeryt>2013</sln:powIdTeryt><sln:powNazwa>wysokomazowiecki</sln:powNazwa><sln:waznyOd>2014-07-11T00:00:00+02:00</sln:waznyOd><sln:wojIIPId>53ad7aea-d9d3-40c9-9a5c-ff737d5b076e</sln:wojIIPId><sln:wojIIPPn>PL.PZGIK.200</sln:wojIIPPn><sln:wojIIPWersja>2017-10-10T00:00:00+02:00</sln:wojIIPWersja><sln:wojIdTeryt>20</sln:wojIdTeryt><sln:wojNazwa>podlaskie</sln:wojNazwa></sln:miejscowosc><sln:miejscowosc><sln:cyklZyciaOd>2017-11-27T00:00:00+01:00</sln:cyklZyciaOd><sln:gmIIPId>4e3ff3a9-30dc-4dd8-96d2-d9710033a981</sln:gmIIPId><sln:gmIIPPn>PL.PZGIK.200</sln:gmIIPPn><sln:gmIIPWersja>2012-09-26T22:17:25+02:00</sln:gmIIPWersja><sln:gmIdTeryt>2013042</sln:gmIdTeryt><sln:gmNazwa>Klukowo</sln:gmNazwa><sln:miejscIIPId>7ff15d8b-d5ed-4b6a-b22b-97348f232733</sln:miejscIIPId><sln:miejscIIPPn>PL.PZGIK.200</sln:miejscIIPPn><sln:miejscIIPWersja>2017-11-27T09:09:33+02:00</sln:miejscIIPWersja><sln:miejscIdTeryt>0398899</sln:miejscIdTeryt><sln:miejscNazwa>Żabiniec</sln:miejscNazwa><sln:miejscRodzaj>Wieś</sln:miejscRodzaj><sln:powIIPId>36c11217-5f6d-45d7-89bc-c877a26794dc</sln:powIIPId><sln:powIIPPn>PL.PZGIK.200</sln:powIIPPn><sln:powIIPWersja>2012-09-27T09:26:09+02:00</sln:powIIPWersja><sln:powIdTeryt>2013</sln:powIdTeryt><sln:powNazwa>wysokomazowiecki</sln:powNazwa><sln:waznyOd>2014-07-11T00:00:00+02:00</sln:waznyOd><sln:wojIIPId>53ad7aea-d9d3-40c9-9a5c-ff737d5b076e</sln:wojIIPId><sln:wojIIPPn>PL.PZGIK.200</sln:wojIIPPn><sln:wojIIPWersja>2017-10-10T00:00:00+02:00</sln:wojIIPWersja><sln:wojIdTeryt>20</sln:wojIdTeryt><sln:wojNazwa>podlaskie</sln:wojNazwa></sln:miejscowosc><sln:miejscowosc><sln:cyklZyciaOd>2017-11-27T00:00:00+01:00</sln:cyklZyciaOd><sln:gmIIPId>4e3ff3a9-30dc-4dd8-96d2-d9710033a981</sln:gmIIPId><sln:gmIIPPn>PL.PZGIK.200</sln:gmIIPPn><sln:gmIIPWersja>2012-09-26T22:17:25+02:00</sln:gmIIPWersja><sln:gmIdTeryt>2013042</sln:gmIdTeryt><sln:gmNazwa>Klukowo</sln:gmNazwa><sln:miejscIIPId>a7365dc7-2863-4525-b340-dd38958abb60</sln:miejscIIPId><sln:miejscIIPPn>PL.PZGIK.200</sln:miejscIIPPn><sln:miejscIIPWersja>2017-11-27T09:09:33+02:00</sln:miejscIIPWersja><sln:miejscIdTeryt>0398907</sln:miejscIdTeryt><sln:miejscNazwa>Dzikowiny</sln:miejscNazwa><sln:miejscRodzaj>Inny obiekt</sln:miejscRodzaj><sln:powIIPId>36c11217-5f6d-45d7-89bc-c877a26794dc</sln:powIIPId><sln:powIIPPn>PL.PZGIK.200</sln:powIIPPn><sln:powIIPWersja>2012-09-27T09:26:09+02:00</sln:powIIPWersja><sln:powIdTeryt>2013</sln:powIdTeryt><sln:powNazwa>wysokomazowiecki</sln:powNazwa><sln:waznyOd>2014-07-11T00:00:00+02:00</sln:waznyOd><sln:wojIIPId>53ad7aea-d9d3-40c9-9a5c-ff737d5b076e</sln:wojIIPId><sln:wojIIPPn>PL.PZGIK.200</sln:wojIIPPn><sln:wojIIPWersja>2017-10-10T00:00:00+02:00</sln:wojIIPWersja><sln:wojIdTeryt>20</sln:wojIdTeryt><sln:wojNazwa>podlaskie</sln:wojNazwa></sln:miejscowosc><sln:miejscowosc><sln:cyklZyciaOd>2017-11-27T00:00:00+01:00</sln:cyklZyciaOd><sln:gmIIPId>4e3ff3a9-30dc-4dd8-96d2-d9710033a981</sln:gmIIPId><sln:gmIIPPn>PL.PZGIK.200</sln:gmIIPPn><sln:gmIIPWersja>2012-09-26T22:17:25+02:00</sln:gmIIPWersja><sln:gmIdTeryt>2013042</sln:gmIdTeryt><sln:gmNazwa>Klukowo</sln:gmNazwa><sln:miejscIIPId>4fb6ad83-160a-43c7-87bc-eef58b509226</sln:miejscIIPId><sln:miejscIIPPn>PL.PZGIK.200</sln:miejscIIPPn><sln:miejscIIPWersja>2017-11-27T09:09:33+02:00</sln:miejscIIPWersja><sln:miejscIdTeryt>0398913</sln:miejscIdTeryt><sln:miejscNazwa>Żebry Wielkie</sln:miejscNazwa><sln:miejscRodzaj>Wieś</sln:miejscRodzaj><sln:powIIPId>36c11217-5f6d-45d7-89bc-c877a26794dc</sln:powIIPId><sln:powIIPPn>PL.PZGIK.200</sln:powIIPPn><sln:powIIPWersja>2012-09-27T09:26:09+02:00</sln:powIIPWersja><sln:powIdTeryt>2013</sln:powIdTeryt><sln:powNazwa>wysokomazowiecki</sln:powNazwa><sln:waznyOd>2014-07-11T00:00:00+02:00</sln:waznyOd><sln:wojIIPId>53ad7aea-d9d3-40c9-9a5c-ff737d5b076e</sln:wojIIPId><sln:wojIIPPn>PL.PZGIK.200</sln:wojIIPPn><sln:wojIIPWersja>2017-10-10T00:00:00+02:00</sln:wojIIPWersja><sln:wojIdTeryt>20</sln:wojIdTeryt><sln:wojNazwa>podlaskie</sln:wojNazwa></sln:miejscowosc></sln:lista-miejscowosci>