<?xml version="1.0" encoding="UTF-8" standalone="yes"?><sln:lista-miejscowosci xmlns:srv="http://gugik.gov.pl/schemas/slowniki-service/1.0" xmlns:sln="http://gugik.gov.pl/schemas/slowniki-schema/1.0"><sln:miejscowosc><sln:cyklZyciaDo>2017-04-10T00:00:00+02:00</sln:cyklZyciaDo><sln:cyklZyciaOd>2015-11-20T00:00:00+01:00</sln:cyklZyciaOd><sln:gmIIPId>4df84209-26f8-4c57-af98-bd7c345eb9cb</sln:gmIIPId><sln:gmIIPPn>PL.PZGIK.200</sln:gmIIPPn><sln:gmIIPWersja>2017-10-10T00:00:00+02:00</sln:gmIIPWersja><sln:gmIdTeryt>2005022</sln:gmIdTeryt><sln:gmNazwa>Białowieża</sln:gmNazwa><sln:miejscIIPId>9852b444-4848-4ed7-928e-c55c6e7e0497</sln:miejscIIPId><sln:miejscIIPPn>PL.PZGIK.200</sln:miejscIIPPn><sln:miejscIIPWersja>2016-11-24T08:33:26+02:00</sln:miejscIIPWersja><sln:miejscIdTeryt>0023076</sln:miejscIdTeryt><sln:miejscNazwa>Białowieża</sln:miejscNazwa><sln:miejscRodzaj>Wieś</sln:miejscRodzaj><sln:powIIPId>369919c1-3696-4542-ab7f-f52566d382f5</sln:powIIPId><sln:powIIPPn>PL.PZGIK.200</sln:powIIPPn><sln:powIIPWersja>2017-10-10T00:00:00+02:00</sln:powIIPWersja><sln:powIdTeryt>2005</sln:powIdTeryt><sln:powNazwa>hajnowski</sln:powNazwa><sln:waznyOd>2013-01-16T00:00:00+01:00</sln:waznyOd><sln:wojIIPId>53ad7aea-d9d3-40c9-9a5c-ff737d5b076e</sln:wojIIPId><sln:wojIIPPn>PL.PZGIK.200</sln:wojIIPPn><sln:wojIIPWersja>2017-10-10T00:00:00+02:00</sln:wojIIPWersja><sln:wojIdTeryt>20</sln:wojIdTeryt><sln:wojNazwa>podlaskie</sln:wojNazwa></sln:miejscowosc><sln:miejscowosc><sln:cyklZyciaDo>2017-04-10T00:00:00+02:00</sln:cyklZyciaDo><sln:cyklZyciaOd>2015-11-20T00:00:00+01:00</sln:cyklZyciaOd><sln:gmIIPId>4df84209-26f8-4c57-af98-bd7c345eb9cb</sln:gmIIPId><sln:gmIIPPn>PL.PZGIK.200</sln:gmIIPPn><sln:gmIIPWersja>2017-10-10T00:00:00+02:00</sln:gmIIPWersja><sln:gmIdTeryt>2005022</sln:gmIdTeryt><sln:gmNazwa>Białowieża</sln:gmNazwa><sln:miejscIIPId>b5759de7-4af7-4af1-a1b6-2e39dcaa3441</sln:miejscIIPId><sln:miejscIIPPn>PL.PZGIK.200</sln:miejscIIPPn><sln:miejscIIPWersja>2016-11-24T08:33:26+02:00</sln:miejscIIPWersja><sln:miejscIdTeryt>0023113</sln:miejscIdTeryt><sln:miejscNazwa>Budy</sln:miejscNazwa><sln:miejscRodzaj>Wieś</sln:miejscRodzaj><sln:powIIPId>369919c1-3696-4542-ab7f-f52566d382f5</sln:powIIPId><sln:powIIPPn>PL.PZGIK.200</sln:powIIPPn><sln:powIIPWersja>2017-10-10T00:00:00+02:00</sln:powIIPWersja><sln:powIdTeryt>2005</sln:powIdTeryt><sln:powNazwa>hajnowski</sln:powNazwa><sln:waznyOd>2013-01-16T00:00:00+01:00</sln:waznyOd><sln:wojIIPId>53ad7aea-d9d3-40c9-9a5c-ff737d5b076e</sln:wojIIPId><sln:wojIIPPn>PL.PZGIK.200</sln:wojIIPPn><sln:wojIIPWersja>2017-10-10T00:00:00+02:00</sln:wojIIPWersja><sln:wojIdTeryt>20</sln:wojIdTeryt><sln:wojNazwa>podlaskie</sln:wojNazwa></sln:miejscowosc><sln:miejscowosc><sln:cyklZyciaDo>2017-04-10T00:00:00+02:00</sln:cyklZyciaDo><sln:cyklZyciaOd>2015-11-20T00:00:00+01:00</sln:cyklZyciaOd><sln:gmIIPId>4df84209-26f8-4c57-af98-bd7c345eb9cb</sln:gmIIPId><sln:gmIIPPn>PL.PZGIK.200</sln:gmIIPPn><sln:gmIIPWersja>2017-10-10T00:00:00+02:00</sln:gmIIPWersja><sln:gmIdTeryt>2005022</sln:gmIdTeryt><sln:gmNazwa>Białowieża</sln:gmNazwa><sln:miejscIIPId>697f2aea-7715-4b2a-8a23-8b8ae645683e</sln:miejscIIPId><sln:miejscIIPPn>PL.PZGIK.200</sln:miejscIIPPn><sln:miejscIIPWersja>2016-11-24T08:33:26+02:00</sln:miejscIIPWersja><sln:miejscIdTeryt>0023120</sln:miejscIdTeryt><sln:miejscNazwa>Czerlonka</sln:miejscNazwa><sln:miejscRodzaj>Osada</sln:miejscRodzaj><sln:powIIPId>369919c1-3696-4542-ab7f-f52566d382f5</sln:powIIPId><sln:powIIPPn>PL.PZGIK.200</sln:powIIPPn><sln:powIIPWersja>2017-10-10T00:00:00+02:00</sln:powIIPWersja><sln:powIdTeryt>2005</sln:powIdTeryt><sln:powNazwa>hajnowski</sln:powNazwa><sln:waznyOd>2013-01-16T00:00:00+01:00</sln:waznyOd><sln:wojIIPId>53ad7aea-d9d3-40c9-9a5c-ff737d5b076e</sln:wojIIPId><sln:wojIIPPn>PL.PZGIK.200</sln:wojIIPPn><sln:wojIIPWersja>2017-10-10T00:00:00+02:00</sln:wojIIPWersja><sln:wojIdTeryt>20</sln:wojIdTeryt><sln:wojNazwa>podlaskie</sln:wojNazwa></sln:miejscowosc><sln:miejscowosc><sln:cyklZyciaDo>2017-04-10T00:00:00+02:00</sln:cyklZyciaDo><sln:cyklZyciaOd>2015-11-20T00:00:00+01:00</sln:cyklZyciaOd><sln:gmIIPId>4df84209-26f8-4c57-af98-bd7c345eb9cb</sln:gmIIPId><sln:gmIIPPn>PL.PZGIK.200</sln:gmIIPPn><sln:gmIIPWersja>2017-10-10T00:00:00+02:00</sln:gmIIPWersja><sln:gmIdTeryt>2005022</sln:gmIdTeryt><sln:gmNazwa>Białowieża</sln:gmNazwa><sln:miejscIIPId>5de67b61-2f6a-4d19-b8e9-8e7fd3874ddd</sln:miejscIIPId><sln:miejscIIPPn>PL.PZGIK.200</sln:miejscIIPPn><sln:miejscIIPWersja>2016-11-24T08:33:26+02:00</sln:miejscIIPWersja><sln:miejscIdTeryt>0023171</sln:miejscIdTeryt><sln:miejscNazwa>Grudki</sln:miejscNazwa><sln:miejscRodzaj>Inny obiekt</sln:miejscRodzaj><sln:powIIPId>369919c1-3696-4542-ab7f-f52566d382f5</sln:powIIPId><sln:powIIPPn>PL.PZGIK.200</sln:powIIPPn><sln:powIIPWersja>2017-10-10T00:00:00+02:00</sln:powIIPWersja><sln:powIdTeryt>2005</sln:powIdTeryt><sln:powNazwa>hajnowski</sln:powNazwa><sln:waznyOd>2013-01-16T00:00:00+01:00</sln:waznyOd><sln:wojIIPId>53ad7aea-d9d3-40c9-9a5c-ff737d5b076e</sln:wojIIPId><sln:wojIIPPn>PL.PZGIK.200</sln:wojIIPPn><sln:wojIIPWersja>2017-10-10T00:00:00+02:00</sln:wojIIPWersja><sln:wojIdTeryt>20</sln:wojIdTeryt><sln:wojNazwa>podlaskie</sln:wojNazwa></sln:miejscowosc><sln:miejscowosc><sln:cyklZyciaDo>2017-04-10T00:00:00+02:00</sln:cyklZyciaDo><sln:cyklZyciaOd>2015-11-20T00:00:00+01:00</sln:cyklZyciaOd><sln:gmIIPId>4df84209-26f8-4c57-af98-bd7c345eb9cb</sln:gmIIPId><sln:gmIIPPn>PL.PZGIK.200</sln:gmIIPPn><sln:gmIIPWersja>2017-10-10T00:00:00+02:00</sln:gmIIPWersja><sln:gmIdTeryt>2005022</sln:gmIdTeryt><sln:gmNazwa>Białowieża</sln:gmNazwa><sln:miejscIIPId>2ac88be8-d958-4ecd-9226-d2b322eb5e5e</sln:miejscIIPId><sln:miejscIIPPn>PL.PZGIK.200</sln:miejscIIPPn><sln:miejscIIPWersja>2016-11-24T08:33:26+02:00</sln:miejscIIPWersja><sln:miejscIdTeryt>0023159</sln:miejscIdTeryt><sln:miejscNazwa>Podcerkwy</sln:miejscNazwa><sln:miejscRodzaj>Osada leśna</sln:miejscRodzaj><sln:powIIPId>369919c1-3696-4542-ab7f-f52566d382f5</sln:powIIPId><sln:powIIPPn>PL.PZGIK.200</sln:powIIPPn><sln:powIIPWersja>2017-10-10T00:00:00+02:00</sln:powIIPWersja><sln:powIdTeryt>2005</sln:powIdTeryt><sln:powNazwa>hajnowski</sln:powNazwa><sln:waznyOd>2013-01-16T00:00:00+01:00</sln:waznyOd><sln:wojIIPId>53ad7aea-d9d3-40c9-9a5c-ff737d5b076e</sln:wojIIPId><sln:wojIIPPn>PL.PZGIK.200</sln:wojIIPPn><sln:wojIIPWersja>2017-10-10T00:00:00+02:00</sln:wojIIPWersja><sln:wojIdTeryt>20</sln:wojIdTeryt><sln:wojNazwa>podlaskie</sln:wojNazwa></sln:miejscowosc><sln:miejscowosc><sln:cyklZyciaDo>2017-04-10T00:00:00+02:00</sln:cyklZyciaDo><sln:cyklZyciaOd>2015-11-20T00:00:00+01:00</sln:cyklZyciaOd><sln:gmIIPId>4df84209-26f8-4c57-af98-bd7c345eb9cb</sln:gmIIPId><sln:gmIIPPn>PL.PZGIK.200</sln:gmIIPPn><sln:gmIIPWersja>2017-10-10T00:00:00+02:00</sln:gmIIPWersja><sln:gmIdTeryt>2005022</sln:gmIdTeryt><sln:gmNazwa>Białowieża</sln:gmNazwa><sln:miejscIIPId>78365ab1-47b6-422a-833f-f80d7f024d34</sln:miejscIIPId><sln:miejscIIPPn>PL.PZGIK.200</sln:miejscIIPPn><sln:miejscIIPWersja>2016-11-24T08:33:26+02:00</sln:miejscIIPWersja><sln:miejscIdTeryt>0023188</sln:miejscIdTeryt><sln:miejscNazwa>Podolany Drugie</sln:miejscNazwa><sln:miejscRodzaj>Inny obiekt</sln:miejscRodzaj><sln:powIIPId>369919c1-3696-4542-ab7f-f52566d382f5</sln:powIIPId><sln:powIIPPn>PL.PZGIK.200</sln:powIIPPn><sln:powIIPWersja>2017-10-10T00:00:00+02:00</sln:powIIPWersja><sln:powIdTeryt>2005</sln:powIdTeryt><sln:powNazwa>hajnowski</sln:powNazwa><sln:waznyOd>2013-01-16T00:00:00+01:00</sln:waznyOd><sln:wojIIPId>53ad7aea-d9d3-40c9-9a5c-ff737d5b076e</sln:wojIIPId><sln:wojIIPPn>PL.PZGIK.200</sln:wojIIPPn><sln:wojIIPWersja>2017-10-10T00:00:00+02:00</sln:wojIIPWersja><sln:wojIdTeryt>20</sln:wojIdTeryt><sln:wojNazwa>podlaskie</sln:wojNazwa></sln:miejscowosc><sln:miejscowosc><sln:cyklZyciaDo>2017-04-10T00:00:00+02:00</sln:cyklZyciaDo><sln:cyklZyciaOd>2015-11-20T00:00:00+01:00</sln:cyklZyciaOd><sln:gmIIPId>4df84209-26f8-4c57-af98-bd7c345eb9cb</sln:gmIIPId><sln:gmIIPPn>PL.PZGIK.200</sln:gmIIPPn><sln:gmIIPWersja>2017-10-10T00:00:00+02:00</sln:gmIIPWersja><sln:gmIdTeryt>2005022</sln:gmIdTeryt><sln:gmNazwa>Białowieża</sln:gmNazwa><sln:miejscIIPId>dbf230b3-defb-48a9-93fb-c68e304b3901</sln:miejscIIPId><sln:miejscIIPPn>PL.PZGIK.200</sln:miejscIIPPn><sln:miejscIIPWersja>2016-11-24T08:33:26+02:00</sln:miejscIIPWersja><sln:miejscIdTeryt>0023194</sln:miejscIdTeryt><sln:miejscNazwa>Podolany Pierwsze</sln:miejscNazwa><sln:miejscRodzaj>Inny obiekt</sln:miejscRodzaj><sln:powIIPId>369919c1-3696-4542-ab7f-f52566d382f5</sln:powIIPId><sln:powIIPPn>PL.PZGIK.200</sln:powIIPPn><sln:powIIPWersja>2017-10-10T00:00:00+02:00</sln:powIIPWersja><sln:powIdTeryt>2005</sln:powIdTeryt><sln:powNazwa>hajnowski</sln:powNazwa><sln:waznyOd>2013-01-16T00:00:00+01:00</sln:waznyOd><sln:wojIIPId>53ad7aea-d9d3-40c9-9a5c-ff737d5b076e</sln:wojIIPId><sln:wojIIPPn>PL.PZGIK.200</sln:wojIIPPn><sln:wojIIPWersja>2017-10-10T00:00:00+02:00</sln:wojIIPWersja><sln:wojIdTeryt>20</sln:wojIdTeryt><sln:wojNazwa>podlaskie</sln:wojNazwa></sln:miejscowosc><sln:miejscowosc><sln:cyklZyciaDo>2017-04-10T00:00:00+02:00</sln:cyklZyciaDo><sln:cyklZyciaOd>2015-11-20T00:00:00+01:00</sln:cyklZyciaOd><sln:gmIIPId>4df84209-26f8-4c57-af98-bd7c345eb9cb</sln:gmIIPId><sln:gmIIPPn>PL.PZGIK.200</sln:gmIIPPn><sln:gmIIPWersja>2017-10-10T00:00:00+02:00</sln:gmIIPWersja><sln:gmIdTeryt>2005022</sln:gmIdTeryt><sln:gmNazwa>Białowieża</sln:gmNazwa><sln:miejscIIPId>d2141afc-69e1-42f9-bfb4-ffc96072ae38</sln:miejscIIPId><sln:miejscIIPPn>PL.PZGIK.200</sln:miejscIIPPn><sln:miejscIIPWersja>2016-11-24T08:33:26+02:00</sln:miejscIIPWersja><sln:miejscIdTeryt>0023202</sln:miejscIdTeryt><sln:miejscNazwa>Pogorzelce</sln:miejscNazwa><sln:miejscRodzaj>Wieś</sln:miejscRodzaj><sln:powIIPId>369919c1-3696-4542-ab7f-f52566d382f5</sln:powIIPId><sln:powIIPPn>PL.PZGIK.200</sln:powIIPPn><sln:powIIPWersja>2017-10-10T00:00:00+02:00</sln:powIIPWersja><sln:powIdTeryt>2005</sln:powIdTeryt><sln:powNazwa>hajnowski</sln:powNazwa><sln:waznyOd>2013-01-16T00:00:00+01:00</sln:waznyOd><sln:wojIIPId>53ad7aea-d9d3-40c9-9a5c-ff737d5b076e</sln:wojIIPId><sln:wojIIPPn>PL.PZGIK.200</sln:wojIIPPn><sln:wojIIPWersja>2017-10-10T00:00:00+02:00</sln:wojIIPWersja><sln:wojIdTeryt>20</sln:wojIdTeryt><sln:wojNazwa>podlaskie</sln:wojNazwa></sln:miejscowosc><sln:miejscowosc><sln:cyklZyciaDo>2017-04-10T00:00:00+02:00</sln:cyklZyciaDo><sln:cyklZyciaOd>2015-11-20T00:00:00+01:00</sln:cyklZyciaOd><sln:gmIIPId>4df84209-26f8-4c57-af98-bd7c345eb9cb</sln:gmIIPId><sln:gmIIPPn>PL.PZGIK.200</sln:gmIIPPn><sln:gmIIPWersja>2017-10-10T00:00:00+02:00</sln:gmIIPWersja><sln:gmIdTeryt>2005022</sln:gmIdTeryt><sln:gmNazwa>Białowieża</sln:gmNazwa><sln:miejscIIPId>48910ef7-f604-413b-a9be-674c08a27fbe</sln:miejscIIPId><sln:miejscIIPPn>PL.PZGIK.200</sln:miejscIIPPn><sln:miejscIIPWersja>2016-11-24T08:33:26+02:00</sln:miejscIIPWersja><sln:miejscIdTeryt>0023219</sln:miejscIdTeryt><sln:miejscNazwa>Teremiski</sln:miejscNazwa><sln:miejscRodzaj>Wieś</sln:miejscRodzaj><sln:powIIPId>369919c1-3696-4542-ab7f-f52566d382f5</sln:powIIPId><sln:powIIPPn>PL.PZGIK.200</sln:powIIPPn><sln:powIIPWersja>2017-10-10T00:00:00+02:00</sln:powIIPWersja><sln:powIdTeryt>2005</sln:powIdTeryt><sln:powNazwa>hajnowski</sln:powNazwa><sln:waznyOd>2013-01-16T00:00:00+01:00</sln:waznyOd><sln:wojIIPId>53ad7aea-d9d3-40c9-9a5c-ff737d5b076e</sln:wojIIPId><sln:wojIIPPn>PL.PZGIK.200</sln:wojIIPPn><sln:wojIIPWersja>2017-10-10T00:00:00+02:00</sln:wojIIPWersja><sln:wojIdTeryt>20</sln:wojIdTeryt><sln:wojNazwa>podlaskie</sln:wojNazwa></sln:miejscowosc><sln:miejscowosc><sln:cyklZyciaDo>2017-04-10T00:00:00+02:00</sln:cyklZyciaDo><sln:cyklZyciaOd>2015-11-20T00:00:00+01:00</sln:cyklZyciaOd><sln:gmIIPId>4df84209-26f8-4c57-af98-bd7c345eb9cb</sln:gmIIPId><sln:gmIIPPn>PL.PZGIK.200</sln:gmIIPPn><sln:gmIIPWersja>2017-10-10T00:00:00+02:00</sln:gmIIPWersja><sln:gmIdTeryt>2005022</sln:gmIdTeryt><sln:gmNazwa>Białowieża</sln:gmNazwa><sln:miejscIIPId>d07be786-0572-48f2-9343-6b7a7807c5fc</sln:miejscIIPId><sln:miejscIIPPn>PL.PZGIK.200</sln:miejscIIPPn><sln:miejscIIPWersja>2016-11-24T08:33:26+02:00</sln:miejscIIPWersja><sln:miejscIdTeryt>0023136</sln:miejscIdTeryt><sln:miejscNazwa>Zwierzyniec</sln:miejscNazwa><sln:miejscRodzaj>Osada</sln:miejscRodzaj><sln:powIIPId>369919c1-3696-4542-ab7f-f52566d382f5</sln:powIIPId><sln:powIIPPn>PL.PZGIK.200</sln:powIIPPn><sln:powIIPWersja>2017-10-10T00:00:00+02:00</sln:powIIPWersja><sln:powIdTeryt>2005</sln:powIdTeryt><sln:powNazwa>hajnowski</sln:powNazwa><sln:waznyOd>2013-01-16T00:00:00+01:00</sln:waznyOd><sln:wojIIPId>53ad7aea-d9d3-40c9-9a5c-ff737d5b076e</sln:wojIIPId><sln:wojIIPPn>PL.PZGIK.200</sln:wojIIPPn><sln:wojIIPWersja>2017-10-10T00:00:00+02:00</sln:wojIIPWersja><sln:wojIdTeryt>20</sln:wojIdTeryt><sln:wojNazwa>podlaskie</sln:wojNazwa></sln:miejscowosc><sln:miejscowosc><sln:cyklZyciaOd>2017-04-10T00:00:00+02:00</sln:cyklZyciaOd><sln:gmIIPId>4df84209-26f8-4c57-af98-bd7c345eb9cb</sln:gmIIPId><sln:gmIIPPn>PL.PZGIK.200</sln:gmIIPPn><sln:gmIIPWersja>2017-10-10T00:00:00+02:00</sln:gmIIPWersja><sln:gmIdTeryt>2005022</sln:gmIdTeryt><sln:gmNazwa>Białowieża</sln:gmNazwa><sln:miejscIIPId>9852b444-4848-4ed7-928e-c55c6e7e0497</sln:miejscIIPId><sln:miejscIIPPn>PL.PZGIK.200</sln:miejscIIPPn><sln:miejscIIPWersja>2017-04-10T14:12:15+02:00</sln:miejscIIPWersja><sln:miejscIdTeryt>0023076</sln:miejscIdTeryt><sln:miejscNazwa>Białowieża</sln:miejscNazwa><sln:miejscRodzaj>Wieś</sln:miejscRodzaj><sln:powIIPId>369919c1-3696-4542-ab7f-f52566d382f5</sln:powIIPId><sln:powIIPPn>PL.PZGIK.200</sln:powIIPPn><sln:powIIPWersja>2017-10-10T00:00:00+02:00</sln:powIIPWersja><sln:powIdTeryt>2005</sln:powIdTeryt><sln:powNazwa>hajnowski</sln:powNazwa><sln:waznyOd>2013-01-16T00:00:00+01:00</sln:waznyOd><sln:wojIIPId>53ad7aea-d9d3-40c9-9a5c-ff737d5b076e</sln:wojIIPId><sln:wojIIPPn>PL.PZGIK.200</sln:wojIIPPn><sln:wojIIPWersja>2017-10-10T00:00:00+02:00</sln:wojIIPWersja><sln:wojIdTeryt>20</sln:wojIdTeryt><sln:wojNazwa>podlaskie</sln:wojNazwa></sln:miejscowosc><sln:miejscowosc><sln:cyklZyciaOd>2017-04-10T00:00:00+02:00</sln:cyklZyciaOd><sln:gmIIPId>4df84209-26f8-4c57-af98-bd7c345eb9cb</sln:gmIIPId><sln:gmIIPPn>PL.PZGIK.200</sln:gmIIPPn><sln:gmIIPWersja>2017-10-10T00:00:00+02:00</sln:gmIIPWersja><sln:gmIdTeryt>2005022</sln:gmIdTeryt><sln:gmNazwa>Białowieża</sln:gmNazwa><sln:miejscIIPId>b5759de7-4af7-4af1-a1b6-2e39dcaa3441</sln:miejscIIPId><sln:miejscIIPPn>PL.PZGIK.200</sln:miejscIIPPn><sln:miejscIIPWersja>2017-04-10T14:12:24+02:00</sln:miejscIIPWersja><sln:miejscIdTeryt>0023113</sln:miejscIdTeryt><sln:miejscNazwa>Budy</sln:miejscNazwa><sln:miejscRodzaj>Wieś</sln:miejscRodzaj><sln:powIIPId>369919c1-3696-4542-ab7f-f52566d382f5</sln:powIIPId><sln:powIIPPn>PL.PZGIK.200</sln:powIIPPn><sln:powIIPWersja>2017-10-10T00:00:00+02:00</sln:powIIPWersja><sln:powIdTeryt>2005</sln:powIdTeryt><sln:powNazwa>hajnowski</sln:powNazwa><sln:waznyOd>2013-01-16T00:00:00+01:00</sln:waznyOd><sln:wojIIPId>53ad7aea-d9d3-40c9-9a5c-ff737d5b076e</sln:wojIIPId><sln:wojIIPPn>PL.PZGIK.200</sln:wojIIPPn><sln:wojIIPWersja>2017-10-10T00:00:00+02:00</sln:wojIIPWersja><sln:wojIdTeryt>20</sln:wojIdTeryt><sln:wojNazwa>podlaskie</sln:wojNazwa></sln:miejscowosc><sln:miejscowosc><sln:cyklZyciaOd>2017-04-10T00:00:00+02:00</sln:cyklZyciaOd><sln:gmIIPId>4df84209-26f8-4c57-af98-bd7c345eb9cb</sln:gmIIPId><sln:gmIIPPn>PL.PZGIK.200</sln:gmIIPPn><sln:gmIIPWersja>2017-10-10T00:00:00+02:00</sln:gmIIPWersja><sln:gmIdTeryt>2005022</sln:gmIdTeryt><sln:gmNazwa>Białowieża</sln:gmNazwa><sln:miejscIIPId>697f2aea-7715-4b2a-8a23-8b8ae645683e</sln:miejscIIPId><sln:miejscIIPPn>PL.PZGIK.200</sln:miejscIIPPn><sln:miejscIIPWersja>2017-04-10T14:12:24+02:00</sln:miejscIIPWersja><sln:miejscIdTeryt>0023120</sln:miejscIdTeryt><sln:miejscNazwa>Czerlonka</sln:miejscNazwa><sln:miejscRodzaj>Osada</sln:miejscRodzaj><sln:powIIPId>369919c1-3696-4542-ab7f-f52566d382f5</sln:powIIPId><sln:powIIPPn>PL.PZGIK.200</sln:powIIPPn><sln:powIIPWersja>2017-10-10T00:00:00+02:00</sln:powIIPWersja><sln:powIdTeryt>2005</sln:powIdTeryt><sln:powNazwa>hajnowski</sln:powNazwa><sln:waznyOd>2013-01-16T00:00:00+01:00</sln:waznyOd><sln:wojIIPId>53ad7aea-d9d3-40c9-9a5c-ff737d5b076e</sln:wojIIPId><sln:wojIIPPn>PL.PZGIK.200</sln:wojIIPPn><sln:wojIIPWersja>2017-10-10T00:00:00+02:00</sln:wojIIPWersja><sln:wojIdTeryt>20</sln:wojIdTeryt><sln:wojNazwa>podlaskie</sln:wojNazwa></sln:miejscowosc><sln:miejscowosc><sln:cyklZyciaOd>2017-04-10T00:00:00+02:00</sln:cyklZyciaOd><sln:gmIIPId>4df84209-26f8-4c57-af98-bd7c345eb9cb</sln:gmIIPId><sln:gmIIPPn>PL.PZGIK.200</sln:gmIIPPn><sln:gmIIPWersja>2017-10-10T00:00:00+02:00</sln:gmIIPWersja><sln:gmIdTeryt>2005022</sln:gmIdTeryt><sln:gmNazwa>Białowieża</sln:gmNazwa><sln:miejscIIPId>d07be786-0572-48f2-9343-6b7a7807c5fc</sln:miejscIIPId><sln:miejscIIPPn>PL.PZGIK.200</sln:miejscIIPPn><sln:miejscIIPWersja>2017-04-10T14:12:24+02:00</sln:miejscIIPWersja><sln:miejscIdTeryt>0023136</sln:miejscIdTeryt><sln:miejscNazwa>Zwierzyniec</sln:miejscNazwa><sln:miejscRodzaj>Osada</sln:miejscRodzaj><sln:powIIPId>369919c1-3696-4542-ab7f-f52566d382f5</sln:powIIPId><sln:powIIPPn>PL.PZGIK.200</sln:powIIPPn><sln:powIIPWersja>2017-10-10T00:00:00+02:00</sln:powIIPWersja><sln:powIdTeryt>2005</sln:powIdTeryt><sln:powNazwa>hajnowski</sln:powNazwa><sln:waznyOd>2013-01-16T00:00:00+01:00</sln:waznyOd><sln:wojIIPId>53ad7aea-d9d3-40c9-9a5c-ff737d5b076e</sln:wojIIPId><sln:wojIIPPn>PL.PZGIK.200</sln:wojIIPPn><sln:wojIIPWersja>2017-10-10T00:00:00+02:00</sln:wojIIPWersja><sln:wojIdTeryt>20</sln:wojIdTeryt><sln:wojNazwa>podlaskie</sln:wojNazwa></sln:miejscowosc><sln:miejscowosc><sln:cyklZyciaOd>2017-04-10T00:00:00+02:00</sln:cyklZyciaOd><sln:gmIIPId>4df84209-26f8-4c57-af98-bd7c345eb9cb</sln:gmIIPId><sln:gmIIPPn>PL.PZGIK.200</sln:gmIIPPn><sln:gmIIPWersja>2017-10-10T00:00:00+02:00</sln:gmIIPWersja><sln:gmIdTeryt>2005022</sln:gmIdTeryt><sln:gmNazwa>Białowieża</sln:gmNazwa><sln:miejscIIPId>2ac88be8-d958-4ecd-9226-d2b322eb5e5e</sln:miejscIIPId><sln:miejscIIPPn>PL.PZGIK.200</sln:miejscIIPPn><sln:miejscIIPWersja>2017-04-10T14:12:24+02:00</sln:miejscIIPWersja><sln:miejscIdTeryt>0023159</sln:miejscIdTeryt><sln:miejscNazwa>Podcerkwy</sln:miejscNazwa><sln:miejscRodzaj>Osada leśna</sln:miejscRodzaj><sln:powIIPId>369919c1-3696-4542-ab7f-f52566d382f5</sln:powIIPId><sln:powIIPPn>PL.PZGIK.200</sln:powIIPPn><sln:powIIPWersja>2017-10-10T00:00:00+02:00</sln:powIIPWersja><sln:powIdTeryt>2005</sln:powIdTeryt><sln:powNazwa>hajnowski</sln:powNazwa><sln:waznyOd>2013-01-16T00:00:00+01:00</sln:waznyOd><sln:wojIIPId>53ad7aea-d9d3-40c9-9a5c-ff737d5b076e</sln:wojIIPId><sln:wojIIPPn>PL.PZGIK.200</sln:wojIIPPn><sln:wojIIPWersja>2017-10-10T00:00:00+02:00</sln:wojIIPWersja><sln:wojIdTeryt>20</sln:wojIdTeryt><sln:wojNazwa>podlaskie</sln:wojNazwa></sln:miejscowosc><sln:miejscowosc><sln:cyklZyciaOd>2017-04-10T00:00:00+02:00</sln:cyklZyciaOd><sln:gmIIPId>4df84209-26f8-4c57-af98-bd7c345eb9cb</sln:gmIIPId><sln:gmIIPPn>PL.PZGIK.200</sln:gmIIPPn><sln:gmIIPWersja>2017-10-10T00:00:00+02:00</sln:gmIIPWersja><sln:gmIdTeryt>2005022</sln:gmIdTeryt><sln:gmNazwa>Białowieża</sln:gmNazwa><sln:miejscIIPId>5de67b61-2f6a-4d19-b8e9-8e7fd3874ddd</sln:miejscIIPId><sln:miejscIIPPn>PL.PZGIK.200</sln:miejscIIPPn><sln:miejscIIPWersja>2017-04-10T14:12:24+02:00</sln:miejscIIPWersja><sln:miejscIdTeryt>0023171</sln:miejscIdTeryt><sln:miejscNazwa>Grudki</sln:miejscNazwa><sln:miejscRodzaj>Inny obiekt</sln:miejscRodzaj><sln:powIIPId>369919c1-3696-4542-ab7f-f52566d382f5</sln:powIIPId><sln:powIIPPn>PL.PZGIK.200</sln:powIIPPn><sln:powIIPWersja>2017-10-10T00:00:00+02:00</sln:powIIPWersja><sln:powIdTeryt>2005</sln:powIdTeryt><sln:powNazwa>hajnowski</sln:powNazwa><sln:waznyOd>2013-01-16T00:00:00+01:00</sln:waznyOd><sln:wojIIPId>53ad7aea-d9d3-40c9-9a5c-ff737d5b076e</sln:wojIIPId><sln:wojIIPPn>PL.PZGIK.200</sln:wojIIPPn><sln:wojIIPWersja>2017-10-10T00:00:00+02:00</sln:wojIIPWersja><sln:wojIdTeryt>20</sln:wojIdTeryt><sln:wojNazwa>podlaskie</sln:wojNazwa></sln:miejscowosc><sln:miejscowosc><sln:cyklZyciaOd>2017-04-10T00:00:00+02:00</sln:cyklZyciaOd><sln:gmIIPId>4df84209-26f8-4c57-af98-bd7c345eb9cb</sln:gmIIPId><sln:gmIIPPn>PL.PZGIK.200</sln:gmIIPPn><sln:gmIIPWersja>2017-10-10T00:00:00+02:00</sln:gmIIPWersja><sln:gmIdTeryt>2005022</sln:gmIdTeryt><sln:gmNazwa>Białowieża</sln:gmNazwa><sln:miejscIIPId>78365ab1-47b6-422a-833f-f80d7f024d34</sln:miejscIIPId><sln:miejscIIPPn>PL.PZGIK.200</sln:miejscIIPPn><sln:miejscIIPWersja>2017-04-10T14:12:24+02:00</sln:miejscIIPWersja><sln:miejscIdTeryt>0023188</sln:miejscIdTeryt><sln:miejscNazwa>Podolany Drugie</sln:miejscNazwa><sln:miejscRodzaj>Inny obiekt</sln:miejscRodzaj><sln:powIIPId>369919c1-3696-4542-ab7f-f52566d382f5</sln:powIIPId><sln:powIIPPn>PL.PZGIK.200</sln:powIIPPn><sln:powIIPWersja>2017-10-10T00:00:00+02:00</sln:powIIPWersja><sln:powIdTeryt>2005</sln:powIdTeryt><sln:powNazwa>hajnowski</sln:powNazwa><sln:waznyOd>2013-01-16T00:00:00+01:00</sln:waznyOd><sln:wojIIPId>53ad7aea-d9d3-40c9-9a5c-ff737d5b076e</sln:wojIIPId><sln:wojIIPPn>PL.PZGIK.200</sln:wojIIPPn><sln:wojIIPWersja>2017-10-10T00:00:00+02:00</sln:wojIIPWersja><sln:wojIdTeryt>20</sln:wojIdTeryt><sln:wojNazwa>podlaskie</sln:wojNazwa></sln:miejscowosc><sln:miejscowosc><sln:cyklZyciaOd>2017-04-10T00:00:00+02:00</sln:cyklZyciaOd><sln:gmIIPId>4df84209-26f8-4c57-af98-bd7c345eb9cb</sln:gmIIPId><sln:gmIIPPn>PL.PZGIK.200</sln:gmIIPPn><sln:gmIIPWersja>2017-10-10T00:00:00+02:00</sln:gmIIPWersja><sln:gmIdTeryt>2005022</sln:gmIdTeryt><sln:gmNazwa>Białowieża</sln:gmNazwa><sln:miejscIIPId>dbf230b3-defb-48a9-93fb-c68e304b3901</sln:miejscIIPId><sln:miejscIIPPn>PL.PZGIK.200</sln:miejscIIPPn><sln:miejscIIPWersja>2017-04-10T14:12:24+02:00</sln:miejscIIPWersja><sln:miejscIdTeryt>0023194</sln:miejscIdTeryt><sln:miejscNazwa>Podolany Pierwsze</sln:miejscNazwa><sln:miejscRodzaj>Inny obiekt</sln:miejscRodzaj><sln:powIIPId>369919c1-3696-4542-ab7f-f52566d382f5</sln:powIIPId><sln:powIIPPn>PL.PZGIK.200</sln:powIIPPn><sln:powIIPWersja>2017-10-10T00:00:00+02:00</sln:powIIPWersja><sln:powIdTeryt>2005</sln:powIdTeryt><sln:powNazwa>hajnowski</sln:powNazwa><sln:waznyOd>2013-01-16T00:00:00+01:00</sln:waznyOd><sln:wojIIPId>53ad7aea-d9d3-40c9-9a5c-ff737d5b076e</sln:wojIIPId><sln:wojIIPPn>PL.PZGIK.200</sln:wojIIPPn><sln:wojIIPWersja>2017-10-10T00:00:00+02:00</sln:wojIIPWersja><sln:wojIdTeryt>20</sln:wojIdTeryt><sln:wojNazwa>podlaskie</sln:wojNazwa></sln:miejscowosc><sln:miejscowosc><sln:cyklZyciaOd>2017-04-10T00:00:00+02:00</sln:cyklZyciaOd><sln:gmIIPId>4df84209-26f8-4c57-af98-bd7c345eb9cb</sln:gmIIPId><sln:gmIIPPn>PL.PZGIK.200</sln:gmIIPPn><sln:gmIIPWersja>2017-10-10T00:00:00+02:00</sln:gmIIPWersja><sln:gmIdTeryt>2005022</sln:gmIdTeryt><sln:gmNazwa>Białowieża</sln:gmNazwa><sln:miejscIIPId>d2141afc-69e1-42f9-bfb4-ffc96072ae38</sln:miejscIIPId><sln:miejscIIPPn>PL.PZGIK.200</sln:miejscIIPPn><sln:miejscIIPWersja>2017-04-10T14:12:24+02:00</sln:miejscIIPWersja><sln:miejscIdTeryt>0023202</sln:miejscIdTeryt><sln:miejscNazwa>Pogorzelce</sln:miejscNazwa><sln:miejscRodzaj>Wieś</sln:miejscRodzaj><sln:powIIPId>369919c1-3696-4542-ab7f-f52566d382f5</sln:powIIPId><sln:powIIPPn>PL.PZGIK.200</sln:powIIPPn><sln:powIIPWersja>2017-10-10T00:00:00+02:00</sln:powIIPWersja><sln:powIdTeryt>2005</sln:powIdTeryt><sln:powNazwa>hajnowski</sln:powNazwa><sln:waznyOd>2013-01-16T00:00:00+01:00</sln:waznyOd><sln:wojIIPId>53ad7aea-d9d3-40c9-9a5c-ff737d5b076e</sln:wojIIPId><sln:wojIIPPn>PL.PZGIK.200</sln:wojIIPPn><sln:wojIIPWersja>2017-10-10T00:00:00+02:00</sln:wojIIPWersja><sln:wojIdTeryt>20</sln:wojIdTeryt><sln:wojNazwa>podlaskie</sln:wojNazwa></sln:miejscowosc><sln:miejscowosc><sln:cyklZyciaOd>2017-04-10T00:00:00+02:00</sln:cyklZyciaOd><sln:gmIIPId>4df84209-26f8-4c57-af98-bd7c345eb9cb</sln:gmIIPId><sln:gmIIPPn>PL.PZGIK.200</sln:gmIIPPn><sln:gmIIPWersja>2017-10-10T00:00:00+02:00</sln:gmIIPWersja><sln:gmIdTeryt>2005022</sln:gmIdTeryt><sln:gmNazwa>Białowieża</sln:gmNazwa><sln:miejscIIPId>48910ef7-f604-413b-a9be-674c08a27fbe</sln:miejscIIPId><sln:miejscIIPPn>PL.PZGIK.200</sln:miejscIIPPn><sln:miejscIIPWersja>2017-04-10T14:12:24+02:00</sln:miejscIIPWersja><sln:miejscIdTeryt>0023219</sln:miejscIdTeryt><sln:miejscNazwa>Teremiski</sln:miejscNazwa><sln:miejscRodzaj>Wieś</sln:miejscRodzaj><sln:powIIPId>369919c1-3696-4542-ab7f-f52566d382f5</sln:powIIPId><sln:powIIPPn>PL.PZGIK.200</sln:powIIPPn><sln:powIIPWersja>2017-10-10T00:00:00+02:00</sln:powIIPWersja><sln:powIdTeryt>2005</sln:powIdTeryt><sln:powNazwa>hajnowski</sln:powNazwa><sln:waznyOd>2013-01-16T00:00:00+01:00</sln:waznyOd><sln:wojIIPId>53ad7aea-d9d3-40c9-9a5c-ff737d5b076e</sln:wojIIPId><sln:wojIIPPn>PL.PZGIK.200</sln:wojIIPPn><sln:wojIIPWersja>2017-10-10T00:00:00+02:00</sln:wojIIPWersja><sln:wojIdTeryt>20</sln:wojIdTeryt><sln:wojNazwa>podlaskie</sln:wojNazwa></sln:miejscowosc></sln:lista-miejscowosci>