<?xml version="1.0" encoding="UTF-8" standalone="yes"?><sln:lista-miejscowosci xmlns:srv="http://gugik.gov.pl/schemas/slowniki-service/1.0" xmlns:sln="http://gugik.gov.pl/schemas/slowniki-schema/1.0"><sln:miejscowosc><sln:cyklZyciaDo>2017-04-12T00:00:00+02:00</sln:cyklZyciaDo><sln:cyklZyciaOd>2015-12-02T00:00:00+01:00</sln:cyklZyciaOd><sln:gmIIPId>e1fc9743-463d-4767-8812-c38962ebda02</sln:gmIIPId><sln:gmIIPPn>PL.PZGIK.200</sln:gmIIPPn><sln:gmIIPWersja>2012-09-26T22:15:38+02:00</sln:gmIIPWersja><sln:gmIdTeryt>2007032</sln:gmIdTeryt><sln:gmNazwa>Miastkowo</sln:gmNazwa><sln:miejscIIPId>1030e1b4-e85f-4d77-81ba-f9ea9624b1c8</sln:miejscIIPId><sln:miejscIIPPn>PL.PZGIK.200</sln:miejscIIPPn><sln:miejscIIPWersja>2016-11-24T10:23:36+02:00</sln:miejscIIPWersja><sln:miejscIdTeryt>0401621</sln:miejscIdTeryt><sln:miejscNazwa>Chojny-Naruszczki</sln:miejscNazwa><sln:miejscRodzaj>Wieś</sln:miejscRodzaj><sln:powIIPId>dfbb71bf-ffb3-49fa-ada6-d2bafbbec1d8</sln:powIIPId><sln:powIIPPn>PL.PZGIK.200</sln:powIIPPn><sln:powIIPWersja>2012-09-27T09:26:09+02:00</sln:powIIPWersja><sln:powIdTeryt>2007</sln:powIdTeryt><sln:powNazwa>łomżyński</sln:powNazwa><sln:waznyOd>2015-04-28T00:00:00+02:00</sln:waznyOd><sln:wojIIPId>53ad7aea-d9d3-40c9-9a5c-ff737d5b076e</sln:wojIIPId><sln:wojIIPPn>PL.PZGIK.200</sln:wojIIPPn><sln:wojIIPWersja>2017-10-10T00:00:00+02:00</sln:wojIIPWersja><sln:wojIdTeryt>20</sln:wojIdTeryt><sln:wojNazwa>podlaskie</sln:wojNazwa></sln:miejscowosc><sln:miejscowosc><sln:cyklZyciaDo>2017-04-12T00:00:00+02:00</sln:cyklZyciaDo><sln:cyklZyciaOd>2015-12-02T00:00:00+01:00</sln:cyklZyciaOd><sln:gmIIPId>e1fc9743-463d-4767-8812-c38962ebda02</sln:gmIIPId><sln:gmIIPPn>PL.PZGIK.200</sln:gmIIPPn><sln:gmIIPWersja>2012-09-26T22:15:38+02:00</sln:gmIIPWersja><sln:gmIdTeryt>2007032</sln:gmIdTeryt><sln:gmNazwa>Miastkowo</sln:gmNazwa><sln:miejscIIPId>029e430c-783c-42e7-b882-1cc758092d34</sln:miejscIIPId><sln:miejscIIPPn>PL.PZGIK.200</sln:miejscIIPPn><sln:miejscIIPWersja>2016-11-24T10:23:36+02:00</sln:miejscIIPWersja><sln:miejscIdTeryt>0401638</sln:miejscIdTeryt><sln:miejscNazwa>Czartoria</sln:miejscNazwa><sln:miejscRodzaj>Wieś</sln:miejscRodzaj><sln:powIIPId>dfbb71bf-ffb3-49fa-ada6-d2bafbbec1d8</sln:powIIPId><sln:powIIPPn>PL.PZGIK.200</sln:powIIPPn><sln:powIIPWersja>2012-09-27T09:26:09+02:00</sln:powIIPWersja><sln:powIdTeryt>2007</sln:powIdTeryt><sln:powNazwa>łomżyński</sln:powNazwa><sln:waznyOd>2015-04-28T00:00:00+02:00</sln:waznyOd><sln:wojIIPId>53ad7aea-d9d3-40c9-9a5c-ff737d5b076e</sln:wojIIPId><sln:wojIIPPn>PL.PZGIK.200</sln:wojIIPPn><sln:wojIIPWersja>2017-10-10T00:00:00+02:00</sln:wojIIPWersja><sln:wojIdTeryt>20</sln:wojIdTeryt><sln:wojNazwa>podlaskie</sln:wojNazwa></sln:miejscowosc><sln:miejscowosc><sln:cyklZyciaDo>2017-04-12T00:00:00+02:00</sln:cyklZyciaDo><sln:cyklZyciaOd>2015-12-02T00:00:00+01:00</sln:cyklZyciaOd><sln:gmIIPId>e1fc9743-463d-4767-8812-c38962ebda02</sln:gmIIPId><sln:gmIIPPn>PL.PZGIK.200</sln:gmIIPPn><sln:gmIIPWersja>2012-09-26T22:15:38+02:00</sln:gmIIPWersja><sln:gmIdTeryt>2007032</sln:gmIdTeryt><sln:gmNazwa>Miastkowo</sln:gmNazwa><sln:miejscIIPId>c05c1704-b4b3-461f-a2f0-6a8b4fd0fac1</sln:miejscIIPId><sln:miejscIIPPn>PL.PZGIK.200</sln:miejscIIPPn><sln:miejscIIPWersja>2016-11-24T10:23:36+02:00</sln:miejscIIPWersja><sln:miejscIdTeryt>0401667</sln:miejscIdTeryt><sln:miejscNazwa>Drogoszewo</sln:miejscNazwa><sln:miejscRodzaj>Wieś</sln:miejscRodzaj><sln:powIIPId>dfbb71bf-ffb3-49fa-ada6-d2bafbbec1d8</sln:powIIPId><sln:powIIPPn>PL.PZGIK.200</sln:powIIPPn><sln:powIIPWersja>2012-09-27T09:26:09+02:00</sln:powIIPWersja><sln:powIdTeryt>2007</sln:powIdTeryt><sln:powNazwa>łomżyński</sln:powNazwa><sln:waznyOd>2015-04-28T00:00:00+02:00</sln:waznyOd><sln:wojIIPId>53ad7aea-d9d3-40c9-9a5c-ff737d5b076e</sln:wojIIPId><sln:wojIIPPn>PL.PZGIK.200</sln:wojIIPPn><sln:wojIIPWersja>2017-10-10T00:00:00+02:00</sln:wojIIPWersja><sln:wojIdTeryt>20</sln:wojIdTeryt><sln:wojNazwa>podlaskie</sln:wojNazwa></sln:miejscowosc><sln:miejscowosc><sln:cyklZyciaDo>2017-04-12T00:00:00+02:00</sln:cyklZyciaDo><sln:cyklZyciaOd>2015-12-02T00:00:00+01:00</sln:cyklZyciaOd><sln:gmIIPId>e1fc9743-463d-4767-8812-c38962ebda02</sln:gmIIPId><sln:gmIIPPn>PL.PZGIK.200</sln:gmIIPPn><sln:gmIIPWersja>2012-09-26T22:15:38+02:00</sln:gmIIPWersja><sln:gmIdTeryt>2007032</sln:gmIdTeryt><sln:gmNazwa>Miastkowo</sln:gmNazwa><sln:miejscIIPId>c6368a76-a1f6-48f9-8df5-1ee071318e20</sln:miejscIIPId><sln:miejscIIPPn>PL.PZGIK.200</sln:miejscIIPPn><sln:miejscIIPWersja>2016-11-24T10:23:36+02:00</sln:miejscIIPWersja><sln:miejscIdTeryt>0401673</sln:miejscIdTeryt><sln:miejscNazwa>Gałkówka</sln:miejscNazwa><sln:miejscRodzaj>Wieś</sln:miejscRodzaj><sln:powIIPId>dfbb71bf-ffb3-49fa-ada6-d2bafbbec1d8</sln:powIIPId><sln:powIIPPn>PL.PZGIK.200</sln:powIIPPn><sln:powIIPWersja>2012-09-27T09:26:09+02:00</sln:powIIPWersja><sln:powIdTeryt>2007</sln:powIdTeryt><sln:powNazwa>łomżyński</sln:powNazwa><sln:waznyOd>2015-04-28T00:00:00+02:00</sln:waznyOd><sln:wojIIPId>53ad7aea-d9d3-40c9-9a5c-ff737d5b076e</sln:wojIIPId><sln:wojIIPPn>PL.PZGIK.200</sln:wojIIPPn><sln:wojIIPWersja>2017-10-10T00:00:00+02:00</sln:wojIIPWersja><sln:wojIdTeryt>20</sln:wojIdTeryt><sln:wojNazwa>podlaskie</sln:wojNazwa></sln:miejscowosc><sln:miejscowosc><sln:cyklZyciaDo>2017-04-12T00:00:00+02:00</sln:cyklZyciaDo><sln:cyklZyciaOd>2015-12-02T00:00:00+01:00</sln:cyklZyciaOd><sln:gmIIPId>e1fc9743-463d-4767-8812-c38962ebda02</sln:gmIIPId><sln:gmIIPPn>PL.PZGIK.200</sln:gmIIPPn><sln:gmIIPWersja>2012-09-26T22:15:38+02:00</sln:gmIIPWersja><sln:gmIdTeryt>2007032</sln:gmIdTeryt><sln:gmNazwa>Miastkowo</sln:gmNazwa><sln:miejscIIPId>04868f30-77d0-43bd-8a4d-c5cade4fcacd</sln:miejscIIPId><sln:miejscIIPPn>PL.PZGIK.200</sln:miejscIIPPn><sln:miejscIIPWersja>2016-11-24T10:23:36+02:00</sln:miejscIIPWersja><sln:miejscIdTeryt>0401680</sln:miejscIdTeryt><sln:miejscNazwa>Kaliszki</sln:miejscNazwa><sln:miejscRodzaj>Wieś</sln:miejscRodzaj><sln:powIIPId>dfbb71bf-ffb3-49fa-ada6-d2bafbbec1d8</sln:powIIPId><sln:powIIPPn>PL.PZGIK.200</sln:powIIPPn><sln:powIIPWersja>2012-09-27T09:26:09+02:00</sln:powIIPWersja><sln:powIdTeryt>2007</sln:powIdTeryt><sln:powNazwa>łomżyński</sln:powNazwa><sln:waznyOd>2015-04-28T00:00:00+02:00</sln:waznyOd><sln:wojIIPId>53ad7aea-d9d3-40c9-9a5c-ff737d5b076e</sln:wojIIPId><sln:wojIIPPn>PL.PZGIK.200</sln:wojIIPPn><sln:wojIIPWersja>2017-10-10T00:00:00+02:00</sln:wojIIPWersja><sln:wojIdTeryt>20</sln:wojIdTeryt><sln:wojNazwa>podlaskie</sln:wojNazwa></sln:miejscowosc><sln:miejscowosc><sln:cyklZyciaDo>2017-04-12T00:00:00+02:00</sln:cyklZyciaDo><sln:cyklZyciaOd>2015-12-02T00:00:00+01:00</sln:cyklZyciaOd><sln:gmIIPId>e1fc9743-463d-4767-8812-c38962ebda02</sln:gmIIPId><sln:gmIIPPn>PL.PZGIK.200</sln:gmIIPPn><sln:gmIIPWersja>2012-09-26T22:15:38+02:00</sln:gmIIPWersja><sln:gmIdTeryt>2007032</sln:gmIdTeryt><sln:gmNazwa>Miastkowo</sln:gmNazwa><sln:miejscIIPId>fd905517-df6e-4645-b538-e1b551fcbb6b</sln:miejscIIPId><sln:miejscIIPPn>PL.PZGIK.200</sln:miejscIIPPn><sln:miejscIIPWersja>2016-11-24T10:23:36+02:00</sln:miejscIIPWersja><sln:miejscIdTeryt>0401696</sln:miejscIdTeryt><sln:miejscNazwa>Korytki Leśne</sln:miejscNazwa><sln:miejscRodzaj>Wieś</sln:miejscRodzaj><sln:powIIPId>dfbb71bf-ffb3-49fa-ada6-d2bafbbec1d8</sln:powIIPId><sln:powIIPPn>PL.PZGIK.200</sln:powIIPPn><sln:powIIPWersja>2012-09-27T09:26:09+02:00</sln:powIIPWersja><sln:powIdTeryt>2007</sln:powIdTeryt><sln:powNazwa>łomżyński</sln:powNazwa><sln:waznyOd>2015-04-28T00:00:00+02:00</sln:waznyOd><sln:wojIIPId>53ad7aea-d9d3-40c9-9a5c-ff737d5b076e</sln:wojIIPId><sln:wojIIPPn>PL.PZGIK.200</sln:wojIIPPn><sln:wojIIPWersja>2017-10-10T00:00:00+02:00</sln:wojIIPWersja><sln:wojIdTeryt>20</sln:wojIdTeryt><sln:wojNazwa>podlaskie</sln:wojNazwa></sln:miejscowosc><sln:miejscowosc><sln:cyklZyciaDo>2017-04-12T00:00:00+02:00</sln:cyklZyciaDo><sln:cyklZyciaOd>2015-12-02T00:00:00+01:00</sln:cyklZyciaOd><sln:gmIIPId>e1fc9743-463d-4767-8812-c38962ebda02</sln:gmIIPId><sln:gmIIPPn>PL.PZGIK.200</sln:gmIIPPn><sln:gmIIPWersja>2012-09-26T22:15:38+02:00</sln:gmIIPWersja><sln:gmIdTeryt>2007032</sln:gmIdTeryt><sln:gmNazwa>Miastkowo</sln:gmNazwa><sln:miejscIIPId>de62729a-94cb-46b9-9997-cbb61a30f4f3</sln:miejscIIPId><sln:miejscIIPPn>PL.PZGIK.200</sln:miejscIIPPn><sln:miejscIIPWersja>2016-11-24T10:23:36+02:00</sln:miejscIIPWersja><sln:miejscIdTeryt>0401704</sln:miejscIdTeryt><sln:miejscNazwa>Kraska</sln:miejscNazwa><sln:miejscRodzaj>Wieś</sln:miejscRodzaj><sln:powIIPId>dfbb71bf-ffb3-49fa-ada6-d2bafbbec1d8</sln:powIIPId><sln:powIIPPn>PL.PZGIK.200</sln:powIIPPn><sln:powIIPWersja>2012-09-27T09:26:09+02:00</sln:powIIPWersja><sln:powIdTeryt>2007</sln:powIdTeryt><sln:powNazwa>łomżyński</sln:powNazwa><sln:waznyOd>2015-04-28T00:00:00+02:00</sln:waznyOd><sln:wojIIPId>53ad7aea-d9d3-40c9-9a5c-ff737d5b076e</sln:wojIIPId><sln:wojIIPPn>PL.PZGIK.200</sln:wojIIPPn><sln:wojIIPWersja>2017-10-10T00:00:00+02:00</sln:wojIIPWersja><sln:wojIdTeryt>20</sln:wojIdTeryt><sln:wojNazwa>podlaskie</sln:wojNazwa></sln:miejscowosc><sln:miejscowosc><sln:cyklZyciaDo>2017-04-12T00:00:00+02:00</sln:cyklZyciaDo><sln:cyklZyciaOd>2015-12-02T00:00:00+01:00</sln:cyklZyciaOd><sln:gmIIPId>e1fc9743-463d-4767-8812-c38962ebda02</sln:gmIIPId><sln:gmIIPPn>PL.PZGIK.200</sln:gmIIPPn><sln:gmIIPWersja>2012-09-26T22:15:38+02:00</sln:gmIIPWersja><sln:gmIdTeryt>2007032</sln:gmIdTeryt><sln:gmNazwa>Miastkowo</sln:gmNazwa><sln:miejscIIPId>659922f3-5a82-46a6-9994-2fbfba30c9d7</sln:miejscIIPId><sln:miejscIIPPn>PL.PZGIK.200</sln:miejscIIPPn><sln:miejscIIPWersja>2016-11-24T10:23:36+02:00</sln:miejscIIPWersja><sln:miejscIdTeryt>0401710</sln:miejscIdTeryt><sln:miejscNazwa>Kuleszka</sln:miejscNazwa><sln:miejscRodzaj>Wieś</sln:miejscRodzaj><sln:powIIPId>dfbb71bf-ffb3-49fa-ada6-d2bafbbec1d8</sln:powIIPId><sln:powIIPPn>PL.PZGIK.200</sln:powIIPPn><sln:powIIPWersja>2012-09-27T09:26:09+02:00</sln:powIIPWersja><sln:powIdTeryt>2007</sln:powIdTeryt><sln:powNazwa>łomżyński</sln:powNazwa><sln:waznyOd>2015-04-28T00:00:00+02:00</sln:waznyOd><sln:wojIIPId>53ad7aea-d9d3-40c9-9a5c-ff737d5b076e</sln:wojIIPId><sln:wojIIPPn>PL.PZGIK.200</sln:wojIIPPn><sln:wojIIPWersja>2017-10-10T00:00:00+02:00</sln:wojIIPWersja><sln:wojIdTeryt>20</sln:wojIdTeryt><sln:wojNazwa>podlaskie</sln:wojNazwa></sln:miejscowosc><sln:miejscowosc><sln:cyklZyciaDo>2017-04-12T00:00:00+02:00</sln:cyklZyciaDo><sln:cyklZyciaOd>2015-12-02T00:00:00+01:00</sln:cyklZyciaOd><sln:gmIIPId>e1fc9743-463d-4767-8812-c38962ebda02</sln:gmIIPId><sln:gmIIPPn>PL.PZGIK.200</sln:gmIIPPn><sln:gmIIPWersja>2012-09-26T22:15:38+02:00</sln:gmIIPWersja><sln:gmIdTeryt>2007032</sln:gmIdTeryt><sln:gmNazwa>Miastkowo</sln:gmNazwa><sln:miejscIIPId>2a8ec31d-bd60-4e98-8e7a-639ac439d18f</sln:miejscIIPId><sln:miejscIIPPn>PL.PZGIK.200</sln:miejscIIPPn><sln:miejscIIPWersja>2016-11-24T10:23:36+02:00</sln:miejscIIPWersja><sln:miejscIdTeryt>0401727</sln:miejscIdTeryt><sln:miejscNazwa>Leopoldowo</sln:miejscNazwa><sln:miejscRodzaj>Wieś</sln:miejscRodzaj><sln:powIIPId>dfbb71bf-ffb3-49fa-ada6-d2bafbbec1d8</sln:powIIPId><sln:powIIPPn>PL.PZGIK.200</sln:powIIPPn><sln:powIIPWersja>2012-09-27T09:26:09+02:00</sln:powIIPWersja><sln:powIdTeryt>2007</sln:powIdTeryt><sln:powNazwa>łomżyński</sln:powNazwa><sln:waznyOd>2015-04-28T00:00:00+02:00</sln:waznyOd><sln:wojIIPId>53ad7aea-d9d3-40c9-9a5c-ff737d5b076e</sln:wojIIPId><sln:wojIIPPn>PL.PZGIK.200</sln:wojIIPPn><sln:wojIIPWersja>2017-10-10T00:00:00+02:00</sln:wojIIPWersja><sln:wojIdTeryt>20</sln:wojIdTeryt><sln:wojNazwa>podlaskie</sln:wojNazwa></sln:miejscowosc><sln:miejscowosc><sln:cyklZyciaDo>2017-04-12T00:00:00+02:00</sln:cyklZyciaDo><sln:cyklZyciaOd>2015-12-02T00:00:00+01:00</sln:cyklZyciaOd><sln:gmIIPId>e1fc9743-463d-4767-8812-c38962ebda02</sln:gmIIPId><sln:gmIIPPn>PL.PZGIK.200</sln:gmIIPPn><sln:gmIIPWersja>2012-09-26T22:15:38+02:00</sln:gmIIPWersja><sln:gmIdTeryt>2007032</sln:gmIdTeryt><sln:gmNazwa>Miastkowo</sln:gmNazwa><sln:miejscIIPId>a3c6b0ab-e1b2-4e26-a5ea-7580317097b5</sln:miejscIIPId><sln:miejscIIPPn>PL.PZGIK.200</sln:miejscIIPPn><sln:miejscIIPWersja>2016-11-24T10:23:36+02:00</sln:miejscIIPWersja><sln:miejscIdTeryt>0401740</sln:miejscIdTeryt><sln:miejscNazwa>Łubia</sln:miejscNazwa><sln:miejscRodzaj>Wieś</sln:miejscRodzaj><sln:powIIPId>dfbb71bf-ffb3-49fa-ada6-d2bafbbec1d8</sln:powIIPId><sln:powIIPPn>PL.PZGIK.200</sln:powIIPPn><sln:powIIPWersja>2012-09-27T09:26:09+02:00</sln:powIIPWersja><sln:powIdTeryt>2007</sln:powIdTeryt><sln:powNazwa>łomżyński</sln:powNazwa><sln:waznyOd>2015-04-28T00:00:00+02:00</sln:waznyOd><sln:wojIIPId>53ad7aea-d9d3-40c9-9a5c-ff737d5b076e</sln:wojIIPId><sln:wojIIPPn>PL.PZGIK.200</sln:wojIIPPn><sln:wojIIPWersja>2017-10-10T00:00:00+02:00</sln:wojIIPWersja><sln:wojIdTeryt>20</sln:wojIdTeryt><sln:wojNazwa>podlaskie</sln:wojNazwa></sln:miejscowosc><sln:miejscowosc><sln:cyklZyciaDo>2017-04-12T00:00:00+02:00</sln:cyklZyciaDo><sln:cyklZyciaOd>2015-12-02T00:00:00+01:00</sln:cyklZyciaOd><sln:gmIIPId>e1fc9743-463d-4767-8812-c38962ebda02</sln:gmIIPId><sln:gmIIPPn>PL.PZGIK.200</sln:gmIIPPn><sln:gmIIPWersja>2012-09-26T22:15:38+02:00</sln:gmIIPWersja><sln:gmIdTeryt>2007032</sln:gmIdTeryt><sln:gmNazwa>Miastkowo</sln:gmNazwa><sln:miejscIIPId>7a62668c-75be-4895-a198-ce8383d7bd17</sln:miejscIIPId><sln:miejscIIPPn>PL.PZGIK.200</sln:miejscIIPPn><sln:miejscIIPWersja>2016-11-24T10:23:36+02:00</sln:miejscIIPWersja><sln:miejscIdTeryt>0401762</sln:miejscIdTeryt><sln:miejscNazwa>Łuby-Kiertany</sln:miejscNazwa><sln:miejscRodzaj>Wieś</sln:miejscRodzaj><sln:powIIPId>dfbb71bf-ffb3-49fa-ada6-d2bafbbec1d8</sln:powIIPId><sln:powIIPPn>PL.PZGIK.200</sln:powIIPPn><sln:powIIPWersja>2012-09-27T09:26:09+02:00</sln:powIIPWersja><sln:powIdTeryt>2007</sln:powIdTeryt><sln:powNazwa>łomżyński</sln:powNazwa><sln:waznyOd>2015-04-28T00:00:00+02:00</sln:waznyOd><sln:wojIIPId>53ad7aea-d9d3-40c9-9a5c-ff737d5b076e</sln:wojIIPId><sln:wojIIPPn>PL.PZGIK.200</sln:wojIIPPn><sln:wojIIPWersja>2017-10-10T00:00:00+02:00</sln:wojIIPWersja><sln:wojIdTeryt>20</sln:wojIdTeryt><sln:wojNazwa>podlaskie</sln:wojNazwa></sln:miejscowosc><sln:miejscowosc><sln:cyklZyciaDo>2017-04-12T00:00:00+02:00</sln:cyklZyciaDo><sln:cyklZyciaOd>2015-12-02T00:00:00+01:00</sln:cyklZyciaOd><sln:gmIIPId>e1fc9743-463d-4767-8812-c38962ebda02</sln:gmIIPId><sln:gmIIPPn>PL.PZGIK.200</sln:gmIIPPn><sln:gmIIPWersja>2012-09-26T22:15:38+02:00</sln:gmIIPWersja><sln:gmIdTeryt>2007032</sln:gmIdTeryt><sln:gmNazwa>Miastkowo</sln:gmNazwa><sln:miejscIIPId>4993c6e9-7764-4ca7-87d8-d20ab535069d</sln:miejscIIPId><sln:miejscIIPPn>PL.PZGIK.200</sln:miejscIIPPn><sln:miejscIIPWersja>2016-11-24T10:23:36+02:00</sln:miejscIIPWersja><sln:miejscIdTeryt>0401779</sln:miejscIdTeryt><sln:miejscNazwa>Łuby-Kurki</sln:miejscNazwa><sln:miejscRodzaj>Wieś</sln:miejscRodzaj><sln:powIIPId>dfbb71bf-ffb3-49fa-ada6-d2bafbbec1d8</sln:powIIPId><sln:powIIPPn>PL.PZGIK.200</sln:powIIPPn><sln:powIIPWersja>2012-09-27T09:26:09+02:00</sln:powIIPWersja><sln:powIdTeryt>2007</sln:powIdTeryt><sln:powNazwa>łomżyński</sln:powNazwa><sln:waznyOd>2015-04-28T00:00:00+02:00</sln:waznyOd><sln:wojIIPId>53ad7aea-d9d3-40c9-9a5c-ff737d5b076e</sln:wojIIPId><sln:wojIIPPn>PL.PZGIK.200</sln:wojIIPPn><sln:wojIIPWersja>2017-10-10T00:00:00+02:00</sln:wojIIPWersja><sln:wojIdTeryt>20</sln:wojIdTeryt><sln:wojNazwa>podlaskie</sln:wojNazwa></sln:miejscowosc><sln:miejscowosc><sln:cyklZyciaDo>2017-04-12T00:00:00+02:00</sln:cyklZyciaDo><sln:cyklZyciaOd>2015-12-02T00:00:00+01:00</sln:cyklZyciaOd><sln:gmIIPId>e1fc9743-463d-4767-8812-c38962ebda02</sln:gmIIPId><sln:gmIIPPn>PL.PZGIK.200</sln:gmIIPPn><sln:gmIIPWersja>2012-09-26T22:15:38+02:00</sln:gmIIPWersja><sln:gmIdTeryt>2007032</sln:gmIdTeryt><sln:gmNazwa>Miastkowo</sln:gmNazwa><sln:miejscIIPId>b25b8a63-28df-4931-be2f-ce3df5648c9b</sln:miejscIIPId><sln:miejscIIPPn>PL.PZGIK.200</sln:miejscIIPPn><sln:miejscIIPWersja>2016-11-24T10:23:36+02:00</sln:miejscIIPWersja><sln:miejscIdTeryt>0401785</sln:miejscIdTeryt><sln:miejscNazwa>Miastkowo</sln:miejscNazwa><sln:miejscRodzaj>Wieś</sln:miejscRodzaj><sln:powIIPId>dfbb71bf-ffb3-49fa-ada6-d2bafbbec1d8</sln:powIIPId><sln:powIIPPn>PL.PZGIK.200</sln:powIIPPn><sln:powIIPWersja>2012-09-27T09:26:09+02:00</sln:powIIPWersja><sln:powIdTeryt>2007</sln:powIdTeryt><sln:powNazwa>łomżyński</sln:powNazwa><sln:waznyOd>2015-04-28T00:00:00+02:00</sln:waznyOd><sln:wojIIPId>53ad7aea-d9d3-40c9-9a5c-ff737d5b076e</sln:wojIIPId><sln:wojIIPPn>PL.PZGIK.200</sln:wojIIPPn><sln:wojIIPWersja>2017-10-10T00:00:00+02:00</sln:wojIIPWersja><sln:wojIdTeryt>20</sln:wojIdTeryt><sln:wojNazwa>podlaskie</sln:wojNazwa></sln:miejscowosc><sln:miejscowosc><sln:cyklZyciaDo>2017-04-12T00:00:00+02:00</sln:cyklZyciaDo><sln:cyklZyciaOd>2015-12-02T00:00:00+01:00</sln:cyklZyciaOd><sln:gmIIPId>e1fc9743-463d-4767-8812-c38962ebda02</sln:gmIIPId><sln:gmIIPPn>PL.PZGIK.200</sln:gmIIPPn><sln:gmIIPWersja>2012-09-26T22:15:38+02:00</sln:gmIIPWersja><sln:gmIdTeryt>2007032</sln:gmIdTeryt><sln:gmNazwa>Miastkowo</sln:gmNazwa><sln:miejscIIPId>33832a27-9c4f-4ebd-b60f-1851a2e7902c</sln:miejscIIPId><sln:miejscIIPPn>PL.PZGIK.200</sln:miejscIIPPn><sln:miejscIIPWersja>2016-11-24T10:23:36+02:00</sln:miejscIIPWersja><sln:miejscIdTeryt>0401845</sln:miejscIdTeryt><sln:miejscNazwa>Nowosiedliny</sln:miejscNazwa><sln:miejscRodzaj>Wieś</sln:miejscRodzaj><sln:powIIPId>dfbb71bf-ffb3-49fa-ada6-d2bafbbec1d8</sln:powIIPId><sln:powIIPPn>PL.PZGIK.200</sln:powIIPPn><sln:powIIPWersja>2012-09-27T09:26:09+02:00</sln:powIIPWersja><sln:powIdTeryt>2007</sln:powIdTeryt><sln:powNazwa>łomżyński</sln:powNazwa><sln:waznyOd>2015-04-28T00:00:00+02:00</sln:waznyOd><sln:wojIIPId>53ad7aea-d9d3-40c9-9a5c-ff737d5b076e</sln:wojIIPId><sln:wojIIPPn>PL.PZGIK.200</sln:wojIIPPn><sln:wojIIPWersja>2017-10-10T00:00:00+02:00</sln:wojIIPWersja><sln:wojIdTeryt>20</sln:wojIdTeryt><sln:wojNazwa>podlaskie</sln:wojNazwa></sln:miejscowosc><sln:miejscowosc><sln:cyklZyciaDo>2017-04-12T00:00:00+02:00</sln:cyklZyciaDo><sln:cyklZyciaOd>2015-12-02T00:00:00+01:00</sln:cyklZyciaOd><sln:gmIIPId>e1fc9743-463d-4767-8812-c38962ebda02</sln:gmIIPId><sln:gmIIPPn>PL.PZGIK.200</sln:gmIIPPn><sln:gmIIPWersja>2012-09-26T22:15:38+02:00</sln:gmIIPWersja><sln:gmIdTeryt>2007032</sln:gmIdTeryt><sln:gmNazwa>Miastkowo</sln:gmNazwa><sln:miejscIIPId>9880e8de-43b5-4931-a90f-6c3af76e0be5</sln:miejscIIPId><sln:miejscIIPPn>PL.PZGIK.200</sln:miejscIIPPn><sln:miejscIIPWersja>2016-11-24T10:23:36+02:00</sln:miejscIIPWersja><sln:miejscIdTeryt>0401868</sln:miejscIdTeryt><sln:miejscNazwa>Osetno</sln:miejscNazwa><sln:miejscRodzaj>Wieś</sln:miejscRodzaj><sln:powIIPId>dfbb71bf-ffb3-49fa-ada6-d2bafbbec1d8</sln:powIIPId><sln:powIIPPn>PL.PZGIK.200</sln:powIIPPn><sln:powIIPWersja>2012-09-27T09:26:09+02:00</sln:powIIPWersja><sln:powIdTeryt>2007</sln:powIdTeryt><sln:powNazwa>łomżyński</sln:powNazwa><sln:waznyOd>2015-04-28T00:00:00+02:00</sln:waznyOd><sln:wojIIPId>53ad7aea-d9d3-40c9-9a5c-ff737d5b076e</sln:wojIIPId><sln:wojIIPPn>PL.PZGIK.200</sln:wojIIPPn><sln:wojIIPWersja>2017-10-10T00:00:00+02:00</sln:wojIIPWersja><sln:wojIdTeryt>20</sln:wojIdTeryt><sln:wojNazwa>podlaskie</sln:wojNazwa></sln:miejscowosc><sln:miejscowosc><sln:cyklZyciaDo>2017-04-12T00:00:00+02:00</sln:cyklZyciaDo><sln:cyklZyciaOd>2015-12-02T00:00:00+01:00</sln:cyklZyciaOd><sln:gmIIPId>e1fc9743-463d-4767-8812-c38962ebda02</sln:gmIIPId><sln:gmIIPPn>PL.PZGIK.200</sln:gmIIPPn><sln:gmIIPWersja>2012-09-26T22:15:38+02:00</sln:gmIIPWersja><sln:gmIdTeryt>2007032</sln:gmIdTeryt><sln:gmNazwa>Miastkowo</sln:gmNazwa><sln:miejscIIPId>92008378-d9f0-4b39-8bf7-336623271237</sln:miejscIIPId><sln:miejscIIPPn>PL.PZGIK.200</sln:miejscIIPPn><sln:miejscIIPWersja>2016-11-24T10:23:36+02:00</sln:miejscIIPWersja><sln:miejscIdTeryt>0401897</sln:miejscIdTeryt><sln:miejscNazwa>Podosie</sln:miejscNazwa><sln:miejscRodzaj>Wieś</sln:miejscRodzaj><sln:powIIPId>dfbb71bf-ffb3-49fa-ada6-d2bafbbec1d8</sln:powIIPId><sln:powIIPPn>PL.PZGIK.200</sln:powIIPPn><sln:powIIPWersja>2012-09-27T09:26:09+02:00</sln:powIIPWersja><sln:powIdTeryt>2007</sln:powIdTeryt><sln:powNazwa>łomżyński</sln:powNazwa><sln:waznyOd>2015-04-28T00:00:00+02:00</sln:waznyOd><sln:wojIIPId>53ad7aea-d9d3-40c9-9a5c-ff737d5b076e</sln:wojIIPId><sln:wojIIPPn>PL.PZGIK.200</sln:wojIIPPn><sln:wojIIPWersja>2017-10-10T00:00:00+02:00</sln:wojIIPWersja><sln:wojIdTeryt>20</sln:wojIdTeryt><sln:wojNazwa>podlaskie</sln:wojNazwa></sln:miejscowosc><sln:miejscowosc><sln:cyklZyciaDo>2017-04-12T00:00:00+02:00</sln:cyklZyciaDo><sln:cyklZyciaOd>2015-12-02T00:00:00+01:00</sln:cyklZyciaOd><sln:gmIIPId>e1fc9743-463d-4767-8812-c38962ebda02</sln:gmIIPId><sln:gmIIPPn>PL.PZGIK.200</sln:gmIIPPn><sln:gmIIPWersja>2012-09-26T22:15:38+02:00</sln:gmIIPWersja><sln:gmIdTeryt>2007032</sln:gmIdTeryt><sln:gmNazwa>Miastkowo</sln:gmNazwa><sln:miejscIIPId>73a01b81-d67b-4ae1-ae17-cef40644c45e</sln:miejscIIPId><sln:miejscIIPPn>PL.PZGIK.200</sln:miejscIIPPn><sln:miejscIIPWersja>2016-11-24T10:23:36+02:00</sln:miejscIIPWersja><sln:miejscIdTeryt>0401928</sln:miejscIdTeryt><sln:miejscNazwa>Rybaki</sln:miejscNazwa><sln:miejscRodzaj>Wieś</sln:miejscRodzaj><sln:powIIPId>dfbb71bf-ffb3-49fa-ada6-d2bafbbec1d8</sln:powIIPId><sln:powIIPPn>PL.PZGIK.200</sln:powIIPPn><sln:powIIPWersja>2012-09-27T09:26:09+02:00</sln:powIIPWersja><sln:powIdTeryt>2007</sln:powIdTeryt><sln:powNazwa>łomżyński</sln:powNazwa><sln:waznyOd>2015-04-28T00:00:00+02:00</sln:waznyOd><sln:wojIIPId>53ad7aea-d9d3-40c9-9a5c-ff737d5b076e</sln:wojIIPId><sln:wojIIPPn>PL.PZGIK.200</sln:wojIIPPn><sln:wojIIPWersja>2017-10-10T00:00:00+02:00</sln:wojIIPWersja><sln:wojIdTeryt>20</sln:wojIdTeryt><sln:wojNazwa>podlaskie</sln:wojNazwa></sln:miejscowosc><sln:miejscowosc><sln:cyklZyciaDo>2017-04-12T00:00:00+02:00</sln:cyklZyciaDo><sln:cyklZyciaOd>2015-12-02T00:00:00+01:00</sln:cyklZyciaOd><sln:gmIIPId>e1fc9743-463d-4767-8812-c38962ebda02</sln:gmIIPId><sln:gmIIPPn>PL.PZGIK.200</sln:gmIIPPn><sln:gmIIPWersja>2012-09-26T22:15:38+02:00</sln:gmIIPWersja><sln:gmIdTeryt>2007032</sln:gmIdTeryt><sln:gmNazwa>Miastkowo</sln:gmNazwa><sln:miejscIIPId>259e253a-a8ca-4443-80db-1e1ce1fd3e8c</sln:miejscIIPId><sln:miejscIIPPn>PL.PZGIK.200</sln:miejscIIPPn><sln:miejscIIPWersja>2016-11-24T10:23:36+02:00</sln:miejscIIPWersja><sln:miejscIdTeryt>0401940</sln:miejscIdTeryt><sln:miejscNazwa>Rydzewo</sln:miejscNazwa><sln:miejscRodzaj>Wieś</sln:miejscRodzaj><sln:powIIPId>dfbb71bf-ffb3-49fa-ada6-d2bafbbec1d8</sln:powIIPId><sln:powIIPPn>PL.PZGIK.200</sln:powIIPPn><sln:powIIPWersja>2012-09-27T09:26:09+02:00</sln:powIIPWersja><sln:powIdTeryt>2007</sln:powIdTeryt><sln:powNazwa>łomżyński</sln:powNazwa><sln:waznyOd>2015-04-28T00:00:00+02:00</sln:waznyOd><sln:wojIIPId>53ad7aea-d9d3-40c9-9a5c-ff737d5b076e</sln:wojIIPId><sln:wojIIPPn>PL.PZGIK.200</sln:wojIIPPn><sln:wojIIPWersja>2017-10-10T00:00:00+02:00</sln:wojIIPWersja><sln:wojIdTeryt>20</sln:wojIdTeryt><sln:wojNazwa>podlaskie</sln:wojNazwa></sln:miejscowosc><sln:miejscowosc><sln:cyklZyciaDo>2017-04-12T00:00:00+02:00</sln:cyklZyciaDo><sln:cyklZyciaOd>2015-12-02T00:00:00+01:00</sln:cyklZyciaOd><sln:gmIIPId>e1fc9743-463d-4767-8812-c38962ebda02</sln:gmIIPId><sln:gmIIPPn>PL.PZGIK.200</sln:gmIIPPn><sln:gmIIPWersja>2012-09-26T22:15:38+02:00</sln:gmIIPWersja><sln:gmIdTeryt>2007032</sln:gmIdTeryt><sln:gmNazwa>Miastkowo</sln:gmNazwa><sln:miejscIIPId>2e17e035-cebd-40fc-8217-f7cd5512cc7f</sln:miejscIIPId><sln:miejscIIPPn>PL.PZGIK.200</sln:miejscIIPPn><sln:miejscIIPWersja>2016-11-24T10:23:36+02:00</sln:miejscIIPWersja><sln:miejscIdTeryt>0401957</sln:miejscIdTeryt><sln:miejscNazwa>Rydzewo-Gozdy</sln:miejscNazwa><sln:miejscRodzaj>Wieś</sln:miejscRodzaj><sln:powIIPId>dfbb71bf-ffb3-49fa-ada6-d2bafbbec1d8</sln:powIIPId><sln:powIIPPn>PL.PZGIK.200</sln:powIIPPn><sln:powIIPWersja>2012-09-27T09:26:09+02:00</sln:powIIPWersja><sln:powIdTeryt>2007</sln:powIdTeryt><sln:powNazwa>łomżyński</sln:powNazwa><sln:waznyOd>2015-04-28T00:00:00+02:00</sln:waznyOd><sln:wojIIPId>53ad7aea-d9d3-40c9-9a5c-ff737d5b076e</sln:wojIIPId><sln:wojIIPPn>PL.PZGIK.200</sln:wojIIPPn><sln:wojIIPWersja>2017-10-10T00:00:00+02:00</sln:wojIIPWersja><sln:wojIdTeryt>20</sln:wojIdTeryt><sln:wojNazwa>podlaskie</sln:wojNazwa></sln:miejscowosc><sln:miejscowosc><sln:cyklZyciaDo>2017-04-12T00:00:00+02:00</sln:cyklZyciaDo><sln:cyklZyciaOd>2015-12-02T00:00:00+01:00</sln:cyklZyciaOd><sln:gmIIPId>e1fc9743-463d-4767-8812-c38962ebda02</sln:gmIIPId><sln:gmIIPPn>PL.PZGIK.200</sln:gmIIPPn><sln:gmIIPWersja>2012-09-26T22:15:38+02:00</sln:gmIIPWersja><sln:gmIdTeryt>2007032</sln:gmIdTeryt><sln:gmNazwa>Miastkowo</sln:gmNazwa><sln:miejscIIPId>d5b9c5eb-bf40-405d-9188-10e22ecd09f8</sln:miejscIIPId><sln:miejscIIPPn>PL.PZGIK.200</sln:miejscIIPPn><sln:miejscIIPWersja>2016-11-24T10:23:36+02:00</sln:miejscIIPWersja><sln:miejscIdTeryt>0401963</sln:miejscIdTeryt><sln:miejscNazwa>Sosnowiec</sln:miejscNazwa><sln:miejscRodzaj>Wieś</sln:miejscRodzaj><sln:powIIPId>dfbb71bf-ffb3-49fa-ada6-d2bafbbec1d8</sln:powIIPId><sln:powIIPPn>PL.PZGIK.200</sln:powIIPPn><sln:powIIPWersja>2012-09-27T09:26:09+02:00</sln:powIIPWersja><sln:powIdTeryt>2007</sln:powIdTeryt><sln:powNazwa>łomżyński</sln:powNazwa><sln:waznyOd>2015-04-28T00:00:00+02:00</sln:waznyOd><sln:wojIIPId>53ad7aea-d9d3-40c9-9a5c-ff737d5b076e</sln:wojIIPId><sln:wojIIPPn>PL.PZGIK.200</sln:wojIIPPn><sln:wojIIPWersja>2017-10-10T00:00:00+02:00</sln:wojIIPWersja><sln:wojIdTeryt>20</sln:wojIdTeryt><sln:wojNazwa>podlaskie</sln:wojNazwa></sln:miejscowosc><sln:miejscowosc><sln:cyklZyciaDo>2017-04-12T00:00:00+02:00</sln:cyklZyciaDo><sln:cyklZyciaOd>2015-12-02T00:00:00+01:00</sln:cyklZyciaOd><sln:gmIIPId>e1fc9743-463d-4767-8812-c38962ebda02</sln:gmIIPId><sln:gmIIPPn>PL.PZGIK.200</sln:gmIIPPn><sln:gmIIPWersja>2012-09-26T22:15:38+02:00</sln:gmIIPWersja><sln:gmIdTeryt>2007032</sln:gmIdTeryt><sln:gmNazwa>Miastkowo</sln:gmNazwa><sln:miejscIIPId>64010081-1e63-4999-9458-6763d01d0118</sln:miejscIIPId><sln:miejscIIPPn>PL.PZGIK.200</sln:miejscIIPPn><sln:miejscIIPWersja>2016-11-24T10:23:36+02:00</sln:miejscIIPWersja><sln:miejscIdTeryt>0401970</sln:miejscIdTeryt><sln:miejscNazwa>Sulki</sln:miejscNazwa><sln:miejscRodzaj>Wieś</sln:miejscRodzaj><sln:powIIPId>dfbb71bf-ffb3-49fa-ada6-d2bafbbec1d8</sln:powIIPId><sln:powIIPPn>PL.PZGIK.200</sln:powIIPPn><sln:powIIPWersja>2012-09-27T09:26:09+02:00</sln:powIIPWersja><sln:powIdTeryt>2007</sln:powIdTeryt><sln:powNazwa>łomżyński</sln:powNazwa><sln:waznyOd>2015-04-28T00:00:00+02:00</sln:waznyOd><sln:wojIIPId>53ad7aea-d9d3-40c9-9a5c-ff737d5b076e</sln:wojIIPId><sln:wojIIPPn>PL.PZGIK.200</sln:wojIIPPn><sln:wojIIPWersja>2017-10-10T00:00:00+02:00</sln:wojIIPWersja><sln:wojIdTeryt>20</sln:wojIdTeryt><sln:wojNazwa>podlaskie</sln:wojNazwa></sln:miejscowosc><sln:miejscowosc><sln:cyklZyciaDo>2017-04-12T00:00:00+02:00</sln:cyklZyciaDo><sln:cyklZyciaOd>2015-12-02T00:00:00+01:00</sln:cyklZyciaOd><sln:gmIIPId>e1fc9743-463d-4767-8812-c38962ebda02</sln:gmIIPId><sln:gmIIPPn>PL.PZGIK.200</sln:gmIIPPn><sln:gmIIPWersja>2012-09-26T22:15:38+02:00</sln:gmIIPWersja><sln:gmIdTeryt>2007032</sln:gmIdTeryt><sln:gmNazwa>Miastkowo</sln:gmNazwa><sln:miejscIIPId>0595def1-4b23-45a8-971c-fbe1b3a5d4f3</sln:miejscIIPId><sln:miejscIIPPn>PL.PZGIK.200</sln:miejscIIPPn><sln:miejscIIPWersja>2016-11-24T10:23:36+02:00</sln:miejscIIPWersja><sln:miejscIdTeryt>0401986</sln:miejscIdTeryt><sln:miejscNazwa>Tarnowo</sln:miejscNazwa><sln:miejscRodzaj>Wieś</sln:miejscRodzaj><sln:powIIPId>dfbb71bf-ffb3-49fa-ada6-d2bafbbec1d8</sln:powIIPId><sln:powIIPPn>PL.PZGIK.200</sln:powIIPPn><sln:powIIPWersja>2012-09-27T09:26:09+02:00</sln:powIIPWersja><sln:powIdTeryt>2007</sln:powIdTeryt><sln:powNazwa>łomżyński</sln:powNazwa><sln:waznyOd>2015-04-28T00:00:00+02:00</sln:waznyOd><sln:wojIIPId>53ad7aea-d9d3-40c9-9a5c-ff737d5b076e</sln:wojIIPId><sln:wojIIPPn>PL.PZGIK.200</sln:wojIIPPn><sln:wojIIPWersja>2017-10-10T00:00:00+02:00</sln:wojIIPWersja><sln:wojIdTeryt>20</sln:wojIdTeryt><sln:wojNazwa>podlaskie</sln:wojNazwa></sln:miejscowosc><sln:miejscowosc><sln:cyklZyciaDo>2017-04-12T00:00:00+02:00</sln:cyklZyciaDo><sln:cyklZyciaOd>2015-12-02T00:00:00+01:00</sln:cyklZyciaOd><sln:gmIIPId>e1fc9743-463d-4767-8812-c38962ebda02</sln:gmIIPId><sln:gmIIPPn>PL.PZGIK.200</sln:gmIIPPn><sln:gmIIPWersja>2012-09-26T22:15:38+02:00</sln:gmIIPWersja><sln:gmIdTeryt>2007032</sln:gmIdTeryt><sln:gmNazwa>Miastkowo</sln:gmNazwa><sln:miejscIIPId>4472ddee-0953-4670-8034-40736fbef13d</sln:miejscIIPId><sln:miejscIIPPn>PL.PZGIK.200</sln:miejscIIPPn><sln:miejscIIPWersja>2016-11-24T10:23:36+02:00</sln:miejscIIPWersja><sln:miejscIdTeryt>0402023</sln:miejscIdTeryt><sln:miejscNazwa>Zaruzie</sln:miejscNazwa><sln:miejscRodzaj>Wieś</sln:miejscRodzaj><sln:powIIPId>dfbb71bf-ffb3-49fa-ada6-d2bafbbec1d8</sln:powIIPId><sln:powIIPPn>PL.PZGIK.200</sln:powIIPPn><sln:powIIPWersja>2012-09-27T09:26:09+02:00</sln:powIIPWersja><sln:powIdTeryt>2007</sln:powIdTeryt><sln:powNazwa>łomżyński</sln:powNazwa><sln:waznyOd>2015-04-28T00:00:00+02:00</sln:waznyOd><sln:wojIIPId>53ad7aea-d9d3-40c9-9a5c-ff737d5b076e</sln:wojIIPId><sln:wojIIPPn>PL.PZGIK.200</sln:wojIIPPn><sln:wojIIPWersja>2017-10-10T00:00:00+02:00</sln:wojIIPWersja><sln:wojIdTeryt>20</sln:wojIdTeryt><sln:wojNazwa>podlaskie</sln:wojNazwa></sln:miejscowosc><sln:miejscowosc><sln:cyklZyciaOd>2017-04-12T00:00:00+02:00</sln:cyklZyciaOd><sln:gmIIPId>e1fc9743-463d-4767-8812-c38962ebda02</sln:gmIIPId><sln:gmIIPPn>PL.PZGIK.200</sln:gmIIPPn><sln:gmIIPWersja>2012-09-26T22:15:38+02:00</sln:gmIIPWersja><sln:gmIdTeryt>2007032</sln:gmIdTeryt><sln:gmNazwa>Miastkowo</sln:gmNazwa><sln:miejscIIPId>1030e1b4-e85f-4d77-81ba-f9ea9624b1c8</sln:miejscIIPId><sln:miejscIIPPn>PL.PZGIK.200</sln:miejscIIPPn><sln:miejscIIPWersja>2017-04-12T14:50:50+02:00</sln:miejscIIPWersja><sln:miejscIdTeryt>0401621</sln:miejscIdTeryt><sln:miejscNazwa>Chojny-Naruszczki</sln:miejscNazwa><sln:miejscRodzaj>Wieś</sln:miejscRodzaj><sln:powIIPId>dfbb71bf-ffb3-49fa-ada6-d2bafbbec1d8</sln:powIIPId><sln:powIIPPn>PL.PZGIK.200</sln:powIIPPn><sln:powIIPWersja>2012-09-27T09:26:09+02:00</sln:powIIPWersja><sln:powIdTeryt>2007</sln:powIdTeryt><sln:powNazwa>łomżyński</sln:powNazwa><sln:waznyOd>2015-04-28T00:00:00+02:00</sln:waznyOd><sln:wojIIPId>53ad7aea-d9d3-40c9-9a5c-ff737d5b076e</sln:wojIIPId><sln:wojIIPPn>PL.PZGIK.200</sln:wojIIPPn><sln:wojIIPWersja>2017-10-10T00:00:00+02:00</sln:wojIIPWersja><sln:wojIdTeryt>20</sln:wojIdTeryt><sln:wojNazwa>podlaskie</sln:wojNazwa></sln:miejscowosc><sln:miejscowosc><sln:cyklZyciaOd>2017-04-12T00:00:00+02:00</sln:cyklZyciaOd><sln:gmIIPId>e1fc9743-463d-4767-8812-c38962ebda02</sln:gmIIPId><sln:gmIIPPn>PL.PZGIK.200</sln:gmIIPPn><sln:gmIIPWersja>2012-09-26T22:15:38+02:00</sln:gmIIPWersja><sln:gmIdTeryt>2007032</sln:gmIdTeryt><sln:gmNazwa>Miastkowo</sln:gmNazwa><sln:miejscIIPId>029e430c-783c-42e7-b882-1cc758092d34</sln:miejscIIPId><sln:miejscIIPPn>PL.PZGIK.200</sln:miejscIIPPn><sln:miejscIIPWersja>2017-04-12T14:50:57+02:00</sln:miejscIIPWersja><sln:miejscIdTeryt>0401638</sln:miejscIdTeryt><sln:miejscNazwa>Czartoria</sln:miejscNazwa><sln:miejscRodzaj>Wieś</sln:miejscRodzaj><sln:powIIPId>dfbb71bf-ffb3-49fa-ada6-d2bafbbec1d8</sln:powIIPId><sln:powIIPPn>PL.PZGIK.200</sln:powIIPPn><sln:powIIPWersja>2012-09-27T09:26:09+02:00</sln:powIIPWersja><sln:powIdTeryt>2007</sln:powIdTeryt><sln:powNazwa>łomżyński</sln:powNazwa><sln:waznyOd>2015-04-28T00:00:00+02:00</sln:waznyOd><sln:wojIIPId>53ad7aea-d9d3-40c9-9a5c-ff737d5b076e</sln:wojIIPId><sln:wojIIPPn>PL.PZGIK.200</sln:wojIIPPn><sln:wojIIPWersja>2017-10-10T00:00:00+02:00</sln:wojIIPWersja><sln:wojIdTeryt>20</sln:wojIdTeryt><sln:wojNazwa>podlaskie</sln:wojNazwa></sln:miejscowosc><sln:miejscowosc><sln:cyklZyciaOd>2017-04-12T00:00:00+02:00</sln:cyklZyciaOd><sln:gmIIPId>e1fc9743-463d-4767-8812-c38962ebda02</sln:gmIIPId><sln:gmIIPPn>PL.PZGIK.200</sln:gmIIPPn><sln:gmIIPWersja>2012-09-26T22:15:38+02:00</sln:gmIIPWersja><sln:gmIdTeryt>2007032</sln:gmIdTeryt><sln:gmNazwa>Miastkowo</sln:gmNazwa><sln:miejscIIPId>c05c1704-b4b3-461f-a2f0-6a8b4fd0fac1</sln:miejscIIPId><sln:miejscIIPPn>PL.PZGIK.200</sln:miejscIIPPn><sln:miejscIIPWersja>2017-04-12T14:50:57+02:00</sln:miejscIIPWersja><sln:miejscIdTeryt>0401667</sln:miejscIdTeryt><sln:miejscNazwa>Drogoszewo</sln:miejscNazwa><sln:miejscRodzaj>Wieś</sln:miejscRodzaj><sln:powIIPId>dfbb71bf-ffb3-49fa-ada6-d2bafbbec1d8</sln:powIIPId><sln:powIIPPn>PL.PZGIK.200</sln:powIIPPn><sln:powIIPWersja>2012-09-27T09:26:09+02:00</sln:powIIPWersja><sln:powIdTeryt>2007</sln:powIdTeryt><sln:powNazwa>łomżyński</sln:powNazwa><sln:waznyOd>2015-04-28T00:00:00+02:00</sln:waznyOd><sln:wojIIPId>53ad7aea-d9d3-40c9-9a5c-ff737d5b076e</sln:wojIIPId><sln:wojIIPPn>PL.PZGIK.200</sln:wojIIPPn><sln:wojIIPWersja>2017-10-10T00:00:00+02:00</sln:wojIIPWersja><sln:wojIdTeryt>20</sln:wojIdTeryt><sln:wojNazwa>podlaskie</sln:wojNazwa></sln:miejscowosc><sln:miejscowosc><sln:cyklZyciaOd>2017-04-12T00:00:00+02:00</sln:cyklZyciaOd><sln:gmIIPId>e1fc9743-463d-4767-8812-c38962ebda02</sln:gmIIPId><sln:gmIIPPn>PL.PZGIK.200</sln:gmIIPPn><sln:gmIIPWersja>2012-09-26T22:15:38+02:00</sln:gmIIPWersja><sln:gmIdTeryt>2007032</sln:gmIdTeryt><sln:gmNazwa>Miastkowo</sln:gmNazwa><sln:miejscIIPId>c6368a76-a1f6-48f9-8df5-1ee071318e20</sln:miejscIIPId><sln:miejscIIPPn>PL.PZGIK.200</sln:miejscIIPPn><sln:miejscIIPWersja>2017-04-12T14:50:58+02:00</sln:miejscIIPWersja><sln:miejscIdTeryt>0401673</sln:miejscIdTeryt><sln:miejscNazwa>Gałkówka</sln:miejscNazwa><sln:miejscRodzaj>Wieś</sln:miejscRodzaj><sln:powIIPId>dfbb71bf-ffb3-49fa-ada6-d2bafbbec1d8</sln:powIIPId><sln:powIIPPn>PL.PZGIK.200</sln:powIIPPn><sln:powIIPWersja>2012-09-27T09:26:09+02:00</sln:powIIPWersja><sln:powIdTeryt>2007</sln:powIdTeryt><sln:powNazwa>łomżyński</sln:powNazwa><sln:waznyOd>2015-04-28T00:00:00+02:00</sln:waznyOd><sln:wojIIPId>53ad7aea-d9d3-40c9-9a5c-ff737d5b076e</sln:wojIIPId><sln:wojIIPPn>PL.PZGIK.200</sln:wojIIPPn><sln:wojIIPWersja>2017-10-10T00:00:00+02:00</sln:wojIIPWersja><sln:wojIdTeryt>20</sln:wojIdTeryt><sln:wojNazwa>podlaskie</sln:wojNazwa></sln:miejscowosc><sln:miejscowosc><sln:cyklZyciaOd>2017-04-12T00:00:00+02:00</sln:cyklZyciaOd><sln:gmIIPId>e1fc9743-463d-4767-8812-c38962ebda02</sln:gmIIPId><sln:gmIIPPn>PL.PZGIK.200</sln:gmIIPPn><sln:gmIIPWersja>2012-09-26T22:15:38+02:00</sln:gmIIPWersja><sln:gmIdTeryt>2007032</sln:gmIdTeryt><sln:gmNazwa>Miastkowo</sln:gmNazwa><sln:miejscIIPId>04868f30-77d0-43bd-8a4d-c5cade4fcacd</sln:miejscIIPId><sln:miejscIIPPn>PL.PZGIK.200</sln:miejscIIPPn><sln:miejscIIPWersja>2017-04-12T14:50:58+02:00</sln:miejscIIPWersja><sln:miejscIdTeryt>0401680</sln:miejscIdTeryt><sln:miejscNazwa>Kaliszki</sln:miejscNazwa><sln:miejscRodzaj>Wieś</sln:miejscRodzaj><sln:powIIPId>dfbb71bf-ffb3-49fa-ada6-d2bafbbec1d8</sln:powIIPId><sln:powIIPPn>PL.PZGIK.200</sln:powIIPPn><sln:powIIPWersja>2012-09-27T09:26:09+02:00</sln:powIIPWersja><sln:powIdTeryt>2007</sln:powIdTeryt><sln:powNazwa>łomżyński</sln:powNazwa><sln:waznyOd>2015-04-28T00:00:00+02:00</sln:waznyOd><sln:wojIIPId>53ad7aea-d9d3-40c9-9a5c-ff737d5b076e</sln:wojIIPId><sln:wojIIPPn>PL.PZGIK.200</sln:wojIIPPn><sln:wojIIPWersja>2017-10-10T00:00:00+02:00</sln:wojIIPWersja><sln:wojIdTeryt>20</sln:wojIdTeryt><sln:wojNazwa>podlaskie</sln:wojNazwa></sln:miejscowosc><sln:miejscowosc><sln:cyklZyciaOd>2017-04-12T00:00:00+02:00</sln:cyklZyciaOd><sln:gmIIPId>e1fc9743-463d-4767-8812-c38962ebda02</sln:gmIIPId><sln:gmIIPPn>PL.PZGIK.200</sln:gmIIPPn><sln:gmIIPWersja>2012-09-26T22:15:38+02:00</sln:gmIIPWersja><sln:gmIdTeryt>2007032</sln:gmIdTeryt><sln:gmNazwa>Miastkowo</sln:gmNazwa><sln:miejscIIPId>fd905517-df6e-4645-b538-e1b551fcbb6b</sln:miejscIIPId><sln:miejscIIPPn>PL.PZGIK.200</sln:miejscIIPPn><sln:miejscIIPWersja>2017-04-12T14:50:58+02:00</sln:miejscIIPWersja><sln:miejscIdTeryt>0401696</sln:miejscIdTeryt><sln:miejscNazwa>Korytki Leśne</sln:miejscNazwa><sln:miejscRodzaj>Wieś</sln:miejscRodzaj><sln:powIIPId>dfbb71bf-ffb3-49fa-ada6-d2bafbbec1d8</sln:powIIPId><sln:powIIPPn>PL.PZGIK.200</sln:powIIPPn><sln:powIIPWersja>2012-09-27T09:26:09+02:00</sln:powIIPWersja><sln:powIdTeryt>2007</sln:powIdTeryt><sln:powNazwa>łomżyński</sln:powNazwa><sln:waznyOd>2015-04-28T00:00:00+02:00</sln:waznyOd><sln:wojIIPId>53ad7aea-d9d3-40c9-9a5c-ff737d5b076e</sln:wojIIPId><sln:wojIIPPn>PL.PZGIK.200</sln:wojIIPPn><sln:wojIIPWersja>2017-10-10T00:00:00+02:00</sln:wojIIPWersja><sln:wojIdTeryt>20</sln:wojIdTeryt><sln:wojNazwa>podlaskie</sln:wojNazwa></sln:miejscowosc><sln:miejscowosc><sln:cyklZyciaOd>2017-04-12T00:00:00+02:00</sln:cyklZyciaOd><sln:gmIIPId>e1fc9743-463d-4767-8812-c38962ebda02</sln:gmIIPId><sln:gmIIPPn>PL.PZGIK.200</sln:gmIIPPn><sln:gmIIPWersja>2012-09-26T22:15:38+02:00</sln:gmIIPWersja><sln:gmIdTeryt>2007032</sln:gmIdTeryt><sln:gmNazwa>Miastkowo</sln:gmNazwa><sln:miejscIIPId>de62729a-94cb-46b9-9997-cbb61a30f4f3</sln:miejscIIPId><sln:miejscIIPPn>PL.PZGIK.200</sln:miejscIIPPn><sln:miejscIIPWersja>2017-04-12T14:50:58+02:00</sln:miejscIIPWersja><sln:miejscIdTeryt>0401704</sln:miejscIdTeryt><sln:miejscNazwa>Kraska</sln:miejscNazwa><sln:miejscRodzaj>Wieś</sln:miejscRodzaj><sln:powIIPId>dfbb71bf-ffb3-49fa-ada6-d2bafbbec1d8</sln:powIIPId><sln:powIIPPn>PL.PZGIK.200</sln:powIIPPn><sln:powIIPWersja>2012-09-27T09:26:09+02:00</sln:powIIPWersja><sln:powIdTeryt>2007</sln:powIdTeryt><sln:powNazwa>łomżyński</sln:powNazwa><sln:waznyOd>2015-04-28T00:00:00+02:00</sln:waznyOd><sln:wojIIPId>53ad7aea-d9d3-40c9-9a5c-ff737d5b076e</sln:wojIIPId><sln:wojIIPPn>PL.PZGIK.200</sln:wojIIPPn><sln:wojIIPWersja>2017-10-10T00:00:00+02:00</sln:wojIIPWersja><sln:wojIdTeryt>20</sln:wojIdTeryt><sln:wojNazwa>podlaskie</sln:wojNazwa></sln:miejscowosc><sln:miejscowosc><sln:cyklZyciaOd>2017-04-12T00:00:00+02:00</sln:cyklZyciaOd><sln:gmIIPId>e1fc9743-463d-4767-8812-c38962ebda02</sln:gmIIPId><sln:gmIIPPn>PL.PZGIK.200</sln:gmIIPPn><sln:gmIIPWersja>2012-09-26T22:15:38+02:00</sln:gmIIPWersja><sln:gmIdTeryt>2007032</sln:gmIdTeryt><sln:gmNazwa>Miastkowo</sln:gmNazwa><sln:miejscIIPId>659922f3-5a82-46a6-9994-2fbfba30c9d7</sln:miejscIIPId><sln:miejscIIPPn>PL.PZGIK.200</sln:miejscIIPPn><sln:miejscIIPWersja>2017-04-12T14:50:58+02:00</sln:miejscIIPWersja><sln:miejscIdTeryt>0401710</sln:miejscIdTeryt><sln:miejscNazwa>Kuleszka</sln:miejscNazwa><sln:miejscRodzaj>Wieś</sln:miejscRodzaj><sln:powIIPId>dfbb71bf-ffb3-49fa-ada6-d2bafbbec1d8</sln:powIIPId><sln:powIIPPn>PL.PZGIK.200</sln:powIIPPn><sln:powIIPWersja>2012-09-27T09:26:09+02:00</sln:powIIPWersja><sln:powIdTeryt>2007</sln:powIdTeryt><sln:powNazwa>łomżyński</sln:powNazwa><sln:waznyOd>2015-04-28T00:00:00+02:00</sln:waznyOd><sln:wojIIPId>53ad7aea-d9d3-40c9-9a5c-ff737d5b076e</sln:wojIIPId><sln:wojIIPPn>PL.PZGIK.200</sln:wojIIPPn><sln:wojIIPWersja>2017-10-10T00:00:00+02:00</sln:wojIIPWersja><sln:wojIdTeryt>20</sln:wojIdTeryt><sln:wojNazwa>podlaskie</sln:wojNazwa></sln:miejscowosc><sln:miejscowosc><sln:cyklZyciaOd>2017-04-12T00:00:00+02:00</sln:cyklZyciaOd><sln:gmIIPId>e1fc9743-463d-4767-8812-c38962ebda02</sln:gmIIPId><sln:gmIIPPn>PL.PZGIK.200</sln:gmIIPPn><sln:gmIIPWersja>2012-09-26T22:15:38+02:00</sln:gmIIPWersja><sln:gmIdTeryt>2007032</sln:gmIdTeryt><sln:gmNazwa>Miastkowo</sln:gmNazwa><sln:miejscIIPId>2a8ec31d-bd60-4e98-8e7a-639ac439d18f</sln:miejscIIPId><sln:miejscIIPPn>PL.PZGIK.200</sln:miejscIIPPn><sln:miejscIIPWersja>2017-04-12T14:50:58+02:00</sln:miejscIIPWersja><sln:miejscIdTeryt>0401727</sln:miejscIdTeryt><sln:miejscNazwa>Leopoldowo</sln:miejscNazwa><sln:miejscRodzaj>Wieś</sln:miejscRodzaj><sln:powIIPId>dfbb71bf-ffb3-49fa-ada6-d2bafbbec1d8</sln:powIIPId><sln:powIIPPn>PL.PZGIK.200</sln:powIIPPn><sln:powIIPWersja>2012-09-27T09:26:09+02:00</sln:powIIPWersja><sln:powIdTeryt>2007</sln:powIdTeryt><sln:powNazwa>łomżyński</sln:powNazwa><sln:waznyOd>2015-04-28T00:00:00+02:00</sln:waznyOd><sln:wojIIPId>53ad7aea-d9d3-40c9-9a5c-ff737d5b076e</sln:wojIIPId><sln:wojIIPPn>PL.PZGIK.200</sln:wojIIPPn><sln:wojIIPWersja>2017-10-10T00:00:00+02:00</sln:wojIIPWersja><sln:wojIdTeryt>20</sln:wojIdTeryt><sln:wojNazwa>podlaskie</sln:wojNazwa></sln:miejscowosc><sln:miejscowosc><sln:cyklZyciaOd>2017-04-12T00:00:00+02:00</sln:cyklZyciaOd><sln:gmIIPId>e1fc9743-463d-4767-8812-c38962ebda02</sln:gmIIPId><sln:gmIIPPn>PL.PZGIK.200</sln:gmIIPPn><sln:gmIIPWersja>2012-09-26T22:15:38+02:00</sln:gmIIPWersja><sln:gmIdTeryt>2007032</sln:gmIdTeryt><sln:gmNazwa>Miastkowo</sln:gmNazwa><sln:miejscIIPId>a3c6b0ab-e1b2-4e26-a5ea-7580317097b5</sln:miejscIIPId><sln:miejscIIPPn>PL.PZGIK.200</sln:miejscIIPPn><sln:miejscIIPWersja>2017-04-12T14:50:58+02:00</sln:miejscIIPWersja><sln:miejscIdTeryt>0401740</sln:miejscIdTeryt><sln:miejscNazwa>Łubia</sln:miejscNazwa><sln:miejscRodzaj>Wieś</sln:miejscRodzaj><sln:powIIPId>dfbb71bf-ffb3-49fa-ada6-d2bafbbec1d8</sln:powIIPId><sln:powIIPPn>PL.PZGIK.200</sln:powIIPPn><sln:powIIPWersja>2012-09-27T09:26:09+02:00</sln:powIIPWersja><sln:powIdTeryt>2007</sln:powIdTeryt><sln:powNazwa>łomżyński</sln:powNazwa><sln:waznyOd>2015-04-28T00:00:00+02:00</sln:waznyOd><sln:wojIIPId>53ad7aea-d9d3-40c9-9a5c-ff737d5b076e</sln:wojIIPId><sln:wojIIPPn>PL.PZGIK.200</sln:wojIIPPn><sln:wojIIPWersja>2017-10-10T00:00:00+02:00</sln:wojIIPWersja><sln:wojIdTeryt>20</sln:wojIdTeryt><sln:wojNazwa>podlaskie</sln:wojNazwa></sln:miejscowosc><sln:miejscowosc><sln:cyklZyciaOd>2017-04-12T00:00:00+02:00</sln:cyklZyciaOd><sln:gmIIPId>e1fc9743-463d-4767-8812-c38962ebda02</sln:gmIIPId><sln:gmIIPPn>PL.PZGIK.200</sln:gmIIPPn><sln:gmIIPWersja>2012-09-26T22:15:38+02:00</sln:gmIIPWersja><sln:gmIdTeryt>2007032</sln:gmIdTeryt><sln:gmNazwa>Miastkowo</sln:gmNazwa><sln:miejscIIPId>7a62668c-75be-4895-a198-ce8383d7bd17</sln:miejscIIPId><sln:miejscIIPPn>PL.PZGIK.200</sln:miejscIIPPn><sln:miejscIIPWersja>2017-04-12T14:50:58+02:00</sln:miejscIIPWersja><sln:miejscIdTeryt>0401762</sln:miejscIdTeryt><sln:miejscNazwa>Łuby-Kiertany</sln:miejscNazwa><sln:miejscRodzaj>Wieś</sln:miejscRodzaj><sln:powIIPId>dfbb71bf-ffb3-49fa-ada6-d2bafbbec1d8</sln:powIIPId><sln:powIIPPn>PL.PZGIK.200</sln:powIIPPn><sln:powIIPWersja>2012-09-27T09:26:09+02:00</sln:powIIPWersja><sln:powIdTeryt>2007</sln:powIdTeryt><sln:powNazwa>łomżyński</sln:powNazwa><sln:waznyOd>2015-04-28T00:00:00+02:00</sln:waznyOd><sln:wojIIPId>53ad7aea-d9d3-40c9-9a5c-ff737d5b076e</sln:wojIIPId><sln:wojIIPPn>PL.PZGIK.200</sln:wojIIPPn><sln:wojIIPWersja>2017-10-10T00:00:00+02:00</sln:wojIIPWersja><sln:wojIdTeryt>20</sln:wojIdTeryt><sln:wojNazwa>podlaskie</sln:wojNazwa></sln:miejscowosc><sln:miejscowosc><sln:cyklZyciaOd>2017-04-12T00:00:00+02:00</sln:cyklZyciaOd><sln:gmIIPId>e1fc9743-463d-4767-8812-c38962ebda02</sln:gmIIPId><sln:gmIIPPn>PL.PZGIK.200</sln:gmIIPPn><sln:gmIIPWersja>2012-09-26T22:15:38+02:00</sln:gmIIPWersja><sln:gmIdTeryt>2007032</sln:gmIdTeryt><sln:gmNazwa>Miastkowo</sln:gmNazwa><sln:miejscIIPId>4993c6e9-7764-4ca7-87d8-d20ab535069d</sln:miejscIIPId><sln:miejscIIPPn>PL.PZGIK.200</sln:miejscIIPPn><sln:miejscIIPWersja>2017-04-12T14:50:58+02:00</sln:miejscIIPWersja><sln:miejscIdTeryt>0401779</sln:miejscIdTeryt><sln:miejscNazwa>Łuby-Kurki</sln:miejscNazwa><sln:miejscRodzaj>Wieś</sln:miejscRodzaj><sln:powIIPId>dfbb71bf-ffb3-49fa-ada6-d2bafbbec1d8</sln:powIIPId><sln:powIIPPn>PL.PZGIK.200</sln:powIIPPn><sln:powIIPWersja>2012-09-27T09:26:09+02:00</sln:powIIPWersja><sln:powIdTeryt>2007</sln:powIdTeryt><sln:powNazwa>łomżyński</sln:powNazwa><sln:waznyOd>2015-04-28T00:00:00+02:00</sln:waznyOd><sln:wojIIPId>53ad7aea-d9d3-40c9-9a5c-ff737d5b076e</sln:wojIIPId><sln:wojIIPPn>PL.PZGIK.200</sln:wojIIPPn><sln:wojIIPWersja>2017-10-10T00:00:00+02:00</sln:wojIIPWersja><sln:wojIdTeryt>20</sln:wojIdTeryt><sln:wojNazwa>podlaskie</sln:wojNazwa></sln:miejscowosc><sln:miejscowosc><sln:cyklZyciaOd>2017-04-12T00:00:00+02:00</sln:cyklZyciaOd><sln:gmIIPId>e1fc9743-463d-4767-8812-c38962ebda02</sln:gmIIPId><sln:gmIIPPn>PL.PZGIK.200</sln:gmIIPPn><sln:gmIIPWersja>2012-09-26T22:15:38+02:00</sln:gmIIPWersja><sln:gmIdTeryt>2007032</sln:gmIdTeryt><sln:gmNazwa>Miastkowo</sln:gmNazwa><sln:miejscIIPId>b25b8a63-28df-4931-be2f-ce3df5648c9b</sln:miejscIIPId><sln:miejscIIPPn>PL.PZGIK.200</sln:miejscIIPPn><sln:miejscIIPWersja>2017-04-12T14:50:58+02:00</sln:miejscIIPWersja><sln:miejscIdTeryt>0401785</sln:miejscIdTeryt><sln:miejscNazwa>Miastkowo</sln:miejscNazwa><sln:miejscRodzaj>Wieś</sln:miejscRodzaj><sln:powIIPId>dfbb71bf-ffb3-49fa-ada6-d2bafbbec1d8</sln:powIIPId><sln:powIIPPn>PL.PZGIK.200</sln:powIIPPn><sln:powIIPWersja>2012-09-27T09:26:09+02:00</sln:powIIPWersja><sln:powIdTeryt>2007</sln:powIdTeryt><sln:powNazwa>łomżyński</sln:powNazwa><sln:waznyOd>2015-04-28T00:00:00+02:00</sln:waznyOd><sln:wojIIPId>53ad7aea-d9d3-40c9-9a5c-ff737d5b076e</sln:wojIIPId><sln:wojIIPPn>PL.PZGIK.200</sln:wojIIPPn><sln:wojIIPWersja>2017-10-10T00:00:00+02:00</sln:wojIIPWersja><sln:wojIdTeryt>20</sln:wojIdTeryt><sln:wojNazwa>podlaskie</sln:wojNazwa></sln:miejscowosc><sln:miejscowosc><sln:cyklZyciaOd>2017-04-12T00:00:00+02:00</sln:cyklZyciaOd><sln:gmIIPId>e1fc9743-463d-4767-8812-c38962ebda02</sln:gmIIPId><sln:gmIIPPn>PL.PZGIK.200</sln:gmIIPPn><sln:gmIIPWersja>2012-09-26T22:15:38+02:00</sln:gmIIPWersja><sln:gmIdTeryt>2007032</sln:gmIdTeryt><sln:gmNazwa>Miastkowo</sln:gmNazwa><sln:miejscIIPId>33832a27-9c4f-4ebd-b60f-1851a2e7902c</sln:miejscIIPId><sln:miejscIIPPn>PL.PZGIK.200</sln:miejscIIPPn><sln:miejscIIPWersja>2017-04-12T14:50:58+02:00</sln:miejscIIPWersja><sln:miejscIdTeryt>0401845</sln:miejscIdTeryt><sln:miejscNazwa>Nowosiedliny</sln:miejscNazwa><sln:miejscRodzaj>Wieś</sln:miejscRodzaj><sln:powIIPId>dfbb71bf-ffb3-49fa-ada6-d2bafbbec1d8</sln:powIIPId><sln:powIIPPn>PL.PZGIK.200</sln:powIIPPn><sln:powIIPWersja>2012-09-27T09:26:09+02:00</sln:powIIPWersja><sln:powIdTeryt>2007</sln:powIdTeryt><sln:powNazwa>łomżyński</sln:powNazwa><sln:waznyOd>2015-04-28T00:00:00+02:00</sln:waznyOd><sln:wojIIPId>53ad7aea-d9d3-40c9-9a5c-ff737d5b076e</sln:wojIIPId><sln:wojIIPPn>PL.PZGIK.200</sln:wojIIPPn><sln:wojIIPWersja>2017-10-10T00:00:00+02:00</sln:wojIIPWersja><sln:wojIdTeryt>20</sln:wojIdTeryt><sln:wojNazwa>podlaskie</sln:wojNazwa></sln:miejscowosc><sln:miejscowosc><sln:cyklZyciaOd>2017-04-12T00:00:00+02:00</sln:cyklZyciaOd><sln:gmIIPId>e1fc9743-463d-4767-8812-c38962ebda02</sln:gmIIPId><sln:gmIIPPn>PL.PZGIK.200</sln:gmIIPPn><sln:gmIIPWersja>2012-09-26T22:15:38+02:00</sln:gmIIPWersja><sln:gmIdTeryt>2007032</sln:gmIdTeryt><sln:gmNazwa>Miastkowo</sln:gmNazwa><sln:miejscIIPId>9880e8de-43b5-4931-a90f-6c3af76e0be5</sln:miejscIIPId><sln:miejscIIPPn>PL.PZGIK.200</sln:miejscIIPPn><sln:miejscIIPWersja>2017-04-12T14:50:58+02:00</sln:miejscIIPWersja><sln:miejscIdTeryt>0401868</sln:miejscIdTeryt><sln:miejscNazwa>Osetno</sln:miejscNazwa><sln:miejscRodzaj>Wieś</sln:miejscRodzaj><sln:powIIPId>dfbb71bf-ffb3-49fa-ada6-d2bafbbec1d8</sln:powIIPId><sln:powIIPPn>PL.PZGIK.200</sln:powIIPPn><sln:powIIPWersja>2012-09-27T09:26:09+02:00</sln:powIIPWersja><sln:powIdTeryt>2007</sln:powIdTeryt><sln:powNazwa>łomżyński</sln:powNazwa><sln:waznyOd>2015-04-28T00:00:00+02:00</sln:waznyOd><sln:wojIIPId>53ad7aea-d9d3-40c9-9a5c-ff737d5b076e</sln:wojIIPId><sln:wojIIPPn>PL.PZGIK.200</sln:wojIIPPn><sln:wojIIPWersja>2017-10-10T00:00:00+02:00</sln:wojIIPWersja><sln:wojIdTeryt>20</sln:wojIdTeryt><sln:wojNazwa>podlaskie</sln:wojNazwa></sln:miejscowosc><sln:miejscowosc><sln:cyklZyciaOd>2017-04-12T00:00:00+02:00</sln:cyklZyciaOd><sln:gmIIPId>e1fc9743-463d-4767-8812-c38962ebda02</sln:gmIIPId><sln:gmIIPPn>PL.PZGIK.200</sln:gmIIPPn><sln:gmIIPWersja>2012-09-26T22:15:38+02:00</sln:gmIIPWersja><sln:gmIdTeryt>2007032</sln:gmIdTeryt><sln:gmNazwa>Miastkowo</sln:gmNazwa><sln:miejscIIPId>92008378-d9f0-4b39-8bf7-336623271237</sln:miejscIIPId><sln:miejscIIPPn>PL.PZGIK.200</sln:miejscIIPPn><sln:miejscIIPWersja>2017-04-12T14:50:58+02:00</sln:miejscIIPWersja><sln:miejscIdTeryt>0401897</sln:miejscIdTeryt><sln:miejscNazwa>Podosie</sln:miejscNazwa><sln:miejscRodzaj>Wieś</sln:miejscRodzaj><sln:powIIPId>dfbb71bf-ffb3-49fa-ada6-d2bafbbec1d8</sln:powIIPId><sln:powIIPPn>PL.PZGIK.200</sln:powIIPPn><sln:powIIPWersja>2012-09-27T09:26:09+02:00</sln:powIIPWersja><sln:powIdTeryt>2007</sln:powIdTeryt><sln:powNazwa>łomżyński</sln:powNazwa><sln:waznyOd>2015-04-28T00:00:00+02:00</sln:waznyOd><sln:wojIIPId>53ad7aea-d9d3-40c9-9a5c-ff737d5b076e</sln:wojIIPId><sln:wojIIPPn>PL.PZGIK.200</sln:wojIIPPn><sln:wojIIPWersja>2017-10-10T00:00:00+02:00</sln:wojIIPWersja><sln:wojIdTeryt>20</sln:wojIdTeryt><sln:wojNazwa>podlaskie</sln:wojNazwa></sln:miejscowosc><sln:miejscowosc><sln:cyklZyciaOd>2017-04-12T00:00:00+02:00</sln:cyklZyciaOd><sln:gmIIPId>e1fc9743-463d-4767-8812-c38962ebda02</sln:gmIIPId><sln:gmIIPPn>PL.PZGIK.200</sln:gmIIPPn><sln:gmIIPWersja>2012-09-26T22:15:38+02:00</sln:gmIIPWersja><sln:gmIdTeryt>2007032</sln:gmIdTeryt><sln:gmNazwa>Miastkowo</sln:gmNazwa><sln:miejscIIPId>73a01b81-d67b-4ae1-ae17-cef40644c45e</sln:miejscIIPId><sln:miejscIIPPn>PL.PZGIK.200</sln:miejscIIPPn><sln:miejscIIPWersja>2017-04-12T14:50:59+02:00</sln:miejscIIPWersja><sln:miejscIdTeryt>0401928</sln:miejscIdTeryt><sln:miejscNazwa>Rybaki</sln:miejscNazwa><sln:miejscRodzaj>Wieś</sln:miejscRodzaj><sln:powIIPId>dfbb71bf-ffb3-49fa-ada6-d2bafbbec1d8</sln:powIIPId><sln:powIIPPn>PL.PZGIK.200</sln:powIIPPn><sln:powIIPWersja>2012-09-27T09:26:09+02:00</sln:powIIPWersja><sln:powIdTeryt>2007</sln:powIdTeryt><sln:powNazwa>łomżyński</sln:powNazwa><sln:waznyOd>2015-04-28T00:00:00+02:00</sln:waznyOd><sln:wojIIPId>53ad7aea-d9d3-40c9-9a5c-ff737d5b076e</sln:wojIIPId><sln:wojIIPPn>PL.PZGIK.200</sln:wojIIPPn><sln:wojIIPWersja>2017-10-10T00:00:00+02:00</sln:wojIIPWersja><sln:wojIdTeryt>20</sln:wojIdTeryt><sln:wojNazwa>podlaskie</sln:wojNazwa></sln:miejscowosc><sln:miejscowosc><sln:cyklZyciaOd>2017-04-12T00:00:00+02:00</sln:cyklZyciaOd><sln:gmIIPId>e1fc9743-463d-4767-8812-c38962ebda02</sln:gmIIPId><sln:gmIIPPn>PL.PZGIK.200</sln:gmIIPPn><sln:gmIIPWersja>2012-09-26T22:15:38+02:00</sln:gmIIPWersja><sln:gmIdTeryt>2007032</sln:gmIdTeryt><sln:gmNazwa>Miastkowo</sln:gmNazwa><sln:miejscIIPId>259e253a-a8ca-4443-80db-1e1ce1fd3e8c</sln:miejscIIPId><sln:miejscIIPPn>PL.PZGIK.200</sln:miejscIIPPn><sln:miejscIIPWersja>2017-04-12T14:50:59+02:00</sln:miejscIIPWersja><sln:miejscIdTeryt>0401940</sln:miejscIdTeryt><sln:miejscNazwa>Rydzewo</sln:miejscNazwa><sln:miejscRodzaj>Wieś</sln:miejscRodzaj><sln:powIIPId>dfbb71bf-ffb3-49fa-ada6-d2bafbbec1d8</sln:powIIPId><sln:powIIPPn>PL.PZGIK.200</sln:powIIPPn><sln:powIIPWersja>2012-09-27T09:26:09+02:00</sln:powIIPWersja><sln:powIdTeryt>2007</sln:powIdTeryt><sln:powNazwa>łomżyński</sln:powNazwa><sln:waznyOd>2015-04-28T00:00:00+02:00</sln:waznyOd><sln:wojIIPId>53ad7aea-d9d3-40c9-9a5c-ff737d5b076e</sln:wojIIPId><sln:wojIIPPn>PL.PZGIK.200</sln:wojIIPPn><sln:wojIIPWersja>2017-10-10T00:00:00+02:00</sln:wojIIPWersja><sln:wojIdTeryt>20</sln:wojIdTeryt><sln:wojNazwa>podlaskie</sln:wojNazwa></sln:miejscowosc><sln:miejscowosc><sln:cyklZyciaOd>2017-04-12T00:00:00+02:00</sln:cyklZyciaOd><sln:gmIIPId>e1fc9743-463d-4767-8812-c38962ebda02</sln:gmIIPId><sln:gmIIPPn>PL.PZGIK.200</sln:gmIIPPn><sln:gmIIPWersja>2012-09-26T22:15:38+02:00</sln:gmIIPWersja><sln:gmIdTeryt>2007032</sln:gmIdTeryt><sln:gmNazwa>Miastkowo</sln:gmNazwa><sln:miejscIIPId>2e17e035-cebd-40fc-8217-f7cd5512cc7f</sln:miejscIIPId><sln:miejscIIPPn>PL.PZGIK.200</sln:miejscIIPPn><sln:miejscIIPWersja>2017-04-12T14:50:59+02:00</sln:miejscIIPWersja><sln:miejscIdTeryt>0401957</sln:miejscIdTeryt><sln:miejscNazwa>Rydzewo-Gozdy</sln:miejscNazwa><sln:miejscRodzaj>Wieś</sln:miejscRodzaj><sln:powIIPId>dfbb71bf-ffb3-49fa-ada6-d2bafbbec1d8</sln:powIIPId><sln:powIIPPn>PL.PZGIK.200</sln:powIIPPn><sln:powIIPWersja>2012-09-27T09:26:09+02:00</sln:powIIPWersja><sln:powIdTeryt>2007</sln:powIdTeryt><sln:powNazwa>łomżyński</sln:powNazwa><sln:waznyOd>2015-04-28T00:00:00+02:00</sln:waznyOd><sln:wojIIPId>53ad7aea-d9d3-40c9-9a5c-ff737d5b076e</sln:wojIIPId><sln:wojIIPPn>PL.PZGIK.200</sln:wojIIPPn><sln:wojIIPWersja>2017-10-10T00:00:00+02:00</sln:wojIIPWersja><sln:wojIdTeryt>20</sln:wojIdTeryt><sln:wojNazwa>podlaskie</sln:wojNazwa></sln:miejscowosc><sln:miejscowosc><sln:cyklZyciaOd>2017-04-12T00:00:00+02:00</sln:cyklZyciaOd><sln:gmIIPId>e1fc9743-463d-4767-8812-c38962ebda02</sln:gmIIPId><sln:gmIIPPn>PL.PZGIK.200</sln:gmIIPPn><sln:gmIIPWersja>2012-09-26T22:15:38+02:00</sln:gmIIPWersja><sln:gmIdTeryt>2007032</sln:gmIdTeryt><sln:gmNazwa>Miastkowo</sln:gmNazwa><sln:miejscIIPId>d5b9c5eb-bf40-405d-9188-10e22ecd09f8</sln:miejscIIPId><sln:miejscIIPPn>PL.PZGIK.200</sln:miejscIIPPn><sln:miejscIIPWersja>2017-04-12T14:50:59+02:00</sln:miejscIIPWersja><sln:miejscIdTeryt>0401963</sln:miejscIdTeryt><sln:miejscNazwa>Sosnowiec</sln:miejscNazwa><sln:miejscRodzaj>Wieś</sln:miejscRodzaj><sln:powIIPId>dfbb71bf-ffb3-49fa-ada6-d2bafbbec1d8</sln:powIIPId><sln:powIIPPn>PL.PZGIK.200</sln:powIIPPn><sln:powIIPWersja>2012-09-27T09:26:09+02:00</sln:powIIPWersja><sln:powIdTeryt>2007</sln:powIdTeryt><sln:powNazwa>łomżyński</sln:powNazwa><sln:waznyOd>2015-04-28T00:00:00+02:00</sln:waznyOd><sln:wojIIPId>53ad7aea-d9d3-40c9-9a5c-ff737d5b076e</sln:wojIIPId><sln:wojIIPPn>PL.PZGIK.200</sln:wojIIPPn><sln:wojIIPWersja>2017-10-10T00:00:00+02:00</sln:wojIIPWersja><sln:wojIdTeryt>20</sln:wojIdTeryt><sln:wojNazwa>podlaskie</sln:wojNazwa></sln:miejscowosc><sln:miejscowosc><sln:cyklZyciaOd>2017-04-12T00:00:00+02:00</sln:cyklZyciaOd><sln:gmIIPId>e1fc9743-463d-4767-8812-c38962ebda02</sln:gmIIPId><sln:gmIIPPn>PL.PZGIK.200</sln:gmIIPPn><sln:gmIIPWersja>2012-09-26T22:15:38+02:00</sln:gmIIPWersja><sln:gmIdTeryt>2007032</sln:gmIdTeryt><sln:gmNazwa>Miastkowo</sln:gmNazwa><sln:miejscIIPId>64010081-1e63-4999-9458-6763d01d0118</sln:miejscIIPId><sln:miejscIIPPn>PL.PZGIK.200</sln:miejscIIPPn><sln:miejscIIPWersja>2017-04-12T14:50:59+02:00</sln:miejscIIPWersja><sln:miejscIdTeryt>0401970</sln:miejscIdTeryt><sln:miejscNazwa>Sulki</sln:miejscNazwa><sln:miejscRodzaj>Wieś</sln:miejscRodzaj><sln:powIIPId>dfbb71bf-ffb3-49fa-ada6-d2bafbbec1d8</sln:powIIPId><sln:powIIPPn>PL.PZGIK.200</sln:powIIPPn><sln:powIIPWersja>2012-09-27T09:26:09+02:00</sln:powIIPWersja><sln:powIdTeryt>2007</sln:powIdTeryt><sln:powNazwa>łomżyński</sln:powNazwa><sln:waznyOd>2015-04-28T00:00:00+02:00</sln:waznyOd><sln:wojIIPId>53ad7aea-d9d3-40c9-9a5c-ff737d5b076e</sln:wojIIPId><sln:wojIIPPn>PL.PZGIK.200</sln:wojIIPPn><sln:wojIIPWersja>2017-10-10T00:00:00+02:00</sln:wojIIPWersja><sln:wojIdTeryt>20</sln:wojIdTeryt><sln:wojNazwa>podlaskie</sln:wojNazwa></sln:miejscowosc><sln:miejscowosc><sln:cyklZyciaOd>2017-04-12T00:00:00+02:00</sln:cyklZyciaOd><sln:gmIIPId>e1fc9743-463d-4767-8812-c38962ebda02</sln:gmIIPId><sln:gmIIPPn>PL.PZGIK.200</sln:gmIIPPn><sln:gmIIPWersja>2012-09-26T22:15:38+02:00</sln:gmIIPWersja><sln:gmIdTeryt>2007032</sln:gmIdTeryt><sln:gmNazwa>Miastkowo</sln:gmNazwa><sln:miejscIIPId>0595def1-4b23-45a8-971c-fbe1b3a5d4f3</sln:miejscIIPId><sln:miejscIIPPn>PL.PZGIK.200</sln:miejscIIPPn><sln:miejscIIPWersja>2017-04-12T14:50:59+02:00</sln:miejscIIPWersja><sln:miejscIdTeryt>0401986</sln:miejscIdTeryt><sln:miejscNazwa>Tarnowo</sln:miejscNazwa><sln:miejscRodzaj>Wieś</sln:miejscRodzaj><sln:powIIPId>dfbb71bf-ffb3-49fa-ada6-d2bafbbec1d8</sln:powIIPId><sln:powIIPPn>PL.PZGIK.200</sln:powIIPPn><sln:powIIPWersja>2012-09-27T09:26:09+02:00</sln:powIIPWersja><sln:powIdTeryt>2007</sln:powIdTeryt><sln:powNazwa>łomżyński</sln:powNazwa><sln:waznyOd>2015-04-28T00:00:00+02:00</sln:waznyOd><sln:wojIIPId>53ad7aea-d9d3-40c9-9a5c-ff737d5b076e</sln:wojIIPId><sln:wojIIPPn>PL.PZGIK.200</sln:wojIIPPn><sln:wojIIPWersja>2017-10-10T00:00:00+02:00</sln:wojIIPWersja><sln:wojIdTeryt>20</sln:wojIdTeryt><sln:wojNazwa>podlaskie</sln:wojNazwa></sln:miejscowosc><sln:miejscowosc><sln:cyklZyciaOd>2017-04-12T00:00:00+02:00</sln:cyklZyciaOd><sln:gmIIPId>e1fc9743-463d-4767-8812-c38962ebda02</sln:gmIIPId><sln:gmIIPPn>PL.PZGIK.200</sln:gmIIPPn><sln:gmIIPWersja>2012-09-26T22:15:38+02:00</sln:gmIIPWersja><sln:gmIdTeryt>2007032</sln:gmIdTeryt><sln:gmNazwa>Miastkowo</sln:gmNazwa><sln:miejscIIPId>4472ddee-0953-4670-8034-40736fbef13d</sln:miejscIIPId><sln:miejscIIPPn>PL.PZGIK.200</sln:miejscIIPPn><sln:miejscIIPWersja>2017-04-12T14:50:59+02:00</sln:miejscIIPWersja><sln:miejscIdTeryt>0402023</sln:miejscIdTeryt><sln:miejscNazwa>Zaruzie</sln:miejscNazwa><sln:miejscRodzaj>Wieś</sln:miejscRodzaj><sln:powIIPId>dfbb71bf-ffb3-49fa-ada6-d2bafbbec1d8</sln:powIIPId><sln:powIIPPn>PL.PZGIK.200</sln:powIIPPn><sln:powIIPWersja>2012-09-27T09:26:09+02:00</sln:powIIPWersja><sln:powIdTeryt>2007</sln:powIdTeryt><sln:powNazwa>łomżyński</sln:powNazwa><sln:waznyOd>2015-04-28T00:00:00+02:00</sln:waznyOd><sln:wojIIPId>53ad7aea-d9d3-40c9-9a5c-ff737d5b076e</sln:wojIIPId><sln:wojIIPPn>PL.PZGIK.200</sln:wojIIPPn><sln:wojIIPWersja>2017-10-10T00:00:00+02:00</sln:wojIIPWersja><sln:wojIdTeryt>20</sln:wojIdTeryt><sln:wojNazwa>podlaskie</sln:wojNazwa></sln:miejscowosc></sln:lista-miejscowosci>