<?xml version="1.0" encoding="UTF-8" standalone="yes"?><sln:lista-miejscowosci xmlns:srv="http://gugik.gov.pl/schemas/slowniki-service/1.0" xmlns:sln="http://gugik.gov.pl/schemas/slowniki-schema/1.0"><sln:miejscowosc><sln:cyklZyciaDo>2017-04-12T00:00:00+02:00</sln:cyklZyciaDo><sln:cyklZyciaOd>2016-01-18T00:00:00+01:00</sln:cyklZyciaOd><sln:gmIIPId>99842bab-f8f7-497d-8280-f5985811f51c</sln:gmIIPId><sln:gmIIPPn>PL.PZGIK.200</sln:gmIIPPn><sln:gmIIPWersja>2012-09-26T22:15:27+02:00</sln:gmIIPWersja><sln:gmIdTeryt>2005011</sln:gmIdTeryt><sln:gmNazwa>Hajnówka</sln:gmNazwa><sln:miejscIIPId>25c3a816-3e02-4820-bfb7-104c0d5ec47d</sln:miejscIIPId><sln:miejscIIPPn>PL.PZGIK.200</sln:miejscIIPPn><sln:miejscIIPWersja>2016-11-24T13:15:06+02:00</sln:miejscIIPWersja><sln:miejscIdTeryt>0923035</sln:miejscIdTeryt><sln:miejscNazwa>Hajnówka</sln:miejscNazwa><sln:miejscRodzaj>Miasto</sln:miejscRodzaj><sln:powIIPId>369919c1-3696-4542-ab7f-f52566d382f5</sln:powIIPId><sln:powIIPPn>PL.PZGIK.200</sln:powIIPPn><sln:powIIPWersja>2017-10-10T00:00:00+02:00</sln:powIIPWersja><sln:powIdTeryt>2005</sln:powIdTeryt><sln:powNazwa>hajnowski</sln:powNazwa><sln:waznyOd>2014-05-20T00:00:00+02:00</sln:waznyOd><sln:wojIIPId>53ad7aea-d9d3-40c9-9a5c-ff737d5b076e</sln:wojIIPId><sln:wojIIPPn>PL.PZGIK.200</sln:wojIIPPn><sln:wojIIPWersja>2017-10-10T00:00:00+02:00</sln:wojIIPWersja><sln:wojIdTeryt>20</sln:wojIdTeryt><sln:wojNazwa>podlaskie</sln:wojNazwa></sln:miejscowosc><sln:miejscowosc><sln:cyklZyciaDo>2015-12-30T00:00:00+01:00</sln:cyklZyciaDo><sln:cyklZyciaOd>2015-03-12T00:00:00+01:00</sln:cyklZyciaOd><sln:gmIIPId>99842bab-f8f7-497d-8280-f5985811f51c</sln:gmIIPId><sln:gmIIPPn>PL.PZGIK.200</sln:gmIIPPn><sln:gmIIPWersja>2012-09-26T22:15:27+02:00</sln:gmIIPWersja><sln:gmIdTeryt>2005011</sln:gmIdTeryt><sln:gmNazwa>Hajnówka</sln:gmNazwa><sln:miejscIIPId>25c3a816-3e02-4820-bfb7-104c0d5ec47d</sln:miejscIIPId><sln:miejscIIPPn>PL.PZGIK.200</sln:miejscIIPPn><sln:miejscIIPWersja>2016-11-24T13:15:07+02:00</sln:miejscIIPWersja><sln:miejscIdTeryt>0923035</sln:miejscIdTeryt><sln:miejscNazwa>Hajnówka</sln:miejscNazwa><sln:miejscRodzaj>Inny obiekt</sln:miejscRodzaj><sln:powIIPId>369919c1-3696-4542-ab7f-f52566d382f5</sln:powIIPId><sln:powIIPPn>PL.PZGIK.200</sln:powIIPPn><sln:powIIPWersja>2017-10-10T00:00:00+02:00</sln:powIIPWersja><sln:powIdTeryt>2005</sln:powIdTeryt><sln:powNazwa>hajnowski</sln:powNazwa><sln:waznyOd>2014-05-20T00:00:00+02:00</sln:waznyOd><sln:wojIIPId>53ad7aea-d9d3-40c9-9a5c-ff737d5b076e</sln:wojIIPId><sln:wojIIPPn>PL.PZGIK.200</sln:wojIIPPn><sln:wojIIPWersja>2017-10-10T00:00:00+02:00</sln:wojIIPWersja><sln:wojIdTeryt>20</sln:wojIdTeryt><sln:wojNazwa>podlaskie</sln:wojNazwa></sln:miejscowosc><sln:miejscowosc><sln:cyklZyciaDo>2016-01-18T00:00:00+01:00</sln:cyklZyciaDo><sln:cyklZyciaOd>2015-12-30T00:00:00+01:00</sln:cyklZyciaOd><sln:gmIIPId>99842bab-f8f7-497d-8280-f5985811f51c</sln:gmIIPId><sln:gmIIPPn>PL.PZGIK.200</sln:gmIIPPn><sln:gmIIPWersja>2012-09-26T22:15:27+02:00</sln:gmIIPWersja><sln:gmIdTeryt>2005011</sln:gmIdTeryt><sln:gmNazwa>Hajnówka</sln:gmNazwa><sln:miejscIIPId>25c3a816-3e02-4820-bfb7-104c0d5ec47d</sln:miejscIIPId><sln:miejscIIPPn>PL.PZGIK.200</sln:miejscIIPPn><sln:miejscIIPWersja>2016-11-24T13:15:08+02:00</sln:miejscIIPWersja><sln:miejscIdTeryt>0923035</sln:miejscIdTeryt><sln:miejscNazwa>Hajnówka</sln:miejscNazwa><sln:miejscRodzaj>Miasto</sln:miejscRodzaj><sln:powIIPId>369919c1-3696-4542-ab7f-f52566d382f5</sln:powIIPId><sln:powIIPPn>PL.PZGIK.200</sln:powIIPPn><sln:powIIPWersja>2017-10-10T00:00:00+02:00</sln:powIIPWersja><sln:powIdTeryt>2005</sln:powIdTeryt><sln:powNazwa>hajnowski</sln:powNazwa><sln:waznyOd>2014-05-20T00:00:00+02:00</sln:waznyOd><sln:wojIIPId>53ad7aea-d9d3-40c9-9a5c-ff737d5b076e</sln:wojIIPId><sln:wojIIPPn>PL.PZGIK.200</sln:wojIIPPn><sln:wojIIPWersja>2017-10-10T00:00:00+02:00</sln:wojIIPWersja><sln:wojIdTeryt>20</sln:wojIdTeryt><sln:wojNazwa>podlaskie</sln:wojNazwa></sln:miejscowosc><sln:miejscowosc><sln:cyklZyciaOd>2017-04-12T00:00:00+02:00</sln:cyklZyciaOd><sln:gmIIPId>99842bab-f8f7-497d-8280-f5985811f51c</sln:gmIIPId><sln:gmIIPPn>PL.PZGIK.200</sln:gmIIPPn><sln:gmIIPWersja>2012-09-26T22:15:27+02:00</sln:gmIIPWersja><sln:gmIdTeryt>2005011</sln:gmIdTeryt><sln:gmNazwa>Hajnówka</sln:gmNazwa><sln:miejscIIPId>25c3a816-3e02-4820-bfb7-104c0d5ec47d</sln:miejscIIPId><sln:miejscIIPPn>PL.PZGIK.200</sln:miejscIIPPn><sln:miejscIIPWersja>2017-04-12T14:44:46+02:00</sln:miejscIIPWersja><sln:miejscIdTeryt>0923035</sln:miejscIdTeryt><sln:miejscNazwa>Hajnówka</sln:miejscNazwa><sln:miejscRodzaj>Miasto</sln:miejscRodzaj><sln:powIIPId>369919c1-3696-4542-ab7f-f52566d382f5</sln:powIIPId><sln:powIIPPn>PL.PZGIK.200</sln:powIIPPn><sln:powIIPWersja>2017-10-10T00:00:00+02:00</sln:powIIPWersja><sln:powIdTeryt>2005</sln:powIdTeryt><sln:powNazwa>hajnowski</sln:powNazwa><sln:waznyOd>2014-05-20T00:00:00+02:00</sln:waznyOd><sln:wojIIPId>53ad7aea-d9d3-40c9-9a5c-ff737d5b076e</sln:wojIIPId><sln:wojIIPPn>PL.PZGIK.200</sln:wojIIPPn><sln:wojIIPWersja>2017-10-10T00:00:00+02:00</sln:wojIIPWersja><sln:wojIdTeryt>20</sln:wojIdTeryt><sln:wojNazwa>podlaskie</sln:wojNazwa></sln:miejscowosc></sln:lista-miejscowosci>