<?xml version="1.0" encoding="UTF-8" standalone="yes"?><sln:lista-miejscowosci xmlns:srv="http://gugik.gov.pl/schemas/slowniki-service/1.0" xmlns:sln="http://gugik.gov.pl/schemas/slowniki-schema/1.0"><sln:miejscowosc><sln:cyklZyciaOd>2014-12-02T00:00:00+01:00</sln:cyklZyciaOd><sln:gmIIPId>e7c59ead-eb8c-4499-99c0-94ddeba76b92</sln:gmIIPId><sln:gmIIPPn>PL.PZGIK.200</sln:gmIIPPn><sln:gmIIPWersja>2012-09-26T22:15:33+02:00</sln:gmIIPWersja><sln:gmIdTeryt>2006053</sln:gmIdTeryt><sln:gmNazwa>Stawiski</sln:gmNazwa><sln:miejscIIPId>73cf2dea-459a-4ca0-bda8-185b5817cad9</sln:miejscIIPId><sln:miejscIIPPn>PL.PZGIK.200</sln:miejscIIPPn><sln:miejscIIPWersja>2016-11-24T13:39:15+02:00</sln:miejscIIPWersja><sln:miejscIdTeryt>0406481</sln:miejscIdTeryt><sln:miejscNazwa>Karwowo</sln:miejscNazwa><sln:miejscRodzaj>Wieś</sln:miejscRodzaj><sln:powIIPId>42112cf8-d0ef-4606-885f-a0619ee96f53</sln:powIIPId><sln:powIIPPn>PL.PZGIK.200</sln:powIIPPn><sln:powIIPWersja>2012-09-27T09:26:09+02:00</sln:powIIPWersja><sln:powIdTeryt>2006</sln:powIdTeryt><sln:powNazwa>kolneński</sln:powNazwa><sln:wojIIPId>53ad7aea-d9d3-40c9-9a5c-ff737d5b076e</sln:wojIIPId><sln:wojIIPPn>PL.PZGIK.200</sln:wojIIPPn><sln:wojIIPWersja>2017-10-10T00:00:00+02:00</sln:wojIIPWersja><sln:wojIdTeryt>20</sln:wojIdTeryt><sln:wojNazwa>podlaskie</sln:wojNazwa></sln:miejscowosc><sln:miejscowosc><sln:cyklZyciaOd>2014-12-02T00:00:00+01:00</sln:cyklZyciaOd><sln:gmIIPId>e7c59ead-eb8c-4499-99c0-94ddeba76b92</sln:gmIIPId><sln:gmIIPPn>PL.PZGIK.200</sln:gmIIPPn><sln:gmIIPWersja>2012-09-26T22:15:33+02:00</sln:gmIIPWersja><sln:gmIdTeryt>2006053</sln:gmIdTeryt><sln:gmNazwa>Stawiski</sln:gmNazwa><sln:miejscIIPId>41d038d4-39fe-4323-aa3e-f9f5ad56d924</sln:miejscIIPId><sln:miejscIIPPn>PL.PZGIK.200</sln:miejscIIPPn><sln:miejscIIPWersja>2016-11-24T13:35:04+02:00</sln:miejscIIPWersja><sln:miejscIdTeryt>0406765</sln:miejscIdTeryt><sln:miejscNazwa>Żelazki</sln:miejscNazwa><sln:miejscRodzaj>Wieś</sln:miejscRodzaj><sln:powIIPId>42112cf8-d0ef-4606-885f-a0619ee96f53</sln:powIIPId><sln:powIIPPn>PL.PZGIK.200</sln:powIIPPn><sln:powIIPWersja>2012-09-27T09:26:09+02:00</sln:powIIPWersja><sln:powIdTeryt>2006</sln:powIdTeryt><sln:powNazwa>kolneński</sln:powNazwa><sln:wojIIPId>53ad7aea-d9d3-40c9-9a5c-ff737d5b076e</sln:wojIIPId><sln:wojIIPPn>PL.PZGIK.200</sln:wojIIPPn><sln:wojIIPWersja>2017-10-10T00:00:00+02:00</sln:wojIIPWersja><sln:wojIdTeryt>20</sln:wojIdTeryt><sln:wojNazwa>podlaskie</sln:wojNazwa></sln:miejscowosc><sln:miejscowosc><sln:cyklZyciaOd>2014-12-02T00:00:00+01:00</sln:cyklZyciaOd><sln:gmIIPId>e7c59ead-eb8c-4499-99c0-94ddeba76b92</sln:gmIIPId><sln:gmIIPPn>PL.PZGIK.200</sln:gmIIPPn><sln:gmIIPWersja>2012-09-26T22:15:33+02:00</sln:gmIIPWersja><sln:gmIdTeryt>2006053</sln:gmIdTeryt><sln:gmNazwa>Stawiski</sln:gmNazwa><sln:miejscIIPId>03f27359-0018-4065-8bd1-982c4cece4d6</sln:miejscIIPId><sln:miejscIIPPn>PL.PZGIK.200</sln:miejscIIPPn><sln:miejscIIPWersja>2016-11-24T13:34:03+02:00</sln:miejscIIPWersja><sln:miejscIdTeryt>0406720</sln:miejscIdTeryt><sln:miejscNazwa>Zaborowo</sln:miejscNazwa><sln:miejscRodzaj>Wieś</sln:miejscRodzaj><sln:powIIPId>42112cf8-d0ef-4606-885f-a0619ee96f53</sln:powIIPId><sln:powIIPPn>PL.PZGIK.200</sln:powIIPPn><sln:powIIPWersja>2012-09-27T09:26:09+02:00</sln:powIIPWersja><sln:powIdTeryt>2006</sln:powIdTeryt><sln:powNazwa>kolneński</sln:powNazwa><sln:wojIIPId>53ad7aea-d9d3-40c9-9a5c-ff737d5b076e</sln:wojIIPId><sln:wojIIPPn>PL.PZGIK.200</sln:wojIIPPn><sln:wojIIPWersja>2017-10-10T00:00:00+02:00</sln:wojIIPWersja><sln:wojIdTeryt>20</sln:wojIdTeryt><sln:wojNazwa>podlaskie</sln:wojNazwa></sln:miejscowosc><sln:miejscowosc><sln:cyklZyciaOd>2014-12-02T00:00:00+01:00</sln:cyklZyciaOd><sln:gmIIPId>e7c59ead-eb8c-4499-99c0-94ddeba76b92</sln:gmIIPId><sln:gmIIPPn>PL.PZGIK.200</sln:gmIIPPn><sln:gmIIPWersja>2012-09-26T22:15:33+02:00</sln:gmIIPWersja><sln:gmIdTeryt>2006053</sln:gmIdTeryt><sln:gmNazwa>Stawiski</sln:gmNazwa><sln:miejscIIPId>3dc511e9-8599-46ee-b95d-a6d906198b9c</sln:miejscIIPId><sln:miejscIIPPn>PL.PZGIK.200</sln:miejscIIPPn><sln:miejscIIPWersja>2016-11-24T13:50:44+02:00</sln:miejscIIPWersja><sln:miejscIdTeryt>0406736</sln:miejscIdTeryt><sln:miejscNazwa>Grabówek</sln:miejscNazwa><sln:miejscRodzaj>Inny obiekt</sln:miejscRodzaj><sln:powIIPId>42112cf8-d0ef-4606-885f-a0619ee96f53</sln:powIIPId><sln:powIIPPn>PL.PZGIK.200</sln:powIIPPn><sln:powIIPWersja>2012-09-27T09:26:09+02:00</sln:powIIPWersja><sln:powIdTeryt>2006</sln:powIdTeryt><sln:powNazwa>kolneński</sln:powNazwa><sln:wojIIPId>53ad7aea-d9d3-40c9-9a5c-ff737d5b076e</sln:wojIIPId><sln:wojIIPPn>PL.PZGIK.200</sln:wojIIPPn><sln:wojIIPWersja>2017-10-10T00:00:00+02:00</sln:wojIIPWersja><sln:wojIdTeryt>20</sln:wojIdTeryt><sln:wojNazwa>podlaskie</sln:wojNazwa></sln:miejscowosc><sln:miejscowosc><sln:cyklZyciaOd>2014-12-02T00:00:00+01:00</sln:cyklZyciaOd><sln:gmIIPId>e7c59ead-eb8c-4499-99c0-94ddeba76b92</sln:gmIIPId><sln:gmIIPPn>PL.PZGIK.200</sln:gmIIPPn><sln:gmIIPWersja>2012-09-26T22:15:33+02:00</sln:gmIIPWersja><sln:gmIdTeryt>2006053</sln:gmIdTeryt><sln:gmNazwa>Stawiski</sln:gmNazwa><sln:miejscIIPId>ff980747-7252-44ef-bb37-49ae018d49a4</sln:miejscIIPId><sln:miejscIIPPn>PL.PZGIK.200</sln:miejscIIPPn><sln:miejscIIPWersja>2016-11-24T13:31:07+02:00</sln:miejscIIPWersja><sln:miejscIdTeryt>0406340</sln:miejscIdTeryt><sln:miejscNazwa>Budy Stawiskie</sln:miejscNazwa><sln:miejscRodzaj>Wieś</sln:miejscRodzaj><sln:powIIPId>42112cf8-d0ef-4606-885f-a0619ee96f53</sln:powIIPId><sln:powIIPPn>PL.PZGIK.200</sln:powIIPPn><sln:powIIPWersja>2012-09-27T09:26:09+02:00</sln:powIIPWersja><sln:powIdTeryt>2006</sln:powIdTeryt><sln:powNazwa>kolneński</sln:powNazwa><sln:wojIIPId>53ad7aea-d9d3-40c9-9a5c-ff737d5b076e</sln:wojIIPId><sln:wojIIPPn>PL.PZGIK.200</sln:wojIIPPn><sln:wojIIPWersja>2017-10-10T00:00:00+02:00</sln:wojIIPWersja><sln:wojIdTeryt>20</sln:wojIdTeryt><sln:wojNazwa>podlaskie</sln:wojNazwa></sln:miejscowosc><sln:miejscowosc><sln:cyklZyciaOd>2014-12-02T00:00:00+01:00</sln:cyklZyciaOd><sln:gmIIPId>e7c59ead-eb8c-4499-99c0-94ddeba76b92</sln:gmIIPId><sln:gmIIPPn>PL.PZGIK.200</sln:gmIIPPn><sln:gmIIPWersja>2012-09-26T22:15:33+02:00</sln:gmIIPWersja><sln:gmIdTeryt>2006053</sln:gmIdTeryt><sln:gmNazwa>Stawiski</sln:gmNazwa><sln:miejscIIPId>e7a11067-42cc-44cc-99eb-0bb223959c87</sln:miejscIIPId><sln:miejscIIPPn>PL.PZGIK.200</sln:miejscIIPPn><sln:miejscIIPWersja>2016-11-24T13:34:07+02:00</sln:miejscIIPWersja><sln:miejscIdTeryt>0406370</sln:miejscIdTeryt><sln:miejscNazwa>Chmielewo</sln:miejscNazwa><sln:miejscRodzaj>Wieś</sln:miejscRodzaj><sln:powIIPId>42112cf8-d0ef-4606-885f-a0619ee96f53</sln:powIIPId><sln:powIIPPn>PL.PZGIK.200</sln:powIIPPn><sln:powIIPWersja>2012-09-27T09:26:09+02:00</sln:powIIPWersja><sln:powIdTeryt>2006</sln:powIdTeryt><sln:powNazwa>kolneński</sln:powNazwa><sln:wojIIPId>53ad7aea-d9d3-40c9-9a5c-ff737d5b076e</sln:wojIIPId><sln:wojIIPPn>PL.PZGIK.200</sln:wojIIPPn><sln:wojIIPWersja>2017-10-10T00:00:00+02:00</sln:wojIIPWersja><sln:wojIdTeryt>20</sln:wojIdTeryt><sln:wojNazwa>podlaskie</sln:wojNazwa></sln:miejscowosc><sln:miejscowosc><sln:cyklZyciaOd>2014-12-02T00:00:00+01:00</sln:cyklZyciaOd><sln:gmIIPId>e7c59ead-eb8c-4499-99c0-94ddeba76b92</sln:gmIIPId><sln:gmIIPPn>PL.PZGIK.200</sln:gmIIPPn><sln:gmIIPWersja>2012-09-26T22:15:33+02:00</sln:gmIIPWersja><sln:gmIdTeryt>2006053</sln:gmIdTeryt><sln:gmNazwa>Stawiski</sln:gmNazwa><sln:miejscIIPId>727ab4de-5c02-4f89-af9f-b332bac46077</sln:miejscIIPId><sln:miejscIIPPn>PL.PZGIK.200</sln:miejscIIPPn><sln:miejscIIPWersja>2016-11-24T13:29:40+02:00</sln:miejscIIPWersja><sln:miejscIdTeryt>0406587</sln:miejscIdTeryt><sln:miejscNazwa>Ramoty</sln:miejscNazwa><sln:miejscRodzaj>Wieś</sln:miejscRodzaj><sln:powIIPId>42112cf8-d0ef-4606-885f-a0619ee96f53</sln:powIIPId><sln:powIIPPn>PL.PZGIK.200</sln:powIIPPn><sln:powIIPWersja>2012-09-27T09:26:09+02:00</sln:powIIPWersja><sln:powIdTeryt>2006</sln:powIdTeryt><sln:powNazwa>kolneński</sln:powNazwa><sln:wojIIPId>53ad7aea-d9d3-40c9-9a5c-ff737d5b076e</sln:wojIIPId><sln:wojIIPPn>PL.PZGIK.200</sln:wojIIPPn><sln:wojIIPWersja>2017-10-10T00:00:00+02:00</sln:wojIIPWersja><sln:wojIdTeryt>20</sln:wojIdTeryt><sln:wojNazwa>podlaskie</sln:wojNazwa></sln:miejscowosc><sln:miejscowosc><sln:cyklZyciaOd>2014-12-02T00:00:00+01:00</sln:cyklZyciaOd><sln:gmIIPId>e7c59ead-eb8c-4499-99c0-94ddeba76b92</sln:gmIIPId><sln:gmIIPPn>PL.PZGIK.200</sln:gmIIPPn><sln:gmIIPWersja>2012-09-26T22:15:33+02:00</sln:gmIIPWersja><sln:gmIdTeryt>2006053</sln:gmIdTeryt><sln:gmNazwa>Stawiski</sln:gmNazwa><sln:miejscIIPId>42a87583-8d97-4db6-8bff-2c9fc8cba0f7</sln:miejscIIPId><sln:miejscIIPPn>PL.PZGIK.200</sln:miejscIIPPn><sln:miejscIIPWersja>2016-11-24T13:29:49+02:00</sln:miejscIIPWersja><sln:miejscIdTeryt>0406601</sln:miejscIdTeryt><sln:miejscNazwa>Romany</sln:miejscNazwa><sln:miejscRodzaj>Wieś</sln:miejscRodzaj><sln:powIIPId>42112cf8-d0ef-4606-885f-a0619ee96f53</sln:powIIPId><sln:powIIPPn>PL.PZGIK.200</sln:powIIPPn><sln:powIIPWersja>2012-09-27T09:26:09+02:00</sln:powIIPWersja><sln:powIdTeryt>2006</sln:powIdTeryt><sln:powNazwa>kolneński</sln:powNazwa><sln:wojIIPId>53ad7aea-d9d3-40c9-9a5c-ff737d5b076e</sln:wojIIPId><sln:wojIIPPn>PL.PZGIK.200</sln:wojIIPPn><sln:wojIIPWersja>2017-10-10T00:00:00+02:00</sln:wojIIPWersja><sln:wojIdTeryt>20</sln:wojIdTeryt><sln:wojNazwa>podlaskie</sln:wojNazwa></sln:miejscowosc><sln:miejscowosc><sln:cyklZyciaOd>2014-12-02T00:00:00+01:00</sln:cyklZyciaOd><sln:gmIIPId>e7c59ead-eb8c-4499-99c0-94ddeba76b92</sln:gmIIPId><sln:gmIIPPn>PL.PZGIK.200</sln:gmIIPPn><sln:gmIIPWersja>2012-09-26T22:15:33+02:00</sln:gmIIPWersja><sln:gmIdTeryt>2006053</sln:gmIdTeryt><sln:gmNazwa>Stawiski</sln:gmNazwa><sln:miejscIIPId>d3b400eb-3be8-4a42-848a-94a5b7b87db5</sln:miejscIIPId><sln:miejscIIPPn>PL.PZGIK.200</sln:miejscIIPPn><sln:miejscIIPWersja>2016-11-24T13:38:56+02:00</sln:miejscIIPWersja><sln:miejscIdTeryt>0406446</sln:miejscIdTeryt><sln:miejscNazwa>Jurzec Szlachecki</sln:miejscNazwa><sln:miejscRodzaj>Wieś</sln:miejscRodzaj><sln:powIIPId>42112cf8-d0ef-4606-885f-a0619ee96f53</sln:powIIPId><sln:powIIPPn>PL.PZGIK.200</sln:powIIPPn><sln:powIIPWersja>2012-09-27T09:26:09+02:00</sln:powIIPWersja><sln:powIdTeryt>2006</sln:powIdTeryt><sln:powNazwa>kolneński</sln:powNazwa><sln:wojIIPId>53ad7aea-d9d3-40c9-9a5c-ff737d5b076e</sln:wojIIPId><sln:wojIIPPn>PL.PZGIK.200</sln:wojIIPPn><sln:wojIIPWersja>2017-10-10T00:00:00+02:00</sln:wojIIPWersja><sln:wojIdTeryt>20</sln:wojIdTeryt><sln:wojNazwa>podlaskie</sln:wojNazwa></sln:miejscowosc><sln:miejscowosc><sln:cyklZyciaOd>2014-12-02T00:00:00+01:00</sln:cyklZyciaOd><sln:gmIIPId>e7c59ead-eb8c-4499-99c0-94ddeba76b92</sln:gmIIPId><sln:gmIIPPn>PL.PZGIK.200</sln:gmIIPPn><sln:gmIIPWersja>2012-09-26T22:15:33+02:00</sln:gmIIPWersja><sln:gmIdTeryt>2006053</sln:gmIdTeryt><sln:gmNazwa>Stawiski</sln:gmNazwa><sln:miejscIIPId>c879aaeb-6c44-405d-91e2-63797bf53b7b</sln:miejscIIPId><sln:miejscIIPPn>PL.PZGIK.200</sln:miejscIIPPn><sln:miejscIIPWersja>2016-11-24T13:45:24+02:00</sln:miejscIIPWersja><sln:miejscIdTeryt>0406558</sln:miejscIdTeryt><sln:miejscNazwa>Poryte Szlacheckie</sln:miejscNazwa><sln:miejscRodzaj>Inny obiekt</sln:miejscRodzaj><sln:powIIPId>42112cf8-d0ef-4606-885f-a0619ee96f53</sln:powIIPId><sln:powIIPPn>PL.PZGIK.200</sln:powIIPPn><sln:powIIPWersja>2012-09-27T09:26:09+02:00</sln:powIIPWersja><sln:powIdTeryt>2006</sln:powIdTeryt><sln:powNazwa>kolneński</sln:powNazwa><sln:wojIIPId>53ad7aea-d9d3-40c9-9a5c-ff737d5b076e</sln:wojIIPId><sln:wojIIPPn>PL.PZGIK.200</sln:wojIIPPn><sln:wojIIPWersja>2017-10-10T00:00:00+02:00</sln:wojIIPWersja><sln:wojIdTeryt>20</sln:wojIdTeryt><sln:wojNazwa>podlaskie</sln:wojNazwa></sln:miejscowosc><sln:miejscowosc><sln:cyklZyciaOd>2014-12-02T00:00:00+01:00</sln:cyklZyciaOd><sln:gmIIPId>e7c59ead-eb8c-4499-99c0-94ddeba76b92</sln:gmIIPId><sln:gmIIPPn>PL.PZGIK.200</sln:gmIIPPn><sln:gmIIPWersja>2012-09-26T22:15:33+02:00</sln:gmIIPWersja><sln:gmIdTeryt>2006053</sln:gmIdTeryt><sln:gmNazwa>Stawiski</sln:gmNazwa><sln:miejscIIPId>f3fc224e-472c-4ea5-8144-05dfab19f171</sln:miejscIIPId><sln:miejscIIPPn>PL.PZGIK.200</sln:miejscIIPPn><sln:miejscIIPWersja>2016-11-24T13:36:55+02:00</sln:miejscIIPWersja><sln:miejscIdTeryt>0406392</sln:miejscIdTeryt><sln:miejscNazwa>Dzierzbia</sln:miejscNazwa><sln:miejscRodzaj>Wieś</sln:miejscRodzaj><sln:powIIPId>42112cf8-d0ef-4606-885f-a0619ee96f53</sln:powIIPId><sln:powIIPPn>PL.PZGIK.200</sln:powIIPPn><sln:powIIPWersja>2012-09-27T09:26:09+02:00</sln:powIIPWersja><sln:powIdTeryt>2006</sln:powIdTeryt><sln:powNazwa>kolneński</sln:powNazwa><sln:wojIIPId>53ad7aea-d9d3-40c9-9a5c-ff737d5b076e</sln:wojIIPId><sln:wojIIPPn>PL.PZGIK.200</sln:wojIIPPn><sln:wojIIPWersja>2017-10-10T00:00:00+02:00</sln:wojIIPWersja><sln:wojIdTeryt>20</sln:wojIdTeryt><sln:wojNazwa>podlaskie</sln:wojNazwa></sln:miejscowosc><sln:miejscowosc><sln:cyklZyciaOd>2014-12-02T00:00:00+01:00</sln:cyklZyciaOd><sln:gmIIPId>e7c59ead-eb8c-4499-99c0-94ddeba76b92</sln:gmIIPId><sln:gmIIPPn>PL.PZGIK.200</sln:gmIIPPn><sln:gmIIPWersja>2012-09-26T22:15:33+02:00</sln:gmIIPWersja><sln:gmIdTeryt>2006053</sln:gmIdTeryt><sln:gmNazwa>Stawiski</sln:gmNazwa><sln:miejscIIPId>e54e6d48-3e09-4c39-bb1a-e77938aa1a91</sln:miejscIIPId><sln:miejscIIPPn>PL.PZGIK.200</sln:miejscIIPPn><sln:miejscIIPWersja>2016-11-24T13:38:15+02:00</sln:miejscIIPWersja><sln:miejscIdTeryt>0406423</sln:miejscIdTeryt><sln:miejscNazwa>Hipolitowo</sln:miejscNazwa><sln:miejscRodzaj>Wieś</sln:miejscRodzaj><sln:powIIPId>42112cf8-d0ef-4606-885f-a0619ee96f53</sln:powIIPId><sln:powIIPPn>PL.PZGIK.200</sln:powIIPPn><sln:powIIPWersja>2012-09-27T09:26:09+02:00</sln:powIIPWersja><sln:powIdTeryt>2006</sln:powIdTeryt><sln:powNazwa>kolneński</sln:powNazwa><sln:wojIIPId>53ad7aea-d9d3-40c9-9a5c-ff737d5b076e</sln:wojIIPId><sln:wojIIPPn>PL.PZGIK.200</sln:wojIIPPn><sln:wojIIPWersja>2017-10-10T00:00:00+02:00</sln:wojIIPWersja><sln:wojIdTeryt>20</sln:wojIdTeryt><sln:wojNazwa>podlaskie</sln:wojNazwa></sln:miejscowosc><sln:miejscowosc><sln:cyklZyciaOd>2014-12-02T00:00:00+01:00</sln:cyklZyciaOd><sln:gmIIPId>e7c59ead-eb8c-4499-99c0-94ddeba76b92</sln:gmIIPId><sln:gmIIPPn>PL.PZGIK.200</sln:gmIIPPn><sln:gmIIPWersja>2012-09-26T22:15:33+02:00</sln:gmIIPWersja><sln:gmIdTeryt>2006053</sln:gmIdTeryt><sln:gmNazwa>Stawiski</sln:gmNazwa><sln:miejscIIPId>e7ecb06b-d5fe-456b-bb6b-ee23f300fa0a</sln:miejscIIPId><sln:miejscIIPPn>PL.PZGIK.200</sln:miejscIIPPn><sln:miejscIIPWersja>2016-11-24T13:29:49+02:00</sln:miejscIIPWersja><sln:miejscIdTeryt>0406630</sln:miejscIdTeryt><sln:miejscNazwa>Rostki</sln:miejscNazwa><sln:miejscRodzaj>Wieś</sln:miejscRodzaj><sln:powIIPId>42112cf8-d0ef-4606-885f-a0619ee96f53</sln:powIIPId><sln:powIIPPn>PL.PZGIK.200</sln:powIIPPn><sln:powIIPWersja>2012-09-27T09:26:09+02:00</sln:powIIPWersja><sln:powIdTeryt>2006</sln:powIdTeryt><sln:powNazwa>kolneński</sln:powNazwa><sln:wojIIPId>53ad7aea-d9d3-40c9-9a5c-ff737d5b076e</sln:wojIIPId><sln:wojIIPPn>PL.PZGIK.200</sln:wojIIPPn><sln:wojIIPWersja>2017-10-10T00:00:00+02:00</sln:wojIIPWersja><sln:wojIdTeryt>20</sln:wojIdTeryt><sln:wojNazwa>podlaskie</sln:wojNazwa></sln:miejscowosc><sln:miejscowosc><sln:cyklZyciaOd>2014-12-02T00:00:00+01:00</sln:cyklZyciaOd><sln:gmIIPId>e7c59ead-eb8c-4499-99c0-94ddeba76b92</sln:gmIIPId><sln:gmIIPPn>PL.PZGIK.200</sln:gmIIPPn><sln:gmIIPWersja>2012-09-26T22:15:33+02:00</sln:gmIIPWersja><sln:gmIdTeryt>2006053</sln:gmIdTeryt><sln:gmNazwa>Stawiski</sln:gmNazwa><sln:miejscIIPId>5a3c1aaa-bb0d-43c1-b0b2-fa581b972ece</sln:miejscIIPId><sln:miejscIIPPn>PL.PZGIK.200</sln:miejscIIPPn><sln:miejscIIPWersja>2016-11-24T13:30:45+02:00</sln:miejscIIPWersja><sln:miejscIdTeryt>0406647</sln:miejscIdTeryt><sln:miejscNazwa>Skroda Mała</sln:miejscNazwa><sln:miejscRodzaj>Wieś</sln:miejscRodzaj><sln:powIIPId>42112cf8-d0ef-4606-885f-a0619ee96f53</sln:powIIPId><sln:powIIPPn>PL.PZGIK.200</sln:powIIPPn><sln:powIIPWersja>2012-09-27T09:26:09+02:00</sln:powIIPWersja><sln:powIdTeryt>2006</sln:powIdTeryt><sln:powNazwa>kolneński</sln:powNazwa><sln:wojIIPId>53ad7aea-d9d3-40c9-9a5c-ff737d5b076e</sln:wojIIPId><sln:wojIIPPn>PL.PZGIK.200</sln:wojIIPPn><sln:wojIIPWersja>2017-10-10T00:00:00+02:00</sln:wojIIPWersja><sln:wojIdTeryt>20</sln:wojIdTeryt><sln:wojNazwa>podlaskie</sln:wojNazwa></sln:miejscowosc><sln:miejscowosc><sln:cyklZyciaOd>2014-12-02T00:00:00+01:00</sln:cyklZyciaOd><sln:gmIIPId>e7c59ead-eb8c-4499-99c0-94ddeba76b92</sln:gmIIPId><sln:gmIIPPn>PL.PZGIK.200</sln:gmIIPPn><sln:gmIIPWersja>2012-09-26T22:15:33+02:00</sln:gmIIPWersja><sln:gmIdTeryt>2006053</sln:gmIdTeryt><sln:gmNazwa>Stawiski</sln:gmNazwa><sln:miejscIIPId>44ccce4b-0032-4885-b83c-dc30147e0408</sln:miejscIIPId><sln:miejscIIPPn>PL.PZGIK.200</sln:miejscIIPPn><sln:miejscIIPWersja>2016-11-24T13:55:02+02:00</sln:miejscIIPWersja><sln:miejscIdTeryt>0406452</sln:miejscIdTeryt><sln:miejscNazwa>Olszewo Małe</sln:miejscNazwa><sln:miejscRodzaj>Inny obiekt</sln:miejscRodzaj><sln:powIIPId>42112cf8-d0ef-4606-885f-a0619ee96f53</sln:powIIPId><sln:powIIPPn>PL.PZGIK.200</sln:powIIPPn><sln:powIIPWersja>2012-09-27T09:26:09+02:00</sln:powIIPWersja><sln:powIdTeryt>2006</sln:powIdTeryt><sln:powNazwa>kolneński</sln:powNazwa><sln:wojIIPId>53ad7aea-d9d3-40c9-9a5c-ff737d5b076e</sln:wojIIPId><sln:wojIIPPn>PL.PZGIK.200</sln:wojIIPPn><sln:wojIIPWersja>2017-10-10T00:00:00+02:00</sln:wojIIPWersja><sln:wojIdTeryt>20</sln:wojIdTeryt><sln:wojNazwa>podlaskie</sln:wojNazwa></sln:miejscowosc><sln:miejscowosc><sln:cyklZyciaOd>2014-12-02T00:00:00+01:00</sln:cyklZyciaOd><sln:gmIIPId>e7c59ead-eb8c-4499-99c0-94ddeba76b92</sln:gmIIPId><sln:gmIIPPn>PL.PZGIK.200</sln:gmIIPPn><sln:gmIIPWersja>2012-09-26T22:15:33+02:00</sln:gmIIPWersja><sln:gmIdTeryt>2006053</sln:gmIdTeryt><sln:gmNazwa>Stawiski</sln:gmNazwa><sln:miejscIIPId>5ade56c2-6b09-47b6-a017-e4f5dc37a942</sln:miejscIIPId><sln:miejscIIPPn>PL.PZGIK.200</sln:miejscIIPPn><sln:miejscIIPWersja>2016-11-24T13:37:08+02:00</sln:miejscIIPWersja><sln:miejscIdTeryt>0406328</sln:miejscIdTeryt><sln:miejscNazwa>Barzykowo</sln:miejscNazwa><sln:miejscRodzaj>Wieś</sln:miejscRodzaj><sln:powIIPId>42112cf8-d0ef-4606-885f-a0619ee96f53</sln:powIIPId><sln:powIIPPn>PL.PZGIK.200</sln:powIIPPn><sln:powIIPWersja>2012-09-27T09:26:09+02:00</sln:powIIPWersja><sln:powIdTeryt>2006</sln:powIdTeryt><sln:powNazwa>kolneński</sln:powNazwa><sln:wojIIPId>53ad7aea-d9d3-40c9-9a5c-ff737d5b076e</sln:wojIIPId><sln:wojIIPPn>PL.PZGIK.200</sln:wojIIPPn><sln:wojIIPWersja>2017-10-10T00:00:00+02:00</sln:wojIIPWersja><sln:wojIdTeryt>20</sln:wojIdTeryt><sln:wojNazwa>podlaskie</sln:wojNazwa></sln:miejscowosc><sln:miejscowosc><sln:cyklZyciaOd>2014-12-02T00:00:00+01:00</sln:cyklZyciaOd><sln:gmIIPId>e7c59ead-eb8c-4499-99c0-94ddeba76b92</sln:gmIIPId><sln:gmIIPPn>PL.PZGIK.200</sln:gmIIPPn><sln:gmIIPWersja>2012-09-26T22:15:33+02:00</sln:gmIIPWersja><sln:gmIdTeryt>2006053</sln:gmIdTeryt><sln:gmNazwa>Stawiski</sln:gmNazwa><sln:miejscIIPId>0f61712e-de92-423d-aec9-721ea71d8f47</sln:miejscIIPId><sln:miejscIIPPn>PL.PZGIK.200</sln:miejscIIPPn><sln:miejscIIPWersja>2016-11-24T13:31:00+02:00</sln:miejscIIPWersja><sln:miejscIdTeryt>0406653</sln:miejscIdTeryt><sln:miejscNazwa>Sokoły</sln:miejscNazwa><sln:miejscRodzaj>Wieś</sln:miejscRodzaj><sln:powIIPId>42112cf8-d0ef-4606-885f-a0619ee96f53</sln:powIIPId><sln:powIIPPn>PL.PZGIK.200</sln:powIIPPn><sln:powIIPWersja>2012-09-27T09:26:09+02:00</sln:powIIPWersja><sln:powIdTeryt>2006</sln:powIdTeryt><sln:powNazwa>kolneński</sln:powNazwa><sln:wojIIPId>53ad7aea-d9d3-40c9-9a5c-ff737d5b076e</sln:wojIIPId><sln:wojIIPPn>PL.PZGIK.200</sln:wojIIPPn><sln:wojIIPWersja>2017-10-10T00:00:00+02:00</sln:wojIIPWersja><sln:wojIdTeryt>20</sln:wojIdTeryt><sln:wojNazwa>podlaskie</sln:wojNazwa></sln:miejscowosc><sln:miejscowosc><sln:cyklZyciaOd>2014-12-02T00:00:00+01:00</sln:cyklZyciaOd><sln:gmIIPId>e7c59ead-eb8c-4499-99c0-94ddeba76b92</sln:gmIIPId><sln:gmIIPPn>PL.PZGIK.200</sln:gmIIPPn><sln:gmIIPWersja>2012-09-26T22:15:33+02:00</sln:gmIIPWersja><sln:gmIdTeryt>2006053</sln:gmIdTeryt><sln:gmNazwa>Stawiski</sln:gmNazwa><sln:miejscIIPId>98b3a861-06d7-4598-9865-ad5eace79059</sln:miejscIIPId><sln:miejscIIPPn>PL.PZGIK.200</sln:miejscIIPPn><sln:miejscIIPWersja>2016-11-24T13:27:54+02:00</sln:miejscIIPWersja><sln:miejscIdTeryt>0957554</sln:miejscIdTeryt><sln:miejscNazwa>Smolniki</sln:miejscNazwa><sln:miejscRodzaj>Inny obiekt</sln:miejscRodzaj><sln:powIIPId>42112cf8-d0ef-4606-885f-a0619ee96f53</sln:powIIPId><sln:powIIPPn>PL.PZGIK.200</sln:powIIPPn><sln:powIIPWersja>2012-09-27T09:26:09+02:00</sln:powIIPWersja><sln:powIdTeryt>2006</sln:powIdTeryt><sln:powNazwa>kolneński</sln:powNazwa><sln:wojIIPId>53ad7aea-d9d3-40c9-9a5c-ff737d5b076e</sln:wojIIPId><sln:wojIIPPn>PL.PZGIK.200</sln:wojIIPPn><sln:wojIIPWersja>2017-10-10T00:00:00+02:00</sln:wojIIPWersja><sln:wojIdTeryt>20</sln:wojIdTeryt><sln:wojNazwa>podlaskie</sln:wojNazwa></sln:miejscowosc><sln:miejscowosc><sln:cyklZyciaOd>2014-12-02T00:00:00+01:00</sln:cyklZyciaOd><sln:gmIIPId>e7c59ead-eb8c-4499-99c0-94ddeba76b92</sln:gmIIPId><sln:gmIIPPn>PL.PZGIK.200</sln:gmIIPPn><sln:gmIIPWersja>2012-09-26T22:15:33+02:00</sln:gmIIPWersja><sln:gmIdTeryt>2006053</sln:gmIdTeryt><sln:gmNazwa>Stawiski</sln:gmNazwa><sln:miejscIIPId>3ed1c0ea-50f7-4d37-8938-fd88bac70b52</sln:miejscIIPId><sln:miejscIIPPn>PL.PZGIK.200</sln:miejscIIPPn><sln:miejscIIPWersja>2016-11-24T13:45:24+02:00</sln:miejscIIPWersja><sln:miejscIdTeryt>0406570</sln:miejscIdTeryt><sln:miejscNazwa>Poryte Małe</sln:miejscNazwa><sln:miejscRodzaj>Inny obiekt</sln:miejscRodzaj><sln:powIIPId>42112cf8-d0ef-4606-885f-a0619ee96f53</sln:powIIPId><sln:powIIPPn>PL.PZGIK.200</sln:powIIPPn><sln:powIIPWersja>2012-09-27T09:26:09+02:00</sln:powIIPWersja><sln:powIdTeryt>2006</sln:powIdTeryt><sln:powNazwa>kolneński</sln:powNazwa><sln:wojIIPId>53ad7aea-d9d3-40c9-9a5c-ff737d5b076e</sln:wojIIPId><sln:wojIIPPn>PL.PZGIK.200</sln:wojIIPPn><sln:wojIIPWersja>2017-10-10T00:00:00+02:00</sln:wojIIPWersja><sln:wojIdTeryt>20</sln:wojIdTeryt><sln:wojNazwa>podlaskie</sln:wojNazwa></sln:miejscowosc><sln:miejscowosc><sln:cyklZyciaOd>2014-12-02T00:00:00+01:00</sln:cyklZyciaOd><sln:gmIIPId>e7c59ead-eb8c-4499-99c0-94ddeba76b92</sln:gmIIPId><sln:gmIIPPn>PL.PZGIK.200</sln:gmIIPPn><sln:gmIIPWersja>2012-09-26T22:15:33+02:00</sln:gmIIPWersja><sln:gmIdTeryt>2006053</sln:gmIdTeryt><sln:gmNazwa>Stawiski</sln:gmNazwa><sln:miejscIIPId>67e12e4e-a3cc-474d-9731-d738c395f1f0</sln:miejscIIPId><sln:miejscIIPPn>PL.PZGIK.200</sln:miejscIIPPn><sln:miejscIIPWersja>2016-11-24T13:36:56+02:00</sln:miejscIIPWersja><sln:miejscIdTeryt>0406417</sln:miejscIdTeryt><sln:miejscNazwa>Dzięgiele</sln:miejscNazwa><sln:miejscRodzaj>Wieś</sln:miejscRodzaj><sln:powIIPId>42112cf8-d0ef-4606-885f-a0619ee96f53</sln:powIIPId><sln:powIIPPn>PL.PZGIK.200</sln:powIIPPn><sln:powIIPWersja>2012-09-27T09:26:09+02:00</sln:powIIPWersja><sln:powIdTeryt>2006</sln:powIdTeryt><sln:powNazwa>kolneński</sln:powNazwa><sln:wojIIPId>53ad7aea-d9d3-40c9-9a5c-ff737d5b076e</sln:wojIIPId><sln:wojIIPPn>PL.PZGIK.200</sln:wojIIPPn><sln:wojIIPWersja>2017-10-10T00:00:00+02:00</sln:wojIIPWersja><sln:wojIdTeryt>20</sln:wojIdTeryt><sln:wojNazwa>podlaskie</sln:wojNazwa></sln:miejscowosc><sln:miejscowosc><sln:cyklZyciaOd>2014-12-02T00:00:00+01:00</sln:cyklZyciaOd><sln:gmIIPId>e7c59ead-eb8c-4499-99c0-94ddeba76b92</sln:gmIIPId><sln:gmIIPPn>PL.PZGIK.200</sln:gmIIPPn><sln:gmIIPWersja>2012-09-26T22:15:33+02:00</sln:gmIIPWersja><sln:gmIdTeryt>2006053</sln:gmIdTeryt><sln:gmNazwa>Stawiski</sln:gmNazwa><sln:miejscIIPId>67efb52a-8aa0-4b02-83da-7038fa7ac3ea</sln:miejscIIPId><sln:miejscIIPPn>PL.PZGIK.200</sln:miejscIIPPn><sln:miejscIIPWersja>2016-11-24T13:55:02+02:00</sln:miejscIIPWersja><sln:miejscIdTeryt>0406475</sln:miejscIdTeryt><sln:miejscNazwa>Łojewek</sln:miejscNazwa><sln:miejscRodzaj>Inny obiekt</sln:miejscRodzaj><sln:powIIPId>42112cf8-d0ef-4606-885f-a0619ee96f53</sln:powIIPId><sln:powIIPPn>PL.PZGIK.200</sln:powIIPPn><sln:powIIPWersja>2012-09-27T09:26:09+02:00</sln:powIIPWersja><sln:powIdTeryt>2006</sln:powIdTeryt><sln:powNazwa>kolneński</sln:powNazwa><sln:wojIIPId>53ad7aea-d9d3-40c9-9a5c-ff737d5b076e</sln:wojIIPId><sln:wojIIPPn>PL.PZGIK.200</sln:wojIIPPn><sln:wojIIPWersja>2017-10-10T00:00:00+02:00</sln:wojIIPWersja><sln:wojIdTeryt>20</sln:wojIdTeryt><sln:wojNazwa>podlaskie</sln:wojNazwa></sln:miejscowosc><sln:miejscowosc><sln:cyklZyciaOd>2014-12-02T00:00:00+01:00</sln:cyklZyciaOd><sln:gmIIPId>e7c59ead-eb8c-4499-99c0-94ddeba76b92</sln:gmIIPId><sln:gmIIPPn>PL.PZGIK.200</sln:gmIIPPn><sln:gmIIPWersja>2012-09-26T22:15:33+02:00</sln:gmIIPWersja><sln:gmIdTeryt>2006053</sln:gmIdTeryt><sln:gmNazwa>Stawiski</sln:gmNazwa><sln:miejscIIPId>118e0c0b-b8ac-4b0a-8229-472b00b4addf</sln:miejscIIPId><sln:miejscIIPPn>PL.PZGIK.200</sln:miejscIIPPn><sln:miejscIIPWersja>2016-11-24T13:42:08+02:00</sln:miejscIIPWersja><sln:miejscIdTeryt>0406512</sln:miejscIdTeryt><sln:miejscNazwa>Michny</sln:miejscNazwa><sln:miejscRodzaj>Wieś</sln:miejscRodzaj><sln:powIIPId>42112cf8-d0ef-4606-885f-a0619ee96f53</sln:powIIPId><sln:powIIPPn>PL.PZGIK.200</sln:powIIPPn><sln:powIIPWersja>2012-09-27T09:26:09+02:00</sln:powIIPWersja><sln:powIdTeryt>2006</sln:powIdTeryt><sln:powNazwa>kolneński</sln:powNazwa><sln:wojIIPId>53ad7aea-d9d3-40c9-9a5c-ff737d5b076e</sln:wojIIPId><sln:wojIIPPn>PL.PZGIK.200</sln:wojIIPPn><sln:wojIIPWersja>2017-10-10T00:00:00+02:00</sln:wojIIPWersja><sln:wojIdTeryt>20</sln:wojIdTeryt><sln:wojNazwa>podlaskie</sln:wojNazwa></sln:miejscowosc><sln:miejscowosc><sln:cyklZyciaOd>2014-12-02T00:00:00+01:00</sln:cyklZyciaOd><sln:gmIIPId>e7c59ead-eb8c-4499-99c0-94ddeba76b92</sln:gmIIPId><sln:gmIIPPn>PL.PZGIK.200</sln:gmIIPPn><sln:gmIIPWersja>2012-09-26T22:15:33+02:00</sln:gmIIPWersja><sln:gmIdTeryt>2006053</sln:gmIdTeryt><sln:gmNazwa>Stawiski</sln:gmNazwa><sln:miejscIIPId>7488e724-a236-4774-a6e0-e7e8a843344c</sln:miejscIIPId><sln:miejscIIPPn>PL.PZGIK.200</sln:miejscIIPPn><sln:miejscIIPWersja>2016-11-24T13:46:12+02:00</sln:miejscIIPWersja><sln:miejscIdTeryt>0406624</sln:miejscIdTeryt><sln:miejscNazwa>Dąbrowa</sln:miejscNazwa><sln:miejscRodzaj>Inny obiekt</sln:miejscRodzaj><sln:powIIPId>42112cf8-d0ef-4606-885f-a0619ee96f53</sln:powIIPId><sln:powIIPPn>PL.PZGIK.200</sln:powIIPPn><sln:powIIPWersja>2012-09-27T09:26:09+02:00</sln:powIIPWersja><sln:powIdTeryt>2006</sln:powIdTeryt><sln:powNazwa>kolneński</sln:powNazwa><sln:wojIIPId>53ad7aea-d9d3-40c9-9a5c-ff737d5b076e</sln:wojIIPId><sln:wojIIPPn>PL.PZGIK.200</sln:wojIIPPn><sln:wojIIPWersja>2017-10-10T00:00:00+02:00</sln:wojIIPWersja><sln:wojIdTeryt>20</sln:wojIdTeryt><sln:wojNazwa>podlaskie</sln:wojNazwa></sln:miejscowosc><sln:miejscowosc><sln:cyklZyciaOd>2014-12-02T00:00:00+01:00</sln:cyklZyciaOd><sln:gmIIPId>e7c59ead-eb8c-4499-99c0-94ddeba76b92</sln:gmIIPId><sln:gmIIPPn>PL.PZGIK.200</sln:gmIIPPn><sln:gmIIPWersja>2012-09-26T22:15:33+02:00</sln:gmIIPWersja><sln:gmIdTeryt>2006053</sln:gmIdTeryt><sln:gmNazwa>Stawiski</sln:gmNazwa><sln:miejscIIPId>af79518f-df33-492f-9da2-5b20abe0557f</sln:miejscIIPId><sln:miejscIIPPn>PL.PZGIK.200</sln:miejscIIPPn><sln:miejscIIPWersja>2016-11-24T13:41:12+02:00</sln:miejscIIPWersja><sln:miejscIdTeryt>0406506</sln:miejscIdTeryt><sln:miejscNazwa>Lisy</sln:miejscNazwa><sln:miejscRodzaj>Wieś</sln:miejscRodzaj><sln:powIIPId>42112cf8-d0ef-4606-885f-a0619ee96f53</sln:powIIPId><sln:powIIPPn>PL.PZGIK.200</sln:powIIPPn><sln:powIIPWersja>2012-09-27T09:26:09+02:00</sln:powIIPWersja><sln:powIdTeryt>2006</sln:powIdTeryt><sln:powNazwa>kolneński</sln:powNazwa><sln:wojIIPId>53ad7aea-d9d3-40c9-9a5c-ff737d5b076e</sln:wojIIPId><sln:wojIIPPn>PL.PZGIK.200</sln:wojIIPPn><sln:wojIIPWersja>2017-10-10T00:00:00+02:00</sln:wojIIPWersja><sln:wojIdTeryt>20</sln:wojIdTeryt><sln:wojNazwa>podlaskie</sln:wojNazwa></sln:miejscowosc><sln:miejscowosc><sln:cyklZyciaOd>2014-12-02T00:00:00+01:00</sln:cyklZyciaOd><sln:gmIIPId>e7c59ead-eb8c-4499-99c0-94ddeba76b92</sln:gmIIPId><sln:gmIIPPn>PL.PZGIK.200</sln:gmIIPPn><sln:gmIIPWersja>2012-09-26T22:15:33+02:00</sln:gmIIPWersja><sln:gmIdTeryt>2006053</sln:gmIdTeryt><sln:gmNazwa>Stawiski</sln:gmNazwa><sln:miejscIIPId>cf1100ce-e43e-484d-8d97-ebbdd5baf03e</sln:miejscIIPId><sln:miejscIIPPn>PL.PZGIK.200</sln:miejscIIPPn><sln:miejscIIPWersja>2016-11-24T13:42:16+02:00</sln:miejscIIPWersja><sln:miejscIdTeryt>0406541</sln:miejscIdTeryt><sln:miejscNazwa>Mieszołki</sln:miejscNazwa><sln:miejscRodzaj>Wieś</sln:miejscRodzaj><sln:powIIPId>42112cf8-d0ef-4606-885f-a0619ee96f53</sln:powIIPId><sln:powIIPPn>PL.PZGIK.200</sln:powIIPPn><sln:powIIPWersja>2012-09-27T09:26:09+02:00</sln:powIIPWersja><sln:powIdTeryt>2006</sln:powIdTeryt><sln:powNazwa>kolneński</sln:powNazwa><sln:wojIIPId>53ad7aea-d9d3-40c9-9a5c-ff737d5b076e</sln:wojIIPId><sln:wojIIPPn>PL.PZGIK.200</sln:wojIIPPn><sln:wojIIPWersja>2017-10-10T00:00:00+02:00</sln:wojIIPWersja><sln:wojIdTeryt>20</sln:wojIdTeryt><sln:wojNazwa>podlaskie</sln:wojNazwa></sln:miejscowosc><sln:miejscowosc><sln:cyklZyciaOd>2014-12-02T00:00:00+01:00</sln:cyklZyciaOd><sln:gmIIPId>e7c59ead-eb8c-4499-99c0-94ddeba76b92</sln:gmIIPId><sln:gmIIPPn>PL.PZGIK.200</sln:gmIIPPn><sln:gmIIPWersja>2012-09-26T22:15:33+02:00</sln:gmIIPWersja><sln:gmIdTeryt>2006053</sln:gmIdTeryt><sln:gmNazwa>Stawiski</sln:gmNazwa><sln:miejscIIPId>1a70268d-a0e1-4b64-9772-9cba2170e3ad</sln:miejscIIPId><sln:miejscIIPPn>PL.PZGIK.200</sln:miejscIIPPn><sln:miejscIIPWersja>2016-11-24T13:50:43+02:00</sln:miejscIIPWersja><sln:miejscIdTeryt>0406707</sln:miejscIdTeryt><sln:miejscNazwa>Poddęby</sln:miejscNazwa><sln:miejscRodzaj>Inny obiekt</sln:miejscRodzaj><sln:powIIPId>42112cf8-d0ef-4606-885f-a0619ee96f53</sln:powIIPId><sln:powIIPPn>PL.PZGIK.200</sln:powIIPPn><sln:powIIPWersja>2012-09-27T09:26:09+02:00</sln:powIIPWersja><sln:powIdTeryt>2006</sln:powIdTeryt><sln:powNazwa>kolneński</sln:powNazwa><sln:wojIIPId>53ad7aea-d9d3-40c9-9a5c-ff737d5b076e</sln:wojIIPId><sln:wojIIPPn>PL.PZGIK.200</sln:wojIIPPn><sln:wojIIPWersja>2017-10-10T00:00:00+02:00</sln:wojIIPWersja><sln:wojIdTeryt>20</sln:wojIdTeryt><sln:wojNazwa>podlaskie</sln:wojNazwa></sln:miejscowosc><sln:miejscowosc><sln:cyklZyciaOd>2014-12-02T00:00:00+01:00</sln:cyklZyciaOd><sln:gmIIPId>e7c59ead-eb8c-4499-99c0-94ddeba76b92</sln:gmIIPId><sln:gmIIPPn>PL.PZGIK.200</sln:gmIIPPn><sln:gmIIPWersja>2012-09-26T22:15:33+02:00</sln:gmIIPWersja><sln:gmIdTeryt>2006053</sln:gmIdTeryt><sln:gmNazwa>Stawiski</sln:gmNazwa><sln:miejscIIPId>560b20da-c5bf-4d52-847b-ea851def1acc</sln:miejscIIPId><sln:miejscIIPPn>PL.PZGIK.200</sln:miejscIIPPn><sln:miejscIIPWersja>2016-11-24T13:33:17+02:00</sln:miejscIIPWersja><sln:miejscIdTeryt>0406676</sln:miejscIdTeryt><sln:miejscNazwa>Wilczewo</sln:miejscNazwa><sln:miejscRodzaj>Wieś</sln:miejscRodzaj><sln:powIIPId>42112cf8-d0ef-4606-885f-a0619ee96f53</sln:powIIPId><sln:powIIPPn>PL.PZGIK.200</sln:powIIPPn><sln:powIIPWersja>2012-09-27T09:26:09+02:00</sln:powIIPWersja><sln:powIdTeryt>2006</sln:powIdTeryt><sln:powNazwa>kolneński</sln:powNazwa><sln:wojIIPId>53ad7aea-d9d3-40c9-9a5c-ff737d5b076e</sln:wojIIPId><sln:wojIIPPn>PL.PZGIK.200</sln:wojIIPPn><sln:wojIIPWersja>2017-10-10T00:00:00+02:00</sln:wojIIPWersja><sln:wojIdTeryt>20</sln:wojIdTeryt><sln:wojNazwa>podlaskie</sln:wojNazwa></sln:miejscowosc><sln:miejscowosc><sln:cyklZyciaOd>2014-12-02T00:00:00+01:00</sln:cyklZyciaOd><sln:gmIIPId>e7c59ead-eb8c-4499-99c0-94ddeba76b92</sln:gmIIPId><sln:gmIIPPn>PL.PZGIK.200</sln:gmIIPPn><sln:gmIIPWersja>2012-09-26T22:15:33+02:00</sln:gmIIPWersja><sln:gmIdTeryt>2006053</sln:gmIdTeryt><sln:gmNazwa>Stawiski</sln:gmNazwa><sln:miejscIIPId>3f64ef1d-e361-4659-8c26-a77a2d3bd1ef</sln:miejscIIPId><sln:miejscIIPPn>PL.PZGIK.200</sln:miejscIIPPn><sln:miejscIIPWersja>2016-11-24T13:32:57+02:00</sln:miejscIIPWersja><sln:miejscIdTeryt>0406363</sln:miejscIdTeryt><sln:miejscNazwa>Cedry</sln:miejscNazwa><sln:miejscRodzaj>Wieś</sln:miejscRodzaj><sln:powIIPId>42112cf8-d0ef-4606-885f-a0619ee96f53</sln:powIIPId><sln:powIIPPn>PL.PZGIK.200</sln:powIIPPn><sln:powIIPWersja>2012-09-27T09:26:09+02:00</sln:powIIPWersja><sln:powIdTeryt>2006</sln:powIdTeryt><sln:powNazwa>kolneński</sln:powNazwa><sln:wojIIPId>53ad7aea-d9d3-40c9-9a5c-ff737d5b076e</sln:wojIIPId><sln:wojIIPPn>PL.PZGIK.200</sln:wojIIPPn><sln:wojIIPWersja>2017-10-10T00:00:00+02:00</sln:wojIIPWersja><sln:wojIdTeryt>20</sln:wojIdTeryt><sln:wojNazwa>podlaskie</sln:wojNazwa></sln:miejscowosc><sln:miejscowosc><sln:cyklZyciaOd>2014-12-02T00:00:00+01:00</sln:cyklZyciaOd><sln:gmIIPId>e7c59ead-eb8c-4499-99c0-94ddeba76b92</sln:gmIIPId><sln:gmIIPPn>PL.PZGIK.200</sln:gmIIPPn><sln:gmIIPWersja>2012-09-26T22:15:33+02:00</sln:gmIIPWersja><sln:gmIdTeryt>2006053</sln:gmIdTeryt><sln:gmNazwa>Stawiski</sln:gmNazwa><sln:miejscIIPId>5a68d8e6-828e-450b-8c18-9f34ff66e580</sln:miejscIIPId><sln:miejscIIPPn>PL.PZGIK.200</sln:miejscIIPPn><sln:miejscIIPWersja>2016-11-24T13:31:07+02:00</sln:miejscIIPWersja><sln:miejscIdTeryt>0406334</sln:miejscIdTeryt><sln:miejscNazwa>Budy Poryckie</sln:miejscNazwa><sln:miejscRodzaj>Wieś</sln:miejscRodzaj><sln:powIIPId>42112cf8-d0ef-4606-885f-a0619ee96f53</sln:powIIPId><sln:powIIPPn>PL.PZGIK.200</sln:powIIPPn><sln:powIIPWersja>2012-09-27T09:26:09+02:00</sln:powIIPWersja><sln:powIdTeryt>2006</sln:powIdTeryt><sln:powNazwa>kolneński</sln:powNazwa><sln:wojIIPId>53ad7aea-d9d3-40c9-9a5c-ff737d5b076e</sln:wojIIPId><sln:wojIIPPn>PL.PZGIK.200</sln:wojIIPPn><sln:wojIIPWersja>2017-10-10T00:00:00+02:00</sln:wojIIPWersja><sln:wojIdTeryt>20</sln:wojIdTeryt><sln:wojNazwa>podlaskie</sln:wojNazwa></sln:miejscowosc><sln:miejscowosc><sln:cyklZyciaOd>2014-12-02T00:00:00+01:00</sln:cyklZyciaOd><sln:gmIIPId>e7c59ead-eb8c-4499-99c0-94ddeba76b92</sln:gmIIPId><sln:gmIIPPn>PL.PZGIK.200</sln:gmIIPPn><sln:gmIIPWersja>2012-09-26T22:15:33+02:00</sln:gmIIPWersja><sln:gmIdTeryt>2006053</sln:gmIdTeryt><sln:gmNazwa>Stawiski</sln:gmNazwa><sln:miejscIIPId>29da678a-d654-41ec-805c-2fa59a0088f2</sln:miejscIIPId><sln:miejscIIPPn>PL.PZGIK.200</sln:miejscIIPPn><sln:miejscIIPWersja>2016-11-24T13:31:10+02:00</sln:miejscIIPWersja><sln:miejscIdTeryt>0406357</sln:miejscIdTeryt><sln:miejscNazwa>Budziski</sln:miejscNazwa><sln:miejscRodzaj>Wieś</sln:miejscRodzaj><sln:powIIPId>42112cf8-d0ef-4606-885f-a0619ee96f53</sln:powIIPId><sln:powIIPPn>PL.PZGIK.200</sln:powIIPPn><sln:powIIPWersja>2012-09-27T09:26:09+02:00</sln:powIIPWersja><sln:powIdTeryt>2006</sln:powIdTeryt><sln:powNazwa>kolneński</sln:powNazwa><sln:wojIIPId>53ad7aea-d9d3-40c9-9a5c-ff737d5b076e</sln:wojIIPId><sln:wojIIPPn>PL.PZGIK.200</sln:wojIIPPn><sln:wojIIPWersja>2017-10-10T00:00:00+02:00</sln:wojIIPWersja><sln:wojIdTeryt>20</sln:wojIdTeryt><sln:wojNazwa>podlaskie</sln:wojNazwa></sln:miejscowosc><sln:miejscowosc><sln:cyklZyciaOd>2014-12-02T00:00:00+01:00</sln:cyklZyciaOd><sln:gmIIPId>e7c59ead-eb8c-4499-99c0-94ddeba76b92</sln:gmIIPId><sln:gmIIPPn>PL.PZGIK.200</sln:gmIIPPn><sln:gmIIPWersja>2012-09-26T22:15:33+02:00</sln:gmIIPWersja><sln:gmIdTeryt>2006053</sln:gmIdTeryt><sln:gmNazwa>Stawiski</sln:gmNazwa><sln:miejscIIPId>ffcb18d5-e7eb-48d0-9276-c6355efc3f2c</sln:miejscIIPId><sln:miejscIIPPn>PL.PZGIK.200</sln:miejscIIPPn><sln:miejscIIPWersja>2016-11-24T13:29:47+02:00</sln:miejscIIPWersja><sln:miejscIdTeryt>0406593</sln:miejscIdTeryt><sln:miejscNazwa>Rogale</sln:miejscNazwa><sln:miejscRodzaj>Wieś</sln:miejscRodzaj><sln:powIIPId>42112cf8-d0ef-4606-885f-a0619ee96f53</sln:powIIPId><sln:powIIPPn>PL.PZGIK.200</sln:powIIPPn><sln:powIIPWersja>2012-09-27T09:26:09+02:00</sln:powIIPWersja><sln:powIdTeryt>2006</sln:powIdTeryt><sln:powNazwa>kolneński</sln:powNazwa><sln:wojIIPId>53ad7aea-d9d3-40c9-9a5c-ff737d5b076e</sln:wojIIPId><sln:wojIIPPn>PL.PZGIK.200</sln:wojIIPPn><sln:wojIIPWersja>2017-10-10T00:00:00+02:00</sln:wojIIPWersja><sln:wojIdTeryt>20</sln:wojIdTeryt><sln:wojNazwa>podlaskie</sln:wojNazwa></sln:miejscowosc><sln:miejscowosc><sln:cyklZyciaOd>2014-12-02T00:00:00+01:00</sln:cyklZyciaOd><sln:gmIIPId>e7c59ead-eb8c-4499-99c0-94ddeba76b92</sln:gmIIPId><sln:gmIIPPn>PL.PZGIK.200</sln:gmIIPPn><sln:gmIIPWersja>2012-09-26T22:15:33+02:00</sln:gmIIPWersja><sln:gmIdTeryt>2006053</sln:gmIdTeryt><sln:gmNazwa>Stawiski</sln:gmNazwa><sln:miejscIIPId>8b79560e-7dd2-45f1-aac2-667d8e9fd697</sln:miejscIIPId><sln:miejscIIPPn>PL.PZGIK.200</sln:miejscIIPPn><sln:miejscIIPWersja>2016-11-24T13:40:37+02:00</sln:miejscIIPWersja><sln:miejscIdTeryt>0406498</sln:miejscIdTeryt><sln:miejscNazwa>Kuczyny</sln:miejscNazwa><sln:miejscRodzaj>Wieś</sln:miejscRodzaj><sln:powIIPId>42112cf8-d0ef-4606-885f-a0619ee96f53</sln:powIIPId><sln:powIIPPn>PL.PZGIK.200</sln:powIIPPn><sln:powIIPWersja>2012-09-27T09:26:09+02:00</sln:powIIPWersja><sln:powIdTeryt>2006</sln:powIdTeryt><sln:powNazwa>kolneński</sln:powNazwa><sln:wojIIPId>53ad7aea-d9d3-40c9-9a5c-ff737d5b076e</sln:wojIIPId><sln:wojIIPPn>PL.PZGIK.200</sln:wojIIPPn><sln:wojIIPWersja>2017-10-10T00:00:00+02:00</sln:wojIIPWersja><sln:wojIdTeryt>20</sln:wojIdTeryt><sln:wojNazwa>podlaskie</sln:wojNazwa></sln:miejscowosc><sln:miejscowosc><sln:cyklZyciaOd>2014-12-02T00:00:00+01:00</sln:cyklZyciaOd><sln:gmIIPId>e7c59ead-eb8c-4499-99c0-94ddeba76b92</sln:gmIIPId><sln:gmIIPPn>PL.PZGIK.200</sln:gmIIPPn><sln:gmIIPWersja>2012-09-26T22:15:33+02:00</sln:gmIIPWersja><sln:gmIdTeryt>2006053</sln:gmIdTeryt><sln:gmNazwa>Stawiski</sln:gmNazwa><sln:miejscIIPId>1eaac367-d663-42cc-bc31-b4c6337a3a3d</sln:miejscIIPId><sln:miejscIIPPn>PL.PZGIK.200</sln:miejscIIPPn><sln:miejscIIPWersja>2016-11-24T13:35:39+02:00</sln:miejscIIPWersja><sln:miejscIdTeryt>0406386</sln:miejscIdTeryt><sln:miejscNazwa>Cwaliny</sln:miejscNazwa><sln:miejscRodzaj>Wieś</sln:miejscRodzaj><sln:powIIPId>42112cf8-d0ef-4606-885f-a0619ee96f53</sln:powIIPId><sln:powIIPPn>PL.PZGIK.200</sln:powIIPPn><sln:powIIPWersja>2012-09-27T09:26:09+02:00</sln:powIIPWersja><sln:powIdTeryt>2006</sln:powIdTeryt><sln:powNazwa>kolneński</sln:powNazwa><sln:wojIIPId>53ad7aea-d9d3-40c9-9a5c-ff737d5b076e</sln:wojIIPId><sln:wojIIPPn>PL.PZGIK.200</sln:wojIIPPn><sln:wojIIPWersja>2017-10-10T00:00:00+02:00</sln:wojIIPWersja><sln:wojIdTeryt>20</sln:wojIdTeryt><sln:wojNazwa>podlaskie</sln:wojNazwa></sln:miejscowosc><sln:miejscowosc><sln:cyklZyciaOd>2014-12-02T00:00:00+01:00</sln:cyklZyciaOd><sln:gmIIPId>e7c59ead-eb8c-4499-99c0-94ddeba76b92</sln:gmIIPId><sln:gmIIPPn>PL.PZGIK.200</sln:gmIIPPn><sln:gmIIPWersja>2012-09-26T22:15:33+02:00</sln:gmIIPWersja><sln:gmIdTeryt>2006053</sln:gmIdTeryt><sln:gmNazwa>Stawiski</sln:gmNazwa><sln:miejscIIPId>d2991f98-0877-44f4-a4c6-4dab9e11dd02</sln:miejscIIPId><sln:miejscIIPPn>PL.PZGIK.200</sln:miejscIIPPn><sln:miejscIIPWersja>2016-11-24T13:57:45+02:00</sln:miejscIIPWersja><sln:miejscIdTeryt>0406535</sln:miejscIdTeryt><sln:miejscNazwa>Mieczki-Pieniążki</sln:miejscNazwa><sln:miejscRodzaj>Inny obiekt</sln:miejscRodzaj><sln:powIIPId>42112cf8-d0ef-4606-885f-a0619ee96f53</sln:powIIPId><sln:powIIPPn>PL.PZGIK.200</sln:powIIPPn><sln:powIIPWersja>2012-09-27T09:26:09+02:00</sln:powIIPWersja><sln:powIdTeryt>2006</sln:powIdTeryt><sln:powNazwa>kolneński</sln:powNazwa><sln:wojIIPId>53ad7aea-d9d3-40c9-9a5c-ff737d5b076e</sln:wojIIPId><sln:wojIIPPn>PL.PZGIK.200</sln:wojIIPPn><sln:wojIIPWersja>2017-10-10T00:00:00+02:00</sln:wojIIPWersja><sln:wojIdTeryt>20</sln:wojIdTeryt><sln:wojNazwa>podlaskie</sln:wojNazwa></sln:miejscowosc><sln:miejscowosc><sln:cyklZyciaOd>2014-12-02T00:00:00+01:00</sln:cyklZyciaOd><sln:gmIIPId>e7c59ead-eb8c-4499-99c0-94ddeba76b92</sln:gmIIPId><sln:gmIIPPn>PL.PZGIK.200</sln:gmIIPPn><sln:gmIIPWersja>2012-09-26T22:15:33+02:00</sln:gmIIPWersja><sln:gmIdTeryt>2006053</sln:gmIdTeryt><sln:gmNazwa>Stawiski</sln:gmNazwa><sln:miejscIIPId>efb0d542-9ce6-4d58-bfae-6cbaa0990727</sln:miejscIIPId><sln:miejscIIPPn>PL.PZGIK.200</sln:miejscIIPPn><sln:miejscIIPWersja>2016-11-24T13:50:44+02:00</sln:miejscIIPWersja><sln:miejscIdTeryt>0406742</sln:miejscIdTeryt><sln:miejscNazwa>Jewilin</sln:miejscNazwa><sln:miejscRodzaj>Inny obiekt</sln:miejscRodzaj><sln:powIIPId>42112cf8-d0ef-4606-885f-a0619ee96f53</sln:powIIPId><sln:powIIPPn>PL.PZGIK.200</sln:powIIPPn><sln:powIIPWersja>2012-09-27T09:26:09+02:00</sln:powIIPWersja><sln:powIdTeryt>2006</sln:powIdTeryt><sln:powNazwa>kolneński</sln:powNazwa><sln:wojIIPId>53ad7aea-d9d3-40c9-9a5c-ff737d5b076e</sln:wojIIPId><sln:wojIIPPn>PL.PZGIK.200</sln:wojIIPPn><sln:wojIIPWersja>2017-10-10T00:00:00+02:00</sln:wojIIPWersja><sln:wojIdTeryt>20</sln:wojIdTeryt><sln:wojNazwa>podlaskie</sln:wojNazwa></sln:miejscowosc><sln:miejscowosc><sln:cyklZyciaOd>2014-12-02T00:00:00+01:00</sln:cyklZyciaOd><sln:gmIIPId>e7c59ead-eb8c-4499-99c0-94ddeba76b92</sln:gmIIPId><sln:gmIIPPn>PL.PZGIK.200</sln:gmIIPPn><sln:gmIIPWersja>2012-09-26T22:15:33+02:00</sln:gmIIPWersja><sln:gmIdTeryt>2006053</sln:gmIdTeryt><sln:gmNazwa>Stawiski</sln:gmNazwa><sln:miejscIIPId>0f56f237-983e-4a52-b4d7-14f3279499da</sln:miejscIIPId><sln:miejscIIPPn>PL.PZGIK.200</sln:miejscIIPPn><sln:miejscIIPWersja>2016-11-24T13:46:12+02:00</sln:miejscIIPWersja><sln:miejscIdTeryt>0406618</sln:miejscIdTeryt><sln:miejscNazwa>Kupniki</sln:miejscNazwa><sln:miejscRodzaj>Inny obiekt</sln:miejscRodzaj><sln:powIIPId>42112cf8-d0ef-4606-885f-a0619ee96f53</sln:powIIPId><sln:powIIPPn>PL.PZGIK.200</sln:powIIPPn><sln:powIIPWersja>2012-09-27T09:26:09+02:00</sln:powIIPWersja><sln:powIdTeryt>2006</sln:powIdTeryt><sln:powNazwa>kolneński</sln:powNazwa><sln:wojIIPId>53ad7aea-d9d3-40c9-9a5c-ff737d5b076e</sln:wojIIPId><sln:wojIIPPn>PL.PZGIK.200</sln:wojIIPPn><sln:wojIIPWersja>2017-10-10T00:00:00+02:00</sln:wojIIPWersja><sln:wojIdTeryt>20</sln:wojIdTeryt><sln:wojNazwa>podlaskie</sln:wojNazwa></sln:miejscowosc><sln:miejscowosc><sln:cyklZyciaOd>2014-12-02T00:00:00+01:00</sln:cyklZyciaOd><sln:gmIIPId>e7c59ead-eb8c-4499-99c0-94ddeba76b92</sln:gmIIPId><sln:gmIIPPn>PL.PZGIK.200</sln:gmIIPPn><sln:gmIIPWersja>2012-09-26T22:15:33+02:00</sln:gmIIPWersja><sln:gmIdTeryt>2006053</sln:gmIdTeryt><sln:gmNazwa>Stawiski</sln:gmNazwa><sln:miejscIIPId>bb1b26e2-84e5-434d-a4f1-83f33623b966</sln:miejscIIPId><sln:miejscIIPPn>PL.PZGIK.200</sln:miejscIIPPn><sln:miejscIIPWersja>2016-11-24T13:32:11+02:00</sln:miejscIIPWersja><sln:miejscIdTeryt>0406660</sln:miejscIdTeryt><sln:miejscNazwa>Tafiły</sln:miejscNazwa><sln:miejscRodzaj>Wieś</sln:miejscRodzaj><sln:powIIPId>42112cf8-d0ef-4606-885f-a0619ee96f53</sln:powIIPId><sln:powIIPPn>PL.PZGIK.200</sln:powIIPPn><sln:powIIPWersja>2012-09-27T09:26:09+02:00</sln:powIIPWersja><sln:powIdTeryt>2006</sln:powIdTeryt><sln:powNazwa>kolneński</sln:powNazwa><sln:wojIIPId>53ad7aea-d9d3-40c9-9a5c-ff737d5b076e</sln:wojIIPId><sln:wojIIPPn>PL.PZGIK.200</sln:wojIIPPn><sln:wojIIPWersja>2017-10-10T00:00:00+02:00</sln:wojIIPWersja><sln:wojIdTeryt>20</sln:wojIdTeryt><sln:wojNazwa>podlaskie</sln:wojNazwa></sln:miejscowosc><sln:miejscowosc><sln:cyklZyciaOd>2014-12-02T00:00:00+01:00</sln:cyklZyciaOd><sln:gmIIPId>e7c59ead-eb8c-4499-99c0-94ddeba76b92</sln:gmIIPId><sln:gmIIPPn>PL.PZGIK.200</sln:gmIIPPn><sln:gmIIPWersja>2012-09-26T22:15:33+02:00</sln:gmIIPWersja><sln:gmIdTeryt>2006053</sln:gmIdTeryt><sln:gmNazwa>Stawiski</sln:gmNazwa><sln:miejscIIPId>075fa363-0b6a-4e4c-8ce4-4dc27030b006</sln:miejscIIPId><sln:miejscIIPPn>PL.PZGIK.200</sln:miejscIIPPn><sln:miejscIIPWersja>2016-11-24T13:34:00+02:00</sln:miejscIIPWersja><sln:miejscIdTeryt>0406699</sln:miejscIdTeryt><sln:miejscNazwa>Wysokie Duże</sln:miejscNazwa><sln:miejscRodzaj>Wieś</sln:miejscRodzaj><sln:powIIPId>42112cf8-d0ef-4606-885f-a0619ee96f53</sln:powIIPId><sln:powIIPPn>PL.PZGIK.200</sln:powIIPPn><sln:powIIPWersja>2012-09-27T09:26:09+02:00</sln:powIIPWersja><sln:powIdTeryt>2006</sln:powIdTeryt><sln:powNazwa>kolneński</sln:powNazwa><sln:wojIIPId>53ad7aea-d9d3-40c9-9a5c-ff737d5b076e</sln:wojIIPId><sln:wojIIPPn>PL.PZGIK.200</sln:wojIIPPn><sln:wojIIPWersja>2017-10-10T00:00:00+02:00</sln:wojIIPWersja><sln:wojIdTeryt>20</sln:wojIdTeryt><sln:wojNazwa>podlaskie</sln:wojNazwa></sln:miejscowosc><sln:miejscowosc><sln:cyklZyciaOd>2014-12-02T00:00:00+01:00</sln:cyklZyciaOd><sln:gmIIPId>e7c59ead-eb8c-4499-99c0-94ddeba76b92</sln:gmIIPId><sln:gmIIPPn>PL.PZGIK.200</sln:gmIIPPn><sln:gmIIPWersja>2012-09-26T22:15:33+02:00</sln:gmIIPWersja><sln:gmIdTeryt>2006053</sln:gmIdTeryt><sln:gmNazwa>Stawiski</sln:gmNazwa><sln:miejscIIPId>8673f1a4-eb13-46a3-8b6b-5b691d9a882b</sln:miejscIIPId><sln:miejscIIPPn>PL.PZGIK.200</sln:miejscIIPPn><sln:miejscIIPWersja>2016-11-24T13:38:21+02:00</sln:miejscIIPWersja><sln:miejscIdTeryt>0406430</sln:miejscIdTeryt><sln:miejscNazwa>Ignacewo</sln:miejscNazwa><sln:miejscRodzaj>Wieś</sln:miejscRodzaj><sln:powIIPId>42112cf8-d0ef-4606-885f-a0619ee96f53</sln:powIIPId><sln:powIIPPn>PL.PZGIK.200</sln:powIIPPn><sln:powIIPWersja>2012-09-27T09:26:09+02:00</sln:powIIPWersja><sln:powIdTeryt>2006</sln:powIdTeryt><sln:powNazwa>kolneński</sln:powNazwa><sln:wojIIPId>53ad7aea-d9d3-40c9-9a5c-ff737d5b076e</sln:wojIIPId><sln:wojIIPPn>PL.PZGIK.200</sln:wojIIPPn><sln:wojIIPWersja>2017-10-10T00:00:00+02:00</sln:wojIIPWersja><sln:wojIdTeryt>20</sln:wojIdTeryt><sln:wojNazwa>podlaskie</sln:wojNazwa></sln:miejscowosc><sln:miejscowosc><sln:cyklZyciaOd>2014-12-02T00:00:00+01:00</sln:cyklZyciaOd><sln:gmIIPId>e7c59ead-eb8c-4499-99c0-94ddeba76b92</sln:gmIIPId><sln:gmIIPPn>PL.PZGIK.200</sln:gmIIPPn><sln:gmIIPWersja>2012-09-26T22:15:33+02:00</sln:gmIIPWersja><sln:gmIdTeryt>2006053</sln:gmIdTeryt><sln:gmNazwa>Stawiski</sln:gmNazwa><sln:miejscIIPId>22a51cb4-9fd1-4efd-bbf4-e158dbc398e8</sln:miejscIIPId><sln:miejscIIPPn>PL.PZGIK.200</sln:miejscIIPPn><sln:miejscIIPWersja>2016-11-24T13:28:49+02:00</sln:miejscIIPWersja><sln:miejscIdTeryt>0990907</sln:miejscIdTeryt><sln:miejscNazwa>Poryte</sln:miejscNazwa><sln:miejscRodzaj>Wieś</sln:miejscRodzaj><sln:powIIPId>42112cf8-d0ef-4606-885f-a0619ee96f53</sln:powIIPId><sln:powIIPPn>PL.PZGIK.200</sln:powIIPPn><sln:powIIPWersja>2012-09-27T09:26:09+02:00</sln:powIIPWersja><sln:powIdTeryt>2006</sln:powIdTeryt><sln:powNazwa>kolneński</sln:powNazwa><sln:wojIIPId>53ad7aea-d9d3-40c9-9a5c-ff737d5b076e</sln:wojIIPId><sln:wojIIPPn>PL.PZGIK.200</sln:wojIIPPn><sln:wojIIPWersja>2017-10-10T00:00:00+02:00</sln:wojIIPWersja><sln:wojIdTeryt>20</sln:wojIdTeryt><sln:wojNazwa>podlaskie</sln:wojNazwa></sln:miejscowosc><sln:miejscowosc><sln:cyklZyciaOd>2014-12-02T00:00:00+01:00</sln:cyklZyciaOd><sln:gmIIPId>e7c59ead-eb8c-4499-99c0-94ddeba76b92</sln:gmIIPId><sln:gmIIPPn>PL.PZGIK.200</sln:gmIIPPn><sln:gmIIPWersja>2012-09-26T22:15:33+02:00</sln:gmIIPWersja><sln:gmIdTeryt>2006053</sln:gmIdTeryt><sln:gmNazwa>Stawiski</sln:gmNazwa><sln:miejscIIPId>d651e1cc-4957-4ef6-ad5c-295838340d7d</sln:miejscIIPId><sln:miejscIIPPn>PL.PZGIK.200</sln:miejscIIPPn><sln:miejscIIPWersja>2016-11-24T13:42:12+02:00</sln:miejscIIPWersja><sln:miejscIdTeryt>0406529</sln:miejscIdTeryt><sln:miejscNazwa>Mieczki-Sucholaszczki</sln:miejscNazwa><sln:miejscRodzaj>Wieś</sln:miejscRodzaj><sln:powIIPId>42112cf8-d0ef-4606-885f-a0619ee96f53</sln:powIIPId><sln:powIIPPn>PL.PZGIK.200</sln:powIIPPn><sln:powIIPWersja>2012-09-27T09:26:09+02:00</sln:powIIPWersja><sln:powIdTeryt>2006</sln:powIdTeryt><sln:powNazwa>kolneński</sln:powNazwa><sln:wojIIPId>53ad7aea-d9d3-40c9-9a5c-ff737d5b076e</sln:wojIIPId><sln:wojIIPPn>PL.PZGIK.200</sln:wojIIPPn><sln:wojIIPWersja>2017-10-10T00:00:00+02:00</sln:wojIIPWersja><sln:wojIdTeryt>20</sln:wojIdTeryt><sln:wojNazwa>podlaskie</sln:wojNazwa></sln:miejscowosc><sln:miejscowosc><sln:cyklZyciaOd>2014-12-02T00:00:00+01:00</sln:cyklZyciaOd><sln:gmIIPId>e7c59ead-eb8c-4499-99c0-94ddeba76b92</sln:gmIIPId><sln:gmIIPPn>PL.PZGIK.200</sln:gmIIPPn><sln:gmIIPWersja>2012-09-26T22:15:33+02:00</sln:gmIIPWersja><sln:gmIdTeryt>2006053</sln:gmIdTeryt><sln:gmNazwa>Stawiski</sln:gmNazwa><sln:miejscIIPId>aa21eadc-2f77-4017-ac75-36acd045a567</sln:miejscIIPId><sln:miejscIIPPn>PL.PZGIK.200</sln:miejscIIPPn><sln:miejscIIPWersja>2016-11-24T13:45:24+02:00</sln:miejscIIPWersja><sln:miejscIdTeryt>0406564</sln:miejscIdTeryt><sln:miejscNazwa>Poryte Włościańskie</sln:miejscNazwa><sln:miejscRodzaj>Inny obiekt</sln:miejscRodzaj><sln:powIIPId>42112cf8-d0ef-4606-885f-a0619ee96f53</sln:powIIPId><sln:powIIPPn>PL.PZGIK.200</sln:powIIPPn><sln:powIIPWersja>2012-09-27T09:26:09+02:00</sln:powIIPWersja><sln:powIdTeryt>2006</sln:powIdTeryt><sln:powNazwa>kolneński</sln:powNazwa><sln:wojIIPId>53ad7aea-d9d3-40c9-9a5c-ff737d5b076e</sln:wojIIPId><sln:wojIIPPn>PL.PZGIK.200</sln:wojIIPPn><sln:wojIIPWersja>2017-10-10T00:00:00+02:00</sln:wojIIPWersja><sln:wojIdTeryt>20</sln:wojIdTeryt><sln:wojNazwa>podlaskie</sln:wojNazwa></sln:miejscowosc><sln:miejscowosc><sln:cyklZyciaOd>2014-12-02T00:00:00+01:00</sln:cyklZyciaOd><sln:gmIIPId>e7c59ead-eb8c-4499-99c0-94ddeba76b92</sln:gmIIPId><sln:gmIIPPn>PL.PZGIK.200</sln:gmIIPPn><sln:gmIIPWersja>2012-09-26T22:15:33+02:00</sln:gmIIPWersja><sln:gmIdTeryt>2006053</sln:gmIdTeryt><sln:gmNazwa>Stawiski</sln:gmNazwa><sln:miejscIIPId>5fc1f1bb-ea24-4852-8f8c-8bf309aa52a4</sln:miejscIIPId><sln:miejscIIPPn>PL.PZGIK.200</sln:miejscIIPPn><sln:miejscIIPWersja>2016-11-24T13:31:28+02:00</sln:miejscIIPWersja><sln:miejscIdTeryt>0957548</sln:miejscIdTeryt><sln:miejscNazwa>Stawiski</sln:miejscNazwa><sln:miejscRodzaj>Miasto</sln:miejscRodzaj><sln:powIIPId>42112cf8-d0ef-4606-885f-a0619ee96f53</sln:powIIPId><sln:powIIPPn>PL.PZGIK.200</sln:powIIPPn><sln:powIIPWersja>2012-09-27T09:26:09+02:00</sln:powIIPWersja><sln:powIdTeryt>2006</sln:powIdTeryt><sln:powNazwa>kolneński</sln:powNazwa><sln:wojIIPId>53ad7aea-d9d3-40c9-9a5c-ff737d5b076e</sln:wojIIPId><sln:wojIIPPn>PL.PZGIK.200</sln:wojIIPPn><sln:wojIIPWersja>2017-10-10T00:00:00+02:00</sln:wojIIPWersja><sln:wojIdTeryt>20</sln:wojIdTeryt><sln:wojNazwa>podlaskie</sln:wojNazwa></sln:miejscowosc><sln:miejscowosc><sln:cyklZyciaOd>2014-12-02T00:00:00+01:00</sln:cyklZyciaOd><sln:gmIIPId>e7c59ead-eb8c-4499-99c0-94ddeba76b92</sln:gmIIPId><sln:gmIIPPn>PL.PZGIK.200</sln:gmIIPPn><sln:gmIIPWersja>2012-09-26T22:15:33+02:00</sln:gmIIPWersja><sln:gmIdTeryt>2006053</sln:gmIdTeryt><sln:gmNazwa>Stawiski</sln:gmNazwa><sln:miejscIIPId>f2db978d-e4dd-4c21-962f-5f1f469e0c54</sln:miejscIIPId><sln:miejscIIPPn>PL.PZGIK.200</sln:miejscIIPPn><sln:miejscIIPWersja>2016-11-24T13:34:02+02:00</sln:miejscIIPWersja><sln:miejscIdTeryt>0406713</sln:miejscIdTeryt><sln:miejscNazwa>Zabiele</sln:miejscNazwa><sln:miejscRodzaj>Wieś</sln:miejscRodzaj><sln:powIIPId>42112cf8-d0ef-4606-885f-a0619ee96f53</sln:powIIPId><sln:powIIPPn>PL.PZGIK.200</sln:powIIPPn><sln:powIIPWersja>2012-09-27T09:26:09+02:00</sln:powIIPWersja><sln:powIdTeryt>2006</sln:powIdTeryt><sln:powNazwa>kolneński</sln:powNazwa><sln:wojIIPId>53ad7aea-d9d3-40c9-9a5c-ff737d5b076e</sln:wojIIPId><sln:wojIIPPn>PL.PZGIK.200</sln:wojIIPPn><sln:wojIIPWersja>2017-10-10T00:00:00+02:00</sln:wojIIPWersja><sln:wojIdTeryt>20</sln:wojIdTeryt><sln:wojNazwa>podlaskie</sln:wojNazwa></sln:miejscowosc><sln:miejscowosc><sln:cyklZyciaOd>2014-12-02T00:00:00+01:00</sln:cyklZyciaOd><sln:gmIIPId>e7c59ead-eb8c-4499-99c0-94ddeba76b92</sln:gmIIPId><sln:gmIIPPn>PL.PZGIK.200</sln:gmIIPPn><sln:gmIIPWersja>2012-09-26T22:15:33+02:00</sln:gmIIPWersja><sln:gmIdTeryt>2006053</sln:gmIdTeryt><sln:gmNazwa>Stawiski</sln:gmNazwa><sln:miejscIIPId>9c4df6c5-6bf9-4be3-af20-c0f7b2f105af</sln:miejscIIPId><sln:miejscIIPPn>PL.PZGIK.200</sln:miejscIIPPn><sln:miejscIIPWersja>2016-11-24T13:53:43+02:00</sln:miejscIIPWersja><sln:miejscIdTeryt>0406400</sln:miejscIdTeryt><sln:miejscNazwa>Rosochacz</sln:miejscNazwa><sln:miejscRodzaj>Inny obiekt</sln:miejscRodzaj><sln:powIIPId>42112cf8-d0ef-4606-885f-a0619ee96f53</sln:powIIPId><sln:powIIPPn>PL.PZGIK.200</sln:powIIPPn><sln:powIIPWersja>2012-09-27T09:26:09+02:00</sln:powIIPWersja><sln:powIdTeryt>2006</sln:powIdTeryt><sln:powNazwa>kolneński</sln:powNazwa><sln:wojIIPId>53ad7aea-d9d3-40c9-9a5c-ff737d5b076e</sln:wojIIPId><sln:wojIIPPn>PL.PZGIK.200</sln:wojIIPPn><sln:wojIIPWersja>2017-10-10T00:00:00+02:00</sln:wojIIPWersja><sln:wojIdTeryt>20</sln:wojIdTeryt><sln:wojNazwa>podlaskie</sln:wojNazwa></sln:miejscowosc><sln:miejscowosc><sln:cyklZyciaOd>2014-12-02T00:00:00+01:00</sln:cyklZyciaOd><sln:gmIIPId>e7c59ead-eb8c-4499-99c0-94ddeba76b92</sln:gmIIPId><sln:gmIIPPn>PL.PZGIK.200</sln:gmIIPPn><sln:gmIIPWersja>2012-09-26T22:15:33+02:00</sln:gmIIPWersja><sln:gmIdTeryt>2006053</sln:gmIdTeryt><sln:gmNazwa>Stawiski</sln:gmNazwa><sln:miejscIIPId>13a66467-1f71-4655-ad7b-6421a23471cd</sln:miejscIIPId><sln:miejscIIPPn>PL.PZGIK.200</sln:miejscIIPPn><sln:miejscIIPWersja>2016-11-24T13:38:56+02:00</sln:miejscIIPWersja><sln:miejscIdTeryt>0406469</sln:miejscIdTeryt><sln:miejscNazwa>Jurzec Włościański</sln:miejscNazwa><sln:miejscRodzaj>Wieś</sln:miejscRodzaj><sln:powIIPId>42112cf8-d0ef-4606-885f-a0619ee96f53</sln:powIIPId><sln:powIIPPn>PL.PZGIK.200</sln:powIIPPn><sln:powIIPWersja>2012-09-27T09:26:09+02:00</sln:powIIPWersja><sln:powIdTeryt>2006</sln:powIdTeryt><sln:powNazwa>kolneński</sln:powNazwa><sln:wojIIPId>53ad7aea-d9d3-40c9-9a5c-ff737d5b076e</sln:wojIIPId><sln:wojIIPPn>PL.PZGIK.200</sln:wojIIPPn><sln:wojIIPWersja>2017-10-10T00:00:00+02:00</sln:wojIIPWersja><sln:wojIdTeryt>20</sln:wojIdTeryt><sln:wojNazwa>podlaskie</sln:wojNazwa></sln:miejscowosc><sln:miejscowosc><sln:cyklZyciaOd>2014-12-02T00:00:00+01:00</sln:cyklZyciaOd><sln:gmIIPId>e7c59ead-eb8c-4499-99c0-94ddeba76b92</sln:gmIIPId><sln:gmIIPPn>PL.PZGIK.200</sln:gmIIPPn><sln:gmIIPWersja>2012-09-26T22:15:33+02:00</sln:gmIIPWersja><sln:gmIdTeryt>2006053</sln:gmIdTeryt><sln:gmNazwa>Stawiski</sln:gmNazwa><sln:miejscIIPId>5565ac01-46d3-468f-b94f-6047a95eaae9</sln:miejscIIPId><sln:miejscIIPPn>PL.PZGIK.200</sln:miejscIIPPn><sln:miejscIIPWersja>2016-11-24T13:34:19+02:00</sln:miejscIIPWersja><sln:miejscIdTeryt>0406759</sln:miejscIdTeryt><sln:miejscNazwa>Zalesie</sln:miejscNazwa><sln:miejscRodzaj>Wieś</sln:miejscRodzaj><sln:powIIPId>42112cf8-d0ef-4606-885f-a0619ee96f53</sln:powIIPId><sln:powIIPPn>PL.PZGIK.200</sln:powIIPPn><sln:powIIPWersja>2012-09-27T09:26:09+02:00</sln:powIIPWersja><sln:powIdTeryt>2006</sln:powIdTeryt><sln:powNazwa>kolneński</sln:powNazwa><sln:wojIIPId>53ad7aea-d9d3-40c9-9a5c-ff737d5b076e</sln:wojIIPId><sln:wojIIPPn>PL.PZGIK.200</sln:wojIIPPn><sln:wojIIPWersja>2017-10-10T00:00:00+02:00</sln:wojIIPWersja><sln:wojIdTeryt>20</sln:wojIdTeryt><sln:wojNazwa>podlaskie</sln:wojNazwa></sln:miejscowosc><sln:miejscowosc><sln:cyklZyciaOd>2014-12-02T00:00:00+01:00</sln:cyklZyciaOd><sln:gmIIPId>e7c59ead-eb8c-4499-99c0-94ddeba76b92</sln:gmIIPId><sln:gmIIPPn>PL.PZGIK.200</sln:gmIIPPn><sln:gmIIPWersja>2012-09-26T22:15:33+02:00</sln:gmIIPWersja><sln:gmIdTeryt>2006053</sln:gmIdTeryt><sln:gmNazwa>Stawiski</sln:gmNazwa><sln:miejscIIPId>c226dfbd-7dad-4f5e-9994-71f2493cd643</sln:miejscIIPId><sln:miejscIIPPn>PL.PZGIK.200</sln:miejscIIPPn><sln:miejscIIPWersja>2016-11-24T13:34:00+02:00</sln:miejscIIPWersja><sln:miejscIdTeryt>0406682</sln:miejscIdTeryt><sln:miejscNazwa>Wysokie Małe</sln:miejscNazwa><sln:miejscRodzaj>Wieś</sln:miejscRodzaj><sln:powIIPId>42112cf8-d0ef-4606-885f-a0619ee96f53</sln:powIIPId><sln:powIIPPn>PL.PZGIK.200</sln:powIIPPn><sln:powIIPWersja>2012-09-27T09:26:09+02:00</sln:powIIPWersja><sln:powIdTeryt>2006</sln:powIdTeryt><sln:powNazwa>kolneński</sln:powNazwa><sln:wojIIPId>53ad7aea-d9d3-40c9-9a5c-ff737d5b076e</sln:wojIIPId><sln:wojIIPPn>PL.PZGIK.200</sln:wojIIPPn><sln:wojIIPWersja>2017-10-10T00:00:00+02:00</sln:wojIIPWersja><sln:wojIdTeryt>20</sln:wojIdTeryt><sln:wojNazwa>podlaskie</sln:wojNazwa></sln:miejscowosc></sln:lista-miejscowosci>