<?xml version="1.0" encoding="UTF-8" standalone="yes"?><sln:lista-miejscowosci xmlns:srv="http://gugik.gov.pl/schemas/slowniki-service/1.0" xmlns:sln="http://gugik.gov.pl/schemas/slowniki-schema/1.0"><sln:miejscowosc><sln:cyklZyciaDo>2017-04-12T00:00:00+02:00</sln:cyklZyciaDo><sln:cyklZyciaOd>2016-01-27T00:00:00+01:00</sln:cyklZyciaOd><sln:gmIIPId>6e325fe2-ef08-4bfe-8d97-dcf040b72671</sln:gmIIPId><sln:gmIIPPn>PL.PZGIK.200</sln:gmIIPPn><sln:gmIIPWersja>2012-09-26T22:15:15+02:00</sln:gmIIPWersja><sln:gmIdTeryt>2003011</sln:gmIdTeryt><sln:gmNazwa>Bielsk Podlaski</sln:gmNazwa><sln:miejscIIPId>2e8e2ce1-95f2-4063-ab1c-2a4d658d98b4</sln:miejscIIPId><sln:miejscIIPPn>PL.PZGIK.200</sln:miejscIIPPn><sln:miejscIIPWersja>2016-11-24T13:15:04+02:00</sln:miejscIIPWersja><sln:miejscIdTeryt>0922685</sln:miejscIdTeryt><sln:miejscNazwa>Bielsk Podlaski</sln:miejscNazwa><sln:miejscRodzaj>Miasto</sln:miejscRodzaj><sln:powIIPId>409d7d55-3ec7-48fc-b67f-dc58de8f4566</sln:powIIPId><sln:powIIPPn>PL.PZGIK.200</sln:powIIPPn><sln:powIIPWersja>2012-09-27T09:26:09+02:00</sln:powIIPWersja><sln:powIdTeryt>2003</sln:powIdTeryt><sln:powNazwa>bielski</sln:powNazwa><sln:waznyOd>2015-07-16T00:00:00+02:00</sln:waznyOd><sln:wojIIPId>53ad7aea-d9d3-40c9-9a5c-ff737d5b076e</sln:wojIIPId><sln:wojIIPPn>PL.PZGIK.200</sln:wojIIPPn><sln:wojIIPWersja>2017-10-10T00:00:00+02:00</sln:wojIIPWersja><sln:wojIdTeryt>20</sln:wojIdTeryt><sln:wojNazwa>podlaskie</sln:wojNazwa></sln:miejscowosc><sln:miejscowosc><sln:cyklZyciaOd>2017-04-12T00:00:00+02:00</sln:cyklZyciaOd><sln:gmIIPId>6e325fe2-ef08-4bfe-8d97-dcf040b72671</sln:gmIIPId><sln:gmIIPPn>PL.PZGIK.200</sln:gmIIPPn><sln:gmIIPWersja>2012-09-26T22:15:15+02:00</sln:gmIIPWersja><sln:gmIdTeryt>2003011</sln:gmIdTeryt><sln:gmNazwa>Bielsk Podlaski</sln:gmNazwa><sln:miejscIIPId>2e8e2ce1-95f2-4063-ab1c-2a4d658d98b4</sln:miejscIIPId><sln:miejscIIPPn>PL.PZGIK.200</sln:miejscIIPPn><sln:miejscIIPWersja>2017-04-12T15:01:28+02:00</sln:miejscIIPWersja><sln:miejscIdTeryt>0922685</sln:miejscIdTeryt><sln:miejscNazwa>Bielsk Podlaski</sln:miejscNazwa><sln:miejscRodzaj>Miasto</sln:miejscRodzaj><sln:powIIPId>409d7d55-3ec7-48fc-b67f-dc58de8f4566</sln:powIIPId><sln:powIIPPn>PL.PZGIK.200</sln:powIIPPn><sln:powIIPWersja>2012-09-27T09:26:09+02:00</sln:powIIPWersja><sln:powIdTeryt>2003</sln:powIdTeryt><sln:powNazwa>bielski</sln:powNazwa><sln:waznyOd>2015-07-16T00:00:00+02:00</sln:waznyOd><sln:wojIIPId>53ad7aea-d9d3-40c9-9a5c-ff737d5b076e</sln:wojIIPId><sln:wojIIPPn>PL.PZGIK.200</sln:wojIIPPn><sln:wojIIPWersja>2017-10-10T00:00:00+02:00</sln:wojIIPWersja><sln:wojIdTeryt>20</sln:wojIdTeryt><sln:wojNazwa>podlaskie</sln:wojNazwa></sln:miejscowosc></sln:lista-miejscowosci>