<?xml version="1.0" encoding="UTF-8" standalone="yes"?><sln:lista-miejscowosci xmlns:srv="http://gugik.gov.pl/schemas/slowniki-service/1.0" xmlns:sln="http://gugik.gov.pl/schemas/slowniki-schema/1.0"><sln:miejscowosc><sln:cyklZyciaDo>2017-04-12T00:00:00+02:00</sln:cyklZyciaDo><sln:cyklZyciaOd>2015-07-06T00:00:00+02:00</sln:cyklZyciaOd><sln:gmIIPId>af4a9318-4b60-49fc-b64f-cefc4c430038</sln:gmIIPId><sln:gmIIPPn>PL.PZGIK.200</sln:gmIIPPn><sln:gmIIPWersja>2012-09-26T22:17:04+02:00</sln:gmIIPWersja><sln:gmIdTeryt>2011032</sln:gmIdTeryt><sln:gmNazwa>Korycin</sln:gmNazwa><sln:miejscIIPId>5b50c264-990d-4ae8-9b75-157f996c5546</sln:miejscIIPId><sln:miejscIIPPn>PL.PZGIK.200</sln:miejscIIPPn><sln:miejscIIPWersja>2016-11-24T08:41:18+02:00</sln:miejscIIPWersja><sln:miejscIdTeryt>0032170</sln:miejscIdTeryt><sln:miejscNazwa>Aulakowszczyzna</sln:miejscNazwa><sln:miejscRodzaj>Wieś</sln:miejscRodzaj><sln:powIIPId>cfdb1da1-997c-4c78-a92e-b0fe46a4ef65</sln:powIIPId><sln:powIIPPn>PL.PZGIK.200</sln:powIIPPn><sln:powIIPWersja>2017-10-10T00:00:00+02:00</sln:powIIPWersja><sln:powIdTeryt>2011</sln:powIdTeryt><sln:powNazwa>sokólski</sln:powNazwa><sln:waznyOd>2015-05-15T00:00:00+02:00</sln:waznyOd><sln:wojIIPId>53ad7aea-d9d3-40c9-9a5c-ff737d5b076e</sln:wojIIPId><sln:wojIIPPn>PL.PZGIK.200</sln:wojIIPPn><sln:wojIIPWersja>2017-10-10T00:00:00+02:00</sln:wojIIPWersja><sln:wojIdTeryt>20</sln:wojIdTeryt><sln:wojNazwa>podlaskie</sln:wojNazwa></sln:miejscowosc><sln:miejscowosc><sln:cyklZyciaDo>2017-04-12T00:00:00+02:00</sln:cyklZyciaDo><sln:cyklZyciaOd>2015-07-06T00:00:00+02:00</sln:cyklZyciaOd><sln:gmIIPId>af4a9318-4b60-49fc-b64f-cefc4c430038</sln:gmIIPId><sln:gmIIPPn>PL.PZGIK.200</sln:gmIIPPn><sln:gmIIPWersja>2012-09-26T22:17:04+02:00</sln:gmIIPWersja><sln:gmIdTeryt>2011032</sln:gmIdTeryt><sln:gmNazwa>Korycin</sln:gmNazwa><sln:miejscIIPId>8542ca23-319c-4bc9-ac5d-1631a753d916</sln:miejscIIPId><sln:miejscIIPPn>PL.PZGIK.200</sln:miejscIIPPn><sln:miejscIIPWersja>2016-11-24T08:41:18+02:00</sln:miejscIIPWersja><sln:miejscIdTeryt>0032187</sln:miejscIdTeryt><sln:miejscNazwa>Białystoczek</sln:miejscNazwa><sln:miejscRodzaj>Wieś</sln:miejscRodzaj><sln:powIIPId>cfdb1da1-997c-4c78-a92e-b0fe46a4ef65</sln:powIIPId><sln:powIIPPn>PL.PZGIK.200</sln:powIIPPn><sln:powIIPWersja>2017-10-10T00:00:00+02:00</sln:powIIPWersja><sln:powIdTeryt>2011</sln:powIdTeryt><sln:powNazwa>sokólski</sln:powNazwa><sln:waznyOd>2015-05-15T00:00:00+02:00</sln:waznyOd><sln:wojIIPId>53ad7aea-d9d3-40c9-9a5c-ff737d5b076e</sln:wojIIPId><sln:wojIIPPn>PL.PZGIK.200</sln:wojIIPPn><sln:wojIIPWersja>2017-10-10T00:00:00+02:00</sln:wojIIPWersja><sln:wojIdTeryt>20</sln:wojIdTeryt><sln:wojNazwa>podlaskie</sln:wojNazwa></sln:miejscowosc><sln:miejscowosc><sln:cyklZyciaDo>2017-04-12T00:00:00+02:00</sln:cyklZyciaDo><sln:cyklZyciaOd>2015-07-06T00:00:00+02:00</sln:cyklZyciaOd><sln:gmIIPId>af4a9318-4b60-49fc-b64f-cefc4c430038</sln:gmIIPId><sln:gmIIPPn>PL.PZGIK.200</sln:gmIIPPn><sln:gmIIPWersja>2012-09-26T22:17:04+02:00</sln:gmIIPWersja><sln:gmIdTeryt>2011032</sln:gmIdTeryt><sln:gmNazwa>Korycin</sln:gmNazwa><sln:miejscIIPId>43d4e366-bacc-4b58-a164-233e2e6909e3</sln:miejscIIPId><sln:miejscIIPPn>PL.PZGIK.200</sln:miejscIIPPn><sln:miejscIIPWersja>2016-11-24T08:41:18+02:00</sln:miejscIIPWersja><sln:miejscIdTeryt>0032201</sln:miejscIdTeryt><sln:miejscNazwa>Bombla</sln:miejscNazwa><sln:miejscRodzaj>Wieś</sln:miejscRodzaj><sln:powIIPId>cfdb1da1-997c-4c78-a92e-b0fe46a4ef65</sln:powIIPId><sln:powIIPPn>PL.PZGIK.200</sln:powIIPPn><sln:powIIPWersja>2017-10-10T00:00:00+02:00</sln:powIIPWersja><sln:powIdTeryt>2011</sln:powIdTeryt><sln:powNazwa>sokólski</sln:powNazwa><sln:waznyOd>2015-05-15T00:00:00+02:00</sln:waznyOd><sln:wojIIPId>53ad7aea-d9d3-40c9-9a5c-ff737d5b076e</sln:wojIIPId><sln:wojIIPPn>PL.PZGIK.200</sln:wojIIPPn><sln:wojIIPWersja>2017-10-10T00:00:00+02:00</sln:wojIIPWersja><sln:wojIdTeryt>20</sln:wojIdTeryt><sln:wojNazwa>podlaskie</sln:wojNazwa></sln:miejscowosc><sln:miejscowosc><sln:cyklZyciaDo>2017-04-12T00:00:00+02:00</sln:cyklZyciaDo><sln:cyklZyciaOd>2015-07-06T00:00:00+02:00</sln:cyklZyciaOd><sln:gmIIPId>af4a9318-4b60-49fc-b64f-cefc4c430038</sln:gmIIPId><sln:gmIIPPn>PL.PZGIK.200</sln:gmIIPPn><sln:gmIIPWersja>2012-09-26T22:17:04+02:00</sln:gmIIPWersja><sln:gmIdTeryt>2011032</sln:gmIdTeryt><sln:gmNazwa>Korycin</sln:gmNazwa><sln:miejscIIPId>1d3c0d19-56fc-4b9c-801d-09494ea26939</sln:miejscIIPId><sln:miejscIIPPn>PL.PZGIK.200</sln:miejscIIPPn><sln:miejscIIPWersja>2016-11-24T08:41:18+02:00</sln:miejscIIPWersja><sln:miejscIdTeryt>0032218</sln:miejscIdTeryt><sln:miejscNazwa>Brody</sln:miejscNazwa><sln:miejscRodzaj>Wieś</sln:miejscRodzaj><sln:powIIPId>cfdb1da1-997c-4c78-a92e-b0fe46a4ef65</sln:powIIPId><sln:powIIPPn>PL.PZGIK.200</sln:powIIPPn><sln:powIIPWersja>2017-10-10T00:00:00+02:00</sln:powIIPWersja><sln:powIdTeryt>2011</sln:powIdTeryt><sln:powNazwa>sokólski</sln:powNazwa><sln:waznyOd>2015-05-15T00:00:00+02:00</sln:waznyOd><sln:wojIIPId>53ad7aea-d9d3-40c9-9a5c-ff737d5b076e</sln:wojIIPId><sln:wojIIPPn>PL.PZGIK.200</sln:wojIIPPn><sln:wojIIPWersja>2017-10-10T00:00:00+02:00</sln:wojIIPWersja><sln:wojIdTeryt>20</sln:wojIdTeryt><sln:wojNazwa>podlaskie</sln:wojNazwa></sln:miejscowosc><sln:miejscowosc><sln:cyklZyciaDo>2017-04-12T00:00:00+02:00</sln:cyklZyciaDo><sln:cyklZyciaOd>2015-07-06T00:00:00+02:00</sln:cyklZyciaOd><sln:gmIIPId>af4a9318-4b60-49fc-b64f-cefc4c430038</sln:gmIIPId><sln:gmIIPPn>PL.PZGIK.200</sln:gmIIPPn><sln:gmIIPWersja>2012-09-26T22:17:04+02:00</sln:gmIIPWersja><sln:gmIdTeryt>2011032</sln:gmIdTeryt><sln:gmNazwa>Korycin</sln:gmNazwa><sln:miejscIIPId>025489c4-4377-48f6-8a34-94ec3c51472d</sln:miejscIIPId><sln:miejscIIPPn>PL.PZGIK.200</sln:miejscIIPPn><sln:miejscIIPWersja>2016-11-24T08:41:18+02:00</sln:miejscIIPWersja><sln:miejscIdTeryt>0032224</sln:miejscIdTeryt><sln:miejscNazwa>Długi Ług</sln:miejscNazwa><sln:miejscRodzaj>Wieś</sln:miejscRodzaj><sln:powIIPId>cfdb1da1-997c-4c78-a92e-b0fe46a4ef65</sln:powIIPId><sln:powIIPPn>PL.PZGIK.200</sln:powIIPPn><sln:powIIPWersja>2017-10-10T00:00:00+02:00</sln:powIIPWersja><sln:powIdTeryt>2011</sln:powIdTeryt><sln:powNazwa>sokólski</sln:powNazwa><sln:waznyOd>2015-05-15T00:00:00+02:00</sln:waznyOd><sln:wojIIPId>53ad7aea-d9d3-40c9-9a5c-ff737d5b076e</sln:wojIIPId><sln:wojIIPPn>PL.PZGIK.200</sln:wojIIPPn><sln:wojIIPWersja>2017-10-10T00:00:00+02:00</sln:wojIIPWersja><sln:wojIdTeryt>20</sln:wojIdTeryt><sln:wojNazwa>podlaskie</sln:wojNazwa></sln:miejscowosc><sln:miejscowosc><sln:cyklZyciaDo>2017-04-12T00:00:00+02:00</sln:cyklZyciaDo><sln:cyklZyciaOd>2015-07-06T00:00:00+02:00</sln:cyklZyciaOd><sln:gmIIPId>af4a9318-4b60-49fc-b64f-cefc4c430038</sln:gmIIPId><sln:gmIIPPn>PL.PZGIK.200</sln:gmIIPPn><sln:gmIIPWersja>2012-09-26T22:17:04+02:00</sln:gmIIPWersja><sln:gmIdTeryt>2011032</sln:gmIdTeryt><sln:gmNazwa>Korycin</sln:gmNazwa><sln:miejscIIPId>489da985-3d3f-4d46-8904-aaa0e75db497</sln:miejscIIPId><sln:miejscIIPPn>PL.PZGIK.200</sln:miejscIIPPn><sln:miejscIIPWersja>2016-11-24T08:41:18+02:00</sln:miejscIIPWersja><sln:miejscIdTeryt>0032230</sln:miejscIdTeryt><sln:miejscNazwa>Dzięciołówka</sln:miejscNazwa><sln:miejscRodzaj>Wieś</sln:miejscRodzaj><sln:powIIPId>cfdb1da1-997c-4c78-a92e-b0fe46a4ef65</sln:powIIPId><sln:powIIPPn>PL.PZGIK.200</sln:powIIPPn><sln:powIIPWersja>2017-10-10T00:00:00+02:00</sln:powIIPWersja><sln:powIdTeryt>2011</sln:powIdTeryt><sln:powNazwa>sokólski</sln:powNazwa><sln:waznyOd>2015-05-15T00:00:00+02:00</sln:waznyOd><sln:wojIIPId>53ad7aea-d9d3-40c9-9a5c-ff737d5b076e</sln:wojIIPId><sln:wojIIPPn>PL.PZGIK.200</sln:wojIIPPn><sln:wojIIPWersja>2017-10-10T00:00:00+02:00</sln:wojIIPWersja><sln:wojIdTeryt>20</sln:wojIdTeryt><sln:wojNazwa>podlaskie</sln:wojNazwa></sln:miejscowosc><sln:miejscowosc><sln:cyklZyciaDo>2017-04-12T00:00:00+02:00</sln:cyklZyciaDo><sln:cyklZyciaOd>2015-07-06T00:00:00+02:00</sln:cyklZyciaOd><sln:gmIIPId>af4a9318-4b60-49fc-b64f-cefc4c430038</sln:gmIIPId><sln:gmIIPPn>PL.PZGIK.200</sln:gmIIPPn><sln:gmIIPWersja>2012-09-26T22:17:04+02:00</sln:gmIIPWersja><sln:gmIdTeryt>2011032</sln:gmIdTeryt><sln:gmNazwa>Korycin</sln:gmNazwa><sln:miejscIIPId>13a71881-cafe-488f-8e05-cc955bb5d37d</sln:miejscIIPId><sln:miejscIIPPn>PL.PZGIK.200</sln:miejscIIPPn><sln:miejscIIPWersja>2016-11-24T08:41:18+02:00</sln:miejscIIPWersja><sln:miejscIdTeryt>0032247</sln:miejscIdTeryt><sln:miejscNazwa>Gorszczyzna</sln:miejscNazwa><sln:miejscRodzaj>Wieś</sln:miejscRodzaj><sln:powIIPId>cfdb1da1-997c-4c78-a92e-b0fe46a4ef65</sln:powIIPId><sln:powIIPPn>PL.PZGIK.200</sln:powIIPPn><sln:powIIPWersja>2017-10-10T00:00:00+02:00</sln:powIIPWersja><sln:powIdTeryt>2011</sln:powIdTeryt><sln:powNazwa>sokólski</sln:powNazwa><sln:waznyOd>2015-05-15T00:00:00+02:00</sln:waznyOd><sln:wojIIPId>53ad7aea-d9d3-40c9-9a5c-ff737d5b076e</sln:wojIIPId><sln:wojIIPPn>PL.PZGIK.200</sln:wojIIPPn><sln:wojIIPWersja>2017-10-10T00:00:00+02:00</sln:wojIIPWersja><sln:wojIdTeryt>20</sln:wojIdTeryt><sln:wojNazwa>podlaskie</sln:wojNazwa></sln:miejscowosc><sln:miejscowosc><sln:cyklZyciaDo>2017-04-12T00:00:00+02:00</sln:cyklZyciaDo><sln:cyklZyciaOd>2015-07-06T00:00:00+02:00</sln:cyklZyciaOd><sln:gmIIPId>af4a9318-4b60-49fc-b64f-cefc4c430038</sln:gmIIPId><sln:gmIIPPn>PL.PZGIK.200</sln:gmIIPPn><sln:gmIIPWersja>2012-09-26T22:17:04+02:00</sln:gmIIPWersja><sln:gmIdTeryt>2011032</sln:gmIdTeryt><sln:gmNazwa>Korycin</sln:gmNazwa><sln:miejscIIPId>0056ed48-e18f-4c5b-a11d-b604c647416d</sln:miejscIIPId><sln:miejscIIPPn>PL.PZGIK.200</sln:miejscIIPPn><sln:miejscIIPWersja>2016-11-24T08:41:18+02:00</sln:miejscIIPWersja><sln:miejscIdTeryt>0032253</sln:miejscIdTeryt><sln:miejscNazwa>Korycin</sln:miejscNazwa><sln:miejscRodzaj>Osada</sln:miejscRodzaj><sln:powIIPId>cfdb1da1-997c-4c78-a92e-b0fe46a4ef65</sln:powIIPId><sln:powIIPPn>PL.PZGIK.200</sln:powIIPPn><sln:powIIPWersja>2017-10-10T00:00:00+02:00</sln:powIIPWersja><sln:powIdTeryt>2011</sln:powIdTeryt><sln:powNazwa>sokólski</sln:powNazwa><sln:waznyOd>2015-05-15T00:00:00+02:00</sln:waznyOd><sln:wojIIPId>53ad7aea-d9d3-40c9-9a5c-ff737d5b076e</sln:wojIIPId><sln:wojIIPPn>PL.PZGIK.200</sln:wojIIPPn><sln:wojIIPWersja>2017-10-10T00:00:00+02:00</sln:wojIIPWersja><sln:wojIdTeryt>20</sln:wojIdTeryt><sln:wojNazwa>podlaskie</sln:wojNazwa></sln:miejscowosc><sln:miejscowosc><sln:cyklZyciaDo>2017-04-12T00:00:00+02:00</sln:cyklZyciaDo><sln:cyklZyciaOd>2015-07-06T00:00:00+02:00</sln:cyklZyciaOd><sln:gmIIPId>af4a9318-4b60-49fc-b64f-cefc4c430038</sln:gmIIPId><sln:gmIIPPn>PL.PZGIK.200</sln:gmIIPPn><sln:gmIIPWersja>2012-09-26T22:17:04+02:00</sln:gmIIPWersja><sln:gmIdTeryt>2011032</sln:gmIdTeryt><sln:gmNazwa>Korycin</sln:gmNazwa><sln:miejscIIPId>26d88697-a46b-49c1-9898-d4d721cce912</sln:miejscIIPId><sln:miejscIIPPn>PL.PZGIK.200</sln:miejscIIPPn><sln:miejscIIPWersja>2016-11-24T08:41:18+02:00</sln:miejscIIPWersja><sln:miejscIdTeryt>0032260</sln:miejscIdTeryt><sln:miejscNazwa>Krukowszczyzna</sln:miejscNazwa><sln:miejscRodzaj>Wieś</sln:miejscRodzaj><sln:powIIPId>cfdb1da1-997c-4c78-a92e-b0fe46a4ef65</sln:powIIPId><sln:powIIPPn>PL.PZGIK.200</sln:powIIPPn><sln:powIIPWersja>2017-10-10T00:00:00+02:00</sln:powIIPWersja><sln:powIdTeryt>2011</sln:powIdTeryt><sln:powNazwa>sokólski</sln:powNazwa><sln:waznyOd>2015-05-15T00:00:00+02:00</sln:waznyOd><sln:wojIIPId>53ad7aea-d9d3-40c9-9a5c-ff737d5b076e</sln:wojIIPId><sln:wojIIPPn>PL.PZGIK.200</sln:wojIIPPn><sln:wojIIPWersja>2017-10-10T00:00:00+02:00</sln:wojIIPWersja><sln:wojIdTeryt>20</sln:wojIdTeryt><sln:wojNazwa>podlaskie</sln:wojNazwa></sln:miejscowosc><sln:miejscowosc><sln:cyklZyciaDo>2017-04-12T00:00:00+02:00</sln:cyklZyciaDo><sln:cyklZyciaOd>2015-07-06T00:00:00+02:00</sln:cyklZyciaOd><sln:gmIIPId>af4a9318-4b60-49fc-b64f-cefc4c430038</sln:gmIIPId><sln:gmIIPPn>PL.PZGIK.200</sln:gmIIPPn><sln:gmIIPWersja>2012-09-26T22:17:04+02:00</sln:gmIIPWersja><sln:gmIdTeryt>2011032</sln:gmIdTeryt><sln:gmNazwa>Korycin</sln:gmNazwa><sln:miejscIIPId>65266ad4-ff44-4ab3-b2ee-59dda7122fd9</sln:miejscIIPId><sln:miejscIIPPn>PL.PZGIK.200</sln:miejscIIPPn><sln:miejscIIPWersja>2016-11-24T08:41:18+02:00</sln:miejscIIPWersja><sln:miejscIdTeryt>0032276</sln:miejscIdTeryt><sln:miejscNazwa>Kumiała</sln:miejscNazwa><sln:miejscRodzaj>Wieś</sln:miejscRodzaj><sln:powIIPId>cfdb1da1-997c-4c78-a92e-b0fe46a4ef65</sln:powIIPId><sln:powIIPPn>PL.PZGIK.200</sln:powIIPPn><sln:powIIPWersja>2017-10-10T00:00:00+02:00</sln:powIIPWersja><sln:powIdTeryt>2011</sln:powIdTeryt><sln:powNazwa>sokólski</sln:powNazwa><sln:waznyOd>2015-05-15T00:00:00+02:00</sln:waznyOd><sln:wojIIPId>53ad7aea-d9d3-40c9-9a5c-ff737d5b076e</sln:wojIIPId><sln:wojIIPPn>PL.PZGIK.200</sln:wojIIPPn><sln:wojIIPWersja>2017-10-10T00:00:00+02:00</sln:wojIIPWersja><sln:wojIdTeryt>20</sln:wojIdTeryt><sln:wojNazwa>podlaskie</sln:wojNazwa></sln:miejscowosc><sln:miejscowosc><sln:cyklZyciaDo>2017-04-12T00:00:00+02:00</sln:cyklZyciaDo><sln:cyklZyciaOd>2015-07-06T00:00:00+02:00</sln:cyklZyciaOd><sln:gmIIPId>af4a9318-4b60-49fc-b64f-cefc4c430038</sln:gmIIPId><sln:gmIIPPn>PL.PZGIK.200</sln:gmIIPPn><sln:gmIIPWersja>2012-09-26T22:17:04+02:00</sln:gmIIPWersja><sln:gmIdTeryt>2011032</sln:gmIdTeryt><sln:gmNazwa>Korycin</sln:gmNazwa><sln:miejscIIPId>13e47090-fe77-4bc7-8a2e-9ba9fa37f518</sln:miejscIIPId><sln:miejscIIPPn>PL.PZGIK.200</sln:miejscIIPPn><sln:miejscIIPWersja>2016-11-24T08:41:18+02:00</sln:miejscIIPWersja><sln:miejscIdTeryt>0032282</sln:miejscIdTeryt><sln:miejscNazwa>Laskowszczyzna</sln:miejscNazwa><sln:miejscRodzaj>Wieś</sln:miejscRodzaj><sln:powIIPId>cfdb1da1-997c-4c78-a92e-b0fe46a4ef65</sln:powIIPId><sln:powIIPPn>PL.PZGIK.200</sln:powIIPPn><sln:powIIPWersja>2017-10-10T00:00:00+02:00</sln:powIIPWersja><sln:powIdTeryt>2011</sln:powIdTeryt><sln:powNazwa>sokólski</sln:powNazwa><sln:waznyOd>2015-05-15T00:00:00+02:00</sln:waznyOd><sln:wojIIPId>53ad7aea-d9d3-40c9-9a5c-ff737d5b076e</sln:wojIIPId><sln:wojIIPPn>PL.PZGIK.200</sln:wojIIPPn><sln:wojIIPWersja>2017-10-10T00:00:00+02:00</sln:wojIIPWersja><sln:wojIdTeryt>20</sln:wojIdTeryt><sln:wojNazwa>podlaskie</sln:wojNazwa></sln:miejscowosc><sln:miejscowosc><sln:cyklZyciaDo>2017-04-12T00:00:00+02:00</sln:cyklZyciaDo><sln:cyklZyciaOd>2015-07-06T00:00:00+02:00</sln:cyklZyciaOd><sln:gmIIPId>af4a9318-4b60-49fc-b64f-cefc4c430038</sln:gmIIPId><sln:gmIIPPn>PL.PZGIK.200</sln:gmIIPPn><sln:gmIIPWersja>2012-09-26T22:17:04+02:00</sln:gmIIPWersja><sln:gmIdTeryt>2011032</sln:gmIdTeryt><sln:gmNazwa>Korycin</sln:gmNazwa><sln:miejscIIPId>302c1ccd-277c-4906-aa59-fd74f5eade6c</sln:miejscIIPId><sln:miejscIIPPn>PL.PZGIK.200</sln:miejscIIPPn><sln:miejscIIPWersja>2016-11-24T08:41:18+02:00</sln:miejscIIPWersja><sln:miejscIdTeryt>0032299</sln:miejscIdTeryt><sln:miejscNazwa>Łomy</sln:miejscNazwa><sln:miejscRodzaj>Wieś</sln:miejscRodzaj><sln:powIIPId>cfdb1da1-997c-4c78-a92e-b0fe46a4ef65</sln:powIIPId><sln:powIIPPn>PL.PZGIK.200</sln:powIIPPn><sln:powIIPWersja>2017-10-10T00:00:00+02:00</sln:powIIPWersja><sln:powIdTeryt>2011</sln:powIdTeryt><sln:powNazwa>sokólski</sln:powNazwa><sln:waznyOd>2015-05-15T00:00:00+02:00</sln:waznyOd><sln:wojIIPId>53ad7aea-d9d3-40c9-9a5c-ff737d5b076e</sln:wojIIPId><sln:wojIIPPn>PL.PZGIK.200</sln:wojIIPPn><sln:wojIIPWersja>2017-10-10T00:00:00+02:00</sln:wojIIPWersja><sln:wojIdTeryt>20</sln:wojIdTeryt><sln:wojNazwa>podlaskie</sln:wojNazwa></sln:miejscowosc><sln:miejscowosc><sln:cyklZyciaDo>2017-04-12T00:00:00+02:00</sln:cyklZyciaDo><sln:cyklZyciaOd>2015-07-06T00:00:00+02:00</sln:cyklZyciaOd><sln:gmIIPId>af4a9318-4b60-49fc-b64f-cefc4c430038</sln:gmIIPId><sln:gmIIPPn>PL.PZGIK.200</sln:gmIIPPn><sln:gmIIPWersja>2012-09-26T22:17:04+02:00</sln:gmIIPWersja><sln:gmIdTeryt>2011032</sln:gmIdTeryt><sln:gmNazwa>Korycin</sln:gmNazwa><sln:miejscIIPId>3ba929fa-2d39-4e29-9b58-67fab285784e</sln:miejscIIPId><sln:miejscIIPPn>PL.PZGIK.200</sln:miejscIIPPn><sln:miejscIIPWersja>2016-11-24T08:41:18+02:00</sln:miejscIIPWersja><sln:miejscIdTeryt>0032313</sln:miejscIdTeryt><sln:miejscNazwa>Łosiniec</sln:miejscNazwa><sln:miejscRodzaj>Wieś</sln:miejscRodzaj><sln:powIIPId>cfdb1da1-997c-4c78-a92e-b0fe46a4ef65</sln:powIIPId><sln:powIIPPn>PL.PZGIK.200</sln:powIIPPn><sln:powIIPWersja>2017-10-10T00:00:00+02:00</sln:powIIPWersja><sln:powIdTeryt>2011</sln:powIdTeryt><sln:powNazwa>sokólski</sln:powNazwa><sln:waznyOd>2015-05-15T00:00:00+02:00</sln:waznyOd><sln:wojIIPId>53ad7aea-d9d3-40c9-9a5c-ff737d5b076e</sln:wojIIPId><sln:wojIIPPn>PL.PZGIK.200</sln:wojIIPPn><sln:wojIIPWersja>2017-10-10T00:00:00+02:00</sln:wojIIPWersja><sln:wojIdTeryt>20</sln:wojIdTeryt><sln:wojNazwa>podlaskie</sln:wojNazwa></sln:miejscowosc><sln:miejscowosc><sln:cyklZyciaDo>2017-04-12T00:00:00+02:00</sln:cyklZyciaDo><sln:cyklZyciaOd>2015-07-06T00:00:00+02:00</sln:cyklZyciaOd><sln:gmIIPId>af4a9318-4b60-49fc-b64f-cefc4c430038</sln:gmIIPId><sln:gmIIPPn>PL.PZGIK.200</sln:gmIIPPn><sln:gmIIPWersja>2012-09-26T22:17:04+02:00</sln:gmIIPWersja><sln:gmIdTeryt>2011032</sln:gmIdTeryt><sln:gmNazwa>Korycin</sln:gmNazwa><sln:miejscIIPId>b0259f76-d714-4721-8059-1e0a207927d4</sln:miejscIIPId><sln:miejscIIPPn>PL.PZGIK.200</sln:miejscIIPPn><sln:miejscIIPWersja>2016-11-24T08:41:18+02:00</sln:miejscIIPWersja><sln:miejscIdTeryt>0032320</sln:miejscIdTeryt><sln:miejscNazwa>Mielniki</sln:miejscNazwa><sln:miejscRodzaj>Wieś</sln:miejscRodzaj><sln:powIIPId>cfdb1da1-997c-4c78-a92e-b0fe46a4ef65</sln:powIIPId><sln:powIIPPn>PL.PZGIK.200</sln:powIIPPn><sln:powIIPWersja>2017-10-10T00:00:00+02:00</sln:powIIPWersja><sln:powIdTeryt>2011</sln:powIdTeryt><sln:powNazwa>sokólski</sln:powNazwa><sln:waznyOd>2015-05-15T00:00:00+02:00</sln:waznyOd><sln:wojIIPId>53ad7aea-d9d3-40c9-9a5c-ff737d5b076e</sln:wojIIPId><sln:wojIIPPn>PL.PZGIK.200</sln:wojIIPPn><sln:wojIIPWersja>2017-10-10T00:00:00+02:00</sln:wojIIPWersja><sln:wojIdTeryt>20</sln:wojIdTeryt><sln:wojNazwa>podlaskie</sln:wojNazwa></sln:miejscowosc><sln:miejscowosc><sln:cyklZyciaDo>2017-04-12T00:00:00+02:00</sln:cyklZyciaDo><sln:cyklZyciaOd>2015-07-06T00:00:00+02:00</sln:cyklZyciaOd><sln:gmIIPId>af4a9318-4b60-49fc-b64f-cefc4c430038</sln:gmIIPId><sln:gmIIPPn>PL.PZGIK.200</sln:gmIIPPn><sln:gmIIPWersja>2012-09-26T22:17:04+02:00</sln:gmIIPWersja><sln:gmIdTeryt>2011032</sln:gmIdTeryt><sln:gmNazwa>Korycin</sln:gmNazwa><sln:miejscIIPId>a3d908b6-1462-4f33-888b-330b69363286</sln:miejscIIPId><sln:miejscIIPPn>PL.PZGIK.200</sln:miejscIIPPn><sln:miejscIIPWersja>2016-11-24T08:41:18+02:00</sln:miejscIIPWersja><sln:miejscIdTeryt>0032342</sln:miejscIdTeryt><sln:miejscNazwa>Nowinka</sln:miejscNazwa><sln:miejscRodzaj>Wieś</sln:miejscRodzaj><sln:powIIPId>cfdb1da1-997c-4c78-a92e-b0fe46a4ef65</sln:powIIPId><sln:powIIPPn>PL.PZGIK.200</sln:powIIPPn><sln:powIIPWersja>2017-10-10T00:00:00+02:00</sln:powIIPWersja><sln:powIdTeryt>2011</sln:powIdTeryt><sln:powNazwa>sokólski</sln:powNazwa><sln:waznyOd>2015-05-15T00:00:00+02:00</sln:waznyOd><sln:wojIIPId>53ad7aea-d9d3-40c9-9a5c-ff737d5b076e</sln:wojIIPId><sln:wojIIPPn>PL.PZGIK.200</sln:wojIIPPn><sln:wojIIPWersja>2017-10-10T00:00:00+02:00</sln:wojIIPWersja><sln:wojIdTeryt>20</sln:wojIdTeryt><sln:wojNazwa>podlaskie</sln:wojNazwa></sln:miejscowosc><sln:miejscowosc><sln:cyklZyciaDo>2017-04-12T00:00:00+02:00</sln:cyklZyciaDo><sln:cyklZyciaOd>2015-07-06T00:00:00+02:00</sln:cyklZyciaOd><sln:gmIIPId>af4a9318-4b60-49fc-b64f-cefc4c430038</sln:gmIIPId><sln:gmIIPPn>PL.PZGIK.200</sln:gmIIPPn><sln:gmIIPWersja>2012-09-26T22:17:04+02:00</sln:gmIIPWersja><sln:gmIdTeryt>2011032</sln:gmIdTeryt><sln:gmNazwa>Korycin</sln:gmNazwa><sln:miejscIIPId>b260585f-9f1b-4034-ab37-552d96ea4e35</sln:miejscIIPId><sln:miejscIIPPn>PL.PZGIK.200</sln:miejscIIPPn><sln:miejscIIPWersja>2016-11-24T08:41:18+02:00</sln:miejscIIPWersja><sln:miejscIdTeryt>0032359</sln:miejscIdTeryt><sln:miejscNazwa>Olszynka</sln:miejscNazwa><sln:miejscRodzaj>Wieś</sln:miejscRodzaj><sln:powIIPId>cfdb1da1-997c-4c78-a92e-b0fe46a4ef65</sln:powIIPId><sln:powIIPPn>PL.PZGIK.200</sln:powIIPPn><sln:powIIPWersja>2017-10-10T00:00:00+02:00</sln:powIIPWersja><sln:powIdTeryt>2011</sln:powIdTeryt><sln:powNazwa>sokólski</sln:powNazwa><sln:waznyOd>2015-05-15T00:00:00+02:00</sln:waznyOd><sln:wojIIPId>53ad7aea-d9d3-40c9-9a5c-ff737d5b076e</sln:wojIIPId><sln:wojIIPPn>PL.PZGIK.200</sln:wojIIPPn><sln:wojIIPWersja>2017-10-10T00:00:00+02:00</sln:wojIIPWersja><sln:wojIdTeryt>20</sln:wojIdTeryt><sln:wojNazwa>podlaskie</sln:wojNazwa></sln:miejscowosc><sln:miejscowosc><sln:cyklZyciaDo>2017-04-12T00:00:00+02:00</sln:cyklZyciaDo><sln:cyklZyciaOd>2015-07-06T00:00:00+02:00</sln:cyklZyciaOd><sln:gmIIPId>af4a9318-4b60-49fc-b64f-cefc4c430038</sln:gmIIPId><sln:gmIIPPn>PL.PZGIK.200</sln:gmIIPPn><sln:gmIIPWersja>2012-09-26T22:17:04+02:00</sln:gmIIPWersja><sln:gmIdTeryt>2011032</sln:gmIdTeryt><sln:gmNazwa>Korycin</sln:gmNazwa><sln:miejscIIPId>1a047f1c-bd20-495b-bb54-4326f7390702</sln:miejscIIPId><sln:miejscIIPPn>PL.PZGIK.200</sln:miejscIIPPn><sln:miejscIIPWersja>2016-11-24T08:41:18+02:00</sln:miejscIIPWersja><sln:miejscIdTeryt>0032365</sln:miejscIdTeryt><sln:miejscNazwa>Ostra Góra</sln:miejscNazwa><sln:miejscRodzaj>Wieś</sln:miejscRodzaj><sln:powIIPId>cfdb1da1-997c-4c78-a92e-b0fe46a4ef65</sln:powIIPId><sln:powIIPPn>PL.PZGIK.200</sln:powIIPPn><sln:powIIPWersja>2017-10-10T00:00:00+02:00</sln:powIIPWersja><sln:powIdTeryt>2011</sln:powIdTeryt><sln:powNazwa>sokólski</sln:powNazwa><sln:waznyOd>2015-05-15T00:00:00+02:00</sln:waznyOd><sln:wojIIPId>53ad7aea-d9d3-40c9-9a5c-ff737d5b076e</sln:wojIIPId><sln:wojIIPPn>PL.PZGIK.200</sln:wojIIPPn><sln:wojIIPWersja>2017-10-10T00:00:00+02:00</sln:wojIIPWersja><sln:wojIdTeryt>20</sln:wojIdTeryt><sln:wojNazwa>podlaskie</sln:wojNazwa></sln:miejscowosc><sln:miejscowosc><sln:cyklZyciaDo>2017-04-12T00:00:00+02:00</sln:cyklZyciaDo><sln:cyklZyciaOd>2015-07-06T00:00:00+02:00</sln:cyklZyciaOd><sln:gmIIPId>af4a9318-4b60-49fc-b64f-cefc4c430038</sln:gmIIPId><sln:gmIIPPn>PL.PZGIK.200</sln:gmIIPPn><sln:gmIIPWersja>2012-09-26T22:17:04+02:00</sln:gmIIPWersja><sln:gmIdTeryt>2011032</sln:gmIdTeryt><sln:gmNazwa>Korycin</sln:gmNazwa><sln:miejscIIPId>b96f2229-00b8-4951-b667-a92e0a60df29</sln:miejscIIPId><sln:miejscIIPPn>PL.PZGIK.200</sln:miejscIIPPn><sln:miejscIIPWersja>2016-11-24T08:41:18+02:00</sln:miejscIIPWersja><sln:miejscIdTeryt>0032371</sln:miejscIdTeryt><sln:miejscNazwa>Popiołówka</sln:miejscNazwa><sln:miejscRodzaj>Wieś</sln:miejscRodzaj><sln:powIIPId>cfdb1da1-997c-4c78-a92e-b0fe46a4ef65</sln:powIIPId><sln:powIIPPn>PL.PZGIK.200</sln:powIIPPn><sln:powIIPWersja>2017-10-10T00:00:00+02:00</sln:powIIPWersja><sln:powIdTeryt>2011</sln:powIdTeryt><sln:powNazwa>sokólski</sln:powNazwa><sln:waznyOd>2015-05-15T00:00:00+02:00</sln:waznyOd><sln:wojIIPId>53ad7aea-d9d3-40c9-9a5c-ff737d5b076e</sln:wojIIPId><sln:wojIIPPn>PL.PZGIK.200</sln:wojIIPPn><sln:wojIIPWersja>2017-10-10T00:00:00+02:00</sln:wojIIPWersja><sln:wojIdTeryt>20</sln:wojIdTeryt><sln:wojNazwa>podlaskie</sln:wojNazwa></sln:miejscowosc><sln:miejscowosc><sln:cyklZyciaDo>2017-04-12T00:00:00+02:00</sln:cyklZyciaDo><sln:cyklZyciaOd>2015-07-06T00:00:00+02:00</sln:cyklZyciaOd><sln:gmIIPId>af4a9318-4b60-49fc-b64f-cefc4c430038</sln:gmIIPId><sln:gmIIPPn>PL.PZGIK.200</sln:gmIIPPn><sln:gmIIPWersja>2012-09-26T22:17:04+02:00</sln:gmIIPWersja><sln:gmIdTeryt>2011032</sln:gmIdTeryt><sln:gmNazwa>Korycin</sln:gmNazwa><sln:miejscIIPId>04165bc2-0275-436a-969f-997c127e87dc</sln:miejscIIPId><sln:miejscIIPPn>PL.PZGIK.200</sln:miejscIIPPn><sln:miejscIIPWersja>2016-11-24T08:41:18+02:00</sln:miejscIIPWersja><sln:miejscIdTeryt>0032388</sln:miejscIdTeryt><sln:miejscNazwa>Przesławka</sln:miejscNazwa><sln:miejscRodzaj>Wieś</sln:miejscRodzaj><sln:powIIPId>cfdb1da1-997c-4c78-a92e-b0fe46a4ef65</sln:powIIPId><sln:powIIPPn>PL.PZGIK.200</sln:powIIPPn><sln:powIIPWersja>2017-10-10T00:00:00+02:00</sln:powIIPWersja><sln:powIdTeryt>2011</sln:powIdTeryt><sln:powNazwa>sokólski</sln:powNazwa><sln:waznyOd>2015-05-15T00:00:00+02:00</sln:waznyOd><sln:wojIIPId>53ad7aea-d9d3-40c9-9a5c-ff737d5b076e</sln:wojIIPId><sln:wojIIPPn>PL.PZGIK.200</sln:wojIIPPn><sln:wojIIPWersja>2017-10-10T00:00:00+02:00</sln:wojIIPWersja><sln:wojIdTeryt>20</sln:wojIdTeryt><sln:wojNazwa>podlaskie</sln:wojNazwa></sln:miejscowosc><sln:miejscowosc><sln:cyklZyciaDo>2017-04-12T00:00:00+02:00</sln:cyklZyciaDo><sln:cyklZyciaOd>2015-07-06T00:00:00+02:00</sln:cyklZyciaOd><sln:gmIIPId>af4a9318-4b60-49fc-b64f-cefc4c430038</sln:gmIIPId><sln:gmIIPPn>PL.PZGIK.200</sln:gmIIPPn><sln:gmIIPWersja>2012-09-26T22:17:04+02:00</sln:gmIIPWersja><sln:gmIdTeryt>2011032</sln:gmIdTeryt><sln:gmNazwa>Korycin</sln:gmNazwa><sln:miejscIIPId>998f70d0-36ec-4c24-9efb-8ed0e37b5a23</sln:miejscIIPId><sln:miejscIIPPn>PL.PZGIK.200</sln:miejscIIPPn><sln:miejscIIPWersja>2016-11-24T08:41:18+02:00</sln:miejscIIPWersja><sln:miejscIdTeryt>0032520</sln:miejscIdTeryt><sln:miejscNazwa>Romaszkówka</sln:miejscNazwa><sln:miejscRodzaj>Kolonia</sln:miejscRodzaj><sln:powIIPId>cfdb1da1-997c-4c78-a92e-b0fe46a4ef65</sln:powIIPId><sln:powIIPPn>PL.PZGIK.200</sln:powIIPPn><sln:powIIPWersja>2017-10-10T00:00:00+02:00</sln:powIIPWersja><sln:powIdTeryt>2011</sln:powIdTeryt><sln:powNazwa>sokólski</sln:powNazwa><sln:waznyOd>2015-05-21T00:00:00+02:00</sln:waznyOd><sln:wojIIPId>53ad7aea-d9d3-40c9-9a5c-ff737d5b076e</sln:wojIIPId><sln:wojIIPPn>PL.PZGIK.200</sln:wojIIPPn><sln:wojIIPWersja>2017-10-10T00:00:00+02:00</sln:wojIIPWersja><sln:wojIdTeryt>20</sln:wojIdTeryt><sln:wojNazwa>podlaskie</sln:wojNazwa></sln:miejscowosc><sln:miejscowosc><sln:cyklZyciaDo>2017-04-12T00:00:00+02:00</sln:cyklZyciaDo><sln:cyklZyciaOd>2015-07-06T00:00:00+02:00</sln:cyklZyciaOd><sln:gmIIPId>af4a9318-4b60-49fc-b64f-cefc4c430038</sln:gmIIPId><sln:gmIIPPn>PL.PZGIK.200</sln:gmIIPPn><sln:gmIIPWersja>2012-09-26T22:17:04+02:00</sln:gmIIPWersja><sln:gmIdTeryt>2011032</sln:gmIdTeryt><sln:gmNazwa>Korycin</sln:gmNazwa><sln:miejscIIPId>a58e6930-9d82-4a23-82f5-80e8a53a39ee</sln:miejscIIPId><sln:miejscIIPPn>PL.PZGIK.200</sln:miejscIIPPn><sln:miejscIIPWersja>2016-11-24T08:41:18+02:00</sln:miejscIIPWersja><sln:miejscIdTeryt>0032394</sln:miejscIdTeryt><sln:miejscNazwa>Rudka</sln:miejscNazwa><sln:miejscRodzaj>Wieś</sln:miejscRodzaj><sln:powIIPId>cfdb1da1-997c-4c78-a92e-b0fe46a4ef65</sln:powIIPId><sln:powIIPPn>PL.PZGIK.200</sln:powIIPPn><sln:powIIPWersja>2017-10-10T00:00:00+02:00</sln:powIIPWersja><sln:powIdTeryt>2011</sln:powIdTeryt><sln:powNazwa>sokólski</sln:powNazwa><sln:waznyOd>2015-05-15T00:00:00+02:00</sln:waznyOd><sln:wojIIPId>53ad7aea-d9d3-40c9-9a5c-ff737d5b076e</sln:wojIIPId><sln:wojIIPPn>PL.PZGIK.200</sln:wojIIPPn><sln:wojIIPWersja>2017-10-10T00:00:00+02:00</sln:wojIIPWersja><sln:wojIdTeryt>20</sln:wojIdTeryt><sln:wojNazwa>podlaskie</sln:wojNazwa></sln:miejscowosc><sln:miejscowosc><sln:cyklZyciaDo>2017-04-12T00:00:00+02:00</sln:cyklZyciaDo><sln:cyklZyciaOd>2015-07-06T00:00:00+02:00</sln:cyklZyciaOd><sln:gmIIPId>af4a9318-4b60-49fc-b64f-cefc4c430038</sln:gmIIPId><sln:gmIIPPn>PL.PZGIK.200</sln:gmIIPPn><sln:gmIIPWersja>2012-09-26T22:17:04+02:00</sln:gmIIPWersja><sln:gmIdTeryt>2011032</sln:gmIdTeryt><sln:gmNazwa>Korycin</sln:gmNazwa><sln:miejscIIPId>5a36b1c7-ef8c-4426-a03c-081811842d60</sln:miejscIIPId><sln:miejscIIPPn>PL.PZGIK.200</sln:miejscIIPPn><sln:miejscIIPWersja>2016-11-24T08:41:18+02:00</sln:miejscIIPWersja><sln:miejscIdTeryt>0032419</sln:miejscIdTeryt><sln:miejscNazwa>Rykaczewo</sln:miejscNazwa><sln:miejscRodzaj>Wieś</sln:miejscRodzaj><sln:powIIPId>cfdb1da1-997c-4c78-a92e-b0fe46a4ef65</sln:powIIPId><sln:powIIPPn>PL.PZGIK.200</sln:powIIPPn><sln:powIIPWersja>2017-10-10T00:00:00+02:00</sln:powIIPWersja><sln:powIdTeryt>2011</sln:powIdTeryt><sln:powNazwa>sokólski</sln:powNazwa><sln:waznyOd>2015-05-15T00:00:00+02:00</sln:waznyOd><sln:wojIIPId>53ad7aea-d9d3-40c9-9a5c-ff737d5b076e</sln:wojIIPId><sln:wojIIPPn>PL.PZGIK.200</sln:wojIIPPn><sln:wojIIPWersja>2017-10-10T00:00:00+02:00</sln:wojIIPWersja><sln:wojIdTeryt>20</sln:wojIdTeryt><sln:wojNazwa>podlaskie</sln:wojNazwa></sln:miejscowosc><sln:miejscowosc><sln:cyklZyciaDo>2017-04-12T00:00:00+02:00</sln:cyklZyciaDo><sln:cyklZyciaOd>2015-07-06T00:00:00+02:00</sln:cyklZyciaOd><sln:gmIIPId>af4a9318-4b60-49fc-b64f-cefc4c430038</sln:gmIIPId><sln:gmIIPPn>PL.PZGIK.200</sln:gmIIPPn><sln:gmIIPWersja>2012-09-26T22:17:04+02:00</sln:gmIIPWersja><sln:gmIdTeryt>2011032</sln:gmIdTeryt><sln:gmNazwa>Korycin</sln:gmNazwa><sln:miejscIIPId>0eff63e6-2a17-40e0-a51b-735681c3279b</sln:miejscIIPId><sln:miejscIIPPn>PL.PZGIK.200</sln:miejscIIPPn><sln:miejscIIPWersja>2016-11-24T08:41:18+02:00</sln:miejscIIPWersja><sln:miejscIdTeryt>0032425</sln:miejscIdTeryt><sln:miejscNazwa>Skindzierz</sln:miejscNazwa><sln:miejscRodzaj>Wieś</sln:miejscRodzaj><sln:powIIPId>cfdb1da1-997c-4c78-a92e-b0fe46a4ef65</sln:powIIPId><sln:powIIPPn>PL.PZGIK.200</sln:powIIPPn><sln:powIIPWersja>2017-10-10T00:00:00+02:00</sln:powIIPWersja><sln:powIdTeryt>2011</sln:powIdTeryt><sln:powNazwa>sokólski</sln:powNazwa><sln:waznyOd>2015-05-15T00:00:00+02:00</sln:waznyOd><sln:wojIIPId>53ad7aea-d9d3-40c9-9a5c-ff737d5b076e</sln:wojIIPId><sln:wojIIPPn>PL.PZGIK.200</sln:wojIIPPn><sln:wojIIPWersja>2017-10-10T00:00:00+02:00</sln:wojIIPWersja><sln:wojIdTeryt>20</sln:wojIdTeryt><sln:wojNazwa>podlaskie</sln:wojNazwa></sln:miejscowosc><sln:miejscowosc><sln:cyklZyciaDo>2017-04-12T00:00:00+02:00</sln:cyklZyciaDo><sln:cyklZyciaOd>2015-07-06T00:00:00+02:00</sln:cyklZyciaOd><sln:gmIIPId>af4a9318-4b60-49fc-b64f-cefc4c430038</sln:gmIIPId><sln:gmIIPPn>PL.PZGIK.200</sln:gmIIPPn><sln:gmIIPWersja>2012-09-26T22:17:04+02:00</sln:gmIIPWersja><sln:gmIdTeryt>2011032</sln:gmIdTeryt><sln:gmNazwa>Korycin</sln:gmNazwa><sln:miejscIIPId>c051248f-266b-4668-be84-81e3ffd5df13</sln:miejscIIPId><sln:miejscIIPPn>PL.PZGIK.200</sln:miejscIIPPn><sln:miejscIIPWersja>2016-11-24T08:41:18+02:00</sln:miejscIIPWersja><sln:miejscIdTeryt>0032431</sln:miejscIdTeryt><sln:miejscNazwa>Stok</sln:miejscNazwa><sln:miejscRodzaj>Wieś</sln:miejscRodzaj><sln:powIIPId>cfdb1da1-997c-4c78-a92e-b0fe46a4ef65</sln:powIIPId><sln:powIIPPn>PL.PZGIK.200</sln:powIIPPn><sln:powIIPWersja>2017-10-10T00:00:00+02:00</sln:powIIPWersja><sln:powIdTeryt>2011</sln:powIdTeryt><sln:powNazwa>sokólski</sln:powNazwa><sln:waznyOd>2015-05-15T00:00:00+02:00</sln:waznyOd><sln:wojIIPId>53ad7aea-d9d3-40c9-9a5c-ff737d5b076e</sln:wojIIPId><sln:wojIIPPn>PL.PZGIK.200</sln:wojIIPPn><sln:wojIIPWersja>2017-10-10T00:00:00+02:00</sln:wojIIPWersja><sln:wojIdTeryt>20</sln:wojIdTeryt><sln:wojNazwa>podlaskie</sln:wojNazwa></sln:miejscowosc><sln:miejscowosc><sln:cyklZyciaDo>2017-04-12T00:00:00+02:00</sln:cyklZyciaDo><sln:cyklZyciaOd>2015-07-06T00:00:00+02:00</sln:cyklZyciaOd><sln:gmIIPId>af4a9318-4b60-49fc-b64f-cefc4c430038</sln:gmIIPId><sln:gmIIPPn>PL.PZGIK.200</sln:gmIIPPn><sln:gmIIPWersja>2012-09-26T22:17:04+02:00</sln:gmIIPWersja><sln:gmIdTeryt>2011032</sln:gmIdTeryt><sln:gmNazwa>Korycin</sln:gmNazwa><sln:miejscIIPId>fcb98714-d8ed-480f-9c9a-48b18dd7c580</sln:miejscIIPId><sln:miejscIIPPn>PL.PZGIK.200</sln:miejscIIPPn><sln:miejscIIPWersja>2016-11-24T08:41:18+02:00</sln:miejscIIPWersja><sln:miejscIdTeryt>0032454</sln:miejscIdTeryt><sln:miejscNazwa>Szaciłówka</sln:miejscNazwa><sln:miejscRodzaj>Wieś</sln:miejscRodzaj><sln:powIIPId>cfdb1da1-997c-4c78-a92e-b0fe46a4ef65</sln:powIIPId><sln:powIIPPn>PL.PZGIK.200</sln:powIIPPn><sln:powIIPWersja>2017-10-10T00:00:00+02:00</sln:powIIPWersja><sln:powIdTeryt>2011</sln:powIdTeryt><sln:powNazwa>sokólski</sln:powNazwa><sln:waznyOd>2015-05-15T00:00:00+02:00</sln:waznyOd><sln:wojIIPId>53ad7aea-d9d3-40c9-9a5c-ff737d5b076e</sln:wojIIPId><sln:wojIIPPn>PL.PZGIK.200</sln:wojIIPPn><sln:wojIIPWersja>2017-10-10T00:00:00+02:00</sln:wojIIPWersja><sln:wojIdTeryt>20</sln:wojIdTeryt><sln:wojNazwa>podlaskie</sln:wojNazwa></sln:miejscowosc><sln:miejscowosc><sln:cyklZyciaDo>2017-04-12T00:00:00+02:00</sln:cyklZyciaDo><sln:cyklZyciaOd>2015-07-06T00:00:00+02:00</sln:cyklZyciaOd><sln:gmIIPId>af4a9318-4b60-49fc-b64f-cefc4c430038</sln:gmIIPId><sln:gmIIPPn>PL.PZGIK.200</sln:gmIIPPn><sln:gmIIPWersja>2012-09-26T22:17:04+02:00</sln:gmIIPWersja><sln:gmIdTeryt>2011032</sln:gmIdTeryt><sln:gmNazwa>Korycin</sln:gmNazwa><sln:miejscIIPId>b772b230-4b1b-47ee-9086-64be0659172e</sln:miejscIIPId><sln:miejscIIPPn>PL.PZGIK.200</sln:miejscIIPPn><sln:miejscIIPWersja>2016-11-24T08:41:18+02:00</sln:miejscIIPWersja><sln:miejscIdTeryt>0032460</sln:miejscIdTeryt><sln:miejscNazwa>Szumowo</sln:miejscNazwa><sln:miejscRodzaj>Wieś</sln:miejscRodzaj><sln:powIIPId>cfdb1da1-997c-4c78-a92e-b0fe46a4ef65</sln:powIIPId><sln:powIIPPn>PL.PZGIK.200</sln:powIIPPn><sln:powIIPWersja>2017-10-10T00:00:00+02:00</sln:powIIPWersja><sln:powIdTeryt>2011</sln:powIdTeryt><sln:powNazwa>sokólski</sln:powNazwa><sln:waznyOd>2015-05-15T00:00:00+02:00</sln:waznyOd><sln:wojIIPId>53ad7aea-d9d3-40c9-9a5c-ff737d5b076e</sln:wojIIPId><sln:wojIIPPn>PL.PZGIK.200</sln:wojIIPPn><sln:wojIIPWersja>2017-10-10T00:00:00+02:00</sln:wojIIPWersja><sln:wojIdTeryt>20</sln:wojIdTeryt><sln:wojNazwa>podlaskie</sln:wojNazwa></sln:miejscowosc><sln:miejscowosc><sln:cyklZyciaDo>2017-04-12T00:00:00+02:00</sln:cyklZyciaDo><sln:cyklZyciaOd>2015-07-06T00:00:00+02:00</sln:cyklZyciaOd><sln:gmIIPId>af4a9318-4b60-49fc-b64f-cefc4c430038</sln:gmIIPId><sln:gmIIPPn>PL.PZGIK.200</sln:gmIIPPn><sln:gmIIPWersja>2012-09-26T22:17:04+02:00</sln:gmIIPWersja><sln:gmIdTeryt>2011032</sln:gmIdTeryt><sln:gmNazwa>Korycin</sln:gmNazwa><sln:miejscIIPId>e02a5ac7-dd79-49b0-b2db-4c46f43af330</sln:miejscIIPId><sln:miejscIIPPn>PL.PZGIK.200</sln:miejscIIPPn><sln:miejscIIPWersja>2016-11-24T08:41:18+02:00</sln:miejscIIPWersja><sln:miejscIdTeryt>0032477</sln:miejscIdTeryt><sln:miejscNazwa>Wojtachy</sln:miejscNazwa><sln:miejscRodzaj>Wieś</sln:miejscRodzaj><sln:powIIPId>cfdb1da1-997c-4c78-a92e-b0fe46a4ef65</sln:powIIPId><sln:powIIPPn>PL.PZGIK.200</sln:powIIPPn><sln:powIIPWersja>2017-10-10T00:00:00+02:00</sln:powIIPWersja><sln:powIdTeryt>2011</sln:powIdTeryt><sln:powNazwa>sokólski</sln:powNazwa><sln:waznyOd>2015-05-15T00:00:00+02:00</sln:waznyOd><sln:wojIIPId>53ad7aea-d9d3-40c9-9a5c-ff737d5b076e</sln:wojIIPId><sln:wojIIPPn>PL.PZGIK.200</sln:wojIIPPn><sln:wojIIPWersja>2017-10-10T00:00:00+02:00</sln:wojIIPWersja><sln:wojIdTeryt>20</sln:wojIdTeryt><sln:wojNazwa>podlaskie</sln:wojNazwa></sln:miejscowosc><sln:miejscowosc><sln:cyklZyciaDo>2017-04-12T00:00:00+02:00</sln:cyklZyciaDo><sln:cyklZyciaOd>2015-07-06T00:00:00+02:00</sln:cyklZyciaOd><sln:gmIIPId>af4a9318-4b60-49fc-b64f-cefc4c430038</sln:gmIIPId><sln:gmIIPPn>PL.PZGIK.200</sln:gmIIPPn><sln:gmIIPWersja>2012-09-26T22:17:04+02:00</sln:gmIIPWersja><sln:gmIdTeryt>2011032</sln:gmIdTeryt><sln:gmNazwa>Korycin</sln:gmNazwa><sln:miejscIIPId>48f86c93-bf64-4407-a70a-ad5cd7adbcc4</sln:miejscIIPId><sln:miejscIIPPn>PL.PZGIK.200</sln:miejscIIPPn><sln:miejscIIPWersja>2016-11-24T08:41:18+02:00</sln:miejscIIPWersja><sln:miejscIdTeryt>0032483</sln:miejscIdTeryt><sln:miejscNazwa>Wyłudki</sln:miejscNazwa><sln:miejscRodzaj>Wieś</sln:miejscRodzaj><sln:powIIPId>cfdb1da1-997c-4c78-a92e-b0fe46a4ef65</sln:powIIPId><sln:powIIPPn>PL.PZGIK.200</sln:powIIPPn><sln:powIIPWersja>2017-10-10T00:00:00+02:00</sln:powIIPWersja><sln:powIdTeryt>2011</sln:powIdTeryt><sln:powNazwa>sokólski</sln:powNazwa><sln:waznyOd>2015-05-15T00:00:00+02:00</sln:waznyOd><sln:wojIIPId>53ad7aea-d9d3-40c9-9a5c-ff737d5b076e</sln:wojIIPId><sln:wojIIPPn>PL.PZGIK.200</sln:wojIIPPn><sln:wojIIPWersja>2017-10-10T00:00:00+02:00</sln:wojIIPWersja><sln:wojIdTeryt>20</sln:wojIdTeryt><sln:wojNazwa>podlaskie</sln:wojNazwa></sln:miejscowosc><sln:miejscowosc><sln:cyklZyciaDo>2017-04-12T00:00:00+02:00</sln:cyklZyciaDo><sln:cyklZyciaOd>2015-07-06T00:00:00+02:00</sln:cyklZyciaOd><sln:gmIIPId>af4a9318-4b60-49fc-b64f-cefc4c430038</sln:gmIIPId><sln:gmIIPPn>PL.PZGIK.200</sln:gmIIPPn><sln:gmIIPWersja>2012-09-26T22:17:04+02:00</sln:gmIIPWersja><sln:gmIdTeryt>2011032</sln:gmIdTeryt><sln:gmNazwa>Korycin</sln:gmNazwa><sln:miejscIIPId>90a39773-62bd-411f-9f5a-41ca00a69856</sln:miejscIIPId><sln:miejscIIPPn>PL.PZGIK.200</sln:miejscIIPPn><sln:miejscIIPWersja>2016-11-24T08:41:18+02:00</sln:miejscIIPWersja><sln:miejscIdTeryt>0032490</sln:miejscIdTeryt><sln:miejscNazwa>Wyłudy</sln:miejscNazwa><sln:miejscRodzaj>Wieś</sln:miejscRodzaj><sln:powIIPId>cfdb1da1-997c-4c78-a92e-b0fe46a4ef65</sln:powIIPId><sln:powIIPPn>PL.PZGIK.200</sln:powIIPPn><sln:powIIPWersja>2017-10-10T00:00:00+02:00</sln:powIIPWersja><sln:powIdTeryt>2011</sln:powIdTeryt><sln:powNazwa>sokólski</sln:powNazwa><sln:waznyOd>2015-05-15T00:00:00+02:00</sln:waznyOd><sln:wojIIPId>53ad7aea-d9d3-40c9-9a5c-ff737d5b076e</sln:wojIIPId><sln:wojIIPPn>PL.PZGIK.200</sln:wojIIPPn><sln:wojIIPWersja>2017-10-10T00:00:00+02:00</sln:wojIIPWersja><sln:wojIdTeryt>20</sln:wojIdTeryt><sln:wojNazwa>podlaskie</sln:wojNazwa></sln:miejscowosc><sln:miejscowosc><sln:cyklZyciaDo>2017-04-12T00:00:00+02:00</sln:cyklZyciaDo><sln:cyklZyciaOd>2015-07-06T00:00:00+02:00</sln:cyklZyciaOd><sln:gmIIPId>af4a9318-4b60-49fc-b64f-cefc4c430038</sln:gmIIPId><sln:gmIIPPn>PL.PZGIK.200</sln:gmIIPPn><sln:gmIIPWersja>2012-09-26T22:17:04+02:00</sln:gmIIPWersja><sln:gmIdTeryt>2011032</sln:gmIdTeryt><sln:gmNazwa>Korycin</sln:gmNazwa><sln:miejscIIPId>ac169610-be5a-46f6-a34d-500b834de3d6</sln:miejscIIPId><sln:miejscIIPPn>PL.PZGIK.200</sln:miejscIIPPn><sln:miejscIIPWersja>2016-11-24T08:41:18+02:00</sln:miejscIIPWersja><sln:miejscIdTeryt>0032508</sln:miejscIdTeryt><sln:miejscNazwa>Wysokie</sln:miejscNazwa><sln:miejscRodzaj>Wieś</sln:miejscRodzaj><sln:powIIPId>cfdb1da1-997c-4c78-a92e-b0fe46a4ef65</sln:powIIPId><sln:powIIPPn>PL.PZGIK.200</sln:powIIPPn><sln:powIIPWersja>2017-10-10T00:00:00+02:00</sln:powIIPWersja><sln:powIdTeryt>2011</sln:powIdTeryt><sln:powNazwa>sokólski</sln:powNazwa><sln:waznyOd>2015-05-15T00:00:00+02:00</sln:waznyOd><sln:wojIIPId>53ad7aea-d9d3-40c9-9a5c-ff737d5b076e</sln:wojIIPId><sln:wojIIPPn>PL.PZGIK.200</sln:wojIIPPn><sln:wojIIPWersja>2017-10-10T00:00:00+02:00</sln:wojIIPWersja><sln:wojIdTeryt>20</sln:wojIdTeryt><sln:wojNazwa>podlaskie</sln:wojNazwa></sln:miejscowosc><sln:miejscowosc><sln:cyklZyciaDo>2017-04-12T00:00:00+02:00</sln:cyklZyciaDo><sln:cyklZyciaOd>2015-07-06T00:00:00+02:00</sln:cyklZyciaOd><sln:gmIIPId>af4a9318-4b60-49fc-b64f-cefc4c430038</sln:gmIIPId><sln:gmIIPPn>PL.PZGIK.200</sln:gmIIPPn><sln:gmIIPWersja>2012-09-26T22:17:04+02:00</sln:gmIIPWersja><sln:gmIdTeryt>2011032</sln:gmIdTeryt><sln:gmNazwa>Korycin</sln:gmNazwa><sln:miejscIIPId>b83562b4-cfd7-4470-a5fa-8b2914b700bc</sln:miejscIIPId><sln:miejscIIPPn>PL.PZGIK.200</sln:miejscIIPPn><sln:miejscIIPWersja>2016-11-24T08:41:18+02:00</sln:miejscIIPWersja><sln:miejscIdTeryt>0032514</sln:miejscIdTeryt><sln:miejscNazwa>Zabrodzie</sln:miejscNazwa><sln:miejscRodzaj>Wieś</sln:miejscRodzaj><sln:powIIPId>cfdb1da1-997c-4c78-a92e-b0fe46a4ef65</sln:powIIPId><sln:powIIPPn>PL.PZGIK.200</sln:powIIPPn><sln:powIIPWersja>2017-10-10T00:00:00+02:00</sln:powIIPWersja><sln:powIdTeryt>2011</sln:powIdTeryt><sln:powNazwa>sokólski</sln:powNazwa><sln:waznyOd>2015-05-15T00:00:00+02:00</sln:waznyOd><sln:wojIIPId>53ad7aea-d9d3-40c9-9a5c-ff737d5b076e</sln:wojIIPId><sln:wojIIPPn>PL.PZGIK.200</sln:wojIIPPn><sln:wojIIPWersja>2017-10-10T00:00:00+02:00</sln:wojIIPWersja><sln:wojIdTeryt>20</sln:wojIdTeryt><sln:wojNazwa>podlaskie</sln:wojNazwa></sln:miejscowosc><sln:miejscowosc><sln:cyklZyciaDo>2017-04-12T00:00:00+02:00</sln:cyklZyciaDo><sln:cyklZyciaOd>2015-07-06T00:00:00+02:00</sln:cyklZyciaOd><sln:gmIIPId>af4a9318-4b60-49fc-b64f-cefc4c430038</sln:gmIIPId><sln:gmIIPPn>PL.PZGIK.200</sln:gmIIPPn><sln:gmIIPWersja>2012-09-26T22:17:04+02:00</sln:gmIIPWersja><sln:gmIdTeryt>2011032</sln:gmIdTeryt><sln:gmNazwa>Korycin</sln:gmNazwa><sln:miejscIIPId>82246e2b-987f-4785-ad43-6270c2bf48e2</sln:miejscIIPId><sln:miejscIIPPn>PL.PZGIK.200</sln:miejscIIPPn><sln:miejscIIPWersja>2016-11-24T08:41:18+02:00</sln:miejscIIPWersja><sln:miejscIdTeryt>0032537</sln:miejscIdTeryt><sln:miejscNazwa>Zagórze</sln:miejscNazwa><sln:miejscRodzaj>Wieś</sln:miejscRodzaj><sln:powIIPId>cfdb1da1-997c-4c78-a92e-b0fe46a4ef65</sln:powIIPId><sln:powIIPPn>PL.PZGIK.200</sln:powIIPPn><sln:powIIPWersja>2017-10-10T00:00:00+02:00</sln:powIIPWersja><sln:powIdTeryt>2011</sln:powIdTeryt><sln:powNazwa>sokólski</sln:powNazwa><sln:waznyOd>2015-05-15T00:00:00+02:00</sln:waznyOd><sln:wojIIPId>53ad7aea-d9d3-40c9-9a5c-ff737d5b076e</sln:wojIIPId><sln:wojIIPPn>PL.PZGIK.200</sln:wojIIPPn><sln:wojIIPWersja>2017-10-10T00:00:00+02:00</sln:wojIIPWersja><sln:wojIdTeryt>20</sln:wojIdTeryt><sln:wojNazwa>podlaskie</sln:wojNazwa></sln:miejscowosc><sln:miejscowosc><sln:cyklZyciaDo>2017-04-12T00:00:00+02:00</sln:cyklZyciaDo><sln:cyklZyciaOd>2015-07-06T00:00:00+02:00</sln:cyklZyciaOd><sln:gmIIPId>af4a9318-4b60-49fc-b64f-cefc4c430038</sln:gmIIPId><sln:gmIIPPn>PL.PZGIK.200</sln:gmIIPPn><sln:gmIIPWersja>2012-09-26T22:17:04+02:00</sln:gmIIPWersja><sln:gmIdTeryt>2011032</sln:gmIdTeryt><sln:gmNazwa>Korycin</sln:gmNazwa><sln:miejscIIPId>dc7380b0-a837-4b2a-8c05-87525d1a2e04</sln:miejscIIPId><sln:miejscIIPPn>PL.PZGIK.200</sln:miejscIIPPn><sln:miejscIIPWersja>2016-11-24T08:41:18+02:00</sln:miejscIIPWersja><sln:miejscIdTeryt>0032543</sln:miejscIdTeryt><sln:miejscNazwa>Zakale</sln:miejscNazwa><sln:miejscRodzaj>Wieś</sln:miejscRodzaj><sln:powIIPId>cfdb1da1-997c-4c78-a92e-b0fe46a4ef65</sln:powIIPId><sln:powIIPPn>PL.PZGIK.200</sln:powIIPPn><sln:powIIPWersja>2017-10-10T00:00:00+02:00</sln:powIIPWersja><sln:powIdTeryt>2011</sln:powIdTeryt><sln:powNazwa>sokólski</sln:powNazwa><sln:waznyOd>2015-05-15T00:00:00+02:00</sln:waznyOd><sln:wojIIPId>53ad7aea-d9d3-40c9-9a5c-ff737d5b076e</sln:wojIIPId><sln:wojIIPPn>PL.PZGIK.200</sln:wojIIPPn><sln:wojIIPWersja>2017-10-10T00:00:00+02:00</sln:wojIIPWersja><sln:wojIdTeryt>20</sln:wojIdTeryt><sln:wojNazwa>podlaskie</sln:wojNazwa></sln:miejscowosc><sln:miejscowosc><sln:cyklZyciaOd>2017-04-12T00:00:00+02:00</sln:cyklZyciaOd><sln:gmIIPId>af4a9318-4b60-49fc-b64f-cefc4c430038</sln:gmIIPId><sln:gmIIPPn>PL.PZGIK.200</sln:gmIIPPn><sln:gmIIPWersja>2012-09-26T22:17:04+02:00</sln:gmIIPWersja><sln:gmIdTeryt>2011032</sln:gmIdTeryt><sln:gmNazwa>Korycin</sln:gmNazwa><sln:miejscIIPId>5b50c264-990d-4ae8-9b75-157f996c5546</sln:miejscIIPId><sln:miejscIIPPn>PL.PZGIK.200</sln:miejscIIPPn><sln:miejscIIPWersja>2017-04-12T14:02:31+02:00</sln:miejscIIPWersja><sln:miejscIdTeryt>0032170</sln:miejscIdTeryt><sln:miejscNazwa>Aulakowszczyzna</sln:miejscNazwa><sln:miejscRodzaj>Wieś</sln:miejscRodzaj><sln:powIIPId>cfdb1da1-997c-4c78-a92e-b0fe46a4ef65</sln:powIIPId><sln:powIIPPn>PL.PZGIK.200</sln:powIIPPn><sln:powIIPWersja>2017-10-10T00:00:00+02:00</sln:powIIPWersja><sln:powIdTeryt>2011</sln:powIdTeryt><sln:powNazwa>sokólski</sln:powNazwa><sln:waznyOd>2015-05-15T00:00:00+02:00</sln:waznyOd><sln:wojIIPId>53ad7aea-d9d3-40c9-9a5c-ff737d5b076e</sln:wojIIPId><sln:wojIIPPn>PL.PZGIK.200</sln:wojIIPPn><sln:wojIIPWersja>2017-10-10T00:00:00+02:00</sln:wojIIPWersja><sln:wojIdTeryt>20</sln:wojIdTeryt><sln:wojNazwa>podlaskie</sln:wojNazwa></sln:miejscowosc><sln:miejscowosc><sln:cyklZyciaOd>2017-04-12T00:00:00+02:00</sln:cyklZyciaOd><sln:gmIIPId>af4a9318-4b60-49fc-b64f-cefc4c430038</sln:gmIIPId><sln:gmIIPPn>PL.PZGIK.200</sln:gmIIPPn><sln:gmIIPWersja>2012-09-26T22:17:04+02:00</sln:gmIIPWersja><sln:gmIdTeryt>2011032</sln:gmIdTeryt><sln:gmNazwa>Korycin</sln:gmNazwa><sln:miejscIIPId>8542ca23-319c-4bc9-ac5d-1631a753d916</sln:miejscIIPId><sln:miejscIIPPn>PL.PZGIK.200</sln:miejscIIPPn><sln:miejscIIPWersja>2017-04-12T14:02:37+02:00</sln:miejscIIPWersja><sln:miejscIdTeryt>0032187</sln:miejscIdTeryt><sln:miejscNazwa>Białystoczek</sln:miejscNazwa><sln:miejscRodzaj>Wieś</sln:miejscRodzaj><sln:powIIPId>cfdb1da1-997c-4c78-a92e-b0fe46a4ef65</sln:powIIPId><sln:powIIPPn>PL.PZGIK.200</sln:powIIPPn><sln:powIIPWersja>2017-10-10T00:00:00+02:00</sln:powIIPWersja><sln:powIdTeryt>2011</sln:powIdTeryt><sln:powNazwa>sokólski</sln:powNazwa><sln:waznyOd>2015-05-15T00:00:00+02:00</sln:waznyOd><sln:wojIIPId>53ad7aea-d9d3-40c9-9a5c-ff737d5b076e</sln:wojIIPId><sln:wojIIPPn>PL.PZGIK.200</sln:wojIIPPn><sln:wojIIPWersja>2017-10-10T00:00:00+02:00</sln:wojIIPWersja><sln:wojIdTeryt>20</sln:wojIdTeryt><sln:wojNazwa>podlaskie</sln:wojNazwa></sln:miejscowosc><sln:miejscowosc><sln:cyklZyciaOd>2017-04-12T00:00:00+02:00</sln:cyklZyciaOd><sln:gmIIPId>af4a9318-4b60-49fc-b64f-cefc4c430038</sln:gmIIPId><sln:gmIIPPn>PL.PZGIK.200</sln:gmIIPPn><sln:gmIIPWersja>2012-09-26T22:17:04+02:00</sln:gmIIPWersja><sln:gmIdTeryt>2011032</sln:gmIdTeryt><sln:gmNazwa>Korycin</sln:gmNazwa><sln:miejscIIPId>43d4e366-bacc-4b58-a164-233e2e6909e3</sln:miejscIIPId><sln:miejscIIPPn>PL.PZGIK.200</sln:miejscIIPPn><sln:miejscIIPWersja>2017-04-12T14:02:38+02:00</sln:miejscIIPWersja><sln:miejscIdTeryt>0032201</sln:miejscIdTeryt><sln:miejscNazwa>Bombla</sln:miejscNazwa><sln:miejscRodzaj>Wieś</sln:miejscRodzaj><sln:powIIPId>cfdb1da1-997c-4c78-a92e-b0fe46a4ef65</sln:powIIPId><sln:powIIPPn>PL.PZGIK.200</sln:powIIPPn><sln:powIIPWersja>2017-10-10T00:00:00+02:00</sln:powIIPWersja><sln:powIdTeryt>2011</sln:powIdTeryt><sln:powNazwa>sokólski</sln:powNazwa><sln:waznyOd>2015-05-15T00:00:00+02:00</sln:waznyOd><sln:wojIIPId>53ad7aea-d9d3-40c9-9a5c-ff737d5b076e</sln:wojIIPId><sln:wojIIPPn>PL.PZGIK.200</sln:wojIIPPn><sln:wojIIPWersja>2017-10-10T00:00:00+02:00</sln:wojIIPWersja><sln:wojIdTeryt>20</sln:wojIdTeryt><sln:wojNazwa>podlaskie</sln:wojNazwa></sln:miejscowosc><sln:miejscowosc><sln:cyklZyciaOd>2017-04-12T00:00:00+02:00</sln:cyklZyciaOd><sln:gmIIPId>af4a9318-4b60-49fc-b64f-cefc4c430038</sln:gmIIPId><sln:gmIIPPn>PL.PZGIK.200</sln:gmIIPPn><sln:gmIIPWersja>2012-09-26T22:17:04+02:00</sln:gmIIPWersja><sln:gmIdTeryt>2011032</sln:gmIdTeryt><sln:gmNazwa>Korycin</sln:gmNazwa><sln:miejscIIPId>1d3c0d19-56fc-4b9c-801d-09494ea26939</sln:miejscIIPId><sln:miejscIIPPn>PL.PZGIK.200</sln:miejscIIPPn><sln:miejscIIPWersja>2017-04-12T14:02:38+02:00</sln:miejscIIPWersja><sln:miejscIdTeryt>0032218</sln:miejscIdTeryt><sln:miejscNazwa>Brody</sln:miejscNazwa><sln:miejscRodzaj>Wieś</sln:miejscRodzaj><sln:powIIPId>cfdb1da1-997c-4c78-a92e-b0fe46a4ef65</sln:powIIPId><sln:powIIPPn>PL.PZGIK.200</sln:powIIPPn><sln:powIIPWersja>2017-10-10T00:00:00+02:00</sln:powIIPWersja><sln:powIdTeryt>2011</sln:powIdTeryt><sln:powNazwa>sokólski</sln:powNazwa><sln:waznyOd>2015-05-15T00:00:00+02:00</sln:waznyOd><sln:wojIIPId>53ad7aea-d9d3-40c9-9a5c-ff737d5b076e</sln:wojIIPId><sln:wojIIPPn>PL.PZGIK.200</sln:wojIIPPn><sln:wojIIPWersja>2017-10-10T00:00:00+02:00</sln:wojIIPWersja><sln:wojIdTeryt>20</sln:wojIdTeryt><sln:wojNazwa>podlaskie</sln:wojNazwa></sln:miejscowosc><sln:miejscowosc><sln:cyklZyciaOd>2017-04-12T00:00:00+02:00</sln:cyklZyciaOd><sln:gmIIPId>af4a9318-4b60-49fc-b64f-cefc4c430038</sln:gmIIPId><sln:gmIIPPn>PL.PZGIK.200</sln:gmIIPPn><sln:gmIIPWersja>2012-09-26T22:17:04+02:00</sln:gmIIPWersja><sln:gmIdTeryt>2011032</sln:gmIdTeryt><sln:gmNazwa>Korycin</sln:gmNazwa><sln:miejscIIPId>025489c4-4377-48f6-8a34-94ec3c51472d</sln:miejscIIPId><sln:miejscIIPPn>PL.PZGIK.200</sln:miejscIIPPn><sln:miejscIIPWersja>2017-04-12T14:02:38+02:00</sln:miejscIIPWersja><sln:miejscIdTeryt>0032224</sln:miejscIdTeryt><sln:miejscNazwa>Długi Ług</sln:miejscNazwa><sln:miejscRodzaj>Wieś</sln:miejscRodzaj><sln:powIIPId>cfdb1da1-997c-4c78-a92e-b0fe46a4ef65</sln:powIIPId><sln:powIIPPn>PL.PZGIK.200</sln:powIIPPn><sln:powIIPWersja>2017-10-10T00:00:00+02:00</sln:powIIPWersja><sln:powIdTeryt>2011</sln:powIdTeryt><sln:powNazwa>sokólski</sln:powNazwa><sln:waznyOd>2015-05-15T00:00:00+02:00</sln:waznyOd><sln:wojIIPId>53ad7aea-d9d3-40c9-9a5c-ff737d5b076e</sln:wojIIPId><sln:wojIIPPn>PL.PZGIK.200</sln:wojIIPPn><sln:wojIIPWersja>2017-10-10T00:00:00+02:00</sln:wojIIPWersja><sln:wojIdTeryt>20</sln:wojIdTeryt><sln:wojNazwa>podlaskie</sln:wojNazwa></sln:miejscowosc><sln:miejscowosc><sln:cyklZyciaOd>2017-04-12T00:00:00+02:00</sln:cyklZyciaOd><sln:gmIIPId>af4a9318-4b60-49fc-b64f-cefc4c430038</sln:gmIIPId><sln:gmIIPPn>PL.PZGIK.200</sln:gmIIPPn><sln:gmIIPWersja>2012-09-26T22:17:04+02:00</sln:gmIIPWersja><sln:gmIdTeryt>2011032</sln:gmIdTeryt><sln:gmNazwa>Korycin</sln:gmNazwa><sln:miejscIIPId>489da985-3d3f-4d46-8904-aaa0e75db497</sln:miejscIIPId><sln:miejscIIPPn>PL.PZGIK.200</sln:miejscIIPPn><sln:miejscIIPWersja>2017-04-12T14:02:38+02:00</sln:miejscIIPWersja><sln:miejscIdTeryt>0032230</sln:miejscIdTeryt><sln:miejscNazwa>Dzięciołówka</sln:miejscNazwa><sln:miejscRodzaj>Wieś</sln:miejscRodzaj><sln:powIIPId>cfdb1da1-997c-4c78-a92e-b0fe46a4ef65</sln:powIIPId><sln:powIIPPn>PL.PZGIK.200</sln:powIIPPn><sln:powIIPWersja>2017-10-10T00:00:00+02:00</sln:powIIPWersja><sln:powIdTeryt>2011</sln:powIdTeryt><sln:powNazwa>sokólski</sln:powNazwa><sln:waznyOd>2015-05-15T00:00:00+02:00</sln:waznyOd><sln:wojIIPId>53ad7aea-d9d3-40c9-9a5c-ff737d5b076e</sln:wojIIPId><sln:wojIIPPn>PL.PZGIK.200</sln:wojIIPPn><sln:wojIIPWersja>2017-10-10T00:00:00+02:00</sln:wojIIPWersja><sln:wojIdTeryt>20</sln:wojIdTeryt><sln:wojNazwa>podlaskie</sln:wojNazwa></sln:miejscowosc><sln:miejscowosc><sln:cyklZyciaOd>2017-04-12T00:00:00+02:00</sln:cyklZyciaOd><sln:gmIIPId>af4a9318-4b60-49fc-b64f-cefc4c430038</sln:gmIIPId><sln:gmIIPPn>PL.PZGIK.200</sln:gmIIPPn><sln:gmIIPWersja>2012-09-26T22:17:04+02:00</sln:gmIIPWersja><sln:gmIdTeryt>2011032</sln:gmIdTeryt><sln:gmNazwa>Korycin</sln:gmNazwa><sln:miejscIIPId>13a71881-cafe-488f-8e05-cc955bb5d37d</sln:miejscIIPId><sln:miejscIIPPn>PL.PZGIK.200</sln:miejscIIPPn><sln:miejscIIPWersja>2017-04-12T14:02:38+02:00</sln:miejscIIPWersja><sln:miejscIdTeryt>0032247</sln:miejscIdTeryt><sln:miejscNazwa>Gorszczyzna</sln:miejscNazwa><sln:miejscRodzaj>Wieś</sln:miejscRodzaj><sln:powIIPId>cfdb1da1-997c-4c78-a92e-b0fe46a4ef65</sln:powIIPId><sln:powIIPPn>PL.PZGIK.200</sln:powIIPPn><sln:powIIPWersja>2017-10-10T00:00:00+02:00</sln:powIIPWersja><sln:powIdTeryt>2011</sln:powIdTeryt><sln:powNazwa>sokólski</sln:powNazwa><sln:waznyOd>2015-05-15T00:00:00+02:00</sln:waznyOd><sln:wojIIPId>53ad7aea-d9d3-40c9-9a5c-ff737d5b076e</sln:wojIIPId><sln:wojIIPPn>PL.PZGIK.200</sln:wojIIPPn><sln:wojIIPWersja>2017-10-10T00:00:00+02:00</sln:wojIIPWersja><sln:wojIdTeryt>20</sln:wojIdTeryt><sln:wojNazwa>podlaskie</sln:wojNazwa></sln:miejscowosc><sln:miejscowosc><sln:cyklZyciaOd>2017-04-12T00:00:00+02:00</sln:cyklZyciaOd><sln:gmIIPId>af4a9318-4b60-49fc-b64f-cefc4c430038</sln:gmIIPId><sln:gmIIPPn>PL.PZGIK.200</sln:gmIIPPn><sln:gmIIPWersja>2012-09-26T22:17:04+02:00</sln:gmIIPWersja><sln:gmIdTeryt>2011032</sln:gmIdTeryt><sln:gmNazwa>Korycin</sln:gmNazwa><sln:miejscIIPId>0056ed48-e18f-4c5b-a11d-b604c647416d</sln:miejscIIPId><sln:miejscIIPPn>PL.PZGIK.200</sln:miejscIIPPn><sln:miejscIIPWersja>2017-04-12T14:02:38+02:00</sln:miejscIIPWersja><sln:miejscIdTeryt>0032253</sln:miejscIdTeryt><sln:miejscNazwa>Korycin</sln:miejscNazwa><sln:miejscRodzaj>Osada</sln:miejscRodzaj><sln:powIIPId>cfdb1da1-997c-4c78-a92e-b0fe46a4ef65</sln:powIIPId><sln:powIIPPn>PL.PZGIK.200</sln:powIIPPn><sln:powIIPWersja>2017-10-10T00:00:00+02:00</sln:powIIPWersja><sln:powIdTeryt>2011</sln:powIdTeryt><sln:powNazwa>sokólski</sln:powNazwa><sln:waznyOd>2015-05-15T00:00:00+02:00</sln:waznyOd><sln:wojIIPId>53ad7aea-d9d3-40c9-9a5c-ff737d5b076e</sln:wojIIPId><sln:wojIIPPn>PL.PZGIK.200</sln:wojIIPPn><sln:wojIIPWersja>2017-10-10T00:00:00+02:00</sln:wojIIPWersja><sln:wojIdTeryt>20</sln:wojIdTeryt><sln:wojNazwa>podlaskie</sln:wojNazwa></sln:miejscowosc><sln:miejscowosc><sln:cyklZyciaOd>2017-04-12T00:00:00+02:00</sln:cyklZyciaOd><sln:gmIIPId>af4a9318-4b60-49fc-b64f-cefc4c430038</sln:gmIIPId><sln:gmIIPPn>PL.PZGIK.200</sln:gmIIPPn><sln:gmIIPWersja>2012-09-26T22:17:04+02:00</sln:gmIIPWersja><sln:gmIdTeryt>2011032</sln:gmIdTeryt><sln:gmNazwa>Korycin</sln:gmNazwa><sln:miejscIIPId>26d88697-a46b-49c1-9898-d4d721cce912</sln:miejscIIPId><sln:miejscIIPPn>PL.PZGIK.200</sln:miejscIIPPn><sln:miejscIIPWersja>2017-04-12T14:02:38+02:00</sln:miejscIIPWersja><sln:miejscIdTeryt>0032260</sln:miejscIdTeryt><sln:miejscNazwa>Krukowszczyzna</sln:miejscNazwa><sln:miejscRodzaj>Wieś</sln:miejscRodzaj><sln:powIIPId>cfdb1da1-997c-4c78-a92e-b0fe46a4ef65</sln:powIIPId><sln:powIIPPn>PL.PZGIK.200</sln:powIIPPn><sln:powIIPWersja>2017-10-10T00:00:00+02:00</sln:powIIPWersja><sln:powIdTeryt>2011</sln:powIdTeryt><sln:powNazwa>sokólski</sln:powNazwa><sln:waznyOd>2015-05-15T00:00:00+02:00</sln:waznyOd><sln:wojIIPId>53ad7aea-d9d3-40c9-9a5c-ff737d5b076e</sln:wojIIPId><sln:wojIIPPn>PL.PZGIK.200</sln:wojIIPPn><sln:wojIIPWersja>2017-10-10T00:00:00+02:00</sln:wojIIPWersja><sln:wojIdTeryt>20</sln:wojIdTeryt><sln:wojNazwa>podlaskie</sln:wojNazwa></sln:miejscowosc><sln:miejscowosc><sln:cyklZyciaOd>2017-04-12T00:00:00+02:00</sln:cyklZyciaOd><sln:gmIIPId>af4a9318-4b60-49fc-b64f-cefc4c430038</sln:gmIIPId><sln:gmIIPPn>PL.PZGIK.200</sln:gmIIPPn><sln:gmIIPWersja>2012-09-26T22:17:04+02:00</sln:gmIIPWersja><sln:gmIdTeryt>2011032</sln:gmIdTeryt><sln:gmNazwa>Korycin</sln:gmNazwa><sln:miejscIIPId>65266ad4-ff44-4ab3-b2ee-59dda7122fd9</sln:miejscIIPId><sln:miejscIIPPn>PL.PZGIK.200</sln:miejscIIPPn><sln:miejscIIPWersja>2017-04-12T14:02:38+02:00</sln:miejscIIPWersja><sln:miejscIdTeryt>0032276</sln:miejscIdTeryt><sln:miejscNazwa>Kumiała</sln:miejscNazwa><sln:miejscRodzaj>Wieś</sln:miejscRodzaj><sln:powIIPId>cfdb1da1-997c-4c78-a92e-b0fe46a4ef65</sln:powIIPId><sln:powIIPPn>PL.PZGIK.200</sln:powIIPPn><sln:powIIPWersja>2017-10-10T00:00:00+02:00</sln:powIIPWersja><sln:powIdTeryt>2011</sln:powIdTeryt><sln:powNazwa>sokólski</sln:powNazwa><sln:waznyOd>2015-05-15T00:00:00+02:00</sln:waznyOd><sln:wojIIPId>53ad7aea-d9d3-40c9-9a5c-ff737d5b076e</sln:wojIIPId><sln:wojIIPPn>PL.PZGIK.200</sln:wojIIPPn><sln:wojIIPWersja>2017-10-10T00:00:00+02:00</sln:wojIIPWersja><sln:wojIdTeryt>20</sln:wojIdTeryt><sln:wojNazwa>podlaskie</sln:wojNazwa></sln:miejscowosc><sln:miejscowosc><sln:cyklZyciaOd>2017-04-12T00:00:00+02:00</sln:cyklZyciaOd><sln:gmIIPId>af4a9318-4b60-49fc-b64f-cefc4c430038</sln:gmIIPId><sln:gmIIPPn>PL.PZGIK.200</sln:gmIIPPn><sln:gmIIPWersja>2012-09-26T22:17:04+02:00</sln:gmIIPWersja><sln:gmIdTeryt>2011032</sln:gmIdTeryt><sln:gmNazwa>Korycin</sln:gmNazwa><sln:miejscIIPId>13e47090-fe77-4bc7-8a2e-9ba9fa37f518</sln:miejscIIPId><sln:miejscIIPPn>PL.PZGIK.200</sln:miejscIIPPn><sln:miejscIIPWersja>2017-04-12T14:02:38+02:00</sln:miejscIIPWersja><sln:miejscIdTeryt>0032282</sln:miejscIdTeryt><sln:miejscNazwa>Laskowszczyzna</sln:miejscNazwa><sln:miejscRodzaj>Wieś</sln:miejscRodzaj><sln:powIIPId>cfdb1da1-997c-4c78-a92e-b0fe46a4ef65</sln:powIIPId><sln:powIIPPn>PL.PZGIK.200</sln:powIIPPn><sln:powIIPWersja>2017-10-10T00:00:00+02:00</sln:powIIPWersja><sln:powIdTeryt>2011</sln:powIdTeryt><sln:powNazwa>sokólski</sln:powNazwa><sln:waznyOd>2015-05-15T00:00:00+02:00</sln:waznyOd><sln:wojIIPId>53ad7aea-d9d3-40c9-9a5c-ff737d5b076e</sln:wojIIPId><sln:wojIIPPn>PL.PZGIK.200</sln:wojIIPPn><sln:wojIIPWersja>2017-10-10T00:00:00+02:00</sln:wojIIPWersja><sln:wojIdTeryt>20</sln:wojIdTeryt><sln:wojNazwa>podlaskie</sln:wojNazwa></sln:miejscowosc><sln:miejscowosc><sln:cyklZyciaOd>2017-04-12T00:00:00+02:00</sln:cyklZyciaOd><sln:gmIIPId>af4a9318-4b60-49fc-b64f-cefc4c430038</sln:gmIIPId><sln:gmIIPPn>PL.PZGIK.200</sln:gmIIPPn><sln:gmIIPWersja>2012-09-26T22:17:04+02:00</sln:gmIIPWersja><sln:gmIdTeryt>2011032</sln:gmIdTeryt><sln:gmNazwa>Korycin</sln:gmNazwa><sln:miejscIIPId>302c1ccd-277c-4906-aa59-fd74f5eade6c</sln:miejscIIPId><sln:miejscIIPPn>PL.PZGIK.200</sln:miejscIIPPn><sln:miejscIIPWersja>2017-04-12T14:02:38+02:00</sln:miejscIIPWersja><sln:miejscIdTeryt>0032299</sln:miejscIdTeryt><sln:miejscNazwa>Łomy</sln:miejscNazwa><sln:miejscRodzaj>Wieś</sln:miejscRodzaj><sln:powIIPId>cfdb1da1-997c-4c78-a92e-b0fe46a4ef65</sln:powIIPId><sln:powIIPPn>PL.PZGIK.200</sln:powIIPPn><sln:powIIPWersja>2017-10-10T00:00:00+02:00</sln:powIIPWersja><sln:powIdTeryt>2011</sln:powIdTeryt><sln:powNazwa>sokólski</sln:powNazwa><sln:waznyOd>2015-05-15T00:00:00+02:00</sln:waznyOd><sln:wojIIPId>53ad7aea-d9d3-40c9-9a5c-ff737d5b076e</sln:wojIIPId><sln:wojIIPPn>PL.PZGIK.200</sln:wojIIPPn><sln:wojIIPWersja>2017-10-10T00:00:00+02:00</sln:wojIIPWersja><sln:wojIdTeryt>20</sln:wojIdTeryt><sln:wojNazwa>podlaskie</sln:wojNazwa></sln:miejscowosc><sln:miejscowosc><sln:cyklZyciaOd>2017-04-12T00:00:00+02:00</sln:cyklZyciaOd><sln:gmIIPId>af4a9318-4b60-49fc-b64f-cefc4c430038</sln:gmIIPId><sln:gmIIPPn>PL.PZGIK.200</sln:gmIIPPn><sln:gmIIPWersja>2012-09-26T22:17:04+02:00</sln:gmIIPWersja><sln:gmIdTeryt>2011032</sln:gmIdTeryt><sln:gmNazwa>Korycin</sln:gmNazwa><sln:miejscIIPId>3ba929fa-2d39-4e29-9b58-67fab285784e</sln:miejscIIPId><sln:miejscIIPPn>PL.PZGIK.200</sln:miejscIIPPn><sln:miejscIIPWersja>2017-04-12T14:02:38+02:00</sln:miejscIIPWersja><sln:miejscIdTeryt>0032313</sln:miejscIdTeryt><sln:miejscNazwa>Łosiniec</sln:miejscNazwa><sln:miejscRodzaj>Wieś</sln:miejscRodzaj><sln:powIIPId>cfdb1da1-997c-4c78-a92e-b0fe46a4ef65</sln:powIIPId><sln:powIIPPn>PL.PZGIK.200</sln:powIIPPn><sln:powIIPWersja>2017-10-10T00:00:00+02:00</sln:powIIPWersja><sln:powIdTeryt>2011</sln:powIdTeryt><sln:powNazwa>sokólski</sln:powNazwa><sln:waznyOd>2015-05-15T00:00:00+02:00</sln:waznyOd><sln:wojIIPId>53ad7aea-d9d3-40c9-9a5c-ff737d5b076e</sln:wojIIPId><sln:wojIIPPn>PL.PZGIK.200</sln:wojIIPPn><sln:wojIIPWersja>2017-10-10T00:00:00+02:00</sln:wojIIPWersja><sln:wojIdTeryt>20</sln:wojIdTeryt><sln:wojNazwa>podlaskie</sln:wojNazwa></sln:miejscowosc><sln:miejscowosc><sln:cyklZyciaOd>2017-04-12T00:00:00+02:00</sln:cyklZyciaOd><sln:gmIIPId>af4a9318-4b60-49fc-b64f-cefc4c430038</sln:gmIIPId><sln:gmIIPPn>PL.PZGIK.200</sln:gmIIPPn><sln:gmIIPWersja>2012-09-26T22:17:04+02:00</sln:gmIIPWersja><sln:gmIdTeryt>2011032</sln:gmIdTeryt><sln:gmNazwa>Korycin</sln:gmNazwa><sln:miejscIIPId>b0259f76-d714-4721-8059-1e0a207927d4</sln:miejscIIPId><sln:miejscIIPPn>PL.PZGIK.200</sln:miejscIIPPn><sln:miejscIIPWersja>2017-04-12T14:02:38+02:00</sln:miejscIIPWersja><sln:miejscIdTeryt>0032320</sln:miejscIdTeryt><sln:miejscNazwa>Mielniki</sln:miejscNazwa><sln:miejscRodzaj>Wieś</sln:miejscRodzaj><sln:powIIPId>cfdb1da1-997c-4c78-a92e-b0fe46a4ef65</sln:powIIPId><sln:powIIPPn>PL.PZGIK.200</sln:powIIPPn><sln:powIIPWersja>2017-10-10T00:00:00+02:00</sln:powIIPWersja><sln:powIdTeryt>2011</sln:powIdTeryt><sln:powNazwa>sokólski</sln:powNazwa><sln:waznyOd>2015-05-15T00:00:00+02:00</sln:waznyOd><sln:wojIIPId>53ad7aea-d9d3-40c9-9a5c-ff737d5b076e</sln:wojIIPId><sln:wojIIPPn>PL.PZGIK.200</sln:wojIIPPn><sln:wojIIPWersja>2017-10-10T00:00:00+02:00</sln:wojIIPWersja><sln:wojIdTeryt>20</sln:wojIdTeryt><sln:wojNazwa>podlaskie</sln:wojNazwa></sln:miejscowosc><sln:miejscowosc><sln:cyklZyciaOd>2017-04-12T00:00:00+02:00</sln:cyklZyciaOd><sln:gmIIPId>af4a9318-4b60-49fc-b64f-cefc4c430038</sln:gmIIPId><sln:gmIIPPn>PL.PZGIK.200</sln:gmIIPPn><sln:gmIIPWersja>2012-09-26T22:17:04+02:00</sln:gmIIPWersja><sln:gmIdTeryt>2011032</sln:gmIdTeryt><sln:gmNazwa>Korycin</sln:gmNazwa><sln:miejscIIPId>a3d908b6-1462-4f33-888b-330b69363286</sln:miejscIIPId><sln:miejscIIPPn>PL.PZGIK.200</sln:miejscIIPPn><sln:miejscIIPWersja>2017-04-12T14:02:38+02:00</sln:miejscIIPWersja><sln:miejscIdTeryt>0032342</sln:miejscIdTeryt><sln:miejscNazwa>Nowinka</sln:miejscNazwa><sln:miejscRodzaj>Wieś</sln:miejscRodzaj><sln:powIIPId>cfdb1da1-997c-4c78-a92e-b0fe46a4ef65</sln:powIIPId><sln:powIIPPn>PL.PZGIK.200</sln:powIIPPn><sln:powIIPWersja>2017-10-10T00:00:00+02:00</sln:powIIPWersja><sln:powIdTeryt>2011</sln:powIdTeryt><sln:powNazwa>sokólski</sln:powNazwa><sln:waznyOd>2015-05-15T00:00:00+02:00</sln:waznyOd><sln:wojIIPId>53ad7aea-d9d3-40c9-9a5c-ff737d5b076e</sln:wojIIPId><sln:wojIIPPn>PL.PZGIK.200</sln:wojIIPPn><sln:wojIIPWersja>2017-10-10T00:00:00+02:00</sln:wojIIPWersja><sln:wojIdTeryt>20</sln:wojIdTeryt><sln:wojNazwa>podlaskie</sln:wojNazwa></sln:miejscowosc><sln:miejscowosc><sln:cyklZyciaOd>2017-04-12T00:00:00+02:00</sln:cyklZyciaOd><sln:gmIIPId>af4a9318-4b60-49fc-b64f-cefc4c430038</sln:gmIIPId><sln:gmIIPPn>PL.PZGIK.200</sln:gmIIPPn><sln:gmIIPWersja>2012-09-26T22:17:04+02:00</sln:gmIIPWersja><sln:gmIdTeryt>2011032</sln:gmIdTeryt><sln:gmNazwa>Korycin</sln:gmNazwa><sln:miejscIIPId>b260585f-9f1b-4034-ab37-552d96ea4e35</sln:miejscIIPId><sln:miejscIIPPn>PL.PZGIK.200</sln:miejscIIPPn><sln:miejscIIPWersja>2017-04-12T14:02:38+02:00</sln:miejscIIPWersja><sln:miejscIdTeryt>0032359</sln:miejscIdTeryt><sln:miejscNazwa>Olszynka</sln:miejscNazwa><sln:miejscRodzaj>Wieś</sln:miejscRodzaj><sln:powIIPId>cfdb1da1-997c-4c78-a92e-b0fe46a4ef65</sln:powIIPId><sln:powIIPPn>PL.PZGIK.200</sln:powIIPPn><sln:powIIPWersja>2017-10-10T00:00:00+02:00</sln:powIIPWersja><sln:powIdTeryt>2011</sln:powIdTeryt><sln:powNazwa>sokólski</sln:powNazwa><sln:waznyOd>2015-05-15T00:00:00+02:00</sln:waznyOd><sln:wojIIPId>53ad7aea-d9d3-40c9-9a5c-ff737d5b076e</sln:wojIIPId><sln:wojIIPPn>PL.PZGIK.200</sln:wojIIPPn><sln:wojIIPWersja>2017-10-10T00:00:00+02:00</sln:wojIIPWersja><sln:wojIdTeryt>20</sln:wojIdTeryt><sln:wojNazwa>podlaskie</sln:wojNazwa></sln:miejscowosc><sln:miejscowosc><sln:cyklZyciaOd>2017-04-12T00:00:00+02:00</sln:cyklZyciaOd><sln:gmIIPId>af4a9318-4b60-49fc-b64f-cefc4c430038</sln:gmIIPId><sln:gmIIPPn>PL.PZGIK.200</sln:gmIIPPn><sln:gmIIPWersja>2012-09-26T22:17:04+02:00</sln:gmIIPWersja><sln:gmIdTeryt>2011032</sln:gmIdTeryt><sln:gmNazwa>Korycin</sln:gmNazwa><sln:miejscIIPId>1a047f1c-bd20-495b-bb54-4326f7390702</sln:miejscIIPId><sln:miejscIIPPn>PL.PZGIK.200</sln:miejscIIPPn><sln:miejscIIPWersja>2017-04-12T14:02:38+02:00</sln:miejscIIPWersja><sln:miejscIdTeryt>0032365</sln:miejscIdTeryt><sln:miejscNazwa>Ostra Góra</sln:miejscNazwa><sln:miejscRodzaj>Wieś</sln:miejscRodzaj><sln:powIIPId>cfdb1da1-997c-4c78-a92e-b0fe46a4ef65</sln:powIIPId><sln:powIIPPn>PL.PZGIK.200</sln:powIIPPn><sln:powIIPWersja>2017-10-10T00:00:00+02:00</sln:powIIPWersja><sln:powIdTeryt>2011</sln:powIdTeryt><sln:powNazwa>sokólski</sln:powNazwa><sln:waznyOd>2015-05-15T00:00:00+02:00</sln:waznyOd><sln:wojIIPId>53ad7aea-d9d3-40c9-9a5c-ff737d5b076e</sln:wojIIPId><sln:wojIIPPn>PL.PZGIK.200</sln:wojIIPPn><sln:wojIIPWersja>2017-10-10T00:00:00+02:00</sln:wojIIPWersja><sln:wojIdTeryt>20</sln:wojIdTeryt><sln:wojNazwa>podlaskie</sln:wojNazwa></sln:miejscowosc><sln:miejscowosc><sln:cyklZyciaOd>2017-04-12T00:00:00+02:00</sln:cyklZyciaOd><sln:gmIIPId>af4a9318-4b60-49fc-b64f-cefc4c430038</sln:gmIIPId><sln:gmIIPPn>PL.PZGIK.200</sln:gmIIPPn><sln:gmIIPWersja>2012-09-26T22:17:04+02:00</sln:gmIIPWersja><sln:gmIdTeryt>2011032</sln:gmIdTeryt><sln:gmNazwa>Korycin</sln:gmNazwa><sln:miejscIIPId>b96f2229-00b8-4951-b667-a92e0a60df29</sln:miejscIIPId><sln:miejscIIPPn>PL.PZGIK.200</sln:miejscIIPPn><sln:miejscIIPWersja>2017-04-12T14:02:38+02:00</sln:miejscIIPWersja><sln:miejscIdTeryt>0032371</sln:miejscIdTeryt><sln:miejscNazwa>Popiołówka</sln:miejscNazwa><sln:miejscRodzaj>Wieś</sln:miejscRodzaj><sln:powIIPId>cfdb1da1-997c-4c78-a92e-b0fe46a4ef65</sln:powIIPId><sln:powIIPPn>PL.PZGIK.200</sln:powIIPPn><sln:powIIPWersja>2017-10-10T00:00:00+02:00</sln:powIIPWersja><sln:powIdTeryt>2011</sln:powIdTeryt><sln:powNazwa>sokólski</sln:powNazwa><sln:waznyOd>2015-05-15T00:00:00+02:00</sln:waznyOd><sln:wojIIPId>53ad7aea-d9d3-40c9-9a5c-ff737d5b076e</sln:wojIIPId><sln:wojIIPPn>PL.PZGIK.200</sln:wojIIPPn><sln:wojIIPWersja>2017-10-10T00:00:00+02:00</sln:wojIIPWersja><sln:wojIdTeryt>20</sln:wojIdTeryt><sln:wojNazwa>podlaskie</sln:wojNazwa></sln:miejscowosc><sln:miejscowosc><sln:cyklZyciaOd>2017-04-12T00:00:00+02:00</sln:cyklZyciaOd><sln:gmIIPId>af4a9318-4b60-49fc-b64f-cefc4c430038</sln:gmIIPId><sln:gmIIPPn>PL.PZGIK.200</sln:gmIIPPn><sln:gmIIPWersja>2012-09-26T22:17:04+02:00</sln:gmIIPWersja><sln:gmIdTeryt>2011032</sln:gmIdTeryt><sln:gmNazwa>Korycin</sln:gmNazwa><sln:miejscIIPId>04165bc2-0275-436a-969f-997c127e87dc</sln:miejscIIPId><sln:miejscIIPPn>PL.PZGIK.200</sln:miejscIIPPn><sln:miejscIIPWersja>2017-04-12T14:02:39+02:00</sln:miejscIIPWersja><sln:miejscIdTeryt>0032388</sln:miejscIdTeryt><sln:miejscNazwa>Przesławka</sln:miejscNazwa><sln:miejscRodzaj>Wieś</sln:miejscRodzaj><sln:powIIPId>cfdb1da1-997c-4c78-a92e-b0fe46a4ef65</sln:powIIPId><sln:powIIPPn>PL.PZGIK.200</sln:powIIPPn><sln:powIIPWersja>2017-10-10T00:00:00+02:00</sln:powIIPWersja><sln:powIdTeryt>2011</sln:powIdTeryt><sln:powNazwa>sokólski</sln:powNazwa><sln:waznyOd>2015-05-15T00:00:00+02:00</sln:waznyOd><sln:wojIIPId>53ad7aea-d9d3-40c9-9a5c-ff737d5b076e</sln:wojIIPId><sln:wojIIPPn>PL.PZGIK.200</sln:wojIIPPn><sln:wojIIPWersja>2017-10-10T00:00:00+02:00</sln:wojIIPWersja><sln:wojIdTeryt>20</sln:wojIdTeryt><sln:wojNazwa>podlaskie</sln:wojNazwa></sln:miejscowosc><sln:miejscowosc><sln:cyklZyciaOd>2017-04-12T00:00:00+02:00</sln:cyklZyciaOd><sln:gmIIPId>af4a9318-4b60-49fc-b64f-cefc4c430038</sln:gmIIPId><sln:gmIIPPn>PL.PZGIK.200</sln:gmIIPPn><sln:gmIIPWersja>2012-09-26T22:17:04+02:00</sln:gmIIPWersja><sln:gmIdTeryt>2011032</sln:gmIdTeryt><sln:gmNazwa>Korycin</sln:gmNazwa><sln:miejscIIPId>a58e6930-9d82-4a23-82f5-80e8a53a39ee</sln:miejscIIPId><sln:miejscIIPPn>PL.PZGIK.200</sln:miejscIIPPn><sln:miejscIIPWersja>2017-04-12T14:02:39+02:00</sln:miejscIIPWersja><sln:miejscIdTeryt>0032394</sln:miejscIdTeryt><sln:miejscNazwa>Rudka</sln:miejscNazwa><sln:miejscRodzaj>Wieś</sln:miejscRodzaj><sln:powIIPId>cfdb1da1-997c-4c78-a92e-b0fe46a4ef65</sln:powIIPId><sln:powIIPPn>PL.PZGIK.200</sln:powIIPPn><sln:powIIPWersja>2017-10-10T00:00:00+02:00</sln:powIIPWersja><sln:powIdTeryt>2011</sln:powIdTeryt><sln:powNazwa>sokólski</sln:powNazwa><sln:waznyOd>2015-05-15T00:00:00+02:00</sln:waznyOd><sln:wojIIPId>53ad7aea-d9d3-40c9-9a5c-ff737d5b076e</sln:wojIIPId><sln:wojIIPPn>PL.PZGIK.200</sln:wojIIPPn><sln:wojIIPWersja>2017-10-10T00:00:00+02:00</sln:wojIIPWersja><sln:wojIdTeryt>20</sln:wojIdTeryt><sln:wojNazwa>podlaskie</sln:wojNazwa></sln:miejscowosc><sln:miejscowosc><sln:cyklZyciaOd>2017-04-12T00:00:00+02:00</sln:cyklZyciaOd><sln:gmIIPId>af4a9318-4b60-49fc-b64f-cefc4c430038</sln:gmIIPId><sln:gmIIPPn>PL.PZGIK.200</sln:gmIIPPn><sln:gmIIPWersja>2012-09-26T22:17:04+02:00</sln:gmIIPWersja><sln:gmIdTeryt>2011032</sln:gmIdTeryt><sln:gmNazwa>Korycin</sln:gmNazwa><sln:miejscIIPId>5a36b1c7-ef8c-4426-a03c-081811842d60</sln:miejscIIPId><sln:miejscIIPPn>PL.PZGIK.200</sln:miejscIIPPn><sln:miejscIIPWersja>2017-04-12T14:02:39+02:00</sln:miejscIIPWersja><sln:miejscIdTeryt>0032419</sln:miejscIdTeryt><sln:miejscNazwa>Rykaczewo</sln:miejscNazwa><sln:miejscRodzaj>Wieś</sln:miejscRodzaj><sln:powIIPId>cfdb1da1-997c-4c78-a92e-b0fe46a4ef65</sln:powIIPId><sln:powIIPPn>PL.PZGIK.200</sln:powIIPPn><sln:powIIPWersja>2017-10-10T00:00:00+02:00</sln:powIIPWersja><sln:powIdTeryt>2011</sln:powIdTeryt><sln:powNazwa>sokólski</sln:powNazwa><sln:waznyOd>2015-05-15T00:00:00+02:00</sln:waznyOd><sln:wojIIPId>53ad7aea-d9d3-40c9-9a5c-ff737d5b076e</sln:wojIIPId><sln:wojIIPPn>PL.PZGIK.200</sln:wojIIPPn><sln:wojIIPWersja>2017-10-10T00:00:00+02:00</sln:wojIIPWersja><sln:wojIdTeryt>20</sln:wojIdTeryt><sln:wojNazwa>podlaskie</sln:wojNazwa></sln:miejscowosc><sln:miejscowosc><sln:cyklZyciaOd>2017-04-12T00:00:00+02:00</sln:cyklZyciaOd><sln:gmIIPId>af4a9318-4b60-49fc-b64f-cefc4c430038</sln:gmIIPId><sln:gmIIPPn>PL.PZGIK.200</sln:gmIIPPn><sln:gmIIPWersja>2012-09-26T22:17:04+02:00</sln:gmIIPWersja><sln:gmIdTeryt>2011032</sln:gmIdTeryt><sln:gmNazwa>Korycin</sln:gmNazwa><sln:miejscIIPId>0eff63e6-2a17-40e0-a51b-735681c3279b</sln:miejscIIPId><sln:miejscIIPPn>PL.PZGIK.200</sln:miejscIIPPn><sln:miejscIIPWersja>2017-04-12T14:02:39+02:00</sln:miejscIIPWersja><sln:miejscIdTeryt>0032425</sln:miejscIdTeryt><sln:miejscNazwa>Skindzierz</sln:miejscNazwa><sln:miejscRodzaj>Wieś</sln:miejscRodzaj><sln:powIIPId>cfdb1da1-997c-4c78-a92e-b0fe46a4ef65</sln:powIIPId><sln:powIIPPn>PL.PZGIK.200</sln:powIIPPn><sln:powIIPWersja>2017-10-10T00:00:00+02:00</sln:powIIPWersja><sln:powIdTeryt>2011</sln:powIdTeryt><sln:powNazwa>sokólski</sln:powNazwa><sln:waznyOd>2015-05-15T00:00:00+02:00</sln:waznyOd><sln:wojIIPId>53ad7aea-d9d3-40c9-9a5c-ff737d5b076e</sln:wojIIPId><sln:wojIIPPn>PL.PZGIK.200</sln:wojIIPPn><sln:wojIIPWersja>2017-10-10T00:00:00+02:00</sln:wojIIPWersja><sln:wojIdTeryt>20</sln:wojIdTeryt><sln:wojNazwa>podlaskie</sln:wojNazwa></sln:miejscowosc><sln:miejscowosc><sln:cyklZyciaOd>2017-04-12T00:00:00+02:00</sln:cyklZyciaOd><sln:gmIIPId>af4a9318-4b60-49fc-b64f-cefc4c430038</sln:gmIIPId><sln:gmIIPPn>PL.PZGIK.200</sln:gmIIPPn><sln:gmIIPWersja>2012-09-26T22:17:04+02:00</sln:gmIIPWersja><sln:gmIdTeryt>2011032</sln:gmIdTeryt><sln:gmNazwa>Korycin</sln:gmNazwa><sln:miejscIIPId>c051248f-266b-4668-be84-81e3ffd5df13</sln:miejscIIPId><sln:miejscIIPPn>PL.PZGIK.200</sln:miejscIIPPn><sln:miejscIIPWersja>2017-04-12T14:02:39+02:00</sln:miejscIIPWersja><sln:miejscIdTeryt>0032431</sln:miejscIdTeryt><sln:miejscNazwa>Stok</sln:miejscNazwa><sln:miejscRodzaj>Wieś</sln:miejscRodzaj><sln:powIIPId>cfdb1da1-997c-4c78-a92e-b0fe46a4ef65</sln:powIIPId><sln:powIIPPn>PL.PZGIK.200</sln:powIIPPn><sln:powIIPWersja>2017-10-10T00:00:00+02:00</sln:powIIPWersja><sln:powIdTeryt>2011</sln:powIdTeryt><sln:powNazwa>sokólski</sln:powNazwa><sln:waznyOd>2015-05-15T00:00:00+02:00</sln:waznyOd><sln:wojIIPId>53ad7aea-d9d3-40c9-9a5c-ff737d5b076e</sln:wojIIPId><sln:wojIIPPn>PL.PZGIK.200</sln:wojIIPPn><sln:wojIIPWersja>2017-10-10T00:00:00+02:00</sln:wojIIPWersja><sln:wojIdTeryt>20</sln:wojIdTeryt><sln:wojNazwa>podlaskie</sln:wojNazwa></sln:miejscowosc><sln:miejscowosc><sln:cyklZyciaOd>2017-04-12T00:00:00+02:00</sln:cyklZyciaOd><sln:gmIIPId>af4a9318-4b60-49fc-b64f-cefc4c430038</sln:gmIIPId><sln:gmIIPPn>PL.PZGIK.200</sln:gmIIPPn><sln:gmIIPWersja>2012-09-26T22:17:04+02:00</sln:gmIIPWersja><sln:gmIdTeryt>2011032</sln:gmIdTeryt><sln:gmNazwa>Korycin</sln:gmNazwa><sln:miejscIIPId>fcb98714-d8ed-480f-9c9a-48b18dd7c580</sln:miejscIIPId><sln:miejscIIPPn>PL.PZGIK.200</sln:miejscIIPPn><sln:miejscIIPWersja>2017-04-12T14:02:39+02:00</sln:miejscIIPWersja><sln:miejscIdTeryt>0032454</sln:miejscIdTeryt><sln:miejscNazwa>Szaciłówka</sln:miejscNazwa><sln:miejscRodzaj>Wieś</sln:miejscRodzaj><sln:powIIPId>cfdb1da1-997c-4c78-a92e-b0fe46a4ef65</sln:powIIPId><sln:powIIPPn>PL.PZGIK.200</sln:powIIPPn><sln:powIIPWersja>2017-10-10T00:00:00+02:00</sln:powIIPWersja><sln:powIdTeryt>2011</sln:powIdTeryt><sln:powNazwa>sokólski</sln:powNazwa><sln:waznyOd>2015-05-15T00:00:00+02:00</sln:waznyOd><sln:wojIIPId>53ad7aea-d9d3-40c9-9a5c-ff737d5b076e</sln:wojIIPId><sln:wojIIPPn>PL.PZGIK.200</sln:wojIIPPn><sln:wojIIPWersja>2017-10-10T00:00:00+02:00</sln:wojIIPWersja><sln:wojIdTeryt>20</sln:wojIdTeryt><sln:wojNazwa>podlaskie</sln:wojNazwa></sln:miejscowosc><sln:miejscowosc><sln:cyklZyciaOd>2017-04-12T00:00:00+02:00</sln:cyklZyciaOd><sln:gmIIPId>af4a9318-4b60-49fc-b64f-cefc4c430038</sln:gmIIPId><sln:gmIIPPn>PL.PZGIK.200</sln:gmIIPPn><sln:gmIIPWersja>2012-09-26T22:17:04+02:00</sln:gmIIPWersja><sln:gmIdTeryt>2011032</sln:gmIdTeryt><sln:gmNazwa>Korycin</sln:gmNazwa><sln:miejscIIPId>b772b230-4b1b-47ee-9086-64be0659172e</sln:miejscIIPId><sln:miejscIIPPn>PL.PZGIK.200</sln:miejscIIPPn><sln:miejscIIPWersja>2017-04-12T14:02:39+02:00</sln:miejscIIPWersja><sln:miejscIdTeryt>0032460</sln:miejscIdTeryt><sln:miejscNazwa>Szumowo</sln:miejscNazwa><sln:miejscRodzaj>Wieś</sln:miejscRodzaj><sln:powIIPId>cfdb1da1-997c-4c78-a92e-b0fe46a4ef65</sln:powIIPId><sln:powIIPPn>PL.PZGIK.200</sln:powIIPPn><sln:powIIPWersja>2017-10-10T00:00:00+02:00</sln:powIIPWersja><sln:powIdTeryt>2011</sln:powIdTeryt><sln:powNazwa>sokólski</sln:powNazwa><sln:waznyOd>2015-05-15T00:00:00+02:00</sln:waznyOd><sln:wojIIPId>53ad7aea-d9d3-40c9-9a5c-ff737d5b076e</sln:wojIIPId><sln:wojIIPPn>PL.PZGIK.200</sln:wojIIPPn><sln:wojIIPWersja>2017-10-10T00:00:00+02:00</sln:wojIIPWersja><sln:wojIdTeryt>20</sln:wojIdTeryt><sln:wojNazwa>podlaskie</sln:wojNazwa></sln:miejscowosc><sln:miejscowosc><sln:cyklZyciaOd>2017-04-12T00:00:00+02:00</sln:cyklZyciaOd><sln:gmIIPId>af4a9318-4b60-49fc-b64f-cefc4c430038</sln:gmIIPId><sln:gmIIPPn>PL.PZGIK.200</sln:gmIIPPn><sln:gmIIPWersja>2012-09-26T22:17:04+02:00</sln:gmIIPWersja><sln:gmIdTeryt>2011032</sln:gmIdTeryt><sln:gmNazwa>Korycin</sln:gmNazwa><sln:miejscIIPId>e02a5ac7-dd79-49b0-b2db-4c46f43af330</sln:miejscIIPId><sln:miejscIIPPn>PL.PZGIK.200</sln:miejscIIPPn><sln:miejscIIPWersja>2017-04-12T14:02:39+02:00</sln:miejscIIPWersja><sln:miejscIdTeryt>0032477</sln:miejscIdTeryt><sln:miejscNazwa>Wojtachy</sln:miejscNazwa><sln:miejscRodzaj>Wieś</sln:miejscRodzaj><sln:powIIPId>cfdb1da1-997c-4c78-a92e-b0fe46a4ef65</sln:powIIPId><sln:powIIPPn>PL.PZGIK.200</sln:powIIPPn><sln:powIIPWersja>2017-10-10T00:00:00+02:00</sln:powIIPWersja><sln:powIdTeryt>2011</sln:powIdTeryt><sln:powNazwa>sokólski</sln:powNazwa><sln:waznyOd>2015-05-15T00:00:00+02:00</sln:waznyOd><sln:wojIIPId>53ad7aea-d9d3-40c9-9a5c-ff737d5b076e</sln:wojIIPId><sln:wojIIPPn>PL.PZGIK.200</sln:wojIIPPn><sln:wojIIPWersja>2017-10-10T00:00:00+02:00</sln:wojIIPWersja><sln:wojIdTeryt>20</sln:wojIdTeryt><sln:wojNazwa>podlaskie</sln:wojNazwa></sln:miejscowosc><sln:miejscowosc><sln:cyklZyciaOd>2017-04-12T00:00:00+02:00</sln:cyklZyciaOd><sln:gmIIPId>af4a9318-4b60-49fc-b64f-cefc4c430038</sln:gmIIPId><sln:gmIIPPn>PL.PZGIK.200</sln:gmIIPPn><sln:gmIIPWersja>2012-09-26T22:17:04+02:00</sln:gmIIPWersja><sln:gmIdTeryt>2011032</sln:gmIdTeryt><sln:gmNazwa>Korycin</sln:gmNazwa><sln:miejscIIPId>48f86c93-bf64-4407-a70a-ad5cd7adbcc4</sln:miejscIIPId><sln:miejscIIPPn>PL.PZGIK.200</sln:miejscIIPPn><sln:miejscIIPWersja>2017-04-12T14:02:39+02:00</sln:miejscIIPWersja><sln:miejscIdTeryt>0032483</sln:miejscIdTeryt><sln:miejscNazwa>Wyłudki</sln:miejscNazwa><sln:miejscRodzaj>Wieś</sln:miejscRodzaj><sln:powIIPId>cfdb1da1-997c-4c78-a92e-b0fe46a4ef65</sln:powIIPId><sln:powIIPPn>PL.PZGIK.200</sln:powIIPPn><sln:powIIPWersja>2017-10-10T00:00:00+02:00</sln:powIIPWersja><sln:powIdTeryt>2011</sln:powIdTeryt><sln:powNazwa>sokólski</sln:powNazwa><sln:waznyOd>2015-05-15T00:00:00+02:00</sln:waznyOd><sln:wojIIPId>53ad7aea-d9d3-40c9-9a5c-ff737d5b076e</sln:wojIIPId><sln:wojIIPPn>PL.PZGIK.200</sln:wojIIPPn><sln:wojIIPWersja>2017-10-10T00:00:00+02:00</sln:wojIIPWersja><sln:wojIdTeryt>20</sln:wojIdTeryt><sln:wojNazwa>podlaskie</sln:wojNazwa></sln:miejscowosc><sln:miejscowosc><sln:cyklZyciaOd>2017-04-12T00:00:00+02:00</sln:cyklZyciaOd><sln:gmIIPId>af4a9318-4b60-49fc-b64f-cefc4c430038</sln:gmIIPId><sln:gmIIPPn>PL.PZGIK.200</sln:gmIIPPn><sln:gmIIPWersja>2012-09-26T22:17:04+02:00</sln:gmIIPWersja><sln:gmIdTeryt>2011032</sln:gmIdTeryt><sln:gmNazwa>Korycin</sln:gmNazwa><sln:miejscIIPId>90a39773-62bd-411f-9f5a-41ca00a69856</sln:miejscIIPId><sln:miejscIIPPn>PL.PZGIK.200</sln:miejscIIPPn><sln:miejscIIPWersja>2017-04-12T14:02:39+02:00</sln:miejscIIPWersja><sln:miejscIdTeryt>0032490</sln:miejscIdTeryt><sln:miejscNazwa>Wyłudy</sln:miejscNazwa><sln:miejscRodzaj>Wieś</sln:miejscRodzaj><sln:powIIPId>cfdb1da1-997c-4c78-a92e-b0fe46a4ef65</sln:powIIPId><sln:powIIPPn>PL.PZGIK.200</sln:powIIPPn><sln:powIIPWersja>2017-10-10T00:00:00+02:00</sln:powIIPWersja><sln:powIdTeryt>2011</sln:powIdTeryt><sln:powNazwa>sokólski</sln:powNazwa><sln:waznyOd>2015-05-15T00:00:00+02:00</sln:waznyOd><sln:wojIIPId>53ad7aea-d9d3-40c9-9a5c-ff737d5b076e</sln:wojIIPId><sln:wojIIPPn>PL.PZGIK.200</sln:wojIIPPn><sln:wojIIPWersja>2017-10-10T00:00:00+02:00</sln:wojIIPWersja><sln:wojIdTeryt>20</sln:wojIdTeryt><sln:wojNazwa>podlaskie</sln:wojNazwa></sln:miejscowosc><sln:miejscowosc><sln:cyklZyciaOd>2017-04-12T00:00:00+02:00</sln:cyklZyciaOd><sln:gmIIPId>af4a9318-4b60-49fc-b64f-cefc4c430038</sln:gmIIPId><sln:gmIIPPn>PL.PZGIK.200</sln:gmIIPPn><sln:gmIIPWersja>2012-09-26T22:17:04+02:00</sln:gmIIPWersja><sln:gmIdTeryt>2011032</sln:gmIdTeryt><sln:gmNazwa>Korycin</sln:gmNazwa><sln:miejscIIPId>ac169610-be5a-46f6-a34d-500b834de3d6</sln:miejscIIPId><sln:miejscIIPPn>PL.PZGIK.200</sln:miejscIIPPn><sln:miejscIIPWersja>2017-04-12T14:02:39+02:00</sln:miejscIIPWersja><sln:miejscIdTeryt>0032508</sln:miejscIdTeryt><sln:miejscNazwa>Wysokie</sln:miejscNazwa><sln:miejscRodzaj>Wieś</sln:miejscRodzaj><sln:powIIPId>cfdb1da1-997c-4c78-a92e-b0fe46a4ef65</sln:powIIPId><sln:powIIPPn>PL.PZGIK.200</sln:powIIPPn><sln:powIIPWersja>2017-10-10T00:00:00+02:00</sln:powIIPWersja><sln:powIdTeryt>2011</sln:powIdTeryt><sln:powNazwa>sokólski</sln:powNazwa><sln:waznyOd>2015-05-15T00:00:00+02:00</sln:waznyOd><sln:wojIIPId>53ad7aea-d9d3-40c9-9a5c-ff737d5b076e</sln:wojIIPId><sln:wojIIPPn>PL.PZGIK.200</sln:wojIIPPn><sln:wojIIPWersja>2017-10-10T00:00:00+02:00</sln:wojIIPWersja><sln:wojIdTeryt>20</sln:wojIdTeryt><sln:wojNazwa>podlaskie</sln:wojNazwa></sln:miejscowosc><sln:miejscowosc><sln:cyklZyciaOd>2017-04-12T00:00:00+02:00</sln:cyklZyciaOd><sln:gmIIPId>af4a9318-4b60-49fc-b64f-cefc4c430038</sln:gmIIPId><sln:gmIIPPn>PL.PZGIK.200</sln:gmIIPPn><sln:gmIIPWersja>2012-09-26T22:17:04+02:00</sln:gmIIPWersja><sln:gmIdTeryt>2011032</sln:gmIdTeryt><sln:gmNazwa>Korycin</sln:gmNazwa><sln:miejscIIPId>b83562b4-cfd7-4470-a5fa-8b2914b700bc</sln:miejscIIPId><sln:miejscIIPPn>PL.PZGIK.200</sln:miejscIIPPn><sln:miejscIIPWersja>2017-04-12T14:02:39+02:00</sln:miejscIIPWersja><sln:miejscIdTeryt>0032514</sln:miejscIdTeryt><sln:miejscNazwa>Zabrodzie</sln:miejscNazwa><sln:miejscRodzaj>Wieś</sln:miejscRodzaj><sln:powIIPId>cfdb1da1-997c-4c78-a92e-b0fe46a4ef65</sln:powIIPId><sln:powIIPPn>PL.PZGIK.200</sln:powIIPPn><sln:powIIPWersja>2017-10-10T00:00:00+02:00</sln:powIIPWersja><sln:powIdTeryt>2011</sln:powIdTeryt><sln:powNazwa>sokólski</sln:powNazwa><sln:waznyOd>2015-05-15T00:00:00+02:00</sln:waznyOd><sln:wojIIPId>53ad7aea-d9d3-40c9-9a5c-ff737d5b076e</sln:wojIIPId><sln:wojIIPPn>PL.PZGIK.200</sln:wojIIPPn><sln:wojIIPWersja>2017-10-10T00:00:00+02:00</sln:wojIIPWersja><sln:wojIdTeryt>20</sln:wojIdTeryt><sln:wojNazwa>podlaskie</sln:wojNazwa></sln:miejscowosc><sln:miejscowosc><sln:cyklZyciaOd>2017-04-12T00:00:00+02:00</sln:cyklZyciaOd><sln:gmIIPId>af4a9318-4b60-49fc-b64f-cefc4c430038</sln:gmIIPId><sln:gmIIPPn>PL.PZGIK.200</sln:gmIIPPn><sln:gmIIPWersja>2012-09-26T22:17:04+02:00</sln:gmIIPWersja><sln:gmIdTeryt>2011032</sln:gmIdTeryt><sln:gmNazwa>Korycin</sln:gmNazwa><sln:miejscIIPId>998f70d0-36ec-4c24-9efb-8ed0e37b5a23</sln:miejscIIPId><sln:miejscIIPPn>PL.PZGIK.200</sln:miejscIIPPn><sln:miejscIIPWersja>2017-04-12T14:02:39+02:00</sln:miejscIIPWersja><sln:miejscIdTeryt>0032520</sln:miejscIdTeryt><sln:miejscNazwa>Romaszkówka</sln:miejscNazwa><sln:miejscRodzaj>Kolonia</sln:miejscRodzaj><sln:powIIPId>cfdb1da1-997c-4c78-a92e-b0fe46a4ef65</sln:powIIPId><sln:powIIPPn>PL.PZGIK.200</sln:powIIPPn><sln:powIIPWersja>2017-10-10T00:00:00+02:00</sln:powIIPWersja><sln:powIdTeryt>2011</sln:powIdTeryt><sln:powNazwa>sokólski</sln:powNazwa><sln:waznyOd>2015-05-21T00:00:00+02:00</sln:waznyOd><sln:wojIIPId>53ad7aea-d9d3-40c9-9a5c-ff737d5b076e</sln:wojIIPId><sln:wojIIPPn>PL.PZGIK.200</sln:wojIIPPn><sln:wojIIPWersja>2017-10-10T00:00:00+02:00</sln:wojIIPWersja><sln:wojIdTeryt>20</sln:wojIdTeryt><sln:wojNazwa>podlaskie</sln:wojNazwa></sln:miejscowosc><sln:miejscowosc><sln:cyklZyciaOd>2017-04-12T00:00:00+02:00</sln:cyklZyciaOd><sln:gmIIPId>af4a9318-4b60-49fc-b64f-cefc4c430038</sln:gmIIPId><sln:gmIIPPn>PL.PZGIK.200</sln:gmIIPPn><sln:gmIIPWersja>2012-09-26T22:17:04+02:00</sln:gmIIPWersja><sln:gmIdTeryt>2011032</sln:gmIdTeryt><sln:gmNazwa>Korycin</sln:gmNazwa><sln:miejscIIPId>82246e2b-987f-4785-ad43-6270c2bf48e2</sln:miejscIIPId><sln:miejscIIPPn>PL.PZGIK.200</sln:miejscIIPPn><sln:miejscIIPWersja>2017-04-12T14:02:39+02:00</sln:miejscIIPWersja><sln:miejscIdTeryt>0032537</sln:miejscIdTeryt><sln:miejscNazwa>Zagórze</sln:miejscNazwa><sln:miejscRodzaj>Wieś</sln:miejscRodzaj><sln:powIIPId>cfdb1da1-997c-4c78-a92e-b0fe46a4ef65</sln:powIIPId><sln:powIIPPn>PL.PZGIK.200</sln:powIIPPn><sln:powIIPWersja>2017-10-10T00:00:00+02:00</sln:powIIPWersja><sln:powIdTeryt>2011</sln:powIdTeryt><sln:powNazwa>sokólski</sln:powNazwa><sln:waznyOd>2015-05-15T00:00:00+02:00</sln:waznyOd><sln:wojIIPId>53ad7aea-d9d3-40c9-9a5c-ff737d5b076e</sln:wojIIPId><sln:wojIIPPn>PL.PZGIK.200</sln:wojIIPPn><sln:wojIIPWersja>2017-10-10T00:00:00+02:00</sln:wojIIPWersja><sln:wojIdTeryt>20</sln:wojIdTeryt><sln:wojNazwa>podlaskie</sln:wojNazwa></sln:miejscowosc><sln:miejscowosc><sln:cyklZyciaOd>2017-04-12T00:00:00+02:00</sln:cyklZyciaOd><sln:gmIIPId>af4a9318-4b60-49fc-b64f-cefc4c430038</sln:gmIIPId><sln:gmIIPPn>PL.PZGIK.200</sln:gmIIPPn><sln:gmIIPWersja>2012-09-26T22:17:04+02:00</sln:gmIIPWersja><sln:gmIdTeryt>2011032</sln:gmIdTeryt><sln:gmNazwa>Korycin</sln:gmNazwa><sln:miejscIIPId>dc7380b0-a837-4b2a-8c05-87525d1a2e04</sln:miejscIIPId><sln:miejscIIPPn>PL.PZGIK.200</sln:miejscIIPPn><sln:miejscIIPWersja>2017-04-12T14:02:39+02:00</sln:miejscIIPWersja><sln:miejscIdTeryt>0032543</sln:miejscIdTeryt><sln:miejscNazwa>Zakale</sln:miejscNazwa><sln:miejscRodzaj>Wieś</sln:miejscRodzaj><sln:powIIPId>cfdb1da1-997c-4c78-a92e-b0fe46a4ef65</sln:powIIPId><sln:powIIPPn>PL.PZGIK.200</sln:powIIPPn><sln:powIIPWersja>2017-10-10T00:00:00+02:00</sln:powIIPWersja><sln:powIdTeryt>2011</sln:powIdTeryt><sln:powNazwa>sokólski</sln:powNazwa><sln:waznyOd>2015-05-15T00:00:00+02:00</sln:waznyOd><sln:wojIIPId>53ad7aea-d9d3-40c9-9a5c-ff737d5b076e</sln:wojIIPId><sln:wojIIPPn>PL.PZGIK.200</sln:wojIIPPn><sln:wojIIPWersja>2017-10-10T00:00:00+02:00</sln:wojIIPWersja><sln:wojIdTeryt>20</sln:wojIdTeryt><sln:wojNazwa>podlaskie</sln:wojNazwa></sln:miejscowosc></sln:lista-miejscowosci>