<?xml version="1.0" encoding="UTF-8" standalone="yes"?><sln:lista-miejscowosci xmlns:srv="http://gugik.gov.pl/schemas/slowniki-service/1.0" xmlns:sln="http://gugik.gov.pl/schemas/slowniki-schema/1.0"><sln:miejscowosc><sln:cyklZyciaOd>2015-04-27T00:00:00+02:00</sln:cyklZyciaOd><sln:gmIIPId>0f96d3bc-411b-4481-bcf7-a23ec243c0fb</sln:gmIIPId><sln:gmIIPPn>PL.PZGIK.200</sln:gmIIPPn><sln:gmIIPWersja>2012-09-26T22:16:54+02:00</sln:gmIIPWersja><sln:gmIdTeryt>2010072</sln:gmIdTeryt><sln:gmNazwa>Nurzec-Stacja</sln:gmNazwa><sln:miejscIIPId>6e48bfdc-2355-413d-a8c7-c444229899f9</sln:miejscIIPId><sln:miejscIIPPn>PL.PZGIK.200</sln:miejscIIPPn><sln:miejscIIPWersja>2016-11-24T13:58:49+02:00</sln:miejscIIPWersja><sln:miejscIdTeryt>1012360</sln:miejscIdTeryt><sln:miejscNazwa>Dwór</sln:miejscNazwa><sln:miejscRodzaj>Kolonia</sln:miejscRodzaj><sln:powIIPId>91df982d-e4f0-4eb3-9f5c-a666d5eb9c5d</sln:powIIPId><sln:powIIPPn>PL.PZGIK.200</sln:powIIPPn><sln:powIIPWersja>2012-09-27T09:26:09+02:00</sln:powIIPWersja><sln:powIdTeryt>2010</sln:powIdTeryt><sln:powNazwa>siemiatycki</sln:powNazwa><sln:wojIIPId>53ad7aea-d9d3-40c9-9a5c-ff737d5b076e</sln:wojIIPId><sln:wojIIPPn>PL.PZGIK.200</sln:wojIIPPn><sln:wojIIPWersja>2017-10-10T00:00:00+02:00</sln:wojIIPWersja><sln:wojIdTeryt>20</sln:wojIdTeryt><sln:wojNazwa>podlaskie</sln:wojNazwa></sln:miejscowosc><sln:miejscowosc><sln:cyklZyciaOd>2015-04-27T00:00:00+02:00</sln:cyklZyciaOd><sln:gmIIPId>0f96d3bc-411b-4481-bcf7-a23ec243c0fb</sln:gmIIPId><sln:gmIIPPn>PL.PZGIK.200</sln:gmIIPPn><sln:gmIIPWersja>2012-09-26T22:16:54+02:00</sln:gmIIPWersja><sln:gmIdTeryt>2010072</sln:gmIdTeryt><sln:gmNazwa>Nurzec-Stacja</sln:gmNazwa><sln:miejscIIPId>a591aef1-5089-4f6f-8f34-d4bf6af6df2e</sln:miejscIIPId><sln:miejscIIPPn>PL.PZGIK.200</sln:miejscIIPPn><sln:miejscIIPWersja>2016-11-24T13:33:50+02:00</sln:miejscIIPWersja><sln:miejscIdTeryt>0038020</sln:miejscIdTeryt><sln:miejscNazwa>Wólka Nurzecka</sln:miejscNazwa><sln:miejscRodzaj>Wieś</sln:miejscRodzaj><sln:powIIPId>91df982d-e4f0-4eb3-9f5c-a666d5eb9c5d</sln:powIIPId><sln:powIIPPn>PL.PZGIK.200</sln:powIIPPn><sln:powIIPWersja>2012-09-27T09:26:09+02:00</sln:powIIPWersja><sln:powIdTeryt>2010</sln:powIdTeryt><sln:powNazwa>siemiatycki</sln:powNazwa><sln:wojIIPId>53ad7aea-d9d3-40c9-9a5c-ff737d5b076e</sln:wojIIPId><sln:wojIIPPn>PL.PZGIK.200</sln:wojIIPPn><sln:wojIIPWersja>2017-10-10T00:00:00+02:00</sln:wojIIPWersja><sln:wojIdTeryt>20</sln:wojIdTeryt><sln:wojNazwa>podlaskie</sln:wojNazwa></sln:miejscowosc><sln:miejscowosc><sln:cyklZyciaOd>2015-04-27T00:00:00+02:00</sln:cyklZyciaOd><sln:gmIIPId>0f96d3bc-411b-4481-bcf7-a23ec243c0fb</sln:gmIIPId><sln:gmIIPPn>PL.PZGIK.200</sln:gmIIPPn><sln:gmIIPWersja>2012-09-26T22:16:54+02:00</sln:gmIIPWersja><sln:gmIdTeryt>2010072</sln:gmIdTeryt><sln:gmNazwa>Nurzec-Stacja</sln:gmNazwa><sln:miejscIIPId>13ae7d28-4a38-4262-b993-1c3216760949</sln:miejscIIPId><sln:miejscIIPPn>PL.PZGIK.200</sln:miejscIIPPn><sln:miejscIIPWersja>2016-11-24T13:58:49+02:00</sln:miejscIIPWersja><sln:miejscIdTeryt>0038050</sln:miejscIdTeryt><sln:miejscNazwa>Gajówka</sln:miejscNazwa><sln:miejscRodzaj>Osada leśna</sln:miejscRodzaj><sln:powIIPId>91df982d-e4f0-4eb3-9f5c-a666d5eb9c5d</sln:powIIPId><sln:powIIPPn>PL.PZGIK.200</sln:powIIPPn><sln:powIIPWersja>2012-09-27T09:26:09+02:00</sln:powIIPWersja><sln:powIdTeryt>2010</sln:powIdTeryt><sln:powNazwa>siemiatycki</sln:powNazwa><sln:wojIIPId>53ad7aea-d9d3-40c9-9a5c-ff737d5b076e</sln:wojIIPId><sln:wojIIPPn>PL.PZGIK.200</sln:wojIIPPn><sln:wojIIPWersja>2017-10-10T00:00:00+02:00</sln:wojIIPWersja><sln:wojIdTeryt>20</sln:wojIdTeryt><sln:wojNazwa>podlaskie</sln:wojNazwa></sln:miejscowosc><sln:miejscowosc><sln:cyklZyciaOd>2015-04-27T00:00:00+02:00</sln:cyklZyciaOd><sln:gmIIPId>0f96d3bc-411b-4481-bcf7-a23ec243c0fb</sln:gmIIPId><sln:gmIIPPn>PL.PZGIK.200</sln:gmIIPPn><sln:gmIIPWersja>2012-09-26T22:16:54+02:00</sln:gmIIPWersja><sln:gmIdTeryt>2010072</sln:gmIdTeryt><sln:gmNazwa>Nurzec-Stacja</sln:gmNazwa><sln:miejscIIPId>c602ae4f-b9fa-41d5-9cc5-adf8c5fccc91</sln:miejscIIPId><sln:miejscIIPPn>PL.PZGIK.200</sln:miejscIIPPn><sln:miejscIIPWersja>2016-11-24T13:58:49+02:00</sln:miejscIIPWersja><sln:miejscIdTeryt>0037894</sln:miejscIdTeryt><sln:miejscNazwa>Nurzec-Stacja</sln:miejscNazwa><sln:miejscRodzaj>Osada</sln:miejscRodzaj><sln:powIIPId>91df982d-e4f0-4eb3-9f5c-a666d5eb9c5d</sln:powIIPId><sln:powIIPPn>PL.PZGIK.200</sln:powIIPPn><sln:powIIPWersja>2012-09-27T09:26:09+02:00</sln:powIIPWersja><sln:powIdTeryt>2010</sln:powIdTeryt><sln:powNazwa>siemiatycki</sln:powNazwa><sln:wojIIPId>53ad7aea-d9d3-40c9-9a5c-ff737d5b076e</sln:wojIIPId><sln:wojIIPPn>PL.PZGIK.200</sln:wojIIPPn><sln:wojIIPWersja>2017-10-10T00:00:00+02:00</sln:wojIIPWersja><sln:wojIdTeryt>20</sln:wojIdTeryt><sln:wojNazwa>podlaskie</sln:wojNazwa></sln:miejscowosc><sln:miejscowosc><sln:cyklZyciaOd>2015-04-27T00:00:00+02:00</sln:cyklZyciaOd><sln:gmIIPId>0f96d3bc-411b-4481-bcf7-a23ec243c0fb</sln:gmIIPId><sln:gmIIPPn>PL.PZGIK.200</sln:gmIIPPn><sln:gmIIPWersja>2012-09-26T22:16:54+02:00</sln:gmIIPWersja><sln:gmIdTeryt>2010072</sln:gmIdTeryt><sln:gmNazwa>Nurzec-Stacja</sln:gmNazwa><sln:miejscIIPId>5715f915-4ad5-456e-ae29-f20d9a4000bc</sln:miejscIIPId><sln:miejscIIPPn>PL.PZGIK.200</sln:miejscIIPPn><sln:miejscIIPWersja>2016-11-24T13:34:20+02:00</sln:miejscIIPWersja><sln:miejscIdTeryt>0038072</sln:miejscIdTeryt><sln:miejscNazwa>Zalesie</sln:miejscNazwa><sln:miejscRodzaj>Wieś</sln:miejscRodzaj><sln:powIIPId>91df982d-e4f0-4eb3-9f5c-a666d5eb9c5d</sln:powIIPId><sln:powIIPPn>PL.PZGIK.200</sln:powIIPPn><sln:powIIPWersja>2012-09-27T09:26:09+02:00</sln:powIIPWersja><sln:powIdTeryt>2010</sln:powIdTeryt><sln:powNazwa>siemiatycki</sln:powNazwa><sln:wojIIPId>53ad7aea-d9d3-40c9-9a5c-ff737d5b076e</sln:wojIIPId><sln:wojIIPPn>PL.PZGIK.200</sln:wojIIPPn><sln:wojIIPWersja>2017-10-10T00:00:00+02:00</sln:wojIIPWersja><sln:wojIdTeryt>20</sln:wojIdTeryt><sln:wojNazwa>podlaskie</sln:wojNazwa></sln:miejscowosc><sln:miejscowosc><sln:cyklZyciaOd>2015-04-27T00:00:00+02:00</sln:cyklZyciaOd><sln:gmIIPId>0f96d3bc-411b-4481-bcf7-a23ec243c0fb</sln:gmIIPId><sln:gmIIPPn>PL.PZGIK.200</sln:gmIIPPn><sln:gmIIPWersja>2012-09-26T22:16:54+02:00</sln:gmIIPWersja><sln:gmIdTeryt>2010072</sln:gmIdTeryt><sln:gmNazwa>Nurzec-Stacja</sln:gmNazwa><sln:miejscIIPId>d6cde11a-dd19-41b0-a102-41ea395eb177</sln:miejscIIPId><sln:miejscIIPPn>PL.PZGIK.200</sln:miejscIIPPn><sln:miejscIIPWersja>2016-11-24T13:31:29+02:00</sln:miejscIIPWersja><sln:miejscIdTeryt>0037948</sln:miejscIdTeryt><sln:miejscNazwa>Stołbce</sln:miejscNazwa><sln:miejscRodzaj>Wieś</sln:miejscRodzaj><sln:powIIPId>91df982d-e4f0-4eb3-9f5c-a666d5eb9c5d</sln:powIIPId><sln:powIIPPn>PL.PZGIK.200</sln:powIIPPn><sln:powIIPWersja>2012-09-27T09:26:09+02:00</sln:powIIPWersja><sln:powIdTeryt>2010</sln:powIdTeryt><sln:powNazwa>siemiatycki</sln:powNazwa><sln:wojIIPId>53ad7aea-d9d3-40c9-9a5c-ff737d5b076e</sln:wojIIPId><sln:wojIIPPn>PL.PZGIK.200</sln:wojIIPPn><sln:wojIIPWersja>2017-10-10T00:00:00+02:00</sln:wojIIPWersja><sln:wojIdTeryt>20</sln:wojIdTeryt><sln:wojNazwa>podlaskie</sln:wojNazwa></sln:miejscowosc><sln:miejscowosc><sln:cyklZyciaOd>2015-04-27T00:00:00+02:00</sln:cyklZyciaOd><sln:gmIIPId>0f96d3bc-411b-4481-bcf7-a23ec243c0fb</sln:gmIIPId><sln:gmIIPPn>PL.PZGIK.200</sln:gmIIPPn><sln:gmIIPWersja>2012-09-26T22:16:54+02:00</sln:gmIIPWersja><sln:gmIdTeryt>2010072</sln:gmIdTeryt><sln:gmNazwa>Nurzec-Stacja</sln:gmNazwa><sln:miejscIIPId>b2f5078c-b998-46ce-8e74-60f060b3baac</sln:miejscIIPId><sln:miejscIIPPn>PL.PZGIK.200</sln:miejscIIPPn><sln:miejscIIPWersja>2016-11-24T13:31:01+02:00</sln:miejscIIPWersja><sln:miejscIdTeryt>0037931</sln:miejscIdTeryt><sln:miejscNazwa>Sokóle</sln:miejscNazwa><sln:miejscRodzaj>Wieś</sln:miejscRodzaj><sln:powIIPId>91df982d-e4f0-4eb3-9f5c-a666d5eb9c5d</sln:powIIPId><sln:powIIPPn>PL.PZGIK.200</sln:powIIPPn><sln:powIIPWersja>2012-09-27T09:26:09+02:00</sln:powIIPWersja><sln:powIdTeryt>2010</sln:powIdTeryt><sln:powNazwa>siemiatycki</sln:powNazwa><sln:wojIIPId>53ad7aea-d9d3-40c9-9a5c-ff737d5b076e</sln:wojIIPId><sln:wojIIPPn>PL.PZGIK.200</sln:wojIIPPn><sln:wojIIPWersja>2017-10-10T00:00:00+02:00</sln:wojIIPWersja><sln:wojIdTeryt>20</sln:wojIdTeryt><sln:wojNazwa>podlaskie</sln:wojNazwa></sln:miejscowosc><sln:miejscowosc><sln:cyklZyciaOd>2015-04-27T00:00:00+02:00</sln:cyklZyciaOd><sln:gmIIPId>0f96d3bc-411b-4481-bcf7-a23ec243c0fb</sln:gmIIPId><sln:gmIIPPn>PL.PZGIK.200</sln:gmIIPPn><sln:gmIIPWersja>2012-09-26T22:16:54+02:00</sln:gmIIPWersja><sln:gmIdTeryt>2010072</sln:gmIdTeryt><sln:gmNazwa>Nurzec-Stacja</sln:gmNazwa><sln:miejscIIPId>53307c23-a5eb-470e-9b5a-22c7453b08ce</sln:miejscIIPId><sln:miejscIIPPn>PL.PZGIK.200</sln:miejscIIPPn><sln:miejscIIPWersja>2016-11-24T13:35:07+02:00</sln:miejscIIPWersja><sln:miejscIdTeryt>0038089</sln:miejscIdTeryt><sln:miejscNazwa>Żerczyce</sln:miejscNazwa><sln:miejscRodzaj>Wieś</sln:miejscRodzaj><sln:powIIPId>91df982d-e4f0-4eb3-9f5c-a666d5eb9c5d</sln:powIIPId><sln:powIIPPn>PL.PZGIK.200</sln:powIIPPn><sln:powIIPWersja>2012-09-27T09:26:09+02:00</sln:powIIPWersja><sln:powIdTeryt>2010</sln:powIdTeryt><sln:powNazwa>siemiatycki</sln:powNazwa><sln:wojIIPId>53ad7aea-d9d3-40c9-9a5c-ff737d5b076e</sln:wojIIPId><sln:wojIIPPn>PL.PZGIK.200</sln:wojIIPPn><sln:wojIIPWersja>2017-10-10T00:00:00+02:00</sln:wojIIPWersja><sln:wojIdTeryt>20</sln:wojIdTeryt><sln:wojNazwa>podlaskie</sln:wojNazwa></sln:miejscowosc><sln:miejscowosc><sln:cyklZyciaOd>2015-04-27T00:00:00+02:00</sln:cyklZyciaOd><sln:gmIIPId>0f96d3bc-411b-4481-bcf7-a23ec243c0fb</sln:gmIIPId><sln:gmIIPPn>PL.PZGIK.200</sln:gmIIPPn><sln:gmIIPWersja>2012-09-26T22:16:54+02:00</sln:gmIIPWersja><sln:gmIdTeryt>2010072</sln:gmIdTeryt><sln:gmNazwa>Nurzec-Stacja</sln:gmNazwa><sln:miejscIIPId>14d46d51-0186-4ab2-864e-4355baef55f5</sln:miejscIIPId><sln:miejscIIPPn>PL.PZGIK.200</sln:miejscIIPPn><sln:miejscIIPWersja>2016-11-24T13:32:01+02:00</sln:miejscIIPWersja><sln:miejscIdTeryt>0037760</sln:miejscIdTeryt><sln:miejscNazwa>Szumiłówka</sln:miejscNazwa><sln:miejscRodzaj>Wieś</sln:miejscRodzaj><sln:powIIPId>91df982d-e4f0-4eb3-9f5c-a666d5eb9c5d</sln:powIIPId><sln:powIIPPn>PL.PZGIK.200</sln:powIIPPn><sln:powIIPWersja>2012-09-27T09:26:09+02:00</sln:powIIPWersja><sln:powIdTeryt>2010</sln:powIdTeryt><sln:powNazwa>siemiatycki</sln:powNazwa><sln:wojIIPId>53ad7aea-d9d3-40c9-9a5c-ff737d5b076e</sln:wojIIPId><sln:wojIIPPn>PL.PZGIK.200</sln:wojIIPPn><sln:wojIIPWersja>2017-10-10T00:00:00+02:00</sln:wojIIPWersja><sln:wojIdTeryt>20</sln:wojIdTeryt><sln:wojNazwa>podlaskie</sln:wojNazwa></sln:miejscowosc><sln:miejscowosc><sln:cyklZyciaOd>2015-04-27T00:00:00+02:00</sln:cyklZyciaOd><sln:gmIIPId>0f96d3bc-411b-4481-bcf7-a23ec243c0fb</sln:gmIIPId><sln:gmIIPPn>PL.PZGIK.200</sln:gmIIPPn><sln:gmIIPWersja>2012-09-26T22:16:54+02:00</sln:gmIIPWersja><sln:gmIdTeryt>2010072</sln:gmIdTeryt><sln:gmNazwa>Nurzec-Stacja</sln:gmNazwa><sln:miejscIIPId>78888d32-6513-4eef-9a23-f5ddd8362737</sln:miejscIIPId><sln:miejscIIPPn>PL.PZGIK.200</sln:miejscIIPPn><sln:miejscIIPWersja>2016-11-24T13:39:30+02:00</sln:miejscIIPWersja><sln:miejscIdTeryt>0037782</sln:miejscIdTeryt><sln:miejscNazwa>Klukowicze</sln:miejscNazwa><sln:miejscRodzaj>Wieś</sln:miejscRodzaj><sln:powIIPId>91df982d-e4f0-4eb3-9f5c-a666d5eb9c5d</sln:powIIPId><sln:powIIPPn>PL.PZGIK.200</sln:powIIPPn><sln:powIIPWersja>2012-09-27T09:26:09+02:00</sln:powIIPWersja><sln:powIdTeryt>2010</sln:powIdTeryt><sln:powNazwa>siemiatycki</sln:powNazwa><sln:wojIIPId>53ad7aea-d9d3-40c9-9a5c-ff737d5b076e</sln:wojIIPId><sln:wojIIPPn>PL.PZGIK.200</sln:wojIIPPn><sln:wojIIPWersja>2017-10-10T00:00:00+02:00</sln:wojIIPWersja><sln:wojIdTeryt>20</sln:wojIdTeryt><sln:wojNazwa>podlaskie</sln:wojNazwa></sln:miejscowosc><sln:miejscowosc><sln:cyklZyciaOd>2015-04-27T00:00:00+02:00</sln:cyklZyciaOd><sln:gmIIPId>0f96d3bc-411b-4481-bcf7-a23ec243c0fb</sln:gmIIPId><sln:gmIIPPn>PL.PZGIK.200</sln:gmIIPPn><sln:gmIIPWersja>2012-09-26T22:16:54+02:00</sln:gmIIPWersja><sln:gmIdTeryt>2010072</sln:gmIdTeryt><sln:gmNazwa>Nurzec-Stacja</sln:gmNazwa><sln:miejscIIPId>99e3e091-7b07-4eb8-9457-42aaafd6e83c</sln:miejscIIPId><sln:miejscIIPPn>PL.PZGIK.200</sln:miejscIIPPn><sln:miejscIIPWersja>2016-11-24T13:50:23+02:00</sln:miejscIIPWersja><sln:miejscIdTeryt>0037724</sln:miejscIdTeryt><sln:miejscNazwa>Chanie</sln:miejscNazwa><sln:miejscRodzaj>Inny obiekt</sln:miejscRodzaj><sln:powIIPId>91df982d-e4f0-4eb3-9f5c-a666d5eb9c5d</sln:powIIPId><sln:powIIPPn>PL.PZGIK.200</sln:powIIPPn><sln:powIIPWersja>2012-09-27T09:26:09+02:00</sln:powIIPWersja><sln:powIdTeryt>2010</sln:powIdTeryt><sln:powNazwa>siemiatycki</sln:powNazwa><sln:wojIIPId>53ad7aea-d9d3-40c9-9a5c-ff737d5b076e</sln:wojIIPId><sln:wojIIPPn>PL.PZGIK.200</sln:wojIIPPn><sln:wojIIPWersja>2017-10-10T00:00:00+02:00</sln:wojIIPWersja><sln:wojIdTeryt>20</sln:wojIdTeryt><sln:wojNazwa>podlaskie</sln:wojNazwa></sln:miejscowosc><sln:miejscowosc><sln:cyklZyciaOd>2015-04-27T00:00:00+02:00</sln:cyklZyciaOd><sln:gmIIPId>0f96d3bc-411b-4481-bcf7-a23ec243c0fb</sln:gmIIPId><sln:gmIIPPn>PL.PZGIK.200</sln:gmIIPPn><sln:gmIIPWersja>2012-09-26T22:16:54+02:00</sln:gmIIPWersja><sln:gmIdTeryt>2010072</sln:gmIdTeryt><sln:gmNazwa>Nurzec-Stacja</sln:gmNazwa><sln:miejscIIPId>8123f2f5-5b45-48dc-a5f5-80b79eb7e5c9</sln:miejscIIPId><sln:miejscIIPPn>PL.PZGIK.200</sln:miejscIIPPn><sln:miejscIIPWersja>2016-11-24T13:43:39+02:00</sln:miejscIIPWersja><sln:miejscIdTeryt>0037865</sln:miejscIdTeryt><sln:miejscNazwa>Nurzec</sln:miejscNazwa><sln:miejscRodzaj>Wieś</sln:miejscRodzaj><sln:powIIPId>91df982d-e4f0-4eb3-9f5c-a666d5eb9c5d</sln:powIIPId><sln:powIIPPn>PL.PZGIK.200</sln:powIIPPn><sln:powIIPWersja>2012-09-27T09:26:09+02:00</sln:powIIPWersja><sln:powIdTeryt>2010</sln:powIdTeryt><sln:powNazwa>siemiatycki</sln:powNazwa><sln:wojIIPId>53ad7aea-d9d3-40c9-9a5c-ff737d5b076e</sln:wojIIPId><sln:wojIIPPn>PL.PZGIK.200</sln:wojIIPPn><sln:wojIIPWersja>2017-10-10T00:00:00+02:00</sln:wojIIPWersja><sln:wojIdTeryt>20</sln:wojIdTeryt><sln:wojNazwa>podlaskie</sln:wojNazwa></sln:miejscowosc><sln:miejscowosc><sln:cyklZyciaOd>2015-04-27T00:00:00+02:00</sln:cyklZyciaOd><sln:gmIIPId>0f96d3bc-411b-4481-bcf7-a23ec243c0fb</sln:gmIIPId><sln:gmIIPPn>PL.PZGIK.200</sln:gmIIPPn><sln:gmIIPWersja>2012-09-26T22:16:54+02:00</sln:gmIIPWersja><sln:gmIdTeryt>2010072</sln:gmIdTeryt><sln:gmNazwa>Nurzec-Stacja</sln:gmNazwa><sln:miejscIIPId>586b35e6-f459-4664-a969-9ef60dede273</sln:miejscIIPId><sln:miejscIIPPn>PL.PZGIK.200</sln:miejscIIPPn><sln:miejscIIPWersja>2016-11-24T13:41:12+02:00</sln:miejscIIPWersja><sln:miejscIdTeryt>0037807</sln:miejscIdTeryt><sln:miejscNazwa>Litwinowicze</sln:miejscNazwa><sln:miejscRodzaj>Wieś</sln:miejscRodzaj><sln:powIIPId>91df982d-e4f0-4eb3-9f5c-a666d5eb9c5d</sln:powIIPId><sln:powIIPPn>PL.PZGIK.200</sln:powIIPPn><sln:powIIPWersja>2012-09-27T09:26:09+02:00</sln:powIIPWersja><sln:powIdTeryt>2010</sln:powIdTeryt><sln:powNazwa>siemiatycki</sln:powNazwa><sln:wojIIPId>53ad7aea-d9d3-40c9-9a5c-ff737d5b076e</sln:wojIIPId><sln:wojIIPPn>PL.PZGIK.200</sln:wojIIPPn><sln:wojIIPWersja>2017-10-10T00:00:00+02:00</sln:wojIIPWersja><sln:wojIdTeryt>20</sln:wojIdTeryt><sln:wojNazwa>podlaskie</sln:wojNazwa></sln:miejscowosc><sln:miejscowosc><sln:cyklZyciaOd>2015-04-27T00:00:00+02:00</sln:cyklZyciaOd><sln:gmIIPId>0f96d3bc-411b-4481-bcf7-a23ec243c0fb</sln:gmIIPId><sln:gmIIPPn>PL.PZGIK.200</sln:gmIIPPn><sln:gmIIPWersja>2012-09-26T22:16:54+02:00</sln:gmIIPWersja><sln:gmIdTeryt>2010072</sln:gmIdTeryt><sln:gmNazwa>Nurzec-Stacja</sln:gmNazwa><sln:miejscIIPId>fa29d812-6fec-4488-9248-4d888a3196ed</sln:miejscIIPId><sln:miejscIIPPn>PL.PZGIK.200</sln:miejscIIPPn><sln:miejscIIPWersja>2016-11-24T13:50:23+02:00</sln:miejscIIPWersja><sln:miejscIdTeryt>0037730</sln:miejscIdTeryt><sln:miejscNazwa>Chursy</sln:miejscNazwa><sln:miejscRodzaj>Inny obiekt</sln:miejscRodzaj><sln:powIIPId>91df982d-e4f0-4eb3-9f5c-a666d5eb9c5d</sln:powIIPId><sln:powIIPPn>PL.PZGIK.200</sln:powIIPPn><sln:powIIPWersja>2012-09-27T09:26:09+02:00</sln:powIIPWersja><sln:powIdTeryt>2010</sln:powIdTeryt><sln:powNazwa>siemiatycki</sln:powNazwa><sln:wojIIPId>53ad7aea-d9d3-40c9-9a5c-ff737d5b076e</sln:wojIIPId><sln:wojIIPPn>PL.PZGIK.200</sln:wojIIPPn><sln:wojIIPWersja>2017-10-10T00:00:00+02:00</sln:wojIIPWersja><sln:wojIdTeryt>20</sln:wojIdTeryt><sln:wojNazwa>podlaskie</sln:wojNazwa></sln:miejscowosc><sln:miejscowosc><sln:cyklZyciaOd>2015-04-27T00:00:00+02:00</sln:cyklZyciaOd><sln:gmIIPId>0f96d3bc-411b-4481-bcf7-a23ec243c0fb</sln:gmIIPId><sln:gmIIPPn>PL.PZGIK.200</sln:gmIIPPn><sln:gmIIPWersja>2012-09-26T22:16:54+02:00</sln:gmIIPWersja><sln:gmIdTeryt>2010072</sln:gmIdTeryt><sln:gmNazwa>Nurzec-Stacja</sln:gmNazwa><sln:miejscIIPId>f036b9a4-31ff-4674-953f-fd35e213a355</sln:miejscIIPId><sln:miejscIIPPn>PL.PZGIK.200</sln:miejscIIPPn><sln:miejscIIPWersja>2016-11-24T13:32:52+02:00</sln:miejscIIPWersja><sln:miejscIdTeryt>0037776</sln:miejscIdTeryt><sln:miejscNazwa>Wakułowicze</sln:miejscNazwa><sln:miejscRodzaj>Wieś</sln:miejscRodzaj><sln:powIIPId>91df982d-e4f0-4eb3-9f5c-a666d5eb9c5d</sln:powIIPId><sln:powIIPPn>PL.PZGIK.200</sln:powIIPPn><sln:powIIPWersja>2012-09-27T09:26:09+02:00</sln:powIIPWersja><sln:powIdTeryt>2010</sln:powIdTeryt><sln:powNazwa>siemiatycki</sln:powNazwa><sln:wojIIPId>53ad7aea-d9d3-40c9-9a5c-ff737d5b076e</sln:wojIIPId><sln:wojIIPPn>PL.PZGIK.200</sln:wojIIPPn><sln:wojIIPWersja>2017-10-10T00:00:00+02:00</sln:wojIIPWersja><sln:wojIdTeryt>20</sln:wojIdTeryt><sln:wojNazwa>podlaskie</sln:wojNazwa></sln:miejscowosc><sln:miejscowosc><sln:cyklZyciaOd>2015-04-27T00:00:00+02:00</sln:cyklZyciaOd><sln:gmIIPId>0f96d3bc-411b-4481-bcf7-a23ec243c0fb</sln:gmIIPId><sln:gmIIPPn>PL.PZGIK.200</sln:gmIIPPn><sln:gmIIPWersja>2012-09-26T22:16:54+02:00</sln:gmIIPWersja><sln:gmIdTeryt>2010072</sln:gmIdTeryt><sln:gmNazwa>Nurzec-Stacja</sln:gmNazwa><sln:miejscIIPId>21c5a18f-7b88-449a-818a-7b20f0dc0eba</sln:miejscIIPId><sln:miejscIIPPn>PL.PZGIK.200</sln:miejscIIPPn><sln:miejscIIPWersja>2016-11-24T13:43:39+02:00</sln:miejscIIPWersja><sln:miejscIdTeryt>0037842</sln:miejscIdTeryt><sln:miejscNazwa>Nurczyk</sln:miejscNazwa><sln:miejscRodzaj>Wieś</sln:miejscRodzaj><sln:powIIPId>91df982d-e4f0-4eb3-9f5c-a666d5eb9c5d</sln:powIIPId><sln:powIIPPn>PL.PZGIK.200</sln:powIIPPn><sln:powIIPWersja>2012-09-27T09:26:09+02:00</sln:powIIPWersja><sln:powIdTeryt>2010</sln:powIdTeryt><sln:powNazwa>siemiatycki</sln:powNazwa><sln:wojIIPId>53ad7aea-d9d3-40c9-9a5c-ff737d5b076e</sln:wojIIPId><sln:wojIIPPn>PL.PZGIK.200</sln:wojIIPPn><sln:wojIIPWersja>2017-10-10T00:00:00+02:00</sln:wojIIPWersja><sln:wojIdTeryt>20</sln:wojIdTeryt><sln:wojNazwa>podlaskie</sln:wojNazwa></sln:miejscowosc><sln:miejscowosc><sln:cyklZyciaOd>2015-04-27T00:00:00+02:00</sln:cyklZyciaOd><sln:gmIIPId>0f96d3bc-411b-4481-bcf7-a23ec243c0fb</sln:gmIIPId><sln:gmIIPPn>PL.PZGIK.200</sln:gmIIPPn><sln:gmIIPWersja>2012-09-26T22:16:54+02:00</sln:gmIIPWersja><sln:gmIdTeryt>2010072</sln:gmIdTeryt><sln:gmNazwa>Nurzec-Stacja</sln:gmNazwa><sln:miejscIIPId>5c76adba-76e6-48cd-b29b-9bd7b3f0731b</sln:miejscIIPId><sln:miejscIIPPn>PL.PZGIK.200</sln:miejscIIPPn><sln:miejscIIPWersja>2016-11-24T13:32:40+02:00</sln:miejscIIPWersja><sln:miejscIdTeryt>0037983</sln:miejscIdTeryt><sln:miejscNazwa>Tymianka</sln:miejscNazwa><sln:miejscRodzaj>Wieś</sln:miejscRodzaj><sln:powIIPId>91df982d-e4f0-4eb3-9f5c-a666d5eb9c5d</sln:powIIPId><sln:powIIPPn>PL.PZGIK.200</sln:powIIPPn><sln:powIIPWersja>2012-09-27T09:26:09+02:00</sln:powIIPWersja><sln:powIdTeryt>2010</sln:powIdTeryt><sln:powNazwa>siemiatycki</sln:powNazwa><sln:wojIIPId>53ad7aea-d9d3-40c9-9a5c-ff737d5b076e</sln:wojIIPId><sln:wojIIPPn>PL.PZGIK.200</sln:wojIIPPn><sln:wojIIPWersja>2017-10-10T00:00:00+02:00</sln:wojIIPWersja><sln:wojIdTeryt>20</sln:wojIdTeryt><sln:wojNazwa>podlaskie</sln:wojNazwa></sln:miejscowosc><sln:miejscowosc><sln:cyklZyciaOd>2015-04-27T00:00:00+02:00</sln:cyklZyciaOd><sln:gmIIPId>0f96d3bc-411b-4481-bcf7-a23ec243c0fb</sln:gmIIPId><sln:gmIIPPn>PL.PZGIK.200</sln:gmIIPPn><sln:gmIIPWersja>2012-09-26T22:16:54+02:00</sln:gmIIPWersja><sln:gmIdTeryt>2010072</sln:gmIdTeryt><sln:gmNazwa>Nurzec-Stacja</sln:gmNazwa><sln:miejscIIPId>ed261f33-49df-4f35-94b8-c518683a922b</sln:miejscIIPId><sln:miejscIIPPn>PL.PZGIK.200</sln:miejscIIPPn><sln:miejscIIPWersja>2016-11-24T13:44:00+02:00</sln:miejscIIPWersja><sln:miejscIdTeryt>0037701</sln:miejscIdTeryt><sln:miejscNazwa>Borysowszczyzna</sln:miejscNazwa><sln:miejscRodzaj>Wieś</sln:miejscRodzaj><sln:powIIPId>91df982d-e4f0-4eb3-9f5c-a666d5eb9c5d</sln:powIIPId><sln:powIIPPn>PL.PZGIK.200</sln:powIIPPn><sln:powIIPWersja>2012-09-27T09:26:09+02:00</sln:powIIPWersja><sln:powIdTeryt>2010</sln:powIdTeryt><sln:powNazwa>siemiatycki</sln:powNazwa><sln:wojIIPId>53ad7aea-d9d3-40c9-9a5c-ff737d5b076e</sln:wojIIPId><sln:wojIIPPn>PL.PZGIK.200</sln:wojIIPPn><sln:wojIIPWersja>2017-10-10T00:00:00+02:00</sln:wojIIPWersja><sln:wojIdTeryt>20</sln:wojIdTeryt><sln:wojNazwa>podlaskie</sln:wojNazwa></sln:miejscowosc><sln:miejscowosc><sln:cyklZyciaOd>2015-04-27T00:00:00+02:00</sln:cyklZyciaOd><sln:gmIIPId>0f96d3bc-411b-4481-bcf7-a23ec243c0fb</sln:gmIIPId><sln:gmIIPPn>PL.PZGIK.200</sln:gmIIPPn><sln:gmIIPWersja>2012-09-26T22:16:54+02:00</sln:gmIIPWersja><sln:gmIdTeryt>2010072</sln:gmIdTeryt><sln:gmNazwa>Nurzec-Stacja</sln:gmNazwa><sln:miejscIIPId>0cd696e4-bb61-480a-9a0b-5d51756e1f0e</sln:miejscIIPId><sln:miejscIIPPn>PL.PZGIK.200</sln:miejscIIPPn><sln:miejscIIPWersja>2016-11-24T13:47:35+02:00</sln:miejscIIPWersja><sln:miejscIdTeryt>0037960</sln:miejscIdTeryt><sln:miejscNazwa>Telatycze</sln:miejscNazwa><sln:miejscRodzaj>Kolonia</sln:miejscRodzaj><sln:powIIPId>91df982d-e4f0-4eb3-9f5c-a666d5eb9c5d</sln:powIIPId><sln:powIIPPn>PL.PZGIK.200</sln:powIIPPn><sln:powIIPWersja>2012-09-27T09:26:09+02:00</sln:powIIPWersja><sln:powIdTeryt>2010</sln:powIdTeryt><sln:powNazwa>siemiatycki</sln:powNazwa><sln:wojIIPId>53ad7aea-d9d3-40c9-9a5c-ff737d5b076e</sln:wojIIPId><sln:wojIIPPn>PL.PZGIK.200</sln:wojIIPPn><sln:wojIIPWersja>2017-10-10T00:00:00+02:00</sln:wojIIPWersja><sln:wojIdTeryt>20</sln:wojIdTeryt><sln:wojNazwa>podlaskie</sln:wojNazwa></sln:miejscowosc><sln:miejscowosc><sln:cyklZyciaOd>2015-04-27T00:00:00+02:00</sln:cyklZyciaOd><sln:gmIIPId>0f96d3bc-411b-4481-bcf7-a23ec243c0fb</sln:gmIIPId><sln:gmIIPPn>PL.PZGIK.200</sln:gmIIPPn><sln:gmIIPWersja>2012-09-26T22:16:54+02:00</sln:gmIIPWersja><sln:gmIdTeryt>2010072</sln:gmIdTeryt><sln:gmNazwa>Nurzec-Stacja</sln:gmNazwa><sln:miejscIIPId>1db9af9c-7cee-41d5-8ce4-420c2f7a3bce</sln:miejscIIPId><sln:miejscIIPPn>PL.PZGIK.200</sln:miejscIIPPn><sln:miejscIIPWersja>2016-11-24T13:49:16+02:00</sln:miejscIIPWersja><sln:miejscIdTeryt>0038014</sln:miejscIdTeryt><sln:miejscNazwa>Grabarka</sln:miejscNazwa><sln:miejscRodzaj>Inny obiekt</sln:miejscRodzaj><sln:powIIPId>91df982d-e4f0-4eb3-9f5c-a666d5eb9c5d</sln:powIIPId><sln:powIIPPn>PL.PZGIK.200</sln:powIIPPn><sln:powIIPWersja>2012-09-27T09:26:09+02:00</sln:powIIPWersja><sln:powIdTeryt>2010</sln:powIdTeryt><sln:powNazwa>siemiatycki</sln:powNazwa><sln:wojIIPId>53ad7aea-d9d3-40c9-9a5c-ff737d5b076e</sln:wojIIPId><sln:wojIIPPn>PL.PZGIK.200</sln:wojIIPPn><sln:wojIIPWersja>2017-10-10T00:00:00+02:00</sln:wojIIPWersja><sln:wojIdTeryt>20</sln:wojIdTeryt><sln:wojNazwa>podlaskie</sln:wojNazwa></sln:miejscowosc><sln:miejscowosc><sln:cyklZyciaOd>2015-04-27T00:00:00+02:00</sln:cyklZyciaOd><sln:gmIIPId>0f96d3bc-411b-4481-bcf7-a23ec243c0fb</sln:gmIIPId><sln:gmIIPPn>PL.PZGIK.200</sln:gmIIPPn><sln:gmIIPWersja>2012-09-26T22:16:54+02:00</sln:gmIIPWersja><sln:gmIdTeryt>2010072</sln:gmIdTeryt><sln:gmNazwa>Nurzec-Stacja</sln:gmNazwa><sln:miejscIIPId>f26c34f0-bc4b-4351-ab12-08c5a54d566c</sln:miejscIIPId><sln:miejscIIPPn>PL.PZGIK.200</sln:miejscIIPPn><sln:miejscIIPWersja>2016-11-24T13:55:34+02:00</sln:miejscIIPWersja><sln:miejscIdTeryt>0037799</sln:miejscIdTeryt><sln:miejscNazwa>Klukowicze-Kolonia</sln:miejscNazwa><sln:miejscRodzaj>Inny obiekt</sln:miejscRodzaj><sln:powIIPId>91df982d-e4f0-4eb3-9f5c-a666d5eb9c5d</sln:powIIPId><sln:powIIPPn>PL.PZGIK.200</sln:powIIPPn><sln:powIIPWersja>2012-09-27T09:26:09+02:00</sln:powIIPWersja><sln:powIdTeryt>2010</sln:powIdTeryt><sln:powNazwa>siemiatycki</sln:powNazwa><sln:wojIIPId>53ad7aea-d9d3-40c9-9a5c-ff737d5b076e</sln:wojIIPId><sln:wojIIPPn>PL.PZGIK.200</sln:wojIIPPn><sln:wojIIPWersja>2017-10-10T00:00:00+02:00</sln:wojIIPWersja><sln:wojIdTeryt>20</sln:wojIdTeryt><sln:wojNazwa>podlaskie</sln:wojNazwa></sln:miejscowosc><sln:miejscowosc><sln:cyklZyciaOd>2015-04-27T00:00:00+02:00</sln:cyklZyciaOd><sln:gmIIPId>0f96d3bc-411b-4481-bcf7-a23ec243c0fb</sln:gmIIPId><sln:gmIIPPn>PL.PZGIK.200</sln:gmIIPPn><sln:gmIIPWersja>2012-09-26T22:16:54+02:00</sln:gmIIPWersja><sln:gmIdTeryt>2010072</sln:gmIdTeryt><sln:gmNazwa>Nurzec-Stacja</sln:gmNazwa><sln:miejscIIPId>d131f667-73ac-421f-be82-c7ad6e7ae87c</sln:miejscIIPId><sln:miejscIIPPn>PL.PZGIK.200</sln:miejscIIPPn><sln:miejscIIPWersja>2016-11-24T13:58:15+02:00</sln:miejscIIPWersja><sln:miejscIdTeryt>0037820</sln:miejscIdTeryt><sln:miejscNazwa>Nowosiółki</sln:miejscNazwa><sln:miejscRodzaj>Inny obiekt</sln:miejscRodzaj><sln:powIIPId>91df982d-e4f0-4eb3-9f5c-a666d5eb9c5d</sln:powIIPId><sln:powIIPPn>PL.PZGIK.200</sln:powIIPPn><sln:powIIPWersja>2012-09-27T09:26:09+02:00</sln:powIIPWersja><sln:powIdTeryt>2010</sln:powIdTeryt><sln:powNazwa>siemiatycki</sln:powNazwa><sln:wojIIPId>53ad7aea-d9d3-40c9-9a5c-ff737d5b076e</sln:wojIIPId><sln:wojIIPPn>PL.PZGIK.200</sln:wojIIPPn><sln:wojIIPWersja>2017-10-10T00:00:00+02:00</sln:wojIIPWersja><sln:wojIdTeryt>20</sln:wojIdTeryt><sln:wojNazwa>podlaskie</sln:wojNazwa></sln:miejscowosc><sln:miejscowosc><sln:cyklZyciaOd>2015-04-27T00:00:00+02:00</sln:cyklZyciaOd><sln:gmIIPId>0f96d3bc-411b-4481-bcf7-a23ec243c0fb</sln:gmIIPId><sln:gmIIPPn>PL.PZGIK.200</sln:gmIIPPn><sln:gmIIPWersja>2012-09-26T22:16:54+02:00</sln:gmIIPWersja><sln:gmIdTeryt>2010072</sln:gmIdTeryt><sln:gmNazwa>Nurzec-Stacja</sln:gmNazwa><sln:miejscIIPId>64bd99df-86d0-43bb-88f1-534450a280de</sln:miejscIIPId><sln:miejscIIPPn>PL.PZGIK.200</sln:miejscIIPPn><sln:miejscIIPWersja>2016-11-24T13:33:01+02:00</sln:miejscIIPWersja><sln:miejscIdTeryt>0038008</sln:miejscIdTeryt><sln:miejscNazwa>Werpol</sln:miejscNazwa><sln:miejscRodzaj>Wieś</sln:miejscRodzaj><sln:powIIPId>91df982d-e4f0-4eb3-9f5c-a666d5eb9c5d</sln:powIIPId><sln:powIIPPn>PL.PZGIK.200</sln:powIIPPn><sln:powIIPWersja>2012-09-27T09:26:09+02:00</sln:powIIPWersja><sln:powIdTeryt>2010</sln:powIdTeryt><sln:powNazwa>siemiatycki</sln:powNazwa><sln:wojIIPId>53ad7aea-d9d3-40c9-9a5c-ff737d5b076e</sln:wojIIPId><sln:wojIIPPn>PL.PZGIK.200</sln:wojIIPPn><sln:wojIIPWersja>2017-10-10T00:00:00+02:00</sln:wojIIPWersja><sln:wojIdTeryt>20</sln:wojIdTeryt><sln:wojNazwa>podlaskie</sln:wojNazwa></sln:miejscowosc><sln:miejscowosc><sln:cyklZyciaOd>2015-04-27T00:00:00+02:00</sln:cyklZyciaOd><sln:gmIIPId>0f96d3bc-411b-4481-bcf7-a23ec243c0fb</sln:gmIIPId><sln:gmIIPPn>PL.PZGIK.200</sln:gmIIPPn><sln:gmIIPWersja>2012-09-26T22:16:54+02:00</sln:gmIIPWersja><sln:gmIdTeryt>2010072</sln:gmIdTeryt><sln:gmNazwa>Nurzec-Stacja</sln:gmNazwa><sln:miejscIIPId>a26802d0-d1a8-4f42-8415-896754be50bf</sln:miejscIIPId><sln:miejscIIPPn>PL.PZGIK.200</sln:miejscIIPPn><sln:miejscIIPWersja>2016-11-24T13:33:55+02:00</sln:miejscIIPWersja><sln:miejscIdTeryt>0038037</sln:miejscIdTeryt><sln:miejscNazwa>Wyczółki</sln:miejscNazwa><sln:miejscRodzaj>Wieś</sln:miejscRodzaj><sln:powIIPId>91df982d-e4f0-4eb3-9f5c-a666d5eb9c5d</sln:powIIPId><sln:powIIPPn>PL.PZGIK.200</sln:powIIPPn><sln:powIIPWersja>2012-09-27T09:26:09+02:00</sln:powIIPWersja><sln:powIdTeryt>2010</sln:powIdTeryt><sln:powNazwa>siemiatycki</sln:powNazwa><sln:wojIIPId>53ad7aea-d9d3-40c9-9a5c-ff737d5b076e</sln:wojIIPId><sln:wojIIPPn>PL.PZGIK.200</sln:wojIIPPn><sln:wojIIPWersja>2017-10-10T00:00:00+02:00</sln:wojIIPWersja><sln:wojIdTeryt>20</sln:wojIdTeryt><sln:wojNazwa>podlaskie</sln:wojNazwa></sln:miejscowosc><sln:miejscowosc><sln:cyklZyciaOd>2015-04-27T00:00:00+02:00</sln:cyklZyciaOd><sln:gmIIPId>0f96d3bc-411b-4481-bcf7-a23ec243c0fb</sln:gmIIPId><sln:gmIIPPn>PL.PZGIK.200</sln:gmIIPPn><sln:gmIIPWersja>2012-09-26T22:16:54+02:00</sln:gmIIPWersja><sln:gmIdTeryt>2010072</sln:gmIdTeryt><sln:gmNazwa>Nurzec-Stacja</sln:gmNazwa><sln:miejscIIPId>691727d2-86d5-4acf-a783-b10c265fb234</sln:miejscIIPId><sln:miejscIIPPn>PL.PZGIK.200</sln:miejscIIPPn><sln:miejscIIPWersja>2016-11-24T13:45:54+02:00</sln:miejscIIPWersja><sln:miejscIdTeryt>0037693</sln:miejscIdTeryt><sln:miejscNazwa>Dąbrowa Leśna</sln:miejscNazwa><sln:miejscRodzaj>Osada leśna</sln:miejscRodzaj><sln:powIIPId>91df982d-e4f0-4eb3-9f5c-a666d5eb9c5d</sln:powIIPId><sln:powIIPPn>PL.PZGIK.200</sln:powIIPPn><sln:powIIPWersja>2012-09-27T09:26:09+02:00</sln:powIIPWersja><sln:powIdTeryt>2010</sln:powIdTeryt><sln:powNazwa>siemiatycki</sln:powNazwa><sln:wojIIPId>53ad7aea-d9d3-40c9-9a5c-ff737d5b076e</sln:wojIIPId><sln:wojIIPPn>PL.PZGIK.200</sln:wojIIPPn><sln:wojIIPWersja>2017-10-10T00:00:00+02:00</sln:wojIIPWersja><sln:wojIdTeryt>20</sln:wojIdTeryt><sln:wojNazwa>podlaskie</sln:wojNazwa></sln:miejscowosc><sln:miejscowosc><sln:cyklZyciaOd>2015-04-27T00:00:00+02:00</sln:cyklZyciaOd><sln:gmIIPId>0f96d3bc-411b-4481-bcf7-a23ec243c0fb</sln:gmIIPId><sln:gmIIPPn>PL.PZGIK.200</sln:gmIIPPn><sln:gmIIPWersja>2012-09-26T22:16:54+02:00</sln:gmIIPWersja><sln:gmIdTeryt>2010072</sln:gmIdTeryt><sln:gmNazwa>Nurzec-Stacja</sln:gmNazwa><sln:miejscIIPId>2d2f3015-220f-46f8-96c6-f29804b39e91</sln:miejscIIPId><sln:miejscIIPPn>PL.PZGIK.200</sln:miejscIIPPn><sln:miejscIIPWersja>2016-11-24T13:47:35+02:00</sln:miejscIIPWersja><sln:miejscIdTeryt>0037954</sln:miejscIdTeryt><sln:miejscNazwa>Anusin</sln:miejscNazwa><sln:miejscRodzaj>Kolonia</sln:miejscRodzaj><sln:powIIPId>91df982d-e4f0-4eb3-9f5c-a666d5eb9c5d</sln:powIIPId><sln:powIIPPn>PL.PZGIK.200</sln:powIIPPn><sln:powIIPWersja>2012-09-27T09:26:09+02:00</sln:powIIPWersja><sln:powIdTeryt>2010</sln:powIdTeryt><sln:powNazwa>siemiatycki</sln:powNazwa><sln:wojIIPId>53ad7aea-d9d3-40c9-9a5c-ff737d5b076e</sln:wojIIPId><sln:wojIIPPn>PL.PZGIK.200</sln:wojIIPPn><sln:wojIIPWersja>2017-10-10T00:00:00+02:00</sln:wojIIPWersja><sln:wojIdTeryt>20</sln:wojIdTeryt><sln:wojNazwa>podlaskie</sln:wojNazwa></sln:miejscowosc><sln:miejscowosc><sln:cyklZyciaOd>2015-04-27T00:00:00+02:00</sln:cyklZyciaOd><sln:gmIIPId>0f96d3bc-411b-4481-bcf7-a23ec243c0fb</sln:gmIIPId><sln:gmIIPPn>PL.PZGIK.200</sln:gmIIPPn><sln:gmIIPWersja>2012-09-26T22:16:54+02:00</sln:gmIIPWersja><sln:gmIdTeryt>2010072</sln:gmIdTeryt><sln:gmNazwa>Nurzec-Stacja</sln:gmNazwa><sln:miejscIIPId>963382de-0e42-47d2-a166-000b8d992544</sln:miejscIIPId><sln:miejscIIPPn>PL.PZGIK.200</sln:miejscIIPPn><sln:miejscIIPWersja>2016-11-24T13:58:15+02:00</sln:miejscIIPWersja><sln:miejscIdTeryt>0037836</sln:miejscIdTeryt><sln:miejscNazwa>Za Mostkiem</sln:miejscNazwa><sln:miejscRodzaj>Inny obiekt</sln:miejscRodzaj><sln:powIIPId>91df982d-e4f0-4eb3-9f5c-a666d5eb9c5d</sln:powIIPId><sln:powIIPPn>PL.PZGIK.200</sln:powIIPPn><sln:powIIPWersja>2012-09-27T09:26:09+02:00</sln:powIIPWersja><sln:powIdTeryt>2010</sln:powIdTeryt><sln:powNazwa>siemiatycki</sln:powNazwa><sln:wojIIPId>53ad7aea-d9d3-40c9-9a5c-ff737d5b076e</sln:wojIIPId><sln:wojIIPPn>PL.PZGIK.200</sln:wojIIPPn><sln:wojIIPWersja>2017-10-10T00:00:00+02:00</sln:wojIIPWersja><sln:wojIdTeryt>20</sln:wojIdTeryt><sln:wojNazwa>podlaskie</sln:wojNazwa></sln:miejscowosc><sln:miejscowosc><sln:cyklZyciaDo>2016-11-27T00:00:00+01:00</sln:cyklZyciaDo><sln:cyklZyciaOd>2015-04-27T00:00:00+02:00</sln:cyklZyciaOd><sln:gmIIPId>0f96d3bc-411b-4481-bcf7-a23ec243c0fb</sln:gmIIPId><sln:gmIIPPn>PL.PZGIK.200</sln:gmIIPPn><sln:gmIIPWersja>2012-09-26T22:16:54+02:00</sln:gmIIPWersja><sln:gmIdTeryt>2010072</sln:gmIdTeryt><sln:gmNazwa>Nurzec-Stacja</sln:gmNazwa><sln:miejscIIPId>df87c983-f8a8-4202-99b4-09bf3b828424</sln:miejscIIPId><sln:miejscIIPPn>PL.PZGIK.200</sln:miejscIIPPn><sln:miejscIIPWersja>2016-11-24T13:58:49+02:00</sln:miejscIIPWersja><sln:miejscIdTeryt>0037871</sln:miejscIdTeryt><sln:miejscNazwa>Nurzec-Kisielewo</sln:miejscNazwa><sln:miejscRodzaj>Kolonia</sln:miejscRodzaj><sln:powIIPId>91df982d-e4f0-4eb3-9f5c-a666d5eb9c5d</sln:powIIPId><sln:powIIPPn>PL.PZGIK.200</sln:powIIPPn><sln:powIIPWersja>2012-09-27T09:26:09+02:00</sln:powIIPWersja><sln:powIdTeryt>2010</sln:powIdTeryt><sln:powNazwa>siemiatycki</sln:powNazwa><sln:wojIIPId>53ad7aea-d9d3-40c9-9a5c-ff737d5b076e</sln:wojIIPId><sln:wojIIPPn>PL.PZGIK.200</sln:wojIIPPn><sln:wojIIPWersja>2017-10-10T00:00:00+02:00</sln:wojIIPWersja><sln:wojIdTeryt>20</sln:wojIdTeryt><sln:wojNazwa>podlaskie</sln:wojNazwa></sln:miejscowosc><sln:miejscowosc><sln:cyklZyciaOd>2015-04-27T00:00:00+02:00</sln:cyklZyciaOd><sln:gmIIPId>0f96d3bc-411b-4481-bcf7-a23ec243c0fb</sln:gmIIPId><sln:gmIIPPn>PL.PZGIK.200</sln:gmIIPPn><sln:gmIIPWersja>2012-09-26T22:16:54+02:00</sln:gmIIPWersja><sln:gmIdTeryt>2010072</sln:gmIdTeryt><sln:gmNazwa>Nurzec-Stacja</sln:gmNazwa><sln:miejscIIPId>171b4036-a139-43c2-9424-12db55964d69</sln:miejscIIPId><sln:miejscIIPPn>PL.PZGIK.200</sln:miejscIIPPn><sln:miejscIIPWersja>2016-11-24T13:42:43+02:00</sln:miejscIIPWersja><sln:miejscIdTeryt>0037813</sln:miejscIdTeryt><sln:miejscNazwa>Moszczona Pańska</sln:miejscNazwa><sln:miejscRodzaj>Wieś</sln:miejscRodzaj><sln:powIIPId>91df982d-e4f0-4eb3-9f5c-a666d5eb9c5d</sln:powIIPId><sln:powIIPPn>PL.PZGIK.200</sln:powIIPPn><sln:powIIPWersja>2012-09-27T09:26:09+02:00</sln:powIIPWersja><sln:powIdTeryt>2010</sln:powIdTeryt><sln:powNazwa>siemiatycki</sln:powNazwa><sln:wojIIPId>53ad7aea-d9d3-40c9-9a5c-ff737d5b076e</sln:wojIIPId><sln:wojIIPPn>PL.PZGIK.200</sln:wojIIPPn><sln:wojIIPWersja>2017-10-10T00:00:00+02:00</sln:wojIIPWersja><sln:wojIdTeryt>20</sln:wojIdTeryt><sln:wojNazwa>podlaskie</sln:wojNazwa></sln:miejscowosc><sln:miejscowosc><sln:cyklZyciaOd>2015-04-27T00:00:00+02:00</sln:cyklZyciaOd><sln:gmIIPId>0f96d3bc-411b-4481-bcf7-a23ec243c0fb</sln:gmIIPId><sln:gmIIPPn>PL.PZGIK.200</sln:gmIIPPn><sln:gmIIPWersja>2012-09-26T22:16:54+02:00</sln:gmIIPWersja><sln:gmIdTeryt>2010072</sln:gmIdTeryt><sln:gmNazwa>Nurzec-Stacja</sln:gmNazwa><sln:miejscIIPId>bf705dd4-1d71-4eae-abee-d1541ff985f8</sln:miejscIIPId><sln:miejscIIPPn>PL.PZGIK.200</sln:miejscIIPPn><sln:miejscIIPWersja>2016-11-24T13:29:16+02:00</sln:miejscIIPWersja><sln:miejscIdTeryt>0037687</sln:miejscIdTeryt><sln:miejscNazwa>Augustynka</sln:miejscNazwa><sln:miejscRodzaj>Wieś</sln:miejscRodzaj><sln:powIIPId>91df982d-e4f0-4eb3-9f5c-a666d5eb9c5d</sln:powIIPId><sln:powIIPPn>PL.PZGIK.200</sln:powIIPPn><sln:powIIPWersja>2012-09-27T09:26:09+02:00</sln:powIIPWersja><sln:powIdTeryt>2010</sln:powIdTeryt><sln:powNazwa>siemiatycki</sln:powNazwa><sln:wojIIPId>53ad7aea-d9d3-40c9-9a5c-ff737d5b076e</sln:wojIIPId><sln:wojIIPPn>PL.PZGIK.200</sln:wojIIPPn><sln:wojIIPWersja>2017-10-10T00:00:00+02:00</sln:wojIIPWersja><sln:wojIdTeryt>20</sln:wojIdTeryt><sln:wojNazwa>podlaskie</sln:wojNazwa></sln:miejscowosc><sln:miejscowosc><sln:cyklZyciaOd>2015-04-27T00:00:00+02:00</sln:cyklZyciaOd><sln:gmIIPId>0f96d3bc-411b-4481-bcf7-a23ec243c0fb</sln:gmIIPId><sln:gmIIPPn>PL.PZGIK.200</sln:gmIIPPn><sln:gmIIPWersja>2012-09-26T22:16:54+02:00</sln:gmIIPWersja><sln:gmIdTeryt>2010072</sln:gmIdTeryt><sln:gmNazwa>Nurzec-Stacja</sln:gmNazwa><sln:miejscIIPId>cf3495eb-0f5c-41ed-a158-f2841ff8c072</sln:miejscIIPId><sln:miejscIIPPn>PL.PZGIK.200</sln:miejscIIPPn><sln:miejscIIPWersja>2016-11-24T13:33:41+02:00</sln:miejscIIPWersja><sln:miejscIdTeryt>0037718</sln:miejscIdTeryt><sln:miejscNazwa>Chanie-Chursy</sln:miejscNazwa><sln:miejscRodzaj>Wieś</sln:miejscRodzaj><sln:powIIPId>91df982d-e4f0-4eb3-9f5c-a666d5eb9c5d</sln:powIIPId><sln:powIIPPn>PL.PZGIK.200</sln:powIIPPn><sln:powIIPWersja>2012-09-27T09:26:09+02:00</sln:powIIPWersja><sln:powIdTeryt>2010</sln:powIdTeryt><sln:powNazwa>siemiatycki</sln:powNazwa><sln:wojIIPId>53ad7aea-d9d3-40c9-9a5c-ff737d5b076e</sln:wojIIPId><sln:wojIIPPn>PL.PZGIK.200</sln:wojIIPPn><sln:wojIIPWersja>2017-10-10T00:00:00+02:00</sln:wojIIPWersja><sln:wojIdTeryt>20</sln:wojIdTeryt><sln:wojNazwa>podlaskie</sln:wojNazwa></sln:miejscowosc><sln:miejscowosc><sln:cyklZyciaOd>2015-04-27T00:00:00+02:00</sln:cyklZyciaOd><sln:gmIIPId>0f96d3bc-411b-4481-bcf7-a23ec243c0fb</sln:gmIIPId><sln:gmIIPPn>PL.PZGIK.200</sln:gmIIPPn><sln:gmIIPWersja>2012-09-26T22:16:54+02:00</sln:gmIIPWersja><sln:gmIdTeryt>2010072</sln:gmIdTeryt><sln:gmNazwa>Nurzec-Stacja</sln:gmNazwa><sln:miejscIIPId>b3c4c2bc-d914-4d86-9083-63daa2a1230e</sln:miejscIIPId><sln:miejscIIPPn>PL.PZGIK.200</sln:miejscIIPPn><sln:miejscIIPWersja>2016-11-24T13:34:02+02:00</sln:miejscIIPWersja><sln:miejscIdTeryt>0038043</sln:miejscIdTeryt><sln:miejscNazwa>Zabłocie</sln:miejscNazwa><sln:miejscRodzaj>Wieś</sln:miejscRodzaj><sln:powIIPId>91df982d-e4f0-4eb3-9f5c-a666d5eb9c5d</sln:powIIPId><sln:powIIPPn>PL.PZGIK.200</sln:powIIPPn><sln:powIIPWersja>2012-09-27T09:26:09+02:00</sln:powIIPWersja><sln:powIdTeryt>2010</sln:powIdTeryt><sln:powNazwa>siemiatycki</sln:powNazwa><sln:wojIIPId>53ad7aea-d9d3-40c9-9a5c-ff737d5b076e</sln:wojIIPId><sln:wojIIPPn>PL.PZGIK.200</sln:wojIIPPn><sln:wojIIPWersja>2017-10-10T00:00:00+02:00</sln:wojIIPWersja><sln:wojIdTeryt>20</sln:wojIdTeryt><sln:wojNazwa>podlaskie</sln:wojNazwa></sln:miejscowosc><sln:miejscowosc><sln:cyklZyciaOd>2015-04-27T00:00:00+02:00</sln:cyklZyciaOd><sln:gmIIPId>0f96d3bc-411b-4481-bcf7-a23ec243c0fb</sln:gmIIPId><sln:gmIIPPn>PL.PZGIK.200</sln:gmIIPPn><sln:gmIIPWersja>2012-09-26T22:16:54+02:00</sln:gmIIPWersja><sln:gmIdTeryt>2010072</sln:gmIdTeryt><sln:gmNazwa>Nurzec-Stacja</sln:gmNazwa><sln:miejscIIPId>2e8fb9bd-d705-47bc-8b88-0b65e809fffa</sln:miejscIIPId><sln:miejscIIPPn>PL.PZGIK.200</sln:miejscIIPPn><sln:miejscIIPWersja>2016-11-24T13:31:52+02:00</sln:miejscIIPWersja><sln:miejscIdTeryt>0037977</sln:miejscIdTeryt><sln:miejscNazwa>Sycze</sln:miejscNazwa><sln:miejscRodzaj>Wieś</sln:miejscRodzaj><sln:powIIPId>91df982d-e4f0-4eb3-9f5c-a666d5eb9c5d</sln:powIIPId><sln:powIIPPn>PL.PZGIK.200</sln:powIIPPn><sln:powIIPWersja>2012-09-27T09:26:09+02:00</sln:powIIPWersja><sln:powIdTeryt>2010</sln:powIdTeryt><sln:powNazwa>siemiatycki</sln:powNazwa><sln:wojIIPId>53ad7aea-d9d3-40c9-9a5c-ff737d5b076e</sln:wojIIPId><sln:wojIIPPn>PL.PZGIK.200</sln:wojIIPPn><sln:wojIIPWersja>2017-10-10T00:00:00+02:00</sln:wojIIPWersja><sln:wojIdTeryt>20</sln:wojIdTeryt><sln:wojNazwa>podlaskie</sln:wojNazwa></sln:miejscowosc><sln:miejscowosc><sln:cyklZyciaOd>2015-04-27T00:00:00+02:00</sln:cyklZyciaOd><sln:gmIIPId>0f96d3bc-411b-4481-bcf7-a23ec243c0fb</sln:gmIIPId><sln:gmIIPPn>PL.PZGIK.200</sln:gmIIPPn><sln:gmIIPWersja>2012-09-26T22:16:54+02:00</sln:gmIIPWersja><sln:gmIdTeryt>2010072</sln:gmIdTeryt><sln:gmNazwa>Nurzec-Stacja</sln:gmNazwa><sln:miejscIIPId>b2ad9e67-a715-4317-be6f-51ced99e7878</sln:miejscIIPId><sln:miejscIIPPn>PL.PZGIK.200</sln:miejscIIPPn><sln:miejscIIPWersja>2016-11-24T13:50:44+02:00</sln:miejscIIPWersja><sln:miejscIdTeryt>0038066</sln:miejscIdTeryt><sln:miejscNazwa>Tartak</sln:miejscNazwa><sln:miejscRodzaj>Kolonia</sln:miejscRodzaj><sln:powIIPId>91df982d-e4f0-4eb3-9f5c-a666d5eb9c5d</sln:powIIPId><sln:powIIPPn>PL.PZGIK.200</sln:powIIPPn><sln:powIIPWersja>2012-09-27T09:26:09+02:00</sln:powIIPWersja><sln:powIdTeryt>2010</sln:powIdTeryt><sln:powNazwa>siemiatycki</sln:powNazwa><sln:wojIIPId>53ad7aea-d9d3-40c9-9a5c-ff737d5b076e</sln:wojIIPId><sln:wojIIPPn>PL.PZGIK.200</sln:wojIIPPn><sln:wojIIPWersja>2017-10-10T00:00:00+02:00</sln:wojIIPWersja><sln:wojIdTeryt>20</sln:wojIdTeryt><sln:wojNazwa>podlaskie</sln:wojNazwa></sln:miejscowosc><sln:miejscowosc><sln:cyklZyciaOd>2015-04-27T00:00:00+02:00</sln:cyklZyciaOd><sln:gmIIPId>0f96d3bc-411b-4481-bcf7-a23ec243c0fb</sln:gmIIPId><sln:gmIIPPn>PL.PZGIK.200</sln:gmIIPPn><sln:gmIIPWersja>2012-09-26T22:16:54+02:00</sln:gmIIPWersja><sln:gmIdTeryt>2010072</sln:gmIdTeryt><sln:gmNazwa>Nurzec-Stacja</sln:gmNazwa><sln:miejscIIPId>10c0d0dc-d680-4018-90d7-66b3002876df</sln:miejscIIPId><sln:miejscIIPPn>PL.PZGIK.200</sln:miejscIIPPn><sln:miejscIIPWersja>2016-11-24T13:46:48+02:00</sln:miejscIIPWersja><sln:miejscIdTeryt>0037919</sln:miejscIdTeryt><sln:miejscNazwa>Owczarnia</sln:miejscNazwa><sln:miejscRodzaj>Inny obiekt</sln:miejscRodzaj><sln:powIIPId>91df982d-e4f0-4eb3-9f5c-a666d5eb9c5d</sln:powIIPId><sln:powIIPPn>PL.PZGIK.200</sln:powIIPPn><sln:powIIPWersja>2012-09-27T09:26:09+02:00</sln:powIIPWersja><sln:powIdTeryt>2010</sln:powIdTeryt><sln:powNazwa>siemiatycki</sln:powNazwa><sln:wojIIPId>53ad7aea-d9d3-40c9-9a5c-ff737d5b076e</sln:wojIIPId><sln:wojIIPPn>PL.PZGIK.200</sln:wojIIPPn><sln:wojIIPWersja>2017-10-10T00:00:00+02:00</sln:wojIIPWersja><sln:wojIdTeryt>20</sln:wojIdTeryt><sln:wojNazwa>podlaskie</sln:wojNazwa></sln:miejscowosc><sln:miejscowosc><sln:cyklZyciaOd>2015-04-27T00:00:00+02:00</sln:cyklZyciaOd><sln:gmIIPId>0f96d3bc-411b-4481-bcf7-a23ec243c0fb</sln:gmIIPId><sln:gmIIPPn>PL.PZGIK.200</sln:gmIIPPn><sln:gmIIPWersja>2012-09-26T22:16:54+02:00</sln:gmIIPWersja><sln:gmIdTeryt>2010072</sln:gmIdTeryt><sln:gmNazwa>Nurzec-Stacja</sln:gmNazwa><sln:miejscIIPId>65112cd9-a5e0-4a11-8354-49a60106a977</sln:miejscIIPId><sln:miejscIIPPn>PL.PZGIK.200</sln:miejscIIPPn><sln:miejscIIPWersja>2016-11-24T13:28:11+02:00</sln:miejscIIPWersja><sln:miejscIdTeryt>0037990</sln:miejscIdTeryt><sln:miejscNazwa>Piszczatka</sln:miejscNazwa><sln:miejscRodzaj>Wieś</sln:miejscRodzaj><sln:powIIPId>91df982d-e4f0-4eb3-9f5c-a666d5eb9c5d</sln:powIIPId><sln:powIIPPn>PL.PZGIK.200</sln:powIIPPn><sln:powIIPWersja>2012-09-27T09:26:09+02:00</sln:powIIPWersja><sln:powIdTeryt>2010</sln:powIdTeryt><sln:powNazwa>siemiatycki</sln:powNazwa><sln:wojIIPId>53ad7aea-d9d3-40c9-9a5c-ff737d5b076e</sln:wojIIPId><sln:wojIIPPn>PL.PZGIK.200</sln:wojIIPPn><sln:wojIIPWersja>2017-10-10T00:00:00+02:00</sln:wojIIPWersja><sln:wojIdTeryt>20</sln:wojIdTeryt><sln:wojNazwa>podlaskie</sln:wojNazwa></sln:miejscowosc><sln:miejscowosc><sln:cyklZyciaOd>2015-04-27T00:00:00+02:00</sln:cyklZyciaOd><sln:gmIIPId>0f96d3bc-411b-4481-bcf7-a23ec243c0fb</sln:gmIIPId><sln:gmIIPPn>PL.PZGIK.200</sln:gmIIPPn><sln:gmIIPWersja>2012-09-26T22:16:54+02:00</sln:gmIIPWersja><sln:gmIdTeryt>2010072</sln:gmIdTeryt><sln:gmNazwa>Nurzec-Stacja</sln:gmNazwa><sln:miejscIIPId>b27b3751-92a0-4bc1-a5a1-44db336b14fa</sln:miejscIIPId><sln:miejscIIPPn>PL.PZGIK.200</sln:miejscIIPPn><sln:miejscIIPWersja>2016-11-24T13:43:39+02:00</sln:miejscIIPWersja><sln:miejscIdTeryt>0037888</sln:miejscIdTeryt><sln:miejscNazwa>Nurzec-Kolonia</sln:miejscNazwa><sln:miejscRodzaj>Wieś</sln:miejscRodzaj><sln:powIIPId>91df982d-e4f0-4eb3-9f5c-a666d5eb9c5d</sln:powIIPId><sln:powIIPPn>PL.PZGIK.200</sln:powIIPPn><sln:powIIPWersja>2012-09-27T09:26:09+02:00</sln:powIIPWersja><sln:powIdTeryt>2010</sln:powIdTeryt><sln:powNazwa>siemiatycki</sln:powNazwa><sln:wojIIPId>53ad7aea-d9d3-40c9-9a5c-ff737d5b076e</sln:wojIIPId><sln:wojIIPPn>PL.PZGIK.200</sln:wojIIPPn><sln:wojIIPWersja>2017-10-10T00:00:00+02:00</sln:wojIIPWersja><sln:wojIdTeryt>20</sln:wojIdTeryt><sln:wojNazwa>podlaskie</sln:wojNazwa></sln:miejscowosc><sln:miejscowosc><sln:cyklZyciaOd>2015-04-27T00:00:00+02:00</sln:cyklZyciaOd><sln:gmIIPId>0f96d3bc-411b-4481-bcf7-a23ec243c0fb</sln:gmIIPId><sln:gmIIPPn>PL.PZGIK.200</sln:gmIIPPn><sln:gmIIPWersja>2012-09-26T22:16:54+02:00</sln:gmIIPWersja><sln:gmIdTeryt>2010072</sln:gmIdTeryt><sln:gmNazwa>Nurzec-Stacja</sln:gmNazwa><sln:miejscIIPId>ee8d1d44-8b2a-4a38-aea3-fded9ed3995f</sln:miejscIIPId><sln:miejscIIPPn>PL.PZGIK.200</sln:miejscIIPPn><sln:miejscIIPWersja>2016-11-24T13:37:44+02:00</sln:miejscIIPWersja><sln:miejscIdTeryt>0037747</sln:miejscIdTeryt><sln:miejscNazwa>Grabarka</sln:miejscNazwa><sln:miejscRodzaj>Wieś</sln:miejscRodzaj><sln:powIIPId>91df982d-e4f0-4eb3-9f5c-a666d5eb9c5d</sln:powIIPId><sln:powIIPPn>PL.PZGIK.200</sln:powIIPPn><sln:powIIPWersja>2012-09-27T09:26:09+02:00</sln:powIIPWersja><sln:powIdTeryt>2010</sln:powIdTeryt><sln:powNazwa>siemiatycki</sln:powNazwa><sln:wojIIPId>53ad7aea-d9d3-40c9-9a5c-ff737d5b076e</sln:wojIIPId><sln:wojIIPPn>PL.PZGIK.200</sln:wojIIPPn><sln:wojIIPWersja>2017-10-10T00:00:00+02:00</sln:wojIIPWersja><sln:wojIdTeryt>20</sln:wojIdTeryt><sln:wojNazwa>podlaskie</sln:wojNazwa></sln:miejscowosc><sln:miejscowosc><sln:cyklZyciaOd>2015-04-27T00:00:00+02:00</sln:cyklZyciaOd><sln:gmIIPId>0f96d3bc-411b-4481-bcf7-a23ec243c0fb</sln:gmIIPId><sln:gmIIPPn>PL.PZGIK.200</sln:gmIIPPn><sln:gmIIPWersja>2012-09-26T22:16:54+02:00</sln:gmIIPWersja><sln:gmIdTeryt>2010072</sln:gmIdTeryt><sln:gmNazwa>Nurzec-Stacja</sln:gmNazwa><sln:miejscIIPId>9d7cee2b-5a42-4f7b-bca1-7ed87208dda2</sln:miejscIIPId><sln:miejscIIPPn>PL.PZGIK.200</sln:miejscIIPPn><sln:miejscIIPWersja>2016-11-24T13:54:16+02:00</sln:miejscIIPWersja><sln:miejscIdTeryt>0037753</sln:miejscIdTeryt><sln:miejscNazwa>Grabarka-Klasztor</sln:miejscNazwa><sln:miejscRodzaj>Osada</sln:miejscRodzaj><sln:powIIPId>91df982d-e4f0-4eb3-9f5c-a666d5eb9c5d</sln:powIIPId><sln:powIIPPn>PL.PZGIK.200</sln:powIIPPn><sln:powIIPWersja>2012-09-27T09:26:09+02:00</sln:powIIPWersja><sln:powIdTeryt>2010</sln:powIdTeryt><sln:powNazwa>siemiatycki</sln:powNazwa><sln:wojIIPId>53ad7aea-d9d3-40c9-9a5c-ff737d5b076e</sln:wojIIPId><sln:wojIIPPn>PL.PZGIK.200</sln:wojIIPPn><sln:wojIIPWersja>2017-10-10T00:00:00+02:00</sln:wojIIPWersja><sln:wojIdTeryt>20</sln:wojIdTeryt><sln:wojNazwa>podlaskie</sln:wojNazwa></sln:miejscowosc><sln:miejscowosc><sln:cyklZyciaOd>2015-04-27T00:00:00+02:00</sln:cyklZyciaOd><sln:gmIIPId>0f96d3bc-411b-4481-bcf7-a23ec243c0fb</sln:gmIIPId><sln:gmIIPPn>PL.PZGIK.200</sln:gmIIPPn><sln:gmIIPWersja>2012-09-26T22:16:54+02:00</sln:gmIIPWersja><sln:gmIdTeryt>2010072</sln:gmIdTeryt><sln:gmNazwa>Nurzec-Stacja</sln:gmNazwa><sln:miejscIIPId>1c14fd58-4a96-4f12-b387-fa46cface032</sln:miejscIIPId><sln:miejscIIPPn>PL.PZGIK.200</sln:miejscIIPPn><sln:miejscIIPWersja>2016-11-24T13:46:48+02:00</sln:miejscIIPWersja><sln:miejscIdTeryt>0037925</sln:miejscIdTeryt><sln:miejscNazwa>Terebuny</sln:miejscNazwa><sln:miejscRodzaj>Inny obiekt</sln:miejscRodzaj><sln:powIIPId>91df982d-e4f0-4eb3-9f5c-a666d5eb9c5d</sln:powIIPId><sln:powIIPPn>PL.PZGIK.200</sln:powIIPPn><sln:powIIPWersja>2012-09-27T09:26:09+02:00</sln:powIIPWersja><sln:powIdTeryt>2010</sln:powIdTeryt><sln:powNazwa>siemiatycki</sln:powNazwa><sln:wojIIPId>53ad7aea-d9d3-40c9-9a5c-ff737d5b076e</sln:wojIIPId><sln:wojIIPPn>PL.PZGIK.200</sln:wojIIPPn><sln:wojIIPWersja>2017-10-10T00:00:00+02:00</sln:wojIIPWersja><sln:wojIdTeryt>20</sln:wojIdTeryt><sln:wojNazwa>podlaskie</sln:wojNazwa></sln:miejscowosc><sln:miejscowosc><sln:cyklZyciaOd>2015-04-27T00:00:00+02:00</sln:cyklZyciaOd><sln:gmIIPId>0f96d3bc-411b-4481-bcf7-a23ec243c0fb</sln:gmIIPId><sln:gmIIPPn>PL.PZGIK.200</sln:gmIIPPn><sln:gmIIPWersja>2012-09-26T22:16:54+02:00</sln:gmIIPWersja><sln:gmIdTeryt>2010072</sln:gmIdTeryt><sln:gmNazwa>Nurzec-Stacja</sln:gmNazwa><sln:miejscIIPId>20c0e117-194c-46c1-9568-181fff48b48a</sln:miejscIIPId><sln:miejscIIPPn>PL.PZGIK.200</sln:miejscIIPPn><sln:miejscIIPWersja>2016-11-24T13:30:34+02:00</sln:miejscIIPWersja><sln:miejscIdTeryt>0037902</sln:miejscIdTeryt><sln:miejscNazwa>Siemichocze</sln:miejscNazwa><sln:miejscRodzaj>Wieś</sln:miejscRodzaj><sln:powIIPId>91df982d-e4f0-4eb3-9f5c-a666d5eb9c5d</sln:powIIPId><sln:powIIPPn>PL.PZGIK.200</sln:powIIPPn><sln:powIIPWersja>2012-09-27T09:26:09+02:00</sln:powIIPWersja><sln:powIdTeryt>2010</sln:powIdTeryt><sln:powNazwa>siemiatycki</sln:powNazwa><sln:wojIIPId>53ad7aea-d9d3-40c9-9a5c-ff737d5b076e</sln:wojIIPId><sln:wojIIPPn>PL.PZGIK.200</sln:wojIIPPn><sln:wojIIPWersja>2017-10-10T00:00:00+02:00</sln:wojIIPWersja><sln:wojIdTeryt>20</sln:wojIdTeryt><sln:wojNazwa>podlaskie</sln:wojNazwa></sln:miejscowosc><sln:miejscowosc><sln:cyklZyciaOd>2016-11-27T00:00:00+01:00</sln:cyklZyciaOd><sln:gmIIPId>0f96d3bc-411b-4481-bcf7-a23ec243c0fb</sln:gmIIPId><sln:gmIIPPn>PL.PZGIK.200</sln:gmIIPPn><sln:gmIIPWersja>2012-09-26T22:16:54+02:00</sln:gmIIPWersja><sln:gmIdTeryt>2010072</sln:gmIdTeryt><sln:gmNazwa>Nurzec-Stacja</sln:gmNazwa><sln:miejscIIPId>df87c983-f8a8-4202-99b4-09bf3b828424</sln:miejscIIPId><sln:miejscIIPPn>PL.PZGIK.200</sln:miejscIIPPn><sln:miejscIIPWersja>2016-11-27T07:43:26+02:00</sln:miejscIIPWersja><sln:miejscIdTeryt>0037888</sln:miejscIdTeryt><sln:miejscNIIPId>8123f2f5-5b45-48dc-a5f5-80b79eb7e5c9</sln:miejscNIIPId><sln:miejscNIIPPn>PL.PZGIK.200</sln:miejscNIIPPn><sln:miejscNIIPWersja>2016-11-24T13:43:39+02:00</sln:miejscNIIPWersja><sln:miejscNIdTeryt>0037865</sln:miejscNIdTeryt><sln:miejscNNazwa>Nurzec</sln:miejscNNazwa><sln:miejscNRodzaj>Wieś</sln:miejscNRodzaj><sln:miejscNazwa>Nurzec-Kolonia</sln:miejscNazwa><sln:miejscRodzaj>Kolonia</sln:miejscRodzaj><sln:powIIPId>91df982d-e4f0-4eb3-9f5c-a666d5eb9c5d</sln:powIIPId><sln:powIIPPn>PL.PZGIK.200</sln:powIIPPn><sln:powIIPWersja>2012-09-27T09:26:09+02:00</sln:powIIPWersja><sln:powIdTeryt>2010</sln:powIdTeryt><sln:powNazwa>siemiatycki</sln:powNazwa><sln:wojIIPId>53ad7aea-d9d3-40c9-9a5c-ff737d5b076e</sln:wojIIPId><sln:wojIIPPn>PL.PZGIK.200</sln:wojIIPPn><sln:wojIIPWersja>2017-10-10T00:00:00+02:00</sln:wojIIPWersja><sln:wojIdTeryt>20</sln:wojIdTeryt><sln:wojNazwa>podlaskie</sln:wojNazwa></sln:miejscowosc></sln:lista-miejscowosci>