<?xml version="1.0" encoding="UTF-8" standalone="yes"?><sln:lista-miejscowosci xmlns:srv="http://gugik.gov.pl/schemas/slowniki-service/1.0" xmlns:sln="http://gugik.gov.pl/schemas/slowniki-schema/1.0"><sln:miejscowosc><sln:cyklZyciaDo>2017-04-11T00:00:00+02:00</sln:cyklZyciaDo><sln:cyklZyciaOd>2015-10-28T00:00:00+01:00</sln:cyklZyciaOd><sln:gmIIPId>4a3c36ef-ad94-4dbc-9720-ea1edd1ee678</sln:gmIIPId><sln:gmIIPPn>PL.PZGIK.200</sln:gmIIPPn><sln:gmIIPWersja>2012-09-26T22:14:52+02:00</sln:gmIIPWersja><sln:gmIdTeryt>2001052</sln:gmIdTeryt><sln:gmNazwa>Nowinka</sln:gmNazwa><sln:miejscIIPId>309ef5f7-11a5-44c4-90fe-db675cf942cf</sln:miejscIIPId><sln:miejscIIPPn>PL.PZGIK.200</sln:miejscIIPPn><sln:miejscIIPWersja>2016-11-24T12:30:40+02:00</sln:miejscIIPWersja><sln:miejscIdTeryt>0762804</sln:miejscIdTeryt><sln:miejscNazwa>Ateny</sln:miejscNazwa><sln:miejscRodzaj>Wieś</sln:miejscRodzaj><sln:powIIPId>46c53311-3b2d-4273-87c6-92817f4b877e</sln:powIIPId><sln:powIIPPn>PL.PZGIK.200</sln:powIIPPn><sln:powIIPWersja>2017-10-10T00:00:00+02:00</sln:powIIPWersja><sln:powIdTeryt>2001</sln:powIdTeryt><sln:powNazwa>augustowski</sln:powNazwa><sln:waznyOd>2013-12-20T00:00:00+01:00</sln:waznyOd><sln:wojIIPId>53ad7aea-d9d3-40c9-9a5c-ff737d5b076e</sln:wojIIPId><sln:wojIIPPn>PL.PZGIK.200</sln:wojIIPPn><sln:wojIIPWersja>2017-10-10T00:00:00+02:00</sln:wojIIPWersja><sln:wojIdTeryt>20</sln:wojIdTeryt><sln:wojNazwa>podlaskie</sln:wojNazwa></sln:miejscowosc><sln:miejscowosc><sln:cyklZyciaDo>2017-04-11T00:00:00+02:00</sln:cyklZyciaDo><sln:cyklZyciaOd>2015-10-28T00:00:00+01:00</sln:cyklZyciaOd><sln:gmIIPId>4a3c36ef-ad94-4dbc-9720-ea1edd1ee678</sln:gmIIPId><sln:gmIIPPn>PL.PZGIK.200</sln:gmIIPPn><sln:gmIIPWersja>2012-09-26T22:14:52+02:00</sln:gmIIPWersja><sln:gmIdTeryt>2001052</sln:gmIdTeryt><sln:gmNazwa>Nowinka</sln:gmNazwa><sln:miejscIIPId>08072071-34c6-4b60-8395-4257aee9190f</sln:miejscIIPId><sln:miejscIIPPn>PL.PZGIK.200</sln:miejscIIPPn><sln:miejscIIPWersja>2016-11-24T12:30:40+02:00</sln:miejscIIPWersja><sln:miejscIdTeryt>0762827</sln:miejscIdTeryt><sln:miejscNazwa>Barszczowa Góra</sln:miejscNazwa><sln:miejscRodzaj>Wieś</sln:miejscRodzaj><sln:powIIPId>46c53311-3b2d-4273-87c6-92817f4b877e</sln:powIIPId><sln:powIIPPn>PL.PZGIK.200</sln:powIIPPn><sln:powIIPWersja>2017-10-10T00:00:00+02:00</sln:powIIPWersja><sln:powIdTeryt>2001</sln:powIdTeryt><sln:powNazwa>augustowski</sln:powNazwa><sln:waznyOd>2013-12-20T00:00:00+01:00</sln:waznyOd><sln:wojIIPId>53ad7aea-d9d3-40c9-9a5c-ff737d5b076e</sln:wojIIPId><sln:wojIIPPn>PL.PZGIK.200</sln:wojIIPPn><sln:wojIIPWersja>2017-10-10T00:00:00+02:00</sln:wojIIPWersja><sln:wojIdTeryt>20</sln:wojIdTeryt><sln:wojNazwa>podlaskie</sln:wojNazwa></sln:miejscowosc><sln:miejscowosc><sln:cyklZyciaDo>2017-04-11T00:00:00+02:00</sln:cyklZyciaDo><sln:cyklZyciaOd>2015-10-28T00:00:00+01:00</sln:cyklZyciaOd><sln:gmIIPId>4a3c36ef-ad94-4dbc-9720-ea1edd1ee678</sln:gmIIPId><sln:gmIIPPn>PL.PZGIK.200</sln:gmIIPPn><sln:gmIIPWersja>2012-09-26T22:14:52+02:00</sln:gmIIPWersja><sln:gmIdTeryt>2001052</sln:gmIdTeryt><sln:gmNazwa>Nowinka</sln:gmNazwa><sln:miejscIIPId>e0fa5a52-4255-4c70-a18e-d5a78c32cad4</sln:miejscIIPId><sln:miejscIIPPn>PL.PZGIK.200</sln:miejscIIPPn><sln:miejscIIPWersja>2016-11-24T12:30:40+02:00</sln:miejscIIPWersja><sln:miejscIdTeryt>0762840</sln:miejscIdTeryt><sln:miejscNazwa>Blizna</sln:miejscNazwa><sln:miejscRodzaj>Wieś</sln:miejscRodzaj><sln:powIIPId>46c53311-3b2d-4273-87c6-92817f4b877e</sln:powIIPId><sln:powIIPPn>PL.PZGIK.200</sln:powIIPPn><sln:powIIPWersja>2017-10-10T00:00:00+02:00</sln:powIIPWersja><sln:powIdTeryt>2001</sln:powIdTeryt><sln:powNazwa>augustowski</sln:powNazwa><sln:waznyOd>2013-12-20T00:00:00+01:00</sln:waznyOd><sln:wojIIPId>53ad7aea-d9d3-40c9-9a5c-ff737d5b076e</sln:wojIIPId><sln:wojIIPPn>PL.PZGIK.200</sln:wojIIPPn><sln:wojIIPWersja>2017-10-10T00:00:00+02:00</sln:wojIIPWersja><sln:wojIdTeryt>20</sln:wojIdTeryt><sln:wojNazwa>podlaskie</sln:wojNazwa></sln:miejscowosc><sln:miejscowosc><sln:cyklZyciaDo>2017-04-11T00:00:00+02:00</sln:cyklZyciaDo><sln:cyklZyciaOd>2015-10-28T00:00:00+01:00</sln:cyklZyciaOd><sln:gmIIPId>4a3c36ef-ad94-4dbc-9720-ea1edd1ee678</sln:gmIIPId><sln:gmIIPPn>PL.PZGIK.200</sln:gmIIPPn><sln:gmIIPWersja>2012-09-26T22:14:52+02:00</sln:gmIIPWersja><sln:gmIdTeryt>2001052</sln:gmIdTeryt><sln:gmNazwa>Nowinka</sln:gmNazwa><sln:miejscIIPId>5fcbdf07-81f4-4be8-8a34-749db301b57c</sln:miejscIIPId><sln:miejscIIPPn>PL.PZGIK.200</sln:miejscIIPPn><sln:miejscIIPWersja>2016-11-24T12:30:40+02:00</sln:miejscIIPWersja><sln:miejscIdTeryt>0762862</sln:miejscIdTeryt><sln:miejscNazwa>Bryzgiel</sln:miejscNazwa><sln:miejscRodzaj>Wieś</sln:miejscRodzaj><sln:powIIPId>46c53311-3b2d-4273-87c6-92817f4b877e</sln:powIIPId><sln:powIIPPn>PL.PZGIK.200</sln:powIIPPn><sln:powIIPWersja>2017-10-10T00:00:00+02:00</sln:powIIPWersja><sln:powIdTeryt>2001</sln:powIdTeryt><sln:powNazwa>augustowski</sln:powNazwa><sln:waznyOd>2013-12-20T00:00:00+01:00</sln:waznyOd><sln:wojIIPId>53ad7aea-d9d3-40c9-9a5c-ff737d5b076e</sln:wojIIPId><sln:wojIIPPn>PL.PZGIK.200</sln:wojIIPPn><sln:wojIIPWersja>2017-10-10T00:00:00+02:00</sln:wojIIPWersja><sln:wojIdTeryt>20</sln:wojIdTeryt><sln:wojNazwa>podlaskie</sln:wojNazwa></sln:miejscowosc><sln:miejscowosc><sln:cyklZyciaDo>2017-04-11T00:00:00+02:00</sln:cyklZyciaDo><sln:cyklZyciaOd>2015-10-28T00:00:00+01:00</sln:cyklZyciaOd><sln:gmIIPId>4a3c36ef-ad94-4dbc-9720-ea1edd1ee678</sln:gmIIPId><sln:gmIIPPn>PL.PZGIK.200</sln:gmIIPPn><sln:gmIIPWersja>2012-09-26T22:14:52+02:00</sln:gmIIPWersja><sln:gmIdTeryt>2001052</sln:gmIdTeryt><sln:gmNazwa>Nowinka</sln:gmNazwa><sln:miejscIIPId>6476237e-ca8d-48cc-80e3-f929d1c74b91</sln:miejscIIPId><sln:miejscIIPPn>PL.PZGIK.200</sln:miejscIIPPn><sln:miejscIIPWersja>2016-11-24T12:30:40+02:00</sln:miejscIIPWersja><sln:miejscIdTeryt>0762885</sln:miejscIdTeryt><sln:miejscNazwa>Cisówek</sln:miejscNazwa><sln:miejscRodzaj>Wieś</sln:miejscRodzaj><sln:powIIPId>46c53311-3b2d-4273-87c6-92817f4b877e</sln:powIIPId><sln:powIIPPn>PL.PZGIK.200</sln:powIIPPn><sln:powIIPWersja>2017-10-10T00:00:00+02:00</sln:powIIPWersja><sln:powIdTeryt>2001</sln:powIdTeryt><sln:powNazwa>augustowski</sln:powNazwa><sln:waznyOd>2013-12-20T00:00:00+01:00</sln:waznyOd><sln:wojIIPId>53ad7aea-d9d3-40c9-9a5c-ff737d5b076e</sln:wojIIPId><sln:wojIIPPn>PL.PZGIK.200</sln:wojIIPPn><sln:wojIIPWersja>2017-10-10T00:00:00+02:00</sln:wojIIPWersja><sln:wojIdTeryt>20</sln:wojIdTeryt><sln:wojNazwa>podlaskie</sln:wojNazwa></sln:miejscowosc><sln:miejscowosc><sln:cyklZyciaDo>2017-04-11T00:00:00+02:00</sln:cyklZyciaDo><sln:cyklZyciaOd>2015-10-28T00:00:00+01:00</sln:cyklZyciaOd><sln:gmIIPId>4a3c36ef-ad94-4dbc-9720-ea1edd1ee678</sln:gmIIPId><sln:gmIIPPn>PL.PZGIK.200</sln:gmIIPPn><sln:gmIIPWersja>2012-09-26T22:14:52+02:00</sln:gmIIPWersja><sln:gmIdTeryt>2001052</sln:gmIdTeryt><sln:gmNazwa>Nowinka</sln:gmNazwa><sln:miejscIIPId>403f58f1-d3c3-4d04-a37f-fbe1b362a06f</sln:miejscIIPId><sln:miejscIIPPn>PL.PZGIK.200</sln:miejscIIPPn><sln:miejscIIPWersja>2016-11-24T12:30:40+02:00</sln:miejscIIPWersja><sln:miejscIdTeryt>0762891</sln:miejscIdTeryt><sln:miejscNazwa>Danowskie</sln:miejscNazwa><sln:miejscRodzaj>Wieś</sln:miejscRodzaj><sln:powIIPId>46c53311-3b2d-4273-87c6-92817f4b877e</sln:powIIPId><sln:powIIPPn>PL.PZGIK.200</sln:powIIPPn><sln:powIIPWersja>2017-10-10T00:00:00+02:00</sln:powIIPWersja><sln:powIdTeryt>2001</sln:powIdTeryt><sln:powNazwa>augustowski</sln:powNazwa><sln:waznyOd>2013-12-20T00:00:00+01:00</sln:waznyOd><sln:wojIIPId>53ad7aea-d9d3-40c9-9a5c-ff737d5b076e</sln:wojIIPId><sln:wojIIPPn>PL.PZGIK.200</sln:wojIIPPn><sln:wojIIPWersja>2017-10-10T00:00:00+02:00</sln:wojIIPWersja><sln:wojIdTeryt>20</sln:wojIdTeryt><sln:wojNazwa>podlaskie</sln:wojNazwa></sln:miejscowosc><sln:miejscowosc><sln:cyklZyciaDo>2017-04-11T00:00:00+02:00</sln:cyklZyciaDo><sln:cyklZyciaOd>2015-10-28T00:00:00+01:00</sln:cyklZyciaOd><sln:gmIIPId>4a3c36ef-ad94-4dbc-9720-ea1edd1ee678</sln:gmIIPId><sln:gmIIPPn>PL.PZGIK.200</sln:gmIIPPn><sln:gmIIPWersja>2012-09-26T22:14:52+02:00</sln:gmIIPWersja><sln:gmIdTeryt>2001052</sln:gmIdTeryt><sln:gmNazwa>Nowinka</sln:gmNazwa><sln:miejscIIPId>95025552-7337-4746-b89d-6feba84df8b7</sln:miejscIIPId><sln:miejscIIPPn>PL.PZGIK.200</sln:miejscIIPPn><sln:miejscIIPWersja>2016-11-24T12:30:40+02:00</sln:miejscIIPWersja><sln:miejscIdTeryt>0762974</sln:miejscIdTeryt><sln:miejscNazwa>Gatne Drugie</sln:miejscNazwa><sln:miejscRodzaj>Wieś</sln:miejscRodzaj><sln:powIIPId>46c53311-3b2d-4273-87c6-92817f4b877e</sln:powIIPId><sln:powIIPPn>PL.PZGIK.200</sln:powIIPPn><sln:powIIPWersja>2017-10-10T00:00:00+02:00</sln:powIIPWersja><sln:powIdTeryt>2001</sln:powIdTeryt><sln:powNazwa>augustowski</sln:powNazwa><sln:waznyOd>2013-12-20T00:00:00+01:00</sln:waznyOd><sln:wojIIPId>53ad7aea-d9d3-40c9-9a5c-ff737d5b076e</sln:wojIIPId><sln:wojIIPPn>PL.PZGIK.200</sln:wojIIPPn><sln:wojIIPWersja>2017-10-10T00:00:00+02:00</sln:wojIIPWersja><sln:wojIdTeryt>20</sln:wojIdTeryt><sln:wojNazwa>podlaskie</sln:wojNazwa></sln:miejscowosc><sln:miejscowosc><sln:cyklZyciaDo>2017-04-11T00:00:00+02:00</sln:cyklZyciaDo><sln:cyklZyciaOd>2015-10-28T00:00:00+01:00</sln:cyklZyciaOd><sln:gmIIPId>4a3c36ef-ad94-4dbc-9720-ea1edd1ee678</sln:gmIIPId><sln:gmIIPPn>PL.PZGIK.200</sln:gmIIPPn><sln:gmIIPWersja>2012-09-26T22:14:52+02:00</sln:gmIIPWersja><sln:gmIdTeryt>2001052</sln:gmIdTeryt><sln:gmNazwa>Nowinka</sln:gmNazwa><sln:miejscIIPId>cc630b2f-89c8-42c7-ad4b-ec0d237e9828</sln:miejscIIPId><sln:miejscIIPPn>PL.PZGIK.200</sln:miejscIIPPn><sln:miejscIIPWersja>2016-11-24T12:30:40+02:00</sln:miejscIIPWersja><sln:miejscIdTeryt>0763169</sln:miejscIdTeryt><sln:miejscNazwa>Gatne Pierwsze</sln:miejscNazwa><sln:miejscRodzaj>Wieś</sln:miejscRodzaj><sln:powIIPId>46c53311-3b2d-4273-87c6-92817f4b877e</sln:powIIPId><sln:powIIPPn>PL.PZGIK.200</sln:powIIPPn><sln:powIIPWersja>2017-10-10T00:00:00+02:00</sln:powIIPWersja><sln:powIdTeryt>2001</sln:powIdTeryt><sln:powNazwa>augustowski</sln:powNazwa><sln:waznyOd>2013-12-20T00:00:00+01:00</sln:waznyOd><sln:wojIIPId>53ad7aea-d9d3-40c9-9a5c-ff737d5b076e</sln:wojIIPId><sln:wojIIPPn>PL.PZGIK.200</sln:wojIIPPn><sln:wojIIPWersja>2017-10-10T00:00:00+02:00</sln:wojIIPWersja><sln:wojIdTeryt>20</sln:wojIdTeryt><sln:wojNazwa>podlaskie</sln:wojNazwa></sln:miejscowosc><sln:miejscowosc><sln:cyklZyciaDo>2017-04-11T00:00:00+02:00</sln:cyklZyciaDo><sln:cyklZyciaOd>2015-10-28T00:00:00+01:00</sln:cyklZyciaOd><sln:gmIIPId>4a3c36ef-ad94-4dbc-9720-ea1edd1ee678</sln:gmIIPId><sln:gmIIPPn>PL.PZGIK.200</sln:gmIIPPn><sln:gmIIPWersja>2012-09-26T22:14:52+02:00</sln:gmIIPWersja><sln:gmIdTeryt>2001052</sln:gmIdTeryt><sln:gmNazwa>Nowinka</sln:gmNazwa><sln:miejscIIPId>0e58a92c-0cb0-4558-b454-e559069c32b9</sln:miejscIIPId><sln:miejscIIPPn>PL.PZGIK.200</sln:miejscIIPPn><sln:miejscIIPWersja>2016-11-24T12:30:40+02:00</sln:miejscIIPWersja><sln:miejscIdTeryt>0762916</sln:miejscIdTeryt><sln:miejscNazwa>Józefowo</sln:miejscNazwa><sln:miejscRodzaj>Wieś</sln:miejscRodzaj><sln:powIIPId>46c53311-3b2d-4273-87c6-92817f4b877e</sln:powIIPId><sln:powIIPPn>PL.PZGIK.200</sln:powIIPPn><sln:powIIPWersja>2017-10-10T00:00:00+02:00</sln:powIIPWersja><sln:powIdTeryt>2001</sln:powIdTeryt><sln:powNazwa>augustowski</sln:powNazwa><sln:waznyOd>2013-12-20T00:00:00+01:00</sln:waznyOd><sln:wojIIPId>53ad7aea-d9d3-40c9-9a5c-ff737d5b076e</sln:wojIIPId><sln:wojIIPPn>PL.PZGIK.200</sln:wojIIPPn><sln:wojIIPWersja>2017-10-10T00:00:00+02:00</sln:wojIIPWersja><sln:wojIdTeryt>20</sln:wojIdTeryt><sln:wojNazwa>podlaskie</sln:wojNazwa></sln:miejscowosc><sln:miejscowosc><sln:cyklZyciaDo>2017-04-11T00:00:00+02:00</sln:cyklZyciaDo><sln:cyklZyciaOd>2015-10-28T00:00:00+01:00</sln:cyklZyciaOd><sln:gmIIPId>4a3c36ef-ad94-4dbc-9720-ea1edd1ee678</sln:gmIIPId><sln:gmIIPPn>PL.PZGIK.200</sln:gmIIPPn><sln:gmIIPWersja>2012-09-26T22:14:52+02:00</sln:gmIIPWersja><sln:gmIdTeryt>2001052</sln:gmIdTeryt><sln:gmNazwa>Nowinka</sln:gmNazwa><sln:miejscIIPId>f623bcf8-1310-4558-a526-860e65446dda</sln:miejscIIPId><sln:miejscIIPPn>PL.PZGIK.200</sln:miejscIIPPn><sln:miejscIIPWersja>2016-11-24T12:30:40+02:00</sln:miejscIIPWersja><sln:miejscIdTeryt>0762922</sln:miejscIdTeryt><sln:miejscNazwa>Juryzdyka</sln:miejscNazwa><sln:miejscRodzaj>Wieś</sln:miejscRodzaj><sln:powIIPId>46c53311-3b2d-4273-87c6-92817f4b877e</sln:powIIPId><sln:powIIPPn>PL.PZGIK.200</sln:powIIPPn><sln:powIIPWersja>2017-10-10T00:00:00+02:00</sln:powIIPWersja><sln:powIdTeryt>2001</sln:powIdTeryt><sln:powNazwa>augustowski</sln:powNazwa><sln:waznyOd>2013-12-20T00:00:00+01:00</sln:waznyOd><sln:wojIIPId>53ad7aea-d9d3-40c9-9a5c-ff737d5b076e</sln:wojIIPId><sln:wojIIPPn>PL.PZGIK.200</sln:wojIIPPn><sln:wojIIPWersja>2017-10-10T00:00:00+02:00</sln:wojIIPWersja><sln:wojIdTeryt>20</sln:wojIdTeryt><sln:wojNazwa>podlaskie</sln:wojNazwa></sln:miejscowosc><sln:miejscowosc><sln:cyklZyciaDo>2017-04-11T00:00:00+02:00</sln:cyklZyciaDo><sln:cyklZyciaOd>2015-10-28T00:00:00+01:00</sln:cyklZyciaOd><sln:gmIIPId>4a3c36ef-ad94-4dbc-9720-ea1edd1ee678</sln:gmIIPId><sln:gmIIPPn>PL.PZGIK.200</sln:gmIIPPn><sln:gmIIPWersja>2012-09-26T22:14:52+02:00</sln:gmIIPWersja><sln:gmIdTeryt>2001052</sln:gmIdTeryt><sln:gmNazwa>Nowinka</sln:gmNazwa><sln:miejscIIPId>3e54b6bf-7bb7-49fc-9a01-7ad70593fba6</sln:miejscIIPId><sln:miejscIIPPn>PL.PZGIK.200</sln:miejscIIPPn><sln:miejscIIPWersja>2016-11-24T12:30:40+02:00</sln:miejscIIPWersja><sln:miejscIdTeryt>0762939</sln:miejscIdTeryt><sln:miejscNazwa>Kopanica</sln:miejscNazwa><sln:miejscRodzaj>Wieś</sln:miejscRodzaj><sln:powIIPId>46c53311-3b2d-4273-87c6-92817f4b877e</sln:powIIPId><sln:powIIPPn>PL.PZGIK.200</sln:powIIPPn><sln:powIIPWersja>2017-10-10T00:00:00+02:00</sln:powIIPWersja><sln:powIdTeryt>2001</sln:powIdTeryt><sln:powNazwa>augustowski</sln:powNazwa><sln:waznyOd>2013-12-20T00:00:00+01:00</sln:waznyOd><sln:wojIIPId>53ad7aea-d9d3-40c9-9a5c-ff737d5b076e</sln:wojIIPId><sln:wojIIPPn>PL.PZGIK.200</sln:wojIIPPn><sln:wojIIPWersja>2017-10-10T00:00:00+02:00</sln:wojIIPWersja><sln:wojIdTeryt>20</sln:wojIdTeryt><sln:wojNazwa>podlaskie</sln:wojNazwa></sln:miejscowosc><sln:miejscowosc><sln:cyklZyciaDo>2017-04-11T00:00:00+02:00</sln:cyklZyciaDo><sln:cyklZyciaOd>2015-10-28T00:00:00+01:00</sln:cyklZyciaOd><sln:gmIIPId>4a3c36ef-ad94-4dbc-9720-ea1edd1ee678</sln:gmIIPId><sln:gmIIPPn>PL.PZGIK.200</sln:gmIIPPn><sln:gmIIPWersja>2012-09-26T22:14:52+02:00</sln:gmIIPWersja><sln:gmIdTeryt>2001052</sln:gmIdTeryt><sln:gmNazwa>Nowinka</sln:gmNazwa><sln:miejscIIPId>c20f00ec-474a-4639-9653-5e3fae59437e</sln:miejscIIPId><sln:miejscIIPPn>PL.PZGIK.200</sln:miejscIIPPn><sln:miejscIIPWersja>2016-11-24T12:30:40+02:00</sln:miejscIIPWersja><sln:miejscIdTeryt>0762945</sln:miejscIdTeryt><sln:miejscNazwa>Krusznik</sln:miejscNazwa><sln:miejscRodzaj>Wieś</sln:miejscRodzaj><sln:powIIPId>46c53311-3b2d-4273-87c6-92817f4b877e</sln:powIIPId><sln:powIIPPn>PL.PZGIK.200</sln:powIIPPn><sln:powIIPWersja>2017-10-10T00:00:00+02:00</sln:powIIPWersja><sln:powIdTeryt>2001</sln:powIdTeryt><sln:powNazwa>augustowski</sln:powNazwa><sln:waznyOd>2013-12-20T00:00:00+01:00</sln:waznyOd><sln:wojIIPId>53ad7aea-d9d3-40c9-9a5c-ff737d5b076e</sln:wojIIPId><sln:wojIIPPn>PL.PZGIK.200</sln:wojIIPPn><sln:wojIIPWersja>2017-10-10T00:00:00+02:00</sln:wojIIPWersja><sln:wojIdTeryt>20</sln:wojIdTeryt><sln:wojNazwa>podlaskie</sln:wojNazwa></sln:miejscowosc><sln:miejscowosc><sln:cyklZyciaDo>2017-04-11T00:00:00+02:00</sln:cyklZyciaDo><sln:cyklZyciaOd>2015-10-28T00:00:00+01:00</sln:cyklZyciaOd><sln:gmIIPId>4a3c36ef-ad94-4dbc-9720-ea1edd1ee678</sln:gmIIPId><sln:gmIIPPn>PL.PZGIK.200</sln:gmIIPPn><sln:gmIIPWersja>2012-09-26T22:14:52+02:00</sln:gmIIPWersja><sln:gmIdTeryt>2001052</sln:gmIdTeryt><sln:gmNazwa>Nowinka</sln:gmNazwa><sln:miejscIIPId>d4f1abb1-a7ac-4396-8144-f5bf65b43e03</sln:miejscIIPId><sln:miejscIIPPn>PL.PZGIK.200</sln:miejscIIPPn><sln:miejscIIPWersja>2016-11-24T12:30:40+02:00</sln:miejscIIPWersja><sln:miejscIdTeryt>0762968</sln:miejscIdTeryt><sln:miejscNazwa>Monkinie</sln:miejscNazwa><sln:miejscRodzaj>Wieś</sln:miejscRodzaj><sln:powIIPId>46c53311-3b2d-4273-87c6-92817f4b877e</sln:powIIPId><sln:powIIPPn>PL.PZGIK.200</sln:powIIPPn><sln:powIIPWersja>2017-10-10T00:00:00+02:00</sln:powIIPWersja><sln:powIdTeryt>2001</sln:powIdTeryt><sln:powNazwa>augustowski</sln:powNazwa><sln:waznyOd>2013-12-20T00:00:00+01:00</sln:waznyOd><sln:wojIIPId>53ad7aea-d9d3-40c9-9a5c-ff737d5b076e</sln:wojIIPId><sln:wojIIPPn>PL.PZGIK.200</sln:wojIIPPn><sln:wojIIPWersja>2017-10-10T00:00:00+02:00</sln:wojIIPWersja><sln:wojIdTeryt>20</sln:wojIdTeryt><sln:wojNazwa>podlaskie</sln:wojNazwa></sln:miejscowosc><sln:miejscowosc><sln:cyklZyciaDo>2017-04-11T00:00:00+02:00</sln:cyklZyciaDo><sln:cyklZyciaOd>2015-10-28T00:00:00+01:00</sln:cyklZyciaOd><sln:gmIIPId>4a3c36ef-ad94-4dbc-9720-ea1edd1ee678</sln:gmIIPId><sln:gmIIPPn>PL.PZGIK.200</sln:gmIIPPn><sln:gmIIPWersja>2012-09-26T22:14:52+02:00</sln:gmIIPWersja><sln:gmIdTeryt>2001052</sln:gmIdTeryt><sln:gmNazwa>Nowinka</sln:gmNazwa><sln:miejscIIPId>3389d8a2-d1b0-4248-ab50-fcada20aea74</sln:miejscIIPId><sln:miejscIIPPn>PL.PZGIK.200</sln:miejscIIPPn><sln:miejscIIPWersja>2016-11-24T12:30:40+02:00</sln:miejscIIPWersja><sln:miejscIdTeryt>0762980</sln:miejscIdTeryt><sln:miejscNazwa>Nowinka</sln:miejscNazwa><sln:miejscRodzaj>Wieś</sln:miejscRodzaj><sln:powIIPId>46c53311-3b2d-4273-87c6-92817f4b877e</sln:powIIPId><sln:powIIPPn>PL.PZGIK.200</sln:powIIPPn><sln:powIIPWersja>2017-10-10T00:00:00+02:00</sln:powIIPWersja><sln:powIdTeryt>2001</sln:powIdTeryt><sln:powNazwa>augustowski</sln:powNazwa><sln:waznyOd>2013-12-20T00:00:00+01:00</sln:waznyOd><sln:wojIIPId>53ad7aea-d9d3-40c9-9a5c-ff737d5b076e</sln:wojIIPId><sln:wojIIPPn>PL.PZGIK.200</sln:wojIIPPn><sln:wojIIPWersja>2017-10-10T00:00:00+02:00</sln:wojIIPWersja><sln:wojIdTeryt>20</sln:wojIdTeryt><sln:wojNazwa>podlaskie</sln:wojNazwa></sln:miejscowosc><sln:miejscowosc><sln:cyklZyciaDo>2017-04-11T00:00:00+02:00</sln:cyklZyciaDo><sln:cyklZyciaOd>2015-10-28T00:00:00+01:00</sln:cyklZyciaOd><sln:gmIIPId>4a3c36ef-ad94-4dbc-9720-ea1edd1ee678</sln:gmIIPId><sln:gmIIPPn>PL.PZGIK.200</sln:gmIIPPn><sln:gmIIPWersja>2012-09-26T22:14:52+02:00</sln:gmIIPWersja><sln:gmIdTeryt>2001052</sln:gmIdTeryt><sln:gmNazwa>Nowinka</sln:gmNazwa><sln:miejscIIPId>d632f51b-c743-42d8-83f2-62d46b74b7b4</sln:miejscIIPId><sln:miejscIIPPn>PL.PZGIK.200</sln:miejscIIPPn><sln:miejscIIPWersja>2016-11-24T12:30:40+02:00</sln:miejscIIPWersja><sln:miejscIdTeryt>0763011</sln:miejscIdTeryt><sln:miejscNazwa>Olszanka</sln:miejscNazwa><sln:miejscRodzaj>Wieś</sln:miejscRodzaj><sln:powIIPId>46c53311-3b2d-4273-87c6-92817f4b877e</sln:powIIPId><sln:powIIPPn>PL.PZGIK.200</sln:powIIPPn><sln:powIIPWersja>2017-10-10T00:00:00+02:00</sln:powIIPWersja><sln:powIdTeryt>2001</sln:powIdTeryt><sln:powNazwa>augustowski</sln:powNazwa><sln:waznyOd>2013-12-20T00:00:00+01:00</sln:waznyOd><sln:wojIIPId>53ad7aea-d9d3-40c9-9a5c-ff737d5b076e</sln:wojIIPId><sln:wojIIPPn>PL.PZGIK.200</sln:wojIIPPn><sln:wojIIPWersja>2017-10-10T00:00:00+02:00</sln:wojIIPWersja><sln:wojIdTeryt>20</sln:wojIdTeryt><sln:wojNazwa>podlaskie</sln:wojNazwa></sln:miejscowosc><sln:miejscowosc><sln:cyklZyciaDo>2017-04-11T00:00:00+02:00</sln:cyklZyciaDo><sln:cyklZyciaOd>2015-10-28T00:00:00+01:00</sln:cyklZyciaOd><sln:gmIIPId>4a3c36ef-ad94-4dbc-9720-ea1edd1ee678</sln:gmIIPId><sln:gmIIPPn>PL.PZGIK.200</sln:gmIIPPn><sln:gmIIPWersja>2012-09-26T22:14:52+02:00</sln:gmIIPWersja><sln:gmIdTeryt>2001052</sln:gmIdTeryt><sln:gmNazwa>Nowinka</sln:gmNazwa><sln:miejscIIPId>b19f0082-db60-4607-8c33-0bd307cd0bfe</sln:miejscIIPId><sln:miejscIIPPn>PL.PZGIK.200</sln:miejscIIPPn><sln:miejscIIPWersja>2016-11-24T12:30:40+02:00</sln:miejscIIPWersja><sln:miejscIdTeryt>0763034</sln:miejscIdTeryt><sln:miejscNazwa>Osińska Buda</sln:miejscNazwa><sln:miejscRodzaj>Wieś</sln:miejscRodzaj><sln:powIIPId>46c53311-3b2d-4273-87c6-92817f4b877e</sln:powIIPId><sln:powIIPPn>PL.PZGIK.200</sln:powIIPPn><sln:powIIPWersja>2017-10-10T00:00:00+02:00</sln:powIIPWersja><sln:powIdTeryt>2001</sln:powIdTeryt><sln:powNazwa>augustowski</sln:powNazwa><sln:waznyOd>2013-12-20T00:00:00+01:00</sln:waznyOd><sln:wojIIPId>53ad7aea-d9d3-40c9-9a5c-ff737d5b076e</sln:wojIIPId><sln:wojIIPPn>PL.PZGIK.200</sln:wojIIPPn><sln:wojIIPWersja>2017-10-10T00:00:00+02:00</sln:wojIIPWersja><sln:wojIdTeryt>20</sln:wojIdTeryt><sln:wojNazwa>podlaskie</sln:wojNazwa></sln:miejscowosc><sln:miejscowosc><sln:cyklZyciaDo>2017-04-11T00:00:00+02:00</sln:cyklZyciaDo><sln:cyklZyciaOd>2015-10-28T00:00:00+01:00</sln:cyklZyciaOd><sln:gmIIPId>4a3c36ef-ad94-4dbc-9720-ea1edd1ee678</sln:gmIIPId><sln:gmIIPPn>PL.PZGIK.200</sln:gmIIPPn><sln:gmIIPWersja>2012-09-26T22:14:52+02:00</sln:gmIIPWersja><sln:gmIdTeryt>2001052</sln:gmIdTeryt><sln:gmNazwa>Nowinka</sln:gmNazwa><sln:miejscIIPId>cbcbd6ce-b653-4da7-8ecf-73c5b1abcf87</sln:miejscIIPId><sln:miejscIIPPn>PL.PZGIK.200</sln:miejscIIPPn><sln:miejscIIPWersja>2016-11-24T12:30:40+02:00</sln:miejscIIPWersja><sln:miejscIdTeryt>0763040</sln:miejscIdTeryt><sln:miejscNazwa>Pijawne Polskie</sln:miejscNazwa><sln:miejscRodzaj>Wieś</sln:miejscRodzaj><sln:powIIPId>46c53311-3b2d-4273-87c6-92817f4b877e</sln:powIIPId><sln:powIIPPn>PL.PZGIK.200</sln:powIIPPn><sln:powIIPWersja>2017-10-10T00:00:00+02:00</sln:powIIPWersja><sln:powIdTeryt>2001</sln:powIdTeryt><sln:powNazwa>augustowski</sln:powNazwa><sln:waznyOd>2013-12-20T00:00:00+01:00</sln:waznyOd><sln:wojIIPId>53ad7aea-d9d3-40c9-9a5c-ff737d5b076e</sln:wojIIPId><sln:wojIIPPn>PL.PZGIK.200</sln:wojIIPPn><sln:wojIIPWersja>2017-10-10T00:00:00+02:00</sln:wojIIPWersja><sln:wojIdTeryt>20</sln:wojIdTeryt><sln:wojNazwa>podlaskie</sln:wojNazwa></sln:miejscowosc><sln:miejscowosc><sln:cyklZyciaDo>2017-04-11T00:00:00+02:00</sln:cyklZyciaDo><sln:cyklZyciaOd>2015-10-28T00:00:00+01:00</sln:cyklZyciaOd><sln:gmIIPId>4a3c36ef-ad94-4dbc-9720-ea1edd1ee678</sln:gmIIPId><sln:gmIIPPn>PL.PZGIK.200</sln:gmIIPPn><sln:gmIIPWersja>2012-09-26T22:14:52+02:00</sln:gmIIPWersja><sln:gmIdTeryt>2001052</sln:gmIdTeryt><sln:gmNazwa>Nowinka</sln:gmNazwa><sln:miejscIIPId>3610c220-1f79-42e4-b03d-d53df79675b1</sln:miejscIIPId><sln:miejscIIPPn>PL.PZGIK.200</sln:miejscIIPPn><sln:miejscIIPWersja>2016-11-24T12:30:40+02:00</sln:miejscIIPWersja><sln:miejscIdTeryt>0763070</sln:miejscIdTeryt><sln:miejscNazwa>Pijawne Ruskie</sln:miejscNazwa><sln:miejscRodzaj>Wieś</sln:miejscRodzaj><sln:powIIPId>46c53311-3b2d-4273-87c6-92817f4b877e</sln:powIIPId><sln:powIIPPn>PL.PZGIK.200</sln:powIIPPn><sln:powIIPWersja>2017-10-10T00:00:00+02:00</sln:powIIPWersja><sln:powIdTeryt>2001</sln:powIdTeryt><sln:powNazwa>augustowski</sln:powNazwa><sln:waznyOd>2013-12-20T00:00:00+01:00</sln:waznyOd><sln:wojIIPId>53ad7aea-d9d3-40c9-9a5c-ff737d5b076e</sln:wojIIPId><sln:wojIIPPn>PL.PZGIK.200</sln:wojIIPPn><sln:wojIIPWersja>2017-10-10T00:00:00+02:00</sln:wojIIPWersja><sln:wojIdTeryt>20</sln:wojIdTeryt><sln:wojNazwa>podlaskie</sln:wojNazwa></sln:miejscowosc><sln:miejscowosc><sln:cyklZyciaDo>2017-04-11T00:00:00+02:00</sln:cyklZyciaDo><sln:cyklZyciaOd>2015-10-28T00:00:00+01:00</sln:cyklZyciaOd><sln:gmIIPId>4a3c36ef-ad94-4dbc-9720-ea1edd1ee678</sln:gmIIPId><sln:gmIIPPn>PL.PZGIK.200</sln:gmIIPPn><sln:gmIIPWersja>2012-09-26T22:14:52+02:00</sln:gmIIPWersja><sln:gmIdTeryt>2001052</sln:gmIdTeryt><sln:gmNazwa>Nowinka</sln:gmNazwa><sln:miejscIIPId>224025f6-d6e5-4d25-9875-43ed79688387</sln:miejscIIPId><sln:miejscIIPPn>PL.PZGIK.200</sln:miejscIIPPn><sln:miejscIIPWersja>2016-11-24T12:30:40+02:00</sln:miejscIIPWersja><sln:miejscIdTeryt>0763092</sln:miejscIdTeryt><sln:miejscNazwa>Podkrólówek</sln:miejscNazwa><sln:miejscRodzaj>Wieś</sln:miejscRodzaj><sln:powIIPId>46c53311-3b2d-4273-87c6-92817f4b877e</sln:powIIPId><sln:powIIPPn>PL.PZGIK.200</sln:powIIPPn><sln:powIIPWersja>2017-10-10T00:00:00+02:00</sln:powIIPWersja><sln:powIdTeryt>2001</sln:powIdTeryt><sln:powNazwa>augustowski</sln:powNazwa><sln:waznyOd>2013-12-20T00:00:00+01:00</sln:waznyOd><sln:wojIIPId>53ad7aea-d9d3-40c9-9a5c-ff737d5b076e</sln:wojIIPId><sln:wojIIPPn>PL.PZGIK.200</sln:wojIIPPn><sln:wojIIPWersja>2017-10-10T00:00:00+02:00</sln:wojIIPWersja><sln:wojIdTeryt>20</sln:wojIdTeryt><sln:wojNazwa>podlaskie</sln:wojNazwa></sln:miejscowosc><sln:miejscowosc><sln:cyklZyciaDo>2017-04-11T00:00:00+02:00</sln:cyklZyciaDo><sln:cyklZyciaOd>2015-10-28T00:00:00+01:00</sln:cyklZyciaOd><sln:gmIIPId>4a3c36ef-ad94-4dbc-9720-ea1edd1ee678</sln:gmIIPId><sln:gmIIPPn>PL.PZGIK.200</sln:gmIIPPn><sln:gmIIPWersja>2012-09-26T22:14:52+02:00</sln:gmIIPWersja><sln:gmIdTeryt>2001052</sln:gmIdTeryt><sln:gmNazwa>Nowinka</sln:gmNazwa><sln:miejscIIPId>cf91df22-a510-486c-a7ce-acd499633af5</sln:miejscIIPId><sln:miejscIIPPn>PL.PZGIK.200</sln:miejscIIPPn><sln:miejscIIPWersja>2016-11-24T12:30:40+02:00</sln:miejscIIPWersja><sln:miejscIdTeryt>0763100</sln:miejscIdTeryt><sln:miejscNazwa>Podnowinka</sln:miejscNazwa><sln:miejscRodzaj>Wieś</sln:miejscRodzaj><sln:powIIPId>46c53311-3b2d-4273-87c6-92817f4b877e</sln:powIIPId><sln:powIIPPn>PL.PZGIK.200</sln:powIIPPn><sln:powIIPWersja>2017-10-10T00:00:00+02:00</sln:powIIPWersja><sln:powIdTeryt>2001</sln:powIdTeryt><sln:powNazwa>augustowski</sln:powNazwa><sln:waznyOd>2013-12-20T00:00:00+01:00</sln:waznyOd><sln:wojIIPId>53ad7aea-d9d3-40c9-9a5c-ff737d5b076e</sln:wojIIPId><sln:wojIIPPn>PL.PZGIK.200</sln:wojIIPPn><sln:wojIIPWersja>2017-10-10T00:00:00+02:00</sln:wojIIPWersja><sln:wojIdTeryt>20</sln:wojIdTeryt><sln:wojNazwa>podlaskie</sln:wojNazwa></sln:miejscowosc><sln:miejscowosc><sln:cyklZyciaDo>2017-04-11T00:00:00+02:00</sln:cyklZyciaDo><sln:cyklZyciaOd>2015-10-28T00:00:00+01:00</sln:cyklZyciaOd><sln:gmIIPId>4a3c36ef-ad94-4dbc-9720-ea1edd1ee678</sln:gmIIPId><sln:gmIIPPn>PL.PZGIK.200</sln:gmIIPPn><sln:gmIIPWersja>2012-09-26T22:14:52+02:00</sln:gmIIPWersja><sln:gmIdTeryt>2001052</sln:gmIdTeryt><sln:gmNazwa>Nowinka</sln:gmNazwa><sln:miejscIIPId>a5ecaa58-43aa-4102-acfa-1caaf74b35cd</sln:miejscIIPId><sln:miejscIIPPn>PL.PZGIK.200</sln:miejscIIPPn><sln:miejscIIPWersja>2016-11-24T12:30:40+02:00</sln:miejscIIPWersja><sln:miejscIdTeryt>0763152</sln:miejscIdTeryt><sln:miejscNazwa>Sokolne</sln:miejscNazwa><sln:miejscRodzaj>Wieś</sln:miejscRodzaj><sln:powIIPId>46c53311-3b2d-4273-87c6-92817f4b877e</sln:powIIPId><sln:powIIPPn>PL.PZGIK.200</sln:powIIPPn><sln:powIIPWersja>2017-10-10T00:00:00+02:00</sln:powIIPWersja><sln:powIdTeryt>2001</sln:powIdTeryt><sln:powNazwa>augustowski</sln:powNazwa><sln:waznyOd>2013-12-20T00:00:00+01:00</sln:waznyOd><sln:wojIIPId>53ad7aea-d9d3-40c9-9a5c-ff737d5b076e</sln:wojIIPId><sln:wojIIPPn>PL.PZGIK.200</sln:wojIIPPn><sln:wojIIPWersja>2017-10-10T00:00:00+02:00</sln:wojIIPWersja><sln:wojIdTeryt>20</sln:wojIdTeryt><sln:wojNazwa>podlaskie</sln:wojNazwa></sln:miejscowosc><sln:miejscowosc><sln:cyklZyciaDo>2017-04-11T00:00:00+02:00</sln:cyklZyciaDo><sln:cyklZyciaOd>2015-10-28T00:00:00+01:00</sln:cyklZyciaOd><sln:gmIIPId>4a3c36ef-ad94-4dbc-9720-ea1edd1ee678</sln:gmIIPId><sln:gmIIPPn>PL.PZGIK.200</sln:gmIIPPn><sln:gmIIPWersja>2012-09-26T22:14:52+02:00</sln:gmIIPWersja><sln:gmIdTeryt>2001052</sln:gmIdTeryt><sln:gmNazwa>Nowinka</sln:gmNazwa><sln:miejscIIPId>42550148-ddb0-4cc4-a2cd-55ae7e66aa63</sln:miejscIIPId><sln:miejscIIPPn>PL.PZGIK.200</sln:miejscIIPPn><sln:miejscIIPWersja>2016-11-24T12:30:40+02:00</sln:miejscIIPWersja><sln:miejscIdTeryt>0763175</sln:miejscIdTeryt><sln:miejscNazwa>Strękowizna</sln:miejscNazwa><sln:miejscRodzaj>Wieś</sln:miejscRodzaj><sln:powIIPId>46c53311-3b2d-4273-87c6-92817f4b877e</sln:powIIPId><sln:powIIPPn>PL.PZGIK.200</sln:powIIPPn><sln:powIIPWersja>2017-10-10T00:00:00+02:00</sln:powIIPWersja><sln:powIdTeryt>2001</sln:powIdTeryt><sln:powNazwa>augustowski</sln:powNazwa><sln:waznyOd>2013-12-20T00:00:00+01:00</sln:waznyOd><sln:wojIIPId>53ad7aea-d9d3-40c9-9a5c-ff737d5b076e</sln:wojIIPId><sln:wojIIPPn>PL.PZGIK.200</sln:wojIIPPn><sln:wojIIPWersja>2017-10-10T00:00:00+02:00</sln:wojIIPWersja><sln:wojIdTeryt>20</sln:wojIdTeryt><sln:wojNazwa>podlaskie</sln:wojNazwa></sln:miejscowosc><sln:miejscowosc><sln:cyklZyciaDo>2017-04-11T00:00:00+02:00</sln:cyklZyciaDo><sln:cyklZyciaOd>2015-10-28T00:00:00+01:00</sln:cyklZyciaOd><sln:gmIIPId>4a3c36ef-ad94-4dbc-9720-ea1edd1ee678</sln:gmIIPId><sln:gmIIPPn>PL.PZGIK.200</sln:gmIIPPn><sln:gmIIPWersja>2012-09-26T22:14:52+02:00</sln:gmIIPWersja><sln:gmIdTeryt>2001052</sln:gmIdTeryt><sln:gmNazwa>Nowinka</sln:gmNazwa><sln:miejscIIPId>cfc8b285-d551-4566-a527-95caf50f8929</sln:miejscIIPId><sln:miejscIIPPn>PL.PZGIK.200</sln:miejscIIPPn><sln:miejscIIPWersja>2016-11-24T12:30:40+02:00</sln:miejscIIPWersja><sln:miejscIdTeryt>0763181</sln:miejscIdTeryt><sln:miejscNazwa>Szczeberka</sln:miejscNazwa><sln:miejscRodzaj>Wieś</sln:miejscRodzaj><sln:powIIPId>46c53311-3b2d-4273-87c6-92817f4b877e</sln:powIIPId><sln:powIIPPn>PL.PZGIK.200</sln:powIIPPn><sln:powIIPWersja>2017-10-10T00:00:00+02:00</sln:powIIPWersja><sln:powIdTeryt>2001</sln:powIdTeryt><sln:powNazwa>augustowski</sln:powNazwa><sln:waznyOd>2013-12-20T00:00:00+01:00</sln:waznyOd><sln:wojIIPId>53ad7aea-d9d3-40c9-9a5c-ff737d5b076e</sln:wojIIPId><sln:wojIIPPn>PL.PZGIK.200</sln:wojIIPPn><sln:wojIIPWersja>2017-10-10T00:00:00+02:00</sln:wojIIPWersja><sln:wojIdTeryt>20</sln:wojIdTeryt><sln:wojNazwa>podlaskie</sln:wojNazwa></sln:miejscowosc><sln:miejscowosc><sln:cyklZyciaDo>2017-04-11T00:00:00+02:00</sln:cyklZyciaDo><sln:cyklZyciaOd>2015-10-28T00:00:00+01:00</sln:cyklZyciaOd><sln:gmIIPId>4a3c36ef-ad94-4dbc-9720-ea1edd1ee678</sln:gmIIPId><sln:gmIIPPn>PL.PZGIK.200</sln:gmIIPPn><sln:gmIIPWersja>2012-09-26T22:14:52+02:00</sln:gmIIPWersja><sln:gmIdTeryt>2001052</sln:gmIdTeryt><sln:gmNazwa>Nowinka</sln:gmNazwa><sln:miejscIIPId>ebd51c5a-29cf-43b1-99fc-8974283ff12f</sln:miejscIIPId><sln:miejscIIPPn>PL.PZGIK.200</sln:miejscIIPPn><sln:miejscIIPWersja>2016-11-24T12:30:40+02:00</sln:miejscIIPWersja><sln:miejscIdTeryt>0763198</sln:miejscIdTeryt><sln:miejscNazwa>Szczebra</sln:miejscNazwa><sln:miejscRodzaj>Wieś</sln:miejscRodzaj><sln:powIIPId>46c53311-3b2d-4273-87c6-92817f4b877e</sln:powIIPId><sln:powIIPPn>PL.PZGIK.200</sln:powIIPPn><sln:powIIPWersja>2017-10-10T00:00:00+02:00</sln:powIIPWersja><sln:powIdTeryt>2001</sln:powIdTeryt><sln:powNazwa>augustowski</sln:powNazwa><sln:waznyOd>2013-12-20T00:00:00+01:00</sln:waznyOd><sln:wojIIPId>53ad7aea-d9d3-40c9-9a5c-ff737d5b076e</sln:wojIIPId><sln:wojIIPPn>PL.PZGIK.200</sln:wojIIPPn><sln:wojIIPWersja>2017-10-10T00:00:00+02:00</sln:wojIIPWersja><sln:wojIdTeryt>20</sln:wojIdTeryt><sln:wojNazwa>podlaskie</sln:wojNazwa></sln:miejscowosc><sln:miejscowosc><sln:cyklZyciaDo>2017-04-11T00:00:00+02:00</sln:cyklZyciaDo><sln:cyklZyciaOd>2015-10-28T00:00:00+01:00</sln:cyklZyciaOd><sln:gmIIPId>4a3c36ef-ad94-4dbc-9720-ea1edd1ee678</sln:gmIIPId><sln:gmIIPPn>PL.PZGIK.200</sln:gmIIPPn><sln:gmIIPWersja>2012-09-26T22:14:52+02:00</sln:gmIIPWersja><sln:gmIdTeryt>2001052</sln:gmIdTeryt><sln:gmNazwa>Nowinka</sln:gmNazwa><sln:miejscIIPId>407937d2-1cd8-4108-a2d1-848c67538886</sln:miejscIIPId><sln:miejscIIPPn>PL.PZGIK.200</sln:miejscIIPPn><sln:miejscIIPWersja>2016-11-24T12:30:40+02:00</sln:miejscIIPWersja><sln:miejscIdTeryt>0763212</sln:miejscIdTeryt><sln:miejscNazwa>Szczepki</sln:miejscNazwa><sln:miejscRodzaj>Wieś</sln:miejscRodzaj><sln:powIIPId>46c53311-3b2d-4273-87c6-92817f4b877e</sln:powIIPId><sln:powIIPPn>PL.PZGIK.200</sln:powIIPPn><sln:powIIPWersja>2017-10-10T00:00:00+02:00</sln:powIIPWersja><sln:powIdTeryt>2001</sln:powIdTeryt><sln:powNazwa>augustowski</sln:powNazwa><sln:waznyOd>2013-12-20T00:00:00+01:00</sln:waznyOd><sln:wojIIPId>53ad7aea-d9d3-40c9-9a5c-ff737d5b076e</sln:wojIIPId><sln:wojIIPPn>PL.PZGIK.200</sln:wojIIPPn><sln:wojIIPWersja>2017-10-10T00:00:00+02:00</sln:wojIIPWersja><sln:wojIdTeryt>20</sln:wojIdTeryt><sln:wojNazwa>podlaskie</sln:wojNazwa></sln:miejscowosc><sln:miejscowosc><sln:cyklZyciaDo>2017-04-11T00:00:00+02:00</sln:cyklZyciaDo><sln:cyklZyciaOd>2015-10-28T00:00:00+01:00</sln:cyklZyciaOd><sln:gmIIPId>4a3c36ef-ad94-4dbc-9720-ea1edd1ee678</sln:gmIIPId><sln:gmIIPPn>PL.PZGIK.200</sln:gmIIPPn><sln:gmIIPWersja>2012-09-26T22:14:52+02:00</sln:gmIIPWersja><sln:gmIdTeryt>2001052</sln:gmIdTeryt><sln:gmNazwa>Nowinka</sln:gmNazwa><sln:miejscIIPId>5b8601bf-82d2-4321-98d5-9e185f1ff891</sln:miejscIIPId><sln:miejscIIPPn>PL.PZGIK.200</sln:miejscIIPPn><sln:miejscIIPWersja>2016-11-24T12:30:40+02:00</sln:miejscIIPWersja><sln:miejscIdTeryt>0763229</sln:miejscIdTeryt><sln:miejscNazwa>Tobołowo</sln:miejscNazwa><sln:miejscRodzaj>Wieś</sln:miejscRodzaj><sln:powIIPId>46c53311-3b2d-4273-87c6-92817f4b877e</sln:powIIPId><sln:powIIPPn>PL.PZGIK.200</sln:powIIPPn><sln:powIIPWersja>2017-10-10T00:00:00+02:00</sln:powIIPWersja><sln:powIdTeryt>2001</sln:powIdTeryt><sln:powNazwa>augustowski</sln:powNazwa><sln:waznyOd>2013-12-20T00:00:00+01:00</sln:waznyOd><sln:wojIIPId>53ad7aea-d9d3-40c9-9a5c-ff737d5b076e</sln:wojIIPId><sln:wojIIPPn>PL.PZGIK.200</sln:wojIIPPn><sln:wojIIPWersja>2017-10-10T00:00:00+02:00</sln:wojIIPWersja><sln:wojIdTeryt>20</sln:wojIdTeryt><sln:wojNazwa>podlaskie</sln:wojNazwa></sln:miejscowosc><sln:miejscowosc><sln:cyklZyciaDo>2017-04-11T00:00:00+02:00</sln:cyklZyciaDo><sln:cyklZyciaOd>2015-10-28T00:00:00+01:00</sln:cyklZyciaOd><sln:gmIIPId>4a3c36ef-ad94-4dbc-9720-ea1edd1ee678</sln:gmIIPId><sln:gmIIPPn>PL.PZGIK.200</sln:gmIIPPn><sln:gmIIPWersja>2012-09-26T22:14:52+02:00</sln:gmIIPWersja><sln:gmIdTeryt>2001052</sln:gmIdTeryt><sln:gmNazwa>Nowinka</sln:gmNazwa><sln:miejscIIPId>eba61582-2943-4ac5-9e47-56fd7f67826c</sln:miejscIIPId><sln:miejscIIPPn>PL.PZGIK.200</sln:miejscIIPPn><sln:miejscIIPWersja>2016-11-24T12:30:40+02:00</sln:miejscIIPWersja><sln:miejscIdTeryt>0763235</sln:miejscIdTeryt><sln:miejscNazwa>Walne</sln:miejscNazwa><sln:miejscRodzaj>Wieś</sln:miejscRodzaj><sln:powIIPId>46c53311-3b2d-4273-87c6-92817f4b877e</sln:powIIPId><sln:powIIPPn>PL.PZGIK.200</sln:powIIPPn><sln:powIIPWersja>2017-10-10T00:00:00+02:00</sln:powIIPWersja><sln:powIdTeryt>2001</sln:powIdTeryt><sln:powNazwa>augustowski</sln:powNazwa><sln:waznyOd>2013-12-20T00:00:00+01:00</sln:waznyOd><sln:wojIIPId>53ad7aea-d9d3-40c9-9a5c-ff737d5b076e</sln:wojIIPId><sln:wojIIPPn>PL.PZGIK.200</sln:wojIIPPn><sln:wojIIPWersja>2017-10-10T00:00:00+02:00</sln:wojIIPWersja><sln:wojIdTeryt>20</sln:wojIdTeryt><sln:wojNazwa>podlaskie</sln:wojNazwa></sln:miejscowosc><sln:miejscowosc><sln:cyklZyciaOd>2017-04-11T00:00:00+02:00</sln:cyklZyciaOd><sln:gmIIPId>4a3c36ef-ad94-4dbc-9720-ea1edd1ee678</sln:gmIIPId><sln:gmIIPPn>PL.PZGIK.200</sln:gmIIPPn><sln:gmIIPWersja>2012-09-26T22:14:52+02:00</sln:gmIIPWersja><sln:gmIdTeryt>2001052</sln:gmIdTeryt><sln:gmNazwa>Nowinka</sln:gmNazwa><sln:miejscIIPId>309ef5f7-11a5-44c4-90fe-db675cf942cf</sln:miejscIIPId><sln:miejscIIPPn>PL.PZGIK.200</sln:miejscIIPPn><sln:miejscIIPWersja>2017-04-11T13:04:32+02:00</sln:miejscIIPWersja><sln:miejscIdTeryt>0762804</sln:miejscIdTeryt><sln:miejscNazwa>Ateny</sln:miejscNazwa><sln:miejscRodzaj>Wieś</sln:miejscRodzaj><sln:powIIPId>46c53311-3b2d-4273-87c6-92817f4b877e</sln:powIIPId><sln:powIIPPn>PL.PZGIK.200</sln:powIIPPn><sln:powIIPWersja>2017-10-10T00:00:00+02:00</sln:powIIPWersja><sln:powIdTeryt>2001</sln:powIdTeryt><sln:powNazwa>augustowski</sln:powNazwa><sln:waznyOd>2013-12-20T00:00:00+01:00</sln:waznyOd><sln:wojIIPId>53ad7aea-d9d3-40c9-9a5c-ff737d5b076e</sln:wojIIPId><sln:wojIIPPn>PL.PZGIK.200</sln:wojIIPPn><sln:wojIIPWersja>2017-10-10T00:00:00+02:00</sln:wojIIPWersja><sln:wojIdTeryt>20</sln:wojIdTeryt><sln:wojNazwa>podlaskie</sln:wojNazwa></sln:miejscowosc><sln:miejscowosc><sln:cyklZyciaOd>2017-04-11T00:00:00+02:00</sln:cyklZyciaOd><sln:gmIIPId>4a3c36ef-ad94-4dbc-9720-ea1edd1ee678</sln:gmIIPId><sln:gmIIPPn>PL.PZGIK.200</sln:gmIIPPn><sln:gmIIPWersja>2012-09-26T22:14:52+02:00</sln:gmIIPWersja><sln:gmIdTeryt>2001052</sln:gmIdTeryt><sln:gmNazwa>Nowinka</sln:gmNazwa><sln:miejscIIPId>08072071-34c6-4b60-8395-4257aee9190f</sln:miejscIIPId><sln:miejscIIPPn>PL.PZGIK.200</sln:miejscIIPPn><sln:miejscIIPWersja>2017-04-11T13:04:38+02:00</sln:miejscIIPWersja><sln:miejscIdTeryt>0762827</sln:miejscIdTeryt><sln:miejscNazwa>Barszczowa Góra</sln:miejscNazwa><sln:miejscRodzaj>Wieś</sln:miejscRodzaj><sln:powIIPId>46c53311-3b2d-4273-87c6-92817f4b877e</sln:powIIPId><sln:powIIPPn>PL.PZGIK.200</sln:powIIPPn><sln:powIIPWersja>2017-10-10T00:00:00+02:00</sln:powIIPWersja><sln:powIdTeryt>2001</sln:powIdTeryt><sln:powNazwa>augustowski</sln:powNazwa><sln:waznyOd>2013-12-20T00:00:00+01:00</sln:waznyOd><sln:wojIIPId>53ad7aea-d9d3-40c9-9a5c-ff737d5b076e</sln:wojIIPId><sln:wojIIPPn>PL.PZGIK.200</sln:wojIIPPn><sln:wojIIPWersja>2017-10-10T00:00:00+02:00</sln:wojIIPWersja><sln:wojIdTeryt>20</sln:wojIdTeryt><sln:wojNazwa>podlaskie</sln:wojNazwa></sln:miejscowosc><sln:miejscowosc><sln:cyklZyciaOd>2017-04-11T00:00:00+02:00</sln:cyklZyciaOd><sln:gmIIPId>4a3c36ef-ad94-4dbc-9720-ea1edd1ee678</sln:gmIIPId><sln:gmIIPPn>PL.PZGIK.200</sln:gmIIPPn><sln:gmIIPWersja>2012-09-26T22:14:52+02:00</sln:gmIIPWersja><sln:gmIdTeryt>2001052</sln:gmIdTeryt><sln:gmNazwa>Nowinka</sln:gmNazwa><sln:miejscIIPId>e0fa5a52-4255-4c70-a18e-d5a78c32cad4</sln:miejscIIPId><sln:miejscIIPPn>PL.PZGIK.200</sln:miejscIIPPn><sln:miejscIIPWersja>2017-04-11T13:04:38+02:00</sln:miejscIIPWersja><sln:miejscIdTeryt>0762840</sln:miejscIdTeryt><sln:miejscNazwa>Blizna</sln:miejscNazwa><sln:miejscRodzaj>Wieś</sln:miejscRodzaj><sln:powIIPId>46c53311-3b2d-4273-87c6-92817f4b877e</sln:powIIPId><sln:powIIPPn>PL.PZGIK.200</sln:powIIPPn><sln:powIIPWersja>2017-10-10T00:00:00+02:00</sln:powIIPWersja><sln:powIdTeryt>2001</sln:powIdTeryt><sln:powNazwa>augustowski</sln:powNazwa><sln:waznyOd>2013-12-20T00:00:00+01:00</sln:waznyOd><sln:wojIIPId>53ad7aea-d9d3-40c9-9a5c-ff737d5b076e</sln:wojIIPId><sln:wojIIPPn>PL.PZGIK.200</sln:wojIIPPn><sln:wojIIPWersja>2017-10-10T00:00:00+02:00</sln:wojIIPWersja><sln:wojIdTeryt>20</sln:wojIdTeryt><sln:wojNazwa>podlaskie</sln:wojNazwa></sln:miejscowosc><sln:miejscowosc><sln:cyklZyciaOd>2017-04-11T00:00:00+02:00</sln:cyklZyciaOd><sln:gmIIPId>4a3c36ef-ad94-4dbc-9720-ea1edd1ee678</sln:gmIIPId><sln:gmIIPPn>PL.PZGIK.200</sln:gmIIPPn><sln:gmIIPWersja>2012-09-26T22:14:52+02:00</sln:gmIIPWersja><sln:gmIdTeryt>2001052</sln:gmIdTeryt><sln:gmNazwa>Nowinka</sln:gmNazwa><sln:miejscIIPId>5fcbdf07-81f4-4be8-8a34-749db301b57c</sln:miejscIIPId><sln:miejscIIPPn>PL.PZGIK.200</sln:miejscIIPPn><sln:miejscIIPWersja>2017-04-11T13:04:38+02:00</sln:miejscIIPWersja><sln:miejscIdTeryt>0762862</sln:miejscIdTeryt><sln:miejscNazwa>Bryzgiel</sln:miejscNazwa><sln:miejscRodzaj>Wieś</sln:miejscRodzaj><sln:powIIPId>46c53311-3b2d-4273-87c6-92817f4b877e</sln:powIIPId><sln:powIIPPn>PL.PZGIK.200</sln:powIIPPn><sln:powIIPWersja>2017-10-10T00:00:00+02:00</sln:powIIPWersja><sln:powIdTeryt>2001</sln:powIdTeryt><sln:powNazwa>augustowski</sln:powNazwa><sln:waznyOd>2013-12-20T00:00:00+01:00</sln:waznyOd><sln:wojIIPId>53ad7aea-d9d3-40c9-9a5c-ff737d5b076e</sln:wojIIPId><sln:wojIIPPn>PL.PZGIK.200</sln:wojIIPPn><sln:wojIIPWersja>2017-10-10T00:00:00+02:00</sln:wojIIPWersja><sln:wojIdTeryt>20</sln:wojIdTeryt><sln:wojNazwa>podlaskie</sln:wojNazwa></sln:miejscowosc><sln:miejscowosc><sln:cyklZyciaOd>2017-04-11T00:00:00+02:00</sln:cyklZyciaOd><sln:gmIIPId>4a3c36ef-ad94-4dbc-9720-ea1edd1ee678</sln:gmIIPId><sln:gmIIPPn>PL.PZGIK.200</sln:gmIIPPn><sln:gmIIPWersja>2012-09-26T22:14:52+02:00</sln:gmIIPWersja><sln:gmIdTeryt>2001052</sln:gmIdTeryt><sln:gmNazwa>Nowinka</sln:gmNazwa><sln:miejscIIPId>6476237e-ca8d-48cc-80e3-f929d1c74b91</sln:miejscIIPId><sln:miejscIIPPn>PL.PZGIK.200</sln:miejscIIPPn><sln:miejscIIPWersja>2017-04-11T13:04:39+02:00</sln:miejscIIPWersja><sln:miejscIdTeryt>0762885</sln:miejscIdTeryt><sln:miejscNazwa>Cisówek</sln:miejscNazwa><sln:miejscRodzaj>Wieś</sln:miejscRodzaj><sln:powIIPId>46c53311-3b2d-4273-87c6-92817f4b877e</sln:powIIPId><sln:powIIPPn>PL.PZGIK.200</sln:powIIPPn><sln:powIIPWersja>2017-10-10T00:00:00+02:00</sln:powIIPWersja><sln:powIdTeryt>2001</sln:powIdTeryt><sln:powNazwa>augustowski</sln:powNazwa><sln:waznyOd>2013-12-20T00:00:00+01:00</sln:waznyOd><sln:wojIIPId>53ad7aea-d9d3-40c9-9a5c-ff737d5b076e</sln:wojIIPId><sln:wojIIPPn>PL.PZGIK.200</sln:wojIIPPn><sln:wojIIPWersja>2017-10-10T00:00:00+02:00</sln:wojIIPWersja><sln:wojIdTeryt>20</sln:wojIdTeryt><sln:wojNazwa>podlaskie</sln:wojNazwa></sln:miejscowosc><sln:miejscowosc><sln:cyklZyciaOd>2017-04-11T00:00:00+02:00</sln:cyklZyciaOd><sln:gmIIPId>4a3c36ef-ad94-4dbc-9720-ea1edd1ee678</sln:gmIIPId><sln:gmIIPPn>PL.PZGIK.200</sln:gmIIPPn><sln:gmIIPWersja>2012-09-26T22:14:52+02:00</sln:gmIIPWersja><sln:gmIdTeryt>2001052</sln:gmIdTeryt><sln:gmNazwa>Nowinka</sln:gmNazwa><sln:miejscIIPId>403f58f1-d3c3-4d04-a37f-fbe1b362a06f</sln:miejscIIPId><sln:miejscIIPPn>PL.PZGIK.200</sln:miejscIIPPn><sln:miejscIIPWersja>2017-04-11T13:04:39+02:00</sln:miejscIIPWersja><sln:miejscIdTeryt>0762891</sln:miejscIdTeryt><sln:miejscNazwa>Danowskie</sln:miejscNazwa><sln:miejscRodzaj>Wieś</sln:miejscRodzaj><sln:powIIPId>46c53311-3b2d-4273-87c6-92817f4b877e</sln:powIIPId><sln:powIIPPn>PL.PZGIK.200</sln:powIIPPn><sln:powIIPWersja>2017-10-10T00:00:00+02:00</sln:powIIPWersja><sln:powIdTeryt>2001</sln:powIdTeryt><sln:powNazwa>augustowski</sln:powNazwa><sln:waznyOd>2013-12-20T00:00:00+01:00</sln:waznyOd><sln:wojIIPId>53ad7aea-d9d3-40c9-9a5c-ff737d5b076e</sln:wojIIPId><sln:wojIIPPn>PL.PZGIK.200</sln:wojIIPPn><sln:wojIIPWersja>2017-10-10T00:00:00+02:00</sln:wojIIPWersja><sln:wojIdTeryt>20</sln:wojIdTeryt><sln:wojNazwa>podlaskie</sln:wojNazwa></sln:miejscowosc><sln:miejscowosc><sln:cyklZyciaOd>2017-04-11T00:00:00+02:00</sln:cyklZyciaOd><sln:gmIIPId>4a3c36ef-ad94-4dbc-9720-ea1edd1ee678</sln:gmIIPId><sln:gmIIPPn>PL.PZGIK.200</sln:gmIIPPn><sln:gmIIPWersja>2012-09-26T22:14:52+02:00</sln:gmIIPWersja><sln:gmIdTeryt>2001052</sln:gmIdTeryt><sln:gmNazwa>Nowinka</sln:gmNazwa><sln:miejscIIPId>0e58a92c-0cb0-4558-b454-e559069c32b9</sln:miejscIIPId><sln:miejscIIPPn>PL.PZGIK.200</sln:miejscIIPPn><sln:miejscIIPWersja>2017-04-11T13:04:39+02:00</sln:miejscIIPWersja><sln:miejscIdTeryt>0762916</sln:miejscIdTeryt><sln:miejscNazwa>Józefowo</sln:miejscNazwa><sln:miejscRodzaj>Wieś</sln:miejscRodzaj><sln:powIIPId>46c53311-3b2d-4273-87c6-92817f4b877e</sln:powIIPId><sln:powIIPPn>PL.PZGIK.200</sln:powIIPPn><sln:powIIPWersja>2017-10-10T00:00:00+02:00</sln:powIIPWersja><sln:powIdTeryt>2001</sln:powIdTeryt><sln:powNazwa>augustowski</sln:powNazwa><sln:waznyOd>2013-12-20T00:00:00+01:00</sln:waznyOd><sln:wojIIPId>53ad7aea-d9d3-40c9-9a5c-ff737d5b076e</sln:wojIIPId><sln:wojIIPPn>PL.PZGIK.200</sln:wojIIPPn><sln:wojIIPWersja>2017-10-10T00:00:00+02:00</sln:wojIIPWersja><sln:wojIdTeryt>20</sln:wojIdTeryt><sln:wojNazwa>podlaskie</sln:wojNazwa></sln:miejscowosc><sln:miejscowosc><sln:cyklZyciaOd>2017-04-11T00:00:00+02:00</sln:cyklZyciaOd><sln:gmIIPId>4a3c36ef-ad94-4dbc-9720-ea1edd1ee678</sln:gmIIPId><sln:gmIIPPn>PL.PZGIK.200</sln:gmIIPPn><sln:gmIIPWersja>2012-09-26T22:14:52+02:00</sln:gmIIPWersja><sln:gmIdTeryt>2001052</sln:gmIdTeryt><sln:gmNazwa>Nowinka</sln:gmNazwa><sln:miejscIIPId>f623bcf8-1310-4558-a526-860e65446dda</sln:miejscIIPId><sln:miejscIIPPn>PL.PZGIK.200</sln:miejscIIPPn><sln:miejscIIPWersja>2017-04-11T13:04:39+02:00</sln:miejscIIPWersja><sln:miejscIdTeryt>0762922</sln:miejscIdTeryt><sln:miejscNazwa>Juryzdyka</sln:miejscNazwa><sln:miejscRodzaj>Wieś</sln:miejscRodzaj><sln:powIIPId>46c53311-3b2d-4273-87c6-92817f4b877e</sln:powIIPId><sln:powIIPPn>PL.PZGIK.200</sln:powIIPPn><sln:powIIPWersja>2017-10-10T00:00:00+02:00</sln:powIIPWersja><sln:powIdTeryt>2001</sln:powIdTeryt><sln:powNazwa>augustowski</sln:powNazwa><sln:waznyOd>2013-12-20T00:00:00+01:00</sln:waznyOd><sln:wojIIPId>53ad7aea-d9d3-40c9-9a5c-ff737d5b076e</sln:wojIIPId><sln:wojIIPPn>PL.PZGIK.200</sln:wojIIPPn><sln:wojIIPWersja>2017-10-10T00:00:00+02:00</sln:wojIIPWersja><sln:wojIdTeryt>20</sln:wojIdTeryt><sln:wojNazwa>podlaskie</sln:wojNazwa></sln:miejscowosc><sln:miejscowosc><sln:cyklZyciaOd>2017-04-11T00:00:00+02:00</sln:cyklZyciaOd><sln:gmIIPId>4a3c36ef-ad94-4dbc-9720-ea1edd1ee678</sln:gmIIPId><sln:gmIIPPn>PL.PZGIK.200</sln:gmIIPPn><sln:gmIIPWersja>2012-09-26T22:14:52+02:00</sln:gmIIPWersja><sln:gmIdTeryt>2001052</sln:gmIdTeryt><sln:gmNazwa>Nowinka</sln:gmNazwa><sln:miejscIIPId>3e54b6bf-7bb7-49fc-9a01-7ad70593fba6</sln:miejscIIPId><sln:miejscIIPPn>PL.PZGIK.200</sln:miejscIIPPn><sln:miejscIIPWersja>2017-04-11T13:04:39+02:00</sln:miejscIIPWersja><sln:miejscIdTeryt>0762939</sln:miejscIdTeryt><sln:miejscNazwa>Kopanica</sln:miejscNazwa><sln:miejscRodzaj>Wieś</sln:miejscRodzaj><sln:powIIPId>46c53311-3b2d-4273-87c6-92817f4b877e</sln:powIIPId><sln:powIIPPn>PL.PZGIK.200</sln:powIIPPn><sln:powIIPWersja>2017-10-10T00:00:00+02:00</sln:powIIPWersja><sln:powIdTeryt>2001</sln:powIdTeryt><sln:powNazwa>augustowski</sln:powNazwa><sln:waznyOd>2013-12-20T00:00:00+01:00</sln:waznyOd><sln:wojIIPId>53ad7aea-d9d3-40c9-9a5c-ff737d5b076e</sln:wojIIPId><sln:wojIIPPn>PL.PZGIK.200</sln:wojIIPPn><sln:wojIIPWersja>2017-10-10T00:00:00+02:00</sln:wojIIPWersja><sln:wojIdTeryt>20</sln:wojIdTeryt><sln:wojNazwa>podlaskie</sln:wojNazwa></sln:miejscowosc><sln:miejscowosc><sln:cyklZyciaOd>2017-04-11T00:00:00+02:00</sln:cyklZyciaOd><sln:gmIIPId>4a3c36ef-ad94-4dbc-9720-ea1edd1ee678</sln:gmIIPId><sln:gmIIPPn>PL.PZGIK.200</sln:gmIIPPn><sln:gmIIPWersja>2012-09-26T22:14:52+02:00</sln:gmIIPWersja><sln:gmIdTeryt>2001052</sln:gmIdTeryt><sln:gmNazwa>Nowinka</sln:gmNazwa><sln:miejscIIPId>c20f00ec-474a-4639-9653-5e3fae59437e</sln:miejscIIPId><sln:miejscIIPPn>PL.PZGIK.200</sln:miejscIIPPn><sln:miejscIIPWersja>2017-04-11T13:04:39+02:00</sln:miejscIIPWersja><sln:miejscIdTeryt>0762945</sln:miejscIdTeryt><sln:miejscNazwa>Krusznik</sln:miejscNazwa><sln:miejscRodzaj>Wieś</sln:miejscRodzaj><sln:powIIPId>46c53311-3b2d-4273-87c6-92817f4b877e</sln:powIIPId><sln:powIIPPn>PL.PZGIK.200</sln:powIIPPn><sln:powIIPWersja>2017-10-10T00:00:00+02:00</sln:powIIPWersja><sln:powIdTeryt>2001</sln:powIdTeryt><sln:powNazwa>augustowski</sln:powNazwa><sln:waznyOd>2013-12-20T00:00:00+01:00</sln:waznyOd><sln:wojIIPId>53ad7aea-d9d3-40c9-9a5c-ff737d5b076e</sln:wojIIPId><sln:wojIIPPn>PL.PZGIK.200</sln:wojIIPPn><sln:wojIIPWersja>2017-10-10T00:00:00+02:00</sln:wojIIPWersja><sln:wojIdTeryt>20</sln:wojIdTeryt><sln:wojNazwa>podlaskie</sln:wojNazwa></sln:miejscowosc><sln:miejscowosc><sln:cyklZyciaOd>2017-04-11T00:00:00+02:00</sln:cyklZyciaOd><sln:gmIIPId>4a3c36ef-ad94-4dbc-9720-ea1edd1ee678</sln:gmIIPId><sln:gmIIPPn>PL.PZGIK.200</sln:gmIIPPn><sln:gmIIPWersja>2012-09-26T22:14:52+02:00</sln:gmIIPWersja><sln:gmIdTeryt>2001052</sln:gmIdTeryt><sln:gmNazwa>Nowinka</sln:gmNazwa><sln:miejscIIPId>d4f1abb1-a7ac-4396-8144-f5bf65b43e03</sln:miejscIIPId><sln:miejscIIPPn>PL.PZGIK.200</sln:miejscIIPPn><sln:miejscIIPWersja>2017-04-11T13:04:39+02:00</sln:miejscIIPWersja><sln:miejscIdTeryt>0762968</sln:miejscIdTeryt><sln:miejscNazwa>Monkinie</sln:miejscNazwa><sln:miejscRodzaj>Wieś</sln:miejscRodzaj><sln:powIIPId>46c53311-3b2d-4273-87c6-92817f4b877e</sln:powIIPId><sln:powIIPPn>PL.PZGIK.200</sln:powIIPPn><sln:powIIPWersja>2017-10-10T00:00:00+02:00</sln:powIIPWersja><sln:powIdTeryt>2001</sln:powIdTeryt><sln:powNazwa>augustowski</sln:powNazwa><sln:waznyOd>2013-12-20T00:00:00+01:00</sln:waznyOd><sln:wojIIPId>53ad7aea-d9d3-40c9-9a5c-ff737d5b076e</sln:wojIIPId><sln:wojIIPPn>PL.PZGIK.200</sln:wojIIPPn><sln:wojIIPWersja>2017-10-10T00:00:00+02:00</sln:wojIIPWersja><sln:wojIdTeryt>20</sln:wojIdTeryt><sln:wojNazwa>podlaskie</sln:wojNazwa></sln:miejscowosc><sln:miejscowosc><sln:cyklZyciaOd>2017-04-11T00:00:00+02:00</sln:cyklZyciaOd><sln:gmIIPId>4a3c36ef-ad94-4dbc-9720-ea1edd1ee678</sln:gmIIPId><sln:gmIIPPn>PL.PZGIK.200</sln:gmIIPPn><sln:gmIIPWersja>2012-09-26T22:14:52+02:00</sln:gmIIPWersja><sln:gmIdTeryt>2001052</sln:gmIdTeryt><sln:gmNazwa>Nowinka</sln:gmNazwa><sln:miejscIIPId>95025552-7337-4746-b89d-6feba84df8b7</sln:miejscIIPId><sln:miejscIIPPn>PL.PZGIK.200</sln:miejscIIPPn><sln:miejscIIPWersja>2017-04-11T13:04:39+02:00</sln:miejscIIPWersja><sln:miejscIdTeryt>0762974</sln:miejscIdTeryt><sln:miejscNazwa>Gatne Drugie</sln:miejscNazwa><sln:miejscRodzaj>Wieś</sln:miejscRodzaj><sln:powIIPId>46c53311-3b2d-4273-87c6-92817f4b877e</sln:powIIPId><sln:powIIPPn>PL.PZGIK.200</sln:powIIPPn><sln:powIIPWersja>2017-10-10T00:00:00+02:00</sln:powIIPWersja><sln:powIdTeryt>2001</sln:powIdTeryt><sln:powNazwa>augustowski</sln:powNazwa><sln:waznyOd>2013-12-20T00:00:00+01:00</sln:waznyOd><sln:wojIIPId>53ad7aea-d9d3-40c9-9a5c-ff737d5b076e</sln:wojIIPId><sln:wojIIPPn>PL.PZGIK.200</sln:wojIIPPn><sln:wojIIPWersja>2017-10-10T00:00:00+02:00</sln:wojIIPWersja><sln:wojIdTeryt>20</sln:wojIdTeryt><sln:wojNazwa>podlaskie</sln:wojNazwa></sln:miejscowosc><sln:miejscowosc><sln:cyklZyciaOd>2017-04-11T00:00:00+02:00</sln:cyklZyciaOd><sln:gmIIPId>4a3c36ef-ad94-4dbc-9720-ea1edd1ee678</sln:gmIIPId><sln:gmIIPPn>PL.PZGIK.200</sln:gmIIPPn><sln:gmIIPWersja>2012-09-26T22:14:52+02:00</sln:gmIIPWersja><sln:gmIdTeryt>2001052</sln:gmIdTeryt><sln:gmNazwa>Nowinka</sln:gmNazwa><sln:miejscIIPId>3389d8a2-d1b0-4248-ab50-fcada20aea74</sln:miejscIIPId><sln:miejscIIPPn>PL.PZGIK.200</sln:miejscIIPPn><sln:miejscIIPWersja>2017-04-11T13:04:39+02:00</sln:miejscIIPWersja><sln:miejscIdTeryt>0762980</sln:miejscIdTeryt><sln:miejscNazwa>Nowinka</sln:miejscNazwa><sln:miejscRodzaj>Wieś</sln:miejscRodzaj><sln:powIIPId>46c53311-3b2d-4273-87c6-92817f4b877e</sln:powIIPId><sln:powIIPPn>PL.PZGIK.200</sln:powIIPPn><sln:powIIPWersja>2017-10-10T00:00:00+02:00</sln:powIIPWersja><sln:powIdTeryt>2001</sln:powIdTeryt><sln:powNazwa>augustowski</sln:powNazwa><sln:waznyOd>2013-12-20T00:00:00+01:00</sln:waznyOd><sln:wojIIPId>53ad7aea-d9d3-40c9-9a5c-ff737d5b076e</sln:wojIIPId><sln:wojIIPPn>PL.PZGIK.200</sln:wojIIPPn><sln:wojIIPWersja>2017-10-10T00:00:00+02:00</sln:wojIIPWersja><sln:wojIdTeryt>20</sln:wojIdTeryt><sln:wojNazwa>podlaskie</sln:wojNazwa></sln:miejscowosc><sln:miejscowosc><sln:cyklZyciaOd>2017-04-11T00:00:00+02:00</sln:cyklZyciaOd><sln:gmIIPId>4a3c36ef-ad94-4dbc-9720-ea1edd1ee678</sln:gmIIPId><sln:gmIIPPn>PL.PZGIK.200</sln:gmIIPPn><sln:gmIIPWersja>2012-09-26T22:14:52+02:00</sln:gmIIPWersja><sln:gmIdTeryt>2001052</sln:gmIdTeryt><sln:gmNazwa>Nowinka</sln:gmNazwa><sln:miejscIIPId>d632f51b-c743-42d8-83f2-62d46b74b7b4</sln:miejscIIPId><sln:miejscIIPPn>PL.PZGIK.200</sln:miejscIIPPn><sln:miejscIIPWersja>2017-04-11T13:04:39+02:00</sln:miejscIIPWersja><sln:miejscIdTeryt>0763011</sln:miejscIdTeryt><sln:miejscNazwa>Olszanka</sln:miejscNazwa><sln:miejscRodzaj>Wieś</sln:miejscRodzaj><sln:powIIPId>46c53311-3b2d-4273-87c6-92817f4b877e</sln:powIIPId><sln:powIIPPn>PL.PZGIK.200</sln:powIIPPn><sln:powIIPWersja>2017-10-10T00:00:00+02:00</sln:powIIPWersja><sln:powIdTeryt>2001</sln:powIdTeryt><sln:powNazwa>augustowski</sln:powNazwa><sln:waznyOd>2013-12-20T00:00:00+01:00</sln:waznyOd><sln:wojIIPId>53ad7aea-d9d3-40c9-9a5c-ff737d5b076e</sln:wojIIPId><sln:wojIIPPn>PL.PZGIK.200</sln:wojIIPPn><sln:wojIIPWersja>2017-10-10T00:00:00+02:00</sln:wojIIPWersja><sln:wojIdTeryt>20</sln:wojIdTeryt><sln:wojNazwa>podlaskie</sln:wojNazwa></sln:miejscowosc><sln:miejscowosc><sln:cyklZyciaOd>2017-04-11T00:00:00+02:00</sln:cyklZyciaOd><sln:gmIIPId>4a3c36ef-ad94-4dbc-9720-ea1edd1ee678</sln:gmIIPId><sln:gmIIPPn>PL.PZGIK.200</sln:gmIIPPn><sln:gmIIPWersja>2012-09-26T22:14:52+02:00</sln:gmIIPWersja><sln:gmIdTeryt>2001052</sln:gmIdTeryt><sln:gmNazwa>Nowinka</sln:gmNazwa><sln:miejscIIPId>b19f0082-db60-4607-8c33-0bd307cd0bfe</sln:miejscIIPId><sln:miejscIIPPn>PL.PZGIK.200</sln:miejscIIPPn><sln:miejscIIPWersja>2017-04-11T13:04:39+02:00</sln:miejscIIPWersja><sln:miejscIdTeryt>0763034</sln:miejscIdTeryt><sln:miejscNazwa>Osińska Buda</sln:miejscNazwa><sln:miejscRodzaj>Wieś</sln:miejscRodzaj><sln:powIIPId>46c53311-3b2d-4273-87c6-92817f4b877e</sln:powIIPId><sln:powIIPPn>PL.PZGIK.200</sln:powIIPPn><sln:powIIPWersja>2017-10-10T00:00:00+02:00</sln:powIIPWersja><sln:powIdTeryt>2001</sln:powIdTeryt><sln:powNazwa>augustowski</sln:powNazwa><sln:waznyOd>2013-12-20T00:00:00+01:00</sln:waznyOd><sln:wojIIPId>53ad7aea-d9d3-40c9-9a5c-ff737d5b076e</sln:wojIIPId><sln:wojIIPPn>PL.PZGIK.200</sln:wojIIPPn><sln:wojIIPWersja>2017-10-10T00:00:00+02:00</sln:wojIIPWersja><sln:wojIdTeryt>20</sln:wojIdTeryt><sln:wojNazwa>podlaskie</sln:wojNazwa></sln:miejscowosc><sln:miejscowosc><sln:cyklZyciaOd>2017-04-11T00:00:00+02:00</sln:cyklZyciaOd><sln:gmIIPId>4a3c36ef-ad94-4dbc-9720-ea1edd1ee678</sln:gmIIPId><sln:gmIIPPn>PL.PZGIK.200</sln:gmIIPPn><sln:gmIIPWersja>2012-09-26T22:14:52+02:00</sln:gmIIPWersja><sln:gmIdTeryt>2001052</sln:gmIdTeryt><sln:gmNazwa>Nowinka</sln:gmNazwa><sln:miejscIIPId>cbcbd6ce-b653-4da7-8ecf-73c5b1abcf87</sln:miejscIIPId><sln:miejscIIPPn>PL.PZGIK.200</sln:miejscIIPPn><sln:miejscIIPWersja>2017-04-11T13:04:39+02:00</sln:miejscIIPWersja><sln:miejscIdTeryt>0763040</sln:miejscIdTeryt><sln:miejscNazwa>Pijawne Polskie</sln:miejscNazwa><sln:miejscRodzaj>Wieś</sln:miejscRodzaj><sln:powIIPId>46c53311-3b2d-4273-87c6-92817f4b877e</sln:powIIPId><sln:powIIPPn>PL.PZGIK.200</sln:powIIPPn><sln:powIIPWersja>2017-10-10T00:00:00+02:00</sln:powIIPWersja><sln:powIdTeryt>2001</sln:powIdTeryt><sln:powNazwa>augustowski</sln:powNazwa><sln:waznyOd>2013-12-20T00:00:00+01:00</sln:waznyOd><sln:wojIIPId>53ad7aea-d9d3-40c9-9a5c-ff737d5b076e</sln:wojIIPId><sln:wojIIPPn>PL.PZGIK.200</sln:wojIIPPn><sln:wojIIPWersja>2017-10-10T00:00:00+02:00</sln:wojIIPWersja><sln:wojIdTeryt>20</sln:wojIdTeryt><sln:wojNazwa>podlaskie</sln:wojNazwa></sln:miejscowosc><sln:miejscowosc><sln:cyklZyciaOd>2017-04-11T00:00:00+02:00</sln:cyklZyciaOd><sln:gmIIPId>4a3c36ef-ad94-4dbc-9720-ea1edd1ee678</sln:gmIIPId><sln:gmIIPPn>PL.PZGIK.200</sln:gmIIPPn><sln:gmIIPWersja>2012-09-26T22:14:52+02:00</sln:gmIIPWersja><sln:gmIdTeryt>2001052</sln:gmIdTeryt><sln:gmNazwa>Nowinka</sln:gmNazwa><sln:miejscIIPId>3610c220-1f79-42e4-b03d-d53df79675b1</sln:miejscIIPId><sln:miejscIIPPn>PL.PZGIK.200</sln:miejscIIPPn><sln:miejscIIPWersja>2017-04-11T13:04:39+02:00</sln:miejscIIPWersja><sln:miejscIdTeryt>0763070</sln:miejscIdTeryt><sln:miejscNazwa>Pijawne Ruskie</sln:miejscNazwa><sln:miejscRodzaj>Wieś</sln:miejscRodzaj><sln:powIIPId>46c53311-3b2d-4273-87c6-92817f4b877e</sln:powIIPId><sln:powIIPPn>PL.PZGIK.200</sln:powIIPPn><sln:powIIPWersja>2017-10-10T00:00:00+02:00</sln:powIIPWersja><sln:powIdTeryt>2001</sln:powIdTeryt><sln:powNazwa>augustowski</sln:powNazwa><sln:waznyOd>2013-12-20T00:00:00+01:00</sln:waznyOd><sln:wojIIPId>53ad7aea-d9d3-40c9-9a5c-ff737d5b076e</sln:wojIIPId><sln:wojIIPPn>PL.PZGIK.200</sln:wojIIPPn><sln:wojIIPWersja>2017-10-10T00:00:00+02:00</sln:wojIIPWersja><sln:wojIdTeryt>20</sln:wojIdTeryt><sln:wojNazwa>podlaskie</sln:wojNazwa></sln:miejscowosc><sln:miejscowosc><sln:cyklZyciaOd>2017-04-11T00:00:00+02:00</sln:cyklZyciaOd><sln:gmIIPId>4a3c36ef-ad94-4dbc-9720-ea1edd1ee678</sln:gmIIPId><sln:gmIIPPn>PL.PZGIK.200</sln:gmIIPPn><sln:gmIIPWersja>2012-09-26T22:14:52+02:00</sln:gmIIPWersja><sln:gmIdTeryt>2001052</sln:gmIdTeryt><sln:gmNazwa>Nowinka</sln:gmNazwa><sln:miejscIIPId>224025f6-d6e5-4d25-9875-43ed79688387</sln:miejscIIPId><sln:miejscIIPPn>PL.PZGIK.200</sln:miejscIIPPn><sln:miejscIIPWersja>2017-04-11T13:04:39+02:00</sln:miejscIIPWersja><sln:miejscIdTeryt>0763092</sln:miejscIdTeryt><sln:miejscNazwa>Podkrólówek</sln:miejscNazwa><sln:miejscRodzaj>Wieś</sln:miejscRodzaj><sln:powIIPId>46c53311-3b2d-4273-87c6-92817f4b877e</sln:powIIPId><sln:powIIPPn>PL.PZGIK.200</sln:powIIPPn><sln:powIIPWersja>2017-10-10T00:00:00+02:00</sln:powIIPWersja><sln:powIdTeryt>2001</sln:powIdTeryt><sln:powNazwa>augustowski</sln:powNazwa><sln:waznyOd>2013-12-20T00:00:00+01:00</sln:waznyOd><sln:wojIIPId>53ad7aea-d9d3-40c9-9a5c-ff737d5b076e</sln:wojIIPId><sln:wojIIPPn>PL.PZGIK.200</sln:wojIIPPn><sln:wojIIPWersja>2017-10-10T00:00:00+02:00</sln:wojIIPWersja><sln:wojIdTeryt>20</sln:wojIdTeryt><sln:wojNazwa>podlaskie</sln:wojNazwa></sln:miejscowosc><sln:miejscowosc><sln:cyklZyciaOd>2017-04-11T00:00:00+02:00</sln:cyklZyciaOd><sln:gmIIPId>4a3c36ef-ad94-4dbc-9720-ea1edd1ee678</sln:gmIIPId><sln:gmIIPPn>PL.PZGIK.200</sln:gmIIPPn><sln:gmIIPWersja>2012-09-26T22:14:52+02:00</sln:gmIIPWersja><sln:gmIdTeryt>2001052</sln:gmIdTeryt><sln:gmNazwa>Nowinka</sln:gmNazwa><sln:miejscIIPId>cf91df22-a510-486c-a7ce-acd499633af5</sln:miejscIIPId><sln:miejscIIPPn>PL.PZGIK.200</sln:miejscIIPPn><sln:miejscIIPWersja>2017-04-11T13:04:40+02:00</sln:miejscIIPWersja><sln:miejscIdTeryt>0763100</sln:miejscIdTeryt><sln:miejscNazwa>Podnowinka</sln:miejscNazwa><sln:miejscRodzaj>Wieś</sln:miejscRodzaj><sln:powIIPId>46c53311-3b2d-4273-87c6-92817f4b877e</sln:powIIPId><sln:powIIPPn>PL.PZGIK.200</sln:powIIPPn><sln:powIIPWersja>2017-10-10T00:00:00+02:00</sln:powIIPWersja><sln:powIdTeryt>2001</sln:powIdTeryt><sln:powNazwa>augustowski</sln:powNazwa><sln:waznyOd>2013-12-20T00:00:00+01:00</sln:waznyOd><sln:wojIIPId>53ad7aea-d9d3-40c9-9a5c-ff737d5b076e</sln:wojIIPId><sln:wojIIPPn>PL.PZGIK.200</sln:wojIIPPn><sln:wojIIPWersja>2017-10-10T00:00:00+02:00</sln:wojIIPWersja><sln:wojIdTeryt>20</sln:wojIdTeryt><sln:wojNazwa>podlaskie</sln:wojNazwa></sln:miejscowosc><sln:miejscowosc><sln:cyklZyciaOd>2017-04-11T00:00:00+02:00</sln:cyklZyciaOd><sln:gmIIPId>4a3c36ef-ad94-4dbc-9720-ea1edd1ee678</sln:gmIIPId><sln:gmIIPPn>PL.PZGIK.200</sln:gmIIPPn><sln:gmIIPWersja>2012-09-26T22:14:52+02:00</sln:gmIIPWersja><sln:gmIdTeryt>2001052</sln:gmIdTeryt><sln:gmNazwa>Nowinka</sln:gmNazwa><sln:miejscIIPId>a5ecaa58-43aa-4102-acfa-1caaf74b35cd</sln:miejscIIPId><sln:miejscIIPPn>PL.PZGIK.200</sln:miejscIIPPn><sln:miejscIIPWersja>2017-04-11T13:04:40+02:00</sln:miejscIIPWersja><sln:miejscIdTeryt>0763152</sln:miejscIdTeryt><sln:miejscNazwa>Sokolne</sln:miejscNazwa><sln:miejscRodzaj>Wieś</sln:miejscRodzaj><sln:powIIPId>46c53311-3b2d-4273-87c6-92817f4b877e</sln:powIIPId><sln:powIIPPn>PL.PZGIK.200</sln:powIIPPn><sln:powIIPWersja>2017-10-10T00:00:00+02:00</sln:powIIPWersja><sln:powIdTeryt>2001</sln:powIdTeryt><sln:powNazwa>augustowski</sln:powNazwa><sln:waznyOd>2013-12-20T00:00:00+01:00</sln:waznyOd><sln:wojIIPId>53ad7aea-d9d3-40c9-9a5c-ff737d5b076e</sln:wojIIPId><sln:wojIIPPn>PL.PZGIK.200</sln:wojIIPPn><sln:wojIIPWersja>2017-10-10T00:00:00+02:00</sln:wojIIPWersja><sln:wojIdTeryt>20</sln:wojIdTeryt><sln:wojNazwa>podlaskie</sln:wojNazwa></sln:miejscowosc><sln:miejscowosc><sln:cyklZyciaOd>2017-04-11T00:00:00+02:00</sln:cyklZyciaOd><sln:gmIIPId>4a3c36ef-ad94-4dbc-9720-ea1edd1ee678</sln:gmIIPId><sln:gmIIPPn>PL.PZGIK.200</sln:gmIIPPn><sln:gmIIPWersja>2012-09-26T22:14:52+02:00</sln:gmIIPWersja><sln:gmIdTeryt>2001052</sln:gmIdTeryt><sln:gmNazwa>Nowinka</sln:gmNazwa><sln:miejscIIPId>cc630b2f-89c8-42c7-ad4b-ec0d237e9828</sln:miejscIIPId><sln:miejscIIPPn>PL.PZGIK.200</sln:miejscIIPPn><sln:miejscIIPWersja>2017-04-11T13:04:40+02:00</sln:miejscIIPWersja><sln:miejscIdTeryt>0763169</sln:miejscIdTeryt><sln:miejscNazwa>Gatne Pierwsze</sln:miejscNazwa><sln:miejscRodzaj>Wieś</sln:miejscRodzaj><sln:powIIPId>46c53311-3b2d-4273-87c6-92817f4b877e</sln:powIIPId><sln:powIIPPn>PL.PZGIK.200</sln:powIIPPn><sln:powIIPWersja>2017-10-10T00:00:00+02:00</sln:powIIPWersja><sln:powIdTeryt>2001</sln:powIdTeryt><sln:powNazwa>augustowski</sln:powNazwa><sln:waznyOd>2013-12-20T00:00:00+01:00</sln:waznyOd><sln:wojIIPId>53ad7aea-d9d3-40c9-9a5c-ff737d5b076e</sln:wojIIPId><sln:wojIIPPn>PL.PZGIK.200</sln:wojIIPPn><sln:wojIIPWersja>2017-10-10T00:00:00+02:00</sln:wojIIPWersja><sln:wojIdTeryt>20</sln:wojIdTeryt><sln:wojNazwa>podlaskie</sln:wojNazwa></sln:miejscowosc><sln:miejscowosc><sln:cyklZyciaOd>2017-04-11T00:00:00+02:00</sln:cyklZyciaOd><sln:gmIIPId>4a3c36ef-ad94-4dbc-9720-ea1edd1ee678</sln:gmIIPId><sln:gmIIPPn>PL.PZGIK.200</sln:gmIIPPn><sln:gmIIPWersja>2012-09-26T22:14:52+02:00</sln:gmIIPWersja><sln:gmIdTeryt>2001052</sln:gmIdTeryt><sln:gmNazwa>Nowinka</sln:gmNazwa><sln:miejscIIPId>42550148-ddb0-4cc4-a2cd-55ae7e66aa63</sln:miejscIIPId><sln:miejscIIPPn>PL.PZGIK.200</sln:miejscIIPPn><sln:miejscIIPWersja>2017-04-11T13:04:40+02:00</sln:miejscIIPWersja><sln:miejscIdTeryt>0763175</sln:miejscIdTeryt><sln:miejscNazwa>Strękowizna</sln:miejscNazwa><sln:miejscRodzaj>Wieś</sln:miejscRodzaj><sln:powIIPId>46c53311-3b2d-4273-87c6-92817f4b877e</sln:powIIPId><sln:powIIPPn>PL.PZGIK.200</sln:powIIPPn><sln:powIIPWersja>2017-10-10T00:00:00+02:00</sln:powIIPWersja><sln:powIdTeryt>2001</sln:powIdTeryt><sln:powNazwa>augustowski</sln:powNazwa><sln:waznyOd>2013-12-20T00:00:00+01:00</sln:waznyOd><sln:wojIIPId>53ad7aea-d9d3-40c9-9a5c-ff737d5b076e</sln:wojIIPId><sln:wojIIPPn>PL.PZGIK.200</sln:wojIIPPn><sln:wojIIPWersja>2017-10-10T00:00:00+02:00</sln:wojIIPWersja><sln:wojIdTeryt>20</sln:wojIdTeryt><sln:wojNazwa>podlaskie</sln:wojNazwa></sln:miejscowosc><sln:miejscowosc><sln:cyklZyciaOd>2017-04-11T00:00:00+02:00</sln:cyklZyciaOd><sln:gmIIPId>4a3c36ef-ad94-4dbc-9720-ea1edd1ee678</sln:gmIIPId><sln:gmIIPPn>PL.PZGIK.200</sln:gmIIPPn><sln:gmIIPWersja>2012-09-26T22:14:52+02:00</sln:gmIIPWersja><sln:gmIdTeryt>2001052</sln:gmIdTeryt><sln:gmNazwa>Nowinka</sln:gmNazwa><sln:miejscIIPId>cfc8b285-d551-4566-a527-95caf50f8929</sln:miejscIIPId><sln:miejscIIPPn>PL.PZGIK.200</sln:miejscIIPPn><sln:miejscIIPWersja>2017-04-11T13:04:40+02:00</sln:miejscIIPWersja><sln:miejscIdTeryt>0763181</sln:miejscIdTeryt><sln:miejscNazwa>Szczeberka</sln:miejscNazwa><sln:miejscRodzaj>Wieś</sln:miejscRodzaj><sln:powIIPId>46c53311-3b2d-4273-87c6-92817f4b877e</sln:powIIPId><sln:powIIPPn>PL.PZGIK.200</sln:powIIPPn><sln:powIIPWersja>2017-10-10T00:00:00+02:00</sln:powIIPWersja><sln:powIdTeryt>2001</sln:powIdTeryt><sln:powNazwa>augustowski</sln:powNazwa><sln:waznyOd>2013-12-20T00:00:00+01:00</sln:waznyOd><sln:wojIIPId>53ad7aea-d9d3-40c9-9a5c-ff737d5b076e</sln:wojIIPId><sln:wojIIPPn>PL.PZGIK.200</sln:wojIIPPn><sln:wojIIPWersja>2017-10-10T00:00:00+02:00</sln:wojIIPWersja><sln:wojIdTeryt>20</sln:wojIdTeryt><sln:wojNazwa>podlaskie</sln:wojNazwa></sln:miejscowosc><sln:miejscowosc><sln:cyklZyciaOd>2017-04-11T00:00:00+02:00</sln:cyklZyciaOd><sln:gmIIPId>4a3c36ef-ad94-4dbc-9720-ea1edd1ee678</sln:gmIIPId><sln:gmIIPPn>PL.PZGIK.200</sln:gmIIPPn><sln:gmIIPWersja>2012-09-26T22:14:52+02:00</sln:gmIIPWersja><sln:gmIdTeryt>2001052</sln:gmIdTeryt><sln:gmNazwa>Nowinka</sln:gmNazwa><sln:miejscIIPId>ebd51c5a-29cf-43b1-99fc-8974283ff12f</sln:miejscIIPId><sln:miejscIIPPn>PL.PZGIK.200</sln:miejscIIPPn><sln:miejscIIPWersja>2017-04-11T13:04:40+02:00</sln:miejscIIPWersja><sln:miejscIdTeryt>0763198</sln:miejscIdTeryt><sln:miejscNazwa>Szczebra</sln:miejscNazwa><sln:miejscRodzaj>Wieś</sln:miejscRodzaj><sln:powIIPId>46c53311-3b2d-4273-87c6-92817f4b877e</sln:powIIPId><sln:powIIPPn>PL.PZGIK.200</sln:powIIPPn><sln:powIIPWersja>2017-10-10T00:00:00+02:00</sln:powIIPWersja><sln:powIdTeryt>2001</sln:powIdTeryt><sln:powNazwa>augustowski</sln:powNazwa><sln:waznyOd>2013-12-20T00:00:00+01:00</sln:waznyOd><sln:wojIIPId>53ad7aea-d9d3-40c9-9a5c-ff737d5b076e</sln:wojIIPId><sln:wojIIPPn>PL.PZGIK.200</sln:wojIIPPn><sln:wojIIPWersja>2017-10-10T00:00:00+02:00</sln:wojIIPWersja><sln:wojIdTeryt>20</sln:wojIdTeryt><sln:wojNazwa>podlaskie</sln:wojNazwa></sln:miejscowosc><sln:miejscowosc><sln:cyklZyciaOd>2017-04-11T00:00:00+02:00</sln:cyklZyciaOd><sln:gmIIPId>4a3c36ef-ad94-4dbc-9720-ea1edd1ee678</sln:gmIIPId><sln:gmIIPPn>PL.PZGIK.200</sln:gmIIPPn><sln:gmIIPWersja>2012-09-26T22:14:52+02:00</sln:gmIIPWersja><sln:gmIdTeryt>2001052</sln:gmIdTeryt><sln:gmNazwa>Nowinka</sln:gmNazwa><sln:miejscIIPId>407937d2-1cd8-4108-a2d1-848c67538886</sln:miejscIIPId><sln:miejscIIPPn>PL.PZGIK.200</sln:miejscIIPPn><sln:miejscIIPWersja>2017-04-11T13:04:40+02:00</sln:miejscIIPWersja><sln:miejscIdTeryt>0763212</sln:miejscIdTeryt><sln:miejscNazwa>Szczepki</sln:miejscNazwa><sln:miejscRodzaj>Wieś</sln:miejscRodzaj><sln:powIIPId>46c53311-3b2d-4273-87c6-92817f4b877e</sln:powIIPId><sln:powIIPPn>PL.PZGIK.200</sln:powIIPPn><sln:powIIPWersja>2017-10-10T00:00:00+02:00</sln:powIIPWersja><sln:powIdTeryt>2001</sln:powIdTeryt><sln:powNazwa>augustowski</sln:powNazwa><sln:waznyOd>2013-12-20T00:00:00+01:00</sln:waznyOd><sln:wojIIPId>53ad7aea-d9d3-40c9-9a5c-ff737d5b076e</sln:wojIIPId><sln:wojIIPPn>PL.PZGIK.200</sln:wojIIPPn><sln:wojIIPWersja>2017-10-10T00:00:00+02:00</sln:wojIIPWersja><sln:wojIdTeryt>20</sln:wojIdTeryt><sln:wojNazwa>podlaskie</sln:wojNazwa></sln:miejscowosc><sln:miejscowosc><sln:cyklZyciaOd>2017-04-11T00:00:00+02:00</sln:cyklZyciaOd><sln:gmIIPId>4a3c36ef-ad94-4dbc-9720-ea1edd1ee678</sln:gmIIPId><sln:gmIIPPn>PL.PZGIK.200</sln:gmIIPPn><sln:gmIIPWersja>2012-09-26T22:14:52+02:00</sln:gmIIPWersja><sln:gmIdTeryt>2001052</sln:gmIdTeryt><sln:gmNazwa>Nowinka</sln:gmNazwa><sln:miejscIIPId>5b8601bf-82d2-4321-98d5-9e185f1ff891</sln:miejscIIPId><sln:miejscIIPPn>PL.PZGIK.200</sln:miejscIIPPn><sln:miejscIIPWersja>2017-04-11T13:04:40+02:00</sln:miejscIIPWersja><sln:miejscIdTeryt>0763229</sln:miejscIdTeryt><sln:miejscNazwa>Tobołowo</sln:miejscNazwa><sln:miejscRodzaj>Wieś</sln:miejscRodzaj><sln:powIIPId>46c53311-3b2d-4273-87c6-92817f4b877e</sln:powIIPId><sln:powIIPPn>PL.PZGIK.200</sln:powIIPPn><sln:powIIPWersja>2017-10-10T00:00:00+02:00</sln:powIIPWersja><sln:powIdTeryt>2001</sln:powIdTeryt><sln:powNazwa>augustowski</sln:powNazwa><sln:waznyOd>2013-12-20T00:00:00+01:00</sln:waznyOd><sln:wojIIPId>53ad7aea-d9d3-40c9-9a5c-ff737d5b076e</sln:wojIIPId><sln:wojIIPPn>PL.PZGIK.200</sln:wojIIPPn><sln:wojIIPWersja>2017-10-10T00:00:00+02:00</sln:wojIIPWersja><sln:wojIdTeryt>20</sln:wojIdTeryt><sln:wojNazwa>podlaskie</sln:wojNazwa></sln:miejscowosc><sln:miejscowosc><sln:cyklZyciaOd>2017-04-11T00:00:00+02:00</sln:cyklZyciaOd><sln:gmIIPId>4a3c36ef-ad94-4dbc-9720-ea1edd1ee678</sln:gmIIPId><sln:gmIIPPn>PL.PZGIK.200</sln:gmIIPPn><sln:gmIIPWersja>2012-09-26T22:14:52+02:00</sln:gmIIPWersja><sln:gmIdTeryt>2001052</sln:gmIdTeryt><sln:gmNazwa>Nowinka</sln:gmNazwa><sln:miejscIIPId>eba61582-2943-4ac5-9e47-56fd7f67826c</sln:miejscIIPId><sln:miejscIIPPn>PL.PZGIK.200</sln:miejscIIPPn><sln:miejscIIPWersja>2017-04-11T13:04:40+02:00</sln:miejscIIPWersja><sln:miejscIdTeryt>0763235</sln:miejscIdTeryt><sln:miejscNazwa>Walne</sln:miejscNazwa><sln:miejscRodzaj>Wieś</sln:miejscRodzaj><sln:powIIPId>46c53311-3b2d-4273-87c6-92817f4b877e</sln:powIIPId><sln:powIIPPn>PL.PZGIK.200</sln:powIIPPn><sln:powIIPWersja>2017-10-10T00:00:00+02:00</sln:powIIPWersja><sln:powIdTeryt>2001</sln:powIdTeryt><sln:powNazwa>augustowski</sln:powNazwa><sln:waznyOd>2013-12-20T00:00:00+01:00</sln:waznyOd><sln:wojIIPId>53ad7aea-d9d3-40c9-9a5c-ff737d5b076e</sln:wojIIPId><sln:wojIIPPn>PL.PZGIK.200</sln:wojIIPPn><sln:wojIIPWersja>2017-10-10T00:00:00+02:00</sln:wojIIPWersja><sln:wojIdTeryt>20</sln:wojIdTeryt><sln:wojNazwa>podlaskie</sln:wojNazwa></sln:miejscowosc></sln:lista-miejscowosci>