<?xml version="1.0" encoding="UTF-8" standalone="yes"?><sln:lista-miejscowosci xmlns:srv="http://gugik.gov.pl/schemas/slowniki-service/1.0" xmlns:sln="http://gugik.gov.pl/schemas/slowniki-schema/1.0"><sln:miejscowosc><sln:cyklZyciaDo>2017-04-10T00:00:00+02:00</sln:cyklZyciaDo><sln:cyklZyciaOd>2015-12-28T00:00:00+01:00</sln:cyklZyciaOd><sln:gmIIPId>94f5b9fe-1713-4879-85d1-fa238415f867</sln:gmIIPId><sln:gmIIPPn>PL.PZGIK.200</sln:gmIIPPn><sln:gmIIPWersja>2012-09-26T22:15:49+02:00</sln:gmIIPWersja><sln:gmIdTeryt>2008013</sln:gmIdTeryt><sln:gmNazwa>Goniądz</sln:gmNazwa><sln:miejscIIPId>090f4041-7ae9-4c48-b930-63bc5519124d</sln:miejscIIPId><sln:miejscIIPPn>PL.PZGIK.200</sln:miejscIIPPn><sln:miejscIIPWersja>2016-11-24T10:20:32+02:00</sln:miejscIIPWersja><sln:miejscIdTeryt>0396601</sln:miejscIdTeryt><sln:miejscNazwa>Białosuknia</sln:miejscNazwa><sln:miejscRodzaj>Wieś</sln:miejscRodzaj><sln:powIIPId>7de4ed9f-e2ea-4456-9248-bc81a2b79294</sln:powIIPId><sln:powIIPPn>PL.PZGIK.200</sln:powIIPPn><sln:powIIPWersja>2012-09-27T09:26:09+02:00</sln:powIIPWersja><sln:powIdTeryt>2008</sln:powIdTeryt><sln:powNazwa>moniecki</sln:powNazwa><sln:waznyOd>2015-03-02T00:00:00+01:00</sln:waznyOd><sln:wojIIPId>53ad7aea-d9d3-40c9-9a5c-ff737d5b076e</sln:wojIIPId><sln:wojIIPPn>PL.PZGIK.200</sln:wojIIPPn><sln:wojIIPWersja>2017-10-10T00:00:00+02:00</sln:wojIIPWersja><sln:wojIdTeryt>20</sln:wojIdTeryt><sln:wojNazwa>podlaskie</sln:wojNazwa></sln:miejscowosc><sln:miejscowosc><sln:cyklZyciaDo>2017-04-10T00:00:00+02:00</sln:cyklZyciaDo><sln:cyklZyciaOd>2015-12-28T00:00:00+01:00</sln:cyklZyciaOd><sln:gmIIPId>94f5b9fe-1713-4879-85d1-fa238415f867</sln:gmIIPId><sln:gmIIPPn>PL.PZGIK.200</sln:gmIIPPn><sln:gmIIPWersja>2012-09-26T22:15:49+02:00</sln:gmIIPWersja><sln:gmIdTeryt>2008013</sln:gmIdTeryt><sln:gmNazwa>Goniądz</sln:gmNazwa><sln:miejscIIPId>c426eedc-894d-43c3-a92f-eb3f9fd47764</sln:miejscIIPId><sln:miejscIIPPn>PL.PZGIK.200</sln:miejscIIPPn><sln:miejscIIPWersja>2016-11-24T10:20:32+02:00</sln:miejscIIPWersja><sln:miejscIdTeryt>0396624</sln:miejscIdTeryt><sln:miejscNazwa>Budne</sln:miejscNazwa><sln:miejscRodzaj>Wieś</sln:miejscRodzaj><sln:powIIPId>7de4ed9f-e2ea-4456-9248-bc81a2b79294</sln:powIIPId><sln:powIIPPn>PL.PZGIK.200</sln:powIIPPn><sln:powIIPWersja>2012-09-27T09:26:09+02:00</sln:powIIPWersja><sln:powIdTeryt>2008</sln:powIdTeryt><sln:powNazwa>moniecki</sln:powNazwa><sln:waznyOd>2015-03-02T00:00:00+01:00</sln:waznyOd><sln:wojIIPId>53ad7aea-d9d3-40c9-9a5c-ff737d5b076e</sln:wojIIPId><sln:wojIIPPn>PL.PZGIK.200</sln:wojIIPPn><sln:wojIIPWersja>2017-10-10T00:00:00+02:00</sln:wojIIPWersja><sln:wojIdTeryt>20</sln:wojIdTeryt><sln:wojNazwa>podlaskie</sln:wojNazwa></sln:miejscowosc><sln:miejscowosc><sln:cyklZyciaDo>2017-04-10T00:00:00+02:00</sln:cyklZyciaDo><sln:cyklZyciaOd>2015-12-28T00:00:00+01:00</sln:cyklZyciaOd><sln:gmIIPId>94f5b9fe-1713-4879-85d1-fa238415f867</sln:gmIIPId><sln:gmIIPPn>PL.PZGIK.200</sln:gmIIPPn><sln:gmIIPWersja>2012-09-26T22:15:49+02:00</sln:gmIIPWersja><sln:gmIdTeryt>2008013</sln:gmIdTeryt><sln:gmNazwa>Goniądz</sln:gmNazwa><sln:miejscIIPId>b465530a-a23a-4456-8b17-7ef343ede47d</sln:miejscIIPId><sln:miejscIIPPn>PL.PZGIK.200</sln:miejscIIPPn><sln:miejscIIPWersja>2016-11-24T10:20:32+02:00</sln:miejscIIPWersja><sln:miejscIdTeryt>0396660</sln:miejscIdTeryt><sln:miejscNazwa>Dawidowizna</sln:miejscNazwa><sln:miejscRodzaj>Wieś</sln:miejscRodzaj><sln:powIIPId>7de4ed9f-e2ea-4456-9248-bc81a2b79294</sln:powIIPId><sln:powIIPPn>PL.PZGIK.200</sln:powIIPPn><sln:powIIPWersja>2012-09-27T09:26:09+02:00</sln:powIIPWersja><sln:powIdTeryt>2008</sln:powIdTeryt><sln:powNazwa>moniecki</sln:powNazwa><sln:waznyOd>2015-03-02T00:00:00+01:00</sln:waznyOd><sln:wojIIPId>53ad7aea-d9d3-40c9-9a5c-ff737d5b076e</sln:wojIIPId><sln:wojIIPPn>PL.PZGIK.200</sln:wojIIPPn><sln:wojIIPWersja>2017-10-10T00:00:00+02:00</sln:wojIIPWersja><sln:wojIdTeryt>20</sln:wojIdTeryt><sln:wojNazwa>podlaskie</sln:wojNazwa></sln:miejscowosc><sln:miejscowosc><sln:cyklZyciaDo>2017-04-10T00:00:00+02:00</sln:cyklZyciaDo><sln:cyklZyciaOd>2015-12-28T00:00:00+01:00</sln:cyklZyciaOd><sln:gmIIPId>94f5b9fe-1713-4879-85d1-fa238415f867</sln:gmIIPId><sln:gmIIPPn>PL.PZGIK.200</sln:gmIIPPn><sln:gmIIPWersja>2012-09-26T22:15:49+02:00</sln:gmIIPWersja><sln:gmIdTeryt>2008013</sln:gmIdTeryt><sln:gmNazwa>Goniądz</sln:gmNazwa><sln:miejscIIPId>a353a3be-c188-40ea-9331-566270e8fae7</sln:miejscIIPId><sln:miejscIIPPn>PL.PZGIK.200</sln:miejscIIPPn><sln:miejscIIPWersja>2016-11-24T10:20:32+02:00</sln:miejscIIPWersja><sln:miejscIdTeryt>0396676</sln:miejscIdTeryt><sln:miejscNazwa>Doły</sln:miejscNazwa><sln:miejscRodzaj>Wieś</sln:miejscRodzaj><sln:powIIPId>7de4ed9f-e2ea-4456-9248-bc81a2b79294</sln:powIIPId><sln:powIIPPn>PL.PZGIK.200</sln:powIIPPn><sln:powIIPWersja>2012-09-27T09:26:09+02:00</sln:powIIPWersja><sln:powIdTeryt>2008</sln:powIdTeryt><sln:powNazwa>moniecki</sln:powNazwa><sln:waznyOd>2015-03-02T00:00:00+01:00</sln:waznyOd><sln:wojIIPId>53ad7aea-d9d3-40c9-9a5c-ff737d5b076e</sln:wojIIPId><sln:wojIIPPn>PL.PZGIK.200</sln:wojIIPPn><sln:wojIIPWersja>2017-10-10T00:00:00+02:00</sln:wojIIPWersja><sln:wojIdTeryt>20</sln:wojIdTeryt><sln:wojNazwa>podlaskie</sln:wojNazwa></sln:miejscowosc><sln:miejscowosc><sln:cyklZyciaDo>2017-04-10T00:00:00+02:00</sln:cyklZyciaDo><sln:cyklZyciaOd>2015-12-28T00:00:00+01:00</sln:cyklZyciaOd><sln:gmIIPId>94f5b9fe-1713-4879-85d1-fa238415f867</sln:gmIIPId><sln:gmIIPPn>PL.PZGIK.200</sln:gmIIPPn><sln:gmIIPWersja>2012-09-26T22:15:49+02:00</sln:gmIIPWersja><sln:gmIdTeryt>2008013</sln:gmIdTeryt><sln:gmNazwa>Goniądz</sln:gmNazwa><sln:miejscIIPId>ec0ad980-512a-48c4-8e2e-c2e00bc69e41</sln:miejscIIPId><sln:miejscIIPPn>PL.PZGIK.200</sln:miejscIIPPn><sln:miejscIIPWersja>2016-11-24T10:20:32+02:00</sln:miejscIIPWersja><sln:miejscIdTeryt>0396682</sln:miejscIdTeryt><sln:miejscNazwa>Downary</sln:miejscNazwa><sln:miejscRodzaj>Wieś</sln:miejscRodzaj><sln:powIIPId>7de4ed9f-e2ea-4456-9248-bc81a2b79294</sln:powIIPId><sln:powIIPPn>PL.PZGIK.200</sln:powIIPPn><sln:powIIPWersja>2012-09-27T09:26:09+02:00</sln:powIIPWersja><sln:powIdTeryt>2008</sln:powIdTeryt><sln:powNazwa>moniecki</sln:powNazwa><sln:waznyOd>2015-03-02T00:00:00+01:00</sln:waznyOd><sln:wojIIPId>53ad7aea-d9d3-40c9-9a5c-ff737d5b076e</sln:wojIIPId><sln:wojIIPPn>PL.PZGIK.200</sln:wojIIPPn><sln:wojIIPWersja>2017-10-10T00:00:00+02:00</sln:wojIIPWersja><sln:wojIdTeryt>20</sln:wojIdTeryt><sln:wojNazwa>podlaskie</sln:wojNazwa></sln:miejscowosc><sln:miejscowosc><sln:cyklZyciaDo>2017-04-10T00:00:00+02:00</sln:cyklZyciaDo><sln:cyklZyciaOd>2015-12-28T00:00:00+01:00</sln:cyklZyciaOd><sln:gmIIPId>94f5b9fe-1713-4879-85d1-fa238415f867</sln:gmIIPId><sln:gmIIPPn>PL.PZGIK.200</sln:gmIIPPn><sln:gmIIPWersja>2012-09-26T22:15:49+02:00</sln:gmIIPWersja><sln:gmIdTeryt>2008013</sln:gmIdTeryt><sln:gmNazwa>Goniądz</sln:gmNazwa><sln:miejscIIPId>05721eb1-f2c5-4187-a0e5-9d9d702b24b9</sln:miejscIIPId><sln:miejscIIPPn>PL.PZGIK.200</sln:miejscIIPPn><sln:miejscIIPWersja>2016-11-24T10:20:32+02:00</sln:miejscIIPWersja><sln:miejscIdTeryt>0396699</sln:miejscIdTeryt><sln:miejscNazwa>Downary-Plac</sln:miejscNazwa><sln:miejscRodzaj>Inny obiekt</sln:miejscRodzaj><sln:powIIPId>7de4ed9f-e2ea-4456-9248-bc81a2b79294</sln:powIIPId><sln:powIIPPn>PL.PZGIK.200</sln:powIIPPn><sln:powIIPWersja>2012-09-27T09:26:09+02:00</sln:powIIPWersja><sln:powIdTeryt>2008</sln:powIdTeryt><sln:powNazwa>moniecki</sln:powNazwa><sln:waznyOd>2015-04-01T00:00:00+02:00</sln:waznyOd><sln:wojIIPId>53ad7aea-d9d3-40c9-9a5c-ff737d5b076e</sln:wojIIPId><sln:wojIIPPn>PL.PZGIK.200</sln:wojIIPPn><sln:wojIIPWersja>2017-10-10T00:00:00+02:00</sln:wojIIPWersja><sln:wojIdTeryt>20</sln:wojIdTeryt><sln:wojNazwa>podlaskie</sln:wojNazwa></sln:miejscowosc><sln:miejscowosc><sln:cyklZyciaDo>2017-04-10T00:00:00+02:00</sln:cyklZyciaDo><sln:cyklZyciaOd>2015-12-28T00:00:00+01:00</sln:cyklZyciaOd><sln:gmIIPId>94f5b9fe-1713-4879-85d1-fa238415f867</sln:gmIIPId><sln:gmIIPPn>PL.PZGIK.200</sln:gmIIPPn><sln:gmIIPWersja>2012-09-26T22:15:49+02:00</sln:gmIIPWersja><sln:gmIdTeryt>2008013</sln:gmIdTeryt><sln:gmNazwa>Goniądz</sln:gmNazwa><sln:miejscIIPId>82ce740d-8910-4f61-b5af-1b0b23e9b7a6</sln:miejscIIPId><sln:miejscIIPPn>PL.PZGIK.200</sln:miejscIIPPn><sln:miejscIIPWersja>2016-11-24T13:17:08+02:00</sln:miejscIIPWersja><sln:miejscIdTeryt>0957360</sln:miejscIdTeryt><sln:miejscNazwa>Goniądz</sln:miejscNazwa><sln:miejscRodzaj>Miasto</sln:miejscRodzaj><sln:powIIPId>7de4ed9f-e2ea-4456-9248-bc81a2b79294</sln:powIIPId><sln:powIIPPn>PL.PZGIK.200</sln:powIIPPn><sln:powIIPWersja>2012-09-27T09:26:09+02:00</sln:powIIPWersja><sln:powIdTeryt>2008</sln:powIdTeryt><sln:powNazwa>moniecki</sln:powNazwa><sln:waznyOd>2015-03-02T00:00:00+01:00</sln:waznyOd><sln:wojIIPId>53ad7aea-d9d3-40c9-9a5c-ff737d5b076e</sln:wojIIPId><sln:wojIIPPn>PL.PZGIK.200</sln:wojIIPPn><sln:wojIIPWersja>2017-10-10T00:00:00+02:00</sln:wojIIPWersja><sln:wojIdTeryt>20</sln:wojIdTeryt><sln:wojNazwa>podlaskie</sln:wojNazwa></sln:miejscowosc><sln:miejscowosc><sln:cyklZyciaDo>2017-04-10T00:00:00+02:00</sln:cyklZyciaDo><sln:cyklZyciaOd>2015-12-28T00:00:00+01:00</sln:cyklZyciaOd><sln:gmIIPId>94f5b9fe-1713-4879-85d1-fa238415f867</sln:gmIIPId><sln:gmIIPPn>PL.PZGIK.200</sln:gmIIPPn><sln:gmIIPWersja>2012-09-26T22:15:49+02:00</sln:gmIIPWersja><sln:gmIdTeryt>2008013</sln:gmIdTeryt><sln:gmNazwa>Goniądz</sln:gmNazwa><sln:miejscIIPId>5400d064-f28a-4510-81f0-389b9551f0b8</sln:miejscIIPId><sln:miejscIIPPn>PL.PZGIK.200</sln:miejscIIPPn><sln:miejscIIPWersja>2016-11-24T10:20:32+02:00</sln:miejscIIPWersja><sln:miejscIdTeryt>0396707</sln:miejscIdTeryt><sln:miejscNazwa>Klewianka</sln:miejscNazwa><sln:miejscRodzaj>Wieś</sln:miejscRodzaj><sln:powIIPId>7de4ed9f-e2ea-4456-9248-bc81a2b79294</sln:powIIPId><sln:powIIPPn>PL.PZGIK.200</sln:powIIPPn><sln:powIIPWersja>2012-09-27T09:26:09+02:00</sln:powIIPWersja><sln:powIdTeryt>2008</sln:powIdTeryt><sln:powNazwa>moniecki</sln:powNazwa><sln:waznyOd>2015-03-02T00:00:00+01:00</sln:waznyOd><sln:wojIIPId>53ad7aea-d9d3-40c9-9a5c-ff737d5b076e</sln:wojIIPId><sln:wojIIPPn>PL.PZGIK.200</sln:wojIIPPn><sln:wojIIPWersja>2017-10-10T00:00:00+02:00</sln:wojIIPWersja><sln:wojIdTeryt>20</sln:wojIdTeryt><sln:wojNazwa>podlaskie</sln:wojNazwa></sln:miejscowosc><sln:miejscowosc><sln:cyklZyciaDo>2017-04-10T00:00:00+02:00</sln:cyklZyciaDo><sln:cyklZyciaOd>2015-12-28T00:00:00+01:00</sln:cyklZyciaOd><sln:gmIIPId>94f5b9fe-1713-4879-85d1-fa238415f867</sln:gmIIPId><sln:gmIIPPn>PL.PZGIK.200</sln:gmIIPPn><sln:gmIIPWersja>2012-09-26T22:15:49+02:00</sln:gmIIPWersja><sln:gmIdTeryt>2008013</sln:gmIdTeryt><sln:gmNazwa>Goniądz</sln:gmNazwa><sln:miejscIIPId>331da44c-07d7-4592-ba16-c26258eea052</sln:miejscIIPId><sln:miejscIIPPn>PL.PZGIK.200</sln:miejscIIPPn><sln:miejscIIPWersja>2016-11-24T10:20:32+02:00</sln:miejscIIPWersja><sln:miejscIdTeryt>0396713</sln:miejscIdTeryt><sln:miejscNazwa>Kramkówka Duża</sln:miejscNazwa><sln:miejscRodzaj>Wieś</sln:miejscRodzaj><sln:powIIPId>7de4ed9f-e2ea-4456-9248-bc81a2b79294</sln:powIIPId><sln:powIIPPn>PL.PZGIK.200</sln:powIIPPn><sln:powIIPWersja>2012-09-27T09:26:09+02:00</sln:powIIPWersja><sln:powIdTeryt>2008</sln:powIdTeryt><sln:powNazwa>moniecki</sln:powNazwa><sln:waznyOd>2015-03-02T00:00:00+01:00</sln:waznyOd><sln:wojIIPId>53ad7aea-d9d3-40c9-9a5c-ff737d5b076e</sln:wojIIPId><sln:wojIIPPn>PL.PZGIK.200</sln:wojIIPPn><sln:wojIIPWersja>2017-10-10T00:00:00+02:00</sln:wojIIPWersja><sln:wojIdTeryt>20</sln:wojIdTeryt><sln:wojNazwa>podlaskie</sln:wojNazwa></sln:miejscowosc><sln:miejscowosc><sln:cyklZyciaDo>2017-04-10T00:00:00+02:00</sln:cyklZyciaDo><sln:cyklZyciaOd>2015-12-28T00:00:00+01:00</sln:cyklZyciaOd><sln:gmIIPId>94f5b9fe-1713-4879-85d1-fa238415f867</sln:gmIIPId><sln:gmIIPPn>PL.PZGIK.200</sln:gmIIPPn><sln:gmIIPWersja>2012-09-26T22:15:49+02:00</sln:gmIIPWersja><sln:gmIdTeryt>2008013</sln:gmIdTeryt><sln:gmNazwa>Goniądz</sln:gmNazwa><sln:miejscIIPId>7dd59ffe-6193-4954-b12a-caef1112c762</sln:miejscIIPId><sln:miejscIIPPn>PL.PZGIK.200</sln:miejscIIPPn><sln:miejscIIPWersja>2016-11-24T10:20:32+02:00</sln:miejscIIPWersja><sln:miejscIdTeryt>0396720</sln:miejscIdTeryt><sln:miejscNazwa>Kramkówka Mała</sln:miejscNazwa><sln:miejscRodzaj>Wieś</sln:miejscRodzaj><sln:powIIPId>7de4ed9f-e2ea-4456-9248-bc81a2b79294</sln:powIIPId><sln:powIIPPn>PL.PZGIK.200</sln:powIIPPn><sln:powIIPWersja>2012-09-27T09:26:09+02:00</sln:powIIPWersja><sln:powIdTeryt>2008</sln:powIdTeryt><sln:powNazwa>moniecki</sln:powNazwa><sln:waznyOd>2015-03-02T00:00:00+01:00</sln:waznyOd><sln:wojIIPId>53ad7aea-d9d3-40c9-9a5c-ff737d5b076e</sln:wojIIPId><sln:wojIIPPn>PL.PZGIK.200</sln:wojIIPPn><sln:wojIIPWersja>2017-10-10T00:00:00+02:00</sln:wojIIPWersja><sln:wojIdTeryt>20</sln:wojIdTeryt><sln:wojNazwa>podlaskie</sln:wojNazwa></sln:miejscowosc><sln:miejscowosc><sln:cyklZyciaDo>2017-04-10T00:00:00+02:00</sln:cyklZyciaDo><sln:cyklZyciaOd>2015-12-28T00:00:00+01:00</sln:cyklZyciaOd><sln:gmIIPId>94f5b9fe-1713-4879-85d1-fa238415f867</sln:gmIIPId><sln:gmIIPPn>PL.PZGIK.200</sln:gmIIPPn><sln:gmIIPWersja>2012-09-26T22:15:49+02:00</sln:gmIIPWersja><sln:gmIdTeryt>2008013</sln:gmIdTeryt><sln:gmNazwa>Goniądz</sln:gmNazwa><sln:miejscIIPId>02f28a7c-3eda-4cd0-b410-0f97f0a8010b</sln:miejscIIPId><sln:miejscIIPPn>PL.PZGIK.200</sln:miejscIIPPn><sln:miejscIIPWersja>2016-11-24T10:20:32+02:00</sln:miejscIIPWersja><sln:miejscIdTeryt>0396736</sln:miejscIdTeryt><sln:miejscNazwa>Krzecze</sln:miejscNazwa><sln:miejscRodzaj>Wieś</sln:miejscRodzaj><sln:powIIPId>7de4ed9f-e2ea-4456-9248-bc81a2b79294</sln:powIIPId><sln:powIIPPn>PL.PZGIK.200</sln:powIIPPn><sln:powIIPWersja>2012-09-27T09:26:09+02:00</sln:powIIPWersja><sln:powIdTeryt>2008</sln:powIdTeryt><sln:powNazwa>moniecki</sln:powNazwa><sln:waznyOd>2015-03-02T00:00:00+01:00</sln:waznyOd><sln:wojIIPId>53ad7aea-d9d3-40c9-9a5c-ff737d5b076e</sln:wojIIPId><sln:wojIIPPn>PL.PZGIK.200</sln:wojIIPPn><sln:wojIIPWersja>2017-10-10T00:00:00+02:00</sln:wojIIPWersja><sln:wojIdTeryt>20</sln:wojIdTeryt><sln:wojNazwa>podlaskie</sln:wojNazwa></sln:miejscowosc><sln:miejscowosc><sln:cyklZyciaDo>2017-04-10T00:00:00+02:00</sln:cyklZyciaDo><sln:cyklZyciaOd>2015-12-28T00:00:00+01:00</sln:cyklZyciaOd><sln:gmIIPId>94f5b9fe-1713-4879-85d1-fa238415f867</sln:gmIIPId><sln:gmIIPPn>PL.PZGIK.200</sln:gmIIPPn><sln:gmIIPWersja>2012-09-26T22:15:49+02:00</sln:gmIIPWersja><sln:gmIdTeryt>2008013</sln:gmIdTeryt><sln:gmNazwa>Goniądz</sln:gmNazwa><sln:miejscIIPId>1ef1cf3d-2a86-48f7-a629-5459d48ba3f4</sln:miejscIIPId><sln:miejscIIPPn>PL.PZGIK.200</sln:miejscIIPPn><sln:miejscIIPWersja>2016-11-24T10:20:32+02:00</sln:miejscIIPWersja><sln:miejscIdTeryt>0396742</sln:miejscIdTeryt><sln:miejscNazwa>Łazy</sln:miejscNazwa><sln:miejscRodzaj>Wieś</sln:miejscRodzaj><sln:powIIPId>7de4ed9f-e2ea-4456-9248-bc81a2b79294</sln:powIIPId><sln:powIIPPn>PL.PZGIK.200</sln:powIIPPn><sln:powIIPWersja>2012-09-27T09:26:09+02:00</sln:powIIPWersja><sln:powIdTeryt>2008</sln:powIdTeryt><sln:powNazwa>moniecki</sln:powNazwa><sln:waznyOd>2015-03-02T00:00:00+01:00</sln:waznyOd><sln:wojIIPId>53ad7aea-d9d3-40c9-9a5c-ff737d5b076e</sln:wojIIPId><sln:wojIIPPn>PL.PZGIK.200</sln:wojIIPPn><sln:wojIIPWersja>2017-10-10T00:00:00+02:00</sln:wojIIPWersja><sln:wojIdTeryt>20</sln:wojIdTeryt><sln:wojNazwa>podlaskie</sln:wojNazwa></sln:miejscowosc><sln:miejscowosc><sln:cyklZyciaDo>2017-04-10T00:00:00+02:00</sln:cyklZyciaDo><sln:cyklZyciaOd>2015-12-28T00:00:00+01:00</sln:cyklZyciaOd><sln:gmIIPId>94f5b9fe-1713-4879-85d1-fa238415f867</sln:gmIIPId><sln:gmIIPPn>PL.PZGIK.200</sln:gmIIPPn><sln:gmIIPWersja>2012-09-26T22:15:49+02:00</sln:gmIIPWersja><sln:gmIdTeryt>2008013</sln:gmIdTeryt><sln:gmNazwa>Goniądz</sln:gmNazwa><sln:miejscIIPId>ae6c5310-3cc7-44af-bac3-3664044df69a</sln:miejscIIPId><sln:miejscIIPPn>PL.PZGIK.200</sln:miejscIIPPn><sln:miejscIIPWersja>2016-11-24T10:20:32+02:00</sln:miejscIIPWersja><sln:miejscIdTeryt>0396877</sln:miejscIdTeryt><sln:miejscNazwa>Mierkienniki</sln:miejscNazwa><sln:miejscRodzaj>Wieś</sln:miejscRodzaj><sln:powIIPId>7de4ed9f-e2ea-4456-9248-bc81a2b79294</sln:powIIPId><sln:powIIPPn>PL.PZGIK.200</sln:powIIPPn><sln:powIIPWersja>2012-09-27T09:26:09+02:00</sln:powIIPWersja><sln:powIdTeryt>2008</sln:powIdTeryt><sln:powNazwa>moniecki</sln:powNazwa><sln:waznyOd>2015-03-02T00:00:00+01:00</sln:waznyOd><sln:wojIIPId>53ad7aea-d9d3-40c9-9a5c-ff737d5b076e</sln:wojIIPId><sln:wojIIPPn>PL.PZGIK.200</sln:wojIIPPn><sln:wojIIPWersja>2017-10-10T00:00:00+02:00</sln:wojIIPWersja><sln:wojIdTeryt>20</sln:wojIdTeryt><sln:wojNazwa>podlaskie</sln:wojNazwa></sln:miejscowosc><sln:miejscowosc><sln:cyklZyciaDo>2017-04-10T00:00:00+02:00</sln:cyklZyciaDo><sln:cyklZyciaOd>2015-12-28T00:00:00+01:00</sln:cyklZyciaOd><sln:gmIIPId>94f5b9fe-1713-4879-85d1-fa238415f867</sln:gmIIPId><sln:gmIIPPn>PL.PZGIK.200</sln:gmIIPPn><sln:gmIIPWersja>2012-09-26T22:15:49+02:00</sln:gmIIPWersja><sln:gmIdTeryt>2008013</sln:gmIdTeryt><sln:gmNazwa>Goniądz</sln:gmNazwa><sln:miejscIIPId>970422db-2284-4242-b92f-bf977d52e3e8</sln:miejscIIPId><sln:miejscIIPPn>PL.PZGIK.200</sln:miejscIIPPn><sln:miejscIIPWersja>2016-11-24T10:20:32+02:00</sln:miejscIIPWersja><sln:miejscIdTeryt>0396759</sln:miejscIdTeryt><sln:miejscNazwa>Olszowa Droga</sln:miejscNazwa><sln:miejscRodzaj>Wieś</sln:miejscRodzaj><sln:powIIPId>7de4ed9f-e2ea-4456-9248-bc81a2b79294</sln:powIIPId><sln:powIIPPn>PL.PZGIK.200</sln:powIIPPn><sln:powIIPWersja>2012-09-27T09:26:09+02:00</sln:powIIPWersja><sln:powIdTeryt>2008</sln:powIdTeryt><sln:powNazwa>moniecki</sln:powNazwa><sln:waznyOd>2015-03-02T00:00:00+01:00</sln:waznyOd><sln:wojIIPId>53ad7aea-d9d3-40c9-9a5c-ff737d5b076e</sln:wojIIPId><sln:wojIIPPn>PL.PZGIK.200</sln:wojIIPPn><sln:wojIIPWersja>2017-10-10T00:00:00+02:00</sln:wojIIPWersja><sln:wojIdTeryt>20</sln:wojIdTeryt><sln:wojNazwa>podlaskie</sln:wojNazwa></sln:miejscowosc><sln:miejscowosc><sln:cyklZyciaDo>2017-04-10T00:00:00+02:00</sln:cyklZyciaDo><sln:cyklZyciaOd>2015-12-28T00:00:00+01:00</sln:cyklZyciaOd><sln:gmIIPId>94f5b9fe-1713-4879-85d1-fa238415f867</sln:gmIIPId><sln:gmIIPPn>PL.PZGIK.200</sln:gmIIPPn><sln:gmIIPWersja>2012-09-26T22:15:49+02:00</sln:gmIIPWersja><sln:gmIdTeryt>2008013</sln:gmIdTeryt><sln:gmNazwa>Goniądz</sln:gmNazwa><sln:miejscIIPId>ddacea62-35c6-4347-b99a-e6249bdc34db</sln:miejscIIPId><sln:miejscIIPPn>PL.PZGIK.200</sln:miejscIIPPn><sln:miejscIIPWersja>2016-11-24T10:20:32+02:00</sln:miejscIIPWersja><sln:miejscIdTeryt>0396765</sln:miejscIdTeryt><sln:miejscNazwa>Osowiec</sln:miejscNazwa><sln:miejscRodzaj>Wieś</sln:miejscRodzaj><sln:powIIPId>7de4ed9f-e2ea-4456-9248-bc81a2b79294</sln:powIIPId><sln:powIIPPn>PL.PZGIK.200</sln:powIIPPn><sln:powIIPWersja>2012-09-27T09:26:09+02:00</sln:powIIPWersja><sln:powIdTeryt>2008</sln:powIdTeryt><sln:powNazwa>moniecki</sln:powNazwa><sln:waznyOd>2015-03-02T00:00:00+01:00</sln:waznyOd><sln:wojIIPId>53ad7aea-d9d3-40c9-9a5c-ff737d5b076e</sln:wojIIPId><sln:wojIIPPn>PL.PZGIK.200</sln:wojIIPPn><sln:wojIIPWersja>2017-10-10T00:00:00+02:00</sln:wojIIPWersja><sln:wojIdTeryt>20</sln:wojIdTeryt><sln:wojNazwa>podlaskie</sln:wojNazwa></sln:miejscowosc><sln:miejscowosc><sln:cyklZyciaDo>2017-04-10T00:00:00+02:00</sln:cyklZyciaDo><sln:cyklZyciaOd>2015-12-28T00:00:00+01:00</sln:cyklZyciaOd><sln:gmIIPId>94f5b9fe-1713-4879-85d1-fa238415f867</sln:gmIIPId><sln:gmIIPPn>PL.PZGIK.200</sln:gmIIPPn><sln:gmIIPWersja>2012-09-26T22:15:49+02:00</sln:gmIIPWersja><sln:gmIdTeryt>2008013</sln:gmIdTeryt><sln:gmNazwa>Goniądz</sln:gmNazwa><sln:miejscIIPId>2ed48816-fbf5-4610-b3c1-1ff660e9907e</sln:miejscIIPId><sln:miejscIIPPn>PL.PZGIK.200</sln:miejscIIPPn><sln:miejscIIPWersja>2016-11-24T10:20:32+02:00</sln:miejscIIPWersja><sln:miejscIdTeryt>0396771</sln:miejscIdTeryt><sln:miejscNazwa>Osowiec-Twierdza</sln:miejscNazwa><sln:miejscRodzaj>Osada</sln:miejscRodzaj><sln:powIIPId>7de4ed9f-e2ea-4456-9248-bc81a2b79294</sln:powIIPId><sln:powIIPPn>PL.PZGIK.200</sln:powIIPPn><sln:powIIPWersja>2012-09-27T09:26:09+02:00</sln:powIIPWersja><sln:powIdTeryt>2008</sln:powIdTeryt><sln:powNazwa>moniecki</sln:powNazwa><sln:waznyOd>2015-03-02T00:00:00+01:00</sln:waznyOd><sln:wojIIPId>53ad7aea-d9d3-40c9-9a5c-ff737d5b076e</sln:wojIIPId><sln:wojIIPPn>PL.PZGIK.200</sln:wojIIPPn><sln:wojIIPWersja>2017-10-10T00:00:00+02:00</sln:wojIIPWersja><sln:wojIdTeryt>20</sln:wojIdTeryt><sln:wojNazwa>podlaskie</sln:wojNazwa></sln:miejscowosc><sln:miejscowosc><sln:cyklZyciaDo>2017-04-10T00:00:00+02:00</sln:cyklZyciaDo><sln:cyklZyciaOd>2015-12-28T00:00:00+01:00</sln:cyklZyciaOd><sln:gmIIPId>94f5b9fe-1713-4879-85d1-fa238415f867</sln:gmIIPId><sln:gmIIPPn>PL.PZGIK.200</sln:gmIIPPn><sln:gmIIPWersja>2012-09-26T22:15:49+02:00</sln:gmIIPWersja><sln:gmIdTeryt>2008013</sln:gmIdTeryt><sln:gmNazwa>Goniądz</sln:gmNazwa><sln:miejscIIPId>f2ec12d8-049e-4ddc-8ba0-d72440e27d07</sln:miejscIIPId><sln:miejscIIPPn>PL.PZGIK.200</sln:miejscIIPPn><sln:miejscIIPWersja>2016-11-24T10:20:32+02:00</sln:miejscIIPWersja><sln:miejscIdTeryt>0396788</sln:miejscIdTeryt><sln:miejscNazwa>Owieczki</sln:miejscNazwa><sln:miejscRodzaj>Wieś</sln:miejscRodzaj><sln:powIIPId>7de4ed9f-e2ea-4456-9248-bc81a2b79294</sln:powIIPId><sln:powIIPPn>PL.PZGIK.200</sln:powIIPPn><sln:powIIPWersja>2012-09-27T09:26:09+02:00</sln:powIIPWersja><sln:powIdTeryt>2008</sln:powIdTeryt><sln:powNazwa>moniecki</sln:powNazwa><sln:waznyOd>2015-03-02T00:00:00+01:00</sln:waznyOd><sln:wojIIPId>53ad7aea-d9d3-40c9-9a5c-ff737d5b076e</sln:wojIIPId><sln:wojIIPPn>PL.PZGIK.200</sln:wojIIPPn><sln:wojIIPWersja>2017-10-10T00:00:00+02:00</sln:wojIIPWersja><sln:wojIdTeryt>20</sln:wojIdTeryt><sln:wojNazwa>podlaskie</sln:wojNazwa></sln:miejscowosc><sln:miejscowosc><sln:cyklZyciaDo>2017-04-10T00:00:00+02:00</sln:cyklZyciaDo><sln:cyklZyciaOd>2015-12-28T00:00:00+01:00</sln:cyklZyciaOd><sln:gmIIPId>94f5b9fe-1713-4879-85d1-fa238415f867</sln:gmIIPId><sln:gmIIPPn>PL.PZGIK.200</sln:gmIIPPn><sln:gmIIPWersja>2012-09-26T22:15:49+02:00</sln:gmIIPWersja><sln:gmIdTeryt>2008013</sln:gmIdTeryt><sln:gmNazwa>Goniądz</sln:gmNazwa><sln:miejscIIPId>7de9f016-749c-4d3b-8eeb-a5f04b08f72c</sln:miejscIIPId><sln:miejscIIPPn>PL.PZGIK.200</sln:miejscIIPPn><sln:miejscIIPWersja>2016-11-24T10:20:32+02:00</sln:miejscIIPWersja><sln:miejscIdTeryt>0396794</sln:miejscIdTeryt><sln:miejscNazwa>Piwowary</sln:miejscNazwa><sln:miejscRodzaj>Wieś</sln:miejscRodzaj><sln:powIIPId>7de4ed9f-e2ea-4456-9248-bc81a2b79294</sln:powIIPId><sln:powIIPPn>PL.PZGIK.200</sln:powIIPPn><sln:powIIPWersja>2012-09-27T09:26:09+02:00</sln:powIIPWersja><sln:powIdTeryt>2008</sln:powIdTeryt><sln:powNazwa>moniecki</sln:powNazwa><sln:waznyOd>2015-03-02T00:00:00+01:00</sln:waznyOd><sln:wojIIPId>53ad7aea-d9d3-40c9-9a5c-ff737d5b076e</sln:wojIIPId><sln:wojIIPPn>PL.PZGIK.200</sln:wojIIPPn><sln:wojIIPWersja>2017-10-10T00:00:00+02:00</sln:wojIIPWersja><sln:wojIdTeryt>20</sln:wojIdTeryt><sln:wojNazwa>podlaskie</sln:wojNazwa></sln:miejscowosc><sln:miejscowosc><sln:cyklZyciaDo>2017-04-10T00:00:00+02:00</sln:cyklZyciaDo><sln:cyklZyciaOd>2015-12-28T00:00:00+01:00</sln:cyklZyciaOd><sln:gmIIPId>94f5b9fe-1713-4879-85d1-fa238415f867</sln:gmIIPId><sln:gmIIPPn>PL.PZGIK.200</sln:gmIIPPn><sln:gmIIPWersja>2012-09-26T22:15:49+02:00</sln:gmIIPWersja><sln:gmIdTeryt>2008013</sln:gmIdTeryt><sln:gmNazwa>Goniądz</sln:gmNazwa><sln:miejscIIPId>ecca490b-7f01-4756-9a0d-3a36a763cd24</sln:miejscIIPId><sln:miejscIIPPn>PL.PZGIK.200</sln:miejscIIPPn><sln:miejscIIPWersja>2016-11-24T10:20:32+02:00</sln:miejscIIPWersja><sln:miejscIdTeryt>0396802</sln:miejscIdTeryt><sln:miejscNazwa>Płochowo</sln:miejscNazwa><sln:miejscRodzaj>Wieś</sln:miejscRodzaj><sln:powIIPId>7de4ed9f-e2ea-4456-9248-bc81a2b79294</sln:powIIPId><sln:powIIPPn>PL.PZGIK.200</sln:powIIPPn><sln:powIIPWersja>2012-09-27T09:26:09+02:00</sln:powIIPWersja><sln:powIdTeryt>2008</sln:powIdTeryt><sln:powNazwa>moniecki</sln:powNazwa><sln:waznyOd>2015-03-02T00:00:00+01:00</sln:waznyOd><sln:wojIIPId>53ad7aea-d9d3-40c9-9a5c-ff737d5b076e</sln:wojIIPId><sln:wojIIPPn>PL.PZGIK.200</sln:wojIIPPn><sln:wojIIPWersja>2017-10-10T00:00:00+02:00</sln:wojIIPWersja><sln:wojIdTeryt>20</sln:wojIdTeryt><sln:wojNazwa>podlaskie</sln:wojNazwa></sln:miejscowosc><sln:miejscowosc><sln:cyklZyciaDo>2017-04-10T00:00:00+02:00</sln:cyklZyciaDo><sln:cyklZyciaOd>2015-12-28T00:00:00+01:00</sln:cyklZyciaOd><sln:gmIIPId>94f5b9fe-1713-4879-85d1-fa238415f867</sln:gmIIPId><sln:gmIIPPn>PL.PZGIK.200</sln:gmIIPPn><sln:gmIIPWersja>2012-09-26T22:15:49+02:00</sln:gmIIPWersja><sln:gmIdTeryt>2008013</sln:gmIdTeryt><sln:gmNazwa>Goniądz</sln:gmNazwa><sln:miejscIIPId>7e2dd10a-3d3d-4ec1-b080-f2590b217ba0</sln:miejscIIPId><sln:miejscIIPPn>PL.PZGIK.200</sln:miejscIIPPn><sln:miejscIIPWersja>2016-11-24T10:20:32+02:00</sln:miejscIIPWersja><sln:miejscIdTeryt>0396825</sln:miejscIdTeryt><sln:miejscNazwa>Smogorówka Dolistowska</sln:miejscNazwa><sln:miejscRodzaj>Wieś</sln:miejscRodzaj><sln:powIIPId>7de4ed9f-e2ea-4456-9248-bc81a2b79294</sln:powIIPId><sln:powIIPPn>PL.PZGIK.200</sln:powIIPPn><sln:powIIPWersja>2012-09-27T09:26:09+02:00</sln:powIIPWersja><sln:powIdTeryt>2008</sln:powIdTeryt><sln:powNazwa>moniecki</sln:powNazwa><sln:waznyOd>2015-03-02T00:00:00+01:00</sln:waznyOd><sln:wojIIPId>53ad7aea-d9d3-40c9-9a5c-ff737d5b076e</sln:wojIIPId><sln:wojIIPPn>PL.PZGIK.200</sln:wojIIPPn><sln:wojIIPWersja>2017-10-10T00:00:00+02:00</sln:wojIIPWersja><sln:wojIdTeryt>20</sln:wojIdTeryt><sln:wojNazwa>podlaskie</sln:wojNazwa></sln:miejscowosc><sln:miejscowosc><sln:cyklZyciaDo>2017-04-10T00:00:00+02:00</sln:cyklZyciaDo><sln:cyklZyciaOd>2015-12-28T00:00:00+01:00</sln:cyklZyciaOd><sln:gmIIPId>94f5b9fe-1713-4879-85d1-fa238415f867</sln:gmIIPId><sln:gmIIPPn>PL.PZGIK.200</sln:gmIIPPn><sln:gmIIPWersja>2012-09-26T22:15:49+02:00</sln:gmIIPWersja><sln:gmIdTeryt>2008013</sln:gmIdTeryt><sln:gmNazwa>Goniądz</sln:gmNazwa><sln:miejscIIPId>74d6ec84-259e-450a-a788-28bf8cd76e9c</sln:miejscIIPId><sln:miejscIIPPn>PL.PZGIK.200</sln:miejscIIPPn><sln:miejscIIPWersja>2016-11-24T14:00:46+02:00</sln:miejscIIPWersja><sln:miejscIdTeryt>1056646</sln:miejscIdTeryt><sln:miejscNazwa>Smogorówka Goniądzka</sln:miejscNazwa><sln:miejscRodzaj>Wieś</sln:miejscRodzaj><sln:powIIPId>7de4ed9f-e2ea-4456-9248-bc81a2b79294</sln:powIIPId><sln:powIIPPn>PL.PZGIK.200</sln:powIIPPn><sln:powIIPWersja>2012-09-27T09:26:09+02:00</sln:powIIPWersja><sln:powIdTeryt>2008</sln:powIdTeryt><sln:powNazwa>moniecki</sln:powNazwa><sln:waznyOd>2015-03-02T00:00:00+01:00</sln:waznyOd><sln:wojIIPId>53ad7aea-d9d3-40c9-9a5c-ff737d5b076e</sln:wojIIPId><sln:wojIIPPn>PL.PZGIK.200</sln:wojIIPPn><sln:wojIIPWersja>2017-10-10T00:00:00+02:00</sln:wojIIPWersja><sln:wojIdTeryt>20</sln:wojIdTeryt><sln:wojNazwa>podlaskie</sln:wojNazwa></sln:miejscowosc><sln:miejscowosc><sln:cyklZyciaDo>2017-04-10T00:00:00+02:00</sln:cyklZyciaDo><sln:cyklZyciaOd>2015-12-28T00:00:00+01:00</sln:cyklZyciaOd><sln:gmIIPId>94f5b9fe-1713-4879-85d1-fa238415f867</sln:gmIIPId><sln:gmIIPPn>PL.PZGIK.200</sln:gmIIPPn><sln:gmIIPWersja>2012-09-26T22:15:49+02:00</sln:gmIIPWersja><sln:gmIdTeryt>2008013</sln:gmIdTeryt><sln:gmNazwa>Goniądz</sln:gmNazwa><sln:miejscIIPId>6a8ec391-a486-40f7-b24c-c0cf5ffede4a</sln:miejscIIPId><sln:miejscIIPPn>PL.PZGIK.200</sln:miejscIIPPn><sln:miejscIIPWersja>2016-11-24T10:20:32+02:00</sln:miejscIIPWersja><sln:miejscIdTeryt>0396848</sln:miejscIdTeryt><sln:miejscNazwa>Szafranki</sln:miejscNazwa><sln:miejscRodzaj>Wieś</sln:miejscRodzaj><sln:powIIPId>7de4ed9f-e2ea-4456-9248-bc81a2b79294</sln:powIIPId><sln:powIIPPn>PL.PZGIK.200</sln:powIIPPn><sln:powIIPWersja>2012-09-27T09:26:09+02:00</sln:powIIPWersja><sln:powIdTeryt>2008</sln:powIdTeryt><sln:powNazwa>moniecki</sln:powNazwa><sln:waznyOd>2015-03-02T00:00:00+01:00</sln:waznyOd><sln:wojIIPId>53ad7aea-d9d3-40c9-9a5c-ff737d5b076e</sln:wojIIPId><sln:wojIIPPn>PL.PZGIK.200</sln:wojIIPPn><sln:wojIIPWersja>2017-10-10T00:00:00+02:00</sln:wojIIPWersja><sln:wojIdTeryt>20</sln:wojIdTeryt><sln:wojNazwa>podlaskie</sln:wojNazwa></sln:miejscowosc><sln:miejscowosc><sln:cyklZyciaDo>2017-04-10T00:00:00+02:00</sln:cyklZyciaDo><sln:cyklZyciaOd>2015-12-28T00:00:00+01:00</sln:cyklZyciaOd><sln:gmIIPId>94f5b9fe-1713-4879-85d1-fa238415f867</sln:gmIIPId><sln:gmIIPPn>PL.PZGIK.200</sln:gmIIPPn><sln:gmIIPWersja>2012-09-26T22:15:49+02:00</sln:gmIIPWersja><sln:gmIdTeryt>2008013</sln:gmIdTeryt><sln:gmNazwa>Goniądz</sln:gmNazwa><sln:miejscIIPId>160db39d-fe0b-4a20-8867-62de49ac344a</sln:miejscIIPId><sln:miejscIIPPn>PL.PZGIK.200</sln:miejscIIPPn><sln:miejscIIPWersja>2016-11-24T10:20:32+02:00</sln:miejscIIPWersja><sln:miejscIdTeryt>0396854</sln:miejscIdTeryt><sln:miejscNazwa>Uścianek</sln:miejscNazwa><sln:miejscRodzaj>Wieś</sln:miejscRodzaj><sln:powIIPId>7de4ed9f-e2ea-4456-9248-bc81a2b79294</sln:powIIPId><sln:powIIPPn>PL.PZGIK.200</sln:powIIPPn><sln:powIIPWersja>2012-09-27T09:26:09+02:00</sln:powIIPWersja><sln:powIdTeryt>2008</sln:powIdTeryt><sln:powNazwa>moniecki</sln:powNazwa><sln:waznyOd>2015-03-02T00:00:00+01:00</sln:waznyOd><sln:wojIIPId>53ad7aea-d9d3-40c9-9a5c-ff737d5b076e</sln:wojIIPId><sln:wojIIPPn>PL.PZGIK.200</sln:wojIIPPn><sln:wojIIPWersja>2017-10-10T00:00:00+02:00</sln:wojIIPWersja><sln:wojIdTeryt>20</sln:wojIdTeryt><sln:wojNazwa>podlaskie</sln:wojNazwa></sln:miejscowosc><sln:miejscowosc><sln:cyklZyciaDo>2017-04-10T00:00:00+02:00</sln:cyklZyciaDo><sln:cyklZyciaOd>2015-12-28T00:00:00+01:00</sln:cyklZyciaOd><sln:gmIIPId>94f5b9fe-1713-4879-85d1-fa238415f867</sln:gmIIPId><sln:gmIIPPn>PL.PZGIK.200</sln:gmIIPPn><sln:gmIIPWersja>2012-09-26T22:15:49+02:00</sln:gmIIPWersja><sln:gmIdTeryt>2008013</sln:gmIdTeryt><sln:gmNazwa>Goniądz</sln:gmNazwa><sln:miejscIIPId>038b5a32-91cf-4827-97b0-2e22d838a531</sln:miejscIIPId><sln:miejscIIPPn>PL.PZGIK.200</sln:miejscIIPPn><sln:miejscIIPWersja>2016-11-24T10:20:32+02:00</sln:miejscIIPWersja><sln:miejscIdTeryt>0396860</sln:miejscIdTeryt><sln:miejscNazwa>Wojtówstwo</sln:miejscNazwa><sln:miejscRodzaj>Wieś</sln:miejscRodzaj><sln:powIIPId>7de4ed9f-e2ea-4456-9248-bc81a2b79294</sln:powIIPId><sln:powIIPPn>PL.PZGIK.200</sln:powIIPPn><sln:powIIPWersja>2012-09-27T09:26:09+02:00</sln:powIIPWersja><sln:powIdTeryt>2008</sln:powIdTeryt><sln:powNazwa>moniecki</sln:powNazwa><sln:waznyOd>2015-03-02T00:00:00+01:00</sln:waznyOd><sln:wojIIPId>53ad7aea-d9d3-40c9-9a5c-ff737d5b076e</sln:wojIIPId><sln:wojIIPPn>PL.PZGIK.200</sln:wojIIPPn><sln:wojIIPWersja>2017-10-10T00:00:00+02:00</sln:wojIIPWersja><sln:wojIdTeryt>20</sln:wojIdTeryt><sln:wojNazwa>podlaskie</sln:wojNazwa></sln:miejscowosc><sln:miejscowosc><sln:cyklZyciaDo>2017-04-10T00:00:00+02:00</sln:cyklZyciaDo><sln:cyklZyciaOd>2015-12-28T00:00:00+01:00</sln:cyklZyciaOd><sln:gmIIPId>94f5b9fe-1713-4879-85d1-fa238415f867</sln:gmIIPId><sln:gmIIPPn>PL.PZGIK.200</sln:gmIIPPn><sln:gmIIPWersja>2012-09-26T22:15:49+02:00</sln:gmIIPWersja><sln:gmIdTeryt>2008013</sln:gmIdTeryt><sln:gmNazwa>Goniądz</sln:gmNazwa><sln:miejscIIPId>0c892cbb-479d-4ebb-a326-7580f613227a</sln:miejscIIPId><sln:miejscIIPPn>PL.PZGIK.200</sln:miejscIIPPn><sln:miejscIIPWersja>2016-11-24T10:20:32+02:00</sln:miejscIIPWersja><sln:miejscIdTeryt>0396883</sln:miejscIdTeryt><sln:miejscNazwa>Wólka Piaseczna</sln:miejscNazwa><sln:miejscRodzaj>Wieś</sln:miejscRodzaj><sln:powIIPId>7de4ed9f-e2ea-4456-9248-bc81a2b79294</sln:powIIPId><sln:powIIPPn>PL.PZGIK.200</sln:powIIPPn><sln:powIIPWersja>2012-09-27T09:26:09+02:00</sln:powIIPWersja><sln:powIdTeryt>2008</sln:powIdTeryt><sln:powNazwa>moniecki</sln:powNazwa><sln:waznyOd>2015-03-02T00:00:00+01:00</sln:waznyOd><sln:wojIIPId>53ad7aea-d9d3-40c9-9a5c-ff737d5b076e</sln:wojIIPId><sln:wojIIPPn>PL.PZGIK.200</sln:wojIIPPn><sln:wojIIPWersja>2017-10-10T00:00:00+02:00</sln:wojIIPWersja><sln:wojIdTeryt>20</sln:wojIdTeryt><sln:wojNazwa>podlaskie</sln:wojNazwa></sln:miejscowosc><sln:miejscowosc><sln:cyklZyciaDo>2017-04-10T00:00:00+02:00</sln:cyklZyciaDo><sln:cyklZyciaOd>2015-12-28T00:00:00+01:00</sln:cyklZyciaOd><sln:gmIIPId>94f5b9fe-1713-4879-85d1-fa238415f867</sln:gmIIPId><sln:gmIIPPn>PL.PZGIK.200</sln:gmIIPPn><sln:gmIIPWersja>2012-09-26T22:15:49+02:00</sln:gmIIPWersja><sln:gmIdTeryt>2008013</sln:gmIdTeryt><sln:gmNazwa>Goniądz</sln:gmNazwa><sln:miejscIIPId>60ddd0ab-475c-474c-a8b8-7427281ba200</sln:miejscIIPId><sln:miejscIIPPn>PL.PZGIK.200</sln:miejscIIPPn><sln:miejscIIPWersja>2016-11-24T10:20:32+02:00</sln:miejscIIPWersja><sln:miejscIdTeryt>0396937</sln:miejscIdTeryt><sln:miejscNazwa>Wroceń</sln:miejscNazwa><sln:miejscRodzaj>Wieś</sln:miejscRodzaj><sln:powIIPId>7de4ed9f-e2ea-4456-9248-bc81a2b79294</sln:powIIPId><sln:powIIPPn>PL.PZGIK.200</sln:powIIPPn><sln:powIIPWersja>2012-09-27T09:26:09+02:00</sln:powIIPWersja><sln:powIdTeryt>2008</sln:powIdTeryt><sln:powNazwa>moniecki</sln:powNazwa><sln:waznyOd>2015-03-02T00:00:00+01:00</sln:waznyOd><sln:wojIIPId>53ad7aea-d9d3-40c9-9a5c-ff737d5b076e</sln:wojIIPId><sln:wojIIPPn>PL.PZGIK.200</sln:wojIIPPn><sln:wojIIPWersja>2017-10-10T00:00:00+02:00</sln:wojIIPWersja><sln:wojIdTeryt>20</sln:wojIdTeryt><sln:wojNazwa>podlaskie</sln:wojNazwa></sln:miejscowosc><sln:miejscowosc><sln:cyklZyciaOd>2017-04-10T00:00:00+02:00</sln:cyklZyciaOd><sln:gmIIPId>94f5b9fe-1713-4879-85d1-fa238415f867</sln:gmIIPId><sln:gmIIPPn>PL.PZGIK.200</sln:gmIIPPn><sln:gmIIPWersja>2012-09-26T22:15:49+02:00</sln:gmIIPWersja><sln:gmIdTeryt>2008013</sln:gmIdTeryt><sln:gmNazwa>Goniądz</sln:gmNazwa><sln:miejscIIPId>090f4041-7ae9-4c48-b930-63bc5519124d</sln:miejscIIPId><sln:miejscIIPPn>PL.PZGIK.200</sln:miejscIIPPn><sln:miejscIIPWersja>2017-04-10T14:53:37+02:00</sln:miejscIIPWersja><sln:miejscIdTeryt>0396601</sln:miejscIdTeryt><sln:miejscNazwa>Białosuknia</sln:miejscNazwa><sln:miejscRodzaj>Wieś</sln:miejscRodzaj><sln:powIIPId>7de4ed9f-e2ea-4456-9248-bc81a2b79294</sln:powIIPId><sln:powIIPPn>PL.PZGIK.200</sln:powIIPPn><sln:powIIPWersja>2012-09-27T09:26:09+02:00</sln:powIIPWersja><sln:powIdTeryt>2008</sln:powIdTeryt><sln:powNazwa>moniecki</sln:powNazwa><sln:waznyOd>2015-03-02T00:00:00+01:00</sln:waznyOd><sln:wojIIPId>53ad7aea-d9d3-40c9-9a5c-ff737d5b076e</sln:wojIIPId><sln:wojIIPPn>PL.PZGIK.200</sln:wojIIPPn><sln:wojIIPWersja>2017-10-10T00:00:00+02:00</sln:wojIIPWersja><sln:wojIdTeryt>20</sln:wojIdTeryt><sln:wojNazwa>podlaskie</sln:wojNazwa></sln:miejscowosc><sln:miejscowosc><sln:cyklZyciaOd>2017-04-10T00:00:00+02:00</sln:cyklZyciaOd><sln:gmIIPId>94f5b9fe-1713-4879-85d1-fa238415f867</sln:gmIIPId><sln:gmIIPPn>PL.PZGIK.200</sln:gmIIPPn><sln:gmIIPWersja>2012-09-26T22:15:49+02:00</sln:gmIIPWersja><sln:gmIdTeryt>2008013</sln:gmIdTeryt><sln:gmNazwa>Goniądz</sln:gmNazwa><sln:miejscIIPId>c426eedc-894d-43c3-a92f-eb3f9fd47764</sln:miejscIIPId><sln:miejscIIPPn>PL.PZGIK.200</sln:miejscIIPPn><sln:miejscIIPWersja>2017-04-10T14:53:44+02:00</sln:miejscIIPWersja><sln:miejscIdTeryt>0396624</sln:miejscIdTeryt><sln:miejscNazwa>Budne</sln:miejscNazwa><sln:miejscRodzaj>Wieś</sln:miejscRodzaj><sln:powIIPId>7de4ed9f-e2ea-4456-9248-bc81a2b79294</sln:powIIPId><sln:powIIPPn>PL.PZGIK.200</sln:powIIPPn><sln:powIIPWersja>2012-09-27T09:26:09+02:00</sln:powIIPWersja><sln:powIdTeryt>2008</sln:powIdTeryt><sln:powNazwa>moniecki</sln:powNazwa><sln:waznyOd>2015-03-02T00:00:00+01:00</sln:waznyOd><sln:wojIIPId>53ad7aea-d9d3-40c9-9a5c-ff737d5b076e</sln:wojIIPId><sln:wojIIPPn>PL.PZGIK.200</sln:wojIIPPn><sln:wojIIPWersja>2017-10-10T00:00:00+02:00</sln:wojIIPWersja><sln:wojIdTeryt>20</sln:wojIdTeryt><sln:wojNazwa>podlaskie</sln:wojNazwa></sln:miejscowosc><sln:miejscowosc><sln:cyklZyciaOd>2017-04-10T00:00:00+02:00</sln:cyklZyciaOd><sln:gmIIPId>94f5b9fe-1713-4879-85d1-fa238415f867</sln:gmIIPId><sln:gmIIPPn>PL.PZGIK.200</sln:gmIIPPn><sln:gmIIPWersja>2012-09-26T22:15:49+02:00</sln:gmIIPWersja><sln:gmIdTeryt>2008013</sln:gmIdTeryt><sln:gmNazwa>Goniądz</sln:gmNazwa><sln:miejscIIPId>b465530a-a23a-4456-8b17-7ef343ede47d</sln:miejscIIPId><sln:miejscIIPPn>PL.PZGIK.200</sln:miejscIIPPn><sln:miejscIIPWersja>2017-04-10T14:53:44+02:00</sln:miejscIIPWersja><sln:miejscIdTeryt>0396660</sln:miejscIdTeryt><sln:miejscNazwa>Dawidowizna</sln:miejscNazwa><sln:miejscRodzaj>Wieś</sln:miejscRodzaj><sln:powIIPId>7de4ed9f-e2ea-4456-9248-bc81a2b79294</sln:powIIPId><sln:powIIPPn>PL.PZGIK.200</sln:powIIPPn><sln:powIIPWersja>2012-09-27T09:26:09+02:00</sln:powIIPWersja><sln:powIdTeryt>2008</sln:powIdTeryt><sln:powNazwa>moniecki</sln:powNazwa><sln:waznyOd>2015-03-02T00:00:00+01:00</sln:waznyOd><sln:wojIIPId>53ad7aea-d9d3-40c9-9a5c-ff737d5b076e</sln:wojIIPId><sln:wojIIPPn>PL.PZGIK.200</sln:wojIIPPn><sln:wojIIPWersja>2017-10-10T00:00:00+02:00</sln:wojIIPWersja><sln:wojIdTeryt>20</sln:wojIdTeryt><sln:wojNazwa>podlaskie</sln:wojNazwa></sln:miejscowosc><sln:miejscowosc><sln:cyklZyciaOd>2017-04-10T00:00:00+02:00</sln:cyklZyciaOd><sln:gmIIPId>94f5b9fe-1713-4879-85d1-fa238415f867</sln:gmIIPId><sln:gmIIPPn>PL.PZGIK.200</sln:gmIIPPn><sln:gmIIPWersja>2012-09-26T22:15:49+02:00</sln:gmIIPWersja><sln:gmIdTeryt>2008013</sln:gmIdTeryt><sln:gmNazwa>Goniądz</sln:gmNazwa><sln:miejscIIPId>a353a3be-c188-40ea-9331-566270e8fae7</sln:miejscIIPId><sln:miejscIIPPn>PL.PZGIK.200</sln:miejscIIPPn><sln:miejscIIPWersja>2017-04-10T14:53:44+02:00</sln:miejscIIPWersja><sln:miejscIdTeryt>0396676</sln:miejscIdTeryt><sln:miejscNazwa>Doły</sln:miejscNazwa><sln:miejscRodzaj>Wieś</sln:miejscRodzaj><sln:powIIPId>7de4ed9f-e2ea-4456-9248-bc81a2b79294</sln:powIIPId><sln:powIIPPn>PL.PZGIK.200</sln:powIIPPn><sln:powIIPWersja>2012-09-27T09:26:09+02:00</sln:powIIPWersja><sln:powIdTeryt>2008</sln:powIdTeryt><sln:powNazwa>moniecki</sln:powNazwa><sln:waznyOd>2015-03-02T00:00:00+01:00</sln:waznyOd><sln:wojIIPId>53ad7aea-d9d3-40c9-9a5c-ff737d5b076e</sln:wojIIPId><sln:wojIIPPn>PL.PZGIK.200</sln:wojIIPPn><sln:wojIIPWersja>2017-10-10T00:00:00+02:00</sln:wojIIPWersja><sln:wojIdTeryt>20</sln:wojIdTeryt><sln:wojNazwa>podlaskie</sln:wojNazwa></sln:miejscowosc><sln:miejscowosc><sln:cyklZyciaDo>2017-06-28T00:00:00+02:00</sln:cyklZyciaDo><sln:cyklZyciaOd>2017-04-10T00:00:00+02:00</sln:cyklZyciaOd><sln:gmIIPId>94f5b9fe-1713-4879-85d1-fa238415f867</sln:gmIIPId><sln:gmIIPPn>PL.PZGIK.200</sln:gmIIPPn><sln:gmIIPWersja>2012-09-26T22:15:49+02:00</sln:gmIIPWersja><sln:gmIdTeryt>2008013</sln:gmIdTeryt><sln:gmNazwa>Goniądz</sln:gmNazwa><sln:miejscIIPId>ec0ad980-512a-48c4-8e2e-c2e00bc69e41</sln:miejscIIPId><sln:miejscIIPPn>PL.PZGIK.200</sln:miejscIIPPn><sln:miejscIIPWersja>2017-04-10T14:53:44+02:00</sln:miejscIIPWersja><sln:miejscIdTeryt>0396682</sln:miejscIdTeryt><sln:miejscNazwa>Downary</sln:miejscNazwa><sln:miejscRodzaj>Wieś</sln:miejscRodzaj><sln:powIIPId>7de4ed9f-e2ea-4456-9248-bc81a2b79294</sln:powIIPId><sln:powIIPPn>PL.PZGIK.200</sln:powIIPPn><sln:powIIPWersja>2012-09-27T09:26:09+02:00</sln:powIIPWersja><sln:powIdTeryt>2008</sln:powIdTeryt><sln:powNazwa>moniecki</sln:powNazwa><sln:waznyOd>2015-03-02T00:00:00+01:00</sln:waznyOd><sln:wojIIPId>53ad7aea-d9d3-40c9-9a5c-ff737d5b076e</sln:wojIIPId><sln:wojIIPPn>PL.PZGIK.200</sln:wojIIPPn><sln:wojIIPWersja>2017-10-10T00:00:00+02:00</sln:wojIIPWersja><sln:wojIdTeryt>20</sln:wojIdTeryt><sln:wojNazwa>podlaskie</sln:wojNazwa></sln:miejscowosc><sln:miejscowosc><sln:cyklZyciaDo>2017-06-28T00:00:00+02:00</sln:cyklZyciaDo><sln:cyklZyciaOd>2017-04-10T00:00:00+02:00</sln:cyklZyciaOd><sln:gmIIPId>94f5b9fe-1713-4879-85d1-fa238415f867</sln:gmIIPId><sln:gmIIPPn>PL.PZGIK.200</sln:gmIIPPn><sln:gmIIPWersja>2012-09-26T22:15:49+02:00</sln:gmIIPWersja><sln:gmIdTeryt>2008013</sln:gmIdTeryt><sln:gmNazwa>Goniądz</sln:gmNazwa><sln:miejscIIPId>05721eb1-f2c5-4187-a0e5-9d9d702b24b9</sln:miejscIIPId><sln:miejscIIPPn>PL.PZGIK.200</sln:miejscIIPPn><sln:miejscIIPWersja>2017-04-10T14:53:45+02:00</sln:miejscIIPWersja><sln:miejscIdTeryt>0396699</sln:miejscIdTeryt><sln:miejscNazwa>Downary-Plac</sln:miejscNazwa><sln:miejscRodzaj>Inny obiekt</sln:miejscRodzaj><sln:powIIPId>7de4ed9f-e2ea-4456-9248-bc81a2b79294</sln:powIIPId><sln:powIIPPn>PL.PZGIK.200</sln:powIIPPn><sln:powIIPWersja>2012-09-27T09:26:09+02:00</sln:powIIPWersja><sln:powIdTeryt>2008</sln:powIdTeryt><sln:powNazwa>moniecki</sln:powNazwa><sln:waznyOd>2015-04-01T00:00:00+02:00</sln:waznyOd><sln:wojIIPId>53ad7aea-d9d3-40c9-9a5c-ff737d5b076e</sln:wojIIPId><sln:wojIIPPn>PL.PZGIK.200</sln:wojIIPPn><sln:wojIIPWersja>2017-10-10T00:00:00+02:00</sln:wojIIPWersja><sln:wojIdTeryt>20</sln:wojIdTeryt><sln:wojNazwa>podlaskie</sln:wojNazwa></sln:miejscowosc><sln:miejscowosc><sln:cyklZyciaOd>2017-04-10T00:00:00+02:00</sln:cyklZyciaOd><sln:gmIIPId>94f5b9fe-1713-4879-85d1-fa238415f867</sln:gmIIPId><sln:gmIIPPn>PL.PZGIK.200</sln:gmIIPPn><sln:gmIIPWersja>2012-09-26T22:15:49+02:00</sln:gmIIPWersja><sln:gmIdTeryt>2008013</sln:gmIdTeryt><sln:gmNazwa>Goniądz</sln:gmNazwa><sln:miejscIIPId>5400d064-f28a-4510-81f0-389b9551f0b8</sln:miejscIIPId><sln:miejscIIPPn>PL.PZGIK.200</sln:miejscIIPPn><sln:miejscIIPWersja>2017-04-10T14:53:45+02:00</sln:miejscIIPWersja><sln:miejscIdTeryt>0396707</sln:miejscIdTeryt><sln:miejscNazwa>Klewianka</sln:miejscNazwa><sln:miejscRodzaj>Wieś</sln:miejscRodzaj><sln:powIIPId>7de4ed9f-e2ea-4456-9248-bc81a2b79294</sln:powIIPId><sln:powIIPPn>PL.PZGIK.200</sln:powIIPPn><sln:powIIPWersja>2012-09-27T09:26:09+02:00</sln:powIIPWersja><sln:powIdTeryt>2008</sln:powIdTeryt><sln:powNazwa>moniecki</sln:powNazwa><sln:waznyOd>2015-03-02T00:00:00+01:00</sln:waznyOd><sln:wojIIPId>53ad7aea-d9d3-40c9-9a5c-ff737d5b076e</sln:wojIIPId><sln:wojIIPPn>PL.PZGIK.200</sln:wojIIPPn><sln:wojIIPWersja>2017-10-10T00:00:00+02:00</sln:wojIIPWersja><sln:wojIdTeryt>20</sln:wojIdTeryt><sln:wojNazwa>podlaskie</sln:wojNazwa></sln:miejscowosc><sln:miejscowosc><sln:cyklZyciaOd>2017-04-10T00:00:00+02:00</sln:cyklZyciaOd><sln:gmIIPId>94f5b9fe-1713-4879-85d1-fa238415f867</sln:gmIIPId><sln:gmIIPPn>PL.PZGIK.200</sln:gmIIPPn><sln:gmIIPWersja>2012-09-26T22:15:49+02:00</sln:gmIIPWersja><sln:gmIdTeryt>2008013</sln:gmIdTeryt><sln:gmNazwa>Goniądz</sln:gmNazwa><sln:miejscIIPId>331da44c-07d7-4592-ba16-c26258eea052</sln:miejscIIPId><sln:miejscIIPPn>PL.PZGIK.200</sln:miejscIIPPn><sln:miejscIIPWersja>2017-04-10T14:53:45+02:00</sln:miejscIIPWersja><sln:miejscIdTeryt>0396713</sln:miejscIdTeryt><sln:miejscNazwa>Kramkówka Duża</sln:miejscNazwa><sln:miejscRodzaj>Wieś</sln:miejscRodzaj><sln:powIIPId>7de4ed9f-e2ea-4456-9248-bc81a2b79294</sln:powIIPId><sln:powIIPPn>PL.PZGIK.200</sln:powIIPPn><sln:powIIPWersja>2012-09-27T09:26:09+02:00</sln:powIIPWersja><sln:powIdTeryt>2008</sln:powIdTeryt><sln:powNazwa>moniecki</sln:powNazwa><sln:waznyOd>2015-03-02T00:00:00+01:00</sln:waznyOd><sln:wojIIPId>53ad7aea-d9d3-40c9-9a5c-ff737d5b076e</sln:wojIIPId><sln:wojIIPPn>PL.PZGIK.200</sln:wojIIPPn><sln:wojIIPWersja>2017-10-10T00:00:00+02:00</sln:wojIIPWersja><sln:wojIdTeryt>20</sln:wojIdTeryt><sln:wojNazwa>podlaskie</sln:wojNazwa></sln:miejscowosc><sln:miejscowosc><sln:cyklZyciaOd>2017-04-10T00:00:00+02:00</sln:cyklZyciaOd><sln:gmIIPId>94f5b9fe-1713-4879-85d1-fa238415f867</sln:gmIIPId><sln:gmIIPPn>PL.PZGIK.200</sln:gmIIPPn><sln:gmIIPWersja>2012-09-26T22:15:49+02:00</sln:gmIIPWersja><sln:gmIdTeryt>2008013</sln:gmIdTeryt><sln:gmNazwa>Goniądz</sln:gmNazwa><sln:miejscIIPId>7dd59ffe-6193-4954-b12a-caef1112c762</sln:miejscIIPId><sln:miejscIIPPn>PL.PZGIK.200</sln:miejscIIPPn><sln:miejscIIPWersja>2017-04-10T14:53:45+02:00</sln:miejscIIPWersja><sln:miejscIdTeryt>0396720</sln:miejscIdTeryt><sln:miejscNazwa>Kramkówka Mała</sln:miejscNazwa><sln:miejscRodzaj>Wieś</sln:miejscRodzaj><sln:powIIPId>7de4ed9f-e2ea-4456-9248-bc81a2b79294</sln:powIIPId><sln:powIIPPn>PL.PZGIK.200</sln:powIIPPn><sln:powIIPWersja>2012-09-27T09:26:09+02:00</sln:powIIPWersja><sln:powIdTeryt>2008</sln:powIdTeryt><sln:powNazwa>moniecki</sln:powNazwa><sln:waznyOd>2015-03-02T00:00:00+01:00</sln:waznyOd><sln:wojIIPId>53ad7aea-d9d3-40c9-9a5c-ff737d5b076e</sln:wojIIPId><sln:wojIIPPn>PL.PZGIK.200</sln:wojIIPPn><sln:wojIIPWersja>2017-10-10T00:00:00+02:00</sln:wojIIPWersja><sln:wojIdTeryt>20</sln:wojIdTeryt><sln:wojNazwa>podlaskie</sln:wojNazwa></sln:miejscowosc><sln:miejscowosc><sln:cyklZyciaOd>2017-04-10T00:00:00+02:00</sln:cyklZyciaOd><sln:gmIIPId>94f5b9fe-1713-4879-85d1-fa238415f867</sln:gmIIPId><sln:gmIIPPn>PL.PZGIK.200</sln:gmIIPPn><sln:gmIIPWersja>2012-09-26T22:15:49+02:00</sln:gmIIPWersja><sln:gmIdTeryt>2008013</sln:gmIdTeryt><sln:gmNazwa>Goniądz</sln:gmNazwa><sln:miejscIIPId>02f28a7c-3eda-4cd0-b410-0f97f0a8010b</sln:miejscIIPId><sln:miejscIIPPn>PL.PZGIK.200</sln:miejscIIPPn><sln:miejscIIPWersja>2017-04-10T14:53:45+02:00</sln:miejscIIPWersja><sln:miejscIdTeryt>0396736</sln:miejscIdTeryt><sln:miejscNazwa>Krzecze</sln:miejscNazwa><sln:miejscRodzaj>Wieś</sln:miejscRodzaj><sln:powIIPId>7de4ed9f-e2ea-4456-9248-bc81a2b79294</sln:powIIPId><sln:powIIPPn>PL.PZGIK.200</sln:powIIPPn><sln:powIIPWersja>2012-09-27T09:26:09+02:00</sln:powIIPWersja><sln:powIdTeryt>2008</sln:powIdTeryt><sln:powNazwa>moniecki</sln:powNazwa><sln:waznyOd>2015-03-02T00:00:00+01:00</sln:waznyOd><sln:wojIIPId>53ad7aea-d9d3-40c9-9a5c-ff737d5b076e</sln:wojIIPId><sln:wojIIPPn>PL.PZGIK.200</sln:wojIIPPn><sln:wojIIPWersja>2017-10-10T00:00:00+02:00</sln:wojIIPWersja><sln:wojIdTeryt>20</sln:wojIdTeryt><sln:wojNazwa>podlaskie</sln:wojNazwa></sln:miejscowosc><sln:miejscowosc><sln:cyklZyciaOd>2017-04-10T00:00:00+02:00</sln:cyklZyciaOd><sln:gmIIPId>94f5b9fe-1713-4879-85d1-fa238415f867</sln:gmIIPId><sln:gmIIPPn>PL.PZGIK.200</sln:gmIIPPn><sln:gmIIPWersja>2012-09-26T22:15:49+02:00</sln:gmIIPWersja><sln:gmIdTeryt>2008013</sln:gmIdTeryt><sln:gmNazwa>Goniądz</sln:gmNazwa><sln:miejscIIPId>1ef1cf3d-2a86-48f7-a629-5459d48ba3f4</sln:miejscIIPId><sln:miejscIIPPn>PL.PZGIK.200</sln:miejscIIPPn><sln:miejscIIPWersja>2017-04-10T14:53:45+02:00</sln:miejscIIPWersja><sln:miejscIdTeryt>0396742</sln:miejscIdTeryt><sln:miejscNazwa>Łazy</sln:miejscNazwa><sln:miejscRodzaj>Wieś</sln:miejscRodzaj><sln:powIIPId>7de4ed9f-e2ea-4456-9248-bc81a2b79294</sln:powIIPId><sln:powIIPPn>PL.PZGIK.200</sln:powIIPPn><sln:powIIPWersja>2012-09-27T09:26:09+02:00</sln:powIIPWersja><sln:powIdTeryt>2008</sln:powIdTeryt><sln:powNazwa>moniecki</sln:powNazwa><sln:waznyOd>2015-03-02T00:00:00+01:00</sln:waznyOd><sln:wojIIPId>53ad7aea-d9d3-40c9-9a5c-ff737d5b076e</sln:wojIIPId><sln:wojIIPPn>PL.PZGIK.200</sln:wojIIPPn><sln:wojIIPWersja>2017-10-10T00:00:00+02:00</sln:wojIIPWersja><sln:wojIdTeryt>20</sln:wojIdTeryt><sln:wojNazwa>podlaskie</sln:wojNazwa></sln:miejscowosc><sln:miejscowosc><sln:cyklZyciaOd>2017-04-10T00:00:00+02:00</sln:cyklZyciaOd><sln:gmIIPId>94f5b9fe-1713-4879-85d1-fa238415f867</sln:gmIIPId><sln:gmIIPPn>PL.PZGIK.200</sln:gmIIPPn><sln:gmIIPWersja>2012-09-26T22:15:49+02:00</sln:gmIIPWersja><sln:gmIdTeryt>2008013</sln:gmIdTeryt><sln:gmNazwa>Goniądz</sln:gmNazwa><sln:miejscIIPId>970422db-2284-4242-b92f-bf977d52e3e8</sln:miejscIIPId><sln:miejscIIPPn>PL.PZGIK.200</sln:miejscIIPPn><sln:miejscIIPWersja>2017-04-10T14:53:45+02:00</sln:miejscIIPWersja><sln:miejscIdTeryt>0396759</sln:miejscIdTeryt><sln:miejscNazwa>Olszowa Droga</sln:miejscNazwa><sln:miejscRodzaj>Wieś</sln:miejscRodzaj><sln:powIIPId>7de4ed9f-e2ea-4456-9248-bc81a2b79294</sln:powIIPId><sln:powIIPPn>PL.PZGIK.200</sln:powIIPPn><sln:powIIPWersja>2012-09-27T09:26:09+02:00</sln:powIIPWersja><sln:powIdTeryt>2008</sln:powIdTeryt><sln:powNazwa>moniecki</sln:powNazwa><sln:waznyOd>2015-03-02T00:00:00+01:00</sln:waznyOd><sln:wojIIPId>53ad7aea-d9d3-40c9-9a5c-ff737d5b076e</sln:wojIIPId><sln:wojIIPPn>PL.PZGIK.200</sln:wojIIPPn><sln:wojIIPWersja>2017-10-10T00:00:00+02:00</sln:wojIIPWersja><sln:wojIdTeryt>20</sln:wojIdTeryt><sln:wojNazwa>podlaskie</sln:wojNazwa></sln:miejscowosc><sln:miejscowosc><sln:cyklZyciaOd>2017-04-10T00:00:00+02:00</sln:cyklZyciaOd><sln:gmIIPId>94f5b9fe-1713-4879-85d1-fa238415f867</sln:gmIIPId><sln:gmIIPPn>PL.PZGIK.200</sln:gmIIPPn><sln:gmIIPWersja>2012-09-26T22:15:49+02:00</sln:gmIIPWersja><sln:gmIdTeryt>2008013</sln:gmIdTeryt><sln:gmNazwa>Goniądz</sln:gmNazwa><sln:miejscIIPId>ddacea62-35c6-4347-b99a-e6249bdc34db</sln:miejscIIPId><sln:miejscIIPPn>PL.PZGIK.200</sln:miejscIIPPn><sln:miejscIIPWersja>2017-04-10T14:53:45+02:00</sln:miejscIIPWersja><sln:miejscIdTeryt>0396765</sln:miejscIdTeryt><sln:miejscNazwa>Osowiec</sln:miejscNazwa><sln:miejscRodzaj>Wieś</sln:miejscRodzaj><sln:powIIPId>7de4ed9f-e2ea-4456-9248-bc81a2b79294</sln:powIIPId><sln:powIIPPn>PL.PZGIK.200</sln:powIIPPn><sln:powIIPWersja>2012-09-27T09:26:09+02:00</sln:powIIPWersja><sln:powIdTeryt>2008</sln:powIdTeryt><sln:powNazwa>moniecki</sln:powNazwa><sln:waznyOd>2015-03-02T00:00:00+01:00</sln:waznyOd><sln:wojIIPId>53ad7aea-d9d3-40c9-9a5c-ff737d5b076e</sln:wojIIPId><sln:wojIIPPn>PL.PZGIK.200</sln:wojIIPPn><sln:wojIIPWersja>2017-10-10T00:00:00+02:00</sln:wojIIPWersja><sln:wojIdTeryt>20</sln:wojIdTeryt><sln:wojNazwa>podlaskie</sln:wojNazwa></sln:miejscowosc><sln:miejscowosc><sln:cyklZyciaOd>2017-04-10T00:00:00+02:00</sln:cyklZyciaOd><sln:gmIIPId>94f5b9fe-1713-4879-85d1-fa238415f867</sln:gmIIPId><sln:gmIIPPn>PL.PZGIK.200</sln:gmIIPPn><sln:gmIIPWersja>2012-09-26T22:15:49+02:00</sln:gmIIPWersja><sln:gmIdTeryt>2008013</sln:gmIdTeryt><sln:gmNazwa>Goniądz</sln:gmNazwa><sln:miejscIIPId>2ed48816-fbf5-4610-b3c1-1ff660e9907e</sln:miejscIIPId><sln:miejscIIPPn>PL.PZGIK.200</sln:miejscIIPPn><sln:miejscIIPWersja>2017-04-10T14:53:45+02:00</sln:miejscIIPWersja><sln:miejscIdTeryt>0396771</sln:miejscIdTeryt><sln:miejscNazwa>Osowiec-Twierdza</sln:miejscNazwa><sln:miejscRodzaj>Osada</sln:miejscRodzaj><sln:powIIPId>7de4ed9f-e2ea-4456-9248-bc81a2b79294</sln:powIIPId><sln:powIIPPn>PL.PZGIK.200</sln:powIIPPn><sln:powIIPWersja>2012-09-27T09:26:09+02:00</sln:powIIPWersja><sln:powIdTeryt>2008</sln:powIdTeryt><sln:powNazwa>moniecki</sln:powNazwa><sln:waznyOd>2015-03-02T00:00:00+01:00</sln:waznyOd><sln:wojIIPId>53ad7aea-d9d3-40c9-9a5c-ff737d5b076e</sln:wojIIPId><sln:wojIIPPn>PL.PZGIK.200</sln:wojIIPPn><sln:wojIIPWersja>2017-10-10T00:00:00+02:00</sln:wojIIPWersja><sln:wojIdTeryt>20</sln:wojIdTeryt><sln:wojNazwa>podlaskie</sln:wojNazwa></sln:miejscowosc><sln:miejscowosc><sln:cyklZyciaOd>2017-04-10T00:00:00+02:00</sln:cyklZyciaOd><sln:gmIIPId>94f5b9fe-1713-4879-85d1-fa238415f867</sln:gmIIPId><sln:gmIIPPn>PL.PZGIK.200</sln:gmIIPPn><sln:gmIIPWersja>2012-09-26T22:15:49+02:00</sln:gmIIPWersja><sln:gmIdTeryt>2008013</sln:gmIdTeryt><sln:gmNazwa>Goniądz</sln:gmNazwa><sln:miejscIIPId>f2ec12d8-049e-4ddc-8ba0-d72440e27d07</sln:miejscIIPId><sln:miejscIIPPn>PL.PZGIK.200</sln:miejscIIPPn><sln:miejscIIPWersja>2017-04-10T14:53:45+02:00</sln:miejscIIPWersja><sln:miejscIdTeryt>0396788</sln:miejscIdTeryt><sln:miejscNazwa>Owieczki</sln:miejscNazwa><sln:miejscRodzaj>Wieś</sln:miejscRodzaj><sln:powIIPId>7de4ed9f-e2ea-4456-9248-bc81a2b79294</sln:powIIPId><sln:powIIPPn>PL.PZGIK.200</sln:powIIPPn><sln:powIIPWersja>2012-09-27T09:26:09+02:00</sln:powIIPWersja><sln:powIdTeryt>2008</sln:powIdTeryt><sln:powNazwa>moniecki</sln:powNazwa><sln:waznyOd>2015-03-02T00:00:00+01:00</sln:waznyOd><sln:wojIIPId>53ad7aea-d9d3-40c9-9a5c-ff737d5b076e</sln:wojIIPId><sln:wojIIPPn>PL.PZGIK.200</sln:wojIIPPn><sln:wojIIPWersja>2017-10-10T00:00:00+02:00</sln:wojIIPWersja><sln:wojIdTeryt>20</sln:wojIdTeryt><sln:wojNazwa>podlaskie</sln:wojNazwa></sln:miejscowosc><sln:miejscowosc><sln:cyklZyciaOd>2017-04-10T00:00:00+02:00</sln:cyklZyciaOd><sln:gmIIPId>94f5b9fe-1713-4879-85d1-fa238415f867</sln:gmIIPId><sln:gmIIPPn>PL.PZGIK.200</sln:gmIIPPn><sln:gmIIPWersja>2012-09-26T22:15:49+02:00</sln:gmIIPWersja><sln:gmIdTeryt>2008013</sln:gmIdTeryt><sln:gmNazwa>Goniądz</sln:gmNazwa><sln:miejscIIPId>7de9f016-749c-4d3b-8eeb-a5f04b08f72c</sln:miejscIIPId><sln:miejscIIPPn>PL.PZGIK.200</sln:miejscIIPPn><sln:miejscIIPWersja>2017-04-10T14:53:45+02:00</sln:miejscIIPWersja><sln:miejscIdTeryt>0396794</sln:miejscIdTeryt><sln:miejscNazwa>Piwowary</sln:miejscNazwa><sln:miejscRodzaj>Wieś</sln:miejscRodzaj><sln:powIIPId>7de4ed9f-e2ea-4456-9248-bc81a2b79294</sln:powIIPId><sln:powIIPPn>PL.PZGIK.200</sln:powIIPPn><sln:powIIPWersja>2012-09-27T09:26:09+02:00</sln:powIIPWersja><sln:powIdTeryt>2008</sln:powIdTeryt><sln:powNazwa>moniecki</sln:powNazwa><sln:waznyOd>2015-03-02T00:00:00+01:00</sln:waznyOd><sln:wojIIPId>53ad7aea-d9d3-40c9-9a5c-ff737d5b076e</sln:wojIIPId><sln:wojIIPPn>PL.PZGIK.200</sln:wojIIPPn><sln:wojIIPWersja>2017-10-10T00:00:00+02:00</sln:wojIIPWersja><sln:wojIdTeryt>20</sln:wojIdTeryt><sln:wojNazwa>podlaskie</sln:wojNazwa></sln:miejscowosc><sln:miejscowosc><sln:cyklZyciaOd>2017-04-10T00:00:00+02:00</sln:cyklZyciaOd><sln:gmIIPId>94f5b9fe-1713-4879-85d1-fa238415f867</sln:gmIIPId><sln:gmIIPPn>PL.PZGIK.200</sln:gmIIPPn><sln:gmIIPWersja>2012-09-26T22:15:49+02:00</sln:gmIIPWersja><sln:gmIdTeryt>2008013</sln:gmIdTeryt><sln:gmNazwa>Goniądz</sln:gmNazwa><sln:miejscIIPId>ecca490b-7f01-4756-9a0d-3a36a763cd24</sln:miejscIIPId><sln:miejscIIPPn>PL.PZGIK.200</sln:miejscIIPPn><sln:miejscIIPWersja>2017-04-10T14:53:46+02:00</sln:miejscIIPWersja><sln:miejscIdTeryt>0396802</sln:miejscIdTeryt><sln:miejscNazwa>Płochowo</sln:miejscNazwa><sln:miejscRodzaj>Wieś</sln:miejscRodzaj><sln:powIIPId>7de4ed9f-e2ea-4456-9248-bc81a2b79294</sln:powIIPId><sln:powIIPPn>PL.PZGIK.200</sln:powIIPPn><sln:powIIPWersja>2012-09-27T09:26:09+02:00</sln:powIIPWersja><sln:powIdTeryt>2008</sln:powIdTeryt><sln:powNazwa>moniecki</sln:powNazwa><sln:waznyOd>2015-03-02T00:00:00+01:00</sln:waznyOd><sln:wojIIPId>53ad7aea-d9d3-40c9-9a5c-ff737d5b076e</sln:wojIIPId><sln:wojIIPPn>PL.PZGIK.200</sln:wojIIPPn><sln:wojIIPWersja>2017-10-10T00:00:00+02:00</sln:wojIIPWersja><sln:wojIdTeryt>20</sln:wojIdTeryt><sln:wojNazwa>podlaskie</sln:wojNazwa></sln:miejscowosc><sln:miejscowosc><sln:cyklZyciaOd>2017-04-10T00:00:00+02:00</sln:cyklZyciaOd><sln:gmIIPId>94f5b9fe-1713-4879-85d1-fa238415f867</sln:gmIIPId><sln:gmIIPPn>PL.PZGIK.200</sln:gmIIPPn><sln:gmIIPWersja>2012-09-26T22:15:49+02:00</sln:gmIIPWersja><sln:gmIdTeryt>2008013</sln:gmIdTeryt><sln:gmNazwa>Goniądz</sln:gmNazwa><sln:miejscIIPId>7e2dd10a-3d3d-4ec1-b080-f2590b217ba0</sln:miejscIIPId><sln:miejscIIPPn>PL.PZGIK.200</sln:miejscIIPPn><sln:miejscIIPWersja>2017-04-10T14:53:46+02:00</sln:miejscIIPWersja><sln:miejscIdTeryt>0396825</sln:miejscIdTeryt><sln:miejscNazwa>Smogorówka Dolistowska</sln:miejscNazwa><sln:miejscRodzaj>Wieś</sln:miejscRodzaj><sln:powIIPId>7de4ed9f-e2ea-4456-9248-bc81a2b79294</sln:powIIPId><sln:powIIPPn>PL.PZGIK.200</sln:powIIPPn><sln:powIIPWersja>2012-09-27T09:26:09+02:00</sln:powIIPWersja><sln:powIdTeryt>2008</sln:powIdTeryt><sln:powNazwa>moniecki</sln:powNazwa><sln:waznyOd>2015-03-02T00:00:00+01:00</sln:waznyOd><sln:wojIIPId>53ad7aea-d9d3-40c9-9a5c-ff737d5b076e</sln:wojIIPId><sln:wojIIPPn>PL.PZGIK.200</sln:wojIIPPn><sln:wojIIPWersja>2017-10-10T00:00:00+02:00</sln:wojIIPWersja><sln:wojIdTeryt>20</sln:wojIdTeryt><sln:wojNazwa>podlaskie</sln:wojNazwa></sln:miejscowosc><sln:miejscowosc><sln:cyklZyciaOd>2017-04-10T00:00:00+02:00</sln:cyklZyciaOd><sln:gmIIPId>94f5b9fe-1713-4879-85d1-fa238415f867</sln:gmIIPId><sln:gmIIPPn>PL.PZGIK.200</sln:gmIIPPn><sln:gmIIPWersja>2012-09-26T22:15:49+02:00</sln:gmIIPWersja><sln:gmIdTeryt>2008013</sln:gmIdTeryt><sln:gmNazwa>Goniądz</sln:gmNazwa><sln:miejscIIPId>6a8ec391-a486-40f7-b24c-c0cf5ffede4a</sln:miejscIIPId><sln:miejscIIPPn>PL.PZGIK.200</sln:miejscIIPPn><sln:miejscIIPWersja>2017-04-10T14:53:46+02:00</sln:miejscIIPWersja><sln:miejscIdTeryt>0396848</sln:miejscIdTeryt><sln:miejscNazwa>Szafranki</sln:miejscNazwa><sln:miejscRodzaj>Wieś</sln:miejscRodzaj><sln:powIIPId>7de4ed9f-e2ea-4456-9248-bc81a2b79294</sln:powIIPId><sln:powIIPPn>PL.PZGIK.200</sln:powIIPPn><sln:powIIPWersja>2012-09-27T09:26:09+02:00</sln:powIIPWersja><sln:powIdTeryt>2008</sln:powIdTeryt><sln:powNazwa>moniecki</sln:powNazwa><sln:waznyOd>2015-03-02T00:00:00+01:00</sln:waznyOd><sln:wojIIPId>53ad7aea-d9d3-40c9-9a5c-ff737d5b076e</sln:wojIIPId><sln:wojIIPPn>PL.PZGIK.200</sln:wojIIPPn><sln:wojIIPWersja>2017-10-10T00:00:00+02:00</sln:wojIIPWersja><sln:wojIdTeryt>20</sln:wojIdTeryt><sln:wojNazwa>podlaskie</sln:wojNazwa></sln:miejscowosc><sln:miejscowosc><sln:cyklZyciaOd>2017-04-10T00:00:00+02:00</sln:cyklZyciaOd><sln:gmIIPId>94f5b9fe-1713-4879-85d1-fa238415f867</sln:gmIIPId><sln:gmIIPPn>PL.PZGIK.200</sln:gmIIPPn><sln:gmIIPWersja>2012-09-26T22:15:49+02:00</sln:gmIIPWersja><sln:gmIdTeryt>2008013</sln:gmIdTeryt><sln:gmNazwa>Goniądz</sln:gmNazwa><sln:miejscIIPId>160db39d-fe0b-4a20-8867-62de49ac344a</sln:miejscIIPId><sln:miejscIIPPn>PL.PZGIK.200</sln:miejscIIPPn><sln:miejscIIPWersja>2017-04-10T14:53:46+02:00</sln:miejscIIPWersja><sln:miejscIdTeryt>0396854</sln:miejscIdTeryt><sln:miejscNazwa>Uścianek</sln:miejscNazwa><sln:miejscRodzaj>Wieś</sln:miejscRodzaj><sln:powIIPId>7de4ed9f-e2ea-4456-9248-bc81a2b79294</sln:powIIPId><sln:powIIPPn>PL.PZGIK.200</sln:powIIPPn><sln:powIIPWersja>2012-09-27T09:26:09+02:00</sln:powIIPWersja><sln:powIdTeryt>2008</sln:powIdTeryt><sln:powNazwa>moniecki</sln:powNazwa><sln:waznyOd>2015-03-02T00:00:00+01:00</sln:waznyOd><sln:wojIIPId>53ad7aea-d9d3-40c9-9a5c-ff737d5b076e</sln:wojIIPId><sln:wojIIPPn>PL.PZGIK.200</sln:wojIIPPn><sln:wojIIPWersja>2017-10-10T00:00:00+02:00</sln:wojIIPWersja><sln:wojIdTeryt>20</sln:wojIdTeryt><sln:wojNazwa>podlaskie</sln:wojNazwa></sln:miejscowosc><sln:miejscowosc><sln:cyklZyciaOd>2017-04-10T00:00:00+02:00</sln:cyklZyciaOd><sln:gmIIPId>94f5b9fe-1713-4879-85d1-fa238415f867</sln:gmIIPId><sln:gmIIPPn>PL.PZGIK.200</sln:gmIIPPn><sln:gmIIPWersja>2012-09-26T22:15:49+02:00</sln:gmIIPWersja><sln:gmIdTeryt>2008013</sln:gmIdTeryt><sln:gmNazwa>Goniądz</sln:gmNazwa><sln:miejscIIPId>038b5a32-91cf-4827-97b0-2e22d838a531</sln:miejscIIPId><sln:miejscIIPPn>PL.PZGIK.200</sln:miejscIIPPn><sln:miejscIIPWersja>2017-04-10T14:53:46+02:00</sln:miejscIIPWersja><sln:miejscIdTeryt>0396860</sln:miejscIdTeryt><sln:miejscNazwa>Wojtówstwo</sln:miejscNazwa><sln:miejscRodzaj>Wieś</sln:miejscRodzaj><sln:powIIPId>7de4ed9f-e2ea-4456-9248-bc81a2b79294</sln:powIIPId><sln:powIIPPn>PL.PZGIK.200</sln:powIIPPn><sln:powIIPWersja>2012-09-27T09:26:09+02:00</sln:powIIPWersja><sln:powIdTeryt>2008</sln:powIdTeryt><sln:powNazwa>moniecki</sln:powNazwa><sln:waznyOd>2015-03-02T00:00:00+01:00</sln:waznyOd><sln:wojIIPId>53ad7aea-d9d3-40c9-9a5c-ff737d5b076e</sln:wojIIPId><sln:wojIIPPn>PL.PZGIK.200</sln:wojIIPPn><sln:wojIIPWersja>2017-10-10T00:00:00+02:00</sln:wojIIPWersja><sln:wojIdTeryt>20</sln:wojIdTeryt><sln:wojNazwa>podlaskie</sln:wojNazwa></sln:miejscowosc><sln:miejscowosc><sln:cyklZyciaOd>2017-04-10T00:00:00+02:00</sln:cyklZyciaOd><sln:gmIIPId>94f5b9fe-1713-4879-85d1-fa238415f867</sln:gmIIPId><sln:gmIIPPn>PL.PZGIK.200</sln:gmIIPPn><sln:gmIIPWersja>2012-09-26T22:15:49+02:00</sln:gmIIPWersja><sln:gmIdTeryt>2008013</sln:gmIdTeryt><sln:gmNazwa>Goniądz</sln:gmNazwa><sln:miejscIIPId>ae6c5310-3cc7-44af-bac3-3664044df69a</sln:miejscIIPId><sln:miejscIIPPn>PL.PZGIK.200</sln:miejscIIPPn><sln:miejscIIPWersja>2017-04-10T14:53:46+02:00</sln:miejscIIPWersja><sln:miejscIdTeryt>0396877</sln:miejscIdTeryt><sln:miejscNazwa>Mierkienniki</sln:miejscNazwa><sln:miejscRodzaj>Wieś</sln:miejscRodzaj><sln:powIIPId>7de4ed9f-e2ea-4456-9248-bc81a2b79294</sln:powIIPId><sln:powIIPPn>PL.PZGIK.200</sln:powIIPPn><sln:powIIPWersja>2012-09-27T09:26:09+02:00</sln:powIIPWersja><sln:powIdTeryt>2008</sln:powIdTeryt><sln:powNazwa>moniecki</sln:powNazwa><sln:waznyOd>2015-03-02T00:00:00+01:00</sln:waznyOd><sln:wojIIPId>53ad7aea-d9d3-40c9-9a5c-ff737d5b076e</sln:wojIIPId><sln:wojIIPPn>PL.PZGIK.200</sln:wojIIPPn><sln:wojIIPWersja>2017-10-10T00:00:00+02:00</sln:wojIIPWersja><sln:wojIdTeryt>20</sln:wojIdTeryt><sln:wojNazwa>podlaskie</sln:wojNazwa></sln:miejscowosc><sln:miejscowosc><sln:cyklZyciaOd>2017-04-10T00:00:00+02:00</sln:cyklZyciaOd><sln:gmIIPId>94f5b9fe-1713-4879-85d1-fa238415f867</sln:gmIIPId><sln:gmIIPPn>PL.PZGIK.200</sln:gmIIPPn><sln:gmIIPWersja>2012-09-26T22:15:49+02:00</sln:gmIIPWersja><sln:gmIdTeryt>2008013</sln:gmIdTeryt><sln:gmNazwa>Goniądz</sln:gmNazwa><sln:miejscIIPId>0c892cbb-479d-4ebb-a326-7580f613227a</sln:miejscIIPId><sln:miejscIIPPn>PL.PZGIK.200</sln:miejscIIPPn><sln:miejscIIPWersja>2017-04-10T14:53:46+02:00</sln:miejscIIPWersja><sln:miejscIdTeryt>0396883</sln:miejscIdTeryt><sln:miejscNazwa>Wólka Piaseczna</sln:miejscNazwa><sln:miejscRodzaj>Wieś</sln:miejscRodzaj><sln:powIIPId>7de4ed9f-e2ea-4456-9248-bc81a2b79294</sln:powIIPId><sln:powIIPPn>PL.PZGIK.200</sln:powIIPPn><sln:powIIPWersja>2012-09-27T09:26:09+02:00</sln:powIIPWersja><sln:powIdTeryt>2008</sln:powIdTeryt><sln:powNazwa>moniecki</sln:powNazwa><sln:waznyOd>2015-03-02T00:00:00+01:00</sln:waznyOd><sln:wojIIPId>53ad7aea-d9d3-40c9-9a5c-ff737d5b076e</sln:wojIIPId><sln:wojIIPPn>PL.PZGIK.200</sln:wojIIPPn><sln:wojIIPWersja>2017-10-10T00:00:00+02:00</sln:wojIIPWersja><sln:wojIdTeryt>20</sln:wojIdTeryt><sln:wojNazwa>podlaskie</sln:wojNazwa></sln:miejscowosc><sln:miejscowosc><sln:cyklZyciaOd>2017-04-10T00:00:00+02:00</sln:cyklZyciaOd><sln:gmIIPId>94f5b9fe-1713-4879-85d1-fa238415f867</sln:gmIIPId><sln:gmIIPPn>PL.PZGIK.200</sln:gmIIPPn><sln:gmIIPWersja>2012-09-26T22:15:49+02:00</sln:gmIIPWersja><sln:gmIdTeryt>2008013</sln:gmIdTeryt><sln:gmNazwa>Goniądz</sln:gmNazwa><sln:miejscIIPId>60ddd0ab-475c-474c-a8b8-7427281ba200</sln:miejscIIPId><sln:miejscIIPPn>PL.PZGIK.200</sln:miejscIIPPn><sln:miejscIIPWersja>2017-04-10T14:53:46+02:00</sln:miejscIIPWersja><sln:miejscIdTeryt>0396937</sln:miejscIdTeryt><sln:miejscNazwa>Wroceń</sln:miejscNazwa><sln:miejscRodzaj>Wieś</sln:miejscRodzaj><sln:powIIPId>7de4ed9f-e2ea-4456-9248-bc81a2b79294</sln:powIIPId><sln:powIIPPn>PL.PZGIK.200</sln:powIIPPn><sln:powIIPWersja>2012-09-27T09:26:09+02:00</sln:powIIPWersja><sln:powIdTeryt>2008</sln:powIdTeryt><sln:powNazwa>moniecki</sln:powNazwa><sln:waznyOd>2015-03-02T00:00:00+01:00</sln:waznyOd><sln:wojIIPId>53ad7aea-d9d3-40c9-9a5c-ff737d5b076e</sln:wojIIPId><sln:wojIIPPn>PL.PZGIK.200</sln:wojIIPPn><sln:wojIIPWersja>2017-10-10T00:00:00+02:00</sln:wojIIPWersja><sln:wojIdTeryt>20</sln:wojIdTeryt><sln:wojNazwa>podlaskie</sln:wojNazwa></sln:miejscowosc><sln:miejscowosc><sln:cyklZyciaOd>2017-04-10T00:00:00+02:00</sln:cyklZyciaOd><sln:gmIIPId>94f5b9fe-1713-4879-85d1-fa238415f867</sln:gmIIPId><sln:gmIIPPn>PL.PZGIK.200</sln:gmIIPPn><sln:gmIIPWersja>2012-09-26T22:15:49+02:00</sln:gmIIPWersja><sln:gmIdTeryt>2008013</sln:gmIdTeryt><sln:gmNazwa>Goniądz</sln:gmNazwa><sln:miejscIIPId>82ce740d-8910-4f61-b5af-1b0b23e9b7a6</sln:miejscIIPId><sln:miejscIIPPn>PL.PZGIK.200</sln:miejscIIPPn><sln:miejscIIPWersja>2017-04-10T14:53:46+02:00</sln:miejscIIPWersja><sln:miejscIdTeryt>0957360</sln:miejscIdTeryt><sln:miejscNazwa>Goniądz</sln:miejscNazwa><sln:miejscRodzaj>Miasto</sln:miejscRodzaj><sln:powIIPId>7de4ed9f-e2ea-4456-9248-bc81a2b79294</sln:powIIPId><sln:powIIPPn>PL.PZGIK.200</sln:powIIPPn><sln:powIIPWersja>2012-09-27T09:26:09+02:00</sln:powIIPWersja><sln:powIdTeryt>2008</sln:powIdTeryt><sln:powNazwa>moniecki</sln:powNazwa><sln:waznyOd>2015-03-02T00:00:00+01:00</sln:waznyOd><sln:wojIIPId>53ad7aea-d9d3-40c9-9a5c-ff737d5b076e</sln:wojIIPId><sln:wojIIPPn>PL.PZGIK.200</sln:wojIIPPn><sln:wojIIPWersja>2017-10-10T00:00:00+02:00</sln:wojIIPWersja><sln:wojIdTeryt>20</sln:wojIdTeryt><sln:wojNazwa>podlaskie</sln:wojNazwa></sln:miejscowosc><sln:miejscowosc><sln:cyklZyciaOd>2017-04-10T00:00:00+02:00</sln:cyklZyciaOd><sln:gmIIPId>94f5b9fe-1713-4879-85d1-fa238415f867</sln:gmIIPId><sln:gmIIPPn>PL.PZGIK.200</sln:gmIIPPn><sln:gmIIPWersja>2012-09-26T22:15:49+02:00</sln:gmIIPWersja><sln:gmIdTeryt>2008013</sln:gmIdTeryt><sln:gmNazwa>Goniądz</sln:gmNazwa><sln:miejscIIPId>74d6ec84-259e-450a-a788-28bf8cd76e9c</sln:miejscIIPId><sln:miejscIIPPn>PL.PZGIK.200</sln:miejscIIPPn><sln:miejscIIPWersja>2017-04-10T14:53:46+02:00</sln:miejscIIPWersja><sln:miejscIdTeryt>1056646</sln:miejscIdTeryt><sln:miejscNazwa>Smogorówka Goniądzka</sln:miejscNazwa><sln:miejscRodzaj>Wieś</sln:miejscRodzaj><sln:powIIPId>7de4ed9f-e2ea-4456-9248-bc81a2b79294</sln:powIIPId><sln:powIIPPn>PL.PZGIK.200</sln:powIIPPn><sln:powIIPWersja>2012-09-27T09:26:09+02:00</sln:powIIPWersja><sln:powIdTeryt>2008</sln:powIdTeryt><sln:powNazwa>moniecki</sln:powNazwa><sln:waznyOd>2015-03-02T00:00:00+01:00</sln:waznyOd><sln:wojIIPId>53ad7aea-d9d3-40c9-9a5c-ff737d5b076e</sln:wojIIPId><sln:wojIIPPn>PL.PZGIK.200</sln:wojIIPPn><sln:wojIIPWersja>2017-10-10T00:00:00+02:00</sln:wojIIPWersja><sln:wojIdTeryt>20</sln:wojIdTeryt><sln:wojNazwa>podlaskie</sln:wojNazwa></sln:miejscowosc><sln:miejscowosc><sln:cyklZyciaOd>2017-06-28T00:00:00+02:00</sln:cyklZyciaOd><sln:gmIIPId>94f5b9fe-1713-4879-85d1-fa238415f867</sln:gmIIPId><sln:gmIIPPn>PL.PZGIK.200</sln:gmIIPPn><sln:gmIIPWersja>2012-09-26T22:15:49+02:00</sln:gmIIPWersja><sln:gmIdTeryt>2008013</sln:gmIdTeryt><sln:gmNazwa>Goniądz</sln:gmNazwa><sln:miejscIIPId>ec0ad980-512a-48c4-8e2e-c2e00bc69e41</sln:miejscIIPId><sln:miejscIIPPn>PL.PZGIK.200</sln:miejscIIPPn><sln:miejscIIPWersja>2017-06-28T22:28:57+02:00</sln:miejscIIPWersja><sln:miejscIdTeryt>0396682</sln:miejscIdTeryt><sln:miejscNazwa>Downary</sln:miejscNazwa><sln:miejscRodzaj>Wieś</sln:miejscRodzaj><sln:powIIPId>7de4ed9f-e2ea-4456-9248-bc81a2b79294</sln:powIIPId><sln:powIIPPn>PL.PZGIK.200</sln:powIIPPn><sln:powIIPWersja>2012-09-27T09:26:09+02:00</sln:powIIPWersja><sln:powIdTeryt>2008</sln:powIdTeryt><sln:powNazwa>moniecki</sln:powNazwa><sln:waznyOd>2017-06-27T00:00:00+02:00</sln:waznyOd><sln:wojIIPId>53ad7aea-d9d3-40c9-9a5c-ff737d5b076e</sln:wojIIPId><sln:wojIIPPn>PL.PZGIK.200</sln:wojIIPPn><sln:wojIIPWersja>2017-10-10T00:00:00+02:00</sln:wojIIPWersja><sln:wojIdTeryt>20</sln:wojIdTeryt><sln:wojNazwa>podlaskie</sln:wojNazwa></sln:miejscowosc><sln:miejscowosc><sln:cyklZyciaDo>2017-07-14T00:00:00+02:00</sln:cyklZyciaDo><sln:cyklZyciaOd>2017-06-28T00:00:00+02:00</sln:cyklZyciaOd><sln:gmIIPId>94f5b9fe-1713-4879-85d1-fa238415f867</sln:gmIIPId><sln:gmIIPPn>PL.PZGIK.200</sln:gmIIPPn><sln:gmIIPWersja>2012-09-26T22:15:49+02:00</sln:gmIIPWersja><sln:gmIdTeryt>2008013</sln:gmIdTeryt><sln:gmNazwa>Goniądz</sln:gmNazwa><sln:miejscIIPId>05721eb1-f2c5-4187-a0e5-9d9d702b24b9</sln:miejscIIPId><sln:miejscIIPPn>PL.PZGIK.200</sln:miejscIIPPn><sln:miejscIIPWersja>2017-06-28T22:29:07+02:00</sln:miejscIIPWersja><sln:miejscIdTeryt>0396699</sln:miejscIdTeryt><sln:miejscNazwa>Downary-Plac</sln:miejscNazwa><sln:miejscRodzaj>Inny obiekt</sln:miejscRodzaj><sln:powIIPId>7de4ed9f-e2ea-4456-9248-bc81a2b79294</sln:powIIPId><sln:powIIPPn>PL.PZGIK.200</sln:powIIPPn><sln:powIIPWersja>2012-09-27T09:26:09+02:00</sln:powIIPWersja><sln:powIdTeryt>2008</sln:powIdTeryt><sln:powNazwa>moniecki</sln:powNazwa><sln:waznyOd>2017-06-27T00:00:00+02:00</sln:waznyOd><sln:wojIIPId>53ad7aea-d9d3-40c9-9a5c-ff737d5b076e</sln:wojIIPId><sln:wojIIPPn>PL.PZGIK.200</sln:wojIIPPn><sln:wojIIPWersja>2017-10-10T00:00:00+02:00</sln:wojIIPWersja><sln:wojIdTeryt>20</sln:wojIdTeryt><sln:wojNazwa>podlaskie</sln:wojNazwa></sln:miejscowosc><sln:miejscowosc><sln:cyklZyciaOd>2017-07-14T00:00:00+02:00</sln:cyklZyciaOd><sln:gmIIPId>94f5b9fe-1713-4879-85d1-fa238415f867</sln:gmIIPId><sln:gmIIPPn>PL.PZGIK.200</sln:gmIIPPn><sln:gmIIPWersja>2012-09-26T22:15:49+02:00</sln:gmIIPWersja><sln:gmIdTeryt>2008013</sln:gmIdTeryt><sln:gmNazwa>Goniądz</sln:gmNazwa><sln:miejscIIPId>05721eb1-f2c5-4187-a0e5-9d9d702b24b9</sln:miejscIIPId><sln:miejscIIPPn>PL.PZGIK.200</sln:miejscIIPPn><sln:miejscIIPWersja>2017-07-14T22:44:13+02:00</sln:miejscIIPWersja><sln:miejscIdTeryt>0396699</sln:miejscIdTeryt><sln:miejscNazwa>Downary-Plac</sln:miejscNazwa><sln:miejscRodzaj>Inny obiekt</sln:miejscRodzaj><sln:powIIPId>7de4ed9f-e2ea-4456-9248-bc81a2b79294</sln:powIIPId><sln:powIIPPn>PL.PZGIK.200</sln:powIIPPn><sln:powIIPWersja>2012-09-27T09:26:09+02:00</sln:powIIPWersja><sln:powIdTeryt>2008</sln:powIdTeryt><sln:powNazwa>moniecki</sln:powNazwa><sln:waznyOd>2017-07-12T00:00:00+02:00</sln:waznyOd><sln:wojIIPId>53ad7aea-d9d3-40c9-9a5c-ff737d5b076e</sln:wojIIPId><sln:wojIIPPn>PL.PZGIK.200</sln:wojIIPPn><sln:wojIIPWersja>2017-10-10T00:00:00+02:00</sln:wojIIPWersja><sln:wojIdTeryt>20</sln:wojIdTeryt><sln:wojNazwa>podlaskie</sln:wojNazwa></sln:miejscowosc></sln:lista-miejscowosci>