<?xml version="1.0" encoding="UTF-8" standalone="yes"?><sln:lista-miejscowosci xmlns:srv="http://gugik.gov.pl/schemas/slowniki-service/1.0" xmlns:sln="http://gugik.gov.pl/schemas/slowniki-schema/1.0"><sln:miejscowosc><sln:cyklZyciaDo>2017-04-12T00:00:00+02:00</sln:cyklZyciaDo><sln:cyklZyciaOd>2015-10-16T00:00:00+02:00</sln:cyklZyciaOd><sln:gmIIPId>be93b4d0-4896-404b-b339-dbb41a4fac51</sln:gmIIPId><sln:gmIIPPn>PL.PZGIK.200</sln:gmIIPPn><sln:gmIIPWersja>2012-09-26T22:15:49+02:00</sln:gmIIPWersja><sln:gmIdTeryt>2008052</sln:gmIdTeryt><sln:gmNazwa>Krypno</sln:gmNazwa><sln:miejscIIPId>6142d2fd-db59-4d97-ac61-566409689829</sln:miejscIIPId><sln:miejscIIPPn>PL.PZGIK.200</sln:miejscIIPPn><sln:miejscIIPWersja>2016-11-24T08:41:18+02:00</sln:miejscIIPWersja><sln:miejscIdTeryt>0032922</sln:miejscIdTeryt><sln:miejscNazwa>Bajki-Zalesie</sln:miejscNazwa><sln:miejscRodzaj>Wieś</sln:miejscRodzaj><sln:powIIPId>7de4ed9f-e2ea-4456-9248-bc81a2b79294</sln:powIIPId><sln:powIIPPn>PL.PZGIK.200</sln:powIIPPn><sln:powIIPWersja>2012-09-27T09:26:09+02:00</sln:powIIPWersja><sln:powIdTeryt>2008</sln:powIdTeryt><sln:powNazwa>moniecki</sln:powNazwa><sln:waznyOd>2015-06-10T00:00:00+02:00</sln:waznyOd><sln:wojIIPId>53ad7aea-d9d3-40c9-9a5c-ff737d5b076e</sln:wojIIPId><sln:wojIIPPn>PL.PZGIK.200</sln:wojIIPPn><sln:wojIIPWersja>2017-10-10T00:00:00+02:00</sln:wojIIPWersja><sln:wojIdTeryt>20</sln:wojIdTeryt><sln:wojNazwa>podlaskie</sln:wojNazwa></sln:miejscowosc><sln:miejscowosc><sln:cyklZyciaDo>2017-04-12T00:00:00+02:00</sln:cyklZyciaDo><sln:cyklZyciaOd>2015-10-16T00:00:00+02:00</sln:cyklZyciaOd><sln:gmIIPId>be93b4d0-4896-404b-b339-dbb41a4fac51</sln:gmIIPId><sln:gmIIPPn>PL.PZGIK.200</sln:gmIIPPn><sln:gmIIPWersja>2012-09-26T22:15:49+02:00</sln:gmIIPWersja><sln:gmIdTeryt>2008052</sln:gmIdTeryt><sln:gmNazwa>Krypno</sln:gmNazwa><sln:miejscIIPId>454c498a-8e09-4175-b275-5fd58d52dc5e</sln:miejscIIPId><sln:miejscIIPPn>PL.PZGIK.200</sln:miejscIIPPn><sln:miejscIIPWersja>2016-11-24T08:41:18+02:00</sln:miejscIIPWersja><sln:miejscIdTeryt>0032939</sln:miejscIdTeryt><sln:miejscNazwa>Białobrzeskie</sln:miejscNazwa><sln:miejscRodzaj>Wieś</sln:miejscRodzaj><sln:powIIPId>7de4ed9f-e2ea-4456-9248-bc81a2b79294</sln:powIIPId><sln:powIIPPn>PL.PZGIK.200</sln:powIIPPn><sln:powIIPWersja>2012-09-27T09:26:09+02:00</sln:powIIPWersja><sln:powIdTeryt>2008</sln:powIdTeryt><sln:powNazwa>moniecki</sln:powNazwa><sln:waznyOd>2015-06-10T00:00:00+02:00</sln:waznyOd><sln:wojIIPId>53ad7aea-d9d3-40c9-9a5c-ff737d5b076e</sln:wojIIPId><sln:wojIIPPn>PL.PZGIK.200</sln:wojIIPPn><sln:wojIIPWersja>2017-10-10T00:00:00+02:00</sln:wojIIPWersja><sln:wojIdTeryt>20</sln:wojIdTeryt><sln:wojNazwa>podlaskie</sln:wojNazwa></sln:miejscowosc><sln:miejscowosc><sln:cyklZyciaDo>2017-04-12T00:00:00+02:00</sln:cyklZyciaDo><sln:cyklZyciaOd>2015-10-16T00:00:00+02:00</sln:cyklZyciaOd><sln:gmIIPId>be93b4d0-4896-404b-b339-dbb41a4fac51</sln:gmIIPId><sln:gmIIPPn>PL.PZGIK.200</sln:gmIIPPn><sln:gmIIPWersja>2012-09-26T22:15:49+02:00</sln:gmIIPWersja><sln:gmIdTeryt>2008052</sln:gmIdTeryt><sln:gmNazwa>Krypno</sln:gmNazwa><sln:miejscIIPId>af3ae555-23c4-4453-b419-53c0f5ca7525</sln:miejscIIPId><sln:miejscIIPPn>PL.PZGIK.200</sln:miejscIIPPn><sln:miejscIIPWersja>2016-11-24T08:41:18+02:00</sln:miejscIIPWersja><sln:miejscIdTeryt>0032945</sln:miejscIdTeryt><sln:miejscNazwa>Dębina</sln:miejscNazwa><sln:miejscRodzaj>Wieś</sln:miejscRodzaj><sln:powIIPId>7de4ed9f-e2ea-4456-9248-bc81a2b79294</sln:powIIPId><sln:powIIPPn>PL.PZGIK.200</sln:powIIPPn><sln:powIIPWersja>2012-09-27T09:26:09+02:00</sln:powIIPWersja><sln:powIdTeryt>2008</sln:powIdTeryt><sln:powNazwa>moniecki</sln:powNazwa><sln:waznyOd>2015-06-10T00:00:00+02:00</sln:waznyOd><sln:wojIIPId>53ad7aea-d9d3-40c9-9a5c-ff737d5b076e</sln:wojIIPId><sln:wojIIPPn>PL.PZGIK.200</sln:wojIIPPn><sln:wojIIPWersja>2017-10-10T00:00:00+02:00</sln:wojIIPWersja><sln:wojIdTeryt>20</sln:wojIdTeryt><sln:wojNazwa>podlaskie</sln:wojNazwa></sln:miejscowosc><sln:miejscowosc><sln:cyklZyciaDo>2017-04-12T00:00:00+02:00</sln:cyklZyciaDo><sln:cyklZyciaOd>2015-10-16T00:00:00+02:00</sln:cyklZyciaOd><sln:gmIIPId>be93b4d0-4896-404b-b339-dbb41a4fac51</sln:gmIIPId><sln:gmIIPPn>PL.PZGIK.200</sln:gmIIPPn><sln:gmIIPWersja>2012-09-26T22:15:49+02:00</sln:gmIIPWersja><sln:gmIdTeryt>2008052</sln:gmIdTeryt><sln:gmNazwa>Krypno</sln:gmNazwa><sln:miejscIIPId>605a9a9c-fc9f-438e-9e2e-deaf2ce0511f</sln:miejscIIPId><sln:miejscIIPPn>PL.PZGIK.200</sln:miejscIIPPn><sln:miejscIIPWersja>2016-11-24T08:41:18+02:00</sln:miejscIIPWersja><sln:miejscIdTeryt>0032951</sln:miejscIdTeryt><sln:miejscNazwa>Długołęka</sln:miejscNazwa><sln:miejscRodzaj>Wieś</sln:miejscRodzaj><sln:powIIPId>7de4ed9f-e2ea-4456-9248-bc81a2b79294</sln:powIIPId><sln:powIIPPn>PL.PZGIK.200</sln:powIIPPn><sln:powIIPWersja>2012-09-27T09:26:09+02:00</sln:powIIPWersja><sln:powIdTeryt>2008</sln:powIdTeryt><sln:powNazwa>moniecki</sln:powNazwa><sln:waznyOd>2015-06-10T00:00:00+02:00</sln:waznyOd><sln:wojIIPId>53ad7aea-d9d3-40c9-9a5c-ff737d5b076e</sln:wojIIPId><sln:wojIIPPn>PL.PZGIK.200</sln:wojIIPPn><sln:wojIIPWersja>2017-10-10T00:00:00+02:00</sln:wojIIPWersja><sln:wojIdTeryt>20</sln:wojIdTeryt><sln:wojNazwa>podlaskie</sln:wojNazwa></sln:miejscowosc><sln:miejscowosc><sln:cyklZyciaDo>2017-04-12T00:00:00+02:00</sln:cyklZyciaDo><sln:cyklZyciaOd>2015-10-16T00:00:00+02:00</sln:cyklZyciaOd><sln:gmIIPId>be93b4d0-4896-404b-b339-dbb41a4fac51</sln:gmIIPId><sln:gmIIPPn>PL.PZGIK.200</sln:gmIIPPn><sln:gmIIPWersja>2012-09-26T22:15:49+02:00</sln:gmIIPWersja><sln:gmIdTeryt>2008052</sln:gmIdTeryt><sln:gmNazwa>Krypno</sln:gmNazwa><sln:miejscIIPId>1e6f2d66-2cd1-4647-a1fb-d9dcac1abaae</sln:miejscIIPId><sln:miejscIIPPn>PL.PZGIK.200</sln:miejscIIPPn><sln:miejscIIPWersja>2016-11-24T08:41:18+02:00</sln:miejscIIPWersja><sln:miejscIdTeryt>0032980</sln:miejscIdTeryt><sln:miejscNazwa>Góra</sln:miejscNazwa><sln:miejscRodzaj>Wieś</sln:miejscRodzaj><sln:powIIPId>7de4ed9f-e2ea-4456-9248-bc81a2b79294</sln:powIIPId><sln:powIIPPn>PL.PZGIK.200</sln:powIIPPn><sln:powIIPWersja>2012-09-27T09:26:09+02:00</sln:powIIPWersja><sln:powIdTeryt>2008</sln:powIdTeryt><sln:powNazwa>moniecki</sln:powNazwa><sln:waznyOd>2015-06-10T00:00:00+02:00</sln:waznyOd><sln:wojIIPId>53ad7aea-d9d3-40c9-9a5c-ff737d5b076e</sln:wojIIPId><sln:wojIIPPn>PL.PZGIK.200</sln:wojIIPPn><sln:wojIIPWersja>2017-10-10T00:00:00+02:00</sln:wojIIPWersja><sln:wojIdTeryt>20</sln:wojIdTeryt><sln:wojNazwa>podlaskie</sln:wojNazwa></sln:miejscowosc><sln:miejscowosc><sln:cyklZyciaDo>2017-04-12T00:00:00+02:00</sln:cyklZyciaDo><sln:cyklZyciaOd>2015-10-16T00:00:00+02:00</sln:cyklZyciaOd><sln:gmIIPId>be93b4d0-4896-404b-b339-dbb41a4fac51</sln:gmIIPId><sln:gmIIPPn>PL.PZGIK.200</sln:gmIIPPn><sln:gmIIPWersja>2012-09-26T22:15:49+02:00</sln:gmIIPWersja><sln:gmIdTeryt>2008052</sln:gmIdTeryt><sln:gmNazwa>Krypno</sln:gmNazwa><sln:miejscIIPId>60a101a0-37a3-4530-9bcb-0835c1cd15eb</sln:miejscIIPId><sln:miejscIIPPn>PL.PZGIK.200</sln:miejscIIPPn><sln:miejscIIPWersja>2016-11-24T08:41:18+02:00</sln:miejscIIPWersja><sln:miejscIdTeryt>0032997</sln:miejscIdTeryt><sln:miejscNazwa>Kruszyn</sln:miejscNazwa><sln:miejscRodzaj>Wieś</sln:miejscRodzaj><sln:powIIPId>7de4ed9f-e2ea-4456-9248-bc81a2b79294</sln:powIIPId><sln:powIIPPn>PL.PZGIK.200</sln:powIIPPn><sln:powIIPWersja>2012-09-27T09:26:09+02:00</sln:powIIPWersja><sln:powIdTeryt>2008</sln:powIdTeryt><sln:powNazwa>moniecki</sln:powNazwa><sln:waznyOd>2015-06-10T00:00:00+02:00</sln:waznyOd><sln:wojIIPId>53ad7aea-d9d3-40c9-9a5c-ff737d5b076e</sln:wojIIPId><sln:wojIIPPn>PL.PZGIK.200</sln:wojIIPPn><sln:wojIIPWersja>2017-10-10T00:00:00+02:00</sln:wojIIPWersja><sln:wojIdTeryt>20</sln:wojIdTeryt><sln:wojNazwa>podlaskie</sln:wojNazwa></sln:miejscowosc><sln:miejscowosc><sln:cyklZyciaDo>2017-04-12T00:00:00+02:00</sln:cyklZyciaDo><sln:cyklZyciaOd>2015-10-16T00:00:00+02:00</sln:cyklZyciaOd><sln:gmIIPId>be93b4d0-4896-404b-b339-dbb41a4fac51</sln:gmIIPId><sln:gmIIPPn>PL.PZGIK.200</sln:gmIIPPn><sln:gmIIPWersja>2012-09-26T22:15:49+02:00</sln:gmIIPWersja><sln:gmIdTeryt>2008052</sln:gmIdTeryt><sln:gmNazwa>Krypno</sln:gmNazwa><sln:miejscIIPId>174f1234-bc88-47f6-8ec4-f07e4cf11bdb</sln:miejscIIPId><sln:miejscIIPPn>PL.PZGIK.200</sln:miejscIIPPn><sln:miejscIIPWersja>2016-11-24T08:41:18+02:00</sln:miejscIIPWersja><sln:miejscIdTeryt>0033011</sln:miejscIdTeryt><sln:miejscNazwa>Krypno Kościelne</sln:miejscNazwa><sln:miejscRodzaj>Wieś</sln:miejscRodzaj><sln:powIIPId>7de4ed9f-e2ea-4456-9248-bc81a2b79294</sln:powIIPId><sln:powIIPPn>PL.PZGIK.200</sln:powIIPPn><sln:powIIPWersja>2012-09-27T09:26:09+02:00</sln:powIIPWersja><sln:powIdTeryt>2008</sln:powIdTeryt><sln:powNazwa>moniecki</sln:powNazwa><sln:waznyOd>2015-06-10T00:00:00+02:00</sln:waznyOd><sln:wojIIPId>53ad7aea-d9d3-40c9-9a5c-ff737d5b076e</sln:wojIIPId><sln:wojIIPPn>PL.PZGIK.200</sln:wojIIPPn><sln:wojIIPWersja>2017-10-10T00:00:00+02:00</sln:wojIIPWersja><sln:wojIdTeryt>20</sln:wojIdTeryt><sln:wojNazwa>podlaskie</sln:wojNazwa></sln:miejscowosc><sln:miejscowosc><sln:cyklZyciaDo>2017-04-12T00:00:00+02:00</sln:cyklZyciaDo><sln:cyklZyciaOd>2015-10-16T00:00:00+02:00</sln:cyklZyciaOd><sln:gmIIPId>be93b4d0-4896-404b-b339-dbb41a4fac51</sln:gmIIPId><sln:gmIIPPn>PL.PZGIK.200</sln:gmIIPPn><sln:gmIIPWersja>2012-09-26T22:15:49+02:00</sln:gmIIPWersja><sln:gmIdTeryt>2008052</sln:gmIdTeryt><sln:gmNazwa>Krypno</sln:gmNazwa><sln:miejscIIPId>641ba36b-3d63-411d-a039-4bef930c3ead</sln:miejscIIPId><sln:miejscIIPPn>PL.PZGIK.200</sln:miejscIIPPn><sln:miejscIIPWersja>2016-11-24T08:41:18+02:00</sln:miejscIIPWersja><sln:miejscIdTeryt>0033005</sln:miejscIdTeryt><sln:miejscNazwa>Krypno Wielkie</sln:miejscNazwa><sln:miejscRodzaj>Wieś</sln:miejscRodzaj><sln:powIIPId>7de4ed9f-e2ea-4456-9248-bc81a2b79294</sln:powIIPId><sln:powIIPPn>PL.PZGIK.200</sln:powIIPPn><sln:powIIPWersja>2012-09-27T09:26:09+02:00</sln:powIIPWersja><sln:powIdTeryt>2008</sln:powIdTeryt><sln:powNazwa>moniecki</sln:powNazwa><sln:waznyOd>2015-06-10T00:00:00+02:00</sln:waznyOd><sln:wojIIPId>53ad7aea-d9d3-40c9-9a5c-ff737d5b076e</sln:wojIIPId><sln:wojIIPPn>PL.PZGIK.200</sln:wojIIPPn><sln:wojIIPWersja>2017-10-10T00:00:00+02:00</sln:wojIIPWersja><sln:wojIdTeryt>20</sln:wojIdTeryt><sln:wojNazwa>podlaskie</sln:wojNazwa></sln:miejscowosc><sln:miejscowosc><sln:cyklZyciaDo>2017-04-12T00:00:00+02:00</sln:cyklZyciaDo><sln:cyklZyciaOd>2015-10-16T00:00:00+02:00</sln:cyklZyciaOd><sln:gmIIPId>be93b4d0-4896-404b-b339-dbb41a4fac51</sln:gmIIPId><sln:gmIIPPn>PL.PZGIK.200</sln:gmIIPPn><sln:gmIIPWersja>2012-09-26T22:15:49+02:00</sln:gmIIPWersja><sln:gmIdTeryt>2008052</sln:gmIdTeryt><sln:gmNazwa>Krypno</sln:gmNazwa><sln:miejscIIPId>d39db611-0540-4b6d-8427-7b57dd3e0853</sln:miejscIIPId><sln:miejscIIPPn>PL.PZGIK.200</sln:miejscIIPPn><sln:miejscIIPWersja>2016-11-24T08:41:18+02:00</sln:miejscIIPWersja><sln:miejscIdTeryt>0033028</sln:miejscIdTeryt><sln:miejscNazwa>Kulesze-Chobotki</sln:miejscNazwa><sln:miejscRodzaj>Wieś</sln:miejscRodzaj><sln:powIIPId>7de4ed9f-e2ea-4456-9248-bc81a2b79294</sln:powIIPId><sln:powIIPPn>PL.PZGIK.200</sln:powIIPPn><sln:powIIPWersja>2012-09-27T09:26:09+02:00</sln:powIIPWersja><sln:powIdTeryt>2008</sln:powIdTeryt><sln:powNazwa>moniecki</sln:powNazwa><sln:waznyOd>2015-06-10T00:00:00+02:00</sln:waznyOd><sln:wojIIPId>53ad7aea-d9d3-40c9-9a5c-ff737d5b076e</sln:wojIIPId><sln:wojIIPPn>PL.PZGIK.200</sln:wojIIPPn><sln:wojIIPWersja>2017-10-10T00:00:00+02:00</sln:wojIIPWersja><sln:wojIdTeryt>20</sln:wojIdTeryt><sln:wojNazwa>podlaskie</sln:wojNazwa></sln:miejscowosc><sln:miejscowosc><sln:cyklZyciaDo>2017-04-12T00:00:00+02:00</sln:cyklZyciaDo><sln:cyklZyciaOd>2015-10-16T00:00:00+02:00</sln:cyklZyciaOd><sln:gmIIPId>be93b4d0-4896-404b-b339-dbb41a4fac51</sln:gmIIPId><sln:gmIIPPn>PL.PZGIK.200</sln:gmIIPPn><sln:gmIIPWersja>2012-09-26T22:15:49+02:00</sln:gmIIPWersja><sln:gmIdTeryt>2008052</sln:gmIdTeryt><sln:gmNazwa>Krypno</sln:gmNazwa><sln:miejscIIPId>b0b650d6-165d-4f4c-ba35-2f4974a8c795</sln:miejscIIPId><sln:miejscIIPPn>PL.PZGIK.200</sln:miejscIIPPn><sln:miejscIIPWersja>2016-11-24T08:41:18+02:00</sln:miejscIIPWersja><sln:miejscIdTeryt>0033034</sln:miejscIdTeryt><sln:miejscNazwa>Morusy</sln:miejscNazwa><sln:miejscRodzaj>Wieś</sln:miejscRodzaj><sln:powIIPId>7de4ed9f-e2ea-4456-9248-bc81a2b79294</sln:powIIPId><sln:powIIPPn>PL.PZGIK.200</sln:powIIPPn><sln:powIIPWersja>2012-09-27T09:26:09+02:00</sln:powIIPWersja><sln:powIdTeryt>2008</sln:powIdTeryt><sln:powNazwa>moniecki</sln:powNazwa><sln:waznyOd>2015-06-10T00:00:00+02:00</sln:waznyOd><sln:wojIIPId>53ad7aea-d9d3-40c9-9a5c-ff737d5b076e</sln:wojIIPId><sln:wojIIPPn>PL.PZGIK.200</sln:wojIIPPn><sln:wojIIPWersja>2017-10-10T00:00:00+02:00</sln:wojIIPWersja><sln:wojIdTeryt>20</sln:wojIdTeryt><sln:wojNazwa>podlaskie</sln:wojNazwa></sln:miejscowosc><sln:miejscowosc><sln:cyklZyciaDo>2017-04-12T00:00:00+02:00</sln:cyklZyciaDo><sln:cyklZyciaOd>2015-10-16T00:00:00+02:00</sln:cyklZyciaOd><sln:gmIIPId>be93b4d0-4896-404b-b339-dbb41a4fac51</sln:gmIIPId><sln:gmIIPPn>PL.PZGIK.200</sln:gmIIPPn><sln:gmIIPWersja>2012-09-26T22:15:49+02:00</sln:gmIIPWersja><sln:gmIdTeryt>2008052</sln:gmIdTeryt><sln:gmNazwa>Krypno</sln:gmNazwa><sln:miejscIIPId>7f57f854-0fa0-4267-bb62-50511f748554</sln:miejscIIPId><sln:miejscIIPPn>PL.PZGIK.200</sln:miejscIIPPn><sln:miejscIIPWersja>2016-11-24T08:41:18+02:00</sln:miejscIIPWersja><sln:miejscIdTeryt>0033040</sln:miejscIdTeryt><sln:miejscNazwa>Peńskie</sln:miejscNazwa><sln:miejscRodzaj>Wieś</sln:miejscRodzaj><sln:powIIPId>7de4ed9f-e2ea-4456-9248-bc81a2b79294</sln:powIIPId><sln:powIIPPn>PL.PZGIK.200</sln:powIIPPn><sln:powIIPWersja>2012-09-27T09:26:09+02:00</sln:powIIPWersja><sln:powIdTeryt>2008</sln:powIdTeryt><sln:powNazwa>moniecki</sln:powNazwa><sln:waznyOd>2015-06-10T00:00:00+02:00</sln:waznyOd><sln:wojIIPId>53ad7aea-d9d3-40c9-9a5c-ff737d5b076e</sln:wojIIPId><sln:wojIIPPn>PL.PZGIK.200</sln:wojIIPPn><sln:wojIIPWersja>2017-10-10T00:00:00+02:00</sln:wojIIPWersja><sln:wojIdTeryt>20</sln:wojIdTeryt><sln:wojNazwa>podlaskie</sln:wojNazwa></sln:miejscowosc><sln:miejscowosc><sln:cyklZyciaDo>2017-04-12T00:00:00+02:00</sln:cyklZyciaDo><sln:cyklZyciaOd>2015-10-16T00:00:00+02:00</sln:cyklZyciaOd><sln:gmIIPId>be93b4d0-4896-404b-b339-dbb41a4fac51</sln:gmIIPId><sln:gmIIPPn>PL.PZGIK.200</sln:gmIIPPn><sln:gmIIPWersja>2012-09-26T22:15:49+02:00</sln:gmIIPWersja><sln:gmIdTeryt>2008052</sln:gmIdTeryt><sln:gmNazwa>Krypno</sln:gmNazwa><sln:miejscIIPId>dc94d452-cc6c-44c4-808f-063d00e40c7b</sln:miejscIIPId><sln:miejscIIPPn>PL.PZGIK.200</sln:miejscIIPPn><sln:miejscIIPWersja>2016-11-24T08:41:18+02:00</sln:miejscIIPWersja><sln:miejscIdTeryt>0033057</sln:miejscIdTeryt><sln:miejscNazwa>Rekle</sln:miejscNazwa><sln:miejscRodzaj>Wieś</sln:miejscRodzaj><sln:powIIPId>7de4ed9f-e2ea-4456-9248-bc81a2b79294</sln:powIIPId><sln:powIIPPn>PL.PZGIK.200</sln:powIIPPn><sln:powIIPWersja>2012-09-27T09:26:09+02:00</sln:powIIPWersja><sln:powIdTeryt>2008</sln:powIdTeryt><sln:powNazwa>moniecki</sln:powNazwa><sln:waznyOd>2015-06-10T00:00:00+02:00</sln:waznyOd><sln:wojIIPId>53ad7aea-d9d3-40c9-9a5c-ff737d5b076e</sln:wojIIPId><sln:wojIIPPn>PL.PZGIK.200</sln:wojIIPPn><sln:wojIIPWersja>2017-10-10T00:00:00+02:00</sln:wojIIPWersja><sln:wojIdTeryt>20</sln:wojIdTeryt><sln:wojNazwa>podlaskie</sln:wojNazwa></sln:miejscowosc><sln:miejscowosc><sln:cyklZyciaDo>2017-04-12T00:00:00+02:00</sln:cyklZyciaDo><sln:cyklZyciaOd>2015-10-16T00:00:00+02:00</sln:cyklZyciaOd><sln:gmIIPId>be93b4d0-4896-404b-b339-dbb41a4fac51</sln:gmIIPId><sln:gmIIPPn>PL.PZGIK.200</sln:gmIIPPn><sln:gmIIPWersja>2012-09-26T22:15:49+02:00</sln:gmIIPWersja><sln:gmIdTeryt>2008052</sln:gmIdTeryt><sln:gmNazwa>Krypno</sln:gmNazwa><sln:miejscIIPId>abbdd78b-cbeb-4a7d-ba9c-1005f864fd9a</sln:miejscIIPId><sln:miejscIIPPn>PL.PZGIK.200</sln:miejscIIPPn><sln:miejscIIPWersja>2016-11-24T08:41:18+02:00</sln:miejscIIPWersja><sln:miejscIdTeryt>0033063</sln:miejscIdTeryt><sln:miejscNazwa>Ruda</sln:miejscNazwa><sln:miejscRodzaj>Wieś</sln:miejscRodzaj><sln:powIIPId>7de4ed9f-e2ea-4456-9248-bc81a2b79294</sln:powIIPId><sln:powIIPPn>PL.PZGIK.200</sln:powIIPPn><sln:powIIPWersja>2012-09-27T09:26:09+02:00</sln:powIIPWersja><sln:powIdTeryt>2008</sln:powIdTeryt><sln:powNazwa>moniecki</sln:powNazwa><sln:waznyOd>2015-06-10T00:00:00+02:00</sln:waznyOd><sln:wojIIPId>53ad7aea-d9d3-40c9-9a5c-ff737d5b076e</sln:wojIIPId><sln:wojIIPPn>PL.PZGIK.200</sln:wojIIPPn><sln:wojIIPWersja>2017-10-10T00:00:00+02:00</sln:wojIIPWersja><sln:wojIdTeryt>20</sln:wojIdTeryt><sln:wojNazwa>podlaskie</sln:wojNazwa></sln:miejscowosc><sln:miejscowosc><sln:cyklZyciaDo>2017-04-12T00:00:00+02:00</sln:cyklZyciaDo><sln:cyklZyciaOd>2015-10-16T00:00:00+02:00</sln:cyklZyciaOd><sln:gmIIPId>be93b4d0-4896-404b-b339-dbb41a4fac51</sln:gmIIPId><sln:gmIIPPn>PL.PZGIK.200</sln:gmIIPPn><sln:gmIIPWersja>2012-09-26T22:15:49+02:00</sln:gmIIPWersja><sln:gmIdTeryt>2008052</sln:gmIdTeryt><sln:gmNazwa>Krypno</sln:gmNazwa><sln:miejscIIPId>7721014b-0db6-4b8e-944f-9a2bd95b1c79</sln:miejscIIPId><sln:miejscIIPPn>PL.PZGIK.200</sln:miejscIIPPn><sln:miejscIIPWersja>2016-11-24T08:41:18+02:00</sln:miejscIIPWersja><sln:miejscIdTeryt>0033070</sln:miejscIdTeryt><sln:miejscNazwa>Zastocze</sln:miejscNazwa><sln:miejscRodzaj>Wieś</sln:miejscRodzaj><sln:powIIPId>7de4ed9f-e2ea-4456-9248-bc81a2b79294</sln:powIIPId><sln:powIIPPn>PL.PZGIK.200</sln:powIIPPn><sln:powIIPWersja>2012-09-27T09:26:09+02:00</sln:powIIPWersja><sln:powIdTeryt>2008</sln:powIdTeryt><sln:powNazwa>moniecki</sln:powNazwa><sln:waznyOd>2015-06-10T00:00:00+02:00</sln:waznyOd><sln:wojIIPId>53ad7aea-d9d3-40c9-9a5c-ff737d5b076e</sln:wojIIPId><sln:wojIIPPn>PL.PZGIK.200</sln:wojIIPPn><sln:wojIIPWersja>2017-10-10T00:00:00+02:00</sln:wojIIPWersja><sln:wojIdTeryt>20</sln:wojIdTeryt><sln:wojNazwa>podlaskie</sln:wojNazwa></sln:miejscowosc><sln:miejscowosc><sln:cyklZyciaDo>2017-04-12T00:00:00+02:00</sln:cyklZyciaDo><sln:cyklZyciaOd>2015-10-16T00:00:00+02:00</sln:cyklZyciaOd><sln:gmIIPId>be93b4d0-4896-404b-b339-dbb41a4fac51</sln:gmIIPId><sln:gmIIPPn>PL.PZGIK.200</sln:gmIIPPn><sln:gmIIPWersja>2012-09-26T22:15:49+02:00</sln:gmIIPWersja><sln:gmIdTeryt>2008052</sln:gmIdTeryt><sln:gmNazwa>Krypno</sln:gmNazwa><sln:miejscIIPId>41898803-4697-4dc4-a1c6-9bdbf32728bc</sln:miejscIIPId><sln:miejscIIPPn>PL.PZGIK.200</sln:miejscIIPPn><sln:miejscIIPWersja>2016-11-24T08:41:18+02:00</sln:miejscIIPWersja><sln:miejscIdTeryt>0033086</sln:miejscIdTeryt><sln:miejscNazwa>Zygmunty</sln:miejscNazwa><sln:miejscRodzaj>Wieś</sln:miejscRodzaj><sln:powIIPId>7de4ed9f-e2ea-4456-9248-bc81a2b79294</sln:powIIPId><sln:powIIPPn>PL.PZGIK.200</sln:powIIPPn><sln:powIIPWersja>2012-09-27T09:26:09+02:00</sln:powIIPWersja><sln:powIdTeryt>2008</sln:powIdTeryt><sln:powNazwa>moniecki</sln:powNazwa><sln:waznyOd>2015-06-10T00:00:00+02:00</sln:waznyOd><sln:wojIIPId>53ad7aea-d9d3-40c9-9a5c-ff737d5b076e</sln:wojIIPId><sln:wojIIPPn>PL.PZGIK.200</sln:wojIIPPn><sln:wojIIPWersja>2017-10-10T00:00:00+02:00</sln:wojIIPWersja><sln:wojIdTeryt>20</sln:wojIdTeryt><sln:wojNazwa>podlaskie</sln:wojNazwa></sln:miejscowosc><sln:miejscowosc><sln:cyklZyciaOd>2017-04-12T00:00:00+02:00</sln:cyklZyciaOd><sln:gmIIPId>be93b4d0-4896-404b-b339-dbb41a4fac51</sln:gmIIPId><sln:gmIIPPn>PL.PZGIK.200</sln:gmIIPPn><sln:gmIIPWersja>2012-09-26T22:15:49+02:00</sln:gmIIPWersja><sln:gmIdTeryt>2008052</sln:gmIdTeryt><sln:gmNazwa>Krypno</sln:gmNazwa><sln:miejscIIPId>6142d2fd-db59-4d97-ac61-566409689829</sln:miejscIIPId><sln:miejscIIPPn>PL.PZGIK.200</sln:miejscIIPPn><sln:miejscIIPWersja>2017-04-12T14:07:38+02:00</sln:miejscIIPWersja><sln:miejscIdTeryt>0032922</sln:miejscIdTeryt><sln:miejscNazwa>Bajki-Zalesie</sln:miejscNazwa><sln:miejscRodzaj>Wieś</sln:miejscRodzaj><sln:powIIPId>7de4ed9f-e2ea-4456-9248-bc81a2b79294</sln:powIIPId><sln:powIIPPn>PL.PZGIK.200</sln:powIIPPn><sln:powIIPWersja>2012-09-27T09:26:09+02:00</sln:powIIPWersja><sln:powIdTeryt>2008</sln:powIdTeryt><sln:powNazwa>moniecki</sln:powNazwa><sln:waznyOd>2015-06-10T00:00:00+02:00</sln:waznyOd><sln:wojIIPId>53ad7aea-d9d3-40c9-9a5c-ff737d5b076e</sln:wojIIPId><sln:wojIIPPn>PL.PZGIK.200</sln:wojIIPPn><sln:wojIIPWersja>2017-10-10T00:00:00+02:00</sln:wojIIPWersja><sln:wojIdTeryt>20</sln:wojIdTeryt><sln:wojNazwa>podlaskie</sln:wojNazwa></sln:miejscowosc><sln:miejscowosc><sln:cyklZyciaOd>2017-04-12T00:00:00+02:00</sln:cyklZyciaOd><sln:gmIIPId>be93b4d0-4896-404b-b339-dbb41a4fac51</sln:gmIIPId><sln:gmIIPPn>PL.PZGIK.200</sln:gmIIPPn><sln:gmIIPWersja>2012-09-26T22:15:49+02:00</sln:gmIIPWersja><sln:gmIdTeryt>2008052</sln:gmIdTeryt><sln:gmNazwa>Krypno</sln:gmNazwa><sln:miejscIIPId>454c498a-8e09-4175-b275-5fd58d52dc5e</sln:miejscIIPId><sln:miejscIIPPn>PL.PZGIK.200</sln:miejscIIPPn><sln:miejscIIPWersja>2017-04-12T14:07:45+02:00</sln:miejscIIPWersja><sln:miejscIdTeryt>0032939</sln:miejscIdTeryt><sln:miejscNazwa>Białobrzeskie</sln:miejscNazwa><sln:miejscRodzaj>Wieś</sln:miejscRodzaj><sln:powIIPId>7de4ed9f-e2ea-4456-9248-bc81a2b79294</sln:powIIPId><sln:powIIPPn>PL.PZGIK.200</sln:powIIPPn><sln:powIIPWersja>2012-09-27T09:26:09+02:00</sln:powIIPWersja><sln:powIdTeryt>2008</sln:powIdTeryt><sln:powNazwa>moniecki</sln:powNazwa><sln:waznyOd>2015-06-10T00:00:00+02:00</sln:waznyOd><sln:wojIIPId>53ad7aea-d9d3-40c9-9a5c-ff737d5b076e</sln:wojIIPId><sln:wojIIPPn>PL.PZGIK.200</sln:wojIIPPn><sln:wojIIPWersja>2017-10-10T00:00:00+02:00</sln:wojIIPWersja><sln:wojIdTeryt>20</sln:wojIdTeryt><sln:wojNazwa>podlaskie</sln:wojNazwa></sln:miejscowosc><sln:miejscowosc><sln:cyklZyciaOd>2017-04-12T00:00:00+02:00</sln:cyklZyciaOd><sln:gmIIPId>be93b4d0-4896-404b-b339-dbb41a4fac51</sln:gmIIPId><sln:gmIIPPn>PL.PZGIK.200</sln:gmIIPPn><sln:gmIIPWersja>2012-09-26T22:15:49+02:00</sln:gmIIPWersja><sln:gmIdTeryt>2008052</sln:gmIdTeryt><sln:gmNazwa>Krypno</sln:gmNazwa><sln:miejscIIPId>af3ae555-23c4-4453-b419-53c0f5ca7525</sln:miejscIIPId><sln:miejscIIPPn>PL.PZGIK.200</sln:miejscIIPPn><sln:miejscIIPWersja>2017-04-12T14:07:45+02:00</sln:miejscIIPWersja><sln:miejscIdTeryt>0032945</sln:miejscIdTeryt><sln:miejscNazwa>Dębina</sln:miejscNazwa><sln:miejscRodzaj>Wieś</sln:miejscRodzaj><sln:powIIPId>7de4ed9f-e2ea-4456-9248-bc81a2b79294</sln:powIIPId><sln:powIIPPn>PL.PZGIK.200</sln:powIIPPn><sln:powIIPWersja>2012-09-27T09:26:09+02:00</sln:powIIPWersja><sln:powIdTeryt>2008</sln:powIdTeryt><sln:powNazwa>moniecki</sln:powNazwa><sln:waznyOd>2015-06-10T00:00:00+02:00</sln:waznyOd><sln:wojIIPId>53ad7aea-d9d3-40c9-9a5c-ff737d5b076e</sln:wojIIPId><sln:wojIIPPn>PL.PZGIK.200</sln:wojIIPPn><sln:wojIIPWersja>2017-10-10T00:00:00+02:00</sln:wojIIPWersja><sln:wojIdTeryt>20</sln:wojIdTeryt><sln:wojNazwa>podlaskie</sln:wojNazwa></sln:miejscowosc><sln:miejscowosc><sln:cyklZyciaOd>2017-04-12T00:00:00+02:00</sln:cyklZyciaOd><sln:gmIIPId>be93b4d0-4896-404b-b339-dbb41a4fac51</sln:gmIIPId><sln:gmIIPPn>PL.PZGIK.200</sln:gmIIPPn><sln:gmIIPWersja>2012-09-26T22:15:49+02:00</sln:gmIIPWersja><sln:gmIdTeryt>2008052</sln:gmIdTeryt><sln:gmNazwa>Krypno</sln:gmNazwa><sln:miejscIIPId>605a9a9c-fc9f-438e-9e2e-deaf2ce0511f</sln:miejscIIPId><sln:miejscIIPPn>PL.PZGIK.200</sln:miejscIIPPn><sln:miejscIIPWersja>2017-04-12T14:07:45+02:00</sln:miejscIIPWersja><sln:miejscIdTeryt>0032951</sln:miejscIdTeryt><sln:miejscNazwa>Długołęka</sln:miejscNazwa><sln:miejscRodzaj>Wieś</sln:miejscRodzaj><sln:powIIPId>7de4ed9f-e2ea-4456-9248-bc81a2b79294</sln:powIIPId><sln:powIIPPn>PL.PZGIK.200</sln:powIIPPn><sln:powIIPWersja>2012-09-27T09:26:09+02:00</sln:powIIPWersja><sln:powIdTeryt>2008</sln:powIdTeryt><sln:powNazwa>moniecki</sln:powNazwa><sln:waznyOd>2015-06-10T00:00:00+02:00</sln:waznyOd><sln:wojIIPId>53ad7aea-d9d3-40c9-9a5c-ff737d5b076e</sln:wojIIPId><sln:wojIIPPn>PL.PZGIK.200</sln:wojIIPPn><sln:wojIIPWersja>2017-10-10T00:00:00+02:00</sln:wojIIPWersja><sln:wojIdTeryt>20</sln:wojIdTeryt><sln:wojNazwa>podlaskie</sln:wojNazwa></sln:miejscowosc><sln:miejscowosc><sln:cyklZyciaOd>2017-04-12T00:00:00+02:00</sln:cyklZyciaOd><sln:gmIIPId>be93b4d0-4896-404b-b339-dbb41a4fac51</sln:gmIIPId><sln:gmIIPPn>PL.PZGIK.200</sln:gmIIPPn><sln:gmIIPWersja>2012-09-26T22:15:49+02:00</sln:gmIIPWersja><sln:gmIdTeryt>2008052</sln:gmIdTeryt><sln:gmNazwa>Krypno</sln:gmNazwa><sln:miejscIIPId>1e6f2d66-2cd1-4647-a1fb-d9dcac1abaae</sln:miejscIIPId><sln:miejscIIPPn>PL.PZGIK.200</sln:miejscIIPPn><sln:miejscIIPWersja>2017-04-12T14:07:46+02:00</sln:miejscIIPWersja><sln:miejscIdTeryt>0032980</sln:miejscIdTeryt><sln:miejscNazwa>Góra</sln:miejscNazwa><sln:miejscRodzaj>Wieś</sln:miejscRodzaj><sln:powIIPId>7de4ed9f-e2ea-4456-9248-bc81a2b79294</sln:powIIPId><sln:powIIPPn>PL.PZGIK.200</sln:powIIPPn><sln:powIIPWersja>2012-09-27T09:26:09+02:00</sln:powIIPWersja><sln:powIdTeryt>2008</sln:powIdTeryt><sln:powNazwa>moniecki</sln:powNazwa><sln:waznyOd>2015-06-10T00:00:00+02:00</sln:waznyOd><sln:wojIIPId>53ad7aea-d9d3-40c9-9a5c-ff737d5b076e</sln:wojIIPId><sln:wojIIPPn>PL.PZGIK.200</sln:wojIIPPn><sln:wojIIPWersja>2017-10-10T00:00:00+02:00</sln:wojIIPWersja><sln:wojIdTeryt>20</sln:wojIdTeryt><sln:wojNazwa>podlaskie</sln:wojNazwa></sln:miejscowosc><sln:miejscowosc><sln:cyklZyciaOd>2017-04-12T00:00:00+02:00</sln:cyklZyciaOd><sln:gmIIPId>be93b4d0-4896-404b-b339-dbb41a4fac51</sln:gmIIPId><sln:gmIIPPn>PL.PZGIK.200</sln:gmIIPPn><sln:gmIIPWersja>2012-09-26T22:15:49+02:00</sln:gmIIPWersja><sln:gmIdTeryt>2008052</sln:gmIdTeryt><sln:gmNazwa>Krypno</sln:gmNazwa><sln:miejscIIPId>60a101a0-37a3-4530-9bcb-0835c1cd15eb</sln:miejscIIPId><sln:miejscIIPPn>PL.PZGIK.200</sln:miejscIIPPn><sln:miejscIIPWersja>2017-04-12T14:07:46+02:00</sln:miejscIIPWersja><sln:miejscIdTeryt>0032997</sln:miejscIdTeryt><sln:miejscNazwa>Kruszyn</sln:miejscNazwa><sln:miejscRodzaj>Wieś</sln:miejscRodzaj><sln:powIIPId>7de4ed9f-e2ea-4456-9248-bc81a2b79294</sln:powIIPId><sln:powIIPPn>PL.PZGIK.200</sln:powIIPPn><sln:powIIPWersja>2012-09-27T09:26:09+02:00</sln:powIIPWersja><sln:powIdTeryt>2008</sln:powIdTeryt><sln:powNazwa>moniecki</sln:powNazwa><sln:waznyOd>2015-06-10T00:00:00+02:00</sln:waznyOd><sln:wojIIPId>53ad7aea-d9d3-40c9-9a5c-ff737d5b076e</sln:wojIIPId><sln:wojIIPPn>PL.PZGIK.200</sln:wojIIPPn><sln:wojIIPWersja>2017-10-10T00:00:00+02:00</sln:wojIIPWersja><sln:wojIdTeryt>20</sln:wojIdTeryt><sln:wojNazwa>podlaskie</sln:wojNazwa></sln:miejscowosc><sln:miejscowosc><sln:cyklZyciaOd>2017-04-12T00:00:00+02:00</sln:cyklZyciaOd><sln:gmIIPId>be93b4d0-4896-404b-b339-dbb41a4fac51</sln:gmIIPId><sln:gmIIPPn>PL.PZGIK.200</sln:gmIIPPn><sln:gmIIPWersja>2012-09-26T22:15:49+02:00</sln:gmIIPWersja><sln:gmIdTeryt>2008052</sln:gmIdTeryt><sln:gmNazwa>Krypno</sln:gmNazwa><sln:miejscIIPId>641ba36b-3d63-411d-a039-4bef930c3ead</sln:miejscIIPId><sln:miejscIIPPn>PL.PZGIK.200</sln:miejscIIPPn><sln:miejscIIPWersja>2017-04-12T14:07:46+02:00</sln:miejscIIPWersja><sln:miejscIdTeryt>0033005</sln:miejscIdTeryt><sln:miejscNazwa>Krypno Wielkie</sln:miejscNazwa><sln:miejscRodzaj>Wieś</sln:miejscRodzaj><sln:powIIPId>7de4ed9f-e2ea-4456-9248-bc81a2b79294</sln:powIIPId><sln:powIIPPn>PL.PZGIK.200</sln:powIIPPn><sln:powIIPWersja>2012-09-27T09:26:09+02:00</sln:powIIPWersja><sln:powIdTeryt>2008</sln:powIdTeryt><sln:powNazwa>moniecki</sln:powNazwa><sln:waznyOd>2015-06-10T00:00:00+02:00</sln:waznyOd><sln:wojIIPId>53ad7aea-d9d3-40c9-9a5c-ff737d5b076e</sln:wojIIPId><sln:wojIIPPn>PL.PZGIK.200</sln:wojIIPPn><sln:wojIIPWersja>2017-10-10T00:00:00+02:00</sln:wojIIPWersja><sln:wojIdTeryt>20</sln:wojIdTeryt><sln:wojNazwa>podlaskie</sln:wojNazwa></sln:miejscowosc><sln:miejscowosc><sln:cyklZyciaOd>2017-04-12T00:00:00+02:00</sln:cyklZyciaOd><sln:gmIIPId>be93b4d0-4896-404b-b339-dbb41a4fac51</sln:gmIIPId><sln:gmIIPPn>PL.PZGIK.200</sln:gmIIPPn><sln:gmIIPWersja>2012-09-26T22:15:49+02:00</sln:gmIIPWersja><sln:gmIdTeryt>2008052</sln:gmIdTeryt><sln:gmNazwa>Krypno</sln:gmNazwa><sln:miejscIIPId>174f1234-bc88-47f6-8ec4-f07e4cf11bdb</sln:miejscIIPId><sln:miejscIIPPn>PL.PZGIK.200</sln:miejscIIPPn><sln:miejscIIPWersja>2017-04-12T14:07:46+02:00</sln:miejscIIPWersja><sln:miejscIdTeryt>0033011</sln:miejscIdTeryt><sln:miejscNazwa>Krypno Kościelne</sln:miejscNazwa><sln:miejscRodzaj>Wieś</sln:miejscRodzaj><sln:powIIPId>7de4ed9f-e2ea-4456-9248-bc81a2b79294</sln:powIIPId><sln:powIIPPn>PL.PZGIK.200</sln:powIIPPn><sln:powIIPWersja>2012-09-27T09:26:09+02:00</sln:powIIPWersja><sln:powIdTeryt>2008</sln:powIdTeryt><sln:powNazwa>moniecki</sln:powNazwa><sln:waznyOd>2015-06-10T00:00:00+02:00</sln:waznyOd><sln:wojIIPId>53ad7aea-d9d3-40c9-9a5c-ff737d5b076e</sln:wojIIPId><sln:wojIIPPn>PL.PZGIK.200</sln:wojIIPPn><sln:wojIIPWersja>2017-10-10T00:00:00+02:00</sln:wojIIPWersja><sln:wojIdTeryt>20</sln:wojIdTeryt><sln:wojNazwa>podlaskie</sln:wojNazwa></sln:miejscowosc><sln:miejscowosc><sln:cyklZyciaOd>2017-04-12T00:00:00+02:00</sln:cyklZyciaOd><sln:gmIIPId>be93b4d0-4896-404b-b339-dbb41a4fac51</sln:gmIIPId><sln:gmIIPPn>PL.PZGIK.200</sln:gmIIPPn><sln:gmIIPWersja>2012-09-26T22:15:49+02:00</sln:gmIIPWersja><sln:gmIdTeryt>2008052</sln:gmIdTeryt><sln:gmNazwa>Krypno</sln:gmNazwa><sln:miejscIIPId>d39db611-0540-4b6d-8427-7b57dd3e0853</sln:miejscIIPId><sln:miejscIIPPn>PL.PZGIK.200</sln:miejscIIPPn><sln:miejscIIPWersja>2017-04-12T14:07:46+02:00</sln:miejscIIPWersja><sln:miejscIdTeryt>0033028</sln:miejscIdTeryt><sln:miejscNazwa>Kulesze-Chobotki</sln:miejscNazwa><sln:miejscRodzaj>Wieś</sln:miejscRodzaj><sln:powIIPId>7de4ed9f-e2ea-4456-9248-bc81a2b79294</sln:powIIPId><sln:powIIPPn>PL.PZGIK.200</sln:powIIPPn><sln:powIIPWersja>2012-09-27T09:26:09+02:00</sln:powIIPWersja><sln:powIdTeryt>2008</sln:powIdTeryt><sln:powNazwa>moniecki</sln:powNazwa><sln:waznyOd>2015-06-10T00:00:00+02:00</sln:waznyOd><sln:wojIIPId>53ad7aea-d9d3-40c9-9a5c-ff737d5b076e</sln:wojIIPId><sln:wojIIPPn>PL.PZGIK.200</sln:wojIIPPn><sln:wojIIPWersja>2017-10-10T00:00:00+02:00</sln:wojIIPWersja><sln:wojIdTeryt>20</sln:wojIdTeryt><sln:wojNazwa>podlaskie</sln:wojNazwa></sln:miejscowosc><sln:miejscowosc><sln:cyklZyciaOd>2017-04-12T00:00:00+02:00</sln:cyklZyciaOd><sln:gmIIPId>be93b4d0-4896-404b-b339-dbb41a4fac51</sln:gmIIPId><sln:gmIIPPn>PL.PZGIK.200</sln:gmIIPPn><sln:gmIIPWersja>2012-09-26T22:15:49+02:00</sln:gmIIPWersja><sln:gmIdTeryt>2008052</sln:gmIdTeryt><sln:gmNazwa>Krypno</sln:gmNazwa><sln:miejscIIPId>b0b650d6-165d-4f4c-ba35-2f4974a8c795</sln:miejscIIPId><sln:miejscIIPPn>PL.PZGIK.200</sln:miejscIIPPn><sln:miejscIIPWersja>2017-04-12T14:07:46+02:00</sln:miejscIIPWersja><sln:miejscIdTeryt>0033034</sln:miejscIdTeryt><sln:miejscNazwa>Morusy</sln:miejscNazwa><sln:miejscRodzaj>Wieś</sln:miejscRodzaj><sln:powIIPId>7de4ed9f-e2ea-4456-9248-bc81a2b79294</sln:powIIPId><sln:powIIPPn>PL.PZGIK.200</sln:powIIPPn><sln:powIIPWersja>2012-09-27T09:26:09+02:00</sln:powIIPWersja><sln:powIdTeryt>2008</sln:powIdTeryt><sln:powNazwa>moniecki</sln:powNazwa><sln:waznyOd>2015-06-10T00:00:00+02:00</sln:waznyOd><sln:wojIIPId>53ad7aea-d9d3-40c9-9a5c-ff737d5b076e</sln:wojIIPId><sln:wojIIPPn>PL.PZGIK.200</sln:wojIIPPn><sln:wojIIPWersja>2017-10-10T00:00:00+02:00</sln:wojIIPWersja><sln:wojIdTeryt>20</sln:wojIdTeryt><sln:wojNazwa>podlaskie</sln:wojNazwa></sln:miejscowosc><sln:miejscowosc><sln:cyklZyciaOd>2017-04-12T00:00:00+02:00</sln:cyklZyciaOd><sln:gmIIPId>be93b4d0-4896-404b-b339-dbb41a4fac51</sln:gmIIPId><sln:gmIIPPn>PL.PZGIK.200</sln:gmIIPPn><sln:gmIIPWersja>2012-09-26T22:15:49+02:00</sln:gmIIPWersja><sln:gmIdTeryt>2008052</sln:gmIdTeryt><sln:gmNazwa>Krypno</sln:gmNazwa><sln:miejscIIPId>7f57f854-0fa0-4267-bb62-50511f748554</sln:miejscIIPId><sln:miejscIIPPn>PL.PZGIK.200</sln:miejscIIPPn><sln:miejscIIPWersja>2017-04-12T14:07:46+02:00</sln:miejscIIPWersja><sln:miejscIdTeryt>0033040</sln:miejscIdTeryt><sln:miejscNazwa>Peńskie</sln:miejscNazwa><sln:miejscRodzaj>Wieś</sln:miejscRodzaj><sln:powIIPId>7de4ed9f-e2ea-4456-9248-bc81a2b79294</sln:powIIPId><sln:powIIPPn>PL.PZGIK.200</sln:powIIPPn><sln:powIIPWersja>2012-09-27T09:26:09+02:00</sln:powIIPWersja><sln:powIdTeryt>2008</sln:powIdTeryt><sln:powNazwa>moniecki</sln:powNazwa><sln:waznyOd>2015-06-10T00:00:00+02:00</sln:waznyOd><sln:wojIIPId>53ad7aea-d9d3-40c9-9a5c-ff737d5b076e</sln:wojIIPId><sln:wojIIPPn>PL.PZGIK.200</sln:wojIIPPn><sln:wojIIPWersja>2017-10-10T00:00:00+02:00</sln:wojIIPWersja><sln:wojIdTeryt>20</sln:wojIdTeryt><sln:wojNazwa>podlaskie</sln:wojNazwa></sln:miejscowosc><sln:miejscowosc><sln:cyklZyciaOd>2017-04-12T00:00:00+02:00</sln:cyklZyciaOd><sln:gmIIPId>be93b4d0-4896-404b-b339-dbb41a4fac51</sln:gmIIPId><sln:gmIIPPn>PL.PZGIK.200</sln:gmIIPPn><sln:gmIIPWersja>2012-09-26T22:15:49+02:00</sln:gmIIPWersja><sln:gmIdTeryt>2008052</sln:gmIdTeryt><sln:gmNazwa>Krypno</sln:gmNazwa><sln:miejscIIPId>dc94d452-cc6c-44c4-808f-063d00e40c7b</sln:miejscIIPId><sln:miejscIIPPn>PL.PZGIK.200</sln:miejscIIPPn><sln:miejscIIPWersja>2017-04-12T14:07:46+02:00</sln:miejscIIPWersja><sln:miejscIdTeryt>0033057</sln:miejscIdTeryt><sln:miejscNazwa>Rekle</sln:miejscNazwa><sln:miejscRodzaj>Wieś</sln:miejscRodzaj><sln:powIIPId>7de4ed9f-e2ea-4456-9248-bc81a2b79294</sln:powIIPId><sln:powIIPPn>PL.PZGIK.200</sln:powIIPPn><sln:powIIPWersja>2012-09-27T09:26:09+02:00</sln:powIIPWersja><sln:powIdTeryt>2008</sln:powIdTeryt><sln:powNazwa>moniecki</sln:powNazwa><sln:waznyOd>2015-06-10T00:00:00+02:00</sln:waznyOd><sln:wojIIPId>53ad7aea-d9d3-40c9-9a5c-ff737d5b076e</sln:wojIIPId><sln:wojIIPPn>PL.PZGIK.200</sln:wojIIPPn><sln:wojIIPWersja>2017-10-10T00:00:00+02:00</sln:wojIIPWersja><sln:wojIdTeryt>20</sln:wojIdTeryt><sln:wojNazwa>podlaskie</sln:wojNazwa></sln:miejscowosc><sln:miejscowosc><sln:cyklZyciaOd>2017-04-12T00:00:00+02:00</sln:cyklZyciaOd><sln:gmIIPId>be93b4d0-4896-404b-b339-dbb41a4fac51</sln:gmIIPId><sln:gmIIPPn>PL.PZGIK.200</sln:gmIIPPn><sln:gmIIPWersja>2012-09-26T22:15:49+02:00</sln:gmIIPWersja><sln:gmIdTeryt>2008052</sln:gmIdTeryt><sln:gmNazwa>Krypno</sln:gmNazwa><sln:miejscIIPId>abbdd78b-cbeb-4a7d-ba9c-1005f864fd9a</sln:miejscIIPId><sln:miejscIIPPn>PL.PZGIK.200</sln:miejscIIPPn><sln:miejscIIPWersja>2017-04-12T14:07:46+02:00</sln:miejscIIPWersja><sln:miejscIdTeryt>0033063</sln:miejscIdTeryt><sln:miejscNazwa>Ruda</sln:miejscNazwa><sln:miejscRodzaj>Wieś</sln:miejscRodzaj><sln:powIIPId>7de4ed9f-e2ea-4456-9248-bc81a2b79294</sln:powIIPId><sln:powIIPPn>PL.PZGIK.200</sln:powIIPPn><sln:powIIPWersja>2012-09-27T09:26:09+02:00</sln:powIIPWersja><sln:powIdTeryt>2008</sln:powIdTeryt><sln:powNazwa>moniecki</sln:powNazwa><sln:waznyOd>2015-06-10T00:00:00+02:00</sln:waznyOd><sln:wojIIPId>53ad7aea-d9d3-40c9-9a5c-ff737d5b076e</sln:wojIIPId><sln:wojIIPPn>PL.PZGIK.200</sln:wojIIPPn><sln:wojIIPWersja>2017-10-10T00:00:00+02:00</sln:wojIIPWersja><sln:wojIdTeryt>20</sln:wojIdTeryt><sln:wojNazwa>podlaskie</sln:wojNazwa></sln:miejscowosc><sln:miejscowosc><sln:cyklZyciaOd>2017-04-12T00:00:00+02:00</sln:cyklZyciaOd><sln:gmIIPId>be93b4d0-4896-404b-b339-dbb41a4fac51</sln:gmIIPId><sln:gmIIPPn>PL.PZGIK.200</sln:gmIIPPn><sln:gmIIPWersja>2012-09-26T22:15:49+02:00</sln:gmIIPWersja><sln:gmIdTeryt>2008052</sln:gmIdTeryt><sln:gmNazwa>Krypno</sln:gmNazwa><sln:miejscIIPId>7721014b-0db6-4b8e-944f-9a2bd95b1c79</sln:miejscIIPId><sln:miejscIIPPn>PL.PZGIK.200</sln:miejscIIPPn><sln:miejscIIPWersja>2017-04-12T14:07:46+02:00</sln:miejscIIPWersja><sln:miejscIdTeryt>0033070</sln:miejscIdTeryt><sln:miejscNazwa>Zastocze</sln:miejscNazwa><sln:miejscRodzaj>Wieś</sln:miejscRodzaj><sln:powIIPId>7de4ed9f-e2ea-4456-9248-bc81a2b79294</sln:powIIPId><sln:powIIPPn>PL.PZGIK.200</sln:powIIPPn><sln:powIIPWersja>2012-09-27T09:26:09+02:00</sln:powIIPWersja><sln:powIdTeryt>2008</sln:powIdTeryt><sln:powNazwa>moniecki</sln:powNazwa><sln:waznyOd>2015-06-10T00:00:00+02:00</sln:waznyOd><sln:wojIIPId>53ad7aea-d9d3-40c9-9a5c-ff737d5b076e</sln:wojIIPId><sln:wojIIPPn>PL.PZGIK.200</sln:wojIIPPn><sln:wojIIPWersja>2017-10-10T00:00:00+02:00</sln:wojIIPWersja><sln:wojIdTeryt>20</sln:wojIdTeryt><sln:wojNazwa>podlaskie</sln:wojNazwa></sln:miejscowosc><sln:miejscowosc><sln:cyklZyciaOd>2017-04-12T00:00:00+02:00</sln:cyklZyciaOd><sln:gmIIPId>be93b4d0-4896-404b-b339-dbb41a4fac51</sln:gmIIPId><sln:gmIIPPn>PL.PZGIK.200</sln:gmIIPPn><sln:gmIIPWersja>2012-09-26T22:15:49+02:00</sln:gmIIPWersja><sln:gmIdTeryt>2008052</sln:gmIdTeryt><sln:gmNazwa>Krypno</sln:gmNazwa><sln:miejscIIPId>41898803-4697-4dc4-a1c6-9bdbf32728bc</sln:miejscIIPId><sln:miejscIIPPn>PL.PZGIK.200</sln:miejscIIPPn><sln:miejscIIPWersja>2017-04-12T14:07:46+02:00</sln:miejscIIPWersja><sln:miejscIdTeryt>0033086</sln:miejscIdTeryt><sln:miejscNazwa>Zygmunty</sln:miejscNazwa><sln:miejscRodzaj>Wieś</sln:miejscRodzaj><sln:powIIPId>7de4ed9f-e2ea-4456-9248-bc81a2b79294</sln:powIIPId><sln:powIIPPn>PL.PZGIK.200</sln:powIIPPn><sln:powIIPWersja>2012-09-27T09:26:09+02:00</sln:powIIPWersja><sln:powIdTeryt>2008</sln:powIdTeryt><sln:powNazwa>moniecki</sln:powNazwa><sln:waznyOd>2015-06-10T00:00:00+02:00</sln:waznyOd><sln:wojIIPId>53ad7aea-d9d3-40c9-9a5c-ff737d5b076e</sln:wojIIPId><sln:wojIIPPn>PL.PZGIK.200</sln:wojIIPPn><sln:wojIIPWersja>2017-10-10T00:00:00+02:00</sln:wojIIPWersja><sln:wojIdTeryt>20</sln:wojIdTeryt><sln:wojNazwa>podlaskie</sln:wojNazwa></sln:miejscowosc></sln:lista-miejscowosci>