<?xml version="1.0" encoding="UTF-8" standalone="yes"?><sln:lista-miejscowosci xmlns:srv="http://gugik.gov.pl/schemas/slowniki-service/1.0" xmlns:sln="http://gugik.gov.pl/schemas/slowniki-schema/1.0"><sln:miejscowosc><sln:cyklZyciaOd>2015-04-27T00:00:00+02:00</sln:cyklZyciaOd><sln:gmIIPId>099a40ab-37ad-4932-92f0-9c35fb6667bc</sln:gmIIPId><sln:gmIIPPn>PL.PZGIK.200</sln:gmIIPPn><sln:gmIIPWersja>2012-09-26T22:15:21+02:00</sln:gmIIPWersja><sln:gmIdTeryt>2004032</sln:gmIdTeryt><sln:gmNazwa>Radziłów</sln:gmNazwa><sln:miejscIIPId>e4eda948-4bce-4344-8d4f-493cdc890cae</sln:miejscIIPId><sln:miejscIIPPn>PL.PZGIK.200</sln:miejscIIPPn><sln:miejscIIPWersja>2016-11-24T13:50:50+02:00</sln:miejscIIPWersja><sln:miejscIdTeryt>0404750</sln:miejscIdTeryt><sln:miejscNazwa>Czaple</sln:miejscNazwa><sln:miejscRodzaj>Inny obiekt</sln:miejscRodzaj><sln:powIIPId>617d8c92-7cef-423d-bc3c-9753ef5a6aa3</sln:powIIPId><sln:powIIPPn>PL.PZGIK.200</sln:powIIPPn><sln:powIIPWersja>2012-09-27T09:26:09+02:00</sln:powIIPWersja><sln:powIdTeryt>2004</sln:powIdTeryt><sln:powNazwa>grajewski</sln:powNazwa><sln:wojIIPId>53ad7aea-d9d3-40c9-9a5c-ff737d5b076e</sln:wojIIPId><sln:wojIIPPn>PL.PZGIK.200</sln:wojIIPPn><sln:wojIIPWersja>2017-10-10T00:00:00+02:00</sln:wojIIPWersja><sln:wojIdTeryt>20</sln:wojIdTeryt><sln:wojNazwa>podlaskie</sln:wojNazwa></sln:miejscowosc><sln:miejscowosc><sln:cyklZyciaOd>2015-04-27T00:00:00+02:00</sln:cyklZyciaOd><sln:gmIIPId>099a40ab-37ad-4932-92f0-9c35fb6667bc</sln:gmIIPId><sln:gmIIPPn>PL.PZGIK.200</sln:gmIIPPn><sln:gmIIPWersja>2012-09-26T22:15:21+02:00</sln:gmIIPWersja><sln:gmIdTeryt>2004032</sln:gmIdTeryt><sln:gmNazwa>Radziłów</sln:gmNazwa><sln:miejscIIPId>7834c66a-2895-4230-9815-80bc1265a0d6</sln:miejscIIPId><sln:miejscIIPPn>PL.PZGIK.200</sln:miejscIIPPn><sln:miejscIIPWersja>2016-11-24T13:32:00+02:00</sln:miejscIIPWersja><sln:miejscIdTeryt>0404690</sln:miejscIdTeryt><sln:miejscNazwa>Szlasy</sln:miejscNazwa><sln:miejscRodzaj>Wieś</sln:miejscRodzaj><sln:powIIPId>617d8c92-7cef-423d-bc3c-9753ef5a6aa3</sln:powIIPId><sln:powIIPPn>PL.PZGIK.200</sln:powIIPPn><sln:powIIPWersja>2012-09-27T09:26:09+02:00</sln:powIIPWersja><sln:powIdTeryt>2004</sln:powIdTeryt><sln:powNazwa>grajewski</sln:powNazwa><sln:wojIIPId>53ad7aea-d9d3-40c9-9a5c-ff737d5b076e</sln:wojIIPId><sln:wojIIPPn>PL.PZGIK.200</sln:wojIIPPn><sln:wojIIPWersja>2017-10-10T00:00:00+02:00</sln:wojIIPWersja><sln:wojIdTeryt>20</sln:wojIdTeryt><sln:wojNazwa>podlaskie</sln:wojNazwa></sln:miejscowosc><sln:miejscowosc><sln:cyklZyciaOd>2015-04-27T00:00:00+02:00</sln:cyklZyciaOd><sln:gmIIPId>099a40ab-37ad-4932-92f0-9c35fb6667bc</sln:gmIIPId><sln:gmIIPPn>PL.PZGIK.200</sln:gmIIPPn><sln:gmIIPWersja>2012-09-26T22:15:21+02:00</sln:gmIIPWersja><sln:gmIdTeryt>2004032</sln:gmIdTeryt><sln:gmNazwa>Radziłów</sln:gmNazwa><sln:miejscIIPId>6c36c130-a13c-4768-97f9-bf234136f550</sln:miejscIIPId><sln:miejscIIPPn>PL.PZGIK.200</sln:miejscIIPPn><sln:miejscIIPWersja>2016-11-24T13:44:14+02:00</sln:miejscIIPWersja><sln:miejscIdTeryt>0404594</sln:miejscIdTeryt><sln:miejscNazwa>Ostrowik</sln:miejscNazwa><sln:miejscRodzaj>Wieś</sln:miejscRodzaj><sln:powIIPId>617d8c92-7cef-423d-bc3c-9753ef5a6aa3</sln:powIIPId><sln:powIIPPn>PL.PZGIK.200</sln:powIIPPn><sln:powIIPWersja>2012-09-27T09:26:09+02:00</sln:powIIPWersja><sln:powIdTeryt>2004</sln:powIdTeryt><sln:powNazwa>grajewski</sln:powNazwa><sln:wojIIPId>53ad7aea-d9d3-40c9-9a5c-ff737d5b076e</sln:wojIIPId><sln:wojIIPPn>PL.PZGIK.200</sln:wojIIPPn><sln:wojIIPWersja>2017-10-10T00:00:00+02:00</sln:wojIIPWersja><sln:wojIdTeryt>20</sln:wojIdTeryt><sln:wojNazwa>podlaskie</sln:wojNazwa></sln:miejscowosc><sln:miejscowosc><sln:cyklZyciaOd>2015-04-27T00:00:00+02:00</sln:cyklZyciaOd><sln:gmIIPId>099a40ab-37ad-4932-92f0-9c35fb6667bc</sln:gmIIPId><sln:gmIIPPn>PL.PZGIK.200</sln:gmIIPPn><sln:gmIIPWersja>2012-09-26T22:15:21+02:00</sln:gmIIPWersja><sln:gmIdTeryt>2004032</sln:gmIdTeryt><sln:gmNazwa>Radziłów</sln:gmNazwa><sln:miejscIIPId>f732d706-a47f-4845-8f71-e1750aa3e451</sln:miejscIIPId><sln:miejscIIPPn>PL.PZGIK.200</sln:miejscIIPPn><sln:miejscIIPWersja>2016-11-24T13:58:01+02:00</sln:miejscIIPWersja><sln:miejscIdTeryt>0404358</sln:miejscIdTeryt><sln:miejscNazwa>Borawskie-Awissa-Kolonia</sln:miejscNazwa><sln:miejscRodzaj>Kolonia</sln:miejscRodzaj><sln:powIIPId>617d8c92-7cef-423d-bc3c-9753ef5a6aa3</sln:powIIPId><sln:powIIPPn>PL.PZGIK.200</sln:powIIPPn><sln:powIIPWersja>2012-09-27T09:26:09+02:00</sln:powIIPWersja><sln:powIdTeryt>2004</sln:powIdTeryt><sln:powNazwa>grajewski</sln:powNazwa><sln:wojIIPId>53ad7aea-d9d3-40c9-9a5c-ff737d5b076e</sln:wojIIPId><sln:wojIIPPn>PL.PZGIK.200</sln:wojIIPPn><sln:wojIIPWersja>2017-10-10T00:00:00+02:00</sln:wojIIPWersja><sln:wojIdTeryt>20</sln:wojIdTeryt><sln:wojNazwa>podlaskie</sln:wojNazwa></sln:miejscowosc><sln:miejscowosc><sln:cyklZyciaOd>2015-04-27T00:00:00+02:00</sln:cyklZyciaOd><sln:gmIIPId>099a40ab-37ad-4932-92f0-9c35fb6667bc</sln:gmIIPId><sln:gmIIPPn>PL.PZGIK.200</sln:gmIIPPn><sln:gmIIPWersja>2012-09-26T22:15:21+02:00</sln:gmIIPWersja><sln:gmIdTeryt>2004032</sln:gmIdTeryt><sln:gmNazwa>Radziłów</sln:gmNazwa><sln:miejscIIPId>c6cbf4b4-9587-4ac9-b7bd-1e480f56299c</sln:miejscIIPId><sln:miejscIIPPn>PL.PZGIK.200</sln:miejscIIPPn><sln:miejscIIPWersja>2016-11-24T13:42:17+02:00</sln:miejscIIPWersja><sln:miejscIdTeryt>0404565</sln:miejscIdTeryt><sln:miejscNazwa>Mikuty</sln:miejscNazwa><sln:miejscRodzaj>Wieś</sln:miejscRodzaj><sln:powIIPId>617d8c92-7cef-423d-bc3c-9753ef5a6aa3</sln:powIIPId><sln:powIIPPn>PL.PZGIK.200</sln:powIIPPn><sln:powIIPWersja>2012-09-27T09:26:09+02:00</sln:powIIPWersja><sln:powIdTeryt>2004</sln:powIdTeryt><sln:powNazwa>grajewski</sln:powNazwa><sln:wojIIPId>53ad7aea-d9d3-40c9-9a5c-ff737d5b076e</sln:wojIIPId><sln:wojIIPPn>PL.PZGIK.200</sln:wojIIPPn><sln:wojIIPWersja>2017-10-10T00:00:00+02:00</sln:wojIIPWersja><sln:wojIdTeryt>20</sln:wojIdTeryt><sln:wojNazwa>podlaskie</sln:wojNazwa></sln:miejscowosc><sln:miejscowosc><sln:cyklZyciaOd>2015-04-27T00:00:00+02:00</sln:cyklZyciaOd><sln:gmIIPId>099a40ab-37ad-4932-92f0-9c35fb6667bc</sln:gmIIPId><sln:gmIIPPn>PL.PZGIK.200</sln:gmIIPPn><sln:gmIIPWersja>2012-09-26T22:15:21+02:00</sln:gmIIPWersja><sln:gmIdTeryt>2004032</sln:gmIdTeryt><sln:gmNazwa>Radziłów</sln:gmNazwa><sln:miejscIIPId>a1539b54-302d-4b41-a871-394aa5f2ea62</sln:miejscIIPId><sln:miejscIIPPn>PL.PZGIK.200</sln:miejscIIPPn><sln:miejscIIPWersja>2016-11-24T13:39:15+02:00</sln:miejscIIPWersja><sln:miejscIdTeryt>0404453</sln:miejscIdTeryt><sln:miejscNazwa>Karwowo</sln:miejscNazwa><sln:miejscRodzaj>Wieś</sln:miejscRodzaj><sln:powIIPId>617d8c92-7cef-423d-bc3c-9753ef5a6aa3</sln:powIIPId><sln:powIIPPn>PL.PZGIK.200</sln:powIIPPn><sln:powIIPWersja>2012-09-27T09:26:09+02:00</sln:powIIPWersja><sln:powIdTeryt>2004</sln:powIdTeryt><sln:powNazwa>grajewski</sln:powNazwa><sln:wojIIPId>53ad7aea-d9d3-40c9-9a5c-ff737d5b076e</sln:wojIIPId><sln:wojIIPPn>PL.PZGIK.200</sln:wojIIPPn><sln:wojIIPWersja>2017-10-10T00:00:00+02:00</sln:wojIIPWersja><sln:wojIdTeryt>20</sln:wojIdTeryt><sln:wojNazwa>podlaskie</sln:wojNazwa></sln:miejscowosc><sln:miejscowosc><sln:cyklZyciaOd>2015-04-27T00:00:00+02:00</sln:cyklZyciaOd><sln:gmIIPId>099a40ab-37ad-4932-92f0-9c35fb6667bc</sln:gmIIPId><sln:gmIIPPn>PL.PZGIK.200</sln:gmIIPPn><sln:gmIIPWersja>2012-09-26T22:15:21+02:00</sln:gmIIPWersja><sln:gmIdTeryt>2004032</sln:gmIdTeryt><sln:gmNazwa>Radziłów</sln:gmNazwa><sln:miejscIIPId>9ae3dacd-f2bf-4eb1-87a9-74d216d02f05</sln:miejscIIPId><sln:miejscIIPPn>PL.PZGIK.200</sln:miejscIIPPn><sln:miejscIIPWersja>2016-11-24T13:38:31+02:00</sln:miejscIIPWersja><sln:miejscIdTeryt>0404447</sln:miejscIdTeryt><sln:miejscNazwa>Janowo</sln:miejscNazwa><sln:miejscRodzaj>Wieś</sln:miejscRodzaj><sln:powIIPId>617d8c92-7cef-423d-bc3c-9753ef5a6aa3</sln:powIIPId><sln:powIIPPn>PL.PZGIK.200</sln:powIIPPn><sln:powIIPWersja>2012-09-27T09:26:09+02:00</sln:powIIPWersja><sln:powIdTeryt>2004</sln:powIdTeryt><sln:powNazwa>grajewski</sln:powNazwa><sln:wojIIPId>53ad7aea-d9d3-40c9-9a5c-ff737d5b076e</sln:wojIIPId><sln:wojIIPPn>PL.PZGIK.200</sln:wojIIPPn><sln:wojIIPWersja>2017-10-10T00:00:00+02:00</sln:wojIIPWersja><sln:wojIdTeryt>20</sln:wojIdTeryt><sln:wojNazwa>podlaskie</sln:wojNazwa></sln:miejscowosc><sln:miejscowosc><sln:cyklZyciaOd>2015-04-27T00:00:00+02:00</sln:cyklZyciaOd><sln:gmIIPId>099a40ab-37ad-4932-92f0-9c35fb6667bc</sln:gmIIPId><sln:gmIIPPn>PL.PZGIK.200</sln:gmIIPPn><sln:gmIIPWersja>2012-09-26T22:15:21+02:00</sln:gmIIPWersja><sln:gmIdTeryt>2004032</sln:gmIdTeryt><sln:gmNazwa>Radziłów</sln:gmNazwa><sln:miejscIIPId>068d1c1f-cbdc-4629-afa7-2ff9cb91798d</sln:miejscIIPId><sln:miejscIIPPn>PL.PZGIK.200</sln:miejscIIPPn><sln:miejscIIPWersja>2016-11-24T13:40:09+02:00</sln:miejscIIPWersja><sln:miejscIdTeryt>0404536</sln:miejscIdTeryt><sln:miejscNazwa>Kramarzewo</sln:miejscNazwa><sln:miejscRodzaj>Wieś</sln:miejscRodzaj><sln:powIIPId>617d8c92-7cef-423d-bc3c-9753ef5a6aa3</sln:powIIPId><sln:powIIPPn>PL.PZGIK.200</sln:powIIPPn><sln:powIIPWersja>2012-09-27T09:26:09+02:00</sln:powIIPWersja><sln:powIdTeryt>2004</sln:powIdTeryt><sln:powNazwa>grajewski</sln:powNazwa><sln:wojIIPId>53ad7aea-d9d3-40c9-9a5c-ff737d5b076e</sln:wojIIPId><sln:wojIIPPn>PL.PZGIK.200</sln:wojIIPPn><sln:wojIIPWersja>2017-10-10T00:00:00+02:00</sln:wojIIPWersja><sln:wojIdTeryt>20</sln:wojIdTeryt><sln:wojNazwa>podlaskie</sln:wojNazwa></sln:miejscowosc><sln:miejscowosc><sln:cyklZyciaOd>2015-04-27T00:00:00+02:00</sln:cyklZyciaOd><sln:gmIIPId>099a40ab-37ad-4932-92f0-9c35fb6667bc</sln:gmIIPId><sln:gmIIPPn>PL.PZGIK.200</sln:gmIIPPn><sln:gmIIPWersja>2012-09-26T22:15:21+02:00</sln:gmIIPWersja><sln:gmIdTeryt>2004032</sln:gmIdTeryt><sln:gmNazwa>Radziłów</sln:gmNazwa><sln:miejscIIPId>d3fb9f27-4e56-4b01-a809-de5df82eec3c</sln:miejscIIPId><sln:miejscIIPPn>PL.PZGIK.200</sln:miejscIIPPn><sln:miejscIIPWersja>2016-11-24T13:39:45+02:00</sln:miejscIIPWersja><sln:miejscIdTeryt>0404507</sln:miejscIdTeryt><sln:miejscNazwa>Konopki</sln:miejscNazwa><sln:miejscRodzaj>Wieś</sln:miejscRodzaj><sln:powIIPId>617d8c92-7cef-423d-bc3c-9753ef5a6aa3</sln:powIIPId><sln:powIIPPn>PL.PZGIK.200</sln:powIIPPn><sln:powIIPWersja>2012-09-27T09:26:09+02:00</sln:powIIPWersja><sln:powIdTeryt>2004</sln:powIdTeryt><sln:powNazwa>grajewski</sln:powNazwa><sln:wojIIPId>53ad7aea-d9d3-40c9-9a5c-ff737d5b076e</sln:wojIIPId><sln:wojIIPPn>PL.PZGIK.200</sln:wojIIPPn><sln:wojIIPWersja>2017-10-10T00:00:00+02:00</sln:wojIIPWersja><sln:wojIdTeryt>20</sln:wojIdTeryt><sln:wojNazwa>podlaskie</sln:wojNazwa></sln:miejscowosc><sln:miejscowosc><sln:cyklZyciaOd>2015-04-27T00:00:00+02:00</sln:cyklZyciaOd><sln:gmIIPId>099a40ab-37ad-4932-92f0-9c35fb6667bc</sln:gmIIPId><sln:gmIIPPn>PL.PZGIK.200</sln:gmIIPPn><sln:gmIIPWersja>2012-09-26T22:15:21+02:00</sln:gmIIPWersja><sln:gmIdTeryt>2004032</sln:gmIdTeryt><sln:gmNazwa>Radziłów</sln:gmNazwa><sln:miejscIIPId>9d53ef2f-4234-4268-a3f8-3835816a2d05</sln:miejscIIPId><sln:miejscIIPPn>PL.PZGIK.200</sln:miejscIIPPn><sln:miejscIIPWersja>2016-11-24T13:35:43+02:00</sln:miejscIIPWersja><sln:miejscIdTeryt>0404393</sln:miejscIdTeryt><sln:miejscNazwa>Czachy</sln:miejscNazwa><sln:miejscRodzaj>Wieś</sln:miejscRodzaj><sln:powIIPId>617d8c92-7cef-423d-bc3c-9753ef5a6aa3</sln:powIIPId><sln:powIIPPn>PL.PZGIK.200</sln:powIIPPn><sln:powIIPWersja>2012-09-27T09:26:09+02:00</sln:powIIPWersja><sln:powIdTeryt>2004</sln:powIdTeryt><sln:powNazwa>grajewski</sln:powNazwa><sln:wojIIPId>53ad7aea-d9d3-40c9-9a5c-ff737d5b076e</sln:wojIIPId><sln:wojIIPPn>PL.PZGIK.200</sln:wojIIPPn><sln:wojIIPWersja>2017-10-10T00:00:00+02:00</sln:wojIIPWersja><sln:wojIdTeryt>20</sln:wojIdTeryt><sln:wojNazwa>podlaskie</sln:wojNazwa></sln:miejscowosc><sln:miejscowosc><sln:cyklZyciaOd>2015-04-27T00:00:00+02:00</sln:cyklZyciaOd><sln:gmIIPId>099a40ab-37ad-4932-92f0-9c35fb6667bc</sln:gmIIPId><sln:gmIIPPn>PL.PZGIK.200</sln:gmIIPPn><sln:gmIIPWersja>2012-09-26T22:15:21+02:00</sln:gmIIPWersja><sln:gmIdTeryt>2004032</sln:gmIdTeryt><sln:gmNazwa>Radziłów</sln:gmNazwa><sln:miejscIIPId>f4b6318d-a1d0-430a-86e4-9a4c8d1b2039</sln:miejscIIPId><sln:miejscIIPPn>PL.PZGIK.200</sln:miejscIIPPn><sln:miejscIIPWersja>2016-11-24T13:35:56+02:00</sln:miejscIIPWersja><sln:miejscIdTeryt>0404401</sln:miejscIdTeryt><sln:miejscNazwa>Czerwonki</sln:miejscNazwa><sln:miejscRodzaj>Wieś</sln:miejscRodzaj><sln:powIIPId>617d8c92-7cef-423d-bc3c-9753ef5a6aa3</sln:powIIPId><sln:powIIPPn>PL.PZGIK.200</sln:powIIPPn><sln:powIIPWersja>2012-09-27T09:26:09+02:00</sln:powIIPWersja><sln:powIdTeryt>2004</sln:powIdTeryt><sln:powNazwa>grajewski</sln:powNazwa><sln:wojIIPId>53ad7aea-d9d3-40c9-9a5c-ff737d5b076e</sln:wojIIPId><sln:wojIIPPn>PL.PZGIK.200</sln:wojIIPPn><sln:wojIIPWersja>2017-10-10T00:00:00+02:00</sln:wojIIPWersja><sln:wojIdTeryt>20</sln:wojIdTeryt><sln:wojNazwa>podlaskie</sln:wojNazwa></sln:miejscowosc><sln:miejscowosc><sln:cyklZyciaOd>2015-04-27T00:00:00+02:00</sln:cyklZyciaOd><sln:gmIIPId>099a40ab-37ad-4932-92f0-9c35fb6667bc</sln:gmIIPId><sln:gmIIPPn>PL.PZGIK.200</sln:gmIIPPn><sln:gmIIPWersja>2012-09-26T22:15:21+02:00</sln:gmIIPWersja><sln:gmIdTeryt>2004032</sln:gmIdTeryt><sln:gmNazwa>Radziłów</sln:gmNazwa><sln:miejscIIPId>d8234cef-f336-46b1-91ad-7567cc9db6c9</sln:miejscIIPId><sln:miejscIIPPn>PL.PZGIK.200</sln:miejscIIPPn><sln:miejscIIPWersja>2016-11-24T13:37:08+02:00</sln:miejscIIPWersja><sln:miejscIdTeryt>0404335</sln:miejscIdTeryt><sln:miejscNazwa>Barwiki</sln:miejscNazwa><sln:miejscRodzaj>Wieś</sln:miejscRodzaj><sln:powIIPId>617d8c92-7cef-423d-bc3c-9753ef5a6aa3</sln:powIIPId><sln:powIIPPn>PL.PZGIK.200</sln:powIIPPn><sln:powIIPWersja>2012-09-27T09:26:09+02:00</sln:powIIPWersja><sln:powIdTeryt>2004</sln:powIdTeryt><sln:powNazwa>grajewski</sln:powNazwa><sln:wojIIPId>53ad7aea-d9d3-40c9-9a5c-ff737d5b076e</sln:wojIIPId><sln:wojIIPPn>PL.PZGIK.200</sln:wojIIPPn><sln:wojIIPWersja>2017-10-10T00:00:00+02:00</sln:wojIIPWersja><sln:wojIdTeryt>20</sln:wojIdTeryt><sln:wojNazwa>podlaskie</sln:wojNazwa></sln:miejscowosc><sln:miejscowosc><sln:cyklZyciaOd>2015-04-27T00:00:00+02:00</sln:cyklZyciaOd><sln:gmIIPId>099a40ab-37ad-4932-92f0-9c35fb6667bc</sln:gmIIPId><sln:gmIIPPn>PL.PZGIK.200</sln:gmIIPPn><sln:gmIIPWersja>2012-09-26T22:15:21+02:00</sln:gmIIPWersja><sln:gmIdTeryt>2004032</sln:gmIdTeryt><sln:gmNazwa>Radziłów</sln:gmNazwa><sln:miejscIIPId>a271f340-2d20-433b-a17b-0cfde126063a</sln:miejscIIPId><sln:miejscIIPPn>PL.PZGIK.200</sln:miejscIIPPn><sln:miejscIIPWersja>2016-11-24T13:37:18+02:00</sln:miejscIIPWersja><sln:miejscIdTeryt>0404430</sln:miejscIdTeryt><sln:miejscNazwa>Glinki</sln:miejscNazwa><sln:miejscRodzaj>Wieś</sln:miejscRodzaj><sln:powIIPId>617d8c92-7cef-423d-bc3c-9753ef5a6aa3</sln:powIIPId><sln:powIIPPn>PL.PZGIK.200</sln:powIIPPn><sln:powIIPWersja>2012-09-27T09:26:09+02:00</sln:powIIPWersja><sln:powIdTeryt>2004</sln:powIdTeryt><sln:powNazwa>grajewski</sln:powNazwa><sln:wojIIPId>53ad7aea-d9d3-40c9-9a5c-ff737d5b076e</sln:wojIIPId><sln:wojIIPPn>PL.PZGIK.200</sln:wojIIPPn><sln:wojIIPWersja>2017-10-10T00:00:00+02:00</sln:wojIIPWersja><sln:wojIdTeryt>20</sln:wojIdTeryt><sln:wojNazwa>podlaskie</sln:wojNazwa></sln:miejscowosc><sln:miejscowosc><sln:cyklZyciaOd>2015-04-27T00:00:00+02:00</sln:cyklZyciaOd><sln:gmIIPId>099a40ab-37ad-4932-92f0-9c35fb6667bc</sln:gmIIPId><sln:gmIIPPn>PL.PZGIK.200</sln:gmIIPPn><sln:gmIIPWersja>2012-09-26T22:15:21+02:00</sln:gmIIPWersja><sln:gmIdTeryt>2004032</sln:gmIdTeryt><sln:gmNazwa>Radziłów</sln:gmNazwa><sln:miejscIIPId>4eb1277a-48ef-484d-ba8e-e90448037a0d</sln:miejscIIPId><sln:miejscIIPPn>PL.PZGIK.200</sln:miejscIIPPn><sln:miejscIIPWersja>2016-11-24T13:30:48+02:00</sln:miejscIIPWersja><sln:miejscIdTeryt>0404660</sln:miejscIdTeryt><sln:miejscNazwa>Słucz</sln:miejscNazwa><sln:miejscRodzaj>Wieś</sln:miejscRodzaj><sln:powIIPId>617d8c92-7cef-423d-bc3c-9753ef5a6aa3</sln:powIIPId><sln:powIIPPn>PL.PZGIK.200</sln:powIIPPn><sln:powIIPWersja>2012-09-27T09:26:09+02:00</sln:powIIPWersja><sln:powIdTeryt>2004</sln:powIdTeryt><sln:powNazwa>grajewski</sln:powNazwa><sln:wojIIPId>53ad7aea-d9d3-40c9-9a5c-ff737d5b076e</sln:wojIIPId><sln:wojIIPPn>PL.PZGIK.200</sln:wojIIPPn><sln:wojIIPWersja>2017-10-10T00:00:00+02:00</sln:wojIIPWersja><sln:wojIdTeryt>20</sln:wojIdTeryt><sln:wojNazwa>podlaskie</sln:wojNazwa></sln:miejscowosc><sln:miejscowosc><sln:cyklZyciaOd>2015-04-27T00:00:00+02:00</sln:cyklZyciaOd><sln:gmIIPId>099a40ab-37ad-4932-92f0-9c35fb6667bc</sln:gmIIPId><sln:gmIIPPn>PL.PZGIK.200</sln:gmIIPPn><sln:gmIIPWersja>2012-09-26T22:15:21+02:00</sln:gmIIPWersja><sln:gmIdTeryt>2004032</sln:gmIdTeryt><sln:gmNazwa>Radziłów</sln:gmNazwa><sln:miejscIIPId>8e917167-6eef-4fd1-9a82-9d3d0e909fe9</sln:miejscIIPId><sln:miejscIIPPn>PL.PZGIK.200</sln:miejscIIPPn><sln:miejscIIPWersja>2016-11-24T13:33:05+02:00</sln:miejscIIPWersja><sln:miejscIdTeryt>0404720</sln:miejscIdTeryt><sln:miejscNazwa>Wiązownica</sln:miejscNazwa><sln:miejscRodzaj>Wieś</sln:miejscRodzaj><sln:powIIPId>617d8c92-7cef-423d-bc3c-9753ef5a6aa3</sln:powIIPId><sln:powIIPPn>PL.PZGIK.200</sln:powIIPPn><sln:powIIPWersja>2012-09-27T09:26:09+02:00</sln:powIIPWersja><sln:powIdTeryt>2004</sln:powIdTeryt><sln:powNazwa>grajewski</sln:powNazwa><sln:wojIIPId>53ad7aea-d9d3-40c9-9a5c-ff737d5b076e</sln:wojIIPId><sln:wojIIPPn>PL.PZGIK.200</sln:wojIIPPn><sln:wojIIPWersja>2017-10-10T00:00:00+02:00</sln:wojIIPWersja><sln:wojIdTeryt>20</sln:wojIdTeryt><sln:wojNazwa>podlaskie</sln:wojNazwa></sln:miejscowosc><sln:miejscowosc><sln:cyklZyciaOd>2015-04-27T00:00:00+02:00</sln:cyklZyciaOd><sln:gmIIPId>099a40ab-37ad-4932-92f0-9c35fb6667bc</sln:gmIIPId><sln:gmIIPPn>PL.PZGIK.200</sln:gmIIPPn><sln:gmIIPWersja>2012-09-26T22:15:21+02:00</sln:gmIIPWersja><sln:gmIdTeryt>2004032</sln:gmIdTeryt><sln:gmNazwa>Radziłów</sln:gmNazwa><sln:miejscIIPId>f09ec3c5-87ae-48c5-ac49-ba33d29f6a17</sln:miejscIIPId><sln:miejscIIPPn>PL.PZGIK.200</sln:miejscIIPPn><sln:miejscIIPWersja>2016-11-24T13:36:17+02:00</sln:miejscIIPWersja><sln:miejscIdTeryt>0404418</sln:miejscIdTeryt><sln:miejscNazwa>Dębówka</sln:miejscNazwa><sln:miejscRodzaj>Wieś</sln:miejscRodzaj><sln:powIIPId>617d8c92-7cef-423d-bc3c-9753ef5a6aa3</sln:powIIPId><sln:powIIPPn>PL.PZGIK.200</sln:powIIPPn><sln:powIIPWersja>2012-09-27T09:26:09+02:00</sln:powIIPWersja><sln:powIdTeryt>2004</sln:powIdTeryt><sln:powNazwa>grajewski</sln:powNazwa><sln:wojIIPId>53ad7aea-d9d3-40c9-9a5c-ff737d5b076e</sln:wojIIPId><sln:wojIIPPn>PL.PZGIK.200</sln:wojIIPPn><sln:wojIIPWersja>2017-10-10T00:00:00+02:00</sln:wojIIPWersja><sln:wojIdTeryt>20</sln:wojIdTeryt><sln:wojNazwa>podlaskie</sln:wojNazwa></sln:miejscowosc><sln:miejscowosc><sln:cyklZyciaOd>2015-04-27T00:00:00+02:00</sln:cyklZyciaOd><sln:gmIIPId>099a40ab-37ad-4932-92f0-9c35fb6667bc</sln:gmIIPId><sln:gmIIPPn>PL.PZGIK.200</sln:gmIIPPn><sln:gmIIPWersja>2012-09-26T22:15:21+02:00</sln:gmIIPWersja><sln:gmIdTeryt>2004032</sln:gmIdTeryt><sln:gmNazwa>Radziłów</sln:gmNazwa><sln:miejscIIPId>c43444b5-fdf5-43c1-9126-ebad3a120041</sln:miejscIIPId><sln:miejscIIPPn>PL.PZGIK.200</sln:miejscIIPPn><sln:miejscIIPWersja>2016-11-24T13:39:23+02:00</sln:miejscIIPWersja><sln:miejscIdTeryt>0404460</sln:miejscIdTeryt><sln:miejscNazwa>Kieljany</sln:miejscNazwa><sln:miejscRodzaj>Wieś</sln:miejscRodzaj><sln:powIIPId>617d8c92-7cef-423d-bc3c-9753ef5a6aa3</sln:powIIPId><sln:powIIPPn>PL.PZGIK.200</sln:powIIPPn><sln:powIIPWersja>2012-09-27T09:26:09+02:00</sln:powIIPWersja><sln:powIdTeryt>2004</sln:powIdTeryt><sln:powNazwa>grajewski</sln:powNazwa><sln:wojIIPId>53ad7aea-d9d3-40c9-9a5c-ff737d5b076e</sln:wojIIPId><sln:wojIIPPn>PL.PZGIK.200</sln:wojIIPPn><sln:wojIIPWersja>2017-10-10T00:00:00+02:00</sln:wojIIPWersja><sln:wojIdTeryt>20</sln:wojIdTeryt><sln:wojNazwa>podlaskie</sln:wojNazwa></sln:miejscowosc><sln:miejscowosc><sln:cyklZyciaOd>2015-04-27T00:00:00+02:00</sln:cyklZyciaOd><sln:gmIIPId>099a40ab-37ad-4932-92f0-9c35fb6667bc</sln:gmIIPId><sln:gmIIPPn>PL.PZGIK.200</sln:gmIIPPn><sln:gmIIPWersja>2012-09-26T22:15:21+02:00</sln:gmIIPWersja><sln:gmIdTeryt>2004032</sln:gmIdTeryt><sln:gmNazwa>Radziłów</sln:gmNazwa><sln:miejscIIPId>afe78fef-9dc0-442e-8d37-68c8c7b2d824</sln:miejscIIPId><sln:miejscIIPPn>PL.PZGIK.200</sln:miejscIIPPn><sln:miejscIIPWersja>2016-11-24T13:34:15+02:00</sln:miejscIIPWersja><sln:miejscIdTeryt>0404743</sln:miejscIdTeryt><sln:miejscNazwa>Zakrzewo</sln:miejscNazwa><sln:miejscRodzaj>Wieś</sln:miejscRodzaj><sln:powIIPId>617d8c92-7cef-423d-bc3c-9753ef5a6aa3</sln:powIIPId><sln:powIIPPn>PL.PZGIK.200</sln:powIIPPn><sln:powIIPWersja>2012-09-27T09:26:09+02:00</sln:powIIPWersja><sln:powIdTeryt>2004</sln:powIdTeryt><sln:powNazwa>grajewski</sln:powNazwa><sln:wojIIPId>53ad7aea-d9d3-40c9-9a5c-ff737d5b076e</sln:wojIIPId><sln:wojIIPPn>PL.PZGIK.200</sln:wojIIPPn><sln:wojIIPWersja>2017-10-10T00:00:00+02:00</sln:wojIIPWersja><sln:wojIdTeryt>20</sln:wojIdTeryt><sln:wojNazwa>podlaskie</sln:wojNazwa></sln:miejscowosc><sln:miejscowosc><sln:cyklZyciaOd>2015-04-27T00:00:00+02:00</sln:cyklZyciaOd><sln:gmIIPId>099a40ab-37ad-4932-92f0-9c35fb6667bc</sln:gmIIPId><sln:gmIIPPn>PL.PZGIK.200</sln:gmIIPPn><sln:gmIIPWersja>2012-09-26T22:15:21+02:00</sln:gmIIPWersja><sln:gmIdTeryt>2004032</sln:gmIdTeryt><sln:gmNazwa>Radziłów</sln:gmNazwa><sln:miejscIIPId>18b45ecb-767e-4e09-8804-3b581c175ec0</sln:miejscIIPId><sln:miejscIIPPn>PL.PZGIK.200</sln:miejscIIPPn><sln:miejscIIPWersja>2016-11-24T13:55:34+02:00</sln:miejscIIPWersja><sln:miejscIdTeryt>0404499</sln:miejscIdTeryt><sln:miejscNazwa>Szczudra</sln:miejscNazwa><sln:miejscRodzaj>Inny obiekt</sln:miejscRodzaj><sln:powIIPId>617d8c92-7cef-423d-bc3c-9753ef5a6aa3</sln:powIIPId><sln:powIIPPn>PL.PZGIK.200</sln:powIIPPn><sln:powIIPWersja>2012-09-27T09:26:09+02:00</sln:powIIPWersja><sln:powIdTeryt>2004</sln:powIdTeryt><sln:powNazwa>grajewski</sln:powNazwa><sln:wojIIPId>53ad7aea-d9d3-40c9-9a5c-ff737d5b076e</sln:wojIIPId><sln:wojIIPPn>PL.PZGIK.200</sln:wojIIPPn><sln:wojIIPWersja>2017-10-10T00:00:00+02:00</sln:wojIIPWersja><sln:wojIdTeryt>20</sln:wojIdTeryt><sln:wojNazwa>podlaskie</sln:wojNazwa></sln:miejscowosc><sln:miejscowosc><sln:cyklZyciaOd>2015-04-27T00:00:00+02:00</sln:cyklZyciaOd><sln:gmIIPId>099a40ab-37ad-4932-92f0-9c35fb6667bc</sln:gmIIPId><sln:gmIIPPn>PL.PZGIK.200</sln:gmIIPPn><sln:gmIIPWersja>2012-09-26T22:15:21+02:00</sln:gmIIPWersja><sln:gmIdTeryt>2004032</sln:gmIdTeryt><sln:gmNazwa>Radziłów</sln:gmNazwa><sln:miejscIIPId>3c5f313e-affd-4a8b-baed-dcc78d5f9d9f</sln:miejscIIPId><sln:miejscIIPPn>PL.PZGIK.200</sln:miejscIIPPn><sln:miejscIIPWersja>2016-11-24T13:57:17+02:00</sln:miejscIIPWersja><sln:miejscIdTeryt>0404559</sln:miejscIdTeryt><sln:miejscNazwa>Łoje-Gręzko</sln:miejscNazwa><sln:miejscRodzaj>Kolonia</sln:miejscRodzaj><sln:powIIPId>617d8c92-7cef-423d-bc3c-9753ef5a6aa3</sln:powIIPId><sln:powIIPPn>PL.PZGIK.200</sln:powIIPPn><sln:powIIPWersja>2012-09-27T09:26:09+02:00</sln:powIIPWersja><sln:powIdTeryt>2004</sln:powIdTeryt><sln:powNazwa>grajewski</sln:powNazwa><sln:wojIIPId>53ad7aea-d9d3-40c9-9a5c-ff737d5b076e</sln:wojIIPId><sln:wojIIPPn>PL.PZGIK.200</sln:wojIIPPn><sln:wojIIPWersja>2017-10-10T00:00:00+02:00</sln:wojIIPWersja><sln:wojIdTeryt>20</sln:wojIdTeryt><sln:wojNazwa>podlaskie</sln:wojNazwa></sln:miejscowosc><sln:miejscowosc><sln:cyklZyciaOd>2015-04-27T00:00:00+02:00</sln:cyklZyciaOd><sln:gmIIPId>099a40ab-37ad-4932-92f0-9c35fb6667bc</sln:gmIIPId><sln:gmIIPPn>PL.PZGIK.200</sln:gmIIPPn><sln:gmIIPWersja>2012-09-26T22:15:21+02:00</sln:gmIIPWersja><sln:gmIdTeryt>2004032</sln:gmIdTeryt><sln:gmNazwa>Radziłów</sln:gmNazwa><sln:miejscIIPId>cbb2948b-8dcc-434d-b19a-30909e59ba64</sln:miejscIIPId><sln:miejscIIPPn>PL.PZGIK.200</sln:miejscIIPPn><sln:miejscIIPWersja>2016-11-24T13:39:45+02:00</sln:miejscIIPWersja><sln:miejscIdTeryt>0404513</sln:miejscIdTeryt><sln:miejscNazwa>Konopki-Awissa</sln:miejscNazwa><sln:miejscRodzaj>Wieś</sln:miejscRodzaj><sln:powIIPId>617d8c92-7cef-423d-bc3c-9753ef5a6aa3</sln:powIIPId><sln:powIIPPn>PL.PZGIK.200</sln:powIIPPn><sln:powIIPWersja>2012-09-27T09:26:09+02:00</sln:powIIPWersja><sln:powIdTeryt>2004</sln:powIdTeryt><sln:powNazwa>grajewski</sln:powNazwa><sln:wojIIPId>53ad7aea-d9d3-40c9-9a5c-ff737d5b076e</sln:wojIIPId><sln:wojIIPPn>PL.PZGIK.200</sln:wojIIPPn><sln:wojIIPWersja>2017-10-10T00:00:00+02:00</sln:wojIIPWersja><sln:wojIdTeryt>20</sln:wojIdTeryt><sln:wojNazwa>podlaskie</sln:wojNazwa></sln:miejscowosc><sln:miejscowosc><sln:cyklZyciaOd>2015-04-27T00:00:00+02:00</sln:cyklZyciaOd><sln:gmIIPId>099a40ab-37ad-4932-92f0-9c35fb6667bc</sln:gmIIPId><sln:gmIIPPn>PL.PZGIK.200</sln:gmIIPPn><sln:gmIIPWersja>2012-09-26T22:15:21+02:00</sln:gmIIPWersja><sln:gmIdTeryt>2004032</sln:gmIdTeryt><sln:gmNazwa>Radziłów</sln:gmNazwa><sln:miejscIIPId>a3abb0f0-dcc6-4ae9-a383-15ffd06f72f8</sln:miejscIIPId><sln:miejscIIPPn>PL.PZGIK.200</sln:miejscIIPPn><sln:miejscIIPWersja>2016-11-24T13:47:06+02:00</sln:miejscIIPWersja><sln:miejscIdTeryt>0404677</sln:miejscIdTeryt><sln:miejscNazwa>Kolonie Słucz</sln:miejscNazwa><sln:miejscRodzaj>Kolonia</sln:miejscRodzaj><sln:powIIPId>617d8c92-7cef-423d-bc3c-9753ef5a6aa3</sln:powIIPId><sln:powIIPPn>PL.PZGIK.200</sln:powIIPPn><sln:powIIPWersja>2012-09-27T09:26:09+02:00</sln:powIIPWersja><sln:powIdTeryt>2004</sln:powIdTeryt><sln:powNazwa>grajewski</sln:powNazwa><sln:wojIIPId>53ad7aea-d9d3-40c9-9a5c-ff737d5b076e</sln:wojIIPId><sln:wojIIPPn>PL.PZGIK.200</sln:wojIIPPn><sln:wojIIPWersja>2017-10-10T00:00:00+02:00</sln:wojIIPWersja><sln:wojIdTeryt>20</sln:wojIdTeryt><sln:wojNazwa>podlaskie</sln:wojNazwa></sln:miejscowosc><sln:miejscowosc><sln:cyklZyciaOd>2015-04-27T00:00:00+02:00</sln:cyklZyciaOd><sln:gmIIPId>099a40ab-37ad-4932-92f0-9c35fb6667bc</sln:gmIIPId><sln:gmIIPPn>PL.PZGIK.200</sln:gmIIPPn><sln:gmIIPWersja>2012-09-26T22:15:21+02:00</sln:gmIIPWersja><sln:gmIdTeryt>2004032</sln:gmIdTeryt><sln:gmNazwa>Radziłów</sln:gmNazwa><sln:miejscIIPId>6bb6be80-969b-4993-b113-227e6cf0bd80</sln:miejscIIPId><sln:miejscIIPPn>PL.PZGIK.200</sln:miejscIIPPn><sln:miejscIIPWersja>2016-11-24T13:28:35+02:00</sln:miejscIIPWersja><sln:miejscIdTeryt>0404370</sln:miejscIdTeryt><sln:miejscNazwa>Brychy</sln:miejscNazwa><sln:miejscRodzaj>Wieś</sln:miejscRodzaj><sln:powIIPId>617d8c92-7cef-423d-bc3c-9753ef5a6aa3</sln:powIIPId><sln:powIIPPn>PL.PZGIK.200</sln:powIIPPn><sln:powIIPWersja>2012-09-27T09:26:09+02:00</sln:powIIPWersja><sln:powIdTeryt>2004</sln:powIdTeryt><sln:powNazwa>grajewski</sln:powNazwa><sln:wojIIPId>53ad7aea-d9d3-40c9-9a5c-ff737d5b076e</sln:wojIIPId><sln:wojIIPPn>PL.PZGIK.200</sln:wojIIPPn><sln:wojIIPWersja>2017-10-10T00:00:00+02:00</sln:wojIIPWersja><sln:wojIdTeryt>20</sln:wojIdTeryt><sln:wojNazwa>podlaskie</sln:wojNazwa></sln:miejscowosc><sln:miejscowosc><sln:cyklZyciaOd>2015-04-27T00:00:00+02:00</sln:cyklZyciaOd><sln:gmIIPId>099a40ab-37ad-4932-92f0-9c35fb6667bc</sln:gmIIPId><sln:gmIIPPn>PL.PZGIK.200</sln:gmIIPPn><sln:gmIIPWersja>2012-09-26T22:15:21+02:00</sln:gmIIPWersja><sln:gmIdTeryt>2004032</sln:gmIdTeryt><sln:gmNazwa>Radziłów</sln:gmNazwa><sln:miejscIIPId>51dad9a2-91c5-4109-bb5d-235772c7c6f2</sln:miejscIIPId><sln:miejscIIPPn>PL.PZGIK.200</sln:miejscIIPPn><sln:miejscIIPWersja>2016-11-24T13:32:04+02:00</sln:miejscIIPWersja><sln:miejscIdTeryt>0404708</sln:miejscIdTeryt><sln:miejscNazwa>Szyjki</sln:miejscNazwa><sln:miejscRodzaj>Wieś</sln:miejscRodzaj><sln:powIIPId>617d8c92-7cef-423d-bc3c-9753ef5a6aa3</sln:powIIPId><sln:powIIPPn>PL.PZGIK.200</sln:powIIPPn><sln:powIIPWersja>2012-09-27T09:26:09+02:00</sln:powIIPWersja><sln:powIdTeryt>2004</sln:powIdTeryt><sln:powNazwa>grajewski</sln:powNazwa><sln:wojIIPId>53ad7aea-d9d3-40c9-9a5c-ff737d5b076e</sln:wojIIPId><sln:wojIIPPn>PL.PZGIK.200</sln:wojIIPPn><sln:wojIIPWersja>2017-10-10T00:00:00+02:00</sln:wojIIPWersja><sln:wojIdTeryt>20</sln:wojIdTeryt><sln:wojNazwa>podlaskie</sln:wojNazwa></sln:miejscowosc><sln:miejscowosc><sln:cyklZyciaOd>2015-04-27T00:00:00+02:00</sln:cyklZyciaOd><sln:gmIIPId>099a40ab-37ad-4932-92f0-9c35fb6667bc</sln:gmIIPId><sln:gmIIPPn>PL.PZGIK.200</sln:gmIIPPn><sln:gmIIPWersja>2012-09-26T22:15:21+02:00</sln:gmIIPWersja><sln:gmIdTeryt>2004032</sln:gmIdTeryt><sln:gmNazwa>Radziłów</sln:gmNazwa><sln:miejscIIPId>275f3c4a-7d7c-4b08-9d5a-137c55126907</sln:miejscIIPId><sln:miejscIIPPn>PL.PZGIK.200</sln:miejscIIPPn><sln:miejscIIPWersja>2016-11-24T13:33:57+02:00</sln:miejscIIPWersja><sln:miejscIdTeryt>0404737</sln:miejscIdTeryt><sln:miejscNazwa>Wypychy</sln:miejscNazwa><sln:miejscRodzaj>Wieś</sln:miejscRodzaj><sln:powIIPId>617d8c92-7cef-423d-bc3c-9753ef5a6aa3</sln:powIIPId><sln:powIIPPn>PL.PZGIK.200</sln:powIIPPn><sln:powIIPWersja>2012-09-27T09:26:09+02:00</sln:powIIPWersja><sln:powIdTeryt>2004</sln:powIdTeryt><sln:powNazwa>grajewski</sln:powNazwa><sln:wojIIPId>53ad7aea-d9d3-40c9-9a5c-ff737d5b076e</sln:wojIIPId><sln:wojIIPPn>PL.PZGIK.200</sln:wojIIPPn><sln:wojIIPWersja>2017-10-10T00:00:00+02:00</sln:wojIIPWersja><sln:wojIdTeryt>20</sln:wojIdTeryt><sln:wojNazwa>podlaskie</sln:wojNazwa></sln:miejscowosc><sln:miejscowosc><sln:cyklZyciaOd>2015-04-27T00:00:00+02:00</sln:cyklZyciaOd><sln:gmIIPId>099a40ab-37ad-4932-92f0-9c35fb6667bc</sln:gmIIPId><sln:gmIIPPn>PL.PZGIK.200</sln:gmIIPPn><sln:gmIIPWersja>2012-09-26T22:15:21+02:00</sln:gmIIPWersja><sln:gmIdTeryt>2004032</sln:gmIdTeryt><sln:gmNazwa>Radziłów</sln:gmNazwa><sln:miejscIIPId>26de5a01-3a8c-4920-a3df-7cf4a55a11f1</sln:miejscIIPId><sln:miejscIIPPn>PL.PZGIK.200</sln:miejscIIPPn><sln:miejscIIPWersja>2016-11-24T13:29:28+02:00</sln:miejscIIPWersja><sln:miejscIdTeryt>0404602</sln:miejscIdTeryt><sln:miejscNazwa>Racibory</sln:miejscNazwa><sln:miejscRodzaj>Wieś</sln:miejscRodzaj><sln:powIIPId>617d8c92-7cef-423d-bc3c-9753ef5a6aa3</sln:powIIPId><sln:powIIPPn>PL.PZGIK.200</sln:powIIPPn><sln:powIIPWersja>2012-09-27T09:26:09+02:00</sln:powIIPWersja><sln:powIdTeryt>2004</sln:powIdTeryt><sln:powNazwa>grajewski</sln:powNazwa><sln:wojIIPId>53ad7aea-d9d3-40c9-9a5c-ff737d5b076e</sln:wojIIPId><sln:wojIIPPn>PL.PZGIK.200</sln:wojIIPPn><sln:wojIIPWersja>2017-10-10T00:00:00+02:00</sln:wojIIPWersja><sln:wojIdTeryt>20</sln:wojIdTeryt><sln:wojNazwa>podlaskie</sln:wojNazwa></sln:miejscowosc><sln:miejscowosc><sln:cyklZyciaOd>2015-04-27T00:00:00+02:00</sln:cyklZyciaOd><sln:gmIIPId>099a40ab-37ad-4932-92f0-9c35fb6667bc</sln:gmIIPId><sln:gmIIPPn>PL.PZGIK.200</sln:gmIIPPn><sln:gmIIPWersja>2012-09-26T22:15:21+02:00</sln:gmIIPWersja><sln:gmIdTeryt>2004032</sln:gmIdTeryt><sln:gmNazwa>Radziłów</sln:gmNazwa><sln:miejscIIPId>f321a200-1cd5-4ba2-a480-6d36c5b4fb9a</sln:miejscIIPId><sln:miejscIIPPn>PL.PZGIK.200</sln:miejscIIPPn><sln:miejscIIPWersja>2016-11-24T13:28:09+02:00</sln:miejscIIPWersja><sln:miejscIdTeryt>0404364</sln:miejscIdTeryt><sln:miejscNazwa>Brodowo</sln:miejscNazwa><sln:miejscRodzaj>Wieś</sln:miejscRodzaj><sln:powIIPId>617d8c92-7cef-423d-bc3c-9753ef5a6aa3</sln:powIIPId><sln:powIIPPn>PL.PZGIK.200</sln:powIIPPn><sln:powIIPWersja>2012-09-27T09:26:09+02:00</sln:powIIPWersja><sln:powIdTeryt>2004</sln:powIdTeryt><sln:powNazwa>grajewski</sln:powNazwa><sln:wojIIPId>53ad7aea-d9d3-40c9-9a5c-ff737d5b076e</sln:wojIIPId><sln:wojIIPPn>PL.PZGIK.200</sln:wojIIPPn><sln:wojIIPWersja>2017-10-10T00:00:00+02:00</sln:wojIIPWersja><sln:wojIdTeryt>20</sln:wojIdTeryt><sln:wojNazwa>podlaskie</sln:wojNazwa></sln:miejscowosc><sln:miejscowosc><sln:cyklZyciaOd>2015-04-27T00:00:00+02:00</sln:cyklZyciaOd><sln:gmIIPId>099a40ab-37ad-4932-92f0-9c35fb6667bc</sln:gmIIPId><sln:gmIIPPn>PL.PZGIK.200</sln:gmIIPPn><sln:gmIIPWersja>2012-09-26T22:15:21+02:00</sln:gmIIPWersja><sln:gmIdTeryt>2004032</sln:gmIdTeryt><sln:gmNazwa>Radziłów</sln:gmNazwa><sln:miejscIIPId>9d1e1e89-32d7-49e4-afe8-fa42fbcf2003</sln:miejscIIPId><sln:miejscIIPPn>PL.PZGIK.200</sln:miejscIIPPn><sln:miejscIIPWersja>2016-11-24T13:30:08+02:00</sln:miejscIIPWersja><sln:miejscIdTeryt>0404654</sln:miejscIdTeryt><sln:miejscNazwa>Rydzewo Szlacheckie</sln:miejscNazwa><sln:miejscRodzaj>Wieś</sln:miejscRodzaj><sln:powIIPId>617d8c92-7cef-423d-bc3c-9753ef5a6aa3</sln:powIIPId><sln:powIIPPn>PL.PZGIK.200</sln:powIIPPn><sln:powIIPWersja>2012-09-27T09:26:09+02:00</sln:powIIPWersja><sln:powIdTeryt>2004</sln:powIdTeryt><sln:powNazwa>grajewski</sln:powNazwa><sln:wojIIPId>53ad7aea-d9d3-40c9-9a5c-ff737d5b076e</sln:wojIIPId><sln:wojIIPPn>PL.PZGIK.200</sln:wojIIPPn><sln:wojIIPWersja>2017-10-10T00:00:00+02:00</sln:wojIIPWersja><sln:wojIdTeryt>20</sln:wojIdTeryt><sln:wojNazwa>podlaskie</sln:wojNazwa></sln:miejscowosc><sln:miejscowosc><sln:cyklZyciaOd>2015-04-27T00:00:00+02:00</sln:cyklZyciaOd><sln:gmIIPId>099a40ab-37ad-4932-92f0-9c35fb6667bc</sln:gmIIPId><sln:gmIIPPn>PL.PZGIK.200</sln:gmIIPPn><sln:gmIIPWersja>2012-09-26T22:15:21+02:00</sln:gmIIPWersja><sln:gmIdTeryt>2004032</sln:gmIdTeryt><sln:gmNazwa>Radziłów</sln:gmNazwa><sln:miejscIIPId>f3ae9496-b280-43cf-82d9-7c946c73c6b0</sln:miejscIIPId><sln:miejscIIPPn>PL.PZGIK.200</sln:miejscIIPPn><sln:miejscIIPWersja>2016-11-24T13:29:36+02:00</sln:miejscIIPWersja><sln:miejscIdTeryt>0404625</sln:miejscIdTeryt><sln:miejscNazwa>Radziłów</sln:miejscNazwa><sln:miejscRodzaj>Wieś</sln:miejscRodzaj><sln:powIIPId>617d8c92-7cef-423d-bc3c-9753ef5a6aa3</sln:powIIPId><sln:powIIPPn>PL.PZGIK.200</sln:powIIPPn><sln:powIIPWersja>2012-09-27T09:26:09+02:00</sln:powIIPWersja><sln:powIdTeryt>2004</sln:powIdTeryt><sln:powNazwa>grajewski</sln:powNazwa><sln:wojIIPId>53ad7aea-d9d3-40c9-9a5c-ff737d5b076e</sln:wojIIPId><sln:wojIIPPn>PL.PZGIK.200</sln:wojIIPPn><sln:wojIIPWersja>2017-10-10T00:00:00+02:00</sln:wojIIPWersja><sln:wojIdTeryt>20</sln:wojIdTeryt><sln:wojNazwa>podlaskie</sln:wojNazwa></sln:miejscowosc><sln:miejscowosc><sln:cyklZyciaOd>2015-04-27T00:00:00+02:00</sln:cyklZyciaOd><sln:gmIIPId>099a40ab-37ad-4932-92f0-9c35fb6667bc</sln:gmIIPId><sln:gmIIPPn>PL.PZGIK.200</sln:gmIIPPn><sln:gmIIPWersja>2012-09-26T22:15:21+02:00</sln:gmIIPWersja><sln:gmIdTeryt>2004032</sln:gmIdTeryt><sln:gmNazwa>Radziłów</sln:gmNazwa><sln:miejscIIPId>1a15f369-747f-4e36-8be1-e7ca59f3683f</sln:miejscIIPId><sln:miejscIIPPn>PL.PZGIK.200</sln:miejscIIPPn><sln:miejscIIPWersja>2016-11-24T13:41:36+02:00</sln:miejscIIPWersja><sln:miejscIdTeryt>0404542</sln:miejscIdTeryt><sln:miejscNazwa>Łoje-Awissa</sln:miejscNazwa><sln:miejscRodzaj>Wieś</sln:miejscRodzaj><sln:powIIPId>617d8c92-7cef-423d-bc3c-9753ef5a6aa3</sln:powIIPId><sln:powIIPPn>PL.PZGIK.200</sln:powIIPPn><sln:powIIPWersja>2012-09-27T09:26:09+02:00</sln:powIIPWersja><sln:powIdTeryt>2004</sln:powIdTeryt><sln:powNazwa>grajewski</sln:powNazwa><sln:wojIIPId>53ad7aea-d9d3-40c9-9a5c-ff737d5b076e</sln:wojIIPId><sln:wojIIPPn>PL.PZGIK.200</sln:wojIIPPn><sln:wojIIPWersja>2017-10-10T00:00:00+02:00</sln:wojIIPWersja><sln:wojIdTeryt>20</sln:wojIdTeryt><sln:wojNazwa>podlaskie</sln:wojNazwa></sln:miejscowosc><sln:miejscowosc><sln:cyklZyciaOd>2015-04-27T00:00:00+02:00</sln:cyklZyciaOd><sln:gmIIPId>099a40ab-37ad-4932-92f0-9c35fb6667bc</sln:gmIIPId><sln:gmIIPPn>PL.PZGIK.200</sln:gmIIPPn><sln:gmIIPWersja>2012-09-26T22:15:21+02:00</sln:gmIIPWersja><sln:gmIdTeryt>2004032</sln:gmIdTeryt><sln:gmNazwa>Radziłów</sln:gmNazwa><sln:miejscIIPId>54893648-8e7e-4065-9062-8f3dcba8c9d8</sln:miejscIIPId><sln:miejscIIPPn>PL.PZGIK.200</sln:miejscIIPPn><sln:miejscIIPWersja>2016-11-24T13:31:07+02:00</sln:miejscIIPWersja><sln:miejscIdTeryt>0404683</sln:miejscIdTeryt><sln:miejscNazwa>Sośnia</sln:miejscNazwa><sln:miejscRodzaj>Wieś</sln:miejscRodzaj><sln:powIIPId>617d8c92-7cef-423d-bc3c-9753ef5a6aa3</sln:powIIPId><sln:powIIPPn>PL.PZGIK.200</sln:powIIPPn><sln:powIIPWersja>2012-09-27T09:26:09+02:00</sln:powIIPWersja><sln:powIdTeryt>2004</sln:powIdTeryt><sln:powNazwa>grajewski</sln:powNazwa><sln:wojIIPId>53ad7aea-d9d3-40c9-9a5c-ff737d5b076e</sln:wojIIPId><sln:wojIIPPn>PL.PZGIK.200</sln:wojIIPPn><sln:wojIIPWersja>2017-10-10T00:00:00+02:00</sln:wojIIPWersja><sln:wojIdTeryt>20</sln:wojIdTeryt><sln:wojNazwa>podlaskie</sln:wojNazwa></sln:miejscowosc><sln:miejscowosc><sln:cyklZyciaOd>2015-04-27T00:00:00+02:00</sln:cyklZyciaOd><sln:gmIIPId>099a40ab-37ad-4932-92f0-9c35fb6667bc</sln:gmIIPId><sln:gmIIPPn>PL.PZGIK.200</sln:gmIIPPn><sln:gmIIPWersja>2012-09-26T22:15:21+02:00</sln:gmIIPWersja><sln:gmIdTeryt>2004032</sln:gmIdTeryt><sln:gmNazwa>Radziłów</sln:gmNazwa><sln:miejscIIPId>bf29b6f1-4520-422c-8b2a-c9b8ff7fbb69</sln:miejscIIPId><sln:miejscIIPPn>PL.PZGIK.200</sln:miejscIIPPn><sln:miejscIIPWersja>2016-11-24T13:32:10+02:00</sln:miejscIIPWersja><sln:miejscIdTeryt>0404714</sln:miejscIdTeryt><sln:miejscNazwa>Święcienin</sln:miejscNazwa><sln:miejscRodzaj>Wieś</sln:miejscRodzaj><sln:powIIPId>617d8c92-7cef-423d-bc3c-9753ef5a6aa3</sln:powIIPId><sln:powIIPPn>PL.PZGIK.200</sln:powIIPPn><sln:powIIPWersja>2012-09-27T09:26:09+02:00</sln:powIIPWersja><sln:powIdTeryt>2004</sln:powIdTeryt><sln:powNazwa>grajewski</sln:powNazwa><sln:wojIIPId>53ad7aea-d9d3-40c9-9a5c-ff737d5b076e</sln:wojIIPId><sln:wojIIPPn>PL.PZGIK.200</sln:wojIIPPn><sln:wojIIPWersja>2017-10-10T00:00:00+02:00</sln:wojIIPWersja><sln:wojIdTeryt>20</sln:wojIdTeryt><sln:wojNazwa>podlaskie</sln:wojNazwa></sln:miejscowosc><sln:miejscowosc><sln:cyklZyciaOd>2015-04-27T00:00:00+02:00</sln:cyklZyciaOd><sln:gmIIPId>099a40ab-37ad-4932-92f0-9c35fb6667bc</sln:gmIIPId><sln:gmIIPPn>PL.PZGIK.200</sln:gmIIPPn><sln:gmIIPWersja>2012-09-26T22:15:21+02:00</sln:gmIIPWersja><sln:gmIdTeryt>2004032</sln:gmIdTeryt><sln:gmNazwa>Radziłów</sln:gmNazwa><sln:miejscIIPId>54754d1f-b15f-4ea5-8f16-74233f652d9b</sln:miejscIIPId><sln:miejscIIPPn>PL.PZGIK.200</sln:miejscIIPPn><sln:miejscIIPWersja>2016-11-24T13:42:30+02:00</sln:miejscIIPWersja><sln:miejscIdTeryt>0404341</sln:miejscIdTeryt><sln:miejscNazwa>Borawskie-Awissa</sln:miejscNazwa><sln:miejscRodzaj>Wieś</sln:miejscRodzaj><sln:powIIPId>617d8c92-7cef-423d-bc3c-9753ef5a6aa3</sln:powIIPId><sln:powIIPPn>PL.PZGIK.200</sln:powIIPPn><sln:powIIPWersja>2012-09-27T09:26:09+02:00</sln:powIIPWersja><sln:powIdTeryt>2004</sln:powIdTeryt><sln:powNazwa>grajewski</sln:powNazwa><sln:wojIIPId>53ad7aea-d9d3-40c9-9a5c-ff737d5b076e</sln:wojIIPId><sln:wojIIPPn>PL.PZGIK.200</sln:wojIIPPn><sln:wojIIPWersja>2017-10-10T00:00:00+02:00</sln:wojIIPWersja><sln:wojIdTeryt>20</sln:wojIdTeryt><sln:wojNazwa>podlaskie</sln:wojNazwa></sln:miejscowosc><sln:miejscowosc><sln:cyklZyciaOd>2015-04-27T00:00:00+02:00</sln:cyklZyciaOd><sln:gmIIPId>099a40ab-37ad-4932-92f0-9c35fb6667bc</sln:gmIIPId><sln:gmIIPPn>PL.PZGIK.200</sln:gmIIPPn><sln:gmIIPWersja>2012-09-26T22:15:21+02:00</sln:gmIIPWersja><sln:gmIdTeryt>2004032</sln:gmIdTeryt><sln:gmNazwa>Radziłów</sln:gmNazwa><sln:miejscIIPId>4fd5c4a7-b055-4c6e-97f0-08834e1270ec</sln:miejscIIPId><sln:miejscIIPPn>PL.PZGIK.200</sln:miejscIIPPn><sln:miejscIIPWersja>2016-11-24T13:43:49+02:00</sln:miejscIIPWersja><sln:miejscIdTeryt>0404588</sln:miejscIdTeryt><sln:miejscNazwa>Okrasin</sln:miejscNazwa><sln:miejscRodzaj>Wieś</sln:miejscRodzaj><sln:powIIPId>617d8c92-7cef-423d-bc3c-9753ef5a6aa3</sln:powIIPId><sln:powIIPPn>PL.PZGIK.200</sln:powIIPPn><sln:powIIPWersja>2012-09-27T09:26:09+02:00</sln:powIIPWersja><sln:powIdTeryt>2004</sln:powIdTeryt><sln:powNazwa>grajewski</sln:powNazwa><sln:wojIIPId>53ad7aea-d9d3-40c9-9a5c-ff737d5b076e</sln:wojIIPId><sln:wojIIPPn>PL.PZGIK.200</sln:wojIIPPn><sln:wojIIPWersja>2017-10-10T00:00:00+02:00</sln:wojIIPWersja><sln:wojIdTeryt>20</sln:wojIdTeryt><sln:wojNazwa>podlaskie</sln:wojNazwa></sln:miejscowosc><sln:miejscowosc><sln:cyklZyciaOd>2015-04-27T00:00:00+02:00</sln:cyklZyciaOd><sln:gmIIPId>099a40ab-37ad-4932-92f0-9c35fb6667bc</sln:gmIIPId><sln:gmIIPPn>PL.PZGIK.200</sln:gmIIPPn><sln:gmIIPWersja>2012-09-26T22:15:21+02:00</sln:gmIIPWersja><sln:gmIdTeryt>2004032</sln:gmIdTeryt><sln:gmNazwa>Radziłów</sln:gmNazwa><sln:miejscIIPId>1e11563c-cf20-42b1-ada2-3f5eaf2c7a30</sln:miejscIIPId><sln:miejscIIPPn>PL.PZGIK.200</sln:miejscIIPPn><sln:miejscIIPWersja>2016-11-24T13:40:02+02:00</sln:miejscIIPWersja><sln:miejscIdTeryt>0404520</sln:miejscIdTeryt><sln:miejscNazwa>Kownatki</sln:miejscNazwa><sln:miejscRodzaj>Wieś</sln:miejscRodzaj><sln:powIIPId>617d8c92-7cef-423d-bc3c-9753ef5a6aa3</sln:powIIPId><sln:powIIPPn>PL.PZGIK.200</sln:powIIPPn><sln:powIIPWersja>2012-09-27T09:26:09+02:00</sln:powIIPWersja><sln:powIdTeryt>2004</sln:powIdTeryt><sln:powNazwa>grajewski</sln:powNazwa><sln:wojIIPId>53ad7aea-d9d3-40c9-9a5c-ff737d5b076e</sln:wojIIPId><sln:wojIIPPn>PL.PZGIK.200</sln:wojIIPPn><sln:wojIIPWersja>2017-10-10T00:00:00+02:00</sln:wojIIPWersja><sln:wojIdTeryt>20</sln:wojIdTeryt><sln:wojNazwa>podlaskie</sln:wojNazwa></sln:miejscowosc><sln:miejscowosc><sln:cyklZyciaOd>2015-04-27T00:00:00+02:00</sln:cyklZyciaOd><sln:gmIIPId>099a40ab-37ad-4932-92f0-9c35fb6667bc</sln:gmIIPId><sln:gmIIPPn>PL.PZGIK.200</sln:gmIIPPn><sln:gmIIPWersja>2012-09-26T22:15:21+02:00</sln:gmIIPWersja><sln:gmIdTeryt>2004032</sln:gmIdTeryt><sln:gmNazwa>Radziłów</sln:gmNazwa><sln:miejscIIPId>37bf18d9-1ab0-42f7-91f1-b9ffdb5ee7db</sln:miejscIIPId><sln:miejscIIPPn>PL.PZGIK.200</sln:miejscIIPPn><sln:miejscIIPWersja>2016-11-24T13:30:08+02:00</sln:miejscIIPWersja><sln:miejscIdTeryt>0404648</sln:miejscIdTeryt><sln:miejscNazwa>Rydzewo-Pieniążek</sln:miejscNazwa><sln:miejscRodzaj>Wieś</sln:miejscRodzaj><sln:powIIPId>617d8c92-7cef-423d-bc3c-9753ef5a6aa3</sln:powIIPId><sln:powIIPPn>PL.PZGIK.200</sln:powIIPPn><sln:powIIPWersja>2012-09-27T09:26:09+02:00</sln:powIIPWersja><sln:powIdTeryt>2004</sln:powIdTeryt><sln:powNazwa>grajewski</sln:powNazwa><sln:wojIIPId>53ad7aea-d9d3-40c9-9a5c-ff737d5b076e</sln:wojIIPId><sln:wojIIPPn>PL.PZGIK.200</sln:wojIIPPn><sln:wojIIPWersja>2017-10-10T00:00:00+02:00</sln:wojIIPWersja><sln:wojIdTeryt>20</sln:wojIdTeryt><sln:wojNazwa>podlaskie</sln:wojNazwa></sln:miejscowosc><sln:miejscowosc><sln:cyklZyciaOd>2015-04-27T00:00:00+02:00</sln:cyklZyciaOd><sln:gmIIPId>099a40ab-37ad-4932-92f0-9c35fb6667bc</sln:gmIIPId><sln:gmIIPPn>PL.PZGIK.200</sln:gmIIPPn><sln:gmIIPWersja>2012-09-26T22:15:21+02:00</sln:gmIIPWersja><sln:gmIdTeryt>2004032</sln:gmIdTeryt><sln:gmNazwa>Radziłów</sln:gmNazwa><sln:miejscIIPId>9fd477d5-2022-4134-80a0-094854f93b80</sln:miejscIIPId><sln:miejscIIPPn>PL.PZGIK.200</sln:miejscIIPPn><sln:miejscIIPWersja>2016-11-24T13:46:04+02:00</sln:miejscIIPWersja><sln:miejscIdTeryt>0404631</sln:miejscIdTeryt><sln:miejscNazwa>Radziłów-Kolonia</sln:miejscNazwa><sln:miejscRodzaj>Kolonia</sln:miejscRodzaj><sln:powIIPId>617d8c92-7cef-423d-bc3c-9753ef5a6aa3</sln:powIIPId><sln:powIIPPn>PL.PZGIK.200</sln:powIIPPn><sln:powIIPWersja>2012-09-27T09:26:09+02:00</sln:powIIPWersja><sln:powIdTeryt>2004</sln:powIdTeryt><sln:powNazwa>grajewski</sln:powNazwa><sln:wojIIPId>53ad7aea-d9d3-40c9-9a5c-ff737d5b076e</sln:wojIIPId><sln:wojIIPPn>PL.PZGIK.200</sln:wojIIPPn><sln:wojIIPWersja>2017-10-10T00:00:00+02:00</sln:wojIIPWersja><sln:wojIdTeryt>20</sln:wojIdTeryt><sln:wojNazwa>podlaskie</sln:wojNazwa></sln:miejscowosc><sln:miejscowosc><sln:cyklZyciaOd>2015-04-27T00:00:00+02:00</sln:cyklZyciaOd><sln:gmIIPId>099a40ab-37ad-4932-92f0-9c35fb6667bc</sln:gmIIPId><sln:gmIIPPn>PL.PZGIK.200</sln:gmIIPPn><sln:gmIIPWersja>2012-09-26T22:15:21+02:00</sln:gmIIPWersja><sln:gmIdTeryt>2004032</sln:gmIdTeryt><sln:gmNazwa>Radziłów</sln:gmNazwa><sln:miejscIIPId>bfa55bb8-513a-45cc-a36b-2e70c264313b</sln:miejscIIPId><sln:miejscIIPPn>PL.PZGIK.200</sln:miejscIIPPn><sln:miejscIIPWersja>2016-11-24T13:55:34+02:00</sln:miejscIIPWersja><sln:miejscIdTeryt>0404482</sln:miejscIdTeryt><sln:miejscNazwa>Danowo</sln:miejscNazwa><sln:miejscRodzaj>Inny obiekt</sln:miejscRodzaj><sln:powIIPId>617d8c92-7cef-423d-bc3c-9753ef5a6aa3</sln:powIIPId><sln:powIIPPn>PL.PZGIK.200</sln:powIIPPn><sln:powIIPWersja>2012-09-27T09:26:09+02:00</sln:powIIPWersja><sln:powIdTeryt>2004</sln:powIdTeryt><sln:powNazwa>grajewski</sln:powNazwa><sln:wojIIPId>53ad7aea-d9d3-40c9-9a5c-ff737d5b076e</sln:wojIIPId><sln:wojIIPPn>PL.PZGIK.200</sln:wojIIPPn><sln:wojIIPWersja>2017-10-10T00:00:00+02:00</sln:wojIIPWersja><sln:wojIdTeryt>20</sln:wojIdTeryt><sln:wojNazwa>podlaskie</sln:wojNazwa></sln:miejscowosc><sln:miejscowosc><sln:cyklZyciaOd>2015-04-27T00:00:00+02:00</sln:cyklZyciaOd><sln:gmIIPId>099a40ab-37ad-4932-92f0-9c35fb6667bc</sln:gmIIPId><sln:gmIIPPn>PL.PZGIK.200</sln:gmIIPPn><sln:gmIIPWersja>2012-09-26T22:15:21+02:00</sln:gmIIPWersja><sln:gmIdTeryt>2004032</sln:gmIdTeryt><sln:gmNazwa>Radziłów</sln:gmNazwa><sln:miejscIIPId>3431fc83-52c9-4c53-a272-69718294635b</sln:miejscIIPId><sln:miejscIIPPn>PL.PZGIK.200</sln:miejscIIPPn><sln:miejscIIPWersja>2016-11-24T13:36:44+02:00</sln:miejscIIPWersja><sln:miejscIdTeryt>0404424</sln:miejscIdTeryt><sln:miejscNazwa>Dusze</sln:miejscNazwa><sln:miejscRodzaj>Wieś</sln:miejscRodzaj><sln:powIIPId>617d8c92-7cef-423d-bc3c-9753ef5a6aa3</sln:powIIPId><sln:powIIPPn>PL.PZGIK.200</sln:powIIPPn><sln:powIIPWersja>2012-09-27T09:26:09+02:00</sln:powIIPWersja><sln:powIdTeryt>2004</sln:powIdTeryt><sln:powNazwa>grajewski</sln:powNazwa><sln:wojIIPId>53ad7aea-d9d3-40c9-9a5c-ff737d5b076e</sln:wojIIPId><sln:wojIIPPn>PL.PZGIK.200</sln:wojIIPPn><sln:wojIIPWersja>2017-10-10T00:00:00+02:00</sln:wojIIPWersja><sln:wojIdTeryt>20</sln:wojIdTeryt><sln:wojNazwa>podlaskie</sln:wojNazwa></sln:miejscowosc><sln:miejscowosc><sln:cyklZyciaOd>2015-04-27T00:00:00+02:00</sln:cyklZyciaOd><sln:gmIIPId>099a40ab-37ad-4932-92f0-9c35fb6667bc</sln:gmIIPId><sln:gmIIPPn>PL.PZGIK.200</sln:gmIIPPn><sln:gmIIPWersja>2012-09-26T22:15:21+02:00</sln:gmIIPWersja><sln:gmIdTeryt>2004032</sln:gmIdTeryt><sln:gmNazwa>Radziłów</sln:gmNazwa><sln:miejscIIPId>b2fc0707-ffd2-45dd-9e3b-2bc57e864fbb</sln:miejscIIPId><sln:miejscIIPPn>PL.PZGIK.200</sln:miejscIIPPn><sln:miejscIIPWersja>2016-11-24T13:39:30+02:00</sln:miejscIIPWersja><sln:miejscIdTeryt>0404476</sln:miejscIdTeryt><sln:miejscNazwa>Klimaszewnica</sln:miejscNazwa><sln:miejscRodzaj>Wieś</sln:miejscRodzaj><sln:powIIPId>617d8c92-7cef-423d-bc3c-9753ef5a6aa3</sln:powIIPId><sln:powIIPPn>PL.PZGIK.200</sln:powIIPPn><sln:powIIPWersja>2012-09-27T09:26:09+02:00</sln:powIIPWersja><sln:powIdTeryt>2004</sln:powIdTeryt><sln:powNazwa>grajewski</sln:powNazwa><sln:wojIIPId>53ad7aea-d9d3-40c9-9a5c-ff737d5b076e</sln:wojIIPId><sln:wojIIPPn>PL.PZGIK.200</sln:wojIIPPn><sln:wojIIPWersja>2017-10-10T00:00:00+02:00</sln:wojIIPWersja><sln:wojIdTeryt>20</sln:wojIdTeryt><sln:wojNazwa>podlaskie</sln:wojNazwa></sln:miejscowosc><sln:miejscowosc><sln:cyklZyciaOd>2015-04-27T00:00:00+02:00</sln:cyklZyciaOd><sln:gmIIPId>099a40ab-37ad-4932-92f0-9c35fb6667bc</sln:gmIIPId><sln:gmIIPPn>PL.PZGIK.200</sln:gmIIPPn><sln:gmIIPWersja>2012-09-26T22:15:21+02:00</sln:gmIIPWersja><sln:gmIdTeryt>2004032</sln:gmIdTeryt><sln:gmNazwa>Radziłów</sln:gmNazwa><sln:miejscIIPId>e2e96878-ddde-4687-a870-9eddad646499</sln:miejscIIPId><sln:miejscIIPPn>PL.PZGIK.200</sln:miejscIIPPn><sln:miejscIIPWersja>2016-11-24T13:42:47+02:00</sln:miejscIIPWersja><sln:miejscIdTeryt>0404571</sln:miejscIdTeryt><sln:miejscNazwa>Mścichy</sln:miejscNazwa><sln:miejscRodzaj>Wieś</sln:miejscRodzaj><sln:powIIPId>617d8c92-7cef-423d-bc3c-9753ef5a6aa3</sln:powIIPId><sln:powIIPPn>PL.PZGIK.200</sln:powIIPPn><sln:powIIPWersja>2012-09-27T09:26:09+02:00</sln:powIIPWersja><sln:powIdTeryt>2004</sln:powIdTeryt><sln:powNazwa>grajewski</sln:powNazwa><sln:wojIIPId>53ad7aea-d9d3-40c9-9a5c-ff737d5b076e</sln:wojIIPId><sln:wojIIPPn>PL.PZGIK.200</sln:wojIIPPn><sln:wojIIPWersja>2017-10-10T00:00:00+02:00</sln:wojIIPWersja><sln:wojIdTeryt>20</sln:wojIdTeryt><sln:wojNazwa>podlaskie</sln:wojNazwa></sln:miejscowosc></sln:lista-miejscowosci>