<?xml version="1.0" encoding="UTF-8" standalone="yes"?><sln:lista-miejscowosci xmlns:srv="http://gugik.gov.pl/schemas/slowniki-service/1.0" xmlns:sln="http://gugik.gov.pl/schemas/slowniki-schema/1.0"><sln:miejscowosc><sln:cyklZyciaDo>2017-04-10T00:00:00+02:00</sln:cyklZyciaDo><sln:cyklZyciaOd>2016-01-20T00:00:00+01:00</sln:cyklZyciaOd><sln:gmIIPId>1d08848a-52b1-407c-bcb7-f7bc9b6b6fdb</sln:gmIIPId><sln:gmIIPPn>PL.PZGIK.200</sln:gmIIPPn><sln:gmIIPWersja>2012-09-26T22:15:15+02:00</sln:gmIIPWersja><sln:gmIdTeryt>2003042</sln:gmIdTeryt><sln:gmNazwa>Boćki</sln:gmNazwa><sln:miejscIIPId>89193b44-377f-4c1a-a28c-9e154642862b</sln:miejscIIPId><sln:miejscIIPPn>PL.PZGIK.200</sln:miejscIIPPn><sln:miejscIIPWersja>2016-11-24T08:35:28+02:00</sln:miejscIIPWersja><sln:miejscIdTeryt>0024029</sln:miejscIdTeryt><sln:miejscNazwa>Andryjanki</sln:miejscNazwa><sln:miejscRodzaj>Wieś</sln:miejscRodzaj><sln:powIIPId>409d7d55-3ec7-48fc-b67f-dc58de8f4566</sln:powIIPId><sln:powIIPPn>PL.PZGIK.200</sln:powIIPPn><sln:powIIPWersja>2012-09-27T09:26:09+02:00</sln:powIIPWersja><sln:powIdTeryt>2003</sln:powIdTeryt><sln:powNazwa>bielski</sln:powNazwa><sln:waznyOd>2015-07-16T00:00:00+02:00</sln:waznyOd><sln:wojIIPId>53ad7aea-d9d3-40c9-9a5c-ff737d5b076e</sln:wojIIPId><sln:wojIIPPn>PL.PZGIK.200</sln:wojIIPPn><sln:wojIIPWersja>2017-10-10T00:00:00+02:00</sln:wojIIPWersja><sln:wojIdTeryt>20</sln:wojIdTeryt><sln:wojNazwa>podlaskie</sln:wojNazwa></sln:miejscowosc><sln:miejscowosc><sln:cyklZyciaDo>2017-04-10T00:00:00+02:00</sln:cyklZyciaDo><sln:cyklZyciaOd>2016-01-20T00:00:00+01:00</sln:cyklZyciaOd><sln:gmIIPId>1d08848a-52b1-407c-bcb7-f7bc9b6b6fdb</sln:gmIIPId><sln:gmIIPPn>PL.PZGIK.200</sln:gmIIPPn><sln:gmIIPWersja>2012-09-26T22:15:15+02:00</sln:gmIIPWersja><sln:gmIdTeryt>2003042</sln:gmIdTeryt><sln:gmNazwa>Boćki</sln:gmNazwa><sln:miejscIIPId>8df54bdb-6200-41fa-803f-1cc80cb13600</sln:miejscIIPId><sln:miejscIIPPn>PL.PZGIK.200</sln:miejscIIPPn><sln:miejscIIPWersja>2016-11-24T08:35:28+02:00</sln:miejscIIPWersja><sln:miejscIdTeryt>0024035</sln:miejscIdTeryt><sln:miejscNazwa>Boćki</sln:miejscNazwa><sln:miejscRodzaj>Wieś</sln:miejscRodzaj><sln:powIIPId>409d7d55-3ec7-48fc-b67f-dc58de8f4566</sln:powIIPId><sln:powIIPPn>PL.PZGIK.200</sln:powIIPPn><sln:powIIPWersja>2012-09-27T09:26:09+02:00</sln:powIIPWersja><sln:powIdTeryt>2003</sln:powIdTeryt><sln:powNazwa>bielski</sln:powNazwa><sln:waznyOd>2015-07-16T00:00:00+02:00</sln:waznyOd><sln:wojIIPId>53ad7aea-d9d3-40c9-9a5c-ff737d5b076e</sln:wojIIPId><sln:wojIIPPn>PL.PZGIK.200</sln:wojIIPPn><sln:wojIIPWersja>2017-10-10T00:00:00+02:00</sln:wojIIPWersja><sln:wojIdTeryt>20</sln:wojIdTeryt><sln:wojNazwa>podlaskie</sln:wojNazwa></sln:miejscowosc><sln:miejscowosc><sln:cyklZyciaDo>2017-04-10T00:00:00+02:00</sln:cyklZyciaDo><sln:cyklZyciaOd>2016-01-20T00:00:00+01:00</sln:cyklZyciaOd><sln:gmIIPId>1d08848a-52b1-407c-bcb7-f7bc9b6b6fdb</sln:gmIIPId><sln:gmIIPPn>PL.PZGIK.200</sln:gmIIPPn><sln:gmIIPWersja>2012-09-26T22:15:15+02:00</sln:gmIIPWersja><sln:gmIdTeryt>2003042</sln:gmIdTeryt><sln:gmNazwa>Boćki</sln:gmNazwa><sln:miejscIIPId>e56ebca9-c790-4b84-b306-2e5226c417be</sln:miejscIIPId><sln:miejscIIPPn>PL.PZGIK.200</sln:miejscIIPPn><sln:miejscIIPWersja>2016-11-24T08:35:28+02:00</sln:miejscIIPWersja><sln:miejscIdTeryt>0024093</sln:miejscIdTeryt><sln:miejscNazwa>Bodaczki</sln:miejscNazwa><sln:miejscRodzaj>Wieś</sln:miejscRodzaj><sln:powIIPId>409d7d55-3ec7-48fc-b67f-dc58de8f4566</sln:powIIPId><sln:powIIPPn>PL.PZGIK.200</sln:powIIPPn><sln:powIIPWersja>2012-09-27T09:26:09+02:00</sln:powIIPWersja><sln:powIdTeryt>2003</sln:powIdTeryt><sln:powNazwa>bielski</sln:powNazwa><sln:waznyOd>2015-07-16T00:00:00+02:00</sln:waznyOd><sln:wojIIPId>53ad7aea-d9d3-40c9-9a5c-ff737d5b076e</sln:wojIIPId><sln:wojIIPPn>PL.PZGIK.200</sln:wojIIPPn><sln:wojIIPWersja>2017-10-10T00:00:00+02:00</sln:wojIIPWersja><sln:wojIdTeryt>20</sln:wojIdTeryt><sln:wojNazwa>podlaskie</sln:wojNazwa></sln:miejscowosc><sln:miejscowosc><sln:cyklZyciaDo>2017-04-10T00:00:00+02:00</sln:cyklZyciaDo><sln:cyklZyciaOd>2016-01-20T00:00:00+01:00</sln:cyklZyciaOd><sln:gmIIPId>1d08848a-52b1-407c-bcb7-f7bc9b6b6fdb</sln:gmIIPId><sln:gmIIPPn>PL.PZGIK.200</sln:gmIIPPn><sln:gmIIPWersja>2012-09-26T22:15:15+02:00</sln:gmIIPWersja><sln:gmIdTeryt>2003042</sln:gmIdTeryt><sln:gmNazwa>Boćki</sln:gmNazwa><sln:miejscIIPId>5b24bca1-2b58-4750-a8ab-9067fd6e1af9</sln:miejscIIPId><sln:miejscIIPPn>PL.PZGIK.200</sln:miejscIIPPn><sln:miejscIIPWersja>2016-11-24T08:35:28+02:00</sln:miejscIIPWersja><sln:miejscIdTeryt>0024118</sln:miejscIdTeryt><sln:miejscNazwa>Bodaki</sln:miejscNazwa><sln:miejscRodzaj>Wieś</sln:miejscRodzaj><sln:powIIPId>409d7d55-3ec7-48fc-b67f-dc58de8f4566</sln:powIIPId><sln:powIIPPn>PL.PZGIK.200</sln:powIIPPn><sln:powIIPWersja>2012-09-27T09:26:09+02:00</sln:powIIPWersja><sln:powIdTeryt>2003</sln:powIdTeryt><sln:powNazwa>bielski</sln:powNazwa><sln:waznyOd>2015-07-16T00:00:00+02:00</sln:waznyOd><sln:wojIIPId>53ad7aea-d9d3-40c9-9a5c-ff737d5b076e</sln:wojIIPId><sln:wojIIPPn>PL.PZGIK.200</sln:wojIIPPn><sln:wojIIPWersja>2017-10-10T00:00:00+02:00</sln:wojIIPWersja><sln:wojIdTeryt>20</sln:wojIdTeryt><sln:wojNazwa>podlaskie</sln:wojNazwa></sln:miejscowosc><sln:miejscowosc><sln:cyklZyciaDo>2017-04-10T00:00:00+02:00</sln:cyklZyciaDo><sln:cyklZyciaOd>2016-01-20T00:00:00+01:00</sln:cyklZyciaOd><sln:gmIIPId>1d08848a-52b1-407c-bcb7-f7bc9b6b6fdb</sln:gmIIPId><sln:gmIIPPn>PL.PZGIK.200</sln:gmIIPPn><sln:gmIIPWersja>2012-09-26T22:15:15+02:00</sln:gmIIPWersja><sln:gmIdTeryt>2003042</sln:gmIdTeryt><sln:gmNazwa>Boćki</sln:gmNazwa><sln:miejscIIPId>5d61bd25-b4cf-431a-b1a8-2cc5741be139</sln:miejscIIPId><sln:miejscIIPPn>PL.PZGIK.200</sln:miejscIIPPn><sln:miejscIIPWersja>2016-11-24T08:35:28+02:00</sln:miejscIIPWersja><sln:miejscIdTeryt>0024124</sln:miejscIdTeryt><sln:miejscNazwa>Bystre</sln:miejscNazwa><sln:miejscRodzaj>Wieś</sln:miejscRodzaj><sln:powIIPId>409d7d55-3ec7-48fc-b67f-dc58de8f4566</sln:powIIPId><sln:powIIPPn>PL.PZGIK.200</sln:powIIPPn><sln:powIIPWersja>2012-09-27T09:26:09+02:00</sln:powIIPWersja><sln:powIdTeryt>2003</sln:powIdTeryt><sln:powNazwa>bielski</sln:powNazwa><sln:waznyOd>2015-07-16T00:00:00+02:00</sln:waznyOd><sln:wojIIPId>53ad7aea-d9d3-40c9-9a5c-ff737d5b076e</sln:wojIIPId><sln:wojIIPPn>PL.PZGIK.200</sln:wojIIPPn><sln:wojIIPWersja>2017-10-10T00:00:00+02:00</sln:wojIIPWersja><sln:wojIdTeryt>20</sln:wojIdTeryt><sln:wojNazwa>podlaskie</sln:wojNazwa></sln:miejscowosc><sln:miejscowosc><sln:cyklZyciaDo>2017-04-10T00:00:00+02:00</sln:cyklZyciaDo><sln:cyklZyciaOd>2016-01-20T00:00:00+01:00</sln:cyklZyciaOd><sln:gmIIPId>1d08848a-52b1-407c-bcb7-f7bc9b6b6fdb</sln:gmIIPId><sln:gmIIPPn>PL.PZGIK.200</sln:gmIIPPn><sln:gmIIPWersja>2012-09-26T22:15:15+02:00</sln:gmIIPWersja><sln:gmIdTeryt>2003042</sln:gmIdTeryt><sln:gmNazwa>Boćki</sln:gmNazwa><sln:miejscIIPId>1c0a2c39-b321-4476-9878-378ba4ba7972</sln:miejscIIPId><sln:miejscIIPPn>PL.PZGIK.200</sln:miejscIIPPn><sln:miejscIIPWersja>2016-11-24T14:10:07+02:00</sln:miejscIIPWersja><sln:miejscNazwa>Chranibory</sln:miejscNazwa><sln:miejscRodzaj>Inny obiekt</sln:miejscRodzaj><sln:powIIPId>409d7d55-3ec7-48fc-b67f-dc58de8f4566</sln:powIIPId><sln:powIIPPn>PL.PZGIK.200</sln:powIIPPn><sln:powIIPWersja>2012-09-27T09:26:09+02:00</sln:powIIPWersja><sln:powIdTeryt>2003</sln:powIdTeryt><sln:powNazwa>bielski</sln:powNazwa><sln:waznyOd>2015-11-10T00:00:00+01:00</sln:waznyOd><sln:wojIIPId>53ad7aea-d9d3-40c9-9a5c-ff737d5b076e</sln:wojIIPId><sln:wojIIPPn>PL.PZGIK.200</sln:wojIIPPn><sln:wojIIPWersja>2017-10-10T00:00:00+02:00</sln:wojIIPWersja><sln:wojIdTeryt>20</sln:wojIdTeryt><sln:wojNazwa>podlaskie</sln:wojNazwa></sln:miejscowosc><sln:miejscowosc><sln:cyklZyciaDo>2017-04-10T00:00:00+02:00</sln:cyklZyciaDo><sln:cyklZyciaOd>2016-01-20T00:00:00+01:00</sln:cyklZyciaOd><sln:gmIIPId>1d08848a-52b1-407c-bcb7-f7bc9b6b6fdb</sln:gmIIPId><sln:gmIIPPn>PL.PZGIK.200</sln:gmIIPPn><sln:gmIIPWersja>2012-09-26T22:15:15+02:00</sln:gmIIPWersja><sln:gmIdTeryt>2003042</sln:gmIdTeryt><sln:gmNazwa>Boćki</sln:gmNazwa><sln:miejscIIPId>6508c820-2b46-4ef1-b75b-90a49f443ba0</sln:miejscIIPId><sln:miejscIIPPn>PL.PZGIK.200</sln:miejscIIPPn><sln:miejscIIPWersja>2016-11-24T08:35:28+02:00</sln:miejscIIPWersja><sln:miejscIdTeryt>0024390</sln:miejscIdTeryt><sln:miejscNazwa>Chranibory Drugie</sln:miejscNazwa><sln:miejscRodzaj>Kolonia</sln:miejscRodzaj><sln:powIIPId>409d7d55-3ec7-48fc-b67f-dc58de8f4566</sln:powIIPId><sln:powIIPPn>PL.PZGIK.200</sln:powIIPPn><sln:powIIPWersja>2012-09-27T09:26:09+02:00</sln:powIIPWersja><sln:powIdTeryt>2003</sln:powIdTeryt><sln:powNazwa>bielski</sln:powNazwa><sln:waznyOd>2016-01-20T00:00:00+01:00</sln:waznyOd><sln:wojIIPId>53ad7aea-d9d3-40c9-9a5c-ff737d5b076e</sln:wojIIPId><sln:wojIIPPn>PL.PZGIK.200</sln:wojIIPPn><sln:wojIIPWersja>2017-10-10T00:00:00+02:00</sln:wojIIPWersja><sln:wojIdTeryt>20</sln:wojIdTeryt><sln:wojNazwa>podlaskie</sln:wojNazwa></sln:miejscowosc><sln:miejscowosc><sln:cyklZyciaDo>2017-04-10T00:00:00+02:00</sln:cyklZyciaDo><sln:cyklZyciaOd>2016-01-20T00:00:00+01:00</sln:cyklZyciaOd><sln:gmIIPId>1d08848a-52b1-407c-bcb7-f7bc9b6b6fdb</sln:gmIIPId><sln:gmIIPPn>PL.PZGIK.200</sln:gmIIPPn><sln:gmIIPWersja>2012-09-26T22:15:15+02:00</sln:gmIIPWersja><sln:gmIdTeryt>2003042</sln:gmIdTeryt><sln:gmNazwa>Boćki</sln:gmNazwa><sln:miejscIIPId>9475baa8-a847-4c4b-9dec-7a1feb4a2711</sln:miejscIIPId><sln:miejscIIPPn>PL.PZGIK.200</sln:miejscIIPPn><sln:miejscIIPWersja>2016-11-24T08:35:28+02:00</sln:miejscIIPWersja><sln:miejscIdTeryt>0024408</sln:miejscIdTeryt><sln:miejscNazwa>Chranibory Pierwsze</sln:miejscNazwa><sln:miejscRodzaj>Kolonia</sln:miejscRodzaj><sln:powIIPId>409d7d55-3ec7-48fc-b67f-dc58de8f4566</sln:powIIPId><sln:powIIPPn>PL.PZGIK.200</sln:powIIPPn><sln:powIIPWersja>2012-09-27T09:26:09+02:00</sln:powIIPWersja><sln:powIdTeryt>2003</sln:powIdTeryt><sln:powNazwa>bielski</sln:powNazwa><sln:waznyOd>2016-01-20T00:00:00+01:00</sln:waznyOd><sln:wojIIPId>53ad7aea-d9d3-40c9-9a5c-ff737d5b076e</sln:wojIIPId><sln:wojIIPPn>PL.PZGIK.200</sln:wojIIPPn><sln:wojIIPWersja>2017-10-10T00:00:00+02:00</sln:wojIIPWersja><sln:wojIdTeryt>20</sln:wojIdTeryt><sln:wojNazwa>podlaskie</sln:wojNazwa></sln:miejscowosc><sln:miejscowosc><sln:cyklZyciaDo>2017-04-10T00:00:00+02:00</sln:cyklZyciaDo><sln:cyklZyciaOd>2016-01-20T00:00:00+01:00</sln:cyklZyciaOd><sln:gmIIPId>1d08848a-52b1-407c-bcb7-f7bc9b6b6fdb</sln:gmIIPId><sln:gmIIPPn>PL.PZGIK.200</sln:gmIIPPn><sln:gmIIPWersja>2012-09-26T22:15:15+02:00</sln:gmIIPWersja><sln:gmIdTeryt>2003042</sln:gmIdTeryt><sln:gmNazwa>Boćki</sln:gmNazwa><sln:miejscIIPId>c9d41029-c28a-4bdb-9a7f-566cc6df92ca</sln:miejscIIPId><sln:miejscIIPPn>PL.PZGIK.200</sln:miejscIIPPn><sln:miejscIIPWersja>2016-11-24T08:35:28+02:00</sln:miejscIIPWersja><sln:miejscIdTeryt>0024147</sln:miejscIdTeryt><sln:miejscNazwa>Dubno</sln:miejscNazwa><sln:miejscRodzaj>Wieś</sln:miejscRodzaj><sln:powIIPId>409d7d55-3ec7-48fc-b67f-dc58de8f4566</sln:powIIPId><sln:powIIPPn>PL.PZGIK.200</sln:powIIPPn><sln:powIIPWersja>2012-09-27T09:26:09+02:00</sln:powIIPWersja><sln:powIdTeryt>2003</sln:powIdTeryt><sln:powNazwa>bielski</sln:powNazwa><sln:waznyOd>2015-07-16T00:00:00+02:00</sln:waznyOd><sln:wojIIPId>53ad7aea-d9d3-40c9-9a5c-ff737d5b076e</sln:wojIIPId><sln:wojIIPPn>PL.PZGIK.200</sln:wojIIPPn><sln:wojIIPWersja>2017-10-10T00:00:00+02:00</sln:wojIIPWersja><sln:wojIdTeryt>20</sln:wojIdTeryt><sln:wojNazwa>podlaskie</sln:wojNazwa></sln:miejscowosc><sln:miejscowosc><sln:cyklZyciaDo>2017-04-10T00:00:00+02:00</sln:cyklZyciaDo><sln:cyklZyciaOd>2016-01-20T00:00:00+01:00</sln:cyklZyciaOd><sln:gmIIPId>1d08848a-52b1-407c-bcb7-f7bc9b6b6fdb</sln:gmIIPId><sln:gmIIPPn>PL.PZGIK.200</sln:gmIIPPn><sln:gmIIPWersja>2012-09-26T22:15:15+02:00</sln:gmIIPWersja><sln:gmIdTeryt>2003042</sln:gmIdTeryt><sln:gmNazwa>Boćki</sln:gmNazwa><sln:miejscIIPId>2a4fc28f-1848-401b-a7de-6bd921c4427c</sln:miejscIIPId><sln:miejscIIPPn>PL.PZGIK.200</sln:miejscIIPPn><sln:miejscIIPWersja>2016-11-24T08:35:28+02:00</sln:miejscIIPWersja><sln:miejscIdTeryt>0024153</sln:miejscIdTeryt><sln:miejscNazwa>Dziecinne</sln:miejscNazwa><sln:miejscRodzaj>Wieś</sln:miejscRodzaj><sln:powIIPId>409d7d55-3ec7-48fc-b67f-dc58de8f4566</sln:powIIPId><sln:powIIPPn>PL.PZGIK.200</sln:powIIPPn><sln:powIIPWersja>2012-09-27T09:26:09+02:00</sln:powIIPWersja><sln:powIdTeryt>2003</sln:powIdTeryt><sln:powNazwa>bielski</sln:powNazwa><sln:waznyOd>2015-07-16T00:00:00+02:00</sln:waznyOd><sln:wojIIPId>53ad7aea-d9d3-40c9-9a5c-ff737d5b076e</sln:wojIIPId><sln:wojIIPPn>PL.PZGIK.200</sln:wojIIPPn><sln:wojIIPWersja>2017-10-10T00:00:00+02:00</sln:wojIIPWersja><sln:wojIdTeryt>20</sln:wojIdTeryt><sln:wojNazwa>podlaskie</sln:wojNazwa></sln:miejscowosc><sln:miejscowosc><sln:cyklZyciaDo>2017-04-10T00:00:00+02:00</sln:cyklZyciaDo><sln:cyklZyciaOd>2016-01-20T00:00:00+01:00</sln:cyklZyciaOd><sln:gmIIPId>1d08848a-52b1-407c-bcb7-f7bc9b6b6fdb</sln:gmIIPId><sln:gmIIPPn>PL.PZGIK.200</sln:gmIIPPn><sln:gmIIPWersja>2012-09-26T22:15:15+02:00</sln:gmIIPWersja><sln:gmIdTeryt>2003042</sln:gmIdTeryt><sln:gmNazwa>Boćki</sln:gmNazwa><sln:miejscIIPId>dfa232cc-4ea5-473c-a3a5-70b5757b6f05</sln:miejscIIPId><sln:miejscIIPPn>PL.PZGIK.200</sln:miejscIIPPn><sln:miejscIIPWersja>2016-11-24T08:35:28+02:00</sln:miejscIIPWersja><sln:miejscIdTeryt>0024160</sln:miejscIdTeryt><sln:miejscNazwa>Hawryłki</sln:miejscNazwa><sln:miejscRodzaj>Wieś</sln:miejscRodzaj><sln:powIIPId>409d7d55-3ec7-48fc-b67f-dc58de8f4566</sln:powIIPId><sln:powIIPPn>PL.PZGIK.200</sln:powIIPPn><sln:powIIPWersja>2012-09-27T09:26:09+02:00</sln:powIIPWersja><sln:powIdTeryt>2003</sln:powIdTeryt><sln:powNazwa>bielski</sln:powNazwa><sln:waznyOd>2015-07-16T00:00:00+02:00</sln:waznyOd><sln:wojIIPId>53ad7aea-d9d3-40c9-9a5c-ff737d5b076e</sln:wojIIPId><sln:wojIIPPn>PL.PZGIK.200</sln:wojIIPPn><sln:wojIIPWersja>2017-10-10T00:00:00+02:00</sln:wojIIPWersja><sln:wojIdTeryt>20</sln:wojIdTeryt><sln:wojNazwa>podlaskie</sln:wojNazwa></sln:miejscowosc><sln:miejscowosc><sln:cyklZyciaDo>2017-04-10T00:00:00+02:00</sln:cyklZyciaDo><sln:cyklZyciaOd>2016-01-20T00:00:00+01:00</sln:cyklZyciaOd><sln:gmIIPId>1d08848a-52b1-407c-bcb7-f7bc9b6b6fdb</sln:gmIIPId><sln:gmIIPPn>PL.PZGIK.200</sln:gmIIPPn><sln:gmIIPWersja>2012-09-26T22:15:15+02:00</sln:gmIIPWersja><sln:gmIdTeryt>2003042</sln:gmIdTeryt><sln:gmNazwa>Boćki</sln:gmNazwa><sln:miejscIIPId>fe41166d-3fea-4a09-a250-26e0df2ae99f</sln:miejscIIPId><sln:miejscIIPPn>PL.PZGIK.200</sln:miejscIIPPn><sln:miejscIIPWersja>2016-11-24T08:35:28+02:00</sln:miejscIIPWersja><sln:miejscIdTeryt>0024176</sln:miejscIdTeryt><sln:miejscNazwa>Jakubowskie</sln:miejscNazwa><sln:miejscRodzaj>Wieś</sln:miejscRodzaj><sln:powIIPId>409d7d55-3ec7-48fc-b67f-dc58de8f4566</sln:powIIPId><sln:powIIPPn>PL.PZGIK.200</sln:powIIPPn><sln:powIIPWersja>2012-09-27T09:26:09+02:00</sln:powIIPWersja><sln:powIdTeryt>2003</sln:powIdTeryt><sln:powNazwa>bielski</sln:powNazwa><sln:waznyOd>2015-07-16T00:00:00+02:00</sln:waznyOd><sln:wojIIPId>53ad7aea-d9d3-40c9-9a5c-ff737d5b076e</sln:wojIIPId><sln:wojIIPPn>PL.PZGIK.200</sln:wojIIPPn><sln:wojIIPWersja>2017-10-10T00:00:00+02:00</sln:wojIIPWersja><sln:wojIdTeryt>20</sln:wojIdTeryt><sln:wojNazwa>podlaskie</sln:wojNazwa></sln:miejscowosc><sln:miejscowosc><sln:cyklZyciaDo>2017-04-10T00:00:00+02:00</sln:cyklZyciaDo><sln:cyklZyciaOd>2016-01-20T00:00:00+01:00</sln:cyklZyciaOd><sln:gmIIPId>1d08848a-52b1-407c-bcb7-f7bc9b6b6fdb</sln:gmIIPId><sln:gmIIPPn>PL.PZGIK.200</sln:gmIIPPn><sln:gmIIPWersja>2012-09-26T22:15:15+02:00</sln:gmIIPWersja><sln:gmIdTeryt>2003042</sln:gmIdTeryt><sln:gmNazwa>Boćki</sln:gmNazwa><sln:miejscIIPId>7bfbd428-978d-46ee-892c-52c467171168</sln:miejscIIPId><sln:miejscIIPPn>PL.PZGIK.200</sln:miejscIIPPn><sln:miejscIIPWersja>2016-11-24T08:35:28+02:00</sln:miejscIIPWersja><sln:miejscIdTeryt>0024087</sln:miejscIdTeryt><sln:miejscNazwa>Kolonia Boćki</sln:miejscNazwa><sln:miejscRodzaj>Kolonia</sln:miejscRodzaj><sln:powIIPId>409d7d55-3ec7-48fc-b67f-dc58de8f4566</sln:powIIPId><sln:powIIPPn>PL.PZGIK.200</sln:powIIPPn><sln:powIIPWersja>2012-09-27T09:26:09+02:00</sln:powIIPWersja><sln:powIdTeryt>2003</sln:powIdTeryt><sln:powNazwa>bielski</sln:powNazwa><sln:waznyOd>2015-07-16T00:00:00+02:00</sln:waznyOd><sln:wojIIPId>53ad7aea-d9d3-40c9-9a5c-ff737d5b076e</sln:wojIIPId><sln:wojIIPPn>PL.PZGIK.200</sln:wojIIPPn><sln:wojIIPWersja>2017-10-10T00:00:00+02:00</sln:wojIIPWersja><sln:wojIdTeryt>20</sln:wojIdTeryt><sln:wojNazwa>podlaskie</sln:wojNazwa></sln:miejscowosc><sln:miejscowosc><sln:cyklZyciaDo>2017-04-10T00:00:00+02:00</sln:cyklZyciaDo><sln:cyklZyciaOd>2016-01-20T00:00:00+01:00</sln:cyklZyciaOd><sln:gmIIPId>1d08848a-52b1-407c-bcb7-f7bc9b6b6fdb</sln:gmIIPId><sln:gmIIPPn>PL.PZGIK.200</sln:gmIIPPn><sln:gmIIPWersja>2012-09-26T22:15:15+02:00</sln:gmIIPWersja><sln:gmIdTeryt>2003042</sln:gmIdTeryt><sln:gmNazwa>Boćki</sln:gmNazwa><sln:miejscIIPId>a33abdb3-25ea-4e27-b9e1-608bbc456fae</sln:miejscIIPId><sln:miejscIIPPn>PL.PZGIK.200</sln:miejscIIPPn><sln:miejscIIPWersja>2016-11-24T08:35:28+02:00</sln:miejscIIPWersja><sln:miejscIdTeryt>0024182</sln:miejscIdTeryt><sln:miejscNazwa>Krasna Wieś</sln:miejscNazwa><sln:miejscRodzaj>Wieś</sln:miejscRodzaj><sln:powIIPId>409d7d55-3ec7-48fc-b67f-dc58de8f4566</sln:powIIPId><sln:powIIPPn>PL.PZGIK.200</sln:powIIPPn><sln:powIIPWersja>2012-09-27T09:26:09+02:00</sln:powIIPWersja><sln:powIdTeryt>2003</sln:powIdTeryt><sln:powNazwa>bielski</sln:powNazwa><sln:waznyOd>2015-07-16T00:00:00+02:00</sln:waznyOd><sln:wojIIPId>53ad7aea-d9d3-40c9-9a5c-ff737d5b076e</sln:wojIIPId><sln:wojIIPPn>PL.PZGIK.200</sln:wojIIPPn><sln:wojIIPWersja>2017-10-10T00:00:00+02:00</sln:wojIIPWersja><sln:wojIdTeryt>20</sln:wojIdTeryt><sln:wojNazwa>podlaskie</sln:wojNazwa></sln:miejscowosc><sln:miejscowosc><sln:cyklZyciaDo>2017-04-10T00:00:00+02:00</sln:cyklZyciaDo><sln:cyklZyciaOd>2016-01-20T00:00:00+01:00</sln:cyklZyciaOd><sln:gmIIPId>1d08848a-52b1-407c-bcb7-f7bc9b6b6fdb</sln:gmIIPId><sln:gmIIPPn>PL.PZGIK.200</sln:gmIIPPn><sln:gmIIPWersja>2012-09-26T22:15:15+02:00</sln:gmIIPWersja><sln:gmIdTeryt>2003042</sln:gmIdTeryt><sln:gmNazwa>Boćki</sln:gmNazwa><sln:miejscIIPId>df29c5db-dc0c-408f-a71b-d114c5f575e3</sln:miejscIIPId><sln:miejscIIPPn>PL.PZGIK.200</sln:miejscIIPPn><sln:miejscIIPWersja>2016-11-24T08:35:28+02:00</sln:miejscIIPWersja><sln:miejscIdTeryt>0024199</sln:miejscIdTeryt><sln:miejscNazwa>Mołoczki</sln:miejscNazwa><sln:miejscRodzaj>Wieś</sln:miejscRodzaj><sln:powIIPId>409d7d55-3ec7-48fc-b67f-dc58de8f4566</sln:powIIPId><sln:powIIPPn>PL.PZGIK.200</sln:powIIPPn><sln:powIIPWersja>2012-09-27T09:26:09+02:00</sln:powIIPWersja><sln:powIdTeryt>2003</sln:powIdTeryt><sln:powNazwa>bielski</sln:powNazwa><sln:waznyOd>2015-07-16T00:00:00+02:00</sln:waznyOd><sln:wojIIPId>53ad7aea-d9d3-40c9-9a5c-ff737d5b076e</sln:wojIIPId><sln:wojIIPPn>PL.PZGIK.200</sln:wojIIPPn><sln:wojIIPWersja>2017-10-10T00:00:00+02:00</sln:wojIIPWersja><sln:wojIdTeryt>20</sln:wojIdTeryt><sln:wojNazwa>podlaskie</sln:wojNazwa></sln:miejscowosc><sln:miejscowosc><sln:cyklZyciaDo>2017-04-10T00:00:00+02:00</sln:cyklZyciaDo><sln:cyklZyciaOd>2016-01-20T00:00:00+01:00</sln:cyklZyciaOd><sln:gmIIPId>1d08848a-52b1-407c-bcb7-f7bc9b6b6fdb</sln:gmIIPId><sln:gmIIPPn>PL.PZGIK.200</sln:gmIIPPn><sln:gmIIPWersja>2012-09-26T22:15:15+02:00</sln:gmIIPWersja><sln:gmIdTeryt>2003042</sln:gmIdTeryt><sln:gmNazwa>Boćki</sln:gmNazwa><sln:miejscIIPId>6d8fd55d-77f3-4833-86f2-8a630b50a77e</sln:miejscIIPId><sln:miejscIIPPn>PL.PZGIK.200</sln:miejscIIPPn><sln:miejscIIPWersja>2016-11-24T08:35:28+02:00</sln:miejscIIPWersja><sln:miejscIdTeryt>0024207</sln:miejscIdTeryt><sln:miejscNazwa>Nurzec</sln:miejscNazwa><sln:miejscRodzaj>Wieś</sln:miejscRodzaj><sln:powIIPId>409d7d55-3ec7-48fc-b67f-dc58de8f4566</sln:powIIPId><sln:powIIPPn>PL.PZGIK.200</sln:powIIPPn><sln:powIIPWersja>2012-09-27T09:26:09+02:00</sln:powIIPWersja><sln:powIdTeryt>2003</sln:powIdTeryt><sln:powNazwa>bielski</sln:powNazwa><sln:waznyOd>2015-07-16T00:00:00+02:00</sln:waznyOd><sln:wojIIPId>53ad7aea-d9d3-40c9-9a5c-ff737d5b076e</sln:wojIIPId><sln:wojIIPPn>PL.PZGIK.200</sln:wojIIPPn><sln:wojIIPWersja>2017-10-10T00:00:00+02:00</sln:wojIIPWersja><sln:wojIdTeryt>20</sln:wojIdTeryt><sln:wojNazwa>podlaskie</sln:wojNazwa></sln:miejscowosc><sln:miejscowosc><sln:cyklZyciaDo>2017-04-10T00:00:00+02:00</sln:cyklZyciaDo><sln:cyklZyciaOd>2016-01-20T00:00:00+01:00</sln:cyklZyciaOd><sln:gmIIPId>1d08848a-52b1-407c-bcb7-f7bc9b6b6fdb</sln:gmIIPId><sln:gmIIPPn>PL.PZGIK.200</sln:gmIIPPn><sln:gmIIPWersja>2012-09-26T22:15:15+02:00</sln:gmIIPWersja><sln:gmIdTeryt>2003042</sln:gmIdTeryt><sln:gmNazwa>Boćki</sln:gmNazwa><sln:miejscIIPId>0bcf0c8e-c4cb-4abc-b5d2-fe1028026ac2</sln:miejscIIPId><sln:miejscIIPPn>PL.PZGIK.200</sln:miejscIIPPn><sln:miejscIIPWersja>2016-11-24T08:35:28+02:00</sln:miejscIIPWersja><sln:miejscIdTeryt>0024213</sln:miejscIdTeryt><sln:miejscNazwa>Olszewo</sln:miejscNazwa><sln:miejscRodzaj>Wieś</sln:miejscRodzaj><sln:powIIPId>409d7d55-3ec7-48fc-b67f-dc58de8f4566</sln:powIIPId><sln:powIIPPn>PL.PZGIK.200</sln:powIIPPn><sln:powIIPWersja>2012-09-27T09:26:09+02:00</sln:powIIPWersja><sln:powIdTeryt>2003</sln:powIdTeryt><sln:powNazwa>bielski</sln:powNazwa><sln:waznyOd>2015-07-16T00:00:00+02:00</sln:waznyOd><sln:wojIIPId>53ad7aea-d9d3-40c9-9a5c-ff737d5b076e</sln:wojIIPId><sln:wojIIPPn>PL.PZGIK.200</sln:wojIIPPn><sln:wojIIPWersja>2017-10-10T00:00:00+02:00</sln:wojIIPWersja><sln:wojIdTeryt>20</sln:wojIdTeryt><sln:wojNazwa>podlaskie</sln:wojNazwa></sln:miejscowosc><sln:miejscowosc><sln:cyklZyciaDo>2017-04-10T00:00:00+02:00</sln:cyklZyciaDo><sln:cyklZyciaOd>2016-01-20T00:00:00+01:00</sln:cyklZyciaOd><sln:gmIIPId>1d08848a-52b1-407c-bcb7-f7bc9b6b6fdb</sln:gmIIPId><sln:gmIIPPn>PL.PZGIK.200</sln:gmIIPPn><sln:gmIIPWersja>2012-09-26T22:15:15+02:00</sln:gmIIPWersja><sln:gmIdTeryt>2003042</sln:gmIdTeryt><sln:gmNazwa>Boćki</sln:gmNazwa><sln:miejscIIPId>9f78fcea-c608-43a4-86ee-5e603b6c2cbe</sln:miejscIIPId><sln:miejscIIPPn>PL.PZGIK.200</sln:miejscIIPPn><sln:miejscIIPWersja>2016-11-24T08:35:28+02:00</sln:miejscIIPWersja><sln:miejscIdTeryt>0024220</sln:miejscIdTeryt><sln:miejscNazwa>Pasieka</sln:miejscNazwa><sln:miejscRodzaj>Kolonia</sln:miejscRodzaj><sln:powIIPId>409d7d55-3ec7-48fc-b67f-dc58de8f4566</sln:powIIPId><sln:powIIPPn>PL.PZGIK.200</sln:powIIPPn><sln:powIIPWersja>2012-09-27T09:26:09+02:00</sln:powIIPWersja><sln:powIdTeryt>2003</sln:powIdTeryt><sln:powNazwa>bielski</sln:powNazwa><sln:waznyOd>2015-07-16T00:00:00+02:00</sln:waznyOd><sln:wojIIPId>53ad7aea-d9d3-40c9-9a5c-ff737d5b076e</sln:wojIIPId><sln:wojIIPPn>PL.PZGIK.200</sln:wojIIPPn><sln:wojIIPWersja>2017-10-10T00:00:00+02:00</sln:wojIIPWersja><sln:wojIdTeryt>20</sln:wojIdTeryt><sln:wojNazwa>podlaskie</sln:wojNazwa></sln:miejscowosc><sln:miejscowosc><sln:cyklZyciaDo>2017-04-10T00:00:00+02:00</sln:cyklZyciaDo><sln:cyklZyciaOd>2016-01-20T00:00:00+01:00</sln:cyklZyciaOd><sln:gmIIPId>1d08848a-52b1-407c-bcb7-f7bc9b6b6fdb</sln:gmIIPId><sln:gmIIPPn>PL.PZGIK.200</sln:gmIIPPn><sln:gmIIPWersja>2012-09-26T22:15:15+02:00</sln:gmIIPWersja><sln:gmIdTeryt>2003042</sln:gmIdTeryt><sln:gmNazwa>Boćki</sln:gmNazwa><sln:miejscIIPId>3102d313-a5ae-4015-894b-616e80ff23ef</sln:miejscIIPId><sln:miejscIIPPn>PL.PZGIK.200</sln:miejscIIPPn><sln:miejscIIPWersja>2016-11-24T08:35:28+02:00</sln:miejscIIPWersja><sln:miejscIdTeryt>0024236</sln:miejscIdTeryt><sln:miejscNazwa>Piotrowo-Krzywokoły</sln:miejscNazwa><sln:miejscRodzaj>Wieś</sln:miejscRodzaj><sln:powIIPId>409d7d55-3ec7-48fc-b67f-dc58de8f4566</sln:powIIPId><sln:powIIPPn>PL.PZGIK.200</sln:powIIPPn><sln:powIIPWersja>2012-09-27T09:26:09+02:00</sln:powIIPWersja><sln:powIdTeryt>2003</sln:powIdTeryt><sln:powNazwa>bielski</sln:powNazwa><sln:waznyOd>2015-07-16T00:00:00+02:00</sln:waznyOd><sln:wojIIPId>53ad7aea-d9d3-40c9-9a5c-ff737d5b076e</sln:wojIIPId><sln:wojIIPPn>PL.PZGIK.200</sln:wojIIPPn><sln:wojIIPWersja>2017-10-10T00:00:00+02:00</sln:wojIIPWersja><sln:wojIdTeryt>20</sln:wojIdTeryt><sln:wojNazwa>podlaskie</sln:wojNazwa></sln:miejscowosc><sln:miejscowosc><sln:cyklZyciaDo>2017-04-10T00:00:00+02:00</sln:cyklZyciaDo><sln:cyklZyciaOd>2016-01-20T00:00:00+01:00</sln:cyklZyciaOd><sln:gmIIPId>1d08848a-52b1-407c-bcb7-f7bc9b6b6fdb</sln:gmIIPId><sln:gmIIPPn>PL.PZGIK.200</sln:gmIIPPn><sln:gmIIPWersja>2012-09-26T22:15:15+02:00</sln:gmIIPWersja><sln:gmIdTeryt>2003042</sln:gmIdTeryt><sln:gmNazwa>Boćki</sln:gmNazwa><sln:miejscIIPId>7e52a97a-6dab-474b-ac93-4d7259604e9f</sln:miejscIIPId><sln:miejscIIPPn>PL.PZGIK.200</sln:miejscIIPPn><sln:miejscIIPWersja>2016-11-24T08:35:28+02:00</sln:miejscIIPWersja><sln:miejscIdTeryt>0024242</sln:miejscIdTeryt><sln:miejscNazwa>Piotrowo-Trojany</sln:miejscNazwa><sln:miejscRodzaj>Wieś</sln:miejscRodzaj><sln:powIIPId>409d7d55-3ec7-48fc-b67f-dc58de8f4566</sln:powIIPId><sln:powIIPPn>PL.PZGIK.200</sln:powIIPPn><sln:powIIPWersja>2012-09-27T09:26:09+02:00</sln:powIIPWersja><sln:powIdTeryt>2003</sln:powIdTeryt><sln:powNazwa>bielski</sln:powNazwa><sln:waznyOd>2015-07-16T00:00:00+02:00</sln:waznyOd><sln:wojIIPId>53ad7aea-d9d3-40c9-9a5c-ff737d5b076e</sln:wojIIPId><sln:wojIIPPn>PL.PZGIK.200</sln:wojIIPPn><sln:wojIIPWersja>2017-10-10T00:00:00+02:00</sln:wojIIPWersja><sln:wojIdTeryt>20</sln:wojIdTeryt><sln:wojNazwa>podlaskie</sln:wojNazwa></sln:miejscowosc><sln:miejscowosc><sln:cyklZyciaDo>2017-04-10T00:00:00+02:00</sln:cyklZyciaDo><sln:cyklZyciaOd>2016-01-20T00:00:00+01:00</sln:cyklZyciaOd><sln:gmIIPId>1d08848a-52b1-407c-bcb7-f7bc9b6b6fdb</sln:gmIIPId><sln:gmIIPPn>PL.PZGIK.200</sln:gmIIPPn><sln:gmIIPWersja>2012-09-26T22:15:15+02:00</sln:gmIIPWersja><sln:gmIdTeryt>2003042</sln:gmIdTeryt><sln:gmNazwa>Boćki</sln:gmNazwa><sln:miejscIIPId>600493b0-c35b-4ac8-b527-1c7124f87407</sln:miejscIIPId><sln:miejscIIPPn>PL.PZGIK.200</sln:miejscIIPPn><sln:miejscIIPWersja>2016-11-24T08:35:28+02:00</sln:miejscIIPWersja><sln:miejscIdTeryt>0024259</sln:miejscIdTeryt><sln:miejscNazwa>Sasiny</sln:miejscNazwa><sln:miejscRodzaj>Wieś</sln:miejscRodzaj><sln:powIIPId>409d7d55-3ec7-48fc-b67f-dc58de8f4566</sln:powIIPId><sln:powIIPPn>PL.PZGIK.200</sln:powIIPPn><sln:powIIPWersja>2012-09-27T09:26:09+02:00</sln:powIIPWersja><sln:powIdTeryt>2003</sln:powIdTeryt><sln:powNazwa>bielski</sln:powNazwa><sln:waznyOd>2015-07-16T00:00:00+02:00</sln:waznyOd><sln:wojIIPId>53ad7aea-d9d3-40c9-9a5c-ff737d5b076e</sln:wojIIPId><sln:wojIIPPn>PL.PZGIK.200</sln:wojIIPPn><sln:wojIIPWersja>2017-10-10T00:00:00+02:00</sln:wojIIPWersja><sln:wojIdTeryt>20</sln:wojIdTeryt><sln:wojNazwa>podlaskie</sln:wojNazwa></sln:miejscowosc><sln:miejscowosc><sln:cyklZyciaDo>2017-04-10T00:00:00+02:00</sln:cyklZyciaDo><sln:cyklZyciaOd>2016-01-20T00:00:00+01:00</sln:cyklZyciaOd><sln:gmIIPId>1d08848a-52b1-407c-bcb7-f7bc9b6b6fdb</sln:gmIIPId><sln:gmIIPPn>PL.PZGIK.200</sln:gmIIPPn><sln:gmIIPWersja>2012-09-26T22:15:15+02:00</sln:gmIIPWersja><sln:gmIdTeryt>2003042</sln:gmIdTeryt><sln:gmNazwa>Boćki</sln:gmNazwa><sln:miejscIIPId>bbae17ae-e559-4040-b56d-ca832d70128c</sln:miejscIIPId><sln:miejscIIPPn>PL.PZGIK.200</sln:miejscIIPPn><sln:miejscIIPWersja>2016-11-24T08:35:28+02:00</sln:miejscIIPWersja><sln:miejscIdTeryt>0024265</sln:miejscIdTeryt><sln:miejscNazwa>Siedlece</sln:miejscNazwa><sln:miejscRodzaj>Wieś</sln:miejscRodzaj><sln:powIIPId>409d7d55-3ec7-48fc-b67f-dc58de8f4566</sln:powIIPId><sln:powIIPPn>PL.PZGIK.200</sln:powIIPPn><sln:powIIPWersja>2012-09-27T09:26:09+02:00</sln:powIIPWersja><sln:powIdTeryt>2003</sln:powIdTeryt><sln:powNazwa>bielski</sln:powNazwa><sln:waznyOd>2015-07-16T00:00:00+02:00</sln:waznyOd><sln:wojIIPId>53ad7aea-d9d3-40c9-9a5c-ff737d5b076e</sln:wojIIPId><sln:wojIIPPn>PL.PZGIK.200</sln:wojIIPPn><sln:wojIIPWersja>2017-10-10T00:00:00+02:00</sln:wojIIPWersja><sln:wojIdTeryt>20</sln:wojIdTeryt><sln:wojNazwa>podlaskie</sln:wojNazwa></sln:miejscowosc><sln:miejscowosc><sln:cyklZyciaDo>2017-04-10T00:00:00+02:00</sln:cyklZyciaDo><sln:cyklZyciaOd>2016-01-20T00:00:00+01:00</sln:cyklZyciaOd><sln:gmIIPId>1d08848a-52b1-407c-bcb7-f7bc9b6b6fdb</sln:gmIIPId><sln:gmIIPPn>PL.PZGIK.200</sln:gmIIPPn><sln:gmIIPWersja>2012-09-26T22:15:15+02:00</sln:gmIIPWersja><sln:gmIdTeryt>2003042</sln:gmIdTeryt><sln:gmNazwa>Boćki</sln:gmNazwa><sln:miejscIIPId>ee38e86a-6ee7-4c29-8e5c-ba8025a59c35</sln:miejscIIPId><sln:miejscIIPPn>PL.PZGIK.200</sln:miejscIIPPn><sln:miejscIIPWersja>2016-11-24T08:35:28+02:00</sln:miejscIIPWersja><sln:miejscIdTeryt>0024271</sln:miejscIdTeryt><sln:miejscNazwa>Siekluki</sln:miejscNazwa><sln:miejscRodzaj>Wieś</sln:miejscRodzaj><sln:powIIPId>409d7d55-3ec7-48fc-b67f-dc58de8f4566</sln:powIIPId><sln:powIIPPn>PL.PZGIK.200</sln:powIIPPn><sln:powIIPWersja>2012-09-27T09:26:09+02:00</sln:powIIPWersja><sln:powIdTeryt>2003</sln:powIdTeryt><sln:powNazwa>bielski</sln:powNazwa><sln:waznyOd>2015-07-16T00:00:00+02:00</sln:waznyOd><sln:wojIIPId>53ad7aea-d9d3-40c9-9a5c-ff737d5b076e</sln:wojIIPId><sln:wojIIPPn>PL.PZGIK.200</sln:wojIIPPn><sln:wojIIPWersja>2017-10-10T00:00:00+02:00</sln:wojIIPWersja><sln:wojIdTeryt>20</sln:wojIdTeryt><sln:wojNazwa>podlaskie</sln:wojNazwa></sln:miejscowosc><sln:miejscowosc><sln:cyklZyciaDo>2017-04-10T00:00:00+02:00</sln:cyklZyciaDo><sln:cyklZyciaOd>2016-01-20T00:00:00+01:00</sln:cyklZyciaOd><sln:gmIIPId>1d08848a-52b1-407c-bcb7-f7bc9b6b6fdb</sln:gmIIPId><sln:gmIIPPn>PL.PZGIK.200</sln:gmIIPPn><sln:gmIIPWersja>2012-09-26T22:15:15+02:00</sln:gmIIPWersja><sln:gmIdTeryt>2003042</sln:gmIdTeryt><sln:gmNazwa>Boćki</sln:gmNazwa><sln:miejscIIPId>033bba30-7756-4a65-a7e1-0938de2f0d1e</sln:miejscIIPId><sln:miejscIIPPn>PL.PZGIK.200</sln:miejscIIPPn><sln:miejscIIPWersja>2016-11-24T08:35:28+02:00</sln:miejscIIPWersja><sln:miejscIdTeryt>0024288</sln:miejscIdTeryt><sln:miejscNazwa>Sielc</sln:miejscNazwa><sln:miejscRodzaj>Wieś</sln:miejscRodzaj><sln:powIIPId>409d7d55-3ec7-48fc-b67f-dc58de8f4566</sln:powIIPId><sln:powIIPPn>PL.PZGIK.200</sln:powIIPPn><sln:powIIPWersja>2012-09-27T09:26:09+02:00</sln:powIIPWersja><sln:powIdTeryt>2003</sln:powIdTeryt><sln:powNazwa>bielski</sln:powNazwa><sln:waznyOd>2015-07-16T00:00:00+02:00</sln:waznyOd><sln:wojIIPId>53ad7aea-d9d3-40c9-9a5c-ff737d5b076e</sln:wojIIPId><sln:wojIIPPn>PL.PZGIK.200</sln:wojIIPPn><sln:wojIIPWersja>2017-10-10T00:00:00+02:00</sln:wojIIPWersja><sln:wojIdTeryt>20</sln:wojIdTeryt><sln:wojNazwa>podlaskie</sln:wojNazwa></sln:miejscowosc><sln:miejscowosc><sln:cyklZyciaDo>2017-04-10T00:00:00+02:00</sln:cyklZyciaDo><sln:cyklZyciaOd>2016-01-20T00:00:00+01:00</sln:cyklZyciaOd><sln:gmIIPId>1d08848a-52b1-407c-bcb7-f7bc9b6b6fdb</sln:gmIIPId><sln:gmIIPPn>PL.PZGIK.200</sln:gmIIPPn><sln:gmIIPWersja>2012-09-26T22:15:15+02:00</sln:gmIIPWersja><sln:gmIdTeryt>2003042</sln:gmIdTeryt><sln:gmNazwa>Boćki</sln:gmNazwa><sln:miejscIIPId>81d493e6-9785-4203-877f-9dcd64e02a9b</sln:miejscIIPId><sln:miejscIIPPn>PL.PZGIK.200</sln:miejscIIPPn><sln:miejscIIPWersja>2016-11-24T08:35:28+02:00</sln:miejscIIPWersja><sln:miejscIdTeryt>0024319</sln:miejscIdTeryt><sln:miejscNazwa>Skalimowo</sln:miejscNazwa><sln:miejscRodzaj>Wieś</sln:miejscRodzaj><sln:powIIPId>409d7d55-3ec7-48fc-b67f-dc58de8f4566</sln:powIIPId><sln:powIIPPn>PL.PZGIK.200</sln:powIIPPn><sln:powIIPWersja>2012-09-27T09:26:09+02:00</sln:powIIPWersja><sln:powIdTeryt>2003</sln:powIdTeryt><sln:powNazwa>bielski</sln:powNazwa><sln:waznyOd>2015-07-16T00:00:00+02:00</sln:waznyOd><sln:wojIIPId>53ad7aea-d9d3-40c9-9a5c-ff737d5b076e</sln:wojIIPId><sln:wojIIPPn>PL.PZGIK.200</sln:wojIIPPn><sln:wojIIPWersja>2017-10-10T00:00:00+02:00</sln:wojIIPWersja><sln:wojIdTeryt>20</sln:wojIdTeryt><sln:wojNazwa>podlaskie</sln:wojNazwa></sln:miejscowosc><sln:miejscowosc><sln:cyklZyciaDo>2017-04-10T00:00:00+02:00</sln:cyklZyciaDo><sln:cyklZyciaOd>2016-01-20T00:00:00+01:00</sln:cyklZyciaOd><sln:gmIIPId>1d08848a-52b1-407c-bcb7-f7bc9b6b6fdb</sln:gmIIPId><sln:gmIIPPn>PL.PZGIK.200</sln:gmIIPPn><sln:gmIIPWersja>2012-09-26T22:15:15+02:00</sln:gmIIPWersja><sln:gmIdTeryt>2003042</sln:gmIdTeryt><sln:gmNazwa>Boćki</sln:gmNazwa><sln:miejscIIPId>2651f6e3-6e73-4972-b5cd-09ba3337bcb4</sln:miejscIIPId><sln:miejscIIPPn>PL.PZGIK.200</sln:miejscIIPPn><sln:miejscIIPWersja>2016-11-24T08:35:28+02:00</sln:miejscIIPWersja><sln:miejscIdTeryt>0024325</sln:miejscIdTeryt><sln:miejscNazwa>Solniki</sln:miejscNazwa><sln:miejscRodzaj>Wieś</sln:miejscRodzaj><sln:powIIPId>409d7d55-3ec7-48fc-b67f-dc58de8f4566</sln:powIIPId><sln:powIIPPn>PL.PZGIK.200</sln:powIIPPn><sln:powIIPWersja>2012-09-27T09:26:09+02:00</sln:powIIPWersja><sln:powIdTeryt>2003</sln:powIdTeryt><sln:powNazwa>bielski</sln:powNazwa><sln:waznyOd>2015-07-16T00:00:00+02:00</sln:waznyOd><sln:wojIIPId>53ad7aea-d9d3-40c9-9a5c-ff737d5b076e</sln:wojIIPId><sln:wojIIPPn>PL.PZGIK.200</sln:wojIIPPn><sln:wojIIPWersja>2017-10-10T00:00:00+02:00</sln:wojIIPWersja><sln:wojIdTeryt>20</sln:wojIdTeryt><sln:wojNazwa>podlaskie</sln:wojNazwa></sln:miejscowosc><sln:miejscowosc><sln:cyklZyciaDo>2017-04-10T00:00:00+02:00</sln:cyklZyciaDo><sln:cyklZyciaOd>2016-01-20T00:00:00+01:00</sln:cyklZyciaOd><sln:gmIIPId>1d08848a-52b1-407c-bcb7-f7bc9b6b6fdb</sln:gmIIPId><sln:gmIIPPn>PL.PZGIK.200</sln:gmIIPPn><sln:gmIIPWersja>2012-09-26T22:15:15+02:00</sln:gmIIPWersja><sln:gmIdTeryt>2003042</sln:gmIdTeryt><sln:gmNazwa>Boćki</sln:gmNazwa><sln:miejscIIPId>ededd7d4-077f-4435-b6a6-c828dc45a4eb</sln:miejscIIPId><sln:miejscIIPPn>PL.PZGIK.200</sln:miejscIIPPn><sln:miejscIIPWersja>2016-11-24T08:35:28+02:00</sln:miejscIIPWersja><sln:miejscIdTeryt>0024331</sln:miejscIdTeryt><sln:miejscNazwa>Starowieś</sln:miejscNazwa><sln:miejscRodzaj>Wieś</sln:miejscRodzaj><sln:powIIPId>409d7d55-3ec7-48fc-b67f-dc58de8f4566</sln:powIIPId><sln:powIIPPn>PL.PZGIK.200</sln:powIIPPn><sln:powIIPWersja>2012-09-27T09:26:09+02:00</sln:powIIPWersja><sln:powIdTeryt>2003</sln:powIdTeryt><sln:powNazwa>bielski</sln:powNazwa><sln:waznyOd>2015-07-16T00:00:00+02:00</sln:waznyOd><sln:wojIIPId>53ad7aea-d9d3-40c9-9a5c-ff737d5b076e</sln:wojIIPId><sln:wojIIPPn>PL.PZGIK.200</sln:wojIIPPn><sln:wojIIPWersja>2017-10-10T00:00:00+02:00</sln:wojIIPWersja><sln:wojIdTeryt>20</sln:wojIdTeryt><sln:wojNazwa>podlaskie</sln:wojNazwa></sln:miejscowosc><sln:miejscowosc><sln:cyklZyciaDo>2017-04-10T00:00:00+02:00</sln:cyklZyciaDo><sln:cyklZyciaOd>2016-01-20T00:00:00+01:00</sln:cyklZyciaOd><sln:gmIIPId>1d08848a-52b1-407c-bcb7-f7bc9b6b6fdb</sln:gmIIPId><sln:gmIIPPn>PL.PZGIK.200</sln:gmIIPPn><sln:gmIIPWersja>2012-09-26T22:15:15+02:00</sln:gmIIPWersja><sln:gmIdTeryt>2003042</sln:gmIdTeryt><sln:gmNazwa>Boćki</sln:gmNazwa><sln:miejscIIPId>81c3e729-970b-4b3a-b11e-9b4608a226a6</sln:miejscIIPId><sln:miejscIIPPn>PL.PZGIK.200</sln:miejscIIPPn><sln:miejscIIPWersja>2016-11-24T08:35:28+02:00</sln:miejscIIPWersja><sln:miejscIdTeryt>0024348</sln:miejscIdTeryt><sln:miejscNazwa>Szeszyły</sln:miejscNazwa><sln:miejscRodzaj>Wieś</sln:miejscRodzaj><sln:powIIPId>409d7d55-3ec7-48fc-b67f-dc58de8f4566</sln:powIIPId><sln:powIIPPn>PL.PZGIK.200</sln:powIIPPn><sln:powIIPWersja>2012-09-27T09:26:09+02:00</sln:powIIPWersja><sln:powIdTeryt>2003</sln:powIdTeryt><sln:powNazwa>bielski</sln:powNazwa><sln:waznyOd>2015-07-16T00:00:00+02:00</sln:waznyOd><sln:wojIIPId>53ad7aea-d9d3-40c9-9a5c-ff737d5b076e</sln:wojIIPId><sln:wojIIPPn>PL.PZGIK.200</sln:wojIIPPn><sln:wojIIPWersja>2017-10-10T00:00:00+02:00</sln:wojIIPWersja><sln:wojIdTeryt>20</sln:wojIdTeryt><sln:wojNazwa>podlaskie</sln:wojNazwa></sln:miejscowosc><sln:miejscowosc><sln:cyklZyciaDo>2017-04-10T00:00:00+02:00</sln:cyklZyciaDo><sln:cyklZyciaOd>2016-01-20T00:00:00+01:00</sln:cyklZyciaOd><sln:gmIIPId>1d08848a-52b1-407c-bcb7-f7bc9b6b6fdb</sln:gmIIPId><sln:gmIIPPn>PL.PZGIK.200</sln:gmIIPPn><sln:gmIIPWersja>2012-09-26T22:15:15+02:00</sln:gmIIPWersja><sln:gmIdTeryt>2003042</sln:gmIdTeryt><sln:gmNazwa>Boćki</sln:gmNazwa><sln:miejscIIPId>35b461e6-ab86-4dcd-917d-690fbd107385</sln:miejscIIPId><sln:miejscIIPPn>PL.PZGIK.200</sln:miejscIIPPn><sln:miejscIIPWersja>2016-11-24T08:35:28+02:00</sln:miejscIIPWersja><sln:miejscIdTeryt>0024354</sln:miejscIdTeryt><sln:miejscNazwa>Szumki</sln:miejscNazwa><sln:miejscRodzaj>Wieś</sln:miejscRodzaj><sln:powIIPId>409d7d55-3ec7-48fc-b67f-dc58de8f4566</sln:powIIPId><sln:powIIPPn>PL.PZGIK.200</sln:powIIPPn><sln:powIIPWersja>2012-09-27T09:26:09+02:00</sln:powIIPWersja><sln:powIdTeryt>2003</sln:powIdTeryt><sln:powNazwa>bielski</sln:powNazwa><sln:waznyOd>2015-07-16T00:00:00+02:00</sln:waznyOd><sln:wojIIPId>53ad7aea-d9d3-40c9-9a5c-ff737d5b076e</sln:wojIIPId><sln:wojIIPPn>PL.PZGIK.200</sln:wojIIPPn><sln:wojIIPWersja>2017-10-10T00:00:00+02:00</sln:wojIIPWersja><sln:wojIdTeryt>20</sln:wojIdTeryt><sln:wojNazwa>podlaskie</sln:wojNazwa></sln:miejscowosc><sln:miejscowosc><sln:cyklZyciaDo>2017-04-10T00:00:00+02:00</sln:cyklZyciaDo><sln:cyklZyciaOd>2016-01-20T00:00:00+01:00</sln:cyklZyciaOd><sln:gmIIPId>1d08848a-52b1-407c-bcb7-f7bc9b6b6fdb</sln:gmIIPId><sln:gmIIPPn>PL.PZGIK.200</sln:gmIIPPn><sln:gmIIPWersja>2012-09-26T22:15:15+02:00</sln:gmIIPWersja><sln:gmIdTeryt>2003042</sln:gmIdTeryt><sln:gmNazwa>Boćki</sln:gmNazwa><sln:miejscIIPId>b6652448-ab34-43b5-b3a3-9dd53eaedbdc</sln:miejscIIPId><sln:miejscIIPPn>PL.PZGIK.200</sln:miejscIIPPn><sln:miejscIIPWersja>2016-11-24T08:35:28+02:00</sln:miejscIIPWersja><sln:miejscIdTeryt>0024360</sln:miejscIdTeryt><sln:miejscNazwa>Śnieżki</sln:miejscNazwa><sln:miejscRodzaj>Wieś</sln:miejscRodzaj><sln:powIIPId>409d7d55-3ec7-48fc-b67f-dc58de8f4566</sln:powIIPId><sln:powIIPPn>PL.PZGIK.200</sln:powIIPPn><sln:powIIPWersja>2012-09-27T09:26:09+02:00</sln:powIIPWersja><sln:powIdTeryt>2003</sln:powIdTeryt><sln:powNazwa>bielski</sln:powNazwa><sln:waznyOd>2015-07-16T00:00:00+02:00</sln:waznyOd><sln:wojIIPId>53ad7aea-d9d3-40c9-9a5c-ff737d5b076e</sln:wojIIPId><sln:wojIIPPn>PL.PZGIK.200</sln:wojIIPPn><sln:wojIIPWersja>2017-10-10T00:00:00+02:00</sln:wojIIPWersja><sln:wojIdTeryt>20</sln:wojIdTeryt><sln:wojNazwa>podlaskie</sln:wojNazwa></sln:miejscowosc><sln:miejscowosc><sln:cyklZyciaDo>2017-04-10T00:00:00+02:00</sln:cyklZyciaDo><sln:cyklZyciaOd>2016-01-20T00:00:00+01:00</sln:cyklZyciaOd><sln:gmIIPId>1d08848a-52b1-407c-bcb7-f7bc9b6b6fdb</sln:gmIIPId><sln:gmIIPPn>PL.PZGIK.200</sln:gmIIPPn><sln:gmIIPWersja>2012-09-26T22:15:15+02:00</sln:gmIIPWersja><sln:gmIdTeryt>2003042</sln:gmIdTeryt><sln:gmNazwa>Boćki</sln:gmNazwa><sln:miejscIIPId>72aacc4b-b161-4846-bd94-6f603fb2f025</sln:miejscIIPId><sln:miejscIIPPn>PL.PZGIK.200</sln:miejscIIPPn><sln:miejscIIPWersja>2016-11-24T08:35:28+02:00</sln:miejscIIPWersja><sln:miejscIdTeryt>0024377</sln:miejscIdTeryt><sln:miejscNazwa>Torule</sln:miejscNazwa><sln:miejscRodzaj>Wieś</sln:miejscRodzaj><sln:powIIPId>409d7d55-3ec7-48fc-b67f-dc58de8f4566</sln:powIIPId><sln:powIIPPn>PL.PZGIK.200</sln:powIIPPn><sln:powIIPWersja>2012-09-27T09:26:09+02:00</sln:powIIPWersja><sln:powIdTeryt>2003</sln:powIdTeryt><sln:powNazwa>bielski</sln:powNazwa><sln:waznyOd>2015-07-16T00:00:00+02:00</sln:waznyOd><sln:wojIIPId>53ad7aea-d9d3-40c9-9a5c-ff737d5b076e</sln:wojIIPId><sln:wojIIPPn>PL.PZGIK.200</sln:wojIIPPn><sln:wojIIPWersja>2017-10-10T00:00:00+02:00</sln:wojIIPWersja><sln:wojIdTeryt>20</sln:wojIdTeryt><sln:wojNazwa>podlaskie</sln:wojNazwa></sln:miejscowosc><sln:miejscowosc><sln:cyklZyciaDo>2017-04-10T00:00:00+02:00</sln:cyklZyciaDo><sln:cyklZyciaOd>2016-01-20T00:00:00+01:00</sln:cyklZyciaOd><sln:gmIIPId>1d08848a-52b1-407c-bcb7-f7bc9b6b6fdb</sln:gmIIPId><sln:gmIIPPn>PL.PZGIK.200</sln:gmIIPPn><sln:gmIIPWersja>2012-09-26T22:15:15+02:00</sln:gmIIPWersja><sln:gmIdTeryt>2003042</sln:gmIdTeryt><sln:gmNazwa>Boćki</sln:gmNazwa><sln:miejscIIPId>652b5871-1ff2-45c5-a48a-14a590114f77</sln:miejscIIPId><sln:miejscIIPPn>PL.PZGIK.200</sln:miejscIIPPn><sln:miejscIIPWersja>2016-11-24T08:35:28+02:00</sln:miejscIIPWersja><sln:miejscIdTeryt>0024383</sln:miejscIdTeryt><sln:miejscNazwa>Wandalin</sln:miejscNazwa><sln:miejscRodzaj>Osada</sln:miejscRodzaj><sln:powIIPId>409d7d55-3ec7-48fc-b67f-dc58de8f4566</sln:powIIPId><sln:powIIPPn>PL.PZGIK.200</sln:powIIPPn><sln:powIIPWersja>2012-09-27T09:26:09+02:00</sln:powIIPWersja><sln:powIdTeryt>2003</sln:powIdTeryt><sln:powNazwa>bielski</sln:powNazwa><sln:waznyOd>2015-07-16T00:00:00+02:00</sln:waznyOd><sln:wojIIPId>53ad7aea-d9d3-40c9-9a5c-ff737d5b076e</sln:wojIIPId><sln:wojIIPPn>PL.PZGIK.200</sln:wojIIPPn><sln:wojIIPWersja>2017-10-10T00:00:00+02:00</sln:wojIIPWersja><sln:wojIdTeryt>20</sln:wojIdTeryt><sln:wojNazwa>podlaskie</sln:wojNazwa></sln:miejscowosc><sln:miejscowosc><sln:cyklZyciaDo>2017-04-10T00:00:00+02:00</sln:cyklZyciaDo><sln:cyklZyciaOd>2016-01-20T00:00:00+01:00</sln:cyklZyciaOd><sln:gmIIPId>1d08848a-52b1-407c-bcb7-f7bc9b6b6fdb</sln:gmIIPId><sln:gmIIPPn>PL.PZGIK.200</sln:gmIIPPn><sln:gmIIPWersja>2012-09-26T22:15:15+02:00</sln:gmIIPWersja><sln:gmIdTeryt>2003042</sln:gmIdTeryt><sln:gmNazwa>Boćki</sln:gmNazwa><sln:miejscIIPId>b2c41dfe-c11f-4ac2-949d-26f6396ebc98</sln:miejscIIPId><sln:miejscIIPPn>PL.PZGIK.200</sln:miejscIIPPn><sln:miejscIIPWersja>2016-11-24T08:35:28+02:00</sln:miejscIIPWersja><sln:miejscIdTeryt>0024414</sln:miejscIdTeryt><sln:miejscNazwa>Wandalinek</sln:miejscNazwa><sln:miejscRodzaj>Kolonia</sln:miejscRodzaj><sln:powIIPId>409d7d55-3ec7-48fc-b67f-dc58de8f4566</sln:powIIPId><sln:powIIPPn>PL.PZGIK.200</sln:powIIPPn><sln:powIIPWersja>2012-09-27T09:26:09+02:00</sln:powIIPWersja><sln:powIdTeryt>2003</sln:powIdTeryt><sln:powNazwa>bielski</sln:powNazwa><sln:waznyOd>2015-07-16T00:00:00+02:00</sln:waznyOd><sln:wojIIPId>53ad7aea-d9d3-40c9-9a5c-ff737d5b076e</sln:wojIIPId><sln:wojIIPPn>PL.PZGIK.200</sln:wojIIPPn><sln:wojIIPWersja>2017-10-10T00:00:00+02:00</sln:wojIIPWersja><sln:wojIdTeryt>20</sln:wojIdTeryt><sln:wojNazwa>podlaskie</sln:wojNazwa></sln:miejscowosc><sln:miejscowosc><sln:cyklZyciaDo>2017-04-10T00:00:00+02:00</sln:cyklZyciaDo><sln:cyklZyciaOd>2016-01-20T00:00:00+01:00</sln:cyklZyciaOd><sln:gmIIPId>1d08848a-52b1-407c-bcb7-f7bc9b6b6fdb</sln:gmIIPId><sln:gmIIPPn>PL.PZGIK.200</sln:gmIIPPn><sln:gmIIPWersja>2012-09-26T22:15:15+02:00</sln:gmIIPWersja><sln:gmIdTeryt>2003042</sln:gmIdTeryt><sln:gmNazwa>Boćki</sln:gmNazwa><sln:miejscIIPId>38e69298-d4c9-47a9-8c26-d41cdd92efa8</sln:miejscIIPId><sln:miejscIIPPn>PL.PZGIK.200</sln:miejscIIPPn><sln:miejscIIPWersja>2016-11-24T08:35:28+02:00</sln:miejscIIPWersja><sln:miejscIdTeryt>0024437</sln:miejscIdTeryt><sln:miejscNazwa>Wiercień</sln:miejscNazwa><sln:miejscRodzaj>Wieś</sln:miejscRodzaj><sln:powIIPId>409d7d55-3ec7-48fc-b67f-dc58de8f4566</sln:powIIPId><sln:powIIPPn>PL.PZGIK.200</sln:powIIPPn><sln:powIIPWersja>2012-09-27T09:26:09+02:00</sln:powIIPWersja><sln:powIdTeryt>2003</sln:powIdTeryt><sln:powNazwa>bielski</sln:powNazwa><sln:waznyOd>2015-07-16T00:00:00+02:00</sln:waznyOd><sln:wojIIPId>53ad7aea-d9d3-40c9-9a5c-ff737d5b076e</sln:wojIIPId><sln:wojIIPPn>PL.PZGIK.200</sln:wojIIPPn><sln:wojIIPWersja>2017-10-10T00:00:00+02:00</sln:wojIIPWersja><sln:wojIdTeryt>20</sln:wojIdTeryt><sln:wojNazwa>podlaskie</sln:wojNazwa></sln:miejscowosc><sln:miejscowosc><sln:cyklZyciaDo>2017-04-10T00:00:00+02:00</sln:cyklZyciaDo><sln:cyklZyciaOd>2016-01-20T00:00:00+01:00</sln:cyklZyciaOd><sln:gmIIPId>1d08848a-52b1-407c-bcb7-f7bc9b6b6fdb</sln:gmIIPId><sln:gmIIPPn>PL.PZGIK.200</sln:gmIIPPn><sln:gmIIPWersja>2012-09-26T22:15:15+02:00</sln:gmIIPWersja><sln:gmIdTeryt>2003042</sln:gmIdTeryt><sln:gmNazwa>Boćki</sln:gmNazwa><sln:miejscIIPId>262f7d9e-3405-4df4-b7f9-7db2c6847bda</sln:miejscIIPId><sln:miejscIIPPn>PL.PZGIK.200</sln:miejscIIPPn><sln:miejscIIPWersja>2016-11-24T08:35:28+02:00</sln:miejscIIPWersja><sln:miejscIdTeryt>0024443</sln:miejscIdTeryt><sln:miejscNazwa>Wojtki</sln:miejscNazwa><sln:miejscRodzaj>Wieś</sln:miejscRodzaj><sln:powIIPId>409d7d55-3ec7-48fc-b67f-dc58de8f4566</sln:powIIPId><sln:powIIPPn>PL.PZGIK.200</sln:powIIPPn><sln:powIIPWersja>2012-09-27T09:26:09+02:00</sln:powIIPWersja><sln:powIdTeryt>2003</sln:powIdTeryt><sln:powNazwa>bielski</sln:powNazwa><sln:waznyOd>2015-07-16T00:00:00+02:00</sln:waznyOd><sln:wojIIPId>53ad7aea-d9d3-40c9-9a5c-ff737d5b076e</sln:wojIIPId><sln:wojIIPPn>PL.PZGIK.200</sln:wojIIPPn><sln:wojIIPWersja>2017-10-10T00:00:00+02:00</sln:wojIIPWersja><sln:wojIdTeryt>20</sln:wojIdTeryt><sln:wojNazwa>podlaskie</sln:wojNazwa></sln:miejscowosc><sln:miejscowosc><sln:cyklZyciaDo>2017-04-10T00:00:00+02:00</sln:cyklZyciaDo><sln:cyklZyciaOd>2016-01-20T00:00:00+01:00</sln:cyklZyciaOd><sln:gmIIPId>1d08848a-52b1-407c-bcb7-f7bc9b6b6fdb</sln:gmIIPId><sln:gmIIPPn>PL.PZGIK.200</sln:gmIIPPn><sln:gmIIPWersja>2012-09-26T22:15:15+02:00</sln:gmIIPWersja><sln:gmIdTeryt>2003042</sln:gmIdTeryt><sln:gmNazwa>Boćki</sln:gmNazwa><sln:miejscIIPId>5da2b052-61fc-436a-ac88-e16cf9601f80</sln:miejscIIPId><sln:miejscIIPPn>PL.PZGIK.200</sln:miejscIIPPn><sln:miejscIIPWersja>2016-11-24T08:35:28+02:00</sln:miejscIIPWersja><sln:miejscIdTeryt>0024450</sln:miejscIdTeryt><sln:miejscNazwa>Wygonowo</sln:miejscNazwa><sln:miejscRodzaj>Wieś</sln:miejscRodzaj><sln:powIIPId>409d7d55-3ec7-48fc-b67f-dc58de8f4566</sln:powIIPId><sln:powIIPPn>PL.PZGIK.200</sln:powIIPPn><sln:powIIPWersja>2012-09-27T09:26:09+02:00</sln:powIIPWersja><sln:powIdTeryt>2003</sln:powIdTeryt><sln:powNazwa>bielski</sln:powNazwa><sln:waznyOd>2015-07-16T00:00:00+02:00</sln:waznyOd><sln:wojIIPId>53ad7aea-d9d3-40c9-9a5c-ff737d5b076e</sln:wojIIPId><sln:wojIIPPn>PL.PZGIK.200</sln:wojIIPPn><sln:wojIIPWersja>2017-10-10T00:00:00+02:00</sln:wojIIPWersja><sln:wojIdTeryt>20</sln:wojIdTeryt><sln:wojNazwa>podlaskie</sln:wojNazwa></sln:miejscowosc><sln:miejscowosc><sln:cyklZyciaDo>2017-04-10T00:00:00+02:00</sln:cyklZyciaDo><sln:cyklZyciaOd>2016-01-20T00:00:00+01:00</sln:cyklZyciaOd><sln:gmIIPId>1d08848a-52b1-407c-bcb7-f7bc9b6b6fdb</sln:gmIIPId><sln:gmIIPPn>PL.PZGIK.200</sln:gmIIPPn><sln:gmIIPWersja>2012-09-26T22:15:15+02:00</sln:gmIIPWersja><sln:gmIdTeryt>2003042</sln:gmIdTeryt><sln:gmNazwa>Boćki</sln:gmNazwa><sln:miejscIIPId>d8845c9d-e241-484e-b95c-dd98c0a49596</sln:miejscIIPId><sln:miejscIIPPn>PL.PZGIK.200</sln:miejscIIPPn><sln:miejscIIPWersja>2016-11-24T08:35:28+02:00</sln:miejscIIPWersja><sln:miejscIdTeryt>0024420</sln:miejscIdTeryt><sln:miejscNazwa>Wylan</sln:miejscNazwa><sln:miejscRodzaj>Kolonia</sln:miejscRodzaj><sln:powIIPId>409d7d55-3ec7-48fc-b67f-dc58de8f4566</sln:powIIPId><sln:powIIPPn>PL.PZGIK.200</sln:powIIPPn><sln:powIIPWersja>2012-09-27T09:26:09+02:00</sln:powIIPWersja><sln:powIdTeryt>2003</sln:powIdTeryt><sln:powNazwa>bielski</sln:powNazwa><sln:waznyOd>2015-11-06T00:00:00+01:00</sln:waznyOd><sln:wojIIPId>53ad7aea-d9d3-40c9-9a5c-ff737d5b076e</sln:wojIIPId><sln:wojIIPPn>PL.PZGIK.200</sln:wojIIPPn><sln:wojIIPWersja>2017-10-10T00:00:00+02:00</sln:wojIIPWersja><sln:wojIdTeryt>20</sln:wojIdTeryt><sln:wojNazwa>podlaskie</sln:wojNazwa></sln:miejscowosc><sln:miejscowosc><sln:cyklZyciaDo>2017-04-10T00:00:00+02:00</sln:cyklZyciaDo><sln:cyklZyciaOd>2016-01-20T00:00:00+01:00</sln:cyklZyciaOd><sln:gmIIPId>1d08848a-52b1-407c-bcb7-f7bc9b6b6fdb</sln:gmIIPId><sln:gmIIPPn>PL.PZGIK.200</sln:gmIIPPn><sln:gmIIPWersja>2012-09-26T22:15:15+02:00</sln:gmIIPWersja><sln:gmIdTeryt>2003042</sln:gmIdTeryt><sln:gmNazwa>Boćki</sln:gmNazwa><sln:miejscIIPId>e4018edb-2328-43ad-b15c-04f8129cc569</sln:miejscIIPId><sln:miejscIIPPn>PL.PZGIK.200</sln:miejscIIPPn><sln:miejscIIPWersja>2016-11-24T08:35:28+02:00</sln:miejscIIPWersja><sln:miejscIdTeryt>0024466</sln:miejscIdTeryt><sln:miejscNazwa>Żołoćki</sln:miejscNazwa><sln:miejscRodzaj>Wieś</sln:miejscRodzaj><sln:powIIPId>409d7d55-3ec7-48fc-b67f-dc58de8f4566</sln:powIIPId><sln:powIIPPn>PL.PZGIK.200</sln:powIIPPn><sln:powIIPWersja>2012-09-27T09:26:09+02:00</sln:powIIPWersja><sln:powIdTeryt>2003</sln:powIdTeryt><sln:powNazwa>bielski</sln:powNazwa><sln:waznyOd>2015-07-16T00:00:00+02:00</sln:waznyOd><sln:wojIIPId>53ad7aea-d9d3-40c9-9a5c-ff737d5b076e</sln:wojIIPId><sln:wojIIPPn>PL.PZGIK.200</sln:wojIIPPn><sln:wojIIPWersja>2017-10-10T00:00:00+02:00</sln:wojIIPWersja><sln:wojIdTeryt>20</sln:wojIdTeryt><sln:wojNazwa>podlaskie</sln:wojNazwa></sln:miejscowosc><sln:miejscowosc><sln:cyklZyciaOd>2017-04-10T00:00:00+02:00</sln:cyklZyciaOd><sln:gmIIPId>1d08848a-52b1-407c-bcb7-f7bc9b6b6fdb</sln:gmIIPId><sln:gmIIPPn>PL.PZGIK.200</sln:gmIIPPn><sln:gmIIPWersja>2012-09-26T22:15:15+02:00</sln:gmIIPWersja><sln:gmIdTeryt>2003042</sln:gmIdTeryt><sln:gmNazwa>Boćki</sln:gmNazwa><sln:miejscIIPId>89193b44-377f-4c1a-a28c-9e154642862b</sln:miejscIIPId><sln:miejscIIPPn>PL.PZGIK.200</sln:miejscIIPPn><sln:miejscIIPWersja>2017-04-10T14:26:05+02:00</sln:miejscIIPWersja><sln:miejscIdTeryt>0024029</sln:miejscIdTeryt><sln:miejscNazwa>Andryjanki</sln:miejscNazwa><sln:miejscRodzaj>Wieś</sln:miejscRodzaj><sln:powIIPId>409d7d55-3ec7-48fc-b67f-dc58de8f4566</sln:powIIPId><sln:powIIPPn>PL.PZGIK.200</sln:powIIPPn><sln:powIIPWersja>2012-09-27T09:26:09+02:00</sln:powIIPWersja><sln:powIdTeryt>2003</sln:powIdTeryt><sln:powNazwa>bielski</sln:powNazwa><sln:waznyOd>2015-07-16T00:00:00+02:00</sln:waznyOd><sln:wojIIPId>53ad7aea-d9d3-40c9-9a5c-ff737d5b076e</sln:wojIIPId><sln:wojIIPPn>PL.PZGIK.200</sln:wojIIPPn><sln:wojIIPWersja>2017-10-10T00:00:00+02:00</sln:wojIIPWersja><sln:wojIdTeryt>20</sln:wojIdTeryt><sln:wojNazwa>podlaskie</sln:wojNazwa></sln:miejscowosc><sln:miejscowosc><sln:cyklZyciaOd>2017-04-10T00:00:00+02:00</sln:cyklZyciaOd><sln:gmIIPId>1d08848a-52b1-407c-bcb7-f7bc9b6b6fdb</sln:gmIIPId><sln:gmIIPPn>PL.PZGIK.200</sln:gmIIPPn><sln:gmIIPWersja>2012-09-26T22:15:15+02:00</sln:gmIIPWersja><sln:gmIdTeryt>2003042</sln:gmIdTeryt><sln:gmNazwa>Boćki</sln:gmNazwa><sln:miejscIIPId>8df54bdb-6200-41fa-803f-1cc80cb13600</sln:miejscIIPId><sln:miejscIIPPn>PL.PZGIK.200</sln:miejscIIPPn><sln:miejscIIPWersja>2017-04-10T14:26:13+02:00</sln:miejscIIPWersja><sln:miejscIdTeryt>0024035</sln:miejscIdTeryt><sln:miejscNazwa>Boćki</sln:miejscNazwa><sln:miejscRodzaj>Wieś</sln:miejscRodzaj><sln:powIIPId>409d7d55-3ec7-48fc-b67f-dc58de8f4566</sln:powIIPId><sln:powIIPPn>PL.PZGIK.200</sln:powIIPPn><sln:powIIPWersja>2012-09-27T09:26:09+02:00</sln:powIIPWersja><sln:powIdTeryt>2003</sln:powIdTeryt><sln:powNazwa>bielski</sln:powNazwa><sln:waznyOd>2015-07-16T00:00:00+02:00</sln:waznyOd><sln:wojIIPId>53ad7aea-d9d3-40c9-9a5c-ff737d5b076e</sln:wojIIPId><sln:wojIIPPn>PL.PZGIK.200</sln:wojIIPPn><sln:wojIIPWersja>2017-10-10T00:00:00+02:00</sln:wojIIPWersja><sln:wojIdTeryt>20</sln:wojIdTeryt><sln:wojNazwa>podlaskie</sln:wojNazwa></sln:miejscowosc><sln:miejscowosc><sln:cyklZyciaOd>2017-04-10T00:00:00+02:00</sln:cyklZyciaOd><sln:gmIIPId>1d08848a-52b1-407c-bcb7-f7bc9b6b6fdb</sln:gmIIPId><sln:gmIIPPn>PL.PZGIK.200</sln:gmIIPPn><sln:gmIIPWersja>2012-09-26T22:15:15+02:00</sln:gmIIPWersja><sln:gmIdTeryt>2003042</sln:gmIdTeryt><sln:gmNazwa>Boćki</sln:gmNazwa><sln:miejscIIPId>7bfbd428-978d-46ee-892c-52c467171168</sln:miejscIIPId><sln:miejscIIPPn>PL.PZGIK.200</sln:miejscIIPPn><sln:miejscIIPWersja>2017-04-10T14:26:13+02:00</sln:miejscIIPWersja><sln:miejscIdTeryt>0024087</sln:miejscIdTeryt><sln:miejscNazwa>Kolonia Boćki</sln:miejscNazwa><sln:miejscRodzaj>Kolonia</sln:miejscRodzaj><sln:powIIPId>409d7d55-3ec7-48fc-b67f-dc58de8f4566</sln:powIIPId><sln:powIIPPn>PL.PZGIK.200</sln:powIIPPn><sln:powIIPWersja>2012-09-27T09:26:09+02:00</sln:powIIPWersja><sln:powIdTeryt>2003</sln:powIdTeryt><sln:powNazwa>bielski</sln:powNazwa><sln:waznyOd>2015-07-16T00:00:00+02:00</sln:waznyOd><sln:wojIIPId>53ad7aea-d9d3-40c9-9a5c-ff737d5b076e</sln:wojIIPId><sln:wojIIPPn>PL.PZGIK.200</sln:wojIIPPn><sln:wojIIPWersja>2017-10-10T00:00:00+02:00</sln:wojIIPWersja><sln:wojIdTeryt>20</sln:wojIdTeryt><sln:wojNazwa>podlaskie</sln:wojNazwa></sln:miejscowosc><sln:miejscowosc><sln:cyklZyciaOd>2017-04-10T00:00:00+02:00</sln:cyklZyciaOd><sln:gmIIPId>1d08848a-52b1-407c-bcb7-f7bc9b6b6fdb</sln:gmIIPId><sln:gmIIPPn>PL.PZGIK.200</sln:gmIIPPn><sln:gmIIPWersja>2012-09-26T22:15:15+02:00</sln:gmIIPWersja><sln:gmIdTeryt>2003042</sln:gmIdTeryt><sln:gmNazwa>Boćki</sln:gmNazwa><sln:miejscIIPId>e56ebca9-c790-4b84-b306-2e5226c417be</sln:miejscIIPId><sln:miejscIIPPn>PL.PZGIK.200</sln:miejscIIPPn><sln:miejscIIPWersja>2017-04-10T14:26:14+02:00</sln:miejscIIPWersja><sln:miejscIdTeryt>0024093</sln:miejscIdTeryt><sln:miejscNazwa>Bodaczki</sln:miejscNazwa><sln:miejscRodzaj>Wieś</sln:miejscRodzaj><sln:powIIPId>409d7d55-3ec7-48fc-b67f-dc58de8f4566</sln:powIIPId><sln:powIIPPn>PL.PZGIK.200</sln:powIIPPn><sln:powIIPWersja>2012-09-27T09:26:09+02:00</sln:powIIPWersja><sln:powIdTeryt>2003</sln:powIdTeryt><sln:powNazwa>bielski</sln:powNazwa><sln:waznyOd>2015-07-16T00:00:00+02:00</sln:waznyOd><sln:wojIIPId>53ad7aea-d9d3-40c9-9a5c-ff737d5b076e</sln:wojIIPId><sln:wojIIPPn>PL.PZGIK.200</sln:wojIIPPn><sln:wojIIPWersja>2017-10-10T00:00:00+02:00</sln:wojIIPWersja><sln:wojIdTeryt>20</sln:wojIdTeryt><sln:wojNazwa>podlaskie</sln:wojNazwa></sln:miejscowosc><sln:miejscowosc><sln:cyklZyciaOd>2017-04-10T00:00:00+02:00</sln:cyklZyciaOd><sln:gmIIPId>1d08848a-52b1-407c-bcb7-f7bc9b6b6fdb</sln:gmIIPId><sln:gmIIPPn>PL.PZGIK.200</sln:gmIIPPn><sln:gmIIPWersja>2012-09-26T22:15:15+02:00</sln:gmIIPWersja><sln:gmIdTeryt>2003042</sln:gmIdTeryt><sln:gmNazwa>Boćki</sln:gmNazwa><sln:miejscIIPId>5b24bca1-2b58-4750-a8ab-9067fd6e1af9</sln:miejscIIPId><sln:miejscIIPPn>PL.PZGIK.200</sln:miejscIIPPn><sln:miejscIIPWersja>2017-04-10T14:26:14+02:00</sln:miejscIIPWersja><sln:miejscIdTeryt>0024118</sln:miejscIdTeryt><sln:miejscNazwa>Bodaki</sln:miejscNazwa><sln:miejscRodzaj>Wieś</sln:miejscRodzaj><sln:powIIPId>409d7d55-3ec7-48fc-b67f-dc58de8f4566</sln:powIIPId><sln:powIIPPn>PL.PZGIK.200</sln:powIIPPn><sln:powIIPWersja>2012-09-27T09:26:09+02:00</sln:powIIPWersja><sln:powIdTeryt>2003</sln:powIdTeryt><sln:powNazwa>bielski</sln:powNazwa><sln:waznyOd>2015-07-16T00:00:00+02:00</sln:waznyOd><sln:wojIIPId>53ad7aea-d9d3-40c9-9a5c-ff737d5b076e</sln:wojIIPId><sln:wojIIPPn>PL.PZGIK.200</sln:wojIIPPn><sln:wojIIPWersja>2017-10-10T00:00:00+02:00</sln:wojIIPWersja><sln:wojIdTeryt>20</sln:wojIdTeryt><sln:wojNazwa>podlaskie</sln:wojNazwa></sln:miejscowosc><sln:miejscowosc><sln:cyklZyciaOd>2017-04-10T00:00:00+02:00</sln:cyklZyciaOd><sln:gmIIPId>1d08848a-52b1-407c-bcb7-f7bc9b6b6fdb</sln:gmIIPId><sln:gmIIPPn>PL.PZGIK.200</sln:gmIIPPn><sln:gmIIPWersja>2012-09-26T22:15:15+02:00</sln:gmIIPWersja><sln:gmIdTeryt>2003042</sln:gmIdTeryt><sln:gmNazwa>Boćki</sln:gmNazwa><sln:miejscIIPId>5d61bd25-b4cf-431a-b1a8-2cc5741be139</sln:miejscIIPId><sln:miejscIIPPn>PL.PZGIK.200</sln:miejscIIPPn><sln:miejscIIPWersja>2017-04-10T14:26:14+02:00</sln:miejscIIPWersja><sln:miejscIdTeryt>0024124</sln:miejscIdTeryt><sln:miejscNazwa>Bystre</sln:miejscNazwa><sln:miejscRodzaj>Wieś</sln:miejscRodzaj><sln:powIIPId>409d7d55-3ec7-48fc-b67f-dc58de8f4566</sln:powIIPId><sln:powIIPPn>PL.PZGIK.200</sln:powIIPPn><sln:powIIPWersja>2012-09-27T09:26:09+02:00</sln:powIIPWersja><sln:powIdTeryt>2003</sln:powIdTeryt><sln:powNazwa>bielski</sln:powNazwa><sln:waznyOd>2015-07-16T00:00:00+02:00</sln:waznyOd><sln:wojIIPId>53ad7aea-d9d3-40c9-9a5c-ff737d5b076e</sln:wojIIPId><sln:wojIIPPn>PL.PZGIK.200</sln:wojIIPPn><sln:wojIIPWersja>2017-10-10T00:00:00+02:00</sln:wojIIPWersja><sln:wojIdTeryt>20</sln:wojIdTeryt><sln:wojNazwa>podlaskie</sln:wojNazwa></sln:miejscowosc><sln:miejscowosc><sln:cyklZyciaOd>2017-04-10T00:00:00+02:00</sln:cyklZyciaOd><sln:gmIIPId>1d08848a-52b1-407c-bcb7-f7bc9b6b6fdb</sln:gmIIPId><sln:gmIIPPn>PL.PZGIK.200</sln:gmIIPPn><sln:gmIIPWersja>2012-09-26T22:15:15+02:00</sln:gmIIPWersja><sln:gmIdTeryt>2003042</sln:gmIdTeryt><sln:gmNazwa>Boćki</sln:gmNazwa><sln:miejscIIPId>c9d41029-c28a-4bdb-9a7f-566cc6df92ca</sln:miejscIIPId><sln:miejscIIPPn>PL.PZGIK.200</sln:miejscIIPPn><sln:miejscIIPWersja>2017-04-10T14:26:14+02:00</sln:miejscIIPWersja><sln:miejscIdTeryt>0024147</sln:miejscIdTeryt><sln:miejscNazwa>Dubno</sln:miejscNazwa><sln:miejscRodzaj>Wieś</sln:miejscRodzaj><sln:powIIPId>409d7d55-3ec7-48fc-b67f-dc58de8f4566</sln:powIIPId><sln:powIIPPn>PL.PZGIK.200</sln:powIIPPn><sln:powIIPWersja>2012-09-27T09:26:09+02:00</sln:powIIPWersja><sln:powIdTeryt>2003</sln:powIdTeryt><sln:powNazwa>bielski</sln:powNazwa><sln:waznyOd>2015-07-16T00:00:00+02:00</sln:waznyOd><sln:wojIIPId>53ad7aea-d9d3-40c9-9a5c-ff737d5b076e</sln:wojIIPId><sln:wojIIPPn>PL.PZGIK.200</sln:wojIIPPn><sln:wojIIPWersja>2017-10-10T00:00:00+02:00</sln:wojIIPWersja><sln:wojIdTeryt>20</sln:wojIdTeryt><sln:wojNazwa>podlaskie</sln:wojNazwa></sln:miejscowosc><sln:miejscowosc><sln:cyklZyciaOd>2017-04-10T00:00:00+02:00</sln:cyklZyciaOd><sln:gmIIPId>1d08848a-52b1-407c-bcb7-f7bc9b6b6fdb</sln:gmIIPId><sln:gmIIPPn>PL.PZGIK.200</sln:gmIIPPn><sln:gmIIPWersja>2012-09-26T22:15:15+02:00</sln:gmIIPWersja><sln:gmIdTeryt>2003042</sln:gmIdTeryt><sln:gmNazwa>Boćki</sln:gmNazwa><sln:miejscIIPId>2a4fc28f-1848-401b-a7de-6bd921c4427c</sln:miejscIIPId><sln:miejscIIPPn>PL.PZGIK.200</sln:miejscIIPPn><sln:miejscIIPWersja>2017-04-10T14:26:14+02:00</sln:miejscIIPWersja><sln:miejscIdTeryt>0024153</sln:miejscIdTeryt><sln:miejscNazwa>Dziecinne</sln:miejscNazwa><sln:miejscRodzaj>Wieś</sln:miejscRodzaj><sln:powIIPId>409d7d55-3ec7-48fc-b67f-dc58de8f4566</sln:powIIPId><sln:powIIPPn>PL.PZGIK.200</sln:powIIPPn><sln:powIIPWersja>2012-09-27T09:26:09+02:00</sln:powIIPWersja><sln:powIdTeryt>2003</sln:powIdTeryt><sln:powNazwa>bielski</sln:powNazwa><sln:waznyOd>2015-07-16T00:00:00+02:00</sln:waznyOd><sln:wojIIPId>53ad7aea-d9d3-40c9-9a5c-ff737d5b076e</sln:wojIIPId><sln:wojIIPPn>PL.PZGIK.200</sln:wojIIPPn><sln:wojIIPWersja>2017-10-10T00:00:00+02:00</sln:wojIIPWersja><sln:wojIdTeryt>20</sln:wojIdTeryt><sln:wojNazwa>podlaskie</sln:wojNazwa></sln:miejscowosc><sln:miejscowosc><sln:cyklZyciaOd>2017-04-10T00:00:00+02:00</sln:cyklZyciaOd><sln:gmIIPId>1d08848a-52b1-407c-bcb7-f7bc9b6b6fdb</sln:gmIIPId><sln:gmIIPPn>PL.PZGIK.200</sln:gmIIPPn><sln:gmIIPWersja>2012-09-26T22:15:15+02:00</sln:gmIIPWersja><sln:gmIdTeryt>2003042</sln:gmIdTeryt><sln:gmNazwa>Boćki</sln:gmNazwa><sln:miejscIIPId>dfa232cc-4ea5-473c-a3a5-70b5757b6f05</sln:miejscIIPId><sln:miejscIIPPn>PL.PZGIK.200</sln:miejscIIPPn><sln:miejscIIPWersja>2017-04-10T14:26:14+02:00</sln:miejscIIPWersja><sln:miejscIdTeryt>0024160</sln:miejscIdTeryt><sln:miejscNazwa>Hawryłki</sln:miejscNazwa><sln:miejscRodzaj>Wieś</sln:miejscRodzaj><sln:powIIPId>409d7d55-3ec7-48fc-b67f-dc58de8f4566</sln:powIIPId><sln:powIIPPn>PL.PZGIK.200</sln:powIIPPn><sln:powIIPWersja>2012-09-27T09:26:09+02:00</sln:powIIPWersja><sln:powIdTeryt>2003</sln:powIdTeryt><sln:powNazwa>bielski</sln:powNazwa><sln:waznyOd>2015-07-16T00:00:00+02:00</sln:waznyOd><sln:wojIIPId>53ad7aea-d9d3-40c9-9a5c-ff737d5b076e</sln:wojIIPId><sln:wojIIPPn>PL.PZGIK.200</sln:wojIIPPn><sln:wojIIPWersja>2017-10-10T00:00:00+02:00</sln:wojIIPWersja><sln:wojIdTeryt>20</sln:wojIdTeryt><sln:wojNazwa>podlaskie</sln:wojNazwa></sln:miejscowosc><sln:miejscowosc><sln:cyklZyciaOd>2017-04-10T00:00:00+02:00</sln:cyklZyciaOd><sln:gmIIPId>1d08848a-52b1-407c-bcb7-f7bc9b6b6fdb</sln:gmIIPId><sln:gmIIPPn>PL.PZGIK.200</sln:gmIIPPn><sln:gmIIPWersja>2012-09-26T22:15:15+02:00</sln:gmIIPWersja><sln:gmIdTeryt>2003042</sln:gmIdTeryt><sln:gmNazwa>Boćki</sln:gmNazwa><sln:miejscIIPId>fe41166d-3fea-4a09-a250-26e0df2ae99f</sln:miejscIIPId><sln:miejscIIPPn>PL.PZGIK.200</sln:miejscIIPPn><sln:miejscIIPWersja>2017-04-10T14:26:14+02:00</sln:miejscIIPWersja><sln:miejscIdTeryt>0024176</sln:miejscIdTeryt><sln:miejscNazwa>Jakubowskie</sln:miejscNazwa><sln:miejscRodzaj>Wieś</sln:miejscRodzaj><sln:powIIPId>409d7d55-3ec7-48fc-b67f-dc58de8f4566</sln:powIIPId><sln:powIIPPn>PL.PZGIK.200</sln:powIIPPn><sln:powIIPWersja>2012-09-27T09:26:09+02:00</sln:powIIPWersja><sln:powIdTeryt>2003</sln:powIdTeryt><sln:powNazwa>bielski</sln:powNazwa><sln:waznyOd>2015-07-16T00:00:00+02:00</sln:waznyOd><sln:wojIIPId>53ad7aea-d9d3-40c9-9a5c-ff737d5b076e</sln:wojIIPId><sln:wojIIPPn>PL.PZGIK.200</sln:wojIIPPn><sln:wojIIPWersja>2017-10-10T00:00:00+02:00</sln:wojIIPWersja><sln:wojIdTeryt>20</sln:wojIdTeryt><sln:wojNazwa>podlaskie</sln:wojNazwa></sln:miejscowosc><sln:miejscowosc><sln:cyklZyciaOd>2017-04-10T00:00:00+02:00</sln:cyklZyciaOd><sln:gmIIPId>1d08848a-52b1-407c-bcb7-f7bc9b6b6fdb</sln:gmIIPId><sln:gmIIPPn>PL.PZGIK.200</sln:gmIIPPn><sln:gmIIPWersja>2012-09-26T22:15:15+02:00</sln:gmIIPWersja><sln:gmIdTeryt>2003042</sln:gmIdTeryt><sln:gmNazwa>Boćki</sln:gmNazwa><sln:miejscIIPId>a33abdb3-25ea-4e27-b9e1-608bbc456fae</sln:miejscIIPId><sln:miejscIIPPn>PL.PZGIK.200</sln:miejscIIPPn><sln:miejscIIPWersja>2017-04-10T14:26:14+02:00</sln:miejscIIPWersja><sln:miejscIdTeryt>0024182</sln:miejscIdTeryt><sln:miejscNazwa>Krasna Wieś</sln:miejscNazwa><sln:miejscRodzaj>Wieś</sln:miejscRodzaj><sln:powIIPId>409d7d55-3ec7-48fc-b67f-dc58de8f4566</sln:powIIPId><sln:powIIPPn>PL.PZGIK.200</sln:powIIPPn><sln:powIIPWersja>2012-09-27T09:26:09+02:00</sln:powIIPWersja><sln:powIdTeryt>2003</sln:powIdTeryt><sln:powNazwa>bielski</sln:powNazwa><sln:waznyOd>2015-07-16T00:00:00+02:00</sln:waznyOd><sln:wojIIPId>53ad7aea-d9d3-40c9-9a5c-ff737d5b076e</sln:wojIIPId><sln:wojIIPPn>PL.PZGIK.200</sln:wojIIPPn><sln:wojIIPWersja>2017-10-10T00:00:00+02:00</sln:wojIIPWersja><sln:wojIdTeryt>20</sln:wojIdTeryt><sln:wojNazwa>podlaskie</sln:wojNazwa></sln:miejscowosc><sln:miejscowosc><sln:cyklZyciaOd>2017-04-10T00:00:00+02:00</sln:cyklZyciaOd><sln:gmIIPId>1d08848a-52b1-407c-bcb7-f7bc9b6b6fdb</sln:gmIIPId><sln:gmIIPPn>PL.PZGIK.200</sln:gmIIPPn><sln:gmIIPWersja>2012-09-26T22:15:15+02:00</sln:gmIIPWersja><sln:gmIdTeryt>2003042</sln:gmIdTeryt><sln:gmNazwa>Boćki</sln:gmNazwa><sln:miejscIIPId>df29c5db-dc0c-408f-a71b-d114c5f575e3</sln:miejscIIPId><sln:miejscIIPPn>PL.PZGIK.200</sln:miejscIIPPn><sln:miejscIIPWersja>2017-04-10T14:26:14+02:00</sln:miejscIIPWersja><sln:miejscIdTeryt>0024199</sln:miejscIdTeryt><sln:miejscNazwa>Mołoczki</sln:miejscNazwa><sln:miejscRodzaj>Wieś</sln:miejscRodzaj><sln:powIIPId>409d7d55-3ec7-48fc-b67f-dc58de8f4566</sln:powIIPId><sln:powIIPPn>PL.PZGIK.200</sln:powIIPPn><sln:powIIPWersja>2012-09-27T09:26:09+02:00</sln:powIIPWersja><sln:powIdTeryt>2003</sln:powIdTeryt><sln:powNazwa>bielski</sln:powNazwa><sln:waznyOd>2015-07-16T00:00:00+02:00</sln:waznyOd><sln:wojIIPId>53ad7aea-d9d3-40c9-9a5c-ff737d5b076e</sln:wojIIPId><sln:wojIIPPn>PL.PZGIK.200</sln:wojIIPPn><sln:wojIIPWersja>2017-10-10T00:00:00+02:00</sln:wojIIPWersja><sln:wojIdTeryt>20</sln:wojIdTeryt><sln:wojNazwa>podlaskie</sln:wojNazwa></sln:miejscowosc><sln:miejscowosc><sln:cyklZyciaOd>2017-04-10T00:00:00+02:00</sln:cyklZyciaOd><sln:gmIIPId>1d08848a-52b1-407c-bcb7-f7bc9b6b6fdb</sln:gmIIPId><sln:gmIIPPn>PL.PZGIK.200</sln:gmIIPPn><sln:gmIIPWersja>2012-09-26T22:15:15+02:00</sln:gmIIPWersja><sln:gmIdTeryt>2003042</sln:gmIdTeryt><sln:gmNazwa>Boćki</sln:gmNazwa><sln:miejscIIPId>6d8fd55d-77f3-4833-86f2-8a630b50a77e</sln:miejscIIPId><sln:miejscIIPPn>PL.PZGIK.200</sln:miejscIIPPn><sln:miejscIIPWersja>2017-04-10T14:26:14+02:00</sln:miejscIIPWersja><sln:miejscIdTeryt>0024207</sln:miejscIdTeryt><sln:miejscNazwa>Nurzec</sln:miejscNazwa><sln:miejscRodzaj>Wieś</sln:miejscRodzaj><sln:powIIPId>409d7d55-3ec7-48fc-b67f-dc58de8f4566</sln:powIIPId><sln:powIIPPn>PL.PZGIK.200</sln:powIIPPn><sln:powIIPWersja>2012-09-27T09:26:09+02:00</sln:powIIPWersja><sln:powIdTeryt>2003</sln:powIdTeryt><sln:powNazwa>bielski</sln:powNazwa><sln:waznyOd>2015-07-16T00:00:00+02:00</sln:waznyOd><sln:wojIIPId>53ad7aea-d9d3-40c9-9a5c-ff737d5b076e</sln:wojIIPId><sln:wojIIPPn>PL.PZGIK.200</sln:wojIIPPn><sln:wojIIPWersja>2017-10-10T00:00:00+02:00</sln:wojIIPWersja><sln:wojIdTeryt>20</sln:wojIdTeryt><sln:wojNazwa>podlaskie</sln:wojNazwa></sln:miejscowosc><sln:miejscowosc><sln:cyklZyciaOd>2017-04-10T00:00:00+02:00</sln:cyklZyciaOd><sln:gmIIPId>1d08848a-52b1-407c-bcb7-f7bc9b6b6fdb</sln:gmIIPId><sln:gmIIPPn>PL.PZGIK.200</sln:gmIIPPn><sln:gmIIPWersja>2012-09-26T22:15:15+02:00</sln:gmIIPWersja><sln:gmIdTeryt>2003042</sln:gmIdTeryt><sln:gmNazwa>Boćki</sln:gmNazwa><sln:miejscIIPId>0bcf0c8e-c4cb-4abc-b5d2-fe1028026ac2</sln:miejscIIPId><sln:miejscIIPPn>PL.PZGIK.200</sln:miejscIIPPn><sln:miejscIIPWersja>2017-04-10T14:26:14+02:00</sln:miejscIIPWersja><sln:miejscIdTeryt>0024213</sln:miejscIdTeryt><sln:miejscNazwa>Olszewo</sln:miejscNazwa><sln:miejscRodzaj>Wieś</sln:miejscRodzaj><sln:powIIPId>409d7d55-3ec7-48fc-b67f-dc58de8f4566</sln:powIIPId><sln:powIIPPn>PL.PZGIK.200</sln:powIIPPn><sln:powIIPWersja>2012-09-27T09:26:09+02:00</sln:powIIPWersja><sln:powIdTeryt>2003</sln:powIdTeryt><sln:powNazwa>bielski</sln:powNazwa><sln:waznyOd>2015-07-16T00:00:00+02:00</sln:waznyOd><sln:wojIIPId>53ad7aea-d9d3-40c9-9a5c-ff737d5b076e</sln:wojIIPId><sln:wojIIPPn>PL.PZGIK.200</sln:wojIIPPn><sln:wojIIPWersja>2017-10-10T00:00:00+02:00</sln:wojIIPWersja><sln:wojIdTeryt>20</sln:wojIdTeryt><sln:wojNazwa>podlaskie</sln:wojNazwa></sln:miejscowosc><sln:miejscowosc><sln:cyklZyciaOd>2017-04-10T00:00:00+02:00</sln:cyklZyciaOd><sln:gmIIPId>1d08848a-52b1-407c-bcb7-f7bc9b6b6fdb</sln:gmIIPId><sln:gmIIPPn>PL.PZGIK.200</sln:gmIIPPn><sln:gmIIPWersja>2012-09-26T22:15:15+02:00</sln:gmIIPWersja><sln:gmIdTeryt>2003042</sln:gmIdTeryt><sln:gmNazwa>Boćki</sln:gmNazwa><sln:miejscIIPId>9f78fcea-c608-43a4-86ee-5e603b6c2cbe</sln:miejscIIPId><sln:miejscIIPPn>PL.PZGIK.200</sln:miejscIIPPn><sln:miejscIIPWersja>2017-04-10T14:26:14+02:00</sln:miejscIIPWersja><sln:miejscIdTeryt>0024220</sln:miejscIdTeryt><sln:miejscNazwa>Pasieka</sln:miejscNazwa><sln:miejscRodzaj>Kolonia</sln:miejscRodzaj><sln:powIIPId>409d7d55-3ec7-48fc-b67f-dc58de8f4566</sln:powIIPId><sln:powIIPPn>PL.PZGIK.200</sln:powIIPPn><sln:powIIPWersja>2012-09-27T09:26:09+02:00</sln:powIIPWersja><sln:powIdTeryt>2003</sln:powIdTeryt><sln:powNazwa>bielski</sln:powNazwa><sln:waznyOd>2015-07-16T00:00:00+02:00</sln:waznyOd><sln:wojIIPId>53ad7aea-d9d3-40c9-9a5c-ff737d5b076e</sln:wojIIPId><sln:wojIIPPn>PL.PZGIK.200</sln:wojIIPPn><sln:wojIIPWersja>2017-10-10T00:00:00+02:00</sln:wojIIPWersja><sln:wojIdTeryt>20</sln:wojIdTeryt><sln:wojNazwa>podlaskie</sln:wojNazwa></sln:miejscowosc><sln:miejscowosc><sln:cyklZyciaOd>2017-04-10T00:00:00+02:00</sln:cyklZyciaOd><sln:gmIIPId>1d08848a-52b1-407c-bcb7-f7bc9b6b6fdb</sln:gmIIPId><sln:gmIIPPn>PL.PZGIK.200</sln:gmIIPPn><sln:gmIIPWersja>2012-09-26T22:15:15+02:00</sln:gmIIPWersja><sln:gmIdTeryt>2003042</sln:gmIdTeryt><sln:gmNazwa>Boćki</sln:gmNazwa><sln:miejscIIPId>3102d313-a5ae-4015-894b-616e80ff23ef</sln:miejscIIPId><sln:miejscIIPPn>PL.PZGIK.200</sln:miejscIIPPn><sln:miejscIIPWersja>2017-04-10T14:26:14+02:00</sln:miejscIIPWersja><sln:miejscIdTeryt>0024236</sln:miejscIdTeryt><sln:miejscNazwa>Piotrowo-Krzywokoły</sln:miejscNazwa><sln:miejscRodzaj>Wieś</sln:miejscRodzaj><sln:powIIPId>409d7d55-3ec7-48fc-b67f-dc58de8f4566</sln:powIIPId><sln:powIIPPn>PL.PZGIK.200</sln:powIIPPn><sln:powIIPWersja>2012-09-27T09:26:09+02:00</sln:powIIPWersja><sln:powIdTeryt>2003</sln:powIdTeryt><sln:powNazwa>bielski</sln:powNazwa><sln:waznyOd>2015-07-16T00:00:00+02:00</sln:waznyOd><sln:wojIIPId>53ad7aea-d9d3-40c9-9a5c-ff737d5b076e</sln:wojIIPId><sln:wojIIPPn>PL.PZGIK.200</sln:wojIIPPn><sln:wojIIPWersja>2017-10-10T00:00:00+02:00</sln:wojIIPWersja><sln:wojIdTeryt>20</sln:wojIdTeryt><sln:wojNazwa>podlaskie</sln:wojNazwa></sln:miejscowosc><sln:miejscowosc><sln:cyklZyciaOd>2017-04-10T00:00:00+02:00</sln:cyklZyciaOd><sln:gmIIPId>1d08848a-52b1-407c-bcb7-f7bc9b6b6fdb</sln:gmIIPId><sln:gmIIPPn>PL.PZGIK.200</sln:gmIIPPn><sln:gmIIPWersja>2012-09-26T22:15:15+02:00</sln:gmIIPWersja><sln:gmIdTeryt>2003042</sln:gmIdTeryt><sln:gmNazwa>Boćki</sln:gmNazwa><sln:miejscIIPId>7e52a97a-6dab-474b-ac93-4d7259604e9f</sln:miejscIIPId><sln:miejscIIPPn>PL.PZGIK.200</sln:miejscIIPPn><sln:miejscIIPWersja>2017-04-10T14:26:15+02:00</sln:miejscIIPWersja><sln:miejscIdTeryt>0024242</sln:miejscIdTeryt><sln:miejscNazwa>Piotrowo-Trojany</sln:miejscNazwa><sln:miejscRodzaj>Wieś</sln:miejscRodzaj><sln:powIIPId>409d7d55-3ec7-48fc-b67f-dc58de8f4566</sln:powIIPId><sln:powIIPPn>PL.PZGIK.200</sln:powIIPPn><sln:powIIPWersja>2012-09-27T09:26:09+02:00</sln:powIIPWersja><sln:powIdTeryt>2003</sln:powIdTeryt><sln:powNazwa>bielski</sln:powNazwa><sln:waznyOd>2015-07-16T00:00:00+02:00</sln:waznyOd><sln:wojIIPId>53ad7aea-d9d3-40c9-9a5c-ff737d5b076e</sln:wojIIPId><sln:wojIIPPn>PL.PZGIK.200</sln:wojIIPPn><sln:wojIIPWersja>2017-10-10T00:00:00+02:00</sln:wojIIPWersja><sln:wojIdTeryt>20</sln:wojIdTeryt><sln:wojNazwa>podlaskie</sln:wojNazwa></sln:miejscowosc><sln:miejscowosc><sln:cyklZyciaOd>2017-04-10T00:00:00+02:00</sln:cyklZyciaOd><sln:gmIIPId>1d08848a-52b1-407c-bcb7-f7bc9b6b6fdb</sln:gmIIPId><sln:gmIIPPn>PL.PZGIK.200</sln:gmIIPPn><sln:gmIIPWersja>2012-09-26T22:15:15+02:00</sln:gmIIPWersja><sln:gmIdTeryt>2003042</sln:gmIdTeryt><sln:gmNazwa>Boćki</sln:gmNazwa><sln:miejscIIPId>600493b0-c35b-4ac8-b527-1c7124f87407</sln:miejscIIPId><sln:miejscIIPPn>PL.PZGIK.200</sln:miejscIIPPn><sln:miejscIIPWersja>2017-04-10T14:26:15+02:00</sln:miejscIIPWersja><sln:miejscIdTeryt>0024259</sln:miejscIdTeryt><sln:miejscNazwa>Sasiny</sln:miejscNazwa><sln:miejscRodzaj>Wieś</sln:miejscRodzaj><sln:powIIPId>409d7d55-3ec7-48fc-b67f-dc58de8f4566</sln:powIIPId><sln:powIIPPn>PL.PZGIK.200</sln:powIIPPn><sln:powIIPWersja>2012-09-27T09:26:09+02:00</sln:powIIPWersja><sln:powIdTeryt>2003</sln:powIdTeryt><sln:powNazwa>bielski</sln:powNazwa><sln:waznyOd>2015-07-16T00:00:00+02:00</sln:waznyOd><sln:wojIIPId>53ad7aea-d9d3-40c9-9a5c-ff737d5b076e</sln:wojIIPId><sln:wojIIPPn>PL.PZGIK.200</sln:wojIIPPn><sln:wojIIPWersja>2017-10-10T00:00:00+02:00</sln:wojIIPWersja><sln:wojIdTeryt>20</sln:wojIdTeryt><sln:wojNazwa>podlaskie</sln:wojNazwa></sln:miejscowosc><sln:miejscowosc><sln:cyklZyciaOd>2017-04-10T00:00:00+02:00</sln:cyklZyciaOd><sln:gmIIPId>1d08848a-52b1-407c-bcb7-f7bc9b6b6fdb</sln:gmIIPId><sln:gmIIPPn>PL.PZGIK.200</sln:gmIIPPn><sln:gmIIPWersja>2012-09-26T22:15:15+02:00</sln:gmIIPWersja><sln:gmIdTeryt>2003042</sln:gmIdTeryt><sln:gmNazwa>Boćki</sln:gmNazwa><sln:miejscIIPId>bbae17ae-e559-4040-b56d-ca832d70128c</sln:miejscIIPId><sln:miejscIIPPn>PL.PZGIK.200</sln:miejscIIPPn><sln:miejscIIPWersja>2017-04-10T14:26:15+02:00</sln:miejscIIPWersja><sln:miejscIdTeryt>0024265</sln:miejscIdTeryt><sln:miejscNazwa>Siedlece</sln:miejscNazwa><sln:miejscRodzaj>Wieś</sln:miejscRodzaj><sln:powIIPId>409d7d55-3ec7-48fc-b67f-dc58de8f4566</sln:powIIPId><sln:powIIPPn>PL.PZGIK.200</sln:powIIPPn><sln:powIIPWersja>2012-09-27T09:26:09+02:00</sln:powIIPWersja><sln:powIdTeryt>2003</sln:powIdTeryt><sln:powNazwa>bielski</sln:powNazwa><sln:waznyOd>2015-07-16T00:00:00+02:00</sln:waznyOd><sln:wojIIPId>53ad7aea-d9d3-40c9-9a5c-ff737d5b076e</sln:wojIIPId><sln:wojIIPPn>PL.PZGIK.200</sln:wojIIPPn><sln:wojIIPWersja>2017-10-10T00:00:00+02:00</sln:wojIIPWersja><sln:wojIdTeryt>20</sln:wojIdTeryt><sln:wojNazwa>podlaskie</sln:wojNazwa></sln:miejscowosc><sln:miejscowosc><sln:cyklZyciaOd>2017-04-10T00:00:00+02:00</sln:cyklZyciaOd><sln:gmIIPId>1d08848a-52b1-407c-bcb7-f7bc9b6b6fdb</sln:gmIIPId><sln:gmIIPPn>PL.PZGIK.200</sln:gmIIPPn><sln:gmIIPWersja>2012-09-26T22:15:15+02:00</sln:gmIIPWersja><sln:gmIdTeryt>2003042</sln:gmIdTeryt><sln:gmNazwa>Boćki</sln:gmNazwa><sln:miejscIIPId>ee38e86a-6ee7-4c29-8e5c-ba8025a59c35</sln:miejscIIPId><sln:miejscIIPPn>PL.PZGIK.200</sln:miejscIIPPn><sln:miejscIIPWersja>2017-04-10T14:26:15+02:00</sln:miejscIIPWersja><sln:miejscIdTeryt>0024271</sln:miejscIdTeryt><sln:miejscNazwa>Siekluki</sln:miejscNazwa><sln:miejscRodzaj>Wieś</sln:miejscRodzaj><sln:powIIPId>409d7d55-3ec7-48fc-b67f-dc58de8f4566</sln:powIIPId><sln:powIIPPn>PL.PZGIK.200</sln:powIIPPn><sln:powIIPWersja>2012-09-27T09:26:09+02:00</sln:powIIPWersja><sln:powIdTeryt>2003</sln:powIdTeryt><sln:powNazwa>bielski</sln:powNazwa><sln:waznyOd>2015-07-16T00:00:00+02:00</sln:waznyOd><sln:wojIIPId>53ad7aea-d9d3-40c9-9a5c-ff737d5b076e</sln:wojIIPId><sln:wojIIPPn>PL.PZGIK.200</sln:wojIIPPn><sln:wojIIPWersja>2017-10-10T00:00:00+02:00</sln:wojIIPWersja><sln:wojIdTeryt>20</sln:wojIdTeryt><sln:wojNazwa>podlaskie</sln:wojNazwa></sln:miejscowosc><sln:miejscowosc><sln:cyklZyciaOd>2017-04-10T00:00:00+02:00</sln:cyklZyciaOd><sln:gmIIPId>1d08848a-52b1-407c-bcb7-f7bc9b6b6fdb</sln:gmIIPId><sln:gmIIPPn>PL.PZGIK.200</sln:gmIIPPn><sln:gmIIPWersja>2012-09-26T22:15:15+02:00</sln:gmIIPWersja><sln:gmIdTeryt>2003042</sln:gmIdTeryt><sln:gmNazwa>Boćki</sln:gmNazwa><sln:miejscIIPId>033bba30-7756-4a65-a7e1-0938de2f0d1e</sln:miejscIIPId><sln:miejscIIPPn>PL.PZGIK.200</sln:miejscIIPPn><sln:miejscIIPWersja>2017-04-10T14:26:15+02:00</sln:miejscIIPWersja><sln:miejscIdTeryt>0024288</sln:miejscIdTeryt><sln:miejscNazwa>Sielc</sln:miejscNazwa><sln:miejscRodzaj>Wieś</sln:miejscRodzaj><sln:powIIPId>409d7d55-3ec7-48fc-b67f-dc58de8f4566</sln:powIIPId><sln:powIIPPn>PL.PZGIK.200</sln:powIIPPn><sln:powIIPWersja>2012-09-27T09:26:09+02:00</sln:powIIPWersja><sln:powIdTeryt>2003</sln:powIdTeryt><sln:powNazwa>bielski</sln:powNazwa><sln:waznyOd>2015-07-16T00:00:00+02:00</sln:waznyOd><sln:wojIIPId>53ad7aea-d9d3-40c9-9a5c-ff737d5b076e</sln:wojIIPId><sln:wojIIPPn>PL.PZGIK.200</sln:wojIIPPn><sln:wojIIPWersja>2017-10-10T00:00:00+02:00</sln:wojIIPWersja><sln:wojIdTeryt>20</sln:wojIdTeryt><sln:wojNazwa>podlaskie</sln:wojNazwa></sln:miejscowosc><sln:miejscowosc><sln:cyklZyciaOd>2017-04-10T00:00:00+02:00</sln:cyklZyciaOd><sln:gmIIPId>1d08848a-52b1-407c-bcb7-f7bc9b6b6fdb</sln:gmIIPId><sln:gmIIPPn>PL.PZGIK.200</sln:gmIIPPn><sln:gmIIPWersja>2012-09-26T22:15:15+02:00</sln:gmIIPWersja><sln:gmIdTeryt>2003042</sln:gmIdTeryt><sln:gmNazwa>Boćki</sln:gmNazwa><sln:miejscIIPId>81d493e6-9785-4203-877f-9dcd64e02a9b</sln:miejscIIPId><sln:miejscIIPPn>PL.PZGIK.200</sln:miejscIIPPn><sln:miejscIIPWersja>2017-04-10T14:26:15+02:00</sln:miejscIIPWersja><sln:miejscIdTeryt>0024319</sln:miejscIdTeryt><sln:miejscNazwa>Skalimowo</sln:miejscNazwa><sln:miejscRodzaj>Wieś</sln:miejscRodzaj><sln:powIIPId>409d7d55-3ec7-48fc-b67f-dc58de8f4566</sln:powIIPId><sln:powIIPPn>PL.PZGIK.200</sln:powIIPPn><sln:powIIPWersja>2012-09-27T09:26:09+02:00</sln:powIIPWersja><sln:powIdTeryt>2003</sln:powIdTeryt><sln:powNazwa>bielski</sln:powNazwa><sln:waznyOd>2015-07-16T00:00:00+02:00</sln:waznyOd><sln:wojIIPId>53ad7aea-d9d3-40c9-9a5c-ff737d5b076e</sln:wojIIPId><sln:wojIIPPn>PL.PZGIK.200</sln:wojIIPPn><sln:wojIIPWersja>2017-10-10T00:00:00+02:00</sln:wojIIPWersja><sln:wojIdTeryt>20</sln:wojIdTeryt><sln:wojNazwa>podlaskie</sln:wojNazwa></sln:miejscowosc><sln:miejscowosc><sln:cyklZyciaOd>2017-04-10T00:00:00+02:00</sln:cyklZyciaOd><sln:gmIIPId>1d08848a-52b1-407c-bcb7-f7bc9b6b6fdb</sln:gmIIPId><sln:gmIIPPn>PL.PZGIK.200</sln:gmIIPPn><sln:gmIIPWersja>2012-09-26T22:15:15+02:00</sln:gmIIPWersja><sln:gmIdTeryt>2003042</sln:gmIdTeryt><sln:gmNazwa>Boćki</sln:gmNazwa><sln:miejscIIPId>2651f6e3-6e73-4972-b5cd-09ba3337bcb4</sln:miejscIIPId><sln:miejscIIPPn>PL.PZGIK.200</sln:miejscIIPPn><sln:miejscIIPWersja>2017-04-10T14:26:15+02:00</sln:miejscIIPWersja><sln:miejscIdTeryt>0024325</sln:miejscIdTeryt><sln:miejscNazwa>Solniki</sln:miejscNazwa><sln:miejscRodzaj>Wieś</sln:miejscRodzaj><sln:powIIPId>409d7d55-3ec7-48fc-b67f-dc58de8f4566</sln:powIIPId><sln:powIIPPn>PL.PZGIK.200</sln:powIIPPn><sln:powIIPWersja>2012-09-27T09:26:09+02:00</sln:powIIPWersja><sln:powIdTeryt>2003</sln:powIdTeryt><sln:powNazwa>bielski</sln:powNazwa><sln:waznyOd>2015-07-16T00:00:00+02:00</sln:waznyOd><sln:wojIIPId>53ad7aea-d9d3-40c9-9a5c-ff737d5b076e</sln:wojIIPId><sln:wojIIPPn>PL.PZGIK.200</sln:wojIIPPn><sln:wojIIPWersja>2017-10-10T00:00:00+02:00</sln:wojIIPWersja><sln:wojIdTeryt>20</sln:wojIdTeryt><sln:wojNazwa>podlaskie</sln:wojNazwa></sln:miejscowosc><sln:miejscowosc><sln:cyklZyciaOd>2017-04-10T00:00:00+02:00</sln:cyklZyciaOd><sln:gmIIPId>1d08848a-52b1-407c-bcb7-f7bc9b6b6fdb</sln:gmIIPId><sln:gmIIPPn>PL.PZGIK.200</sln:gmIIPPn><sln:gmIIPWersja>2012-09-26T22:15:15+02:00</sln:gmIIPWersja><sln:gmIdTeryt>2003042</sln:gmIdTeryt><sln:gmNazwa>Boćki</sln:gmNazwa><sln:miejscIIPId>ededd7d4-077f-4435-b6a6-c828dc45a4eb</sln:miejscIIPId><sln:miejscIIPPn>PL.PZGIK.200</sln:miejscIIPPn><sln:miejscIIPWersja>2017-04-10T14:26:15+02:00</sln:miejscIIPWersja><sln:miejscIdTeryt>0024331</sln:miejscIdTeryt><sln:miejscNazwa>Starowieś</sln:miejscNazwa><sln:miejscRodzaj>Wieś</sln:miejscRodzaj><sln:powIIPId>409d7d55-3ec7-48fc-b67f-dc58de8f4566</sln:powIIPId><sln:powIIPPn>PL.PZGIK.200</sln:powIIPPn><sln:powIIPWersja>2012-09-27T09:26:09+02:00</sln:powIIPWersja><sln:powIdTeryt>2003</sln:powIdTeryt><sln:powNazwa>bielski</sln:powNazwa><sln:waznyOd>2015-07-16T00:00:00+02:00</sln:waznyOd><sln:wojIIPId>53ad7aea-d9d3-40c9-9a5c-ff737d5b076e</sln:wojIIPId><sln:wojIIPPn>PL.PZGIK.200</sln:wojIIPPn><sln:wojIIPWersja>2017-10-10T00:00:00+02:00</sln:wojIIPWersja><sln:wojIdTeryt>20</sln:wojIdTeryt><sln:wojNazwa>podlaskie</sln:wojNazwa></sln:miejscowosc><sln:miejscowosc><sln:cyklZyciaOd>2017-04-10T00:00:00+02:00</sln:cyklZyciaOd><sln:gmIIPId>1d08848a-52b1-407c-bcb7-f7bc9b6b6fdb</sln:gmIIPId><sln:gmIIPPn>PL.PZGIK.200</sln:gmIIPPn><sln:gmIIPWersja>2012-09-26T22:15:15+02:00</sln:gmIIPWersja><sln:gmIdTeryt>2003042</sln:gmIdTeryt><sln:gmNazwa>Boćki</sln:gmNazwa><sln:miejscIIPId>81c3e729-970b-4b3a-b11e-9b4608a226a6</sln:miejscIIPId><sln:miejscIIPPn>PL.PZGIK.200</sln:miejscIIPPn><sln:miejscIIPWersja>2017-04-10T14:26:15+02:00</sln:miejscIIPWersja><sln:miejscIdTeryt>0024348</sln:miejscIdTeryt><sln:miejscNazwa>Szeszyły</sln:miejscNazwa><sln:miejscRodzaj>Wieś</sln:miejscRodzaj><sln:powIIPId>409d7d55-3ec7-48fc-b67f-dc58de8f4566</sln:powIIPId><sln:powIIPPn>PL.PZGIK.200</sln:powIIPPn><sln:powIIPWersja>2012-09-27T09:26:09+02:00</sln:powIIPWersja><sln:powIdTeryt>2003</sln:powIdTeryt><sln:powNazwa>bielski</sln:powNazwa><sln:waznyOd>2015-07-16T00:00:00+02:00</sln:waznyOd><sln:wojIIPId>53ad7aea-d9d3-40c9-9a5c-ff737d5b076e</sln:wojIIPId><sln:wojIIPPn>PL.PZGIK.200</sln:wojIIPPn><sln:wojIIPWersja>2017-10-10T00:00:00+02:00</sln:wojIIPWersja><sln:wojIdTeryt>20</sln:wojIdTeryt><sln:wojNazwa>podlaskie</sln:wojNazwa></sln:miejscowosc><sln:miejscowosc><sln:cyklZyciaOd>2017-04-10T00:00:00+02:00</sln:cyklZyciaOd><sln:gmIIPId>1d08848a-52b1-407c-bcb7-f7bc9b6b6fdb</sln:gmIIPId><sln:gmIIPPn>PL.PZGIK.200</sln:gmIIPPn><sln:gmIIPWersja>2012-09-26T22:15:15+02:00</sln:gmIIPWersja><sln:gmIdTeryt>2003042</sln:gmIdTeryt><sln:gmNazwa>Boćki</sln:gmNazwa><sln:miejscIIPId>35b461e6-ab86-4dcd-917d-690fbd107385</sln:miejscIIPId><sln:miejscIIPPn>PL.PZGIK.200</sln:miejscIIPPn><sln:miejscIIPWersja>2017-04-10T14:26:15+02:00</sln:miejscIIPWersja><sln:miejscIdTeryt>0024354</sln:miejscIdTeryt><sln:miejscNazwa>Szumki</sln:miejscNazwa><sln:miejscRodzaj>Wieś</sln:miejscRodzaj><sln:powIIPId>409d7d55-3ec7-48fc-b67f-dc58de8f4566</sln:powIIPId><sln:powIIPPn>PL.PZGIK.200</sln:powIIPPn><sln:powIIPWersja>2012-09-27T09:26:09+02:00</sln:powIIPWersja><sln:powIdTeryt>2003</sln:powIdTeryt><sln:powNazwa>bielski</sln:powNazwa><sln:waznyOd>2015-07-16T00:00:00+02:00</sln:waznyOd><sln:wojIIPId>53ad7aea-d9d3-40c9-9a5c-ff737d5b076e</sln:wojIIPId><sln:wojIIPPn>PL.PZGIK.200</sln:wojIIPPn><sln:wojIIPWersja>2017-10-10T00:00:00+02:00</sln:wojIIPWersja><sln:wojIdTeryt>20</sln:wojIdTeryt><sln:wojNazwa>podlaskie</sln:wojNazwa></sln:miejscowosc><sln:miejscowosc><sln:cyklZyciaOd>2017-04-10T00:00:00+02:00</sln:cyklZyciaOd><sln:gmIIPId>1d08848a-52b1-407c-bcb7-f7bc9b6b6fdb</sln:gmIIPId><sln:gmIIPPn>PL.PZGIK.200</sln:gmIIPPn><sln:gmIIPWersja>2012-09-26T22:15:15+02:00</sln:gmIIPWersja><sln:gmIdTeryt>2003042</sln:gmIdTeryt><sln:gmNazwa>Boćki</sln:gmNazwa><sln:miejscIIPId>b6652448-ab34-43b5-b3a3-9dd53eaedbdc</sln:miejscIIPId><sln:miejscIIPPn>PL.PZGIK.200</sln:miejscIIPPn><sln:miejscIIPWersja>2017-04-10T14:26:15+02:00</sln:miejscIIPWersja><sln:miejscIdTeryt>0024360</sln:miejscIdTeryt><sln:miejscNazwa>Śnieżki</sln:miejscNazwa><sln:miejscRodzaj>Wieś</sln:miejscRodzaj><sln:powIIPId>409d7d55-3ec7-48fc-b67f-dc58de8f4566</sln:powIIPId><sln:powIIPPn>PL.PZGIK.200</sln:powIIPPn><sln:powIIPWersja>2012-09-27T09:26:09+02:00</sln:powIIPWersja><sln:powIdTeryt>2003</sln:powIdTeryt><sln:powNazwa>bielski</sln:powNazwa><sln:waznyOd>2015-07-16T00:00:00+02:00</sln:waznyOd><sln:wojIIPId>53ad7aea-d9d3-40c9-9a5c-ff737d5b076e</sln:wojIIPId><sln:wojIIPPn>PL.PZGIK.200</sln:wojIIPPn><sln:wojIIPWersja>2017-10-10T00:00:00+02:00</sln:wojIIPWersja><sln:wojIdTeryt>20</sln:wojIdTeryt><sln:wojNazwa>podlaskie</sln:wojNazwa></sln:miejscowosc><sln:miejscowosc><sln:cyklZyciaOd>2017-04-10T00:00:00+02:00</sln:cyklZyciaOd><sln:gmIIPId>1d08848a-52b1-407c-bcb7-f7bc9b6b6fdb</sln:gmIIPId><sln:gmIIPPn>PL.PZGIK.200</sln:gmIIPPn><sln:gmIIPWersja>2012-09-26T22:15:15+02:00</sln:gmIIPWersja><sln:gmIdTeryt>2003042</sln:gmIdTeryt><sln:gmNazwa>Boćki</sln:gmNazwa><sln:miejscIIPId>72aacc4b-b161-4846-bd94-6f603fb2f025</sln:miejscIIPId><sln:miejscIIPPn>PL.PZGIK.200</sln:miejscIIPPn><sln:miejscIIPWersja>2017-04-10T14:26:15+02:00</sln:miejscIIPWersja><sln:miejscIdTeryt>0024377</sln:miejscIdTeryt><sln:miejscNazwa>Torule</sln:miejscNazwa><sln:miejscRodzaj>Wieś</sln:miejscRodzaj><sln:powIIPId>409d7d55-3ec7-48fc-b67f-dc58de8f4566</sln:powIIPId><sln:powIIPPn>PL.PZGIK.200</sln:powIIPPn><sln:powIIPWersja>2012-09-27T09:26:09+02:00</sln:powIIPWersja><sln:powIdTeryt>2003</sln:powIdTeryt><sln:powNazwa>bielski</sln:powNazwa><sln:waznyOd>2015-07-16T00:00:00+02:00</sln:waznyOd><sln:wojIIPId>53ad7aea-d9d3-40c9-9a5c-ff737d5b076e</sln:wojIIPId><sln:wojIIPPn>PL.PZGIK.200</sln:wojIIPPn><sln:wojIIPWersja>2017-10-10T00:00:00+02:00</sln:wojIIPWersja><sln:wojIdTeryt>20</sln:wojIdTeryt><sln:wojNazwa>podlaskie</sln:wojNazwa></sln:miejscowosc><sln:miejscowosc><sln:cyklZyciaOd>2017-04-10T00:00:00+02:00</sln:cyklZyciaOd><sln:gmIIPId>1d08848a-52b1-407c-bcb7-f7bc9b6b6fdb</sln:gmIIPId><sln:gmIIPPn>PL.PZGIK.200</sln:gmIIPPn><sln:gmIIPWersja>2012-09-26T22:15:15+02:00</sln:gmIIPWersja><sln:gmIdTeryt>2003042</sln:gmIdTeryt><sln:gmNazwa>Boćki</sln:gmNazwa><sln:miejscIIPId>652b5871-1ff2-45c5-a48a-14a590114f77</sln:miejscIIPId><sln:miejscIIPPn>PL.PZGIK.200</sln:miejscIIPPn><sln:miejscIIPWersja>2017-04-10T14:26:16+02:00</sln:miejscIIPWersja><sln:miejscIdTeryt>0024383</sln:miejscIdTeryt><sln:miejscNazwa>Wandalin</sln:miejscNazwa><sln:miejscRodzaj>Osada</sln:miejscRodzaj><sln:powIIPId>409d7d55-3ec7-48fc-b67f-dc58de8f4566</sln:powIIPId><sln:powIIPPn>PL.PZGIK.200</sln:powIIPPn><sln:powIIPWersja>2012-09-27T09:26:09+02:00</sln:powIIPWersja><sln:powIdTeryt>2003</sln:powIdTeryt><sln:powNazwa>bielski</sln:powNazwa><sln:waznyOd>2015-07-16T00:00:00+02:00</sln:waznyOd><sln:wojIIPId>53ad7aea-d9d3-40c9-9a5c-ff737d5b076e</sln:wojIIPId><sln:wojIIPPn>PL.PZGIK.200</sln:wojIIPPn><sln:wojIIPWersja>2017-10-10T00:00:00+02:00</sln:wojIIPWersja><sln:wojIdTeryt>20</sln:wojIdTeryt><sln:wojNazwa>podlaskie</sln:wojNazwa></sln:miejscowosc><sln:miejscowosc><sln:cyklZyciaOd>2017-04-10T00:00:00+02:00</sln:cyklZyciaOd><sln:gmIIPId>1d08848a-52b1-407c-bcb7-f7bc9b6b6fdb</sln:gmIIPId><sln:gmIIPPn>PL.PZGIK.200</sln:gmIIPPn><sln:gmIIPWersja>2012-09-26T22:15:15+02:00</sln:gmIIPWersja><sln:gmIdTeryt>2003042</sln:gmIdTeryt><sln:gmNazwa>Boćki</sln:gmNazwa><sln:miejscIIPId>6508c820-2b46-4ef1-b75b-90a49f443ba0</sln:miejscIIPId><sln:miejscIIPPn>PL.PZGIK.200</sln:miejscIIPPn><sln:miejscIIPWersja>2017-04-10T14:26:16+02:00</sln:miejscIIPWersja><sln:miejscIdTeryt>0024390</sln:miejscIdTeryt><sln:miejscNazwa>Chranibory Drugie</sln:miejscNazwa><sln:miejscRodzaj>Kolonia</sln:miejscRodzaj><sln:powIIPId>409d7d55-3ec7-48fc-b67f-dc58de8f4566</sln:powIIPId><sln:powIIPPn>PL.PZGIK.200</sln:powIIPPn><sln:powIIPWersja>2012-09-27T09:26:09+02:00</sln:powIIPWersja><sln:powIdTeryt>2003</sln:powIdTeryt><sln:powNazwa>bielski</sln:powNazwa><sln:waznyOd>2016-01-20T00:00:00+01:00</sln:waznyOd><sln:wojIIPId>53ad7aea-d9d3-40c9-9a5c-ff737d5b076e</sln:wojIIPId><sln:wojIIPPn>PL.PZGIK.200</sln:wojIIPPn><sln:wojIIPWersja>2017-10-10T00:00:00+02:00</sln:wojIIPWersja><sln:wojIdTeryt>20</sln:wojIdTeryt><sln:wojNazwa>podlaskie</sln:wojNazwa></sln:miejscowosc><sln:miejscowosc><sln:cyklZyciaOd>2017-04-10T00:00:00+02:00</sln:cyklZyciaOd><sln:gmIIPId>1d08848a-52b1-407c-bcb7-f7bc9b6b6fdb</sln:gmIIPId><sln:gmIIPPn>PL.PZGIK.200</sln:gmIIPPn><sln:gmIIPWersja>2012-09-26T22:15:15+02:00</sln:gmIIPWersja><sln:gmIdTeryt>2003042</sln:gmIdTeryt><sln:gmNazwa>Boćki</sln:gmNazwa><sln:miejscIIPId>9475baa8-a847-4c4b-9dec-7a1feb4a2711</sln:miejscIIPId><sln:miejscIIPPn>PL.PZGIK.200</sln:miejscIIPPn><sln:miejscIIPWersja>2017-04-10T14:26:16+02:00</sln:miejscIIPWersja><sln:miejscIdTeryt>0024408</sln:miejscIdTeryt><sln:miejscNazwa>Chranibory Pierwsze</sln:miejscNazwa><sln:miejscRodzaj>Kolonia</sln:miejscRodzaj><sln:powIIPId>409d7d55-3ec7-48fc-b67f-dc58de8f4566</sln:powIIPId><sln:powIIPPn>PL.PZGIK.200</sln:powIIPPn><sln:powIIPWersja>2012-09-27T09:26:09+02:00</sln:powIIPWersja><sln:powIdTeryt>2003</sln:powIdTeryt><sln:powNazwa>bielski</sln:powNazwa><sln:waznyOd>2016-01-20T00:00:00+01:00</sln:waznyOd><sln:wojIIPId>53ad7aea-d9d3-40c9-9a5c-ff737d5b076e</sln:wojIIPId><sln:wojIIPPn>PL.PZGIK.200</sln:wojIIPPn><sln:wojIIPWersja>2017-10-10T00:00:00+02:00</sln:wojIIPWersja><sln:wojIdTeryt>20</sln:wojIdTeryt><sln:wojNazwa>podlaskie</sln:wojNazwa></sln:miejscowosc><sln:miejscowosc><sln:cyklZyciaOd>2017-04-10T00:00:00+02:00</sln:cyklZyciaOd><sln:gmIIPId>1d08848a-52b1-407c-bcb7-f7bc9b6b6fdb</sln:gmIIPId><sln:gmIIPPn>PL.PZGIK.200</sln:gmIIPPn><sln:gmIIPWersja>2012-09-26T22:15:15+02:00</sln:gmIIPWersja><sln:gmIdTeryt>2003042</sln:gmIdTeryt><sln:gmNazwa>Boćki</sln:gmNazwa><sln:miejscIIPId>b2c41dfe-c11f-4ac2-949d-26f6396ebc98</sln:miejscIIPId><sln:miejscIIPPn>PL.PZGIK.200</sln:miejscIIPPn><sln:miejscIIPWersja>2017-04-10T14:26:16+02:00</sln:miejscIIPWersja><sln:miejscIdTeryt>0024414</sln:miejscIdTeryt><sln:miejscNazwa>Wandalinek</sln:miejscNazwa><sln:miejscRodzaj>Kolonia</sln:miejscRodzaj><sln:powIIPId>409d7d55-3ec7-48fc-b67f-dc58de8f4566</sln:powIIPId><sln:powIIPPn>PL.PZGIK.200</sln:powIIPPn><sln:powIIPWersja>2012-09-27T09:26:09+02:00</sln:powIIPWersja><sln:powIdTeryt>2003</sln:powIdTeryt><sln:powNazwa>bielski</sln:powNazwa><sln:waznyOd>2015-07-16T00:00:00+02:00</sln:waznyOd><sln:wojIIPId>53ad7aea-d9d3-40c9-9a5c-ff737d5b076e</sln:wojIIPId><sln:wojIIPPn>PL.PZGIK.200</sln:wojIIPPn><sln:wojIIPWersja>2017-10-10T00:00:00+02:00</sln:wojIIPWersja><sln:wojIdTeryt>20</sln:wojIdTeryt><sln:wojNazwa>podlaskie</sln:wojNazwa></sln:miejscowosc><sln:miejscowosc><sln:cyklZyciaOd>2017-04-10T00:00:00+02:00</sln:cyklZyciaOd><sln:gmIIPId>1d08848a-52b1-407c-bcb7-f7bc9b6b6fdb</sln:gmIIPId><sln:gmIIPPn>PL.PZGIK.200</sln:gmIIPPn><sln:gmIIPWersja>2012-09-26T22:15:15+02:00</sln:gmIIPWersja><sln:gmIdTeryt>2003042</sln:gmIdTeryt><sln:gmNazwa>Boćki</sln:gmNazwa><sln:miejscIIPId>d8845c9d-e241-484e-b95c-dd98c0a49596</sln:miejscIIPId><sln:miejscIIPPn>PL.PZGIK.200</sln:miejscIIPPn><sln:miejscIIPWersja>2017-04-10T14:26:16+02:00</sln:miejscIIPWersja><sln:miejscIdTeryt>0024420</sln:miejscIdTeryt><sln:miejscNazwa>Wylan</sln:miejscNazwa><sln:miejscRodzaj>Kolonia</sln:miejscRodzaj><sln:powIIPId>409d7d55-3ec7-48fc-b67f-dc58de8f4566</sln:powIIPId><sln:powIIPPn>PL.PZGIK.200</sln:powIIPPn><sln:powIIPWersja>2012-09-27T09:26:09+02:00</sln:powIIPWersja><sln:powIdTeryt>2003</sln:powIdTeryt><sln:powNazwa>bielski</sln:powNazwa><sln:waznyOd>2015-11-06T00:00:00+01:00</sln:waznyOd><sln:wojIIPId>53ad7aea-d9d3-40c9-9a5c-ff737d5b076e</sln:wojIIPId><sln:wojIIPPn>PL.PZGIK.200</sln:wojIIPPn><sln:wojIIPWersja>2017-10-10T00:00:00+02:00</sln:wojIIPWersja><sln:wojIdTeryt>20</sln:wojIdTeryt><sln:wojNazwa>podlaskie</sln:wojNazwa></sln:miejscowosc><sln:miejscowosc><sln:cyklZyciaOd>2017-04-10T00:00:00+02:00</sln:cyklZyciaOd><sln:gmIIPId>1d08848a-52b1-407c-bcb7-f7bc9b6b6fdb</sln:gmIIPId><sln:gmIIPPn>PL.PZGIK.200</sln:gmIIPPn><sln:gmIIPWersja>2012-09-26T22:15:15+02:00</sln:gmIIPWersja><sln:gmIdTeryt>2003042</sln:gmIdTeryt><sln:gmNazwa>Boćki</sln:gmNazwa><sln:miejscIIPId>38e69298-d4c9-47a9-8c26-d41cdd92efa8</sln:miejscIIPId><sln:miejscIIPPn>PL.PZGIK.200</sln:miejscIIPPn><sln:miejscIIPWersja>2017-04-10T14:26:16+02:00</sln:miejscIIPWersja><sln:miejscIdTeryt>0024437</sln:miejscIdTeryt><sln:miejscNazwa>Wiercień</sln:miejscNazwa><sln:miejscRodzaj>Wieś</sln:miejscRodzaj><sln:powIIPId>409d7d55-3ec7-48fc-b67f-dc58de8f4566</sln:powIIPId><sln:powIIPPn>PL.PZGIK.200</sln:powIIPPn><sln:powIIPWersja>2012-09-27T09:26:09+02:00</sln:powIIPWersja><sln:powIdTeryt>2003</sln:powIdTeryt><sln:powNazwa>bielski</sln:powNazwa><sln:waznyOd>2015-07-16T00:00:00+02:00</sln:waznyOd><sln:wojIIPId>53ad7aea-d9d3-40c9-9a5c-ff737d5b076e</sln:wojIIPId><sln:wojIIPPn>PL.PZGIK.200</sln:wojIIPPn><sln:wojIIPWersja>2017-10-10T00:00:00+02:00</sln:wojIIPWersja><sln:wojIdTeryt>20</sln:wojIdTeryt><sln:wojNazwa>podlaskie</sln:wojNazwa></sln:miejscowosc><sln:miejscowosc><sln:cyklZyciaOd>2017-04-10T00:00:00+02:00</sln:cyklZyciaOd><sln:gmIIPId>1d08848a-52b1-407c-bcb7-f7bc9b6b6fdb</sln:gmIIPId><sln:gmIIPPn>PL.PZGIK.200</sln:gmIIPPn><sln:gmIIPWersja>2012-09-26T22:15:15+02:00</sln:gmIIPWersja><sln:gmIdTeryt>2003042</sln:gmIdTeryt><sln:gmNazwa>Boćki</sln:gmNazwa><sln:miejscIIPId>262f7d9e-3405-4df4-b7f9-7db2c6847bda</sln:miejscIIPId><sln:miejscIIPPn>PL.PZGIK.200</sln:miejscIIPPn><sln:miejscIIPWersja>2017-04-10T14:26:16+02:00</sln:miejscIIPWersja><sln:miejscIdTeryt>0024443</sln:miejscIdTeryt><sln:miejscNazwa>Wojtki</sln:miejscNazwa><sln:miejscRodzaj>Wieś</sln:miejscRodzaj><sln:powIIPId>409d7d55-3ec7-48fc-b67f-dc58de8f4566</sln:powIIPId><sln:powIIPPn>PL.PZGIK.200</sln:powIIPPn><sln:powIIPWersja>2012-09-27T09:26:09+02:00</sln:powIIPWersja><sln:powIdTeryt>2003</sln:powIdTeryt><sln:powNazwa>bielski</sln:powNazwa><sln:waznyOd>2015-07-16T00:00:00+02:00</sln:waznyOd><sln:wojIIPId>53ad7aea-d9d3-40c9-9a5c-ff737d5b076e</sln:wojIIPId><sln:wojIIPPn>PL.PZGIK.200</sln:wojIIPPn><sln:wojIIPWersja>2017-10-10T00:00:00+02:00</sln:wojIIPWersja><sln:wojIdTeryt>20</sln:wojIdTeryt><sln:wojNazwa>podlaskie</sln:wojNazwa></sln:miejscowosc><sln:miejscowosc><sln:cyklZyciaOd>2017-04-10T00:00:00+02:00</sln:cyklZyciaOd><sln:gmIIPId>1d08848a-52b1-407c-bcb7-f7bc9b6b6fdb</sln:gmIIPId><sln:gmIIPPn>PL.PZGIK.200</sln:gmIIPPn><sln:gmIIPWersja>2012-09-26T22:15:15+02:00</sln:gmIIPWersja><sln:gmIdTeryt>2003042</sln:gmIdTeryt><sln:gmNazwa>Boćki</sln:gmNazwa><sln:miejscIIPId>5da2b052-61fc-436a-ac88-e16cf9601f80</sln:miejscIIPId><sln:miejscIIPPn>PL.PZGIK.200</sln:miejscIIPPn><sln:miejscIIPWersja>2017-04-10T14:26:16+02:00</sln:miejscIIPWersja><sln:miejscIdTeryt>0024450</sln:miejscIdTeryt><sln:miejscNazwa>Wygonowo</sln:miejscNazwa><sln:miejscRodzaj>Wieś</sln:miejscRodzaj><sln:powIIPId>409d7d55-3ec7-48fc-b67f-dc58de8f4566</sln:powIIPId><sln:powIIPPn>PL.PZGIK.200</sln:powIIPPn><sln:powIIPWersja>2012-09-27T09:26:09+02:00</sln:powIIPWersja><sln:powIdTeryt>2003</sln:powIdTeryt><sln:powNazwa>bielski</sln:powNazwa><sln:waznyOd>2015-07-16T00:00:00+02:00</sln:waznyOd><sln:wojIIPId>53ad7aea-d9d3-40c9-9a5c-ff737d5b076e</sln:wojIIPId><sln:wojIIPPn>PL.PZGIK.200</sln:wojIIPPn><sln:wojIIPWersja>2017-10-10T00:00:00+02:00</sln:wojIIPWersja><sln:wojIdTeryt>20</sln:wojIdTeryt><sln:wojNazwa>podlaskie</sln:wojNazwa></sln:miejscowosc><sln:miejscowosc><sln:cyklZyciaOd>2017-04-10T00:00:00+02:00</sln:cyklZyciaOd><sln:gmIIPId>1d08848a-52b1-407c-bcb7-f7bc9b6b6fdb</sln:gmIIPId><sln:gmIIPPn>PL.PZGIK.200</sln:gmIIPPn><sln:gmIIPWersja>2012-09-26T22:15:15+02:00</sln:gmIIPWersja><sln:gmIdTeryt>2003042</sln:gmIdTeryt><sln:gmNazwa>Boćki</sln:gmNazwa><sln:miejscIIPId>e4018edb-2328-43ad-b15c-04f8129cc569</sln:miejscIIPId><sln:miejscIIPPn>PL.PZGIK.200</sln:miejscIIPPn><sln:miejscIIPWersja>2017-04-10T14:26:16+02:00</sln:miejscIIPWersja><sln:miejscIdTeryt>0024466</sln:miejscIdTeryt><sln:miejscNazwa>Żołoćki</sln:miejscNazwa><sln:miejscRodzaj>Wieś</sln:miejscRodzaj><sln:powIIPId>409d7d55-3ec7-48fc-b67f-dc58de8f4566</sln:powIIPId><sln:powIIPPn>PL.PZGIK.200</sln:powIIPPn><sln:powIIPWersja>2012-09-27T09:26:09+02:00</sln:powIIPWersja><sln:powIdTeryt>2003</sln:powIdTeryt><sln:powNazwa>bielski</sln:powNazwa><sln:waznyOd>2015-07-16T00:00:00+02:00</sln:waznyOd><sln:wojIIPId>53ad7aea-d9d3-40c9-9a5c-ff737d5b076e</sln:wojIIPId><sln:wojIIPPn>PL.PZGIK.200</sln:wojIIPPn><sln:wojIIPWersja>2017-10-10T00:00:00+02:00</sln:wojIIPWersja><sln:wojIdTeryt>20</sln:wojIdTeryt><sln:wojNazwa>podlaskie</sln:wojNazwa></sln:miejscowosc><sln:miejscowosc><sln:cyklZyciaOd>2017-04-10T00:00:00+02:00</sln:cyklZyciaOd><sln:gmIIPId>1d08848a-52b1-407c-bcb7-f7bc9b6b6fdb</sln:gmIIPId><sln:gmIIPPn>PL.PZGIK.200</sln:gmIIPPn><sln:gmIIPWersja>2012-09-26T22:15:15+02:00</sln:gmIIPWersja><sln:gmIdTeryt>2003042</sln:gmIdTeryt><sln:gmNazwa>Boćki</sln:gmNazwa><sln:miejscIIPId>2460ba4e-2cce-466c-ac89-c1fa6083a1ff</sln:miejscIIPId><sln:miejscIIPPn>PL.PZGIK.200</sln:miejscIIPPn><sln:miejscIIPWersja>2017-04-10T14:26:16+02:00</sln:miejscIIPWersja><sln:miejscNazwa>Chranibory</sln:miejscNazwa><sln:miejscRodzaj>Inny obiekt</sln:miejscRodzaj><sln:powIIPId>409d7d55-3ec7-48fc-b67f-dc58de8f4566</sln:powIIPId><sln:powIIPPn>PL.PZGIK.200</sln:powIIPPn><sln:powIIPWersja>2012-09-27T09:26:09+02:00</sln:powIIPWersja><sln:powIdTeryt>2003</sln:powIdTeryt><sln:powNazwa>bielski</sln:powNazwa><sln:waznyOd>2017-02-16T00:00:00+01:00</sln:waznyOd><sln:wojIIPId>53ad7aea-d9d3-40c9-9a5c-ff737d5b076e</sln:wojIIPId><sln:wojIIPPn>PL.PZGIK.200</sln:wojIIPPn><sln:wojIIPWersja>2017-10-10T00:00:00+02:00</sln:wojIIPWersja><sln:wojIdTeryt>20</sln:wojIdTeryt><sln:wojNazwa>podlaskie</sln:wojNazwa></sln:miejscowosc></sln:lista-miejscowosci>