<?xml version="1.0" encoding="UTF-8" standalone="yes"?><sln:lista-miejscowosci xmlns:srv="http://gugik.gov.pl/schemas/slowniki-service/1.0" xmlns:sln="http://gugik.gov.pl/schemas/slowniki-schema/1.0"><sln:miejscowosc><sln:cyklZyciaOd>2015-12-10T00:00:00+01:00</sln:cyklZyciaOd><sln:gmIIPId>d81b074f-e1c3-4fe3-bafa-9442ae5349ae</sln:gmIIPId><sln:gmIIPPn>PL.PZGIK.200</sln:gmIIPPn><sln:gmIIPWersja>2012-09-26T22:16:54+02:00</sln:gmIIPWersja><sln:gmIdTeryt>2010023</sln:gmIdTeryt><sln:gmNazwa>Drohiczyn</sln:gmNazwa><sln:miejscIIPId>d0a84cca-9c2a-4e98-8bc7-393e118dc510</sln:miejscIIPId><sln:miejscIIPPn>PL.PZGIK.200</sln:miejscIIPPn><sln:miejscIIPWersja>2016-11-24T08:36:35+02:00</sln:miejscIIPWersja><sln:miejscIdTeryt>0027401</sln:miejscIdTeryt><sln:miejscNazwa>Arbasy</sln:miejscNazwa><sln:miejscRodzaj>Wieś</sln:miejscRodzaj><sln:powIIPId>91df982d-e4f0-4eb3-9f5c-a666d5eb9c5d</sln:powIIPId><sln:powIIPPn>PL.PZGIK.200</sln:powIIPPn><sln:powIIPWersja>2012-09-27T09:26:09+02:00</sln:powIIPWersja><sln:powIdTeryt>2010</sln:powIdTeryt><sln:powNazwa>siemiatycki</sln:powNazwa><sln:waznyOd>2015-08-25T00:00:00+02:00</sln:waznyOd><sln:wojIIPId>53ad7aea-d9d3-40c9-9a5c-ff737d5b076e</sln:wojIIPId><sln:wojIIPPn>PL.PZGIK.200</sln:wojIIPPn><sln:wojIIPWersja>2017-10-10T00:00:00+02:00</sln:wojIIPWersja><sln:wojIdTeryt>20</sln:wojIdTeryt><sln:wojNazwa>podlaskie</sln:wojNazwa></sln:miejscowosc><sln:miejscowosc><sln:cyklZyciaOd>2015-12-10T00:00:00+01:00</sln:cyklZyciaOd><sln:gmIIPId>d81b074f-e1c3-4fe3-bafa-9442ae5349ae</sln:gmIIPId><sln:gmIIPPn>PL.PZGIK.200</sln:gmIIPPn><sln:gmIIPWersja>2012-09-26T22:16:54+02:00</sln:gmIIPWersja><sln:gmIdTeryt>2010023</sln:gmIdTeryt><sln:gmNazwa>Drohiczyn</sln:gmNazwa><sln:miejscIIPId>1db4aebd-b719-4e43-a221-6be99f19164b</sln:miejscIIPId><sln:miejscIIPPn>PL.PZGIK.200</sln:miejscIIPPn><sln:miejscIIPWersja>2016-11-24T08:36:35+02:00</sln:miejscIIPWersja><sln:miejscIdTeryt>0027424</sln:miejscIdTeryt><sln:miejscNazwa>Bryki</sln:miejscNazwa><sln:miejscRodzaj>Wieś</sln:miejscRodzaj><sln:powIIPId>91df982d-e4f0-4eb3-9f5c-a666d5eb9c5d</sln:powIIPId><sln:powIIPPn>PL.PZGIK.200</sln:powIIPPn><sln:powIIPWersja>2012-09-27T09:26:09+02:00</sln:powIIPWersja><sln:powIdTeryt>2010</sln:powIdTeryt><sln:powNazwa>siemiatycki</sln:powNazwa><sln:waznyOd>2015-06-02T00:00:00+02:00</sln:waznyOd><sln:wojIIPId>53ad7aea-d9d3-40c9-9a5c-ff737d5b076e</sln:wojIIPId><sln:wojIIPPn>PL.PZGIK.200</sln:wojIIPPn><sln:wojIIPWersja>2017-10-10T00:00:00+02:00</sln:wojIIPWersja><sln:wojIdTeryt>20</sln:wojIdTeryt><sln:wojNazwa>podlaskie</sln:wojNazwa></sln:miejscowosc><sln:miejscowosc><sln:cyklZyciaOd>2015-12-10T00:00:00+01:00</sln:cyklZyciaOd><sln:gmIIPId>d81b074f-e1c3-4fe3-bafa-9442ae5349ae</sln:gmIIPId><sln:gmIIPPn>PL.PZGIK.200</sln:gmIIPPn><sln:gmIIPWersja>2012-09-26T22:16:54+02:00</sln:gmIIPWersja><sln:gmIdTeryt>2010023</sln:gmIdTeryt><sln:gmNazwa>Drohiczyn</sln:gmNazwa><sln:miejscIIPId>99bf211c-e696-4828-a6c2-5c1b8c355743</sln:miejscIIPId><sln:miejscIIPPn>PL.PZGIK.200</sln:miejscIIPPn><sln:miejscIIPWersja>2016-11-24T08:36:35+02:00</sln:miejscIIPWersja><sln:miejscIdTeryt>0027430</sln:miejscIdTeryt><sln:miejscNazwa>Bujaki</sln:miejscNazwa><sln:miejscRodzaj>Wieś</sln:miejscRodzaj><sln:powIIPId>91df982d-e4f0-4eb3-9f5c-a666d5eb9c5d</sln:powIIPId><sln:powIIPPn>PL.PZGIK.200</sln:powIIPPn><sln:powIIPWersja>2012-09-27T09:26:09+02:00</sln:powIIPWersja><sln:powIdTeryt>2010</sln:powIdTeryt><sln:powNazwa>siemiatycki</sln:powNazwa><sln:waznyOd>2015-06-02T00:00:00+02:00</sln:waznyOd><sln:wojIIPId>53ad7aea-d9d3-40c9-9a5c-ff737d5b076e</sln:wojIIPId><sln:wojIIPPn>PL.PZGIK.200</sln:wojIIPPn><sln:wojIIPWersja>2017-10-10T00:00:00+02:00</sln:wojIIPWersja><sln:wojIdTeryt>20</sln:wojIdTeryt><sln:wojNazwa>podlaskie</sln:wojNazwa></sln:miejscowosc><sln:miejscowosc><sln:cyklZyciaOd>2015-12-10T00:00:00+01:00</sln:cyklZyciaOd><sln:gmIIPId>d81b074f-e1c3-4fe3-bafa-9442ae5349ae</sln:gmIIPId><sln:gmIIPPn>PL.PZGIK.200</sln:gmIIPPn><sln:gmIIPWersja>2012-09-26T22:16:54+02:00</sln:gmIIPWersja><sln:gmIdTeryt>2010023</sln:gmIdTeryt><sln:gmNazwa>Drohiczyn</sln:gmNazwa><sln:miejscIIPId>72fcbb01-3c03-4370-8593-f8b3c21eac9c</sln:miejscIIPId><sln:miejscIIPPn>PL.PZGIK.200</sln:miejscIIPPn><sln:miejscIIPWersja>2016-11-24T08:36:35+02:00</sln:miejscIIPWersja><sln:miejscIdTeryt>0027447</sln:miejscIdTeryt><sln:miejscNazwa>Bużyski</sln:miejscNazwa><sln:miejscRodzaj>Wieś</sln:miejscRodzaj><sln:powIIPId>91df982d-e4f0-4eb3-9f5c-a666d5eb9c5d</sln:powIIPId><sln:powIIPPn>PL.PZGIK.200</sln:powIIPPn><sln:powIIPWersja>2012-09-27T09:26:09+02:00</sln:powIIPWersja><sln:powIdTeryt>2010</sln:powIdTeryt><sln:powNazwa>siemiatycki</sln:powNazwa><sln:waznyOd>2015-06-02T00:00:00+02:00</sln:waznyOd><sln:wojIIPId>53ad7aea-d9d3-40c9-9a5c-ff737d5b076e</sln:wojIIPId><sln:wojIIPPn>PL.PZGIK.200</sln:wojIIPPn><sln:wojIIPWersja>2017-10-10T00:00:00+02:00</sln:wojIIPWersja><sln:wojIdTeryt>20</sln:wojIdTeryt><sln:wojNazwa>podlaskie</sln:wojNazwa></sln:miejscowosc><sln:miejscowosc><sln:cyklZyciaOd>2015-12-10T00:00:00+01:00</sln:cyklZyciaOd><sln:gmIIPId>d81b074f-e1c3-4fe3-bafa-9442ae5349ae</sln:gmIIPId><sln:gmIIPPn>PL.PZGIK.200</sln:gmIIPPn><sln:gmIIPWersja>2012-09-26T22:16:54+02:00</sln:gmIIPWersja><sln:gmIdTeryt>2010023</sln:gmIdTeryt><sln:gmNazwa>Drohiczyn</sln:gmNazwa><sln:miejscIIPId>9336d488-acf5-4eb6-b551-4816c68f1048</sln:miejscIIPId><sln:miejscIIPPn>PL.PZGIK.200</sln:miejscIIPPn><sln:miejscIIPWersja>2016-11-24T08:36:35+02:00</sln:miejscIIPWersja><sln:miejscIdTeryt>0027453</sln:miejscIdTeryt><sln:miejscNazwa>Chechłowo</sln:miejscNazwa><sln:miejscRodzaj>Wieś</sln:miejscRodzaj><sln:powIIPId>91df982d-e4f0-4eb3-9f5c-a666d5eb9c5d</sln:powIIPId><sln:powIIPPn>PL.PZGIK.200</sln:powIIPPn><sln:powIIPWersja>2012-09-27T09:26:09+02:00</sln:powIIPWersja><sln:powIdTeryt>2010</sln:powIdTeryt><sln:powNazwa>siemiatycki</sln:powNazwa><sln:waznyOd>2015-06-02T00:00:00+02:00</sln:waznyOd><sln:wojIIPId>53ad7aea-d9d3-40c9-9a5c-ff737d5b076e</sln:wojIIPId><sln:wojIIPPn>PL.PZGIK.200</sln:wojIIPPn><sln:wojIIPWersja>2017-10-10T00:00:00+02:00</sln:wojIIPWersja><sln:wojIdTeryt>20</sln:wojIdTeryt><sln:wojNazwa>podlaskie</sln:wojNazwa></sln:miejscowosc><sln:miejscowosc><sln:cyklZyciaOd>2015-12-10T00:00:00+01:00</sln:cyklZyciaOd><sln:gmIIPId>d81b074f-e1c3-4fe3-bafa-9442ae5349ae</sln:gmIIPId><sln:gmIIPPn>PL.PZGIK.200</sln:gmIIPPn><sln:gmIIPWersja>2012-09-26T22:16:54+02:00</sln:gmIIPWersja><sln:gmIdTeryt>2010023</sln:gmIdTeryt><sln:gmNazwa>Drohiczyn</sln:gmNazwa><sln:miejscIIPId>7966d1c9-08ae-44df-bbb5-5485163feae5</sln:miejscIIPId><sln:miejscIIPPn>PL.PZGIK.200</sln:miejscIIPPn><sln:miejscIIPWersja>2016-11-24T08:36:35+02:00</sln:miejscIIPWersja><sln:miejscIdTeryt>0027460</sln:miejscIdTeryt><sln:miejscNazwa>Chrołowice</sln:miejscNazwa><sln:miejscRodzaj>Wieś</sln:miejscRodzaj><sln:powIIPId>91df982d-e4f0-4eb3-9f5c-a666d5eb9c5d</sln:powIIPId><sln:powIIPPn>PL.PZGIK.200</sln:powIIPPn><sln:powIIPWersja>2012-09-27T09:26:09+02:00</sln:powIIPWersja><sln:powIdTeryt>2010</sln:powIdTeryt><sln:powNazwa>siemiatycki</sln:powNazwa><sln:waznyOd>2015-06-02T00:00:00+02:00</sln:waznyOd><sln:wojIIPId>53ad7aea-d9d3-40c9-9a5c-ff737d5b076e</sln:wojIIPId><sln:wojIIPPn>PL.PZGIK.200</sln:wojIIPPn><sln:wojIIPWersja>2017-10-10T00:00:00+02:00</sln:wojIIPWersja><sln:wojIdTeryt>20</sln:wojIdTeryt><sln:wojNazwa>podlaskie</sln:wojNazwa></sln:miejscowosc><sln:miejscowosc><sln:cyklZyciaOd>2015-12-10T00:00:00+01:00</sln:cyklZyciaOd><sln:gmIIPId>d81b074f-e1c3-4fe3-bafa-9442ae5349ae</sln:gmIIPId><sln:gmIIPPn>PL.PZGIK.200</sln:gmIIPPn><sln:gmIIPWersja>2012-09-26T22:16:54+02:00</sln:gmIIPWersja><sln:gmIdTeryt>2010023</sln:gmIdTeryt><sln:gmNazwa>Drohiczyn</sln:gmNazwa><sln:miejscIIPId>440f05d2-9443-4600-ba33-2ac75462db65</sln:miejscIIPId><sln:miejscIIPPn>PL.PZGIK.200</sln:miejscIIPPn><sln:miejscIIPWersja>2016-11-24T08:36:35+02:00</sln:miejscIIPWersja><sln:miejscIdTeryt>0027476</sln:miejscIdTeryt><sln:miejscNazwa>Chutkowice</sln:miejscNazwa><sln:miejscRodzaj>Wieś</sln:miejscRodzaj><sln:powIIPId>91df982d-e4f0-4eb3-9f5c-a666d5eb9c5d</sln:powIIPId><sln:powIIPPn>PL.PZGIK.200</sln:powIIPPn><sln:powIIPWersja>2012-09-27T09:26:09+02:00</sln:powIIPWersja><sln:powIdTeryt>2010</sln:powIdTeryt><sln:powNazwa>siemiatycki</sln:powNazwa><sln:waznyOd>2015-06-02T00:00:00+02:00</sln:waznyOd><sln:wojIIPId>53ad7aea-d9d3-40c9-9a5c-ff737d5b076e</sln:wojIIPId><sln:wojIIPPn>PL.PZGIK.200</sln:wojIIPPn><sln:wojIIPWersja>2017-10-10T00:00:00+02:00</sln:wojIIPWersja><sln:wojIdTeryt>20</sln:wojIdTeryt><sln:wojNazwa>podlaskie</sln:wojNazwa></sln:miejscowosc><sln:miejscowosc><sln:cyklZyciaOd>2015-12-10T00:00:00+01:00</sln:cyklZyciaOd><sln:gmIIPId>d81b074f-e1c3-4fe3-bafa-9442ae5349ae</sln:gmIIPId><sln:gmIIPPn>PL.PZGIK.200</sln:gmIIPPn><sln:gmIIPWersja>2012-09-26T22:16:54+02:00</sln:gmIIPWersja><sln:gmIdTeryt>2010023</sln:gmIdTeryt><sln:gmNazwa>Drohiczyn</sln:gmNazwa><sln:miejscIIPId>1c6ac5b9-99cf-4d6b-8b4b-dd20a4d4f09f</sln:miejscIIPId><sln:miejscIIPPn>PL.PZGIK.200</sln:miejscIIPPn><sln:miejscIIPWersja>2016-11-24T13:15:06+02:00</sln:miejscIIPWersja><sln:miejscIdTeryt>0922998</sln:miejscIdTeryt><sln:miejscNazwa>Drohiczyn</sln:miejscNazwa><sln:miejscRodzaj>Miasto</sln:miejscRodzaj><sln:powIIPId>91df982d-e4f0-4eb3-9f5c-a666d5eb9c5d</sln:powIIPId><sln:powIIPPn>PL.PZGIK.200</sln:powIIPPn><sln:powIIPWersja>2012-09-27T09:26:09+02:00</sln:powIIPWersja><sln:powIdTeryt>2010</sln:powIdTeryt><sln:powNazwa>siemiatycki</sln:powNazwa><sln:waznyOd>2015-06-02T00:00:00+02:00</sln:waznyOd><sln:wojIIPId>53ad7aea-d9d3-40c9-9a5c-ff737d5b076e</sln:wojIIPId><sln:wojIIPPn>PL.PZGIK.200</sln:wojIIPPn><sln:wojIIPWersja>2017-10-10T00:00:00+02:00</sln:wojIIPWersja><sln:wojIdTeryt>20</sln:wojIdTeryt><sln:wojNazwa>podlaskie</sln:wojNazwa></sln:miejscowosc><sln:miejscowosc><sln:cyklZyciaOd>2015-12-10T00:00:00+01:00</sln:cyklZyciaOd><sln:gmIIPId>d81b074f-e1c3-4fe3-bafa-9442ae5349ae</sln:gmIIPId><sln:gmIIPPn>PL.PZGIK.200</sln:gmIIPPn><sln:gmIIPWersja>2012-09-26T22:16:54+02:00</sln:gmIIPWersja><sln:gmIdTeryt>2010023</sln:gmIdTeryt><sln:gmNazwa>Drohiczyn</sln:gmNazwa><sln:miejscIIPId>b9c9f429-839f-4404-b120-f4bcface3978</sln:miejscIIPId><sln:miejscIIPPn>PL.PZGIK.200</sln:miejscIIPPn><sln:miejscIIPWersja>2016-11-24T08:36:35+02:00</sln:miejscIIPWersja><sln:miejscIdTeryt>0027482</sln:miejscIdTeryt><sln:miejscNazwa>Klepacze</sln:miejscNazwa><sln:miejscRodzaj>Wieś</sln:miejscRodzaj><sln:powIIPId>91df982d-e4f0-4eb3-9f5c-a666d5eb9c5d</sln:powIIPId><sln:powIIPPn>PL.PZGIK.200</sln:powIIPPn><sln:powIIPWersja>2012-09-27T09:26:09+02:00</sln:powIIPWersja><sln:powIdTeryt>2010</sln:powIdTeryt><sln:powNazwa>siemiatycki</sln:powNazwa><sln:waznyOd>2015-06-02T00:00:00+02:00</sln:waznyOd><sln:wojIIPId>53ad7aea-d9d3-40c9-9a5c-ff737d5b076e</sln:wojIIPId><sln:wojIIPPn>PL.PZGIK.200</sln:wojIIPPn><sln:wojIIPWersja>2017-10-10T00:00:00+02:00</sln:wojIIPWersja><sln:wojIdTeryt>20</sln:wojIdTeryt><sln:wojNazwa>podlaskie</sln:wojNazwa></sln:miejscowosc><sln:miejscowosc><sln:cyklZyciaOd>2015-12-10T00:00:00+01:00</sln:cyklZyciaOd><sln:gmIIPId>d81b074f-e1c3-4fe3-bafa-9442ae5349ae</sln:gmIIPId><sln:gmIIPPn>PL.PZGIK.200</sln:gmIIPPn><sln:gmIIPWersja>2012-09-26T22:16:54+02:00</sln:gmIIPWersja><sln:gmIdTeryt>2010023</sln:gmIdTeryt><sln:gmNazwa>Drohiczyn</sln:gmNazwa><sln:miejscIIPId>2b3a3980-c507-41ff-8d2c-dbe3e397e75d</sln:miejscIIPId><sln:miejscIIPPn>PL.PZGIK.200</sln:miejscIIPPn><sln:miejscIIPWersja>2016-11-24T08:36:35+02:00</sln:miejscIIPWersja><sln:miejscIdTeryt>0027499</sln:miejscIdTeryt><sln:miejscNazwa>Kłyzówka</sln:miejscNazwa><sln:miejscRodzaj>Wieś</sln:miejscRodzaj><sln:powIIPId>91df982d-e4f0-4eb3-9f5c-a666d5eb9c5d</sln:powIIPId><sln:powIIPPn>PL.PZGIK.200</sln:powIIPPn><sln:powIIPWersja>2012-09-27T09:26:09+02:00</sln:powIIPWersja><sln:powIdTeryt>2010</sln:powIdTeryt><sln:powNazwa>siemiatycki</sln:powNazwa><sln:waznyOd>2015-06-02T00:00:00+02:00</sln:waznyOd><sln:wojIIPId>53ad7aea-d9d3-40c9-9a5c-ff737d5b076e</sln:wojIIPId><sln:wojIIPPn>PL.PZGIK.200</sln:wojIIPPn><sln:wojIIPWersja>2017-10-10T00:00:00+02:00</sln:wojIIPWersja><sln:wojIdTeryt>20</sln:wojIdTeryt><sln:wojNazwa>podlaskie</sln:wojNazwa></sln:miejscowosc><sln:miejscowosc><sln:cyklZyciaOd>2015-12-10T00:00:00+01:00</sln:cyklZyciaOd><sln:gmIIPId>d81b074f-e1c3-4fe3-bafa-9442ae5349ae</sln:gmIIPId><sln:gmIIPPn>PL.PZGIK.200</sln:gmIIPPn><sln:gmIIPWersja>2012-09-26T22:16:54+02:00</sln:gmIIPWersja><sln:gmIdTeryt>2010023</sln:gmIdTeryt><sln:gmNazwa>Drohiczyn</sln:gmNazwa><sln:miejscIIPId>aa8fec3b-1278-466c-8b46-d892ec4b816e</sln:miejscIIPId><sln:miejscIIPPn>PL.PZGIK.200</sln:miejscIIPPn><sln:miejscIIPWersja>2016-11-24T08:36:35+02:00</sln:miejscIIPWersja><sln:miejscIdTeryt>0027507</sln:miejscIdTeryt><sln:miejscNazwa>Koczery</sln:miejscNazwa><sln:miejscRodzaj>Wieś</sln:miejscRodzaj><sln:powIIPId>91df982d-e4f0-4eb3-9f5c-a666d5eb9c5d</sln:powIIPId><sln:powIIPPn>PL.PZGIK.200</sln:powIIPPn><sln:powIIPWersja>2012-09-27T09:26:09+02:00</sln:powIIPWersja><sln:powIdTeryt>2010</sln:powIdTeryt><sln:powNazwa>siemiatycki</sln:powNazwa><sln:waznyOd>2015-06-02T00:00:00+02:00</sln:waznyOd><sln:wojIIPId>53ad7aea-d9d3-40c9-9a5c-ff737d5b076e</sln:wojIIPId><sln:wojIIPPn>PL.PZGIK.200</sln:wojIIPPn><sln:wojIIPWersja>2017-10-10T00:00:00+02:00</sln:wojIIPWersja><sln:wojIdTeryt>20</sln:wojIdTeryt><sln:wojNazwa>podlaskie</sln:wojNazwa></sln:miejscowosc><sln:miejscowosc><sln:cyklZyciaOd>2015-12-10T00:00:00+01:00</sln:cyklZyciaOd><sln:gmIIPId>d81b074f-e1c3-4fe3-bafa-9442ae5349ae</sln:gmIIPId><sln:gmIIPPn>PL.PZGIK.200</sln:gmIIPPn><sln:gmIIPWersja>2012-09-26T22:16:54+02:00</sln:gmIIPWersja><sln:gmIdTeryt>2010023</sln:gmIdTeryt><sln:gmNazwa>Drohiczyn</sln:gmNazwa><sln:miejscIIPId>aae2612b-670c-4fbd-9cbd-39372252863e</sln:miejscIIPId><sln:miejscIIPPn>PL.PZGIK.200</sln:miejscIIPPn><sln:miejscIIPWersja>2016-11-24T08:36:35+02:00</sln:miejscIIPWersja><sln:miejscIdTeryt>0027513</sln:miejscIdTeryt><sln:miejscNazwa>Lisowo</sln:miejscNazwa><sln:miejscRodzaj>Wieś</sln:miejscRodzaj><sln:powIIPId>91df982d-e4f0-4eb3-9f5c-a666d5eb9c5d</sln:powIIPId><sln:powIIPPn>PL.PZGIK.200</sln:powIIPPn><sln:powIIPWersja>2012-09-27T09:26:09+02:00</sln:powIIPWersja><sln:powIdTeryt>2010</sln:powIdTeryt><sln:powNazwa>siemiatycki</sln:powNazwa><sln:waznyOd>2015-06-02T00:00:00+02:00</sln:waznyOd><sln:wojIIPId>53ad7aea-d9d3-40c9-9a5c-ff737d5b076e</sln:wojIIPId><sln:wojIIPPn>PL.PZGIK.200</sln:wojIIPPn><sln:wojIIPWersja>2017-10-10T00:00:00+02:00</sln:wojIIPWersja><sln:wojIdTeryt>20</sln:wojIdTeryt><sln:wojNazwa>podlaskie</sln:wojNazwa></sln:miejscowosc><sln:miejscowosc><sln:cyklZyciaOd>2015-12-10T00:00:00+01:00</sln:cyklZyciaOd><sln:gmIIPId>d81b074f-e1c3-4fe3-bafa-9442ae5349ae</sln:gmIIPId><sln:gmIIPPn>PL.PZGIK.200</sln:gmIIPPn><sln:gmIIPWersja>2012-09-26T22:16:54+02:00</sln:gmIIPWersja><sln:gmIdTeryt>2010023</sln:gmIdTeryt><sln:gmNazwa>Drohiczyn</sln:gmNazwa><sln:miejscIIPId>420b97ee-74bc-424f-ba6e-a9fbfc48c742</sln:miejscIIPId><sln:miejscIIPPn>PL.PZGIK.200</sln:miejscIIPPn><sln:miejscIIPWersja>2016-11-24T08:36:35+02:00</sln:miejscIIPWersja><sln:miejscIdTeryt>0027520</sln:miejscIdTeryt><sln:miejscNazwa>Lisowo-Janówek</sln:miejscNazwa><sln:miejscRodzaj>Wieś</sln:miejscRodzaj><sln:powIIPId>91df982d-e4f0-4eb3-9f5c-a666d5eb9c5d</sln:powIIPId><sln:powIIPPn>PL.PZGIK.200</sln:powIIPPn><sln:powIIPWersja>2012-09-27T09:26:09+02:00</sln:powIIPWersja><sln:powIdTeryt>2010</sln:powIdTeryt><sln:powNazwa>siemiatycki</sln:powNazwa><sln:waznyOd>2015-06-02T00:00:00+02:00</sln:waznyOd><sln:wojIIPId>53ad7aea-d9d3-40c9-9a5c-ff737d5b076e</sln:wojIIPId><sln:wojIIPPn>PL.PZGIK.200</sln:wojIIPPn><sln:wojIIPWersja>2017-10-10T00:00:00+02:00</sln:wojIIPWersja><sln:wojIdTeryt>20</sln:wojIdTeryt><sln:wojNazwa>podlaskie</sln:wojNazwa></sln:miejscowosc><sln:miejscowosc><sln:cyklZyciaOd>2015-12-10T00:00:00+01:00</sln:cyklZyciaOd><sln:gmIIPId>d81b074f-e1c3-4fe3-bafa-9442ae5349ae</sln:gmIIPId><sln:gmIIPPn>PL.PZGIK.200</sln:gmIIPPn><sln:gmIIPWersja>2012-09-26T22:16:54+02:00</sln:gmIIPWersja><sln:gmIdTeryt>2010023</sln:gmIdTeryt><sln:gmNazwa>Drohiczyn</sln:gmNazwa><sln:miejscIIPId>104e7fb2-3e06-4cba-a11f-6743a172e12b</sln:miejscIIPId><sln:miejscIIPPn>PL.PZGIK.200</sln:miejscIIPPn><sln:miejscIIPWersja>2016-11-24T08:36:35+02:00</sln:miejscIIPWersja><sln:miejscIdTeryt>0027536</sln:miejscIdTeryt><sln:miejscNazwa>Łopusze</sln:miejscNazwa><sln:miejscRodzaj>Wieś</sln:miejscRodzaj><sln:powIIPId>91df982d-e4f0-4eb3-9f5c-a666d5eb9c5d</sln:powIIPId><sln:powIIPPn>PL.PZGIK.200</sln:powIIPPn><sln:powIIPWersja>2012-09-27T09:26:09+02:00</sln:powIIPWersja><sln:powIdTeryt>2010</sln:powIdTeryt><sln:powNazwa>siemiatycki</sln:powNazwa><sln:waznyOd>2015-06-02T00:00:00+02:00</sln:waznyOd><sln:wojIIPId>53ad7aea-d9d3-40c9-9a5c-ff737d5b076e</sln:wojIIPId><sln:wojIIPPn>PL.PZGIK.200</sln:wojIIPPn><sln:wojIIPWersja>2017-10-10T00:00:00+02:00</sln:wojIIPWersja><sln:wojIdTeryt>20</sln:wojIdTeryt><sln:wojNazwa>podlaskie</sln:wojNazwa></sln:miejscowosc><sln:miejscowosc><sln:cyklZyciaOd>2015-12-10T00:00:00+01:00</sln:cyklZyciaOd><sln:gmIIPId>d81b074f-e1c3-4fe3-bafa-9442ae5349ae</sln:gmIIPId><sln:gmIIPPn>PL.PZGIK.200</sln:gmIIPPn><sln:gmIIPWersja>2012-09-26T22:16:54+02:00</sln:gmIIPWersja><sln:gmIdTeryt>2010023</sln:gmIdTeryt><sln:gmNazwa>Drohiczyn</sln:gmNazwa><sln:miejscIIPId>dc4d8059-b4c5-4fa4-88da-e42401b089d9</sln:miejscIIPId><sln:miejscIIPPn>PL.PZGIK.200</sln:miejscIIPPn><sln:miejscIIPWersja>2016-11-24T08:36:35+02:00</sln:miejscIIPWersja><sln:miejscIdTeryt>0027542</sln:miejscIdTeryt><sln:miejscNazwa>Miłkowice-Janki</sln:miejscNazwa><sln:miejscRodzaj>Wieś</sln:miejscRodzaj><sln:powIIPId>91df982d-e4f0-4eb3-9f5c-a666d5eb9c5d</sln:powIIPId><sln:powIIPPn>PL.PZGIK.200</sln:powIIPPn><sln:powIIPWersja>2012-09-27T09:26:09+02:00</sln:powIIPWersja><sln:powIdTeryt>2010</sln:powIdTeryt><sln:powNazwa>siemiatycki</sln:powNazwa><sln:waznyOd>2015-06-02T00:00:00+02:00</sln:waznyOd><sln:wojIIPId>53ad7aea-d9d3-40c9-9a5c-ff737d5b076e</sln:wojIIPId><sln:wojIIPPn>PL.PZGIK.200</sln:wojIIPPn><sln:wojIIPWersja>2017-10-10T00:00:00+02:00</sln:wojIIPWersja><sln:wojIdTeryt>20</sln:wojIdTeryt><sln:wojNazwa>podlaskie</sln:wojNazwa></sln:miejscowosc><sln:miejscowosc><sln:cyklZyciaOd>2015-12-10T00:00:00+01:00</sln:cyklZyciaOd><sln:gmIIPId>d81b074f-e1c3-4fe3-bafa-9442ae5349ae</sln:gmIIPId><sln:gmIIPPn>PL.PZGIK.200</sln:gmIIPPn><sln:gmIIPWersja>2012-09-26T22:16:54+02:00</sln:gmIIPWersja><sln:gmIdTeryt>2010023</sln:gmIdTeryt><sln:gmNazwa>Drohiczyn</sln:gmNazwa><sln:miejscIIPId>e73ad0e4-9ecd-4477-aae6-067de5f27720</sln:miejscIIPId><sln:miejscIIPPn>PL.PZGIK.200</sln:miejscIIPPn><sln:miejscIIPWersja>2016-11-24T08:36:35+02:00</sln:miejscIIPWersja><sln:miejscIdTeryt>0027559</sln:miejscIdTeryt><sln:miejscNazwa>Miłkowice-Maćki</sln:miejscNazwa><sln:miejscRodzaj>Wieś</sln:miejscRodzaj><sln:powIIPId>91df982d-e4f0-4eb3-9f5c-a666d5eb9c5d</sln:powIIPId><sln:powIIPPn>PL.PZGIK.200</sln:powIIPPn><sln:powIIPWersja>2012-09-27T09:26:09+02:00</sln:powIIPWersja><sln:powIdTeryt>2010</sln:powIdTeryt><sln:powNazwa>siemiatycki</sln:powNazwa><sln:waznyOd>2015-06-02T00:00:00+02:00</sln:waznyOd><sln:wojIIPId>53ad7aea-d9d3-40c9-9a5c-ff737d5b076e</sln:wojIIPId><sln:wojIIPPn>PL.PZGIK.200</sln:wojIIPPn><sln:wojIIPWersja>2017-10-10T00:00:00+02:00</sln:wojIIPWersja><sln:wojIdTeryt>20</sln:wojIdTeryt><sln:wojNazwa>podlaskie</sln:wojNazwa></sln:miejscowosc><sln:miejscowosc><sln:cyklZyciaOd>2015-12-10T00:00:00+01:00</sln:cyklZyciaOd><sln:gmIIPId>d81b074f-e1c3-4fe3-bafa-9442ae5349ae</sln:gmIIPId><sln:gmIIPPn>PL.PZGIK.200</sln:gmIIPPn><sln:gmIIPWersja>2012-09-26T22:16:54+02:00</sln:gmIIPWersja><sln:gmIdTeryt>2010023</sln:gmIdTeryt><sln:gmNazwa>Drohiczyn</sln:gmNazwa><sln:miejscIIPId>d8fdedd9-92b7-454a-ab97-bad558f0aba2</sln:miejscIIPId><sln:miejscIIPPn>PL.PZGIK.200</sln:miejscIIPPn><sln:miejscIIPWersja>2016-11-24T08:36:35+02:00</sln:miejscIIPWersja><sln:miejscIdTeryt>0027565</sln:miejscIdTeryt><sln:miejscNazwa>Miłkowice-Paszki</sln:miejscNazwa><sln:miejscRodzaj>Wieś</sln:miejscRodzaj><sln:powIIPId>91df982d-e4f0-4eb3-9f5c-a666d5eb9c5d</sln:powIIPId><sln:powIIPPn>PL.PZGIK.200</sln:powIIPPn><sln:powIIPWersja>2012-09-27T09:26:09+02:00</sln:powIIPWersja><sln:powIdTeryt>2010</sln:powIdTeryt><sln:powNazwa>siemiatycki</sln:powNazwa><sln:waznyOd>2015-06-02T00:00:00+02:00</sln:waznyOd><sln:wojIIPId>53ad7aea-d9d3-40c9-9a5c-ff737d5b076e</sln:wojIIPId><sln:wojIIPPn>PL.PZGIK.200</sln:wojIIPPn><sln:wojIIPWersja>2017-10-10T00:00:00+02:00</sln:wojIIPWersja><sln:wojIdTeryt>20</sln:wojIdTeryt><sln:wojNazwa>podlaskie</sln:wojNazwa></sln:miejscowosc><sln:miejscowosc><sln:cyklZyciaOd>2015-12-10T00:00:00+01:00</sln:cyklZyciaOd><sln:gmIIPId>d81b074f-e1c3-4fe3-bafa-9442ae5349ae</sln:gmIIPId><sln:gmIIPPn>PL.PZGIK.200</sln:gmIIPPn><sln:gmIIPWersja>2012-09-26T22:16:54+02:00</sln:gmIIPWersja><sln:gmIdTeryt>2010023</sln:gmIdTeryt><sln:gmNazwa>Drohiczyn</sln:gmNazwa><sln:miejscIIPId>8b25afb1-62d6-472d-a4a7-f0bdb2566bec</sln:miejscIIPId><sln:miejscIIPPn>PL.PZGIK.200</sln:miejscIIPPn><sln:miejscIIPWersja>2016-11-24T08:36:35+02:00</sln:miejscIIPWersja><sln:miejscIdTeryt>0027571</sln:miejscIdTeryt><sln:miejscNazwa>Miłkowice-Stawki</sln:miejscNazwa><sln:miejscRodzaj>Wieś</sln:miejscRodzaj><sln:powIIPId>91df982d-e4f0-4eb3-9f5c-a666d5eb9c5d</sln:powIIPId><sln:powIIPPn>PL.PZGIK.200</sln:powIIPPn><sln:powIIPWersja>2012-09-27T09:26:09+02:00</sln:powIIPWersja><sln:powIdTeryt>2010</sln:powIdTeryt><sln:powNazwa>siemiatycki</sln:powNazwa><sln:waznyOd>2015-08-25T00:00:00+02:00</sln:waznyOd><sln:wojIIPId>53ad7aea-d9d3-40c9-9a5c-ff737d5b076e</sln:wojIIPId><sln:wojIIPPn>PL.PZGIK.200</sln:wojIIPPn><sln:wojIIPWersja>2017-10-10T00:00:00+02:00</sln:wojIIPWersja><sln:wojIdTeryt>20</sln:wojIdTeryt><sln:wojNazwa>podlaskie</sln:wojNazwa></sln:miejscowosc><sln:miejscowosc><sln:cyklZyciaOd>2015-12-10T00:00:00+01:00</sln:cyklZyciaOd><sln:gmIIPId>d81b074f-e1c3-4fe3-bafa-9442ae5349ae</sln:gmIIPId><sln:gmIIPPn>PL.PZGIK.200</sln:gmIIPPn><sln:gmIIPWersja>2012-09-26T22:16:54+02:00</sln:gmIIPWersja><sln:gmIdTeryt>2010023</sln:gmIdTeryt><sln:gmNazwa>Drohiczyn</sln:gmNazwa><sln:miejscIIPId>72db75ca-7b37-4e6e-b519-170f9ed29ce2</sln:miejscIIPId><sln:miejscIIPPn>PL.PZGIK.200</sln:miejscIIPPn><sln:miejscIIPWersja>2016-11-24T08:36:35+02:00</sln:miejscIIPWersja><sln:miejscIdTeryt>0027594</sln:miejscIdTeryt><sln:miejscNazwa>Minczewo</sln:miejscNazwa><sln:miejscRodzaj>Wieś</sln:miejscRodzaj><sln:powIIPId>91df982d-e4f0-4eb3-9f5c-a666d5eb9c5d</sln:powIIPId><sln:powIIPPn>PL.PZGIK.200</sln:powIIPPn><sln:powIIPWersja>2012-09-27T09:26:09+02:00</sln:powIIPWersja><sln:powIdTeryt>2010</sln:powIdTeryt><sln:powNazwa>siemiatycki</sln:powNazwa><sln:waznyOd>2015-06-02T00:00:00+02:00</sln:waznyOd><sln:wojIIPId>53ad7aea-d9d3-40c9-9a5c-ff737d5b076e</sln:wojIIPId><sln:wojIIPPn>PL.PZGIK.200</sln:wojIIPPn><sln:wojIIPWersja>2017-10-10T00:00:00+02:00</sln:wojIIPWersja><sln:wojIdTeryt>20</sln:wojIdTeryt><sln:wojNazwa>podlaskie</sln:wojNazwa></sln:miejscowosc><sln:miejscowosc><sln:cyklZyciaOd>2015-12-10T00:00:00+01:00</sln:cyklZyciaOd><sln:gmIIPId>d81b074f-e1c3-4fe3-bafa-9442ae5349ae</sln:gmIIPId><sln:gmIIPPn>PL.PZGIK.200</sln:gmIIPPn><sln:gmIIPWersja>2012-09-26T22:16:54+02:00</sln:gmIIPWersja><sln:gmIdTeryt>2010023</sln:gmIdTeryt><sln:gmNazwa>Drohiczyn</sln:gmNazwa><sln:miejscIIPId>1f8a582c-a7a9-4d95-9c5f-ee85fb038b79</sln:miejscIIPId><sln:miejscIIPPn>PL.PZGIK.200</sln:miejscIIPPn><sln:miejscIIPWersja>2016-11-24T08:36:35+02:00</sln:miejscIIPWersja><sln:miejscIdTeryt>0027619</sln:miejscIdTeryt><sln:miejscNazwa>Narojki</sln:miejscNazwa><sln:miejscRodzaj>Wieś</sln:miejscRodzaj><sln:powIIPId>91df982d-e4f0-4eb3-9f5c-a666d5eb9c5d</sln:powIIPId><sln:powIIPPn>PL.PZGIK.200</sln:powIIPPn><sln:powIIPWersja>2012-09-27T09:26:09+02:00</sln:powIIPWersja><sln:powIdTeryt>2010</sln:powIdTeryt><sln:powNazwa>siemiatycki</sln:powNazwa><sln:waznyOd>2015-06-02T00:00:00+02:00</sln:waznyOd><sln:wojIIPId>53ad7aea-d9d3-40c9-9a5c-ff737d5b076e</sln:wojIIPId><sln:wojIIPPn>PL.PZGIK.200</sln:wojIIPPn><sln:wojIIPWersja>2017-10-10T00:00:00+02:00</sln:wojIIPWersja><sln:wojIdTeryt>20</sln:wojIdTeryt><sln:wojNazwa>podlaskie</sln:wojNazwa></sln:miejscowosc><sln:miejscowosc><sln:cyklZyciaOd>2015-12-10T00:00:00+01:00</sln:cyklZyciaOd><sln:gmIIPId>d81b074f-e1c3-4fe3-bafa-9442ae5349ae</sln:gmIIPId><sln:gmIIPPn>PL.PZGIK.200</sln:gmIIPPn><sln:gmIIPWersja>2012-09-26T22:16:54+02:00</sln:gmIIPWersja><sln:gmIdTeryt>2010023</sln:gmIdTeryt><sln:gmNazwa>Drohiczyn</sln:gmNazwa><sln:miejscIIPId>e48046a6-42c8-4717-adc4-92e0bd541610</sln:miejscIIPId><sln:miejscIIPPn>PL.PZGIK.200</sln:miejscIIPPn><sln:miejscIIPWersja>2016-11-24T08:36:35+02:00</sln:miejscIIPWersja><sln:miejscIdTeryt>0027631</sln:miejscIdTeryt><sln:miejscNazwa>Obniże</sln:miejscNazwa><sln:miejscRodzaj>Wieś</sln:miejscRodzaj><sln:powIIPId>91df982d-e4f0-4eb3-9f5c-a666d5eb9c5d</sln:powIIPId><sln:powIIPPn>PL.PZGIK.200</sln:powIIPPn><sln:powIIPWersja>2012-09-27T09:26:09+02:00</sln:powIIPWersja><sln:powIdTeryt>2010</sln:powIdTeryt><sln:powNazwa>siemiatycki</sln:powNazwa><sln:waznyOd>2015-06-02T00:00:00+02:00</sln:waznyOd><sln:wojIIPId>53ad7aea-d9d3-40c9-9a5c-ff737d5b076e</sln:wojIIPId><sln:wojIIPPn>PL.PZGIK.200</sln:wojIIPPn><sln:wojIIPWersja>2017-10-10T00:00:00+02:00</sln:wojIIPWersja><sln:wojIdTeryt>20</sln:wojIdTeryt><sln:wojNazwa>podlaskie</sln:wojNazwa></sln:miejscowosc><sln:miejscowosc><sln:cyklZyciaOd>2015-12-10T00:00:00+01:00</sln:cyklZyciaOd><sln:gmIIPId>d81b074f-e1c3-4fe3-bafa-9442ae5349ae</sln:gmIIPId><sln:gmIIPPn>PL.PZGIK.200</sln:gmIIPPn><sln:gmIIPWersja>2012-09-26T22:16:54+02:00</sln:gmIIPWersja><sln:gmIdTeryt>2010023</sln:gmIdTeryt><sln:gmNazwa>Drohiczyn</sln:gmNazwa><sln:miejscIIPId>04d2fe5f-974c-4367-ba18-d9c380039b0a</sln:miejscIIPId><sln:miejscIIPPn>PL.PZGIK.200</sln:miejscIIPPn><sln:miejscIIPWersja>2016-11-24T08:36:35+02:00</sln:miejscIIPWersja><sln:miejscIdTeryt>0027660</sln:miejscIdTeryt><sln:miejscNazwa>Ostrożany</sln:miejscNazwa><sln:miejscRodzaj>Wieś</sln:miejscRodzaj><sln:powIIPId>91df982d-e4f0-4eb3-9f5c-a666d5eb9c5d</sln:powIIPId><sln:powIIPPn>PL.PZGIK.200</sln:powIIPPn><sln:powIIPWersja>2012-09-27T09:26:09+02:00</sln:powIIPWersja><sln:powIdTeryt>2010</sln:powIdTeryt><sln:powNazwa>siemiatycki</sln:powNazwa><sln:waznyOd>2015-06-02T00:00:00+02:00</sln:waznyOd><sln:wojIIPId>53ad7aea-d9d3-40c9-9a5c-ff737d5b076e</sln:wojIIPId><sln:wojIIPPn>PL.PZGIK.200</sln:wojIIPPn><sln:wojIIPWersja>2017-10-10T00:00:00+02:00</sln:wojIIPWersja><sln:wojIdTeryt>20</sln:wojIdTeryt><sln:wojNazwa>podlaskie</sln:wojNazwa></sln:miejscowosc><sln:miejscowosc><sln:cyklZyciaOd>2015-12-10T00:00:00+01:00</sln:cyklZyciaOd><sln:gmIIPId>d81b074f-e1c3-4fe3-bafa-9442ae5349ae</sln:gmIIPId><sln:gmIIPPn>PL.PZGIK.200</sln:gmIIPPn><sln:gmIIPWersja>2012-09-26T22:16:54+02:00</sln:gmIIPWersja><sln:gmIdTeryt>2010023</sln:gmIdTeryt><sln:gmNazwa>Drohiczyn</sln:gmNazwa><sln:miejscIIPId>0f9773c9-1817-4c06-ab81-db968da744b7</sln:miejscIIPId><sln:miejscIIPPn>PL.PZGIK.200</sln:miejscIIPPn><sln:miejscIIPWersja>2016-11-24T08:36:35+02:00</sln:miejscIIPWersja><sln:miejscIdTeryt>0027683</sln:miejscIdTeryt><sln:miejscNazwa>Putkowice Nadolne</sln:miejscNazwa><sln:miejscRodzaj>Wieś</sln:miejscRodzaj><sln:powIIPId>91df982d-e4f0-4eb3-9f5c-a666d5eb9c5d</sln:powIIPId><sln:powIIPPn>PL.PZGIK.200</sln:powIIPPn><sln:powIIPWersja>2012-09-27T09:26:09+02:00</sln:powIIPWersja><sln:powIdTeryt>2010</sln:powIdTeryt><sln:powNazwa>siemiatycki</sln:powNazwa><sln:waznyOd>2015-06-02T00:00:00+02:00</sln:waznyOd><sln:wojIIPId>53ad7aea-d9d3-40c9-9a5c-ff737d5b076e</sln:wojIIPId><sln:wojIIPPn>PL.PZGIK.200</sln:wojIIPPn><sln:wojIIPWersja>2017-10-10T00:00:00+02:00</sln:wojIIPWersja><sln:wojIdTeryt>20</sln:wojIdTeryt><sln:wojNazwa>podlaskie</sln:wojNazwa></sln:miejscowosc><sln:miejscowosc><sln:cyklZyciaOd>2015-12-10T00:00:00+01:00</sln:cyklZyciaOd><sln:gmIIPId>d81b074f-e1c3-4fe3-bafa-9442ae5349ae</sln:gmIIPId><sln:gmIIPPn>PL.PZGIK.200</sln:gmIIPPn><sln:gmIIPWersja>2012-09-26T22:16:54+02:00</sln:gmIIPWersja><sln:gmIdTeryt>2010023</sln:gmIdTeryt><sln:gmNazwa>Drohiczyn</sln:gmNazwa><sln:miejscIIPId>c709cc15-7265-4880-abab-c68e66f87a51</sln:miejscIIPId><sln:miejscIIPPn>PL.PZGIK.200</sln:miejscIIPPn><sln:miejscIIPWersja>2016-11-24T08:36:35+02:00</sln:miejscIIPWersja><sln:miejscIdTeryt>0027708</sln:miejscIdTeryt><sln:miejscNazwa>Putkowice Nagórne</sln:miejscNazwa><sln:miejscRodzaj>Wieś</sln:miejscRodzaj><sln:powIIPId>91df982d-e4f0-4eb3-9f5c-a666d5eb9c5d</sln:powIIPId><sln:powIIPPn>PL.PZGIK.200</sln:powIIPPn><sln:powIIPWersja>2012-09-27T09:26:09+02:00</sln:powIIPWersja><sln:powIdTeryt>2010</sln:powIdTeryt><sln:powNazwa>siemiatycki</sln:powNazwa><sln:waznyOd>2015-06-02T00:00:00+02:00</sln:waznyOd><sln:wojIIPId>53ad7aea-d9d3-40c9-9a5c-ff737d5b076e</sln:wojIIPId><sln:wojIIPPn>PL.PZGIK.200</sln:wojIIPPn><sln:wojIIPWersja>2017-10-10T00:00:00+02:00</sln:wojIIPWersja><sln:wojIdTeryt>20</sln:wojIdTeryt><sln:wojNazwa>podlaskie</sln:wojNazwa></sln:miejscowosc><sln:miejscowosc><sln:cyklZyciaOd>2015-12-10T00:00:00+01:00</sln:cyklZyciaOd><sln:gmIIPId>d81b074f-e1c3-4fe3-bafa-9442ae5349ae</sln:gmIIPId><sln:gmIIPPn>PL.PZGIK.200</sln:gmIIPPn><sln:gmIIPWersja>2012-09-26T22:16:54+02:00</sln:gmIIPWersja><sln:gmIdTeryt>2010023</sln:gmIdTeryt><sln:gmNazwa>Drohiczyn</sln:gmNazwa><sln:miejscIIPId>766713c2-3925-4ecb-babe-6d3cf940aadb</sln:miejscIIPId><sln:miejscIIPPn>PL.PZGIK.200</sln:miejscIIPPn><sln:miejscIIPWersja>2016-11-24T08:36:35+02:00</sln:miejscIIPWersja><sln:miejscIdTeryt>0027714</sln:miejscIdTeryt><sln:miejscNazwa>Rotki</sln:miejscNazwa><sln:miejscRodzaj>Wieś</sln:miejscRodzaj><sln:powIIPId>91df982d-e4f0-4eb3-9f5c-a666d5eb9c5d</sln:powIIPId><sln:powIIPPn>PL.PZGIK.200</sln:powIIPPn><sln:powIIPWersja>2012-09-27T09:26:09+02:00</sln:powIIPWersja><sln:powIdTeryt>2010</sln:powIdTeryt><sln:powNazwa>siemiatycki</sln:powNazwa><sln:waznyOd>2015-06-02T00:00:00+02:00</sln:waznyOd><sln:wojIIPId>53ad7aea-d9d3-40c9-9a5c-ff737d5b076e</sln:wojIIPId><sln:wojIIPPn>PL.PZGIK.200</sln:wojIIPPn><sln:wojIIPWersja>2017-10-10T00:00:00+02:00</sln:wojIIPWersja><sln:wojIdTeryt>20</sln:wojIdTeryt><sln:wojNazwa>podlaskie</sln:wojNazwa></sln:miejscowosc><sln:miejscowosc><sln:cyklZyciaOd>2015-12-10T00:00:00+01:00</sln:cyklZyciaOd><sln:gmIIPId>d81b074f-e1c3-4fe3-bafa-9442ae5349ae</sln:gmIIPId><sln:gmIIPPn>PL.PZGIK.200</sln:gmIIPPn><sln:gmIIPWersja>2012-09-26T22:16:54+02:00</sln:gmIIPWersja><sln:gmIdTeryt>2010023</sln:gmIdTeryt><sln:gmNazwa>Drohiczyn</sln:gmNazwa><sln:miejscIIPId>8bccff44-1c50-4d7c-8316-3e95a82763af</sln:miejscIIPId><sln:miejscIIPPn>PL.PZGIK.200</sln:miejscIIPPn><sln:miejscIIPWersja>2016-11-24T08:36:35+02:00</sln:miejscIIPWersja><sln:miejscIdTeryt>0027720</sln:miejscIdTeryt><sln:miejscNazwa>Runice</sln:miejscNazwa><sln:miejscRodzaj>Wieś</sln:miejscRodzaj><sln:powIIPId>91df982d-e4f0-4eb3-9f5c-a666d5eb9c5d</sln:powIIPId><sln:powIIPPn>PL.PZGIK.200</sln:powIIPPn><sln:powIIPWersja>2012-09-27T09:26:09+02:00</sln:powIIPWersja><sln:powIdTeryt>2010</sln:powIdTeryt><sln:powNazwa>siemiatycki</sln:powNazwa><sln:waznyOd>2015-06-02T00:00:00+02:00</sln:waznyOd><sln:wojIIPId>53ad7aea-d9d3-40c9-9a5c-ff737d5b076e</sln:wojIIPId><sln:wojIIPPn>PL.PZGIK.200</sln:wojIIPPn><sln:wojIIPWersja>2017-10-10T00:00:00+02:00</sln:wojIIPWersja><sln:wojIdTeryt>20</sln:wojIdTeryt><sln:wojNazwa>podlaskie</sln:wojNazwa></sln:miejscowosc><sln:miejscowosc><sln:cyklZyciaOd>2015-12-10T00:00:00+01:00</sln:cyklZyciaOd><sln:gmIIPId>d81b074f-e1c3-4fe3-bafa-9442ae5349ae</sln:gmIIPId><sln:gmIIPPn>PL.PZGIK.200</sln:gmIIPPn><sln:gmIIPWersja>2012-09-26T22:16:54+02:00</sln:gmIIPWersja><sln:gmIdTeryt>2010023</sln:gmIdTeryt><sln:gmNazwa>Drohiczyn</sln:gmNazwa><sln:miejscIIPId>300effe5-ec95-4a9d-beb7-cb5fd9b2114e</sln:miejscIIPId><sln:miejscIIPPn>PL.PZGIK.200</sln:miejscIIPPn><sln:miejscIIPWersja>2016-11-24T08:36:35+02:00</sln:miejscIIPWersja><sln:miejscIdTeryt>0027737</sln:miejscIdTeryt><sln:miejscNazwa>Sady</sln:miejscNazwa><sln:miejscRodzaj>Wieś</sln:miejscRodzaj><sln:powIIPId>91df982d-e4f0-4eb3-9f5c-a666d5eb9c5d</sln:powIIPId><sln:powIIPPn>PL.PZGIK.200</sln:powIIPPn><sln:powIIPWersja>2012-09-27T09:26:09+02:00</sln:powIIPWersja><sln:powIdTeryt>2010</sln:powIdTeryt><sln:powNazwa>siemiatycki</sln:powNazwa><sln:waznyOd>2015-06-02T00:00:00+02:00</sln:waznyOd><sln:wojIIPId>53ad7aea-d9d3-40c9-9a5c-ff737d5b076e</sln:wojIIPId><sln:wojIIPPn>PL.PZGIK.200</sln:wojIIPPn><sln:wojIIPWersja>2017-10-10T00:00:00+02:00</sln:wojIIPWersja><sln:wojIdTeryt>20</sln:wojIdTeryt><sln:wojNazwa>podlaskie</sln:wojNazwa></sln:miejscowosc><sln:miejscowosc><sln:cyklZyciaOd>2015-12-10T00:00:00+01:00</sln:cyklZyciaOd><sln:gmIIPId>d81b074f-e1c3-4fe3-bafa-9442ae5349ae</sln:gmIIPId><sln:gmIIPPn>PL.PZGIK.200</sln:gmIIPPn><sln:gmIIPWersja>2012-09-26T22:16:54+02:00</sln:gmIIPWersja><sln:gmIdTeryt>2010023</sln:gmIdTeryt><sln:gmNazwa>Drohiczyn</sln:gmNazwa><sln:miejscIIPId>d3ab2b6a-78a0-488e-a364-8ba175f550da</sln:miejscIIPId><sln:miejscIIPPn>PL.PZGIK.200</sln:miejscIIPPn><sln:miejscIIPWersja>2016-11-24T08:36:35+02:00</sln:miejscIIPWersja><sln:miejscIdTeryt>0027743</sln:miejscIdTeryt><sln:miejscNazwa>Siekierki</sln:miejscNazwa><sln:miejscRodzaj>Wieś</sln:miejscRodzaj><sln:powIIPId>91df982d-e4f0-4eb3-9f5c-a666d5eb9c5d</sln:powIIPId><sln:powIIPPn>PL.PZGIK.200</sln:powIIPPn><sln:powIIPWersja>2012-09-27T09:26:09+02:00</sln:powIIPWersja><sln:powIdTeryt>2010</sln:powIdTeryt><sln:powNazwa>siemiatycki</sln:powNazwa><sln:waznyOd>2015-06-02T00:00:00+02:00</sln:waznyOd><sln:wojIIPId>53ad7aea-d9d3-40c9-9a5c-ff737d5b076e</sln:wojIIPId><sln:wojIIPPn>PL.PZGIK.200</sln:wojIIPPn><sln:wojIIPWersja>2017-10-10T00:00:00+02:00</sln:wojIIPWersja><sln:wojIdTeryt>20</sln:wojIdTeryt><sln:wojNazwa>podlaskie</sln:wojNazwa></sln:miejscowosc><sln:miejscowosc><sln:cyklZyciaOd>2015-12-10T00:00:00+01:00</sln:cyklZyciaOd><sln:gmIIPId>d81b074f-e1c3-4fe3-bafa-9442ae5349ae</sln:gmIIPId><sln:gmIIPPn>PL.PZGIK.200</sln:gmIIPPn><sln:gmIIPWersja>2012-09-26T22:16:54+02:00</sln:gmIIPWersja><sln:gmIdTeryt>2010023</sln:gmIdTeryt><sln:gmNazwa>Drohiczyn</sln:gmNazwa><sln:miejscIIPId>dfdea2a1-80b9-4231-b29b-35b830e02c52</sln:miejscIIPId><sln:miejscIIPPn>PL.PZGIK.200</sln:miejscIIPPn><sln:miejscIIPWersja>2016-11-24T08:36:35+02:00</sln:miejscIIPWersja><sln:miejscIdTeryt>0027750</sln:miejscIdTeryt><sln:miejscNazwa>Sieniewice</sln:miejscNazwa><sln:miejscRodzaj>Wieś</sln:miejscRodzaj><sln:powIIPId>91df982d-e4f0-4eb3-9f5c-a666d5eb9c5d</sln:powIIPId><sln:powIIPPn>PL.PZGIK.200</sln:powIIPPn><sln:powIIPWersja>2012-09-27T09:26:09+02:00</sln:powIIPWersja><sln:powIdTeryt>2010</sln:powIdTeryt><sln:powNazwa>siemiatycki</sln:powNazwa><sln:waznyOd>2015-06-02T00:00:00+02:00</sln:waznyOd><sln:wojIIPId>53ad7aea-d9d3-40c9-9a5c-ff737d5b076e</sln:wojIIPId><sln:wojIIPPn>PL.PZGIK.200</sln:wojIIPPn><sln:wojIIPWersja>2017-10-10T00:00:00+02:00</sln:wojIIPWersja><sln:wojIdTeryt>20</sln:wojIdTeryt><sln:wojNazwa>podlaskie</sln:wojNazwa></sln:miejscowosc><sln:miejscowosc><sln:cyklZyciaOd>2015-12-10T00:00:00+01:00</sln:cyklZyciaOd><sln:gmIIPId>d81b074f-e1c3-4fe3-bafa-9442ae5349ae</sln:gmIIPId><sln:gmIIPPn>PL.PZGIK.200</sln:gmIIPPn><sln:gmIIPWersja>2012-09-26T22:16:54+02:00</sln:gmIIPWersja><sln:gmIdTeryt>2010023</sln:gmIdTeryt><sln:gmNazwa>Drohiczyn</sln:gmNazwa><sln:miejscIIPId>52f67e50-82dd-4f82-af33-365063a3b5c9</sln:miejscIIPId><sln:miejscIIPPn>PL.PZGIK.200</sln:miejscIIPPn><sln:miejscIIPWersja>2016-11-24T08:36:35+02:00</sln:miejscIIPWersja><sln:miejscIdTeryt>0027588</sln:miejscIdTeryt><sln:miejscNazwa>Skierwiny</sln:miejscNazwa><sln:miejscRodzaj>Kolonia</sln:miejscRodzaj><sln:powIIPId>91df982d-e4f0-4eb3-9f5c-a666d5eb9c5d</sln:powIIPId><sln:powIIPPn>PL.PZGIK.200</sln:powIIPPn><sln:powIIPWersja>2012-09-27T09:26:09+02:00</sln:powIIPWersja><sln:powIdTeryt>2010</sln:powIdTeryt><sln:powNazwa>siemiatycki</sln:powNazwa><sln:waznyOd>2015-06-02T00:00:00+02:00</sln:waznyOd><sln:wojIIPId>53ad7aea-d9d3-40c9-9a5c-ff737d5b076e</sln:wojIIPId><sln:wojIIPPn>PL.PZGIK.200</sln:wojIIPPn><sln:wojIIPWersja>2017-10-10T00:00:00+02:00</sln:wojIIPWersja><sln:wojIdTeryt>20</sln:wojIdTeryt><sln:wojNazwa>podlaskie</sln:wojNazwa></sln:miejscowosc><sln:miejscowosc><sln:cyklZyciaOd>2015-12-10T00:00:00+01:00</sln:cyklZyciaOd><sln:gmIIPId>d81b074f-e1c3-4fe3-bafa-9442ae5349ae</sln:gmIIPId><sln:gmIIPPn>PL.PZGIK.200</sln:gmIIPPn><sln:gmIIPWersja>2012-09-26T22:16:54+02:00</sln:gmIIPWersja><sln:gmIdTeryt>2010023</sln:gmIdTeryt><sln:gmNazwa>Drohiczyn</sln:gmNazwa><sln:miejscIIPId>e41689c4-b582-4853-9375-041213866414</sln:miejscIIPId><sln:miejscIIPPn>PL.PZGIK.200</sln:miejscIIPPn><sln:miejscIIPWersja>2016-11-24T08:36:35+02:00</sln:miejscIIPWersja><sln:miejscIdTeryt>0027766</sln:miejscIdTeryt><sln:miejscNazwa>Smarklice</sln:miejscNazwa><sln:miejscRodzaj>Wieś</sln:miejscRodzaj><sln:powIIPId>91df982d-e4f0-4eb3-9f5c-a666d5eb9c5d</sln:powIIPId><sln:powIIPPn>PL.PZGIK.200</sln:powIIPPn><sln:powIIPWersja>2012-09-27T09:26:09+02:00</sln:powIIPWersja><sln:powIdTeryt>2010</sln:powIdTeryt><sln:powNazwa>siemiatycki</sln:powNazwa><sln:waznyOd>2015-06-02T00:00:00+02:00</sln:waznyOd><sln:wojIIPId>53ad7aea-d9d3-40c9-9a5c-ff737d5b076e</sln:wojIIPId><sln:wojIIPPn>PL.PZGIK.200</sln:wojIIPPn><sln:wojIIPWersja>2017-10-10T00:00:00+02:00</sln:wojIIPWersja><sln:wojIdTeryt>20</sln:wojIdTeryt><sln:wojNazwa>podlaskie</sln:wojNazwa></sln:miejscowosc><sln:miejscowosc><sln:cyklZyciaOd>2015-12-10T00:00:00+01:00</sln:cyklZyciaOd><sln:gmIIPId>d81b074f-e1c3-4fe3-bafa-9442ae5349ae</sln:gmIIPId><sln:gmIIPPn>PL.PZGIK.200</sln:gmIIPPn><sln:gmIIPWersja>2012-09-26T22:16:54+02:00</sln:gmIIPWersja><sln:gmIdTeryt>2010023</sln:gmIdTeryt><sln:gmNazwa>Drohiczyn</sln:gmNazwa><sln:miejscIIPId>5b9b2f32-5043-4e5d-a604-b09d69973bb7</sln:miejscIIPId><sln:miejscIIPPn>PL.PZGIK.200</sln:miejscIIPPn><sln:miejscIIPWersja>2016-11-24T08:36:35+02:00</sln:miejscIIPWersja><sln:miejscIdTeryt>0027772</sln:miejscIdTeryt><sln:miejscNazwa>Smorczewo</sln:miejscNazwa><sln:miejscRodzaj>Wieś</sln:miejscRodzaj><sln:powIIPId>91df982d-e4f0-4eb3-9f5c-a666d5eb9c5d</sln:powIIPId><sln:powIIPPn>PL.PZGIK.200</sln:powIIPPn><sln:powIIPWersja>2012-09-27T09:26:09+02:00</sln:powIIPWersja><sln:powIdTeryt>2010</sln:powIdTeryt><sln:powNazwa>siemiatycki</sln:powNazwa><sln:waznyOd>2015-06-02T00:00:00+02:00</sln:waznyOd><sln:wojIIPId>53ad7aea-d9d3-40c9-9a5c-ff737d5b076e</sln:wojIIPId><sln:wojIIPPn>PL.PZGIK.200</sln:wojIIPPn><sln:wojIIPWersja>2017-10-10T00:00:00+02:00</sln:wojIIPWersja><sln:wojIdTeryt>20</sln:wojIdTeryt><sln:wojNazwa>podlaskie</sln:wojNazwa></sln:miejscowosc><sln:miejscowosc><sln:cyklZyciaOd>2015-12-10T00:00:00+01:00</sln:cyklZyciaOd><sln:gmIIPId>d81b074f-e1c3-4fe3-bafa-9442ae5349ae</sln:gmIIPId><sln:gmIIPPn>PL.PZGIK.200</sln:gmIIPPn><sln:gmIIPWersja>2012-09-26T22:16:54+02:00</sln:gmIIPWersja><sln:gmIdTeryt>2010023</sln:gmIdTeryt><sln:gmNazwa>Drohiczyn</sln:gmNazwa><sln:miejscIIPId>6ab82aa4-4fa6-469c-ace0-f5601e8d795b</sln:miejscIIPId><sln:miejscIIPPn>PL.PZGIK.200</sln:miejscIIPPn><sln:miejscIIPWersja>2016-11-24T08:36:35+02:00</sln:miejscIIPWersja><sln:miejscIdTeryt>0027789</sln:miejscIdTeryt><sln:miejscNazwa>Sytki</sln:miejscNazwa><sln:miejscRodzaj>Wieś</sln:miejscRodzaj><sln:powIIPId>91df982d-e4f0-4eb3-9f5c-a666d5eb9c5d</sln:powIIPId><sln:powIIPPn>PL.PZGIK.200</sln:powIIPPn><sln:powIIPWersja>2012-09-27T09:26:09+02:00</sln:powIIPWersja><sln:powIdTeryt>2010</sln:powIdTeryt><sln:powNazwa>siemiatycki</sln:powNazwa><sln:waznyOd>2015-06-02T00:00:00+02:00</sln:waznyOd><sln:wojIIPId>53ad7aea-d9d3-40c9-9a5c-ff737d5b076e</sln:wojIIPId><sln:wojIIPPn>PL.PZGIK.200</sln:wojIIPPn><sln:wojIIPWersja>2017-10-10T00:00:00+02:00</sln:wojIIPWersja><sln:wojIdTeryt>20</sln:wojIdTeryt><sln:wojNazwa>podlaskie</sln:wojNazwa></sln:miejscowosc><sln:miejscowosc><sln:cyklZyciaOd>2015-12-10T00:00:00+01:00</sln:cyklZyciaOd><sln:gmIIPId>d81b074f-e1c3-4fe3-bafa-9442ae5349ae</sln:gmIIPId><sln:gmIIPPn>PL.PZGIK.200</sln:gmIIPPn><sln:gmIIPWersja>2012-09-26T22:16:54+02:00</sln:gmIIPWersja><sln:gmIdTeryt>2010023</sln:gmIdTeryt><sln:gmNazwa>Drohiczyn</sln:gmNazwa><sln:miejscIIPId>b159271a-a4a2-4c2c-a97d-f940ea69b709</sln:miejscIIPId><sln:miejscIIPPn>PL.PZGIK.200</sln:miejscIIPPn><sln:miejscIIPWersja>2016-11-24T08:36:35+02:00</sln:miejscIIPWersja><sln:miejscIdTeryt>0027795</sln:miejscIdTeryt><sln:miejscNazwa>Śledzianów</sln:miejscNazwa><sln:miejscRodzaj>Wieś</sln:miejscRodzaj><sln:powIIPId>91df982d-e4f0-4eb3-9f5c-a666d5eb9c5d</sln:powIIPId><sln:powIIPPn>PL.PZGIK.200</sln:powIIPPn><sln:powIIPWersja>2012-09-27T09:26:09+02:00</sln:powIIPWersja><sln:powIdTeryt>2010</sln:powIdTeryt><sln:powNazwa>siemiatycki</sln:powNazwa><sln:waznyOd>2015-06-02T00:00:00+02:00</sln:waznyOd><sln:wojIIPId>53ad7aea-d9d3-40c9-9a5c-ff737d5b076e</sln:wojIIPId><sln:wojIIPPn>PL.PZGIK.200</sln:wojIIPPn><sln:wojIIPWersja>2017-10-10T00:00:00+02:00</sln:wojIIPWersja><sln:wojIdTeryt>20</sln:wojIdTeryt><sln:wojNazwa>podlaskie</sln:wojNazwa></sln:miejscowosc><sln:miejscowosc><sln:cyklZyciaOd>2015-12-10T00:00:00+01:00</sln:cyklZyciaOd><sln:gmIIPId>d81b074f-e1c3-4fe3-bafa-9442ae5349ae</sln:gmIIPId><sln:gmIIPPn>PL.PZGIK.200</sln:gmIIPPn><sln:gmIIPWersja>2012-09-26T22:16:54+02:00</sln:gmIIPWersja><sln:gmIdTeryt>2010023</sln:gmIdTeryt><sln:gmNazwa>Drohiczyn</sln:gmNazwa><sln:miejscIIPId>9a0d9abf-be16-49db-9270-080f4d1fa212</sln:miejscIIPId><sln:miejscIIPPn>PL.PZGIK.200</sln:miejscIIPPn><sln:miejscIIPWersja>2016-11-24T08:36:35+02:00</sln:miejscIIPWersja><sln:miejscIdTeryt>0027810</sln:miejscIdTeryt><sln:miejscNazwa>Tonkiele</sln:miejscNazwa><sln:miejscRodzaj>Wieś</sln:miejscRodzaj><sln:powIIPId>91df982d-e4f0-4eb3-9f5c-a666d5eb9c5d</sln:powIIPId><sln:powIIPPn>PL.PZGIK.200</sln:powIIPPn><sln:powIIPWersja>2012-09-27T09:26:09+02:00</sln:powIIPWersja><sln:powIdTeryt>2010</sln:powIdTeryt><sln:powNazwa>siemiatycki</sln:powNazwa><sln:waznyOd>2015-06-02T00:00:00+02:00</sln:waznyOd><sln:wojIIPId>53ad7aea-d9d3-40c9-9a5c-ff737d5b076e</sln:wojIIPId><sln:wojIIPPn>PL.PZGIK.200</sln:wojIIPPn><sln:wojIIPWersja>2017-10-10T00:00:00+02:00</sln:wojIIPWersja><sln:wojIdTeryt>20</sln:wojIdTeryt><sln:wojNazwa>podlaskie</sln:wojNazwa></sln:miejscowosc><sln:miejscowosc><sln:cyklZyciaOd>2015-12-10T00:00:00+01:00</sln:cyklZyciaOd><sln:gmIIPId>d81b074f-e1c3-4fe3-bafa-9442ae5349ae</sln:gmIIPId><sln:gmIIPPn>PL.PZGIK.200</sln:gmIIPPn><sln:gmIIPWersja>2012-09-26T22:16:54+02:00</sln:gmIIPWersja><sln:gmIdTeryt>2010023</sln:gmIdTeryt><sln:gmNazwa>Drohiczyn</sln:gmNazwa><sln:miejscIIPId>45176acf-e977-4895-aa74-32b14582f844</sln:miejscIIPId><sln:miejscIIPPn>PL.PZGIK.200</sln:miejscIIPPn><sln:miejscIIPWersja>2016-11-24T08:36:35+02:00</sln:miejscIIPWersja><sln:miejscIdTeryt>0027690</sln:miejscIdTeryt><sln:miejscNazwa>Wierzchuca Nadbużna</sln:miejscNazwa><sln:miejscRodzaj>Kolonia</sln:miejscRodzaj><sln:powIIPId>91df982d-e4f0-4eb3-9f5c-a666d5eb9c5d</sln:powIIPId><sln:powIIPPn>PL.PZGIK.200</sln:powIIPPn><sln:powIIPWersja>2012-09-27T09:26:09+02:00</sln:powIIPWersja><sln:powIdTeryt>2010</sln:powIdTeryt><sln:powNazwa>siemiatycki</sln:powNazwa><sln:waznyOd>2015-06-02T00:00:00+02:00</sln:waznyOd><sln:wojIIPId>53ad7aea-d9d3-40c9-9a5c-ff737d5b076e</sln:wojIIPId><sln:wojIIPPn>PL.PZGIK.200</sln:wojIIPPn><sln:wojIIPWersja>2017-10-10T00:00:00+02:00</sln:wojIIPWersja><sln:wojIdTeryt>20</sln:wojIdTeryt><sln:wojNazwa>podlaskie</sln:wojNazwa></sln:miejscowosc><sln:miejscowosc><sln:cyklZyciaOd>2015-12-10T00:00:00+01:00</sln:cyklZyciaOd><sln:gmIIPId>d81b074f-e1c3-4fe3-bafa-9442ae5349ae</sln:gmIIPId><sln:gmIIPPn>PL.PZGIK.200</sln:gmIIPPn><sln:gmIIPWersja>2012-09-26T22:16:54+02:00</sln:gmIIPWersja><sln:gmIdTeryt>2010023</sln:gmIdTeryt><sln:gmNazwa>Drohiczyn</sln:gmNazwa><sln:miejscIIPId>74d9d62d-76d3-4368-8b0b-a842d134d2a1</sln:miejscIIPId><sln:miejscIIPPn>PL.PZGIK.200</sln:miejscIIPPn><sln:miejscIIPWersja>2016-11-24T08:36:35+02:00</sln:miejscIIPWersja><sln:miejscIdTeryt>0027826</sln:miejscIdTeryt><sln:miejscNazwa>Wierzchuca Nagórna</sln:miejscNazwa><sln:miejscRodzaj>Wieś</sln:miejscRodzaj><sln:powIIPId>91df982d-e4f0-4eb3-9f5c-a666d5eb9c5d</sln:powIIPId><sln:powIIPPn>PL.PZGIK.200</sln:powIIPPn><sln:powIIPWersja>2012-09-27T09:26:09+02:00</sln:powIIPWersja><sln:powIdTeryt>2010</sln:powIdTeryt><sln:powNazwa>siemiatycki</sln:powNazwa><sln:waznyOd>2015-09-01T00:00:00+02:00</sln:waznyOd><sln:wojIIPId>53ad7aea-d9d3-40c9-9a5c-ff737d5b076e</sln:wojIIPId><sln:wojIIPPn>PL.PZGIK.200</sln:wojIIPPn><sln:wojIIPWersja>2017-10-10T00:00:00+02:00</sln:wojIIPWersja><sln:wojIdTeryt>20</sln:wojIdTeryt><sln:wojNazwa>podlaskie</sln:wojNazwa></sln:miejscowosc><sln:miejscowosc><sln:cyklZyciaOd>2015-12-10T00:00:00+01:00</sln:cyklZyciaOd><sln:gmIIPId>d81b074f-e1c3-4fe3-bafa-9442ae5349ae</sln:gmIIPId><sln:gmIIPPn>PL.PZGIK.200</sln:gmIIPPn><sln:gmIIPWersja>2012-09-26T22:16:54+02:00</sln:gmIIPWersja><sln:gmIdTeryt>2010023</sln:gmIdTeryt><sln:gmNazwa>Drohiczyn</sln:gmNazwa><sln:miejscIIPId>4aaaa0b8-addf-4127-8d61-d96a66d3d32a</sln:miejscIIPId><sln:miejscIIPPn>PL.PZGIK.200</sln:miejscIIPPn><sln:miejscIIPWersja>2016-11-24T08:36:35+02:00</sln:miejscIIPWersja><sln:miejscIdTeryt>0027832</sln:miejscIdTeryt><sln:miejscNazwa>Wólka Zamkowa</sln:miejscNazwa><sln:miejscRodzaj>Wieś</sln:miejscRodzaj><sln:powIIPId>91df982d-e4f0-4eb3-9f5c-a666d5eb9c5d</sln:powIIPId><sln:powIIPPn>PL.PZGIK.200</sln:powIIPPn><sln:powIIPWersja>2012-09-27T09:26:09+02:00</sln:powIIPWersja><sln:powIdTeryt>2010</sln:powIdTeryt><sln:powNazwa>siemiatycki</sln:powNazwa><sln:waznyOd>2015-06-02T00:00:00+02:00</sln:waznyOd><sln:wojIIPId>53ad7aea-d9d3-40c9-9a5c-ff737d5b076e</sln:wojIIPId><sln:wojIIPPn>PL.PZGIK.200</sln:wojIIPPn><sln:wojIIPWersja>2017-10-10T00:00:00+02:00</sln:wojIIPWersja><sln:wojIdTeryt>20</sln:wojIdTeryt><sln:wojNazwa>podlaskie</sln:wojNazwa></sln:miejscowosc><sln:miejscowosc><sln:cyklZyciaOd>2015-12-10T00:00:00+01:00</sln:cyklZyciaOd><sln:gmIIPId>d81b074f-e1c3-4fe3-bafa-9442ae5349ae</sln:gmIIPId><sln:gmIIPPn>PL.PZGIK.200</sln:gmIIPPn><sln:gmIIPWersja>2012-09-26T22:16:54+02:00</sln:gmIIPWersja><sln:gmIdTeryt>2010023</sln:gmIdTeryt><sln:gmNazwa>Drohiczyn</sln:gmNazwa><sln:miejscIIPId>f26fe7fa-f814-40bb-a2ee-953069b80643</sln:miejscIIPId><sln:miejscIIPPn>PL.PZGIK.200</sln:miejscIIPPn><sln:miejscIIPWersja>2016-11-24T08:36:35+02:00</sln:miejscIIPWersja><sln:miejscIdTeryt>0027849</sln:miejscIdTeryt><sln:miejscNazwa>Zajęczniki</sln:miejscNazwa><sln:miejscRodzaj>Wieś</sln:miejscRodzaj><sln:powIIPId>91df982d-e4f0-4eb3-9f5c-a666d5eb9c5d</sln:powIIPId><sln:powIIPPn>PL.PZGIK.200</sln:powIIPPn><sln:powIIPWersja>2012-09-27T09:26:09+02:00</sln:powIIPWersja><sln:powIdTeryt>2010</sln:powIdTeryt><sln:powNazwa>siemiatycki</sln:powNazwa><sln:waznyOd>2015-06-02T00:00:00+02:00</sln:waznyOd><sln:wojIIPId>53ad7aea-d9d3-40c9-9a5c-ff737d5b076e</sln:wojIIPId><sln:wojIIPPn>PL.PZGIK.200</sln:wojIIPPn><sln:wojIIPWersja>2017-10-10T00:00:00+02:00</sln:wojIIPWersja><sln:wojIdTeryt>20</sln:wojIdTeryt><sln:wojNazwa>podlaskie</sln:wojNazwa></sln:miejscowosc></sln:lista-miejscowosci>