<?xml version="1.0" encoding="UTF-8" standalone="yes"?><sln:lista-miejscowosci xmlns:srv="http://gugik.gov.pl/schemas/slowniki-service/1.0" xmlns:sln="http://gugik.gov.pl/schemas/slowniki-schema/1.0"><sln:miejscowosc><sln:cyklZyciaDo>2017-04-21T00:00:00+02:00</sln:cyklZyciaDo><sln:cyklZyciaOd>2015-11-18T00:00:00+01:00</sln:cyklZyciaOd><sln:gmIIPId>507c5140-1fee-422d-80f6-f21d49284517</sln:gmIIPId><sln:gmIIPPn>PL.PZGIK.200</sln:gmIIPPn><sln:gmIIPWersja>2012-09-26T22:17:19+02:00</sln:gmIIPWersja><sln:gmIdTeryt>2012012</sln:gmIdTeryt><sln:gmNazwa>Bakałarzewo</sln:gmNazwa><sln:miejscIIPId>e9ac3a21-3e6c-4aac-b3f2-3ee48bf90ae2</sln:miejscIIPId><sln:miejscIIPPn>PL.PZGIK.200</sln:miejscIIPPn><sln:miejscIIPWersja>2016-11-24T12:24:24+02:00</sln:miejscIIPWersja><sln:miejscIdTeryt>0753225</sln:miejscIdTeryt><sln:miejscNazwa>Aleksandrowo</sln:miejscNazwa><sln:miejscRodzaj>Wieś</sln:miejscRodzaj><sln:powIIPId>ca2d03cb-0fdf-4583-92a3-bc7308f4508f</sln:powIIPId><sln:powIIPPn>PL.PZGIK.200</sln:powIIPPn><sln:powIIPWersja>2012-09-27T09:26:09+02:00</sln:powIIPWersja><sln:powIdTeryt>2012</sln:powIdTeryt><sln:powNazwa>suwalski</sln:powNazwa><sln:waznyOd>2015-02-17T00:00:00+01:00</sln:waznyOd><sln:wojIIPId>53ad7aea-d9d3-40c9-9a5c-ff737d5b076e</sln:wojIIPId><sln:wojIIPPn>PL.PZGIK.200</sln:wojIIPPn><sln:wojIIPWersja>2017-10-10T00:00:00+02:00</sln:wojIIPWersja><sln:wojIdTeryt>20</sln:wojIdTeryt><sln:wojNazwa>podlaskie</sln:wojNazwa></sln:miejscowosc><sln:miejscowosc><sln:cyklZyciaDo>2017-04-21T00:00:00+02:00</sln:cyklZyciaDo><sln:cyklZyciaOd>2015-11-18T00:00:00+01:00</sln:cyklZyciaOd><sln:gmIIPId>507c5140-1fee-422d-80f6-f21d49284517</sln:gmIIPId><sln:gmIIPPn>PL.PZGIK.200</sln:gmIIPPn><sln:gmIIPWersja>2012-09-26T22:17:19+02:00</sln:gmIIPWersja><sln:gmIdTeryt>2012012</sln:gmIdTeryt><sln:gmNazwa>Bakałarzewo</sln:gmNazwa><sln:miejscIIPId>dfc2cebd-74d2-46d3-ad85-b910116b177d</sln:miejscIIPId><sln:miejscIIPPn>PL.PZGIK.200</sln:miejscIIPPn><sln:miejscIIPWersja>2016-11-24T12:24:24+02:00</sln:miejscIIPWersja><sln:miejscIdTeryt>0753231</sln:miejscIdTeryt><sln:miejscNazwa>Bakałarzewo</sln:miejscNazwa><sln:miejscRodzaj>Wieś</sln:miejscRodzaj><sln:powIIPId>ca2d03cb-0fdf-4583-92a3-bc7308f4508f</sln:powIIPId><sln:powIIPPn>PL.PZGIK.200</sln:powIIPPn><sln:powIIPWersja>2012-09-27T09:26:09+02:00</sln:powIIPWersja><sln:powIdTeryt>2012</sln:powIdTeryt><sln:powNazwa>suwalski</sln:powNazwa><sln:waznyOd>2015-02-17T00:00:00+01:00</sln:waznyOd><sln:wojIIPId>53ad7aea-d9d3-40c9-9a5c-ff737d5b076e</sln:wojIIPId><sln:wojIIPPn>PL.PZGIK.200</sln:wojIIPPn><sln:wojIIPWersja>2017-10-10T00:00:00+02:00</sln:wojIIPWersja><sln:wojIdTeryt>20</sln:wojIdTeryt><sln:wojNazwa>podlaskie</sln:wojNazwa></sln:miejscowosc><sln:miejscowosc><sln:cyklZyciaDo>2017-04-21T00:00:00+02:00</sln:cyklZyciaDo><sln:cyklZyciaOd>2015-11-18T00:00:00+01:00</sln:cyklZyciaOd><sln:gmIIPId>507c5140-1fee-422d-80f6-f21d49284517</sln:gmIIPId><sln:gmIIPPn>PL.PZGIK.200</sln:gmIIPPn><sln:gmIIPWersja>2012-09-26T22:17:19+02:00</sln:gmIIPWersja><sln:gmIdTeryt>2012012</sln:gmIdTeryt><sln:gmNazwa>Bakałarzewo</sln:gmNazwa><sln:miejscIIPId>eff828c1-a487-4231-96b8-4bcca07fe121</sln:miejscIIPId><sln:miejscIIPPn>PL.PZGIK.200</sln:miejscIIPPn><sln:miejscIIPWersja>2016-11-24T12:24:24+02:00</sln:miejscIIPWersja><sln:miejscIdTeryt>0753248</sln:miejscIdTeryt><sln:miejscNazwa>Gębalówka</sln:miejscNazwa><sln:miejscRodzaj>Wieś</sln:miejscRodzaj><sln:powIIPId>ca2d03cb-0fdf-4583-92a3-bc7308f4508f</sln:powIIPId><sln:powIIPPn>PL.PZGIK.200</sln:powIIPPn><sln:powIIPWersja>2012-09-27T09:26:09+02:00</sln:powIIPWersja><sln:powIdTeryt>2012</sln:powIdTeryt><sln:powNazwa>suwalski</sln:powNazwa><sln:waznyOd>2015-02-17T00:00:00+01:00</sln:waznyOd><sln:wojIIPId>53ad7aea-d9d3-40c9-9a5c-ff737d5b076e</sln:wojIIPId><sln:wojIIPPn>PL.PZGIK.200</sln:wojIIPPn><sln:wojIIPWersja>2017-10-10T00:00:00+02:00</sln:wojIIPWersja><sln:wojIdTeryt>20</sln:wojIdTeryt><sln:wojNazwa>podlaskie</sln:wojNazwa></sln:miejscowosc><sln:miejscowosc><sln:cyklZyciaDo>2017-04-21T00:00:00+02:00</sln:cyklZyciaDo><sln:cyklZyciaOd>2015-11-18T00:00:00+01:00</sln:cyklZyciaOd><sln:gmIIPId>507c5140-1fee-422d-80f6-f21d49284517</sln:gmIIPId><sln:gmIIPPn>PL.PZGIK.200</sln:gmIIPPn><sln:gmIIPWersja>2012-09-26T22:17:19+02:00</sln:gmIIPWersja><sln:gmIdTeryt>2012012</sln:gmIdTeryt><sln:gmNazwa>Bakałarzewo</sln:gmNazwa><sln:miejscIIPId>890d378e-4920-41eb-a83b-602fabad5c74</sln:miejscIIPId><sln:miejscIIPPn>PL.PZGIK.200</sln:miejscIIPPn><sln:miejscIIPWersja>2016-11-24T12:24:24+02:00</sln:miejscIIPWersja><sln:miejscIdTeryt>0753254</sln:miejscIdTeryt><sln:miejscNazwa>Góra</sln:miejscNazwa><sln:miejscRodzaj>Wieś</sln:miejscRodzaj><sln:powIIPId>ca2d03cb-0fdf-4583-92a3-bc7308f4508f</sln:powIIPId><sln:powIIPPn>PL.PZGIK.200</sln:powIIPPn><sln:powIIPWersja>2012-09-27T09:26:09+02:00</sln:powIIPWersja><sln:powIdTeryt>2012</sln:powIdTeryt><sln:powNazwa>suwalski</sln:powNazwa><sln:waznyOd>2015-02-17T00:00:00+01:00</sln:waznyOd><sln:wojIIPId>53ad7aea-d9d3-40c9-9a5c-ff737d5b076e</sln:wojIIPId><sln:wojIIPPn>PL.PZGIK.200</sln:wojIIPPn><sln:wojIIPWersja>2017-10-10T00:00:00+02:00</sln:wojIIPWersja><sln:wojIdTeryt>20</sln:wojIdTeryt><sln:wojNazwa>podlaskie</sln:wojNazwa></sln:miejscowosc><sln:miejscowosc><sln:cyklZyciaDo>2017-04-21T00:00:00+02:00</sln:cyklZyciaDo><sln:cyklZyciaOd>2015-11-18T00:00:00+01:00</sln:cyklZyciaOd><sln:gmIIPId>507c5140-1fee-422d-80f6-f21d49284517</sln:gmIIPId><sln:gmIIPPn>PL.PZGIK.200</sln:gmIIPPn><sln:gmIIPWersja>2012-09-26T22:17:19+02:00</sln:gmIIPWersja><sln:gmIdTeryt>2012012</sln:gmIdTeryt><sln:gmNazwa>Bakałarzewo</sln:gmNazwa><sln:miejscIIPId>8376c35c-705e-46b7-96ac-1c2ba4491e84</sln:miejscIIPId><sln:miejscIIPPn>PL.PZGIK.200</sln:miejscIIPPn><sln:miejscIIPWersja>2016-11-24T12:24:24+02:00</sln:miejscIIPWersja><sln:miejscIdTeryt>0753277</sln:miejscIdTeryt><sln:miejscNazwa>Kamionka Poprzeczna</sln:miejscNazwa><sln:miejscRodzaj>Wieś</sln:miejscRodzaj><sln:powIIPId>ca2d03cb-0fdf-4583-92a3-bc7308f4508f</sln:powIIPId><sln:powIIPPn>PL.PZGIK.200</sln:powIIPPn><sln:powIIPWersja>2012-09-27T09:26:09+02:00</sln:powIIPWersja><sln:powIdTeryt>2012</sln:powIdTeryt><sln:powNazwa>suwalski</sln:powNazwa><sln:waznyOd>2015-02-17T00:00:00+01:00</sln:waznyOd><sln:wojIIPId>53ad7aea-d9d3-40c9-9a5c-ff737d5b076e</sln:wojIIPId><sln:wojIIPPn>PL.PZGIK.200</sln:wojIIPPn><sln:wojIIPWersja>2017-10-10T00:00:00+02:00</sln:wojIIPWersja><sln:wojIdTeryt>20</sln:wojIdTeryt><sln:wojNazwa>podlaskie</sln:wojNazwa></sln:miejscowosc><sln:miejscowosc><sln:cyklZyciaDo>2017-04-21T00:00:00+02:00</sln:cyklZyciaDo><sln:cyklZyciaOd>2015-11-18T00:00:00+01:00</sln:cyklZyciaOd><sln:gmIIPId>507c5140-1fee-422d-80f6-f21d49284517</sln:gmIIPId><sln:gmIIPPn>PL.PZGIK.200</sln:gmIIPPn><sln:gmIIPWersja>2012-09-26T22:17:19+02:00</sln:gmIIPWersja><sln:gmIdTeryt>2012012</sln:gmIdTeryt><sln:gmNazwa>Bakałarzewo</sln:gmNazwa><sln:miejscIIPId>db3c6d08-4313-4c0a-9b29-68bdcb455497</sln:miejscIIPId><sln:miejscIIPPn>PL.PZGIK.200</sln:miejscIIPPn><sln:miejscIIPWersja>2016-11-24T12:24:24+02:00</sln:miejscIIPWersja><sln:miejscIdTeryt>0753283</sln:miejscIdTeryt><sln:miejscNazwa>Karasiewo</sln:miejscNazwa><sln:miejscRodzaj>Wieś</sln:miejscRodzaj><sln:powIIPId>ca2d03cb-0fdf-4583-92a3-bc7308f4508f</sln:powIIPId><sln:powIIPPn>PL.PZGIK.200</sln:powIIPPn><sln:powIIPWersja>2012-09-27T09:26:09+02:00</sln:powIIPWersja><sln:powIdTeryt>2012</sln:powIdTeryt><sln:powNazwa>suwalski</sln:powNazwa><sln:waznyOd>2015-02-17T00:00:00+01:00</sln:waznyOd><sln:wojIIPId>53ad7aea-d9d3-40c9-9a5c-ff737d5b076e</sln:wojIIPId><sln:wojIIPPn>PL.PZGIK.200</sln:wojIIPPn><sln:wojIIPWersja>2017-10-10T00:00:00+02:00</sln:wojIIPWersja><sln:wojIdTeryt>20</sln:wojIdTeryt><sln:wojNazwa>podlaskie</sln:wojNazwa></sln:miejscowosc><sln:miejscowosc><sln:cyklZyciaDo>2017-04-21T00:00:00+02:00</sln:cyklZyciaDo><sln:cyklZyciaOd>2015-11-18T00:00:00+01:00</sln:cyklZyciaOd><sln:gmIIPId>507c5140-1fee-422d-80f6-f21d49284517</sln:gmIIPId><sln:gmIIPPn>PL.PZGIK.200</sln:gmIIPPn><sln:gmIIPWersja>2012-09-26T22:17:19+02:00</sln:gmIIPWersja><sln:gmIdTeryt>2012012</sln:gmIdTeryt><sln:gmNazwa>Bakałarzewo</sln:gmNazwa><sln:miejscIIPId>cd77f0c8-18d8-4cd7-9c0b-c1497edf8d02</sln:miejscIIPId><sln:miejscIIPPn>PL.PZGIK.200</sln:miejscIIPPn><sln:miejscIIPWersja>2016-11-24T12:24:24+02:00</sln:miejscIIPWersja><sln:miejscIdTeryt>0753290</sln:miejscIdTeryt><sln:miejscNazwa>Klonowa Góra</sln:miejscNazwa><sln:miejscRodzaj>Wieś</sln:miejscRodzaj><sln:powIIPId>ca2d03cb-0fdf-4583-92a3-bc7308f4508f</sln:powIIPId><sln:powIIPPn>PL.PZGIK.200</sln:powIIPPn><sln:powIIPWersja>2012-09-27T09:26:09+02:00</sln:powIIPWersja><sln:powIdTeryt>2012</sln:powIdTeryt><sln:powNazwa>suwalski</sln:powNazwa><sln:waznyOd>2015-02-17T00:00:00+01:00</sln:waznyOd><sln:wojIIPId>53ad7aea-d9d3-40c9-9a5c-ff737d5b076e</sln:wojIIPId><sln:wojIIPPn>PL.PZGIK.200</sln:wojIIPPn><sln:wojIIPWersja>2017-10-10T00:00:00+02:00</sln:wojIIPWersja><sln:wojIdTeryt>20</sln:wojIdTeryt><sln:wojNazwa>podlaskie</sln:wojNazwa></sln:miejscowosc><sln:miejscowosc><sln:cyklZyciaDo>2017-04-21T00:00:00+02:00</sln:cyklZyciaDo><sln:cyklZyciaOd>2015-11-18T00:00:00+01:00</sln:cyklZyciaOd><sln:gmIIPId>507c5140-1fee-422d-80f6-f21d49284517</sln:gmIIPId><sln:gmIIPPn>PL.PZGIK.200</sln:gmIIPPn><sln:gmIIPWersja>2012-09-26T22:17:19+02:00</sln:gmIIPWersja><sln:gmIdTeryt>2012012</sln:gmIdTeryt><sln:gmNazwa>Bakałarzewo</sln:gmNazwa><sln:miejscIIPId>c8883fa7-b1e5-45cd-bb85-cb7567a73b4d</sln:miejscIIPId><sln:miejscIIPPn>PL.PZGIK.200</sln:miejscIIPPn><sln:miejscIIPWersja>2016-11-24T12:24:24+02:00</sln:miejscIIPWersja><sln:miejscIdTeryt>0753308</sln:miejscIdTeryt><sln:miejscNazwa>Konopki</sln:miejscNazwa><sln:miejscRodzaj>Wieś</sln:miejscRodzaj><sln:powIIPId>ca2d03cb-0fdf-4583-92a3-bc7308f4508f</sln:powIIPId><sln:powIIPPn>PL.PZGIK.200</sln:powIIPPn><sln:powIIPWersja>2012-09-27T09:26:09+02:00</sln:powIIPWersja><sln:powIdTeryt>2012</sln:powIdTeryt><sln:powNazwa>suwalski</sln:powNazwa><sln:waznyOd>2015-02-17T00:00:00+01:00</sln:waznyOd><sln:wojIIPId>53ad7aea-d9d3-40c9-9a5c-ff737d5b076e</sln:wojIIPId><sln:wojIIPPn>PL.PZGIK.200</sln:wojIIPPn><sln:wojIIPWersja>2017-10-10T00:00:00+02:00</sln:wojIIPWersja><sln:wojIdTeryt>20</sln:wojIdTeryt><sln:wojNazwa>podlaskie</sln:wojNazwa></sln:miejscowosc><sln:miejscowosc><sln:cyklZyciaDo>2017-04-21T00:00:00+02:00</sln:cyklZyciaDo><sln:cyklZyciaOd>2015-11-18T00:00:00+01:00</sln:cyklZyciaOd><sln:gmIIPId>507c5140-1fee-422d-80f6-f21d49284517</sln:gmIIPId><sln:gmIIPPn>PL.PZGIK.200</sln:gmIIPPn><sln:gmIIPWersja>2012-09-26T22:17:19+02:00</sln:gmIIPWersja><sln:gmIdTeryt>2012012</sln:gmIdTeryt><sln:gmNazwa>Bakałarzewo</sln:gmNazwa><sln:miejscIIPId>2c9f33c6-3623-4618-918b-484fee22a89d</sln:miejscIIPId><sln:miejscIIPPn>PL.PZGIK.200</sln:miejscIIPPn><sln:miejscIIPWersja>2016-11-24T12:24:24+02:00</sln:miejscIIPWersja><sln:miejscIdTeryt>0753314</sln:miejscIdTeryt><sln:miejscNazwa>Kotowina</sln:miejscNazwa><sln:miejscRodzaj>Wieś</sln:miejscRodzaj><sln:powIIPId>ca2d03cb-0fdf-4583-92a3-bc7308f4508f</sln:powIIPId><sln:powIIPPn>PL.PZGIK.200</sln:powIIPPn><sln:powIIPWersja>2012-09-27T09:26:09+02:00</sln:powIIPWersja><sln:powIdTeryt>2012</sln:powIdTeryt><sln:powNazwa>suwalski</sln:powNazwa><sln:waznyOd>2015-02-17T00:00:00+01:00</sln:waznyOd><sln:wojIIPId>53ad7aea-d9d3-40c9-9a5c-ff737d5b076e</sln:wojIIPId><sln:wojIIPPn>PL.PZGIK.200</sln:wojIIPPn><sln:wojIIPWersja>2017-10-10T00:00:00+02:00</sln:wojIIPWersja><sln:wojIdTeryt>20</sln:wojIdTeryt><sln:wojNazwa>podlaskie</sln:wojNazwa></sln:miejscowosc><sln:miejscowosc><sln:cyklZyciaDo>2017-04-21T00:00:00+02:00</sln:cyklZyciaDo><sln:cyklZyciaOd>2015-11-18T00:00:00+01:00</sln:cyklZyciaOd><sln:gmIIPId>507c5140-1fee-422d-80f6-f21d49284517</sln:gmIIPId><sln:gmIIPPn>PL.PZGIK.200</sln:gmIIPPn><sln:gmIIPWersja>2012-09-26T22:17:19+02:00</sln:gmIIPWersja><sln:gmIdTeryt>2012012</sln:gmIdTeryt><sln:gmNazwa>Bakałarzewo</sln:gmNazwa><sln:miejscIIPId>68b1fc62-74f7-4145-a916-62d44396f673</sln:miejscIIPId><sln:miejscIIPPn>PL.PZGIK.200</sln:miejscIIPPn><sln:miejscIIPWersja>2016-11-24T12:24:24+02:00</sln:miejscIIPWersja><sln:miejscIdTeryt>0753320</sln:miejscIdTeryt><sln:miejscNazwa>Malinówka</sln:miejscNazwa><sln:miejscRodzaj>Wieś</sln:miejscRodzaj><sln:powIIPId>ca2d03cb-0fdf-4583-92a3-bc7308f4508f</sln:powIIPId><sln:powIIPPn>PL.PZGIK.200</sln:powIIPPn><sln:powIIPWersja>2012-09-27T09:26:09+02:00</sln:powIIPWersja><sln:powIdTeryt>2012</sln:powIdTeryt><sln:powNazwa>suwalski</sln:powNazwa><sln:waznyOd>2015-02-17T00:00:00+01:00</sln:waznyOd><sln:wojIIPId>53ad7aea-d9d3-40c9-9a5c-ff737d5b076e</sln:wojIIPId><sln:wojIIPPn>PL.PZGIK.200</sln:wojIIPPn><sln:wojIIPWersja>2017-10-10T00:00:00+02:00</sln:wojIIPWersja><sln:wojIdTeryt>20</sln:wojIdTeryt><sln:wojNazwa>podlaskie</sln:wojNazwa></sln:miejscowosc><sln:miejscowosc><sln:cyklZyciaDo>2017-04-21T00:00:00+02:00</sln:cyklZyciaDo><sln:cyklZyciaOd>2015-11-18T00:00:00+01:00</sln:cyklZyciaOd><sln:gmIIPId>507c5140-1fee-422d-80f6-f21d49284517</sln:gmIIPId><sln:gmIIPPn>PL.PZGIK.200</sln:gmIIPPn><sln:gmIIPWersja>2012-09-26T22:17:19+02:00</sln:gmIIPWersja><sln:gmIdTeryt>2012012</sln:gmIdTeryt><sln:gmNazwa>Bakałarzewo</sln:gmNazwa><sln:miejscIIPId>d01ca143-d0b3-40d0-80b3-4f55b6b7a7f4</sln:miejscIIPId><sln:miejscIIPPn>PL.PZGIK.200</sln:miejscIIPPn><sln:miejscIIPWersja>2016-11-24T12:24:24+02:00</sln:miejscIIPWersja><sln:miejscIdTeryt>0753337</sln:miejscIdTeryt><sln:miejscNazwa>Maryna</sln:miejscNazwa><sln:miejscRodzaj>Wieś</sln:miejscRodzaj><sln:powIIPId>ca2d03cb-0fdf-4583-92a3-bc7308f4508f</sln:powIIPId><sln:powIIPPn>PL.PZGIK.200</sln:powIIPPn><sln:powIIPWersja>2012-09-27T09:26:09+02:00</sln:powIIPWersja><sln:powIdTeryt>2012</sln:powIdTeryt><sln:powNazwa>suwalski</sln:powNazwa><sln:waznyOd>2015-02-17T00:00:00+01:00</sln:waznyOd><sln:wojIIPId>53ad7aea-d9d3-40c9-9a5c-ff737d5b076e</sln:wojIIPId><sln:wojIIPPn>PL.PZGIK.200</sln:wojIIPPn><sln:wojIIPWersja>2017-10-10T00:00:00+02:00</sln:wojIIPWersja><sln:wojIdTeryt>20</sln:wojIdTeryt><sln:wojNazwa>podlaskie</sln:wojNazwa></sln:miejscowosc><sln:miejscowosc><sln:cyklZyciaDo>2017-04-21T00:00:00+02:00</sln:cyklZyciaDo><sln:cyklZyciaOd>2015-11-18T00:00:00+01:00</sln:cyklZyciaOd><sln:gmIIPId>507c5140-1fee-422d-80f6-f21d49284517</sln:gmIIPId><sln:gmIIPPn>PL.PZGIK.200</sln:gmIIPPn><sln:gmIIPWersja>2012-09-26T22:17:19+02:00</sln:gmIIPWersja><sln:gmIdTeryt>2012012</sln:gmIdTeryt><sln:gmNazwa>Bakałarzewo</sln:gmNazwa><sln:miejscIIPId>efd5fff5-e611-4ea8-b14a-0da5b71a4796</sln:miejscIIPId><sln:miejscIIPPn>PL.PZGIK.200</sln:miejscIIPPn><sln:miejscIIPWersja>2016-11-24T12:24:24+02:00</sln:miejscIIPWersja><sln:miejscIdTeryt>0753343</sln:miejscIdTeryt><sln:miejscNazwa>Matłak</sln:miejscNazwa><sln:miejscRodzaj>Wieś</sln:miejscRodzaj><sln:powIIPId>ca2d03cb-0fdf-4583-92a3-bc7308f4508f</sln:powIIPId><sln:powIIPPn>PL.PZGIK.200</sln:powIIPPn><sln:powIIPWersja>2012-09-27T09:26:09+02:00</sln:powIIPWersja><sln:powIdTeryt>2012</sln:powIdTeryt><sln:powNazwa>suwalski</sln:powNazwa><sln:waznyOd>2015-02-17T00:00:00+01:00</sln:waznyOd><sln:wojIIPId>53ad7aea-d9d3-40c9-9a5c-ff737d5b076e</sln:wojIIPId><sln:wojIIPPn>PL.PZGIK.200</sln:wojIIPPn><sln:wojIIPWersja>2017-10-10T00:00:00+02:00</sln:wojIIPWersja><sln:wojIdTeryt>20</sln:wojIdTeryt><sln:wojNazwa>podlaskie</sln:wojNazwa></sln:miejscowosc><sln:miejscowosc><sln:cyklZyciaDo>2017-04-21T00:00:00+02:00</sln:cyklZyciaDo><sln:cyklZyciaOd>2015-11-18T00:00:00+01:00</sln:cyklZyciaOd><sln:gmIIPId>507c5140-1fee-422d-80f6-f21d49284517</sln:gmIIPId><sln:gmIIPPn>PL.PZGIK.200</sln:gmIIPPn><sln:gmIIPWersja>2012-09-26T22:17:19+02:00</sln:gmIIPWersja><sln:gmIdTeryt>2012012</sln:gmIdTeryt><sln:gmNazwa>Bakałarzewo</sln:gmNazwa><sln:miejscIIPId>c533c6c5-64db-4dfb-8935-ffa19001d576</sln:miejscIIPId><sln:miejscIIPPn>PL.PZGIK.200</sln:miejscIIPPn><sln:miejscIIPWersja>2016-11-24T12:24:24+02:00</sln:miejscIIPWersja><sln:miejscIdTeryt>0753350</sln:miejscIdTeryt><sln:miejscNazwa>Nieszki</sln:miejscNazwa><sln:miejscRodzaj>Wieś</sln:miejscRodzaj><sln:powIIPId>ca2d03cb-0fdf-4583-92a3-bc7308f4508f</sln:powIIPId><sln:powIIPPn>PL.PZGIK.200</sln:powIIPPn><sln:powIIPWersja>2012-09-27T09:26:09+02:00</sln:powIIPWersja><sln:powIdTeryt>2012</sln:powIdTeryt><sln:powNazwa>suwalski</sln:powNazwa><sln:waznyOd>2015-02-17T00:00:00+01:00</sln:waznyOd><sln:wojIIPId>53ad7aea-d9d3-40c9-9a5c-ff737d5b076e</sln:wojIIPId><sln:wojIIPPn>PL.PZGIK.200</sln:wojIIPPn><sln:wojIIPWersja>2017-10-10T00:00:00+02:00</sln:wojIIPWersja><sln:wojIdTeryt>20</sln:wojIdTeryt><sln:wojNazwa>podlaskie</sln:wojNazwa></sln:miejscowosc><sln:miejscowosc><sln:cyklZyciaDo>2017-04-21T00:00:00+02:00</sln:cyklZyciaDo><sln:cyklZyciaOd>2015-11-18T00:00:00+01:00</sln:cyklZyciaOd><sln:gmIIPId>507c5140-1fee-422d-80f6-f21d49284517</sln:gmIIPId><sln:gmIIPPn>PL.PZGIK.200</sln:gmIIPPn><sln:gmIIPWersja>2012-09-26T22:17:19+02:00</sln:gmIIPWersja><sln:gmIdTeryt>2012012</sln:gmIdTeryt><sln:gmNazwa>Bakałarzewo</sln:gmNazwa><sln:miejscIIPId>f3c9942e-3366-4171-b858-ab0927c7cc4f</sln:miejscIIPId><sln:miejscIIPPn>PL.PZGIK.200</sln:miejscIIPPn><sln:miejscIIPWersja>2016-11-24T12:24:24+02:00</sln:miejscIIPWersja><sln:miejscIdTeryt>0753372</sln:miejscIdTeryt><sln:miejscNazwa>Nowa Kamionka</sln:miejscNazwa><sln:miejscRodzaj>Wieś</sln:miejscRodzaj><sln:powIIPId>ca2d03cb-0fdf-4583-92a3-bc7308f4508f</sln:powIIPId><sln:powIIPPn>PL.PZGIK.200</sln:powIIPPn><sln:powIIPWersja>2012-09-27T09:26:09+02:00</sln:powIIPWersja><sln:powIdTeryt>2012</sln:powIdTeryt><sln:powNazwa>suwalski</sln:powNazwa><sln:waznyOd>2015-02-17T00:00:00+01:00</sln:waznyOd><sln:wojIIPId>53ad7aea-d9d3-40c9-9a5c-ff737d5b076e</sln:wojIIPId><sln:wojIIPPn>PL.PZGIK.200</sln:wojIIPPn><sln:wojIIPWersja>2017-10-10T00:00:00+02:00</sln:wojIIPWersja><sln:wojIdTeryt>20</sln:wojIdTeryt><sln:wojNazwa>podlaskie</sln:wojNazwa></sln:miejscowosc><sln:miejscowosc><sln:cyklZyciaDo>2017-04-21T00:00:00+02:00</sln:cyklZyciaDo><sln:cyklZyciaOd>2015-11-18T00:00:00+01:00</sln:cyklZyciaOd><sln:gmIIPId>507c5140-1fee-422d-80f6-f21d49284517</sln:gmIIPId><sln:gmIIPPn>PL.PZGIK.200</sln:gmIIPPn><sln:gmIIPWersja>2012-09-26T22:17:19+02:00</sln:gmIIPWersja><sln:gmIdTeryt>2012012</sln:gmIdTeryt><sln:gmNazwa>Bakałarzewo</sln:gmNazwa><sln:miejscIIPId>8182c97e-aa8e-42ee-af70-46639fa23f5b</sln:miejscIIPId><sln:miejscIIPPn>PL.PZGIK.200</sln:miejscIIPPn><sln:miejscIIPWersja>2016-11-24T12:24:24+02:00</sln:miejscIIPWersja><sln:miejscIdTeryt>0753389</sln:miejscIdTeryt><sln:miejscNazwa>Nowa Wieś</sln:miejscNazwa><sln:miejscRodzaj>Wieś</sln:miejscRodzaj><sln:powIIPId>ca2d03cb-0fdf-4583-92a3-bc7308f4508f</sln:powIIPId><sln:powIIPPn>PL.PZGIK.200</sln:powIIPPn><sln:powIIPWersja>2012-09-27T09:26:09+02:00</sln:powIIPWersja><sln:powIdTeryt>2012</sln:powIdTeryt><sln:powNazwa>suwalski</sln:powNazwa><sln:waznyOd>2015-02-17T00:00:00+01:00</sln:waznyOd><sln:wojIIPId>53ad7aea-d9d3-40c9-9a5c-ff737d5b076e</sln:wojIIPId><sln:wojIIPPn>PL.PZGIK.200</sln:wojIIPPn><sln:wojIIPWersja>2017-10-10T00:00:00+02:00</sln:wojIIPWersja><sln:wojIdTeryt>20</sln:wojIdTeryt><sln:wojNazwa>podlaskie</sln:wojNazwa></sln:miejscowosc><sln:miejscowosc><sln:cyklZyciaDo>2017-04-21T00:00:00+02:00</sln:cyklZyciaDo><sln:cyklZyciaOd>2015-11-18T00:00:00+01:00</sln:cyklZyciaOd><sln:gmIIPId>507c5140-1fee-422d-80f6-f21d49284517</sln:gmIIPId><sln:gmIIPPn>PL.PZGIK.200</sln:gmIIPPn><sln:gmIIPWersja>2012-09-26T22:17:19+02:00</sln:gmIIPWersja><sln:gmIdTeryt>2012012</sln:gmIdTeryt><sln:gmNazwa>Bakałarzewo</sln:gmNazwa><sln:miejscIIPId>b30139fa-b54d-4345-aa0c-a379689f51b8</sln:miejscIIPId><sln:miejscIIPPn>PL.PZGIK.200</sln:miejscIIPPn><sln:miejscIIPWersja>2016-11-24T12:24:24+02:00</sln:miejscIIPWersja><sln:miejscIdTeryt>0753366</sln:miejscIdTeryt><sln:miejscNazwa>Nowy Dwór</sln:miejscNazwa><sln:miejscRodzaj>Inny obiekt</sln:miejscRodzaj><sln:powIIPId>ca2d03cb-0fdf-4583-92a3-bc7308f4508f</sln:powIIPId><sln:powIIPPn>PL.PZGIK.200</sln:powIIPPn><sln:powIIPWersja>2012-09-27T09:26:09+02:00</sln:powIIPWersja><sln:powIdTeryt>2012</sln:powIdTeryt><sln:powNazwa>suwalski</sln:powNazwa><sln:waznyOd>2015-02-17T00:00:00+01:00</sln:waznyOd><sln:wojIIPId>53ad7aea-d9d3-40c9-9a5c-ff737d5b076e</sln:wojIIPId><sln:wojIIPPn>PL.PZGIK.200</sln:wojIIPPn><sln:wojIIPWersja>2017-10-10T00:00:00+02:00</sln:wojIIPWersja><sln:wojIdTeryt>20</sln:wojIdTeryt><sln:wojNazwa>podlaskie</sln:wojNazwa></sln:miejscowosc><sln:miejscowosc><sln:cyklZyciaDo>2017-04-21T00:00:00+02:00</sln:cyklZyciaDo><sln:cyklZyciaOd>2015-11-18T00:00:00+01:00</sln:cyklZyciaOd><sln:gmIIPId>507c5140-1fee-422d-80f6-f21d49284517</sln:gmIIPId><sln:gmIIPPn>PL.PZGIK.200</sln:gmIIPPn><sln:gmIIPWersja>2012-09-26T22:17:19+02:00</sln:gmIIPWersja><sln:gmIdTeryt>2012012</sln:gmIdTeryt><sln:gmNazwa>Bakałarzewo</sln:gmNazwa><sln:miejscIIPId>a1a95727-1b44-4b5b-a21c-b5f0b542fd91</sln:miejscIIPId><sln:miejscIIPPn>PL.PZGIK.200</sln:miejscIIPPn><sln:miejscIIPWersja>2016-11-24T12:24:24+02:00</sln:miejscIIPWersja><sln:miejscIdTeryt>0753395</sln:miejscIdTeryt><sln:miejscNazwa>Nowy Skazdub</sln:miejscNazwa><sln:miejscRodzaj>Wieś</sln:miejscRodzaj><sln:powIIPId>ca2d03cb-0fdf-4583-92a3-bc7308f4508f</sln:powIIPId><sln:powIIPPn>PL.PZGIK.200</sln:powIIPPn><sln:powIIPWersja>2012-09-27T09:26:09+02:00</sln:powIIPWersja><sln:powIdTeryt>2012</sln:powIdTeryt><sln:powNazwa>suwalski</sln:powNazwa><sln:waznyOd>2015-02-17T00:00:00+01:00</sln:waznyOd><sln:wojIIPId>53ad7aea-d9d3-40c9-9a5c-ff737d5b076e</sln:wojIIPId><sln:wojIIPPn>PL.PZGIK.200</sln:wojIIPPn><sln:wojIIPWersja>2017-10-10T00:00:00+02:00</sln:wojIIPWersja><sln:wojIdTeryt>20</sln:wojIdTeryt><sln:wojNazwa>podlaskie</sln:wojNazwa></sln:miejscowosc><sln:miejscowosc><sln:cyklZyciaDo>2017-04-21T00:00:00+02:00</sln:cyklZyciaDo><sln:cyklZyciaOd>2015-11-18T00:00:00+01:00</sln:cyklZyciaOd><sln:gmIIPId>507c5140-1fee-422d-80f6-f21d49284517</sln:gmIIPId><sln:gmIIPPn>PL.PZGIK.200</sln:gmIIPPn><sln:gmIIPWersja>2012-09-26T22:17:19+02:00</sln:gmIIPWersja><sln:gmIdTeryt>2012012</sln:gmIdTeryt><sln:gmNazwa>Bakałarzewo</sln:gmNazwa><sln:miejscIIPId>e12fb5d9-3b90-4886-a1e8-3862c9500974</sln:miejscIIPId><sln:miejscIIPPn>PL.PZGIK.200</sln:miejscIIPPn><sln:miejscIIPWersja>2016-11-24T12:24:24+02:00</sln:miejscIIPWersja><sln:miejscIdTeryt>0753403</sln:miejscIdTeryt><sln:miejscNazwa>Orłowo</sln:miejscNazwa><sln:miejscRodzaj>Wieś</sln:miejscRodzaj><sln:powIIPId>ca2d03cb-0fdf-4583-92a3-bc7308f4508f</sln:powIIPId><sln:powIIPPn>PL.PZGIK.200</sln:powIIPPn><sln:powIIPWersja>2012-09-27T09:26:09+02:00</sln:powIIPWersja><sln:powIdTeryt>2012</sln:powIdTeryt><sln:powNazwa>suwalski</sln:powNazwa><sln:waznyOd>2015-02-17T00:00:00+01:00</sln:waznyOd><sln:wojIIPId>53ad7aea-d9d3-40c9-9a5c-ff737d5b076e</sln:wojIIPId><sln:wojIIPPn>PL.PZGIK.200</sln:wojIIPPn><sln:wojIIPWersja>2017-10-10T00:00:00+02:00</sln:wojIIPWersja><sln:wojIdTeryt>20</sln:wojIdTeryt><sln:wojNazwa>podlaskie</sln:wojNazwa></sln:miejscowosc><sln:miejscowosc><sln:cyklZyciaDo>2017-04-21T00:00:00+02:00</sln:cyklZyciaDo><sln:cyklZyciaOd>2015-11-18T00:00:00+01:00</sln:cyklZyciaOd><sln:gmIIPId>507c5140-1fee-422d-80f6-f21d49284517</sln:gmIIPId><sln:gmIIPPn>PL.PZGIK.200</sln:gmIIPPn><sln:gmIIPWersja>2012-09-26T22:17:19+02:00</sln:gmIIPWersja><sln:gmIdTeryt>2012012</sln:gmIdTeryt><sln:gmNazwa>Bakałarzewo</sln:gmNazwa><sln:miejscIIPId>7dd4cf32-51be-4ca0-a739-c5cb19a955b9</sln:miejscIIPId><sln:miejscIIPPn>PL.PZGIK.200</sln:miejscIIPPn><sln:miejscIIPWersja>2016-11-24T12:24:24+02:00</sln:miejscIIPWersja><sln:miejscIdTeryt>0753410</sln:miejscIdTeryt><sln:miejscNazwa>Płociczno</sln:miejscNazwa><sln:miejscRodzaj>Wieś</sln:miejscRodzaj><sln:powIIPId>ca2d03cb-0fdf-4583-92a3-bc7308f4508f</sln:powIIPId><sln:powIIPPn>PL.PZGIK.200</sln:powIIPPn><sln:powIIPWersja>2012-09-27T09:26:09+02:00</sln:powIIPWersja><sln:powIdTeryt>2012</sln:powIdTeryt><sln:powNazwa>suwalski</sln:powNazwa><sln:waznyOd>2015-02-17T00:00:00+01:00</sln:waznyOd><sln:wojIIPId>53ad7aea-d9d3-40c9-9a5c-ff737d5b076e</sln:wojIIPId><sln:wojIIPPn>PL.PZGIK.200</sln:wojIIPPn><sln:wojIIPWersja>2017-10-10T00:00:00+02:00</sln:wojIIPWersja><sln:wojIdTeryt>20</sln:wojIdTeryt><sln:wojNazwa>podlaskie</sln:wojNazwa></sln:miejscowosc><sln:miejscowosc><sln:cyklZyciaDo>2017-04-21T00:00:00+02:00</sln:cyklZyciaDo><sln:cyklZyciaOd>2015-11-18T00:00:00+01:00</sln:cyklZyciaOd><sln:gmIIPId>507c5140-1fee-422d-80f6-f21d49284517</sln:gmIIPId><sln:gmIIPPn>PL.PZGIK.200</sln:gmIIPPn><sln:gmIIPWersja>2012-09-26T22:17:19+02:00</sln:gmIIPWersja><sln:gmIdTeryt>2012012</sln:gmIdTeryt><sln:gmNazwa>Bakałarzewo</sln:gmNazwa><sln:miejscIIPId>e5596878-4515-4f7d-9a1e-4946a880fd07</sln:miejscIIPId><sln:miejscIIPPn>PL.PZGIK.200</sln:miejscIIPPn><sln:miejscIIPWersja>2016-11-24T12:24:24+02:00</sln:miejscIIPWersja><sln:miejscIdTeryt>0753260</sln:miejscIdTeryt><sln:miejscNazwa>Podgórze</sln:miejscNazwa><sln:miejscRodzaj>Osada</sln:miejscRodzaj><sln:powIIPId>ca2d03cb-0fdf-4583-92a3-bc7308f4508f</sln:powIIPId><sln:powIIPPn>PL.PZGIK.200</sln:powIIPPn><sln:powIIPWersja>2012-09-27T09:26:09+02:00</sln:powIIPWersja><sln:powIdTeryt>2012</sln:powIdTeryt><sln:powNazwa>suwalski</sln:powNazwa><sln:waznyOd>2015-02-17T00:00:00+01:00</sln:waznyOd><sln:wojIIPId>53ad7aea-d9d3-40c9-9a5c-ff737d5b076e</sln:wojIIPId><sln:wojIIPPn>PL.PZGIK.200</sln:wojIIPPn><sln:wojIIPWersja>2017-10-10T00:00:00+02:00</sln:wojIIPWersja><sln:wojIdTeryt>20</sln:wojIdTeryt><sln:wojNazwa>podlaskie</sln:wojNazwa></sln:miejscowosc><sln:miejscowosc><sln:cyklZyciaDo>2017-04-21T00:00:00+02:00</sln:cyklZyciaDo><sln:cyklZyciaOd>2015-11-18T00:00:00+01:00</sln:cyklZyciaOd><sln:gmIIPId>507c5140-1fee-422d-80f6-f21d49284517</sln:gmIIPId><sln:gmIIPPn>PL.PZGIK.200</sln:gmIIPPn><sln:gmIIPWersja>2012-09-26T22:17:19+02:00</sln:gmIIPWersja><sln:gmIdTeryt>2012012</sln:gmIdTeryt><sln:gmNazwa>Bakałarzewo</sln:gmNazwa><sln:miejscIIPId>a2160c88-943d-40a1-85e8-d03773a3e078</sln:miejscIIPId><sln:miejscIIPPn>PL.PZGIK.200</sln:miejscIIPPn><sln:miejscIIPWersja>2016-11-24T12:24:24+02:00</sln:miejscIIPWersja><sln:miejscIdTeryt>0753426</sln:miejscIdTeryt><sln:miejscNazwa>Podwólczanka</sln:miejscNazwa><sln:miejscRodzaj>Wieś</sln:miejscRodzaj><sln:powIIPId>ca2d03cb-0fdf-4583-92a3-bc7308f4508f</sln:powIIPId><sln:powIIPPn>PL.PZGIK.200</sln:powIIPPn><sln:powIIPWersja>2012-09-27T09:26:09+02:00</sln:powIIPWersja><sln:powIdTeryt>2012</sln:powIdTeryt><sln:powNazwa>suwalski</sln:powNazwa><sln:waznyOd>2015-02-17T00:00:00+01:00</sln:waznyOd><sln:wojIIPId>53ad7aea-d9d3-40c9-9a5c-ff737d5b076e</sln:wojIIPId><sln:wojIIPPn>PL.PZGIK.200</sln:wojIIPPn><sln:wojIIPWersja>2017-10-10T00:00:00+02:00</sln:wojIIPWersja><sln:wojIdTeryt>20</sln:wojIdTeryt><sln:wojNazwa>podlaskie</sln:wojNazwa></sln:miejscowosc><sln:miejscowosc><sln:cyklZyciaDo>2017-04-21T00:00:00+02:00</sln:cyklZyciaDo><sln:cyklZyciaOd>2015-11-18T00:00:00+01:00</sln:cyklZyciaOd><sln:gmIIPId>507c5140-1fee-422d-80f6-f21d49284517</sln:gmIIPId><sln:gmIIPPn>PL.PZGIK.200</sln:gmIIPPn><sln:gmIIPWersja>2012-09-26T22:17:19+02:00</sln:gmIIPWersja><sln:gmIdTeryt>2012012</sln:gmIdTeryt><sln:gmNazwa>Bakałarzewo</sln:gmNazwa><sln:miejscIIPId>580b0511-5c3c-433e-9d94-af1fbd484623</sln:miejscIIPId><sln:miejscIIPPn>PL.PZGIK.200</sln:miejscIIPPn><sln:miejscIIPWersja>2016-11-24T12:24:24+02:00</sln:miejscIIPWersja><sln:miejscIdTeryt>0753432</sln:miejscIdTeryt><sln:miejscNazwa>Sadłowina</sln:miejscNazwa><sln:miejscRodzaj>Wieś</sln:miejscRodzaj><sln:powIIPId>ca2d03cb-0fdf-4583-92a3-bc7308f4508f</sln:powIIPId><sln:powIIPPn>PL.PZGIK.200</sln:powIIPPn><sln:powIIPWersja>2012-09-27T09:26:09+02:00</sln:powIIPWersja><sln:powIdTeryt>2012</sln:powIdTeryt><sln:powNazwa>suwalski</sln:powNazwa><sln:waznyOd>2015-02-17T00:00:00+01:00</sln:waznyOd><sln:wojIIPId>53ad7aea-d9d3-40c9-9a5c-ff737d5b076e</sln:wojIIPId><sln:wojIIPPn>PL.PZGIK.200</sln:wojIIPPn><sln:wojIIPWersja>2017-10-10T00:00:00+02:00</sln:wojIIPWersja><sln:wojIdTeryt>20</sln:wojIdTeryt><sln:wojNazwa>podlaskie</sln:wojNazwa></sln:miejscowosc><sln:miejscowosc><sln:cyklZyciaDo>2017-04-21T00:00:00+02:00</sln:cyklZyciaDo><sln:cyklZyciaOd>2015-11-18T00:00:00+01:00</sln:cyklZyciaOd><sln:gmIIPId>507c5140-1fee-422d-80f6-f21d49284517</sln:gmIIPId><sln:gmIIPPn>PL.PZGIK.200</sln:gmIIPPn><sln:gmIIPWersja>2012-09-26T22:17:19+02:00</sln:gmIIPWersja><sln:gmIdTeryt>2012012</sln:gmIdTeryt><sln:gmNazwa>Bakałarzewo</sln:gmNazwa><sln:miejscIIPId>b8447b2b-4884-42ce-8f5c-85622d7580f6</sln:miejscIIPId><sln:miejscIIPPn>PL.PZGIK.200</sln:miejscIIPPn><sln:miejscIIPWersja>2016-11-24T12:24:24+02:00</sln:miejscIIPWersja><sln:miejscIdTeryt>0753449</sln:miejscIdTeryt><sln:miejscNazwa>Słupie</sln:miejscNazwa><sln:miejscRodzaj>Wieś</sln:miejscRodzaj><sln:powIIPId>ca2d03cb-0fdf-4583-92a3-bc7308f4508f</sln:powIIPId><sln:powIIPPn>PL.PZGIK.200</sln:powIIPPn><sln:powIIPWersja>2012-09-27T09:26:09+02:00</sln:powIIPWersja><sln:powIdTeryt>2012</sln:powIdTeryt><sln:powNazwa>suwalski</sln:powNazwa><sln:waznyOd>2015-02-17T00:00:00+01:00</sln:waznyOd><sln:wojIIPId>53ad7aea-d9d3-40c9-9a5c-ff737d5b076e</sln:wojIIPId><sln:wojIIPPn>PL.PZGIK.200</sln:wojIIPPn><sln:wojIIPWersja>2017-10-10T00:00:00+02:00</sln:wojIIPWersja><sln:wojIdTeryt>20</sln:wojIdTeryt><sln:wojNazwa>podlaskie</sln:wojNazwa></sln:miejscowosc><sln:miejscowosc><sln:cyklZyciaDo>2017-04-21T00:00:00+02:00</sln:cyklZyciaDo><sln:cyklZyciaOd>2015-11-18T00:00:00+01:00</sln:cyklZyciaOd><sln:gmIIPId>507c5140-1fee-422d-80f6-f21d49284517</sln:gmIIPId><sln:gmIIPPn>PL.PZGIK.200</sln:gmIIPPn><sln:gmIIPWersja>2012-09-26T22:17:19+02:00</sln:gmIIPWersja><sln:gmIdTeryt>2012012</sln:gmIdTeryt><sln:gmNazwa>Bakałarzewo</sln:gmNazwa><sln:miejscIIPId>346ec232-a86f-4a92-8cb4-ad7c95390d15</sln:miejscIIPId><sln:miejscIIPPn>PL.PZGIK.200</sln:miejscIIPPn><sln:miejscIIPWersja>2016-11-24T12:24:24+02:00</sln:miejscIIPWersja><sln:miejscIdTeryt>0753461</sln:miejscIdTeryt><sln:miejscNazwa>Stara Chmielówka</sln:miejscNazwa><sln:miejscRodzaj>Wieś</sln:miejscRodzaj><sln:powIIPId>ca2d03cb-0fdf-4583-92a3-bc7308f4508f</sln:powIIPId><sln:powIIPPn>PL.PZGIK.200</sln:powIIPPn><sln:powIIPWersja>2012-09-27T09:26:09+02:00</sln:powIIPWersja><sln:powIdTeryt>2012</sln:powIdTeryt><sln:powNazwa>suwalski</sln:powNazwa><sln:waznyOd>2015-02-17T00:00:00+01:00</sln:waznyOd><sln:wojIIPId>53ad7aea-d9d3-40c9-9a5c-ff737d5b076e</sln:wojIIPId><sln:wojIIPPn>PL.PZGIK.200</sln:wojIIPPn><sln:wojIIPWersja>2017-10-10T00:00:00+02:00</sln:wojIIPWersja><sln:wojIdTeryt>20</sln:wojIdTeryt><sln:wojNazwa>podlaskie</sln:wojNazwa></sln:miejscowosc><sln:miejscowosc><sln:cyklZyciaDo>2017-04-21T00:00:00+02:00</sln:cyklZyciaDo><sln:cyklZyciaOd>2015-11-18T00:00:00+01:00</sln:cyklZyciaOd><sln:gmIIPId>507c5140-1fee-422d-80f6-f21d49284517</sln:gmIIPId><sln:gmIIPPn>PL.PZGIK.200</sln:gmIIPPn><sln:gmIIPWersja>2012-09-26T22:17:19+02:00</sln:gmIIPWersja><sln:gmIdTeryt>2012012</sln:gmIdTeryt><sln:gmNazwa>Bakałarzewo</sln:gmNazwa><sln:miejscIIPId>6c053d67-e0af-4be1-826e-52a4bee9afaf</sln:miejscIIPId><sln:miejscIIPPn>PL.PZGIK.200</sln:miejscIIPPn><sln:miejscIIPWersja>2016-11-24T12:24:24+02:00</sln:miejscIIPWersja><sln:miejscIdTeryt>0753478</sln:miejscIdTeryt><sln:miejscNazwa>Stara Kamionka</sln:miejscNazwa><sln:miejscRodzaj>Wieś</sln:miejscRodzaj><sln:powIIPId>ca2d03cb-0fdf-4583-92a3-bc7308f4508f</sln:powIIPId><sln:powIIPPn>PL.PZGIK.200</sln:powIIPPn><sln:powIIPWersja>2012-09-27T09:26:09+02:00</sln:powIIPWersja><sln:powIdTeryt>2012</sln:powIdTeryt><sln:powNazwa>suwalski</sln:powNazwa><sln:waznyOd>2015-02-17T00:00:00+01:00</sln:waznyOd><sln:wojIIPId>53ad7aea-d9d3-40c9-9a5c-ff737d5b076e</sln:wojIIPId><sln:wojIIPPn>PL.PZGIK.200</sln:wojIIPPn><sln:wojIIPWersja>2017-10-10T00:00:00+02:00</sln:wojIIPWersja><sln:wojIdTeryt>20</sln:wojIdTeryt><sln:wojNazwa>podlaskie</sln:wojNazwa></sln:miejscowosc><sln:miejscowosc><sln:cyklZyciaDo>2017-04-21T00:00:00+02:00</sln:cyklZyciaDo><sln:cyklZyciaOd>2015-11-18T00:00:00+01:00</sln:cyklZyciaOd><sln:gmIIPId>507c5140-1fee-422d-80f6-f21d49284517</sln:gmIIPId><sln:gmIIPPn>PL.PZGIK.200</sln:gmIIPPn><sln:gmIIPWersja>2012-09-26T22:17:19+02:00</sln:gmIIPWersja><sln:gmIdTeryt>2012012</sln:gmIdTeryt><sln:gmNazwa>Bakałarzewo</sln:gmNazwa><sln:miejscIIPId>cc4a8a42-d90d-4e66-a734-947c85b067c2</sln:miejscIIPId><sln:miejscIIPPn>PL.PZGIK.200</sln:miejscIIPPn><sln:miejscIIPWersja>2016-11-24T12:24:24+02:00</sln:miejscIIPWersja><sln:miejscIdTeryt>0753484</sln:miejscIdTeryt><sln:miejscNazwa>Stary Skazdub</sln:miejscNazwa><sln:miejscRodzaj>Wieś</sln:miejscRodzaj><sln:powIIPId>ca2d03cb-0fdf-4583-92a3-bc7308f4508f</sln:powIIPId><sln:powIIPPn>PL.PZGIK.200</sln:powIIPPn><sln:powIIPWersja>2012-09-27T09:26:09+02:00</sln:powIIPWersja><sln:powIdTeryt>2012</sln:powIdTeryt><sln:powNazwa>suwalski</sln:powNazwa><sln:waznyOd>2015-02-17T00:00:00+01:00</sln:waznyOd><sln:wojIIPId>53ad7aea-d9d3-40c9-9a5c-ff737d5b076e</sln:wojIIPId><sln:wojIIPPn>PL.PZGIK.200</sln:wojIIPPn><sln:wojIIPWersja>2017-10-10T00:00:00+02:00</sln:wojIIPWersja><sln:wojIdTeryt>20</sln:wojIdTeryt><sln:wojNazwa>podlaskie</sln:wojNazwa></sln:miejscowosc><sln:miejscowosc><sln:cyklZyciaDo>2017-04-21T00:00:00+02:00</sln:cyklZyciaDo><sln:cyklZyciaOd>2015-11-18T00:00:00+01:00</sln:cyklZyciaOd><sln:gmIIPId>507c5140-1fee-422d-80f6-f21d49284517</sln:gmIIPId><sln:gmIIPPn>PL.PZGIK.200</sln:gmIIPPn><sln:gmIIPWersja>2012-09-26T22:17:19+02:00</sln:gmIIPWersja><sln:gmIdTeryt>2012012</sln:gmIdTeryt><sln:gmNazwa>Bakałarzewo</sln:gmNazwa><sln:miejscIIPId>6663abdc-e54b-47ef-a138-0f8a17e89a69</sln:miejscIIPId><sln:miejscIIPPn>PL.PZGIK.200</sln:miejscIIPPn><sln:miejscIIPWersja>2016-11-24T12:24:24+02:00</sln:miejscIIPWersja><sln:miejscIdTeryt>0753490</sln:miejscIdTeryt><sln:miejscNazwa>Suchorzec</sln:miejscNazwa><sln:miejscRodzaj>Wieś</sln:miejscRodzaj><sln:powIIPId>ca2d03cb-0fdf-4583-92a3-bc7308f4508f</sln:powIIPId><sln:powIIPPn>PL.PZGIK.200</sln:powIIPPn><sln:powIIPWersja>2012-09-27T09:26:09+02:00</sln:powIIPWersja><sln:powIdTeryt>2012</sln:powIdTeryt><sln:powNazwa>suwalski</sln:powNazwa><sln:waznyOd>2015-02-17T00:00:00+01:00</sln:waznyOd><sln:wojIIPId>53ad7aea-d9d3-40c9-9a5c-ff737d5b076e</sln:wojIIPId><sln:wojIIPPn>PL.PZGIK.200</sln:wojIIPPn><sln:wojIIPWersja>2017-10-10T00:00:00+02:00</sln:wojIIPWersja><sln:wojIdTeryt>20</sln:wojIdTeryt><sln:wojNazwa>podlaskie</sln:wojNazwa></sln:miejscowosc><sln:miejscowosc><sln:cyklZyciaDo>2017-04-21T00:00:00+02:00</sln:cyklZyciaDo><sln:cyklZyciaOd>2015-11-18T00:00:00+01:00</sln:cyklZyciaOd><sln:gmIIPId>507c5140-1fee-422d-80f6-f21d49284517</sln:gmIIPId><sln:gmIIPPn>PL.PZGIK.200</sln:gmIIPPn><sln:gmIIPWersja>2012-09-26T22:17:19+02:00</sln:gmIIPWersja><sln:gmIdTeryt>2012012</sln:gmIdTeryt><sln:gmNazwa>Bakałarzewo</sln:gmNazwa><sln:miejscIIPId>3a1db911-a209-4422-b83c-a5c6eaf4adb8</sln:miejscIIPId><sln:miejscIIPPn>PL.PZGIK.200</sln:miejscIIPPn><sln:miejscIIPWersja>2016-11-24T12:24:24+02:00</sln:miejscIIPWersja><sln:miejscIdTeryt>0753509</sln:miejscIdTeryt><sln:miejscNazwa>Wólka</sln:miejscNazwa><sln:miejscRodzaj>Wieś</sln:miejscRodzaj><sln:powIIPId>ca2d03cb-0fdf-4583-92a3-bc7308f4508f</sln:powIIPId><sln:powIIPPn>PL.PZGIK.200</sln:powIIPPn><sln:powIIPWersja>2012-09-27T09:26:09+02:00</sln:powIIPWersja><sln:powIdTeryt>2012</sln:powIdTeryt><sln:powNazwa>suwalski</sln:powNazwa><sln:waznyOd>2015-02-17T00:00:00+01:00</sln:waznyOd><sln:wojIIPId>53ad7aea-d9d3-40c9-9a5c-ff737d5b076e</sln:wojIIPId><sln:wojIIPPn>PL.PZGIK.200</sln:wojIIPPn><sln:wojIIPWersja>2017-10-10T00:00:00+02:00</sln:wojIIPWersja><sln:wojIdTeryt>20</sln:wojIdTeryt><sln:wojNazwa>podlaskie</sln:wojNazwa></sln:miejscowosc><sln:miejscowosc><sln:cyklZyciaDo>2017-04-21T00:00:00+02:00</sln:cyklZyciaDo><sln:cyklZyciaOd>2015-11-18T00:00:00+01:00</sln:cyklZyciaOd><sln:gmIIPId>507c5140-1fee-422d-80f6-f21d49284517</sln:gmIIPId><sln:gmIIPPn>PL.PZGIK.200</sln:gmIIPPn><sln:gmIIPWersja>2012-09-26T22:17:19+02:00</sln:gmIIPWersja><sln:gmIdTeryt>2012012</sln:gmIdTeryt><sln:gmNazwa>Bakałarzewo</sln:gmNazwa><sln:miejscIIPId>0f69f940-cf15-4f3a-8a18-31dc586f5458</sln:miejscIIPId><sln:miejscIIPPn>PL.PZGIK.200</sln:miejscIIPPn><sln:miejscIIPWersja>2016-11-24T12:24:24+02:00</sln:miejscIIPWersja><sln:miejscIdTeryt>0753515</sln:miejscIdTeryt><sln:miejscNazwa>Wólka-Folwark</sln:miejscNazwa><sln:miejscRodzaj>Wieś</sln:miejscRodzaj><sln:powIIPId>ca2d03cb-0fdf-4583-92a3-bc7308f4508f</sln:powIIPId><sln:powIIPPn>PL.PZGIK.200</sln:powIIPPn><sln:powIIPWersja>2012-09-27T09:26:09+02:00</sln:powIIPWersja><sln:powIdTeryt>2012</sln:powIdTeryt><sln:powNazwa>suwalski</sln:powNazwa><sln:waznyOd>2015-02-17T00:00:00+01:00</sln:waznyOd><sln:wojIIPId>53ad7aea-d9d3-40c9-9a5c-ff737d5b076e</sln:wojIIPId><sln:wojIIPPn>PL.PZGIK.200</sln:wojIIPPn><sln:wojIIPWersja>2017-10-10T00:00:00+02:00</sln:wojIIPWersja><sln:wojIdTeryt>20</sln:wojIdTeryt><sln:wojNazwa>podlaskie</sln:wojNazwa></sln:miejscowosc><sln:miejscowosc><sln:cyklZyciaDo>2017-04-21T00:00:00+02:00</sln:cyklZyciaDo><sln:cyklZyciaOd>2015-11-18T00:00:00+01:00</sln:cyklZyciaOd><sln:gmIIPId>507c5140-1fee-422d-80f6-f21d49284517</sln:gmIIPId><sln:gmIIPPn>PL.PZGIK.200</sln:gmIIPPn><sln:gmIIPWersja>2012-09-26T22:17:19+02:00</sln:gmIIPWersja><sln:gmIdTeryt>2012012</sln:gmIdTeryt><sln:gmNazwa>Bakałarzewo</sln:gmNazwa><sln:miejscIIPId>13ffcd54-4837-466c-bd1b-78bd7cebfc56</sln:miejscIIPId><sln:miejscIIPPn>PL.PZGIK.200</sln:miejscIIPPn><sln:miejscIIPWersja>2016-11-24T12:24:24+02:00</sln:miejscIIPWersja><sln:miejscIdTeryt>0753521</sln:miejscIdTeryt><sln:miejscNazwa>Zajączkowo</sln:miejscNazwa><sln:miejscRodzaj>Wieś</sln:miejscRodzaj><sln:powIIPId>ca2d03cb-0fdf-4583-92a3-bc7308f4508f</sln:powIIPId><sln:powIIPPn>PL.PZGIK.200</sln:powIIPPn><sln:powIIPWersja>2012-09-27T09:26:09+02:00</sln:powIIPWersja><sln:powIdTeryt>2012</sln:powIdTeryt><sln:powNazwa>suwalski</sln:powNazwa><sln:waznyOd>2015-02-17T00:00:00+01:00</sln:waznyOd><sln:wojIIPId>53ad7aea-d9d3-40c9-9a5c-ff737d5b076e</sln:wojIIPId><sln:wojIIPPn>PL.PZGIK.200</sln:wojIIPPn><sln:wojIIPWersja>2017-10-10T00:00:00+02:00</sln:wojIIPWersja><sln:wojIdTeryt>20</sln:wojIdTeryt><sln:wojNazwa>podlaskie</sln:wojNazwa></sln:miejscowosc><sln:miejscowosc><sln:cyklZyciaDo>2017-04-21T00:00:00+02:00</sln:cyklZyciaDo><sln:cyklZyciaOd>2015-11-18T00:00:00+01:00</sln:cyklZyciaOd><sln:gmIIPId>507c5140-1fee-422d-80f6-f21d49284517</sln:gmIIPId><sln:gmIIPPn>PL.PZGIK.200</sln:gmIIPPn><sln:gmIIPWersja>2012-09-26T22:17:19+02:00</sln:gmIIPWersja><sln:gmIdTeryt>2012012</sln:gmIdTeryt><sln:gmNazwa>Bakałarzewo</sln:gmNazwa><sln:miejscIIPId>09d4c8f8-8061-4ded-970c-94d3998ce7b2</sln:miejscIIPId><sln:miejscIIPPn>PL.PZGIK.200</sln:miejscIIPPn><sln:miejscIIPWersja>2016-11-24T12:24:24+02:00</sln:miejscIIPWersja><sln:miejscIdTeryt>0753538</sln:miejscIdTeryt><sln:miejscNazwa>Zajączkowo-Folwark</sln:miejscNazwa><sln:miejscRodzaj>Wieś</sln:miejscRodzaj><sln:powIIPId>ca2d03cb-0fdf-4583-92a3-bc7308f4508f</sln:powIIPId><sln:powIIPPn>PL.PZGIK.200</sln:powIIPPn><sln:powIIPWersja>2012-09-27T09:26:09+02:00</sln:powIIPWersja><sln:powIdTeryt>2012</sln:powIdTeryt><sln:powNazwa>suwalski</sln:powNazwa><sln:waznyOd>2015-02-17T00:00:00+01:00</sln:waznyOd><sln:wojIIPId>53ad7aea-d9d3-40c9-9a5c-ff737d5b076e</sln:wojIIPId><sln:wojIIPPn>PL.PZGIK.200</sln:wojIIPPn><sln:wojIIPWersja>2017-10-10T00:00:00+02:00</sln:wojIIPWersja><sln:wojIdTeryt>20</sln:wojIdTeryt><sln:wojNazwa>podlaskie</sln:wojNazwa></sln:miejscowosc><sln:miejscowosc><sln:cyklZyciaDo>2017-04-21T00:00:00+02:00</sln:cyklZyciaDo><sln:cyklZyciaOd>2015-11-18T00:00:00+01:00</sln:cyklZyciaOd><sln:gmIIPId>507c5140-1fee-422d-80f6-f21d49284517</sln:gmIIPId><sln:gmIIPPn>PL.PZGIK.200</sln:gmIIPPn><sln:gmIIPWersja>2012-09-26T22:17:19+02:00</sln:gmIIPWersja><sln:gmIdTeryt>2012012</sln:gmIdTeryt><sln:gmNazwa>Bakałarzewo</sln:gmNazwa><sln:miejscIIPId>a1382155-1c26-46ca-b926-beb9e73293a7</sln:miejscIIPId><sln:miejscIIPPn>PL.PZGIK.200</sln:miejscIIPPn><sln:miejscIIPWersja>2016-11-24T12:24:24+02:00</sln:miejscIIPWersja><sln:miejscIdTeryt>0753544</sln:miejscIdTeryt><sln:miejscNazwa>Zdręby</sln:miejscNazwa><sln:miejscRodzaj>Wieś</sln:miejscRodzaj><sln:powIIPId>ca2d03cb-0fdf-4583-92a3-bc7308f4508f</sln:powIIPId><sln:powIIPPn>PL.PZGIK.200</sln:powIIPPn><sln:powIIPWersja>2012-09-27T09:26:09+02:00</sln:powIIPWersja><sln:powIdTeryt>2012</sln:powIdTeryt><sln:powNazwa>suwalski</sln:powNazwa><sln:waznyOd>2015-02-17T00:00:00+01:00</sln:waznyOd><sln:wojIIPId>53ad7aea-d9d3-40c9-9a5c-ff737d5b076e</sln:wojIIPId><sln:wojIIPPn>PL.PZGIK.200</sln:wojIIPPn><sln:wojIIPWersja>2017-10-10T00:00:00+02:00</sln:wojIIPWersja><sln:wojIdTeryt>20</sln:wojIdTeryt><sln:wojNazwa>podlaskie</sln:wojNazwa></sln:miejscowosc><sln:miejscowosc><sln:cyklZyciaDo>2017-04-21T00:00:00+02:00</sln:cyklZyciaDo><sln:cyklZyciaOd>2015-11-18T00:00:00+01:00</sln:cyklZyciaOd><sln:gmIIPId>507c5140-1fee-422d-80f6-f21d49284517</sln:gmIIPId><sln:gmIIPPn>PL.PZGIK.200</sln:gmIIPPn><sln:gmIIPWersja>2012-09-26T22:17:19+02:00</sln:gmIIPWersja><sln:gmIdTeryt>2012012</sln:gmIdTeryt><sln:gmNazwa>Bakałarzewo</sln:gmNazwa><sln:miejscIIPId>b6dde005-c86d-43ca-8c96-c4d0248dbffe</sln:miejscIIPId><sln:miejscIIPPn>PL.PZGIK.200</sln:miejscIIPPn><sln:miejscIIPWersja>2016-11-24T12:24:24+02:00</sln:miejscIIPWersja><sln:miejscIdTeryt>0753455</sln:miejscIdTeryt><sln:miejscNazwa>Sokołowo</sln:miejscNazwa><sln:miejscRodzaj>Wieś</sln:miejscRodzaj><sln:powIIPId>ca2d03cb-0fdf-4583-92a3-bc7308f4508f</sln:powIIPId><sln:powIIPPn>PL.PZGIK.200</sln:powIIPPn><sln:powIIPWersja>2012-09-27T09:26:09+02:00</sln:powIIPWersja><sln:powIdTeryt>2012</sln:powIdTeryt><sln:powNazwa>suwalski</sln:powNazwa><sln:waznyOd>2015-02-17T00:00:00+01:00</sln:waznyOd><sln:wojIIPId>53ad7aea-d9d3-40c9-9a5c-ff737d5b076e</sln:wojIIPId><sln:wojIIPPn>PL.PZGIK.200</sln:wojIIPPn><sln:wojIIPWersja>2017-10-10T00:00:00+02:00</sln:wojIIPWersja><sln:wojIdTeryt>20</sln:wojIdTeryt><sln:wojNazwa>podlaskie</sln:wojNazwa></sln:miejscowosc><sln:miejscowosc><sln:cyklZyciaOd>2017-04-21T00:00:00+02:00</sln:cyklZyciaOd><sln:gmIIPId>507c5140-1fee-422d-80f6-f21d49284517</sln:gmIIPId><sln:gmIIPPn>PL.PZGIK.200</sln:gmIIPPn><sln:gmIIPWersja>2012-09-26T22:17:19+02:00</sln:gmIIPWersja><sln:gmIdTeryt>2012012</sln:gmIdTeryt><sln:gmNazwa>Bakałarzewo</sln:gmNazwa><sln:miejscIIPId>e9ac3a21-3e6c-4aac-b3f2-3ee48bf90ae2</sln:miejscIIPId><sln:miejscIIPPn>PL.PZGIK.200</sln:miejscIIPPn><sln:miejscIIPWersja>2017-04-21T17:14:17+02:00</sln:miejscIIPWersja><sln:miejscIdTeryt>0753225</sln:miejscIdTeryt><sln:miejscNazwa>Aleksandrowo</sln:miejscNazwa><sln:miejscRodzaj>Wieś</sln:miejscRodzaj><sln:powIIPId>ca2d03cb-0fdf-4583-92a3-bc7308f4508f</sln:powIIPId><sln:powIIPPn>PL.PZGIK.200</sln:powIIPPn><sln:powIIPWersja>2012-09-27T09:26:09+02:00</sln:powIIPWersja><sln:powIdTeryt>2012</sln:powIdTeryt><sln:powNazwa>suwalski</sln:powNazwa><sln:waznyOd>2015-02-17T00:00:00+01:00</sln:waznyOd><sln:wojIIPId>53ad7aea-d9d3-40c9-9a5c-ff737d5b076e</sln:wojIIPId><sln:wojIIPPn>PL.PZGIK.200</sln:wojIIPPn><sln:wojIIPWersja>2017-10-10T00:00:00+02:00</sln:wojIIPWersja><sln:wojIdTeryt>20</sln:wojIdTeryt><sln:wojNazwa>podlaskie</sln:wojNazwa></sln:miejscowosc><sln:miejscowosc><sln:cyklZyciaOd>2017-04-21T00:00:00+02:00</sln:cyklZyciaOd><sln:gmIIPId>507c5140-1fee-422d-80f6-f21d49284517</sln:gmIIPId><sln:gmIIPPn>PL.PZGIK.200</sln:gmIIPPn><sln:gmIIPWersja>2012-09-26T22:17:19+02:00</sln:gmIIPWersja><sln:gmIdTeryt>2012012</sln:gmIdTeryt><sln:gmNazwa>Bakałarzewo</sln:gmNazwa><sln:miejscIIPId>dfc2cebd-74d2-46d3-ad85-b910116b177d</sln:miejscIIPId><sln:miejscIIPPn>PL.PZGIK.200</sln:miejscIIPPn><sln:miejscIIPWersja>2017-04-21T17:14:25+02:00</sln:miejscIIPWersja><sln:miejscIdTeryt>0753231</sln:miejscIdTeryt><sln:miejscNazwa>Bakałarzewo</sln:miejscNazwa><sln:miejscRodzaj>Wieś</sln:miejscRodzaj><sln:powIIPId>ca2d03cb-0fdf-4583-92a3-bc7308f4508f</sln:powIIPId><sln:powIIPPn>PL.PZGIK.200</sln:powIIPPn><sln:powIIPWersja>2012-09-27T09:26:09+02:00</sln:powIIPWersja><sln:powIdTeryt>2012</sln:powIdTeryt><sln:powNazwa>suwalski</sln:powNazwa><sln:waznyOd>2015-02-17T00:00:00+01:00</sln:waznyOd><sln:wojIIPId>53ad7aea-d9d3-40c9-9a5c-ff737d5b076e</sln:wojIIPId><sln:wojIIPPn>PL.PZGIK.200</sln:wojIIPPn><sln:wojIIPWersja>2017-10-10T00:00:00+02:00</sln:wojIIPWersja><sln:wojIdTeryt>20</sln:wojIdTeryt><sln:wojNazwa>podlaskie</sln:wojNazwa></sln:miejscowosc><sln:miejscowosc><sln:cyklZyciaOd>2017-04-21T00:00:00+02:00</sln:cyklZyciaOd><sln:gmIIPId>507c5140-1fee-422d-80f6-f21d49284517</sln:gmIIPId><sln:gmIIPPn>PL.PZGIK.200</sln:gmIIPPn><sln:gmIIPWersja>2012-09-26T22:17:19+02:00</sln:gmIIPWersja><sln:gmIdTeryt>2012012</sln:gmIdTeryt><sln:gmNazwa>Bakałarzewo</sln:gmNazwa><sln:miejscIIPId>eff828c1-a487-4231-96b8-4bcca07fe121</sln:miejscIIPId><sln:miejscIIPPn>PL.PZGIK.200</sln:miejscIIPPn><sln:miejscIIPWersja>2017-04-21T17:14:25+02:00</sln:miejscIIPWersja><sln:miejscIdTeryt>0753248</sln:miejscIdTeryt><sln:miejscNazwa>Gębalówka</sln:miejscNazwa><sln:miejscRodzaj>Wieś</sln:miejscRodzaj><sln:powIIPId>ca2d03cb-0fdf-4583-92a3-bc7308f4508f</sln:powIIPId><sln:powIIPPn>PL.PZGIK.200</sln:powIIPPn><sln:powIIPWersja>2012-09-27T09:26:09+02:00</sln:powIIPWersja><sln:powIdTeryt>2012</sln:powIdTeryt><sln:powNazwa>suwalski</sln:powNazwa><sln:waznyOd>2015-02-17T00:00:00+01:00</sln:waznyOd><sln:wojIIPId>53ad7aea-d9d3-40c9-9a5c-ff737d5b076e</sln:wojIIPId><sln:wojIIPPn>PL.PZGIK.200</sln:wojIIPPn><sln:wojIIPWersja>2017-10-10T00:00:00+02:00</sln:wojIIPWersja><sln:wojIdTeryt>20</sln:wojIdTeryt><sln:wojNazwa>podlaskie</sln:wojNazwa></sln:miejscowosc><sln:miejscowosc><sln:cyklZyciaOd>2017-04-21T00:00:00+02:00</sln:cyklZyciaOd><sln:gmIIPId>507c5140-1fee-422d-80f6-f21d49284517</sln:gmIIPId><sln:gmIIPPn>PL.PZGIK.200</sln:gmIIPPn><sln:gmIIPWersja>2012-09-26T22:17:19+02:00</sln:gmIIPWersja><sln:gmIdTeryt>2012012</sln:gmIdTeryt><sln:gmNazwa>Bakałarzewo</sln:gmNazwa><sln:miejscIIPId>890d378e-4920-41eb-a83b-602fabad5c74</sln:miejscIIPId><sln:miejscIIPPn>PL.PZGIK.200</sln:miejscIIPPn><sln:miejscIIPWersja>2017-04-21T17:14:25+02:00</sln:miejscIIPWersja><sln:miejscIdTeryt>0753254</sln:miejscIdTeryt><sln:miejscNazwa>Góra</sln:miejscNazwa><sln:miejscRodzaj>Wieś</sln:miejscRodzaj><sln:powIIPId>ca2d03cb-0fdf-4583-92a3-bc7308f4508f</sln:powIIPId><sln:powIIPPn>PL.PZGIK.200</sln:powIIPPn><sln:powIIPWersja>2012-09-27T09:26:09+02:00</sln:powIIPWersja><sln:powIdTeryt>2012</sln:powIdTeryt><sln:powNazwa>suwalski</sln:powNazwa><sln:waznyOd>2015-02-17T00:00:00+01:00</sln:waznyOd><sln:wojIIPId>53ad7aea-d9d3-40c9-9a5c-ff737d5b076e</sln:wojIIPId><sln:wojIIPPn>PL.PZGIK.200</sln:wojIIPPn><sln:wojIIPWersja>2017-10-10T00:00:00+02:00</sln:wojIIPWersja><sln:wojIdTeryt>20</sln:wojIdTeryt><sln:wojNazwa>podlaskie</sln:wojNazwa></sln:miejscowosc><sln:miejscowosc><sln:cyklZyciaOd>2017-04-21T00:00:00+02:00</sln:cyklZyciaOd><sln:gmIIPId>507c5140-1fee-422d-80f6-f21d49284517</sln:gmIIPId><sln:gmIIPPn>PL.PZGIK.200</sln:gmIIPPn><sln:gmIIPWersja>2012-09-26T22:17:19+02:00</sln:gmIIPWersja><sln:gmIdTeryt>2012012</sln:gmIdTeryt><sln:gmNazwa>Bakałarzewo</sln:gmNazwa><sln:miejscIIPId>e5596878-4515-4f7d-9a1e-4946a880fd07</sln:miejscIIPId><sln:miejscIIPPn>PL.PZGIK.200</sln:miejscIIPPn><sln:miejscIIPWersja>2017-04-21T17:14:25+02:00</sln:miejscIIPWersja><sln:miejscIdTeryt>0753260</sln:miejscIdTeryt><sln:miejscNazwa>Podgórze</sln:miejscNazwa><sln:miejscRodzaj>Osada</sln:miejscRodzaj><sln:powIIPId>ca2d03cb-0fdf-4583-92a3-bc7308f4508f</sln:powIIPId><sln:powIIPPn>PL.PZGIK.200</sln:powIIPPn><sln:powIIPWersja>2012-09-27T09:26:09+02:00</sln:powIIPWersja><sln:powIdTeryt>2012</sln:powIdTeryt><sln:powNazwa>suwalski</sln:powNazwa><sln:waznyOd>2015-02-17T00:00:00+01:00</sln:waznyOd><sln:wojIIPId>53ad7aea-d9d3-40c9-9a5c-ff737d5b076e</sln:wojIIPId><sln:wojIIPPn>PL.PZGIK.200</sln:wojIIPPn><sln:wojIIPWersja>2017-10-10T00:00:00+02:00</sln:wojIIPWersja><sln:wojIdTeryt>20</sln:wojIdTeryt><sln:wojNazwa>podlaskie</sln:wojNazwa></sln:miejscowosc><sln:miejscowosc><sln:cyklZyciaOd>2017-04-21T00:00:00+02:00</sln:cyklZyciaOd><sln:gmIIPId>507c5140-1fee-422d-80f6-f21d49284517</sln:gmIIPId><sln:gmIIPPn>PL.PZGIK.200</sln:gmIIPPn><sln:gmIIPWersja>2012-09-26T22:17:19+02:00</sln:gmIIPWersja><sln:gmIdTeryt>2012012</sln:gmIdTeryt><sln:gmNazwa>Bakałarzewo</sln:gmNazwa><sln:miejscIIPId>8376c35c-705e-46b7-96ac-1c2ba4491e84</sln:miejscIIPId><sln:miejscIIPPn>PL.PZGIK.200</sln:miejscIIPPn><sln:miejscIIPWersja>2017-04-21T17:14:25+02:00</sln:miejscIIPWersja><sln:miejscIdTeryt>0753277</sln:miejscIdTeryt><sln:miejscNazwa>Kamionka Poprzeczna</sln:miejscNazwa><sln:miejscRodzaj>Wieś</sln:miejscRodzaj><sln:powIIPId>ca2d03cb-0fdf-4583-92a3-bc7308f4508f</sln:powIIPId><sln:powIIPPn>PL.PZGIK.200</sln:powIIPPn><sln:powIIPWersja>2012-09-27T09:26:09+02:00</sln:powIIPWersja><sln:powIdTeryt>2012</sln:powIdTeryt><sln:powNazwa>suwalski</sln:powNazwa><sln:waznyOd>2015-02-17T00:00:00+01:00</sln:waznyOd><sln:wojIIPId>53ad7aea-d9d3-40c9-9a5c-ff737d5b076e</sln:wojIIPId><sln:wojIIPPn>PL.PZGIK.200</sln:wojIIPPn><sln:wojIIPWersja>2017-10-10T00:00:00+02:00</sln:wojIIPWersja><sln:wojIdTeryt>20</sln:wojIdTeryt><sln:wojNazwa>podlaskie</sln:wojNazwa></sln:miejscowosc><sln:miejscowosc><sln:cyklZyciaOd>2017-04-21T00:00:00+02:00</sln:cyklZyciaOd><sln:gmIIPId>507c5140-1fee-422d-80f6-f21d49284517</sln:gmIIPId><sln:gmIIPPn>PL.PZGIK.200</sln:gmIIPPn><sln:gmIIPWersja>2012-09-26T22:17:19+02:00</sln:gmIIPWersja><sln:gmIdTeryt>2012012</sln:gmIdTeryt><sln:gmNazwa>Bakałarzewo</sln:gmNazwa><sln:miejscIIPId>db3c6d08-4313-4c0a-9b29-68bdcb455497</sln:miejscIIPId><sln:miejscIIPPn>PL.PZGIK.200</sln:miejscIIPPn><sln:miejscIIPWersja>2017-04-21T17:14:25+02:00</sln:miejscIIPWersja><sln:miejscIdTeryt>0753283</sln:miejscIdTeryt><sln:miejscNazwa>Karasiewo</sln:miejscNazwa><sln:miejscRodzaj>Wieś</sln:miejscRodzaj><sln:powIIPId>ca2d03cb-0fdf-4583-92a3-bc7308f4508f</sln:powIIPId><sln:powIIPPn>PL.PZGIK.200</sln:powIIPPn><sln:powIIPWersja>2012-09-27T09:26:09+02:00</sln:powIIPWersja><sln:powIdTeryt>2012</sln:powIdTeryt><sln:powNazwa>suwalski</sln:powNazwa><sln:waznyOd>2015-02-17T00:00:00+01:00</sln:waznyOd><sln:wojIIPId>53ad7aea-d9d3-40c9-9a5c-ff737d5b076e</sln:wojIIPId><sln:wojIIPPn>PL.PZGIK.200</sln:wojIIPPn><sln:wojIIPWersja>2017-10-10T00:00:00+02:00</sln:wojIIPWersja><sln:wojIdTeryt>20</sln:wojIdTeryt><sln:wojNazwa>podlaskie</sln:wojNazwa></sln:miejscowosc><sln:miejscowosc><sln:cyklZyciaOd>2017-04-21T00:00:00+02:00</sln:cyklZyciaOd><sln:gmIIPId>507c5140-1fee-422d-80f6-f21d49284517</sln:gmIIPId><sln:gmIIPPn>PL.PZGIK.200</sln:gmIIPPn><sln:gmIIPWersja>2012-09-26T22:17:19+02:00</sln:gmIIPWersja><sln:gmIdTeryt>2012012</sln:gmIdTeryt><sln:gmNazwa>Bakałarzewo</sln:gmNazwa><sln:miejscIIPId>cd77f0c8-18d8-4cd7-9c0b-c1497edf8d02</sln:miejscIIPId><sln:miejscIIPPn>PL.PZGIK.200</sln:miejscIIPPn><sln:miejscIIPWersja>2017-04-21T17:14:25+02:00</sln:miejscIIPWersja><sln:miejscIdTeryt>0753290</sln:miejscIdTeryt><sln:miejscNazwa>Klonowa Góra</sln:miejscNazwa><sln:miejscRodzaj>Wieś</sln:miejscRodzaj><sln:powIIPId>ca2d03cb-0fdf-4583-92a3-bc7308f4508f</sln:powIIPId><sln:powIIPPn>PL.PZGIK.200</sln:powIIPPn><sln:powIIPWersja>2012-09-27T09:26:09+02:00</sln:powIIPWersja><sln:powIdTeryt>2012</sln:powIdTeryt><sln:powNazwa>suwalski</sln:powNazwa><sln:waznyOd>2015-02-17T00:00:00+01:00</sln:waznyOd><sln:wojIIPId>53ad7aea-d9d3-40c9-9a5c-ff737d5b076e</sln:wojIIPId><sln:wojIIPPn>PL.PZGIK.200</sln:wojIIPPn><sln:wojIIPWersja>2017-10-10T00:00:00+02:00</sln:wojIIPWersja><sln:wojIdTeryt>20</sln:wojIdTeryt><sln:wojNazwa>podlaskie</sln:wojNazwa></sln:miejscowosc><sln:miejscowosc><sln:cyklZyciaOd>2017-04-21T00:00:00+02:00</sln:cyklZyciaOd><sln:gmIIPId>507c5140-1fee-422d-80f6-f21d49284517</sln:gmIIPId><sln:gmIIPPn>PL.PZGIK.200</sln:gmIIPPn><sln:gmIIPWersja>2012-09-26T22:17:19+02:00</sln:gmIIPWersja><sln:gmIdTeryt>2012012</sln:gmIdTeryt><sln:gmNazwa>Bakałarzewo</sln:gmNazwa><sln:miejscIIPId>c8883fa7-b1e5-45cd-bb85-cb7567a73b4d</sln:miejscIIPId><sln:miejscIIPPn>PL.PZGIK.200</sln:miejscIIPPn><sln:miejscIIPWersja>2017-04-21T17:14:25+02:00</sln:miejscIIPWersja><sln:miejscIdTeryt>0753308</sln:miejscIdTeryt><sln:miejscNazwa>Konopki</sln:miejscNazwa><sln:miejscRodzaj>Wieś</sln:miejscRodzaj><sln:powIIPId>ca2d03cb-0fdf-4583-92a3-bc7308f4508f</sln:powIIPId><sln:powIIPPn>PL.PZGIK.200</sln:powIIPPn><sln:powIIPWersja>2012-09-27T09:26:09+02:00</sln:powIIPWersja><sln:powIdTeryt>2012</sln:powIdTeryt><sln:powNazwa>suwalski</sln:powNazwa><sln:waznyOd>2015-02-17T00:00:00+01:00</sln:waznyOd><sln:wojIIPId>53ad7aea-d9d3-40c9-9a5c-ff737d5b076e</sln:wojIIPId><sln:wojIIPPn>PL.PZGIK.200</sln:wojIIPPn><sln:wojIIPWersja>2017-10-10T00:00:00+02:00</sln:wojIIPWersja><sln:wojIdTeryt>20</sln:wojIdTeryt><sln:wojNazwa>podlaskie</sln:wojNazwa></sln:miejscowosc><sln:miejscowosc><sln:cyklZyciaOd>2017-04-21T00:00:00+02:00</sln:cyklZyciaOd><sln:gmIIPId>507c5140-1fee-422d-80f6-f21d49284517</sln:gmIIPId><sln:gmIIPPn>PL.PZGIK.200</sln:gmIIPPn><sln:gmIIPWersja>2012-09-26T22:17:19+02:00</sln:gmIIPWersja><sln:gmIdTeryt>2012012</sln:gmIdTeryt><sln:gmNazwa>Bakałarzewo</sln:gmNazwa><sln:miejscIIPId>2c9f33c6-3623-4618-918b-484fee22a89d</sln:miejscIIPId><sln:miejscIIPPn>PL.PZGIK.200</sln:miejscIIPPn><sln:miejscIIPWersja>2017-04-21T17:14:25+02:00</sln:miejscIIPWersja><sln:miejscIdTeryt>0753314</sln:miejscIdTeryt><sln:miejscNazwa>Kotowina</sln:miejscNazwa><sln:miejscRodzaj>Wieś</sln:miejscRodzaj><sln:powIIPId>ca2d03cb-0fdf-4583-92a3-bc7308f4508f</sln:powIIPId><sln:powIIPPn>PL.PZGIK.200</sln:powIIPPn><sln:powIIPWersja>2012-09-27T09:26:09+02:00</sln:powIIPWersja><sln:powIdTeryt>2012</sln:powIdTeryt><sln:powNazwa>suwalski</sln:powNazwa><sln:waznyOd>2015-02-17T00:00:00+01:00</sln:waznyOd><sln:wojIIPId>53ad7aea-d9d3-40c9-9a5c-ff737d5b076e</sln:wojIIPId><sln:wojIIPPn>PL.PZGIK.200</sln:wojIIPPn><sln:wojIIPWersja>2017-10-10T00:00:00+02:00</sln:wojIIPWersja><sln:wojIdTeryt>20</sln:wojIdTeryt><sln:wojNazwa>podlaskie</sln:wojNazwa></sln:miejscowosc><sln:miejscowosc><sln:cyklZyciaOd>2017-04-21T00:00:00+02:00</sln:cyklZyciaOd><sln:gmIIPId>507c5140-1fee-422d-80f6-f21d49284517</sln:gmIIPId><sln:gmIIPPn>PL.PZGIK.200</sln:gmIIPPn><sln:gmIIPWersja>2012-09-26T22:17:19+02:00</sln:gmIIPWersja><sln:gmIdTeryt>2012012</sln:gmIdTeryt><sln:gmNazwa>Bakałarzewo</sln:gmNazwa><sln:miejscIIPId>68b1fc62-74f7-4145-a916-62d44396f673</sln:miejscIIPId><sln:miejscIIPPn>PL.PZGIK.200</sln:miejscIIPPn><sln:miejscIIPWersja>2017-04-21T17:14:26+02:00</sln:miejscIIPWersja><sln:miejscIdTeryt>0753320</sln:miejscIdTeryt><sln:miejscNazwa>Malinówka</sln:miejscNazwa><sln:miejscRodzaj>Wieś</sln:miejscRodzaj><sln:powIIPId>ca2d03cb-0fdf-4583-92a3-bc7308f4508f</sln:powIIPId><sln:powIIPPn>PL.PZGIK.200</sln:powIIPPn><sln:powIIPWersja>2012-09-27T09:26:09+02:00</sln:powIIPWersja><sln:powIdTeryt>2012</sln:powIdTeryt><sln:powNazwa>suwalski</sln:powNazwa><sln:waznyOd>2015-02-17T00:00:00+01:00</sln:waznyOd><sln:wojIIPId>53ad7aea-d9d3-40c9-9a5c-ff737d5b076e</sln:wojIIPId><sln:wojIIPPn>PL.PZGIK.200</sln:wojIIPPn><sln:wojIIPWersja>2017-10-10T00:00:00+02:00</sln:wojIIPWersja><sln:wojIdTeryt>20</sln:wojIdTeryt><sln:wojNazwa>podlaskie</sln:wojNazwa></sln:miejscowosc><sln:miejscowosc><sln:cyklZyciaOd>2017-04-21T00:00:00+02:00</sln:cyklZyciaOd><sln:gmIIPId>507c5140-1fee-422d-80f6-f21d49284517</sln:gmIIPId><sln:gmIIPPn>PL.PZGIK.200</sln:gmIIPPn><sln:gmIIPWersja>2012-09-26T22:17:19+02:00</sln:gmIIPWersja><sln:gmIdTeryt>2012012</sln:gmIdTeryt><sln:gmNazwa>Bakałarzewo</sln:gmNazwa><sln:miejscIIPId>d01ca143-d0b3-40d0-80b3-4f55b6b7a7f4</sln:miejscIIPId><sln:miejscIIPPn>PL.PZGIK.200</sln:miejscIIPPn><sln:miejscIIPWersja>2017-04-21T17:14:26+02:00</sln:miejscIIPWersja><sln:miejscIdTeryt>0753337</sln:miejscIdTeryt><sln:miejscNazwa>Maryna</sln:miejscNazwa><sln:miejscRodzaj>Wieś</sln:miejscRodzaj><sln:powIIPId>ca2d03cb-0fdf-4583-92a3-bc7308f4508f</sln:powIIPId><sln:powIIPPn>PL.PZGIK.200</sln:powIIPPn><sln:powIIPWersja>2012-09-27T09:26:09+02:00</sln:powIIPWersja><sln:powIdTeryt>2012</sln:powIdTeryt><sln:powNazwa>suwalski</sln:powNazwa><sln:waznyOd>2015-02-17T00:00:00+01:00</sln:waznyOd><sln:wojIIPId>53ad7aea-d9d3-40c9-9a5c-ff737d5b076e</sln:wojIIPId><sln:wojIIPPn>PL.PZGIK.200</sln:wojIIPPn><sln:wojIIPWersja>2017-10-10T00:00:00+02:00</sln:wojIIPWersja><sln:wojIdTeryt>20</sln:wojIdTeryt><sln:wojNazwa>podlaskie</sln:wojNazwa></sln:miejscowosc><sln:miejscowosc><sln:cyklZyciaOd>2017-04-21T00:00:00+02:00</sln:cyklZyciaOd><sln:gmIIPId>507c5140-1fee-422d-80f6-f21d49284517</sln:gmIIPId><sln:gmIIPPn>PL.PZGIK.200</sln:gmIIPPn><sln:gmIIPWersja>2012-09-26T22:17:19+02:00</sln:gmIIPWersja><sln:gmIdTeryt>2012012</sln:gmIdTeryt><sln:gmNazwa>Bakałarzewo</sln:gmNazwa><sln:miejscIIPId>efd5fff5-e611-4ea8-b14a-0da5b71a4796</sln:miejscIIPId><sln:miejscIIPPn>PL.PZGIK.200</sln:miejscIIPPn><sln:miejscIIPWersja>2017-04-21T17:14:26+02:00</sln:miejscIIPWersja><sln:miejscIdTeryt>0753343</sln:miejscIdTeryt><sln:miejscNazwa>Matłak</sln:miejscNazwa><sln:miejscRodzaj>Wieś</sln:miejscRodzaj><sln:powIIPId>ca2d03cb-0fdf-4583-92a3-bc7308f4508f</sln:powIIPId><sln:powIIPPn>PL.PZGIK.200</sln:powIIPPn><sln:powIIPWersja>2012-09-27T09:26:09+02:00</sln:powIIPWersja><sln:powIdTeryt>2012</sln:powIdTeryt><sln:powNazwa>suwalski</sln:powNazwa><sln:waznyOd>2015-02-17T00:00:00+01:00</sln:waznyOd><sln:wojIIPId>53ad7aea-d9d3-40c9-9a5c-ff737d5b076e</sln:wojIIPId><sln:wojIIPPn>PL.PZGIK.200</sln:wojIIPPn><sln:wojIIPWersja>2017-10-10T00:00:00+02:00</sln:wojIIPWersja><sln:wojIdTeryt>20</sln:wojIdTeryt><sln:wojNazwa>podlaskie</sln:wojNazwa></sln:miejscowosc><sln:miejscowosc><sln:cyklZyciaOd>2017-04-21T00:00:00+02:00</sln:cyklZyciaOd><sln:gmIIPId>507c5140-1fee-422d-80f6-f21d49284517</sln:gmIIPId><sln:gmIIPPn>PL.PZGIK.200</sln:gmIIPPn><sln:gmIIPWersja>2012-09-26T22:17:19+02:00</sln:gmIIPWersja><sln:gmIdTeryt>2012012</sln:gmIdTeryt><sln:gmNazwa>Bakałarzewo</sln:gmNazwa><sln:miejscIIPId>c533c6c5-64db-4dfb-8935-ffa19001d576</sln:miejscIIPId><sln:miejscIIPPn>PL.PZGIK.200</sln:miejscIIPPn><sln:miejscIIPWersja>2017-04-21T17:14:26+02:00</sln:miejscIIPWersja><sln:miejscIdTeryt>0753350</sln:miejscIdTeryt><sln:miejscNazwa>Nieszki</sln:miejscNazwa><sln:miejscRodzaj>Wieś</sln:miejscRodzaj><sln:powIIPId>ca2d03cb-0fdf-4583-92a3-bc7308f4508f</sln:powIIPId><sln:powIIPPn>PL.PZGIK.200</sln:powIIPPn><sln:powIIPWersja>2012-09-27T09:26:09+02:00</sln:powIIPWersja><sln:powIdTeryt>2012</sln:powIdTeryt><sln:powNazwa>suwalski</sln:powNazwa><sln:waznyOd>2015-02-17T00:00:00+01:00</sln:waznyOd><sln:wojIIPId>53ad7aea-d9d3-40c9-9a5c-ff737d5b076e</sln:wojIIPId><sln:wojIIPPn>PL.PZGIK.200</sln:wojIIPPn><sln:wojIIPWersja>2017-10-10T00:00:00+02:00</sln:wojIIPWersja><sln:wojIdTeryt>20</sln:wojIdTeryt><sln:wojNazwa>podlaskie</sln:wojNazwa></sln:miejscowosc><sln:miejscowosc><sln:cyklZyciaOd>2017-04-21T00:00:00+02:00</sln:cyklZyciaOd><sln:gmIIPId>507c5140-1fee-422d-80f6-f21d49284517</sln:gmIIPId><sln:gmIIPPn>PL.PZGIK.200</sln:gmIIPPn><sln:gmIIPWersja>2012-09-26T22:17:19+02:00</sln:gmIIPWersja><sln:gmIdTeryt>2012012</sln:gmIdTeryt><sln:gmNazwa>Bakałarzewo</sln:gmNazwa><sln:miejscIIPId>b30139fa-b54d-4345-aa0c-a379689f51b8</sln:miejscIIPId><sln:miejscIIPPn>PL.PZGIK.200</sln:miejscIIPPn><sln:miejscIIPWersja>2017-04-21T17:14:26+02:00</sln:miejscIIPWersja><sln:miejscIdTeryt>0753366</sln:miejscIdTeryt><sln:miejscNazwa>Nowy Dwór</sln:miejscNazwa><sln:miejscRodzaj>Inny obiekt</sln:miejscRodzaj><sln:powIIPId>ca2d03cb-0fdf-4583-92a3-bc7308f4508f</sln:powIIPId><sln:powIIPPn>PL.PZGIK.200</sln:powIIPPn><sln:powIIPWersja>2012-09-27T09:26:09+02:00</sln:powIIPWersja><sln:powIdTeryt>2012</sln:powIdTeryt><sln:powNazwa>suwalski</sln:powNazwa><sln:waznyOd>2015-02-17T00:00:00+01:00</sln:waznyOd><sln:wojIIPId>53ad7aea-d9d3-40c9-9a5c-ff737d5b076e</sln:wojIIPId><sln:wojIIPPn>PL.PZGIK.200</sln:wojIIPPn><sln:wojIIPWersja>2017-10-10T00:00:00+02:00</sln:wojIIPWersja><sln:wojIdTeryt>20</sln:wojIdTeryt><sln:wojNazwa>podlaskie</sln:wojNazwa></sln:miejscowosc><sln:miejscowosc><sln:cyklZyciaOd>2017-04-21T00:00:00+02:00</sln:cyklZyciaOd><sln:gmIIPId>507c5140-1fee-422d-80f6-f21d49284517</sln:gmIIPId><sln:gmIIPPn>PL.PZGIK.200</sln:gmIIPPn><sln:gmIIPWersja>2012-09-26T22:17:19+02:00</sln:gmIIPWersja><sln:gmIdTeryt>2012012</sln:gmIdTeryt><sln:gmNazwa>Bakałarzewo</sln:gmNazwa><sln:miejscIIPId>f3c9942e-3366-4171-b858-ab0927c7cc4f</sln:miejscIIPId><sln:miejscIIPPn>PL.PZGIK.200</sln:miejscIIPPn><sln:miejscIIPWersja>2017-04-21T17:14:26+02:00</sln:miejscIIPWersja><sln:miejscIdTeryt>0753372</sln:miejscIdTeryt><sln:miejscNazwa>Nowa Kamionka</sln:miejscNazwa><sln:miejscRodzaj>Wieś</sln:miejscRodzaj><sln:powIIPId>ca2d03cb-0fdf-4583-92a3-bc7308f4508f</sln:powIIPId><sln:powIIPPn>PL.PZGIK.200</sln:powIIPPn><sln:powIIPWersja>2012-09-27T09:26:09+02:00</sln:powIIPWersja><sln:powIdTeryt>2012</sln:powIdTeryt><sln:powNazwa>suwalski</sln:powNazwa><sln:waznyOd>2015-02-17T00:00:00+01:00</sln:waznyOd><sln:wojIIPId>53ad7aea-d9d3-40c9-9a5c-ff737d5b076e</sln:wojIIPId><sln:wojIIPPn>PL.PZGIK.200</sln:wojIIPPn><sln:wojIIPWersja>2017-10-10T00:00:00+02:00</sln:wojIIPWersja><sln:wojIdTeryt>20</sln:wojIdTeryt><sln:wojNazwa>podlaskie</sln:wojNazwa></sln:miejscowosc><sln:miejscowosc><sln:cyklZyciaOd>2017-04-21T00:00:00+02:00</sln:cyklZyciaOd><sln:gmIIPId>507c5140-1fee-422d-80f6-f21d49284517</sln:gmIIPId><sln:gmIIPPn>PL.PZGIK.200</sln:gmIIPPn><sln:gmIIPWersja>2012-09-26T22:17:19+02:00</sln:gmIIPWersja><sln:gmIdTeryt>2012012</sln:gmIdTeryt><sln:gmNazwa>Bakałarzewo</sln:gmNazwa><sln:miejscIIPId>8182c97e-aa8e-42ee-af70-46639fa23f5b</sln:miejscIIPId><sln:miejscIIPPn>PL.PZGIK.200</sln:miejscIIPPn><sln:miejscIIPWersja>2017-04-21T17:14:26+02:00</sln:miejscIIPWersja><sln:miejscIdTeryt>0753389</sln:miejscIdTeryt><sln:miejscNazwa>Nowa Wieś</sln:miejscNazwa><sln:miejscRodzaj>Wieś</sln:miejscRodzaj><sln:powIIPId>ca2d03cb-0fdf-4583-92a3-bc7308f4508f</sln:powIIPId><sln:powIIPPn>PL.PZGIK.200</sln:powIIPPn><sln:powIIPWersja>2012-09-27T09:26:09+02:00</sln:powIIPWersja><sln:powIdTeryt>2012</sln:powIdTeryt><sln:powNazwa>suwalski</sln:powNazwa><sln:waznyOd>2015-02-17T00:00:00+01:00</sln:waznyOd><sln:wojIIPId>53ad7aea-d9d3-40c9-9a5c-ff737d5b076e</sln:wojIIPId><sln:wojIIPPn>PL.PZGIK.200</sln:wojIIPPn><sln:wojIIPWersja>2017-10-10T00:00:00+02:00</sln:wojIIPWersja><sln:wojIdTeryt>20</sln:wojIdTeryt><sln:wojNazwa>podlaskie</sln:wojNazwa></sln:miejscowosc><sln:miejscowosc><sln:cyklZyciaOd>2017-04-21T00:00:00+02:00</sln:cyklZyciaOd><sln:gmIIPId>507c5140-1fee-422d-80f6-f21d49284517</sln:gmIIPId><sln:gmIIPPn>PL.PZGIK.200</sln:gmIIPPn><sln:gmIIPWersja>2012-09-26T22:17:19+02:00</sln:gmIIPWersja><sln:gmIdTeryt>2012012</sln:gmIdTeryt><sln:gmNazwa>Bakałarzewo</sln:gmNazwa><sln:miejscIIPId>a1a95727-1b44-4b5b-a21c-b5f0b542fd91</sln:miejscIIPId><sln:miejscIIPPn>PL.PZGIK.200</sln:miejscIIPPn><sln:miejscIIPWersja>2017-04-21T17:14:26+02:00</sln:miejscIIPWersja><sln:miejscIdTeryt>0753395</sln:miejscIdTeryt><sln:miejscNazwa>Nowy Skazdub</sln:miejscNazwa><sln:miejscRodzaj>Wieś</sln:miejscRodzaj><sln:powIIPId>ca2d03cb-0fdf-4583-92a3-bc7308f4508f</sln:powIIPId><sln:powIIPPn>PL.PZGIK.200</sln:powIIPPn><sln:powIIPWersja>2012-09-27T09:26:09+02:00</sln:powIIPWersja><sln:powIdTeryt>2012</sln:powIdTeryt><sln:powNazwa>suwalski</sln:powNazwa><sln:waznyOd>2015-02-17T00:00:00+01:00</sln:waznyOd><sln:wojIIPId>53ad7aea-d9d3-40c9-9a5c-ff737d5b076e</sln:wojIIPId><sln:wojIIPPn>PL.PZGIK.200</sln:wojIIPPn><sln:wojIIPWersja>2017-10-10T00:00:00+02:00</sln:wojIIPWersja><sln:wojIdTeryt>20</sln:wojIdTeryt><sln:wojNazwa>podlaskie</sln:wojNazwa></sln:miejscowosc><sln:miejscowosc><sln:cyklZyciaOd>2017-04-21T00:00:00+02:00</sln:cyklZyciaOd><sln:gmIIPId>507c5140-1fee-422d-80f6-f21d49284517</sln:gmIIPId><sln:gmIIPPn>PL.PZGIK.200</sln:gmIIPPn><sln:gmIIPWersja>2012-09-26T22:17:19+02:00</sln:gmIIPWersja><sln:gmIdTeryt>2012012</sln:gmIdTeryt><sln:gmNazwa>Bakałarzewo</sln:gmNazwa><sln:miejscIIPId>e12fb5d9-3b90-4886-a1e8-3862c9500974</sln:miejscIIPId><sln:miejscIIPPn>PL.PZGIK.200</sln:miejscIIPPn><sln:miejscIIPWersja>2017-04-21T17:14:26+02:00</sln:miejscIIPWersja><sln:miejscIdTeryt>0753403</sln:miejscIdTeryt><sln:miejscNazwa>Orłowo</sln:miejscNazwa><sln:miejscRodzaj>Wieś</sln:miejscRodzaj><sln:powIIPId>ca2d03cb-0fdf-4583-92a3-bc7308f4508f</sln:powIIPId><sln:powIIPPn>PL.PZGIK.200</sln:powIIPPn><sln:powIIPWersja>2012-09-27T09:26:09+02:00</sln:powIIPWersja><sln:powIdTeryt>2012</sln:powIdTeryt><sln:powNazwa>suwalski</sln:powNazwa><sln:waznyOd>2015-02-17T00:00:00+01:00</sln:waznyOd><sln:wojIIPId>53ad7aea-d9d3-40c9-9a5c-ff737d5b076e</sln:wojIIPId><sln:wojIIPPn>PL.PZGIK.200</sln:wojIIPPn><sln:wojIIPWersja>2017-10-10T00:00:00+02:00</sln:wojIIPWersja><sln:wojIdTeryt>20</sln:wojIdTeryt><sln:wojNazwa>podlaskie</sln:wojNazwa></sln:miejscowosc><sln:miejscowosc><sln:cyklZyciaOd>2017-04-21T00:00:00+02:00</sln:cyklZyciaOd><sln:gmIIPId>507c5140-1fee-422d-80f6-f21d49284517</sln:gmIIPId><sln:gmIIPPn>PL.PZGIK.200</sln:gmIIPPn><sln:gmIIPWersja>2012-09-26T22:17:19+02:00</sln:gmIIPWersja><sln:gmIdTeryt>2012012</sln:gmIdTeryt><sln:gmNazwa>Bakałarzewo</sln:gmNazwa><sln:miejscIIPId>7dd4cf32-51be-4ca0-a739-c5cb19a955b9</sln:miejscIIPId><sln:miejscIIPPn>PL.PZGIK.200</sln:miejscIIPPn><sln:miejscIIPWersja>2017-04-21T17:14:26+02:00</sln:miejscIIPWersja><sln:miejscIdTeryt>0753410</sln:miejscIdTeryt><sln:miejscNazwa>Płociczno</sln:miejscNazwa><sln:miejscRodzaj>Wieś</sln:miejscRodzaj><sln:powIIPId>ca2d03cb-0fdf-4583-92a3-bc7308f4508f</sln:powIIPId><sln:powIIPPn>PL.PZGIK.200</sln:powIIPPn><sln:powIIPWersja>2012-09-27T09:26:09+02:00</sln:powIIPWersja><sln:powIdTeryt>2012</sln:powIdTeryt><sln:powNazwa>suwalski</sln:powNazwa><sln:waznyOd>2015-02-17T00:00:00+01:00</sln:waznyOd><sln:wojIIPId>53ad7aea-d9d3-40c9-9a5c-ff737d5b076e</sln:wojIIPId><sln:wojIIPPn>PL.PZGIK.200</sln:wojIIPPn><sln:wojIIPWersja>2017-10-10T00:00:00+02:00</sln:wojIIPWersja><sln:wojIdTeryt>20</sln:wojIdTeryt><sln:wojNazwa>podlaskie</sln:wojNazwa></sln:miejscowosc><sln:miejscowosc><sln:cyklZyciaOd>2017-04-21T00:00:00+02:00</sln:cyklZyciaOd><sln:gmIIPId>507c5140-1fee-422d-80f6-f21d49284517</sln:gmIIPId><sln:gmIIPPn>PL.PZGIK.200</sln:gmIIPPn><sln:gmIIPWersja>2012-09-26T22:17:19+02:00</sln:gmIIPWersja><sln:gmIdTeryt>2012012</sln:gmIdTeryt><sln:gmNazwa>Bakałarzewo</sln:gmNazwa><sln:miejscIIPId>a2160c88-943d-40a1-85e8-d03773a3e078</sln:miejscIIPId><sln:miejscIIPPn>PL.PZGIK.200</sln:miejscIIPPn><sln:miejscIIPWersja>2017-04-21T17:14:26+02:00</sln:miejscIIPWersja><sln:miejscIdTeryt>0753426</sln:miejscIdTeryt><sln:miejscNazwa>Podwólczanka</sln:miejscNazwa><sln:miejscRodzaj>Wieś</sln:miejscRodzaj><sln:powIIPId>ca2d03cb-0fdf-4583-92a3-bc7308f4508f</sln:powIIPId><sln:powIIPPn>PL.PZGIK.200</sln:powIIPPn><sln:powIIPWersja>2012-09-27T09:26:09+02:00</sln:powIIPWersja><sln:powIdTeryt>2012</sln:powIdTeryt><sln:powNazwa>suwalski</sln:powNazwa><sln:waznyOd>2015-02-17T00:00:00+01:00</sln:waznyOd><sln:wojIIPId>53ad7aea-d9d3-40c9-9a5c-ff737d5b076e</sln:wojIIPId><sln:wojIIPPn>PL.PZGIK.200</sln:wojIIPPn><sln:wojIIPWersja>2017-10-10T00:00:00+02:00</sln:wojIIPWersja><sln:wojIdTeryt>20</sln:wojIdTeryt><sln:wojNazwa>podlaskie</sln:wojNazwa></sln:miejscowosc><sln:miejscowosc><sln:cyklZyciaOd>2017-04-21T00:00:00+02:00</sln:cyklZyciaOd><sln:gmIIPId>507c5140-1fee-422d-80f6-f21d49284517</sln:gmIIPId><sln:gmIIPPn>PL.PZGIK.200</sln:gmIIPPn><sln:gmIIPWersja>2012-09-26T22:17:19+02:00</sln:gmIIPWersja><sln:gmIdTeryt>2012012</sln:gmIdTeryt><sln:gmNazwa>Bakałarzewo</sln:gmNazwa><sln:miejscIIPId>580b0511-5c3c-433e-9d94-af1fbd484623</sln:miejscIIPId><sln:miejscIIPPn>PL.PZGIK.200</sln:miejscIIPPn><sln:miejscIIPWersja>2017-04-21T17:14:26+02:00</sln:miejscIIPWersja><sln:miejscIdTeryt>0753432</sln:miejscIdTeryt><sln:miejscNazwa>Sadłowina</sln:miejscNazwa><sln:miejscRodzaj>Wieś</sln:miejscRodzaj><sln:powIIPId>ca2d03cb-0fdf-4583-92a3-bc7308f4508f</sln:powIIPId><sln:powIIPPn>PL.PZGIK.200</sln:powIIPPn><sln:powIIPWersja>2012-09-27T09:26:09+02:00</sln:powIIPWersja><sln:powIdTeryt>2012</sln:powIdTeryt><sln:powNazwa>suwalski</sln:powNazwa><sln:waznyOd>2015-02-17T00:00:00+01:00</sln:waznyOd><sln:wojIIPId>53ad7aea-d9d3-40c9-9a5c-ff737d5b076e</sln:wojIIPId><sln:wojIIPPn>PL.PZGIK.200</sln:wojIIPPn><sln:wojIIPWersja>2017-10-10T00:00:00+02:00</sln:wojIIPWersja><sln:wojIdTeryt>20</sln:wojIdTeryt><sln:wojNazwa>podlaskie</sln:wojNazwa></sln:miejscowosc><sln:miejscowosc><sln:cyklZyciaOd>2017-04-21T00:00:00+02:00</sln:cyklZyciaOd><sln:gmIIPId>507c5140-1fee-422d-80f6-f21d49284517</sln:gmIIPId><sln:gmIIPPn>PL.PZGIK.200</sln:gmIIPPn><sln:gmIIPWersja>2012-09-26T22:17:19+02:00</sln:gmIIPWersja><sln:gmIdTeryt>2012012</sln:gmIdTeryt><sln:gmNazwa>Bakałarzewo</sln:gmNazwa><sln:miejscIIPId>b8447b2b-4884-42ce-8f5c-85622d7580f6</sln:miejscIIPId><sln:miejscIIPPn>PL.PZGIK.200</sln:miejscIIPPn><sln:miejscIIPWersja>2017-04-21T17:14:26+02:00</sln:miejscIIPWersja><sln:miejscIdTeryt>0753449</sln:miejscIdTeryt><sln:miejscNazwa>Słupie</sln:miejscNazwa><sln:miejscRodzaj>Wieś</sln:miejscRodzaj><sln:powIIPId>ca2d03cb-0fdf-4583-92a3-bc7308f4508f</sln:powIIPId><sln:powIIPPn>PL.PZGIK.200</sln:powIIPPn><sln:powIIPWersja>2012-09-27T09:26:09+02:00</sln:powIIPWersja><sln:powIdTeryt>2012</sln:powIdTeryt><sln:powNazwa>suwalski</sln:powNazwa><sln:waznyOd>2015-02-17T00:00:00+01:00</sln:waznyOd><sln:wojIIPId>53ad7aea-d9d3-40c9-9a5c-ff737d5b076e</sln:wojIIPId><sln:wojIIPPn>PL.PZGIK.200</sln:wojIIPPn><sln:wojIIPWersja>2017-10-10T00:00:00+02:00</sln:wojIIPWersja><sln:wojIdTeryt>20</sln:wojIdTeryt><sln:wojNazwa>podlaskie</sln:wojNazwa></sln:miejscowosc><sln:miejscowosc><sln:cyklZyciaOd>2017-04-21T00:00:00+02:00</sln:cyklZyciaOd><sln:gmIIPId>507c5140-1fee-422d-80f6-f21d49284517</sln:gmIIPId><sln:gmIIPPn>PL.PZGIK.200</sln:gmIIPPn><sln:gmIIPWersja>2012-09-26T22:17:19+02:00</sln:gmIIPWersja><sln:gmIdTeryt>2012012</sln:gmIdTeryt><sln:gmNazwa>Bakałarzewo</sln:gmNazwa><sln:miejscIIPId>b6dde005-c86d-43ca-8c96-c4d0248dbffe</sln:miejscIIPId><sln:miejscIIPPn>PL.PZGIK.200</sln:miejscIIPPn><sln:miejscIIPWersja>2017-04-21T17:14:27+02:00</sln:miejscIIPWersja><sln:miejscIdTeryt>0753455</sln:miejscIdTeryt><sln:miejscNazwa>Sokołowo</sln:miejscNazwa><sln:miejscRodzaj>Wieś</sln:miejscRodzaj><sln:powIIPId>ca2d03cb-0fdf-4583-92a3-bc7308f4508f</sln:powIIPId><sln:powIIPPn>PL.PZGIK.200</sln:powIIPPn><sln:powIIPWersja>2012-09-27T09:26:09+02:00</sln:powIIPWersja><sln:powIdTeryt>2012</sln:powIdTeryt><sln:powNazwa>suwalski</sln:powNazwa><sln:waznyOd>2015-02-17T00:00:00+01:00</sln:waznyOd><sln:wojIIPId>53ad7aea-d9d3-40c9-9a5c-ff737d5b076e</sln:wojIIPId><sln:wojIIPPn>PL.PZGIK.200</sln:wojIIPPn><sln:wojIIPWersja>2017-10-10T00:00:00+02:00</sln:wojIIPWersja><sln:wojIdTeryt>20</sln:wojIdTeryt><sln:wojNazwa>podlaskie</sln:wojNazwa></sln:miejscowosc><sln:miejscowosc><sln:cyklZyciaOd>2017-04-21T00:00:00+02:00</sln:cyklZyciaOd><sln:gmIIPId>507c5140-1fee-422d-80f6-f21d49284517</sln:gmIIPId><sln:gmIIPPn>PL.PZGIK.200</sln:gmIIPPn><sln:gmIIPWersja>2012-09-26T22:17:19+02:00</sln:gmIIPWersja><sln:gmIdTeryt>2012012</sln:gmIdTeryt><sln:gmNazwa>Bakałarzewo</sln:gmNazwa><sln:miejscIIPId>346ec232-a86f-4a92-8cb4-ad7c95390d15</sln:miejscIIPId><sln:miejscIIPPn>PL.PZGIK.200</sln:miejscIIPPn><sln:miejscIIPWersja>2017-04-21T17:14:27+02:00</sln:miejscIIPWersja><sln:miejscIdTeryt>0753461</sln:miejscIdTeryt><sln:miejscNazwa>Stara Chmielówka</sln:miejscNazwa><sln:miejscRodzaj>Wieś</sln:miejscRodzaj><sln:powIIPId>ca2d03cb-0fdf-4583-92a3-bc7308f4508f</sln:powIIPId><sln:powIIPPn>PL.PZGIK.200</sln:powIIPPn><sln:powIIPWersja>2012-09-27T09:26:09+02:00</sln:powIIPWersja><sln:powIdTeryt>2012</sln:powIdTeryt><sln:powNazwa>suwalski</sln:powNazwa><sln:waznyOd>2015-02-17T00:00:00+01:00</sln:waznyOd><sln:wojIIPId>53ad7aea-d9d3-40c9-9a5c-ff737d5b076e</sln:wojIIPId><sln:wojIIPPn>PL.PZGIK.200</sln:wojIIPPn><sln:wojIIPWersja>2017-10-10T00:00:00+02:00</sln:wojIIPWersja><sln:wojIdTeryt>20</sln:wojIdTeryt><sln:wojNazwa>podlaskie</sln:wojNazwa></sln:miejscowosc><sln:miejscowosc><sln:cyklZyciaOd>2017-04-21T00:00:00+02:00</sln:cyklZyciaOd><sln:gmIIPId>507c5140-1fee-422d-80f6-f21d49284517</sln:gmIIPId><sln:gmIIPPn>PL.PZGIK.200</sln:gmIIPPn><sln:gmIIPWersja>2012-09-26T22:17:19+02:00</sln:gmIIPWersja><sln:gmIdTeryt>2012012</sln:gmIdTeryt><sln:gmNazwa>Bakałarzewo</sln:gmNazwa><sln:miejscIIPId>6c053d67-e0af-4be1-826e-52a4bee9afaf</sln:miejscIIPId><sln:miejscIIPPn>PL.PZGIK.200</sln:miejscIIPPn><sln:miejscIIPWersja>2017-04-21T17:14:27+02:00</sln:miejscIIPWersja><sln:miejscIdTeryt>0753478</sln:miejscIdTeryt><sln:miejscNazwa>Stara Kamionka</sln:miejscNazwa><sln:miejscRodzaj>Wieś</sln:miejscRodzaj><sln:powIIPId>ca2d03cb-0fdf-4583-92a3-bc7308f4508f</sln:powIIPId><sln:powIIPPn>PL.PZGIK.200</sln:powIIPPn><sln:powIIPWersja>2012-09-27T09:26:09+02:00</sln:powIIPWersja><sln:powIdTeryt>2012</sln:powIdTeryt><sln:powNazwa>suwalski</sln:powNazwa><sln:waznyOd>2015-02-17T00:00:00+01:00</sln:waznyOd><sln:wojIIPId>53ad7aea-d9d3-40c9-9a5c-ff737d5b076e</sln:wojIIPId><sln:wojIIPPn>PL.PZGIK.200</sln:wojIIPPn><sln:wojIIPWersja>2017-10-10T00:00:00+02:00</sln:wojIIPWersja><sln:wojIdTeryt>20</sln:wojIdTeryt><sln:wojNazwa>podlaskie</sln:wojNazwa></sln:miejscowosc><sln:miejscowosc><sln:cyklZyciaOd>2017-04-21T00:00:00+02:00</sln:cyklZyciaOd><sln:gmIIPId>507c5140-1fee-422d-80f6-f21d49284517</sln:gmIIPId><sln:gmIIPPn>PL.PZGIK.200</sln:gmIIPPn><sln:gmIIPWersja>2012-09-26T22:17:19+02:00</sln:gmIIPWersja><sln:gmIdTeryt>2012012</sln:gmIdTeryt><sln:gmNazwa>Bakałarzewo</sln:gmNazwa><sln:miejscIIPId>cc4a8a42-d90d-4e66-a734-947c85b067c2</sln:miejscIIPId><sln:miejscIIPPn>PL.PZGIK.200</sln:miejscIIPPn><sln:miejscIIPWersja>2017-04-21T17:14:27+02:00</sln:miejscIIPWersja><sln:miejscIdTeryt>0753484</sln:miejscIdTeryt><sln:miejscNazwa>Stary Skazdub</sln:miejscNazwa><sln:miejscRodzaj>Wieś</sln:miejscRodzaj><sln:powIIPId>ca2d03cb-0fdf-4583-92a3-bc7308f4508f</sln:powIIPId><sln:powIIPPn>PL.PZGIK.200</sln:powIIPPn><sln:powIIPWersja>2012-09-27T09:26:09+02:00</sln:powIIPWersja><sln:powIdTeryt>2012</sln:powIdTeryt><sln:powNazwa>suwalski</sln:powNazwa><sln:waznyOd>2015-02-17T00:00:00+01:00</sln:waznyOd><sln:wojIIPId>53ad7aea-d9d3-40c9-9a5c-ff737d5b076e</sln:wojIIPId><sln:wojIIPPn>PL.PZGIK.200</sln:wojIIPPn><sln:wojIIPWersja>2017-10-10T00:00:00+02:00</sln:wojIIPWersja><sln:wojIdTeryt>20</sln:wojIdTeryt><sln:wojNazwa>podlaskie</sln:wojNazwa></sln:miejscowosc><sln:miejscowosc><sln:cyklZyciaOd>2017-04-21T00:00:00+02:00</sln:cyklZyciaOd><sln:gmIIPId>507c5140-1fee-422d-80f6-f21d49284517</sln:gmIIPId><sln:gmIIPPn>PL.PZGIK.200</sln:gmIIPPn><sln:gmIIPWersja>2012-09-26T22:17:19+02:00</sln:gmIIPWersja><sln:gmIdTeryt>2012012</sln:gmIdTeryt><sln:gmNazwa>Bakałarzewo</sln:gmNazwa><sln:miejscIIPId>6663abdc-e54b-47ef-a138-0f8a17e89a69</sln:miejscIIPId><sln:miejscIIPPn>PL.PZGIK.200</sln:miejscIIPPn><sln:miejscIIPWersja>2017-04-21T17:14:27+02:00</sln:miejscIIPWersja><sln:miejscIdTeryt>0753490</sln:miejscIdTeryt><sln:miejscNazwa>Suchorzec</sln:miejscNazwa><sln:miejscRodzaj>Wieś</sln:miejscRodzaj><sln:powIIPId>ca2d03cb-0fdf-4583-92a3-bc7308f4508f</sln:powIIPId><sln:powIIPPn>PL.PZGIK.200</sln:powIIPPn><sln:powIIPWersja>2012-09-27T09:26:09+02:00</sln:powIIPWersja><sln:powIdTeryt>2012</sln:powIdTeryt><sln:powNazwa>suwalski</sln:powNazwa><sln:waznyOd>2015-02-17T00:00:00+01:00</sln:waznyOd><sln:wojIIPId>53ad7aea-d9d3-40c9-9a5c-ff737d5b076e</sln:wojIIPId><sln:wojIIPPn>PL.PZGIK.200</sln:wojIIPPn><sln:wojIIPWersja>2017-10-10T00:00:00+02:00</sln:wojIIPWersja><sln:wojIdTeryt>20</sln:wojIdTeryt><sln:wojNazwa>podlaskie</sln:wojNazwa></sln:miejscowosc><sln:miejscowosc><sln:cyklZyciaOd>2017-04-21T00:00:00+02:00</sln:cyklZyciaOd><sln:gmIIPId>507c5140-1fee-422d-80f6-f21d49284517</sln:gmIIPId><sln:gmIIPPn>PL.PZGIK.200</sln:gmIIPPn><sln:gmIIPWersja>2012-09-26T22:17:19+02:00</sln:gmIIPWersja><sln:gmIdTeryt>2012012</sln:gmIdTeryt><sln:gmNazwa>Bakałarzewo</sln:gmNazwa><sln:miejscIIPId>3a1db911-a209-4422-b83c-a5c6eaf4adb8</sln:miejscIIPId><sln:miejscIIPPn>PL.PZGIK.200</sln:miejscIIPPn><sln:miejscIIPWersja>2017-04-21T17:14:27+02:00</sln:miejscIIPWersja><sln:miejscIdTeryt>0753509</sln:miejscIdTeryt><sln:miejscNazwa>Wólka</sln:miejscNazwa><sln:miejscRodzaj>Wieś</sln:miejscRodzaj><sln:powIIPId>ca2d03cb-0fdf-4583-92a3-bc7308f4508f</sln:powIIPId><sln:powIIPPn>PL.PZGIK.200</sln:powIIPPn><sln:powIIPWersja>2012-09-27T09:26:09+02:00</sln:powIIPWersja><sln:powIdTeryt>2012</sln:powIdTeryt><sln:powNazwa>suwalski</sln:powNazwa><sln:waznyOd>2015-02-17T00:00:00+01:00</sln:waznyOd><sln:wojIIPId>53ad7aea-d9d3-40c9-9a5c-ff737d5b076e</sln:wojIIPId><sln:wojIIPPn>PL.PZGIK.200</sln:wojIIPPn><sln:wojIIPWersja>2017-10-10T00:00:00+02:00</sln:wojIIPWersja><sln:wojIdTeryt>20</sln:wojIdTeryt><sln:wojNazwa>podlaskie</sln:wojNazwa></sln:miejscowosc><sln:miejscowosc><sln:cyklZyciaOd>2017-04-21T00:00:00+02:00</sln:cyklZyciaOd><sln:gmIIPId>507c5140-1fee-422d-80f6-f21d49284517</sln:gmIIPId><sln:gmIIPPn>PL.PZGIK.200</sln:gmIIPPn><sln:gmIIPWersja>2012-09-26T22:17:19+02:00</sln:gmIIPWersja><sln:gmIdTeryt>2012012</sln:gmIdTeryt><sln:gmNazwa>Bakałarzewo</sln:gmNazwa><sln:miejscIIPId>0f69f940-cf15-4f3a-8a18-31dc586f5458</sln:miejscIIPId><sln:miejscIIPPn>PL.PZGIK.200</sln:miejscIIPPn><sln:miejscIIPWersja>2017-04-21T17:14:27+02:00</sln:miejscIIPWersja><sln:miejscIdTeryt>0753515</sln:miejscIdTeryt><sln:miejscNazwa>Wólka-Folwark</sln:miejscNazwa><sln:miejscRodzaj>Wieś</sln:miejscRodzaj><sln:powIIPId>ca2d03cb-0fdf-4583-92a3-bc7308f4508f</sln:powIIPId><sln:powIIPPn>PL.PZGIK.200</sln:powIIPPn><sln:powIIPWersja>2012-09-27T09:26:09+02:00</sln:powIIPWersja><sln:powIdTeryt>2012</sln:powIdTeryt><sln:powNazwa>suwalski</sln:powNazwa><sln:waznyOd>2015-02-17T00:00:00+01:00</sln:waznyOd><sln:wojIIPId>53ad7aea-d9d3-40c9-9a5c-ff737d5b076e</sln:wojIIPId><sln:wojIIPPn>PL.PZGIK.200</sln:wojIIPPn><sln:wojIIPWersja>2017-10-10T00:00:00+02:00</sln:wojIIPWersja><sln:wojIdTeryt>20</sln:wojIdTeryt><sln:wojNazwa>podlaskie</sln:wojNazwa></sln:miejscowosc><sln:miejscowosc><sln:cyklZyciaOd>2017-04-21T00:00:00+02:00</sln:cyklZyciaOd><sln:gmIIPId>507c5140-1fee-422d-80f6-f21d49284517</sln:gmIIPId><sln:gmIIPPn>PL.PZGIK.200</sln:gmIIPPn><sln:gmIIPWersja>2012-09-26T22:17:19+02:00</sln:gmIIPWersja><sln:gmIdTeryt>2012012</sln:gmIdTeryt><sln:gmNazwa>Bakałarzewo</sln:gmNazwa><sln:miejscIIPId>13ffcd54-4837-466c-bd1b-78bd7cebfc56</sln:miejscIIPId><sln:miejscIIPPn>PL.PZGIK.200</sln:miejscIIPPn><sln:miejscIIPWersja>2017-04-21T17:14:27+02:00</sln:miejscIIPWersja><sln:miejscIdTeryt>0753521</sln:miejscIdTeryt><sln:miejscNazwa>Zajączkowo</sln:miejscNazwa><sln:miejscRodzaj>Wieś</sln:miejscRodzaj><sln:powIIPId>ca2d03cb-0fdf-4583-92a3-bc7308f4508f</sln:powIIPId><sln:powIIPPn>PL.PZGIK.200</sln:powIIPPn><sln:powIIPWersja>2012-09-27T09:26:09+02:00</sln:powIIPWersja><sln:powIdTeryt>2012</sln:powIdTeryt><sln:powNazwa>suwalski</sln:powNazwa><sln:waznyOd>2015-02-17T00:00:00+01:00</sln:waznyOd><sln:wojIIPId>53ad7aea-d9d3-40c9-9a5c-ff737d5b076e</sln:wojIIPId><sln:wojIIPPn>PL.PZGIK.200</sln:wojIIPPn><sln:wojIIPWersja>2017-10-10T00:00:00+02:00</sln:wojIIPWersja><sln:wojIdTeryt>20</sln:wojIdTeryt><sln:wojNazwa>podlaskie</sln:wojNazwa></sln:miejscowosc><sln:miejscowosc><sln:cyklZyciaOd>2017-04-21T00:00:00+02:00</sln:cyklZyciaOd><sln:gmIIPId>507c5140-1fee-422d-80f6-f21d49284517</sln:gmIIPId><sln:gmIIPPn>PL.PZGIK.200</sln:gmIIPPn><sln:gmIIPWersja>2012-09-26T22:17:19+02:00</sln:gmIIPWersja><sln:gmIdTeryt>2012012</sln:gmIdTeryt><sln:gmNazwa>Bakałarzewo</sln:gmNazwa><sln:miejscIIPId>09d4c8f8-8061-4ded-970c-94d3998ce7b2</sln:miejscIIPId><sln:miejscIIPPn>PL.PZGIK.200</sln:miejscIIPPn><sln:miejscIIPWersja>2017-04-21T17:14:27+02:00</sln:miejscIIPWersja><sln:miejscIdTeryt>0753538</sln:miejscIdTeryt><sln:miejscNazwa>Zajączkowo-Folwark</sln:miejscNazwa><sln:miejscRodzaj>Wieś</sln:miejscRodzaj><sln:powIIPId>ca2d03cb-0fdf-4583-92a3-bc7308f4508f</sln:powIIPId><sln:powIIPPn>PL.PZGIK.200</sln:powIIPPn><sln:powIIPWersja>2012-09-27T09:26:09+02:00</sln:powIIPWersja><sln:powIdTeryt>2012</sln:powIdTeryt><sln:powNazwa>suwalski</sln:powNazwa><sln:waznyOd>2015-02-17T00:00:00+01:00</sln:waznyOd><sln:wojIIPId>53ad7aea-d9d3-40c9-9a5c-ff737d5b076e</sln:wojIIPId><sln:wojIIPPn>PL.PZGIK.200</sln:wojIIPPn><sln:wojIIPWersja>2017-10-10T00:00:00+02:00</sln:wojIIPWersja><sln:wojIdTeryt>20</sln:wojIdTeryt><sln:wojNazwa>podlaskie</sln:wojNazwa></sln:miejscowosc><sln:miejscowosc><sln:cyklZyciaOd>2017-04-21T00:00:00+02:00</sln:cyklZyciaOd><sln:gmIIPId>507c5140-1fee-422d-80f6-f21d49284517</sln:gmIIPId><sln:gmIIPPn>PL.PZGIK.200</sln:gmIIPPn><sln:gmIIPWersja>2012-09-26T22:17:19+02:00</sln:gmIIPWersja><sln:gmIdTeryt>2012012</sln:gmIdTeryt><sln:gmNazwa>Bakałarzewo</sln:gmNazwa><sln:miejscIIPId>a1382155-1c26-46ca-b926-beb9e73293a7</sln:miejscIIPId><sln:miejscIIPPn>PL.PZGIK.200</sln:miejscIIPPn><sln:miejscIIPWersja>2017-04-21T17:14:27+02:00</sln:miejscIIPWersja><sln:miejscIdTeryt>0753544</sln:miejscIdTeryt><sln:miejscNazwa>Zdręby</sln:miejscNazwa><sln:miejscRodzaj>Wieś</sln:miejscRodzaj><sln:powIIPId>ca2d03cb-0fdf-4583-92a3-bc7308f4508f</sln:powIIPId><sln:powIIPPn>PL.PZGIK.200</sln:powIIPPn><sln:powIIPWersja>2012-09-27T09:26:09+02:00</sln:powIIPWersja><sln:powIdTeryt>2012</sln:powIdTeryt><sln:powNazwa>suwalski</sln:powNazwa><sln:waznyOd>2015-02-17T00:00:00+01:00</sln:waznyOd><sln:wojIIPId>53ad7aea-d9d3-40c9-9a5c-ff737d5b076e</sln:wojIIPId><sln:wojIIPPn>PL.PZGIK.200</sln:wojIIPPn><sln:wojIIPWersja>2017-10-10T00:00:00+02:00</sln:wojIIPWersja><sln:wojIdTeryt>20</sln:wojIdTeryt><sln:wojNazwa>podlaskie</sln:wojNazwa></sln:miejscowosc></sln:lista-miejscowosci>