<?xml version="1.0" encoding="UTF-8" standalone="yes"?><sln:lista-miejscowosci xmlns:srv="http://gugik.gov.pl/schemas/slowniki-service/1.0" xmlns:sln="http://gugik.gov.pl/schemas/slowniki-schema/1.0"><sln:miejscowosc><sln:cyklZyciaDo>2017-12-14T00:00:00+01:00</sln:cyklZyciaDo><sln:cyklZyciaOd>2015-04-27T00:00:00+02:00</sln:cyklZyciaOd><sln:gmIIPId>48dd5b94-88bd-4dd2-9676-aa226f98cc1d</sln:gmIIPId><sln:gmIIPPn>PL.PZGIK.200</sln:gmIIPPn><sln:gmIIPWersja>2012-09-26T22:15:21+02:00</sln:gmIIPWersja><sln:gmIdTeryt>2004053</sln:gmIdTeryt><sln:gmNazwa>Szczuczyn</sln:gmNazwa><sln:miejscIIPId>31851edb-6dcc-44a8-b527-7ca74ce37b2d</sln:miejscIIPId><sln:miejscIIPPn>PL.PZGIK.200</sln:miejscIIPPn><sln:miejscIIPWersja>2016-11-24T13:29:42+02:00</sln:miejscIIPWersja><sln:miejscIdTeryt>0406788</sln:miejscIdTeryt><sln:miejscNazwa>Brzeźno</sln:miejscNazwa><sln:miejscRodzaj>Wieś</sln:miejscRodzaj><sln:powIIPId>617d8c92-7cef-423d-bc3c-9753ef5a6aa3</sln:powIIPId><sln:powIIPPn>PL.PZGIK.200</sln:powIIPPn><sln:powIIPWersja>2012-09-27T09:26:09+02:00</sln:powIIPWersja><sln:powIdTeryt>2004</sln:powIdTeryt><sln:powNazwa>grajewski</sln:powNazwa><sln:wojIIPId>53ad7aea-d9d3-40c9-9a5c-ff737d5b076e</sln:wojIIPId><sln:wojIIPPn>PL.PZGIK.200</sln:wojIIPPn><sln:wojIIPWersja>2017-10-10T00:00:00+02:00</sln:wojIIPWersja><sln:wojIdTeryt>20</sln:wojIdTeryt><sln:wojNazwa>podlaskie</sln:wojNazwa></sln:miejscowosc><sln:miejscowosc><sln:cyklZyciaDo>2016-11-27T00:00:00+01:00</sln:cyklZyciaDo><sln:cyklZyciaOd>2015-04-27T00:00:00+02:00</sln:cyklZyciaOd><sln:gmIIPId>48dd5b94-88bd-4dd2-9676-aa226f98cc1d</sln:gmIIPId><sln:gmIIPPn>PL.PZGIK.200</sln:gmIIPPn><sln:gmIIPWersja>2012-09-26T22:15:21+02:00</sln:gmIIPWersja><sln:gmIdTeryt>2004053</sln:gmIdTeryt><sln:gmNazwa>Szczuczyn</sln:gmNazwa><sln:miejscIIPId>27f9b793-1ed9-478b-8e41-3778925c0811</sln:miejscIIPId><sln:miejscIIPPn>PL.PZGIK.200</sln:miejscIIPPn><sln:miejscIIPWersja>2016-11-24T13:48:16+02:00</sln:miejscIIPWersja><sln:miejscIdTeryt>0957614</sln:miejscIdTeryt><sln:miejscNazwa>Zimna Woda</sln:miejscNazwa><sln:miejscRodzaj>Inny obiekt</sln:miejscRodzaj><sln:powIIPId>617d8c92-7cef-423d-bc3c-9753ef5a6aa3</sln:powIIPId><sln:powIIPPn>PL.PZGIK.200</sln:powIIPPn><sln:powIIPWersja>2012-09-27T09:26:09+02:00</sln:powIIPWersja><sln:powIdTeryt>2004</sln:powIdTeryt><sln:powNazwa>grajewski</sln:powNazwa><sln:wojIIPId>53ad7aea-d9d3-40c9-9a5c-ff737d5b076e</sln:wojIIPId><sln:wojIIPPn>PL.PZGIK.200</sln:wojIIPPn><sln:wojIIPWersja>2017-10-10T00:00:00+02:00</sln:wojIIPWersja><sln:wojIdTeryt>20</sln:wojIdTeryt><sln:wojNazwa>podlaskie</sln:wojNazwa></sln:miejscowosc><sln:miejscowosc><sln:cyklZyciaDo>2017-12-14T00:00:00+01:00</sln:cyklZyciaDo><sln:cyklZyciaOd>2015-04-27T00:00:00+02:00</sln:cyklZyciaOd><sln:gmIIPId>48dd5b94-88bd-4dd2-9676-aa226f98cc1d</sln:gmIIPId><sln:gmIIPPn>PL.PZGIK.200</sln:gmIIPPn><sln:gmIIPWersja>2012-09-26T22:15:21+02:00</sln:gmIIPWersja><sln:gmIdTeryt>2004053</sln:gmIdTeryt><sln:gmNazwa>Szczuczyn</sln:gmNazwa><sln:miejscIIPId>4b5a7d85-6f9d-4f9c-9010-daab686fc1a8</sln:miejscIIPId><sln:miejscIIPPn>PL.PZGIK.200</sln:miejscIIPPn><sln:miejscIIPWersja>2016-11-24T13:38:15+02:00</sln:miejscIIPWersja><sln:miejscIdTeryt>0406771</sln:miejscIdTeryt><sln:miejscNazwa>Bęćkowo</sln:miejscNazwa><sln:miejscRodzaj>Wieś</sln:miejscRodzaj><sln:powIIPId>617d8c92-7cef-423d-bc3c-9753ef5a6aa3</sln:powIIPId><sln:powIIPPn>PL.PZGIK.200</sln:powIIPPn><sln:powIIPWersja>2012-09-27T09:26:09+02:00</sln:powIIPWersja><sln:powIdTeryt>2004</sln:powIdTeryt><sln:powNazwa>grajewski</sln:powNazwa><sln:wojIIPId>53ad7aea-d9d3-40c9-9a5c-ff737d5b076e</sln:wojIIPId><sln:wojIIPPn>PL.PZGIK.200</sln:wojIIPPn><sln:wojIIPWersja>2017-10-10T00:00:00+02:00</sln:wojIIPWersja><sln:wojIdTeryt>20</sln:wojIdTeryt><sln:wojNazwa>podlaskie</sln:wojNazwa></sln:miejscowosc><sln:miejscowosc><sln:cyklZyciaDo>2017-12-14T00:00:00+01:00</sln:cyklZyciaDo><sln:cyklZyciaOd>2015-04-27T00:00:00+02:00</sln:cyklZyciaOd><sln:gmIIPId>48dd5b94-88bd-4dd2-9676-aa226f98cc1d</sln:gmIIPId><sln:gmIIPPn>PL.PZGIK.200</sln:gmIIPPn><sln:gmIIPWersja>2012-09-26T22:15:21+02:00</sln:gmIIPWersja><sln:gmIdTeryt>2004053</sln:gmIdTeryt><sln:gmNazwa>Szczuczyn</sln:gmNazwa><sln:miejscIIPId>22170229-ad01-4f1b-a901-8cc787fe9e3e</sln:miejscIIPId><sln:miejscIIPPn>PL.PZGIK.200</sln:miejscIIPPn><sln:miejscIIPWersja>2016-11-24T13:31:00+02:00</sln:miejscIIPWersja><sln:miejscIdTeryt>0407026</sln:miejscIdTeryt><sln:miejscNazwa>Sokoły</sln:miejscNazwa><sln:miejscRodzaj>Wieś</sln:miejscRodzaj><sln:powIIPId>617d8c92-7cef-423d-bc3c-9753ef5a6aa3</sln:powIIPId><sln:powIIPPn>PL.PZGIK.200</sln:powIIPPn><sln:powIIPWersja>2012-09-27T09:26:09+02:00</sln:powIIPWersja><sln:powIdTeryt>2004</sln:powIdTeryt><sln:powNazwa>grajewski</sln:powNazwa><sln:wojIIPId>53ad7aea-d9d3-40c9-9a5c-ff737d5b076e</sln:wojIIPId><sln:wojIIPPn>PL.PZGIK.200</sln:wojIIPPn><sln:wojIIPWersja>2017-10-10T00:00:00+02:00</sln:wojIIPWersja><sln:wojIdTeryt>20</sln:wojIdTeryt><sln:wojNazwa>podlaskie</sln:wojNazwa></sln:miejscowosc><sln:miejscowosc><sln:cyklZyciaDo>2017-12-14T00:00:00+01:00</sln:cyklZyciaDo><sln:cyklZyciaOd>2015-04-27T00:00:00+02:00</sln:cyklZyciaOd><sln:gmIIPId>48dd5b94-88bd-4dd2-9676-aa226f98cc1d</sln:gmIIPId><sln:gmIIPPn>PL.PZGIK.200</sln:gmIIPPn><sln:gmIIPWersja>2012-09-26T22:15:21+02:00</sln:gmIIPWersja><sln:gmIdTeryt>2004053</sln:gmIdTeryt><sln:gmNazwa>Szczuczyn</sln:gmNazwa><sln:miejscIIPId>8375e9aa-3ad8-445f-9b17-5c8b395cc083</sln:miejscIIPId><sln:miejscIIPPn>PL.PZGIK.200</sln:miejscIIPPn><sln:miejscIIPWersja>2016-11-24T13:32:07+02:00</sln:miejscIIPWersja><sln:miejscIdTeryt>0407055</sln:miejscIdTeryt><sln:miejscNazwa>Świdry-Awissa</sln:miejscNazwa><sln:miejscRodzaj>Wieś</sln:miejscRodzaj><sln:powIIPId>617d8c92-7cef-423d-bc3c-9753ef5a6aa3</sln:powIIPId><sln:powIIPPn>PL.PZGIK.200</sln:powIIPPn><sln:powIIPWersja>2012-09-27T09:26:09+02:00</sln:powIIPWersja><sln:powIdTeryt>2004</sln:powIdTeryt><sln:powNazwa>grajewski</sln:powNazwa><sln:wojIIPId>53ad7aea-d9d3-40c9-9a5c-ff737d5b076e</sln:wojIIPId><sln:wojIIPPn>PL.PZGIK.200</sln:wojIIPPn><sln:wojIIPWersja>2017-10-10T00:00:00+02:00</sln:wojIIPWersja><sln:wojIdTeryt>20</sln:wojIdTeryt><sln:wojNazwa>podlaskie</sln:wojNazwa></sln:miejscowosc><sln:miejscowosc><sln:cyklZyciaDo>2017-12-14T00:00:00+01:00</sln:cyklZyciaDo><sln:cyklZyciaOd>2015-04-27T00:00:00+02:00</sln:cyklZyciaOd><sln:gmIIPId>48dd5b94-88bd-4dd2-9676-aa226f98cc1d</sln:gmIIPId><sln:gmIIPPn>PL.PZGIK.200</sln:gmIIPPn><sln:gmIIPWersja>2012-09-26T22:15:21+02:00</sln:gmIIPWersja><sln:gmIdTeryt>2004053</sln:gmIdTeryt><sln:gmNazwa>Szczuczyn</sln:gmNazwa><sln:miejscIIPId>b44d0804-30d7-403e-b40b-c201473ac235</sln:miejscIIPId><sln:miejscIIPPn>PL.PZGIK.200</sln:miejscIIPPn><sln:miejscIIPWersja>2016-11-24T13:38:29+02:00</sln:miejscIIPWersja><sln:miejscIdTeryt>0406877</sln:miejscIdTeryt><sln:miejscNazwa>Jambrzyki</sln:miejscNazwa><sln:miejscRodzaj>Wieś</sln:miejscRodzaj><sln:powIIPId>617d8c92-7cef-423d-bc3c-9753ef5a6aa3</sln:powIIPId><sln:powIIPPn>PL.PZGIK.200</sln:powIIPPn><sln:powIIPWersja>2012-09-27T09:26:09+02:00</sln:powIIPWersja><sln:powIdTeryt>2004</sln:powIdTeryt><sln:powNazwa>grajewski</sln:powNazwa><sln:wojIIPId>53ad7aea-d9d3-40c9-9a5c-ff737d5b076e</sln:wojIIPId><sln:wojIIPPn>PL.PZGIK.200</sln:wojIIPPn><sln:wojIIPWersja>2017-10-10T00:00:00+02:00</sln:wojIIPWersja><sln:wojIdTeryt>20</sln:wojIdTeryt><sln:wojNazwa>podlaskie</sln:wojNazwa></sln:miejscowosc><sln:miejscowosc><sln:cyklZyciaDo>2017-12-14T00:00:00+01:00</sln:cyklZyciaDo><sln:cyklZyciaOd>2015-04-27T00:00:00+02:00</sln:cyklZyciaOd><sln:gmIIPId>48dd5b94-88bd-4dd2-9676-aa226f98cc1d</sln:gmIIPId><sln:gmIIPPn>PL.PZGIK.200</sln:gmIIPPn><sln:gmIIPWersja>2012-09-26T22:15:21+02:00</sln:gmIIPWersja><sln:gmIdTeryt>2004053</sln:gmIdTeryt><sln:gmNazwa>Szczuczyn</sln:gmNazwa><sln:miejscIIPId>4e4d0a0c-961f-4393-bb9c-b86218b88f2a</sln:miejscIIPId><sln:miejscIIPPn>PL.PZGIK.200</sln:miejscIIPPn><sln:miejscIIPWersja>2016-11-24T13:42:56+02:00</sln:miejscIIPWersja><sln:miejscIdTeryt>0406966</sln:miejscIdTeryt><sln:miejscNazwa>Niedźwiedzkie</sln:miejscNazwa><sln:miejscRodzaj>Wieś</sln:miejscRodzaj><sln:powIIPId>617d8c92-7cef-423d-bc3c-9753ef5a6aa3</sln:powIIPId><sln:powIIPPn>PL.PZGIK.200</sln:powIIPPn><sln:powIIPWersja>2012-09-27T09:26:09+02:00</sln:powIIPWersja><sln:powIdTeryt>2004</sln:powIdTeryt><sln:powNazwa>grajewski</sln:powNazwa><sln:wojIIPId>53ad7aea-d9d3-40c9-9a5c-ff737d5b076e</sln:wojIIPId><sln:wojIIPPn>PL.PZGIK.200</sln:wojIIPPn><sln:wojIIPWersja>2017-10-10T00:00:00+02:00</sln:wojIIPWersja><sln:wojIdTeryt>20</sln:wojIdTeryt><sln:wojNazwa>podlaskie</sln:wojNazwa></sln:miejscowosc><sln:miejscowosc><sln:cyklZyciaDo>2016-11-27T00:00:00+01:00</sln:cyklZyciaDo><sln:cyklZyciaOd>2015-04-27T00:00:00+02:00</sln:cyklZyciaOd><sln:gmIIPId>48dd5b94-88bd-4dd2-9676-aa226f98cc1d</sln:gmIIPId><sln:gmIIPPn>PL.PZGIK.200</sln:gmIIPPn><sln:gmIIPWersja>2012-09-26T22:15:21+02:00</sln:gmIIPWersja><sln:gmIdTeryt>2004053</sln:gmIdTeryt><sln:gmNazwa>Szczuczyn</sln:gmNazwa><sln:miejscIIPId>2883e98e-42f0-43ef-914a-3cee032f3fda</sln:miejscIIPId><sln:miejscIIPPn>PL.PZGIK.200</sln:miejscIIPPn><sln:miejscIIPWersja>2016-11-24T13:48:16+02:00</sln:miejscIIPWersja><sln:miejscIdTeryt>0957590</sln:miejscIdTeryt><sln:miejscNazwa>Kapkarz</sln:miejscNazwa><sln:miejscRodzaj>Inny obiekt</sln:miejscRodzaj><sln:powIIPId>617d8c92-7cef-423d-bc3c-9753ef5a6aa3</sln:powIIPId><sln:powIIPPn>PL.PZGIK.200</sln:powIIPPn><sln:powIIPWersja>2012-09-27T09:26:09+02:00</sln:powIIPWersja><sln:powIdTeryt>2004</sln:powIdTeryt><sln:powNazwa>grajewski</sln:powNazwa><sln:wojIIPId>53ad7aea-d9d3-40c9-9a5c-ff737d5b076e</sln:wojIIPId><sln:wojIIPPn>PL.PZGIK.200</sln:wojIIPPn><sln:wojIIPWersja>2017-10-10T00:00:00+02:00</sln:wojIIPWersja><sln:wojIdTeryt>20</sln:wojIdTeryt><sln:wojNazwa>podlaskie</sln:wojNazwa></sln:miejscowosc><sln:miejscowosc><sln:cyklZyciaDo>2017-12-14T00:00:00+01:00</sln:cyklZyciaDo><sln:cyklZyciaOd>2015-04-27T00:00:00+02:00</sln:cyklZyciaOd><sln:gmIIPId>48dd5b94-88bd-4dd2-9676-aa226f98cc1d</sln:gmIIPId><sln:gmIIPPn>PL.PZGIK.200</sln:gmIIPPn><sln:gmIIPWersja>2012-09-26T22:15:21+02:00</sln:gmIIPWersja><sln:gmIdTeryt>2004053</sln:gmIdTeryt><sln:gmNazwa>Szczuczyn</sln:gmNazwa><sln:miejscIIPId>3d336d32-2faf-49e7-b94e-ac64c6c9110f</sln:miejscIIPId><sln:miejscIIPPn>PL.PZGIK.200</sln:miejscIIPPn><sln:miejscIIPWersja>2016-11-24T13:32:11+02:00</sln:miejscIIPWersja><sln:miejscIdTeryt>0407078</sln:miejscIdTeryt><sln:miejscNazwa>Tarachy</sln:miejscNazwa><sln:miejscRodzaj>Wieś</sln:miejscRodzaj><sln:powIIPId>617d8c92-7cef-423d-bc3c-9753ef5a6aa3</sln:powIIPId><sln:powIIPPn>PL.PZGIK.200</sln:powIIPPn><sln:powIIPWersja>2012-09-27T09:26:09+02:00</sln:powIIPWersja><sln:powIdTeryt>2004</sln:powIdTeryt><sln:powNazwa>grajewski</sln:powNazwa><sln:wojIIPId>53ad7aea-d9d3-40c9-9a5c-ff737d5b076e</sln:wojIIPId><sln:wojIIPPn>PL.PZGIK.200</sln:wojIIPPn><sln:wojIIPWersja>2017-10-10T00:00:00+02:00</sln:wojIIPWersja><sln:wojIdTeryt>20</sln:wojIdTeryt><sln:wojNazwa>podlaskie</sln:wojNazwa></sln:miejscowosc><sln:miejscowosc><sln:cyklZyciaDo>2017-12-14T00:00:00+01:00</sln:cyklZyciaDo><sln:cyklZyciaOd>2015-04-27T00:00:00+02:00</sln:cyklZyciaOd><sln:gmIIPId>48dd5b94-88bd-4dd2-9676-aa226f98cc1d</sln:gmIIPId><sln:gmIIPPn>PL.PZGIK.200</sln:gmIIPPn><sln:gmIIPWersja>2012-09-26T22:15:21+02:00</sln:gmIIPWersja><sln:gmIdTeryt>2004053</sln:gmIdTeryt><sln:gmNazwa>Szczuczyn</sln:gmNazwa><sln:miejscIIPId>a8905f49-29c0-41b3-b01d-9268f2bf056a</sln:miejscIIPId><sln:miejscIIPPn>PL.PZGIK.200</sln:miejscIIPPn><sln:miejscIIPWersja>2016-11-24T13:42:56+02:00</sln:miejscIIPWersja><sln:miejscIdTeryt>0406943</sln:miejscIdTeryt><sln:miejscNazwa>Niećkowo</sln:miejscNazwa><sln:miejscRodzaj>Wieś</sln:miejscRodzaj><sln:powIIPId>617d8c92-7cef-423d-bc3c-9753ef5a6aa3</sln:powIIPId><sln:powIIPPn>PL.PZGIK.200</sln:powIIPPn><sln:powIIPWersja>2012-09-27T09:26:09+02:00</sln:powIIPWersja><sln:powIdTeryt>2004</sln:powIdTeryt><sln:powNazwa>grajewski</sln:powNazwa><sln:wojIIPId>53ad7aea-d9d3-40c9-9a5c-ff737d5b076e</sln:wojIIPId><sln:wojIIPPn>PL.PZGIK.200</sln:wojIIPPn><sln:wojIIPWersja>2017-10-10T00:00:00+02:00</sln:wojIIPWersja><sln:wojIdTeryt>20</sln:wojIdTeryt><sln:wojNazwa>podlaskie</sln:wojNazwa></sln:miejscowosc><sln:miejscowosc><sln:cyklZyciaDo>2016-11-27T00:00:00+01:00</sln:cyklZyciaDo><sln:cyklZyciaOd>2015-04-27T00:00:00+02:00</sln:cyklZyciaOd><sln:gmIIPId>48dd5b94-88bd-4dd2-9676-aa226f98cc1d</sln:gmIIPId><sln:gmIIPPn>PL.PZGIK.200</sln:gmIIPPn><sln:gmIIPWersja>2012-09-26T22:15:21+02:00</sln:gmIIPWersja><sln:gmIdTeryt>2004053</sln:gmIdTeryt><sln:gmNazwa>Szczuczyn</sln:gmNazwa><sln:miejscIIPId>7116ab87-7ad6-4d71-841e-5abed72e9a72</sln:miejscIIPId><sln:miejscIIPPn>PL.PZGIK.200</sln:miejscIIPPn><sln:miejscIIPWersja>2016-11-24T13:46:09+02:00</sln:miejscIIPWersja><sln:miejscIdTeryt>0406995</sln:miejscIdTeryt><sln:miejscNazwa>Przeszkoda</sln:miejscNazwa><sln:miejscRodzaj>Inny obiekt</sln:miejscRodzaj><sln:powIIPId>617d8c92-7cef-423d-bc3c-9753ef5a6aa3</sln:powIIPId><sln:powIIPPn>PL.PZGIK.200</sln:powIIPPn><sln:powIIPWersja>2012-09-27T09:26:09+02:00</sln:powIIPWersja><sln:powIdTeryt>2004</sln:powIdTeryt><sln:powNazwa>grajewski</sln:powNazwa><sln:wojIIPId>53ad7aea-d9d3-40c9-9a5c-ff737d5b076e</sln:wojIIPId><sln:wojIIPPn>PL.PZGIK.200</sln:wojIIPPn><sln:wojIIPWersja>2017-10-10T00:00:00+02:00</sln:wojIIPWersja><sln:wojIdTeryt>20</sln:wojIdTeryt><sln:wojNazwa>podlaskie</sln:wojNazwa></sln:miejscowosc><sln:miejscowosc><sln:cyklZyciaDo>2016-11-27T00:00:00+01:00</sln:cyklZyciaDo><sln:cyklZyciaOd>2015-04-27T00:00:00+02:00</sln:cyklZyciaOd><sln:gmIIPId>48dd5b94-88bd-4dd2-9676-aa226f98cc1d</sln:gmIIPId><sln:gmIIPPn>PL.PZGIK.200</sln:gmIIPPn><sln:gmIIPWersja>2012-09-26T22:15:21+02:00</sln:gmIIPWersja><sln:gmIdTeryt>2004053</sln:gmIdTeryt><sln:gmNazwa>Szczuczyn</sln:gmNazwa><sln:miejscIIPId>1af913dc-86bf-4efd-839b-ef698ebde632</sln:miejscIIPId><sln:miejscIIPPn>PL.PZGIK.200</sln:miejscIIPPn><sln:miejscIIPWersja>2016-11-24T13:46:52+02:00</sln:miejscIIPWersja><sln:miejscIdTeryt>0407010</sln:miejscIdTeryt><sln:miejscNazwa>Balcer</sln:miejscNazwa><sln:miejscRodzaj>Inny obiekt</sln:miejscRodzaj><sln:powIIPId>617d8c92-7cef-423d-bc3c-9753ef5a6aa3</sln:powIIPId><sln:powIIPPn>PL.PZGIK.200</sln:powIIPPn><sln:powIIPWersja>2012-09-27T09:26:09+02:00</sln:powIIPWersja><sln:powIdTeryt>2004</sln:powIdTeryt><sln:powNazwa>grajewski</sln:powNazwa><sln:wojIIPId>53ad7aea-d9d3-40c9-9a5c-ff737d5b076e</sln:wojIIPId><sln:wojIIPPn>PL.PZGIK.200</sln:wojIIPPn><sln:wojIIPWersja>2017-10-10T00:00:00+02:00</sln:wojIIPWersja><sln:wojIdTeryt>20</sln:wojIdTeryt><sln:wojNazwa>podlaskie</sln:wojNazwa></sln:miejscowosc><sln:miejscowosc><sln:cyklZyciaDo>2017-12-14T00:00:00+01:00</sln:cyklZyciaDo><sln:cyklZyciaOd>2015-04-27T00:00:00+02:00</sln:cyklZyciaOd><sln:gmIIPId>48dd5b94-88bd-4dd2-9676-aa226f98cc1d</sln:gmIIPId><sln:gmIIPPn>PL.PZGIK.200</sln:gmIIPPn><sln:gmIIPWersja>2012-09-26T22:15:21+02:00</sln:gmIIPWersja><sln:gmIdTeryt>2004053</sln:gmIdTeryt><sln:gmNazwa>Szczuczyn</sln:gmNazwa><sln:miejscIIPId>0cf216b8-b4ef-4bc6-aa9f-3f4c49d9063c</sln:miejscIIPId><sln:miejscIIPPn>PL.PZGIK.200</sln:miejscIIPPn><sln:miejscIIPWersja>2016-11-24T13:41:10+02:00</sln:miejscIIPWersja><sln:miejscIdTeryt>0406914</sln:miejscIdTeryt><sln:miejscNazwa>Lipnik</sln:miejscNazwa><sln:miejscRodzaj>Wieś</sln:miejscRodzaj><sln:powIIPId>617d8c92-7cef-423d-bc3c-9753ef5a6aa3</sln:powIIPId><sln:powIIPPn>PL.PZGIK.200</sln:powIIPPn><sln:powIIPWersja>2012-09-27T09:26:09+02:00</sln:powIIPWersja><sln:powIdTeryt>2004</sln:powIdTeryt><sln:powNazwa>grajewski</sln:powNazwa><sln:wojIIPId>53ad7aea-d9d3-40c9-9a5c-ff737d5b076e</sln:wojIIPId><sln:wojIIPPn>PL.PZGIK.200</sln:wojIIPPn><sln:wojIIPWersja>2017-10-10T00:00:00+02:00</sln:wojIIPWersja><sln:wojIdTeryt>20</sln:wojIdTeryt><sln:wojNazwa>podlaskie</sln:wojNazwa></sln:miejscowosc><sln:miejscowosc><sln:cyklZyciaDo>2017-12-14T00:00:00+01:00</sln:cyklZyciaDo><sln:cyklZyciaOd>2015-04-27T00:00:00+02:00</sln:cyklZyciaOd><sln:gmIIPId>48dd5b94-88bd-4dd2-9676-aa226f98cc1d</sln:gmIIPId><sln:gmIIPPn>PL.PZGIK.200</sln:gmIIPPn><sln:gmIIPWersja>2012-09-26T22:15:21+02:00</sln:gmIIPWersja><sln:gmIdTeryt>2004053</sln:gmIdTeryt><sln:gmNazwa>Szczuczyn</sln:gmNazwa><sln:miejscIIPId>dd31f29f-3723-4284-a046-655a1d6ff747</sln:miejscIIPId><sln:miejscIIPPn>PL.PZGIK.200</sln:miejscIIPPn><sln:miejscIIPWersja>2016-11-24T13:38:11+02:00</sln:miejscIIPWersja><sln:miejscIdTeryt>0406860</sln:miejscIdTeryt><sln:miejscNazwa>Gutki</sln:miejscNazwa><sln:miejscRodzaj>Wieś</sln:miejscRodzaj><sln:powIIPId>617d8c92-7cef-423d-bc3c-9753ef5a6aa3</sln:powIIPId><sln:powIIPPn>PL.PZGIK.200</sln:powIIPPn><sln:powIIPWersja>2012-09-27T09:26:09+02:00</sln:powIIPWersja><sln:powIdTeryt>2004</sln:powIdTeryt><sln:powNazwa>grajewski</sln:powNazwa><sln:wojIIPId>53ad7aea-d9d3-40c9-9a5c-ff737d5b076e</sln:wojIIPId><sln:wojIIPPn>PL.PZGIK.200</sln:wojIIPPn><sln:wojIIPWersja>2017-10-10T00:00:00+02:00</sln:wojIIPWersja><sln:wojIdTeryt>20</sln:wojIdTeryt><sln:wojNazwa>podlaskie</sln:wojNazwa></sln:miejscowosc><sln:miejscowosc><sln:cyklZyciaDo>2017-12-14T00:00:00+01:00</sln:cyklZyciaDo><sln:cyklZyciaOd>2015-04-27T00:00:00+02:00</sln:cyklZyciaOd><sln:gmIIPId>48dd5b94-88bd-4dd2-9676-aa226f98cc1d</sln:gmIIPId><sln:gmIIPPn>PL.PZGIK.200</sln:gmIIPPn><sln:gmIIPWersja>2012-09-26T22:15:21+02:00</sln:gmIIPWersja><sln:gmIdTeryt>2004053</sln:gmIdTeryt><sln:gmNazwa>Szczuczyn</sln:gmNazwa><sln:miejscIIPId>8dd91366-eac9-4f0b-bc9d-13e49701104d</sln:miejscIIPId><sln:miejscIIPPn>PL.PZGIK.200</sln:miejscIIPPn><sln:miejscIIPWersja>2016-11-24T13:36:00+02:00</sln:miejscIIPWersja><sln:miejscIdTeryt>0406848</sln:miejscIdTeryt><sln:miejscNazwa>Danowo</sln:miejscNazwa><sln:miejscRodzaj>Wieś</sln:miejscRodzaj><sln:powIIPId>617d8c92-7cef-423d-bc3c-9753ef5a6aa3</sln:powIIPId><sln:powIIPPn>PL.PZGIK.200</sln:powIIPPn><sln:powIIPWersja>2012-09-27T09:26:09+02:00</sln:powIIPWersja><sln:powIdTeryt>2004</sln:powIdTeryt><sln:powNazwa>grajewski</sln:powNazwa><sln:wojIIPId>53ad7aea-d9d3-40c9-9a5c-ff737d5b076e</sln:wojIIPId><sln:wojIIPPn>PL.PZGIK.200</sln:wojIIPPn><sln:wojIIPWersja>2017-10-10T00:00:00+02:00</sln:wojIIPWersja><sln:wojIdTeryt>20</sln:wojIdTeryt><sln:wojNazwa>podlaskie</sln:wojNazwa></sln:miejscowosc><sln:miejscowosc><sln:cyklZyciaDo>2017-12-14T00:00:00+01:00</sln:cyklZyciaDo><sln:cyklZyciaOd>2015-04-27T00:00:00+02:00</sln:cyklZyciaOd><sln:gmIIPId>48dd5b94-88bd-4dd2-9676-aa226f98cc1d</sln:gmIIPId><sln:gmIIPPn>PL.PZGIK.200</sln:gmIIPPn><sln:gmIIPWersja>2012-09-26T22:15:21+02:00</sln:gmIIPWersja><sln:gmIdTeryt>2004053</sln:gmIdTeryt><sln:gmNazwa>Szczuczyn</sln:gmNazwa><sln:miejscIIPId>63ecbefe-e261-437b-b9cb-db5ca079cd5c</sln:miejscIIPId><sln:miejscIIPPn>PL.PZGIK.200</sln:miejscIIPPn><sln:miejscIIPWersja>2016-11-24T13:31:52+02:00</sln:miejscIIPWersja><sln:miejscIdTeryt>0957560</sln:miejscIdTeryt><sln:miejscNazwa>Szczuczyn</sln:miejscNazwa><sln:miejscRodzaj>Miasto</sln:miejscRodzaj><sln:powIIPId>617d8c92-7cef-423d-bc3c-9753ef5a6aa3</sln:powIIPId><sln:powIIPPn>PL.PZGIK.200</sln:powIIPPn><sln:powIIPWersja>2012-09-27T09:26:09+02:00</sln:powIIPWersja><sln:powIdTeryt>2004</sln:powIdTeryt><sln:powNazwa>grajewski</sln:powNazwa><sln:wojIIPId>53ad7aea-d9d3-40c9-9a5c-ff737d5b076e</sln:wojIIPId><sln:wojIIPPn>PL.PZGIK.200</sln:wojIIPPn><sln:wojIIPWersja>2017-10-10T00:00:00+02:00</sln:wojIIPWersja><sln:wojIdTeryt>20</sln:wojIdTeryt><sln:wojNazwa>podlaskie</sln:wojNazwa></sln:miejscowosc><sln:miejscowosc><sln:cyklZyciaDo>2017-12-14T00:00:00+01:00</sln:cyklZyciaDo><sln:cyklZyciaOd>2015-04-27T00:00:00+02:00</sln:cyklZyciaOd><sln:gmIIPId>48dd5b94-88bd-4dd2-9676-aa226f98cc1d</sln:gmIIPId><sln:gmIIPPn>PL.PZGIK.200</sln:gmIIPPn><sln:gmIIPWersja>2012-09-26T22:15:21+02:00</sln:gmIIPWersja><sln:gmIdTeryt>2004053</sln:gmIdTeryt><sln:gmNazwa>Szczuczyn</sln:gmNazwa><sln:miejscIIPId>27815764-d646-4c6f-8a22-6840bd7a9cf4</sln:miejscIIPId><sln:miejscIIPPn>PL.PZGIK.200</sln:miejscIIPPn><sln:miejscIIPWersja>2016-11-24T13:34:28+02:00</sln:miejscIIPWersja><sln:miejscIdTeryt>0407115</sln:miejscIdTeryt><sln:miejscNazwa>Załuski</sln:miejscNazwa><sln:miejscRodzaj>Wieś</sln:miejscRodzaj><sln:powIIPId>617d8c92-7cef-423d-bc3c-9753ef5a6aa3</sln:powIIPId><sln:powIIPPn>PL.PZGIK.200</sln:powIIPPn><sln:powIIPWersja>2012-09-27T09:26:09+02:00</sln:powIIPWersja><sln:powIdTeryt>2004</sln:powIdTeryt><sln:powNazwa>grajewski</sln:powNazwa><sln:wojIIPId>53ad7aea-d9d3-40c9-9a5c-ff737d5b076e</sln:wojIIPId><sln:wojIIPPn>PL.PZGIK.200</sln:wojIIPPn><sln:wojIIPWersja>2017-10-10T00:00:00+02:00</sln:wojIIPWersja><sln:wojIdTeryt>20</sln:wojIdTeryt><sln:wojNazwa>podlaskie</sln:wojNazwa></sln:miejscowosc><sln:miejscowosc><sln:cyklZyciaDo>2017-12-14T00:00:00+01:00</sln:cyklZyciaDo><sln:cyklZyciaOd>2015-04-27T00:00:00+02:00</sln:cyklZyciaOd><sln:gmIIPId>48dd5b94-88bd-4dd2-9676-aa226f98cc1d</sln:gmIIPId><sln:gmIIPPn>PL.PZGIK.200</sln:gmIIPPn><sln:gmIIPWersja>2012-09-26T22:15:21+02:00</sln:gmIIPWersja><sln:gmIdTeryt>2004053</sln:gmIdTeryt><sln:gmNazwa>Szczuczyn</sln:gmNazwa><sln:miejscIIPId>f8f0175e-19fd-4876-bf99-305bfb68943d</sln:miejscIIPId><sln:miejscIIPPn>PL.PZGIK.200</sln:miejscIIPPn><sln:miejscIIPWersja>2016-11-24T13:42:56+02:00</sln:miejscIIPWersja><sln:miejscIdTeryt>0406950</sln:miejscIdTeryt><sln:miejscNazwa>Niedźwiadna</sln:miejscNazwa><sln:miejscRodzaj>Wieś</sln:miejscRodzaj><sln:powIIPId>617d8c92-7cef-423d-bc3c-9753ef5a6aa3</sln:powIIPId><sln:powIIPPn>PL.PZGIK.200</sln:powIIPPn><sln:powIIPWersja>2012-09-27T09:26:09+02:00</sln:powIIPWersja><sln:powIdTeryt>2004</sln:powIdTeryt><sln:powNazwa>grajewski</sln:powNazwa><sln:wojIIPId>53ad7aea-d9d3-40c9-9a5c-ff737d5b076e</sln:wojIIPId><sln:wojIIPPn>PL.PZGIK.200</sln:wojIIPPn><sln:wojIIPWersja>2017-10-10T00:00:00+02:00</sln:wojIIPWersja><sln:wojIdTeryt>20</sln:wojIdTeryt><sln:wojNazwa>podlaskie</sln:wojNazwa></sln:miejscowosc><sln:miejscowosc><sln:cyklZyciaDo>2017-12-14T00:00:00+01:00</sln:cyklZyciaDo><sln:cyklZyciaOd>2015-04-27T00:00:00+02:00</sln:cyklZyciaOd><sln:gmIIPId>48dd5b94-88bd-4dd2-9676-aa226f98cc1d</sln:gmIIPId><sln:gmIIPPn>PL.PZGIK.200</sln:gmIIPPn><sln:gmIIPWersja>2012-09-26T22:15:21+02:00</sln:gmIIPWersja><sln:gmIdTeryt>2004053</sln:gmIdTeryt><sln:gmNazwa>Szczuczyn</sln:gmNazwa><sln:miejscIIPId>b2bcd417-d0d9-4807-819f-8446435e011d</sln:miejscIIPId><sln:miejscIIPPn>PL.PZGIK.200</sln:miejscIIPPn><sln:miejscIIPWersja>2016-11-24T13:34:47+02:00</sln:miejscIIPWersja><sln:miejscIdTeryt>0406819</sln:miejscIdTeryt><sln:miejscNazwa>Chojnowo</sln:miejscNazwa><sln:miejscRodzaj>Wieś</sln:miejscRodzaj><sln:powIIPId>617d8c92-7cef-423d-bc3c-9753ef5a6aa3</sln:powIIPId><sln:powIIPPn>PL.PZGIK.200</sln:powIIPPn><sln:powIIPWersja>2012-09-27T09:26:09+02:00</sln:powIIPWersja><sln:powIdTeryt>2004</sln:powIdTeryt><sln:powNazwa>grajewski</sln:powNazwa><sln:wojIIPId>53ad7aea-d9d3-40c9-9a5c-ff737d5b076e</sln:wojIIPId><sln:wojIIPPn>PL.PZGIK.200</sln:wojIIPPn><sln:wojIIPWersja>2017-10-10T00:00:00+02:00</sln:wojIIPWersja><sln:wojIdTeryt>20</sln:wojIdTeryt><sln:wojNazwa>podlaskie</sln:wojNazwa></sln:miejscowosc><sln:miejscowosc><sln:cyklZyciaDo>2017-12-14T00:00:00+01:00</sln:cyklZyciaDo><sln:cyklZyciaOd>2015-04-27T00:00:00+02:00</sln:cyklZyciaOd><sln:gmIIPId>48dd5b94-88bd-4dd2-9676-aa226f98cc1d</sln:gmIIPId><sln:gmIIPPn>PL.PZGIK.200</sln:gmIIPPn><sln:gmIIPWersja>2012-09-26T22:15:21+02:00</sln:gmIIPWersja><sln:gmIdTeryt>2004053</sln:gmIdTeryt><sln:gmNazwa>Szczuczyn</sln:gmNazwa><sln:miejscIIPId>2683f9b5-c630-42f9-8c8f-5f4f16d3bca7</sln:miejscIIPId><sln:miejscIIPPn>PL.PZGIK.200</sln:miejscIIPPn><sln:miejscIIPWersja>2016-11-24T13:34:04+02:00</sln:miejscIIPWersja><sln:miejscIdTeryt>0407090</sln:miejscIdTeryt><sln:miejscNazwa>Zacieczki</sln:miejscNazwa><sln:miejscRodzaj>Wieś</sln:miejscRodzaj><sln:powIIPId>617d8c92-7cef-423d-bc3c-9753ef5a6aa3</sln:powIIPId><sln:powIIPPn>PL.PZGIK.200</sln:powIIPPn><sln:powIIPWersja>2012-09-27T09:26:09+02:00</sln:powIIPWersja><sln:powIdTeryt>2004</sln:powIdTeryt><sln:powNazwa>grajewski</sln:powNazwa><sln:wojIIPId>53ad7aea-d9d3-40c9-9a5c-ff737d5b076e</sln:wojIIPId><sln:wojIIPPn>PL.PZGIK.200</sln:wojIIPPn><sln:wojIIPWersja>2017-10-10T00:00:00+02:00</sln:wojIIPWersja><sln:wojIdTeryt>20</sln:wojIdTeryt><sln:wojNazwa>podlaskie</sln:wojNazwa></sln:miejscowosc><sln:miejscowosc><sln:cyklZyciaDo>2016-11-27T00:00:00+01:00</sln:cyklZyciaDo><sln:cyklZyciaOd>2015-04-27T00:00:00+02:00</sln:cyklZyciaOd><sln:gmIIPId>48dd5b94-88bd-4dd2-9676-aa226f98cc1d</sln:gmIIPId><sln:gmIIPPn>PL.PZGIK.200</sln:gmIIPPn><sln:gmIIPWersja>2012-09-26T22:15:21+02:00</sln:gmIIPWersja><sln:gmIdTeryt>2004053</sln:gmIdTeryt><sln:gmNazwa>Szczuczyn</sln:gmNazwa><sln:miejscIIPId>86cdbe1c-8ff7-4d8f-bb08-a4bc4c73a23c</sln:miejscIIPId><sln:miejscIIPPn>PL.PZGIK.200</sln:miejscIIPPn><sln:miejscIIPWersja>2016-11-24T13:48:16+02:00</sln:miejscIIPWersja><sln:miejscIdTeryt>0957608</sln:miejscIdTeryt><sln:miejscNazwa>Nowe Miasto</sln:miejscNazwa><sln:miejscRodzaj>Inny obiekt</sln:miejscRodzaj><sln:powIIPId>617d8c92-7cef-423d-bc3c-9753ef5a6aa3</sln:powIIPId><sln:powIIPPn>PL.PZGIK.200</sln:powIIPPn><sln:powIIPWersja>2012-09-27T09:26:09+02:00</sln:powIIPWersja><sln:powIdTeryt>2004</sln:powIdTeryt><sln:powNazwa>grajewski</sln:powNazwa><sln:wojIIPId>53ad7aea-d9d3-40c9-9a5c-ff737d5b076e</sln:wojIIPId><sln:wojIIPPn>PL.PZGIK.200</sln:wojIIPPn><sln:wojIIPWersja>2017-10-10T00:00:00+02:00</sln:wojIIPWersja><sln:wojIdTeryt>20</sln:wojIdTeryt><sln:wojNazwa>podlaskie</sln:wojNazwa></sln:miejscowosc><sln:miejscowosc><sln:cyklZyciaDo>2016-11-27T00:00:00+01:00</sln:cyklZyciaDo><sln:cyklZyciaOd>2015-04-27T00:00:00+02:00</sln:cyklZyciaOd><sln:gmIIPId>48dd5b94-88bd-4dd2-9676-aa226f98cc1d</sln:gmIIPId><sln:gmIIPPn>PL.PZGIK.200</sln:gmIIPPn><sln:gmIIPWersja>2012-09-26T22:15:21+02:00</sln:gmIIPWersja><sln:gmIdTeryt>2004053</sln:gmIdTeryt><sln:gmNazwa>Szczuczyn</sln:gmNazwa><sln:miejscIIPId>41bb3b05-5cd1-4d72-9ddf-ded57afb0594</sln:miejscIIPId><sln:miejscIIPPn>PL.PZGIK.200</sln:miejscIIPPn><sln:miejscIIPWersja>2016-11-24T13:48:27+02:00</sln:miejscIIPWersja><sln:miejscIdTeryt>0407061</sln:miejscIdTeryt><sln:miejscNazwa>Miętusewo</sln:miejscNazwa><sln:miejscRodzaj>Inny obiekt</sln:miejscRodzaj><sln:powIIPId>617d8c92-7cef-423d-bc3c-9753ef5a6aa3</sln:powIIPId><sln:powIIPPn>PL.PZGIK.200</sln:powIIPPn><sln:powIIPWersja>2012-09-27T09:26:09+02:00</sln:powIIPWersja><sln:powIdTeryt>2004</sln:powIdTeryt><sln:powNazwa>grajewski</sln:powNazwa><sln:wojIIPId>53ad7aea-d9d3-40c9-9a5c-ff737d5b076e</sln:wojIIPId><sln:wojIIPPn>PL.PZGIK.200</sln:wojIIPPn><sln:wojIIPWersja>2017-10-10T00:00:00+02:00</sln:wojIIPWersja><sln:wojIdTeryt>20</sln:wojIdTeryt><sln:wojNazwa>podlaskie</sln:wojNazwa></sln:miejscowosc><sln:miejscowosc><sln:cyklZyciaDo>2016-11-27T00:00:00+01:00</sln:cyklZyciaDo><sln:cyklZyciaOd>2015-04-27T00:00:00+02:00</sln:cyklZyciaOd><sln:gmIIPId>48dd5b94-88bd-4dd2-9676-aa226f98cc1d</sln:gmIIPId><sln:gmIIPPn>PL.PZGIK.200</sln:gmIIPPn><sln:gmIIPWersja>2012-09-26T22:15:21+02:00</sln:gmIIPWersja><sln:gmIdTeryt>2004053</sln:gmIdTeryt><sln:gmNazwa>Szczuczyn</sln:gmNazwa><sln:miejscIIPId>b19bddfb-2cb4-4f21-a8ad-8148ce118181</sln:miejscIIPId><sln:miejscIIPPn>PL.PZGIK.200</sln:miejscIIPPn><sln:miejscIIPWersja>2016-11-24T13:47:31+02:00</sln:miejscIIPWersja><sln:miejscIdTeryt>0407049</sln:miejscIdTeryt><sln:miejscNazwa>Adamowo</sln:miejscNazwa><sln:miejscRodzaj>Inny obiekt</sln:miejscRodzaj><sln:powIIPId>617d8c92-7cef-423d-bc3c-9753ef5a6aa3</sln:powIIPId><sln:powIIPPn>PL.PZGIK.200</sln:powIIPPn><sln:powIIPWersja>2012-09-27T09:26:09+02:00</sln:powIIPWersja><sln:powIdTeryt>2004</sln:powIdTeryt><sln:powNazwa>grajewski</sln:powNazwa><sln:wojIIPId>53ad7aea-d9d3-40c9-9a5c-ff737d5b076e</sln:wojIIPId><sln:wojIIPPn>PL.PZGIK.200</sln:wojIIPPn><sln:wojIIPWersja>2017-10-10T00:00:00+02:00</sln:wojIIPWersja><sln:wojIdTeryt>20</sln:wojIdTeryt><sln:wojNazwa>podlaskie</sln:wojNazwa></sln:miejscowosc><sln:miejscowosc><sln:cyklZyciaDo>2016-11-27T00:00:00+01:00</sln:cyklZyciaDo><sln:cyklZyciaOd>2015-04-27T00:00:00+02:00</sln:cyklZyciaOd><sln:gmIIPId>48dd5b94-88bd-4dd2-9676-aa226f98cc1d</sln:gmIIPId><sln:gmIIPPn>PL.PZGIK.200</sln:gmIIPPn><sln:gmIIPWersja>2012-09-26T22:15:21+02:00</sln:gmIIPWersja><sln:gmIdTeryt>2004053</sln:gmIdTeryt><sln:gmNazwa>Szczuczyn</sln:gmNazwa><sln:miejscIIPId>1d823958-2277-4010-a014-5ad88d5e3c56</sln:miejscIIPId><sln:miejscIIPPn>PL.PZGIK.200</sln:miejscIIPPn><sln:miejscIIPWersja>2016-11-24T13:48:16+02:00</sln:miejscIIPWersja><sln:miejscIdTeryt>0957577</sln:miejscIdTeryt><sln:miejscNazwa>Bajwaki</sln:miejscNazwa><sln:miejscRodzaj>Inny obiekt</sln:miejscRodzaj><sln:powIIPId>617d8c92-7cef-423d-bc3c-9753ef5a6aa3</sln:powIIPId><sln:powIIPPn>PL.PZGIK.200</sln:powIIPPn><sln:powIIPWersja>2012-09-27T09:26:09+02:00</sln:powIIPWersja><sln:powIdTeryt>2004</sln:powIdTeryt><sln:powNazwa>grajewski</sln:powNazwa><sln:wojIIPId>53ad7aea-d9d3-40c9-9a5c-ff737d5b076e</sln:wojIIPId><sln:wojIIPPn>PL.PZGIK.200</sln:wojIIPPn><sln:wojIIPWersja>2017-10-10T00:00:00+02:00</sln:wojIIPWersja><sln:wojIdTeryt>20</sln:wojIdTeryt><sln:wojNazwa>podlaskie</sln:wojNazwa></sln:miejscowosc><sln:miejscowosc><sln:cyklZyciaDo>2016-11-27T00:00:00+01:00</sln:cyklZyciaDo><sln:cyklZyciaOd>2015-04-27T00:00:00+02:00</sln:cyklZyciaOd><sln:gmIIPId>48dd5b94-88bd-4dd2-9676-aa226f98cc1d</sln:gmIIPId><sln:gmIIPPn>PL.PZGIK.200</sln:gmIIPPn><sln:gmIIPWersja>2012-09-26T22:15:21+02:00</sln:gmIIPWersja><sln:gmIdTeryt>2004053</sln:gmIdTeryt><sln:gmNazwa>Szczuczyn</sln:gmNazwa><sln:miejscIIPId>b12000f3-e766-43c5-a753-4fa3c8696ca0</sln:miejscIIPId><sln:miejscIIPPn>PL.PZGIK.200</sln:miejscIIPPn><sln:miejscIIPWersja>2016-11-24T13:49:09+02:00</sln:miejscIIPWersja><sln:miejscIdTeryt>0406802</sln:miejscIdTeryt><sln:miejscNazwa>Zofiówka</sln:miejscNazwa><sln:miejscRodzaj>Kolonia</sln:miejscRodzaj><sln:powIIPId>617d8c92-7cef-423d-bc3c-9753ef5a6aa3</sln:powIIPId><sln:powIIPPn>PL.PZGIK.200</sln:powIIPPn><sln:powIIPWersja>2012-09-27T09:26:09+02:00</sln:powIIPWersja><sln:powIdTeryt>2004</sln:powIdTeryt><sln:powNazwa>grajewski</sln:powNazwa><sln:wojIIPId>53ad7aea-d9d3-40c9-9a5c-ff737d5b076e</sln:wojIIPId><sln:wojIIPPn>PL.PZGIK.200</sln:wojIIPPn><sln:wojIIPWersja>2017-10-10T00:00:00+02:00</sln:wojIIPWersja><sln:wojIdTeryt>20</sln:wojIdTeryt><sln:wojNazwa>podlaskie</sln:wojNazwa></sln:miejscowosc><sln:miejscowosc><sln:cyklZyciaDo>2017-12-14T00:00:00+01:00</sln:cyklZyciaDo><sln:cyklZyciaOd>2015-04-27T00:00:00+02:00</sln:cyklZyciaOd><sln:gmIIPId>48dd5b94-88bd-4dd2-9676-aa226f98cc1d</sln:gmIIPId><sln:gmIIPPn>PL.PZGIK.200</sln:gmIIPPn><sln:gmIIPWersja>2012-09-26T22:15:21+02:00</sln:gmIIPWersja><sln:gmIdTeryt>2004053</sln:gmIdTeryt><sln:gmNazwa>Szczuczyn</sln:gmNazwa><sln:miejscIIPId>6311a12f-721a-444d-86fb-767b500e03d4</sln:miejscIIPId><sln:miejscIIPPn>PL.PZGIK.200</sln:miejscIIPPn><sln:miejscIIPWersja>2016-11-24T13:39:45+02:00</sln:miejscIIPWersja><sln:miejscIdTeryt>0406890</sln:miejscIdTeryt><sln:miejscNazwa>Koniecki-Rostroszewo</sln:miejscNazwa><sln:miejscRodzaj>Wieś</sln:miejscRodzaj><sln:powIIPId>617d8c92-7cef-423d-bc3c-9753ef5a6aa3</sln:powIIPId><sln:powIIPPn>PL.PZGIK.200</sln:powIIPPn><sln:powIIPWersja>2012-09-27T09:26:09+02:00</sln:powIIPWersja><sln:powIdTeryt>2004</sln:powIdTeryt><sln:powNazwa>grajewski</sln:powNazwa><sln:wojIIPId>53ad7aea-d9d3-40c9-9a5c-ff737d5b076e</sln:wojIIPId><sln:wojIIPPn>PL.PZGIK.200</sln:wojIIPPn><sln:wojIIPWersja>2017-10-10T00:00:00+02:00</sln:wojIIPWersja><sln:wojIdTeryt>20</sln:wojIdTeryt><sln:wojNazwa>podlaskie</sln:wojNazwa></sln:miejscowosc><sln:miejscowosc><sln:cyklZyciaDo>2017-12-14T00:00:00+01:00</sln:cyklZyciaDo><sln:cyklZyciaOd>2015-04-27T00:00:00+02:00</sln:cyklZyciaOd><sln:gmIIPId>48dd5b94-88bd-4dd2-9676-aa226f98cc1d</sln:gmIIPId><sln:gmIIPPn>PL.PZGIK.200</sln:gmIIPPn><sln:gmIIPWersja>2012-09-26T22:15:21+02:00</sln:gmIIPWersja><sln:gmIdTeryt>2004053</sln:gmIdTeryt><sln:gmNazwa>Szczuczyn</sln:gmNazwa><sln:miejscIIPId>58e0a27d-47b8-4c46-a5b8-bb5fe7d517ce</sln:miejscIIPId><sln:miejscIIPPn>PL.PZGIK.200</sln:miejscIIPPn><sln:miejscIIPWersja>2016-11-24T13:29:37+02:00</sln:miejscIIPWersja><sln:miejscIdTeryt>0406989</sln:miejscIdTeryt><sln:miejscNazwa>Rakowo</sln:miejscNazwa><sln:miejscRodzaj>Wieś</sln:miejscRodzaj><sln:powIIPId>617d8c92-7cef-423d-bc3c-9753ef5a6aa3</sln:powIIPId><sln:powIIPPn>PL.PZGIK.200</sln:powIIPPn><sln:powIIPWersja>2012-09-27T09:26:09+02:00</sln:powIIPWersja><sln:powIdTeryt>2004</sln:powIdTeryt><sln:powNazwa>grajewski</sln:powNazwa><sln:wojIIPId>53ad7aea-d9d3-40c9-9a5c-ff737d5b076e</sln:wojIIPId><sln:wojIIPPn>PL.PZGIK.200</sln:wojIIPPn><sln:wojIIPWersja>2017-10-10T00:00:00+02:00</sln:wojIIPWersja><sln:wojIdTeryt>20</sln:wojIdTeryt><sln:wojNazwa>podlaskie</sln:wojNazwa></sln:miejscowosc><sln:miejscowosc><sln:cyklZyciaDo>2017-12-14T00:00:00+01:00</sln:cyklZyciaDo><sln:cyklZyciaOd>2015-04-27T00:00:00+02:00</sln:cyklZyciaOd><sln:gmIIPId>48dd5b94-88bd-4dd2-9676-aa226f98cc1d</sln:gmIIPId><sln:gmIIPPn>PL.PZGIK.200</sln:gmIIPPn><sln:gmIIPWersja>2012-09-26T22:15:21+02:00</sln:gmIIPWersja><sln:gmIdTeryt>2004053</sln:gmIdTeryt><sln:gmNazwa>Szczuczyn</sln:gmNazwa><sln:miejscIIPId>489ecb08-c15a-4bd7-8845-8f9a70b01f61</sln:miejscIIPId><sln:miejscIIPPn>PL.PZGIK.200</sln:miejscIIPPn><sln:miejscIIPWersja>2016-11-24T13:42:17+02:00</sln:miejscIIPWersja><sln:miejscIdTeryt>0406937</sln:miejscIdTeryt><sln:miejscNazwa>Milewo</sln:miejscNazwa><sln:miejscRodzaj>Wieś</sln:miejscRodzaj><sln:powIIPId>617d8c92-7cef-423d-bc3c-9753ef5a6aa3</sln:powIIPId><sln:powIIPPn>PL.PZGIK.200</sln:powIIPPn><sln:powIIPWersja>2012-09-27T09:26:09+02:00</sln:powIIPWersja><sln:powIdTeryt>2004</sln:powIdTeryt><sln:powNazwa>grajewski</sln:powNazwa><sln:wojIIPId>53ad7aea-d9d3-40c9-9a5c-ff737d5b076e</sln:wojIIPId><sln:wojIIPPn>PL.PZGIK.200</sln:wojIIPPn><sln:wojIIPWersja>2017-10-10T00:00:00+02:00</sln:wojIIPWersja><sln:wojIdTeryt>20</sln:wojIdTeryt><sln:wojNazwa>podlaskie</sln:wojNazwa></sln:miejscowosc><sln:miejscowosc><sln:cyklZyciaDo>2017-12-14T00:00:00+01:00</sln:cyklZyciaDo><sln:cyklZyciaOd>2015-04-27T00:00:00+02:00</sln:cyklZyciaOd><sln:gmIIPId>48dd5b94-88bd-4dd2-9676-aa226f98cc1d</sln:gmIIPId><sln:gmIIPPn>PL.PZGIK.200</sln:gmIIPPn><sln:gmIIPWersja>2012-09-26T22:15:21+02:00</sln:gmIIPWersja><sln:gmIdTeryt>2004053</sln:gmIdTeryt><sln:gmNazwa>Szczuczyn</sln:gmNazwa><sln:miejscIIPId>cd0826c6-6116-4d90-bec3-be7306932d09</sln:miejscIIPId><sln:miejscIIPPn>PL.PZGIK.200</sln:miejscIIPPn><sln:miejscIIPWersja>2016-11-24T13:36:38+02:00</sln:miejscIIPWersja><sln:miejscIdTeryt>0406854</sln:miejscIdTeryt><sln:miejscNazwa>Dołęgi</sln:miejscNazwa><sln:miejscRodzaj>Wieś</sln:miejscRodzaj><sln:powIIPId>617d8c92-7cef-423d-bc3c-9753ef5a6aa3</sln:powIIPId><sln:powIIPPn>PL.PZGIK.200</sln:powIIPPn><sln:powIIPWersja>2012-09-27T09:26:09+02:00</sln:powIIPWersja><sln:powIdTeryt>2004</sln:powIdTeryt><sln:powNazwa>grajewski</sln:powNazwa><sln:wojIIPId>53ad7aea-d9d3-40c9-9a5c-ff737d5b076e</sln:wojIIPId><sln:wojIIPPn>PL.PZGIK.200</sln:wojIIPPn><sln:wojIIPWersja>2017-10-10T00:00:00+02:00</sln:wojIIPWersja><sln:wojIdTeryt>20</sln:wojIdTeryt><sln:wojNazwa>podlaskie</sln:wojNazwa></sln:miejscowosc><sln:miejscowosc><sln:cyklZyciaDo>2017-12-14T00:00:00+01:00</sln:cyklZyciaDo><sln:cyklZyciaOd>2015-04-27T00:00:00+02:00</sln:cyklZyciaOd><sln:gmIIPId>48dd5b94-88bd-4dd2-9676-aa226f98cc1d</sln:gmIIPId><sln:gmIIPPn>PL.PZGIK.200</sln:gmIIPPn><sln:gmIIPWersja>2012-09-26T22:15:21+02:00</sln:gmIIPWersja><sln:gmIdTeryt>2004053</sln:gmIdTeryt><sln:gmNazwa>Szczuczyn</sln:gmNazwa><sln:miejscIIPId>047ae9ec-83fa-4e7c-944e-ecf9792112c3</sln:miejscIIPId><sln:miejscIIPPn>PL.PZGIK.200</sln:miejscIIPPn><sln:miejscIIPWersja>2016-11-24T13:43:43+02:00</sln:miejscIIPWersja><sln:miejscIdTeryt>0406972</sln:miejscIdTeryt><sln:miejscNazwa>Obrytki</sln:miejscNazwa><sln:miejscRodzaj>Wieś</sln:miejscRodzaj><sln:powIIPId>617d8c92-7cef-423d-bc3c-9753ef5a6aa3</sln:powIIPId><sln:powIIPPn>PL.PZGIK.200</sln:powIIPPn><sln:powIIPWersja>2012-09-27T09:26:09+02:00</sln:powIIPWersja><sln:powIdTeryt>2004</sln:powIdTeryt><sln:powNazwa>grajewski</sln:powNazwa><sln:wojIIPId>53ad7aea-d9d3-40c9-9a5c-ff737d5b076e</sln:wojIIPId><sln:wojIIPPn>PL.PZGIK.200</sln:wojIIPPn><sln:wojIIPWersja>2017-10-10T00:00:00+02:00</sln:wojIIPWersja><sln:wojIdTeryt>20</sln:wojIdTeryt><sln:wojNazwa>podlaskie</sln:wojNazwa></sln:miejscowosc><sln:miejscowosc><sln:cyklZyciaDo>2017-12-14T00:00:00+01:00</sln:cyklZyciaDo><sln:cyklZyciaOd>2015-04-27T00:00:00+02:00</sln:cyklZyciaOd><sln:gmIIPId>48dd5b94-88bd-4dd2-9676-aa226f98cc1d</sln:gmIIPId><sln:gmIIPPn>PL.PZGIK.200</sln:gmIIPPn><sln:gmIIPWersja>2012-09-26T22:15:21+02:00</sln:gmIIPWersja><sln:gmIdTeryt>2004053</sln:gmIdTeryt><sln:gmNazwa>Szczuczyn</sln:gmNazwa><sln:miejscIIPId>5f2417b8-889a-44c8-b6d2-30127db2d3f3</sln:miejscIIPId><sln:miejscIIPPn>PL.PZGIK.200</sln:miejscIIPPn><sln:miejscIIPWersja>2016-11-24T13:32:45+02:00</sln:miejscIIPWersja><sln:miejscIdTeryt>0406794</sln:miejscIdTeryt><sln:miejscNazwa>Bzury</sln:miejscNazwa><sln:miejscRodzaj>Wieś</sln:miejscRodzaj><sln:powIIPId>617d8c92-7cef-423d-bc3c-9753ef5a6aa3</sln:powIIPId><sln:powIIPPn>PL.PZGIK.200</sln:powIIPPn><sln:powIIPWersja>2012-09-27T09:26:09+02:00</sln:powIIPWersja><sln:powIdTeryt>2004</sln:powIdTeryt><sln:powNazwa>grajewski</sln:powNazwa><sln:wojIIPId>53ad7aea-d9d3-40c9-9a5c-ff737d5b076e</sln:wojIIPId><sln:wojIIPPn>PL.PZGIK.200</sln:wojIIPPn><sln:wojIIPWersja>2017-10-10T00:00:00+02:00</sln:wojIIPWersja><sln:wojIdTeryt>20</sln:wojIdTeryt><sln:wojNazwa>podlaskie</sln:wojNazwa></sln:miejscowosc><sln:miejscowosc><sln:cyklZyciaDo>2017-12-14T00:00:00+01:00</sln:cyklZyciaDo><sln:cyklZyciaOd>2015-04-27T00:00:00+02:00</sln:cyklZyciaOd><sln:gmIIPId>48dd5b94-88bd-4dd2-9676-aa226f98cc1d</sln:gmIIPId><sln:gmIIPPn>PL.PZGIK.200</sln:gmIIPPn><sln:gmIIPWersja>2012-09-26T22:15:21+02:00</sln:gmIIPWersja><sln:gmIdTeryt>2004053</sln:gmIdTeryt><sln:gmNazwa>Szczuczyn</sln:gmNazwa><sln:miejscIIPId>4783b7c8-2a29-48df-b946-15c072850fc0</sln:miejscIIPId><sln:miejscIIPPn>PL.PZGIK.200</sln:miejscIIPPn><sln:miejscIIPWersja>2016-11-24T13:35:49+02:00</sln:miejscIIPWersja><sln:miejscIdTeryt>0406831</sln:miejscIdTeryt><sln:miejscNazwa>Czarnówek</sln:miejscNazwa><sln:miejscRodzaj>Wieś</sln:miejscRodzaj><sln:powIIPId>617d8c92-7cef-423d-bc3c-9753ef5a6aa3</sln:powIIPId><sln:powIIPPn>PL.PZGIK.200</sln:powIIPPn><sln:powIIPWersja>2012-09-27T09:26:09+02:00</sln:powIIPWersja><sln:powIdTeryt>2004</sln:powIdTeryt><sln:powNazwa>grajewski</sln:powNazwa><sln:wojIIPId>53ad7aea-d9d3-40c9-9a5c-ff737d5b076e</sln:wojIIPId><sln:wojIIPPn>PL.PZGIK.200</sln:wojIIPPn><sln:wojIIPWersja>2017-10-10T00:00:00+02:00</sln:wojIIPWersja><sln:wojIdTeryt>20</sln:wojIdTeryt><sln:wojNazwa>podlaskie</sln:wojNazwa></sln:miejscowosc><sln:miejscowosc><sln:cyklZyciaDo>2016-11-27T00:00:00+01:00</sln:cyklZyciaDo><sln:cyklZyciaOd>2015-04-27T00:00:00+02:00</sln:cyklZyciaOd><sln:gmIIPId>48dd5b94-88bd-4dd2-9676-aa226f98cc1d</sln:gmIIPId><sln:gmIIPPn>PL.PZGIK.200</sln:gmIIPPn><sln:gmIIPWersja>2012-09-26T22:15:21+02:00</sln:gmIIPWersja><sln:gmIdTeryt>2004053</sln:gmIdTeryt><sln:gmNazwa>Szczuczyn</sln:gmNazwa><sln:miejscIIPId>594fd693-67cb-4260-b421-58f602eeed42</sln:miejscIIPId><sln:miejscIIPPn>PL.PZGIK.200</sln:miejscIIPPn><sln:miejscIIPWersja>2016-11-24T13:48:16+02:00</sln:miejscIIPWersja><sln:miejscIdTeryt>0957583</sln:miejscIdTeryt><sln:miejscNazwa>Gubernia</sln:miejscNazwa><sln:miejscRodzaj>Inny obiekt</sln:miejscRodzaj><sln:powIIPId>617d8c92-7cef-423d-bc3c-9753ef5a6aa3</sln:powIIPId><sln:powIIPPn>PL.PZGIK.200</sln:powIIPPn><sln:powIIPWersja>2012-09-27T09:26:09+02:00</sln:powIIPWersja><sln:powIdTeryt>2004</sln:powIdTeryt><sln:powNazwa>grajewski</sln:powNazwa><sln:wojIIPId>53ad7aea-d9d3-40c9-9a5c-ff737d5b076e</sln:wojIIPId><sln:wojIIPPn>PL.PZGIK.200</sln:wojIIPPn><sln:wojIIPWersja>2017-10-10T00:00:00+02:00</sln:wojIIPWersja><sln:wojIdTeryt>20</sln:wojIdTeryt><sln:wojNazwa>podlaskie</sln:wojNazwa></sln:miejscowosc><sln:miejscowosc><sln:cyklZyciaDo>2017-12-14T00:00:00+01:00</sln:cyklZyciaDo><sln:cyklZyciaOd>2015-04-27T00:00:00+02:00</sln:cyklZyciaOd><sln:gmIIPId>48dd5b94-88bd-4dd2-9676-aa226f98cc1d</sln:gmIIPId><sln:gmIIPPn>PL.PZGIK.200</sln:gmIIPPn><sln:gmIIPWersja>2012-09-26T22:15:21+02:00</sln:gmIIPWersja><sln:gmIdTeryt>2004053</sln:gmIdTeryt><sln:gmNazwa>Szczuczyn</sln:gmNazwa><sln:miejscIIPId>eb73e7b7-9dbc-47ba-98d8-949bd6d7b263</sln:miejscIIPId><sln:miejscIIPPn>PL.PZGIK.200</sln:miejscIIPPn><sln:miejscIIPWersja>2016-11-24T13:30:39+02:00</sln:miejscIIPWersja><sln:miejscIdTeryt>0407003</sln:miejscIdTeryt><sln:miejscNazwa>Skaje</sln:miejscNazwa><sln:miejscRodzaj>Wieś</sln:miejscRodzaj><sln:powIIPId>617d8c92-7cef-423d-bc3c-9753ef5a6aa3</sln:powIIPId><sln:powIIPPn>PL.PZGIK.200</sln:powIIPPn><sln:powIIPWersja>2012-09-27T09:26:09+02:00</sln:powIIPWersja><sln:powIdTeryt>2004</sln:powIdTeryt><sln:powNazwa>grajewski</sln:powNazwa><sln:wojIIPId>53ad7aea-d9d3-40c9-9a5c-ff737d5b076e</sln:wojIIPId><sln:wojIIPPn>PL.PZGIK.200</sln:wojIIPPn><sln:wojIIPWersja>2017-10-10T00:00:00+02:00</sln:wojIIPWersja><sln:wojIdTeryt>20</sln:wojIdTeryt><sln:wojNazwa>podlaskie</sln:wojNazwa></sln:miejscowosc><sln:miejscowosc><sln:cyklZyciaDo>2017-12-14T00:00:00+01:00</sln:cyklZyciaDo><sln:cyklZyciaOd>2015-04-27T00:00:00+02:00</sln:cyklZyciaOd><sln:gmIIPId>48dd5b94-88bd-4dd2-9676-aa226f98cc1d</sln:gmIIPId><sln:gmIIPPn>PL.PZGIK.200</sln:gmIIPPn><sln:gmIIPWersja>2012-09-26T22:15:21+02:00</sln:gmIIPWersja><sln:gmIdTeryt>2004053</sln:gmIdTeryt><sln:gmNazwa>Szczuczyn</sln:gmNazwa><sln:miejscIIPId>3630a4cd-3feb-4882-bd7f-d3a7e93b0ed2</sln:miejscIIPId><sln:miejscIIPPn>PL.PZGIK.200</sln:miejscIIPPn><sln:miejscIIPWersja>2016-11-24T13:33:43+02:00</sln:miejscIIPWersja><sln:miejscIdTeryt>0407084</sln:miejscIdTeryt><sln:miejscNazwa>Wólka</sln:miejscNazwa><sln:miejscRodzaj>Wieś</sln:miejscRodzaj><sln:powIIPId>617d8c92-7cef-423d-bc3c-9753ef5a6aa3</sln:powIIPId><sln:powIIPPn>PL.PZGIK.200</sln:powIIPPn><sln:powIIPWersja>2012-09-27T09:26:09+02:00</sln:powIIPWersja><sln:powIdTeryt>2004</sln:powIdTeryt><sln:powNazwa>grajewski</sln:powNazwa><sln:wojIIPId>53ad7aea-d9d3-40c9-9a5c-ff737d5b076e</sln:wojIIPId><sln:wojIIPPn>PL.PZGIK.200</sln:wojIIPPn><sln:wojIIPWersja>2017-10-10T00:00:00+02:00</sln:wojIIPWersja><sln:wojIdTeryt>20</sln:wojIdTeryt><sln:wojNazwa>podlaskie</sln:wojNazwa></sln:miejscowosc><sln:miejscowosc><sln:cyklZyciaDo>2017-12-14T00:00:00+01:00</sln:cyklZyciaDo><sln:cyklZyciaOd>2015-04-27T00:00:00+02:00</sln:cyklZyciaOd><sln:gmIIPId>48dd5b94-88bd-4dd2-9676-aa226f98cc1d</sln:gmIIPId><sln:gmIIPPn>PL.PZGIK.200</sln:gmIIPPn><sln:gmIIPWersja>2012-09-26T22:15:21+02:00</sln:gmIIPWersja><sln:gmIdTeryt>2004053</sln:gmIdTeryt><sln:gmNazwa>Szczuczyn</sln:gmNazwa><sln:miejscIIPId>85e29721-bf60-4296-8bf4-6e13118557a6</sln:miejscIIPId><sln:miejscIIPPn>PL.PZGIK.200</sln:miejscIIPPn><sln:miejscIIPWersja>2016-11-24T13:35:49+02:00</sln:miejscIIPWersja><sln:miejscIdTeryt>0406825</sln:miejscIdTeryt><sln:miejscNazwa>Czarnowo</sln:miejscNazwa><sln:miejscRodzaj>Wieś</sln:miejscRodzaj><sln:powIIPId>617d8c92-7cef-423d-bc3c-9753ef5a6aa3</sln:powIIPId><sln:powIIPPn>PL.PZGIK.200</sln:powIIPPn><sln:powIIPWersja>2012-09-27T09:26:09+02:00</sln:powIIPWersja><sln:powIdTeryt>2004</sln:powIdTeryt><sln:powNazwa>grajewski</sln:powNazwa><sln:wojIIPId>53ad7aea-d9d3-40c9-9a5c-ff737d5b076e</sln:wojIIPId><sln:wojIIPPn>PL.PZGIK.200</sln:wojIIPPn><sln:wojIIPWersja>2017-10-10T00:00:00+02:00</sln:wojIIPWersja><sln:wojIdTeryt>20</sln:wojIdTeryt><sln:wojNazwa>podlaskie</sln:wojNazwa></sln:miejscowosc><sln:miejscowosc><sln:cyklZyciaDo>2017-12-14T00:00:00+01:00</sln:cyklZyciaDo><sln:cyklZyciaOd>2015-04-27T00:00:00+02:00</sln:cyklZyciaOd><sln:gmIIPId>48dd5b94-88bd-4dd2-9676-aa226f98cc1d</sln:gmIIPId><sln:gmIIPPn>PL.PZGIK.200</sln:gmIIPPn><sln:gmIIPWersja>2012-09-26T22:15:21+02:00</sln:gmIIPWersja><sln:gmIdTeryt>2004053</sln:gmIdTeryt><sln:gmNazwa>Szczuczyn</sln:gmNazwa><sln:miejscIIPId>cbb4bf32-3901-401c-88eb-0c11c385efec</sln:miejscIIPId><sln:miejscIIPPn>PL.PZGIK.200</sln:miejscIIPPn><sln:miejscIIPWersja>2016-11-24T13:31:16+02:00</sln:miejscIIPWersja><sln:miejscIdTeryt>0407032</sln:miejscIdTeryt><sln:miejscNazwa>Stare Guty</sln:miejscNazwa><sln:miejscRodzaj>Wieś</sln:miejscRodzaj><sln:powIIPId>617d8c92-7cef-423d-bc3c-9753ef5a6aa3</sln:powIIPId><sln:powIIPPn>PL.PZGIK.200</sln:powIIPPn><sln:powIIPWersja>2012-09-27T09:26:09+02:00</sln:powIIPWersja><sln:powIdTeryt>2004</sln:powIdTeryt><sln:powNazwa>grajewski</sln:powNazwa><sln:wojIIPId>53ad7aea-d9d3-40c9-9a5c-ff737d5b076e</sln:wojIIPId><sln:wojIIPPn>PL.PZGIK.200</sln:wojIIPPn><sln:wojIIPWersja>2017-10-10T00:00:00+02:00</sln:wojIIPWersja><sln:wojIdTeryt>20</sln:wojIdTeryt><sln:wojNazwa>podlaskie</sln:wojNazwa></sln:miejscowosc><sln:miejscowosc><sln:cyklZyciaDo>2017-12-14T00:00:00+01:00</sln:cyklZyciaDo><sln:cyklZyciaOd>2015-04-27T00:00:00+02:00</sln:cyklZyciaOd><sln:gmIIPId>48dd5b94-88bd-4dd2-9676-aa226f98cc1d</sln:gmIIPId><sln:gmIIPPn>PL.PZGIK.200</sln:gmIIPPn><sln:gmIIPWersja>2012-09-26T22:15:21+02:00</sln:gmIIPWersja><sln:gmIdTeryt>2004053</sln:gmIdTeryt><sln:gmNazwa>Szczuczyn</sln:gmNazwa><sln:miejscIIPId>2b1f04f9-c58e-45c9-8404-7bdda7add0dc</sln:miejscIIPId><sln:miejscIIPPn>PL.PZGIK.200</sln:miejscIIPPn><sln:miejscIIPWersja>2016-11-24T13:39:45+02:00</sln:miejscIIPWersja><sln:miejscIdTeryt>0406883</sln:miejscIdTeryt><sln:miejscNazwa>Koniecki Małe</sln:miejscNazwa><sln:miejscRodzaj>Wieś</sln:miejscRodzaj><sln:powIIPId>617d8c92-7cef-423d-bc3c-9753ef5a6aa3</sln:powIIPId><sln:powIIPPn>PL.PZGIK.200</sln:powIIPPn><sln:powIIPWersja>2012-09-27T09:26:09+02:00</sln:powIIPWersja><sln:powIdTeryt>2004</sln:powIdTeryt><sln:powNazwa>grajewski</sln:powNazwa><sln:wojIIPId>53ad7aea-d9d3-40c9-9a5c-ff737d5b076e</sln:wojIIPId><sln:wojIIPPn>PL.PZGIK.200</sln:wojIIPPn><sln:wojIIPWersja>2017-10-10T00:00:00+02:00</sln:wojIIPWersja><sln:wojIdTeryt>20</sln:wojIdTeryt><sln:wojNazwa>podlaskie</sln:wojNazwa></sln:miejscowosc><sln:miejscowosc><sln:cyklZyciaDo>2017-12-14T00:00:00+01:00</sln:cyklZyciaDo><sln:cyklZyciaOd>2015-04-27T00:00:00+02:00</sln:cyklZyciaOd><sln:gmIIPId>48dd5b94-88bd-4dd2-9676-aa226f98cc1d</sln:gmIIPId><sln:gmIIPPn>PL.PZGIK.200</sln:gmIIPPn><sln:gmIIPWersja>2012-09-26T22:15:21+02:00</sln:gmIIPWersja><sln:gmIdTeryt>2004053</sln:gmIdTeryt><sln:gmNazwa>Szczuczyn</sln:gmNazwa><sln:miejscIIPId>77a7b957-5ddd-4c74-9048-d882336e3850</sln:miejscIIPId><sln:miejscIIPPn>PL.PZGIK.200</sln:miejscIIPPn><sln:miejscIIPWersja>2016-11-24T13:40:43+02:00</sln:miejscIIPWersja><sln:miejscIdTeryt>0406908</sln:miejscIdTeryt><sln:miejscNazwa>Kurki</sln:miejscNazwa><sln:miejscRodzaj>Wieś</sln:miejscRodzaj><sln:powIIPId>617d8c92-7cef-423d-bc3c-9753ef5a6aa3</sln:powIIPId><sln:powIIPPn>PL.PZGIK.200</sln:powIIPPn><sln:powIIPWersja>2012-09-27T09:26:09+02:00</sln:powIIPWersja><sln:powIdTeryt>2004</sln:powIdTeryt><sln:powNazwa>grajewski</sln:powNazwa><sln:wojIIPId>53ad7aea-d9d3-40c9-9a5c-ff737d5b076e</sln:wojIIPId><sln:wojIIPPn>PL.PZGIK.200</sln:wojIIPPn><sln:wojIIPWersja>2017-10-10T00:00:00+02:00</sln:wojIIPWersja><sln:wojIdTeryt>20</sln:wojIdTeryt><sln:wojNazwa>podlaskie</sln:wojNazwa></sln:miejscowosc><sln:miejscowosc><sln:cyklZyciaDo>2016-11-27T00:00:00+01:00</sln:cyklZyciaDo><sln:cyklZyciaOd>2015-04-27T00:00:00+02:00</sln:cyklZyciaOd><sln:gmIIPId>48dd5b94-88bd-4dd2-9676-aa226f98cc1d</sln:gmIIPId><sln:gmIIPPn>PL.PZGIK.200</sln:gmIIPPn><sln:gmIIPWersja>2012-09-26T22:15:21+02:00</sln:gmIIPWersja><sln:gmIdTeryt>2004053</sln:gmIdTeryt><sln:gmNazwa>Szczuczyn</sln:gmNazwa><sln:miejscIIPId>5d58ab7e-beb0-4a71-ad25-b0d6d5c73e00</sln:miejscIIPId><sln:miejscIIPPn>PL.PZGIK.200</sln:miejscIIPPn><sln:miejscIIPWersja>2016-11-24T13:50:44+02:00</sln:miejscIIPWersja><sln:miejscIdTeryt>0407109</sln:miejscIdTeryt><sln:miejscNazwa>Nowe Zacieczki</sln:miejscNazwa><sln:miejscRodzaj>Inny obiekt</sln:miejscRodzaj><sln:powIIPId>617d8c92-7cef-423d-bc3c-9753ef5a6aa3</sln:powIIPId><sln:powIIPPn>PL.PZGIK.200</sln:powIIPPn><sln:powIIPWersja>2012-09-27T09:26:09+02:00</sln:powIIPWersja><sln:powIdTeryt>2004</sln:powIdTeryt><sln:powNazwa>grajewski</sln:powNazwa><sln:wojIIPId>53ad7aea-d9d3-40c9-9a5c-ff737d5b076e</sln:wojIIPId><sln:wojIIPPn>PL.PZGIK.200</sln:wojIIPPn><sln:wojIIPWersja>2017-10-10T00:00:00+02:00</sln:wojIIPWersja><sln:wojIdTeryt>20</sln:wojIdTeryt><sln:wojNazwa>podlaskie</sln:wojNazwa></sln:miejscowosc><sln:miejscowosc><sln:cyklZyciaDo>2017-12-14T00:00:00+01:00</sln:cyklZyciaDo><sln:cyklZyciaOd>2015-04-27T00:00:00+02:00</sln:cyklZyciaOd><sln:gmIIPId>48dd5b94-88bd-4dd2-9676-aa226f98cc1d</sln:gmIIPId><sln:gmIIPPn>PL.PZGIK.200</sln:gmIIPPn><sln:gmIIPWersja>2012-09-26T22:15:21+02:00</sln:gmIIPWersja><sln:gmIdTeryt>2004053</sln:gmIdTeryt><sln:gmNazwa>Szczuczyn</sln:gmNazwa><sln:miejscIIPId>e6777f1d-fab0-49f6-8339-0336e11af988</sln:miejscIIPId><sln:miejscIIPPn>PL.PZGIK.200</sln:miejscIIPPn><sln:miejscIIPWersja>2016-11-24T13:42:05+02:00</sln:miejscIIPWersja><sln:miejscIdTeryt>0406920</sln:miejscIdTeryt><sln:miejscNazwa>Mazewo</sln:miejscNazwa><sln:miejscRodzaj>Wieś</sln:miejscRodzaj><sln:powIIPId>617d8c92-7cef-423d-bc3c-9753ef5a6aa3</sln:powIIPId><sln:powIIPPn>PL.PZGIK.200</sln:powIIPPn><sln:powIIPWersja>2012-09-27T09:26:09+02:00</sln:powIIPWersja><sln:powIdTeryt>2004</sln:powIdTeryt><sln:powNazwa>grajewski</sln:powNazwa><sln:wojIIPId>53ad7aea-d9d3-40c9-9a5c-ff737d5b076e</sln:wojIIPId><sln:wojIIPPn>PL.PZGIK.200</sln:wojIIPPn><sln:wojIIPWersja>2017-10-10T00:00:00+02:00</sln:wojIIPWersja><sln:wojIdTeryt>20</sln:wojIdTeryt><sln:wojNazwa>podlaskie</sln:wojNazwa></sln:miejscowosc><sln:miejscowosc><sln:cyklZyciaOd>2017-12-14T00:00:00+01:00</sln:cyklZyciaOd><sln:gmIIPId>48dd5b94-88bd-4dd2-9676-aa226f98cc1d</sln:gmIIPId><sln:gmIIPPn>PL.PZGIK.200</sln:gmIIPPn><sln:gmIIPWersja>2012-09-26T22:15:21+02:00</sln:gmIIPWersja><sln:gmIdTeryt>2004053</sln:gmIdTeryt><sln:gmNazwa>Szczuczyn</sln:gmNazwa><sln:miejscIIPId>fa6d748d-2b8b-4269-b82d-7689f10ad31d</sln:miejscIIPId><sln:miejscIIPPn>PL.PZGIK.200</sln:miejscIIPPn><sln:miejscIIPWersja>2017-12-14T14:29:47+02:00</sln:miejscIIPWersja><sln:miejscIdTeryt>0406771</sln:miejscIdTeryt><sln:miejscNazwa>Bęćkowo</sln:miejscNazwa><sln:miejscRodzaj>Wieś</sln:miejscRodzaj><sln:powIIPId>617d8c92-7cef-423d-bc3c-9753ef5a6aa3</sln:powIIPId><sln:powIIPPn>PL.PZGIK.200</sln:powIIPPn><sln:powIIPWersja>2012-09-27T09:26:09+02:00</sln:powIIPWersja><sln:powIdTeryt>2004</sln:powIdTeryt><sln:powNazwa>grajewski</sln:powNazwa><sln:waznyOd>2017-09-26T00:00:00+02:00</sln:waznyOd><sln:wojIIPId>53ad7aea-d9d3-40c9-9a5c-ff737d5b076e</sln:wojIIPId><sln:wojIIPPn>PL.PZGIK.200</sln:wojIIPPn><sln:wojIIPWersja>2017-10-10T00:00:00+02:00</sln:wojIIPWersja><sln:wojIdTeryt>20</sln:wojIdTeryt><sln:wojNazwa>podlaskie</sln:wojNazwa></sln:miejscowosc><sln:miejscowosc><sln:cyklZyciaOd>2017-12-14T00:00:00+01:00</sln:cyklZyciaOd><sln:gmIIPId>48dd5b94-88bd-4dd2-9676-aa226f98cc1d</sln:gmIIPId><sln:gmIIPPn>PL.PZGIK.200</sln:gmIIPPn><sln:gmIIPWersja>2012-09-26T22:15:21+02:00</sln:gmIIPWersja><sln:gmIdTeryt>2004053</sln:gmIdTeryt><sln:gmNazwa>Szczuczyn</sln:gmNazwa><sln:miejscIIPId>790ad7be-9de6-4494-a1e4-cce653b156aa</sln:miejscIIPId><sln:miejscIIPPn>PL.PZGIK.200</sln:miejscIIPPn><sln:miejscIIPWersja>2017-12-14T14:29:52+02:00</sln:miejscIIPWersja><sln:miejscIdTeryt>0406788</sln:miejscIdTeryt><sln:miejscNazwa>Brzeźno</sln:miejscNazwa><sln:miejscRodzaj>Wieś</sln:miejscRodzaj><sln:powIIPId>617d8c92-7cef-423d-bc3c-9753ef5a6aa3</sln:powIIPId><sln:powIIPPn>PL.PZGIK.200</sln:powIIPPn><sln:powIIPWersja>2012-09-27T09:26:09+02:00</sln:powIIPWersja><sln:powIdTeryt>2004</sln:powIdTeryt><sln:powNazwa>grajewski</sln:powNazwa><sln:waznyOd>2017-09-26T00:00:00+02:00</sln:waznyOd><sln:wojIIPId>53ad7aea-d9d3-40c9-9a5c-ff737d5b076e</sln:wojIIPId><sln:wojIIPPn>PL.PZGIK.200</sln:wojIIPPn><sln:wojIIPWersja>2017-10-10T00:00:00+02:00</sln:wojIIPWersja><sln:wojIdTeryt>20</sln:wojIdTeryt><sln:wojNazwa>podlaskie</sln:wojNazwa></sln:miejscowosc><sln:miejscowosc><sln:cyklZyciaOd>2017-12-14T00:00:00+01:00</sln:cyklZyciaOd><sln:gmIIPId>48dd5b94-88bd-4dd2-9676-aa226f98cc1d</sln:gmIIPId><sln:gmIIPPn>PL.PZGIK.200</sln:gmIIPPn><sln:gmIIPWersja>2012-09-26T22:15:21+02:00</sln:gmIIPWersja><sln:gmIdTeryt>2004053</sln:gmIdTeryt><sln:gmNazwa>Szczuczyn</sln:gmNazwa><sln:miejscIIPId>17163264-ff49-45ca-97fc-b816e0398fbb</sln:miejscIIPId><sln:miejscIIPPn>PL.PZGIK.200</sln:miejscIIPPn><sln:miejscIIPWersja>2017-12-14T14:29:52+02:00</sln:miejscIIPWersja><sln:miejscIdTeryt>0406794</sln:miejscIdTeryt><sln:miejscNazwa>Bzury</sln:miejscNazwa><sln:miejscRodzaj>Wieś</sln:miejscRodzaj><sln:powIIPId>617d8c92-7cef-423d-bc3c-9753ef5a6aa3</sln:powIIPId><sln:powIIPPn>PL.PZGIK.200</sln:powIIPPn><sln:powIIPWersja>2012-09-27T09:26:09+02:00</sln:powIIPWersja><sln:powIdTeryt>2004</sln:powIdTeryt><sln:powNazwa>grajewski</sln:powNazwa><sln:waznyOd>2017-09-26T00:00:00+02:00</sln:waznyOd><sln:wojIIPId>53ad7aea-d9d3-40c9-9a5c-ff737d5b076e</sln:wojIIPId><sln:wojIIPPn>PL.PZGIK.200</sln:wojIIPPn><sln:wojIIPWersja>2017-10-10T00:00:00+02:00</sln:wojIIPWersja><sln:wojIdTeryt>20</sln:wojIdTeryt><sln:wojNazwa>podlaskie</sln:wojNazwa></sln:miejscowosc><sln:miejscowosc><sln:cyklZyciaOd>2017-12-14T00:00:00+01:00</sln:cyklZyciaOd><sln:gmIIPId>48dd5b94-88bd-4dd2-9676-aa226f98cc1d</sln:gmIIPId><sln:gmIIPPn>PL.PZGIK.200</sln:gmIIPPn><sln:gmIIPWersja>2012-09-26T22:15:21+02:00</sln:gmIIPWersja><sln:gmIdTeryt>2004053</sln:gmIdTeryt><sln:gmNazwa>Szczuczyn</sln:gmNazwa><sln:miejscIIPId>9d5e83a3-4350-4020-a2e4-c969ae8c1b19</sln:miejscIIPId><sln:miejscIIPPn>PL.PZGIK.200</sln:miejscIIPPn><sln:miejscIIPWersja>2017-12-14T14:29:52+02:00</sln:miejscIIPWersja><sln:miejscIdTeryt>0406819</sln:miejscIdTeryt><sln:miejscNazwa>Chojnowo</sln:miejscNazwa><sln:miejscRodzaj>Wieś</sln:miejscRodzaj><sln:powIIPId>617d8c92-7cef-423d-bc3c-9753ef5a6aa3</sln:powIIPId><sln:powIIPPn>PL.PZGIK.200</sln:powIIPPn><sln:powIIPWersja>2012-09-27T09:26:09+02:00</sln:powIIPWersja><sln:powIdTeryt>2004</sln:powIdTeryt><sln:powNazwa>grajewski</sln:powNazwa><sln:waznyOd>2017-09-26T00:00:00+02:00</sln:waznyOd><sln:wojIIPId>53ad7aea-d9d3-40c9-9a5c-ff737d5b076e</sln:wojIIPId><sln:wojIIPPn>PL.PZGIK.200</sln:wojIIPPn><sln:wojIIPWersja>2017-10-10T00:00:00+02:00</sln:wojIIPWersja><sln:wojIdTeryt>20</sln:wojIdTeryt><sln:wojNazwa>podlaskie</sln:wojNazwa></sln:miejscowosc><sln:miejscowosc><sln:cyklZyciaOd>2017-12-14T00:00:00+01:00</sln:cyklZyciaOd><sln:gmIIPId>48dd5b94-88bd-4dd2-9676-aa226f98cc1d</sln:gmIIPId><sln:gmIIPPn>PL.PZGIK.200</sln:gmIIPPn><sln:gmIIPWersja>2012-09-26T22:15:21+02:00</sln:gmIIPWersja><sln:gmIdTeryt>2004053</sln:gmIdTeryt><sln:gmNazwa>Szczuczyn</sln:gmNazwa><sln:miejscIIPId>b014a298-f7b6-475a-b9e6-e73de508d308</sln:miejscIIPId><sln:miejscIIPPn>PL.PZGIK.200</sln:miejscIIPPn><sln:miejscIIPWersja>2017-12-14T14:29:52+02:00</sln:miejscIIPWersja><sln:miejscIdTeryt>0406825</sln:miejscIdTeryt><sln:miejscNazwa>Czarnowo</sln:miejscNazwa><sln:miejscRodzaj>Wieś</sln:miejscRodzaj><sln:powIIPId>617d8c92-7cef-423d-bc3c-9753ef5a6aa3</sln:powIIPId><sln:powIIPPn>PL.PZGIK.200</sln:powIIPPn><sln:powIIPWersja>2012-09-27T09:26:09+02:00</sln:powIIPWersja><sln:powIdTeryt>2004</sln:powIdTeryt><sln:powNazwa>grajewski</sln:powNazwa><sln:waznyOd>2017-09-26T00:00:00+02:00</sln:waznyOd><sln:wojIIPId>53ad7aea-d9d3-40c9-9a5c-ff737d5b076e</sln:wojIIPId><sln:wojIIPPn>PL.PZGIK.200</sln:wojIIPPn><sln:wojIIPWersja>2017-10-10T00:00:00+02:00</sln:wojIIPWersja><sln:wojIdTeryt>20</sln:wojIdTeryt><sln:wojNazwa>podlaskie</sln:wojNazwa></sln:miejscowosc><sln:miejscowosc><sln:cyklZyciaOd>2017-12-14T00:00:00+01:00</sln:cyklZyciaOd><sln:gmIIPId>48dd5b94-88bd-4dd2-9676-aa226f98cc1d</sln:gmIIPId><sln:gmIIPPn>PL.PZGIK.200</sln:gmIIPPn><sln:gmIIPWersja>2012-09-26T22:15:21+02:00</sln:gmIIPWersja><sln:gmIdTeryt>2004053</sln:gmIdTeryt><sln:gmNazwa>Szczuczyn</sln:gmNazwa><sln:miejscIIPId>7a0d6004-541a-40f4-be64-ac869b532269</sln:miejscIIPId><sln:miejscIIPPn>PL.PZGIK.200</sln:miejscIIPPn><sln:miejscIIPWersja>2017-12-14T14:29:52+02:00</sln:miejscIIPWersja><sln:miejscIdTeryt>0406831</sln:miejscIdTeryt><sln:miejscNazwa>Czarnówek</sln:miejscNazwa><sln:miejscRodzaj>Wieś</sln:miejscRodzaj><sln:powIIPId>617d8c92-7cef-423d-bc3c-9753ef5a6aa3</sln:powIIPId><sln:powIIPPn>PL.PZGIK.200</sln:powIIPPn><sln:powIIPWersja>2012-09-27T09:26:09+02:00</sln:powIIPWersja><sln:powIdTeryt>2004</sln:powIdTeryt><sln:powNazwa>grajewski</sln:powNazwa><sln:waznyOd>2017-09-26T00:00:00+02:00</sln:waznyOd><sln:wojIIPId>53ad7aea-d9d3-40c9-9a5c-ff737d5b076e</sln:wojIIPId><sln:wojIIPPn>PL.PZGIK.200</sln:wojIIPPn><sln:wojIIPWersja>2017-10-10T00:00:00+02:00</sln:wojIIPWersja><sln:wojIdTeryt>20</sln:wojIdTeryt><sln:wojNazwa>podlaskie</sln:wojNazwa></sln:miejscowosc><sln:miejscowosc><sln:cyklZyciaOd>2017-12-14T00:00:00+01:00</sln:cyklZyciaOd><sln:gmIIPId>48dd5b94-88bd-4dd2-9676-aa226f98cc1d</sln:gmIIPId><sln:gmIIPPn>PL.PZGIK.200</sln:gmIIPPn><sln:gmIIPWersja>2012-09-26T22:15:21+02:00</sln:gmIIPWersja><sln:gmIdTeryt>2004053</sln:gmIdTeryt><sln:gmNazwa>Szczuczyn</sln:gmNazwa><sln:miejscIIPId>5d38f868-6b34-4f5d-a073-716b59c01462</sln:miejscIIPId><sln:miejscIIPPn>PL.PZGIK.200</sln:miejscIIPPn><sln:miejscIIPWersja>2017-12-14T14:29:52+02:00</sln:miejscIIPWersja><sln:miejscIdTeryt>0406848</sln:miejscIdTeryt><sln:miejscNazwa>Danowo</sln:miejscNazwa><sln:miejscRodzaj>Wieś</sln:miejscRodzaj><sln:powIIPId>617d8c92-7cef-423d-bc3c-9753ef5a6aa3</sln:powIIPId><sln:powIIPPn>PL.PZGIK.200</sln:powIIPPn><sln:powIIPWersja>2012-09-27T09:26:09+02:00</sln:powIIPWersja><sln:powIdTeryt>2004</sln:powIdTeryt><sln:powNazwa>grajewski</sln:powNazwa><sln:waznyOd>2017-09-26T00:00:00+02:00</sln:waznyOd><sln:wojIIPId>53ad7aea-d9d3-40c9-9a5c-ff737d5b076e</sln:wojIIPId><sln:wojIIPPn>PL.PZGIK.200</sln:wojIIPPn><sln:wojIIPWersja>2017-10-10T00:00:00+02:00</sln:wojIIPWersja><sln:wojIdTeryt>20</sln:wojIdTeryt><sln:wojNazwa>podlaskie</sln:wojNazwa></sln:miejscowosc><sln:miejscowosc><sln:cyklZyciaOd>2017-12-14T00:00:00+01:00</sln:cyklZyciaOd><sln:gmIIPId>48dd5b94-88bd-4dd2-9676-aa226f98cc1d</sln:gmIIPId><sln:gmIIPPn>PL.PZGIK.200</sln:gmIIPPn><sln:gmIIPWersja>2012-09-26T22:15:21+02:00</sln:gmIIPWersja><sln:gmIdTeryt>2004053</sln:gmIdTeryt><sln:gmNazwa>Szczuczyn</sln:gmNazwa><sln:miejscIIPId>26d81529-1d56-456c-858d-8324dfdd4e53</sln:miejscIIPId><sln:miejscIIPPn>PL.PZGIK.200</sln:miejscIIPPn><sln:miejscIIPWersja>2017-12-14T14:29:52+02:00</sln:miejscIIPWersja><sln:miejscIdTeryt>0406854</sln:miejscIdTeryt><sln:miejscNazwa>Dołęgi</sln:miejscNazwa><sln:miejscRodzaj>Wieś</sln:miejscRodzaj><sln:powIIPId>617d8c92-7cef-423d-bc3c-9753ef5a6aa3</sln:powIIPId><sln:powIIPPn>PL.PZGIK.200</sln:powIIPPn><sln:powIIPWersja>2012-09-27T09:26:09+02:00</sln:powIIPWersja><sln:powIdTeryt>2004</sln:powIdTeryt><sln:powNazwa>grajewski</sln:powNazwa><sln:waznyOd>2017-09-26T00:00:00+02:00</sln:waznyOd><sln:wojIIPId>53ad7aea-d9d3-40c9-9a5c-ff737d5b076e</sln:wojIIPId><sln:wojIIPPn>PL.PZGIK.200</sln:wojIIPPn><sln:wojIIPWersja>2017-10-10T00:00:00+02:00</sln:wojIIPWersja><sln:wojIdTeryt>20</sln:wojIdTeryt><sln:wojNazwa>podlaskie</sln:wojNazwa></sln:miejscowosc><sln:miejscowosc><sln:cyklZyciaOd>2017-12-14T00:00:00+01:00</sln:cyklZyciaOd><sln:gmIIPId>48dd5b94-88bd-4dd2-9676-aa226f98cc1d</sln:gmIIPId><sln:gmIIPPn>PL.PZGIK.200</sln:gmIIPPn><sln:gmIIPWersja>2012-09-26T22:15:21+02:00</sln:gmIIPWersja><sln:gmIdTeryt>2004053</sln:gmIdTeryt><sln:gmNazwa>Szczuczyn</sln:gmNazwa><sln:miejscIIPId>65779a21-c3bf-40ef-ab22-079801143228</sln:miejscIIPId><sln:miejscIIPPn>PL.PZGIK.200</sln:miejscIIPPn><sln:miejscIIPWersja>2017-12-14T14:29:52+02:00</sln:miejscIIPWersja><sln:miejscIdTeryt>0406860</sln:miejscIdTeryt><sln:miejscNazwa>Gutki</sln:miejscNazwa><sln:miejscRodzaj>Wieś</sln:miejscRodzaj><sln:powIIPId>617d8c92-7cef-423d-bc3c-9753ef5a6aa3</sln:powIIPId><sln:powIIPPn>PL.PZGIK.200</sln:powIIPPn><sln:powIIPWersja>2012-09-27T09:26:09+02:00</sln:powIIPWersja><sln:powIdTeryt>2004</sln:powIdTeryt><sln:powNazwa>grajewski</sln:powNazwa><sln:waznyOd>2017-09-29T00:00:00+02:00</sln:waznyOd><sln:wojIIPId>53ad7aea-d9d3-40c9-9a5c-ff737d5b076e</sln:wojIIPId><sln:wojIIPPn>PL.PZGIK.200</sln:wojIIPPn><sln:wojIIPWersja>2017-10-10T00:00:00+02:00</sln:wojIIPWersja><sln:wojIdTeryt>20</sln:wojIdTeryt><sln:wojNazwa>podlaskie</sln:wojNazwa></sln:miejscowosc><sln:miejscowosc><sln:cyklZyciaOd>2017-12-14T00:00:00+01:00</sln:cyklZyciaOd><sln:gmIIPId>48dd5b94-88bd-4dd2-9676-aa226f98cc1d</sln:gmIIPId><sln:gmIIPPn>PL.PZGIK.200</sln:gmIIPPn><sln:gmIIPWersja>2012-09-26T22:15:21+02:00</sln:gmIIPWersja><sln:gmIdTeryt>2004053</sln:gmIdTeryt><sln:gmNazwa>Szczuczyn</sln:gmNazwa><sln:miejscIIPId>4184e176-52ea-443d-a2e5-382bf58defe7</sln:miejscIIPId><sln:miejscIIPPn>PL.PZGIK.200</sln:miejscIIPPn><sln:miejscIIPWersja>2017-12-14T14:29:52+02:00</sln:miejscIIPWersja><sln:miejscIdTeryt>0406877</sln:miejscIdTeryt><sln:miejscNazwa>Jambrzyki</sln:miejscNazwa><sln:miejscRodzaj>Wieś</sln:miejscRodzaj><sln:powIIPId>617d8c92-7cef-423d-bc3c-9753ef5a6aa3</sln:powIIPId><sln:powIIPPn>PL.PZGIK.200</sln:powIIPPn><sln:powIIPWersja>2012-09-27T09:26:09+02:00</sln:powIIPWersja><sln:powIdTeryt>2004</sln:powIdTeryt><sln:powNazwa>grajewski</sln:powNazwa><sln:waznyOd>2017-09-26T00:00:00+02:00</sln:waznyOd><sln:wojIIPId>53ad7aea-d9d3-40c9-9a5c-ff737d5b076e</sln:wojIIPId><sln:wojIIPPn>PL.PZGIK.200</sln:wojIIPPn><sln:wojIIPWersja>2017-10-10T00:00:00+02:00</sln:wojIIPWersja><sln:wojIdTeryt>20</sln:wojIdTeryt><sln:wojNazwa>podlaskie</sln:wojNazwa></sln:miejscowosc><sln:miejscowosc><sln:cyklZyciaOd>2017-12-14T00:00:00+01:00</sln:cyklZyciaOd><sln:gmIIPId>48dd5b94-88bd-4dd2-9676-aa226f98cc1d</sln:gmIIPId><sln:gmIIPPn>PL.PZGIK.200</sln:gmIIPPn><sln:gmIIPWersja>2012-09-26T22:15:21+02:00</sln:gmIIPWersja><sln:gmIdTeryt>2004053</sln:gmIdTeryt><sln:gmNazwa>Szczuczyn</sln:gmNazwa><sln:miejscIIPId>bcdcf45a-cb07-43ec-87d9-50b38b24376e</sln:miejscIIPId><sln:miejscIIPPn>PL.PZGIK.200</sln:miejscIIPPn><sln:miejscIIPWersja>2017-12-14T14:29:52+02:00</sln:miejscIIPWersja><sln:miejscIdTeryt>0406883</sln:miejscIdTeryt><sln:miejscNazwa>Koniecki Małe</sln:miejscNazwa><sln:miejscRodzaj>Wieś</sln:miejscRodzaj><sln:powIIPId>617d8c92-7cef-423d-bc3c-9753ef5a6aa3</sln:powIIPId><sln:powIIPPn>PL.PZGIK.200</sln:powIIPPn><sln:powIIPWersja>2012-09-27T09:26:09+02:00</sln:powIIPWersja><sln:powIdTeryt>2004</sln:powIdTeryt><sln:powNazwa>grajewski</sln:powNazwa><sln:waznyOd>2017-09-26T00:00:00+02:00</sln:waznyOd><sln:wojIIPId>53ad7aea-d9d3-40c9-9a5c-ff737d5b076e</sln:wojIIPId><sln:wojIIPPn>PL.PZGIK.200</sln:wojIIPPn><sln:wojIIPWersja>2017-10-10T00:00:00+02:00</sln:wojIIPWersja><sln:wojIdTeryt>20</sln:wojIdTeryt><sln:wojNazwa>podlaskie</sln:wojNazwa></sln:miejscowosc><sln:miejscowosc><sln:cyklZyciaOd>2017-12-14T00:00:00+01:00</sln:cyklZyciaOd><sln:gmIIPId>48dd5b94-88bd-4dd2-9676-aa226f98cc1d</sln:gmIIPId><sln:gmIIPPn>PL.PZGIK.200</sln:gmIIPPn><sln:gmIIPWersja>2012-09-26T22:15:21+02:00</sln:gmIIPWersja><sln:gmIdTeryt>2004053</sln:gmIdTeryt><sln:gmNazwa>Szczuczyn</sln:gmNazwa><sln:miejscIIPId>90c35b7f-7106-4d28-9370-2dba6eaf2344</sln:miejscIIPId><sln:miejscIIPPn>PL.PZGIK.200</sln:miejscIIPPn><sln:miejscIIPWersja>2017-12-14T14:29:52+02:00</sln:miejscIIPWersja><sln:miejscIdTeryt>0406890</sln:miejscIdTeryt><sln:miejscNazwa>Koniecki-Rostroszewo</sln:miejscNazwa><sln:miejscRodzaj>Wieś</sln:miejscRodzaj><sln:powIIPId>617d8c92-7cef-423d-bc3c-9753ef5a6aa3</sln:powIIPId><sln:powIIPPn>PL.PZGIK.200</sln:powIIPPn><sln:powIIPWersja>2012-09-27T09:26:09+02:00</sln:powIIPWersja><sln:powIdTeryt>2004</sln:powIdTeryt><sln:powNazwa>grajewski</sln:powNazwa><sln:waznyOd>2017-09-26T00:00:00+02:00</sln:waznyOd><sln:wojIIPId>53ad7aea-d9d3-40c9-9a5c-ff737d5b076e</sln:wojIIPId><sln:wojIIPPn>PL.PZGIK.200</sln:wojIIPPn><sln:wojIIPWersja>2017-10-10T00:00:00+02:00</sln:wojIIPWersja><sln:wojIdTeryt>20</sln:wojIdTeryt><sln:wojNazwa>podlaskie</sln:wojNazwa></sln:miejscowosc><sln:miejscowosc><sln:cyklZyciaOd>2017-12-14T00:00:00+01:00</sln:cyklZyciaOd><sln:gmIIPId>48dd5b94-88bd-4dd2-9676-aa226f98cc1d</sln:gmIIPId><sln:gmIIPPn>PL.PZGIK.200</sln:gmIIPPn><sln:gmIIPWersja>2012-09-26T22:15:21+02:00</sln:gmIIPWersja><sln:gmIdTeryt>2004053</sln:gmIdTeryt><sln:gmNazwa>Szczuczyn</sln:gmNazwa><sln:miejscIIPId>73669de0-3888-4d6f-ac9c-660a62c86749</sln:miejscIIPId><sln:miejscIIPPn>PL.PZGIK.200</sln:miejscIIPPn><sln:miejscIIPWersja>2017-12-14T14:29:52+02:00</sln:miejscIIPWersja><sln:miejscIdTeryt>0406908</sln:miejscIdTeryt><sln:miejscNazwa>Kurki</sln:miejscNazwa><sln:miejscRodzaj>Wieś</sln:miejscRodzaj><sln:powIIPId>617d8c92-7cef-423d-bc3c-9753ef5a6aa3</sln:powIIPId><sln:powIIPPn>PL.PZGIK.200</sln:powIIPPn><sln:powIIPWersja>2012-09-27T09:26:09+02:00</sln:powIIPWersja><sln:powIdTeryt>2004</sln:powIdTeryt><sln:powNazwa>grajewski</sln:powNazwa><sln:waznyOd>2017-09-26T00:00:00+02:00</sln:waznyOd><sln:wojIIPId>53ad7aea-d9d3-40c9-9a5c-ff737d5b076e</sln:wojIIPId><sln:wojIIPPn>PL.PZGIK.200</sln:wojIIPPn><sln:wojIIPWersja>2017-10-10T00:00:00+02:00</sln:wojIIPWersja><sln:wojIdTeryt>20</sln:wojIdTeryt><sln:wojNazwa>podlaskie</sln:wojNazwa></sln:miejscowosc><sln:miejscowosc><sln:cyklZyciaOd>2017-12-14T00:00:00+01:00</sln:cyklZyciaOd><sln:gmIIPId>48dd5b94-88bd-4dd2-9676-aa226f98cc1d</sln:gmIIPId><sln:gmIIPPn>PL.PZGIK.200</sln:gmIIPPn><sln:gmIIPWersja>2012-09-26T22:15:21+02:00</sln:gmIIPWersja><sln:gmIdTeryt>2004053</sln:gmIdTeryt><sln:gmNazwa>Szczuczyn</sln:gmNazwa><sln:miejscIIPId>33911c2d-c405-4407-a339-5e4009e1ed0c</sln:miejscIIPId><sln:miejscIIPPn>PL.PZGIK.200</sln:miejscIIPPn><sln:miejscIIPWersja>2017-12-14T14:29:52+02:00</sln:miejscIIPWersja><sln:miejscIdTeryt>0406914</sln:miejscIdTeryt><sln:miejscNazwa>Lipnik</sln:miejscNazwa><sln:miejscRodzaj>Wieś</sln:miejscRodzaj><sln:powIIPId>617d8c92-7cef-423d-bc3c-9753ef5a6aa3</sln:powIIPId><sln:powIIPPn>PL.PZGIK.200</sln:powIIPPn><sln:powIIPWersja>2012-09-27T09:26:09+02:00</sln:powIIPWersja><sln:powIdTeryt>2004</sln:powIdTeryt><sln:powNazwa>grajewski</sln:powNazwa><sln:waznyOd>2017-09-26T00:00:00+02:00</sln:waznyOd><sln:wojIIPId>53ad7aea-d9d3-40c9-9a5c-ff737d5b076e</sln:wojIIPId><sln:wojIIPPn>PL.PZGIK.200</sln:wojIIPPn><sln:wojIIPWersja>2017-10-10T00:00:00+02:00</sln:wojIIPWersja><sln:wojIdTeryt>20</sln:wojIdTeryt><sln:wojNazwa>podlaskie</sln:wojNazwa></sln:miejscowosc><sln:miejscowosc><sln:cyklZyciaOd>2017-12-14T00:00:00+01:00</sln:cyklZyciaOd><sln:gmIIPId>48dd5b94-88bd-4dd2-9676-aa226f98cc1d</sln:gmIIPId><sln:gmIIPPn>PL.PZGIK.200</sln:gmIIPPn><sln:gmIIPWersja>2012-09-26T22:15:21+02:00</sln:gmIIPWersja><sln:gmIdTeryt>2004053</sln:gmIdTeryt><sln:gmNazwa>Szczuczyn</sln:gmNazwa><sln:miejscIIPId>55538f8f-41f5-410d-8819-4ccfcb0e92af</sln:miejscIIPId><sln:miejscIIPPn>PL.PZGIK.200</sln:miejscIIPPn><sln:miejscIIPWersja>2017-12-14T14:29:52+02:00</sln:miejscIIPWersja><sln:miejscIdTeryt>0406920</sln:miejscIdTeryt><sln:miejscNazwa>Mazewo</sln:miejscNazwa><sln:miejscRodzaj>Wieś</sln:miejscRodzaj><sln:powIIPId>617d8c92-7cef-423d-bc3c-9753ef5a6aa3</sln:powIIPId><sln:powIIPPn>PL.PZGIK.200</sln:powIIPPn><sln:powIIPWersja>2012-09-27T09:26:09+02:00</sln:powIIPWersja><sln:powIdTeryt>2004</sln:powIdTeryt><sln:powNazwa>grajewski</sln:powNazwa><sln:waznyOd>2017-09-26T00:00:00+02:00</sln:waznyOd><sln:wojIIPId>53ad7aea-d9d3-40c9-9a5c-ff737d5b076e</sln:wojIIPId><sln:wojIIPPn>PL.PZGIK.200</sln:wojIIPPn><sln:wojIIPWersja>2017-10-10T00:00:00+02:00</sln:wojIIPWersja><sln:wojIdTeryt>20</sln:wojIdTeryt><sln:wojNazwa>podlaskie</sln:wojNazwa></sln:miejscowosc><sln:miejscowosc><sln:cyklZyciaOd>2017-12-14T00:00:00+01:00</sln:cyklZyciaOd><sln:gmIIPId>48dd5b94-88bd-4dd2-9676-aa226f98cc1d</sln:gmIIPId><sln:gmIIPPn>PL.PZGIK.200</sln:gmIIPPn><sln:gmIIPWersja>2012-09-26T22:15:21+02:00</sln:gmIIPWersja><sln:gmIdTeryt>2004053</sln:gmIdTeryt><sln:gmNazwa>Szczuczyn</sln:gmNazwa><sln:miejscIIPId>88313141-3ea6-4dc3-b8a5-da1e5c750b05</sln:miejscIIPId><sln:miejscIIPPn>PL.PZGIK.200</sln:miejscIIPPn><sln:miejscIIPWersja>2017-12-14T14:29:52+02:00</sln:miejscIIPWersja><sln:miejscIdTeryt>0406937</sln:miejscIdTeryt><sln:miejscNazwa>Milewo</sln:miejscNazwa><sln:miejscRodzaj>Wieś</sln:miejscRodzaj><sln:powIIPId>617d8c92-7cef-423d-bc3c-9753ef5a6aa3</sln:powIIPId><sln:powIIPPn>PL.PZGIK.200</sln:powIIPPn><sln:powIIPWersja>2012-09-27T09:26:09+02:00</sln:powIIPWersja><sln:powIdTeryt>2004</sln:powIdTeryt><sln:powNazwa>grajewski</sln:powNazwa><sln:waznyOd>2017-09-26T00:00:00+02:00</sln:waznyOd><sln:wojIIPId>53ad7aea-d9d3-40c9-9a5c-ff737d5b076e</sln:wojIIPId><sln:wojIIPPn>PL.PZGIK.200</sln:wojIIPPn><sln:wojIIPWersja>2017-10-10T00:00:00+02:00</sln:wojIIPWersja><sln:wojIdTeryt>20</sln:wojIdTeryt><sln:wojNazwa>podlaskie</sln:wojNazwa></sln:miejscowosc><sln:miejscowosc><sln:cyklZyciaOd>2017-12-14T00:00:00+01:00</sln:cyklZyciaOd><sln:gmIIPId>48dd5b94-88bd-4dd2-9676-aa226f98cc1d</sln:gmIIPId><sln:gmIIPPn>PL.PZGIK.200</sln:gmIIPPn><sln:gmIIPWersja>2012-09-26T22:15:21+02:00</sln:gmIIPWersja><sln:gmIdTeryt>2004053</sln:gmIdTeryt><sln:gmNazwa>Szczuczyn</sln:gmNazwa><sln:miejscIIPId>7e92997c-5720-40ba-b00d-d86f8dc3a61c</sln:miejscIIPId><sln:miejscIIPPn>PL.PZGIK.200</sln:miejscIIPPn><sln:miejscIIPWersja>2017-12-14T14:29:52+02:00</sln:miejscIIPWersja><sln:miejscIdTeryt>0406943</sln:miejscIdTeryt><sln:miejscNazwa>Niećkowo</sln:miejscNazwa><sln:miejscRodzaj>Wieś</sln:miejscRodzaj><sln:powIIPId>617d8c92-7cef-423d-bc3c-9753ef5a6aa3</sln:powIIPId><sln:powIIPPn>PL.PZGIK.200</sln:powIIPPn><sln:powIIPWersja>2012-09-27T09:26:09+02:00</sln:powIIPWersja><sln:powIdTeryt>2004</sln:powIdTeryt><sln:powNazwa>grajewski</sln:powNazwa><sln:waznyOd>2017-09-26T00:00:00+02:00</sln:waznyOd><sln:wojIIPId>53ad7aea-d9d3-40c9-9a5c-ff737d5b076e</sln:wojIIPId><sln:wojIIPPn>PL.PZGIK.200</sln:wojIIPPn><sln:wojIIPWersja>2017-10-10T00:00:00+02:00</sln:wojIIPWersja><sln:wojIdTeryt>20</sln:wojIdTeryt><sln:wojNazwa>podlaskie</sln:wojNazwa></sln:miejscowosc><sln:miejscowosc><sln:cyklZyciaOd>2017-12-14T00:00:00+01:00</sln:cyklZyciaOd><sln:gmIIPId>48dd5b94-88bd-4dd2-9676-aa226f98cc1d</sln:gmIIPId><sln:gmIIPPn>PL.PZGIK.200</sln:gmIIPPn><sln:gmIIPWersja>2012-09-26T22:15:21+02:00</sln:gmIIPWersja><sln:gmIdTeryt>2004053</sln:gmIdTeryt><sln:gmNazwa>Szczuczyn</sln:gmNazwa><sln:miejscIIPId>c0c93ca9-c96f-4a84-8fdc-654017fe1cb0</sln:miejscIIPId><sln:miejscIIPPn>PL.PZGIK.200</sln:miejscIIPPn><sln:miejscIIPWersja>2017-12-14T14:29:53+02:00</sln:miejscIIPWersja><sln:miejscIdTeryt>0406950</sln:miejscIdTeryt><sln:miejscNazwa>Niedźwiadna</sln:miejscNazwa><sln:miejscRodzaj>Wieś</sln:miejscRodzaj><sln:powIIPId>617d8c92-7cef-423d-bc3c-9753ef5a6aa3</sln:powIIPId><sln:powIIPPn>PL.PZGIK.200</sln:powIIPPn><sln:powIIPWersja>2012-09-27T09:26:09+02:00</sln:powIIPWersja><sln:powIdTeryt>2004</sln:powIdTeryt><sln:powNazwa>grajewski</sln:powNazwa><sln:waznyOd>2017-09-26T00:00:00+02:00</sln:waznyOd><sln:wojIIPId>53ad7aea-d9d3-40c9-9a5c-ff737d5b076e</sln:wojIIPId><sln:wojIIPPn>PL.PZGIK.200</sln:wojIIPPn><sln:wojIIPWersja>2017-10-10T00:00:00+02:00</sln:wojIIPWersja><sln:wojIdTeryt>20</sln:wojIdTeryt><sln:wojNazwa>podlaskie</sln:wojNazwa></sln:miejscowosc><sln:miejscowosc><sln:cyklZyciaOd>2017-12-14T00:00:00+01:00</sln:cyklZyciaOd><sln:gmIIPId>48dd5b94-88bd-4dd2-9676-aa226f98cc1d</sln:gmIIPId><sln:gmIIPPn>PL.PZGIK.200</sln:gmIIPPn><sln:gmIIPWersja>2012-09-26T22:15:21+02:00</sln:gmIIPWersja><sln:gmIdTeryt>2004053</sln:gmIdTeryt><sln:gmNazwa>Szczuczyn</sln:gmNazwa><sln:miejscIIPId>d79abbb8-8622-48b5-8299-e7ee53153bf4</sln:miejscIIPId><sln:miejscIIPPn>PL.PZGIK.200</sln:miejscIIPPn><sln:miejscIIPWersja>2017-12-14T14:29:53+02:00</sln:miejscIIPWersja><sln:miejscIdTeryt>0406966</sln:miejscIdTeryt><sln:miejscNazwa>Niedźwiedzkie</sln:miejscNazwa><sln:miejscRodzaj>Wieś</sln:miejscRodzaj><sln:powIIPId>617d8c92-7cef-423d-bc3c-9753ef5a6aa3</sln:powIIPId><sln:powIIPPn>PL.PZGIK.200</sln:powIIPPn><sln:powIIPWersja>2012-09-27T09:26:09+02:00</sln:powIIPWersja><sln:powIdTeryt>2004</sln:powIdTeryt><sln:powNazwa>grajewski</sln:powNazwa><sln:waznyOd>2017-09-26T00:00:00+02:00</sln:waznyOd><sln:wojIIPId>53ad7aea-d9d3-40c9-9a5c-ff737d5b076e</sln:wojIIPId><sln:wojIIPPn>PL.PZGIK.200</sln:wojIIPPn><sln:wojIIPWersja>2017-10-10T00:00:00+02:00</sln:wojIIPWersja><sln:wojIdTeryt>20</sln:wojIdTeryt><sln:wojNazwa>podlaskie</sln:wojNazwa></sln:miejscowosc><sln:miejscowosc><sln:cyklZyciaOd>2017-12-14T00:00:00+01:00</sln:cyklZyciaOd><sln:gmIIPId>48dd5b94-88bd-4dd2-9676-aa226f98cc1d</sln:gmIIPId><sln:gmIIPPn>PL.PZGIK.200</sln:gmIIPPn><sln:gmIIPWersja>2012-09-26T22:15:21+02:00</sln:gmIIPWersja><sln:gmIdTeryt>2004053</sln:gmIdTeryt><sln:gmNazwa>Szczuczyn</sln:gmNazwa><sln:miejscIIPId>9b7c6fe7-2374-4198-aebc-fd18b17ef36d</sln:miejscIIPId><sln:miejscIIPPn>PL.PZGIK.200</sln:miejscIIPPn><sln:miejscIIPWersja>2017-12-14T14:29:53+02:00</sln:miejscIIPWersja><sln:miejscIdTeryt>0406972</sln:miejscIdTeryt><sln:miejscNazwa>Obrytki</sln:miejscNazwa><sln:miejscRodzaj>Wieś</sln:miejscRodzaj><sln:powIIPId>617d8c92-7cef-423d-bc3c-9753ef5a6aa3</sln:powIIPId><sln:powIIPPn>PL.PZGIK.200</sln:powIIPPn><sln:powIIPWersja>2012-09-27T09:26:09+02:00</sln:powIIPWersja><sln:powIdTeryt>2004</sln:powIdTeryt><sln:powNazwa>grajewski</sln:powNazwa><sln:waznyOd>2017-09-26T00:00:00+02:00</sln:waznyOd><sln:wojIIPId>53ad7aea-d9d3-40c9-9a5c-ff737d5b076e</sln:wojIIPId><sln:wojIIPPn>PL.PZGIK.200</sln:wojIIPPn><sln:wojIIPWersja>2017-10-10T00:00:00+02:00</sln:wojIIPWersja><sln:wojIdTeryt>20</sln:wojIdTeryt><sln:wojNazwa>podlaskie</sln:wojNazwa></sln:miejscowosc><sln:miejscowosc><sln:cyklZyciaOd>2017-12-14T00:00:00+01:00</sln:cyklZyciaOd><sln:gmIIPId>48dd5b94-88bd-4dd2-9676-aa226f98cc1d</sln:gmIIPId><sln:gmIIPPn>PL.PZGIK.200</sln:gmIIPPn><sln:gmIIPWersja>2012-09-26T22:15:21+02:00</sln:gmIIPWersja><sln:gmIdTeryt>2004053</sln:gmIdTeryt><sln:gmNazwa>Szczuczyn</sln:gmNazwa><sln:miejscIIPId>6e8ddcaf-cfa8-4df7-bd19-e6d7c93a6af0</sln:miejscIIPId><sln:miejscIIPPn>PL.PZGIK.200</sln:miejscIIPPn><sln:miejscIIPWersja>2017-12-14T14:29:53+02:00</sln:miejscIIPWersja><sln:miejscIdTeryt>0406989</sln:miejscIdTeryt><sln:miejscNazwa>Rakowo</sln:miejscNazwa><sln:miejscRodzaj>Wieś</sln:miejscRodzaj><sln:powIIPId>617d8c92-7cef-423d-bc3c-9753ef5a6aa3</sln:powIIPId><sln:powIIPPn>PL.PZGIK.200</sln:powIIPPn><sln:powIIPWersja>2012-09-27T09:26:09+02:00</sln:powIIPWersja><sln:powIdTeryt>2004</sln:powIdTeryt><sln:powNazwa>grajewski</sln:powNazwa><sln:waznyOd>2017-09-26T00:00:00+02:00</sln:waznyOd><sln:wojIIPId>53ad7aea-d9d3-40c9-9a5c-ff737d5b076e</sln:wojIIPId><sln:wojIIPPn>PL.PZGIK.200</sln:wojIIPPn><sln:wojIIPWersja>2017-10-10T00:00:00+02:00</sln:wojIIPWersja><sln:wojIdTeryt>20</sln:wojIdTeryt><sln:wojNazwa>podlaskie</sln:wojNazwa></sln:miejscowosc><sln:miejscowosc><sln:cyklZyciaOd>2017-12-14T00:00:00+01:00</sln:cyklZyciaOd><sln:gmIIPId>48dd5b94-88bd-4dd2-9676-aa226f98cc1d</sln:gmIIPId><sln:gmIIPPn>PL.PZGIK.200</sln:gmIIPPn><sln:gmIIPWersja>2012-09-26T22:15:21+02:00</sln:gmIIPWersja><sln:gmIdTeryt>2004053</sln:gmIdTeryt><sln:gmNazwa>Szczuczyn</sln:gmNazwa><sln:miejscIIPId>367698e3-b4ae-4c59-8fb9-aac281d9e2ca</sln:miejscIIPId><sln:miejscIIPPn>PL.PZGIK.200</sln:miejscIIPPn><sln:miejscIIPWersja>2017-12-14T14:29:53+02:00</sln:miejscIIPWersja><sln:miejscIdTeryt>0407003</sln:miejscIdTeryt><sln:miejscNazwa>Skaje</sln:miejscNazwa><sln:miejscRodzaj>Wieś</sln:miejscRodzaj><sln:powIIPId>617d8c92-7cef-423d-bc3c-9753ef5a6aa3</sln:powIIPId><sln:powIIPPn>PL.PZGIK.200</sln:powIIPPn><sln:powIIPWersja>2012-09-27T09:26:09+02:00</sln:powIIPWersja><sln:powIdTeryt>2004</sln:powIdTeryt><sln:powNazwa>grajewski</sln:powNazwa><sln:waznyOd>2017-09-26T00:00:00+02:00</sln:waznyOd><sln:wojIIPId>53ad7aea-d9d3-40c9-9a5c-ff737d5b076e</sln:wojIIPId><sln:wojIIPPn>PL.PZGIK.200</sln:wojIIPPn><sln:wojIIPWersja>2017-10-10T00:00:00+02:00</sln:wojIIPWersja><sln:wojIdTeryt>20</sln:wojIdTeryt><sln:wojNazwa>podlaskie</sln:wojNazwa></sln:miejscowosc><sln:miejscowosc><sln:cyklZyciaOd>2017-12-14T00:00:00+01:00</sln:cyklZyciaOd><sln:gmIIPId>48dd5b94-88bd-4dd2-9676-aa226f98cc1d</sln:gmIIPId><sln:gmIIPPn>PL.PZGIK.200</sln:gmIIPPn><sln:gmIIPWersja>2012-09-26T22:15:21+02:00</sln:gmIIPWersja><sln:gmIdTeryt>2004053</sln:gmIdTeryt><sln:gmNazwa>Szczuczyn</sln:gmNazwa><sln:miejscIIPId>e0d5e8f9-5319-44e8-996b-80da8a3bc2e9</sln:miejscIIPId><sln:miejscIIPPn>PL.PZGIK.200</sln:miejscIIPPn><sln:miejscIIPWersja>2017-12-14T14:29:53+02:00</sln:miejscIIPWersja><sln:miejscIdTeryt>0407026</sln:miejscIdTeryt><sln:miejscNazwa>Sokoły</sln:miejscNazwa><sln:miejscRodzaj>Wieś</sln:miejscRodzaj><sln:powIIPId>617d8c92-7cef-423d-bc3c-9753ef5a6aa3</sln:powIIPId><sln:powIIPPn>PL.PZGIK.200</sln:powIIPPn><sln:powIIPWersja>2012-09-27T09:26:09+02:00</sln:powIIPWersja><sln:powIdTeryt>2004</sln:powIdTeryt><sln:powNazwa>grajewski</sln:powNazwa><sln:waznyOd>2017-09-26T00:00:00+02:00</sln:waznyOd><sln:wojIIPId>53ad7aea-d9d3-40c9-9a5c-ff737d5b076e</sln:wojIIPId><sln:wojIIPPn>PL.PZGIK.200</sln:wojIIPPn><sln:wojIIPWersja>2017-10-10T00:00:00+02:00</sln:wojIIPWersja><sln:wojIdTeryt>20</sln:wojIdTeryt><sln:wojNazwa>podlaskie</sln:wojNazwa></sln:miejscowosc><sln:miejscowosc><sln:cyklZyciaOd>2017-12-14T00:00:00+01:00</sln:cyklZyciaOd><sln:gmIIPId>48dd5b94-88bd-4dd2-9676-aa226f98cc1d</sln:gmIIPId><sln:gmIIPPn>PL.PZGIK.200</sln:gmIIPPn><sln:gmIIPWersja>2012-09-26T22:15:21+02:00</sln:gmIIPWersja><sln:gmIdTeryt>2004053</sln:gmIdTeryt><sln:gmNazwa>Szczuczyn</sln:gmNazwa><sln:miejscIIPId>98051fba-2e07-4d16-874a-30592a0f5077</sln:miejscIIPId><sln:miejscIIPPn>PL.PZGIK.200</sln:miejscIIPPn><sln:miejscIIPWersja>2017-12-14T14:29:53+02:00</sln:miejscIIPWersja><sln:miejscIdTeryt>0407032</sln:miejscIdTeryt><sln:miejscNazwa>Guty</sln:miejscNazwa><sln:miejscRodzaj>Wieś</sln:miejscRodzaj><sln:powIIPId>617d8c92-7cef-423d-bc3c-9753ef5a6aa3</sln:powIIPId><sln:powIIPPn>PL.PZGIK.200</sln:powIIPPn><sln:powIIPWersja>2012-09-27T09:26:09+02:00</sln:powIIPWersja><sln:powIdTeryt>2004</sln:powIdTeryt><sln:powNazwa>grajewski</sln:powNazwa><sln:waznyOd>2017-10-31T00:00:00+01:00</sln:waznyOd><sln:wojIIPId>53ad7aea-d9d3-40c9-9a5c-ff737d5b076e</sln:wojIIPId><sln:wojIIPPn>PL.PZGIK.200</sln:wojIIPPn><sln:wojIIPWersja>2017-10-10T00:00:00+02:00</sln:wojIIPWersja><sln:wojIdTeryt>20</sln:wojIdTeryt><sln:wojNazwa>podlaskie</sln:wojNazwa></sln:miejscowosc><sln:miejscowosc><sln:cyklZyciaOd>2017-12-14T00:00:00+01:00</sln:cyklZyciaOd><sln:gmIIPId>48dd5b94-88bd-4dd2-9676-aa226f98cc1d</sln:gmIIPId><sln:gmIIPPn>PL.PZGIK.200</sln:gmIIPPn><sln:gmIIPWersja>2012-09-26T22:15:21+02:00</sln:gmIIPWersja><sln:gmIdTeryt>2004053</sln:gmIdTeryt><sln:gmNazwa>Szczuczyn</sln:gmNazwa><sln:miejscIIPId>50966568-0095-481b-b1cc-5e75bbb4fbd5</sln:miejscIIPId><sln:miejscIIPPn>PL.PZGIK.200</sln:miejscIIPPn><sln:miejscIIPWersja>2017-12-14T14:29:53+02:00</sln:miejscIIPWersja><sln:miejscIdTeryt>0407055</sln:miejscIdTeryt><sln:miejscNazwa>Świdry-Awissa</sln:miejscNazwa><sln:miejscRodzaj>Wieś</sln:miejscRodzaj><sln:powIIPId>617d8c92-7cef-423d-bc3c-9753ef5a6aa3</sln:powIIPId><sln:powIIPPn>PL.PZGIK.200</sln:powIIPPn><sln:powIIPWersja>2012-09-27T09:26:09+02:00</sln:powIIPWersja><sln:powIdTeryt>2004</sln:powIdTeryt><sln:powNazwa>grajewski</sln:powNazwa><sln:waznyOd>2017-09-26T00:00:00+02:00</sln:waznyOd><sln:wojIIPId>53ad7aea-d9d3-40c9-9a5c-ff737d5b076e</sln:wojIIPId><sln:wojIIPPn>PL.PZGIK.200</sln:wojIIPPn><sln:wojIIPWersja>2017-10-10T00:00:00+02:00</sln:wojIIPWersja><sln:wojIdTeryt>20</sln:wojIdTeryt><sln:wojNazwa>podlaskie</sln:wojNazwa></sln:miejscowosc><sln:miejscowosc><sln:cyklZyciaOd>2017-12-14T00:00:00+01:00</sln:cyklZyciaOd><sln:gmIIPId>48dd5b94-88bd-4dd2-9676-aa226f98cc1d</sln:gmIIPId><sln:gmIIPPn>PL.PZGIK.200</sln:gmIIPPn><sln:gmIIPWersja>2012-09-26T22:15:21+02:00</sln:gmIIPWersja><sln:gmIdTeryt>2004053</sln:gmIdTeryt><sln:gmNazwa>Szczuczyn</sln:gmNazwa><sln:miejscIIPId>f66f7f82-40fa-4abb-9768-c580368592fc</sln:miejscIIPId><sln:miejscIIPPn>PL.PZGIK.200</sln:miejscIIPPn><sln:miejscIIPWersja>2017-12-14T14:29:53+02:00</sln:miejscIIPWersja><sln:miejscIdTeryt>0407078</sln:miejscIdTeryt><sln:miejscNazwa>Tarachy</sln:miejscNazwa><sln:miejscRodzaj>Wieś</sln:miejscRodzaj><sln:powIIPId>617d8c92-7cef-423d-bc3c-9753ef5a6aa3</sln:powIIPId><sln:powIIPPn>PL.PZGIK.200</sln:powIIPPn><sln:powIIPWersja>2012-09-27T09:26:09+02:00</sln:powIIPWersja><sln:powIdTeryt>2004</sln:powIdTeryt><sln:powNazwa>grajewski</sln:powNazwa><sln:waznyOd>2017-09-26T00:00:00+02:00</sln:waznyOd><sln:wojIIPId>53ad7aea-d9d3-40c9-9a5c-ff737d5b076e</sln:wojIIPId><sln:wojIIPPn>PL.PZGIK.200</sln:wojIIPPn><sln:wojIIPWersja>2017-10-10T00:00:00+02:00</sln:wojIIPWersja><sln:wojIdTeryt>20</sln:wojIdTeryt><sln:wojNazwa>podlaskie</sln:wojNazwa></sln:miejscowosc><sln:miejscowosc><sln:cyklZyciaOd>2017-12-14T00:00:00+01:00</sln:cyklZyciaOd><sln:gmIIPId>48dd5b94-88bd-4dd2-9676-aa226f98cc1d</sln:gmIIPId><sln:gmIIPPn>PL.PZGIK.200</sln:gmIIPPn><sln:gmIIPWersja>2012-09-26T22:15:21+02:00</sln:gmIIPWersja><sln:gmIdTeryt>2004053</sln:gmIdTeryt><sln:gmNazwa>Szczuczyn</sln:gmNazwa><sln:miejscIIPId>67f56f75-878b-4036-a06b-19a413978403</sln:miejscIIPId><sln:miejscIIPPn>PL.PZGIK.200</sln:miejscIIPPn><sln:miejscIIPWersja>2017-12-14T14:29:53+02:00</sln:miejscIIPWersja><sln:miejscIdTeryt>0407084</sln:miejscIdTeryt><sln:miejscNazwa>Wólka</sln:miejscNazwa><sln:miejscRodzaj>Wieś</sln:miejscRodzaj><sln:powIIPId>617d8c92-7cef-423d-bc3c-9753ef5a6aa3</sln:powIIPId><sln:powIIPPn>PL.PZGIK.200</sln:powIIPPn><sln:powIIPWersja>2012-09-27T09:26:09+02:00</sln:powIIPWersja><sln:powIdTeryt>2004</sln:powIdTeryt><sln:powNazwa>grajewski</sln:powNazwa><sln:waznyOd>2017-09-26T00:00:00+02:00</sln:waznyOd><sln:wojIIPId>53ad7aea-d9d3-40c9-9a5c-ff737d5b076e</sln:wojIIPId><sln:wojIIPPn>PL.PZGIK.200</sln:wojIIPPn><sln:wojIIPWersja>2017-10-10T00:00:00+02:00</sln:wojIIPWersja><sln:wojIdTeryt>20</sln:wojIdTeryt><sln:wojNazwa>podlaskie</sln:wojNazwa></sln:miejscowosc><sln:miejscowosc><sln:cyklZyciaOd>2017-12-14T00:00:00+01:00</sln:cyklZyciaOd><sln:gmIIPId>48dd5b94-88bd-4dd2-9676-aa226f98cc1d</sln:gmIIPId><sln:gmIIPPn>PL.PZGIK.200</sln:gmIIPPn><sln:gmIIPWersja>2012-09-26T22:15:21+02:00</sln:gmIIPWersja><sln:gmIdTeryt>2004053</sln:gmIdTeryt><sln:gmNazwa>Szczuczyn</sln:gmNazwa><sln:miejscIIPId>aa4cb6e3-fbcc-4f7e-9d1c-e32e948a11c0</sln:miejscIIPId><sln:miejscIIPPn>PL.PZGIK.200</sln:miejscIIPPn><sln:miejscIIPWersja>2017-12-14T14:29:53+02:00</sln:miejscIIPWersja><sln:miejscIdTeryt>0407090</sln:miejscIdTeryt><sln:miejscNazwa>Zacieczki</sln:miejscNazwa><sln:miejscRodzaj>Wieś</sln:miejscRodzaj><sln:powIIPId>617d8c92-7cef-423d-bc3c-9753ef5a6aa3</sln:powIIPId><sln:powIIPPn>PL.PZGIK.200</sln:powIIPPn><sln:powIIPWersja>2012-09-27T09:26:09+02:00</sln:powIIPWersja><sln:powIdTeryt>2004</sln:powIdTeryt><sln:powNazwa>grajewski</sln:powNazwa><sln:waznyOd>2017-09-26T00:00:00+02:00</sln:waznyOd><sln:wojIIPId>53ad7aea-d9d3-40c9-9a5c-ff737d5b076e</sln:wojIIPId><sln:wojIIPPn>PL.PZGIK.200</sln:wojIIPPn><sln:wojIIPWersja>2017-10-10T00:00:00+02:00</sln:wojIIPWersja><sln:wojIdTeryt>20</sln:wojIdTeryt><sln:wojNazwa>podlaskie</sln:wojNazwa></sln:miejscowosc><sln:miejscowosc><sln:cyklZyciaOd>2017-12-14T00:00:00+01:00</sln:cyklZyciaOd><sln:gmIIPId>48dd5b94-88bd-4dd2-9676-aa226f98cc1d</sln:gmIIPId><sln:gmIIPPn>PL.PZGIK.200</sln:gmIIPPn><sln:gmIIPWersja>2012-09-26T22:15:21+02:00</sln:gmIIPWersja><sln:gmIdTeryt>2004053</sln:gmIdTeryt><sln:gmNazwa>Szczuczyn</sln:gmNazwa><sln:miejscIIPId>58634b3f-659e-4bab-b823-8766c1bb07e0</sln:miejscIIPId><sln:miejscIIPPn>PL.PZGIK.200</sln:miejscIIPPn><sln:miejscIIPWersja>2017-12-14T14:29:53+02:00</sln:miejscIIPWersja><sln:miejscIdTeryt>0407115</sln:miejscIdTeryt><sln:miejscNazwa>Załuski</sln:miejscNazwa><sln:miejscRodzaj>Wieś</sln:miejscRodzaj><sln:powIIPId>617d8c92-7cef-423d-bc3c-9753ef5a6aa3</sln:powIIPId><sln:powIIPPn>PL.PZGIK.200</sln:powIIPPn><sln:powIIPWersja>2012-09-27T09:26:09+02:00</sln:powIIPWersja><sln:powIdTeryt>2004</sln:powIdTeryt><sln:powNazwa>grajewski</sln:powNazwa><sln:waznyOd>2017-09-26T00:00:00+02:00</sln:waznyOd><sln:wojIIPId>53ad7aea-d9d3-40c9-9a5c-ff737d5b076e</sln:wojIIPId><sln:wojIIPPn>PL.PZGIK.200</sln:wojIIPPn><sln:wojIIPWersja>2017-10-10T00:00:00+02:00</sln:wojIIPWersja><sln:wojIdTeryt>20</sln:wojIdTeryt><sln:wojNazwa>podlaskie</sln:wojNazwa></sln:miejscowosc><sln:miejscowosc><sln:cyklZyciaOd>2017-12-14T00:00:00+01:00</sln:cyklZyciaOd><sln:gmIIPId>48dd5b94-88bd-4dd2-9676-aa226f98cc1d</sln:gmIIPId><sln:gmIIPPn>PL.PZGIK.200</sln:gmIIPPn><sln:gmIIPWersja>2012-09-26T22:15:21+02:00</sln:gmIIPWersja><sln:gmIdTeryt>2004053</sln:gmIdTeryt><sln:gmNazwa>Szczuczyn</sln:gmNazwa><sln:miejscIIPId>9de8000a-b08b-468b-810a-22d5007f9fe2</sln:miejscIIPId><sln:miejscIIPPn>PL.PZGIK.200</sln:miejscIIPPn><sln:miejscIIPWersja>2017-12-14T14:29:53+02:00</sln:miejscIIPWersja><sln:miejscIdTeryt>0957560</sln:miejscIdTeryt><sln:miejscNazwa>Szczuczyn</sln:miejscNazwa><sln:miejscRodzaj>Miasto</sln:miejscRodzaj><sln:powIIPId>617d8c92-7cef-423d-bc3c-9753ef5a6aa3</sln:powIIPId><sln:powIIPPn>PL.PZGIK.200</sln:powIIPPn><sln:powIIPWersja>2012-09-27T09:26:09+02:00</sln:powIIPWersja><sln:powIdTeryt>2004</sln:powIdTeryt><sln:powNazwa>grajewski</sln:powNazwa><sln:waznyOd>2017-09-26T00:00:00+02:00</sln:waznyOd><sln:wojIIPId>53ad7aea-d9d3-40c9-9a5c-ff737d5b076e</sln:wojIIPId><sln:wojIIPPn>PL.PZGIK.200</sln:wojIIPPn><sln:wojIIPWersja>2017-10-10T00:00:00+02:00</sln:wojIIPWersja><sln:wojIdTeryt>20</sln:wojIdTeryt><sln:wojNazwa>podlaskie</sln:wojNazwa></sln:miejscowosc></sln:lista-miejscowosci>