<?xml version="1.0" encoding="UTF-8" standalone="yes"?><sln:lista-miejscowosci xmlns:srv="http://gugik.gov.pl/schemas/slowniki-service/1.0" xmlns:sln="http://gugik.gov.pl/schemas/slowniki-schema/1.0"><sln:miejscowosc><sln:cyklZyciaDo>2017-04-19T00:00:00+02:00</sln:cyklZyciaDo><sln:cyklZyciaOd>2015-12-21T00:00:00+01:00</sln:cyklZyciaOd><sln:gmIIPId>bdfd8060-3300-451f-b7fc-d47ea276c5f9</sln:gmIIPId><sln:gmIIPPn>PL.PZGIK.200</sln:gmIIPPn><sln:gmIIPWersja>2017-03-08T12:05:31+01:00</sln:gmIIPWersja><sln:gmIdTeryt>3214102</sln:gmIdTeryt><sln:gmNazwa>Stargard</sln:gmNazwa><sln:miejscIIPId>c677095a-574a-4148-98e5-53746df40665</sln:miejscIIPId><sln:miejscIIPPn>PL.PZGIK.200</sln:miejscIIPPn><sln:miejscIIPWersja>2016-11-24T12:48:51+02:00</sln:miejscIIPWersja><sln:miejscIdTeryt>0783284</sln:miejscIdTeryt><sln:miejscNazwa>Barzkowice</sln:miejscNazwa><sln:miejscRodzaj>Osada</sln:miejscRodzaj><sln:powIIPId>b832e274-346c-4551-b312-80aa8ccfd59b</sln:powIIPId><sln:powIIPPn>PL.PZGIK.200</sln:powIIPPn><sln:powIIPWersja>2012-09-27T10:07:22+02:00</sln:powIIPWersja><sln:powIdTeryt>3214</sln:powIdTeryt><sln:powNazwa>stargardzki</sln:powNazwa><sln:waznyOd>2011-04-08T00:00:00+02:00</sln:waznyOd><sln:wojIIPId>c3f2202a-b491-49c5-a3af-d581108d939a</sln:wojIIPId><sln:wojIIPPn>PL.PZGIK.200</sln:wojIIPPn><sln:wojIIPWersja>2017-10-10T00:00:00+02:00</sln:wojIIPWersja><sln:wojIdTeryt>32</sln:wojIdTeryt><sln:wojNazwa>zachodniopomorskie</sln:wojNazwa></sln:miejscowosc><sln:miejscowosc><sln:cyklZyciaDo>2017-04-19T00:00:00+02:00</sln:cyklZyciaDo><sln:cyklZyciaOd>2015-12-21T00:00:00+01:00</sln:cyklZyciaOd><sln:gmIIPId>bdfd8060-3300-451f-b7fc-d47ea276c5f9</sln:gmIIPId><sln:gmIIPPn>PL.PZGIK.200</sln:gmIIPPn><sln:gmIIPWersja>2017-03-08T12:05:31+01:00</sln:gmIIPWersja><sln:gmIdTeryt>3214102</sln:gmIdTeryt><sln:gmNazwa>Stargard</sln:gmNazwa><sln:miejscIIPId>bc2c51c3-d26d-4306-82e8-2b590a38d548</sln:miejscIIPId><sln:miejscIIPPn>PL.PZGIK.200</sln:miejscIIPPn><sln:miejscIIPWersja>2016-11-24T12:48:51+02:00</sln:miejscIIPWersja><sln:miejscIdTeryt>0783315</sln:miejscIdTeryt><sln:miejscNazwa>Golczewo</sln:miejscNazwa><sln:miejscRodzaj>Osada</sln:miejscRodzaj><sln:powIIPId>b832e274-346c-4551-b312-80aa8ccfd59b</sln:powIIPId><sln:powIIPPn>PL.PZGIK.200</sln:powIIPPn><sln:powIIPWersja>2012-09-27T10:07:22+02:00</sln:powIIPWersja><sln:powIdTeryt>3214</sln:powIdTeryt><sln:powNazwa>stargardzki</sln:powNazwa><sln:waznyOd>2011-04-08T00:00:00+02:00</sln:waznyOd><sln:wojIIPId>c3f2202a-b491-49c5-a3af-d581108d939a</sln:wojIIPId><sln:wojIIPPn>PL.PZGIK.200</sln:wojIIPPn><sln:wojIIPWersja>2017-10-10T00:00:00+02:00</sln:wojIIPWersja><sln:wojIdTeryt>32</sln:wojIdTeryt><sln:wojNazwa>zachodniopomorskie</sln:wojNazwa></sln:miejscowosc><sln:miejscowosc><sln:cyklZyciaDo>2017-04-19T00:00:00+02:00</sln:cyklZyciaDo><sln:cyklZyciaOd>2015-12-21T00:00:00+01:00</sln:cyklZyciaOd><sln:gmIIPId>bdfd8060-3300-451f-b7fc-d47ea276c5f9</sln:gmIIPId><sln:gmIIPPn>PL.PZGIK.200</sln:gmIIPPn><sln:gmIIPWersja>2017-03-08T12:05:31+01:00</sln:gmIIPWersja><sln:gmIdTeryt>3214102</sln:gmIdTeryt><sln:gmNazwa>Stargard</sln:gmNazwa><sln:miejscIIPId>0f428b2a-8e5d-480e-a390-6856ec44dd85</sln:miejscIIPId><sln:miejscIIPPn>PL.PZGIK.200</sln:miejscIIPPn><sln:miejscIIPWersja>2016-11-24T12:48:51+02:00</sln:miejscIIPWersja><sln:miejscIdTeryt>0783321</sln:miejscIdTeryt><sln:miejscNazwa>Golina</sln:miejscNazwa><sln:miejscRodzaj>Wieś</sln:miejscRodzaj><sln:powIIPId>b832e274-346c-4551-b312-80aa8ccfd59b</sln:powIIPId><sln:powIIPPn>PL.PZGIK.200</sln:powIIPPn><sln:powIIPWersja>2012-09-27T10:07:22+02:00</sln:powIIPWersja><sln:powIdTeryt>3214</sln:powIdTeryt><sln:powNazwa>stargardzki</sln:powNazwa><sln:waznyOd>2011-04-08T00:00:00+02:00</sln:waznyOd><sln:wojIIPId>c3f2202a-b491-49c5-a3af-d581108d939a</sln:wojIIPId><sln:wojIIPPn>PL.PZGIK.200</sln:wojIIPPn><sln:wojIIPWersja>2017-10-10T00:00:00+02:00</sln:wojIIPWersja><sln:wojIdTeryt>32</sln:wojIdTeryt><sln:wojNazwa>zachodniopomorskie</sln:wojNazwa></sln:miejscowosc><sln:miejscowosc><sln:cyklZyciaDo>2017-04-19T00:00:00+02:00</sln:cyklZyciaDo><sln:cyklZyciaOd>2015-12-21T00:00:00+01:00</sln:cyklZyciaOd><sln:gmIIPId>bdfd8060-3300-451f-b7fc-d47ea276c5f9</sln:gmIIPId><sln:gmIIPPn>PL.PZGIK.200</sln:gmIIPPn><sln:gmIIPWersja>2017-03-08T12:05:31+01:00</sln:gmIIPWersja><sln:gmIdTeryt>3214102</sln:gmIdTeryt><sln:gmNazwa>Stargard</sln:gmNazwa><sln:miejscIIPId>a55021c6-9db8-4b9e-bd8c-8de8bf2ba48b</sln:miejscIIPId><sln:miejscIIPPn>PL.PZGIK.200</sln:miejscIIPPn><sln:miejscIIPWersja>2016-11-24T12:48:51+02:00</sln:miejscIIPWersja><sln:miejscIdTeryt>0783338</sln:miejscIdTeryt><sln:miejscNazwa>Grabowo</sln:miejscNazwa><sln:miejscRodzaj>Wieś</sln:miejscRodzaj><sln:powIIPId>b832e274-346c-4551-b312-80aa8ccfd59b</sln:powIIPId><sln:powIIPPn>PL.PZGIK.200</sln:powIIPPn><sln:powIIPWersja>2012-09-27T10:07:22+02:00</sln:powIIPWersja><sln:powIdTeryt>3214</sln:powIdTeryt><sln:powNazwa>stargardzki</sln:powNazwa><sln:waznyOd>2011-04-08T00:00:00+02:00</sln:waznyOd><sln:wojIIPId>c3f2202a-b491-49c5-a3af-d581108d939a</sln:wojIIPId><sln:wojIIPPn>PL.PZGIK.200</sln:wojIIPPn><sln:wojIIPWersja>2017-10-10T00:00:00+02:00</sln:wojIIPWersja><sln:wojIdTeryt>32</sln:wojIdTeryt><sln:wojNazwa>zachodniopomorskie</sln:wojNazwa></sln:miejscowosc><sln:miejscowosc><sln:cyklZyciaDo>2017-04-19T00:00:00+02:00</sln:cyklZyciaDo><sln:cyklZyciaOd>2015-12-21T00:00:00+01:00</sln:cyklZyciaOd><sln:gmIIPId>bdfd8060-3300-451f-b7fc-d47ea276c5f9</sln:gmIIPId><sln:gmIIPPn>PL.PZGIK.200</sln:gmIIPPn><sln:gmIIPWersja>2017-03-08T12:05:31+01:00</sln:gmIIPWersja><sln:gmIdTeryt>3214102</sln:gmIdTeryt><sln:gmNazwa>Stargard</sln:gmNazwa><sln:miejscIIPId>806d9c73-50f5-4548-8291-3a292a57e505</sln:miejscIIPId><sln:miejscIIPPn>PL.PZGIK.200</sln:miejscIIPPn><sln:miejscIIPWersja>2016-11-24T12:48:51+02:00</sln:miejscIIPWersja><sln:miejscIdTeryt>0783373</sln:miejscIdTeryt><sln:miejscNazwa>Grzędzice</sln:miejscNazwa><sln:miejscRodzaj>Wieś</sln:miejscRodzaj><sln:powIIPId>b832e274-346c-4551-b312-80aa8ccfd59b</sln:powIIPId><sln:powIIPPn>PL.PZGIK.200</sln:powIIPPn><sln:powIIPWersja>2012-09-27T10:07:22+02:00</sln:powIIPWersja><sln:powIdTeryt>3214</sln:powIdTeryt><sln:powNazwa>stargardzki</sln:powNazwa><sln:waznyOd>2011-04-08T00:00:00+02:00</sln:waznyOd><sln:wojIIPId>c3f2202a-b491-49c5-a3af-d581108d939a</sln:wojIIPId><sln:wojIIPPn>PL.PZGIK.200</sln:wojIIPPn><sln:wojIIPWersja>2017-10-10T00:00:00+02:00</sln:wojIIPWersja><sln:wojIdTeryt>32</sln:wojIdTeryt><sln:wojNazwa>zachodniopomorskie</sln:wojNazwa></sln:miejscowosc><sln:miejscowosc><sln:cyklZyciaDo>2017-04-19T00:00:00+02:00</sln:cyklZyciaDo><sln:cyklZyciaOd>2015-12-21T00:00:00+01:00</sln:cyklZyciaOd><sln:gmIIPId>bdfd8060-3300-451f-b7fc-d47ea276c5f9</sln:gmIIPId><sln:gmIIPPn>PL.PZGIK.200</sln:gmIIPPn><sln:gmIIPWersja>2017-03-08T12:05:31+01:00</sln:gmIIPWersja><sln:gmIdTeryt>3214102</sln:gmIdTeryt><sln:gmNazwa>Stargard</sln:gmNazwa><sln:miejscIIPId>9423bf4d-9144-45d3-b9e6-bc9a1d813083</sln:miejscIIPId><sln:miejscIIPPn>PL.PZGIK.200</sln:miejscIIPPn><sln:miejscIIPWersja>2016-11-24T12:48:52+02:00</sln:miejscIIPWersja><sln:miejscIdTeryt>0783580</sln:miejscIdTeryt><sln:miejscNazwa>Kępinka</sln:miejscNazwa><sln:miejscRodzaj>Kolonia</sln:miejscRodzaj><sln:powIIPId>b832e274-346c-4551-b312-80aa8ccfd59b</sln:powIIPId><sln:powIIPPn>PL.PZGIK.200</sln:powIIPPn><sln:powIIPWersja>2012-09-27T10:07:22+02:00</sln:powIIPWersja><sln:powIdTeryt>3214</sln:powIdTeryt><sln:powNazwa>stargardzki</sln:powNazwa><sln:waznyOd>2012-12-29T00:00:00+01:00</sln:waznyOd><sln:wojIIPId>c3f2202a-b491-49c5-a3af-d581108d939a</sln:wojIIPId><sln:wojIIPPn>PL.PZGIK.200</sln:wojIIPPn><sln:wojIIPWersja>2017-10-10T00:00:00+02:00</sln:wojIIPWersja><sln:wojIdTeryt>32</sln:wojIdTeryt><sln:wojNazwa>zachodniopomorskie</sln:wojNazwa></sln:miejscowosc><sln:miejscowosc><sln:cyklZyciaDo>2017-04-19T00:00:00+02:00</sln:cyklZyciaDo><sln:cyklZyciaOd>2015-12-21T00:00:00+01:00</sln:cyklZyciaOd><sln:gmIIPId>bdfd8060-3300-451f-b7fc-d47ea276c5f9</sln:gmIIPId><sln:gmIIPPn>PL.PZGIK.200</sln:gmIIPPn><sln:gmIIPWersja>2017-03-08T12:05:31+01:00</sln:gmIIPWersja><sln:gmIdTeryt>3214102</sln:gmIdTeryt><sln:gmNazwa>Stargard</sln:gmNazwa><sln:miejscIIPId>ec4fee48-8fe0-4b5e-b91a-0136f7d756bc</sln:miejscIIPId><sln:miejscIIPPn>PL.PZGIK.200</sln:miejscIIPPn><sln:miejscIIPWersja>2016-11-24T12:48:51+02:00</sln:miejscIIPWersja><sln:miejscIdTeryt>0783404</sln:miejscIdTeryt><sln:miejscNazwa>Kiczarowo</sln:miejscNazwa><sln:miejscRodzaj>Wieś</sln:miejscRodzaj><sln:powIIPId>b832e274-346c-4551-b312-80aa8ccfd59b</sln:powIIPId><sln:powIIPPn>PL.PZGIK.200</sln:powIIPPn><sln:powIIPWersja>2012-09-27T10:07:22+02:00</sln:powIIPWersja><sln:powIdTeryt>3214</sln:powIdTeryt><sln:powNazwa>stargardzki</sln:powNazwa><sln:waznyOd>2011-04-08T00:00:00+02:00</sln:waznyOd><sln:wojIIPId>c3f2202a-b491-49c5-a3af-d581108d939a</sln:wojIIPId><sln:wojIIPPn>PL.PZGIK.200</sln:wojIIPPn><sln:wojIIPWersja>2017-10-10T00:00:00+02:00</sln:wojIIPWersja><sln:wojIdTeryt>32</sln:wojIdTeryt><sln:wojNazwa>zachodniopomorskie</sln:wojNazwa></sln:miejscowosc><sln:miejscowosc><sln:cyklZyciaDo>2017-04-19T00:00:00+02:00</sln:cyklZyciaDo><sln:cyklZyciaOd>2015-12-21T00:00:00+01:00</sln:cyklZyciaOd><sln:gmIIPId>bdfd8060-3300-451f-b7fc-d47ea276c5f9</sln:gmIIPId><sln:gmIIPPn>PL.PZGIK.200</sln:gmIIPPn><sln:gmIIPWersja>2017-03-08T12:05:31+01:00</sln:gmIIPWersja><sln:gmIdTeryt>3214102</sln:gmIdTeryt><sln:gmNazwa>Stargard</sln:gmNazwa><sln:miejscIIPId>b338ab90-d65b-4ca2-89c2-1ad03864f683</sln:miejscIIPId><sln:miejscIIPPn>PL.PZGIK.200</sln:miejscIIPPn><sln:miejscIIPWersja>2016-11-24T12:48:51+02:00</sln:miejscIIPWersja><sln:miejscIdTeryt>0783410</sln:miejscIdTeryt><sln:miejscNazwa>Klępino</sln:miejscNazwa><sln:miejscRodzaj>Wieś</sln:miejscRodzaj><sln:powIIPId>b832e274-346c-4551-b312-80aa8ccfd59b</sln:powIIPId><sln:powIIPPn>PL.PZGIK.200</sln:powIIPPn><sln:powIIPWersja>2012-09-27T10:07:22+02:00</sln:powIIPWersja><sln:powIdTeryt>3214</sln:powIdTeryt><sln:powNazwa>stargardzki</sln:powNazwa><sln:waznyOd>2011-04-08T00:00:00+02:00</sln:waznyOd><sln:wojIIPId>c3f2202a-b491-49c5-a3af-d581108d939a</sln:wojIIPId><sln:wojIIPPn>PL.PZGIK.200</sln:wojIIPPn><sln:wojIIPWersja>2017-10-10T00:00:00+02:00</sln:wojIIPWersja><sln:wojIdTeryt>32</sln:wojIdTeryt><sln:wojNazwa>zachodniopomorskie</sln:wojNazwa></sln:miejscowosc><sln:miejscowosc><sln:cyklZyciaDo>2017-04-19T00:00:00+02:00</sln:cyklZyciaDo><sln:cyklZyciaOd>2015-12-21T00:00:00+01:00</sln:cyklZyciaOd><sln:gmIIPId>bdfd8060-3300-451f-b7fc-d47ea276c5f9</sln:gmIIPId><sln:gmIIPPn>PL.PZGIK.200</sln:gmIIPPn><sln:gmIIPWersja>2017-03-08T12:05:31+01:00</sln:gmIIPWersja><sln:gmIdTeryt>3214102</sln:gmIdTeryt><sln:gmNazwa>Stargard</sln:gmNazwa><sln:miejscIIPId>a7aa0314-a5dc-42c4-a0ce-e9ff0ba3f13b</sln:miejscIIPId><sln:miejscIIPPn>PL.PZGIK.200</sln:miejscIIPPn><sln:miejscIIPWersja>2016-11-24T12:48:52+02:00</sln:miejscIIPWersja><sln:miejscIdTeryt>0783427</sln:miejscIdTeryt><sln:miejscNazwa>Koszewko</sln:miejscNazwa><sln:miejscRodzaj>Osada</sln:miejscRodzaj><sln:powIIPId>b832e274-346c-4551-b312-80aa8ccfd59b</sln:powIIPId><sln:powIIPPn>PL.PZGIK.200</sln:powIIPPn><sln:powIIPWersja>2012-09-27T10:07:22+02:00</sln:powIIPWersja><sln:powIdTeryt>3214</sln:powIdTeryt><sln:powNazwa>stargardzki</sln:powNazwa><sln:waznyOd>2011-04-08T00:00:00+02:00</sln:waznyOd><sln:wojIIPId>c3f2202a-b491-49c5-a3af-d581108d939a</sln:wojIIPId><sln:wojIIPPn>PL.PZGIK.200</sln:wojIIPPn><sln:wojIIPWersja>2017-10-10T00:00:00+02:00</sln:wojIIPWersja><sln:wojIdTeryt>32</sln:wojIdTeryt><sln:wojNazwa>zachodniopomorskie</sln:wojNazwa></sln:miejscowosc><sln:miejscowosc><sln:cyklZyciaDo>2017-04-19T00:00:00+02:00</sln:cyklZyciaDo><sln:cyklZyciaOd>2015-12-21T00:00:00+01:00</sln:cyklZyciaOd><sln:gmIIPId>bdfd8060-3300-451f-b7fc-d47ea276c5f9</sln:gmIIPId><sln:gmIIPPn>PL.PZGIK.200</sln:gmIIPPn><sln:gmIIPWersja>2017-03-08T12:05:31+01:00</sln:gmIIPWersja><sln:gmIdTeryt>3214102</sln:gmIdTeryt><sln:gmNazwa>Stargard</sln:gmNazwa><sln:miejscIIPId>d7436dd1-eb68-4c91-8f82-dc6b55d65a02</sln:miejscIIPId><sln:miejscIIPPn>PL.PZGIK.200</sln:miejscIIPPn><sln:miejscIIPWersja>2016-11-24T12:48:52+02:00</sln:miejscIIPWersja><sln:miejscIdTeryt>0783433</sln:miejscIdTeryt><sln:miejscNazwa>Koszewo</sln:miejscNazwa><sln:miejscRodzaj>Osada</sln:miejscRodzaj><sln:powIIPId>b832e274-346c-4551-b312-80aa8ccfd59b</sln:powIIPId><sln:powIIPPn>PL.PZGIK.200</sln:powIIPPn><sln:powIIPWersja>2012-09-27T10:07:22+02:00</sln:powIIPWersja><sln:powIdTeryt>3214</sln:powIdTeryt><sln:powNazwa>stargardzki</sln:powNazwa><sln:waznyOd>2011-04-08T00:00:00+02:00</sln:waznyOd><sln:wojIIPId>c3f2202a-b491-49c5-a3af-d581108d939a</sln:wojIIPId><sln:wojIIPPn>PL.PZGIK.200</sln:wojIIPPn><sln:wojIIPWersja>2017-10-10T00:00:00+02:00</sln:wojIIPWersja><sln:wojIdTeryt>32</sln:wojIdTeryt><sln:wojNazwa>zachodniopomorskie</sln:wojNazwa></sln:miejscowosc><sln:miejscowosc><sln:cyklZyciaDo>2017-04-19T00:00:00+02:00</sln:cyklZyciaDo><sln:cyklZyciaOd>2015-12-21T00:00:00+01:00</sln:cyklZyciaOd><sln:gmIIPId>bdfd8060-3300-451f-b7fc-d47ea276c5f9</sln:gmIIPId><sln:gmIIPPn>PL.PZGIK.200</sln:gmIIPPn><sln:gmIIPWersja>2017-03-08T12:05:31+01:00</sln:gmIIPWersja><sln:gmIdTeryt>3214102</sln:gmIdTeryt><sln:gmNazwa>Stargard</sln:gmNazwa><sln:miejscIIPId>204ccc00-085b-4c74-80b4-a87acacf0810</sln:miejscIIPId><sln:miejscIIPPn>PL.PZGIK.200</sln:miejscIIPPn><sln:miejscIIPWersja>2016-11-24T12:48:52+02:00</sln:miejscIIPWersja><sln:miejscIdTeryt>0783440</sln:miejscIdTeryt><sln:miejscNazwa>Krąpiel</sln:miejscNazwa><sln:miejscRodzaj>Osada</sln:miejscRodzaj><sln:powIIPId>b832e274-346c-4551-b312-80aa8ccfd59b</sln:powIIPId><sln:powIIPPn>PL.PZGIK.200</sln:powIIPPn><sln:powIIPWersja>2012-09-27T10:07:22+02:00</sln:powIIPWersja><sln:powIdTeryt>3214</sln:powIdTeryt><sln:powNazwa>stargardzki</sln:powNazwa><sln:waznyOd>2011-04-08T00:00:00+02:00</sln:waznyOd><sln:wojIIPId>c3f2202a-b491-49c5-a3af-d581108d939a</sln:wojIIPId><sln:wojIIPPn>PL.PZGIK.200</sln:wojIIPPn><sln:wojIIPWersja>2017-10-10T00:00:00+02:00</sln:wojIIPWersja><sln:wojIdTeryt>32</sln:wojIdTeryt><sln:wojNazwa>zachodniopomorskie</sln:wojNazwa></sln:miejscowosc><sln:miejscowosc><sln:cyklZyciaDo>2017-04-19T00:00:00+02:00</sln:cyklZyciaDo><sln:cyklZyciaOd>2015-12-21T00:00:00+01:00</sln:cyklZyciaOd><sln:gmIIPId>bdfd8060-3300-451f-b7fc-d47ea276c5f9</sln:gmIIPId><sln:gmIIPPn>PL.PZGIK.200</sln:gmIIPPn><sln:gmIIPWersja>2017-03-08T12:05:31+01:00</sln:gmIIPWersja><sln:gmIdTeryt>3214102</sln:gmIdTeryt><sln:gmNazwa>Stargard</sln:gmNazwa><sln:miejscIIPId>c4894daf-3272-4475-8d4a-8eb383818999</sln:miejscIIPId><sln:miejscIIPPn>PL.PZGIK.200</sln:miejscIIPPn><sln:miejscIIPWersja>2016-11-24T12:48:52+02:00</sln:miejscIIPWersja><sln:miejscIdTeryt>0783456</sln:miejscIdTeryt><sln:miejscNazwa>Kurcewo</sln:miejscNazwa><sln:miejscRodzaj>Wieś</sln:miejscRodzaj><sln:powIIPId>b832e274-346c-4551-b312-80aa8ccfd59b</sln:powIIPId><sln:powIIPPn>PL.PZGIK.200</sln:powIIPPn><sln:powIIPWersja>2012-09-27T10:07:22+02:00</sln:powIIPWersja><sln:powIdTeryt>3214</sln:powIdTeryt><sln:powNazwa>stargardzki</sln:powNazwa><sln:waznyOd>2011-04-08T00:00:00+02:00</sln:waznyOd><sln:wojIIPId>c3f2202a-b491-49c5-a3af-d581108d939a</sln:wojIIPId><sln:wojIIPPn>PL.PZGIK.200</sln:wojIIPPn><sln:wojIIPWersja>2017-10-10T00:00:00+02:00</sln:wojIIPWersja><sln:wojIdTeryt>32</sln:wojIdTeryt><sln:wojNazwa>zachodniopomorskie</sln:wojNazwa></sln:miejscowosc><sln:miejscowosc><sln:cyklZyciaDo>2017-04-19T00:00:00+02:00</sln:cyklZyciaDo><sln:cyklZyciaOd>2015-12-21T00:00:00+01:00</sln:cyklZyciaOd><sln:gmIIPId>bdfd8060-3300-451f-b7fc-d47ea276c5f9</sln:gmIIPId><sln:gmIIPPn>PL.PZGIK.200</sln:gmIIPPn><sln:gmIIPWersja>2017-03-08T12:05:31+01:00</sln:gmIIPWersja><sln:gmIdTeryt>3214102</sln:gmIdTeryt><sln:gmNazwa>Stargard</sln:gmNazwa><sln:miejscIIPId>42d0cb7b-bec6-457d-995c-f4e9a377dcbf</sln:miejscIIPId><sln:miejscIIPPn>PL.PZGIK.200</sln:miejscIIPPn><sln:miejscIIPWersja>2016-11-24T12:48:52+02:00</sln:miejscIIPWersja><sln:miejscIdTeryt>0783462</sln:miejscIdTeryt><sln:miejscNazwa>Lipnik</sln:miejscNazwa><sln:miejscRodzaj>Osada</sln:miejscRodzaj><sln:powIIPId>b832e274-346c-4551-b312-80aa8ccfd59b</sln:powIIPId><sln:powIIPPn>PL.PZGIK.200</sln:powIIPPn><sln:powIIPWersja>2012-09-27T10:07:22+02:00</sln:powIIPWersja><sln:powIdTeryt>3214</sln:powIdTeryt><sln:powNazwa>stargardzki</sln:powNazwa><sln:waznyOd>2011-04-08T00:00:00+02:00</sln:waznyOd><sln:wojIIPId>c3f2202a-b491-49c5-a3af-d581108d939a</sln:wojIIPId><sln:wojIIPPn>PL.PZGIK.200</sln:wojIIPPn><sln:wojIIPWersja>2017-10-10T00:00:00+02:00</sln:wojIIPWersja><sln:wojIdTeryt>32</sln:wojIdTeryt><sln:wojNazwa>zachodniopomorskie</sln:wojNazwa></sln:miejscowosc><sln:miejscowosc><sln:cyklZyciaDo>2017-04-19T00:00:00+02:00</sln:cyklZyciaDo><sln:cyklZyciaOd>2015-12-21T00:00:00+01:00</sln:cyklZyciaOd><sln:gmIIPId>bdfd8060-3300-451f-b7fc-d47ea276c5f9</sln:gmIIPId><sln:gmIIPPn>PL.PZGIK.200</sln:gmIIPPn><sln:gmIIPWersja>2017-03-08T12:05:31+01:00</sln:gmIIPWersja><sln:gmIdTeryt>3214102</sln:gmIdTeryt><sln:gmNazwa>Stargard</sln:gmNazwa><sln:miejscIIPId>7691b388-23ba-4cf4-899a-5c162fbf830e</sln:miejscIIPId><sln:miejscIIPPn>PL.PZGIK.200</sln:miejscIIPPn><sln:miejscIIPWersja>2016-11-24T12:48:52+02:00</sln:miejscIIPWersja><sln:miejscIdTeryt>0783479</sln:miejscIdTeryt><sln:miejscNazwa>Lubowo</sln:miejscNazwa><sln:miejscRodzaj>Wieś</sln:miejscRodzaj><sln:powIIPId>b832e274-346c-4551-b312-80aa8ccfd59b</sln:powIIPId><sln:powIIPPn>PL.PZGIK.200</sln:powIIPPn><sln:powIIPWersja>2012-09-27T10:07:22+02:00</sln:powIIPWersja><sln:powIdTeryt>3214</sln:powIdTeryt><sln:powNazwa>stargardzki</sln:powNazwa><sln:waznyOd>2011-04-08T00:00:00+02:00</sln:waznyOd><sln:wojIIPId>c3f2202a-b491-49c5-a3af-d581108d939a</sln:wojIIPId><sln:wojIIPPn>PL.PZGIK.200</sln:wojIIPPn><sln:wojIIPWersja>2017-10-10T00:00:00+02:00</sln:wojIIPWersja><sln:wojIdTeryt>32</sln:wojIdTeryt><sln:wojNazwa>zachodniopomorskie</sln:wojNazwa></sln:miejscowosc><sln:miejscowosc><sln:cyklZyciaDo>2017-04-19T00:00:00+02:00</sln:cyklZyciaDo><sln:cyklZyciaOd>2015-12-21T00:00:00+01:00</sln:cyklZyciaOd><sln:gmIIPId>bdfd8060-3300-451f-b7fc-d47ea276c5f9</sln:gmIIPId><sln:gmIIPPn>PL.PZGIK.200</sln:gmIIPPn><sln:gmIIPWersja>2017-03-08T12:05:31+01:00</sln:gmIIPWersja><sln:gmIdTeryt>3214102</sln:gmIdTeryt><sln:gmNazwa>Stargard</sln:gmNazwa><sln:miejscIIPId>d360dcac-bbf4-4f3c-a76a-7da59c2e1f31</sln:miejscIIPId><sln:miejscIIPPn>PL.PZGIK.200</sln:miejscIIPPn><sln:miejscIIPWersja>2016-11-24T12:48:52+02:00</sln:miejscIIPWersja><sln:miejscIdTeryt>0783485</sln:miejscIdTeryt><sln:miejscNazwa>Małkocin</sln:miejscNazwa><sln:miejscRodzaj>Wieś</sln:miejscRodzaj><sln:powIIPId>b832e274-346c-4551-b312-80aa8ccfd59b</sln:powIIPId><sln:powIIPPn>PL.PZGIK.200</sln:powIIPPn><sln:powIIPWersja>2012-09-27T10:07:22+02:00</sln:powIIPWersja><sln:powIdTeryt>3214</sln:powIdTeryt><sln:powNazwa>stargardzki</sln:powNazwa><sln:waznyOd>2011-04-08T00:00:00+02:00</sln:waznyOd><sln:wojIIPId>c3f2202a-b491-49c5-a3af-d581108d939a</sln:wojIIPId><sln:wojIIPPn>PL.PZGIK.200</sln:wojIIPPn><sln:wojIIPWersja>2017-10-10T00:00:00+02:00</sln:wojIIPWersja><sln:wojIdTeryt>32</sln:wojIdTeryt><sln:wojNazwa>zachodniopomorskie</sln:wojNazwa></sln:miejscowosc><sln:miejscowosc><sln:cyklZyciaDo>2017-04-19T00:00:00+02:00</sln:cyklZyciaDo><sln:cyklZyciaOd>2015-12-21T00:00:00+01:00</sln:cyklZyciaOd><sln:gmIIPId>bdfd8060-3300-451f-b7fc-d47ea276c5f9</sln:gmIIPId><sln:gmIIPPn>PL.PZGIK.200</sln:gmIIPPn><sln:gmIIPWersja>2017-03-08T12:05:31+01:00</sln:gmIIPWersja><sln:gmIdTeryt>3214102</sln:gmIdTeryt><sln:gmNazwa>Stargard</sln:gmNazwa><sln:miejscIIPId>144309f4-bfdd-4fc1-ba1d-cab61c34c615</sln:miejscIIPId><sln:miejscIIPPn>PL.PZGIK.200</sln:miejscIIPPn><sln:miejscIIPWersja>2016-11-24T12:48:52+02:00</sln:miejscIIPWersja><sln:miejscIdTeryt>0783491</sln:miejscIdTeryt><sln:miejscNazwa>Pęzino</sln:miejscNazwa><sln:miejscRodzaj>Wieś</sln:miejscRodzaj><sln:powIIPId>b832e274-346c-4551-b312-80aa8ccfd59b</sln:powIIPId><sln:powIIPPn>PL.PZGIK.200</sln:powIIPPn><sln:powIIPWersja>2012-09-27T10:07:22+02:00</sln:powIIPWersja><sln:powIdTeryt>3214</sln:powIdTeryt><sln:powNazwa>stargardzki</sln:powNazwa><sln:waznyOd>2011-04-08T00:00:00+02:00</sln:waznyOd><sln:wojIIPId>c3f2202a-b491-49c5-a3af-d581108d939a</sln:wojIIPId><sln:wojIIPPn>PL.PZGIK.200</sln:wojIIPPn><sln:wojIIPWersja>2017-10-10T00:00:00+02:00</sln:wojIIPWersja><sln:wojIdTeryt>32</sln:wojIdTeryt><sln:wojNazwa>zachodniopomorskie</sln:wojNazwa></sln:miejscowosc><sln:miejscowosc><sln:cyklZyciaDo>2017-04-19T00:00:00+02:00</sln:cyklZyciaDo><sln:cyklZyciaOd>2015-12-21T00:00:00+01:00</sln:cyklZyciaOd><sln:gmIIPId>bdfd8060-3300-451f-b7fc-d47ea276c5f9</sln:gmIIPId><sln:gmIIPPn>PL.PZGIK.200</sln:gmIIPPn><sln:gmIIPWersja>2017-03-08T12:05:31+01:00</sln:gmIIPWersja><sln:gmIdTeryt>3214102</sln:gmIdTeryt><sln:gmNazwa>Stargard</sln:gmNazwa><sln:miejscIIPId>256c8169-1382-405b-95c7-7605311d558d</sln:miejscIIPId><sln:miejscIIPPn>PL.PZGIK.200</sln:miejscIIPPn><sln:miejscIIPWersja>2016-11-24T12:48:52+02:00</sln:miejscIIPWersja><sln:miejscIdTeryt>0783522</sln:miejscIdTeryt><sln:miejscNazwa>Poczernin</sln:miejscNazwa><sln:miejscRodzaj>Wieś</sln:miejscRodzaj><sln:powIIPId>b832e274-346c-4551-b312-80aa8ccfd59b</sln:powIIPId><sln:powIIPPn>PL.PZGIK.200</sln:powIIPPn><sln:powIIPWersja>2012-09-27T10:07:22+02:00</sln:powIIPWersja><sln:powIdTeryt>3214</sln:powIdTeryt><sln:powNazwa>stargardzki</sln:powNazwa><sln:waznyOd>2011-04-08T00:00:00+02:00</sln:waznyOd><sln:wojIIPId>c3f2202a-b491-49c5-a3af-d581108d939a</sln:wojIIPId><sln:wojIIPPn>PL.PZGIK.200</sln:wojIIPPn><sln:wojIIPWersja>2017-10-10T00:00:00+02:00</sln:wojIIPWersja><sln:wojIdTeryt>32</sln:wojIdTeryt><sln:wojNazwa>zachodniopomorskie</sln:wojNazwa></sln:miejscowosc><sln:miejscowosc><sln:cyklZyciaDo>2017-04-19T00:00:00+02:00</sln:cyklZyciaDo><sln:cyklZyciaOd>2015-12-21T00:00:00+01:00</sln:cyklZyciaOd><sln:gmIIPId>bdfd8060-3300-451f-b7fc-d47ea276c5f9</sln:gmIIPId><sln:gmIIPPn>PL.PZGIK.200</sln:gmIIPPn><sln:gmIIPWersja>2017-03-08T12:05:31+01:00</sln:gmIIPWersja><sln:gmIdTeryt>3214102</sln:gmIdTeryt><sln:gmNazwa>Stargard</sln:gmNazwa><sln:miejscIIPId>4ed58353-ceb8-4cc9-86af-edcbff866d8a</sln:miejscIIPId><sln:miejscIIPPn>PL.PZGIK.200</sln:miejscIIPPn><sln:miejscIIPWersja>2016-11-24T12:48:52+02:00</sln:miejscIIPWersja><sln:miejscIdTeryt>0783730</sln:miejscIdTeryt><sln:miejscNazwa>Radziszewo</sln:miejscNazwa><sln:miejscRodzaj>Wieś</sln:miejscRodzaj><sln:powIIPId>b832e274-346c-4551-b312-80aa8ccfd59b</sln:powIIPId><sln:powIIPPn>PL.PZGIK.200</sln:powIIPPn><sln:powIIPWersja>2012-09-27T10:07:22+02:00</sln:powIIPWersja><sln:powIdTeryt>3214</sln:powIdTeryt><sln:powNazwa>stargardzki</sln:powNazwa><sln:waznyOd>2011-04-08T00:00:00+02:00</sln:waznyOd><sln:wojIIPId>c3f2202a-b491-49c5-a3af-d581108d939a</sln:wojIIPId><sln:wojIIPPn>PL.PZGIK.200</sln:wojIIPPn><sln:wojIIPWersja>2017-10-10T00:00:00+02:00</sln:wojIIPWersja><sln:wojIdTeryt>32</sln:wojIdTeryt><sln:wojNazwa>zachodniopomorskie</sln:wojNazwa></sln:miejscowosc><sln:miejscowosc><sln:cyklZyciaDo>2017-04-19T00:00:00+02:00</sln:cyklZyciaDo><sln:cyklZyciaOd>2015-12-21T00:00:00+01:00</sln:cyklZyciaOd><sln:gmIIPId>bdfd8060-3300-451f-b7fc-d47ea276c5f9</sln:gmIIPId><sln:gmIIPPn>PL.PZGIK.200</sln:gmIIPPn><sln:gmIIPWersja>2017-03-08T12:05:31+01:00</sln:gmIIPWersja><sln:gmIdTeryt>3214102</sln:gmIdTeryt><sln:gmNazwa>Stargard</sln:gmNazwa><sln:miejscIIPId>f512739c-dab0-4fe0-9d47-e5856870fdf7</sln:miejscIIPId><sln:miejscIIPPn>PL.PZGIK.200</sln:miejscIIPPn><sln:miejscIIPWersja>2016-11-24T12:48:52+02:00</sln:miejscIIPWersja><sln:miejscIdTeryt>0783539</sln:miejscIdTeryt><sln:miejscNazwa>Rogowo</sln:miejscNazwa><sln:miejscRodzaj>Wieś</sln:miejscRodzaj><sln:powIIPId>b832e274-346c-4551-b312-80aa8ccfd59b</sln:powIIPId><sln:powIIPPn>PL.PZGIK.200</sln:powIIPPn><sln:powIIPWersja>2012-09-27T10:07:22+02:00</sln:powIIPWersja><sln:powIdTeryt>3214</sln:powIdTeryt><sln:powNazwa>stargardzki</sln:powNazwa><sln:waznyOd>2011-04-08T00:00:00+02:00</sln:waznyOd><sln:wojIIPId>c3f2202a-b491-49c5-a3af-d581108d939a</sln:wojIIPId><sln:wojIIPPn>PL.PZGIK.200</sln:wojIIPPn><sln:wojIIPWersja>2017-10-10T00:00:00+02:00</sln:wojIIPWersja><sln:wojIdTeryt>32</sln:wojIdTeryt><sln:wojNazwa>zachodniopomorskie</sln:wojNazwa></sln:miejscowosc><sln:miejscowosc><sln:cyklZyciaDo>2017-04-19T00:00:00+02:00</sln:cyklZyciaDo><sln:cyklZyciaOd>2015-12-21T00:00:00+01:00</sln:cyklZyciaOd><sln:gmIIPId>bdfd8060-3300-451f-b7fc-d47ea276c5f9</sln:gmIIPId><sln:gmIIPPn>PL.PZGIK.200</sln:gmIIPPn><sln:gmIIPWersja>2017-03-08T12:05:31+01:00</sln:gmIIPWersja><sln:gmIdTeryt>3214102</sln:gmIdTeryt><sln:gmNazwa>Stargard</sln:gmNazwa><sln:miejscIIPId>f364d4a1-0a1b-4e8a-864a-105765cae11c</sln:miejscIIPId><sln:miejscIIPPn>PL.PZGIK.200</sln:miejscIIPPn><sln:miejscIIPWersja>2016-11-24T12:48:52+02:00</sln:miejscIIPWersja><sln:miejscIdTeryt>0783692</sln:miejscIdTeryt><sln:miejscNazwa>Siwkowo</sln:miejscNazwa><sln:miejscRodzaj>Kolonia</sln:miejscRodzaj><sln:powIIPId>b832e274-346c-4551-b312-80aa8ccfd59b</sln:powIIPId><sln:powIIPPn>PL.PZGIK.200</sln:powIIPPn><sln:powIIPWersja>2012-09-27T10:07:22+02:00</sln:powIIPWersja><sln:powIdTeryt>3214</sln:powIdTeryt><sln:powNazwa>stargardzki</sln:powNazwa><sln:waznyOd>2012-08-23T00:00:00+02:00</sln:waznyOd><sln:wojIIPId>c3f2202a-b491-49c5-a3af-d581108d939a</sln:wojIIPId><sln:wojIIPPn>PL.PZGIK.200</sln:wojIIPPn><sln:wojIIPWersja>2017-10-10T00:00:00+02:00</sln:wojIIPWersja><sln:wojIdTeryt>32</sln:wojIdTeryt><sln:wojNazwa>zachodniopomorskie</sln:wojNazwa></sln:miejscowosc><sln:miejscowosc><sln:cyklZyciaDo>2017-04-19T00:00:00+02:00</sln:cyklZyciaDo><sln:cyklZyciaOd>2015-12-21T00:00:00+01:00</sln:cyklZyciaOd><sln:gmIIPId>bdfd8060-3300-451f-b7fc-d47ea276c5f9</sln:gmIIPId><sln:gmIIPPn>PL.PZGIK.200</sln:gmIIPPn><sln:gmIIPWersja>2017-03-08T12:05:31+01:00</sln:gmIIPWersja><sln:gmIdTeryt>3214102</sln:gmIdTeryt><sln:gmNazwa>Stargard</sln:gmNazwa><sln:miejscIIPId>fc412317-dce5-4ed4-be7a-64ca4f0fd4d9</sln:miejscIIPId><sln:miejscIIPPn>PL.PZGIK.200</sln:miejscIIPPn><sln:miejscIIPWersja>2016-11-24T12:48:52+02:00</sln:miejscIIPWersja><sln:miejscIdTeryt>0783545</sln:miejscIdTeryt><sln:miejscNazwa>Skalin</sln:miejscNazwa><sln:miejscRodzaj>Wieś</sln:miejscRodzaj><sln:powIIPId>b832e274-346c-4551-b312-80aa8ccfd59b</sln:powIIPId><sln:powIIPPn>PL.PZGIK.200</sln:powIIPPn><sln:powIIPWersja>2012-09-27T10:07:22+02:00</sln:powIIPWersja><sln:powIdTeryt>3214</sln:powIdTeryt><sln:powNazwa>stargardzki</sln:powNazwa><sln:waznyOd>2011-04-08T00:00:00+02:00</sln:waznyOd><sln:wojIIPId>c3f2202a-b491-49c5-a3af-d581108d939a</sln:wojIIPId><sln:wojIIPPn>PL.PZGIK.200</sln:wojIIPPn><sln:wojIIPWersja>2017-10-10T00:00:00+02:00</sln:wojIIPWersja><sln:wojIdTeryt>32</sln:wojIdTeryt><sln:wojNazwa>zachodniopomorskie</sln:wojNazwa></sln:miejscowosc><sln:miejscowosc><sln:cyklZyciaDo>2017-04-19T00:00:00+02:00</sln:cyklZyciaDo><sln:cyklZyciaOd>2015-12-21T00:00:00+01:00</sln:cyklZyciaOd><sln:gmIIPId>bdfd8060-3300-451f-b7fc-d47ea276c5f9</sln:gmIIPId><sln:gmIIPPn>PL.PZGIK.200</sln:gmIIPPn><sln:gmIIPWersja>2017-03-08T12:05:31+01:00</sln:gmIIPWersja><sln:gmIdTeryt>3214102</sln:gmIdTeryt><sln:gmNazwa>Stargard</sln:gmNazwa><sln:miejscIIPId>acad4fbc-2541-4a6e-9ebf-2d295c36763a</sln:miejscIIPId><sln:miejscIIPPn>PL.PZGIK.200</sln:miejscIIPPn><sln:miejscIIPWersja>2016-11-24T12:48:52+02:00</sln:miejscIIPWersja><sln:miejscIdTeryt>0783551</sln:miejscIdTeryt><sln:miejscNazwa>Smogolice</sln:miejscNazwa><sln:miejscRodzaj>Wieś</sln:miejscRodzaj><sln:powIIPId>b832e274-346c-4551-b312-80aa8ccfd59b</sln:powIIPId><sln:powIIPPn>PL.PZGIK.200</sln:powIIPPn><sln:powIIPWersja>2012-09-27T10:07:22+02:00</sln:powIIPWersja><sln:powIdTeryt>3214</sln:powIdTeryt><sln:powNazwa>stargardzki</sln:powNazwa><sln:waznyOd>2011-04-08T00:00:00+02:00</sln:waznyOd><sln:wojIIPId>c3f2202a-b491-49c5-a3af-d581108d939a</sln:wojIIPId><sln:wojIIPPn>PL.PZGIK.200</sln:wojIIPPn><sln:wojIIPWersja>2017-10-10T00:00:00+02:00</sln:wojIIPWersja><sln:wojIdTeryt>32</sln:wojIdTeryt><sln:wojNazwa>zachodniopomorskie</sln:wojNazwa></sln:miejscowosc><sln:miejscowosc><sln:cyklZyciaDo>2017-04-19T00:00:00+02:00</sln:cyklZyciaDo><sln:cyklZyciaOd>2015-12-21T00:00:00+01:00</sln:cyklZyciaOd><sln:gmIIPId>bdfd8060-3300-451f-b7fc-d47ea276c5f9</sln:gmIIPId><sln:gmIIPPn>PL.PZGIK.200</sln:gmIIPPn><sln:gmIIPWersja>2017-03-08T12:05:31+01:00</sln:gmIIPWersja><sln:gmIdTeryt>3214102</sln:gmIdTeryt><sln:gmNazwa>Stargard</sln:gmNazwa><sln:miejscIIPId>f6ef12f8-cac1-4c45-a5c5-a399875ff827</sln:miejscIIPId><sln:miejscIIPPn>PL.PZGIK.200</sln:miejscIIPPn><sln:miejscIIPWersja>2016-11-24T12:48:52+02:00</sln:miejscIIPWersja><sln:miejscIdTeryt>0783568</sln:miejscIdTeryt><sln:miejscNazwa>Sowno</sln:miejscNazwa><sln:miejscRodzaj>Wieś</sln:miejscRodzaj><sln:powIIPId>b832e274-346c-4551-b312-80aa8ccfd59b</sln:powIIPId><sln:powIIPPn>PL.PZGIK.200</sln:powIIPPn><sln:powIIPWersja>2012-09-27T10:07:22+02:00</sln:powIIPWersja><sln:powIdTeryt>3214</sln:powIdTeryt><sln:powNazwa>stargardzki</sln:powNazwa><sln:waznyOd>2011-04-08T00:00:00+02:00</sln:waznyOd><sln:wojIIPId>c3f2202a-b491-49c5-a3af-d581108d939a</sln:wojIIPId><sln:wojIIPPn>PL.PZGIK.200</sln:wojIIPPn><sln:wojIIPWersja>2017-10-10T00:00:00+02:00</sln:wojIIPWersja><sln:wojIdTeryt>32</sln:wojIdTeryt><sln:wojNazwa>zachodniopomorskie</sln:wojNazwa></sln:miejscowosc><sln:miejscowosc><sln:cyklZyciaDo>2017-04-19T00:00:00+02:00</sln:cyklZyciaDo><sln:cyklZyciaOd>2015-12-21T00:00:00+01:00</sln:cyklZyciaOd><sln:gmIIPId>bdfd8060-3300-451f-b7fc-d47ea276c5f9</sln:gmIIPId><sln:gmIIPPn>PL.PZGIK.200</sln:gmIIPPn><sln:gmIIPWersja>2017-03-08T12:05:31+01:00</sln:gmIIPWersja><sln:gmIdTeryt>3214102</sln:gmIdTeryt><sln:gmNazwa>Stargard</sln:gmNazwa><sln:miejscIIPId>7ce6fc4d-6b8f-43d2-9510-8f9f68c258c5</sln:miejscIIPId><sln:miejscIIPPn>PL.PZGIK.200</sln:miejscIIPPn><sln:miejscIIPWersja>2016-11-24T12:48:52+02:00</sln:miejscIIPWersja><sln:miejscIdTeryt>0783597</sln:miejscIdTeryt><sln:miejscNazwa>Strachocin</sln:miejscNazwa><sln:miejscRodzaj>Wieś</sln:miejscRodzaj><sln:powIIPId>b832e274-346c-4551-b312-80aa8ccfd59b</sln:powIIPId><sln:powIIPPn>PL.PZGIK.200</sln:powIIPPn><sln:powIIPWersja>2012-09-27T10:07:22+02:00</sln:powIIPWersja><sln:powIdTeryt>3214</sln:powIdTeryt><sln:powNazwa>stargardzki</sln:powNazwa><sln:waznyOd>2011-04-08T00:00:00+02:00</sln:waznyOd><sln:wojIIPId>c3f2202a-b491-49c5-a3af-d581108d939a</sln:wojIIPId><sln:wojIIPPn>PL.PZGIK.200</sln:wojIIPPn><sln:wojIIPWersja>2017-10-10T00:00:00+02:00</sln:wojIIPWersja><sln:wojIdTeryt>32</sln:wojIdTeryt><sln:wojNazwa>zachodniopomorskie</sln:wojNazwa></sln:miejscowosc><sln:miejscowosc><sln:cyklZyciaDo>2017-04-19T00:00:00+02:00</sln:cyklZyciaDo><sln:cyklZyciaOd>2015-12-21T00:00:00+01:00</sln:cyklZyciaOd><sln:gmIIPId>bdfd8060-3300-451f-b7fc-d47ea276c5f9</sln:gmIIPId><sln:gmIIPPn>PL.PZGIK.200</sln:gmIIPPn><sln:gmIIPWersja>2017-03-08T12:05:31+01:00</sln:gmIIPWersja><sln:gmIdTeryt>3214102</sln:gmIdTeryt><sln:gmNazwa>Stargard</sln:gmNazwa><sln:miejscIIPId>06e688e7-09aa-4b1b-b53f-0df5c277a4b1</sln:miejscIIPId><sln:miejscIIPPn>PL.PZGIK.200</sln:miejscIIPPn><sln:miejscIIPWersja>2016-11-24T12:48:52+02:00</sln:miejscIIPWersja><sln:miejscIdTeryt>0783605</sln:miejscIdTeryt><sln:miejscNazwa>Strumiany</sln:miejscNazwa><sln:miejscRodzaj>Wieś</sln:miejscRodzaj><sln:powIIPId>b832e274-346c-4551-b312-80aa8ccfd59b</sln:powIIPId><sln:powIIPPn>PL.PZGIK.200</sln:powIIPPn><sln:powIIPWersja>2012-09-27T10:07:22+02:00</sln:powIIPWersja><sln:powIdTeryt>3214</sln:powIdTeryt><sln:powNazwa>stargardzki</sln:powNazwa><sln:waznyOd>2011-04-08T00:00:00+02:00</sln:waznyOd><sln:wojIIPId>c3f2202a-b491-49c5-a3af-d581108d939a</sln:wojIIPId><sln:wojIIPPn>PL.PZGIK.200</sln:wojIIPPn><sln:wojIIPWersja>2017-10-10T00:00:00+02:00</sln:wojIIPWersja><sln:wojIdTeryt>32</sln:wojIdTeryt><sln:wojNazwa>zachodniopomorskie</sln:wojNazwa></sln:miejscowosc><sln:miejscowosc><sln:cyklZyciaDo>2017-04-19T00:00:00+02:00</sln:cyklZyciaDo><sln:cyklZyciaOd>2015-12-21T00:00:00+01:00</sln:cyklZyciaOd><sln:gmIIPId>bdfd8060-3300-451f-b7fc-d47ea276c5f9</sln:gmIIPId><sln:gmIIPPn>PL.PZGIK.200</sln:gmIIPPn><sln:gmIIPWersja>2017-03-08T12:05:31+01:00</sln:gmIIPWersja><sln:gmIdTeryt>3214102</sln:gmIdTeryt><sln:gmNazwa>Stargard</sln:gmNazwa><sln:miejscIIPId>f9698158-fa71-4702-8d61-2ea33482885a</sln:miejscIIPId><sln:miejscIIPPn>PL.PZGIK.200</sln:miejscIIPPn><sln:miejscIIPWersja>2016-11-24T12:48:52+02:00</sln:miejscIIPWersja><sln:miejscIdTeryt>0783611</sln:miejscIdTeryt><sln:miejscNazwa>Strzyżno</sln:miejscNazwa><sln:miejscRodzaj>Osada</sln:miejscRodzaj><sln:powIIPId>b832e274-346c-4551-b312-80aa8ccfd59b</sln:powIIPId><sln:powIIPPn>PL.PZGIK.200</sln:powIIPPn><sln:powIIPWersja>2012-09-27T10:07:22+02:00</sln:powIIPWersja><sln:powIdTeryt>3214</sln:powIdTeryt><sln:powNazwa>stargardzki</sln:powNazwa><sln:waznyOd>2011-04-08T00:00:00+02:00</sln:waznyOd><sln:wojIIPId>c3f2202a-b491-49c5-a3af-d581108d939a</sln:wojIIPId><sln:wojIIPPn>PL.PZGIK.200</sln:wojIIPPn><sln:wojIIPWersja>2017-10-10T00:00:00+02:00</sln:wojIIPWersja><sln:wojIdTeryt>32</sln:wojIdTeryt><sln:wojNazwa>zachodniopomorskie</sln:wojNazwa></sln:miejscowosc><sln:miejscowosc><sln:cyklZyciaDo>2017-04-19T00:00:00+02:00</sln:cyklZyciaDo><sln:cyklZyciaOd>2015-12-21T00:00:00+01:00</sln:cyklZyciaOd><sln:gmIIPId>bdfd8060-3300-451f-b7fc-d47ea276c5f9</sln:gmIIPId><sln:gmIIPPn>PL.PZGIK.200</sln:gmIIPPn><sln:gmIIPWersja>2017-03-08T12:05:31+01:00</sln:gmIIPWersja><sln:gmIdTeryt>3214102</sln:gmIdTeryt><sln:gmNazwa>Stargard</sln:gmNazwa><sln:miejscIIPId>61912e06-fbd5-42d7-8dc0-abedb3d2b85c</sln:miejscIIPId><sln:miejscIIPPn>PL.PZGIK.200</sln:miejscIIPPn><sln:miejscIIPWersja>2016-11-24T12:48:52+02:00</sln:miejscIIPWersja><sln:miejscIdTeryt>0783628</sln:miejscIdTeryt><sln:miejscNazwa>Sułkowo</sln:miejscNazwa><sln:miejscRodzaj>Osada</sln:miejscRodzaj><sln:powIIPId>b832e274-346c-4551-b312-80aa8ccfd59b</sln:powIIPId><sln:powIIPPn>PL.PZGIK.200</sln:powIIPPn><sln:powIIPWersja>2012-09-27T10:07:22+02:00</sln:powIIPWersja><sln:powIdTeryt>3214</sln:powIdTeryt><sln:powNazwa>stargardzki</sln:powNazwa><sln:waznyOd>2011-04-08T00:00:00+02:00</sln:waznyOd><sln:wojIIPId>c3f2202a-b491-49c5-a3af-d581108d939a</sln:wojIIPId><sln:wojIIPPn>PL.PZGIK.200</sln:wojIIPPn><sln:wojIIPWersja>2017-10-10T00:00:00+02:00</sln:wojIIPWersja><sln:wojIdTeryt>32</sln:wojIdTeryt><sln:wojNazwa>zachodniopomorskie</sln:wojNazwa></sln:miejscowosc><sln:miejscowosc><sln:cyklZyciaDo>2017-04-19T00:00:00+02:00</sln:cyklZyciaDo><sln:cyklZyciaOd>2015-12-21T00:00:00+01:00</sln:cyklZyciaOd><sln:gmIIPId>bdfd8060-3300-451f-b7fc-d47ea276c5f9</sln:gmIIPId><sln:gmIIPPn>PL.PZGIK.200</sln:gmIIPPn><sln:gmIIPWersja>2017-03-08T12:05:31+01:00</sln:gmIIPWersja><sln:gmIdTeryt>3214102</sln:gmIdTeryt><sln:gmNazwa>Stargard</sln:gmNazwa><sln:miejscIIPId>07485013-e407-4b0a-9139-241c23988996</sln:miejscIIPId><sln:miejscIIPPn>PL.PZGIK.200</sln:miejscIIPPn><sln:miejscIIPWersja>2016-11-24T12:48:52+02:00</sln:miejscIIPWersja><sln:miejscIdTeryt>0783640</sln:miejscIdTeryt><sln:miejscNazwa>Święte</sln:miejscNazwa><sln:miejscRodzaj>Wieś</sln:miejscRodzaj><sln:powIIPId>b832e274-346c-4551-b312-80aa8ccfd59b</sln:powIIPId><sln:powIIPPn>PL.PZGIK.200</sln:powIIPPn><sln:powIIPWersja>2012-09-27T10:07:22+02:00</sln:powIIPWersja><sln:powIdTeryt>3214</sln:powIdTeryt><sln:powNazwa>stargardzki</sln:powNazwa><sln:waznyOd>2011-04-08T00:00:00+02:00</sln:waznyOd><sln:wojIIPId>c3f2202a-b491-49c5-a3af-d581108d939a</sln:wojIIPId><sln:wojIIPPn>PL.PZGIK.200</sln:wojIIPPn><sln:wojIIPWersja>2017-10-10T00:00:00+02:00</sln:wojIIPWersja><sln:wojIdTeryt>32</sln:wojIdTeryt><sln:wojNazwa>zachodniopomorskie</sln:wojNazwa></sln:miejscowosc><sln:miejscowosc><sln:cyklZyciaDo>2017-04-19T00:00:00+02:00</sln:cyklZyciaDo><sln:cyklZyciaOd>2015-12-21T00:00:00+01:00</sln:cyklZyciaOd><sln:gmIIPId>bdfd8060-3300-451f-b7fc-d47ea276c5f9</sln:gmIIPId><sln:gmIIPPn>PL.PZGIK.200</sln:gmIIPPn><sln:gmIIPWersja>2017-03-08T12:05:31+01:00</sln:gmIIPWersja><sln:gmIdTeryt>3214102</sln:gmIdTeryt><sln:gmNazwa>Stargard</sln:gmNazwa><sln:miejscIIPId>31bdacdf-f31c-477e-a2c3-5bbbe14e72e8</sln:miejscIIPId><sln:miejscIIPPn>PL.PZGIK.200</sln:miejscIIPPn><sln:miejscIIPWersja>2016-11-24T12:48:52+02:00</sln:miejscIIPWersja><sln:miejscIdTeryt>0783657</sln:miejscIdTeryt><sln:miejscNazwa>Trzebiatów</sln:miejscNazwa><sln:miejscRodzaj>Wieś</sln:miejscRodzaj><sln:powIIPId>b832e274-346c-4551-b312-80aa8ccfd59b</sln:powIIPId><sln:powIIPPn>PL.PZGIK.200</sln:powIIPPn><sln:powIIPWersja>2012-09-27T10:07:22+02:00</sln:powIIPWersja><sln:powIdTeryt>3214</sln:powIdTeryt><sln:powNazwa>stargardzki</sln:powNazwa><sln:waznyOd>2011-04-08T00:00:00+02:00</sln:waznyOd><sln:wojIIPId>c3f2202a-b491-49c5-a3af-d581108d939a</sln:wojIIPId><sln:wojIIPPn>PL.PZGIK.200</sln:wojIIPPn><sln:wojIIPWersja>2017-10-10T00:00:00+02:00</sln:wojIIPWersja><sln:wojIdTeryt>32</sln:wojIdTeryt><sln:wojNazwa>zachodniopomorskie</sln:wojNazwa></sln:miejscowosc><sln:miejscowosc><sln:cyklZyciaDo>2017-04-19T00:00:00+02:00</sln:cyklZyciaDo><sln:cyklZyciaOd>2015-12-21T00:00:00+01:00</sln:cyklZyciaOd><sln:gmIIPId>bdfd8060-3300-451f-b7fc-d47ea276c5f9</sln:gmIIPId><sln:gmIIPPn>PL.PZGIK.200</sln:gmIIPPn><sln:gmIIPWersja>2017-03-08T12:05:31+01:00</sln:gmIIPWersja><sln:gmIdTeryt>3214102</sln:gmIdTeryt><sln:gmNazwa>Stargard</sln:gmNazwa><sln:miejscIIPId>e68a8cae-0698-4062-bb17-20334b518727</sln:miejscIIPId><sln:miejscIIPPn>PL.PZGIK.200</sln:miejscIIPPn><sln:miejscIIPWersja>2016-11-24T12:48:52+02:00</sln:miejscIIPWersja><sln:miejscIdTeryt>0783663</sln:miejscIdTeryt><sln:miejscNazwa>Tychowo</sln:miejscNazwa><sln:miejscRodzaj>Wieś</sln:miejscRodzaj><sln:powIIPId>b832e274-346c-4551-b312-80aa8ccfd59b</sln:powIIPId><sln:powIIPPn>PL.PZGIK.200</sln:powIIPPn><sln:powIIPWersja>2012-09-27T10:07:22+02:00</sln:powIIPWersja><sln:powIdTeryt>3214</sln:powIdTeryt><sln:powNazwa>stargardzki</sln:powNazwa><sln:waznyOd>2011-04-08T00:00:00+02:00</sln:waznyOd><sln:wojIIPId>c3f2202a-b491-49c5-a3af-d581108d939a</sln:wojIIPId><sln:wojIIPPn>PL.PZGIK.200</sln:wojIIPPn><sln:wojIIPWersja>2017-10-10T00:00:00+02:00</sln:wojIIPWersja><sln:wojIdTeryt>32</sln:wojIdTeryt><sln:wojNazwa>zachodniopomorskie</sln:wojNazwa></sln:miejscowosc><sln:miejscowosc><sln:cyklZyciaDo>2017-04-19T00:00:00+02:00</sln:cyklZyciaDo><sln:cyklZyciaOd>2015-12-21T00:00:00+01:00</sln:cyklZyciaOd><sln:gmIIPId>bdfd8060-3300-451f-b7fc-d47ea276c5f9</sln:gmIIPId><sln:gmIIPPn>PL.PZGIK.200</sln:gmIIPPn><sln:gmIIPWersja>2017-03-08T12:05:31+01:00</sln:gmIIPWersja><sln:gmIdTeryt>3214102</sln:gmIdTeryt><sln:gmNazwa>Stargard</sln:gmNazwa><sln:miejscIIPId>cb36ea3f-8715-46f4-8c7b-3bbbdc04bd2f</sln:miejscIIPId><sln:miejscIIPPn>PL.PZGIK.200</sln:miejscIIPPn><sln:miejscIIPWersja>2016-11-24T12:48:52+02:00</sln:miejscIIPWersja><sln:miejscIdTeryt>0783670</sln:miejscIdTeryt><sln:miejscNazwa>Ulikowo</sln:miejscNazwa><sln:miejscRodzaj>Osada</sln:miejscRodzaj><sln:powIIPId>b832e274-346c-4551-b312-80aa8ccfd59b</sln:powIIPId><sln:powIIPPn>PL.PZGIK.200</sln:powIIPPn><sln:powIIPWersja>2012-09-27T10:07:22+02:00</sln:powIIPWersja><sln:powIdTeryt>3214</sln:powIdTeryt><sln:powNazwa>stargardzki</sln:powNazwa><sln:waznyOd>2011-04-08T00:00:00+02:00</sln:waznyOd><sln:wojIIPId>c3f2202a-b491-49c5-a3af-d581108d939a</sln:wojIIPId><sln:wojIIPPn>PL.PZGIK.200</sln:wojIIPPn><sln:wojIIPWersja>2017-10-10T00:00:00+02:00</sln:wojIIPWersja><sln:wojIdTeryt>32</sln:wojIdTeryt><sln:wojNazwa>zachodniopomorskie</sln:wojNazwa></sln:miejscowosc><sln:miejscowosc><sln:cyklZyciaDo>2017-04-19T00:00:00+02:00</sln:cyklZyciaDo><sln:cyklZyciaOd>2015-12-21T00:00:00+01:00</sln:cyklZyciaOd><sln:gmIIPId>bdfd8060-3300-451f-b7fc-d47ea276c5f9</sln:gmIIPId><sln:gmIIPPn>PL.PZGIK.200</sln:gmIIPPn><sln:gmIIPWersja>2017-03-08T12:05:31+01:00</sln:gmIIPWersja><sln:gmIdTeryt>3214102</sln:gmIdTeryt><sln:gmNazwa>Stargard</sln:gmNazwa><sln:miejscIIPId>4a2e40df-2096-4426-a3d5-290d6b60d6fc</sln:miejscIIPId><sln:miejscIIPPn>PL.PZGIK.200</sln:miejscIIPPn><sln:miejscIIPWersja>2016-11-24T12:48:52+02:00</sln:miejscIIPWersja><sln:miejscIdTeryt>0783700</sln:miejscIdTeryt><sln:miejscNazwa>Warchlinko</sln:miejscNazwa><sln:miejscRodzaj>Kolonia</sln:miejscRodzaj><sln:powIIPId>b832e274-346c-4551-b312-80aa8ccfd59b</sln:powIIPId><sln:powIIPPn>PL.PZGIK.200</sln:powIIPPn><sln:powIIPWersja>2012-09-27T10:07:22+02:00</sln:powIIPWersja><sln:powIdTeryt>3214</sln:powIdTeryt><sln:powNazwa>stargardzki</sln:powNazwa><sln:waznyOd>2011-04-08T00:00:00+02:00</sln:waznyOd><sln:wojIIPId>c3f2202a-b491-49c5-a3af-d581108d939a</sln:wojIIPId><sln:wojIIPPn>PL.PZGIK.200</sln:wojIIPPn><sln:wojIIPWersja>2017-10-10T00:00:00+02:00</sln:wojIIPWersja><sln:wojIdTeryt>32</sln:wojIdTeryt><sln:wojNazwa>zachodniopomorskie</sln:wojNazwa></sln:miejscowosc><sln:miejscowosc><sln:cyklZyciaDo>2017-04-19T00:00:00+02:00</sln:cyklZyciaDo><sln:cyklZyciaOd>2015-12-21T00:00:00+01:00</sln:cyklZyciaOd><sln:gmIIPId>bdfd8060-3300-451f-b7fc-d47ea276c5f9</sln:gmIIPId><sln:gmIIPPn>PL.PZGIK.200</sln:gmIIPPn><sln:gmIIPWersja>2017-03-08T12:05:31+01:00</sln:gmIIPWersja><sln:gmIdTeryt>3214102</sln:gmIdTeryt><sln:gmNazwa>Stargard</sln:gmNazwa><sln:miejscIIPId>f9bad86b-8534-417f-a81b-2bee3d5ac33a</sln:miejscIIPId><sln:miejscIIPPn>PL.PZGIK.200</sln:miejscIIPPn><sln:miejscIIPWersja>2016-11-24T12:48:52+02:00</sln:miejscIIPWersja><sln:miejscIdTeryt>0783686</sln:miejscIdTeryt><sln:miejscNazwa>Warchlino</sln:miejscNazwa><sln:miejscRodzaj>Wieś</sln:miejscRodzaj><sln:powIIPId>b832e274-346c-4551-b312-80aa8ccfd59b</sln:powIIPId><sln:powIIPPn>PL.PZGIK.200</sln:powIIPPn><sln:powIIPWersja>2012-09-27T10:07:22+02:00</sln:powIIPWersja><sln:powIdTeryt>3214</sln:powIdTeryt><sln:powNazwa>stargardzki</sln:powNazwa><sln:waznyOd>2011-04-08T00:00:00+02:00</sln:waznyOd><sln:wojIIPId>c3f2202a-b491-49c5-a3af-d581108d939a</sln:wojIIPId><sln:wojIIPPn>PL.PZGIK.200</sln:wojIIPPn><sln:wojIIPWersja>2017-10-10T00:00:00+02:00</sln:wojIIPWersja><sln:wojIdTeryt>32</sln:wojIdTeryt><sln:wojNazwa>zachodniopomorskie</sln:wojNazwa></sln:miejscowosc><sln:miejscowosc><sln:cyklZyciaDo>2017-04-19T00:00:00+02:00</sln:cyklZyciaDo><sln:cyklZyciaOd>2015-12-21T00:00:00+01:00</sln:cyklZyciaOd><sln:gmIIPId>bdfd8060-3300-451f-b7fc-d47ea276c5f9</sln:gmIIPId><sln:gmIIPPn>PL.PZGIK.200</sln:gmIIPPn><sln:gmIIPWersja>2017-03-08T12:05:31+01:00</sln:gmIIPWersja><sln:gmIdTeryt>3214102</sln:gmIdTeryt><sln:gmNazwa>Stargard</sln:gmNazwa><sln:miejscIIPId>f7d8d50c-99e9-4a26-a4c4-a349af3ce02e</sln:miejscIIPId><sln:miejscIIPPn>PL.PZGIK.200</sln:miejscIIPPn><sln:miejscIIPWersja>2016-11-24T12:48:52+02:00</sln:miejscIIPWersja><sln:miejscIdTeryt>0783717</sln:miejscIdTeryt><sln:miejscNazwa>Wierzchląd</sln:miejscNazwa><sln:miejscRodzaj>Osada</sln:miejscRodzaj><sln:powIIPId>b832e274-346c-4551-b312-80aa8ccfd59b</sln:powIIPId><sln:powIIPPn>PL.PZGIK.200</sln:powIIPPn><sln:powIIPWersja>2012-09-27T10:07:22+02:00</sln:powIIPWersja><sln:powIdTeryt>3214</sln:powIdTeryt><sln:powNazwa>stargardzki</sln:powNazwa><sln:waznyOd>2011-04-08T00:00:00+02:00</sln:waznyOd><sln:wojIIPId>c3f2202a-b491-49c5-a3af-d581108d939a</sln:wojIIPId><sln:wojIIPPn>PL.PZGIK.200</sln:wojIIPPn><sln:wojIIPWersja>2017-10-10T00:00:00+02:00</sln:wojIIPWersja><sln:wojIdTeryt>32</sln:wojIdTeryt><sln:wojNazwa>zachodniopomorskie</sln:wojNazwa></sln:miejscowosc><sln:miejscowosc><sln:cyklZyciaDo>2017-04-19T00:00:00+02:00</sln:cyklZyciaDo><sln:cyklZyciaOd>2015-12-21T00:00:00+01:00</sln:cyklZyciaOd><sln:gmIIPId>bdfd8060-3300-451f-b7fc-d47ea276c5f9</sln:gmIIPId><sln:gmIIPPn>PL.PZGIK.200</sln:gmIIPPn><sln:gmIIPWersja>2017-03-08T12:05:31+01:00</sln:gmIIPWersja><sln:gmIdTeryt>3214102</sln:gmIdTeryt><sln:gmNazwa>Stargard</sln:gmNazwa><sln:miejscIIPId>a8bce74d-961e-48a8-a4e5-22563baf5a65</sln:miejscIIPId><sln:miejscIIPPn>PL.PZGIK.200</sln:miejscIIPPn><sln:miejscIIPWersja>2016-11-24T12:48:52+02:00</sln:miejscIIPWersja><sln:miejscIdTeryt>0783723</sln:miejscIdTeryt><sln:miejscNazwa>Witkowo Drugie</sln:miejscNazwa><sln:miejscRodzaj>Wieś</sln:miejscRodzaj><sln:powIIPId>b832e274-346c-4551-b312-80aa8ccfd59b</sln:powIIPId><sln:powIIPPn>PL.PZGIK.200</sln:powIIPPn><sln:powIIPWersja>2012-09-27T10:07:22+02:00</sln:powIIPWersja><sln:powIdTeryt>3214</sln:powIdTeryt><sln:powNazwa>stargardzki</sln:powNazwa><sln:waznyOd>2011-04-08T00:00:00+02:00</sln:waznyOd><sln:wojIIPId>c3f2202a-b491-49c5-a3af-d581108d939a</sln:wojIIPId><sln:wojIIPPn>PL.PZGIK.200</sln:wojIIPPn><sln:wojIIPWersja>2017-10-10T00:00:00+02:00</sln:wojIIPWersja><sln:wojIdTeryt>32</sln:wojIdTeryt><sln:wojNazwa>zachodniopomorskie</sln:wojNazwa></sln:miejscowosc><sln:miejscowosc><sln:cyklZyciaDo>2017-04-19T00:00:00+02:00</sln:cyklZyciaDo><sln:cyklZyciaOd>2015-12-21T00:00:00+01:00</sln:cyklZyciaOd><sln:gmIIPId>bdfd8060-3300-451f-b7fc-d47ea276c5f9</sln:gmIIPId><sln:gmIIPPn>PL.PZGIK.200</sln:gmIIPPn><sln:gmIIPWersja>2017-03-08T12:05:31+01:00</sln:gmIIPWersja><sln:gmIdTeryt>3214102</sln:gmIdTeryt><sln:gmNazwa>Stargard</sln:gmNazwa><sln:miejscIIPId>de73ec8f-87d7-4efb-891a-877e13a03c9c</sln:miejscIIPId><sln:miejscIIPPn>PL.PZGIK.200</sln:miejscIIPPn><sln:miejscIIPWersja>2016-11-24T12:48:52+02:00</sln:miejscIIPWersja><sln:miejscIdTeryt>0783746</sln:miejscIdTeryt><sln:miejscNazwa>Witkowo Pierwsze</sln:miejscNazwa><sln:miejscRodzaj>Osada</sln:miejscRodzaj><sln:powIIPId>b832e274-346c-4551-b312-80aa8ccfd59b</sln:powIIPId><sln:powIIPPn>PL.PZGIK.200</sln:powIIPPn><sln:powIIPWersja>2012-09-27T10:07:22+02:00</sln:powIIPWersja><sln:powIdTeryt>3214</sln:powIdTeryt><sln:powNazwa>stargardzki</sln:powNazwa><sln:waznyOd>2011-04-08T00:00:00+02:00</sln:waznyOd><sln:wojIIPId>c3f2202a-b491-49c5-a3af-d581108d939a</sln:wojIIPId><sln:wojIIPPn>PL.PZGIK.200</sln:wojIIPPn><sln:wojIIPWersja>2017-10-10T00:00:00+02:00</sln:wojIIPWersja><sln:wojIdTeryt>32</sln:wojIdTeryt><sln:wojNazwa>zachodniopomorskie</sln:wojNazwa></sln:miejscowosc><sln:miejscowosc><sln:cyklZyciaDo>2017-04-19T00:00:00+02:00</sln:cyklZyciaDo><sln:cyklZyciaOd>2015-12-21T00:00:00+01:00</sln:cyklZyciaOd><sln:gmIIPId>bdfd8060-3300-451f-b7fc-d47ea276c5f9</sln:gmIIPId><sln:gmIIPPn>PL.PZGIK.200</sln:gmIIPPn><sln:gmIIPWersja>2017-03-08T12:05:31+01:00</sln:gmIIPWersja><sln:gmIdTeryt>3214102</sln:gmIdTeryt><sln:gmNazwa>Stargard</sln:gmNazwa><sln:miejscIIPId>890605aa-29f4-4bb6-8369-e466c8521193</sln:miejscIIPId><sln:miejscIIPPn>PL.PZGIK.200</sln:miejscIIPPn><sln:miejscIIPWersja>2016-11-24T12:48:52+02:00</sln:miejscIIPWersja><sln:miejscIdTeryt>0783752</sln:miejscIdTeryt><sln:miejscNazwa>Żarowo</sln:miejscNazwa><sln:miejscRodzaj>Wieś</sln:miejscRodzaj><sln:powIIPId>b832e274-346c-4551-b312-80aa8ccfd59b</sln:powIIPId><sln:powIIPPn>PL.PZGIK.200</sln:powIIPPn><sln:powIIPWersja>2012-09-27T10:07:22+02:00</sln:powIIPWersja><sln:powIdTeryt>3214</sln:powIdTeryt><sln:powNazwa>stargardzki</sln:powNazwa><sln:waznyOd>2011-04-08T00:00:00+02:00</sln:waznyOd><sln:wojIIPId>c3f2202a-b491-49c5-a3af-d581108d939a</sln:wojIIPId><sln:wojIIPPn>PL.PZGIK.200</sln:wojIIPPn><sln:wojIIPWersja>2017-10-10T00:00:00+02:00</sln:wojIIPWersja><sln:wojIdTeryt>32</sln:wojIdTeryt><sln:wojNazwa>zachodniopomorskie</sln:wojNazwa></sln:miejscowosc><sln:miejscowosc><sln:cyklZyciaOd>2017-04-19T00:00:00+02:00</sln:cyklZyciaOd><sln:gmIIPId>bdfd8060-3300-451f-b7fc-d47ea276c5f9</sln:gmIIPId><sln:gmIIPPn>PL.PZGIK.200</sln:gmIIPPn><sln:gmIIPWersja>2017-03-08T12:05:31+01:00</sln:gmIIPWersja><sln:gmIdTeryt>3214102</sln:gmIdTeryt><sln:gmNazwa>Stargard</sln:gmNazwa><sln:miejscIIPId>c677095a-574a-4148-98e5-53746df40665</sln:miejscIIPId><sln:miejscIIPPn>PL.PZGIK.200</sln:miejscIIPPn><sln:miejscIIPWersja>2017-04-19T11:55:41+02:00</sln:miejscIIPWersja><sln:miejscIdTeryt>0783284</sln:miejscIdTeryt><sln:miejscNazwa>Barzkowice</sln:miejscNazwa><sln:miejscRodzaj>Osada</sln:miejscRodzaj><sln:powIIPId>b832e274-346c-4551-b312-80aa8ccfd59b</sln:powIIPId><sln:powIIPPn>PL.PZGIK.200</sln:powIIPPn><sln:powIIPWersja>2012-09-27T10:07:22+02:00</sln:powIIPWersja><sln:powIdTeryt>3214</sln:powIdTeryt><sln:powNazwa>stargardzki</sln:powNazwa><sln:waznyOd>2011-04-08T00:00:00+02:00</sln:waznyOd><sln:wojIIPId>c3f2202a-b491-49c5-a3af-d581108d939a</sln:wojIIPId><sln:wojIIPPn>PL.PZGIK.200</sln:wojIIPPn><sln:wojIIPWersja>2017-10-10T00:00:00+02:00</sln:wojIIPWersja><sln:wojIdTeryt>32</sln:wojIdTeryt><sln:wojNazwa>zachodniopomorskie</sln:wojNazwa></sln:miejscowosc><sln:miejscowosc><sln:cyklZyciaOd>2017-04-19T00:00:00+02:00</sln:cyklZyciaOd><sln:gmIIPId>bdfd8060-3300-451f-b7fc-d47ea276c5f9</sln:gmIIPId><sln:gmIIPPn>PL.PZGIK.200</sln:gmIIPPn><sln:gmIIPWersja>2017-03-08T12:05:31+01:00</sln:gmIIPWersja><sln:gmIdTeryt>3214102</sln:gmIdTeryt><sln:gmNazwa>Stargard</sln:gmNazwa><sln:miejscIIPId>bc2c51c3-d26d-4306-82e8-2b590a38d548</sln:miejscIIPId><sln:miejscIIPPn>PL.PZGIK.200</sln:miejscIIPPn><sln:miejscIIPWersja>2017-04-19T11:55:47+02:00</sln:miejscIIPWersja><sln:miejscIdTeryt>0783315</sln:miejscIdTeryt><sln:miejscNazwa>Golczewo</sln:miejscNazwa><sln:miejscRodzaj>Osada</sln:miejscRodzaj><sln:powIIPId>b832e274-346c-4551-b312-80aa8ccfd59b</sln:powIIPId><sln:powIIPPn>PL.PZGIK.200</sln:powIIPPn><sln:powIIPWersja>2012-09-27T10:07:22+02:00</sln:powIIPWersja><sln:powIdTeryt>3214</sln:powIdTeryt><sln:powNazwa>stargardzki</sln:powNazwa><sln:waznyOd>2011-04-08T00:00:00+02:00</sln:waznyOd><sln:wojIIPId>c3f2202a-b491-49c5-a3af-d581108d939a</sln:wojIIPId><sln:wojIIPPn>PL.PZGIK.200</sln:wojIIPPn><sln:wojIIPWersja>2017-10-10T00:00:00+02:00</sln:wojIIPWersja><sln:wojIdTeryt>32</sln:wojIdTeryt><sln:wojNazwa>zachodniopomorskie</sln:wojNazwa></sln:miejscowosc><sln:miejscowosc><sln:cyklZyciaOd>2017-04-19T00:00:00+02:00</sln:cyklZyciaOd><sln:gmIIPId>bdfd8060-3300-451f-b7fc-d47ea276c5f9</sln:gmIIPId><sln:gmIIPPn>PL.PZGIK.200</sln:gmIIPPn><sln:gmIIPWersja>2017-03-08T12:05:31+01:00</sln:gmIIPWersja><sln:gmIdTeryt>3214102</sln:gmIdTeryt><sln:gmNazwa>Stargard</sln:gmNazwa><sln:miejscIIPId>0f428b2a-8e5d-480e-a390-6856ec44dd85</sln:miejscIIPId><sln:miejscIIPPn>PL.PZGIK.200</sln:miejscIIPPn><sln:miejscIIPWersja>2017-04-19T11:55:47+02:00</sln:miejscIIPWersja><sln:miejscIdTeryt>0783321</sln:miejscIdTeryt><sln:miejscNazwa>Golina</sln:miejscNazwa><sln:miejscRodzaj>Wieś</sln:miejscRodzaj><sln:powIIPId>b832e274-346c-4551-b312-80aa8ccfd59b</sln:powIIPId><sln:powIIPPn>PL.PZGIK.200</sln:powIIPPn><sln:powIIPWersja>2012-09-27T10:07:22+02:00</sln:powIIPWersja><sln:powIdTeryt>3214</sln:powIdTeryt><sln:powNazwa>stargardzki</sln:powNazwa><sln:waznyOd>2011-04-08T00:00:00+02:00</sln:waznyOd><sln:wojIIPId>c3f2202a-b491-49c5-a3af-d581108d939a</sln:wojIIPId><sln:wojIIPPn>PL.PZGIK.200</sln:wojIIPPn><sln:wojIIPWersja>2017-10-10T00:00:00+02:00</sln:wojIIPWersja><sln:wojIdTeryt>32</sln:wojIdTeryt><sln:wojNazwa>zachodniopomorskie</sln:wojNazwa></sln:miejscowosc><sln:miejscowosc><sln:cyklZyciaOd>2017-04-19T00:00:00+02:00</sln:cyklZyciaOd><sln:gmIIPId>bdfd8060-3300-451f-b7fc-d47ea276c5f9</sln:gmIIPId><sln:gmIIPPn>PL.PZGIK.200</sln:gmIIPPn><sln:gmIIPWersja>2017-03-08T12:05:31+01:00</sln:gmIIPWersja><sln:gmIdTeryt>3214102</sln:gmIdTeryt><sln:gmNazwa>Stargard</sln:gmNazwa><sln:miejscIIPId>a55021c6-9db8-4b9e-bd8c-8de8bf2ba48b</sln:miejscIIPId><sln:miejscIIPPn>PL.PZGIK.200</sln:miejscIIPPn><sln:miejscIIPWersja>2017-04-19T11:55:47+02:00</sln:miejscIIPWersja><sln:miejscIdTeryt>0783338</sln:miejscIdTeryt><sln:miejscNazwa>Grabowo</sln:miejscNazwa><sln:miejscRodzaj>Wieś</sln:miejscRodzaj><sln:powIIPId>b832e274-346c-4551-b312-80aa8ccfd59b</sln:powIIPId><sln:powIIPPn>PL.PZGIK.200</sln:powIIPPn><sln:powIIPWersja>2012-09-27T10:07:22+02:00</sln:powIIPWersja><sln:powIdTeryt>3214</sln:powIdTeryt><sln:powNazwa>stargardzki</sln:powNazwa><sln:waznyOd>2011-04-08T00:00:00+02:00</sln:waznyOd><sln:wojIIPId>c3f2202a-b491-49c5-a3af-d581108d939a</sln:wojIIPId><sln:wojIIPPn>PL.PZGIK.200</sln:wojIIPPn><sln:wojIIPWersja>2017-10-10T00:00:00+02:00</sln:wojIIPWersja><sln:wojIdTeryt>32</sln:wojIdTeryt><sln:wojNazwa>zachodniopomorskie</sln:wojNazwa></sln:miejscowosc><sln:miejscowosc><sln:cyklZyciaOd>2017-04-19T00:00:00+02:00</sln:cyklZyciaOd><sln:gmIIPId>bdfd8060-3300-451f-b7fc-d47ea276c5f9</sln:gmIIPId><sln:gmIIPPn>PL.PZGIK.200</sln:gmIIPPn><sln:gmIIPWersja>2017-03-08T12:05:31+01:00</sln:gmIIPWersja><sln:gmIdTeryt>3214102</sln:gmIdTeryt><sln:gmNazwa>Stargard</sln:gmNazwa><sln:miejscIIPId>806d9c73-50f5-4548-8291-3a292a57e505</sln:miejscIIPId><sln:miejscIIPPn>PL.PZGIK.200</sln:miejscIIPPn><sln:miejscIIPWersja>2017-04-19T11:55:47+02:00</sln:miejscIIPWersja><sln:miejscIdTeryt>0783373</sln:miejscIdTeryt><sln:miejscNazwa>Grzędzice</sln:miejscNazwa><sln:miejscRodzaj>Wieś</sln:miejscRodzaj><sln:powIIPId>b832e274-346c-4551-b312-80aa8ccfd59b</sln:powIIPId><sln:powIIPPn>PL.PZGIK.200</sln:powIIPPn><sln:powIIPWersja>2012-09-27T10:07:22+02:00</sln:powIIPWersja><sln:powIdTeryt>3214</sln:powIdTeryt><sln:powNazwa>stargardzki</sln:powNazwa><sln:waznyOd>2011-04-08T00:00:00+02:00</sln:waznyOd><sln:wojIIPId>c3f2202a-b491-49c5-a3af-d581108d939a</sln:wojIIPId><sln:wojIIPPn>PL.PZGIK.200</sln:wojIIPPn><sln:wojIIPWersja>2017-10-10T00:00:00+02:00</sln:wojIIPWersja><sln:wojIdTeryt>32</sln:wojIdTeryt><sln:wojNazwa>zachodniopomorskie</sln:wojNazwa></sln:miejscowosc><sln:miejscowosc><sln:cyklZyciaOd>2017-04-19T00:00:00+02:00</sln:cyklZyciaOd><sln:gmIIPId>bdfd8060-3300-451f-b7fc-d47ea276c5f9</sln:gmIIPId><sln:gmIIPPn>PL.PZGIK.200</sln:gmIIPPn><sln:gmIIPWersja>2017-03-08T12:05:31+01:00</sln:gmIIPWersja><sln:gmIdTeryt>3214102</sln:gmIdTeryt><sln:gmNazwa>Stargard</sln:gmNazwa><sln:miejscIIPId>ec4fee48-8fe0-4b5e-b91a-0136f7d756bc</sln:miejscIIPId><sln:miejscIIPPn>PL.PZGIK.200</sln:miejscIIPPn><sln:miejscIIPWersja>2017-04-19T11:55:47+02:00</sln:miejscIIPWersja><sln:miejscIdTeryt>0783404</sln:miejscIdTeryt><sln:miejscNazwa>Kiczarowo</sln:miejscNazwa><sln:miejscRodzaj>Wieś</sln:miejscRodzaj><sln:powIIPId>b832e274-346c-4551-b312-80aa8ccfd59b</sln:powIIPId><sln:powIIPPn>PL.PZGIK.200</sln:powIIPPn><sln:powIIPWersja>2012-09-27T10:07:22+02:00</sln:powIIPWersja><sln:powIdTeryt>3214</sln:powIdTeryt><sln:powNazwa>stargardzki</sln:powNazwa><sln:waznyOd>2011-04-08T00:00:00+02:00</sln:waznyOd><sln:wojIIPId>c3f2202a-b491-49c5-a3af-d581108d939a</sln:wojIIPId><sln:wojIIPPn>PL.PZGIK.200</sln:wojIIPPn><sln:wojIIPWersja>2017-10-10T00:00:00+02:00</sln:wojIIPWersja><sln:wojIdTeryt>32</sln:wojIdTeryt><sln:wojNazwa>zachodniopomorskie</sln:wojNazwa></sln:miejscowosc><sln:miejscowosc><sln:cyklZyciaOd>2017-04-19T00:00:00+02:00</sln:cyklZyciaOd><sln:gmIIPId>bdfd8060-3300-451f-b7fc-d47ea276c5f9</sln:gmIIPId><sln:gmIIPPn>PL.PZGIK.200</sln:gmIIPPn><sln:gmIIPWersja>2017-03-08T12:05:31+01:00</sln:gmIIPWersja><sln:gmIdTeryt>3214102</sln:gmIdTeryt><sln:gmNazwa>Stargard</sln:gmNazwa><sln:miejscIIPId>b338ab90-d65b-4ca2-89c2-1ad03864f683</sln:miejscIIPId><sln:miejscIIPPn>PL.PZGIK.200</sln:miejscIIPPn><sln:miejscIIPWersja>2017-04-19T11:55:47+02:00</sln:miejscIIPWersja><sln:miejscIdTeryt>0783410</sln:miejscIdTeryt><sln:miejscNazwa>Klępino</sln:miejscNazwa><sln:miejscRodzaj>Wieś</sln:miejscRodzaj><sln:powIIPId>b832e274-346c-4551-b312-80aa8ccfd59b</sln:powIIPId><sln:powIIPPn>PL.PZGIK.200</sln:powIIPPn><sln:powIIPWersja>2012-09-27T10:07:22+02:00</sln:powIIPWersja><sln:powIdTeryt>3214</sln:powIdTeryt><sln:powNazwa>stargardzki</sln:powNazwa><sln:waznyOd>2011-04-08T00:00:00+02:00</sln:waznyOd><sln:wojIIPId>c3f2202a-b491-49c5-a3af-d581108d939a</sln:wojIIPId><sln:wojIIPPn>PL.PZGIK.200</sln:wojIIPPn><sln:wojIIPWersja>2017-10-10T00:00:00+02:00</sln:wojIIPWersja><sln:wojIdTeryt>32</sln:wojIdTeryt><sln:wojNazwa>zachodniopomorskie</sln:wojNazwa></sln:miejscowosc><sln:miejscowosc><sln:cyklZyciaOd>2017-04-19T00:00:00+02:00</sln:cyklZyciaOd><sln:gmIIPId>bdfd8060-3300-451f-b7fc-d47ea276c5f9</sln:gmIIPId><sln:gmIIPPn>PL.PZGIK.200</sln:gmIIPPn><sln:gmIIPWersja>2017-03-08T12:05:31+01:00</sln:gmIIPWersja><sln:gmIdTeryt>3214102</sln:gmIdTeryt><sln:gmNazwa>Stargard</sln:gmNazwa><sln:miejscIIPId>a7aa0314-a5dc-42c4-a0ce-e9ff0ba3f13b</sln:miejscIIPId><sln:miejscIIPPn>PL.PZGIK.200</sln:miejscIIPPn><sln:miejscIIPWersja>2017-04-19T11:55:48+02:00</sln:miejscIIPWersja><sln:miejscIdTeryt>0783427</sln:miejscIdTeryt><sln:miejscNazwa>Koszewko</sln:miejscNazwa><sln:miejscRodzaj>Osada</sln:miejscRodzaj><sln:powIIPId>b832e274-346c-4551-b312-80aa8ccfd59b</sln:powIIPId><sln:powIIPPn>PL.PZGIK.200</sln:powIIPPn><sln:powIIPWersja>2012-09-27T10:07:22+02:00</sln:powIIPWersja><sln:powIdTeryt>3214</sln:powIdTeryt><sln:powNazwa>stargardzki</sln:powNazwa><sln:waznyOd>2011-04-08T00:00:00+02:00</sln:waznyOd><sln:wojIIPId>c3f2202a-b491-49c5-a3af-d581108d939a</sln:wojIIPId><sln:wojIIPPn>PL.PZGIK.200</sln:wojIIPPn><sln:wojIIPWersja>2017-10-10T00:00:00+02:00</sln:wojIIPWersja><sln:wojIdTeryt>32</sln:wojIdTeryt><sln:wojNazwa>zachodniopomorskie</sln:wojNazwa></sln:miejscowosc><sln:miejscowosc><sln:cyklZyciaOd>2017-04-19T00:00:00+02:00</sln:cyklZyciaOd><sln:gmIIPId>bdfd8060-3300-451f-b7fc-d47ea276c5f9</sln:gmIIPId><sln:gmIIPPn>PL.PZGIK.200</sln:gmIIPPn><sln:gmIIPWersja>2017-03-08T12:05:31+01:00</sln:gmIIPWersja><sln:gmIdTeryt>3214102</sln:gmIdTeryt><sln:gmNazwa>Stargard</sln:gmNazwa><sln:miejscIIPId>d7436dd1-eb68-4c91-8f82-dc6b55d65a02</sln:miejscIIPId><sln:miejscIIPPn>PL.PZGIK.200</sln:miejscIIPPn><sln:miejscIIPWersja>2017-04-19T11:55:48+02:00</sln:miejscIIPWersja><sln:miejscIdTeryt>0783433</sln:miejscIdTeryt><sln:miejscNazwa>Koszewo</sln:miejscNazwa><sln:miejscRodzaj>Osada</sln:miejscRodzaj><sln:powIIPId>b832e274-346c-4551-b312-80aa8ccfd59b</sln:powIIPId><sln:powIIPPn>PL.PZGIK.200</sln:powIIPPn><sln:powIIPWersja>2012-09-27T10:07:22+02:00</sln:powIIPWersja><sln:powIdTeryt>3214</sln:powIdTeryt><sln:powNazwa>stargardzki</sln:powNazwa><sln:waznyOd>2011-04-08T00:00:00+02:00</sln:waznyOd><sln:wojIIPId>c3f2202a-b491-49c5-a3af-d581108d939a</sln:wojIIPId><sln:wojIIPPn>PL.PZGIK.200</sln:wojIIPPn><sln:wojIIPWersja>2017-10-10T00:00:00+02:00</sln:wojIIPWersja><sln:wojIdTeryt>32</sln:wojIdTeryt><sln:wojNazwa>zachodniopomorskie</sln:wojNazwa></sln:miejscowosc><sln:miejscowosc><sln:cyklZyciaOd>2017-04-19T00:00:00+02:00</sln:cyklZyciaOd><sln:gmIIPId>bdfd8060-3300-451f-b7fc-d47ea276c5f9</sln:gmIIPId><sln:gmIIPPn>PL.PZGIK.200</sln:gmIIPPn><sln:gmIIPWersja>2017-03-08T12:05:31+01:00</sln:gmIIPWersja><sln:gmIdTeryt>3214102</sln:gmIdTeryt><sln:gmNazwa>Stargard</sln:gmNazwa><sln:miejscIIPId>204ccc00-085b-4c74-80b4-a87acacf0810</sln:miejscIIPId><sln:miejscIIPPn>PL.PZGIK.200</sln:miejscIIPPn><sln:miejscIIPWersja>2017-04-19T11:55:48+02:00</sln:miejscIIPWersja><sln:miejscIdTeryt>0783440</sln:miejscIdTeryt><sln:miejscNazwa>Krąpiel</sln:miejscNazwa><sln:miejscRodzaj>Osada</sln:miejscRodzaj><sln:powIIPId>b832e274-346c-4551-b312-80aa8ccfd59b</sln:powIIPId><sln:powIIPPn>PL.PZGIK.200</sln:powIIPPn><sln:powIIPWersja>2012-09-27T10:07:22+02:00</sln:powIIPWersja><sln:powIdTeryt>3214</sln:powIdTeryt><sln:powNazwa>stargardzki</sln:powNazwa><sln:waznyOd>2011-04-08T00:00:00+02:00</sln:waznyOd><sln:wojIIPId>c3f2202a-b491-49c5-a3af-d581108d939a</sln:wojIIPId><sln:wojIIPPn>PL.PZGIK.200</sln:wojIIPPn><sln:wojIIPWersja>2017-10-10T00:00:00+02:00</sln:wojIIPWersja><sln:wojIdTeryt>32</sln:wojIdTeryt><sln:wojNazwa>zachodniopomorskie</sln:wojNazwa></sln:miejscowosc><sln:miejscowosc><sln:cyklZyciaOd>2017-04-19T00:00:00+02:00</sln:cyklZyciaOd><sln:gmIIPId>bdfd8060-3300-451f-b7fc-d47ea276c5f9</sln:gmIIPId><sln:gmIIPPn>PL.PZGIK.200</sln:gmIIPPn><sln:gmIIPWersja>2017-03-08T12:05:31+01:00</sln:gmIIPWersja><sln:gmIdTeryt>3214102</sln:gmIdTeryt><sln:gmNazwa>Stargard</sln:gmNazwa><sln:miejscIIPId>c4894daf-3272-4475-8d4a-8eb383818999</sln:miejscIIPId><sln:miejscIIPPn>PL.PZGIK.200</sln:miejscIIPPn><sln:miejscIIPWersja>2017-04-19T11:55:48+02:00</sln:miejscIIPWersja><sln:miejscIdTeryt>0783456</sln:miejscIdTeryt><sln:miejscNazwa>Kurcewo</sln:miejscNazwa><sln:miejscRodzaj>Wieś</sln:miejscRodzaj><sln:powIIPId>b832e274-346c-4551-b312-80aa8ccfd59b</sln:powIIPId><sln:powIIPPn>PL.PZGIK.200</sln:powIIPPn><sln:powIIPWersja>2012-09-27T10:07:22+02:00</sln:powIIPWersja><sln:powIdTeryt>3214</sln:powIdTeryt><sln:powNazwa>stargardzki</sln:powNazwa><sln:waznyOd>2011-04-08T00:00:00+02:00</sln:waznyOd><sln:wojIIPId>c3f2202a-b491-49c5-a3af-d581108d939a</sln:wojIIPId><sln:wojIIPPn>PL.PZGIK.200</sln:wojIIPPn><sln:wojIIPWersja>2017-10-10T00:00:00+02:00</sln:wojIIPWersja><sln:wojIdTeryt>32</sln:wojIdTeryt><sln:wojNazwa>zachodniopomorskie</sln:wojNazwa></sln:miejscowosc><sln:miejscowosc><sln:cyklZyciaOd>2017-04-19T00:00:00+02:00</sln:cyklZyciaOd><sln:gmIIPId>bdfd8060-3300-451f-b7fc-d47ea276c5f9</sln:gmIIPId><sln:gmIIPPn>PL.PZGIK.200</sln:gmIIPPn><sln:gmIIPWersja>2017-03-08T12:05:31+01:00</sln:gmIIPWersja><sln:gmIdTeryt>3214102</sln:gmIdTeryt><sln:gmNazwa>Stargard</sln:gmNazwa><sln:miejscIIPId>42d0cb7b-bec6-457d-995c-f4e9a377dcbf</sln:miejscIIPId><sln:miejscIIPPn>PL.PZGIK.200</sln:miejscIIPPn><sln:miejscIIPWersja>2017-04-19T11:55:48+02:00</sln:miejscIIPWersja><sln:miejscIdTeryt>0783462</sln:miejscIdTeryt><sln:miejscNazwa>Lipnik</sln:miejscNazwa><sln:miejscRodzaj>Osada</sln:miejscRodzaj><sln:powIIPId>b832e274-346c-4551-b312-80aa8ccfd59b</sln:powIIPId><sln:powIIPPn>PL.PZGIK.200</sln:powIIPPn><sln:powIIPWersja>2012-09-27T10:07:22+02:00</sln:powIIPWersja><sln:powIdTeryt>3214</sln:powIdTeryt><sln:powNazwa>stargardzki</sln:powNazwa><sln:waznyOd>2011-04-08T00:00:00+02:00</sln:waznyOd><sln:wojIIPId>c3f2202a-b491-49c5-a3af-d581108d939a</sln:wojIIPId><sln:wojIIPPn>PL.PZGIK.200</sln:wojIIPPn><sln:wojIIPWersja>2017-10-10T00:00:00+02:00</sln:wojIIPWersja><sln:wojIdTeryt>32</sln:wojIdTeryt><sln:wojNazwa>zachodniopomorskie</sln:wojNazwa></sln:miejscowosc><sln:miejscowosc><sln:cyklZyciaOd>2017-04-19T00:00:00+02:00</sln:cyklZyciaOd><sln:gmIIPId>bdfd8060-3300-451f-b7fc-d47ea276c5f9</sln:gmIIPId><sln:gmIIPPn>PL.PZGIK.200</sln:gmIIPPn><sln:gmIIPWersja>2017-03-08T12:05:31+01:00</sln:gmIIPWersja><sln:gmIdTeryt>3214102</sln:gmIdTeryt><sln:gmNazwa>Stargard</sln:gmNazwa><sln:miejscIIPId>7691b388-23ba-4cf4-899a-5c162fbf830e</sln:miejscIIPId><sln:miejscIIPPn>PL.PZGIK.200</sln:miejscIIPPn><sln:miejscIIPWersja>2017-04-19T11:55:48+02:00</sln:miejscIIPWersja><sln:miejscIdTeryt>0783479</sln:miejscIdTeryt><sln:miejscNazwa>Lubowo</sln:miejscNazwa><sln:miejscRodzaj>Wieś</sln:miejscRodzaj><sln:powIIPId>b832e274-346c-4551-b312-80aa8ccfd59b</sln:powIIPId><sln:powIIPPn>PL.PZGIK.200</sln:powIIPPn><sln:powIIPWersja>2012-09-27T10:07:22+02:00</sln:powIIPWersja><sln:powIdTeryt>3214</sln:powIdTeryt><sln:powNazwa>stargardzki</sln:powNazwa><sln:waznyOd>2011-04-08T00:00:00+02:00</sln:waznyOd><sln:wojIIPId>c3f2202a-b491-49c5-a3af-d581108d939a</sln:wojIIPId><sln:wojIIPPn>PL.PZGIK.200</sln:wojIIPPn><sln:wojIIPWersja>2017-10-10T00:00:00+02:00</sln:wojIIPWersja><sln:wojIdTeryt>32</sln:wojIdTeryt><sln:wojNazwa>zachodniopomorskie</sln:wojNazwa></sln:miejscowosc><sln:miejscowosc><sln:cyklZyciaOd>2017-04-19T00:00:00+02:00</sln:cyklZyciaOd><sln:gmIIPId>bdfd8060-3300-451f-b7fc-d47ea276c5f9</sln:gmIIPId><sln:gmIIPPn>PL.PZGIK.200</sln:gmIIPPn><sln:gmIIPWersja>2017-03-08T12:05:31+01:00</sln:gmIIPWersja><sln:gmIdTeryt>3214102</sln:gmIdTeryt><sln:gmNazwa>Stargard</sln:gmNazwa><sln:miejscIIPId>d360dcac-bbf4-4f3c-a76a-7da59c2e1f31</sln:miejscIIPId><sln:miejscIIPPn>PL.PZGIK.200</sln:miejscIIPPn><sln:miejscIIPWersja>2017-04-19T11:55:48+02:00</sln:miejscIIPWersja><sln:miejscIdTeryt>0783485</sln:miejscIdTeryt><sln:miejscNazwa>Małkocin</sln:miejscNazwa><sln:miejscRodzaj>Wieś</sln:miejscRodzaj><sln:powIIPId>b832e274-346c-4551-b312-80aa8ccfd59b</sln:powIIPId><sln:powIIPPn>PL.PZGIK.200</sln:powIIPPn><sln:powIIPWersja>2012-09-27T10:07:22+02:00</sln:powIIPWersja><sln:powIdTeryt>3214</sln:powIdTeryt><sln:powNazwa>stargardzki</sln:powNazwa><sln:waznyOd>2011-04-08T00:00:00+02:00</sln:waznyOd><sln:wojIIPId>c3f2202a-b491-49c5-a3af-d581108d939a</sln:wojIIPId><sln:wojIIPPn>PL.PZGIK.200</sln:wojIIPPn><sln:wojIIPWersja>2017-10-10T00:00:00+02:00</sln:wojIIPWersja><sln:wojIdTeryt>32</sln:wojIdTeryt><sln:wojNazwa>zachodniopomorskie</sln:wojNazwa></sln:miejscowosc><sln:miejscowosc><sln:cyklZyciaOd>2017-04-19T00:00:00+02:00</sln:cyklZyciaOd><sln:gmIIPId>bdfd8060-3300-451f-b7fc-d47ea276c5f9</sln:gmIIPId><sln:gmIIPPn>PL.PZGIK.200</sln:gmIIPPn><sln:gmIIPWersja>2017-03-08T12:05:31+01:00</sln:gmIIPWersja><sln:gmIdTeryt>3214102</sln:gmIdTeryt><sln:gmNazwa>Stargard</sln:gmNazwa><sln:miejscIIPId>144309f4-bfdd-4fc1-ba1d-cab61c34c615</sln:miejscIIPId><sln:miejscIIPPn>PL.PZGIK.200</sln:miejscIIPPn><sln:miejscIIPWersja>2017-04-19T11:55:48+02:00</sln:miejscIIPWersja><sln:miejscIdTeryt>0783491</sln:miejscIdTeryt><sln:miejscNazwa>Pęzino</sln:miejscNazwa><sln:miejscRodzaj>Wieś</sln:miejscRodzaj><sln:powIIPId>b832e274-346c-4551-b312-80aa8ccfd59b</sln:powIIPId><sln:powIIPPn>PL.PZGIK.200</sln:powIIPPn><sln:powIIPWersja>2012-09-27T10:07:22+02:00</sln:powIIPWersja><sln:powIdTeryt>3214</sln:powIdTeryt><sln:powNazwa>stargardzki</sln:powNazwa><sln:waznyOd>2011-04-08T00:00:00+02:00</sln:waznyOd><sln:wojIIPId>c3f2202a-b491-49c5-a3af-d581108d939a</sln:wojIIPId><sln:wojIIPPn>PL.PZGIK.200</sln:wojIIPPn><sln:wojIIPWersja>2017-10-10T00:00:00+02:00</sln:wojIIPWersja><sln:wojIdTeryt>32</sln:wojIdTeryt><sln:wojNazwa>zachodniopomorskie</sln:wojNazwa></sln:miejscowosc><sln:miejscowosc><sln:cyklZyciaOd>2017-04-19T00:00:00+02:00</sln:cyklZyciaOd><sln:gmIIPId>bdfd8060-3300-451f-b7fc-d47ea276c5f9</sln:gmIIPId><sln:gmIIPPn>PL.PZGIK.200</sln:gmIIPPn><sln:gmIIPWersja>2017-03-08T12:05:31+01:00</sln:gmIIPWersja><sln:gmIdTeryt>3214102</sln:gmIdTeryt><sln:gmNazwa>Stargard</sln:gmNazwa><sln:miejscIIPId>256c8169-1382-405b-95c7-7605311d558d</sln:miejscIIPId><sln:miejscIIPPn>PL.PZGIK.200</sln:miejscIIPPn><sln:miejscIIPWersja>2017-04-19T11:55:48+02:00</sln:miejscIIPWersja><sln:miejscIdTeryt>0783522</sln:miejscIdTeryt><sln:miejscNazwa>Poczernin</sln:miejscNazwa><sln:miejscRodzaj>Wieś</sln:miejscRodzaj><sln:powIIPId>b832e274-346c-4551-b312-80aa8ccfd59b</sln:powIIPId><sln:powIIPPn>PL.PZGIK.200</sln:powIIPPn><sln:powIIPWersja>2012-09-27T10:07:22+02:00</sln:powIIPWersja><sln:powIdTeryt>3214</sln:powIdTeryt><sln:powNazwa>stargardzki</sln:powNazwa><sln:waznyOd>2011-04-08T00:00:00+02:00</sln:waznyOd><sln:wojIIPId>c3f2202a-b491-49c5-a3af-d581108d939a</sln:wojIIPId><sln:wojIIPPn>PL.PZGIK.200</sln:wojIIPPn><sln:wojIIPWersja>2017-10-10T00:00:00+02:00</sln:wojIIPWersja><sln:wojIdTeryt>32</sln:wojIdTeryt><sln:wojNazwa>zachodniopomorskie</sln:wojNazwa></sln:miejscowosc><sln:miejscowosc><sln:cyklZyciaOd>2017-04-19T00:00:00+02:00</sln:cyklZyciaOd><sln:gmIIPId>bdfd8060-3300-451f-b7fc-d47ea276c5f9</sln:gmIIPId><sln:gmIIPPn>PL.PZGIK.200</sln:gmIIPPn><sln:gmIIPWersja>2017-03-08T12:05:31+01:00</sln:gmIIPWersja><sln:gmIdTeryt>3214102</sln:gmIdTeryt><sln:gmNazwa>Stargard</sln:gmNazwa><sln:miejscIIPId>f512739c-dab0-4fe0-9d47-e5856870fdf7</sln:miejscIIPId><sln:miejscIIPPn>PL.PZGIK.200</sln:miejscIIPPn><sln:miejscIIPWersja>2017-04-19T11:55:48+02:00</sln:miejscIIPWersja><sln:miejscIdTeryt>0783539</sln:miejscIdTeryt><sln:miejscNazwa>Rogowo</sln:miejscNazwa><sln:miejscRodzaj>Wieś</sln:miejscRodzaj><sln:powIIPId>b832e274-346c-4551-b312-80aa8ccfd59b</sln:powIIPId><sln:powIIPPn>PL.PZGIK.200</sln:powIIPPn><sln:powIIPWersja>2012-09-27T10:07:22+02:00</sln:powIIPWersja><sln:powIdTeryt>3214</sln:powIdTeryt><sln:powNazwa>stargardzki</sln:powNazwa><sln:waznyOd>2011-04-08T00:00:00+02:00</sln:waznyOd><sln:wojIIPId>c3f2202a-b491-49c5-a3af-d581108d939a</sln:wojIIPId><sln:wojIIPPn>PL.PZGIK.200</sln:wojIIPPn><sln:wojIIPWersja>2017-10-10T00:00:00+02:00</sln:wojIIPWersja><sln:wojIdTeryt>32</sln:wojIdTeryt><sln:wojNazwa>zachodniopomorskie</sln:wojNazwa></sln:miejscowosc><sln:miejscowosc><sln:cyklZyciaOd>2017-04-19T00:00:00+02:00</sln:cyklZyciaOd><sln:gmIIPId>bdfd8060-3300-451f-b7fc-d47ea276c5f9</sln:gmIIPId><sln:gmIIPPn>PL.PZGIK.200</sln:gmIIPPn><sln:gmIIPWersja>2017-03-08T12:05:31+01:00</sln:gmIIPWersja><sln:gmIdTeryt>3214102</sln:gmIdTeryt><sln:gmNazwa>Stargard</sln:gmNazwa><sln:miejscIIPId>fc412317-dce5-4ed4-be7a-64ca4f0fd4d9</sln:miejscIIPId><sln:miejscIIPPn>PL.PZGIK.200</sln:miejscIIPPn><sln:miejscIIPWersja>2017-04-19T11:55:48+02:00</sln:miejscIIPWersja><sln:miejscIdTeryt>0783545</sln:miejscIdTeryt><sln:miejscNazwa>Skalin</sln:miejscNazwa><sln:miejscRodzaj>Wieś</sln:miejscRodzaj><sln:powIIPId>b832e274-346c-4551-b312-80aa8ccfd59b</sln:powIIPId><sln:powIIPPn>PL.PZGIK.200</sln:powIIPPn><sln:powIIPWersja>2012-09-27T10:07:22+02:00</sln:powIIPWersja><sln:powIdTeryt>3214</sln:powIdTeryt><sln:powNazwa>stargardzki</sln:powNazwa><sln:waznyOd>2011-04-08T00:00:00+02:00</sln:waznyOd><sln:wojIIPId>c3f2202a-b491-49c5-a3af-d581108d939a</sln:wojIIPId><sln:wojIIPPn>PL.PZGIK.200</sln:wojIIPPn><sln:wojIIPWersja>2017-10-10T00:00:00+02:00</sln:wojIIPWersja><sln:wojIdTeryt>32</sln:wojIdTeryt><sln:wojNazwa>zachodniopomorskie</sln:wojNazwa></sln:miejscowosc><sln:miejscowosc><sln:cyklZyciaOd>2017-04-19T00:00:00+02:00</sln:cyklZyciaOd><sln:gmIIPId>bdfd8060-3300-451f-b7fc-d47ea276c5f9</sln:gmIIPId><sln:gmIIPPn>PL.PZGIK.200</sln:gmIIPPn><sln:gmIIPWersja>2017-03-08T12:05:31+01:00</sln:gmIIPWersja><sln:gmIdTeryt>3214102</sln:gmIdTeryt><sln:gmNazwa>Stargard</sln:gmNazwa><sln:miejscIIPId>acad4fbc-2541-4a6e-9ebf-2d295c36763a</sln:miejscIIPId><sln:miejscIIPPn>PL.PZGIK.200</sln:miejscIIPPn><sln:miejscIIPWersja>2017-04-19T11:55:48+02:00</sln:miejscIIPWersja><sln:miejscIdTeryt>0783551</sln:miejscIdTeryt><sln:miejscNazwa>Smogolice</sln:miejscNazwa><sln:miejscRodzaj>Wieś</sln:miejscRodzaj><sln:powIIPId>b832e274-346c-4551-b312-80aa8ccfd59b</sln:powIIPId><sln:powIIPPn>PL.PZGIK.200</sln:powIIPPn><sln:powIIPWersja>2012-09-27T10:07:22+02:00</sln:powIIPWersja><sln:powIdTeryt>3214</sln:powIdTeryt><sln:powNazwa>stargardzki</sln:powNazwa><sln:waznyOd>2011-04-08T00:00:00+02:00</sln:waznyOd><sln:wojIIPId>c3f2202a-b491-49c5-a3af-d581108d939a</sln:wojIIPId><sln:wojIIPPn>PL.PZGIK.200</sln:wojIIPPn><sln:wojIIPWersja>2017-10-10T00:00:00+02:00</sln:wojIIPWersja><sln:wojIdTeryt>32</sln:wojIdTeryt><sln:wojNazwa>zachodniopomorskie</sln:wojNazwa></sln:miejscowosc><sln:miejscowosc><sln:cyklZyciaOd>2017-04-19T00:00:00+02:00</sln:cyklZyciaOd><sln:gmIIPId>bdfd8060-3300-451f-b7fc-d47ea276c5f9</sln:gmIIPId><sln:gmIIPPn>PL.PZGIK.200</sln:gmIIPPn><sln:gmIIPWersja>2017-03-08T12:05:31+01:00</sln:gmIIPWersja><sln:gmIdTeryt>3214102</sln:gmIdTeryt><sln:gmNazwa>Stargard</sln:gmNazwa><sln:miejscIIPId>f6ef12f8-cac1-4c45-a5c5-a399875ff827</sln:miejscIIPId><sln:miejscIIPPn>PL.PZGIK.200</sln:miejscIIPPn><sln:miejscIIPWersja>2017-04-19T11:55:48+02:00</sln:miejscIIPWersja><sln:miejscIdTeryt>0783568</sln:miejscIdTeryt><sln:miejscNazwa>Sowno</sln:miejscNazwa><sln:miejscRodzaj>Inny obiekt</sln:miejscRodzaj><sln:powIIPId>b832e274-346c-4551-b312-80aa8ccfd59b</sln:powIIPId><sln:powIIPPn>PL.PZGIK.200</sln:powIIPPn><sln:powIIPWersja>2012-09-27T10:07:22+02:00</sln:powIIPWersja><sln:powIdTeryt>3214</sln:powIdTeryt><sln:powNazwa>stargardzki</sln:powNazwa><sln:waznyOd>2011-04-08T00:00:00+02:00</sln:waznyOd><sln:wojIIPId>c3f2202a-b491-49c5-a3af-d581108d939a</sln:wojIIPId><sln:wojIIPPn>PL.PZGIK.200</sln:wojIIPPn><sln:wojIIPWersja>2017-10-10T00:00:00+02:00</sln:wojIIPWersja><sln:wojIdTeryt>32</sln:wojIdTeryt><sln:wojNazwa>zachodniopomorskie</sln:wojNazwa></sln:miejscowosc><sln:miejscowosc><sln:cyklZyciaOd>2017-04-19T00:00:00+02:00</sln:cyklZyciaOd><sln:gmIIPId>bdfd8060-3300-451f-b7fc-d47ea276c5f9</sln:gmIIPId><sln:gmIIPPn>PL.PZGIK.200</sln:gmIIPPn><sln:gmIIPWersja>2017-03-08T12:05:31+01:00</sln:gmIIPWersja><sln:gmIdTeryt>3214102</sln:gmIdTeryt><sln:gmNazwa>Stargard</sln:gmNazwa><sln:miejscIIPId>9423bf4d-9144-45d3-b9e6-bc9a1d813083</sln:miejscIIPId><sln:miejscIIPPn>PL.PZGIK.200</sln:miejscIIPPn><sln:miejscIIPWersja>2017-04-19T11:55:49+02:00</sln:miejscIIPWersja><sln:miejscIdTeryt>0783580</sln:miejscIdTeryt><sln:miejscNazwa>Kępinka</sln:miejscNazwa><sln:miejscRodzaj>Kolonia</sln:miejscRodzaj><sln:powIIPId>b832e274-346c-4551-b312-80aa8ccfd59b</sln:powIIPId><sln:powIIPPn>PL.PZGIK.200</sln:powIIPPn><sln:powIIPWersja>2012-09-27T10:07:22+02:00</sln:powIIPWersja><sln:powIdTeryt>3214</sln:powIdTeryt><sln:powNazwa>stargardzki</sln:powNazwa><sln:waznyOd>2012-12-29T00:00:00+01:00</sln:waznyOd><sln:wojIIPId>c3f2202a-b491-49c5-a3af-d581108d939a</sln:wojIIPId><sln:wojIIPPn>PL.PZGIK.200</sln:wojIIPPn><sln:wojIIPWersja>2017-10-10T00:00:00+02:00</sln:wojIIPWersja><sln:wojIdTeryt>32</sln:wojIdTeryt><sln:wojNazwa>zachodniopomorskie</sln:wojNazwa></sln:miejscowosc><sln:miejscowosc><sln:cyklZyciaOd>2017-04-19T00:00:00+02:00</sln:cyklZyciaOd><sln:gmIIPId>bdfd8060-3300-451f-b7fc-d47ea276c5f9</sln:gmIIPId><sln:gmIIPPn>PL.PZGIK.200</sln:gmIIPPn><sln:gmIIPWersja>2017-03-08T12:05:31+01:00</sln:gmIIPWersja><sln:gmIdTeryt>3214102</sln:gmIdTeryt><sln:gmNazwa>Stargard</sln:gmNazwa><sln:miejscIIPId>7ce6fc4d-6b8f-43d2-9510-8f9f68c258c5</sln:miejscIIPId><sln:miejscIIPPn>PL.PZGIK.200</sln:miejscIIPPn><sln:miejscIIPWersja>2017-04-19T11:55:49+02:00</sln:miejscIIPWersja><sln:miejscIdTeryt>0783597</sln:miejscIdTeryt><sln:miejscNazwa>Strachocin</sln:miejscNazwa><sln:miejscRodzaj>Wieś</sln:miejscRodzaj><sln:powIIPId>b832e274-346c-4551-b312-80aa8ccfd59b</sln:powIIPId><sln:powIIPPn>PL.PZGIK.200</sln:powIIPPn><sln:powIIPWersja>2012-09-27T10:07:22+02:00</sln:powIIPWersja><sln:powIdTeryt>3214</sln:powIdTeryt><sln:powNazwa>stargardzki</sln:powNazwa><sln:waznyOd>2011-04-08T00:00:00+02:00</sln:waznyOd><sln:wojIIPId>c3f2202a-b491-49c5-a3af-d581108d939a</sln:wojIIPId><sln:wojIIPPn>PL.PZGIK.200</sln:wojIIPPn><sln:wojIIPWersja>2017-10-10T00:00:00+02:00</sln:wojIIPWersja><sln:wojIdTeryt>32</sln:wojIdTeryt><sln:wojNazwa>zachodniopomorskie</sln:wojNazwa></sln:miejscowosc><sln:miejscowosc><sln:cyklZyciaOd>2017-04-19T00:00:00+02:00</sln:cyklZyciaOd><sln:gmIIPId>bdfd8060-3300-451f-b7fc-d47ea276c5f9</sln:gmIIPId><sln:gmIIPPn>PL.PZGIK.200</sln:gmIIPPn><sln:gmIIPWersja>2017-03-08T12:05:31+01:00</sln:gmIIPWersja><sln:gmIdTeryt>3214102</sln:gmIdTeryt><sln:gmNazwa>Stargard</sln:gmNazwa><sln:miejscIIPId>06e688e7-09aa-4b1b-b53f-0df5c277a4b1</sln:miejscIIPId><sln:miejscIIPPn>PL.PZGIK.200</sln:miejscIIPPn><sln:miejscIIPWersja>2017-04-19T11:55:49+02:00</sln:miejscIIPWersja><sln:miejscIdTeryt>0783605</sln:miejscIdTeryt><sln:miejscNazwa>Strumiany</sln:miejscNazwa><sln:miejscRodzaj>Wieś</sln:miejscRodzaj><sln:powIIPId>b832e274-346c-4551-b312-80aa8ccfd59b</sln:powIIPId><sln:powIIPPn>PL.PZGIK.200</sln:powIIPPn><sln:powIIPWersja>2012-09-27T10:07:22+02:00</sln:powIIPWersja><sln:powIdTeryt>3214</sln:powIdTeryt><sln:powNazwa>stargardzki</sln:powNazwa><sln:waznyOd>2011-04-08T00:00:00+02:00</sln:waznyOd><sln:wojIIPId>c3f2202a-b491-49c5-a3af-d581108d939a</sln:wojIIPId><sln:wojIIPPn>PL.PZGIK.200</sln:wojIIPPn><sln:wojIIPWersja>2017-10-10T00:00:00+02:00</sln:wojIIPWersja><sln:wojIdTeryt>32</sln:wojIdTeryt><sln:wojNazwa>zachodniopomorskie</sln:wojNazwa></sln:miejscowosc><sln:miejscowosc><sln:cyklZyciaOd>2017-04-19T00:00:00+02:00</sln:cyklZyciaOd><sln:gmIIPId>bdfd8060-3300-451f-b7fc-d47ea276c5f9</sln:gmIIPId><sln:gmIIPPn>PL.PZGIK.200</sln:gmIIPPn><sln:gmIIPWersja>2017-03-08T12:05:31+01:00</sln:gmIIPWersja><sln:gmIdTeryt>3214102</sln:gmIdTeryt><sln:gmNazwa>Stargard</sln:gmNazwa><sln:miejscIIPId>f9698158-fa71-4702-8d61-2ea33482885a</sln:miejscIIPId><sln:miejscIIPPn>PL.PZGIK.200</sln:miejscIIPPn><sln:miejscIIPWersja>2017-04-19T11:55:49+02:00</sln:miejscIIPWersja><sln:miejscIdTeryt>0783611</sln:miejscIdTeryt><sln:miejscNazwa>Strzyżno</sln:miejscNazwa><sln:miejscRodzaj>Osada</sln:miejscRodzaj><sln:powIIPId>b832e274-346c-4551-b312-80aa8ccfd59b</sln:powIIPId><sln:powIIPPn>PL.PZGIK.200</sln:powIIPPn><sln:powIIPWersja>2012-09-27T10:07:22+02:00</sln:powIIPWersja><sln:powIdTeryt>3214</sln:powIdTeryt><sln:powNazwa>stargardzki</sln:powNazwa><sln:waznyOd>2011-04-08T00:00:00+02:00</sln:waznyOd><sln:wojIIPId>c3f2202a-b491-49c5-a3af-d581108d939a</sln:wojIIPId><sln:wojIIPPn>PL.PZGIK.200</sln:wojIIPPn><sln:wojIIPWersja>2017-10-10T00:00:00+02:00</sln:wojIIPWersja><sln:wojIdTeryt>32</sln:wojIdTeryt><sln:wojNazwa>zachodniopomorskie</sln:wojNazwa></sln:miejscowosc><sln:miejscowosc><sln:cyklZyciaOd>2017-04-19T00:00:00+02:00</sln:cyklZyciaOd><sln:gmIIPId>bdfd8060-3300-451f-b7fc-d47ea276c5f9</sln:gmIIPId><sln:gmIIPPn>PL.PZGIK.200</sln:gmIIPPn><sln:gmIIPWersja>2017-03-08T12:05:31+01:00</sln:gmIIPWersja><sln:gmIdTeryt>3214102</sln:gmIdTeryt><sln:gmNazwa>Stargard</sln:gmNazwa><sln:miejscIIPId>61912e06-fbd5-42d7-8dc0-abedb3d2b85c</sln:miejscIIPId><sln:miejscIIPPn>PL.PZGIK.200</sln:miejscIIPPn><sln:miejscIIPWersja>2017-04-19T11:55:49+02:00</sln:miejscIIPWersja><sln:miejscIdTeryt>0783628</sln:miejscIdTeryt><sln:miejscNazwa>Sułkowo</sln:miejscNazwa><sln:miejscRodzaj>Osada</sln:miejscRodzaj><sln:powIIPId>b832e274-346c-4551-b312-80aa8ccfd59b</sln:powIIPId><sln:powIIPPn>PL.PZGIK.200</sln:powIIPPn><sln:powIIPWersja>2012-09-27T10:07:22+02:00</sln:powIIPWersja><sln:powIdTeryt>3214</sln:powIdTeryt><sln:powNazwa>stargardzki</sln:powNazwa><sln:waznyOd>2011-04-08T00:00:00+02:00</sln:waznyOd><sln:wojIIPId>c3f2202a-b491-49c5-a3af-d581108d939a</sln:wojIIPId><sln:wojIIPPn>PL.PZGIK.200</sln:wojIIPPn><sln:wojIIPWersja>2017-10-10T00:00:00+02:00</sln:wojIIPWersja><sln:wojIdTeryt>32</sln:wojIdTeryt><sln:wojNazwa>zachodniopomorskie</sln:wojNazwa></sln:miejscowosc><sln:miejscowosc><sln:cyklZyciaOd>2017-04-19T00:00:00+02:00</sln:cyklZyciaOd><sln:gmIIPId>bdfd8060-3300-451f-b7fc-d47ea276c5f9</sln:gmIIPId><sln:gmIIPPn>PL.PZGIK.200</sln:gmIIPPn><sln:gmIIPWersja>2017-03-08T12:05:31+01:00</sln:gmIIPWersja><sln:gmIdTeryt>3214102</sln:gmIdTeryt><sln:gmNazwa>Stargard</sln:gmNazwa><sln:miejscIIPId>07485013-e407-4b0a-9139-241c23988996</sln:miejscIIPId><sln:miejscIIPPn>PL.PZGIK.200</sln:miejscIIPPn><sln:miejscIIPWersja>2017-04-19T11:55:49+02:00</sln:miejscIIPWersja><sln:miejscIdTeryt>0783640</sln:miejscIdTeryt><sln:miejscNazwa>Święte</sln:miejscNazwa><sln:miejscRodzaj>Wieś</sln:miejscRodzaj><sln:powIIPId>b832e274-346c-4551-b312-80aa8ccfd59b</sln:powIIPId><sln:powIIPPn>PL.PZGIK.200</sln:powIIPPn><sln:powIIPWersja>2012-09-27T10:07:22+02:00</sln:powIIPWersja><sln:powIdTeryt>3214</sln:powIdTeryt><sln:powNazwa>stargardzki</sln:powNazwa><sln:waznyOd>2011-04-08T00:00:00+02:00</sln:waznyOd><sln:wojIIPId>c3f2202a-b491-49c5-a3af-d581108d939a</sln:wojIIPId><sln:wojIIPPn>PL.PZGIK.200</sln:wojIIPPn><sln:wojIIPWersja>2017-10-10T00:00:00+02:00</sln:wojIIPWersja><sln:wojIdTeryt>32</sln:wojIdTeryt><sln:wojNazwa>zachodniopomorskie</sln:wojNazwa></sln:miejscowosc><sln:miejscowosc><sln:cyklZyciaOd>2017-04-19T00:00:00+02:00</sln:cyklZyciaOd><sln:gmIIPId>bdfd8060-3300-451f-b7fc-d47ea276c5f9</sln:gmIIPId><sln:gmIIPPn>PL.PZGIK.200</sln:gmIIPPn><sln:gmIIPWersja>2017-03-08T12:05:31+01:00</sln:gmIIPWersja><sln:gmIdTeryt>3214102</sln:gmIdTeryt><sln:gmNazwa>Stargard</sln:gmNazwa><sln:miejscIIPId>31bdacdf-f31c-477e-a2c3-5bbbe14e72e8</sln:miejscIIPId><sln:miejscIIPPn>PL.PZGIK.200</sln:miejscIIPPn><sln:miejscIIPWersja>2017-04-19T11:55:49+02:00</sln:miejscIIPWersja><sln:miejscIdTeryt>0783657</sln:miejscIdTeryt><sln:miejscNazwa>Trzebiatów</sln:miejscNazwa><sln:miejscRodzaj>Wieś</sln:miejscRodzaj><sln:powIIPId>b832e274-346c-4551-b312-80aa8ccfd59b</sln:powIIPId><sln:powIIPPn>PL.PZGIK.200</sln:powIIPPn><sln:powIIPWersja>2012-09-27T10:07:22+02:00</sln:powIIPWersja><sln:powIdTeryt>3214</sln:powIdTeryt><sln:powNazwa>stargardzki</sln:powNazwa><sln:waznyOd>2011-04-08T00:00:00+02:00</sln:waznyOd><sln:wojIIPId>c3f2202a-b491-49c5-a3af-d581108d939a</sln:wojIIPId><sln:wojIIPPn>PL.PZGIK.200</sln:wojIIPPn><sln:wojIIPWersja>2017-10-10T00:00:00+02:00</sln:wojIIPWersja><sln:wojIdTeryt>32</sln:wojIdTeryt><sln:wojNazwa>zachodniopomorskie</sln:wojNazwa></sln:miejscowosc><sln:miejscowosc><sln:cyklZyciaOd>2017-04-19T00:00:00+02:00</sln:cyklZyciaOd><sln:gmIIPId>bdfd8060-3300-451f-b7fc-d47ea276c5f9</sln:gmIIPId><sln:gmIIPPn>PL.PZGIK.200</sln:gmIIPPn><sln:gmIIPWersja>2017-03-08T12:05:31+01:00</sln:gmIIPWersja><sln:gmIdTeryt>3214102</sln:gmIdTeryt><sln:gmNazwa>Stargard</sln:gmNazwa><sln:miejscIIPId>e68a8cae-0698-4062-bb17-20334b518727</sln:miejscIIPId><sln:miejscIIPPn>PL.PZGIK.200</sln:miejscIIPPn><sln:miejscIIPWersja>2017-04-19T11:55:49+02:00</sln:miejscIIPWersja><sln:miejscIdTeryt>0783663</sln:miejscIdTeryt><sln:miejscNazwa>Tychowo</sln:miejscNazwa><sln:miejscRodzaj>Wieś</sln:miejscRodzaj><sln:powIIPId>b832e274-346c-4551-b312-80aa8ccfd59b</sln:powIIPId><sln:powIIPPn>PL.PZGIK.200</sln:powIIPPn><sln:powIIPWersja>2012-09-27T10:07:22+02:00</sln:powIIPWersja><sln:powIdTeryt>3214</sln:powIdTeryt><sln:powNazwa>stargardzki</sln:powNazwa><sln:waznyOd>2011-04-08T00:00:00+02:00</sln:waznyOd><sln:wojIIPId>c3f2202a-b491-49c5-a3af-d581108d939a</sln:wojIIPId><sln:wojIIPPn>PL.PZGIK.200</sln:wojIIPPn><sln:wojIIPWersja>2017-10-10T00:00:00+02:00</sln:wojIIPWersja><sln:wojIdTeryt>32</sln:wojIdTeryt><sln:wojNazwa>zachodniopomorskie</sln:wojNazwa></sln:miejscowosc><sln:miejscowosc><sln:cyklZyciaOd>2017-04-19T00:00:00+02:00</sln:cyklZyciaOd><sln:gmIIPId>bdfd8060-3300-451f-b7fc-d47ea276c5f9</sln:gmIIPId><sln:gmIIPPn>PL.PZGIK.200</sln:gmIIPPn><sln:gmIIPWersja>2017-03-08T12:05:31+01:00</sln:gmIIPWersja><sln:gmIdTeryt>3214102</sln:gmIdTeryt><sln:gmNazwa>Stargard</sln:gmNazwa><sln:miejscIIPId>cb36ea3f-8715-46f4-8c7b-3bbbdc04bd2f</sln:miejscIIPId><sln:miejscIIPPn>PL.PZGIK.200</sln:miejscIIPPn><sln:miejscIIPWersja>2017-04-19T11:55:49+02:00</sln:miejscIIPWersja><sln:miejscIdTeryt>0783670</sln:miejscIdTeryt><sln:miejscNazwa>Ulikowo</sln:miejscNazwa><sln:miejscRodzaj>Osada</sln:miejscRodzaj><sln:powIIPId>b832e274-346c-4551-b312-80aa8ccfd59b</sln:powIIPId><sln:powIIPPn>PL.PZGIK.200</sln:powIIPPn><sln:powIIPWersja>2012-09-27T10:07:22+02:00</sln:powIIPWersja><sln:powIdTeryt>3214</sln:powIdTeryt><sln:powNazwa>stargardzki</sln:powNazwa><sln:waznyOd>2011-04-08T00:00:00+02:00</sln:waznyOd><sln:wojIIPId>c3f2202a-b491-49c5-a3af-d581108d939a</sln:wojIIPId><sln:wojIIPPn>PL.PZGIK.200</sln:wojIIPPn><sln:wojIIPWersja>2017-10-10T00:00:00+02:00</sln:wojIIPWersja><sln:wojIdTeryt>32</sln:wojIdTeryt><sln:wojNazwa>zachodniopomorskie</sln:wojNazwa></sln:miejscowosc><sln:miejscowosc><sln:cyklZyciaOd>2017-04-19T00:00:00+02:00</sln:cyklZyciaOd><sln:gmIIPId>bdfd8060-3300-451f-b7fc-d47ea276c5f9</sln:gmIIPId><sln:gmIIPPn>PL.PZGIK.200</sln:gmIIPPn><sln:gmIIPWersja>2017-03-08T12:05:31+01:00</sln:gmIIPWersja><sln:gmIdTeryt>3214102</sln:gmIdTeryt><sln:gmNazwa>Stargard</sln:gmNazwa><sln:miejscIIPId>f9bad86b-8534-417f-a81b-2bee3d5ac33a</sln:miejscIIPId><sln:miejscIIPPn>PL.PZGIK.200</sln:miejscIIPPn><sln:miejscIIPWersja>2017-04-19T11:55:49+02:00</sln:miejscIIPWersja><sln:miejscIdTeryt>0783686</sln:miejscIdTeryt><sln:miejscNazwa>Warchlino</sln:miejscNazwa><sln:miejscRodzaj>Wieś</sln:miejscRodzaj><sln:powIIPId>b832e274-346c-4551-b312-80aa8ccfd59b</sln:powIIPId><sln:powIIPPn>PL.PZGIK.200</sln:powIIPPn><sln:powIIPWersja>2012-09-27T10:07:22+02:00</sln:powIIPWersja><sln:powIdTeryt>3214</sln:powIdTeryt><sln:powNazwa>stargardzki</sln:powNazwa><sln:waznyOd>2011-04-08T00:00:00+02:00</sln:waznyOd><sln:wojIIPId>c3f2202a-b491-49c5-a3af-d581108d939a</sln:wojIIPId><sln:wojIIPPn>PL.PZGIK.200</sln:wojIIPPn><sln:wojIIPWersja>2017-10-10T00:00:00+02:00</sln:wojIIPWersja><sln:wojIdTeryt>32</sln:wojIdTeryt><sln:wojNazwa>zachodniopomorskie</sln:wojNazwa></sln:miejscowosc><sln:miejscowosc><sln:cyklZyciaOd>2017-04-19T00:00:00+02:00</sln:cyklZyciaOd><sln:gmIIPId>bdfd8060-3300-451f-b7fc-d47ea276c5f9</sln:gmIIPId><sln:gmIIPPn>PL.PZGIK.200</sln:gmIIPPn><sln:gmIIPWersja>2017-03-08T12:05:31+01:00</sln:gmIIPWersja><sln:gmIdTeryt>3214102</sln:gmIdTeryt><sln:gmNazwa>Stargard</sln:gmNazwa><sln:miejscIIPId>f364d4a1-0a1b-4e8a-864a-105765cae11c</sln:miejscIIPId><sln:miejscIIPPn>PL.PZGIK.200</sln:miejscIIPPn><sln:miejscIIPWersja>2017-04-19T11:55:49+02:00</sln:miejscIIPWersja><sln:miejscIdTeryt>0783692</sln:miejscIdTeryt><sln:miejscNazwa>Siwkowo</sln:miejscNazwa><sln:miejscRodzaj>Kolonia</sln:miejscRodzaj><sln:powIIPId>b832e274-346c-4551-b312-80aa8ccfd59b</sln:powIIPId><sln:powIIPPn>PL.PZGIK.200</sln:powIIPPn><sln:powIIPWersja>2012-09-27T10:07:22+02:00</sln:powIIPWersja><sln:powIdTeryt>3214</sln:powIdTeryt><sln:powNazwa>stargardzki</sln:powNazwa><sln:waznyOd>2012-08-23T00:00:00+02:00</sln:waznyOd><sln:wojIIPId>c3f2202a-b491-49c5-a3af-d581108d939a</sln:wojIIPId><sln:wojIIPPn>PL.PZGIK.200</sln:wojIIPPn><sln:wojIIPWersja>2017-10-10T00:00:00+02:00</sln:wojIIPWersja><sln:wojIdTeryt>32</sln:wojIdTeryt><sln:wojNazwa>zachodniopomorskie</sln:wojNazwa></sln:miejscowosc><sln:miejscowosc><sln:cyklZyciaOd>2017-04-19T00:00:00+02:00</sln:cyklZyciaOd><sln:gmIIPId>bdfd8060-3300-451f-b7fc-d47ea276c5f9</sln:gmIIPId><sln:gmIIPPn>PL.PZGIK.200</sln:gmIIPPn><sln:gmIIPWersja>2017-03-08T12:05:31+01:00</sln:gmIIPWersja><sln:gmIdTeryt>3214102</sln:gmIdTeryt><sln:gmNazwa>Stargard</sln:gmNazwa><sln:miejscIIPId>4a2e40df-2096-4426-a3d5-290d6b60d6fc</sln:miejscIIPId><sln:miejscIIPPn>PL.PZGIK.200</sln:miejscIIPPn><sln:miejscIIPWersja>2017-04-19T11:55:50+02:00</sln:miejscIIPWersja><sln:miejscIdTeryt>0783700</sln:miejscIdTeryt><sln:miejscNazwa>Warchlinko</sln:miejscNazwa><sln:miejscRodzaj>Kolonia</sln:miejscRodzaj><sln:powIIPId>b832e274-346c-4551-b312-80aa8ccfd59b</sln:powIIPId><sln:powIIPPn>PL.PZGIK.200</sln:powIIPPn><sln:powIIPWersja>2012-09-27T10:07:22+02:00</sln:powIIPWersja><sln:powIdTeryt>3214</sln:powIdTeryt><sln:powNazwa>stargardzki</sln:powNazwa><sln:waznyOd>2011-04-08T00:00:00+02:00</sln:waznyOd><sln:wojIIPId>c3f2202a-b491-49c5-a3af-d581108d939a</sln:wojIIPId><sln:wojIIPPn>PL.PZGIK.200</sln:wojIIPPn><sln:wojIIPWersja>2017-10-10T00:00:00+02:00</sln:wojIIPWersja><sln:wojIdTeryt>32</sln:wojIdTeryt><sln:wojNazwa>zachodniopomorskie</sln:wojNazwa></sln:miejscowosc><sln:miejscowosc><sln:cyklZyciaOd>2017-04-19T00:00:00+02:00</sln:cyklZyciaOd><sln:gmIIPId>bdfd8060-3300-451f-b7fc-d47ea276c5f9</sln:gmIIPId><sln:gmIIPPn>PL.PZGIK.200</sln:gmIIPPn><sln:gmIIPWersja>2017-03-08T12:05:31+01:00</sln:gmIIPWersja><sln:gmIdTeryt>3214102</sln:gmIdTeryt><sln:gmNazwa>Stargard</sln:gmNazwa><sln:miejscIIPId>f7d8d50c-99e9-4a26-a4c4-a349af3ce02e</sln:miejscIIPId><sln:miejscIIPPn>PL.PZGIK.200</sln:miejscIIPPn><sln:miejscIIPWersja>2017-04-19T11:55:50+02:00</sln:miejscIIPWersja><sln:miejscIdTeryt>0783717</sln:miejscIdTeryt><sln:miejscNazwa>Wierzchląd</sln:miejscNazwa><sln:miejscRodzaj>Osada</sln:miejscRodzaj><sln:powIIPId>b832e274-346c-4551-b312-80aa8ccfd59b</sln:powIIPId><sln:powIIPPn>PL.PZGIK.200</sln:powIIPPn><sln:powIIPWersja>2012-09-27T10:07:22+02:00</sln:powIIPWersja><sln:powIdTeryt>3214</sln:powIdTeryt><sln:powNazwa>stargardzki</sln:powNazwa><sln:waznyOd>2011-04-08T00:00:00+02:00</sln:waznyOd><sln:wojIIPId>c3f2202a-b491-49c5-a3af-d581108d939a</sln:wojIIPId><sln:wojIIPPn>PL.PZGIK.200</sln:wojIIPPn><sln:wojIIPWersja>2017-10-10T00:00:00+02:00</sln:wojIIPWersja><sln:wojIdTeryt>32</sln:wojIdTeryt><sln:wojNazwa>zachodniopomorskie</sln:wojNazwa></sln:miejscowosc><sln:miejscowosc><sln:cyklZyciaOd>2017-04-19T00:00:00+02:00</sln:cyklZyciaOd><sln:gmIIPId>bdfd8060-3300-451f-b7fc-d47ea276c5f9</sln:gmIIPId><sln:gmIIPPn>PL.PZGIK.200</sln:gmIIPPn><sln:gmIIPWersja>2017-03-08T12:05:31+01:00</sln:gmIIPWersja><sln:gmIdTeryt>3214102</sln:gmIdTeryt><sln:gmNazwa>Stargard</sln:gmNazwa><sln:miejscIIPId>a8bce74d-961e-48a8-a4e5-22563baf5a65</sln:miejscIIPId><sln:miejscIIPPn>PL.PZGIK.200</sln:miejscIIPPn><sln:miejscIIPWersja>2017-04-19T11:55:50+02:00</sln:miejscIIPWersja><sln:miejscIdTeryt>0783723</sln:miejscIdTeryt><sln:miejscNazwa>Witkowo Drugie</sln:miejscNazwa><sln:miejscRodzaj>Wieś</sln:miejscRodzaj><sln:powIIPId>b832e274-346c-4551-b312-80aa8ccfd59b</sln:powIIPId><sln:powIIPPn>PL.PZGIK.200</sln:powIIPPn><sln:powIIPWersja>2012-09-27T10:07:22+02:00</sln:powIIPWersja><sln:powIdTeryt>3214</sln:powIdTeryt><sln:powNazwa>stargardzki</sln:powNazwa><sln:waznyOd>2011-04-08T00:00:00+02:00</sln:waznyOd><sln:wojIIPId>c3f2202a-b491-49c5-a3af-d581108d939a</sln:wojIIPId><sln:wojIIPPn>PL.PZGIK.200</sln:wojIIPPn><sln:wojIIPWersja>2017-10-10T00:00:00+02:00</sln:wojIIPWersja><sln:wojIdTeryt>32</sln:wojIdTeryt><sln:wojNazwa>zachodniopomorskie</sln:wojNazwa></sln:miejscowosc><sln:miejscowosc><sln:cyklZyciaOd>2017-04-19T00:00:00+02:00</sln:cyklZyciaOd><sln:gmIIPId>bdfd8060-3300-451f-b7fc-d47ea276c5f9</sln:gmIIPId><sln:gmIIPPn>PL.PZGIK.200</sln:gmIIPPn><sln:gmIIPWersja>2017-03-08T12:05:31+01:00</sln:gmIIPWersja><sln:gmIdTeryt>3214102</sln:gmIdTeryt><sln:gmNazwa>Stargard</sln:gmNazwa><sln:miejscIIPId>4ed58353-ceb8-4cc9-86af-edcbff866d8a</sln:miejscIIPId><sln:miejscIIPPn>PL.PZGIK.200</sln:miejscIIPPn><sln:miejscIIPWersja>2017-04-19T11:55:50+02:00</sln:miejscIIPWersja><sln:miejscIdTeryt>0783730</sln:miejscIdTeryt><sln:miejscNazwa>Radziszewo</sln:miejscNazwa><sln:miejscRodzaj>Wieś</sln:miejscRodzaj><sln:powIIPId>b832e274-346c-4551-b312-80aa8ccfd59b</sln:powIIPId><sln:powIIPPn>PL.PZGIK.200</sln:powIIPPn><sln:powIIPWersja>2012-09-27T10:07:22+02:00</sln:powIIPWersja><sln:powIdTeryt>3214</sln:powIdTeryt><sln:powNazwa>stargardzki</sln:powNazwa><sln:waznyOd>2011-04-08T00:00:00+02:00</sln:waznyOd><sln:wojIIPId>c3f2202a-b491-49c5-a3af-d581108d939a</sln:wojIIPId><sln:wojIIPPn>PL.PZGIK.200</sln:wojIIPPn><sln:wojIIPWersja>2017-10-10T00:00:00+02:00</sln:wojIIPWersja><sln:wojIdTeryt>32</sln:wojIdTeryt><sln:wojNazwa>zachodniopomorskie</sln:wojNazwa></sln:miejscowosc><sln:miejscowosc><sln:cyklZyciaOd>2017-04-19T00:00:00+02:00</sln:cyklZyciaOd><sln:gmIIPId>bdfd8060-3300-451f-b7fc-d47ea276c5f9</sln:gmIIPId><sln:gmIIPPn>PL.PZGIK.200</sln:gmIIPPn><sln:gmIIPWersja>2017-03-08T12:05:31+01:00</sln:gmIIPWersja><sln:gmIdTeryt>3214102</sln:gmIdTeryt><sln:gmNazwa>Stargard</sln:gmNazwa><sln:miejscIIPId>de73ec8f-87d7-4efb-891a-877e13a03c9c</sln:miejscIIPId><sln:miejscIIPPn>PL.PZGIK.200</sln:miejscIIPPn><sln:miejscIIPWersja>2017-04-19T11:55:50+02:00</sln:miejscIIPWersja><sln:miejscIdTeryt>0783746</sln:miejscIdTeryt><sln:miejscNazwa>Witkowo Pierwsze</sln:miejscNazwa><sln:miejscRodzaj>Osada</sln:miejscRodzaj><sln:powIIPId>b832e274-346c-4551-b312-80aa8ccfd59b</sln:powIIPId><sln:powIIPPn>PL.PZGIK.200</sln:powIIPPn><sln:powIIPWersja>2012-09-27T10:07:22+02:00</sln:powIIPWersja><sln:powIdTeryt>3214</sln:powIdTeryt><sln:powNazwa>stargardzki</sln:powNazwa><sln:waznyOd>2011-04-08T00:00:00+02:00</sln:waznyOd><sln:wojIIPId>c3f2202a-b491-49c5-a3af-d581108d939a</sln:wojIIPId><sln:wojIIPPn>PL.PZGIK.200</sln:wojIIPPn><sln:wojIIPWersja>2017-10-10T00:00:00+02:00</sln:wojIIPWersja><sln:wojIdTeryt>32</sln:wojIdTeryt><sln:wojNazwa>zachodniopomorskie</sln:wojNazwa></sln:miejscowosc><sln:miejscowosc><sln:cyklZyciaOd>2017-04-19T00:00:00+02:00</sln:cyklZyciaOd><sln:gmIIPId>bdfd8060-3300-451f-b7fc-d47ea276c5f9</sln:gmIIPId><sln:gmIIPPn>PL.PZGIK.200</sln:gmIIPPn><sln:gmIIPWersja>2017-03-08T12:05:31+01:00</sln:gmIIPWersja><sln:gmIdTeryt>3214102</sln:gmIdTeryt><sln:gmNazwa>Stargard</sln:gmNazwa><sln:miejscIIPId>890605aa-29f4-4bb6-8369-e466c8521193</sln:miejscIIPId><sln:miejscIIPPn>PL.PZGIK.200</sln:miejscIIPPn><sln:miejscIIPWersja>2017-04-19T11:55:50+02:00</sln:miejscIIPWersja><sln:miejscIdTeryt>0783752</sln:miejscIdTeryt><sln:miejscNazwa>Żarowo</sln:miejscNazwa><sln:miejscRodzaj>Wieś</sln:miejscRodzaj><sln:powIIPId>b832e274-346c-4551-b312-80aa8ccfd59b</sln:powIIPId><sln:powIIPPn>PL.PZGIK.200</sln:powIIPPn><sln:powIIPWersja>2012-09-27T10:07:22+02:00</sln:powIIPWersja><sln:powIdTeryt>3214</sln:powIdTeryt><sln:powNazwa>stargardzki</sln:powNazwa><sln:waznyOd>2011-04-08T00:00:00+02:00</sln:waznyOd><sln:wojIIPId>c3f2202a-b491-49c5-a3af-d581108d939a</sln:wojIIPId><sln:wojIIPPn>PL.PZGIK.200</sln:wojIIPPn><sln:wojIIPWersja>2017-10-10T00:00:00+02:00</sln:wojIIPWersja><sln:wojIdTeryt>32</sln:wojIdTeryt><sln:wojNazwa>zachodniopomorskie</sln:wojNazwa></sln:miejscowosc></sln:lista-miejscowosci>