<?xml version="1.0" encoding="UTF-8" standalone="yes"?><sln:lista-miejscowosci xmlns:srv="http://gugik.gov.pl/schemas/slowniki-service/1.0" xmlns:sln="http://gugik.gov.pl/schemas/slowniki-schema/1.0"><sln:miejscowosc><sln:cyklZyciaDo>2017-04-03T00:00:00+02:00</sln:cyklZyciaDo><sln:cyklZyciaOd>2015-12-28T00:00:00+01:00</sln:cyklZyciaOd><sln:gmIIPId>de792369-1c9e-47f8-b9a7-ef5da9695483</sln:gmIIPId><sln:gmIIPPn>PL.PZGIK.200</sln:gmIIPPn><sln:gmIIPWersja>2012-09-26T22:34:23+02:00</sln:gmIIPWersja><sln:gmIdTeryt>3210052</sln:gmIdTeryt><sln:gmNazwa>Nowogródek Pomorski</sln:gmNazwa><sln:miejscIIPId>323920e3-e011-46d5-9f16-deba9050a7ff</sln:miejscIIPId><sln:miejscIIPPn>PL.PZGIK.200</sln:miejscIIPPn><sln:miejscIIPWersja>2016-11-24T14:00:55+02:00</sln:miejscIIPWersja><sln:miejscIdTeryt>1061660</sln:miejscIdTeryt><sln:miejscNazwa>Kolonia Nowogródek Pomorski</sln:miejscNazwa><sln:miejscRodzaj>Kolonia</sln:miejscRodzaj><sln:powIIPId>bf9906d2-91eb-4911-8ce0-8c8f3ea1986b</sln:powIIPId><sln:powIIPPn>PL.PZGIK.200</sln:powIIPPn><sln:powIIPWersja>2012-09-27T10:07:22+02:00</sln:powIIPWersja><sln:powIdTeryt>3210</sln:powIdTeryt><sln:powNazwa>myśliborski</sln:powNazwa><sln:waznyOd>2012-09-17T00:00:00+02:00</sln:waznyOd><sln:wojIIPId>c3f2202a-b491-49c5-a3af-d581108d939a</sln:wojIIPId><sln:wojIIPPn>PL.PZGIK.200</sln:wojIIPPn><sln:wojIIPWersja>2017-10-10T00:00:00+02:00</sln:wojIIPWersja><sln:wojIdTeryt>32</sln:wojIdTeryt><sln:wojNazwa>zachodniopomorskie</sln:wojNazwa></sln:miejscowosc><sln:miejscowosc><sln:cyklZyciaDo>2017-04-03T00:00:00+02:00</sln:cyklZyciaDo><sln:cyklZyciaOd>2015-12-28T00:00:00+01:00</sln:cyklZyciaOd><sln:gmIIPId>de792369-1c9e-47f8-b9a7-ef5da9695483</sln:gmIIPId><sln:gmIIPPn>PL.PZGIK.200</sln:gmIIPPn><sln:gmIIPWersja>2012-09-26T22:34:23+02:00</sln:gmIIPWersja><sln:gmIdTeryt>3210052</sln:gmIdTeryt><sln:gmNazwa>Nowogródek Pomorski</sln:gmNazwa><sln:miejscIIPId>b61a43ad-f750-490f-a8f1-14fcd9b65174</sln:miejscIIPId><sln:miejscIIPPn>PL.PZGIK.200</sln:miejscIIPPn><sln:miejscIIPWersja>2016-11-24T09:38:19+02:00</sln:miejscIIPWersja><sln:miejscIdTeryt>0185092</sln:miejscIdTeryt><sln:miejscNazwa>Lipin</sln:miejscNazwa><sln:miejscRodzaj>Osada</sln:miejscRodzaj><sln:powIIPId>bf9906d2-91eb-4911-8ce0-8c8f3ea1986b</sln:powIIPId><sln:powIIPPn>PL.PZGIK.200</sln:powIIPPn><sln:powIIPWersja>2012-09-27T10:07:22+02:00</sln:powIIPWersja><sln:powIdTeryt>3210</sln:powIdTeryt><sln:powNazwa>myśliborski</sln:powNazwa><sln:waznyOd>2011-04-10T00:00:00+02:00</sln:waznyOd><sln:wojIIPId>c3f2202a-b491-49c5-a3af-d581108d939a</sln:wojIIPId><sln:wojIIPPn>PL.PZGIK.200</sln:wojIIPPn><sln:wojIIPWersja>2017-10-10T00:00:00+02:00</sln:wojIIPWersja><sln:wojIdTeryt>32</sln:wojIdTeryt><sln:wojNazwa>zachodniopomorskie</sln:wojNazwa></sln:miejscowosc><sln:miejscowosc><sln:cyklZyciaDo>2017-04-03T00:00:00+02:00</sln:cyklZyciaDo><sln:cyklZyciaOd>2015-12-28T00:00:00+01:00</sln:cyklZyciaOd><sln:gmIIPId>de792369-1c9e-47f8-b9a7-ef5da9695483</sln:gmIIPId><sln:gmIIPPn>PL.PZGIK.200</sln:gmIIPPn><sln:gmIIPWersja>2012-09-26T22:34:23+02:00</sln:gmIIPWersja><sln:gmIdTeryt>3210052</sln:gmIdTeryt><sln:gmNazwa>Nowogródek Pomorski</sln:gmNazwa><sln:miejscIIPId>2bc5b2d3-f874-4a96-bd67-60c36d130642</sln:miejscIIPId><sln:miejscIIPPn>PL.PZGIK.200</sln:miejscIIPPn><sln:miejscIIPWersja>2016-11-24T09:38:19+02:00</sln:miejscIIPWersja><sln:miejscIdTeryt>0185169</sln:miejscIdTeryt><sln:miejscNazwa>Ławin</sln:miejscNazwa><sln:miejscRodzaj>Osada leśna</sln:miejscRodzaj><sln:powIIPId>bf9906d2-91eb-4911-8ce0-8c8f3ea1986b</sln:powIIPId><sln:powIIPPn>PL.PZGIK.200</sln:powIIPPn><sln:powIIPWersja>2012-09-27T10:07:22+02:00</sln:powIIPWersja><sln:powIdTeryt>3210</sln:powIdTeryt><sln:powNazwa>myśliborski</sln:powNazwa><sln:waznyOd>2011-04-10T00:00:00+02:00</sln:waznyOd><sln:wojIIPId>c3f2202a-b491-49c5-a3af-d581108d939a</sln:wojIIPId><sln:wojIIPPn>PL.PZGIK.200</sln:wojIIPPn><sln:wojIIPWersja>2017-10-10T00:00:00+02:00</sln:wojIIPWersja><sln:wojIdTeryt>32</sln:wojIdTeryt><sln:wojNazwa>zachodniopomorskie</sln:wojNazwa></sln:miejscowosc><sln:miejscowosc><sln:cyklZyciaDo>2017-04-03T00:00:00+02:00</sln:cyklZyciaDo><sln:cyklZyciaOd>2015-12-28T00:00:00+01:00</sln:cyklZyciaOd><sln:gmIIPId>de792369-1c9e-47f8-b9a7-ef5da9695483</sln:gmIIPId><sln:gmIIPPn>PL.PZGIK.200</sln:gmIIPPn><sln:gmIIPWersja>2012-09-26T22:34:23+02:00</sln:gmIIPWersja><sln:gmIdTeryt>3210052</sln:gmIdTeryt><sln:gmNazwa>Nowogródek Pomorski</sln:gmNazwa><sln:miejscIIPId>1ac61c03-d238-4177-86cf-63addd26dd50</sln:miejscIIPId><sln:miejscIIPPn>PL.PZGIK.200</sln:miejscIIPPn><sln:miejscIIPWersja>2016-11-24T09:38:19+02:00</sln:miejscIIPWersja><sln:miejscIdTeryt>0185123</sln:miejscIdTeryt><sln:miejscNazwa>Nowogródek Pomorski</sln:miejscNazwa><sln:miejscRodzaj>Wieś</sln:miejscRodzaj><sln:powIIPId>bf9906d2-91eb-4911-8ce0-8c8f3ea1986b</sln:powIIPId><sln:powIIPPn>PL.PZGIK.200</sln:powIIPPn><sln:powIIPWersja>2012-09-27T10:07:22+02:00</sln:powIIPWersja><sln:powIdTeryt>3210</sln:powIdTeryt><sln:powNazwa>myśliborski</sln:powNazwa><sln:waznyOd>2011-04-10T00:00:00+02:00</sln:waznyOd><sln:wojIIPId>c3f2202a-b491-49c5-a3af-d581108d939a</sln:wojIIPId><sln:wojIIPPn>PL.PZGIK.200</sln:wojIIPPn><sln:wojIIPWersja>2017-10-10T00:00:00+02:00</sln:wojIIPWersja><sln:wojIdTeryt>32</sln:wojIdTeryt><sln:wojNazwa>zachodniopomorskie</sln:wojNazwa></sln:miejscowosc><sln:miejscowosc><sln:cyklZyciaDo>2017-04-03T00:00:00+02:00</sln:cyklZyciaDo><sln:cyklZyciaOd>2015-12-28T00:00:00+01:00</sln:cyklZyciaOd><sln:gmIIPId>de792369-1c9e-47f8-b9a7-ef5da9695483</sln:gmIIPId><sln:gmIIPPn>PL.PZGIK.200</sln:gmIIPPn><sln:gmIIPWersja>2012-09-26T22:34:23+02:00</sln:gmIIPWersja><sln:gmIdTeryt>3210052</sln:gmIdTeryt><sln:gmNazwa>Nowogródek Pomorski</sln:gmNazwa><sln:miejscIIPId>59a06641-7e1f-47cd-bf9f-c86539b9e6b5</sln:miejscIIPId><sln:miejscIIPPn>PL.PZGIK.200</sln:miejscIIPPn><sln:miejscIIPWersja>2016-11-24T09:38:19+02:00</sln:miejscIIPWersja><sln:miejscIdTeryt>0185130</sln:miejscIdTeryt><sln:miejscNazwa>Pachocino</sln:miejscNazwa><sln:miejscRodzaj>Osada</sln:miejscRodzaj><sln:powIIPId>bf9906d2-91eb-4911-8ce0-8c8f3ea1986b</sln:powIIPId><sln:powIIPPn>PL.PZGIK.200</sln:powIIPPn><sln:powIIPWersja>2012-09-27T10:07:22+02:00</sln:powIIPWersja><sln:powIdTeryt>3210</sln:powIdTeryt><sln:powNazwa>myśliborski</sln:powNazwa><sln:waznyOd>2011-04-10T00:00:00+02:00</sln:waznyOd><sln:wojIIPId>c3f2202a-b491-49c5-a3af-d581108d939a</sln:wojIIPId><sln:wojIIPPn>PL.PZGIK.200</sln:wojIIPPn><sln:wojIIPWersja>2017-10-10T00:00:00+02:00</sln:wojIIPWersja><sln:wojIdTeryt>32</sln:wojIdTeryt><sln:wojNazwa>zachodniopomorskie</sln:wojNazwa></sln:miejscowosc><sln:miejscowosc><sln:cyklZyciaDo>2017-04-03T00:00:00+02:00</sln:cyklZyciaDo><sln:cyklZyciaOd>2015-12-28T00:00:00+01:00</sln:cyklZyciaOd><sln:gmIIPId>de792369-1c9e-47f8-b9a7-ef5da9695483</sln:gmIIPId><sln:gmIIPPn>PL.PZGIK.200</sln:gmIIPPn><sln:gmIIPWersja>2012-09-26T22:34:23+02:00</sln:gmIIPWersja><sln:gmIdTeryt>3210052</sln:gmIdTeryt><sln:gmNazwa>Nowogródek Pomorski</sln:gmNazwa><sln:miejscIIPId>2b74f6a4-e677-42f7-9d1e-fd2e1ab16278</sln:miejscIIPId><sln:miejscIIPPn>PL.PZGIK.200</sln:miejscIIPPn><sln:miejscIIPWersja>2016-11-24T09:38:19+02:00</sln:miejscIIPWersja><sln:miejscIdTeryt>0185146</sln:miejscIdTeryt><sln:miejscNazwa>Parzeńsko</sln:miejscNazwa><sln:miejscRodzaj>Wieś</sln:miejscRodzaj><sln:powIIPId>bf9906d2-91eb-4911-8ce0-8c8f3ea1986b</sln:powIIPId><sln:powIIPPn>PL.PZGIK.200</sln:powIIPPn><sln:powIIPWersja>2012-09-27T10:07:22+02:00</sln:powIIPWersja><sln:powIdTeryt>3210</sln:powIdTeryt><sln:powNazwa>myśliborski</sln:powNazwa><sln:waznyOd>2011-04-10T00:00:00+02:00</sln:waznyOd><sln:wojIIPId>c3f2202a-b491-49c5-a3af-d581108d939a</sln:wojIIPId><sln:wojIIPPn>PL.PZGIK.200</sln:wojIIPPn><sln:wojIIPWersja>2017-10-10T00:00:00+02:00</sln:wojIIPWersja><sln:wojIdTeryt>32</sln:wojIdTeryt><sln:wojNazwa>zachodniopomorskie</sln:wojNazwa></sln:miejscowosc><sln:miejscowosc><sln:cyklZyciaDo>2017-04-03T00:00:00+02:00</sln:cyklZyciaDo><sln:cyklZyciaOd>2015-12-28T00:00:00+01:00</sln:cyklZyciaOd><sln:gmIIPId>de792369-1c9e-47f8-b9a7-ef5da9695483</sln:gmIIPId><sln:gmIIPPn>PL.PZGIK.200</sln:gmIIPPn><sln:gmIIPWersja>2012-09-26T22:34:23+02:00</sln:gmIIPWersja><sln:gmIdTeryt>3210052</sln:gmIdTeryt><sln:gmNazwa>Nowogródek Pomorski</sln:gmNazwa><sln:miejscIIPId>632079a5-b03a-4e13-9634-7e5244a89b54</sln:miejscIIPId><sln:miejscIIPPn>PL.PZGIK.200</sln:miejscIIPPn><sln:miejscIIPWersja>2016-11-24T09:38:19+02:00</sln:miejscIIPWersja><sln:miejscIdTeryt>0185264</sln:miejscIdTeryt><sln:miejscNazwa>Rataje</sln:miejscNazwa><sln:miejscRodzaj>Kolonia</sln:miejscRodzaj><sln:powIIPId>bf9906d2-91eb-4911-8ce0-8c8f3ea1986b</sln:powIIPId><sln:powIIPPn>PL.PZGIK.200</sln:powIIPPn><sln:powIIPWersja>2012-09-27T10:07:22+02:00</sln:powIIPWersja><sln:powIdTeryt>3210</sln:powIdTeryt><sln:powNazwa>myśliborski</sln:powNazwa><sln:waznyOd>2011-04-10T00:00:00+02:00</sln:waznyOd><sln:wojIIPId>c3f2202a-b491-49c5-a3af-d581108d939a</sln:wojIIPId><sln:wojIIPPn>PL.PZGIK.200</sln:wojIIPPn><sln:wojIIPWersja>2017-10-10T00:00:00+02:00</sln:wojIIPWersja><sln:wojIdTeryt>32</sln:wojIdTeryt><sln:wojNazwa>zachodniopomorskie</sln:wojNazwa></sln:miejscowosc><sln:miejscowosc><sln:cyklZyciaDo>2017-04-03T00:00:00+02:00</sln:cyklZyciaDo><sln:cyklZyciaOd>2015-12-28T00:00:00+01:00</sln:cyklZyciaOd><sln:gmIIPId>de792369-1c9e-47f8-b9a7-ef5da9695483</sln:gmIIPId><sln:gmIIPPn>PL.PZGIK.200</sln:gmIIPPn><sln:gmIIPWersja>2012-09-26T22:34:23+02:00</sln:gmIIPWersja><sln:gmIdTeryt>3210052</sln:gmIdTeryt><sln:gmNazwa>Nowogródek Pomorski</sln:gmNazwa><sln:miejscIIPId>31bc0cc1-03ce-4d45-b8d0-42b03c76317b</sln:miejscIIPId><sln:miejscIIPPn>PL.PZGIK.200</sln:miejscIIPPn><sln:miejscIIPWersja>2016-11-24T09:38:19+02:00</sln:miejscIIPWersja><sln:miejscIdTeryt>0185206</sln:miejscIdTeryt><sln:miejscNazwa>Rokitno</sln:miejscNazwa><sln:miejscRodzaj>Wieś</sln:miejscRodzaj><sln:powIIPId>bf9906d2-91eb-4911-8ce0-8c8f3ea1986b</sln:powIIPId><sln:powIIPPn>PL.PZGIK.200</sln:powIIPPn><sln:powIIPWersja>2012-09-27T10:07:22+02:00</sln:powIIPWersja><sln:powIdTeryt>3210</sln:powIdTeryt><sln:powNazwa>myśliborski</sln:powNazwa><sln:waznyOd>2011-04-10T00:00:00+02:00</sln:waznyOd><sln:wojIIPId>c3f2202a-b491-49c5-a3af-d581108d939a</sln:wojIIPId><sln:wojIIPPn>PL.PZGIK.200</sln:wojIIPPn><sln:wojIIPWersja>2017-10-10T00:00:00+02:00</sln:wojIIPWersja><sln:wojIdTeryt>32</sln:wojIdTeryt><sln:wojNazwa>zachodniopomorskie</sln:wojNazwa></sln:miejscowosc><sln:miejscowosc><sln:cyklZyciaDo>2017-04-03T00:00:00+02:00</sln:cyklZyciaDo><sln:cyklZyciaOd>2015-12-28T00:00:00+01:00</sln:cyklZyciaOd><sln:gmIIPId>de792369-1c9e-47f8-b9a7-ef5da9695483</sln:gmIIPId><sln:gmIIPPn>PL.PZGIK.200</sln:gmIIPPn><sln:gmIIPWersja>2012-09-26T22:34:23+02:00</sln:gmIIPWersja><sln:gmIdTeryt>3210052</sln:gmIdTeryt><sln:gmNazwa>Nowogródek Pomorski</sln:gmNazwa><sln:miejscIIPId>c5d2f8ac-149d-40df-b99c-3a114c6dad74</sln:miejscIIPId><sln:miejscIIPPn>PL.PZGIK.200</sln:miejscIIPPn><sln:miejscIIPWersja>2016-11-24T09:38:19+02:00</sln:miejscIIPWersja><sln:miejscIdTeryt>0185270</sln:miejscIdTeryt><sln:miejscNazwa>Smolary</sln:miejscNazwa><sln:miejscRodzaj>Kolonia</sln:miejscRodzaj><sln:powIIPId>bf9906d2-91eb-4911-8ce0-8c8f3ea1986b</sln:powIIPId><sln:powIIPPn>PL.PZGIK.200</sln:powIIPPn><sln:powIIPWersja>2012-09-27T10:07:22+02:00</sln:powIIPWersja><sln:powIdTeryt>3210</sln:powIdTeryt><sln:powNazwa>myśliborski</sln:powNazwa><sln:waznyOd>2011-04-10T00:00:00+02:00</sln:waznyOd><sln:wojIIPId>c3f2202a-b491-49c5-a3af-d581108d939a</sln:wojIIPId><sln:wojIIPPn>PL.PZGIK.200</sln:wojIIPPn><sln:wojIIPWersja>2017-10-10T00:00:00+02:00</sln:wojIIPWersja><sln:wojIdTeryt>32</sln:wojIdTeryt><sln:wojNazwa>zachodniopomorskie</sln:wojNazwa></sln:miejscowosc><sln:miejscowosc><sln:cyklZyciaDo>2017-04-03T00:00:00+02:00</sln:cyklZyciaDo><sln:cyklZyciaOd>2015-12-28T00:00:00+01:00</sln:cyklZyciaOd><sln:gmIIPId>de792369-1c9e-47f8-b9a7-ef5da9695483</sln:gmIIPId><sln:gmIIPPn>PL.PZGIK.200</sln:gmIIPPn><sln:gmIIPWersja>2012-09-26T22:34:23+02:00</sln:gmIIPWersja><sln:gmIdTeryt>3210052</sln:gmIdTeryt><sln:gmNazwa>Nowogródek Pomorski</sln:gmNazwa><sln:miejscIIPId>d202a933-e801-4530-b839-af42d2349f86</sln:miejscIIPId><sln:miejscIIPPn>PL.PZGIK.200</sln:miejscIIPPn><sln:miejscIIPWersja>2016-11-24T09:38:19+02:00</sln:miejscIIPWersja><sln:miejscIdTeryt>0185287</sln:miejscIdTeryt><sln:miejscNazwa>Smólsko</sln:miejscNazwa><sln:miejscRodzaj>Kolonia</sln:miejscRodzaj><sln:powIIPId>bf9906d2-91eb-4911-8ce0-8c8f3ea1986b</sln:powIIPId><sln:powIIPPn>PL.PZGIK.200</sln:powIIPPn><sln:powIIPWersja>2012-09-27T10:07:22+02:00</sln:powIIPWersja><sln:powIdTeryt>3210</sln:powIdTeryt><sln:powNazwa>myśliborski</sln:powNazwa><sln:waznyOd>2011-04-10T00:00:00+02:00</sln:waznyOd><sln:wojIIPId>c3f2202a-b491-49c5-a3af-d581108d939a</sln:wojIIPId><sln:wojIIPPn>PL.PZGIK.200</sln:wojIIPPn><sln:wojIIPWersja>2017-10-10T00:00:00+02:00</sln:wojIIPWersja><sln:wojIdTeryt>32</sln:wojIdTeryt><sln:wojNazwa>zachodniopomorskie</sln:wojNazwa></sln:miejscowosc><sln:miejscowosc><sln:cyklZyciaDo>2017-04-03T00:00:00+02:00</sln:cyklZyciaDo><sln:cyklZyciaOd>2015-12-28T00:00:00+01:00</sln:cyklZyciaOd><sln:gmIIPId>de792369-1c9e-47f8-b9a7-ef5da9695483</sln:gmIIPId><sln:gmIIPPn>PL.PZGIK.200</sln:gmIIPPn><sln:gmIIPWersja>2012-09-26T22:34:23+02:00</sln:gmIIPWersja><sln:gmIdTeryt>3210052</sln:gmIdTeryt><sln:gmNazwa>Nowogródek Pomorski</sln:gmNazwa><sln:miejscIIPId>c5ce2678-d700-4378-81ad-38233373df06</sln:miejscIIPId><sln:miejscIIPPn>PL.PZGIK.200</sln:miejscIIPPn><sln:miejscIIPWersja>2016-11-24T09:38:19+02:00</sln:miejscIIPWersja><sln:miejscIdTeryt>0185181</sln:miejscIdTeryt><sln:miejscNazwa>Sołacz</sln:miejscNazwa><sln:miejscRodzaj>Kolonia</sln:miejscRodzaj><sln:powIIPId>bf9906d2-91eb-4911-8ce0-8c8f3ea1986b</sln:powIIPId><sln:powIIPPn>PL.PZGIK.200</sln:powIIPPn><sln:powIIPWersja>2012-09-27T10:07:22+02:00</sln:powIIPWersja><sln:powIdTeryt>3210</sln:powIdTeryt><sln:powNazwa>myśliborski</sln:powNazwa><sln:waznyOd>2011-04-10T00:00:00+02:00</sln:waznyOd><sln:wojIIPId>c3f2202a-b491-49c5-a3af-d581108d939a</sln:wojIIPId><sln:wojIIPPn>PL.PZGIK.200</sln:wojIIPPn><sln:wojIIPWersja>2017-10-10T00:00:00+02:00</sln:wojIIPWersja><sln:wojIdTeryt>32</sln:wojIdTeryt><sln:wojNazwa>zachodniopomorskie</sln:wojNazwa></sln:miejscowosc><sln:miejscowosc><sln:cyklZyciaDo>2017-04-03T00:00:00+02:00</sln:cyklZyciaDo><sln:cyklZyciaOd>2015-12-28T00:00:00+01:00</sln:cyklZyciaOd><sln:gmIIPId>de792369-1c9e-47f8-b9a7-ef5da9695483</sln:gmIIPId><sln:gmIIPPn>PL.PZGIK.200</sln:gmIIPPn><sln:gmIIPWersja>2012-09-26T22:34:23+02:00</sln:gmIIPWersja><sln:gmIdTeryt>3210052</sln:gmIdTeryt><sln:gmNazwa>Nowogródek Pomorski</sln:gmNazwa><sln:miejscIIPId>bbca9564-c22f-4cc2-9156-6d8e1fb96929</sln:miejscIIPId><sln:miejscIIPPn>PL.PZGIK.200</sln:miejscIIPPn><sln:miejscIIPWersja>2016-11-24T09:38:19+02:00</sln:miejscIIPWersja><sln:miejscIdTeryt>0185293</sln:miejscIdTeryt><sln:miejscNazwa>Somin</sln:miejscNazwa><sln:miejscRodzaj>Kolonia</sln:miejscRodzaj><sln:powIIPId>bf9906d2-91eb-4911-8ce0-8c8f3ea1986b</sln:powIIPId><sln:powIIPPn>PL.PZGIK.200</sln:powIIPPn><sln:powIIPWersja>2012-09-27T10:07:22+02:00</sln:powIIPWersja><sln:powIdTeryt>3210</sln:powIdTeryt><sln:powNazwa>myśliborski</sln:powNazwa><sln:waznyOd>2011-04-10T00:00:00+02:00</sln:waznyOd><sln:wojIIPId>c3f2202a-b491-49c5-a3af-d581108d939a</sln:wojIIPId><sln:wojIIPPn>PL.PZGIK.200</sln:wojIIPPn><sln:wojIIPWersja>2017-10-10T00:00:00+02:00</sln:wojIIPWersja><sln:wojIdTeryt>32</sln:wojIdTeryt><sln:wojNazwa>zachodniopomorskie</sln:wojNazwa></sln:miejscowosc><sln:miejscowosc><sln:cyklZyciaDo>2017-04-03T00:00:00+02:00</sln:cyklZyciaDo><sln:cyklZyciaOd>2015-12-28T00:00:00+01:00</sln:cyklZyciaOd><sln:gmIIPId>de792369-1c9e-47f8-b9a7-ef5da9695483</sln:gmIIPId><sln:gmIIPPn>PL.PZGIK.200</sln:gmIIPPn><sln:gmIIPWersja>2012-09-26T22:34:23+02:00</sln:gmIIPWersja><sln:gmIdTeryt>3210052</sln:gmIdTeryt><sln:gmNazwa>Nowogródek Pomorski</sln:gmNazwa><sln:miejscIIPId>c9e095fc-20fa-4ad2-a14a-b34530fa30fd</sln:miejscIIPId><sln:miejscIIPPn>PL.PZGIK.200</sln:miejscIIPPn><sln:miejscIIPWersja>2016-11-24T09:38:19+02:00</sln:miejscIIPWersja><sln:miejscIdTeryt>0185175</sln:miejscIdTeryt><sln:miejscNazwa>Stawno</sln:miejscNazwa><sln:miejscRodzaj>Kolonia</sln:miejscRodzaj><sln:powIIPId>bf9906d2-91eb-4911-8ce0-8c8f3ea1986b</sln:powIIPId><sln:powIIPPn>PL.PZGIK.200</sln:powIIPPn><sln:powIIPWersja>2012-09-27T10:07:22+02:00</sln:powIIPWersja><sln:powIdTeryt>3210</sln:powIdTeryt><sln:powNazwa>myśliborski</sln:powNazwa><sln:waznyOd>2011-04-10T00:00:00+02:00</sln:waznyOd><sln:wojIIPId>c3f2202a-b491-49c5-a3af-d581108d939a</sln:wojIIPId><sln:wojIIPPn>PL.PZGIK.200</sln:wojIIPPn><sln:wojIIPWersja>2017-10-10T00:00:00+02:00</sln:wojIIPWersja><sln:wojIdTeryt>32</sln:wojIdTeryt><sln:wojNazwa>zachodniopomorskie</sln:wojNazwa></sln:miejscowosc><sln:miejscowosc><sln:cyklZyciaDo>2017-04-03T00:00:00+02:00</sln:cyklZyciaDo><sln:cyklZyciaOd>2015-12-28T00:00:00+01:00</sln:cyklZyciaOd><sln:gmIIPId>de792369-1c9e-47f8-b9a7-ef5da9695483</sln:gmIIPId><sln:gmIIPPn>PL.PZGIK.200</sln:gmIIPPn><sln:gmIIPWersja>2012-09-26T22:34:23+02:00</sln:gmIIPWersja><sln:gmIdTeryt>3210052</sln:gmIdTeryt><sln:gmNazwa>Nowogródek Pomorski</sln:gmNazwa><sln:miejscIIPId>b37068cf-9b4f-4f5e-8843-f85fa69d6d99</sln:miejscIIPId><sln:miejscIIPPn>PL.PZGIK.200</sln:miejscIIPPn><sln:miejscIIPWersja>2016-11-24T09:38:19+02:00</sln:miejscIIPWersja><sln:miejscIdTeryt>0185212</sln:miejscIdTeryt><sln:miejscNazwa>Sumiak</sln:miejscNazwa><sln:miejscRodzaj>Wieś</sln:miejscRodzaj><sln:powIIPId>bf9906d2-91eb-4911-8ce0-8c8f3ea1986b</sln:powIIPId><sln:powIIPPn>PL.PZGIK.200</sln:powIIPPn><sln:powIIPWersja>2012-09-27T10:07:22+02:00</sln:powIIPWersja><sln:powIdTeryt>3210</sln:powIdTeryt><sln:powNazwa>myśliborski</sln:powNazwa><sln:waznyOd>2011-04-10T00:00:00+02:00</sln:waznyOd><sln:wojIIPId>c3f2202a-b491-49c5-a3af-d581108d939a</sln:wojIIPId><sln:wojIIPPn>PL.PZGIK.200</sln:wojIIPPn><sln:wojIIPWersja>2017-10-10T00:00:00+02:00</sln:wojIIPWersja><sln:wojIdTeryt>32</sln:wojIdTeryt><sln:wojNazwa>zachodniopomorskie</sln:wojNazwa></sln:miejscowosc><sln:miejscowosc><sln:cyklZyciaDo>2017-04-03T00:00:00+02:00</sln:cyklZyciaDo><sln:cyklZyciaOd>2015-12-28T00:00:00+01:00</sln:cyklZyciaOd><sln:gmIIPId>de792369-1c9e-47f8-b9a7-ef5da9695483</sln:gmIIPId><sln:gmIIPPn>PL.PZGIK.200</sln:gmIIPPn><sln:gmIIPWersja>2012-09-26T22:34:23+02:00</sln:gmIIPWersja><sln:gmIdTeryt>3210052</sln:gmIdTeryt><sln:gmNazwa>Nowogródek Pomorski</sln:gmNazwa><sln:miejscIIPId>3d2a52e4-a600-44aa-a973-882754caa440</sln:miejscIIPId><sln:miejscIIPPn>PL.PZGIK.200</sln:miejscIIPPn><sln:miejscIIPWersja>2016-11-24T09:38:19+02:00</sln:miejscIIPWersja><sln:miejscIdTeryt>0185235</sln:miejscIdTeryt><sln:miejscNazwa>Świątki</sln:miejscNazwa><sln:miejscRodzaj>Wieś</sln:miejscRodzaj><sln:powIIPId>bf9906d2-91eb-4911-8ce0-8c8f3ea1986b</sln:powIIPId><sln:powIIPPn>PL.PZGIK.200</sln:powIIPPn><sln:powIIPWersja>2012-09-27T10:07:22+02:00</sln:powIIPWersja><sln:powIdTeryt>3210</sln:powIdTeryt><sln:powNazwa>myśliborski</sln:powNazwa><sln:waznyOd>2011-04-10T00:00:00+02:00</sln:waznyOd><sln:wojIIPId>c3f2202a-b491-49c5-a3af-d581108d939a</sln:wojIIPId><sln:wojIIPPn>PL.PZGIK.200</sln:wojIIPPn><sln:wojIIPWersja>2017-10-10T00:00:00+02:00</sln:wojIIPWersja><sln:wojIdTeryt>32</sln:wojIdTeryt><sln:wojNazwa>zachodniopomorskie</sln:wojNazwa></sln:miejscowosc><sln:miejscowosc><sln:cyklZyciaDo>2017-04-03T00:00:00+02:00</sln:cyklZyciaDo><sln:cyklZyciaOd>2015-12-28T00:00:00+01:00</sln:cyklZyciaOd><sln:gmIIPId>de792369-1c9e-47f8-b9a7-ef5da9695483</sln:gmIIPId><sln:gmIIPPn>PL.PZGIK.200</sln:gmIIPPn><sln:gmIIPWersja>2012-09-26T22:34:23+02:00</sln:gmIIPWersja><sln:gmIdTeryt>3210052</sln:gmIdTeryt><sln:gmNazwa>Nowogródek Pomorski</sln:gmNazwa><sln:miejscIIPId>438dae11-f58c-4692-9392-9550be00790d</sln:miejscIIPId><sln:miejscIIPPn>PL.PZGIK.200</sln:miejscIIPPn><sln:miejscIIPWersja>2016-11-24T09:38:19+02:00</sln:miejscIIPWersja><sln:miejscIdTeryt>0185241</sln:miejscIdTeryt><sln:miejscNazwa>Trzcinna</sln:miejscNazwa><sln:miejscRodzaj>Wieś</sln:miejscRodzaj><sln:powIIPId>bf9906d2-91eb-4911-8ce0-8c8f3ea1986b</sln:powIIPId><sln:powIIPPn>PL.PZGIK.200</sln:powIIPPn><sln:powIIPWersja>2012-09-27T10:07:22+02:00</sln:powIIPWersja><sln:powIdTeryt>3210</sln:powIdTeryt><sln:powNazwa>myśliborski</sln:powNazwa><sln:waznyOd>2011-04-10T00:00:00+02:00</sln:waznyOd><sln:wojIIPId>c3f2202a-b491-49c5-a3af-d581108d939a</sln:wojIIPId><sln:wojIIPPn>PL.PZGIK.200</sln:wojIIPPn><sln:wojIIPWersja>2017-10-10T00:00:00+02:00</sln:wojIIPWersja><sln:wojIdTeryt>32</sln:wojIdTeryt><sln:wojNazwa>zachodniopomorskie</sln:wojNazwa></sln:miejscowosc><sln:miejscowosc><sln:cyklZyciaDo>2017-04-03T00:00:00+02:00</sln:cyklZyciaDo><sln:cyklZyciaOd>2015-12-28T00:00:00+01:00</sln:cyklZyciaOd><sln:gmIIPId>de792369-1c9e-47f8-b9a7-ef5da9695483</sln:gmIIPId><sln:gmIIPPn>PL.PZGIK.200</sln:gmIIPPn><sln:gmIIPWersja>2012-09-26T22:34:23+02:00</sln:gmIIPWersja><sln:gmIdTeryt>3210052</sln:gmIdTeryt><sln:gmNazwa>Nowogródek Pomorski</sln:gmNazwa><sln:miejscIIPId>bae85d3a-2d0e-46cc-980f-079dccd9a37a</sln:miejscIIPId><sln:miejscIIPPn>PL.PZGIK.200</sln:miejscIIPPn><sln:miejscIIPWersja>2016-11-24T09:38:19+02:00</sln:miejscIIPWersja><sln:miejscIdTeryt>0185117</sln:miejscIdTeryt><sln:miejscNazwa>Ulejno</sln:miejscNazwa><sln:miejscRodzaj>Kolonia</sln:miejscRodzaj><sln:powIIPId>bf9906d2-91eb-4911-8ce0-8c8f3ea1986b</sln:powIIPId><sln:powIIPPn>PL.PZGIK.200</sln:powIIPPn><sln:powIIPWersja>2012-09-27T10:07:22+02:00</sln:powIIPWersja><sln:powIdTeryt>3210</sln:powIdTeryt><sln:powNazwa>myśliborski</sln:powNazwa><sln:waznyOd>2011-04-10T00:00:00+02:00</sln:waznyOd><sln:wojIIPId>c3f2202a-b491-49c5-a3af-d581108d939a</sln:wojIIPId><sln:wojIIPPn>PL.PZGIK.200</sln:wojIIPPn><sln:wojIIPWersja>2017-10-10T00:00:00+02:00</sln:wojIIPWersja><sln:wojIdTeryt>32</sln:wojIdTeryt><sln:wojNazwa>zachodniopomorskie</sln:wojNazwa></sln:miejscowosc><sln:miejscowosc><sln:cyklZyciaDo>2017-04-03T00:00:00+02:00</sln:cyklZyciaDo><sln:cyklZyciaOd>2015-12-28T00:00:00+01:00</sln:cyklZyciaOd><sln:gmIIPId>de792369-1c9e-47f8-b9a7-ef5da9695483</sln:gmIIPId><sln:gmIIPPn>PL.PZGIK.200</sln:gmIIPPn><sln:gmIIPWersja>2012-09-26T22:34:23+02:00</sln:gmIIPWersja><sln:gmIdTeryt>3210052</sln:gmIdTeryt><sln:gmNazwa>Nowogródek Pomorski</sln:gmNazwa><sln:miejscIIPId>3f7ce8c1-7df3-430f-9af4-f87b84f83b06</sln:miejscIIPId><sln:miejscIIPPn>PL.PZGIK.200</sln:miejscIIPPn><sln:miejscIIPWersja>2016-11-24T09:38:19+02:00</sln:miejscIIPWersja><sln:miejscIdTeryt>0185258</sln:miejscIdTeryt><sln:miejscNazwa>Chocień</sln:miejscNazwa><sln:miejscRodzaj>Kolonia</sln:miejscRodzaj><sln:powIIPId>bf9906d2-91eb-4911-8ce0-8c8f3ea1986b</sln:powIIPId><sln:powIIPPn>PL.PZGIK.200</sln:powIIPPn><sln:powIIPWersja>2012-09-27T10:07:22+02:00</sln:powIIPWersja><sln:powIdTeryt>3210</sln:powIdTeryt><sln:powNazwa>myśliborski</sln:powNazwa><sln:waznyOd>2011-04-10T00:00:00+02:00</sln:waznyOd><sln:wojIIPId>c3f2202a-b491-49c5-a3af-d581108d939a</sln:wojIIPId><sln:wojIIPPn>PL.PZGIK.200</sln:wojIIPPn><sln:wojIIPWersja>2017-10-10T00:00:00+02:00</sln:wojIIPWersja><sln:wojIdTeryt>32</sln:wojIdTeryt><sln:wojNazwa>zachodniopomorskie</sln:wojNazwa></sln:miejscowosc><sln:miejscowosc><sln:cyklZyciaDo>2017-04-03T00:00:00+02:00</sln:cyklZyciaDo><sln:cyklZyciaOd>2015-12-28T00:00:00+01:00</sln:cyklZyciaOd><sln:gmIIPId>de792369-1c9e-47f8-b9a7-ef5da9695483</sln:gmIIPId><sln:gmIIPPn>PL.PZGIK.200</sln:gmIIPPn><sln:gmIIPWersja>2012-09-26T22:34:23+02:00</sln:gmIIPWersja><sln:gmIdTeryt>3210052</sln:gmIdTeryt><sln:gmNazwa>Nowogródek Pomorski</sln:gmNazwa><sln:miejscIIPId>84ec3e90-ad9d-4fb3-85f3-7d1eb735aa40</sln:miejscIIPId><sln:miejscIIPPn>PL.PZGIK.200</sln:miejscIIPPn><sln:miejscIIPWersja>2016-11-24T09:38:19+02:00</sln:miejscIIPWersja><sln:miejscIdTeryt>0185070</sln:miejscIdTeryt><sln:miejscNazwa>Giżyn</sln:miejscNazwa><sln:miejscRodzaj>Wieś</sln:miejscRodzaj><sln:powIIPId>bf9906d2-91eb-4911-8ce0-8c8f3ea1986b</sln:powIIPId><sln:powIIPPn>PL.PZGIK.200</sln:powIIPPn><sln:powIIPWersja>2012-09-27T10:07:22+02:00</sln:powIIPWersja><sln:powIdTeryt>3210</sln:powIdTeryt><sln:powNazwa>myśliborski</sln:powNazwa><sln:waznyOd>2011-04-10T00:00:00+02:00</sln:waznyOd><sln:wojIIPId>c3f2202a-b491-49c5-a3af-d581108d939a</sln:wojIIPId><sln:wojIIPPn>PL.PZGIK.200</sln:wojIIPPn><sln:wojIIPWersja>2017-10-10T00:00:00+02:00</sln:wojIIPWersja><sln:wojIdTeryt>32</sln:wojIdTeryt><sln:wojNazwa>zachodniopomorskie</sln:wojNazwa></sln:miejscowosc><sln:miejscowosc><sln:cyklZyciaDo>2017-04-03T00:00:00+02:00</sln:cyklZyciaDo><sln:cyklZyciaOd>2015-12-28T00:00:00+01:00</sln:cyklZyciaOd><sln:gmIIPId>de792369-1c9e-47f8-b9a7-ef5da9695483</sln:gmIIPId><sln:gmIIPPn>PL.PZGIK.200</sln:gmIIPPn><sln:gmIIPWersja>2012-09-26T22:34:23+02:00</sln:gmIIPWersja><sln:gmIdTeryt>3210052</sln:gmIdTeryt><sln:gmNazwa>Nowogródek Pomorski</sln:gmNazwa><sln:miejscIIPId>adb3a17f-f848-4805-bd59-09d03aa31868</sln:miejscIIPId><sln:miejscIIPPn>PL.PZGIK.200</sln:miejscIIPPn><sln:miejscIIPWersja>2016-11-24T09:38:19+02:00</sln:miejscIIPWersja><sln:miejscIdTeryt>0185152</sln:miejscIdTeryt><sln:miejscNazwa>Golin</sln:miejscNazwa><sln:miejscRodzaj>Osada</sln:miejscRodzaj><sln:powIIPId>bf9906d2-91eb-4911-8ce0-8c8f3ea1986b</sln:powIIPId><sln:powIIPPn>PL.PZGIK.200</sln:powIIPPn><sln:powIIPWersja>2012-09-27T10:07:22+02:00</sln:powIIPWersja><sln:powIdTeryt>3210</sln:powIdTeryt><sln:powNazwa>myśliborski</sln:powNazwa><sln:waznyOd>2011-04-10T00:00:00+02:00</sln:waznyOd><sln:wojIIPId>c3f2202a-b491-49c5-a3af-d581108d939a</sln:wojIIPId><sln:wojIIPPn>PL.PZGIK.200</sln:wojIIPPn><sln:wojIIPWersja>2017-10-10T00:00:00+02:00</sln:wojIIPWersja><sln:wojIdTeryt>32</sln:wojIdTeryt><sln:wojNazwa>zachodniopomorskie</sln:wojNazwa></sln:miejscowosc><sln:miejscowosc><sln:cyklZyciaDo>2017-04-03T00:00:00+02:00</sln:cyklZyciaDo><sln:cyklZyciaOd>2015-12-28T00:00:00+01:00</sln:cyklZyciaOd><sln:gmIIPId>de792369-1c9e-47f8-b9a7-ef5da9695483</sln:gmIIPId><sln:gmIIPPn>PL.PZGIK.200</sln:gmIIPPn><sln:gmIIPWersja>2012-09-26T22:34:23+02:00</sln:gmIIPWersja><sln:gmIdTeryt>3210052</sln:gmIdTeryt><sln:gmNazwa>Nowogródek Pomorski</sln:gmNazwa><sln:miejscIIPId>e68f4cbc-24e3-4a88-ad56-1e01b7a41808</sln:miejscIIPId><sln:miejscIIPPn>PL.PZGIK.200</sln:miejscIIPPn><sln:miejscIIPWersja>2016-11-24T09:38:19+02:00</sln:miejscIIPWersja><sln:miejscIdTeryt>0185229</sln:miejscIdTeryt><sln:miejscNazwa>Karlin</sln:miejscNazwa><sln:miejscRodzaj>Kolonia</sln:miejscRodzaj><sln:powIIPId>bf9906d2-91eb-4911-8ce0-8c8f3ea1986b</sln:powIIPId><sln:powIIPPn>PL.PZGIK.200</sln:powIIPPn><sln:powIIPWersja>2012-09-27T10:07:22+02:00</sln:powIIPWersja><sln:powIdTeryt>3210</sln:powIdTeryt><sln:powNazwa>myśliborski</sln:powNazwa><sln:waznyOd>2011-04-10T00:00:00+02:00</sln:waznyOd><sln:wojIIPId>c3f2202a-b491-49c5-a3af-d581108d939a</sln:wojIIPId><sln:wojIIPPn>PL.PZGIK.200</sln:wojIIPPn><sln:wojIIPWersja>2017-10-10T00:00:00+02:00</sln:wojIIPWersja><sln:wojIdTeryt>32</sln:wojIdTeryt><sln:wojNazwa>zachodniopomorskie</sln:wojNazwa></sln:miejscowosc><sln:miejscowosc><sln:cyklZyciaDo>2017-04-03T00:00:00+02:00</sln:cyklZyciaDo><sln:cyklZyciaOd>2015-12-28T00:00:00+01:00</sln:cyklZyciaOd><sln:gmIIPId>de792369-1c9e-47f8-b9a7-ef5da9695483</sln:gmIIPId><sln:gmIIPPn>PL.PZGIK.200</sln:gmIIPPn><sln:gmIIPWersja>2012-09-26T22:34:23+02:00</sln:gmIIPWersja><sln:gmIdTeryt>3210052</sln:gmIdTeryt><sln:gmNazwa>Nowogródek Pomorski</sln:gmNazwa><sln:miejscIIPId>75b1864a-6f9e-4392-a0a0-7018852b877f</sln:miejscIIPId><sln:miejscIIPPn>PL.PZGIK.200</sln:miejscIIPPn><sln:miejscIIPWersja>2016-11-24T09:38:19+02:00</sln:miejscIIPWersja><sln:miejscIdTeryt>0185086</sln:miejscIdTeryt><sln:miejscNazwa>Karsko</sln:miejscNazwa><sln:miejscRodzaj>Wieś</sln:miejscRodzaj><sln:powIIPId>bf9906d2-91eb-4911-8ce0-8c8f3ea1986b</sln:powIIPId><sln:powIIPPn>PL.PZGIK.200</sln:powIIPPn><sln:powIIPWersja>2012-09-27T10:07:22+02:00</sln:powIIPWersja><sln:powIdTeryt>3210</sln:powIdTeryt><sln:powNazwa>myśliborski</sln:powNazwa><sln:waznyOd>2011-04-10T00:00:00+02:00</sln:waznyOd><sln:wojIIPId>c3f2202a-b491-49c5-a3af-d581108d939a</sln:wojIIPId><sln:wojIIPPn>PL.PZGIK.200</sln:wojIIPPn><sln:wojIIPWersja>2017-10-10T00:00:00+02:00</sln:wojIIPWersja><sln:wojIdTeryt>32</sln:wojIdTeryt><sln:wojNazwa>zachodniopomorskie</sln:wojNazwa></sln:miejscowosc><sln:miejscowosc><sln:cyklZyciaDo>2017-04-03T00:00:00+02:00</sln:cyklZyciaDo><sln:cyklZyciaOd>2015-12-28T00:00:00+01:00</sln:cyklZyciaOd><sln:gmIIPId>de792369-1c9e-47f8-b9a7-ef5da9695483</sln:gmIIPId><sln:gmIIPPn>PL.PZGIK.200</sln:gmIIPPn><sln:gmIIPWersja>2012-09-26T22:34:23+02:00</sln:gmIIPWersja><sln:gmIdTeryt>3210052</sln:gmIdTeryt><sln:gmNazwa>Nowogródek Pomorski</sln:gmNazwa><sln:miejscIIPId>ded7ded4-03d4-4d5b-88c9-e5c2319edc75</sln:miejscIIPId><sln:miejscIIPPn>PL.PZGIK.200</sln:miejscIIPPn><sln:miejscIIPWersja>2016-11-24T09:38:19+02:00</sln:miejscIIPWersja><sln:miejscIdTeryt>0185100</sln:miejscIdTeryt><sln:miejscNazwa>Kinice</sln:miejscNazwa><sln:miejscRodzaj>Wieś</sln:miejscRodzaj><sln:powIIPId>bf9906d2-91eb-4911-8ce0-8c8f3ea1986b</sln:powIIPId><sln:powIIPPn>PL.PZGIK.200</sln:powIIPPn><sln:powIIPWersja>2012-09-27T10:07:22+02:00</sln:powIIPWersja><sln:powIdTeryt>3210</sln:powIdTeryt><sln:powNazwa>myśliborski</sln:powNazwa><sln:waznyOd>2011-04-10T00:00:00+02:00</sln:waznyOd><sln:wojIIPId>c3f2202a-b491-49c5-a3af-d581108d939a</sln:wojIIPId><sln:wojIIPPn>PL.PZGIK.200</sln:wojIIPPn><sln:wojIIPWersja>2017-10-10T00:00:00+02:00</sln:wojIIPWersja><sln:wojIdTeryt>32</sln:wojIdTeryt><sln:wojNazwa>zachodniopomorskie</sln:wojNazwa></sln:miejscowosc><sln:miejscowosc><sln:cyklZyciaOd>2017-04-03T00:00:00+02:00</sln:cyklZyciaOd><sln:gmIIPId>de792369-1c9e-47f8-b9a7-ef5da9695483</sln:gmIIPId><sln:gmIIPPn>PL.PZGIK.200</sln:gmIIPPn><sln:gmIIPWersja>2012-09-26T22:34:23+02:00</sln:gmIIPWersja><sln:gmIdTeryt>3210052</sln:gmIdTeryt><sln:gmNazwa>Nowogródek Pomorski</sln:gmNazwa><sln:miejscIIPId>84ec3e90-ad9d-4fb3-85f3-7d1eb735aa40</sln:miejscIIPId><sln:miejscIIPPn>PL.PZGIK.200</sln:miejscIIPPn><sln:miejscIIPWersja>2017-04-03T14:51:36+02:00</sln:miejscIIPWersja><sln:miejscIdTeryt>0185070</sln:miejscIdTeryt><sln:miejscNazwa>Giżyn</sln:miejscNazwa><sln:miejscRodzaj>Wieś</sln:miejscRodzaj><sln:powIIPId>bf9906d2-91eb-4911-8ce0-8c8f3ea1986b</sln:powIIPId><sln:powIIPPn>PL.PZGIK.200</sln:powIIPPn><sln:powIIPWersja>2012-09-27T10:07:22+02:00</sln:powIIPWersja><sln:powIdTeryt>3210</sln:powIdTeryt><sln:powNazwa>myśliborski</sln:powNazwa><sln:waznyOd>2011-04-10T00:00:00+02:00</sln:waznyOd><sln:wojIIPId>c3f2202a-b491-49c5-a3af-d581108d939a</sln:wojIIPId><sln:wojIIPPn>PL.PZGIK.200</sln:wojIIPPn><sln:wojIIPWersja>2017-10-10T00:00:00+02:00</sln:wojIIPWersja><sln:wojIdTeryt>32</sln:wojIdTeryt><sln:wojNazwa>zachodniopomorskie</sln:wojNazwa></sln:miejscowosc><sln:miejscowosc><sln:cyklZyciaOd>2017-04-03T00:00:00+02:00</sln:cyklZyciaOd><sln:gmIIPId>de792369-1c9e-47f8-b9a7-ef5da9695483</sln:gmIIPId><sln:gmIIPPn>PL.PZGIK.200</sln:gmIIPPn><sln:gmIIPWersja>2012-09-26T22:34:23+02:00</sln:gmIIPWersja><sln:gmIdTeryt>3210052</sln:gmIdTeryt><sln:gmNazwa>Nowogródek Pomorski</sln:gmNazwa><sln:miejscIIPId>75b1864a-6f9e-4392-a0a0-7018852b877f</sln:miejscIIPId><sln:miejscIIPPn>PL.PZGIK.200</sln:miejscIIPPn><sln:miejscIIPWersja>2017-04-03T14:51:42+02:00</sln:miejscIIPWersja><sln:miejscIdTeryt>0185086</sln:miejscIdTeryt><sln:miejscNazwa>Karsko</sln:miejscNazwa><sln:miejscRodzaj>Wieś</sln:miejscRodzaj><sln:powIIPId>bf9906d2-91eb-4911-8ce0-8c8f3ea1986b</sln:powIIPId><sln:powIIPPn>PL.PZGIK.200</sln:powIIPPn><sln:powIIPWersja>2012-09-27T10:07:22+02:00</sln:powIIPWersja><sln:powIdTeryt>3210</sln:powIdTeryt><sln:powNazwa>myśliborski</sln:powNazwa><sln:waznyOd>2011-04-10T00:00:00+02:00</sln:waznyOd><sln:wojIIPId>c3f2202a-b491-49c5-a3af-d581108d939a</sln:wojIIPId><sln:wojIIPPn>PL.PZGIK.200</sln:wojIIPPn><sln:wojIIPWersja>2017-10-10T00:00:00+02:00</sln:wojIIPWersja><sln:wojIdTeryt>32</sln:wojIdTeryt><sln:wojNazwa>zachodniopomorskie</sln:wojNazwa></sln:miejscowosc><sln:miejscowosc><sln:cyklZyciaOd>2017-04-03T00:00:00+02:00</sln:cyklZyciaOd><sln:gmIIPId>de792369-1c9e-47f8-b9a7-ef5da9695483</sln:gmIIPId><sln:gmIIPPn>PL.PZGIK.200</sln:gmIIPPn><sln:gmIIPWersja>2012-09-26T22:34:23+02:00</sln:gmIIPWersja><sln:gmIdTeryt>3210052</sln:gmIdTeryt><sln:gmNazwa>Nowogródek Pomorski</sln:gmNazwa><sln:miejscIIPId>b61a43ad-f750-490f-a8f1-14fcd9b65174</sln:miejscIIPId><sln:miejscIIPPn>PL.PZGIK.200</sln:miejscIIPPn><sln:miejscIIPWersja>2017-04-03T14:51:42+02:00</sln:miejscIIPWersja><sln:miejscIdTeryt>0185092</sln:miejscIdTeryt><sln:miejscNazwa>Lipin</sln:miejscNazwa><sln:miejscRodzaj>Osada</sln:miejscRodzaj><sln:powIIPId>bf9906d2-91eb-4911-8ce0-8c8f3ea1986b</sln:powIIPId><sln:powIIPPn>PL.PZGIK.200</sln:powIIPPn><sln:powIIPWersja>2012-09-27T10:07:22+02:00</sln:powIIPWersja><sln:powIdTeryt>3210</sln:powIdTeryt><sln:powNazwa>myśliborski</sln:powNazwa><sln:waznyOd>2011-04-10T00:00:00+02:00</sln:waznyOd><sln:wojIIPId>c3f2202a-b491-49c5-a3af-d581108d939a</sln:wojIIPId><sln:wojIIPPn>PL.PZGIK.200</sln:wojIIPPn><sln:wojIIPWersja>2017-10-10T00:00:00+02:00</sln:wojIIPWersja><sln:wojIdTeryt>32</sln:wojIdTeryt><sln:wojNazwa>zachodniopomorskie</sln:wojNazwa></sln:miejscowosc><sln:miejscowosc><sln:cyklZyciaOd>2017-04-03T00:00:00+02:00</sln:cyklZyciaOd><sln:gmIIPId>de792369-1c9e-47f8-b9a7-ef5da9695483</sln:gmIIPId><sln:gmIIPPn>PL.PZGIK.200</sln:gmIIPPn><sln:gmIIPWersja>2012-09-26T22:34:23+02:00</sln:gmIIPWersja><sln:gmIdTeryt>3210052</sln:gmIdTeryt><sln:gmNazwa>Nowogródek Pomorski</sln:gmNazwa><sln:miejscIIPId>ded7ded4-03d4-4d5b-88c9-e5c2319edc75</sln:miejscIIPId><sln:miejscIIPPn>PL.PZGIK.200</sln:miejscIIPPn><sln:miejscIIPWersja>2017-04-03T14:51:43+02:00</sln:miejscIIPWersja><sln:miejscIdTeryt>0185100</sln:miejscIdTeryt><sln:miejscNazwa>Kinice</sln:miejscNazwa><sln:miejscRodzaj>Wieś</sln:miejscRodzaj><sln:powIIPId>bf9906d2-91eb-4911-8ce0-8c8f3ea1986b</sln:powIIPId><sln:powIIPPn>PL.PZGIK.200</sln:powIIPPn><sln:powIIPWersja>2012-09-27T10:07:22+02:00</sln:powIIPWersja><sln:powIdTeryt>3210</sln:powIdTeryt><sln:powNazwa>myśliborski</sln:powNazwa><sln:waznyOd>2011-04-10T00:00:00+02:00</sln:waznyOd><sln:wojIIPId>c3f2202a-b491-49c5-a3af-d581108d939a</sln:wojIIPId><sln:wojIIPPn>PL.PZGIK.200</sln:wojIIPPn><sln:wojIIPWersja>2017-10-10T00:00:00+02:00</sln:wojIIPWersja><sln:wojIdTeryt>32</sln:wojIdTeryt><sln:wojNazwa>zachodniopomorskie</sln:wojNazwa></sln:miejscowosc><sln:miejscowosc><sln:cyklZyciaOd>2017-04-03T00:00:00+02:00</sln:cyklZyciaOd><sln:gmIIPId>de792369-1c9e-47f8-b9a7-ef5da9695483</sln:gmIIPId><sln:gmIIPPn>PL.PZGIK.200</sln:gmIIPPn><sln:gmIIPWersja>2012-09-26T22:34:23+02:00</sln:gmIIPWersja><sln:gmIdTeryt>3210052</sln:gmIdTeryt><sln:gmNazwa>Nowogródek Pomorski</sln:gmNazwa><sln:miejscIIPId>bae85d3a-2d0e-46cc-980f-079dccd9a37a</sln:miejscIIPId><sln:miejscIIPPn>PL.PZGIK.200</sln:miejscIIPPn><sln:miejscIIPWersja>2017-04-03T14:51:43+02:00</sln:miejscIIPWersja><sln:miejscIdTeryt>0185117</sln:miejscIdTeryt><sln:miejscNazwa>Ulejno</sln:miejscNazwa><sln:miejscRodzaj>Kolonia</sln:miejscRodzaj><sln:powIIPId>bf9906d2-91eb-4911-8ce0-8c8f3ea1986b</sln:powIIPId><sln:powIIPPn>PL.PZGIK.200</sln:powIIPPn><sln:powIIPWersja>2012-09-27T10:07:22+02:00</sln:powIIPWersja><sln:powIdTeryt>3210</sln:powIdTeryt><sln:powNazwa>myśliborski</sln:powNazwa><sln:waznyOd>2011-04-10T00:00:00+02:00</sln:waznyOd><sln:wojIIPId>c3f2202a-b491-49c5-a3af-d581108d939a</sln:wojIIPId><sln:wojIIPPn>PL.PZGIK.200</sln:wojIIPPn><sln:wojIIPWersja>2017-10-10T00:00:00+02:00</sln:wojIIPWersja><sln:wojIdTeryt>32</sln:wojIdTeryt><sln:wojNazwa>zachodniopomorskie</sln:wojNazwa></sln:miejscowosc><sln:miejscowosc><sln:cyklZyciaOd>2017-04-03T00:00:00+02:00</sln:cyklZyciaOd><sln:gmIIPId>de792369-1c9e-47f8-b9a7-ef5da9695483</sln:gmIIPId><sln:gmIIPPn>PL.PZGIK.200</sln:gmIIPPn><sln:gmIIPWersja>2012-09-26T22:34:23+02:00</sln:gmIIPWersja><sln:gmIdTeryt>3210052</sln:gmIdTeryt><sln:gmNazwa>Nowogródek Pomorski</sln:gmNazwa><sln:miejscIIPId>1ac61c03-d238-4177-86cf-63addd26dd50</sln:miejscIIPId><sln:miejscIIPPn>PL.PZGIK.200</sln:miejscIIPPn><sln:miejscIIPWersja>2017-04-03T14:51:43+02:00</sln:miejscIIPWersja><sln:miejscIdTeryt>0185123</sln:miejscIdTeryt><sln:miejscNazwa>Nowogródek Pomorski</sln:miejscNazwa><sln:miejscRodzaj>Wieś</sln:miejscRodzaj><sln:powIIPId>bf9906d2-91eb-4911-8ce0-8c8f3ea1986b</sln:powIIPId><sln:powIIPPn>PL.PZGIK.200</sln:powIIPPn><sln:powIIPWersja>2012-09-27T10:07:22+02:00</sln:powIIPWersja><sln:powIdTeryt>3210</sln:powIdTeryt><sln:powNazwa>myśliborski</sln:powNazwa><sln:waznyOd>2011-04-10T00:00:00+02:00</sln:waznyOd><sln:wojIIPId>c3f2202a-b491-49c5-a3af-d581108d939a</sln:wojIIPId><sln:wojIIPPn>PL.PZGIK.200</sln:wojIIPPn><sln:wojIIPWersja>2017-10-10T00:00:00+02:00</sln:wojIIPWersja><sln:wojIdTeryt>32</sln:wojIdTeryt><sln:wojNazwa>zachodniopomorskie</sln:wojNazwa></sln:miejscowosc><sln:miejscowosc><sln:cyklZyciaOd>2017-04-03T00:00:00+02:00</sln:cyklZyciaOd><sln:gmIIPId>de792369-1c9e-47f8-b9a7-ef5da9695483</sln:gmIIPId><sln:gmIIPPn>PL.PZGIK.200</sln:gmIIPPn><sln:gmIIPWersja>2012-09-26T22:34:23+02:00</sln:gmIIPWersja><sln:gmIdTeryt>3210052</sln:gmIdTeryt><sln:gmNazwa>Nowogródek Pomorski</sln:gmNazwa><sln:miejscIIPId>59a06641-7e1f-47cd-bf9f-c86539b9e6b5</sln:miejscIIPId><sln:miejscIIPPn>PL.PZGIK.200</sln:miejscIIPPn><sln:miejscIIPWersja>2017-04-03T14:51:43+02:00</sln:miejscIIPWersja><sln:miejscIdTeryt>0185130</sln:miejscIdTeryt><sln:miejscNazwa>Pachocino</sln:miejscNazwa><sln:miejscRodzaj>Osada</sln:miejscRodzaj><sln:powIIPId>bf9906d2-91eb-4911-8ce0-8c8f3ea1986b</sln:powIIPId><sln:powIIPPn>PL.PZGIK.200</sln:powIIPPn><sln:powIIPWersja>2012-09-27T10:07:22+02:00</sln:powIIPWersja><sln:powIdTeryt>3210</sln:powIdTeryt><sln:powNazwa>myśliborski</sln:powNazwa><sln:waznyOd>2011-04-10T00:00:00+02:00</sln:waznyOd><sln:wojIIPId>c3f2202a-b491-49c5-a3af-d581108d939a</sln:wojIIPId><sln:wojIIPPn>PL.PZGIK.200</sln:wojIIPPn><sln:wojIIPWersja>2017-10-10T00:00:00+02:00</sln:wojIIPWersja><sln:wojIdTeryt>32</sln:wojIdTeryt><sln:wojNazwa>zachodniopomorskie</sln:wojNazwa></sln:miejscowosc><sln:miejscowosc><sln:cyklZyciaOd>2017-04-03T00:00:00+02:00</sln:cyklZyciaOd><sln:gmIIPId>de792369-1c9e-47f8-b9a7-ef5da9695483</sln:gmIIPId><sln:gmIIPPn>PL.PZGIK.200</sln:gmIIPPn><sln:gmIIPWersja>2012-09-26T22:34:23+02:00</sln:gmIIPWersja><sln:gmIdTeryt>3210052</sln:gmIdTeryt><sln:gmNazwa>Nowogródek Pomorski</sln:gmNazwa><sln:miejscIIPId>2b74f6a4-e677-42f7-9d1e-fd2e1ab16278</sln:miejscIIPId><sln:miejscIIPPn>PL.PZGIK.200</sln:miejscIIPPn><sln:miejscIIPWersja>2017-04-03T14:51:43+02:00</sln:miejscIIPWersja><sln:miejscIdTeryt>0185146</sln:miejscIdTeryt><sln:miejscNazwa>Parzeńsko</sln:miejscNazwa><sln:miejscRodzaj>Wieś</sln:miejscRodzaj><sln:powIIPId>bf9906d2-91eb-4911-8ce0-8c8f3ea1986b</sln:powIIPId><sln:powIIPPn>PL.PZGIK.200</sln:powIIPPn><sln:powIIPWersja>2012-09-27T10:07:22+02:00</sln:powIIPWersja><sln:powIdTeryt>3210</sln:powIdTeryt><sln:powNazwa>myśliborski</sln:powNazwa><sln:waznyOd>2011-04-10T00:00:00+02:00</sln:waznyOd><sln:wojIIPId>c3f2202a-b491-49c5-a3af-d581108d939a</sln:wojIIPId><sln:wojIIPPn>PL.PZGIK.200</sln:wojIIPPn><sln:wojIIPWersja>2017-10-10T00:00:00+02:00</sln:wojIIPWersja><sln:wojIdTeryt>32</sln:wojIdTeryt><sln:wojNazwa>zachodniopomorskie</sln:wojNazwa></sln:miejscowosc><sln:miejscowosc><sln:cyklZyciaOd>2017-04-03T00:00:00+02:00</sln:cyklZyciaOd><sln:gmIIPId>de792369-1c9e-47f8-b9a7-ef5da9695483</sln:gmIIPId><sln:gmIIPPn>PL.PZGIK.200</sln:gmIIPPn><sln:gmIIPWersja>2012-09-26T22:34:23+02:00</sln:gmIIPWersja><sln:gmIdTeryt>3210052</sln:gmIdTeryt><sln:gmNazwa>Nowogródek Pomorski</sln:gmNazwa><sln:miejscIIPId>adb3a17f-f848-4805-bd59-09d03aa31868</sln:miejscIIPId><sln:miejscIIPPn>PL.PZGIK.200</sln:miejscIIPPn><sln:miejscIIPWersja>2017-04-03T14:51:43+02:00</sln:miejscIIPWersja><sln:miejscIdTeryt>0185152</sln:miejscIdTeryt><sln:miejscNazwa>Golin</sln:miejscNazwa><sln:miejscRodzaj>Osada</sln:miejscRodzaj><sln:powIIPId>bf9906d2-91eb-4911-8ce0-8c8f3ea1986b</sln:powIIPId><sln:powIIPPn>PL.PZGIK.200</sln:powIIPPn><sln:powIIPWersja>2012-09-27T10:07:22+02:00</sln:powIIPWersja><sln:powIdTeryt>3210</sln:powIdTeryt><sln:powNazwa>myśliborski</sln:powNazwa><sln:waznyOd>2011-04-10T00:00:00+02:00</sln:waznyOd><sln:wojIIPId>c3f2202a-b491-49c5-a3af-d581108d939a</sln:wojIIPId><sln:wojIIPPn>PL.PZGIK.200</sln:wojIIPPn><sln:wojIIPWersja>2017-10-10T00:00:00+02:00</sln:wojIIPWersja><sln:wojIdTeryt>32</sln:wojIdTeryt><sln:wojNazwa>zachodniopomorskie</sln:wojNazwa></sln:miejscowosc><sln:miejscowosc><sln:cyklZyciaOd>2017-04-03T00:00:00+02:00</sln:cyklZyciaOd><sln:gmIIPId>de792369-1c9e-47f8-b9a7-ef5da9695483</sln:gmIIPId><sln:gmIIPPn>PL.PZGIK.200</sln:gmIIPPn><sln:gmIIPWersja>2012-09-26T22:34:23+02:00</sln:gmIIPWersja><sln:gmIdTeryt>3210052</sln:gmIdTeryt><sln:gmNazwa>Nowogródek Pomorski</sln:gmNazwa><sln:miejscIIPId>2bc5b2d3-f874-4a96-bd67-60c36d130642</sln:miejscIIPId><sln:miejscIIPPn>PL.PZGIK.200</sln:miejscIIPPn><sln:miejscIIPWersja>2017-04-03T14:51:43+02:00</sln:miejscIIPWersja><sln:miejscIdTeryt>0185169</sln:miejscIdTeryt><sln:miejscNazwa>Ławin</sln:miejscNazwa><sln:miejscRodzaj>Osada leśna</sln:miejscRodzaj><sln:powIIPId>bf9906d2-91eb-4911-8ce0-8c8f3ea1986b</sln:powIIPId><sln:powIIPPn>PL.PZGIK.200</sln:powIIPPn><sln:powIIPWersja>2012-09-27T10:07:22+02:00</sln:powIIPWersja><sln:powIdTeryt>3210</sln:powIdTeryt><sln:powNazwa>myśliborski</sln:powNazwa><sln:waznyOd>2011-04-10T00:00:00+02:00</sln:waznyOd><sln:wojIIPId>c3f2202a-b491-49c5-a3af-d581108d939a</sln:wojIIPId><sln:wojIIPPn>PL.PZGIK.200</sln:wojIIPPn><sln:wojIIPWersja>2017-10-10T00:00:00+02:00</sln:wojIIPWersja><sln:wojIdTeryt>32</sln:wojIdTeryt><sln:wojNazwa>zachodniopomorskie</sln:wojNazwa></sln:miejscowosc><sln:miejscowosc><sln:cyklZyciaOd>2017-04-03T00:00:00+02:00</sln:cyklZyciaOd><sln:gmIIPId>de792369-1c9e-47f8-b9a7-ef5da9695483</sln:gmIIPId><sln:gmIIPPn>PL.PZGIK.200</sln:gmIIPPn><sln:gmIIPWersja>2012-09-26T22:34:23+02:00</sln:gmIIPWersja><sln:gmIdTeryt>3210052</sln:gmIdTeryt><sln:gmNazwa>Nowogródek Pomorski</sln:gmNazwa><sln:miejscIIPId>c9e095fc-20fa-4ad2-a14a-b34530fa30fd</sln:miejscIIPId><sln:miejscIIPPn>PL.PZGIK.200</sln:miejscIIPPn><sln:miejscIIPWersja>2017-04-03T14:51:43+02:00</sln:miejscIIPWersja><sln:miejscIdTeryt>0185175</sln:miejscIdTeryt><sln:miejscNazwa>Stawno</sln:miejscNazwa><sln:miejscRodzaj>Kolonia</sln:miejscRodzaj><sln:powIIPId>bf9906d2-91eb-4911-8ce0-8c8f3ea1986b</sln:powIIPId><sln:powIIPPn>PL.PZGIK.200</sln:powIIPPn><sln:powIIPWersja>2012-09-27T10:07:22+02:00</sln:powIIPWersja><sln:powIdTeryt>3210</sln:powIdTeryt><sln:powNazwa>myśliborski</sln:powNazwa><sln:waznyOd>2011-04-10T00:00:00+02:00</sln:waznyOd><sln:wojIIPId>c3f2202a-b491-49c5-a3af-d581108d939a</sln:wojIIPId><sln:wojIIPPn>PL.PZGIK.200</sln:wojIIPPn><sln:wojIIPWersja>2017-10-10T00:00:00+02:00</sln:wojIIPWersja><sln:wojIdTeryt>32</sln:wojIdTeryt><sln:wojNazwa>zachodniopomorskie</sln:wojNazwa></sln:miejscowosc><sln:miejscowosc><sln:cyklZyciaOd>2017-04-03T00:00:00+02:00</sln:cyklZyciaOd><sln:gmIIPId>de792369-1c9e-47f8-b9a7-ef5da9695483</sln:gmIIPId><sln:gmIIPPn>PL.PZGIK.200</sln:gmIIPPn><sln:gmIIPWersja>2012-09-26T22:34:23+02:00</sln:gmIIPWersja><sln:gmIdTeryt>3210052</sln:gmIdTeryt><sln:gmNazwa>Nowogródek Pomorski</sln:gmNazwa><sln:miejscIIPId>c5ce2678-d700-4378-81ad-38233373df06</sln:miejscIIPId><sln:miejscIIPPn>PL.PZGIK.200</sln:miejscIIPPn><sln:miejscIIPWersja>2017-04-03T14:51:43+02:00</sln:miejscIIPWersja><sln:miejscIdTeryt>0185181</sln:miejscIdTeryt><sln:miejscNazwa>Sołacz</sln:miejscNazwa><sln:miejscRodzaj>Kolonia</sln:miejscRodzaj><sln:powIIPId>bf9906d2-91eb-4911-8ce0-8c8f3ea1986b</sln:powIIPId><sln:powIIPPn>PL.PZGIK.200</sln:powIIPPn><sln:powIIPWersja>2012-09-27T10:07:22+02:00</sln:powIIPWersja><sln:powIdTeryt>3210</sln:powIdTeryt><sln:powNazwa>myśliborski</sln:powNazwa><sln:waznyOd>2011-04-10T00:00:00+02:00</sln:waznyOd><sln:wojIIPId>c3f2202a-b491-49c5-a3af-d581108d939a</sln:wojIIPId><sln:wojIIPPn>PL.PZGIK.200</sln:wojIIPPn><sln:wojIIPWersja>2017-10-10T00:00:00+02:00</sln:wojIIPWersja><sln:wojIdTeryt>32</sln:wojIdTeryt><sln:wojNazwa>zachodniopomorskie</sln:wojNazwa></sln:miejscowosc><sln:miejscowosc><sln:cyklZyciaOd>2017-04-03T00:00:00+02:00</sln:cyklZyciaOd><sln:gmIIPId>de792369-1c9e-47f8-b9a7-ef5da9695483</sln:gmIIPId><sln:gmIIPPn>PL.PZGIK.200</sln:gmIIPPn><sln:gmIIPWersja>2012-09-26T22:34:23+02:00</sln:gmIIPWersja><sln:gmIdTeryt>3210052</sln:gmIdTeryt><sln:gmNazwa>Nowogródek Pomorski</sln:gmNazwa><sln:miejscIIPId>31bc0cc1-03ce-4d45-b8d0-42b03c76317b</sln:miejscIIPId><sln:miejscIIPPn>PL.PZGIK.200</sln:miejscIIPPn><sln:miejscIIPWersja>2017-04-03T14:51:43+02:00</sln:miejscIIPWersja><sln:miejscIdTeryt>0185206</sln:miejscIdTeryt><sln:miejscNazwa>Rokitno</sln:miejscNazwa><sln:miejscRodzaj>Wieś</sln:miejscRodzaj><sln:powIIPId>bf9906d2-91eb-4911-8ce0-8c8f3ea1986b</sln:powIIPId><sln:powIIPPn>PL.PZGIK.200</sln:powIIPPn><sln:powIIPWersja>2012-09-27T10:07:22+02:00</sln:powIIPWersja><sln:powIdTeryt>3210</sln:powIdTeryt><sln:powNazwa>myśliborski</sln:powNazwa><sln:waznyOd>2011-04-10T00:00:00+02:00</sln:waznyOd><sln:wojIIPId>c3f2202a-b491-49c5-a3af-d581108d939a</sln:wojIIPId><sln:wojIIPPn>PL.PZGIK.200</sln:wojIIPPn><sln:wojIIPWersja>2017-10-10T00:00:00+02:00</sln:wojIIPWersja><sln:wojIdTeryt>32</sln:wojIdTeryt><sln:wojNazwa>zachodniopomorskie</sln:wojNazwa></sln:miejscowosc><sln:miejscowosc><sln:cyklZyciaOd>2017-04-03T00:00:00+02:00</sln:cyklZyciaOd><sln:gmIIPId>de792369-1c9e-47f8-b9a7-ef5da9695483</sln:gmIIPId><sln:gmIIPPn>PL.PZGIK.200</sln:gmIIPPn><sln:gmIIPWersja>2012-09-26T22:34:23+02:00</sln:gmIIPWersja><sln:gmIdTeryt>3210052</sln:gmIdTeryt><sln:gmNazwa>Nowogródek Pomorski</sln:gmNazwa><sln:miejscIIPId>b37068cf-9b4f-4f5e-8843-f85fa69d6d99</sln:miejscIIPId><sln:miejscIIPPn>PL.PZGIK.200</sln:miejscIIPPn><sln:miejscIIPWersja>2017-04-03T14:51:43+02:00</sln:miejscIIPWersja><sln:miejscIdTeryt>0185212</sln:miejscIdTeryt><sln:miejscNazwa>Sumiak</sln:miejscNazwa><sln:miejscRodzaj>Wieś</sln:miejscRodzaj><sln:powIIPId>bf9906d2-91eb-4911-8ce0-8c8f3ea1986b</sln:powIIPId><sln:powIIPPn>PL.PZGIK.200</sln:powIIPPn><sln:powIIPWersja>2012-09-27T10:07:22+02:00</sln:powIIPWersja><sln:powIdTeryt>3210</sln:powIdTeryt><sln:powNazwa>myśliborski</sln:powNazwa><sln:waznyOd>2011-04-10T00:00:00+02:00</sln:waznyOd><sln:wojIIPId>c3f2202a-b491-49c5-a3af-d581108d939a</sln:wojIIPId><sln:wojIIPPn>PL.PZGIK.200</sln:wojIIPPn><sln:wojIIPWersja>2017-10-10T00:00:00+02:00</sln:wojIIPWersja><sln:wojIdTeryt>32</sln:wojIdTeryt><sln:wojNazwa>zachodniopomorskie</sln:wojNazwa></sln:miejscowosc><sln:miejscowosc><sln:cyklZyciaOd>2017-04-03T00:00:00+02:00</sln:cyklZyciaOd><sln:gmIIPId>de792369-1c9e-47f8-b9a7-ef5da9695483</sln:gmIIPId><sln:gmIIPPn>PL.PZGIK.200</sln:gmIIPPn><sln:gmIIPWersja>2012-09-26T22:34:23+02:00</sln:gmIIPWersja><sln:gmIdTeryt>3210052</sln:gmIdTeryt><sln:gmNazwa>Nowogródek Pomorski</sln:gmNazwa><sln:miejscIIPId>e68f4cbc-24e3-4a88-ad56-1e01b7a41808</sln:miejscIIPId><sln:miejscIIPPn>PL.PZGIK.200</sln:miejscIIPPn><sln:miejscIIPWersja>2017-04-03T14:51:43+02:00</sln:miejscIIPWersja><sln:miejscIdTeryt>0185229</sln:miejscIdTeryt><sln:miejscNazwa>Karlin</sln:miejscNazwa><sln:miejscRodzaj>Kolonia</sln:miejscRodzaj><sln:powIIPId>bf9906d2-91eb-4911-8ce0-8c8f3ea1986b</sln:powIIPId><sln:powIIPPn>PL.PZGIK.200</sln:powIIPPn><sln:powIIPWersja>2012-09-27T10:07:22+02:00</sln:powIIPWersja><sln:powIdTeryt>3210</sln:powIdTeryt><sln:powNazwa>myśliborski</sln:powNazwa><sln:waznyOd>2011-04-10T00:00:00+02:00</sln:waznyOd><sln:wojIIPId>c3f2202a-b491-49c5-a3af-d581108d939a</sln:wojIIPId><sln:wojIIPPn>PL.PZGIK.200</sln:wojIIPPn><sln:wojIIPWersja>2017-10-10T00:00:00+02:00</sln:wojIIPWersja><sln:wojIdTeryt>32</sln:wojIdTeryt><sln:wojNazwa>zachodniopomorskie</sln:wojNazwa></sln:miejscowosc><sln:miejscowosc><sln:cyklZyciaOd>2017-04-03T00:00:00+02:00</sln:cyklZyciaOd><sln:gmIIPId>de792369-1c9e-47f8-b9a7-ef5da9695483</sln:gmIIPId><sln:gmIIPPn>PL.PZGIK.200</sln:gmIIPPn><sln:gmIIPWersja>2012-09-26T22:34:23+02:00</sln:gmIIPWersja><sln:gmIdTeryt>3210052</sln:gmIdTeryt><sln:gmNazwa>Nowogródek Pomorski</sln:gmNazwa><sln:miejscIIPId>3d2a52e4-a600-44aa-a973-882754caa440</sln:miejscIIPId><sln:miejscIIPPn>PL.PZGIK.200</sln:miejscIIPPn><sln:miejscIIPWersja>2017-04-03T14:51:43+02:00</sln:miejscIIPWersja><sln:miejscIdTeryt>0185235</sln:miejscIdTeryt><sln:miejscNazwa>Świątki</sln:miejscNazwa><sln:miejscRodzaj>Wieś</sln:miejscRodzaj><sln:powIIPId>bf9906d2-91eb-4911-8ce0-8c8f3ea1986b</sln:powIIPId><sln:powIIPPn>PL.PZGIK.200</sln:powIIPPn><sln:powIIPWersja>2012-09-27T10:07:22+02:00</sln:powIIPWersja><sln:powIdTeryt>3210</sln:powIdTeryt><sln:powNazwa>myśliborski</sln:powNazwa><sln:waznyOd>2011-04-10T00:00:00+02:00</sln:waznyOd><sln:wojIIPId>c3f2202a-b491-49c5-a3af-d581108d939a</sln:wojIIPId><sln:wojIIPPn>PL.PZGIK.200</sln:wojIIPPn><sln:wojIIPWersja>2017-10-10T00:00:00+02:00</sln:wojIIPWersja><sln:wojIdTeryt>32</sln:wojIdTeryt><sln:wojNazwa>zachodniopomorskie</sln:wojNazwa></sln:miejscowosc><sln:miejscowosc><sln:cyklZyciaOd>2017-04-03T00:00:00+02:00</sln:cyklZyciaOd><sln:gmIIPId>de792369-1c9e-47f8-b9a7-ef5da9695483</sln:gmIIPId><sln:gmIIPPn>PL.PZGIK.200</sln:gmIIPPn><sln:gmIIPWersja>2012-09-26T22:34:23+02:00</sln:gmIIPWersja><sln:gmIdTeryt>3210052</sln:gmIdTeryt><sln:gmNazwa>Nowogródek Pomorski</sln:gmNazwa><sln:miejscIIPId>438dae11-f58c-4692-9392-9550be00790d</sln:miejscIIPId><sln:miejscIIPPn>PL.PZGIK.200</sln:miejscIIPPn><sln:miejscIIPWersja>2017-04-03T14:51:43+02:00</sln:miejscIIPWersja><sln:miejscIdTeryt>0185241</sln:miejscIdTeryt><sln:miejscNazwa>Trzcinna</sln:miejscNazwa><sln:miejscRodzaj>Wieś</sln:miejscRodzaj><sln:powIIPId>bf9906d2-91eb-4911-8ce0-8c8f3ea1986b</sln:powIIPId><sln:powIIPPn>PL.PZGIK.200</sln:powIIPPn><sln:powIIPWersja>2012-09-27T10:07:22+02:00</sln:powIIPWersja><sln:powIdTeryt>3210</sln:powIdTeryt><sln:powNazwa>myśliborski</sln:powNazwa><sln:waznyOd>2011-04-10T00:00:00+02:00</sln:waznyOd><sln:wojIIPId>c3f2202a-b491-49c5-a3af-d581108d939a</sln:wojIIPId><sln:wojIIPPn>PL.PZGIK.200</sln:wojIIPPn><sln:wojIIPWersja>2017-10-10T00:00:00+02:00</sln:wojIIPWersja><sln:wojIdTeryt>32</sln:wojIdTeryt><sln:wojNazwa>zachodniopomorskie</sln:wojNazwa></sln:miejscowosc><sln:miejscowosc><sln:cyklZyciaOd>2017-04-03T00:00:00+02:00</sln:cyklZyciaOd><sln:gmIIPId>de792369-1c9e-47f8-b9a7-ef5da9695483</sln:gmIIPId><sln:gmIIPPn>PL.PZGIK.200</sln:gmIIPPn><sln:gmIIPWersja>2012-09-26T22:34:23+02:00</sln:gmIIPWersja><sln:gmIdTeryt>3210052</sln:gmIdTeryt><sln:gmNazwa>Nowogródek Pomorski</sln:gmNazwa><sln:miejscIIPId>3f7ce8c1-7df3-430f-9af4-f87b84f83b06</sln:miejscIIPId><sln:miejscIIPPn>PL.PZGIK.200</sln:miejscIIPPn><sln:miejscIIPWersja>2017-04-03T14:51:44+02:00</sln:miejscIIPWersja><sln:miejscIdTeryt>0185258</sln:miejscIdTeryt><sln:miejscNazwa>Chocień</sln:miejscNazwa><sln:miejscRodzaj>Kolonia</sln:miejscRodzaj><sln:powIIPId>bf9906d2-91eb-4911-8ce0-8c8f3ea1986b</sln:powIIPId><sln:powIIPPn>PL.PZGIK.200</sln:powIIPPn><sln:powIIPWersja>2012-09-27T10:07:22+02:00</sln:powIIPWersja><sln:powIdTeryt>3210</sln:powIdTeryt><sln:powNazwa>myśliborski</sln:powNazwa><sln:waznyOd>2011-04-10T00:00:00+02:00</sln:waznyOd><sln:wojIIPId>c3f2202a-b491-49c5-a3af-d581108d939a</sln:wojIIPId><sln:wojIIPPn>PL.PZGIK.200</sln:wojIIPPn><sln:wojIIPWersja>2017-10-10T00:00:00+02:00</sln:wojIIPWersja><sln:wojIdTeryt>32</sln:wojIdTeryt><sln:wojNazwa>zachodniopomorskie</sln:wojNazwa></sln:miejscowosc><sln:miejscowosc><sln:cyklZyciaOd>2017-04-03T00:00:00+02:00</sln:cyklZyciaOd><sln:gmIIPId>de792369-1c9e-47f8-b9a7-ef5da9695483</sln:gmIIPId><sln:gmIIPPn>PL.PZGIK.200</sln:gmIIPPn><sln:gmIIPWersja>2012-09-26T22:34:23+02:00</sln:gmIIPWersja><sln:gmIdTeryt>3210052</sln:gmIdTeryt><sln:gmNazwa>Nowogródek Pomorski</sln:gmNazwa><sln:miejscIIPId>632079a5-b03a-4e13-9634-7e5244a89b54</sln:miejscIIPId><sln:miejscIIPPn>PL.PZGIK.200</sln:miejscIIPPn><sln:miejscIIPWersja>2017-04-03T14:51:44+02:00</sln:miejscIIPWersja><sln:miejscIdTeryt>0185264</sln:miejscIdTeryt><sln:miejscNazwa>Rataje</sln:miejscNazwa><sln:miejscRodzaj>Kolonia</sln:miejscRodzaj><sln:powIIPId>bf9906d2-91eb-4911-8ce0-8c8f3ea1986b</sln:powIIPId><sln:powIIPPn>PL.PZGIK.200</sln:powIIPPn><sln:powIIPWersja>2012-09-27T10:07:22+02:00</sln:powIIPWersja><sln:powIdTeryt>3210</sln:powIdTeryt><sln:powNazwa>myśliborski</sln:powNazwa><sln:waznyOd>2011-04-10T00:00:00+02:00</sln:waznyOd><sln:wojIIPId>c3f2202a-b491-49c5-a3af-d581108d939a</sln:wojIIPId><sln:wojIIPPn>PL.PZGIK.200</sln:wojIIPPn><sln:wojIIPWersja>2017-10-10T00:00:00+02:00</sln:wojIIPWersja><sln:wojIdTeryt>32</sln:wojIdTeryt><sln:wojNazwa>zachodniopomorskie</sln:wojNazwa></sln:miejscowosc><sln:miejscowosc><sln:cyklZyciaOd>2017-04-03T00:00:00+02:00</sln:cyklZyciaOd><sln:gmIIPId>de792369-1c9e-47f8-b9a7-ef5da9695483</sln:gmIIPId><sln:gmIIPPn>PL.PZGIK.200</sln:gmIIPPn><sln:gmIIPWersja>2012-09-26T22:34:23+02:00</sln:gmIIPWersja><sln:gmIdTeryt>3210052</sln:gmIdTeryt><sln:gmNazwa>Nowogródek Pomorski</sln:gmNazwa><sln:miejscIIPId>c5d2f8ac-149d-40df-b99c-3a114c6dad74</sln:miejscIIPId><sln:miejscIIPPn>PL.PZGIK.200</sln:miejscIIPPn><sln:miejscIIPWersja>2017-04-03T14:51:44+02:00</sln:miejscIIPWersja><sln:miejscIdTeryt>0185270</sln:miejscIdTeryt><sln:miejscNazwa>Smolary</sln:miejscNazwa><sln:miejscRodzaj>Kolonia</sln:miejscRodzaj><sln:powIIPId>bf9906d2-91eb-4911-8ce0-8c8f3ea1986b</sln:powIIPId><sln:powIIPPn>PL.PZGIK.200</sln:powIIPPn><sln:powIIPWersja>2012-09-27T10:07:22+02:00</sln:powIIPWersja><sln:powIdTeryt>3210</sln:powIdTeryt><sln:powNazwa>myśliborski</sln:powNazwa><sln:waznyOd>2011-04-10T00:00:00+02:00</sln:waznyOd><sln:wojIIPId>c3f2202a-b491-49c5-a3af-d581108d939a</sln:wojIIPId><sln:wojIIPPn>PL.PZGIK.200</sln:wojIIPPn><sln:wojIIPWersja>2017-10-10T00:00:00+02:00</sln:wojIIPWersja><sln:wojIdTeryt>32</sln:wojIdTeryt><sln:wojNazwa>zachodniopomorskie</sln:wojNazwa></sln:miejscowosc><sln:miejscowosc><sln:cyklZyciaOd>2017-04-03T00:00:00+02:00</sln:cyklZyciaOd><sln:gmIIPId>de792369-1c9e-47f8-b9a7-ef5da9695483</sln:gmIIPId><sln:gmIIPPn>PL.PZGIK.200</sln:gmIIPPn><sln:gmIIPWersja>2012-09-26T22:34:23+02:00</sln:gmIIPWersja><sln:gmIdTeryt>3210052</sln:gmIdTeryt><sln:gmNazwa>Nowogródek Pomorski</sln:gmNazwa><sln:miejscIIPId>d202a933-e801-4530-b839-af42d2349f86</sln:miejscIIPId><sln:miejscIIPPn>PL.PZGIK.200</sln:miejscIIPPn><sln:miejscIIPWersja>2017-04-03T14:51:44+02:00</sln:miejscIIPWersja><sln:miejscIdTeryt>0185287</sln:miejscIdTeryt><sln:miejscNazwa>Smólsko</sln:miejscNazwa><sln:miejscRodzaj>Kolonia</sln:miejscRodzaj><sln:powIIPId>bf9906d2-91eb-4911-8ce0-8c8f3ea1986b</sln:powIIPId><sln:powIIPPn>PL.PZGIK.200</sln:powIIPPn><sln:powIIPWersja>2012-09-27T10:07:22+02:00</sln:powIIPWersja><sln:powIdTeryt>3210</sln:powIdTeryt><sln:powNazwa>myśliborski</sln:powNazwa><sln:waznyOd>2011-04-10T00:00:00+02:00</sln:waznyOd><sln:wojIIPId>c3f2202a-b491-49c5-a3af-d581108d939a</sln:wojIIPId><sln:wojIIPPn>PL.PZGIK.200</sln:wojIIPPn><sln:wojIIPWersja>2017-10-10T00:00:00+02:00</sln:wojIIPWersja><sln:wojIdTeryt>32</sln:wojIdTeryt><sln:wojNazwa>zachodniopomorskie</sln:wojNazwa></sln:miejscowosc><sln:miejscowosc><sln:cyklZyciaOd>2017-04-03T00:00:00+02:00</sln:cyklZyciaOd><sln:gmIIPId>de792369-1c9e-47f8-b9a7-ef5da9695483</sln:gmIIPId><sln:gmIIPPn>PL.PZGIK.200</sln:gmIIPPn><sln:gmIIPWersja>2012-09-26T22:34:23+02:00</sln:gmIIPWersja><sln:gmIdTeryt>3210052</sln:gmIdTeryt><sln:gmNazwa>Nowogródek Pomorski</sln:gmNazwa><sln:miejscIIPId>bbca9564-c22f-4cc2-9156-6d8e1fb96929</sln:miejscIIPId><sln:miejscIIPPn>PL.PZGIK.200</sln:miejscIIPPn><sln:miejscIIPWersja>2017-04-03T14:51:44+02:00</sln:miejscIIPWersja><sln:miejscIdTeryt>0185293</sln:miejscIdTeryt><sln:miejscNazwa>Somin</sln:miejscNazwa><sln:miejscRodzaj>Kolonia</sln:miejscRodzaj><sln:powIIPId>bf9906d2-91eb-4911-8ce0-8c8f3ea1986b</sln:powIIPId><sln:powIIPPn>PL.PZGIK.200</sln:powIIPPn><sln:powIIPWersja>2012-09-27T10:07:22+02:00</sln:powIIPWersja><sln:powIdTeryt>3210</sln:powIdTeryt><sln:powNazwa>myśliborski</sln:powNazwa><sln:waznyOd>2011-04-10T00:00:00+02:00</sln:waznyOd><sln:wojIIPId>c3f2202a-b491-49c5-a3af-d581108d939a</sln:wojIIPId><sln:wojIIPPn>PL.PZGIK.200</sln:wojIIPPn><sln:wojIIPWersja>2017-10-10T00:00:00+02:00</sln:wojIIPWersja><sln:wojIdTeryt>32</sln:wojIdTeryt><sln:wojNazwa>zachodniopomorskie</sln:wojNazwa></sln:miejscowosc><sln:miejscowosc><sln:cyklZyciaOd>2017-04-03T00:00:00+02:00</sln:cyklZyciaOd><sln:gmIIPId>de792369-1c9e-47f8-b9a7-ef5da9695483</sln:gmIIPId><sln:gmIIPPn>PL.PZGIK.200</sln:gmIIPPn><sln:gmIIPWersja>2012-09-26T22:34:23+02:00</sln:gmIIPWersja><sln:gmIdTeryt>3210052</sln:gmIdTeryt><sln:gmNazwa>Nowogródek Pomorski</sln:gmNazwa><sln:miejscIIPId>323920e3-e011-46d5-9f16-deba9050a7ff</sln:miejscIIPId><sln:miejscIIPPn>PL.PZGIK.200</sln:miejscIIPPn><sln:miejscIIPWersja>2017-04-03T14:51:44+02:00</sln:miejscIIPWersja><sln:miejscIdTeryt>1061660</sln:miejscIdTeryt><sln:miejscNazwa>Kolonia Nowogródek Pomorski</sln:miejscNazwa><sln:miejscRodzaj>Kolonia</sln:miejscRodzaj><sln:powIIPId>bf9906d2-91eb-4911-8ce0-8c8f3ea1986b</sln:powIIPId><sln:powIIPPn>PL.PZGIK.200</sln:powIIPPn><sln:powIIPWersja>2012-09-27T10:07:22+02:00</sln:powIIPWersja><sln:powIdTeryt>3210</sln:powIdTeryt><sln:powNazwa>myśliborski</sln:powNazwa><sln:waznyOd>2012-09-17T00:00:00+02:00</sln:waznyOd><sln:wojIIPId>c3f2202a-b491-49c5-a3af-d581108d939a</sln:wojIIPId><sln:wojIIPPn>PL.PZGIK.200</sln:wojIIPPn><sln:wojIIPWersja>2017-10-10T00:00:00+02:00</sln:wojIIPWersja><sln:wojIdTeryt>32</sln:wojIdTeryt><sln:wojNazwa>zachodniopomorskie</sln:wojNazwa></sln:miejscowosc></sln:lista-miejscowosci>