<?xml version="1.0" encoding="UTF-8" standalone="yes"?><sln:lista-miejscowosci xmlns:srv="http://gugik.gov.pl/schemas/slowniki-service/1.0" xmlns:sln="http://gugik.gov.pl/schemas/slowniki-schema/1.0"><sln:miejscowosc><sln:cyklZyciaDo>2017-04-03T00:00:00+02:00</sln:cyklZyciaDo><sln:cyklZyciaOd>2015-12-01T00:00:00+01:00</sln:cyklZyciaOd><sln:gmIIPId>0dd1cd07-f4c9-4429-93a8-b6cd2c6d749d</sln:gmIIPId><sln:gmIIPPn>PL.PZGIK.200</sln:gmIIPPn><sln:gmIIPWersja>2012-09-26T22:34:31+02:00</sln:gmIIPWersja><sln:gmIdTeryt>3212033</sln:gmIdTeryt><sln:gmNazwa>Lipiany</sln:gmNazwa><sln:miejscIIPId>1f4ea165-885b-4558-8faa-d55cce3a7765</sln:miejscIIPId><sln:miejscIIPPn>PL.PZGIK.200</sln:miejscIIPPn><sln:miejscIIPWersja>2016-11-24T12:43:10+02:00</sln:miejscIIPWersja><sln:miejscIdTeryt>0778099</sln:miejscIdTeryt><sln:miejscNazwa>Batowo</sln:miejscNazwa><sln:miejscRodzaj>Osada</sln:miejscRodzaj><sln:powIIPId>50fe0ae9-37af-4daa-ba99-a6864c4c34dc</sln:powIIPId><sln:powIIPPn>PL.PZGIK.200</sln:powIIPPn><sln:powIIPWersja>2012-09-27T10:07:22+02:00</sln:powIIPWersja><sln:powIdTeryt>3212</sln:powIdTeryt><sln:powNazwa>pyrzycki</sln:powNazwa><sln:waznyOd>2011-04-10T00:00:00+02:00</sln:waznyOd><sln:wojIIPId>c3f2202a-b491-49c5-a3af-d581108d939a</sln:wojIIPId><sln:wojIIPPn>PL.PZGIK.200</sln:wojIIPPn><sln:wojIIPWersja>2017-10-10T00:00:00+02:00</sln:wojIIPWersja><sln:wojIdTeryt>32</sln:wojIdTeryt><sln:wojNazwa>zachodniopomorskie</sln:wojNazwa></sln:miejscowosc><sln:miejscowosc><sln:cyklZyciaDo>2017-04-03T00:00:00+02:00</sln:cyklZyciaDo><sln:cyklZyciaOd>2015-12-01T00:00:00+01:00</sln:cyklZyciaOd><sln:gmIIPId>0dd1cd07-f4c9-4429-93a8-b6cd2c6d749d</sln:gmIIPId><sln:gmIIPPn>PL.PZGIK.200</sln:gmIIPPn><sln:gmIIPWersja>2012-09-26T22:34:31+02:00</sln:gmIIPWersja><sln:gmIdTeryt>3212033</sln:gmIdTeryt><sln:gmNazwa>Lipiany</sln:gmNazwa><sln:miejscIIPId>32618d2d-54f7-468a-bc81-9ca6fb408e38</sln:miejscIIPId><sln:miejscIIPPn>PL.PZGIK.200</sln:miejscIIPPn><sln:miejscIIPWersja>2016-11-24T12:43:10+02:00</sln:miejscIIPWersja><sln:miejscIdTeryt>0778107</sln:miejscIdTeryt><sln:miejscNazwa>Będzin</sln:miejscNazwa><sln:miejscRodzaj>Przysiółek</sln:miejscRodzaj><sln:powIIPId>50fe0ae9-37af-4daa-ba99-a6864c4c34dc</sln:powIIPId><sln:powIIPPn>PL.PZGIK.200</sln:powIIPPn><sln:powIIPWersja>2012-09-27T10:07:22+02:00</sln:powIIPWersja><sln:powIdTeryt>3212</sln:powIdTeryt><sln:powNazwa>pyrzycki</sln:powNazwa><sln:waznyOd>2011-04-10T00:00:00+02:00</sln:waznyOd><sln:wojIIPId>c3f2202a-b491-49c5-a3af-d581108d939a</sln:wojIIPId><sln:wojIIPPn>PL.PZGIK.200</sln:wojIIPPn><sln:wojIIPWersja>2017-10-10T00:00:00+02:00</sln:wojIIPWersja><sln:wojIdTeryt>32</sln:wojIdTeryt><sln:wojNazwa>zachodniopomorskie</sln:wojNazwa></sln:miejscowosc><sln:miejscowosc><sln:cyklZyciaDo>2017-04-03T00:00:00+02:00</sln:cyklZyciaDo><sln:cyklZyciaOd>2015-12-01T00:00:00+01:00</sln:cyklZyciaOd><sln:gmIIPId>0dd1cd07-f4c9-4429-93a8-b6cd2c6d749d</sln:gmIIPId><sln:gmIIPPn>PL.PZGIK.200</sln:gmIIPPn><sln:gmIIPWersja>2012-09-26T22:34:31+02:00</sln:gmIIPWersja><sln:gmIdTeryt>3212033</sln:gmIdTeryt><sln:gmNazwa>Lipiany</sln:gmNazwa><sln:miejscIIPId>195c25b2-4026-4624-98c1-cc9e59e92922</sln:miejscIIPId><sln:miejscIIPPn>PL.PZGIK.200</sln:miejscIIPPn><sln:miejscIIPWersja>2016-11-24T12:43:10+02:00</sln:miejscIIPWersja><sln:miejscIdTeryt>0778188</sln:miejscIdTeryt><sln:miejscNazwa>Brzostowo</sln:miejscNazwa><sln:miejscRodzaj>Przysiółek</sln:miejscRodzaj><sln:powIIPId>50fe0ae9-37af-4daa-ba99-a6864c4c34dc</sln:powIIPId><sln:powIIPPn>PL.PZGIK.200</sln:powIIPPn><sln:powIIPWersja>2012-09-27T10:07:22+02:00</sln:powIIPWersja><sln:powIdTeryt>3212</sln:powIdTeryt><sln:powNazwa>pyrzycki</sln:powNazwa><sln:waznyOd>2011-04-10T00:00:00+02:00</sln:waznyOd><sln:wojIIPId>c3f2202a-b491-49c5-a3af-d581108d939a</sln:wojIIPId><sln:wojIIPPn>PL.PZGIK.200</sln:wojIIPPn><sln:wojIIPWersja>2017-10-10T00:00:00+02:00</sln:wojIIPWersja><sln:wojIdTeryt>32</sln:wojIdTeryt><sln:wojNazwa>zachodniopomorskie</sln:wojNazwa></sln:miejscowosc><sln:miejscowosc><sln:cyklZyciaDo>2017-04-03T00:00:00+02:00</sln:cyklZyciaDo><sln:cyklZyciaOd>2015-12-01T00:00:00+01:00</sln:cyklZyciaOd><sln:gmIIPId>0dd1cd07-f4c9-4429-93a8-b6cd2c6d749d</sln:gmIIPId><sln:gmIIPPn>PL.PZGIK.200</sln:gmIIPPn><sln:gmIIPWersja>2012-09-26T22:34:31+02:00</sln:gmIIPWersja><sln:gmIdTeryt>3212033</sln:gmIdTeryt><sln:gmNazwa>Lipiany</sln:gmNazwa><sln:miejscIIPId>543a9e15-c2e0-4a7d-9b43-7a1fae509628</sln:miejscIIPId><sln:miejscIIPPn>PL.PZGIK.200</sln:miejscIIPPn><sln:miejscIIPWersja>2016-11-24T12:43:10+02:00</sln:miejscIIPWersja><sln:miejscIdTeryt>0778136</sln:miejscIdTeryt><sln:miejscNazwa>Derczewko</sln:miejscNazwa><sln:miejscRodzaj>Wieś</sln:miejscRodzaj><sln:powIIPId>50fe0ae9-37af-4daa-ba99-a6864c4c34dc</sln:powIIPId><sln:powIIPPn>PL.PZGIK.200</sln:powIIPPn><sln:powIIPWersja>2012-09-27T10:07:22+02:00</sln:powIIPWersja><sln:powIdTeryt>3212</sln:powIdTeryt><sln:powNazwa>pyrzycki</sln:powNazwa><sln:waznyOd>2011-04-10T00:00:00+02:00</sln:waznyOd><sln:wojIIPId>c3f2202a-b491-49c5-a3af-d581108d939a</sln:wojIIPId><sln:wojIIPPn>PL.PZGIK.200</sln:wojIIPPn><sln:wojIIPWersja>2017-10-10T00:00:00+02:00</sln:wojIIPWersja><sln:wojIdTeryt>32</sln:wojIdTeryt><sln:wojNazwa>zachodniopomorskie</sln:wojNazwa></sln:miejscowosc><sln:miejscowosc><sln:cyklZyciaDo>2017-04-03T00:00:00+02:00</sln:cyklZyciaDo><sln:cyklZyciaOd>2015-12-01T00:00:00+01:00</sln:cyklZyciaOd><sln:gmIIPId>0dd1cd07-f4c9-4429-93a8-b6cd2c6d749d</sln:gmIIPId><sln:gmIIPPn>PL.PZGIK.200</sln:gmIIPPn><sln:gmIIPWersja>2012-09-26T22:34:31+02:00</sln:gmIIPWersja><sln:gmIdTeryt>3212033</sln:gmIdTeryt><sln:gmNazwa>Lipiany</sln:gmNazwa><sln:miejscIIPId>a3f5f467-0384-4869-8d48-82a024182cbd</sln:miejscIIPId><sln:miejscIIPPn>PL.PZGIK.200</sln:miejscIIPPn><sln:miejscIIPWersja>2016-11-24T12:43:10+02:00</sln:miejscIIPWersja><sln:miejscIdTeryt>0778142</sln:miejscIdTeryt><sln:miejscNazwa>Dębiec</sln:miejscNazwa><sln:miejscRodzaj>Wieś</sln:miejscRodzaj><sln:powIIPId>50fe0ae9-37af-4daa-ba99-a6864c4c34dc</sln:powIIPId><sln:powIIPPn>PL.PZGIK.200</sln:powIIPPn><sln:powIIPWersja>2012-09-27T10:07:22+02:00</sln:powIIPWersja><sln:powIdTeryt>3212</sln:powIdTeryt><sln:powNazwa>pyrzycki</sln:powNazwa><sln:waznyOd>2011-04-10T00:00:00+02:00</sln:waznyOd><sln:wojIIPId>c3f2202a-b491-49c5-a3af-d581108d939a</sln:wojIIPId><sln:wojIIPPn>PL.PZGIK.200</sln:wojIIPPn><sln:wojIIPWersja>2017-10-10T00:00:00+02:00</sln:wojIIPWersja><sln:wojIdTeryt>32</sln:wojIdTeryt><sln:wojNazwa>zachodniopomorskie</sln:wojNazwa></sln:miejscowosc><sln:miejscowosc><sln:cyklZyciaDo>2017-04-03T00:00:00+02:00</sln:cyklZyciaDo><sln:cyklZyciaOd>2015-12-01T00:00:00+01:00</sln:cyklZyciaOd><sln:gmIIPId>0dd1cd07-f4c9-4429-93a8-b6cd2c6d749d</sln:gmIIPId><sln:gmIIPPn>PL.PZGIK.200</sln:gmIIPPn><sln:gmIIPWersja>2012-09-26T22:34:31+02:00</sln:gmIIPWersja><sln:gmIdTeryt>3212033</sln:gmIdTeryt><sln:gmNazwa>Lipiany</sln:gmNazwa><sln:miejscIIPId>24cb117a-463a-4e54-940c-baa78997b5ff</sln:miejscIIPId><sln:miejscIIPPn>PL.PZGIK.200</sln:miejscIIPPn><sln:miejscIIPWersja>2016-11-24T12:43:10+02:00</sln:miejscIIPWersja><sln:miejscIdTeryt>0778219</sln:miejscIdTeryt><sln:miejscNazwa>Głębokie</sln:miejscNazwa><sln:miejscRodzaj>Przysiółek</sln:miejscRodzaj><sln:powIIPId>50fe0ae9-37af-4daa-ba99-a6864c4c34dc</sln:powIIPId><sln:powIIPPn>PL.PZGIK.200</sln:powIIPPn><sln:powIIPWersja>2012-09-27T10:07:22+02:00</sln:powIIPWersja><sln:powIdTeryt>3212</sln:powIdTeryt><sln:powNazwa>pyrzycki</sln:powNazwa><sln:waznyOd>2011-04-10T00:00:00+02:00</sln:waznyOd><sln:wojIIPId>c3f2202a-b491-49c5-a3af-d581108d939a</sln:wojIIPId><sln:wojIIPPn>PL.PZGIK.200</sln:wojIIPPn><sln:wojIIPWersja>2017-10-10T00:00:00+02:00</sln:wojIIPWersja><sln:wojIdTeryt>32</sln:wojIdTeryt><sln:wojNazwa>zachodniopomorskie</sln:wojNazwa></sln:miejscowosc><sln:miejscowosc><sln:cyklZyciaDo>2017-04-03T00:00:00+02:00</sln:cyklZyciaDo><sln:cyklZyciaOd>2015-12-01T00:00:00+01:00</sln:cyklZyciaOd><sln:gmIIPId>0dd1cd07-f4c9-4429-93a8-b6cd2c6d749d</sln:gmIIPId><sln:gmIIPPn>PL.PZGIK.200</sln:gmIIPPn><sln:gmIIPWersja>2012-09-26T22:34:31+02:00</sln:gmIIPWersja><sln:gmIdTeryt>3212033</sln:gmIdTeryt><sln:gmNazwa>Lipiany</sln:gmNazwa><sln:miejscIIPId>13c94282-8f47-43a7-b901-c680a0011e61</sln:miejscIIPId><sln:miejscIIPPn>PL.PZGIK.200</sln:miejscIIPPn><sln:miejscIIPWersja>2016-11-24T12:43:10+02:00</sln:miejscIIPWersja><sln:miejscIdTeryt>0778165</sln:miejscIdTeryt><sln:miejscNazwa>Jedlice</sln:miejscNazwa><sln:miejscRodzaj>Wieś</sln:miejscRodzaj><sln:powIIPId>50fe0ae9-37af-4daa-ba99-a6864c4c34dc</sln:powIIPId><sln:powIIPPn>PL.PZGIK.200</sln:powIIPPn><sln:powIIPWersja>2012-09-27T10:07:22+02:00</sln:powIIPWersja><sln:powIdTeryt>3212</sln:powIdTeryt><sln:powNazwa>pyrzycki</sln:powNazwa><sln:waznyOd>2011-04-10T00:00:00+02:00</sln:waznyOd><sln:wojIIPId>c3f2202a-b491-49c5-a3af-d581108d939a</sln:wojIIPId><sln:wojIIPPn>PL.PZGIK.200</sln:wojIIPPn><sln:wojIIPWersja>2017-10-10T00:00:00+02:00</sln:wojIIPWersja><sln:wojIdTeryt>32</sln:wojIdTeryt><sln:wojNazwa>zachodniopomorskie</sln:wojNazwa></sln:miejscowosc><sln:miejscowosc><sln:cyklZyciaDo>2017-04-03T00:00:00+02:00</sln:cyklZyciaDo><sln:cyklZyciaOd>2015-12-01T00:00:00+01:00</sln:cyklZyciaOd><sln:gmIIPId>0dd1cd07-f4c9-4429-93a8-b6cd2c6d749d</sln:gmIIPId><sln:gmIIPPn>PL.PZGIK.200</sln:gmIIPPn><sln:gmIIPWersja>2012-09-26T22:34:31+02:00</sln:gmIIPWersja><sln:gmIdTeryt>3212033</sln:gmIdTeryt><sln:gmNazwa>Lipiany</sln:gmNazwa><sln:miejscIIPId>3166b04e-6f2f-472f-80bf-18c21e016250</sln:miejscIIPId><sln:miejscIIPPn>PL.PZGIK.200</sln:miejscIIPPn><sln:miejscIIPWersja>2016-11-24T12:43:10+02:00</sln:miejscIIPWersja><sln:miejscIdTeryt>0778225</sln:miejscIdTeryt><sln:miejscNazwa>Józefin</sln:miejscNazwa><sln:miejscRodzaj>Osada leśna</sln:miejscRodzaj><sln:powIIPId>50fe0ae9-37af-4daa-ba99-a6864c4c34dc</sln:powIIPId><sln:powIIPPn>PL.PZGIK.200</sln:powIIPPn><sln:powIIPWersja>2012-09-27T10:07:22+02:00</sln:powIIPWersja><sln:powIdTeryt>3212</sln:powIdTeryt><sln:powNazwa>pyrzycki</sln:powNazwa><sln:waznyOd>2011-04-10T00:00:00+02:00</sln:waznyOd><sln:wojIIPId>c3f2202a-b491-49c5-a3af-d581108d939a</sln:wojIIPId><sln:wojIIPPn>PL.PZGIK.200</sln:wojIIPPn><sln:wojIIPWersja>2017-10-10T00:00:00+02:00</sln:wojIIPWersja><sln:wojIdTeryt>32</sln:wojIdTeryt><sln:wojNazwa>zachodniopomorskie</sln:wojNazwa></sln:miejscowosc><sln:miejscowosc><sln:cyklZyciaDo>2017-04-03T00:00:00+02:00</sln:cyklZyciaDo><sln:cyklZyciaOd>2015-12-01T00:00:00+01:00</sln:cyklZyciaOd><sln:gmIIPId>0dd1cd07-f4c9-4429-93a8-b6cd2c6d749d</sln:gmIIPId><sln:gmIIPPn>PL.PZGIK.200</sln:gmIIPPn><sln:gmIIPWersja>2012-09-26T22:34:31+02:00</sln:gmIIPWersja><sln:gmIdTeryt>3212033</sln:gmIdTeryt><sln:gmNazwa>Lipiany</sln:gmNazwa><sln:miejscIIPId>0ac81204-c2e0-471d-adcb-f704c1364b56</sln:miejscIIPId><sln:miejscIIPPn>PL.PZGIK.200</sln:miejscIIPPn><sln:miejscIIPWersja>2016-11-24T12:43:10+02:00</sln:miejscIIPWersja><sln:miejscIdTeryt>0778194</sln:miejscIdTeryt><sln:miejscNazwa>Krasne</sln:miejscNazwa><sln:miejscRodzaj>Wieś</sln:miejscRodzaj><sln:powIIPId>50fe0ae9-37af-4daa-ba99-a6864c4c34dc</sln:powIIPId><sln:powIIPPn>PL.PZGIK.200</sln:powIIPPn><sln:powIIPWersja>2012-09-27T10:07:22+02:00</sln:powIIPWersja><sln:powIdTeryt>3212</sln:powIdTeryt><sln:powNazwa>pyrzycki</sln:powNazwa><sln:waznyOd>2011-04-10T00:00:00+02:00</sln:waznyOd><sln:wojIIPId>c3f2202a-b491-49c5-a3af-d581108d939a</sln:wojIIPId><sln:wojIIPPn>PL.PZGIK.200</sln:wojIIPPn><sln:wojIIPWersja>2017-10-10T00:00:00+02:00</sln:wojIIPWersja><sln:wojIdTeryt>32</sln:wojIdTeryt><sln:wojNazwa>zachodniopomorskie</sln:wojNazwa></sln:miejscowosc><sln:miejscowosc><sln:cyklZyciaDo>2017-04-03T00:00:00+02:00</sln:cyklZyciaDo><sln:cyklZyciaOd>2015-12-01T00:00:00+01:00</sln:cyklZyciaOd><sln:gmIIPId>0dd1cd07-f4c9-4429-93a8-b6cd2c6d749d</sln:gmIIPId><sln:gmIIPPn>PL.PZGIK.200</sln:gmIIPPn><sln:gmIIPWersja>2012-09-26T22:34:31+02:00</sln:gmIIPWersja><sln:gmIdTeryt>3212033</sln:gmIdTeryt><sln:gmNazwa>Lipiany</sln:gmNazwa><sln:miejscIIPId>cefe553b-06b0-4193-9733-0de0afb7619f</sln:miejscIIPId><sln:miejscIIPPn>PL.PZGIK.200</sln:miejscIIPPn><sln:miejscIIPWersja>2016-11-24T13:18:43+02:00</sln:miejscIIPWersja><sln:miejscIdTeryt>0979120</sln:miejscIdTeryt><sln:miejscNazwa>Lipiany</sln:miejscNazwa><sln:miejscRodzaj>Miasto</sln:miejscRodzaj><sln:powIIPId>50fe0ae9-37af-4daa-ba99-a6864c4c34dc</sln:powIIPId><sln:powIIPPn>PL.PZGIK.200</sln:powIIPPn><sln:powIIPWersja>2012-09-27T10:07:22+02:00</sln:powIIPWersja><sln:powIdTeryt>3212</sln:powIdTeryt><sln:powNazwa>pyrzycki</sln:powNazwa><sln:waznyOd>2011-04-10T00:00:00+02:00</sln:waznyOd><sln:wojIIPId>c3f2202a-b491-49c5-a3af-d581108d939a</sln:wojIIPId><sln:wojIIPPn>PL.PZGIK.200</sln:wojIIPPn><sln:wojIIPWersja>2017-10-10T00:00:00+02:00</sln:wojIIPWersja><sln:wojIdTeryt>32</sln:wojIdTeryt><sln:wojNazwa>zachodniopomorskie</sln:wojNazwa></sln:miejscowosc><sln:miejscowosc><sln:cyklZyciaDo>2017-04-03T00:00:00+02:00</sln:cyklZyciaDo><sln:cyklZyciaOd>2015-12-01T00:00:00+01:00</sln:cyklZyciaOd><sln:gmIIPId>0dd1cd07-f4c9-4429-93a8-b6cd2c6d749d</sln:gmIIPId><sln:gmIIPPn>PL.PZGIK.200</sln:gmIIPPn><sln:gmIIPWersja>2012-09-26T22:34:31+02:00</sln:gmIIPWersja><sln:gmIdTeryt>3212033</sln:gmIdTeryt><sln:gmNazwa>Lipiany</sln:gmNazwa><sln:miejscIIPId>790914af-e28b-40e5-94b8-02e35d0b00af</sln:miejscIIPId><sln:miejscIIPPn>PL.PZGIK.200</sln:miejscIIPPn><sln:miejscIIPWersja>2016-11-24T12:43:10+02:00</sln:miejscIIPWersja><sln:miejscIdTeryt>0778113</sln:miejscIdTeryt><sln:miejscNazwa>Małcz</sln:miejscNazwa><sln:miejscRodzaj>Osada</sln:miejscRodzaj><sln:powIIPId>50fe0ae9-37af-4daa-ba99-a6864c4c34dc</sln:powIIPId><sln:powIIPPn>PL.PZGIK.200</sln:powIIPPn><sln:powIIPWersja>2012-09-27T10:07:22+02:00</sln:powIIPWersja><sln:powIdTeryt>3212</sln:powIdTeryt><sln:powNazwa>pyrzycki</sln:powNazwa><sln:waznyOd>2011-04-10T00:00:00+02:00</sln:waznyOd><sln:wojIIPId>c3f2202a-b491-49c5-a3af-d581108d939a</sln:wojIIPId><sln:wojIIPPn>PL.PZGIK.200</sln:wojIIPPn><sln:wojIIPWersja>2017-10-10T00:00:00+02:00</sln:wojIIPWersja><sln:wojIdTeryt>32</sln:wojIdTeryt><sln:wojNazwa>zachodniopomorskie</sln:wojNazwa></sln:miejscowosc><sln:miejscowosc><sln:cyklZyciaDo>2017-04-03T00:00:00+02:00</sln:cyklZyciaDo><sln:cyklZyciaOd>2015-12-01T00:00:00+01:00</sln:cyklZyciaOd><sln:gmIIPId>0dd1cd07-f4c9-4429-93a8-b6cd2c6d749d</sln:gmIIPId><sln:gmIIPPn>PL.PZGIK.200</sln:gmIIPPn><sln:gmIIPWersja>2012-09-26T22:34:31+02:00</sln:gmIIPWersja><sln:gmIdTeryt>3212033</sln:gmIdTeryt><sln:gmNazwa>Lipiany</sln:gmNazwa><sln:miejscIIPId>9624a05d-44e7-4e7f-b9fc-6766b3532e06</sln:miejscIIPId><sln:miejscIIPPn>PL.PZGIK.200</sln:miejscIIPPn><sln:miejscIIPWersja>2016-11-24T12:43:10+02:00</sln:miejscIIPWersja><sln:miejscIdTeryt>0778202</sln:miejscIdTeryt><sln:miejscNazwa>Miedzyn</sln:miejscNazwa><sln:miejscRodzaj>Wieś</sln:miejscRodzaj><sln:powIIPId>50fe0ae9-37af-4daa-ba99-a6864c4c34dc</sln:powIIPId><sln:powIIPPn>PL.PZGIK.200</sln:powIIPPn><sln:powIIPWersja>2012-09-27T10:07:22+02:00</sln:powIIPWersja><sln:powIdTeryt>3212</sln:powIdTeryt><sln:powNazwa>pyrzycki</sln:powNazwa><sln:waznyOd>2012-11-29T00:00:00+01:00</sln:waznyOd><sln:wojIIPId>c3f2202a-b491-49c5-a3af-d581108d939a</sln:wojIIPId><sln:wojIIPPn>PL.PZGIK.200</sln:wojIIPPn><sln:wojIIPWersja>2017-10-10T00:00:00+02:00</sln:wojIIPWersja><sln:wojIdTeryt>32</sln:wojIdTeryt><sln:wojNazwa>zachodniopomorskie</sln:wojNazwa></sln:miejscowosc><sln:miejscowosc><sln:cyklZyciaDo>2017-04-03T00:00:00+02:00</sln:cyklZyciaDo><sln:cyklZyciaOd>2015-12-01T00:00:00+01:00</sln:cyklZyciaOd><sln:gmIIPId>0dd1cd07-f4c9-4429-93a8-b6cd2c6d749d</sln:gmIIPId><sln:gmIIPPn>PL.PZGIK.200</sln:gmIIPPn><sln:gmIIPWersja>2012-09-26T22:34:31+02:00</sln:gmIIPWersja><sln:gmIdTeryt>3212033</sln:gmIdTeryt><sln:gmNazwa>Lipiany</sln:gmNazwa><sln:miejscIIPId>d5723c63-98ec-4c83-958d-7cf7fd1ac7a2</sln:miejscIIPId><sln:miejscIIPPn>PL.PZGIK.200</sln:miejscIIPPn><sln:miejscIIPWersja>2016-11-24T12:43:10+02:00</sln:miejscIIPWersja><sln:miejscIdTeryt>0778277</sln:miejscIdTeryt><sln:miejscNazwa>Mielęcinek</sln:miejscNazwa><sln:miejscRodzaj>Wieś</sln:miejscRodzaj><sln:powIIPId>50fe0ae9-37af-4daa-ba99-a6864c4c34dc</sln:powIIPId><sln:powIIPPn>PL.PZGIK.200</sln:powIIPPn><sln:powIIPWersja>2012-09-27T10:07:22+02:00</sln:powIIPWersja><sln:powIdTeryt>3212</sln:powIdTeryt><sln:powNazwa>pyrzycki</sln:powNazwa><sln:waznyOd>2011-04-10T00:00:00+02:00</sln:waznyOd><sln:wojIIPId>c3f2202a-b491-49c5-a3af-d581108d939a</sln:wojIIPId><sln:wojIIPPn>PL.PZGIK.200</sln:wojIIPPn><sln:wojIIPWersja>2017-10-10T00:00:00+02:00</sln:wojIIPWersja><sln:wojIdTeryt>32</sln:wojIdTeryt><sln:wojNazwa>zachodniopomorskie</sln:wojNazwa></sln:miejscowosc><sln:miejscowosc><sln:cyklZyciaDo>2017-04-03T00:00:00+02:00</sln:cyklZyciaDo><sln:cyklZyciaOd>2015-12-01T00:00:00+01:00</sln:cyklZyciaOd><sln:gmIIPId>0dd1cd07-f4c9-4429-93a8-b6cd2c6d749d</sln:gmIIPId><sln:gmIIPPn>PL.PZGIK.200</sln:gmIIPPn><sln:gmIIPWersja>2012-09-26T22:34:31+02:00</sln:gmIIPWersja><sln:gmIdTeryt>3212033</sln:gmIdTeryt><sln:gmNazwa>Lipiany</sln:gmNazwa><sln:miejscIIPId>4a0bccc3-1568-4bb6-b6b8-dff2ef9c39ec</sln:miejscIIPId><sln:miejscIIPPn>PL.PZGIK.200</sln:miejscIIPPn><sln:miejscIIPWersja>2016-11-24T12:43:10+02:00</sln:miejscIIPWersja><sln:miejscIdTeryt>0778337</sln:miejscIdTeryt><sln:miejscNazwa>Mierzawy</sln:miejscNazwa><sln:miejscRodzaj>Przysiółek</sln:miejscRodzaj><sln:powIIPId>50fe0ae9-37af-4daa-ba99-a6864c4c34dc</sln:powIIPId><sln:powIIPPn>PL.PZGIK.200</sln:powIIPPn><sln:powIIPWersja>2012-09-27T10:07:22+02:00</sln:powIIPWersja><sln:powIdTeryt>3212</sln:powIdTeryt><sln:powNazwa>pyrzycki</sln:powNazwa><sln:waznyOd>2011-04-10T00:00:00+02:00</sln:waznyOd><sln:wojIIPId>c3f2202a-b491-49c5-a3af-d581108d939a</sln:wojIIPId><sln:wojIIPPn>PL.PZGIK.200</sln:wojIIPPn><sln:wojIIPWersja>2017-10-10T00:00:00+02:00</sln:wojIIPWersja><sln:wojIdTeryt>32</sln:wojIdTeryt><sln:wojNazwa>zachodniopomorskie</sln:wojNazwa></sln:miejscowosc><sln:miejscowosc><sln:cyklZyciaDo>2017-04-03T00:00:00+02:00</sln:cyklZyciaDo><sln:cyklZyciaOd>2015-12-01T00:00:00+01:00</sln:cyklZyciaOd><sln:gmIIPId>0dd1cd07-f4c9-4429-93a8-b6cd2c6d749d</sln:gmIIPId><sln:gmIIPPn>PL.PZGIK.200</sln:gmIIPPn><sln:gmIIPWersja>2012-09-26T22:34:31+02:00</sln:gmIIPWersja><sln:gmIdTeryt>3212033</sln:gmIdTeryt><sln:gmNazwa>Lipiany</sln:gmNazwa><sln:miejscIIPId>31982e58-8b1b-49b5-b39c-75ec74f6c467</sln:miejscIIPId><sln:miejscIIPPn>PL.PZGIK.200</sln:miejscIIPPn><sln:miejscIIPWersja>2016-11-24T12:43:10+02:00</sln:miejscIIPWersja><sln:miejscIdTeryt>0778290</sln:miejscIdTeryt><sln:miejscNazwa>Mironów</sln:miejscNazwa><sln:miejscRodzaj>Osada</sln:miejscRodzaj><sln:powIIPId>50fe0ae9-37af-4daa-ba99-a6864c4c34dc</sln:powIIPId><sln:powIIPPn>PL.PZGIK.200</sln:powIIPPn><sln:powIIPWersja>2012-09-27T10:07:22+02:00</sln:powIIPWersja><sln:powIdTeryt>3212</sln:powIdTeryt><sln:powNazwa>pyrzycki</sln:powNazwa><sln:waznyOd>2011-04-10T00:00:00+02:00</sln:waznyOd><sln:wojIIPId>c3f2202a-b491-49c5-a3af-d581108d939a</sln:wojIIPId><sln:wojIIPPn>PL.PZGIK.200</sln:wojIIPPn><sln:wojIIPWersja>2017-10-10T00:00:00+02:00</sln:wojIIPWersja><sln:wojIdTeryt>32</sln:wojIdTeryt><sln:wojNazwa>zachodniopomorskie</sln:wojNazwa></sln:miejscowosc><sln:miejscowosc><sln:cyklZyciaDo>2017-04-03T00:00:00+02:00</sln:cyklZyciaDo><sln:cyklZyciaOd>2015-12-01T00:00:00+01:00</sln:cyklZyciaOd><sln:gmIIPId>0dd1cd07-f4c9-4429-93a8-b6cd2c6d749d</sln:gmIIPId><sln:gmIIPPn>PL.PZGIK.200</sln:gmIIPPn><sln:gmIIPWersja>2012-09-26T22:34:31+02:00</sln:gmIIPWersja><sln:gmIdTeryt>3212033</sln:gmIdTeryt><sln:gmNazwa>Lipiany</sln:gmNazwa><sln:miejscIIPId>bed965fb-dbb0-469b-8242-3edf1d1273fd</sln:miejscIIPId><sln:miejscIIPPn>PL.PZGIK.200</sln:miejscIIPPn><sln:miejscIIPWersja>2016-11-24T12:43:10+02:00</sln:miejscIIPWersja><sln:miejscIdTeryt>0778343</sln:miejscIdTeryt><sln:miejscNazwa>Mokronos</sln:miejscNazwa><sln:miejscRodzaj>Przysiółek</sln:miejscRodzaj><sln:powIIPId>50fe0ae9-37af-4daa-ba99-a6864c4c34dc</sln:powIIPId><sln:powIIPPn>PL.PZGIK.200</sln:powIIPPn><sln:powIIPWersja>2012-09-27T10:07:22+02:00</sln:powIIPWersja><sln:powIdTeryt>3212</sln:powIdTeryt><sln:powNazwa>pyrzycki</sln:powNazwa><sln:waznyOd>2011-04-10T00:00:00+02:00</sln:waznyOd><sln:wojIIPId>c3f2202a-b491-49c5-a3af-d581108d939a</sln:wojIIPId><sln:wojIIPPn>PL.PZGIK.200</sln:wojIIPPn><sln:wojIIPWersja>2017-10-10T00:00:00+02:00</sln:wojIIPWersja><sln:wojIdTeryt>32</sln:wojIdTeryt><sln:wojNazwa>zachodniopomorskie</sln:wojNazwa></sln:miejscowosc><sln:miejscowosc><sln:cyklZyciaDo>2017-04-03T00:00:00+02:00</sln:cyklZyciaDo><sln:cyklZyciaOd>2015-12-01T00:00:00+01:00</sln:cyklZyciaOd><sln:gmIIPId>0dd1cd07-f4c9-4429-93a8-b6cd2c6d749d</sln:gmIIPId><sln:gmIIPPn>PL.PZGIK.200</sln:gmIIPPn><sln:gmIIPWersja>2012-09-26T22:34:31+02:00</sln:gmIIPWersja><sln:gmIdTeryt>3212033</sln:gmIdTeryt><sln:gmNazwa>Lipiany</sln:gmNazwa><sln:miejscIIPId>92c7f5c8-e7b9-4167-80c3-35a2f8a82d17</sln:miejscIIPId><sln:miejscIIPPn>PL.PZGIK.200</sln:miejscIIPPn><sln:miejscIIPWersja>2016-11-24T12:43:10+02:00</sln:miejscIIPWersja><sln:miejscIdTeryt>0778314</sln:miejscIdTeryt><sln:miejscNazwa>Nowice</sln:miejscNazwa><sln:miejscRodzaj>Wieś</sln:miejscRodzaj><sln:powIIPId>50fe0ae9-37af-4daa-ba99-a6864c4c34dc</sln:powIIPId><sln:powIIPPn>PL.PZGIK.200</sln:powIIPPn><sln:powIIPWersja>2012-09-27T10:07:22+02:00</sln:powIIPWersja><sln:powIdTeryt>3212</sln:powIdTeryt><sln:powNazwa>pyrzycki</sln:powNazwa><sln:waznyOd>2011-04-10T00:00:00+02:00</sln:waznyOd><sln:wojIIPId>c3f2202a-b491-49c5-a3af-d581108d939a</sln:wojIIPId><sln:wojIIPPn>PL.PZGIK.200</sln:wojIIPPn><sln:wojIIPWersja>2017-10-10T00:00:00+02:00</sln:wojIIPWersja><sln:wojIdTeryt>32</sln:wojIdTeryt><sln:wojNazwa>zachodniopomorskie</sln:wojNazwa></sln:miejscowosc><sln:miejscowosc><sln:cyklZyciaDo>2017-04-03T00:00:00+02:00</sln:cyklZyciaDo><sln:cyklZyciaOd>2015-12-01T00:00:00+01:00</sln:cyklZyciaOd><sln:gmIIPId>0dd1cd07-f4c9-4429-93a8-b6cd2c6d749d</sln:gmIIPId><sln:gmIIPPn>PL.PZGIK.200</sln:gmIIPPn><sln:gmIIPWersja>2012-09-26T22:34:31+02:00</sln:gmIIPWersja><sln:gmIdTeryt>3212033</sln:gmIdTeryt><sln:gmNazwa>Lipiany</sln:gmNazwa><sln:miejscIIPId>1bd89097-68d6-4dac-9ebc-fb80a893c8b4</sln:miejscIIPId><sln:miejscIIPPn>PL.PZGIK.200</sln:miejscIIPPn><sln:miejscIIPWersja>2016-11-24T12:43:10+02:00</sln:miejscIIPWersja><sln:miejscIdTeryt>0778320</sln:miejscIdTeryt><sln:miejscNazwa>Osetna</sln:miejscNazwa><sln:miejscRodzaj>Wieś</sln:miejscRodzaj><sln:powIIPId>50fe0ae9-37af-4daa-ba99-a6864c4c34dc</sln:powIIPId><sln:powIIPPn>PL.PZGIK.200</sln:powIIPPn><sln:powIIPWersja>2012-09-27T10:07:22+02:00</sln:powIIPWersja><sln:powIdTeryt>3212</sln:powIdTeryt><sln:powNazwa>pyrzycki</sln:powNazwa><sln:waznyOd>2011-04-10T00:00:00+02:00</sln:waznyOd><sln:wojIIPId>c3f2202a-b491-49c5-a3af-d581108d939a</sln:wojIIPId><sln:wojIIPPn>PL.PZGIK.200</sln:wojIIPPn><sln:wojIIPWersja>2017-10-10T00:00:00+02:00</sln:wojIIPWersja><sln:wojIdTeryt>32</sln:wojIdTeryt><sln:wojNazwa>zachodniopomorskie</sln:wojNazwa></sln:miejscowosc><sln:miejscowosc><sln:cyklZyciaDo>2017-04-03T00:00:00+02:00</sln:cyklZyciaDo><sln:cyklZyciaOd>2015-12-01T00:00:00+01:00</sln:cyklZyciaOd><sln:gmIIPId>0dd1cd07-f4c9-4429-93a8-b6cd2c6d749d</sln:gmIIPId><sln:gmIIPPn>PL.PZGIK.200</sln:gmIIPPn><sln:gmIIPWersja>2012-09-26T22:34:31+02:00</sln:gmIIPWersja><sln:gmIdTeryt>3212033</sln:gmIdTeryt><sln:gmNazwa>Lipiany</sln:gmNazwa><sln:miejscIIPId>6e71b55b-1692-4daa-9e7c-d22f730cb3d9</sln:miejscIIPId><sln:miejscIIPPn>PL.PZGIK.200</sln:miejscIIPPn><sln:miejscIIPWersja>2016-11-24T12:43:10+02:00</sln:miejscIIPWersja><sln:miejscIdTeryt>0778366</sln:miejscIdTeryt><sln:miejscNazwa>Połczyno</sln:miejscNazwa><sln:miejscRodzaj>Osada</sln:miejscRodzaj><sln:powIIPId>50fe0ae9-37af-4daa-ba99-a6864c4c34dc</sln:powIIPId><sln:powIIPPn>PL.PZGIK.200</sln:powIIPPn><sln:powIIPWersja>2012-09-27T10:07:22+02:00</sln:powIIPWersja><sln:powIdTeryt>3212</sln:powIdTeryt><sln:powNazwa>pyrzycki</sln:powNazwa><sln:waznyOd>2011-04-10T00:00:00+02:00</sln:waznyOd><sln:wojIIPId>c3f2202a-b491-49c5-a3af-d581108d939a</sln:wojIIPId><sln:wojIIPPn>PL.PZGIK.200</sln:wojIIPPn><sln:wojIIPWersja>2017-10-10T00:00:00+02:00</sln:wojIIPWersja><sln:wojIdTeryt>32</sln:wojIdTeryt><sln:wojNazwa>zachodniopomorskie</sln:wojNazwa></sln:miejscowosc><sln:miejscowosc><sln:cyklZyciaDo>2017-04-03T00:00:00+02:00</sln:cyklZyciaDo><sln:cyklZyciaOd>2015-12-01T00:00:00+01:00</sln:cyklZyciaOd><sln:gmIIPId>0dd1cd07-f4c9-4429-93a8-b6cd2c6d749d</sln:gmIIPId><sln:gmIIPPn>PL.PZGIK.200</sln:gmIIPPn><sln:gmIIPWersja>2012-09-26T22:34:31+02:00</sln:gmIIPWersja><sln:gmIdTeryt>3212033</sln:gmIdTeryt><sln:gmNazwa>Lipiany</sln:gmNazwa><sln:miejscIIPId>22e988a8-9340-4605-9adc-241063bfb5ba</sln:miejscIIPId><sln:miejscIIPPn>PL.PZGIK.200</sln:miejscIIPPn><sln:miejscIIPWersja>2016-11-24T12:43:10+02:00</sln:miejscIIPWersja><sln:miejscIdTeryt>0778350</sln:miejscIdTeryt><sln:miejscNazwa>Przywodzie</sln:miejscNazwa><sln:miejscRodzaj>Przysiółek</sln:miejscRodzaj><sln:powIIPId>50fe0ae9-37af-4daa-ba99-a6864c4c34dc</sln:powIIPId><sln:powIIPPn>PL.PZGIK.200</sln:powIIPPn><sln:powIIPWersja>2012-09-27T10:07:22+02:00</sln:powIIPWersja><sln:powIdTeryt>3212</sln:powIdTeryt><sln:powNazwa>pyrzycki</sln:powNazwa><sln:waznyOd>2011-04-10T00:00:00+02:00</sln:waznyOd><sln:wojIIPId>c3f2202a-b491-49c5-a3af-d581108d939a</sln:wojIIPId><sln:wojIIPPn>PL.PZGIK.200</sln:wojIIPPn><sln:wojIIPWersja>2017-10-10T00:00:00+02:00</sln:wojIIPWersja><sln:wojIdTeryt>32</sln:wojIdTeryt><sln:wojNazwa>zachodniopomorskie</sln:wojNazwa></sln:miejscowosc><sln:miejscowosc><sln:cyklZyciaDo>2017-04-03T00:00:00+02:00</sln:cyklZyciaDo><sln:cyklZyciaOd>2015-12-01T00:00:00+01:00</sln:cyklZyciaOd><sln:gmIIPId>0dd1cd07-f4c9-4429-93a8-b6cd2c6d749d</sln:gmIIPId><sln:gmIIPPn>PL.PZGIK.200</sln:gmIIPPn><sln:gmIIPWersja>2012-09-26T22:34:31+02:00</sln:gmIIPWersja><sln:gmIdTeryt>3212033</sln:gmIdTeryt><sln:gmNazwa>Lipiany</sln:gmNazwa><sln:miejscIIPId>4179f64d-9e7a-4dcb-a857-0a1f323846a9</sln:miejscIIPId><sln:miejscIIPPn>PL.PZGIK.200</sln:miejscIIPPn><sln:miejscIIPWersja>2016-11-24T12:43:10+02:00</sln:miejscIIPWersja><sln:miejscIdTeryt>0778372</sln:miejscIdTeryt><sln:miejscNazwa>Skrzynka</sln:miejscNazwa><sln:miejscRodzaj>Wieś</sln:miejscRodzaj><sln:powIIPId>50fe0ae9-37af-4daa-ba99-a6864c4c34dc</sln:powIIPId><sln:powIIPPn>PL.PZGIK.200</sln:powIIPPn><sln:powIIPWersja>2012-09-27T10:07:22+02:00</sln:powIIPWersja><sln:powIdTeryt>3212</sln:powIdTeryt><sln:powNazwa>pyrzycki</sln:powNazwa><sln:waznyOd>2011-04-10T00:00:00+02:00</sln:waznyOd><sln:wojIIPId>c3f2202a-b491-49c5-a3af-d581108d939a</sln:wojIIPId><sln:wojIIPPn>PL.PZGIK.200</sln:wojIIPPn><sln:wojIIPWersja>2017-10-10T00:00:00+02:00</sln:wojIIPWersja><sln:wojIdTeryt>32</sln:wojIdTeryt><sln:wojNazwa>zachodniopomorskie</sln:wojNazwa></sln:miejscowosc><sln:miejscowosc><sln:cyklZyciaDo>2017-04-03T00:00:00+02:00</sln:cyklZyciaDo><sln:cyklZyciaOd>2015-12-01T00:00:00+01:00</sln:cyklZyciaOd><sln:gmIIPId>0dd1cd07-f4c9-4429-93a8-b6cd2c6d749d</sln:gmIIPId><sln:gmIIPPn>PL.PZGIK.200</sln:gmIIPPn><sln:gmIIPWersja>2012-09-26T22:34:31+02:00</sln:gmIIPWersja><sln:gmIdTeryt>3212033</sln:gmIdTeryt><sln:gmNazwa>Lipiany</sln:gmNazwa><sln:miejscIIPId>7ea3dff5-550f-43f4-9e5c-5540ebd3aa36</sln:miejscIIPId><sln:miejscIIPPn>PL.PZGIK.200</sln:miejscIIPPn><sln:miejscIIPWersja>2016-11-24T12:43:10+02:00</sln:miejscIIPWersja><sln:miejscIdTeryt>0778389</sln:miejscIdTeryt><sln:miejscNazwa>Sokolniki</sln:miejscNazwa><sln:miejscRodzaj>Przysiółek</sln:miejscRodzaj><sln:powIIPId>50fe0ae9-37af-4daa-ba99-a6864c4c34dc</sln:powIIPId><sln:powIIPPn>PL.PZGIK.200</sln:powIIPPn><sln:powIIPWersja>2012-09-27T10:07:22+02:00</sln:powIIPWersja><sln:powIdTeryt>3212</sln:powIdTeryt><sln:powNazwa>pyrzycki</sln:powNazwa><sln:waznyOd>2011-04-10T00:00:00+02:00</sln:waznyOd><sln:wojIIPId>c3f2202a-b491-49c5-a3af-d581108d939a</sln:wojIIPId><sln:wojIIPPn>PL.PZGIK.200</sln:wojIIPPn><sln:wojIIPWersja>2017-10-10T00:00:00+02:00</sln:wojIIPWersja><sln:wojIdTeryt>32</sln:wojIdTeryt><sln:wojNazwa>zachodniopomorskie</sln:wojNazwa></sln:miejscowosc><sln:miejscowosc><sln:cyklZyciaDo>2017-04-03T00:00:00+02:00</sln:cyklZyciaDo><sln:cyklZyciaOd>2015-12-01T00:00:00+01:00</sln:cyklZyciaOd><sln:gmIIPId>0dd1cd07-f4c9-4429-93a8-b6cd2c6d749d</sln:gmIIPId><sln:gmIIPPn>PL.PZGIK.200</sln:gmIIPPn><sln:gmIIPWersja>2012-09-26T22:34:31+02:00</sln:gmIIPWersja><sln:gmIdTeryt>3212033</sln:gmIdTeryt><sln:gmNazwa>Lipiany</sln:gmNazwa><sln:miejscIIPId>0e74ea4c-1a40-4f0d-a2d2-39edecc2fa61</sln:miejscIIPId><sln:miejscIIPPn>PL.PZGIK.200</sln:miejscIIPPn><sln:miejscIIPWersja>2016-11-24T12:43:10+02:00</sln:miejscIIPWersja><sln:miejscIdTeryt>0778308</sln:miejscIdTeryt><sln:miejscNazwa>Świerszczyki</sln:miejscNazwa><sln:miejscRodzaj>Przysiółek</sln:miejscRodzaj><sln:powIIPId>50fe0ae9-37af-4daa-ba99-a6864c4c34dc</sln:powIIPId><sln:powIIPPn>PL.PZGIK.200</sln:powIIPPn><sln:powIIPWersja>2012-09-27T10:07:22+02:00</sln:powIIPWersja><sln:powIdTeryt>3212</sln:powIdTeryt><sln:powNazwa>pyrzycki</sln:powNazwa><sln:waznyOd>2011-04-10T00:00:00+02:00</sln:waznyOd><sln:wojIIPId>c3f2202a-b491-49c5-a3af-d581108d939a</sln:wojIIPId><sln:wojIIPPn>PL.PZGIK.200</sln:wojIIPPn><sln:wojIIPWersja>2017-10-10T00:00:00+02:00</sln:wojIIPWersja><sln:wojIdTeryt>32</sln:wojIdTeryt><sln:wojNazwa>zachodniopomorskie</sln:wojNazwa></sln:miejscowosc><sln:miejscowosc><sln:cyklZyciaDo>2017-04-03T00:00:00+02:00</sln:cyklZyciaDo><sln:cyklZyciaOd>2015-12-01T00:00:00+01:00</sln:cyklZyciaOd><sln:gmIIPId>0dd1cd07-f4c9-4429-93a8-b6cd2c6d749d</sln:gmIIPId><sln:gmIIPPn>PL.PZGIK.200</sln:gmIIPPn><sln:gmIIPWersja>2012-09-26T22:34:31+02:00</sln:gmIIPWersja><sln:gmIdTeryt>3212033</sln:gmIdTeryt><sln:gmNazwa>Lipiany</sln:gmNazwa><sln:miejscIIPId>f911c427-2a19-4a82-b5a8-a7c51e213ddc</sln:miejscIIPId><sln:miejscIIPPn>PL.PZGIK.200</sln:miejscIIPPn><sln:miejscIIPWersja>2016-11-24T12:43:10+02:00</sln:miejscIIPWersja><sln:miejscIdTeryt>0778254</sln:miejscIdTeryt><sln:miejscNazwa>Wądół</sln:miejscNazwa><sln:miejscRodzaj>Przysiółek</sln:miejscRodzaj><sln:powIIPId>50fe0ae9-37af-4daa-ba99-a6864c4c34dc</sln:powIIPId><sln:powIIPPn>PL.PZGIK.200</sln:powIIPPn><sln:powIIPWersja>2012-09-27T10:07:22+02:00</sln:powIIPWersja><sln:powIdTeryt>3212</sln:powIdTeryt><sln:powNazwa>pyrzycki</sln:powNazwa><sln:waznyOd>2011-04-10T00:00:00+02:00</sln:waznyOd><sln:wojIIPId>c3f2202a-b491-49c5-a3af-d581108d939a</sln:wojIIPId><sln:wojIIPPn>PL.PZGIK.200</sln:wojIIPPn><sln:wojIIPWersja>2017-10-10T00:00:00+02:00</sln:wojIIPWersja><sln:wojIdTeryt>32</sln:wojIdTeryt><sln:wojNazwa>zachodniopomorskie</sln:wojNazwa></sln:miejscowosc><sln:miejscowosc><sln:cyklZyciaDo>2017-04-03T00:00:00+02:00</sln:cyklZyciaDo><sln:cyklZyciaOd>2015-12-01T00:00:00+01:00</sln:cyklZyciaOd><sln:gmIIPId>0dd1cd07-f4c9-4429-93a8-b6cd2c6d749d</sln:gmIIPId><sln:gmIIPPn>PL.PZGIK.200</sln:gmIIPPn><sln:gmIIPWersja>2012-09-26T22:34:31+02:00</sln:gmIIPWersja><sln:gmIdTeryt>3212033</sln:gmIdTeryt><sln:gmNazwa>Lipiany</sln:gmNazwa><sln:miejscIIPId>55e8cfca-9a7c-4f11-9745-d5d22c1a10b3</sln:miejscIIPId><sln:miejscIIPPn>PL.PZGIK.200</sln:miejscIIPPn><sln:miejscIIPWersja>2016-11-24T12:43:10+02:00</sln:miejscIIPWersja><sln:miejscIdTeryt>0778395</sln:miejscIdTeryt><sln:miejscNazwa>Wołczyn</sln:miejscNazwa><sln:miejscRodzaj>Wieś</sln:miejscRodzaj><sln:powIIPId>50fe0ae9-37af-4daa-ba99-a6864c4c34dc</sln:powIIPId><sln:powIIPPn>PL.PZGIK.200</sln:powIIPPn><sln:powIIPWersja>2012-09-27T10:07:22+02:00</sln:powIIPWersja><sln:powIdTeryt>3212</sln:powIdTeryt><sln:powNazwa>pyrzycki</sln:powNazwa><sln:waznyOd>2011-04-10T00:00:00+02:00</sln:waznyOd><sln:wojIIPId>c3f2202a-b491-49c5-a3af-d581108d939a</sln:wojIIPId><sln:wojIIPPn>PL.PZGIK.200</sln:wojIIPPn><sln:wojIIPWersja>2017-10-10T00:00:00+02:00</sln:wojIIPWersja><sln:wojIdTeryt>32</sln:wojIdTeryt><sln:wojNazwa>zachodniopomorskie</sln:wojNazwa></sln:miejscowosc><sln:miejscowosc><sln:cyklZyciaDo>2017-04-03T00:00:00+02:00</sln:cyklZyciaDo><sln:cyklZyciaOd>2015-12-01T00:00:00+01:00</sln:cyklZyciaOd><sln:gmIIPId>0dd1cd07-f4c9-4429-93a8-b6cd2c6d749d</sln:gmIIPId><sln:gmIIPPn>PL.PZGIK.200</sln:gmIIPPn><sln:gmIIPWersja>2012-09-26T22:34:31+02:00</sln:gmIIPWersja><sln:gmIdTeryt>3212033</sln:gmIdTeryt><sln:gmNazwa>Lipiany</sln:gmNazwa><sln:miejscIIPId>f9cb3ec9-8abd-44c9-9d75-b24e244ad7a2</sln:miejscIIPId><sln:miejscIIPPn>PL.PZGIK.200</sln:miejscIIPPn><sln:miejscIIPWersja>2016-11-24T12:43:10+02:00</sln:miejscIIPWersja><sln:miejscIdTeryt>0778260</sln:miejscIdTeryt><sln:miejscNazwa>Żarnowo</sln:miejscNazwa><sln:miejscRodzaj>Osada</sln:miejscRodzaj><sln:powIIPId>50fe0ae9-37af-4daa-ba99-a6864c4c34dc</sln:powIIPId><sln:powIIPPn>PL.PZGIK.200</sln:powIIPPn><sln:powIIPWersja>2012-09-27T10:07:22+02:00</sln:powIIPWersja><sln:powIdTeryt>3212</sln:powIdTeryt><sln:powNazwa>pyrzycki</sln:powNazwa><sln:waznyOd>2011-04-10T00:00:00+02:00</sln:waznyOd><sln:wojIIPId>c3f2202a-b491-49c5-a3af-d581108d939a</sln:wojIIPId><sln:wojIIPPn>PL.PZGIK.200</sln:wojIIPPn><sln:wojIIPWersja>2017-10-10T00:00:00+02:00</sln:wojIIPWersja><sln:wojIdTeryt>32</sln:wojIdTeryt><sln:wojNazwa>zachodniopomorskie</sln:wojNazwa></sln:miejscowosc><sln:miejscowosc><sln:cyklZyciaOd>2017-04-03T00:00:00+02:00</sln:cyklZyciaOd><sln:gmIIPId>0dd1cd07-f4c9-4429-93a8-b6cd2c6d749d</sln:gmIIPId><sln:gmIIPPn>PL.PZGIK.200</sln:gmIIPPn><sln:gmIIPWersja>2012-09-26T22:34:31+02:00</sln:gmIIPWersja><sln:gmIdTeryt>3212033</sln:gmIdTeryt><sln:gmNazwa>Lipiany</sln:gmNazwa><sln:miejscIIPId>1f4ea165-885b-4558-8faa-d55cce3a7765</sln:miejscIIPId><sln:miejscIIPPn>PL.PZGIK.200</sln:miejscIIPPn><sln:miejscIIPWersja>2017-04-03T14:01:27+02:00</sln:miejscIIPWersja><sln:miejscIdTeryt>0778099</sln:miejscIdTeryt><sln:miejscNazwa>Batowo</sln:miejscNazwa><sln:miejscRodzaj>Osada</sln:miejscRodzaj><sln:powIIPId>50fe0ae9-37af-4daa-ba99-a6864c4c34dc</sln:powIIPId><sln:powIIPPn>PL.PZGIK.200</sln:powIIPPn><sln:powIIPWersja>2012-09-27T10:07:22+02:00</sln:powIIPWersja><sln:powIdTeryt>3212</sln:powIdTeryt><sln:powNazwa>pyrzycki</sln:powNazwa><sln:waznyOd>2011-04-10T00:00:00+02:00</sln:waznyOd><sln:wojIIPId>c3f2202a-b491-49c5-a3af-d581108d939a</sln:wojIIPId><sln:wojIIPPn>PL.PZGIK.200</sln:wojIIPPn><sln:wojIIPWersja>2017-10-10T00:00:00+02:00</sln:wojIIPWersja><sln:wojIdTeryt>32</sln:wojIdTeryt><sln:wojNazwa>zachodniopomorskie</sln:wojNazwa></sln:miejscowosc><sln:miejscowosc><sln:cyklZyciaOd>2017-04-03T00:00:00+02:00</sln:cyklZyciaOd><sln:gmIIPId>0dd1cd07-f4c9-4429-93a8-b6cd2c6d749d</sln:gmIIPId><sln:gmIIPPn>PL.PZGIK.200</sln:gmIIPPn><sln:gmIIPWersja>2012-09-26T22:34:31+02:00</sln:gmIIPWersja><sln:gmIdTeryt>3212033</sln:gmIdTeryt><sln:gmNazwa>Lipiany</sln:gmNazwa><sln:miejscIIPId>32618d2d-54f7-468a-bc81-9ca6fb408e38</sln:miejscIIPId><sln:miejscIIPPn>PL.PZGIK.200</sln:miejscIIPPn><sln:miejscIIPWersja>2017-04-03T14:01:34+02:00</sln:miejscIIPWersja><sln:miejscIdTeryt>0778107</sln:miejscIdTeryt><sln:miejscNazwa>Będzin</sln:miejscNazwa><sln:miejscRodzaj>Przysiółek</sln:miejscRodzaj><sln:powIIPId>50fe0ae9-37af-4daa-ba99-a6864c4c34dc</sln:powIIPId><sln:powIIPPn>PL.PZGIK.200</sln:powIIPPn><sln:powIIPWersja>2012-09-27T10:07:22+02:00</sln:powIIPWersja><sln:powIdTeryt>3212</sln:powIdTeryt><sln:powNazwa>pyrzycki</sln:powNazwa><sln:waznyOd>2011-04-10T00:00:00+02:00</sln:waznyOd><sln:wojIIPId>c3f2202a-b491-49c5-a3af-d581108d939a</sln:wojIIPId><sln:wojIIPPn>PL.PZGIK.200</sln:wojIIPPn><sln:wojIIPWersja>2017-10-10T00:00:00+02:00</sln:wojIIPWersja><sln:wojIdTeryt>32</sln:wojIdTeryt><sln:wojNazwa>zachodniopomorskie</sln:wojNazwa></sln:miejscowosc><sln:miejscowosc><sln:cyklZyciaOd>2017-04-03T00:00:00+02:00</sln:cyklZyciaOd><sln:gmIIPId>0dd1cd07-f4c9-4429-93a8-b6cd2c6d749d</sln:gmIIPId><sln:gmIIPPn>PL.PZGIK.200</sln:gmIIPPn><sln:gmIIPWersja>2012-09-26T22:34:31+02:00</sln:gmIIPWersja><sln:gmIdTeryt>3212033</sln:gmIdTeryt><sln:gmNazwa>Lipiany</sln:gmNazwa><sln:miejscIIPId>790914af-e28b-40e5-94b8-02e35d0b00af</sln:miejscIIPId><sln:miejscIIPPn>PL.PZGIK.200</sln:miejscIIPPn><sln:miejscIIPWersja>2017-04-03T14:01:34+02:00</sln:miejscIIPWersja><sln:miejscIdTeryt>0778113</sln:miejscIdTeryt><sln:miejscNazwa>Małcz</sln:miejscNazwa><sln:miejscRodzaj>Osada</sln:miejscRodzaj><sln:powIIPId>50fe0ae9-37af-4daa-ba99-a6864c4c34dc</sln:powIIPId><sln:powIIPPn>PL.PZGIK.200</sln:powIIPPn><sln:powIIPWersja>2012-09-27T10:07:22+02:00</sln:powIIPWersja><sln:powIdTeryt>3212</sln:powIdTeryt><sln:powNazwa>pyrzycki</sln:powNazwa><sln:waznyOd>2011-04-10T00:00:00+02:00</sln:waznyOd><sln:wojIIPId>c3f2202a-b491-49c5-a3af-d581108d939a</sln:wojIIPId><sln:wojIIPPn>PL.PZGIK.200</sln:wojIIPPn><sln:wojIIPWersja>2017-10-10T00:00:00+02:00</sln:wojIIPWersja><sln:wojIdTeryt>32</sln:wojIdTeryt><sln:wojNazwa>zachodniopomorskie</sln:wojNazwa></sln:miejscowosc><sln:miejscowosc><sln:cyklZyciaOd>2017-04-03T00:00:00+02:00</sln:cyklZyciaOd><sln:gmIIPId>0dd1cd07-f4c9-4429-93a8-b6cd2c6d749d</sln:gmIIPId><sln:gmIIPPn>PL.PZGIK.200</sln:gmIIPPn><sln:gmIIPWersja>2012-09-26T22:34:31+02:00</sln:gmIIPWersja><sln:gmIdTeryt>3212033</sln:gmIdTeryt><sln:gmNazwa>Lipiany</sln:gmNazwa><sln:miejscIIPId>543a9e15-c2e0-4a7d-9b43-7a1fae509628</sln:miejscIIPId><sln:miejscIIPPn>PL.PZGIK.200</sln:miejscIIPPn><sln:miejscIIPWersja>2017-04-03T14:01:34+02:00</sln:miejscIIPWersja><sln:miejscIdTeryt>0778136</sln:miejscIdTeryt><sln:miejscNazwa>Derczewko</sln:miejscNazwa><sln:miejscRodzaj>Wieś</sln:miejscRodzaj><sln:powIIPId>50fe0ae9-37af-4daa-ba99-a6864c4c34dc</sln:powIIPId><sln:powIIPPn>PL.PZGIK.200</sln:powIIPPn><sln:powIIPWersja>2012-09-27T10:07:22+02:00</sln:powIIPWersja><sln:powIdTeryt>3212</sln:powIdTeryt><sln:powNazwa>pyrzycki</sln:powNazwa><sln:waznyOd>2011-04-10T00:00:00+02:00</sln:waznyOd><sln:wojIIPId>c3f2202a-b491-49c5-a3af-d581108d939a</sln:wojIIPId><sln:wojIIPPn>PL.PZGIK.200</sln:wojIIPPn><sln:wojIIPWersja>2017-10-10T00:00:00+02:00</sln:wojIIPWersja><sln:wojIdTeryt>32</sln:wojIdTeryt><sln:wojNazwa>zachodniopomorskie</sln:wojNazwa></sln:miejscowosc><sln:miejscowosc><sln:cyklZyciaOd>2017-04-03T00:00:00+02:00</sln:cyklZyciaOd><sln:gmIIPId>0dd1cd07-f4c9-4429-93a8-b6cd2c6d749d</sln:gmIIPId><sln:gmIIPPn>PL.PZGIK.200</sln:gmIIPPn><sln:gmIIPWersja>2012-09-26T22:34:31+02:00</sln:gmIIPWersja><sln:gmIdTeryt>3212033</sln:gmIdTeryt><sln:gmNazwa>Lipiany</sln:gmNazwa><sln:miejscIIPId>a3f5f467-0384-4869-8d48-82a024182cbd</sln:miejscIIPId><sln:miejscIIPPn>PL.PZGIK.200</sln:miejscIIPPn><sln:miejscIIPWersja>2017-04-03T14:01:34+02:00</sln:miejscIIPWersja><sln:miejscIdTeryt>0778142</sln:miejscIdTeryt><sln:miejscNazwa>Dębiec</sln:miejscNazwa><sln:miejscRodzaj>Wieś</sln:miejscRodzaj><sln:powIIPId>50fe0ae9-37af-4daa-ba99-a6864c4c34dc</sln:powIIPId><sln:powIIPPn>PL.PZGIK.200</sln:powIIPPn><sln:powIIPWersja>2012-09-27T10:07:22+02:00</sln:powIIPWersja><sln:powIdTeryt>3212</sln:powIdTeryt><sln:powNazwa>pyrzycki</sln:powNazwa><sln:waznyOd>2011-04-10T00:00:00+02:00</sln:waznyOd><sln:wojIIPId>c3f2202a-b491-49c5-a3af-d581108d939a</sln:wojIIPId><sln:wojIIPPn>PL.PZGIK.200</sln:wojIIPPn><sln:wojIIPWersja>2017-10-10T00:00:00+02:00</sln:wojIIPWersja><sln:wojIdTeryt>32</sln:wojIdTeryt><sln:wojNazwa>zachodniopomorskie</sln:wojNazwa></sln:miejscowosc><sln:miejscowosc><sln:cyklZyciaOd>2017-04-03T00:00:00+02:00</sln:cyklZyciaOd><sln:gmIIPId>0dd1cd07-f4c9-4429-93a8-b6cd2c6d749d</sln:gmIIPId><sln:gmIIPPn>PL.PZGIK.200</sln:gmIIPPn><sln:gmIIPWersja>2012-09-26T22:34:31+02:00</sln:gmIIPWersja><sln:gmIdTeryt>3212033</sln:gmIdTeryt><sln:gmNazwa>Lipiany</sln:gmNazwa><sln:miejscIIPId>13c94282-8f47-43a7-b901-c680a0011e61</sln:miejscIIPId><sln:miejscIIPPn>PL.PZGIK.200</sln:miejscIIPPn><sln:miejscIIPWersja>2017-04-03T14:01:34+02:00</sln:miejscIIPWersja><sln:miejscIdTeryt>0778165</sln:miejscIdTeryt><sln:miejscNazwa>Jedlice</sln:miejscNazwa><sln:miejscRodzaj>Wieś</sln:miejscRodzaj><sln:powIIPId>50fe0ae9-37af-4daa-ba99-a6864c4c34dc</sln:powIIPId><sln:powIIPPn>PL.PZGIK.200</sln:powIIPPn><sln:powIIPWersja>2012-09-27T10:07:22+02:00</sln:powIIPWersja><sln:powIdTeryt>3212</sln:powIdTeryt><sln:powNazwa>pyrzycki</sln:powNazwa><sln:waznyOd>2011-04-10T00:00:00+02:00</sln:waznyOd><sln:wojIIPId>c3f2202a-b491-49c5-a3af-d581108d939a</sln:wojIIPId><sln:wojIIPPn>PL.PZGIK.200</sln:wojIIPPn><sln:wojIIPWersja>2017-10-10T00:00:00+02:00</sln:wojIIPWersja><sln:wojIdTeryt>32</sln:wojIdTeryt><sln:wojNazwa>zachodniopomorskie</sln:wojNazwa></sln:miejscowosc><sln:miejscowosc><sln:cyklZyciaOd>2017-04-03T00:00:00+02:00</sln:cyklZyciaOd><sln:gmIIPId>0dd1cd07-f4c9-4429-93a8-b6cd2c6d749d</sln:gmIIPId><sln:gmIIPPn>PL.PZGIK.200</sln:gmIIPPn><sln:gmIIPWersja>2012-09-26T22:34:31+02:00</sln:gmIIPWersja><sln:gmIdTeryt>3212033</sln:gmIdTeryt><sln:gmNazwa>Lipiany</sln:gmNazwa><sln:miejscIIPId>195c25b2-4026-4624-98c1-cc9e59e92922</sln:miejscIIPId><sln:miejscIIPPn>PL.PZGIK.200</sln:miejscIIPPn><sln:miejscIIPWersja>2017-04-03T14:01:34+02:00</sln:miejscIIPWersja><sln:miejscIdTeryt>0778188</sln:miejscIdTeryt><sln:miejscNazwa>Brzostowo</sln:miejscNazwa><sln:miejscRodzaj>Przysiółek</sln:miejscRodzaj><sln:powIIPId>50fe0ae9-37af-4daa-ba99-a6864c4c34dc</sln:powIIPId><sln:powIIPPn>PL.PZGIK.200</sln:powIIPPn><sln:powIIPWersja>2012-09-27T10:07:22+02:00</sln:powIIPWersja><sln:powIdTeryt>3212</sln:powIdTeryt><sln:powNazwa>pyrzycki</sln:powNazwa><sln:waznyOd>2011-04-10T00:00:00+02:00</sln:waznyOd><sln:wojIIPId>c3f2202a-b491-49c5-a3af-d581108d939a</sln:wojIIPId><sln:wojIIPPn>PL.PZGIK.200</sln:wojIIPPn><sln:wojIIPWersja>2017-10-10T00:00:00+02:00</sln:wojIIPWersja><sln:wojIdTeryt>32</sln:wojIdTeryt><sln:wojNazwa>zachodniopomorskie</sln:wojNazwa></sln:miejscowosc><sln:miejscowosc><sln:cyklZyciaOd>2017-04-03T00:00:00+02:00</sln:cyklZyciaOd><sln:gmIIPId>0dd1cd07-f4c9-4429-93a8-b6cd2c6d749d</sln:gmIIPId><sln:gmIIPPn>PL.PZGIK.200</sln:gmIIPPn><sln:gmIIPWersja>2012-09-26T22:34:31+02:00</sln:gmIIPWersja><sln:gmIdTeryt>3212033</sln:gmIdTeryt><sln:gmNazwa>Lipiany</sln:gmNazwa><sln:miejscIIPId>0ac81204-c2e0-471d-adcb-f704c1364b56</sln:miejscIIPId><sln:miejscIIPPn>PL.PZGIK.200</sln:miejscIIPPn><sln:miejscIIPWersja>2017-04-03T14:01:34+02:00</sln:miejscIIPWersja><sln:miejscIdTeryt>0778194</sln:miejscIdTeryt><sln:miejscNazwa>Krasne</sln:miejscNazwa><sln:miejscRodzaj>Wieś</sln:miejscRodzaj><sln:powIIPId>50fe0ae9-37af-4daa-ba99-a6864c4c34dc</sln:powIIPId><sln:powIIPPn>PL.PZGIK.200</sln:powIIPPn><sln:powIIPWersja>2012-09-27T10:07:22+02:00</sln:powIIPWersja><sln:powIdTeryt>3212</sln:powIdTeryt><sln:powNazwa>pyrzycki</sln:powNazwa><sln:waznyOd>2011-04-10T00:00:00+02:00</sln:waznyOd><sln:wojIIPId>c3f2202a-b491-49c5-a3af-d581108d939a</sln:wojIIPId><sln:wojIIPPn>PL.PZGIK.200</sln:wojIIPPn><sln:wojIIPWersja>2017-10-10T00:00:00+02:00</sln:wojIIPWersja><sln:wojIdTeryt>32</sln:wojIdTeryt><sln:wojNazwa>zachodniopomorskie</sln:wojNazwa></sln:miejscowosc><sln:miejscowosc><sln:cyklZyciaOd>2017-04-03T00:00:00+02:00</sln:cyklZyciaOd><sln:gmIIPId>0dd1cd07-f4c9-4429-93a8-b6cd2c6d749d</sln:gmIIPId><sln:gmIIPPn>PL.PZGIK.200</sln:gmIIPPn><sln:gmIIPWersja>2012-09-26T22:34:31+02:00</sln:gmIIPWersja><sln:gmIdTeryt>3212033</sln:gmIdTeryt><sln:gmNazwa>Lipiany</sln:gmNazwa><sln:miejscIIPId>9624a05d-44e7-4e7f-b9fc-6766b3532e06</sln:miejscIIPId><sln:miejscIIPPn>PL.PZGIK.200</sln:miejscIIPPn><sln:miejscIIPWersja>2017-04-03T14:01:34+02:00</sln:miejscIIPWersja><sln:miejscIdTeryt>0778202</sln:miejscIdTeryt><sln:miejscNazwa>Miedzyn</sln:miejscNazwa><sln:miejscRodzaj>Wieś</sln:miejscRodzaj><sln:powIIPId>50fe0ae9-37af-4daa-ba99-a6864c4c34dc</sln:powIIPId><sln:powIIPPn>PL.PZGIK.200</sln:powIIPPn><sln:powIIPWersja>2012-09-27T10:07:22+02:00</sln:powIIPWersja><sln:powIdTeryt>3212</sln:powIdTeryt><sln:powNazwa>pyrzycki</sln:powNazwa><sln:waznyOd>2012-11-29T00:00:00+01:00</sln:waznyOd><sln:wojIIPId>c3f2202a-b491-49c5-a3af-d581108d939a</sln:wojIIPId><sln:wojIIPPn>PL.PZGIK.200</sln:wojIIPPn><sln:wojIIPWersja>2017-10-10T00:00:00+02:00</sln:wojIIPWersja><sln:wojIdTeryt>32</sln:wojIdTeryt><sln:wojNazwa>zachodniopomorskie</sln:wojNazwa></sln:miejscowosc><sln:miejscowosc><sln:cyklZyciaOd>2017-04-03T00:00:00+02:00</sln:cyklZyciaOd><sln:gmIIPId>0dd1cd07-f4c9-4429-93a8-b6cd2c6d749d</sln:gmIIPId><sln:gmIIPPn>PL.PZGIK.200</sln:gmIIPPn><sln:gmIIPWersja>2012-09-26T22:34:31+02:00</sln:gmIIPWersja><sln:gmIdTeryt>3212033</sln:gmIdTeryt><sln:gmNazwa>Lipiany</sln:gmNazwa><sln:miejscIIPId>24cb117a-463a-4e54-940c-baa78997b5ff</sln:miejscIIPId><sln:miejscIIPPn>PL.PZGIK.200</sln:miejscIIPPn><sln:miejscIIPWersja>2017-04-03T14:01:34+02:00</sln:miejscIIPWersja><sln:miejscIdTeryt>0778219</sln:miejscIdTeryt><sln:miejscNazwa>Głębokie</sln:miejscNazwa><sln:miejscRodzaj>Przysiółek</sln:miejscRodzaj><sln:powIIPId>50fe0ae9-37af-4daa-ba99-a6864c4c34dc</sln:powIIPId><sln:powIIPPn>PL.PZGIK.200</sln:powIIPPn><sln:powIIPWersja>2012-09-27T10:07:22+02:00</sln:powIIPWersja><sln:powIdTeryt>3212</sln:powIdTeryt><sln:powNazwa>pyrzycki</sln:powNazwa><sln:waznyOd>2011-04-10T00:00:00+02:00</sln:waznyOd><sln:wojIIPId>c3f2202a-b491-49c5-a3af-d581108d939a</sln:wojIIPId><sln:wojIIPPn>PL.PZGIK.200</sln:wojIIPPn><sln:wojIIPWersja>2017-10-10T00:00:00+02:00</sln:wojIIPWersja><sln:wojIdTeryt>32</sln:wojIdTeryt><sln:wojNazwa>zachodniopomorskie</sln:wojNazwa></sln:miejscowosc><sln:miejscowosc><sln:cyklZyciaOd>2017-04-03T00:00:00+02:00</sln:cyklZyciaOd><sln:gmIIPId>0dd1cd07-f4c9-4429-93a8-b6cd2c6d749d</sln:gmIIPId><sln:gmIIPPn>PL.PZGIK.200</sln:gmIIPPn><sln:gmIIPWersja>2012-09-26T22:34:31+02:00</sln:gmIIPWersja><sln:gmIdTeryt>3212033</sln:gmIdTeryt><sln:gmNazwa>Lipiany</sln:gmNazwa><sln:miejscIIPId>3166b04e-6f2f-472f-80bf-18c21e016250</sln:miejscIIPId><sln:miejscIIPPn>PL.PZGIK.200</sln:miejscIIPPn><sln:miejscIIPWersja>2017-04-03T14:01:35+02:00</sln:miejscIIPWersja><sln:miejscIdTeryt>0778225</sln:miejscIdTeryt><sln:miejscNazwa>Józefin</sln:miejscNazwa><sln:miejscRodzaj>Osada leśna</sln:miejscRodzaj><sln:powIIPId>50fe0ae9-37af-4daa-ba99-a6864c4c34dc</sln:powIIPId><sln:powIIPPn>PL.PZGIK.200</sln:powIIPPn><sln:powIIPWersja>2012-09-27T10:07:22+02:00</sln:powIIPWersja><sln:powIdTeryt>3212</sln:powIdTeryt><sln:powNazwa>pyrzycki</sln:powNazwa><sln:waznyOd>2011-04-10T00:00:00+02:00</sln:waznyOd><sln:wojIIPId>c3f2202a-b491-49c5-a3af-d581108d939a</sln:wojIIPId><sln:wojIIPPn>PL.PZGIK.200</sln:wojIIPPn><sln:wojIIPWersja>2017-10-10T00:00:00+02:00</sln:wojIIPWersja><sln:wojIdTeryt>32</sln:wojIdTeryt><sln:wojNazwa>zachodniopomorskie</sln:wojNazwa></sln:miejscowosc><sln:miejscowosc><sln:cyklZyciaOd>2017-04-03T00:00:00+02:00</sln:cyklZyciaOd><sln:gmIIPId>0dd1cd07-f4c9-4429-93a8-b6cd2c6d749d</sln:gmIIPId><sln:gmIIPPn>PL.PZGIK.200</sln:gmIIPPn><sln:gmIIPWersja>2012-09-26T22:34:31+02:00</sln:gmIIPWersja><sln:gmIdTeryt>3212033</sln:gmIdTeryt><sln:gmNazwa>Lipiany</sln:gmNazwa><sln:miejscIIPId>f911c427-2a19-4a82-b5a8-a7c51e213ddc</sln:miejscIIPId><sln:miejscIIPPn>PL.PZGIK.200</sln:miejscIIPPn><sln:miejscIIPWersja>2017-04-03T14:01:35+02:00</sln:miejscIIPWersja><sln:miejscIdTeryt>0778254</sln:miejscIdTeryt><sln:miejscNazwa>Wądół</sln:miejscNazwa><sln:miejscRodzaj>Przysiółek</sln:miejscRodzaj><sln:powIIPId>50fe0ae9-37af-4daa-ba99-a6864c4c34dc</sln:powIIPId><sln:powIIPPn>PL.PZGIK.200</sln:powIIPPn><sln:powIIPWersja>2012-09-27T10:07:22+02:00</sln:powIIPWersja><sln:powIdTeryt>3212</sln:powIdTeryt><sln:powNazwa>pyrzycki</sln:powNazwa><sln:waznyOd>2011-04-10T00:00:00+02:00</sln:waznyOd><sln:wojIIPId>c3f2202a-b491-49c5-a3af-d581108d939a</sln:wojIIPId><sln:wojIIPPn>PL.PZGIK.200</sln:wojIIPPn><sln:wojIIPWersja>2017-10-10T00:00:00+02:00</sln:wojIIPWersja><sln:wojIdTeryt>32</sln:wojIdTeryt><sln:wojNazwa>zachodniopomorskie</sln:wojNazwa></sln:miejscowosc><sln:miejscowosc><sln:cyklZyciaOd>2017-04-03T00:00:00+02:00</sln:cyklZyciaOd><sln:gmIIPId>0dd1cd07-f4c9-4429-93a8-b6cd2c6d749d</sln:gmIIPId><sln:gmIIPPn>PL.PZGIK.200</sln:gmIIPPn><sln:gmIIPWersja>2012-09-26T22:34:31+02:00</sln:gmIIPWersja><sln:gmIdTeryt>3212033</sln:gmIdTeryt><sln:gmNazwa>Lipiany</sln:gmNazwa><sln:miejscIIPId>f9cb3ec9-8abd-44c9-9d75-b24e244ad7a2</sln:miejscIIPId><sln:miejscIIPPn>PL.PZGIK.200</sln:miejscIIPPn><sln:miejscIIPWersja>2017-04-03T14:01:35+02:00</sln:miejscIIPWersja><sln:miejscIdTeryt>0778260</sln:miejscIdTeryt><sln:miejscNazwa>Żarnowo</sln:miejscNazwa><sln:miejscRodzaj>Osada</sln:miejscRodzaj><sln:powIIPId>50fe0ae9-37af-4daa-ba99-a6864c4c34dc</sln:powIIPId><sln:powIIPPn>PL.PZGIK.200</sln:powIIPPn><sln:powIIPWersja>2012-09-27T10:07:22+02:00</sln:powIIPWersja><sln:powIdTeryt>3212</sln:powIdTeryt><sln:powNazwa>pyrzycki</sln:powNazwa><sln:waznyOd>2011-04-10T00:00:00+02:00</sln:waznyOd><sln:wojIIPId>c3f2202a-b491-49c5-a3af-d581108d939a</sln:wojIIPId><sln:wojIIPPn>PL.PZGIK.200</sln:wojIIPPn><sln:wojIIPWersja>2017-10-10T00:00:00+02:00</sln:wojIIPWersja><sln:wojIdTeryt>32</sln:wojIdTeryt><sln:wojNazwa>zachodniopomorskie</sln:wojNazwa></sln:miejscowosc><sln:miejscowosc><sln:cyklZyciaOd>2017-04-03T00:00:00+02:00</sln:cyklZyciaOd><sln:gmIIPId>0dd1cd07-f4c9-4429-93a8-b6cd2c6d749d</sln:gmIIPId><sln:gmIIPPn>PL.PZGIK.200</sln:gmIIPPn><sln:gmIIPWersja>2012-09-26T22:34:31+02:00</sln:gmIIPWersja><sln:gmIdTeryt>3212033</sln:gmIdTeryt><sln:gmNazwa>Lipiany</sln:gmNazwa><sln:miejscIIPId>d5723c63-98ec-4c83-958d-7cf7fd1ac7a2</sln:miejscIIPId><sln:miejscIIPPn>PL.PZGIK.200</sln:miejscIIPPn><sln:miejscIIPWersja>2017-04-03T14:01:35+02:00</sln:miejscIIPWersja><sln:miejscIdTeryt>0778277</sln:miejscIdTeryt><sln:miejscNazwa>Mielęcinek</sln:miejscNazwa><sln:miejscRodzaj>Inny obiekt</sln:miejscRodzaj><sln:powIIPId>50fe0ae9-37af-4daa-ba99-a6864c4c34dc</sln:powIIPId><sln:powIIPPn>PL.PZGIK.200</sln:powIIPPn><sln:powIIPWersja>2012-09-27T10:07:22+02:00</sln:powIIPWersja><sln:powIdTeryt>3212</sln:powIdTeryt><sln:powNazwa>pyrzycki</sln:powNazwa><sln:waznyOd>2011-04-10T00:00:00+02:00</sln:waznyOd><sln:wojIIPId>c3f2202a-b491-49c5-a3af-d581108d939a</sln:wojIIPId><sln:wojIIPPn>PL.PZGIK.200</sln:wojIIPPn><sln:wojIIPWersja>2017-10-10T00:00:00+02:00</sln:wojIIPWersja><sln:wojIdTeryt>32</sln:wojIdTeryt><sln:wojNazwa>zachodniopomorskie</sln:wojNazwa></sln:miejscowosc><sln:miejscowosc><sln:cyklZyciaOd>2017-04-03T00:00:00+02:00</sln:cyklZyciaOd><sln:gmIIPId>0dd1cd07-f4c9-4429-93a8-b6cd2c6d749d</sln:gmIIPId><sln:gmIIPPn>PL.PZGIK.200</sln:gmIIPPn><sln:gmIIPWersja>2012-09-26T22:34:31+02:00</sln:gmIIPWersja><sln:gmIdTeryt>3212033</sln:gmIdTeryt><sln:gmNazwa>Lipiany</sln:gmNazwa><sln:miejscIIPId>31982e58-8b1b-49b5-b39c-75ec74f6c467</sln:miejscIIPId><sln:miejscIIPPn>PL.PZGIK.200</sln:miejscIIPPn><sln:miejscIIPWersja>2017-04-03T14:01:35+02:00</sln:miejscIIPWersja><sln:miejscIdTeryt>0778290</sln:miejscIdTeryt><sln:miejscNazwa>Mironów</sln:miejscNazwa><sln:miejscRodzaj>Osada</sln:miejscRodzaj><sln:powIIPId>50fe0ae9-37af-4daa-ba99-a6864c4c34dc</sln:powIIPId><sln:powIIPPn>PL.PZGIK.200</sln:powIIPPn><sln:powIIPWersja>2012-09-27T10:07:22+02:00</sln:powIIPWersja><sln:powIdTeryt>3212</sln:powIdTeryt><sln:powNazwa>pyrzycki</sln:powNazwa><sln:waznyOd>2011-04-10T00:00:00+02:00</sln:waznyOd><sln:wojIIPId>c3f2202a-b491-49c5-a3af-d581108d939a</sln:wojIIPId><sln:wojIIPPn>PL.PZGIK.200</sln:wojIIPPn><sln:wojIIPWersja>2017-10-10T00:00:00+02:00</sln:wojIIPWersja><sln:wojIdTeryt>32</sln:wojIdTeryt><sln:wojNazwa>zachodniopomorskie</sln:wojNazwa></sln:miejscowosc><sln:miejscowosc><sln:cyklZyciaOd>2017-04-03T00:00:00+02:00</sln:cyklZyciaOd><sln:gmIIPId>0dd1cd07-f4c9-4429-93a8-b6cd2c6d749d</sln:gmIIPId><sln:gmIIPPn>PL.PZGIK.200</sln:gmIIPPn><sln:gmIIPWersja>2012-09-26T22:34:31+02:00</sln:gmIIPWersja><sln:gmIdTeryt>3212033</sln:gmIdTeryt><sln:gmNazwa>Lipiany</sln:gmNazwa><sln:miejscIIPId>0e74ea4c-1a40-4f0d-a2d2-39edecc2fa61</sln:miejscIIPId><sln:miejscIIPPn>PL.PZGIK.200</sln:miejscIIPPn><sln:miejscIIPWersja>2017-04-03T14:01:35+02:00</sln:miejscIIPWersja><sln:miejscIdTeryt>0778308</sln:miejscIdTeryt><sln:miejscNazwa>Świerszczyki</sln:miejscNazwa><sln:miejscRodzaj>Przysiółek</sln:miejscRodzaj><sln:powIIPId>50fe0ae9-37af-4daa-ba99-a6864c4c34dc</sln:powIIPId><sln:powIIPPn>PL.PZGIK.200</sln:powIIPPn><sln:powIIPWersja>2012-09-27T10:07:22+02:00</sln:powIIPWersja><sln:powIdTeryt>3212</sln:powIdTeryt><sln:powNazwa>pyrzycki</sln:powNazwa><sln:waznyOd>2011-04-10T00:00:00+02:00</sln:waznyOd><sln:wojIIPId>c3f2202a-b491-49c5-a3af-d581108d939a</sln:wojIIPId><sln:wojIIPPn>PL.PZGIK.200</sln:wojIIPPn><sln:wojIIPWersja>2017-10-10T00:00:00+02:00</sln:wojIIPWersja><sln:wojIdTeryt>32</sln:wojIdTeryt><sln:wojNazwa>zachodniopomorskie</sln:wojNazwa></sln:miejscowosc><sln:miejscowosc><sln:cyklZyciaOd>2017-04-03T00:00:00+02:00</sln:cyklZyciaOd><sln:gmIIPId>0dd1cd07-f4c9-4429-93a8-b6cd2c6d749d</sln:gmIIPId><sln:gmIIPPn>PL.PZGIK.200</sln:gmIIPPn><sln:gmIIPWersja>2012-09-26T22:34:31+02:00</sln:gmIIPWersja><sln:gmIdTeryt>3212033</sln:gmIdTeryt><sln:gmNazwa>Lipiany</sln:gmNazwa><sln:miejscIIPId>92c7f5c8-e7b9-4167-80c3-35a2f8a82d17</sln:miejscIIPId><sln:miejscIIPPn>PL.PZGIK.200</sln:miejscIIPPn><sln:miejscIIPWersja>2017-04-03T14:01:35+02:00</sln:miejscIIPWersja><sln:miejscIdTeryt>0778314</sln:miejscIdTeryt><sln:miejscNazwa>Nowice</sln:miejscNazwa><sln:miejscRodzaj>Wieś</sln:miejscRodzaj><sln:powIIPId>50fe0ae9-37af-4daa-ba99-a6864c4c34dc</sln:powIIPId><sln:powIIPPn>PL.PZGIK.200</sln:powIIPPn><sln:powIIPWersja>2012-09-27T10:07:22+02:00</sln:powIIPWersja><sln:powIdTeryt>3212</sln:powIdTeryt><sln:powNazwa>pyrzycki</sln:powNazwa><sln:waznyOd>2011-04-10T00:00:00+02:00</sln:waznyOd><sln:wojIIPId>c3f2202a-b491-49c5-a3af-d581108d939a</sln:wojIIPId><sln:wojIIPPn>PL.PZGIK.200</sln:wojIIPPn><sln:wojIIPWersja>2017-10-10T00:00:00+02:00</sln:wojIIPWersja><sln:wojIdTeryt>32</sln:wojIdTeryt><sln:wojNazwa>zachodniopomorskie</sln:wojNazwa></sln:miejscowosc><sln:miejscowosc><sln:cyklZyciaOd>2017-04-03T00:00:00+02:00</sln:cyklZyciaOd><sln:gmIIPId>0dd1cd07-f4c9-4429-93a8-b6cd2c6d749d</sln:gmIIPId><sln:gmIIPPn>PL.PZGIK.200</sln:gmIIPPn><sln:gmIIPWersja>2012-09-26T22:34:31+02:00</sln:gmIIPWersja><sln:gmIdTeryt>3212033</sln:gmIdTeryt><sln:gmNazwa>Lipiany</sln:gmNazwa><sln:miejscIIPId>1bd89097-68d6-4dac-9ebc-fb80a893c8b4</sln:miejscIIPId><sln:miejscIIPPn>PL.PZGIK.200</sln:miejscIIPPn><sln:miejscIIPWersja>2017-04-03T14:01:35+02:00</sln:miejscIIPWersja><sln:miejscIdTeryt>0778320</sln:miejscIdTeryt><sln:miejscNazwa>Osetna</sln:miejscNazwa><sln:miejscRodzaj>Wieś</sln:miejscRodzaj><sln:powIIPId>50fe0ae9-37af-4daa-ba99-a6864c4c34dc</sln:powIIPId><sln:powIIPPn>PL.PZGIK.200</sln:powIIPPn><sln:powIIPWersja>2012-09-27T10:07:22+02:00</sln:powIIPWersja><sln:powIdTeryt>3212</sln:powIdTeryt><sln:powNazwa>pyrzycki</sln:powNazwa><sln:waznyOd>2011-04-10T00:00:00+02:00</sln:waznyOd><sln:wojIIPId>c3f2202a-b491-49c5-a3af-d581108d939a</sln:wojIIPId><sln:wojIIPPn>PL.PZGIK.200</sln:wojIIPPn><sln:wojIIPWersja>2017-10-10T00:00:00+02:00</sln:wojIIPWersja><sln:wojIdTeryt>32</sln:wojIdTeryt><sln:wojNazwa>zachodniopomorskie</sln:wojNazwa></sln:miejscowosc><sln:miejscowosc><sln:cyklZyciaOd>2017-04-03T00:00:00+02:00</sln:cyklZyciaOd><sln:gmIIPId>0dd1cd07-f4c9-4429-93a8-b6cd2c6d749d</sln:gmIIPId><sln:gmIIPPn>PL.PZGIK.200</sln:gmIIPPn><sln:gmIIPWersja>2012-09-26T22:34:31+02:00</sln:gmIIPWersja><sln:gmIdTeryt>3212033</sln:gmIdTeryt><sln:gmNazwa>Lipiany</sln:gmNazwa><sln:miejscIIPId>4a0bccc3-1568-4bb6-b6b8-dff2ef9c39ec</sln:miejscIIPId><sln:miejscIIPPn>PL.PZGIK.200</sln:miejscIIPPn><sln:miejscIIPWersja>2017-04-03T14:01:35+02:00</sln:miejscIIPWersja><sln:miejscIdTeryt>0778337</sln:miejscIdTeryt><sln:miejscNazwa>Mierzawy</sln:miejscNazwa><sln:miejscRodzaj>Przysiółek</sln:miejscRodzaj><sln:powIIPId>50fe0ae9-37af-4daa-ba99-a6864c4c34dc</sln:powIIPId><sln:powIIPPn>PL.PZGIK.200</sln:powIIPPn><sln:powIIPWersja>2012-09-27T10:07:22+02:00</sln:powIIPWersja><sln:powIdTeryt>3212</sln:powIdTeryt><sln:powNazwa>pyrzycki</sln:powNazwa><sln:waznyOd>2011-04-10T00:00:00+02:00</sln:waznyOd><sln:wojIIPId>c3f2202a-b491-49c5-a3af-d581108d939a</sln:wojIIPId><sln:wojIIPPn>PL.PZGIK.200</sln:wojIIPPn><sln:wojIIPWersja>2017-10-10T00:00:00+02:00</sln:wojIIPWersja><sln:wojIdTeryt>32</sln:wojIdTeryt><sln:wojNazwa>zachodniopomorskie</sln:wojNazwa></sln:miejscowosc><sln:miejscowosc><sln:cyklZyciaOd>2017-04-03T00:00:00+02:00</sln:cyklZyciaOd><sln:gmIIPId>0dd1cd07-f4c9-4429-93a8-b6cd2c6d749d</sln:gmIIPId><sln:gmIIPPn>PL.PZGIK.200</sln:gmIIPPn><sln:gmIIPWersja>2012-09-26T22:34:31+02:00</sln:gmIIPWersja><sln:gmIdTeryt>3212033</sln:gmIdTeryt><sln:gmNazwa>Lipiany</sln:gmNazwa><sln:miejscIIPId>bed965fb-dbb0-469b-8242-3edf1d1273fd</sln:miejscIIPId><sln:miejscIIPPn>PL.PZGIK.200</sln:miejscIIPPn><sln:miejscIIPWersja>2017-04-03T14:01:35+02:00</sln:miejscIIPWersja><sln:miejscIdTeryt>0778343</sln:miejscIdTeryt><sln:miejscNazwa>Mokronos</sln:miejscNazwa><sln:miejscRodzaj>Przysiółek</sln:miejscRodzaj><sln:powIIPId>50fe0ae9-37af-4daa-ba99-a6864c4c34dc</sln:powIIPId><sln:powIIPPn>PL.PZGIK.200</sln:powIIPPn><sln:powIIPWersja>2012-09-27T10:07:22+02:00</sln:powIIPWersja><sln:powIdTeryt>3212</sln:powIdTeryt><sln:powNazwa>pyrzycki</sln:powNazwa><sln:waznyOd>2011-04-10T00:00:00+02:00</sln:waznyOd><sln:wojIIPId>c3f2202a-b491-49c5-a3af-d581108d939a</sln:wojIIPId><sln:wojIIPPn>PL.PZGIK.200</sln:wojIIPPn><sln:wojIIPWersja>2017-10-10T00:00:00+02:00</sln:wojIIPWersja><sln:wojIdTeryt>32</sln:wojIdTeryt><sln:wojNazwa>zachodniopomorskie</sln:wojNazwa></sln:miejscowosc><sln:miejscowosc><sln:cyklZyciaOd>2017-04-03T00:00:00+02:00</sln:cyklZyciaOd><sln:gmIIPId>0dd1cd07-f4c9-4429-93a8-b6cd2c6d749d</sln:gmIIPId><sln:gmIIPPn>PL.PZGIK.200</sln:gmIIPPn><sln:gmIIPWersja>2012-09-26T22:34:31+02:00</sln:gmIIPWersja><sln:gmIdTeryt>3212033</sln:gmIdTeryt><sln:gmNazwa>Lipiany</sln:gmNazwa><sln:miejscIIPId>22e988a8-9340-4605-9adc-241063bfb5ba</sln:miejscIIPId><sln:miejscIIPPn>PL.PZGIK.200</sln:miejscIIPPn><sln:miejscIIPWersja>2017-04-03T14:01:35+02:00</sln:miejscIIPWersja><sln:miejscIdTeryt>0778350</sln:miejscIdTeryt><sln:miejscNazwa>Przywodzie</sln:miejscNazwa><sln:miejscRodzaj>Przysiółek</sln:miejscRodzaj><sln:powIIPId>50fe0ae9-37af-4daa-ba99-a6864c4c34dc</sln:powIIPId><sln:powIIPPn>PL.PZGIK.200</sln:powIIPPn><sln:powIIPWersja>2012-09-27T10:07:22+02:00</sln:powIIPWersja><sln:powIdTeryt>3212</sln:powIdTeryt><sln:powNazwa>pyrzycki</sln:powNazwa><sln:waznyOd>2011-04-10T00:00:00+02:00</sln:waznyOd><sln:wojIIPId>c3f2202a-b491-49c5-a3af-d581108d939a</sln:wojIIPId><sln:wojIIPPn>PL.PZGIK.200</sln:wojIIPPn><sln:wojIIPWersja>2017-10-10T00:00:00+02:00</sln:wojIIPWersja><sln:wojIdTeryt>32</sln:wojIdTeryt><sln:wojNazwa>zachodniopomorskie</sln:wojNazwa></sln:miejscowosc><sln:miejscowosc><sln:cyklZyciaOd>2017-04-03T00:00:00+02:00</sln:cyklZyciaOd><sln:gmIIPId>0dd1cd07-f4c9-4429-93a8-b6cd2c6d749d</sln:gmIIPId><sln:gmIIPPn>PL.PZGIK.200</sln:gmIIPPn><sln:gmIIPWersja>2012-09-26T22:34:31+02:00</sln:gmIIPWersja><sln:gmIdTeryt>3212033</sln:gmIdTeryt><sln:gmNazwa>Lipiany</sln:gmNazwa><sln:miejscIIPId>6e71b55b-1692-4daa-9e7c-d22f730cb3d9</sln:miejscIIPId><sln:miejscIIPPn>PL.PZGIK.200</sln:miejscIIPPn><sln:miejscIIPWersja>2017-04-03T14:01:35+02:00</sln:miejscIIPWersja><sln:miejscIdTeryt>0778366</sln:miejscIdTeryt><sln:miejscNazwa>Połczyno</sln:miejscNazwa><sln:miejscRodzaj>Osada</sln:miejscRodzaj><sln:powIIPId>50fe0ae9-37af-4daa-ba99-a6864c4c34dc</sln:powIIPId><sln:powIIPPn>PL.PZGIK.200</sln:powIIPPn><sln:powIIPWersja>2012-09-27T10:07:22+02:00</sln:powIIPWersja><sln:powIdTeryt>3212</sln:powIdTeryt><sln:powNazwa>pyrzycki</sln:powNazwa><sln:waznyOd>2011-04-10T00:00:00+02:00</sln:waznyOd><sln:wojIIPId>c3f2202a-b491-49c5-a3af-d581108d939a</sln:wojIIPId><sln:wojIIPPn>PL.PZGIK.200</sln:wojIIPPn><sln:wojIIPWersja>2017-10-10T00:00:00+02:00</sln:wojIIPWersja><sln:wojIdTeryt>32</sln:wojIdTeryt><sln:wojNazwa>zachodniopomorskie</sln:wojNazwa></sln:miejscowosc><sln:miejscowosc><sln:cyklZyciaOd>2017-04-03T00:00:00+02:00</sln:cyklZyciaOd><sln:gmIIPId>0dd1cd07-f4c9-4429-93a8-b6cd2c6d749d</sln:gmIIPId><sln:gmIIPPn>PL.PZGIK.200</sln:gmIIPPn><sln:gmIIPWersja>2012-09-26T22:34:31+02:00</sln:gmIIPWersja><sln:gmIdTeryt>3212033</sln:gmIdTeryt><sln:gmNazwa>Lipiany</sln:gmNazwa><sln:miejscIIPId>4179f64d-9e7a-4dcb-a857-0a1f323846a9</sln:miejscIIPId><sln:miejscIIPPn>PL.PZGIK.200</sln:miejscIIPPn><sln:miejscIIPWersja>2017-04-03T14:01:35+02:00</sln:miejscIIPWersja><sln:miejscIdTeryt>0778372</sln:miejscIdTeryt><sln:miejscNazwa>Skrzynka</sln:miejscNazwa><sln:miejscRodzaj>Wieś</sln:miejscRodzaj><sln:powIIPId>50fe0ae9-37af-4daa-ba99-a6864c4c34dc</sln:powIIPId><sln:powIIPPn>PL.PZGIK.200</sln:powIIPPn><sln:powIIPWersja>2012-09-27T10:07:22+02:00</sln:powIIPWersja><sln:powIdTeryt>3212</sln:powIdTeryt><sln:powNazwa>pyrzycki</sln:powNazwa><sln:waznyOd>2011-04-10T00:00:00+02:00</sln:waznyOd><sln:wojIIPId>c3f2202a-b491-49c5-a3af-d581108d939a</sln:wojIIPId><sln:wojIIPPn>PL.PZGIK.200</sln:wojIIPPn><sln:wojIIPWersja>2017-10-10T00:00:00+02:00</sln:wojIIPWersja><sln:wojIdTeryt>32</sln:wojIdTeryt><sln:wojNazwa>zachodniopomorskie</sln:wojNazwa></sln:miejscowosc><sln:miejscowosc><sln:cyklZyciaOd>2017-04-03T00:00:00+02:00</sln:cyklZyciaOd><sln:gmIIPId>0dd1cd07-f4c9-4429-93a8-b6cd2c6d749d</sln:gmIIPId><sln:gmIIPPn>PL.PZGIK.200</sln:gmIIPPn><sln:gmIIPWersja>2012-09-26T22:34:31+02:00</sln:gmIIPWersja><sln:gmIdTeryt>3212033</sln:gmIdTeryt><sln:gmNazwa>Lipiany</sln:gmNazwa><sln:miejscIIPId>7ea3dff5-550f-43f4-9e5c-5540ebd3aa36</sln:miejscIIPId><sln:miejscIIPPn>PL.PZGIK.200</sln:miejscIIPPn><sln:miejscIIPWersja>2017-04-03T14:01:35+02:00</sln:miejscIIPWersja><sln:miejscIdTeryt>0778389</sln:miejscIdTeryt><sln:miejscNazwa>Sokolniki</sln:miejscNazwa><sln:miejscRodzaj>Przysiółek</sln:miejscRodzaj><sln:powIIPId>50fe0ae9-37af-4daa-ba99-a6864c4c34dc</sln:powIIPId><sln:powIIPPn>PL.PZGIK.200</sln:powIIPPn><sln:powIIPWersja>2012-09-27T10:07:22+02:00</sln:powIIPWersja><sln:powIdTeryt>3212</sln:powIdTeryt><sln:powNazwa>pyrzycki</sln:powNazwa><sln:waznyOd>2011-04-10T00:00:00+02:00</sln:waznyOd><sln:wojIIPId>c3f2202a-b491-49c5-a3af-d581108d939a</sln:wojIIPId><sln:wojIIPPn>PL.PZGIK.200</sln:wojIIPPn><sln:wojIIPWersja>2017-10-10T00:00:00+02:00</sln:wojIIPWersja><sln:wojIdTeryt>32</sln:wojIdTeryt><sln:wojNazwa>zachodniopomorskie</sln:wojNazwa></sln:miejscowosc><sln:miejscowosc><sln:cyklZyciaOd>2017-04-03T00:00:00+02:00</sln:cyklZyciaOd><sln:gmIIPId>0dd1cd07-f4c9-4429-93a8-b6cd2c6d749d</sln:gmIIPId><sln:gmIIPPn>PL.PZGIK.200</sln:gmIIPPn><sln:gmIIPWersja>2012-09-26T22:34:31+02:00</sln:gmIIPWersja><sln:gmIdTeryt>3212033</sln:gmIdTeryt><sln:gmNazwa>Lipiany</sln:gmNazwa><sln:miejscIIPId>55e8cfca-9a7c-4f11-9745-d5d22c1a10b3</sln:miejscIIPId><sln:miejscIIPPn>PL.PZGIK.200</sln:miejscIIPPn><sln:miejscIIPWersja>2017-04-03T14:01:35+02:00</sln:miejscIIPWersja><sln:miejscIdTeryt>0778395</sln:miejscIdTeryt><sln:miejscNazwa>Wołczyn</sln:miejscNazwa><sln:miejscRodzaj>Wieś</sln:miejscRodzaj><sln:powIIPId>50fe0ae9-37af-4daa-ba99-a6864c4c34dc</sln:powIIPId><sln:powIIPPn>PL.PZGIK.200</sln:powIIPPn><sln:powIIPWersja>2012-09-27T10:07:22+02:00</sln:powIIPWersja><sln:powIdTeryt>3212</sln:powIdTeryt><sln:powNazwa>pyrzycki</sln:powNazwa><sln:waznyOd>2011-04-10T00:00:00+02:00</sln:waznyOd><sln:wojIIPId>c3f2202a-b491-49c5-a3af-d581108d939a</sln:wojIIPId><sln:wojIIPPn>PL.PZGIK.200</sln:wojIIPPn><sln:wojIIPWersja>2017-10-10T00:00:00+02:00</sln:wojIIPWersja><sln:wojIdTeryt>32</sln:wojIdTeryt><sln:wojNazwa>zachodniopomorskie</sln:wojNazwa></sln:miejscowosc><sln:miejscowosc><sln:cyklZyciaOd>2017-04-03T00:00:00+02:00</sln:cyklZyciaOd><sln:gmIIPId>0dd1cd07-f4c9-4429-93a8-b6cd2c6d749d</sln:gmIIPId><sln:gmIIPPn>PL.PZGIK.200</sln:gmIIPPn><sln:gmIIPWersja>2012-09-26T22:34:31+02:00</sln:gmIIPWersja><sln:gmIdTeryt>3212033</sln:gmIdTeryt><sln:gmNazwa>Lipiany</sln:gmNazwa><sln:miejscIIPId>cefe553b-06b0-4193-9733-0de0afb7619f</sln:miejscIIPId><sln:miejscIIPPn>PL.PZGIK.200</sln:miejscIIPPn><sln:miejscIIPWersja>2017-04-03T14:01:36+02:00</sln:miejscIIPWersja><sln:miejscIdTeryt>0979120</sln:miejscIdTeryt><sln:miejscNazwa>Lipiany</sln:miejscNazwa><sln:miejscRodzaj>Miasto</sln:miejscRodzaj><sln:powIIPId>50fe0ae9-37af-4daa-ba99-a6864c4c34dc</sln:powIIPId><sln:powIIPPn>PL.PZGIK.200</sln:powIIPPn><sln:powIIPWersja>2012-09-27T10:07:22+02:00</sln:powIIPWersja><sln:powIdTeryt>3212</sln:powIdTeryt><sln:powNazwa>pyrzycki</sln:powNazwa><sln:waznyOd>2011-04-10T00:00:00+02:00</sln:waznyOd><sln:wojIIPId>c3f2202a-b491-49c5-a3af-d581108d939a</sln:wojIIPId><sln:wojIIPPn>PL.PZGIK.200</sln:wojIIPPn><sln:wojIIPWersja>2017-10-10T00:00:00+02:00</sln:wojIIPWersja><sln:wojIdTeryt>32</sln:wojIdTeryt><sln:wojNazwa>zachodniopomorskie</sln:wojNazwa></sln:miejscowosc></sln:lista-miejscowosci>