<?xml version="1.0" encoding="UTF-8" standalone="yes"?><sln:lista-miejscowosci xmlns:srv="http://gugik.gov.pl/schemas/slowniki-service/1.0" xmlns:sln="http://gugik.gov.pl/schemas/slowniki-schema/1.0"><sln:miejscowosc><sln:cyklZyciaDo>2017-04-25T00:00:00+02:00</sln:cyklZyciaDo><sln:cyklZyciaOd>2015-06-29T00:00:00+02:00</sln:cyklZyciaOd><sln:gmIIPId>1124b409-cbcf-46d2-9e81-ef4fd1a26f87</sln:gmIIPId><sln:gmIIPPn>PL.PZGIK.200</sln:gmIIPPn><sln:gmIIPWersja>2012-09-26T22:33:42+02:00</sln:gmIIPWersja><sln:gmIdTeryt>3202063</sln:gmIdTeryt><sln:gmNazwa>Recz</sln:gmNazwa><sln:miejscIIPId>d4350cef-228b-4157-a9b4-46eb6ba308b9</sln:miejscIIPId><sln:miejscIIPPn>PL.PZGIK.200</sln:miejscIIPPn><sln:miejscIIPWersja>2016-11-24T09:38:19+02:00</sln:miejscIIPWersja><sln:miejscIdTeryt>0186358</sln:miejscIdTeryt><sln:miejscNazwa>Słutowo</sln:miejscNazwa><sln:miejscRodzaj>Osada</sln:miejscRodzaj><sln:powIIPId>32d43ea6-09e7-4118-b8a8-dbab953ee72a</sln:powIIPId><sln:powIIPPn>PL.PZGIK.200</sln:powIIPPn><sln:powIIPWersja>2012-09-27T10:07:22+02:00</sln:powIIPWersja><sln:powIdTeryt>3202</sln:powIdTeryt><sln:powNazwa>choszczeński</sln:powNazwa><sln:waznyOd>2011-03-22T00:00:00+01:00</sln:waznyOd><sln:wojIIPId>c3f2202a-b491-49c5-a3af-d581108d939a</sln:wojIIPId><sln:wojIIPPn>PL.PZGIK.200</sln:wojIIPPn><sln:wojIIPWersja>2017-10-10T00:00:00+02:00</sln:wojIIPWersja><sln:wojIdTeryt>32</sln:wojIdTeryt><sln:wojNazwa>zachodniopomorskie</sln:wojNazwa></sln:miejscowosc><sln:miejscowosc><sln:cyklZyciaDo>2017-04-25T00:00:00+02:00</sln:cyklZyciaDo><sln:cyklZyciaOd>2015-06-29T00:00:00+02:00</sln:cyklZyciaOd><sln:gmIIPId>1124b409-cbcf-46d2-9e81-ef4fd1a26f87</sln:gmIIPId><sln:gmIIPPn>PL.PZGIK.200</sln:gmIIPPn><sln:gmIIPWersja>2012-09-26T22:33:42+02:00</sln:gmIIPWersja><sln:gmIdTeryt>3202063</sln:gmIdTeryt><sln:gmNazwa>Recz</sln:gmNazwa><sln:miejscIIPId>3838710c-2545-466a-b4cc-bd648bccfb31</sln:miejscIIPId><sln:miejscIIPPn>PL.PZGIK.200</sln:miejscIIPPn><sln:miejscIIPWersja>2016-11-24T09:38:19+02:00</sln:miejscIIPWersja><sln:miejscIdTeryt>0186364</sln:miejscIdTeryt><sln:miejscNazwa>Sokoliniec</sln:miejscNazwa><sln:miejscRodzaj>Wieś</sln:miejscRodzaj><sln:powIIPId>32d43ea6-09e7-4118-b8a8-dbab953ee72a</sln:powIIPId><sln:powIIPPn>PL.PZGIK.200</sln:powIIPPn><sln:powIIPWersja>2012-09-27T10:07:22+02:00</sln:powIIPWersja><sln:powIdTeryt>3202</sln:powIdTeryt><sln:powNazwa>choszczeński</sln:powNazwa><sln:waznyOd>2011-03-22T00:00:00+01:00</sln:waznyOd><sln:wojIIPId>c3f2202a-b491-49c5-a3af-d581108d939a</sln:wojIIPId><sln:wojIIPPn>PL.PZGIK.200</sln:wojIIPPn><sln:wojIIPWersja>2017-10-10T00:00:00+02:00</sln:wojIIPWersja><sln:wojIdTeryt>32</sln:wojIdTeryt><sln:wojNazwa>zachodniopomorskie</sln:wojNazwa></sln:miejscowosc><sln:miejscowosc><sln:cyklZyciaDo>2017-04-25T00:00:00+02:00</sln:cyklZyciaDo><sln:cyklZyciaOd>2015-06-29T00:00:00+02:00</sln:cyklZyciaOd><sln:gmIIPId>1124b409-cbcf-46d2-9e81-ef4fd1a26f87</sln:gmIIPId><sln:gmIIPPn>PL.PZGIK.200</sln:gmIIPPn><sln:gmIIPWersja>2012-09-26T22:33:42+02:00</sln:gmIIPWersja><sln:gmIdTeryt>3202063</sln:gmIdTeryt><sln:gmNazwa>Recz</sln:gmNazwa><sln:miejscIIPId>0a7392d4-2a8e-4dc5-beb6-3e98e6df57a9</sln:miejscIIPId><sln:miejscIIPPn>PL.PZGIK.200</sln:miejscIIPPn><sln:miejscIIPWersja>2016-11-24T09:38:19+02:00</sln:miejscIIPWersja><sln:miejscIdTeryt>0186370</sln:miejscIdTeryt><sln:miejscNazwa>Suliborek</sln:miejscNazwa><sln:miejscRodzaj>Wieś</sln:miejscRodzaj><sln:powIIPId>32d43ea6-09e7-4118-b8a8-dbab953ee72a</sln:powIIPId><sln:powIIPPn>PL.PZGIK.200</sln:powIIPPn><sln:powIIPWersja>2012-09-27T10:07:22+02:00</sln:powIIPWersja><sln:powIdTeryt>3202</sln:powIdTeryt><sln:powNazwa>choszczeński</sln:powNazwa><sln:waznyOd>2011-03-22T00:00:00+01:00</sln:waznyOd><sln:wojIIPId>c3f2202a-b491-49c5-a3af-d581108d939a</sln:wojIIPId><sln:wojIIPPn>PL.PZGIK.200</sln:wojIIPPn><sln:wojIIPWersja>2017-10-10T00:00:00+02:00</sln:wojIIPWersja><sln:wojIdTeryt>32</sln:wojIdTeryt><sln:wojNazwa>zachodniopomorskie</sln:wojNazwa></sln:miejscowosc><sln:miejscowosc><sln:cyklZyciaDo>2017-04-25T00:00:00+02:00</sln:cyklZyciaDo><sln:cyklZyciaOd>2015-06-29T00:00:00+02:00</sln:cyklZyciaOd><sln:gmIIPId>1124b409-cbcf-46d2-9e81-ef4fd1a26f87</sln:gmIIPId><sln:gmIIPPn>PL.PZGIK.200</sln:gmIIPPn><sln:gmIIPWersja>2012-09-26T22:33:42+02:00</sln:gmIIPWersja><sln:gmIdTeryt>3202063</sln:gmIdTeryt><sln:gmNazwa>Recz</sln:gmNazwa><sln:miejscIIPId>e7a2f7a6-b02e-4ed4-a694-d068329969dc</sln:miejscIIPId><sln:miejscIIPPn>PL.PZGIK.200</sln:miejscIIPPn><sln:miejscIIPWersja>2016-11-24T09:38:19+02:00</sln:miejscIIPWersja><sln:miejscIdTeryt>0186393</sln:miejscIdTeryt><sln:miejscNazwa>Sulibórz</sln:miejscNazwa><sln:miejscRodzaj>Osada</sln:miejscRodzaj><sln:powIIPId>32d43ea6-09e7-4118-b8a8-dbab953ee72a</sln:powIIPId><sln:powIIPPn>PL.PZGIK.200</sln:powIIPPn><sln:powIIPWersja>2012-09-27T10:07:22+02:00</sln:powIIPWersja><sln:powIdTeryt>3202</sln:powIdTeryt><sln:powNazwa>choszczeński</sln:powNazwa><sln:waznyOd>2011-03-22T00:00:00+01:00</sln:waznyOd><sln:wojIIPId>c3f2202a-b491-49c5-a3af-d581108d939a</sln:wojIIPId><sln:wojIIPPn>PL.PZGIK.200</sln:wojIIPPn><sln:wojIIPWersja>2017-10-10T00:00:00+02:00</sln:wojIIPWersja><sln:wojIdTeryt>32</sln:wojIdTeryt><sln:wojNazwa>zachodniopomorskie</sln:wojNazwa></sln:miejscowosc><sln:miejscowosc><sln:cyklZyciaDo>2017-04-25T00:00:00+02:00</sln:cyklZyciaDo><sln:cyklZyciaOd>2015-06-29T00:00:00+02:00</sln:cyklZyciaOd><sln:gmIIPId>1124b409-cbcf-46d2-9e81-ef4fd1a26f87</sln:gmIIPId><sln:gmIIPPn>PL.PZGIK.200</sln:gmIIPPn><sln:gmIIPWersja>2012-09-26T22:33:42+02:00</sln:gmIIPWersja><sln:gmIdTeryt>3202063</sln:gmIdTeryt><sln:gmNazwa>Recz</sln:gmNazwa><sln:miejscIIPId>23374a57-52fe-4b7b-9e4c-6dcf9926015e</sln:miejscIIPId><sln:miejscIIPPn>PL.PZGIK.200</sln:miejscIIPPn><sln:miejscIIPWersja>2016-11-24T13:16:11+02:00</sln:miejscIIPWersja><sln:miejscIdTeryt>0935676</sln:miejscIdTeryt><sln:miejscNazwa>Trzebień</sln:miejscNazwa><sln:miejscRodzaj>Inny obiekt</sln:miejscRodzaj><sln:powIIPId>32d43ea6-09e7-4118-b8a8-dbab953ee72a</sln:powIIPId><sln:powIIPPn>PL.PZGIK.200</sln:powIIPPn><sln:powIIPWersja>2012-09-27T10:07:22+02:00</sln:powIIPWersja><sln:powIdTeryt>3202</sln:powIdTeryt><sln:powNazwa>choszczeński</sln:powNazwa><sln:waznyOd>2012-07-31T00:00:00+02:00</sln:waznyOd><sln:wojIIPId>c3f2202a-b491-49c5-a3af-d581108d939a</sln:wojIIPId><sln:wojIIPPn>PL.PZGIK.200</sln:wojIIPPn><sln:wojIIPWersja>2017-10-10T00:00:00+02:00</sln:wojIIPWersja><sln:wojIdTeryt>32</sln:wojIdTeryt><sln:wojNazwa>zachodniopomorskie</sln:wojNazwa></sln:miejscowosc><sln:miejscowosc><sln:cyklZyciaDo>2017-04-25T00:00:00+02:00</sln:cyklZyciaDo><sln:cyklZyciaOd>2015-06-29T00:00:00+02:00</sln:cyklZyciaOd><sln:gmIIPId>1124b409-cbcf-46d2-9e81-ef4fd1a26f87</sln:gmIIPId><sln:gmIIPPn>PL.PZGIK.200</sln:gmIIPPn><sln:gmIIPWersja>2012-09-26T22:33:42+02:00</sln:gmIIPWersja><sln:gmIdTeryt>3202063</sln:gmIdTeryt><sln:gmNazwa>Recz</sln:gmNazwa><sln:miejscIIPId>0362d7bc-886a-430c-bba6-aef545d54f3c</sln:miejscIIPId><sln:miejscIIPPn>PL.PZGIK.200</sln:miejscIIPPn><sln:miejscIIPWersja>2016-11-24T09:38:19+02:00</sln:miejscIIPWersja><sln:miejscIdTeryt>0186401</sln:miejscIdTeryt><sln:miejscNazwa>Wielgoszcz</sln:miejscNazwa><sln:miejscRodzaj>Wieś</sln:miejscRodzaj><sln:powIIPId>32d43ea6-09e7-4118-b8a8-dbab953ee72a</sln:powIIPId><sln:powIIPPn>PL.PZGIK.200</sln:powIIPPn><sln:powIIPWersja>2012-09-27T10:07:22+02:00</sln:powIIPWersja><sln:powIdTeryt>3202</sln:powIdTeryt><sln:powNazwa>choszczeński</sln:powNazwa><sln:waznyOd>2011-03-22T00:00:00+01:00</sln:waznyOd><sln:wojIIPId>c3f2202a-b491-49c5-a3af-d581108d939a</sln:wojIIPId><sln:wojIIPPn>PL.PZGIK.200</sln:wojIIPPn><sln:wojIIPWersja>2017-10-10T00:00:00+02:00</sln:wojIIPWersja><sln:wojIdTeryt>32</sln:wojIdTeryt><sln:wojNazwa>zachodniopomorskie</sln:wojNazwa></sln:miejscowosc><sln:miejscowosc><sln:cyklZyciaDo>2017-04-25T00:00:00+02:00</sln:cyklZyciaDo><sln:cyklZyciaOd>2015-06-29T00:00:00+02:00</sln:cyklZyciaOd><sln:gmIIPId>1124b409-cbcf-46d2-9e81-ef4fd1a26f87</sln:gmIIPId><sln:gmIIPPn>PL.PZGIK.200</sln:gmIIPPn><sln:gmIIPWersja>2012-09-26T22:33:42+02:00</sln:gmIIPWersja><sln:gmIdTeryt>3202063</sln:gmIdTeryt><sln:gmNazwa>Recz</sln:gmNazwa><sln:miejscIIPId>b8545713-b7be-424a-8fd4-8f29859b9440</sln:miejscIIPId><sln:miejscIIPPn>PL.PZGIK.200</sln:miejscIIPPn><sln:miejscIIPWersja>2016-11-24T09:38:19+02:00</sln:miejscIIPWersja><sln:miejscIdTeryt>0186269</sln:miejscIdTeryt><sln:miejscNazwa>Witosław</sln:miejscNazwa><sln:miejscRodzaj>Kolonia</sln:miejscRodzaj><sln:powIIPId>32d43ea6-09e7-4118-b8a8-dbab953ee72a</sln:powIIPId><sln:powIIPPn>PL.PZGIK.200</sln:powIIPPn><sln:powIIPWersja>2012-09-27T10:07:22+02:00</sln:powIIPWersja><sln:powIdTeryt>3202</sln:powIdTeryt><sln:powNazwa>choszczeński</sln:powNazwa><sln:waznyOd>2011-03-22T00:00:00+01:00</sln:waznyOd><sln:wojIIPId>c3f2202a-b491-49c5-a3af-d581108d939a</sln:wojIIPId><sln:wojIIPPn>PL.PZGIK.200</sln:wojIIPPn><sln:wojIIPWersja>2017-10-10T00:00:00+02:00</sln:wojIIPWersja><sln:wojIdTeryt>32</sln:wojIdTeryt><sln:wojNazwa>zachodniopomorskie</sln:wojNazwa></sln:miejscowosc><sln:miejscowosc><sln:cyklZyciaDo>2017-04-25T00:00:00+02:00</sln:cyklZyciaDo><sln:cyklZyciaOd>2015-06-29T00:00:00+02:00</sln:cyklZyciaOd><sln:gmIIPId>1124b409-cbcf-46d2-9e81-ef4fd1a26f87</sln:gmIIPId><sln:gmIIPPn>PL.PZGIK.200</sln:gmIIPPn><sln:gmIIPWersja>2012-09-26T22:33:42+02:00</sln:gmIIPWersja><sln:gmIdTeryt>3202063</sln:gmIdTeryt><sln:gmNazwa>Recz</sln:gmNazwa><sln:miejscIIPId>6c8cc180-0387-407e-af2f-507e01598b04</sln:miejscIIPId><sln:miejscIIPPn>PL.PZGIK.200</sln:miejscIIPPn><sln:miejscIIPWersja>2016-11-24T09:38:19+02:00</sln:miejscIIPWersja><sln:miejscIdTeryt>0186418</sln:miejscIdTeryt><sln:miejscNazwa>Żeliszewo</sln:miejscNazwa><sln:miejscRodzaj>Wieś</sln:miejscRodzaj><sln:powIIPId>32d43ea6-09e7-4118-b8a8-dbab953ee72a</sln:powIIPId><sln:powIIPPn>PL.PZGIK.200</sln:powIIPPn><sln:powIIPWersja>2012-09-27T10:07:22+02:00</sln:powIIPWersja><sln:powIdTeryt>3202</sln:powIdTeryt><sln:powNazwa>choszczeński</sln:powNazwa><sln:waznyOd>2011-03-22T00:00:00+01:00</sln:waznyOd><sln:wojIIPId>c3f2202a-b491-49c5-a3af-d581108d939a</sln:wojIIPId><sln:wojIIPPn>PL.PZGIK.200</sln:wojIIPPn><sln:wojIIPWersja>2017-10-10T00:00:00+02:00</sln:wojIIPWersja><sln:wojIdTeryt>32</sln:wojIdTeryt><sln:wojNazwa>zachodniopomorskie</sln:wojNazwa></sln:miejscowosc><sln:miejscowosc><sln:cyklZyciaDo>2017-04-25T00:00:00+02:00</sln:cyklZyciaDo><sln:cyklZyciaOd>2015-06-29T00:00:00+02:00</sln:cyklZyciaOd><sln:gmIIPId>1124b409-cbcf-46d2-9e81-ef4fd1a26f87</sln:gmIIPId><sln:gmIIPPn>PL.PZGIK.200</sln:gmIIPPn><sln:gmIIPWersja>2012-09-26T22:33:42+02:00</sln:gmIIPWersja><sln:gmIdTeryt>3202063</sln:gmIdTeryt><sln:gmNazwa>Recz</sln:gmNazwa><sln:miejscIIPId>db0e39b4-b8a7-4062-afec-972c6f283c82</sln:miejscIIPId><sln:miejscIIPPn>PL.PZGIK.200</sln:miejscIIPPn><sln:miejscIIPWersja>2016-11-24T09:38:19+02:00</sln:miejscIIPWersja><sln:miejscIdTeryt>0186252</sln:miejscIdTeryt><sln:miejscNazwa>Lestnica</sln:miejscNazwa><sln:miejscRodzaj>Kolonia</sln:miejscRodzaj><sln:powIIPId>32d43ea6-09e7-4118-b8a8-dbab953ee72a</sln:powIIPId><sln:powIIPPn>PL.PZGIK.200</sln:powIIPPn><sln:powIIPWersja>2012-09-27T10:07:22+02:00</sln:powIIPWersja><sln:powIdTeryt>3202</sln:powIdTeryt><sln:powNazwa>choszczeński</sln:powNazwa><sln:waznyOd>2011-03-22T00:00:00+01:00</sln:waznyOd><sln:wojIIPId>c3f2202a-b491-49c5-a3af-d581108d939a</sln:wojIIPId><sln:wojIIPPn>PL.PZGIK.200</sln:wojIIPPn><sln:wojIIPWersja>2017-10-10T00:00:00+02:00</sln:wojIIPWersja><sln:wojIdTeryt>32</sln:wojIdTeryt><sln:wojNazwa>zachodniopomorskie</sln:wojNazwa></sln:miejscowosc><sln:miejscowosc><sln:cyklZyciaDo>2017-04-25T00:00:00+02:00</sln:cyklZyciaDo><sln:cyklZyciaOd>2015-06-29T00:00:00+02:00</sln:cyklZyciaOd><sln:gmIIPId>1124b409-cbcf-46d2-9e81-ef4fd1a26f87</sln:gmIIPId><sln:gmIIPPn>PL.PZGIK.200</sln:gmIIPPn><sln:gmIIPWersja>2012-09-26T22:33:42+02:00</sln:gmIIPWersja><sln:gmIdTeryt>3202063</sln:gmIdTeryt><sln:gmNazwa>Recz</sln:gmNazwa><sln:miejscIIPId>e8b82979-3b75-47c3-8460-1f9f9e8e0050</sln:miejscIIPId><sln:miejscIIPPn>PL.PZGIK.200</sln:miejscIIPPn><sln:miejscIIPWersja>2016-11-24T09:38:19+02:00</sln:miejscIIPWersja><sln:miejscIdTeryt>0186246</sln:miejscIdTeryt><sln:miejscNazwa>Lubieniów</sln:miejscNazwa><sln:miejscRodzaj>Wieś</sln:miejscRodzaj><sln:powIIPId>32d43ea6-09e7-4118-b8a8-dbab953ee72a</sln:powIIPId><sln:powIIPPn>PL.PZGIK.200</sln:powIIPPn><sln:powIIPWersja>2012-09-27T10:07:22+02:00</sln:powIIPWersja><sln:powIdTeryt>3202</sln:powIdTeryt><sln:powNazwa>choszczeński</sln:powNazwa><sln:waznyOd>2011-03-22T00:00:00+01:00</sln:waznyOd><sln:wojIIPId>c3f2202a-b491-49c5-a3af-d581108d939a</sln:wojIIPId><sln:wojIIPPn>PL.PZGIK.200</sln:wojIIPPn><sln:wojIIPWersja>2017-10-10T00:00:00+02:00</sln:wojIIPWersja><sln:wojIdTeryt>32</sln:wojIdTeryt><sln:wojNazwa>zachodniopomorskie</sln:wojNazwa></sln:miejscowosc><sln:miejscowosc><sln:cyklZyciaDo>2017-04-25T00:00:00+02:00</sln:cyklZyciaDo><sln:cyklZyciaOd>2015-06-29T00:00:00+02:00</sln:cyklZyciaOd><sln:gmIIPId>1124b409-cbcf-46d2-9e81-ef4fd1a26f87</sln:gmIIPId><sln:gmIIPPn>PL.PZGIK.200</sln:gmIIPPn><sln:gmIIPWersja>2012-09-26T22:33:42+02:00</sln:gmIIPWersja><sln:gmIdTeryt>3202063</sln:gmIdTeryt><sln:gmNazwa>Recz</sln:gmNazwa><sln:miejscIIPId>60b975ed-ea13-4af5-88cd-cfe9a4bcb8f2</sln:miejscIIPId><sln:miejscIIPPn>PL.PZGIK.200</sln:miejscIIPPn><sln:miejscIIPWersja>2016-11-24T09:38:19+02:00</sln:miejscIIPWersja><sln:miejscIdTeryt>0186275</sln:miejscIdTeryt><sln:miejscNazwa>Nętkowo</sln:miejscNazwa><sln:miejscRodzaj>Osada</sln:miejscRodzaj><sln:powIIPId>32d43ea6-09e7-4118-b8a8-dbab953ee72a</sln:powIIPId><sln:powIIPPn>PL.PZGIK.200</sln:powIIPPn><sln:powIIPWersja>2012-09-27T10:07:22+02:00</sln:powIIPWersja><sln:powIdTeryt>3202</sln:powIdTeryt><sln:powNazwa>choszczeński</sln:powNazwa><sln:waznyOd>2011-03-22T00:00:00+01:00</sln:waznyOd><sln:wojIIPId>c3f2202a-b491-49c5-a3af-d581108d939a</sln:wojIIPId><sln:wojIIPPn>PL.PZGIK.200</sln:wojIIPPn><sln:wojIIPWersja>2017-10-10T00:00:00+02:00</sln:wojIIPWersja><sln:wojIdTeryt>32</sln:wojIdTeryt><sln:wojNazwa>zachodniopomorskie</sln:wojNazwa></sln:miejscowosc><sln:miejscowosc><sln:cyklZyciaDo>2017-04-25T00:00:00+02:00</sln:cyklZyciaDo><sln:cyklZyciaOd>2015-06-29T00:00:00+02:00</sln:cyklZyciaOd><sln:gmIIPId>1124b409-cbcf-46d2-9e81-ef4fd1a26f87</sln:gmIIPId><sln:gmIIPPn>PL.PZGIK.200</sln:gmIIPPn><sln:gmIIPWersja>2012-09-26T22:33:42+02:00</sln:gmIIPWersja><sln:gmIdTeryt>3202063</sln:gmIdTeryt><sln:gmNazwa>Recz</sln:gmNazwa><sln:miejscIIPId>8c4ef46a-4352-4120-8843-09067b1b4e36</sln:miejscIIPId><sln:miejscIIPPn>PL.PZGIK.200</sln:miejscIIPPn><sln:miejscIIPWersja>2016-11-24T09:38:19+02:00</sln:miejscIIPWersja><sln:miejscIdTeryt>0186281</sln:miejscIdTeryt><sln:miejscNazwa>Pamięcin</sln:miejscNazwa><sln:miejscRodzaj>Wieś</sln:miejscRodzaj><sln:powIIPId>32d43ea6-09e7-4118-b8a8-dbab953ee72a</sln:powIIPId><sln:powIIPPn>PL.PZGIK.200</sln:powIIPPn><sln:powIIPWersja>2012-09-27T10:07:22+02:00</sln:powIIPWersja><sln:powIdTeryt>3202</sln:powIdTeryt><sln:powNazwa>choszczeński</sln:powNazwa><sln:waznyOd>2011-03-22T00:00:00+01:00</sln:waznyOd><sln:wojIIPId>c3f2202a-b491-49c5-a3af-d581108d939a</sln:wojIIPId><sln:wojIIPPn>PL.PZGIK.200</sln:wojIIPPn><sln:wojIIPWersja>2017-10-10T00:00:00+02:00</sln:wojIIPWersja><sln:wojIdTeryt>32</sln:wojIdTeryt><sln:wojNazwa>zachodniopomorskie</sln:wojNazwa></sln:miejscowosc><sln:miejscowosc><sln:cyklZyciaDo>2017-04-25T00:00:00+02:00</sln:cyklZyciaDo><sln:cyklZyciaOd>2015-06-29T00:00:00+02:00</sln:cyklZyciaOd><sln:gmIIPId>1124b409-cbcf-46d2-9e81-ef4fd1a26f87</sln:gmIIPId><sln:gmIIPPn>PL.PZGIK.200</sln:gmIIPPn><sln:gmIIPWersja>2012-09-26T22:33:42+02:00</sln:gmIIPWersja><sln:gmIdTeryt>3202063</sln:gmIdTeryt><sln:gmNazwa>Recz</sln:gmNazwa><sln:miejscIIPId>60eebe5c-9878-4b06-92c6-c80ad6588bb2</sln:miejscIIPId><sln:miejscIIPPn>PL.PZGIK.200</sln:miejscIIPPn><sln:miejscIIPWersja>2016-11-24T09:38:19+02:00</sln:miejscIIPWersja><sln:miejscIdTeryt>0186298</sln:miejscIdTeryt><sln:miejscNazwa>Pomień</sln:miejscNazwa><sln:miejscRodzaj>Wieś</sln:miejscRodzaj><sln:powIIPId>32d43ea6-09e7-4118-b8a8-dbab953ee72a</sln:powIIPId><sln:powIIPPn>PL.PZGIK.200</sln:powIIPPn><sln:powIIPWersja>2012-09-27T10:07:22+02:00</sln:powIIPWersja><sln:powIdTeryt>3202</sln:powIdTeryt><sln:powNazwa>choszczeński</sln:powNazwa><sln:waznyOd>2011-03-22T00:00:00+01:00</sln:waznyOd><sln:wojIIPId>c3f2202a-b491-49c5-a3af-d581108d939a</sln:wojIIPId><sln:wojIIPPn>PL.PZGIK.200</sln:wojIIPPn><sln:wojIIPWersja>2017-10-10T00:00:00+02:00</sln:wojIIPWersja><sln:wojIdTeryt>32</sln:wojIdTeryt><sln:wojNazwa>zachodniopomorskie</sln:wojNazwa></sln:miejscowosc><sln:miejscowosc><sln:cyklZyciaDo>2017-04-25T00:00:00+02:00</sln:cyklZyciaDo><sln:cyklZyciaOd>2015-06-29T00:00:00+02:00</sln:cyklZyciaOd><sln:gmIIPId>1124b409-cbcf-46d2-9e81-ef4fd1a26f87</sln:gmIIPId><sln:gmIIPPn>PL.PZGIK.200</sln:gmIIPPn><sln:gmIIPWersja>2012-09-26T22:33:42+02:00</sln:gmIIPWersja><sln:gmIdTeryt>3202063</sln:gmIdTeryt><sln:gmNazwa>Recz</sln:gmNazwa><sln:miejscIIPId>e69ffcbd-97f4-40bd-8acf-9c4674272351</sln:miejscIIPId><sln:miejscIIPPn>PL.PZGIK.200</sln:miejscIIPPn><sln:miejscIIPWersja>2016-11-24T09:38:19+02:00</sln:miejscIIPWersja><sln:miejscIdTeryt>0186306</sln:miejscIdTeryt><sln:miejscNazwa>Rajsko</sln:miejscNazwa><sln:miejscRodzaj>Wieś</sln:miejscRodzaj><sln:powIIPId>32d43ea6-09e7-4118-b8a8-dbab953ee72a</sln:powIIPId><sln:powIIPPn>PL.PZGIK.200</sln:powIIPPn><sln:powIIPWersja>2012-09-27T10:07:22+02:00</sln:powIIPWersja><sln:powIdTeryt>3202</sln:powIdTeryt><sln:powNazwa>choszczeński</sln:powNazwa><sln:waznyOd>2011-03-22T00:00:00+01:00</sln:waznyOd><sln:wojIIPId>c3f2202a-b491-49c5-a3af-d581108d939a</sln:wojIIPId><sln:wojIIPPn>PL.PZGIK.200</sln:wojIIPPn><sln:wojIIPWersja>2017-10-10T00:00:00+02:00</sln:wojIIPWersja><sln:wojIdTeryt>32</sln:wojIdTeryt><sln:wojNazwa>zachodniopomorskie</sln:wojNazwa></sln:miejscowosc><sln:miejscowosc><sln:cyklZyciaDo>2017-04-25T00:00:00+02:00</sln:cyklZyciaDo><sln:cyklZyciaOd>2015-06-29T00:00:00+02:00</sln:cyklZyciaOd><sln:gmIIPId>1124b409-cbcf-46d2-9e81-ef4fd1a26f87</sln:gmIIPId><sln:gmIIPPn>PL.PZGIK.200</sln:gmIIPPn><sln:gmIIPWersja>2012-09-26T22:33:42+02:00</sln:gmIIPWersja><sln:gmIdTeryt>3202063</sln:gmIdTeryt><sln:gmNazwa>Recz</sln:gmNazwa><sln:miejscIIPId>af7c2075-f40d-4285-9129-c8e2986b524c</sln:miejscIIPId><sln:miejscIIPPn>PL.PZGIK.200</sln:miejscIIPPn><sln:miejscIIPWersja>2016-11-24T13:16:11+02:00</sln:miejscIIPWersja><sln:miejscIdTeryt>0935653</sln:miejscIdTeryt><sln:miejscNazwa>Recz</sln:miejscNazwa><sln:miejscRodzaj>Miasto</sln:miejscRodzaj><sln:powIIPId>32d43ea6-09e7-4118-b8a8-dbab953ee72a</sln:powIIPId><sln:powIIPPn>PL.PZGIK.200</sln:powIIPPn><sln:powIIPWersja>2012-09-27T10:07:22+02:00</sln:powIIPWersja><sln:powIdTeryt>3202</sln:powIdTeryt><sln:powNazwa>choszczeński</sln:powNazwa><sln:waznyOd>2011-03-22T00:00:00+01:00</sln:waznyOd><sln:wojIIPId>c3f2202a-b491-49c5-a3af-d581108d939a</sln:wojIIPId><sln:wojIIPPn>PL.PZGIK.200</sln:wojIIPPn><sln:wojIIPWersja>2017-10-10T00:00:00+02:00</sln:wojIIPWersja><sln:wojIdTeryt>32</sln:wojIdTeryt><sln:wojNazwa>zachodniopomorskie</sln:wojNazwa></sln:miejscowosc><sln:miejscowosc><sln:cyklZyciaDo>2017-04-25T00:00:00+02:00</sln:cyklZyciaDo><sln:cyklZyciaOd>2015-06-29T00:00:00+02:00</sln:cyklZyciaOd><sln:gmIIPId>1124b409-cbcf-46d2-9e81-ef4fd1a26f87</sln:gmIIPId><sln:gmIIPPn>PL.PZGIK.200</sln:gmIIPPn><sln:gmIIPWersja>2012-09-26T22:33:42+02:00</sln:gmIIPWersja><sln:gmIdTeryt>3202063</sln:gmIdTeryt><sln:gmNazwa>Recz</sln:gmNazwa><sln:miejscIIPId>9ea95049-e4ee-4975-b8ff-b3b999642422</sln:miejscIIPId><sln:miejscIIPPn>PL.PZGIK.200</sln:miejscIIPPn><sln:miejscIIPWersja>2016-11-24T09:38:19+02:00</sln:miejscIIPWersja><sln:miejscIdTeryt>0186312</sln:miejscIdTeryt><sln:miejscNazwa>Rybaki</sln:miejscNazwa><sln:miejscRodzaj>Wieś</sln:miejscRodzaj><sln:powIIPId>32d43ea6-09e7-4118-b8a8-dbab953ee72a</sln:powIIPId><sln:powIIPPn>PL.PZGIK.200</sln:powIIPPn><sln:powIIPWersja>2012-09-27T10:07:22+02:00</sln:powIIPWersja><sln:powIdTeryt>3202</sln:powIdTeryt><sln:powNazwa>choszczeński</sln:powNazwa><sln:waznyOd>2011-03-22T00:00:00+01:00</sln:waznyOd><sln:wojIIPId>c3f2202a-b491-49c5-a3af-d581108d939a</sln:wojIIPId><sln:wojIIPPn>PL.PZGIK.200</sln:wojIIPPn><sln:wojIIPWersja>2017-10-10T00:00:00+02:00</sln:wojIIPWersja><sln:wojIdTeryt>32</sln:wojIdTeryt><sln:wojNazwa>zachodniopomorskie</sln:wojNazwa></sln:miejscowosc><sln:miejscowosc><sln:cyklZyciaDo>2017-04-25T00:00:00+02:00</sln:cyklZyciaDo><sln:cyklZyciaOd>2015-06-29T00:00:00+02:00</sln:cyklZyciaOd><sln:gmIIPId>1124b409-cbcf-46d2-9e81-ef4fd1a26f87</sln:gmIIPId><sln:gmIIPPn>PL.PZGIK.200</sln:gmIIPPn><sln:gmIIPWersja>2012-09-26T22:33:42+02:00</sln:gmIIPWersja><sln:gmIdTeryt>3202063</sln:gmIdTeryt><sln:gmNazwa>Recz</sln:gmNazwa><sln:miejscIIPId>2c239895-89c5-4a6c-b472-703fc5d5ba9e</sln:miejscIIPId><sln:miejscIIPPn>PL.PZGIK.200</sln:miejscIIPPn><sln:miejscIIPWersja>2016-11-24T09:38:19+02:00</sln:miejscIIPWersja><sln:miejscIdTeryt>0186230</sln:miejscIdTeryt><sln:miejscNazwa>Rybnica</sln:miejscNazwa><sln:miejscRodzaj>Osada leśna</sln:miejscRodzaj><sln:powIIPId>32d43ea6-09e7-4118-b8a8-dbab953ee72a</sln:powIIPId><sln:powIIPPn>PL.PZGIK.200</sln:powIIPPn><sln:powIIPWersja>2012-09-27T10:07:22+02:00</sln:powIIPWersja><sln:powIdTeryt>3202</sln:powIdTeryt><sln:powNazwa>choszczeński</sln:powNazwa><sln:waznyOd>2011-03-22T00:00:00+01:00</sln:waznyOd><sln:wojIIPId>c3f2202a-b491-49c5-a3af-d581108d939a</sln:wojIIPId><sln:wojIIPPn>PL.PZGIK.200</sln:wojIIPPn><sln:wojIIPWersja>2017-10-10T00:00:00+02:00</sln:wojIIPWersja><sln:wojIdTeryt>32</sln:wojIdTeryt><sln:wojNazwa>zachodniopomorskie</sln:wojNazwa></sln:miejscowosc><sln:miejscowosc><sln:cyklZyciaDo>2017-04-25T00:00:00+02:00</sln:cyklZyciaDo><sln:cyklZyciaOd>2015-06-29T00:00:00+02:00</sln:cyklZyciaOd><sln:gmIIPId>1124b409-cbcf-46d2-9e81-ef4fd1a26f87</sln:gmIIPId><sln:gmIIPPn>PL.PZGIK.200</sln:gmIIPPn><sln:gmIIPWersja>2012-09-26T22:33:42+02:00</sln:gmIIPWersja><sln:gmIdTeryt>3202063</sln:gmIdTeryt><sln:gmNazwa>Recz</sln:gmNazwa><sln:miejscIIPId>807ca49d-243a-4f1a-8707-99ec41ad1879</sln:miejscIIPId><sln:miejscIIPPn>PL.PZGIK.200</sln:miejscIIPPn><sln:miejscIIPWersja>2016-11-24T09:38:19+02:00</sln:miejscIIPWersja><sln:miejscIdTeryt>0186335</sln:miejscIdTeryt><sln:miejscNazwa>Sicko</sln:miejscNazwa><sln:miejscRodzaj>Wieś</sln:miejscRodzaj><sln:powIIPId>32d43ea6-09e7-4118-b8a8-dbab953ee72a</sln:powIIPId><sln:powIIPPn>PL.PZGIK.200</sln:powIIPPn><sln:powIIPWersja>2012-09-27T10:07:22+02:00</sln:powIIPWersja><sln:powIdTeryt>3202</sln:powIdTeryt><sln:powNazwa>choszczeński</sln:powNazwa><sln:waznyOd>2011-03-22T00:00:00+01:00</sln:waznyOd><sln:wojIIPId>c3f2202a-b491-49c5-a3af-d581108d939a</sln:wojIIPId><sln:wojIIPPn>PL.PZGIK.200</sln:wojIIPPn><sln:wojIIPWersja>2017-10-10T00:00:00+02:00</sln:wojIIPWersja><sln:wojIdTeryt>32</sln:wojIdTeryt><sln:wojNazwa>zachodniopomorskie</sln:wojNazwa></sln:miejscowosc><sln:miejscowosc><sln:cyklZyciaDo>2017-04-25T00:00:00+02:00</sln:cyklZyciaDo><sln:cyklZyciaOd>2015-06-29T00:00:00+02:00</sln:cyklZyciaOd><sln:gmIIPId>1124b409-cbcf-46d2-9e81-ef4fd1a26f87</sln:gmIIPId><sln:gmIIPPn>PL.PZGIK.200</sln:gmIIPPn><sln:gmIIPWersja>2012-09-26T22:33:42+02:00</sln:gmIIPWersja><sln:gmIdTeryt>3202063</sln:gmIdTeryt><sln:gmNazwa>Recz</sln:gmNazwa><sln:miejscIIPId>96d7dddf-68c5-468a-a299-6e1312e5d076</sln:miejscIIPId><sln:miejscIIPPn>PL.PZGIK.200</sln:miejscIIPPn><sln:miejscIIPWersja>2016-11-24T09:38:19+02:00</sln:miejscIIPWersja><sln:miejscIdTeryt>0186200</sln:miejscIdTeryt><sln:miejscNazwa>Grabowiec</sln:miejscNazwa><sln:miejscRodzaj>Osada</sln:miejscRodzaj><sln:powIIPId>32d43ea6-09e7-4118-b8a8-dbab953ee72a</sln:powIIPId><sln:powIIPPn>PL.PZGIK.200</sln:powIIPPn><sln:powIIPWersja>2012-09-27T10:07:22+02:00</sln:powIIPWersja><sln:powIdTeryt>3202</sln:powIdTeryt><sln:powNazwa>choszczeński</sln:powNazwa><sln:waznyOd>2011-03-22T00:00:00+01:00</sln:waznyOd><sln:wojIIPId>c3f2202a-b491-49c5-a3af-d581108d939a</sln:wojIIPId><sln:wojIIPPn>PL.PZGIK.200</sln:wojIIPPn><sln:wojIIPWersja>2017-10-10T00:00:00+02:00</sln:wojIIPWersja><sln:wojIdTeryt>32</sln:wojIdTeryt><sln:wojNazwa>zachodniopomorskie</sln:wojNazwa></sln:miejscowosc><sln:miejscowosc><sln:cyklZyciaDo>2017-04-25T00:00:00+02:00</sln:cyklZyciaDo><sln:cyklZyciaOd>2015-06-29T00:00:00+02:00</sln:cyklZyciaOd><sln:gmIIPId>1124b409-cbcf-46d2-9e81-ef4fd1a26f87</sln:gmIIPId><sln:gmIIPPn>PL.PZGIK.200</sln:gmIIPPn><sln:gmIIPWersja>2012-09-26T22:33:42+02:00</sln:gmIIPWersja><sln:gmIdTeryt>3202063</sln:gmIdTeryt><sln:gmNazwa>Recz</sln:gmNazwa><sln:miejscIIPId>85295efb-593f-4900-bb54-c7f9b01d5876</sln:miejscIIPId><sln:miejscIIPPn>PL.PZGIK.200</sln:miejscIIPPn><sln:miejscIIPWersja>2016-11-24T09:38:19+02:00</sln:miejscIIPWersja><sln:miejscIdTeryt>0186217</sln:miejscIdTeryt><sln:miejscNazwa>Jarostowo</sln:miejscNazwa><sln:miejscRodzaj>Wieś</sln:miejscRodzaj><sln:powIIPId>32d43ea6-09e7-4118-b8a8-dbab953ee72a</sln:powIIPId><sln:powIIPPn>PL.PZGIK.200</sln:powIIPPn><sln:powIIPWersja>2012-09-27T10:07:22+02:00</sln:powIIPWersja><sln:powIdTeryt>3202</sln:powIdTeryt><sln:powNazwa>choszczeński</sln:powNazwa><sln:waznyOd>2011-03-22T00:00:00+01:00</sln:waznyOd><sln:wojIIPId>c3f2202a-b491-49c5-a3af-d581108d939a</sln:wojIIPId><sln:wojIIPPn>PL.PZGIK.200</sln:wojIIPPn><sln:wojIIPWersja>2017-10-10T00:00:00+02:00</sln:wojIIPWersja><sln:wojIdTeryt>32</sln:wojIdTeryt><sln:wojNazwa>zachodniopomorskie</sln:wojNazwa></sln:miejscowosc><sln:miejscowosc><sln:cyklZyciaDo>2017-04-25T00:00:00+02:00</sln:cyklZyciaDo><sln:cyklZyciaOd>2015-06-29T00:00:00+02:00</sln:cyklZyciaOd><sln:gmIIPId>1124b409-cbcf-46d2-9e81-ef4fd1a26f87</sln:gmIIPId><sln:gmIIPPn>PL.PZGIK.200</sln:gmIIPPn><sln:gmIIPWersja>2012-09-26T22:33:42+02:00</sln:gmIIPWersja><sln:gmIdTeryt>3202063</sln:gmIdTeryt><sln:gmNazwa>Recz</sln:gmNazwa><sln:miejscIIPId>36fbfeed-2109-460c-bd37-5e507625f048</sln:miejscIIPId><sln:miejscIIPPn>PL.PZGIK.200</sln:miejscIIPPn><sln:miejscIIPWersja>2016-11-24T09:38:19+02:00</sln:miejscIIPWersja><sln:miejscIdTeryt>0186223</sln:miejscIdTeryt><sln:miejscNazwa>Kraśnik</sln:miejscNazwa><sln:miejscRodzaj>Osada</sln:miejscRodzaj><sln:powIIPId>32d43ea6-09e7-4118-b8a8-dbab953ee72a</sln:powIIPId><sln:powIIPPn>PL.PZGIK.200</sln:powIIPPn><sln:powIIPWersja>2012-09-27T10:07:22+02:00</sln:powIIPWersja><sln:powIdTeryt>3202</sln:powIdTeryt><sln:powNazwa>choszczeński</sln:powNazwa><sln:waznyOd>2011-03-22T00:00:00+01:00</sln:waznyOd><sln:wojIIPId>c3f2202a-b491-49c5-a3af-d581108d939a</sln:wojIIPId><sln:wojIIPPn>PL.PZGIK.200</sln:wojIIPPn><sln:wojIIPWersja>2017-10-10T00:00:00+02:00</sln:wojIIPWersja><sln:wojIdTeryt>32</sln:wojIdTeryt><sln:wojNazwa>zachodniopomorskie</sln:wojNazwa></sln:miejscowosc><sln:miejscowosc><sln:cyklZyciaOd>2017-04-25T00:00:00+02:00</sln:cyklZyciaOd><sln:gmIIPId>1124b409-cbcf-46d2-9e81-ef4fd1a26f87</sln:gmIIPId><sln:gmIIPPn>PL.PZGIK.200</sln:gmIIPPn><sln:gmIIPWersja>2012-09-26T22:33:42+02:00</sln:gmIIPWersja><sln:gmIdTeryt>3202063</sln:gmIdTeryt><sln:gmNazwa>Recz</sln:gmNazwa><sln:miejscIIPId>96d7dddf-68c5-468a-a299-6e1312e5d076</sln:miejscIIPId><sln:miejscIIPPn>PL.PZGIK.200</sln:miejscIIPPn><sln:miejscIIPWersja>2017-04-25T12:10:06+02:00</sln:miejscIIPWersja><sln:miejscIdTeryt>0186200</sln:miejscIdTeryt><sln:miejscNazwa>Grabowiec</sln:miejscNazwa><sln:miejscRodzaj>Osada</sln:miejscRodzaj><sln:powIIPId>32d43ea6-09e7-4118-b8a8-dbab953ee72a</sln:powIIPId><sln:powIIPPn>PL.PZGIK.200</sln:powIIPPn><sln:powIIPWersja>2012-09-27T10:07:22+02:00</sln:powIIPWersja><sln:powIdTeryt>3202</sln:powIdTeryt><sln:powNazwa>choszczeński</sln:powNazwa><sln:waznyOd>2011-03-22T00:00:00+01:00</sln:waznyOd><sln:wojIIPId>c3f2202a-b491-49c5-a3af-d581108d939a</sln:wojIIPId><sln:wojIIPPn>PL.PZGIK.200</sln:wojIIPPn><sln:wojIIPWersja>2017-10-10T00:00:00+02:00</sln:wojIIPWersja><sln:wojIdTeryt>32</sln:wojIdTeryt><sln:wojNazwa>zachodniopomorskie</sln:wojNazwa></sln:miejscowosc><sln:miejscowosc><sln:cyklZyciaOd>2017-04-25T00:00:00+02:00</sln:cyklZyciaOd><sln:gmIIPId>1124b409-cbcf-46d2-9e81-ef4fd1a26f87</sln:gmIIPId><sln:gmIIPPn>PL.PZGIK.200</sln:gmIIPPn><sln:gmIIPWersja>2012-09-26T22:33:42+02:00</sln:gmIIPWersja><sln:gmIdTeryt>3202063</sln:gmIdTeryt><sln:gmNazwa>Recz</sln:gmNazwa><sln:miejscIIPId>85295efb-593f-4900-bb54-c7f9b01d5876</sln:miejscIIPId><sln:miejscIIPPn>PL.PZGIK.200</sln:miejscIIPPn><sln:miejscIIPWersja>2017-04-25T12:10:16+02:00</sln:miejscIIPWersja><sln:miejscIdTeryt>0186217</sln:miejscIdTeryt><sln:miejscNazwa>Jarostowo</sln:miejscNazwa><sln:miejscRodzaj>Wieś</sln:miejscRodzaj><sln:powIIPId>32d43ea6-09e7-4118-b8a8-dbab953ee72a</sln:powIIPId><sln:powIIPPn>PL.PZGIK.200</sln:powIIPPn><sln:powIIPWersja>2012-09-27T10:07:22+02:00</sln:powIIPWersja><sln:powIdTeryt>3202</sln:powIdTeryt><sln:powNazwa>choszczeński</sln:powNazwa><sln:waznyOd>2011-03-22T00:00:00+01:00</sln:waznyOd><sln:wojIIPId>c3f2202a-b491-49c5-a3af-d581108d939a</sln:wojIIPId><sln:wojIIPPn>PL.PZGIK.200</sln:wojIIPPn><sln:wojIIPWersja>2017-10-10T00:00:00+02:00</sln:wojIIPWersja><sln:wojIdTeryt>32</sln:wojIdTeryt><sln:wojNazwa>zachodniopomorskie</sln:wojNazwa></sln:miejscowosc><sln:miejscowosc><sln:cyklZyciaOd>2017-04-25T00:00:00+02:00</sln:cyklZyciaOd><sln:gmIIPId>1124b409-cbcf-46d2-9e81-ef4fd1a26f87</sln:gmIIPId><sln:gmIIPPn>PL.PZGIK.200</sln:gmIIPPn><sln:gmIIPWersja>2012-09-26T22:33:42+02:00</sln:gmIIPWersja><sln:gmIdTeryt>3202063</sln:gmIdTeryt><sln:gmNazwa>Recz</sln:gmNazwa><sln:miejscIIPId>36fbfeed-2109-460c-bd37-5e507625f048</sln:miejscIIPId><sln:miejscIIPPn>PL.PZGIK.200</sln:miejscIIPPn><sln:miejscIIPWersja>2017-04-25T12:10:16+02:00</sln:miejscIIPWersja><sln:miejscIdTeryt>0186223</sln:miejscIdTeryt><sln:miejscNazwa>Kraśnik</sln:miejscNazwa><sln:miejscRodzaj>Osada</sln:miejscRodzaj><sln:powIIPId>32d43ea6-09e7-4118-b8a8-dbab953ee72a</sln:powIIPId><sln:powIIPPn>PL.PZGIK.200</sln:powIIPPn><sln:powIIPWersja>2012-09-27T10:07:22+02:00</sln:powIIPWersja><sln:powIdTeryt>3202</sln:powIdTeryt><sln:powNazwa>choszczeński</sln:powNazwa><sln:waznyOd>2011-03-22T00:00:00+01:00</sln:waznyOd><sln:wojIIPId>c3f2202a-b491-49c5-a3af-d581108d939a</sln:wojIIPId><sln:wojIIPPn>PL.PZGIK.200</sln:wojIIPPn><sln:wojIIPWersja>2017-10-10T00:00:00+02:00</sln:wojIIPWersja><sln:wojIdTeryt>32</sln:wojIdTeryt><sln:wojNazwa>zachodniopomorskie</sln:wojNazwa></sln:miejscowosc><sln:miejscowosc><sln:cyklZyciaOd>2017-04-25T00:00:00+02:00</sln:cyklZyciaOd><sln:gmIIPId>1124b409-cbcf-46d2-9e81-ef4fd1a26f87</sln:gmIIPId><sln:gmIIPPn>PL.PZGIK.200</sln:gmIIPPn><sln:gmIIPWersja>2012-09-26T22:33:42+02:00</sln:gmIIPWersja><sln:gmIdTeryt>3202063</sln:gmIdTeryt><sln:gmNazwa>Recz</sln:gmNazwa><sln:miejscIIPId>2c239895-89c5-4a6c-b472-703fc5d5ba9e</sln:miejscIIPId><sln:miejscIIPPn>PL.PZGIK.200</sln:miejscIIPPn><sln:miejscIIPWersja>2017-04-25T12:10:16+02:00</sln:miejscIIPWersja><sln:miejscIdTeryt>0186230</sln:miejscIdTeryt><sln:miejscNazwa>Rybnica</sln:miejscNazwa><sln:miejscRodzaj>Osada leśna</sln:miejscRodzaj><sln:powIIPId>32d43ea6-09e7-4118-b8a8-dbab953ee72a</sln:powIIPId><sln:powIIPPn>PL.PZGIK.200</sln:powIIPPn><sln:powIIPWersja>2012-09-27T10:07:22+02:00</sln:powIIPWersja><sln:powIdTeryt>3202</sln:powIdTeryt><sln:powNazwa>choszczeński</sln:powNazwa><sln:waznyOd>2011-03-22T00:00:00+01:00</sln:waznyOd><sln:wojIIPId>c3f2202a-b491-49c5-a3af-d581108d939a</sln:wojIIPId><sln:wojIIPPn>PL.PZGIK.200</sln:wojIIPPn><sln:wojIIPWersja>2017-10-10T00:00:00+02:00</sln:wojIIPWersja><sln:wojIdTeryt>32</sln:wojIdTeryt><sln:wojNazwa>zachodniopomorskie</sln:wojNazwa></sln:miejscowosc><sln:miejscowosc><sln:cyklZyciaOd>2017-04-25T00:00:00+02:00</sln:cyklZyciaOd><sln:gmIIPId>1124b409-cbcf-46d2-9e81-ef4fd1a26f87</sln:gmIIPId><sln:gmIIPPn>PL.PZGIK.200</sln:gmIIPPn><sln:gmIIPWersja>2012-09-26T22:33:42+02:00</sln:gmIIPWersja><sln:gmIdTeryt>3202063</sln:gmIdTeryt><sln:gmNazwa>Recz</sln:gmNazwa><sln:miejscIIPId>e8b82979-3b75-47c3-8460-1f9f9e8e0050</sln:miejscIIPId><sln:miejscIIPPn>PL.PZGIK.200</sln:miejscIIPPn><sln:miejscIIPWersja>2017-04-25T12:10:16+02:00</sln:miejscIIPWersja><sln:miejscIdTeryt>0186246</sln:miejscIdTeryt><sln:miejscNazwa>Lubieniów</sln:miejscNazwa><sln:miejscRodzaj>Wieś</sln:miejscRodzaj><sln:powIIPId>32d43ea6-09e7-4118-b8a8-dbab953ee72a</sln:powIIPId><sln:powIIPPn>PL.PZGIK.200</sln:powIIPPn><sln:powIIPWersja>2012-09-27T10:07:22+02:00</sln:powIIPWersja><sln:powIdTeryt>3202</sln:powIdTeryt><sln:powNazwa>choszczeński</sln:powNazwa><sln:waznyOd>2011-03-22T00:00:00+01:00</sln:waznyOd><sln:wojIIPId>c3f2202a-b491-49c5-a3af-d581108d939a</sln:wojIIPId><sln:wojIIPPn>PL.PZGIK.200</sln:wojIIPPn><sln:wojIIPWersja>2017-10-10T00:00:00+02:00</sln:wojIIPWersja><sln:wojIdTeryt>32</sln:wojIdTeryt><sln:wojNazwa>zachodniopomorskie</sln:wojNazwa></sln:miejscowosc><sln:miejscowosc><sln:cyklZyciaOd>2017-04-25T00:00:00+02:00</sln:cyklZyciaOd><sln:gmIIPId>1124b409-cbcf-46d2-9e81-ef4fd1a26f87</sln:gmIIPId><sln:gmIIPPn>PL.PZGIK.200</sln:gmIIPPn><sln:gmIIPWersja>2012-09-26T22:33:42+02:00</sln:gmIIPWersja><sln:gmIdTeryt>3202063</sln:gmIdTeryt><sln:gmNazwa>Recz</sln:gmNazwa><sln:miejscIIPId>db0e39b4-b8a7-4062-afec-972c6f283c82</sln:miejscIIPId><sln:miejscIIPPn>PL.PZGIK.200</sln:miejscIIPPn><sln:miejscIIPWersja>2017-04-25T12:10:16+02:00</sln:miejscIIPWersja><sln:miejscIdTeryt>0186252</sln:miejscIdTeryt><sln:miejscNazwa>Lestnica</sln:miejscNazwa><sln:miejscRodzaj>Kolonia</sln:miejscRodzaj><sln:powIIPId>32d43ea6-09e7-4118-b8a8-dbab953ee72a</sln:powIIPId><sln:powIIPPn>PL.PZGIK.200</sln:powIIPPn><sln:powIIPWersja>2012-09-27T10:07:22+02:00</sln:powIIPWersja><sln:powIdTeryt>3202</sln:powIdTeryt><sln:powNazwa>choszczeński</sln:powNazwa><sln:waznyOd>2011-03-22T00:00:00+01:00</sln:waznyOd><sln:wojIIPId>c3f2202a-b491-49c5-a3af-d581108d939a</sln:wojIIPId><sln:wojIIPPn>PL.PZGIK.200</sln:wojIIPPn><sln:wojIIPWersja>2017-10-10T00:00:00+02:00</sln:wojIIPWersja><sln:wojIdTeryt>32</sln:wojIdTeryt><sln:wojNazwa>zachodniopomorskie</sln:wojNazwa></sln:miejscowosc><sln:miejscowosc><sln:cyklZyciaOd>2017-04-25T00:00:00+02:00</sln:cyklZyciaOd><sln:gmIIPId>1124b409-cbcf-46d2-9e81-ef4fd1a26f87</sln:gmIIPId><sln:gmIIPPn>PL.PZGIK.200</sln:gmIIPPn><sln:gmIIPWersja>2012-09-26T22:33:42+02:00</sln:gmIIPWersja><sln:gmIdTeryt>3202063</sln:gmIdTeryt><sln:gmNazwa>Recz</sln:gmNazwa><sln:miejscIIPId>b8545713-b7be-424a-8fd4-8f29859b9440</sln:miejscIIPId><sln:miejscIIPPn>PL.PZGIK.200</sln:miejscIIPPn><sln:miejscIIPWersja>2017-04-25T12:10:16+02:00</sln:miejscIIPWersja><sln:miejscIdTeryt>0186269</sln:miejscIdTeryt><sln:miejscNazwa>Witosław</sln:miejscNazwa><sln:miejscRodzaj>Kolonia</sln:miejscRodzaj><sln:powIIPId>32d43ea6-09e7-4118-b8a8-dbab953ee72a</sln:powIIPId><sln:powIIPPn>PL.PZGIK.200</sln:powIIPPn><sln:powIIPWersja>2012-09-27T10:07:22+02:00</sln:powIIPWersja><sln:powIdTeryt>3202</sln:powIdTeryt><sln:powNazwa>choszczeński</sln:powNazwa><sln:waznyOd>2011-03-22T00:00:00+01:00</sln:waznyOd><sln:wojIIPId>c3f2202a-b491-49c5-a3af-d581108d939a</sln:wojIIPId><sln:wojIIPPn>PL.PZGIK.200</sln:wojIIPPn><sln:wojIIPWersja>2017-10-10T00:00:00+02:00</sln:wojIIPWersja><sln:wojIdTeryt>32</sln:wojIdTeryt><sln:wojNazwa>zachodniopomorskie</sln:wojNazwa></sln:miejscowosc><sln:miejscowosc><sln:cyklZyciaOd>2017-04-25T00:00:00+02:00</sln:cyklZyciaOd><sln:gmIIPId>1124b409-cbcf-46d2-9e81-ef4fd1a26f87</sln:gmIIPId><sln:gmIIPPn>PL.PZGIK.200</sln:gmIIPPn><sln:gmIIPWersja>2012-09-26T22:33:42+02:00</sln:gmIIPWersja><sln:gmIdTeryt>3202063</sln:gmIdTeryt><sln:gmNazwa>Recz</sln:gmNazwa><sln:miejscIIPId>60b975ed-ea13-4af5-88cd-cfe9a4bcb8f2</sln:miejscIIPId><sln:miejscIIPPn>PL.PZGIK.200</sln:miejscIIPPn><sln:miejscIIPWersja>2017-04-25T12:10:16+02:00</sln:miejscIIPWersja><sln:miejscIdTeryt>0186275</sln:miejscIdTeryt><sln:miejscNazwa>Nętkowo</sln:miejscNazwa><sln:miejscRodzaj>Osada</sln:miejscRodzaj><sln:powIIPId>32d43ea6-09e7-4118-b8a8-dbab953ee72a</sln:powIIPId><sln:powIIPPn>PL.PZGIK.200</sln:powIIPPn><sln:powIIPWersja>2012-09-27T10:07:22+02:00</sln:powIIPWersja><sln:powIdTeryt>3202</sln:powIdTeryt><sln:powNazwa>choszczeński</sln:powNazwa><sln:waznyOd>2011-03-22T00:00:00+01:00</sln:waznyOd><sln:wojIIPId>c3f2202a-b491-49c5-a3af-d581108d939a</sln:wojIIPId><sln:wojIIPPn>PL.PZGIK.200</sln:wojIIPPn><sln:wojIIPWersja>2017-10-10T00:00:00+02:00</sln:wojIIPWersja><sln:wojIdTeryt>32</sln:wojIdTeryt><sln:wojNazwa>zachodniopomorskie</sln:wojNazwa></sln:miejscowosc><sln:miejscowosc><sln:cyklZyciaOd>2017-04-25T00:00:00+02:00</sln:cyklZyciaOd><sln:gmIIPId>1124b409-cbcf-46d2-9e81-ef4fd1a26f87</sln:gmIIPId><sln:gmIIPPn>PL.PZGIK.200</sln:gmIIPPn><sln:gmIIPWersja>2012-09-26T22:33:42+02:00</sln:gmIIPWersja><sln:gmIdTeryt>3202063</sln:gmIdTeryt><sln:gmNazwa>Recz</sln:gmNazwa><sln:miejscIIPId>8c4ef46a-4352-4120-8843-09067b1b4e36</sln:miejscIIPId><sln:miejscIIPPn>PL.PZGIK.200</sln:miejscIIPPn><sln:miejscIIPWersja>2017-04-25T12:10:16+02:00</sln:miejscIIPWersja><sln:miejscIdTeryt>0186281</sln:miejscIdTeryt><sln:miejscNazwa>Pamięcin</sln:miejscNazwa><sln:miejscRodzaj>Wieś</sln:miejscRodzaj><sln:powIIPId>32d43ea6-09e7-4118-b8a8-dbab953ee72a</sln:powIIPId><sln:powIIPPn>PL.PZGIK.200</sln:powIIPPn><sln:powIIPWersja>2012-09-27T10:07:22+02:00</sln:powIIPWersja><sln:powIdTeryt>3202</sln:powIdTeryt><sln:powNazwa>choszczeński</sln:powNazwa><sln:waznyOd>2011-03-22T00:00:00+01:00</sln:waznyOd><sln:wojIIPId>c3f2202a-b491-49c5-a3af-d581108d939a</sln:wojIIPId><sln:wojIIPPn>PL.PZGIK.200</sln:wojIIPPn><sln:wojIIPWersja>2017-10-10T00:00:00+02:00</sln:wojIIPWersja><sln:wojIdTeryt>32</sln:wojIdTeryt><sln:wojNazwa>zachodniopomorskie</sln:wojNazwa></sln:miejscowosc><sln:miejscowosc><sln:cyklZyciaOd>2017-04-25T00:00:00+02:00</sln:cyklZyciaOd><sln:gmIIPId>1124b409-cbcf-46d2-9e81-ef4fd1a26f87</sln:gmIIPId><sln:gmIIPPn>PL.PZGIK.200</sln:gmIIPPn><sln:gmIIPWersja>2012-09-26T22:33:42+02:00</sln:gmIIPWersja><sln:gmIdTeryt>3202063</sln:gmIdTeryt><sln:gmNazwa>Recz</sln:gmNazwa><sln:miejscIIPId>60eebe5c-9878-4b06-92c6-c80ad6588bb2</sln:miejscIIPId><sln:miejscIIPPn>PL.PZGIK.200</sln:miejscIIPPn><sln:miejscIIPWersja>2017-04-25T12:10:16+02:00</sln:miejscIIPWersja><sln:miejscIdTeryt>0186298</sln:miejscIdTeryt><sln:miejscNazwa>Pomień</sln:miejscNazwa><sln:miejscRodzaj>Wieś</sln:miejscRodzaj><sln:powIIPId>32d43ea6-09e7-4118-b8a8-dbab953ee72a</sln:powIIPId><sln:powIIPPn>PL.PZGIK.200</sln:powIIPPn><sln:powIIPWersja>2012-09-27T10:07:22+02:00</sln:powIIPWersja><sln:powIdTeryt>3202</sln:powIdTeryt><sln:powNazwa>choszczeński</sln:powNazwa><sln:waznyOd>2011-03-22T00:00:00+01:00</sln:waznyOd><sln:wojIIPId>c3f2202a-b491-49c5-a3af-d581108d939a</sln:wojIIPId><sln:wojIIPPn>PL.PZGIK.200</sln:wojIIPPn><sln:wojIIPWersja>2017-10-10T00:00:00+02:00</sln:wojIIPWersja><sln:wojIdTeryt>32</sln:wojIdTeryt><sln:wojNazwa>zachodniopomorskie</sln:wojNazwa></sln:miejscowosc><sln:miejscowosc><sln:cyklZyciaOd>2017-04-25T00:00:00+02:00</sln:cyklZyciaOd><sln:gmIIPId>1124b409-cbcf-46d2-9e81-ef4fd1a26f87</sln:gmIIPId><sln:gmIIPPn>PL.PZGIK.200</sln:gmIIPPn><sln:gmIIPWersja>2012-09-26T22:33:42+02:00</sln:gmIIPWersja><sln:gmIdTeryt>3202063</sln:gmIdTeryt><sln:gmNazwa>Recz</sln:gmNazwa><sln:miejscIIPId>e69ffcbd-97f4-40bd-8acf-9c4674272351</sln:miejscIIPId><sln:miejscIIPPn>PL.PZGIK.200</sln:miejscIIPPn><sln:miejscIIPWersja>2017-04-25T12:10:16+02:00</sln:miejscIIPWersja><sln:miejscIdTeryt>0186306</sln:miejscIdTeryt><sln:miejscNazwa>Rajsko</sln:miejscNazwa><sln:miejscRodzaj>Wieś</sln:miejscRodzaj><sln:powIIPId>32d43ea6-09e7-4118-b8a8-dbab953ee72a</sln:powIIPId><sln:powIIPPn>PL.PZGIK.200</sln:powIIPPn><sln:powIIPWersja>2012-09-27T10:07:22+02:00</sln:powIIPWersja><sln:powIdTeryt>3202</sln:powIdTeryt><sln:powNazwa>choszczeński</sln:powNazwa><sln:waznyOd>2011-03-22T00:00:00+01:00</sln:waznyOd><sln:wojIIPId>c3f2202a-b491-49c5-a3af-d581108d939a</sln:wojIIPId><sln:wojIIPPn>PL.PZGIK.200</sln:wojIIPPn><sln:wojIIPWersja>2017-10-10T00:00:00+02:00</sln:wojIIPWersja><sln:wojIdTeryt>32</sln:wojIdTeryt><sln:wojNazwa>zachodniopomorskie</sln:wojNazwa></sln:miejscowosc><sln:miejscowosc><sln:cyklZyciaOd>2017-04-25T00:00:00+02:00</sln:cyklZyciaOd><sln:gmIIPId>1124b409-cbcf-46d2-9e81-ef4fd1a26f87</sln:gmIIPId><sln:gmIIPPn>PL.PZGIK.200</sln:gmIIPPn><sln:gmIIPWersja>2012-09-26T22:33:42+02:00</sln:gmIIPWersja><sln:gmIdTeryt>3202063</sln:gmIdTeryt><sln:gmNazwa>Recz</sln:gmNazwa><sln:miejscIIPId>9ea95049-e4ee-4975-b8ff-b3b999642422</sln:miejscIIPId><sln:miejscIIPPn>PL.PZGIK.200</sln:miejscIIPPn><sln:miejscIIPWersja>2017-04-25T12:10:16+02:00</sln:miejscIIPWersja><sln:miejscIdTeryt>0186312</sln:miejscIdTeryt><sln:miejscNazwa>Rybaki</sln:miejscNazwa><sln:miejscRodzaj>Wieś</sln:miejscRodzaj><sln:powIIPId>32d43ea6-09e7-4118-b8a8-dbab953ee72a</sln:powIIPId><sln:powIIPPn>PL.PZGIK.200</sln:powIIPPn><sln:powIIPWersja>2012-09-27T10:07:22+02:00</sln:powIIPWersja><sln:powIdTeryt>3202</sln:powIdTeryt><sln:powNazwa>choszczeński</sln:powNazwa><sln:waznyOd>2011-03-22T00:00:00+01:00</sln:waznyOd><sln:wojIIPId>c3f2202a-b491-49c5-a3af-d581108d939a</sln:wojIIPId><sln:wojIIPPn>PL.PZGIK.200</sln:wojIIPPn><sln:wojIIPWersja>2017-10-10T00:00:00+02:00</sln:wojIIPWersja><sln:wojIdTeryt>32</sln:wojIdTeryt><sln:wojNazwa>zachodniopomorskie</sln:wojNazwa></sln:miejscowosc><sln:miejscowosc><sln:cyklZyciaOd>2017-04-25T00:00:00+02:00</sln:cyklZyciaOd><sln:gmIIPId>1124b409-cbcf-46d2-9e81-ef4fd1a26f87</sln:gmIIPId><sln:gmIIPPn>PL.PZGIK.200</sln:gmIIPPn><sln:gmIIPWersja>2012-09-26T22:33:42+02:00</sln:gmIIPWersja><sln:gmIdTeryt>3202063</sln:gmIdTeryt><sln:gmNazwa>Recz</sln:gmNazwa><sln:miejscIIPId>807ca49d-243a-4f1a-8707-99ec41ad1879</sln:miejscIIPId><sln:miejscIIPPn>PL.PZGIK.200</sln:miejscIIPPn><sln:miejscIIPWersja>2017-04-25T12:10:17+02:00</sln:miejscIIPWersja><sln:miejscIdTeryt>0186335</sln:miejscIdTeryt><sln:miejscNazwa>Sicko</sln:miejscNazwa><sln:miejscRodzaj>Wieś</sln:miejscRodzaj><sln:powIIPId>32d43ea6-09e7-4118-b8a8-dbab953ee72a</sln:powIIPId><sln:powIIPPn>PL.PZGIK.200</sln:powIIPPn><sln:powIIPWersja>2012-09-27T10:07:22+02:00</sln:powIIPWersja><sln:powIdTeryt>3202</sln:powIdTeryt><sln:powNazwa>choszczeński</sln:powNazwa><sln:waznyOd>2011-03-22T00:00:00+01:00</sln:waznyOd><sln:wojIIPId>c3f2202a-b491-49c5-a3af-d581108d939a</sln:wojIIPId><sln:wojIIPPn>PL.PZGIK.200</sln:wojIIPPn><sln:wojIIPWersja>2017-10-10T00:00:00+02:00</sln:wojIIPWersja><sln:wojIdTeryt>32</sln:wojIdTeryt><sln:wojNazwa>zachodniopomorskie</sln:wojNazwa></sln:miejscowosc><sln:miejscowosc><sln:cyklZyciaOd>2017-04-25T00:00:00+02:00</sln:cyklZyciaOd><sln:gmIIPId>1124b409-cbcf-46d2-9e81-ef4fd1a26f87</sln:gmIIPId><sln:gmIIPPn>PL.PZGIK.200</sln:gmIIPPn><sln:gmIIPWersja>2012-09-26T22:33:42+02:00</sln:gmIIPWersja><sln:gmIdTeryt>3202063</sln:gmIdTeryt><sln:gmNazwa>Recz</sln:gmNazwa><sln:miejscIIPId>d4350cef-228b-4157-a9b4-46eb6ba308b9</sln:miejscIIPId><sln:miejscIIPPn>PL.PZGIK.200</sln:miejscIIPPn><sln:miejscIIPWersja>2017-04-25T12:10:17+02:00</sln:miejscIIPWersja><sln:miejscIdTeryt>0186358</sln:miejscIdTeryt><sln:miejscNazwa>Słutowo</sln:miejscNazwa><sln:miejscRodzaj>Osada</sln:miejscRodzaj><sln:powIIPId>32d43ea6-09e7-4118-b8a8-dbab953ee72a</sln:powIIPId><sln:powIIPPn>PL.PZGIK.200</sln:powIIPPn><sln:powIIPWersja>2012-09-27T10:07:22+02:00</sln:powIIPWersja><sln:powIdTeryt>3202</sln:powIdTeryt><sln:powNazwa>choszczeński</sln:powNazwa><sln:waznyOd>2011-03-22T00:00:00+01:00</sln:waznyOd><sln:wojIIPId>c3f2202a-b491-49c5-a3af-d581108d939a</sln:wojIIPId><sln:wojIIPPn>PL.PZGIK.200</sln:wojIIPPn><sln:wojIIPWersja>2017-10-10T00:00:00+02:00</sln:wojIIPWersja><sln:wojIdTeryt>32</sln:wojIdTeryt><sln:wojNazwa>zachodniopomorskie</sln:wojNazwa></sln:miejscowosc><sln:miejscowosc><sln:cyklZyciaOd>2017-04-25T00:00:00+02:00</sln:cyklZyciaOd><sln:gmIIPId>1124b409-cbcf-46d2-9e81-ef4fd1a26f87</sln:gmIIPId><sln:gmIIPPn>PL.PZGIK.200</sln:gmIIPPn><sln:gmIIPWersja>2012-09-26T22:33:42+02:00</sln:gmIIPWersja><sln:gmIdTeryt>3202063</sln:gmIdTeryt><sln:gmNazwa>Recz</sln:gmNazwa><sln:miejscIIPId>3838710c-2545-466a-b4cc-bd648bccfb31</sln:miejscIIPId><sln:miejscIIPPn>PL.PZGIK.200</sln:miejscIIPPn><sln:miejscIIPWersja>2017-04-25T12:10:17+02:00</sln:miejscIIPWersja><sln:miejscIdTeryt>0186364</sln:miejscIdTeryt><sln:miejscNazwa>Sokoliniec</sln:miejscNazwa><sln:miejscRodzaj>Wieś</sln:miejscRodzaj><sln:powIIPId>32d43ea6-09e7-4118-b8a8-dbab953ee72a</sln:powIIPId><sln:powIIPPn>PL.PZGIK.200</sln:powIIPPn><sln:powIIPWersja>2012-09-27T10:07:22+02:00</sln:powIIPWersja><sln:powIdTeryt>3202</sln:powIdTeryt><sln:powNazwa>choszczeński</sln:powNazwa><sln:waznyOd>2011-03-22T00:00:00+01:00</sln:waznyOd><sln:wojIIPId>c3f2202a-b491-49c5-a3af-d581108d939a</sln:wojIIPId><sln:wojIIPPn>PL.PZGIK.200</sln:wojIIPPn><sln:wojIIPWersja>2017-10-10T00:00:00+02:00</sln:wojIIPWersja><sln:wojIdTeryt>32</sln:wojIdTeryt><sln:wojNazwa>zachodniopomorskie</sln:wojNazwa></sln:miejscowosc><sln:miejscowosc><sln:cyklZyciaOd>2017-04-25T00:00:00+02:00</sln:cyklZyciaOd><sln:gmIIPId>1124b409-cbcf-46d2-9e81-ef4fd1a26f87</sln:gmIIPId><sln:gmIIPPn>PL.PZGIK.200</sln:gmIIPPn><sln:gmIIPWersja>2012-09-26T22:33:42+02:00</sln:gmIIPWersja><sln:gmIdTeryt>3202063</sln:gmIdTeryt><sln:gmNazwa>Recz</sln:gmNazwa><sln:miejscIIPId>0a7392d4-2a8e-4dc5-beb6-3e98e6df57a9</sln:miejscIIPId><sln:miejscIIPPn>PL.PZGIK.200</sln:miejscIIPPn><sln:miejscIIPWersja>2017-04-25T12:10:17+02:00</sln:miejscIIPWersja><sln:miejscIdTeryt>0186370</sln:miejscIdTeryt><sln:miejscNazwa>Suliborek</sln:miejscNazwa><sln:miejscRodzaj>Wieś</sln:miejscRodzaj><sln:powIIPId>32d43ea6-09e7-4118-b8a8-dbab953ee72a</sln:powIIPId><sln:powIIPPn>PL.PZGIK.200</sln:powIIPPn><sln:powIIPWersja>2012-09-27T10:07:22+02:00</sln:powIIPWersja><sln:powIdTeryt>3202</sln:powIdTeryt><sln:powNazwa>choszczeński</sln:powNazwa><sln:waznyOd>2011-03-22T00:00:00+01:00</sln:waznyOd><sln:wojIIPId>c3f2202a-b491-49c5-a3af-d581108d939a</sln:wojIIPId><sln:wojIIPPn>PL.PZGIK.200</sln:wojIIPPn><sln:wojIIPWersja>2017-10-10T00:00:00+02:00</sln:wojIIPWersja><sln:wojIdTeryt>32</sln:wojIdTeryt><sln:wojNazwa>zachodniopomorskie</sln:wojNazwa></sln:miejscowosc><sln:miejscowosc><sln:cyklZyciaOd>2017-04-25T00:00:00+02:00</sln:cyklZyciaOd><sln:gmIIPId>1124b409-cbcf-46d2-9e81-ef4fd1a26f87</sln:gmIIPId><sln:gmIIPPn>PL.PZGIK.200</sln:gmIIPPn><sln:gmIIPWersja>2012-09-26T22:33:42+02:00</sln:gmIIPWersja><sln:gmIdTeryt>3202063</sln:gmIdTeryt><sln:gmNazwa>Recz</sln:gmNazwa><sln:miejscIIPId>e7a2f7a6-b02e-4ed4-a694-d068329969dc</sln:miejscIIPId><sln:miejscIIPPn>PL.PZGIK.200</sln:miejscIIPPn><sln:miejscIIPWersja>2017-04-25T12:10:17+02:00</sln:miejscIIPWersja><sln:miejscIdTeryt>0186393</sln:miejscIdTeryt><sln:miejscNazwa>Sulibórz</sln:miejscNazwa><sln:miejscRodzaj>Osada</sln:miejscRodzaj><sln:powIIPId>32d43ea6-09e7-4118-b8a8-dbab953ee72a</sln:powIIPId><sln:powIIPPn>PL.PZGIK.200</sln:powIIPPn><sln:powIIPWersja>2012-09-27T10:07:22+02:00</sln:powIIPWersja><sln:powIdTeryt>3202</sln:powIdTeryt><sln:powNazwa>choszczeński</sln:powNazwa><sln:waznyOd>2011-03-22T00:00:00+01:00</sln:waznyOd><sln:wojIIPId>c3f2202a-b491-49c5-a3af-d581108d939a</sln:wojIIPId><sln:wojIIPPn>PL.PZGIK.200</sln:wojIIPPn><sln:wojIIPWersja>2017-10-10T00:00:00+02:00</sln:wojIIPWersja><sln:wojIdTeryt>32</sln:wojIdTeryt><sln:wojNazwa>zachodniopomorskie</sln:wojNazwa></sln:miejscowosc><sln:miejscowosc><sln:cyklZyciaOd>2017-04-25T00:00:00+02:00</sln:cyklZyciaOd><sln:gmIIPId>1124b409-cbcf-46d2-9e81-ef4fd1a26f87</sln:gmIIPId><sln:gmIIPPn>PL.PZGIK.200</sln:gmIIPPn><sln:gmIIPWersja>2012-09-26T22:33:42+02:00</sln:gmIIPWersja><sln:gmIdTeryt>3202063</sln:gmIdTeryt><sln:gmNazwa>Recz</sln:gmNazwa><sln:miejscIIPId>0362d7bc-886a-430c-bba6-aef545d54f3c</sln:miejscIIPId><sln:miejscIIPPn>PL.PZGIK.200</sln:miejscIIPPn><sln:miejscIIPWersja>2017-04-25T12:10:17+02:00</sln:miejscIIPWersja><sln:miejscIdTeryt>0186401</sln:miejscIdTeryt><sln:miejscNazwa>Wielgoszcz</sln:miejscNazwa><sln:miejscRodzaj>Wieś</sln:miejscRodzaj><sln:powIIPId>32d43ea6-09e7-4118-b8a8-dbab953ee72a</sln:powIIPId><sln:powIIPPn>PL.PZGIK.200</sln:powIIPPn><sln:powIIPWersja>2012-09-27T10:07:22+02:00</sln:powIIPWersja><sln:powIdTeryt>3202</sln:powIdTeryt><sln:powNazwa>choszczeński</sln:powNazwa><sln:waznyOd>2011-03-22T00:00:00+01:00</sln:waznyOd><sln:wojIIPId>c3f2202a-b491-49c5-a3af-d581108d939a</sln:wojIIPId><sln:wojIIPPn>PL.PZGIK.200</sln:wojIIPPn><sln:wojIIPWersja>2017-10-10T00:00:00+02:00</sln:wojIIPWersja><sln:wojIdTeryt>32</sln:wojIdTeryt><sln:wojNazwa>zachodniopomorskie</sln:wojNazwa></sln:miejscowosc><sln:miejscowosc><sln:cyklZyciaOd>2017-04-25T00:00:00+02:00</sln:cyklZyciaOd><sln:gmIIPId>1124b409-cbcf-46d2-9e81-ef4fd1a26f87</sln:gmIIPId><sln:gmIIPPn>PL.PZGIK.200</sln:gmIIPPn><sln:gmIIPWersja>2012-09-26T22:33:42+02:00</sln:gmIIPWersja><sln:gmIdTeryt>3202063</sln:gmIdTeryt><sln:gmNazwa>Recz</sln:gmNazwa><sln:miejscIIPId>6c8cc180-0387-407e-af2f-507e01598b04</sln:miejscIIPId><sln:miejscIIPPn>PL.PZGIK.200</sln:miejscIIPPn><sln:miejscIIPWersja>2017-04-25T12:10:17+02:00</sln:miejscIIPWersja><sln:miejscIdTeryt>0186418</sln:miejscIdTeryt><sln:miejscNazwa>Żeliszewo</sln:miejscNazwa><sln:miejscRodzaj>Wieś</sln:miejscRodzaj><sln:powIIPId>32d43ea6-09e7-4118-b8a8-dbab953ee72a</sln:powIIPId><sln:powIIPPn>PL.PZGIK.200</sln:powIIPPn><sln:powIIPWersja>2012-09-27T10:07:22+02:00</sln:powIIPWersja><sln:powIdTeryt>3202</sln:powIdTeryt><sln:powNazwa>choszczeński</sln:powNazwa><sln:waznyOd>2011-03-22T00:00:00+01:00</sln:waznyOd><sln:wojIIPId>c3f2202a-b491-49c5-a3af-d581108d939a</sln:wojIIPId><sln:wojIIPPn>PL.PZGIK.200</sln:wojIIPPn><sln:wojIIPWersja>2017-10-10T00:00:00+02:00</sln:wojIIPWersja><sln:wojIdTeryt>32</sln:wojIdTeryt><sln:wojNazwa>zachodniopomorskie</sln:wojNazwa></sln:miejscowosc><sln:miejscowosc><sln:cyklZyciaOd>2017-04-25T00:00:00+02:00</sln:cyklZyciaOd><sln:gmIIPId>1124b409-cbcf-46d2-9e81-ef4fd1a26f87</sln:gmIIPId><sln:gmIIPPn>PL.PZGIK.200</sln:gmIIPPn><sln:gmIIPWersja>2012-09-26T22:33:42+02:00</sln:gmIIPWersja><sln:gmIdTeryt>3202063</sln:gmIdTeryt><sln:gmNazwa>Recz</sln:gmNazwa><sln:miejscIIPId>af7c2075-f40d-4285-9129-c8e2986b524c</sln:miejscIIPId><sln:miejscIIPPn>PL.PZGIK.200</sln:miejscIIPPn><sln:miejscIIPWersja>2017-04-25T12:10:17+02:00</sln:miejscIIPWersja><sln:miejscIdTeryt>0935653</sln:miejscIdTeryt><sln:miejscNazwa>Recz</sln:miejscNazwa><sln:miejscRodzaj>Miasto</sln:miejscRodzaj><sln:powIIPId>32d43ea6-09e7-4118-b8a8-dbab953ee72a</sln:powIIPId><sln:powIIPPn>PL.PZGIK.200</sln:powIIPPn><sln:powIIPWersja>2012-09-27T10:07:22+02:00</sln:powIIPWersja><sln:powIdTeryt>3202</sln:powIdTeryt><sln:powNazwa>choszczeński</sln:powNazwa><sln:waznyOd>2011-03-22T00:00:00+01:00</sln:waznyOd><sln:wojIIPId>c3f2202a-b491-49c5-a3af-d581108d939a</sln:wojIIPId><sln:wojIIPPn>PL.PZGIK.200</sln:wojIIPPn><sln:wojIIPWersja>2017-10-10T00:00:00+02:00</sln:wojIIPWersja><sln:wojIdTeryt>32</sln:wojIdTeryt><sln:wojNazwa>zachodniopomorskie</sln:wojNazwa></sln:miejscowosc><sln:miejscowosc><sln:cyklZyciaOd>2017-04-25T00:00:00+02:00</sln:cyklZyciaOd><sln:gmIIPId>1124b409-cbcf-46d2-9e81-ef4fd1a26f87</sln:gmIIPId><sln:gmIIPPn>PL.PZGIK.200</sln:gmIIPPn><sln:gmIIPWersja>2012-09-26T22:33:42+02:00</sln:gmIIPWersja><sln:gmIdTeryt>3202063</sln:gmIdTeryt><sln:gmNazwa>Recz</sln:gmNazwa><sln:miejscIIPId>23374a57-52fe-4b7b-9e4c-6dcf9926015e</sln:miejscIIPId><sln:miejscIIPPn>PL.PZGIK.200</sln:miejscIIPPn><sln:miejscIIPWersja>2017-04-25T12:10:17+02:00</sln:miejscIIPWersja><sln:miejscIdTeryt>0935676</sln:miejscIdTeryt><sln:miejscNazwa>Trzebień</sln:miejscNazwa><sln:miejscRodzaj>Inny obiekt</sln:miejscRodzaj><sln:powIIPId>32d43ea6-09e7-4118-b8a8-dbab953ee72a</sln:powIIPId><sln:powIIPPn>PL.PZGIK.200</sln:powIIPPn><sln:powIIPWersja>2012-09-27T10:07:22+02:00</sln:powIIPWersja><sln:powIdTeryt>3202</sln:powIdTeryt><sln:powNazwa>choszczeński</sln:powNazwa><sln:waznyOd>2012-07-31T00:00:00+02:00</sln:waznyOd><sln:wojIIPId>c3f2202a-b491-49c5-a3af-d581108d939a</sln:wojIIPId><sln:wojIIPPn>PL.PZGIK.200</sln:wojIIPPn><sln:wojIIPWersja>2017-10-10T00:00:00+02:00</sln:wojIIPWersja><sln:wojIdTeryt>32</sln:wojIdTeryt><sln:wojNazwa>zachodniopomorskie</sln:wojNazwa></sln:miejscowosc></sln:lista-miejscowosci>