<?xml version="1.0" encoding="UTF-8" standalone="yes"?><sln:lista-miejscowosci xmlns:srv="http://gugik.gov.pl/schemas/slowniki-service/1.0" xmlns:sln="http://gugik.gov.pl/schemas/slowniki-schema/1.0"><sln:miejscowosc><sln:cyklZyciaOd>2016-05-09T00:00:00+02:00</sln:cyklZyciaOd><sln:gmIIPId>ddefe2ec-de68-48cb-96cc-86f4106bcaf1</sln:gmIIPId><sln:gmIIPPn>PL.PZGIK.200</sln:gmIIPPn><sln:gmIIPWersja>2012-09-26T22:30:10+02:00</sln:gmIIPWersja><sln:gmIdTeryt>3201033</sln:gmIdTeryt><sln:gmNazwa>Karlino</sln:gmNazwa><sln:miejscIIPId>a6d8745e-3285-412a-b02a-2e8356db20dd</sln:miejscIIPId><sln:miejscIIPPn>PL.PZGIK.200</sln:miejscIIPPn><sln:miejscIIPWersja>2016-11-24T14:09:25+02:00</sln:miejscIIPWersja><sln:miejscIdTeryt>0949968</sln:miejscIdTeryt><sln:miejscNazwa>Karlino</sln:miejscNazwa><sln:miejscRodzaj>Miasto</sln:miejscRodzaj><sln:powIIPId>f6f1a1e7-a8df-4d76-8488-8095d935edfe</sln:powIIPId><sln:powIIPPn>PL.PZGIK.200</sln:powIIPPn><sln:powIIPWersja>2012-09-27T10:07:22+02:00</sln:powIIPWersja><sln:powIdTeryt>3201</sln:powIdTeryt><sln:powNazwa>białogardzki</sln:powNazwa><sln:wojIIPId>c3f2202a-b491-49c5-a3af-d581108d939a</sln:wojIIPId><sln:wojIIPPn>PL.PZGIK.200</sln:wojIIPPn><sln:wojIIPWersja>2017-10-10T00:00:00+02:00</sln:wojIIPWersja><sln:wojIdTeryt>32</sln:wojIdTeryt><sln:wojNazwa>zachodniopomorskie</sln:wojNazwa></sln:miejscowosc><sln:miejscowosc><sln:cyklZyciaDo>2017-03-01T00:00:00+01:00</sln:cyklZyciaDo><sln:cyklZyciaOd>2016-05-09T00:00:00+02:00</sln:cyklZyciaOd><sln:gmIIPId>ddefe2ec-de68-48cb-96cc-86f4106bcaf1</sln:gmIIPId><sln:gmIIPPn>PL.PZGIK.200</sln:gmIIPPn><sln:gmIIPWersja>2012-09-26T22:30:10+02:00</sln:gmIIPWersja><sln:gmIdTeryt>3201033</sln:gmIdTeryt><sln:gmNazwa>Karlino</sln:gmNazwa><sln:miejscIIPId>2de38411-23a9-4c8b-8f3e-78edbe6ea9e1</sln:miejscIIPId><sln:miejscIIPPn>PL.PZGIK.200</sln:miejscIIPPn><sln:miejscIIPWersja>2016-11-24T14:07:44+02:00</sln:miejscIIPWersja><sln:miejscIdTeryt>3008906</sln:miejscIdTeryt><sln:miejscNazwa>Osiedle Chrobrego</sln:miejscNazwa><sln:miejscRodzaj>Inny obiekt</sln:miejscRodzaj><sln:powIIPId>f6f1a1e7-a8df-4d76-8488-8095d935edfe</sln:powIIPId><sln:powIIPPn>PL.PZGIK.200</sln:powIIPPn><sln:powIIPWersja>2012-09-27T10:07:22+02:00</sln:powIIPWersja><sln:powIdTeryt>3201</sln:powIdTeryt><sln:powNazwa>białogardzki</sln:powNazwa><sln:wojIIPId>c3f2202a-b491-49c5-a3af-d581108d939a</sln:wojIIPId><sln:wojIIPPn>PL.PZGIK.200</sln:wojIIPPn><sln:wojIIPWersja>2017-10-10T00:00:00+02:00</sln:wojIIPWersja><sln:wojIdTeryt>32</sln:wojIdTeryt><sln:wojNazwa>zachodniopomorskie</sln:wojNazwa></sln:miejscowosc><sln:miejscowosc><sln:cyklZyciaDo>2017-03-01T00:00:00+01:00</sln:cyklZyciaDo><sln:cyklZyciaOd>2016-05-09T00:00:00+02:00</sln:cyklZyciaOd><sln:gmIIPId>ddefe2ec-de68-48cb-96cc-86f4106bcaf1</sln:gmIIPId><sln:gmIIPPn>PL.PZGIK.200</sln:gmIIPPn><sln:gmIIPWersja>2012-09-26T22:30:10+02:00</sln:gmIIPWersja><sln:gmIdTeryt>3201033</sln:gmIdTeryt><sln:gmNazwa>Karlino</sln:gmNazwa><sln:miejscIIPId>2751e6d9-afa8-4480-8970-b7392027576a</sln:miejscIIPId><sln:miejscIIPPn>PL.PZGIK.200</sln:miejscIIPPn><sln:miejscIIPWersja>2016-11-24T14:09:54+02:00</sln:miejscIIPWersja><sln:miejscIdTeryt>3014152</sln:miejscIdTeryt><sln:miejscNazwa>Osiedle Kolejowe</sln:miejscNazwa><sln:miejscRodzaj>Inny obiekt</sln:miejscRodzaj><sln:powIIPId>f6f1a1e7-a8df-4d76-8488-8095d935edfe</sln:powIIPId><sln:powIIPPn>PL.PZGIK.200</sln:powIIPPn><sln:powIIPWersja>2012-09-27T10:07:22+02:00</sln:powIIPWersja><sln:powIdTeryt>3201</sln:powIdTeryt><sln:powNazwa>białogardzki</sln:powNazwa><sln:wojIIPId>c3f2202a-b491-49c5-a3af-d581108d939a</sln:wojIIPId><sln:wojIIPPn>PL.PZGIK.200</sln:wojIIPPn><sln:wojIIPWersja>2017-10-10T00:00:00+02:00</sln:wojIIPWersja><sln:wojIdTeryt>32</sln:wojIdTeryt><sln:wojNazwa>zachodniopomorskie</sln:wojNazwa></sln:miejscowosc><sln:miejscowosc><sln:cyklZyciaDo>2017-03-01T00:00:00+01:00</sln:cyklZyciaDo><sln:cyklZyciaOd>2016-05-09T00:00:00+02:00</sln:cyklZyciaOd><sln:gmIIPId>ddefe2ec-de68-48cb-96cc-86f4106bcaf1</sln:gmIIPId><sln:gmIIPPn>PL.PZGIK.200</sln:gmIIPPn><sln:gmIIPWersja>2012-09-26T22:30:10+02:00</sln:gmIIPWersja><sln:gmIdTeryt>3201033</sln:gmIdTeryt><sln:gmNazwa>Karlino</sln:gmNazwa><sln:miejscIIPId>64fa12df-2a21-4ae7-b404-fd41d4ca451d</sln:miejscIIPId><sln:miejscIIPPn>PL.PZGIK.200</sln:miejscIIPPn><sln:miejscIIPWersja>2016-11-24T14:04:31+02:00</sln:miejscIIPWersja><sln:miejscIdTeryt>3007128</sln:miejscIdTeryt><sln:miejscNazwa>Osiedle Traugutta</sln:miejscNazwa><sln:miejscRodzaj>Inny obiekt</sln:miejscRodzaj><sln:powIIPId>f6f1a1e7-a8df-4d76-8488-8095d935edfe</sln:powIIPId><sln:powIIPPn>PL.PZGIK.200</sln:powIIPPn><sln:powIIPWersja>2012-09-27T10:07:22+02:00</sln:powIIPWersja><sln:powIdTeryt>3201</sln:powIdTeryt><sln:powNazwa>białogardzki</sln:powNazwa><sln:wojIIPId>c3f2202a-b491-49c5-a3af-d581108d939a</sln:wojIIPId><sln:wojIIPPn>PL.PZGIK.200</sln:wojIIPPn><sln:wojIIPWersja>2017-10-10T00:00:00+02:00</sln:wojIIPWersja><sln:wojIdTeryt>32</sln:wojIdTeryt><sln:wojNazwa>zachodniopomorskie</sln:wojNazwa></sln:miejscowosc><sln:miejscowosc><sln:cyklZyciaOd>2016-05-09T00:00:00+02:00</sln:cyklZyciaOd><sln:gmIIPId>ddefe2ec-de68-48cb-96cc-86f4106bcaf1</sln:gmIIPId><sln:gmIIPPn>PL.PZGIK.200</sln:gmIIPPn><sln:gmIIPWersja>2012-09-26T22:30:10+02:00</sln:gmIIPWersja><sln:gmIdTeryt>3201033</sln:gmIdTeryt><sln:gmNazwa>Karlino</sln:gmNazwa><sln:miejscIIPId>8f89592f-a9e6-4a3d-b6ce-d32f13a60259</sln:miejscIIPId><sln:miejscIIPPn>PL.PZGIK.200</sln:miejscIIPPn><sln:miejscIIPWersja>2016-11-24T14:08:05+02:00</sln:miejscIIPWersja><sln:miejscIdTeryt>0307260</sln:miejscIdTeryt><sln:miejscNazwa>Ubysławice</sln:miejscNazwa><sln:miejscRodzaj>Wieś</sln:miejscRodzaj><sln:powIIPId>f6f1a1e7-a8df-4d76-8488-8095d935edfe</sln:powIIPId><sln:powIIPPn>PL.PZGIK.200</sln:powIIPPn><sln:powIIPWersja>2012-09-27T10:07:22+02:00</sln:powIIPWersja><sln:powIdTeryt>3201</sln:powIdTeryt><sln:powNazwa>białogardzki</sln:powNazwa><sln:wojIIPId>c3f2202a-b491-49c5-a3af-d581108d939a</sln:wojIIPId><sln:wojIIPPn>PL.PZGIK.200</sln:wojIIPPn><sln:wojIIPWersja>2017-10-10T00:00:00+02:00</sln:wojIIPWersja><sln:wojIdTeryt>32</sln:wojIdTeryt><sln:wojNazwa>zachodniopomorskie</sln:wojNazwa></sln:miejscowosc><sln:miejscowosc><sln:cyklZyciaOd>2016-05-09T00:00:00+02:00</sln:cyklZyciaOd><sln:gmIIPId>ddefe2ec-de68-48cb-96cc-86f4106bcaf1</sln:gmIIPId><sln:gmIIPPn>PL.PZGIK.200</sln:gmIIPPn><sln:gmIIPWersja>2012-09-26T22:30:10+02:00</sln:gmIIPWersja><sln:gmIdTeryt>3201033</sln:gmIdTeryt><sln:gmNazwa>Karlino</sln:gmNazwa><sln:miejscIIPId>a4cab659-1a29-42e1-b4ef-762768ae3d91</sln:miejscIIPId><sln:miejscIIPPn>PL.PZGIK.200</sln:miejscIIPPn><sln:miejscIIPWersja>2016-11-24T14:07:09+02:00</sln:miejscIIPWersja><sln:miejscIdTeryt>0307187</sln:miejscIdTeryt><sln:miejscNazwa>Kowańcz</sln:miejscNazwa><sln:miejscRodzaj>Wieś</sln:miejscRodzaj><sln:powIIPId>f6f1a1e7-a8df-4d76-8488-8095d935edfe</sln:powIIPId><sln:powIIPPn>PL.PZGIK.200</sln:powIIPPn><sln:powIIPWersja>2012-09-27T10:07:22+02:00</sln:powIIPWersja><sln:powIdTeryt>3201</sln:powIdTeryt><sln:powNazwa>białogardzki</sln:powNazwa><sln:wojIIPId>c3f2202a-b491-49c5-a3af-d581108d939a</sln:wojIIPId><sln:wojIIPPn>PL.PZGIK.200</sln:wojIIPPn><sln:wojIIPWersja>2017-10-10T00:00:00+02:00</sln:wojIIPWersja><sln:wojIdTeryt>32</sln:wojIdTeryt><sln:wojNazwa>zachodniopomorskie</sln:wojNazwa></sln:miejscowosc><sln:miejscowosc><sln:cyklZyciaOd>2016-05-09T00:00:00+02:00</sln:cyklZyciaOd><sln:gmIIPId>ddefe2ec-de68-48cb-96cc-86f4106bcaf1</sln:gmIIPId><sln:gmIIPPn>PL.PZGIK.200</sln:gmIIPPn><sln:gmIIPWersja>2012-09-26T22:30:10+02:00</sln:gmIIPWersja><sln:gmIdTeryt>3201033</sln:gmIdTeryt><sln:gmNazwa>Karlino</sln:gmNazwa><sln:miejscIIPId>fcd7d907-c98f-45eb-bc02-af5cb90f4843</sln:miejscIIPId><sln:miejscIIPPn>PL.PZGIK.200</sln:miejscIIPPn><sln:miejscIIPWersja>2016-11-24T14:04:36+02:00</sln:miejscIIPWersja><sln:miejscIdTeryt>0307164</sln:miejscIdTeryt><sln:miejscNazwa>Pobłocie Wielkie</sln:miejscNazwa><sln:miejscRodzaj>Wieś</sln:miejscRodzaj><sln:powIIPId>f6f1a1e7-a8df-4d76-8488-8095d935edfe</sln:powIIPId><sln:powIIPPn>PL.PZGIK.200</sln:powIIPPn><sln:powIIPWersja>2012-09-27T10:07:22+02:00</sln:powIIPWersja><sln:powIdTeryt>3201</sln:powIdTeryt><sln:powNazwa>białogardzki</sln:powNazwa><sln:wojIIPId>c3f2202a-b491-49c5-a3af-d581108d939a</sln:wojIIPId><sln:wojIIPPn>PL.PZGIK.200</sln:wojIIPPn><sln:wojIIPWersja>2017-10-10T00:00:00+02:00</sln:wojIIPWersja><sln:wojIdTeryt>32</sln:wojIdTeryt><sln:wojNazwa>zachodniopomorskie</sln:wojNazwa></sln:miejscowosc><sln:miejscowosc><sln:cyklZyciaOd>2016-05-09T00:00:00+02:00</sln:cyklZyciaOd><sln:gmIIPId>ddefe2ec-de68-48cb-96cc-86f4106bcaf1</sln:gmIIPId><sln:gmIIPPn>PL.PZGIK.200</sln:gmIIPPn><sln:gmIIPWersja>2012-09-26T22:30:10+02:00</sln:gmIIPWersja><sln:gmIdTeryt>3201033</sln:gmIdTeryt><sln:gmNazwa>Karlino</sln:gmNazwa><sln:miejscIIPId>dfa71084-d826-47b2-80df-f0807bdbf773</sln:miejscIIPId><sln:miejscIIPPn>PL.PZGIK.200</sln:miejscIIPPn><sln:miejscIIPWersja>2016-11-24T14:05:37+02:00</sln:miejscIIPWersja><sln:miejscIdTeryt>0307218</sln:miejscIdTeryt><sln:miejscNIIPId>db146109-3b06-4282-b65a-7a34b56d2e17</sln:miejscNIIPId><sln:miejscNIIPPn>PL.PZGIK.200</sln:miejscNIIPPn><sln:miejscNIIPWersja>2016-11-24T14:05:29+02:00</sln:miejscNIIPWersja><sln:miejscNIdTeryt>0307193</sln:miejscNIdTeryt><sln:miejscNNazwa>Lubiechowo</sln:miejscNNazwa><sln:miejscNRodzaj>Wieś</sln:miejscNRodzaj><sln:miejscNazwa>Lubiechowo-Przystanek</sln:miejscNazwa><sln:miejscRodzaj>Osada</sln:miejscRodzaj><sln:powIIPId>f6f1a1e7-a8df-4d76-8488-8095d935edfe</sln:powIIPId><sln:powIIPPn>PL.PZGIK.200</sln:powIIPPn><sln:powIIPWersja>2012-09-27T10:07:22+02:00</sln:powIIPWersja><sln:powIdTeryt>3201</sln:powIdTeryt><sln:powNazwa>białogardzki</sln:powNazwa><sln:wojIIPId>c3f2202a-b491-49c5-a3af-d581108d939a</sln:wojIIPId><sln:wojIIPPn>PL.PZGIK.200</sln:wojIIPPn><sln:wojIIPWersja>2017-10-10T00:00:00+02:00</sln:wojIIPWersja><sln:wojIdTeryt>32</sln:wojIdTeryt><sln:wojNazwa>zachodniopomorskie</sln:wojNazwa></sln:miejscowosc><sln:miejscowosc><sln:cyklZyciaOd>2016-05-09T00:00:00+02:00</sln:cyklZyciaOd><sln:gmIIPId>ddefe2ec-de68-48cb-96cc-86f4106bcaf1</sln:gmIIPId><sln:gmIIPPn>PL.PZGIK.200</sln:gmIIPPn><sln:gmIIPWersja>2012-09-26T22:30:10+02:00</sln:gmIIPWersja><sln:gmIdTeryt>3201033</sln:gmIdTeryt><sln:gmNazwa>Karlino</sln:gmNazwa><sln:miejscIIPId>db146109-3b06-4282-b65a-7a34b56d2e17</sln:miejscIIPId><sln:miejscIIPPn>PL.PZGIK.200</sln:miejscIIPPn><sln:miejscIIPWersja>2016-11-24T14:05:29+02:00</sln:miejscIIPWersja><sln:miejscIdTeryt>0307193</sln:miejscIdTeryt><sln:miejscNazwa>Lubiechowo</sln:miejscNazwa><sln:miejscRodzaj>Wieś</sln:miejscRodzaj><sln:powIIPId>f6f1a1e7-a8df-4d76-8488-8095d935edfe</sln:powIIPId><sln:powIIPPn>PL.PZGIK.200</sln:powIIPPn><sln:powIIPWersja>2012-09-27T10:07:22+02:00</sln:powIIPWersja><sln:powIdTeryt>3201</sln:powIdTeryt><sln:powNazwa>białogardzki</sln:powNazwa><sln:wojIIPId>c3f2202a-b491-49c5-a3af-d581108d939a</sln:wojIIPId><sln:wojIIPPn>PL.PZGIK.200</sln:wojIIPPn><sln:wojIIPWersja>2017-10-10T00:00:00+02:00</sln:wojIIPWersja><sln:wojIdTeryt>32</sln:wojIdTeryt><sln:wojNazwa>zachodniopomorskie</sln:wojNazwa></sln:miejscowosc><sln:miejscowosc><sln:cyklZyciaOd>2016-05-09T00:00:00+02:00</sln:cyklZyciaOd><sln:gmIIPId>ddefe2ec-de68-48cb-96cc-86f4106bcaf1</sln:gmIIPId><sln:gmIIPPn>PL.PZGIK.200</sln:gmIIPPn><sln:gmIIPWersja>2012-09-26T22:30:10+02:00</sln:gmIIPWersja><sln:gmIdTeryt>3201033</sln:gmIdTeryt><sln:gmNazwa>Karlino</sln:gmNazwa><sln:miejscIIPId>150bc07a-4cca-47ec-b5ca-09461529fe5e</sln:miejscIIPId><sln:miejscIIPPn>PL.PZGIK.200</sln:miejscIIPPn><sln:miejscIIPWersja>2016-11-24T14:03:34+02:00</sln:miejscIIPWersja><sln:miejscIdTeryt>0307299</sln:miejscIdTeryt><sln:miejscNazwa>Zwartowo</sln:miejscNazwa><sln:miejscRodzaj>Wieś</sln:miejscRodzaj><sln:powIIPId>f6f1a1e7-a8df-4d76-8488-8095d935edfe</sln:powIIPId><sln:powIIPPn>PL.PZGIK.200</sln:powIIPPn><sln:powIIPWersja>2012-09-27T10:07:22+02:00</sln:powIIPWersja><sln:powIdTeryt>3201</sln:powIdTeryt><sln:powNazwa>białogardzki</sln:powNazwa><sln:wojIIPId>c3f2202a-b491-49c5-a3af-d581108d939a</sln:wojIIPId><sln:wojIIPPn>PL.PZGIK.200</sln:wojIIPPn><sln:wojIIPWersja>2017-10-10T00:00:00+02:00</sln:wojIIPWersja><sln:wojIdTeryt>32</sln:wojIdTeryt><sln:wojNazwa>zachodniopomorskie</sln:wojNazwa></sln:miejscowosc><sln:miejscowosc><sln:cyklZyciaOd>2016-05-09T00:00:00+02:00</sln:cyklZyciaOd><sln:gmIIPId>ddefe2ec-de68-48cb-96cc-86f4106bcaf1</sln:gmIIPId><sln:gmIIPPn>PL.PZGIK.200</sln:gmIIPPn><sln:gmIIPWersja>2012-09-26T22:30:10+02:00</sln:gmIIPWersja><sln:gmIdTeryt>3201033</sln:gmIdTeryt><sln:gmNazwa>Karlino</sln:gmNazwa><sln:miejscIIPId>d7b7412d-bdd6-44d3-801e-83b524e0381f</sln:miejscIIPId><sln:miejscIIPPn>PL.PZGIK.200</sln:miejscIIPPn><sln:miejscIIPWersja>2016-11-24T14:04:36+02:00</sln:miejscIIPWersja><sln:miejscIdTeryt>0307135</sln:miejscIdTeryt><sln:miejscNazwa>Gościnko</sln:miejscNazwa><sln:miejscRodzaj>Wieś</sln:miejscRodzaj><sln:powIIPId>f6f1a1e7-a8df-4d76-8488-8095d935edfe</sln:powIIPId><sln:powIIPPn>PL.PZGIK.200</sln:powIIPPn><sln:powIIPWersja>2012-09-27T10:07:22+02:00</sln:powIIPWersja><sln:powIdTeryt>3201</sln:powIdTeryt><sln:powNazwa>białogardzki</sln:powNazwa><sln:wojIIPId>c3f2202a-b491-49c5-a3af-d581108d939a</sln:wojIIPId><sln:wojIIPPn>PL.PZGIK.200</sln:wojIIPPn><sln:wojIIPWersja>2017-10-10T00:00:00+02:00</sln:wojIIPWersja><sln:wojIdTeryt>32</sln:wojIdTeryt><sln:wojNazwa>zachodniopomorskie</sln:wojNazwa></sln:miejscowosc><sln:miejscowosc><sln:cyklZyciaOd>2016-05-09T00:00:00+02:00</sln:cyklZyciaOd><sln:gmIIPId>ddefe2ec-de68-48cb-96cc-86f4106bcaf1</sln:gmIIPId><sln:gmIIPPn>PL.PZGIK.200</sln:gmIIPPn><sln:gmIIPWersja>2012-09-26T22:30:10+02:00</sln:gmIIPWersja><sln:gmIdTeryt>3201033</sln:gmIdTeryt><sln:gmNazwa>Karlino</sln:gmNazwa><sln:miejscIIPId>00821190-1ef8-4d8e-bc60-b00f6b63f20a</sln:miejscIIPId><sln:miejscIIPPn>PL.PZGIK.200</sln:miejscIIPPn><sln:miejscIIPWersja>2016-11-24T14:03:03+02:00</sln:miejscIIPWersja><sln:miejscIdTeryt>0307069</sln:miejscIdTeryt><sln:miejscNIIPId>e283aaa5-2f54-400e-a440-7a74e23f3088</sln:miejscNIIPId><sln:miejscNIIPPn>PL.PZGIK.200</sln:miejscNIIPPn><sln:miejscNIIPWersja>2016-11-24T14:06:20+02:00</sln:miejscNIIPWersja><sln:miejscNIdTeryt>0307030</sln:miejscNIdTeryt><sln:miejscNNazwa>Daszewo</sln:miejscNNazwa><sln:miejscNRodzaj>Wieś</sln:miejscNRodzaj><sln:miejscNazwa>Karlinko</sln:miejscNazwa><sln:miejscRodzaj>Osada</sln:miejscRodzaj><sln:powIIPId>f6f1a1e7-a8df-4d76-8488-8095d935edfe</sln:powIIPId><sln:powIIPPn>PL.PZGIK.200</sln:powIIPPn><sln:powIIPWersja>2012-09-27T10:07:22+02:00</sln:powIIPWersja><sln:powIdTeryt>3201</sln:powIdTeryt><sln:powNazwa>białogardzki</sln:powNazwa><sln:wojIIPId>c3f2202a-b491-49c5-a3af-d581108d939a</sln:wojIIPId><sln:wojIIPPn>PL.PZGIK.200</sln:wojIIPPn><sln:wojIIPWersja>2017-10-10T00:00:00+02:00</sln:wojIIPWersja><sln:wojIdTeryt>32</sln:wojIdTeryt><sln:wojNazwa>zachodniopomorskie</sln:wojNazwa></sln:miejscowosc><sln:miejscowosc><sln:cyklZyciaOd>2016-05-09T00:00:00+02:00</sln:cyklZyciaOd><sln:gmIIPId>ddefe2ec-de68-48cb-96cc-86f4106bcaf1</sln:gmIIPId><sln:gmIIPPn>PL.PZGIK.200</sln:gmIIPPn><sln:gmIIPWersja>2012-09-26T22:30:10+02:00</sln:gmIIPWersja><sln:gmIdTeryt>3201033</sln:gmIdTeryt><sln:gmNazwa>Karlino</sln:gmNazwa><sln:miejscIIPId>e283aaa5-2f54-400e-a440-7a74e23f3088</sln:miejscIIPId><sln:miejscIIPPn>PL.PZGIK.200</sln:miejscIIPPn><sln:miejscIIPWersja>2016-11-24T14:06:20+02:00</sln:miejscIIPWersja><sln:miejscIdTeryt>0307030</sln:miejscIdTeryt><sln:miejscNazwa>Daszewo</sln:miejscNazwa><sln:miejscRodzaj>Wieś</sln:miejscRodzaj><sln:powIIPId>f6f1a1e7-a8df-4d76-8488-8095d935edfe</sln:powIIPId><sln:powIIPPn>PL.PZGIK.200</sln:powIIPPn><sln:powIIPWersja>2012-09-27T10:07:22+02:00</sln:powIIPWersja><sln:powIdTeryt>3201</sln:powIdTeryt><sln:powNazwa>białogardzki</sln:powNazwa><sln:wojIIPId>c3f2202a-b491-49c5-a3af-d581108d939a</sln:wojIIPId><sln:wojIIPPn>PL.PZGIK.200</sln:wojIIPPn><sln:wojIIPWersja>2017-10-10T00:00:00+02:00</sln:wojIIPWersja><sln:wojIdTeryt>32</sln:wojIdTeryt><sln:wojNazwa>zachodniopomorskie</sln:wojNazwa></sln:miejscowosc><sln:miejscowosc><sln:cyklZyciaOd>2016-05-09T00:00:00+02:00</sln:cyklZyciaOd><sln:gmIIPId>ddefe2ec-de68-48cb-96cc-86f4106bcaf1</sln:gmIIPId><sln:gmIIPPn>PL.PZGIK.200</sln:gmIIPPn><sln:gmIIPWersja>2012-09-26T22:30:10+02:00</sln:gmIIPWersja><sln:gmIdTeryt>3201033</sln:gmIdTeryt><sln:gmNazwa>Karlino</sln:gmNazwa><sln:miejscIIPId>1f74633a-996f-4f9b-866d-912cff3b48b2</sln:miejscIIPId><sln:miejscIIPPn>PL.PZGIK.200</sln:miejscIIPPn><sln:miejscIIPWersja>2016-11-24T14:06:50+02:00</sln:miejscIIPWersja><sln:miejscIdTeryt>0307106</sln:miejscIdTeryt><sln:miejscNIIPId>e283aaa5-2f54-400e-a440-7a74e23f3088</sln:miejscNIIPId><sln:miejscNIIPPn>PL.PZGIK.200</sln:miejscNIIPPn><sln:miejscNIIPWersja>2016-11-24T14:06:20+02:00</sln:miejscNIIPWersja><sln:miejscNIdTeryt>0307030</sln:miejscNIdTeryt><sln:miejscNNazwa>Daszewo</sln:miejscNNazwa><sln:miejscNRodzaj>Wieś</sln:miejscNRodzaj><sln:miejscNazwa>Witolub</sln:miejscNazwa><sln:miejscRodzaj>Osada</sln:miejscRodzaj><sln:powIIPId>f6f1a1e7-a8df-4d76-8488-8095d935edfe</sln:powIIPId><sln:powIIPPn>PL.PZGIK.200</sln:powIIPPn><sln:powIIPWersja>2012-09-27T10:07:22+02:00</sln:powIIPWersja><sln:powIdTeryt>3201</sln:powIdTeryt><sln:powNazwa>białogardzki</sln:powNazwa><sln:wojIIPId>c3f2202a-b491-49c5-a3af-d581108d939a</sln:wojIIPId><sln:wojIIPPn>PL.PZGIK.200</sln:wojIIPPn><sln:wojIIPWersja>2017-10-10T00:00:00+02:00</sln:wojIIPWersja><sln:wojIdTeryt>32</sln:wojIdTeryt><sln:wojNazwa>zachodniopomorskie</sln:wojNazwa></sln:miejscowosc><sln:miejscowosc><sln:cyklZyciaOd>2016-05-09T00:00:00+02:00</sln:cyklZyciaOd><sln:gmIIPId>ddefe2ec-de68-48cb-96cc-86f4106bcaf1</sln:gmIIPId><sln:gmIIPPn>PL.PZGIK.200</sln:gmIIPPn><sln:gmIIPWersja>2012-09-26T22:30:10+02:00</sln:gmIIPWersja><sln:gmIdTeryt>3201033</sln:gmIdTeryt><sln:gmNazwa>Karlino</sln:gmNazwa><sln:miejscIIPId>756ddef2-e349-4e04-92d8-779aefde2bb1</sln:miejscIIPId><sln:miejscIIPPn>PL.PZGIK.200</sln:miejscIIPPn><sln:miejscIIPWersja>2016-11-24T14:08:27+02:00</sln:miejscIIPWersja><sln:miejscIdTeryt>0307075</sln:miejscIdTeryt><sln:miejscNIIPId>e283aaa5-2f54-400e-a440-7a74e23f3088</sln:miejscNIIPId><sln:miejscNIIPPn>PL.PZGIK.200</sln:miejscNIIPPn><sln:miejscNIIPWersja>2016-11-24T14:06:20+02:00</sln:miejscNIIPWersja><sln:miejscNIdTeryt>0307030</sln:miejscNIdTeryt><sln:miejscNNazwa>Daszewo</sln:miejscNNazwa><sln:miejscNRodzaj>Wieś</sln:miejscNRodzaj><sln:miejscNazwa>Krzywopłoty</sln:miejscNazwa><sln:miejscRodzaj>Osada</sln:miejscRodzaj><sln:powIIPId>f6f1a1e7-a8df-4d76-8488-8095d935edfe</sln:powIIPId><sln:powIIPPn>PL.PZGIK.200</sln:powIIPPn><sln:powIIPWersja>2012-09-27T10:07:22+02:00</sln:powIIPWersja><sln:powIdTeryt>3201</sln:powIdTeryt><sln:powNazwa>białogardzki</sln:powNazwa><sln:wojIIPId>c3f2202a-b491-49c5-a3af-d581108d939a</sln:wojIIPId><sln:wojIIPPn>PL.PZGIK.200</sln:wojIIPPn><sln:wojIIPWersja>2017-10-10T00:00:00+02:00</sln:wojIIPWersja><sln:wojIdTeryt>32</sln:wojIdTeryt><sln:wojNazwa>zachodniopomorskie</sln:wojNazwa></sln:miejscowosc><sln:miejscowosc><sln:cyklZyciaOd>2016-05-09T00:00:00+02:00</sln:cyklZyciaOd><sln:gmIIPId>ddefe2ec-de68-48cb-96cc-86f4106bcaf1</sln:gmIIPId><sln:gmIIPPn>PL.PZGIK.200</sln:gmIIPPn><sln:gmIIPWersja>2012-09-26T22:30:10+02:00</sln:gmIIPWersja><sln:gmIdTeryt>3201033</sln:gmIdTeryt><sln:gmNazwa>Karlino</sln:gmNazwa><sln:miejscIIPId>f64f4128-e4ec-4f0d-9d52-ac70d8e3c938</sln:miejscIIPId><sln:miejscIIPPn>PL.PZGIK.200</sln:miejscIIPPn><sln:miejscIIPWersja>2016-11-24T14:07:50+02:00</sln:miejscIIPWersja><sln:miejscIdTeryt>0307112</sln:miejscIdTeryt><sln:miejscNazwa>Domacyno</sln:miejscNazwa><sln:miejscRodzaj>Wieś</sln:miejscRodzaj><sln:powIIPId>f6f1a1e7-a8df-4d76-8488-8095d935edfe</sln:powIIPId><sln:powIIPPn>PL.PZGIK.200</sln:powIIPPn><sln:powIIPWersja>2012-09-27T10:07:22+02:00</sln:powIIPWersja><sln:powIdTeryt>3201</sln:powIdTeryt><sln:powNazwa>białogardzki</sln:powNazwa><sln:wojIIPId>c3f2202a-b491-49c5-a3af-d581108d939a</sln:wojIIPId><sln:wojIIPPn>PL.PZGIK.200</sln:wojIIPPn><sln:wojIIPWersja>2017-10-10T00:00:00+02:00</sln:wojIIPWersja><sln:wojIdTeryt>32</sln:wojIdTeryt><sln:wojNazwa>zachodniopomorskie</sln:wojNazwa></sln:miejscowosc><sln:miejscowosc><sln:cyklZyciaOd>2016-05-09T00:00:00+02:00</sln:cyklZyciaOd><sln:gmIIPId>ddefe2ec-de68-48cb-96cc-86f4106bcaf1</sln:gmIIPId><sln:gmIIPPn>PL.PZGIK.200</sln:gmIIPPn><sln:gmIIPWersja>2012-09-26T22:30:10+02:00</sln:gmIIPWersja><sln:gmIdTeryt>3201033</sln:gmIdTeryt><sln:gmNazwa>Karlino</sln:gmNazwa><sln:miejscIIPId>69c83ac5-dac4-44a0-a7ab-a4a27e8ef921</sln:miejscIIPId><sln:miejscIIPPn>PL.PZGIK.200</sln:miejscIIPPn><sln:miejscIIPWersja>2016-11-24T14:02:49+02:00</sln:miejscIIPWersja><sln:miejscIdTeryt>0307230</sln:miejscIdTeryt><sln:miejscNIIPId>0b5b254e-af20-4763-bef3-01b496caa5a3</sln:miejscNIIPId><sln:miejscNIIPPn>PL.PZGIK.200</sln:miejscNIIPPn><sln:miejscNIIPWersja>2016-11-24T14:05:13+02:00</sln:miejscNIIPWersja><sln:miejscNIdTeryt>0307224</sln:miejscNIdTeryt><sln:miejscNNazwa>Malonowo</sln:miejscNNazwa><sln:miejscNRodzaj>Wieś</sln:miejscNRodzaj><sln:miejscNazwa>Kozia Góra</sln:miejscNazwa><sln:miejscRodzaj>Osada</sln:miejscRodzaj><sln:powIIPId>f6f1a1e7-a8df-4d76-8488-8095d935edfe</sln:powIIPId><sln:powIIPPn>PL.PZGIK.200</sln:powIIPPn><sln:powIIPWersja>2012-09-27T10:07:22+02:00</sln:powIIPWersja><sln:powIdTeryt>3201</sln:powIdTeryt><sln:powNazwa>białogardzki</sln:powNazwa><sln:wojIIPId>c3f2202a-b491-49c5-a3af-d581108d939a</sln:wojIIPId><sln:wojIIPPn>PL.PZGIK.200</sln:wojIIPPn><sln:wojIIPWersja>2017-10-10T00:00:00+02:00</sln:wojIIPWersja><sln:wojIdTeryt>32</sln:wojIdTeryt><sln:wojNazwa>zachodniopomorskie</sln:wojNazwa></sln:miejscowosc><sln:miejscowosc><sln:cyklZyciaOd>2016-05-09T00:00:00+02:00</sln:cyklZyciaOd><sln:gmIIPId>ddefe2ec-de68-48cb-96cc-86f4106bcaf1</sln:gmIIPId><sln:gmIIPPn>PL.PZGIK.200</sln:gmIIPPn><sln:gmIIPWersja>2012-09-26T22:30:10+02:00</sln:gmIIPWersja><sln:gmIdTeryt>3201033</sln:gmIdTeryt><sln:gmNazwa>Karlino</sln:gmNazwa><sln:miejscIIPId>0b5b254e-af20-4763-bef3-01b496caa5a3</sln:miejscIIPId><sln:miejscIIPPn>PL.PZGIK.200</sln:miejscIIPPn><sln:miejscIIPWersja>2016-11-24T14:05:13+02:00</sln:miejscIIPWersja><sln:miejscIdTeryt>0307224</sln:miejscIdTeryt><sln:miejscNazwa>Malonowo</sln:miejscNazwa><sln:miejscRodzaj>Wieś</sln:miejscRodzaj><sln:powIIPId>f6f1a1e7-a8df-4d76-8488-8095d935edfe</sln:powIIPId><sln:powIIPPn>PL.PZGIK.200</sln:powIIPPn><sln:powIIPWersja>2012-09-27T10:07:22+02:00</sln:powIIPWersja><sln:powIdTeryt>3201</sln:powIdTeryt><sln:powNazwa>białogardzki</sln:powNazwa><sln:wojIIPId>c3f2202a-b491-49c5-a3af-d581108d939a</sln:wojIIPId><sln:wojIIPPn>PL.PZGIK.200</sln:wojIIPPn><sln:wojIIPWersja>2017-10-10T00:00:00+02:00</sln:wojIIPWersja><sln:wojIdTeryt>32</sln:wojIdTeryt><sln:wojNazwa>zachodniopomorskie</sln:wojNazwa></sln:miejscowosc><sln:miejscowosc><sln:cyklZyciaOd>2016-05-09T00:00:00+02:00</sln:cyklZyciaOd><sln:gmIIPId>ddefe2ec-de68-48cb-96cc-86f4106bcaf1</sln:gmIIPId><sln:gmIIPPn>PL.PZGIK.200</sln:gmIIPPn><sln:gmIIPWersja>2012-09-26T22:30:10+02:00</sln:gmIIPWersja><sln:gmIdTeryt>3201033</sln:gmIdTeryt><sln:gmNazwa>Karlino</sln:gmNazwa><sln:miejscIIPId>2fbe17ac-2749-483b-928a-f9263cf90cce</sln:miejscIIPId><sln:miejscIIPPn>PL.PZGIK.200</sln:miejscIIPPn><sln:miejscIIPWersja>2016-11-24T14:02:42+02:00</sln:miejscIIPWersja><sln:miejscIdTeryt>0307201</sln:miejscIdTeryt><sln:miejscNazwa>Czerwięcino</sln:miejscNazwa><sln:miejscRodzaj>Wieś</sln:miejscRodzaj><sln:powIIPId>f6f1a1e7-a8df-4d76-8488-8095d935edfe</sln:powIIPId><sln:powIIPPn>PL.PZGIK.200</sln:powIIPPn><sln:powIIPWersja>2012-09-27T10:07:22+02:00</sln:powIIPWersja><sln:powIdTeryt>3201</sln:powIdTeryt><sln:powNazwa>białogardzki</sln:powNazwa><sln:wojIIPId>c3f2202a-b491-49c5-a3af-d581108d939a</sln:wojIIPId><sln:wojIIPPn>PL.PZGIK.200</sln:wojIIPPn><sln:wojIIPWersja>2017-10-10T00:00:00+02:00</sln:wojIIPWersja><sln:wojIdTeryt>32</sln:wojIdTeryt><sln:wojNazwa>zachodniopomorskie</sln:wojNazwa></sln:miejscowosc><sln:miejscowosc><sln:cyklZyciaOd>2016-05-09T00:00:00+02:00</sln:cyklZyciaOd><sln:gmIIPId>ddefe2ec-de68-48cb-96cc-86f4106bcaf1</sln:gmIIPId><sln:gmIIPPn>PL.PZGIK.200</sln:gmIIPPn><sln:gmIIPWersja>2012-09-26T22:30:10+02:00</sln:gmIIPWersja><sln:gmIdTeryt>3201033</sln:gmIdTeryt><sln:gmNazwa>Karlino</sln:gmNazwa><sln:miejscIIPId>3be53969-fbee-4c67-92ba-67a7f5e2a229</sln:miejscIIPId><sln:miejscIIPPn>PL.PZGIK.200</sln:miejscIIPPn><sln:miejscIIPWersja>2016-11-24T14:06:56+02:00</sln:miejscIIPWersja><sln:miejscIdTeryt>0307098</sln:miejscIdTeryt><sln:miejscNazwa>Syrkowice</sln:miejscNazwa><sln:miejscRodzaj>Wieś</sln:miejscRodzaj><sln:powIIPId>f6f1a1e7-a8df-4d76-8488-8095d935edfe</sln:powIIPId><sln:powIIPPn>PL.PZGIK.200</sln:powIIPPn><sln:powIIPWersja>2012-09-27T10:07:22+02:00</sln:powIIPWersja><sln:powIdTeryt>3201</sln:powIdTeryt><sln:powNazwa>białogardzki</sln:powNazwa><sln:wojIIPId>c3f2202a-b491-49c5-a3af-d581108d939a</sln:wojIIPId><sln:wojIIPPn>PL.PZGIK.200</sln:wojIIPPn><sln:wojIIPWersja>2017-10-10T00:00:00+02:00</sln:wojIIPWersja><sln:wojIdTeryt>32</sln:wojIdTeryt><sln:wojNazwa>zachodniopomorskie</sln:wojNazwa></sln:miejscowosc><sln:miejscowosc><sln:cyklZyciaOd>2016-05-09T00:00:00+02:00</sln:cyklZyciaOd><sln:gmIIPId>ddefe2ec-de68-48cb-96cc-86f4106bcaf1</sln:gmIIPId><sln:gmIIPPn>PL.PZGIK.200</sln:gmIIPPn><sln:gmIIPWersja>2012-09-26T22:30:10+02:00</sln:gmIIPWersja><sln:gmIdTeryt>3201033</sln:gmIdTeryt><sln:gmNazwa>Karlino</sln:gmNazwa><sln:miejscIIPId>be394c67-21c3-4675-bfb0-852b1c3820ac</sln:miejscIIPId><sln:miejscIIPPn>PL.PZGIK.200</sln:miejscIIPPn><sln:miejscIIPWersja>2016-11-24T14:04:20+02:00</sln:miejscIIPWersja><sln:miejscIdTeryt>0307046</sln:miejscIdTeryt><sln:miejscNIIPId>e283aaa5-2f54-400e-a440-7a74e23f3088</sln:miejscNIIPId><sln:miejscNIIPPn>PL.PZGIK.200</sln:miejscNIIPPn><sln:miejscNIIPWersja>2016-11-24T14:06:20+02:00</sln:miejscNIIPWersja><sln:miejscNIdTeryt>0307030</sln:miejscNIdTeryt><sln:miejscNNazwa>Daszewo</sln:miejscNNazwa><sln:miejscNRodzaj>Wieś</sln:miejscNRodzaj><sln:miejscNazwa>Brzeźno</sln:miejscNazwa><sln:miejscRodzaj>Osada</sln:miejscRodzaj><sln:powIIPId>f6f1a1e7-a8df-4d76-8488-8095d935edfe</sln:powIIPId><sln:powIIPPn>PL.PZGIK.200</sln:powIIPPn><sln:powIIPWersja>2012-09-27T10:07:22+02:00</sln:powIIPWersja><sln:powIdTeryt>3201</sln:powIdTeryt><sln:powNazwa>białogardzki</sln:powNazwa><sln:wojIIPId>c3f2202a-b491-49c5-a3af-d581108d939a</sln:wojIIPId><sln:wojIIPPn>PL.PZGIK.200</sln:wojIIPPn><sln:wojIIPWersja>2017-10-10T00:00:00+02:00</sln:wojIIPWersja><sln:wojIdTeryt>32</sln:wojIdTeryt><sln:wojNazwa>zachodniopomorskie</sln:wojNazwa></sln:miejscowosc><sln:miejscowosc><sln:cyklZyciaOd>2016-05-09T00:00:00+02:00</sln:cyklZyciaOd><sln:gmIIPId>ddefe2ec-de68-48cb-96cc-86f4106bcaf1</sln:gmIIPId><sln:gmIIPPn>PL.PZGIK.200</sln:gmIIPPn><sln:gmIIPWersja>2012-09-26T22:30:10+02:00</sln:gmIIPWersja><sln:gmIdTeryt>3201033</sln:gmIdTeryt><sln:gmNazwa>Karlino</sln:gmNazwa><sln:miejscIIPId>a5e901d3-2fac-4caf-bb2d-068c2ae97c76</sln:miejscIIPId><sln:miejscIIPPn>PL.PZGIK.200</sln:miejscIIPPn><sln:miejscIIPWersja>2016-11-24T14:04:36+02:00</sln:miejscIIPWersja><sln:miejscIdTeryt>0307052</sln:miejscIdTeryt><sln:miejscNIIPId>e283aaa5-2f54-400e-a440-7a74e23f3088</sln:miejscNIIPId><sln:miejscNIIPPn>PL.PZGIK.200</sln:miejscNIIPPn><sln:miejscNIIPWersja>2016-11-24T14:06:20+02:00</sln:miejscNIIPWersja><sln:miejscNIdTeryt>0307030</sln:miejscNIdTeryt><sln:miejscNNazwa>Daszewo</sln:miejscNNazwa><sln:miejscNRodzaj>Wieś</sln:miejscNRodzaj><sln:miejscNazwa>Dębolas</sln:miejscNazwa><sln:miejscRodzaj>Osada</sln:miejscRodzaj><sln:powIIPId>f6f1a1e7-a8df-4d76-8488-8095d935edfe</sln:powIIPId><sln:powIIPPn>PL.PZGIK.200</sln:powIIPPn><sln:powIIPWersja>2012-09-27T10:07:22+02:00</sln:powIIPWersja><sln:powIdTeryt>3201</sln:powIdTeryt><sln:powNazwa>białogardzki</sln:powNazwa><sln:wojIIPId>c3f2202a-b491-49c5-a3af-d581108d939a</sln:wojIIPId><sln:wojIIPPn>PL.PZGIK.200</sln:wojIIPPn><sln:wojIIPWersja>2017-10-10T00:00:00+02:00</sln:wojIIPWersja><sln:wojIdTeryt>32</sln:wojIdTeryt><sln:wojNazwa>zachodniopomorskie</sln:wojNazwa></sln:miejscowosc><sln:miejscowosc><sln:cyklZyciaOd>2016-05-09T00:00:00+02:00</sln:cyklZyciaOd><sln:gmIIPId>ddefe2ec-de68-48cb-96cc-86f4106bcaf1</sln:gmIIPId><sln:gmIIPPn>PL.PZGIK.200</sln:gmIIPPn><sln:gmIIPWersja>2012-09-26T22:30:10+02:00</sln:gmIIPWersja><sln:gmIdTeryt>3201033</sln:gmIdTeryt><sln:gmNazwa>Karlino</sln:gmNazwa><sln:miejscIIPId>06b6c1b1-8828-40ce-9e30-397c17dd260a</sln:miejscIIPId><sln:miejscIIPPn>PL.PZGIK.200</sln:miejscIIPPn><sln:miejscIIPWersja>2016-11-24T14:09:00+02:00</sln:miejscIIPWersja><sln:miejscIdTeryt>0307253</sln:miejscIdTeryt><sln:miejscNazwa>Mierzynek</sln:miejscNazwa><sln:miejscRodzaj>Wieś</sln:miejscRodzaj><sln:powIIPId>f6f1a1e7-a8df-4d76-8488-8095d935edfe</sln:powIIPId><sln:powIIPPn>PL.PZGIK.200</sln:powIIPPn><sln:powIIPWersja>2012-09-27T10:07:22+02:00</sln:powIIPWersja><sln:powIdTeryt>3201</sln:powIdTeryt><sln:powNazwa>białogardzki</sln:powNazwa><sln:wojIIPId>c3f2202a-b491-49c5-a3af-d581108d939a</sln:wojIIPId><sln:wojIIPPn>PL.PZGIK.200</sln:wojIIPPn><sln:wojIIPWersja>2017-10-10T00:00:00+02:00</sln:wojIIPWersja><sln:wojIdTeryt>32</sln:wojIdTeryt><sln:wojNazwa>zachodniopomorskie</sln:wojNazwa></sln:miejscowosc><sln:miejscowosc><sln:cyklZyciaOd>2016-05-09T00:00:00+02:00</sln:cyklZyciaOd><sln:gmIIPId>ddefe2ec-de68-48cb-96cc-86f4106bcaf1</sln:gmIIPId><sln:gmIIPPn>PL.PZGIK.200</sln:gmIIPPn><sln:gmIIPWersja>2012-09-26T22:30:10+02:00</sln:gmIIPWersja><sln:gmIdTeryt>3201033</sln:gmIdTeryt><sln:gmNazwa>Karlino</sln:gmNazwa><sln:miejscIIPId>2c3183d4-fcc6-4cf4-b53f-e40bc48b3b09</sln:miejscIIPId><sln:miejscIIPPn>PL.PZGIK.200</sln:miejscIIPPn><sln:miejscIIPWersja>2016-11-24T14:04:16+02:00</sln:miejscIIPWersja><sln:miejscIdTeryt>0307170</sln:miejscIdTeryt><sln:miejscNazwa>Karwin</sln:miejscNazwa><sln:miejscRodzaj>Wieś</sln:miejscRodzaj><sln:powIIPId>f6f1a1e7-a8df-4d76-8488-8095d935edfe</sln:powIIPId><sln:powIIPPn>PL.PZGIK.200</sln:powIIPPn><sln:powIIPWersja>2012-09-27T10:07:22+02:00</sln:powIIPWersja><sln:powIdTeryt>3201</sln:powIdTeryt><sln:powNazwa>białogardzki</sln:powNazwa><sln:wojIIPId>c3f2202a-b491-49c5-a3af-d581108d939a</sln:wojIIPId><sln:wojIIPPn>PL.PZGIK.200</sln:wojIIPPn><sln:wojIIPWersja>2017-10-10T00:00:00+02:00</sln:wojIIPWersja><sln:wojIdTeryt>32</sln:wojIdTeryt><sln:wojNazwa>zachodniopomorskie</sln:wojNazwa></sln:miejscowosc><sln:miejscowosc><sln:cyklZyciaOd>2016-05-09T00:00:00+02:00</sln:cyklZyciaOd><sln:gmIIPId>ddefe2ec-de68-48cb-96cc-86f4106bcaf1</sln:gmIIPId><sln:gmIIPPn>PL.PZGIK.200</sln:gmIIPPn><sln:gmIIPWersja>2012-09-26T22:30:10+02:00</sln:gmIIPWersja><sln:gmIdTeryt>3201033</sln:gmIdTeryt><sln:gmNazwa>Karlino</sln:gmNazwa><sln:miejscIIPId>c8184442-14df-4f68-97c3-db163f661bc9</sln:miejscIIPId><sln:miejscIIPPn>PL.PZGIK.200</sln:miejscIIPPn><sln:miejscIIPWersja>2016-11-24T14:04:50+02:00</sln:miejscIIPWersja><sln:miejscIdTeryt>0307129</sln:miejscIdTeryt><sln:miejscNazwa>Garnki</sln:miejscNazwa><sln:miejscRodzaj>Wieś</sln:miejscRodzaj><sln:powIIPId>f6f1a1e7-a8df-4d76-8488-8095d935edfe</sln:powIIPId><sln:powIIPPn>PL.PZGIK.200</sln:powIIPPn><sln:powIIPWersja>2012-09-27T10:07:22+02:00</sln:powIIPWersja><sln:powIdTeryt>3201</sln:powIdTeryt><sln:powNazwa>białogardzki</sln:powNazwa><sln:wojIIPId>c3f2202a-b491-49c5-a3af-d581108d939a</sln:wojIIPId><sln:wojIIPPn>PL.PZGIK.200</sln:wojIIPPn><sln:wojIIPWersja>2017-10-10T00:00:00+02:00</sln:wojIIPWersja><sln:wojIdTeryt>32</sln:wojIdTeryt><sln:wojNazwa>zachodniopomorskie</sln:wojNazwa></sln:miejscowosc><sln:miejscowosc><sln:cyklZyciaOd>2016-05-09T00:00:00+02:00</sln:cyklZyciaOd><sln:gmIIPId>ddefe2ec-de68-48cb-96cc-86f4106bcaf1</sln:gmIIPId><sln:gmIIPPn>PL.PZGIK.200</sln:gmIIPPn><sln:gmIIPWersja>2012-09-26T22:30:10+02:00</sln:gmIIPWersja><sln:gmIdTeryt>3201033</sln:gmIdTeryt><sln:gmNazwa>Karlino</sln:gmNazwa><sln:miejscIIPId>6023ec53-fdb0-4343-9237-e7261c2e0f23</sln:miejscIIPId><sln:miejscIIPPn>PL.PZGIK.200</sln:miejscIIPPn><sln:miejscIIPWersja>2016-11-24T14:06:48+02:00</sln:miejscIIPWersja><sln:miejscIdTeryt>0307141</sln:miejscIdTeryt><sln:miejscNazwa>Karścino</sln:miejscNazwa><sln:miejscRodzaj>Wieś</sln:miejscRodzaj><sln:powIIPId>f6f1a1e7-a8df-4d76-8488-8095d935edfe</sln:powIIPId><sln:powIIPPn>PL.PZGIK.200</sln:powIIPPn><sln:powIIPWersja>2012-09-27T10:07:22+02:00</sln:powIIPWersja><sln:powIdTeryt>3201</sln:powIdTeryt><sln:powNazwa>białogardzki</sln:powNazwa><sln:wojIIPId>c3f2202a-b491-49c5-a3af-d581108d939a</sln:wojIIPId><sln:wojIIPPn>PL.PZGIK.200</sln:wojIIPPn><sln:wojIIPWersja>2017-10-10T00:00:00+02:00</sln:wojIIPWersja><sln:wojIdTeryt>32</sln:wojIdTeryt><sln:wojNazwa>zachodniopomorskie</sln:wojNazwa></sln:miejscowosc><sln:miejscowosc><sln:cyklZyciaOd>2016-05-09T00:00:00+02:00</sln:cyklZyciaOd><sln:gmIIPId>ddefe2ec-de68-48cb-96cc-86f4106bcaf1</sln:gmIIPId><sln:gmIIPPn>PL.PZGIK.200</sln:gmIIPPn><sln:gmIIPWersja>2012-09-26T22:30:10+02:00</sln:gmIIPWersja><sln:gmIdTeryt>3201033</sln:gmIdTeryt><sln:gmNazwa>Karlino</sln:gmNazwa><sln:miejscIIPId>4234d797-dc1d-4958-85d4-20be56b431b2</sln:miejscIIPId><sln:miejscIIPPn>PL.PZGIK.200</sln:miejscIIPPn><sln:miejscIIPWersja>2016-11-24T14:09:05+02:00</sln:miejscIIPWersja><sln:miejscIdTeryt>0307158</sln:miejscIdTeryt><sln:miejscNazwa>Chotyń</sln:miejscNazwa><sln:miejscRodzaj>Wieś</sln:miejscRodzaj><sln:powIIPId>f6f1a1e7-a8df-4d76-8488-8095d935edfe</sln:powIIPId><sln:powIIPPn>PL.PZGIK.200</sln:powIIPPn><sln:powIIPWersja>2012-09-27T10:07:22+02:00</sln:powIIPWersja><sln:powIdTeryt>3201</sln:powIdTeryt><sln:powNazwa>białogardzki</sln:powNazwa><sln:wojIIPId>c3f2202a-b491-49c5-a3af-d581108d939a</sln:wojIIPId><sln:wojIIPPn>PL.PZGIK.200</sln:wojIIPPn><sln:wojIIPWersja>2017-10-10T00:00:00+02:00</sln:wojIIPWersja><sln:wojIdTeryt>32</sln:wojIdTeryt><sln:wojNazwa>zachodniopomorskie</sln:wojNazwa></sln:miejscowosc><sln:miejscowosc><sln:cyklZyciaOd>2016-05-09T00:00:00+02:00</sln:cyklZyciaOd><sln:gmIIPId>ddefe2ec-de68-48cb-96cc-86f4106bcaf1</sln:gmIIPId><sln:gmIIPPn>PL.PZGIK.200</sln:gmIIPPn><sln:gmIIPWersja>2012-09-26T22:30:10+02:00</sln:gmIIPWersja><sln:gmIdTeryt>3201033</sln:gmIdTeryt><sln:gmNazwa>Karlino</sln:gmNazwa><sln:miejscIIPId>e75eec03-57bc-4714-9359-0d1b5bfafa57</sln:miejscIIPId><sln:miejscIIPPn>PL.PZGIK.200</sln:miejscIIPPn><sln:miejscIIPWersja>2016-11-24T14:08:33+02:00</sln:miejscIIPWersja><sln:miejscIdTeryt>0307247</sln:miejscIdTeryt><sln:miejscNazwa>Krukowo</sln:miejscNazwa><sln:miejscRodzaj>Wieś</sln:miejscRodzaj><sln:powIIPId>f6f1a1e7-a8df-4d76-8488-8095d935edfe</sln:powIIPId><sln:powIIPPn>PL.PZGIK.200</sln:powIIPPn><sln:powIIPWersja>2012-09-27T10:07:22+02:00</sln:powIIPWersja><sln:powIdTeryt>3201</sln:powIdTeryt><sln:powNazwa>białogardzki</sln:powNazwa><sln:wojIIPId>c3f2202a-b491-49c5-a3af-d581108d939a</sln:wojIIPId><sln:wojIIPPn>PL.PZGIK.200</sln:wojIIPPn><sln:wojIIPWersja>2017-10-10T00:00:00+02:00</sln:wojIIPWersja><sln:wojIdTeryt>32</sln:wojIdTeryt><sln:wojNazwa>zachodniopomorskie</sln:wojNazwa></sln:miejscowosc><sln:miejscowosc><sln:cyklZyciaOd>2016-05-09T00:00:00+02:00</sln:cyklZyciaOd><sln:gmIIPId>ddefe2ec-de68-48cb-96cc-86f4106bcaf1</sln:gmIIPId><sln:gmIIPPn>PL.PZGIK.200</sln:gmIIPPn><sln:gmIIPWersja>2012-09-26T22:30:10+02:00</sln:gmIIPWersja><sln:gmIdTeryt>3201033</sln:gmIdTeryt><sln:gmNazwa>Karlino</sln:gmNazwa><sln:miejscIIPId>9f99b5d7-c799-4352-8683-35fdaca5f35f</sln:miejscIIPId><sln:miejscIIPPn>PL.PZGIK.200</sln:miejscIIPPn><sln:miejscIIPWersja>2016-11-24T14:06:26+02:00</sln:miejscIIPWersja><sln:miejscIdTeryt>0307081</sln:miejscIdTeryt><sln:miejscNazwa>Poczernino</sln:miejscNazwa><sln:miejscRodzaj>Wieś</sln:miejscRodzaj><sln:powIIPId>f6f1a1e7-a8df-4d76-8488-8095d935edfe</sln:powIIPId><sln:powIIPPn>PL.PZGIK.200</sln:powIIPPn><sln:powIIPWersja>2012-09-27T10:07:22+02:00</sln:powIIPWersja><sln:powIdTeryt>3201</sln:powIdTeryt><sln:powNazwa>białogardzki</sln:powNazwa><sln:wojIIPId>c3f2202a-b491-49c5-a3af-d581108d939a</sln:wojIIPId><sln:wojIIPPn>PL.PZGIK.200</sln:wojIIPPn><sln:wojIIPWersja>2017-10-10T00:00:00+02:00</sln:wojIIPWersja><sln:wojIdTeryt>32</sln:wojIdTeryt><sln:wojNazwa>zachodniopomorskie</sln:wojNazwa></sln:miejscowosc><sln:miejscowosc><sln:cyklZyciaOd>2016-05-09T00:00:00+02:00</sln:cyklZyciaOd><sln:gmIIPId>ddefe2ec-de68-48cb-96cc-86f4106bcaf1</sln:gmIIPId><sln:gmIIPPn>PL.PZGIK.200</sln:gmIIPPn><sln:gmIIPWersja>2012-09-26T22:30:10+02:00</sln:gmIIPWersja><sln:gmIdTeryt>3201033</sln:gmIdTeryt><sln:gmNazwa>Karlino</sln:gmNazwa><sln:miejscIIPId>1163be23-0a9c-4c11-a4dc-bc1dc226ec6f</sln:miejscIIPId><sln:miejscIIPPn>PL.PZGIK.200</sln:miejscIIPPn><sln:miejscIIPWersja>2016-11-24T14:07:25+02:00</sln:miejscIIPWersja><sln:miejscIdTeryt>0307276</sln:miejscIdTeryt><sln:miejscNazwa>Mierzyn</sln:miejscNazwa><sln:miejscRodzaj>Wieś</sln:miejscRodzaj><sln:powIIPId>f6f1a1e7-a8df-4d76-8488-8095d935edfe</sln:powIIPId><sln:powIIPPn>PL.PZGIK.200</sln:powIIPPn><sln:powIIPWersja>2012-09-27T10:07:22+02:00</sln:powIIPWersja><sln:powIdTeryt>3201</sln:powIdTeryt><sln:powNazwa>białogardzki</sln:powNazwa><sln:wojIIPId>c3f2202a-b491-49c5-a3af-d581108d939a</sln:wojIIPId><sln:wojIIPPn>PL.PZGIK.200</sln:wojIIPPn><sln:wojIIPWersja>2017-10-10T00:00:00+02:00</sln:wojIIPWersja><sln:wojIdTeryt>32</sln:wojIdTeryt><sln:wojNazwa>zachodniopomorskie</sln:wojNazwa></sln:miejscowosc><sln:miejscowosc><sln:cyklZyciaOd>2016-05-09T00:00:00+02:00</sln:cyklZyciaOd><sln:gmIIPId>ddefe2ec-de68-48cb-96cc-86f4106bcaf1</sln:gmIIPId><sln:gmIIPPn>PL.PZGIK.200</sln:gmIIPPn><sln:gmIIPWersja>2012-09-26T22:30:10+02:00</sln:gmIIPWersja><sln:gmIdTeryt>3201033</sln:gmIdTeryt><sln:gmNazwa>Karlino</sln:gmNazwa><sln:miejscIIPId>66e55111-8c96-47d7-b4c2-bd42c9f08f71</sln:miejscIIPId><sln:miejscIIPPn>PL.PZGIK.200</sln:miejscIIPPn><sln:miejscIIPWersja>2016-11-24T14:05:29+02:00</sln:miejscIIPWersja><sln:miejscIdTeryt>0307282</sln:miejscIdTeryt><sln:miejscNazwa>Wyganowo</sln:miejscNazwa><sln:miejscRodzaj>Wieś</sln:miejscRodzaj><sln:powIIPId>f6f1a1e7-a8df-4d76-8488-8095d935edfe</sln:powIIPId><sln:powIIPPn>PL.PZGIK.200</sln:powIIPPn><sln:powIIPWersja>2012-09-27T10:07:22+02:00</sln:powIIPWersja><sln:powIdTeryt>3201</sln:powIdTeryt><sln:powNazwa>białogardzki</sln:powNazwa><sln:wojIIPId>c3f2202a-b491-49c5-a3af-d581108d939a</sln:wojIIPId><sln:wojIIPPn>PL.PZGIK.200</sln:wojIIPPn><sln:wojIIPWersja>2017-10-10T00:00:00+02:00</sln:wojIIPWersja><sln:wojIdTeryt>32</sln:wojIdTeryt><sln:wojNazwa>zachodniopomorskie</sln:wojNazwa></sln:miejscowosc></sln:lista-miejscowosci>