<?xml version="1.0" encoding="UTF-8" standalone="yes"?><sln:lista-miejscowosci xmlns:srv="http://gugik.gov.pl/schemas/slowniki-service/1.0" xmlns:sln="http://gugik.gov.pl/schemas/slowniki-schema/1.0"><sln:miejscowosc><sln:cyklZyciaDo>2017-03-31T00:00:00+02:00</sln:cyklZyciaDo><sln:cyklZyciaOd>2015-06-11T00:00:00+02:00</sln:cyklZyciaOd><sln:gmIIPId>82bfe027-8a85-4076-a821-c324b7c0eafa</sln:gmIIPId><sln:gmIIPPn>PL.PZGIK.200</sln:gmIIPPn><sln:gmIIPWersja>2012-09-26T22:34:23+02:00</sln:gmIIPWersja><sln:gmIdTeryt>3210033</sln:gmIdTeryt><sln:gmNazwa>Dębno</sln:gmNazwa><sln:miejscIIPId>c6eda552-14b6-4dd9-a7e6-63a26545eaf5</sln:miejscIIPId><sln:miejscIIPPn>PL.PZGIK.200</sln:miejscIIPPn><sln:miejscIIPWersja>2016-11-24T09:33:41+02:00</sln:miejscIIPWersja><sln:miejscIdTeryt>0179690</sln:miejscIdTeryt><sln:miejscNazwa>Barnówko</sln:miejscNazwa><sln:miejscRodzaj>Wieś</sln:miejscRodzaj><sln:powIIPId>bf9906d2-91eb-4911-8ce0-8c8f3ea1986b</sln:powIIPId><sln:powIIPPn>PL.PZGIK.200</sln:powIIPPn><sln:powIIPWersja>2012-09-27T10:07:22+02:00</sln:powIIPWersja><sln:powIdTeryt>3210</sln:powIdTeryt><sln:powNazwa>myśliborski</sln:powNazwa><sln:waznyOd>2011-04-10T00:00:00+02:00</sln:waznyOd><sln:wojIIPId>c3f2202a-b491-49c5-a3af-d581108d939a</sln:wojIIPId><sln:wojIIPPn>PL.PZGIK.200</sln:wojIIPPn><sln:wojIIPWersja>2017-10-10T00:00:00+02:00</sln:wojIIPWersja><sln:wojIdTeryt>32</sln:wojIdTeryt><sln:wojNazwa>zachodniopomorskie</sln:wojNazwa></sln:miejscowosc><sln:miejscowosc><sln:cyklZyciaDo>2017-03-31T00:00:00+02:00</sln:cyklZyciaDo><sln:cyklZyciaOd>2015-06-11T00:00:00+02:00</sln:cyklZyciaOd><sln:gmIIPId>82bfe027-8a85-4076-a821-c324b7c0eafa</sln:gmIIPId><sln:gmIIPPn>PL.PZGIK.200</sln:gmIIPPn><sln:gmIIPWersja>2012-09-26T22:34:23+02:00</sln:gmIIPWersja><sln:gmIdTeryt>3210033</sln:gmIdTeryt><sln:gmNazwa>Dębno</sln:gmNazwa><sln:miejscIIPId>bc0277fb-cc41-4ec6-92c5-da259ea9261a</sln:miejscIIPId><sln:miejscIIPPn>PL.PZGIK.200</sln:miejscIIPPn><sln:miejscIIPWersja>2016-11-24T09:33:41+02:00</sln:miejscIIPWersja><sln:miejscIdTeryt>0179737</sln:miejscIdTeryt><sln:miejscNazwa>Bogusław</sln:miejscNazwa><sln:miejscRodzaj>Wieś</sln:miejscRodzaj><sln:powIIPId>bf9906d2-91eb-4911-8ce0-8c8f3ea1986b</sln:powIIPId><sln:powIIPPn>PL.PZGIK.200</sln:powIIPPn><sln:powIIPWersja>2012-09-27T10:07:22+02:00</sln:powIIPWersja><sln:powIdTeryt>3210</sln:powIdTeryt><sln:powNazwa>myśliborski</sln:powNazwa><sln:waznyOd>2011-04-10T00:00:00+02:00</sln:waznyOd><sln:wojIIPId>c3f2202a-b491-49c5-a3af-d581108d939a</sln:wojIIPId><sln:wojIIPPn>PL.PZGIK.200</sln:wojIIPPn><sln:wojIIPWersja>2017-10-10T00:00:00+02:00</sln:wojIIPWersja><sln:wojIdTeryt>32</sln:wojIdTeryt><sln:wojNazwa>zachodniopomorskie</sln:wojNazwa></sln:miejscowosc><sln:miejscowosc><sln:cyklZyciaDo>2017-03-31T00:00:00+02:00</sln:cyklZyciaDo><sln:cyklZyciaOd>2015-06-11T00:00:00+02:00</sln:cyklZyciaOd><sln:gmIIPId>82bfe027-8a85-4076-a821-c324b7c0eafa</sln:gmIIPId><sln:gmIIPPn>PL.PZGIK.200</sln:gmIIPPn><sln:gmIIPWersja>2012-09-26T22:34:23+02:00</sln:gmIIPWersja><sln:gmIdTeryt>3210033</sln:gmIdTeryt><sln:gmNazwa>Dębno</sln:gmNazwa><sln:miejscIIPId>1dec81f0-40f9-470b-8fbd-b3147716f067</sln:miejscIIPId><sln:miejscIIPPn>PL.PZGIK.200</sln:miejscIIPPn><sln:miejscIIPWersja>2016-11-24T09:33:41+02:00</sln:miejscIIPWersja><sln:miejscIdTeryt>0179714</sln:miejscIdTeryt><sln:miejscNazwa>Borne</sln:miejscNazwa><sln:miejscRodzaj>Osada</sln:miejscRodzaj><sln:powIIPId>bf9906d2-91eb-4911-8ce0-8c8f3ea1986b</sln:powIIPId><sln:powIIPPn>PL.PZGIK.200</sln:powIIPPn><sln:powIIPWersja>2012-09-27T10:07:22+02:00</sln:powIIPWersja><sln:powIdTeryt>3210</sln:powIdTeryt><sln:powNazwa>myśliborski</sln:powNazwa><sln:waznyOd>2012-12-18T00:00:00+01:00</sln:waznyOd><sln:wojIIPId>c3f2202a-b491-49c5-a3af-d581108d939a</sln:wojIIPId><sln:wojIIPPn>PL.PZGIK.200</sln:wojIIPPn><sln:wojIIPWersja>2017-10-10T00:00:00+02:00</sln:wojIIPWersja><sln:wojIdTeryt>32</sln:wojIdTeryt><sln:wojNazwa>zachodniopomorskie</sln:wojNazwa></sln:miejscowosc><sln:miejscowosc><sln:cyklZyciaDo>2017-03-31T00:00:00+02:00</sln:cyklZyciaDo><sln:cyklZyciaOd>2015-06-11T00:00:00+02:00</sln:cyklZyciaOd><sln:gmIIPId>82bfe027-8a85-4076-a821-c324b7c0eafa</sln:gmIIPId><sln:gmIIPPn>PL.PZGIK.200</sln:gmIIPPn><sln:gmIIPWersja>2012-09-26T22:34:23+02:00</sln:gmIIPWersja><sln:gmIdTeryt>3210033</sln:gmIdTeryt><sln:gmNazwa>Dębno</sln:gmNazwa><sln:miejscIIPId>bc53de1a-3356-4068-a86e-e80c06402c90</sln:miejscIIPId><sln:miejscIIPPn>PL.PZGIK.200</sln:miejscIIPPn><sln:miejscIIPWersja>2016-11-24T09:33:41+02:00</sln:miejscIIPWersja><sln:miejscIdTeryt>0179878</sln:miejscIdTeryt><sln:miejscNazwa>Borówno</sln:miejscNazwa><sln:miejscRodzaj>Kolonia</sln:miejscRodzaj><sln:powIIPId>bf9906d2-91eb-4911-8ce0-8c8f3ea1986b</sln:powIIPId><sln:powIIPPn>PL.PZGIK.200</sln:powIIPPn><sln:powIIPWersja>2012-09-27T10:07:22+02:00</sln:powIIPWersja><sln:powIdTeryt>3210</sln:powIdTeryt><sln:powNazwa>myśliborski</sln:powNazwa><sln:waznyOd>2012-12-18T00:00:00+01:00</sln:waznyOd><sln:wojIIPId>c3f2202a-b491-49c5-a3af-d581108d939a</sln:wojIIPId><sln:wojIIPPn>PL.PZGIK.200</sln:wojIIPPn><sln:wojIIPWersja>2017-10-10T00:00:00+02:00</sln:wojIIPWersja><sln:wojIdTeryt>32</sln:wojIdTeryt><sln:wojNazwa>zachodniopomorskie</sln:wojNazwa></sln:miejscowosc><sln:miejscowosc><sln:cyklZyciaDo>2017-03-31T00:00:00+02:00</sln:cyklZyciaDo><sln:cyklZyciaOd>2015-06-11T00:00:00+02:00</sln:cyklZyciaOd><sln:gmIIPId>82bfe027-8a85-4076-a821-c324b7c0eafa</sln:gmIIPId><sln:gmIIPPn>PL.PZGIK.200</sln:gmIIPPn><sln:gmIIPWersja>2012-09-26T22:34:23+02:00</sln:gmIIPWersja><sln:gmIdTeryt>3210033</sln:gmIdTeryt><sln:gmNazwa>Dębno</sln:gmNazwa><sln:miejscIIPId>290cce40-1aa3-4aba-b3e0-22816c45f906</sln:miejscIIPId><sln:miejscIIPPn>PL.PZGIK.200</sln:miejscIIPPn><sln:miejscIIPWersja>2016-11-24T09:33:41+02:00</sln:miejscIIPWersja><sln:miejscIdTeryt>0179909</sln:miejscIdTeryt><sln:miejscNazwa>Choszczówko</sln:miejscNazwa><sln:miejscRodzaj>Kolonia</sln:miejscRodzaj><sln:powIIPId>bf9906d2-91eb-4911-8ce0-8c8f3ea1986b</sln:powIIPId><sln:powIIPPn>PL.PZGIK.200</sln:powIIPPn><sln:powIIPWersja>2012-09-27T10:07:22+02:00</sln:powIIPWersja><sln:powIdTeryt>3210</sln:powIdTeryt><sln:powNazwa>myśliborski</sln:powNazwa><sln:waznyOd>2012-12-18T00:00:00+01:00</sln:waznyOd><sln:wojIIPId>c3f2202a-b491-49c5-a3af-d581108d939a</sln:wojIIPId><sln:wojIIPPn>PL.PZGIK.200</sln:wojIIPPn><sln:wojIIPWersja>2017-10-10T00:00:00+02:00</sln:wojIIPWersja><sln:wojIdTeryt>32</sln:wojIdTeryt><sln:wojNazwa>zachodniopomorskie</sln:wojNazwa></sln:miejscowosc><sln:miejscowosc><sln:cyklZyciaDo>2017-03-31T00:00:00+02:00</sln:cyklZyciaDo><sln:cyklZyciaOd>2015-06-11T00:00:00+02:00</sln:cyklZyciaOd><sln:gmIIPId>82bfe027-8a85-4076-a821-c324b7c0eafa</sln:gmIIPId><sln:gmIIPPn>PL.PZGIK.200</sln:gmIIPPn><sln:gmIIPWersja>2012-09-26T22:34:23+02:00</sln:gmIIPWersja><sln:gmIdTeryt>3210033</sln:gmIdTeryt><sln:gmNazwa>Dębno</sln:gmNazwa><sln:miejscIIPId>e261e188-39b6-4e91-828c-fc8ed57ff3a2</sln:miejscIIPId><sln:miejscIIPPn>PL.PZGIK.200</sln:miejscIIPPn><sln:miejscIIPWersja>2016-11-24T09:33:41+02:00</sln:miejscIIPWersja><sln:miejscIdTeryt>0179743</sln:miejscIdTeryt><sln:miejscNazwa>Cychry</sln:miejscNazwa><sln:miejscRodzaj>Wieś</sln:miejscRodzaj><sln:powIIPId>bf9906d2-91eb-4911-8ce0-8c8f3ea1986b</sln:powIIPId><sln:powIIPPn>PL.PZGIK.200</sln:powIIPPn><sln:powIIPWersja>2012-09-27T10:07:22+02:00</sln:powIIPWersja><sln:powIdTeryt>3210</sln:powIdTeryt><sln:powNazwa>myśliborski</sln:powNazwa><sln:waznyOd>2011-04-10T00:00:00+02:00</sln:waznyOd><sln:wojIIPId>c3f2202a-b491-49c5-a3af-d581108d939a</sln:wojIIPId><sln:wojIIPPn>PL.PZGIK.200</sln:wojIIPPn><sln:wojIIPWersja>2017-10-10T00:00:00+02:00</sln:wojIIPWersja><sln:wojIdTeryt>32</sln:wojIdTeryt><sln:wojNazwa>zachodniopomorskie</sln:wojNazwa></sln:miejscowosc><sln:miejscowosc><sln:cyklZyciaDo>2017-03-31T00:00:00+02:00</sln:cyklZyciaDo><sln:cyklZyciaOd>2015-06-11T00:00:00+02:00</sln:cyklZyciaOd><sln:gmIIPId>82bfe027-8a85-4076-a821-c324b7c0eafa</sln:gmIIPId><sln:gmIIPPn>PL.PZGIK.200</sln:gmIIPPn><sln:gmIIPWersja>2012-09-26T22:34:23+02:00</sln:gmIIPWersja><sln:gmIdTeryt>3210033</sln:gmIdTeryt><sln:gmNazwa>Dębno</sln:gmNazwa><sln:miejscIIPId>33105054-6909-44bb-85de-de6394e90569</sln:miejscIIPId><sln:miejscIIPPn>PL.PZGIK.200</sln:miejscIIPPn><sln:miejscIIPWersja>2016-11-24T09:33:41+02:00</sln:miejscIIPWersja><sln:miejscIdTeryt>0179795</sln:miejscIdTeryt><sln:miejscNazwa>Dargomyśl</sln:miejscNazwa><sln:miejscRodzaj>Wieś</sln:miejscRodzaj><sln:powIIPId>bf9906d2-91eb-4911-8ce0-8c8f3ea1986b</sln:powIIPId><sln:powIIPPn>PL.PZGIK.200</sln:powIIPPn><sln:powIIPWersja>2012-09-27T10:07:22+02:00</sln:powIIPWersja><sln:powIdTeryt>3210</sln:powIdTeryt><sln:powNazwa>myśliborski</sln:powNazwa><sln:waznyOd>2011-04-10T00:00:00+02:00</sln:waznyOd><sln:wojIIPId>c3f2202a-b491-49c5-a3af-d581108d939a</sln:wojIIPId><sln:wojIIPPn>PL.PZGIK.200</sln:wojIIPPn><sln:wojIIPWersja>2017-10-10T00:00:00+02:00</sln:wojIIPWersja><sln:wojIdTeryt>32</sln:wojIdTeryt><sln:wojNazwa>zachodniopomorskie</sln:wojNazwa></sln:miejscowosc><sln:miejscowosc><sln:cyklZyciaDo>2017-03-31T00:00:00+02:00</sln:cyklZyciaDo><sln:cyklZyciaOd>2015-06-11T00:00:00+02:00</sln:cyklZyciaOd><sln:gmIIPId>82bfe027-8a85-4076-a821-c324b7c0eafa</sln:gmIIPId><sln:gmIIPPn>PL.PZGIK.200</sln:gmIIPPn><sln:gmIIPWersja>2012-09-26T22:34:23+02:00</sln:gmIIPWersja><sln:gmIdTeryt>3210033</sln:gmIdTeryt><sln:gmNazwa>Dębno</sln:gmNazwa><sln:miejscIIPId>dc2f5133-81bd-4dec-a103-76553efc5e5a</sln:miejscIIPId><sln:miejscIIPPn>PL.PZGIK.200</sln:miejscIIPPn><sln:miejscIIPWersja>2016-11-24T13:16:06+02:00</sln:miejscIIPWersja><sln:miejscIdTeryt>0935305</sln:miejscIdTeryt><sln:miejscNazwa>Dębno</sln:miejscNazwa><sln:miejscRodzaj>Miasto</sln:miejscRodzaj><sln:powIIPId>bf9906d2-91eb-4911-8ce0-8c8f3ea1986b</sln:powIIPId><sln:powIIPPn>PL.PZGIK.200</sln:powIIPPn><sln:powIIPWersja>2012-09-27T10:07:22+02:00</sln:powIIPWersja><sln:powIdTeryt>3210</sln:powIdTeryt><sln:powNazwa>myśliborski</sln:powNazwa><sln:waznyOd>2011-04-10T00:00:00+02:00</sln:waznyOd><sln:wojIIPId>c3f2202a-b491-49c5-a3af-d581108d939a</sln:wojIIPId><sln:wojIIPPn>PL.PZGIK.200</sln:wojIIPPn><sln:wojIIPWersja>2017-10-10T00:00:00+02:00</sln:wojIIPWersja><sln:wojIdTeryt>32</sln:wojIdTeryt><sln:wojNazwa>zachodniopomorskie</sln:wojNazwa></sln:miejscowosc><sln:miejscowosc><sln:cyklZyciaDo>2017-03-31T00:00:00+02:00</sln:cyklZyciaDo><sln:cyklZyciaOd>2015-06-11T00:00:00+02:00</sln:cyklZyciaOd><sln:gmIIPId>82bfe027-8a85-4076-a821-c324b7c0eafa</sln:gmIIPId><sln:gmIIPPn>PL.PZGIK.200</sln:gmIIPPn><sln:gmIIPWersja>2012-09-26T22:34:23+02:00</sln:gmIIPWersja><sln:gmIdTeryt>3210033</sln:gmIdTeryt><sln:gmNazwa>Dębno</sln:gmNazwa><sln:miejscIIPId>a73c7d96-6144-4489-bacb-a8d43317a6e0</sln:miejscIIPId><sln:miejscIIPPn>PL.PZGIK.200</sln:miejscIIPPn><sln:miejscIIPWersja>2016-11-24T09:33:41+02:00</sln:miejscIIPWersja><sln:miejscIdTeryt>0179826</sln:miejscIdTeryt><sln:miejscNazwa>Dolsk</sln:miejscNazwa><sln:miejscRodzaj>Wieś</sln:miejscRodzaj><sln:powIIPId>bf9906d2-91eb-4911-8ce0-8c8f3ea1986b</sln:powIIPId><sln:powIIPPn>PL.PZGIK.200</sln:powIIPPn><sln:powIIPWersja>2012-09-27T10:07:22+02:00</sln:powIIPWersja><sln:powIdTeryt>3210</sln:powIdTeryt><sln:powNazwa>myśliborski</sln:powNazwa><sln:waznyOd>2011-04-10T00:00:00+02:00</sln:waznyOd><sln:wojIIPId>c3f2202a-b491-49c5-a3af-d581108d939a</sln:wojIIPId><sln:wojIIPPn>PL.PZGIK.200</sln:wojIIPPn><sln:wojIIPWersja>2017-10-10T00:00:00+02:00</sln:wojIIPWersja><sln:wojIdTeryt>32</sln:wojIdTeryt><sln:wojNazwa>zachodniopomorskie</sln:wojNazwa></sln:miejscowosc><sln:miejscowosc><sln:cyklZyciaDo>2017-03-31T00:00:00+02:00</sln:cyklZyciaDo><sln:cyklZyciaOd>2015-06-11T00:00:00+02:00</sln:cyklZyciaOd><sln:gmIIPId>82bfe027-8a85-4076-a821-c324b7c0eafa</sln:gmIIPId><sln:gmIIPPn>PL.PZGIK.200</sln:gmIIPPn><sln:gmIIPWersja>2012-09-26T22:34:23+02:00</sln:gmIIPWersja><sln:gmIdTeryt>3210033</sln:gmIdTeryt><sln:gmNazwa>Dębno</sln:gmNazwa><sln:miejscIIPId>e1bc3e60-e300-40b4-8504-ce7312e5ed57</sln:miejscIIPId><sln:miejscIIPPn>PL.PZGIK.200</sln:miejscIIPPn><sln:miejscIIPWersja>2016-11-24T09:33:41+02:00</sln:miejscIIPWersja><sln:miejscIdTeryt>0179861</sln:miejscIdTeryt><sln:miejscNazwa>Dyszno</sln:miejscNazwa><sln:miejscRodzaj>Wieś</sln:miejscRodzaj><sln:powIIPId>bf9906d2-91eb-4911-8ce0-8c8f3ea1986b</sln:powIIPId><sln:powIIPPn>PL.PZGIK.200</sln:powIIPPn><sln:powIIPWersja>2012-09-27T10:07:22+02:00</sln:powIIPWersja><sln:powIdTeryt>3210</sln:powIdTeryt><sln:powNazwa>myśliborski</sln:powNazwa><sln:waznyOd>2011-04-10T00:00:00+02:00</sln:waznyOd><sln:wojIIPId>c3f2202a-b491-49c5-a3af-d581108d939a</sln:wojIIPId><sln:wojIIPPn>PL.PZGIK.200</sln:wojIIPPn><sln:wojIIPWersja>2017-10-10T00:00:00+02:00</sln:wojIIPWersja><sln:wojIdTeryt>32</sln:wojIdTeryt><sln:wojNazwa>zachodniopomorskie</sln:wojNazwa></sln:miejscowosc><sln:miejscowosc><sln:cyklZyciaDo>2017-03-31T00:00:00+02:00</sln:cyklZyciaDo><sln:cyklZyciaOd>2015-06-11T00:00:00+02:00</sln:cyklZyciaOd><sln:gmIIPId>82bfe027-8a85-4076-a821-c324b7c0eafa</sln:gmIIPId><sln:gmIIPPn>PL.PZGIK.200</sln:gmIIPPn><sln:gmIIPWersja>2012-09-26T22:34:23+02:00</sln:gmIIPWersja><sln:gmIdTeryt>3210033</sln:gmIdTeryt><sln:gmNazwa>Dębno</sln:gmNazwa><sln:miejscIIPId>3aebb352-2bd3-4ffc-be07-6c7ae587d443</sln:miejscIIPId><sln:miejscIIPPn>PL.PZGIK.200</sln:miejscIIPPn><sln:miejscIIPWersja>2016-11-24T13:16:06+02:00</sln:miejscIIPWersja><sln:miejscIdTeryt>0935311</sln:miejscIdTeryt><sln:miejscNazwa>Dzicze</sln:miejscNazwa><sln:miejscRodzaj>Inny obiekt</sln:miejscRodzaj><sln:powIIPId>bf9906d2-91eb-4911-8ce0-8c8f3ea1986b</sln:powIIPId><sln:powIIPPn>PL.PZGIK.200</sln:powIIPPn><sln:powIIPWersja>2012-09-27T10:07:22+02:00</sln:powIIPWersja><sln:powIdTeryt>3210</sln:powIdTeryt><sln:powNazwa>myśliborski</sln:powNazwa><sln:waznyOd>2012-12-18T00:00:00+01:00</sln:waznyOd><sln:wojIIPId>c3f2202a-b491-49c5-a3af-d581108d939a</sln:wojIIPId><sln:wojIIPPn>PL.PZGIK.200</sln:wojIIPPn><sln:wojIIPWersja>2017-10-10T00:00:00+02:00</sln:wojIIPWersja><sln:wojIdTeryt>32</sln:wojIdTeryt><sln:wojNazwa>zachodniopomorskie</sln:wojNazwa></sln:miejscowosc><sln:miejscowosc><sln:cyklZyciaDo>2017-03-31T00:00:00+02:00</sln:cyklZyciaDo><sln:cyklZyciaOd>2015-06-11T00:00:00+02:00</sln:cyklZyciaOd><sln:gmIIPId>82bfe027-8a85-4076-a821-c324b7c0eafa</sln:gmIIPId><sln:gmIIPPn>PL.PZGIK.200</sln:gmIIPPn><sln:gmIIPWersja>2012-09-26T22:34:23+02:00</sln:gmIIPWersja><sln:gmIdTeryt>3210033</sln:gmIdTeryt><sln:gmNazwa>Dębno</sln:gmNazwa><sln:miejscIIPId>ff6b0623-3fd3-4849-89b4-edea264b14a3</sln:miejscIIPId><sln:miejscIIPPn>PL.PZGIK.200</sln:miejscIIPPn><sln:miejscIIPWersja>2016-11-24T09:33:41+02:00</sln:miejscIIPWersja><sln:miejscIdTeryt>0180025</sln:miejscIdTeryt><sln:miejscNazwa>Grzybno</sln:miejscNazwa><sln:miejscRodzaj>Kolonia</sln:miejscRodzaj><sln:powIIPId>bf9906d2-91eb-4911-8ce0-8c8f3ea1986b</sln:powIIPId><sln:powIIPPn>PL.PZGIK.200</sln:powIIPPn><sln:powIIPWersja>2012-09-27T10:07:22+02:00</sln:powIIPWersja><sln:powIdTeryt>3210</sln:powIdTeryt><sln:powNazwa>myśliborski</sln:powNazwa><sln:waznyOd>2012-12-18T00:00:00+01:00</sln:waznyOd><sln:wojIIPId>c3f2202a-b491-49c5-a3af-d581108d939a</sln:wojIIPId><sln:wojIIPPn>PL.PZGIK.200</sln:wojIIPPn><sln:wojIIPWersja>2017-10-10T00:00:00+02:00</sln:wojIIPWersja><sln:wojIdTeryt>32</sln:wojIdTeryt><sln:wojNazwa>zachodniopomorskie</sln:wojNazwa></sln:miejscowosc><sln:miejscowosc><sln:cyklZyciaDo>2017-03-31T00:00:00+02:00</sln:cyklZyciaDo><sln:cyklZyciaOd>2015-06-11T00:00:00+02:00</sln:cyklZyciaOd><sln:gmIIPId>82bfe027-8a85-4076-a821-c324b7c0eafa</sln:gmIIPId><sln:gmIIPPn>PL.PZGIK.200</sln:gmIIPPn><sln:gmIIPWersja>2012-09-26T22:34:23+02:00</sln:gmIIPWersja><sln:gmIdTeryt>3210033</sln:gmIdTeryt><sln:gmNazwa>Dębno</sln:gmNazwa><sln:miejscIIPId>73e65169-e276-4983-96e1-c4e6d94e1797</sln:miejscIIPId><sln:miejscIIPPn>PL.PZGIK.200</sln:miejscIIPPn><sln:miejscIIPWersja>2016-11-24T09:33:41+02:00</sln:miejscIIPWersja><sln:miejscIdTeryt>0179890</sln:miejscIdTeryt><sln:miejscNazwa>Grzymiradz</sln:miejscNazwa><sln:miejscRodzaj>Wieś</sln:miejscRodzaj><sln:powIIPId>bf9906d2-91eb-4911-8ce0-8c8f3ea1986b</sln:powIIPId><sln:powIIPPn>PL.PZGIK.200</sln:powIIPPn><sln:powIIPWersja>2012-09-27T10:07:22+02:00</sln:powIIPWersja><sln:powIdTeryt>3210</sln:powIdTeryt><sln:powNazwa>myśliborski</sln:powNazwa><sln:waznyOd>2011-04-10T00:00:00+02:00</sln:waznyOd><sln:wojIIPId>c3f2202a-b491-49c5-a3af-d581108d939a</sln:wojIIPId><sln:wojIIPPn>PL.PZGIK.200</sln:wojIIPPn><sln:wojIIPWersja>2017-10-10T00:00:00+02:00</sln:wojIIPWersja><sln:wojIdTeryt>32</sln:wojIdTeryt><sln:wojNazwa>zachodniopomorskie</sln:wojNazwa></sln:miejscowosc><sln:miejscowosc><sln:cyklZyciaDo>2017-03-31T00:00:00+02:00</sln:cyklZyciaDo><sln:cyklZyciaOd>2015-06-11T00:00:00+02:00</sln:cyklZyciaOd><sln:gmIIPId>82bfe027-8a85-4076-a821-c324b7c0eafa</sln:gmIIPId><sln:gmIIPPn>PL.PZGIK.200</sln:gmIIPPn><sln:gmIIPWersja>2012-09-26T22:34:23+02:00</sln:gmIIPWersja><sln:gmIdTeryt>3210033</sln:gmIdTeryt><sln:gmNazwa>Dębno</sln:gmNazwa><sln:miejscIIPId>de7293de-99b9-4fa4-bddf-dab3470f02d8</sln:miejscIIPId><sln:miejscIIPPn>PL.PZGIK.200</sln:miejscIIPPn><sln:miejscIIPWersja>2016-11-24T09:33:41+02:00</sln:miejscIIPWersja><sln:miejscIdTeryt>0180090</sln:miejscIdTeryt><sln:miejscNazwa>Hajnówka</sln:miejscNazwa><sln:miejscRodzaj>Kolonia</sln:miejscRodzaj><sln:powIIPId>bf9906d2-91eb-4911-8ce0-8c8f3ea1986b</sln:powIIPId><sln:powIIPPn>PL.PZGIK.200</sln:powIIPPn><sln:powIIPWersja>2012-09-27T10:07:22+02:00</sln:powIIPWersja><sln:powIdTeryt>3210</sln:powIdTeryt><sln:powNazwa>myśliborski</sln:powNazwa><sln:waznyOd>2012-12-18T00:00:00+01:00</sln:waznyOd><sln:wojIIPId>c3f2202a-b491-49c5-a3af-d581108d939a</sln:wojIIPId><sln:wojIIPPn>PL.PZGIK.200</sln:wojIIPPn><sln:wojIIPWersja>2017-10-10T00:00:00+02:00</sln:wojIIPWersja><sln:wojIdTeryt>32</sln:wojIdTeryt><sln:wojNazwa>zachodniopomorskie</sln:wojNazwa></sln:miejscowosc><sln:miejscowosc><sln:cyklZyciaDo>2017-03-31T00:00:00+02:00</sln:cyklZyciaDo><sln:cyklZyciaOd>2015-06-11T00:00:00+02:00</sln:cyklZyciaOd><sln:gmIIPId>82bfe027-8a85-4076-a821-c324b7c0eafa</sln:gmIIPId><sln:gmIIPPn>PL.PZGIK.200</sln:gmIIPPn><sln:gmIIPWersja>2012-09-26T22:34:23+02:00</sln:gmIIPWersja><sln:gmIdTeryt>3210033</sln:gmIdTeryt><sln:gmNazwa>Dębno</sln:gmNazwa><sln:miejscIIPId>00d224f5-7198-42f2-9850-d99fce210686</sln:miejscIIPId><sln:miejscIIPPn>PL.PZGIK.200</sln:miejscIIPPn><sln:miejscIIPWersja>2016-11-24T09:33:41+02:00</sln:miejscIIPWersja><sln:miejscIdTeryt>0180031</sln:miejscIdTeryt><sln:miejscNazwa>Juncewo</sln:miejscNazwa><sln:miejscRodzaj>Kolonia</sln:miejscRodzaj><sln:powIIPId>bf9906d2-91eb-4911-8ce0-8c8f3ea1986b</sln:powIIPId><sln:powIIPPn>PL.PZGIK.200</sln:powIIPPn><sln:powIIPWersja>2012-09-27T10:07:22+02:00</sln:powIIPWersja><sln:powIdTeryt>3210</sln:powIdTeryt><sln:powNazwa>myśliborski</sln:powNazwa><sln:waznyOd>2012-12-18T00:00:00+01:00</sln:waznyOd><sln:wojIIPId>c3f2202a-b491-49c5-a3af-d581108d939a</sln:wojIIPId><sln:wojIIPPn>PL.PZGIK.200</sln:wojIIPPn><sln:wojIIPWersja>2017-10-10T00:00:00+02:00</sln:wojIIPWersja><sln:wojIdTeryt>32</sln:wojIdTeryt><sln:wojNazwa>zachodniopomorskie</sln:wojNazwa></sln:miejscowosc><sln:miejscowosc><sln:cyklZyciaDo>2017-03-31T00:00:00+02:00</sln:cyklZyciaDo><sln:cyklZyciaOd>2015-06-11T00:00:00+02:00</sln:cyklZyciaOd><sln:gmIIPId>82bfe027-8a85-4076-a821-c324b7c0eafa</sln:gmIIPId><sln:gmIIPPn>PL.PZGIK.200</sln:gmIIPPn><sln:gmIIPWersja>2012-09-26T22:34:23+02:00</sln:gmIIPWersja><sln:gmIdTeryt>3210033</sln:gmIdTeryt><sln:gmNazwa>Dębno</sln:gmNazwa><sln:miejscIIPId>eee2cc0a-6064-4d03-afb7-71686e8e6873</sln:miejscIIPId><sln:miejscIIPPn>PL.PZGIK.200</sln:miejscIIPPn><sln:miejscIIPWersja>2016-11-24T09:33:41+02:00</sln:miejscIIPWersja><sln:miejscIdTeryt>0179915</sln:miejscIdTeryt><sln:miejscNazwa>Klepin</sln:miejscNazwa><sln:miejscRodzaj>Kolonia</sln:miejscRodzaj><sln:powIIPId>bf9906d2-91eb-4911-8ce0-8c8f3ea1986b</sln:powIIPId><sln:powIIPPn>PL.PZGIK.200</sln:powIIPPn><sln:powIIPWersja>2012-09-27T10:07:22+02:00</sln:powIIPWersja><sln:powIdTeryt>3210</sln:powIdTeryt><sln:powNazwa>myśliborski</sln:powNazwa><sln:waznyOd>2012-12-18T00:00:00+01:00</sln:waznyOd><sln:wojIIPId>c3f2202a-b491-49c5-a3af-d581108d939a</sln:wojIIPId><sln:wojIIPPn>PL.PZGIK.200</sln:wojIIPPn><sln:wojIIPWersja>2017-10-10T00:00:00+02:00</sln:wojIIPWersja><sln:wojIdTeryt>32</sln:wojIdTeryt><sln:wojNazwa>zachodniopomorskie</sln:wojNazwa></sln:miejscowosc><sln:miejscowosc><sln:cyklZyciaDo>2017-03-31T00:00:00+02:00</sln:cyklZyciaDo><sln:cyklZyciaOd>2015-06-11T00:00:00+02:00</sln:cyklZyciaOd><sln:gmIIPId>82bfe027-8a85-4076-a821-c324b7c0eafa</sln:gmIIPId><sln:gmIIPPn>PL.PZGIK.200</sln:gmIIPPn><sln:gmIIPWersja>2012-09-26T22:34:23+02:00</sln:gmIIPWersja><sln:gmIdTeryt>3210033</sln:gmIdTeryt><sln:gmNazwa>Dębno</sln:gmNazwa><sln:miejscIIPId>8506bf67-dc23-4fe3-80c7-ad8d52ae9a21</sln:miejscIIPId><sln:miejscIIPPn>PL.PZGIK.200</sln:miejscIIPPn><sln:miejscIIPWersja>2016-11-24T09:33:41+02:00</sln:miejscIIPWersja><sln:miejscIdTeryt>0179921</sln:miejscIdTeryt><sln:miejscNazwa>Krężelin</sln:miejscNazwa><sln:miejscRodzaj>Wieś</sln:miejscRodzaj><sln:powIIPId>bf9906d2-91eb-4911-8ce0-8c8f3ea1986b</sln:powIIPId><sln:powIIPPn>PL.PZGIK.200</sln:powIIPPn><sln:powIIPWersja>2012-09-27T10:07:22+02:00</sln:powIIPWersja><sln:powIdTeryt>3210</sln:powIdTeryt><sln:powNazwa>myśliborski</sln:powNazwa><sln:waznyOd>2011-04-10T00:00:00+02:00</sln:waznyOd><sln:wojIIPId>c3f2202a-b491-49c5-a3af-d581108d939a</sln:wojIIPId><sln:wojIIPPn>PL.PZGIK.200</sln:wojIIPPn><sln:wojIIPWersja>2017-10-10T00:00:00+02:00</sln:wojIIPWersja><sln:wojIdTeryt>32</sln:wojIdTeryt><sln:wojNazwa>zachodniopomorskie</sln:wojNazwa></sln:miejscowosc><sln:miejscowosc><sln:cyklZyciaDo>2017-03-31T00:00:00+02:00</sln:cyklZyciaDo><sln:cyklZyciaOd>2015-06-11T00:00:00+02:00</sln:cyklZyciaOd><sln:gmIIPId>82bfe027-8a85-4076-a821-c324b7c0eafa</sln:gmIIPId><sln:gmIIPPn>PL.PZGIK.200</sln:gmIIPPn><sln:gmIIPWersja>2012-09-26T22:34:23+02:00</sln:gmIIPWersja><sln:gmIdTeryt>3210033</sln:gmIdTeryt><sln:gmNazwa>Dębno</sln:gmNazwa><sln:miejscIIPId>d7df570c-cc29-4e5f-b467-1f575835bb52</sln:miejscIIPId><sln:miejscIIPPn>PL.PZGIK.200</sln:miejscIIPPn><sln:miejscIIPWersja>2016-11-24T09:33:41+02:00</sln:miejscIIPWersja><sln:miejscIdTeryt>0179944</sln:miejscIdTeryt><sln:miejscNazwa>Krześnica</sln:miejscNazwa><sln:miejscRodzaj>Wieś</sln:miejscRodzaj><sln:powIIPId>bf9906d2-91eb-4911-8ce0-8c8f3ea1986b</sln:powIIPId><sln:powIIPPn>PL.PZGIK.200</sln:powIIPPn><sln:powIIPWersja>2012-09-27T10:07:22+02:00</sln:powIIPWersja><sln:powIdTeryt>3210</sln:powIdTeryt><sln:powNazwa>myśliborski</sln:powNazwa><sln:waznyOd>2011-04-10T00:00:00+02:00</sln:waznyOd><sln:wojIIPId>c3f2202a-b491-49c5-a3af-d581108d939a</sln:wojIIPId><sln:wojIIPPn>PL.PZGIK.200</sln:wojIIPPn><sln:wojIIPWersja>2017-10-10T00:00:00+02:00</sln:wojIIPWersja><sln:wojIdTeryt>32</sln:wojIdTeryt><sln:wojNazwa>zachodniopomorskie</sln:wojNazwa></sln:miejscowosc><sln:miejscowosc><sln:cyklZyciaDo>2017-03-31T00:00:00+02:00</sln:cyklZyciaDo><sln:cyklZyciaOd>2015-06-11T00:00:00+02:00</sln:cyklZyciaOd><sln:gmIIPId>82bfe027-8a85-4076-a821-c324b7c0eafa</sln:gmIIPId><sln:gmIIPPn>PL.PZGIK.200</sln:gmIIPPn><sln:gmIIPWersja>2012-09-26T22:34:23+02:00</sln:gmIIPWersja><sln:gmIdTeryt>3210033</sln:gmIdTeryt><sln:gmNazwa>Dębno</sln:gmNazwa><sln:miejscIIPId>d84cd5f5-a4d0-4b4f-9076-618693bbf970</sln:miejscIIPId><sln:miejscIIPPn>PL.PZGIK.200</sln:miejscIIPPn><sln:miejscIIPWersja>2016-11-24T09:33:41+02:00</sln:miejscIIPWersja><sln:miejscIdTeryt>0179980</sln:miejscIdTeryt><sln:miejscNazwa>Łazy</sln:miejscNazwa><sln:miejscRodzaj>Osada</sln:miejscRodzaj><sln:powIIPId>bf9906d2-91eb-4911-8ce0-8c8f3ea1986b</sln:powIIPId><sln:powIIPPn>PL.PZGIK.200</sln:powIIPPn><sln:powIIPWersja>2012-09-27T10:07:22+02:00</sln:powIIPWersja><sln:powIdTeryt>3210</sln:powIdTeryt><sln:powNazwa>myśliborski</sln:powNazwa><sln:waznyOd>2012-12-18T00:00:00+01:00</sln:waznyOd><sln:wojIIPId>c3f2202a-b491-49c5-a3af-d581108d939a</sln:wojIIPId><sln:wojIIPPn>PL.PZGIK.200</sln:wojIIPPn><sln:wojIIPWersja>2017-10-10T00:00:00+02:00</sln:wojIIPWersja><sln:wojIdTeryt>32</sln:wojIdTeryt><sln:wojNazwa>zachodniopomorskie</sln:wojNazwa></sln:miejscowosc><sln:miejscowosc><sln:cyklZyciaDo>2017-03-31T00:00:00+02:00</sln:cyklZyciaDo><sln:cyklZyciaOd>2015-06-11T00:00:00+02:00</sln:cyklZyciaOd><sln:gmIIPId>82bfe027-8a85-4076-a821-c324b7c0eafa</sln:gmIIPId><sln:gmIIPPn>PL.PZGIK.200</sln:gmIIPPn><sln:gmIIPWersja>2012-09-26T22:34:23+02:00</sln:gmIIPWersja><sln:gmIdTeryt>3210033</sln:gmIdTeryt><sln:gmNazwa>Dębno</sln:gmNazwa><sln:miejscIIPId>c940d777-b313-44c1-84df-a83410469154</sln:miejscIIPId><sln:miejscIIPPn>PL.PZGIK.200</sln:miejscIIPPn><sln:miejscIIPWersja>2016-11-24T09:33:41+02:00</sln:miejscIIPWersja><sln:miejscIdTeryt>0179950</sln:miejscIdTeryt><sln:miejscNazwa>Młyniska</sln:miejscNazwa><sln:miejscRodzaj>Wieś</sln:miejscRodzaj><sln:powIIPId>bf9906d2-91eb-4911-8ce0-8c8f3ea1986b</sln:powIIPId><sln:powIIPPn>PL.PZGIK.200</sln:powIIPPn><sln:powIIPWersja>2012-09-27T10:07:22+02:00</sln:powIIPWersja><sln:powIdTeryt>3210</sln:powIdTeryt><sln:powNazwa>myśliborski</sln:powNazwa><sln:waznyOd>2011-04-10T00:00:00+02:00</sln:waznyOd><sln:wojIIPId>c3f2202a-b491-49c5-a3af-d581108d939a</sln:wojIIPId><sln:wojIIPPn>PL.PZGIK.200</sln:wojIIPPn><sln:wojIIPWersja>2017-10-10T00:00:00+02:00</sln:wojIIPWersja><sln:wojIdTeryt>32</sln:wojIdTeryt><sln:wojNazwa>zachodniopomorskie</sln:wojNazwa></sln:miejscowosc><sln:miejscowosc><sln:cyklZyciaDo>2017-03-31T00:00:00+02:00</sln:cyklZyciaDo><sln:cyklZyciaOd>2015-06-11T00:00:00+02:00</sln:cyklZyciaOd><sln:gmIIPId>82bfe027-8a85-4076-a821-c324b7c0eafa</sln:gmIIPId><sln:gmIIPPn>PL.PZGIK.200</sln:gmIIPPn><sln:gmIIPWersja>2012-09-26T22:34:23+02:00</sln:gmIIPWersja><sln:gmIdTeryt>3210033</sln:gmIdTeryt><sln:gmNazwa>Dębno</sln:gmNazwa><sln:miejscIIPId>6e9519a4-ab0a-40f3-9f04-472352fc3bb4</sln:miejscIIPId><sln:miejscIIPPn>PL.PZGIK.200</sln:miejscIIPPn><sln:miejscIIPWersja>2016-11-24T09:33:41+02:00</sln:miejscIIPWersja><sln:miejscIdTeryt>0179973</sln:miejscIdTeryt><sln:miejscNazwa>Mostno</sln:miejscNazwa><sln:miejscRodzaj>Wieś</sln:miejscRodzaj><sln:powIIPId>bf9906d2-91eb-4911-8ce0-8c8f3ea1986b</sln:powIIPId><sln:powIIPPn>PL.PZGIK.200</sln:powIIPPn><sln:powIIPWersja>2012-09-27T10:07:22+02:00</sln:powIIPWersja><sln:powIdTeryt>3210</sln:powIdTeryt><sln:powNazwa>myśliborski</sln:powNazwa><sln:waznyOd>2011-04-10T00:00:00+02:00</sln:waznyOd><sln:wojIIPId>c3f2202a-b491-49c5-a3af-d581108d939a</sln:wojIIPId><sln:wojIIPPn>PL.PZGIK.200</sln:wojIIPPn><sln:wojIIPWersja>2017-10-10T00:00:00+02:00</sln:wojIIPWersja><sln:wojIdTeryt>32</sln:wojIdTeryt><sln:wojNazwa>zachodniopomorskie</sln:wojNazwa></sln:miejscowosc><sln:miejscowosc><sln:cyklZyciaDo>2017-03-31T00:00:00+02:00</sln:cyklZyciaDo><sln:cyklZyciaOd>2015-06-11T00:00:00+02:00</sln:cyklZyciaOd><sln:gmIIPId>82bfe027-8a85-4076-a821-c324b7c0eafa</sln:gmIIPId><sln:gmIIPPn>PL.PZGIK.200</sln:gmIIPPn><sln:gmIIPWersja>2012-09-26T22:34:23+02:00</sln:gmIIPWersja><sln:gmIdTeryt>3210033</sln:gmIdTeryt><sln:gmNazwa>Dębno</sln:gmNazwa><sln:miejscIIPId>3034a0b1-ba2c-4a41-bf88-babc6e01164c</sln:miejscIIPId><sln:miejscIIPPn>PL.PZGIK.200</sln:miejscIIPPn><sln:miejscIIPWersja>2016-11-24T09:33:41+02:00</sln:miejscIIPWersja><sln:miejscIdTeryt>0179996</sln:miejscIdTeryt><sln:miejscNazwa>Oborzany</sln:miejscNazwa><sln:miejscRodzaj>Wieś</sln:miejscRodzaj><sln:powIIPId>bf9906d2-91eb-4911-8ce0-8c8f3ea1986b</sln:powIIPId><sln:powIIPPn>PL.PZGIK.200</sln:powIIPPn><sln:powIIPWersja>2012-09-27T10:07:22+02:00</sln:powIIPWersja><sln:powIdTeryt>3210</sln:powIdTeryt><sln:powNazwa>myśliborski</sln:powNazwa><sln:waznyOd>2011-04-10T00:00:00+02:00</sln:waznyOd><sln:wojIIPId>c3f2202a-b491-49c5-a3af-d581108d939a</sln:wojIIPId><sln:wojIIPPn>PL.PZGIK.200</sln:wojIIPPn><sln:wojIIPWersja>2017-10-10T00:00:00+02:00</sln:wojIIPWersja><sln:wojIdTeryt>32</sln:wojIdTeryt><sln:wojNazwa>zachodniopomorskie</sln:wojNazwa></sln:miejscowosc><sln:miejscowosc><sln:cyklZyciaDo>2017-03-31T00:00:00+02:00</sln:cyklZyciaDo><sln:cyklZyciaOd>2015-06-11T00:00:00+02:00</sln:cyklZyciaOd><sln:gmIIPId>82bfe027-8a85-4076-a821-c324b7c0eafa</sln:gmIIPId><sln:gmIIPPn>PL.PZGIK.200</sln:gmIIPPn><sln:gmIIPWersja>2012-09-26T22:34:23+02:00</sln:gmIIPWersja><sln:gmIdTeryt>3210033</sln:gmIdTeryt><sln:gmNazwa>Dębno</sln:gmNazwa><sln:miejscIIPId>36db1ef4-5865-4a8f-8ac1-d0eb2b78da64</sln:miejscIIPId><sln:miejscIIPPn>PL.PZGIK.200</sln:miejscIIPPn><sln:miejscIIPWersja>2016-11-24T09:33:41+02:00</sln:miejscIIPWersja><sln:miejscIdTeryt>0180002</sln:miejscIdTeryt><sln:miejscNazwa>Ostrowiec</sln:miejscNazwa><sln:miejscRodzaj>Wieś</sln:miejscRodzaj><sln:powIIPId>bf9906d2-91eb-4911-8ce0-8c8f3ea1986b</sln:powIIPId><sln:powIIPPn>PL.PZGIK.200</sln:powIIPPn><sln:powIIPWersja>2012-09-27T10:07:22+02:00</sln:powIIPWersja><sln:powIdTeryt>3210</sln:powIdTeryt><sln:powNazwa>myśliborski</sln:powNazwa><sln:waznyOd>2011-04-10T00:00:00+02:00</sln:waznyOd><sln:wojIIPId>c3f2202a-b491-49c5-a3af-d581108d939a</sln:wojIIPId><sln:wojIIPPn>PL.PZGIK.200</sln:wojIIPPn><sln:wojIIPWersja>2017-10-10T00:00:00+02:00</sln:wojIIPWersja><sln:wojIdTeryt>32</sln:wojIdTeryt><sln:wojNazwa>zachodniopomorskie</sln:wojNazwa></sln:miejscowosc><sln:miejscowosc><sln:cyklZyciaDo>2017-03-31T00:00:00+02:00</sln:cyklZyciaDo><sln:cyklZyciaOd>2015-06-11T00:00:00+02:00</sln:cyklZyciaOd><sln:gmIIPId>82bfe027-8a85-4076-a821-c324b7c0eafa</sln:gmIIPId><sln:gmIIPPn>PL.PZGIK.200</sln:gmIIPPn><sln:gmIIPWersja>2012-09-26T22:34:23+02:00</sln:gmIIPWersja><sln:gmIdTeryt>3210033</sln:gmIdTeryt><sln:gmNazwa>Dębno</sln:gmNazwa><sln:miejscIIPId>e8db77f6-f02f-46ef-b5a7-4391d56dd5fd</sln:miejscIIPId><sln:miejscIIPPn>PL.PZGIK.200</sln:miejscIIPPn><sln:miejscIIPWersja>2016-11-24T09:33:41+02:00</sln:miejscIIPWersja><sln:miejscIdTeryt>0180048</sln:miejscIdTeryt><sln:miejscNazwa>Piołunek</sln:miejscNazwa><sln:miejscRodzaj>Osada</sln:miejscRodzaj><sln:powIIPId>bf9906d2-91eb-4911-8ce0-8c8f3ea1986b</sln:powIIPId><sln:powIIPPn>PL.PZGIK.200</sln:powIIPPn><sln:powIIPWersja>2012-09-27T10:07:22+02:00</sln:powIIPWersja><sln:powIdTeryt>3210</sln:powIdTeryt><sln:powNazwa>myśliborski</sln:powNazwa><sln:waznyOd>2012-12-18T00:00:00+01:00</sln:waznyOd><sln:wojIIPId>c3f2202a-b491-49c5-a3af-d581108d939a</sln:wojIIPId><sln:wojIIPPn>PL.PZGIK.200</sln:wojIIPPn><sln:wojIIPWersja>2017-10-10T00:00:00+02:00</sln:wojIIPWersja><sln:wojIdTeryt>32</sln:wojIdTeryt><sln:wojNazwa>zachodniopomorskie</sln:wojNazwa></sln:miejscowosc><sln:miejscowosc><sln:cyklZyciaDo>2017-03-31T00:00:00+02:00</sln:cyklZyciaDo><sln:cyklZyciaOd>2015-06-11T00:00:00+02:00</sln:cyklZyciaOd><sln:gmIIPId>82bfe027-8a85-4076-a821-c324b7c0eafa</sln:gmIIPId><sln:gmIIPPn>PL.PZGIK.200</sln:gmIIPPn><sln:gmIIPWersja>2012-09-26T22:34:23+02:00</sln:gmIIPWersja><sln:gmIdTeryt>3210033</sln:gmIdTeryt><sln:gmNazwa>Dębno</sln:gmNazwa><sln:miejscIIPId>a211eed0-c6e5-4a8a-aa6c-eed9fef1686d</sln:miejscIIPId><sln:miejscIIPPn>PL.PZGIK.200</sln:miejscIIPPn><sln:miejscIIPWersja>2016-11-24T09:33:41+02:00</sln:miejscIIPWersja><sln:miejscIdTeryt>0179884</sln:miejscIdTeryt><sln:miejscNazwa>Przylaszczka</sln:miejscNazwa><sln:miejscRodzaj>Kolonia</sln:miejscRodzaj><sln:powIIPId>bf9906d2-91eb-4911-8ce0-8c8f3ea1986b</sln:powIIPId><sln:powIIPPn>PL.PZGIK.200</sln:powIIPPn><sln:powIIPWersja>2012-09-27T10:07:22+02:00</sln:powIIPWersja><sln:powIdTeryt>3210</sln:powIdTeryt><sln:powNazwa>myśliborski</sln:powNazwa><sln:waznyOd>2012-12-18T00:00:00+01:00</sln:waznyOd><sln:wojIIPId>c3f2202a-b491-49c5-a3af-d581108d939a</sln:wojIIPId><sln:wojIIPPn>PL.PZGIK.200</sln:wojIIPPn><sln:wojIIPWersja>2017-10-10T00:00:00+02:00</sln:wojIIPWersja><sln:wojIdTeryt>32</sln:wojIdTeryt><sln:wojNazwa>zachodniopomorskie</sln:wojNazwa></sln:miejscowosc><sln:miejscowosc><sln:cyklZyciaDo>2017-03-31T00:00:00+02:00</sln:cyklZyciaDo><sln:cyklZyciaOd>2015-06-11T00:00:00+02:00</sln:cyklZyciaOd><sln:gmIIPId>82bfe027-8a85-4076-a821-c324b7c0eafa</sln:gmIIPId><sln:gmIIPPn>PL.PZGIK.200</sln:gmIIPPn><sln:gmIIPWersja>2012-09-26T22:34:23+02:00</sln:gmIIPWersja><sln:gmIdTeryt>3210033</sln:gmIdTeryt><sln:gmNazwa>Dębno</sln:gmNazwa><sln:miejscIIPId>327dcfb9-daf4-42a4-a345-7e1bf39992f7</sln:miejscIIPId><sln:miejscIIPPn>PL.PZGIK.200</sln:miejscIIPPn><sln:miejscIIPWersja>2016-11-24T09:33:41+02:00</sln:miejscIIPWersja><sln:miejscIdTeryt>0179938</sln:miejscIdTeryt><sln:miejscNazwa>Radzicz</sln:miejscNazwa><sln:miejscRodzaj>Kolonia</sln:miejscRodzaj><sln:powIIPId>bf9906d2-91eb-4911-8ce0-8c8f3ea1986b</sln:powIIPId><sln:powIIPPn>PL.PZGIK.200</sln:powIIPPn><sln:powIIPWersja>2012-09-27T10:07:22+02:00</sln:powIIPWersja><sln:powIdTeryt>3210</sln:powIdTeryt><sln:powNazwa>myśliborski</sln:powNazwa><sln:waznyOd>2012-12-18T00:00:00+01:00</sln:waznyOd><sln:wojIIPId>c3f2202a-b491-49c5-a3af-d581108d939a</sln:wojIIPId><sln:wojIIPPn>PL.PZGIK.200</sln:wojIIPPn><sln:wojIIPWersja>2017-10-10T00:00:00+02:00</sln:wojIIPWersja><sln:wojIdTeryt>32</sln:wojIdTeryt><sln:wojNazwa>zachodniopomorskie</sln:wojNazwa></sln:miejscowosc><sln:miejscowosc><sln:cyklZyciaDo>2017-03-31T00:00:00+02:00</sln:cyklZyciaDo><sln:cyklZyciaOd>2015-06-11T00:00:00+02:00</sln:cyklZyciaOd><sln:gmIIPId>82bfe027-8a85-4076-a821-c324b7c0eafa</sln:gmIIPId><sln:gmIIPPn>PL.PZGIK.200</sln:gmIIPPn><sln:gmIIPWersja>2012-09-26T22:34:23+02:00</sln:gmIIPWersja><sln:gmIdTeryt>3210033</sln:gmIdTeryt><sln:gmNazwa>Dębno</sln:gmNazwa><sln:miejscIIPId>f41acf4b-2016-4520-a1e2-11aaa7c2b4e8</sln:miejscIIPId><sln:miejscIIPPn>PL.PZGIK.200</sln:miejscIIPPn><sln:miejscIIPWersja>2016-11-24T09:33:41+02:00</sln:miejscIIPWersja><sln:miejscIdTeryt>0180019</sln:miejscIdTeryt><sln:miejscNazwa>Różańsko</sln:miejscNazwa><sln:miejscRodzaj>Wieś</sln:miejscRodzaj><sln:powIIPId>bf9906d2-91eb-4911-8ce0-8c8f3ea1986b</sln:powIIPId><sln:powIIPPn>PL.PZGIK.200</sln:powIIPPn><sln:powIIPWersja>2012-09-27T10:07:22+02:00</sln:powIIPWersja><sln:powIdTeryt>3210</sln:powIdTeryt><sln:powNazwa>myśliborski</sln:powNazwa><sln:waznyOd>2011-04-10T00:00:00+02:00</sln:waznyOd><sln:wojIIPId>c3f2202a-b491-49c5-a3af-d581108d939a</sln:wojIIPId><sln:wojIIPPn>PL.PZGIK.200</sln:wojIIPPn><sln:wojIIPWersja>2017-10-10T00:00:00+02:00</sln:wojIIPWersja><sln:wojIdTeryt>32</sln:wojIdTeryt><sln:wojNazwa>zachodniopomorskie</sln:wojNazwa></sln:miejscowosc><sln:miejscowosc><sln:cyklZyciaDo>2017-03-31T00:00:00+02:00</sln:cyklZyciaDo><sln:cyklZyciaOd>2015-06-11T00:00:00+02:00</sln:cyklZyciaOd><sln:gmIIPId>82bfe027-8a85-4076-a821-c324b7c0eafa</sln:gmIIPId><sln:gmIIPPn>PL.PZGIK.200</sln:gmIIPPn><sln:gmIIPWersja>2012-09-26T22:34:23+02:00</sln:gmIIPWersja><sln:gmIdTeryt>3210033</sln:gmIdTeryt><sln:gmNazwa>Dębno</sln:gmNazwa><sln:miejscIIPId>25128c9f-c70b-4e9a-a73b-5432dda1bc58</sln:miejscIIPId><sln:miejscIIPPn>PL.PZGIK.200</sln:miejscIIPPn><sln:miejscIIPWersja>2016-11-24T09:33:41+02:00</sln:miejscIIPWersja><sln:miejscIdTeryt>0180060</sln:miejscIdTeryt><sln:miejscNazwa>Sarbinowo</sln:miejscNazwa><sln:miejscRodzaj>Wieś</sln:miejscRodzaj><sln:powIIPId>bf9906d2-91eb-4911-8ce0-8c8f3ea1986b</sln:powIIPId><sln:powIIPPn>PL.PZGIK.200</sln:powIIPPn><sln:powIIPWersja>2012-09-27T10:07:22+02:00</sln:powIIPWersja><sln:powIdTeryt>3210</sln:powIdTeryt><sln:powNazwa>myśliborski</sln:powNazwa><sln:waznyOd>2011-04-10T00:00:00+02:00</sln:waznyOd><sln:wojIIPId>c3f2202a-b491-49c5-a3af-d581108d939a</sln:wojIIPId><sln:wojIIPPn>PL.PZGIK.200</sln:wojIIPPn><sln:wojIIPWersja>2017-10-10T00:00:00+02:00</sln:wojIIPWersja><sln:wojIdTeryt>32</sln:wojIdTeryt><sln:wojNazwa>zachodniopomorskie</sln:wojNazwa></sln:miejscowosc><sln:miejscowosc><sln:cyklZyciaDo>2017-03-31T00:00:00+02:00</sln:cyklZyciaDo><sln:cyklZyciaOd>2015-06-11T00:00:00+02:00</sln:cyklZyciaOd><sln:gmIIPId>82bfe027-8a85-4076-a821-c324b7c0eafa</sln:gmIIPId><sln:gmIIPPn>PL.PZGIK.200</sln:gmIIPPn><sln:gmIIPWersja>2012-09-26T22:34:23+02:00</sln:gmIIPWersja><sln:gmIdTeryt>3210033</sln:gmIdTeryt><sln:gmNazwa>Dębno</sln:gmNazwa><sln:miejscIIPId>32bf103a-fed3-4055-b5e5-3a42530650ac</sln:miejscIIPId><sln:miejscIIPPn>PL.PZGIK.200</sln:miejscIIPPn><sln:miejscIIPWersja>2016-11-24T09:33:41+02:00</sln:miejscIIPWersja><sln:miejscIdTeryt>0180083</sln:miejscIdTeryt><sln:miejscNazwa>Smolnica</sln:miejscNazwa><sln:miejscRodzaj>Wieś</sln:miejscRodzaj><sln:powIIPId>bf9906d2-91eb-4911-8ce0-8c8f3ea1986b</sln:powIIPId><sln:powIIPPn>PL.PZGIK.200</sln:powIIPPn><sln:powIIPWersja>2012-09-27T10:07:22+02:00</sln:powIIPWersja><sln:powIdTeryt>3210</sln:powIdTeryt><sln:powNazwa>myśliborski</sln:powNazwa><sln:waznyOd>2011-04-10T00:00:00+02:00</sln:waznyOd><sln:wojIIPId>c3f2202a-b491-49c5-a3af-d581108d939a</sln:wojIIPId><sln:wojIIPPn>PL.PZGIK.200</sln:wojIIPPn><sln:wojIIPWersja>2017-10-10T00:00:00+02:00</sln:wojIIPWersja><sln:wojIdTeryt>32</sln:wojIdTeryt><sln:wojNazwa>zachodniopomorskie</sln:wojNazwa></sln:miejscowosc><sln:miejscowosc><sln:cyklZyciaDo>2017-03-31T00:00:00+02:00</sln:cyklZyciaDo><sln:cyklZyciaOd>2015-06-11T00:00:00+02:00</sln:cyklZyciaOd><sln:gmIIPId>82bfe027-8a85-4076-a821-c324b7c0eafa</sln:gmIIPId><sln:gmIIPPn>PL.PZGIK.200</sln:gmIIPPn><sln:gmIIPWersja>2012-09-26T22:34:23+02:00</sln:gmIIPWersja><sln:gmIdTeryt>3210033</sln:gmIdTeryt><sln:gmNazwa>Dębno</sln:gmNazwa><sln:miejscIIPId>cf5d216e-ca95-4f65-af84-e907ba4576d4</sln:miejscIIPId><sln:miejscIIPPn>PL.PZGIK.200</sln:miejscIIPPn><sln:miejscIIPWersja>2016-11-24T09:33:41+02:00</sln:miejscIIPWersja><sln:miejscIdTeryt>0180108</sln:miejscIdTeryt><sln:miejscNazwa>Suchlica</sln:miejscNazwa><sln:miejscRodzaj>Wieś</sln:miejscRodzaj><sln:powIIPId>bf9906d2-91eb-4911-8ce0-8c8f3ea1986b</sln:powIIPId><sln:powIIPPn>PL.PZGIK.200</sln:powIIPPn><sln:powIIPWersja>2012-09-27T10:07:22+02:00</sln:powIIPWersja><sln:powIdTeryt>3210</sln:powIdTeryt><sln:powNazwa>myśliborski</sln:powNazwa><sln:waznyOd>2011-04-10T00:00:00+02:00</sln:waznyOd><sln:wojIIPId>c3f2202a-b491-49c5-a3af-d581108d939a</sln:wojIIPId><sln:wojIIPPn>PL.PZGIK.200</sln:wojIIPPn><sln:wojIIPWersja>2017-10-10T00:00:00+02:00</sln:wojIIPWersja><sln:wojIdTeryt>32</sln:wojIdTeryt><sln:wojNazwa>zachodniopomorskie</sln:wojNazwa></sln:miejscowosc><sln:miejscowosc><sln:cyklZyciaDo>2017-03-31T00:00:00+02:00</sln:cyklZyciaDo><sln:cyklZyciaOd>2015-06-11T00:00:00+02:00</sln:cyklZyciaOd><sln:gmIIPId>82bfe027-8a85-4076-a821-c324b7c0eafa</sln:gmIIPId><sln:gmIIPPn>PL.PZGIK.200</sln:gmIIPPn><sln:gmIIPWersja>2012-09-26T22:34:23+02:00</sln:gmIIPWersja><sln:gmIdTeryt>3210033</sln:gmIdTeryt><sln:gmNazwa>Dębno</sln:gmNazwa><sln:miejscIIPId>48f12852-d208-4d6d-9ebf-9523ae306044</sln:miejscIIPId><sln:miejscIIPPn>PL.PZGIK.200</sln:miejscIIPPn><sln:miejscIIPWersja>2016-11-24T09:33:41+02:00</sln:miejscIIPWersja><sln:miejscIdTeryt>0180054</sln:miejscIdTeryt><sln:miejscNazwa>Sulisław</sln:miejscNazwa><sln:miejscRodzaj>Kolonia</sln:miejscRodzaj><sln:powIIPId>bf9906d2-91eb-4911-8ce0-8c8f3ea1986b</sln:powIIPId><sln:powIIPPn>PL.PZGIK.200</sln:powIIPPn><sln:powIIPWersja>2012-09-27T10:07:22+02:00</sln:powIIPWersja><sln:powIdTeryt>3210</sln:powIdTeryt><sln:powNazwa>myśliborski</sln:powNazwa><sln:waznyOd>2012-12-18T00:00:00+01:00</sln:waznyOd><sln:wojIIPId>c3f2202a-b491-49c5-a3af-d581108d939a</sln:wojIIPId><sln:wojIIPPn>PL.PZGIK.200</sln:wojIIPPn><sln:wojIIPWersja>2017-10-10T00:00:00+02:00</sln:wojIIPWersja><sln:wojIdTeryt>32</sln:wojIdTeryt><sln:wojNazwa>zachodniopomorskie</sln:wojNazwa></sln:miejscowosc><sln:miejscowosc><sln:cyklZyciaDo>2017-03-31T00:00:00+02:00</sln:cyklZyciaDo><sln:cyklZyciaOd>2015-06-11T00:00:00+02:00</sln:cyklZyciaOd><sln:gmIIPId>82bfe027-8a85-4076-a821-c324b7c0eafa</sln:gmIIPId><sln:gmIIPPn>PL.PZGIK.200</sln:gmIIPPn><sln:gmIIPWersja>2012-09-26T22:34:23+02:00</sln:gmIIPWersja><sln:gmIdTeryt>3210033</sln:gmIdTeryt><sln:gmNazwa>Dębno</sln:gmNazwa><sln:miejscIIPId>681155b8-2799-4975-b7e4-3b155482d25f</sln:miejscIIPId><sln:miejscIIPPn>PL.PZGIK.200</sln:miejscIIPPn><sln:miejscIIPWersja>2016-11-24T09:33:41+02:00</sln:miejscIIPWersja><sln:miejscIdTeryt>0179855</sln:miejscIdTeryt><sln:miejscNazwa>Turze</sln:miejscNazwa><sln:miejscRodzaj>Kolonia</sln:miejscRodzaj><sln:powIIPId>bf9906d2-91eb-4911-8ce0-8c8f3ea1986b</sln:powIIPId><sln:powIIPPn>PL.PZGIK.200</sln:powIIPPn><sln:powIIPWersja>2012-09-27T10:07:22+02:00</sln:powIIPWersja><sln:powIdTeryt>3210</sln:powIdTeryt><sln:powNazwa>myśliborski</sln:powNazwa><sln:waznyOd>2012-12-18T00:00:00+01:00</sln:waznyOd><sln:wojIIPId>c3f2202a-b491-49c5-a3af-d581108d939a</sln:wojIIPId><sln:wojIIPPn>PL.PZGIK.200</sln:wojIIPPn><sln:wojIIPWersja>2017-10-10T00:00:00+02:00</sln:wojIIPWersja><sln:wojIdTeryt>32</sln:wojIdTeryt><sln:wojNazwa>zachodniopomorskie</sln:wojNazwa></sln:miejscowosc><sln:miejscowosc><sln:cyklZyciaDo>2017-03-31T00:00:00+02:00</sln:cyklZyciaDo><sln:cyklZyciaOd>2015-06-11T00:00:00+02:00</sln:cyklZyciaOd><sln:gmIIPId>82bfe027-8a85-4076-a821-c324b7c0eafa</sln:gmIIPId><sln:gmIIPPn>PL.PZGIK.200</sln:gmIIPPn><sln:gmIIPWersja>2012-09-26T22:34:23+02:00</sln:gmIIPWersja><sln:gmIdTeryt>3210033</sln:gmIdTeryt><sln:gmNazwa>Dębno</sln:gmNazwa><sln:miejscIIPId>11269080-682f-45f0-bbba-54061004a362</sln:miejscIIPId><sln:miejscIIPPn>PL.PZGIK.200</sln:miejscIIPPn><sln:miejscIIPWersja>2016-11-24T09:33:41+02:00</sln:miejscIIPWersja><sln:miejscIdTeryt>0180137</sln:miejscIdTeryt><sln:miejscNazwa>Warnice</sln:miejscNazwa><sln:miejscRodzaj>Wieś</sln:miejscRodzaj><sln:powIIPId>bf9906d2-91eb-4911-8ce0-8c8f3ea1986b</sln:powIIPId><sln:powIIPPn>PL.PZGIK.200</sln:powIIPPn><sln:powIIPWersja>2012-09-27T10:07:22+02:00</sln:powIIPWersja><sln:powIdTeryt>3210</sln:powIdTeryt><sln:powNazwa>myśliborski</sln:powNazwa><sln:waznyOd>2011-04-10T00:00:00+02:00</sln:waznyOd><sln:wojIIPId>c3f2202a-b491-49c5-a3af-d581108d939a</sln:wojIIPId><sln:wojIIPPn>PL.PZGIK.200</sln:wojIIPPn><sln:wojIIPWersja>2017-10-10T00:00:00+02:00</sln:wojIIPWersja><sln:wojIdTeryt>32</sln:wojIdTeryt><sln:wojNazwa>zachodniopomorskie</sln:wojNazwa></sln:miejscowosc><sln:miejscowosc><sln:cyklZyciaDo>2017-03-31T00:00:00+02:00</sln:cyklZyciaDo><sln:cyklZyciaOd>2015-06-11T00:00:00+02:00</sln:cyklZyciaOd><sln:gmIIPId>82bfe027-8a85-4076-a821-c324b7c0eafa</sln:gmIIPId><sln:gmIIPPn>PL.PZGIK.200</sln:gmIIPPn><sln:gmIIPWersja>2012-09-26T22:34:23+02:00</sln:gmIIPWersja><sln:gmIdTeryt>3210033</sln:gmIdTeryt><sln:gmNazwa>Dębno</sln:gmNazwa><sln:miejscIIPId>320c5cda-deb8-4c57-9412-41c5f96b6793</sln:miejscIIPId><sln:miejscIIPPn>PL.PZGIK.200</sln:miejscIIPPn><sln:miejscIIPWersja>2016-11-24T09:33:41+02:00</sln:miejscIIPWersja><sln:miejscIdTeryt>0180143</sln:miejscIdTeryt><sln:miejscNazwa>Więcław</sln:miejscNazwa><sln:miejscRodzaj>Osada</sln:miejscRodzaj><sln:powIIPId>bf9906d2-91eb-4911-8ce0-8c8f3ea1986b</sln:powIIPId><sln:powIIPPn>PL.PZGIK.200</sln:powIIPPn><sln:powIIPWersja>2012-09-27T10:07:22+02:00</sln:powIIPWersja><sln:powIdTeryt>3210</sln:powIdTeryt><sln:powNazwa>myśliborski</sln:powNazwa><sln:waznyOd>2011-04-10T00:00:00+02:00</sln:waznyOd><sln:wojIIPId>c3f2202a-b491-49c5-a3af-d581108d939a</sln:wojIIPId><sln:wojIIPPn>PL.PZGIK.200</sln:wojIIPPn><sln:wojIIPWersja>2017-10-10T00:00:00+02:00</sln:wojIIPWersja><sln:wojIdTeryt>32</sln:wojIdTeryt><sln:wojNazwa>zachodniopomorskie</sln:wojNazwa></sln:miejscowosc><sln:miejscowosc><sln:cyklZyciaOd>2017-03-31T00:00:00+02:00</sln:cyklZyciaOd><sln:gmIIPId>82bfe027-8a85-4076-a821-c324b7c0eafa</sln:gmIIPId><sln:gmIIPPn>PL.PZGIK.200</sln:gmIIPPn><sln:gmIIPWersja>2012-09-26T22:34:23+02:00</sln:gmIIPWersja><sln:gmIdTeryt>3210033</sln:gmIdTeryt><sln:gmNazwa>Dębno</sln:gmNazwa><sln:miejscIIPId>c6eda552-14b6-4dd9-a7e6-63a26545eaf5</sln:miejscIIPId><sln:miejscIIPPn>PL.PZGIK.200</sln:miejscIIPPn><sln:miejscIIPWersja>2017-03-31T15:25:38+02:00</sln:miejscIIPWersja><sln:miejscIdTeryt>0179690</sln:miejscIdTeryt><sln:miejscNazwa>Barnówko</sln:miejscNazwa><sln:miejscRodzaj>Wieś</sln:miejscRodzaj><sln:powIIPId>bf9906d2-91eb-4911-8ce0-8c8f3ea1986b</sln:powIIPId><sln:powIIPPn>PL.PZGIK.200</sln:powIIPPn><sln:powIIPWersja>2012-09-27T10:07:22+02:00</sln:powIIPWersja><sln:powIdTeryt>3210</sln:powIdTeryt><sln:powNazwa>myśliborski</sln:powNazwa><sln:waznyOd>2011-04-10T00:00:00+02:00</sln:waznyOd><sln:wojIIPId>c3f2202a-b491-49c5-a3af-d581108d939a</sln:wojIIPId><sln:wojIIPPn>PL.PZGIK.200</sln:wojIIPPn><sln:wojIIPWersja>2017-10-10T00:00:00+02:00</sln:wojIIPWersja><sln:wojIdTeryt>32</sln:wojIdTeryt><sln:wojNazwa>zachodniopomorskie</sln:wojNazwa></sln:miejscowosc><sln:miejscowosc><sln:cyklZyciaOd>2017-03-31T00:00:00+02:00</sln:cyklZyciaOd><sln:gmIIPId>82bfe027-8a85-4076-a821-c324b7c0eafa</sln:gmIIPId><sln:gmIIPPn>PL.PZGIK.200</sln:gmIIPPn><sln:gmIIPWersja>2012-09-26T22:34:23+02:00</sln:gmIIPWersja><sln:gmIdTeryt>3210033</sln:gmIdTeryt><sln:gmNazwa>Dębno</sln:gmNazwa><sln:miejscIIPId>1dec81f0-40f9-470b-8fbd-b3147716f067</sln:miejscIIPId><sln:miejscIIPPn>PL.PZGIK.200</sln:miejscIIPPn><sln:miejscIIPWersja>2017-03-31T15:25:45+02:00</sln:miejscIIPWersja><sln:miejscIdTeryt>0179714</sln:miejscIdTeryt><sln:miejscNazwa>Borne</sln:miejscNazwa><sln:miejscRodzaj>Osada</sln:miejscRodzaj><sln:powIIPId>bf9906d2-91eb-4911-8ce0-8c8f3ea1986b</sln:powIIPId><sln:powIIPPn>PL.PZGIK.200</sln:powIIPPn><sln:powIIPWersja>2012-09-27T10:07:22+02:00</sln:powIIPWersja><sln:powIdTeryt>3210</sln:powIdTeryt><sln:powNazwa>myśliborski</sln:powNazwa><sln:waznyOd>2012-12-18T00:00:00+01:00</sln:waznyOd><sln:wojIIPId>c3f2202a-b491-49c5-a3af-d581108d939a</sln:wojIIPId><sln:wojIIPPn>PL.PZGIK.200</sln:wojIIPPn><sln:wojIIPWersja>2017-10-10T00:00:00+02:00</sln:wojIIPWersja><sln:wojIdTeryt>32</sln:wojIdTeryt><sln:wojNazwa>zachodniopomorskie</sln:wojNazwa></sln:miejscowosc><sln:miejscowosc><sln:cyklZyciaOd>2017-03-31T00:00:00+02:00</sln:cyklZyciaOd><sln:gmIIPId>82bfe027-8a85-4076-a821-c324b7c0eafa</sln:gmIIPId><sln:gmIIPPn>PL.PZGIK.200</sln:gmIIPPn><sln:gmIIPWersja>2012-09-26T22:34:23+02:00</sln:gmIIPWersja><sln:gmIdTeryt>3210033</sln:gmIdTeryt><sln:gmNazwa>Dębno</sln:gmNazwa><sln:miejscIIPId>bc0277fb-cc41-4ec6-92c5-da259ea9261a</sln:miejscIIPId><sln:miejscIIPPn>PL.PZGIK.200</sln:miejscIIPPn><sln:miejscIIPWersja>2017-03-31T15:25:45+02:00</sln:miejscIIPWersja><sln:miejscIdTeryt>0179737</sln:miejscIdTeryt><sln:miejscNazwa>Bogusław</sln:miejscNazwa><sln:miejscRodzaj>Wieś</sln:miejscRodzaj><sln:powIIPId>bf9906d2-91eb-4911-8ce0-8c8f3ea1986b</sln:powIIPId><sln:powIIPPn>PL.PZGIK.200</sln:powIIPPn><sln:powIIPWersja>2012-09-27T10:07:22+02:00</sln:powIIPWersja><sln:powIdTeryt>3210</sln:powIdTeryt><sln:powNazwa>myśliborski</sln:powNazwa><sln:waznyOd>2011-04-10T00:00:00+02:00</sln:waznyOd><sln:wojIIPId>c3f2202a-b491-49c5-a3af-d581108d939a</sln:wojIIPId><sln:wojIIPPn>PL.PZGIK.200</sln:wojIIPPn><sln:wojIIPWersja>2017-10-10T00:00:00+02:00</sln:wojIIPWersja><sln:wojIdTeryt>32</sln:wojIdTeryt><sln:wojNazwa>zachodniopomorskie</sln:wojNazwa></sln:miejscowosc><sln:miejscowosc><sln:cyklZyciaOd>2017-03-31T00:00:00+02:00</sln:cyklZyciaOd><sln:gmIIPId>82bfe027-8a85-4076-a821-c324b7c0eafa</sln:gmIIPId><sln:gmIIPPn>PL.PZGIK.200</sln:gmIIPPn><sln:gmIIPWersja>2012-09-26T22:34:23+02:00</sln:gmIIPWersja><sln:gmIdTeryt>3210033</sln:gmIdTeryt><sln:gmNazwa>Dębno</sln:gmNazwa><sln:miejscIIPId>e261e188-39b6-4e91-828c-fc8ed57ff3a2</sln:miejscIIPId><sln:miejscIIPPn>PL.PZGIK.200</sln:miejscIIPPn><sln:miejscIIPWersja>2017-03-31T15:25:45+02:00</sln:miejscIIPWersja><sln:miejscIdTeryt>0179743</sln:miejscIdTeryt><sln:miejscNazwa>Cychry</sln:miejscNazwa><sln:miejscRodzaj>Wieś</sln:miejscRodzaj><sln:powIIPId>bf9906d2-91eb-4911-8ce0-8c8f3ea1986b</sln:powIIPId><sln:powIIPPn>PL.PZGIK.200</sln:powIIPPn><sln:powIIPWersja>2012-09-27T10:07:22+02:00</sln:powIIPWersja><sln:powIdTeryt>3210</sln:powIdTeryt><sln:powNazwa>myśliborski</sln:powNazwa><sln:waznyOd>2011-04-10T00:00:00+02:00</sln:waznyOd><sln:wojIIPId>c3f2202a-b491-49c5-a3af-d581108d939a</sln:wojIIPId><sln:wojIIPPn>PL.PZGIK.200</sln:wojIIPPn><sln:wojIIPWersja>2017-10-10T00:00:00+02:00</sln:wojIIPWersja><sln:wojIdTeryt>32</sln:wojIdTeryt><sln:wojNazwa>zachodniopomorskie</sln:wojNazwa></sln:miejscowosc><sln:miejscowosc><sln:cyklZyciaOd>2017-03-31T00:00:00+02:00</sln:cyklZyciaOd><sln:gmIIPId>82bfe027-8a85-4076-a821-c324b7c0eafa</sln:gmIIPId><sln:gmIIPPn>PL.PZGIK.200</sln:gmIIPPn><sln:gmIIPWersja>2012-09-26T22:34:23+02:00</sln:gmIIPWersja><sln:gmIdTeryt>3210033</sln:gmIdTeryt><sln:gmNazwa>Dębno</sln:gmNazwa><sln:miejscIIPId>33105054-6909-44bb-85de-de6394e90569</sln:miejscIIPId><sln:miejscIIPPn>PL.PZGIK.200</sln:miejscIIPPn><sln:miejscIIPWersja>2017-03-31T15:25:45+02:00</sln:miejscIIPWersja><sln:miejscIdTeryt>0179795</sln:miejscIdTeryt><sln:miejscNazwa>Dargomyśl</sln:miejscNazwa><sln:miejscRodzaj>Wieś</sln:miejscRodzaj><sln:powIIPId>bf9906d2-91eb-4911-8ce0-8c8f3ea1986b</sln:powIIPId><sln:powIIPPn>PL.PZGIK.200</sln:powIIPPn><sln:powIIPWersja>2012-09-27T10:07:22+02:00</sln:powIIPWersja><sln:powIdTeryt>3210</sln:powIdTeryt><sln:powNazwa>myśliborski</sln:powNazwa><sln:waznyOd>2011-04-10T00:00:00+02:00</sln:waznyOd><sln:wojIIPId>c3f2202a-b491-49c5-a3af-d581108d939a</sln:wojIIPId><sln:wojIIPPn>PL.PZGIK.200</sln:wojIIPPn><sln:wojIIPWersja>2017-10-10T00:00:00+02:00</sln:wojIIPWersja><sln:wojIdTeryt>32</sln:wojIdTeryt><sln:wojNazwa>zachodniopomorskie</sln:wojNazwa></sln:miejscowosc><sln:miejscowosc><sln:cyklZyciaOd>2017-03-31T00:00:00+02:00</sln:cyklZyciaOd><sln:gmIIPId>82bfe027-8a85-4076-a821-c324b7c0eafa</sln:gmIIPId><sln:gmIIPPn>PL.PZGIK.200</sln:gmIIPPn><sln:gmIIPWersja>2012-09-26T22:34:23+02:00</sln:gmIIPWersja><sln:gmIdTeryt>3210033</sln:gmIdTeryt><sln:gmNazwa>Dębno</sln:gmNazwa><sln:miejscIIPId>a73c7d96-6144-4489-bacb-a8d43317a6e0</sln:miejscIIPId><sln:miejscIIPPn>PL.PZGIK.200</sln:miejscIIPPn><sln:miejscIIPWersja>2017-03-31T15:25:46+02:00</sln:miejscIIPWersja><sln:miejscIdTeryt>0179826</sln:miejscIdTeryt><sln:miejscNazwa>Dolsk</sln:miejscNazwa><sln:miejscRodzaj>Wieś</sln:miejscRodzaj><sln:powIIPId>bf9906d2-91eb-4911-8ce0-8c8f3ea1986b</sln:powIIPId><sln:powIIPPn>PL.PZGIK.200</sln:powIIPPn><sln:powIIPWersja>2012-09-27T10:07:22+02:00</sln:powIIPWersja><sln:powIdTeryt>3210</sln:powIdTeryt><sln:powNazwa>myśliborski</sln:powNazwa><sln:waznyOd>2011-04-10T00:00:00+02:00</sln:waznyOd><sln:wojIIPId>c3f2202a-b491-49c5-a3af-d581108d939a</sln:wojIIPId><sln:wojIIPPn>PL.PZGIK.200</sln:wojIIPPn><sln:wojIIPWersja>2017-10-10T00:00:00+02:00</sln:wojIIPWersja><sln:wojIdTeryt>32</sln:wojIdTeryt><sln:wojNazwa>zachodniopomorskie</sln:wojNazwa></sln:miejscowosc><sln:miejscowosc><sln:cyklZyciaOd>2017-03-31T00:00:00+02:00</sln:cyklZyciaOd><sln:gmIIPId>82bfe027-8a85-4076-a821-c324b7c0eafa</sln:gmIIPId><sln:gmIIPPn>PL.PZGIK.200</sln:gmIIPPn><sln:gmIIPWersja>2012-09-26T22:34:23+02:00</sln:gmIIPWersja><sln:gmIdTeryt>3210033</sln:gmIdTeryt><sln:gmNazwa>Dębno</sln:gmNazwa><sln:miejscIIPId>681155b8-2799-4975-b7e4-3b155482d25f</sln:miejscIIPId><sln:miejscIIPPn>PL.PZGIK.200</sln:miejscIIPPn><sln:miejscIIPWersja>2017-03-31T15:25:46+02:00</sln:miejscIIPWersja><sln:miejscIdTeryt>0179855</sln:miejscIdTeryt><sln:miejscNazwa>Turze</sln:miejscNazwa><sln:miejscRodzaj>Kolonia</sln:miejscRodzaj><sln:powIIPId>bf9906d2-91eb-4911-8ce0-8c8f3ea1986b</sln:powIIPId><sln:powIIPPn>PL.PZGIK.200</sln:powIIPPn><sln:powIIPWersja>2012-09-27T10:07:22+02:00</sln:powIIPWersja><sln:powIdTeryt>3210</sln:powIdTeryt><sln:powNazwa>myśliborski</sln:powNazwa><sln:waznyOd>2012-12-18T00:00:00+01:00</sln:waznyOd><sln:wojIIPId>c3f2202a-b491-49c5-a3af-d581108d939a</sln:wojIIPId><sln:wojIIPPn>PL.PZGIK.200</sln:wojIIPPn><sln:wojIIPWersja>2017-10-10T00:00:00+02:00</sln:wojIIPWersja><sln:wojIdTeryt>32</sln:wojIdTeryt><sln:wojNazwa>zachodniopomorskie</sln:wojNazwa></sln:miejscowosc><sln:miejscowosc><sln:cyklZyciaOd>2017-03-31T00:00:00+02:00</sln:cyklZyciaOd><sln:gmIIPId>82bfe027-8a85-4076-a821-c324b7c0eafa</sln:gmIIPId><sln:gmIIPPn>PL.PZGIK.200</sln:gmIIPPn><sln:gmIIPWersja>2012-09-26T22:34:23+02:00</sln:gmIIPWersja><sln:gmIdTeryt>3210033</sln:gmIdTeryt><sln:gmNazwa>Dębno</sln:gmNazwa><sln:miejscIIPId>e1bc3e60-e300-40b4-8504-ce7312e5ed57</sln:miejscIIPId><sln:miejscIIPPn>PL.PZGIK.200</sln:miejscIIPPn><sln:miejscIIPWersja>2017-03-31T15:25:46+02:00</sln:miejscIIPWersja><sln:miejscIdTeryt>0179861</sln:miejscIdTeryt><sln:miejscNazwa>Dyszno</sln:miejscNazwa><sln:miejscRodzaj>Wieś</sln:miejscRodzaj><sln:powIIPId>bf9906d2-91eb-4911-8ce0-8c8f3ea1986b</sln:powIIPId><sln:powIIPPn>PL.PZGIK.200</sln:powIIPPn><sln:powIIPWersja>2012-09-27T10:07:22+02:00</sln:powIIPWersja><sln:powIdTeryt>3210</sln:powIdTeryt><sln:powNazwa>myśliborski</sln:powNazwa><sln:waznyOd>2011-04-10T00:00:00+02:00</sln:waznyOd><sln:wojIIPId>c3f2202a-b491-49c5-a3af-d581108d939a</sln:wojIIPId><sln:wojIIPPn>PL.PZGIK.200</sln:wojIIPPn><sln:wojIIPWersja>2017-10-10T00:00:00+02:00</sln:wojIIPWersja><sln:wojIdTeryt>32</sln:wojIdTeryt><sln:wojNazwa>zachodniopomorskie</sln:wojNazwa></sln:miejscowosc><sln:miejscowosc><sln:cyklZyciaOd>2017-03-31T00:00:00+02:00</sln:cyklZyciaOd><sln:gmIIPId>82bfe027-8a85-4076-a821-c324b7c0eafa</sln:gmIIPId><sln:gmIIPPn>PL.PZGIK.200</sln:gmIIPPn><sln:gmIIPWersja>2012-09-26T22:34:23+02:00</sln:gmIIPWersja><sln:gmIdTeryt>3210033</sln:gmIdTeryt><sln:gmNazwa>Dębno</sln:gmNazwa><sln:miejscIIPId>bc53de1a-3356-4068-a86e-e80c06402c90</sln:miejscIIPId><sln:miejscIIPPn>PL.PZGIK.200</sln:miejscIIPPn><sln:miejscIIPWersja>2017-03-31T15:25:46+02:00</sln:miejscIIPWersja><sln:miejscIdTeryt>0179878</sln:miejscIdTeryt><sln:miejscNazwa>Borówno</sln:miejscNazwa><sln:miejscRodzaj>Kolonia</sln:miejscRodzaj><sln:powIIPId>bf9906d2-91eb-4911-8ce0-8c8f3ea1986b</sln:powIIPId><sln:powIIPPn>PL.PZGIK.200</sln:powIIPPn><sln:powIIPWersja>2012-09-27T10:07:22+02:00</sln:powIIPWersja><sln:powIdTeryt>3210</sln:powIdTeryt><sln:powNazwa>myśliborski</sln:powNazwa><sln:waznyOd>2012-12-18T00:00:00+01:00</sln:waznyOd><sln:wojIIPId>c3f2202a-b491-49c5-a3af-d581108d939a</sln:wojIIPId><sln:wojIIPPn>PL.PZGIK.200</sln:wojIIPPn><sln:wojIIPWersja>2017-10-10T00:00:00+02:00</sln:wojIIPWersja><sln:wojIdTeryt>32</sln:wojIdTeryt><sln:wojNazwa>zachodniopomorskie</sln:wojNazwa></sln:miejscowosc><sln:miejscowosc><sln:cyklZyciaOd>2017-03-31T00:00:00+02:00</sln:cyklZyciaOd><sln:gmIIPId>82bfe027-8a85-4076-a821-c324b7c0eafa</sln:gmIIPId><sln:gmIIPPn>PL.PZGIK.200</sln:gmIIPPn><sln:gmIIPWersja>2012-09-26T22:34:23+02:00</sln:gmIIPWersja><sln:gmIdTeryt>3210033</sln:gmIdTeryt><sln:gmNazwa>Dębno</sln:gmNazwa><sln:miejscIIPId>a211eed0-c6e5-4a8a-aa6c-eed9fef1686d</sln:miejscIIPId><sln:miejscIIPPn>PL.PZGIK.200</sln:miejscIIPPn><sln:miejscIIPWersja>2017-03-31T15:25:46+02:00</sln:miejscIIPWersja><sln:miejscIdTeryt>0179884</sln:miejscIdTeryt><sln:miejscNazwa>Przylaszczka</sln:miejscNazwa><sln:miejscRodzaj>Kolonia</sln:miejscRodzaj><sln:powIIPId>bf9906d2-91eb-4911-8ce0-8c8f3ea1986b</sln:powIIPId><sln:powIIPPn>PL.PZGIK.200</sln:powIIPPn><sln:powIIPWersja>2012-09-27T10:07:22+02:00</sln:powIIPWersja><sln:powIdTeryt>3210</sln:powIdTeryt><sln:powNazwa>myśliborski</sln:powNazwa><sln:waznyOd>2012-12-18T00:00:00+01:00</sln:waznyOd><sln:wojIIPId>c3f2202a-b491-49c5-a3af-d581108d939a</sln:wojIIPId><sln:wojIIPPn>PL.PZGIK.200</sln:wojIIPPn><sln:wojIIPWersja>2017-10-10T00:00:00+02:00</sln:wojIIPWersja><sln:wojIdTeryt>32</sln:wojIdTeryt><sln:wojNazwa>zachodniopomorskie</sln:wojNazwa></sln:miejscowosc><sln:miejscowosc><sln:cyklZyciaOd>2017-03-31T00:00:00+02:00</sln:cyklZyciaOd><sln:gmIIPId>82bfe027-8a85-4076-a821-c324b7c0eafa</sln:gmIIPId><sln:gmIIPPn>PL.PZGIK.200</sln:gmIIPPn><sln:gmIIPWersja>2012-09-26T22:34:23+02:00</sln:gmIIPWersja><sln:gmIdTeryt>3210033</sln:gmIdTeryt><sln:gmNazwa>Dębno</sln:gmNazwa><sln:miejscIIPId>73e65169-e276-4983-96e1-c4e6d94e1797</sln:miejscIIPId><sln:miejscIIPPn>PL.PZGIK.200</sln:miejscIIPPn><sln:miejscIIPWersja>2017-03-31T15:25:46+02:00</sln:miejscIIPWersja><sln:miejscIdTeryt>0179890</sln:miejscIdTeryt><sln:miejscNazwa>Grzymiradz</sln:miejscNazwa><sln:miejscRodzaj>Wieś</sln:miejscRodzaj><sln:powIIPId>bf9906d2-91eb-4911-8ce0-8c8f3ea1986b</sln:powIIPId><sln:powIIPPn>PL.PZGIK.200</sln:powIIPPn><sln:powIIPWersja>2012-09-27T10:07:22+02:00</sln:powIIPWersja><sln:powIdTeryt>3210</sln:powIdTeryt><sln:powNazwa>myśliborski</sln:powNazwa><sln:waznyOd>2011-04-10T00:00:00+02:00</sln:waznyOd><sln:wojIIPId>c3f2202a-b491-49c5-a3af-d581108d939a</sln:wojIIPId><sln:wojIIPPn>PL.PZGIK.200</sln:wojIIPPn><sln:wojIIPWersja>2017-10-10T00:00:00+02:00</sln:wojIIPWersja><sln:wojIdTeryt>32</sln:wojIdTeryt><sln:wojNazwa>zachodniopomorskie</sln:wojNazwa></sln:miejscowosc><sln:miejscowosc><sln:cyklZyciaOd>2017-03-31T00:00:00+02:00</sln:cyklZyciaOd><sln:gmIIPId>82bfe027-8a85-4076-a821-c324b7c0eafa</sln:gmIIPId><sln:gmIIPPn>PL.PZGIK.200</sln:gmIIPPn><sln:gmIIPWersja>2012-09-26T22:34:23+02:00</sln:gmIIPWersja><sln:gmIdTeryt>3210033</sln:gmIdTeryt><sln:gmNazwa>Dębno</sln:gmNazwa><sln:miejscIIPId>290cce40-1aa3-4aba-b3e0-22816c45f906</sln:miejscIIPId><sln:miejscIIPPn>PL.PZGIK.200</sln:miejscIIPPn><sln:miejscIIPWersja>2017-03-31T15:25:46+02:00</sln:miejscIIPWersja><sln:miejscIdTeryt>0179909</sln:miejscIdTeryt><sln:miejscNazwa>Choszczówko</sln:miejscNazwa><sln:miejscRodzaj>Kolonia</sln:miejscRodzaj><sln:powIIPId>bf9906d2-91eb-4911-8ce0-8c8f3ea1986b</sln:powIIPId><sln:powIIPPn>PL.PZGIK.200</sln:powIIPPn><sln:powIIPWersja>2012-09-27T10:07:22+02:00</sln:powIIPWersja><sln:powIdTeryt>3210</sln:powIdTeryt><sln:powNazwa>myśliborski</sln:powNazwa><sln:waznyOd>2012-12-18T00:00:00+01:00</sln:waznyOd><sln:wojIIPId>c3f2202a-b491-49c5-a3af-d581108d939a</sln:wojIIPId><sln:wojIIPPn>PL.PZGIK.200</sln:wojIIPPn><sln:wojIIPWersja>2017-10-10T00:00:00+02:00</sln:wojIIPWersja><sln:wojIdTeryt>32</sln:wojIdTeryt><sln:wojNazwa>zachodniopomorskie</sln:wojNazwa></sln:miejscowosc><sln:miejscowosc><sln:cyklZyciaOd>2017-03-31T00:00:00+02:00</sln:cyklZyciaOd><sln:gmIIPId>82bfe027-8a85-4076-a821-c324b7c0eafa</sln:gmIIPId><sln:gmIIPPn>PL.PZGIK.200</sln:gmIIPPn><sln:gmIIPWersja>2012-09-26T22:34:23+02:00</sln:gmIIPWersja><sln:gmIdTeryt>3210033</sln:gmIdTeryt><sln:gmNazwa>Dębno</sln:gmNazwa><sln:miejscIIPId>eee2cc0a-6064-4d03-afb7-71686e8e6873</sln:miejscIIPId><sln:miejscIIPPn>PL.PZGIK.200</sln:miejscIIPPn><sln:miejscIIPWersja>2017-03-31T15:25:46+02:00</sln:miejscIIPWersja><sln:miejscIdTeryt>0179915</sln:miejscIdTeryt><sln:miejscNazwa>Klepin</sln:miejscNazwa><sln:miejscRodzaj>Kolonia</sln:miejscRodzaj><sln:powIIPId>bf9906d2-91eb-4911-8ce0-8c8f3ea1986b</sln:powIIPId><sln:powIIPPn>PL.PZGIK.200</sln:powIIPPn><sln:powIIPWersja>2012-09-27T10:07:22+02:00</sln:powIIPWersja><sln:powIdTeryt>3210</sln:powIdTeryt><sln:powNazwa>myśliborski</sln:powNazwa><sln:waznyOd>2012-12-18T00:00:00+01:00</sln:waznyOd><sln:wojIIPId>c3f2202a-b491-49c5-a3af-d581108d939a</sln:wojIIPId><sln:wojIIPPn>PL.PZGIK.200</sln:wojIIPPn><sln:wojIIPWersja>2017-10-10T00:00:00+02:00</sln:wojIIPWersja><sln:wojIdTeryt>32</sln:wojIdTeryt><sln:wojNazwa>zachodniopomorskie</sln:wojNazwa></sln:miejscowosc><sln:miejscowosc><sln:cyklZyciaOd>2017-03-31T00:00:00+02:00</sln:cyklZyciaOd><sln:gmIIPId>82bfe027-8a85-4076-a821-c324b7c0eafa</sln:gmIIPId><sln:gmIIPPn>PL.PZGIK.200</sln:gmIIPPn><sln:gmIIPWersja>2012-09-26T22:34:23+02:00</sln:gmIIPWersja><sln:gmIdTeryt>3210033</sln:gmIdTeryt><sln:gmNazwa>Dębno</sln:gmNazwa><sln:miejscIIPId>8506bf67-dc23-4fe3-80c7-ad8d52ae9a21</sln:miejscIIPId><sln:miejscIIPPn>PL.PZGIK.200</sln:miejscIIPPn><sln:miejscIIPWersja>2017-03-31T15:25:46+02:00</sln:miejscIIPWersja><sln:miejscIdTeryt>0179921</sln:miejscIdTeryt><sln:miejscNazwa>Krężelin</sln:miejscNazwa><sln:miejscRodzaj>Wieś</sln:miejscRodzaj><sln:powIIPId>bf9906d2-91eb-4911-8ce0-8c8f3ea1986b</sln:powIIPId><sln:powIIPPn>PL.PZGIK.200</sln:powIIPPn><sln:powIIPWersja>2012-09-27T10:07:22+02:00</sln:powIIPWersja><sln:powIdTeryt>3210</sln:powIdTeryt><sln:powNazwa>myśliborski</sln:powNazwa><sln:waznyOd>2011-04-10T00:00:00+02:00</sln:waznyOd><sln:wojIIPId>c3f2202a-b491-49c5-a3af-d581108d939a</sln:wojIIPId><sln:wojIIPPn>PL.PZGIK.200</sln:wojIIPPn><sln:wojIIPWersja>2017-10-10T00:00:00+02:00</sln:wojIIPWersja><sln:wojIdTeryt>32</sln:wojIdTeryt><sln:wojNazwa>zachodniopomorskie</sln:wojNazwa></sln:miejscowosc><sln:miejscowosc><sln:cyklZyciaOd>2017-03-31T00:00:00+02:00</sln:cyklZyciaOd><sln:gmIIPId>82bfe027-8a85-4076-a821-c324b7c0eafa</sln:gmIIPId><sln:gmIIPPn>PL.PZGIK.200</sln:gmIIPPn><sln:gmIIPWersja>2012-09-26T22:34:23+02:00</sln:gmIIPWersja><sln:gmIdTeryt>3210033</sln:gmIdTeryt><sln:gmNazwa>Dębno</sln:gmNazwa><sln:miejscIIPId>327dcfb9-daf4-42a4-a345-7e1bf39992f7</sln:miejscIIPId><sln:miejscIIPPn>PL.PZGIK.200</sln:miejscIIPPn><sln:miejscIIPWersja>2017-03-31T15:25:46+02:00</sln:miejscIIPWersja><sln:miejscIdTeryt>0179938</sln:miejscIdTeryt><sln:miejscNazwa>Radzicz</sln:miejscNazwa><sln:miejscRodzaj>Kolonia</sln:miejscRodzaj><sln:powIIPId>bf9906d2-91eb-4911-8ce0-8c8f3ea1986b</sln:powIIPId><sln:powIIPPn>PL.PZGIK.200</sln:powIIPPn><sln:powIIPWersja>2012-09-27T10:07:22+02:00</sln:powIIPWersja><sln:powIdTeryt>3210</sln:powIdTeryt><sln:powNazwa>myśliborski</sln:powNazwa><sln:waznyOd>2012-12-18T00:00:00+01:00</sln:waznyOd><sln:wojIIPId>c3f2202a-b491-49c5-a3af-d581108d939a</sln:wojIIPId><sln:wojIIPPn>PL.PZGIK.200</sln:wojIIPPn><sln:wojIIPWersja>2017-10-10T00:00:00+02:00</sln:wojIIPWersja><sln:wojIdTeryt>32</sln:wojIdTeryt><sln:wojNazwa>zachodniopomorskie</sln:wojNazwa></sln:miejscowosc><sln:miejscowosc><sln:cyklZyciaOd>2017-03-31T00:00:00+02:00</sln:cyklZyciaOd><sln:gmIIPId>82bfe027-8a85-4076-a821-c324b7c0eafa</sln:gmIIPId><sln:gmIIPPn>PL.PZGIK.200</sln:gmIIPPn><sln:gmIIPWersja>2012-09-26T22:34:23+02:00</sln:gmIIPWersja><sln:gmIdTeryt>3210033</sln:gmIdTeryt><sln:gmNazwa>Dębno</sln:gmNazwa><sln:miejscIIPId>d7df570c-cc29-4e5f-b467-1f575835bb52</sln:miejscIIPId><sln:miejscIIPPn>PL.PZGIK.200</sln:miejscIIPPn><sln:miejscIIPWersja>2017-03-31T15:25:46+02:00</sln:miejscIIPWersja><sln:miejscIdTeryt>0179944</sln:miejscIdTeryt><sln:miejscNazwa>Krześnica</sln:miejscNazwa><sln:miejscRodzaj>Wieś</sln:miejscRodzaj><sln:powIIPId>bf9906d2-91eb-4911-8ce0-8c8f3ea1986b</sln:powIIPId><sln:powIIPPn>PL.PZGIK.200</sln:powIIPPn><sln:powIIPWersja>2012-09-27T10:07:22+02:00</sln:powIIPWersja><sln:powIdTeryt>3210</sln:powIdTeryt><sln:powNazwa>myśliborski</sln:powNazwa><sln:waznyOd>2011-04-10T00:00:00+02:00</sln:waznyOd><sln:wojIIPId>c3f2202a-b491-49c5-a3af-d581108d939a</sln:wojIIPId><sln:wojIIPPn>PL.PZGIK.200</sln:wojIIPPn><sln:wojIIPWersja>2017-10-10T00:00:00+02:00</sln:wojIIPWersja><sln:wojIdTeryt>32</sln:wojIdTeryt><sln:wojNazwa>zachodniopomorskie</sln:wojNazwa></sln:miejscowosc><sln:miejscowosc><sln:cyklZyciaOd>2017-03-31T00:00:00+02:00</sln:cyklZyciaOd><sln:gmIIPId>82bfe027-8a85-4076-a821-c324b7c0eafa</sln:gmIIPId><sln:gmIIPPn>PL.PZGIK.200</sln:gmIIPPn><sln:gmIIPWersja>2012-09-26T22:34:23+02:00</sln:gmIIPWersja><sln:gmIdTeryt>3210033</sln:gmIdTeryt><sln:gmNazwa>Dębno</sln:gmNazwa><sln:miejscIIPId>c940d777-b313-44c1-84df-a83410469154</sln:miejscIIPId><sln:miejscIIPPn>PL.PZGIK.200</sln:miejscIIPPn><sln:miejscIIPWersja>2017-03-31T15:25:46+02:00</sln:miejscIIPWersja><sln:miejscIdTeryt>0179950</sln:miejscIdTeryt><sln:miejscNazwa>Młyniska</sln:miejscNazwa><sln:miejscRodzaj>Wieś</sln:miejscRodzaj><sln:powIIPId>bf9906d2-91eb-4911-8ce0-8c8f3ea1986b</sln:powIIPId><sln:powIIPPn>PL.PZGIK.200</sln:powIIPPn><sln:powIIPWersja>2012-09-27T10:07:22+02:00</sln:powIIPWersja><sln:powIdTeryt>3210</sln:powIdTeryt><sln:powNazwa>myśliborski</sln:powNazwa><sln:waznyOd>2011-04-10T00:00:00+02:00</sln:waznyOd><sln:wojIIPId>c3f2202a-b491-49c5-a3af-d581108d939a</sln:wojIIPId><sln:wojIIPPn>PL.PZGIK.200</sln:wojIIPPn><sln:wojIIPWersja>2017-10-10T00:00:00+02:00</sln:wojIIPWersja><sln:wojIdTeryt>32</sln:wojIdTeryt><sln:wojNazwa>zachodniopomorskie</sln:wojNazwa></sln:miejscowosc><sln:miejscowosc><sln:cyklZyciaOd>2017-03-31T00:00:00+02:00</sln:cyklZyciaOd><sln:gmIIPId>82bfe027-8a85-4076-a821-c324b7c0eafa</sln:gmIIPId><sln:gmIIPPn>PL.PZGIK.200</sln:gmIIPPn><sln:gmIIPWersja>2012-09-26T22:34:23+02:00</sln:gmIIPWersja><sln:gmIdTeryt>3210033</sln:gmIdTeryt><sln:gmNazwa>Dębno</sln:gmNazwa><sln:miejscIIPId>6e9519a4-ab0a-40f3-9f04-472352fc3bb4</sln:miejscIIPId><sln:miejscIIPPn>PL.PZGIK.200</sln:miejscIIPPn><sln:miejscIIPWersja>2017-03-31T15:25:47+02:00</sln:miejscIIPWersja><sln:miejscIdTeryt>0179973</sln:miejscIdTeryt><sln:miejscNazwa>Mostno</sln:miejscNazwa><sln:miejscRodzaj>Wieś</sln:miejscRodzaj><sln:powIIPId>bf9906d2-91eb-4911-8ce0-8c8f3ea1986b</sln:powIIPId><sln:powIIPPn>PL.PZGIK.200</sln:powIIPPn><sln:powIIPWersja>2012-09-27T10:07:22+02:00</sln:powIIPWersja><sln:powIdTeryt>3210</sln:powIdTeryt><sln:powNazwa>myśliborski</sln:powNazwa><sln:waznyOd>2011-04-10T00:00:00+02:00</sln:waznyOd><sln:wojIIPId>c3f2202a-b491-49c5-a3af-d581108d939a</sln:wojIIPId><sln:wojIIPPn>PL.PZGIK.200</sln:wojIIPPn><sln:wojIIPWersja>2017-10-10T00:00:00+02:00</sln:wojIIPWersja><sln:wojIdTeryt>32</sln:wojIdTeryt><sln:wojNazwa>zachodniopomorskie</sln:wojNazwa></sln:miejscowosc><sln:miejscowosc><sln:cyklZyciaOd>2017-03-31T00:00:00+02:00</sln:cyklZyciaOd><sln:gmIIPId>82bfe027-8a85-4076-a821-c324b7c0eafa</sln:gmIIPId><sln:gmIIPPn>PL.PZGIK.200</sln:gmIIPPn><sln:gmIIPWersja>2012-09-26T22:34:23+02:00</sln:gmIIPWersja><sln:gmIdTeryt>3210033</sln:gmIdTeryt><sln:gmNazwa>Dębno</sln:gmNazwa><sln:miejscIIPId>d84cd5f5-a4d0-4b4f-9076-618693bbf970</sln:miejscIIPId><sln:miejscIIPPn>PL.PZGIK.200</sln:miejscIIPPn><sln:miejscIIPWersja>2017-03-31T15:25:47+02:00</sln:miejscIIPWersja><sln:miejscIdTeryt>0179980</sln:miejscIdTeryt><sln:miejscNazwa>Łazy</sln:miejscNazwa><sln:miejscRodzaj>Osada</sln:miejscRodzaj><sln:powIIPId>bf9906d2-91eb-4911-8ce0-8c8f3ea1986b</sln:powIIPId><sln:powIIPPn>PL.PZGIK.200</sln:powIIPPn><sln:powIIPWersja>2012-09-27T10:07:22+02:00</sln:powIIPWersja><sln:powIdTeryt>3210</sln:powIdTeryt><sln:powNazwa>myśliborski</sln:powNazwa><sln:waznyOd>2012-12-18T00:00:00+01:00</sln:waznyOd><sln:wojIIPId>c3f2202a-b491-49c5-a3af-d581108d939a</sln:wojIIPId><sln:wojIIPPn>PL.PZGIK.200</sln:wojIIPPn><sln:wojIIPWersja>2017-10-10T00:00:00+02:00</sln:wojIIPWersja><sln:wojIdTeryt>32</sln:wojIdTeryt><sln:wojNazwa>zachodniopomorskie</sln:wojNazwa></sln:miejscowosc><sln:miejscowosc><sln:cyklZyciaOd>2017-03-31T00:00:00+02:00</sln:cyklZyciaOd><sln:gmIIPId>82bfe027-8a85-4076-a821-c324b7c0eafa</sln:gmIIPId><sln:gmIIPPn>PL.PZGIK.200</sln:gmIIPPn><sln:gmIIPWersja>2012-09-26T22:34:23+02:00</sln:gmIIPWersja><sln:gmIdTeryt>3210033</sln:gmIdTeryt><sln:gmNazwa>Dębno</sln:gmNazwa><sln:miejscIIPId>3034a0b1-ba2c-4a41-bf88-babc6e01164c</sln:miejscIIPId><sln:miejscIIPPn>PL.PZGIK.200</sln:miejscIIPPn><sln:miejscIIPWersja>2017-03-31T15:25:47+02:00</sln:miejscIIPWersja><sln:miejscIdTeryt>0179996</sln:miejscIdTeryt><sln:miejscNazwa>Oborzany</sln:miejscNazwa><sln:miejscRodzaj>Wieś</sln:miejscRodzaj><sln:powIIPId>bf9906d2-91eb-4911-8ce0-8c8f3ea1986b</sln:powIIPId><sln:powIIPPn>PL.PZGIK.200</sln:powIIPPn><sln:powIIPWersja>2012-09-27T10:07:22+02:00</sln:powIIPWersja><sln:powIdTeryt>3210</sln:powIdTeryt><sln:powNazwa>myśliborski</sln:powNazwa><sln:waznyOd>2011-04-10T00:00:00+02:00</sln:waznyOd><sln:wojIIPId>c3f2202a-b491-49c5-a3af-d581108d939a</sln:wojIIPId><sln:wojIIPPn>PL.PZGIK.200</sln:wojIIPPn><sln:wojIIPWersja>2017-10-10T00:00:00+02:00</sln:wojIIPWersja><sln:wojIdTeryt>32</sln:wojIdTeryt><sln:wojNazwa>zachodniopomorskie</sln:wojNazwa></sln:miejscowosc><sln:miejscowosc><sln:cyklZyciaOd>2017-03-31T00:00:00+02:00</sln:cyklZyciaOd><sln:gmIIPId>82bfe027-8a85-4076-a821-c324b7c0eafa</sln:gmIIPId><sln:gmIIPPn>PL.PZGIK.200</sln:gmIIPPn><sln:gmIIPWersja>2012-09-26T22:34:23+02:00</sln:gmIIPWersja><sln:gmIdTeryt>3210033</sln:gmIdTeryt><sln:gmNazwa>Dębno</sln:gmNazwa><sln:miejscIIPId>36db1ef4-5865-4a8f-8ac1-d0eb2b78da64</sln:miejscIIPId><sln:miejscIIPPn>PL.PZGIK.200</sln:miejscIIPPn><sln:miejscIIPWersja>2017-03-31T15:25:47+02:00</sln:miejscIIPWersja><sln:miejscIdTeryt>0180002</sln:miejscIdTeryt><sln:miejscNazwa>Ostrowiec</sln:miejscNazwa><sln:miejscRodzaj>Wieś</sln:miejscRodzaj><sln:powIIPId>bf9906d2-91eb-4911-8ce0-8c8f3ea1986b</sln:powIIPId><sln:powIIPPn>PL.PZGIK.200</sln:powIIPPn><sln:powIIPWersja>2012-09-27T10:07:22+02:00</sln:powIIPWersja><sln:powIdTeryt>3210</sln:powIdTeryt><sln:powNazwa>myśliborski</sln:powNazwa><sln:waznyOd>2011-04-10T00:00:00+02:00</sln:waznyOd><sln:wojIIPId>c3f2202a-b491-49c5-a3af-d581108d939a</sln:wojIIPId><sln:wojIIPPn>PL.PZGIK.200</sln:wojIIPPn><sln:wojIIPWersja>2017-10-10T00:00:00+02:00</sln:wojIIPWersja><sln:wojIdTeryt>32</sln:wojIdTeryt><sln:wojNazwa>zachodniopomorskie</sln:wojNazwa></sln:miejscowosc><sln:miejscowosc><sln:cyklZyciaOd>2017-03-31T00:00:00+02:00</sln:cyklZyciaOd><sln:gmIIPId>82bfe027-8a85-4076-a821-c324b7c0eafa</sln:gmIIPId><sln:gmIIPPn>PL.PZGIK.200</sln:gmIIPPn><sln:gmIIPWersja>2012-09-26T22:34:23+02:00</sln:gmIIPWersja><sln:gmIdTeryt>3210033</sln:gmIdTeryt><sln:gmNazwa>Dębno</sln:gmNazwa><sln:miejscIIPId>f41acf4b-2016-4520-a1e2-11aaa7c2b4e8</sln:miejscIIPId><sln:miejscIIPPn>PL.PZGIK.200</sln:miejscIIPPn><sln:miejscIIPWersja>2017-03-31T15:25:47+02:00</sln:miejscIIPWersja><sln:miejscIdTeryt>0180019</sln:miejscIdTeryt><sln:miejscNazwa>Różańsko</sln:miejscNazwa><sln:miejscRodzaj>Wieś</sln:miejscRodzaj><sln:powIIPId>bf9906d2-91eb-4911-8ce0-8c8f3ea1986b</sln:powIIPId><sln:powIIPPn>PL.PZGIK.200</sln:powIIPPn><sln:powIIPWersja>2012-09-27T10:07:22+02:00</sln:powIIPWersja><sln:powIdTeryt>3210</sln:powIdTeryt><sln:powNazwa>myśliborski</sln:powNazwa><sln:waznyOd>2011-04-10T00:00:00+02:00</sln:waznyOd><sln:wojIIPId>c3f2202a-b491-49c5-a3af-d581108d939a</sln:wojIIPId><sln:wojIIPPn>PL.PZGIK.200</sln:wojIIPPn><sln:wojIIPWersja>2017-10-10T00:00:00+02:00</sln:wojIIPWersja><sln:wojIdTeryt>32</sln:wojIdTeryt><sln:wojNazwa>zachodniopomorskie</sln:wojNazwa></sln:miejscowosc><sln:miejscowosc><sln:cyklZyciaOd>2017-03-31T00:00:00+02:00</sln:cyklZyciaOd><sln:gmIIPId>82bfe027-8a85-4076-a821-c324b7c0eafa</sln:gmIIPId><sln:gmIIPPn>PL.PZGIK.200</sln:gmIIPPn><sln:gmIIPWersja>2012-09-26T22:34:23+02:00</sln:gmIIPWersja><sln:gmIdTeryt>3210033</sln:gmIdTeryt><sln:gmNazwa>Dębno</sln:gmNazwa><sln:miejscIIPId>ff6b0623-3fd3-4849-89b4-edea264b14a3</sln:miejscIIPId><sln:miejscIIPPn>PL.PZGIK.200</sln:miejscIIPPn><sln:miejscIIPWersja>2017-03-31T15:25:47+02:00</sln:miejscIIPWersja><sln:miejscIdTeryt>0180025</sln:miejscIdTeryt><sln:miejscNazwa>Grzybno</sln:miejscNazwa><sln:miejscRodzaj>Kolonia</sln:miejscRodzaj><sln:powIIPId>bf9906d2-91eb-4911-8ce0-8c8f3ea1986b</sln:powIIPId><sln:powIIPPn>PL.PZGIK.200</sln:powIIPPn><sln:powIIPWersja>2012-09-27T10:07:22+02:00</sln:powIIPWersja><sln:powIdTeryt>3210</sln:powIdTeryt><sln:powNazwa>myśliborski</sln:powNazwa><sln:waznyOd>2012-12-18T00:00:00+01:00</sln:waznyOd><sln:wojIIPId>c3f2202a-b491-49c5-a3af-d581108d939a</sln:wojIIPId><sln:wojIIPPn>PL.PZGIK.200</sln:wojIIPPn><sln:wojIIPWersja>2017-10-10T00:00:00+02:00</sln:wojIIPWersja><sln:wojIdTeryt>32</sln:wojIdTeryt><sln:wojNazwa>zachodniopomorskie</sln:wojNazwa></sln:miejscowosc><sln:miejscowosc><sln:cyklZyciaOd>2017-03-31T00:00:00+02:00</sln:cyklZyciaOd><sln:gmIIPId>82bfe027-8a85-4076-a821-c324b7c0eafa</sln:gmIIPId><sln:gmIIPPn>PL.PZGIK.200</sln:gmIIPPn><sln:gmIIPWersja>2012-09-26T22:34:23+02:00</sln:gmIIPWersja><sln:gmIdTeryt>3210033</sln:gmIdTeryt><sln:gmNazwa>Dębno</sln:gmNazwa><sln:miejscIIPId>00d224f5-7198-42f2-9850-d99fce210686</sln:miejscIIPId><sln:miejscIIPPn>PL.PZGIK.200</sln:miejscIIPPn><sln:miejscIIPWersja>2017-03-31T15:25:47+02:00</sln:miejscIIPWersja><sln:miejscIdTeryt>0180031</sln:miejscIdTeryt><sln:miejscNazwa>Juncewo</sln:miejscNazwa><sln:miejscRodzaj>Kolonia</sln:miejscRodzaj><sln:powIIPId>bf9906d2-91eb-4911-8ce0-8c8f3ea1986b</sln:powIIPId><sln:powIIPPn>PL.PZGIK.200</sln:powIIPPn><sln:powIIPWersja>2012-09-27T10:07:22+02:00</sln:powIIPWersja><sln:powIdTeryt>3210</sln:powIdTeryt><sln:powNazwa>myśliborski</sln:powNazwa><sln:waznyOd>2012-12-18T00:00:00+01:00</sln:waznyOd><sln:wojIIPId>c3f2202a-b491-49c5-a3af-d581108d939a</sln:wojIIPId><sln:wojIIPPn>PL.PZGIK.200</sln:wojIIPPn><sln:wojIIPWersja>2017-10-10T00:00:00+02:00</sln:wojIIPWersja><sln:wojIdTeryt>32</sln:wojIdTeryt><sln:wojNazwa>zachodniopomorskie</sln:wojNazwa></sln:miejscowosc><sln:miejscowosc><sln:cyklZyciaOd>2017-03-31T00:00:00+02:00</sln:cyklZyciaOd><sln:gmIIPId>82bfe027-8a85-4076-a821-c324b7c0eafa</sln:gmIIPId><sln:gmIIPPn>PL.PZGIK.200</sln:gmIIPPn><sln:gmIIPWersja>2012-09-26T22:34:23+02:00</sln:gmIIPWersja><sln:gmIdTeryt>3210033</sln:gmIdTeryt><sln:gmNazwa>Dębno</sln:gmNazwa><sln:miejscIIPId>e8db77f6-f02f-46ef-b5a7-4391d56dd5fd</sln:miejscIIPId><sln:miejscIIPPn>PL.PZGIK.200</sln:miejscIIPPn><sln:miejscIIPWersja>2017-03-31T15:25:47+02:00</sln:miejscIIPWersja><sln:miejscIdTeryt>0180048</sln:miejscIdTeryt><sln:miejscNazwa>Piołunek</sln:miejscNazwa><sln:miejscRodzaj>Osada</sln:miejscRodzaj><sln:powIIPId>bf9906d2-91eb-4911-8ce0-8c8f3ea1986b</sln:powIIPId><sln:powIIPPn>PL.PZGIK.200</sln:powIIPPn><sln:powIIPWersja>2012-09-27T10:07:22+02:00</sln:powIIPWersja><sln:powIdTeryt>3210</sln:powIdTeryt><sln:powNazwa>myśliborski</sln:powNazwa><sln:waznyOd>2012-12-18T00:00:00+01:00</sln:waznyOd><sln:wojIIPId>c3f2202a-b491-49c5-a3af-d581108d939a</sln:wojIIPId><sln:wojIIPPn>PL.PZGIK.200</sln:wojIIPPn><sln:wojIIPWersja>2017-10-10T00:00:00+02:00</sln:wojIIPWersja><sln:wojIdTeryt>32</sln:wojIdTeryt><sln:wojNazwa>zachodniopomorskie</sln:wojNazwa></sln:miejscowosc><sln:miejscowosc><sln:cyklZyciaOd>2017-03-31T00:00:00+02:00</sln:cyklZyciaOd><sln:gmIIPId>82bfe027-8a85-4076-a821-c324b7c0eafa</sln:gmIIPId><sln:gmIIPPn>PL.PZGIK.200</sln:gmIIPPn><sln:gmIIPWersja>2012-09-26T22:34:23+02:00</sln:gmIIPWersja><sln:gmIdTeryt>3210033</sln:gmIdTeryt><sln:gmNazwa>Dębno</sln:gmNazwa><sln:miejscIIPId>48f12852-d208-4d6d-9ebf-9523ae306044</sln:miejscIIPId><sln:miejscIIPPn>PL.PZGIK.200</sln:miejscIIPPn><sln:miejscIIPWersja>2017-03-31T15:25:47+02:00</sln:miejscIIPWersja><sln:miejscIdTeryt>0180054</sln:miejscIdTeryt><sln:miejscNazwa>Sulisław</sln:miejscNazwa><sln:miejscRodzaj>Kolonia</sln:miejscRodzaj><sln:powIIPId>bf9906d2-91eb-4911-8ce0-8c8f3ea1986b</sln:powIIPId><sln:powIIPPn>PL.PZGIK.200</sln:powIIPPn><sln:powIIPWersja>2012-09-27T10:07:22+02:00</sln:powIIPWersja><sln:powIdTeryt>3210</sln:powIdTeryt><sln:powNazwa>myśliborski</sln:powNazwa><sln:waznyOd>2012-12-18T00:00:00+01:00</sln:waznyOd><sln:wojIIPId>c3f2202a-b491-49c5-a3af-d581108d939a</sln:wojIIPId><sln:wojIIPPn>PL.PZGIK.200</sln:wojIIPPn><sln:wojIIPWersja>2017-10-10T00:00:00+02:00</sln:wojIIPWersja><sln:wojIdTeryt>32</sln:wojIdTeryt><sln:wojNazwa>zachodniopomorskie</sln:wojNazwa></sln:miejscowosc><sln:miejscowosc><sln:cyklZyciaOd>2017-03-31T00:00:00+02:00</sln:cyklZyciaOd><sln:gmIIPId>82bfe027-8a85-4076-a821-c324b7c0eafa</sln:gmIIPId><sln:gmIIPPn>PL.PZGIK.200</sln:gmIIPPn><sln:gmIIPWersja>2012-09-26T22:34:23+02:00</sln:gmIIPWersja><sln:gmIdTeryt>3210033</sln:gmIdTeryt><sln:gmNazwa>Dębno</sln:gmNazwa><sln:miejscIIPId>25128c9f-c70b-4e9a-a73b-5432dda1bc58</sln:miejscIIPId><sln:miejscIIPPn>PL.PZGIK.200</sln:miejscIIPPn><sln:miejscIIPWersja>2017-03-31T15:25:47+02:00</sln:miejscIIPWersja><sln:miejscIdTeryt>0180060</sln:miejscIdTeryt><sln:miejscNazwa>Sarbinowo</sln:miejscNazwa><sln:miejscRodzaj>Wieś</sln:miejscRodzaj><sln:powIIPId>bf9906d2-91eb-4911-8ce0-8c8f3ea1986b</sln:powIIPId><sln:powIIPPn>PL.PZGIK.200</sln:powIIPPn><sln:powIIPWersja>2012-09-27T10:07:22+02:00</sln:powIIPWersja><sln:powIdTeryt>3210</sln:powIdTeryt><sln:powNazwa>myśliborski</sln:powNazwa><sln:waznyOd>2011-04-10T00:00:00+02:00</sln:waznyOd><sln:wojIIPId>c3f2202a-b491-49c5-a3af-d581108d939a</sln:wojIIPId><sln:wojIIPPn>PL.PZGIK.200</sln:wojIIPPn><sln:wojIIPWersja>2017-10-10T00:00:00+02:00</sln:wojIIPWersja><sln:wojIdTeryt>32</sln:wojIdTeryt><sln:wojNazwa>zachodniopomorskie</sln:wojNazwa></sln:miejscowosc><sln:miejscowosc><sln:cyklZyciaOd>2017-03-31T00:00:00+02:00</sln:cyklZyciaOd><sln:gmIIPId>82bfe027-8a85-4076-a821-c324b7c0eafa</sln:gmIIPId><sln:gmIIPPn>PL.PZGIK.200</sln:gmIIPPn><sln:gmIIPWersja>2012-09-26T22:34:23+02:00</sln:gmIIPWersja><sln:gmIdTeryt>3210033</sln:gmIdTeryt><sln:gmNazwa>Dębno</sln:gmNazwa><sln:miejscIIPId>32bf103a-fed3-4055-b5e5-3a42530650ac</sln:miejscIIPId><sln:miejscIIPPn>PL.PZGIK.200</sln:miejscIIPPn><sln:miejscIIPWersja>2017-03-31T15:25:47+02:00</sln:miejscIIPWersja><sln:miejscIdTeryt>0180083</sln:miejscIdTeryt><sln:miejscNazwa>Smolnica</sln:miejscNazwa><sln:miejscRodzaj>Wieś</sln:miejscRodzaj><sln:powIIPId>bf9906d2-91eb-4911-8ce0-8c8f3ea1986b</sln:powIIPId><sln:powIIPPn>PL.PZGIK.200</sln:powIIPPn><sln:powIIPWersja>2012-09-27T10:07:22+02:00</sln:powIIPWersja><sln:powIdTeryt>3210</sln:powIdTeryt><sln:powNazwa>myśliborski</sln:powNazwa><sln:waznyOd>2011-04-10T00:00:00+02:00</sln:waznyOd><sln:wojIIPId>c3f2202a-b491-49c5-a3af-d581108d939a</sln:wojIIPId><sln:wojIIPPn>PL.PZGIK.200</sln:wojIIPPn><sln:wojIIPWersja>2017-10-10T00:00:00+02:00</sln:wojIIPWersja><sln:wojIdTeryt>32</sln:wojIdTeryt><sln:wojNazwa>zachodniopomorskie</sln:wojNazwa></sln:miejscowosc><sln:miejscowosc><sln:cyklZyciaOd>2017-03-31T00:00:00+02:00</sln:cyklZyciaOd><sln:gmIIPId>82bfe027-8a85-4076-a821-c324b7c0eafa</sln:gmIIPId><sln:gmIIPPn>PL.PZGIK.200</sln:gmIIPPn><sln:gmIIPWersja>2012-09-26T22:34:23+02:00</sln:gmIIPWersja><sln:gmIdTeryt>3210033</sln:gmIdTeryt><sln:gmNazwa>Dębno</sln:gmNazwa><sln:miejscIIPId>de7293de-99b9-4fa4-bddf-dab3470f02d8</sln:miejscIIPId><sln:miejscIIPPn>PL.PZGIK.200</sln:miejscIIPPn><sln:miejscIIPWersja>2017-03-31T15:25:47+02:00</sln:miejscIIPWersja><sln:miejscIdTeryt>0180090</sln:miejscIdTeryt><sln:miejscNazwa>Hajnówka</sln:miejscNazwa><sln:miejscRodzaj>Kolonia</sln:miejscRodzaj><sln:powIIPId>bf9906d2-91eb-4911-8ce0-8c8f3ea1986b</sln:powIIPId><sln:powIIPPn>PL.PZGIK.200</sln:powIIPPn><sln:powIIPWersja>2012-09-27T10:07:22+02:00</sln:powIIPWersja><sln:powIdTeryt>3210</sln:powIdTeryt><sln:powNazwa>myśliborski</sln:powNazwa><sln:waznyOd>2012-12-18T00:00:00+01:00</sln:waznyOd><sln:wojIIPId>c3f2202a-b491-49c5-a3af-d581108d939a</sln:wojIIPId><sln:wojIIPPn>PL.PZGIK.200</sln:wojIIPPn><sln:wojIIPWersja>2017-10-10T00:00:00+02:00</sln:wojIIPWersja><sln:wojIdTeryt>32</sln:wojIdTeryt><sln:wojNazwa>zachodniopomorskie</sln:wojNazwa></sln:miejscowosc><sln:miejscowosc><sln:cyklZyciaOd>2017-03-31T00:00:00+02:00</sln:cyklZyciaOd><sln:gmIIPId>82bfe027-8a85-4076-a821-c324b7c0eafa</sln:gmIIPId><sln:gmIIPPn>PL.PZGIK.200</sln:gmIIPPn><sln:gmIIPWersja>2012-09-26T22:34:23+02:00</sln:gmIIPWersja><sln:gmIdTeryt>3210033</sln:gmIdTeryt><sln:gmNazwa>Dębno</sln:gmNazwa><sln:miejscIIPId>cf5d216e-ca95-4f65-af84-e907ba4576d4</sln:miejscIIPId><sln:miejscIIPPn>PL.PZGIK.200</sln:miejscIIPPn><sln:miejscIIPWersja>2017-03-31T15:25:47+02:00</sln:miejscIIPWersja><sln:miejscIdTeryt>0180108</sln:miejscIdTeryt><sln:miejscNazwa>Suchlica</sln:miejscNazwa><sln:miejscRodzaj>Wieś</sln:miejscRodzaj><sln:powIIPId>bf9906d2-91eb-4911-8ce0-8c8f3ea1986b</sln:powIIPId><sln:powIIPPn>PL.PZGIK.200</sln:powIIPPn><sln:powIIPWersja>2012-09-27T10:07:22+02:00</sln:powIIPWersja><sln:powIdTeryt>3210</sln:powIdTeryt><sln:powNazwa>myśliborski</sln:powNazwa><sln:waznyOd>2011-04-10T00:00:00+02:00</sln:waznyOd><sln:wojIIPId>c3f2202a-b491-49c5-a3af-d581108d939a</sln:wojIIPId><sln:wojIIPPn>PL.PZGIK.200</sln:wojIIPPn><sln:wojIIPWersja>2017-10-10T00:00:00+02:00</sln:wojIIPWersja><sln:wojIdTeryt>32</sln:wojIdTeryt><sln:wojNazwa>zachodniopomorskie</sln:wojNazwa></sln:miejscowosc><sln:miejscowosc><sln:cyklZyciaOd>2017-03-31T00:00:00+02:00</sln:cyklZyciaOd><sln:gmIIPId>82bfe027-8a85-4076-a821-c324b7c0eafa</sln:gmIIPId><sln:gmIIPPn>PL.PZGIK.200</sln:gmIIPPn><sln:gmIIPWersja>2012-09-26T22:34:23+02:00</sln:gmIIPWersja><sln:gmIdTeryt>3210033</sln:gmIdTeryt><sln:gmNazwa>Dębno</sln:gmNazwa><sln:miejscIIPId>11269080-682f-45f0-bbba-54061004a362</sln:miejscIIPId><sln:miejscIIPPn>PL.PZGIK.200</sln:miejscIIPPn><sln:miejscIIPWersja>2017-03-31T15:25:47+02:00</sln:miejscIIPWersja><sln:miejscIdTeryt>0180137</sln:miejscIdTeryt><sln:miejscNazwa>Warnice</sln:miejscNazwa><sln:miejscRodzaj>Wieś</sln:miejscRodzaj><sln:powIIPId>bf9906d2-91eb-4911-8ce0-8c8f3ea1986b</sln:powIIPId><sln:powIIPPn>PL.PZGIK.200</sln:powIIPPn><sln:powIIPWersja>2012-09-27T10:07:22+02:00</sln:powIIPWersja><sln:powIdTeryt>3210</sln:powIdTeryt><sln:powNazwa>myśliborski</sln:powNazwa><sln:waznyOd>2011-04-10T00:00:00+02:00</sln:waznyOd><sln:wojIIPId>c3f2202a-b491-49c5-a3af-d581108d939a</sln:wojIIPId><sln:wojIIPPn>PL.PZGIK.200</sln:wojIIPPn><sln:wojIIPWersja>2017-10-10T00:00:00+02:00</sln:wojIIPWersja><sln:wojIdTeryt>32</sln:wojIdTeryt><sln:wojNazwa>zachodniopomorskie</sln:wojNazwa></sln:miejscowosc><sln:miejscowosc><sln:cyklZyciaOd>2017-03-31T00:00:00+02:00</sln:cyklZyciaOd><sln:gmIIPId>82bfe027-8a85-4076-a821-c324b7c0eafa</sln:gmIIPId><sln:gmIIPPn>PL.PZGIK.200</sln:gmIIPPn><sln:gmIIPWersja>2012-09-26T22:34:23+02:00</sln:gmIIPWersja><sln:gmIdTeryt>3210033</sln:gmIdTeryt><sln:gmNazwa>Dębno</sln:gmNazwa><sln:miejscIIPId>320c5cda-deb8-4c57-9412-41c5f96b6793</sln:miejscIIPId><sln:miejscIIPPn>PL.PZGIK.200</sln:miejscIIPPn><sln:miejscIIPWersja>2017-03-31T15:25:48+02:00</sln:miejscIIPWersja><sln:miejscIdTeryt>0180143</sln:miejscIdTeryt><sln:miejscNazwa>Więcław</sln:miejscNazwa><sln:miejscRodzaj>Osada</sln:miejscRodzaj><sln:powIIPId>bf9906d2-91eb-4911-8ce0-8c8f3ea1986b</sln:powIIPId><sln:powIIPPn>PL.PZGIK.200</sln:powIIPPn><sln:powIIPWersja>2012-09-27T10:07:22+02:00</sln:powIIPWersja><sln:powIdTeryt>3210</sln:powIdTeryt><sln:powNazwa>myśliborski</sln:powNazwa><sln:waznyOd>2011-04-10T00:00:00+02:00</sln:waznyOd><sln:wojIIPId>c3f2202a-b491-49c5-a3af-d581108d939a</sln:wojIIPId><sln:wojIIPPn>PL.PZGIK.200</sln:wojIIPPn><sln:wojIIPWersja>2017-10-10T00:00:00+02:00</sln:wojIIPWersja><sln:wojIdTeryt>32</sln:wojIdTeryt><sln:wojNazwa>zachodniopomorskie</sln:wojNazwa></sln:miejscowosc><sln:miejscowosc><sln:cyklZyciaOd>2017-03-31T00:00:00+02:00</sln:cyklZyciaOd><sln:gmIIPId>82bfe027-8a85-4076-a821-c324b7c0eafa</sln:gmIIPId><sln:gmIIPPn>PL.PZGIK.200</sln:gmIIPPn><sln:gmIIPWersja>2012-09-26T22:34:23+02:00</sln:gmIIPWersja><sln:gmIdTeryt>3210033</sln:gmIdTeryt><sln:gmNazwa>Dębno</sln:gmNazwa><sln:miejscIIPId>dc2f5133-81bd-4dec-a103-76553efc5e5a</sln:miejscIIPId><sln:miejscIIPPn>PL.PZGIK.200</sln:miejscIIPPn><sln:miejscIIPWersja>2017-03-31T15:25:48+02:00</sln:miejscIIPWersja><sln:miejscIdTeryt>0935305</sln:miejscIdTeryt><sln:miejscNazwa>Dębno</sln:miejscNazwa><sln:miejscRodzaj>Miasto</sln:miejscRodzaj><sln:powIIPId>bf9906d2-91eb-4911-8ce0-8c8f3ea1986b</sln:powIIPId><sln:powIIPPn>PL.PZGIK.200</sln:powIIPPn><sln:powIIPWersja>2012-09-27T10:07:22+02:00</sln:powIIPWersja><sln:powIdTeryt>3210</sln:powIdTeryt><sln:powNazwa>myśliborski</sln:powNazwa><sln:waznyOd>2011-04-10T00:00:00+02:00</sln:waznyOd><sln:wojIIPId>c3f2202a-b491-49c5-a3af-d581108d939a</sln:wojIIPId><sln:wojIIPPn>PL.PZGIK.200</sln:wojIIPPn><sln:wojIIPWersja>2017-10-10T00:00:00+02:00</sln:wojIIPWersja><sln:wojIdTeryt>32</sln:wojIdTeryt><sln:wojNazwa>zachodniopomorskie</sln:wojNazwa></sln:miejscowosc><sln:miejscowosc><sln:cyklZyciaOd>2017-03-31T00:00:00+02:00</sln:cyklZyciaOd><sln:gmIIPId>82bfe027-8a85-4076-a821-c324b7c0eafa</sln:gmIIPId><sln:gmIIPPn>PL.PZGIK.200</sln:gmIIPPn><sln:gmIIPWersja>2012-09-26T22:34:23+02:00</sln:gmIIPWersja><sln:gmIdTeryt>3210033</sln:gmIdTeryt><sln:gmNazwa>Dębno</sln:gmNazwa><sln:miejscIIPId>3aebb352-2bd3-4ffc-be07-6c7ae587d443</sln:miejscIIPId><sln:miejscIIPPn>PL.PZGIK.200</sln:miejscIIPPn><sln:miejscIIPWersja>2017-03-31T15:25:48+02:00</sln:miejscIIPWersja><sln:miejscIdTeryt>0935311</sln:miejscIdTeryt><sln:miejscNazwa>Dzicze</sln:miejscNazwa><sln:miejscRodzaj>Inny obiekt</sln:miejscRodzaj><sln:powIIPId>bf9906d2-91eb-4911-8ce0-8c8f3ea1986b</sln:powIIPId><sln:powIIPPn>PL.PZGIK.200</sln:powIIPPn><sln:powIIPWersja>2012-09-27T10:07:22+02:00</sln:powIIPWersja><sln:powIdTeryt>3210</sln:powIdTeryt><sln:powNazwa>myśliborski</sln:powNazwa><sln:waznyOd>2012-12-18T00:00:00+01:00</sln:waznyOd><sln:wojIIPId>c3f2202a-b491-49c5-a3af-d581108d939a</sln:wojIIPId><sln:wojIIPPn>PL.PZGIK.200</sln:wojIIPPn><sln:wojIIPWersja>2017-10-10T00:00:00+02:00</sln:wojIIPWersja><sln:wojIdTeryt>32</sln:wojIdTeryt><sln:wojNazwa>zachodniopomorskie</sln:wojNazwa></sln:miejscowosc></sln:lista-miejscowosci>