<?xml version="1.0" encoding="UTF-8" standalone="yes"?><sln:lista-miejscowosci xmlns:srv="http://gugik.gov.pl/schemas/slowniki-service/1.0" xmlns:sln="http://gugik.gov.pl/schemas/slowniki-schema/1.0"><sln:miejscowosc><sln:cyklZyciaDo>2017-03-31T00:00:00+02:00</sln:cyklZyciaDo><sln:cyklZyciaOd>2016-10-05T00:00:00+02:00</sln:cyklZyciaOd><sln:gmIIPId>15af7b19-657c-4161-a3cc-a2a8d726df53</sln:gmIIPId><sln:gmIIPPn>PL.PZGIK.200</sln:gmIIPPn><sln:gmIIPWersja>2012-09-26T22:34:15+02:00</sln:gmIIPWersja><sln:gmIdTeryt>3209022</sln:gmIdTeryt><sln:gmNazwa>Biesiekierz</sln:gmNazwa><sln:miejscIIPId>2da53871-2ca5-4575-8db2-345e5792a411</sln:miejscIIPId><sln:miejscIIPPn>PL.PZGIK.200</sln:miejscIIPPn><sln:miejscIIPWersja>2016-11-24T09:55:23+02:00</sln:miejscIIPWersja><sln:miejscIdTeryt>0303657</sln:miejscIdTeryt><sln:miejscNazwa>Biesiekierz</sln:miejscNazwa><sln:miejscRodzaj>Wieś</sln:miejscRodzaj><sln:powIIPId>652f6c52-e721-4c44-818a-94061386603b</sln:powIIPId><sln:powIIPPn>PL.PZGIK.200</sln:powIIPPn><sln:powIIPWersja>2012-09-27T10:07:22+02:00</sln:powIIPWersja><sln:powIdTeryt>3209</sln:powIdTeryt><sln:powNazwa>koszaliński</sln:powNazwa><sln:waznyOd>2011-03-22T00:00:00+01:00</sln:waznyOd><sln:wojIIPId>c3f2202a-b491-49c5-a3af-d581108d939a</sln:wojIIPId><sln:wojIIPPn>PL.PZGIK.200</sln:wojIIPPn><sln:wojIIPWersja>2017-10-10T00:00:00+02:00</sln:wojIIPWersja><sln:wojIdTeryt>32</sln:wojIdTeryt><sln:wojNazwa>zachodniopomorskie</sln:wojNazwa></sln:miejscowosc><sln:miejscowosc><sln:cyklZyciaDo>2017-03-31T00:00:00+02:00</sln:cyklZyciaDo><sln:cyklZyciaOd>2016-10-05T00:00:00+02:00</sln:cyklZyciaOd><sln:gmIIPId>15af7b19-657c-4161-a3cc-a2a8d726df53</sln:gmIIPId><sln:gmIIPPn>PL.PZGIK.200</sln:gmIIPPn><sln:gmIIPWersja>2012-09-26T22:34:15+02:00</sln:gmIIPWersja><sln:gmIdTeryt>3209022</sln:gmIdTeryt><sln:gmNazwa>Biesiekierz</sln:gmNazwa><sln:miejscIIPId>d79fe9a5-1a00-48d2-8033-014266c607fd</sln:miejscIIPId><sln:miejscIIPPn>PL.PZGIK.200</sln:miejscIIPPn><sln:miejscIIPWersja>2016-11-24T09:55:23+02:00</sln:miejscIIPWersja><sln:miejscIdTeryt>0303686</sln:miejscIdTeryt><sln:miejscNazwa>Cieszyn</sln:miejscNazwa><sln:miejscRodzaj>Wieś</sln:miejscRodzaj><sln:powIIPId>652f6c52-e721-4c44-818a-94061386603b</sln:powIIPId><sln:powIIPPn>PL.PZGIK.200</sln:powIIPPn><sln:powIIPWersja>2012-09-27T10:07:22+02:00</sln:powIIPWersja><sln:powIdTeryt>3209</sln:powIdTeryt><sln:powNazwa>koszaliński</sln:powNazwa><sln:waznyOd>2011-03-22T00:00:00+01:00</sln:waznyOd><sln:wojIIPId>c3f2202a-b491-49c5-a3af-d581108d939a</sln:wojIIPId><sln:wojIIPPn>PL.PZGIK.200</sln:wojIIPPn><sln:wojIIPWersja>2017-10-10T00:00:00+02:00</sln:wojIIPWersja><sln:wojIdTeryt>32</sln:wojIdTeryt><sln:wojNazwa>zachodniopomorskie</sln:wojNazwa></sln:miejscowosc><sln:miejscowosc><sln:cyklZyciaDo>2017-03-31T00:00:00+02:00</sln:cyklZyciaDo><sln:cyklZyciaOd>2016-10-05T00:00:00+02:00</sln:cyklZyciaOd><sln:gmIIPId>15af7b19-657c-4161-a3cc-a2a8d726df53</sln:gmIIPId><sln:gmIIPPn>PL.PZGIK.200</sln:gmIIPPn><sln:gmIIPWersja>2012-09-26T22:34:15+02:00</sln:gmIIPWersja><sln:gmIdTeryt>3209022</sln:gmIdTeryt><sln:gmNazwa>Biesiekierz</sln:gmNazwa><sln:miejscIIPId>23c0d6cf-761c-48bc-be59-402d1903a936</sln:miejscIIPId><sln:miejscIIPPn>PL.PZGIK.200</sln:miejscIIPPn><sln:miejscIIPWersja>2016-11-24T09:55:23+02:00</sln:miejscIIPWersja><sln:miejscIdTeryt>0303670</sln:miejscIdTeryt><sln:miejscNazwa>Gniazdowo</sln:miejscNazwa><sln:miejscRodzaj>Wieś</sln:miejscRodzaj><sln:powIIPId>652f6c52-e721-4c44-818a-94061386603b</sln:powIIPId><sln:powIIPPn>PL.PZGIK.200</sln:powIIPPn><sln:powIIPWersja>2012-09-27T10:07:22+02:00</sln:powIIPWersja><sln:powIdTeryt>3209</sln:powIdTeryt><sln:powNazwa>koszaliński</sln:powNazwa><sln:waznyOd>2011-03-22T00:00:00+01:00</sln:waznyOd><sln:wojIIPId>c3f2202a-b491-49c5-a3af-d581108d939a</sln:wojIIPId><sln:wojIIPPn>PL.PZGIK.200</sln:wojIIPPn><sln:wojIIPWersja>2017-10-10T00:00:00+02:00</sln:wojIIPWersja><sln:wojIdTeryt>32</sln:wojIdTeryt><sln:wojNazwa>zachodniopomorskie</sln:wojNazwa></sln:miejscowosc><sln:miejscowosc><sln:cyklZyciaDo>2017-03-31T00:00:00+02:00</sln:cyklZyciaDo><sln:cyklZyciaOd>2016-10-05T00:00:00+02:00</sln:cyklZyciaOd><sln:gmIIPId>15af7b19-657c-4161-a3cc-a2a8d726df53</sln:gmIIPId><sln:gmIIPPn>PL.PZGIK.200</sln:gmIIPPn><sln:gmIIPWersja>2012-09-26T22:34:15+02:00</sln:gmIIPWersja><sln:gmIdTeryt>3209022</sln:gmIdTeryt><sln:gmNazwa>Biesiekierz</sln:gmNazwa><sln:miejscIIPId>9cf7f81a-9828-45c3-9930-d03572d3e95f</sln:miejscIIPId><sln:miejscIIPPn>PL.PZGIK.200</sln:miejscIIPPn><sln:miejscIIPWersja>2016-11-24T09:55:23+02:00</sln:miejscIIPWersja><sln:miejscIdTeryt>0303752</sln:miejscIdTeryt><sln:miejscNazwa>Kotłowo</sln:miejscNazwa><sln:miejscRodzaj>Wieś</sln:miejscRodzaj><sln:powIIPId>652f6c52-e721-4c44-818a-94061386603b</sln:powIIPId><sln:powIIPPn>PL.PZGIK.200</sln:powIIPPn><sln:powIIPWersja>2012-09-27T10:07:22+02:00</sln:powIIPWersja><sln:powIdTeryt>3209</sln:powIdTeryt><sln:powNazwa>koszaliński</sln:powNazwa><sln:waznyOd>2011-03-22T00:00:00+01:00</sln:waznyOd><sln:wojIIPId>c3f2202a-b491-49c5-a3af-d581108d939a</sln:wojIIPId><sln:wojIIPPn>PL.PZGIK.200</sln:wojIIPPn><sln:wojIIPWersja>2017-10-10T00:00:00+02:00</sln:wojIIPWersja><sln:wojIdTeryt>32</sln:wojIdTeryt><sln:wojNazwa>zachodniopomorskie</sln:wojNazwa></sln:miejscowosc><sln:miejscowosc><sln:cyklZyciaDo>2017-03-31T00:00:00+02:00</sln:cyklZyciaDo><sln:cyklZyciaOd>2016-10-05T00:00:00+02:00</sln:cyklZyciaOd><sln:gmIIPId>15af7b19-657c-4161-a3cc-a2a8d726df53</sln:gmIIPId><sln:gmIIPPn>PL.PZGIK.200</sln:gmIIPPn><sln:gmIIPWersja>2012-09-26T22:34:15+02:00</sln:gmIIPWersja><sln:gmIdTeryt>3209022</sln:gmIdTeryt><sln:gmNazwa>Biesiekierz</sln:gmNazwa><sln:miejscIIPId>397e55d9-85b6-495f-84ce-a3d7a57bce24</sln:miejscIIPId><sln:miejscIIPPn>PL.PZGIK.200</sln:miejscIIPPn><sln:miejscIIPWersja>2016-11-24T09:55:23+02:00</sln:miejscIIPWersja><sln:miejscIdTeryt>0303717</sln:miejscIdTeryt><sln:miejscNazwa>Kraśnik Koszaliński</sln:miejscNazwa><sln:miejscRodzaj>Wieś</sln:miejscRodzaj><sln:powIIPId>652f6c52-e721-4c44-818a-94061386603b</sln:powIIPId><sln:powIIPPn>PL.PZGIK.200</sln:powIIPPn><sln:powIIPWersja>2012-09-27T10:07:22+02:00</sln:powIIPWersja><sln:powIdTeryt>3209</sln:powIdTeryt><sln:powNazwa>koszaliński</sln:powNazwa><sln:waznyOd>2011-03-22T00:00:00+01:00</sln:waznyOd><sln:wojIIPId>c3f2202a-b491-49c5-a3af-d581108d939a</sln:wojIIPId><sln:wojIIPPn>PL.PZGIK.200</sln:wojIIPPn><sln:wojIIPWersja>2017-10-10T00:00:00+02:00</sln:wojIIPWersja><sln:wojIdTeryt>32</sln:wojIdTeryt><sln:wojNazwa>zachodniopomorskie</sln:wojNazwa></sln:miejscowosc><sln:miejscowosc><sln:cyklZyciaDo>2017-03-31T00:00:00+02:00</sln:cyklZyciaDo><sln:cyklZyciaOd>2016-10-05T00:00:00+02:00</sln:cyklZyciaOd><sln:gmIIPId>15af7b19-657c-4161-a3cc-a2a8d726df53</sln:gmIIPId><sln:gmIIPPn>PL.PZGIK.200</sln:gmIIPPn><sln:gmIIPWersja>2012-09-26T22:34:15+02:00</sln:gmIIPWersja><sln:gmIdTeryt>3209022</sln:gmIdTeryt><sln:gmNazwa>Biesiekierz</sln:gmNazwa><sln:miejscIIPId>c49228eb-c5e2-4d50-bd0d-eefb4ce5b6bb</sln:miejscIIPId><sln:miejscIIPPn>PL.PZGIK.200</sln:miejscIIPPn><sln:miejscIIPWersja>2016-11-24T09:55:23+02:00</sln:miejscIIPWersja><sln:miejscIdTeryt>0303746</sln:miejscIdTeryt><sln:miejscNazwa>Laski Koszalińskie</sln:miejscNazwa><sln:miejscRodzaj>Wieś</sln:miejscRodzaj><sln:powIIPId>652f6c52-e721-4c44-818a-94061386603b</sln:powIIPId><sln:powIIPPn>PL.PZGIK.200</sln:powIIPPn><sln:powIIPWersja>2012-09-27T10:07:22+02:00</sln:powIIPWersja><sln:powIdTeryt>3209</sln:powIdTeryt><sln:powNazwa>koszaliński</sln:powNazwa><sln:waznyOd>2011-03-22T00:00:00+01:00</sln:waznyOd><sln:wojIIPId>c3f2202a-b491-49c5-a3af-d581108d939a</sln:wojIIPId><sln:wojIIPPn>PL.PZGIK.200</sln:wojIIPPn><sln:wojIIPWersja>2017-10-10T00:00:00+02:00</sln:wojIIPWersja><sln:wojIdTeryt>32</sln:wojIdTeryt><sln:wojNazwa>zachodniopomorskie</sln:wojNazwa></sln:miejscowosc><sln:miejscowosc><sln:cyklZyciaDo>2017-03-31T00:00:00+02:00</sln:cyklZyciaDo><sln:cyklZyciaOd>2016-10-05T00:00:00+02:00</sln:cyklZyciaOd><sln:gmIIPId>15af7b19-657c-4161-a3cc-a2a8d726df53</sln:gmIIPId><sln:gmIIPPn>PL.PZGIK.200</sln:gmIIPPn><sln:gmIIPWersja>2012-09-26T22:34:15+02:00</sln:gmIIPWersja><sln:gmIdTeryt>3209022</sln:gmIdTeryt><sln:gmNazwa>Biesiekierz</sln:gmNazwa><sln:miejscIIPId>cf8580a3-9777-4003-bb83-3099b4bc32fc</sln:miejscIIPId><sln:miejscIIPPn>PL.PZGIK.200</sln:miejscIIPPn><sln:miejscIIPWersja>2016-11-24T09:55:23+02:00</sln:miejscIIPWersja><sln:miejscIdTeryt>0303723</sln:miejscIdTeryt><sln:miejscNazwa>Nosowo</sln:miejscNazwa><sln:miejscRodzaj>Osada</sln:miejscRodzaj><sln:powIIPId>652f6c52-e721-4c44-818a-94061386603b</sln:powIIPId><sln:powIIPPn>PL.PZGIK.200</sln:powIIPPn><sln:powIIPWersja>2012-09-27T10:07:22+02:00</sln:powIIPWersja><sln:powIdTeryt>3209</sln:powIdTeryt><sln:powNazwa>koszaliński</sln:powNazwa><sln:waznyOd>2011-03-22T00:00:00+01:00</sln:waznyOd><sln:wojIIPId>c3f2202a-b491-49c5-a3af-d581108d939a</sln:wojIIPId><sln:wojIIPPn>PL.PZGIK.200</sln:wojIIPPn><sln:wojIIPWersja>2017-10-10T00:00:00+02:00</sln:wojIIPWersja><sln:wojIdTeryt>32</sln:wojIdTeryt><sln:wojNazwa>zachodniopomorskie</sln:wojNazwa></sln:miejscowosc><sln:miejscowosc><sln:cyklZyciaDo>2017-03-31T00:00:00+02:00</sln:cyklZyciaDo><sln:cyklZyciaOd>2016-10-05T00:00:00+02:00</sln:cyklZyciaOd><sln:gmIIPId>15af7b19-657c-4161-a3cc-a2a8d726df53</sln:gmIIPId><sln:gmIIPPn>PL.PZGIK.200</sln:gmIIPPn><sln:gmIIPWersja>2012-09-26T22:34:15+02:00</sln:gmIIPWersja><sln:gmIdTeryt>3209022</sln:gmIdTeryt><sln:gmNazwa>Biesiekierz</sln:gmNazwa><sln:miejscIIPId>543c735e-a316-4876-906d-d5376d336bf8</sln:miejscIIPId><sln:miejscIIPPn>PL.PZGIK.200</sln:miejscIIPPn><sln:miejscIIPWersja>2016-11-24T09:55:23+02:00</sln:miejscIIPWersja><sln:miejscIdTeryt>0303769</sln:miejscIdTeryt><sln:miejscNazwa>Nowe Bielice</sln:miejscNazwa><sln:miejscRodzaj>Wieś</sln:miejscRodzaj><sln:powIIPId>652f6c52-e721-4c44-818a-94061386603b</sln:powIIPId><sln:powIIPPn>PL.PZGIK.200</sln:powIIPPn><sln:powIIPWersja>2012-09-27T10:07:22+02:00</sln:powIIPWersja><sln:powIdTeryt>3209</sln:powIdTeryt><sln:powNazwa>koszaliński</sln:powNazwa><sln:waznyOd>2011-03-22T00:00:00+01:00</sln:waznyOd><sln:wojIIPId>c3f2202a-b491-49c5-a3af-d581108d939a</sln:wojIIPId><sln:wojIIPPn>PL.PZGIK.200</sln:wojIIPPn><sln:wojIIPWersja>2017-10-10T00:00:00+02:00</sln:wojIIPWersja><sln:wojIdTeryt>32</sln:wojIdTeryt><sln:wojNazwa>zachodniopomorskie</sln:wojNazwa></sln:miejscowosc><sln:miejscowosc><sln:cyklZyciaDo>2017-03-31T00:00:00+02:00</sln:cyklZyciaDo><sln:cyklZyciaOd>2016-10-05T00:00:00+02:00</sln:cyklZyciaOd><sln:gmIIPId>15af7b19-657c-4161-a3cc-a2a8d726df53</sln:gmIIPId><sln:gmIIPPn>PL.PZGIK.200</sln:gmIIPPn><sln:gmIIPWersja>2012-09-26T22:34:15+02:00</sln:gmIIPWersja><sln:gmIdTeryt>3209022</sln:gmIdTeryt><sln:gmNazwa>Biesiekierz</sln:gmNazwa><sln:miejscIIPId>68dac9e2-8720-4a86-9a3d-47d1e60e90ec</sln:miejscIIPId><sln:miejscIIPPn>PL.PZGIK.200</sln:miejscIIPPn><sln:miejscIIPWersja>2016-11-24T09:55:23+02:00</sln:miejscIIPWersja><sln:miejscIdTeryt>0303775</sln:miejscIdTeryt><sln:miejscNazwa>Parnowo</sln:miejscNazwa><sln:miejscRodzaj>Wieś</sln:miejscRodzaj><sln:powIIPId>652f6c52-e721-4c44-818a-94061386603b</sln:powIIPId><sln:powIIPPn>PL.PZGIK.200</sln:powIIPPn><sln:powIIPWersja>2012-09-27T10:07:22+02:00</sln:powIIPWersja><sln:powIdTeryt>3209</sln:powIdTeryt><sln:powNazwa>koszaliński</sln:powNazwa><sln:waznyOd>2011-03-22T00:00:00+01:00</sln:waznyOd><sln:wojIIPId>c3f2202a-b491-49c5-a3af-d581108d939a</sln:wojIIPId><sln:wojIIPPn>PL.PZGIK.200</sln:wojIIPPn><sln:wojIIPWersja>2017-10-10T00:00:00+02:00</sln:wojIIPWersja><sln:wojIdTeryt>32</sln:wojIdTeryt><sln:wojNazwa>zachodniopomorskie</sln:wojNazwa></sln:miejscowosc><sln:miejscowosc><sln:cyklZyciaDo>2017-03-31T00:00:00+02:00</sln:cyklZyciaDo><sln:cyklZyciaOd>2016-10-05T00:00:00+02:00</sln:cyklZyciaOd><sln:gmIIPId>15af7b19-657c-4161-a3cc-a2a8d726df53</sln:gmIIPId><sln:gmIIPPn>PL.PZGIK.200</sln:gmIIPPn><sln:gmIIPWersja>2012-09-26T22:34:15+02:00</sln:gmIIPWersja><sln:gmIdTeryt>3209022</sln:gmIdTeryt><sln:gmNazwa>Biesiekierz</sln:gmNazwa><sln:miejscIIPId>e18b1024-4a69-41a6-9511-a1f02bff3fee</sln:miejscIIPId><sln:miejscIIPPn>PL.PZGIK.200</sln:miejscIIPPn><sln:miejscIIPWersja>2016-11-24T09:55:23+02:00</sln:miejscIIPWersja><sln:miejscIdTeryt>0303781</sln:miejscIdTeryt><sln:miejscNazwa>Parnówko</sln:miejscNazwa><sln:miejscRodzaj>Osada</sln:miejscRodzaj><sln:powIIPId>652f6c52-e721-4c44-818a-94061386603b</sln:powIIPId><sln:powIIPPn>PL.PZGIK.200</sln:powIIPPn><sln:powIIPWersja>2012-09-27T10:07:22+02:00</sln:powIIPWersja><sln:powIdTeryt>3209</sln:powIdTeryt><sln:powNazwa>koszaliński</sln:powNazwa><sln:waznyOd>2013-07-23T00:00:00+02:00</sln:waznyOd><sln:wojIIPId>c3f2202a-b491-49c5-a3af-d581108d939a</sln:wojIIPId><sln:wojIIPPn>PL.PZGIK.200</sln:wojIIPPn><sln:wojIIPWersja>2017-10-10T00:00:00+02:00</sln:wojIIPWersja><sln:wojIdTeryt>32</sln:wojIdTeryt><sln:wojNazwa>zachodniopomorskie</sln:wojNazwa></sln:miejscowosc><sln:miejscowosc><sln:cyklZyciaDo>2017-03-31T00:00:00+02:00</sln:cyklZyciaDo><sln:cyklZyciaOd>2016-10-05T00:00:00+02:00</sln:cyklZyciaOd><sln:gmIIPId>15af7b19-657c-4161-a3cc-a2a8d726df53</sln:gmIIPId><sln:gmIIPPn>PL.PZGIK.200</sln:gmIIPPn><sln:gmIIPWersja>2012-09-26T22:34:15+02:00</sln:gmIIPWersja><sln:gmIdTeryt>3209022</sln:gmIdTeryt><sln:gmNazwa>Biesiekierz</sln:gmNazwa><sln:miejscIIPId>e77d568e-6081-4e0b-a859-32c62689e977</sln:miejscIIPId><sln:miejscIIPPn>PL.PZGIK.200</sln:miejscIIPPn><sln:miejscIIPWersja>2016-11-24T09:55:23+02:00</sln:miejscIIPWersja><sln:miejscIdTeryt>0303730</sln:miejscIdTeryt><sln:miejscNazwa>Parsowo</sln:miejscNazwa><sln:miejscRodzaj>Wieś</sln:miejscRodzaj><sln:powIIPId>652f6c52-e721-4c44-818a-94061386603b</sln:powIIPId><sln:powIIPPn>PL.PZGIK.200</sln:powIIPPn><sln:powIIPWersja>2012-09-27T10:07:22+02:00</sln:powIIPWersja><sln:powIdTeryt>3209</sln:powIdTeryt><sln:powNazwa>koszaliński</sln:powNazwa><sln:waznyOd>2011-03-22T00:00:00+01:00</sln:waznyOd><sln:wojIIPId>c3f2202a-b491-49c5-a3af-d581108d939a</sln:wojIIPId><sln:wojIIPPn>PL.PZGIK.200</sln:wojIIPPn><sln:wojIIPWersja>2017-10-10T00:00:00+02:00</sln:wojIIPWersja><sln:wojIdTeryt>32</sln:wojIdTeryt><sln:wojNazwa>zachodniopomorskie</sln:wojNazwa></sln:miejscowosc><sln:miejscowosc><sln:cyklZyciaDo>2017-03-31T00:00:00+02:00</sln:cyklZyciaDo><sln:cyklZyciaOd>2016-10-05T00:00:00+02:00</sln:cyklZyciaOd><sln:gmIIPId>15af7b19-657c-4161-a3cc-a2a8d726df53</sln:gmIIPId><sln:gmIIPPn>PL.PZGIK.200</sln:gmIIPPn><sln:gmIIPWersja>2012-09-26T22:34:15+02:00</sln:gmIIPWersja><sln:gmIdTeryt>3209022</sln:gmIdTeryt><sln:gmNazwa>Biesiekierz</sln:gmNazwa><sln:miejscIIPId>30354451-2d45-4f4e-a860-1d64d03193e1</sln:miejscIIPId><sln:miejscIIPPn>PL.PZGIK.200</sln:miejscIIPPn><sln:miejscIIPWersja>2016-11-24T09:55:23+02:00</sln:miejscIIPWersja><sln:miejscIdTeryt>0303663</sln:miejscIdTeryt><sln:miejscNazwa>Rutkowo</sln:miejscNazwa><sln:miejscRodzaj>Osada</sln:miejscRodzaj><sln:powIIPId>652f6c52-e721-4c44-818a-94061386603b</sln:powIIPId><sln:powIIPPn>PL.PZGIK.200</sln:powIIPPn><sln:powIIPWersja>2012-09-27T10:07:22+02:00</sln:powIIPWersja><sln:powIdTeryt>3209</sln:powIdTeryt><sln:powNazwa>koszaliński</sln:powNazwa><sln:waznyOd>2011-03-22T00:00:00+01:00</sln:waznyOd><sln:wojIIPId>c3f2202a-b491-49c5-a3af-d581108d939a</sln:wojIIPId><sln:wojIIPPn>PL.PZGIK.200</sln:wojIIPPn><sln:wojIIPWersja>2017-10-10T00:00:00+02:00</sln:wojIIPWersja><sln:wojIdTeryt>32</sln:wojIdTeryt><sln:wojNazwa>zachodniopomorskie</sln:wojNazwa></sln:miejscowosc><sln:miejscowosc><sln:cyklZyciaDo>2017-03-31T00:00:00+02:00</sln:cyklZyciaDo><sln:cyklZyciaOd>2016-10-05T00:00:00+02:00</sln:cyklZyciaOd><sln:gmIIPId>15af7b19-657c-4161-a3cc-a2a8d726df53</sln:gmIIPId><sln:gmIIPPn>PL.PZGIK.200</sln:gmIIPPn><sln:gmIIPWersja>2012-09-26T22:34:15+02:00</sln:gmIIPWersja><sln:gmIdTeryt>3209022</sln:gmIdTeryt><sln:gmNazwa>Biesiekierz</sln:gmNazwa><sln:miejscIIPId>fb7e769f-145f-4986-ad9f-99bf50755753</sln:miejscIIPId><sln:miejscIIPPn>PL.PZGIK.200</sln:miejscIIPPn><sln:miejscIIPWersja>2016-11-24T09:55:23+02:00</sln:miejscIIPWersja><sln:miejscIdTeryt>0303798</sln:miejscIdTeryt><sln:miejscNazwa>Stare Bielice</sln:miejscNazwa><sln:miejscRodzaj>Wieś</sln:miejscRodzaj><sln:powIIPId>652f6c52-e721-4c44-818a-94061386603b</sln:powIIPId><sln:powIIPPn>PL.PZGIK.200</sln:powIIPPn><sln:powIIPWersja>2012-09-27T10:07:22+02:00</sln:powIIPWersja><sln:powIdTeryt>3209</sln:powIdTeryt><sln:powNazwa>koszaliński</sln:powNazwa><sln:waznyOd>2011-03-22T00:00:00+01:00</sln:waznyOd><sln:wojIIPId>c3f2202a-b491-49c5-a3af-d581108d939a</sln:wojIIPId><sln:wojIIPPn>PL.PZGIK.200</sln:wojIIPPn><sln:wojIIPWersja>2017-10-10T00:00:00+02:00</sln:wojIIPWersja><sln:wojIdTeryt>32</sln:wojIdTeryt><sln:wojNazwa>zachodniopomorskie</sln:wojNazwa></sln:miejscowosc><sln:miejscowosc><sln:cyklZyciaDo>2017-03-31T00:00:00+02:00</sln:cyklZyciaDo><sln:cyklZyciaOd>2016-10-05T00:00:00+02:00</sln:cyklZyciaOd><sln:gmIIPId>15af7b19-657c-4161-a3cc-a2a8d726df53</sln:gmIIPId><sln:gmIIPPn>PL.PZGIK.200</sln:gmIIPPn><sln:gmIIPWersja>2012-09-26T22:34:15+02:00</sln:gmIIPWersja><sln:gmIdTeryt>3209022</sln:gmIdTeryt><sln:gmNazwa>Biesiekierz</sln:gmNazwa><sln:miejscIIPId>6cdbf57d-87c5-4ccc-aa44-055aa9ee5410</sln:miejscIIPId><sln:miejscIIPPn>PL.PZGIK.200</sln:miejscIIPPn><sln:miejscIIPWersja>2016-11-24T09:55:23+02:00</sln:miejscIIPWersja><sln:miejscIdTeryt>0303692</sln:miejscIdTeryt><sln:miejscNazwa>Starki</sln:miejscNazwa><sln:miejscRodzaj>Osada</sln:miejscRodzaj><sln:powIIPId>652f6c52-e721-4c44-818a-94061386603b</sln:powIIPId><sln:powIIPPn>PL.PZGIK.200</sln:powIIPPn><sln:powIIPWersja>2012-09-27T10:07:22+02:00</sln:powIIPWersja><sln:powIdTeryt>3209</sln:powIdTeryt><sln:powNazwa>koszaliński</sln:powNazwa><sln:waznyOd>2013-07-23T00:00:00+02:00</sln:waznyOd><sln:wojIIPId>c3f2202a-b491-49c5-a3af-d581108d939a</sln:wojIIPId><sln:wojIIPPn>PL.PZGIK.200</sln:wojIIPPn><sln:wojIIPWersja>2017-10-10T00:00:00+02:00</sln:wojIIPWersja><sln:wojIdTeryt>32</sln:wojIdTeryt><sln:wojNazwa>zachodniopomorskie</sln:wojNazwa></sln:miejscowosc><sln:miejscowosc><sln:cyklZyciaDo>2017-03-31T00:00:00+02:00</sln:cyklZyciaDo><sln:cyklZyciaOd>2016-10-05T00:00:00+02:00</sln:cyklZyciaOd><sln:gmIIPId>15af7b19-657c-4161-a3cc-a2a8d726df53</sln:gmIIPId><sln:gmIIPPn>PL.PZGIK.200</sln:gmIIPPn><sln:gmIIPWersja>2012-09-26T22:34:15+02:00</sln:gmIIPWersja><sln:gmIdTeryt>3209022</sln:gmIdTeryt><sln:gmNazwa>Biesiekierz</sln:gmNazwa><sln:miejscIIPId>317d1c02-1598-48f4-acc2-a1e692fbed09</sln:miejscIIPId><sln:miejscIIPPn>PL.PZGIK.200</sln:miejscIIPPn><sln:miejscIIPWersja>2016-11-24T09:55:23+02:00</sln:miejscIIPWersja><sln:miejscIdTeryt>0303829</sln:miejscIdTeryt><sln:miejscNazwa>Świeminko</sln:miejscNazwa><sln:miejscRodzaj>Osada</sln:miejscRodzaj><sln:powIIPId>652f6c52-e721-4c44-818a-94061386603b</sln:powIIPId><sln:powIIPPn>PL.PZGIK.200</sln:powIIPPn><sln:powIIPWersja>2012-09-27T10:07:22+02:00</sln:powIIPWersja><sln:powIdTeryt>3209</sln:powIdTeryt><sln:powNazwa>koszaliński</sln:powNazwa><sln:waznyOd>2011-03-22T00:00:00+01:00</sln:waznyOd><sln:wojIIPId>c3f2202a-b491-49c5-a3af-d581108d939a</sln:wojIIPId><sln:wojIIPPn>PL.PZGIK.200</sln:wojIIPPn><sln:wojIIPWersja>2017-10-10T00:00:00+02:00</sln:wojIIPWersja><sln:wojIdTeryt>32</sln:wojIdTeryt><sln:wojNazwa>zachodniopomorskie</sln:wojNazwa></sln:miejscowosc><sln:miejscowosc><sln:cyklZyciaDo>2017-03-31T00:00:00+02:00</sln:cyklZyciaDo><sln:cyklZyciaOd>2016-10-05T00:00:00+02:00</sln:cyklZyciaOd><sln:gmIIPId>15af7b19-657c-4161-a3cc-a2a8d726df53</sln:gmIIPId><sln:gmIIPPn>PL.PZGIK.200</sln:gmIIPPn><sln:gmIIPWersja>2012-09-26T22:34:15+02:00</sln:gmIIPWersja><sln:gmIdTeryt>3209022</sln:gmIdTeryt><sln:gmNazwa>Biesiekierz</sln:gmNazwa><sln:miejscIIPId>a7bcc4eb-74cc-4315-b374-5ba4919a116e</sln:miejscIIPId><sln:miejscIIPPn>PL.PZGIK.200</sln:miejscIIPPn><sln:miejscIIPWersja>2016-11-24T09:55:23+02:00</sln:miejscIIPWersja><sln:miejscIdTeryt>0303835</sln:miejscIdTeryt><sln:miejscNazwa>Świemino</sln:miejscNazwa><sln:miejscRodzaj>Wieś</sln:miejscRodzaj><sln:powIIPId>652f6c52-e721-4c44-818a-94061386603b</sln:powIIPId><sln:powIIPPn>PL.PZGIK.200</sln:powIIPPn><sln:powIIPWersja>2012-09-27T10:07:22+02:00</sln:powIIPWersja><sln:powIdTeryt>3209</sln:powIdTeryt><sln:powNazwa>koszaliński</sln:powNazwa><sln:waznyOd>2011-03-22T00:00:00+01:00</sln:waznyOd><sln:wojIIPId>c3f2202a-b491-49c5-a3af-d581108d939a</sln:wojIIPId><sln:wojIIPPn>PL.PZGIK.200</sln:wojIIPPn><sln:wojIIPWersja>2017-10-10T00:00:00+02:00</sln:wojIIPWersja><sln:wojIdTeryt>32</sln:wojIdTeryt><sln:wojNazwa>zachodniopomorskie</sln:wojNazwa></sln:miejscowosc><sln:miejscowosc><sln:cyklZyciaDo>2017-03-31T00:00:00+02:00</sln:cyklZyciaDo><sln:cyklZyciaOd>2016-10-05T00:00:00+02:00</sln:cyklZyciaOd><sln:gmIIPId>15af7b19-657c-4161-a3cc-a2a8d726df53</sln:gmIIPId><sln:gmIIPPn>PL.PZGIK.200</sln:gmIIPPn><sln:gmIIPWersja>2012-09-26T22:34:15+02:00</sln:gmIIPWersja><sln:gmIdTeryt>3209022</sln:gmIdTeryt><sln:gmNazwa>Biesiekierz</sln:gmNazwa><sln:miejscIIPId>81399b41-4fad-42ce-ad35-723a1625783c</sln:miejscIIPId><sln:miejscIIPPn>PL.PZGIK.200</sln:miejscIIPPn><sln:miejscIIPWersja>2016-11-24T09:55:23+02:00</sln:miejscIIPWersja><sln:miejscIdTeryt>0303806</sln:miejscIdTeryt><sln:miejscNazwa>Tatów</sln:miejscNazwa><sln:miejscRodzaj>Wieś</sln:miejscRodzaj><sln:powIIPId>652f6c52-e721-4c44-818a-94061386603b</sln:powIIPId><sln:powIIPPn>PL.PZGIK.200</sln:powIIPPn><sln:powIIPWersja>2012-09-27T10:07:22+02:00</sln:powIIPWersja><sln:powIdTeryt>3209</sln:powIdTeryt><sln:powNazwa>koszaliński</sln:powNazwa><sln:waznyOd>2011-03-22T00:00:00+01:00</sln:waznyOd><sln:wojIIPId>c3f2202a-b491-49c5-a3af-d581108d939a</sln:wojIIPId><sln:wojIIPPn>PL.PZGIK.200</sln:wojIIPPn><sln:wojIIPWersja>2017-10-10T00:00:00+02:00</sln:wojIIPWersja><sln:wojIdTeryt>32</sln:wojIdTeryt><sln:wojNazwa>zachodniopomorskie</sln:wojNazwa></sln:miejscowosc><sln:miejscowosc><sln:cyklZyciaDo>2017-03-31T00:00:00+02:00</sln:cyklZyciaDo><sln:cyklZyciaOd>2016-10-05T00:00:00+02:00</sln:cyklZyciaOd><sln:gmIIPId>15af7b19-657c-4161-a3cc-a2a8d726df53</sln:gmIIPId><sln:gmIIPPn>PL.PZGIK.200</sln:gmIIPPn><sln:gmIIPWersja>2012-09-26T22:34:15+02:00</sln:gmIIPWersja><sln:gmIdTeryt>3209022</sln:gmIdTeryt><sln:gmNazwa>Biesiekierz</sln:gmNazwa><sln:miejscIIPId>3a690be2-b3a0-4779-8682-a215e9005559</sln:miejscIIPId><sln:miejscIIPPn>PL.PZGIK.200</sln:miejscIIPPn><sln:miejscIIPWersja>2016-11-24T09:55:23+02:00</sln:miejscIIPWersja><sln:miejscIdTeryt>0303812</sln:miejscIdTeryt><sln:miejscNazwa>Warnino</sln:miejscNazwa><sln:miejscRodzaj>Wieś</sln:miejscRodzaj><sln:powIIPId>652f6c52-e721-4c44-818a-94061386603b</sln:powIIPId><sln:powIIPPn>PL.PZGIK.200</sln:powIIPPn><sln:powIIPWersja>2012-09-27T10:07:22+02:00</sln:powIIPWersja><sln:powIdTeryt>3209</sln:powIdTeryt><sln:powNazwa>koszaliński</sln:powNazwa><sln:waznyOd>2011-03-22T00:00:00+01:00</sln:waznyOd><sln:wojIIPId>c3f2202a-b491-49c5-a3af-d581108d939a</sln:wojIIPId><sln:wojIIPPn>PL.PZGIK.200</sln:wojIIPPn><sln:wojIIPWersja>2017-10-10T00:00:00+02:00</sln:wojIIPWersja><sln:wojIdTeryt>32</sln:wojIdTeryt><sln:wojNazwa>zachodniopomorskie</sln:wojNazwa></sln:miejscowosc><sln:miejscowosc><sln:cyklZyciaDo>2017-03-31T00:00:00+02:00</sln:cyklZyciaDo><sln:cyklZyciaOd>2016-10-05T00:00:00+02:00</sln:cyklZyciaOd><sln:gmIIPId>15af7b19-657c-4161-a3cc-a2a8d726df53</sln:gmIIPId><sln:gmIIPPn>PL.PZGIK.200</sln:gmIIPPn><sln:gmIIPWersja>2012-09-26T22:34:15+02:00</sln:gmIIPWersja><sln:gmIdTeryt>3209022</sln:gmIdTeryt><sln:gmNazwa>Biesiekierz</sln:gmNazwa><sln:miejscIIPId>30a854dc-fd7d-41d9-90fd-110c03befefc</sln:miejscIIPId><sln:miejscIIPPn>PL.PZGIK.200</sln:miejscIIPPn><sln:miejscIIPWersja>2016-11-24T09:55:23+02:00</sln:miejscIIPWersja><sln:miejscIdTeryt>0303700</sln:miejscIdTeryt><sln:miejscNazwa>Witolubie</sln:miejscNazwa><sln:miejscRodzaj>Osada</sln:miejscRodzaj><sln:powIIPId>652f6c52-e721-4c44-818a-94061386603b</sln:powIIPId><sln:powIIPPn>PL.PZGIK.200</sln:powIIPPn><sln:powIIPWersja>2012-09-27T10:07:22+02:00</sln:powIIPWersja><sln:powIdTeryt>3209</sln:powIdTeryt><sln:powNazwa>koszaliński</sln:powNazwa><sln:waznyOd>2011-03-22T00:00:00+01:00</sln:waznyOd><sln:wojIIPId>c3f2202a-b491-49c5-a3af-d581108d939a</sln:wojIIPId><sln:wojIIPPn>PL.PZGIK.200</sln:wojIIPPn><sln:wojIIPWersja>2017-10-10T00:00:00+02:00</sln:wojIIPWersja><sln:wojIdTeryt>32</sln:wojIdTeryt><sln:wojNazwa>zachodniopomorskie</sln:wojNazwa></sln:miejscowosc><sln:miejscowosc><sln:cyklZyciaOd>2017-03-31T00:00:00+02:00</sln:cyklZyciaOd><sln:gmIIPId>15af7b19-657c-4161-a3cc-a2a8d726df53</sln:gmIIPId><sln:gmIIPPn>PL.PZGIK.200</sln:gmIIPPn><sln:gmIIPWersja>2012-09-26T22:34:15+02:00</sln:gmIIPWersja><sln:gmIdTeryt>3209022</sln:gmIdTeryt><sln:gmNazwa>Biesiekierz</sln:gmNazwa><sln:miejscIIPId>2da53871-2ca5-4575-8db2-345e5792a411</sln:miejscIIPId><sln:miejscIIPPn>PL.PZGIK.200</sln:miejscIIPPn><sln:miejscIIPWersja>2017-03-31T10:30:59+02:00</sln:miejscIIPWersja><sln:miejscIdTeryt>0303657</sln:miejscIdTeryt><sln:miejscNazwa>Biesiekierz</sln:miejscNazwa><sln:miejscRodzaj>Wieś</sln:miejscRodzaj><sln:powIIPId>652f6c52-e721-4c44-818a-94061386603b</sln:powIIPId><sln:powIIPPn>PL.PZGIK.200</sln:powIIPPn><sln:powIIPWersja>2012-09-27T10:07:22+02:00</sln:powIIPWersja><sln:powIdTeryt>3209</sln:powIdTeryt><sln:powNazwa>koszaliński</sln:powNazwa><sln:waznyOd>2011-03-22T00:00:00+01:00</sln:waznyOd><sln:wojIIPId>c3f2202a-b491-49c5-a3af-d581108d939a</sln:wojIIPId><sln:wojIIPPn>PL.PZGIK.200</sln:wojIIPPn><sln:wojIIPWersja>2017-10-10T00:00:00+02:00</sln:wojIIPWersja><sln:wojIdTeryt>32</sln:wojIdTeryt><sln:wojNazwa>zachodniopomorskie</sln:wojNazwa></sln:miejscowosc><sln:miejscowosc><sln:cyklZyciaOd>2017-03-31T00:00:00+02:00</sln:cyklZyciaOd><sln:gmIIPId>15af7b19-657c-4161-a3cc-a2a8d726df53</sln:gmIIPId><sln:gmIIPPn>PL.PZGIK.200</sln:gmIIPPn><sln:gmIIPWersja>2012-09-26T22:34:15+02:00</sln:gmIIPWersja><sln:gmIdTeryt>3209022</sln:gmIdTeryt><sln:gmNazwa>Biesiekierz</sln:gmNazwa><sln:miejscIIPId>30354451-2d45-4f4e-a860-1d64d03193e1</sln:miejscIIPId><sln:miejscIIPPn>PL.PZGIK.200</sln:miejscIIPPn><sln:miejscIIPWersja>2017-03-31T10:31:08+02:00</sln:miejscIIPWersja><sln:miejscIdTeryt>0303663</sln:miejscIdTeryt><sln:miejscNazwa>Rutkowo</sln:miejscNazwa><sln:miejscRodzaj>Osada</sln:miejscRodzaj><sln:powIIPId>652f6c52-e721-4c44-818a-94061386603b</sln:powIIPId><sln:powIIPPn>PL.PZGIK.200</sln:powIIPPn><sln:powIIPWersja>2012-09-27T10:07:22+02:00</sln:powIIPWersja><sln:powIdTeryt>3209</sln:powIdTeryt><sln:powNazwa>koszaliński</sln:powNazwa><sln:waznyOd>2011-03-22T00:00:00+01:00</sln:waznyOd><sln:wojIIPId>c3f2202a-b491-49c5-a3af-d581108d939a</sln:wojIIPId><sln:wojIIPPn>PL.PZGIK.200</sln:wojIIPPn><sln:wojIIPWersja>2017-10-10T00:00:00+02:00</sln:wojIIPWersja><sln:wojIdTeryt>32</sln:wojIdTeryt><sln:wojNazwa>zachodniopomorskie</sln:wojNazwa></sln:miejscowosc><sln:miejscowosc><sln:cyklZyciaOd>2017-03-31T00:00:00+02:00</sln:cyklZyciaOd><sln:gmIIPId>15af7b19-657c-4161-a3cc-a2a8d726df53</sln:gmIIPId><sln:gmIIPPn>PL.PZGIK.200</sln:gmIIPPn><sln:gmIIPWersja>2012-09-26T22:34:15+02:00</sln:gmIIPWersja><sln:gmIdTeryt>3209022</sln:gmIdTeryt><sln:gmNazwa>Biesiekierz</sln:gmNazwa><sln:miejscIIPId>23c0d6cf-761c-48bc-be59-402d1903a936</sln:miejscIIPId><sln:miejscIIPPn>PL.PZGIK.200</sln:miejscIIPPn><sln:miejscIIPWersja>2017-03-31T10:31:08+02:00</sln:miejscIIPWersja><sln:miejscIdTeryt>0303670</sln:miejscIdTeryt><sln:miejscNazwa>Gniazdowo</sln:miejscNazwa><sln:miejscRodzaj>Wieś</sln:miejscRodzaj><sln:powIIPId>652f6c52-e721-4c44-818a-94061386603b</sln:powIIPId><sln:powIIPPn>PL.PZGIK.200</sln:powIIPPn><sln:powIIPWersja>2012-09-27T10:07:22+02:00</sln:powIIPWersja><sln:powIdTeryt>3209</sln:powIdTeryt><sln:powNazwa>koszaliński</sln:powNazwa><sln:waznyOd>2011-03-22T00:00:00+01:00</sln:waznyOd><sln:wojIIPId>c3f2202a-b491-49c5-a3af-d581108d939a</sln:wojIIPId><sln:wojIIPPn>PL.PZGIK.200</sln:wojIIPPn><sln:wojIIPWersja>2017-10-10T00:00:00+02:00</sln:wojIIPWersja><sln:wojIdTeryt>32</sln:wojIdTeryt><sln:wojNazwa>zachodniopomorskie</sln:wojNazwa></sln:miejscowosc><sln:miejscowosc><sln:cyklZyciaOd>2017-03-31T00:00:00+02:00</sln:cyklZyciaOd><sln:gmIIPId>15af7b19-657c-4161-a3cc-a2a8d726df53</sln:gmIIPId><sln:gmIIPPn>PL.PZGIK.200</sln:gmIIPPn><sln:gmIIPWersja>2012-09-26T22:34:15+02:00</sln:gmIIPWersja><sln:gmIdTeryt>3209022</sln:gmIdTeryt><sln:gmNazwa>Biesiekierz</sln:gmNazwa><sln:miejscIIPId>d79fe9a5-1a00-48d2-8033-014266c607fd</sln:miejscIIPId><sln:miejscIIPPn>PL.PZGIK.200</sln:miejscIIPPn><sln:miejscIIPWersja>2017-03-31T10:31:08+02:00</sln:miejscIIPWersja><sln:miejscIdTeryt>0303686</sln:miejscIdTeryt><sln:miejscNazwa>Cieszyn</sln:miejscNazwa><sln:miejscRodzaj>Wieś</sln:miejscRodzaj><sln:powIIPId>652f6c52-e721-4c44-818a-94061386603b</sln:powIIPId><sln:powIIPPn>PL.PZGIK.200</sln:powIIPPn><sln:powIIPWersja>2012-09-27T10:07:22+02:00</sln:powIIPWersja><sln:powIdTeryt>3209</sln:powIdTeryt><sln:powNazwa>koszaliński</sln:powNazwa><sln:waznyOd>2011-03-22T00:00:00+01:00</sln:waznyOd><sln:wojIIPId>c3f2202a-b491-49c5-a3af-d581108d939a</sln:wojIIPId><sln:wojIIPPn>PL.PZGIK.200</sln:wojIIPPn><sln:wojIIPWersja>2017-10-10T00:00:00+02:00</sln:wojIIPWersja><sln:wojIdTeryt>32</sln:wojIdTeryt><sln:wojNazwa>zachodniopomorskie</sln:wojNazwa></sln:miejscowosc><sln:miejscowosc><sln:cyklZyciaOd>2017-03-31T00:00:00+02:00</sln:cyklZyciaOd><sln:gmIIPId>15af7b19-657c-4161-a3cc-a2a8d726df53</sln:gmIIPId><sln:gmIIPPn>PL.PZGIK.200</sln:gmIIPPn><sln:gmIIPWersja>2012-09-26T22:34:15+02:00</sln:gmIIPWersja><sln:gmIdTeryt>3209022</sln:gmIdTeryt><sln:gmNazwa>Biesiekierz</sln:gmNazwa><sln:miejscIIPId>6cdbf57d-87c5-4ccc-aa44-055aa9ee5410</sln:miejscIIPId><sln:miejscIIPPn>PL.PZGIK.200</sln:miejscIIPPn><sln:miejscIIPWersja>2017-03-31T10:31:08+02:00</sln:miejscIIPWersja><sln:miejscIdTeryt>0303692</sln:miejscIdTeryt><sln:miejscNazwa>Starki</sln:miejscNazwa><sln:miejscRodzaj>Osada</sln:miejscRodzaj><sln:powIIPId>652f6c52-e721-4c44-818a-94061386603b</sln:powIIPId><sln:powIIPPn>PL.PZGIK.200</sln:powIIPPn><sln:powIIPWersja>2012-09-27T10:07:22+02:00</sln:powIIPWersja><sln:powIdTeryt>3209</sln:powIdTeryt><sln:powNazwa>koszaliński</sln:powNazwa><sln:waznyOd>2013-07-23T00:00:00+02:00</sln:waznyOd><sln:wojIIPId>c3f2202a-b491-49c5-a3af-d581108d939a</sln:wojIIPId><sln:wojIIPPn>PL.PZGIK.200</sln:wojIIPPn><sln:wojIIPWersja>2017-10-10T00:00:00+02:00</sln:wojIIPWersja><sln:wojIdTeryt>32</sln:wojIdTeryt><sln:wojNazwa>zachodniopomorskie</sln:wojNazwa></sln:miejscowosc><sln:miejscowosc><sln:cyklZyciaOd>2017-03-31T00:00:00+02:00</sln:cyklZyciaOd><sln:gmIIPId>15af7b19-657c-4161-a3cc-a2a8d726df53</sln:gmIIPId><sln:gmIIPPn>PL.PZGIK.200</sln:gmIIPPn><sln:gmIIPWersja>2012-09-26T22:34:15+02:00</sln:gmIIPWersja><sln:gmIdTeryt>3209022</sln:gmIdTeryt><sln:gmNazwa>Biesiekierz</sln:gmNazwa><sln:miejscIIPId>30a854dc-fd7d-41d9-90fd-110c03befefc</sln:miejscIIPId><sln:miejscIIPPn>PL.PZGIK.200</sln:miejscIIPPn><sln:miejscIIPWersja>2017-03-31T10:31:08+02:00</sln:miejscIIPWersja><sln:miejscIdTeryt>0303700</sln:miejscIdTeryt><sln:miejscNazwa>Witolubie</sln:miejscNazwa><sln:miejscRodzaj>Osada</sln:miejscRodzaj><sln:powIIPId>652f6c52-e721-4c44-818a-94061386603b</sln:powIIPId><sln:powIIPPn>PL.PZGIK.200</sln:powIIPPn><sln:powIIPWersja>2012-09-27T10:07:22+02:00</sln:powIIPWersja><sln:powIdTeryt>3209</sln:powIdTeryt><sln:powNazwa>koszaliński</sln:powNazwa><sln:waznyOd>2011-03-22T00:00:00+01:00</sln:waznyOd><sln:wojIIPId>c3f2202a-b491-49c5-a3af-d581108d939a</sln:wojIIPId><sln:wojIIPPn>PL.PZGIK.200</sln:wojIIPPn><sln:wojIIPWersja>2017-10-10T00:00:00+02:00</sln:wojIIPWersja><sln:wojIdTeryt>32</sln:wojIdTeryt><sln:wojNazwa>zachodniopomorskie</sln:wojNazwa></sln:miejscowosc><sln:miejscowosc><sln:cyklZyciaOd>2017-03-31T00:00:00+02:00</sln:cyklZyciaOd><sln:gmIIPId>15af7b19-657c-4161-a3cc-a2a8d726df53</sln:gmIIPId><sln:gmIIPPn>PL.PZGIK.200</sln:gmIIPPn><sln:gmIIPWersja>2012-09-26T22:34:15+02:00</sln:gmIIPWersja><sln:gmIdTeryt>3209022</sln:gmIdTeryt><sln:gmNazwa>Biesiekierz</sln:gmNazwa><sln:miejscIIPId>397e55d9-85b6-495f-84ce-a3d7a57bce24</sln:miejscIIPId><sln:miejscIIPPn>PL.PZGIK.200</sln:miejscIIPPn><sln:miejscIIPWersja>2017-03-31T10:31:08+02:00</sln:miejscIIPWersja><sln:miejscIdTeryt>0303717</sln:miejscIdTeryt><sln:miejscNazwa>Kraśnik Koszaliński</sln:miejscNazwa><sln:miejscRodzaj>Wieś</sln:miejscRodzaj><sln:powIIPId>652f6c52-e721-4c44-818a-94061386603b</sln:powIIPId><sln:powIIPPn>PL.PZGIK.200</sln:powIIPPn><sln:powIIPWersja>2012-09-27T10:07:22+02:00</sln:powIIPWersja><sln:powIdTeryt>3209</sln:powIdTeryt><sln:powNazwa>koszaliński</sln:powNazwa><sln:waznyOd>2011-03-22T00:00:00+01:00</sln:waznyOd><sln:wojIIPId>c3f2202a-b491-49c5-a3af-d581108d939a</sln:wojIIPId><sln:wojIIPPn>PL.PZGIK.200</sln:wojIIPPn><sln:wojIIPWersja>2017-10-10T00:00:00+02:00</sln:wojIIPWersja><sln:wojIdTeryt>32</sln:wojIdTeryt><sln:wojNazwa>zachodniopomorskie</sln:wojNazwa></sln:miejscowosc><sln:miejscowosc><sln:cyklZyciaOd>2017-03-31T00:00:00+02:00</sln:cyklZyciaOd><sln:gmIIPId>15af7b19-657c-4161-a3cc-a2a8d726df53</sln:gmIIPId><sln:gmIIPPn>PL.PZGIK.200</sln:gmIIPPn><sln:gmIIPWersja>2012-09-26T22:34:15+02:00</sln:gmIIPWersja><sln:gmIdTeryt>3209022</sln:gmIdTeryt><sln:gmNazwa>Biesiekierz</sln:gmNazwa><sln:miejscIIPId>cf8580a3-9777-4003-bb83-3099b4bc32fc</sln:miejscIIPId><sln:miejscIIPPn>PL.PZGIK.200</sln:miejscIIPPn><sln:miejscIIPWersja>2017-03-31T10:31:08+02:00</sln:miejscIIPWersja><sln:miejscIdTeryt>0303723</sln:miejscIdTeryt><sln:miejscNazwa>Nosowo</sln:miejscNazwa><sln:miejscRodzaj>Osada</sln:miejscRodzaj><sln:powIIPId>652f6c52-e721-4c44-818a-94061386603b</sln:powIIPId><sln:powIIPPn>PL.PZGIK.200</sln:powIIPPn><sln:powIIPWersja>2012-09-27T10:07:22+02:00</sln:powIIPWersja><sln:powIdTeryt>3209</sln:powIdTeryt><sln:powNazwa>koszaliński</sln:powNazwa><sln:waznyOd>2011-03-22T00:00:00+01:00</sln:waznyOd><sln:wojIIPId>c3f2202a-b491-49c5-a3af-d581108d939a</sln:wojIIPId><sln:wojIIPPn>PL.PZGIK.200</sln:wojIIPPn><sln:wojIIPWersja>2017-10-10T00:00:00+02:00</sln:wojIIPWersja><sln:wojIdTeryt>32</sln:wojIdTeryt><sln:wojNazwa>zachodniopomorskie</sln:wojNazwa></sln:miejscowosc><sln:miejscowosc><sln:cyklZyciaOd>2017-03-31T00:00:00+02:00</sln:cyklZyciaOd><sln:gmIIPId>15af7b19-657c-4161-a3cc-a2a8d726df53</sln:gmIIPId><sln:gmIIPPn>PL.PZGIK.200</sln:gmIIPPn><sln:gmIIPWersja>2012-09-26T22:34:15+02:00</sln:gmIIPWersja><sln:gmIdTeryt>3209022</sln:gmIdTeryt><sln:gmNazwa>Biesiekierz</sln:gmNazwa><sln:miejscIIPId>e77d568e-6081-4e0b-a859-32c62689e977</sln:miejscIIPId><sln:miejscIIPPn>PL.PZGIK.200</sln:miejscIIPPn><sln:miejscIIPWersja>2017-03-31T10:31:08+02:00</sln:miejscIIPWersja><sln:miejscIdTeryt>0303730</sln:miejscIdTeryt><sln:miejscNazwa>Parsowo</sln:miejscNazwa><sln:miejscRodzaj>Wieś</sln:miejscRodzaj><sln:powIIPId>652f6c52-e721-4c44-818a-94061386603b</sln:powIIPId><sln:powIIPPn>PL.PZGIK.200</sln:powIIPPn><sln:powIIPWersja>2012-09-27T10:07:22+02:00</sln:powIIPWersja><sln:powIdTeryt>3209</sln:powIdTeryt><sln:powNazwa>koszaliński</sln:powNazwa><sln:waznyOd>2011-03-22T00:00:00+01:00</sln:waznyOd><sln:wojIIPId>c3f2202a-b491-49c5-a3af-d581108d939a</sln:wojIIPId><sln:wojIIPPn>PL.PZGIK.200</sln:wojIIPPn><sln:wojIIPWersja>2017-10-10T00:00:00+02:00</sln:wojIIPWersja><sln:wojIdTeryt>32</sln:wojIdTeryt><sln:wojNazwa>zachodniopomorskie</sln:wojNazwa></sln:miejscowosc><sln:miejscowosc><sln:cyklZyciaOd>2017-03-31T00:00:00+02:00</sln:cyklZyciaOd><sln:gmIIPId>15af7b19-657c-4161-a3cc-a2a8d726df53</sln:gmIIPId><sln:gmIIPPn>PL.PZGIK.200</sln:gmIIPPn><sln:gmIIPWersja>2012-09-26T22:34:15+02:00</sln:gmIIPWersja><sln:gmIdTeryt>3209022</sln:gmIdTeryt><sln:gmNazwa>Biesiekierz</sln:gmNazwa><sln:miejscIIPId>c49228eb-c5e2-4d50-bd0d-eefb4ce5b6bb</sln:miejscIIPId><sln:miejscIIPPn>PL.PZGIK.200</sln:miejscIIPPn><sln:miejscIIPWersja>2017-03-31T10:31:08+02:00</sln:miejscIIPWersja><sln:miejscIdTeryt>0303746</sln:miejscIdTeryt><sln:miejscNazwa>Laski Koszalińskie</sln:miejscNazwa><sln:miejscRodzaj>Wieś</sln:miejscRodzaj><sln:powIIPId>652f6c52-e721-4c44-818a-94061386603b</sln:powIIPId><sln:powIIPPn>PL.PZGIK.200</sln:powIIPPn><sln:powIIPWersja>2012-09-27T10:07:22+02:00</sln:powIIPWersja><sln:powIdTeryt>3209</sln:powIdTeryt><sln:powNazwa>koszaliński</sln:powNazwa><sln:waznyOd>2011-03-22T00:00:00+01:00</sln:waznyOd><sln:wojIIPId>c3f2202a-b491-49c5-a3af-d581108d939a</sln:wojIIPId><sln:wojIIPPn>PL.PZGIK.200</sln:wojIIPPn><sln:wojIIPWersja>2017-10-10T00:00:00+02:00</sln:wojIIPWersja><sln:wojIdTeryt>32</sln:wojIdTeryt><sln:wojNazwa>zachodniopomorskie</sln:wojNazwa></sln:miejscowosc><sln:miejscowosc><sln:cyklZyciaOd>2017-03-31T00:00:00+02:00</sln:cyklZyciaOd><sln:gmIIPId>15af7b19-657c-4161-a3cc-a2a8d726df53</sln:gmIIPId><sln:gmIIPPn>PL.PZGIK.200</sln:gmIIPPn><sln:gmIIPWersja>2012-09-26T22:34:15+02:00</sln:gmIIPWersja><sln:gmIdTeryt>3209022</sln:gmIdTeryt><sln:gmNazwa>Biesiekierz</sln:gmNazwa><sln:miejscIIPId>9cf7f81a-9828-45c3-9930-d03572d3e95f</sln:miejscIIPId><sln:miejscIIPPn>PL.PZGIK.200</sln:miejscIIPPn><sln:miejscIIPWersja>2017-03-31T10:31:08+02:00</sln:miejscIIPWersja><sln:miejscIdTeryt>0303752</sln:miejscIdTeryt><sln:miejscNazwa>Kotłowo</sln:miejscNazwa><sln:miejscRodzaj>Wieś</sln:miejscRodzaj><sln:powIIPId>652f6c52-e721-4c44-818a-94061386603b</sln:powIIPId><sln:powIIPPn>PL.PZGIK.200</sln:powIIPPn><sln:powIIPWersja>2012-09-27T10:07:22+02:00</sln:powIIPWersja><sln:powIdTeryt>3209</sln:powIdTeryt><sln:powNazwa>koszaliński</sln:powNazwa><sln:waznyOd>2011-03-22T00:00:00+01:00</sln:waznyOd><sln:wojIIPId>c3f2202a-b491-49c5-a3af-d581108d939a</sln:wojIIPId><sln:wojIIPPn>PL.PZGIK.200</sln:wojIIPPn><sln:wojIIPWersja>2017-10-10T00:00:00+02:00</sln:wojIIPWersja><sln:wojIdTeryt>32</sln:wojIdTeryt><sln:wojNazwa>zachodniopomorskie</sln:wojNazwa></sln:miejscowosc><sln:miejscowosc><sln:cyklZyciaOd>2017-03-31T00:00:00+02:00</sln:cyklZyciaOd><sln:gmIIPId>15af7b19-657c-4161-a3cc-a2a8d726df53</sln:gmIIPId><sln:gmIIPPn>PL.PZGIK.200</sln:gmIIPPn><sln:gmIIPWersja>2012-09-26T22:34:15+02:00</sln:gmIIPWersja><sln:gmIdTeryt>3209022</sln:gmIdTeryt><sln:gmNazwa>Biesiekierz</sln:gmNazwa><sln:miejscIIPId>543c735e-a316-4876-906d-d5376d336bf8</sln:miejscIIPId><sln:miejscIIPPn>PL.PZGIK.200</sln:miejscIIPPn><sln:miejscIIPWersja>2017-03-31T10:31:09+02:00</sln:miejscIIPWersja><sln:miejscIdTeryt>0303769</sln:miejscIdTeryt><sln:miejscNazwa>Nowe Bielice</sln:miejscNazwa><sln:miejscRodzaj>Wieś</sln:miejscRodzaj><sln:powIIPId>652f6c52-e721-4c44-818a-94061386603b</sln:powIIPId><sln:powIIPPn>PL.PZGIK.200</sln:powIIPPn><sln:powIIPWersja>2012-09-27T10:07:22+02:00</sln:powIIPWersja><sln:powIdTeryt>3209</sln:powIdTeryt><sln:powNazwa>koszaliński</sln:powNazwa><sln:waznyOd>2011-03-22T00:00:00+01:00</sln:waznyOd><sln:wojIIPId>c3f2202a-b491-49c5-a3af-d581108d939a</sln:wojIIPId><sln:wojIIPPn>PL.PZGIK.200</sln:wojIIPPn><sln:wojIIPWersja>2017-10-10T00:00:00+02:00</sln:wojIIPWersja><sln:wojIdTeryt>32</sln:wojIdTeryt><sln:wojNazwa>zachodniopomorskie</sln:wojNazwa></sln:miejscowosc><sln:miejscowosc><sln:cyklZyciaOd>2017-03-31T00:00:00+02:00</sln:cyklZyciaOd><sln:gmIIPId>15af7b19-657c-4161-a3cc-a2a8d726df53</sln:gmIIPId><sln:gmIIPPn>PL.PZGIK.200</sln:gmIIPPn><sln:gmIIPWersja>2012-09-26T22:34:15+02:00</sln:gmIIPWersja><sln:gmIdTeryt>3209022</sln:gmIdTeryt><sln:gmNazwa>Biesiekierz</sln:gmNazwa><sln:miejscIIPId>68dac9e2-8720-4a86-9a3d-47d1e60e90ec</sln:miejscIIPId><sln:miejscIIPPn>PL.PZGIK.200</sln:miejscIIPPn><sln:miejscIIPWersja>2017-03-31T10:31:09+02:00</sln:miejscIIPWersja><sln:miejscIdTeryt>0303775</sln:miejscIdTeryt><sln:miejscNazwa>Parnowo</sln:miejscNazwa><sln:miejscRodzaj>Wieś</sln:miejscRodzaj><sln:powIIPId>652f6c52-e721-4c44-818a-94061386603b</sln:powIIPId><sln:powIIPPn>PL.PZGIK.200</sln:powIIPPn><sln:powIIPWersja>2012-09-27T10:07:22+02:00</sln:powIIPWersja><sln:powIdTeryt>3209</sln:powIdTeryt><sln:powNazwa>koszaliński</sln:powNazwa><sln:waznyOd>2011-03-22T00:00:00+01:00</sln:waznyOd><sln:wojIIPId>c3f2202a-b491-49c5-a3af-d581108d939a</sln:wojIIPId><sln:wojIIPPn>PL.PZGIK.200</sln:wojIIPPn><sln:wojIIPWersja>2017-10-10T00:00:00+02:00</sln:wojIIPWersja><sln:wojIdTeryt>32</sln:wojIdTeryt><sln:wojNazwa>zachodniopomorskie</sln:wojNazwa></sln:miejscowosc><sln:miejscowosc><sln:cyklZyciaOd>2017-03-31T00:00:00+02:00</sln:cyklZyciaOd><sln:gmIIPId>15af7b19-657c-4161-a3cc-a2a8d726df53</sln:gmIIPId><sln:gmIIPPn>PL.PZGIK.200</sln:gmIIPPn><sln:gmIIPWersja>2012-09-26T22:34:15+02:00</sln:gmIIPWersja><sln:gmIdTeryt>3209022</sln:gmIdTeryt><sln:gmNazwa>Biesiekierz</sln:gmNazwa><sln:miejscIIPId>e18b1024-4a69-41a6-9511-a1f02bff3fee</sln:miejscIIPId><sln:miejscIIPPn>PL.PZGIK.200</sln:miejscIIPPn><sln:miejscIIPWersja>2017-03-31T10:31:09+02:00</sln:miejscIIPWersja><sln:miejscIdTeryt>0303781</sln:miejscIdTeryt><sln:miejscNazwa>Parnówko</sln:miejscNazwa><sln:miejscRodzaj>Osada</sln:miejscRodzaj><sln:powIIPId>652f6c52-e721-4c44-818a-94061386603b</sln:powIIPId><sln:powIIPPn>PL.PZGIK.200</sln:powIIPPn><sln:powIIPWersja>2012-09-27T10:07:22+02:00</sln:powIIPWersja><sln:powIdTeryt>3209</sln:powIdTeryt><sln:powNazwa>koszaliński</sln:powNazwa><sln:waznyOd>2013-07-23T00:00:00+02:00</sln:waznyOd><sln:wojIIPId>c3f2202a-b491-49c5-a3af-d581108d939a</sln:wojIIPId><sln:wojIIPPn>PL.PZGIK.200</sln:wojIIPPn><sln:wojIIPWersja>2017-10-10T00:00:00+02:00</sln:wojIIPWersja><sln:wojIdTeryt>32</sln:wojIdTeryt><sln:wojNazwa>zachodniopomorskie</sln:wojNazwa></sln:miejscowosc><sln:miejscowosc><sln:cyklZyciaOd>2017-03-31T00:00:00+02:00</sln:cyklZyciaOd><sln:gmIIPId>15af7b19-657c-4161-a3cc-a2a8d726df53</sln:gmIIPId><sln:gmIIPPn>PL.PZGIK.200</sln:gmIIPPn><sln:gmIIPWersja>2012-09-26T22:34:15+02:00</sln:gmIIPWersja><sln:gmIdTeryt>3209022</sln:gmIdTeryt><sln:gmNazwa>Biesiekierz</sln:gmNazwa><sln:miejscIIPId>fb7e769f-145f-4986-ad9f-99bf50755753</sln:miejscIIPId><sln:miejscIIPPn>PL.PZGIK.200</sln:miejscIIPPn><sln:miejscIIPWersja>2017-03-31T10:31:09+02:00</sln:miejscIIPWersja><sln:miejscIdTeryt>0303798</sln:miejscIdTeryt><sln:miejscNazwa>Stare Bielice</sln:miejscNazwa><sln:miejscRodzaj>Wieś</sln:miejscRodzaj><sln:powIIPId>652f6c52-e721-4c44-818a-94061386603b</sln:powIIPId><sln:powIIPPn>PL.PZGIK.200</sln:powIIPPn><sln:powIIPWersja>2012-09-27T10:07:22+02:00</sln:powIIPWersja><sln:powIdTeryt>3209</sln:powIdTeryt><sln:powNazwa>koszaliński</sln:powNazwa><sln:waznyOd>2011-03-22T00:00:00+01:00</sln:waznyOd><sln:wojIIPId>c3f2202a-b491-49c5-a3af-d581108d939a</sln:wojIIPId><sln:wojIIPPn>PL.PZGIK.200</sln:wojIIPPn><sln:wojIIPWersja>2017-10-10T00:00:00+02:00</sln:wojIIPWersja><sln:wojIdTeryt>32</sln:wojIdTeryt><sln:wojNazwa>zachodniopomorskie</sln:wojNazwa></sln:miejscowosc><sln:miejscowosc><sln:cyklZyciaOd>2017-03-31T00:00:00+02:00</sln:cyklZyciaOd><sln:gmIIPId>15af7b19-657c-4161-a3cc-a2a8d726df53</sln:gmIIPId><sln:gmIIPPn>PL.PZGIK.200</sln:gmIIPPn><sln:gmIIPWersja>2012-09-26T22:34:15+02:00</sln:gmIIPWersja><sln:gmIdTeryt>3209022</sln:gmIdTeryt><sln:gmNazwa>Biesiekierz</sln:gmNazwa><sln:miejscIIPId>81399b41-4fad-42ce-ad35-723a1625783c</sln:miejscIIPId><sln:miejscIIPPn>PL.PZGIK.200</sln:miejscIIPPn><sln:miejscIIPWersja>2017-03-31T10:31:09+02:00</sln:miejscIIPWersja><sln:miejscIdTeryt>0303806</sln:miejscIdTeryt><sln:miejscNazwa>Tatów</sln:miejscNazwa><sln:miejscRodzaj>Wieś</sln:miejscRodzaj><sln:powIIPId>652f6c52-e721-4c44-818a-94061386603b</sln:powIIPId><sln:powIIPPn>PL.PZGIK.200</sln:powIIPPn><sln:powIIPWersja>2012-09-27T10:07:22+02:00</sln:powIIPWersja><sln:powIdTeryt>3209</sln:powIdTeryt><sln:powNazwa>koszaliński</sln:powNazwa><sln:waznyOd>2011-03-22T00:00:00+01:00</sln:waznyOd><sln:wojIIPId>c3f2202a-b491-49c5-a3af-d581108d939a</sln:wojIIPId><sln:wojIIPPn>PL.PZGIK.200</sln:wojIIPPn><sln:wojIIPWersja>2017-10-10T00:00:00+02:00</sln:wojIIPWersja><sln:wojIdTeryt>32</sln:wojIdTeryt><sln:wojNazwa>zachodniopomorskie</sln:wojNazwa></sln:miejscowosc><sln:miejscowosc><sln:cyklZyciaOd>2017-03-31T00:00:00+02:00</sln:cyklZyciaOd><sln:gmIIPId>15af7b19-657c-4161-a3cc-a2a8d726df53</sln:gmIIPId><sln:gmIIPPn>PL.PZGIK.200</sln:gmIIPPn><sln:gmIIPWersja>2012-09-26T22:34:15+02:00</sln:gmIIPWersja><sln:gmIdTeryt>3209022</sln:gmIdTeryt><sln:gmNazwa>Biesiekierz</sln:gmNazwa><sln:miejscIIPId>3a690be2-b3a0-4779-8682-a215e9005559</sln:miejscIIPId><sln:miejscIIPPn>PL.PZGIK.200</sln:miejscIIPPn><sln:miejscIIPWersja>2017-03-31T10:31:09+02:00</sln:miejscIIPWersja><sln:miejscIdTeryt>0303812</sln:miejscIdTeryt><sln:miejscNazwa>Warnino</sln:miejscNazwa><sln:miejscRodzaj>Wieś</sln:miejscRodzaj><sln:powIIPId>652f6c52-e721-4c44-818a-94061386603b</sln:powIIPId><sln:powIIPPn>PL.PZGIK.200</sln:powIIPPn><sln:powIIPWersja>2012-09-27T10:07:22+02:00</sln:powIIPWersja><sln:powIdTeryt>3209</sln:powIdTeryt><sln:powNazwa>koszaliński</sln:powNazwa><sln:waznyOd>2011-03-22T00:00:00+01:00</sln:waznyOd><sln:wojIIPId>c3f2202a-b491-49c5-a3af-d581108d939a</sln:wojIIPId><sln:wojIIPPn>PL.PZGIK.200</sln:wojIIPPn><sln:wojIIPWersja>2017-10-10T00:00:00+02:00</sln:wojIIPWersja><sln:wojIdTeryt>32</sln:wojIdTeryt><sln:wojNazwa>zachodniopomorskie</sln:wojNazwa></sln:miejscowosc><sln:miejscowosc><sln:cyklZyciaOd>2017-03-31T00:00:00+02:00</sln:cyklZyciaOd><sln:gmIIPId>15af7b19-657c-4161-a3cc-a2a8d726df53</sln:gmIIPId><sln:gmIIPPn>PL.PZGIK.200</sln:gmIIPPn><sln:gmIIPWersja>2012-09-26T22:34:15+02:00</sln:gmIIPWersja><sln:gmIdTeryt>3209022</sln:gmIdTeryt><sln:gmNazwa>Biesiekierz</sln:gmNazwa><sln:miejscIIPId>317d1c02-1598-48f4-acc2-a1e692fbed09</sln:miejscIIPId><sln:miejscIIPPn>PL.PZGIK.200</sln:miejscIIPPn><sln:miejscIIPWersja>2017-03-31T10:31:09+02:00</sln:miejscIIPWersja><sln:miejscIdTeryt>0303829</sln:miejscIdTeryt><sln:miejscNazwa>Świeminko</sln:miejscNazwa><sln:miejscRodzaj>Osada</sln:miejscRodzaj><sln:powIIPId>652f6c52-e721-4c44-818a-94061386603b</sln:powIIPId><sln:powIIPPn>PL.PZGIK.200</sln:powIIPPn><sln:powIIPWersja>2012-09-27T10:07:22+02:00</sln:powIIPWersja><sln:powIdTeryt>3209</sln:powIdTeryt><sln:powNazwa>koszaliński</sln:powNazwa><sln:waznyOd>2011-03-22T00:00:00+01:00</sln:waznyOd><sln:wojIIPId>c3f2202a-b491-49c5-a3af-d581108d939a</sln:wojIIPId><sln:wojIIPPn>PL.PZGIK.200</sln:wojIIPPn><sln:wojIIPWersja>2017-10-10T00:00:00+02:00</sln:wojIIPWersja><sln:wojIdTeryt>32</sln:wojIdTeryt><sln:wojNazwa>zachodniopomorskie</sln:wojNazwa></sln:miejscowosc><sln:miejscowosc><sln:cyklZyciaOd>2017-03-31T00:00:00+02:00</sln:cyklZyciaOd><sln:gmIIPId>15af7b19-657c-4161-a3cc-a2a8d726df53</sln:gmIIPId><sln:gmIIPPn>PL.PZGIK.200</sln:gmIIPPn><sln:gmIIPWersja>2012-09-26T22:34:15+02:00</sln:gmIIPWersja><sln:gmIdTeryt>3209022</sln:gmIdTeryt><sln:gmNazwa>Biesiekierz</sln:gmNazwa><sln:miejscIIPId>a7bcc4eb-74cc-4315-b374-5ba4919a116e</sln:miejscIIPId><sln:miejscIIPPn>PL.PZGIK.200</sln:miejscIIPPn><sln:miejscIIPWersja>2017-03-31T10:31:09+02:00</sln:miejscIIPWersja><sln:miejscIdTeryt>0303835</sln:miejscIdTeryt><sln:miejscNazwa>Świemino</sln:miejscNazwa><sln:miejscRodzaj>Wieś</sln:miejscRodzaj><sln:powIIPId>652f6c52-e721-4c44-818a-94061386603b</sln:powIIPId><sln:powIIPPn>PL.PZGIK.200</sln:powIIPPn><sln:powIIPWersja>2012-09-27T10:07:22+02:00</sln:powIIPWersja><sln:powIdTeryt>3209</sln:powIdTeryt><sln:powNazwa>koszaliński</sln:powNazwa><sln:waznyOd>2011-03-22T00:00:00+01:00</sln:waznyOd><sln:wojIIPId>c3f2202a-b491-49c5-a3af-d581108d939a</sln:wojIIPId><sln:wojIIPPn>PL.PZGIK.200</sln:wojIIPPn><sln:wojIIPWersja>2017-10-10T00:00:00+02:00</sln:wojIIPWersja><sln:wojIdTeryt>32</sln:wojIdTeryt><sln:wojNazwa>zachodniopomorskie</sln:wojNazwa></sln:miejscowosc></sln:lista-miejscowosci>