<?xml version="1.0" encoding="UTF-8" standalone="yes"?><sln:lista-miejscowosci xmlns:srv="http://gugik.gov.pl/schemas/slowniki-service/1.0" xmlns:sln="http://gugik.gov.pl/schemas/slowniki-schema/1.0"><sln:miejscowosc><sln:cyklZyciaDo>2017-03-31T00:00:00+02:00</sln:cyklZyciaDo><sln:cyklZyciaOd>2016-02-05T00:00:00+01:00</sln:cyklZyciaOd><sln:gmIIPId>21bae452-49a1-4104-a18a-9424cea9bca7</sln:gmIIPId><sln:gmIIPPn>PL.PZGIK.200</sln:gmIIPPn><sln:gmIIPWersja>2012-09-26T22:34:35+02:00</sln:gmIIPWersja><sln:gmIdTeryt>3213062</sln:gmIdTeryt><sln:gmNazwa>Sławno</sln:gmNazwa><sln:miejscIIPId>b0841a25-53ae-4674-afe3-396dd9c0d35a</sln:miejscIIPId><sln:miejscIIPPn>PL.PZGIK.200</sln:miejscIIPPn><sln:miejscIIPWersja>2016-11-24T12:23:18+02:00</sln:miejscIIPWersja><sln:miejscIdTeryt>0750238</sln:miejscIdTeryt><sln:miejscNazwa>Bobrowice</sln:miejscNazwa><sln:miejscRodzaj>Wieś</sln:miejscRodzaj><sln:powIIPId>e7df1d0c-30d0-4e31-9ce5-af88ca2302f5</sln:powIIPId><sln:powIIPPn>PL.PZGIK.200</sln:powIIPPn><sln:powIIPWersja>2012-09-27T10:07:22+02:00</sln:powIIPWersja><sln:powIdTeryt>3213</sln:powIdTeryt><sln:powNazwa>sławieński</sln:powNazwa><sln:waznyOd>2011-03-22T00:00:00+01:00</sln:waznyOd><sln:wojIIPId>c3f2202a-b491-49c5-a3af-d581108d939a</sln:wojIIPId><sln:wojIIPPn>PL.PZGIK.200</sln:wojIIPPn><sln:wojIIPWersja>2017-10-10T00:00:00+02:00</sln:wojIIPWersja><sln:wojIdTeryt>32</sln:wojIdTeryt><sln:wojNazwa>zachodniopomorskie</sln:wojNazwa></sln:miejscowosc><sln:miejscowosc><sln:cyklZyciaDo>2017-03-31T00:00:00+02:00</sln:cyklZyciaDo><sln:cyklZyciaOd>2016-02-05T00:00:00+01:00</sln:cyklZyciaOd><sln:gmIIPId>21bae452-49a1-4104-a18a-9424cea9bca7</sln:gmIIPId><sln:gmIIPPn>PL.PZGIK.200</sln:gmIIPPn><sln:gmIIPWersja>2012-09-26T22:34:35+02:00</sln:gmIIPWersja><sln:gmIdTeryt>3213062</sln:gmIdTeryt><sln:gmNazwa>Sławno</sln:gmNazwa><sln:miejscIIPId>2f8bdbf3-e78c-45fc-b437-4a68e4c0fc56</sln:miejscIIPId><sln:miejscIIPPn>PL.PZGIK.200</sln:miejscIIPPn><sln:miejscIIPWersja>2016-11-24T12:23:18+02:00</sln:miejscIIPWersja><sln:miejscIdTeryt>0750244</sln:miejscIdTeryt><sln:miejscNazwa>Bobrowiczki</sln:miejscNazwa><sln:miejscRodzaj>Wieś</sln:miejscRodzaj><sln:powIIPId>e7df1d0c-30d0-4e31-9ce5-af88ca2302f5</sln:powIIPId><sln:powIIPPn>PL.PZGIK.200</sln:powIIPPn><sln:powIIPWersja>2012-09-27T10:07:22+02:00</sln:powIIPWersja><sln:powIdTeryt>3213</sln:powIdTeryt><sln:powNazwa>sławieński</sln:powNazwa><sln:waznyOd>2011-03-22T00:00:00+01:00</sln:waznyOd><sln:wojIIPId>c3f2202a-b491-49c5-a3af-d581108d939a</sln:wojIIPId><sln:wojIIPPn>PL.PZGIK.200</sln:wojIIPPn><sln:wojIIPWersja>2017-10-10T00:00:00+02:00</sln:wojIIPWersja><sln:wojIdTeryt>32</sln:wojIdTeryt><sln:wojNazwa>zachodniopomorskie</sln:wojNazwa></sln:miejscowosc><sln:miejscowosc><sln:cyklZyciaDo>2017-03-31T00:00:00+02:00</sln:cyklZyciaDo><sln:cyklZyciaOd>2016-02-05T00:00:00+01:00</sln:cyklZyciaOd><sln:gmIIPId>21bae452-49a1-4104-a18a-9424cea9bca7</sln:gmIIPId><sln:gmIIPPn>PL.PZGIK.200</sln:gmIIPPn><sln:gmIIPWersja>2012-09-26T22:34:35+02:00</sln:gmIIPWersja><sln:gmIdTeryt>3213062</sln:gmIdTeryt><sln:gmNazwa>Sławno</sln:gmNazwa><sln:miejscIIPId>fddc491f-1d53-48ce-9049-8ecf101b0eb8</sln:miejscIIPId><sln:miejscIIPPn>PL.PZGIK.200</sln:miejscIIPPn><sln:miejscIIPWersja>2016-11-24T12:23:18+02:00</sln:miejscIIPWersja><sln:miejscIdTeryt>0750250</sln:miejscIdTeryt><sln:miejscNazwa>Boleszewo</sln:miejscNazwa><sln:miejscRodzaj>Wieś</sln:miejscRodzaj><sln:powIIPId>e7df1d0c-30d0-4e31-9ce5-af88ca2302f5</sln:powIIPId><sln:powIIPPn>PL.PZGIK.200</sln:powIIPPn><sln:powIIPWersja>2012-09-27T10:07:22+02:00</sln:powIIPWersja><sln:powIdTeryt>3213</sln:powIdTeryt><sln:powNazwa>sławieński</sln:powNazwa><sln:waznyOd>2011-03-22T00:00:00+01:00</sln:waznyOd><sln:wojIIPId>c3f2202a-b491-49c5-a3af-d581108d939a</sln:wojIIPId><sln:wojIIPPn>PL.PZGIK.200</sln:wojIIPPn><sln:wojIIPWersja>2017-10-10T00:00:00+02:00</sln:wojIIPWersja><sln:wojIdTeryt>32</sln:wojIdTeryt><sln:wojNazwa>zachodniopomorskie</sln:wojNazwa></sln:miejscowosc><sln:miejscowosc><sln:cyklZyciaDo>2017-03-31T00:00:00+02:00</sln:cyklZyciaDo><sln:cyklZyciaOd>2016-02-05T00:00:00+01:00</sln:cyklZyciaOd><sln:gmIIPId>21bae452-49a1-4104-a18a-9424cea9bca7</sln:gmIIPId><sln:gmIIPPn>PL.PZGIK.200</sln:gmIIPPn><sln:gmIIPWersja>2012-09-26T22:34:35+02:00</sln:gmIIPWersja><sln:gmIdTeryt>3213062</sln:gmIdTeryt><sln:gmNazwa>Sławno</sln:gmNazwa><sln:miejscIIPId>c27f8a2c-5eb7-4a50-a1d6-312b38970b3a</sln:miejscIIPId><sln:miejscIIPPn>PL.PZGIK.200</sln:miejscIIPPn><sln:miejscIIPWersja>2016-11-24T12:23:18+02:00</sln:miejscIIPWersja><sln:miejscIdTeryt>0750445</sln:miejscIdTeryt><sln:miejscNazwa>Borzyszkowo</sln:miejscNazwa><sln:miejscRodzaj>Osada leśna</sln:miejscRodzaj><sln:powIIPId>e7df1d0c-30d0-4e31-9ce5-af88ca2302f5</sln:powIIPId><sln:powIIPPn>PL.PZGIK.200</sln:powIIPPn><sln:powIIPWersja>2012-09-27T10:07:22+02:00</sln:powIIPWersja><sln:powIdTeryt>3213</sln:powIdTeryt><sln:powNazwa>sławieński</sln:powNazwa><sln:waznyOd>2011-03-22T00:00:00+01:00</sln:waznyOd><sln:wojIIPId>c3f2202a-b491-49c5-a3af-d581108d939a</sln:wojIIPId><sln:wojIIPPn>PL.PZGIK.200</sln:wojIIPPn><sln:wojIIPWersja>2017-10-10T00:00:00+02:00</sln:wojIIPWersja><sln:wojIdTeryt>32</sln:wojIdTeryt><sln:wojNazwa>zachodniopomorskie</sln:wojNazwa></sln:miejscowosc><sln:miejscowosc><sln:cyklZyciaDo>2017-03-31T00:00:00+02:00</sln:cyklZyciaDo><sln:cyklZyciaOd>2016-02-05T00:00:00+01:00</sln:cyklZyciaOd><sln:gmIIPId>21bae452-49a1-4104-a18a-9424cea9bca7</sln:gmIIPId><sln:gmIIPPn>PL.PZGIK.200</sln:gmIIPPn><sln:gmIIPWersja>2012-09-26T22:34:35+02:00</sln:gmIIPWersja><sln:gmIdTeryt>3213062</sln:gmIdTeryt><sln:gmNazwa>Sławno</sln:gmNazwa><sln:miejscIIPId>a0647f7c-0050-4eae-a4ab-d926e8063d8b</sln:miejscIIPId><sln:miejscIIPPn>PL.PZGIK.200</sln:miejscIIPPn><sln:miejscIIPWersja>2016-11-24T12:23:18+02:00</sln:miejscIIPWersja><sln:miejscIdTeryt>0750267</sln:miejscIdTeryt><sln:miejscNazwa>Brzeście</sln:miejscNazwa><sln:miejscRodzaj>Wieś</sln:miejscRodzaj><sln:powIIPId>e7df1d0c-30d0-4e31-9ce5-af88ca2302f5</sln:powIIPId><sln:powIIPPn>PL.PZGIK.200</sln:powIIPPn><sln:powIIPWersja>2012-09-27T10:07:22+02:00</sln:powIIPWersja><sln:powIdTeryt>3213</sln:powIdTeryt><sln:powNazwa>sławieński</sln:powNazwa><sln:waznyOd>2011-03-22T00:00:00+01:00</sln:waznyOd><sln:wojIIPId>c3f2202a-b491-49c5-a3af-d581108d939a</sln:wojIIPId><sln:wojIIPPn>PL.PZGIK.200</sln:wojIIPPn><sln:wojIIPWersja>2017-10-10T00:00:00+02:00</sln:wojIIPWersja><sln:wojIdTeryt>32</sln:wojIdTeryt><sln:wojNazwa>zachodniopomorskie</sln:wojNazwa></sln:miejscowosc><sln:miejscowosc><sln:cyklZyciaDo>2017-03-31T00:00:00+02:00</sln:cyklZyciaDo><sln:cyklZyciaOd>2016-02-05T00:00:00+01:00</sln:cyklZyciaOd><sln:gmIIPId>21bae452-49a1-4104-a18a-9424cea9bca7</sln:gmIIPId><sln:gmIIPPn>PL.PZGIK.200</sln:gmIIPPn><sln:gmIIPWersja>2012-09-26T22:34:35+02:00</sln:gmIIPWersja><sln:gmIdTeryt>3213062</sln:gmIdTeryt><sln:gmNazwa>Sławno</sln:gmNazwa><sln:miejscIIPId>8aa12a26-e385-46a7-aeea-c40a5bea40c1</sln:miejscIIPId><sln:miejscIIPPn>PL.PZGIK.200</sln:miejscIIPPn><sln:miejscIIPWersja>2016-11-24T12:23:18+02:00</sln:miejscIIPWersja><sln:miejscIdTeryt>0750304</sln:miejscIdTeryt><sln:miejscNazwa>Chomiec</sln:miejscNazwa><sln:miejscRodzaj>Osada</sln:miejscRodzaj><sln:powIIPId>e7df1d0c-30d0-4e31-9ce5-af88ca2302f5</sln:powIIPId><sln:powIIPPn>PL.PZGIK.200</sln:powIIPPn><sln:powIIPWersja>2012-09-27T10:07:22+02:00</sln:powIIPWersja><sln:powIdTeryt>3213</sln:powIdTeryt><sln:powNazwa>sławieński</sln:powNazwa><sln:waznyOd>2011-03-22T00:00:00+01:00</sln:waznyOd><sln:wojIIPId>c3f2202a-b491-49c5-a3af-d581108d939a</sln:wojIIPId><sln:wojIIPPn>PL.PZGIK.200</sln:wojIIPPn><sln:wojIIPWersja>2017-10-10T00:00:00+02:00</sln:wojIIPWersja><sln:wojIdTeryt>32</sln:wojIdTeryt><sln:wojNazwa>zachodniopomorskie</sln:wojNazwa></sln:miejscowosc><sln:miejscowosc><sln:cyklZyciaDo>2017-03-31T00:00:00+02:00</sln:cyklZyciaDo><sln:cyklZyciaOd>2016-02-05T00:00:00+01:00</sln:cyklZyciaOd><sln:gmIIPId>21bae452-49a1-4104-a18a-9424cea9bca7</sln:gmIIPId><sln:gmIIPPn>PL.PZGIK.200</sln:gmIIPPn><sln:gmIIPWersja>2012-09-26T22:34:35+02:00</sln:gmIIPWersja><sln:gmIdTeryt>3213062</sln:gmIdTeryt><sln:gmNazwa>Sławno</sln:gmNazwa><sln:miejscIIPId>631b02ee-cdef-4158-9234-50a935c1c281</sln:miejscIIPId><sln:miejscIIPPn>PL.PZGIK.200</sln:miejscIIPPn><sln:miejscIIPWersja>2016-11-24T12:23:18+02:00</sln:miejscIIPWersja><sln:miejscIdTeryt>0750451</sln:miejscIdTeryt><sln:miejscNazwa>Grzybno</sln:miejscNazwa><sln:miejscRodzaj>Osada leśna</sln:miejscRodzaj><sln:powIIPId>e7df1d0c-30d0-4e31-9ce5-af88ca2302f5</sln:powIIPId><sln:powIIPPn>PL.PZGIK.200</sln:powIIPPn><sln:powIIPWersja>2012-09-27T10:07:22+02:00</sln:powIIPWersja><sln:powIdTeryt>3213</sln:powIdTeryt><sln:powNazwa>sławieński</sln:powNazwa><sln:waznyOd>2011-03-22T00:00:00+01:00</sln:waznyOd><sln:wojIIPId>c3f2202a-b491-49c5-a3af-d581108d939a</sln:wojIIPId><sln:wojIIPPn>PL.PZGIK.200</sln:wojIIPPn><sln:wojIIPWersja>2017-10-10T00:00:00+02:00</sln:wojIIPWersja><sln:wojIdTeryt>32</sln:wojIdTeryt><sln:wojNazwa>zachodniopomorskie</sln:wojNazwa></sln:miejscowosc><sln:miejscowosc><sln:cyklZyciaDo>2017-03-31T00:00:00+02:00</sln:cyklZyciaDo><sln:cyklZyciaOd>2016-02-05T00:00:00+01:00</sln:cyklZyciaOd><sln:gmIIPId>21bae452-49a1-4104-a18a-9424cea9bca7</sln:gmIIPId><sln:gmIIPPn>PL.PZGIK.200</sln:gmIIPPn><sln:gmIIPWersja>2012-09-26T22:34:35+02:00</sln:gmIIPWersja><sln:gmIdTeryt>3213062</sln:gmIdTeryt><sln:gmNazwa>Sławno</sln:gmNazwa><sln:miejscIIPId>1edd253e-a38a-45ec-b123-5203df6acb9d</sln:miejscIIPId><sln:miejscIIPPn>PL.PZGIK.200</sln:miejscIIPPn><sln:miejscIIPWersja>2016-11-24T12:23:18+02:00</sln:miejscIIPWersja><sln:miejscIdTeryt>0750273</sln:miejscIdTeryt><sln:miejscNazwa>Gwiazdowo</sln:miejscNazwa><sln:miejscRodzaj>Wieś</sln:miejscRodzaj><sln:powIIPId>e7df1d0c-30d0-4e31-9ce5-af88ca2302f5</sln:powIIPId><sln:powIIPPn>PL.PZGIK.200</sln:powIIPPn><sln:powIIPWersja>2012-09-27T10:07:22+02:00</sln:powIIPWersja><sln:powIdTeryt>3213</sln:powIdTeryt><sln:powNazwa>sławieński</sln:powNazwa><sln:waznyOd>2011-03-22T00:00:00+01:00</sln:waznyOd><sln:wojIIPId>c3f2202a-b491-49c5-a3af-d581108d939a</sln:wojIIPId><sln:wojIIPPn>PL.PZGIK.200</sln:wojIIPPn><sln:wojIIPWersja>2017-10-10T00:00:00+02:00</sln:wojIIPWersja><sln:wojIdTeryt>32</sln:wojIdTeryt><sln:wojNazwa>zachodniopomorskie</sln:wojNazwa></sln:miejscowosc><sln:miejscowosc><sln:cyklZyciaDo>2017-03-31T00:00:00+02:00</sln:cyklZyciaDo><sln:cyklZyciaOd>2016-02-05T00:00:00+01:00</sln:cyklZyciaOd><sln:gmIIPId>21bae452-49a1-4104-a18a-9424cea9bca7</sln:gmIIPId><sln:gmIIPPn>PL.PZGIK.200</sln:gmIIPPn><sln:gmIIPWersja>2012-09-26T22:34:35+02:00</sln:gmIIPWersja><sln:gmIdTeryt>3213062</sln:gmIdTeryt><sln:gmNazwa>Sławno</sln:gmNazwa><sln:miejscIIPId>d6c5d5df-2f79-47fb-b84a-552b55468806</sln:miejscIIPId><sln:miejscIIPPn>PL.PZGIK.200</sln:miejscIIPPn><sln:miejscIIPWersja>2016-11-24T12:23:18+02:00</sln:miejscIIPWersja><sln:miejscIdTeryt>0750280</sln:miejscIdTeryt><sln:miejscNazwa>Gwiazdówko</sln:miejscNazwa><sln:miejscRodzaj>Przysiółek</sln:miejscRodzaj><sln:powIIPId>e7df1d0c-30d0-4e31-9ce5-af88ca2302f5</sln:powIIPId><sln:powIIPPn>PL.PZGIK.200</sln:powIIPPn><sln:powIIPWersja>2012-09-27T10:07:22+02:00</sln:powIIPWersja><sln:powIdTeryt>3213</sln:powIdTeryt><sln:powNazwa>sławieński</sln:powNazwa><sln:waznyOd>2011-03-22T00:00:00+01:00</sln:waznyOd><sln:wojIIPId>c3f2202a-b491-49c5-a3af-d581108d939a</sln:wojIIPId><sln:wojIIPPn>PL.PZGIK.200</sln:wojIIPPn><sln:wojIIPWersja>2017-10-10T00:00:00+02:00</sln:wojIIPWersja><sln:wojIdTeryt>32</sln:wojIdTeryt><sln:wojNazwa>zachodniopomorskie</sln:wojNazwa></sln:miejscowosc><sln:miejscowosc><sln:cyklZyciaDo>2017-03-31T00:00:00+02:00</sln:cyklZyciaDo><sln:cyklZyciaOd>2016-02-05T00:00:00+01:00</sln:cyklZyciaOd><sln:gmIIPId>21bae452-49a1-4104-a18a-9424cea9bca7</sln:gmIIPId><sln:gmIIPPn>PL.PZGIK.200</sln:gmIIPPn><sln:gmIIPWersja>2012-09-26T22:34:35+02:00</sln:gmIIPWersja><sln:gmIdTeryt>3213062</sln:gmIdTeryt><sln:gmNazwa>Sławno</sln:gmNazwa><sln:miejscIIPId>31c7e563-3f2a-4c87-bfb6-e0dc6130e2d8</sln:miejscIIPId><sln:miejscIIPPn>PL.PZGIK.200</sln:miejscIIPPn><sln:miejscIIPWersja>2016-11-24T12:23:18+02:00</sln:miejscIIPWersja><sln:miejscIdTeryt>0750296</sln:miejscIdTeryt><sln:miejscNazwa>Janiewice</sln:miejscNazwa><sln:miejscRodzaj>Wieś</sln:miejscRodzaj><sln:powIIPId>e7df1d0c-30d0-4e31-9ce5-af88ca2302f5</sln:powIIPId><sln:powIIPPn>PL.PZGIK.200</sln:powIIPPn><sln:powIIPWersja>2012-09-27T10:07:22+02:00</sln:powIIPWersja><sln:powIdTeryt>3213</sln:powIdTeryt><sln:powNazwa>sławieński</sln:powNazwa><sln:waznyOd>2011-03-22T00:00:00+01:00</sln:waznyOd><sln:wojIIPId>c3f2202a-b491-49c5-a3af-d581108d939a</sln:wojIIPId><sln:wojIIPPn>PL.PZGIK.200</sln:wojIIPPn><sln:wojIIPWersja>2017-10-10T00:00:00+02:00</sln:wojIIPWersja><sln:wojIdTeryt>32</sln:wojIdTeryt><sln:wojNazwa>zachodniopomorskie</sln:wojNazwa></sln:miejscowosc><sln:miejscowosc><sln:cyklZyciaDo>2017-03-31T00:00:00+02:00</sln:cyklZyciaDo><sln:cyklZyciaOd>2016-02-05T00:00:00+01:00</sln:cyklZyciaOd><sln:gmIIPId>21bae452-49a1-4104-a18a-9424cea9bca7</sln:gmIIPId><sln:gmIIPPn>PL.PZGIK.200</sln:gmIIPPn><sln:gmIIPWersja>2012-09-26T22:34:35+02:00</sln:gmIIPWersja><sln:gmIdTeryt>3213062</sln:gmIdTeryt><sln:gmNazwa>Sławno</sln:gmNazwa><sln:miejscIIPId>43975b87-df23-4678-b2ab-e39a451e38a0</sln:miejscIIPId><sln:miejscIIPPn>PL.PZGIK.200</sln:miejscIIPPn><sln:miejscIIPWersja>2016-11-24T12:23:18+02:00</sln:miejscIIPWersja><sln:miejscIdTeryt>0750511</sln:miejscIdTeryt><sln:miejscNazwa>Kłodno</sln:miejscNazwa><sln:miejscRodzaj>Inny obiekt</sln:miejscRodzaj><sln:powIIPId>e7df1d0c-30d0-4e31-9ce5-af88ca2302f5</sln:powIIPId><sln:powIIPPn>PL.PZGIK.200</sln:powIIPPn><sln:powIIPWersja>2012-09-27T10:07:22+02:00</sln:powIIPWersja><sln:powIdTeryt>3213</sln:powIdTeryt><sln:powNazwa>sławieński</sln:powNazwa><sln:waznyOd>2011-03-22T00:00:00+01:00</sln:waznyOd><sln:wojIIPId>c3f2202a-b491-49c5-a3af-d581108d939a</sln:wojIIPId><sln:wojIIPPn>PL.PZGIK.200</sln:wojIIPPn><sln:wojIIPWersja>2017-10-10T00:00:00+02:00</sln:wojIIPWersja><sln:wojIdTeryt>32</sln:wojIdTeryt><sln:wojNazwa>zachodniopomorskie</sln:wojNazwa></sln:miejscowosc><sln:miejscowosc><sln:cyklZyciaDo>2017-03-31T00:00:00+02:00</sln:cyklZyciaDo><sln:cyklZyciaOd>2016-02-05T00:00:00+01:00</sln:cyklZyciaOd><sln:gmIIPId>21bae452-49a1-4104-a18a-9424cea9bca7</sln:gmIIPId><sln:gmIIPPn>PL.PZGIK.200</sln:gmIIPPn><sln:gmIIPWersja>2012-09-26T22:34:35+02:00</sln:gmIIPWersja><sln:gmIdTeryt>3213062</sln:gmIdTeryt><sln:gmNazwa>Sławno</sln:gmNazwa><sln:miejscIIPId>6f89345e-8818-4a2c-a419-5d163581e12a</sln:miejscIIPId><sln:miejscIIPPn>PL.PZGIK.200</sln:miejscIIPPn><sln:miejscIIPWersja>2016-11-24T12:23:18+02:00</sln:miejscIIPWersja><sln:miejscIdTeryt>0750310</sln:miejscIdTeryt><sln:miejscNazwa>Kwasowo</sln:miejscNazwa><sln:miejscRodzaj>Wieś</sln:miejscRodzaj><sln:powIIPId>e7df1d0c-30d0-4e31-9ce5-af88ca2302f5</sln:powIIPId><sln:powIIPPn>PL.PZGIK.200</sln:powIIPPn><sln:powIIPWersja>2012-09-27T10:07:22+02:00</sln:powIIPWersja><sln:powIdTeryt>3213</sln:powIdTeryt><sln:powNazwa>sławieński</sln:powNazwa><sln:waznyOd>2011-03-22T00:00:00+01:00</sln:waznyOd><sln:wojIIPId>c3f2202a-b491-49c5-a3af-d581108d939a</sln:wojIIPId><sln:wojIIPPn>PL.PZGIK.200</sln:wojIIPPn><sln:wojIIPWersja>2017-10-10T00:00:00+02:00</sln:wojIIPWersja><sln:wojIdTeryt>32</sln:wojIdTeryt><sln:wojNazwa>zachodniopomorskie</sln:wojNazwa></sln:miejscowosc><sln:miejscowosc><sln:cyklZyciaDo>2017-03-31T00:00:00+02:00</sln:cyklZyciaDo><sln:cyklZyciaOd>2016-02-05T00:00:00+01:00</sln:cyklZyciaOd><sln:gmIIPId>21bae452-49a1-4104-a18a-9424cea9bca7</sln:gmIIPId><sln:gmIIPPn>PL.PZGIK.200</sln:gmIIPPn><sln:gmIIPWersja>2012-09-26T22:34:35+02:00</sln:gmIIPWersja><sln:gmIdTeryt>3213062</sln:gmIdTeryt><sln:gmNazwa>Sławno</sln:gmNazwa><sln:miejscIIPId>fc56df1c-3216-4b3e-9012-3180908154cb</sln:miejscIIPId><sln:miejscIIPPn>PL.PZGIK.200</sln:miejscIIPPn><sln:miejscIIPWersja>2016-11-24T12:23:18+02:00</sln:miejscIIPWersja><sln:miejscIdTeryt>0750340</sln:miejscIdTeryt><sln:miejscNazwa>Łętowo</sln:miejscNazwa><sln:miejscRodzaj>Wieś</sln:miejscRodzaj><sln:powIIPId>e7df1d0c-30d0-4e31-9ce5-af88ca2302f5</sln:powIIPId><sln:powIIPPn>PL.PZGIK.200</sln:powIIPPn><sln:powIIPWersja>2012-09-27T10:07:22+02:00</sln:powIIPWersja><sln:powIdTeryt>3213</sln:powIdTeryt><sln:powNazwa>sławieński</sln:powNazwa><sln:waznyOd>2011-03-22T00:00:00+01:00</sln:waznyOd><sln:wojIIPId>c3f2202a-b491-49c5-a3af-d581108d939a</sln:wojIIPId><sln:wojIIPPn>PL.PZGIK.200</sln:wojIIPPn><sln:wojIIPWersja>2017-10-10T00:00:00+02:00</sln:wojIIPWersja><sln:wojIdTeryt>32</sln:wojIdTeryt><sln:wojNazwa>zachodniopomorskie</sln:wojNazwa></sln:miejscowosc><sln:miejscowosc><sln:cyklZyciaDo>2017-03-31T00:00:00+02:00</sln:cyklZyciaDo><sln:cyklZyciaOd>2016-02-05T00:00:00+01:00</sln:cyklZyciaOd><sln:gmIIPId>21bae452-49a1-4104-a18a-9424cea9bca7</sln:gmIIPId><sln:gmIIPPn>PL.PZGIK.200</sln:gmIIPPn><sln:gmIIPWersja>2012-09-26T22:34:35+02:00</sln:gmIIPWersja><sln:gmIdTeryt>3213062</sln:gmIdTeryt><sln:gmNazwa>Sławno</sln:gmNazwa><sln:miejscIIPId>4cf225e8-76d2-4abf-9af6-1dedadce3dab</sln:miejscIIPId><sln:miejscIIPPn>PL.PZGIK.200</sln:miejscIIPPn><sln:miejscIIPWersja>2016-11-24T12:23:18+02:00</sln:miejscIIPWersja><sln:miejscIdTeryt>0750356</sln:miejscIdTeryt><sln:miejscNazwa>Noskowo</sln:miejscNazwa><sln:miejscRodzaj>Wieś</sln:miejscRodzaj><sln:powIIPId>e7df1d0c-30d0-4e31-9ce5-af88ca2302f5</sln:powIIPId><sln:powIIPPn>PL.PZGIK.200</sln:powIIPPn><sln:powIIPWersja>2012-09-27T10:07:22+02:00</sln:powIIPWersja><sln:powIdTeryt>3213</sln:powIdTeryt><sln:powNazwa>sławieński</sln:powNazwa><sln:waznyOd>2011-03-22T00:00:00+01:00</sln:waznyOd><sln:wojIIPId>c3f2202a-b491-49c5-a3af-d581108d939a</sln:wojIIPId><sln:wojIIPPn>PL.PZGIK.200</sln:wojIIPPn><sln:wojIIPWersja>2017-10-10T00:00:00+02:00</sln:wojIIPWersja><sln:wojIdTeryt>32</sln:wojIdTeryt><sln:wojNazwa>zachodniopomorskie</sln:wojNazwa></sln:miejscowosc><sln:miejscowosc><sln:cyklZyciaDo>2017-03-31T00:00:00+02:00</sln:cyklZyciaDo><sln:cyklZyciaOd>2016-02-05T00:00:00+01:00</sln:cyklZyciaOd><sln:gmIIPId>21bae452-49a1-4104-a18a-9424cea9bca7</sln:gmIIPId><sln:gmIIPPn>PL.PZGIK.200</sln:gmIIPPn><sln:gmIIPWersja>2012-09-26T22:34:35+02:00</sln:gmIIPWersja><sln:gmIdTeryt>3213062</sln:gmIdTeryt><sln:gmNazwa>Sławno</sln:gmNazwa><sln:miejscIIPId>8af77c5f-14f8-49e2-a20a-1249bbd58449</sln:miejscIIPId><sln:miejscIIPPn>PL.PZGIK.200</sln:miejscIIPPn><sln:miejscIIPWersja>2016-11-24T12:23:18+02:00</sln:miejscIIPWersja><sln:miejscIdTeryt>0750468</sln:miejscIdTeryt><sln:miejscNazwa>Pątnowo</sln:miejscNazwa><sln:miejscRodzaj>Osada leśna</sln:miejscRodzaj><sln:powIIPId>e7df1d0c-30d0-4e31-9ce5-af88ca2302f5</sln:powIIPId><sln:powIIPPn>PL.PZGIK.200</sln:powIIPPn><sln:powIIPWersja>2012-09-27T10:07:22+02:00</sln:powIIPWersja><sln:powIdTeryt>3213</sln:powIdTeryt><sln:powNazwa>sławieński</sln:powNazwa><sln:waznyOd>2011-03-22T00:00:00+01:00</sln:waznyOd><sln:wojIIPId>c3f2202a-b491-49c5-a3af-d581108d939a</sln:wojIIPId><sln:wojIIPPn>PL.PZGIK.200</sln:wojIIPPn><sln:wojIIPWersja>2017-10-10T00:00:00+02:00</sln:wojIIPWersja><sln:wojIdTeryt>32</sln:wojIdTeryt><sln:wojNazwa>zachodniopomorskie</sln:wojNazwa></sln:miejscowosc><sln:miejscowosc><sln:cyklZyciaDo>2017-03-31T00:00:00+02:00</sln:cyklZyciaDo><sln:cyklZyciaOd>2016-02-05T00:00:00+01:00</sln:cyklZyciaOd><sln:gmIIPId>21bae452-49a1-4104-a18a-9424cea9bca7</sln:gmIIPId><sln:gmIIPPn>PL.PZGIK.200</sln:gmIIPPn><sln:gmIIPWersja>2012-09-26T22:34:35+02:00</sln:gmIIPWersja><sln:gmIdTeryt>3213062</sln:gmIdTeryt><sln:gmNazwa>Sławno</sln:gmNazwa><sln:miejscIIPId>580468d2-4d77-457e-88ae-314ccaa03f46</sln:miejscIIPId><sln:miejscIIPPn>PL.PZGIK.200</sln:miejscIIPPn><sln:miejscIIPWersja>2016-11-24T12:23:18+02:00</sln:miejscIIPWersja><sln:miejscIdTeryt>0750362</sln:miejscIdTeryt><sln:miejscNazwa>Pomiłowo</sln:miejscNazwa><sln:miejscRodzaj>Wieś</sln:miejscRodzaj><sln:powIIPId>e7df1d0c-30d0-4e31-9ce5-af88ca2302f5</sln:powIIPId><sln:powIIPPn>PL.PZGIK.200</sln:powIIPPn><sln:powIIPWersja>2012-09-27T10:07:22+02:00</sln:powIIPWersja><sln:powIdTeryt>3213</sln:powIdTeryt><sln:powNazwa>sławieński</sln:powNazwa><sln:waznyOd>2011-03-22T00:00:00+01:00</sln:waznyOd><sln:wojIIPId>c3f2202a-b491-49c5-a3af-d581108d939a</sln:wojIIPId><sln:wojIIPPn>PL.PZGIK.200</sln:wojIIPPn><sln:wojIIPWersja>2017-10-10T00:00:00+02:00</sln:wojIIPWersja><sln:wojIdTeryt>32</sln:wojIdTeryt><sln:wojNazwa>zachodniopomorskie</sln:wojNazwa></sln:miejscowosc><sln:miejscowosc><sln:cyklZyciaDo>2017-03-31T00:00:00+02:00</sln:cyklZyciaDo><sln:cyklZyciaOd>2016-02-05T00:00:00+01:00</sln:cyklZyciaOd><sln:gmIIPId>21bae452-49a1-4104-a18a-9424cea9bca7</sln:gmIIPId><sln:gmIIPPn>PL.PZGIK.200</sln:gmIIPPn><sln:gmIIPWersja>2012-09-26T22:34:35+02:00</sln:gmIIPWersja><sln:gmIdTeryt>3213062</sln:gmIdTeryt><sln:gmNazwa>Sławno</sln:gmNazwa><sln:miejscIIPId>0fca88d4-68a7-4e3f-94fa-6c2a1870ed30</sln:miejscIIPId><sln:miejscIIPPn>PL.PZGIK.200</sln:miejscIIPPn><sln:miejscIIPWersja>2016-11-24T12:23:18+02:00</sln:miejscIIPWersja><sln:miejscIdTeryt>0750474</sln:miejscIdTeryt><sln:miejscNazwa>Przemysławiec</sln:miejscNazwa><sln:miejscRodzaj>Osada leśna</sln:miejscRodzaj><sln:powIIPId>e7df1d0c-30d0-4e31-9ce5-af88ca2302f5</sln:powIIPId><sln:powIIPPn>PL.PZGIK.200</sln:powIIPPn><sln:powIIPWersja>2012-09-27T10:07:22+02:00</sln:powIIPWersja><sln:powIdTeryt>3213</sln:powIdTeryt><sln:powNazwa>sławieński</sln:powNazwa><sln:waznyOd>2013-07-18T00:00:00+02:00</sln:waznyOd><sln:wojIIPId>c3f2202a-b491-49c5-a3af-d581108d939a</sln:wojIIPId><sln:wojIIPPn>PL.PZGIK.200</sln:wojIIPPn><sln:wojIIPWersja>2017-10-10T00:00:00+02:00</sln:wojIIPWersja><sln:wojIdTeryt>32</sln:wojIdTeryt><sln:wojNazwa>zachodniopomorskie</sln:wojNazwa></sln:miejscowosc><sln:miejscowosc><sln:cyklZyciaDo>2017-03-31T00:00:00+02:00</sln:cyklZyciaDo><sln:cyklZyciaOd>2016-02-05T00:00:00+01:00</sln:cyklZyciaOd><sln:gmIIPId>21bae452-49a1-4104-a18a-9424cea9bca7</sln:gmIIPId><sln:gmIIPPn>PL.PZGIK.200</sln:gmIIPPn><sln:gmIIPWersja>2012-09-26T22:34:35+02:00</sln:gmIIPWersja><sln:gmIdTeryt>3213062</sln:gmIdTeryt><sln:gmNazwa>Sławno</sln:gmNazwa><sln:miejscIIPId>e7028eee-6a05-4b98-85d4-d85aa6af5206</sln:miejscIIPId><sln:miejscIIPPn>PL.PZGIK.200</sln:miejscIIPPn><sln:miejscIIPWersja>2016-11-24T12:23:18+02:00</sln:miejscIIPWersja><sln:miejscIdTeryt>0750379</sln:miejscIdTeryt><sln:miejscNazwa>Radosław</sln:miejscNazwa><sln:miejscRodzaj>Wieś</sln:miejscRodzaj><sln:powIIPId>e7df1d0c-30d0-4e31-9ce5-af88ca2302f5</sln:powIIPId><sln:powIIPPn>PL.PZGIK.200</sln:powIIPPn><sln:powIIPWersja>2012-09-27T10:07:22+02:00</sln:powIIPWersja><sln:powIdTeryt>3213</sln:powIdTeryt><sln:powNazwa>sławieński</sln:powNazwa><sln:waznyOd>2011-03-22T00:00:00+01:00</sln:waznyOd><sln:wojIIPId>c3f2202a-b491-49c5-a3af-d581108d939a</sln:wojIIPId><sln:wojIIPPn>PL.PZGIK.200</sln:wojIIPPn><sln:wojIIPWersja>2017-10-10T00:00:00+02:00</sln:wojIIPWersja><sln:wojIdTeryt>32</sln:wojIdTeryt><sln:wojNazwa>zachodniopomorskie</sln:wojNazwa></sln:miejscowosc><sln:miejscowosc><sln:cyklZyciaDo>2017-03-31T00:00:00+02:00</sln:cyklZyciaDo><sln:cyklZyciaOd>2016-02-05T00:00:00+01:00</sln:cyklZyciaOd><sln:gmIIPId>21bae452-49a1-4104-a18a-9424cea9bca7</sln:gmIIPId><sln:gmIIPPn>PL.PZGIK.200</sln:gmIIPPn><sln:gmIIPWersja>2012-09-26T22:34:35+02:00</sln:gmIIPWersja><sln:gmIdTeryt>3213062</sln:gmIdTeryt><sln:gmNazwa>Sławno</sln:gmNazwa><sln:miejscIIPId>32a641dd-05dc-4c64-806e-0763019c4c0e</sln:miejscIIPId><sln:miejscIIPPn>PL.PZGIK.200</sln:miejscIIPPn><sln:miejscIIPWersja>2016-11-24T12:23:18+02:00</sln:miejscIIPWersja><sln:miejscIdTeryt>0750400</sln:miejscIdTeryt><sln:miejscNazwa>Rzyszczewko</sln:miejscNazwa><sln:miejscRodzaj>Przysiółek</sln:miejscRodzaj><sln:powIIPId>e7df1d0c-30d0-4e31-9ce5-af88ca2302f5</sln:powIIPId><sln:powIIPPn>PL.PZGIK.200</sln:powIIPPn><sln:powIIPWersja>2012-09-27T10:07:22+02:00</sln:powIIPWersja><sln:powIdTeryt>3213</sln:powIdTeryt><sln:powNazwa>sławieński</sln:powNazwa><sln:waznyOd>2011-03-22T00:00:00+01:00</sln:waznyOd><sln:wojIIPId>c3f2202a-b491-49c5-a3af-d581108d939a</sln:wojIIPId><sln:wojIIPPn>PL.PZGIK.200</sln:wojIIPPn><sln:wojIIPWersja>2017-10-10T00:00:00+02:00</sln:wojIIPWersja><sln:wojIdTeryt>32</sln:wojIdTeryt><sln:wojNazwa>zachodniopomorskie</sln:wojNazwa></sln:miejscowosc><sln:miejscowosc><sln:cyklZyciaDo>2017-03-31T00:00:00+02:00</sln:cyklZyciaDo><sln:cyklZyciaOd>2016-02-05T00:00:00+01:00</sln:cyklZyciaOd><sln:gmIIPId>21bae452-49a1-4104-a18a-9424cea9bca7</sln:gmIIPId><sln:gmIIPPn>PL.PZGIK.200</sln:gmIIPPn><sln:gmIIPWersja>2012-09-26T22:34:35+02:00</sln:gmIIPWersja><sln:gmIdTeryt>3213062</sln:gmIdTeryt><sln:gmNazwa>Sławno</sln:gmNazwa><sln:miejscIIPId>560987d0-51ed-40e9-922a-134125b0049a</sln:miejscIIPId><sln:miejscIIPPn>PL.PZGIK.200</sln:miejscIIPPn><sln:miejscIIPWersja>2016-11-24T12:23:18+02:00</sln:miejscIIPWersja><sln:miejscIdTeryt>0750391</sln:miejscIdTeryt><sln:miejscNazwa>Rzyszczewo</sln:miejscNazwa><sln:miejscRodzaj>Wieś</sln:miejscRodzaj><sln:powIIPId>e7df1d0c-30d0-4e31-9ce5-af88ca2302f5</sln:powIIPId><sln:powIIPPn>PL.PZGIK.200</sln:powIIPPn><sln:powIIPWersja>2012-09-27T10:07:22+02:00</sln:powIIPWersja><sln:powIdTeryt>3213</sln:powIdTeryt><sln:powNazwa>sławieński</sln:powNazwa><sln:waznyOd>2011-03-22T00:00:00+01:00</sln:waznyOd><sln:wojIIPId>c3f2202a-b491-49c5-a3af-d581108d939a</sln:wojIIPId><sln:wojIIPPn>PL.PZGIK.200</sln:wojIIPPn><sln:wojIIPWersja>2017-10-10T00:00:00+02:00</sln:wojIIPWersja><sln:wojIdTeryt>32</sln:wojIdTeryt><sln:wojNazwa>zachodniopomorskie</sln:wojNazwa></sln:miejscowosc><sln:miejscowosc><sln:cyklZyciaDo>2017-03-31T00:00:00+02:00</sln:cyklZyciaDo><sln:cyklZyciaOd>2016-02-05T00:00:00+01:00</sln:cyklZyciaOd><sln:gmIIPId>21bae452-49a1-4104-a18a-9424cea9bca7</sln:gmIIPId><sln:gmIIPPn>PL.PZGIK.200</sln:gmIIPPn><sln:gmIIPWersja>2012-09-26T22:34:35+02:00</sln:gmIIPWersja><sln:gmIdTeryt>3213062</sln:gmIdTeryt><sln:gmNazwa>Sławno</sln:gmNazwa><sln:miejscIIPId>81d1a017-9101-477d-90fb-b105b54f2bb3</sln:miejscIIPId><sln:miejscIIPPn>PL.PZGIK.200</sln:miejscIIPPn><sln:miejscIIPWersja>2016-11-24T12:23:18+02:00</sln:miejscIIPWersja><sln:miejscIdTeryt>0750416</sln:miejscIdTeryt><sln:miejscNazwa>Sławsko</sln:miejscNazwa><sln:miejscRodzaj>Wieś</sln:miejscRodzaj><sln:powIIPId>e7df1d0c-30d0-4e31-9ce5-af88ca2302f5</sln:powIIPId><sln:powIIPPn>PL.PZGIK.200</sln:powIIPPn><sln:powIIPWersja>2012-09-27T10:07:22+02:00</sln:powIIPWersja><sln:powIdTeryt>3213</sln:powIdTeryt><sln:powNazwa>sławieński</sln:powNazwa><sln:waznyOd>2011-03-22T00:00:00+01:00</sln:waznyOd><sln:wojIIPId>c3f2202a-b491-49c5-a3af-d581108d939a</sln:wojIIPId><sln:wojIIPPn>PL.PZGIK.200</sln:wojIIPPn><sln:wojIIPWersja>2017-10-10T00:00:00+02:00</sln:wojIIPWersja><sln:wojIdTeryt>32</sln:wojIdTeryt><sln:wojNazwa>zachodniopomorskie</sln:wojNazwa></sln:miejscowosc><sln:miejscowosc><sln:cyklZyciaDo>2017-03-31T00:00:00+02:00</sln:cyklZyciaDo><sln:cyklZyciaOd>2016-02-05T00:00:00+01:00</sln:cyklZyciaOd><sln:gmIIPId>21bae452-49a1-4104-a18a-9424cea9bca7</sln:gmIIPId><sln:gmIIPPn>PL.PZGIK.200</sln:gmIIPPn><sln:gmIIPWersja>2012-09-26T22:34:35+02:00</sln:gmIIPWersja><sln:gmIdTeryt>3213062</sln:gmIdTeryt><sln:gmNazwa>Sławno</sln:gmNazwa><sln:miejscIIPId>b4315b6d-66af-4541-8510-0575ae5eb019</sln:miejscIIPId><sln:miejscIIPPn>PL.PZGIK.200</sln:miejscIIPPn><sln:miejscIIPWersja>2016-11-24T12:23:18+02:00</sln:miejscIIPWersja><sln:miejscIdTeryt>0750422</sln:miejscIdTeryt><sln:miejscNazwa>Smardzewo</sln:miejscNazwa><sln:miejscRodzaj>Wieś</sln:miejscRodzaj><sln:powIIPId>e7df1d0c-30d0-4e31-9ce5-af88ca2302f5</sln:powIIPId><sln:powIIPPn>PL.PZGIK.200</sln:powIIPPn><sln:powIIPWersja>2012-09-27T10:07:22+02:00</sln:powIIPWersja><sln:powIdTeryt>3213</sln:powIdTeryt><sln:powNazwa>sławieński</sln:powNazwa><sln:waznyOd>2011-03-22T00:00:00+01:00</sln:waznyOd><sln:wojIIPId>c3f2202a-b491-49c5-a3af-d581108d939a</sln:wojIIPId><sln:wojIIPPn>PL.PZGIK.200</sln:wojIIPPn><sln:wojIIPWersja>2017-10-10T00:00:00+02:00</sln:wojIIPWersja><sln:wojIdTeryt>32</sln:wojIdTeryt><sln:wojNazwa>zachodniopomorskie</sln:wojNazwa></sln:miejscowosc><sln:miejscowosc><sln:cyklZyciaDo>2017-03-31T00:00:00+02:00</sln:cyklZyciaDo><sln:cyklZyciaOd>2016-02-05T00:00:00+01:00</sln:cyklZyciaOd><sln:gmIIPId>21bae452-49a1-4104-a18a-9424cea9bca7</sln:gmIIPId><sln:gmIIPPn>PL.PZGIK.200</sln:gmIIPPn><sln:gmIIPWersja>2012-09-26T22:34:35+02:00</sln:gmIIPWersja><sln:gmIdTeryt>3213062</sln:gmIdTeryt><sln:gmNazwa>Sławno</sln:gmNazwa><sln:miejscIIPId>a6c55851-5424-40f2-90f4-aabb4c43214e</sln:miejscIIPId><sln:miejscIIPPn>PL.PZGIK.200</sln:miejscIIPPn><sln:miejscIIPWersja>2016-11-24T12:23:18+02:00</sln:miejscIIPWersja><sln:miejscIdTeryt>0750439</sln:miejscIdTeryt><sln:miejscNazwa>Stary Kraków</sln:miejscNazwa><sln:miejscRodzaj>Wieś</sln:miejscRodzaj><sln:powIIPId>e7df1d0c-30d0-4e31-9ce5-af88ca2302f5</sln:powIIPId><sln:powIIPPn>PL.PZGIK.200</sln:powIIPPn><sln:powIIPWersja>2012-09-27T10:07:22+02:00</sln:powIIPWersja><sln:powIdTeryt>3213</sln:powIdTeryt><sln:powNazwa>sławieński</sln:powNazwa><sln:waznyOd>2011-03-22T00:00:00+01:00</sln:waznyOd><sln:wojIIPId>c3f2202a-b491-49c5-a3af-d581108d939a</sln:wojIIPId><sln:wojIIPPn>PL.PZGIK.200</sln:wojIIPPn><sln:wojIIPWersja>2017-10-10T00:00:00+02:00</sln:wojIIPWersja><sln:wojIdTeryt>32</sln:wojIdTeryt><sln:wojNazwa>zachodniopomorskie</sln:wojNazwa></sln:miejscowosc><sln:miejscowosc><sln:cyklZyciaDo>2017-03-31T00:00:00+02:00</sln:cyklZyciaDo><sln:cyklZyciaOd>2016-02-05T00:00:00+01:00</sln:cyklZyciaOd><sln:gmIIPId>21bae452-49a1-4104-a18a-9424cea9bca7</sln:gmIIPId><sln:gmIIPPn>PL.PZGIK.200</sln:gmIIPPn><sln:gmIIPWersja>2012-09-26T22:34:35+02:00</sln:gmIIPWersja><sln:gmIdTeryt>3213062</sln:gmIdTeryt><sln:gmNazwa>Sławno</sln:gmNazwa><sln:miejscIIPId>80974072-3c3b-4322-b3d8-4bd890843d8c</sln:miejscIIPId><sln:miejscIIPPn>PL.PZGIK.200</sln:miejscIIPPn><sln:miejscIIPWersja>2016-11-24T12:23:18+02:00</sln:miejscIIPWersja><sln:miejscIdTeryt>0750480</sln:miejscIdTeryt><sln:miejscNazwa>Tokary</sln:miejscNazwa><sln:miejscRodzaj>Wieś</sln:miejscRodzaj><sln:powIIPId>e7df1d0c-30d0-4e31-9ce5-af88ca2302f5</sln:powIIPId><sln:powIIPPn>PL.PZGIK.200</sln:powIIPPn><sln:powIIPWersja>2012-09-27T10:07:22+02:00</sln:powIIPWersja><sln:powIdTeryt>3213</sln:powIdTeryt><sln:powNazwa>sławieński</sln:powNazwa><sln:waznyOd>2011-03-22T00:00:00+01:00</sln:waznyOd><sln:wojIIPId>c3f2202a-b491-49c5-a3af-d581108d939a</sln:wojIIPId><sln:wojIIPPn>PL.PZGIK.200</sln:wojIIPPn><sln:wojIIPWersja>2017-10-10T00:00:00+02:00</sln:wojIIPWersja><sln:wojIdTeryt>32</sln:wojIdTeryt><sln:wojNazwa>zachodniopomorskie</sln:wojNazwa></sln:miejscowosc><sln:miejscowosc><sln:cyklZyciaDo>2017-03-31T00:00:00+02:00</sln:cyklZyciaDo><sln:cyklZyciaOd>2016-02-05T00:00:00+01:00</sln:cyklZyciaOd><sln:gmIIPId>21bae452-49a1-4104-a18a-9424cea9bca7</sln:gmIIPId><sln:gmIIPPn>PL.PZGIK.200</sln:gmIIPPn><sln:gmIIPWersja>2012-09-26T22:34:35+02:00</sln:gmIIPWersja><sln:gmIdTeryt>3213062</sln:gmIdTeryt><sln:gmNazwa>Sławno</sln:gmNazwa><sln:miejscIIPId>039d0082-df0f-4525-8f55-3cf5fa788f0b</sln:miejscIIPId><sln:miejscIIPPn>PL.PZGIK.200</sln:miejscIIPPn><sln:miejscIIPWersja>2016-11-24T12:23:18+02:00</sln:miejscIIPWersja><sln:miejscIdTeryt>0750497</sln:miejscIdTeryt><sln:miejscNazwa>Tychowo</sln:miejscNazwa><sln:miejscRodzaj>Osada</sln:miejscRodzaj><sln:powIIPId>e7df1d0c-30d0-4e31-9ce5-af88ca2302f5</sln:powIIPId><sln:powIIPPn>PL.PZGIK.200</sln:powIIPPn><sln:powIIPWersja>2012-09-27T10:07:22+02:00</sln:powIIPWersja><sln:powIdTeryt>3213</sln:powIdTeryt><sln:powNazwa>sławieński</sln:powNazwa><sln:waznyOd>2011-03-22T00:00:00+01:00</sln:waznyOd><sln:wojIIPId>c3f2202a-b491-49c5-a3af-d581108d939a</sln:wojIIPId><sln:wojIIPPn>PL.PZGIK.200</sln:wojIIPPn><sln:wojIIPWersja>2017-10-10T00:00:00+02:00</sln:wojIIPWersja><sln:wojIdTeryt>32</sln:wojIdTeryt><sln:wojNazwa>zachodniopomorskie</sln:wojNazwa></sln:miejscowosc><sln:miejscowosc><sln:cyklZyciaDo>2017-03-31T00:00:00+02:00</sln:cyklZyciaDo><sln:cyklZyciaOd>2016-02-05T00:00:00+01:00</sln:cyklZyciaOd><sln:gmIIPId>21bae452-49a1-4104-a18a-9424cea9bca7</sln:gmIIPId><sln:gmIIPPn>PL.PZGIK.200</sln:gmIIPPn><sln:gmIIPWersja>2012-09-26T22:34:35+02:00</sln:gmIIPWersja><sln:gmIdTeryt>3213062</sln:gmIdTeryt><sln:gmNazwa>Sławno</sln:gmNazwa><sln:miejscIIPId>d0b5b15e-11bb-4dcb-99f7-32b53b5a85fa</sln:miejscIIPId><sln:miejscIIPPn>PL.PZGIK.200</sln:miejscIIPPn><sln:miejscIIPWersja>2016-11-24T12:23:18+02:00</sln:miejscIIPWersja><sln:miejscIdTeryt>0750385</sln:miejscIdTeryt><sln:miejscNazwa>Warginie</sln:miejscNazwa><sln:miejscRodzaj>Przysiółek</sln:miejscRodzaj><sln:powIIPId>e7df1d0c-30d0-4e31-9ce5-af88ca2302f5</sln:powIIPId><sln:powIIPPn>PL.PZGIK.200</sln:powIIPPn><sln:powIIPWersja>2012-09-27T10:07:22+02:00</sln:powIIPWersja><sln:powIdTeryt>3213</sln:powIdTeryt><sln:powNazwa>sławieński</sln:powNazwa><sln:waznyOd>2011-03-22T00:00:00+01:00</sln:waznyOd><sln:wojIIPId>c3f2202a-b491-49c5-a3af-d581108d939a</sln:wojIIPId><sln:wojIIPPn>PL.PZGIK.200</sln:wojIIPPn><sln:wojIIPWersja>2017-10-10T00:00:00+02:00</sln:wojIIPWersja><sln:wojIdTeryt>32</sln:wojIdTeryt><sln:wojNazwa>zachodniopomorskie</sln:wojNazwa></sln:miejscowosc><sln:miejscowosc><sln:cyklZyciaDo>2017-03-31T00:00:00+02:00</sln:cyklZyciaDo><sln:cyklZyciaOd>2016-02-05T00:00:00+01:00</sln:cyklZyciaOd><sln:gmIIPId>21bae452-49a1-4104-a18a-9424cea9bca7</sln:gmIIPId><sln:gmIIPPn>PL.PZGIK.200</sln:gmIIPPn><sln:gmIIPWersja>2012-09-26T22:34:35+02:00</sln:gmIIPWersja><sln:gmIdTeryt>3213062</sln:gmIdTeryt><sln:gmNazwa>Sławno</sln:gmNazwa><sln:miejscIIPId>f0b8db42-c868-4323-bd8b-563fba9fabdf</sln:miejscIIPId><sln:miejscIIPPn>PL.PZGIK.200</sln:miejscIIPPn><sln:miejscIIPWersja>2016-11-24T12:23:18+02:00</sln:miejscIIPWersja><sln:miejscIdTeryt>0750505</sln:miejscIdTeryt><sln:miejscNazwa>Warszkowo</sln:miejscNazwa><sln:miejscRodzaj>Wieś</sln:miejscRodzaj><sln:powIIPId>e7df1d0c-30d0-4e31-9ce5-af88ca2302f5</sln:powIIPId><sln:powIIPPn>PL.PZGIK.200</sln:powIIPPn><sln:powIIPWersja>2012-09-27T10:07:22+02:00</sln:powIIPWersja><sln:powIdTeryt>3213</sln:powIdTeryt><sln:powNazwa>sławieński</sln:powNazwa><sln:waznyOd>2011-03-22T00:00:00+01:00</sln:waznyOd><sln:wojIIPId>c3f2202a-b491-49c5-a3af-d581108d939a</sln:wojIIPId><sln:wojIIPPn>PL.PZGIK.200</sln:wojIIPPn><sln:wojIIPWersja>2017-10-10T00:00:00+02:00</sln:wojIIPWersja><sln:wojIdTeryt>32</sln:wojIdTeryt><sln:wojNazwa>zachodniopomorskie</sln:wojNazwa></sln:miejscowosc><sln:miejscowosc><sln:cyklZyciaDo>2017-03-31T00:00:00+02:00</sln:cyklZyciaDo><sln:cyklZyciaOd>2016-02-05T00:00:00+01:00</sln:cyklZyciaOd><sln:gmIIPId>21bae452-49a1-4104-a18a-9424cea9bca7</sln:gmIIPId><sln:gmIIPPn>PL.PZGIK.200</sln:gmIIPPn><sln:gmIIPWersja>2012-09-26T22:34:35+02:00</sln:gmIIPWersja><sln:gmIdTeryt>3213062</sln:gmIdTeryt><sln:gmNazwa>Sławno</sln:gmNazwa><sln:miejscIIPId>98b93c8e-2b02-4541-99e7-5b9704935a0e</sln:miejscIIPId><sln:miejscIIPPn>PL.PZGIK.200</sln:miejscIIPPn><sln:miejscIIPWersja>2016-11-24T12:23:18+02:00</sln:miejscIIPWersja><sln:miejscIdTeryt>0750528</sln:miejscIdTeryt><sln:miejscNazwa>Warszkówko</sln:miejscNazwa><sln:miejscRodzaj>Wieś</sln:miejscRodzaj><sln:powIIPId>e7df1d0c-30d0-4e31-9ce5-af88ca2302f5</sln:powIIPId><sln:powIIPPn>PL.PZGIK.200</sln:powIIPPn><sln:powIIPWersja>2012-09-27T10:07:22+02:00</sln:powIIPWersja><sln:powIdTeryt>3213</sln:powIdTeryt><sln:powNazwa>sławieński</sln:powNazwa><sln:waznyOd>2011-03-22T00:00:00+01:00</sln:waznyOd><sln:wojIIPId>c3f2202a-b491-49c5-a3af-d581108d939a</sln:wojIIPId><sln:wojIIPPn>PL.PZGIK.200</sln:wojIIPPn><sln:wojIIPWersja>2017-10-10T00:00:00+02:00</sln:wojIIPWersja><sln:wojIdTeryt>32</sln:wojIdTeryt><sln:wojNazwa>zachodniopomorskie</sln:wojNazwa></sln:miejscowosc><sln:miejscowosc><sln:cyklZyciaDo>2017-03-31T00:00:00+02:00</sln:cyklZyciaDo><sln:cyklZyciaOd>2016-02-05T00:00:00+01:00</sln:cyklZyciaOd><sln:gmIIPId>21bae452-49a1-4104-a18a-9424cea9bca7</sln:gmIIPId><sln:gmIIPPn>PL.PZGIK.200</sln:gmIIPPn><sln:gmIIPWersja>2012-09-26T22:34:35+02:00</sln:gmIIPWersja><sln:gmIdTeryt>3213062</sln:gmIdTeryt><sln:gmNazwa>Sławno</sln:gmNazwa><sln:miejscIIPId>fd70f568-2886-4cd4-a902-30c20cceb64c</sln:miejscIIPId><sln:miejscIIPPn>PL.PZGIK.200</sln:miejscIIPPn><sln:miejscIIPWersja>2016-11-24T12:23:18+02:00</sln:miejscIIPWersja><sln:miejscIdTeryt>0750534</sln:miejscIdTeryt><sln:miejscNazwa>Wrześnica</sln:miejscNazwa><sln:miejscRodzaj>Wieś</sln:miejscRodzaj><sln:powIIPId>e7df1d0c-30d0-4e31-9ce5-af88ca2302f5</sln:powIIPId><sln:powIIPPn>PL.PZGIK.200</sln:powIIPPn><sln:powIIPWersja>2012-09-27T10:07:22+02:00</sln:powIIPWersja><sln:powIdTeryt>3213</sln:powIdTeryt><sln:powNazwa>sławieński</sln:powNazwa><sln:waznyOd>2011-03-22T00:00:00+01:00</sln:waznyOd><sln:wojIIPId>c3f2202a-b491-49c5-a3af-d581108d939a</sln:wojIIPId><sln:wojIIPPn>PL.PZGIK.200</sln:wojIIPPn><sln:wojIIPWersja>2017-10-10T00:00:00+02:00</sln:wojIIPWersja><sln:wojIdTeryt>32</sln:wojIdTeryt><sln:wojNazwa>zachodniopomorskie</sln:wojNazwa></sln:miejscowosc><sln:miejscowosc><sln:cyklZyciaDo>2017-03-31T00:00:00+02:00</sln:cyklZyciaDo><sln:cyklZyciaOd>2016-02-05T00:00:00+01:00</sln:cyklZyciaOd><sln:gmIIPId>21bae452-49a1-4104-a18a-9424cea9bca7</sln:gmIIPId><sln:gmIIPPn>PL.PZGIK.200</sln:gmIIPPn><sln:gmIIPWersja>2012-09-26T22:34:35+02:00</sln:gmIIPWersja><sln:gmIdTeryt>3213062</sln:gmIdTeryt><sln:gmNazwa>Sławno</sln:gmNazwa><sln:miejscIIPId>c69f0e70-47af-4366-b276-59b3f78fe3c0</sln:miejscIIPId><sln:miejscIIPPn>PL.PZGIK.200</sln:miejscIIPPn><sln:miejscIIPWersja>2016-11-24T12:23:18+02:00</sln:miejscIIPWersja><sln:miejscIdTeryt>0750540</sln:miejscIdTeryt><sln:miejscNazwa>Żabno</sln:miejscNazwa><sln:miejscRodzaj>Wieś</sln:miejscRodzaj><sln:powIIPId>e7df1d0c-30d0-4e31-9ce5-af88ca2302f5</sln:powIIPId><sln:powIIPPn>PL.PZGIK.200</sln:powIIPPn><sln:powIIPWersja>2012-09-27T10:07:22+02:00</sln:powIIPWersja><sln:powIdTeryt>3213</sln:powIdTeryt><sln:powNazwa>sławieński</sln:powNazwa><sln:waznyOd>2011-03-22T00:00:00+01:00</sln:waznyOd><sln:wojIIPId>c3f2202a-b491-49c5-a3af-d581108d939a</sln:wojIIPId><sln:wojIIPPn>PL.PZGIK.200</sln:wojIIPPn><sln:wojIIPWersja>2017-10-10T00:00:00+02:00</sln:wojIIPWersja><sln:wojIdTeryt>32</sln:wojIdTeryt><sln:wojNazwa>zachodniopomorskie</sln:wojNazwa></sln:miejscowosc><sln:miejscowosc><sln:cyklZyciaDo>2017-03-31T00:00:00+02:00</sln:cyklZyciaDo><sln:cyklZyciaOd>2016-02-05T00:00:00+01:00</sln:cyklZyciaOd><sln:gmIIPId>21bae452-49a1-4104-a18a-9424cea9bca7</sln:gmIIPId><sln:gmIIPPn>PL.PZGIK.200</sln:gmIIPPn><sln:gmIIPWersja>2012-09-26T22:34:35+02:00</sln:gmIIPWersja><sln:gmIdTeryt>3213062</sln:gmIdTeryt><sln:gmNazwa>Sławno</sln:gmNazwa><sln:miejscIIPId>14a5c74a-37c4-44ff-b9b5-fa08fa8a5a91</sln:miejscIIPId><sln:miejscIIPPn>PL.PZGIK.200</sln:miejscIIPPn><sln:miejscIIPWersja>2016-11-24T12:23:18+02:00</sln:miejscIIPWersja><sln:miejscIdTeryt>0750557</sln:miejscIdTeryt><sln:miejscNazwa>Żukowo</sln:miejscNazwa><sln:miejscRodzaj>Wieś</sln:miejscRodzaj><sln:powIIPId>e7df1d0c-30d0-4e31-9ce5-af88ca2302f5</sln:powIIPId><sln:powIIPPn>PL.PZGIK.200</sln:powIIPPn><sln:powIIPWersja>2012-09-27T10:07:22+02:00</sln:powIIPWersja><sln:powIdTeryt>3213</sln:powIdTeryt><sln:powNazwa>sławieński</sln:powNazwa><sln:waznyOd>2011-03-22T00:00:00+01:00</sln:waznyOd><sln:wojIIPId>c3f2202a-b491-49c5-a3af-d581108d939a</sln:wojIIPId><sln:wojIIPPn>PL.PZGIK.200</sln:wojIIPPn><sln:wojIIPWersja>2017-10-10T00:00:00+02:00</sln:wojIIPWersja><sln:wojIdTeryt>32</sln:wojIdTeryt><sln:wojNazwa>zachodniopomorskie</sln:wojNazwa></sln:miejscowosc><sln:miejscowosc><sln:cyklZyciaOd>2017-03-31T00:00:00+02:00</sln:cyklZyciaOd><sln:gmIIPId>21bae452-49a1-4104-a18a-9424cea9bca7</sln:gmIIPId><sln:gmIIPPn>PL.PZGIK.200</sln:gmIIPPn><sln:gmIIPWersja>2012-09-26T22:34:35+02:00</sln:gmIIPWersja><sln:gmIdTeryt>3213062</sln:gmIdTeryt><sln:gmNazwa>Sławno</sln:gmNazwa><sln:miejscIIPId>b0841a25-53ae-4674-afe3-396dd9c0d35a</sln:miejscIIPId><sln:miejscIIPPn>PL.PZGIK.200</sln:miejscIIPPn><sln:miejscIIPWersja>2017-03-31T14:25:13+02:00</sln:miejscIIPWersja><sln:miejscIdTeryt>0750238</sln:miejscIdTeryt><sln:miejscNazwa>Bobrowice</sln:miejscNazwa><sln:miejscRodzaj>Wieś</sln:miejscRodzaj><sln:powIIPId>e7df1d0c-30d0-4e31-9ce5-af88ca2302f5</sln:powIIPId><sln:powIIPPn>PL.PZGIK.200</sln:powIIPPn><sln:powIIPWersja>2012-09-27T10:07:22+02:00</sln:powIIPWersja><sln:powIdTeryt>3213</sln:powIdTeryt><sln:powNazwa>sławieński</sln:powNazwa><sln:waznyOd>2011-03-22T00:00:00+01:00</sln:waznyOd><sln:wojIIPId>c3f2202a-b491-49c5-a3af-d581108d939a</sln:wojIIPId><sln:wojIIPPn>PL.PZGIK.200</sln:wojIIPPn><sln:wojIIPWersja>2017-10-10T00:00:00+02:00</sln:wojIIPWersja><sln:wojIdTeryt>32</sln:wojIdTeryt><sln:wojNazwa>zachodniopomorskie</sln:wojNazwa></sln:miejscowosc><sln:miejscowosc><sln:cyklZyciaOd>2017-03-31T00:00:00+02:00</sln:cyklZyciaOd><sln:gmIIPId>21bae452-49a1-4104-a18a-9424cea9bca7</sln:gmIIPId><sln:gmIIPPn>PL.PZGIK.200</sln:gmIIPPn><sln:gmIIPWersja>2012-09-26T22:34:35+02:00</sln:gmIIPWersja><sln:gmIdTeryt>3213062</sln:gmIdTeryt><sln:gmNazwa>Sławno</sln:gmNazwa><sln:miejscIIPId>2f8bdbf3-e78c-45fc-b437-4a68e4c0fc56</sln:miejscIIPId><sln:miejscIIPPn>PL.PZGIK.200</sln:miejscIIPPn><sln:miejscIIPWersja>2017-03-31T14:25:20+02:00</sln:miejscIIPWersja><sln:miejscIdTeryt>0750244</sln:miejscIdTeryt><sln:miejscNazwa>Bobrowiczki</sln:miejscNazwa><sln:miejscRodzaj>Wieś</sln:miejscRodzaj><sln:powIIPId>e7df1d0c-30d0-4e31-9ce5-af88ca2302f5</sln:powIIPId><sln:powIIPPn>PL.PZGIK.200</sln:powIIPPn><sln:powIIPWersja>2012-09-27T10:07:22+02:00</sln:powIIPWersja><sln:powIdTeryt>3213</sln:powIdTeryt><sln:powNazwa>sławieński</sln:powNazwa><sln:waznyOd>2011-03-22T00:00:00+01:00</sln:waznyOd><sln:wojIIPId>c3f2202a-b491-49c5-a3af-d581108d939a</sln:wojIIPId><sln:wojIIPPn>PL.PZGIK.200</sln:wojIIPPn><sln:wojIIPWersja>2017-10-10T00:00:00+02:00</sln:wojIIPWersja><sln:wojIdTeryt>32</sln:wojIdTeryt><sln:wojNazwa>zachodniopomorskie</sln:wojNazwa></sln:miejscowosc><sln:miejscowosc><sln:cyklZyciaOd>2017-03-31T00:00:00+02:00</sln:cyklZyciaOd><sln:gmIIPId>21bae452-49a1-4104-a18a-9424cea9bca7</sln:gmIIPId><sln:gmIIPPn>PL.PZGIK.200</sln:gmIIPPn><sln:gmIIPWersja>2012-09-26T22:34:35+02:00</sln:gmIIPWersja><sln:gmIdTeryt>3213062</sln:gmIdTeryt><sln:gmNazwa>Sławno</sln:gmNazwa><sln:miejscIIPId>fddc491f-1d53-48ce-9049-8ecf101b0eb8</sln:miejscIIPId><sln:miejscIIPPn>PL.PZGIK.200</sln:miejscIIPPn><sln:miejscIIPWersja>2017-03-31T14:25:20+02:00</sln:miejscIIPWersja><sln:miejscIdTeryt>0750250</sln:miejscIdTeryt><sln:miejscNazwa>Boleszewo</sln:miejscNazwa><sln:miejscRodzaj>Wieś</sln:miejscRodzaj><sln:powIIPId>e7df1d0c-30d0-4e31-9ce5-af88ca2302f5</sln:powIIPId><sln:powIIPPn>PL.PZGIK.200</sln:powIIPPn><sln:powIIPWersja>2012-09-27T10:07:22+02:00</sln:powIIPWersja><sln:powIdTeryt>3213</sln:powIdTeryt><sln:powNazwa>sławieński</sln:powNazwa><sln:waznyOd>2011-03-22T00:00:00+01:00</sln:waznyOd><sln:wojIIPId>c3f2202a-b491-49c5-a3af-d581108d939a</sln:wojIIPId><sln:wojIIPPn>PL.PZGIK.200</sln:wojIIPPn><sln:wojIIPWersja>2017-10-10T00:00:00+02:00</sln:wojIIPWersja><sln:wojIdTeryt>32</sln:wojIdTeryt><sln:wojNazwa>zachodniopomorskie</sln:wojNazwa></sln:miejscowosc><sln:miejscowosc><sln:cyklZyciaOd>2017-03-31T00:00:00+02:00</sln:cyklZyciaOd><sln:gmIIPId>21bae452-49a1-4104-a18a-9424cea9bca7</sln:gmIIPId><sln:gmIIPPn>PL.PZGIK.200</sln:gmIIPPn><sln:gmIIPWersja>2012-09-26T22:34:35+02:00</sln:gmIIPWersja><sln:gmIdTeryt>3213062</sln:gmIdTeryt><sln:gmNazwa>Sławno</sln:gmNazwa><sln:miejscIIPId>a0647f7c-0050-4eae-a4ab-d926e8063d8b</sln:miejscIIPId><sln:miejscIIPPn>PL.PZGIK.200</sln:miejscIIPPn><sln:miejscIIPWersja>2017-03-31T14:25:20+02:00</sln:miejscIIPWersja><sln:miejscIdTeryt>0750267</sln:miejscIdTeryt><sln:miejscNazwa>Brzeście</sln:miejscNazwa><sln:miejscRodzaj>Wieś</sln:miejscRodzaj><sln:powIIPId>e7df1d0c-30d0-4e31-9ce5-af88ca2302f5</sln:powIIPId><sln:powIIPPn>PL.PZGIK.200</sln:powIIPPn><sln:powIIPWersja>2012-09-27T10:07:22+02:00</sln:powIIPWersja><sln:powIdTeryt>3213</sln:powIdTeryt><sln:powNazwa>sławieński</sln:powNazwa><sln:waznyOd>2011-03-22T00:00:00+01:00</sln:waznyOd><sln:wojIIPId>c3f2202a-b491-49c5-a3af-d581108d939a</sln:wojIIPId><sln:wojIIPPn>PL.PZGIK.200</sln:wojIIPPn><sln:wojIIPWersja>2017-10-10T00:00:00+02:00</sln:wojIIPWersja><sln:wojIdTeryt>32</sln:wojIdTeryt><sln:wojNazwa>zachodniopomorskie</sln:wojNazwa></sln:miejscowosc><sln:miejscowosc><sln:cyklZyciaOd>2017-03-31T00:00:00+02:00</sln:cyklZyciaOd><sln:gmIIPId>21bae452-49a1-4104-a18a-9424cea9bca7</sln:gmIIPId><sln:gmIIPPn>PL.PZGIK.200</sln:gmIIPPn><sln:gmIIPWersja>2012-09-26T22:34:35+02:00</sln:gmIIPWersja><sln:gmIdTeryt>3213062</sln:gmIdTeryt><sln:gmNazwa>Sławno</sln:gmNazwa><sln:miejscIIPId>1edd253e-a38a-45ec-b123-5203df6acb9d</sln:miejscIIPId><sln:miejscIIPPn>PL.PZGIK.200</sln:miejscIIPPn><sln:miejscIIPWersja>2017-03-31T14:25:20+02:00</sln:miejscIIPWersja><sln:miejscIdTeryt>0750273</sln:miejscIdTeryt><sln:miejscNazwa>Gwiazdowo</sln:miejscNazwa><sln:miejscRodzaj>Wieś</sln:miejscRodzaj><sln:powIIPId>e7df1d0c-30d0-4e31-9ce5-af88ca2302f5</sln:powIIPId><sln:powIIPPn>PL.PZGIK.200</sln:powIIPPn><sln:powIIPWersja>2012-09-27T10:07:22+02:00</sln:powIIPWersja><sln:powIdTeryt>3213</sln:powIdTeryt><sln:powNazwa>sławieński</sln:powNazwa><sln:waznyOd>2011-03-22T00:00:00+01:00</sln:waznyOd><sln:wojIIPId>c3f2202a-b491-49c5-a3af-d581108d939a</sln:wojIIPId><sln:wojIIPPn>PL.PZGIK.200</sln:wojIIPPn><sln:wojIIPWersja>2017-10-10T00:00:00+02:00</sln:wojIIPWersja><sln:wojIdTeryt>32</sln:wojIdTeryt><sln:wojNazwa>zachodniopomorskie</sln:wojNazwa></sln:miejscowosc><sln:miejscowosc><sln:cyklZyciaOd>2017-03-31T00:00:00+02:00</sln:cyklZyciaOd><sln:gmIIPId>21bae452-49a1-4104-a18a-9424cea9bca7</sln:gmIIPId><sln:gmIIPPn>PL.PZGIK.200</sln:gmIIPPn><sln:gmIIPWersja>2012-09-26T22:34:35+02:00</sln:gmIIPWersja><sln:gmIdTeryt>3213062</sln:gmIdTeryt><sln:gmNazwa>Sławno</sln:gmNazwa><sln:miejscIIPId>d6c5d5df-2f79-47fb-b84a-552b55468806</sln:miejscIIPId><sln:miejscIIPPn>PL.PZGIK.200</sln:miejscIIPPn><sln:miejscIIPWersja>2017-03-31T14:25:20+02:00</sln:miejscIIPWersja><sln:miejscIdTeryt>0750280</sln:miejscIdTeryt><sln:miejscNazwa>Gwiazdówko</sln:miejscNazwa><sln:miejscRodzaj>Przysiółek</sln:miejscRodzaj><sln:powIIPId>e7df1d0c-30d0-4e31-9ce5-af88ca2302f5</sln:powIIPId><sln:powIIPPn>PL.PZGIK.200</sln:powIIPPn><sln:powIIPWersja>2012-09-27T10:07:22+02:00</sln:powIIPWersja><sln:powIdTeryt>3213</sln:powIdTeryt><sln:powNazwa>sławieński</sln:powNazwa><sln:waznyOd>2011-03-22T00:00:00+01:00</sln:waznyOd><sln:wojIIPId>c3f2202a-b491-49c5-a3af-d581108d939a</sln:wojIIPId><sln:wojIIPPn>PL.PZGIK.200</sln:wojIIPPn><sln:wojIIPWersja>2017-10-10T00:00:00+02:00</sln:wojIIPWersja><sln:wojIdTeryt>32</sln:wojIdTeryt><sln:wojNazwa>zachodniopomorskie</sln:wojNazwa></sln:miejscowosc><sln:miejscowosc><sln:cyklZyciaOd>2017-03-31T00:00:00+02:00</sln:cyklZyciaOd><sln:gmIIPId>21bae452-49a1-4104-a18a-9424cea9bca7</sln:gmIIPId><sln:gmIIPPn>PL.PZGIK.200</sln:gmIIPPn><sln:gmIIPWersja>2012-09-26T22:34:35+02:00</sln:gmIIPWersja><sln:gmIdTeryt>3213062</sln:gmIdTeryt><sln:gmNazwa>Sławno</sln:gmNazwa><sln:miejscIIPId>31c7e563-3f2a-4c87-bfb6-e0dc6130e2d8</sln:miejscIIPId><sln:miejscIIPPn>PL.PZGIK.200</sln:miejscIIPPn><sln:miejscIIPWersja>2017-03-31T14:25:20+02:00</sln:miejscIIPWersja><sln:miejscIdTeryt>0750296</sln:miejscIdTeryt><sln:miejscNazwa>Janiewice</sln:miejscNazwa><sln:miejscRodzaj>Wieś</sln:miejscRodzaj><sln:powIIPId>e7df1d0c-30d0-4e31-9ce5-af88ca2302f5</sln:powIIPId><sln:powIIPPn>PL.PZGIK.200</sln:powIIPPn><sln:powIIPWersja>2012-09-27T10:07:22+02:00</sln:powIIPWersja><sln:powIdTeryt>3213</sln:powIdTeryt><sln:powNazwa>sławieński</sln:powNazwa><sln:waznyOd>2011-03-22T00:00:00+01:00</sln:waznyOd><sln:wojIIPId>c3f2202a-b491-49c5-a3af-d581108d939a</sln:wojIIPId><sln:wojIIPPn>PL.PZGIK.200</sln:wojIIPPn><sln:wojIIPWersja>2017-10-10T00:00:00+02:00</sln:wojIIPWersja><sln:wojIdTeryt>32</sln:wojIdTeryt><sln:wojNazwa>zachodniopomorskie</sln:wojNazwa></sln:miejscowosc><sln:miejscowosc><sln:cyklZyciaOd>2017-03-31T00:00:00+02:00</sln:cyklZyciaOd><sln:gmIIPId>21bae452-49a1-4104-a18a-9424cea9bca7</sln:gmIIPId><sln:gmIIPPn>PL.PZGIK.200</sln:gmIIPPn><sln:gmIIPWersja>2012-09-26T22:34:35+02:00</sln:gmIIPWersja><sln:gmIdTeryt>3213062</sln:gmIdTeryt><sln:gmNazwa>Sławno</sln:gmNazwa><sln:miejscIIPId>8aa12a26-e385-46a7-aeea-c40a5bea40c1</sln:miejscIIPId><sln:miejscIIPPn>PL.PZGIK.200</sln:miejscIIPPn><sln:miejscIIPWersja>2017-03-31T14:25:20+02:00</sln:miejscIIPWersja><sln:miejscIdTeryt>0750304</sln:miejscIdTeryt><sln:miejscNazwa>Chomiec</sln:miejscNazwa><sln:miejscRodzaj>Osada</sln:miejscRodzaj><sln:powIIPId>e7df1d0c-30d0-4e31-9ce5-af88ca2302f5</sln:powIIPId><sln:powIIPPn>PL.PZGIK.200</sln:powIIPPn><sln:powIIPWersja>2012-09-27T10:07:22+02:00</sln:powIIPWersja><sln:powIdTeryt>3213</sln:powIdTeryt><sln:powNazwa>sławieński</sln:powNazwa><sln:waznyOd>2011-03-22T00:00:00+01:00</sln:waznyOd><sln:wojIIPId>c3f2202a-b491-49c5-a3af-d581108d939a</sln:wojIIPId><sln:wojIIPPn>PL.PZGIK.200</sln:wojIIPPn><sln:wojIIPWersja>2017-10-10T00:00:00+02:00</sln:wojIIPWersja><sln:wojIdTeryt>32</sln:wojIdTeryt><sln:wojNazwa>zachodniopomorskie</sln:wojNazwa></sln:miejscowosc><sln:miejscowosc><sln:cyklZyciaOd>2017-03-31T00:00:00+02:00</sln:cyklZyciaOd><sln:gmIIPId>21bae452-49a1-4104-a18a-9424cea9bca7</sln:gmIIPId><sln:gmIIPPn>PL.PZGIK.200</sln:gmIIPPn><sln:gmIIPWersja>2012-09-26T22:34:35+02:00</sln:gmIIPWersja><sln:gmIdTeryt>3213062</sln:gmIdTeryt><sln:gmNazwa>Sławno</sln:gmNazwa><sln:miejscIIPId>6f89345e-8818-4a2c-a419-5d163581e12a</sln:miejscIIPId><sln:miejscIIPPn>PL.PZGIK.200</sln:miejscIIPPn><sln:miejscIIPWersja>2017-03-31T14:25:20+02:00</sln:miejscIIPWersja><sln:miejscIdTeryt>0750310</sln:miejscIdTeryt><sln:miejscNazwa>Kwasowo</sln:miejscNazwa><sln:miejscRodzaj>Wieś</sln:miejscRodzaj><sln:powIIPId>e7df1d0c-30d0-4e31-9ce5-af88ca2302f5</sln:powIIPId><sln:powIIPPn>PL.PZGIK.200</sln:powIIPPn><sln:powIIPWersja>2012-09-27T10:07:22+02:00</sln:powIIPWersja><sln:powIdTeryt>3213</sln:powIdTeryt><sln:powNazwa>sławieński</sln:powNazwa><sln:waznyOd>2011-03-22T00:00:00+01:00</sln:waznyOd><sln:wojIIPId>c3f2202a-b491-49c5-a3af-d581108d939a</sln:wojIIPId><sln:wojIIPPn>PL.PZGIK.200</sln:wojIIPPn><sln:wojIIPWersja>2017-10-10T00:00:00+02:00</sln:wojIIPWersja><sln:wojIdTeryt>32</sln:wojIdTeryt><sln:wojNazwa>zachodniopomorskie</sln:wojNazwa></sln:miejscowosc><sln:miejscowosc><sln:cyklZyciaOd>2017-03-31T00:00:00+02:00</sln:cyklZyciaOd><sln:gmIIPId>21bae452-49a1-4104-a18a-9424cea9bca7</sln:gmIIPId><sln:gmIIPPn>PL.PZGIK.200</sln:gmIIPPn><sln:gmIIPWersja>2012-09-26T22:34:35+02:00</sln:gmIIPWersja><sln:gmIdTeryt>3213062</sln:gmIdTeryt><sln:gmNazwa>Sławno</sln:gmNazwa><sln:miejscIIPId>fc56df1c-3216-4b3e-9012-3180908154cb</sln:miejscIIPId><sln:miejscIIPPn>PL.PZGIK.200</sln:miejscIIPPn><sln:miejscIIPWersja>2017-03-31T14:25:21+02:00</sln:miejscIIPWersja><sln:miejscIdTeryt>0750340</sln:miejscIdTeryt><sln:miejscNazwa>Łętowo</sln:miejscNazwa><sln:miejscRodzaj>Wieś</sln:miejscRodzaj><sln:powIIPId>e7df1d0c-30d0-4e31-9ce5-af88ca2302f5</sln:powIIPId><sln:powIIPPn>PL.PZGIK.200</sln:powIIPPn><sln:powIIPWersja>2012-09-27T10:07:22+02:00</sln:powIIPWersja><sln:powIdTeryt>3213</sln:powIdTeryt><sln:powNazwa>sławieński</sln:powNazwa><sln:waznyOd>2011-03-22T00:00:00+01:00</sln:waznyOd><sln:wojIIPId>c3f2202a-b491-49c5-a3af-d581108d939a</sln:wojIIPId><sln:wojIIPPn>PL.PZGIK.200</sln:wojIIPPn><sln:wojIIPWersja>2017-10-10T00:00:00+02:00</sln:wojIIPWersja><sln:wojIdTeryt>32</sln:wojIdTeryt><sln:wojNazwa>zachodniopomorskie</sln:wojNazwa></sln:miejscowosc><sln:miejscowosc><sln:cyklZyciaOd>2017-03-31T00:00:00+02:00</sln:cyklZyciaOd><sln:gmIIPId>21bae452-49a1-4104-a18a-9424cea9bca7</sln:gmIIPId><sln:gmIIPPn>PL.PZGIK.200</sln:gmIIPPn><sln:gmIIPWersja>2012-09-26T22:34:35+02:00</sln:gmIIPWersja><sln:gmIdTeryt>3213062</sln:gmIdTeryt><sln:gmNazwa>Sławno</sln:gmNazwa><sln:miejscIIPId>4cf225e8-76d2-4abf-9af6-1dedadce3dab</sln:miejscIIPId><sln:miejscIIPPn>PL.PZGIK.200</sln:miejscIIPPn><sln:miejscIIPWersja>2017-03-31T14:25:21+02:00</sln:miejscIIPWersja><sln:miejscIdTeryt>0750356</sln:miejscIdTeryt><sln:miejscNazwa>Noskowo</sln:miejscNazwa><sln:miejscRodzaj>Wieś</sln:miejscRodzaj><sln:powIIPId>e7df1d0c-30d0-4e31-9ce5-af88ca2302f5</sln:powIIPId><sln:powIIPPn>PL.PZGIK.200</sln:powIIPPn><sln:powIIPWersja>2012-09-27T10:07:22+02:00</sln:powIIPWersja><sln:powIdTeryt>3213</sln:powIdTeryt><sln:powNazwa>sławieński</sln:powNazwa><sln:waznyOd>2011-03-22T00:00:00+01:00</sln:waznyOd><sln:wojIIPId>c3f2202a-b491-49c5-a3af-d581108d939a</sln:wojIIPId><sln:wojIIPPn>PL.PZGIK.200</sln:wojIIPPn><sln:wojIIPWersja>2017-10-10T00:00:00+02:00</sln:wojIIPWersja><sln:wojIdTeryt>32</sln:wojIdTeryt><sln:wojNazwa>zachodniopomorskie</sln:wojNazwa></sln:miejscowosc><sln:miejscowosc><sln:cyklZyciaOd>2017-03-31T00:00:00+02:00</sln:cyklZyciaOd><sln:gmIIPId>21bae452-49a1-4104-a18a-9424cea9bca7</sln:gmIIPId><sln:gmIIPPn>PL.PZGIK.200</sln:gmIIPPn><sln:gmIIPWersja>2012-09-26T22:34:35+02:00</sln:gmIIPWersja><sln:gmIdTeryt>3213062</sln:gmIdTeryt><sln:gmNazwa>Sławno</sln:gmNazwa><sln:miejscIIPId>580468d2-4d77-457e-88ae-314ccaa03f46</sln:miejscIIPId><sln:miejscIIPPn>PL.PZGIK.200</sln:miejscIIPPn><sln:miejscIIPWersja>2017-03-31T14:25:21+02:00</sln:miejscIIPWersja><sln:miejscIdTeryt>0750362</sln:miejscIdTeryt><sln:miejscNazwa>Pomiłowo</sln:miejscNazwa><sln:miejscRodzaj>Wieś</sln:miejscRodzaj><sln:powIIPId>e7df1d0c-30d0-4e31-9ce5-af88ca2302f5</sln:powIIPId><sln:powIIPPn>PL.PZGIK.200</sln:powIIPPn><sln:powIIPWersja>2012-09-27T10:07:22+02:00</sln:powIIPWersja><sln:powIdTeryt>3213</sln:powIdTeryt><sln:powNazwa>sławieński</sln:powNazwa><sln:waznyOd>2011-03-22T00:00:00+01:00</sln:waznyOd><sln:wojIIPId>c3f2202a-b491-49c5-a3af-d581108d939a</sln:wojIIPId><sln:wojIIPPn>PL.PZGIK.200</sln:wojIIPPn><sln:wojIIPWersja>2017-10-10T00:00:00+02:00</sln:wojIIPWersja><sln:wojIdTeryt>32</sln:wojIdTeryt><sln:wojNazwa>zachodniopomorskie</sln:wojNazwa></sln:miejscowosc><sln:miejscowosc><sln:cyklZyciaOd>2017-03-31T00:00:00+02:00</sln:cyklZyciaOd><sln:gmIIPId>21bae452-49a1-4104-a18a-9424cea9bca7</sln:gmIIPId><sln:gmIIPPn>PL.PZGIK.200</sln:gmIIPPn><sln:gmIIPWersja>2012-09-26T22:34:35+02:00</sln:gmIIPWersja><sln:gmIdTeryt>3213062</sln:gmIdTeryt><sln:gmNazwa>Sławno</sln:gmNazwa><sln:miejscIIPId>e7028eee-6a05-4b98-85d4-d85aa6af5206</sln:miejscIIPId><sln:miejscIIPPn>PL.PZGIK.200</sln:miejscIIPPn><sln:miejscIIPWersja>2017-03-31T14:25:21+02:00</sln:miejscIIPWersja><sln:miejscIdTeryt>0750379</sln:miejscIdTeryt><sln:miejscNazwa>Radosław</sln:miejscNazwa><sln:miejscRodzaj>Wieś</sln:miejscRodzaj><sln:powIIPId>e7df1d0c-30d0-4e31-9ce5-af88ca2302f5</sln:powIIPId><sln:powIIPPn>PL.PZGIK.200</sln:powIIPPn><sln:powIIPWersja>2012-09-27T10:07:22+02:00</sln:powIIPWersja><sln:powIdTeryt>3213</sln:powIdTeryt><sln:powNazwa>sławieński</sln:powNazwa><sln:waznyOd>2011-03-22T00:00:00+01:00</sln:waznyOd><sln:wojIIPId>c3f2202a-b491-49c5-a3af-d581108d939a</sln:wojIIPId><sln:wojIIPPn>PL.PZGIK.200</sln:wojIIPPn><sln:wojIIPWersja>2017-10-10T00:00:00+02:00</sln:wojIIPWersja><sln:wojIdTeryt>32</sln:wojIdTeryt><sln:wojNazwa>zachodniopomorskie</sln:wojNazwa></sln:miejscowosc><sln:miejscowosc><sln:cyklZyciaOd>2017-03-31T00:00:00+02:00</sln:cyklZyciaOd><sln:gmIIPId>21bae452-49a1-4104-a18a-9424cea9bca7</sln:gmIIPId><sln:gmIIPPn>PL.PZGIK.200</sln:gmIIPPn><sln:gmIIPWersja>2012-09-26T22:34:35+02:00</sln:gmIIPWersja><sln:gmIdTeryt>3213062</sln:gmIdTeryt><sln:gmNazwa>Sławno</sln:gmNazwa><sln:miejscIIPId>d0b5b15e-11bb-4dcb-99f7-32b53b5a85fa</sln:miejscIIPId><sln:miejscIIPPn>PL.PZGIK.200</sln:miejscIIPPn><sln:miejscIIPWersja>2017-03-31T14:25:21+02:00</sln:miejscIIPWersja><sln:miejscIdTeryt>0750385</sln:miejscIdTeryt><sln:miejscNazwa>Warginie</sln:miejscNazwa><sln:miejscRodzaj>Przysiółek</sln:miejscRodzaj><sln:powIIPId>e7df1d0c-30d0-4e31-9ce5-af88ca2302f5</sln:powIIPId><sln:powIIPPn>PL.PZGIK.200</sln:powIIPPn><sln:powIIPWersja>2012-09-27T10:07:22+02:00</sln:powIIPWersja><sln:powIdTeryt>3213</sln:powIdTeryt><sln:powNazwa>sławieński</sln:powNazwa><sln:waznyOd>2011-03-22T00:00:00+01:00</sln:waznyOd><sln:wojIIPId>c3f2202a-b491-49c5-a3af-d581108d939a</sln:wojIIPId><sln:wojIIPPn>PL.PZGIK.200</sln:wojIIPPn><sln:wojIIPWersja>2017-10-10T00:00:00+02:00</sln:wojIIPWersja><sln:wojIdTeryt>32</sln:wojIdTeryt><sln:wojNazwa>zachodniopomorskie</sln:wojNazwa></sln:miejscowosc><sln:miejscowosc><sln:cyklZyciaOd>2017-03-31T00:00:00+02:00</sln:cyklZyciaOd><sln:gmIIPId>21bae452-49a1-4104-a18a-9424cea9bca7</sln:gmIIPId><sln:gmIIPPn>PL.PZGIK.200</sln:gmIIPPn><sln:gmIIPWersja>2012-09-26T22:34:35+02:00</sln:gmIIPWersja><sln:gmIdTeryt>3213062</sln:gmIdTeryt><sln:gmNazwa>Sławno</sln:gmNazwa><sln:miejscIIPId>560987d0-51ed-40e9-922a-134125b0049a</sln:miejscIIPId><sln:miejscIIPPn>PL.PZGIK.200</sln:miejscIIPPn><sln:miejscIIPWersja>2017-03-31T14:25:21+02:00</sln:miejscIIPWersja><sln:miejscIdTeryt>0750391</sln:miejscIdTeryt><sln:miejscNazwa>Rzyszczewo</sln:miejscNazwa><sln:miejscRodzaj>Wieś</sln:miejscRodzaj><sln:powIIPId>e7df1d0c-30d0-4e31-9ce5-af88ca2302f5</sln:powIIPId><sln:powIIPPn>PL.PZGIK.200</sln:powIIPPn><sln:powIIPWersja>2012-09-27T10:07:22+02:00</sln:powIIPWersja><sln:powIdTeryt>3213</sln:powIdTeryt><sln:powNazwa>sławieński</sln:powNazwa><sln:waznyOd>2011-03-22T00:00:00+01:00</sln:waznyOd><sln:wojIIPId>c3f2202a-b491-49c5-a3af-d581108d939a</sln:wojIIPId><sln:wojIIPPn>PL.PZGIK.200</sln:wojIIPPn><sln:wojIIPWersja>2017-10-10T00:00:00+02:00</sln:wojIIPWersja><sln:wojIdTeryt>32</sln:wojIdTeryt><sln:wojNazwa>zachodniopomorskie</sln:wojNazwa></sln:miejscowosc><sln:miejscowosc><sln:cyklZyciaOd>2017-03-31T00:00:00+02:00</sln:cyklZyciaOd><sln:gmIIPId>21bae452-49a1-4104-a18a-9424cea9bca7</sln:gmIIPId><sln:gmIIPPn>PL.PZGIK.200</sln:gmIIPPn><sln:gmIIPWersja>2012-09-26T22:34:35+02:00</sln:gmIIPWersja><sln:gmIdTeryt>3213062</sln:gmIdTeryt><sln:gmNazwa>Sławno</sln:gmNazwa><sln:miejscIIPId>32a641dd-05dc-4c64-806e-0763019c4c0e</sln:miejscIIPId><sln:miejscIIPPn>PL.PZGIK.200</sln:miejscIIPPn><sln:miejscIIPWersja>2017-03-31T14:25:21+02:00</sln:miejscIIPWersja><sln:miejscIdTeryt>0750400</sln:miejscIdTeryt><sln:miejscNazwa>Rzyszczewko</sln:miejscNazwa><sln:miejscRodzaj>Przysiółek</sln:miejscRodzaj><sln:powIIPId>e7df1d0c-30d0-4e31-9ce5-af88ca2302f5</sln:powIIPId><sln:powIIPPn>PL.PZGIK.200</sln:powIIPPn><sln:powIIPWersja>2012-09-27T10:07:22+02:00</sln:powIIPWersja><sln:powIdTeryt>3213</sln:powIdTeryt><sln:powNazwa>sławieński</sln:powNazwa><sln:waznyOd>2011-03-22T00:00:00+01:00</sln:waznyOd><sln:wojIIPId>c3f2202a-b491-49c5-a3af-d581108d939a</sln:wojIIPId><sln:wojIIPPn>PL.PZGIK.200</sln:wojIIPPn><sln:wojIIPWersja>2017-10-10T00:00:00+02:00</sln:wojIIPWersja><sln:wojIdTeryt>32</sln:wojIdTeryt><sln:wojNazwa>zachodniopomorskie</sln:wojNazwa></sln:miejscowosc><sln:miejscowosc><sln:cyklZyciaOd>2017-03-31T00:00:00+02:00</sln:cyklZyciaOd><sln:gmIIPId>21bae452-49a1-4104-a18a-9424cea9bca7</sln:gmIIPId><sln:gmIIPPn>PL.PZGIK.200</sln:gmIIPPn><sln:gmIIPWersja>2012-09-26T22:34:35+02:00</sln:gmIIPWersja><sln:gmIdTeryt>3213062</sln:gmIdTeryt><sln:gmNazwa>Sławno</sln:gmNazwa><sln:miejscIIPId>81d1a017-9101-477d-90fb-b105b54f2bb3</sln:miejscIIPId><sln:miejscIIPPn>PL.PZGIK.200</sln:miejscIIPPn><sln:miejscIIPWersja>2017-03-31T14:25:21+02:00</sln:miejscIIPWersja><sln:miejscIdTeryt>0750416</sln:miejscIdTeryt><sln:miejscNazwa>Sławsko</sln:miejscNazwa><sln:miejscRodzaj>Wieś</sln:miejscRodzaj><sln:powIIPId>e7df1d0c-30d0-4e31-9ce5-af88ca2302f5</sln:powIIPId><sln:powIIPPn>PL.PZGIK.200</sln:powIIPPn><sln:powIIPWersja>2012-09-27T10:07:22+02:00</sln:powIIPWersja><sln:powIdTeryt>3213</sln:powIdTeryt><sln:powNazwa>sławieński</sln:powNazwa><sln:waznyOd>2011-03-22T00:00:00+01:00</sln:waznyOd><sln:wojIIPId>c3f2202a-b491-49c5-a3af-d581108d939a</sln:wojIIPId><sln:wojIIPPn>PL.PZGIK.200</sln:wojIIPPn><sln:wojIIPWersja>2017-10-10T00:00:00+02:00</sln:wojIIPWersja><sln:wojIdTeryt>32</sln:wojIdTeryt><sln:wojNazwa>zachodniopomorskie</sln:wojNazwa></sln:miejscowosc><sln:miejscowosc><sln:cyklZyciaOd>2017-03-31T00:00:00+02:00</sln:cyklZyciaOd><sln:gmIIPId>21bae452-49a1-4104-a18a-9424cea9bca7</sln:gmIIPId><sln:gmIIPPn>PL.PZGIK.200</sln:gmIIPPn><sln:gmIIPWersja>2012-09-26T22:34:35+02:00</sln:gmIIPWersja><sln:gmIdTeryt>3213062</sln:gmIdTeryt><sln:gmNazwa>Sławno</sln:gmNazwa><sln:miejscIIPId>b4315b6d-66af-4541-8510-0575ae5eb019</sln:miejscIIPId><sln:miejscIIPPn>PL.PZGIK.200</sln:miejscIIPPn><sln:miejscIIPWersja>2017-03-31T14:25:21+02:00</sln:miejscIIPWersja><sln:miejscIdTeryt>0750422</sln:miejscIdTeryt><sln:miejscNazwa>Smardzewo</sln:miejscNazwa><sln:miejscRodzaj>Wieś</sln:miejscRodzaj><sln:powIIPId>e7df1d0c-30d0-4e31-9ce5-af88ca2302f5</sln:powIIPId><sln:powIIPPn>PL.PZGIK.200</sln:powIIPPn><sln:powIIPWersja>2012-09-27T10:07:22+02:00</sln:powIIPWersja><sln:powIdTeryt>3213</sln:powIdTeryt><sln:powNazwa>sławieński</sln:powNazwa><sln:waznyOd>2011-03-22T00:00:00+01:00</sln:waznyOd><sln:wojIIPId>c3f2202a-b491-49c5-a3af-d581108d939a</sln:wojIIPId><sln:wojIIPPn>PL.PZGIK.200</sln:wojIIPPn><sln:wojIIPWersja>2017-10-10T00:00:00+02:00</sln:wojIIPWersja><sln:wojIdTeryt>32</sln:wojIdTeryt><sln:wojNazwa>zachodniopomorskie</sln:wojNazwa></sln:miejscowosc><sln:miejscowosc><sln:cyklZyciaOd>2017-03-31T00:00:00+02:00</sln:cyklZyciaOd><sln:gmIIPId>21bae452-49a1-4104-a18a-9424cea9bca7</sln:gmIIPId><sln:gmIIPPn>PL.PZGIK.200</sln:gmIIPPn><sln:gmIIPWersja>2012-09-26T22:34:35+02:00</sln:gmIIPWersja><sln:gmIdTeryt>3213062</sln:gmIdTeryt><sln:gmNazwa>Sławno</sln:gmNazwa><sln:miejscIIPId>a6c55851-5424-40f2-90f4-aabb4c43214e</sln:miejscIIPId><sln:miejscIIPPn>PL.PZGIK.200</sln:miejscIIPPn><sln:miejscIIPWersja>2017-03-31T14:25:21+02:00</sln:miejscIIPWersja><sln:miejscIdTeryt>0750439</sln:miejscIdTeryt><sln:miejscNazwa>Stary Kraków</sln:miejscNazwa><sln:miejscRodzaj>Wieś</sln:miejscRodzaj><sln:powIIPId>e7df1d0c-30d0-4e31-9ce5-af88ca2302f5</sln:powIIPId><sln:powIIPPn>PL.PZGIK.200</sln:powIIPPn><sln:powIIPWersja>2012-09-27T10:07:22+02:00</sln:powIIPWersja><sln:powIdTeryt>3213</sln:powIdTeryt><sln:powNazwa>sławieński</sln:powNazwa><sln:waznyOd>2011-03-22T00:00:00+01:00</sln:waznyOd><sln:wojIIPId>c3f2202a-b491-49c5-a3af-d581108d939a</sln:wojIIPId><sln:wojIIPPn>PL.PZGIK.200</sln:wojIIPPn><sln:wojIIPWersja>2017-10-10T00:00:00+02:00</sln:wojIIPWersja><sln:wojIdTeryt>32</sln:wojIdTeryt><sln:wojNazwa>zachodniopomorskie</sln:wojNazwa></sln:miejscowosc><sln:miejscowosc><sln:cyklZyciaOd>2017-03-31T00:00:00+02:00</sln:cyklZyciaOd><sln:gmIIPId>21bae452-49a1-4104-a18a-9424cea9bca7</sln:gmIIPId><sln:gmIIPPn>PL.PZGIK.200</sln:gmIIPPn><sln:gmIIPWersja>2012-09-26T22:34:35+02:00</sln:gmIIPWersja><sln:gmIdTeryt>3213062</sln:gmIdTeryt><sln:gmNazwa>Sławno</sln:gmNazwa><sln:miejscIIPId>c27f8a2c-5eb7-4a50-a1d6-312b38970b3a</sln:miejscIIPId><sln:miejscIIPPn>PL.PZGIK.200</sln:miejscIIPPn><sln:miejscIIPWersja>2017-03-31T14:25:21+02:00</sln:miejscIIPWersja><sln:miejscIdTeryt>0750445</sln:miejscIdTeryt><sln:miejscNazwa>Borzyszkowo</sln:miejscNazwa><sln:miejscRodzaj>Osada leśna</sln:miejscRodzaj><sln:powIIPId>e7df1d0c-30d0-4e31-9ce5-af88ca2302f5</sln:powIIPId><sln:powIIPPn>PL.PZGIK.200</sln:powIIPPn><sln:powIIPWersja>2012-09-27T10:07:22+02:00</sln:powIIPWersja><sln:powIdTeryt>3213</sln:powIdTeryt><sln:powNazwa>sławieński</sln:powNazwa><sln:waznyOd>2011-03-22T00:00:00+01:00</sln:waznyOd><sln:wojIIPId>c3f2202a-b491-49c5-a3af-d581108d939a</sln:wojIIPId><sln:wojIIPPn>PL.PZGIK.200</sln:wojIIPPn><sln:wojIIPWersja>2017-10-10T00:00:00+02:00</sln:wojIIPWersja><sln:wojIdTeryt>32</sln:wojIdTeryt><sln:wojNazwa>zachodniopomorskie</sln:wojNazwa></sln:miejscowosc><sln:miejscowosc><sln:cyklZyciaOd>2017-03-31T00:00:00+02:00</sln:cyklZyciaOd><sln:gmIIPId>21bae452-49a1-4104-a18a-9424cea9bca7</sln:gmIIPId><sln:gmIIPPn>PL.PZGIK.200</sln:gmIIPPn><sln:gmIIPWersja>2012-09-26T22:34:35+02:00</sln:gmIIPWersja><sln:gmIdTeryt>3213062</sln:gmIdTeryt><sln:gmNazwa>Sławno</sln:gmNazwa><sln:miejscIIPId>631b02ee-cdef-4158-9234-50a935c1c281</sln:miejscIIPId><sln:miejscIIPPn>PL.PZGIK.200</sln:miejscIIPPn><sln:miejscIIPWersja>2017-03-31T14:25:21+02:00</sln:miejscIIPWersja><sln:miejscIdTeryt>0750451</sln:miejscIdTeryt><sln:miejscNazwa>Grzybno</sln:miejscNazwa><sln:miejscRodzaj>Osada leśna</sln:miejscRodzaj><sln:powIIPId>e7df1d0c-30d0-4e31-9ce5-af88ca2302f5</sln:powIIPId><sln:powIIPPn>PL.PZGIK.200</sln:powIIPPn><sln:powIIPWersja>2012-09-27T10:07:22+02:00</sln:powIIPWersja><sln:powIdTeryt>3213</sln:powIdTeryt><sln:powNazwa>sławieński</sln:powNazwa><sln:waznyOd>2011-03-22T00:00:00+01:00</sln:waznyOd><sln:wojIIPId>c3f2202a-b491-49c5-a3af-d581108d939a</sln:wojIIPId><sln:wojIIPPn>PL.PZGIK.200</sln:wojIIPPn><sln:wojIIPWersja>2017-10-10T00:00:00+02:00</sln:wojIIPWersja><sln:wojIdTeryt>32</sln:wojIdTeryt><sln:wojNazwa>zachodniopomorskie</sln:wojNazwa></sln:miejscowosc><sln:miejscowosc><sln:cyklZyciaOd>2017-03-31T00:00:00+02:00</sln:cyklZyciaOd><sln:gmIIPId>21bae452-49a1-4104-a18a-9424cea9bca7</sln:gmIIPId><sln:gmIIPPn>PL.PZGIK.200</sln:gmIIPPn><sln:gmIIPWersja>2012-09-26T22:34:35+02:00</sln:gmIIPWersja><sln:gmIdTeryt>3213062</sln:gmIdTeryt><sln:gmNazwa>Sławno</sln:gmNazwa><sln:miejscIIPId>8af77c5f-14f8-49e2-a20a-1249bbd58449</sln:miejscIIPId><sln:miejscIIPPn>PL.PZGIK.200</sln:miejscIIPPn><sln:miejscIIPWersja>2017-03-31T14:25:22+02:00</sln:miejscIIPWersja><sln:miejscIdTeryt>0750468</sln:miejscIdTeryt><sln:miejscNazwa>Pątnowo</sln:miejscNazwa><sln:miejscRodzaj>Osada leśna</sln:miejscRodzaj><sln:powIIPId>e7df1d0c-30d0-4e31-9ce5-af88ca2302f5</sln:powIIPId><sln:powIIPPn>PL.PZGIK.200</sln:powIIPPn><sln:powIIPWersja>2012-09-27T10:07:22+02:00</sln:powIIPWersja><sln:powIdTeryt>3213</sln:powIdTeryt><sln:powNazwa>sławieński</sln:powNazwa><sln:waznyOd>2011-03-22T00:00:00+01:00</sln:waznyOd><sln:wojIIPId>c3f2202a-b491-49c5-a3af-d581108d939a</sln:wojIIPId><sln:wojIIPPn>PL.PZGIK.200</sln:wojIIPPn><sln:wojIIPWersja>2017-10-10T00:00:00+02:00</sln:wojIIPWersja><sln:wojIdTeryt>32</sln:wojIdTeryt><sln:wojNazwa>zachodniopomorskie</sln:wojNazwa></sln:miejscowosc><sln:miejscowosc><sln:cyklZyciaOd>2017-03-31T00:00:00+02:00</sln:cyklZyciaOd><sln:gmIIPId>21bae452-49a1-4104-a18a-9424cea9bca7</sln:gmIIPId><sln:gmIIPPn>PL.PZGIK.200</sln:gmIIPPn><sln:gmIIPWersja>2012-09-26T22:34:35+02:00</sln:gmIIPWersja><sln:gmIdTeryt>3213062</sln:gmIdTeryt><sln:gmNazwa>Sławno</sln:gmNazwa><sln:miejscIIPId>0fca88d4-68a7-4e3f-94fa-6c2a1870ed30</sln:miejscIIPId><sln:miejscIIPPn>PL.PZGIK.200</sln:miejscIIPPn><sln:miejscIIPWersja>2017-03-31T14:25:22+02:00</sln:miejscIIPWersja><sln:miejscIdTeryt>0750474</sln:miejscIdTeryt><sln:miejscNazwa>Przemysławiec</sln:miejscNazwa><sln:miejscRodzaj>Osada leśna</sln:miejscRodzaj><sln:powIIPId>e7df1d0c-30d0-4e31-9ce5-af88ca2302f5</sln:powIIPId><sln:powIIPPn>PL.PZGIK.200</sln:powIIPPn><sln:powIIPWersja>2012-09-27T10:07:22+02:00</sln:powIIPWersja><sln:powIdTeryt>3213</sln:powIdTeryt><sln:powNazwa>sławieński</sln:powNazwa><sln:waznyOd>2013-07-18T00:00:00+02:00</sln:waznyOd><sln:wojIIPId>c3f2202a-b491-49c5-a3af-d581108d939a</sln:wojIIPId><sln:wojIIPPn>PL.PZGIK.200</sln:wojIIPPn><sln:wojIIPWersja>2017-10-10T00:00:00+02:00</sln:wojIIPWersja><sln:wojIdTeryt>32</sln:wojIdTeryt><sln:wojNazwa>zachodniopomorskie</sln:wojNazwa></sln:miejscowosc><sln:miejscowosc><sln:cyklZyciaOd>2017-03-31T00:00:00+02:00</sln:cyklZyciaOd><sln:gmIIPId>21bae452-49a1-4104-a18a-9424cea9bca7</sln:gmIIPId><sln:gmIIPPn>PL.PZGIK.200</sln:gmIIPPn><sln:gmIIPWersja>2012-09-26T22:34:35+02:00</sln:gmIIPWersja><sln:gmIdTeryt>3213062</sln:gmIdTeryt><sln:gmNazwa>Sławno</sln:gmNazwa><sln:miejscIIPId>80974072-3c3b-4322-b3d8-4bd890843d8c</sln:miejscIIPId><sln:miejscIIPPn>PL.PZGIK.200</sln:miejscIIPPn><sln:miejscIIPWersja>2017-03-31T14:25:22+02:00</sln:miejscIIPWersja><sln:miejscIdTeryt>0750480</sln:miejscIdTeryt><sln:miejscNazwa>Tokary</sln:miejscNazwa><sln:miejscRodzaj>Wieś</sln:miejscRodzaj><sln:powIIPId>e7df1d0c-30d0-4e31-9ce5-af88ca2302f5</sln:powIIPId><sln:powIIPPn>PL.PZGIK.200</sln:powIIPPn><sln:powIIPWersja>2012-09-27T10:07:22+02:00</sln:powIIPWersja><sln:powIdTeryt>3213</sln:powIdTeryt><sln:powNazwa>sławieński</sln:powNazwa><sln:waznyOd>2011-03-22T00:00:00+01:00</sln:waznyOd><sln:wojIIPId>c3f2202a-b491-49c5-a3af-d581108d939a</sln:wojIIPId><sln:wojIIPPn>PL.PZGIK.200</sln:wojIIPPn><sln:wojIIPWersja>2017-10-10T00:00:00+02:00</sln:wojIIPWersja><sln:wojIdTeryt>32</sln:wojIdTeryt><sln:wojNazwa>zachodniopomorskie</sln:wojNazwa></sln:miejscowosc><sln:miejscowosc><sln:cyklZyciaOd>2017-03-31T00:00:00+02:00</sln:cyklZyciaOd><sln:gmIIPId>21bae452-49a1-4104-a18a-9424cea9bca7</sln:gmIIPId><sln:gmIIPPn>PL.PZGIK.200</sln:gmIIPPn><sln:gmIIPWersja>2012-09-26T22:34:35+02:00</sln:gmIIPWersja><sln:gmIdTeryt>3213062</sln:gmIdTeryt><sln:gmNazwa>Sławno</sln:gmNazwa><sln:miejscIIPId>039d0082-df0f-4525-8f55-3cf5fa788f0b</sln:miejscIIPId><sln:miejscIIPPn>PL.PZGIK.200</sln:miejscIIPPn><sln:miejscIIPWersja>2017-03-31T14:25:22+02:00</sln:miejscIIPWersja><sln:miejscIdTeryt>0750497</sln:miejscIdTeryt><sln:miejscNazwa>Tychowo</sln:miejscNazwa><sln:miejscRodzaj>Osada</sln:miejscRodzaj><sln:powIIPId>e7df1d0c-30d0-4e31-9ce5-af88ca2302f5</sln:powIIPId><sln:powIIPPn>PL.PZGIK.200</sln:powIIPPn><sln:powIIPWersja>2012-09-27T10:07:22+02:00</sln:powIIPWersja><sln:powIdTeryt>3213</sln:powIdTeryt><sln:powNazwa>sławieński</sln:powNazwa><sln:waznyOd>2011-03-22T00:00:00+01:00</sln:waznyOd><sln:wojIIPId>c3f2202a-b491-49c5-a3af-d581108d939a</sln:wojIIPId><sln:wojIIPPn>PL.PZGIK.200</sln:wojIIPPn><sln:wojIIPWersja>2017-10-10T00:00:00+02:00</sln:wojIIPWersja><sln:wojIdTeryt>32</sln:wojIdTeryt><sln:wojNazwa>zachodniopomorskie</sln:wojNazwa></sln:miejscowosc><sln:miejscowosc><sln:cyklZyciaOd>2017-03-31T00:00:00+02:00</sln:cyklZyciaOd><sln:gmIIPId>21bae452-49a1-4104-a18a-9424cea9bca7</sln:gmIIPId><sln:gmIIPPn>PL.PZGIK.200</sln:gmIIPPn><sln:gmIIPWersja>2012-09-26T22:34:35+02:00</sln:gmIIPWersja><sln:gmIdTeryt>3213062</sln:gmIdTeryt><sln:gmNazwa>Sławno</sln:gmNazwa><sln:miejscIIPId>f0b8db42-c868-4323-bd8b-563fba9fabdf</sln:miejscIIPId><sln:miejscIIPPn>PL.PZGIK.200</sln:miejscIIPPn><sln:miejscIIPWersja>2017-03-31T14:25:22+02:00</sln:miejscIIPWersja><sln:miejscIdTeryt>0750505</sln:miejscIdTeryt><sln:miejscNazwa>Warszkowo</sln:miejscNazwa><sln:miejscRodzaj>Wieś</sln:miejscRodzaj><sln:powIIPId>e7df1d0c-30d0-4e31-9ce5-af88ca2302f5</sln:powIIPId><sln:powIIPPn>PL.PZGIK.200</sln:powIIPPn><sln:powIIPWersja>2012-09-27T10:07:22+02:00</sln:powIIPWersja><sln:powIdTeryt>3213</sln:powIdTeryt><sln:powNazwa>sławieński</sln:powNazwa><sln:waznyOd>2011-03-22T00:00:00+01:00</sln:waznyOd><sln:wojIIPId>c3f2202a-b491-49c5-a3af-d581108d939a</sln:wojIIPId><sln:wojIIPPn>PL.PZGIK.200</sln:wojIIPPn><sln:wojIIPWersja>2017-10-10T00:00:00+02:00</sln:wojIIPWersja><sln:wojIdTeryt>32</sln:wojIdTeryt><sln:wojNazwa>zachodniopomorskie</sln:wojNazwa></sln:miejscowosc><sln:miejscowosc><sln:cyklZyciaOd>2017-03-31T00:00:00+02:00</sln:cyklZyciaOd><sln:gmIIPId>21bae452-49a1-4104-a18a-9424cea9bca7</sln:gmIIPId><sln:gmIIPPn>PL.PZGIK.200</sln:gmIIPPn><sln:gmIIPWersja>2012-09-26T22:34:35+02:00</sln:gmIIPWersja><sln:gmIdTeryt>3213062</sln:gmIdTeryt><sln:gmNazwa>Sławno</sln:gmNazwa><sln:miejscIIPId>98b93c8e-2b02-4541-99e7-5b9704935a0e</sln:miejscIIPId><sln:miejscIIPPn>PL.PZGIK.200</sln:miejscIIPPn><sln:miejscIIPWersja>2017-03-31T14:25:22+02:00</sln:miejscIIPWersja><sln:miejscIdTeryt>0750528</sln:miejscIdTeryt><sln:miejscNazwa>Warszkówko</sln:miejscNazwa><sln:miejscRodzaj>Wieś</sln:miejscRodzaj><sln:powIIPId>e7df1d0c-30d0-4e31-9ce5-af88ca2302f5</sln:powIIPId><sln:powIIPPn>PL.PZGIK.200</sln:powIIPPn><sln:powIIPWersja>2012-09-27T10:07:22+02:00</sln:powIIPWersja><sln:powIdTeryt>3213</sln:powIdTeryt><sln:powNazwa>sławieński</sln:powNazwa><sln:waznyOd>2011-03-22T00:00:00+01:00</sln:waznyOd><sln:wojIIPId>c3f2202a-b491-49c5-a3af-d581108d939a</sln:wojIIPId><sln:wojIIPPn>PL.PZGIK.200</sln:wojIIPPn><sln:wojIIPWersja>2017-10-10T00:00:00+02:00</sln:wojIIPWersja><sln:wojIdTeryt>32</sln:wojIdTeryt><sln:wojNazwa>zachodniopomorskie</sln:wojNazwa></sln:miejscowosc><sln:miejscowosc><sln:cyklZyciaOd>2017-03-31T00:00:00+02:00</sln:cyklZyciaOd><sln:gmIIPId>21bae452-49a1-4104-a18a-9424cea9bca7</sln:gmIIPId><sln:gmIIPPn>PL.PZGIK.200</sln:gmIIPPn><sln:gmIIPWersja>2012-09-26T22:34:35+02:00</sln:gmIIPWersja><sln:gmIdTeryt>3213062</sln:gmIdTeryt><sln:gmNazwa>Sławno</sln:gmNazwa><sln:miejscIIPId>fd70f568-2886-4cd4-a902-30c20cceb64c</sln:miejscIIPId><sln:miejscIIPPn>PL.PZGIK.200</sln:miejscIIPPn><sln:miejscIIPWersja>2017-03-31T14:25:22+02:00</sln:miejscIIPWersja><sln:miejscIdTeryt>0750534</sln:miejscIdTeryt><sln:miejscNazwa>Wrześnica</sln:miejscNazwa><sln:miejscRodzaj>Wieś</sln:miejscRodzaj><sln:powIIPId>e7df1d0c-30d0-4e31-9ce5-af88ca2302f5</sln:powIIPId><sln:powIIPPn>PL.PZGIK.200</sln:powIIPPn><sln:powIIPWersja>2012-09-27T10:07:22+02:00</sln:powIIPWersja><sln:powIdTeryt>3213</sln:powIdTeryt><sln:powNazwa>sławieński</sln:powNazwa><sln:waznyOd>2011-03-22T00:00:00+01:00</sln:waznyOd><sln:wojIIPId>c3f2202a-b491-49c5-a3af-d581108d939a</sln:wojIIPId><sln:wojIIPPn>PL.PZGIK.200</sln:wojIIPPn><sln:wojIIPWersja>2017-10-10T00:00:00+02:00</sln:wojIIPWersja><sln:wojIdTeryt>32</sln:wojIdTeryt><sln:wojNazwa>zachodniopomorskie</sln:wojNazwa></sln:miejscowosc><sln:miejscowosc><sln:cyklZyciaOd>2017-03-31T00:00:00+02:00</sln:cyklZyciaOd><sln:gmIIPId>21bae452-49a1-4104-a18a-9424cea9bca7</sln:gmIIPId><sln:gmIIPPn>PL.PZGIK.200</sln:gmIIPPn><sln:gmIIPWersja>2012-09-26T22:34:35+02:00</sln:gmIIPWersja><sln:gmIdTeryt>3213062</sln:gmIdTeryt><sln:gmNazwa>Sławno</sln:gmNazwa><sln:miejscIIPId>c69f0e70-47af-4366-b276-59b3f78fe3c0</sln:miejscIIPId><sln:miejscIIPPn>PL.PZGIK.200</sln:miejscIIPPn><sln:miejscIIPWersja>2017-03-31T14:25:22+02:00</sln:miejscIIPWersja><sln:miejscIdTeryt>0750540</sln:miejscIdTeryt><sln:miejscNazwa>Żabno</sln:miejscNazwa><sln:miejscRodzaj>Wieś</sln:miejscRodzaj><sln:powIIPId>e7df1d0c-30d0-4e31-9ce5-af88ca2302f5</sln:powIIPId><sln:powIIPPn>PL.PZGIK.200</sln:powIIPPn><sln:powIIPWersja>2012-09-27T10:07:22+02:00</sln:powIIPWersja><sln:powIdTeryt>3213</sln:powIdTeryt><sln:powNazwa>sławieński</sln:powNazwa><sln:waznyOd>2011-03-22T00:00:00+01:00</sln:waznyOd><sln:wojIIPId>c3f2202a-b491-49c5-a3af-d581108d939a</sln:wojIIPId><sln:wojIIPPn>PL.PZGIK.200</sln:wojIIPPn><sln:wojIIPWersja>2017-10-10T00:00:00+02:00</sln:wojIIPWersja><sln:wojIdTeryt>32</sln:wojIdTeryt><sln:wojNazwa>zachodniopomorskie</sln:wojNazwa></sln:miejscowosc><sln:miejscowosc><sln:cyklZyciaOd>2017-03-31T00:00:00+02:00</sln:cyklZyciaOd><sln:gmIIPId>21bae452-49a1-4104-a18a-9424cea9bca7</sln:gmIIPId><sln:gmIIPPn>PL.PZGIK.200</sln:gmIIPPn><sln:gmIIPWersja>2012-09-26T22:34:35+02:00</sln:gmIIPWersja><sln:gmIdTeryt>3213062</sln:gmIdTeryt><sln:gmNazwa>Sławno</sln:gmNazwa><sln:miejscIIPId>14a5c74a-37c4-44ff-b9b5-fa08fa8a5a91</sln:miejscIIPId><sln:miejscIIPPn>PL.PZGIK.200</sln:miejscIIPPn><sln:miejscIIPWersja>2017-03-31T14:25:22+02:00</sln:miejscIIPWersja><sln:miejscIdTeryt>0750557</sln:miejscIdTeryt><sln:miejscNazwa>Żukowo</sln:miejscNazwa><sln:miejscRodzaj>Wieś</sln:miejscRodzaj><sln:powIIPId>e7df1d0c-30d0-4e31-9ce5-af88ca2302f5</sln:powIIPId><sln:powIIPPn>PL.PZGIK.200</sln:powIIPPn><sln:powIIPWersja>2012-09-27T10:07:22+02:00</sln:powIIPWersja><sln:powIdTeryt>3213</sln:powIdTeryt><sln:powNazwa>sławieński</sln:powNazwa><sln:waznyOd>2011-03-22T00:00:00+01:00</sln:waznyOd><sln:wojIIPId>c3f2202a-b491-49c5-a3af-d581108d939a</sln:wojIIPId><sln:wojIIPPn>PL.PZGIK.200</sln:wojIIPPn><sln:wojIIPWersja>2017-10-10T00:00:00+02:00</sln:wojIIPWersja><sln:wojIdTeryt>32</sln:wojIdTeryt><sln:wojNazwa>zachodniopomorskie</sln:wojNazwa></sln:miejscowosc></sln:lista-miejscowosci>