<?xml version="1.0" encoding="UTF-8" standalone="yes"?><sln:lista-miejscowosci xmlns:srv="http://gugik.gov.pl/schemas/slowniki-service/1.0" xmlns:sln="http://gugik.gov.pl/schemas/slowniki-schema/1.0"><sln:miejscowosc><sln:cyklZyciaDo>2017-04-03T00:00:00+02:00</sln:cyklZyciaDo><sln:cyklZyciaOd>2015-12-15T00:00:00+01:00</sln:cyklZyciaOd><sln:gmIIPId>f08043fc-e4cd-4530-8e55-9a94b4b196e4</sln:gmIIPId><sln:gmIIPPn>PL.PZGIK.200</sln:gmIIPPn><sln:gmIIPWersja>2012-09-26T22:36:02+02:00</sln:gmIIPWersja><sln:gmIdTeryt>3218032</sln:gmIdTeryt><sln:gmNazwa>Radowo Małe</sln:gmNazwa><sln:miejscIIPId>0a46f0ab-7bb1-4628-ab2c-e9470a985976</sln:miejscIIPId><sln:miejscIIPPn>PL.PZGIK.200</sln:miejscIIPPn><sln:miejscIIPWersja>2016-11-24T12:48:37+02:00</sln:miejscIIPWersja><sln:miejscIdTeryt>0782221</sln:miejscIdTeryt><sln:miejscNazwa>Borkowo Małe</sln:miejscNazwa><sln:miejscRodzaj>Osada</sln:miejscRodzaj><sln:powIIPId>2963177a-d9bc-4ceb-a68d-d83150a65edb</sln:powIIPId><sln:powIIPPn>PL.PZGIK.200</sln:powIIPPn><sln:powIIPWersja>2012-09-27T10:07:22+02:00</sln:powIIPWersja><sln:powIdTeryt>3218</sln:powIdTeryt><sln:powNazwa>łobeski</sln:powNazwa><sln:waznyOd>2011-03-18T00:00:00+01:00</sln:waznyOd><sln:wojIIPId>c3f2202a-b491-49c5-a3af-d581108d939a</sln:wojIIPId><sln:wojIIPPn>PL.PZGIK.200</sln:wojIIPPn><sln:wojIIPWersja>2017-10-10T00:00:00+02:00</sln:wojIIPWersja><sln:wojIdTeryt>32</sln:wojIdTeryt><sln:wojNazwa>zachodniopomorskie</sln:wojNazwa></sln:miejscowosc><sln:miejscowosc><sln:cyklZyciaDo>2017-04-03T00:00:00+02:00</sln:cyklZyciaDo><sln:cyklZyciaOd>2015-12-15T00:00:00+01:00</sln:cyklZyciaOd><sln:gmIIPId>f08043fc-e4cd-4530-8e55-9a94b4b196e4</sln:gmIIPId><sln:gmIIPPn>PL.PZGIK.200</sln:gmIIPPn><sln:gmIIPWersja>2012-09-26T22:36:02+02:00</sln:gmIIPWersja><sln:gmIdTeryt>3218032</sln:gmIdTeryt><sln:gmNazwa>Radowo Małe</sln:gmNazwa><sln:miejscIIPId>77d81a67-7041-4ae6-ad33-992dbe69aed0</sln:miejscIIPId><sln:miejscIIPPn>PL.PZGIK.200</sln:miejscIIPPn><sln:miejscIIPWersja>2016-11-24T12:48:37+02:00</sln:miejscIIPWersja><sln:miejscIdTeryt>0782066</sln:miejscIdTeryt><sln:miejscNazwa>Borkowo Wielkie</sln:miejscNazwa><sln:miejscRodzaj>Wieś</sln:miejscRodzaj><sln:powIIPId>2963177a-d9bc-4ceb-a68d-d83150a65edb</sln:powIIPId><sln:powIIPPn>PL.PZGIK.200</sln:powIIPPn><sln:powIIPWersja>2012-09-27T10:07:22+02:00</sln:powIIPWersja><sln:powIdTeryt>3218</sln:powIdTeryt><sln:powNazwa>łobeski</sln:powNazwa><sln:waznyOd>2011-03-18T00:00:00+01:00</sln:waznyOd><sln:wojIIPId>c3f2202a-b491-49c5-a3af-d581108d939a</sln:wojIIPId><sln:wojIIPPn>PL.PZGIK.200</sln:wojIIPPn><sln:wojIIPWersja>2017-10-10T00:00:00+02:00</sln:wojIIPWersja><sln:wojIdTeryt>32</sln:wojIdTeryt><sln:wojNazwa>zachodniopomorskie</sln:wojNazwa></sln:miejscowosc><sln:miejscowosc><sln:cyklZyciaDo>2017-04-03T00:00:00+02:00</sln:cyklZyciaDo><sln:cyklZyciaOd>2015-12-15T00:00:00+01:00</sln:cyklZyciaOd><sln:gmIIPId>f08043fc-e4cd-4530-8e55-9a94b4b196e4</sln:gmIIPId><sln:gmIIPPn>PL.PZGIK.200</sln:gmIIPPn><sln:gmIIPWersja>2012-09-26T22:36:02+02:00</sln:gmIIPWersja><sln:gmIdTeryt>3218032</sln:gmIdTeryt><sln:gmNazwa>Radowo Małe</sln:gmNazwa><sln:miejscIIPId>ea40d622-605c-4ea2-8a7f-df6db2b716f4</sln:miejscIIPId><sln:miejscIIPPn>PL.PZGIK.200</sln:miejscIIPPn><sln:miejscIIPWersja>2016-11-24T12:48:37+02:00</sln:miejscIIPWersja><sln:miejscIdTeryt>0782072</sln:miejscIdTeryt><sln:miejscNazwa>Czachowo</sln:miejscNazwa><sln:miejscRodzaj>Wieś</sln:miejscRodzaj><sln:powIIPId>2963177a-d9bc-4ceb-a68d-d83150a65edb</sln:powIIPId><sln:powIIPPn>PL.PZGIK.200</sln:powIIPPn><sln:powIIPWersja>2012-09-27T10:07:22+02:00</sln:powIIPWersja><sln:powIdTeryt>3218</sln:powIdTeryt><sln:powNazwa>łobeski</sln:powNazwa><sln:waznyOd>2011-03-18T00:00:00+01:00</sln:waznyOd><sln:wojIIPId>c3f2202a-b491-49c5-a3af-d581108d939a</sln:wojIIPId><sln:wojIIPPn>PL.PZGIK.200</sln:wojIIPPn><sln:wojIIPWersja>2017-10-10T00:00:00+02:00</sln:wojIIPWersja><sln:wojIdTeryt>32</sln:wojIdTeryt><sln:wojNazwa>zachodniopomorskie</sln:wojNazwa></sln:miejscowosc><sln:miejscowosc><sln:cyklZyciaDo>2017-04-03T00:00:00+02:00</sln:cyklZyciaDo><sln:cyklZyciaOd>2015-12-15T00:00:00+01:00</sln:cyklZyciaOd><sln:gmIIPId>f08043fc-e4cd-4530-8e55-9a94b4b196e4</sln:gmIIPId><sln:gmIIPPn>PL.PZGIK.200</sln:gmIIPPn><sln:gmIIPWersja>2012-09-26T22:36:02+02:00</sln:gmIIPWersja><sln:gmIdTeryt>3218032</sln:gmIdTeryt><sln:gmNazwa>Radowo Małe</sln:gmNazwa><sln:miejscIIPId>93f549e0-120c-446d-933d-99cd39a007b0</sln:miejscIIPId><sln:miejscIIPPn>PL.PZGIK.200</sln:miejscIIPPn><sln:miejscIIPWersja>2016-11-24T12:48:37+02:00</sln:miejscIIPWersja><sln:miejscIdTeryt>0782089</sln:miejscIdTeryt><sln:miejscNazwa>Dargomyśl</sln:miejscNazwa><sln:miejscRodzaj>Osada</sln:miejscRodzaj><sln:powIIPId>2963177a-d9bc-4ceb-a68d-d83150a65edb</sln:powIIPId><sln:powIIPPn>PL.PZGIK.200</sln:powIIPPn><sln:powIIPWersja>2012-09-27T10:07:22+02:00</sln:powIIPWersja><sln:powIdTeryt>3218</sln:powIdTeryt><sln:powNazwa>łobeski</sln:powNazwa><sln:waznyOd>2011-03-18T00:00:00+01:00</sln:waznyOd><sln:wojIIPId>c3f2202a-b491-49c5-a3af-d581108d939a</sln:wojIIPId><sln:wojIIPPn>PL.PZGIK.200</sln:wojIIPPn><sln:wojIIPWersja>2017-10-10T00:00:00+02:00</sln:wojIIPWersja><sln:wojIdTeryt>32</sln:wojIdTeryt><sln:wojNazwa>zachodniopomorskie</sln:wojNazwa></sln:miejscowosc><sln:miejscowosc><sln:cyklZyciaDo>2017-04-03T00:00:00+02:00</sln:cyklZyciaDo><sln:cyklZyciaOd>2015-12-15T00:00:00+01:00</sln:cyklZyciaOd><sln:gmIIPId>f08043fc-e4cd-4530-8e55-9a94b4b196e4</sln:gmIIPId><sln:gmIIPPn>PL.PZGIK.200</sln:gmIIPPn><sln:gmIIPWersja>2012-09-26T22:36:02+02:00</sln:gmIIPWersja><sln:gmIdTeryt>3218032</sln:gmIdTeryt><sln:gmNazwa>Radowo Małe</sln:gmNazwa><sln:miejscIIPId>6e609690-66df-46f8-a8ce-3c627c7df53f</sln:miejscIIPId><sln:miejscIIPPn>PL.PZGIK.200</sln:miejscIIPPn><sln:miejscIIPWersja>2016-11-24T12:48:37+02:00</sln:miejscIIPWersja><sln:miejscIdTeryt>0782103</sln:miejscIdTeryt><sln:miejscNazwa>Dobrkowo</sln:miejscNazwa><sln:miejscRodzaj>Wieś</sln:miejscRodzaj><sln:powIIPId>2963177a-d9bc-4ceb-a68d-d83150a65edb</sln:powIIPId><sln:powIIPPn>PL.PZGIK.200</sln:powIIPPn><sln:powIIPWersja>2012-09-27T10:07:22+02:00</sln:powIIPWersja><sln:powIdTeryt>3218</sln:powIdTeryt><sln:powNazwa>łobeski</sln:powNazwa><sln:waznyOd>2011-03-18T00:00:00+01:00</sln:waznyOd><sln:wojIIPId>c3f2202a-b491-49c5-a3af-d581108d939a</sln:wojIIPId><sln:wojIIPPn>PL.PZGIK.200</sln:wojIIPPn><sln:wojIIPWersja>2017-10-10T00:00:00+02:00</sln:wojIIPWersja><sln:wojIdTeryt>32</sln:wojIdTeryt><sln:wojNazwa>zachodniopomorskie</sln:wojNazwa></sln:miejscowosc><sln:miejscowosc><sln:cyklZyciaDo>2017-04-03T00:00:00+02:00</sln:cyklZyciaDo><sln:cyklZyciaOd>2015-12-15T00:00:00+01:00</sln:cyklZyciaOd><sln:gmIIPId>f08043fc-e4cd-4530-8e55-9a94b4b196e4</sln:gmIIPId><sln:gmIIPPn>PL.PZGIK.200</sln:gmIIPPn><sln:gmIIPWersja>2012-09-26T22:36:02+02:00</sln:gmIIPWersja><sln:gmIdTeryt>3218032</sln:gmIdTeryt><sln:gmNazwa>Radowo Małe</sln:gmNazwa><sln:miejscIIPId>d4038104-9e45-427a-847b-3b43c898f4ed</sln:miejscIIPId><sln:miejscIIPPn>PL.PZGIK.200</sln:miejscIIPPn><sln:miejscIIPWersja>2016-11-24T12:48:37+02:00</sln:miejscIIPWersja><sln:miejscIdTeryt>0782126</sln:miejscIdTeryt><sln:miejscNazwa>Gildnica</sln:miejscNazwa><sln:miejscRodzaj>Przysiółek</sln:miejscRodzaj><sln:powIIPId>2963177a-d9bc-4ceb-a68d-d83150a65edb</sln:powIIPId><sln:powIIPPn>PL.PZGIK.200</sln:powIIPPn><sln:powIIPWersja>2012-09-27T10:07:22+02:00</sln:powIIPWersja><sln:powIdTeryt>3218</sln:powIdTeryt><sln:powNazwa>łobeski</sln:powNazwa><sln:waznyOd>2011-03-18T00:00:00+01:00</sln:waznyOd><sln:wojIIPId>c3f2202a-b491-49c5-a3af-d581108d939a</sln:wojIIPId><sln:wojIIPPn>PL.PZGIK.200</sln:wojIIPPn><sln:wojIIPWersja>2017-10-10T00:00:00+02:00</sln:wojIIPWersja><sln:wojIdTeryt>32</sln:wojIdTeryt><sln:wojNazwa>zachodniopomorskie</sln:wojNazwa></sln:miejscowosc><sln:miejscowosc><sln:cyklZyciaDo>2017-04-03T00:00:00+02:00</sln:cyklZyciaDo><sln:cyklZyciaOd>2015-12-15T00:00:00+01:00</sln:cyklZyciaOd><sln:gmIIPId>f08043fc-e4cd-4530-8e55-9a94b4b196e4</sln:gmIIPId><sln:gmIIPPn>PL.PZGIK.200</sln:gmIIPPn><sln:gmIIPWersja>2012-09-26T22:36:02+02:00</sln:gmIIPWersja><sln:gmIdTeryt>3218032</sln:gmIdTeryt><sln:gmNazwa>Radowo Małe</sln:gmNazwa><sln:miejscIIPId>1c315f57-f40c-424b-bc21-883db68f8422</sln:miejscIIPId><sln:miejscIIPPn>PL.PZGIK.200</sln:miejscIIPPn><sln:miejscIIPWersja>2016-11-24T12:48:37+02:00</sln:miejscIIPWersja><sln:miejscIdTeryt>0782110</sln:miejscIdTeryt><sln:miejscNazwa>Gostomin</sln:miejscNazwa><sln:miejscRodzaj>Wieś</sln:miejscRodzaj><sln:powIIPId>2963177a-d9bc-4ceb-a68d-d83150a65edb</sln:powIIPId><sln:powIIPPn>PL.PZGIK.200</sln:powIIPPn><sln:powIIPWersja>2012-09-27T10:07:22+02:00</sln:powIIPWersja><sln:powIdTeryt>3218</sln:powIdTeryt><sln:powNazwa>łobeski</sln:powNazwa><sln:waznyOd>2011-03-18T00:00:00+01:00</sln:waznyOd><sln:wojIIPId>c3f2202a-b491-49c5-a3af-d581108d939a</sln:wojIIPId><sln:wojIIPPn>PL.PZGIK.200</sln:wojIIPPn><sln:wojIIPWersja>2017-10-10T00:00:00+02:00</sln:wojIIPWersja><sln:wojIdTeryt>32</sln:wojIdTeryt><sln:wojNazwa>zachodniopomorskie</sln:wojNazwa></sln:miejscowosc><sln:miejscowosc><sln:cyklZyciaDo>2017-04-03T00:00:00+02:00</sln:cyklZyciaDo><sln:cyklZyciaOd>2015-12-15T00:00:00+01:00</sln:cyklZyciaOd><sln:gmIIPId>f08043fc-e4cd-4530-8e55-9a94b4b196e4</sln:gmIIPId><sln:gmIIPPn>PL.PZGIK.200</sln:gmIIPPn><sln:gmIIPWersja>2012-09-26T22:36:02+02:00</sln:gmIIPWersja><sln:gmIdTeryt>3218032</sln:gmIdTeryt><sln:gmNazwa>Radowo Małe</sln:gmNazwa><sln:miejscIIPId>b145040c-b2d9-4e00-945c-0a4aa3f4ea58</sln:miejscIIPId><sln:miejscIIPPn>PL.PZGIK.200</sln:miejscIIPPn><sln:miejscIIPWersja>2016-11-24T12:48:37+02:00</sln:miejscIIPWersja><sln:miejscIdTeryt>0782132</sln:miejscIdTeryt><sln:miejscNazwa>Karnice</sln:miejscNazwa><sln:miejscRodzaj>Wieś</sln:miejscRodzaj><sln:powIIPId>2963177a-d9bc-4ceb-a68d-d83150a65edb</sln:powIIPId><sln:powIIPPn>PL.PZGIK.200</sln:powIIPPn><sln:powIIPWersja>2012-09-27T10:07:22+02:00</sln:powIIPWersja><sln:powIdTeryt>3218</sln:powIdTeryt><sln:powNazwa>łobeski</sln:powNazwa><sln:waznyOd>2011-03-18T00:00:00+01:00</sln:waznyOd><sln:wojIIPId>c3f2202a-b491-49c5-a3af-d581108d939a</sln:wojIIPId><sln:wojIIPPn>PL.PZGIK.200</sln:wojIIPPn><sln:wojIIPWersja>2017-10-10T00:00:00+02:00</sln:wojIIPWersja><sln:wojIdTeryt>32</sln:wojIdTeryt><sln:wojNazwa>zachodniopomorskie</sln:wojNazwa></sln:miejscowosc><sln:miejscowosc><sln:cyklZyciaDo>2017-04-03T00:00:00+02:00</sln:cyklZyciaDo><sln:cyklZyciaOd>2015-12-15T00:00:00+01:00</sln:cyklZyciaOd><sln:gmIIPId>f08043fc-e4cd-4530-8e55-9a94b4b196e4</sln:gmIIPId><sln:gmIIPPn>PL.PZGIK.200</sln:gmIIPPn><sln:gmIIPWersja>2012-09-26T22:36:02+02:00</sln:gmIIPWersja><sln:gmIdTeryt>3218032</sln:gmIdTeryt><sln:gmNazwa>Radowo Małe</sln:gmNazwa><sln:miejscIIPId>0b24a06e-01b0-4742-b487-0c8f4aba4f8f</sln:miejscIIPId><sln:miejscIIPPn>PL.PZGIK.200</sln:miejscIIPPn><sln:miejscIIPWersja>2016-11-24T12:48:37+02:00</sln:miejscIIPWersja><sln:miejscIdTeryt>0782304</sln:miejscIdTeryt><sln:miejscNazwa>Konie</sln:miejscNazwa><sln:miejscRodzaj>Kolonia</sln:miejscRodzaj><sln:powIIPId>2963177a-d9bc-4ceb-a68d-d83150a65edb</sln:powIIPId><sln:powIIPPn>PL.PZGIK.200</sln:powIIPPn><sln:powIIPWersja>2012-09-27T10:07:22+02:00</sln:powIIPWersja><sln:powIdTeryt>3218</sln:powIdTeryt><sln:powNazwa>łobeski</sln:powNazwa><sln:waznyOd>2011-03-18T00:00:00+01:00</sln:waznyOd><sln:wojIIPId>c3f2202a-b491-49c5-a3af-d581108d939a</sln:wojIIPId><sln:wojIIPPn>PL.PZGIK.200</sln:wojIIPPn><sln:wojIIPWersja>2017-10-10T00:00:00+02:00</sln:wojIIPWersja><sln:wojIdTeryt>32</sln:wojIdTeryt><sln:wojNazwa>zachodniopomorskie</sln:wojNazwa></sln:miejscowosc><sln:miejscowosc><sln:cyklZyciaDo>2017-04-03T00:00:00+02:00</sln:cyklZyciaDo><sln:cyklZyciaOd>2015-12-15T00:00:00+01:00</sln:cyklZyciaOd><sln:gmIIPId>f08043fc-e4cd-4530-8e55-9a94b4b196e4</sln:gmIIPId><sln:gmIIPPn>PL.PZGIK.200</sln:gmIIPPn><sln:gmIIPWersja>2012-09-26T22:36:02+02:00</sln:gmIIPWersja><sln:gmIdTeryt>3218032</sln:gmIdTeryt><sln:gmNazwa>Radowo Małe</sln:gmNazwa><sln:miejscIIPId>0826d388-5bd7-492b-b7a1-3dd3daaaa6bd</sln:miejscIIPId><sln:miejscIIPPn>PL.PZGIK.200</sln:miejscIIPPn><sln:miejscIIPWersja>2016-11-24T12:48:37+02:00</sln:miejscIIPWersja><sln:miejscIdTeryt>0782178</sln:miejscIdTeryt><sln:miejscNazwa>Maliniec</sln:miejscNazwa><sln:miejscRodzaj>Osada</sln:miejscRodzaj><sln:powIIPId>2963177a-d9bc-4ceb-a68d-d83150a65edb</sln:powIIPId><sln:powIIPPn>PL.PZGIK.200</sln:powIIPPn><sln:powIIPWersja>2012-09-27T10:07:22+02:00</sln:powIIPWersja><sln:powIdTeryt>3218</sln:powIdTeryt><sln:powNazwa>łobeski</sln:powNazwa><sln:waznyOd>2011-03-18T00:00:00+01:00</sln:waznyOd><sln:wojIIPId>c3f2202a-b491-49c5-a3af-d581108d939a</sln:wojIIPId><sln:wojIIPPn>PL.PZGIK.200</sln:wojIIPPn><sln:wojIIPWersja>2017-10-10T00:00:00+02:00</sln:wojIIPWersja><sln:wojIdTeryt>32</sln:wojIdTeryt><sln:wojNazwa>zachodniopomorskie</sln:wojNazwa></sln:miejscowosc><sln:miejscowosc><sln:cyklZyciaDo>2017-04-03T00:00:00+02:00</sln:cyklZyciaDo><sln:cyklZyciaOd>2015-12-15T00:00:00+01:00</sln:cyklZyciaOd><sln:gmIIPId>f08043fc-e4cd-4530-8e55-9a94b4b196e4</sln:gmIIPId><sln:gmIIPPn>PL.PZGIK.200</sln:gmIIPPn><sln:gmIIPWersja>2012-09-26T22:36:02+02:00</sln:gmIIPWersja><sln:gmIdTeryt>3218032</sln:gmIdTeryt><sln:gmNazwa>Radowo Małe</sln:gmNazwa><sln:miejscIIPId>8b105373-c462-4d63-8c5f-ccd177376cb1</sln:miejscIIPId><sln:miejscIIPPn>PL.PZGIK.200</sln:miejscIIPPn><sln:miejscIIPWersja>2016-11-24T12:48:37+02:00</sln:miejscIIPWersja><sln:miejscIdTeryt>0782155</sln:miejscIdTeryt><sln:miejscNazwa>Mołdawin</sln:miejscNazwa><sln:miejscRodzaj>Wieś</sln:miejscRodzaj><sln:powIIPId>2963177a-d9bc-4ceb-a68d-d83150a65edb</sln:powIIPId><sln:powIIPPn>PL.PZGIK.200</sln:powIIPPn><sln:powIIPWersja>2012-09-27T10:07:22+02:00</sln:powIIPWersja><sln:powIdTeryt>3218</sln:powIdTeryt><sln:powNazwa>łobeski</sln:powNazwa><sln:waznyOd>2011-03-18T00:00:00+01:00</sln:waznyOd><sln:wojIIPId>c3f2202a-b491-49c5-a3af-d581108d939a</sln:wojIIPId><sln:wojIIPPn>PL.PZGIK.200</sln:wojIIPPn><sln:wojIIPWersja>2017-10-10T00:00:00+02:00</sln:wojIIPWersja><sln:wojIdTeryt>32</sln:wojIdTeryt><sln:wojNazwa>zachodniopomorskie</sln:wojNazwa></sln:miejscowosc><sln:miejscowosc><sln:cyklZyciaDo>2017-04-03T00:00:00+02:00</sln:cyklZyciaDo><sln:cyklZyciaOd>2015-12-15T00:00:00+01:00</sln:cyklZyciaOd><sln:gmIIPId>f08043fc-e4cd-4530-8e55-9a94b4b196e4</sln:gmIIPId><sln:gmIIPPn>PL.PZGIK.200</sln:gmIIPPn><sln:gmIIPWersja>2012-09-26T22:36:02+02:00</sln:gmIIPWersja><sln:gmIdTeryt>3218032</sln:gmIdTeryt><sln:gmNazwa>Radowo Małe</sln:gmNazwa><sln:miejscIIPId>008bc4da-d5f7-462f-ac6e-de1b63036715</sln:miejscIIPId><sln:miejscIIPPn>PL.PZGIK.200</sln:miejscIIPPn><sln:miejscIIPWersja>2016-11-24T12:48:37+02:00</sln:miejscIIPWersja><sln:miejscIdTeryt>0782184</sln:miejscIdTeryt><sln:miejscNazwa>Mołdawinek</sln:miejscNazwa><sln:miejscRodzaj>Wieś</sln:miejscRodzaj><sln:powIIPId>2963177a-d9bc-4ceb-a68d-d83150a65edb</sln:powIIPId><sln:powIIPPn>PL.PZGIK.200</sln:powIIPPn><sln:powIIPWersja>2012-09-27T10:07:22+02:00</sln:powIIPWersja><sln:powIdTeryt>3218</sln:powIdTeryt><sln:powNazwa>łobeski</sln:powNazwa><sln:waznyOd>2011-03-18T00:00:00+01:00</sln:waznyOd><sln:wojIIPId>c3f2202a-b491-49c5-a3af-d581108d939a</sln:wojIIPId><sln:wojIIPPn>PL.PZGIK.200</sln:wojIIPPn><sln:wojIIPWersja>2017-10-10T00:00:00+02:00</sln:wojIIPWersja><sln:wojIdTeryt>32</sln:wojIdTeryt><sln:wojNazwa>zachodniopomorskie</sln:wojNazwa></sln:miejscowosc><sln:miejscowosc><sln:cyklZyciaDo>2017-04-03T00:00:00+02:00</sln:cyklZyciaDo><sln:cyklZyciaOd>2015-12-15T00:00:00+01:00</sln:cyklZyciaOd><sln:gmIIPId>f08043fc-e4cd-4530-8e55-9a94b4b196e4</sln:gmIIPId><sln:gmIIPPn>PL.PZGIK.200</sln:gmIIPPn><sln:gmIIPWersja>2012-09-26T22:36:02+02:00</sln:gmIIPWersja><sln:gmIdTeryt>3218032</sln:gmIdTeryt><sln:gmNazwa>Radowo Małe</sln:gmNazwa><sln:miejscIIPId>64735ab4-d862-47c5-bdf5-550adceb783e</sln:miejscIIPId><sln:miejscIIPPn>PL.PZGIK.200</sln:miejscIIPPn><sln:miejscIIPWersja>2016-11-24T12:48:37+02:00</sln:miejscIIPWersja><sln:miejscIdTeryt>0782190</sln:miejscIdTeryt><sln:miejscNazwa>Orle</sln:miejscNazwa><sln:miejscRodzaj>Wieś</sln:miejscRodzaj><sln:powIIPId>2963177a-d9bc-4ceb-a68d-d83150a65edb</sln:powIIPId><sln:powIIPPn>PL.PZGIK.200</sln:powIIPPn><sln:powIIPWersja>2012-09-27T10:07:22+02:00</sln:powIIPWersja><sln:powIdTeryt>3218</sln:powIdTeryt><sln:powNazwa>łobeski</sln:powNazwa><sln:waznyOd>2011-03-18T00:00:00+01:00</sln:waznyOd><sln:wojIIPId>c3f2202a-b491-49c5-a3af-d581108d939a</sln:wojIIPId><sln:wojIIPPn>PL.PZGIK.200</sln:wojIIPPn><sln:wojIIPWersja>2017-10-10T00:00:00+02:00</sln:wojIIPWersja><sln:wojIdTeryt>32</sln:wojIdTeryt><sln:wojNazwa>zachodniopomorskie</sln:wojNazwa></sln:miejscowosc><sln:miejscowosc><sln:cyklZyciaDo>2017-04-03T00:00:00+02:00</sln:cyklZyciaDo><sln:cyklZyciaOd>2015-12-15T00:00:00+01:00</sln:cyklZyciaOd><sln:gmIIPId>f08043fc-e4cd-4530-8e55-9a94b4b196e4</sln:gmIIPId><sln:gmIIPPn>PL.PZGIK.200</sln:gmIIPPn><sln:gmIIPWersja>2012-09-26T22:36:02+02:00</sln:gmIIPWersja><sln:gmIdTeryt>3218032</sln:gmIdTeryt><sln:gmNazwa>Radowo Małe</sln:gmNazwa><sln:miejscIIPId>2da5d8bd-d592-4db2-ad0d-c36204b3af3d</sln:miejscIIPId><sln:miejscIIPPn>PL.PZGIK.200</sln:miejscIIPPn><sln:miejscIIPWersja>2016-11-24T12:48:37+02:00</sln:miejscIIPWersja><sln:miejscIdTeryt>0782209</sln:miejscIdTeryt><sln:miejscNazwa>Pogorzelica</sln:miejscNazwa><sln:miejscRodzaj>Wieś</sln:miejscRodzaj><sln:powIIPId>2963177a-d9bc-4ceb-a68d-d83150a65edb</sln:powIIPId><sln:powIIPPn>PL.PZGIK.200</sln:powIIPPn><sln:powIIPWersja>2012-09-27T10:07:22+02:00</sln:powIIPWersja><sln:powIdTeryt>3218</sln:powIdTeryt><sln:powNazwa>łobeski</sln:powNazwa><sln:waznyOd>2011-03-18T00:00:00+01:00</sln:waznyOd><sln:wojIIPId>c3f2202a-b491-49c5-a3af-d581108d939a</sln:wojIIPId><sln:wojIIPPn>PL.PZGIK.200</sln:wojIIPPn><sln:wojIIPWersja>2017-10-10T00:00:00+02:00</sln:wojIIPWersja><sln:wojIdTeryt>32</sln:wojIdTeryt><sln:wojNazwa>zachodniopomorskie</sln:wojNazwa></sln:miejscowosc><sln:miejscowosc><sln:cyklZyciaDo>2017-04-03T00:00:00+02:00</sln:cyklZyciaDo><sln:cyklZyciaOd>2015-12-15T00:00:00+01:00</sln:cyklZyciaOd><sln:gmIIPId>f08043fc-e4cd-4530-8e55-9a94b4b196e4</sln:gmIIPId><sln:gmIIPPn>PL.PZGIK.200</sln:gmIIPPn><sln:gmIIPWersja>2012-09-26T22:36:02+02:00</sln:gmIIPWersja><sln:gmIdTeryt>3218032</sln:gmIdTeryt><sln:gmNazwa>Radowo Małe</sln:gmNazwa><sln:miejscIIPId>86485149-ae2c-4ae0-a1fd-8bc63efef905</sln:miejscIIPId><sln:miejscIIPPn>PL.PZGIK.200</sln:miejscIIPPn><sln:miejscIIPWersja>2016-11-24T12:48:37+02:00</sln:miejscIIPWersja><sln:miejscIdTeryt>0782215</sln:miejscIdTeryt><sln:miejscNazwa>Radowo Małe</sln:miejscNazwa><sln:miejscRodzaj>Wieś</sln:miejscRodzaj><sln:powIIPId>2963177a-d9bc-4ceb-a68d-d83150a65edb</sln:powIIPId><sln:powIIPPn>PL.PZGIK.200</sln:powIIPPn><sln:powIIPWersja>2012-09-27T10:07:22+02:00</sln:powIIPWersja><sln:powIdTeryt>3218</sln:powIdTeryt><sln:powNazwa>łobeski</sln:powNazwa><sln:waznyOd>2011-03-18T00:00:00+01:00</sln:waznyOd><sln:wojIIPId>c3f2202a-b491-49c5-a3af-d581108d939a</sln:wojIIPId><sln:wojIIPPn>PL.PZGIK.200</sln:wojIIPPn><sln:wojIIPWersja>2017-10-10T00:00:00+02:00</sln:wojIIPWersja><sln:wojIdTeryt>32</sln:wojIdTeryt><sln:wojNazwa>zachodniopomorskie</sln:wojNazwa></sln:miejscowosc><sln:miejscowosc><sln:cyklZyciaDo>2017-04-03T00:00:00+02:00</sln:cyklZyciaDo><sln:cyklZyciaOd>2015-12-15T00:00:00+01:00</sln:cyklZyciaOd><sln:gmIIPId>f08043fc-e4cd-4530-8e55-9a94b4b196e4</sln:gmIIPId><sln:gmIIPPn>PL.PZGIK.200</sln:gmIIPPn><sln:gmIIPWersja>2012-09-26T22:36:02+02:00</sln:gmIIPWersja><sln:gmIdTeryt>3218032</sln:gmIdTeryt><sln:gmNazwa>Radowo Małe</sln:gmNazwa><sln:miejscIIPId>d5ee1369-2494-4bac-ba19-61276413385a</sln:miejscIIPId><sln:miejscIIPPn>PL.PZGIK.200</sln:miejscIIPPn><sln:miejscIIPWersja>2016-11-24T12:48:37+02:00</sln:miejscIIPWersja><sln:miejscIdTeryt>0782244</sln:miejscIdTeryt><sln:miejscNazwa>Radowo Wielkie</sln:miejscNazwa><sln:miejscRodzaj>Wieś</sln:miejscRodzaj><sln:powIIPId>2963177a-d9bc-4ceb-a68d-d83150a65edb</sln:powIIPId><sln:powIIPPn>PL.PZGIK.200</sln:powIIPPn><sln:powIIPWersja>2012-09-27T10:07:22+02:00</sln:powIIPWersja><sln:powIdTeryt>3218</sln:powIdTeryt><sln:powNazwa>łobeski</sln:powNazwa><sln:waznyOd>2011-03-18T00:00:00+01:00</sln:waznyOd><sln:wojIIPId>c3f2202a-b491-49c5-a3af-d581108d939a</sln:wojIIPId><sln:wojIIPPn>PL.PZGIK.200</sln:wojIIPPn><sln:wojIIPWersja>2017-10-10T00:00:00+02:00</sln:wojIIPWersja><sln:wojIdTeryt>32</sln:wojIdTeryt><sln:wojNazwa>zachodniopomorskie</sln:wojNazwa></sln:miejscowosc><sln:miejscowosc><sln:cyklZyciaDo>2017-04-03T00:00:00+02:00</sln:cyklZyciaDo><sln:cyklZyciaOd>2015-12-15T00:00:00+01:00</sln:cyklZyciaOd><sln:gmIIPId>f08043fc-e4cd-4530-8e55-9a94b4b196e4</sln:gmIIPId><sln:gmIIPPn>PL.PZGIK.200</sln:gmIIPPn><sln:gmIIPWersja>2012-09-26T22:36:02+02:00</sln:gmIIPWersja><sln:gmIdTeryt>3218032</sln:gmIdTeryt><sln:gmNazwa>Radowo Małe</sln:gmNazwa><sln:miejscIIPId>2f2f5c26-41b1-420d-9a16-5d8423ae5560</sln:miejscIIPId><sln:miejscIIPPn>PL.PZGIK.200</sln:miejscIIPPn><sln:miejscIIPWersja>2016-11-24T12:48:37+02:00</sln:miejscIIPWersja><sln:miejscIdTeryt>0782362</sln:miejscIdTeryt><sln:miejscNazwa>Radzim</sln:miejscNazwa><sln:miejscRodzaj>Osada</sln:miejscRodzaj><sln:powIIPId>2963177a-d9bc-4ceb-a68d-d83150a65edb</sln:powIIPId><sln:powIIPPn>PL.PZGIK.200</sln:powIIPPn><sln:powIIPWersja>2012-09-27T10:07:22+02:00</sln:powIIPWersja><sln:powIdTeryt>3218</sln:powIdTeryt><sln:powNazwa>łobeski</sln:powNazwa><sln:waznyOd>2011-03-18T00:00:00+01:00</sln:waznyOd><sln:wojIIPId>c3f2202a-b491-49c5-a3af-d581108d939a</sln:wojIIPId><sln:wojIIPPn>PL.PZGIK.200</sln:wojIIPPn><sln:wojIIPWersja>2017-10-10T00:00:00+02:00</sln:wojIIPWersja><sln:wojIdTeryt>32</sln:wojIdTeryt><sln:wojNazwa>zachodniopomorskie</sln:wojNazwa></sln:miejscowosc><sln:miejscowosc><sln:cyklZyciaDo>2017-04-03T00:00:00+02:00</sln:cyklZyciaDo><sln:cyklZyciaOd>2015-12-15T00:00:00+01:00</sln:cyklZyciaOd><sln:gmIIPId>f08043fc-e4cd-4530-8e55-9a94b4b196e4</sln:gmIIPId><sln:gmIIPPn>PL.PZGIK.200</sln:gmIIPPn><sln:gmIIPWersja>2012-09-26T22:36:02+02:00</sln:gmIIPWersja><sln:gmIdTeryt>3218032</sln:gmIdTeryt><sln:gmNazwa>Radowo Małe</sln:gmNazwa><sln:miejscIIPId>c5770e05-6409-41e5-a211-4379f847fd1e</sln:miejscIIPId><sln:miejscIIPPn>PL.PZGIK.200</sln:miejscIIPPn><sln:miejscIIPWersja>2016-11-24T12:48:37+02:00</sln:miejscIIPWersja><sln:miejscIdTeryt>0782267</sln:miejscIdTeryt><sln:miejscNazwa>Rekowo</sln:miejscNazwa><sln:miejscRodzaj>Wieś</sln:miejscRodzaj><sln:powIIPId>2963177a-d9bc-4ceb-a68d-d83150a65edb</sln:powIIPId><sln:powIIPPn>PL.PZGIK.200</sln:powIIPPn><sln:powIIPWersja>2012-09-27T10:07:22+02:00</sln:powIIPWersja><sln:powIdTeryt>3218</sln:powIdTeryt><sln:powNazwa>łobeski</sln:powNazwa><sln:waznyOd>2011-03-18T00:00:00+01:00</sln:waznyOd><sln:wojIIPId>c3f2202a-b491-49c5-a3af-d581108d939a</sln:wojIIPId><sln:wojIIPPn>PL.PZGIK.200</sln:wojIIPPn><sln:wojIIPWersja>2017-10-10T00:00:00+02:00</sln:wojIIPWersja><sln:wojIdTeryt>32</sln:wojIdTeryt><sln:wojNazwa>zachodniopomorskie</sln:wojNazwa></sln:miejscowosc><sln:miejscowosc><sln:cyklZyciaDo>2017-04-03T00:00:00+02:00</sln:cyklZyciaDo><sln:cyklZyciaOd>2015-12-15T00:00:00+01:00</sln:cyklZyciaOd><sln:gmIIPId>f08043fc-e4cd-4530-8e55-9a94b4b196e4</sln:gmIIPId><sln:gmIIPPn>PL.PZGIK.200</sln:gmIIPPn><sln:gmIIPWersja>2012-09-26T22:36:02+02:00</sln:gmIIPWersja><sln:gmIdTeryt>3218032</sln:gmIdTeryt><sln:gmNazwa>Radowo Małe</sln:gmNazwa><sln:miejscIIPId>787762fb-6bec-4c30-b387-0618527838ed</sln:miejscIIPId><sln:miejscIIPPn>PL.PZGIK.200</sln:miejscIIPPn><sln:miejscIIPWersja>2016-11-24T12:48:37+02:00</sln:miejscIIPWersja><sln:miejscIdTeryt>0782273</sln:miejscIdTeryt><sln:miejscNazwa>Rogowo</sln:miejscNazwa><sln:miejscRodzaj>Wieś</sln:miejscRodzaj><sln:powIIPId>2963177a-d9bc-4ceb-a68d-d83150a65edb</sln:powIIPId><sln:powIIPPn>PL.PZGIK.200</sln:powIIPPn><sln:powIIPWersja>2012-09-27T10:07:22+02:00</sln:powIIPWersja><sln:powIdTeryt>3218</sln:powIdTeryt><sln:powNazwa>łobeski</sln:powNazwa><sln:waznyOd>2011-03-18T00:00:00+01:00</sln:waznyOd><sln:wojIIPId>c3f2202a-b491-49c5-a3af-d581108d939a</sln:wojIIPId><sln:wojIIPPn>PL.PZGIK.200</sln:wojIIPPn><sln:wojIIPWersja>2017-10-10T00:00:00+02:00</sln:wojIIPWersja><sln:wojIdTeryt>32</sln:wojIdTeryt><sln:wojNazwa>zachodniopomorskie</sln:wojNazwa></sln:miejscowosc><sln:miejscowosc><sln:cyklZyciaDo>2017-04-03T00:00:00+02:00</sln:cyklZyciaDo><sln:cyklZyciaOd>2015-12-15T00:00:00+01:00</sln:cyklZyciaOd><sln:gmIIPId>f08043fc-e4cd-4530-8e55-9a94b4b196e4</sln:gmIIPId><sln:gmIIPPn>PL.PZGIK.200</sln:gmIIPPn><sln:gmIIPWersja>2012-09-26T22:36:02+02:00</sln:gmIIPWersja><sln:gmIdTeryt>3218032</sln:gmIdTeryt><sln:gmNazwa>Radowo Małe</sln:gmNazwa><sln:miejscIIPId>f308e542-73ad-45bf-ac76-bc1ebfe5a7e3</sln:miejscIIPId><sln:miejscIIPPn>PL.PZGIK.200</sln:miejscIIPPn><sln:miejscIIPWersja>2016-11-24T12:48:37+02:00</sln:miejscIIPWersja><sln:miejscIdTeryt>0782296</sln:miejscIdTeryt><sln:miejscNazwa>Siedlice</sln:miejscNazwa><sln:miejscRodzaj>Wieś</sln:miejscRodzaj><sln:powIIPId>2963177a-d9bc-4ceb-a68d-d83150a65edb</sln:powIIPId><sln:powIIPPn>PL.PZGIK.200</sln:powIIPPn><sln:powIIPWersja>2012-09-27T10:07:22+02:00</sln:powIIPWersja><sln:powIdTeryt>3218</sln:powIdTeryt><sln:powNazwa>łobeski</sln:powNazwa><sln:waznyOd>2011-03-18T00:00:00+01:00</sln:waznyOd><sln:wojIIPId>c3f2202a-b491-49c5-a3af-d581108d939a</sln:wojIIPId><sln:wojIIPPn>PL.PZGIK.200</sln:wojIIPPn><sln:wojIIPWersja>2017-10-10T00:00:00+02:00</sln:wojIIPWersja><sln:wojIdTeryt>32</sln:wojIdTeryt><sln:wojNazwa>zachodniopomorskie</sln:wojNazwa></sln:miejscowosc><sln:miejscowosc><sln:cyklZyciaDo>2017-04-03T00:00:00+02:00</sln:cyklZyciaDo><sln:cyklZyciaOd>2015-12-15T00:00:00+01:00</sln:cyklZyciaOd><sln:gmIIPId>f08043fc-e4cd-4530-8e55-9a94b4b196e4</sln:gmIIPId><sln:gmIIPPn>PL.PZGIK.200</sln:gmIIPPn><sln:gmIIPWersja>2012-09-26T22:36:02+02:00</sln:gmIIPWersja><sln:gmIdTeryt>3218032</sln:gmIdTeryt><sln:gmNazwa>Radowo Małe</sln:gmNazwa><sln:miejscIIPId>27cb2f40-b4fb-4eed-9ca0-9d129e17a8ce</sln:miejscIIPId><sln:miejscIIPPn>PL.PZGIK.200</sln:miejscIIPPn><sln:miejscIIPWersja>2016-11-24T12:48:37+02:00</sln:miejscIIPWersja><sln:miejscIdTeryt>0782327</sln:miejscIdTeryt><sln:miejscNazwa>Sienno Dolne</sln:miejscNazwa><sln:miejscRodzaj>Wieś</sln:miejscRodzaj><sln:powIIPId>2963177a-d9bc-4ceb-a68d-d83150a65edb</sln:powIIPId><sln:powIIPPn>PL.PZGIK.200</sln:powIIPPn><sln:powIIPWersja>2012-09-27T10:07:22+02:00</sln:powIIPWersja><sln:powIdTeryt>3218</sln:powIdTeryt><sln:powNazwa>łobeski</sln:powNazwa><sln:waznyOd>2011-03-18T00:00:00+01:00</sln:waznyOd><sln:wojIIPId>c3f2202a-b491-49c5-a3af-d581108d939a</sln:wojIIPId><sln:wojIIPPn>PL.PZGIK.200</sln:wojIIPPn><sln:wojIIPWersja>2017-10-10T00:00:00+02:00</sln:wojIIPWersja><sln:wojIdTeryt>32</sln:wojIdTeryt><sln:wojNazwa>zachodniopomorskie</sln:wojNazwa></sln:miejscowosc><sln:miejscowosc><sln:cyklZyciaDo>2017-04-03T00:00:00+02:00</sln:cyklZyciaDo><sln:cyklZyciaOd>2015-12-15T00:00:00+01:00</sln:cyklZyciaOd><sln:gmIIPId>f08043fc-e4cd-4530-8e55-9a94b4b196e4</sln:gmIIPId><sln:gmIIPPn>PL.PZGIK.200</sln:gmIIPPn><sln:gmIIPWersja>2012-09-26T22:36:02+02:00</sln:gmIIPWersja><sln:gmIdTeryt>3218032</sln:gmIdTeryt><sln:gmNazwa>Radowo Małe</sln:gmNazwa><sln:miejscIIPId>c040ab2f-e71e-4b67-af1f-f443517c477f</sln:miejscIIPId><sln:miejscIIPPn>PL.PZGIK.200</sln:miejscIIPPn><sln:miejscIIPWersja>2016-11-24T12:48:37+02:00</sln:miejscIIPWersja><sln:miejscIdTeryt>0782333</sln:miejscIdTeryt><sln:miejscNazwa>Sienno Górne</sln:miejscNazwa><sln:miejscRodzaj>Wieś</sln:miejscRodzaj><sln:powIIPId>2963177a-d9bc-4ceb-a68d-d83150a65edb</sln:powIIPId><sln:powIIPPn>PL.PZGIK.200</sln:powIIPPn><sln:powIIPWersja>2012-09-27T10:07:22+02:00</sln:powIIPWersja><sln:powIdTeryt>3218</sln:powIdTeryt><sln:powNazwa>łobeski</sln:powNazwa><sln:waznyOd>2011-03-18T00:00:00+01:00</sln:waznyOd><sln:wojIIPId>c3f2202a-b491-49c5-a3af-d581108d939a</sln:wojIIPId><sln:wojIIPPn>PL.PZGIK.200</sln:wojIIPPn><sln:wojIIPWersja>2017-10-10T00:00:00+02:00</sln:wojIIPWersja><sln:wojIdTeryt>32</sln:wojIdTeryt><sln:wojNazwa>zachodniopomorskie</sln:wojNazwa></sln:miejscowosc><sln:miejscowosc><sln:cyklZyciaDo>2017-04-03T00:00:00+02:00</sln:cyklZyciaDo><sln:cyklZyciaOd>2015-12-15T00:00:00+01:00</sln:cyklZyciaOd><sln:gmIIPId>f08043fc-e4cd-4530-8e55-9a94b4b196e4</sln:gmIIPId><sln:gmIIPPn>PL.PZGIK.200</sln:gmIIPPn><sln:gmIIPWersja>2012-09-26T22:36:02+02:00</sln:gmIIPWersja><sln:gmIdTeryt>3218032</sln:gmIdTeryt><sln:gmNazwa>Radowo Małe</sln:gmNazwa><sln:miejscIIPId>5b9bc33d-e567-453b-9e5e-1445151e0ada</sln:miejscIIPId><sln:miejscIIPPn>PL.PZGIK.200</sln:miejscIIPPn><sln:miejscIIPWersja>2016-11-24T12:48:37+02:00</sln:miejscIIPWersja><sln:miejscIdTeryt>0782149</sln:miejscIdTeryt><sln:miejscNazwa>Smorawina</sln:miejscNazwa><sln:miejscRodzaj>Osada</sln:miejscRodzaj><sln:powIIPId>2963177a-d9bc-4ceb-a68d-d83150a65edb</sln:powIIPId><sln:powIIPPn>PL.PZGIK.200</sln:powIIPPn><sln:powIIPWersja>2012-09-27T10:07:22+02:00</sln:powIIPWersja><sln:powIdTeryt>3218</sln:powIdTeryt><sln:powNazwa>łobeski</sln:powNazwa><sln:waznyOd>2011-03-18T00:00:00+01:00</sln:waznyOd><sln:wojIIPId>c3f2202a-b491-49c5-a3af-d581108d939a</sln:wojIIPId><sln:wojIIPPn>PL.PZGIK.200</sln:wojIIPPn><sln:wojIIPWersja>2017-10-10T00:00:00+02:00</sln:wojIIPWersja><sln:wojIdTeryt>32</sln:wojIdTeryt><sln:wojNazwa>zachodniopomorskie</sln:wojNazwa></sln:miejscowosc><sln:miejscowosc><sln:cyklZyciaDo>2017-04-03T00:00:00+02:00</sln:cyklZyciaDo><sln:cyklZyciaOd>2015-12-15T00:00:00+01:00</sln:cyklZyciaOd><sln:gmIIPId>f08043fc-e4cd-4530-8e55-9a94b4b196e4</sln:gmIIPId><sln:gmIIPPn>PL.PZGIK.200</sln:gmIIPPn><sln:gmIIPWersja>2012-09-26T22:36:02+02:00</sln:gmIIPWersja><sln:gmIdTeryt>3218032</sln:gmIdTeryt><sln:gmNazwa>Radowo Małe</sln:gmNazwa><sln:miejscIIPId>5886d6dd-7e37-41e4-8309-f3882c097012</sln:miejscIIPId><sln:miejscIIPPn>PL.PZGIK.200</sln:miejscIIPPn><sln:miejscIIPWersja>2016-11-24T12:48:37+02:00</sln:miejscIIPWersja><sln:miejscIdTeryt>0782340</sln:miejscIdTeryt><sln:miejscNazwa>Strzmiele</sln:miejscNazwa><sln:miejscRodzaj>Wieś</sln:miejscRodzaj><sln:powIIPId>2963177a-d9bc-4ceb-a68d-d83150a65edb</sln:powIIPId><sln:powIIPPn>PL.PZGIK.200</sln:powIIPPn><sln:powIIPWersja>2012-09-27T10:07:22+02:00</sln:powIIPWersja><sln:powIdTeryt>3218</sln:powIdTeryt><sln:powNazwa>łobeski</sln:powNazwa><sln:waznyOd>2011-03-18T00:00:00+01:00</sln:waznyOd><sln:wojIIPId>c3f2202a-b491-49c5-a3af-d581108d939a</sln:wojIIPId><sln:wojIIPPn>PL.PZGIK.200</sln:wojIIPPn><sln:wojIIPWersja>2017-10-10T00:00:00+02:00</sln:wojIIPWersja><sln:wojIdTeryt>32</sln:wojIdTeryt><sln:wojNazwa>zachodniopomorskie</sln:wojNazwa></sln:miejscowosc><sln:miejscowosc><sln:cyklZyciaDo>2017-04-03T00:00:00+02:00</sln:cyklZyciaDo><sln:cyklZyciaOd>2015-12-15T00:00:00+01:00</sln:cyklZyciaOd><sln:gmIIPId>f08043fc-e4cd-4530-8e55-9a94b4b196e4</sln:gmIIPId><sln:gmIIPPn>PL.PZGIK.200</sln:gmIIPPn><sln:gmIIPWersja>2012-09-26T22:36:02+02:00</sln:gmIIPWersja><sln:gmIdTeryt>3218032</sln:gmIdTeryt><sln:gmNazwa>Radowo Małe</sln:gmNazwa><sln:miejscIIPId>2809e1aa-cfc6-418e-a076-3b3f981b9e2b</sln:miejscIIPId><sln:miejscIIPPn>PL.PZGIK.200</sln:miejscIIPPn><sln:miejscIIPWersja>2016-11-24T12:48:37+02:00</sln:miejscIIPWersja><sln:miejscIdTeryt>0782310</sln:miejscIdTeryt><sln:miejscNazwa>Sułkowo</sln:miejscNazwa><sln:miejscRodzaj>Przysiółek</sln:miejscRodzaj><sln:powIIPId>2963177a-d9bc-4ceb-a68d-d83150a65edb</sln:powIIPId><sln:powIIPPn>PL.PZGIK.200</sln:powIIPPn><sln:powIIPWersja>2012-09-27T10:07:22+02:00</sln:powIIPWersja><sln:powIdTeryt>3218</sln:powIdTeryt><sln:powNazwa>łobeski</sln:powNazwa><sln:waznyOd>2011-03-18T00:00:00+01:00</sln:waznyOd><sln:wojIIPId>c3f2202a-b491-49c5-a3af-d581108d939a</sln:wojIIPId><sln:wojIIPPn>PL.PZGIK.200</sln:wojIIPPn><sln:wojIIPWersja>2017-10-10T00:00:00+02:00</sln:wojIIPWersja><sln:wojIdTeryt>32</sln:wojIdTeryt><sln:wojNazwa>zachodniopomorskie</sln:wojNazwa></sln:miejscowosc><sln:miejscowosc><sln:cyklZyciaDo>2017-04-03T00:00:00+02:00</sln:cyklZyciaDo><sln:cyklZyciaOd>2015-12-15T00:00:00+01:00</sln:cyklZyciaOd><sln:gmIIPId>f08043fc-e4cd-4530-8e55-9a94b4b196e4</sln:gmIIPId><sln:gmIIPPn>PL.PZGIK.200</sln:gmIIPPn><sln:gmIIPWersja>2012-09-26T22:36:02+02:00</sln:gmIIPWersja><sln:gmIdTeryt>3218032</sln:gmIdTeryt><sln:gmNazwa>Radowo Małe</sln:gmNazwa><sln:miejscIIPId>454a5037-c43f-429a-86b3-090b537e5edd</sln:miejscIIPId><sln:miejscIIPPn>PL.PZGIK.200</sln:miejscIIPPn><sln:miejscIIPWersja>2016-11-24T12:48:37+02:00</sln:miejscIIPWersja><sln:miejscIdTeryt>0782356</sln:miejscIdTeryt><sln:miejscNazwa>Troszczyno</sln:miejscNazwa><sln:miejscRodzaj>Wieś</sln:miejscRodzaj><sln:powIIPId>2963177a-d9bc-4ceb-a68d-d83150a65edb</sln:powIIPId><sln:powIIPPn>PL.PZGIK.200</sln:powIIPPn><sln:powIIPWersja>2012-09-27T10:07:22+02:00</sln:powIIPWersja><sln:powIdTeryt>3218</sln:powIdTeryt><sln:powNazwa>łobeski</sln:powNazwa><sln:waznyOd>2011-03-18T00:00:00+01:00</sln:waznyOd><sln:wojIIPId>c3f2202a-b491-49c5-a3af-d581108d939a</sln:wojIIPId><sln:wojIIPPn>PL.PZGIK.200</sln:wojIIPPn><sln:wojIIPWersja>2017-10-10T00:00:00+02:00</sln:wojIIPWersja><sln:wojIdTeryt>32</sln:wojIdTeryt><sln:wojNazwa>zachodniopomorskie</sln:wojNazwa></sln:miejscowosc><sln:miejscowosc><sln:cyklZyciaDo>2017-04-03T00:00:00+02:00</sln:cyklZyciaDo><sln:cyklZyciaOd>2015-12-15T00:00:00+01:00</sln:cyklZyciaOd><sln:gmIIPId>f08043fc-e4cd-4530-8e55-9a94b4b196e4</sln:gmIIPId><sln:gmIIPPn>PL.PZGIK.200</sln:gmIIPPn><sln:gmIIPWersja>2012-09-26T22:36:02+02:00</sln:gmIIPWersja><sln:gmIdTeryt>3218032</sln:gmIdTeryt><sln:gmNazwa>Radowo Małe</sln:gmNazwa><sln:miejscIIPId>6e8b86ad-14aa-473a-a441-850abfaf5ce5</sln:miejscIIPId><sln:miejscIIPPn>PL.PZGIK.200</sln:miejscIIPPn><sln:miejscIIPWersja>2016-11-24T12:48:37+02:00</sln:miejscIIPWersja><sln:miejscIdTeryt>0782280</sln:miejscIdTeryt><sln:miejscNazwa>Uklejki</sln:miejscNazwa><sln:miejscRodzaj>Przysiółek</sln:miejscRodzaj><sln:powIIPId>2963177a-d9bc-4ceb-a68d-d83150a65edb</sln:powIIPId><sln:powIIPPn>PL.PZGIK.200</sln:powIIPPn><sln:powIIPWersja>2012-09-27T10:07:22+02:00</sln:powIIPWersja><sln:powIdTeryt>3218</sln:powIdTeryt><sln:powNazwa>łobeski</sln:powNazwa><sln:waznyOd>2015-12-10T00:00:00+01:00</sln:waznyOd><sln:wojIIPId>c3f2202a-b491-49c5-a3af-d581108d939a</sln:wojIIPId><sln:wojIIPPn>PL.PZGIK.200</sln:wojIIPPn><sln:wojIIPWersja>2017-10-10T00:00:00+02:00</sln:wojIIPWersja><sln:wojIdTeryt>32</sln:wojIdTeryt><sln:wojNazwa>zachodniopomorskie</sln:wojNazwa></sln:miejscowosc><sln:miejscowosc><sln:cyklZyciaDo>2017-04-03T00:00:00+02:00</sln:cyklZyciaDo><sln:cyklZyciaOd>2015-12-15T00:00:00+01:00</sln:cyklZyciaOd><sln:gmIIPId>f08043fc-e4cd-4530-8e55-9a94b4b196e4</sln:gmIIPId><sln:gmIIPPn>PL.PZGIK.200</sln:gmIIPPn><sln:gmIIPWersja>2012-09-26T22:36:02+02:00</sln:gmIIPWersja><sln:gmIdTeryt>3218032</sln:gmIdTeryt><sln:gmNazwa>Radowo Małe</sln:gmNazwa><sln:miejscIIPId>a374a6c3-bc29-4fdb-9363-4bb7938b3611</sln:miejscIIPId><sln:miejscIIPPn>PL.PZGIK.200</sln:miejscIIPPn><sln:miejscIIPWersja>2016-11-24T12:48:37+02:00</sln:miejscIIPWersja><sln:miejscIdTeryt>0782250</sln:miejscIdTeryt><sln:miejscNazwa>Wołkowo</sln:miejscNazwa><sln:miejscRodzaj>Osada</sln:miejscRodzaj><sln:powIIPId>2963177a-d9bc-4ceb-a68d-d83150a65edb</sln:powIIPId><sln:powIIPPn>PL.PZGIK.200</sln:powIIPPn><sln:powIIPWersja>2012-09-27T10:07:22+02:00</sln:powIIPWersja><sln:powIdTeryt>3218</sln:powIdTeryt><sln:powNazwa>łobeski</sln:powNazwa><sln:waznyOd>2011-03-18T00:00:00+01:00</sln:waznyOd><sln:wojIIPId>c3f2202a-b491-49c5-a3af-d581108d939a</sln:wojIIPId><sln:wojIIPPn>PL.PZGIK.200</sln:wojIIPPn><sln:wojIIPWersja>2017-10-10T00:00:00+02:00</sln:wojIIPWersja><sln:wojIdTeryt>32</sln:wojIdTeryt><sln:wojNazwa>zachodniopomorskie</sln:wojNazwa></sln:miejscowosc><sln:miejscowosc><sln:cyklZyciaDo>2017-04-03T00:00:00+02:00</sln:cyklZyciaDo><sln:cyklZyciaOd>2015-12-15T00:00:00+01:00</sln:cyklZyciaOd><sln:gmIIPId>f08043fc-e4cd-4530-8e55-9a94b4b196e4</sln:gmIIPId><sln:gmIIPPn>PL.PZGIK.200</sln:gmIIPPn><sln:gmIIPWersja>2012-09-26T22:36:02+02:00</sln:gmIIPWersja><sln:gmIdTeryt>3218032</sln:gmIdTeryt><sln:gmNazwa>Radowo Małe</sln:gmNazwa><sln:miejscIIPId>b5aaa038-37d0-4fc2-ae2f-36e2a3867b3d</sln:miejscIIPId><sln:miejscIIPPn>PL.PZGIK.200</sln:miejscIIPPn><sln:miejscIIPWersja>2016-11-24T12:48:37+02:00</sln:miejscIIPWersja><sln:miejscIdTeryt>0782379</sln:miejscIdTeryt><sln:miejscNazwa>Żelmowo</sln:miejscNazwa><sln:miejscRodzaj>Wieś</sln:miejscRodzaj><sln:powIIPId>2963177a-d9bc-4ceb-a68d-d83150a65edb</sln:powIIPId><sln:powIIPPn>PL.PZGIK.200</sln:powIIPPn><sln:powIIPWersja>2012-09-27T10:07:22+02:00</sln:powIIPWersja><sln:powIdTeryt>3218</sln:powIdTeryt><sln:powNazwa>łobeski</sln:powNazwa><sln:waznyOd>2011-03-18T00:00:00+01:00</sln:waznyOd><sln:wojIIPId>c3f2202a-b491-49c5-a3af-d581108d939a</sln:wojIIPId><sln:wojIIPPn>PL.PZGIK.200</sln:wojIIPPn><sln:wojIIPWersja>2017-10-10T00:00:00+02:00</sln:wojIIPWersja><sln:wojIdTeryt>32</sln:wojIdTeryt><sln:wojNazwa>zachodniopomorskie</sln:wojNazwa></sln:miejscowosc><sln:miejscowosc><sln:cyklZyciaOd>2017-04-03T00:00:00+02:00</sln:cyklZyciaOd><sln:gmIIPId>f08043fc-e4cd-4530-8e55-9a94b4b196e4</sln:gmIIPId><sln:gmIIPPn>PL.PZGIK.200</sln:gmIIPPn><sln:gmIIPWersja>2012-09-26T22:36:02+02:00</sln:gmIIPWersja><sln:gmIdTeryt>3218032</sln:gmIdTeryt><sln:gmNazwa>Radowo Małe</sln:gmNazwa><sln:miejscIIPId>77d81a67-7041-4ae6-ad33-992dbe69aed0</sln:miejscIIPId><sln:miejscIIPPn>PL.PZGIK.200</sln:miejscIIPPn><sln:miejscIIPWersja>2017-04-03T15:40:10+02:00</sln:miejscIIPWersja><sln:miejscIdTeryt>0782066</sln:miejscIdTeryt><sln:miejscNazwa>Borkowo Wielkie</sln:miejscNazwa><sln:miejscRodzaj>Wieś</sln:miejscRodzaj><sln:powIIPId>2963177a-d9bc-4ceb-a68d-d83150a65edb</sln:powIIPId><sln:powIIPPn>PL.PZGIK.200</sln:powIIPPn><sln:powIIPWersja>2012-09-27T10:07:22+02:00</sln:powIIPWersja><sln:powIdTeryt>3218</sln:powIdTeryt><sln:powNazwa>łobeski</sln:powNazwa><sln:waznyOd>2011-03-18T00:00:00+01:00</sln:waznyOd><sln:wojIIPId>c3f2202a-b491-49c5-a3af-d581108d939a</sln:wojIIPId><sln:wojIIPPn>PL.PZGIK.200</sln:wojIIPPn><sln:wojIIPWersja>2017-10-10T00:00:00+02:00</sln:wojIIPWersja><sln:wojIdTeryt>32</sln:wojIdTeryt><sln:wojNazwa>zachodniopomorskie</sln:wojNazwa></sln:miejscowosc><sln:miejscowosc><sln:cyklZyciaOd>2017-04-03T00:00:00+02:00</sln:cyklZyciaOd><sln:gmIIPId>f08043fc-e4cd-4530-8e55-9a94b4b196e4</sln:gmIIPId><sln:gmIIPPn>PL.PZGIK.200</sln:gmIIPPn><sln:gmIIPWersja>2012-09-26T22:36:02+02:00</sln:gmIIPWersja><sln:gmIdTeryt>3218032</sln:gmIdTeryt><sln:gmNazwa>Radowo Małe</sln:gmNazwa><sln:miejscIIPId>ea40d622-605c-4ea2-8a7f-df6db2b716f4</sln:miejscIIPId><sln:miejscIIPPn>PL.PZGIK.200</sln:miejscIIPPn><sln:miejscIIPWersja>2017-04-03T15:40:16+02:00</sln:miejscIIPWersja><sln:miejscIdTeryt>0782072</sln:miejscIdTeryt><sln:miejscNazwa>Czachowo</sln:miejscNazwa><sln:miejscRodzaj>Wieś</sln:miejscRodzaj><sln:powIIPId>2963177a-d9bc-4ceb-a68d-d83150a65edb</sln:powIIPId><sln:powIIPPn>PL.PZGIK.200</sln:powIIPPn><sln:powIIPWersja>2012-09-27T10:07:22+02:00</sln:powIIPWersja><sln:powIdTeryt>3218</sln:powIdTeryt><sln:powNazwa>łobeski</sln:powNazwa><sln:waznyOd>2011-03-18T00:00:00+01:00</sln:waznyOd><sln:wojIIPId>c3f2202a-b491-49c5-a3af-d581108d939a</sln:wojIIPId><sln:wojIIPPn>PL.PZGIK.200</sln:wojIIPPn><sln:wojIIPWersja>2017-10-10T00:00:00+02:00</sln:wojIIPWersja><sln:wojIdTeryt>32</sln:wojIdTeryt><sln:wojNazwa>zachodniopomorskie</sln:wojNazwa></sln:miejscowosc><sln:miejscowosc><sln:cyklZyciaOd>2017-04-03T00:00:00+02:00</sln:cyklZyciaOd><sln:gmIIPId>f08043fc-e4cd-4530-8e55-9a94b4b196e4</sln:gmIIPId><sln:gmIIPPn>PL.PZGIK.200</sln:gmIIPPn><sln:gmIIPWersja>2012-09-26T22:36:02+02:00</sln:gmIIPWersja><sln:gmIdTeryt>3218032</sln:gmIdTeryt><sln:gmNazwa>Radowo Małe</sln:gmNazwa><sln:miejscIIPId>93f549e0-120c-446d-933d-99cd39a007b0</sln:miejscIIPId><sln:miejscIIPPn>PL.PZGIK.200</sln:miejscIIPPn><sln:miejscIIPWersja>2017-04-03T15:40:16+02:00</sln:miejscIIPWersja><sln:miejscIdTeryt>0782089</sln:miejscIdTeryt><sln:miejscNazwa>Dargomyśl</sln:miejscNazwa><sln:miejscRodzaj>Osada</sln:miejscRodzaj><sln:powIIPId>2963177a-d9bc-4ceb-a68d-d83150a65edb</sln:powIIPId><sln:powIIPPn>PL.PZGIK.200</sln:powIIPPn><sln:powIIPWersja>2012-09-27T10:07:22+02:00</sln:powIIPWersja><sln:powIdTeryt>3218</sln:powIdTeryt><sln:powNazwa>łobeski</sln:powNazwa><sln:waznyOd>2011-03-18T00:00:00+01:00</sln:waznyOd><sln:wojIIPId>c3f2202a-b491-49c5-a3af-d581108d939a</sln:wojIIPId><sln:wojIIPPn>PL.PZGIK.200</sln:wojIIPPn><sln:wojIIPWersja>2017-10-10T00:00:00+02:00</sln:wojIIPWersja><sln:wojIdTeryt>32</sln:wojIdTeryt><sln:wojNazwa>zachodniopomorskie</sln:wojNazwa></sln:miejscowosc><sln:miejscowosc><sln:cyklZyciaOd>2017-04-03T00:00:00+02:00</sln:cyklZyciaOd><sln:gmIIPId>f08043fc-e4cd-4530-8e55-9a94b4b196e4</sln:gmIIPId><sln:gmIIPPn>PL.PZGIK.200</sln:gmIIPPn><sln:gmIIPWersja>2012-09-26T22:36:02+02:00</sln:gmIIPWersja><sln:gmIdTeryt>3218032</sln:gmIdTeryt><sln:gmNazwa>Radowo Małe</sln:gmNazwa><sln:miejscIIPId>6e609690-66df-46f8-a8ce-3c627c7df53f</sln:miejscIIPId><sln:miejscIIPPn>PL.PZGIK.200</sln:miejscIIPPn><sln:miejscIIPWersja>2017-04-03T15:40:16+02:00</sln:miejscIIPWersja><sln:miejscIdTeryt>0782103</sln:miejscIdTeryt><sln:miejscNazwa>Dobrkowo</sln:miejscNazwa><sln:miejscRodzaj>Wieś</sln:miejscRodzaj><sln:powIIPId>2963177a-d9bc-4ceb-a68d-d83150a65edb</sln:powIIPId><sln:powIIPPn>PL.PZGIK.200</sln:powIIPPn><sln:powIIPWersja>2012-09-27T10:07:22+02:00</sln:powIIPWersja><sln:powIdTeryt>3218</sln:powIdTeryt><sln:powNazwa>łobeski</sln:powNazwa><sln:waznyOd>2011-03-18T00:00:00+01:00</sln:waznyOd><sln:wojIIPId>c3f2202a-b491-49c5-a3af-d581108d939a</sln:wojIIPId><sln:wojIIPPn>PL.PZGIK.200</sln:wojIIPPn><sln:wojIIPWersja>2017-10-10T00:00:00+02:00</sln:wojIIPWersja><sln:wojIdTeryt>32</sln:wojIdTeryt><sln:wojNazwa>zachodniopomorskie</sln:wojNazwa></sln:miejscowosc><sln:miejscowosc><sln:cyklZyciaOd>2017-04-03T00:00:00+02:00</sln:cyklZyciaOd><sln:gmIIPId>f08043fc-e4cd-4530-8e55-9a94b4b196e4</sln:gmIIPId><sln:gmIIPPn>PL.PZGIK.200</sln:gmIIPPn><sln:gmIIPWersja>2012-09-26T22:36:02+02:00</sln:gmIIPWersja><sln:gmIdTeryt>3218032</sln:gmIdTeryt><sln:gmNazwa>Radowo Małe</sln:gmNazwa><sln:miejscIIPId>1c315f57-f40c-424b-bc21-883db68f8422</sln:miejscIIPId><sln:miejscIIPPn>PL.PZGIK.200</sln:miejscIIPPn><sln:miejscIIPWersja>2017-04-03T15:40:16+02:00</sln:miejscIIPWersja><sln:miejscIdTeryt>0782110</sln:miejscIdTeryt><sln:miejscNazwa>Gostomin</sln:miejscNazwa><sln:miejscRodzaj>Wieś</sln:miejscRodzaj><sln:powIIPId>2963177a-d9bc-4ceb-a68d-d83150a65edb</sln:powIIPId><sln:powIIPPn>PL.PZGIK.200</sln:powIIPPn><sln:powIIPWersja>2012-09-27T10:07:22+02:00</sln:powIIPWersja><sln:powIdTeryt>3218</sln:powIdTeryt><sln:powNazwa>łobeski</sln:powNazwa><sln:waznyOd>2011-03-18T00:00:00+01:00</sln:waznyOd><sln:wojIIPId>c3f2202a-b491-49c5-a3af-d581108d939a</sln:wojIIPId><sln:wojIIPPn>PL.PZGIK.200</sln:wojIIPPn><sln:wojIIPWersja>2017-10-10T00:00:00+02:00</sln:wojIIPWersja><sln:wojIdTeryt>32</sln:wojIdTeryt><sln:wojNazwa>zachodniopomorskie</sln:wojNazwa></sln:miejscowosc><sln:miejscowosc><sln:cyklZyciaOd>2017-04-03T00:00:00+02:00</sln:cyklZyciaOd><sln:gmIIPId>f08043fc-e4cd-4530-8e55-9a94b4b196e4</sln:gmIIPId><sln:gmIIPPn>PL.PZGIK.200</sln:gmIIPPn><sln:gmIIPWersja>2012-09-26T22:36:02+02:00</sln:gmIIPWersja><sln:gmIdTeryt>3218032</sln:gmIdTeryt><sln:gmNazwa>Radowo Małe</sln:gmNazwa><sln:miejscIIPId>d4038104-9e45-427a-847b-3b43c898f4ed</sln:miejscIIPId><sln:miejscIIPPn>PL.PZGIK.200</sln:miejscIIPPn><sln:miejscIIPWersja>2017-04-03T15:40:16+02:00</sln:miejscIIPWersja><sln:miejscIdTeryt>0782126</sln:miejscIdTeryt><sln:miejscNazwa>Gildnica</sln:miejscNazwa><sln:miejscRodzaj>Przysiółek</sln:miejscRodzaj><sln:powIIPId>2963177a-d9bc-4ceb-a68d-d83150a65edb</sln:powIIPId><sln:powIIPPn>PL.PZGIK.200</sln:powIIPPn><sln:powIIPWersja>2012-09-27T10:07:22+02:00</sln:powIIPWersja><sln:powIdTeryt>3218</sln:powIdTeryt><sln:powNazwa>łobeski</sln:powNazwa><sln:waznyOd>2011-03-18T00:00:00+01:00</sln:waznyOd><sln:wojIIPId>c3f2202a-b491-49c5-a3af-d581108d939a</sln:wojIIPId><sln:wojIIPPn>PL.PZGIK.200</sln:wojIIPPn><sln:wojIIPWersja>2017-10-10T00:00:00+02:00</sln:wojIIPWersja><sln:wojIdTeryt>32</sln:wojIdTeryt><sln:wojNazwa>zachodniopomorskie</sln:wojNazwa></sln:miejscowosc><sln:miejscowosc><sln:cyklZyciaOd>2017-04-03T00:00:00+02:00</sln:cyklZyciaOd><sln:gmIIPId>f08043fc-e4cd-4530-8e55-9a94b4b196e4</sln:gmIIPId><sln:gmIIPPn>PL.PZGIK.200</sln:gmIIPPn><sln:gmIIPWersja>2012-09-26T22:36:02+02:00</sln:gmIIPWersja><sln:gmIdTeryt>3218032</sln:gmIdTeryt><sln:gmNazwa>Radowo Małe</sln:gmNazwa><sln:miejscIIPId>b145040c-b2d9-4e00-945c-0a4aa3f4ea58</sln:miejscIIPId><sln:miejscIIPPn>PL.PZGIK.200</sln:miejscIIPPn><sln:miejscIIPWersja>2017-04-03T15:40:16+02:00</sln:miejscIIPWersja><sln:miejscIdTeryt>0782132</sln:miejscIdTeryt><sln:miejscNazwa>Karnice</sln:miejscNazwa><sln:miejscRodzaj>Wieś</sln:miejscRodzaj><sln:powIIPId>2963177a-d9bc-4ceb-a68d-d83150a65edb</sln:powIIPId><sln:powIIPPn>PL.PZGIK.200</sln:powIIPPn><sln:powIIPWersja>2012-09-27T10:07:22+02:00</sln:powIIPWersja><sln:powIdTeryt>3218</sln:powIdTeryt><sln:powNazwa>łobeski</sln:powNazwa><sln:waznyOd>2011-03-18T00:00:00+01:00</sln:waznyOd><sln:wojIIPId>c3f2202a-b491-49c5-a3af-d581108d939a</sln:wojIIPId><sln:wojIIPPn>PL.PZGIK.200</sln:wojIIPPn><sln:wojIIPWersja>2017-10-10T00:00:00+02:00</sln:wojIIPWersja><sln:wojIdTeryt>32</sln:wojIdTeryt><sln:wojNazwa>zachodniopomorskie</sln:wojNazwa></sln:miejscowosc><sln:miejscowosc><sln:cyklZyciaOd>2017-04-03T00:00:00+02:00</sln:cyklZyciaOd><sln:gmIIPId>f08043fc-e4cd-4530-8e55-9a94b4b196e4</sln:gmIIPId><sln:gmIIPPn>PL.PZGIK.200</sln:gmIIPPn><sln:gmIIPWersja>2012-09-26T22:36:02+02:00</sln:gmIIPWersja><sln:gmIdTeryt>3218032</sln:gmIdTeryt><sln:gmNazwa>Radowo Małe</sln:gmNazwa><sln:miejscIIPId>5b9bc33d-e567-453b-9e5e-1445151e0ada</sln:miejscIIPId><sln:miejscIIPPn>PL.PZGIK.200</sln:miejscIIPPn><sln:miejscIIPWersja>2017-04-03T15:40:17+02:00</sln:miejscIIPWersja><sln:miejscIdTeryt>0782149</sln:miejscIdTeryt><sln:miejscNazwa>Smorawina</sln:miejscNazwa><sln:miejscRodzaj>Osada</sln:miejscRodzaj><sln:powIIPId>2963177a-d9bc-4ceb-a68d-d83150a65edb</sln:powIIPId><sln:powIIPPn>PL.PZGIK.200</sln:powIIPPn><sln:powIIPWersja>2012-09-27T10:07:22+02:00</sln:powIIPWersja><sln:powIdTeryt>3218</sln:powIdTeryt><sln:powNazwa>łobeski</sln:powNazwa><sln:waznyOd>2011-03-18T00:00:00+01:00</sln:waznyOd><sln:wojIIPId>c3f2202a-b491-49c5-a3af-d581108d939a</sln:wojIIPId><sln:wojIIPPn>PL.PZGIK.200</sln:wojIIPPn><sln:wojIIPWersja>2017-10-10T00:00:00+02:00</sln:wojIIPWersja><sln:wojIdTeryt>32</sln:wojIdTeryt><sln:wojNazwa>zachodniopomorskie</sln:wojNazwa></sln:miejscowosc><sln:miejscowosc><sln:cyklZyciaOd>2017-04-03T00:00:00+02:00</sln:cyklZyciaOd><sln:gmIIPId>f08043fc-e4cd-4530-8e55-9a94b4b196e4</sln:gmIIPId><sln:gmIIPPn>PL.PZGIK.200</sln:gmIIPPn><sln:gmIIPWersja>2012-09-26T22:36:02+02:00</sln:gmIIPWersja><sln:gmIdTeryt>3218032</sln:gmIdTeryt><sln:gmNazwa>Radowo Małe</sln:gmNazwa><sln:miejscIIPId>8b105373-c462-4d63-8c5f-ccd177376cb1</sln:miejscIIPId><sln:miejscIIPPn>PL.PZGIK.200</sln:miejscIIPPn><sln:miejscIIPWersja>2017-04-03T15:40:17+02:00</sln:miejscIIPWersja><sln:miejscIdTeryt>0782155</sln:miejscIdTeryt><sln:miejscNazwa>Mołdawin</sln:miejscNazwa><sln:miejscRodzaj>Wieś</sln:miejscRodzaj><sln:powIIPId>2963177a-d9bc-4ceb-a68d-d83150a65edb</sln:powIIPId><sln:powIIPPn>PL.PZGIK.200</sln:powIIPPn><sln:powIIPWersja>2012-09-27T10:07:22+02:00</sln:powIIPWersja><sln:powIdTeryt>3218</sln:powIdTeryt><sln:powNazwa>łobeski</sln:powNazwa><sln:waznyOd>2011-03-18T00:00:00+01:00</sln:waznyOd><sln:wojIIPId>c3f2202a-b491-49c5-a3af-d581108d939a</sln:wojIIPId><sln:wojIIPPn>PL.PZGIK.200</sln:wojIIPPn><sln:wojIIPWersja>2017-10-10T00:00:00+02:00</sln:wojIIPWersja><sln:wojIdTeryt>32</sln:wojIdTeryt><sln:wojNazwa>zachodniopomorskie</sln:wojNazwa></sln:miejscowosc><sln:miejscowosc><sln:cyklZyciaOd>2017-04-03T00:00:00+02:00</sln:cyklZyciaOd><sln:gmIIPId>f08043fc-e4cd-4530-8e55-9a94b4b196e4</sln:gmIIPId><sln:gmIIPPn>PL.PZGIK.200</sln:gmIIPPn><sln:gmIIPWersja>2012-09-26T22:36:02+02:00</sln:gmIIPWersja><sln:gmIdTeryt>3218032</sln:gmIdTeryt><sln:gmNazwa>Radowo Małe</sln:gmNazwa><sln:miejscIIPId>0826d388-5bd7-492b-b7a1-3dd3daaaa6bd</sln:miejscIIPId><sln:miejscIIPPn>PL.PZGIK.200</sln:miejscIIPPn><sln:miejscIIPWersja>2017-04-03T15:40:17+02:00</sln:miejscIIPWersja><sln:miejscIdTeryt>0782178</sln:miejscIdTeryt><sln:miejscNazwa>Maliniec</sln:miejscNazwa><sln:miejscRodzaj>Osada</sln:miejscRodzaj><sln:powIIPId>2963177a-d9bc-4ceb-a68d-d83150a65edb</sln:powIIPId><sln:powIIPPn>PL.PZGIK.200</sln:powIIPPn><sln:powIIPWersja>2012-09-27T10:07:22+02:00</sln:powIIPWersja><sln:powIdTeryt>3218</sln:powIdTeryt><sln:powNazwa>łobeski</sln:powNazwa><sln:waznyOd>2011-03-18T00:00:00+01:00</sln:waznyOd><sln:wojIIPId>c3f2202a-b491-49c5-a3af-d581108d939a</sln:wojIIPId><sln:wojIIPPn>PL.PZGIK.200</sln:wojIIPPn><sln:wojIIPWersja>2017-10-10T00:00:00+02:00</sln:wojIIPWersja><sln:wojIdTeryt>32</sln:wojIdTeryt><sln:wojNazwa>zachodniopomorskie</sln:wojNazwa></sln:miejscowosc><sln:miejscowosc><sln:cyklZyciaOd>2017-04-03T00:00:00+02:00</sln:cyklZyciaOd><sln:gmIIPId>f08043fc-e4cd-4530-8e55-9a94b4b196e4</sln:gmIIPId><sln:gmIIPPn>PL.PZGIK.200</sln:gmIIPPn><sln:gmIIPWersja>2012-09-26T22:36:02+02:00</sln:gmIIPWersja><sln:gmIdTeryt>3218032</sln:gmIdTeryt><sln:gmNazwa>Radowo Małe</sln:gmNazwa><sln:miejscIIPId>008bc4da-d5f7-462f-ac6e-de1b63036715</sln:miejscIIPId><sln:miejscIIPPn>PL.PZGIK.200</sln:miejscIIPPn><sln:miejscIIPWersja>2017-04-03T15:40:17+02:00</sln:miejscIIPWersja><sln:miejscIdTeryt>0782184</sln:miejscIdTeryt><sln:miejscNazwa>Mołdawinek</sln:miejscNazwa><sln:miejscRodzaj>Wieś</sln:miejscRodzaj><sln:powIIPId>2963177a-d9bc-4ceb-a68d-d83150a65edb</sln:powIIPId><sln:powIIPPn>PL.PZGIK.200</sln:powIIPPn><sln:powIIPWersja>2012-09-27T10:07:22+02:00</sln:powIIPWersja><sln:powIdTeryt>3218</sln:powIdTeryt><sln:powNazwa>łobeski</sln:powNazwa><sln:waznyOd>2011-03-18T00:00:00+01:00</sln:waznyOd><sln:wojIIPId>c3f2202a-b491-49c5-a3af-d581108d939a</sln:wojIIPId><sln:wojIIPPn>PL.PZGIK.200</sln:wojIIPPn><sln:wojIIPWersja>2017-10-10T00:00:00+02:00</sln:wojIIPWersja><sln:wojIdTeryt>32</sln:wojIdTeryt><sln:wojNazwa>zachodniopomorskie</sln:wojNazwa></sln:miejscowosc><sln:miejscowosc><sln:cyklZyciaOd>2017-04-03T00:00:00+02:00</sln:cyklZyciaOd><sln:gmIIPId>f08043fc-e4cd-4530-8e55-9a94b4b196e4</sln:gmIIPId><sln:gmIIPPn>PL.PZGIK.200</sln:gmIIPPn><sln:gmIIPWersja>2012-09-26T22:36:02+02:00</sln:gmIIPWersja><sln:gmIdTeryt>3218032</sln:gmIdTeryt><sln:gmNazwa>Radowo Małe</sln:gmNazwa><sln:miejscIIPId>64735ab4-d862-47c5-bdf5-550adceb783e</sln:miejscIIPId><sln:miejscIIPPn>PL.PZGIK.200</sln:miejscIIPPn><sln:miejscIIPWersja>2017-04-03T15:40:17+02:00</sln:miejscIIPWersja><sln:miejscIdTeryt>0782190</sln:miejscIdTeryt><sln:miejscNazwa>Orle</sln:miejscNazwa><sln:miejscRodzaj>Wieś</sln:miejscRodzaj><sln:powIIPId>2963177a-d9bc-4ceb-a68d-d83150a65edb</sln:powIIPId><sln:powIIPPn>PL.PZGIK.200</sln:powIIPPn><sln:powIIPWersja>2012-09-27T10:07:22+02:00</sln:powIIPWersja><sln:powIdTeryt>3218</sln:powIdTeryt><sln:powNazwa>łobeski</sln:powNazwa><sln:waznyOd>2011-03-18T00:00:00+01:00</sln:waznyOd><sln:wojIIPId>c3f2202a-b491-49c5-a3af-d581108d939a</sln:wojIIPId><sln:wojIIPPn>PL.PZGIK.200</sln:wojIIPPn><sln:wojIIPWersja>2017-10-10T00:00:00+02:00</sln:wojIIPWersja><sln:wojIdTeryt>32</sln:wojIdTeryt><sln:wojNazwa>zachodniopomorskie</sln:wojNazwa></sln:miejscowosc><sln:miejscowosc><sln:cyklZyciaOd>2017-04-03T00:00:00+02:00</sln:cyklZyciaOd><sln:gmIIPId>f08043fc-e4cd-4530-8e55-9a94b4b196e4</sln:gmIIPId><sln:gmIIPPn>PL.PZGIK.200</sln:gmIIPPn><sln:gmIIPWersja>2012-09-26T22:36:02+02:00</sln:gmIIPWersja><sln:gmIdTeryt>3218032</sln:gmIdTeryt><sln:gmNazwa>Radowo Małe</sln:gmNazwa><sln:miejscIIPId>2da5d8bd-d592-4db2-ad0d-c36204b3af3d</sln:miejscIIPId><sln:miejscIIPPn>PL.PZGIK.200</sln:miejscIIPPn><sln:miejscIIPWersja>2017-04-03T15:40:17+02:00</sln:miejscIIPWersja><sln:miejscIdTeryt>0782209</sln:miejscIdTeryt><sln:miejscNazwa>Pogorzelica</sln:miejscNazwa><sln:miejscRodzaj>Wieś</sln:miejscRodzaj><sln:powIIPId>2963177a-d9bc-4ceb-a68d-d83150a65edb</sln:powIIPId><sln:powIIPPn>PL.PZGIK.200</sln:powIIPPn><sln:powIIPWersja>2012-09-27T10:07:22+02:00</sln:powIIPWersja><sln:powIdTeryt>3218</sln:powIdTeryt><sln:powNazwa>łobeski</sln:powNazwa><sln:waznyOd>2011-03-18T00:00:00+01:00</sln:waznyOd><sln:wojIIPId>c3f2202a-b491-49c5-a3af-d581108d939a</sln:wojIIPId><sln:wojIIPPn>PL.PZGIK.200</sln:wojIIPPn><sln:wojIIPWersja>2017-10-10T00:00:00+02:00</sln:wojIIPWersja><sln:wojIdTeryt>32</sln:wojIdTeryt><sln:wojNazwa>zachodniopomorskie</sln:wojNazwa></sln:miejscowosc><sln:miejscowosc><sln:cyklZyciaOd>2017-04-03T00:00:00+02:00</sln:cyklZyciaOd><sln:gmIIPId>f08043fc-e4cd-4530-8e55-9a94b4b196e4</sln:gmIIPId><sln:gmIIPPn>PL.PZGIK.200</sln:gmIIPPn><sln:gmIIPWersja>2012-09-26T22:36:02+02:00</sln:gmIIPWersja><sln:gmIdTeryt>3218032</sln:gmIdTeryt><sln:gmNazwa>Radowo Małe</sln:gmNazwa><sln:miejscIIPId>86485149-ae2c-4ae0-a1fd-8bc63efef905</sln:miejscIIPId><sln:miejscIIPPn>PL.PZGIK.200</sln:miejscIIPPn><sln:miejscIIPWersja>2017-04-03T15:40:17+02:00</sln:miejscIIPWersja><sln:miejscIdTeryt>0782215</sln:miejscIdTeryt><sln:miejscNazwa>Radowo Małe</sln:miejscNazwa><sln:miejscRodzaj>Wieś</sln:miejscRodzaj><sln:powIIPId>2963177a-d9bc-4ceb-a68d-d83150a65edb</sln:powIIPId><sln:powIIPPn>PL.PZGIK.200</sln:powIIPPn><sln:powIIPWersja>2012-09-27T10:07:22+02:00</sln:powIIPWersja><sln:powIdTeryt>3218</sln:powIdTeryt><sln:powNazwa>łobeski</sln:powNazwa><sln:waznyOd>2011-03-18T00:00:00+01:00</sln:waznyOd><sln:wojIIPId>c3f2202a-b491-49c5-a3af-d581108d939a</sln:wojIIPId><sln:wojIIPPn>PL.PZGIK.200</sln:wojIIPPn><sln:wojIIPWersja>2017-10-10T00:00:00+02:00</sln:wojIIPWersja><sln:wojIdTeryt>32</sln:wojIdTeryt><sln:wojNazwa>zachodniopomorskie</sln:wojNazwa></sln:miejscowosc><sln:miejscowosc><sln:cyklZyciaOd>2017-04-03T00:00:00+02:00</sln:cyklZyciaOd><sln:gmIIPId>f08043fc-e4cd-4530-8e55-9a94b4b196e4</sln:gmIIPId><sln:gmIIPPn>PL.PZGIK.200</sln:gmIIPPn><sln:gmIIPWersja>2012-09-26T22:36:02+02:00</sln:gmIIPWersja><sln:gmIdTeryt>3218032</sln:gmIdTeryt><sln:gmNazwa>Radowo Małe</sln:gmNazwa><sln:miejscIIPId>0a46f0ab-7bb1-4628-ab2c-e9470a985976</sln:miejscIIPId><sln:miejscIIPPn>PL.PZGIK.200</sln:miejscIIPPn><sln:miejscIIPWersja>2017-04-03T15:40:17+02:00</sln:miejscIIPWersja><sln:miejscIdTeryt>0782221</sln:miejscIdTeryt><sln:miejscNazwa>Borkowo Małe</sln:miejscNazwa><sln:miejscRodzaj>Osada</sln:miejscRodzaj><sln:powIIPId>2963177a-d9bc-4ceb-a68d-d83150a65edb</sln:powIIPId><sln:powIIPPn>PL.PZGIK.200</sln:powIIPPn><sln:powIIPWersja>2012-09-27T10:07:22+02:00</sln:powIIPWersja><sln:powIdTeryt>3218</sln:powIdTeryt><sln:powNazwa>łobeski</sln:powNazwa><sln:waznyOd>2011-03-18T00:00:00+01:00</sln:waznyOd><sln:wojIIPId>c3f2202a-b491-49c5-a3af-d581108d939a</sln:wojIIPId><sln:wojIIPPn>PL.PZGIK.200</sln:wojIIPPn><sln:wojIIPWersja>2017-10-10T00:00:00+02:00</sln:wojIIPWersja><sln:wojIdTeryt>32</sln:wojIdTeryt><sln:wojNazwa>zachodniopomorskie</sln:wojNazwa></sln:miejscowosc><sln:miejscowosc><sln:cyklZyciaOd>2017-04-03T00:00:00+02:00</sln:cyklZyciaOd><sln:gmIIPId>f08043fc-e4cd-4530-8e55-9a94b4b196e4</sln:gmIIPId><sln:gmIIPPn>PL.PZGIK.200</sln:gmIIPPn><sln:gmIIPWersja>2012-09-26T22:36:02+02:00</sln:gmIIPWersja><sln:gmIdTeryt>3218032</sln:gmIdTeryt><sln:gmNazwa>Radowo Małe</sln:gmNazwa><sln:miejscIIPId>d5ee1369-2494-4bac-ba19-61276413385a</sln:miejscIIPId><sln:miejscIIPPn>PL.PZGIK.200</sln:miejscIIPPn><sln:miejscIIPWersja>2017-04-03T15:40:17+02:00</sln:miejscIIPWersja><sln:miejscIdTeryt>0782244</sln:miejscIdTeryt><sln:miejscNazwa>Radowo Wielkie</sln:miejscNazwa><sln:miejscRodzaj>Wieś</sln:miejscRodzaj><sln:powIIPId>2963177a-d9bc-4ceb-a68d-d83150a65edb</sln:powIIPId><sln:powIIPPn>PL.PZGIK.200</sln:powIIPPn><sln:powIIPWersja>2012-09-27T10:07:22+02:00</sln:powIIPWersja><sln:powIdTeryt>3218</sln:powIdTeryt><sln:powNazwa>łobeski</sln:powNazwa><sln:waznyOd>2011-03-18T00:00:00+01:00</sln:waznyOd><sln:wojIIPId>c3f2202a-b491-49c5-a3af-d581108d939a</sln:wojIIPId><sln:wojIIPPn>PL.PZGIK.200</sln:wojIIPPn><sln:wojIIPWersja>2017-10-10T00:00:00+02:00</sln:wojIIPWersja><sln:wojIdTeryt>32</sln:wojIdTeryt><sln:wojNazwa>zachodniopomorskie</sln:wojNazwa></sln:miejscowosc><sln:miejscowosc><sln:cyklZyciaOd>2017-04-03T00:00:00+02:00</sln:cyklZyciaOd><sln:gmIIPId>f08043fc-e4cd-4530-8e55-9a94b4b196e4</sln:gmIIPId><sln:gmIIPPn>PL.PZGIK.200</sln:gmIIPPn><sln:gmIIPWersja>2012-09-26T22:36:02+02:00</sln:gmIIPWersja><sln:gmIdTeryt>3218032</sln:gmIdTeryt><sln:gmNazwa>Radowo Małe</sln:gmNazwa><sln:miejscIIPId>a374a6c3-bc29-4fdb-9363-4bb7938b3611</sln:miejscIIPId><sln:miejscIIPPn>PL.PZGIK.200</sln:miejscIIPPn><sln:miejscIIPWersja>2017-04-03T15:40:17+02:00</sln:miejscIIPWersja><sln:miejscIdTeryt>0782250</sln:miejscIdTeryt><sln:miejscNazwa>Wołkowo</sln:miejscNazwa><sln:miejscRodzaj>Osada</sln:miejscRodzaj><sln:powIIPId>2963177a-d9bc-4ceb-a68d-d83150a65edb</sln:powIIPId><sln:powIIPPn>PL.PZGIK.200</sln:powIIPPn><sln:powIIPWersja>2012-09-27T10:07:22+02:00</sln:powIIPWersja><sln:powIdTeryt>3218</sln:powIdTeryt><sln:powNazwa>łobeski</sln:powNazwa><sln:waznyOd>2011-03-18T00:00:00+01:00</sln:waznyOd><sln:wojIIPId>c3f2202a-b491-49c5-a3af-d581108d939a</sln:wojIIPId><sln:wojIIPPn>PL.PZGIK.200</sln:wojIIPPn><sln:wojIIPWersja>2017-10-10T00:00:00+02:00</sln:wojIIPWersja><sln:wojIdTeryt>32</sln:wojIdTeryt><sln:wojNazwa>zachodniopomorskie</sln:wojNazwa></sln:miejscowosc><sln:miejscowosc><sln:cyklZyciaOd>2017-04-03T00:00:00+02:00</sln:cyklZyciaOd><sln:gmIIPId>f08043fc-e4cd-4530-8e55-9a94b4b196e4</sln:gmIIPId><sln:gmIIPPn>PL.PZGIK.200</sln:gmIIPPn><sln:gmIIPWersja>2012-09-26T22:36:02+02:00</sln:gmIIPWersja><sln:gmIdTeryt>3218032</sln:gmIdTeryt><sln:gmNazwa>Radowo Małe</sln:gmNazwa><sln:miejscIIPId>c5770e05-6409-41e5-a211-4379f847fd1e</sln:miejscIIPId><sln:miejscIIPPn>PL.PZGIK.200</sln:miejscIIPPn><sln:miejscIIPWersja>2017-04-03T15:40:17+02:00</sln:miejscIIPWersja><sln:miejscIdTeryt>0782267</sln:miejscIdTeryt><sln:miejscNazwa>Rekowo</sln:miejscNazwa><sln:miejscRodzaj>Wieś</sln:miejscRodzaj><sln:powIIPId>2963177a-d9bc-4ceb-a68d-d83150a65edb</sln:powIIPId><sln:powIIPPn>PL.PZGIK.200</sln:powIIPPn><sln:powIIPWersja>2012-09-27T10:07:22+02:00</sln:powIIPWersja><sln:powIdTeryt>3218</sln:powIdTeryt><sln:powNazwa>łobeski</sln:powNazwa><sln:waznyOd>2011-03-18T00:00:00+01:00</sln:waznyOd><sln:wojIIPId>c3f2202a-b491-49c5-a3af-d581108d939a</sln:wojIIPId><sln:wojIIPPn>PL.PZGIK.200</sln:wojIIPPn><sln:wojIIPWersja>2017-10-10T00:00:00+02:00</sln:wojIIPWersja><sln:wojIdTeryt>32</sln:wojIdTeryt><sln:wojNazwa>zachodniopomorskie</sln:wojNazwa></sln:miejscowosc><sln:miejscowosc><sln:cyklZyciaOd>2017-04-03T00:00:00+02:00</sln:cyklZyciaOd><sln:gmIIPId>f08043fc-e4cd-4530-8e55-9a94b4b196e4</sln:gmIIPId><sln:gmIIPPn>PL.PZGIK.200</sln:gmIIPPn><sln:gmIIPWersja>2012-09-26T22:36:02+02:00</sln:gmIIPWersja><sln:gmIdTeryt>3218032</sln:gmIdTeryt><sln:gmNazwa>Radowo Małe</sln:gmNazwa><sln:miejscIIPId>787762fb-6bec-4c30-b387-0618527838ed</sln:miejscIIPId><sln:miejscIIPPn>PL.PZGIK.200</sln:miejscIIPPn><sln:miejscIIPWersja>2017-04-03T15:40:17+02:00</sln:miejscIIPWersja><sln:miejscIdTeryt>0782273</sln:miejscIdTeryt><sln:miejscNazwa>Rogowo</sln:miejscNazwa><sln:miejscRodzaj>Wieś</sln:miejscRodzaj><sln:powIIPId>2963177a-d9bc-4ceb-a68d-d83150a65edb</sln:powIIPId><sln:powIIPPn>PL.PZGIK.200</sln:powIIPPn><sln:powIIPWersja>2012-09-27T10:07:22+02:00</sln:powIIPWersja><sln:powIdTeryt>3218</sln:powIdTeryt><sln:powNazwa>łobeski</sln:powNazwa><sln:waznyOd>2011-03-18T00:00:00+01:00</sln:waznyOd><sln:wojIIPId>c3f2202a-b491-49c5-a3af-d581108d939a</sln:wojIIPId><sln:wojIIPPn>PL.PZGIK.200</sln:wojIIPPn><sln:wojIIPWersja>2017-10-10T00:00:00+02:00</sln:wojIIPWersja><sln:wojIdTeryt>32</sln:wojIdTeryt><sln:wojNazwa>zachodniopomorskie</sln:wojNazwa></sln:miejscowosc><sln:miejscowosc><sln:cyklZyciaOd>2017-04-03T00:00:00+02:00</sln:cyklZyciaOd><sln:gmIIPId>f08043fc-e4cd-4530-8e55-9a94b4b196e4</sln:gmIIPId><sln:gmIIPPn>PL.PZGIK.200</sln:gmIIPPn><sln:gmIIPWersja>2012-09-26T22:36:02+02:00</sln:gmIIPWersja><sln:gmIdTeryt>3218032</sln:gmIdTeryt><sln:gmNazwa>Radowo Małe</sln:gmNazwa><sln:miejscIIPId>6e8b86ad-14aa-473a-a441-850abfaf5ce5</sln:miejscIIPId><sln:miejscIIPPn>PL.PZGIK.200</sln:miejscIIPPn><sln:miejscIIPWersja>2017-04-03T15:40:17+02:00</sln:miejscIIPWersja><sln:miejscIdTeryt>0782280</sln:miejscIdTeryt><sln:miejscNazwa>Uklejki</sln:miejscNazwa><sln:miejscRodzaj>Przysiółek</sln:miejscRodzaj><sln:powIIPId>2963177a-d9bc-4ceb-a68d-d83150a65edb</sln:powIIPId><sln:powIIPPn>PL.PZGIK.200</sln:powIIPPn><sln:powIIPWersja>2012-09-27T10:07:22+02:00</sln:powIIPWersja><sln:powIdTeryt>3218</sln:powIdTeryt><sln:powNazwa>łobeski</sln:powNazwa><sln:waznyOd>2015-12-10T00:00:00+01:00</sln:waznyOd><sln:wojIIPId>c3f2202a-b491-49c5-a3af-d581108d939a</sln:wojIIPId><sln:wojIIPPn>PL.PZGIK.200</sln:wojIIPPn><sln:wojIIPWersja>2017-10-10T00:00:00+02:00</sln:wojIIPWersja><sln:wojIdTeryt>32</sln:wojIdTeryt><sln:wojNazwa>zachodniopomorskie</sln:wojNazwa></sln:miejscowosc><sln:miejscowosc><sln:cyklZyciaOd>2017-04-03T00:00:00+02:00</sln:cyklZyciaOd><sln:gmIIPId>f08043fc-e4cd-4530-8e55-9a94b4b196e4</sln:gmIIPId><sln:gmIIPPn>PL.PZGIK.200</sln:gmIIPPn><sln:gmIIPWersja>2012-09-26T22:36:02+02:00</sln:gmIIPWersja><sln:gmIdTeryt>3218032</sln:gmIdTeryt><sln:gmNazwa>Radowo Małe</sln:gmNazwa><sln:miejscIIPId>f308e542-73ad-45bf-ac76-bc1ebfe5a7e3</sln:miejscIIPId><sln:miejscIIPPn>PL.PZGIK.200</sln:miejscIIPPn><sln:miejscIIPWersja>2017-04-03T15:40:17+02:00</sln:miejscIIPWersja><sln:miejscIdTeryt>0782296</sln:miejscIdTeryt><sln:miejscNazwa>Siedlice</sln:miejscNazwa><sln:miejscRodzaj>Wieś</sln:miejscRodzaj><sln:powIIPId>2963177a-d9bc-4ceb-a68d-d83150a65edb</sln:powIIPId><sln:powIIPPn>PL.PZGIK.200</sln:powIIPPn><sln:powIIPWersja>2012-09-27T10:07:22+02:00</sln:powIIPWersja><sln:powIdTeryt>3218</sln:powIdTeryt><sln:powNazwa>łobeski</sln:powNazwa><sln:waznyOd>2011-03-18T00:00:00+01:00</sln:waznyOd><sln:wojIIPId>c3f2202a-b491-49c5-a3af-d581108d939a</sln:wojIIPId><sln:wojIIPPn>PL.PZGIK.200</sln:wojIIPPn><sln:wojIIPWersja>2017-10-10T00:00:00+02:00</sln:wojIIPWersja><sln:wojIdTeryt>32</sln:wojIdTeryt><sln:wojNazwa>zachodniopomorskie</sln:wojNazwa></sln:miejscowosc><sln:miejscowosc><sln:cyklZyciaOd>2017-04-03T00:00:00+02:00</sln:cyklZyciaOd><sln:gmIIPId>f08043fc-e4cd-4530-8e55-9a94b4b196e4</sln:gmIIPId><sln:gmIIPPn>PL.PZGIK.200</sln:gmIIPPn><sln:gmIIPWersja>2012-09-26T22:36:02+02:00</sln:gmIIPWersja><sln:gmIdTeryt>3218032</sln:gmIdTeryt><sln:gmNazwa>Radowo Małe</sln:gmNazwa><sln:miejscIIPId>0b24a06e-01b0-4742-b487-0c8f4aba4f8f</sln:miejscIIPId><sln:miejscIIPPn>PL.PZGIK.200</sln:miejscIIPPn><sln:miejscIIPWersja>2017-04-03T15:40:18+02:00</sln:miejscIIPWersja><sln:miejscIdTeryt>0782304</sln:miejscIdTeryt><sln:miejscNazwa>Konie</sln:miejscNazwa><sln:miejscRodzaj>Kolonia</sln:miejscRodzaj><sln:powIIPId>2963177a-d9bc-4ceb-a68d-d83150a65edb</sln:powIIPId><sln:powIIPPn>PL.PZGIK.200</sln:powIIPPn><sln:powIIPWersja>2012-09-27T10:07:22+02:00</sln:powIIPWersja><sln:powIdTeryt>3218</sln:powIdTeryt><sln:powNazwa>łobeski</sln:powNazwa><sln:waznyOd>2011-03-18T00:00:00+01:00</sln:waznyOd><sln:wojIIPId>c3f2202a-b491-49c5-a3af-d581108d939a</sln:wojIIPId><sln:wojIIPPn>PL.PZGIK.200</sln:wojIIPPn><sln:wojIIPWersja>2017-10-10T00:00:00+02:00</sln:wojIIPWersja><sln:wojIdTeryt>32</sln:wojIdTeryt><sln:wojNazwa>zachodniopomorskie</sln:wojNazwa></sln:miejscowosc><sln:miejscowosc><sln:cyklZyciaOd>2017-04-03T00:00:00+02:00</sln:cyklZyciaOd><sln:gmIIPId>f08043fc-e4cd-4530-8e55-9a94b4b196e4</sln:gmIIPId><sln:gmIIPPn>PL.PZGIK.200</sln:gmIIPPn><sln:gmIIPWersja>2012-09-26T22:36:02+02:00</sln:gmIIPWersja><sln:gmIdTeryt>3218032</sln:gmIdTeryt><sln:gmNazwa>Radowo Małe</sln:gmNazwa><sln:miejscIIPId>2809e1aa-cfc6-418e-a076-3b3f981b9e2b</sln:miejscIIPId><sln:miejscIIPPn>PL.PZGIK.200</sln:miejscIIPPn><sln:miejscIIPWersja>2017-04-03T15:40:18+02:00</sln:miejscIIPWersja><sln:miejscIdTeryt>0782310</sln:miejscIdTeryt><sln:miejscNazwa>Sułkowo</sln:miejscNazwa><sln:miejscRodzaj>Przysiółek</sln:miejscRodzaj><sln:powIIPId>2963177a-d9bc-4ceb-a68d-d83150a65edb</sln:powIIPId><sln:powIIPPn>PL.PZGIK.200</sln:powIIPPn><sln:powIIPWersja>2012-09-27T10:07:22+02:00</sln:powIIPWersja><sln:powIdTeryt>3218</sln:powIdTeryt><sln:powNazwa>łobeski</sln:powNazwa><sln:waznyOd>2011-03-18T00:00:00+01:00</sln:waznyOd><sln:wojIIPId>c3f2202a-b491-49c5-a3af-d581108d939a</sln:wojIIPId><sln:wojIIPPn>PL.PZGIK.200</sln:wojIIPPn><sln:wojIIPWersja>2017-10-10T00:00:00+02:00</sln:wojIIPWersja><sln:wojIdTeryt>32</sln:wojIdTeryt><sln:wojNazwa>zachodniopomorskie</sln:wojNazwa></sln:miejscowosc><sln:miejscowosc><sln:cyklZyciaOd>2017-04-03T00:00:00+02:00</sln:cyklZyciaOd><sln:gmIIPId>f08043fc-e4cd-4530-8e55-9a94b4b196e4</sln:gmIIPId><sln:gmIIPPn>PL.PZGIK.200</sln:gmIIPPn><sln:gmIIPWersja>2012-09-26T22:36:02+02:00</sln:gmIIPWersja><sln:gmIdTeryt>3218032</sln:gmIdTeryt><sln:gmNazwa>Radowo Małe</sln:gmNazwa><sln:miejscIIPId>27cb2f40-b4fb-4eed-9ca0-9d129e17a8ce</sln:miejscIIPId><sln:miejscIIPPn>PL.PZGIK.200</sln:miejscIIPPn><sln:miejscIIPWersja>2017-04-03T15:40:18+02:00</sln:miejscIIPWersja><sln:miejscIdTeryt>0782327</sln:miejscIdTeryt><sln:miejscNazwa>Sienno Dolne</sln:miejscNazwa><sln:miejscRodzaj>Wieś</sln:miejscRodzaj><sln:powIIPId>2963177a-d9bc-4ceb-a68d-d83150a65edb</sln:powIIPId><sln:powIIPPn>PL.PZGIK.200</sln:powIIPPn><sln:powIIPWersja>2012-09-27T10:07:22+02:00</sln:powIIPWersja><sln:powIdTeryt>3218</sln:powIdTeryt><sln:powNazwa>łobeski</sln:powNazwa><sln:waznyOd>2011-03-18T00:00:00+01:00</sln:waznyOd><sln:wojIIPId>c3f2202a-b491-49c5-a3af-d581108d939a</sln:wojIIPId><sln:wojIIPPn>PL.PZGIK.200</sln:wojIIPPn><sln:wojIIPWersja>2017-10-10T00:00:00+02:00</sln:wojIIPWersja><sln:wojIdTeryt>32</sln:wojIdTeryt><sln:wojNazwa>zachodniopomorskie</sln:wojNazwa></sln:miejscowosc><sln:miejscowosc><sln:cyklZyciaOd>2017-04-03T00:00:00+02:00</sln:cyklZyciaOd><sln:gmIIPId>f08043fc-e4cd-4530-8e55-9a94b4b196e4</sln:gmIIPId><sln:gmIIPPn>PL.PZGIK.200</sln:gmIIPPn><sln:gmIIPWersja>2012-09-26T22:36:02+02:00</sln:gmIIPWersja><sln:gmIdTeryt>3218032</sln:gmIdTeryt><sln:gmNazwa>Radowo Małe</sln:gmNazwa><sln:miejscIIPId>c040ab2f-e71e-4b67-af1f-f443517c477f</sln:miejscIIPId><sln:miejscIIPPn>PL.PZGIK.200</sln:miejscIIPPn><sln:miejscIIPWersja>2017-04-03T15:40:18+02:00</sln:miejscIIPWersja><sln:miejscIdTeryt>0782333</sln:miejscIdTeryt><sln:miejscNazwa>Sienno Górne</sln:miejscNazwa><sln:miejscRodzaj>Wieś</sln:miejscRodzaj><sln:powIIPId>2963177a-d9bc-4ceb-a68d-d83150a65edb</sln:powIIPId><sln:powIIPPn>PL.PZGIK.200</sln:powIIPPn><sln:powIIPWersja>2012-09-27T10:07:22+02:00</sln:powIIPWersja><sln:powIdTeryt>3218</sln:powIdTeryt><sln:powNazwa>łobeski</sln:powNazwa><sln:waznyOd>2011-03-18T00:00:00+01:00</sln:waznyOd><sln:wojIIPId>c3f2202a-b491-49c5-a3af-d581108d939a</sln:wojIIPId><sln:wojIIPPn>PL.PZGIK.200</sln:wojIIPPn><sln:wojIIPWersja>2017-10-10T00:00:00+02:00</sln:wojIIPWersja><sln:wojIdTeryt>32</sln:wojIdTeryt><sln:wojNazwa>zachodniopomorskie</sln:wojNazwa></sln:miejscowosc><sln:miejscowosc><sln:cyklZyciaOd>2017-04-03T00:00:00+02:00</sln:cyklZyciaOd><sln:gmIIPId>f08043fc-e4cd-4530-8e55-9a94b4b196e4</sln:gmIIPId><sln:gmIIPPn>PL.PZGIK.200</sln:gmIIPPn><sln:gmIIPWersja>2012-09-26T22:36:02+02:00</sln:gmIIPWersja><sln:gmIdTeryt>3218032</sln:gmIdTeryt><sln:gmNazwa>Radowo Małe</sln:gmNazwa><sln:miejscIIPId>5886d6dd-7e37-41e4-8309-f3882c097012</sln:miejscIIPId><sln:miejscIIPPn>PL.PZGIK.200</sln:miejscIIPPn><sln:miejscIIPWersja>2017-04-03T15:40:18+02:00</sln:miejscIIPWersja><sln:miejscIdTeryt>0782340</sln:miejscIdTeryt><sln:miejscNazwa>Strzmiele</sln:miejscNazwa><sln:miejscRodzaj>Wieś</sln:miejscRodzaj><sln:powIIPId>2963177a-d9bc-4ceb-a68d-d83150a65edb</sln:powIIPId><sln:powIIPPn>PL.PZGIK.200</sln:powIIPPn><sln:powIIPWersja>2012-09-27T10:07:22+02:00</sln:powIIPWersja><sln:powIdTeryt>3218</sln:powIdTeryt><sln:powNazwa>łobeski</sln:powNazwa><sln:waznyOd>2011-03-18T00:00:00+01:00</sln:waznyOd><sln:wojIIPId>c3f2202a-b491-49c5-a3af-d581108d939a</sln:wojIIPId><sln:wojIIPPn>PL.PZGIK.200</sln:wojIIPPn><sln:wojIIPWersja>2017-10-10T00:00:00+02:00</sln:wojIIPWersja><sln:wojIdTeryt>32</sln:wojIdTeryt><sln:wojNazwa>zachodniopomorskie</sln:wojNazwa></sln:miejscowosc><sln:miejscowosc><sln:cyklZyciaOd>2017-04-03T00:00:00+02:00</sln:cyklZyciaOd><sln:gmIIPId>f08043fc-e4cd-4530-8e55-9a94b4b196e4</sln:gmIIPId><sln:gmIIPPn>PL.PZGIK.200</sln:gmIIPPn><sln:gmIIPWersja>2012-09-26T22:36:02+02:00</sln:gmIIPWersja><sln:gmIdTeryt>3218032</sln:gmIdTeryt><sln:gmNazwa>Radowo Małe</sln:gmNazwa><sln:miejscIIPId>454a5037-c43f-429a-86b3-090b537e5edd</sln:miejscIIPId><sln:miejscIIPPn>PL.PZGIK.200</sln:miejscIIPPn><sln:miejscIIPWersja>2017-04-03T15:40:18+02:00</sln:miejscIIPWersja><sln:miejscIdTeryt>0782356</sln:miejscIdTeryt><sln:miejscNazwa>Troszczyno</sln:miejscNazwa><sln:miejscRodzaj>Wieś</sln:miejscRodzaj><sln:powIIPId>2963177a-d9bc-4ceb-a68d-d83150a65edb</sln:powIIPId><sln:powIIPPn>PL.PZGIK.200</sln:powIIPPn><sln:powIIPWersja>2012-09-27T10:07:22+02:00</sln:powIIPWersja><sln:powIdTeryt>3218</sln:powIdTeryt><sln:powNazwa>łobeski</sln:powNazwa><sln:waznyOd>2011-03-18T00:00:00+01:00</sln:waznyOd><sln:wojIIPId>c3f2202a-b491-49c5-a3af-d581108d939a</sln:wojIIPId><sln:wojIIPPn>PL.PZGIK.200</sln:wojIIPPn><sln:wojIIPWersja>2017-10-10T00:00:00+02:00</sln:wojIIPWersja><sln:wojIdTeryt>32</sln:wojIdTeryt><sln:wojNazwa>zachodniopomorskie</sln:wojNazwa></sln:miejscowosc><sln:miejscowosc><sln:cyklZyciaOd>2017-04-03T00:00:00+02:00</sln:cyklZyciaOd><sln:gmIIPId>f08043fc-e4cd-4530-8e55-9a94b4b196e4</sln:gmIIPId><sln:gmIIPPn>PL.PZGIK.200</sln:gmIIPPn><sln:gmIIPWersja>2012-09-26T22:36:02+02:00</sln:gmIIPWersja><sln:gmIdTeryt>3218032</sln:gmIdTeryt><sln:gmNazwa>Radowo Małe</sln:gmNazwa><sln:miejscIIPId>2f2f5c26-41b1-420d-9a16-5d8423ae5560</sln:miejscIIPId><sln:miejscIIPPn>PL.PZGIK.200</sln:miejscIIPPn><sln:miejscIIPWersja>2017-04-03T15:40:18+02:00</sln:miejscIIPWersja><sln:miejscIdTeryt>0782362</sln:miejscIdTeryt><sln:miejscNazwa>Radzim</sln:miejscNazwa><sln:miejscRodzaj>Osada</sln:miejscRodzaj><sln:powIIPId>2963177a-d9bc-4ceb-a68d-d83150a65edb</sln:powIIPId><sln:powIIPPn>PL.PZGIK.200</sln:powIIPPn><sln:powIIPWersja>2012-09-27T10:07:22+02:00</sln:powIIPWersja><sln:powIdTeryt>3218</sln:powIdTeryt><sln:powNazwa>łobeski</sln:powNazwa><sln:waznyOd>2011-03-18T00:00:00+01:00</sln:waznyOd><sln:wojIIPId>c3f2202a-b491-49c5-a3af-d581108d939a</sln:wojIIPId><sln:wojIIPPn>PL.PZGIK.200</sln:wojIIPPn><sln:wojIIPWersja>2017-10-10T00:00:00+02:00</sln:wojIIPWersja><sln:wojIdTeryt>32</sln:wojIdTeryt><sln:wojNazwa>zachodniopomorskie</sln:wojNazwa></sln:miejscowosc><sln:miejscowosc><sln:cyklZyciaOd>2017-04-03T00:00:00+02:00</sln:cyklZyciaOd><sln:gmIIPId>f08043fc-e4cd-4530-8e55-9a94b4b196e4</sln:gmIIPId><sln:gmIIPPn>PL.PZGIK.200</sln:gmIIPPn><sln:gmIIPWersja>2012-09-26T22:36:02+02:00</sln:gmIIPWersja><sln:gmIdTeryt>3218032</sln:gmIdTeryt><sln:gmNazwa>Radowo Małe</sln:gmNazwa><sln:miejscIIPId>b5aaa038-37d0-4fc2-ae2f-36e2a3867b3d</sln:miejscIIPId><sln:miejscIIPPn>PL.PZGIK.200</sln:miejscIIPPn><sln:miejscIIPWersja>2017-04-03T15:40:18+02:00</sln:miejscIIPWersja><sln:miejscIdTeryt>0782379</sln:miejscIdTeryt><sln:miejscNazwa>Żelmowo</sln:miejscNazwa><sln:miejscRodzaj>Wieś</sln:miejscRodzaj><sln:powIIPId>2963177a-d9bc-4ceb-a68d-d83150a65edb</sln:powIIPId><sln:powIIPPn>PL.PZGIK.200</sln:powIIPPn><sln:powIIPWersja>2012-09-27T10:07:22+02:00</sln:powIIPWersja><sln:powIdTeryt>3218</sln:powIdTeryt><sln:powNazwa>łobeski</sln:powNazwa><sln:waznyOd>2011-03-18T00:00:00+01:00</sln:waznyOd><sln:wojIIPId>c3f2202a-b491-49c5-a3af-d581108d939a</sln:wojIIPId><sln:wojIIPPn>PL.PZGIK.200</sln:wojIIPPn><sln:wojIIPWersja>2017-10-10T00:00:00+02:00</sln:wojIIPWersja><sln:wojIdTeryt>32</sln:wojIdTeryt><sln:wojNazwa>zachodniopomorskie</sln:wojNazwa></sln:miejscowosc></sln:lista-miejscowosci>