<?xml version="1.0" encoding="UTF-8" standalone="yes"?><sln:lista-miejscowosci xmlns:srv="http://gugik.gov.pl/schemas/slowniki-service/1.0" xmlns:sln="http://gugik.gov.pl/schemas/slowniki-schema/1.0"><sln:miejscowosc><sln:cyklZyciaDo>2017-04-03T00:00:00+02:00</sln:cyklZyciaDo><sln:cyklZyciaOd>2015-12-21T00:00:00+01:00</sln:cyklZyciaOd><sln:gmIIPId>29f1a886-7edc-47a7-8fb6-886ab96bd08c</sln:gmIIPId><sln:gmIIPPn>PL.PZGIK.200</sln:gmIIPPn><sln:gmIIPWersja>2012-09-26T22:34:41+02:00</sln:gmIIPWersja><sln:gmIdTeryt>3214113</sln:gmIdTeryt><sln:gmNazwa>Suchań</sln:gmNazwa><sln:miejscIIPId>de56ec2f-b5cb-49c6-89d0-4f8faaf40b75</sln:miejscIIPId><sln:miejscIIPPn>PL.PZGIK.200</sln:miejscIIPPn><sln:miejscIIPWersja>2016-11-24T12:48:52+02:00</sln:miejscIIPWersja><sln:miejscIdTeryt>0783976</sln:miejscIdTeryt><sln:miejscNazwa>Brudzewice</sln:miejscNazwa><sln:miejscRodzaj>Wieś</sln:miejscRodzaj><sln:powIIPId>b832e274-346c-4551-b312-80aa8ccfd59b</sln:powIIPId><sln:powIIPPn>PL.PZGIK.200</sln:powIIPPn><sln:powIIPWersja>2012-09-27T10:07:22+02:00</sln:powIIPWersja><sln:powIdTeryt>3214</sln:powIdTeryt><sln:powNazwa>stargardzki</sln:powNazwa><sln:waznyOd>2011-04-08T00:00:00+02:00</sln:waznyOd><sln:wojIIPId>c3f2202a-b491-49c5-a3af-d581108d939a</sln:wojIIPId><sln:wojIIPPn>PL.PZGIK.200</sln:wojIIPPn><sln:wojIIPWersja>2017-10-10T00:00:00+02:00</sln:wojIIPWersja><sln:wojIdTeryt>32</sln:wojIdTeryt><sln:wojNazwa>zachodniopomorskie</sln:wojNazwa></sln:miejscowosc><sln:miejscowosc><sln:cyklZyciaDo>2017-04-03T00:00:00+02:00</sln:cyklZyciaDo><sln:cyklZyciaOd>2015-12-21T00:00:00+01:00</sln:cyklZyciaOd><sln:gmIIPId>29f1a886-7edc-47a7-8fb6-886ab96bd08c</sln:gmIIPId><sln:gmIIPPn>PL.PZGIK.200</sln:gmIIPPn><sln:gmIIPWersja>2012-09-26T22:34:41+02:00</sln:gmIIPWersja><sln:gmIdTeryt>3214113</sln:gmIdTeryt><sln:gmNazwa>Suchań</sln:gmNazwa><sln:miejscIIPId>2b862af3-762d-4f67-b17d-d7e228b9201b</sln:miejscIIPId><sln:miejscIIPPn>PL.PZGIK.200</sln:miejscIIPPn><sln:miejscIIPWersja>2016-11-24T12:48:52+02:00</sln:miejscIIPWersja><sln:miejscIdTeryt>0784102</sln:miejscIdTeryt><sln:miejscNazwa>Ininy</sln:miejscNazwa><sln:miejscRodzaj>Osada</sln:miejscRodzaj><sln:powIIPId>b832e274-346c-4551-b312-80aa8ccfd59b</sln:powIIPId><sln:powIIPPn>PL.PZGIK.200</sln:powIIPPn><sln:powIIPWersja>2012-09-27T10:07:22+02:00</sln:powIIPWersja><sln:powIdTeryt>3214</sln:powIdTeryt><sln:powNazwa>stargardzki</sln:powNazwa><sln:waznyOd>2011-04-08T00:00:00+02:00</sln:waznyOd><sln:wojIIPId>c3f2202a-b491-49c5-a3af-d581108d939a</sln:wojIIPId><sln:wojIIPPn>PL.PZGIK.200</sln:wojIIPPn><sln:wojIIPWersja>2017-10-10T00:00:00+02:00</sln:wojIIPWersja><sln:wojIdTeryt>32</sln:wojIdTeryt><sln:wojNazwa>zachodniopomorskie</sln:wojNazwa></sln:miejscowosc><sln:miejscowosc><sln:cyklZyciaDo>2017-04-03T00:00:00+02:00</sln:cyklZyciaDo><sln:cyklZyciaOd>2015-12-21T00:00:00+01:00</sln:cyklZyciaOd><sln:gmIIPId>29f1a886-7edc-47a7-8fb6-886ab96bd08c</sln:gmIIPId><sln:gmIIPPn>PL.PZGIK.200</sln:gmIIPPn><sln:gmIIPWersja>2012-09-26T22:34:41+02:00</sln:gmIIPWersja><sln:gmIdTeryt>3214113</sln:gmIdTeryt><sln:gmNazwa>Suchań</sln:gmNazwa><sln:miejscIIPId>b4e64874-5347-42af-ab2d-53fdaa3bbf3d</sln:miejscIIPId><sln:miejscIIPPn>PL.PZGIK.200</sln:miejscIIPPn><sln:miejscIIPWersja>2016-11-24T12:48:52+02:00</sln:miejscIIPWersja><sln:miejscIdTeryt>0784007</sln:miejscIdTeryt><sln:miejscNazwa>Modrzewo</sln:miejscNazwa><sln:miejscRodzaj>Wieś</sln:miejscRodzaj><sln:powIIPId>b832e274-346c-4551-b312-80aa8ccfd59b</sln:powIIPId><sln:powIIPPn>PL.PZGIK.200</sln:powIIPPn><sln:powIIPWersja>2012-09-27T10:07:22+02:00</sln:powIIPWersja><sln:powIdTeryt>3214</sln:powIdTeryt><sln:powNazwa>stargardzki</sln:powNazwa><sln:waznyOd>2011-04-08T00:00:00+02:00</sln:waznyOd><sln:wojIIPId>c3f2202a-b491-49c5-a3af-d581108d939a</sln:wojIIPId><sln:wojIIPPn>PL.PZGIK.200</sln:wojIIPPn><sln:wojIIPWersja>2017-10-10T00:00:00+02:00</sln:wojIIPWersja><sln:wojIdTeryt>32</sln:wojIdTeryt><sln:wojNazwa>zachodniopomorskie</sln:wojNazwa></sln:miejscowosc><sln:miejscowosc><sln:cyklZyciaDo>2017-04-03T00:00:00+02:00</sln:cyklZyciaDo><sln:cyklZyciaOd>2015-12-21T00:00:00+01:00</sln:cyklZyciaOd><sln:gmIIPId>29f1a886-7edc-47a7-8fb6-886ab96bd08c</sln:gmIIPId><sln:gmIIPPn>PL.PZGIK.200</sln:gmIIPPn><sln:gmIIPWersja>2012-09-26T22:34:41+02:00</sln:gmIIPWersja><sln:gmIdTeryt>3214113</sln:gmIdTeryt><sln:gmNazwa>Suchań</sln:gmNazwa><sln:miejscIIPId>2e4e2359-71b9-4a1f-a5e5-3ccff8c19360</sln:miejscIIPId><sln:miejscIIPPn>PL.PZGIK.200</sln:miejscIIPPn><sln:miejscIIPWersja>2016-11-24T12:48:52+02:00</sln:miejscIIPWersja><sln:miejscIdTeryt>0784013</sln:miejscIdTeryt><sln:miejscNazwa>Nosowo</sln:miejscNazwa><sln:miejscRodzaj>Wieś</sln:miejscRodzaj><sln:powIIPId>b832e274-346c-4551-b312-80aa8ccfd59b</sln:powIIPId><sln:powIIPPn>PL.PZGIK.200</sln:powIIPPn><sln:powIIPWersja>2012-09-27T10:07:22+02:00</sln:powIIPWersja><sln:powIdTeryt>3214</sln:powIdTeryt><sln:powNazwa>stargardzki</sln:powNazwa><sln:waznyOd>2011-04-08T00:00:00+02:00</sln:waznyOd><sln:wojIIPId>c3f2202a-b491-49c5-a3af-d581108d939a</sln:wojIIPId><sln:wojIIPPn>PL.PZGIK.200</sln:wojIIPPn><sln:wojIIPWersja>2017-10-10T00:00:00+02:00</sln:wojIIPWersja><sln:wojIdTeryt>32</sln:wojIdTeryt><sln:wojNazwa>zachodniopomorskie</sln:wojNazwa></sln:miejscowosc><sln:miejscowosc><sln:cyklZyciaDo>2017-04-03T00:00:00+02:00</sln:cyklZyciaDo><sln:cyklZyciaOd>2015-12-21T00:00:00+01:00</sln:cyklZyciaOd><sln:gmIIPId>29f1a886-7edc-47a7-8fb6-886ab96bd08c</sln:gmIIPId><sln:gmIIPPn>PL.PZGIK.200</sln:gmIIPPn><sln:gmIIPWersja>2012-09-26T22:34:41+02:00</sln:gmIIPWersja><sln:gmIdTeryt>3214113</sln:gmIdTeryt><sln:gmNazwa>Suchań</sln:gmNazwa><sln:miejscIIPId>ab8c1142-0e44-449b-9328-f2e95eb060e0</sln:miejscIIPId><sln:miejscIIPPn>PL.PZGIK.200</sln:miejscIIPPn><sln:miejscIIPWersja>2016-11-24T12:48:52+02:00</sln:miejscIIPWersja><sln:miejscIdTeryt>0784119</sln:miejscIdTeryt><sln:miejscNazwa>Podłęcze</sln:miejscNazwa><sln:miejscRodzaj>Osada</sln:miejscRodzaj><sln:powIIPId>b832e274-346c-4551-b312-80aa8ccfd59b</sln:powIIPId><sln:powIIPPn>PL.PZGIK.200</sln:powIIPPn><sln:powIIPWersja>2012-09-27T10:07:22+02:00</sln:powIIPWersja><sln:powIdTeryt>3214</sln:powIdTeryt><sln:powNazwa>stargardzki</sln:powNazwa><sln:waznyOd>2011-04-08T00:00:00+02:00</sln:waznyOd><sln:wojIIPId>c3f2202a-b491-49c5-a3af-d581108d939a</sln:wojIIPId><sln:wojIIPPn>PL.PZGIK.200</sln:wojIIPPn><sln:wojIIPWersja>2017-10-10T00:00:00+02:00</sln:wojIIPWersja><sln:wojIdTeryt>32</sln:wojIdTeryt><sln:wojNazwa>zachodniopomorskie</sln:wojNazwa></sln:miejscowosc><sln:miejscowosc><sln:cyklZyciaDo>2017-04-03T00:00:00+02:00</sln:cyklZyciaDo><sln:cyklZyciaOd>2015-12-21T00:00:00+01:00</sln:cyklZyciaOd><sln:gmIIPId>29f1a886-7edc-47a7-8fb6-886ab96bd08c</sln:gmIIPId><sln:gmIIPPn>PL.PZGIK.200</sln:gmIIPPn><sln:gmIIPWersja>2012-09-26T22:34:41+02:00</sln:gmIIPWersja><sln:gmIdTeryt>3214113</sln:gmIdTeryt><sln:gmNazwa>Suchań</sln:gmNazwa><sln:miejscIIPId>6840f742-05b2-4f6a-90fb-976c2ef395f6</sln:miejscIIPId><sln:miejscIIPPn>PL.PZGIK.200</sln:miejscIIPPn><sln:miejscIIPWersja>2016-11-24T12:48:52+02:00</sln:miejscIIPWersja><sln:miejscIdTeryt>0784020</sln:miejscIdTeryt><sln:miejscNazwa>Sadłowo</sln:miejscNazwa><sln:miejscRodzaj>Wieś</sln:miejscRodzaj><sln:powIIPId>b832e274-346c-4551-b312-80aa8ccfd59b</sln:powIIPId><sln:powIIPPn>PL.PZGIK.200</sln:powIIPPn><sln:powIIPWersja>2012-09-27T10:07:22+02:00</sln:powIIPWersja><sln:powIdTeryt>3214</sln:powIdTeryt><sln:powNazwa>stargardzki</sln:powNazwa><sln:waznyOd>2011-04-08T00:00:00+02:00</sln:waznyOd><sln:wojIIPId>c3f2202a-b491-49c5-a3af-d581108d939a</sln:wojIIPId><sln:wojIIPPn>PL.PZGIK.200</sln:wojIIPPn><sln:wojIIPWersja>2017-10-10T00:00:00+02:00</sln:wojIIPWersja><sln:wojIdTeryt>32</sln:wojIdTeryt><sln:wojNazwa>zachodniopomorskie</sln:wojNazwa></sln:miejscowosc><sln:miejscowosc><sln:cyklZyciaDo>2017-04-03T00:00:00+02:00</sln:cyklZyciaDo><sln:cyklZyciaOd>2015-12-21T00:00:00+01:00</sln:cyklZyciaOd><sln:gmIIPId>29f1a886-7edc-47a7-8fb6-886ab96bd08c</sln:gmIIPId><sln:gmIIPPn>PL.PZGIK.200</sln:gmIIPPn><sln:gmIIPWersja>2012-09-26T22:34:41+02:00</sln:gmIIPWersja><sln:gmIdTeryt>3214113</sln:gmIdTeryt><sln:gmNazwa>Suchań</sln:gmNazwa><sln:miejscIIPId>e011845e-bb13-4f34-9cf5-294660477fd6</sln:miejscIIPId><sln:miejscIIPPn>PL.PZGIK.200</sln:miejscIIPPn><sln:miejscIIPWersja>2016-11-24T12:48:52+02:00</sln:miejscIIPWersja><sln:miejscIdTeryt>0784036</sln:miejscIdTeryt><sln:miejscNazwa>Słodkowo</sln:miejscNazwa><sln:miejscRodzaj>Wieś</sln:miejscRodzaj><sln:powIIPId>b832e274-346c-4551-b312-80aa8ccfd59b</sln:powIIPId><sln:powIIPPn>PL.PZGIK.200</sln:powIIPPn><sln:powIIPWersja>2012-09-27T10:07:22+02:00</sln:powIIPWersja><sln:powIdTeryt>3214</sln:powIdTeryt><sln:powNazwa>stargardzki</sln:powNazwa><sln:waznyOd>2011-04-08T00:00:00+02:00</sln:waznyOd><sln:wojIIPId>c3f2202a-b491-49c5-a3af-d581108d939a</sln:wojIIPId><sln:wojIIPPn>PL.PZGIK.200</sln:wojIIPPn><sln:wojIIPWersja>2017-10-10T00:00:00+02:00</sln:wojIIPWersja><sln:wojIdTeryt>32</sln:wojIdTeryt><sln:wojNazwa>zachodniopomorskie</sln:wojNazwa></sln:miejscowosc><sln:miejscowosc><sln:cyklZyciaDo>2017-04-03T00:00:00+02:00</sln:cyklZyciaDo><sln:cyklZyciaOd>2015-12-21T00:00:00+01:00</sln:cyklZyciaOd><sln:gmIIPId>29f1a886-7edc-47a7-8fb6-886ab96bd08c</sln:gmIIPId><sln:gmIIPPn>PL.PZGIK.200</sln:gmIIPPn><sln:gmIIPWersja>2012-09-26T22:34:41+02:00</sln:gmIIPWersja><sln:gmIdTeryt>3214113</sln:gmIdTeryt><sln:gmNazwa>Suchań</sln:gmNazwa><sln:miejscIIPId>c1775cbd-19ad-4c46-a738-99000e9613b1</sln:miejscIIPId><sln:miejscIIPPn>PL.PZGIK.200</sln:miejscIIPPn><sln:miejscIIPWersja>2016-11-24T12:48:52+02:00</sln:miejscIIPWersja><sln:miejscIdTeryt>0784042</sln:miejscIdTeryt><sln:miejscNazwa>Słodkówko</sln:miejscNazwa><sln:miejscRodzaj>Wieś</sln:miejscRodzaj><sln:powIIPId>b832e274-346c-4551-b312-80aa8ccfd59b</sln:powIIPId><sln:powIIPPn>PL.PZGIK.200</sln:powIIPPn><sln:powIIPWersja>2012-09-27T10:07:22+02:00</sln:powIIPWersja><sln:powIdTeryt>3214</sln:powIdTeryt><sln:powNazwa>stargardzki</sln:powNazwa><sln:waznyOd>2011-04-08T00:00:00+02:00</sln:waznyOd><sln:wojIIPId>c3f2202a-b491-49c5-a3af-d581108d939a</sln:wojIIPId><sln:wojIIPPn>PL.PZGIK.200</sln:wojIIPPn><sln:wojIIPWersja>2017-10-10T00:00:00+02:00</sln:wojIIPWersja><sln:wojIdTeryt>32</sln:wojIdTeryt><sln:wojNazwa>zachodniopomorskie</sln:wojNazwa></sln:miejscowosc><sln:miejscowosc><sln:cyklZyciaDo>2017-04-03T00:00:00+02:00</sln:cyklZyciaDo><sln:cyklZyciaOd>2015-12-21T00:00:00+01:00</sln:cyklZyciaOd><sln:gmIIPId>29f1a886-7edc-47a7-8fb6-886ab96bd08c</sln:gmIIPId><sln:gmIIPPn>PL.PZGIK.200</sln:gmIIPPn><sln:gmIIPWersja>2012-09-26T22:34:41+02:00</sln:gmIIPWersja><sln:gmIdTeryt>3214113</sln:gmIdTeryt><sln:gmNazwa>Suchań</sln:gmNazwa><sln:miejscIIPId>8d1f7998-93c5-41d9-93f7-0c6d649c88d9</sln:miejscIIPId><sln:miejscIIPPn>PL.PZGIK.200</sln:miejscIIPPn><sln:miejscIIPWersja>2016-11-24T12:48:52+02:00</sln:miejscIIPWersja><sln:miejscIdTeryt>0784088</sln:miejscIdTeryt><sln:miejscNazwa>Suchanki</sln:miejscNazwa><sln:miejscRodzaj>Kolonia</sln:miejscRodzaj><sln:powIIPId>b832e274-346c-4551-b312-80aa8ccfd59b</sln:powIIPId><sln:powIIPPn>PL.PZGIK.200</sln:powIIPPn><sln:powIIPWersja>2012-09-27T10:07:22+02:00</sln:powIIPWersja><sln:powIdTeryt>3214</sln:powIdTeryt><sln:powNazwa>stargardzki</sln:powNazwa><sln:waznyOd>2011-04-08T00:00:00+02:00</sln:waznyOd><sln:wojIIPId>c3f2202a-b491-49c5-a3af-d581108d939a</sln:wojIIPId><sln:wojIIPPn>PL.PZGIK.200</sln:wojIIPPn><sln:wojIIPWersja>2017-10-10T00:00:00+02:00</sln:wojIIPWersja><sln:wojIdTeryt>32</sln:wojIdTeryt><sln:wojNazwa>zachodniopomorskie</sln:wojNazwa></sln:miejscowosc><sln:miejscowosc><sln:cyklZyciaDo>2017-04-03T00:00:00+02:00</sln:cyklZyciaDo><sln:cyklZyciaOd>2015-12-21T00:00:00+01:00</sln:cyklZyciaOd><sln:gmIIPId>29f1a886-7edc-47a7-8fb6-886ab96bd08c</sln:gmIIPId><sln:gmIIPPn>PL.PZGIK.200</sln:gmIIPPn><sln:gmIIPWersja>2012-09-26T22:34:41+02:00</sln:gmIIPWersja><sln:gmIdTeryt>3214113</sln:gmIdTeryt><sln:gmNazwa>Suchań</sln:gmNazwa><sln:miejscIIPId>a2838cfb-1dc9-40d2-a744-5f249270f735</sln:miejscIIPId><sln:miejscIIPPn>PL.PZGIK.200</sln:miejscIIPPn><sln:miejscIIPWersja>2016-11-24T12:48:52+02:00</sln:miejscIIPWersja><sln:miejscIdTeryt>0784059</sln:miejscIdTeryt><sln:miejscNazwa>Suchanówko</sln:miejscNazwa><sln:miejscRodzaj>Wieś</sln:miejscRodzaj><sln:powIIPId>b832e274-346c-4551-b312-80aa8ccfd59b</sln:powIIPId><sln:powIIPPn>PL.PZGIK.200</sln:powIIPPn><sln:powIIPWersja>2012-09-27T10:07:22+02:00</sln:powIIPWersja><sln:powIdTeryt>3214</sln:powIdTeryt><sln:powNazwa>stargardzki</sln:powNazwa><sln:waznyOd>2011-04-08T00:00:00+02:00</sln:waznyOd><sln:wojIIPId>c3f2202a-b491-49c5-a3af-d581108d939a</sln:wojIIPId><sln:wojIIPPn>PL.PZGIK.200</sln:wojIIPPn><sln:wojIIPWersja>2017-10-10T00:00:00+02:00</sln:wojIIPWersja><sln:wojIdTeryt>32</sln:wojIdTeryt><sln:wojNazwa>zachodniopomorskie</sln:wojNazwa></sln:miejscowosc><sln:miejscowosc><sln:cyklZyciaDo>2017-04-03T00:00:00+02:00</sln:cyklZyciaDo><sln:cyklZyciaOd>2015-12-21T00:00:00+01:00</sln:cyklZyciaOd><sln:gmIIPId>29f1a886-7edc-47a7-8fb6-886ab96bd08c</sln:gmIIPId><sln:gmIIPPn>PL.PZGIK.200</sln:gmIIPPn><sln:gmIIPWersja>2012-09-26T22:34:41+02:00</sln:gmIIPWersja><sln:gmIdTeryt>3214113</sln:gmIdTeryt><sln:gmNazwa>Suchań</sln:gmNazwa><sln:miejscIIPId>24dbe174-b203-42f9-a8be-50e97a1f1452</sln:miejscIIPId><sln:miejscIIPPn>PL.PZGIK.200</sln:miejscIIPPn><sln:miejscIIPWersja>2016-11-24T13:18:54+02:00</sln:miejscIIPWersja><sln:miejscIdTeryt>0979716</sln:miejscIdTeryt><sln:miejscNazwa>Suchań</sln:miejscNazwa><sln:miejscRodzaj>Miasto</sln:miejscRodzaj><sln:powIIPId>b832e274-346c-4551-b312-80aa8ccfd59b</sln:powIIPId><sln:powIIPPn>PL.PZGIK.200</sln:powIIPPn><sln:powIIPWersja>2012-09-27T10:07:22+02:00</sln:powIIPWersja><sln:powIdTeryt>3214</sln:powIdTeryt><sln:powNazwa>stargardzki</sln:powNazwa><sln:waznyOd>2011-04-08T00:00:00+02:00</sln:waznyOd><sln:wojIIPId>c3f2202a-b491-49c5-a3af-d581108d939a</sln:wojIIPId><sln:wojIIPPn>PL.PZGIK.200</sln:wojIIPPn><sln:wojIIPWersja>2017-10-10T00:00:00+02:00</sln:wojIIPWersja><sln:wojIdTeryt>32</sln:wojIdTeryt><sln:wojNazwa>zachodniopomorskie</sln:wojNazwa></sln:miejscowosc><sln:miejscowosc><sln:cyklZyciaDo>2017-04-03T00:00:00+02:00</sln:cyklZyciaDo><sln:cyklZyciaOd>2015-12-21T00:00:00+01:00</sln:cyklZyciaOd><sln:gmIIPId>29f1a886-7edc-47a7-8fb6-886ab96bd08c</sln:gmIIPId><sln:gmIIPPn>PL.PZGIK.200</sln:gmIIPPn><sln:gmIIPWersja>2012-09-26T22:34:41+02:00</sln:gmIIPWersja><sln:gmIdTeryt>3214113</sln:gmIdTeryt><sln:gmNazwa>Suchań</sln:gmNazwa><sln:miejscIIPId>c7c0f82a-b747-402c-9212-c052789477bb</sln:miejscIIPId><sln:miejscIIPPn>PL.PZGIK.200</sln:miejscIIPPn><sln:miejscIIPWersja>2016-11-24T12:48:52+02:00</sln:miejscIIPWersja><sln:miejscIdTeryt>0784071</sln:miejscIdTeryt><sln:miejscNazwa>Tarnowo</sln:miejscNazwa><sln:miejscRodzaj>Wieś</sln:miejscRodzaj><sln:powIIPId>b832e274-346c-4551-b312-80aa8ccfd59b</sln:powIIPId><sln:powIIPPn>PL.PZGIK.200</sln:powIIPPn><sln:powIIPWersja>2012-09-27T10:07:22+02:00</sln:powIIPWersja><sln:powIdTeryt>3214</sln:powIdTeryt><sln:powNazwa>stargardzki</sln:powNazwa><sln:waznyOd>2011-04-08T00:00:00+02:00</sln:waznyOd><sln:wojIIPId>c3f2202a-b491-49c5-a3af-d581108d939a</sln:wojIIPId><sln:wojIIPPn>PL.PZGIK.200</sln:wojIIPPn><sln:wojIIPWersja>2017-10-10T00:00:00+02:00</sln:wojIIPWersja><sln:wojIdTeryt>32</sln:wojIdTeryt><sln:wojNazwa>zachodniopomorskie</sln:wojNazwa></sln:miejscowosc><sln:miejscowosc><sln:cyklZyciaDo>2017-04-03T00:00:00+02:00</sln:cyklZyciaDo><sln:cyklZyciaOd>2015-12-21T00:00:00+01:00</sln:cyklZyciaOd><sln:gmIIPId>29f1a886-7edc-47a7-8fb6-886ab96bd08c</sln:gmIIPId><sln:gmIIPPn>PL.PZGIK.200</sln:gmIIPPn><sln:gmIIPWersja>2012-09-26T22:34:41+02:00</sln:gmIIPWersja><sln:gmIdTeryt>3214113</sln:gmIdTeryt><sln:gmNazwa>Suchań</sln:gmNazwa><sln:miejscIIPId>4f390a86-64e7-413b-9f41-81a6778c1941</sln:miejscIIPId><sln:miejscIIPPn>PL.PZGIK.200</sln:miejscIIPPn><sln:miejscIIPWersja>2016-11-24T12:48:52+02:00</sln:miejscIIPWersja><sln:miejscIdTeryt>0784094</sln:miejscIdTeryt><sln:miejscNazwa>Wapnica</sln:miejscNazwa><sln:miejscRodzaj>Wieś</sln:miejscRodzaj><sln:powIIPId>b832e274-346c-4551-b312-80aa8ccfd59b</sln:powIIPId><sln:powIIPPn>PL.PZGIK.200</sln:powIIPPn><sln:powIIPWersja>2012-09-27T10:07:22+02:00</sln:powIIPWersja><sln:powIdTeryt>3214</sln:powIdTeryt><sln:powNazwa>stargardzki</sln:powNazwa><sln:waznyOd>2011-04-08T00:00:00+02:00</sln:waznyOd><sln:wojIIPId>c3f2202a-b491-49c5-a3af-d581108d939a</sln:wojIIPId><sln:wojIIPPn>PL.PZGIK.200</sln:wojIIPPn><sln:wojIIPWersja>2017-10-10T00:00:00+02:00</sln:wojIIPWersja><sln:wojIdTeryt>32</sln:wojIdTeryt><sln:wojNazwa>zachodniopomorskie</sln:wojNazwa></sln:miejscowosc><sln:miejscowosc><sln:cyklZyciaDo>2017-04-03T00:00:00+02:00</sln:cyklZyciaDo><sln:cyklZyciaOd>2015-12-21T00:00:00+01:00</sln:cyklZyciaOd><sln:gmIIPId>29f1a886-7edc-47a7-8fb6-886ab96bd08c</sln:gmIIPId><sln:gmIIPPn>PL.PZGIK.200</sln:gmIIPPn><sln:gmIIPWersja>2012-09-26T22:34:41+02:00</sln:gmIIPWersja><sln:gmIdTeryt>3214113</sln:gmIdTeryt><sln:gmNazwa>Suchań</sln:gmNazwa><sln:miejscIIPId>66f84d9b-d5a4-4794-8a16-f4b7e4268a76</sln:miejscIIPId><sln:miejscIIPPn>PL.PZGIK.200</sln:miejscIIPPn><sln:miejscIIPWersja>2016-11-24T12:48:52+02:00</sln:miejscIIPWersja><sln:miejscIdTeryt>0784125</sln:miejscIdTeryt><sln:miejscNazwa>Żukowo</sln:miejscNazwa><sln:miejscRodzaj>Wieś</sln:miejscRodzaj><sln:powIIPId>b832e274-346c-4551-b312-80aa8ccfd59b</sln:powIIPId><sln:powIIPPn>PL.PZGIK.200</sln:powIIPPn><sln:powIIPWersja>2012-09-27T10:07:22+02:00</sln:powIIPWersja><sln:powIdTeryt>3214</sln:powIdTeryt><sln:powNazwa>stargardzki</sln:powNazwa><sln:waznyOd>2011-04-08T00:00:00+02:00</sln:waznyOd><sln:wojIIPId>c3f2202a-b491-49c5-a3af-d581108d939a</sln:wojIIPId><sln:wojIIPPn>PL.PZGIK.200</sln:wojIIPPn><sln:wojIIPWersja>2017-10-10T00:00:00+02:00</sln:wojIIPWersja><sln:wojIdTeryt>32</sln:wojIdTeryt><sln:wojNazwa>zachodniopomorskie</sln:wojNazwa></sln:miejscowosc><sln:miejscowosc><sln:cyklZyciaOd>2017-04-03T00:00:00+02:00</sln:cyklZyciaOd><sln:gmIIPId>29f1a886-7edc-47a7-8fb6-886ab96bd08c</sln:gmIIPId><sln:gmIIPPn>PL.PZGIK.200</sln:gmIIPPn><sln:gmIIPWersja>2012-09-26T22:34:41+02:00</sln:gmIIPWersja><sln:gmIdTeryt>3214113</sln:gmIdTeryt><sln:gmNazwa>Suchań</sln:gmNazwa><sln:miejscIIPId>de56ec2f-b5cb-49c6-89d0-4f8faaf40b75</sln:miejscIIPId><sln:miejscIIPPn>PL.PZGIK.200</sln:miejscIIPPn><sln:miejscIIPWersja>2017-04-03T14:58:30+02:00</sln:miejscIIPWersja><sln:miejscIdTeryt>0783976</sln:miejscIdTeryt><sln:miejscNazwa>Brudzewice</sln:miejscNazwa><sln:miejscRodzaj>Wieś</sln:miejscRodzaj><sln:powIIPId>b832e274-346c-4551-b312-80aa8ccfd59b</sln:powIIPId><sln:powIIPPn>PL.PZGIK.200</sln:powIIPPn><sln:powIIPWersja>2012-09-27T10:07:22+02:00</sln:powIIPWersja><sln:powIdTeryt>3214</sln:powIdTeryt><sln:powNazwa>stargardzki</sln:powNazwa><sln:waznyOd>2011-04-08T00:00:00+02:00</sln:waznyOd><sln:wojIIPId>c3f2202a-b491-49c5-a3af-d581108d939a</sln:wojIIPId><sln:wojIIPPn>PL.PZGIK.200</sln:wojIIPPn><sln:wojIIPWersja>2017-10-10T00:00:00+02:00</sln:wojIIPWersja><sln:wojIdTeryt>32</sln:wojIdTeryt><sln:wojNazwa>zachodniopomorskie</sln:wojNazwa></sln:miejscowosc><sln:miejscowosc><sln:cyklZyciaOd>2017-04-03T00:00:00+02:00</sln:cyklZyciaOd><sln:gmIIPId>29f1a886-7edc-47a7-8fb6-886ab96bd08c</sln:gmIIPId><sln:gmIIPPn>PL.PZGIK.200</sln:gmIIPPn><sln:gmIIPWersja>2012-09-26T22:34:41+02:00</sln:gmIIPWersja><sln:gmIdTeryt>3214113</sln:gmIdTeryt><sln:gmNazwa>Suchań</sln:gmNazwa><sln:miejscIIPId>b4e64874-5347-42af-ab2d-53fdaa3bbf3d</sln:miejscIIPId><sln:miejscIIPPn>PL.PZGIK.200</sln:miejscIIPPn><sln:miejscIIPWersja>2017-04-03T14:58:38+02:00</sln:miejscIIPWersja><sln:miejscIdTeryt>0784007</sln:miejscIdTeryt><sln:miejscNazwa>Modrzewo</sln:miejscNazwa><sln:miejscRodzaj>Wieś</sln:miejscRodzaj><sln:powIIPId>b832e274-346c-4551-b312-80aa8ccfd59b</sln:powIIPId><sln:powIIPPn>PL.PZGIK.200</sln:powIIPPn><sln:powIIPWersja>2012-09-27T10:07:22+02:00</sln:powIIPWersja><sln:powIdTeryt>3214</sln:powIdTeryt><sln:powNazwa>stargardzki</sln:powNazwa><sln:waznyOd>2011-04-08T00:00:00+02:00</sln:waznyOd><sln:wojIIPId>c3f2202a-b491-49c5-a3af-d581108d939a</sln:wojIIPId><sln:wojIIPPn>PL.PZGIK.200</sln:wojIIPPn><sln:wojIIPWersja>2017-10-10T00:00:00+02:00</sln:wojIIPWersja><sln:wojIdTeryt>32</sln:wojIdTeryt><sln:wojNazwa>zachodniopomorskie</sln:wojNazwa></sln:miejscowosc><sln:miejscowosc><sln:cyklZyciaOd>2017-04-03T00:00:00+02:00</sln:cyklZyciaOd><sln:gmIIPId>29f1a886-7edc-47a7-8fb6-886ab96bd08c</sln:gmIIPId><sln:gmIIPPn>PL.PZGIK.200</sln:gmIIPPn><sln:gmIIPWersja>2012-09-26T22:34:41+02:00</sln:gmIIPWersja><sln:gmIdTeryt>3214113</sln:gmIdTeryt><sln:gmNazwa>Suchań</sln:gmNazwa><sln:miejscIIPId>2e4e2359-71b9-4a1f-a5e5-3ccff8c19360</sln:miejscIIPId><sln:miejscIIPPn>PL.PZGIK.200</sln:miejscIIPPn><sln:miejscIIPWersja>2017-04-03T14:58:38+02:00</sln:miejscIIPWersja><sln:miejscIdTeryt>0784013</sln:miejscIdTeryt><sln:miejscNazwa>Nosowo</sln:miejscNazwa><sln:miejscRodzaj>Wieś</sln:miejscRodzaj><sln:powIIPId>b832e274-346c-4551-b312-80aa8ccfd59b</sln:powIIPId><sln:powIIPPn>PL.PZGIK.200</sln:powIIPPn><sln:powIIPWersja>2012-09-27T10:07:22+02:00</sln:powIIPWersja><sln:powIdTeryt>3214</sln:powIdTeryt><sln:powNazwa>stargardzki</sln:powNazwa><sln:waznyOd>2011-04-08T00:00:00+02:00</sln:waznyOd><sln:wojIIPId>c3f2202a-b491-49c5-a3af-d581108d939a</sln:wojIIPId><sln:wojIIPPn>PL.PZGIK.200</sln:wojIIPPn><sln:wojIIPWersja>2017-10-10T00:00:00+02:00</sln:wojIIPWersja><sln:wojIdTeryt>32</sln:wojIdTeryt><sln:wojNazwa>zachodniopomorskie</sln:wojNazwa></sln:miejscowosc><sln:miejscowosc><sln:cyklZyciaOd>2017-04-03T00:00:00+02:00</sln:cyklZyciaOd><sln:gmIIPId>29f1a886-7edc-47a7-8fb6-886ab96bd08c</sln:gmIIPId><sln:gmIIPPn>PL.PZGIK.200</sln:gmIIPPn><sln:gmIIPWersja>2012-09-26T22:34:41+02:00</sln:gmIIPWersja><sln:gmIdTeryt>3214113</sln:gmIdTeryt><sln:gmNazwa>Suchań</sln:gmNazwa><sln:miejscIIPId>6840f742-05b2-4f6a-90fb-976c2ef395f6</sln:miejscIIPId><sln:miejscIIPPn>PL.PZGIK.200</sln:miejscIIPPn><sln:miejscIIPWersja>2017-04-03T14:58:38+02:00</sln:miejscIIPWersja><sln:miejscIdTeryt>0784020</sln:miejscIdTeryt><sln:miejscNazwa>Sadłowo</sln:miejscNazwa><sln:miejscRodzaj>Wieś</sln:miejscRodzaj><sln:powIIPId>b832e274-346c-4551-b312-80aa8ccfd59b</sln:powIIPId><sln:powIIPPn>PL.PZGIK.200</sln:powIIPPn><sln:powIIPWersja>2012-09-27T10:07:22+02:00</sln:powIIPWersja><sln:powIdTeryt>3214</sln:powIdTeryt><sln:powNazwa>stargardzki</sln:powNazwa><sln:waznyOd>2011-04-08T00:00:00+02:00</sln:waznyOd><sln:wojIIPId>c3f2202a-b491-49c5-a3af-d581108d939a</sln:wojIIPId><sln:wojIIPPn>PL.PZGIK.200</sln:wojIIPPn><sln:wojIIPWersja>2017-10-10T00:00:00+02:00</sln:wojIIPWersja><sln:wojIdTeryt>32</sln:wojIdTeryt><sln:wojNazwa>zachodniopomorskie</sln:wojNazwa></sln:miejscowosc><sln:miejscowosc><sln:cyklZyciaOd>2017-04-03T00:00:00+02:00</sln:cyklZyciaOd><sln:gmIIPId>29f1a886-7edc-47a7-8fb6-886ab96bd08c</sln:gmIIPId><sln:gmIIPPn>PL.PZGIK.200</sln:gmIIPPn><sln:gmIIPWersja>2012-09-26T22:34:41+02:00</sln:gmIIPWersja><sln:gmIdTeryt>3214113</sln:gmIdTeryt><sln:gmNazwa>Suchań</sln:gmNazwa><sln:miejscIIPId>e011845e-bb13-4f34-9cf5-294660477fd6</sln:miejscIIPId><sln:miejscIIPPn>PL.PZGIK.200</sln:miejscIIPPn><sln:miejscIIPWersja>2017-04-03T14:58:38+02:00</sln:miejscIIPWersja><sln:miejscIdTeryt>0784036</sln:miejscIdTeryt><sln:miejscNazwa>Słodkowo</sln:miejscNazwa><sln:miejscRodzaj>Wieś</sln:miejscRodzaj><sln:powIIPId>b832e274-346c-4551-b312-80aa8ccfd59b</sln:powIIPId><sln:powIIPPn>PL.PZGIK.200</sln:powIIPPn><sln:powIIPWersja>2012-09-27T10:07:22+02:00</sln:powIIPWersja><sln:powIdTeryt>3214</sln:powIdTeryt><sln:powNazwa>stargardzki</sln:powNazwa><sln:waznyOd>2011-04-08T00:00:00+02:00</sln:waznyOd><sln:wojIIPId>c3f2202a-b491-49c5-a3af-d581108d939a</sln:wojIIPId><sln:wojIIPPn>PL.PZGIK.200</sln:wojIIPPn><sln:wojIIPWersja>2017-10-10T00:00:00+02:00</sln:wojIIPWersja><sln:wojIdTeryt>32</sln:wojIdTeryt><sln:wojNazwa>zachodniopomorskie</sln:wojNazwa></sln:miejscowosc><sln:miejscowosc><sln:cyklZyciaOd>2017-04-03T00:00:00+02:00</sln:cyklZyciaOd><sln:gmIIPId>29f1a886-7edc-47a7-8fb6-886ab96bd08c</sln:gmIIPId><sln:gmIIPPn>PL.PZGIK.200</sln:gmIIPPn><sln:gmIIPWersja>2012-09-26T22:34:41+02:00</sln:gmIIPWersja><sln:gmIdTeryt>3214113</sln:gmIdTeryt><sln:gmNazwa>Suchań</sln:gmNazwa><sln:miejscIIPId>c1775cbd-19ad-4c46-a738-99000e9613b1</sln:miejscIIPId><sln:miejscIIPPn>PL.PZGIK.200</sln:miejscIIPPn><sln:miejscIIPWersja>2017-04-03T14:58:38+02:00</sln:miejscIIPWersja><sln:miejscIdTeryt>0784042</sln:miejscIdTeryt><sln:miejscNazwa>Słodkówko</sln:miejscNazwa><sln:miejscRodzaj>Wieś</sln:miejscRodzaj><sln:powIIPId>b832e274-346c-4551-b312-80aa8ccfd59b</sln:powIIPId><sln:powIIPPn>PL.PZGIK.200</sln:powIIPPn><sln:powIIPWersja>2012-09-27T10:07:22+02:00</sln:powIIPWersja><sln:powIdTeryt>3214</sln:powIdTeryt><sln:powNazwa>stargardzki</sln:powNazwa><sln:waznyOd>2011-04-08T00:00:00+02:00</sln:waznyOd><sln:wojIIPId>c3f2202a-b491-49c5-a3af-d581108d939a</sln:wojIIPId><sln:wojIIPPn>PL.PZGIK.200</sln:wojIIPPn><sln:wojIIPWersja>2017-10-10T00:00:00+02:00</sln:wojIIPWersja><sln:wojIdTeryt>32</sln:wojIdTeryt><sln:wojNazwa>zachodniopomorskie</sln:wojNazwa></sln:miejscowosc><sln:miejscowosc><sln:cyklZyciaOd>2017-04-03T00:00:00+02:00</sln:cyklZyciaOd><sln:gmIIPId>29f1a886-7edc-47a7-8fb6-886ab96bd08c</sln:gmIIPId><sln:gmIIPPn>PL.PZGIK.200</sln:gmIIPPn><sln:gmIIPWersja>2012-09-26T22:34:41+02:00</sln:gmIIPWersja><sln:gmIdTeryt>3214113</sln:gmIdTeryt><sln:gmNazwa>Suchań</sln:gmNazwa><sln:miejscIIPId>a2838cfb-1dc9-40d2-a744-5f249270f735</sln:miejscIIPId><sln:miejscIIPPn>PL.PZGIK.200</sln:miejscIIPPn><sln:miejscIIPWersja>2017-04-03T14:58:38+02:00</sln:miejscIIPWersja><sln:miejscIdTeryt>0784059</sln:miejscIdTeryt><sln:miejscNazwa>Suchanówko</sln:miejscNazwa><sln:miejscRodzaj>Wieś</sln:miejscRodzaj><sln:powIIPId>b832e274-346c-4551-b312-80aa8ccfd59b</sln:powIIPId><sln:powIIPPn>PL.PZGIK.200</sln:powIIPPn><sln:powIIPWersja>2012-09-27T10:07:22+02:00</sln:powIIPWersja><sln:powIdTeryt>3214</sln:powIdTeryt><sln:powNazwa>stargardzki</sln:powNazwa><sln:waznyOd>2011-04-08T00:00:00+02:00</sln:waznyOd><sln:wojIIPId>c3f2202a-b491-49c5-a3af-d581108d939a</sln:wojIIPId><sln:wojIIPPn>PL.PZGIK.200</sln:wojIIPPn><sln:wojIIPWersja>2017-10-10T00:00:00+02:00</sln:wojIIPWersja><sln:wojIdTeryt>32</sln:wojIdTeryt><sln:wojNazwa>zachodniopomorskie</sln:wojNazwa></sln:miejscowosc><sln:miejscowosc><sln:cyklZyciaOd>2017-04-03T00:00:00+02:00</sln:cyklZyciaOd><sln:gmIIPId>29f1a886-7edc-47a7-8fb6-886ab96bd08c</sln:gmIIPId><sln:gmIIPPn>PL.PZGIK.200</sln:gmIIPPn><sln:gmIIPWersja>2012-09-26T22:34:41+02:00</sln:gmIIPWersja><sln:gmIdTeryt>3214113</sln:gmIdTeryt><sln:gmNazwa>Suchań</sln:gmNazwa><sln:miejscIIPId>c7c0f82a-b747-402c-9212-c052789477bb</sln:miejscIIPId><sln:miejscIIPPn>PL.PZGIK.200</sln:miejscIIPPn><sln:miejscIIPWersja>2017-04-03T14:58:38+02:00</sln:miejscIIPWersja><sln:miejscIdTeryt>0784071</sln:miejscIdTeryt><sln:miejscNazwa>Tarnowo</sln:miejscNazwa><sln:miejscRodzaj>Wieś</sln:miejscRodzaj><sln:powIIPId>b832e274-346c-4551-b312-80aa8ccfd59b</sln:powIIPId><sln:powIIPPn>PL.PZGIK.200</sln:powIIPPn><sln:powIIPWersja>2012-09-27T10:07:22+02:00</sln:powIIPWersja><sln:powIdTeryt>3214</sln:powIdTeryt><sln:powNazwa>stargardzki</sln:powNazwa><sln:waznyOd>2011-04-08T00:00:00+02:00</sln:waznyOd><sln:wojIIPId>c3f2202a-b491-49c5-a3af-d581108d939a</sln:wojIIPId><sln:wojIIPPn>PL.PZGIK.200</sln:wojIIPPn><sln:wojIIPWersja>2017-10-10T00:00:00+02:00</sln:wojIIPWersja><sln:wojIdTeryt>32</sln:wojIdTeryt><sln:wojNazwa>zachodniopomorskie</sln:wojNazwa></sln:miejscowosc><sln:miejscowosc><sln:cyklZyciaOd>2017-04-03T00:00:00+02:00</sln:cyklZyciaOd><sln:gmIIPId>29f1a886-7edc-47a7-8fb6-886ab96bd08c</sln:gmIIPId><sln:gmIIPPn>PL.PZGIK.200</sln:gmIIPPn><sln:gmIIPWersja>2012-09-26T22:34:41+02:00</sln:gmIIPWersja><sln:gmIdTeryt>3214113</sln:gmIdTeryt><sln:gmNazwa>Suchań</sln:gmNazwa><sln:miejscIIPId>8d1f7998-93c5-41d9-93f7-0c6d649c88d9</sln:miejscIIPId><sln:miejscIIPPn>PL.PZGIK.200</sln:miejscIIPPn><sln:miejscIIPWersja>2017-04-03T14:58:38+02:00</sln:miejscIIPWersja><sln:miejscIdTeryt>0784088</sln:miejscIdTeryt><sln:miejscNazwa>Suchanki</sln:miejscNazwa><sln:miejscRodzaj>Kolonia</sln:miejscRodzaj><sln:powIIPId>b832e274-346c-4551-b312-80aa8ccfd59b</sln:powIIPId><sln:powIIPPn>PL.PZGIK.200</sln:powIIPPn><sln:powIIPWersja>2012-09-27T10:07:22+02:00</sln:powIIPWersja><sln:powIdTeryt>3214</sln:powIdTeryt><sln:powNazwa>stargardzki</sln:powNazwa><sln:waznyOd>2011-04-08T00:00:00+02:00</sln:waznyOd><sln:wojIIPId>c3f2202a-b491-49c5-a3af-d581108d939a</sln:wojIIPId><sln:wojIIPPn>PL.PZGIK.200</sln:wojIIPPn><sln:wojIIPWersja>2017-10-10T00:00:00+02:00</sln:wojIIPWersja><sln:wojIdTeryt>32</sln:wojIdTeryt><sln:wojNazwa>zachodniopomorskie</sln:wojNazwa></sln:miejscowosc><sln:miejscowosc><sln:cyklZyciaOd>2017-04-03T00:00:00+02:00</sln:cyklZyciaOd><sln:gmIIPId>29f1a886-7edc-47a7-8fb6-886ab96bd08c</sln:gmIIPId><sln:gmIIPPn>PL.PZGIK.200</sln:gmIIPPn><sln:gmIIPWersja>2012-09-26T22:34:41+02:00</sln:gmIIPWersja><sln:gmIdTeryt>3214113</sln:gmIdTeryt><sln:gmNazwa>Suchań</sln:gmNazwa><sln:miejscIIPId>4f390a86-64e7-413b-9f41-81a6778c1941</sln:miejscIIPId><sln:miejscIIPPn>PL.PZGIK.200</sln:miejscIIPPn><sln:miejscIIPWersja>2017-04-03T14:58:38+02:00</sln:miejscIIPWersja><sln:miejscIdTeryt>0784094</sln:miejscIdTeryt><sln:miejscNazwa>Wapnica</sln:miejscNazwa><sln:miejscRodzaj>Wieś</sln:miejscRodzaj><sln:powIIPId>b832e274-346c-4551-b312-80aa8ccfd59b</sln:powIIPId><sln:powIIPPn>PL.PZGIK.200</sln:powIIPPn><sln:powIIPWersja>2012-09-27T10:07:22+02:00</sln:powIIPWersja><sln:powIdTeryt>3214</sln:powIdTeryt><sln:powNazwa>stargardzki</sln:powNazwa><sln:waznyOd>2011-04-08T00:00:00+02:00</sln:waznyOd><sln:wojIIPId>c3f2202a-b491-49c5-a3af-d581108d939a</sln:wojIIPId><sln:wojIIPPn>PL.PZGIK.200</sln:wojIIPPn><sln:wojIIPWersja>2017-10-10T00:00:00+02:00</sln:wojIIPWersja><sln:wojIdTeryt>32</sln:wojIdTeryt><sln:wojNazwa>zachodniopomorskie</sln:wojNazwa></sln:miejscowosc><sln:miejscowosc><sln:cyklZyciaOd>2017-04-03T00:00:00+02:00</sln:cyklZyciaOd><sln:gmIIPId>29f1a886-7edc-47a7-8fb6-886ab96bd08c</sln:gmIIPId><sln:gmIIPPn>PL.PZGIK.200</sln:gmIIPPn><sln:gmIIPWersja>2012-09-26T22:34:41+02:00</sln:gmIIPWersja><sln:gmIdTeryt>3214113</sln:gmIdTeryt><sln:gmNazwa>Suchań</sln:gmNazwa><sln:miejscIIPId>2b862af3-762d-4f67-b17d-d7e228b9201b</sln:miejscIIPId><sln:miejscIIPPn>PL.PZGIK.200</sln:miejscIIPPn><sln:miejscIIPWersja>2017-04-03T14:58:38+02:00</sln:miejscIIPWersja><sln:miejscIdTeryt>0784102</sln:miejscIdTeryt><sln:miejscNazwa>Ininy</sln:miejscNazwa><sln:miejscRodzaj>Osada</sln:miejscRodzaj><sln:powIIPId>b832e274-346c-4551-b312-80aa8ccfd59b</sln:powIIPId><sln:powIIPPn>PL.PZGIK.200</sln:powIIPPn><sln:powIIPWersja>2012-09-27T10:07:22+02:00</sln:powIIPWersja><sln:powIdTeryt>3214</sln:powIdTeryt><sln:powNazwa>stargardzki</sln:powNazwa><sln:waznyOd>2011-04-08T00:00:00+02:00</sln:waznyOd><sln:wojIIPId>c3f2202a-b491-49c5-a3af-d581108d939a</sln:wojIIPId><sln:wojIIPPn>PL.PZGIK.200</sln:wojIIPPn><sln:wojIIPWersja>2017-10-10T00:00:00+02:00</sln:wojIIPWersja><sln:wojIdTeryt>32</sln:wojIdTeryt><sln:wojNazwa>zachodniopomorskie</sln:wojNazwa></sln:miejscowosc><sln:miejscowosc><sln:cyklZyciaOd>2017-04-03T00:00:00+02:00</sln:cyklZyciaOd><sln:gmIIPId>29f1a886-7edc-47a7-8fb6-886ab96bd08c</sln:gmIIPId><sln:gmIIPPn>PL.PZGIK.200</sln:gmIIPPn><sln:gmIIPWersja>2012-09-26T22:34:41+02:00</sln:gmIIPWersja><sln:gmIdTeryt>3214113</sln:gmIdTeryt><sln:gmNazwa>Suchań</sln:gmNazwa><sln:miejscIIPId>ab8c1142-0e44-449b-9328-f2e95eb060e0</sln:miejscIIPId><sln:miejscIIPPn>PL.PZGIK.200</sln:miejscIIPPn><sln:miejscIIPWersja>2017-04-03T14:58:38+02:00</sln:miejscIIPWersja><sln:miejscIdTeryt>0784119</sln:miejscIdTeryt><sln:miejscNazwa>Podłęcze</sln:miejscNazwa><sln:miejscRodzaj>Osada</sln:miejscRodzaj><sln:powIIPId>b832e274-346c-4551-b312-80aa8ccfd59b</sln:powIIPId><sln:powIIPPn>PL.PZGIK.200</sln:powIIPPn><sln:powIIPWersja>2012-09-27T10:07:22+02:00</sln:powIIPWersja><sln:powIdTeryt>3214</sln:powIdTeryt><sln:powNazwa>stargardzki</sln:powNazwa><sln:waznyOd>2011-04-08T00:00:00+02:00</sln:waznyOd><sln:wojIIPId>c3f2202a-b491-49c5-a3af-d581108d939a</sln:wojIIPId><sln:wojIIPPn>PL.PZGIK.200</sln:wojIIPPn><sln:wojIIPWersja>2017-10-10T00:00:00+02:00</sln:wojIIPWersja><sln:wojIdTeryt>32</sln:wojIdTeryt><sln:wojNazwa>zachodniopomorskie</sln:wojNazwa></sln:miejscowosc><sln:miejscowosc><sln:cyklZyciaOd>2017-04-03T00:00:00+02:00</sln:cyklZyciaOd><sln:gmIIPId>29f1a886-7edc-47a7-8fb6-886ab96bd08c</sln:gmIIPId><sln:gmIIPPn>PL.PZGIK.200</sln:gmIIPPn><sln:gmIIPWersja>2012-09-26T22:34:41+02:00</sln:gmIIPWersja><sln:gmIdTeryt>3214113</sln:gmIdTeryt><sln:gmNazwa>Suchań</sln:gmNazwa><sln:miejscIIPId>66f84d9b-d5a4-4794-8a16-f4b7e4268a76</sln:miejscIIPId><sln:miejscIIPPn>PL.PZGIK.200</sln:miejscIIPPn><sln:miejscIIPWersja>2017-04-03T14:58:39+02:00</sln:miejscIIPWersja><sln:miejscIdTeryt>0784125</sln:miejscIdTeryt><sln:miejscNazwa>Żukowo</sln:miejscNazwa><sln:miejscRodzaj>Wieś</sln:miejscRodzaj><sln:powIIPId>b832e274-346c-4551-b312-80aa8ccfd59b</sln:powIIPId><sln:powIIPPn>PL.PZGIK.200</sln:powIIPPn><sln:powIIPWersja>2012-09-27T10:07:22+02:00</sln:powIIPWersja><sln:powIdTeryt>3214</sln:powIdTeryt><sln:powNazwa>stargardzki</sln:powNazwa><sln:waznyOd>2011-04-08T00:00:00+02:00</sln:waznyOd><sln:wojIIPId>c3f2202a-b491-49c5-a3af-d581108d939a</sln:wojIIPId><sln:wojIIPPn>PL.PZGIK.200</sln:wojIIPPn><sln:wojIIPWersja>2017-10-10T00:00:00+02:00</sln:wojIIPWersja><sln:wojIdTeryt>32</sln:wojIdTeryt><sln:wojNazwa>zachodniopomorskie</sln:wojNazwa></sln:miejscowosc><sln:miejscowosc><sln:cyklZyciaOd>2017-04-03T00:00:00+02:00</sln:cyklZyciaOd><sln:gmIIPId>29f1a886-7edc-47a7-8fb6-886ab96bd08c</sln:gmIIPId><sln:gmIIPPn>PL.PZGIK.200</sln:gmIIPPn><sln:gmIIPWersja>2012-09-26T22:34:41+02:00</sln:gmIIPWersja><sln:gmIdTeryt>3214113</sln:gmIdTeryt><sln:gmNazwa>Suchań</sln:gmNazwa><sln:miejscIIPId>24dbe174-b203-42f9-a8be-50e97a1f1452</sln:miejscIIPId><sln:miejscIIPPn>PL.PZGIK.200</sln:miejscIIPPn><sln:miejscIIPWersja>2017-04-03T14:58:39+02:00</sln:miejscIIPWersja><sln:miejscIdTeryt>0979716</sln:miejscIdTeryt><sln:miejscNazwa>Suchań</sln:miejscNazwa><sln:miejscRodzaj>Miasto</sln:miejscRodzaj><sln:powIIPId>b832e274-346c-4551-b312-80aa8ccfd59b</sln:powIIPId><sln:powIIPPn>PL.PZGIK.200</sln:powIIPPn><sln:powIIPWersja>2012-09-27T10:07:22+02:00</sln:powIIPWersja><sln:powIdTeryt>3214</sln:powIdTeryt><sln:powNazwa>stargardzki</sln:powNazwa><sln:waznyOd>2011-04-08T00:00:00+02:00</sln:waznyOd><sln:wojIIPId>c3f2202a-b491-49c5-a3af-d581108d939a</sln:wojIIPId><sln:wojIIPPn>PL.PZGIK.200</sln:wojIIPPn><sln:wojIIPWersja>2017-10-10T00:00:00+02:00</sln:wojIIPWersja><sln:wojIdTeryt>32</sln:wojIdTeryt><sln:wojNazwa>zachodniopomorskie</sln:wojNazwa></sln:miejscowosc></sln:lista-miejscowosci>