<?xml version="1.0" encoding="UTF-8" standalone="yes"?><sln:lista-miejscowosci xmlns:srv="http://gugik.gov.pl/schemas/slowniki-service/1.0" xmlns:sln="http://gugik.gov.pl/schemas/slowniki-schema/1.0"><sln:miejscowosc><sln:cyklZyciaDo>2017-04-25T00:00:00+02:00</sln:cyklZyciaDo><sln:cyklZyciaOd>2016-03-11T00:00:00+01:00</sln:cyklZyciaOd><sln:gmIIPId>3aba244a-343e-41dc-a170-b89eab8fefec</sln:gmIIPId><sln:gmIIPPn>PL.PZGIK.200</sln:gmIIPPn><sln:gmIIPWersja>2012-09-26T22:33:50+02:00</sln:gmIIPWersja><sln:gmIdTeryt>3203023</sln:gmIdTeryt><sln:gmNazwa>Drawsko Pomorskie</sln:gmNazwa><sln:miejscIIPId>1df28d14-58a1-48d8-97ed-56735f9f28d0</sln:miejscIIPId><sln:miejscIIPPn>PL.PZGIK.200</sln:miejscIIPPn><sln:miejscIIPWersja>2016-11-24T09:57:02+02:00</sln:miejscIIPWersja><sln:miejscIdTeryt>0305900</sln:miejscIdTeryt><sln:miejscNazwa>Cianowo</sln:miejscNazwa><sln:miejscRodzaj>Wieś</sln:miejscRodzaj><sln:powIIPId>3035e433-0a64-4d6e-8d21-c2d38762586c</sln:powIIPId><sln:powIIPPn>PL.PZGIK.200</sln:powIIPPn><sln:powIIPWersja>2012-09-27T10:07:22+02:00</sln:powIIPWersja><sln:powIdTeryt>3203</sln:powIdTeryt><sln:powNazwa>drawski</sln:powNazwa><sln:waznyOd>2010-04-30T00:00:00+02:00</sln:waznyOd><sln:wojIIPId>c3f2202a-b491-49c5-a3af-d581108d939a</sln:wojIIPId><sln:wojIIPPn>PL.PZGIK.200</sln:wojIIPPn><sln:wojIIPWersja>2017-10-10T00:00:00+02:00</sln:wojIIPWersja><sln:wojIdTeryt>32</sln:wojIdTeryt><sln:wojNazwa>zachodniopomorskie</sln:wojNazwa></sln:miejscowosc><sln:miejscowosc><sln:cyklZyciaDo>2017-04-25T00:00:00+02:00</sln:cyklZyciaDo><sln:cyklZyciaOd>2016-03-11T00:00:00+01:00</sln:cyklZyciaOd><sln:gmIIPId>3aba244a-343e-41dc-a170-b89eab8fefec</sln:gmIIPId><sln:gmIIPPn>PL.PZGIK.200</sln:gmIIPPn><sln:gmIIPWersja>2012-09-26T22:33:50+02:00</sln:gmIIPWersja><sln:gmIdTeryt>3203023</sln:gmIdTeryt><sln:gmNazwa>Drawsko Pomorskie</sln:gmNazwa><sln:miejscIIPId>c7d44d25-698d-488a-a6e3-784909091eba</sln:miejscIIPId><sln:miejscIIPPn>PL.PZGIK.200</sln:miejscIIPPn><sln:miejscIIPWersja>2016-11-24T09:57:02+02:00</sln:miejscIIPWersja><sln:miejscIdTeryt>0305805</sln:miejscIdTeryt><sln:miejscNazwa>Dalewo</sln:miejscNazwa><sln:miejscRodzaj>Wieś</sln:miejscRodzaj><sln:powIIPId>3035e433-0a64-4d6e-8d21-c2d38762586c</sln:powIIPId><sln:powIIPPn>PL.PZGIK.200</sln:powIIPPn><sln:powIIPWersja>2012-09-27T10:07:22+02:00</sln:powIIPWersja><sln:powIdTeryt>3203</sln:powIdTeryt><sln:powNazwa>drawski</sln:powNazwa><sln:waznyOd>2010-04-30T00:00:00+02:00</sln:waznyOd><sln:wojIIPId>c3f2202a-b491-49c5-a3af-d581108d939a</sln:wojIIPId><sln:wojIIPPn>PL.PZGIK.200</sln:wojIIPPn><sln:wojIIPWersja>2017-10-10T00:00:00+02:00</sln:wojIIPWersja><sln:wojIdTeryt>32</sln:wojIdTeryt><sln:wojNazwa>zachodniopomorskie</sln:wojNazwa></sln:miejscowosc><sln:miejscowosc><sln:cyklZyciaDo>2017-04-25T00:00:00+02:00</sln:cyklZyciaDo><sln:cyklZyciaOd>2016-03-11T00:00:00+01:00</sln:cyklZyciaOd><sln:gmIIPId>3aba244a-343e-41dc-a170-b89eab8fefec</sln:gmIIPId><sln:gmIIPPn>PL.PZGIK.200</sln:gmIIPPn><sln:gmIIPWersja>2012-09-26T22:33:50+02:00</sln:gmIIPWersja><sln:gmIdTeryt>3203023</sln:gmIdTeryt><sln:gmNazwa>Drawsko Pomorskie</sln:gmNazwa><sln:miejscIIPId>a3d791cc-cf6c-4a09-a2ad-6c5bb66d12a5</sln:miejscIIPId><sln:miejscIIPPn>PL.PZGIK.200</sln:miejscIIPPn><sln:miejscIIPWersja>2016-11-24T13:16:48+02:00</sln:miejscIIPWersja><sln:miejscIdTeryt>0949862</sln:miejscIdTeryt><sln:miejscNazwa>Drawsko Pomorskie</sln:miejscNazwa><sln:miejscRodzaj>Miasto</sln:miejscRodzaj><sln:powIIPId>3035e433-0a64-4d6e-8d21-c2d38762586c</sln:powIIPId><sln:powIIPPn>PL.PZGIK.200</sln:powIIPPn><sln:powIIPWersja>2012-09-27T10:07:22+02:00</sln:powIIPWersja><sln:powIdTeryt>3203</sln:powIdTeryt><sln:powNazwa>drawski</sln:powNazwa><sln:waznyOd>2010-04-30T00:00:00+02:00</sln:waznyOd><sln:wojIIPId>c3f2202a-b491-49c5-a3af-d581108d939a</sln:wojIIPId><sln:wojIIPPn>PL.PZGIK.200</sln:wojIIPPn><sln:wojIIPWersja>2017-10-10T00:00:00+02:00</sln:wojIIPWersja><sln:wojIdTeryt>32</sln:wojIdTeryt><sln:wojNazwa>zachodniopomorskie</sln:wojNazwa></sln:miejscowosc><sln:miejscowosc><sln:cyklZyciaDo>2017-04-25T00:00:00+02:00</sln:cyklZyciaDo><sln:cyklZyciaOd>2016-03-11T00:00:00+01:00</sln:cyklZyciaOd><sln:gmIIPId>3aba244a-343e-41dc-a170-b89eab8fefec</sln:gmIIPId><sln:gmIIPPn>PL.PZGIK.200</sln:gmIIPPn><sln:gmIIPWersja>2012-09-26T22:33:50+02:00</sln:gmIIPWersja><sln:gmIdTeryt>3203023</sln:gmIdTeryt><sln:gmNazwa>Drawsko Pomorskie</sln:gmNazwa><sln:miejscIIPId>9cb102b9-d343-4660-80fd-55147f39f605</sln:miejscIIPId><sln:miejscIIPPn>PL.PZGIK.200</sln:miejscIIPPn><sln:miejscIIPWersja>2016-11-24T09:57:02+02:00</sln:miejscIIPWersja><sln:miejscIdTeryt>0305834</sln:miejscIdTeryt><sln:miejscNazwa>Gajewko</sln:miejscNazwa><sln:miejscRodzaj>Wieś</sln:miejscRodzaj><sln:powIIPId>3035e433-0a64-4d6e-8d21-c2d38762586c</sln:powIIPId><sln:powIIPPn>PL.PZGIK.200</sln:powIIPPn><sln:powIIPWersja>2012-09-27T10:07:22+02:00</sln:powIIPWersja><sln:powIdTeryt>3203</sln:powIdTeryt><sln:powNazwa>drawski</sln:powNazwa><sln:waznyOd>2010-04-30T00:00:00+02:00</sln:waznyOd><sln:wojIIPId>c3f2202a-b491-49c5-a3af-d581108d939a</sln:wojIIPId><sln:wojIIPPn>PL.PZGIK.200</sln:wojIIPPn><sln:wojIIPWersja>2017-10-10T00:00:00+02:00</sln:wojIIPWersja><sln:wojIdTeryt>32</sln:wojIdTeryt><sln:wojNazwa>zachodniopomorskie</sln:wojNazwa></sln:miejscowosc><sln:miejscowosc><sln:cyklZyciaDo>2017-04-25T00:00:00+02:00</sln:cyklZyciaDo><sln:cyklZyciaOd>2016-03-11T00:00:00+01:00</sln:cyklZyciaOd><sln:gmIIPId>3aba244a-343e-41dc-a170-b89eab8fefec</sln:gmIIPId><sln:gmIIPPn>PL.PZGIK.200</sln:gmIIPPn><sln:gmIIPWersja>2012-09-26T22:33:50+02:00</sln:gmIIPWersja><sln:gmIdTeryt>3203023</sln:gmIdTeryt><sln:gmNazwa>Drawsko Pomorskie</sln:gmNazwa><sln:miejscIIPId>cda19261-8fe5-45ff-9305-625880ace196</sln:miejscIIPId><sln:miejscIIPPn>PL.PZGIK.200</sln:miejscIIPPn><sln:miejscIIPWersja>2016-11-24T09:57:02+02:00</sln:miejscIIPWersja><sln:miejscIdTeryt>0305840</sln:miejscIdTeryt><sln:miejscNazwa>Gajewo</sln:miejscNazwa><sln:miejscRodzaj>Wieś</sln:miejscRodzaj><sln:powIIPId>3035e433-0a64-4d6e-8d21-c2d38762586c</sln:powIIPId><sln:powIIPPn>PL.PZGIK.200</sln:powIIPPn><sln:powIIPWersja>2012-09-27T10:07:22+02:00</sln:powIIPWersja><sln:powIdTeryt>3203</sln:powIdTeryt><sln:powNazwa>drawski</sln:powNazwa><sln:waznyOd>2010-04-30T00:00:00+02:00</sln:waznyOd><sln:wojIIPId>c3f2202a-b491-49c5-a3af-d581108d939a</sln:wojIIPId><sln:wojIIPPn>PL.PZGIK.200</sln:wojIIPPn><sln:wojIIPWersja>2017-10-10T00:00:00+02:00</sln:wojIIPWersja><sln:wojIdTeryt>32</sln:wojIdTeryt><sln:wojNazwa>zachodniopomorskie</sln:wojNazwa></sln:miejscowosc><sln:miejscowosc><sln:cyklZyciaDo>2017-04-25T00:00:00+02:00</sln:cyklZyciaDo><sln:cyklZyciaOd>2016-03-11T00:00:00+01:00</sln:cyklZyciaOd><sln:gmIIPId>3aba244a-343e-41dc-a170-b89eab8fefec</sln:gmIIPId><sln:gmIIPPn>PL.PZGIK.200</sln:gmIIPPn><sln:gmIIPWersja>2012-09-26T22:33:50+02:00</sln:gmIIPWersja><sln:gmIdTeryt>3203023</sln:gmIdTeryt><sln:gmNazwa>Drawsko Pomorskie</sln:gmNazwa><sln:miejscIIPId>b056e482-a6bf-4f28-8fb8-0acd9d161aec</sln:miejscIIPId><sln:miejscIIPPn>PL.PZGIK.200</sln:miejscIIPPn><sln:miejscIIPWersja>2016-11-24T09:57:02+02:00</sln:miejscIIPWersja><sln:miejscIdTeryt>0305857</sln:miejscIdTeryt><sln:miejscNazwa>Golina</sln:miejscNazwa><sln:miejscRodzaj>Osada</sln:miejscRodzaj><sln:powIIPId>3035e433-0a64-4d6e-8d21-c2d38762586c</sln:powIIPId><sln:powIIPPn>PL.PZGIK.200</sln:powIIPPn><sln:powIIPWersja>2012-09-27T10:07:22+02:00</sln:powIIPWersja><sln:powIdTeryt>3203</sln:powIdTeryt><sln:powNazwa>drawski</sln:powNazwa><sln:waznyOd>2010-04-30T00:00:00+02:00</sln:waznyOd><sln:wojIIPId>c3f2202a-b491-49c5-a3af-d581108d939a</sln:wojIIPId><sln:wojIIPPn>PL.PZGIK.200</sln:wojIIPPn><sln:wojIIPWersja>2017-10-10T00:00:00+02:00</sln:wojIIPWersja><sln:wojIdTeryt>32</sln:wojIdTeryt><sln:wojNazwa>zachodniopomorskie</sln:wojNazwa></sln:miejscowosc><sln:miejscowosc><sln:cyklZyciaDo>2017-04-25T00:00:00+02:00</sln:cyklZyciaDo><sln:cyklZyciaOd>2016-03-11T00:00:00+01:00</sln:cyklZyciaOd><sln:gmIIPId>3aba244a-343e-41dc-a170-b89eab8fefec</sln:gmIIPId><sln:gmIIPPn>PL.PZGIK.200</sln:gmIIPPn><sln:gmIIPWersja>2012-09-26T22:33:50+02:00</sln:gmIIPWersja><sln:gmIdTeryt>3203023</sln:gmIdTeryt><sln:gmNazwa>Drawsko Pomorskie</sln:gmNazwa><sln:miejscIIPId>acb6d8de-5f4d-4397-91e2-4fdb4885c193</sln:miejscIIPId><sln:miejscIIPPn>PL.PZGIK.200</sln:miejscIIPPn><sln:miejscIIPWersja>2016-11-24T09:57:02+02:00</sln:miejscIIPWersja><sln:miejscIdTeryt>0305662</sln:miejscIdTeryt><sln:miejscNazwa>Gudowo</sln:miejscNazwa><sln:miejscRodzaj>Wieś</sln:miejscRodzaj><sln:powIIPId>3035e433-0a64-4d6e-8d21-c2d38762586c</sln:powIIPId><sln:powIIPPn>PL.PZGIK.200</sln:powIIPPn><sln:powIIPWersja>2012-09-27T10:07:22+02:00</sln:powIIPWersja><sln:powIdTeryt>3203</sln:powIdTeryt><sln:powNazwa>drawski</sln:powNazwa><sln:waznyOd>2010-04-30T00:00:00+02:00</sln:waznyOd><sln:wojIIPId>c3f2202a-b491-49c5-a3af-d581108d939a</sln:wojIIPId><sln:wojIIPPn>PL.PZGIK.200</sln:wojIIPPn><sln:wojIIPWersja>2017-10-10T00:00:00+02:00</sln:wojIIPWersja><sln:wojIdTeryt>32</sln:wojIdTeryt><sln:wojNazwa>zachodniopomorskie</sln:wojNazwa></sln:miejscowosc><sln:miejscowosc><sln:cyklZyciaDo>2017-04-25T00:00:00+02:00</sln:cyklZyciaDo><sln:cyklZyciaOd>2016-03-11T00:00:00+01:00</sln:cyklZyciaOd><sln:gmIIPId>3aba244a-343e-41dc-a170-b89eab8fefec</sln:gmIIPId><sln:gmIIPPn>PL.PZGIK.200</sln:gmIIPPn><sln:gmIIPWersja>2012-09-26T22:33:50+02:00</sln:gmIIPWersja><sln:gmIdTeryt>3203023</sln:gmIdTeryt><sln:gmNazwa>Drawsko Pomorskie</sln:gmNazwa><sln:miejscIIPId>e939d077-1f2e-4573-be44-b82aa6c3c85b</sln:miejscIIPId><sln:miejscIIPPn>PL.PZGIK.200</sln:miejscIIPPn><sln:miejscIIPWersja>2016-11-24T09:57:02+02:00</sln:miejscIIPWersja><sln:miejscIdTeryt>0305917</sln:miejscIdTeryt><sln:miejscNazwa>Jankowo</sln:miejscNazwa><sln:miejscRodzaj>Wieś</sln:miejscRodzaj><sln:powIIPId>3035e433-0a64-4d6e-8d21-c2d38762586c</sln:powIIPId><sln:powIIPPn>PL.PZGIK.200</sln:powIIPPn><sln:powIIPWersja>2012-09-27T10:07:22+02:00</sln:powIIPWersja><sln:powIdTeryt>3203</sln:powIdTeryt><sln:powNazwa>drawski</sln:powNazwa><sln:waznyOd>2010-04-30T00:00:00+02:00</sln:waznyOd><sln:wojIIPId>c3f2202a-b491-49c5-a3af-d581108d939a</sln:wojIIPId><sln:wojIIPPn>PL.PZGIK.200</sln:wojIIPPn><sln:wojIIPWersja>2017-10-10T00:00:00+02:00</sln:wojIIPWersja><sln:wojIdTeryt>32</sln:wojIdTeryt><sln:wojNazwa>zachodniopomorskie</sln:wojNazwa></sln:miejscowosc><sln:miejscowosc><sln:cyklZyciaDo>2017-04-25T00:00:00+02:00</sln:cyklZyciaDo><sln:cyklZyciaOd>2016-03-11T00:00:00+01:00</sln:cyklZyciaOd><sln:gmIIPId>3aba244a-343e-41dc-a170-b89eab8fefec</sln:gmIIPId><sln:gmIIPPn>PL.PZGIK.200</sln:gmIIPPn><sln:gmIIPWersja>2012-09-26T22:33:50+02:00</sln:gmIIPWersja><sln:gmIdTeryt>3203023</sln:gmIdTeryt><sln:gmNazwa>Drawsko Pomorskie</sln:gmNazwa><sln:miejscIIPId>1af50f0b-2b77-4a24-bdd6-b617f3e0891f</sln:miejscIIPId><sln:miejscIIPPn>PL.PZGIK.200</sln:miejscIIPPn><sln:miejscIIPWersja>2016-11-24T09:57:02+02:00</sln:miejscIIPWersja><sln:miejscIdTeryt>0305685</sln:miejscIdTeryt><sln:miejscNazwa>Karwice</sln:miejscNazwa><sln:miejscRodzaj>Wieś</sln:miejscRodzaj><sln:powIIPId>3035e433-0a64-4d6e-8d21-c2d38762586c</sln:powIIPId><sln:powIIPPn>PL.PZGIK.200</sln:powIIPPn><sln:powIIPWersja>2012-09-27T10:07:22+02:00</sln:powIIPWersja><sln:powIdTeryt>3203</sln:powIdTeryt><sln:powNazwa>drawski</sln:powNazwa><sln:waznyOd>2010-04-30T00:00:00+02:00</sln:waznyOd><sln:wojIIPId>c3f2202a-b491-49c5-a3af-d581108d939a</sln:wojIIPId><sln:wojIIPPn>PL.PZGIK.200</sln:wojIIPPn><sln:wojIIPWersja>2017-10-10T00:00:00+02:00</sln:wojIIPWersja><sln:wojIdTeryt>32</sln:wojIdTeryt><sln:wojNazwa>zachodniopomorskie</sln:wojNazwa></sln:miejscowosc><sln:miejscowosc><sln:cyklZyciaDo>2017-04-25T00:00:00+02:00</sln:cyklZyciaDo><sln:cyklZyciaOd>2016-03-11T00:00:00+01:00</sln:cyklZyciaOd><sln:gmIIPId>3aba244a-343e-41dc-a170-b89eab8fefec</sln:gmIIPId><sln:gmIIPPn>PL.PZGIK.200</sln:gmIIPPn><sln:gmIIPWersja>2012-09-26T22:33:50+02:00</sln:gmIIPWersja><sln:gmIdTeryt>3203023</sln:gmIdTeryt><sln:gmNazwa>Drawsko Pomorskie</sln:gmNazwa><sln:miejscIIPId>3d9d88b7-6fd3-4118-86fe-25cb2318309a</sln:miejscIIPId><sln:miejscIIPPn>PL.PZGIK.200</sln:miejscIIPPn><sln:miejscIIPWersja>2016-11-24T09:57:02+02:00</sln:miejscIIPWersja><sln:miejscIdTeryt>0305679</sln:miejscIdTeryt><sln:miejscNazwa>Konotop</sln:miejscNazwa><sln:miejscRodzaj>Wieś</sln:miejscRodzaj><sln:powIIPId>3035e433-0a64-4d6e-8d21-c2d38762586c</sln:powIIPId><sln:powIIPPn>PL.PZGIK.200</sln:powIIPPn><sln:powIIPWersja>2012-09-27T10:07:22+02:00</sln:powIIPWersja><sln:powIdTeryt>3203</sln:powIdTeryt><sln:powNazwa>drawski</sln:powNazwa><sln:waznyOd>2010-04-30T00:00:00+02:00</sln:waznyOd><sln:wojIIPId>c3f2202a-b491-49c5-a3af-d581108d939a</sln:wojIIPId><sln:wojIIPPn>PL.PZGIK.200</sln:wojIIPPn><sln:wojIIPWersja>2017-10-10T00:00:00+02:00</sln:wojIIPWersja><sln:wojIdTeryt>32</sln:wojIdTeryt><sln:wojNazwa>zachodniopomorskie</sln:wojNazwa></sln:miejscowosc><sln:miejscowosc><sln:cyklZyciaDo>2017-04-25T00:00:00+02:00</sln:cyklZyciaDo><sln:cyklZyciaOd>2016-03-11T00:00:00+01:00</sln:cyklZyciaOd><sln:gmIIPId>3aba244a-343e-41dc-a170-b89eab8fefec</sln:gmIIPId><sln:gmIIPPn>PL.PZGIK.200</sln:gmIIPPn><sln:gmIIPWersja>2012-09-26T22:33:50+02:00</sln:gmIIPWersja><sln:gmIdTeryt>3203023</sln:gmIdTeryt><sln:gmNazwa>Drawsko Pomorskie</sln:gmNazwa><sln:miejscIIPId>f7422ae2-bba8-4e31-bc80-48c0f690d763</sln:miejscIIPId><sln:miejscIIPPn>PL.PZGIK.200</sln:miejscIIPPn><sln:miejscIIPWersja>2016-11-24T09:57:02+02:00</sln:miejscIIPWersja><sln:miejscIdTeryt>0305923</sln:miejscIdTeryt><sln:miejscNazwa>Krzynno</sln:miejscNazwa><sln:miejscRodzaj>Osada</sln:miejscRodzaj><sln:powIIPId>3035e433-0a64-4d6e-8d21-c2d38762586c</sln:powIIPId><sln:powIIPPn>PL.PZGIK.200</sln:powIIPPn><sln:powIIPWersja>2012-09-27T10:07:22+02:00</sln:powIIPWersja><sln:powIdTeryt>3203</sln:powIdTeryt><sln:powNazwa>drawski</sln:powNazwa><sln:waznyOd>2010-04-30T00:00:00+02:00</sln:waznyOd><sln:wojIIPId>c3f2202a-b491-49c5-a3af-d581108d939a</sln:wojIIPId><sln:wojIIPPn>PL.PZGIK.200</sln:wojIIPPn><sln:wojIIPWersja>2017-10-10T00:00:00+02:00</sln:wojIIPWersja><sln:wojIdTeryt>32</sln:wojIdTeryt><sln:wojNazwa>zachodniopomorskie</sln:wojNazwa></sln:miejscowosc><sln:miejscowosc><sln:cyklZyciaDo>2017-04-25T00:00:00+02:00</sln:cyklZyciaDo><sln:cyklZyciaOd>2016-03-11T00:00:00+01:00</sln:cyklZyciaOd><sln:gmIIPId>3aba244a-343e-41dc-a170-b89eab8fefec</sln:gmIIPId><sln:gmIIPPn>PL.PZGIK.200</sln:gmIIPPn><sln:gmIIPWersja>2012-09-26T22:33:50+02:00</sln:gmIIPWersja><sln:gmIdTeryt>3203023</sln:gmIdTeryt><sln:gmNazwa>Drawsko Pomorskie</sln:gmNazwa><sln:miejscIIPId>3c4f9687-91c7-4b47-894a-6c586baa299e</sln:miejscIIPId><sln:miejscIIPPn>PL.PZGIK.200</sln:miejscIIPPn><sln:miejscIIPWersja>2016-11-24T09:57:02+02:00</sln:miejscIIPWersja><sln:miejscIdTeryt>0305930</sln:miejscIdTeryt><sln:miejscNazwa>Kumki</sln:miejscNazwa><sln:miejscRodzaj>Wieś</sln:miejscRodzaj><sln:powIIPId>3035e433-0a64-4d6e-8d21-c2d38762586c</sln:powIIPId><sln:powIIPPn>PL.PZGIK.200</sln:powIIPPn><sln:powIIPWersja>2012-09-27T10:07:22+02:00</sln:powIIPWersja><sln:powIdTeryt>3203</sln:powIdTeryt><sln:powNazwa>drawski</sln:powNazwa><sln:waznyOd>2010-04-30T00:00:00+02:00</sln:waznyOd><sln:wojIIPId>c3f2202a-b491-49c5-a3af-d581108d939a</sln:wojIIPId><sln:wojIIPPn>PL.PZGIK.200</sln:wojIIPPn><sln:wojIIPWersja>2017-10-10T00:00:00+02:00</sln:wojIIPWersja><sln:wojIdTeryt>32</sln:wojIdTeryt><sln:wojNazwa>zachodniopomorskie</sln:wojNazwa></sln:miejscowosc><sln:miejscowosc><sln:cyklZyciaDo>2017-04-25T00:00:00+02:00</sln:cyklZyciaDo><sln:cyklZyciaOd>2016-03-11T00:00:00+01:00</sln:cyklZyciaOd><sln:gmIIPId>3aba244a-343e-41dc-a170-b89eab8fefec</sln:gmIIPId><sln:gmIIPPn>PL.PZGIK.200</sln:gmIIPPn><sln:gmIIPWersja>2012-09-26T22:33:50+02:00</sln:gmIIPWersja><sln:gmIdTeryt>3203023</sln:gmIdTeryt><sln:gmNazwa>Drawsko Pomorskie</sln:gmNazwa><sln:miejscIIPId>73a732fd-b8b0-4ed2-8cb0-240e71df0205</sln:miejscIIPId><sln:miejscIIPPn>PL.PZGIK.200</sln:miejscIIPPn><sln:miejscIIPWersja>2016-11-24T09:57:02+02:00</sln:miejscIIPWersja><sln:miejscIdTeryt>0305774</sln:miejscIdTeryt><sln:miejscNazwa>Lasocin</sln:miejscNazwa><sln:miejscRodzaj>Wieś</sln:miejscRodzaj><sln:powIIPId>3035e433-0a64-4d6e-8d21-c2d38762586c</sln:powIIPId><sln:powIIPPn>PL.PZGIK.200</sln:powIIPPn><sln:powIIPWersja>2012-09-27T10:07:22+02:00</sln:powIIPWersja><sln:powIdTeryt>3203</sln:powIdTeryt><sln:powNazwa>drawski</sln:powNazwa><sln:waznyOd>2010-04-30T00:00:00+02:00</sln:waznyOd><sln:wojIIPId>c3f2202a-b491-49c5-a3af-d581108d939a</sln:wojIIPId><sln:wojIIPPn>PL.PZGIK.200</sln:wojIIPPn><sln:wojIIPWersja>2017-10-10T00:00:00+02:00</sln:wojIIPWersja><sln:wojIdTeryt>32</sln:wojIdTeryt><sln:wojNazwa>zachodniopomorskie</sln:wojNazwa></sln:miejscowosc><sln:miejscowosc><sln:cyklZyciaDo>2017-04-25T00:00:00+02:00</sln:cyklZyciaDo><sln:cyklZyciaOd>2016-03-11T00:00:00+01:00</sln:cyklZyciaOd><sln:gmIIPId>3aba244a-343e-41dc-a170-b89eab8fefec</sln:gmIIPId><sln:gmIIPPn>PL.PZGIK.200</sln:gmIIPPn><sln:gmIIPWersja>2012-09-26T22:33:50+02:00</sln:gmIIPWersja><sln:gmIdTeryt>3203023</sln:gmIdTeryt><sln:gmNazwa>Drawsko Pomorskie</sln:gmNazwa><sln:miejscIIPId>153525d0-1117-4f60-b273-b183b4c4f9de</sln:miejscIIPId><sln:miejscIIPPn>PL.PZGIK.200</sln:miejscIIPPn><sln:miejscIIPWersja>2016-11-24T09:57:02+02:00</sln:miejscIIPWersja><sln:miejscIdTeryt>0305700</sln:miejscIdTeryt><sln:miejscNazwa>Linowno</sln:miejscNazwa><sln:miejscRodzaj>Wieś</sln:miejscRodzaj><sln:powIIPId>3035e433-0a64-4d6e-8d21-c2d38762586c</sln:powIIPId><sln:powIIPPn>PL.PZGIK.200</sln:powIIPPn><sln:powIIPWersja>2012-09-27T10:07:22+02:00</sln:powIIPWersja><sln:powIdTeryt>3203</sln:powIdTeryt><sln:powNazwa>drawski</sln:powNazwa><sln:waznyOd>2010-04-30T00:00:00+02:00</sln:waznyOd><sln:wojIIPId>c3f2202a-b491-49c5-a3af-d581108d939a</sln:wojIIPId><sln:wojIIPPn>PL.PZGIK.200</sln:wojIIPPn><sln:wojIIPWersja>2017-10-10T00:00:00+02:00</sln:wojIIPWersja><sln:wojIdTeryt>32</sln:wojIdTeryt><sln:wojNazwa>zachodniopomorskie</sln:wojNazwa></sln:miejscowosc><sln:miejscowosc><sln:cyklZyciaDo>2017-04-25T00:00:00+02:00</sln:cyklZyciaDo><sln:cyklZyciaOd>2016-03-11T00:00:00+01:00</sln:cyklZyciaOd><sln:gmIIPId>3aba244a-343e-41dc-a170-b89eab8fefec</sln:gmIIPId><sln:gmIIPPn>PL.PZGIK.200</sln:gmIIPPn><sln:gmIIPWersja>2012-09-26T22:33:50+02:00</sln:gmIIPWersja><sln:gmIdTeryt>3203023</sln:gmIdTeryt><sln:gmNazwa>Drawsko Pomorskie</sln:gmNazwa><sln:miejscIIPId>08c6c909-b11d-4123-93f1-73db26501ac8</sln:miejscIIPId><sln:miejscIIPPn>PL.PZGIK.200</sln:miejscIIPPn><sln:miejscIIPWersja>2016-11-24T09:57:02+02:00</sln:miejscIIPWersja><sln:miejscIdTeryt>0305716</sln:miejscIdTeryt><sln:miejscNazwa>Łabędzie</sln:miejscNazwa><sln:miejscRodzaj>Wieś</sln:miejscRodzaj><sln:powIIPId>3035e433-0a64-4d6e-8d21-c2d38762586c</sln:powIIPId><sln:powIIPPn>PL.PZGIK.200</sln:powIIPPn><sln:powIIPWersja>2012-09-27T10:07:22+02:00</sln:powIIPWersja><sln:powIdTeryt>3203</sln:powIdTeryt><sln:powNazwa>drawski</sln:powNazwa><sln:waznyOd>2010-04-30T00:00:00+02:00</sln:waznyOd><sln:wojIIPId>c3f2202a-b491-49c5-a3af-d581108d939a</sln:wojIIPId><sln:wojIIPPn>PL.PZGIK.200</sln:wojIIPPn><sln:wojIIPWersja>2017-10-10T00:00:00+02:00</sln:wojIIPWersja><sln:wojIdTeryt>32</sln:wojIdTeryt><sln:wojNazwa>zachodniopomorskie</sln:wojNazwa></sln:miejscowosc><sln:miejscowosc><sln:cyklZyciaDo>2017-04-25T00:00:00+02:00</sln:cyklZyciaDo><sln:cyklZyciaOd>2016-03-11T00:00:00+01:00</sln:cyklZyciaOd><sln:gmIIPId>3aba244a-343e-41dc-a170-b89eab8fefec</sln:gmIIPId><sln:gmIIPPn>PL.PZGIK.200</sln:gmIIPPn><sln:gmIIPWersja>2012-09-26T22:33:50+02:00</sln:gmIIPWersja><sln:gmIdTeryt>3203023</sln:gmIdTeryt><sln:gmNazwa>Drawsko Pomorskie</sln:gmNazwa><sln:miejscIIPId>812b5f85-4eb7-4304-8bad-dd20fac7ff70</sln:miejscIIPId><sln:miejscIIPPn>PL.PZGIK.200</sln:miejscIIPPn><sln:miejscIIPWersja>2016-11-24T09:57:02+02:00</sln:miejscIIPWersja><sln:miejscIdTeryt>0305722</sln:miejscIdTeryt><sln:miejscNazwa>Mielenko Drawskie</sln:miejscNazwa><sln:miejscRodzaj>Wieś</sln:miejscRodzaj><sln:powIIPId>3035e433-0a64-4d6e-8d21-c2d38762586c</sln:powIIPId><sln:powIIPPn>PL.PZGIK.200</sln:powIIPPn><sln:powIIPWersja>2012-09-27T10:07:22+02:00</sln:powIIPWersja><sln:powIdTeryt>3203</sln:powIdTeryt><sln:powNazwa>drawski</sln:powNazwa><sln:waznyOd>2010-04-30T00:00:00+02:00</sln:waznyOd><sln:wojIIPId>c3f2202a-b491-49c5-a3af-d581108d939a</sln:wojIIPId><sln:wojIIPPn>PL.PZGIK.200</sln:wojIIPPn><sln:wojIIPWersja>2017-10-10T00:00:00+02:00</sln:wojIIPWersja><sln:wojIdTeryt>32</sln:wojIdTeryt><sln:wojNazwa>zachodniopomorskie</sln:wojNazwa></sln:miejscowosc><sln:miejscowosc><sln:cyklZyciaDo>2017-04-25T00:00:00+02:00</sln:cyklZyciaDo><sln:cyklZyciaOd>2016-03-11T00:00:00+01:00</sln:cyklZyciaOd><sln:gmIIPId>3aba244a-343e-41dc-a170-b89eab8fefec</sln:gmIIPId><sln:gmIIPPn>PL.PZGIK.200</sln:gmIIPPn><sln:gmIIPWersja>2012-09-26T22:33:50+02:00</sln:gmIIPWersja><sln:gmIdTeryt>3203023</sln:gmIdTeryt><sln:gmNazwa>Drawsko Pomorskie</sln:gmNazwa><sln:miejscIIPId>ca4cc264-f6e4-4df6-ba0f-f0a25802aced</sln:miejscIIPId><sln:miejscIIPPn>PL.PZGIK.200</sln:miejscIIPPn><sln:miejscIIPWersja>2016-11-24T09:57:02+02:00</sln:miejscIIPWersja><sln:miejscIdTeryt>0305768</sln:miejscIdTeryt><sln:miejscNazwa>Nętno</sln:miejscNazwa><sln:miejscRodzaj>Wieś</sln:miejscRodzaj><sln:powIIPId>3035e433-0a64-4d6e-8d21-c2d38762586c</sln:powIIPId><sln:powIIPPn>PL.PZGIK.200</sln:powIIPPn><sln:powIIPWersja>2012-09-27T10:07:22+02:00</sln:powIIPWersja><sln:powIdTeryt>3203</sln:powIdTeryt><sln:powNazwa>drawski</sln:powNazwa><sln:waznyOd>2010-04-30T00:00:00+02:00</sln:waznyOd><sln:wojIIPId>c3f2202a-b491-49c5-a3af-d581108d939a</sln:wojIIPId><sln:wojIIPPn>PL.PZGIK.200</sln:wojIIPPn><sln:wojIIPWersja>2017-10-10T00:00:00+02:00</sln:wojIIPWersja><sln:wojIdTeryt>32</sln:wojIdTeryt><sln:wojNazwa>zachodniopomorskie</sln:wojNazwa></sln:miejscowosc><sln:miejscowosc><sln:cyklZyciaDo>2017-04-25T00:00:00+02:00</sln:cyklZyciaDo><sln:cyklZyciaOd>2016-03-11T00:00:00+01:00</sln:cyklZyciaOd><sln:gmIIPId>3aba244a-343e-41dc-a170-b89eab8fefec</sln:gmIIPId><sln:gmIIPPn>PL.PZGIK.200</sln:gmIIPPn><sln:gmIIPWersja>2012-09-26T22:33:50+02:00</sln:gmIIPWersja><sln:gmIdTeryt>3203023</sln:gmIdTeryt><sln:gmNazwa>Drawsko Pomorskie</sln:gmNazwa><sln:miejscIIPId>44e682ea-37cf-429b-9e14-c5c885174786</sln:miejscIIPId><sln:miejscIIPPn>PL.PZGIK.200</sln:miejscIIPPn><sln:miejscIIPWersja>2016-11-24T09:57:02+02:00</sln:miejscIIPWersja><sln:miejscIdTeryt>0305969</sln:miejscIdTeryt><sln:miejscNazwa>Olchowiec</sln:miejscNazwa><sln:miejscRodzaj>Wieś</sln:miejscRodzaj><sln:powIIPId>3035e433-0a64-4d6e-8d21-c2d38762586c</sln:powIIPId><sln:powIIPPn>PL.PZGIK.200</sln:powIIPPn><sln:powIIPWersja>2012-09-27T10:07:22+02:00</sln:powIIPWersja><sln:powIdTeryt>3203</sln:powIdTeryt><sln:powNazwa>drawski</sln:powNazwa><sln:waznyOd>2010-04-30T00:00:00+02:00</sln:waznyOd><sln:wojIIPId>c3f2202a-b491-49c5-a3af-d581108d939a</sln:wojIIPId><sln:wojIIPPn>PL.PZGIK.200</sln:wojIIPPn><sln:wojIIPWersja>2017-10-10T00:00:00+02:00</sln:wojIIPWersja><sln:wojIdTeryt>32</sln:wojIdTeryt><sln:wojNazwa>zachodniopomorskie</sln:wojNazwa></sln:miejscowosc><sln:miejscowosc><sln:cyklZyciaDo>2017-04-25T00:00:00+02:00</sln:cyklZyciaDo><sln:cyklZyciaOd>2016-03-11T00:00:00+01:00</sln:cyklZyciaOd><sln:gmIIPId>3aba244a-343e-41dc-a170-b89eab8fefec</sln:gmIIPId><sln:gmIIPPn>PL.PZGIK.200</sln:gmIIPPn><sln:gmIIPWersja>2012-09-26T22:33:50+02:00</sln:gmIIPWersja><sln:gmIdTeryt>3203023</sln:gmIdTeryt><sln:gmNazwa>Drawsko Pomorskie</sln:gmNazwa><sln:miejscIIPId>1194cfde-c689-46b0-b99f-d8241e0b5310</sln:miejscIIPId><sln:miejscIIPPn>PL.PZGIK.200</sln:miejscIIPPn><sln:miejscIIPWersja>2016-11-24T09:57:02+02:00</sln:miejscIIPWersja><sln:miejscIdTeryt>0305739</sln:miejscIdTeryt><sln:miejscNazwa>Oleszno</sln:miejscNazwa><sln:miejscRodzaj>Wieś</sln:miejscRodzaj><sln:powIIPId>3035e433-0a64-4d6e-8d21-c2d38762586c</sln:powIIPId><sln:powIIPPn>PL.PZGIK.200</sln:powIIPPn><sln:powIIPWersja>2012-09-27T10:07:22+02:00</sln:powIIPWersja><sln:powIdTeryt>3203</sln:powIdTeryt><sln:powNazwa>drawski</sln:powNazwa><sln:waznyOd>2010-04-30T00:00:00+02:00</sln:waznyOd><sln:wojIIPId>c3f2202a-b491-49c5-a3af-d581108d939a</sln:wojIIPId><sln:wojIIPPn>PL.PZGIK.200</sln:wojIIPPn><sln:wojIIPWersja>2017-10-10T00:00:00+02:00</sln:wojIIPWersja><sln:wojIdTeryt>32</sln:wojIdTeryt><sln:wojNazwa>zachodniopomorskie</sln:wojNazwa></sln:miejscowosc><sln:miejscowosc><sln:cyklZyciaDo>2017-04-25T00:00:00+02:00</sln:cyklZyciaDo><sln:cyklZyciaOd>2016-03-11T00:00:00+01:00</sln:cyklZyciaOd><sln:gmIIPId>3aba244a-343e-41dc-a170-b89eab8fefec</sln:gmIIPId><sln:gmIIPPn>PL.PZGIK.200</sln:gmIIPPn><sln:gmIIPWersja>2012-09-26T22:33:50+02:00</sln:gmIIPWersja><sln:gmIdTeryt>3203023</sln:gmIdTeryt><sln:gmNazwa>Drawsko Pomorskie</sln:gmNazwa><sln:miejscIIPId>c8ce15ac-90eb-45ee-bf2f-8ccbfc0028dd</sln:miejscIIPId><sln:miejscIIPPn>PL.PZGIK.200</sln:miejscIIPPn><sln:miejscIIPWersja>2016-11-24T09:57:02+02:00</sln:miejscIIPWersja><sln:miejscIdTeryt>0305886</sln:miejscIdTeryt><sln:miejscNazwa>Roztoki</sln:miejscNazwa><sln:miejscRodzaj>Wieś</sln:miejscRodzaj><sln:powIIPId>3035e433-0a64-4d6e-8d21-c2d38762586c</sln:powIIPId><sln:powIIPPn>PL.PZGIK.200</sln:powIIPPn><sln:powIIPWersja>2012-09-27T10:07:22+02:00</sln:powIIPWersja><sln:powIdTeryt>3203</sln:powIdTeryt><sln:powNazwa>drawski</sln:powNazwa><sln:waznyOd>2010-04-30T00:00:00+02:00</sln:waznyOd><sln:wojIIPId>c3f2202a-b491-49c5-a3af-d581108d939a</sln:wojIIPId><sln:wojIIPPn>PL.PZGIK.200</sln:wojIIPPn><sln:wojIIPWersja>2017-10-10T00:00:00+02:00</sln:wojIIPWersja><sln:wojIdTeryt>32</sln:wojIdTeryt><sln:wojNazwa>zachodniopomorskie</sln:wojNazwa></sln:miejscowosc><sln:miejscowosc><sln:cyklZyciaDo>2017-04-25T00:00:00+02:00</sln:cyklZyciaDo><sln:cyklZyciaOd>2016-03-11T00:00:00+01:00</sln:cyklZyciaOd><sln:gmIIPId>3aba244a-343e-41dc-a170-b89eab8fefec</sln:gmIIPId><sln:gmIIPPn>PL.PZGIK.200</sln:gmIIPPn><sln:gmIIPWersja>2012-09-26T22:33:50+02:00</sln:gmIIPWersja><sln:gmIdTeryt>3203023</sln:gmIdTeryt><sln:gmNazwa>Drawsko Pomorskie</sln:gmNazwa><sln:miejscIIPId>1939e1cb-3189-4bcd-b8d4-ef1b4d958f01</sln:miejscIIPId><sln:miejscIIPPn>PL.PZGIK.200</sln:miejscIIPPn><sln:miejscIIPWersja>2016-11-24T09:57:02+02:00</sln:miejscIIPWersja><sln:miejscIdTeryt>0305780</sln:miejscIdTeryt><sln:miejscNazwa>Rydzewo</sln:miejscNazwa><sln:miejscRodzaj>Wieś</sln:miejscRodzaj><sln:powIIPId>3035e433-0a64-4d6e-8d21-c2d38762586c</sln:powIIPId><sln:powIIPPn>PL.PZGIK.200</sln:powIIPPn><sln:powIIPWersja>2012-09-27T10:07:22+02:00</sln:powIIPWersja><sln:powIdTeryt>3203</sln:powIdTeryt><sln:powNazwa>drawski</sln:powNazwa><sln:waznyOd>2010-04-30T00:00:00+02:00</sln:waznyOd><sln:wojIIPId>c3f2202a-b491-49c5-a3af-d581108d939a</sln:wojIIPId><sln:wojIIPPn>PL.PZGIK.200</sln:wojIIPPn><sln:wojIIPWersja>2017-10-10T00:00:00+02:00</sln:wojIIPWersja><sln:wojIdTeryt>32</sln:wojIdTeryt><sln:wojNazwa>zachodniopomorskie</sln:wojNazwa></sln:miejscowosc><sln:miejscowosc><sln:cyklZyciaDo>2017-04-25T00:00:00+02:00</sln:cyklZyciaDo><sln:cyklZyciaOd>2016-03-11T00:00:00+01:00</sln:cyklZyciaOd><sln:gmIIPId>3aba244a-343e-41dc-a170-b89eab8fefec</sln:gmIIPId><sln:gmIIPPn>PL.PZGIK.200</sln:gmIIPPn><sln:gmIIPWersja>2012-09-26T22:33:50+02:00</sln:gmIIPWersja><sln:gmIdTeryt>3203023</sln:gmIdTeryt><sln:gmNazwa>Drawsko Pomorskie</sln:gmNazwa><sln:miejscIIPId>17169143-9638-49fc-81ef-94a24f8a2c98</sln:miejscIIPId><sln:miejscIIPPn>PL.PZGIK.200</sln:miejscIIPPn><sln:miejscIIPWersja>2016-11-24T09:57:02+02:00</sln:miejscIIPWersja><sln:miejscIdTeryt>0305946</sln:miejscIdTeryt><sln:miejscNazwa>Ustok</sln:miejscNazwa><sln:miejscRodzaj>Wieś</sln:miejscRodzaj><sln:powIIPId>3035e433-0a64-4d6e-8d21-c2d38762586c</sln:powIIPId><sln:powIIPPn>PL.PZGIK.200</sln:powIIPPn><sln:powIIPWersja>2012-09-27T10:07:22+02:00</sln:powIIPWersja><sln:powIdTeryt>3203</sln:powIdTeryt><sln:powNazwa>drawski</sln:powNazwa><sln:waznyOd>2010-04-30T00:00:00+02:00</sln:waznyOd><sln:wojIIPId>c3f2202a-b491-49c5-a3af-d581108d939a</sln:wojIIPId><sln:wojIIPPn>PL.PZGIK.200</sln:wojIIPPn><sln:wojIIPWersja>2017-10-10T00:00:00+02:00</sln:wojIIPWersja><sln:wojIdTeryt>32</sln:wojIdTeryt><sln:wojNazwa>zachodniopomorskie</sln:wojNazwa></sln:miejscowosc><sln:miejscowosc><sln:cyklZyciaDo>2017-04-25T00:00:00+02:00</sln:cyklZyciaDo><sln:cyklZyciaOd>2016-03-11T00:00:00+01:00</sln:cyklZyciaOd><sln:gmIIPId>3aba244a-343e-41dc-a170-b89eab8fefec</sln:gmIIPId><sln:gmIIPPn>PL.PZGIK.200</sln:gmIIPPn><sln:gmIIPWersja>2012-09-26T22:33:50+02:00</sln:gmIIPWersja><sln:gmIdTeryt>3203023</sln:gmIdTeryt><sln:gmNazwa>Drawsko Pomorskie</sln:gmNazwa><sln:miejscIIPId>432e9d95-9b55-4cb5-bfd7-f088ac846ffe</sln:miejscIIPId><sln:miejscIIPPn>PL.PZGIK.200</sln:miejscIIPPn><sln:miejscIIPWersja>2016-11-24T09:57:02+02:00</sln:miejscIIPWersja><sln:miejscIdTeryt>0305745</sln:miejscIdTeryt><sln:miejscNazwa>Woliczno</sln:miejscNazwa><sln:miejscRodzaj>Wieś</sln:miejscRodzaj><sln:powIIPId>3035e433-0a64-4d6e-8d21-c2d38762586c</sln:powIIPId><sln:powIIPPn>PL.PZGIK.200</sln:powIIPPn><sln:powIIPWersja>2012-09-27T10:07:22+02:00</sln:powIIPWersja><sln:powIdTeryt>3203</sln:powIdTeryt><sln:powNazwa>drawski</sln:powNazwa><sln:waznyOd>2010-04-30T00:00:00+02:00</sln:waznyOd><sln:wojIIPId>c3f2202a-b491-49c5-a3af-d581108d939a</sln:wojIIPId><sln:wojIIPPn>PL.PZGIK.200</sln:wojIIPPn><sln:wojIIPWersja>2017-10-10T00:00:00+02:00</sln:wojIIPWersja><sln:wojIdTeryt>32</sln:wojIdTeryt><sln:wojNazwa>zachodniopomorskie</sln:wojNazwa></sln:miejscowosc><sln:miejscowosc><sln:cyklZyciaDo>2017-04-25T00:00:00+02:00</sln:cyklZyciaDo><sln:cyklZyciaOd>2016-03-11T00:00:00+01:00</sln:cyklZyciaOd><sln:gmIIPId>3aba244a-343e-41dc-a170-b89eab8fefec</sln:gmIIPId><sln:gmIIPPn>PL.PZGIK.200</sln:gmIIPPn><sln:gmIIPWersja>2012-09-26T22:33:50+02:00</sln:gmIIPWersja><sln:gmIdTeryt>3203023</sln:gmIdTeryt><sln:gmNazwa>Drawsko Pomorskie</sln:gmNazwa><sln:miejscIIPId>1f4f85f6-fdcc-4924-ab47-508a09af77c3</sln:miejscIIPId><sln:miejscIIPPn>PL.PZGIK.200</sln:miejscIIPPn><sln:miejscIIPWersja>2016-11-24T09:57:02+02:00</sln:miejscIIPWersja><sln:miejscIdTeryt>0305828</sln:miejscIdTeryt><sln:miejscNazwa>Zagozd</sln:miejscNazwa><sln:miejscRodzaj>Wieś</sln:miejscRodzaj><sln:powIIPId>3035e433-0a64-4d6e-8d21-c2d38762586c</sln:powIIPId><sln:powIIPPn>PL.PZGIK.200</sln:powIIPPn><sln:powIIPWersja>2012-09-27T10:07:22+02:00</sln:powIIPWersja><sln:powIdTeryt>3203</sln:powIdTeryt><sln:powNazwa>drawski</sln:powNazwa><sln:waznyOd>2010-04-30T00:00:00+02:00</sln:waznyOd><sln:wojIIPId>c3f2202a-b491-49c5-a3af-d581108d939a</sln:wojIIPId><sln:wojIIPPn>PL.PZGIK.200</sln:wojIIPPn><sln:wojIIPWersja>2017-10-10T00:00:00+02:00</sln:wojIIPWersja><sln:wojIdTeryt>32</sln:wojIdTeryt><sln:wojNazwa>zachodniopomorskie</sln:wojNazwa></sln:miejscowosc><sln:miejscowosc><sln:cyklZyciaDo>2017-04-25T00:00:00+02:00</sln:cyklZyciaDo><sln:cyklZyciaOd>2016-03-11T00:00:00+01:00</sln:cyklZyciaOd><sln:gmIIPId>3aba244a-343e-41dc-a170-b89eab8fefec</sln:gmIIPId><sln:gmIIPPn>PL.PZGIK.200</sln:gmIIPPn><sln:gmIIPWersja>2012-09-26T22:33:50+02:00</sln:gmIIPWersja><sln:gmIdTeryt>3203023</sln:gmIdTeryt><sln:gmNazwa>Drawsko Pomorskie</sln:gmNazwa><sln:miejscIIPId>6812bffc-9fcd-4966-a7c4-e8f241228b1e</sln:miejscIIPId><sln:miejscIIPPn>PL.PZGIK.200</sln:miejscIIPPn><sln:miejscIIPWersja>2016-11-24T09:57:02+02:00</sln:miejscIIPWersja><sln:miejscIdTeryt>0305811</sln:miejscIdTeryt><sln:miejscNazwa>Zagórki</sln:miejscNazwa><sln:miejscRodzaj>Wieś</sln:miejscRodzaj><sln:powIIPId>3035e433-0a64-4d6e-8d21-c2d38762586c</sln:powIIPId><sln:powIIPPn>PL.PZGIK.200</sln:powIIPPn><sln:powIIPWersja>2012-09-27T10:07:22+02:00</sln:powIIPWersja><sln:powIdTeryt>3203</sln:powIdTeryt><sln:powNazwa>drawski</sln:powNazwa><sln:waznyOd>2010-04-30T00:00:00+02:00</sln:waznyOd><sln:wojIIPId>c3f2202a-b491-49c5-a3af-d581108d939a</sln:wojIIPId><sln:wojIIPPn>PL.PZGIK.200</sln:wojIIPPn><sln:wojIIPWersja>2017-10-10T00:00:00+02:00</sln:wojIIPWersja><sln:wojIdTeryt>32</sln:wojIdTeryt><sln:wojNazwa>zachodniopomorskie</sln:wojNazwa></sln:miejscowosc><sln:miejscowosc><sln:cyklZyciaDo>2017-04-25T00:00:00+02:00</sln:cyklZyciaDo><sln:cyklZyciaOd>2016-03-11T00:00:00+01:00</sln:cyklZyciaOd><sln:gmIIPId>3aba244a-343e-41dc-a170-b89eab8fefec</sln:gmIIPId><sln:gmIIPPn>PL.PZGIK.200</sln:gmIIPPn><sln:gmIIPWersja>2012-09-26T22:33:50+02:00</sln:gmIIPWersja><sln:gmIdTeryt>3203023</sln:gmIdTeryt><sln:gmNazwa>Drawsko Pomorskie</sln:gmNazwa><sln:miejscIIPId>d5a17984-62a7-44b6-bae3-34e175c4826c</sln:miejscIIPId><sln:miejscIIPPn>PL.PZGIK.200</sln:miejscIIPPn><sln:miejscIIPWersja>2016-11-24T09:57:02+02:00</sln:miejscIIPWersja><sln:miejscIdTeryt>0305863</sln:miejscIdTeryt><sln:miejscNazwa>Zarańsko</sln:miejscNazwa><sln:miejscRodzaj>Wieś</sln:miejscRodzaj><sln:powIIPId>3035e433-0a64-4d6e-8d21-c2d38762586c</sln:powIIPId><sln:powIIPPn>PL.PZGIK.200</sln:powIIPPn><sln:powIIPWersja>2012-09-27T10:07:22+02:00</sln:powIIPWersja><sln:powIdTeryt>3203</sln:powIdTeryt><sln:powNazwa>drawski</sln:powNazwa><sln:waznyOd>2010-04-30T00:00:00+02:00</sln:waznyOd><sln:wojIIPId>c3f2202a-b491-49c5-a3af-d581108d939a</sln:wojIIPId><sln:wojIIPPn>PL.PZGIK.200</sln:wojIIPPn><sln:wojIIPWersja>2017-10-10T00:00:00+02:00</sln:wojIIPWersja><sln:wojIdTeryt>32</sln:wojIdTeryt><sln:wojNazwa>zachodniopomorskie</sln:wojNazwa></sln:miejscowosc><sln:miejscowosc><sln:cyklZyciaDo>2017-04-25T00:00:00+02:00</sln:cyklZyciaDo><sln:cyklZyciaOd>2016-03-11T00:00:00+01:00</sln:cyklZyciaOd><sln:gmIIPId>3aba244a-343e-41dc-a170-b89eab8fefec</sln:gmIIPId><sln:gmIIPPn>PL.PZGIK.200</sln:gmIIPPn><sln:gmIIPWersja>2012-09-26T22:33:50+02:00</sln:gmIIPWersja><sln:gmIdTeryt>3203023</sln:gmIdTeryt><sln:gmNazwa>Drawsko Pomorskie</sln:gmNazwa><sln:miejscIIPId>e9e48f8c-ec5a-4382-9129-d726d9419437</sln:miejscIIPId><sln:miejscIIPPn>PL.PZGIK.200</sln:miejscIIPPn><sln:miejscIIPWersja>2016-11-24T09:57:02+02:00</sln:miejscIIPWersja><sln:miejscIdTeryt>0305892</sln:miejscIdTeryt><sln:miejscNazwa>Zbrojewo</sln:miejscNazwa><sln:miejscRodzaj>Wieś</sln:miejscRodzaj><sln:powIIPId>3035e433-0a64-4d6e-8d21-c2d38762586c</sln:powIIPId><sln:powIIPPn>PL.PZGIK.200</sln:powIIPPn><sln:powIIPWersja>2012-09-27T10:07:22+02:00</sln:powIIPWersja><sln:powIdTeryt>3203</sln:powIdTeryt><sln:powNazwa>drawski</sln:powNazwa><sln:waznyOd>2010-04-30T00:00:00+02:00</sln:waznyOd><sln:wojIIPId>c3f2202a-b491-49c5-a3af-d581108d939a</sln:wojIIPId><sln:wojIIPPn>PL.PZGIK.200</sln:wojIIPPn><sln:wojIIPWersja>2017-10-10T00:00:00+02:00</sln:wojIIPWersja><sln:wojIdTeryt>32</sln:wojIdTeryt><sln:wojNazwa>zachodniopomorskie</sln:wojNazwa></sln:miejscowosc><sln:miejscowosc><sln:cyklZyciaDo>2017-04-25T00:00:00+02:00</sln:cyklZyciaDo><sln:cyklZyciaOd>2016-03-11T00:00:00+01:00</sln:cyklZyciaOd><sln:gmIIPId>3aba244a-343e-41dc-a170-b89eab8fefec</sln:gmIIPId><sln:gmIIPPn>PL.PZGIK.200</sln:gmIIPPn><sln:gmIIPWersja>2012-09-26T22:33:50+02:00</sln:gmIIPWersja><sln:gmIdTeryt>3203023</sln:gmIdTeryt><sln:gmNazwa>Drawsko Pomorskie</sln:gmNazwa><sln:miejscIIPId>d44ba7bf-bc3c-4977-8b05-c09f05a5728c</sln:miejscIIPId><sln:miejscIIPPn>PL.PZGIK.200</sln:miejscIIPPn><sln:miejscIIPWersja>2016-11-24T09:57:02+02:00</sln:miejscIIPWersja><sln:miejscIdTeryt>0305751</sln:miejscIdTeryt><sln:miejscNazwa>Ziemsko</sln:miejscNazwa><sln:miejscRodzaj>Wieś</sln:miejscRodzaj><sln:powIIPId>3035e433-0a64-4d6e-8d21-c2d38762586c</sln:powIIPId><sln:powIIPPn>PL.PZGIK.200</sln:powIIPPn><sln:powIIPWersja>2012-09-27T10:07:22+02:00</sln:powIIPWersja><sln:powIdTeryt>3203</sln:powIdTeryt><sln:powNazwa>drawski</sln:powNazwa><sln:waznyOd>2010-04-30T00:00:00+02:00</sln:waznyOd><sln:wojIIPId>c3f2202a-b491-49c5-a3af-d581108d939a</sln:wojIIPId><sln:wojIIPPn>PL.PZGIK.200</sln:wojIIPPn><sln:wojIIPWersja>2017-10-10T00:00:00+02:00</sln:wojIIPWersja><sln:wojIdTeryt>32</sln:wojIdTeryt><sln:wojNazwa>zachodniopomorskie</sln:wojNazwa></sln:miejscowosc><sln:miejscowosc><sln:cyklZyciaDo>2017-04-25T00:00:00+02:00</sln:cyklZyciaDo><sln:cyklZyciaOd>2016-03-11T00:00:00+01:00</sln:cyklZyciaOd><sln:gmIIPId>3aba244a-343e-41dc-a170-b89eab8fefec</sln:gmIIPId><sln:gmIIPPn>PL.PZGIK.200</sln:gmIIPPn><sln:gmIIPWersja>2012-09-26T22:33:50+02:00</sln:gmIIPWersja><sln:gmIdTeryt>3203023</sln:gmIdTeryt><sln:gmNazwa>Drawsko Pomorskie</sln:gmNazwa><sln:miejscIIPId>d13b055a-6509-4ba3-a8a0-98cc87f840ac</sln:miejscIIPId><sln:miejscIIPPn>PL.PZGIK.200</sln:miejscIIPPn><sln:miejscIIPWersja>2016-11-24T09:57:02+02:00</sln:miejscIIPWersja><sln:miejscIdTeryt>0305691</sln:miejscIdTeryt><sln:miejscNazwa>Żołędowo</sln:miejscNazwa><sln:miejscRodzaj>Wieś</sln:miejscRodzaj><sln:powIIPId>3035e433-0a64-4d6e-8d21-c2d38762586c</sln:powIIPId><sln:powIIPPn>PL.PZGIK.200</sln:powIIPPn><sln:powIIPWersja>2012-09-27T10:07:22+02:00</sln:powIIPWersja><sln:powIdTeryt>3203</sln:powIdTeryt><sln:powNazwa>drawski</sln:powNazwa><sln:waznyOd>2010-04-30T00:00:00+02:00</sln:waznyOd><sln:wojIIPId>c3f2202a-b491-49c5-a3af-d581108d939a</sln:wojIIPId><sln:wojIIPPn>PL.PZGIK.200</sln:wojIIPPn><sln:wojIIPWersja>2017-10-10T00:00:00+02:00</sln:wojIIPWersja><sln:wojIdTeryt>32</sln:wojIdTeryt><sln:wojNazwa>zachodniopomorskie</sln:wojNazwa></sln:miejscowosc><sln:miejscowosc><sln:cyklZyciaDo>2017-04-25T00:00:00+02:00</sln:cyklZyciaDo><sln:cyklZyciaOd>2016-03-11T00:00:00+01:00</sln:cyklZyciaOd><sln:gmIIPId>3aba244a-343e-41dc-a170-b89eab8fefec</sln:gmIIPId><sln:gmIIPPn>PL.PZGIK.200</sln:gmIIPPn><sln:gmIIPWersja>2012-09-26T22:33:50+02:00</sln:gmIIPWersja><sln:gmIdTeryt>3203023</sln:gmIdTeryt><sln:gmNazwa>Drawsko Pomorskie</sln:gmNazwa><sln:miejscIIPId>2d0d3ecb-0de9-4ebe-94ac-89af536d3038</sln:miejscIIPId><sln:miejscIIPPn>PL.PZGIK.200</sln:miejscIIPPn><sln:miejscIIPWersja>2016-11-24T09:57:02+02:00</sln:miejscIIPWersja><sln:miejscIdTeryt>0305975</sln:miejscIdTeryt><sln:miejscNazwa>Żółcin</sln:miejscNazwa><sln:miejscRodzaj>Osada</sln:miejscRodzaj><sln:powIIPId>3035e433-0a64-4d6e-8d21-c2d38762586c</sln:powIIPId><sln:powIIPPn>PL.PZGIK.200</sln:powIIPPn><sln:powIIPWersja>2012-09-27T10:07:22+02:00</sln:powIIPWersja><sln:powIdTeryt>3203</sln:powIdTeryt><sln:powNazwa>drawski</sln:powNazwa><sln:waznyOd>2010-04-30T00:00:00+02:00</sln:waznyOd><sln:wojIIPId>c3f2202a-b491-49c5-a3af-d581108d939a</sln:wojIIPId><sln:wojIIPPn>PL.PZGIK.200</sln:wojIIPPn><sln:wojIIPWersja>2017-10-10T00:00:00+02:00</sln:wojIIPWersja><sln:wojIdTeryt>32</sln:wojIdTeryt><sln:wojNazwa>zachodniopomorskie</sln:wojNazwa></sln:miejscowosc><sln:miejscowosc><sln:cyklZyciaDo>2017-04-25T00:00:00+02:00</sln:cyklZyciaDo><sln:cyklZyciaOd>2016-03-11T00:00:00+01:00</sln:cyklZyciaOd><sln:gmIIPId>3aba244a-343e-41dc-a170-b89eab8fefec</sln:gmIIPId><sln:gmIIPPn>PL.PZGIK.200</sln:gmIIPPn><sln:gmIIPWersja>2012-09-26T22:33:50+02:00</sln:gmIIPWersja><sln:gmIdTeryt>3203023</sln:gmIdTeryt><sln:gmNazwa>Drawsko Pomorskie</sln:gmNazwa><sln:miejscIIPId>db422aca-5151-4643-8822-fdb2059fa1d6</sln:miejscIIPId><sln:miejscIIPPn>PL.PZGIK.200</sln:miejscIIPPn><sln:miejscIIPWersja>2016-11-24T09:57:02+02:00</sln:miejscIIPWersja><sln:miejscIdTeryt>0305952</sln:miejscIdTeryt><sln:miejscNazwa>Żółte</sln:miejscNazwa><sln:miejscRodzaj>Wieś</sln:miejscRodzaj><sln:powIIPId>3035e433-0a64-4d6e-8d21-c2d38762586c</sln:powIIPId><sln:powIIPPn>PL.PZGIK.200</sln:powIIPPn><sln:powIIPWersja>2012-09-27T10:07:22+02:00</sln:powIIPWersja><sln:powIdTeryt>3203</sln:powIdTeryt><sln:powNazwa>drawski</sln:powNazwa><sln:waznyOd>2010-04-30T00:00:00+02:00</sln:waznyOd><sln:wojIIPId>c3f2202a-b491-49c5-a3af-d581108d939a</sln:wojIIPId><sln:wojIIPPn>PL.PZGIK.200</sln:wojIIPPn><sln:wojIIPWersja>2017-10-10T00:00:00+02:00</sln:wojIIPWersja><sln:wojIdTeryt>32</sln:wojIdTeryt><sln:wojNazwa>zachodniopomorskie</sln:wojNazwa></sln:miejscowosc><sln:miejscowosc><sln:cyklZyciaDo>2017-04-25T00:00:00+02:00</sln:cyklZyciaDo><sln:cyklZyciaOd>2016-03-11T00:00:00+01:00</sln:cyklZyciaOd><sln:gmIIPId>3aba244a-343e-41dc-a170-b89eab8fefec</sln:gmIIPId><sln:gmIIPPn>PL.PZGIK.200</sln:gmIIPPn><sln:gmIIPWersja>2012-09-26T22:33:50+02:00</sln:gmIIPWersja><sln:gmIdTeryt>3203023</sln:gmIdTeryt><sln:gmNazwa>Drawsko Pomorskie</sln:gmNazwa><sln:miejscIIPId>380abd59-a795-45a5-9e01-aae6f11fe2e9</sln:miejscIIPId><sln:miejscIIPPn>PL.PZGIK.200</sln:miejscIIPPn><sln:miejscIIPWersja>2016-11-24T09:57:02+02:00</sln:miejscIIPWersja><sln:miejscIdTeryt>0305797</sln:miejscIdTeryt><sln:miejscNazwa>Suliszewo</sln:miejscNazwa><sln:miejscRodzaj>Wieś</sln:miejscRodzaj><sln:powIIPId>3035e433-0a64-4d6e-8d21-c2d38762586c</sln:powIIPId><sln:powIIPPn>PL.PZGIK.200</sln:powIIPPn><sln:powIIPWersja>2012-09-27T10:07:22+02:00</sln:powIIPWersja><sln:powIdTeryt>3203</sln:powIdTeryt><sln:powNazwa>drawski</sln:powNazwa><sln:waznyOd>2010-04-30T00:00:00+02:00</sln:waznyOd><sln:wojIIPId>c3f2202a-b491-49c5-a3af-d581108d939a</sln:wojIIPId><sln:wojIIPPn>PL.PZGIK.200</sln:wojIIPPn><sln:wojIIPWersja>2017-10-10T00:00:00+02:00</sln:wojIIPWersja><sln:wojIdTeryt>32</sln:wojIdTeryt><sln:wojNazwa>zachodniopomorskie</sln:wojNazwa></sln:miejscowosc><sln:miejscowosc><sln:cyklZyciaOd>2017-04-25T00:00:00+02:00</sln:cyklZyciaOd><sln:gmIIPId>3aba244a-343e-41dc-a170-b89eab8fefec</sln:gmIIPId><sln:gmIIPPn>PL.PZGIK.200</sln:gmIIPPn><sln:gmIIPWersja>2012-09-26T22:33:50+02:00</sln:gmIIPWersja><sln:gmIdTeryt>3203023</sln:gmIdTeryt><sln:gmNazwa>Drawsko Pomorskie</sln:gmNazwa><sln:miejscIIPId>acb6d8de-5f4d-4397-91e2-4fdb4885c193</sln:miejscIIPId><sln:miejscIIPPn>PL.PZGIK.200</sln:miejscIIPPn><sln:miejscIIPWersja>2017-04-25T13:33:47+02:00</sln:miejscIIPWersja><sln:miejscIdTeryt>0305662</sln:miejscIdTeryt><sln:miejscNazwa>Gudowo</sln:miejscNazwa><sln:miejscRodzaj>Wieś</sln:miejscRodzaj><sln:powIIPId>3035e433-0a64-4d6e-8d21-c2d38762586c</sln:powIIPId><sln:powIIPPn>PL.PZGIK.200</sln:powIIPPn><sln:powIIPWersja>2012-09-27T10:07:22+02:00</sln:powIIPWersja><sln:powIdTeryt>3203</sln:powIdTeryt><sln:powNazwa>drawski</sln:powNazwa><sln:waznyOd>2010-04-30T00:00:00+02:00</sln:waznyOd><sln:wojIIPId>c3f2202a-b491-49c5-a3af-d581108d939a</sln:wojIIPId><sln:wojIIPPn>PL.PZGIK.200</sln:wojIIPPn><sln:wojIIPWersja>2017-10-10T00:00:00+02:00</sln:wojIIPWersja><sln:wojIdTeryt>32</sln:wojIdTeryt><sln:wojNazwa>zachodniopomorskie</sln:wojNazwa></sln:miejscowosc><sln:miejscowosc><sln:cyklZyciaOd>2017-04-25T00:00:00+02:00</sln:cyklZyciaOd><sln:gmIIPId>3aba244a-343e-41dc-a170-b89eab8fefec</sln:gmIIPId><sln:gmIIPPn>PL.PZGIK.200</sln:gmIIPPn><sln:gmIIPWersja>2012-09-26T22:33:50+02:00</sln:gmIIPWersja><sln:gmIdTeryt>3203023</sln:gmIdTeryt><sln:gmNazwa>Drawsko Pomorskie</sln:gmNazwa><sln:miejscIIPId>3d9d88b7-6fd3-4118-86fe-25cb2318309a</sln:miejscIIPId><sln:miejscIIPPn>PL.PZGIK.200</sln:miejscIIPPn><sln:miejscIIPWersja>2017-04-25T13:33:55+02:00</sln:miejscIIPWersja><sln:miejscIdTeryt>0305679</sln:miejscIdTeryt><sln:miejscNazwa>Konotop</sln:miejscNazwa><sln:miejscRodzaj>Wieś</sln:miejscRodzaj><sln:powIIPId>3035e433-0a64-4d6e-8d21-c2d38762586c</sln:powIIPId><sln:powIIPPn>PL.PZGIK.200</sln:powIIPPn><sln:powIIPWersja>2012-09-27T10:07:22+02:00</sln:powIIPWersja><sln:powIdTeryt>3203</sln:powIdTeryt><sln:powNazwa>drawski</sln:powNazwa><sln:waznyOd>2010-04-30T00:00:00+02:00</sln:waznyOd><sln:wojIIPId>c3f2202a-b491-49c5-a3af-d581108d939a</sln:wojIIPId><sln:wojIIPPn>PL.PZGIK.200</sln:wojIIPPn><sln:wojIIPWersja>2017-10-10T00:00:00+02:00</sln:wojIIPWersja><sln:wojIdTeryt>32</sln:wojIdTeryt><sln:wojNazwa>zachodniopomorskie</sln:wojNazwa></sln:miejscowosc><sln:miejscowosc><sln:cyklZyciaOd>2017-04-25T00:00:00+02:00</sln:cyklZyciaOd><sln:gmIIPId>3aba244a-343e-41dc-a170-b89eab8fefec</sln:gmIIPId><sln:gmIIPPn>PL.PZGIK.200</sln:gmIIPPn><sln:gmIIPWersja>2012-09-26T22:33:50+02:00</sln:gmIIPWersja><sln:gmIdTeryt>3203023</sln:gmIdTeryt><sln:gmNazwa>Drawsko Pomorskie</sln:gmNazwa><sln:miejscIIPId>1af50f0b-2b77-4a24-bdd6-b617f3e0891f</sln:miejscIIPId><sln:miejscIIPPn>PL.PZGIK.200</sln:miejscIIPPn><sln:miejscIIPWersja>2017-04-25T13:33:55+02:00</sln:miejscIIPWersja><sln:miejscIdTeryt>0305685</sln:miejscIdTeryt><sln:miejscNazwa>Karwice</sln:miejscNazwa><sln:miejscRodzaj>Wieś</sln:miejscRodzaj><sln:powIIPId>3035e433-0a64-4d6e-8d21-c2d38762586c</sln:powIIPId><sln:powIIPPn>PL.PZGIK.200</sln:powIIPPn><sln:powIIPWersja>2012-09-27T10:07:22+02:00</sln:powIIPWersja><sln:powIdTeryt>3203</sln:powIdTeryt><sln:powNazwa>drawski</sln:powNazwa><sln:waznyOd>2010-04-30T00:00:00+02:00</sln:waznyOd><sln:wojIIPId>c3f2202a-b491-49c5-a3af-d581108d939a</sln:wojIIPId><sln:wojIIPPn>PL.PZGIK.200</sln:wojIIPPn><sln:wojIIPWersja>2017-10-10T00:00:00+02:00</sln:wojIIPWersja><sln:wojIdTeryt>32</sln:wojIdTeryt><sln:wojNazwa>zachodniopomorskie</sln:wojNazwa></sln:miejscowosc><sln:miejscowosc><sln:cyklZyciaOd>2017-04-25T00:00:00+02:00</sln:cyklZyciaOd><sln:gmIIPId>3aba244a-343e-41dc-a170-b89eab8fefec</sln:gmIIPId><sln:gmIIPPn>PL.PZGIK.200</sln:gmIIPPn><sln:gmIIPWersja>2012-09-26T22:33:50+02:00</sln:gmIIPWersja><sln:gmIdTeryt>3203023</sln:gmIdTeryt><sln:gmNazwa>Drawsko Pomorskie</sln:gmNazwa><sln:miejscIIPId>d13b055a-6509-4ba3-a8a0-98cc87f840ac</sln:miejscIIPId><sln:miejscIIPPn>PL.PZGIK.200</sln:miejscIIPPn><sln:miejscIIPWersja>2017-04-25T13:33:56+02:00</sln:miejscIIPWersja><sln:miejscIdTeryt>0305691</sln:miejscIdTeryt><sln:miejscNazwa>Żołędowo</sln:miejscNazwa><sln:miejscRodzaj>Wieś</sln:miejscRodzaj><sln:powIIPId>3035e433-0a64-4d6e-8d21-c2d38762586c</sln:powIIPId><sln:powIIPPn>PL.PZGIK.200</sln:powIIPPn><sln:powIIPWersja>2012-09-27T10:07:22+02:00</sln:powIIPWersja><sln:powIdTeryt>3203</sln:powIdTeryt><sln:powNazwa>drawski</sln:powNazwa><sln:waznyOd>2010-04-30T00:00:00+02:00</sln:waznyOd><sln:wojIIPId>c3f2202a-b491-49c5-a3af-d581108d939a</sln:wojIIPId><sln:wojIIPPn>PL.PZGIK.200</sln:wojIIPPn><sln:wojIIPWersja>2017-10-10T00:00:00+02:00</sln:wojIIPWersja><sln:wojIdTeryt>32</sln:wojIdTeryt><sln:wojNazwa>zachodniopomorskie</sln:wojNazwa></sln:miejscowosc><sln:miejscowosc><sln:cyklZyciaOd>2017-04-25T00:00:00+02:00</sln:cyklZyciaOd><sln:gmIIPId>3aba244a-343e-41dc-a170-b89eab8fefec</sln:gmIIPId><sln:gmIIPPn>PL.PZGIK.200</sln:gmIIPPn><sln:gmIIPWersja>2012-09-26T22:33:50+02:00</sln:gmIIPWersja><sln:gmIdTeryt>3203023</sln:gmIdTeryt><sln:gmNazwa>Drawsko Pomorskie</sln:gmNazwa><sln:miejscIIPId>153525d0-1117-4f60-b273-b183b4c4f9de</sln:miejscIIPId><sln:miejscIIPPn>PL.PZGIK.200</sln:miejscIIPPn><sln:miejscIIPWersja>2017-04-25T13:33:56+02:00</sln:miejscIIPWersja><sln:miejscIdTeryt>0305700</sln:miejscIdTeryt><sln:miejscNazwa>Linowno</sln:miejscNazwa><sln:miejscRodzaj>Wieś</sln:miejscRodzaj><sln:powIIPId>3035e433-0a64-4d6e-8d21-c2d38762586c</sln:powIIPId><sln:powIIPPn>PL.PZGIK.200</sln:powIIPPn><sln:powIIPWersja>2012-09-27T10:07:22+02:00</sln:powIIPWersja><sln:powIdTeryt>3203</sln:powIdTeryt><sln:powNazwa>drawski</sln:powNazwa><sln:waznyOd>2010-04-30T00:00:00+02:00</sln:waznyOd><sln:wojIIPId>c3f2202a-b491-49c5-a3af-d581108d939a</sln:wojIIPId><sln:wojIIPPn>PL.PZGIK.200</sln:wojIIPPn><sln:wojIIPWersja>2017-10-10T00:00:00+02:00</sln:wojIIPWersja><sln:wojIdTeryt>32</sln:wojIdTeryt><sln:wojNazwa>zachodniopomorskie</sln:wojNazwa></sln:miejscowosc><sln:miejscowosc><sln:cyklZyciaOd>2017-04-25T00:00:00+02:00</sln:cyklZyciaOd><sln:gmIIPId>3aba244a-343e-41dc-a170-b89eab8fefec</sln:gmIIPId><sln:gmIIPPn>PL.PZGIK.200</sln:gmIIPPn><sln:gmIIPWersja>2012-09-26T22:33:50+02:00</sln:gmIIPWersja><sln:gmIdTeryt>3203023</sln:gmIdTeryt><sln:gmNazwa>Drawsko Pomorskie</sln:gmNazwa><sln:miejscIIPId>08c6c909-b11d-4123-93f1-73db26501ac8</sln:miejscIIPId><sln:miejscIIPPn>PL.PZGIK.200</sln:miejscIIPPn><sln:miejscIIPWersja>2017-04-25T13:33:56+02:00</sln:miejscIIPWersja><sln:miejscIdTeryt>0305716</sln:miejscIdTeryt><sln:miejscNazwa>Łabędzie</sln:miejscNazwa><sln:miejscRodzaj>Wieś</sln:miejscRodzaj><sln:powIIPId>3035e433-0a64-4d6e-8d21-c2d38762586c</sln:powIIPId><sln:powIIPPn>PL.PZGIK.200</sln:powIIPPn><sln:powIIPWersja>2012-09-27T10:07:22+02:00</sln:powIIPWersja><sln:powIdTeryt>3203</sln:powIdTeryt><sln:powNazwa>drawski</sln:powNazwa><sln:waznyOd>2010-04-30T00:00:00+02:00</sln:waznyOd><sln:wojIIPId>c3f2202a-b491-49c5-a3af-d581108d939a</sln:wojIIPId><sln:wojIIPPn>PL.PZGIK.200</sln:wojIIPPn><sln:wojIIPWersja>2017-10-10T00:00:00+02:00</sln:wojIIPWersja><sln:wojIdTeryt>32</sln:wojIdTeryt><sln:wojNazwa>zachodniopomorskie</sln:wojNazwa></sln:miejscowosc><sln:miejscowosc><sln:cyklZyciaOd>2017-04-25T00:00:00+02:00</sln:cyklZyciaOd><sln:gmIIPId>3aba244a-343e-41dc-a170-b89eab8fefec</sln:gmIIPId><sln:gmIIPPn>PL.PZGIK.200</sln:gmIIPPn><sln:gmIIPWersja>2012-09-26T22:33:50+02:00</sln:gmIIPWersja><sln:gmIdTeryt>3203023</sln:gmIdTeryt><sln:gmNazwa>Drawsko Pomorskie</sln:gmNazwa><sln:miejscIIPId>812b5f85-4eb7-4304-8bad-dd20fac7ff70</sln:miejscIIPId><sln:miejscIIPPn>PL.PZGIK.200</sln:miejscIIPPn><sln:miejscIIPWersja>2017-04-25T13:33:56+02:00</sln:miejscIIPWersja><sln:miejscIdTeryt>0305722</sln:miejscIdTeryt><sln:miejscNazwa>Mielenko Drawskie</sln:miejscNazwa><sln:miejscRodzaj>Wieś</sln:miejscRodzaj><sln:powIIPId>3035e433-0a64-4d6e-8d21-c2d38762586c</sln:powIIPId><sln:powIIPPn>PL.PZGIK.200</sln:powIIPPn><sln:powIIPWersja>2012-09-27T10:07:22+02:00</sln:powIIPWersja><sln:powIdTeryt>3203</sln:powIdTeryt><sln:powNazwa>drawski</sln:powNazwa><sln:waznyOd>2010-04-30T00:00:00+02:00</sln:waznyOd><sln:wojIIPId>c3f2202a-b491-49c5-a3af-d581108d939a</sln:wojIIPId><sln:wojIIPPn>PL.PZGIK.200</sln:wojIIPPn><sln:wojIIPWersja>2017-10-10T00:00:00+02:00</sln:wojIIPWersja><sln:wojIdTeryt>32</sln:wojIdTeryt><sln:wojNazwa>zachodniopomorskie</sln:wojNazwa></sln:miejscowosc><sln:miejscowosc><sln:cyklZyciaOd>2017-04-25T00:00:00+02:00</sln:cyklZyciaOd><sln:gmIIPId>3aba244a-343e-41dc-a170-b89eab8fefec</sln:gmIIPId><sln:gmIIPPn>PL.PZGIK.200</sln:gmIIPPn><sln:gmIIPWersja>2012-09-26T22:33:50+02:00</sln:gmIIPWersja><sln:gmIdTeryt>3203023</sln:gmIdTeryt><sln:gmNazwa>Drawsko Pomorskie</sln:gmNazwa><sln:miejscIIPId>1194cfde-c689-46b0-b99f-d8241e0b5310</sln:miejscIIPId><sln:miejscIIPPn>PL.PZGIK.200</sln:miejscIIPPn><sln:miejscIIPWersja>2017-04-25T13:33:56+02:00</sln:miejscIIPWersja><sln:miejscIdTeryt>0305739</sln:miejscIdTeryt><sln:miejscNazwa>Oleszno</sln:miejscNazwa><sln:miejscRodzaj>Wieś</sln:miejscRodzaj><sln:powIIPId>3035e433-0a64-4d6e-8d21-c2d38762586c</sln:powIIPId><sln:powIIPPn>PL.PZGIK.200</sln:powIIPPn><sln:powIIPWersja>2012-09-27T10:07:22+02:00</sln:powIIPWersja><sln:powIdTeryt>3203</sln:powIdTeryt><sln:powNazwa>drawski</sln:powNazwa><sln:waznyOd>2010-04-30T00:00:00+02:00</sln:waznyOd><sln:wojIIPId>c3f2202a-b491-49c5-a3af-d581108d939a</sln:wojIIPId><sln:wojIIPPn>PL.PZGIK.200</sln:wojIIPPn><sln:wojIIPWersja>2017-10-10T00:00:00+02:00</sln:wojIIPWersja><sln:wojIdTeryt>32</sln:wojIdTeryt><sln:wojNazwa>zachodniopomorskie</sln:wojNazwa></sln:miejscowosc><sln:miejscowosc><sln:cyklZyciaOd>2017-04-25T00:00:00+02:00</sln:cyklZyciaOd><sln:gmIIPId>3aba244a-343e-41dc-a170-b89eab8fefec</sln:gmIIPId><sln:gmIIPPn>PL.PZGIK.200</sln:gmIIPPn><sln:gmIIPWersja>2012-09-26T22:33:50+02:00</sln:gmIIPWersja><sln:gmIdTeryt>3203023</sln:gmIdTeryt><sln:gmNazwa>Drawsko Pomorskie</sln:gmNazwa><sln:miejscIIPId>432e9d95-9b55-4cb5-bfd7-f088ac846ffe</sln:miejscIIPId><sln:miejscIIPPn>PL.PZGIK.200</sln:miejscIIPPn><sln:miejscIIPWersja>2017-04-25T13:33:56+02:00</sln:miejscIIPWersja><sln:miejscIdTeryt>0305745</sln:miejscIdTeryt><sln:miejscNazwa>Woliczno</sln:miejscNazwa><sln:miejscRodzaj>Wieś</sln:miejscRodzaj><sln:powIIPId>3035e433-0a64-4d6e-8d21-c2d38762586c</sln:powIIPId><sln:powIIPPn>PL.PZGIK.200</sln:powIIPPn><sln:powIIPWersja>2012-09-27T10:07:22+02:00</sln:powIIPWersja><sln:powIdTeryt>3203</sln:powIdTeryt><sln:powNazwa>drawski</sln:powNazwa><sln:waznyOd>2010-04-30T00:00:00+02:00</sln:waznyOd><sln:wojIIPId>c3f2202a-b491-49c5-a3af-d581108d939a</sln:wojIIPId><sln:wojIIPPn>PL.PZGIK.200</sln:wojIIPPn><sln:wojIIPWersja>2017-10-10T00:00:00+02:00</sln:wojIIPWersja><sln:wojIdTeryt>32</sln:wojIdTeryt><sln:wojNazwa>zachodniopomorskie</sln:wojNazwa></sln:miejscowosc><sln:miejscowosc><sln:cyklZyciaOd>2017-04-25T00:00:00+02:00</sln:cyklZyciaOd><sln:gmIIPId>3aba244a-343e-41dc-a170-b89eab8fefec</sln:gmIIPId><sln:gmIIPPn>PL.PZGIK.200</sln:gmIIPPn><sln:gmIIPWersja>2012-09-26T22:33:50+02:00</sln:gmIIPWersja><sln:gmIdTeryt>3203023</sln:gmIdTeryt><sln:gmNazwa>Drawsko Pomorskie</sln:gmNazwa><sln:miejscIIPId>d44ba7bf-bc3c-4977-8b05-c09f05a5728c</sln:miejscIIPId><sln:miejscIIPPn>PL.PZGIK.200</sln:miejscIIPPn><sln:miejscIIPWersja>2017-04-25T13:33:56+02:00</sln:miejscIIPWersja><sln:miejscIdTeryt>0305751</sln:miejscIdTeryt><sln:miejscNazwa>Ziemsko</sln:miejscNazwa><sln:miejscRodzaj>Wieś</sln:miejscRodzaj><sln:powIIPId>3035e433-0a64-4d6e-8d21-c2d38762586c</sln:powIIPId><sln:powIIPPn>PL.PZGIK.200</sln:powIIPPn><sln:powIIPWersja>2012-09-27T10:07:22+02:00</sln:powIIPWersja><sln:powIdTeryt>3203</sln:powIdTeryt><sln:powNazwa>drawski</sln:powNazwa><sln:waznyOd>2010-04-30T00:00:00+02:00</sln:waznyOd><sln:wojIIPId>c3f2202a-b491-49c5-a3af-d581108d939a</sln:wojIIPId><sln:wojIIPPn>PL.PZGIK.200</sln:wojIIPPn><sln:wojIIPWersja>2017-10-10T00:00:00+02:00</sln:wojIIPWersja><sln:wojIdTeryt>32</sln:wojIdTeryt><sln:wojNazwa>zachodniopomorskie</sln:wojNazwa></sln:miejscowosc><sln:miejscowosc><sln:cyklZyciaOd>2017-04-25T00:00:00+02:00</sln:cyklZyciaOd><sln:gmIIPId>3aba244a-343e-41dc-a170-b89eab8fefec</sln:gmIIPId><sln:gmIIPPn>PL.PZGIK.200</sln:gmIIPPn><sln:gmIIPWersja>2012-09-26T22:33:50+02:00</sln:gmIIPWersja><sln:gmIdTeryt>3203023</sln:gmIdTeryt><sln:gmNazwa>Drawsko Pomorskie</sln:gmNazwa><sln:miejscIIPId>ca4cc264-f6e4-4df6-ba0f-f0a25802aced</sln:miejscIIPId><sln:miejscIIPPn>PL.PZGIK.200</sln:miejscIIPPn><sln:miejscIIPWersja>2017-04-25T13:33:56+02:00</sln:miejscIIPWersja><sln:miejscIdTeryt>0305768</sln:miejscIdTeryt><sln:miejscNazwa>Nętno</sln:miejscNazwa><sln:miejscRodzaj>Wieś</sln:miejscRodzaj><sln:powIIPId>3035e433-0a64-4d6e-8d21-c2d38762586c</sln:powIIPId><sln:powIIPPn>PL.PZGIK.200</sln:powIIPPn><sln:powIIPWersja>2012-09-27T10:07:22+02:00</sln:powIIPWersja><sln:powIdTeryt>3203</sln:powIdTeryt><sln:powNazwa>drawski</sln:powNazwa><sln:waznyOd>2010-04-30T00:00:00+02:00</sln:waznyOd><sln:wojIIPId>c3f2202a-b491-49c5-a3af-d581108d939a</sln:wojIIPId><sln:wojIIPPn>PL.PZGIK.200</sln:wojIIPPn><sln:wojIIPWersja>2017-10-10T00:00:00+02:00</sln:wojIIPWersja><sln:wojIdTeryt>32</sln:wojIdTeryt><sln:wojNazwa>zachodniopomorskie</sln:wojNazwa></sln:miejscowosc><sln:miejscowosc><sln:cyklZyciaOd>2017-04-25T00:00:00+02:00</sln:cyklZyciaOd><sln:gmIIPId>3aba244a-343e-41dc-a170-b89eab8fefec</sln:gmIIPId><sln:gmIIPPn>PL.PZGIK.200</sln:gmIIPPn><sln:gmIIPWersja>2012-09-26T22:33:50+02:00</sln:gmIIPWersja><sln:gmIdTeryt>3203023</sln:gmIdTeryt><sln:gmNazwa>Drawsko Pomorskie</sln:gmNazwa><sln:miejscIIPId>73a732fd-b8b0-4ed2-8cb0-240e71df0205</sln:miejscIIPId><sln:miejscIIPPn>PL.PZGIK.200</sln:miejscIIPPn><sln:miejscIIPWersja>2017-04-25T13:33:56+02:00</sln:miejscIIPWersja><sln:miejscIdTeryt>0305774</sln:miejscIdTeryt><sln:miejscNazwa>Lasocin</sln:miejscNazwa><sln:miejscRodzaj>Wieś</sln:miejscRodzaj><sln:powIIPId>3035e433-0a64-4d6e-8d21-c2d38762586c</sln:powIIPId><sln:powIIPPn>PL.PZGIK.200</sln:powIIPPn><sln:powIIPWersja>2012-09-27T10:07:22+02:00</sln:powIIPWersja><sln:powIdTeryt>3203</sln:powIdTeryt><sln:powNazwa>drawski</sln:powNazwa><sln:waznyOd>2010-04-30T00:00:00+02:00</sln:waznyOd><sln:wojIIPId>c3f2202a-b491-49c5-a3af-d581108d939a</sln:wojIIPId><sln:wojIIPPn>PL.PZGIK.200</sln:wojIIPPn><sln:wojIIPWersja>2017-10-10T00:00:00+02:00</sln:wojIIPWersja><sln:wojIdTeryt>32</sln:wojIdTeryt><sln:wojNazwa>zachodniopomorskie</sln:wojNazwa></sln:miejscowosc><sln:miejscowosc><sln:cyklZyciaOd>2017-04-25T00:00:00+02:00</sln:cyklZyciaOd><sln:gmIIPId>3aba244a-343e-41dc-a170-b89eab8fefec</sln:gmIIPId><sln:gmIIPPn>PL.PZGIK.200</sln:gmIIPPn><sln:gmIIPWersja>2012-09-26T22:33:50+02:00</sln:gmIIPWersja><sln:gmIdTeryt>3203023</sln:gmIdTeryt><sln:gmNazwa>Drawsko Pomorskie</sln:gmNazwa><sln:miejscIIPId>1939e1cb-3189-4bcd-b8d4-ef1b4d958f01</sln:miejscIIPId><sln:miejscIIPPn>PL.PZGIK.200</sln:miejscIIPPn><sln:miejscIIPWersja>2017-04-25T13:33:56+02:00</sln:miejscIIPWersja><sln:miejscIdTeryt>0305780</sln:miejscIdTeryt><sln:miejscNazwa>Rydzewo</sln:miejscNazwa><sln:miejscRodzaj>Wieś</sln:miejscRodzaj><sln:powIIPId>3035e433-0a64-4d6e-8d21-c2d38762586c</sln:powIIPId><sln:powIIPPn>PL.PZGIK.200</sln:powIIPPn><sln:powIIPWersja>2012-09-27T10:07:22+02:00</sln:powIIPWersja><sln:powIdTeryt>3203</sln:powIdTeryt><sln:powNazwa>drawski</sln:powNazwa><sln:waznyOd>2010-04-30T00:00:00+02:00</sln:waznyOd><sln:wojIIPId>c3f2202a-b491-49c5-a3af-d581108d939a</sln:wojIIPId><sln:wojIIPPn>PL.PZGIK.200</sln:wojIIPPn><sln:wojIIPWersja>2017-10-10T00:00:00+02:00</sln:wojIIPWersja><sln:wojIdTeryt>32</sln:wojIdTeryt><sln:wojNazwa>zachodniopomorskie</sln:wojNazwa></sln:miejscowosc><sln:miejscowosc><sln:cyklZyciaOd>2017-04-25T00:00:00+02:00</sln:cyklZyciaOd><sln:gmIIPId>3aba244a-343e-41dc-a170-b89eab8fefec</sln:gmIIPId><sln:gmIIPPn>PL.PZGIK.200</sln:gmIIPPn><sln:gmIIPWersja>2012-09-26T22:33:50+02:00</sln:gmIIPWersja><sln:gmIdTeryt>3203023</sln:gmIdTeryt><sln:gmNazwa>Drawsko Pomorskie</sln:gmNazwa><sln:miejscIIPId>380abd59-a795-45a5-9e01-aae6f11fe2e9</sln:miejscIIPId><sln:miejscIIPPn>PL.PZGIK.200</sln:miejscIIPPn><sln:miejscIIPWersja>2017-04-25T13:33:57+02:00</sln:miejscIIPWersja><sln:miejscIdTeryt>0305797</sln:miejscIdTeryt><sln:miejscNazwa>Suliszewo</sln:miejscNazwa><sln:miejscRodzaj>Wieś</sln:miejscRodzaj><sln:powIIPId>3035e433-0a64-4d6e-8d21-c2d38762586c</sln:powIIPId><sln:powIIPPn>PL.PZGIK.200</sln:powIIPPn><sln:powIIPWersja>2012-09-27T10:07:22+02:00</sln:powIIPWersja><sln:powIdTeryt>3203</sln:powIdTeryt><sln:powNazwa>drawski</sln:powNazwa><sln:waznyOd>2010-04-30T00:00:00+02:00</sln:waznyOd><sln:wojIIPId>c3f2202a-b491-49c5-a3af-d581108d939a</sln:wojIIPId><sln:wojIIPPn>PL.PZGIK.200</sln:wojIIPPn><sln:wojIIPWersja>2017-10-10T00:00:00+02:00</sln:wojIIPWersja><sln:wojIdTeryt>32</sln:wojIdTeryt><sln:wojNazwa>zachodniopomorskie</sln:wojNazwa></sln:miejscowosc><sln:miejscowosc><sln:cyklZyciaOd>2017-04-25T00:00:00+02:00</sln:cyklZyciaOd><sln:gmIIPId>3aba244a-343e-41dc-a170-b89eab8fefec</sln:gmIIPId><sln:gmIIPPn>PL.PZGIK.200</sln:gmIIPPn><sln:gmIIPWersja>2012-09-26T22:33:50+02:00</sln:gmIIPWersja><sln:gmIdTeryt>3203023</sln:gmIdTeryt><sln:gmNazwa>Drawsko Pomorskie</sln:gmNazwa><sln:miejscIIPId>c7d44d25-698d-488a-a6e3-784909091eba</sln:miejscIIPId><sln:miejscIIPPn>PL.PZGIK.200</sln:miejscIIPPn><sln:miejscIIPWersja>2017-04-25T13:33:57+02:00</sln:miejscIIPWersja><sln:miejscIdTeryt>0305805</sln:miejscIdTeryt><sln:miejscNazwa>Dalewo</sln:miejscNazwa><sln:miejscRodzaj>Wieś</sln:miejscRodzaj><sln:powIIPId>3035e433-0a64-4d6e-8d21-c2d38762586c</sln:powIIPId><sln:powIIPPn>PL.PZGIK.200</sln:powIIPPn><sln:powIIPWersja>2012-09-27T10:07:22+02:00</sln:powIIPWersja><sln:powIdTeryt>3203</sln:powIdTeryt><sln:powNazwa>drawski</sln:powNazwa><sln:waznyOd>2010-04-30T00:00:00+02:00</sln:waznyOd><sln:wojIIPId>c3f2202a-b491-49c5-a3af-d581108d939a</sln:wojIIPId><sln:wojIIPPn>PL.PZGIK.200</sln:wojIIPPn><sln:wojIIPWersja>2017-10-10T00:00:00+02:00</sln:wojIIPWersja><sln:wojIdTeryt>32</sln:wojIdTeryt><sln:wojNazwa>zachodniopomorskie</sln:wojNazwa></sln:miejscowosc><sln:miejscowosc><sln:cyklZyciaOd>2017-04-25T00:00:00+02:00</sln:cyklZyciaOd><sln:gmIIPId>3aba244a-343e-41dc-a170-b89eab8fefec</sln:gmIIPId><sln:gmIIPPn>PL.PZGIK.200</sln:gmIIPPn><sln:gmIIPWersja>2012-09-26T22:33:50+02:00</sln:gmIIPWersja><sln:gmIdTeryt>3203023</sln:gmIdTeryt><sln:gmNazwa>Drawsko Pomorskie</sln:gmNazwa><sln:miejscIIPId>6812bffc-9fcd-4966-a7c4-e8f241228b1e</sln:miejscIIPId><sln:miejscIIPPn>PL.PZGIK.200</sln:miejscIIPPn><sln:miejscIIPWersja>2017-04-25T13:33:57+02:00</sln:miejscIIPWersja><sln:miejscIdTeryt>0305811</sln:miejscIdTeryt><sln:miejscNazwa>Zagórki</sln:miejscNazwa><sln:miejscRodzaj>Wieś</sln:miejscRodzaj><sln:powIIPId>3035e433-0a64-4d6e-8d21-c2d38762586c</sln:powIIPId><sln:powIIPPn>PL.PZGIK.200</sln:powIIPPn><sln:powIIPWersja>2012-09-27T10:07:22+02:00</sln:powIIPWersja><sln:powIdTeryt>3203</sln:powIdTeryt><sln:powNazwa>drawski</sln:powNazwa><sln:waznyOd>2010-04-30T00:00:00+02:00</sln:waznyOd><sln:wojIIPId>c3f2202a-b491-49c5-a3af-d581108d939a</sln:wojIIPId><sln:wojIIPPn>PL.PZGIK.200</sln:wojIIPPn><sln:wojIIPWersja>2017-10-10T00:00:00+02:00</sln:wojIIPWersja><sln:wojIdTeryt>32</sln:wojIdTeryt><sln:wojNazwa>zachodniopomorskie</sln:wojNazwa></sln:miejscowosc><sln:miejscowosc><sln:cyklZyciaOd>2017-04-25T00:00:00+02:00</sln:cyklZyciaOd><sln:gmIIPId>3aba244a-343e-41dc-a170-b89eab8fefec</sln:gmIIPId><sln:gmIIPPn>PL.PZGIK.200</sln:gmIIPPn><sln:gmIIPWersja>2012-09-26T22:33:50+02:00</sln:gmIIPWersja><sln:gmIdTeryt>3203023</sln:gmIdTeryt><sln:gmNazwa>Drawsko Pomorskie</sln:gmNazwa><sln:miejscIIPId>1f4f85f6-fdcc-4924-ab47-508a09af77c3</sln:miejscIIPId><sln:miejscIIPPn>PL.PZGIK.200</sln:miejscIIPPn><sln:miejscIIPWersja>2017-04-25T13:33:57+02:00</sln:miejscIIPWersja><sln:miejscIdTeryt>0305828</sln:miejscIdTeryt><sln:miejscNazwa>Zagozd</sln:miejscNazwa><sln:miejscRodzaj>Wieś</sln:miejscRodzaj><sln:powIIPId>3035e433-0a64-4d6e-8d21-c2d38762586c</sln:powIIPId><sln:powIIPPn>PL.PZGIK.200</sln:powIIPPn><sln:powIIPWersja>2012-09-27T10:07:22+02:00</sln:powIIPWersja><sln:powIdTeryt>3203</sln:powIdTeryt><sln:powNazwa>drawski</sln:powNazwa><sln:waznyOd>2010-04-30T00:00:00+02:00</sln:waznyOd><sln:wojIIPId>c3f2202a-b491-49c5-a3af-d581108d939a</sln:wojIIPId><sln:wojIIPPn>PL.PZGIK.200</sln:wojIIPPn><sln:wojIIPWersja>2017-10-10T00:00:00+02:00</sln:wojIIPWersja><sln:wojIdTeryt>32</sln:wojIdTeryt><sln:wojNazwa>zachodniopomorskie</sln:wojNazwa></sln:miejscowosc><sln:miejscowosc><sln:cyklZyciaOd>2017-04-25T00:00:00+02:00</sln:cyklZyciaOd><sln:gmIIPId>3aba244a-343e-41dc-a170-b89eab8fefec</sln:gmIIPId><sln:gmIIPPn>PL.PZGIK.200</sln:gmIIPPn><sln:gmIIPWersja>2012-09-26T22:33:50+02:00</sln:gmIIPWersja><sln:gmIdTeryt>3203023</sln:gmIdTeryt><sln:gmNazwa>Drawsko Pomorskie</sln:gmNazwa><sln:miejscIIPId>9cb102b9-d343-4660-80fd-55147f39f605</sln:miejscIIPId><sln:miejscIIPPn>PL.PZGIK.200</sln:miejscIIPPn><sln:miejscIIPWersja>2017-04-25T13:33:57+02:00</sln:miejscIIPWersja><sln:miejscIdTeryt>0305834</sln:miejscIdTeryt><sln:miejscNazwa>Gajewko</sln:miejscNazwa><sln:miejscRodzaj>Wieś</sln:miejscRodzaj><sln:powIIPId>3035e433-0a64-4d6e-8d21-c2d38762586c</sln:powIIPId><sln:powIIPPn>PL.PZGIK.200</sln:powIIPPn><sln:powIIPWersja>2012-09-27T10:07:22+02:00</sln:powIIPWersja><sln:powIdTeryt>3203</sln:powIdTeryt><sln:powNazwa>drawski</sln:powNazwa><sln:waznyOd>2010-04-30T00:00:00+02:00</sln:waznyOd><sln:wojIIPId>c3f2202a-b491-49c5-a3af-d581108d939a</sln:wojIIPId><sln:wojIIPPn>PL.PZGIK.200</sln:wojIIPPn><sln:wojIIPWersja>2017-10-10T00:00:00+02:00</sln:wojIIPWersja><sln:wojIdTeryt>32</sln:wojIdTeryt><sln:wojNazwa>zachodniopomorskie</sln:wojNazwa></sln:miejscowosc><sln:miejscowosc><sln:cyklZyciaOd>2017-04-25T00:00:00+02:00</sln:cyklZyciaOd><sln:gmIIPId>3aba244a-343e-41dc-a170-b89eab8fefec</sln:gmIIPId><sln:gmIIPPn>PL.PZGIK.200</sln:gmIIPPn><sln:gmIIPWersja>2012-09-26T22:33:50+02:00</sln:gmIIPWersja><sln:gmIdTeryt>3203023</sln:gmIdTeryt><sln:gmNazwa>Drawsko Pomorskie</sln:gmNazwa><sln:miejscIIPId>cda19261-8fe5-45ff-9305-625880ace196</sln:miejscIIPId><sln:miejscIIPPn>PL.PZGIK.200</sln:miejscIIPPn><sln:miejscIIPWersja>2017-04-25T13:33:57+02:00</sln:miejscIIPWersja><sln:miejscIdTeryt>0305840</sln:miejscIdTeryt><sln:miejscNazwa>Gajewo</sln:miejscNazwa><sln:miejscRodzaj>Wieś</sln:miejscRodzaj><sln:powIIPId>3035e433-0a64-4d6e-8d21-c2d38762586c</sln:powIIPId><sln:powIIPPn>PL.PZGIK.200</sln:powIIPPn><sln:powIIPWersja>2012-09-27T10:07:22+02:00</sln:powIIPWersja><sln:powIdTeryt>3203</sln:powIdTeryt><sln:powNazwa>drawski</sln:powNazwa><sln:waznyOd>2010-04-30T00:00:00+02:00</sln:waznyOd><sln:wojIIPId>c3f2202a-b491-49c5-a3af-d581108d939a</sln:wojIIPId><sln:wojIIPPn>PL.PZGIK.200</sln:wojIIPPn><sln:wojIIPWersja>2017-10-10T00:00:00+02:00</sln:wojIIPWersja><sln:wojIdTeryt>32</sln:wojIdTeryt><sln:wojNazwa>zachodniopomorskie</sln:wojNazwa></sln:miejscowosc><sln:miejscowosc><sln:cyklZyciaOd>2017-04-25T00:00:00+02:00</sln:cyklZyciaOd><sln:gmIIPId>3aba244a-343e-41dc-a170-b89eab8fefec</sln:gmIIPId><sln:gmIIPPn>PL.PZGIK.200</sln:gmIIPPn><sln:gmIIPWersja>2012-09-26T22:33:50+02:00</sln:gmIIPWersja><sln:gmIdTeryt>3203023</sln:gmIdTeryt><sln:gmNazwa>Drawsko Pomorskie</sln:gmNazwa><sln:miejscIIPId>b056e482-a6bf-4f28-8fb8-0acd9d161aec</sln:miejscIIPId><sln:miejscIIPPn>PL.PZGIK.200</sln:miejscIIPPn><sln:miejscIIPWersja>2017-04-25T13:33:57+02:00</sln:miejscIIPWersja><sln:miejscIdTeryt>0305857</sln:miejscIdTeryt><sln:miejscNazwa>Golina</sln:miejscNazwa><sln:miejscRodzaj>Osada</sln:miejscRodzaj><sln:powIIPId>3035e433-0a64-4d6e-8d21-c2d38762586c</sln:powIIPId><sln:powIIPPn>PL.PZGIK.200</sln:powIIPPn><sln:powIIPWersja>2012-09-27T10:07:22+02:00</sln:powIIPWersja><sln:powIdTeryt>3203</sln:powIdTeryt><sln:powNazwa>drawski</sln:powNazwa><sln:waznyOd>2010-04-30T00:00:00+02:00</sln:waznyOd><sln:wojIIPId>c3f2202a-b491-49c5-a3af-d581108d939a</sln:wojIIPId><sln:wojIIPPn>PL.PZGIK.200</sln:wojIIPPn><sln:wojIIPWersja>2017-10-10T00:00:00+02:00</sln:wojIIPWersja><sln:wojIdTeryt>32</sln:wojIdTeryt><sln:wojNazwa>zachodniopomorskie</sln:wojNazwa></sln:miejscowosc><sln:miejscowosc><sln:cyklZyciaOd>2017-04-25T00:00:00+02:00</sln:cyklZyciaOd><sln:gmIIPId>3aba244a-343e-41dc-a170-b89eab8fefec</sln:gmIIPId><sln:gmIIPPn>PL.PZGIK.200</sln:gmIIPPn><sln:gmIIPWersja>2012-09-26T22:33:50+02:00</sln:gmIIPWersja><sln:gmIdTeryt>3203023</sln:gmIdTeryt><sln:gmNazwa>Drawsko Pomorskie</sln:gmNazwa><sln:miejscIIPId>d5a17984-62a7-44b6-bae3-34e175c4826c</sln:miejscIIPId><sln:miejscIIPPn>PL.PZGIK.200</sln:miejscIIPPn><sln:miejscIIPWersja>2017-04-25T13:33:57+02:00</sln:miejscIIPWersja><sln:miejscIdTeryt>0305863</sln:miejscIdTeryt><sln:miejscNazwa>Zarańsko</sln:miejscNazwa><sln:miejscRodzaj>Wieś</sln:miejscRodzaj><sln:powIIPId>3035e433-0a64-4d6e-8d21-c2d38762586c</sln:powIIPId><sln:powIIPPn>PL.PZGIK.200</sln:powIIPPn><sln:powIIPWersja>2012-09-27T10:07:22+02:00</sln:powIIPWersja><sln:powIdTeryt>3203</sln:powIdTeryt><sln:powNazwa>drawski</sln:powNazwa><sln:waznyOd>2010-04-30T00:00:00+02:00</sln:waznyOd><sln:wojIIPId>c3f2202a-b491-49c5-a3af-d581108d939a</sln:wojIIPId><sln:wojIIPPn>PL.PZGIK.200</sln:wojIIPPn><sln:wojIIPWersja>2017-10-10T00:00:00+02:00</sln:wojIIPWersja><sln:wojIdTeryt>32</sln:wojIdTeryt><sln:wojNazwa>zachodniopomorskie</sln:wojNazwa></sln:miejscowosc><sln:miejscowosc><sln:cyklZyciaOd>2017-04-25T00:00:00+02:00</sln:cyklZyciaOd><sln:gmIIPId>3aba244a-343e-41dc-a170-b89eab8fefec</sln:gmIIPId><sln:gmIIPPn>PL.PZGIK.200</sln:gmIIPPn><sln:gmIIPWersja>2012-09-26T22:33:50+02:00</sln:gmIIPWersja><sln:gmIdTeryt>3203023</sln:gmIdTeryt><sln:gmNazwa>Drawsko Pomorskie</sln:gmNazwa><sln:miejscIIPId>c8ce15ac-90eb-45ee-bf2f-8ccbfc0028dd</sln:miejscIIPId><sln:miejscIIPPn>PL.PZGIK.200</sln:miejscIIPPn><sln:miejscIIPWersja>2017-04-25T13:33:57+02:00</sln:miejscIIPWersja><sln:miejscIdTeryt>0305886</sln:miejscIdTeryt><sln:miejscNazwa>Roztoki</sln:miejscNazwa><sln:miejscRodzaj>Wieś</sln:miejscRodzaj><sln:powIIPId>3035e433-0a64-4d6e-8d21-c2d38762586c</sln:powIIPId><sln:powIIPPn>PL.PZGIK.200</sln:powIIPPn><sln:powIIPWersja>2012-09-27T10:07:22+02:00</sln:powIIPWersja><sln:powIdTeryt>3203</sln:powIdTeryt><sln:powNazwa>drawski</sln:powNazwa><sln:waznyOd>2010-04-30T00:00:00+02:00</sln:waznyOd><sln:wojIIPId>c3f2202a-b491-49c5-a3af-d581108d939a</sln:wojIIPId><sln:wojIIPPn>PL.PZGIK.200</sln:wojIIPPn><sln:wojIIPWersja>2017-10-10T00:00:00+02:00</sln:wojIIPWersja><sln:wojIdTeryt>32</sln:wojIdTeryt><sln:wojNazwa>zachodniopomorskie</sln:wojNazwa></sln:miejscowosc><sln:miejscowosc><sln:cyklZyciaOd>2017-04-25T00:00:00+02:00</sln:cyklZyciaOd><sln:gmIIPId>3aba244a-343e-41dc-a170-b89eab8fefec</sln:gmIIPId><sln:gmIIPPn>PL.PZGIK.200</sln:gmIIPPn><sln:gmIIPWersja>2012-09-26T22:33:50+02:00</sln:gmIIPWersja><sln:gmIdTeryt>3203023</sln:gmIdTeryt><sln:gmNazwa>Drawsko Pomorskie</sln:gmNazwa><sln:miejscIIPId>e9e48f8c-ec5a-4382-9129-d726d9419437</sln:miejscIIPId><sln:miejscIIPPn>PL.PZGIK.200</sln:miejscIIPPn><sln:miejscIIPWersja>2017-04-25T13:33:57+02:00</sln:miejscIIPWersja><sln:miejscIdTeryt>0305892</sln:miejscIdTeryt><sln:miejscNazwa>Zbrojewo</sln:miejscNazwa><sln:miejscRodzaj>Wieś</sln:miejscRodzaj><sln:powIIPId>3035e433-0a64-4d6e-8d21-c2d38762586c</sln:powIIPId><sln:powIIPPn>PL.PZGIK.200</sln:powIIPPn><sln:powIIPWersja>2012-09-27T10:07:22+02:00</sln:powIIPWersja><sln:powIdTeryt>3203</sln:powIdTeryt><sln:powNazwa>drawski</sln:powNazwa><sln:waznyOd>2010-04-30T00:00:00+02:00</sln:waznyOd><sln:wojIIPId>c3f2202a-b491-49c5-a3af-d581108d939a</sln:wojIIPId><sln:wojIIPPn>PL.PZGIK.200</sln:wojIIPPn><sln:wojIIPWersja>2017-10-10T00:00:00+02:00</sln:wojIIPWersja><sln:wojIdTeryt>32</sln:wojIdTeryt><sln:wojNazwa>zachodniopomorskie</sln:wojNazwa></sln:miejscowosc><sln:miejscowosc><sln:cyklZyciaOd>2017-04-25T00:00:00+02:00</sln:cyklZyciaOd><sln:gmIIPId>3aba244a-343e-41dc-a170-b89eab8fefec</sln:gmIIPId><sln:gmIIPPn>PL.PZGIK.200</sln:gmIIPPn><sln:gmIIPWersja>2012-09-26T22:33:50+02:00</sln:gmIIPWersja><sln:gmIdTeryt>3203023</sln:gmIdTeryt><sln:gmNazwa>Drawsko Pomorskie</sln:gmNazwa><sln:miejscIIPId>1df28d14-58a1-48d8-97ed-56735f9f28d0</sln:miejscIIPId><sln:miejscIIPPn>PL.PZGIK.200</sln:miejscIIPPn><sln:miejscIIPWersja>2017-04-25T13:33:57+02:00</sln:miejscIIPWersja><sln:miejscIdTeryt>0305900</sln:miejscIdTeryt><sln:miejscNazwa>Cianowo</sln:miejscNazwa><sln:miejscRodzaj>Wieś</sln:miejscRodzaj><sln:powIIPId>3035e433-0a64-4d6e-8d21-c2d38762586c</sln:powIIPId><sln:powIIPPn>PL.PZGIK.200</sln:powIIPPn><sln:powIIPWersja>2012-09-27T10:07:22+02:00</sln:powIIPWersja><sln:powIdTeryt>3203</sln:powIdTeryt><sln:powNazwa>drawski</sln:powNazwa><sln:waznyOd>2010-04-30T00:00:00+02:00</sln:waznyOd><sln:wojIIPId>c3f2202a-b491-49c5-a3af-d581108d939a</sln:wojIIPId><sln:wojIIPPn>PL.PZGIK.200</sln:wojIIPPn><sln:wojIIPWersja>2017-10-10T00:00:00+02:00</sln:wojIIPWersja><sln:wojIdTeryt>32</sln:wojIdTeryt><sln:wojNazwa>zachodniopomorskie</sln:wojNazwa></sln:miejscowosc><sln:miejscowosc><sln:cyklZyciaOd>2017-04-25T00:00:00+02:00</sln:cyklZyciaOd><sln:gmIIPId>3aba244a-343e-41dc-a170-b89eab8fefec</sln:gmIIPId><sln:gmIIPPn>PL.PZGIK.200</sln:gmIIPPn><sln:gmIIPWersja>2012-09-26T22:33:50+02:00</sln:gmIIPWersja><sln:gmIdTeryt>3203023</sln:gmIdTeryt><sln:gmNazwa>Drawsko Pomorskie</sln:gmNazwa><sln:miejscIIPId>e939d077-1f2e-4573-be44-b82aa6c3c85b</sln:miejscIIPId><sln:miejscIIPPn>PL.PZGIK.200</sln:miejscIIPPn><sln:miejscIIPWersja>2017-04-25T13:33:57+02:00</sln:miejscIIPWersja><sln:miejscIdTeryt>0305917</sln:miejscIdTeryt><sln:miejscNazwa>Jankowo</sln:miejscNazwa><sln:miejscRodzaj>Wieś</sln:miejscRodzaj><sln:powIIPId>3035e433-0a64-4d6e-8d21-c2d38762586c</sln:powIIPId><sln:powIIPPn>PL.PZGIK.200</sln:powIIPPn><sln:powIIPWersja>2012-09-27T10:07:22+02:00</sln:powIIPWersja><sln:powIdTeryt>3203</sln:powIdTeryt><sln:powNazwa>drawski</sln:powNazwa><sln:waznyOd>2010-04-30T00:00:00+02:00</sln:waznyOd><sln:wojIIPId>c3f2202a-b491-49c5-a3af-d581108d939a</sln:wojIIPId><sln:wojIIPPn>PL.PZGIK.200</sln:wojIIPPn><sln:wojIIPWersja>2017-10-10T00:00:00+02:00</sln:wojIIPWersja><sln:wojIdTeryt>32</sln:wojIdTeryt><sln:wojNazwa>zachodniopomorskie</sln:wojNazwa></sln:miejscowosc><sln:miejscowosc><sln:cyklZyciaOd>2017-04-25T00:00:00+02:00</sln:cyklZyciaOd><sln:gmIIPId>3aba244a-343e-41dc-a170-b89eab8fefec</sln:gmIIPId><sln:gmIIPPn>PL.PZGIK.200</sln:gmIIPPn><sln:gmIIPWersja>2012-09-26T22:33:50+02:00</sln:gmIIPWersja><sln:gmIdTeryt>3203023</sln:gmIdTeryt><sln:gmNazwa>Drawsko Pomorskie</sln:gmNazwa><sln:miejscIIPId>f7422ae2-bba8-4e31-bc80-48c0f690d763</sln:miejscIIPId><sln:miejscIIPPn>PL.PZGIK.200</sln:miejscIIPPn><sln:miejscIIPWersja>2017-04-25T13:33:58+02:00</sln:miejscIIPWersja><sln:miejscIdTeryt>0305923</sln:miejscIdTeryt><sln:miejscNazwa>Krzynno</sln:miejscNazwa><sln:miejscRodzaj>Osada</sln:miejscRodzaj><sln:powIIPId>3035e433-0a64-4d6e-8d21-c2d38762586c</sln:powIIPId><sln:powIIPPn>PL.PZGIK.200</sln:powIIPPn><sln:powIIPWersja>2012-09-27T10:07:22+02:00</sln:powIIPWersja><sln:powIdTeryt>3203</sln:powIdTeryt><sln:powNazwa>drawski</sln:powNazwa><sln:waznyOd>2010-04-30T00:00:00+02:00</sln:waznyOd><sln:wojIIPId>c3f2202a-b491-49c5-a3af-d581108d939a</sln:wojIIPId><sln:wojIIPPn>PL.PZGIK.200</sln:wojIIPPn><sln:wojIIPWersja>2017-10-10T00:00:00+02:00</sln:wojIIPWersja><sln:wojIdTeryt>32</sln:wojIdTeryt><sln:wojNazwa>zachodniopomorskie</sln:wojNazwa></sln:miejscowosc><sln:miejscowosc><sln:cyklZyciaOd>2017-04-25T00:00:00+02:00</sln:cyklZyciaOd><sln:gmIIPId>3aba244a-343e-41dc-a170-b89eab8fefec</sln:gmIIPId><sln:gmIIPPn>PL.PZGIK.200</sln:gmIIPPn><sln:gmIIPWersja>2012-09-26T22:33:50+02:00</sln:gmIIPWersja><sln:gmIdTeryt>3203023</sln:gmIdTeryt><sln:gmNazwa>Drawsko Pomorskie</sln:gmNazwa><sln:miejscIIPId>3c4f9687-91c7-4b47-894a-6c586baa299e</sln:miejscIIPId><sln:miejscIIPPn>PL.PZGIK.200</sln:miejscIIPPn><sln:miejscIIPWersja>2017-04-25T13:33:58+02:00</sln:miejscIIPWersja><sln:miejscIdTeryt>0305930</sln:miejscIdTeryt><sln:miejscNazwa>Kumki</sln:miejscNazwa><sln:miejscRodzaj>Wieś</sln:miejscRodzaj><sln:powIIPId>3035e433-0a64-4d6e-8d21-c2d38762586c</sln:powIIPId><sln:powIIPPn>PL.PZGIK.200</sln:powIIPPn><sln:powIIPWersja>2012-09-27T10:07:22+02:00</sln:powIIPWersja><sln:powIdTeryt>3203</sln:powIdTeryt><sln:powNazwa>drawski</sln:powNazwa><sln:waznyOd>2010-04-30T00:00:00+02:00</sln:waznyOd><sln:wojIIPId>c3f2202a-b491-49c5-a3af-d581108d939a</sln:wojIIPId><sln:wojIIPPn>PL.PZGIK.200</sln:wojIIPPn><sln:wojIIPWersja>2017-10-10T00:00:00+02:00</sln:wojIIPWersja><sln:wojIdTeryt>32</sln:wojIdTeryt><sln:wojNazwa>zachodniopomorskie</sln:wojNazwa></sln:miejscowosc><sln:miejscowosc><sln:cyklZyciaOd>2017-04-25T00:00:00+02:00</sln:cyklZyciaOd><sln:gmIIPId>3aba244a-343e-41dc-a170-b89eab8fefec</sln:gmIIPId><sln:gmIIPPn>PL.PZGIK.200</sln:gmIIPPn><sln:gmIIPWersja>2012-09-26T22:33:50+02:00</sln:gmIIPWersja><sln:gmIdTeryt>3203023</sln:gmIdTeryt><sln:gmNazwa>Drawsko Pomorskie</sln:gmNazwa><sln:miejscIIPId>17169143-9638-49fc-81ef-94a24f8a2c98</sln:miejscIIPId><sln:miejscIIPPn>PL.PZGIK.200</sln:miejscIIPPn><sln:miejscIIPWersja>2017-04-25T13:33:58+02:00</sln:miejscIIPWersja><sln:miejscIdTeryt>0305946</sln:miejscIdTeryt><sln:miejscNazwa>Ustok</sln:miejscNazwa><sln:miejscRodzaj>Wieś</sln:miejscRodzaj><sln:powIIPId>3035e433-0a64-4d6e-8d21-c2d38762586c</sln:powIIPId><sln:powIIPPn>PL.PZGIK.200</sln:powIIPPn><sln:powIIPWersja>2012-09-27T10:07:22+02:00</sln:powIIPWersja><sln:powIdTeryt>3203</sln:powIdTeryt><sln:powNazwa>drawski</sln:powNazwa><sln:waznyOd>2010-04-30T00:00:00+02:00</sln:waznyOd><sln:wojIIPId>c3f2202a-b491-49c5-a3af-d581108d939a</sln:wojIIPId><sln:wojIIPPn>PL.PZGIK.200</sln:wojIIPPn><sln:wojIIPWersja>2017-10-10T00:00:00+02:00</sln:wojIIPWersja><sln:wojIdTeryt>32</sln:wojIdTeryt><sln:wojNazwa>zachodniopomorskie</sln:wojNazwa></sln:miejscowosc><sln:miejscowosc><sln:cyklZyciaOd>2017-04-25T00:00:00+02:00</sln:cyklZyciaOd><sln:gmIIPId>3aba244a-343e-41dc-a170-b89eab8fefec</sln:gmIIPId><sln:gmIIPPn>PL.PZGIK.200</sln:gmIIPPn><sln:gmIIPWersja>2012-09-26T22:33:50+02:00</sln:gmIIPWersja><sln:gmIdTeryt>3203023</sln:gmIdTeryt><sln:gmNazwa>Drawsko Pomorskie</sln:gmNazwa><sln:miejscIIPId>db422aca-5151-4643-8822-fdb2059fa1d6</sln:miejscIIPId><sln:miejscIIPPn>PL.PZGIK.200</sln:miejscIIPPn><sln:miejscIIPWersja>2017-04-25T13:33:58+02:00</sln:miejscIIPWersja><sln:miejscIdTeryt>0305952</sln:miejscIdTeryt><sln:miejscNazwa>Żółte</sln:miejscNazwa><sln:miejscRodzaj>Wieś</sln:miejscRodzaj><sln:powIIPId>3035e433-0a64-4d6e-8d21-c2d38762586c</sln:powIIPId><sln:powIIPPn>PL.PZGIK.200</sln:powIIPPn><sln:powIIPWersja>2012-09-27T10:07:22+02:00</sln:powIIPWersja><sln:powIdTeryt>3203</sln:powIdTeryt><sln:powNazwa>drawski</sln:powNazwa><sln:waznyOd>2010-04-30T00:00:00+02:00</sln:waznyOd><sln:wojIIPId>c3f2202a-b491-49c5-a3af-d581108d939a</sln:wojIIPId><sln:wojIIPPn>PL.PZGIK.200</sln:wojIIPPn><sln:wojIIPWersja>2017-10-10T00:00:00+02:00</sln:wojIIPWersja><sln:wojIdTeryt>32</sln:wojIdTeryt><sln:wojNazwa>zachodniopomorskie</sln:wojNazwa></sln:miejscowosc><sln:miejscowosc><sln:cyklZyciaOd>2017-04-25T00:00:00+02:00</sln:cyklZyciaOd><sln:gmIIPId>3aba244a-343e-41dc-a170-b89eab8fefec</sln:gmIIPId><sln:gmIIPPn>PL.PZGIK.200</sln:gmIIPPn><sln:gmIIPWersja>2012-09-26T22:33:50+02:00</sln:gmIIPWersja><sln:gmIdTeryt>3203023</sln:gmIdTeryt><sln:gmNazwa>Drawsko Pomorskie</sln:gmNazwa><sln:miejscIIPId>44e682ea-37cf-429b-9e14-c5c885174786</sln:miejscIIPId><sln:miejscIIPPn>PL.PZGIK.200</sln:miejscIIPPn><sln:miejscIIPWersja>2017-04-25T13:33:58+02:00</sln:miejscIIPWersja><sln:miejscIdTeryt>0305969</sln:miejscIdTeryt><sln:miejscNazwa>Olchowiec</sln:miejscNazwa><sln:miejscRodzaj>Wieś</sln:miejscRodzaj><sln:powIIPId>3035e433-0a64-4d6e-8d21-c2d38762586c</sln:powIIPId><sln:powIIPPn>PL.PZGIK.200</sln:powIIPPn><sln:powIIPWersja>2012-09-27T10:07:22+02:00</sln:powIIPWersja><sln:powIdTeryt>3203</sln:powIdTeryt><sln:powNazwa>drawski</sln:powNazwa><sln:waznyOd>2010-04-30T00:00:00+02:00</sln:waznyOd><sln:wojIIPId>c3f2202a-b491-49c5-a3af-d581108d939a</sln:wojIIPId><sln:wojIIPPn>PL.PZGIK.200</sln:wojIIPPn><sln:wojIIPWersja>2017-10-10T00:00:00+02:00</sln:wojIIPWersja><sln:wojIdTeryt>32</sln:wojIdTeryt><sln:wojNazwa>zachodniopomorskie</sln:wojNazwa></sln:miejscowosc><sln:miejscowosc><sln:cyklZyciaOd>2017-04-25T00:00:00+02:00</sln:cyklZyciaOd><sln:gmIIPId>3aba244a-343e-41dc-a170-b89eab8fefec</sln:gmIIPId><sln:gmIIPPn>PL.PZGIK.200</sln:gmIIPPn><sln:gmIIPWersja>2012-09-26T22:33:50+02:00</sln:gmIIPWersja><sln:gmIdTeryt>3203023</sln:gmIdTeryt><sln:gmNazwa>Drawsko Pomorskie</sln:gmNazwa><sln:miejscIIPId>2d0d3ecb-0de9-4ebe-94ac-89af536d3038</sln:miejscIIPId><sln:miejscIIPPn>PL.PZGIK.200</sln:miejscIIPPn><sln:miejscIIPWersja>2017-04-25T13:33:58+02:00</sln:miejscIIPWersja><sln:miejscIdTeryt>0305975</sln:miejscIdTeryt><sln:miejscNazwa>Żółcin</sln:miejscNazwa><sln:miejscRodzaj>Osada</sln:miejscRodzaj><sln:powIIPId>3035e433-0a64-4d6e-8d21-c2d38762586c</sln:powIIPId><sln:powIIPPn>PL.PZGIK.200</sln:powIIPPn><sln:powIIPWersja>2012-09-27T10:07:22+02:00</sln:powIIPWersja><sln:powIdTeryt>3203</sln:powIdTeryt><sln:powNazwa>drawski</sln:powNazwa><sln:waznyOd>2010-04-30T00:00:00+02:00</sln:waznyOd><sln:wojIIPId>c3f2202a-b491-49c5-a3af-d581108d939a</sln:wojIIPId><sln:wojIIPPn>PL.PZGIK.200</sln:wojIIPPn><sln:wojIIPWersja>2017-10-10T00:00:00+02:00</sln:wojIIPWersja><sln:wojIdTeryt>32</sln:wojIdTeryt><sln:wojNazwa>zachodniopomorskie</sln:wojNazwa></sln:miejscowosc><sln:miejscowosc><sln:cyklZyciaOd>2017-04-25T00:00:00+02:00</sln:cyklZyciaOd><sln:gmIIPId>3aba244a-343e-41dc-a170-b89eab8fefec</sln:gmIIPId><sln:gmIIPPn>PL.PZGIK.200</sln:gmIIPPn><sln:gmIIPWersja>2012-09-26T22:33:50+02:00</sln:gmIIPWersja><sln:gmIdTeryt>3203023</sln:gmIdTeryt><sln:gmNazwa>Drawsko Pomorskie</sln:gmNazwa><sln:miejscIIPId>a3d791cc-cf6c-4a09-a2ad-6c5bb66d12a5</sln:miejscIIPId><sln:miejscIIPPn>PL.PZGIK.200</sln:miejscIIPPn><sln:miejscIIPWersja>2017-04-25T13:33:58+02:00</sln:miejscIIPWersja><sln:miejscIdTeryt>0949862</sln:miejscIdTeryt><sln:miejscNazwa>Drawsko Pomorskie</sln:miejscNazwa><sln:miejscRodzaj>Miasto</sln:miejscRodzaj><sln:powIIPId>3035e433-0a64-4d6e-8d21-c2d38762586c</sln:powIIPId><sln:powIIPPn>PL.PZGIK.200</sln:powIIPPn><sln:powIIPWersja>2012-09-27T10:07:22+02:00</sln:powIIPWersja><sln:powIdTeryt>3203</sln:powIdTeryt><sln:powNazwa>drawski</sln:powNazwa><sln:waznyOd>2010-04-30T00:00:00+02:00</sln:waznyOd><sln:wojIIPId>c3f2202a-b491-49c5-a3af-d581108d939a</sln:wojIIPId><sln:wojIIPPn>PL.PZGIK.200</sln:wojIIPPn><sln:wojIIPWersja>2017-10-10T00:00:00+02:00</sln:wojIIPWersja><sln:wojIdTeryt>32</sln:wojIdTeryt><sln:wojNazwa>zachodniopomorskie</sln:wojNazwa></sln:miejscowosc></sln:lista-miejscowosci>