<?xml version="1.0" encoding="UTF-8" standalone="yes"?><sln:lista-miejscowosci xmlns:srv="http://gugik.gov.pl/schemas/slowniki-service/1.0" xmlns:sln="http://gugik.gov.pl/schemas/slowniki-schema/1.0"><sln:miejscowosc><sln:cyklZyciaDo>2017-04-03T00:00:00+02:00</sln:cyklZyciaDo><sln:cyklZyciaOd>2015-03-06T00:00:00+01:00</sln:cyklZyciaOd><sln:gmIIPId>f3535d28-7251-4b68-b534-c815f3f89259</sln:gmIIPId><sln:gmIIPPn>PL.PZGIK.200</sln:gmIIPPn><sln:gmIIPWersja>2012-09-26T22:34:52+02:00</sln:gmIIPWersja><sln:gmIdTeryt>3215011</sln:gmIdTeryt><sln:gmNazwa>Szczecinek</sln:gmNazwa><sln:miejscIIPId>7c83124a-81f2-477f-bfe3-186525785c6b</sln:miejscIIPId><sln:miejscIIPPn>PL.PZGIK.200</sln:miejscIIPPn><sln:miejscIIPWersja>2016-11-24T13:16:50+02:00</sln:miejscIIPWersja><sln:miejscIdTeryt>0950262</sln:miejscIdTeryt><sln:miejscNazwa>Szczecinek</sln:miejscNazwa><sln:miejscRodzaj>Inny obiekt</sln:miejscRodzaj><sln:powIIPId>fc0bca5a-2158-46aa-8904-d8583c5ac4ef</sln:powIIPId><sln:powIIPPn>PL.PZGIK.200</sln:powIIPPn><sln:powIIPWersja>2012-09-27T10:07:22+02:00</sln:powIIPWersja><sln:powIdTeryt>3215</sln:powIdTeryt><sln:powNazwa>szczecinecki</sln:powNazwa><sln:waznyOd>2010-04-19T00:00:00+02:00</sln:waznyOd><sln:wojIIPId>c3f2202a-b491-49c5-a3af-d581108d939a</sln:wojIIPId><sln:wojIIPPn>PL.PZGIK.200</sln:wojIIPPn><sln:wojIIPWersja>2017-10-10T00:00:00+02:00</sln:wojIIPWersja><sln:wojIdTeryt>32</sln:wojIdTeryt><sln:wojNazwa>zachodniopomorskie</sln:wojNazwa></sln:miejscowosc><sln:miejscowosc><sln:cyklZyciaOd>2017-04-03T00:00:00+02:00</sln:cyklZyciaOd><sln:gmIIPId>f3535d28-7251-4b68-b534-c815f3f89259</sln:gmIIPId><sln:gmIIPPn>PL.PZGIK.200</sln:gmIIPPn><sln:gmIIPWersja>2012-09-26T22:34:52+02:00</sln:gmIIPWersja><sln:gmIdTeryt>3215011</sln:gmIdTeryt><sln:gmNazwa>Szczecinek</sln:gmNazwa><sln:miejscIIPId>7c83124a-81f2-477f-bfe3-186525785c6b</sln:miejscIIPId><sln:miejscIIPPn>PL.PZGIK.200</sln:miejscIIPPn><sln:miejscIIPWersja>2017-04-03T12:01:01+02:00</sln:miejscIIPWersja><sln:miejscIdTeryt>0950262</sln:miejscIdTeryt><sln:miejscNazwa>Szczecinek</sln:miejscNazwa><sln:miejscRodzaj>Miasto</sln:miejscRodzaj><sln:powIIPId>fc0bca5a-2158-46aa-8904-d8583c5ac4ef</sln:powIIPId><sln:powIIPPn>PL.PZGIK.200</sln:powIIPPn><sln:powIIPWersja>2012-09-27T10:07:22+02:00</sln:powIIPWersja><sln:powIdTeryt>3215</sln:powIdTeryt><sln:powNazwa>szczecinecki</sln:powNazwa><sln:waznyOd>2010-04-19T00:00:00+02:00</sln:waznyOd><sln:wojIIPId>c3f2202a-b491-49c5-a3af-d581108d939a</sln:wojIIPId><sln:wojIIPPn>PL.PZGIK.200</sln:wojIIPPn><sln:wojIIPWersja>2017-10-10T00:00:00+02:00</sln:wojIIPWersja><sln:wojIdTeryt>32</sln:wojIdTeryt><sln:wojNazwa>zachodniopomorskie</sln:wojNazwa></sln:miejscowosc></sln:lista-miejscowosci>