<?xml version="1.0" encoding="UTF-8" standalone="yes"?><sln:lista-miejscowosci xmlns:srv="http://gugik.gov.pl/schemas/slowniki-service/1.0" xmlns:sln="http://gugik.gov.pl/schemas/slowniki-schema/1.0"><sln:miejscowosc><sln:cyklZyciaDo>2017-04-03T00:00:00+02:00</sln:cyklZyciaDo><sln:cyklZyciaOd>2015-10-21T00:00:00+02:00</sln:cyklZyciaOd><sln:gmIIPId>29beead0-67df-4537-9428-ad7251ed5fe6</sln:gmIIPId><sln:gmIIPPn>PL.PZGIK.200</sln:gmIIPPn><sln:gmIIPWersja>2012-09-26T22:34:28+02:00</sln:gmIIPWersja><sln:gmIdTeryt>3211022</sln:gmIdTeryt><sln:gmNazwa>Kołbaskowo</sln:gmNazwa><sln:miejscIIPId>71eede55-d7ac-4fc8-8a40-dbbc03070d69</sln:miejscIIPId><sln:miejscIIPPn>PL.PZGIK.200</sln:miejscIIPPn><sln:miejscIIPWersja>2016-11-24T12:43:10+02:00</sln:miejscIIPWersja><sln:miejscIdTeryt>0777734</sln:miejscIdTeryt><sln:miejscNazwa>Barnisław</sln:miejscNazwa><sln:miejscRodzaj>Wieś</sln:miejscRodzaj><sln:powIIPId>c37bd998-ab49-436d-8b00-f783df29346e</sln:powIIPId><sln:powIIPPn>PL.PZGIK.200</sln:powIIPPn><sln:powIIPWersja>2012-09-27T10:07:22+02:00</sln:powIIPWersja><sln:powIdTeryt>3211</sln:powIdTeryt><sln:powNazwa>policki</sln:powNazwa><sln:waznyOd>2011-04-01T00:00:00+02:00</sln:waznyOd><sln:wojIIPId>c3f2202a-b491-49c5-a3af-d581108d939a</sln:wojIIPId><sln:wojIIPPn>PL.PZGIK.200</sln:wojIIPPn><sln:wojIIPWersja>2017-10-10T00:00:00+02:00</sln:wojIIPWersja><sln:wojIdTeryt>32</sln:wojIdTeryt><sln:wojNazwa>zachodniopomorskie</sln:wojNazwa></sln:miejscowosc><sln:miejscowosc><sln:cyklZyciaDo>2017-04-03T00:00:00+02:00</sln:cyklZyciaDo><sln:cyklZyciaOd>2015-10-21T00:00:00+02:00</sln:cyklZyciaOd><sln:gmIIPId>29beead0-67df-4537-9428-ad7251ed5fe6</sln:gmIIPId><sln:gmIIPPn>PL.PZGIK.200</sln:gmIIPPn><sln:gmIIPWersja>2012-09-26T22:34:28+02:00</sln:gmIIPWersja><sln:gmIdTeryt>3211022</sln:gmIdTeryt><sln:gmNazwa>Kołbaskowo</sln:gmNazwa><sln:miejscIIPId>3694240f-06b5-4328-95a1-934cfe73bcf6</sln:miejscIIPId><sln:miejscIIPPn>PL.PZGIK.200</sln:miejscIIPPn><sln:miejscIIPWersja>2016-11-24T12:43:10+02:00</sln:miejscIIPWersja><sln:miejscIdTeryt>0777740</sln:miejscIdTeryt><sln:miejscNazwa>Będargowo</sln:miejscNazwa><sln:miejscRodzaj>Wieś</sln:miejscRodzaj><sln:powIIPId>c37bd998-ab49-436d-8b00-f783df29346e</sln:powIIPId><sln:powIIPPn>PL.PZGIK.200</sln:powIIPPn><sln:powIIPWersja>2012-09-27T10:07:22+02:00</sln:powIIPWersja><sln:powIdTeryt>3211</sln:powIdTeryt><sln:powNazwa>policki</sln:powNazwa><sln:waznyOd>2011-04-01T00:00:00+02:00</sln:waznyOd><sln:wojIIPId>c3f2202a-b491-49c5-a3af-d581108d939a</sln:wojIIPId><sln:wojIIPPn>PL.PZGIK.200</sln:wojIIPPn><sln:wojIIPWersja>2017-10-10T00:00:00+02:00</sln:wojIIPWersja><sln:wojIdTeryt>32</sln:wojIdTeryt><sln:wojNazwa>zachodniopomorskie</sln:wojNazwa></sln:miejscowosc><sln:miejscowosc><sln:cyklZyciaDo>2017-04-03T00:00:00+02:00</sln:cyklZyciaDo><sln:cyklZyciaOd>2015-10-21T00:00:00+02:00</sln:cyklZyciaOd><sln:gmIIPId>29beead0-67df-4537-9428-ad7251ed5fe6</sln:gmIIPId><sln:gmIIPPn>PL.PZGIK.200</sln:gmIIPPn><sln:gmIIPWersja>2012-09-26T22:34:28+02:00</sln:gmIIPWersja><sln:gmIdTeryt>3211022</sln:gmIdTeryt><sln:gmNazwa>Kołbaskowo</sln:gmNazwa><sln:miejscIIPId>c45f46e0-3f45-4a64-a2ec-375e4913feee</sln:miejscIIPId><sln:miejscIIPPn>PL.PZGIK.200</sln:miejscIIPPn><sln:miejscIIPWersja>2016-11-24T12:43:10+02:00</sln:miejscIIPWersja><sln:miejscIdTeryt>0777757</sln:miejscIdTeryt><sln:miejscNazwa>Bobolin</sln:miejscNazwa><sln:miejscRodzaj>Osada</sln:miejscRodzaj><sln:powIIPId>c37bd998-ab49-436d-8b00-f783df29346e</sln:powIIPId><sln:powIIPPn>PL.PZGIK.200</sln:powIIPPn><sln:powIIPWersja>2012-09-27T10:07:22+02:00</sln:powIIPWersja><sln:powIdTeryt>3211</sln:powIdTeryt><sln:powNazwa>policki</sln:powNazwa><sln:waznyOd>2011-04-01T00:00:00+02:00</sln:waznyOd><sln:wojIIPId>c3f2202a-b491-49c5-a3af-d581108d939a</sln:wojIIPId><sln:wojIIPPn>PL.PZGIK.200</sln:wojIIPPn><sln:wojIIPWersja>2017-10-10T00:00:00+02:00</sln:wojIIPWersja><sln:wojIdTeryt>32</sln:wojIdTeryt><sln:wojNazwa>zachodniopomorskie</sln:wojNazwa></sln:miejscowosc><sln:miejscowosc><sln:cyklZyciaDo>2017-04-03T00:00:00+02:00</sln:cyklZyciaDo><sln:cyklZyciaOd>2015-10-21T00:00:00+02:00</sln:cyklZyciaOd><sln:gmIIPId>29beead0-67df-4537-9428-ad7251ed5fe6</sln:gmIIPId><sln:gmIIPPn>PL.PZGIK.200</sln:gmIIPPn><sln:gmIIPWersja>2012-09-26T22:34:28+02:00</sln:gmIIPWersja><sln:gmIdTeryt>3211022</sln:gmIdTeryt><sln:gmNazwa>Kołbaskowo</sln:gmNazwa><sln:miejscIIPId>3734f850-41db-4ea6-9c73-93bc89466c30</sln:miejscIIPId><sln:miejscIIPPn>PL.PZGIK.200</sln:miejscIIPPn><sln:miejscIIPWersja>2016-11-24T12:43:10+02:00</sln:miejscIIPWersja><sln:miejscIdTeryt>0777763</sln:miejscIdTeryt><sln:miejscNazwa>Kamieniec</sln:miejscNazwa><sln:miejscRodzaj>Wieś</sln:miejscRodzaj><sln:powIIPId>c37bd998-ab49-436d-8b00-f783df29346e</sln:powIIPId><sln:powIIPPn>PL.PZGIK.200</sln:powIIPPn><sln:powIIPWersja>2012-09-27T10:07:22+02:00</sln:powIIPWersja><sln:powIdTeryt>3211</sln:powIdTeryt><sln:powNazwa>policki</sln:powNazwa><sln:waznyOd>2011-04-01T00:00:00+02:00</sln:waznyOd><sln:wojIIPId>c3f2202a-b491-49c5-a3af-d581108d939a</sln:wojIIPId><sln:wojIIPPn>PL.PZGIK.200</sln:wojIIPPn><sln:wojIIPWersja>2017-10-10T00:00:00+02:00</sln:wojIIPWersja><sln:wojIdTeryt>32</sln:wojIdTeryt><sln:wojNazwa>zachodniopomorskie</sln:wojNazwa></sln:miejscowosc><sln:miejscowosc><sln:cyklZyciaDo>2017-04-03T00:00:00+02:00</sln:cyklZyciaDo><sln:cyklZyciaOd>2015-10-21T00:00:00+02:00</sln:cyklZyciaOd><sln:gmIIPId>29beead0-67df-4537-9428-ad7251ed5fe6</sln:gmIIPId><sln:gmIIPPn>PL.PZGIK.200</sln:gmIIPPn><sln:gmIIPWersja>2012-09-26T22:34:28+02:00</sln:gmIIPWersja><sln:gmIdTeryt>3211022</sln:gmIdTeryt><sln:gmNazwa>Kołbaskowo</sln:gmNazwa><sln:miejscIIPId>2c7fb480-1cc8-40f4-afef-9626b348143c</sln:miejscIIPId><sln:miejscIIPPn>PL.PZGIK.200</sln:miejscIIPPn><sln:miejscIIPWersja>2016-11-24T12:43:10+02:00</sln:miejscIIPWersja><sln:miejscIdTeryt>0777817</sln:miejscIdTeryt><sln:miejscNazwa>Kamionki</sln:miejscNazwa><sln:miejscRodzaj>Przysiółek</sln:miejscRodzaj><sln:powIIPId>c37bd998-ab49-436d-8b00-f783df29346e</sln:powIIPId><sln:powIIPPn>PL.PZGIK.200</sln:powIIPPn><sln:powIIPWersja>2012-09-27T10:07:22+02:00</sln:powIIPWersja><sln:powIdTeryt>3211</sln:powIdTeryt><sln:powNazwa>policki</sln:powNazwa><sln:waznyOd>2011-04-01T00:00:00+02:00</sln:waznyOd><sln:wojIIPId>c3f2202a-b491-49c5-a3af-d581108d939a</sln:wojIIPId><sln:wojIIPPn>PL.PZGIK.200</sln:wojIIPPn><sln:wojIIPWersja>2017-10-10T00:00:00+02:00</sln:wojIIPWersja><sln:wojIdTeryt>32</sln:wojIdTeryt><sln:wojNazwa>zachodniopomorskie</sln:wojNazwa></sln:miejscowosc><sln:miejscowosc><sln:cyklZyciaDo>2017-04-03T00:00:00+02:00</sln:cyklZyciaDo><sln:cyklZyciaOd>2015-10-21T00:00:00+02:00</sln:cyklZyciaOd><sln:gmIIPId>29beead0-67df-4537-9428-ad7251ed5fe6</sln:gmIIPId><sln:gmIIPPn>PL.PZGIK.200</sln:gmIIPPn><sln:gmIIPWersja>2012-09-26T22:34:28+02:00</sln:gmIIPWersja><sln:gmIdTeryt>3211022</sln:gmIdTeryt><sln:gmNazwa>Kołbaskowo</sln:gmNazwa><sln:miejscIIPId>0fa5e4b3-0f4d-4339-9dd1-2026a9994180</sln:miejscIIPId><sln:miejscIIPPn>PL.PZGIK.200</sln:miejscIIPPn><sln:miejscIIPWersja>2016-11-24T12:43:10+02:00</sln:miejscIIPWersja><sln:miejscIdTeryt>0777770</sln:miejscIdTeryt><sln:miejscNazwa>Karwowo</sln:miejscNazwa><sln:miejscRodzaj>Wieś</sln:miejscRodzaj><sln:powIIPId>c37bd998-ab49-436d-8b00-f783df29346e</sln:powIIPId><sln:powIIPPn>PL.PZGIK.200</sln:powIIPPn><sln:powIIPWersja>2012-09-27T10:07:22+02:00</sln:powIIPWersja><sln:powIdTeryt>3211</sln:powIdTeryt><sln:powNazwa>policki</sln:powNazwa><sln:waznyOd>2011-04-01T00:00:00+02:00</sln:waznyOd><sln:wojIIPId>c3f2202a-b491-49c5-a3af-d581108d939a</sln:wojIIPId><sln:wojIIPPn>PL.PZGIK.200</sln:wojIIPPn><sln:wojIIPWersja>2017-10-10T00:00:00+02:00</sln:wojIIPWersja><sln:wojIdTeryt>32</sln:wojIdTeryt><sln:wojNazwa>zachodniopomorskie</sln:wojNazwa></sln:miejscowosc><sln:miejscowosc><sln:cyklZyciaDo>2017-04-03T00:00:00+02:00</sln:cyklZyciaDo><sln:cyklZyciaOd>2015-10-21T00:00:00+02:00</sln:cyklZyciaOd><sln:gmIIPId>29beead0-67df-4537-9428-ad7251ed5fe6</sln:gmIIPId><sln:gmIIPPn>PL.PZGIK.200</sln:gmIIPPn><sln:gmIIPWersja>2012-09-26T22:34:28+02:00</sln:gmIIPWersja><sln:gmIdTeryt>3211022</sln:gmIdTeryt><sln:gmNazwa>Kołbaskowo</sln:gmNazwa><sln:miejscIIPId>2af18787-26b8-40c0-9ac9-341502b56d31</sln:miejscIIPId><sln:miejscIIPPn>PL.PZGIK.200</sln:miejscIIPPn><sln:miejscIIPWersja>2016-11-24T12:43:10+02:00</sln:miejscIIPWersja><sln:miejscIdTeryt>0777786</sln:miejscIdTeryt><sln:miejscNazwa>Kołbaskowo</sln:miejscNazwa><sln:miejscRodzaj>Wieś</sln:miejscRodzaj><sln:powIIPId>c37bd998-ab49-436d-8b00-f783df29346e</sln:powIIPId><sln:powIIPPn>PL.PZGIK.200</sln:powIIPPn><sln:powIIPWersja>2012-09-27T10:07:22+02:00</sln:powIIPWersja><sln:powIdTeryt>3211</sln:powIdTeryt><sln:powNazwa>policki</sln:powNazwa><sln:waznyOd>2011-04-01T00:00:00+02:00</sln:waznyOd><sln:wojIIPId>c3f2202a-b491-49c5-a3af-d581108d939a</sln:wojIIPId><sln:wojIIPPn>PL.PZGIK.200</sln:wojIIPPn><sln:wojIIPWersja>2017-10-10T00:00:00+02:00</sln:wojIIPWersja><sln:wojIdTeryt>32</sln:wojIdTeryt><sln:wojNazwa>zachodniopomorskie</sln:wojNazwa></sln:miejscowosc><sln:miejscowosc><sln:cyklZyciaDo>2017-04-03T00:00:00+02:00</sln:cyklZyciaDo><sln:cyklZyciaOd>2015-10-21T00:00:00+02:00</sln:cyklZyciaOd><sln:gmIIPId>29beead0-67df-4537-9428-ad7251ed5fe6</sln:gmIIPId><sln:gmIIPPn>PL.PZGIK.200</sln:gmIIPPn><sln:gmIIPWersja>2012-09-26T22:34:28+02:00</sln:gmIIPWersja><sln:gmIdTeryt>3211022</sln:gmIdTeryt><sln:gmNazwa>Kołbaskowo</sln:gmNazwa><sln:miejscIIPId>76ca3a00-21e4-470d-8403-d61200ff0795</sln:miejscIIPId><sln:miejscIIPPn>PL.PZGIK.200</sln:miejscIIPPn><sln:miejscIIPWersja>2016-11-24T12:43:10+02:00</sln:miejscIIPWersja><sln:miejscIdTeryt>0777792</sln:miejscIdTeryt><sln:miejscNazwa>Kurów</sln:miejscNazwa><sln:miejscRodzaj>Wieś</sln:miejscRodzaj><sln:powIIPId>c37bd998-ab49-436d-8b00-f783df29346e</sln:powIIPId><sln:powIIPPn>PL.PZGIK.200</sln:powIIPPn><sln:powIIPWersja>2012-09-27T10:07:22+02:00</sln:powIIPWersja><sln:powIdTeryt>3211</sln:powIdTeryt><sln:powNazwa>policki</sln:powNazwa><sln:waznyOd>2011-04-01T00:00:00+02:00</sln:waznyOd><sln:wojIIPId>c3f2202a-b491-49c5-a3af-d581108d939a</sln:wojIIPId><sln:wojIIPPn>PL.PZGIK.200</sln:wojIIPPn><sln:wojIIPWersja>2017-10-10T00:00:00+02:00</sln:wojIIPWersja><sln:wojIdTeryt>32</sln:wojIdTeryt><sln:wojNazwa>zachodniopomorskie</sln:wojNazwa></sln:miejscowosc><sln:miejscowosc><sln:cyklZyciaDo>2017-04-03T00:00:00+02:00</sln:cyklZyciaDo><sln:cyklZyciaOd>2015-10-21T00:00:00+02:00</sln:cyklZyciaOd><sln:gmIIPId>29beead0-67df-4537-9428-ad7251ed5fe6</sln:gmIIPId><sln:gmIIPPn>PL.PZGIK.200</sln:gmIIPPn><sln:gmIIPWersja>2012-09-26T22:34:28+02:00</sln:gmIIPWersja><sln:gmIdTeryt>3211022</sln:gmIdTeryt><sln:gmNazwa>Kołbaskowo</sln:gmNazwa><sln:miejscIIPId>4dc35214-e6ea-4d67-b36d-f0f439c41430</sln:miejscIIPId><sln:miejscIIPPn>PL.PZGIK.200</sln:miejscIIPPn><sln:miejscIIPWersja>2016-11-24T12:43:10+02:00</sln:miejscIIPWersja><sln:miejscIdTeryt>0777800</sln:miejscIdTeryt><sln:miejscNazwa>Moczyły</sln:miejscNazwa><sln:miejscRodzaj>Wieś</sln:miejscRodzaj><sln:powIIPId>c37bd998-ab49-436d-8b00-f783df29346e</sln:powIIPId><sln:powIIPPn>PL.PZGIK.200</sln:powIIPPn><sln:powIIPWersja>2012-09-27T10:07:22+02:00</sln:powIIPWersja><sln:powIdTeryt>3211</sln:powIdTeryt><sln:powNazwa>policki</sln:powNazwa><sln:waznyOd>2011-04-01T00:00:00+02:00</sln:waznyOd><sln:wojIIPId>c3f2202a-b491-49c5-a3af-d581108d939a</sln:wojIIPId><sln:wojIIPPn>PL.PZGIK.200</sln:wojIIPPn><sln:wojIIPWersja>2017-10-10T00:00:00+02:00</sln:wojIIPWersja><sln:wojIdTeryt>32</sln:wojIdTeryt><sln:wojNazwa>zachodniopomorskie</sln:wojNazwa></sln:miejscowosc><sln:miejscowosc><sln:cyklZyciaDo>2017-04-03T00:00:00+02:00</sln:cyklZyciaDo><sln:cyklZyciaOd>2015-10-21T00:00:00+02:00</sln:cyklZyciaOd><sln:gmIIPId>29beead0-67df-4537-9428-ad7251ed5fe6</sln:gmIIPId><sln:gmIIPPn>PL.PZGIK.200</sln:gmIIPPn><sln:gmIIPWersja>2012-09-26T22:34:28+02:00</sln:gmIIPWersja><sln:gmIdTeryt>3211022</sln:gmIdTeryt><sln:gmNazwa>Kołbaskowo</sln:gmNazwa><sln:miejscIIPId>bf7badd6-a2cd-4c86-a42e-6a94ed41cb78</sln:miejscIIPId><sln:miejscIIPPn>PL.PZGIK.200</sln:miejscIIPPn><sln:miejscIIPWersja>2016-11-24T12:43:10+02:00</sln:miejscIIPWersja><sln:miejscIdTeryt>0777823</sln:miejscIdTeryt><sln:miejscNazwa>Ostoja</sln:miejscNazwa><sln:miejscRodzaj>Osada</sln:miejscRodzaj><sln:powIIPId>c37bd998-ab49-436d-8b00-f783df29346e</sln:powIIPId><sln:powIIPPn>PL.PZGIK.200</sln:powIIPPn><sln:powIIPWersja>2012-09-27T10:07:22+02:00</sln:powIIPWersja><sln:powIdTeryt>3211</sln:powIdTeryt><sln:powNazwa>policki</sln:powNazwa><sln:waznyOd>2011-04-01T00:00:00+02:00</sln:waznyOd><sln:wojIIPId>c3f2202a-b491-49c5-a3af-d581108d939a</sln:wojIIPId><sln:wojIIPPn>PL.PZGIK.200</sln:wojIIPPn><sln:wojIIPWersja>2017-10-10T00:00:00+02:00</sln:wojIIPWersja><sln:wojIdTeryt>32</sln:wojIdTeryt><sln:wojNazwa>zachodniopomorskie</sln:wojNazwa></sln:miejscowosc><sln:miejscowosc><sln:cyklZyciaDo>2017-04-03T00:00:00+02:00</sln:cyklZyciaDo><sln:cyklZyciaOd>2015-10-21T00:00:00+02:00</sln:cyklZyciaOd><sln:gmIIPId>29beead0-67df-4537-9428-ad7251ed5fe6</sln:gmIIPId><sln:gmIIPPn>PL.PZGIK.200</sln:gmIIPPn><sln:gmIIPWersja>2012-09-26T22:34:28+02:00</sln:gmIIPWersja><sln:gmIdTeryt>3211022</sln:gmIdTeryt><sln:gmNazwa>Kołbaskowo</sln:gmNazwa><sln:miejscIIPId>ea9c734a-cf63-4974-8f97-1f6497453d7f</sln:miejscIIPId><sln:miejscIIPPn>PL.PZGIK.200</sln:miejscIIPPn><sln:miejscIIPWersja>2016-11-24T12:43:10+02:00</sln:miejscIIPWersja><sln:miejscIdTeryt>0777830</sln:miejscIdTeryt><sln:miejscNazwa>Pargowo</sln:miejscNazwa><sln:miejscRodzaj>Osada</sln:miejscRodzaj><sln:powIIPId>c37bd998-ab49-436d-8b00-f783df29346e</sln:powIIPId><sln:powIIPPn>PL.PZGIK.200</sln:powIIPPn><sln:powIIPWersja>2012-09-27T10:07:22+02:00</sln:powIIPWersja><sln:powIdTeryt>3211</sln:powIdTeryt><sln:powNazwa>policki</sln:powNazwa><sln:waznyOd>2011-04-01T00:00:00+02:00</sln:waznyOd><sln:wojIIPId>c3f2202a-b491-49c5-a3af-d581108d939a</sln:wojIIPId><sln:wojIIPPn>PL.PZGIK.200</sln:wojIIPPn><sln:wojIIPWersja>2017-10-10T00:00:00+02:00</sln:wojIIPWersja><sln:wojIdTeryt>32</sln:wojIdTeryt><sln:wojNazwa>zachodniopomorskie</sln:wojNazwa></sln:miejscowosc><sln:miejscowosc><sln:cyklZyciaDo>2017-04-03T00:00:00+02:00</sln:cyklZyciaDo><sln:cyklZyciaOd>2015-10-21T00:00:00+02:00</sln:cyklZyciaOd><sln:gmIIPId>29beead0-67df-4537-9428-ad7251ed5fe6</sln:gmIIPId><sln:gmIIPPn>PL.PZGIK.200</sln:gmIIPPn><sln:gmIIPWersja>2012-09-26T22:34:28+02:00</sln:gmIIPWersja><sln:gmIdTeryt>3211022</sln:gmIdTeryt><sln:gmNazwa>Kołbaskowo</sln:gmNazwa><sln:miejscIIPId>f10dcfb7-7cc3-4c12-947e-b7172eecbbc9</sln:miejscIIPId><sln:miejscIIPPn>PL.PZGIK.200</sln:miejscIIPPn><sln:miejscIIPWersja>2016-11-24T12:43:10+02:00</sln:miejscIIPWersja><sln:miejscIdTeryt>0777846</sln:miejscIdTeryt><sln:miejscNazwa>Przecław</sln:miejscNazwa><sln:miejscRodzaj>Osada</sln:miejscRodzaj><sln:powIIPId>c37bd998-ab49-436d-8b00-f783df29346e</sln:powIIPId><sln:powIIPPn>PL.PZGIK.200</sln:powIIPPn><sln:powIIPWersja>2012-09-27T10:07:22+02:00</sln:powIIPWersja><sln:powIdTeryt>3211</sln:powIdTeryt><sln:powNazwa>policki</sln:powNazwa><sln:waznyOd>2011-04-01T00:00:00+02:00</sln:waznyOd><sln:wojIIPId>c3f2202a-b491-49c5-a3af-d581108d939a</sln:wojIIPId><sln:wojIIPPn>PL.PZGIK.200</sln:wojIIPPn><sln:wojIIPWersja>2017-10-10T00:00:00+02:00</sln:wojIIPWersja><sln:wojIdTeryt>32</sln:wojIdTeryt><sln:wojNazwa>zachodniopomorskie</sln:wojNazwa></sln:miejscowosc><sln:miejscowosc><sln:cyklZyciaDo>2017-04-03T00:00:00+02:00</sln:cyklZyciaDo><sln:cyklZyciaOd>2015-10-21T00:00:00+02:00</sln:cyklZyciaOd><sln:gmIIPId>29beead0-67df-4537-9428-ad7251ed5fe6</sln:gmIIPId><sln:gmIIPPn>PL.PZGIK.200</sln:gmIIPPn><sln:gmIIPWersja>2012-09-26T22:34:28+02:00</sln:gmIIPWersja><sln:gmIdTeryt>3211022</sln:gmIdTeryt><sln:gmNazwa>Kołbaskowo</sln:gmNazwa><sln:miejscIIPId>68fe080c-2c58-46d1-899c-5c9117190d25</sln:miejscIIPId><sln:miejscIIPPn>PL.PZGIK.200</sln:miejscIIPPn><sln:miejscIIPWersja>2016-11-24T12:43:10+02:00</sln:miejscIIPWersja><sln:miejscIdTeryt>0777852</sln:miejscIdTeryt><sln:miejscNazwa>Przylep</sln:miejscNazwa><sln:miejscRodzaj>Osada</sln:miejscRodzaj><sln:powIIPId>c37bd998-ab49-436d-8b00-f783df29346e</sln:powIIPId><sln:powIIPPn>PL.PZGIK.200</sln:powIIPPn><sln:powIIPWersja>2012-09-27T10:07:22+02:00</sln:powIIPWersja><sln:powIdTeryt>3211</sln:powIdTeryt><sln:powNazwa>policki</sln:powNazwa><sln:waznyOd>2011-04-01T00:00:00+02:00</sln:waznyOd><sln:wojIIPId>c3f2202a-b491-49c5-a3af-d581108d939a</sln:wojIIPId><sln:wojIIPPn>PL.PZGIK.200</sln:wojIIPPn><sln:wojIIPWersja>2017-10-10T00:00:00+02:00</sln:wojIIPWersja><sln:wojIdTeryt>32</sln:wojIdTeryt><sln:wojNazwa>zachodniopomorskie</sln:wojNazwa></sln:miejscowosc><sln:miejscowosc><sln:cyklZyciaDo>2017-04-03T00:00:00+02:00</sln:cyklZyciaDo><sln:cyklZyciaOd>2015-10-21T00:00:00+02:00</sln:cyklZyciaOd><sln:gmIIPId>29beead0-67df-4537-9428-ad7251ed5fe6</sln:gmIIPId><sln:gmIIPPn>PL.PZGIK.200</sln:gmIIPPn><sln:gmIIPWersja>2012-09-26T22:34:28+02:00</sln:gmIIPWersja><sln:gmIdTeryt>3211022</sln:gmIdTeryt><sln:gmNazwa>Kołbaskowo</sln:gmNazwa><sln:miejscIIPId>e857e0e5-193b-4f54-9f99-0d089193d69d</sln:miejscIIPId><sln:miejscIIPPn>PL.PZGIK.200</sln:miejscIIPPn><sln:miejscIIPWersja>2016-11-24T12:43:10+02:00</sln:miejscIIPWersja><sln:miejscIdTeryt>0777869</sln:miejscIdTeryt><sln:miejscNazwa>Rajkowo</sln:miejscNazwa><sln:miejscRodzaj>Osada</sln:miejscRodzaj><sln:powIIPId>c37bd998-ab49-436d-8b00-f783df29346e</sln:powIIPId><sln:powIIPPn>PL.PZGIK.200</sln:powIIPPn><sln:powIIPWersja>2012-09-27T10:07:22+02:00</sln:powIIPWersja><sln:powIdTeryt>3211</sln:powIdTeryt><sln:powNazwa>policki</sln:powNazwa><sln:waznyOd>2011-04-01T00:00:00+02:00</sln:waznyOd><sln:wojIIPId>c3f2202a-b491-49c5-a3af-d581108d939a</sln:wojIIPId><sln:wojIIPPn>PL.PZGIK.200</sln:wojIIPPn><sln:wojIIPWersja>2017-10-10T00:00:00+02:00</sln:wojIIPWersja><sln:wojIdTeryt>32</sln:wojIdTeryt><sln:wojNazwa>zachodniopomorskie</sln:wojNazwa></sln:miejscowosc><sln:miejscowosc><sln:cyklZyciaDo>2017-04-03T00:00:00+02:00</sln:cyklZyciaDo><sln:cyklZyciaOd>2015-10-21T00:00:00+02:00</sln:cyklZyciaOd><sln:gmIIPId>29beead0-67df-4537-9428-ad7251ed5fe6</sln:gmIIPId><sln:gmIIPPn>PL.PZGIK.200</sln:gmIIPPn><sln:gmIIPWersja>2012-09-26T22:34:28+02:00</sln:gmIIPWersja><sln:gmIdTeryt>3211022</sln:gmIdTeryt><sln:gmNazwa>Kołbaskowo</sln:gmNazwa><sln:miejscIIPId>5169f3d4-bda9-4567-befb-889785c22dff</sln:miejscIIPId><sln:miejscIIPPn>PL.PZGIK.200</sln:miejscIIPPn><sln:miejscIIPWersja>2016-11-24T12:43:10+02:00</sln:miejscIIPWersja><sln:miejscIdTeryt>0777875</sln:miejscIdTeryt><sln:miejscNazwa>Rosówek</sln:miejscNazwa><sln:miejscRodzaj>Osada</sln:miejscRodzaj><sln:powIIPId>c37bd998-ab49-436d-8b00-f783df29346e</sln:powIIPId><sln:powIIPPn>PL.PZGIK.200</sln:powIIPPn><sln:powIIPWersja>2012-09-27T10:07:22+02:00</sln:powIIPWersja><sln:powIdTeryt>3211</sln:powIdTeryt><sln:powNazwa>policki</sln:powNazwa><sln:waznyOd>2011-04-01T00:00:00+02:00</sln:waznyOd><sln:wojIIPId>c3f2202a-b491-49c5-a3af-d581108d939a</sln:wojIIPId><sln:wojIIPPn>PL.PZGIK.200</sln:wojIIPPn><sln:wojIIPWersja>2017-10-10T00:00:00+02:00</sln:wojIIPWersja><sln:wojIdTeryt>32</sln:wojIdTeryt><sln:wojNazwa>zachodniopomorskie</sln:wojNazwa></sln:miejscowosc><sln:miejscowosc><sln:cyklZyciaDo>2017-04-03T00:00:00+02:00</sln:cyklZyciaDo><sln:cyklZyciaOd>2015-10-21T00:00:00+02:00</sln:cyklZyciaOd><sln:gmIIPId>29beead0-67df-4537-9428-ad7251ed5fe6</sln:gmIIPId><sln:gmIIPPn>PL.PZGIK.200</sln:gmIIPPn><sln:gmIIPWersja>2012-09-26T22:34:28+02:00</sln:gmIIPWersja><sln:gmIdTeryt>3211022</sln:gmIdTeryt><sln:gmNazwa>Kołbaskowo</sln:gmNazwa><sln:miejscIIPId>e2da1de0-b454-4e68-964a-8fa2c9708af2</sln:miejscIIPId><sln:miejscIIPPn>PL.PZGIK.200</sln:miejscIIPPn><sln:miejscIIPWersja>2016-11-24T12:43:10+02:00</sln:miejscIIPWersja><sln:miejscIdTeryt>0777881</sln:miejscIdTeryt><sln:miejscNazwa>Siadło Dolne</sln:miejscNazwa><sln:miejscRodzaj>Wieś</sln:miejscRodzaj><sln:powIIPId>c37bd998-ab49-436d-8b00-f783df29346e</sln:powIIPId><sln:powIIPPn>PL.PZGIK.200</sln:powIIPPn><sln:powIIPWersja>2012-09-27T10:07:22+02:00</sln:powIIPWersja><sln:powIdTeryt>3211</sln:powIdTeryt><sln:powNazwa>policki</sln:powNazwa><sln:waznyOd>2011-04-01T00:00:00+02:00</sln:waznyOd><sln:wojIIPId>c3f2202a-b491-49c5-a3af-d581108d939a</sln:wojIIPId><sln:wojIIPPn>PL.PZGIK.200</sln:wojIIPPn><sln:wojIIPWersja>2017-10-10T00:00:00+02:00</sln:wojIIPWersja><sln:wojIdTeryt>32</sln:wojIdTeryt><sln:wojNazwa>zachodniopomorskie</sln:wojNazwa></sln:miejscowosc><sln:miejscowosc><sln:cyklZyciaDo>2017-04-03T00:00:00+02:00</sln:cyklZyciaDo><sln:cyklZyciaOd>2015-10-21T00:00:00+02:00</sln:cyklZyciaOd><sln:gmIIPId>29beead0-67df-4537-9428-ad7251ed5fe6</sln:gmIIPId><sln:gmIIPPn>PL.PZGIK.200</sln:gmIIPPn><sln:gmIIPWersja>2012-09-26T22:34:28+02:00</sln:gmIIPWersja><sln:gmIdTeryt>3211022</sln:gmIdTeryt><sln:gmNazwa>Kołbaskowo</sln:gmNazwa><sln:miejscIIPId>92080740-58e8-4f5d-bb9b-162b96784333</sln:miejscIIPId><sln:miejscIIPPn>PL.PZGIK.200</sln:miejscIIPPn><sln:miejscIIPWersja>2016-11-24T12:43:10+02:00</sln:miejscIIPWersja><sln:miejscIdTeryt>0777898</sln:miejscIdTeryt><sln:miejscNazwa>Siadło Górne</sln:miejscNazwa><sln:miejscRodzaj>Wieś</sln:miejscRodzaj><sln:powIIPId>c37bd998-ab49-436d-8b00-f783df29346e</sln:powIIPId><sln:powIIPPn>PL.PZGIK.200</sln:powIIPPn><sln:powIIPWersja>2012-09-27T10:07:22+02:00</sln:powIIPWersja><sln:powIdTeryt>3211</sln:powIdTeryt><sln:powNazwa>policki</sln:powNazwa><sln:waznyOd>2011-04-01T00:00:00+02:00</sln:waznyOd><sln:wojIIPId>c3f2202a-b491-49c5-a3af-d581108d939a</sln:wojIIPId><sln:wojIIPPn>PL.PZGIK.200</sln:wojIIPPn><sln:wojIIPWersja>2017-10-10T00:00:00+02:00</sln:wojIIPWersja><sln:wojIdTeryt>32</sln:wojIdTeryt><sln:wojNazwa>zachodniopomorskie</sln:wojNazwa></sln:miejscowosc><sln:miejscowosc><sln:cyklZyciaDo>2017-04-03T00:00:00+02:00</sln:cyklZyciaDo><sln:cyklZyciaOd>2015-10-21T00:00:00+02:00</sln:cyklZyciaOd><sln:gmIIPId>29beead0-67df-4537-9428-ad7251ed5fe6</sln:gmIIPId><sln:gmIIPPn>PL.PZGIK.200</sln:gmIIPPn><sln:gmIIPWersja>2012-09-26T22:34:28+02:00</sln:gmIIPWersja><sln:gmIdTeryt>3211022</sln:gmIdTeryt><sln:gmNazwa>Kołbaskowo</sln:gmNazwa><sln:miejscIIPId>e831d872-86be-4897-af88-ffb4b0d3972c</sln:miejscIIPId><sln:miejscIIPPn>PL.PZGIK.200</sln:miejscIIPPn><sln:miejscIIPWersja>2016-11-24T13:19:48+02:00</sln:miejscIIPWersja><sln:miejscIdTeryt>0990451</sln:miejscIdTeryt><sln:miejscNazwa>Smętowice</sln:miejscNazwa><sln:miejscRodzaj>Osada</sln:miejscRodzaj><sln:powIIPId>c37bd998-ab49-436d-8b00-f783df29346e</sln:powIIPId><sln:powIIPPn>PL.PZGIK.200</sln:powIIPPn><sln:powIIPWersja>2012-09-27T10:07:22+02:00</sln:powIIPWersja><sln:powIdTeryt>3211</sln:powIdTeryt><sln:powNazwa>policki</sln:powNazwa><sln:waznyOd>2011-04-01T00:00:00+02:00</sln:waznyOd><sln:wojIIPId>c3f2202a-b491-49c5-a3af-d581108d939a</sln:wojIIPId><sln:wojIIPPn>PL.PZGIK.200</sln:wojIIPPn><sln:wojIIPWersja>2017-10-10T00:00:00+02:00</sln:wojIIPWersja><sln:wojIdTeryt>32</sln:wojIdTeryt><sln:wojNazwa>zachodniopomorskie</sln:wojNazwa></sln:miejscowosc><sln:miejscowosc><sln:cyklZyciaDo>2017-04-03T00:00:00+02:00</sln:cyklZyciaDo><sln:cyklZyciaOd>2015-10-21T00:00:00+02:00</sln:cyklZyciaOd><sln:gmIIPId>29beead0-67df-4537-9428-ad7251ed5fe6</sln:gmIIPId><sln:gmIIPPn>PL.PZGIK.200</sln:gmIIPPn><sln:gmIIPWersja>2012-09-26T22:34:28+02:00</sln:gmIIPWersja><sln:gmIdTeryt>3211022</sln:gmIdTeryt><sln:gmNazwa>Kołbaskowo</sln:gmNazwa><sln:miejscIIPId>f365aa14-7c20-4a69-b2db-eb9277751fb0</sln:miejscIIPId><sln:miejscIIPPn>PL.PZGIK.200</sln:miejscIIPPn><sln:miejscIIPWersja>2016-11-24T12:43:10+02:00</sln:miejscIIPWersja><sln:miejscIdTeryt>0777906</sln:miejscIdTeryt><sln:miejscNazwa>Smolęcin</sln:miejscNazwa><sln:miejscRodzaj>Wieś</sln:miejscRodzaj><sln:powIIPId>c37bd998-ab49-436d-8b00-f783df29346e</sln:powIIPId><sln:powIIPPn>PL.PZGIK.200</sln:powIIPPn><sln:powIIPWersja>2012-09-27T10:07:22+02:00</sln:powIIPWersja><sln:powIdTeryt>3211</sln:powIdTeryt><sln:powNazwa>policki</sln:powNazwa><sln:waznyOd>2011-12-15T00:00:00+01:00</sln:waznyOd><sln:wojIIPId>c3f2202a-b491-49c5-a3af-d581108d939a</sln:wojIIPId><sln:wojIIPPn>PL.PZGIK.200</sln:wojIIPPn><sln:wojIIPWersja>2017-10-10T00:00:00+02:00</sln:wojIIPWersja><sln:wojIdTeryt>32</sln:wojIdTeryt><sln:wojNazwa>zachodniopomorskie</sln:wojNazwa></sln:miejscowosc><sln:miejscowosc><sln:cyklZyciaDo>2017-04-03T00:00:00+02:00</sln:cyklZyciaDo><sln:cyklZyciaOd>2015-10-21T00:00:00+02:00</sln:cyklZyciaOd><sln:gmIIPId>29beead0-67df-4537-9428-ad7251ed5fe6</sln:gmIIPId><sln:gmIIPPn>PL.PZGIK.200</sln:gmIIPPn><sln:gmIIPWersja>2012-09-26T22:34:28+02:00</sln:gmIIPWersja><sln:gmIdTeryt>3211022</sln:gmIdTeryt><sln:gmNazwa>Kołbaskowo</sln:gmNazwa><sln:miejscIIPId>09c7869a-5e57-43f6-8825-9bc05f3eeb9b</sln:miejscIIPId><sln:miejscIIPPn>PL.PZGIK.200</sln:miejscIIPPn><sln:miejscIIPWersja>2016-11-24T12:43:10+02:00</sln:miejscIIPWersja><sln:miejscIdTeryt>0777912</sln:miejscIdTeryt><sln:miejscNazwa>Stobno</sln:miejscNazwa><sln:miejscRodzaj>Wieś</sln:miejscRodzaj><sln:powIIPId>c37bd998-ab49-436d-8b00-f783df29346e</sln:powIIPId><sln:powIIPPn>PL.PZGIK.200</sln:powIIPPn><sln:powIIPWersja>2012-09-27T10:07:22+02:00</sln:powIIPWersja><sln:powIdTeryt>3211</sln:powIdTeryt><sln:powNazwa>policki</sln:powNazwa><sln:waznyOd>2011-04-01T00:00:00+02:00</sln:waznyOd><sln:wojIIPId>c3f2202a-b491-49c5-a3af-d581108d939a</sln:wojIIPId><sln:wojIIPPn>PL.PZGIK.200</sln:wojIIPPn><sln:wojIIPWersja>2017-10-10T00:00:00+02:00</sln:wojIIPWersja><sln:wojIdTeryt>32</sln:wojIdTeryt><sln:wojNazwa>zachodniopomorskie</sln:wojNazwa></sln:miejscowosc><sln:miejscowosc><sln:cyklZyciaDo>2017-04-03T00:00:00+02:00</sln:cyklZyciaDo><sln:cyklZyciaOd>2015-10-21T00:00:00+02:00</sln:cyklZyciaOd><sln:gmIIPId>29beead0-67df-4537-9428-ad7251ed5fe6</sln:gmIIPId><sln:gmIIPPn>PL.PZGIK.200</sln:gmIIPPn><sln:gmIIPWersja>2012-09-26T22:34:28+02:00</sln:gmIIPWersja><sln:gmIdTeryt>3211022</sln:gmIdTeryt><sln:gmNazwa>Kołbaskowo</sln:gmNazwa><sln:miejscIIPId>4fc66d99-c46b-40a7-a59f-2f0ffb3fcaca</sln:miejscIIPId><sln:miejscIIPPn>PL.PZGIK.200</sln:miejscIIPPn><sln:miejscIIPWersja>2016-11-24T12:43:10+02:00</sln:miejscIIPWersja><sln:miejscIdTeryt>0777929</sln:miejscIdTeryt><sln:miejscNazwa>Ustowo</sln:miejscNazwa><sln:miejscRodzaj>Wieś</sln:miejscRodzaj><sln:powIIPId>c37bd998-ab49-436d-8b00-f783df29346e</sln:powIIPId><sln:powIIPPn>PL.PZGIK.200</sln:powIIPPn><sln:powIIPWersja>2012-09-27T10:07:22+02:00</sln:powIIPWersja><sln:powIdTeryt>3211</sln:powIdTeryt><sln:powNazwa>policki</sln:powNazwa><sln:waznyOd>2011-04-01T00:00:00+02:00</sln:waznyOd><sln:wojIIPId>c3f2202a-b491-49c5-a3af-d581108d939a</sln:wojIIPId><sln:wojIIPPn>PL.PZGIK.200</sln:wojIIPPn><sln:wojIIPWersja>2017-10-10T00:00:00+02:00</sln:wojIIPWersja><sln:wojIdTeryt>32</sln:wojIdTeryt><sln:wojNazwa>zachodniopomorskie</sln:wojNazwa></sln:miejscowosc><sln:miejscowosc><sln:cyklZyciaDo>2017-04-03T00:00:00+02:00</sln:cyklZyciaDo><sln:cyklZyciaOd>2015-10-21T00:00:00+02:00</sln:cyklZyciaOd><sln:gmIIPId>29beead0-67df-4537-9428-ad7251ed5fe6</sln:gmIIPId><sln:gmIIPPn>PL.PZGIK.200</sln:gmIIPPn><sln:gmIIPWersja>2012-09-26T22:34:28+02:00</sln:gmIIPWersja><sln:gmIdTeryt>3211022</sln:gmIdTeryt><sln:gmNazwa>Kołbaskowo</sln:gmNazwa><sln:miejscIIPId>131b4635-3c1f-4e37-a437-2f5a2289b271</sln:miejscIIPId><sln:miejscIIPPn>PL.PZGIK.200</sln:miejscIIPPn><sln:miejscIIPWersja>2016-11-24T12:43:10+02:00</sln:miejscIIPWersja><sln:miejscIdTeryt>0777935</sln:miejscIdTeryt><sln:miejscNazwa>Warnik</sln:miejscNazwa><sln:miejscRodzaj>Osada</sln:miejscRodzaj><sln:powIIPId>c37bd998-ab49-436d-8b00-f783df29346e</sln:powIIPId><sln:powIIPPn>PL.PZGIK.200</sln:powIIPPn><sln:powIIPWersja>2012-09-27T10:07:22+02:00</sln:powIIPWersja><sln:powIdTeryt>3211</sln:powIdTeryt><sln:powNazwa>policki</sln:powNazwa><sln:waznyOd>2011-04-01T00:00:00+02:00</sln:waznyOd><sln:wojIIPId>c3f2202a-b491-49c5-a3af-d581108d939a</sln:wojIIPId><sln:wojIIPPn>PL.PZGIK.200</sln:wojIIPPn><sln:wojIIPWersja>2017-10-10T00:00:00+02:00</sln:wojIIPWersja><sln:wojIdTeryt>32</sln:wojIdTeryt><sln:wojNazwa>zachodniopomorskie</sln:wojNazwa></sln:miejscowosc><sln:miejscowosc><sln:cyklZyciaDo>2017-04-03T00:00:00+02:00</sln:cyklZyciaDo><sln:cyklZyciaOd>2015-10-21T00:00:00+02:00</sln:cyklZyciaOd><sln:gmIIPId>29beead0-67df-4537-9428-ad7251ed5fe6</sln:gmIIPId><sln:gmIIPPn>PL.PZGIK.200</sln:gmIIPPn><sln:gmIIPWersja>2012-09-26T22:34:28+02:00</sln:gmIIPWersja><sln:gmIdTeryt>3211022</sln:gmIdTeryt><sln:gmNazwa>Kołbaskowo</sln:gmNazwa><sln:miejscIIPId>35a29c6c-d1b6-4eb9-9daf-458a2f4b7c46</sln:miejscIIPId><sln:miejscIIPPn>PL.PZGIK.200</sln:miejscIIPPn><sln:miejscIIPWersja>2016-11-24T12:43:10+02:00</sln:miejscIIPWersja><sln:miejscIdTeryt>0777941</sln:miejscIdTeryt><sln:miejscNazwa>Warzymice</sln:miejscNazwa><sln:miejscRodzaj>Wieś</sln:miejscRodzaj><sln:powIIPId>c37bd998-ab49-436d-8b00-f783df29346e</sln:powIIPId><sln:powIIPPn>PL.PZGIK.200</sln:powIIPPn><sln:powIIPWersja>2012-09-27T10:07:22+02:00</sln:powIIPWersja><sln:powIdTeryt>3211</sln:powIdTeryt><sln:powNazwa>policki</sln:powNazwa><sln:waznyOd>2011-04-01T00:00:00+02:00</sln:waznyOd><sln:wojIIPId>c3f2202a-b491-49c5-a3af-d581108d939a</sln:wojIIPId><sln:wojIIPPn>PL.PZGIK.200</sln:wojIIPPn><sln:wojIIPWersja>2017-10-10T00:00:00+02:00</sln:wojIIPWersja><sln:wojIdTeryt>32</sln:wojIdTeryt><sln:wojNazwa>zachodniopomorskie</sln:wojNazwa></sln:miejscowosc><sln:miejscowosc><sln:cyklZyciaOd>2017-04-03T00:00:00+02:00</sln:cyklZyciaOd><sln:gmIIPId>29beead0-67df-4537-9428-ad7251ed5fe6</sln:gmIIPId><sln:gmIIPPn>PL.PZGIK.200</sln:gmIIPPn><sln:gmIIPWersja>2012-09-26T22:34:28+02:00</sln:gmIIPWersja><sln:gmIdTeryt>3211022</sln:gmIdTeryt><sln:gmNazwa>Kołbaskowo</sln:gmNazwa><sln:miejscIIPId>71eede55-d7ac-4fc8-8a40-dbbc03070d69</sln:miejscIIPId><sln:miejscIIPPn>PL.PZGIK.200</sln:miejscIIPPn><sln:miejscIIPWersja>2017-04-03T11:54:39+02:00</sln:miejscIIPWersja><sln:miejscIdTeryt>0777734</sln:miejscIdTeryt><sln:miejscNazwa>Barnisław</sln:miejscNazwa><sln:miejscRodzaj>Wieś</sln:miejscRodzaj><sln:powIIPId>c37bd998-ab49-436d-8b00-f783df29346e</sln:powIIPId><sln:powIIPPn>PL.PZGIK.200</sln:powIIPPn><sln:powIIPWersja>2012-09-27T10:07:22+02:00</sln:powIIPWersja><sln:powIdTeryt>3211</sln:powIdTeryt><sln:powNazwa>policki</sln:powNazwa><sln:waznyOd>2011-04-01T00:00:00+02:00</sln:waznyOd><sln:wojIIPId>c3f2202a-b491-49c5-a3af-d581108d939a</sln:wojIIPId><sln:wojIIPPn>PL.PZGIK.200</sln:wojIIPPn><sln:wojIIPWersja>2017-10-10T00:00:00+02:00</sln:wojIIPWersja><sln:wojIdTeryt>32</sln:wojIdTeryt><sln:wojNazwa>zachodniopomorskie</sln:wojNazwa></sln:miejscowosc><sln:miejscowosc><sln:cyklZyciaOd>2017-04-03T00:00:00+02:00</sln:cyklZyciaOd><sln:gmIIPId>29beead0-67df-4537-9428-ad7251ed5fe6</sln:gmIIPId><sln:gmIIPPn>PL.PZGIK.200</sln:gmIIPPn><sln:gmIIPWersja>2012-09-26T22:34:28+02:00</sln:gmIIPWersja><sln:gmIdTeryt>3211022</sln:gmIdTeryt><sln:gmNazwa>Kołbaskowo</sln:gmNazwa><sln:miejscIIPId>3694240f-06b5-4328-95a1-934cfe73bcf6</sln:miejscIIPId><sln:miejscIIPPn>PL.PZGIK.200</sln:miejscIIPPn><sln:miejscIIPWersja>2017-04-03T11:54:46+02:00</sln:miejscIIPWersja><sln:miejscIdTeryt>0777740</sln:miejscIdTeryt><sln:miejscNazwa>Będargowo</sln:miejscNazwa><sln:miejscRodzaj>Wieś</sln:miejscRodzaj><sln:powIIPId>c37bd998-ab49-436d-8b00-f783df29346e</sln:powIIPId><sln:powIIPPn>PL.PZGIK.200</sln:powIIPPn><sln:powIIPWersja>2012-09-27T10:07:22+02:00</sln:powIIPWersja><sln:powIdTeryt>3211</sln:powIdTeryt><sln:powNazwa>policki</sln:powNazwa><sln:waznyOd>2011-04-01T00:00:00+02:00</sln:waznyOd><sln:wojIIPId>c3f2202a-b491-49c5-a3af-d581108d939a</sln:wojIIPId><sln:wojIIPPn>PL.PZGIK.200</sln:wojIIPPn><sln:wojIIPWersja>2017-10-10T00:00:00+02:00</sln:wojIIPWersja><sln:wojIdTeryt>32</sln:wojIdTeryt><sln:wojNazwa>zachodniopomorskie</sln:wojNazwa></sln:miejscowosc><sln:miejscowosc><sln:cyklZyciaOd>2017-04-03T00:00:00+02:00</sln:cyklZyciaOd><sln:gmIIPId>29beead0-67df-4537-9428-ad7251ed5fe6</sln:gmIIPId><sln:gmIIPPn>PL.PZGIK.200</sln:gmIIPPn><sln:gmIIPWersja>2012-09-26T22:34:28+02:00</sln:gmIIPWersja><sln:gmIdTeryt>3211022</sln:gmIdTeryt><sln:gmNazwa>Kołbaskowo</sln:gmNazwa><sln:miejscIIPId>c45f46e0-3f45-4a64-a2ec-375e4913feee</sln:miejscIIPId><sln:miejscIIPPn>PL.PZGIK.200</sln:miejscIIPPn><sln:miejscIIPWersja>2017-04-03T11:54:46+02:00</sln:miejscIIPWersja><sln:miejscIdTeryt>0777757</sln:miejscIdTeryt><sln:miejscNazwa>Bobolin</sln:miejscNazwa><sln:miejscRodzaj>Osada</sln:miejscRodzaj><sln:powIIPId>c37bd998-ab49-436d-8b00-f783df29346e</sln:powIIPId><sln:powIIPPn>PL.PZGIK.200</sln:powIIPPn><sln:powIIPWersja>2012-09-27T10:07:22+02:00</sln:powIIPWersja><sln:powIdTeryt>3211</sln:powIdTeryt><sln:powNazwa>policki</sln:powNazwa><sln:waznyOd>2011-04-01T00:00:00+02:00</sln:waznyOd><sln:wojIIPId>c3f2202a-b491-49c5-a3af-d581108d939a</sln:wojIIPId><sln:wojIIPPn>PL.PZGIK.200</sln:wojIIPPn><sln:wojIIPWersja>2017-10-10T00:00:00+02:00</sln:wojIIPWersja><sln:wojIdTeryt>32</sln:wojIdTeryt><sln:wojNazwa>zachodniopomorskie</sln:wojNazwa></sln:miejscowosc><sln:miejscowosc><sln:cyklZyciaOd>2017-04-03T00:00:00+02:00</sln:cyklZyciaOd><sln:gmIIPId>29beead0-67df-4537-9428-ad7251ed5fe6</sln:gmIIPId><sln:gmIIPPn>PL.PZGIK.200</sln:gmIIPPn><sln:gmIIPWersja>2012-09-26T22:34:28+02:00</sln:gmIIPWersja><sln:gmIdTeryt>3211022</sln:gmIdTeryt><sln:gmNazwa>Kołbaskowo</sln:gmNazwa><sln:miejscIIPId>3734f850-41db-4ea6-9c73-93bc89466c30</sln:miejscIIPId><sln:miejscIIPPn>PL.PZGIK.200</sln:miejscIIPPn><sln:miejscIIPWersja>2017-04-03T11:54:46+02:00</sln:miejscIIPWersja><sln:miejscIdTeryt>0777763</sln:miejscIdTeryt><sln:miejscNazwa>Kamieniec</sln:miejscNazwa><sln:miejscRodzaj>Wieś</sln:miejscRodzaj><sln:powIIPId>c37bd998-ab49-436d-8b00-f783df29346e</sln:powIIPId><sln:powIIPPn>PL.PZGIK.200</sln:powIIPPn><sln:powIIPWersja>2012-09-27T10:07:22+02:00</sln:powIIPWersja><sln:powIdTeryt>3211</sln:powIdTeryt><sln:powNazwa>policki</sln:powNazwa><sln:waznyOd>2011-04-01T00:00:00+02:00</sln:waznyOd><sln:wojIIPId>c3f2202a-b491-49c5-a3af-d581108d939a</sln:wojIIPId><sln:wojIIPPn>PL.PZGIK.200</sln:wojIIPPn><sln:wojIIPWersja>2017-10-10T00:00:00+02:00</sln:wojIIPWersja><sln:wojIdTeryt>32</sln:wojIdTeryt><sln:wojNazwa>zachodniopomorskie</sln:wojNazwa></sln:miejscowosc><sln:miejscowosc><sln:cyklZyciaOd>2017-04-03T00:00:00+02:00</sln:cyklZyciaOd><sln:gmIIPId>29beead0-67df-4537-9428-ad7251ed5fe6</sln:gmIIPId><sln:gmIIPPn>PL.PZGIK.200</sln:gmIIPPn><sln:gmIIPWersja>2012-09-26T22:34:28+02:00</sln:gmIIPWersja><sln:gmIdTeryt>3211022</sln:gmIdTeryt><sln:gmNazwa>Kołbaskowo</sln:gmNazwa><sln:miejscIIPId>0fa5e4b3-0f4d-4339-9dd1-2026a9994180</sln:miejscIIPId><sln:miejscIIPPn>PL.PZGIK.200</sln:miejscIIPPn><sln:miejscIIPWersja>2017-04-03T11:54:47+02:00</sln:miejscIIPWersja><sln:miejscIdTeryt>0777770</sln:miejscIdTeryt><sln:miejscNazwa>Karwowo</sln:miejscNazwa><sln:miejscRodzaj>Wieś</sln:miejscRodzaj><sln:powIIPId>c37bd998-ab49-436d-8b00-f783df29346e</sln:powIIPId><sln:powIIPPn>PL.PZGIK.200</sln:powIIPPn><sln:powIIPWersja>2012-09-27T10:07:22+02:00</sln:powIIPWersja><sln:powIdTeryt>3211</sln:powIdTeryt><sln:powNazwa>policki</sln:powNazwa><sln:waznyOd>2011-04-01T00:00:00+02:00</sln:waznyOd><sln:wojIIPId>c3f2202a-b491-49c5-a3af-d581108d939a</sln:wojIIPId><sln:wojIIPPn>PL.PZGIK.200</sln:wojIIPPn><sln:wojIIPWersja>2017-10-10T00:00:00+02:00</sln:wojIIPWersja><sln:wojIdTeryt>32</sln:wojIdTeryt><sln:wojNazwa>zachodniopomorskie</sln:wojNazwa></sln:miejscowosc><sln:miejscowosc><sln:cyklZyciaOd>2017-04-03T00:00:00+02:00</sln:cyklZyciaOd><sln:gmIIPId>29beead0-67df-4537-9428-ad7251ed5fe6</sln:gmIIPId><sln:gmIIPPn>PL.PZGIK.200</sln:gmIIPPn><sln:gmIIPWersja>2012-09-26T22:34:28+02:00</sln:gmIIPWersja><sln:gmIdTeryt>3211022</sln:gmIdTeryt><sln:gmNazwa>Kołbaskowo</sln:gmNazwa><sln:miejscIIPId>2af18787-26b8-40c0-9ac9-341502b56d31</sln:miejscIIPId><sln:miejscIIPPn>PL.PZGIK.200</sln:miejscIIPPn><sln:miejscIIPWersja>2017-04-03T11:54:47+02:00</sln:miejscIIPWersja><sln:miejscIdTeryt>0777786</sln:miejscIdTeryt><sln:miejscNazwa>Kołbaskowo</sln:miejscNazwa><sln:miejscRodzaj>Wieś</sln:miejscRodzaj><sln:powIIPId>c37bd998-ab49-436d-8b00-f783df29346e</sln:powIIPId><sln:powIIPPn>PL.PZGIK.200</sln:powIIPPn><sln:powIIPWersja>2012-09-27T10:07:22+02:00</sln:powIIPWersja><sln:powIdTeryt>3211</sln:powIdTeryt><sln:powNazwa>policki</sln:powNazwa><sln:waznyOd>2011-04-01T00:00:00+02:00</sln:waznyOd><sln:wojIIPId>c3f2202a-b491-49c5-a3af-d581108d939a</sln:wojIIPId><sln:wojIIPPn>PL.PZGIK.200</sln:wojIIPPn><sln:wojIIPWersja>2017-10-10T00:00:00+02:00</sln:wojIIPWersja><sln:wojIdTeryt>32</sln:wojIdTeryt><sln:wojNazwa>zachodniopomorskie</sln:wojNazwa></sln:miejscowosc><sln:miejscowosc><sln:cyklZyciaOd>2017-04-03T00:00:00+02:00</sln:cyklZyciaOd><sln:gmIIPId>29beead0-67df-4537-9428-ad7251ed5fe6</sln:gmIIPId><sln:gmIIPPn>PL.PZGIK.200</sln:gmIIPPn><sln:gmIIPWersja>2012-09-26T22:34:28+02:00</sln:gmIIPWersja><sln:gmIdTeryt>3211022</sln:gmIdTeryt><sln:gmNazwa>Kołbaskowo</sln:gmNazwa><sln:miejscIIPId>76ca3a00-21e4-470d-8403-d61200ff0795</sln:miejscIIPId><sln:miejscIIPPn>PL.PZGIK.200</sln:miejscIIPPn><sln:miejscIIPWersja>2017-04-03T11:54:47+02:00</sln:miejscIIPWersja><sln:miejscIdTeryt>0777792</sln:miejscIdTeryt><sln:miejscNazwa>Kurów</sln:miejscNazwa><sln:miejscRodzaj>Wieś</sln:miejscRodzaj><sln:powIIPId>c37bd998-ab49-436d-8b00-f783df29346e</sln:powIIPId><sln:powIIPPn>PL.PZGIK.200</sln:powIIPPn><sln:powIIPWersja>2012-09-27T10:07:22+02:00</sln:powIIPWersja><sln:powIdTeryt>3211</sln:powIdTeryt><sln:powNazwa>policki</sln:powNazwa><sln:waznyOd>2011-04-01T00:00:00+02:00</sln:waznyOd><sln:wojIIPId>c3f2202a-b491-49c5-a3af-d581108d939a</sln:wojIIPId><sln:wojIIPPn>PL.PZGIK.200</sln:wojIIPPn><sln:wojIIPWersja>2017-10-10T00:00:00+02:00</sln:wojIIPWersja><sln:wojIdTeryt>32</sln:wojIdTeryt><sln:wojNazwa>zachodniopomorskie</sln:wojNazwa></sln:miejscowosc><sln:miejscowosc><sln:cyklZyciaOd>2017-04-03T00:00:00+02:00</sln:cyklZyciaOd><sln:gmIIPId>29beead0-67df-4537-9428-ad7251ed5fe6</sln:gmIIPId><sln:gmIIPPn>PL.PZGIK.200</sln:gmIIPPn><sln:gmIIPWersja>2012-09-26T22:34:28+02:00</sln:gmIIPWersja><sln:gmIdTeryt>3211022</sln:gmIdTeryt><sln:gmNazwa>Kołbaskowo</sln:gmNazwa><sln:miejscIIPId>4dc35214-e6ea-4d67-b36d-f0f439c41430</sln:miejscIIPId><sln:miejscIIPPn>PL.PZGIK.200</sln:miejscIIPPn><sln:miejscIIPWersja>2017-04-03T11:54:47+02:00</sln:miejscIIPWersja><sln:miejscIdTeryt>0777800</sln:miejscIdTeryt><sln:miejscNazwa>Moczyły</sln:miejscNazwa><sln:miejscRodzaj>Wieś</sln:miejscRodzaj><sln:powIIPId>c37bd998-ab49-436d-8b00-f783df29346e</sln:powIIPId><sln:powIIPPn>PL.PZGIK.200</sln:powIIPPn><sln:powIIPWersja>2012-09-27T10:07:22+02:00</sln:powIIPWersja><sln:powIdTeryt>3211</sln:powIdTeryt><sln:powNazwa>policki</sln:powNazwa><sln:waznyOd>2011-04-01T00:00:00+02:00</sln:waznyOd><sln:wojIIPId>c3f2202a-b491-49c5-a3af-d581108d939a</sln:wojIIPId><sln:wojIIPPn>PL.PZGIK.200</sln:wojIIPPn><sln:wojIIPWersja>2017-10-10T00:00:00+02:00</sln:wojIIPWersja><sln:wojIdTeryt>32</sln:wojIdTeryt><sln:wojNazwa>zachodniopomorskie</sln:wojNazwa></sln:miejscowosc><sln:miejscowosc><sln:cyklZyciaOd>2017-04-03T00:00:00+02:00</sln:cyklZyciaOd><sln:gmIIPId>29beead0-67df-4537-9428-ad7251ed5fe6</sln:gmIIPId><sln:gmIIPPn>PL.PZGIK.200</sln:gmIIPPn><sln:gmIIPWersja>2012-09-26T22:34:28+02:00</sln:gmIIPWersja><sln:gmIdTeryt>3211022</sln:gmIdTeryt><sln:gmNazwa>Kołbaskowo</sln:gmNazwa><sln:miejscIIPId>2c7fb480-1cc8-40f4-afef-9626b348143c</sln:miejscIIPId><sln:miejscIIPPn>PL.PZGIK.200</sln:miejscIIPPn><sln:miejscIIPWersja>2017-04-03T11:54:47+02:00</sln:miejscIIPWersja><sln:miejscIdTeryt>0777817</sln:miejscIdTeryt><sln:miejscNazwa>Kamionki</sln:miejscNazwa><sln:miejscRodzaj>Przysiółek</sln:miejscRodzaj><sln:powIIPId>c37bd998-ab49-436d-8b00-f783df29346e</sln:powIIPId><sln:powIIPPn>PL.PZGIK.200</sln:powIIPPn><sln:powIIPWersja>2012-09-27T10:07:22+02:00</sln:powIIPWersja><sln:powIdTeryt>3211</sln:powIdTeryt><sln:powNazwa>policki</sln:powNazwa><sln:waznyOd>2011-04-01T00:00:00+02:00</sln:waznyOd><sln:wojIIPId>c3f2202a-b491-49c5-a3af-d581108d939a</sln:wojIIPId><sln:wojIIPPn>PL.PZGIK.200</sln:wojIIPPn><sln:wojIIPWersja>2017-10-10T00:00:00+02:00</sln:wojIIPWersja><sln:wojIdTeryt>32</sln:wojIdTeryt><sln:wojNazwa>zachodniopomorskie</sln:wojNazwa></sln:miejscowosc><sln:miejscowosc><sln:cyklZyciaOd>2017-04-03T00:00:00+02:00</sln:cyklZyciaOd><sln:gmIIPId>29beead0-67df-4537-9428-ad7251ed5fe6</sln:gmIIPId><sln:gmIIPPn>PL.PZGIK.200</sln:gmIIPPn><sln:gmIIPWersja>2012-09-26T22:34:28+02:00</sln:gmIIPWersja><sln:gmIdTeryt>3211022</sln:gmIdTeryt><sln:gmNazwa>Kołbaskowo</sln:gmNazwa><sln:miejscIIPId>bf7badd6-a2cd-4c86-a42e-6a94ed41cb78</sln:miejscIIPId><sln:miejscIIPPn>PL.PZGIK.200</sln:miejscIIPPn><sln:miejscIIPWersja>2017-04-03T11:54:47+02:00</sln:miejscIIPWersja><sln:miejscIdTeryt>0777823</sln:miejscIdTeryt><sln:miejscNazwa>Ostoja</sln:miejscNazwa><sln:miejscRodzaj>Osada</sln:miejscRodzaj><sln:powIIPId>c37bd998-ab49-436d-8b00-f783df29346e</sln:powIIPId><sln:powIIPPn>PL.PZGIK.200</sln:powIIPPn><sln:powIIPWersja>2012-09-27T10:07:22+02:00</sln:powIIPWersja><sln:powIdTeryt>3211</sln:powIdTeryt><sln:powNazwa>policki</sln:powNazwa><sln:waznyOd>2011-04-01T00:00:00+02:00</sln:waznyOd><sln:wojIIPId>c3f2202a-b491-49c5-a3af-d581108d939a</sln:wojIIPId><sln:wojIIPPn>PL.PZGIK.200</sln:wojIIPPn><sln:wojIIPWersja>2017-10-10T00:00:00+02:00</sln:wojIIPWersja><sln:wojIdTeryt>32</sln:wojIdTeryt><sln:wojNazwa>zachodniopomorskie</sln:wojNazwa></sln:miejscowosc><sln:miejscowosc><sln:cyklZyciaOd>2017-04-03T00:00:00+02:00</sln:cyklZyciaOd><sln:gmIIPId>29beead0-67df-4537-9428-ad7251ed5fe6</sln:gmIIPId><sln:gmIIPPn>PL.PZGIK.200</sln:gmIIPPn><sln:gmIIPWersja>2012-09-26T22:34:28+02:00</sln:gmIIPWersja><sln:gmIdTeryt>3211022</sln:gmIdTeryt><sln:gmNazwa>Kołbaskowo</sln:gmNazwa><sln:miejscIIPId>ea9c734a-cf63-4974-8f97-1f6497453d7f</sln:miejscIIPId><sln:miejscIIPPn>PL.PZGIK.200</sln:miejscIIPPn><sln:miejscIIPWersja>2017-04-03T11:54:47+02:00</sln:miejscIIPWersja><sln:miejscIdTeryt>0777830</sln:miejscIdTeryt><sln:miejscNazwa>Pargowo</sln:miejscNazwa><sln:miejscRodzaj>Osada</sln:miejscRodzaj><sln:powIIPId>c37bd998-ab49-436d-8b00-f783df29346e</sln:powIIPId><sln:powIIPPn>PL.PZGIK.200</sln:powIIPPn><sln:powIIPWersja>2012-09-27T10:07:22+02:00</sln:powIIPWersja><sln:powIdTeryt>3211</sln:powIdTeryt><sln:powNazwa>policki</sln:powNazwa><sln:waznyOd>2011-04-01T00:00:00+02:00</sln:waznyOd><sln:wojIIPId>c3f2202a-b491-49c5-a3af-d581108d939a</sln:wojIIPId><sln:wojIIPPn>PL.PZGIK.200</sln:wojIIPPn><sln:wojIIPWersja>2017-10-10T00:00:00+02:00</sln:wojIIPWersja><sln:wojIdTeryt>32</sln:wojIdTeryt><sln:wojNazwa>zachodniopomorskie</sln:wojNazwa></sln:miejscowosc><sln:miejscowosc><sln:cyklZyciaOd>2017-04-03T00:00:00+02:00</sln:cyklZyciaOd><sln:gmIIPId>29beead0-67df-4537-9428-ad7251ed5fe6</sln:gmIIPId><sln:gmIIPPn>PL.PZGIK.200</sln:gmIIPPn><sln:gmIIPWersja>2012-09-26T22:34:28+02:00</sln:gmIIPWersja><sln:gmIdTeryt>3211022</sln:gmIdTeryt><sln:gmNazwa>Kołbaskowo</sln:gmNazwa><sln:miejscIIPId>f10dcfb7-7cc3-4c12-947e-b7172eecbbc9</sln:miejscIIPId><sln:miejscIIPPn>PL.PZGIK.200</sln:miejscIIPPn><sln:miejscIIPWersja>2017-04-03T11:54:47+02:00</sln:miejscIIPWersja><sln:miejscIdTeryt>0777846</sln:miejscIdTeryt><sln:miejscNazwa>Przecław</sln:miejscNazwa><sln:miejscRodzaj>Osada</sln:miejscRodzaj><sln:powIIPId>c37bd998-ab49-436d-8b00-f783df29346e</sln:powIIPId><sln:powIIPPn>PL.PZGIK.200</sln:powIIPPn><sln:powIIPWersja>2012-09-27T10:07:22+02:00</sln:powIIPWersja><sln:powIdTeryt>3211</sln:powIdTeryt><sln:powNazwa>policki</sln:powNazwa><sln:waznyOd>2011-04-01T00:00:00+02:00</sln:waznyOd><sln:wojIIPId>c3f2202a-b491-49c5-a3af-d581108d939a</sln:wojIIPId><sln:wojIIPPn>PL.PZGIK.200</sln:wojIIPPn><sln:wojIIPWersja>2017-10-10T00:00:00+02:00</sln:wojIIPWersja><sln:wojIdTeryt>32</sln:wojIdTeryt><sln:wojNazwa>zachodniopomorskie</sln:wojNazwa></sln:miejscowosc><sln:miejscowosc><sln:cyklZyciaOd>2017-04-03T00:00:00+02:00</sln:cyklZyciaOd><sln:gmIIPId>29beead0-67df-4537-9428-ad7251ed5fe6</sln:gmIIPId><sln:gmIIPPn>PL.PZGIK.200</sln:gmIIPPn><sln:gmIIPWersja>2012-09-26T22:34:28+02:00</sln:gmIIPWersja><sln:gmIdTeryt>3211022</sln:gmIdTeryt><sln:gmNazwa>Kołbaskowo</sln:gmNazwa><sln:miejscIIPId>68fe080c-2c58-46d1-899c-5c9117190d25</sln:miejscIIPId><sln:miejscIIPPn>PL.PZGIK.200</sln:miejscIIPPn><sln:miejscIIPWersja>2017-04-03T11:54:47+02:00</sln:miejscIIPWersja><sln:miejscIdTeryt>0777852</sln:miejscIdTeryt><sln:miejscNazwa>Przylep</sln:miejscNazwa><sln:miejscRodzaj>Osada</sln:miejscRodzaj><sln:powIIPId>c37bd998-ab49-436d-8b00-f783df29346e</sln:powIIPId><sln:powIIPPn>PL.PZGIK.200</sln:powIIPPn><sln:powIIPWersja>2012-09-27T10:07:22+02:00</sln:powIIPWersja><sln:powIdTeryt>3211</sln:powIdTeryt><sln:powNazwa>policki</sln:powNazwa><sln:waznyOd>2011-04-01T00:00:00+02:00</sln:waznyOd><sln:wojIIPId>c3f2202a-b491-49c5-a3af-d581108d939a</sln:wojIIPId><sln:wojIIPPn>PL.PZGIK.200</sln:wojIIPPn><sln:wojIIPWersja>2017-10-10T00:00:00+02:00</sln:wojIIPWersja><sln:wojIdTeryt>32</sln:wojIdTeryt><sln:wojNazwa>zachodniopomorskie</sln:wojNazwa></sln:miejscowosc><sln:miejscowosc><sln:cyklZyciaOd>2017-04-03T00:00:00+02:00</sln:cyklZyciaOd><sln:gmIIPId>29beead0-67df-4537-9428-ad7251ed5fe6</sln:gmIIPId><sln:gmIIPPn>PL.PZGIK.200</sln:gmIIPPn><sln:gmIIPWersja>2012-09-26T22:34:28+02:00</sln:gmIIPWersja><sln:gmIdTeryt>3211022</sln:gmIdTeryt><sln:gmNazwa>Kołbaskowo</sln:gmNazwa><sln:miejscIIPId>e857e0e5-193b-4f54-9f99-0d089193d69d</sln:miejscIIPId><sln:miejscIIPPn>PL.PZGIK.200</sln:miejscIIPPn><sln:miejscIIPWersja>2017-04-03T11:54:47+02:00</sln:miejscIIPWersja><sln:miejscIdTeryt>0777869</sln:miejscIdTeryt><sln:miejscNazwa>Rajkowo</sln:miejscNazwa><sln:miejscRodzaj>Osada</sln:miejscRodzaj><sln:powIIPId>c37bd998-ab49-436d-8b00-f783df29346e</sln:powIIPId><sln:powIIPPn>PL.PZGIK.200</sln:powIIPPn><sln:powIIPWersja>2012-09-27T10:07:22+02:00</sln:powIIPWersja><sln:powIdTeryt>3211</sln:powIdTeryt><sln:powNazwa>policki</sln:powNazwa><sln:waznyOd>2011-04-01T00:00:00+02:00</sln:waznyOd><sln:wojIIPId>c3f2202a-b491-49c5-a3af-d581108d939a</sln:wojIIPId><sln:wojIIPPn>PL.PZGIK.200</sln:wojIIPPn><sln:wojIIPWersja>2017-10-10T00:00:00+02:00</sln:wojIIPWersja><sln:wojIdTeryt>32</sln:wojIdTeryt><sln:wojNazwa>zachodniopomorskie</sln:wojNazwa></sln:miejscowosc><sln:miejscowosc><sln:cyklZyciaOd>2017-04-03T00:00:00+02:00</sln:cyklZyciaOd><sln:gmIIPId>29beead0-67df-4537-9428-ad7251ed5fe6</sln:gmIIPId><sln:gmIIPPn>PL.PZGIK.200</sln:gmIIPPn><sln:gmIIPWersja>2012-09-26T22:34:28+02:00</sln:gmIIPWersja><sln:gmIdTeryt>3211022</sln:gmIdTeryt><sln:gmNazwa>Kołbaskowo</sln:gmNazwa><sln:miejscIIPId>5169f3d4-bda9-4567-befb-889785c22dff</sln:miejscIIPId><sln:miejscIIPPn>PL.PZGIK.200</sln:miejscIIPPn><sln:miejscIIPWersja>2017-04-03T11:54:47+02:00</sln:miejscIIPWersja><sln:miejscIdTeryt>0777875</sln:miejscIdTeryt><sln:miejscNazwa>Rosówek</sln:miejscNazwa><sln:miejscRodzaj>Osada</sln:miejscRodzaj><sln:powIIPId>c37bd998-ab49-436d-8b00-f783df29346e</sln:powIIPId><sln:powIIPPn>PL.PZGIK.200</sln:powIIPPn><sln:powIIPWersja>2012-09-27T10:07:22+02:00</sln:powIIPWersja><sln:powIdTeryt>3211</sln:powIdTeryt><sln:powNazwa>policki</sln:powNazwa><sln:waznyOd>2011-04-01T00:00:00+02:00</sln:waznyOd><sln:wojIIPId>c3f2202a-b491-49c5-a3af-d581108d939a</sln:wojIIPId><sln:wojIIPPn>PL.PZGIK.200</sln:wojIIPPn><sln:wojIIPWersja>2017-10-10T00:00:00+02:00</sln:wojIIPWersja><sln:wojIdTeryt>32</sln:wojIdTeryt><sln:wojNazwa>zachodniopomorskie</sln:wojNazwa></sln:miejscowosc><sln:miejscowosc><sln:cyklZyciaOd>2017-04-03T00:00:00+02:00</sln:cyklZyciaOd><sln:gmIIPId>29beead0-67df-4537-9428-ad7251ed5fe6</sln:gmIIPId><sln:gmIIPPn>PL.PZGIK.200</sln:gmIIPPn><sln:gmIIPWersja>2012-09-26T22:34:28+02:00</sln:gmIIPWersja><sln:gmIdTeryt>3211022</sln:gmIdTeryt><sln:gmNazwa>Kołbaskowo</sln:gmNazwa><sln:miejscIIPId>e2da1de0-b454-4e68-964a-8fa2c9708af2</sln:miejscIIPId><sln:miejscIIPPn>PL.PZGIK.200</sln:miejscIIPPn><sln:miejscIIPWersja>2017-04-03T11:54:47+02:00</sln:miejscIIPWersja><sln:miejscIdTeryt>0777881</sln:miejscIdTeryt><sln:miejscNazwa>Siadło Dolne</sln:miejscNazwa><sln:miejscRodzaj>Wieś</sln:miejscRodzaj><sln:powIIPId>c37bd998-ab49-436d-8b00-f783df29346e</sln:powIIPId><sln:powIIPPn>PL.PZGIK.200</sln:powIIPPn><sln:powIIPWersja>2012-09-27T10:07:22+02:00</sln:powIIPWersja><sln:powIdTeryt>3211</sln:powIdTeryt><sln:powNazwa>policki</sln:powNazwa><sln:waznyOd>2011-04-01T00:00:00+02:00</sln:waznyOd><sln:wojIIPId>c3f2202a-b491-49c5-a3af-d581108d939a</sln:wojIIPId><sln:wojIIPPn>PL.PZGIK.200</sln:wojIIPPn><sln:wojIIPWersja>2017-10-10T00:00:00+02:00</sln:wojIIPWersja><sln:wojIdTeryt>32</sln:wojIdTeryt><sln:wojNazwa>zachodniopomorskie</sln:wojNazwa></sln:miejscowosc><sln:miejscowosc><sln:cyklZyciaOd>2017-04-03T00:00:00+02:00</sln:cyklZyciaOd><sln:gmIIPId>29beead0-67df-4537-9428-ad7251ed5fe6</sln:gmIIPId><sln:gmIIPPn>PL.PZGIK.200</sln:gmIIPPn><sln:gmIIPWersja>2012-09-26T22:34:28+02:00</sln:gmIIPWersja><sln:gmIdTeryt>3211022</sln:gmIdTeryt><sln:gmNazwa>Kołbaskowo</sln:gmNazwa><sln:miejscIIPId>92080740-58e8-4f5d-bb9b-162b96784333</sln:miejscIIPId><sln:miejscIIPPn>PL.PZGIK.200</sln:miejscIIPPn><sln:miejscIIPWersja>2017-04-03T11:54:47+02:00</sln:miejscIIPWersja><sln:miejscIdTeryt>0777898</sln:miejscIdTeryt><sln:miejscNazwa>Siadło Górne</sln:miejscNazwa><sln:miejscRodzaj>Wieś</sln:miejscRodzaj><sln:powIIPId>c37bd998-ab49-436d-8b00-f783df29346e</sln:powIIPId><sln:powIIPPn>PL.PZGIK.200</sln:powIIPPn><sln:powIIPWersja>2012-09-27T10:07:22+02:00</sln:powIIPWersja><sln:powIdTeryt>3211</sln:powIdTeryt><sln:powNazwa>policki</sln:powNazwa><sln:waznyOd>2011-04-01T00:00:00+02:00</sln:waznyOd><sln:wojIIPId>c3f2202a-b491-49c5-a3af-d581108d939a</sln:wojIIPId><sln:wojIIPPn>PL.PZGIK.200</sln:wojIIPPn><sln:wojIIPWersja>2017-10-10T00:00:00+02:00</sln:wojIIPWersja><sln:wojIdTeryt>32</sln:wojIdTeryt><sln:wojNazwa>zachodniopomorskie</sln:wojNazwa></sln:miejscowosc><sln:miejscowosc><sln:cyklZyciaOd>2017-04-03T00:00:00+02:00</sln:cyklZyciaOd><sln:gmIIPId>29beead0-67df-4537-9428-ad7251ed5fe6</sln:gmIIPId><sln:gmIIPPn>PL.PZGIK.200</sln:gmIIPPn><sln:gmIIPWersja>2012-09-26T22:34:28+02:00</sln:gmIIPWersja><sln:gmIdTeryt>3211022</sln:gmIdTeryt><sln:gmNazwa>Kołbaskowo</sln:gmNazwa><sln:miejscIIPId>f365aa14-7c20-4a69-b2db-eb9277751fb0</sln:miejscIIPId><sln:miejscIIPPn>PL.PZGIK.200</sln:miejscIIPPn><sln:miejscIIPWersja>2017-04-03T11:54:47+02:00</sln:miejscIIPWersja><sln:miejscIdTeryt>0777906</sln:miejscIdTeryt><sln:miejscNazwa>Smolęcin</sln:miejscNazwa><sln:miejscRodzaj>Wieś</sln:miejscRodzaj><sln:powIIPId>c37bd998-ab49-436d-8b00-f783df29346e</sln:powIIPId><sln:powIIPPn>PL.PZGIK.200</sln:powIIPPn><sln:powIIPWersja>2012-09-27T10:07:22+02:00</sln:powIIPWersja><sln:powIdTeryt>3211</sln:powIdTeryt><sln:powNazwa>policki</sln:powNazwa><sln:waznyOd>2011-12-15T00:00:00+01:00</sln:waznyOd><sln:wojIIPId>c3f2202a-b491-49c5-a3af-d581108d939a</sln:wojIIPId><sln:wojIIPPn>PL.PZGIK.200</sln:wojIIPPn><sln:wojIIPWersja>2017-10-10T00:00:00+02:00</sln:wojIIPWersja><sln:wojIdTeryt>32</sln:wojIdTeryt><sln:wojNazwa>zachodniopomorskie</sln:wojNazwa></sln:miejscowosc><sln:miejscowosc><sln:cyklZyciaOd>2017-04-03T00:00:00+02:00</sln:cyklZyciaOd><sln:gmIIPId>29beead0-67df-4537-9428-ad7251ed5fe6</sln:gmIIPId><sln:gmIIPPn>PL.PZGIK.200</sln:gmIIPPn><sln:gmIIPWersja>2012-09-26T22:34:28+02:00</sln:gmIIPWersja><sln:gmIdTeryt>3211022</sln:gmIdTeryt><sln:gmNazwa>Kołbaskowo</sln:gmNazwa><sln:miejscIIPId>09c7869a-5e57-43f6-8825-9bc05f3eeb9b</sln:miejscIIPId><sln:miejscIIPPn>PL.PZGIK.200</sln:miejscIIPPn><sln:miejscIIPWersja>2017-04-03T11:54:47+02:00</sln:miejscIIPWersja><sln:miejscIdTeryt>0777912</sln:miejscIdTeryt><sln:miejscNazwa>Stobno</sln:miejscNazwa><sln:miejscRodzaj>Wieś</sln:miejscRodzaj><sln:powIIPId>c37bd998-ab49-436d-8b00-f783df29346e</sln:powIIPId><sln:powIIPPn>PL.PZGIK.200</sln:powIIPPn><sln:powIIPWersja>2012-09-27T10:07:22+02:00</sln:powIIPWersja><sln:powIdTeryt>3211</sln:powIdTeryt><sln:powNazwa>policki</sln:powNazwa><sln:waznyOd>2011-04-01T00:00:00+02:00</sln:waznyOd><sln:wojIIPId>c3f2202a-b491-49c5-a3af-d581108d939a</sln:wojIIPId><sln:wojIIPPn>PL.PZGIK.200</sln:wojIIPPn><sln:wojIIPWersja>2017-10-10T00:00:00+02:00</sln:wojIIPWersja><sln:wojIdTeryt>32</sln:wojIdTeryt><sln:wojNazwa>zachodniopomorskie</sln:wojNazwa></sln:miejscowosc><sln:miejscowosc><sln:cyklZyciaOd>2017-04-03T00:00:00+02:00</sln:cyklZyciaOd><sln:gmIIPId>29beead0-67df-4537-9428-ad7251ed5fe6</sln:gmIIPId><sln:gmIIPPn>PL.PZGIK.200</sln:gmIIPPn><sln:gmIIPWersja>2012-09-26T22:34:28+02:00</sln:gmIIPWersja><sln:gmIdTeryt>3211022</sln:gmIdTeryt><sln:gmNazwa>Kołbaskowo</sln:gmNazwa><sln:miejscIIPId>4fc66d99-c46b-40a7-a59f-2f0ffb3fcaca</sln:miejscIIPId><sln:miejscIIPPn>PL.PZGIK.200</sln:miejscIIPPn><sln:miejscIIPWersja>2017-04-03T11:54:48+02:00</sln:miejscIIPWersja><sln:miejscIdTeryt>0777929</sln:miejscIdTeryt><sln:miejscNazwa>Ustowo</sln:miejscNazwa><sln:miejscRodzaj>Wieś</sln:miejscRodzaj><sln:powIIPId>c37bd998-ab49-436d-8b00-f783df29346e</sln:powIIPId><sln:powIIPPn>PL.PZGIK.200</sln:powIIPPn><sln:powIIPWersja>2012-09-27T10:07:22+02:00</sln:powIIPWersja><sln:powIdTeryt>3211</sln:powIdTeryt><sln:powNazwa>policki</sln:powNazwa><sln:waznyOd>2011-04-01T00:00:00+02:00</sln:waznyOd><sln:wojIIPId>c3f2202a-b491-49c5-a3af-d581108d939a</sln:wojIIPId><sln:wojIIPPn>PL.PZGIK.200</sln:wojIIPPn><sln:wojIIPWersja>2017-10-10T00:00:00+02:00</sln:wojIIPWersja><sln:wojIdTeryt>32</sln:wojIdTeryt><sln:wojNazwa>zachodniopomorskie</sln:wojNazwa></sln:miejscowosc><sln:miejscowosc><sln:cyklZyciaOd>2017-04-03T00:00:00+02:00</sln:cyklZyciaOd><sln:gmIIPId>29beead0-67df-4537-9428-ad7251ed5fe6</sln:gmIIPId><sln:gmIIPPn>PL.PZGIK.200</sln:gmIIPPn><sln:gmIIPWersja>2012-09-26T22:34:28+02:00</sln:gmIIPWersja><sln:gmIdTeryt>3211022</sln:gmIdTeryt><sln:gmNazwa>Kołbaskowo</sln:gmNazwa><sln:miejscIIPId>131b4635-3c1f-4e37-a437-2f5a2289b271</sln:miejscIIPId><sln:miejscIIPPn>PL.PZGIK.200</sln:miejscIIPPn><sln:miejscIIPWersja>2017-04-03T11:54:48+02:00</sln:miejscIIPWersja><sln:miejscIdTeryt>0777935</sln:miejscIdTeryt><sln:miejscNazwa>Warnik</sln:miejscNazwa><sln:miejscRodzaj>Osada</sln:miejscRodzaj><sln:powIIPId>c37bd998-ab49-436d-8b00-f783df29346e</sln:powIIPId><sln:powIIPPn>PL.PZGIK.200</sln:powIIPPn><sln:powIIPWersja>2012-09-27T10:07:22+02:00</sln:powIIPWersja><sln:powIdTeryt>3211</sln:powIdTeryt><sln:powNazwa>policki</sln:powNazwa><sln:waznyOd>2011-04-01T00:00:00+02:00</sln:waznyOd><sln:wojIIPId>c3f2202a-b491-49c5-a3af-d581108d939a</sln:wojIIPId><sln:wojIIPPn>PL.PZGIK.200</sln:wojIIPPn><sln:wojIIPWersja>2017-10-10T00:00:00+02:00</sln:wojIIPWersja><sln:wojIdTeryt>32</sln:wojIdTeryt><sln:wojNazwa>zachodniopomorskie</sln:wojNazwa></sln:miejscowosc><sln:miejscowosc><sln:cyklZyciaOd>2017-04-03T00:00:00+02:00</sln:cyklZyciaOd><sln:gmIIPId>29beead0-67df-4537-9428-ad7251ed5fe6</sln:gmIIPId><sln:gmIIPPn>PL.PZGIK.200</sln:gmIIPPn><sln:gmIIPWersja>2012-09-26T22:34:28+02:00</sln:gmIIPWersja><sln:gmIdTeryt>3211022</sln:gmIdTeryt><sln:gmNazwa>Kołbaskowo</sln:gmNazwa><sln:miejscIIPId>35a29c6c-d1b6-4eb9-9daf-458a2f4b7c46</sln:miejscIIPId><sln:miejscIIPPn>PL.PZGIK.200</sln:miejscIIPPn><sln:miejscIIPWersja>2017-04-03T11:54:48+02:00</sln:miejscIIPWersja><sln:miejscIdTeryt>0777941</sln:miejscIdTeryt><sln:miejscNazwa>Warzymice</sln:miejscNazwa><sln:miejscRodzaj>Wieś</sln:miejscRodzaj><sln:powIIPId>c37bd998-ab49-436d-8b00-f783df29346e</sln:powIIPId><sln:powIIPPn>PL.PZGIK.200</sln:powIIPPn><sln:powIIPWersja>2012-09-27T10:07:22+02:00</sln:powIIPWersja><sln:powIdTeryt>3211</sln:powIdTeryt><sln:powNazwa>policki</sln:powNazwa><sln:waznyOd>2011-04-01T00:00:00+02:00</sln:waznyOd><sln:wojIIPId>c3f2202a-b491-49c5-a3af-d581108d939a</sln:wojIIPId><sln:wojIIPPn>PL.PZGIK.200</sln:wojIIPPn><sln:wojIIPWersja>2017-10-10T00:00:00+02:00</sln:wojIIPWersja><sln:wojIdTeryt>32</sln:wojIdTeryt><sln:wojNazwa>zachodniopomorskie</sln:wojNazwa></sln:miejscowosc><sln:miejscowosc><sln:cyklZyciaOd>2017-04-03T00:00:00+02:00</sln:cyklZyciaOd><sln:gmIIPId>29beead0-67df-4537-9428-ad7251ed5fe6</sln:gmIIPId><sln:gmIIPPn>PL.PZGIK.200</sln:gmIIPPn><sln:gmIIPWersja>2012-09-26T22:34:28+02:00</sln:gmIIPWersja><sln:gmIdTeryt>3211022</sln:gmIdTeryt><sln:gmNazwa>Kołbaskowo</sln:gmNazwa><sln:miejscIIPId>e831d872-86be-4897-af88-ffb4b0d3972c</sln:miejscIIPId><sln:miejscIIPPn>PL.PZGIK.200</sln:miejscIIPPn><sln:miejscIIPWersja>2017-04-03T11:54:48+02:00</sln:miejscIIPWersja><sln:miejscIdTeryt>0990451</sln:miejscIdTeryt><sln:miejscNazwa>Smętowice</sln:miejscNazwa><sln:miejscRodzaj>Osada</sln:miejscRodzaj><sln:powIIPId>c37bd998-ab49-436d-8b00-f783df29346e</sln:powIIPId><sln:powIIPPn>PL.PZGIK.200</sln:powIIPPn><sln:powIIPWersja>2012-09-27T10:07:22+02:00</sln:powIIPWersja><sln:powIdTeryt>3211</sln:powIdTeryt><sln:powNazwa>policki</sln:powNazwa><sln:waznyOd>2011-04-01T00:00:00+02:00</sln:waznyOd><sln:wojIIPId>c3f2202a-b491-49c5-a3af-d581108d939a</sln:wojIIPId><sln:wojIIPPn>PL.PZGIK.200</sln:wojIIPPn><sln:wojIIPWersja>2017-10-10T00:00:00+02:00</sln:wojIIPWersja><sln:wojIdTeryt>32</sln:wojIdTeryt><sln:wojNazwa>zachodniopomorskie</sln:wojNazwa></sln:miejscowosc></sln:lista-miejscowosci>