<?xml version="1.0" encoding="UTF-8" standalone="yes"?><sln:lista-miejscowosci xmlns:srv="http://gugik.gov.pl/schemas/slowniki-service/1.0" xmlns:sln="http://gugik.gov.pl/schemas/slowniki-schema/1.0"><sln:miejscowosc><sln:cyklZyciaDo>2017-04-03T00:00:00+02:00</sln:cyklZyciaDo><sln:cyklZyciaOd>2015-12-18T00:00:00+01:00</sln:cyklZyciaOd><sln:gmIIPId>06a7f8b1-1f5b-4811-b0b1-8bc35b4b1a7c</sln:gmIIPId><sln:gmIIPPn>PL.PZGIK.200</sln:gmIIPPn><sln:gmIIPWersja>2012-09-26T22:34:41+02:00</sln:gmIIPWersja><sln:gmIdTeryt>3214092</sln:gmIdTeryt><sln:gmNazwa>Stara Dąbrowa</sln:gmNazwa><sln:miejscIIPId>a1991950-66ea-4c3a-956d-85cea4ab9b07</sln:miejscIIPId><sln:miejscIIPPn>PL.PZGIK.200</sln:miejscIIPPn><sln:miejscIIPWersja>2016-11-24T12:48:51+02:00</sln:miejscIIPWersja><sln:miejscIdTeryt>0782907</sln:miejscIdTeryt><sln:miejscNazwa>Białuń</sln:miejscNazwa><sln:miejscRodzaj>Wieś</sln:miejscRodzaj><sln:powIIPId>b832e274-346c-4551-b312-80aa8ccfd59b</sln:powIIPId><sln:powIIPPn>PL.PZGIK.200</sln:powIIPPn><sln:powIIPWersja>2012-09-27T10:07:22+02:00</sln:powIIPWersja><sln:powIdTeryt>3214</sln:powIdTeryt><sln:powNazwa>stargardzki</sln:powNazwa><sln:waznyOd>2011-04-08T00:00:00+02:00</sln:waznyOd><sln:wojIIPId>c3f2202a-b491-49c5-a3af-d581108d939a</sln:wojIIPId><sln:wojIIPPn>PL.PZGIK.200</sln:wojIIPPn><sln:wojIIPWersja>2017-10-10T00:00:00+02:00</sln:wojIIPWersja><sln:wojIdTeryt>32</sln:wojIdTeryt><sln:wojNazwa>zachodniopomorskie</sln:wojNazwa></sln:miejscowosc><sln:miejscowosc><sln:cyklZyciaDo>2017-04-03T00:00:00+02:00</sln:cyklZyciaDo><sln:cyklZyciaOd>2015-12-18T00:00:00+01:00</sln:cyklZyciaOd><sln:gmIIPId>06a7f8b1-1f5b-4811-b0b1-8bc35b4b1a7c</sln:gmIIPId><sln:gmIIPPn>PL.PZGIK.200</sln:gmIIPPn><sln:gmIIPWersja>2012-09-26T22:34:41+02:00</sln:gmIIPWersja><sln:gmIdTeryt>3214092</sln:gmIdTeryt><sln:gmNazwa>Stara Dąbrowa</sln:gmNazwa><sln:miejscIIPId>7e923582-d903-4aa4-ae72-0d92359b4f8f</sln:miejscIIPId><sln:miejscIIPPn>PL.PZGIK.200</sln:miejscIIPPn><sln:miejscIIPWersja>2016-11-24T12:48:51+02:00</sln:miejscIIPWersja><sln:miejscIdTeryt>0782913</sln:miejscIdTeryt><sln:miejscNazwa>Chlebowo</sln:miejscNazwa><sln:miejscRodzaj>Osada</sln:miejscRodzaj><sln:powIIPId>b832e274-346c-4551-b312-80aa8ccfd59b</sln:powIIPId><sln:powIIPPn>PL.PZGIK.200</sln:powIIPPn><sln:powIIPWersja>2012-09-27T10:07:22+02:00</sln:powIIPWersja><sln:powIdTeryt>3214</sln:powIdTeryt><sln:powNazwa>stargardzki</sln:powNazwa><sln:waznyOd>2011-04-08T00:00:00+02:00</sln:waznyOd><sln:wojIIPId>c3f2202a-b491-49c5-a3af-d581108d939a</sln:wojIIPId><sln:wojIIPPn>PL.PZGIK.200</sln:wojIIPPn><sln:wojIIPWersja>2017-10-10T00:00:00+02:00</sln:wojIIPWersja><sln:wojIdTeryt>32</sln:wojIdTeryt><sln:wojNazwa>zachodniopomorskie</sln:wojNazwa></sln:miejscowosc><sln:miejscowosc><sln:cyklZyciaDo>2017-04-03T00:00:00+02:00</sln:cyklZyciaDo><sln:cyklZyciaOd>2015-12-18T00:00:00+01:00</sln:cyklZyciaOd><sln:gmIIPId>06a7f8b1-1f5b-4811-b0b1-8bc35b4b1a7c</sln:gmIIPId><sln:gmIIPPn>PL.PZGIK.200</sln:gmIIPPn><sln:gmIIPWersja>2012-09-26T22:34:41+02:00</sln:gmIIPWersja><sln:gmIdTeryt>3214092</sln:gmIdTeryt><sln:gmNazwa>Stara Dąbrowa</sln:gmNazwa><sln:miejscIIPId>87cbbf84-5c65-4688-b505-87513316f564</sln:miejscIIPId><sln:miejscIIPPn>PL.PZGIK.200</sln:miejscIIPPn><sln:miejscIIPWersja>2016-11-24T12:48:51+02:00</sln:miejscIIPWersja><sln:miejscIdTeryt>0782920</sln:miejscIdTeryt><sln:miejscNazwa>Chlebówko</sln:miejscNazwa><sln:miejscRodzaj>Wieś</sln:miejscRodzaj><sln:powIIPId>b832e274-346c-4551-b312-80aa8ccfd59b</sln:powIIPId><sln:powIIPPn>PL.PZGIK.200</sln:powIIPPn><sln:powIIPWersja>2012-09-27T10:07:22+02:00</sln:powIIPWersja><sln:powIdTeryt>3214</sln:powIdTeryt><sln:powNazwa>stargardzki</sln:powNazwa><sln:waznyOd>2011-04-08T00:00:00+02:00</sln:waznyOd><sln:wojIIPId>c3f2202a-b491-49c5-a3af-d581108d939a</sln:wojIIPId><sln:wojIIPPn>PL.PZGIK.200</sln:wojIIPPn><sln:wojIIPWersja>2017-10-10T00:00:00+02:00</sln:wojIIPWersja><sln:wojIdTeryt>32</sln:wojIdTeryt><sln:wojNazwa>zachodniopomorskie</sln:wojNazwa></sln:miejscowosc><sln:miejscowosc><sln:cyklZyciaDo>2017-04-03T00:00:00+02:00</sln:cyklZyciaDo><sln:cyklZyciaOd>2015-12-18T00:00:00+01:00</sln:cyklZyciaOd><sln:gmIIPId>06a7f8b1-1f5b-4811-b0b1-8bc35b4b1a7c</sln:gmIIPId><sln:gmIIPPn>PL.PZGIK.200</sln:gmIIPPn><sln:gmIIPWersja>2012-09-26T22:34:41+02:00</sln:gmIIPWersja><sln:gmIdTeryt>3214092</sln:gmIdTeryt><sln:gmNazwa>Stara Dąbrowa</sln:gmNazwa><sln:miejscIIPId>1ae95452-134e-438e-aaed-5cff84f0aa87</sln:miejscIIPId><sln:miejscIIPPn>PL.PZGIK.200</sln:miejscIIPPn><sln:miejscIIPWersja>2016-11-24T12:48:51+02:00</sln:miejscIIPWersja><sln:miejscIdTeryt>0782942</sln:miejscIdTeryt><sln:miejscNazwa>Kicko</sln:miejscNazwa><sln:miejscRodzaj>Wieś</sln:miejscRodzaj><sln:powIIPId>b832e274-346c-4551-b312-80aa8ccfd59b</sln:powIIPId><sln:powIIPPn>PL.PZGIK.200</sln:powIIPPn><sln:powIIPWersja>2012-09-27T10:07:22+02:00</sln:powIIPWersja><sln:powIdTeryt>3214</sln:powIdTeryt><sln:powNazwa>stargardzki</sln:powNazwa><sln:waznyOd>2011-04-08T00:00:00+02:00</sln:waznyOd><sln:wojIIPId>c3f2202a-b491-49c5-a3af-d581108d939a</sln:wojIIPId><sln:wojIIPPn>PL.PZGIK.200</sln:wojIIPPn><sln:wojIIPWersja>2017-10-10T00:00:00+02:00</sln:wojIIPWersja><sln:wojIdTeryt>32</sln:wojIdTeryt><sln:wojNazwa>zachodniopomorskie</sln:wojNazwa></sln:miejscowosc><sln:miejscowosc><sln:cyklZyciaDo>2017-04-03T00:00:00+02:00</sln:cyklZyciaDo><sln:cyklZyciaOd>2015-12-18T00:00:00+01:00</sln:cyklZyciaOd><sln:gmIIPId>06a7f8b1-1f5b-4811-b0b1-8bc35b4b1a7c</sln:gmIIPId><sln:gmIIPPn>PL.PZGIK.200</sln:gmIIPPn><sln:gmIIPWersja>2012-09-26T22:34:41+02:00</sln:gmIIPWersja><sln:gmIdTeryt>3214092</sln:gmIdTeryt><sln:gmNazwa>Stara Dąbrowa</sln:gmNazwa><sln:miejscIIPId>a0a44d06-0d37-498f-9a52-7092f73afc35</sln:miejscIIPId><sln:miejscIIPPn>PL.PZGIK.200</sln:miejscIIPPn><sln:miejscIIPWersja>2016-11-24T12:48:51+02:00</sln:miejscIIPWersja><sln:miejscIdTeryt>0782959</sln:miejscIdTeryt><sln:miejscNazwa>Krzywnica</sln:miejscNazwa><sln:miejscRodzaj>Wieś</sln:miejscRodzaj><sln:powIIPId>b832e274-346c-4551-b312-80aa8ccfd59b</sln:powIIPId><sln:powIIPPn>PL.PZGIK.200</sln:powIIPPn><sln:powIIPWersja>2012-09-27T10:07:22+02:00</sln:powIIPWersja><sln:powIdTeryt>3214</sln:powIdTeryt><sln:powNazwa>stargardzki</sln:powNazwa><sln:waznyOd>2011-04-08T00:00:00+02:00</sln:waznyOd><sln:wojIIPId>c3f2202a-b491-49c5-a3af-d581108d939a</sln:wojIIPId><sln:wojIIPPn>PL.PZGIK.200</sln:wojIIPPn><sln:wojIIPWersja>2017-10-10T00:00:00+02:00</sln:wojIIPWersja><sln:wojIdTeryt>32</sln:wojIdTeryt><sln:wojNazwa>zachodniopomorskie</sln:wojNazwa></sln:miejscowosc><sln:miejscowosc><sln:cyklZyciaDo>2017-04-03T00:00:00+02:00</sln:cyklZyciaDo><sln:cyklZyciaOd>2015-12-18T00:00:00+01:00</sln:cyklZyciaOd><sln:gmIIPId>06a7f8b1-1f5b-4811-b0b1-8bc35b4b1a7c</sln:gmIIPId><sln:gmIIPPn>PL.PZGIK.200</sln:gmIIPPn><sln:gmIIPWersja>2012-09-26T22:34:41+02:00</sln:gmIIPWersja><sln:gmIdTeryt>3214092</sln:gmIdTeryt><sln:gmNazwa>Stara Dąbrowa</sln:gmNazwa><sln:miejscIIPId>cfb36f78-478f-456e-aceb-4e83fb83147b</sln:miejscIIPId><sln:miejscIIPPn>PL.PZGIK.200</sln:miejscIIPPn><sln:miejscIIPWersja>2016-11-24T12:48:51+02:00</sln:miejscIIPWersja><sln:miejscIdTeryt>0782971</sln:miejscIdTeryt><sln:miejscNazwa>Łęczówka</sln:miejscNazwa><sln:miejscRodzaj>Kolonia</sln:miejscRodzaj><sln:powIIPId>b832e274-346c-4551-b312-80aa8ccfd59b</sln:powIIPId><sln:powIIPPn>PL.PZGIK.200</sln:powIIPPn><sln:powIIPWersja>2012-09-27T10:07:22+02:00</sln:powIIPWersja><sln:powIdTeryt>3214</sln:powIdTeryt><sln:powNazwa>stargardzki</sln:powNazwa><sln:waznyOd>2011-04-08T00:00:00+02:00</sln:waznyOd><sln:wojIIPId>c3f2202a-b491-49c5-a3af-d581108d939a</sln:wojIIPId><sln:wojIIPPn>PL.PZGIK.200</sln:wojIIPPn><sln:wojIIPWersja>2017-10-10T00:00:00+02:00</sln:wojIIPWersja><sln:wojIdTeryt>32</sln:wojIdTeryt><sln:wojNazwa>zachodniopomorskie</sln:wojNazwa></sln:miejscowosc><sln:miejscowosc><sln:cyklZyciaDo>2017-04-03T00:00:00+02:00</sln:cyklZyciaDo><sln:cyklZyciaOd>2015-12-18T00:00:00+01:00</sln:cyklZyciaOd><sln:gmIIPId>06a7f8b1-1f5b-4811-b0b1-8bc35b4b1a7c</sln:gmIIPId><sln:gmIIPPn>PL.PZGIK.200</sln:gmIIPPn><sln:gmIIPWersja>2012-09-26T22:34:41+02:00</sln:gmIIPWersja><sln:gmIdTeryt>3214092</sln:gmIdTeryt><sln:gmNazwa>Stara Dąbrowa</sln:gmNazwa><sln:miejscIIPId>a2d884d1-dc6d-476d-ba52-001ae09c5f43</sln:miejscIIPId><sln:miejscIIPPn>PL.PZGIK.200</sln:miejscIIPPn><sln:miejscIIPWersja>2016-11-24T12:48:51+02:00</sln:miejscIIPWersja><sln:miejscIdTeryt>0782965</sln:miejscIdTeryt><sln:miejscNazwa>Łęczyca</sln:miejscNazwa><sln:miejscRodzaj>Wieś</sln:miejscRodzaj><sln:powIIPId>b832e274-346c-4551-b312-80aa8ccfd59b</sln:powIIPId><sln:powIIPPn>PL.PZGIK.200</sln:powIIPPn><sln:powIIPWersja>2012-09-27T10:07:22+02:00</sln:powIIPWersja><sln:powIdTeryt>3214</sln:powIdTeryt><sln:powNazwa>stargardzki</sln:powNazwa><sln:waznyOd>2011-04-08T00:00:00+02:00</sln:waznyOd><sln:wojIIPId>c3f2202a-b491-49c5-a3af-d581108d939a</sln:wojIIPId><sln:wojIIPPn>PL.PZGIK.200</sln:wojIIPPn><sln:wojIIPWersja>2017-10-10T00:00:00+02:00</sln:wojIIPWersja><sln:wojIdTeryt>32</sln:wojIdTeryt><sln:wojNazwa>zachodniopomorskie</sln:wojNazwa></sln:miejscowosc><sln:miejscowosc><sln:cyklZyciaDo>2017-04-03T00:00:00+02:00</sln:cyklZyciaDo><sln:cyklZyciaOd>2015-12-18T00:00:00+01:00</sln:cyklZyciaOd><sln:gmIIPId>06a7f8b1-1f5b-4811-b0b1-8bc35b4b1a7c</sln:gmIIPId><sln:gmIIPPn>PL.PZGIK.200</sln:gmIIPPn><sln:gmIIPWersja>2012-09-26T22:34:41+02:00</sln:gmIIPWersja><sln:gmIdTeryt>3214092</sln:gmIdTeryt><sln:gmNazwa>Stara Dąbrowa</sln:gmNazwa><sln:miejscIIPId>f9e174db-5c76-4253-b48b-9ad8a3ac502e</sln:miejscIIPId><sln:miejscIIPPn>PL.PZGIK.200</sln:miejscIIPPn><sln:miejscIIPWersja>2016-11-24T12:48:51+02:00</sln:miejscIIPWersja><sln:miejscIdTeryt>0782988</sln:miejscIdTeryt><sln:miejscNazwa>Łęczyna</sln:miejscNazwa><sln:miejscRodzaj>Osada</sln:miejscRodzaj><sln:powIIPId>b832e274-346c-4551-b312-80aa8ccfd59b</sln:powIIPId><sln:powIIPPn>PL.PZGIK.200</sln:powIIPPn><sln:powIIPWersja>2012-09-27T10:07:22+02:00</sln:powIIPWersja><sln:powIdTeryt>3214</sln:powIdTeryt><sln:powNazwa>stargardzki</sln:powNazwa><sln:waznyOd>2011-04-08T00:00:00+02:00</sln:waznyOd><sln:wojIIPId>c3f2202a-b491-49c5-a3af-d581108d939a</sln:wojIIPId><sln:wojIIPPn>PL.PZGIK.200</sln:wojIIPPn><sln:wojIIPWersja>2017-10-10T00:00:00+02:00</sln:wojIIPWersja><sln:wojIdTeryt>32</sln:wojIdTeryt><sln:wojNazwa>zachodniopomorskie</sln:wojNazwa></sln:miejscowosc><sln:miejscowosc><sln:cyklZyciaDo>2017-04-03T00:00:00+02:00</sln:cyklZyciaDo><sln:cyklZyciaOd>2015-12-18T00:00:00+01:00</sln:cyklZyciaOd><sln:gmIIPId>06a7f8b1-1f5b-4811-b0b1-8bc35b4b1a7c</sln:gmIIPId><sln:gmIIPPn>PL.PZGIK.200</sln:gmIIPPn><sln:gmIIPWersja>2012-09-26T22:34:41+02:00</sln:gmIIPWersja><sln:gmIdTeryt>3214092</sln:gmIdTeryt><sln:gmNazwa>Stara Dąbrowa</sln:gmNazwa><sln:miejscIIPId>3ed8910e-6b3d-411b-b2cf-cc7e7793cf36</sln:miejscIIPId><sln:miejscIIPPn>PL.PZGIK.200</sln:miejscIIPPn><sln:miejscIIPWersja>2016-11-24T12:48:51+02:00</sln:miejscIIPWersja><sln:miejscIdTeryt>0782994</sln:miejscIdTeryt><sln:miejscNazwa>Moskorze</sln:miejscNazwa><sln:miejscRodzaj>Kolonia</sln:miejscRodzaj><sln:powIIPId>b832e274-346c-4551-b312-80aa8ccfd59b</sln:powIIPId><sln:powIIPPn>PL.PZGIK.200</sln:powIIPPn><sln:powIIPWersja>2012-09-27T10:07:22+02:00</sln:powIIPWersja><sln:powIdTeryt>3214</sln:powIdTeryt><sln:powNazwa>stargardzki</sln:powNazwa><sln:waznyOd>2011-04-08T00:00:00+02:00</sln:waznyOd><sln:wojIIPId>c3f2202a-b491-49c5-a3af-d581108d939a</sln:wojIIPId><sln:wojIIPPn>PL.PZGIK.200</sln:wojIIPPn><sln:wojIIPWersja>2017-10-10T00:00:00+02:00</sln:wojIIPWersja><sln:wojIdTeryt>32</sln:wojIdTeryt><sln:wojNazwa>zachodniopomorskie</sln:wojNazwa></sln:miejscowosc><sln:miejscowosc><sln:cyklZyciaDo>2017-04-03T00:00:00+02:00</sln:cyklZyciaDo><sln:cyklZyciaOd>2015-12-18T00:00:00+01:00</sln:cyklZyciaOd><sln:gmIIPId>06a7f8b1-1f5b-4811-b0b1-8bc35b4b1a7c</sln:gmIIPId><sln:gmIIPPn>PL.PZGIK.200</sln:gmIIPPn><sln:gmIIPWersja>2012-09-26T22:34:41+02:00</sln:gmIIPWersja><sln:gmIdTeryt>3214092</sln:gmIdTeryt><sln:gmNazwa>Stara Dąbrowa</sln:gmNazwa><sln:miejscIIPId>641c6ec3-0c1e-4ebc-a6c2-edd52315e59c</sln:miejscIIPId><sln:miejscIIPPn>PL.PZGIK.200</sln:miejscIIPPn><sln:miejscIIPWersja>2016-11-24T12:48:51+02:00</sln:miejscIIPWersja><sln:miejscIdTeryt>0783019</sln:miejscIdTeryt><sln:miejscNazwa>Nowa Dąbrowa</sln:miejscNazwa><sln:miejscRodzaj>Wieś</sln:miejscRodzaj><sln:powIIPId>b832e274-346c-4551-b312-80aa8ccfd59b</sln:powIIPId><sln:powIIPPn>PL.PZGIK.200</sln:powIIPPn><sln:powIIPWersja>2012-09-27T10:07:22+02:00</sln:powIIPWersja><sln:powIdTeryt>3214</sln:powIdTeryt><sln:powNazwa>stargardzki</sln:powNazwa><sln:waznyOd>2011-04-08T00:00:00+02:00</sln:waznyOd><sln:wojIIPId>c3f2202a-b491-49c5-a3af-d581108d939a</sln:wojIIPId><sln:wojIIPPn>PL.PZGIK.200</sln:wojIIPPn><sln:wojIIPWersja>2017-10-10T00:00:00+02:00</sln:wojIIPWersja><sln:wojIdTeryt>32</sln:wojIdTeryt><sln:wojNazwa>zachodniopomorskie</sln:wojNazwa></sln:miejscowosc><sln:miejscowosc><sln:cyklZyciaDo>2017-04-03T00:00:00+02:00</sln:cyklZyciaDo><sln:cyklZyciaOd>2015-12-18T00:00:00+01:00</sln:cyklZyciaOd><sln:gmIIPId>06a7f8b1-1f5b-4811-b0b1-8bc35b4b1a7c</sln:gmIIPId><sln:gmIIPPn>PL.PZGIK.200</sln:gmIIPPn><sln:gmIIPWersja>2012-09-26T22:34:41+02:00</sln:gmIIPWersja><sln:gmIdTeryt>3214092</sln:gmIdTeryt><sln:gmNazwa>Stara Dąbrowa</sln:gmNazwa><sln:miejscIIPId>afbce9e3-8032-4dd5-b790-dbc305bf4ceb</sln:miejscIIPId><sln:miejscIIPPn>PL.PZGIK.200</sln:miejscIIPPn><sln:miejscIIPWersja>2016-11-24T12:48:51+02:00</sln:miejscIIPWersja><sln:miejscIdTeryt>0783025</sln:miejscIdTeryt><sln:miejscNazwa>Parlino</sln:miejscNazwa><sln:miejscRodzaj>Wieś</sln:miejscRodzaj><sln:powIIPId>b832e274-346c-4551-b312-80aa8ccfd59b</sln:powIIPId><sln:powIIPPn>PL.PZGIK.200</sln:powIIPPn><sln:powIIPWersja>2012-09-27T10:07:22+02:00</sln:powIIPWersja><sln:powIdTeryt>3214</sln:powIdTeryt><sln:powNazwa>stargardzki</sln:powNazwa><sln:waznyOd>2011-04-08T00:00:00+02:00</sln:waznyOd><sln:wojIIPId>c3f2202a-b491-49c5-a3af-d581108d939a</sln:wojIIPId><sln:wojIIPPn>PL.PZGIK.200</sln:wojIIPPn><sln:wojIIPWersja>2017-10-10T00:00:00+02:00</sln:wojIIPWersja><sln:wojIdTeryt>32</sln:wojIdTeryt><sln:wojNazwa>zachodniopomorskie</sln:wojNazwa></sln:miejscowosc><sln:miejscowosc><sln:cyklZyciaDo>2017-04-03T00:00:00+02:00</sln:cyklZyciaDo><sln:cyklZyciaOd>2015-12-18T00:00:00+01:00</sln:cyklZyciaOd><sln:gmIIPId>06a7f8b1-1f5b-4811-b0b1-8bc35b4b1a7c</sln:gmIIPId><sln:gmIIPPn>PL.PZGIK.200</sln:gmIIPPn><sln:gmIIPWersja>2012-09-26T22:34:41+02:00</sln:gmIIPWersja><sln:gmIdTeryt>3214092</sln:gmIdTeryt><sln:gmNazwa>Stara Dąbrowa</sln:gmNazwa><sln:miejscIIPId>e53ed48d-391d-4f5f-a074-361d05dcfd52</sln:miejscIIPId><sln:miejscIIPPn>PL.PZGIK.200</sln:miejscIIPPn><sln:miejscIIPWersja>2016-11-24T12:48:51+02:00</sln:miejscIIPWersja><sln:miejscIdTeryt>0783031</sln:miejscIdTeryt><sln:miejscNazwa>Rokicie</sln:miejscNazwa><sln:miejscRodzaj>Osada</sln:miejscRodzaj><sln:powIIPId>b832e274-346c-4551-b312-80aa8ccfd59b</sln:powIIPId><sln:powIIPPn>PL.PZGIK.200</sln:powIIPPn><sln:powIIPWersja>2012-09-27T10:07:22+02:00</sln:powIIPWersja><sln:powIdTeryt>3214</sln:powIdTeryt><sln:powNazwa>stargardzki</sln:powNazwa><sln:waznyOd>2011-04-08T00:00:00+02:00</sln:waznyOd><sln:wojIIPId>c3f2202a-b491-49c5-a3af-d581108d939a</sln:wojIIPId><sln:wojIIPPn>PL.PZGIK.200</sln:wojIIPPn><sln:wojIIPWersja>2017-10-10T00:00:00+02:00</sln:wojIIPWersja><sln:wojIdTeryt>32</sln:wojIdTeryt><sln:wojNazwa>zachodniopomorskie</sln:wojNazwa></sln:miejscowosc><sln:miejscowosc><sln:cyklZyciaDo>2017-04-03T00:00:00+02:00</sln:cyklZyciaDo><sln:cyklZyciaOd>2015-12-18T00:00:00+01:00</sln:cyklZyciaOd><sln:gmIIPId>06a7f8b1-1f5b-4811-b0b1-8bc35b4b1a7c</sln:gmIIPId><sln:gmIIPPn>PL.PZGIK.200</sln:gmIIPPn><sln:gmIIPWersja>2012-09-26T22:34:41+02:00</sln:gmIIPWersja><sln:gmIdTeryt>3214092</sln:gmIdTeryt><sln:gmNazwa>Stara Dąbrowa</sln:gmNazwa><sln:miejscIIPId>9c800340-ce9c-4823-80ca-1420884b1ec2</sln:miejscIIPId><sln:miejscIIPPn>PL.PZGIK.200</sln:miejscIIPPn><sln:miejscIIPWersja>2016-11-24T12:48:51+02:00</sln:miejscIIPWersja><sln:miejscIdTeryt>0783048</sln:miejscIdTeryt><sln:miejscNazwa>Rosowo</sln:miejscNazwa><sln:miejscRodzaj>Osada</sln:miejscRodzaj><sln:powIIPId>b832e274-346c-4551-b312-80aa8ccfd59b</sln:powIIPId><sln:powIIPPn>PL.PZGIK.200</sln:powIIPPn><sln:powIIPWersja>2012-09-27T10:07:22+02:00</sln:powIIPWersja><sln:powIdTeryt>3214</sln:powIdTeryt><sln:powNazwa>stargardzki</sln:powNazwa><sln:waznyOd>2011-04-08T00:00:00+02:00</sln:waznyOd><sln:wojIIPId>c3f2202a-b491-49c5-a3af-d581108d939a</sln:wojIIPId><sln:wojIIPPn>PL.PZGIK.200</sln:wojIIPPn><sln:wojIIPWersja>2017-10-10T00:00:00+02:00</sln:wojIIPWersja><sln:wojIdTeryt>32</sln:wojIdTeryt><sln:wojNazwa>zachodniopomorskie</sln:wojNazwa></sln:miejscowosc><sln:miejscowosc><sln:cyklZyciaDo>2017-04-03T00:00:00+02:00</sln:cyklZyciaDo><sln:cyklZyciaOd>2015-12-18T00:00:00+01:00</sln:cyklZyciaOd><sln:gmIIPId>06a7f8b1-1f5b-4811-b0b1-8bc35b4b1a7c</sln:gmIIPId><sln:gmIIPPn>PL.PZGIK.200</sln:gmIIPPn><sln:gmIIPWersja>2012-09-26T22:34:41+02:00</sln:gmIIPWersja><sln:gmIdTeryt>3214092</sln:gmIdTeryt><sln:gmNazwa>Stara Dąbrowa</sln:gmNazwa><sln:miejscIIPId>11bc99ed-ad3d-4451-b5d9-c26016496812</sln:miejscIIPId><sln:miejscIIPPn>PL.PZGIK.200</sln:miejscIIPPn><sln:miejscIIPWersja>2016-11-24T12:48:51+02:00</sln:miejscIIPWersja><sln:miejscIdTeryt>0783054</sln:miejscIdTeryt><sln:miejscNazwa>Stara Dąbrowa</sln:miejscNazwa><sln:miejscRodzaj>Wieś</sln:miejscRodzaj><sln:powIIPId>b832e274-346c-4551-b312-80aa8ccfd59b</sln:powIIPId><sln:powIIPPn>PL.PZGIK.200</sln:powIIPPn><sln:powIIPWersja>2012-09-27T10:07:22+02:00</sln:powIIPWersja><sln:powIdTeryt>3214</sln:powIdTeryt><sln:powNazwa>stargardzki</sln:powNazwa><sln:waznyOd>2011-04-08T00:00:00+02:00</sln:waznyOd><sln:wojIIPId>c3f2202a-b491-49c5-a3af-d581108d939a</sln:wojIIPId><sln:wojIIPPn>PL.PZGIK.200</sln:wojIIPPn><sln:wojIIPWersja>2017-10-10T00:00:00+02:00</sln:wojIIPWersja><sln:wojIdTeryt>32</sln:wojIdTeryt><sln:wojNazwa>zachodniopomorskie</sln:wojNazwa></sln:miejscowosc><sln:miejscowosc><sln:cyklZyciaDo>2017-04-03T00:00:00+02:00</sln:cyklZyciaDo><sln:cyklZyciaOd>2015-12-18T00:00:00+01:00</sln:cyklZyciaOd><sln:gmIIPId>06a7f8b1-1f5b-4811-b0b1-8bc35b4b1a7c</sln:gmIIPId><sln:gmIIPPn>PL.PZGIK.200</sln:gmIIPPn><sln:gmIIPWersja>2012-09-26T22:34:41+02:00</sln:gmIIPWersja><sln:gmIdTeryt>3214092</sln:gmIdTeryt><sln:gmNazwa>Stara Dąbrowa</sln:gmNazwa><sln:miejscIIPId>0d5db7eb-48ff-4c98-9c81-3a67a1b514dd</sln:miejscIIPId><sln:miejscIIPPn>PL.PZGIK.200</sln:miejscIIPPn><sln:miejscIIPWersja>2016-11-24T12:48:51+02:00</sln:miejscIIPWersja><sln:miejscIdTeryt>0783060</sln:miejscIdTeryt><sln:miejscNazwa>Storkówko</sln:miejscNazwa><sln:miejscRodzaj>Osada</sln:miejscRodzaj><sln:powIIPId>b832e274-346c-4551-b312-80aa8ccfd59b</sln:powIIPId><sln:powIIPPn>PL.PZGIK.200</sln:powIIPPn><sln:powIIPWersja>2012-09-27T10:07:22+02:00</sln:powIIPWersja><sln:powIdTeryt>3214</sln:powIdTeryt><sln:powNazwa>stargardzki</sln:powNazwa><sln:waznyOd>2011-04-08T00:00:00+02:00</sln:waznyOd><sln:wojIIPId>c3f2202a-b491-49c5-a3af-d581108d939a</sln:wojIIPId><sln:wojIIPPn>PL.PZGIK.200</sln:wojIIPPn><sln:wojIIPWersja>2017-10-10T00:00:00+02:00</sln:wojIIPWersja><sln:wojIdTeryt>32</sln:wojIdTeryt><sln:wojNazwa>zachodniopomorskie</sln:wojNazwa></sln:miejscowosc><sln:miejscowosc><sln:cyklZyciaDo>2017-04-03T00:00:00+02:00</sln:cyklZyciaDo><sln:cyklZyciaOd>2015-12-18T00:00:00+01:00</sln:cyklZyciaOd><sln:gmIIPId>06a7f8b1-1f5b-4811-b0b1-8bc35b4b1a7c</sln:gmIIPId><sln:gmIIPPn>PL.PZGIK.200</sln:gmIIPPn><sln:gmIIPWersja>2012-09-26T22:34:41+02:00</sln:gmIIPWersja><sln:gmIdTeryt>3214092</sln:gmIdTeryt><sln:gmNazwa>Stara Dąbrowa</sln:gmNazwa><sln:miejscIIPId>054aaa76-84d9-4cb1-a82c-651dca33d21c</sln:miejscIIPId><sln:miejscIIPPn>PL.PZGIK.200</sln:miejscIIPPn><sln:miejscIIPWersja>2016-11-24T12:48:51+02:00</sln:miejscIIPWersja><sln:miejscIdTeryt>0783077</sln:miejscIdTeryt><sln:miejscNazwa>Tolcz</sln:miejscNazwa><sln:miejscRodzaj>Wieś</sln:miejscRodzaj><sln:powIIPId>b832e274-346c-4551-b312-80aa8ccfd59b</sln:powIIPId><sln:powIIPPn>PL.PZGIK.200</sln:powIIPPn><sln:powIIPWersja>2012-09-27T10:07:22+02:00</sln:powIIPWersja><sln:powIdTeryt>3214</sln:powIdTeryt><sln:powNazwa>stargardzki</sln:powNazwa><sln:waznyOd>2011-04-08T00:00:00+02:00</sln:waznyOd><sln:wojIIPId>c3f2202a-b491-49c5-a3af-d581108d939a</sln:wojIIPId><sln:wojIIPPn>PL.PZGIK.200</sln:wojIIPPn><sln:wojIIPWersja>2017-10-10T00:00:00+02:00</sln:wojIIPWersja><sln:wojIdTeryt>32</sln:wojIdTeryt><sln:wojNazwa>zachodniopomorskie</sln:wojNazwa></sln:miejscowosc><sln:miejscowosc><sln:cyklZyciaDo>2017-04-03T00:00:00+02:00</sln:cyklZyciaDo><sln:cyklZyciaOd>2015-12-18T00:00:00+01:00</sln:cyklZyciaOd><sln:gmIIPId>06a7f8b1-1f5b-4811-b0b1-8bc35b4b1a7c</sln:gmIIPId><sln:gmIIPPn>PL.PZGIK.200</sln:gmIIPPn><sln:gmIIPWersja>2012-09-26T22:34:41+02:00</sln:gmIIPWersja><sln:gmIdTeryt>3214092</sln:gmIdTeryt><sln:gmNazwa>Stara Dąbrowa</sln:gmNazwa><sln:miejscIIPId>0e47b505-93f2-414f-a1bc-2d1e001fe0e3</sln:miejscIIPId><sln:miejscIIPPn>PL.PZGIK.200</sln:miejscIIPPn><sln:miejscIIPWersja>2016-11-24T12:48:51+02:00</sln:miejscIIPWersja><sln:miejscIdTeryt>0782936</sln:miejscIdTeryt><sln:miejscNazwa>Wiry</sln:miejscNazwa><sln:miejscRodzaj>Kolonia</sln:miejscRodzaj><sln:powIIPId>b832e274-346c-4551-b312-80aa8ccfd59b</sln:powIIPId><sln:powIIPPn>PL.PZGIK.200</sln:powIIPPn><sln:powIIPWersja>2012-09-27T10:07:22+02:00</sln:powIIPWersja><sln:powIdTeryt>3214</sln:powIdTeryt><sln:powNazwa>stargardzki</sln:powNazwa><sln:waznyOd>2012-08-18T00:00:00+02:00</sln:waznyOd><sln:wojIIPId>c3f2202a-b491-49c5-a3af-d581108d939a</sln:wojIIPId><sln:wojIIPPn>PL.PZGIK.200</sln:wojIIPPn><sln:wojIIPWersja>2017-10-10T00:00:00+02:00</sln:wojIIPWersja><sln:wojIdTeryt>32</sln:wojIdTeryt><sln:wojNazwa>zachodniopomorskie</sln:wojNazwa></sln:miejscowosc><sln:miejscowosc><sln:cyklZyciaDo>2017-04-03T00:00:00+02:00</sln:cyklZyciaDo><sln:cyklZyciaOd>2015-12-18T00:00:00+01:00</sln:cyklZyciaOd><sln:gmIIPId>06a7f8b1-1f5b-4811-b0b1-8bc35b4b1a7c</sln:gmIIPId><sln:gmIIPPn>PL.PZGIK.200</sln:gmIIPPn><sln:gmIIPWersja>2012-09-26T22:34:41+02:00</sln:gmIIPWersja><sln:gmIdTeryt>3214092</sln:gmIdTeryt><sln:gmNazwa>Stara Dąbrowa</sln:gmNazwa><sln:miejscIIPId>993ef4e4-56af-4df7-a8f2-8feb7ad0a7aa</sln:miejscIIPId><sln:miejscIIPPn>PL.PZGIK.200</sln:miejscIIPPn><sln:miejscIIPWersja>2016-11-24T12:48:51+02:00</sln:miejscIIPWersja><sln:miejscIdTeryt>0783002</sln:miejscIdTeryt><sln:miejscNazwa>Załęcze</sln:miejscNazwa><sln:miejscRodzaj>Osada</sln:miejscRodzaj><sln:powIIPId>b832e274-346c-4551-b312-80aa8ccfd59b</sln:powIIPId><sln:powIIPPn>PL.PZGIK.200</sln:powIIPPn><sln:powIIPWersja>2012-09-27T10:07:22+02:00</sln:powIIPWersja><sln:powIdTeryt>3214</sln:powIdTeryt><sln:powNazwa>stargardzki</sln:powNazwa><sln:waznyOd>2011-04-08T00:00:00+02:00</sln:waznyOd><sln:wojIIPId>c3f2202a-b491-49c5-a3af-d581108d939a</sln:wojIIPId><sln:wojIIPPn>PL.PZGIK.200</sln:wojIIPPn><sln:wojIIPWersja>2017-10-10T00:00:00+02:00</sln:wojIIPWersja><sln:wojIdTeryt>32</sln:wojIdTeryt><sln:wojNazwa>zachodniopomorskie</sln:wojNazwa></sln:miejscowosc><sln:miejscowosc><sln:cyklZyciaOd>2017-04-03T00:00:00+02:00</sln:cyklZyciaOd><sln:gmIIPId>06a7f8b1-1f5b-4811-b0b1-8bc35b4b1a7c</sln:gmIIPId><sln:gmIIPPn>PL.PZGIK.200</sln:gmIIPPn><sln:gmIIPWersja>2012-09-26T22:34:41+02:00</sln:gmIIPWersja><sln:gmIdTeryt>3214092</sln:gmIdTeryt><sln:gmNazwa>Stara Dąbrowa</sln:gmNazwa><sln:miejscIIPId>a1991950-66ea-4c3a-956d-85cea4ab9b07</sln:miejscIIPId><sln:miejscIIPPn>PL.PZGIK.200</sln:miejscIIPPn><sln:miejscIIPWersja>2017-04-03T14:55:16+02:00</sln:miejscIIPWersja><sln:miejscIdTeryt>0782907</sln:miejscIdTeryt><sln:miejscNazwa>Białuń</sln:miejscNazwa><sln:miejscRodzaj>Wieś</sln:miejscRodzaj><sln:powIIPId>b832e274-346c-4551-b312-80aa8ccfd59b</sln:powIIPId><sln:powIIPPn>PL.PZGIK.200</sln:powIIPPn><sln:powIIPWersja>2012-09-27T10:07:22+02:00</sln:powIIPWersja><sln:powIdTeryt>3214</sln:powIdTeryt><sln:powNazwa>stargardzki</sln:powNazwa><sln:waznyOd>2011-04-08T00:00:00+02:00</sln:waznyOd><sln:wojIIPId>c3f2202a-b491-49c5-a3af-d581108d939a</sln:wojIIPId><sln:wojIIPPn>PL.PZGIK.200</sln:wojIIPPn><sln:wojIIPWersja>2017-10-10T00:00:00+02:00</sln:wojIIPWersja><sln:wojIdTeryt>32</sln:wojIdTeryt><sln:wojNazwa>zachodniopomorskie</sln:wojNazwa></sln:miejscowosc><sln:miejscowosc><sln:cyklZyciaOd>2017-04-03T00:00:00+02:00</sln:cyklZyciaOd><sln:gmIIPId>06a7f8b1-1f5b-4811-b0b1-8bc35b4b1a7c</sln:gmIIPId><sln:gmIIPPn>PL.PZGIK.200</sln:gmIIPPn><sln:gmIIPWersja>2012-09-26T22:34:41+02:00</sln:gmIIPWersja><sln:gmIdTeryt>3214092</sln:gmIdTeryt><sln:gmNazwa>Stara Dąbrowa</sln:gmNazwa><sln:miejscIIPId>7e923582-d903-4aa4-ae72-0d92359b4f8f</sln:miejscIIPId><sln:miejscIIPPn>PL.PZGIK.200</sln:miejscIIPPn><sln:miejscIIPWersja>2017-04-03T14:55:23+02:00</sln:miejscIIPWersja><sln:miejscIdTeryt>0782913</sln:miejscIdTeryt><sln:miejscNazwa>Chlebowo</sln:miejscNazwa><sln:miejscRodzaj>Osada</sln:miejscRodzaj><sln:powIIPId>b832e274-346c-4551-b312-80aa8ccfd59b</sln:powIIPId><sln:powIIPPn>PL.PZGIK.200</sln:powIIPPn><sln:powIIPWersja>2012-09-27T10:07:22+02:00</sln:powIIPWersja><sln:powIdTeryt>3214</sln:powIdTeryt><sln:powNazwa>stargardzki</sln:powNazwa><sln:waznyOd>2011-04-08T00:00:00+02:00</sln:waznyOd><sln:wojIIPId>c3f2202a-b491-49c5-a3af-d581108d939a</sln:wojIIPId><sln:wojIIPPn>PL.PZGIK.200</sln:wojIIPPn><sln:wojIIPWersja>2017-10-10T00:00:00+02:00</sln:wojIIPWersja><sln:wojIdTeryt>32</sln:wojIdTeryt><sln:wojNazwa>zachodniopomorskie</sln:wojNazwa></sln:miejscowosc><sln:miejscowosc><sln:cyklZyciaOd>2017-04-03T00:00:00+02:00</sln:cyklZyciaOd><sln:gmIIPId>06a7f8b1-1f5b-4811-b0b1-8bc35b4b1a7c</sln:gmIIPId><sln:gmIIPPn>PL.PZGIK.200</sln:gmIIPPn><sln:gmIIPWersja>2012-09-26T22:34:41+02:00</sln:gmIIPWersja><sln:gmIdTeryt>3214092</sln:gmIdTeryt><sln:gmNazwa>Stara Dąbrowa</sln:gmNazwa><sln:miejscIIPId>87cbbf84-5c65-4688-b505-87513316f564</sln:miejscIIPId><sln:miejscIIPPn>PL.PZGIK.200</sln:miejscIIPPn><sln:miejscIIPWersja>2017-04-03T14:55:23+02:00</sln:miejscIIPWersja><sln:miejscIdTeryt>0782920</sln:miejscIdTeryt><sln:miejscNazwa>Chlebówko</sln:miejscNazwa><sln:miejscRodzaj>Wieś</sln:miejscRodzaj><sln:powIIPId>b832e274-346c-4551-b312-80aa8ccfd59b</sln:powIIPId><sln:powIIPPn>PL.PZGIK.200</sln:powIIPPn><sln:powIIPWersja>2012-09-27T10:07:22+02:00</sln:powIIPWersja><sln:powIdTeryt>3214</sln:powIdTeryt><sln:powNazwa>stargardzki</sln:powNazwa><sln:waznyOd>2011-04-08T00:00:00+02:00</sln:waznyOd><sln:wojIIPId>c3f2202a-b491-49c5-a3af-d581108d939a</sln:wojIIPId><sln:wojIIPPn>PL.PZGIK.200</sln:wojIIPPn><sln:wojIIPWersja>2017-10-10T00:00:00+02:00</sln:wojIIPWersja><sln:wojIdTeryt>32</sln:wojIdTeryt><sln:wojNazwa>zachodniopomorskie</sln:wojNazwa></sln:miejscowosc><sln:miejscowosc><sln:cyklZyciaOd>2017-04-03T00:00:00+02:00</sln:cyklZyciaOd><sln:gmIIPId>06a7f8b1-1f5b-4811-b0b1-8bc35b4b1a7c</sln:gmIIPId><sln:gmIIPPn>PL.PZGIK.200</sln:gmIIPPn><sln:gmIIPWersja>2012-09-26T22:34:41+02:00</sln:gmIIPWersja><sln:gmIdTeryt>3214092</sln:gmIdTeryt><sln:gmNazwa>Stara Dąbrowa</sln:gmNazwa><sln:miejscIIPId>0e47b505-93f2-414f-a1bc-2d1e001fe0e3</sln:miejscIIPId><sln:miejscIIPPn>PL.PZGIK.200</sln:miejscIIPPn><sln:miejscIIPWersja>2017-04-03T14:55:23+02:00</sln:miejscIIPWersja><sln:miejscIdTeryt>0782936</sln:miejscIdTeryt><sln:miejscNazwa>Wiry</sln:miejscNazwa><sln:miejscRodzaj>Kolonia</sln:miejscRodzaj><sln:powIIPId>b832e274-346c-4551-b312-80aa8ccfd59b</sln:powIIPId><sln:powIIPPn>PL.PZGIK.200</sln:powIIPPn><sln:powIIPWersja>2012-09-27T10:07:22+02:00</sln:powIIPWersja><sln:powIdTeryt>3214</sln:powIdTeryt><sln:powNazwa>stargardzki</sln:powNazwa><sln:waznyOd>2012-08-18T00:00:00+02:00</sln:waznyOd><sln:wojIIPId>c3f2202a-b491-49c5-a3af-d581108d939a</sln:wojIIPId><sln:wojIIPPn>PL.PZGIK.200</sln:wojIIPPn><sln:wojIIPWersja>2017-10-10T00:00:00+02:00</sln:wojIIPWersja><sln:wojIdTeryt>32</sln:wojIdTeryt><sln:wojNazwa>zachodniopomorskie</sln:wojNazwa></sln:miejscowosc><sln:miejscowosc><sln:cyklZyciaOd>2017-04-03T00:00:00+02:00</sln:cyklZyciaOd><sln:gmIIPId>06a7f8b1-1f5b-4811-b0b1-8bc35b4b1a7c</sln:gmIIPId><sln:gmIIPPn>PL.PZGIK.200</sln:gmIIPPn><sln:gmIIPWersja>2012-09-26T22:34:41+02:00</sln:gmIIPWersja><sln:gmIdTeryt>3214092</sln:gmIdTeryt><sln:gmNazwa>Stara Dąbrowa</sln:gmNazwa><sln:miejscIIPId>1ae95452-134e-438e-aaed-5cff84f0aa87</sln:miejscIIPId><sln:miejscIIPPn>PL.PZGIK.200</sln:miejscIIPPn><sln:miejscIIPWersja>2017-04-03T14:55:23+02:00</sln:miejscIIPWersja><sln:miejscIdTeryt>0782942</sln:miejscIdTeryt><sln:miejscNazwa>Kicko</sln:miejscNazwa><sln:miejscRodzaj>Wieś</sln:miejscRodzaj><sln:powIIPId>b832e274-346c-4551-b312-80aa8ccfd59b</sln:powIIPId><sln:powIIPPn>PL.PZGIK.200</sln:powIIPPn><sln:powIIPWersja>2012-09-27T10:07:22+02:00</sln:powIIPWersja><sln:powIdTeryt>3214</sln:powIdTeryt><sln:powNazwa>stargardzki</sln:powNazwa><sln:waznyOd>2011-04-08T00:00:00+02:00</sln:waznyOd><sln:wojIIPId>c3f2202a-b491-49c5-a3af-d581108d939a</sln:wojIIPId><sln:wojIIPPn>PL.PZGIK.200</sln:wojIIPPn><sln:wojIIPWersja>2017-10-10T00:00:00+02:00</sln:wojIIPWersja><sln:wojIdTeryt>32</sln:wojIdTeryt><sln:wojNazwa>zachodniopomorskie</sln:wojNazwa></sln:miejscowosc><sln:miejscowosc><sln:cyklZyciaOd>2017-04-03T00:00:00+02:00</sln:cyklZyciaOd><sln:gmIIPId>06a7f8b1-1f5b-4811-b0b1-8bc35b4b1a7c</sln:gmIIPId><sln:gmIIPPn>PL.PZGIK.200</sln:gmIIPPn><sln:gmIIPWersja>2012-09-26T22:34:41+02:00</sln:gmIIPWersja><sln:gmIdTeryt>3214092</sln:gmIdTeryt><sln:gmNazwa>Stara Dąbrowa</sln:gmNazwa><sln:miejscIIPId>a0a44d06-0d37-498f-9a52-7092f73afc35</sln:miejscIIPId><sln:miejscIIPPn>PL.PZGIK.200</sln:miejscIIPPn><sln:miejscIIPWersja>2017-04-03T14:55:23+02:00</sln:miejscIIPWersja><sln:miejscIdTeryt>0782959</sln:miejscIdTeryt><sln:miejscNazwa>Krzywnica</sln:miejscNazwa><sln:miejscRodzaj>Wieś</sln:miejscRodzaj><sln:powIIPId>b832e274-346c-4551-b312-80aa8ccfd59b</sln:powIIPId><sln:powIIPPn>PL.PZGIK.200</sln:powIIPPn><sln:powIIPWersja>2012-09-27T10:07:22+02:00</sln:powIIPWersja><sln:powIdTeryt>3214</sln:powIdTeryt><sln:powNazwa>stargardzki</sln:powNazwa><sln:waznyOd>2011-04-08T00:00:00+02:00</sln:waznyOd><sln:wojIIPId>c3f2202a-b491-49c5-a3af-d581108d939a</sln:wojIIPId><sln:wojIIPPn>PL.PZGIK.200</sln:wojIIPPn><sln:wojIIPWersja>2017-10-10T00:00:00+02:00</sln:wojIIPWersja><sln:wojIdTeryt>32</sln:wojIdTeryt><sln:wojNazwa>zachodniopomorskie</sln:wojNazwa></sln:miejscowosc><sln:miejscowosc><sln:cyklZyciaOd>2017-04-03T00:00:00+02:00</sln:cyklZyciaOd><sln:gmIIPId>06a7f8b1-1f5b-4811-b0b1-8bc35b4b1a7c</sln:gmIIPId><sln:gmIIPPn>PL.PZGIK.200</sln:gmIIPPn><sln:gmIIPWersja>2012-09-26T22:34:41+02:00</sln:gmIIPWersja><sln:gmIdTeryt>3214092</sln:gmIdTeryt><sln:gmNazwa>Stara Dąbrowa</sln:gmNazwa><sln:miejscIIPId>a2d884d1-dc6d-476d-ba52-001ae09c5f43</sln:miejscIIPId><sln:miejscIIPPn>PL.PZGIK.200</sln:miejscIIPPn><sln:miejscIIPWersja>2017-04-03T14:55:23+02:00</sln:miejscIIPWersja><sln:miejscIdTeryt>0782965</sln:miejscIdTeryt><sln:miejscNazwa>Łęczyca</sln:miejscNazwa><sln:miejscRodzaj>Wieś</sln:miejscRodzaj><sln:powIIPId>b832e274-346c-4551-b312-80aa8ccfd59b</sln:powIIPId><sln:powIIPPn>PL.PZGIK.200</sln:powIIPPn><sln:powIIPWersja>2012-09-27T10:07:22+02:00</sln:powIIPWersja><sln:powIdTeryt>3214</sln:powIdTeryt><sln:powNazwa>stargardzki</sln:powNazwa><sln:waznyOd>2011-04-08T00:00:00+02:00</sln:waznyOd><sln:wojIIPId>c3f2202a-b491-49c5-a3af-d581108d939a</sln:wojIIPId><sln:wojIIPPn>PL.PZGIK.200</sln:wojIIPPn><sln:wojIIPWersja>2017-10-10T00:00:00+02:00</sln:wojIIPWersja><sln:wojIdTeryt>32</sln:wojIdTeryt><sln:wojNazwa>zachodniopomorskie</sln:wojNazwa></sln:miejscowosc><sln:miejscowosc><sln:cyklZyciaOd>2017-04-03T00:00:00+02:00</sln:cyklZyciaOd><sln:gmIIPId>06a7f8b1-1f5b-4811-b0b1-8bc35b4b1a7c</sln:gmIIPId><sln:gmIIPPn>PL.PZGIK.200</sln:gmIIPPn><sln:gmIIPWersja>2012-09-26T22:34:41+02:00</sln:gmIIPWersja><sln:gmIdTeryt>3214092</sln:gmIdTeryt><sln:gmNazwa>Stara Dąbrowa</sln:gmNazwa><sln:miejscIIPId>cfb36f78-478f-456e-aceb-4e83fb83147b</sln:miejscIIPId><sln:miejscIIPPn>PL.PZGIK.200</sln:miejscIIPPn><sln:miejscIIPWersja>2017-04-03T14:55:24+02:00</sln:miejscIIPWersja><sln:miejscIdTeryt>0782971</sln:miejscIdTeryt><sln:miejscNazwa>Łęczówka</sln:miejscNazwa><sln:miejscRodzaj>Kolonia</sln:miejscRodzaj><sln:powIIPId>b832e274-346c-4551-b312-80aa8ccfd59b</sln:powIIPId><sln:powIIPPn>PL.PZGIK.200</sln:powIIPPn><sln:powIIPWersja>2012-09-27T10:07:22+02:00</sln:powIIPWersja><sln:powIdTeryt>3214</sln:powIdTeryt><sln:powNazwa>stargardzki</sln:powNazwa><sln:waznyOd>2011-04-08T00:00:00+02:00</sln:waznyOd><sln:wojIIPId>c3f2202a-b491-49c5-a3af-d581108d939a</sln:wojIIPId><sln:wojIIPPn>PL.PZGIK.200</sln:wojIIPPn><sln:wojIIPWersja>2017-10-10T00:00:00+02:00</sln:wojIIPWersja><sln:wojIdTeryt>32</sln:wojIdTeryt><sln:wojNazwa>zachodniopomorskie</sln:wojNazwa></sln:miejscowosc><sln:miejscowosc><sln:cyklZyciaOd>2017-04-03T00:00:00+02:00</sln:cyklZyciaOd><sln:gmIIPId>06a7f8b1-1f5b-4811-b0b1-8bc35b4b1a7c</sln:gmIIPId><sln:gmIIPPn>PL.PZGIK.200</sln:gmIIPPn><sln:gmIIPWersja>2012-09-26T22:34:41+02:00</sln:gmIIPWersja><sln:gmIdTeryt>3214092</sln:gmIdTeryt><sln:gmNazwa>Stara Dąbrowa</sln:gmNazwa><sln:miejscIIPId>f9e174db-5c76-4253-b48b-9ad8a3ac502e</sln:miejscIIPId><sln:miejscIIPPn>PL.PZGIK.200</sln:miejscIIPPn><sln:miejscIIPWersja>2017-04-03T14:55:24+02:00</sln:miejscIIPWersja><sln:miejscIdTeryt>0782988</sln:miejscIdTeryt><sln:miejscNazwa>Łęczyna</sln:miejscNazwa><sln:miejscRodzaj>Osada</sln:miejscRodzaj><sln:powIIPId>b832e274-346c-4551-b312-80aa8ccfd59b</sln:powIIPId><sln:powIIPPn>PL.PZGIK.200</sln:powIIPPn><sln:powIIPWersja>2012-09-27T10:07:22+02:00</sln:powIIPWersja><sln:powIdTeryt>3214</sln:powIdTeryt><sln:powNazwa>stargardzki</sln:powNazwa><sln:waznyOd>2011-04-08T00:00:00+02:00</sln:waznyOd><sln:wojIIPId>c3f2202a-b491-49c5-a3af-d581108d939a</sln:wojIIPId><sln:wojIIPPn>PL.PZGIK.200</sln:wojIIPPn><sln:wojIIPWersja>2017-10-10T00:00:00+02:00</sln:wojIIPWersja><sln:wojIdTeryt>32</sln:wojIdTeryt><sln:wojNazwa>zachodniopomorskie</sln:wojNazwa></sln:miejscowosc><sln:miejscowosc><sln:cyklZyciaOd>2017-04-03T00:00:00+02:00</sln:cyklZyciaOd><sln:gmIIPId>06a7f8b1-1f5b-4811-b0b1-8bc35b4b1a7c</sln:gmIIPId><sln:gmIIPPn>PL.PZGIK.200</sln:gmIIPPn><sln:gmIIPWersja>2012-09-26T22:34:41+02:00</sln:gmIIPWersja><sln:gmIdTeryt>3214092</sln:gmIdTeryt><sln:gmNazwa>Stara Dąbrowa</sln:gmNazwa><sln:miejscIIPId>3ed8910e-6b3d-411b-b2cf-cc7e7793cf36</sln:miejscIIPId><sln:miejscIIPPn>PL.PZGIK.200</sln:miejscIIPPn><sln:miejscIIPWersja>2017-04-03T14:55:24+02:00</sln:miejscIIPWersja><sln:miejscIdTeryt>0782994</sln:miejscIdTeryt><sln:miejscNazwa>Moskorze</sln:miejscNazwa><sln:miejscRodzaj>Kolonia</sln:miejscRodzaj><sln:powIIPId>b832e274-346c-4551-b312-80aa8ccfd59b</sln:powIIPId><sln:powIIPPn>PL.PZGIK.200</sln:powIIPPn><sln:powIIPWersja>2012-09-27T10:07:22+02:00</sln:powIIPWersja><sln:powIdTeryt>3214</sln:powIdTeryt><sln:powNazwa>stargardzki</sln:powNazwa><sln:waznyOd>2011-04-08T00:00:00+02:00</sln:waznyOd><sln:wojIIPId>c3f2202a-b491-49c5-a3af-d581108d939a</sln:wojIIPId><sln:wojIIPPn>PL.PZGIK.200</sln:wojIIPPn><sln:wojIIPWersja>2017-10-10T00:00:00+02:00</sln:wojIIPWersja><sln:wojIdTeryt>32</sln:wojIdTeryt><sln:wojNazwa>zachodniopomorskie</sln:wojNazwa></sln:miejscowosc><sln:miejscowosc><sln:cyklZyciaOd>2017-04-03T00:00:00+02:00</sln:cyklZyciaOd><sln:gmIIPId>06a7f8b1-1f5b-4811-b0b1-8bc35b4b1a7c</sln:gmIIPId><sln:gmIIPPn>PL.PZGIK.200</sln:gmIIPPn><sln:gmIIPWersja>2012-09-26T22:34:41+02:00</sln:gmIIPWersja><sln:gmIdTeryt>3214092</sln:gmIdTeryt><sln:gmNazwa>Stara Dąbrowa</sln:gmNazwa><sln:miejscIIPId>993ef4e4-56af-4df7-a8f2-8feb7ad0a7aa</sln:miejscIIPId><sln:miejscIIPPn>PL.PZGIK.200</sln:miejscIIPPn><sln:miejscIIPWersja>2017-04-03T14:55:24+02:00</sln:miejscIIPWersja><sln:miejscIdTeryt>0783002</sln:miejscIdTeryt><sln:miejscNazwa>Załęcze</sln:miejscNazwa><sln:miejscRodzaj>Osada</sln:miejscRodzaj><sln:powIIPId>b832e274-346c-4551-b312-80aa8ccfd59b</sln:powIIPId><sln:powIIPPn>PL.PZGIK.200</sln:powIIPPn><sln:powIIPWersja>2012-09-27T10:07:22+02:00</sln:powIIPWersja><sln:powIdTeryt>3214</sln:powIdTeryt><sln:powNazwa>stargardzki</sln:powNazwa><sln:waznyOd>2011-04-08T00:00:00+02:00</sln:waznyOd><sln:wojIIPId>c3f2202a-b491-49c5-a3af-d581108d939a</sln:wojIIPId><sln:wojIIPPn>PL.PZGIK.200</sln:wojIIPPn><sln:wojIIPWersja>2017-10-10T00:00:00+02:00</sln:wojIIPWersja><sln:wojIdTeryt>32</sln:wojIdTeryt><sln:wojNazwa>zachodniopomorskie</sln:wojNazwa></sln:miejscowosc><sln:miejscowosc><sln:cyklZyciaOd>2017-04-03T00:00:00+02:00</sln:cyklZyciaOd><sln:gmIIPId>06a7f8b1-1f5b-4811-b0b1-8bc35b4b1a7c</sln:gmIIPId><sln:gmIIPPn>PL.PZGIK.200</sln:gmIIPPn><sln:gmIIPWersja>2012-09-26T22:34:41+02:00</sln:gmIIPWersja><sln:gmIdTeryt>3214092</sln:gmIdTeryt><sln:gmNazwa>Stara Dąbrowa</sln:gmNazwa><sln:miejscIIPId>641c6ec3-0c1e-4ebc-a6c2-edd52315e59c</sln:miejscIIPId><sln:miejscIIPPn>PL.PZGIK.200</sln:miejscIIPPn><sln:miejscIIPWersja>2017-04-03T14:55:24+02:00</sln:miejscIIPWersja><sln:miejscIdTeryt>0783019</sln:miejscIdTeryt><sln:miejscNazwa>Nowa Dąbrowa</sln:miejscNazwa><sln:miejscRodzaj>Wieś</sln:miejscRodzaj><sln:powIIPId>b832e274-346c-4551-b312-80aa8ccfd59b</sln:powIIPId><sln:powIIPPn>PL.PZGIK.200</sln:powIIPPn><sln:powIIPWersja>2012-09-27T10:07:22+02:00</sln:powIIPWersja><sln:powIdTeryt>3214</sln:powIdTeryt><sln:powNazwa>stargardzki</sln:powNazwa><sln:waznyOd>2011-04-08T00:00:00+02:00</sln:waznyOd><sln:wojIIPId>c3f2202a-b491-49c5-a3af-d581108d939a</sln:wojIIPId><sln:wojIIPPn>PL.PZGIK.200</sln:wojIIPPn><sln:wojIIPWersja>2017-10-10T00:00:00+02:00</sln:wojIIPWersja><sln:wojIdTeryt>32</sln:wojIdTeryt><sln:wojNazwa>zachodniopomorskie</sln:wojNazwa></sln:miejscowosc><sln:miejscowosc><sln:cyklZyciaOd>2017-04-03T00:00:00+02:00</sln:cyklZyciaOd><sln:gmIIPId>06a7f8b1-1f5b-4811-b0b1-8bc35b4b1a7c</sln:gmIIPId><sln:gmIIPPn>PL.PZGIK.200</sln:gmIIPPn><sln:gmIIPWersja>2012-09-26T22:34:41+02:00</sln:gmIIPWersja><sln:gmIdTeryt>3214092</sln:gmIdTeryt><sln:gmNazwa>Stara Dąbrowa</sln:gmNazwa><sln:miejscIIPId>afbce9e3-8032-4dd5-b790-dbc305bf4ceb</sln:miejscIIPId><sln:miejscIIPPn>PL.PZGIK.200</sln:miejscIIPPn><sln:miejscIIPWersja>2017-04-03T14:55:24+02:00</sln:miejscIIPWersja><sln:miejscIdTeryt>0783025</sln:miejscIdTeryt><sln:miejscNazwa>Parlino</sln:miejscNazwa><sln:miejscRodzaj>Wieś</sln:miejscRodzaj><sln:powIIPId>b832e274-346c-4551-b312-80aa8ccfd59b</sln:powIIPId><sln:powIIPPn>PL.PZGIK.200</sln:powIIPPn><sln:powIIPWersja>2012-09-27T10:07:22+02:00</sln:powIIPWersja><sln:powIdTeryt>3214</sln:powIdTeryt><sln:powNazwa>stargardzki</sln:powNazwa><sln:waznyOd>2011-04-08T00:00:00+02:00</sln:waznyOd><sln:wojIIPId>c3f2202a-b491-49c5-a3af-d581108d939a</sln:wojIIPId><sln:wojIIPPn>PL.PZGIK.200</sln:wojIIPPn><sln:wojIIPWersja>2017-10-10T00:00:00+02:00</sln:wojIIPWersja><sln:wojIdTeryt>32</sln:wojIdTeryt><sln:wojNazwa>zachodniopomorskie</sln:wojNazwa></sln:miejscowosc><sln:miejscowosc><sln:cyklZyciaOd>2017-04-03T00:00:00+02:00</sln:cyklZyciaOd><sln:gmIIPId>06a7f8b1-1f5b-4811-b0b1-8bc35b4b1a7c</sln:gmIIPId><sln:gmIIPPn>PL.PZGIK.200</sln:gmIIPPn><sln:gmIIPWersja>2012-09-26T22:34:41+02:00</sln:gmIIPWersja><sln:gmIdTeryt>3214092</sln:gmIdTeryt><sln:gmNazwa>Stara Dąbrowa</sln:gmNazwa><sln:miejscIIPId>e53ed48d-391d-4f5f-a074-361d05dcfd52</sln:miejscIIPId><sln:miejscIIPPn>PL.PZGIK.200</sln:miejscIIPPn><sln:miejscIIPWersja>2017-04-03T14:55:24+02:00</sln:miejscIIPWersja><sln:miejscIdTeryt>0783031</sln:miejscIdTeryt><sln:miejscNazwa>Rokicie</sln:miejscNazwa><sln:miejscRodzaj>Osada</sln:miejscRodzaj><sln:powIIPId>b832e274-346c-4551-b312-80aa8ccfd59b</sln:powIIPId><sln:powIIPPn>PL.PZGIK.200</sln:powIIPPn><sln:powIIPWersja>2012-09-27T10:07:22+02:00</sln:powIIPWersja><sln:powIdTeryt>3214</sln:powIdTeryt><sln:powNazwa>stargardzki</sln:powNazwa><sln:waznyOd>2011-04-08T00:00:00+02:00</sln:waznyOd><sln:wojIIPId>c3f2202a-b491-49c5-a3af-d581108d939a</sln:wojIIPId><sln:wojIIPPn>PL.PZGIK.200</sln:wojIIPPn><sln:wojIIPWersja>2017-10-10T00:00:00+02:00</sln:wojIIPWersja><sln:wojIdTeryt>32</sln:wojIdTeryt><sln:wojNazwa>zachodniopomorskie</sln:wojNazwa></sln:miejscowosc><sln:miejscowosc><sln:cyklZyciaOd>2017-04-03T00:00:00+02:00</sln:cyklZyciaOd><sln:gmIIPId>06a7f8b1-1f5b-4811-b0b1-8bc35b4b1a7c</sln:gmIIPId><sln:gmIIPPn>PL.PZGIK.200</sln:gmIIPPn><sln:gmIIPWersja>2012-09-26T22:34:41+02:00</sln:gmIIPWersja><sln:gmIdTeryt>3214092</sln:gmIdTeryt><sln:gmNazwa>Stara Dąbrowa</sln:gmNazwa><sln:miejscIIPId>9c800340-ce9c-4823-80ca-1420884b1ec2</sln:miejscIIPId><sln:miejscIIPPn>PL.PZGIK.200</sln:miejscIIPPn><sln:miejscIIPWersja>2017-04-03T14:55:24+02:00</sln:miejscIIPWersja><sln:miejscIdTeryt>0783048</sln:miejscIdTeryt><sln:miejscNazwa>Rosowo</sln:miejscNazwa><sln:miejscRodzaj>Osada</sln:miejscRodzaj><sln:powIIPId>b832e274-346c-4551-b312-80aa8ccfd59b</sln:powIIPId><sln:powIIPPn>PL.PZGIK.200</sln:powIIPPn><sln:powIIPWersja>2012-09-27T10:07:22+02:00</sln:powIIPWersja><sln:powIdTeryt>3214</sln:powIdTeryt><sln:powNazwa>stargardzki</sln:powNazwa><sln:waznyOd>2011-04-08T00:00:00+02:00</sln:waznyOd><sln:wojIIPId>c3f2202a-b491-49c5-a3af-d581108d939a</sln:wojIIPId><sln:wojIIPPn>PL.PZGIK.200</sln:wojIIPPn><sln:wojIIPWersja>2017-10-10T00:00:00+02:00</sln:wojIIPWersja><sln:wojIdTeryt>32</sln:wojIdTeryt><sln:wojNazwa>zachodniopomorskie</sln:wojNazwa></sln:miejscowosc><sln:miejscowosc><sln:cyklZyciaOd>2017-04-03T00:00:00+02:00</sln:cyklZyciaOd><sln:gmIIPId>06a7f8b1-1f5b-4811-b0b1-8bc35b4b1a7c</sln:gmIIPId><sln:gmIIPPn>PL.PZGIK.200</sln:gmIIPPn><sln:gmIIPWersja>2012-09-26T22:34:41+02:00</sln:gmIIPWersja><sln:gmIdTeryt>3214092</sln:gmIdTeryt><sln:gmNazwa>Stara Dąbrowa</sln:gmNazwa><sln:miejscIIPId>11bc99ed-ad3d-4451-b5d9-c26016496812</sln:miejscIIPId><sln:miejscIIPPn>PL.PZGIK.200</sln:miejscIIPPn><sln:miejscIIPWersja>2017-04-03T14:55:24+02:00</sln:miejscIIPWersja><sln:miejscIdTeryt>0783054</sln:miejscIdTeryt><sln:miejscNazwa>Stara Dąbrowa</sln:miejscNazwa><sln:miejscRodzaj>Wieś</sln:miejscRodzaj><sln:powIIPId>b832e274-346c-4551-b312-80aa8ccfd59b</sln:powIIPId><sln:powIIPPn>PL.PZGIK.200</sln:powIIPPn><sln:powIIPWersja>2012-09-27T10:07:22+02:00</sln:powIIPWersja><sln:powIdTeryt>3214</sln:powIdTeryt><sln:powNazwa>stargardzki</sln:powNazwa><sln:waznyOd>2011-04-08T00:00:00+02:00</sln:waznyOd><sln:wojIIPId>c3f2202a-b491-49c5-a3af-d581108d939a</sln:wojIIPId><sln:wojIIPPn>PL.PZGIK.200</sln:wojIIPPn><sln:wojIIPWersja>2017-10-10T00:00:00+02:00</sln:wojIIPWersja><sln:wojIdTeryt>32</sln:wojIdTeryt><sln:wojNazwa>zachodniopomorskie</sln:wojNazwa></sln:miejscowosc><sln:miejscowosc><sln:cyklZyciaOd>2017-04-03T00:00:00+02:00</sln:cyklZyciaOd><sln:gmIIPId>06a7f8b1-1f5b-4811-b0b1-8bc35b4b1a7c</sln:gmIIPId><sln:gmIIPPn>PL.PZGIK.200</sln:gmIIPPn><sln:gmIIPWersja>2012-09-26T22:34:41+02:00</sln:gmIIPWersja><sln:gmIdTeryt>3214092</sln:gmIdTeryt><sln:gmNazwa>Stara Dąbrowa</sln:gmNazwa><sln:miejscIIPId>0d5db7eb-48ff-4c98-9c81-3a67a1b514dd</sln:miejscIIPId><sln:miejscIIPPn>PL.PZGIK.200</sln:miejscIIPPn><sln:miejscIIPWersja>2017-04-03T14:55:24+02:00</sln:miejscIIPWersja><sln:miejscIdTeryt>0783060</sln:miejscIdTeryt><sln:miejscNazwa>Storkówko</sln:miejscNazwa><sln:miejscRodzaj>Osada</sln:miejscRodzaj><sln:powIIPId>b832e274-346c-4551-b312-80aa8ccfd59b</sln:powIIPId><sln:powIIPPn>PL.PZGIK.200</sln:powIIPPn><sln:powIIPWersja>2012-09-27T10:07:22+02:00</sln:powIIPWersja><sln:powIdTeryt>3214</sln:powIdTeryt><sln:powNazwa>stargardzki</sln:powNazwa><sln:waznyOd>2011-04-08T00:00:00+02:00</sln:waznyOd><sln:wojIIPId>c3f2202a-b491-49c5-a3af-d581108d939a</sln:wojIIPId><sln:wojIIPPn>PL.PZGIK.200</sln:wojIIPPn><sln:wojIIPWersja>2017-10-10T00:00:00+02:00</sln:wojIIPWersja><sln:wojIdTeryt>32</sln:wojIdTeryt><sln:wojNazwa>zachodniopomorskie</sln:wojNazwa></sln:miejscowosc><sln:miejscowosc><sln:cyklZyciaOd>2017-04-03T00:00:00+02:00</sln:cyklZyciaOd><sln:gmIIPId>06a7f8b1-1f5b-4811-b0b1-8bc35b4b1a7c</sln:gmIIPId><sln:gmIIPPn>PL.PZGIK.200</sln:gmIIPPn><sln:gmIIPWersja>2012-09-26T22:34:41+02:00</sln:gmIIPWersja><sln:gmIdTeryt>3214092</sln:gmIdTeryt><sln:gmNazwa>Stara Dąbrowa</sln:gmNazwa><sln:miejscIIPId>054aaa76-84d9-4cb1-a82c-651dca33d21c</sln:miejscIIPId><sln:miejscIIPPn>PL.PZGIK.200</sln:miejscIIPPn><sln:miejscIIPWersja>2017-04-03T14:55:24+02:00</sln:miejscIIPWersja><sln:miejscIdTeryt>0783077</sln:miejscIdTeryt><sln:miejscNazwa>Tolcz</sln:miejscNazwa><sln:miejscRodzaj>Wieś</sln:miejscRodzaj><sln:powIIPId>b832e274-346c-4551-b312-80aa8ccfd59b</sln:powIIPId><sln:powIIPPn>PL.PZGIK.200</sln:powIIPPn><sln:powIIPWersja>2012-09-27T10:07:22+02:00</sln:powIIPWersja><sln:powIdTeryt>3214</sln:powIdTeryt><sln:powNazwa>stargardzki</sln:powNazwa><sln:waznyOd>2011-04-08T00:00:00+02:00</sln:waznyOd><sln:wojIIPId>c3f2202a-b491-49c5-a3af-d581108d939a</sln:wojIIPId><sln:wojIIPPn>PL.PZGIK.200</sln:wojIIPPn><sln:wojIIPWersja>2017-10-10T00:00:00+02:00</sln:wojIIPWersja><sln:wojIdTeryt>32</sln:wojIdTeryt><sln:wojNazwa>zachodniopomorskie</sln:wojNazwa></sln:miejscowosc></sln:lista-miejscowosci>