<?xml version="1.0" encoding="UTF-8" standalone="yes"?><sln:lista-miejscowosci xmlns:srv="http://gugik.gov.pl/schemas/slowniki-service/1.0" xmlns:sln="http://gugik.gov.pl/schemas/slowniki-schema/1.0"><sln:miejscowosc><sln:cyklZyciaDo>2017-03-30T00:00:00+02:00</sln:cyklZyciaDo><sln:cyklZyciaOd>2015-10-29T00:00:00+01:00</sln:cyklZyciaOd><sln:gmIIPId>a4d4fd27-44fe-4e72-921c-cee36d1e95af</sln:gmIIPId><sln:gmIIPPn>PL.PZGIK.200</sln:gmIIPPn><sln:gmIIPWersja>2012-09-26T22:34:05+02:00</sln:gmIIPWersja><sln:gmIdTeryt>3206012</sln:gmIdTeryt><sln:gmNazwa>Banie</sln:gmNazwa><sln:miejscIIPId>8ef75b04-b5cb-406e-82c5-a84c37d77079</sln:miejscIIPId><sln:miejscIIPPn>PL.PZGIK.200</sln:miejscIIPPn><sln:miejscIIPWersja>2016-11-24T12:34:45+02:00</sln:miejscIIPWersja><sln:miejscIdTeryt>0772636</sln:miejscIdTeryt><sln:miejscNazwa>Babinek</sln:miejscNazwa><sln:miejscRodzaj>Wieś</sln:miejscRodzaj><sln:powIIPId>17d1a859-cb58-476e-9baa-f2cb36688e05</sln:powIIPId><sln:powIIPPn>PL.PZGIK.200</sln:powIIPPn><sln:powIIPWersja>2012-09-27T10:07:22+02:00</sln:powIIPWersja><sln:powIdTeryt>3206</sln:powIdTeryt><sln:powNazwa>gryfiński</sln:powNazwa><sln:waznyOd>2011-04-08T00:00:00+02:00</sln:waznyOd><sln:wojIIPId>c3f2202a-b491-49c5-a3af-d581108d939a</sln:wojIIPId><sln:wojIIPPn>PL.PZGIK.200</sln:wojIIPPn><sln:wojIIPWersja>2017-10-10T00:00:00+02:00</sln:wojIIPWersja><sln:wojIdTeryt>32</sln:wojIdTeryt><sln:wojNazwa>zachodniopomorskie</sln:wojNazwa></sln:miejscowosc><sln:miejscowosc><sln:cyklZyciaDo>2017-03-30T00:00:00+02:00</sln:cyklZyciaDo><sln:cyklZyciaOd>2015-10-29T00:00:00+01:00</sln:cyklZyciaOd><sln:gmIIPId>a4d4fd27-44fe-4e72-921c-cee36d1e95af</sln:gmIIPId><sln:gmIIPPn>PL.PZGIK.200</sln:gmIIPPn><sln:gmIIPWersja>2012-09-26T22:34:05+02:00</sln:gmIIPWersja><sln:gmIdTeryt>3206012</sln:gmIdTeryt><sln:gmNazwa>Banie</sln:gmNazwa><sln:miejscIIPId>a89285a7-e060-46a6-b7df-50c7d891cfd2</sln:miejscIIPId><sln:miejscIIPPn>PL.PZGIK.200</sln:miejscIIPPn><sln:miejscIIPWersja>2016-11-24T12:34:45+02:00</sln:miejscIIPWersja><sln:miejscIdTeryt>0772642</sln:miejscIdTeryt><sln:miejscNazwa>Banie</sln:miejscNazwa><sln:miejscRodzaj>Wieś</sln:miejscRodzaj><sln:powIIPId>17d1a859-cb58-476e-9baa-f2cb36688e05</sln:powIIPId><sln:powIIPPn>PL.PZGIK.200</sln:powIIPPn><sln:powIIPWersja>2012-09-27T10:07:22+02:00</sln:powIIPWersja><sln:powIdTeryt>3206</sln:powIdTeryt><sln:powNazwa>gryfiński</sln:powNazwa><sln:waznyOd>2011-04-08T00:00:00+02:00</sln:waznyOd><sln:wojIIPId>c3f2202a-b491-49c5-a3af-d581108d939a</sln:wojIIPId><sln:wojIIPPn>PL.PZGIK.200</sln:wojIIPPn><sln:wojIIPWersja>2017-10-10T00:00:00+02:00</sln:wojIIPWersja><sln:wojIdTeryt>32</sln:wojIdTeryt><sln:wojNazwa>zachodniopomorskie</sln:wojNazwa></sln:miejscowosc><sln:miejscowosc><sln:cyklZyciaDo>2017-03-30T00:00:00+02:00</sln:cyklZyciaDo><sln:cyklZyciaOd>2015-10-29T00:00:00+01:00</sln:cyklZyciaOd><sln:gmIIPId>a4d4fd27-44fe-4e72-921c-cee36d1e95af</sln:gmIIPId><sln:gmIIPPn>PL.PZGIK.200</sln:gmIIPPn><sln:gmIIPWersja>2012-09-26T22:34:05+02:00</sln:gmIIPWersja><sln:gmIdTeryt>3206012</sln:gmIdTeryt><sln:gmNazwa>Banie</sln:gmNazwa><sln:miejscIIPId>fd374d8d-70cc-459b-b928-8dd8117d6154</sln:miejscIIPId><sln:miejscIIPPn>PL.PZGIK.200</sln:miejscIIPPn><sln:miejscIIPWersja>2016-11-24T12:34:45+02:00</sln:miejscIIPWersja><sln:miejscIdTeryt>0772659</sln:miejscIdTeryt><sln:miejscNazwa>Baniewice</sln:miejscNazwa><sln:miejscRodzaj>Wieś</sln:miejscRodzaj><sln:powIIPId>17d1a859-cb58-476e-9baa-f2cb36688e05</sln:powIIPId><sln:powIIPPn>PL.PZGIK.200</sln:powIIPPn><sln:powIIPWersja>2012-09-27T10:07:22+02:00</sln:powIIPWersja><sln:powIdTeryt>3206</sln:powIdTeryt><sln:powNazwa>gryfiński</sln:powNazwa><sln:waznyOd>2011-04-08T00:00:00+02:00</sln:waznyOd><sln:wojIIPId>c3f2202a-b491-49c5-a3af-d581108d939a</sln:wojIIPId><sln:wojIIPPn>PL.PZGIK.200</sln:wojIIPPn><sln:wojIIPWersja>2017-10-10T00:00:00+02:00</sln:wojIIPWersja><sln:wojIdTeryt>32</sln:wojIdTeryt><sln:wojNazwa>zachodniopomorskie</sln:wojNazwa></sln:miejscowosc><sln:miejscowosc><sln:cyklZyciaDo>2017-03-30T00:00:00+02:00</sln:cyklZyciaDo><sln:cyklZyciaOd>2015-10-29T00:00:00+01:00</sln:cyklZyciaOd><sln:gmIIPId>a4d4fd27-44fe-4e72-921c-cee36d1e95af</sln:gmIIPId><sln:gmIIPPn>PL.PZGIK.200</sln:gmIIPPn><sln:gmIIPWersja>2012-09-26T22:34:05+02:00</sln:gmIIPWersja><sln:gmIdTeryt>3206012</sln:gmIdTeryt><sln:gmNazwa>Banie</sln:gmNazwa><sln:miejscIIPId>82a43102-edc5-4910-9b30-3475e177bea6</sln:miejscIIPId><sln:miejscIIPPn>PL.PZGIK.200</sln:miejscIIPPn><sln:miejscIIPWersja>2016-11-24T12:34:45+02:00</sln:miejscIIPWersja><sln:miejscIdTeryt>0772665</sln:miejscIdTeryt><sln:miejscNazwa>Dłusko Gryfińskie</sln:miejscNazwa><sln:miejscRodzaj>Wieś</sln:miejscRodzaj><sln:powIIPId>17d1a859-cb58-476e-9baa-f2cb36688e05</sln:powIIPId><sln:powIIPPn>PL.PZGIK.200</sln:powIIPPn><sln:powIIPWersja>2012-09-27T10:07:22+02:00</sln:powIIPWersja><sln:powIdTeryt>3206</sln:powIdTeryt><sln:powNazwa>gryfiński</sln:powNazwa><sln:waznyOd>2011-04-08T00:00:00+02:00</sln:waznyOd><sln:wojIIPId>c3f2202a-b491-49c5-a3af-d581108d939a</sln:wojIIPId><sln:wojIIPPn>PL.PZGIK.200</sln:wojIIPPn><sln:wojIIPWersja>2017-10-10T00:00:00+02:00</sln:wojIIPWersja><sln:wojIdTeryt>32</sln:wojIdTeryt><sln:wojNazwa>zachodniopomorskie</sln:wojNazwa></sln:miejscowosc><sln:miejscowosc><sln:cyklZyciaDo>2017-03-30T00:00:00+02:00</sln:cyklZyciaDo><sln:cyklZyciaOd>2015-10-29T00:00:00+01:00</sln:cyklZyciaOd><sln:gmIIPId>a4d4fd27-44fe-4e72-921c-cee36d1e95af</sln:gmIIPId><sln:gmIIPPn>PL.PZGIK.200</sln:gmIIPPn><sln:gmIIPWersja>2012-09-26T22:34:05+02:00</sln:gmIIPWersja><sln:gmIdTeryt>3206012</sln:gmIdTeryt><sln:gmNazwa>Banie</sln:gmNazwa><sln:miejscIIPId>d62aee73-98f8-4d35-99e5-aa3e42e08146</sln:miejscIIPId><sln:miejscIIPPn>PL.PZGIK.200</sln:miejscIIPPn><sln:miejscIIPWersja>2016-11-24T12:34:45+02:00</sln:miejscIIPWersja><sln:miejscIdTeryt>0772671</sln:miejscIdTeryt><sln:miejscNazwa>Dłużyna</sln:miejscNazwa><sln:miejscRodzaj>Osada</sln:miejscRodzaj><sln:powIIPId>17d1a859-cb58-476e-9baa-f2cb36688e05</sln:powIIPId><sln:powIIPPn>PL.PZGIK.200</sln:powIIPPn><sln:powIIPWersja>2012-09-27T10:07:22+02:00</sln:powIIPWersja><sln:powIdTeryt>3206</sln:powIdTeryt><sln:powNazwa>gryfiński</sln:powNazwa><sln:waznyOd>2011-04-08T00:00:00+02:00</sln:waznyOd><sln:wojIIPId>c3f2202a-b491-49c5-a3af-d581108d939a</sln:wojIIPId><sln:wojIIPPn>PL.PZGIK.200</sln:wojIIPPn><sln:wojIIPWersja>2017-10-10T00:00:00+02:00</sln:wojIIPWersja><sln:wojIdTeryt>32</sln:wojIdTeryt><sln:wojNazwa>zachodniopomorskie</sln:wojNazwa></sln:miejscowosc><sln:miejscowosc><sln:cyklZyciaDo>2017-03-30T00:00:00+02:00</sln:cyklZyciaDo><sln:cyklZyciaOd>2015-10-29T00:00:00+01:00</sln:cyklZyciaOd><sln:gmIIPId>a4d4fd27-44fe-4e72-921c-cee36d1e95af</sln:gmIIPId><sln:gmIIPPn>PL.PZGIK.200</sln:gmIIPPn><sln:gmIIPWersja>2012-09-26T22:34:05+02:00</sln:gmIIPWersja><sln:gmIdTeryt>3206012</sln:gmIdTeryt><sln:gmNazwa>Banie</sln:gmNazwa><sln:miejscIIPId>670236d1-29f6-4fde-9e58-910521097d86</sln:miejscIIPId><sln:miejscIIPPn>PL.PZGIK.200</sln:miejscIIPPn><sln:miejscIIPWersja>2016-11-24T12:34:45+02:00</sln:miejscIIPWersja><sln:miejscIdTeryt>0772688</sln:miejscIdTeryt><sln:miejscNazwa>Górnowo</sln:miejscNazwa><sln:miejscRodzaj>Wieś</sln:miejscRodzaj><sln:powIIPId>17d1a859-cb58-476e-9baa-f2cb36688e05</sln:powIIPId><sln:powIIPPn>PL.PZGIK.200</sln:powIIPPn><sln:powIIPWersja>2012-09-27T10:07:22+02:00</sln:powIIPWersja><sln:powIdTeryt>3206</sln:powIdTeryt><sln:powNazwa>gryfiński</sln:powNazwa><sln:waznyOd>2011-04-08T00:00:00+02:00</sln:waznyOd><sln:wojIIPId>c3f2202a-b491-49c5-a3af-d581108d939a</sln:wojIIPId><sln:wojIIPPn>PL.PZGIK.200</sln:wojIIPPn><sln:wojIIPWersja>2017-10-10T00:00:00+02:00</sln:wojIIPWersja><sln:wojIdTeryt>32</sln:wojIdTeryt><sln:wojNazwa>zachodniopomorskie</sln:wojNazwa></sln:miejscowosc><sln:miejscowosc><sln:cyklZyciaDo>2017-03-30T00:00:00+02:00</sln:cyklZyciaDo><sln:cyklZyciaOd>2015-10-29T00:00:00+01:00</sln:cyklZyciaOd><sln:gmIIPId>a4d4fd27-44fe-4e72-921c-cee36d1e95af</sln:gmIIPId><sln:gmIIPPn>PL.PZGIK.200</sln:gmIIPPn><sln:gmIIPWersja>2012-09-26T22:34:05+02:00</sln:gmIIPWersja><sln:gmIdTeryt>3206012</sln:gmIdTeryt><sln:gmNazwa>Banie</sln:gmNazwa><sln:miejscIIPId>a1b4182c-1b55-4b8f-b476-7bf2b8bf3009</sln:miejscIIPId><sln:miejscIIPPn>PL.PZGIK.200</sln:miejscIIPPn><sln:miejscIIPWersja>2016-11-24T12:34:45+02:00</sln:miejscIIPWersja><sln:miejscIdTeryt>0772694</sln:miejscIdTeryt><sln:miejscNazwa>Kunowo</sln:miejscNazwa><sln:miejscRodzaj>Wieś</sln:miejscRodzaj><sln:powIIPId>17d1a859-cb58-476e-9baa-f2cb36688e05</sln:powIIPId><sln:powIIPPn>PL.PZGIK.200</sln:powIIPPn><sln:powIIPWersja>2012-09-27T10:07:22+02:00</sln:powIIPWersja><sln:powIdTeryt>3206</sln:powIdTeryt><sln:powNazwa>gryfiński</sln:powNazwa><sln:waznyOd>2011-04-08T00:00:00+02:00</sln:waznyOd><sln:wojIIPId>c3f2202a-b491-49c5-a3af-d581108d939a</sln:wojIIPId><sln:wojIIPPn>PL.PZGIK.200</sln:wojIIPPn><sln:wojIIPWersja>2017-10-10T00:00:00+02:00</sln:wojIIPWersja><sln:wojIdTeryt>32</sln:wojIdTeryt><sln:wojNazwa>zachodniopomorskie</sln:wojNazwa></sln:miejscowosc><sln:miejscowosc><sln:cyklZyciaDo>2017-03-30T00:00:00+02:00</sln:cyklZyciaDo><sln:cyklZyciaOd>2015-10-29T00:00:00+01:00</sln:cyklZyciaOd><sln:gmIIPId>a4d4fd27-44fe-4e72-921c-cee36d1e95af</sln:gmIIPId><sln:gmIIPPn>PL.PZGIK.200</sln:gmIIPPn><sln:gmIIPWersja>2012-09-26T22:34:05+02:00</sln:gmIIPWersja><sln:gmIdTeryt>3206012</sln:gmIdTeryt><sln:gmNazwa>Banie</sln:gmNazwa><sln:miejscIIPId>b2a655db-07d8-4113-9749-621802f6dbdf</sln:miejscIIPId><sln:miejscIIPPn>PL.PZGIK.200</sln:miejscIIPPn><sln:miejscIIPWersja>2016-11-24T12:34:45+02:00</sln:miejscIIPWersja><sln:miejscIdTeryt>0772702</sln:miejscIdTeryt><sln:miejscNazwa>Lubanowo</sln:miejscNazwa><sln:miejscRodzaj>Wieś</sln:miejscRodzaj><sln:powIIPId>17d1a859-cb58-476e-9baa-f2cb36688e05</sln:powIIPId><sln:powIIPPn>PL.PZGIK.200</sln:powIIPPn><sln:powIIPWersja>2012-09-27T10:07:22+02:00</sln:powIIPWersja><sln:powIdTeryt>3206</sln:powIdTeryt><sln:powNazwa>gryfiński</sln:powNazwa><sln:waznyOd>2011-04-08T00:00:00+02:00</sln:waznyOd><sln:wojIIPId>c3f2202a-b491-49c5-a3af-d581108d939a</sln:wojIIPId><sln:wojIIPPn>PL.PZGIK.200</sln:wojIIPPn><sln:wojIIPWersja>2017-10-10T00:00:00+02:00</sln:wojIIPWersja><sln:wojIdTeryt>32</sln:wojIdTeryt><sln:wojNazwa>zachodniopomorskie</sln:wojNazwa></sln:miejscowosc><sln:miejscowosc><sln:cyklZyciaDo>2017-03-30T00:00:00+02:00</sln:cyklZyciaDo><sln:cyklZyciaOd>2015-10-29T00:00:00+01:00</sln:cyklZyciaOd><sln:gmIIPId>a4d4fd27-44fe-4e72-921c-cee36d1e95af</sln:gmIIPId><sln:gmIIPPn>PL.PZGIK.200</sln:gmIIPPn><sln:gmIIPWersja>2012-09-26T22:34:05+02:00</sln:gmIIPWersja><sln:gmIdTeryt>3206012</sln:gmIdTeryt><sln:gmNazwa>Banie</sln:gmNazwa><sln:miejscIIPId>504d7e0c-475f-45f4-9f50-679ed0ef8b85</sln:miejscIIPId><sln:miejscIIPPn>PL.PZGIK.200</sln:miejscIIPPn><sln:miejscIIPWersja>2016-11-24T13:19:23+02:00</sln:miejscIIPWersja><sln:miejscIdTeryt>0988951</sln:miejscIdTeryt><sln:miejscNazwa>Otoki</sln:miejscNazwa><sln:miejscRodzaj>Przysiółek</sln:miejscRodzaj><sln:powIIPId>17d1a859-cb58-476e-9baa-f2cb36688e05</sln:powIIPId><sln:powIIPPn>PL.PZGIK.200</sln:powIIPPn><sln:powIIPWersja>2012-09-27T10:07:22+02:00</sln:powIIPWersja><sln:powIdTeryt>3206</sln:powIdTeryt><sln:powNazwa>gryfiński</sln:powNazwa><sln:waznyOd>2011-04-08T00:00:00+02:00</sln:waznyOd><sln:wojIIPId>c3f2202a-b491-49c5-a3af-d581108d939a</sln:wojIIPId><sln:wojIIPPn>PL.PZGIK.200</sln:wojIIPPn><sln:wojIIPWersja>2017-10-10T00:00:00+02:00</sln:wojIIPWersja><sln:wojIdTeryt>32</sln:wojIdTeryt><sln:wojNazwa>zachodniopomorskie</sln:wojNazwa></sln:miejscowosc><sln:miejscowosc><sln:cyklZyciaDo>2017-03-30T00:00:00+02:00</sln:cyklZyciaDo><sln:cyklZyciaOd>2015-10-29T00:00:00+01:00</sln:cyklZyciaOd><sln:gmIIPId>a4d4fd27-44fe-4e72-921c-cee36d1e95af</sln:gmIIPId><sln:gmIIPPn>PL.PZGIK.200</sln:gmIIPPn><sln:gmIIPWersja>2012-09-26T22:34:05+02:00</sln:gmIIPWersja><sln:gmIdTeryt>3206012</sln:gmIdTeryt><sln:gmNazwa>Banie</sln:gmNazwa><sln:miejscIIPId>3fa58608-3922-4c84-83fb-4bc395c25357</sln:miejscIIPId><sln:miejscIIPPn>PL.PZGIK.200</sln:miejscIIPPn><sln:miejscIIPWersja>2016-11-24T12:34:45+02:00</sln:miejscIIPWersja><sln:miejscIdTeryt>0772725</sln:miejscIdTeryt><sln:miejscNazwa>Parnica</sln:miejscNazwa><sln:miejscRodzaj>Wieś</sln:miejscRodzaj><sln:powIIPId>17d1a859-cb58-476e-9baa-f2cb36688e05</sln:powIIPId><sln:powIIPPn>PL.PZGIK.200</sln:powIIPPn><sln:powIIPWersja>2012-09-27T10:07:22+02:00</sln:powIIPWersja><sln:powIdTeryt>3206</sln:powIdTeryt><sln:powNazwa>gryfiński</sln:powNazwa><sln:waznyOd>2011-04-08T00:00:00+02:00</sln:waznyOd><sln:wojIIPId>c3f2202a-b491-49c5-a3af-d581108d939a</sln:wojIIPId><sln:wojIIPPn>PL.PZGIK.200</sln:wojIIPPn><sln:wojIIPWersja>2017-10-10T00:00:00+02:00</sln:wojIIPWersja><sln:wojIdTeryt>32</sln:wojIdTeryt><sln:wojNazwa>zachodniopomorskie</sln:wojNazwa></sln:miejscowosc><sln:miejscowosc><sln:cyklZyciaDo>2017-03-30T00:00:00+02:00</sln:cyklZyciaDo><sln:cyklZyciaOd>2015-10-29T00:00:00+01:00</sln:cyklZyciaOd><sln:gmIIPId>a4d4fd27-44fe-4e72-921c-cee36d1e95af</sln:gmIIPId><sln:gmIIPPn>PL.PZGIK.200</sln:gmIIPPn><sln:gmIIPWersja>2012-09-26T22:34:05+02:00</sln:gmIIPWersja><sln:gmIdTeryt>3206012</sln:gmIdTeryt><sln:gmNazwa>Banie</sln:gmNazwa><sln:miejscIIPId>183d70b3-917f-4545-aa03-42d675d603e1</sln:miejscIIPId><sln:miejscIIPPn>PL.PZGIK.200</sln:miejscIIPPn><sln:miejscIIPWersja>2016-11-24T12:34:45+02:00</sln:miejscIIPWersja><sln:miejscIdTeryt>0772731</sln:miejscIdTeryt><sln:miejscNazwa>Piaseczno</sln:miejscNazwa><sln:miejscRodzaj>Wieś</sln:miejscRodzaj><sln:powIIPId>17d1a859-cb58-476e-9baa-f2cb36688e05</sln:powIIPId><sln:powIIPPn>PL.PZGIK.200</sln:powIIPPn><sln:powIIPWersja>2012-09-27T10:07:22+02:00</sln:powIIPWersja><sln:powIdTeryt>3206</sln:powIdTeryt><sln:powNazwa>gryfiński</sln:powNazwa><sln:waznyOd>2011-04-08T00:00:00+02:00</sln:waznyOd><sln:wojIIPId>c3f2202a-b491-49c5-a3af-d581108d939a</sln:wojIIPId><sln:wojIIPPn>PL.PZGIK.200</sln:wojIIPPn><sln:wojIIPWersja>2017-10-10T00:00:00+02:00</sln:wojIIPWersja><sln:wojIdTeryt>32</sln:wojIdTeryt><sln:wojNazwa>zachodniopomorskie</sln:wojNazwa></sln:miejscowosc><sln:miejscowosc><sln:cyklZyciaDo>2017-03-30T00:00:00+02:00</sln:cyklZyciaDo><sln:cyklZyciaOd>2015-10-29T00:00:00+01:00</sln:cyklZyciaOd><sln:gmIIPId>a4d4fd27-44fe-4e72-921c-cee36d1e95af</sln:gmIIPId><sln:gmIIPPn>PL.PZGIK.200</sln:gmIIPPn><sln:gmIIPWersja>2012-09-26T22:34:05+02:00</sln:gmIIPWersja><sln:gmIdTeryt>3206012</sln:gmIdTeryt><sln:gmNazwa>Banie</sln:gmNazwa><sln:miejscIIPId>a4eabc6f-9b3e-4c47-95da-ae869b66690b</sln:miejscIIPId><sln:miejscIIPPn>PL.PZGIK.200</sln:miejscIIPPn><sln:miejscIIPWersja>2016-11-24T12:34:45+02:00</sln:miejscIIPWersja><sln:miejscIdTeryt>0772748</sln:miejscIdTeryt><sln:miejscNazwa>Piaskowo</sln:miejscNazwa><sln:miejscRodzaj>Osada</sln:miejscRodzaj><sln:powIIPId>17d1a859-cb58-476e-9baa-f2cb36688e05</sln:powIIPId><sln:powIIPPn>PL.PZGIK.200</sln:powIIPPn><sln:powIIPWersja>2012-09-27T10:07:22+02:00</sln:powIIPWersja><sln:powIdTeryt>3206</sln:powIdTeryt><sln:powNazwa>gryfiński</sln:powNazwa><sln:waznyOd>2011-04-08T00:00:00+02:00</sln:waznyOd><sln:wojIIPId>c3f2202a-b491-49c5-a3af-d581108d939a</sln:wojIIPId><sln:wojIIPPn>PL.PZGIK.200</sln:wojIIPPn><sln:wojIIPWersja>2017-10-10T00:00:00+02:00</sln:wojIIPWersja><sln:wojIdTeryt>32</sln:wojIdTeryt><sln:wojNazwa>zachodniopomorskie</sln:wojNazwa></sln:miejscowosc><sln:miejscowosc><sln:cyklZyciaDo>2017-03-30T00:00:00+02:00</sln:cyklZyciaDo><sln:cyklZyciaOd>2015-10-29T00:00:00+01:00</sln:cyklZyciaOd><sln:gmIIPId>a4d4fd27-44fe-4e72-921c-cee36d1e95af</sln:gmIIPId><sln:gmIIPPn>PL.PZGIK.200</sln:gmIIPPn><sln:gmIIPWersja>2012-09-26T22:34:05+02:00</sln:gmIIPWersja><sln:gmIdTeryt>3206012</sln:gmIdTeryt><sln:gmNazwa>Banie</sln:gmNazwa><sln:miejscIIPId>e1706bf2-916b-4883-b688-cc3d22a384c8</sln:miejscIIPId><sln:miejscIIPPn>PL.PZGIK.200</sln:miejscIIPPn><sln:miejscIIPWersja>2016-11-24T12:34:45+02:00</sln:miejscIIPWersja><sln:miejscIdTeryt>0772760</sln:miejscIdTeryt><sln:miejscNazwa>Rożnowo</sln:miejscNazwa><sln:miejscRodzaj>Osada</sln:miejscRodzaj><sln:powIIPId>17d1a859-cb58-476e-9baa-f2cb36688e05</sln:powIIPId><sln:powIIPPn>PL.PZGIK.200</sln:powIIPPn><sln:powIIPWersja>2012-09-27T10:07:22+02:00</sln:powIIPWersja><sln:powIdTeryt>3206</sln:powIdTeryt><sln:powNazwa>gryfiński</sln:powNazwa><sln:waznyOd>2011-04-08T00:00:00+02:00</sln:waznyOd><sln:wojIIPId>c3f2202a-b491-49c5-a3af-d581108d939a</sln:wojIIPId><sln:wojIIPPn>PL.PZGIK.200</sln:wojIIPPn><sln:wojIIPWersja>2017-10-10T00:00:00+02:00</sln:wojIIPWersja><sln:wojIdTeryt>32</sln:wojIdTeryt><sln:wojNazwa>zachodniopomorskie</sln:wojNazwa></sln:miejscowosc><sln:miejscowosc><sln:cyklZyciaDo>2017-03-30T00:00:00+02:00</sln:cyklZyciaDo><sln:cyklZyciaOd>2015-10-29T00:00:00+01:00</sln:cyklZyciaOd><sln:gmIIPId>a4d4fd27-44fe-4e72-921c-cee36d1e95af</sln:gmIIPId><sln:gmIIPPn>PL.PZGIK.200</sln:gmIIPPn><sln:gmIIPWersja>2012-09-26T22:34:05+02:00</sln:gmIIPWersja><sln:gmIdTeryt>3206012</sln:gmIdTeryt><sln:gmNazwa>Banie</sln:gmNazwa><sln:miejscIIPId>3f9425b9-390d-496e-9173-d4fa582feb10</sln:miejscIIPId><sln:miejscIIPPn>PL.PZGIK.200</sln:miejscIIPPn><sln:miejscIIPWersja>2016-11-24T12:34:45+02:00</sln:miejscIIPWersja><sln:miejscIdTeryt>0772754</sln:miejscIdTeryt><sln:miejscNazwa>Skotniki</sln:miejscNazwa><sln:miejscRodzaj>Osada</sln:miejscRodzaj><sln:powIIPId>17d1a859-cb58-476e-9baa-f2cb36688e05</sln:powIIPId><sln:powIIPPn>PL.PZGIK.200</sln:powIIPPn><sln:powIIPWersja>2012-09-27T10:07:22+02:00</sln:powIIPWersja><sln:powIdTeryt>3206</sln:powIdTeryt><sln:powNazwa>gryfiński</sln:powNazwa><sln:waznyOd>2011-04-08T00:00:00+02:00</sln:waznyOd><sln:wojIIPId>c3f2202a-b491-49c5-a3af-d581108d939a</sln:wojIIPId><sln:wojIIPPn>PL.PZGIK.200</sln:wojIIPPn><sln:wojIIPWersja>2017-10-10T00:00:00+02:00</sln:wojIIPWersja><sln:wojIdTeryt>32</sln:wojIdTeryt><sln:wojNazwa>zachodniopomorskie</sln:wojNazwa></sln:miejscowosc><sln:miejscowosc><sln:cyklZyciaDo>2017-03-30T00:00:00+02:00</sln:cyklZyciaDo><sln:cyklZyciaOd>2015-10-29T00:00:00+01:00</sln:cyklZyciaOd><sln:gmIIPId>a4d4fd27-44fe-4e72-921c-cee36d1e95af</sln:gmIIPId><sln:gmIIPPn>PL.PZGIK.200</sln:gmIIPPn><sln:gmIIPWersja>2012-09-26T22:34:05+02:00</sln:gmIIPWersja><sln:gmIdTeryt>3206012</sln:gmIdTeryt><sln:gmNazwa>Banie</sln:gmNazwa><sln:miejscIIPId>6edabc2e-6ae9-4af1-bfde-78d3d25d97b5</sln:miejscIIPId><sln:miejscIIPPn>PL.PZGIK.200</sln:miejscIIPPn><sln:miejscIIPWersja>2016-11-24T12:34:45+02:00</sln:miejscIIPWersja><sln:miejscIdTeryt>0772777</sln:miejscIdTeryt><sln:miejscNazwa>Sosnowo</sln:miejscNazwa><sln:miejscRodzaj>Wieś</sln:miejscRodzaj><sln:powIIPId>17d1a859-cb58-476e-9baa-f2cb36688e05</sln:powIIPId><sln:powIIPPn>PL.PZGIK.200</sln:powIIPPn><sln:powIIPWersja>2012-09-27T10:07:22+02:00</sln:powIIPWersja><sln:powIdTeryt>3206</sln:powIdTeryt><sln:powNazwa>gryfiński</sln:powNazwa><sln:waznyOd>2011-04-08T00:00:00+02:00</sln:waznyOd><sln:wojIIPId>c3f2202a-b491-49c5-a3af-d581108d939a</sln:wojIIPId><sln:wojIIPPn>PL.PZGIK.200</sln:wojIIPPn><sln:wojIIPWersja>2017-10-10T00:00:00+02:00</sln:wojIIPWersja><sln:wojIdTeryt>32</sln:wojIdTeryt><sln:wojNazwa>zachodniopomorskie</sln:wojNazwa></sln:miejscowosc><sln:miejscowosc><sln:cyklZyciaDo>2017-03-30T00:00:00+02:00</sln:cyklZyciaDo><sln:cyklZyciaOd>2015-10-29T00:00:00+01:00</sln:cyklZyciaOd><sln:gmIIPId>a4d4fd27-44fe-4e72-921c-cee36d1e95af</sln:gmIIPId><sln:gmIIPPn>PL.PZGIK.200</sln:gmIIPPn><sln:gmIIPWersja>2012-09-26T22:34:05+02:00</sln:gmIIPWersja><sln:gmIdTeryt>3206012</sln:gmIdTeryt><sln:gmNazwa>Banie</sln:gmNazwa><sln:miejscIIPId>fe52f501-7de3-4d62-a66f-0351f0693916</sln:miejscIIPId><sln:miejscIIPPn>PL.PZGIK.200</sln:miejscIIPPn><sln:miejscIIPWersja>2016-11-24T12:34:45+02:00</sln:miejscIIPWersja><sln:miejscIdTeryt>0772783</sln:miejscIdTeryt><sln:miejscNazwa>Swobnica</sln:miejscNazwa><sln:miejscRodzaj>Wieś</sln:miejscRodzaj><sln:powIIPId>17d1a859-cb58-476e-9baa-f2cb36688e05</sln:powIIPId><sln:powIIPPn>PL.PZGIK.200</sln:powIIPPn><sln:powIIPWersja>2012-09-27T10:07:22+02:00</sln:powIIPWersja><sln:powIdTeryt>3206</sln:powIdTeryt><sln:powNazwa>gryfiński</sln:powNazwa><sln:waznyOd>2011-04-08T00:00:00+02:00</sln:waznyOd><sln:wojIIPId>c3f2202a-b491-49c5-a3af-d581108d939a</sln:wojIIPId><sln:wojIIPPn>PL.PZGIK.200</sln:wojIIPPn><sln:wojIIPWersja>2017-10-10T00:00:00+02:00</sln:wojIIPWersja><sln:wojIdTeryt>32</sln:wojIdTeryt><sln:wojNazwa>zachodniopomorskie</sln:wojNazwa></sln:miejscowosc><sln:miejscowosc><sln:cyklZyciaDo>2017-03-30T00:00:00+02:00</sln:cyklZyciaDo><sln:cyklZyciaOd>2015-10-29T00:00:00+01:00</sln:cyklZyciaOd><sln:gmIIPId>a4d4fd27-44fe-4e72-921c-cee36d1e95af</sln:gmIIPId><sln:gmIIPPn>PL.PZGIK.200</sln:gmIIPPn><sln:gmIIPWersja>2012-09-26T22:34:05+02:00</sln:gmIIPWersja><sln:gmIdTeryt>3206012</sln:gmIdTeryt><sln:gmNazwa>Banie</sln:gmNazwa><sln:miejscIIPId>50f2c92d-6cc1-4a0f-8422-982c7adbb2a2</sln:miejscIIPId><sln:miejscIIPPn>PL.PZGIK.200</sln:miejscIIPPn><sln:miejscIIPWersja>2016-11-24T12:34:45+02:00</sln:miejscIIPWersja><sln:miejscIdTeryt>0772719</sln:miejscIdTeryt><sln:miejscNazwa>Trzaski</sln:miejscNazwa><sln:miejscRodzaj>Przysiółek</sln:miejscRodzaj><sln:powIIPId>17d1a859-cb58-476e-9baa-f2cb36688e05</sln:powIIPId><sln:powIIPPn>PL.PZGIK.200</sln:powIIPPn><sln:powIIPWersja>2012-09-27T10:07:22+02:00</sln:powIIPWersja><sln:powIdTeryt>3206</sln:powIdTeryt><sln:powNazwa>gryfiński</sln:powNazwa><sln:waznyOd>2011-04-08T00:00:00+02:00</sln:waznyOd><sln:wojIIPId>c3f2202a-b491-49c5-a3af-d581108d939a</sln:wojIIPId><sln:wojIIPPn>PL.PZGIK.200</sln:wojIIPPn><sln:wojIIPWersja>2017-10-10T00:00:00+02:00</sln:wojIIPWersja><sln:wojIdTeryt>32</sln:wojIdTeryt><sln:wojNazwa>zachodniopomorskie</sln:wojNazwa></sln:miejscowosc><sln:miejscowosc><sln:cyklZyciaDo>2017-03-30T00:00:00+02:00</sln:cyklZyciaDo><sln:cyklZyciaOd>2015-10-29T00:00:00+01:00</sln:cyklZyciaOd><sln:gmIIPId>a4d4fd27-44fe-4e72-921c-cee36d1e95af</sln:gmIIPId><sln:gmIIPPn>PL.PZGIK.200</sln:gmIIPPn><sln:gmIIPWersja>2012-09-26T22:34:05+02:00</sln:gmIIPWersja><sln:gmIdTeryt>3206012</sln:gmIdTeryt><sln:gmNazwa>Banie</sln:gmNazwa><sln:miejscIIPId>640346f4-498c-4bde-843a-07eed3bb9fd1</sln:miejscIIPId><sln:miejscIIPPn>PL.PZGIK.200</sln:miejscIIPPn><sln:miejscIIPWersja>2016-11-24T12:34:45+02:00</sln:miejscIIPWersja><sln:miejscIdTeryt>0772808</sln:miejscIdTeryt><sln:miejscNazwa>Tywica</sln:miejscNazwa><sln:miejscRodzaj>Wieś</sln:miejscRodzaj><sln:powIIPId>17d1a859-cb58-476e-9baa-f2cb36688e05</sln:powIIPId><sln:powIIPPn>PL.PZGIK.200</sln:powIIPPn><sln:powIIPWersja>2012-09-27T10:07:22+02:00</sln:powIIPWersja><sln:powIdTeryt>3206</sln:powIdTeryt><sln:powNazwa>gryfiński</sln:powNazwa><sln:waznyOd>2015-10-28T00:00:00+01:00</sln:waznyOd><sln:wojIIPId>c3f2202a-b491-49c5-a3af-d581108d939a</sln:wojIIPId><sln:wojIIPPn>PL.PZGIK.200</sln:wojIIPPn><sln:wojIIPWersja>2017-10-10T00:00:00+02:00</sln:wojIIPWersja><sln:wojIdTeryt>32</sln:wojIdTeryt><sln:wojNazwa>zachodniopomorskie</sln:wojNazwa></sln:miejscowosc><sln:miejscowosc><sln:cyklZyciaOd>2017-03-30T00:00:00+02:00</sln:cyklZyciaOd><sln:gmIIPId>a4d4fd27-44fe-4e72-921c-cee36d1e95af</sln:gmIIPId><sln:gmIIPPn>PL.PZGIK.200</sln:gmIIPPn><sln:gmIIPWersja>2012-09-26T22:34:05+02:00</sln:gmIIPWersja><sln:gmIdTeryt>3206012</sln:gmIdTeryt><sln:gmNazwa>Banie</sln:gmNazwa><sln:miejscIIPId>8ef75b04-b5cb-406e-82c5-a84c37d77079</sln:miejscIIPId><sln:miejscIIPPn>PL.PZGIK.200</sln:miejscIIPPn><sln:miejscIIPWersja>2017-03-30T13:42:20+02:00</sln:miejscIIPWersja><sln:miejscIdTeryt>0772636</sln:miejscIdTeryt><sln:miejscNazwa>Babinek</sln:miejscNazwa><sln:miejscRodzaj>Wieś</sln:miejscRodzaj><sln:powIIPId>17d1a859-cb58-476e-9baa-f2cb36688e05</sln:powIIPId><sln:powIIPPn>PL.PZGIK.200</sln:powIIPPn><sln:powIIPWersja>2012-09-27T10:07:22+02:00</sln:powIIPWersja><sln:powIdTeryt>3206</sln:powIdTeryt><sln:powNazwa>gryfiński</sln:powNazwa><sln:waznyOd>2011-04-08T00:00:00+02:00</sln:waznyOd><sln:wojIIPId>c3f2202a-b491-49c5-a3af-d581108d939a</sln:wojIIPId><sln:wojIIPPn>PL.PZGIK.200</sln:wojIIPPn><sln:wojIIPWersja>2017-10-10T00:00:00+02:00</sln:wojIIPWersja><sln:wojIdTeryt>32</sln:wojIdTeryt><sln:wojNazwa>zachodniopomorskie</sln:wojNazwa></sln:miejscowosc><sln:miejscowosc><sln:cyklZyciaOd>2017-03-30T00:00:00+02:00</sln:cyklZyciaOd><sln:gmIIPId>a4d4fd27-44fe-4e72-921c-cee36d1e95af</sln:gmIIPId><sln:gmIIPPn>PL.PZGIK.200</sln:gmIIPPn><sln:gmIIPWersja>2012-09-26T22:34:05+02:00</sln:gmIIPWersja><sln:gmIdTeryt>3206012</sln:gmIdTeryt><sln:gmNazwa>Banie</sln:gmNazwa><sln:miejscIIPId>a89285a7-e060-46a6-b7df-50c7d891cfd2</sln:miejscIIPId><sln:miejscIIPPn>PL.PZGIK.200</sln:miejscIIPPn><sln:miejscIIPWersja>2017-03-30T13:42:27+02:00</sln:miejscIIPWersja><sln:miejscIdTeryt>0772642</sln:miejscIdTeryt><sln:miejscNazwa>Banie</sln:miejscNazwa><sln:miejscRodzaj>Wieś</sln:miejscRodzaj><sln:powIIPId>17d1a859-cb58-476e-9baa-f2cb36688e05</sln:powIIPId><sln:powIIPPn>PL.PZGIK.200</sln:powIIPPn><sln:powIIPWersja>2012-09-27T10:07:22+02:00</sln:powIIPWersja><sln:powIdTeryt>3206</sln:powIdTeryt><sln:powNazwa>gryfiński</sln:powNazwa><sln:waznyOd>2011-04-08T00:00:00+02:00</sln:waznyOd><sln:wojIIPId>c3f2202a-b491-49c5-a3af-d581108d939a</sln:wojIIPId><sln:wojIIPPn>PL.PZGIK.200</sln:wojIIPPn><sln:wojIIPWersja>2017-10-10T00:00:00+02:00</sln:wojIIPWersja><sln:wojIdTeryt>32</sln:wojIdTeryt><sln:wojNazwa>zachodniopomorskie</sln:wojNazwa></sln:miejscowosc><sln:miejscowosc><sln:cyklZyciaOd>2017-03-30T00:00:00+02:00</sln:cyklZyciaOd><sln:gmIIPId>a4d4fd27-44fe-4e72-921c-cee36d1e95af</sln:gmIIPId><sln:gmIIPPn>PL.PZGIK.200</sln:gmIIPPn><sln:gmIIPWersja>2012-09-26T22:34:05+02:00</sln:gmIIPWersja><sln:gmIdTeryt>3206012</sln:gmIdTeryt><sln:gmNazwa>Banie</sln:gmNazwa><sln:miejscIIPId>fd374d8d-70cc-459b-b928-8dd8117d6154</sln:miejscIIPId><sln:miejscIIPPn>PL.PZGIK.200</sln:miejscIIPPn><sln:miejscIIPWersja>2017-03-30T13:42:27+02:00</sln:miejscIIPWersja><sln:miejscIdTeryt>0772659</sln:miejscIdTeryt><sln:miejscNazwa>Baniewice</sln:miejscNazwa><sln:miejscRodzaj>Wieś</sln:miejscRodzaj><sln:powIIPId>17d1a859-cb58-476e-9baa-f2cb36688e05</sln:powIIPId><sln:powIIPPn>PL.PZGIK.200</sln:powIIPPn><sln:powIIPWersja>2012-09-27T10:07:22+02:00</sln:powIIPWersja><sln:powIdTeryt>3206</sln:powIdTeryt><sln:powNazwa>gryfiński</sln:powNazwa><sln:waznyOd>2011-04-08T00:00:00+02:00</sln:waznyOd><sln:wojIIPId>c3f2202a-b491-49c5-a3af-d581108d939a</sln:wojIIPId><sln:wojIIPPn>PL.PZGIK.200</sln:wojIIPPn><sln:wojIIPWersja>2017-10-10T00:00:00+02:00</sln:wojIIPWersja><sln:wojIdTeryt>32</sln:wojIdTeryt><sln:wojNazwa>zachodniopomorskie</sln:wojNazwa></sln:miejscowosc><sln:miejscowosc><sln:cyklZyciaOd>2017-03-30T00:00:00+02:00</sln:cyklZyciaOd><sln:gmIIPId>a4d4fd27-44fe-4e72-921c-cee36d1e95af</sln:gmIIPId><sln:gmIIPPn>PL.PZGIK.200</sln:gmIIPPn><sln:gmIIPWersja>2012-09-26T22:34:05+02:00</sln:gmIIPWersja><sln:gmIdTeryt>3206012</sln:gmIdTeryt><sln:gmNazwa>Banie</sln:gmNazwa><sln:miejscIIPId>82a43102-edc5-4910-9b30-3475e177bea6</sln:miejscIIPId><sln:miejscIIPPn>PL.PZGIK.200</sln:miejscIIPPn><sln:miejscIIPWersja>2017-03-30T13:42:27+02:00</sln:miejscIIPWersja><sln:miejscIdTeryt>0772665</sln:miejscIdTeryt><sln:miejscNazwa>Dłusko Gryfińskie</sln:miejscNazwa><sln:miejscRodzaj>Wieś</sln:miejscRodzaj><sln:powIIPId>17d1a859-cb58-476e-9baa-f2cb36688e05</sln:powIIPId><sln:powIIPPn>PL.PZGIK.200</sln:powIIPPn><sln:powIIPWersja>2012-09-27T10:07:22+02:00</sln:powIIPWersja><sln:powIdTeryt>3206</sln:powIdTeryt><sln:powNazwa>gryfiński</sln:powNazwa><sln:waznyOd>2011-04-08T00:00:00+02:00</sln:waznyOd><sln:wojIIPId>c3f2202a-b491-49c5-a3af-d581108d939a</sln:wojIIPId><sln:wojIIPPn>PL.PZGIK.200</sln:wojIIPPn><sln:wojIIPWersja>2017-10-10T00:00:00+02:00</sln:wojIIPWersja><sln:wojIdTeryt>32</sln:wojIdTeryt><sln:wojNazwa>zachodniopomorskie</sln:wojNazwa></sln:miejscowosc><sln:miejscowosc><sln:cyklZyciaOd>2017-03-30T00:00:00+02:00</sln:cyklZyciaOd><sln:gmIIPId>a4d4fd27-44fe-4e72-921c-cee36d1e95af</sln:gmIIPId><sln:gmIIPPn>PL.PZGIK.200</sln:gmIIPPn><sln:gmIIPWersja>2012-09-26T22:34:05+02:00</sln:gmIIPWersja><sln:gmIdTeryt>3206012</sln:gmIdTeryt><sln:gmNazwa>Banie</sln:gmNazwa><sln:miejscIIPId>d62aee73-98f8-4d35-99e5-aa3e42e08146</sln:miejscIIPId><sln:miejscIIPPn>PL.PZGIK.200</sln:miejscIIPPn><sln:miejscIIPWersja>2017-03-30T13:42:27+02:00</sln:miejscIIPWersja><sln:miejscIdTeryt>0772671</sln:miejscIdTeryt><sln:miejscNazwa>Dłużyna</sln:miejscNazwa><sln:miejscRodzaj>Osada</sln:miejscRodzaj><sln:powIIPId>17d1a859-cb58-476e-9baa-f2cb36688e05</sln:powIIPId><sln:powIIPPn>PL.PZGIK.200</sln:powIIPPn><sln:powIIPWersja>2012-09-27T10:07:22+02:00</sln:powIIPWersja><sln:powIdTeryt>3206</sln:powIdTeryt><sln:powNazwa>gryfiński</sln:powNazwa><sln:waznyOd>2011-04-08T00:00:00+02:00</sln:waznyOd><sln:wojIIPId>c3f2202a-b491-49c5-a3af-d581108d939a</sln:wojIIPId><sln:wojIIPPn>PL.PZGIK.200</sln:wojIIPPn><sln:wojIIPWersja>2017-10-10T00:00:00+02:00</sln:wojIIPWersja><sln:wojIdTeryt>32</sln:wojIdTeryt><sln:wojNazwa>zachodniopomorskie</sln:wojNazwa></sln:miejscowosc><sln:miejscowosc><sln:cyklZyciaOd>2017-03-30T00:00:00+02:00</sln:cyklZyciaOd><sln:gmIIPId>a4d4fd27-44fe-4e72-921c-cee36d1e95af</sln:gmIIPId><sln:gmIIPPn>PL.PZGIK.200</sln:gmIIPPn><sln:gmIIPWersja>2012-09-26T22:34:05+02:00</sln:gmIIPWersja><sln:gmIdTeryt>3206012</sln:gmIdTeryt><sln:gmNazwa>Banie</sln:gmNazwa><sln:miejscIIPId>670236d1-29f6-4fde-9e58-910521097d86</sln:miejscIIPId><sln:miejscIIPPn>PL.PZGIK.200</sln:miejscIIPPn><sln:miejscIIPWersja>2017-03-30T13:42:27+02:00</sln:miejscIIPWersja><sln:miejscIdTeryt>0772688</sln:miejscIdTeryt><sln:miejscNazwa>Górnowo</sln:miejscNazwa><sln:miejscRodzaj>Wieś</sln:miejscRodzaj><sln:powIIPId>17d1a859-cb58-476e-9baa-f2cb36688e05</sln:powIIPId><sln:powIIPPn>PL.PZGIK.200</sln:powIIPPn><sln:powIIPWersja>2012-09-27T10:07:22+02:00</sln:powIIPWersja><sln:powIdTeryt>3206</sln:powIdTeryt><sln:powNazwa>gryfiński</sln:powNazwa><sln:waznyOd>2011-04-08T00:00:00+02:00</sln:waznyOd><sln:wojIIPId>c3f2202a-b491-49c5-a3af-d581108d939a</sln:wojIIPId><sln:wojIIPPn>PL.PZGIK.200</sln:wojIIPPn><sln:wojIIPWersja>2017-10-10T00:00:00+02:00</sln:wojIIPWersja><sln:wojIdTeryt>32</sln:wojIdTeryt><sln:wojNazwa>zachodniopomorskie</sln:wojNazwa></sln:miejscowosc><sln:miejscowosc><sln:cyklZyciaOd>2017-03-30T00:00:00+02:00</sln:cyklZyciaOd><sln:gmIIPId>a4d4fd27-44fe-4e72-921c-cee36d1e95af</sln:gmIIPId><sln:gmIIPPn>PL.PZGIK.200</sln:gmIIPPn><sln:gmIIPWersja>2012-09-26T22:34:05+02:00</sln:gmIIPWersja><sln:gmIdTeryt>3206012</sln:gmIdTeryt><sln:gmNazwa>Banie</sln:gmNazwa><sln:miejscIIPId>a1b4182c-1b55-4b8f-b476-7bf2b8bf3009</sln:miejscIIPId><sln:miejscIIPPn>PL.PZGIK.200</sln:miejscIIPPn><sln:miejscIIPWersja>2017-03-30T13:42:28+02:00</sln:miejscIIPWersja><sln:miejscIdTeryt>0772694</sln:miejscIdTeryt><sln:miejscNazwa>Kunowo</sln:miejscNazwa><sln:miejscRodzaj>Wieś</sln:miejscRodzaj><sln:powIIPId>17d1a859-cb58-476e-9baa-f2cb36688e05</sln:powIIPId><sln:powIIPPn>PL.PZGIK.200</sln:powIIPPn><sln:powIIPWersja>2012-09-27T10:07:22+02:00</sln:powIIPWersja><sln:powIdTeryt>3206</sln:powIdTeryt><sln:powNazwa>gryfiński</sln:powNazwa><sln:waznyOd>2011-04-08T00:00:00+02:00</sln:waznyOd><sln:wojIIPId>c3f2202a-b491-49c5-a3af-d581108d939a</sln:wojIIPId><sln:wojIIPPn>PL.PZGIK.200</sln:wojIIPPn><sln:wojIIPWersja>2017-10-10T00:00:00+02:00</sln:wojIIPWersja><sln:wojIdTeryt>32</sln:wojIdTeryt><sln:wojNazwa>zachodniopomorskie</sln:wojNazwa></sln:miejscowosc><sln:miejscowosc><sln:cyklZyciaOd>2017-03-30T00:00:00+02:00</sln:cyklZyciaOd><sln:gmIIPId>a4d4fd27-44fe-4e72-921c-cee36d1e95af</sln:gmIIPId><sln:gmIIPPn>PL.PZGIK.200</sln:gmIIPPn><sln:gmIIPWersja>2012-09-26T22:34:05+02:00</sln:gmIIPWersja><sln:gmIdTeryt>3206012</sln:gmIdTeryt><sln:gmNazwa>Banie</sln:gmNazwa><sln:miejscIIPId>b2a655db-07d8-4113-9749-621802f6dbdf</sln:miejscIIPId><sln:miejscIIPPn>PL.PZGIK.200</sln:miejscIIPPn><sln:miejscIIPWersja>2017-03-30T13:42:28+02:00</sln:miejscIIPWersja><sln:miejscIdTeryt>0772702</sln:miejscIdTeryt><sln:miejscNazwa>Lubanowo</sln:miejscNazwa><sln:miejscRodzaj>Wieś</sln:miejscRodzaj><sln:powIIPId>17d1a859-cb58-476e-9baa-f2cb36688e05</sln:powIIPId><sln:powIIPPn>PL.PZGIK.200</sln:powIIPPn><sln:powIIPWersja>2012-09-27T10:07:22+02:00</sln:powIIPWersja><sln:powIdTeryt>3206</sln:powIdTeryt><sln:powNazwa>gryfiński</sln:powNazwa><sln:waznyOd>2011-04-08T00:00:00+02:00</sln:waznyOd><sln:wojIIPId>c3f2202a-b491-49c5-a3af-d581108d939a</sln:wojIIPId><sln:wojIIPPn>PL.PZGIK.200</sln:wojIIPPn><sln:wojIIPWersja>2017-10-10T00:00:00+02:00</sln:wojIIPWersja><sln:wojIdTeryt>32</sln:wojIdTeryt><sln:wojNazwa>zachodniopomorskie</sln:wojNazwa></sln:miejscowosc><sln:miejscowosc><sln:cyklZyciaOd>2017-03-30T00:00:00+02:00</sln:cyklZyciaOd><sln:gmIIPId>a4d4fd27-44fe-4e72-921c-cee36d1e95af</sln:gmIIPId><sln:gmIIPPn>PL.PZGIK.200</sln:gmIIPPn><sln:gmIIPWersja>2012-09-26T22:34:05+02:00</sln:gmIIPWersja><sln:gmIdTeryt>3206012</sln:gmIdTeryt><sln:gmNazwa>Banie</sln:gmNazwa><sln:miejscIIPId>50f2c92d-6cc1-4a0f-8422-982c7adbb2a2</sln:miejscIIPId><sln:miejscIIPPn>PL.PZGIK.200</sln:miejscIIPPn><sln:miejscIIPWersja>2017-03-30T13:42:28+02:00</sln:miejscIIPWersja><sln:miejscIdTeryt>0772719</sln:miejscIdTeryt><sln:miejscNazwa>Trzaski</sln:miejscNazwa><sln:miejscRodzaj>Przysiółek</sln:miejscRodzaj><sln:powIIPId>17d1a859-cb58-476e-9baa-f2cb36688e05</sln:powIIPId><sln:powIIPPn>PL.PZGIK.200</sln:powIIPPn><sln:powIIPWersja>2012-09-27T10:07:22+02:00</sln:powIIPWersja><sln:powIdTeryt>3206</sln:powIdTeryt><sln:powNazwa>gryfiński</sln:powNazwa><sln:waznyOd>2011-04-08T00:00:00+02:00</sln:waznyOd><sln:wojIIPId>c3f2202a-b491-49c5-a3af-d581108d939a</sln:wojIIPId><sln:wojIIPPn>PL.PZGIK.200</sln:wojIIPPn><sln:wojIIPWersja>2017-10-10T00:00:00+02:00</sln:wojIIPWersja><sln:wojIdTeryt>32</sln:wojIdTeryt><sln:wojNazwa>zachodniopomorskie</sln:wojNazwa></sln:miejscowosc><sln:miejscowosc><sln:cyklZyciaOd>2017-03-30T00:00:00+02:00</sln:cyklZyciaOd><sln:gmIIPId>a4d4fd27-44fe-4e72-921c-cee36d1e95af</sln:gmIIPId><sln:gmIIPPn>PL.PZGIK.200</sln:gmIIPPn><sln:gmIIPWersja>2012-09-26T22:34:05+02:00</sln:gmIIPWersja><sln:gmIdTeryt>3206012</sln:gmIdTeryt><sln:gmNazwa>Banie</sln:gmNazwa><sln:miejscIIPId>3fa58608-3922-4c84-83fb-4bc395c25357</sln:miejscIIPId><sln:miejscIIPPn>PL.PZGIK.200</sln:miejscIIPPn><sln:miejscIIPWersja>2017-03-30T13:42:28+02:00</sln:miejscIIPWersja><sln:miejscIdTeryt>0772725</sln:miejscIdTeryt><sln:miejscNazwa>Parnica</sln:miejscNazwa><sln:miejscRodzaj>Wieś</sln:miejscRodzaj><sln:powIIPId>17d1a859-cb58-476e-9baa-f2cb36688e05</sln:powIIPId><sln:powIIPPn>PL.PZGIK.200</sln:powIIPPn><sln:powIIPWersja>2012-09-27T10:07:22+02:00</sln:powIIPWersja><sln:powIdTeryt>3206</sln:powIdTeryt><sln:powNazwa>gryfiński</sln:powNazwa><sln:waznyOd>2011-04-08T00:00:00+02:00</sln:waznyOd><sln:wojIIPId>c3f2202a-b491-49c5-a3af-d581108d939a</sln:wojIIPId><sln:wojIIPPn>PL.PZGIK.200</sln:wojIIPPn><sln:wojIIPWersja>2017-10-10T00:00:00+02:00</sln:wojIIPWersja><sln:wojIdTeryt>32</sln:wojIdTeryt><sln:wojNazwa>zachodniopomorskie</sln:wojNazwa></sln:miejscowosc><sln:miejscowosc><sln:cyklZyciaOd>2017-03-30T00:00:00+02:00</sln:cyklZyciaOd><sln:gmIIPId>a4d4fd27-44fe-4e72-921c-cee36d1e95af</sln:gmIIPId><sln:gmIIPPn>PL.PZGIK.200</sln:gmIIPPn><sln:gmIIPWersja>2012-09-26T22:34:05+02:00</sln:gmIIPWersja><sln:gmIdTeryt>3206012</sln:gmIdTeryt><sln:gmNazwa>Banie</sln:gmNazwa><sln:miejscIIPId>183d70b3-917f-4545-aa03-42d675d603e1</sln:miejscIIPId><sln:miejscIIPPn>PL.PZGIK.200</sln:miejscIIPPn><sln:miejscIIPWersja>2017-03-30T13:42:28+02:00</sln:miejscIIPWersja><sln:miejscIdTeryt>0772731</sln:miejscIdTeryt><sln:miejscNazwa>Piaseczno</sln:miejscNazwa><sln:miejscRodzaj>Wieś</sln:miejscRodzaj><sln:powIIPId>17d1a859-cb58-476e-9baa-f2cb36688e05</sln:powIIPId><sln:powIIPPn>PL.PZGIK.200</sln:powIIPPn><sln:powIIPWersja>2012-09-27T10:07:22+02:00</sln:powIIPWersja><sln:powIdTeryt>3206</sln:powIdTeryt><sln:powNazwa>gryfiński</sln:powNazwa><sln:waznyOd>2011-04-08T00:00:00+02:00</sln:waznyOd><sln:wojIIPId>c3f2202a-b491-49c5-a3af-d581108d939a</sln:wojIIPId><sln:wojIIPPn>PL.PZGIK.200</sln:wojIIPPn><sln:wojIIPWersja>2017-10-10T00:00:00+02:00</sln:wojIIPWersja><sln:wojIdTeryt>32</sln:wojIdTeryt><sln:wojNazwa>zachodniopomorskie</sln:wojNazwa></sln:miejscowosc><sln:miejscowosc><sln:cyklZyciaOd>2017-03-30T00:00:00+02:00</sln:cyklZyciaOd><sln:gmIIPId>a4d4fd27-44fe-4e72-921c-cee36d1e95af</sln:gmIIPId><sln:gmIIPPn>PL.PZGIK.200</sln:gmIIPPn><sln:gmIIPWersja>2012-09-26T22:34:05+02:00</sln:gmIIPWersja><sln:gmIdTeryt>3206012</sln:gmIdTeryt><sln:gmNazwa>Banie</sln:gmNazwa><sln:miejscIIPId>a4eabc6f-9b3e-4c47-95da-ae869b66690b</sln:miejscIIPId><sln:miejscIIPPn>PL.PZGIK.200</sln:miejscIIPPn><sln:miejscIIPWersja>2017-03-30T13:42:28+02:00</sln:miejscIIPWersja><sln:miejscIdTeryt>0772748</sln:miejscIdTeryt><sln:miejscNazwa>Piaskowo</sln:miejscNazwa><sln:miejscRodzaj>Osada</sln:miejscRodzaj><sln:powIIPId>17d1a859-cb58-476e-9baa-f2cb36688e05</sln:powIIPId><sln:powIIPPn>PL.PZGIK.200</sln:powIIPPn><sln:powIIPWersja>2012-09-27T10:07:22+02:00</sln:powIIPWersja><sln:powIdTeryt>3206</sln:powIdTeryt><sln:powNazwa>gryfiński</sln:powNazwa><sln:waznyOd>2011-04-08T00:00:00+02:00</sln:waznyOd><sln:wojIIPId>c3f2202a-b491-49c5-a3af-d581108d939a</sln:wojIIPId><sln:wojIIPPn>PL.PZGIK.200</sln:wojIIPPn><sln:wojIIPWersja>2017-10-10T00:00:00+02:00</sln:wojIIPWersja><sln:wojIdTeryt>32</sln:wojIdTeryt><sln:wojNazwa>zachodniopomorskie</sln:wojNazwa></sln:miejscowosc><sln:miejscowosc><sln:cyklZyciaOd>2017-03-30T00:00:00+02:00</sln:cyklZyciaOd><sln:gmIIPId>a4d4fd27-44fe-4e72-921c-cee36d1e95af</sln:gmIIPId><sln:gmIIPPn>PL.PZGIK.200</sln:gmIIPPn><sln:gmIIPWersja>2012-09-26T22:34:05+02:00</sln:gmIIPWersja><sln:gmIdTeryt>3206012</sln:gmIdTeryt><sln:gmNazwa>Banie</sln:gmNazwa><sln:miejscIIPId>3f9425b9-390d-496e-9173-d4fa582feb10</sln:miejscIIPId><sln:miejscIIPPn>PL.PZGIK.200</sln:miejscIIPPn><sln:miejscIIPWersja>2017-03-30T13:42:28+02:00</sln:miejscIIPWersja><sln:miejscIdTeryt>0772754</sln:miejscIdTeryt><sln:miejscNazwa>Skotniki</sln:miejscNazwa><sln:miejscRodzaj>Osada</sln:miejscRodzaj><sln:powIIPId>17d1a859-cb58-476e-9baa-f2cb36688e05</sln:powIIPId><sln:powIIPPn>PL.PZGIK.200</sln:powIIPPn><sln:powIIPWersja>2012-09-27T10:07:22+02:00</sln:powIIPWersja><sln:powIdTeryt>3206</sln:powIdTeryt><sln:powNazwa>gryfiński</sln:powNazwa><sln:waznyOd>2011-04-08T00:00:00+02:00</sln:waznyOd><sln:wojIIPId>c3f2202a-b491-49c5-a3af-d581108d939a</sln:wojIIPId><sln:wojIIPPn>PL.PZGIK.200</sln:wojIIPPn><sln:wojIIPWersja>2017-10-10T00:00:00+02:00</sln:wojIIPWersja><sln:wojIdTeryt>32</sln:wojIdTeryt><sln:wojNazwa>zachodniopomorskie</sln:wojNazwa></sln:miejscowosc><sln:miejscowosc><sln:cyklZyciaOd>2017-03-30T00:00:00+02:00</sln:cyklZyciaOd><sln:gmIIPId>a4d4fd27-44fe-4e72-921c-cee36d1e95af</sln:gmIIPId><sln:gmIIPPn>PL.PZGIK.200</sln:gmIIPPn><sln:gmIIPWersja>2012-09-26T22:34:05+02:00</sln:gmIIPWersja><sln:gmIdTeryt>3206012</sln:gmIdTeryt><sln:gmNazwa>Banie</sln:gmNazwa><sln:miejscIIPId>e1706bf2-916b-4883-b688-cc3d22a384c8</sln:miejscIIPId><sln:miejscIIPPn>PL.PZGIK.200</sln:miejscIIPPn><sln:miejscIIPWersja>2017-03-30T13:42:28+02:00</sln:miejscIIPWersja><sln:miejscIdTeryt>0772760</sln:miejscIdTeryt><sln:miejscNazwa>Rożnowo</sln:miejscNazwa><sln:miejscRodzaj>Osada</sln:miejscRodzaj><sln:powIIPId>17d1a859-cb58-476e-9baa-f2cb36688e05</sln:powIIPId><sln:powIIPPn>PL.PZGIK.200</sln:powIIPPn><sln:powIIPWersja>2012-09-27T10:07:22+02:00</sln:powIIPWersja><sln:powIdTeryt>3206</sln:powIdTeryt><sln:powNazwa>gryfiński</sln:powNazwa><sln:waznyOd>2011-04-08T00:00:00+02:00</sln:waznyOd><sln:wojIIPId>c3f2202a-b491-49c5-a3af-d581108d939a</sln:wojIIPId><sln:wojIIPPn>PL.PZGIK.200</sln:wojIIPPn><sln:wojIIPWersja>2017-10-10T00:00:00+02:00</sln:wojIIPWersja><sln:wojIdTeryt>32</sln:wojIdTeryt><sln:wojNazwa>zachodniopomorskie</sln:wojNazwa></sln:miejscowosc><sln:miejscowosc><sln:cyklZyciaOd>2017-03-30T00:00:00+02:00</sln:cyklZyciaOd><sln:gmIIPId>a4d4fd27-44fe-4e72-921c-cee36d1e95af</sln:gmIIPId><sln:gmIIPPn>PL.PZGIK.200</sln:gmIIPPn><sln:gmIIPWersja>2012-09-26T22:34:05+02:00</sln:gmIIPWersja><sln:gmIdTeryt>3206012</sln:gmIdTeryt><sln:gmNazwa>Banie</sln:gmNazwa><sln:miejscIIPId>6edabc2e-6ae9-4af1-bfde-78d3d25d97b5</sln:miejscIIPId><sln:miejscIIPPn>PL.PZGIK.200</sln:miejscIIPPn><sln:miejscIIPWersja>2017-03-30T13:42:28+02:00</sln:miejscIIPWersja><sln:miejscIdTeryt>0772777</sln:miejscIdTeryt><sln:miejscNazwa>Sosnowo</sln:miejscNazwa><sln:miejscRodzaj>Wieś</sln:miejscRodzaj><sln:powIIPId>17d1a859-cb58-476e-9baa-f2cb36688e05</sln:powIIPId><sln:powIIPPn>PL.PZGIK.200</sln:powIIPPn><sln:powIIPWersja>2012-09-27T10:07:22+02:00</sln:powIIPWersja><sln:powIdTeryt>3206</sln:powIdTeryt><sln:powNazwa>gryfiński</sln:powNazwa><sln:waznyOd>2011-04-08T00:00:00+02:00</sln:waznyOd><sln:wojIIPId>c3f2202a-b491-49c5-a3af-d581108d939a</sln:wojIIPId><sln:wojIIPPn>PL.PZGIK.200</sln:wojIIPPn><sln:wojIIPWersja>2017-10-10T00:00:00+02:00</sln:wojIIPWersja><sln:wojIdTeryt>32</sln:wojIdTeryt><sln:wojNazwa>zachodniopomorskie</sln:wojNazwa></sln:miejscowosc><sln:miejscowosc><sln:cyklZyciaOd>2017-03-30T00:00:00+02:00</sln:cyklZyciaOd><sln:gmIIPId>a4d4fd27-44fe-4e72-921c-cee36d1e95af</sln:gmIIPId><sln:gmIIPPn>PL.PZGIK.200</sln:gmIIPPn><sln:gmIIPWersja>2012-09-26T22:34:05+02:00</sln:gmIIPWersja><sln:gmIdTeryt>3206012</sln:gmIdTeryt><sln:gmNazwa>Banie</sln:gmNazwa><sln:miejscIIPId>fe52f501-7de3-4d62-a66f-0351f0693916</sln:miejscIIPId><sln:miejscIIPPn>PL.PZGIK.200</sln:miejscIIPPn><sln:miejscIIPWersja>2017-03-30T13:42:28+02:00</sln:miejscIIPWersja><sln:miejscIdTeryt>0772783</sln:miejscIdTeryt><sln:miejscNazwa>Swobnica</sln:miejscNazwa><sln:miejscRodzaj>Wieś</sln:miejscRodzaj><sln:powIIPId>17d1a859-cb58-476e-9baa-f2cb36688e05</sln:powIIPId><sln:powIIPPn>PL.PZGIK.200</sln:powIIPPn><sln:powIIPWersja>2012-09-27T10:07:22+02:00</sln:powIIPWersja><sln:powIdTeryt>3206</sln:powIdTeryt><sln:powNazwa>gryfiński</sln:powNazwa><sln:waznyOd>2011-04-08T00:00:00+02:00</sln:waznyOd><sln:wojIIPId>c3f2202a-b491-49c5-a3af-d581108d939a</sln:wojIIPId><sln:wojIIPPn>PL.PZGIK.200</sln:wojIIPPn><sln:wojIIPWersja>2017-10-10T00:00:00+02:00</sln:wojIIPWersja><sln:wojIdTeryt>32</sln:wojIdTeryt><sln:wojNazwa>zachodniopomorskie</sln:wojNazwa></sln:miejscowosc><sln:miejscowosc><sln:cyklZyciaOd>2017-03-30T00:00:00+02:00</sln:cyklZyciaOd><sln:gmIIPId>a4d4fd27-44fe-4e72-921c-cee36d1e95af</sln:gmIIPId><sln:gmIIPPn>PL.PZGIK.200</sln:gmIIPPn><sln:gmIIPWersja>2012-09-26T22:34:05+02:00</sln:gmIIPWersja><sln:gmIdTeryt>3206012</sln:gmIdTeryt><sln:gmNazwa>Banie</sln:gmNazwa><sln:miejscIIPId>640346f4-498c-4bde-843a-07eed3bb9fd1</sln:miejscIIPId><sln:miejscIIPPn>PL.PZGIK.200</sln:miejscIIPPn><sln:miejscIIPWersja>2017-03-30T13:42:28+02:00</sln:miejscIIPWersja><sln:miejscIdTeryt>0772808</sln:miejscIdTeryt><sln:miejscNazwa>Tywica</sln:miejscNazwa><sln:miejscRodzaj>Wieś</sln:miejscRodzaj><sln:powIIPId>17d1a859-cb58-476e-9baa-f2cb36688e05</sln:powIIPId><sln:powIIPPn>PL.PZGIK.200</sln:powIIPPn><sln:powIIPWersja>2012-09-27T10:07:22+02:00</sln:powIIPWersja><sln:powIdTeryt>3206</sln:powIdTeryt><sln:powNazwa>gryfiński</sln:powNazwa><sln:waznyOd>2015-10-28T00:00:00+01:00</sln:waznyOd><sln:wojIIPId>c3f2202a-b491-49c5-a3af-d581108d939a</sln:wojIIPId><sln:wojIIPPn>PL.PZGIK.200</sln:wojIIPPn><sln:wojIIPWersja>2017-10-10T00:00:00+02:00</sln:wojIIPWersja><sln:wojIdTeryt>32</sln:wojIdTeryt><sln:wojNazwa>zachodniopomorskie</sln:wojNazwa></sln:miejscowosc><sln:miejscowosc><sln:cyklZyciaOd>2017-03-30T00:00:00+02:00</sln:cyklZyciaOd><sln:gmIIPId>a4d4fd27-44fe-4e72-921c-cee36d1e95af</sln:gmIIPId><sln:gmIIPPn>PL.PZGIK.200</sln:gmIIPPn><sln:gmIIPWersja>2012-09-26T22:34:05+02:00</sln:gmIIPWersja><sln:gmIdTeryt>3206012</sln:gmIdTeryt><sln:gmNazwa>Banie</sln:gmNazwa><sln:miejscIIPId>504d7e0c-475f-45f4-9f50-679ed0ef8b85</sln:miejscIIPId><sln:miejscIIPPn>PL.PZGIK.200</sln:miejscIIPPn><sln:miejscIIPWersja>2017-03-30T13:42:28+02:00</sln:miejscIIPWersja><sln:miejscIdTeryt>0988951</sln:miejscIdTeryt><sln:miejscNazwa>Otoki</sln:miejscNazwa><sln:miejscRodzaj>Przysiółek</sln:miejscRodzaj><sln:powIIPId>17d1a859-cb58-476e-9baa-f2cb36688e05</sln:powIIPId><sln:powIIPPn>PL.PZGIK.200</sln:powIIPPn><sln:powIIPWersja>2012-09-27T10:07:22+02:00</sln:powIIPWersja><sln:powIdTeryt>3206</sln:powIdTeryt><sln:powNazwa>gryfiński</sln:powNazwa><sln:waznyOd>2011-04-08T00:00:00+02:00</sln:waznyOd><sln:wojIIPId>c3f2202a-b491-49c5-a3af-d581108d939a</sln:wojIIPId><sln:wojIIPPn>PL.PZGIK.200</sln:wojIIPPn><sln:wojIIPWersja>2017-10-10T00:00:00+02:00</sln:wojIIPWersja><sln:wojIdTeryt>32</sln:wojIdTeryt><sln:wojNazwa>zachodniopomorskie</sln:wojNazwa></sln:miejscowosc></sln:lista-miejscowosci>