<?xml version="1.0" encoding="UTF-8" standalone="yes"?><sln:lista-miejscowosci xmlns:srv="http://gugik.gov.pl/schemas/slowniki-service/1.0" xmlns:sln="http://gugik.gov.pl/schemas/slowniki-schema/1.0"><sln:miejscowosc><sln:cyklZyciaDo>2017-04-24T00:00:00+02:00</sln:cyklZyciaDo><sln:cyklZyciaOd>2015-11-06T00:00:00+01:00</sln:cyklZyciaOd><sln:gmIIPId>4ae72911-df75-4175-b281-ac5c374fe5a8</sln:gmIIPId><sln:gmIIPPn>PL.PZGIK.200</sln:gmIIPPn><sln:gmIIPWersja>2012-09-26T22:33:50+02:00</sln:gmIIPWersja><sln:gmIdTeryt>3203052</sln:gmIdTeryt><sln:gmNazwa>Wierzchowo</sln:gmNazwa><sln:miejscIIPId>936c2af2-68e7-4f19-9f1c-b513387925ad</sln:miejscIIPId><sln:miejscIIPPn>PL.PZGIK.200</sln:miejscIIPPn><sln:miejscIIPWersja>2016-11-24T10:00:42+02:00</sln:miejscIIPWersja><sln:miejscIdTeryt>0314069</sln:miejscIdTeryt><sln:miejscNazwa>Będlino</sln:miejscNazwa><sln:miejscRodzaj>Wieś</sln:miejscRodzaj><sln:powIIPId>3035e433-0a64-4d6e-8d21-c2d38762586c</sln:powIIPId><sln:powIIPPn>PL.PZGIK.200</sln:powIIPPn><sln:powIIPWersja>2012-09-27T10:07:22+02:00</sln:powIIPWersja><sln:powIdTeryt>3203</sln:powIdTeryt><sln:powNazwa>drawski</sln:powNazwa><sln:waznyOd>2010-04-30T00:00:00+02:00</sln:waznyOd><sln:wojIIPId>c3f2202a-b491-49c5-a3af-d581108d939a</sln:wojIIPId><sln:wojIIPPn>PL.PZGIK.200</sln:wojIIPPn><sln:wojIIPWersja>2017-10-10T00:00:00+02:00</sln:wojIIPWersja><sln:wojIdTeryt>32</sln:wojIdTeryt><sln:wojNazwa>zachodniopomorskie</sln:wojNazwa></sln:miejscowosc><sln:miejscowosc><sln:cyklZyciaDo>2017-04-24T00:00:00+02:00</sln:cyklZyciaDo><sln:cyklZyciaOd>2015-11-06T00:00:00+01:00</sln:cyklZyciaOd><sln:gmIIPId>4ae72911-df75-4175-b281-ac5c374fe5a8</sln:gmIIPId><sln:gmIIPPn>PL.PZGIK.200</sln:gmIIPPn><sln:gmIIPWersja>2012-09-26T22:33:50+02:00</sln:gmIIPWersja><sln:gmIdTeryt>3203052</sln:gmIdTeryt><sln:gmNazwa>Wierzchowo</sln:gmNazwa><sln:miejscIIPId>810f6077-3d98-43bd-b08a-4710a5a498d2</sln:miejscIIPId><sln:miejscIIPPn>PL.PZGIK.200</sln:miejscIIPPn><sln:miejscIIPWersja>2016-11-24T10:00:42+02:00</sln:miejscIIPWersja><sln:miejscIdTeryt>0314106</sln:miejscIdTeryt><sln:miejscNazwa>Bonin</sln:miejscNazwa><sln:miejscRodzaj>Wieś</sln:miejscRodzaj><sln:powIIPId>3035e433-0a64-4d6e-8d21-c2d38762586c</sln:powIIPId><sln:powIIPPn>PL.PZGIK.200</sln:powIIPPn><sln:powIIPWersja>2012-09-27T10:07:22+02:00</sln:powIIPWersja><sln:powIdTeryt>3203</sln:powIdTeryt><sln:powNazwa>drawski</sln:powNazwa><sln:waznyOd>2010-04-30T00:00:00+02:00</sln:waznyOd><sln:wojIIPId>c3f2202a-b491-49c5-a3af-d581108d939a</sln:wojIIPId><sln:wojIIPPn>PL.PZGIK.200</sln:wojIIPPn><sln:wojIIPWersja>2017-10-10T00:00:00+02:00</sln:wojIIPWersja><sln:wojIdTeryt>32</sln:wojIdTeryt><sln:wojNazwa>zachodniopomorskie</sln:wojNazwa></sln:miejscowosc><sln:miejscowosc><sln:cyklZyciaDo>2017-04-24T00:00:00+02:00</sln:cyklZyciaDo><sln:cyklZyciaOd>2015-11-06T00:00:00+01:00</sln:cyklZyciaOd><sln:gmIIPId>4ae72911-df75-4175-b281-ac5c374fe5a8</sln:gmIIPId><sln:gmIIPPn>PL.PZGIK.200</sln:gmIIPPn><sln:gmIIPWersja>2012-09-26T22:33:50+02:00</sln:gmIIPWersja><sln:gmIdTeryt>3203052</sln:gmIdTeryt><sln:gmNazwa>Wierzchowo</sln:gmNazwa><sln:miejscIIPId>80b0b313-c47b-40ed-81b5-57584712e718</sln:miejscIIPId><sln:miejscIIPPn>PL.PZGIK.200</sln:miejscIIPPn><sln:miejscIIPWersja>2016-11-24T10:00:42+02:00</sln:miejscIIPWersja><sln:miejscIdTeryt>0314164</sln:miejscIdTeryt><sln:miejscNazwa>Danowice</sln:miejscNazwa><sln:miejscRodzaj>Osada</sln:miejscRodzaj><sln:powIIPId>3035e433-0a64-4d6e-8d21-c2d38762586c</sln:powIIPId><sln:powIIPPn>PL.PZGIK.200</sln:powIIPPn><sln:powIIPWersja>2012-09-27T10:07:22+02:00</sln:powIIPWersja><sln:powIdTeryt>3203</sln:powIdTeryt><sln:powNazwa>drawski</sln:powNazwa><sln:waznyOd>2010-04-30T00:00:00+02:00</sln:waznyOd><sln:wojIIPId>c3f2202a-b491-49c5-a3af-d581108d939a</sln:wojIIPId><sln:wojIIPPn>PL.PZGIK.200</sln:wojIIPPn><sln:wojIIPWersja>2017-10-10T00:00:00+02:00</sln:wojIIPWersja><sln:wojIdTeryt>32</sln:wojIdTeryt><sln:wojNazwa>zachodniopomorskie</sln:wojNazwa></sln:miejscowosc><sln:miejscowosc><sln:cyklZyciaDo>2017-04-24T00:00:00+02:00</sln:cyklZyciaDo><sln:cyklZyciaOd>2015-11-06T00:00:00+01:00</sln:cyklZyciaOd><sln:gmIIPId>4ae72911-df75-4175-b281-ac5c374fe5a8</sln:gmIIPId><sln:gmIIPPn>PL.PZGIK.200</sln:gmIIPPn><sln:gmIIPWersja>2012-09-26T22:33:50+02:00</sln:gmIIPWersja><sln:gmIdTeryt>3203052</sln:gmIdTeryt><sln:gmNazwa>Wierzchowo</sln:gmNazwa><sln:miejscIIPId>9fa083ca-0b2d-4ba3-93d9-82d4a3dbb4d4</sln:miejscIIPId><sln:miejscIIPPn>PL.PZGIK.200</sln:miejscIIPPn><sln:miejscIIPWersja>2016-11-24T10:00:42+02:00</sln:miejscIIPWersja><sln:miejscIdTeryt>0314170</sln:miejscIdTeryt><sln:miejscNazwa>Dębniewice</sln:miejscNazwa><sln:miejscRodzaj>Osada</sln:miejscRodzaj><sln:powIIPId>3035e433-0a64-4d6e-8d21-c2d38762586c</sln:powIIPId><sln:powIIPPn>PL.PZGIK.200</sln:powIIPPn><sln:powIIPWersja>2012-09-27T10:07:22+02:00</sln:powIIPWersja><sln:powIdTeryt>3203</sln:powIdTeryt><sln:powNazwa>drawski</sln:powNazwa><sln:waznyOd>2010-04-30T00:00:00+02:00</sln:waznyOd><sln:wojIIPId>c3f2202a-b491-49c5-a3af-d581108d939a</sln:wojIIPId><sln:wojIIPPn>PL.PZGIK.200</sln:wojIIPPn><sln:wojIIPWersja>2017-10-10T00:00:00+02:00</sln:wojIIPWersja><sln:wojIdTeryt>32</sln:wojIdTeryt><sln:wojNazwa>zachodniopomorskie</sln:wojNazwa></sln:miejscowosc><sln:miejscowosc><sln:cyklZyciaDo>2017-04-24T00:00:00+02:00</sln:cyklZyciaDo><sln:cyklZyciaOd>2015-11-06T00:00:00+01:00</sln:cyklZyciaOd><sln:gmIIPId>4ae72911-df75-4175-b281-ac5c374fe5a8</sln:gmIIPId><sln:gmIIPPn>PL.PZGIK.200</sln:gmIIPPn><sln:gmIIPWersja>2012-09-26T22:33:50+02:00</sln:gmIIPWersja><sln:gmIdTeryt>3203052</sln:gmIdTeryt><sln:gmNazwa>Wierzchowo</sln:gmNazwa><sln:miejscIIPId>a294addf-33a5-4377-8b78-da350dc4fe79</sln:miejscIIPId><sln:miejscIIPPn>PL.PZGIK.200</sln:miejscIIPPn><sln:miejscIIPWersja>2016-11-24T10:00:42+02:00</sln:miejscIIPWersja><sln:miejscIdTeryt>0314075</sln:miejscIdTeryt><sln:miejscNazwa>Garbowo</sln:miejscNazwa><sln:miejscRodzaj>Wieś</sln:miejscRodzaj><sln:powIIPId>3035e433-0a64-4d6e-8d21-c2d38762586c</sln:powIIPId><sln:powIIPPn>PL.PZGIK.200</sln:powIIPPn><sln:powIIPWersja>2012-09-27T10:07:22+02:00</sln:powIIPWersja><sln:powIdTeryt>3203</sln:powIdTeryt><sln:powNazwa>drawski</sln:powNazwa><sln:waznyOd>2010-04-30T00:00:00+02:00</sln:waznyOd><sln:wojIIPId>c3f2202a-b491-49c5-a3af-d581108d939a</sln:wojIIPId><sln:wojIIPPn>PL.PZGIK.200</sln:wojIIPPn><sln:wojIIPWersja>2017-10-10T00:00:00+02:00</sln:wojIIPWersja><sln:wojIdTeryt>32</sln:wojIdTeryt><sln:wojNazwa>zachodniopomorskie</sln:wojNazwa></sln:miejscowosc><sln:miejscowosc><sln:cyklZyciaDo>2017-04-24T00:00:00+02:00</sln:cyklZyciaDo><sln:cyklZyciaOd>2015-11-06T00:00:00+01:00</sln:cyklZyciaOd><sln:gmIIPId>4ae72911-df75-4175-b281-ac5c374fe5a8</sln:gmIIPId><sln:gmIIPPn>PL.PZGIK.200</sln:gmIIPPn><sln:gmIIPWersja>2012-09-26T22:33:50+02:00</sln:gmIIPWersja><sln:gmIdTeryt>3203052</sln:gmIdTeryt><sln:gmNazwa>Wierzchowo</sln:gmNazwa><sln:miejscIIPId>0a3f8b62-1ac6-44da-8a57-5523c412accc</sln:miejscIIPId><sln:miejscIIPPn>PL.PZGIK.200</sln:miejscIIPPn><sln:miejscIIPWersja>2016-11-24T10:00:42+02:00</sln:miejscIIPWersja><sln:miejscIdTeryt>0314135</sln:miejscIdTeryt><sln:miejscNazwa>Knowie</sln:miejscNazwa><sln:miejscRodzaj>Osada</sln:miejscRodzaj><sln:powIIPId>3035e433-0a64-4d6e-8d21-c2d38762586c</sln:powIIPId><sln:powIIPPn>PL.PZGIK.200</sln:powIIPPn><sln:powIIPWersja>2012-09-27T10:07:22+02:00</sln:powIIPWersja><sln:powIdTeryt>3203</sln:powIdTeryt><sln:powNazwa>drawski</sln:powNazwa><sln:waznyOd>2010-04-30T00:00:00+02:00</sln:waznyOd><sln:wojIIPId>c3f2202a-b491-49c5-a3af-d581108d939a</sln:wojIIPId><sln:wojIIPPn>PL.PZGIK.200</sln:wojIIPPn><sln:wojIIPWersja>2017-10-10T00:00:00+02:00</sln:wojIIPWersja><sln:wojIdTeryt>32</sln:wojIdTeryt><sln:wojNazwa>zachodniopomorskie</sln:wojNazwa></sln:miejscowosc><sln:miejscowosc><sln:cyklZyciaDo>2017-04-24T00:00:00+02:00</sln:cyklZyciaDo><sln:cyklZyciaOd>2015-11-06T00:00:00+01:00</sln:cyklZyciaOd><sln:gmIIPId>4ae72911-df75-4175-b281-ac5c374fe5a8</sln:gmIIPId><sln:gmIIPPn>PL.PZGIK.200</sln:gmIIPPn><sln:gmIIPWersja>2012-09-26T22:33:50+02:00</sln:gmIIPWersja><sln:gmIdTeryt>3203052</sln:gmIdTeryt><sln:gmNazwa>Wierzchowo</sln:gmNazwa><sln:miejscIIPId>0c21add9-b888-4ac4-ba36-6745d32d4e04</sln:miejscIIPId><sln:miejscIIPPn>PL.PZGIK.200</sln:miejscIIPPn><sln:miejscIIPWersja>2016-11-24T10:00:42+02:00</sln:miejscIIPWersja><sln:miejscIdTeryt>0314141</sln:miejscIdTeryt><sln:miejscNazwa>Króle</sln:miejscNazwa><sln:miejscRodzaj>Osada</sln:miejscRodzaj><sln:powIIPId>3035e433-0a64-4d6e-8d21-c2d38762586c</sln:powIIPId><sln:powIIPPn>PL.PZGIK.200</sln:powIIPPn><sln:powIIPWersja>2012-09-27T10:07:22+02:00</sln:powIIPWersja><sln:powIdTeryt>3203</sln:powIdTeryt><sln:powNazwa>drawski</sln:powNazwa><sln:waznyOd>2010-04-30T00:00:00+02:00</sln:waznyOd><sln:wojIIPId>c3f2202a-b491-49c5-a3af-d581108d939a</sln:wojIIPId><sln:wojIIPPn>PL.PZGIK.200</sln:wojIIPPn><sln:wojIIPWersja>2017-10-10T00:00:00+02:00</sln:wojIIPWersja><sln:wojIdTeryt>32</sln:wojIdTeryt><sln:wojNazwa>zachodniopomorskie</sln:wojNazwa></sln:miejscowosc><sln:miejscowosc><sln:cyklZyciaDo>2017-04-24T00:00:00+02:00</sln:cyklZyciaDo><sln:cyklZyciaOd>2015-11-06T00:00:00+01:00</sln:cyklZyciaOd><sln:gmIIPId>4ae72911-df75-4175-b281-ac5c374fe5a8</sln:gmIIPId><sln:gmIIPPn>PL.PZGIK.200</sln:gmIIPPn><sln:gmIIPWersja>2012-09-26T22:33:50+02:00</sln:gmIIPWersja><sln:gmIdTeryt>3203052</sln:gmIdTeryt><sln:gmNazwa>Wierzchowo</sln:gmNazwa><sln:miejscIIPId>88aa6310-81ab-4597-8750-34a5c549abac</sln:miejscIIPId><sln:miejscIIPPn>PL.PZGIK.200</sln:miejscIIPPn><sln:miejscIIPWersja>2016-11-24T10:00:42+02:00</sln:miejscIIPWersja><sln:miejscIdTeryt>0314081</sln:miejscIdTeryt><sln:miejscNazwa>Nowe Laski</sln:miejscNazwa><sln:miejscRodzaj>Wieś</sln:miejscRodzaj><sln:powIIPId>3035e433-0a64-4d6e-8d21-c2d38762586c</sln:powIIPId><sln:powIIPPn>PL.PZGIK.200</sln:powIIPPn><sln:powIIPWersja>2012-09-27T10:07:22+02:00</sln:powIIPWersja><sln:powIdTeryt>3203</sln:powIdTeryt><sln:powNazwa>drawski</sln:powNazwa><sln:waznyOd>2010-04-30T00:00:00+02:00</sln:waznyOd><sln:wojIIPId>c3f2202a-b491-49c5-a3af-d581108d939a</sln:wojIIPId><sln:wojIIPPn>PL.PZGIK.200</sln:wojIIPPn><sln:wojIIPWersja>2017-10-10T00:00:00+02:00</sln:wojIIPWersja><sln:wojIdTeryt>32</sln:wojIdTeryt><sln:wojNazwa>zachodniopomorskie</sln:wojNazwa></sln:miejscowosc><sln:miejscowosc><sln:cyklZyciaDo>2017-04-24T00:00:00+02:00</sln:cyklZyciaDo><sln:cyklZyciaOd>2015-11-06T00:00:00+01:00</sln:cyklZyciaOd><sln:gmIIPId>4ae72911-df75-4175-b281-ac5c374fe5a8</sln:gmIIPId><sln:gmIIPPn>PL.PZGIK.200</sln:gmIIPPn><sln:gmIIPWersja>2012-09-26T22:33:50+02:00</sln:gmIIPWersja><sln:gmIdTeryt>3203052</sln:gmIdTeryt><sln:gmNazwa>Wierzchowo</sln:gmNazwa><sln:miejscIIPId>a0422bd0-f439-454a-8d4b-4725d0124d8e</sln:miejscIIPId><sln:miejscIIPPn>PL.PZGIK.200</sln:miejscIIPPn><sln:miejscIIPWersja>2016-11-24T10:00:42+02:00</sln:miejscIIPWersja><sln:miejscIdTeryt>0314098</sln:miejscIdTeryt><sln:miejscNazwa>Osiek Drawski</sln:miejscNazwa><sln:miejscRodzaj>Wieś</sln:miejscRodzaj><sln:powIIPId>3035e433-0a64-4d6e-8d21-c2d38762586c</sln:powIIPId><sln:powIIPPn>PL.PZGIK.200</sln:powIIPPn><sln:powIIPWersja>2012-09-27T10:07:22+02:00</sln:powIIPWersja><sln:powIdTeryt>3203</sln:powIdTeryt><sln:powNazwa>drawski</sln:powNazwa><sln:waznyOd>2010-04-30T00:00:00+02:00</sln:waznyOd><sln:wojIIPId>c3f2202a-b491-49c5-a3af-d581108d939a</sln:wojIIPId><sln:wojIIPPn>PL.PZGIK.200</sln:wojIIPPn><sln:wojIIPWersja>2017-10-10T00:00:00+02:00</sln:wojIIPWersja><sln:wojIdTeryt>32</sln:wojIdTeryt><sln:wojNazwa>zachodniopomorskie</sln:wojNazwa></sln:miejscowosc><sln:miejscowosc><sln:cyklZyciaDo>2017-04-24T00:00:00+02:00</sln:cyklZyciaDo><sln:cyklZyciaOd>2015-11-06T00:00:00+01:00</sln:cyklZyciaOd><sln:gmIIPId>4ae72911-df75-4175-b281-ac5c374fe5a8</sln:gmIIPId><sln:gmIIPPn>PL.PZGIK.200</sln:gmIIPPn><sln:gmIIPWersja>2012-09-26T22:33:50+02:00</sln:gmIIPWersja><sln:gmIdTeryt>3203052</sln:gmIdTeryt><sln:gmNazwa>Wierzchowo</sln:gmNazwa><sln:miejscIIPId>aefa245c-12fa-4aef-8624-b0dca4308846</sln:miejscIIPId><sln:miejscIIPPn>PL.PZGIK.200</sln:miejscIIPPn><sln:miejscIIPWersja>2016-11-24T10:00:42+02:00</sln:miejscIIPWersja><sln:miejscIdTeryt>0314112</sln:miejscIdTeryt><sln:miejscNazwa>Otrzep</sln:miejscNazwa><sln:miejscRodzaj>Wieś</sln:miejscRodzaj><sln:powIIPId>3035e433-0a64-4d6e-8d21-c2d38762586c</sln:powIIPId><sln:powIIPPn>PL.PZGIK.200</sln:powIIPPn><sln:powIIPWersja>2012-09-27T10:07:22+02:00</sln:powIIPWersja><sln:powIdTeryt>3203</sln:powIdTeryt><sln:powNazwa>drawski</sln:powNazwa><sln:waznyOd>2010-04-30T00:00:00+02:00</sln:waznyOd><sln:wojIIPId>c3f2202a-b491-49c5-a3af-d581108d939a</sln:wojIIPId><sln:wojIIPPn>PL.PZGIK.200</sln:wojIIPPn><sln:wojIIPWersja>2017-10-10T00:00:00+02:00</sln:wojIIPWersja><sln:wojIdTeryt>32</sln:wojIdTeryt><sln:wojNazwa>zachodniopomorskie</sln:wojNazwa></sln:miejscowosc><sln:miejscowosc><sln:cyklZyciaDo>2017-04-24T00:00:00+02:00</sln:cyklZyciaDo><sln:cyklZyciaOd>2015-11-06T00:00:00+01:00</sln:cyklZyciaOd><sln:gmIIPId>4ae72911-df75-4175-b281-ac5c374fe5a8</sln:gmIIPId><sln:gmIIPPn>PL.PZGIK.200</sln:gmIIPPn><sln:gmIIPWersja>2012-09-26T22:33:50+02:00</sln:gmIIPWersja><sln:gmIdTeryt>3203052</sln:gmIdTeryt><sln:gmNazwa>Wierzchowo</sln:gmNazwa><sln:miejscIIPId>f5730804-259a-437d-99d0-f535d2818da8</sln:miejscIIPId><sln:miejscIIPPn>PL.PZGIK.200</sln:miejscIIPPn><sln:miejscIIPWersja>2016-11-24T10:00:42+02:00</sln:miejscIIPWersja><sln:miejscIdTeryt>0314247</sln:miejscIdTeryt><sln:miejscNazwa>Radomyśl</sln:miejscNazwa><sln:miejscRodzaj>Osada</sln:miejscRodzaj><sln:powIIPId>3035e433-0a64-4d6e-8d21-c2d38762586c</sln:powIIPId><sln:powIIPPn>PL.PZGIK.200</sln:powIIPPn><sln:powIIPWersja>2012-09-27T10:07:22+02:00</sln:powIIPWersja><sln:powIdTeryt>3203</sln:powIdTeryt><sln:powNazwa>drawski</sln:powNazwa><sln:waznyOd>2010-04-30T00:00:00+02:00</sln:waznyOd><sln:wojIIPId>c3f2202a-b491-49c5-a3af-d581108d939a</sln:wojIIPId><sln:wojIIPPn>PL.PZGIK.200</sln:wojIIPPn><sln:wojIIPWersja>2017-10-10T00:00:00+02:00</sln:wojIIPWersja><sln:wojIdTeryt>32</sln:wojIdTeryt><sln:wojNazwa>zachodniopomorskie</sln:wojNazwa></sln:miejscowosc><sln:miejscowosc><sln:cyklZyciaDo>2017-04-24T00:00:00+02:00</sln:cyklZyciaDo><sln:cyklZyciaOd>2015-11-06T00:00:00+01:00</sln:cyklZyciaOd><sln:gmIIPId>4ae72911-df75-4175-b281-ac5c374fe5a8</sln:gmIIPId><sln:gmIIPPn>PL.PZGIK.200</sln:gmIIPPn><sln:gmIIPWersja>2012-09-26T22:33:50+02:00</sln:gmIIPWersja><sln:gmIdTeryt>3203052</sln:gmIdTeryt><sln:gmNazwa>Wierzchowo</sln:gmNazwa><sln:miejscIIPId>ce5cd889-76fc-4187-afef-84413219f527</sln:miejscIIPId><sln:miejscIIPPn>PL.PZGIK.200</sln:miejscIIPPn><sln:miejscIIPWersja>2016-11-24T10:00:42+02:00</sln:miejscIIPWersja><sln:miejscIdTeryt>0314129</sln:miejscIdTeryt><sln:miejscNazwa>Sośnica</sln:miejscNazwa><sln:miejscRodzaj>Wieś</sln:miejscRodzaj><sln:powIIPId>3035e433-0a64-4d6e-8d21-c2d38762586c</sln:powIIPId><sln:powIIPPn>PL.PZGIK.200</sln:powIIPPn><sln:powIIPWersja>2012-09-27T10:07:22+02:00</sln:powIIPWersja><sln:powIdTeryt>3203</sln:powIdTeryt><sln:powNazwa>drawski</sln:powNazwa><sln:waznyOd>2010-04-30T00:00:00+02:00</sln:waznyOd><sln:wojIIPId>c3f2202a-b491-49c5-a3af-d581108d939a</sln:wojIIPId><sln:wojIIPPn>PL.PZGIK.200</sln:wojIIPPn><sln:wojIIPWersja>2017-10-10T00:00:00+02:00</sln:wojIIPWersja><sln:wojIdTeryt>32</sln:wojIdTeryt><sln:wojNazwa>zachodniopomorskie</sln:wojNazwa></sln:miejscowosc><sln:miejscowosc><sln:cyklZyciaDo>2017-04-24T00:00:00+02:00</sln:cyklZyciaDo><sln:cyklZyciaOd>2015-11-06T00:00:00+01:00</sln:cyklZyciaOd><sln:gmIIPId>4ae72911-df75-4175-b281-ac5c374fe5a8</sln:gmIIPId><sln:gmIIPPn>PL.PZGIK.200</sln:gmIIPPn><sln:gmIIPWersja>2012-09-26T22:33:50+02:00</sln:gmIIPWersja><sln:gmIdTeryt>3203052</sln:gmIdTeryt><sln:gmNazwa>Wierzchowo</sln:gmNazwa><sln:miejscIIPId>d5088a3f-297b-4eb6-8d87-b5296edbc8d5</sln:miejscIIPId><sln:miejscIIPPn>PL.PZGIK.200</sln:miejscIIPPn><sln:miejscIIPWersja>2016-11-24T10:00:42+02:00</sln:miejscIIPWersja><sln:miejscIdTeryt>0314158</sln:miejscIdTeryt><sln:miejscNazwa>Świerczyna</sln:miejscNazwa><sln:miejscRodzaj>Wieś</sln:miejscRodzaj><sln:powIIPId>3035e433-0a64-4d6e-8d21-c2d38762586c</sln:powIIPId><sln:powIIPPn>PL.PZGIK.200</sln:powIIPPn><sln:powIIPWersja>2012-09-27T10:07:22+02:00</sln:powIIPWersja><sln:powIdTeryt>3203</sln:powIdTeryt><sln:powNazwa>drawski</sln:powNazwa><sln:waznyOd>2010-04-30T00:00:00+02:00</sln:waznyOd><sln:wojIIPId>c3f2202a-b491-49c5-a3af-d581108d939a</sln:wojIIPId><sln:wojIIPPn>PL.PZGIK.200</sln:wojIIPPn><sln:wojIIPWersja>2017-10-10T00:00:00+02:00</sln:wojIIPWersja><sln:wojIdTeryt>32</sln:wojIdTeryt><sln:wojNazwa>zachodniopomorskie</sln:wojNazwa></sln:miejscowosc><sln:miejscowosc><sln:cyklZyciaDo>2017-04-24T00:00:00+02:00</sln:cyklZyciaDo><sln:cyklZyciaOd>2015-11-06T00:00:00+01:00</sln:cyklZyciaOd><sln:gmIIPId>4ae72911-df75-4175-b281-ac5c374fe5a8</sln:gmIIPId><sln:gmIIPPn>PL.PZGIK.200</sln:gmIIPPn><sln:gmIIPWersja>2012-09-26T22:33:50+02:00</sln:gmIIPWersja><sln:gmIdTeryt>3203052</sln:gmIdTeryt><sln:gmNazwa>Wierzchowo</sln:gmNazwa><sln:miejscIIPId>5da466d6-8850-4e62-9b7a-94e9ff201fcb</sln:miejscIIPId><sln:miejscIIPPn>PL.PZGIK.200</sln:miejscIIPPn><sln:miejscIIPWersja>2016-11-24T10:00:42+02:00</sln:miejscIIPWersja><sln:miejscIdTeryt>0314187</sln:miejscIdTeryt><sln:miejscNazwa>Wielboki</sln:miejscNazwa><sln:miejscRodzaj>Wieś</sln:miejscRodzaj><sln:powIIPId>3035e433-0a64-4d6e-8d21-c2d38762586c</sln:powIIPId><sln:powIIPPn>PL.PZGIK.200</sln:powIIPPn><sln:powIIPWersja>2012-09-27T10:07:22+02:00</sln:powIIPWersja><sln:powIdTeryt>3203</sln:powIdTeryt><sln:powNazwa>drawski</sln:powNazwa><sln:waznyOd>2010-04-30T00:00:00+02:00</sln:waznyOd><sln:wojIIPId>c3f2202a-b491-49c5-a3af-d581108d939a</sln:wojIIPId><sln:wojIIPPn>PL.PZGIK.200</sln:wojIIPPn><sln:wojIIPWersja>2017-10-10T00:00:00+02:00</sln:wojIIPWersja><sln:wojIdTeryt>32</sln:wojIdTeryt><sln:wojNazwa>zachodniopomorskie</sln:wojNazwa></sln:miejscowosc><sln:miejscowosc><sln:cyklZyciaDo>2017-04-24T00:00:00+02:00</sln:cyklZyciaDo><sln:cyklZyciaOd>2015-11-06T00:00:00+01:00</sln:cyklZyciaOd><sln:gmIIPId>4ae72911-df75-4175-b281-ac5c374fe5a8</sln:gmIIPId><sln:gmIIPPn>PL.PZGIK.200</sln:gmIIPPn><sln:gmIIPWersja>2012-09-26T22:33:50+02:00</sln:gmIIPWersja><sln:gmIdTeryt>3203052</sln:gmIdTeryt><sln:gmNazwa>Wierzchowo</sln:gmNazwa><sln:miejscIIPId>151170c0-a49a-4892-ad10-7270d8b12b15</sln:miejscIIPId><sln:miejscIIPPn>PL.PZGIK.200</sln:miejscIIPPn><sln:miejscIIPWersja>2016-11-24T10:00:42+02:00</sln:miejscIIPWersja><sln:miejscIdTeryt>0314193</sln:miejscIdTeryt><sln:miejscNazwa>Wierzchowo</sln:miejscNazwa><sln:miejscRodzaj>Wieś</sln:miejscRodzaj><sln:powIIPId>3035e433-0a64-4d6e-8d21-c2d38762586c</sln:powIIPId><sln:powIIPPn>PL.PZGIK.200</sln:powIIPPn><sln:powIIPWersja>2012-09-27T10:07:22+02:00</sln:powIIPWersja><sln:powIdTeryt>3203</sln:powIdTeryt><sln:powNazwa>drawski</sln:powNazwa><sln:waznyOd>2010-04-30T00:00:00+02:00</sln:waznyOd><sln:wojIIPId>c3f2202a-b491-49c5-a3af-d581108d939a</sln:wojIIPId><sln:wojIIPPn>PL.PZGIK.200</sln:wojIIPPn><sln:wojIIPWersja>2017-10-10T00:00:00+02:00</sln:wojIIPWersja><sln:wojIdTeryt>32</sln:wojIdTeryt><sln:wojNazwa>zachodniopomorskie</sln:wojNazwa></sln:miejscowosc><sln:miejscowosc><sln:cyklZyciaDo>2017-04-24T00:00:00+02:00</sln:cyklZyciaDo><sln:cyklZyciaOd>2015-11-06T00:00:00+01:00</sln:cyklZyciaOd><sln:gmIIPId>4ae72911-df75-4175-b281-ac5c374fe5a8</sln:gmIIPId><sln:gmIIPPn>PL.PZGIK.200</sln:gmIIPPn><sln:gmIIPWersja>2012-09-26T22:33:50+02:00</sln:gmIIPWersja><sln:gmIdTeryt>3203052</sln:gmIdTeryt><sln:gmNazwa>Wierzchowo</sln:gmNazwa><sln:miejscIIPId>d631af9f-d91e-4e0a-b9dc-745b745dd3aa</sln:miejscIIPId><sln:miejscIIPPn>PL.PZGIK.200</sln:miejscIIPPn><sln:miejscIIPWersja>2016-11-24T10:00:42+02:00</sln:miejscIIPWersja><sln:miejscIdTeryt>0314201</sln:miejscIdTeryt><sln:miejscNazwa>Wierzchówko</sln:miejscNazwa><sln:miejscRodzaj>Osada</sln:miejscRodzaj><sln:powIIPId>3035e433-0a64-4d6e-8d21-c2d38762586c</sln:powIIPId><sln:powIIPPn>PL.PZGIK.200</sln:powIIPPn><sln:powIIPWersja>2012-09-27T10:07:22+02:00</sln:powIIPWersja><sln:powIdTeryt>3203</sln:powIdTeryt><sln:powNazwa>drawski</sln:powNazwa><sln:waznyOd>2010-04-30T00:00:00+02:00</sln:waznyOd><sln:wojIIPId>c3f2202a-b491-49c5-a3af-d581108d939a</sln:wojIIPId><sln:wojIIPPn>PL.PZGIK.200</sln:wojIIPPn><sln:wojIIPWersja>2017-10-10T00:00:00+02:00</sln:wojIIPWersja><sln:wojIdTeryt>32</sln:wojIdTeryt><sln:wojNazwa>zachodniopomorskie</sln:wojNazwa></sln:miejscowosc><sln:miejscowosc><sln:cyklZyciaDo>2017-04-24T00:00:00+02:00</sln:cyklZyciaDo><sln:cyklZyciaOd>2015-11-06T00:00:00+01:00</sln:cyklZyciaOd><sln:gmIIPId>4ae72911-df75-4175-b281-ac5c374fe5a8</sln:gmIIPId><sln:gmIIPPn>PL.PZGIK.200</sln:gmIIPPn><sln:gmIIPWersja>2012-09-26T22:33:50+02:00</sln:gmIIPWersja><sln:gmIdTeryt>3203052</sln:gmIdTeryt><sln:gmNazwa>Wierzchowo</sln:gmNazwa><sln:miejscIIPId>55b9bf16-ee63-4113-aba2-8cc894544943</sln:miejscIIPId><sln:miejscIIPPn>PL.PZGIK.200</sln:miejscIIPPn><sln:miejscIIPWersja>2016-11-24T10:00:42+02:00</sln:miejscIIPWersja><sln:miejscIdTeryt>0314218</sln:miejscIdTeryt><sln:miejscNazwa>Żabin</sln:miejscNazwa><sln:miejscRodzaj>Wieś</sln:miejscRodzaj><sln:powIIPId>3035e433-0a64-4d6e-8d21-c2d38762586c</sln:powIIPId><sln:powIIPPn>PL.PZGIK.200</sln:powIIPPn><sln:powIIPWersja>2012-09-27T10:07:22+02:00</sln:powIIPWersja><sln:powIdTeryt>3203</sln:powIdTeryt><sln:powNazwa>drawski</sln:powNazwa><sln:waznyOd>2010-04-30T00:00:00+02:00</sln:waznyOd><sln:wojIIPId>c3f2202a-b491-49c5-a3af-d581108d939a</sln:wojIIPId><sln:wojIIPPn>PL.PZGIK.200</sln:wojIIPPn><sln:wojIIPWersja>2017-10-10T00:00:00+02:00</sln:wojIIPWersja><sln:wojIdTeryt>32</sln:wojIdTeryt><sln:wojNazwa>zachodniopomorskie</sln:wojNazwa></sln:miejscowosc><sln:miejscowosc><sln:cyklZyciaDo>2017-04-24T00:00:00+02:00</sln:cyklZyciaDo><sln:cyklZyciaOd>2015-11-06T00:00:00+01:00</sln:cyklZyciaOd><sln:gmIIPId>4ae72911-df75-4175-b281-ac5c374fe5a8</sln:gmIIPId><sln:gmIIPPn>PL.PZGIK.200</sln:gmIIPPn><sln:gmIIPWersja>2012-09-26T22:33:50+02:00</sln:gmIIPWersja><sln:gmIdTeryt>3203052</sln:gmIdTeryt><sln:gmNazwa>Wierzchowo</sln:gmNazwa><sln:miejscIIPId>90ad740e-f45e-43f9-b129-181c10de4657</sln:miejscIIPId><sln:miejscIIPPn>PL.PZGIK.200</sln:miejscIIPPn><sln:miejscIIPWersja>2016-11-24T10:00:42+02:00</sln:miejscIIPWersja><sln:miejscIdTeryt>0314230</sln:miejscIdTeryt><sln:miejscNazwa>Żabinek</sln:miejscNazwa><sln:miejscRodzaj>Wieś</sln:miejscRodzaj><sln:powIIPId>3035e433-0a64-4d6e-8d21-c2d38762586c</sln:powIIPId><sln:powIIPPn>PL.PZGIK.200</sln:powIIPPn><sln:powIIPWersja>2012-09-27T10:07:22+02:00</sln:powIIPWersja><sln:powIdTeryt>3203</sln:powIdTeryt><sln:powNazwa>drawski</sln:powNazwa><sln:waznyOd>2010-04-30T00:00:00+02:00</sln:waznyOd><sln:wojIIPId>c3f2202a-b491-49c5-a3af-d581108d939a</sln:wojIIPId><sln:wojIIPPn>PL.PZGIK.200</sln:wojIIPPn><sln:wojIIPWersja>2017-10-10T00:00:00+02:00</sln:wojIIPWersja><sln:wojIdTeryt>32</sln:wojIdTeryt><sln:wojNazwa>zachodniopomorskie</sln:wojNazwa></sln:miejscowosc><sln:miejscowosc><sln:cyklZyciaDo>2017-04-24T00:00:00+02:00</sln:cyklZyciaDo><sln:cyklZyciaOd>2015-11-06T00:00:00+01:00</sln:cyklZyciaOd><sln:gmIIPId>4ae72911-df75-4175-b281-ac5c374fe5a8</sln:gmIIPId><sln:gmIIPPn>PL.PZGIK.200</sln:gmIIPPn><sln:gmIIPWersja>2012-09-26T22:33:50+02:00</sln:gmIIPWersja><sln:gmIdTeryt>3203052</sln:gmIdTeryt><sln:gmNazwa>Wierzchowo</sln:gmNazwa><sln:miejscIIPId>2c4ec24b-1714-499c-afdc-609849b0c41f</sln:miejscIIPId><sln:miejscIIPPn>PL.PZGIK.200</sln:miejscIIPPn><sln:miejscIIPWersja>2016-11-24T10:00:42+02:00</sln:miejscIIPWersja><sln:miejscIdTeryt>0314224</sln:miejscIdTeryt><sln:miejscNazwa>Żeńsko</sln:miejscNazwa><sln:miejscRodzaj>Wieś</sln:miejscRodzaj><sln:powIIPId>3035e433-0a64-4d6e-8d21-c2d38762586c</sln:powIIPId><sln:powIIPPn>PL.PZGIK.200</sln:powIIPPn><sln:powIIPWersja>2012-09-27T10:07:22+02:00</sln:powIIPWersja><sln:powIdTeryt>3203</sln:powIdTeryt><sln:powNazwa>drawski</sln:powNazwa><sln:waznyOd>2010-04-30T00:00:00+02:00</sln:waznyOd><sln:wojIIPId>c3f2202a-b491-49c5-a3af-d581108d939a</sln:wojIIPId><sln:wojIIPPn>PL.PZGIK.200</sln:wojIIPPn><sln:wojIIPWersja>2017-10-10T00:00:00+02:00</sln:wojIIPWersja><sln:wojIdTeryt>32</sln:wojIdTeryt><sln:wojNazwa>zachodniopomorskie</sln:wojNazwa></sln:miejscowosc><sln:miejscowosc><sln:cyklZyciaOd>2017-04-24T00:00:00+02:00</sln:cyklZyciaOd><sln:gmIIPId>4ae72911-df75-4175-b281-ac5c374fe5a8</sln:gmIIPId><sln:gmIIPPn>PL.PZGIK.200</sln:gmIIPPn><sln:gmIIPWersja>2012-09-26T22:33:50+02:00</sln:gmIIPWersja><sln:gmIdTeryt>3203052</sln:gmIdTeryt><sln:gmNazwa>Wierzchowo</sln:gmNazwa><sln:miejscIIPId>936c2af2-68e7-4f19-9f1c-b513387925ad</sln:miejscIIPId><sln:miejscIIPPn>PL.PZGIK.200</sln:miejscIIPPn><sln:miejscIIPWersja>2017-04-24T10:09:50+02:00</sln:miejscIIPWersja><sln:miejscIdTeryt>0314069</sln:miejscIdTeryt><sln:miejscNazwa>Będlino</sln:miejscNazwa><sln:miejscRodzaj>Wieś</sln:miejscRodzaj><sln:powIIPId>3035e433-0a64-4d6e-8d21-c2d38762586c</sln:powIIPId><sln:powIIPPn>PL.PZGIK.200</sln:powIIPPn><sln:powIIPWersja>2012-09-27T10:07:22+02:00</sln:powIIPWersja><sln:powIdTeryt>3203</sln:powIdTeryt><sln:powNazwa>drawski</sln:powNazwa><sln:waznyOd>2010-04-30T00:00:00+02:00</sln:waznyOd><sln:wojIIPId>c3f2202a-b491-49c5-a3af-d581108d939a</sln:wojIIPId><sln:wojIIPPn>PL.PZGIK.200</sln:wojIIPPn><sln:wojIIPWersja>2017-10-10T00:00:00+02:00</sln:wojIIPWersja><sln:wojIdTeryt>32</sln:wojIdTeryt><sln:wojNazwa>zachodniopomorskie</sln:wojNazwa></sln:miejscowosc><sln:miejscowosc><sln:cyklZyciaOd>2017-04-24T00:00:00+02:00</sln:cyklZyciaOd><sln:gmIIPId>4ae72911-df75-4175-b281-ac5c374fe5a8</sln:gmIIPId><sln:gmIIPPn>PL.PZGIK.200</sln:gmIIPPn><sln:gmIIPWersja>2012-09-26T22:33:50+02:00</sln:gmIIPWersja><sln:gmIdTeryt>3203052</sln:gmIdTeryt><sln:gmNazwa>Wierzchowo</sln:gmNazwa><sln:miejscIIPId>a294addf-33a5-4377-8b78-da350dc4fe79</sln:miejscIIPId><sln:miejscIIPPn>PL.PZGIK.200</sln:miejscIIPPn><sln:miejscIIPWersja>2017-04-24T10:09:58+02:00</sln:miejscIIPWersja><sln:miejscIdTeryt>0314075</sln:miejscIdTeryt><sln:miejscNazwa>Garbowo</sln:miejscNazwa><sln:miejscRodzaj>Wieś</sln:miejscRodzaj><sln:powIIPId>3035e433-0a64-4d6e-8d21-c2d38762586c</sln:powIIPId><sln:powIIPPn>PL.PZGIK.200</sln:powIIPPn><sln:powIIPWersja>2012-09-27T10:07:22+02:00</sln:powIIPWersja><sln:powIdTeryt>3203</sln:powIdTeryt><sln:powNazwa>drawski</sln:powNazwa><sln:waznyOd>2010-04-30T00:00:00+02:00</sln:waznyOd><sln:wojIIPId>c3f2202a-b491-49c5-a3af-d581108d939a</sln:wojIIPId><sln:wojIIPPn>PL.PZGIK.200</sln:wojIIPPn><sln:wojIIPWersja>2017-10-10T00:00:00+02:00</sln:wojIIPWersja><sln:wojIdTeryt>32</sln:wojIdTeryt><sln:wojNazwa>zachodniopomorskie</sln:wojNazwa></sln:miejscowosc><sln:miejscowosc><sln:cyklZyciaOd>2017-04-24T00:00:00+02:00</sln:cyklZyciaOd><sln:gmIIPId>4ae72911-df75-4175-b281-ac5c374fe5a8</sln:gmIIPId><sln:gmIIPPn>PL.PZGIK.200</sln:gmIIPPn><sln:gmIIPWersja>2012-09-26T22:33:50+02:00</sln:gmIIPWersja><sln:gmIdTeryt>3203052</sln:gmIdTeryt><sln:gmNazwa>Wierzchowo</sln:gmNazwa><sln:miejscIIPId>88aa6310-81ab-4597-8750-34a5c549abac</sln:miejscIIPId><sln:miejscIIPPn>PL.PZGIK.200</sln:miejscIIPPn><sln:miejscIIPWersja>2017-04-24T10:09:58+02:00</sln:miejscIIPWersja><sln:miejscIdTeryt>0314081</sln:miejscIdTeryt><sln:miejscNazwa>Nowe Laski</sln:miejscNazwa><sln:miejscRodzaj>Wieś</sln:miejscRodzaj><sln:powIIPId>3035e433-0a64-4d6e-8d21-c2d38762586c</sln:powIIPId><sln:powIIPPn>PL.PZGIK.200</sln:powIIPPn><sln:powIIPWersja>2012-09-27T10:07:22+02:00</sln:powIIPWersja><sln:powIdTeryt>3203</sln:powIdTeryt><sln:powNazwa>drawski</sln:powNazwa><sln:waznyOd>2010-04-30T00:00:00+02:00</sln:waznyOd><sln:wojIIPId>c3f2202a-b491-49c5-a3af-d581108d939a</sln:wojIIPId><sln:wojIIPPn>PL.PZGIK.200</sln:wojIIPPn><sln:wojIIPWersja>2017-10-10T00:00:00+02:00</sln:wojIIPWersja><sln:wojIdTeryt>32</sln:wojIdTeryt><sln:wojNazwa>zachodniopomorskie</sln:wojNazwa></sln:miejscowosc><sln:miejscowosc><sln:cyklZyciaOd>2017-04-24T00:00:00+02:00</sln:cyklZyciaOd><sln:gmIIPId>4ae72911-df75-4175-b281-ac5c374fe5a8</sln:gmIIPId><sln:gmIIPPn>PL.PZGIK.200</sln:gmIIPPn><sln:gmIIPWersja>2012-09-26T22:33:50+02:00</sln:gmIIPWersja><sln:gmIdTeryt>3203052</sln:gmIdTeryt><sln:gmNazwa>Wierzchowo</sln:gmNazwa><sln:miejscIIPId>a0422bd0-f439-454a-8d4b-4725d0124d8e</sln:miejscIIPId><sln:miejscIIPPn>PL.PZGIK.200</sln:miejscIIPPn><sln:miejscIIPWersja>2017-04-24T10:09:58+02:00</sln:miejscIIPWersja><sln:miejscIdTeryt>0314098</sln:miejscIdTeryt><sln:miejscNazwa>Osiek Drawski</sln:miejscNazwa><sln:miejscRodzaj>Wieś</sln:miejscRodzaj><sln:powIIPId>3035e433-0a64-4d6e-8d21-c2d38762586c</sln:powIIPId><sln:powIIPPn>PL.PZGIK.200</sln:powIIPPn><sln:powIIPWersja>2012-09-27T10:07:22+02:00</sln:powIIPWersja><sln:powIdTeryt>3203</sln:powIdTeryt><sln:powNazwa>drawski</sln:powNazwa><sln:waznyOd>2010-04-30T00:00:00+02:00</sln:waznyOd><sln:wojIIPId>c3f2202a-b491-49c5-a3af-d581108d939a</sln:wojIIPId><sln:wojIIPPn>PL.PZGIK.200</sln:wojIIPPn><sln:wojIIPWersja>2017-10-10T00:00:00+02:00</sln:wojIIPWersja><sln:wojIdTeryt>32</sln:wojIdTeryt><sln:wojNazwa>zachodniopomorskie</sln:wojNazwa></sln:miejscowosc><sln:miejscowosc><sln:cyklZyciaOd>2017-04-24T00:00:00+02:00</sln:cyklZyciaOd><sln:gmIIPId>4ae72911-df75-4175-b281-ac5c374fe5a8</sln:gmIIPId><sln:gmIIPPn>PL.PZGIK.200</sln:gmIIPPn><sln:gmIIPWersja>2012-09-26T22:33:50+02:00</sln:gmIIPWersja><sln:gmIdTeryt>3203052</sln:gmIdTeryt><sln:gmNazwa>Wierzchowo</sln:gmNazwa><sln:miejscIIPId>810f6077-3d98-43bd-b08a-4710a5a498d2</sln:miejscIIPId><sln:miejscIIPPn>PL.PZGIK.200</sln:miejscIIPPn><sln:miejscIIPWersja>2017-04-24T10:09:58+02:00</sln:miejscIIPWersja><sln:miejscIdTeryt>0314106</sln:miejscIdTeryt><sln:miejscNazwa>Bonin</sln:miejscNazwa><sln:miejscRodzaj>Wieś</sln:miejscRodzaj><sln:powIIPId>3035e433-0a64-4d6e-8d21-c2d38762586c</sln:powIIPId><sln:powIIPPn>PL.PZGIK.200</sln:powIIPPn><sln:powIIPWersja>2012-09-27T10:07:22+02:00</sln:powIIPWersja><sln:powIdTeryt>3203</sln:powIdTeryt><sln:powNazwa>drawski</sln:powNazwa><sln:waznyOd>2010-04-30T00:00:00+02:00</sln:waznyOd><sln:wojIIPId>c3f2202a-b491-49c5-a3af-d581108d939a</sln:wojIIPId><sln:wojIIPPn>PL.PZGIK.200</sln:wojIIPPn><sln:wojIIPWersja>2017-10-10T00:00:00+02:00</sln:wojIIPWersja><sln:wojIdTeryt>32</sln:wojIdTeryt><sln:wojNazwa>zachodniopomorskie</sln:wojNazwa></sln:miejscowosc><sln:miejscowosc><sln:cyklZyciaOd>2017-04-24T00:00:00+02:00</sln:cyklZyciaOd><sln:gmIIPId>4ae72911-df75-4175-b281-ac5c374fe5a8</sln:gmIIPId><sln:gmIIPPn>PL.PZGIK.200</sln:gmIIPPn><sln:gmIIPWersja>2012-09-26T22:33:50+02:00</sln:gmIIPWersja><sln:gmIdTeryt>3203052</sln:gmIdTeryt><sln:gmNazwa>Wierzchowo</sln:gmNazwa><sln:miejscIIPId>aefa245c-12fa-4aef-8624-b0dca4308846</sln:miejscIIPId><sln:miejscIIPPn>PL.PZGIK.200</sln:miejscIIPPn><sln:miejscIIPWersja>2017-04-24T10:09:58+02:00</sln:miejscIIPWersja><sln:miejscIdTeryt>0314112</sln:miejscIdTeryt><sln:miejscNazwa>Otrzep</sln:miejscNazwa><sln:miejscRodzaj>Wieś</sln:miejscRodzaj><sln:powIIPId>3035e433-0a64-4d6e-8d21-c2d38762586c</sln:powIIPId><sln:powIIPPn>PL.PZGIK.200</sln:powIIPPn><sln:powIIPWersja>2012-09-27T10:07:22+02:00</sln:powIIPWersja><sln:powIdTeryt>3203</sln:powIdTeryt><sln:powNazwa>drawski</sln:powNazwa><sln:waznyOd>2010-04-30T00:00:00+02:00</sln:waznyOd><sln:wojIIPId>c3f2202a-b491-49c5-a3af-d581108d939a</sln:wojIIPId><sln:wojIIPPn>PL.PZGIK.200</sln:wojIIPPn><sln:wojIIPWersja>2017-10-10T00:00:00+02:00</sln:wojIIPWersja><sln:wojIdTeryt>32</sln:wojIdTeryt><sln:wojNazwa>zachodniopomorskie</sln:wojNazwa></sln:miejscowosc><sln:miejscowosc><sln:cyklZyciaOd>2017-04-24T00:00:00+02:00</sln:cyklZyciaOd><sln:gmIIPId>4ae72911-df75-4175-b281-ac5c374fe5a8</sln:gmIIPId><sln:gmIIPPn>PL.PZGIK.200</sln:gmIIPPn><sln:gmIIPWersja>2012-09-26T22:33:50+02:00</sln:gmIIPWersja><sln:gmIdTeryt>3203052</sln:gmIdTeryt><sln:gmNazwa>Wierzchowo</sln:gmNazwa><sln:miejscIIPId>ce5cd889-76fc-4187-afef-84413219f527</sln:miejscIIPId><sln:miejscIIPPn>PL.PZGIK.200</sln:miejscIIPPn><sln:miejscIIPWersja>2017-04-24T10:09:58+02:00</sln:miejscIIPWersja><sln:miejscIdTeryt>0314129</sln:miejscIdTeryt><sln:miejscNazwa>Sośnica</sln:miejscNazwa><sln:miejscRodzaj>Wieś</sln:miejscRodzaj><sln:powIIPId>3035e433-0a64-4d6e-8d21-c2d38762586c</sln:powIIPId><sln:powIIPPn>PL.PZGIK.200</sln:powIIPPn><sln:powIIPWersja>2012-09-27T10:07:22+02:00</sln:powIIPWersja><sln:powIdTeryt>3203</sln:powIdTeryt><sln:powNazwa>drawski</sln:powNazwa><sln:waznyOd>2010-04-30T00:00:00+02:00</sln:waznyOd><sln:wojIIPId>c3f2202a-b491-49c5-a3af-d581108d939a</sln:wojIIPId><sln:wojIIPPn>PL.PZGIK.200</sln:wojIIPPn><sln:wojIIPWersja>2017-10-10T00:00:00+02:00</sln:wojIIPWersja><sln:wojIdTeryt>32</sln:wojIdTeryt><sln:wojNazwa>zachodniopomorskie</sln:wojNazwa></sln:miejscowosc><sln:miejscowosc><sln:cyklZyciaOd>2017-04-24T00:00:00+02:00</sln:cyklZyciaOd><sln:gmIIPId>4ae72911-df75-4175-b281-ac5c374fe5a8</sln:gmIIPId><sln:gmIIPPn>PL.PZGIK.200</sln:gmIIPPn><sln:gmIIPWersja>2012-09-26T22:33:50+02:00</sln:gmIIPWersja><sln:gmIdTeryt>3203052</sln:gmIdTeryt><sln:gmNazwa>Wierzchowo</sln:gmNazwa><sln:miejscIIPId>0a3f8b62-1ac6-44da-8a57-5523c412accc</sln:miejscIIPId><sln:miejscIIPPn>PL.PZGIK.200</sln:miejscIIPPn><sln:miejscIIPWersja>2017-04-24T10:09:58+02:00</sln:miejscIIPWersja><sln:miejscIdTeryt>0314135</sln:miejscIdTeryt><sln:miejscNazwa>Knowie</sln:miejscNazwa><sln:miejscRodzaj>Osada</sln:miejscRodzaj><sln:powIIPId>3035e433-0a64-4d6e-8d21-c2d38762586c</sln:powIIPId><sln:powIIPPn>PL.PZGIK.200</sln:powIIPPn><sln:powIIPWersja>2012-09-27T10:07:22+02:00</sln:powIIPWersja><sln:powIdTeryt>3203</sln:powIdTeryt><sln:powNazwa>drawski</sln:powNazwa><sln:waznyOd>2010-04-30T00:00:00+02:00</sln:waznyOd><sln:wojIIPId>c3f2202a-b491-49c5-a3af-d581108d939a</sln:wojIIPId><sln:wojIIPPn>PL.PZGIK.200</sln:wojIIPPn><sln:wojIIPWersja>2017-10-10T00:00:00+02:00</sln:wojIIPWersja><sln:wojIdTeryt>32</sln:wojIdTeryt><sln:wojNazwa>zachodniopomorskie</sln:wojNazwa></sln:miejscowosc><sln:miejscowosc><sln:cyklZyciaOd>2017-04-24T00:00:00+02:00</sln:cyklZyciaOd><sln:gmIIPId>4ae72911-df75-4175-b281-ac5c374fe5a8</sln:gmIIPId><sln:gmIIPPn>PL.PZGIK.200</sln:gmIIPPn><sln:gmIIPWersja>2012-09-26T22:33:50+02:00</sln:gmIIPWersja><sln:gmIdTeryt>3203052</sln:gmIdTeryt><sln:gmNazwa>Wierzchowo</sln:gmNazwa><sln:miejscIIPId>0c21add9-b888-4ac4-ba36-6745d32d4e04</sln:miejscIIPId><sln:miejscIIPPn>PL.PZGIK.200</sln:miejscIIPPn><sln:miejscIIPWersja>2017-04-24T10:09:58+02:00</sln:miejscIIPWersja><sln:miejscIdTeryt>0314141</sln:miejscIdTeryt><sln:miejscNazwa>Króle</sln:miejscNazwa><sln:miejscRodzaj>Osada</sln:miejscRodzaj><sln:powIIPId>3035e433-0a64-4d6e-8d21-c2d38762586c</sln:powIIPId><sln:powIIPPn>PL.PZGIK.200</sln:powIIPPn><sln:powIIPWersja>2012-09-27T10:07:22+02:00</sln:powIIPWersja><sln:powIdTeryt>3203</sln:powIdTeryt><sln:powNazwa>drawski</sln:powNazwa><sln:waznyOd>2010-04-30T00:00:00+02:00</sln:waznyOd><sln:wojIIPId>c3f2202a-b491-49c5-a3af-d581108d939a</sln:wojIIPId><sln:wojIIPPn>PL.PZGIK.200</sln:wojIIPPn><sln:wojIIPWersja>2017-10-10T00:00:00+02:00</sln:wojIIPWersja><sln:wojIdTeryt>32</sln:wojIdTeryt><sln:wojNazwa>zachodniopomorskie</sln:wojNazwa></sln:miejscowosc><sln:miejscowosc><sln:cyklZyciaOd>2017-04-24T00:00:00+02:00</sln:cyklZyciaOd><sln:gmIIPId>4ae72911-df75-4175-b281-ac5c374fe5a8</sln:gmIIPId><sln:gmIIPPn>PL.PZGIK.200</sln:gmIIPPn><sln:gmIIPWersja>2012-09-26T22:33:50+02:00</sln:gmIIPWersja><sln:gmIdTeryt>3203052</sln:gmIdTeryt><sln:gmNazwa>Wierzchowo</sln:gmNazwa><sln:miejscIIPId>d5088a3f-297b-4eb6-8d87-b5296edbc8d5</sln:miejscIIPId><sln:miejscIIPPn>PL.PZGIK.200</sln:miejscIIPPn><sln:miejscIIPWersja>2017-04-24T10:09:59+02:00</sln:miejscIIPWersja><sln:miejscIdTeryt>0314158</sln:miejscIdTeryt><sln:miejscNazwa>Świerczyna</sln:miejscNazwa><sln:miejscRodzaj>Inny obiekt</sln:miejscRodzaj><sln:powIIPId>3035e433-0a64-4d6e-8d21-c2d38762586c</sln:powIIPId><sln:powIIPPn>PL.PZGIK.200</sln:powIIPPn><sln:powIIPWersja>2012-09-27T10:07:22+02:00</sln:powIIPWersja><sln:powIdTeryt>3203</sln:powIdTeryt><sln:powNazwa>drawski</sln:powNazwa><sln:waznyOd>2010-04-30T00:00:00+02:00</sln:waznyOd><sln:wojIIPId>c3f2202a-b491-49c5-a3af-d581108d939a</sln:wojIIPId><sln:wojIIPPn>PL.PZGIK.200</sln:wojIIPPn><sln:wojIIPWersja>2017-10-10T00:00:00+02:00</sln:wojIIPWersja><sln:wojIdTeryt>32</sln:wojIdTeryt><sln:wojNazwa>zachodniopomorskie</sln:wojNazwa></sln:miejscowosc><sln:miejscowosc><sln:cyklZyciaOd>2017-04-24T00:00:00+02:00</sln:cyklZyciaOd><sln:gmIIPId>4ae72911-df75-4175-b281-ac5c374fe5a8</sln:gmIIPId><sln:gmIIPPn>PL.PZGIK.200</sln:gmIIPPn><sln:gmIIPWersja>2012-09-26T22:33:50+02:00</sln:gmIIPWersja><sln:gmIdTeryt>3203052</sln:gmIdTeryt><sln:gmNazwa>Wierzchowo</sln:gmNazwa><sln:miejscIIPId>80b0b313-c47b-40ed-81b5-57584712e718</sln:miejscIIPId><sln:miejscIIPPn>PL.PZGIK.200</sln:miejscIIPPn><sln:miejscIIPWersja>2017-04-24T10:09:59+02:00</sln:miejscIIPWersja><sln:miejscIdTeryt>0314164</sln:miejscIdTeryt><sln:miejscNazwa>Danowice</sln:miejscNazwa><sln:miejscRodzaj>Osada</sln:miejscRodzaj><sln:powIIPId>3035e433-0a64-4d6e-8d21-c2d38762586c</sln:powIIPId><sln:powIIPPn>PL.PZGIK.200</sln:powIIPPn><sln:powIIPWersja>2012-09-27T10:07:22+02:00</sln:powIIPWersja><sln:powIdTeryt>3203</sln:powIdTeryt><sln:powNazwa>drawski</sln:powNazwa><sln:waznyOd>2010-04-30T00:00:00+02:00</sln:waznyOd><sln:wojIIPId>c3f2202a-b491-49c5-a3af-d581108d939a</sln:wojIIPId><sln:wojIIPPn>PL.PZGIK.200</sln:wojIIPPn><sln:wojIIPWersja>2017-10-10T00:00:00+02:00</sln:wojIIPWersja><sln:wojIdTeryt>32</sln:wojIdTeryt><sln:wojNazwa>zachodniopomorskie</sln:wojNazwa></sln:miejscowosc><sln:miejscowosc><sln:cyklZyciaOd>2017-04-24T00:00:00+02:00</sln:cyklZyciaOd><sln:gmIIPId>4ae72911-df75-4175-b281-ac5c374fe5a8</sln:gmIIPId><sln:gmIIPPn>PL.PZGIK.200</sln:gmIIPPn><sln:gmIIPWersja>2012-09-26T22:33:50+02:00</sln:gmIIPWersja><sln:gmIdTeryt>3203052</sln:gmIdTeryt><sln:gmNazwa>Wierzchowo</sln:gmNazwa><sln:miejscIIPId>9fa083ca-0b2d-4ba3-93d9-82d4a3dbb4d4</sln:miejscIIPId><sln:miejscIIPPn>PL.PZGIK.200</sln:miejscIIPPn><sln:miejscIIPWersja>2017-04-24T10:09:59+02:00</sln:miejscIIPWersja><sln:miejscIdTeryt>0314170</sln:miejscIdTeryt><sln:miejscNazwa>Dębniewice</sln:miejscNazwa><sln:miejscRodzaj>Osada</sln:miejscRodzaj><sln:powIIPId>3035e433-0a64-4d6e-8d21-c2d38762586c</sln:powIIPId><sln:powIIPPn>PL.PZGIK.200</sln:powIIPPn><sln:powIIPWersja>2012-09-27T10:07:22+02:00</sln:powIIPWersja><sln:powIdTeryt>3203</sln:powIdTeryt><sln:powNazwa>drawski</sln:powNazwa><sln:waznyOd>2010-04-30T00:00:00+02:00</sln:waznyOd><sln:wojIIPId>c3f2202a-b491-49c5-a3af-d581108d939a</sln:wojIIPId><sln:wojIIPPn>PL.PZGIK.200</sln:wojIIPPn><sln:wojIIPWersja>2017-10-10T00:00:00+02:00</sln:wojIIPWersja><sln:wojIdTeryt>32</sln:wojIdTeryt><sln:wojNazwa>zachodniopomorskie</sln:wojNazwa></sln:miejscowosc><sln:miejscowosc><sln:cyklZyciaOd>2017-04-24T00:00:00+02:00</sln:cyklZyciaOd><sln:gmIIPId>4ae72911-df75-4175-b281-ac5c374fe5a8</sln:gmIIPId><sln:gmIIPPn>PL.PZGIK.200</sln:gmIIPPn><sln:gmIIPWersja>2012-09-26T22:33:50+02:00</sln:gmIIPWersja><sln:gmIdTeryt>3203052</sln:gmIdTeryt><sln:gmNazwa>Wierzchowo</sln:gmNazwa><sln:miejscIIPId>5da466d6-8850-4e62-9b7a-94e9ff201fcb</sln:miejscIIPId><sln:miejscIIPPn>PL.PZGIK.200</sln:miejscIIPPn><sln:miejscIIPWersja>2017-04-24T10:09:59+02:00</sln:miejscIIPWersja><sln:miejscIdTeryt>0314187</sln:miejscIdTeryt><sln:miejscNazwa>Wielboki</sln:miejscNazwa><sln:miejscRodzaj>Wieś</sln:miejscRodzaj><sln:powIIPId>3035e433-0a64-4d6e-8d21-c2d38762586c</sln:powIIPId><sln:powIIPPn>PL.PZGIK.200</sln:powIIPPn><sln:powIIPWersja>2012-09-27T10:07:22+02:00</sln:powIIPWersja><sln:powIdTeryt>3203</sln:powIdTeryt><sln:powNazwa>drawski</sln:powNazwa><sln:waznyOd>2010-04-30T00:00:00+02:00</sln:waznyOd><sln:wojIIPId>c3f2202a-b491-49c5-a3af-d581108d939a</sln:wojIIPId><sln:wojIIPPn>PL.PZGIK.200</sln:wojIIPPn><sln:wojIIPWersja>2017-10-10T00:00:00+02:00</sln:wojIIPWersja><sln:wojIdTeryt>32</sln:wojIdTeryt><sln:wojNazwa>zachodniopomorskie</sln:wojNazwa></sln:miejscowosc><sln:miejscowosc><sln:cyklZyciaOd>2017-04-24T00:00:00+02:00</sln:cyklZyciaOd><sln:gmIIPId>4ae72911-df75-4175-b281-ac5c374fe5a8</sln:gmIIPId><sln:gmIIPPn>PL.PZGIK.200</sln:gmIIPPn><sln:gmIIPWersja>2012-09-26T22:33:50+02:00</sln:gmIIPWersja><sln:gmIdTeryt>3203052</sln:gmIdTeryt><sln:gmNazwa>Wierzchowo</sln:gmNazwa><sln:miejscIIPId>151170c0-a49a-4892-ad10-7270d8b12b15</sln:miejscIIPId><sln:miejscIIPPn>PL.PZGIK.200</sln:miejscIIPPn><sln:miejscIIPWersja>2017-04-24T10:09:59+02:00</sln:miejscIIPWersja><sln:miejscIdTeryt>0314193</sln:miejscIdTeryt><sln:miejscNazwa>Wierzchowo</sln:miejscNazwa><sln:miejscRodzaj>Wieś</sln:miejscRodzaj><sln:powIIPId>3035e433-0a64-4d6e-8d21-c2d38762586c</sln:powIIPId><sln:powIIPPn>PL.PZGIK.200</sln:powIIPPn><sln:powIIPWersja>2012-09-27T10:07:22+02:00</sln:powIIPWersja><sln:powIdTeryt>3203</sln:powIdTeryt><sln:powNazwa>drawski</sln:powNazwa><sln:waznyOd>2010-04-30T00:00:00+02:00</sln:waznyOd><sln:wojIIPId>c3f2202a-b491-49c5-a3af-d581108d939a</sln:wojIIPId><sln:wojIIPPn>PL.PZGIK.200</sln:wojIIPPn><sln:wojIIPWersja>2017-10-10T00:00:00+02:00</sln:wojIIPWersja><sln:wojIdTeryt>32</sln:wojIdTeryt><sln:wojNazwa>zachodniopomorskie</sln:wojNazwa></sln:miejscowosc><sln:miejscowosc><sln:cyklZyciaOd>2017-04-24T00:00:00+02:00</sln:cyklZyciaOd><sln:gmIIPId>4ae72911-df75-4175-b281-ac5c374fe5a8</sln:gmIIPId><sln:gmIIPPn>PL.PZGIK.200</sln:gmIIPPn><sln:gmIIPWersja>2012-09-26T22:33:50+02:00</sln:gmIIPWersja><sln:gmIdTeryt>3203052</sln:gmIdTeryt><sln:gmNazwa>Wierzchowo</sln:gmNazwa><sln:miejscIIPId>d631af9f-d91e-4e0a-b9dc-745b745dd3aa</sln:miejscIIPId><sln:miejscIIPPn>PL.PZGIK.200</sln:miejscIIPPn><sln:miejscIIPWersja>2017-04-24T10:09:59+02:00</sln:miejscIIPWersja><sln:miejscIdTeryt>0314201</sln:miejscIdTeryt><sln:miejscNazwa>Wierzchówko</sln:miejscNazwa><sln:miejscRodzaj>Osada</sln:miejscRodzaj><sln:powIIPId>3035e433-0a64-4d6e-8d21-c2d38762586c</sln:powIIPId><sln:powIIPPn>PL.PZGIK.200</sln:powIIPPn><sln:powIIPWersja>2012-09-27T10:07:22+02:00</sln:powIIPWersja><sln:powIdTeryt>3203</sln:powIdTeryt><sln:powNazwa>drawski</sln:powNazwa><sln:waznyOd>2010-04-30T00:00:00+02:00</sln:waznyOd><sln:wojIIPId>c3f2202a-b491-49c5-a3af-d581108d939a</sln:wojIIPId><sln:wojIIPPn>PL.PZGIK.200</sln:wojIIPPn><sln:wojIIPWersja>2017-10-10T00:00:00+02:00</sln:wojIIPWersja><sln:wojIdTeryt>32</sln:wojIdTeryt><sln:wojNazwa>zachodniopomorskie</sln:wojNazwa></sln:miejscowosc><sln:miejscowosc><sln:cyklZyciaOd>2017-04-24T00:00:00+02:00</sln:cyklZyciaOd><sln:gmIIPId>4ae72911-df75-4175-b281-ac5c374fe5a8</sln:gmIIPId><sln:gmIIPPn>PL.PZGIK.200</sln:gmIIPPn><sln:gmIIPWersja>2012-09-26T22:33:50+02:00</sln:gmIIPWersja><sln:gmIdTeryt>3203052</sln:gmIdTeryt><sln:gmNazwa>Wierzchowo</sln:gmNazwa><sln:miejscIIPId>55b9bf16-ee63-4113-aba2-8cc894544943</sln:miejscIIPId><sln:miejscIIPPn>PL.PZGIK.200</sln:miejscIIPPn><sln:miejscIIPWersja>2017-04-24T10:09:59+02:00</sln:miejscIIPWersja><sln:miejscIdTeryt>0314218</sln:miejscIdTeryt><sln:miejscNazwa>Żabin</sln:miejscNazwa><sln:miejscRodzaj>Wieś</sln:miejscRodzaj><sln:powIIPId>3035e433-0a64-4d6e-8d21-c2d38762586c</sln:powIIPId><sln:powIIPPn>PL.PZGIK.200</sln:powIIPPn><sln:powIIPWersja>2012-09-27T10:07:22+02:00</sln:powIIPWersja><sln:powIdTeryt>3203</sln:powIdTeryt><sln:powNazwa>drawski</sln:powNazwa><sln:waznyOd>2010-04-30T00:00:00+02:00</sln:waznyOd><sln:wojIIPId>c3f2202a-b491-49c5-a3af-d581108d939a</sln:wojIIPId><sln:wojIIPPn>PL.PZGIK.200</sln:wojIIPPn><sln:wojIIPWersja>2017-10-10T00:00:00+02:00</sln:wojIIPWersja><sln:wojIdTeryt>32</sln:wojIdTeryt><sln:wojNazwa>zachodniopomorskie</sln:wojNazwa></sln:miejscowosc><sln:miejscowosc><sln:cyklZyciaOd>2017-04-24T00:00:00+02:00</sln:cyklZyciaOd><sln:gmIIPId>4ae72911-df75-4175-b281-ac5c374fe5a8</sln:gmIIPId><sln:gmIIPPn>PL.PZGIK.200</sln:gmIIPPn><sln:gmIIPWersja>2012-09-26T22:33:50+02:00</sln:gmIIPWersja><sln:gmIdTeryt>3203052</sln:gmIdTeryt><sln:gmNazwa>Wierzchowo</sln:gmNazwa><sln:miejscIIPId>2c4ec24b-1714-499c-afdc-609849b0c41f</sln:miejscIIPId><sln:miejscIIPPn>PL.PZGIK.200</sln:miejscIIPPn><sln:miejscIIPWersja>2017-04-24T10:09:59+02:00</sln:miejscIIPWersja><sln:miejscIdTeryt>0314224</sln:miejscIdTeryt><sln:miejscNazwa>Żeńsko</sln:miejscNazwa><sln:miejscRodzaj>Wieś</sln:miejscRodzaj><sln:powIIPId>3035e433-0a64-4d6e-8d21-c2d38762586c</sln:powIIPId><sln:powIIPPn>PL.PZGIK.200</sln:powIIPPn><sln:powIIPWersja>2012-09-27T10:07:22+02:00</sln:powIIPWersja><sln:powIdTeryt>3203</sln:powIdTeryt><sln:powNazwa>drawski</sln:powNazwa><sln:waznyOd>2010-04-30T00:00:00+02:00</sln:waznyOd><sln:wojIIPId>c3f2202a-b491-49c5-a3af-d581108d939a</sln:wojIIPId><sln:wojIIPPn>PL.PZGIK.200</sln:wojIIPPn><sln:wojIIPWersja>2017-10-10T00:00:00+02:00</sln:wojIIPWersja><sln:wojIdTeryt>32</sln:wojIdTeryt><sln:wojNazwa>zachodniopomorskie</sln:wojNazwa></sln:miejscowosc><sln:miejscowosc><sln:cyklZyciaOd>2017-04-24T00:00:00+02:00</sln:cyklZyciaOd><sln:gmIIPId>4ae72911-df75-4175-b281-ac5c374fe5a8</sln:gmIIPId><sln:gmIIPPn>PL.PZGIK.200</sln:gmIIPPn><sln:gmIIPWersja>2012-09-26T22:33:50+02:00</sln:gmIIPWersja><sln:gmIdTeryt>3203052</sln:gmIdTeryt><sln:gmNazwa>Wierzchowo</sln:gmNazwa><sln:miejscIIPId>90ad740e-f45e-43f9-b129-181c10de4657</sln:miejscIIPId><sln:miejscIIPPn>PL.PZGIK.200</sln:miejscIIPPn><sln:miejscIIPWersja>2017-04-24T10:09:59+02:00</sln:miejscIIPWersja><sln:miejscIdTeryt>0314230</sln:miejscIdTeryt><sln:miejscNazwa>Żabinek</sln:miejscNazwa><sln:miejscRodzaj>Wieś</sln:miejscRodzaj><sln:powIIPId>3035e433-0a64-4d6e-8d21-c2d38762586c</sln:powIIPId><sln:powIIPPn>PL.PZGIK.200</sln:powIIPPn><sln:powIIPWersja>2012-09-27T10:07:22+02:00</sln:powIIPWersja><sln:powIdTeryt>3203</sln:powIdTeryt><sln:powNazwa>drawski</sln:powNazwa><sln:waznyOd>2010-04-30T00:00:00+02:00</sln:waznyOd><sln:wojIIPId>c3f2202a-b491-49c5-a3af-d581108d939a</sln:wojIIPId><sln:wojIIPPn>PL.PZGIK.200</sln:wojIIPPn><sln:wojIIPWersja>2017-10-10T00:00:00+02:00</sln:wojIIPWersja><sln:wojIdTeryt>32</sln:wojIdTeryt><sln:wojNazwa>zachodniopomorskie</sln:wojNazwa></sln:miejscowosc><sln:miejscowosc><sln:cyklZyciaOd>2017-04-24T00:00:00+02:00</sln:cyklZyciaOd><sln:gmIIPId>4ae72911-df75-4175-b281-ac5c374fe5a8</sln:gmIIPId><sln:gmIIPPn>PL.PZGIK.200</sln:gmIIPPn><sln:gmIIPWersja>2012-09-26T22:33:50+02:00</sln:gmIIPWersja><sln:gmIdTeryt>3203052</sln:gmIdTeryt><sln:gmNazwa>Wierzchowo</sln:gmNazwa><sln:miejscIIPId>f5730804-259a-437d-99d0-f535d2818da8</sln:miejscIIPId><sln:miejscIIPPn>PL.PZGIK.200</sln:miejscIIPPn><sln:miejscIIPWersja>2017-04-24T10:09:59+02:00</sln:miejscIIPWersja><sln:miejscIdTeryt>0314247</sln:miejscIdTeryt><sln:miejscNazwa>Radomyśl</sln:miejscNazwa><sln:miejscRodzaj>Osada</sln:miejscRodzaj><sln:powIIPId>3035e433-0a64-4d6e-8d21-c2d38762586c</sln:powIIPId><sln:powIIPPn>PL.PZGIK.200</sln:powIIPPn><sln:powIIPWersja>2012-09-27T10:07:22+02:00</sln:powIIPWersja><sln:powIdTeryt>3203</sln:powIdTeryt><sln:powNazwa>drawski</sln:powNazwa><sln:waznyOd>2010-04-30T00:00:00+02:00</sln:waznyOd><sln:wojIIPId>c3f2202a-b491-49c5-a3af-d581108d939a</sln:wojIIPId><sln:wojIIPPn>PL.PZGIK.200</sln:wojIIPPn><sln:wojIIPWersja>2017-10-10T00:00:00+02:00</sln:wojIIPWersja><sln:wojIdTeryt>32</sln:wojIdTeryt><sln:wojNazwa>zachodniopomorskie</sln:wojNazwa></sln:miejscowosc></sln:lista-miejscowosci>