<?xml version="1.0" encoding="UTF-8" standalone="yes"?><sln:lista-miejscowosci xmlns:srv="http://gugik.gov.pl/schemas/slowniki-service/1.0" xmlns:sln="http://gugik.gov.pl/schemas/slowniki-schema/1.0"><sln:miejscowosc><sln:cyklZyciaDo>2017-04-03T00:00:00+02:00</sln:cyklZyciaDo><sln:cyklZyciaOd>2016-01-12T00:00:00+01:00</sln:cyklZyciaOd><sln:gmIIPId>5f53ec4e-47c7-4aa7-a7b7-ab40a853921a</sln:gmIIPId><sln:gmIIPPn>PL.PZGIK.200</sln:gmIIPPn><sln:gmIIPWersja>2012-09-26T22:35:35+02:00</sln:gmIIPWersja><sln:gmIdTeryt>3217043</sln:gmIdTeryt><sln:gmNazwa>Tuczno</sln:gmNazwa><sln:miejscIIPId>908e6124-6618-419a-9eb8-47574cbcf349</sln:miejscIIPId><sln:miejscIIPPn>PL.PZGIK.200</sln:miejscIIPPn><sln:miejscIIPWersja>2016-11-24T11:03:24+02:00</sln:miejscIIPWersja><sln:miejscIdTeryt>0530710</sln:miejscIdTeryt><sln:miejscNazwa>Bytyń</sln:miejscNazwa><sln:miejscRodzaj>Inny obiekt</sln:miejscRodzaj><sln:powIIPId>70c52407-979d-44b2-aa7b-90fe83cb3a71</sln:powIIPId><sln:powIIPPn>PL.PZGIK.200</sln:powIIPPn><sln:powIIPWersja>2012-09-27T10:07:22+02:00</sln:powIIPWersja><sln:powIdTeryt>3217</sln:powIdTeryt><sln:powNazwa>wałecki</sln:powNazwa><sln:waznyOd>2011-03-23T00:00:00+01:00</sln:waznyOd><sln:wojIIPId>c3f2202a-b491-49c5-a3af-d581108d939a</sln:wojIIPId><sln:wojIIPPn>PL.PZGIK.200</sln:wojIIPPn><sln:wojIIPWersja>2017-10-10T00:00:00+02:00</sln:wojIIPWersja><sln:wojIdTeryt>32</sln:wojIdTeryt><sln:wojNazwa>zachodniopomorskie</sln:wojNazwa></sln:miejscowosc><sln:miejscowosc><sln:cyklZyciaDo>2017-04-03T00:00:00+02:00</sln:cyklZyciaDo><sln:cyklZyciaOd>2016-01-12T00:00:00+01:00</sln:cyklZyciaOd><sln:gmIIPId>5f53ec4e-47c7-4aa7-a7b7-ab40a853921a</sln:gmIIPId><sln:gmIIPPn>PL.PZGIK.200</sln:gmIIPPn><sln:gmIIPWersja>2012-09-26T22:35:35+02:00</sln:gmIIPWersja><sln:gmIdTeryt>3217043</sln:gmIdTeryt><sln:gmNazwa>Tuczno</sln:gmNazwa><sln:miejscIIPId>1bb0bb07-40cd-4c83-a764-e9009e79475c</sln:miejscIIPId><sln:miejscIIPPn>PL.PZGIK.200</sln:miejscIIPPn><sln:miejscIIPWersja>2016-11-24T11:03:24+02:00</sln:miejscIIPWersja><sln:miejscIdTeryt>0530643</sln:miejscIdTeryt><sln:miejscNazwa>Jamienko</sln:miejscNazwa><sln:miejscRodzaj>Wieś</sln:miejscRodzaj><sln:powIIPId>70c52407-979d-44b2-aa7b-90fe83cb3a71</sln:powIIPId><sln:powIIPPn>PL.PZGIK.200</sln:powIIPPn><sln:powIIPWersja>2012-09-27T10:07:22+02:00</sln:powIIPWersja><sln:powIdTeryt>3217</sln:powIdTeryt><sln:powNazwa>wałecki</sln:powNazwa><sln:waznyOd>2011-03-23T00:00:00+01:00</sln:waznyOd><sln:wojIIPId>c3f2202a-b491-49c5-a3af-d581108d939a</sln:wojIIPId><sln:wojIIPPn>PL.PZGIK.200</sln:wojIIPPn><sln:wojIIPWersja>2017-10-10T00:00:00+02:00</sln:wojIIPWersja><sln:wojIdTeryt>32</sln:wojIdTeryt><sln:wojNazwa>zachodniopomorskie</sln:wojNazwa></sln:miejscowosc><sln:miejscowosc><sln:cyklZyciaDo>2017-04-03T00:00:00+02:00</sln:cyklZyciaDo><sln:cyklZyciaOd>2016-01-12T00:00:00+01:00</sln:cyklZyciaOd><sln:gmIIPId>5f53ec4e-47c7-4aa7-a7b7-ab40a853921a</sln:gmIIPId><sln:gmIIPPn>PL.PZGIK.200</sln:gmIIPPn><sln:gmIIPWersja>2012-09-26T22:35:35+02:00</sln:gmIIPWersja><sln:gmIdTeryt>3217043</sln:gmIdTeryt><sln:gmNazwa>Tuczno</sln:gmNazwa><sln:miejscIIPId>46ada6be-75b1-4ae9-819f-325a0c6cfcf1</sln:miejscIIPId><sln:miejscIIPPn>PL.PZGIK.200</sln:miejscIIPPn><sln:miejscIIPWersja>2016-11-24T11:03:24+02:00</sln:miejscIIPWersja><sln:miejscIdTeryt>0530650</sln:miejscIdTeryt><sln:miejscNazwa>Jeziorki</sln:miejscNazwa><sln:miejscRodzaj>Wieś</sln:miejscRodzaj><sln:powIIPId>70c52407-979d-44b2-aa7b-90fe83cb3a71</sln:powIIPId><sln:powIIPPn>PL.PZGIK.200</sln:powIIPPn><sln:powIIPWersja>2012-09-27T10:07:22+02:00</sln:powIIPWersja><sln:powIdTeryt>3217</sln:powIdTeryt><sln:powNazwa>wałecki</sln:powNazwa><sln:waznyOd>2011-03-23T00:00:00+01:00</sln:waznyOd><sln:wojIIPId>c3f2202a-b491-49c5-a3af-d581108d939a</sln:wojIIPId><sln:wojIIPPn>PL.PZGIK.200</sln:wojIIPPn><sln:wojIIPWersja>2017-10-10T00:00:00+02:00</sln:wojIIPWersja><sln:wojIdTeryt>32</sln:wojIdTeryt><sln:wojNazwa>zachodniopomorskie</sln:wojNazwa></sln:miejscowosc><sln:miejscowosc><sln:cyklZyciaDo>2017-04-03T00:00:00+02:00</sln:cyklZyciaDo><sln:cyklZyciaOd>2016-01-12T00:00:00+01:00</sln:cyklZyciaOd><sln:gmIIPId>5f53ec4e-47c7-4aa7-a7b7-ab40a853921a</sln:gmIIPId><sln:gmIIPPn>PL.PZGIK.200</sln:gmIIPPn><sln:gmIIPWersja>2012-09-26T22:35:35+02:00</sln:gmIIPWersja><sln:gmIdTeryt>3217043</sln:gmIdTeryt><sln:gmNazwa>Tuczno</sln:gmNazwa><sln:miejscIIPId>541fe03a-ca5f-4c1c-b562-5c9e7c72280e</sln:miejscIIPId><sln:miejscIIPPn>PL.PZGIK.200</sln:miejscIIPPn><sln:miejscIIPWersja>2016-11-24T11:03:24+02:00</sln:miejscIIPWersja><sln:miejscIdTeryt>0530666</sln:miejscIdTeryt><sln:miejscNazwa>Krępa Krajeńska</sln:miejscNazwa><sln:miejscRodzaj>Osada</sln:miejscRodzaj><sln:powIIPId>70c52407-979d-44b2-aa7b-90fe83cb3a71</sln:powIIPId><sln:powIIPPn>PL.PZGIK.200</sln:powIIPPn><sln:powIIPWersja>2012-09-27T10:07:22+02:00</sln:powIIPWersja><sln:powIdTeryt>3217</sln:powIdTeryt><sln:powNazwa>wałecki</sln:powNazwa><sln:waznyOd>2011-03-23T00:00:00+01:00</sln:waznyOd><sln:wojIIPId>c3f2202a-b491-49c5-a3af-d581108d939a</sln:wojIIPId><sln:wojIIPPn>PL.PZGIK.200</sln:wojIIPPn><sln:wojIIPWersja>2017-10-10T00:00:00+02:00</sln:wojIIPWersja><sln:wojIdTeryt>32</sln:wojIdTeryt><sln:wojNazwa>zachodniopomorskie</sln:wojNazwa></sln:miejscowosc><sln:miejscowosc><sln:cyklZyciaDo>2017-04-03T00:00:00+02:00</sln:cyklZyciaDo><sln:cyklZyciaOd>2016-01-12T00:00:00+01:00</sln:cyklZyciaOd><sln:gmIIPId>5f53ec4e-47c7-4aa7-a7b7-ab40a853921a</sln:gmIIPId><sln:gmIIPPn>PL.PZGIK.200</sln:gmIIPPn><sln:gmIIPWersja>2012-09-26T22:35:35+02:00</sln:gmIIPWersja><sln:gmIdTeryt>3217043</sln:gmIdTeryt><sln:gmNazwa>Tuczno</sln:gmNazwa><sln:miejscIIPId>ce5ca6b9-11d0-437f-b606-504fa85d8eed</sln:miejscIIPId><sln:miejscIIPPn>PL.PZGIK.200</sln:miejscIIPPn><sln:miejscIIPWersja>2016-11-24T11:03:24+02:00</sln:miejscIIPWersja><sln:miejscIdTeryt>0530695</sln:miejscIdTeryt><sln:miejscNazwa>Lubiesz</sln:miejscNazwa><sln:miejscRodzaj>Wieś</sln:miejscRodzaj><sln:powIIPId>70c52407-979d-44b2-aa7b-90fe83cb3a71</sln:powIIPId><sln:powIIPPn>PL.PZGIK.200</sln:powIIPPn><sln:powIIPWersja>2012-09-27T10:07:22+02:00</sln:powIIPWersja><sln:powIdTeryt>3217</sln:powIdTeryt><sln:powNazwa>wałecki</sln:powNazwa><sln:waznyOd>2011-03-23T00:00:00+01:00</sln:waznyOd><sln:wojIIPId>c3f2202a-b491-49c5-a3af-d581108d939a</sln:wojIIPId><sln:wojIIPPn>PL.PZGIK.200</sln:wojIIPPn><sln:wojIIPWersja>2017-10-10T00:00:00+02:00</sln:wojIIPWersja><sln:wojIdTeryt>32</sln:wojIdTeryt><sln:wojNazwa>zachodniopomorskie</sln:wojNazwa></sln:miejscowosc><sln:miejscowosc><sln:cyklZyciaDo>2017-04-03T00:00:00+02:00</sln:cyklZyciaDo><sln:cyklZyciaOd>2016-01-12T00:00:00+01:00</sln:cyklZyciaOd><sln:gmIIPId>5f53ec4e-47c7-4aa7-a7b7-ab40a853921a</sln:gmIIPId><sln:gmIIPPn>PL.PZGIK.200</sln:gmIIPPn><sln:gmIIPWersja>2012-09-26T22:35:35+02:00</sln:gmIIPWersja><sln:gmIdTeryt>3217043</sln:gmIdTeryt><sln:gmNazwa>Tuczno</sln:gmNazwa><sln:miejscIIPId>ad6062ba-cbbb-456d-ba9f-837822ae327b</sln:miejscIIPId><sln:miejscIIPPn>PL.PZGIK.200</sln:miejscIIPPn><sln:miejscIIPWersja>2016-11-24T11:03:24+02:00</sln:miejscIIPWersja><sln:miejscIdTeryt>0530703</sln:miejscIdTeryt><sln:miejscNazwa>Marcinkowice</sln:miejscNazwa><sln:miejscRodzaj>Wieś</sln:miejscRodzaj><sln:powIIPId>70c52407-979d-44b2-aa7b-90fe83cb3a71</sln:powIIPId><sln:powIIPPn>PL.PZGIK.200</sln:powIIPPn><sln:powIIPWersja>2012-09-27T10:07:22+02:00</sln:powIIPWersja><sln:powIdTeryt>3217</sln:powIdTeryt><sln:powNazwa>wałecki</sln:powNazwa><sln:waznyOd>2011-03-23T00:00:00+01:00</sln:waznyOd><sln:wojIIPId>c3f2202a-b491-49c5-a3af-d581108d939a</sln:wojIIPId><sln:wojIIPPn>PL.PZGIK.200</sln:wojIIPPn><sln:wojIIPWersja>2017-10-10T00:00:00+02:00</sln:wojIIPWersja><sln:wojIdTeryt>32</sln:wojIdTeryt><sln:wojNazwa>zachodniopomorskie</sln:wojNazwa></sln:miejscowosc><sln:miejscowosc><sln:cyklZyciaDo>2017-04-03T00:00:00+02:00</sln:cyklZyciaDo><sln:cyklZyciaOd>2016-01-12T00:00:00+01:00</sln:cyklZyciaOd><sln:gmIIPId>5f53ec4e-47c7-4aa7-a7b7-ab40a853921a</sln:gmIIPId><sln:gmIIPPn>PL.PZGIK.200</sln:gmIIPPn><sln:gmIIPWersja>2012-09-26T22:35:35+02:00</sln:gmIIPWersja><sln:gmIdTeryt>3217043</sln:gmIdTeryt><sln:gmNazwa>Tuczno</sln:gmNazwa><sln:miejscIIPId>6364f9e3-5a67-4b09-a87a-5c97fb67a576</sln:miejscIIPId><sln:miejscIIPPn>PL.PZGIK.200</sln:miejscIIPPn><sln:miejscIIPWersja>2016-11-24T11:03:24+02:00</sln:miejscIIPWersja><sln:miejscIdTeryt>0530726</sln:miejscIdTeryt><sln:miejscNazwa>Martew</sln:miejscNazwa><sln:miejscRodzaj>Wieś</sln:miejscRodzaj><sln:powIIPId>70c52407-979d-44b2-aa7b-90fe83cb3a71</sln:powIIPId><sln:powIIPPn>PL.PZGIK.200</sln:powIIPPn><sln:powIIPWersja>2012-09-27T10:07:22+02:00</sln:powIIPWersja><sln:powIdTeryt>3217</sln:powIdTeryt><sln:powNazwa>wałecki</sln:powNazwa><sln:waznyOd>2011-03-23T00:00:00+01:00</sln:waznyOd><sln:wojIIPId>c3f2202a-b491-49c5-a3af-d581108d939a</sln:wojIIPId><sln:wojIIPPn>PL.PZGIK.200</sln:wojIIPPn><sln:wojIIPWersja>2017-10-10T00:00:00+02:00</sln:wojIIPWersja><sln:wojIdTeryt>32</sln:wojIdTeryt><sln:wojNazwa>zachodniopomorskie</sln:wojNazwa></sln:miejscowosc><sln:miejscowosc><sln:cyklZyciaDo>2017-04-03T00:00:00+02:00</sln:cyklZyciaDo><sln:cyklZyciaOd>2016-01-12T00:00:00+01:00</sln:cyklZyciaOd><sln:gmIIPId>5f53ec4e-47c7-4aa7-a7b7-ab40a853921a</sln:gmIIPId><sln:gmIIPPn>PL.PZGIK.200</sln:gmIIPPn><sln:gmIIPWersja>2012-09-26T22:35:35+02:00</sln:gmIIPWersja><sln:gmIdTeryt>3217043</sln:gmIdTeryt><sln:gmNazwa>Tuczno</sln:gmNazwa><sln:miejscIIPId>ae415278-cd74-4cb6-a70c-e7c244376e19</sln:miejscIIPId><sln:miejscIIPPn>PL.PZGIK.200</sln:miejscIIPPn><sln:miejscIIPWersja>2016-11-24T11:03:24+02:00</sln:miejscIIPWersja><sln:miejscIdTeryt>0530867</sln:miejscIdTeryt><sln:miejscNazwa>Mączno</sln:miejscNazwa><sln:miejscRodzaj>Inny obiekt</sln:miejscRodzaj><sln:powIIPId>70c52407-979d-44b2-aa7b-90fe83cb3a71</sln:powIIPId><sln:powIIPPn>PL.PZGIK.200</sln:powIIPPn><sln:powIIPWersja>2012-09-27T10:07:22+02:00</sln:powIIPWersja><sln:powIdTeryt>3217</sln:powIdTeryt><sln:powNazwa>wałecki</sln:powNazwa><sln:waznyOd>2011-03-23T00:00:00+01:00</sln:waznyOd><sln:wojIIPId>c3f2202a-b491-49c5-a3af-d581108d939a</sln:wojIIPId><sln:wojIIPPn>PL.PZGIK.200</sln:wojIIPPn><sln:wojIIPWersja>2017-10-10T00:00:00+02:00</sln:wojIIPWersja><sln:wojIdTeryt>32</sln:wojIdTeryt><sln:wojNazwa>zachodniopomorskie</sln:wojNazwa></sln:miejscowosc><sln:miejscowosc><sln:cyklZyciaDo>2017-04-03T00:00:00+02:00</sln:cyklZyciaDo><sln:cyklZyciaOd>2016-01-12T00:00:00+01:00</sln:cyklZyciaOd><sln:gmIIPId>5f53ec4e-47c7-4aa7-a7b7-ab40a853921a</sln:gmIIPId><sln:gmIIPPn>PL.PZGIK.200</sln:gmIIPPn><sln:gmIIPWersja>2012-09-26T22:35:35+02:00</sln:gmIIPWersja><sln:gmIdTeryt>3217043</sln:gmIdTeryt><sln:gmNazwa>Tuczno</sln:gmNazwa><sln:miejscIIPId>cd683e4e-f564-434a-bbc0-3e1343e79a5d</sln:miejscIIPId><sln:miejscIIPPn>PL.PZGIK.200</sln:miejscIIPPn><sln:miejscIIPWersja>2016-11-24T11:03:24+02:00</sln:miejscIIPWersja><sln:miejscIdTeryt>0530732</sln:miejscIdTeryt><sln:miejscNazwa>Miłogoszcz</sln:miejscNazwa><sln:miejscRodzaj>Wieś</sln:miejscRodzaj><sln:powIIPId>70c52407-979d-44b2-aa7b-90fe83cb3a71</sln:powIIPId><sln:powIIPPn>PL.PZGIK.200</sln:powIIPPn><sln:powIIPWersja>2012-09-27T10:07:22+02:00</sln:powIIPWersja><sln:powIdTeryt>3217</sln:powIdTeryt><sln:powNazwa>wałecki</sln:powNazwa><sln:waznyOd>2011-03-23T00:00:00+01:00</sln:waznyOd><sln:wojIIPId>c3f2202a-b491-49c5-a3af-d581108d939a</sln:wojIIPId><sln:wojIIPPn>PL.PZGIK.200</sln:wojIIPPn><sln:wojIIPWersja>2017-10-10T00:00:00+02:00</sln:wojIIPWersja><sln:wojIdTeryt>32</sln:wojIdTeryt><sln:wojNazwa>zachodniopomorskie</sln:wojNazwa></sln:miejscowosc><sln:miejscowosc><sln:cyklZyciaDo>2017-04-03T00:00:00+02:00</sln:cyklZyciaDo><sln:cyklZyciaOd>2016-01-12T00:00:00+01:00</sln:cyklZyciaOd><sln:gmIIPId>5f53ec4e-47c7-4aa7-a7b7-ab40a853921a</sln:gmIIPId><sln:gmIIPPn>PL.PZGIK.200</sln:gmIIPPn><sln:gmIIPWersja>2012-09-26T22:35:35+02:00</sln:gmIIPWersja><sln:gmIdTeryt>3217043</sln:gmIdTeryt><sln:gmNazwa>Tuczno</sln:gmNazwa><sln:miejscIIPId>85ac9e96-8c58-4b05-a3eb-6bbb5b91ff01</sln:miejscIIPId><sln:miejscIIPPn>PL.PZGIK.200</sln:miejscIIPPn><sln:miejscIIPWersja>2016-11-24T11:03:24+02:00</sln:miejscIIPWersja><sln:miejscIdTeryt>0530749</sln:miejscIdTeryt><sln:miejscNazwa>Nowa Studnica</sln:miejscNazwa><sln:miejscRodzaj>Wieś</sln:miejscRodzaj><sln:powIIPId>70c52407-979d-44b2-aa7b-90fe83cb3a71</sln:powIIPId><sln:powIIPPn>PL.PZGIK.200</sln:powIIPPn><sln:powIIPWersja>2012-09-27T10:07:22+02:00</sln:powIIPWersja><sln:powIdTeryt>3217</sln:powIdTeryt><sln:powNazwa>wałecki</sln:powNazwa><sln:waznyOd>2011-03-23T00:00:00+01:00</sln:waznyOd><sln:wojIIPId>c3f2202a-b491-49c5-a3af-d581108d939a</sln:wojIIPId><sln:wojIIPPn>PL.PZGIK.200</sln:wojIIPPn><sln:wojIIPWersja>2017-10-10T00:00:00+02:00</sln:wojIIPWersja><sln:wojIdTeryt>32</sln:wojIdTeryt><sln:wojNazwa>zachodniopomorskie</sln:wojNazwa></sln:miejscowosc><sln:miejscowosc><sln:cyklZyciaDo>2017-04-03T00:00:00+02:00</sln:cyklZyciaDo><sln:cyklZyciaOd>2016-01-12T00:00:00+01:00</sln:cyklZyciaOd><sln:gmIIPId>5f53ec4e-47c7-4aa7-a7b7-ab40a853921a</sln:gmIIPId><sln:gmIIPPn>PL.PZGIK.200</sln:gmIIPPn><sln:gmIIPWersja>2012-09-26T22:35:35+02:00</sln:gmIIPWersja><sln:gmIdTeryt>3217043</sln:gmIdTeryt><sln:gmNazwa>Tuczno</sln:gmNazwa><sln:miejscIIPId>09c1afdd-3d78-49bc-b1cd-8356807032a2</sln:miejscIIPId><sln:miejscIIPPn>PL.PZGIK.200</sln:miejscIIPPn><sln:miejscIIPWersja>2016-11-24T11:03:24+02:00</sln:miejscIIPWersja><sln:miejscIdTeryt>0530755</sln:miejscIdTeryt><sln:miejscNazwa>Płociczno</sln:miejscNazwa><sln:miejscRodzaj>Wieś</sln:miejscRodzaj><sln:powIIPId>70c52407-979d-44b2-aa7b-90fe83cb3a71</sln:powIIPId><sln:powIIPPn>PL.PZGIK.200</sln:powIIPPn><sln:powIIPWersja>2012-09-27T10:07:22+02:00</sln:powIIPWersja><sln:powIdTeryt>3217</sln:powIdTeryt><sln:powNazwa>wałecki</sln:powNazwa><sln:waznyOd>2011-03-23T00:00:00+01:00</sln:waznyOd><sln:wojIIPId>c3f2202a-b491-49c5-a3af-d581108d939a</sln:wojIIPId><sln:wojIIPPn>PL.PZGIK.200</sln:wojIIPPn><sln:wojIIPWersja>2017-10-10T00:00:00+02:00</sln:wojIIPWersja><sln:wojIdTeryt>32</sln:wojIdTeryt><sln:wojNazwa>zachodniopomorskie</sln:wojNazwa></sln:miejscowosc><sln:miejscowosc><sln:cyklZyciaDo>2017-04-03T00:00:00+02:00</sln:cyklZyciaDo><sln:cyklZyciaOd>2016-01-12T00:00:00+01:00</sln:cyklZyciaOd><sln:gmIIPId>5f53ec4e-47c7-4aa7-a7b7-ab40a853921a</sln:gmIIPId><sln:gmIIPPn>PL.PZGIK.200</sln:gmIIPPn><sln:gmIIPWersja>2012-09-26T22:35:35+02:00</sln:gmIIPWersja><sln:gmIdTeryt>3217043</sln:gmIdTeryt><sln:gmNazwa>Tuczno</sln:gmNazwa><sln:miejscIIPId>c0b0bf93-7971-4ac8-99db-fbfbf30e58e6</sln:miejscIIPId><sln:miejscIIPPn>PL.PZGIK.200</sln:miejscIIPPn><sln:miejscIIPWersja>2016-11-24T11:03:24+02:00</sln:miejscIIPWersja><sln:miejscIdTeryt>0530761</sln:miejscIdTeryt><sln:miejscNazwa>Ponikiew</sln:miejscNazwa><sln:miejscRodzaj>Inny obiekt</sln:miejscRodzaj><sln:powIIPId>70c52407-979d-44b2-aa7b-90fe83cb3a71</sln:powIIPId><sln:powIIPPn>PL.PZGIK.200</sln:powIIPPn><sln:powIIPWersja>2012-09-27T10:07:22+02:00</sln:powIIPWersja><sln:powIdTeryt>3217</sln:powIdTeryt><sln:powNazwa>wałecki</sln:powNazwa><sln:waznyOd>2011-03-23T00:00:00+01:00</sln:waznyOd><sln:wojIIPId>c3f2202a-b491-49c5-a3af-d581108d939a</sln:wojIIPId><sln:wojIIPPn>PL.PZGIK.200</sln:wojIIPPn><sln:wojIIPWersja>2017-10-10T00:00:00+02:00</sln:wojIIPWersja><sln:wojIdTeryt>32</sln:wojIdTeryt><sln:wojNazwa>zachodniopomorskie</sln:wojNazwa></sln:miejscowosc><sln:miejscowosc><sln:cyklZyciaDo>2017-04-03T00:00:00+02:00</sln:cyklZyciaDo><sln:cyklZyciaOd>2016-01-12T00:00:00+01:00</sln:cyklZyciaOd><sln:gmIIPId>5f53ec4e-47c7-4aa7-a7b7-ab40a853921a</sln:gmIIPId><sln:gmIIPPn>PL.PZGIK.200</sln:gmIIPPn><sln:gmIIPWersja>2012-09-26T22:35:35+02:00</sln:gmIIPWersja><sln:gmIdTeryt>3217043</sln:gmIdTeryt><sln:gmNazwa>Tuczno</sln:gmNazwa><sln:miejscIIPId>aa3a13c9-fc98-4039-840d-67ff71461e1e</sln:miejscIIPId><sln:miejscIIPPn>PL.PZGIK.200</sln:miejscIIPPn><sln:miejscIIPWersja>2016-11-24T11:03:24+02:00</sln:miejscIIPWersja><sln:miejscIdTeryt>0530778</sln:miejscIdTeryt><sln:miejscNazwa>Próchnówko</sln:miejscNazwa><sln:miejscRodzaj>Wieś</sln:miejscRodzaj><sln:powIIPId>70c52407-979d-44b2-aa7b-90fe83cb3a71</sln:powIIPId><sln:powIIPPn>PL.PZGIK.200</sln:powIIPPn><sln:powIIPWersja>2012-09-27T10:07:22+02:00</sln:powIIPWersja><sln:powIdTeryt>3217</sln:powIdTeryt><sln:powNazwa>wałecki</sln:powNazwa><sln:waznyOd>2011-03-23T00:00:00+01:00</sln:waznyOd><sln:wojIIPId>c3f2202a-b491-49c5-a3af-d581108d939a</sln:wojIIPId><sln:wojIIPPn>PL.PZGIK.200</sln:wojIIPPn><sln:wojIIPWersja>2017-10-10T00:00:00+02:00</sln:wojIIPWersja><sln:wojIdTeryt>32</sln:wojIdTeryt><sln:wojNazwa>zachodniopomorskie</sln:wojNazwa></sln:miejscowosc><sln:miejscowosc><sln:cyklZyciaDo>2017-04-03T00:00:00+02:00</sln:cyklZyciaDo><sln:cyklZyciaOd>2016-01-12T00:00:00+01:00</sln:cyklZyciaOd><sln:gmIIPId>5f53ec4e-47c7-4aa7-a7b7-ab40a853921a</sln:gmIIPId><sln:gmIIPPn>PL.PZGIK.200</sln:gmIIPPn><sln:gmIIPWersja>2012-09-26T22:35:35+02:00</sln:gmIIPWersja><sln:gmIdTeryt>3217043</sln:gmIdTeryt><sln:gmNazwa>Tuczno</sln:gmNazwa><sln:miejscIIPId>c2f8b25a-a99c-4634-b911-dbeb92d4e643</sln:miejscIIPId><sln:miejscIIPPn>PL.PZGIK.200</sln:miejscIIPPn><sln:miejscIIPWersja>2016-11-24T11:03:24+02:00</sln:miejscIIPWersja><sln:miejscIdTeryt>0530784</sln:miejscIdTeryt><sln:miejscNazwa>Rusinowo</sln:miejscNazwa><sln:miejscRodzaj>Wieś</sln:miejscRodzaj><sln:powIIPId>70c52407-979d-44b2-aa7b-90fe83cb3a71</sln:powIIPId><sln:powIIPPn>PL.PZGIK.200</sln:powIIPPn><sln:powIIPWersja>2012-09-27T10:07:22+02:00</sln:powIIPWersja><sln:powIdTeryt>3217</sln:powIdTeryt><sln:powNazwa>wałecki</sln:powNazwa><sln:waznyOd>2011-03-23T00:00:00+01:00</sln:waznyOd><sln:wojIIPId>c3f2202a-b491-49c5-a3af-d581108d939a</sln:wojIIPId><sln:wojIIPPn>PL.PZGIK.200</sln:wojIIPPn><sln:wojIIPWersja>2017-10-10T00:00:00+02:00</sln:wojIIPWersja><sln:wojIdTeryt>32</sln:wojIdTeryt><sln:wojNazwa>zachodniopomorskie</sln:wojNazwa></sln:miejscowosc><sln:miejscowosc><sln:cyklZyciaDo>2017-04-03T00:00:00+02:00</sln:cyklZyciaDo><sln:cyklZyciaOd>2016-01-12T00:00:00+01:00</sln:cyklZyciaOd><sln:gmIIPId>5f53ec4e-47c7-4aa7-a7b7-ab40a853921a</sln:gmIIPId><sln:gmIIPPn>PL.PZGIK.200</sln:gmIIPPn><sln:gmIIPWersja>2012-09-26T22:35:35+02:00</sln:gmIIPWersja><sln:gmIdTeryt>3217043</sln:gmIdTeryt><sln:gmNazwa>Tuczno</sln:gmNazwa><sln:miejscIIPId>66b312bc-433f-4a2b-a628-2d1b0e8ce671</sln:miejscIIPId><sln:miejscIIPPn>PL.PZGIK.200</sln:miejscIIPPn><sln:miejscIIPWersja>2016-11-24T11:03:24+02:00</sln:miejscIIPWersja><sln:miejscIdTeryt>0530790</sln:miejscIdTeryt><sln:miejscNazwa>Rzeczyca</sln:miejscNazwa><sln:miejscRodzaj>Wieś</sln:miejscRodzaj><sln:powIIPId>70c52407-979d-44b2-aa7b-90fe83cb3a71</sln:powIIPId><sln:powIIPPn>PL.PZGIK.200</sln:powIIPPn><sln:powIIPWersja>2012-09-27T10:07:22+02:00</sln:powIIPWersja><sln:powIdTeryt>3217</sln:powIdTeryt><sln:powNazwa>wałecki</sln:powNazwa><sln:waznyOd>2011-03-23T00:00:00+01:00</sln:waznyOd><sln:wojIIPId>c3f2202a-b491-49c5-a3af-d581108d939a</sln:wojIIPId><sln:wojIIPPn>PL.PZGIK.200</sln:wojIIPPn><sln:wojIIPWersja>2017-10-10T00:00:00+02:00</sln:wojIIPWersja><sln:wojIdTeryt>32</sln:wojIdTeryt><sln:wojNazwa>zachodniopomorskie</sln:wojNazwa></sln:miejscowosc><sln:miejscowosc><sln:cyklZyciaDo>2017-04-03T00:00:00+02:00</sln:cyklZyciaDo><sln:cyklZyciaOd>2016-01-12T00:00:00+01:00</sln:cyklZyciaOd><sln:gmIIPId>5f53ec4e-47c7-4aa7-a7b7-ab40a853921a</sln:gmIIPId><sln:gmIIPPn>PL.PZGIK.200</sln:gmIIPPn><sln:gmIIPWersja>2012-09-26T22:35:35+02:00</sln:gmIIPWersja><sln:gmIdTeryt>3217043</sln:gmIdTeryt><sln:gmNazwa>Tuczno</sln:gmNazwa><sln:miejscIIPId>4f932748-7e7b-44f5-810c-2bd54df7d695</sln:miejscIIPId><sln:miejscIIPPn>PL.PZGIK.200</sln:miejscIIPPn><sln:miejscIIPWersja>2016-11-24T11:03:24+02:00</sln:miejscIIPWersja><sln:miejscIdTeryt>0530815</sln:miejscIdTeryt><sln:miejscNazwa>Strzaliny</sln:miejscNazwa><sln:miejscRodzaj>Wieś</sln:miejscRodzaj><sln:powIIPId>70c52407-979d-44b2-aa7b-90fe83cb3a71</sln:powIIPId><sln:powIIPPn>PL.PZGIK.200</sln:powIIPPn><sln:powIIPWersja>2012-09-27T10:07:22+02:00</sln:powIIPWersja><sln:powIdTeryt>3217</sln:powIdTeryt><sln:powNazwa>wałecki</sln:powNazwa><sln:waznyOd>2011-03-23T00:00:00+01:00</sln:waznyOd><sln:wojIIPId>c3f2202a-b491-49c5-a3af-d581108d939a</sln:wojIIPId><sln:wojIIPPn>PL.PZGIK.200</sln:wojIIPPn><sln:wojIIPWersja>2017-10-10T00:00:00+02:00</sln:wojIIPWersja><sln:wojIdTeryt>32</sln:wojIdTeryt><sln:wojNazwa>zachodniopomorskie</sln:wojNazwa></sln:miejscowosc><sln:miejscowosc><sln:cyklZyciaDo>2017-04-03T00:00:00+02:00</sln:cyklZyciaDo><sln:cyklZyciaOd>2016-01-12T00:00:00+01:00</sln:cyklZyciaOd><sln:gmIIPId>5f53ec4e-47c7-4aa7-a7b7-ab40a853921a</sln:gmIIPId><sln:gmIIPPn>PL.PZGIK.200</sln:gmIIPPn><sln:gmIIPWersja>2012-09-26T22:35:35+02:00</sln:gmIIPWersja><sln:gmIdTeryt>3217043</sln:gmIdTeryt><sln:gmNazwa>Tuczno</sln:gmNazwa><sln:miejscIIPId>ba0ab46c-f264-4c4b-8a3a-a415c940b693</sln:miejscIIPId><sln:miejscIIPPn>PL.PZGIK.200</sln:miejscIIPPn><sln:miejscIIPWersja>2016-11-24T13:17:33+02:00</sln:miejscIIPWersja><sln:miejscIdTeryt>0967185</sln:miejscIdTeryt><sln:miejscNazwa>Tuczno</sln:miejscNazwa><sln:miejscRodzaj>Miasto</sln:miejscRodzaj><sln:powIIPId>70c52407-979d-44b2-aa7b-90fe83cb3a71</sln:powIIPId><sln:powIIPPn>PL.PZGIK.200</sln:powIIPPn><sln:powIIPWersja>2012-09-27T10:07:22+02:00</sln:powIIPWersja><sln:powIdTeryt>3217</sln:powIdTeryt><sln:powNazwa>wałecki</sln:powNazwa><sln:waznyOd>2011-03-23T00:00:00+01:00</sln:waznyOd><sln:wojIIPId>c3f2202a-b491-49c5-a3af-d581108d939a</sln:wojIIPId><sln:wojIIPPn>PL.PZGIK.200</sln:wojIIPPn><sln:wojIIPWersja>2017-10-10T00:00:00+02:00</sln:wojIIPWersja><sln:wojIdTeryt>32</sln:wojIdTeryt><sln:wojNazwa>zachodniopomorskie</sln:wojNazwa></sln:miejscowosc><sln:miejscowosc><sln:cyklZyciaDo>2017-04-03T00:00:00+02:00</sln:cyklZyciaDo><sln:cyklZyciaOd>2016-01-12T00:00:00+01:00</sln:cyklZyciaOd><sln:gmIIPId>5f53ec4e-47c7-4aa7-a7b7-ab40a853921a</sln:gmIIPId><sln:gmIIPPn>PL.PZGIK.200</sln:gmIIPPn><sln:gmIIPWersja>2012-09-26T22:35:35+02:00</sln:gmIIPWersja><sln:gmIdTeryt>3217043</sln:gmIdTeryt><sln:gmNazwa>Tuczno</sln:gmNazwa><sln:miejscIIPId>81f717ec-42a6-44cf-a9a9-80224f2b8700</sln:miejscIIPId><sln:miejscIIPPn>PL.PZGIK.200</sln:miejscIIPPn><sln:miejscIIPWersja>2016-11-24T11:03:24+02:00</sln:miejscIIPWersja><sln:miejscIdTeryt>0530821</sln:miejscIdTeryt><sln:miejscNazwa>Tuczno Drugie</sln:miejscNazwa><sln:miejscRodzaj>Osada</sln:miejscRodzaj><sln:powIIPId>70c52407-979d-44b2-aa7b-90fe83cb3a71</sln:powIIPId><sln:powIIPPn>PL.PZGIK.200</sln:powIIPPn><sln:powIIPWersja>2012-09-27T10:07:22+02:00</sln:powIIPWersja><sln:powIdTeryt>3217</sln:powIdTeryt><sln:powNazwa>wałecki</sln:powNazwa><sln:waznyOd>2011-03-23T00:00:00+01:00</sln:waznyOd><sln:wojIIPId>c3f2202a-b491-49c5-a3af-d581108d939a</sln:wojIIPId><sln:wojIIPPn>PL.PZGIK.200</sln:wojIIPPn><sln:wojIIPWersja>2017-10-10T00:00:00+02:00</sln:wojIIPWersja><sln:wojIdTeryt>32</sln:wojIdTeryt><sln:wojNazwa>zachodniopomorskie</sln:wojNazwa></sln:miejscowosc><sln:miejscowosc><sln:cyklZyciaDo>2017-04-03T00:00:00+02:00</sln:cyklZyciaDo><sln:cyklZyciaOd>2016-01-12T00:00:00+01:00</sln:cyklZyciaOd><sln:gmIIPId>5f53ec4e-47c7-4aa7-a7b7-ab40a853921a</sln:gmIIPId><sln:gmIIPPn>PL.PZGIK.200</sln:gmIIPPn><sln:gmIIPWersja>2012-09-26T22:35:35+02:00</sln:gmIIPWersja><sln:gmIdTeryt>3217043</sln:gmIdTeryt><sln:gmNazwa>Tuczno</sln:gmNazwa><sln:miejscIIPId>dc17f62e-ea60-4be9-9ce9-f587bd4daf95</sln:miejscIIPId><sln:miejscIIPPn>PL.PZGIK.200</sln:miejscIIPPn><sln:miejscIIPWersja>2016-11-24T11:03:24+02:00</sln:miejscIIPWersja><sln:miejscIdTeryt>0530838</sln:miejscIdTeryt><sln:miejscNazwa>Tuczno Pierwsze</sln:miejscNazwa><sln:miejscRodzaj>Osada</sln:miejscRodzaj><sln:powIIPId>70c52407-979d-44b2-aa7b-90fe83cb3a71</sln:powIIPId><sln:powIIPPn>PL.PZGIK.200</sln:powIIPPn><sln:powIIPWersja>2012-09-27T10:07:22+02:00</sln:powIIPWersja><sln:powIdTeryt>3217</sln:powIdTeryt><sln:powNazwa>wałecki</sln:powNazwa><sln:waznyOd>2011-03-23T00:00:00+01:00</sln:waznyOd><sln:wojIIPId>c3f2202a-b491-49c5-a3af-d581108d939a</sln:wojIIPId><sln:wojIIPPn>PL.PZGIK.200</sln:wojIIPPn><sln:wojIIPWersja>2017-10-10T00:00:00+02:00</sln:wojIIPWersja><sln:wojIdTeryt>32</sln:wojIdTeryt><sln:wojNazwa>zachodniopomorskie</sln:wojNazwa></sln:miejscowosc><sln:miejscowosc><sln:cyklZyciaDo>2017-04-03T00:00:00+02:00</sln:cyklZyciaDo><sln:cyklZyciaOd>2016-01-12T00:00:00+01:00</sln:cyklZyciaOd><sln:gmIIPId>5f53ec4e-47c7-4aa7-a7b7-ab40a853921a</sln:gmIIPId><sln:gmIIPPn>PL.PZGIK.200</sln:gmIIPPn><sln:gmIIPWersja>2012-09-26T22:35:35+02:00</sln:gmIIPWersja><sln:gmIdTeryt>3217043</sln:gmIdTeryt><sln:gmNazwa>Tuczno</sln:gmNazwa><sln:miejscIIPId>65c323f7-43e5-46e4-932d-47fc3fede8c7</sln:miejscIIPId><sln:miejscIIPPn>PL.PZGIK.200</sln:miejscIIPPn><sln:miejscIIPWersja>2016-11-24T11:03:24+02:00</sln:miejscIIPWersja><sln:miejscIdTeryt>0530844</sln:miejscIdTeryt><sln:miejscNazwa>Tuczno Trzecie</sln:miejscNazwa><sln:miejscRodzaj>Osada</sln:miejscRodzaj><sln:powIIPId>70c52407-979d-44b2-aa7b-90fe83cb3a71</sln:powIIPId><sln:powIIPPn>PL.PZGIK.200</sln:powIIPPn><sln:powIIPWersja>2012-09-27T10:07:22+02:00</sln:powIIPWersja><sln:powIdTeryt>3217</sln:powIdTeryt><sln:powNazwa>wałecki</sln:powNazwa><sln:waznyOd>2011-03-23T00:00:00+01:00</sln:waznyOd><sln:wojIIPId>c3f2202a-b491-49c5-a3af-d581108d939a</sln:wojIIPId><sln:wojIIPPn>PL.PZGIK.200</sln:wojIIPPn><sln:wojIIPWersja>2017-10-10T00:00:00+02:00</sln:wojIIPWersja><sln:wojIdTeryt>32</sln:wojIdTeryt><sln:wojNazwa>zachodniopomorskie</sln:wojNazwa></sln:miejscowosc><sln:miejscowosc><sln:cyklZyciaDo>2017-04-03T00:00:00+02:00</sln:cyklZyciaDo><sln:cyklZyciaOd>2016-01-12T00:00:00+01:00</sln:cyklZyciaOd><sln:gmIIPId>5f53ec4e-47c7-4aa7-a7b7-ab40a853921a</sln:gmIIPId><sln:gmIIPPn>PL.PZGIK.200</sln:gmIIPPn><sln:gmIIPWersja>2012-09-26T22:35:35+02:00</sln:gmIIPWersja><sln:gmIdTeryt>3217043</sln:gmIdTeryt><sln:gmNazwa>Tuczno</sln:gmNazwa><sln:miejscIIPId>1a585dfb-add5-4047-a4a7-6acc06ea18ba</sln:miejscIIPId><sln:miejscIIPPn>PL.PZGIK.200</sln:miejscIIPPn><sln:miejscIIPWersja>2016-11-24T11:03:24+02:00</sln:miejscIIPWersja><sln:miejscIdTeryt>0530809</sln:miejscIdTeryt><sln:miejscNazwa>Wrzosy</sln:miejscNazwa><sln:miejscRodzaj>Osada</sln:miejscRodzaj><sln:powIIPId>70c52407-979d-44b2-aa7b-90fe83cb3a71</sln:powIIPId><sln:powIIPPn>PL.PZGIK.200</sln:powIIPPn><sln:powIIPWersja>2012-09-27T10:07:22+02:00</sln:powIIPWersja><sln:powIdTeryt>3217</sln:powIdTeryt><sln:powNazwa>wałecki</sln:powNazwa><sln:waznyOd>2011-03-23T00:00:00+01:00</sln:waznyOd><sln:wojIIPId>c3f2202a-b491-49c5-a3af-d581108d939a</sln:wojIIPId><sln:wojIIPPn>PL.PZGIK.200</sln:wojIIPPn><sln:wojIIPWersja>2017-10-10T00:00:00+02:00</sln:wojIIPWersja><sln:wojIdTeryt>32</sln:wojIdTeryt><sln:wojNazwa>zachodniopomorskie</sln:wojNazwa></sln:miejscowosc><sln:miejscowosc><sln:cyklZyciaDo>2017-04-03T00:00:00+02:00</sln:cyklZyciaDo><sln:cyklZyciaOd>2016-01-12T00:00:00+01:00</sln:cyklZyciaOd><sln:gmIIPId>5f53ec4e-47c7-4aa7-a7b7-ab40a853921a</sln:gmIIPId><sln:gmIIPPn>PL.PZGIK.200</sln:gmIIPPn><sln:gmIIPWersja>2012-09-26T22:35:35+02:00</sln:gmIIPWersja><sln:gmIdTeryt>3217043</sln:gmIdTeryt><sln:gmNazwa>Tuczno</sln:gmNazwa><sln:miejscIIPId>ad06cf90-9795-417e-96ed-b4362d52cd4d</sln:miejscIIPId><sln:miejscIIPPn>PL.PZGIK.200</sln:miejscIIPPn><sln:miejscIIPWersja>2016-11-24T11:03:24+02:00</sln:miejscIIPWersja><sln:miejscIdTeryt>0530850</sln:miejscIdTeryt><sln:miejscNazwa>Zdbowo</sln:miejscNazwa><sln:miejscRodzaj>Wieś</sln:miejscRodzaj><sln:powIIPId>70c52407-979d-44b2-aa7b-90fe83cb3a71</sln:powIIPId><sln:powIIPPn>PL.PZGIK.200</sln:powIIPPn><sln:powIIPWersja>2012-09-27T10:07:22+02:00</sln:powIIPWersja><sln:powIdTeryt>3217</sln:powIdTeryt><sln:powNazwa>wałecki</sln:powNazwa><sln:waznyOd>2011-03-23T00:00:00+01:00</sln:waznyOd><sln:wojIIPId>c3f2202a-b491-49c5-a3af-d581108d939a</sln:wojIIPId><sln:wojIIPPn>PL.PZGIK.200</sln:wojIIPPn><sln:wojIIPWersja>2017-10-10T00:00:00+02:00</sln:wojIIPWersja><sln:wojIdTeryt>32</sln:wojIdTeryt><sln:wojNazwa>zachodniopomorskie</sln:wojNazwa></sln:miejscowosc><sln:miejscowosc><sln:cyklZyciaDo>2017-04-03T00:00:00+02:00</sln:cyklZyciaDo><sln:cyklZyciaOd>2016-01-12T00:00:00+01:00</sln:cyklZyciaOd><sln:gmIIPId>5f53ec4e-47c7-4aa7-a7b7-ab40a853921a</sln:gmIIPId><sln:gmIIPPn>PL.PZGIK.200</sln:gmIIPPn><sln:gmIIPWersja>2012-09-26T22:35:35+02:00</sln:gmIIPWersja><sln:gmIdTeryt>3217043</sln:gmIdTeryt><sln:gmNazwa>Tuczno</sln:gmNazwa><sln:miejscIIPId>7b3dbef1-35c1-48c6-8c34-e21f6e325d61</sln:miejscIIPId><sln:miejscIIPPn>PL.PZGIK.200</sln:miejscIIPPn><sln:miejscIIPWersja>2016-11-24T11:03:24+02:00</sln:miejscIIPWersja><sln:miejscIdTeryt>0530689</sln:miejscIdTeryt><sln:miejscNazwa>Złotowo</sln:miejscNazwa><sln:miejscRodzaj>Osada leśna</sln:miejscRodzaj><sln:powIIPId>70c52407-979d-44b2-aa7b-90fe83cb3a71</sln:powIIPId><sln:powIIPPn>PL.PZGIK.200</sln:powIIPPn><sln:powIIPWersja>2012-09-27T10:07:22+02:00</sln:powIIPWersja><sln:powIdTeryt>3217</sln:powIdTeryt><sln:powNazwa>wałecki</sln:powNazwa><sln:waznyOd>2011-03-23T00:00:00+01:00</sln:waznyOd><sln:wojIIPId>c3f2202a-b491-49c5-a3af-d581108d939a</sln:wojIIPId><sln:wojIIPPn>PL.PZGIK.200</sln:wojIIPPn><sln:wojIIPWersja>2017-10-10T00:00:00+02:00</sln:wojIIPWersja><sln:wojIdTeryt>32</sln:wojIdTeryt><sln:wojNazwa>zachodniopomorskie</sln:wojNazwa></sln:miejscowosc><sln:miejscowosc><sln:cyklZyciaOd>2017-04-03T00:00:00+02:00</sln:cyklZyciaOd><sln:gmIIPId>5f53ec4e-47c7-4aa7-a7b7-ab40a853921a</sln:gmIIPId><sln:gmIIPPn>PL.PZGIK.200</sln:gmIIPPn><sln:gmIIPWersja>2012-09-26T22:35:35+02:00</sln:gmIIPWersja><sln:gmIdTeryt>3217043</sln:gmIdTeryt><sln:gmNazwa>Tuczno</sln:gmNazwa><sln:miejscIIPId>1bb0bb07-40cd-4c83-a764-e9009e79475c</sln:miejscIIPId><sln:miejscIIPPn>PL.PZGIK.200</sln:miejscIIPPn><sln:miejscIIPWersja>2017-04-03T11:52:43+02:00</sln:miejscIIPWersja><sln:miejscIdTeryt>0530643</sln:miejscIdTeryt><sln:miejscNazwa>Jamienko</sln:miejscNazwa><sln:miejscRodzaj>Wieś</sln:miejscRodzaj><sln:powIIPId>70c52407-979d-44b2-aa7b-90fe83cb3a71</sln:powIIPId><sln:powIIPPn>PL.PZGIK.200</sln:powIIPPn><sln:powIIPWersja>2012-09-27T10:07:22+02:00</sln:powIIPWersja><sln:powIdTeryt>3217</sln:powIdTeryt><sln:powNazwa>wałecki</sln:powNazwa><sln:waznyOd>2011-03-23T00:00:00+01:00</sln:waznyOd><sln:wojIIPId>c3f2202a-b491-49c5-a3af-d581108d939a</sln:wojIIPId><sln:wojIIPPn>PL.PZGIK.200</sln:wojIIPPn><sln:wojIIPWersja>2017-10-10T00:00:00+02:00</sln:wojIIPWersja><sln:wojIdTeryt>32</sln:wojIdTeryt><sln:wojNazwa>zachodniopomorskie</sln:wojNazwa></sln:miejscowosc><sln:miejscowosc><sln:cyklZyciaOd>2017-04-03T00:00:00+02:00</sln:cyklZyciaOd><sln:gmIIPId>5f53ec4e-47c7-4aa7-a7b7-ab40a853921a</sln:gmIIPId><sln:gmIIPPn>PL.PZGIK.200</sln:gmIIPPn><sln:gmIIPWersja>2012-09-26T22:35:35+02:00</sln:gmIIPWersja><sln:gmIdTeryt>3217043</sln:gmIdTeryt><sln:gmNazwa>Tuczno</sln:gmNazwa><sln:miejscIIPId>46ada6be-75b1-4ae9-819f-325a0c6cfcf1</sln:miejscIIPId><sln:miejscIIPPn>PL.PZGIK.200</sln:miejscIIPPn><sln:miejscIIPWersja>2017-04-03T11:52:55+02:00</sln:miejscIIPWersja><sln:miejscIdTeryt>0530650</sln:miejscIdTeryt><sln:miejscNazwa>Jeziorki</sln:miejscNazwa><sln:miejscRodzaj>Wieś</sln:miejscRodzaj><sln:powIIPId>70c52407-979d-44b2-aa7b-90fe83cb3a71</sln:powIIPId><sln:powIIPPn>PL.PZGIK.200</sln:powIIPPn><sln:powIIPWersja>2012-09-27T10:07:22+02:00</sln:powIIPWersja><sln:powIdTeryt>3217</sln:powIdTeryt><sln:powNazwa>wałecki</sln:powNazwa><sln:waznyOd>2011-03-23T00:00:00+01:00</sln:waznyOd><sln:wojIIPId>c3f2202a-b491-49c5-a3af-d581108d939a</sln:wojIIPId><sln:wojIIPPn>PL.PZGIK.200</sln:wojIIPPn><sln:wojIIPWersja>2017-10-10T00:00:00+02:00</sln:wojIIPWersja><sln:wojIdTeryt>32</sln:wojIdTeryt><sln:wojNazwa>zachodniopomorskie</sln:wojNazwa></sln:miejscowosc><sln:miejscowosc><sln:cyklZyciaOd>2017-04-03T00:00:00+02:00</sln:cyklZyciaOd><sln:gmIIPId>5f53ec4e-47c7-4aa7-a7b7-ab40a853921a</sln:gmIIPId><sln:gmIIPPn>PL.PZGIK.200</sln:gmIIPPn><sln:gmIIPWersja>2012-09-26T22:35:35+02:00</sln:gmIIPWersja><sln:gmIdTeryt>3217043</sln:gmIdTeryt><sln:gmNazwa>Tuczno</sln:gmNazwa><sln:miejscIIPId>541fe03a-ca5f-4c1c-b562-5c9e7c72280e</sln:miejscIIPId><sln:miejscIIPPn>PL.PZGIK.200</sln:miejscIIPPn><sln:miejscIIPWersja>2017-04-03T11:52:55+02:00</sln:miejscIIPWersja><sln:miejscIdTeryt>0530666</sln:miejscIdTeryt><sln:miejscNazwa>Krępa Krajeńska</sln:miejscNazwa><sln:miejscRodzaj>Osada</sln:miejscRodzaj><sln:powIIPId>70c52407-979d-44b2-aa7b-90fe83cb3a71</sln:powIIPId><sln:powIIPPn>PL.PZGIK.200</sln:powIIPPn><sln:powIIPWersja>2012-09-27T10:07:22+02:00</sln:powIIPWersja><sln:powIdTeryt>3217</sln:powIdTeryt><sln:powNazwa>wałecki</sln:powNazwa><sln:waznyOd>2011-03-23T00:00:00+01:00</sln:waznyOd><sln:wojIIPId>c3f2202a-b491-49c5-a3af-d581108d939a</sln:wojIIPId><sln:wojIIPPn>PL.PZGIK.200</sln:wojIIPPn><sln:wojIIPWersja>2017-10-10T00:00:00+02:00</sln:wojIIPWersja><sln:wojIdTeryt>32</sln:wojIdTeryt><sln:wojNazwa>zachodniopomorskie</sln:wojNazwa></sln:miejscowosc><sln:miejscowosc><sln:cyklZyciaOd>2017-04-03T00:00:00+02:00</sln:cyklZyciaOd><sln:gmIIPId>5f53ec4e-47c7-4aa7-a7b7-ab40a853921a</sln:gmIIPId><sln:gmIIPPn>PL.PZGIK.200</sln:gmIIPPn><sln:gmIIPWersja>2012-09-26T22:35:35+02:00</sln:gmIIPWersja><sln:gmIdTeryt>3217043</sln:gmIdTeryt><sln:gmNazwa>Tuczno</sln:gmNazwa><sln:miejscIIPId>7b3dbef1-35c1-48c6-8c34-e21f6e325d61</sln:miejscIIPId><sln:miejscIIPPn>PL.PZGIK.200</sln:miejscIIPPn><sln:miejscIIPWersja>2017-04-03T11:52:55+02:00</sln:miejscIIPWersja><sln:miejscIdTeryt>0530689</sln:miejscIdTeryt><sln:miejscNazwa>Złotowo</sln:miejscNazwa><sln:miejscRodzaj>Osada leśna</sln:miejscRodzaj><sln:powIIPId>70c52407-979d-44b2-aa7b-90fe83cb3a71</sln:powIIPId><sln:powIIPPn>PL.PZGIK.200</sln:powIIPPn><sln:powIIPWersja>2012-09-27T10:07:22+02:00</sln:powIIPWersja><sln:powIdTeryt>3217</sln:powIdTeryt><sln:powNazwa>wałecki</sln:powNazwa><sln:waznyOd>2011-03-23T00:00:00+01:00</sln:waznyOd><sln:wojIIPId>c3f2202a-b491-49c5-a3af-d581108d939a</sln:wojIIPId><sln:wojIIPPn>PL.PZGIK.200</sln:wojIIPPn><sln:wojIIPWersja>2017-10-10T00:00:00+02:00</sln:wojIIPWersja><sln:wojIdTeryt>32</sln:wojIdTeryt><sln:wojNazwa>zachodniopomorskie</sln:wojNazwa></sln:miejscowosc><sln:miejscowosc><sln:cyklZyciaOd>2017-04-03T00:00:00+02:00</sln:cyklZyciaOd><sln:gmIIPId>5f53ec4e-47c7-4aa7-a7b7-ab40a853921a</sln:gmIIPId><sln:gmIIPPn>PL.PZGIK.200</sln:gmIIPPn><sln:gmIIPWersja>2012-09-26T22:35:35+02:00</sln:gmIIPWersja><sln:gmIdTeryt>3217043</sln:gmIdTeryt><sln:gmNazwa>Tuczno</sln:gmNazwa><sln:miejscIIPId>ce5ca6b9-11d0-437f-b606-504fa85d8eed</sln:miejscIIPId><sln:miejscIIPPn>PL.PZGIK.200</sln:miejscIIPPn><sln:miejscIIPWersja>2017-04-03T11:52:55+02:00</sln:miejscIIPWersja><sln:miejscIdTeryt>0530695</sln:miejscIdTeryt><sln:miejscNazwa>Lubiesz</sln:miejscNazwa><sln:miejscRodzaj>Wieś</sln:miejscRodzaj><sln:powIIPId>70c52407-979d-44b2-aa7b-90fe83cb3a71</sln:powIIPId><sln:powIIPPn>PL.PZGIK.200</sln:powIIPPn><sln:powIIPWersja>2012-09-27T10:07:22+02:00</sln:powIIPWersja><sln:powIdTeryt>3217</sln:powIdTeryt><sln:powNazwa>wałecki</sln:powNazwa><sln:waznyOd>2011-03-23T00:00:00+01:00</sln:waznyOd><sln:wojIIPId>c3f2202a-b491-49c5-a3af-d581108d939a</sln:wojIIPId><sln:wojIIPPn>PL.PZGIK.200</sln:wojIIPPn><sln:wojIIPWersja>2017-10-10T00:00:00+02:00</sln:wojIIPWersja><sln:wojIdTeryt>32</sln:wojIdTeryt><sln:wojNazwa>zachodniopomorskie</sln:wojNazwa></sln:miejscowosc><sln:miejscowosc><sln:cyklZyciaOd>2017-04-03T00:00:00+02:00</sln:cyklZyciaOd><sln:gmIIPId>5f53ec4e-47c7-4aa7-a7b7-ab40a853921a</sln:gmIIPId><sln:gmIIPPn>PL.PZGIK.200</sln:gmIIPPn><sln:gmIIPWersja>2012-09-26T22:35:35+02:00</sln:gmIIPWersja><sln:gmIdTeryt>3217043</sln:gmIdTeryt><sln:gmNazwa>Tuczno</sln:gmNazwa><sln:miejscIIPId>ad6062ba-cbbb-456d-ba9f-837822ae327b</sln:miejscIIPId><sln:miejscIIPPn>PL.PZGIK.200</sln:miejscIIPPn><sln:miejscIIPWersja>2017-04-03T11:52:55+02:00</sln:miejscIIPWersja><sln:miejscIdTeryt>0530703</sln:miejscIdTeryt><sln:miejscNazwa>Marcinkowice</sln:miejscNazwa><sln:miejscRodzaj>Wieś</sln:miejscRodzaj><sln:powIIPId>70c52407-979d-44b2-aa7b-90fe83cb3a71</sln:powIIPId><sln:powIIPPn>PL.PZGIK.200</sln:powIIPPn><sln:powIIPWersja>2012-09-27T10:07:22+02:00</sln:powIIPWersja><sln:powIdTeryt>3217</sln:powIdTeryt><sln:powNazwa>wałecki</sln:powNazwa><sln:waznyOd>2011-03-23T00:00:00+01:00</sln:waznyOd><sln:wojIIPId>c3f2202a-b491-49c5-a3af-d581108d939a</sln:wojIIPId><sln:wojIIPPn>PL.PZGIK.200</sln:wojIIPPn><sln:wojIIPWersja>2017-10-10T00:00:00+02:00</sln:wojIIPWersja><sln:wojIdTeryt>32</sln:wojIdTeryt><sln:wojNazwa>zachodniopomorskie</sln:wojNazwa></sln:miejscowosc><sln:miejscowosc><sln:cyklZyciaOd>2017-04-03T00:00:00+02:00</sln:cyklZyciaOd><sln:gmIIPId>5f53ec4e-47c7-4aa7-a7b7-ab40a853921a</sln:gmIIPId><sln:gmIIPPn>PL.PZGIK.200</sln:gmIIPPn><sln:gmIIPWersja>2012-09-26T22:35:35+02:00</sln:gmIIPWersja><sln:gmIdTeryt>3217043</sln:gmIdTeryt><sln:gmNazwa>Tuczno</sln:gmNazwa><sln:miejscIIPId>908e6124-6618-419a-9eb8-47574cbcf349</sln:miejscIIPId><sln:miejscIIPPn>PL.PZGIK.200</sln:miejscIIPPn><sln:miejscIIPWersja>2017-04-03T11:52:55+02:00</sln:miejscIIPWersja><sln:miejscIdTeryt>0530710</sln:miejscIdTeryt><sln:miejscNazwa>Bytyń</sln:miejscNazwa><sln:miejscRodzaj>Inny obiekt</sln:miejscRodzaj><sln:powIIPId>70c52407-979d-44b2-aa7b-90fe83cb3a71</sln:powIIPId><sln:powIIPPn>PL.PZGIK.200</sln:powIIPPn><sln:powIIPWersja>2012-09-27T10:07:22+02:00</sln:powIIPWersja><sln:powIdTeryt>3217</sln:powIdTeryt><sln:powNazwa>wałecki</sln:powNazwa><sln:waznyOd>2011-03-23T00:00:00+01:00</sln:waznyOd><sln:wojIIPId>c3f2202a-b491-49c5-a3af-d581108d939a</sln:wojIIPId><sln:wojIIPPn>PL.PZGIK.200</sln:wojIIPPn><sln:wojIIPWersja>2017-10-10T00:00:00+02:00</sln:wojIIPWersja><sln:wojIdTeryt>32</sln:wojIdTeryt><sln:wojNazwa>zachodniopomorskie</sln:wojNazwa></sln:miejscowosc><sln:miejscowosc><sln:cyklZyciaOd>2017-04-03T00:00:00+02:00</sln:cyklZyciaOd><sln:gmIIPId>5f53ec4e-47c7-4aa7-a7b7-ab40a853921a</sln:gmIIPId><sln:gmIIPPn>PL.PZGIK.200</sln:gmIIPPn><sln:gmIIPWersja>2012-09-26T22:35:35+02:00</sln:gmIIPWersja><sln:gmIdTeryt>3217043</sln:gmIdTeryt><sln:gmNazwa>Tuczno</sln:gmNazwa><sln:miejscIIPId>6364f9e3-5a67-4b09-a87a-5c97fb67a576</sln:miejscIIPId><sln:miejscIIPPn>PL.PZGIK.200</sln:miejscIIPPn><sln:miejscIIPWersja>2017-04-03T11:52:55+02:00</sln:miejscIIPWersja><sln:miejscIdTeryt>0530726</sln:miejscIdTeryt><sln:miejscNazwa>Martew</sln:miejscNazwa><sln:miejscRodzaj>Wieś</sln:miejscRodzaj><sln:powIIPId>70c52407-979d-44b2-aa7b-90fe83cb3a71</sln:powIIPId><sln:powIIPPn>PL.PZGIK.200</sln:powIIPPn><sln:powIIPWersja>2012-09-27T10:07:22+02:00</sln:powIIPWersja><sln:powIdTeryt>3217</sln:powIdTeryt><sln:powNazwa>wałecki</sln:powNazwa><sln:waznyOd>2011-03-23T00:00:00+01:00</sln:waznyOd><sln:wojIIPId>c3f2202a-b491-49c5-a3af-d581108d939a</sln:wojIIPId><sln:wojIIPPn>PL.PZGIK.200</sln:wojIIPPn><sln:wojIIPWersja>2017-10-10T00:00:00+02:00</sln:wojIIPWersja><sln:wojIdTeryt>32</sln:wojIdTeryt><sln:wojNazwa>zachodniopomorskie</sln:wojNazwa></sln:miejscowosc><sln:miejscowosc><sln:cyklZyciaOd>2017-04-03T00:00:00+02:00</sln:cyklZyciaOd><sln:gmIIPId>5f53ec4e-47c7-4aa7-a7b7-ab40a853921a</sln:gmIIPId><sln:gmIIPPn>PL.PZGIK.200</sln:gmIIPPn><sln:gmIIPWersja>2012-09-26T22:35:35+02:00</sln:gmIIPWersja><sln:gmIdTeryt>3217043</sln:gmIdTeryt><sln:gmNazwa>Tuczno</sln:gmNazwa><sln:miejscIIPId>cd683e4e-f564-434a-bbc0-3e1343e79a5d</sln:miejscIIPId><sln:miejscIIPPn>PL.PZGIK.200</sln:miejscIIPPn><sln:miejscIIPWersja>2017-04-03T11:52:55+02:00</sln:miejscIIPWersja><sln:miejscIdTeryt>0530732</sln:miejscIdTeryt><sln:miejscNazwa>Miłogoszcz</sln:miejscNazwa><sln:miejscRodzaj>Wieś</sln:miejscRodzaj><sln:powIIPId>70c52407-979d-44b2-aa7b-90fe83cb3a71</sln:powIIPId><sln:powIIPPn>PL.PZGIK.200</sln:powIIPPn><sln:powIIPWersja>2012-09-27T10:07:22+02:00</sln:powIIPWersja><sln:powIdTeryt>3217</sln:powIdTeryt><sln:powNazwa>wałecki</sln:powNazwa><sln:waznyOd>2011-03-23T00:00:00+01:00</sln:waznyOd><sln:wojIIPId>c3f2202a-b491-49c5-a3af-d581108d939a</sln:wojIIPId><sln:wojIIPPn>PL.PZGIK.200</sln:wojIIPPn><sln:wojIIPWersja>2017-10-10T00:00:00+02:00</sln:wojIIPWersja><sln:wojIdTeryt>32</sln:wojIdTeryt><sln:wojNazwa>zachodniopomorskie</sln:wojNazwa></sln:miejscowosc><sln:miejscowosc><sln:cyklZyciaOd>2017-04-03T00:00:00+02:00</sln:cyklZyciaOd><sln:gmIIPId>5f53ec4e-47c7-4aa7-a7b7-ab40a853921a</sln:gmIIPId><sln:gmIIPPn>PL.PZGIK.200</sln:gmIIPPn><sln:gmIIPWersja>2012-09-26T22:35:35+02:00</sln:gmIIPWersja><sln:gmIdTeryt>3217043</sln:gmIdTeryt><sln:gmNazwa>Tuczno</sln:gmNazwa><sln:miejscIIPId>85ac9e96-8c58-4b05-a3eb-6bbb5b91ff01</sln:miejscIIPId><sln:miejscIIPPn>PL.PZGIK.200</sln:miejscIIPPn><sln:miejscIIPWersja>2017-04-03T11:52:55+02:00</sln:miejscIIPWersja><sln:miejscIdTeryt>0530749</sln:miejscIdTeryt><sln:miejscNazwa>Nowa Studnica</sln:miejscNazwa><sln:miejscRodzaj>Wieś</sln:miejscRodzaj><sln:powIIPId>70c52407-979d-44b2-aa7b-90fe83cb3a71</sln:powIIPId><sln:powIIPPn>PL.PZGIK.200</sln:powIIPPn><sln:powIIPWersja>2012-09-27T10:07:22+02:00</sln:powIIPWersja><sln:powIdTeryt>3217</sln:powIdTeryt><sln:powNazwa>wałecki</sln:powNazwa><sln:waznyOd>2011-03-23T00:00:00+01:00</sln:waznyOd><sln:wojIIPId>c3f2202a-b491-49c5-a3af-d581108d939a</sln:wojIIPId><sln:wojIIPPn>PL.PZGIK.200</sln:wojIIPPn><sln:wojIIPWersja>2017-10-10T00:00:00+02:00</sln:wojIIPWersja><sln:wojIdTeryt>32</sln:wojIdTeryt><sln:wojNazwa>zachodniopomorskie</sln:wojNazwa></sln:miejscowosc><sln:miejscowosc><sln:cyklZyciaOd>2017-04-03T00:00:00+02:00</sln:cyklZyciaOd><sln:gmIIPId>5f53ec4e-47c7-4aa7-a7b7-ab40a853921a</sln:gmIIPId><sln:gmIIPPn>PL.PZGIK.200</sln:gmIIPPn><sln:gmIIPWersja>2012-09-26T22:35:35+02:00</sln:gmIIPWersja><sln:gmIdTeryt>3217043</sln:gmIdTeryt><sln:gmNazwa>Tuczno</sln:gmNazwa><sln:miejscIIPId>09c1afdd-3d78-49bc-b1cd-8356807032a2</sln:miejscIIPId><sln:miejscIIPPn>PL.PZGIK.200</sln:miejscIIPPn><sln:miejscIIPWersja>2017-04-03T11:52:55+02:00</sln:miejscIIPWersja><sln:miejscIdTeryt>0530755</sln:miejscIdTeryt><sln:miejscNazwa>Płociczno</sln:miejscNazwa><sln:miejscRodzaj>Wieś</sln:miejscRodzaj><sln:powIIPId>70c52407-979d-44b2-aa7b-90fe83cb3a71</sln:powIIPId><sln:powIIPPn>PL.PZGIK.200</sln:powIIPPn><sln:powIIPWersja>2012-09-27T10:07:22+02:00</sln:powIIPWersja><sln:powIdTeryt>3217</sln:powIdTeryt><sln:powNazwa>wałecki</sln:powNazwa><sln:waznyOd>2011-03-23T00:00:00+01:00</sln:waznyOd><sln:wojIIPId>c3f2202a-b491-49c5-a3af-d581108d939a</sln:wojIIPId><sln:wojIIPPn>PL.PZGIK.200</sln:wojIIPPn><sln:wojIIPWersja>2017-10-10T00:00:00+02:00</sln:wojIIPWersja><sln:wojIdTeryt>32</sln:wojIdTeryt><sln:wojNazwa>zachodniopomorskie</sln:wojNazwa></sln:miejscowosc><sln:miejscowosc><sln:cyklZyciaOd>2017-04-03T00:00:00+02:00</sln:cyklZyciaOd><sln:gmIIPId>5f53ec4e-47c7-4aa7-a7b7-ab40a853921a</sln:gmIIPId><sln:gmIIPPn>PL.PZGIK.200</sln:gmIIPPn><sln:gmIIPWersja>2012-09-26T22:35:35+02:00</sln:gmIIPWersja><sln:gmIdTeryt>3217043</sln:gmIdTeryt><sln:gmNazwa>Tuczno</sln:gmNazwa><sln:miejscIIPId>c0b0bf93-7971-4ac8-99db-fbfbf30e58e6</sln:miejscIIPId><sln:miejscIIPPn>PL.PZGIK.200</sln:miejscIIPPn><sln:miejscIIPWersja>2017-04-03T11:52:56+02:00</sln:miejscIIPWersja><sln:miejscIdTeryt>0530761</sln:miejscIdTeryt><sln:miejscNazwa>Ponikiew</sln:miejscNazwa><sln:miejscRodzaj>Inny obiekt</sln:miejscRodzaj><sln:powIIPId>70c52407-979d-44b2-aa7b-90fe83cb3a71</sln:powIIPId><sln:powIIPPn>PL.PZGIK.200</sln:powIIPPn><sln:powIIPWersja>2012-09-27T10:07:22+02:00</sln:powIIPWersja><sln:powIdTeryt>3217</sln:powIdTeryt><sln:powNazwa>wałecki</sln:powNazwa><sln:waznyOd>2011-03-23T00:00:00+01:00</sln:waznyOd><sln:wojIIPId>c3f2202a-b491-49c5-a3af-d581108d939a</sln:wojIIPId><sln:wojIIPPn>PL.PZGIK.200</sln:wojIIPPn><sln:wojIIPWersja>2017-10-10T00:00:00+02:00</sln:wojIIPWersja><sln:wojIdTeryt>32</sln:wojIdTeryt><sln:wojNazwa>zachodniopomorskie</sln:wojNazwa></sln:miejscowosc><sln:miejscowosc><sln:cyklZyciaOd>2017-04-03T00:00:00+02:00</sln:cyklZyciaOd><sln:gmIIPId>5f53ec4e-47c7-4aa7-a7b7-ab40a853921a</sln:gmIIPId><sln:gmIIPPn>PL.PZGIK.200</sln:gmIIPPn><sln:gmIIPWersja>2012-09-26T22:35:35+02:00</sln:gmIIPWersja><sln:gmIdTeryt>3217043</sln:gmIdTeryt><sln:gmNazwa>Tuczno</sln:gmNazwa><sln:miejscIIPId>aa3a13c9-fc98-4039-840d-67ff71461e1e</sln:miejscIIPId><sln:miejscIIPPn>PL.PZGIK.200</sln:miejscIIPPn><sln:miejscIIPWersja>2017-04-03T11:52:56+02:00</sln:miejscIIPWersja><sln:miejscIdTeryt>0530778</sln:miejscIdTeryt><sln:miejscNazwa>Próchnówko</sln:miejscNazwa><sln:miejscRodzaj>Wieś</sln:miejscRodzaj><sln:powIIPId>70c52407-979d-44b2-aa7b-90fe83cb3a71</sln:powIIPId><sln:powIIPPn>PL.PZGIK.200</sln:powIIPPn><sln:powIIPWersja>2012-09-27T10:07:22+02:00</sln:powIIPWersja><sln:powIdTeryt>3217</sln:powIdTeryt><sln:powNazwa>wałecki</sln:powNazwa><sln:waznyOd>2011-03-23T00:00:00+01:00</sln:waznyOd><sln:wojIIPId>c3f2202a-b491-49c5-a3af-d581108d939a</sln:wojIIPId><sln:wojIIPPn>PL.PZGIK.200</sln:wojIIPPn><sln:wojIIPWersja>2017-10-10T00:00:00+02:00</sln:wojIIPWersja><sln:wojIdTeryt>32</sln:wojIdTeryt><sln:wojNazwa>zachodniopomorskie</sln:wojNazwa></sln:miejscowosc><sln:miejscowosc><sln:cyklZyciaOd>2017-04-03T00:00:00+02:00</sln:cyklZyciaOd><sln:gmIIPId>5f53ec4e-47c7-4aa7-a7b7-ab40a853921a</sln:gmIIPId><sln:gmIIPPn>PL.PZGIK.200</sln:gmIIPPn><sln:gmIIPWersja>2012-09-26T22:35:35+02:00</sln:gmIIPWersja><sln:gmIdTeryt>3217043</sln:gmIdTeryt><sln:gmNazwa>Tuczno</sln:gmNazwa><sln:miejscIIPId>c2f8b25a-a99c-4634-b911-dbeb92d4e643</sln:miejscIIPId><sln:miejscIIPPn>PL.PZGIK.200</sln:miejscIIPPn><sln:miejscIIPWersja>2017-04-03T11:52:56+02:00</sln:miejscIIPWersja><sln:miejscIdTeryt>0530784</sln:miejscIdTeryt><sln:miejscNazwa>Rusinowo</sln:miejscNazwa><sln:miejscRodzaj>Wieś</sln:miejscRodzaj><sln:powIIPId>70c52407-979d-44b2-aa7b-90fe83cb3a71</sln:powIIPId><sln:powIIPPn>PL.PZGIK.200</sln:powIIPPn><sln:powIIPWersja>2012-09-27T10:07:22+02:00</sln:powIIPWersja><sln:powIdTeryt>3217</sln:powIdTeryt><sln:powNazwa>wałecki</sln:powNazwa><sln:waznyOd>2011-03-23T00:00:00+01:00</sln:waznyOd><sln:wojIIPId>c3f2202a-b491-49c5-a3af-d581108d939a</sln:wojIIPId><sln:wojIIPPn>PL.PZGIK.200</sln:wojIIPPn><sln:wojIIPWersja>2017-10-10T00:00:00+02:00</sln:wojIIPWersja><sln:wojIdTeryt>32</sln:wojIdTeryt><sln:wojNazwa>zachodniopomorskie</sln:wojNazwa></sln:miejscowosc><sln:miejscowosc><sln:cyklZyciaOd>2017-04-03T00:00:00+02:00</sln:cyklZyciaOd><sln:gmIIPId>5f53ec4e-47c7-4aa7-a7b7-ab40a853921a</sln:gmIIPId><sln:gmIIPPn>PL.PZGIK.200</sln:gmIIPPn><sln:gmIIPWersja>2012-09-26T22:35:35+02:00</sln:gmIIPWersja><sln:gmIdTeryt>3217043</sln:gmIdTeryt><sln:gmNazwa>Tuczno</sln:gmNazwa><sln:miejscIIPId>66b312bc-433f-4a2b-a628-2d1b0e8ce671</sln:miejscIIPId><sln:miejscIIPPn>PL.PZGIK.200</sln:miejscIIPPn><sln:miejscIIPWersja>2017-04-03T11:52:56+02:00</sln:miejscIIPWersja><sln:miejscIdTeryt>0530790</sln:miejscIdTeryt><sln:miejscNazwa>Rzeczyca</sln:miejscNazwa><sln:miejscRodzaj>Wieś</sln:miejscRodzaj><sln:powIIPId>70c52407-979d-44b2-aa7b-90fe83cb3a71</sln:powIIPId><sln:powIIPPn>PL.PZGIK.200</sln:powIIPPn><sln:powIIPWersja>2012-09-27T10:07:22+02:00</sln:powIIPWersja><sln:powIdTeryt>3217</sln:powIdTeryt><sln:powNazwa>wałecki</sln:powNazwa><sln:waznyOd>2011-03-23T00:00:00+01:00</sln:waznyOd><sln:wojIIPId>c3f2202a-b491-49c5-a3af-d581108d939a</sln:wojIIPId><sln:wojIIPPn>PL.PZGIK.200</sln:wojIIPPn><sln:wojIIPWersja>2017-10-10T00:00:00+02:00</sln:wojIIPWersja><sln:wojIdTeryt>32</sln:wojIdTeryt><sln:wojNazwa>zachodniopomorskie</sln:wojNazwa></sln:miejscowosc><sln:miejscowosc><sln:cyklZyciaOd>2017-04-03T00:00:00+02:00</sln:cyklZyciaOd><sln:gmIIPId>5f53ec4e-47c7-4aa7-a7b7-ab40a853921a</sln:gmIIPId><sln:gmIIPPn>PL.PZGIK.200</sln:gmIIPPn><sln:gmIIPWersja>2012-09-26T22:35:35+02:00</sln:gmIIPWersja><sln:gmIdTeryt>3217043</sln:gmIdTeryt><sln:gmNazwa>Tuczno</sln:gmNazwa><sln:miejscIIPId>1a585dfb-add5-4047-a4a7-6acc06ea18ba</sln:miejscIIPId><sln:miejscIIPPn>PL.PZGIK.200</sln:miejscIIPPn><sln:miejscIIPWersja>2017-04-03T11:52:56+02:00</sln:miejscIIPWersja><sln:miejscIdTeryt>0530809</sln:miejscIdTeryt><sln:miejscNazwa>Wrzosy</sln:miejscNazwa><sln:miejscRodzaj>Osada</sln:miejscRodzaj><sln:powIIPId>70c52407-979d-44b2-aa7b-90fe83cb3a71</sln:powIIPId><sln:powIIPPn>PL.PZGIK.200</sln:powIIPPn><sln:powIIPWersja>2012-09-27T10:07:22+02:00</sln:powIIPWersja><sln:powIdTeryt>3217</sln:powIdTeryt><sln:powNazwa>wałecki</sln:powNazwa><sln:waznyOd>2011-03-23T00:00:00+01:00</sln:waznyOd><sln:wojIIPId>c3f2202a-b491-49c5-a3af-d581108d939a</sln:wojIIPId><sln:wojIIPPn>PL.PZGIK.200</sln:wojIIPPn><sln:wojIIPWersja>2017-10-10T00:00:00+02:00</sln:wojIIPWersja><sln:wojIdTeryt>32</sln:wojIdTeryt><sln:wojNazwa>zachodniopomorskie</sln:wojNazwa></sln:miejscowosc><sln:miejscowosc><sln:cyklZyciaOd>2017-04-03T00:00:00+02:00</sln:cyklZyciaOd><sln:gmIIPId>5f53ec4e-47c7-4aa7-a7b7-ab40a853921a</sln:gmIIPId><sln:gmIIPPn>PL.PZGIK.200</sln:gmIIPPn><sln:gmIIPWersja>2012-09-26T22:35:35+02:00</sln:gmIIPWersja><sln:gmIdTeryt>3217043</sln:gmIdTeryt><sln:gmNazwa>Tuczno</sln:gmNazwa><sln:miejscIIPId>4f932748-7e7b-44f5-810c-2bd54df7d695</sln:miejscIIPId><sln:miejscIIPPn>PL.PZGIK.200</sln:miejscIIPPn><sln:miejscIIPWersja>2017-04-03T11:52:56+02:00</sln:miejscIIPWersja><sln:miejscIdTeryt>0530815</sln:miejscIdTeryt><sln:miejscNazwa>Strzaliny</sln:miejscNazwa><sln:miejscRodzaj>Wieś</sln:miejscRodzaj><sln:powIIPId>70c52407-979d-44b2-aa7b-90fe83cb3a71</sln:powIIPId><sln:powIIPPn>PL.PZGIK.200</sln:powIIPPn><sln:powIIPWersja>2012-09-27T10:07:22+02:00</sln:powIIPWersja><sln:powIdTeryt>3217</sln:powIdTeryt><sln:powNazwa>wałecki</sln:powNazwa><sln:waznyOd>2011-03-23T00:00:00+01:00</sln:waznyOd><sln:wojIIPId>c3f2202a-b491-49c5-a3af-d581108d939a</sln:wojIIPId><sln:wojIIPPn>PL.PZGIK.200</sln:wojIIPPn><sln:wojIIPWersja>2017-10-10T00:00:00+02:00</sln:wojIIPWersja><sln:wojIdTeryt>32</sln:wojIdTeryt><sln:wojNazwa>zachodniopomorskie</sln:wojNazwa></sln:miejscowosc><sln:miejscowosc><sln:cyklZyciaOd>2017-04-03T00:00:00+02:00</sln:cyklZyciaOd><sln:gmIIPId>5f53ec4e-47c7-4aa7-a7b7-ab40a853921a</sln:gmIIPId><sln:gmIIPPn>PL.PZGIK.200</sln:gmIIPPn><sln:gmIIPWersja>2012-09-26T22:35:35+02:00</sln:gmIIPWersja><sln:gmIdTeryt>3217043</sln:gmIdTeryt><sln:gmNazwa>Tuczno</sln:gmNazwa><sln:miejscIIPId>81f717ec-42a6-44cf-a9a9-80224f2b8700</sln:miejscIIPId><sln:miejscIIPPn>PL.PZGIK.200</sln:miejscIIPPn><sln:miejscIIPWersja>2017-04-03T11:52:56+02:00</sln:miejscIIPWersja><sln:miejscIdTeryt>0530821</sln:miejscIdTeryt><sln:miejscNazwa>Tuczno Drugie</sln:miejscNazwa><sln:miejscRodzaj>Osada</sln:miejscRodzaj><sln:powIIPId>70c52407-979d-44b2-aa7b-90fe83cb3a71</sln:powIIPId><sln:powIIPPn>PL.PZGIK.200</sln:powIIPPn><sln:powIIPWersja>2012-09-27T10:07:22+02:00</sln:powIIPWersja><sln:powIdTeryt>3217</sln:powIdTeryt><sln:powNazwa>wałecki</sln:powNazwa><sln:waznyOd>2011-03-23T00:00:00+01:00</sln:waznyOd><sln:wojIIPId>c3f2202a-b491-49c5-a3af-d581108d939a</sln:wojIIPId><sln:wojIIPPn>PL.PZGIK.200</sln:wojIIPPn><sln:wojIIPWersja>2017-10-10T00:00:00+02:00</sln:wojIIPWersja><sln:wojIdTeryt>32</sln:wojIdTeryt><sln:wojNazwa>zachodniopomorskie</sln:wojNazwa></sln:miejscowosc><sln:miejscowosc><sln:cyklZyciaOd>2017-04-03T00:00:00+02:00</sln:cyklZyciaOd><sln:gmIIPId>5f53ec4e-47c7-4aa7-a7b7-ab40a853921a</sln:gmIIPId><sln:gmIIPPn>PL.PZGIK.200</sln:gmIIPPn><sln:gmIIPWersja>2012-09-26T22:35:35+02:00</sln:gmIIPWersja><sln:gmIdTeryt>3217043</sln:gmIdTeryt><sln:gmNazwa>Tuczno</sln:gmNazwa><sln:miejscIIPId>dc17f62e-ea60-4be9-9ce9-f587bd4daf95</sln:miejscIIPId><sln:miejscIIPPn>PL.PZGIK.200</sln:miejscIIPPn><sln:miejscIIPWersja>2017-04-03T11:52:56+02:00</sln:miejscIIPWersja><sln:miejscIdTeryt>0530838</sln:miejscIdTeryt><sln:miejscNazwa>Tuczno Pierwsze</sln:miejscNazwa><sln:miejscRodzaj>Osada</sln:miejscRodzaj><sln:powIIPId>70c52407-979d-44b2-aa7b-90fe83cb3a71</sln:powIIPId><sln:powIIPPn>PL.PZGIK.200</sln:powIIPPn><sln:powIIPWersja>2012-09-27T10:07:22+02:00</sln:powIIPWersja><sln:powIdTeryt>3217</sln:powIdTeryt><sln:powNazwa>wałecki</sln:powNazwa><sln:waznyOd>2011-03-23T00:00:00+01:00</sln:waznyOd><sln:wojIIPId>c3f2202a-b491-49c5-a3af-d581108d939a</sln:wojIIPId><sln:wojIIPPn>PL.PZGIK.200</sln:wojIIPPn><sln:wojIIPWersja>2017-10-10T00:00:00+02:00</sln:wojIIPWersja><sln:wojIdTeryt>32</sln:wojIdTeryt><sln:wojNazwa>zachodniopomorskie</sln:wojNazwa></sln:miejscowosc><sln:miejscowosc><sln:cyklZyciaOd>2017-04-03T00:00:00+02:00</sln:cyklZyciaOd><sln:gmIIPId>5f53ec4e-47c7-4aa7-a7b7-ab40a853921a</sln:gmIIPId><sln:gmIIPPn>PL.PZGIK.200</sln:gmIIPPn><sln:gmIIPWersja>2012-09-26T22:35:35+02:00</sln:gmIIPWersja><sln:gmIdTeryt>3217043</sln:gmIdTeryt><sln:gmNazwa>Tuczno</sln:gmNazwa><sln:miejscIIPId>65c323f7-43e5-46e4-932d-47fc3fede8c7</sln:miejscIIPId><sln:miejscIIPPn>PL.PZGIK.200</sln:miejscIIPPn><sln:miejscIIPWersja>2017-04-03T11:52:56+02:00</sln:miejscIIPWersja><sln:miejscIdTeryt>0530844</sln:miejscIdTeryt><sln:miejscNazwa>Tuczno Trzecie</sln:miejscNazwa><sln:miejscRodzaj>Osada</sln:miejscRodzaj><sln:powIIPId>70c52407-979d-44b2-aa7b-90fe83cb3a71</sln:powIIPId><sln:powIIPPn>PL.PZGIK.200</sln:powIIPPn><sln:powIIPWersja>2012-09-27T10:07:22+02:00</sln:powIIPWersja><sln:powIdTeryt>3217</sln:powIdTeryt><sln:powNazwa>wałecki</sln:powNazwa><sln:waznyOd>2011-03-23T00:00:00+01:00</sln:waznyOd><sln:wojIIPId>c3f2202a-b491-49c5-a3af-d581108d939a</sln:wojIIPId><sln:wojIIPPn>PL.PZGIK.200</sln:wojIIPPn><sln:wojIIPWersja>2017-10-10T00:00:00+02:00</sln:wojIIPWersja><sln:wojIdTeryt>32</sln:wojIdTeryt><sln:wojNazwa>zachodniopomorskie</sln:wojNazwa></sln:miejscowosc><sln:miejscowosc><sln:cyklZyciaOd>2017-04-03T00:00:00+02:00</sln:cyklZyciaOd><sln:gmIIPId>5f53ec4e-47c7-4aa7-a7b7-ab40a853921a</sln:gmIIPId><sln:gmIIPPn>PL.PZGIK.200</sln:gmIIPPn><sln:gmIIPWersja>2012-09-26T22:35:35+02:00</sln:gmIIPWersja><sln:gmIdTeryt>3217043</sln:gmIdTeryt><sln:gmNazwa>Tuczno</sln:gmNazwa><sln:miejscIIPId>ad06cf90-9795-417e-96ed-b4362d52cd4d</sln:miejscIIPId><sln:miejscIIPPn>PL.PZGIK.200</sln:miejscIIPPn><sln:miejscIIPWersja>2017-04-03T11:52:56+02:00</sln:miejscIIPWersja><sln:miejscIdTeryt>0530850</sln:miejscIdTeryt><sln:miejscNazwa>Zdbowo</sln:miejscNazwa><sln:miejscRodzaj>Wieś</sln:miejscRodzaj><sln:powIIPId>70c52407-979d-44b2-aa7b-90fe83cb3a71</sln:powIIPId><sln:powIIPPn>PL.PZGIK.200</sln:powIIPPn><sln:powIIPWersja>2012-09-27T10:07:22+02:00</sln:powIIPWersja><sln:powIdTeryt>3217</sln:powIdTeryt><sln:powNazwa>wałecki</sln:powNazwa><sln:waznyOd>2011-03-23T00:00:00+01:00</sln:waznyOd><sln:wojIIPId>c3f2202a-b491-49c5-a3af-d581108d939a</sln:wojIIPId><sln:wojIIPPn>PL.PZGIK.200</sln:wojIIPPn><sln:wojIIPWersja>2017-10-10T00:00:00+02:00</sln:wojIIPWersja><sln:wojIdTeryt>32</sln:wojIdTeryt><sln:wojNazwa>zachodniopomorskie</sln:wojNazwa></sln:miejscowosc><sln:miejscowosc><sln:cyklZyciaOd>2017-04-03T00:00:00+02:00</sln:cyklZyciaOd><sln:gmIIPId>5f53ec4e-47c7-4aa7-a7b7-ab40a853921a</sln:gmIIPId><sln:gmIIPPn>PL.PZGIK.200</sln:gmIIPPn><sln:gmIIPWersja>2012-09-26T22:35:35+02:00</sln:gmIIPWersja><sln:gmIdTeryt>3217043</sln:gmIdTeryt><sln:gmNazwa>Tuczno</sln:gmNazwa><sln:miejscIIPId>ae415278-cd74-4cb6-a70c-e7c244376e19</sln:miejscIIPId><sln:miejscIIPPn>PL.PZGIK.200</sln:miejscIIPPn><sln:miejscIIPWersja>2017-04-03T11:52:56+02:00</sln:miejscIIPWersja><sln:miejscIdTeryt>0530867</sln:miejscIdTeryt><sln:miejscNazwa>Mączno</sln:miejscNazwa><sln:miejscRodzaj>Inny obiekt</sln:miejscRodzaj><sln:powIIPId>70c52407-979d-44b2-aa7b-90fe83cb3a71</sln:powIIPId><sln:powIIPPn>PL.PZGIK.200</sln:powIIPPn><sln:powIIPWersja>2012-09-27T10:07:22+02:00</sln:powIIPWersja><sln:powIdTeryt>3217</sln:powIdTeryt><sln:powNazwa>wałecki</sln:powNazwa><sln:waznyOd>2011-03-23T00:00:00+01:00</sln:waznyOd><sln:wojIIPId>c3f2202a-b491-49c5-a3af-d581108d939a</sln:wojIIPId><sln:wojIIPPn>PL.PZGIK.200</sln:wojIIPPn><sln:wojIIPWersja>2017-10-10T00:00:00+02:00</sln:wojIIPWersja><sln:wojIdTeryt>32</sln:wojIdTeryt><sln:wojNazwa>zachodniopomorskie</sln:wojNazwa></sln:miejscowosc><sln:miejscowosc><sln:cyklZyciaOd>2017-04-03T00:00:00+02:00</sln:cyklZyciaOd><sln:gmIIPId>5f53ec4e-47c7-4aa7-a7b7-ab40a853921a</sln:gmIIPId><sln:gmIIPPn>PL.PZGIK.200</sln:gmIIPPn><sln:gmIIPWersja>2012-09-26T22:35:35+02:00</sln:gmIIPWersja><sln:gmIdTeryt>3217043</sln:gmIdTeryt><sln:gmNazwa>Tuczno</sln:gmNazwa><sln:miejscIIPId>ba0ab46c-f264-4c4b-8a3a-a415c940b693</sln:miejscIIPId><sln:miejscIIPPn>PL.PZGIK.200</sln:miejscIIPPn><sln:miejscIIPWersja>2017-04-03T11:52:56+02:00</sln:miejscIIPWersja><sln:miejscIdTeryt>0967185</sln:miejscIdTeryt><sln:miejscNazwa>Tuczno</sln:miejscNazwa><sln:miejscRodzaj>Miasto</sln:miejscRodzaj><sln:powIIPId>70c52407-979d-44b2-aa7b-90fe83cb3a71</sln:powIIPId><sln:powIIPPn>PL.PZGIK.200</sln:powIIPPn><sln:powIIPWersja>2012-09-27T10:07:22+02:00</sln:powIIPWersja><sln:powIdTeryt>3217</sln:powIdTeryt><sln:powNazwa>wałecki</sln:powNazwa><sln:waznyOd>2011-03-23T00:00:00+01:00</sln:waznyOd><sln:wojIIPId>c3f2202a-b491-49c5-a3af-d581108d939a</sln:wojIIPId><sln:wojIIPPn>PL.PZGIK.200</sln:wojIIPPn><sln:wojIIPWersja>2017-10-10T00:00:00+02:00</sln:wojIIPWersja><sln:wojIdTeryt>32</sln:wojIdTeryt><sln:wojNazwa>zachodniopomorskie</sln:wojNazwa></sln:miejscowosc></sln:lista-miejscowosci>