<?xml version="1.0" encoding="UTF-8" standalone="yes"?><sln:lista-ulic xmlns:srv="http://gugik.gov.pl/schemas/slowniki-service/1.0" xmlns:sln="http://gugik.gov.pl/schemas/slowniki-schema/1.0"><sln:ulica><sln:cyklZyciaOd>2015-01-12T00:00:00+01:00</sln:cyklZyciaOd><sln:gmIIPId>a3605754-2832-4c5c-b995-f5555b2a9762</sln:gmIIPId><sln:gmIIPPn>PL.PZGIK.200</sln:gmIIPPn><sln:gmIIPWersja>2012-09-26T22:34:52+02:00</sln:gmIIPWersja><sln:gmIdTeryt>3215062</sln:gmIdTeryt><sln:gmNazwa>Szczecinek</sln:gmNazwa><sln:miejscIIPId>1904fde8-6a0a-4272-803e-9832ed8ce499</sln:miejscIIPId><sln:miejscIIPPn>PL.PZGIK.200</sln:miejscIIPPn><sln:miejscIIPWersja>2016-11-24T13:35:12+02:00</sln:miejscIIPWersja><sln:miejscIdTeryt>0312656</sln:miejscIdTeryt><sln:miejscNazwa>Żółtnica</sln:miejscNazwa><sln:miejscRodzaj>Wieś</sln:miejscRodzaj><sln:powIIPId>fc0bca5a-2158-46aa-8904-d8583c5ac4ef</sln:powIIPId><sln:powIIPPn>PL.PZGIK.200</sln:powIIPPn><sln:powIIPWersja>2012-09-27T10:07:22+02:00</sln:powIIPWersja><sln:powIdTeryt>3215</sln:powIdTeryt><sln:powNazwa>szczecinecki</sln:powNazwa><sln:ulIIPId>470819c4-6ea0-463f-b236-72442a50c7ae</sln:ulIIPId><sln:ulIIPPn>PL.PZGIK.200</sln:ulIIPPn><sln:ulIIPWersja>2016-11-24T15:00:41+02:00</sln:ulIIPWersja><sln:ulIdTeryt>09546</sln:ulIdTeryt><sln:ulNazwaGlowna>Kościelna</sln:ulNazwaGlowna><sln:ulTyp>ulica</sln:ulTyp><sln:wojIIPId>c3f2202a-b491-49c5-a3af-d581108d939a</sln:wojIIPId><sln:wojIIPPn>PL.PZGIK.200</sln:wojIIPPn><sln:wojIIPWersja>2017-10-10T00:00:00+02:00</sln:wojIIPWersja><sln:wojIdTeryt>32</sln:wojIdTeryt><sln:wojNazwa>zachodniopomorskie</sln:wojNazwa></sln:ulica><sln:ulica><sln:cyklZyciaOd>2015-01-12T00:00:00+01:00</sln:cyklZyciaOd><sln:gmIIPId>a3605754-2832-4c5c-b995-f5555b2a9762</sln:gmIIPId><sln:gmIIPPn>PL.PZGIK.200</sln:gmIIPPn><sln:gmIIPWersja>2012-09-26T22:34:52+02:00</sln:gmIIPWersja><sln:gmIdTeryt>3215062</sln:gmIdTeryt><sln:gmNazwa>Szczecinek</sln:gmNazwa><sln:miejscIIPId>1904fde8-6a0a-4272-803e-9832ed8ce499</sln:miejscIIPId><sln:miejscIIPPn>PL.PZGIK.200</sln:miejscIIPPn><sln:miejscIIPWersja>2016-11-24T13:35:12+02:00</sln:miejscIIPWersja><sln:miejscIdTeryt>0312656</sln:miejscIdTeryt><sln:miejscNazwa>Żółtnica</sln:miejscNazwa><sln:miejscRodzaj>Wieś</sln:miejscRodzaj><sln:powIIPId>fc0bca5a-2158-46aa-8904-d8583c5ac4ef</sln:powIIPId><sln:powIIPPn>PL.PZGIK.200</sln:powIIPPn><sln:powIIPWersja>2012-09-27T10:07:22+02:00</sln:powIIPWersja><sln:powIdTeryt>3215</sln:powIdTeryt><sln:powNazwa>szczecinecki</sln:powNazwa><sln:ulIIPId>ca7dc3c1-df0c-4836-ab5a-883078a666b8</sln:ulIIPId><sln:ulIIPPn>PL.PZGIK.200</sln:ulIIPPn><sln:ulIIPWersja>2016-11-24T15:00:41+02:00</sln:ulIIPWersja><sln:ulIdTeryt>21970</sln:ulIdTeryt><sln:ulNazwaGlowna>Szkolna</sln:ulNazwaGlowna><sln:ulTyp>ulica</sln:ulTyp><sln:wojIIPId>c3f2202a-b491-49c5-a3af-d581108d939a</sln:wojIIPId><sln:wojIIPPn>PL.PZGIK.200</sln:wojIIPPn><sln:wojIIPWersja>2017-10-10T00:00:00+02:00</sln:wojIIPWersja><sln:wojIdTeryt>32</sln:wojIdTeryt><sln:wojNazwa>zachodniopomorskie</sln:wojNazwa></sln:ulica><sln:ulica><sln:cyklZyciaOd>2015-01-12T00:00:00+01:00</sln:cyklZyciaOd><sln:gmIIPId>a3605754-2832-4c5c-b995-f5555b2a9762</sln:gmIIPId><sln:gmIIPPn>PL.PZGIK.200</sln:gmIIPPn><sln:gmIIPWersja>2012-09-26T22:34:52+02:00</sln:gmIIPWersja><sln:gmIdTeryt>3215062</sln:gmIdTeryt><sln:gmNazwa>Szczecinek</sln:gmNazwa><sln:miejscIIPId>28f26211-ab58-4c5f-a600-18049c421980</sln:miejscIIPId><sln:miejscIIPPn>PL.PZGIK.200</sln:miejscIIPPn><sln:miejscIIPWersja>2016-11-24T13:38:13+02:00</sln:miejscIIPWersja><sln:miejscIdTeryt>0312194</sln:miejscIdTeryt><sln:miejscNazwa>Gwda Wielka</sln:miejscNazwa><sln:miejscRodzaj>Wieś</sln:miejscRodzaj><sln:powIIPId>fc0bca5a-2158-46aa-8904-d8583c5ac4ef</sln:powIIPId><sln:powIIPPn>PL.PZGIK.200</sln:powIIPPn><sln:powIIPWersja>2012-09-27T10:07:22+02:00</sln:powIIPWersja><sln:powIdTeryt>3215</sln:powIdTeryt><sln:powNazwa>szczecinecki</sln:powNazwa><sln:ulIIPId>deb8050a-b4f8-4288-adb9-4a6fbfd23c4a</sln:ulIIPId><sln:ulIIPPn>PL.PZGIK.200</sln:ulIIPPn><sln:ulIIPWersja>2016-11-24T15:05:37+02:00</sln:ulIIPWersja><sln:ulIdTeryt>21271</sln:ulIdTeryt><sln:ulNazwaGlowna>Strażacka</sln:ulNazwaGlowna><sln:ulTyp>ulica</sln:ulTyp><sln:wojIIPId>c3f2202a-b491-49c5-a3af-d581108d939a</sln:wojIIPId><sln:wojIIPPn>PL.PZGIK.200</sln:wojIIPPn><sln:wojIIPWersja>2017-10-10T00:00:00+02:00</sln:wojIIPWersja><sln:wojIdTeryt>32</sln:wojIdTeryt><sln:wojNazwa>zachodniopomorskie</sln:wojNazwa></sln:ulica><sln:ulica><sln:cyklZyciaOd>2015-01-12T00:00:00+01:00</sln:cyklZyciaOd><sln:gmIIPId>a3605754-2832-4c5c-b995-f5555b2a9762</sln:gmIIPId><sln:gmIIPPn>PL.PZGIK.200</sln:gmIIPPn><sln:gmIIPWersja>2012-09-26T22:34:52+02:00</sln:gmIIPWersja><sln:gmIdTeryt>3215062</sln:gmIdTeryt><sln:gmNazwa>Szczecinek</sln:gmNazwa><sln:miejscIIPId>1904fde8-6a0a-4272-803e-9832ed8ce499</sln:miejscIIPId><sln:miejscIIPPn>PL.PZGIK.200</sln:miejscIIPPn><sln:miejscIIPWersja>2016-11-24T13:35:12+02:00</sln:miejscIIPWersja><sln:miejscIdTeryt>0312656</sln:miejscIdTeryt><sln:miejscNazwa>Żółtnica</sln:miejscNazwa><sln:miejscRodzaj>Wieś</sln:miejscRodzaj><sln:powIIPId>fc0bca5a-2158-46aa-8904-d8583c5ac4ef</sln:powIIPId><sln:powIIPPn>PL.PZGIK.200</sln:powIIPPn><sln:powIIPWersja>2012-09-27T10:07:22+02:00</sln:powIIPWersja><sln:powIdTeryt>3215</sln:powIdTeryt><sln:powNazwa>szczecinecki</sln:powNazwa><sln:ulIIPId>aa1d30cf-a26f-4412-98e1-39749b4d9692</sln:ulIIPId><sln:ulIIPPn>PL.PZGIK.200</sln:ulIIPPn><sln:ulIIPWersja>2016-11-24T15:58:02+02:00</sln:ulIIPWersja><sln:ulIdTeryt>03811</sln:ulIdTeryt><sln:ulNazwaGlowna>Dębowa</sln:ulNazwaGlowna><sln:ulTyp>ulica</sln:ulTyp><sln:waznyOd>2011-10-25T00:00:00+02:00</sln:waznyOd><sln:wojIIPId>c3f2202a-b491-49c5-a3af-d581108d939a</sln:wojIIPId><sln:wojIIPPn>PL.PZGIK.200</sln:wojIIPPn><sln:wojIIPWersja>2017-10-10T00:00:00+02:00</sln:wojIIPWersja><sln:wojIdTeryt>32</sln:wojIdTeryt><sln:wojNazwa>zachodniopomorskie</sln:wojNazwa></sln:ulica><sln:ulica><sln:cyklZyciaOd>2015-01-12T00:00:00+01:00</sln:cyklZyciaOd><sln:gmIIPId>a3605754-2832-4c5c-b995-f5555b2a9762</sln:gmIIPId><sln:gmIIPPn>PL.PZGIK.200</sln:gmIIPPn><sln:gmIIPWersja>2012-09-26T22:34:52+02:00</sln:gmIIPWersja><sln:gmIdTeryt>3215062</sln:gmIdTeryt><sln:gmNazwa>Szczecinek</sln:gmNazwa><sln:miejscIIPId>1904fde8-6a0a-4272-803e-9832ed8ce499</sln:miejscIIPId><sln:miejscIIPPn>PL.PZGIK.200</sln:miejscIIPPn><sln:miejscIIPWersja>2016-11-24T13:35:12+02:00</sln:miejscIIPWersja><sln:miejscIdTeryt>0312656</sln:miejscIdTeryt><sln:miejscNazwa>Żółtnica</sln:miejscNazwa><sln:miejscRodzaj>Wieś</sln:miejscRodzaj><sln:powIIPId>fc0bca5a-2158-46aa-8904-d8583c5ac4ef</sln:powIIPId><sln:powIIPPn>PL.PZGIK.200</sln:powIIPPn><sln:powIIPWersja>2012-09-27T10:07:22+02:00</sln:powIIPWersja><sln:powIdTeryt>3215</sln:powIdTeryt><sln:powNazwa>szczecinecki</sln:powNazwa><sln:ulIIPId>956bc4d2-6122-478c-88d4-cfac3010ed5a</sln:ulIIPId><sln:ulIIPPn>PL.PZGIK.200</sln:ulIIPPn><sln:ulIIPWersja>2016-11-24T15:00:41+02:00</sln:ulIIPWersja><sln:ulIdTeryt>21804</sln:ulIdTeryt><sln:ulNazwaGlowna>Szczecinecka</sln:ulNazwaGlowna><sln:ulTyp>ulica</sln:ulTyp><sln:wojIIPId>c3f2202a-b491-49c5-a3af-d581108d939a</sln:wojIIPId><sln:wojIIPPn>PL.PZGIK.200</sln:wojIIPPn><sln:wojIIPWersja>2017-10-10T00:00:00+02:00</sln:wojIIPWersja><sln:wojIdTeryt>32</sln:wojIdTeryt><sln:wojNazwa>zachodniopomorskie</sln:wojNazwa></sln:ulica><sln:ulica><sln:cyklZyciaOd>2015-01-12T00:00:00+01:00</sln:cyklZyciaOd><sln:gmIIPId>a3605754-2832-4c5c-b995-f5555b2a9762</sln:gmIIPId><sln:gmIIPPn>PL.PZGIK.200</sln:gmIIPPn><sln:gmIIPWersja>2012-09-26T22:34:52+02:00</sln:gmIIPWersja><sln:gmIdTeryt>3215062</sln:gmIdTeryt><sln:gmNazwa>Szczecinek</sln:gmNazwa><sln:miejscIIPId>1904fde8-6a0a-4272-803e-9832ed8ce499</sln:miejscIIPId><sln:miejscIIPPn>PL.PZGIK.200</sln:miejscIIPPn><sln:miejscIIPWersja>2016-11-24T13:35:12+02:00</sln:miejscIIPWersja><sln:miejscIdTeryt>0312656</sln:miejscIdTeryt><sln:miejscNazwa>Żółtnica</sln:miejscNazwa><sln:miejscRodzaj>Wieś</sln:miejscRodzaj><sln:powIIPId>fc0bca5a-2158-46aa-8904-d8583c5ac4ef</sln:powIIPId><sln:powIIPPn>PL.PZGIK.200</sln:powIIPPn><sln:powIIPWersja>2012-09-27T10:07:22+02:00</sln:powIIPWersja><sln:powIdTeryt>3215</sln:powIdTeryt><sln:powNazwa>szczecinecki</sln:powNazwa><sln:ulIIPId>9e0982a7-0df9-430f-b429-ef0a3984e11d</sln:ulIIPId><sln:ulIIPPn>PL.PZGIK.200</sln:ulIIPPn><sln:ulIIPWersja>2016-11-24T15:00:41+02:00</sln:ulIIPWersja><sln:ulIdTeryt>15710</sln:ulIdTeryt><sln:ulNazwaGlowna>Parkowa</sln:ulNazwaGlowna><sln:ulTyp>ulica</sln:ulTyp><sln:wojIIPId>c3f2202a-b491-49c5-a3af-d581108d939a</sln:wojIIPId><sln:wojIIPPn>PL.PZGIK.200</sln:wojIIPPn><sln:wojIIPWersja>2017-10-10T00:00:00+02:00</sln:wojIIPWersja><sln:wojIdTeryt>32</sln:wojIdTeryt><sln:wojNazwa>zachodniopomorskie</sln:wojNazwa></sln:ulica><sln:ulica><sln:cyklZyciaOd>2015-01-12T00:00:00+01:00</sln:cyklZyciaOd><sln:gmIIPId>a3605754-2832-4c5c-b995-f5555b2a9762</sln:gmIIPId><sln:gmIIPPn>PL.PZGIK.200</sln:gmIIPPn><sln:gmIIPWersja>2012-09-26T22:34:52+02:00</sln:gmIIPWersja><sln:gmIdTeryt>3215062</sln:gmIdTeryt><sln:gmNazwa>Szczecinek</sln:gmNazwa><sln:miejscIIPId>1904fde8-6a0a-4272-803e-9832ed8ce499</sln:miejscIIPId><sln:miejscIIPPn>PL.PZGIK.200</sln:miejscIIPPn><sln:miejscIIPWersja>2016-11-24T13:35:12+02:00</sln:miejscIIPWersja><sln:miejscIdTeryt>0312656</sln:miejscIdTeryt><sln:miejscNazwa>Żółtnica</sln:miejscNazwa><sln:miejscRodzaj>Wieś</sln:miejscRodzaj><sln:powIIPId>fc0bca5a-2158-46aa-8904-d8583c5ac4ef</sln:powIIPId><sln:powIIPPn>PL.PZGIK.200</sln:powIIPPn><sln:powIIPWersja>2012-09-27T10:07:22+02:00</sln:powIIPWersja><sln:powIdTeryt>3215</sln:powIdTeryt><sln:powNazwa>szczecinecki</sln:powNazwa><sln:ulIIPId>e267352d-0850-43e1-b3f9-247b67c56781</sln:ulIIPId><sln:ulIIPPn>PL.PZGIK.200</sln:ulIIPPn><sln:ulIIPWersja>2016-11-24T15:00:41+02:00</sln:ulIIPWersja><sln:ulIdTeryt>04167</sln:ulIdTeryt><sln:ulNazwaGlowna>Drawieńska</sln:ulNazwaGlowna><sln:ulTyp>ulica</sln:ulTyp><sln:wojIIPId>c3f2202a-b491-49c5-a3af-d581108d939a</sln:wojIIPId><sln:wojIIPPn>PL.PZGIK.200</sln:wojIIPPn><sln:wojIIPWersja>2017-10-10T00:00:00+02:00</sln:wojIIPWersja><sln:wojIdTeryt>32</sln:wojIdTeryt><sln:wojNazwa>zachodniopomorskie</sln:wojNazwa></sln:ulica><sln:ulica><sln:cyklZyciaOd>2015-01-12T00:00:00+01:00</sln:cyklZyciaOd><sln:gmIIPId>a3605754-2832-4c5c-b995-f5555b2a9762</sln:gmIIPId><sln:gmIIPPn>PL.PZGIK.200</sln:gmIIPPn><sln:gmIIPWersja>2012-09-26T22:34:52+02:00</sln:gmIIPWersja><sln:gmIdTeryt>3215062</sln:gmIdTeryt><sln:gmNazwa>Szczecinek</sln:gmNazwa><sln:miejscIIPId>28f26211-ab58-4c5f-a600-18049c421980</sln:miejscIIPId><sln:miejscIIPPn>PL.PZGIK.200</sln:miejscIIPPn><sln:miejscIIPWersja>2016-11-24T13:38:13+02:00</sln:miejscIIPWersja><sln:miejscIdTeryt>0312194</sln:miejscIdTeryt><sln:miejscNazwa>Gwda Wielka</sln:miejscNazwa><sln:miejscRodzaj>Wieś</sln:miejscRodzaj><sln:powIIPId>fc0bca5a-2158-46aa-8904-d8583c5ac4ef</sln:powIIPId><sln:powIIPPn>PL.PZGIK.200</sln:powIIPPn><sln:powIIPWersja>2012-09-27T10:07:22+02:00</sln:powIIPWersja><sln:powIdTeryt>3215</sln:powIdTeryt><sln:powNazwa>szczecinecki</sln:powNazwa><sln:ulIIPId>6babbc88-03d2-4e09-a341-675eaeb089f1</sln:ulIIPId><sln:ulIIPPn>PL.PZGIK.200</sln:ulIIPPn><sln:ulIIPWersja>2016-11-24T15:05:37+02:00</sln:ulIIPWersja><sln:ulIdTeryt>16934</sln:ulIdTeryt><sln:ulNazwaGlowna>Pojezierze</sln:ulNazwaGlowna><sln:ulTyp>ulica</sln:ulTyp><sln:wojIIPId>c3f2202a-b491-49c5-a3af-d581108d939a</sln:wojIIPId><sln:wojIIPPn>PL.PZGIK.200</sln:wojIIPPn><sln:wojIIPWersja>2017-10-10T00:00:00+02:00</sln:wojIIPWersja><sln:wojIdTeryt>32</sln:wojIdTeryt><sln:wojNazwa>zachodniopomorskie</sln:wojNazwa></sln:ulica><sln:ulica><sln:cyklZyciaOd>2015-01-12T00:00:00+01:00</sln:cyklZyciaOd><sln:gmIIPId>a3605754-2832-4c5c-b995-f5555b2a9762</sln:gmIIPId><sln:gmIIPPn>PL.PZGIK.200</sln:gmIIPPn><sln:gmIIPWersja>2012-09-26T22:34:52+02:00</sln:gmIIPWersja><sln:gmIdTeryt>3215062</sln:gmIdTeryt><sln:gmNazwa>Szczecinek</sln:gmNazwa><sln:miejscIIPId>1904fde8-6a0a-4272-803e-9832ed8ce499</sln:miejscIIPId><sln:miejscIIPPn>PL.PZGIK.200</sln:miejscIIPPn><sln:miejscIIPWersja>2016-11-24T13:35:12+02:00</sln:miejscIIPWersja><sln:miejscIdTeryt>0312656</sln:miejscIdTeryt><sln:miejscNazwa>Żółtnica</sln:miejscNazwa><sln:miejscRodzaj>Wieś</sln:miejscRodzaj><sln:powIIPId>fc0bca5a-2158-46aa-8904-d8583c5ac4ef</sln:powIIPId><sln:powIIPPn>PL.PZGIK.200</sln:powIIPPn><sln:powIIPWersja>2012-09-27T10:07:22+02:00</sln:powIIPWersja><sln:powIdTeryt>3215</sln:powIdTeryt><sln:powNazwa>szczecinecki</sln:powNazwa><sln:ulIIPId>152cb46a-f468-4d4a-ad54-06271eed8e93</sln:ulIIPId><sln:ulIIPPn>PL.PZGIK.200</sln:ulIIPPn><sln:ulIIPWersja>2016-11-24T15:00:41+02:00</sln:ulIIPWersja><sln:ulIdTeryt>29371</sln:ulIdTeryt><sln:ulNazwaGlowna>Strażacki</sln:ulNazwaGlowna><sln:ulNazwaPrzed1>Plac</sln:ulNazwaPrzed1><sln:ulTyp>plac</sln:ulTyp><sln:wojIIPId>c3f2202a-b491-49c5-a3af-d581108d939a</sln:wojIIPId><sln:wojIIPPn>PL.PZGIK.200</sln:wojIIPPn><sln:wojIIPWersja>2017-10-10T00:00:00+02:00</sln:wojIIPWersja><sln:wojIdTeryt>32</sln:wojIdTeryt><sln:wojNazwa>zachodniopomorskie</sln:wojNazwa></sln:ulica><sln:ulica><sln:cyklZyciaOd>2015-01-12T00:00:00+01:00</sln:cyklZyciaOd><sln:gmIIPId>a3605754-2832-4c5c-b995-f5555b2a9762</sln:gmIIPId><sln:gmIIPPn>PL.PZGIK.200</sln:gmIIPPn><sln:gmIIPWersja>2012-09-26T22:34:52+02:00</sln:gmIIPWersja><sln:gmIdTeryt>3215062</sln:gmIdTeryt><sln:gmNazwa>Szczecinek</sln:gmNazwa><sln:miejscIIPId>1904fde8-6a0a-4272-803e-9832ed8ce499</sln:miejscIIPId><sln:miejscIIPPn>PL.PZGIK.200</sln:miejscIIPPn><sln:miejscIIPWersja>2016-11-24T13:35:12+02:00</sln:miejscIIPWersja><sln:miejscIdTeryt>0312656</sln:miejscIdTeryt><sln:miejscNazwa>Żółtnica</sln:miejscNazwa><sln:miejscRodzaj>Wieś</sln:miejscRodzaj><sln:powIIPId>fc0bca5a-2158-46aa-8904-d8583c5ac4ef</sln:powIIPId><sln:powIIPPn>PL.PZGIK.200</sln:powIIPPn><sln:powIIPWersja>2012-09-27T10:07:22+02:00</sln:powIIPWersja><sln:powIdTeryt>3215</sln:powIdTeryt><sln:powNazwa>szczecinecki</sln:powNazwa><sln:ulIIPId>838ae0b6-ec27-4259-b52d-6af35f6fa4e4</sln:ulIIPId><sln:ulIIPPn>PL.PZGIK.200</sln:ulIIPPn><sln:ulIIPWersja>2016-11-24T15:00:41+02:00</sln:ulIIPWersja><sln:ulIdTeryt>21925</sln:ulIdTeryt><sln:ulNazwaGlowna>Szeroka</sln:ulNazwaGlowna><sln:ulTyp>ulica</sln:ulTyp><sln:wojIIPId>c3f2202a-b491-49c5-a3af-d581108d939a</sln:wojIIPId><sln:wojIIPPn>PL.PZGIK.200</sln:wojIIPPn><sln:wojIIPWersja>2017-10-10T00:00:00+02:00</sln:wojIIPWersja><sln:wojIdTeryt>32</sln:wojIdTeryt><sln:wojNazwa>zachodniopomorskie</sln:wojNazwa></sln:ulica><sln:ulica><sln:cyklZyciaOd>2015-01-12T00:00:00+01:00</sln:cyklZyciaOd><sln:gmIIPId>a3605754-2832-4c5c-b995-f5555b2a9762</sln:gmIIPId><sln:gmIIPPn>PL.PZGIK.200</sln:gmIIPPn><sln:gmIIPWersja>2012-09-26T22:34:52+02:00</sln:gmIIPWersja><sln:gmIdTeryt>3215062</sln:gmIdTeryt><sln:gmNazwa>Szczecinek</sln:gmNazwa><sln:miejscIIPId>1904fde8-6a0a-4272-803e-9832ed8ce499</sln:miejscIIPId><sln:miejscIIPPn>PL.PZGIK.200</sln:miejscIIPPn><sln:miejscIIPWersja>2016-11-24T13:35:12+02:00</sln:miejscIIPWersja><sln:miejscIdTeryt>0312656</sln:miejscIdTeryt><sln:miejscNazwa>Żółtnica</sln:miejscNazwa><sln:miejscRodzaj>Wieś</sln:miejscRodzaj><sln:powIIPId>fc0bca5a-2158-46aa-8904-d8583c5ac4ef</sln:powIIPId><sln:powIIPPn>PL.PZGIK.200</sln:powIIPPn><sln:powIIPWersja>2012-09-27T10:07:22+02:00</sln:powIIPWersja><sln:powIdTeryt>3215</sln:powIdTeryt><sln:powNazwa>szczecinecki</sln:powNazwa><sln:ulIIPId>43e3ba99-fa13-4b3b-8bbe-be8704fb5585</sln:ulIIPId><sln:ulIIPPn>PL.PZGIK.200</sln:ulIIPPn><sln:ulIIPWersja>2016-11-24T15:00:41+02:00</sln:ulIIPWersja><sln:ulIdTeryt>04434</sln:ulIdTeryt><sln:ulNazwaGlowna>Dworcowa</sln:ulNazwaGlowna><sln:ulTyp>ulica</sln:ulTyp><sln:wojIIPId>c3f2202a-b491-49c5-a3af-d581108d939a</sln:wojIIPId><sln:wojIIPPn>PL.PZGIK.200</sln:wojIIPPn><sln:wojIIPWersja>2017-10-10T00:00:00+02:00</sln:wojIIPWersja><sln:wojIdTeryt>32</sln:wojIdTeryt><sln:wojNazwa>zachodniopomorskie</sln:wojNazwa></sln:ulica><sln:ulica><sln:cyklZyciaOd>2015-01-12T00:00:00+01:00</sln:cyklZyciaOd><sln:gmIIPId>a3605754-2832-4c5c-b995-f5555b2a9762</sln:gmIIPId><sln:gmIIPPn>PL.PZGIK.200</sln:gmIIPPn><sln:gmIIPWersja>2012-09-26T22:34:52+02:00</sln:gmIIPWersja><sln:gmIdTeryt>3215062</sln:gmIdTeryt><sln:gmNazwa>Szczecinek</sln:gmNazwa><sln:miejscIIPId>28f26211-ab58-4c5f-a600-18049c421980</sln:miejscIIPId><sln:miejscIIPPn>PL.PZGIK.200</sln:miejscIIPPn><sln:miejscIIPWersja>2016-11-24T13:38:13+02:00</sln:miejscIIPWersja><sln:miejscIdTeryt>0312194</sln:miejscIdTeryt><sln:miejscNazwa>Gwda Wielka</sln:miejscNazwa><sln:miejscRodzaj>Wieś</sln:miejscRodzaj><sln:powIIPId>fc0bca5a-2158-46aa-8904-d8583c5ac4ef</sln:powIIPId><sln:powIIPPn>PL.PZGIK.200</sln:powIIPPn><sln:powIIPWersja>2012-09-27T10:07:22+02:00</sln:powIIPWersja><sln:powIdTeryt>3215</sln:powIdTeryt><sln:powNazwa>szczecinecki</sln:powNazwa><sln:ulIIPId>916c9e89-6314-4383-a7b3-e8ce45103958</sln:ulIIPId><sln:ulIIPPn>PL.PZGIK.200</sln:ulIIPPn><sln:ulIIPWersja>2016-11-24T15:05:37+02:00</sln:ulIIPWersja><sln:ulIdTeryt>21804</sln:ulIdTeryt><sln:ulNazwaGlowna>Szczecinecka</sln:ulNazwaGlowna><sln:ulTyp>ulica</sln:ulTyp><sln:wojIIPId>c3f2202a-b491-49c5-a3af-d581108d939a</sln:wojIIPId><sln:wojIIPPn>PL.PZGIK.200</sln:wojIIPPn><sln:wojIIPWersja>2017-10-10T00:00:00+02:00</sln:wojIIPWersja><sln:wojIdTeryt>32</sln:wojIdTeryt><sln:wojNazwa>zachodniopomorskie</sln:wojNazwa></sln:ulica><sln:ulica><sln:cyklZyciaOd>2015-01-12T00:00:00+01:00</sln:cyklZyciaOd><sln:gmIIPId>a3605754-2832-4c5c-b995-f5555b2a9762</sln:gmIIPId><sln:gmIIPPn>PL.PZGIK.200</sln:gmIIPPn><sln:gmIIPWersja>2012-09-26T22:34:52+02:00</sln:gmIIPWersja><sln:gmIdTeryt>3215062</sln:gmIdTeryt><sln:gmNazwa>Szczecinek</sln:gmNazwa><sln:miejscIIPId>1904fde8-6a0a-4272-803e-9832ed8ce499</sln:miejscIIPId><sln:miejscIIPPn>PL.PZGIK.200</sln:miejscIIPPn><sln:miejscIIPWersja>2016-11-24T13:35:12+02:00</sln:miejscIIPWersja><sln:miejscIdTeryt>0312656</sln:miejscIdTeryt><sln:miejscNazwa>Żółtnica</sln:miejscNazwa><sln:miejscRodzaj>Wieś</sln:miejscRodzaj><sln:powIIPId>fc0bca5a-2158-46aa-8904-d8583c5ac4ef</sln:powIIPId><sln:powIIPPn>PL.PZGIK.200</sln:powIIPPn><sln:powIIPWersja>2012-09-27T10:07:22+02:00</sln:powIIPWersja><sln:powIdTeryt>3215</sln:powIdTeryt><sln:powNazwa>szczecinecki</sln:powNazwa><sln:ulIIPId>b14b0bdf-854f-4e42-8f28-6544b3c925be</sln:ulIIPId><sln:ulIIPPn>PL.PZGIK.200</sln:ulIIPPn><sln:ulIIPWersja>2016-11-24T15:00:41+02:00</sln:ulIIPWersja><sln:ulIdTeryt>25878</sln:ulIdTeryt><sln:ulNazwaGlowna>Zazdrosna</sln:ulNazwaGlowna><sln:ulTyp>ulica</sln:ulTyp><sln:wojIIPId>c3f2202a-b491-49c5-a3af-d581108d939a</sln:wojIIPId><sln:wojIIPPn>PL.PZGIK.200</sln:wojIIPPn><sln:wojIIPWersja>2017-10-10T00:00:00+02:00</sln:wojIIPWersja><sln:wojIdTeryt>32</sln:wojIdTeryt><sln:wojNazwa>zachodniopomorskie</sln:wojNazwa></sln:ulica><sln:ulica><sln:cyklZyciaOd>2015-01-12T00:00:00+01:00</sln:cyklZyciaOd><sln:gmIIPId>a3605754-2832-4c5c-b995-f5555b2a9762</sln:gmIIPId><sln:gmIIPPn>PL.PZGIK.200</sln:gmIIPPn><sln:gmIIPWersja>2012-09-26T22:34:52+02:00</sln:gmIIPWersja><sln:gmIdTeryt>3215062</sln:gmIdTeryt><sln:gmNazwa>Szczecinek</sln:gmNazwa><sln:miejscIIPId>1904fde8-6a0a-4272-803e-9832ed8ce499</sln:miejscIIPId><sln:miejscIIPPn>PL.PZGIK.200</sln:miejscIIPPn><sln:miejscIIPWersja>2016-11-24T13:35:12+02:00</sln:miejscIIPWersja><sln:miejscIdTeryt>0312656</sln:miejscIdTeryt><sln:miejscNazwa>Żółtnica</sln:miejscNazwa><sln:miejscRodzaj>Wieś</sln:miejscRodzaj><sln:powIIPId>fc0bca5a-2158-46aa-8904-d8583c5ac4ef</sln:powIIPId><sln:powIIPPn>PL.PZGIK.200</sln:powIIPPn><sln:powIIPWersja>2012-09-27T10:07:22+02:00</sln:powIIPWersja><sln:powIdTeryt>3215</sln:powIdTeryt><sln:powNazwa>szczecinecki</sln:powNazwa><sln:ulIIPId>2769d168-b3e3-4f83-91c4-b261a355c8b6</sln:ulIIPId><sln:ulIIPPn>PL.PZGIK.200</sln:ulIIPPn><sln:ulIIPWersja>2016-11-24T15:00:41+02:00</sln:ulIIPWersja><sln:ulIdTeryt>14418</sln:ulIdTeryt><sln:ulNazwaGlowna>Nowodworska</sln:ulNazwaGlowna><sln:ulTyp>ulica</sln:ulTyp><sln:wojIIPId>c3f2202a-b491-49c5-a3af-d581108d939a</sln:wojIIPId><sln:wojIIPPn>PL.PZGIK.200</sln:wojIIPPn><sln:wojIIPWersja>2017-10-10T00:00:00+02:00</sln:wojIIPWersja><sln:wojIdTeryt>32</sln:wojIdTeryt><sln:wojNazwa>zachodniopomorskie</sln:wojNazwa></sln:ulica><sln:ulica><sln:cyklZyciaOd>2015-01-12T00:00:00+01:00</sln:cyklZyciaOd><sln:gmIIPId>a3605754-2832-4c5c-b995-f5555b2a9762</sln:gmIIPId><sln:gmIIPPn>PL.PZGIK.200</sln:gmIIPPn><sln:gmIIPWersja>2012-09-26T22:34:52+02:00</sln:gmIIPWersja><sln:gmIdTeryt>3215062</sln:gmIdTeryt><sln:gmNazwa>Szczecinek</sln:gmNazwa><sln:miejscIIPId>28f26211-ab58-4c5f-a600-18049c421980</sln:miejscIIPId><sln:miejscIIPPn>PL.PZGIK.200</sln:miejscIIPPn><sln:miejscIIPWersja>2016-11-24T13:38:13+02:00</sln:miejscIIPWersja><sln:miejscIdTeryt>0312194</sln:miejscIdTeryt><sln:miejscNazwa>Gwda Wielka</sln:miejscNazwa><sln:miejscRodzaj>Wieś</sln:miejscRodzaj><sln:powIIPId>fc0bca5a-2158-46aa-8904-d8583c5ac4ef</sln:powIIPId><sln:powIIPPn>PL.PZGIK.200</sln:powIIPPn><sln:powIIPWersja>2012-09-27T10:07:22+02:00</sln:powIIPWersja><sln:powIdTeryt>3215</sln:powIdTeryt><sln:powNazwa>szczecinecki</sln:powNazwa><sln:ulIIPId>7a62f6da-9469-4daa-af7d-9e681d19d217</sln:ulIIPId><sln:ulIIPPn>PL.PZGIK.200</sln:ulIIPPn><sln:ulIIPWersja>2016-11-24T15:05:37+02:00</sln:ulIIPWersja><sln:ulIdTeryt>07535</sln:ulIdTeryt><sln:ulNazwaGlowna>Jeziorna</sln:ulNazwaGlowna><sln:ulTyp>ulica</sln:ulTyp><sln:wojIIPId>c3f2202a-b491-49c5-a3af-d581108d939a</sln:wojIIPId><sln:wojIIPPn>PL.PZGIK.200</sln:wojIIPPn><sln:wojIIPWersja>2017-10-10T00:00:00+02:00</sln:wojIIPWersja><sln:wojIdTeryt>32</sln:wojIdTeryt><sln:wojNazwa>zachodniopomorskie</sln:wojNazwa></sln:ulica><sln:ulica><sln:cyklZyciaOd>2015-01-12T00:00:00+01:00</sln:cyklZyciaOd><sln:gmIIPId>a3605754-2832-4c5c-b995-f5555b2a9762</sln:gmIIPId><sln:gmIIPPn>PL.PZGIK.200</sln:gmIIPPn><sln:gmIIPWersja>2012-09-26T22:34:52+02:00</sln:gmIIPWersja><sln:gmIdTeryt>3215062</sln:gmIdTeryt><sln:gmNazwa>Szczecinek</sln:gmNazwa><sln:miejscIIPId>1904fde8-6a0a-4272-803e-9832ed8ce499</sln:miejscIIPId><sln:miejscIIPPn>PL.PZGIK.200</sln:miejscIIPPn><sln:miejscIIPWersja>2016-11-24T13:35:12+02:00</sln:miejscIIPWersja><sln:miejscIdTeryt>0312656</sln:miejscIdTeryt><sln:miejscNazwa>Żółtnica</sln:miejscNazwa><sln:miejscRodzaj>Wieś</sln:miejscRodzaj><sln:powIIPId>fc0bca5a-2158-46aa-8904-d8583c5ac4ef</sln:powIIPId><sln:powIIPPn>PL.PZGIK.200</sln:powIIPPn><sln:powIIPWersja>2012-09-27T10:07:22+02:00</sln:powIIPWersja><sln:powIdTeryt>3215</sln:powIdTeryt><sln:powNazwa>szczecinecki</sln:powNazwa><sln:ulIIPId>1bd94b0a-14a7-4267-bb2a-2b907a946fc5</sln:ulIIPId><sln:ulIIPPn>PL.PZGIK.200</sln:ulIIPPn><sln:ulIIPWersja>2016-11-24T15:00:41+02:00</sln:ulIIPWersja><sln:ulIdTeryt>10009</sln:ulIdTeryt><sln:ulNazwaGlowna>Krótka</sln:ulNazwaGlowna><sln:ulTyp>ulica</sln:ulTyp><sln:wojIIPId>c3f2202a-b491-49c5-a3af-d581108d939a</sln:wojIIPId><sln:wojIIPPn>PL.PZGIK.200</sln:wojIIPPn><sln:wojIIPWersja>2017-10-10T00:00:00+02:00</sln:wojIIPWersja><sln:wojIdTeryt>32</sln:wojIdTeryt><sln:wojNazwa>zachodniopomorskie</sln:wojNazwa></sln:ulica><sln:ulica><sln:cyklZyciaOd>2015-01-12T00:00:00+01:00</sln:cyklZyciaOd><sln:gmIIPId>a3605754-2832-4c5c-b995-f5555b2a9762</sln:gmIIPId><sln:gmIIPPn>PL.PZGIK.200</sln:gmIIPPn><sln:gmIIPWersja>2012-09-26T22:34:52+02:00</sln:gmIIPWersja><sln:gmIdTeryt>3215062</sln:gmIdTeryt><sln:gmNazwa>Szczecinek</sln:gmNazwa><sln:miejscIIPId>28f26211-ab58-4c5f-a600-18049c421980</sln:miejscIIPId><sln:miejscIIPPn>PL.PZGIK.200</sln:miejscIIPPn><sln:miejscIIPWersja>2016-11-24T13:38:13+02:00</sln:miejscIIPWersja><sln:miejscIdTeryt>0312194</sln:miejscIdTeryt><sln:miejscNazwa>Gwda Wielka</sln:miejscNazwa><sln:miejscRodzaj>Wieś</sln:miejscRodzaj><sln:powIIPId>fc0bca5a-2158-46aa-8904-d8583c5ac4ef</sln:powIIPId><sln:powIIPPn>PL.PZGIK.200</sln:powIIPPn><sln:powIIPWersja>2012-09-27T10:07:22+02:00</sln:powIIPWersja><sln:powIdTeryt>3215</sln:powIdTeryt><sln:powNazwa>szczecinecki</sln:powNazwa><sln:ulIIPId>a5472d8b-a8c8-4250-a68a-bdaebb7255a0</sln:ulIIPId><sln:ulIIPPn>PL.PZGIK.200</sln:ulIIPPn><sln:ulIIPWersja>2016-11-24T15:05:37+02:00</sln:ulIIPWersja><sln:ulIdTeryt>17011</sln:ulIdTeryt><sln:ulNazwaGlowna>Polna</sln:ulNazwaGlowna><sln:ulTyp>ulica</sln:ulTyp><sln:wojIIPId>c3f2202a-b491-49c5-a3af-d581108d939a</sln:wojIIPId><sln:wojIIPPn>PL.PZGIK.200</sln:wojIIPPn><sln:wojIIPWersja>2017-10-10T00:00:00+02:00</sln:wojIIPWersja><sln:wojIdTeryt>32</sln:wojIdTeryt><sln:wojNazwa>zachodniopomorskie</sln:wojNazwa></sln:ulica></sln:lista-ulic>