<?xml version="1.0" encoding="UTF-8" standalone="yes"?><sln:lista-ulic xmlns:srv="http://gugik.gov.pl/schemas/slowniki-service/1.0" xmlns:sln="http://gugik.gov.pl/schemas/slowniki-schema/1.0"><sln:ulica><sln:cyklZyciaDo>2017-04-03T00:00:00+02:00</sln:cyklZyciaDo><sln:cyklZyciaOd>2015-12-21T00:00:00+01:00</sln:cyklZyciaOd><sln:gmIIPId>29f1a886-7edc-47a7-8fb6-886ab96bd08c</sln:gmIIPId><sln:gmIIPPn>PL.PZGIK.200</sln:gmIIPPn><sln:gmIIPWersja>2012-09-26T22:34:41+02:00</sln:gmIIPWersja><sln:gmIdTeryt>3214113</sln:gmIdTeryt><sln:gmNazwa>Suchań</sln:gmNazwa><sln:miejscIIPId>24dbe174-b203-42f9-a8be-50e97a1f1452</sln:miejscIIPId><sln:miejscIIPPn>PL.PZGIK.200</sln:miejscIIPPn><sln:miejscIIPWersja>2016-11-24T13:18:54+02:00</sln:miejscIIPWersja><sln:miejscIdTeryt>0979716</sln:miejscIdTeryt><sln:miejscNazwa>Suchań</sln:miejscNazwa><sln:miejscRodzaj>Miasto</sln:miejscRodzaj><sln:powIIPId>b832e274-346c-4551-b312-80aa8ccfd59b</sln:powIIPId><sln:powIIPPn>PL.PZGIK.200</sln:powIIPPn><sln:powIIPWersja>2012-09-27T10:07:22+02:00</sln:powIIPWersja><sln:powIdTeryt>3214</sln:powIdTeryt><sln:powNazwa>stargardzki</sln:powNazwa><sln:ulIIPId>1f7664f6-3702-4ced-ac0d-c378355e1027</sln:ulIIPId><sln:ulIIPPn>PL.PZGIK.200</sln:ulIIPPn><sln:ulIIPWersja>2016-11-24T23:19:57+02:00</sln:ulIIPWersja><sln:ulIdTeryt>01528</sln:ulIdTeryt><sln:ulNazwaGlowna>Boczna</sln:ulNazwaGlowna><sln:ulTyp>ulica</sln:ulTyp><sln:waznyOd>2011-04-08T00:00:00+02:00</sln:waznyOd><sln:wojIIPId>c3f2202a-b491-49c5-a3af-d581108d939a</sln:wojIIPId><sln:wojIIPPn>PL.PZGIK.200</sln:wojIIPPn><sln:wojIIPWersja>2017-10-10T00:00:00+02:00</sln:wojIIPWersja><sln:wojIdTeryt>32</sln:wojIdTeryt><sln:wojNazwa>zachodniopomorskie</sln:wojNazwa></sln:ulica><sln:ulica><sln:cyklZyciaDo>2017-04-03T00:00:00+02:00</sln:cyklZyciaDo><sln:cyklZyciaOd>2015-12-21T00:00:00+01:00</sln:cyklZyciaOd><sln:gmIIPId>29f1a886-7edc-47a7-8fb6-886ab96bd08c</sln:gmIIPId><sln:gmIIPPn>PL.PZGIK.200</sln:gmIIPPn><sln:gmIIPWersja>2012-09-26T22:34:41+02:00</sln:gmIIPWersja><sln:gmIdTeryt>3214113</sln:gmIdTeryt><sln:gmNazwa>Suchań</sln:gmNazwa><sln:miejscIIPId>24dbe174-b203-42f9-a8be-50e97a1f1452</sln:miejscIIPId><sln:miejscIIPPn>PL.PZGIK.200</sln:miejscIIPPn><sln:miejscIIPWersja>2016-11-24T13:18:54+02:00</sln:miejscIIPWersja><sln:miejscIdTeryt>0979716</sln:miejscIdTeryt><sln:miejscNazwa>Suchań</sln:miejscNazwa><sln:miejscRodzaj>Miasto</sln:miejscRodzaj><sln:powIIPId>b832e274-346c-4551-b312-80aa8ccfd59b</sln:powIIPId><sln:powIIPPn>PL.PZGIK.200</sln:powIIPPn><sln:powIIPWersja>2012-09-27T10:07:22+02:00</sln:powIIPWersja><sln:powIdTeryt>3214</sln:powIdTeryt><sln:powNazwa>stargardzki</sln:powNazwa><sln:ulIIPId>02e21c85-a567-4dc5-9fe2-f59163eef1f9</sln:ulIIPId><sln:ulIIPPn>PL.PZGIK.200</sln:ulIIPPn><sln:ulIIPWersja>2016-11-24T23:19:57+02:00</sln:ulIIPWersja><sln:ulIdTeryt>10009</sln:ulIdTeryt><sln:ulNazwaGlowna>Krótka</sln:ulNazwaGlowna><sln:ulTyp>ulica</sln:ulTyp><sln:waznyOd>2011-04-08T00:00:00+02:00</sln:waznyOd><sln:wojIIPId>c3f2202a-b491-49c5-a3af-d581108d939a</sln:wojIIPId><sln:wojIIPPn>PL.PZGIK.200</sln:wojIIPPn><sln:wojIIPWersja>2017-10-10T00:00:00+02:00</sln:wojIIPWersja><sln:wojIdTeryt>32</sln:wojIdTeryt><sln:wojNazwa>zachodniopomorskie</sln:wojNazwa></sln:ulica><sln:ulica><sln:cyklZyciaDo>2017-04-03T00:00:00+02:00</sln:cyklZyciaDo><sln:cyklZyciaOd>2015-12-21T00:00:00+01:00</sln:cyklZyciaOd><sln:gmIIPId>29f1a886-7edc-47a7-8fb6-886ab96bd08c</sln:gmIIPId><sln:gmIIPPn>PL.PZGIK.200</sln:gmIIPPn><sln:gmIIPWersja>2012-09-26T22:34:41+02:00</sln:gmIIPWersja><sln:gmIdTeryt>3214113</sln:gmIdTeryt><sln:gmNazwa>Suchań</sln:gmNazwa><sln:miejscIIPId>24dbe174-b203-42f9-a8be-50e97a1f1452</sln:miejscIIPId><sln:miejscIIPPn>PL.PZGIK.200</sln:miejscIIPPn><sln:miejscIIPWersja>2016-11-24T13:18:54+02:00</sln:miejscIIPWersja><sln:miejscIdTeryt>0979716</sln:miejscIdTeryt><sln:miejscNazwa>Suchań</sln:miejscNazwa><sln:miejscRodzaj>Miasto</sln:miejscRodzaj><sln:powIIPId>b832e274-346c-4551-b312-80aa8ccfd59b</sln:powIIPId><sln:powIIPPn>PL.PZGIK.200</sln:powIIPPn><sln:powIIPWersja>2012-09-27T10:07:22+02:00</sln:powIIPWersja><sln:powIdTeryt>3214</sln:powIdTeryt><sln:powNazwa>stargardzki</sln:powNazwa><sln:ulIIPId>ca8c88ba-8cac-46f3-9618-3f83ebfa754b</sln:ulIIPId><sln:ulIIPPn>PL.PZGIK.200</sln:ulIIPPn><sln:ulIIPWersja>2016-11-24T23:19:57+02:00</sln:ulIIPWersja><sln:ulIdTeryt>10898</sln:ulIdTeryt><sln:ulNazwaGlowna>Leśna</sln:ulNazwaGlowna><sln:ulTyp>ulica</sln:ulTyp><sln:waznyOd>2011-04-08T00:00:00+02:00</sln:waznyOd><sln:wojIIPId>c3f2202a-b491-49c5-a3af-d581108d939a</sln:wojIIPId><sln:wojIIPPn>PL.PZGIK.200</sln:wojIIPPn><sln:wojIIPWersja>2017-10-10T00:00:00+02:00</sln:wojIIPWersja><sln:wojIdTeryt>32</sln:wojIdTeryt><sln:wojNazwa>zachodniopomorskie</sln:wojNazwa></sln:ulica><sln:ulica><sln:cyklZyciaDo>2017-04-03T00:00:00+02:00</sln:cyklZyciaDo><sln:cyklZyciaOd>2015-12-21T00:00:00+01:00</sln:cyklZyciaOd><sln:gmIIPId>29f1a886-7edc-47a7-8fb6-886ab96bd08c</sln:gmIIPId><sln:gmIIPPn>PL.PZGIK.200</sln:gmIIPPn><sln:gmIIPWersja>2012-09-26T22:34:41+02:00</sln:gmIIPWersja><sln:gmIdTeryt>3214113</sln:gmIdTeryt><sln:gmNazwa>Suchań</sln:gmNazwa><sln:miejscIIPId>24dbe174-b203-42f9-a8be-50e97a1f1452</sln:miejscIIPId><sln:miejscIIPPn>PL.PZGIK.200</sln:miejscIIPPn><sln:miejscIIPWersja>2016-11-24T13:18:54+02:00</sln:miejscIIPWersja><sln:miejscIdTeryt>0979716</sln:miejscIdTeryt><sln:miejscNazwa>Suchań</sln:miejscNazwa><sln:miejscRodzaj>Miasto</sln:miejscRodzaj><sln:powIIPId>b832e274-346c-4551-b312-80aa8ccfd59b</sln:powIIPId><sln:powIIPPn>PL.PZGIK.200</sln:powIIPPn><sln:powIIPWersja>2012-09-27T10:07:22+02:00</sln:powIIPWersja><sln:powIdTeryt>3214</sln:powIdTeryt><sln:powNazwa>stargardzki</sln:powNazwa><sln:ulIIPId>72801aef-1ff9-44e3-82ee-f8531502dfca</sln:ulIIPId><sln:ulIIPPn>PL.PZGIK.200</sln:ulIIPPn><sln:ulIIPWersja>2016-11-24T23:19:57+02:00</sln:ulIIPWersja><sln:ulIdTeryt>17011</sln:ulIdTeryt><sln:ulNazwaGlowna>Polna</sln:ulNazwaGlowna><sln:ulTyp>ulica</sln:ulTyp><sln:waznyOd>2011-04-08T00:00:00+02:00</sln:waznyOd><sln:wojIIPId>c3f2202a-b491-49c5-a3af-d581108d939a</sln:wojIIPId><sln:wojIIPPn>PL.PZGIK.200</sln:wojIIPPn><sln:wojIIPWersja>2017-10-10T00:00:00+02:00</sln:wojIIPWersja><sln:wojIdTeryt>32</sln:wojIdTeryt><sln:wojNazwa>zachodniopomorskie</sln:wojNazwa></sln:ulica><sln:ulica><sln:cyklZyciaDo>2017-04-03T00:00:00+02:00</sln:cyklZyciaDo><sln:cyklZyciaOd>2015-12-21T00:00:00+01:00</sln:cyklZyciaOd><sln:gmIIPId>29f1a886-7edc-47a7-8fb6-886ab96bd08c</sln:gmIIPId><sln:gmIIPPn>PL.PZGIK.200</sln:gmIIPPn><sln:gmIIPWersja>2012-09-26T22:34:41+02:00</sln:gmIIPWersja><sln:gmIdTeryt>3214113</sln:gmIdTeryt><sln:gmNazwa>Suchań</sln:gmNazwa><sln:miejscIIPId>24dbe174-b203-42f9-a8be-50e97a1f1452</sln:miejscIIPId><sln:miejscIIPPn>PL.PZGIK.200</sln:miejscIIPPn><sln:miejscIIPWersja>2016-11-24T13:18:54+02:00</sln:miejscIIPWersja><sln:miejscIdTeryt>0979716</sln:miejscIdTeryt><sln:miejscNazwa>Suchań</sln:miejscNazwa><sln:miejscRodzaj>Miasto</sln:miejscRodzaj><sln:powIIPId>b832e274-346c-4551-b312-80aa8ccfd59b</sln:powIIPId><sln:powIIPPn>PL.PZGIK.200</sln:powIIPPn><sln:powIIPWersja>2012-09-27T10:07:22+02:00</sln:powIIPWersja><sln:powIdTeryt>3214</sln:powIdTeryt><sln:powNazwa>stargardzki</sln:powNazwa><sln:ulIIPId>8b0a5d71-86b2-493d-9872-3c5a596404c8</sln:ulIIPId><sln:ulIIPPn>PL.PZGIK.200</sln:ulIIPPn><sln:ulIIPWersja>2016-11-24T23:19:57+02:00</sln:ulIIPWersja><sln:ulIdTeryt>21381</sln:ulIdTeryt><sln:ulNazwaGlowna>Strzelecka</sln:ulNazwaGlowna><sln:ulTyp>ulica</sln:ulTyp><sln:waznyOd>2011-04-08T00:00:00+02:00</sln:waznyOd><sln:wojIIPId>c3f2202a-b491-49c5-a3af-d581108d939a</sln:wojIIPId><sln:wojIIPPn>PL.PZGIK.200</sln:wojIIPPn><sln:wojIIPWersja>2017-10-10T00:00:00+02:00</sln:wojIIPWersja><sln:wojIdTeryt>32</sln:wojIdTeryt><sln:wojNazwa>zachodniopomorskie</sln:wojNazwa></sln:ulica><sln:ulica><sln:cyklZyciaDo>2017-04-03T00:00:00+02:00</sln:cyklZyciaDo><sln:cyklZyciaOd>2015-12-21T00:00:00+01:00</sln:cyklZyciaOd><sln:gmIIPId>29f1a886-7edc-47a7-8fb6-886ab96bd08c</sln:gmIIPId><sln:gmIIPPn>PL.PZGIK.200</sln:gmIIPPn><sln:gmIIPWersja>2012-09-26T22:34:41+02:00</sln:gmIIPWersja><sln:gmIdTeryt>3214113</sln:gmIdTeryt><sln:gmNazwa>Suchań</sln:gmNazwa><sln:miejscIIPId>24dbe174-b203-42f9-a8be-50e97a1f1452</sln:miejscIIPId><sln:miejscIIPPn>PL.PZGIK.200</sln:miejscIIPPn><sln:miejscIIPWersja>2016-11-24T13:18:54+02:00</sln:miejscIIPWersja><sln:miejscIdTeryt>0979716</sln:miejscIdTeryt><sln:miejscNazwa>Suchań</sln:miejscNazwa><sln:miejscRodzaj>Miasto</sln:miejscRodzaj><sln:powIIPId>b832e274-346c-4551-b312-80aa8ccfd59b</sln:powIIPId><sln:powIIPPn>PL.PZGIK.200</sln:powIIPPn><sln:powIIPWersja>2012-09-27T10:07:22+02:00</sln:powIIPWersja><sln:powIdTeryt>3214</sln:powIdTeryt><sln:powNazwa>stargardzki</sln:powNazwa><sln:ulIIPId>df7350ae-849e-432d-bbf6-0d9b5469cddb</sln:ulIIPId><sln:ulIIPPn>PL.PZGIK.200</sln:ulIIPPn><sln:ulIIPWersja>2016-11-24T23:19:57+02:00</sln:ulIIPWersja><sln:ulIdTeryt>17088</sln:ulIdTeryt><sln:ulNazwaGlowna>Pomorska</sln:ulNazwaGlowna><sln:ulTyp>ulica</sln:ulTyp><sln:waznyOd>2011-04-08T00:00:00+02:00</sln:waznyOd><sln:wojIIPId>c3f2202a-b491-49c5-a3af-d581108d939a</sln:wojIIPId><sln:wojIIPPn>PL.PZGIK.200</sln:wojIIPPn><sln:wojIIPWersja>2017-10-10T00:00:00+02:00</sln:wojIIPWersja><sln:wojIdTeryt>32</sln:wojIdTeryt><sln:wojNazwa>zachodniopomorskie</sln:wojNazwa></sln:ulica><sln:ulica><sln:cyklZyciaDo>2017-04-03T00:00:00+02:00</sln:cyklZyciaDo><sln:cyklZyciaOd>2015-12-21T00:00:00+01:00</sln:cyklZyciaOd><sln:gmIIPId>29f1a886-7edc-47a7-8fb6-886ab96bd08c</sln:gmIIPId><sln:gmIIPPn>PL.PZGIK.200</sln:gmIIPPn><sln:gmIIPWersja>2012-09-26T22:34:41+02:00</sln:gmIIPWersja><sln:gmIdTeryt>3214113</sln:gmIdTeryt><sln:gmNazwa>Suchań</sln:gmNazwa><sln:miejscIIPId>24dbe174-b203-42f9-a8be-50e97a1f1452</sln:miejscIIPId><sln:miejscIIPPn>PL.PZGIK.200</sln:miejscIIPPn><sln:miejscIIPWersja>2016-11-24T13:18:54+02:00</sln:miejscIIPWersja><sln:miejscIdTeryt>0979716</sln:miejscIdTeryt><sln:miejscNazwa>Suchań</sln:miejscNazwa><sln:miejscRodzaj>Miasto</sln:miejscRodzaj><sln:powIIPId>b832e274-346c-4551-b312-80aa8ccfd59b</sln:powIIPId><sln:powIIPPn>PL.PZGIK.200</sln:powIIPPn><sln:powIIPWersja>2012-09-27T10:07:22+02:00</sln:powIIPWersja><sln:powIdTeryt>3214</sln:powIdTeryt><sln:powNazwa>stargardzki</sln:powNazwa><sln:ulIIPId>d4372250-ecec-4318-8608-a3d2388d8a55</sln:ulIIPId><sln:ulIIPPn>PL.PZGIK.200</sln:ulIIPPn><sln:ulIIPWersja>2016-11-24T23:19:57+02:00</sln:ulIIPWersja><sln:ulIdTeryt>20683</sln:ulIdTeryt><sln:ulNazwaGlowna>Sportowa</sln:ulNazwaGlowna><sln:ulTyp>ulica</sln:ulTyp><sln:waznyOd>2011-04-08T00:00:00+02:00</sln:waznyOd><sln:wojIIPId>c3f2202a-b491-49c5-a3af-d581108d939a</sln:wojIIPId><sln:wojIIPPn>PL.PZGIK.200</sln:wojIIPPn><sln:wojIIPWersja>2017-10-10T00:00:00+02:00</sln:wojIIPWersja><sln:wojIdTeryt>32</sln:wojIdTeryt><sln:wojNazwa>zachodniopomorskie</sln:wojNazwa></sln:ulica><sln:ulica><sln:cyklZyciaDo>2017-04-03T00:00:00+02:00</sln:cyklZyciaDo><sln:cyklZyciaOd>2015-12-21T00:00:00+01:00</sln:cyklZyciaOd><sln:gmIIPId>29f1a886-7edc-47a7-8fb6-886ab96bd08c</sln:gmIIPId><sln:gmIIPPn>PL.PZGIK.200</sln:gmIIPPn><sln:gmIIPWersja>2012-09-26T22:34:41+02:00</sln:gmIIPWersja><sln:gmIdTeryt>3214113</sln:gmIdTeryt><sln:gmNazwa>Suchań</sln:gmNazwa><sln:miejscIIPId>24dbe174-b203-42f9-a8be-50e97a1f1452</sln:miejscIIPId><sln:miejscIIPPn>PL.PZGIK.200</sln:miejscIIPPn><sln:miejscIIPWersja>2016-11-24T13:18:54+02:00</sln:miejscIIPWersja><sln:miejscIdTeryt>0979716</sln:miejscIdTeryt><sln:miejscNazwa>Suchań</sln:miejscNazwa><sln:miejscRodzaj>Miasto</sln:miejscRodzaj><sln:powIIPId>b832e274-346c-4551-b312-80aa8ccfd59b</sln:powIIPId><sln:powIIPPn>PL.PZGIK.200</sln:powIIPPn><sln:powIIPWersja>2012-09-27T10:07:22+02:00</sln:powIIPWersja><sln:powIdTeryt>3214</sln:powIdTeryt><sln:powNazwa>stargardzki</sln:powNazwa><sln:ulIIPId>1e836be1-d3c3-47fb-95e5-84df28cdac16</sln:ulIIPId><sln:ulIIPPn>PL.PZGIK.200</sln:ulIIPPn><sln:ulIIPWersja>2016-11-24T23:19:57+02:00</sln:ulIIPWersja><sln:ulIdTeryt>19251</sln:ulIdTeryt><sln:ulNazwaGlowna>Plac Rynek</sln:ulNazwaGlowna><sln:ulTyp>ulica</sln:ulTyp><sln:waznyOd>2011-04-08T00:00:00+02:00</sln:waznyOd><sln:wojIIPId>c3f2202a-b491-49c5-a3af-d581108d939a</sln:wojIIPId><sln:wojIIPPn>PL.PZGIK.200</sln:wojIIPPn><sln:wojIIPWersja>2017-10-10T00:00:00+02:00</sln:wojIIPWersja><sln:wojIdTeryt>32</sln:wojIdTeryt><sln:wojNazwa>zachodniopomorskie</sln:wojNazwa></sln:ulica><sln:ulica><sln:cyklZyciaDo>2017-04-03T00:00:00+02:00</sln:cyklZyciaDo><sln:cyklZyciaOd>2015-12-21T00:00:00+01:00</sln:cyklZyciaOd><sln:gmIIPId>29f1a886-7edc-47a7-8fb6-886ab96bd08c</sln:gmIIPId><sln:gmIIPPn>PL.PZGIK.200</sln:gmIIPPn><sln:gmIIPWersja>2012-09-26T22:34:41+02:00</sln:gmIIPWersja><sln:gmIdTeryt>3214113</sln:gmIdTeryt><sln:gmNazwa>Suchań</sln:gmNazwa><sln:miejscIIPId>24dbe174-b203-42f9-a8be-50e97a1f1452</sln:miejscIIPId><sln:miejscIIPPn>PL.PZGIK.200</sln:miejscIIPPn><sln:miejscIIPWersja>2016-11-24T13:18:54+02:00</sln:miejscIIPWersja><sln:miejscIdTeryt>0979716</sln:miejscIdTeryt><sln:miejscNazwa>Suchań</sln:miejscNazwa><sln:miejscRodzaj>Miasto</sln:miejscRodzaj><sln:powIIPId>b832e274-346c-4551-b312-80aa8ccfd59b</sln:powIIPId><sln:powIIPPn>PL.PZGIK.200</sln:powIIPPn><sln:powIIPWersja>2012-09-27T10:07:22+02:00</sln:powIIPWersja><sln:powIdTeryt>3214</sln:powIdTeryt><sln:powNazwa>stargardzki</sln:powNazwa><sln:ulIIPId>6a1d4ab0-3792-4438-a469-d36dfcd83852</sln:ulIIPId><sln:ulIIPPn>PL.PZGIK.200</sln:ulIIPPn><sln:ulIIPWersja>2016-11-24T23:19:57+02:00</sln:ulIIPWersja><sln:ulIdTeryt>40863</sln:ulIdTeryt><sln:ulNazwaGlowna>Kardynała Hlonda Augusta</sln:ulNazwaGlowna><sln:ulTyp>ulica</sln:ulTyp><sln:waznyOd>2011-04-08T00:00:00+02:00</sln:waznyOd><sln:wojIIPId>c3f2202a-b491-49c5-a3af-d581108d939a</sln:wojIIPId><sln:wojIIPPn>PL.PZGIK.200</sln:wojIIPPn><sln:wojIIPWersja>2017-10-10T00:00:00+02:00</sln:wojIIPWersja><sln:wojIdTeryt>32</sln:wojIdTeryt><sln:wojNazwa>zachodniopomorskie</sln:wojNazwa></sln:ulica><sln:ulica><sln:cyklZyciaDo>2017-04-03T00:00:00+02:00</sln:cyklZyciaDo><sln:cyklZyciaOd>2015-12-21T00:00:00+01:00</sln:cyklZyciaOd><sln:gmIIPId>29f1a886-7edc-47a7-8fb6-886ab96bd08c</sln:gmIIPId><sln:gmIIPPn>PL.PZGIK.200</sln:gmIIPPn><sln:gmIIPWersja>2012-09-26T22:34:41+02:00</sln:gmIIPWersja><sln:gmIdTeryt>3214113</sln:gmIdTeryt><sln:gmNazwa>Suchań</sln:gmNazwa><sln:miejscIIPId>24dbe174-b203-42f9-a8be-50e97a1f1452</sln:miejscIIPId><sln:miejscIIPPn>PL.PZGIK.200</sln:miejscIIPPn><sln:miejscIIPWersja>2016-11-24T13:18:54+02:00</sln:miejscIIPWersja><sln:miejscIdTeryt>0979716</sln:miejscIdTeryt><sln:miejscNazwa>Suchań</sln:miejscNazwa><sln:miejscRodzaj>Miasto</sln:miejscRodzaj><sln:powIIPId>b832e274-346c-4551-b312-80aa8ccfd59b</sln:powIIPId><sln:powIIPPn>PL.PZGIK.200</sln:powIIPPn><sln:powIIPWersja>2012-09-27T10:07:22+02:00</sln:powIIPWersja><sln:powIdTeryt>3214</sln:powIdTeryt><sln:powNazwa>stargardzki</sln:powNazwa><sln:ulIIPId>f35a84b1-fdb2-4ad4-bf75-dfbc9a8ccf7b</sln:ulIIPId><sln:ulIIPPn>PL.PZGIK.200</sln:ulIIPPn><sln:ulIIPWersja>2016-11-24T23:19:57+02:00</sln:ulIIPWersja><sln:ulIdTeryt>13132</sln:ulIdTeryt><sln:ulNazwaGlowna>Młyńska</sln:ulNazwaGlowna><sln:ulTyp>ulica</sln:ulTyp><sln:waznyOd>2011-04-08T00:00:00+02:00</sln:waznyOd><sln:wojIIPId>c3f2202a-b491-49c5-a3af-d581108d939a</sln:wojIIPId><sln:wojIIPPn>PL.PZGIK.200</sln:wojIIPPn><sln:wojIIPWersja>2017-10-10T00:00:00+02:00</sln:wojIIPWersja><sln:wojIdTeryt>32</sln:wojIdTeryt><sln:wojNazwa>zachodniopomorskie</sln:wojNazwa></sln:ulica><sln:ulica><sln:cyklZyciaDo>2017-04-03T00:00:00+02:00</sln:cyklZyciaDo><sln:cyklZyciaOd>2015-12-21T00:00:00+01:00</sln:cyklZyciaOd><sln:gmIIPId>29f1a886-7edc-47a7-8fb6-886ab96bd08c</sln:gmIIPId><sln:gmIIPPn>PL.PZGIK.200</sln:gmIIPPn><sln:gmIIPWersja>2012-09-26T22:34:41+02:00</sln:gmIIPWersja><sln:gmIdTeryt>3214113</sln:gmIdTeryt><sln:gmNazwa>Suchań</sln:gmNazwa><sln:miejscIIPId>24dbe174-b203-42f9-a8be-50e97a1f1452</sln:miejscIIPId><sln:miejscIIPPn>PL.PZGIK.200</sln:miejscIIPPn><sln:miejscIIPWersja>2016-11-24T13:18:54+02:00</sln:miejscIIPWersja><sln:miejscIdTeryt>0979716</sln:miejscIdTeryt><sln:miejscNazwa>Suchań</sln:miejscNazwa><sln:miejscRodzaj>Miasto</sln:miejscRodzaj><sln:powIIPId>b832e274-346c-4551-b312-80aa8ccfd59b</sln:powIIPId><sln:powIIPPn>PL.PZGIK.200</sln:powIIPPn><sln:powIIPWersja>2012-09-27T10:07:22+02:00</sln:powIIPWersja><sln:powIdTeryt>3214</sln:powIdTeryt><sln:powNazwa>stargardzki</sln:powNazwa><sln:ulIIPId>05b96f49-861c-4816-9c3d-f54b221eb234</sln:ulIIPId><sln:ulIIPPn>PL.PZGIK.200</sln:ulIIPPn><sln:ulIIPWersja>2016-11-24T23:19:57+02:00</sln:ulIIPWersja><sln:ulIdTeryt>24879</sln:ulIdTeryt><sln:ulNazwaGlowna>Wschodnia</sln:ulNazwaGlowna><sln:ulTyp>ulica</sln:ulTyp><sln:waznyOd>2014-12-12T00:00:00+01:00</sln:waznyOd><sln:wojIIPId>c3f2202a-b491-49c5-a3af-d581108d939a</sln:wojIIPId><sln:wojIIPPn>PL.PZGIK.200</sln:wojIIPPn><sln:wojIIPWersja>2017-10-10T00:00:00+02:00</sln:wojIIPWersja><sln:wojIdTeryt>32</sln:wojIdTeryt><sln:wojNazwa>zachodniopomorskie</sln:wojNazwa></sln:ulica><sln:ulica><sln:cyklZyciaDo>2017-04-03T00:00:00+02:00</sln:cyklZyciaDo><sln:cyklZyciaOd>2015-12-21T00:00:00+01:00</sln:cyklZyciaOd><sln:gmIIPId>29f1a886-7edc-47a7-8fb6-886ab96bd08c</sln:gmIIPId><sln:gmIIPPn>PL.PZGIK.200</sln:gmIIPPn><sln:gmIIPWersja>2012-09-26T22:34:41+02:00</sln:gmIIPWersja><sln:gmIdTeryt>3214113</sln:gmIdTeryt><sln:gmNazwa>Suchań</sln:gmNazwa><sln:miejscIIPId>24dbe174-b203-42f9-a8be-50e97a1f1452</sln:miejscIIPId><sln:miejscIIPPn>PL.PZGIK.200</sln:miejscIIPPn><sln:miejscIIPWersja>2016-11-24T13:18:54+02:00</sln:miejscIIPWersja><sln:miejscIdTeryt>0979716</sln:miejscIdTeryt><sln:miejscNazwa>Suchań</sln:miejscNazwa><sln:miejscRodzaj>Miasto</sln:miejscRodzaj><sln:powIIPId>b832e274-346c-4551-b312-80aa8ccfd59b</sln:powIIPId><sln:powIIPPn>PL.PZGIK.200</sln:powIIPPn><sln:powIIPWersja>2012-09-27T10:07:22+02:00</sln:powIIPWersja><sln:powIdTeryt>3214</sln:powIdTeryt><sln:powNazwa>stargardzki</sln:powNazwa><sln:ulIIPId>cdbc7b77-5e9a-4e98-915d-7421c9478a51</sln:ulIIPId><sln:ulIIPPn>PL.PZGIK.200</sln:ulIIPPn><sln:ulIIPWersja>2016-11-24T23:19:57+02:00</sln:ulIIPWersja><sln:ulIdTeryt>17070</sln:ulIdTeryt><sln:ulNazwaGlowna>Południowa</sln:ulNazwaGlowna><sln:ulTyp>ulica</sln:ulTyp><sln:waznyOd>2014-12-12T00:00:00+01:00</sln:waznyOd><sln:wojIIPId>c3f2202a-b491-49c5-a3af-d581108d939a</sln:wojIIPId><sln:wojIIPPn>PL.PZGIK.200</sln:wojIIPPn><sln:wojIIPWersja>2017-10-10T00:00:00+02:00</sln:wojIIPWersja><sln:wojIdTeryt>32</sln:wojIdTeryt><sln:wojNazwa>zachodniopomorskie</sln:wojNazwa></sln:ulica><sln:ulica><sln:cyklZyciaDo>2017-04-03T00:00:00+02:00</sln:cyklZyciaDo><sln:cyklZyciaOd>2015-12-21T00:00:00+01:00</sln:cyklZyciaOd><sln:gmIIPId>29f1a886-7edc-47a7-8fb6-886ab96bd08c</sln:gmIIPId><sln:gmIIPPn>PL.PZGIK.200</sln:gmIIPPn><sln:gmIIPWersja>2012-09-26T22:34:41+02:00</sln:gmIIPWersja><sln:gmIdTeryt>3214113</sln:gmIdTeryt><sln:gmNazwa>Suchań</sln:gmNazwa><sln:miejscIIPId>24dbe174-b203-42f9-a8be-50e97a1f1452</sln:miejscIIPId><sln:miejscIIPPn>PL.PZGIK.200</sln:miejscIIPPn><sln:miejscIIPWersja>2016-11-24T13:18:54+02:00</sln:miejscIIPWersja><sln:miejscIdTeryt>0979716</sln:miejscIdTeryt><sln:miejscNazwa>Suchań</sln:miejscNazwa><sln:miejscRodzaj>Miasto</sln:miejscRodzaj><sln:powIIPId>b832e274-346c-4551-b312-80aa8ccfd59b</sln:powIIPId><sln:powIIPPn>PL.PZGIK.200</sln:powIIPPn><sln:powIIPWersja>2012-09-27T10:07:22+02:00</sln:powIIPWersja><sln:powIdTeryt>3214</sln:powIdTeryt><sln:powNazwa>stargardzki</sln:powNazwa><sln:ulIIPId>b49fc454-6866-466e-8d59-e8100331f70e</sln:ulIIPId><sln:ulIIPPn>PL.PZGIK.200</sln:ulIIPPn><sln:ulIIPWersja>2016-11-24T23:19:57+02:00</sln:ulIIPWersja><sln:ulIdTeryt>03811</sln:ulIdTeryt><sln:ulNazwaGlowna>Dębowa</sln:ulNazwaGlowna><sln:ulTyp>ulica</sln:ulTyp><sln:waznyOd>2014-12-12T00:00:00+01:00</sln:waznyOd><sln:wojIIPId>c3f2202a-b491-49c5-a3af-d581108d939a</sln:wojIIPId><sln:wojIIPPn>PL.PZGIK.200</sln:wojIIPPn><sln:wojIIPWersja>2017-10-10T00:00:00+02:00</sln:wojIIPWersja><sln:wojIdTeryt>32</sln:wojIdTeryt><sln:wojNazwa>zachodniopomorskie</sln:wojNazwa></sln:ulica><sln:ulica><sln:cyklZyciaDo>2017-04-03T00:00:00+02:00</sln:cyklZyciaDo><sln:cyklZyciaOd>2015-12-21T00:00:00+01:00</sln:cyklZyciaOd><sln:gmIIPId>29f1a886-7edc-47a7-8fb6-886ab96bd08c</sln:gmIIPId><sln:gmIIPPn>PL.PZGIK.200</sln:gmIIPPn><sln:gmIIPWersja>2012-09-26T22:34:41+02:00</sln:gmIIPWersja><sln:gmIdTeryt>3214113</sln:gmIdTeryt><sln:gmNazwa>Suchań</sln:gmNazwa><sln:miejscIIPId>24dbe174-b203-42f9-a8be-50e97a1f1452</sln:miejscIIPId><sln:miejscIIPPn>PL.PZGIK.200</sln:miejscIIPPn><sln:miejscIIPWersja>2016-11-24T13:18:54+02:00</sln:miejscIIPWersja><sln:miejscIdTeryt>0979716</sln:miejscIdTeryt><sln:miejscNazwa>Suchań</sln:miejscNazwa><sln:miejscRodzaj>Miasto</sln:miejscRodzaj><sln:powIIPId>b832e274-346c-4551-b312-80aa8ccfd59b</sln:powIIPId><sln:powIIPPn>PL.PZGIK.200</sln:powIIPPn><sln:powIIPWersja>2012-09-27T10:07:22+02:00</sln:powIIPWersja><sln:powIdTeryt>3214</sln:powIdTeryt><sln:powNazwa>stargardzki</sln:powNazwa><sln:ulIIPId>a9f4e98a-0ed0-4ee6-bed5-662dce712554</sln:ulIIPId><sln:ulIIPPn>PL.PZGIK.200</sln:ulIIPPn><sln:ulIIPWersja>2016-11-24T23:19:57+02:00</sln:ulIIPWersja><sln:ulIdTeryt>06968</sln:ulIdTeryt><sln:ulNazwaGlowna>Jabłonkowa</sln:ulNazwaGlowna><sln:ulTyp>ulica</sln:ulTyp><sln:waznyOd>2014-12-12T00:00:00+01:00</sln:waznyOd><sln:wojIIPId>c3f2202a-b491-49c5-a3af-d581108d939a</sln:wojIIPId><sln:wojIIPPn>PL.PZGIK.200</sln:wojIIPPn><sln:wojIIPWersja>2017-10-10T00:00:00+02:00</sln:wojIIPWersja><sln:wojIdTeryt>32</sln:wojIdTeryt><sln:wojNazwa>zachodniopomorskie</sln:wojNazwa></sln:ulica><sln:ulica><sln:cyklZyciaDo>2017-04-03T00:00:00+02:00</sln:cyklZyciaDo><sln:cyklZyciaOd>2015-12-21T00:00:00+01:00</sln:cyklZyciaOd><sln:gmIIPId>29f1a886-7edc-47a7-8fb6-886ab96bd08c</sln:gmIIPId><sln:gmIIPPn>PL.PZGIK.200</sln:gmIIPPn><sln:gmIIPWersja>2012-09-26T22:34:41+02:00</sln:gmIIPWersja><sln:gmIdTeryt>3214113</sln:gmIdTeryt><sln:gmNazwa>Suchań</sln:gmNazwa><sln:miejscIIPId>24dbe174-b203-42f9-a8be-50e97a1f1452</sln:miejscIIPId><sln:miejscIIPPn>PL.PZGIK.200</sln:miejscIIPPn><sln:miejscIIPWersja>2016-11-24T13:18:54+02:00</sln:miejscIIPWersja><sln:miejscIdTeryt>0979716</sln:miejscIdTeryt><sln:miejscNazwa>Suchań</sln:miejscNazwa><sln:miejscRodzaj>Miasto</sln:miejscRodzaj><sln:powIIPId>b832e274-346c-4551-b312-80aa8ccfd59b</sln:powIIPId><sln:powIIPPn>PL.PZGIK.200</sln:powIIPPn><sln:powIIPWersja>2012-09-27T10:07:22+02:00</sln:powIIPWersja><sln:powIdTeryt>3214</sln:powIdTeryt><sln:powNazwa>stargardzki</sln:powNazwa><sln:ulIIPId>83fa2f89-3716-461a-9024-e3cd69ff5caa</sln:ulIIPId><sln:ulIIPPn>PL.PZGIK.200</sln:ulIIPPn><sln:ulIIPWersja>2016-11-24T23:19:57+02:00</sln:ulIIPWersja><sln:ulIdTeryt>20254</sln:ulIdTeryt><sln:ulNazwaGlowna>Słoneczna</sln:ulNazwaGlowna><sln:ulTyp>ulica</sln:ulTyp><sln:waznyOd>2014-12-12T00:00:00+01:00</sln:waznyOd><sln:wojIIPId>c3f2202a-b491-49c5-a3af-d581108d939a</sln:wojIIPId><sln:wojIIPPn>PL.PZGIK.200</sln:wojIIPPn><sln:wojIIPWersja>2017-10-10T00:00:00+02:00</sln:wojIIPWersja><sln:wojIdTeryt>32</sln:wojIdTeryt><sln:wojNazwa>zachodniopomorskie</sln:wojNazwa></sln:ulica><sln:ulica><sln:cyklZyciaDo>2017-04-03T00:00:00+02:00</sln:cyklZyciaDo><sln:cyklZyciaOd>2015-12-21T00:00:00+01:00</sln:cyklZyciaOd><sln:gmIIPId>29f1a886-7edc-47a7-8fb6-886ab96bd08c</sln:gmIIPId><sln:gmIIPPn>PL.PZGIK.200</sln:gmIIPPn><sln:gmIIPWersja>2012-09-26T22:34:41+02:00</sln:gmIIPWersja><sln:gmIdTeryt>3214113</sln:gmIdTeryt><sln:gmNazwa>Suchań</sln:gmNazwa><sln:miejscIIPId>24dbe174-b203-42f9-a8be-50e97a1f1452</sln:miejscIIPId><sln:miejscIIPPn>PL.PZGIK.200</sln:miejscIIPPn><sln:miejscIIPWersja>2016-11-24T13:18:54+02:00</sln:miejscIIPWersja><sln:miejscIdTeryt>0979716</sln:miejscIdTeryt><sln:miejscNazwa>Suchań</sln:miejscNazwa><sln:miejscRodzaj>Miasto</sln:miejscRodzaj><sln:powIIPId>b832e274-346c-4551-b312-80aa8ccfd59b</sln:powIIPId><sln:powIIPPn>PL.PZGIK.200</sln:powIIPPn><sln:powIIPWersja>2012-09-27T10:07:22+02:00</sln:powIIPWersja><sln:powIdTeryt>3214</sln:powIdTeryt><sln:powNazwa>stargardzki</sln:powNazwa><sln:ulIIPId>741f546a-83b2-4ae6-b96c-53276b6312e3</sln:ulIIPId><sln:ulIIPPn>PL.PZGIK.200</sln:ulIIPPn><sln:ulIIPWersja>2016-11-24T23:19:57+02:00</sln:ulIIPWersja><sln:ulIdTeryt>24364</sln:ulIdTeryt><sln:ulNazwaGlowna>Wiosenna</sln:ulNazwaGlowna><sln:ulTyp>ulica</sln:ulTyp><sln:waznyOd>2014-12-12T00:00:00+01:00</sln:waznyOd><sln:wojIIPId>c3f2202a-b491-49c5-a3af-d581108d939a</sln:wojIIPId><sln:wojIIPPn>PL.PZGIK.200</sln:wojIIPPn><sln:wojIIPWersja>2017-10-10T00:00:00+02:00</sln:wojIIPWersja><sln:wojIdTeryt>32</sln:wojIdTeryt><sln:wojNazwa>zachodniopomorskie</sln:wojNazwa></sln:ulica><sln:ulica><sln:cyklZyciaDo>2017-04-03T00:00:00+02:00</sln:cyklZyciaDo><sln:cyklZyciaOd>2015-12-21T00:00:00+01:00</sln:cyklZyciaOd><sln:gmIIPId>29f1a886-7edc-47a7-8fb6-886ab96bd08c</sln:gmIIPId><sln:gmIIPPn>PL.PZGIK.200</sln:gmIIPPn><sln:gmIIPWersja>2012-09-26T22:34:41+02:00</sln:gmIIPWersja><sln:gmIdTeryt>3214113</sln:gmIdTeryt><sln:gmNazwa>Suchań</sln:gmNazwa><sln:miejscIIPId>24dbe174-b203-42f9-a8be-50e97a1f1452</sln:miejscIIPId><sln:miejscIIPPn>PL.PZGIK.200</sln:miejscIIPPn><sln:miejscIIPWersja>2016-11-24T13:18:54+02:00</sln:miejscIIPWersja><sln:miejscIdTeryt>0979716</sln:miejscIdTeryt><sln:miejscNazwa>Suchań</sln:miejscNazwa><sln:miejscRodzaj>Miasto</sln:miejscRodzaj><sln:powIIPId>b832e274-346c-4551-b312-80aa8ccfd59b</sln:powIIPId><sln:powIIPPn>PL.PZGIK.200</sln:powIIPPn><sln:powIIPWersja>2012-09-27T10:07:22+02:00</sln:powIIPWersja><sln:powIdTeryt>3214</sln:powIdTeryt><sln:powNazwa>stargardzki</sln:powNazwa><sln:ulIIPId>f48d5db7-d5d3-4437-a103-06a6d6ade83f</sln:ulIIPId><sln:ulIIPPn>PL.PZGIK.200</sln:ulIIPPn><sln:ulIIPWersja>2016-11-24T23:19:57+02:00</sln:ulIIPWersja><sln:ulIdTeryt>10562</sln:ulIdTeryt><sln:ulNazwaGlowna>Kwiatowa</sln:ulNazwaGlowna><sln:ulTyp>ulica</sln:ulTyp><sln:waznyOd>2014-12-12T00:00:00+01:00</sln:waznyOd><sln:wojIIPId>c3f2202a-b491-49c5-a3af-d581108d939a</sln:wojIIPId><sln:wojIIPPn>PL.PZGIK.200</sln:wojIIPPn><sln:wojIIPWersja>2017-10-10T00:00:00+02:00</sln:wojIIPWersja><sln:wojIdTeryt>32</sln:wojIdTeryt><sln:wojNazwa>zachodniopomorskie</sln:wojNazwa></sln:ulica><sln:ulica><sln:cyklZyciaOd>2017-04-03T00:00:00+02:00</sln:cyklZyciaOd><sln:gmIIPId>29f1a886-7edc-47a7-8fb6-886ab96bd08c</sln:gmIIPId><sln:gmIIPPn>PL.PZGIK.200</sln:gmIIPPn><sln:gmIIPWersja>2012-09-26T22:34:41+02:00</sln:gmIIPWersja><sln:gmIdTeryt>3214113</sln:gmIdTeryt><sln:gmNazwa>Suchań</sln:gmNazwa><sln:miejscIIPId>24dbe174-b203-42f9-a8be-50e97a1f1452</sln:miejscIIPId><sln:miejscIIPPn>PL.PZGIK.200</sln:miejscIIPPn><sln:miejscIIPWersja>2017-04-03T14:58:39+02:00</sln:miejscIIPWersja><sln:miejscIdTeryt>0979716</sln:miejscIdTeryt><sln:miejscNazwa>Suchań</sln:miejscNazwa><sln:miejscRodzaj>Miasto</sln:miejscRodzaj><sln:powIIPId>b832e274-346c-4551-b312-80aa8ccfd59b</sln:powIIPId><sln:powIIPPn>PL.PZGIK.200</sln:powIIPPn><sln:powIIPWersja>2012-09-27T10:07:22+02:00</sln:powIIPWersja><sln:powIdTeryt>3214</sln:powIdTeryt><sln:powNazwa>stargardzki</sln:powNazwa><sln:ulIIPId>0d924b21-c9d7-4d34-bbbb-693949506b41</sln:ulIIPId><sln:ulIIPPn>PL.PZGIK.200</sln:ulIIPPn><sln:ulIIPWersja>2017-04-03T14:58:39+02:00</sln:ulIIPWersja><sln:ulIdTeryt>01528</sln:ulIdTeryt><sln:ulNazwaGlowna>Boczna</sln:ulNazwaGlowna><sln:ulTyp>ulica</sln:ulTyp><sln:waznyOd>2011-04-08T00:00:00+02:00</sln:waznyOd><sln:wojIIPId>c3f2202a-b491-49c5-a3af-d581108d939a</sln:wojIIPId><sln:wojIIPPn>PL.PZGIK.200</sln:wojIIPPn><sln:wojIIPWersja>2017-10-10T00:00:00+02:00</sln:wojIIPWersja><sln:wojIdTeryt>32</sln:wojIdTeryt><sln:wojNazwa>zachodniopomorskie</sln:wojNazwa></sln:ulica><sln:ulica><sln:cyklZyciaOd>2017-04-03T00:00:00+02:00</sln:cyklZyciaOd><sln:gmIIPId>29f1a886-7edc-47a7-8fb6-886ab96bd08c</sln:gmIIPId><sln:gmIIPPn>PL.PZGIK.200</sln:gmIIPPn><sln:gmIIPWersja>2012-09-26T22:34:41+02:00</sln:gmIIPWersja><sln:gmIdTeryt>3214113</sln:gmIdTeryt><sln:gmNazwa>Suchań</sln:gmNazwa><sln:miejscIIPId>24dbe174-b203-42f9-a8be-50e97a1f1452</sln:miejscIIPId><sln:miejscIIPPn>PL.PZGIK.200</sln:miejscIIPPn><sln:miejscIIPWersja>2017-04-03T14:58:39+02:00</sln:miejscIIPWersja><sln:miejscIdTeryt>0979716</sln:miejscIdTeryt><sln:miejscNazwa>Suchań</sln:miejscNazwa><sln:miejscRodzaj>Miasto</sln:miejscRodzaj><sln:powIIPId>b832e274-346c-4551-b312-80aa8ccfd59b</sln:powIIPId><sln:powIIPPn>PL.PZGIK.200</sln:powIIPPn><sln:powIIPWersja>2012-09-27T10:07:22+02:00</sln:powIIPWersja><sln:powIdTeryt>3214</sln:powIdTeryt><sln:powNazwa>stargardzki</sln:powNazwa><sln:ulIIPId>382116af-d965-4a7b-86e6-d9396e65c7ce</sln:ulIIPId><sln:ulIIPPn>PL.PZGIK.200</sln:ulIIPPn><sln:ulIIPWersja>2017-04-03T14:58:39+02:00</sln:ulIIPWersja><sln:ulIdTeryt>06968</sln:ulIdTeryt><sln:ulNazwaGlowna>Jabłonkowa</sln:ulNazwaGlowna><sln:ulTyp>ulica</sln:ulTyp><sln:waznyOd>2014-12-12T00:00:00+01:00</sln:waznyOd><sln:wojIIPId>c3f2202a-b491-49c5-a3af-d581108d939a</sln:wojIIPId><sln:wojIIPPn>PL.PZGIK.200</sln:wojIIPPn><sln:wojIIPWersja>2017-10-10T00:00:00+02:00</sln:wojIIPWersja><sln:wojIdTeryt>32</sln:wojIdTeryt><sln:wojNazwa>zachodniopomorskie</sln:wojNazwa></sln:ulica><sln:ulica><sln:cyklZyciaOd>2017-04-03T00:00:00+02:00</sln:cyklZyciaOd><sln:gmIIPId>29f1a886-7edc-47a7-8fb6-886ab96bd08c</sln:gmIIPId><sln:gmIIPPn>PL.PZGIK.200</sln:gmIIPPn><sln:gmIIPWersja>2012-09-26T22:34:41+02:00</sln:gmIIPWersja><sln:gmIdTeryt>3214113</sln:gmIdTeryt><sln:gmNazwa>Suchań</sln:gmNazwa><sln:miejscIIPId>24dbe174-b203-42f9-a8be-50e97a1f1452</sln:miejscIIPId><sln:miejscIIPPn>PL.PZGIK.200</sln:miejscIIPPn><sln:miejscIIPWersja>2017-04-03T14:58:39+02:00</sln:miejscIIPWersja><sln:miejscIdTeryt>0979716</sln:miejscIdTeryt><sln:miejscNazwa>Suchań</sln:miejscNazwa><sln:miejscRodzaj>Miasto</sln:miejscRodzaj><sln:powIIPId>b832e274-346c-4551-b312-80aa8ccfd59b</sln:powIIPId><sln:powIIPPn>PL.PZGIK.200</sln:powIIPPn><sln:powIIPWersja>2012-09-27T10:07:22+02:00</sln:powIIPWersja><sln:powIdTeryt>3214</sln:powIdTeryt><sln:powNazwa>stargardzki</sln:powNazwa><sln:ulIIPId>74ce87b0-202e-46c0-b245-2f649e8aa459</sln:ulIIPId><sln:ulIIPPn>PL.PZGIK.200</sln:ulIIPPn><sln:ulIIPWersja>2017-04-03T14:58:39+02:00</sln:ulIIPWersja><sln:ulIdTeryt>20254</sln:ulIdTeryt><sln:ulNazwaGlowna>Słoneczna</sln:ulNazwaGlowna><sln:ulTyp>ulica</sln:ulTyp><sln:waznyOd>2014-12-12T00:00:00+01:00</sln:waznyOd><sln:wojIIPId>c3f2202a-b491-49c5-a3af-d581108d939a</sln:wojIIPId><sln:wojIIPPn>PL.PZGIK.200</sln:wojIIPPn><sln:wojIIPWersja>2017-10-10T00:00:00+02:00</sln:wojIIPWersja><sln:wojIdTeryt>32</sln:wojIdTeryt><sln:wojNazwa>zachodniopomorskie</sln:wojNazwa></sln:ulica><sln:ulica><sln:cyklZyciaOd>2017-04-03T00:00:00+02:00</sln:cyklZyciaOd><sln:gmIIPId>29f1a886-7edc-47a7-8fb6-886ab96bd08c</sln:gmIIPId><sln:gmIIPPn>PL.PZGIK.200</sln:gmIIPPn><sln:gmIIPWersja>2012-09-26T22:34:41+02:00</sln:gmIIPWersja><sln:gmIdTeryt>3214113</sln:gmIdTeryt><sln:gmNazwa>Suchań</sln:gmNazwa><sln:miejscIIPId>24dbe174-b203-42f9-a8be-50e97a1f1452</sln:miejscIIPId><sln:miejscIIPPn>PL.PZGIK.200</sln:miejscIIPPn><sln:miejscIIPWersja>2017-04-03T14:58:39+02:00</sln:miejscIIPWersja><sln:miejscIdTeryt>0979716</sln:miejscIdTeryt><sln:miejscNazwa>Suchań</sln:miejscNazwa><sln:miejscRodzaj>Miasto</sln:miejscRodzaj><sln:powIIPId>b832e274-346c-4551-b312-80aa8ccfd59b</sln:powIIPId><sln:powIIPPn>PL.PZGIK.200</sln:powIIPPn><sln:powIIPWersja>2012-09-27T10:07:22+02:00</sln:powIIPWersja><sln:powIdTeryt>3214</sln:powIdTeryt><sln:powNazwa>stargardzki</sln:powNazwa><sln:ulIIPId>7132372c-d7ab-4695-9cee-57530af9c548</sln:ulIIPId><sln:ulIIPPn>PL.PZGIK.200</sln:ulIIPPn><sln:ulIIPWersja>2017-04-03T14:58:39+02:00</sln:ulIIPWersja><sln:ulIdTeryt>03811</sln:ulIdTeryt><sln:ulNazwaGlowna>Dębowa</sln:ulNazwaGlowna><sln:ulTyp>ulica</sln:ulTyp><sln:waznyOd>2014-12-12T00:00:00+01:00</sln:waznyOd><sln:wojIIPId>c3f2202a-b491-49c5-a3af-d581108d939a</sln:wojIIPId><sln:wojIIPPn>PL.PZGIK.200</sln:wojIIPPn><sln:wojIIPWersja>2017-10-10T00:00:00+02:00</sln:wojIIPWersja><sln:wojIdTeryt>32</sln:wojIdTeryt><sln:wojNazwa>zachodniopomorskie</sln:wojNazwa></sln:ulica><sln:ulica><sln:cyklZyciaOd>2017-04-03T00:00:00+02:00</sln:cyklZyciaOd><sln:gmIIPId>29f1a886-7edc-47a7-8fb6-886ab96bd08c</sln:gmIIPId><sln:gmIIPPn>PL.PZGIK.200</sln:gmIIPPn><sln:gmIIPWersja>2012-09-26T22:34:41+02:00</sln:gmIIPWersja><sln:gmIdTeryt>3214113</sln:gmIdTeryt><sln:gmNazwa>Suchań</sln:gmNazwa><sln:miejscIIPId>24dbe174-b203-42f9-a8be-50e97a1f1452</sln:miejscIIPId><sln:miejscIIPPn>PL.PZGIK.200</sln:miejscIIPPn><sln:miejscIIPWersja>2017-04-03T14:58:39+02:00</sln:miejscIIPWersja><sln:miejscIdTeryt>0979716</sln:miejscIdTeryt><sln:miejscNazwa>Suchań</sln:miejscNazwa><sln:miejscRodzaj>Miasto</sln:miejscRodzaj><sln:powIIPId>b832e274-346c-4551-b312-80aa8ccfd59b</sln:powIIPId><sln:powIIPPn>PL.PZGIK.200</sln:powIIPPn><sln:powIIPWersja>2012-09-27T10:07:22+02:00</sln:powIIPWersja><sln:powIdTeryt>3214</sln:powIdTeryt><sln:powNazwa>stargardzki</sln:powNazwa><sln:ulIIPId>ca542aea-92c9-4950-a645-7af4b7038c3d</sln:ulIIPId><sln:ulIIPPn>PL.PZGIK.200</sln:ulIIPPn><sln:ulIIPWersja>2017-04-03T14:58:39+02:00</sln:ulIIPWersja><sln:ulIdTeryt>10562</sln:ulIdTeryt><sln:ulNazwaGlowna>Kwiatowa</sln:ulNazwaGlowna><sln:ulTyp>ulica</sln:ulTyp><sln:waznyOd>2014-12-12T00:00:00+01:00</sln:waznyOd><sln:wojIIPId>c3f2202a-b491-49c5-a3af-d581108d939a</sln:wojIIPId><sln:wojIIPPn>PL.PZGIK.200</sln:wojIIPPn><sln:wojIIPWersja>2017-10-10T00:00:00+02:00</sln:wojIIPWersja><sln:wojIdTeryt>32</sln:wojIdTeryt><sln:wojNazwa>zachodniopomorskie</sln:wojNazwa></sln:ulica><sln:ulica><sln:cyklZyciaOd>2017-04-03T00:00:00+02:00</sln:cyklZyciaOd><sln:gmIIPId>29f1a886-7edc-47a7-8fb6-886ab96bd08c</sln:gmIIPId><sln:gmIIPPn>PL.PZGIK.200</sln:gmIIPPn><sln:gmIIPWersja>2012-09-26T22:34:41+02:00</sln:gmIIPWersja><sln:gmIdTeryt>3214113</sln:gmIdTeryt><sln:gmNazwa>Suchań</sln:gmNazwa><sln:miejscIIPId>24dbe174-b203-42f9-a8be-50e97a1f1452</sln:miejscIIPId><sln:miejscIIPPn>PL.PZGIK.200</sln:miejscIIPPn><sln:miejscIIPWersja>2017-04-03T14:58:39+02:00</sln:miejscIIPWersja><sln:miejscIdTeryt>0979716</sln:miejscIdTeryt><sln:miejscNazwa>Suchań</sln:miejscNazwa><sln:miejscRodzaj>Miasto</sln:miejscRodzaj><sln:powIIPId>b832e274-346c-4551-b312-80aa8ccfd59b</sln:powIIPId><sln:powIIPPn>PL.PZGIK.200</sln:powIIPPn><sln:powIIPWersja>2012-09-27T10:07:22+02:00</sln:powIIPWersja><sln:powIdTeryt>3214</sln:powIdTeryt><sln:powNazwa>stargardzki</sln:powNazwa><sln:ulIIPId>a25d8708-2d36-4f1a-a7d4-a44650a0f7e9</sln:ulIIPId><sln:ulIIPPn>PL.PZGIK.200</sln:ulIIPPn><sln:ulIIPWersja>2017-04-03T14:58:39+02:00</sln:ulIIPWersja><sln:ulIdTeryt>21381</sln:ulIdTeryt><sln:ulNazwaGlowna>Strzelecka</sln:ulNazwaGlowna><sln:ulTyp>ulica</sln:ulTyp><sln:waznyOd>2011-04-08T00:00:00+02:00</sln:waznyOd><sln:wojIIPId>c3f2202a-b491-49c5-a3af-d581108d939a</sln:wojIIPId><sln:wojIIPPn>PL.PZGIK.200</sln:wojIIPPn><sln:wojIIPWersja>2017-10-10T00:00:00+02:00</sln:wojIIPWersja><sln:wojIdTeryt>32</sln:wojIdTeryt><sln:wojNazwa>zachodniopomorskie</sln:wojNazwa></sln:ulica><sln:ulica><sln:cyklZyciaOd>2017-04-03T00:00:00+02:00</sln:cyklZyciaOd><sln:gmIIPId>29f1a886-7edc-47a7-8fb6-886ab96bd08c</sln:gmIIPId><sln:gmIIPPn>PL.PZGIK.200</sln:gmIIPPn><sln:gmIIPWersja>2012-09-26T22:34:41+02:00</sln:gmIIPWersja><sln:gmIdTeryt>3214113</sln:gmIdTeryt><sln:gmNazwa>Suchań</sln:gmNazwa><sln:miejscIIPId>24dbe174-b203-42f9-a8be-50e97a1f1452</sln:miejscIIPId><sln:miejscIIPPn>PL.PZGIK.200</sln:miejscIIPPn><sln:miejscIIPWersja>2017-04-03T14:58:39+02:00</sln:miejscIIPWersja><sln:miejscIdTeryt>0979716</sln:miejscIdTeryt><sln:miejscNazwa>Suchań</sln:miejscNazwa><sln:miejscRodzaj>Miasto</sln:miejscRodzaj><sln:powIIPId>b832e274-346c-4551-b312-80aa8ccfd59b</sln:powIIPId><sln:powIIPPn>PL.PZGIK.200</sln:powIIPPn><sln:powIIPWersja>2012-09-27T10:07:22+02:00</sln:powIIPWersja><sln:powIdTeryt>3214</sln:powIdTeryt><sln:powNazwa>stargardzki</sln:powNazwa><sln:ulIIPId>144ea0d7-2b2f-45e5-b09c-cf0d5b240a1f</sln:ulIIPId><sln:ulIIPPn>PL.PZGIK.200</sln:ulIIPPn><sln:ulIIPWersja>2017-04-03T14:58:39+02:00</sln:ulIIPWersja><sln:ulIdTeryt>10898</sln:ulIdTeryt><sln:ulNazwaGlowna>Leśna</sln:ulNazwaGlowna><sln:ulTyp>ulica</sln:ulTyp><sln:waznyOd>2011-04-08T00:00:00+02:00</sln:waznyOd><sln:wojIIPId>c3f2202a-b491-49c5-a3af-d581108d939a</sln:wojIIPId><sln:wojIIPPn>PL.PZGIK.200</sln:wojIIPPn><sln:wojIIPWersja>2017-10-10T00:00:00+02:00</sln:wojIIPWersja><sln:wojIdTeryt>32</sln:wojIdTeryt><sln:wojNazwa>zachodniopomorskie</sln:wojNazwa></sln:ulica><sln:ulica><sln:cyklZyciaOd>2017-04-03T00:00:00+02:00</sln:cyklZyciaOd><sln:gmIIPId>29f1a886-7edc-47a7-8fb6-886ab96bd08c</sln:gmIIPId><sln:gmIIPPn>PL.PZGIK.200</sln:gmIIPPn><sln:gmIIPWersja>2012-09-26T22:34:41+02:00</sln:gmIIPWersja><sln:gmIdTeryt>3214113</sln:gmIdTeryt><sln:gmNazwa>Suchań</sln:gmNazwa><sln:miejscIIPId>24dbe174-b203-42f9-a8be-50e97a1f1452</sln:miejscIIPId><sln:miejscIIPPn>PL.PZGIK.200</sln:miejscIIPPn><sln:miejscIIPWersja>2017-04-03T14:58:39+02:00</sln:miejscIIPWersja><sln:miejscIdTeryt>0979716</sln:miejscIdTeryt><sln:miejscNazwa>Suchań</sln:miejscNazwa><sln:miejscRodzaj>Miasto</sln:miejscRodzaj><sln:powIIPId>b832e274-346c-4551-b312-80aa8ccfd59b</sln:powIIPId><sln:powIIPPn>PL.PZGIK.200</sln:powIIPPn><sln:powIIPWersja>2012-09-27T10:07:22+02:00</sln:powIIPWersja><sln:powIdTeryt>3214</sln:powIdTeryt><sln:powNazwa>stargardzki</sln:powNazwa><sln:ulIIPId>ee0d965e-449b-4ba5-b845-b18dd112a607</sln:ulIIPId><sln:ulIIPPn>PL.PZGIK.200</sln:ulIIPPn><sln:ulIIPWersja>2017-04-03T14:58:39+02:00</sln:ulIIPWersja><sln:ulIdTeryt>10009</sln:ulIdTeryt><sln:ulNazwaGlowna>Krótka</sln:ulNazwaGlowna><sln:ulTyp>ulica</sln:ulTyp><sln:waznyOd>2011-04-08T00:00:00+02:00</sln:waznyOd><sln:wojIIPId>c3f2202a-b491-49c5-a3af-d581108d939a</sln:wojIIPId><sln:wojIIPPn>PL.PZGIK.200</sln:wojIIPPn><sln:wojIIPWersja>2017-10-10T00:00:00+02:00</sln:wojIIPWersja><sln:wojIdTeryt>32</sln:wojIdTeryt><sln:wojNazwa>zachodniopomorskie</sln:wojNazwa></sln:ulica><sln:ulica><sln:cyklZyciaOd>2017-04-03T00:00:00+02:00</sln:cyklZyciaOd><sln:gmIIPId>29f1a886-7edc-47a7-8fb6-886ab96bd08c</sln:gmIIPId><sln:gmIIPPn>PL.PZGIK.200</sln:gmIIPPn><sln:gmIIPWersja>2012-09-26T22:34:41+02:00</sln:gmIIPWersja><sln:gmIdTeryt>3214113</sln:gmIdTeryt><sln:gmNazwa>Suchań</sln:gmNazwa><sln:miejscIIPId>24dbe174-b203-42f9-a8be-50e97a1f1452</sln:miejscIIPId><sln:miejscIIPPn>PL.PZGIK.200</sln:miejscIIPPn><sln:miejscIIPWersja>2017-04-03T14:58:39+02:00</sln:miejscIIPWersja><sln:miejscIdTeryt>0979716</sln:miejscIdTeryt><sln:miejscNazwa>Suchań</sln:miejscNazwa><sln:miejscRodzaj>Miasto</sln:miejscRodzaj><sln:powIIPId>b832e274-346c-4551-b312-80aa8ccfd59b</sln:powIIPId><sln:powIIPPn>PL.PZGIK.200</sln:powIIPPn><sln:powIIPWersja>2012-09-27T10:07:22+02:00</sln:powIIPWersja><sln:powIdTeryt>3214</sln:powIdTeryt><sln:powNazwa>stargardzki</sln:powNazwa><sln:ulIIPId>1693d746-8e7b-4559-9377-55bbc022d168</sln:ulIIPId><sln:ulIIPPn>PL.PZGIK.200</sln:ulIIPPn><sln:ulIIPWersja>2017-04-03T14:58:39+02:00</sln:ulIIPWersja><sln:ulIdTeryt>13132</sln:ulIdTeryt><sln:ulNazwaGlowna>Młyńska</sln:ulNazwaGlowna><sln:ulTyp>ulica</sln:ulTyp><sln:waznyOd>2011-04-08T00:00:00+02:00</sln:waznyOd><sln:wojIIPId>c3f2202a-b491-49c5-a3af-d581108d939a</sln:wojIIPId><sln:wojIIPPn>PL.PZGIK.200</sln:wojIIPPn><sln:wojIIPWersja>2017-10-10T00:00:00+02:00</sln:wojIIPWersja><sln:wojIdTeryt>32</sln:wojIdTeryt><sln:wojNazwa>zachodniopomorskie</sln:wojNazwa></sln:ulica><sln:ulica><sln:cyklZyciaOd>2017-04-03T00:00:00+02:00</sln:cyklZyciaOd><sln:gmIIPId>29f1a886-7edc-47a7-8fb6-886ab96bd08c</sln:gmIIPId><sln:gmIIPPn>PL.PZGIK.200</sln:gmIIPPn><sln:gmIIPWersja>2012-09-26T22:34:41+02:00</sln:gmIIPWersja><sln:gmIdTeryt>3214113</sln:gmIdTeryt><sln:gmNazwa>Suchań</sln:gmNazwa><sln:miejscIIPId>24dbe174-b203-42f9-a8be-50e97a1f1452</sln:miejscIIPId><sln:miejscIIPPn>PL.PZGIK.200</sln:miejscIIPPn><sln:miejscIIPWersja>2017-04-03T14:58:39+02:00</sln:miejscIIPWersja><sln:miejscIdTeryt>0979716</sln:miejscIdTeryt><sln:miejscNazwa>Suchań</sln:miejscNazwa><sln:miejscRodzaj>Miasto</sln:miejscRodzaj><sln:powIIPId>b832e274-346c-4551-b312-80aa8ccfd59b</sln:powIIPId><sln:powIIPPn>PL.PZGIK.200</sln:powIIPPn><sln:powIIPWersja>2012-09-27T10:07:22+02:00</sln:powIIPWersja><sln:powIdTeryt>3214</sln:powIdTeryt><sln:powNazwa>stargardzki</sln:powNazwa><sln:ulIIPId>da08f691-62a9-44f1-b986-6ec12f2ffee1</sln:ulIIPId><sln:ulIIPPn>PL.PZGIK.200</sln:ulIIPPn><sln:ulIIPWersja>2017-04-03T14:58:39+02:00</sln:ulIIPWersja><sln:ulIdTeryt>24879</sln:ulIdTeryt><sln:ulNazwaGlowna>Wschodnia</sln:ulNazwaGlowna><sln:ulTyp>ulica</sln:ulTyp><sln:waznyOd>2014-12-12T00:00:00+01:00</sln:waznyOd><sln:wojIIPId>c3f2202a-b491-49c5-a3af-d581108d939a</sln:wojIIPId><sln:wojIIPPn>PL.PZGIK.200</sln:wojIIPPn><sln:wojIIPWersja>2017-10-10T00:00:00+02:00</sln:wojIIPWersja><sln:wojIdTeryt>32</sln:wojIdTeryt><sln:wojNazwa>zachodniopomorskie</sln:wojNazwa></sln:ulica><sln:ulica><sln:cyklZyciaOd>2017-04-03T00:00:00+02:00</sln:cyklZyciaOd><sln:gmIIPId>29f1a886-7edc-47a7-8fb6-886ab96bd08c</sln:gmIIPId><sln:gmIIPPn>PL.PZGIK.200</sln:gmIIPPn><sln:gmIIPWersja>2012-09-26T22:34:41+02:00</sln:gmIIPWersja><sln:gmIdTeryt>3214113</sln:gmIdTeryt><sln:gmNazwa>Suchań</sln:gmNazwa><sln:miejscIIPId>24dbe174-b203-42f9-a8be-50e97a1f1452</sln:miejscIIPId><sln:miejscIIPPn>PL.PZGIK.200</sln:miejscIIPPn><sln:miejscIIPWersja>2017-04-03T14:58:39+02:00</sln:miejscIIPWersja><sln:miejscIdTeryt>0979716</sln:miejscIdTeryt><sln:miejscNazwa>Suchań</sln:miejscNazwa><sln:miejscRodzaj>Miasto</sln:miejscRodzaj><sln:powIIPId>b832e274-346c-4551-b312-80aa8ccfd59b</sln:powIIPId><sln:powIIPPn>PL.PZGIK.200</sln:powIIPPn><sln:powIIPWersja>2012-09-27T10:07:22+02:00</sln:powIIPWersja><sln:powIdTeryt>3214</sln:powIdTeryt><sln:powNazwa>stargardzki</sln:powNazwa><sln:ulIIPId>b947ab55-f2cd-4c34-af47-0a794f00e138</sln:ulIIPId><sln:ulIIPPn>PL.PZGIK.200</sln:ulIIPPn><sln:ulIIPWersja>2017-04-03T14:58:39+02:00</sln:ulIIPWersja><sln:ulIdTeryt>24364</sln:ulIdTeryt><sln:ulNazwaGlowna>Wiosenna</sln:ulNazwaGlowna><sln:ulTyp>ulica</sln:ulTyp><sln:waznyOd>2014-12-12T00:00:00+01:00</sln:waznyOd><sln:wojIIPId>c3f2202a-b491-49c5-a3af-d581108d939a</sln:wojIIPId><sln:wojIIPPn>PL.PZGIK.200</sln:wojIIPPn><sln:wojIIPWersja>2017-10-10T00:00:00+02:00</sln:wojIIPWersja><sln:wojIdTeryt>32</sln:wojIdTeryt><sln:wojNazwa>zachodniopomorskie</sln:wojNazwa></sln:ulica><sln:ulica><sln:cyklZyciaOd>2017-04-03T00:00:00+02:00</sln:cyklZyciaOd><sln:gmIIPId>29f1a886-7edc-47a7-8fb6-886ab96bd08c</sln:gmIIPId><sln:gmIIPPn>PL.PZGIK.200</sln:gmIIPPn><sln:gmIIPWersja>2012-09-26T22:34:41+02:00</sln:gmIIPWersja><sln:gmIdTeryt>3214113</sln:gmIdTeryt><sln:gmNazwa>Suchań</sln:gmNazwa><sln:miejscIIPId>24dbe174-b203-42f9-a8be-50e97a1f1452</sln:miejscIIPId><sln:miejscIIPPn>PL.PZGIK.200</sln:miejscIIPPn><sln:miejscIIPWersja>2017-04-03T14:58:39+02:00</sln:miejscIIPWersja><sln:miejscIdTeryt>0979716</sln:miejscIdTeryt><sln:miejscNazwa>Suchań</sln:miejscNazwa><sln:miejscRodzaj>Miasto</sln:miejscRodzaj><sln:powIIPId>b832e274-346c-4551-b312-80aa8ccfd59b</sln:powIIPId><sln:powIIPPn>PL.PZGIK.200</sln:powIIPPn><sln:powIIPWersja>2012-09-27T10:07:22+02:00</sln:powIIPWersja><sln:powIdTeryt>3214</sln:powIdTeryt><sln:powNazwa>stargardzki</sln:powNazwa><sln:ulIIPId>4937bd08-d5ac-4299-9833-7f769f7d0f64</sln:ulIIPId><sln:ulIIPPn>PL.PZGIK.200</sln:ulIIPPn><sln:ulIIPWersja>2017-04-03T14:58:39+02:00</sln:ulIIPWersja><sln:ulIdTeryt>17088</sln:ulIdTeryt><sln:ulNazwaGlowna>Pomorska</sln:ulNazwaGlowna><sln:ulTyp>ulica</sln:ulTyp><sln:waznyOd>2011-04-08T00:00:00+02:00</sln:waznyOd><sln:wojIIPId>c3f2202a-b491-49c5-a3af-d581108d939a</sln:wojIIPId><sln:wojIIPPn>PL.PZGIK.200</sln:wojIIPPn><sln:wojIIPWersja>2017-10-10T00:00:00+02:00</sln:wojIIPWersja><sln:wojIdTeryt>32</sln:wojIdTeryt><sln:wojNazwa>zachodniopomorskie</sln:wojNazwa></sln:ulica><sln:ulica><sln:cyklZyciaOd>2017-04-03T00:00:00+02:00</sln:cyklZyciaOd><sln:gmIIPId>29f1a886-7edc-47a7-8fb6-886ab96bd08c</sln:gmIIPId><sln:gmIIPPn>PL.PZGIK.200</sln:gmIIPPn><sln:gmIIPWersja>2012-09-26T22:34:41+02:00</sln:gmIIPWersja><sln:gmIdTeryt>3214113</sln:gmIdTeryt><sln:gmNazwa>Suchań</sln:gmNazwa><sln:miejscIIPId>24dbe174-b203-42f9-a8be-50e97a1f1452</sln:miejscIIPId><sln:miejscIIPPn>PL.PZGIK.200</sln:miejscIIPPn><sln:miejscIIPWersja>2017-04-03T14:58:39+02:00</sln:miejscIIPWersja><sln:miejscIdTeryt>0979716</sln:miejscIdTeryt><sln:miejscNazwa>Suchań</sln:miejscNazwa><sln:miejscRodzaj>Miasto</sln:miejscRodzaj><sln:powIIPId>b832e274-346c-4551-b312-80aa8ccfd59b</sln:powIIPId><sln:powIIPPn>PL.PZGIK.200</sln:powIIPPn><sln:powIIPWersja>2012-09-27T10:07:22+02:00</sln:powIIPWersja><sln:powIdTeryt>3214</sln:powIdTeryt><sln:powNazwa>stargardzki</sln:powNazwa><sln:ulIIPId>91323312-8051-49b0-b800-7573421194cd</sln:ulIIPId><sln:ulIIPPn>PL.PZGIK.200</sln:ulIIPPn><sln:ulIIPWersja>2017-04-03T14:58:39+02:00</sln:ulIIPWersja><sln:ulIdTeryt>17070</sln:ulIdTeryt><sln:ulNazwaGlowna>Południowa</sln:ulNazwaGlowna><sln:ulTyp>ulica</sln:ulTyp><sln:waznyOd>2014-12-12T00:00:00+01:00</sln:waznyOd><sln:wojIIPId>c3f2202a-b491-49c5-a3af-d581108d939a</sln:wojIIPId><sln:wojIIPPn>PL.PZGIK.200</sln:wojIIPPn><sln:wojIIPWersja>2017-10-10T00:00:00+02:00</sln:wojIIPWersja><sln:wojIdTeryt>32</sln:wojIdTeryt><sln:wojNazwa>zachodniopomorskie</sln:wojNazwa></sln:ulica><sln:ulica><sln:cyklZyciaOd>2017-04-03T00:00:00+02:00</sln:cyklZyciaOd><sln:gmIIPId>29f1a886-7edc-47a7-8fb6-886ab96bd08c</sln:gmIIPId><sln:gmIIPPn>PL.PZGIK.200</sln:gmIIPPn><sln:gmIIPWersja>2012-09-26T22:34:41+02:00</sln:gmIIPWersja><sln:gmIdTeryt>3214113</sln:gmIdTeryt><sln:gmNazwa>Suchań</sln:gmNazwa><sln:miejscIIPId>24dbe174-b203-42f9-a8be-50e97a1f1452</sln:miejscIIPId><sln:miejscIIPPn>PL.PZGIK.200</sln:miejscIIPPn><sln:miejscIIPWersja>2017-04-03T14:58:39+02:00</sln:miejscIIPWersja><sln:miejscIdTeryt>0979716</sln:miejscIdTeryt><sln:miejscNazwa>Suchań</sln:miejscNazwa><sln:miejscRodzaj>Miasto</sln:miejscRodzaj><sln:powIIPId>b832e274-346c-4551-b312-80aa8ccfd59b</sln:powIIPId><sln:powIIPPn>PL.PZGIK.200</sln:powIIPPn><sln:powIIPWersja>2012-09-27T10:07:22+02:00</sln:powIIPWersja><sln:powIdTeryt>3214</sln:powIdTeryt><sln:powNazwa>stargardzki</sln:powNazwa><sln:ulIIPId>40a54bb8-98d4-410e-9eec-b0052cd08f88</sln:ulIIPId><sln:ulIIPPn>PL.PZGIK.200</sln:ulIIPPn><sln:ulIIPWersja>2017-04-03T14:58:39+02:00</sln:ulIIPWersja><sln:ulIdTeryt>20683</sln:ulIdTeryt><sln:ulNazwaGlowna>Sportowa</sln:ulNazwaGlowna><sln:ulTyp>ulica</sln:ulTyp><sln:waznyOd>2011-04-08T00:00:00+02:00</sln:waznyOd><sln:wojIIPId>c3f2202a-b491-49c5-a3af-d581108d939a</sln:wojIIPId><sln:wojIIPPn>PL.PZGIK.200</sln:wojIIPPn><sln:wojIIPWersja>2017-10-10T00:00:00+02:00</sln:wojIIPWersja><sln:wojIdTeryt>32</sln:wojIdTeryt><sln:wojNazwa>zachodniopomorskie</sln:wojNazwa></sln:ulica><sln:ulica><sln:cyklZyciaDo>2017-11-22T00:00:00+01:00</sln:cyklZyciaDo><sln:cyklZyciaOd>2017-04-03T00:00:00+02:00</sln:cyklZyciaOd><sln:gmIIPId>29f1a886-7edc-47a7-8fb6-886ab96bd08c</sln:gmIIPId><sln:gmIIPPn>PL.PZGIK.200</sln:gmIIPPn><sln:gmIIPWersja>2012-09-26T22:34:41+02:00</sln:gmIIPWersja><sln:gmIdTeryt>3214113</sln:gmIdTeryt><sln:gmNazwa>Suchań</sln:gmNazwa><sln:miejscIIPId>24dbe174-b203-42f9-a8be-50e97a1f1452</sln:miejscIIPId><sln:miejscIIPPn>PL.PZGIK.200</sln:miejscIIPPn><sln:miejscIIPWersja>2017-04-03T14:58:39+02:00</sln:miejscIIPWersja><sln:miejscIdTeryt>0979716</sln:miejscIdTeryt><sln:miejscNazwa>Suchań</sln:miejscNazwa><sln:miejscRodzaj>Miasto</sln:miejscRodzaj><sln:powIIPId>b832e274-346c-4551-b312-80aa8ccfd59b</sln:powIIPId><sln:powIIPPn>PL.PZGIK.200</sln:powIIPPn><sln:powIIPWersja>2012-09-27T10:07:22+02:00</sln:powIIPWersja><sln:powIdTeryt>3214</sln:powIdTeryt><sln:powNazwa>stargardzki</sln:powNazwa><sln:ulIIPId>b3a99d60-117b-4187-b00b-e2f5e36c04cc</sln:ulIIPId><sln:ulIIPPn>PL.PZGIK.200</sln:ulIIPPn><sln:ulIIPWersja>2017-04-03T14:58:39+02:00</sln:ulIIPWersja><sln:ulIdTeryt>40863</sln:ulIdTeryt><sln:ulNazwaGlowna>Kardynała Hlonda Augusta</sln:ulNazwaGlowna><sln:ulTyp>ulica</sln:ulTyp><sln:waznyOd>2011-04-08T00:00:00+02:00</sln:waznyOd><sln:wojIIPId>c3f2202a-b491-49c5-a3af-d581108d939a</sln:wojIIPId><sln:wojIIPPn>PL.PZGIK.200</sln:wojIIPPn><sln:wojIIPWersja>2017-10-10T00:00:00+02:00</sln:wojIIPWersja><sln:wojIdTeryt>32</sln:wojIdTeryt><sln:wojNazwa>zachodniopomorskie</sln:wojNazwa></sln:ulica><sln:ulica><sln:cyklZyciaOd>2017-04-03T00:00:00+02:00</sln:cyklZyciaOd><sln:gmIIPId>29f1a886-7edc-47a7-8fb6-886ab96bd08c</sln:gmIIPId><sln:gmIIPPn>PL.PZGIK.200</sln:gmIIPPn><sln:gmIIPWersja>2012-09-26T22:34:41+02:00</sln:gmIIPWersja><sln:gmIdTeryt>3214113</sln:gmIdTeryt><sln:gmNazwa>Suchań</sln:gmNazwa><sln:miejscIIPId>24dbe174-b203-42f9-a8be-50e97a1f1452</sln:miejscIIPId><sln:miejscIIPPn>PL.PZGIK.200</sln:miejscIIPPn><sln:miejscIIPWersja>2017-04-03T14:58:39+02:00</sln:miejscIIPWersja><sln:miejscIdTeryt>0979716</sln:miejscIdTeryt><sln:miejscNazwa>Suchań</sln:miejscNazwa><sln:miejscRodzaj>Miasto</sln:miejscRodzaj><sln:powIIPId>b832e274-346c-4551-b312-80aa8ccfd59b</sln:powIIPId><sln:powIIPPn>PL.PZGIK.200</sln:powIIPPn><sln:powIIPWersja>2012-09-27T10:07:22+02:00</sln:powIIPWersja><sln:powIdTeryt>3214</sln:powIdTeryt><sln:powNazwa>stargardzki</sln:powNazwa><sln:ulIIPId>aa28fcd1-5e2e-4042-9fdf-2f4f18d6a300</sln:ulIIPId><sln:ulIIPPn>PL.PZGIK.200</sln:ulIIPPn><sln:ulIIPWersja>2017-04-03T14:58:39+02:00</sln:ulIIPWersja><sln:ulIdTeryt>17011</sln:ulIdTeryt><sln:ulNazwaGlowna>Polna</sln:ulNazwaGlowna><sln:ulTyp>ulica</sln:ulTyp><sln:waznyOd>2011-04-08T00:00:00+02:00</sln:waznyOd><sln:wojIIPId>c3f2202a-b491-49c5-a3af-d581108d939a</sln:wojIIPId><sln:wojIIPPn>PL.PZGIK.200</sln:wojIIPPn><sln:wojIIPWersja>2017-10-10T00:00:00+02:00</sln:wojIIPWersja><sln:wojIdTeryt>32</sln:wojIdTeryt><sln:wojNazwa>zachodniopomorskie</sln:wojNazwa></sln:ulica><sln:ulica><sln:cyklZyciaOd>2017-04-03T00:00:00+02:00</sln:cyklZyciaOd><sln:gmIIPId>29f1a886-7edc-47a7-8fb6-886ab96bd08c</sln:gmIIPId><sln:gmIIPPn>PL.PZGIK.200</sln:gmIIPPn><sln:gmIIPWersja>2012-09-26T22:34:41+02:00</sln:gmIIPWersja><sln:gmIdTeryt>3214113</sln:gmIdTeryt><sln:gmNazwa>Suchań</sln:gmNazwa><sln:miejscIIPId>24dbe174-b203-42f9-a8be-50e97a1f1452</sln:miejscIIPId><sln:miejscIIPPn>PL.PZGIK.200</sln:miejscIIPPn><sln:miejscIIPWersja>2017-04-03T14:58:39+02:00</sln:miejscIIPWersja><sln:miejscIdTeryt>0979716</sln:miejscIdTeryt><sln:miejscNazwa>Suchań</sln:miejscNazwa><sln:miejscRodzaj>Miasto</sln:miejscRodzaj><sln:powIIPId>b832e274-346c-4551-b312-80aa8ccfd59b</sln:powIIPId><sln:powIIPPn>PL.PZGIK.200</sln:powIIPPn><sln:powIIPWersja>2012-09-27T10:07:22+02:00</sln:powIIPWersja><sln:powIdTeryt>3214</sln:powIdTeryt><sln:powNazwa>stargardzki</sln:powNazwa><sln:ulIIPId>053e14ec-0a29-44bc-b2d3-0bf0abb9fe0c</sln:ulIIPId><sln:ulIIPPn>PL.PZGIK.200</sln:ulIIPPn><sln:ulIIPWersja>2017-04-03T14:58:40+02:00</sln:ulIIPWersja><sln:ulIdTeryt>19251</sln:ulIdTeryt><sln:ulNazwaGlowna>Plac Rynek</sln:ulNazwaGlowna><sln:ulTyp>plac</sln:ulTyp><sln:waznyOd>2011-04-08T00:00:00+02:00</sln:waznyOd><sln:wojIIPId>c3f2202a-b491-49c5-a3af-d581108d939a</sln:wojIIPId><sln:wojIIPPn>PL.PZGIK.200</sln:wojIIPPn><sln:wojIIPWersja>2017-10-10T00:00:00+02:00</sln:wojIIPWersja><sln:wojIdTeryt>32</sln:wojIdTeryt><sln:wojNazwa>zachodniopomorskie</sln:wojNazwa></sln:ulica><sln:ulica><sln:cyklZyciaOd>2017-11-22T00:00:00+01:00</sln:cyklZyciaOd><sln:gmIIPId>29f1a886-7edc-47a7-8fb6-886ab96bd08c</sln:gmIIPId><sln:gmIIPPn>PL.PZGIK.200</sln:gmIIPPn><sln:gmIIPWersja>2012-09-26T22:34:41+02:00</sln:gmIIPWersja><sln:gmIdTeryt>3214113</sln:gmIdTeryt><sln:gmNazwa>Suchań</sln:gmNazwa><sln:miejscIIPId>24dbe174-b203-42f9-a8be-50e97a1f1452</sln:miejscIIPId><sln:miejscIIPPn>PL.PZGIK.200</sln:miejscIIPPn><sln:miejscIIPWersja>2017-04-03T14:58:39+02:00</sln:miejscIIPWersja><sln:miejscIdTeryt>0979716</sln:miejscIdTeryt><sln:miejscNazwa>Suchań</sln:miejscNazwa><sln:miejscRodzaj>Miasto</sln:miejscRodzaj><sln:powIIPId>b832e274-346c-4551-b312-80aa8ccfd59b</sln:powIIPId><sln:powIIPPn>PL.PZGIK.200</sln:powIIPPn><sln:powIIPWersja>2012-09-27T10:07:22+02:00</sln:powIIPWersja><sln:powIdTeryt>3214</sln:powIdTeryt><sln:powNazwa>stargardzki</sln:powNazwa><sln:ulIIPId>b3a99d60-117b-4187-b00b-e2f5e36c04cc</sln:ulIIPId><sln:ulIIPPn>PL.PZGIK.200</sln:ulIIPPn><sln:ulIIPWersja>2017-11-22T19:04:35+02:00</sln:ulIIPWersja><sln:ulIdTeryt>40863</sln:ulIdTeryt><sln:ulNazwaGlowna>Kardynała Hlonda Augusta</sln:ulNazwaGlowna><sln:ulTyp>ulica</sln:ulTyp><sln:waznyOd>2011-04-08T00:00:00+02:00</sln:waznyOd><sln:wojIIPId>c3f2202a-b491-49c5-a3af-d581108d939a</sln:wojIIPId><sln:wojIIPPn>PL.PZGIK.200</sln:wojIIPPn><sln:wojIIPWersja>2017-10-10T00:00:00+02:00</sln:wojIIPWersja><sln:wojIdTeryt>32</sln:wojIdTeryt><sln:wojNazwa>zachodniopomorskie</sln:wojNazwa></sln:ulica></sln:lista-ulic>