<?xml version="1.0" encoding="UTF-8" standalone="yes"?><sln:lista-ulic xmlns:srv="http://gugik.gov.pl/schemas/slowniki-service/1.0" xmlns:sln="http://gugik.gov.pl/schemas/slowniki-schema/1.0"><sln:ulica><sln:cyklZyciaDo>2017-03-31T00:00:00+02:00</sln:cyklZyciaDo><sln:cyklZyciaOd>2015-06-11T00:00:00+02:00</sln:cyklZyciaOd><sln:gmIIPId>ffc29655-8189-49ec-ac27-e038ca1d63eb</sln:gmIIPId><sln:gmIIPPn>PL.PZGIK.200</sln:gmIIPPn><sln:gmIIPWersja>2012-09-26T22:34:23+02:00</sln:gmIIPWersja><sln:gmIdTeryt>3210022</sln:gmIdTeryt><sln:gmNazwa>Boleszkowice</sln:gmNazwa><sln:miejscIIPId>ce887d72-4c4a-4382-96a3-668a627e5fbe</sln:miejscIIPId><sln:miejscIIPPn>PL.PZGIK.200</sln:miejscIIPPn><sln:miejscIIPWersja>2016-11-24T09:33:40+02:00</sln:miejscIIPWersja><sln:miejscIdTeryt>0178896</sln:miejscIdTeryt><sln:miejscNazwa>Boleszkowice</sln:miejscNazwa><sln:miejscRodzaj>Wieś</sln:miejscRodzaj><sln:powIIPId>bf9906d2-91eb-4911-8ce0-8c8f3ea1986b</sln:powIIPId><sln:powIIPPn>PL.PZGIK.200</sln:powIIPPn><sln:powIIPWersja>2012-09-27T10:07:22+02:00</sln:powIIPWersja><sln:powIdTeryt>3210</sln:powIdTeryt><sln:powNazwa>myśliborski</sln:powNazwa><sln:ulIIPId>6f1dadb2-2e27-4df6-907c-8cf028498b8c</sln:ulIIPId><sln:ulIIPPn>PL.PZGIK.200</sln:ulIIPPn><sln:ulIIPWersja>2016-11-24T23:18:21+02:00</sln:ulIIPWersja><sln:ulIdTeryt>37812</sln:ulIdTeryt><sln:ulNazwaGlowna>Generała Świerczewskiego</sln:ulNazwaGlowna><sln:ulTyp>ulica</sln:ulTyp><sln:waznyOd>2011-04-10T00:00:00+02:00</sln:waznyOd><sln:wojIIPId>c3f2202a-b491-49c5-a3af-d581108d939a</sln:wojIIPId><sln:wojIIPPn>PL.PZGIK.200</sln:wojIIPPn><sln:wojIIPWersja>2017-10-10T00:00:00+02:00</sln:wojIIPWersja><sln:wojIdTeryt>32</sln:wojIdTeryt><sln:wojNazwa>zachodniopomorskie</sln:wojNazwa></sln:ulica><sln:ulica><sln:cyklZyciaDo>2017-03-31T00:00:00+02:00</sln:cyklZyciaDo><sln:cyklZyciaOd>2015-06-11T00:00:00+02:00</sln:cyklZyciaOd><sln:gmIIPId>ffc29655-8189-49ec-ac27-e038ca1d63eb</sln:gmIIPId><sln:gmIIPPn>PL.PZGIK.200</sln:gmIIPPn><sln:gmIIPWersja>2012-09-26T22:34:23+02:00</sln:gmIIPWersja><sln:gmIdTeryt>3210022</sln:gmIdTeryt><sln:gmNazwa>Boleszkowice</sln:gmNazwa><sln:miejscIIPId>ce887d72-4c4a-4382-96a3-668a627e5fbe</sln:miejscIIPId><sln:miejscIIPPn>PL.PZGIK.200</sln:miejscIIPPn><sln:miejscIIPWersja>2016-11-24T09:33:40+02:00</sln:miejscIIPWersja><sln:miejscIdTeryt>0178896</sln:miejscIdTeryt><sln:miejscNazwa>Boleszkowice</sln:miejscNazwa><sln:miejscRodzaj>Wieś</sln:miejscRodzaj><sln:powIIPId>bf9906d2-91eb-4911-8ce0-8c8f3ea1986b</sln:powIIPId><sln:powIIPPn>PL.PZGIK.200</sln:powIIPPn><sln:powIIPWersja>2012-09-27T10:07:22+02:00</sln:powIIPWersja><sln:powIdTeryt>3210</sln:powIdTeryt><sln:powNazwa>myśliborski</sln:powNazwa><sln:ulIIPId>f4df7cef-1268-4e0a-95b4-0f192a68e555</sln:ulIIPId><sln:ulIIPPn>PL.PZGIK.200</sln:ulIIPPn><sln:ulIIPWersja>2016-11-24T23:18:21+02:00</sln:ulIIPWersja><sln:ulIdTeryt>14589</sln:ulIdTeryt><sln:ulNazwaGlowna>Obodrytów</sln:ulNazwaGlowna><sln:ulTyp>ulica</sln:ulTyp><sln:waznyOd>2011-04-10T00:00:00+02:00</sln:waznyOd><sln:wojIIPId>c3f2202a-b491-49c5-a3af-d581108d939a</sln:wojIIPId><sln:wojIIPPn>PL.PZGIK.200</sln:wojIIPPn><sln:wojIIPWersja>2017-10-10T00:00:00+02:00</sln:wojIIPWersja><sln:wojIdTeryt>32</sln:wojIdTeryt><sln:wojNazwa>zachodniopomorskie</sln:wojNazwa></sln:ulica><sln:ulica><sln:cyklZyciaDo>2017-03-31T00:00:00+02:00</sln:cyklZyciaDo><sln:cyklZyciaOd>2015-06-11T00:00:00+02:00</sln:cyklZyciaOd><sln:gmIIPId>ffc29655-8189-49ec-ac27-e038ca1d63eb</sln:gmIIPId><sln:gmIIPPn>PL.PZGIK.200</sln:gmIIPPn><sln:gmIIPWersja>2012-09-26T22:34:23+02:00</sln:gmIIPWersja><sln:gmIdTeryt>3210022</sln:gmIdTeryt><sln:gmNazwa>Boleszkowice</sln:gmNazwa><sln:miejscIIPId>ce887d72-4c4a-4382-96a3-668a627e5fbe</sln:miejscIIPId><sln:miejscIIPPn>PL.PZGIK.200</sln:miejscIIPPn><sln:miejscIIPWersja>2016-11-24T09:33:40+02:00</sln:miejscIIPWersja><sln:miejscIdTeryt>0178896</sln:miejscIdTeryt><sln:miejscNazwa>Boleszkowice</sln:miejscNazwa><sln:miejscRodzaj>Wieś</sln:miejscRodzaj><sln:powIIPId>bf9906d2-91eb-4911-8ce0-8c8f3ea1986b</sln:powIIPId><sln:powIIPPn>PL.PZGIK.200</sln:powIIPPn><sln:powIIPWersja>2012-09-27T10:07:22+02:00</sln:powIIPWersja><sln:powIdTeryt>3210</sln:powIdTeryt><sln:powNazwa>myśliborski</sln:powNazwa><sln:ulIIPId>b095c361-9f33-4da0-add2-c8ba5ee5ec83</sln:ulIIPId><sln:ulIIPPn>PL.PZGIK.200</sln:ulIIPPn><sln:ulIIPWersja>2016-11-24T23:18:21+02:00</sln:ulIIPWersja><sln:ulIdTeryt>15228</sln:ulIdTeryt><sln:ulNazwaGlowna>Osadników</sln:ulNazwaGlowna><sln:ulTyp>ulica</sln:ulTyp><sln:waznyOd>2011-04-10T00:00:00+02:00</sln:waznyOd><sln:wojIIPId>c3f2202a-b491-49c5-a3af-d581108d939a</sln:wojIIPId><sln:wojIIPPn>PL.PZGIK.200</sln:wojIIPPn><sln:wojIIPWersja>2017-10-10T00:00:00+02:00</sln:wojIIPWersja><sln:wojIdTeryt>32</sln:wojIdTeryt><sln:wojNazwa>zachodniopomorskie</sln:wojNazwa></sln:ulica><sln:ulica><sln:cyklZyciaDo>2017-03-31T00:00:00+02:00</sln:cyklZyciaDo><sln:cyklZyciaOd>2015-06-11T00:00:00+02:00</sln:cyklZyciaOd><sln:gmIIPId>ffc29655-8189-49ec-ac27-e038ca1d63eb</sln:gmIIPId><sln:gmIIPPn>PL.PZGIK.200</sln:gmIIPPn><sln:gmIIPWersja>2012-09-26T22:34:23+02:00</sln:gmIIPWersja><sln:gmIdTeryt>3210022</sln:gmIdTeryt><sln:gmNazwa>Boleszkowice</sln:gmNazwa><sln:miejscIIPId>ce887d72-4c4a-4382-96a3-668a627e5fbe</sln:miejscIIPId><sln:miejscIIPPn>PL.PZGIK.200</sln:miejscIIPPn><sln:miejscIIPWersja>2016-11-24T09:33:40+02:00</sln:miejscIIPWersja><sln:miejscIdTeryt>0178896</sln:miejscIdTeryt><sln:miejscNazwa>Boleszkowice</sln:miejscNazwa><sln:miejscRodzaj>Wieś</sln:miejscRodzaj><sln:powIIPId>bf9906d2-91eb-4911-8ce0-8c8f3ea1986b</sln:powIIPId><sln:powIIPPn>PL.PZGIK.200</sln:powIIPPn><sln:powIIPWersja>2012-09-27T10:07:22+02:00</sln:powIIPWersja><sln:powIdTeryt>3210</sln:powIdTeryt><sln:powNazwa>myśliborski</sln:powNazwa><sln:ulIIPId>db294736-1942-417f-83be-8d4176607fcc</sln:ulIIPId><sln:ulIIPPn>PL.PZGIK.200</sln:ulIIPPn><sln:ulIIPWersja>2016-11-24T23:18:21+02:00</sln:ulIIPWersja><sln:ulIdTeryt>17011</sln:ulIdTeryt><sln:ulNazwaGlowna>Polna</sln:ulNazwaGlowna><sln:ulTyp>ulica</sln:ulTyp><sln:waznyOd>2011-04-10T00:00:00+02:00</sln:waznyOd><sln:wojIIPId>c3f2202a-b491-49c5-a3af-d581108d939a</sln:wojIIPId><sln:wojIIPPn>PL.PZGIK.200</sln:wojIIPPn><sln:wojIIPWersja>2017-10-10T00:00:00+02:00</sln:wojIIPWersja><sln:wojIdTeryt>32</sln:wojIdTeryt><sln:wojNazwa>zachodniopomorskie</sln:wojNazwa></sln:ulica><sln:ulica><sln:cyklZyciaDo>2017-03-31T00:00:00+02:00</sln:cyklZyciaDo><sln:cyklZyciaOd>2015-06-11T00:00:00+02:00</sln:cyklZyciaOd><sln:gmIIPId>ffc29655-8189-49ec-ac27-e038ca1d63eb</sln:gmIIPId><sln:gmIIPPn>PL.PZGIK.200</sln:gmIIPPn><sln:gmIIPWersja>2012-09-26T22:34:23+02:00</sln:gmIIPWersja><sln:gmIdTeryt>3210022</sln:gmIdTeryt><sln:gmNazwa>Boleszkowice</sln:gmNazwa><sln:miejscIIPId>ce887d72-4c4a-4382-96a3-668a627e5fbe</sln:miejscIIPId><sln:miejscIIPPn>PL.PZGIK.200</sln:miejscIIPPn><sln:miejscIIPWersja>2016-11-24T09:33:40+02:00</sln:miejscIIPWersja><sln:miejscIdTeryt>0178896</sln:miejscIdTeryt><sln:miejscNazwa>Boleszkowice</sln:miejscNazwa><sln:miejscRodzaj>Wieś</sln:miejscRodzaj><sln:powIIPId>bf9906d2-91eb-4911-8ce0-8c8f3ea1986b</sln:powIIPId><sln:powIIPPn>PL.PZGIK.200</sln:powIIPPn><sln:powIIPWersja>2012-09-27T10:07:22+02:00</sln:powIIPWersja><sln:powIdTeryt>3210</sln:powIdTeryt><sln:powNazwa>myśliborski</sln:powNazwa><sln:ulIIPId>3924c7cd-8dd8-488a-9d03-6fcf178054d8</sln:ulIIPId><sln:ulIIPPn>PL.PZGIK.200</sln:ulIIPPn><sln:ulIIPWersja>2016-11-24T23:18:21+02:00</sln:ulIIPWersja><sln:ulIdTeryt>17394</sln:ulIdTeryt><sln:ulNazwaGlowna>Poznańska</sln:ulNazwaGlowna><sln:ulTyp>ulica</sln:ulTyp><sln:waznyOd>2011-04-10T00:00:00+02:00</sln:waznyOd><sln:wojIIPId>c3f2202a-b491-49c5-a3af-d581108d939a</sln:wojIIPId><sln:wojIIPPn>PL.PZGIK.200</sln:wojIIPPn><sln:wojIIPWersja>2017-10-10T00:00:00+02:00</sln:wojIIPWersja><sln:wojIdTeryt>32</sln:wojIdTeryt><sln:wojNazwa>zachodniopomorskie</sln:wojNazwa></sln:ulica><sln:ulica><sln:cyklZyciaDo>2017-03-31T00:00:00+02:00</sln:cyklZyciaDo><sln:cyklZyciaOd>2015-06-11T00:00:00+02:00</sln:cyklZyciaOd><sln:gmIIPId>ffc29655-8189-49ec-ac27-e038ca1d63eb</sln:gmIIPId><sln:gmIIPPn>PL.PZGIK.200</sln:gmIIPPn><sln:gmIIPWersja>2012-09-26T22:34:23+02:00</sln:gmIIPWersja><sln:gmIdTeryt>3210022</sln:gmIdTeryt><sln:gmNazwa>Boleszkowice</sln:gmNazwa><sln:miejscIIPId>ce887d72-4c4a-4382-96a3-668a627e5fbe</sln:miejscIIPId><sln:miejscIIPPn>PL.PZGIK.200</sln:miejscIIPPn><sln:miejscIIPWersja>2016-11-24T09:33:40+02:00</sln:miejscIIPWersja><sln:miejscIdTeryt>0178896</sln:miejscIdTeryt><sln:miejscNazwa>Boleszkowice</sln:miejscNazwa><sln:miejscRodzaj>Wieś</sln:miejscRodzaj><sln:powIIPId>bf9906d2-91eb-4911-8ce0-8c8f3ea1986b</sln:powIIPId><sln:powIIPPn>PL.PZGIK.200</sln:powIIPPn><sln:powIIPWersja>2012-09-27T10:07:22+02:00</sln:powIIPWersja><sln:powIdTeryt>3210</sln:powIdTeryt><sln:powNazwa>myśliborski</sln:powNazwa><sln:ulIIPId>36c9642d-4fa3-4010-bbca-0d6258639c4e</sln:ulIIPId><sln:ulIIPPn>PL.PZGIK.200</sln:ulIIPPn><sln:ulIIPWersja>2016-11-24T23:18:21+02:00</sln:ulIIPWersja><sln:ulIdTeryt>23682</sln:ulIdTeryt><sln:ulNazwaGlowna>Warszawska</sln:ulNazwaGlowna><sln:ulTyp>ulica</sln:ulTyp><sln:waznyOd>2011-04-10T00:00:00+02:00</sln:waznyOd><sln:wojIIPId>c3f2202a-b491-49c5-a3af-d581108d939a</sln:wojIIPId><sln:wojIIPPn>PL.PZGIK.200</sln:wojIIPPn><sln:wojIIPWersja>2017-10-10T00:00:00+02:00</sln:wojIIPWersja><sln:wojIdTeryt>32</sln:wojIdTeryt><sln:wojNazwa>zachodniopomorskie</sln:wojNazwa></sln:ulica><sln:ulica><sln:cyklZyciaDo>2017-03-31T00:00:00+02:00</sln:cyklZyciaDo><sln:cyklZyciaOd>2015-06-11T00:00:00+02:00</sln:cyklZyciaOd><sln:gmIIPId>ffc29655-8189-49ec-ac27-e038ca1d63eb</sln:gmIIPId><sln:gmIIPPn>PL.PZGIK.200</sln:gmIIPPn><sln:gmIIPWersja>2012-09-26T22:34:23+02:00</sln:gmIIPWersja><sln:gmIdTeryt>3210022</sln:gmIdTeryt><sln:gmNazwa>Boleszkowice</sln:gmNazwa><sln:miejscIIPId>ce887d72-4c4a-4382-96a3-668a627e5fbe</sln:miejscIIPId><sln:miejscIIPPn>PL.PZGIK.200</sln:miejscIIPPn><sln:miejscIIPWersja>2016-11-24T09:33:40+02:00</sln:miejscIIPWersja><sln:miejscIdTeryt>0178896</sln:miejscIdTeryt><sln:miejscNazwa>Boleszkowice</sln:miejscNazwa><sln:miejscRodzaj>Wieś</sln:miejscRodzaj><sln:powIIPId>bf9906d2-91eb-4911-8ce0-8c8f3ea1986b</sln:powIIPId><sln:powIIPPn>PL.PZGIK.200</sln:powIIPPn><sln:powIIPWersja>2012-09-27T10:07:22+02:00</sln:powIIPWersja><sln:powIdTeryt>3210</sln:powIdTeryt><sln:powNazwa>myśliborski</sln:powNazwa><sln:ulIIPId>e3ff320c-9fe5-4f28-a0a3-f64e2bdef9da</sln:ulIIPId><sln:ulIIPPn>PL.PZGIK.200</sln:ulIIPPn><sln:ulIIPWersja>2016-11-24T23:18:21+02:00</sln:ulIIPWersja><sln:ulIdTeryt>24628</sln:ulIdTeryt><sln:ulNazwaGlowna>Wojska Polskiego</sln:ulNazwaGlowna><sln:ulTyp>ulica</sln:ulTyp><sln:waznyOd>2011-04-10T00:00:00+02:00</sln:waznyOd><sln:wojIIPId>c3f2202a-b491-49c5-a3af-d581108d939a</sln:wojIIPId><sln:wojIIPPn>PL.PZGIK.200</sln:wojIIPPn><sln:wojIIPWersja>2017-10-10T00:00:00+02:00</sln:wojIIPWersja><sln:wojIdTeryt>32</sln:wojIdTeryt><sln:wojNazwa>zachodniopomorskie</sln:wojNazwa></sln:ulica><sln:ulica><sln:cyklZyciaDo>2017-03-31T00:00:00+02:00</sln:cyklZyciaDo><sln:cyklZyciaOd>2015-06-11T00:00:00+02:00</sln:cyklZyciaOd><sln:gmIIPId>ffc29655-8189-49ec-ac27-e038ca1d63eb</sln:gmIIPId><sln:gmIIPPn>PL.PZGIK.200</sln:gmIIPPn><sln:gmIIPWersja>2012-09-26T22:34:23+02:00</sln:gmIIPWersja><sln:gmIdTeryt>3210022</sln:gmIdTeryt><sln:gmNazwa>Boleszkowice</sln:gmNazwa><sln:miejscIIPId>ce887d72-4c4a-4382-96a3-668a627e5fbe</sln:miejscIIPId><sln:miejscIIPPn>PL.PZGIK.200</sln:miejscIIPPn><sln:miejscIIPWersja>2016-11-24T09:33:40+02:00</sln:miejscIIPWersja><sln:miejscIdTeryt>0178896</sln:miejscIdTeryt><sln:miejscNazwa>Boleszkowice</sln:miejscNazwa><sln:miejscRodzaj>Wieś</sln:miejscRodzaj><sln:powIIPId>bf9906d2-91eb-4911-8ce0-8c8f3ea1986b</sln:powIIPId><sln:powIIPPn>PL.PZGIK.200</sln:powIIPPn><sln:powIIPWersja>2012-09-27T10:07:22+02:00</sln:powIIPWersja><sln:powIdTeryt>3210</sln:powIdTeryt><sln:powNazwa>myśliborski</sln:powNazwa><sln:ulIIPId>8a710144-36cb-403b-820a-55e6972156c6</sln:ulIIPId><sln:ulIIPPn>PL.PZGIK.200</sln:ulIIPPn><sln:ulIIPWersja>2016-11-24T23:18:21+02:00</sln:ulIIPWersja><sln:ulIdTeryt>26611</sln:ulIdTeryt><sln:ulNazwaGlowna>Żwirowa</sln:ulNazwaGlowna><sln:ulTyp>ulica</sln:ulTyp><sln:waznyOd>2011-04-10T00:00:00+02:00</sln:waznyOd><sln:wojIIPId>c3f2202a-b491-49c5-a3af-d581108d939a</sln:wojIIPId><sln:wojIIPPn>PL.PZGIK.200</sln:wojIIPPn><sln:wojIIPWersja>2017-10-10T00:00:00+02:00</sln:wojIIPWersja><sln:wojIdTeryt>32</sln:wojIdTeryt><sln:wojNazwa>zachodniopomorskie</sln:wojNazwa></sln:ulica><sln:ulica><sln:cyklZyciaDo>2017-03-31T00:00:00+02:00</sln:cyklZyciaDo><sln:cyklZyciaOd>2015-06-11T00:00:00+02:00</sln:cyklZyciaOd><sln:gmIIPId>ffc29655-8189-49ec-ac27-e038ca1d63eb</sln:gmIIPId><sln:gmIIPPn>PL.PZGIK.200</sln:gmIIPPn><sln:gmIIPWersja>2012-09-26T22:34:23+02:00</sln:gmIIPWersja><sln:gmIdTeryt>3210022</sln:gmIdTeryt><sln:gmNazwa>Boleszkowice</sln:gmNazwa><sln:miejscIIPId>ce887d72-4c4a-4382-96a3-668a627e5fbe</sln:miejscIIPId><sln:miejscIIPPn>PL.PZGIK.200</sln:miejscIIPPn><sln:miejscIIPWersja>2016-11-24T09:33:40+02:00</sln:miejscIIPWersja><sln:miejscIdTeryt>0178896</sln:miejscIdTeryt><sln:miejscNazwa>Boleszkowice</sln:miejscNazwa><sln:miejscRodzaj>Wieś</sln:miejscRodzaj><sln:powIIPId>bf9906d2-91eb-4911-8ce0-8c8f3ea1986b</sln:powIIPId><sln:powIIPPn>PL.PZGIK.200</sln:powIIPPn><sln:powIIPWersja>2012-09-27T10:07:22+02:00</sln:powIIPWersja><sln:powIdTeryt>3210</sln:powIdTeryt><sln:powNazwa>myśliborski</sln:powNazwa><sln:ulIIPId>498a9db3-5471-4aa0-989e-e8a0c312b5fe</sln:ulIIPId><sln:ulIIPPn>PL.PZGIK.200</sln:ulIIPPn><sln:ulIIPWersja>2016-11-24T23:18:21+02:00</sln:ulIIPWersja><sln:ulIdTeryt>26325</sln:ulIdTeryt><sln:ulNazwaGlowna>Zwycięstwa</sln:ulNazwaGlowna><sln:ulTyp>ulica</sln:ulTyp><sln:waznyOd>2011-04-10T00:00:00+02:00</sln:waznyOd><sln:wojIIPId>c3f2202a-b491-49c5-a3af-d581108d939a</sln:wojIIPId><sln:wojIIPPn>PL.PZGIK.200</sln:wojIIPPn><sln:wojIIPWersja>2017-10-10T00:00:00+02:00</sln:wojIIPWersja><sln:wojIdTeryt>32</sln:wojIdTeryt><sln:wojNazwa>zachodniopomorskie</sln:wojNazwa></sln:ulica><sln:ulica><sln:cyklZyciaDo>2017-03-31T00:00:00+02:00</sln:cyklZyciaDo><sln:cyklZyciaOd>2015-06-11T00:00:00+02:00</sln:cyklZyciaOd><sln:gmIIPId>ffc29655-8189-49ec-ac27-e038ca1d63eb</sln:gmIIPId><sln:gmIIPPn>PL.PZGIK.200</sln:gmIIPPn><sln:gmIIPWersja>2012-09-26T22:34:23+02:00</sln:gmIIPWersja><sln:gmIdTeryt>3210022</sln:gmIdTeryt><sln:gmNazwa>Boleszkowice</sln:gmNazwa><sln:miejscIIPId>ce887d72-4c4a-4382-96a3-668a627e5fbe</sln:miejscIIPId><sln:miejscIIPPn>PL.PZGIK.200</sln:miejscIIPPn><sln:miejscIIPWersja>2016-11-24T09:33:40+02:00</sln:miejscIIPWersja><sln:miejscIdTeryt>0178896</sln:miejscIdTeryt><sln:miejscNazwa>Boleszkowice</sln:miejscNazwa><sln:miejscRodzaj>Wieś</sln:miejscRodzaj><sln:powIIPId>bf9906d2-91eb-4911-8ce0-8c8f3ea1986b</sln:powIIPId><sln:powIIPPn>PL.PZGIK.200</sln:powIIPPn><sln:powIIPWersja>2012-09-27T10:07:22+02:00</sln:powIIPWersja><sln:powIdTeryt>3210</sln:powIdTeryt><sln:powNazwa>myśliborski</sln:powNazwa><sln:ulIIPId>2f2c5edf-365a-4499-b27e-20c5a34746a3</sln:ulIIPId><sln:ulIIPPn>PL.PZGIK.200</sln:ulIIPPn><sln:ulIIPWersja>2016-11-24T23:18:21+02:00</sln:ulIIPWersja><sln:ulIdTeryt>20641</sln:ulIdTeryt><sln:ulNazwaGlowna>Spacerowa</sln:ulNazwaGlowna><sln:ulTyp>ulica</sln:ulTyp><sln:waznyOd>2013-05-06T00:00:00+02:00</sln:waznyOd><sln:wojIIPId>c3f2202a-b491-49c5-a3af-d581108d939a</sln:wojIIPId><sln:wojIIPPn>PL.PZGIK.200</sln:wojIIPPn><sln:wojIIPWersja>2017-10-10T00:00:00+02:00</sln:wojIIPWersja><sln:wojIdTeryt>32</sln:wojIdTeryt><sln:wojNazwa>zachodniopomorskie</sln:wojNazwa></sln:ulica><sln:ulica><sln:cyklZyciaDo>2017-03-31T00:00:00+02:00</sln:cyklZyciaDo><sln:cyklZyciaOd>2015-06-11T00:00:00+02:00</sln:cyklZyciaOd><sln:gmIIPId>ffc29655-8189-49ec-ac27-e038ca1d63eb</sln:gmIIPId><sln:gmIIPPn>PL.PZGIK.200</sln:gmIIPPn><sln:gmIIPWersja>2012-09-26T22:34:23+02:00</sln:gmIIPWersja><sln:gmIdTeryt>3210022</sln:gmIdTeryt><sln:gmNazwa>Boleszkowice</sln:gmNazwa><sln:miejscIIPId>ce887d72-4c4a-4382-96a3-668a627e5fbe</sln:miejscIIPId><sln:miejscIIPPn>PL.PZGIK.200</sln:miejscIIPPn><sln:miejscIIPWersja>2016-11-24T09:33:40+02:00</sln:miejscIIPWersja><sln:miejscIdTeryt>0178896</sln:miejscIdTeryt><sln:miejscNazwa>Boleszkowice</sln:miejscNazwa><sln:miejscRodzaj>Wieś</sln:miejscRodzaj><sln:powIIPId>bf9906d2-91eb-4911-8ce0-8c8f3ea1986b</sln:powIIPId><sln:powIIPPn>PL.PZGIK.200</sln:powIIPPn><sln:powIIPWersja>2012-09-27T10:07:22+02:00</sln:powIIPWersja><sln:powIdTeryt>3210</sln:powIdTeryt><sln:powNazwa>myśliborski</sln:powNazwa><sln:ulIIPId>68e4ba6f-6491-425c-8abc-046ecbf4cadb</sln:ulIIPId><sln:ulIIPPn>PL.PZGIK.200</sln:ulIIPPn><sln:ulIIPWersja>2016-11-24T23:18:21+02:00</sln:ulIIPWersja><sln:ulIdTeryt>15242</sln:ulIdTeryt><sln:ulNazwaGlowna>Osiedle 40-lecia PRL</sln:ulNazwaGlowna><sln:ulTyp>ulica</sln:ulTyp><sln:waznyOd>2011-04-10T00:00:00+02:00</sln:waznyOd><sln:wojIIPId>c3f2202a-b491-49c5-a3af-d581108d939a</sln:wojIIPId><sln:wojIIPPn>PL.PZGIK.200</sln:wojIIPPn><sln:wojIIPWersja>2017-10-10T00:00:00+02:00</sln:wojIIPWersja><sln:wojIdTeryt>32</sln:wojIdTeryt><sln:wojNazwa>zachodniopomorskie</sln:wojNazwa></sln:ulica><sln:ulica><sln:cyklZyciaDo>2017-03-31T00:00:00+02:00</sln:cyklZyciaDo><sln:cyklZyciaOd>2015-06-11T00:00:00+02:00</sln:cyklZyciaOd><sln:gmIIPId>ffc29655-8189-49ec-ac27-e038ca1d63eb</sln:gmIIPId><sln:gmIIPPn>PL.PZGIK.200</sln:gmIIPPn><sln:gmIIPWersja>2012-09-26T22:34:23+02:00</sln:gmIIPWersja><sln:gmIdTeryt>3210022</sln:gmIdTeryt><sln:gmNazwa>Boleszkowice</sln:gmNazwa><sln:miejscIIPId>ce887d72-4c4a-4382-96a3-668a627e5fbe</sln:miejscIIPId><sln:miejscIIPPn>PL.PZGIK.200</sln:miejscIIPPn><sln:miejscIIPWersja>2016-11-24T09:33:40+02:00</sln:miejscIIPWersja><sln:miejscIdTeryt>0178896</sln:miejscIdTeryt><sln:miejscNazwa>Boleszkowice</sln:miejscNazwa><sln:miejscRodzaj>Wieś</sln:miejscRodzaj><sln:powIIPId>bf9906d2-91eb-4911-8ce0-8c8f3ea1986b</sln:powIIPId><sln:powIIPPn>PL.PZGIK.200</sln:powIIPPn><sln:powIIPWersja>2012-09-27T10:07:22+02:00</sln:powIIPWersja><sln:powIdTeryt>3210</sln:powIdTeryt><sln:powNazwa>myśliborski</sln:powNazwa><sln:ulIIPId>52017030-4b0f-4d6c-8a55-1483dba6b9df</sln:ulIIPId><sln:ulIIPPn>PL.PZGIK.200</sln:ulIIPPn><sln:ulIIPWersja>2016-11-24T23:18:21+02:00</sln:ulIIPWersja><sln:ulIdTeryt>00458</sln:ulIdTeryt><sln:ulNazwaGlowna>Artylerzystów</sln:ulNazwaGlowna><sln:ulTyp>ulica</sln:ulTyp><sln:waznyOd>2011-04-10T00:00:00+02:00</sln:waznyOd><sln:wojIIPId>c3f2202a-b491-49c5-a3af-d581108d939a</sln:wojIIPId><sln:wojIIPPn>PL.PZGIK.200</sln:wojIIPPn><sln:wojIIPWersja>2017-10-10T00:00:00+02:00</sln:wojIIPWersja><sln:wojIdTeryt>32</sln:wojIdTeryt><sln:wojNazwa>zachodniopomorskie</sln:wojNazwa></sln:ulica><sln:ulica><sln:cyklZyciaDo>2017-03-31T00:00:00+02:00</sln:cyklZyciaDo><sln:cyklZyciaOd>2015-06-11T00:00:00+02:00</sln:cyklZyciaOd><sln:gmIIPId>ffc29655-8189-49ec-ac27-e038ca1d63eb</sln:gmIIPId><sln:gmIIPPn>PL.PZGIK.200</sln:gmIIPPn><sln:gmIIPWersja>2012-09-26T22:34:23+02:00</sln:gmIIPWersja><sln:gmIdTeryt>3210022</sln:gmIdTeryt><sln:gmNazwa>Boleszkowice</sln:gmNazwa><sln:miejscIIPId>ce887d72-4c4a-4382-96a3-668a627e5fbe</sln:miejscIIPId><sln:miejscIIPPn>PL.PZGIK.200</sln:miejscIIPPn><sln:miejscIIPWersja>2016-11-24T09:33:40+02:00</sln:miejscIIPWersja><sln:miejscIdTeryt>0178896</sln:miejscIdTeryt><sln:miejscNazwa>Boleszkowice</sln:miejscNazwa><sln:miejscRodzaj>Wieś</sln:miejscRodzaj><sln:powIIPId>bf9906d2-91eb-4911-8ce0-8c8f3ea1986b</sln:powIIPId><sln:powIIPPn>PL.PZGIK.200</sln:powIIPPn><sln:powIIPWersja>2012-09-27T10:07:22+02:00</sln:powIIPWersja><sln:powIdTeryt>3210</sln:powIdTeryt><sln:powNazwa>myśliborski</sln:powNazwa><sln:ulIIPId>feccfe44-9719-46bc-b579-2ca12493537b</sln:ulIIPId><sln:ulIIPPn>PL.PZGIK.200</sln:ulIIPPn><sln:ulIIPWersja>2016-11-24T23:18:21+02:00</sln:ulIIPWersja><sln:ulIdTeryt>01741</sln:ulIdTeryt><sln:ulNazwaGlowna>Bolesława Chrobrego</sln:ulNazwaGlowna><sln:ulTyp>ulica</sln:ulTyp><sln:waznyOd>2011-04-10T00:00:00+02:00</sln:waznyOd><sln:wojIIPId>c3f2202a-b491-49c5-a3af-d581108d939a</sln:wojIIPId><sln:wojIIPPn>PL.PZGIK.200</sln:wojIIPPn><sln:wojIIPWersja>2017-10-10T00:00:00+02:00</sln:wojIIPWersja><sln:wojIdTeryt>32</sln:wojIdTeryt><sln:wojNazwa>zachodniopomorskie</sln:wojNazwa></sln:ulica><sln:ulica><sln:cyklZyciaDo>2017-03-31T00:00:00+02:00</sln:cyklZyciaDo><sln:cyklZyciaOd>2015-06-11T00:00:00+02:00</sln:cyklZyciaOd><sln:gmIIPId>ffc29655-8189-49ec-ac27-e038ca1d63eb</sln:gmIIPId><sln:gmIIPPn>PL.PZGIK.200</sln:gmIIPPn><sln:gmIIPWersja>2012-09-26T22:34:23+02:00</sln:gmIIPWersja><sln:gmIdTeryt>3210022</sln:gmIdTeryt><sln:gmNazwa>Boleszkowice</sln:gmNazwa><sln:miejscIIPId>ce887d72-4c4a-4382-96a3-668a627e5fbe</sln:miejscIIPId><sln:miejscIIPPn>PL.PZGIK.200</sln:miejscIIPPn><sln:miejscIIPWersja>2016-11-24T09:33:40+02:00</sln:miejscIIPWersja><sln:miejscIdTeryt>0178896</sln:miejscIdTeryt><sln:miejscNazwa>Boleszkowice</sln:miejscNazwa><sln:miejscRodzaj>Wieś</sln:miejscRodzaj><sln:powIIPId>bf9906d2-91eb-4911-8ce0-8c8f3ea1986b</sln:powIIPId><sln:powIIPPn>PL.PZGIK.200</sln:powIIPPn><sln:powIIPWersja>2012-09-27T10:07:22+02:00</sln:powIIPWersja><sln:powIdTeryt>3210</sln:powIdTeryt><sln:powNazwa>myśliborski</sln:powNazwa><sln:ulIIPId>797bf7b2-c555-4c7b-87c3-b6f6210af06c</sln:ulIIPId><sln:ulIIPPn>PL.PZGIK.200</sln:ulIIPPn><sln:ulIIPWersja>2016-11-24T23:18:21+02:00</sln:ulIIPWersja><sln:ulIdTeryt>04078</sln:ulIdTeryt><sln:ulNazwaGlowna>Domańskiego</sln:ulNazwaGlowna><sln:ulTyp>ulica</sln:ulTyp><sln:waznyOd>2011-04-10T00:00:00+02:00</sln:waznyOd><sln:wojIIPId>c3f2202a-b491-49c5-a3af-d581108d939a</sln:wojIIPId><sln:wojIIPPn>PL.PZGIK.200</sln:wojIIPPn><sln:wojIIPWersja>2017-10-10T00:00:00+02:00</sln:wojIIPWersja><sln:wojIdTeryt>32</sln:wojIdTeryt><sln:wojNazwa>zachodniopomorskie</sln:wojNazwa></sln:ulica><sln:ulica><sln:cyklZyciaDo>2017-03-31T00:00:00+02:00</sln:cyklZyciaDo><sln:cyklZyciaOd>2015-06-11T00:00:00+02:00</sln:cyklZyciaOd><sln:gmIIPId>ffc29655-8189-49ec-ac27-e038ca1d63eb</sln:gmIIPId><sln:gmIIPPn>PL.PZGIK.200</sln:gmIIPPn><sln:gmIIPWersja>2012-09-26T22:34:23+02:00</sln:gmIIPWersja><sln:gmIdTeryt>3210022</sln:gmIdTeryt><sln:gmNazwa>Boleszkowice</sln:gmNazwa><sln:miejscIIPId>ce887d72-4c4a-4382-96a3-668a627e5fbe</sln:miejscIIPId><sln:miejscIIPPn>PL.PZGIK.200</sln:miejscIIPPn><sln:miejscIIPWersja>2016-11-24T09:33:40+02:00</sln:miejscIIPWersja><sln:miejscIdTeryt>0178896</sln:miejscIdTeryt><sln:miejscNazwa>Boleszkowice</sln:miejscNazwa><sln:miejscRodzaj>Wieś</sln:miejscRodzaj><sln:powIIPId>bf9906d2-91eb-4911-8ce0-8c8f3ea1986b</sln:powIIPId><sln:powIIPPn>PL.PZGIK.200</sln:powIIPPn><sln:powIIPWersja>2012-09-27T10:07:22+02:00</sln:powIIPWersja><sln:powIdTeryt>3210</sln:powIdTeryt><sln:powNazwa>myśliborski</sln:powNazwa><sln:ulIIPId>b2c7b127-988f-46a2-97b6-8b84f64a8042</sln:ulIIPId><sln:ulIIPPn>PL.PZGIK.200</sln:ulIIPPn><sln:ulIIPWersja>2016-11-24T23:18:21+02:00</sln:ulIIPWersja><sln:ulIdTeryt>09572</sln:ulIdTeryt><sln:ulNazwaGlowna>Kościuszki</sln:ulNazwaGlowna><sln:ulTyp>ulica</sln:ulTyp><sln:waznyOd>2011-04-10T00:00:00+02:00</sln:waznyOd><sln:wojIIPId>c3f2202a-b491-49c5-a3af-d581108d939a</sln:wojIIPId><sln:wojIIPPn>PL.PZGIK.200</sln:wojIIPPn><sln:wojIIPWersja>2017-10-10T00:00:00+02:00</sln:wojIIPWersja><sln:wojIdTeryt>32</sln:wojIdTeryt><sln:wojNazwa>zachodniopomorskie</sln:wojNazwa></sln:ulica><sln:ulica><sln:cyklZyciaDo>2017-03-31T00:00:00+02:00</sln:cyklZyciaDo><sln:cyklZyciaOd>2015-06-11T00:00:00+02:00</sln:cyklZyciaOd><sln:gmIIPId>ffc29655-8189-49ec-ac27-e038ca1d63eb</sln:gmIIPId><sln:gmIIPPn>PL.PZGIK.200</sln:gmIIPPn><sln:gmIIPWersja>2012-09-26T22:34:23+02:00</sln:gmIIPWersja><sln:gmIdTeryt>3210022</sln:gmIdTeryt><sln:gmNazwa>Boleszkowice</sln:gmNazwa><sln:miejscIIPId>ce887d72-4c4a-4382-96a3-668a627e5fbe</sln:miejscIIPId><sln:miejscIIPPn>PL.PZGIK.200</sln:miejscIIPPn><sln:miejscIIPWersja>2016-11-24T09:33:40+02:00</sln:miejscIIPWersja><sln:miejscIdTeryt>0178896</sln:miejscIdTeryt><sln:miejscNazwa>Boleszkowice</sln:miejscNazwa><sln:miejscRodzaj>Wieś</sln:miejscRodzaj><sln:powIIPId>bf9906d2-91eb-4911-8ce0-8c8f3ea1986b</sln:powIIPId><sln:powIIPPn>PL.PZGIK.200</sln:powIIPPn><sln:powIIPWersja>2012-09-27T10:07:22+02:00</sln:powIIPWersja><sln:powIdTeryt>3210</sln:powIdTeryt><sln:powNazwa>myśliborski</sln:powNazwa><sln:ulIIPId>d3c347a5-fcdf-4085-b6d5-9a2dfe64814e</sln:ulIIPId><sln:ulIIPPn>PL.PZGIK.200</sln:ulIIPPn><sln:ulIIPWersja>2016-11-24T23:18:21+02:00</sln:ulIIPWersja><sln:ulIdTeryt>10898</sln:ulIdTeryt><sln:ulNazwaGlowna>Leśna</sln:ulNazwaGlowna><sln:ulTyp>ulica</sln:ulTyp><sln:waznyOd>2011-04-10T00:00:00+02:00</sln:waznyOd><sln:wojIIPId>c3f2202a-b491-49c5-a3af-d581108d939a</sln:wojIIPId><sln:wojIIPPn>PL.PZGIK.200</sln:wojIIPPn><sln:wojIIPWersja>2017-10-10T00:00:00+02:00</sln:wojIIPWersja><sln:wojIdTeryt>32</sln:wojIdTeryt><sln:wojNazwa>zachodniopomorskie</sln:wojNazwa></sln:ulica><sln:ulica><sln:cyklZyciaDo>2017-03-31T00:00:00+02:00</sln:cyklZyciaDo><sln:cyklZyciaOd>2015-06-11T00:00:00+02:00</sln:cyklZyciaOd><sln:gmIIPId>ffc29655-8189-49ec-ac27-e038ca1d63eb</sln:gmIIPId><sln:gmIIPPn>PL.PZGIK.200</sln:gmIIPPn><sln:gmIIPWersja>2012-09-26T22:34:23+02:00</sln:gmIIPWersja><sln:gmIdTeryt>3210022</sln:gmIdTeryt><sln:gmNazwa>Boleszkowice</sln:gmNazwa><sln:miejscIIPId>ce887d72-4c4a-4382-96a3-668a627e5fbe</sln:miejscIIPId><sln:miejscIIPPn>PL.PZGIK.200</sln:miejscIIPPn><sln:miejscIIPWersja>2016-11-24T09:33:40+02:00</sln:miejscIIPWersja><sln:miejscIdTeryt>0178896</sln:miejscIdTeryt><sln:miejscNazwa>Boleszkowice</sln:miejscNazwa><sln:miejscRodzaj>Wieś</sln:miejscRodzaj><sln:powIIPId>bf9906d2-91eb-4911-8ce0-8c8f3ea1986b</sln:powIIPId><sln:powIIPPn>PL.PZGIK.200</sln:powIIPPn><sln:powIIPWersja>2012-09-27T10:07:22+02:00</sln:powIIPWersja><sln:powIdTeryt>3210</sln:powIdTeryt><sln:powNazwa>myśliborski</sln:powNazwa><sln:ulIIPId>ba8a1db3-e62e-47cc-b5ff-9fa40c99f24e</sln:ulIIPId><sln:ulIIPPn>PL.PZGIK.200</sln:ulIIPPn><sln:ulIIPWersja>2016-11-24T23:18:21+02:00</sln:ulIIPWersja><sln:ulIdTeryt>20683</sln:ulIdTeryt><sln:ulNazwaGlowna>Sportowa</sln:ulNazwaGlowna><sln:ulTyp>ulica</sln:ulTyp><sln:waznyOd>2013-05-06T00:00:00+02:00</sln:waznyOd><sln:wojIIPId>c3f2202a-b491-49c5-a3af-d581108d939a</sln:wojIIPId><sln:wojIIPPn>PL.PZGIK.200</sln:wojIIPPn><sln:wojIIPWersja>2017-10-10T00:00:00+02:00</sln:wojIIPWersja><sln:wojIdTeryt>32</sln:wojIdTeryt><sln:wojNazwa>zachodniopomorskie</sln:wojNazwa></sln:ulica><sln:ulica><sln:cyklZyciaDo>2017-03-31T00:00:00+02:00</sln:cyklZyciaDo><sln:cyklZyciaOd>2015-06-11T00:00:00+02:00</sln:cyklZyciaOd><sln:gmIIPId>ffc29655-8189-49ec-ac27-e038ca1d63eb</sln:gmIIPId><sln:gmIIPPn>PL.PZGIK.200</sln:gmIIPPn><sln:gmIIPWersja>2012-09-26T22:34:23+02:00</sln:gmIIPWersja><sln:gmIdTeryt>3210022</sln:gmIdTeryt><sln:gmNazwa>Boleszkowice</sln:gmNazwa><sln:miejscIIPId>ce887d72-4c4a-4382-96a3-668a627e5fbe</sln:miejscIIPId><sln:miejscIIPPn>PL.PZGIK.200</sln:miejscIIPPn><sln:miejscIIPWersja>2016-11-24T09:33:40+02:00</sln:miejscIIPWersja><sln:miejscIdTeryt>0178896</sln:miejscIdTeryt><sln:miejscNazwa>Boleszkowice</sln:miejscNazwa><sln:miejscRodzaj>Wieś</sln:miejscRodzaj><sln:powIIPId>bf9906d2-91eb-4911-8ce0-8c8f3ea1986b</sln:powIIPId><sln:powIIPPn>PL.PZGIK.200</sln:powIIPPn><sln:powIIPWersja>2012-09-27T10:07:22+02:00</sln:powIIPWersja><sln:powIdTeryt>3210</sln:powIdTeryt><sln:powNazwa>myśliborski</sln:powNazwa><sln:ulIIPId>e95aab62-c64b-43a7-bdf9-252987b79708</sln:ulIIPId><sln:ulIIPPn>PL.PZGIK.200</sln:ulIIPPn><sln:ulIIPWersja>2016-11-24T23:18:21+02:00</sln:ulIIPWersja><sln:ulIdTeryt>11139</sln:ulIdTeryt><sln:ulNazwaGlowna>Lipowa</sln:ulNazwaGlowna><sln:ulTyp>ulica</sln:ulTyp><sln:waznyOd>2011-04-10T00:00:00+02:00</sln:waznyOd><sln:wojIIPId>c3f2202a-b491-49c5-a3af-d581108d939a</sln:wojIIPId><sln:wojIIPPn>PL.PZGIK.200</sln:wojIIPPn><sln:wojIIPWersja>2017-10-10T00:00:00+02:00</sln:wojIIPWersja><sln:wojIdTeryt>32</sln:wojIdTeryt><sln:wojNazwa>zachodniopomorskie</sln:wojNazwa></sln:ulica><sln:ulica><sln:cyklZyciaDo>2017-03-31T00:00:00+02:00</sln:cyklZyciaDo><sln:cyklZyciaOd>2015-06-11T00:00:00+02:00</sln:cyklZyciaOd><sln:gmIIPId>ffc29655-8189-49ec-ac27-e038ca1d63eb</sln:gmIIPId><sln:gmIIPPn>PL.PZGIK.200</sln:gmIIPPn><sln:gmIIPWersja>2012-09-26T22:34:23+02:00</sln:gmIIPWersja><sln:gmIdTeryt>3210022</sln:gmIdTeryt><sln:gmNazwa>Boleszkowice</sln:gmNazwa><sln:miejscIIPId>ce887d72-4c4a-4382-96a3-668a627e5fbe</sln:miejscIIPId><sln:miejscIIPPn>PL.PZGIK.200</sln:miejscIIPPn><sln:miejscIIPWersja>2016-11-24T09:33:40+02:00</sln:miejscIIPWersja><sln:miejscIdTeryt>0178896</sln:miejscIdTeryt><sln:miejscNazwa>Boleszkowice</sln:miejscNazwa><sln:miejscRodzaj>Wieś</sln:miejscRodzaj><sln:powIIPId>bf9906d2-91eb-4911-8ce0-8c8f3ea1986b</sln:powIIPId><sln:powIIPPn>PL.PZGIK.200</sln:powIIPPn><sln:powIIPWersja>2012-09-27T10:07:22+02:00</sln:powIIPWersja><sln:powIdTeryt>3210</sln:powIdTeryt><sln:powNazwa>myśliborski</sln:powNazwa><sln:ulIIPId>7d8bc9de-06b3-455f-bdbf-16d730802e92</sln:ulIIPId><sln:ulIIPPn>PL.PZGIK.200</sln:ulIIPPn><sln:ulIIPWersja>2016-11-24T23:18:21+02:00</sln:ulIIPWersja><sln:ulIdTeryt>11460</sln:ulIdTeryt><sln:ulNazwaGlowna>Lutyków</sln:ulNazwaGlowna><sln:ulTyp>ulica</sln:ulTyp><sln:waznyOd>2011-04-10T00:00:00+02:00</sln:waznyOd><sln:wojIIPId>c3f2202a-b491-49c5-a3af-d581108d939a</sln:wojIIPId><sln:wojIIPPn>PL.PZGIK.200</sln:wojIIPPn><sln:wojIIPWersja>2017-10-10T00:00:00+02:00</sln:wojIIPWersja><sln:wojIdTeryt>32</sln:wojIdTeryt><sln:wojNazwa>zachodniopomorskie</sln:wojNazwa></sln:ulica><sln:ulica><sln:cyklZyciaDo>2017-03-31T00:00:00+02:00</sln:cyklZyciaDo><sln:cyklZyciaOd>2015-06-11T00:00:00+02:00</sln:cyklZyciaOd><sln:gmIIPId>ffc29655-8189-49ec-ac27-e038ca1d63eb</sln:gmIIPId><sln:gmIIPPn>PL.PZGIK.200</sln:gmIIPPn><sln:gmIIPWersja>2012-09-26T22:34:23+02:00</sln:gmIIPWersja><sln:gmIdTeryt>3210022</sln:gmIdTeryt><sln:gmNazwa>Boleszkowice</sln:gmNazwa><sln:miejscIIPId>ce887d72-4c4a-4382-96a3-668a627e5fbe</sln:miejscIIPId><sln:miejscIIPPn>PL.PZGIK.200</sln:miejscIIPPn><sln:miejscIIPWersja>2016-11-24T09:33:40+02:00</sln:miejscIIPWersja><sln:miejscIdTeryt>0178896</sln:miejscIdTeryt><sln:miejscNazwa>Boleszkowice</sln:miejscNazwa><sln:miejscRodzaj>Wieś</sln:miejscRodzaj><sln:powIIPId>bf9906d2-91eb-4911-8ce0-8c8f3ea1986b</sln:powIIPId><sln:powIIPPn>PL.PZGIK.200</sln:powIIPPn><sln:powIIPWersja>2012-09-27T10:07:22+02:00</sln:powIIPWersja><sln:powIdTeryt>3210</sln:powIdTeryt><sln:powNazwa>myśliborski</sln:powNazwa><sln:ulIIPId>b7bf7af0-7fa6-4466-a0ef-545aa60a27f3</sln:ulIIPId><sln:ulIIPPn>PL.PZGIK.200</sln:ulIIPPn><sln:ulIIPWersja>2016-11-24T23:18:21+02:00</sln:ulIIPWersja><sln:ulIdTeryt>23795</sln:ulIdTeryt><sln:ulNazwaGlowna>Wąska</sln:ulNazwaGlowna><sln:ulTyp>ulica</sln:ulTyp><sln:waznyOd>2011-04-10T00:00:00+02:00</sln:waznyOd><sln:wojIIPId>c3f2202a-b491-49c5-a3af-d581108d939a</sln:wojIIPId><sln:wojIIPPn>PL.PZGIK.200</sln:wojIIPPn><sln:wojIIPWersja>2017-10-10T00:00:00+02:00</sln:wojIIPWersja><sln:wojIdTeryt>32</sln:wojIdTeryt><sln:wojNazwa>zachodniopomorskie</sln:wojNazwa></sln:ulica><sln:ulica><sln:cyklZyciaDo>2017-03-31T00:00:00+02:00</sln:cyklZyciaDo><sln:cyklZyciaOd>2015-06-11T00:00:00+02:00</sln:cyklZyciaOd><sln:gmIIPId>ffc29655-8189-49ec-ac27-e038ca1d63eb</sln:gmIIPId><sln:gmIIPPn>PL.PZGIK.200</sln:gmIIPPn><sln:gmIIPWersja>2012-09-26T22:34:23+02:00</sln:gmIIPWersja><sln:gmIdTeryt>3210022</sln:gmIdTeryt><sln:gmNazwa>Boleszkowice</sln:gmNazwa><sln:miejscIIPId>ce887d72-4c4a-4382-96a3-668a627e5fbe</sln:miejscIIPId><sln:miejscIIPPn>PL.PZGIK.200</sln:miejscIIPPn><sln:miejscIIPWersja>2016-11-24T09:33:40+02:00</sln:miejscIIPWersja><sln:miejscIdTeryt>0178896</sln:miejscIdTeryt><sln:miejscNazwa>Boleszkowice</sln:miejscNazwa><sln:miejscRodzaj>Wieś</sln:miejscRodzaj><sln:powIIPId>bf9906d2-91eb-4911-8ce0-8c8f3ea1986b</sln:powIIPId><sln:powIIPPn>PL.PZGIK.200</sln:powIIPPn><sln:powIIPWersja>2012-09-27T10:07:22+02:00</sln:powIIPWersja><sln:powIdTeryt>3210</sln:powIdTeryt><sln:powNazwa>myśliborski</sln:powNazwa><sln:ulIIPId>24f249e7-1ecb-4f01-90d4-fc1dadf803fb</sln:ulIIPId><sln:ulIIPPn>PL.PZGIK.200</sln:ulIIPPn><sln:ulIIPWersja>2016-11-24T23:18:21+02:00</sln:ulIIPWersja><sln:ulIdTeryt>26464</sln:ulIdTeryt><sln:ulNazwaGlowna>Żeromskiego</sln:ulNazwaGlowna><sln:ulTyp>ulica</sln:ulTyp><sln:waznyOd>2011-04-10T00:00:00+02:00</sln:waznyOd><sln:wojIIPId>c3f2202a-b491-49c5-a3af-d581108d939a</sln:wojIIPId><sln:wojIIPPn>PL.PZGIK.200</sln:wojIIPPn><sln:wojIIPWersja>2017-10-10T00:00:00+02:00</sln:wojIIPWersja><sln:wojIdTeryt>32</sln:wojIdTeryt><sln:wojNazwa>zachodniopomorskie</sln:wojNazwa></sln:ulica><sln:ulica><sln:cyklZyciaDo>2017-03-31T00:00:00+02:00</sln:cyklZyciaDo><sln:cyklZyciaOd>2015-06-11T00:00:00+02:00</sln:cyklZyciaOd><sln:gmIIPId>ffc29655-8189-49ec-ac27-e038ca1d63eb</sln:gmIIPId><sln:gmIIPPn>PL.PZGIK.200</sln:gmIIPPn><sln:gmIIPWersja>2012-09-26T22:34:23+02:00</sln:gmIIPWersja><sln:gmIdTeryt>3210022</sln:gmIdTeryt><sln:gmNazwa>Boleszkowice</sln:gmNazwa><sln:miejscIIPId>ce887d72-4c4a-4382-96a3-668a627e5fbe</sln:miejscIIPId><sln:miejscIIPPn>PL.PZGIK.200</sln:miejscIIPPn><sln:miejscIIPWersja>2016-11-24T09:33:40+02:00</sln:miejscIIPWersja><sln:miejscIdTeryt>0178896</sln:miejscIdTeryt><sln:miejscNazwa>Boleszkowice</sln:miejscNazwa><sln:miejscRodzaj>Wieś</sln:miejscRodzaj><sln:powIIPId>bf9906d2-91eb-4911-8ce0-8c8f3ea1986b</sln:powIIPId><sln:powIIPPn>PL.PZGIK.200</sln:powIIPPn><sln:powIIPWersja>2012-09-27T10:07:22+02:00</sln:powIIPWersja><sln:powIdTeryt>3210</sln:powIdTeryt><sln:powNazwa>myśliborski</sln:powNazwa><sln:ulIIPId>104fd3f8-cd34-4e23-bce8-c0e81261e972</sln:ulIIPId><sln:ulIIPPn>PL.PZGIK.200</sln:ulIIPPn><sln:ulIIPWersja>2016-11-24T23:18:21+02:00</sln:ulIIPWersja><sln:ulIdTeryt>17100</sln:ulIdTeryt><sln:ulNazwaGlowna>Poniatowskiego</sln:ulNazwaGlowna><sln:ulTyp>ulica</sln:ulTyp><sln:waznyOd>2011-04-10T00:00:00+02:00</sln:waznyOd><sln:wojIIPId>c3f2202a-b491-49c5-a3af-d581108d939a</sln:wojIIPId><sln:wojIIPPn>PL.PZGIK.200</sln:wojIIPPn><sln:wojIIPWersja>2017-10-10T00:00:00+02:00</sln:wojIIPWersja><sln:wojIdTeryt>32</sln:wojIdTeryt><sln:wojNazwa>zachodniopomorskie</sln:wojNazwa></sln:ulica><sln:ulica><sln:cyklZyciaDo>2017-03-31T00:00:00+02:00</sln:cyklZyciaDo><sln:cyklZyciaOd>2016-06-28T00:00:00+02:00</sln:cyklZyciaOd><sln:gmIIPId>ffc29655-8189-49ec-ac27-e038ca1d63eb</sln:gmIIPId><sln:gmIIPPn>PL.PZGIK.200</sln:gmIIPPn><sln:gmIIPWersja>2012-09-26T22:34:23+02:00</sln:gmIIPWersja><sln:gmIdTeryt>3210022</sln:gmIdTeryt><sln:gmNazwa>Boleszkowice</sln:gmNazwa><sln:miejscIIPId>ce887d72-4c4a-4382-96a3-668a627e5fbe</sln:miejscIIPId><sln:miejscIIPPn>PL.PZGIK.200</sln:miejscIIPPn><sln:miejscIIPWersja>2016-11-24T09:33:40+02:00</sln:miejscIIPWersja><sln:miejscIdTeryt>0178896</sln:miejscIdTeryt><sln:miejscNazwa>Boleszkowice</sln:miejscNazwa><sln:miejscRodzaj>Wieś</sln:miejscRodzaj><sln:powIIPId>bf9906d2-91eb-4911-8ce0-8c8f3ea1986b</sln:powIIPId><sln:powIIPPn>PL.PZGIK.200</sln:powIIPPn><sln:powIIPWersja>2012-09-27T10:07:22+02:00</sln:powIIPWersja><sln:powIdTeryt>3210</sln:powIdTeryt><sln:powNazwa>myśliborski</sln:powNazwa><sln:ulIIPId>07181849-2bd2-4ff6-a03c-82a2801f2ff6</sln:ulIIPId><sln:ulIIPPn>PL.PZGIK.200</sln:ulIIPPn><sln:ulIIPWersja>2016-11-24T23:18:21+02:00</sln:ulIIPWersja><sln:ulIdTeryt>01741</sln:ulIdTeryt><sln:ulNazwaGlowna>Bolesława Chrobrego</sln:ulNazwaGlowna><sln:ulTyp>ulica</sln:ulTyp><sln:waznyOd>2011-04-10T00:00:00+02:00</sln:waznyOd><sln:wojIIPId>c3f2202a-b491-49c5-a3af-d581108d939a</sln:wojIIPId><sln:wojIIPPn>PL.PZGIK.200</sln:wojIIPPn><sln:wojIIPWersja>2017-10-10T00:00:00+02:00</sln:wojIIPWersja><sln:wojIdTeryt>32</sln:wojIdTeryt><sln:wojNazwa>zachodniopomorskie</sln:wojNazwa></sln:ulica><sln:ulica><sln:cyklZyciaDo>2017-03-31T00:00:00+02:00</sln:cyklZyciaDo><sln:cyklZyciaOd>2016-06-28T00:00:00+02:00</sln:cyklZyciaOd><sln:gmIIPId>ffc29655-8189-49ec-ac27-e038ca1d63eb</sln:gmIIPId><sln:gmIIPPn>PL.PZGIK.200</sln:gmIIPPn><sln:gmIIPWersja>2012-09-26T22:34:23+02:00</sln:gmIIPWersja><sln:gmIdTeryt>3210022</sln:gmIdTeryt><sln:gmNazwa>Boleszkowice</sln:gmNazwa><sln:miejscIIPId>ce887d72-4c4a-4382-96a3-668a627e5fbe</sln:miejscIIPId><sln:miejscIIPPn>PL.PZGIK.200</sln:miejscIIPPn><sln:miejscIIPWersja>2016-11-24T09:33:40+02:00</sln:miejscIIPWersja><sln:miejscIdTeryt>0178896</sln:miejscIdTeryt><sln:miejscNazwa>Boleszkowice</sln:miejscNazwa><sln:miejscRodzaj>Wieś</sln:miejscRodzaj><sln:powIIPId>bf9906d2-91eb-4911-8ce0-8c8f3ea1986b</sln:powIIPId><sln:powIIPPn>PL.PZGIK.200</sln:powIIPPn><sln:powIIPWersja>2012-09-27T10:07:22+02:00</sln:powIIPWersja><sln:powIdTeryt>3210</sln:powIdTeryt><sln:powNazwa>myśliborski</sln:powNazwa><sln:ulIIPId>4456d516-06be-44df-a0e0-c6eccaab3267</sln:ulIIPId><sln:ulIIPPn>PL.PZGIK.200</sln:ulIIPPn><sln:ulIIPWersja>2016-11-24T23:18:21+02:00</sln:ulIIPWersja><sln:ulIdTeryt>10009</sln:ulIdTeryt><sln:ulNazwaGlowna>Krótka</sln:ulNazwaGlowna><sln:ulTyp>ulica</sln:ulTyp><sln:waznyOd>2001-10-30T00:00:00+01:00</sln:waznyOd><sln:wojIIPId>c3f2202a-b491-49c5-a3af-d581108d939a</sln:wojIIPId><sln:wojIIPPn>PL.PZGIK.200</sln:wojIIPPn><sln:wojIIPWersja>2017-10-10T00:00:00+02:00</sln:wojIIPWersja><sln:wojIdTeryt>32</sln:wojIdTeryt><sln:wojNazwa>zachodniopomorskie</sln:wojNazwa></sln:ulica><sln:ulica><sln:cyklZyciaOd>2017-03-31T00:00:00+02:00</sln:cyklZyciaOd><sln:gmIIPId>ffc29655-8189-49ec-ac27-e038ca1d63eb</sln:gmIIPId><sln:gmIIPPn>PL.PZGIK.200</sln:gmIIPPn><sln:gmIIPWersja>2012-09-26T22:34:23+02:00</sln:gmIIPWersja><sln:gmIdTeryt>3210022</sln:gmIdTeryt><sln:gmNazwa>Boleszkowice</sln:gmNazwa><sln:miejscIIPId>ce887d72-4c4a-4382-96a3-668a627e5fbe</sln:miejscIIPId><sln:miejscIIPPn>PL.PZGIK.200</sln:miejscIIPPn><sln:miejscIIPWersja>2017-03-31T10:35:43+02:00</sln:miejscIIPWersja><sln:miejscIdTeryt>0178896</sln:miejscIdTeryt><sln:miejscNazwa>Boleszkowice</sln:miejscNazwa><sln:miejscRodzaj>Wieś</sln:miejscRodzaj><sln:powIIPId>bf9906d2-91eb-4911-8ce0-8c8f3ea1986b</sln:powIIPId><sln:powIIPPn>PL.PZGIK.200</sln:powIIPPn><sln:powIIPWersja>2012-09-27T10:07:22+02:00</sln:powIIPWersja><sln:powIdTeryt>3210</sln:powIdTeryt><sln:powNazwa>myśliborski</sln:powNazwa><sln:ulIIPId>c79c70aa-9e26-414c-bbf9-a1934a85abef</sln:ulIIPId><sln:ulIIPPn>PL.PZGIK.200</sln:ulIIPPn><sln:ulIIPWersja>2017-03-31T10:35:50+02:00</sln:ulIIPWersja><sln:ulIdTeryt>20683</sln:ulIdTeryt><sln:ulNazwaGlowna>Sportowa</sln:ulNazwaGlowna><sln:ulTyp>ulica</sln:ulTyp><sln:waznyOd>2013-05-06T00:00:00+02:00</sln:waznyOd><sln:wojIIPId>c3f2202a-b491-49c5-a3af-d581108d939a</sln:wojIIPId><sln:wojIIPPn>PL.PZGIK.200</sln:wojIIPPn><sln:wojIIPWersja>2017-10-10T00:00:00+02:00</sln:wojIIPWersja><sln:wojIdTeryt>32</sln:wojIdTeryt><sln:wojNazwa>zachodniopomorskie</sln:wojNazwa></sln:ulica><sln:ulica><sln:cyklZyciaOd>2017-03-31T00:00:00+02:00</sln:cyklZyciaOd><sln:gmIIPId>ffc29655-8189-49ec-ac27-e038ca1d63eb</sln:gmIIPId><sln:gmIIPPn>PL.PZGIK.200</sln:gmIIPPn><sln:gmIIPWersja>2012-09-26T22:34:23+02:00</sln:gmIIPWersja><sln:gmIdTeryt>3210022</sln:gmIdTeryt><sln:gmNazwa>Boleszkowice</sln:gmNazwa><sln:miejscIIPId>ce887d72-4c4a-4382-96a3-668a627e5fbe</sln:miejscIIPId><sln:miejscIIPPn>PL.PZGIK.200</sln:miejscIIPPn><sln:miejscIIPWersja>2017-03-31T10:35:43+02:00</sln:miejscIIPWersja><sln:miejscIdTeryt>0178896</sln:miejscIdTeryt><sln:miejscNazwa>Boleszkowice</sln:miejscNazwa><sln:miejscRodzaj>Wieś</sln:miejscRodzaj><sln:powIIPId>bf9906d2-91eb-4911-8ce0-8c8f3ea1986b</sln:powIIPId><sln:powIIPPn>PL.PZGIK.200</sln:powIIPPn><sln:powIIPWersja>2012-09-27T10:07:22+02:00</sln:powIIPWersja><sln:powIdTeryt>3210</sln:powIdTeryt><sln:powNazwa>myśliborski</sln:powNazwa><sln:ulIIPId>68c4ab42-b1e8-46fd-ae20-74c67ea51c0c</sln:ulIIPId><sln:ulIIPPn>PL.PZGIK.200</sln:ulIIPPn><sln:ulIIPWersja>2017-03-31T10:35:51+02:00</sln:ulIIPWersja><sln:ulIdTeryt>23682</sln:ulIdTeryt><sln:ulNazwaGlowna>Warszawska</sln:ulNazwaGlowna><sln:ulTyp>ulica</sln:ulTyp><sln:waznyOd>2011-04-10T00:00:00+02:00</sln:waznyOd><sln:wojIIPId>c3f2202a-b491-49c5-a3af-d581108d939a</sln:wojIIPId><sln:wojIIPPn>PL.PZGIK.200</sln:wojIIPPn><sln:wojIIPWersja>2017-10-10T00:00:00+02:00</sln:wojIIPWersja><sln:wojIdTeryt>32</sln:wojIdTeryt><sln:wojNazwa>zachodniopomorskie</sln:wojNazwa></sln:ulica><sln:ulica><sln:cyklZyciaOd>2017-03-31T00:00:00+02:00</sln:cyklZyciaOd><sln:gmIIPId>ffc29655-8189-49ec-ac27-e038ca1d63eb</sln:gmIIPId><sln:gmIIPPn>PL.PZGIK.200</sln:gmIIPPn><sln:gmIIPWersja>2012-09-26T22:34:23+02:00</sln:gmIIPWersja><sln:gmIdTeryt>3210022</sln:gmIdTeryt><sln:gmNazwa>Boleszkowice</sln:gmNazwa><sln:miejscIIPId>ce887d72-4c4a-4382-96a3-668a627e5fbe</sln:miejscIIPId><sln:miejscIIPPn>PL.PZGIK.200</sln:miejscIIPPn><sln:miejscIIPWersja>2017-03-31T10:35:43+02:00</sln:miejscIIPWersja><sln:miejscIdTeryt>0178896</sln:miejscIdTeryt><sln:miejscNazwa>Boleszkowice</sln:miejscNazwa><sln:miejscRodzaj>Wieś</sln:miejscRodzaj><sln:powIIPId>bf9906d2-91eb-4911-8ce0-8c8f3ea1986b</sln:powIIPId><sln:powIIPPn>PL.PZGIK.200</sln:powIIPPn><sln:powIIPWersja>2012-09-27T10:07:22+02:00</sln:powIIPWersja><sln:powIdTeryt>3210</sln:powIdTeryt><sln:powNazwa>myśliborski</sln:powNazwa><sln:ulIIPId>168095f5-add4-40c5-be8d-6cd80421315b</sln:ulIIPId><sln:ulIIPPn>PL.PZGIK.200</sln:ulIIPPn><sln:ulIIPWersja>2017-03-31T10:35:51+02:00</sln:ulIIPWersja><sln:ulIdTeryt>17394</sln:ulIdTeryt><sln:ulNazwaGlowna>Poznańska</sln:ulNazwaGlowna><sln:ulTyp>ulica</sln:ulTyp><sln:waznyOd>2011-04-10T00:00:00+02:00</sln:waznyOd><sln:wojIIPId>c3f2202a-b491-49c5-a3af-d581108d939a</sln:wojIIPId><sln:wojIIPPn>PL.PZGIK.200</sln:wojIIPPn><sln:wojIIPWersja>2017-10-10T00:00:00+02:00</sln:wojIIPWersja><sln:wojIdTeryt>32</sln:wojIdTeryt><sln:wojNazwa>zachodniopomorskie</sln:wojNazwa></sln:ulica><sln:ulica><sln:cyklZyciaOd>2017-03-31T00:00:00+02:00</sln:cyklZyciaOd><sln:gmIIPId>ffc29655-8189-49ec-ac27-e038ca1d63eb</sln:gmIIPId><sln:gmIIPPn>PL.PZGIK.200</sln:gmIIPPn><sln:gmIIPWersja>2012-09-26T22:34:23+02:00</sln:gmIIPWersja><sln:gmIdTeryt>3210022</sln:gmIdTeryt><sln:gmNazwa>Boleszkowice</sln:gmNazwa><sln:miejscIIPId>ce887d72-4c4a-4382-96a3-668a627e5fbe</sln:miejscIIPId><sln:miejscIIPPn>PL.PZGIK.200</sln:miejscIIPPn><sln:miejscIIPWersja>2017-03-31T10:35:43+02:00</sln:miejscIIPWersja><sln:miejscIdTeryt>0178896</sln:miejscIdTeryt><sln:miejscNazwa>Boleszkowice</sln:miejscNazwa><sln:miejscRodzaj>Wieś</sln:miejscRodzaj><sln:powIIPId>bf9906d2-91eb-4911-8ce0-8c8f3ea1986b</sln:powIIPId><sln:powIIPPn>PL.PZGIK.200</sln:powIIPPn><sln:powIIPWersja>2012-09-27T10:07:22+02:00</sln:powIIPWersja><sln:powIdTeryt>3210</sln:powIdTeryt><sln:powNazwa>myśliborski</sln:powNazwa><sln:ulIIPId>2e9fc8a5-707c-4408-90c2-fc2988d2424f</sln:ulIIPId><sln:ulIIPPn>PL.PZGIK.200</sln:ulIIPPn><sln:ulIIPWersja>2017-03-31T10:35:51+02:00</sln:ulIIPWersja><sln:ulIdTeryt>17011</sln:ulIdTeryt><sln:ulNazwaGlowna>Polna</sln:ulNazwaGlowna><sln:ulTyp>ulica</sln:ulTyp><sln:waznyOd>2011-04-10T00:00:00+02:00</sln:waznyOd><sln:wojIIPId>c3f2202a-b491-49c5-a3af-d581108d939a</sln:wojIIPId><sln:wojIIPPn>PL.PZGIK.200</sln:wojIIPPn><sln:wojIIPWersja>2017-10-10T00:00:00+02:00</sln:wojIIPWersja><sln:wojIdTeryt>32</sln:wojIdTeryt><sln:wojNazwa>zachodniopomorskie</sln:wojNazwa></sln:ulica><sln:ulica><sln:cyklZyciaOd>2017-03-31T00:00:00+02:00</sln:cyklZyciaOd><sln:gmIIPId>ffc29655-8189-49ec-ac27-e038ca1d63eb</sln:gmIIPId><sln:gmIIPPn>PL.PZGIK.200</sln:gmIIPPn><sln:gmIIPWersja>2012-09-26T22:34:23+02:00</sln:gmIIPWersja><sln:gmIdTeryt>3210022</sln:gmIdTeryt><sln:gmNazwa>Boleszkowice</sln:gmNazwa><sln:miejscIIPId>ce887d72-4c4a-4382-96a3-668a627e5fbe</sln:miejscIIPId><sln:miejscIIPPn>PL.PZGIK.200</sln:miejscIIPPn><sln:miejscIIPWersja>2017-03-31T10:35:43+02:00</sln:miejscIIPWersja><sln:miejscIdTeryt>0178896</sln:miejscIdTeryt><sln:miejscNazwa>Boleszkowice</sln:miejscNazwa><sln:miejscRodzaj>Wieś</sln:miejscRodzaj><sln:powIIPId>bf9906d2-91eb-4911-8ce0-8c8f3ea1986b</sln:powIIPId><sln:powIIPPn>PL.PZGIK.200</sln:powIIPPn><sln:powIIPWersja>2012-09-27T10:07:22+02:00</sln:powIIPWersja><sln:powIdTeryt>3210</sln:powIdTeryt><sln:powNazwa>myśliborski</sln:powNazwa><sln:ulIIPId>3c3f86ec-a4c1-4765-b8fb-ab18f7518830</sln:ulIIPId><sln:ulIIPPn>PL.PZGIK.200</sln:ulIIPPn><sln:ulIIPWersja>2017-03-31T10:35:51+02:00</sln:ulIIPWersja><sln:ulIdTeryt>26325</sln:ulIdTeryt><sln:ulNazwaGlowna>Zwycięstwa</sln:ulNazwaGlowna><sln:ulTyp>ulica</sln:ulTyp><sln:waznyOd>2011-04-10T00:00:00+02:00</sln:waznyOd><sln:wojIIPId>c3f2202a-b491-49c5-a3af-d581108d939a</sln:wojIIPId><sln:wojIIPPn>PL.PZGIK.200</sln:wojIIPPn><sln:wojIIPWersja>2017-10-10T00:00:00+02:00</sln:wojIIPWersja><sln:wojIdTeryt>32</sln:wojIdTeryt><sln:wojNazwa>zachodniopomorskie</sln:wojNazwa></sln:ulica><sln:ulica><sln:cyklZyciaOd>2017-03-31T00:00:00+02:00</sln:cyklZyciaOd><sln:gmIIPId>ffc29655-8189-49ec-ac27-e038ca1d63eb</sln:gmIIPId><sln:gmIIPPn>PL.PZGIK.200</sln:gmIIPPn><sln:gmIIPWersja>2012-09-26T22:34:23+02:00</sln:gmIIPWersja><sln:gmIdTeryt>3210022</sln:gmIdTeryt><sln:gmNazwa>Boleszkowice</sln:gmNazwa><sln:miejscIIPId>ce887d72-4c4a-4382-96a3-668a627e5fbe</sln:miejscIIPId><sln:miejscIIPPn>PL.PZGIK.200</sln:miejscIIPPn><sln:miejscIIPWersja>2017-03-31T10:35:43+02:00</sln:miejscIIPWersja><sln:miejscIdTeryt>0178896</sln:miejscIdTeryt><sln:miejscNazwa>Boleszkowice</sln:miejscNazwa><sln:miejscRodzaj>Wieś</sln:miejscRodzaj><sln:powIIPId>bf9906d2-91eb-4911-8ce0-8c8f3ea1986b</sln:powIIPId><sln:powIIPPn>PL.PZGIK.200</sln:powIIPPn><sln:powIIPWersja>2012-09-27T10:07:22+02:00</sln:powIIPWersja><sln:powIdTeryt>3210</sln:powIdTeryt><sln:powNazwa>myśliborski</sln:powNazwa><sln:ulIIPId>1945bd4f-a33c-4cd0-8aef-ef18705da41a</sln:ulIIPId><sln:ulIIPPn>PL.PZGIK.200</sln:ulIIPPn><sln:ulIIPWersja>2017-03-31T10:35:51+02:00</sln:ulIIPWersja><sln:ulIdTeryt>10009</sln:ulIdTeryt><sln:ulNazwaGlowna>Krótka</sln:ulNazwaGlowna><sln:ulTyp>ulica</sln:ulTyp><sln:waznyOd>2001-10-30T00:00:00+01:00</sln:waznyOd><sln:wojIIPId>c3f2202a-b491-49c5-a3af-d581108d939a</sln:wojIIPId><sln:wojIIPPn>PL.PZGIK.200</sln:wojIIPPn><sln:wojIIPWersja>2017-10-10T00:00:00+02:00</sln:wojIIPWersja><sln:wojIdTeryt>32</sln:wojIdTeryt><sln:wojNazwa>zachodniopomorskie</sln:wojNazwa></sln:ulica><sln:ulica><sln:cyklZyciaOd>2017-03-31T00:00:00+02:00</sln:cyklZyciaOd><sln:gmIIPId>ffc29655-8189-49ec-ac27-e038ca1d63eb</sln:gmIIPId><sln:gmIIPPn>PL.PZGIK.200</sln:gmIIPPn><sln:gmIIPWersja>2012-09-26T22:34:23+02:00</sln:gmIIPWersja><sln:gmIdTeryt>3210022</sln:gmIdTeryt><sln:gmNazwa>Boleszkowice</sln:gmNazwa><sln:miejscIIPId>ce887d72-4c4a-4382-96a3-668a627e5fbe</sln:miejscIIPId><sln:miejscIIPPn>PL.PZGIK.200</sln:miejscIIPPn><sln:miejscIIPWersja>2017-03-31T10:35:43+02:00</sln:miejscIIPWersja><sln:miejscIdTeryt>0178896</sln:miejscIdTeryt><sln:miejscNazwa>Boleszkowice</sln:miejscNazwa><sln:miejscRodzaj>Wieś</sln:miejscRodzaj><sln:powIIPId>bf9906d2-91eb-4911-8ce0-8c8f3ea1986b</sln:powIIPId><sln:powIIPPn>PL.PZGIK.200</sln:powIIPPn><sln:powIIPWersja>2012-09-27T10:07:22+02:00</sln:powIIPWersja><sln:powIdTeryt>3210</sln:powIdTeryt><sln:powNazwa>myśliborski</sln:powNazwa><sln:ulIIPId>f204878b-0a4f-4367-bfe5-3109eb204b38</sln:ulIIPId><sln:ulIIPPn>PL.PZGIK.200</sln:ulIIPPn><sln:ulIIPWersja>2017-03-31T10:35:51+02:00</sln:ulIIPWersja><sln:ulIdTeryt>11139</sln:ulIdTeryt><sln:ulNazwaGlowna>Lipowa</sln:ulNazwaGlowna><sln:ulTyp>ulica</sln:ulTyp><sln:waznyOd>2011-04-10T00:00:00+02:00</sln:waznyOd><sln:wojIIPId>c3f2202a-b491-49c5-a3af-d581108d939a</sln:wojIIPId><sln:wojIIPPn>PL.PZGIK.200</sln:wojIIPPn><sln:wojIIPWersja>2017-10-10T00:00:00+02:00</sln:wojIIPWersja><sln:wojIdTeryt>32</sln:wojIdTeryt><sln:wojNazwa>zachodniopomorskie</sln:wojNazwa></sln:ulica><sln:ulica><sln:cyklZyciaOd>2017-03-31T00:00:00+02:00</sln:cyklZyciaOd><sln:gmIIPId>ffc29655-8189-49ec-ac27-e038ca1d63eb</sln:gmIIPId><sln:gmIIPPn>PL.PZGIK.200</sln:gmIIPPn><sln:gmIIPWersja>2012-09-26T22:34:23+02:00</sln:gmIIPWersja><sln:gmIdTeryt>3210022</sln:gmIdTeryt><sln:gmNazwa>Boleszkowice</sln:gmNazwa><sln:miejscIIPId>ce887d72-4c4a-4382-96a3-668a627e5fbe</sln:miejscIIPId><sln:miejscIIPPn>PL.PZGIK.200</sln:miejscIIPPn><sln:miejscIIPWersja>2017-03-31T10:35:43+02:00</sln:miejscIIPWersja><sln:miejscIdTeryt>0178896</sln:miejscIdTeryt><sln:miejscNazwa>Boleszkowice</sln:miejscNazwa><sln:miejscRodzaj>Wieś</sln:miejscRodzaj><sln:powIIPId>bf9906d2-91eb-4911-8ce0-8c8f3ea1986b</sln:powIIPId><sln:powIIPPn>PL.PZGIK.200</sln:powIIPPn><sln:powIIPWersja>2012-09-27T10:07:22+02:00</sln:powIIPWersja><sln:powIdTeryt>3210</sln:powIdTeryt><sln:powNazwa>myśliborski</sln:powNazwa><sln:ulIIPId>edec9296-2077-481f-bbbb-d104db736287</sln:ulIIPId><sln:ulIIPPn>PL.PZGIK.200</sln:ulIIPPn><sln:ulIIPWersja>2017-03-31T10:35:51+02:00</sln:ulIIPWersja><sln:ulIdTeryt>24628</sln:ulIdTeryt><sln:ulNazwaGlowna>Wojska Polskiego</sln:ulNazwaGlowna><sln:ulTyp>ulica</sln:ulTyp><sln:waznyOd>2011-04-10T00:00:00+02:00</sln:waznyOd><sln:wojIIPId>c3f2202a-b491-49c5-a3af-d581108d939a</sln:wojIIPId><sln:wojIIPPn>PL.PZGIK.200</sln:wojIIPPn><sln:wojIIPWersja>2017-10-10T00:00:00+02:00</sln:wojIIPWersja><sln:wojIdTeryt>32</sln:wojIdTeryt><sln:wojNazwa>zachodniopomorskie</sln:wojNazwa></sln:ulica><sln:ulica><sln:cyklZyciaOd>2017-03-31T00:00:00+02:00</sln:cyklZyciaOd><sln:gmIIPId>ffc29655-8189-49ec-ac27-e038ca1d63eb</sln:gmIIPId><sln:gmIIPPn>PL.PZGIK.200</sln:gmIIPPn><sln:gmIIPWersja>2012-09-26T22:34:23+02:00</sln:gmIIPWersja><sln:gmIdTeryt>3210022</sln:gmIdTeryt><sln:gmNazwa>Boleszkowice</sln:gmNazwa><sln:miejscIIPId>ce887d72-4c4a-4382-96a3-668a627e5fbe</sln:miejscIIPId><sln:miejscIIPPn>PL.PZGIK.200</sln:miejscIIPPn><sln:miejscIIPWersja>2017-03-31T10:35:43+02:00</sln:miejscIIPWersja><sln:miejscIdTeryt>0178896</sln:miejscIdTeryt><sln:miejscNazwa>Boleszkowice</sln:miejscNazwa><sln:miejscRodzaj>Wieś</sln:miejscRodzaj><sln:powIIPId>bf9906d2-91eb-4911-8ce0-8c8f3ea1986b</sln:powIIPId><sln:powIIPPn>PL.PZGIK.200</sln:powIIPPn><sln:powIIPWersja>2012-09-27T10:07:22+02:00</sln:powIIPWersja><sln:powIdTeryt>3210</sln:powIdTeryt><sln:powNazwa>myśliborski</sln:powNazwa><sln:ulIIPId>92f77ae5-a409-4405-9cbd-ed9a921b7bfa</sln:ulIIPId><sln:ulIIPPn>PL.PZGIK.200</sln:ulIIPPn><sln:ulIIPWersja>2017-03-31T10:35:51+02:00</sln:ulIIPWersja><sln:ulIdTeryt>14589</sln:ulIdTeryt><sln:ulNazwaGlowna>Obodrytów</sln:ulNazwaGlowna><sln:ulTyp>ulica</sln:ulTyp><sln:waznyOd>2011-04-10T00:00:00+02:00</sln:waznyOd><sln:wojIIPId>c3f2202a-b491-49c5-a3af-d581108d939a</sln:wojIIPId><sln:wojIIPPn>PL.PZGIK.200</sln:wojIIPPn><sln:wojIIPWersja>2017-10-10T00:00:00+02:00</sln:wojIIPWersja><sln:wojIdTeryt>32</sln:wojIdTeryt><sln:wojNazwa>zachodniopomorskie</sln:wojNazwa></sln:ulica><sln:ulica><sln:cyklZyciaOd>2017-03-31T00:00:00+02:00</sln:cyklZyciaOd><sln:gmIIPId>ffc29655-8189-49ec-ac27-e038ca1d63eb</sln:gmIIPId><sln:gmIIPPn>PL.PZGIK.200</sln:gmIIPPn><sln:gmIIPWersja>2012-09-26T22:34:23+02:00</sln:gmIIPWersja><sln:gmIdTeryt>3210022</sln:gmIdTeryt><sln:gmNazwa>Boleszkowice</sln:gmNazwa><sln:miejscIIPId>ce887d72-4c4a-4382-96a3-668a627e5fbe</sln:miejscIIPId><sln:miejscIIPPn>PL.PZGIK.200</sln:miejscIIPPn><sln:miejscIIPWersja>2017-03-31T10:35:43+02:00</sln:miejscIIPWersja><sln:miejscIdTeryt>0178896</sln:miejscIdTeryt><sln:miejscNazwa>Boleszkowice</sln:miejscNazwa><sln:miejscRodzaj>Wieś</sln:miejscRodzaj><sln:powIIPId>bf9906d2-91eb-4911-8ce0-8c8f3ea1986b</sln:powIIPId><sln:powIIPPn>PL.PZGIK.200</sln:powIIPPn><sln:powIIPWersja>2012-09-27T10:07:22+02:00</sln:powIIPWersja><sln:powIdTeryt>3210</sln:powIdTeryt><sln:powNazwa>myśliborski</sln:powNazwa><sln:ulIIPId>072d617d-c8ce-44f6-bc9d-36822da0ca06</sln:ulIIPId><sln:ulIIPPn>PL.PZGIK.200</sln:ulIIPPn><sln:ulIIPWersja>2017-03-31T10:35:51+02:00</sln:ulIIPWersja><sln:ulIdTeryt>26611</sln:ulIdTeryt><sln:ulNazwaGlowna>Żwirowa</sln:ulNazwaGlowna><sln:ulTyp>ulica</sln:ulTyp><sln:waznyOd>2011-04-10T00:00:00+02:00</sln:waznyOd><sln:wojIIPId>c3f2202a-b491-49c5-a3af-d581108d939a</sln:wojIIPId><sln:wojIIPPn>PL.PZGIK.200</sln:wojIIPPn><sln:wojIIPWersja>2017-10-10T00:00:00+02:00</sln:wojIIPWersja><sln:wojIdTeryt>32</sln:wojIdTeryt><sln:wojNazwa>zachodniopomorskie</sln:wojNazwa></sln:ulica><sln:ulica><sln:cyklZyciaOd>2017-03-31T00:00:00+02:00</sln:cyklZyciaOd><sln:gmIIPId>ffc29655-8189-49ec-ac27-e038ca1d63eb</sln:gmIIPId><sln:gmIIPPn>PL.PZGIK.200</sln:gmIIPPn><sln:gmIIPWersja>2012-09-26T22:34:23+02:00</sln:gmIIPWersja><sln:gmIdTeryt>3210022</sln:gmIdTeryt><sln:gmNazwa>Boleszkowice</sln:gmNazwa><sln:miejscIIPId>ce887d72-4c4a-4382-96a3-668a627e5fbe</sln:miejscIIPId><sln:miejscIIPPn>PL.PZGIK.200</sln:miejscIIPPn><sln:miejscIIPWersja>2017-03-31T10:35:43+02:00</sln:miejscIIPWersja><sln:miejscIdTeryt>0178896</sln:miejscIdTeryt><sln:miejscNazwa>Boleszkowice</sln:miejscNazwa><sln:miejscRodzaj>Wieś</sln:miejscRodzaj><sln:powIIPId>bf9906d2-91eb-4911-8ce0-8c8f3ea1986b</sln:powIIPId><sln:powIIPPn>PL.PZGIK.200</sln:powIIPPn><sln:powIIPWersja>2012-09-27T10:07:22+02:00</sln:powIIPWersja><sln:powIdTeryt>3210</sln:powIdTeryt><sln:powNazwa>myśliborski</sln:powNazwa><sln:ulIIPId>51572976-f298-4301-b727-9eaae08eb19c</sln:ulIIPId><sln:ulIIPPn>PL.PZGIK.200</sln:ulIIPPn><sln:ulIIPWersja>2017-03-31T10:35:51+02:00</sln:ulIIPWersja><sln:ulIdTeryt>09572</sln:ulIdTeryt><sln:ulNazwaGlowna>Kościuszki</sln:ulNazwaGlowna><sln:ulTyp>ulica</sln:ulTyp><sln:waznyOd>2011-04-10T00:00:00+02:00</sln:waznyOd><sln:wojIIPId>c3f2202a-b491-49c5-a3af-d581108d939a</sln:wojIIPId><sln:wojIIPPn>PL.PZGIK.200</sln:wojIIPPn><sln:wojIIPWersja>2017-10-10T00:00:00+02:00</sln:wojIIPWersja><sln:wojIdTeryt>32</sln:wojIdTeryt><sln:wojNazwa>zachodniopomorskie</sln:wojNazwa></sln:ulica><sln:ulica><sln:cyklZyciaOd>2017-03-31T00:00:00+02:00</sln:cyklZyciaOd><sln:gmIIPId>ffc29655-8189-49ec-ac27-e038ca1d63eb</sln:gmIIPId><sln:gmIIPPn>PL.PZGIK.200</sln:gmIIPPn><sln:gmIIPWersja>2012-09-26T22:34:23+02:00</sln:gmIIPWersja><sln:gmIdTeryt>3210022</sln:gmIdTeryt><sln:gmNazwa>Boleszkowice</sln:gmNazwa><sln:miejscIIPId>ce887d72-4c4a-4382-96a3-668a627e5fbe</sln:miejscIIPId><sln:miejscIIPPn>PL.PZGIK.200</sln:miejscIIPPn><sln:miejscIIPWersja>2017-03-31T10:35:43+02:00</sln:miejscIIPWersja><sln:miejscIdTeryt>0178896</sln:miejscIdTeryt><sln:miejscNazwa>Boleszkowice</sln:miejscNazwa><sln:miejscRodzaj>Wieś</sln:miejscRodzaj><sln:powIIPId>bf9906d2-91eb-4911-8ce0-8c8f3ea1986b</sln:powIIPId><sln:powIIPPn>PL.PZGIK.200</sln:powIIPPn><sln:powIIPWersja>2012-09-27T10:07:22+02:00</sln:powIIPWersja><sln:powIdTeryt>3210</sln:powIdTeryt><sln:powNazwa>myśliborski</sln:powNazwa><sln:ulIIPId>8b297dc0-f6f0-4847-b076-6561c68d7687</sln:ulIIPId><sln:ulIIPPn>PL.PZGIK.200</sln:ulIIPPn><sln:ulIIPWersja>2017-03-31T10:35:51+02:00</sln:ulIIPWersja><sln:ulIdTeryt>10898</sln:ulIdTeryt><sln:ulNazwaGlowna>Leśna</sln:ulNazwaGlowna><sln:ulTyp>ulica</sln:ulTyp><sln:waznyOd>2011-04-10T00:00:00+02:00</sln:waznyOd><sln:wojIIPId>c3f2202a-b491-49c5-a3af-d581108d939a</sln:wojIIPId><sln:wojIIPPn>PL.PZGIK.200</sln:wojIIPPn><sln:wojIIPWersja>2017-10-10T00:00:00+02:00</sln:wojIIPWersja><sln:wojIdTeryt>32</sln:wojIdTeryt><sln:wojNazwa>zachodniopomorskie</sln:wojNazwa></sln:ulica><sln:ulica><sln:cyklZyciaOd>2017-03-31T00:00:00+02:00</sln:cyklZyciaOd><sln:gmIIPId>ffc29655-8189-49ec-ac27-e038ca1d63eb</sln:gmIIPId><sln:gmIIPPn>PL.PZGIK.200</sln:gmIIPPn><sln:gmIIPWersja>2012-09-26T22:34:23+02:00</sln:gmIIPWersja><sln:gmIdTeryt>3210022</sln:gmIdTeryt><sln:gmNazwa>Boleszkowice</sln:gmNazwa><sln:miejscIIPId>ce887d72-4c4a-4382-96a3-668a627e5fbe</sln:miejscIIPId><sln:miejscIIPPn>PL.PZGIK.200</sln:miejscIIPPn><sln:miejscIIPWersja>2017-03-31T10:35:43+02:00</sln:miejscIIPWersja><sln:miejscIdTeryt>0178896</sln:miejscIdTeryt><sln:miejscNazwa>Boleszkowice</sln:miejscNazwa><sln:miejscRodzaj>Wieś</sln:miejscRodzaj><sln:powIIPId>bf9906d2-91eb-4911-8ce0-8c8f3ea1986b</sln:powIIPId><sln:powIIPPn>PL.PZGIK.200</sln:powIIPPn><sln:powIIPWersja>2012-09-27T10:07:22+02:00</sln:powIIPWersja><sln:powIdTeryt>3210</sln:powIdTeryt><sln:powNazwa>myśliborski</sln:powNazwa><sln:ulIIPId>e776990e-d71e-4354-9a58-a5b2c0bec58a</sln:ulIIPId><sln:ulIIPPn>PL.PZGIK.200</sln:ulIIPPn><sln:ulIIPWersja>2017-03-31T10:35:51+02:00</sln:ulIIPWersja><sln:ulIdTeryt>00458</sln:ulIdTeryt><sln:ulNazwaGlowna>Artylerzystów</sln:ulNazwaGlowna><sln:ulTyp>ulica</sln:ulTyp><sln:waznyOd>2011-04-10T00:00:00+02:00</sln:waznyOd><sln:wojIIPId>c3f2202a-b491-49c5-a3af-d581108d939a</sln:wojIIPId><sln:wojIIPPn>PL.PZGIK.200</sln:wojIIPPn><sln:wojIIPWersja>2017-10-10T00:00:00+02:00</sln:wojIIPWersja><sln:wojIdTeryt>32</sln:wojIdTeryt><sln:wojNazwa>zachodniopomorskie</sln:wojNazwa></sln:ulica><sln:ulica><sln:cyklZyciaOd>2017-03-31T00:00:00+02:00</sln:cyklZyciaOd><sln:gmIIPId>ffc29655-8189-49ec-ac27-e038ca1d63eb</sln:gmIIPId><sln:gmIIPPn>PL.PZGIK.200</sln:gmIIPPn><sln:gmIIPWersja>2012-09-26T22:34:23+02:00</sln:gmIIPWersja><sln:gmIdTeryt>3210022</sln:gmIdTeryt><sln:gmNazwa>Boleszkowice</sln:gmNazwa><sln:miejscIIPId>ce887d72-4c4a-4382-96a3-668a627e5fbe</sln:miejscIIPId><sln:miejscIIPPn>PL.PZGIK.200</sln:miejscIIPPn><sln:miejscIIPWersja>2017-03-31T10:35:43+02:00</sln:miejscIIPWersja><sln:miejscIdTeryt>0178896</sln:miejscIdTeryt><sln:miejscNazwa>Boleszkowice</sln:miejscNazwa><sln:miejscRodzaj>Wieś</sln:miejscRodzaj><sln:powIIPId>bf9906d2-91eb-4911-8ce0-8c8f3ea1986b</sln:powIIPId><sln:powIIPPn>PL.PZGIK.200</sln:powIIPPn><sln:powIIPWersja>2012-09-27T10:07:22+02:00</sln:powIIPWersja><sln:powIdTeryt>3210</sln:powIdTeryt><sln:powNazwa>myśliborski</sln:powNazwa><sln:ulIIPId>277c2314-7460-4398-b1c9-ac141068d0da</sln:ulIIPId><sln:ulIIPPn>PL.PZGIK.200</sln:ulIIPPn><sln:ulIIPWersja>2017-03-31T10:35:51+02:00</sln:ulIIPWersja><sln:ulIdTeryt>15228</sln:ulIdTeryt><sln:ulNazwaGlowna>Osadników</sln:ulNazwaGlowna><sln:ulTyp>ulica</sln:ulTyp><sln:waznyOd>2011-04-10T00:00:00+02:00</sln:waznyOd><sln:wojIIPId>c3f2202a-b491-49c5-a3af-d581108d939a</sln:wojIIPId><sln:wojIIPPn>PL.PZGIK.200</sln:wojIIPPn><sln:wojIIPWersja>2017-10-10T00:00:00+02:00</sln:wojIIPWersja><sln:wojIdTeryt>32</sln:wojIdTeryt><sln:wojNazwa>zachodniopomorskie</sln:wojNazwa></sln:ulica><sln:ulica><sln:cyklZyciaOd>2017-03-31T00:00:00+02:00</sln:cyklZyciaOd><sln:gmIIPId>ffc29655-8189-49ec-ac27-e038ca1d63eb</sln:gmIIPId><sln:gmIIPPn>PL.PZGIK.200</sln:gmIIPPn><sln:gmIIPWersja>2012-09-26T22:34:23+02:00</sln:gmIIPWersja><sln:gmIdTeryt>3210022</sln:gmIdTeryt><sln:gmNazwa>Boleszkowice</sln:gmNazwa><sln:miejscIIPId>ce887d72-4c4a-4382-96a3-668a627e5fbe</sln:miejscIIPId><sln:miejscIIPPn>PL.PZGIK.200</sln:miejscIIPPn><sln:miejscIIPWersja>2017-03-31T10:35:43+02:00</sln:miejscIIPWersja><sln:miejscIdTeryt>0178896</sln:miejscIdTeryt><sln:miejscNazwa>Boleszkowice</sln:miejscNazwa><sln:miejscRodzaj>Wieś</sln:miejscRodzaj><sln:powIIPId>bf9906d2-91eb-4911-8ce0-8c8f3ea1986b</sln:powIIPId><sln:powIIPPn>PL.PZGIK.200</sln:powIIPPn><sln:powIIPWersja>2012-09-27T10:07:22+02:00</sln:powIIPWersja><sln:powIdTeryt>3210</sln:powIdTeryt><sln:powNazwa>myśliborski</sln:powNazwa><sln:ulIIPId>896d5c8b-aa8b-46fd-95ac-adce2b27fa9e</sln:ulIIPId><sln:ulIIPPn>PL.PZGIK.200</sln:ulIIPPn><sln:ulIIPWersja>2017-03-31T10:35:51+02:00</sln:ulIIPWersja><sln:ulIdTeryt>17100</sln:ulIdTeryt><sln:ulNazwaGlowna>Poniatowskiego</sln:ulNazwaGlowna><sln:ulTyp>ulica</sln:ulTyp><sln:waznyOd>2011-04-10T00:00:00+02:00</sln:waznyOd><sln:wojIIPId>c3f2202a-b491-49c5-a3af-d581108d939a</sln:wojIIPId><sln:wojIIPPn>PL.PZGIK.200</sln:wojIIPPn><sln:wojIIPWersja>2017-10-10T00:00:00+02:00</sln:wojIIPWersja><sln:wojIdTeryt>32</sln:wojIdTeryt><sln:wojNazwa>zachodniopomorskie</sln:wojNazwa></sln:ulica><sln:ulica><sln:cyklZyciaOd>2017-03-31T00:00:00+02:00</sln:cyklZyciaOd><sln:gmIIPId>ffc29655-8189-49ec-ac27-e038ca1d63eb</sln:gmIIPId><sln:gmIIPPn>PL.PZGIK.200</sln:gmIIPPn><sln:gmIIPWersja>2012-09-26T22:34:23+02:00</sln:gmIIPWersja><sln:gmIdTeryt>3210022</sln:gmIdTeryt><sln:gmNazwa>Boleszkowice</sln:gmNazwa><sln:miejscIIPId>ce887d72-4c4a-4382-96a3-668a627e5fbe</sln:miejscIIPId><sln:miejscIIPPn>PL.PZGIK.200</sln:miejscIIPPn><sln:miejscIIPWersja>2017-03-31T10:35:43+02:00</sln:miejscIIPWersja><sln:miejscIdTeryt>0178896</sln:miejscIdTeryt><sln:miejscNazwa>Boleszkowice</sln:miejscNazwa><sln:miejscRodzaj>Wieś</sln:miejscRodzaj><sln:powIIPId>bf9906d2-91eb-4911-8ce0-8c8f3ea1986b</sln:powIIPId><sln:powIIPPn>PL.PZGIK.200</sln:powIIPPn><sln:powIIPWersja>2012-09-27T10:07:22+02:00</sln:powIIPWersja><sln:powIdTeryt>3210</sln:powIdTeryt><sln:powNazwa>myśliborski</sln:powNazwa><sln:ulIIPId>e2b5e741-8a6e-4b21-81f5-8586c19d8c1c</sln:ulIIPId><sln:ulIIPPn>PL.PZGIK.200</sln:ulIIPPn><sln:ulIIPWersja>2017-03-31T10:35:51+02:00</sln:ulIIPWersja><sln:ulIdTeryt>04078</sln:ulIdTeryt><sln:ulNazwaGlowna>Domańskiego</sln:ulNazwaGlowna><sln:ulTyp>ulica</sln:ulTyp><sln:waznyOd>2011-04-10T00:00:00+02:00</sln:waznyOd><sln:wojIIPId>c3f2202a-b491-49c5-a3af-d581108d939a</sln:wojIIPId><sln:wojIIPPn>PL.PZGIK.200</sln:wojIIPPn><sln:wojIIPWersja>2017-10-10T00:00:00+02:00</sln:wojIIPWersja><sln:wojIdTeryt>32</sln:wojIdTeryt><sln:wojNazwa>zachodniopomorskie</sln:wojNazwa></sln:ulica><sln:ulica><sln:cyklZyciaDo>2017-07-27T00:00:00+02:00</sln:cyklZyciaDo><sln:cyklZyciaOd>2017-03-31T00:00:00+02:00</sln:cyklZyciaOd><sln:gmIIPId>ffc29655-8189-49ec-ac27-e038ca1d63eb</sln:gmIIPId><sln:gmIIPPn>PL.PZGIK.200</sln:gmIIPPn><sln:gmIIPWersja>2012-09-26T22:34:23+02:00</sln:gmIIPWersja><sln:gmIdTeryt>3210022</sln:gmIdTeryt><sln:gmNazwa>Boleszkowice</sln:gmNazwa><sln:miejscIIPId>ce887d72-4c4a-4382-96a3-668a627e5fbe</sln:miejscIIPId><sln:miejscIIPPn>PL.PZGIK.200</sln:miejscIIPPn><sln:miejscIIPWersja>2017-03-31T10:35:43+02:00</sln:miejscIIPWersja><sln:miejscIdTeryt>0178896</sln:miejscIdTeryt><sln:miejscNazwa>Boleszkowice</sln:miejscNazwa><sln:miejscRodzaj>Wieś</sln:miejscRodzaj><sln:powIIPId>bf9906d2-91eb-4911-8ce0-8c8f3ea1986b</sln:powIIPId><sln:powIIPPn>PL.PZGIK.200</sln:powIIPPn><sln:powIIPWersja>2012-09-27T10:07:22+02:00</sln:powIIPWersja><sln:powIdTeryt>3210</sln:powIdTeryt><sln:powNazwa>myśliborski</sln:powNazwa><sln:ulIIPId>91b5d41f-b495-4d72-939f-3ff48e64d15e</sln:ulIIPId><sln:ulIIPPn>PL.PZGIK.200</sln:ulIIPPn><sln:ulIIPWersja>2017-03-31T10:35:51+02:00</sln:ulIIPWersja><sln:ulIdTeryt>37812</sln:ulIdTeryt><sln:ulNazwaGlowna>Generała Świerczewskiego</sln:ulNazwaGlowna><sln:ulTyp>ulica</sln:ulTyp><sln:waznyOd>2011-04-10T00:00:00+02:00</sln:waznyOd><sln:wojIIPId>c3f2202a-b491-49c5-a3af-d581108d939a</sln:wojIIPId><sln:wojIIPPn>PL.PZGIK.200</sln:wojIIPPn><sln:wojIIPWersja>2017-10-10T00:00:00+02:00</sln:wojIIPWersja><sln:wojIdTeryt>32</sln:wojIdTeryt><sln:wojNazwa>zachodniopomorskie</sln:wojNazwa></sln:ulica><sln:ulica><sln:cyklZyciaDo>2017-07-27T00:00:00+02:00</sln:cyklZyciaDo><sln:cyklZyciaOd>2017-03-31T00:00:00+02:00</sln:cyklZyciaOd><sln:gmIIPId>ffc29655-8189-49ec-ac27-e038ca1d63eb</sln:gmIIPId><sln:gmIIPPn>PL.PZGIK.200</sln:gmIIPPn><sln:gmIIPWersja>2012-09-26T22:34:23+02:00</sln:gmIIPWersja><sln:gmIdTeryt>3210022</sln:gmIdTeryt><sln:gmNazwa>Boleszkowice</sln:gmNazwa><sln:miejscIIPId>ce887d72-4c4a-4382-96a3-668a627e5fbe</sln:miejscIIPId><sln:miejscIIPPn>PL.PZGIK.200</sln:miejscIIPPn><sln:miejscIIPWersja>2017-03-31T10:35:43+02:00</sln:miejscIIPWersja><sln:miejscIdTeryt>0178896</sln:miejscIdTeryt><sln:miejscNazwa>Boleszkowice</sln:miejscNazwa><sln:miejscRodzaj>Wieś</sln:miejscRodzaj><sln:powIIPId>bf9906d2-91eb-4911-8ce0-8c8f3ea1986b</sln:powIIPId><sln:powIIPPn>PL.PZGIK.200</sln:powIIPPn><sln:powIIPWersja>2012-09-27T10:07:22+02:00</sln:powIIPWersja><sln:powIdTeryt>3210</sln:powIdTeryt><sln:powNazwa>myśliborski</sln:powNazwa><sln:ulIIPId>f074f099-44f7-4018-a0d9-b785004618c8</sln:ulIIPId><sln:ulIIPPn>PL.PZGIK.200</sln:ulIIPPn><sln:ulIIPWersja>2017-03-31T10:35:51+02:00</sln:ulIIPWersja><sln:ulIdTeryt>15242</sln:ulIdTeryt><sln:ulNazwaGlowna>Osiedle 40-lecia PRL</sln:ulNazwaGlowna><sln:ulTyp>ulica</sln:ulTyp><sln:waznyOd>2011-04-10T00:00:00+02:00</sln:waznyOd><sln:wojIIPId>c3f2202a-b491-49c5-a3af-d581108d939a</sln:wojIIPId><sln:wojIIPPn>PL.PZGIK.200</sln:wojIIPPn><sln:wojIIPWersja>2017-10-10T00:00:00+02:00</sln:wojIIPWersja><sln:wojIdTeryt>32</sln:wojIdTeryt><sln:wojNazwa>zachodniopomorskie</sln:wojNazwa></sln:ulica><sln:ulica><sln:cyklZyciaOd>2017-03-31T00:00:00+02:00</sln:cyklZyciaOd><sln:gmIIPId>ffc29655-8189-49ec-ac27-e038ca1d63eb</sln:gmIIPId><sln:gmIIPPn>PL.PZGIK.200</sln:gmIIPPn><sln:gmIIPWersja>2012-09-26T22:34:23+02:00</sln:gmIIPWersja><sln:gmIdTeryt>3210022</sln:gmIdTeryt><sln:gmNazwa>Boleszkowice</sln:gmNazwa><sln:miejscIIPId>ce887d72-4c4a-4382-96a3-668a627e5fbe</sln:miejscIIPId><sln:miejscIIPPn>PL.PZGIK.200</sln:miejscIIPPn><sln:miejscIIPWersja>2017-03-31T10:35:43+02:00</sln:miejscIIPWersja><sln:miejscIdTeryt>0178896</sln:miejscIdTeryt><sln:miejscNazwa>Boleszkowice</sln:miejscNazwa><sln:miejscRodzaj>Wieś</sln:miejscRodzaj><sln:powIIPId>bf9906d2-91eb-4911-8ce0-8c8f3ea1986b</sln:powIIPId><sln:powIIPPn>PL.PZGIK.200</sln:powIIPPn><sln:powIIPWersja>2012-09-27T10:07:22+02:00</sln:powIIPWersja><sln:powIdTeryt>3210</sln:powIdTeryt><sln:powNazwa>myśliborski</sln:powNazwa><sln:ulIIPId>9c49ad88-fb3e-4670-9d1a-eb75e978bfa7</sln:ulIIPId><sln:ulIIPPn>PL.PZGIK.200</sln:ulIIPPn><sln:ulIIPWersja>2017-03-31T10:35:51+02:00</sln:ulIIPWersja><sln:ulIdTeryt>01741</sln:ulIdTeryt><sln:ulNazwaGlowna>Bolesława Chrobrego</sln:ulNazwaGlowna><sln:ulTyp>ulica</sln:ulTyp><sln:waznyOd>2011-04-10T00:00:00+02:00</sln:waznyOd><sln:wojIIPId>c3f2202a-b491-49c5-a3af-d581108d939a</sln:wojIIPId><sln:wojIIPPn>PL.PZGIK.200</sln:wojIIPPn><sln:wojIIPWersja>2017-10-10T00:00:00+02:00</sln:wojIIPWersja><sln:wojIdTeryt>32</sln:wojIdTeryt><sln:wojNazwa>zachodniopomorskie</sln:wojNazwa></sln:ulica><sln:ulica><sln:cyklZyciaOd>2017-03-31T00:00:00+02:00</sln:cyklZyciaOd><sln:gmIIPId>ffc29655-8189-49ec-ac27-e038ca1d63eb</sln:gmIIPId><sln:gmIIPPn>PL.PZGIK.200</sln:gmIIPPn><sln:gmIIPWersja>2012-09-26T22:34:23+02:00</sln:gmIIPWersja><sln:gmIdTeryt>3210022</sln:gmIdTeryt><sln:gmNazwa>Boleszkowice</sln:gmNazwa><sln:miejscIIPId>ce887d72-4c4a-4382-96a3-668a627e5fbe</sln:miejscIIPId><sln:miejscIIPPn>PL.PZGIK.200</sln:miejscIIPPn><sln:miejscIIPWersja>2017-03-31T10:35:43+02:00</sln:miejscIIPWersja><sln:miejscIdTeryt>0178896</sln:miejscIdTeryt><sln:miejscNazwa>Boleszkowice</sln:miejscNazwa><sln:miejscRodzaj>Wieś</sln:miejscRodzaj><sln:powIIPId>bf9906d2-91eb-4911-8ce0-8c8f3ea1986b</sln:powIIPId><sln:powIIPPn>PL.PZGIK.200</sln:powIIPPn><sln:powIIPWersja>2012-09-27T10:07:22+02:00</sln:powIIPWersja><sln:powIdTeryt>3210</sln:powIdTeryt><sln:powNazwa>myśliborski</sln:powNazwa><sln:ulIIPId>858d3f1d-9cf1-45e1-aa52-7a53d53f707d</sln:ulIIPId><sln:ulIIPPn>PL.PZGIK.200</sln:ulIIPPn><sln:ulIIPWersja>2017-03-31T10:35:51+02:00</sln:ulIIPWersja><sln:ulIdTeryt>20641</sln:ulIdTeryt><sln:ulNazwaGlowna>Spacerowa</sln:ulNazwaGlowna><sln:ulTyp>ulica</sln:ulTyp><sln:waznyOd>2013-05-06T00:00:00+02:00</sln:waznyOd><sln:wojIIPId>c3f2202a-b491-49c5-a3af-d581108d939a</sln:wojIIPId><sln:wojIIPPn>PL.PZGIK.200</sln:wojIIPPn><sln:wojIIPWersja>2017-10-10T00:00:00+02:00</sln:wojIIPWersja><sln:wojIdTeryt>32</sln:wojIdTeryt><sln:wojNazwa>zachodniopomorskie</sln:wojNazwa></sln:ulica><sln:ulica><sln:cyklZyciaOd>2017-03-31T00:00:00+02:00</sln:cyklZyciaOd><sln:gmIIPId>ffc29655-8189-49ec-ac27-e038ca1d63eb</sln:gmIIPId><sln:gmIIPPn>PL.PZGIK.200</sln:gmIIPPn><sln:gmIIPWersja>2012-09-26T22:34:23+02:00</sln:gmIIPWersja><sln:gmIdTeryt>3210022</sln:gmIdTeryt><sln:gmNazwa>Boleszkowice</sln:gmNazwa><sln:miejscIIPId>ce887d72-4c4a-4382-96a3-668a627e5fbe</sln:miejscIIPId><sln:miejscIIPPn>PL.PZGIK.200</sln:miejscIIPPn><sln:miejscIIPWersja>2017-03-31T10:35:43+02:00</sln:miejscIIPWersja><sln:miejscIdTeryt>0178896</sln:miejscIdTeryt><sln:miejscNazwa>Boleszkowice</sln:miejscNazwa><sln:miejscRodzaj>Wieś</sln:miejscRodzaj><sln:powIIPId>bf9906d2-91eb-4911-8ce0-8c8f3ea1986b</sln:powIIPId><sln:powIIPPn>PL.PZGIK.200</sln:powIIPPn><sln:powIIPWersja>2012-09-27T10:07:22+02:00</sln:powIIPWersja><sln:powIdTeryt>3210</sln:powIdTeryt><sln:powNazwa>myśliborski</sln:powNazwa><sln:ulIIPId>1c447254-4a32-4dcd-a07b-dd92e5d52bd0</sln:ulIIPId><sln:ulIIPPn>PL.PZGIK.200</sln:ulIIPPn><sln:ulIIPWersja>2017-03-31T10:35:51+02:00</sln:ulIIPWersja><sln:ulIdTeryt>23795</sln:ulIdTeryt><sln:ulNazwaGlowna>Wąska</sln:ulNazwaGlowna><sln:ulTyp>ulica</sln:ulTyp><sln:waznyOd>2011-04-10T00:00:00+02:00</sln:waznyOd><sln:wojIIPId>c3f2202a-b491-49c5-a3af-d581108d939a</sln:wojIIPId><sln:wojIIPPn>PL.PZGIK.200</sln:wojIIPPn><sln:wojIIPWersja>2017-10-10T00:00:00+02:00</sln:wojIIPWersja><sln:wojIdTeryt>32</sln:wojIdTeryt><sln:wojNazwa>zachodniopomorskie</sln:wojNazwa></sln:ulica><sln:ulica><sln:cyklZyciaOd>2017-03-31T00:00:00+02:00</sln:cyklZyciaOd><sln:gmIIPId>ffc29655-8189-49ec-ac27-e038ca1d63eb</sln:gmIIPId><sln:gmIIPPn>PL.PZGIK.200</sln:gmIIPPn><sln:gmIIPWersja>2012-09-26T22:34:23+02:00</sln:gmIIPWersja><sln:gmIdTeryt>3210022</sln:gmIdTeryt><sln:gmNazwa>Boleszkowice</sln:gmNazwa><sln:miejscIIPId>ce887d72-4c4a-4382-96a3-668a627e5fbe</sln:miejscIIPId><sln:miejscIIPPn>PL.PZGIK.200</sln:miejscIIPPn><sln:miejscIIPWersja>2017-03-31T10:35:43+02:00</sln:miejscIIPWersja><sln:miejscIdTeryt>0178896</sln:miejscIdTeryt><sln:miejscNazwa>Boleszkowice</sln:miejscNazwa><sln:miejscRodzaj>Wieś</sln:miejscRodzaj><sln:powIIPId>bf9906d2-91eb-4911-8ce0-8c8f3ea1986b</sln:powIIPId><sln:powIIPPn>PL.PZGIK.200</sln:powIIPPn><sln:powIIPWersja>2012-09-27T10:07:22+02:00</sln:powIIPWersja><sln:powIdTeryt>3210</sln:powIdTeryt><sln:powNazwa>myśliborski</sln:powNazwa><sln:ulIIPId>274e7ff7-ff01-444b-938d-1a123d280ec3</sln:ulIIPId><sln:ulIIPPn>PL.PZGIK.200</sln:ulIIPPn><sln:ulIIPWersja>2017-03-31T10:35:52+02:00</sln:ulIIPWersja><sln:ulIdTeryt>11460</sln:ulIdTeryt><sln:ulNazwaGlowna>Lutyków</sln:ulNazwaGlowna><sln:ulTyp>ulica</sln:ulTyp><sln:waznyOd>2011-04-10T00:00:00+02:00</sln:waznyOd><sln:wojIIPId>c3f2202a-b491-49c5-a3af-d581108d939a</sln:wojIIPId><sln:wojIIPPn>PL.PZGIK.200</sln:wojIIPPn><sln:wojIIPWersja>2017-10-10T00:00:00+02:00</sln:wojIIPWersja><sln:wojIdTeryt>32</sln:wojIdTeryt><sln:wojNazwa>zachodniopomorskie</sln:wojNazwa></sln:ulica><sln:ulica><sln:cyklZyciaOd>2017-03-31T00:00:00+02:00</sln:cyklZyciaOd><sln:gmIIPId>ffc29655-8189-49ec-ac27-e038ca1d63eb</sln:gmIIPId><sln:gmIIPPn>PL.PZGIK.200</sln:gmIIPPn><sln:gmIIPWersja>2012-09-26T22:34:23+02:00</sln:gmIIPWersja><sln:gmIdTeryt>3210022</sln:gmIdTeryt><sln:gmNazwa>Boleszkowice</sln:gmNazwa><sln:miejscIIPId>ce887d72-4c4a-4382-96a3-668a627e5fbe</sln:miejscIIPId><sln:miejscIIPPn>PL.PZGIK.200</sln:miejscIIPPn><sln:miejscIIPWersja>2017-03-31T10:35:43+02:00</sln:miejscIIPWersja><sln:miejscIdTeryt>0178896</sln:miejscIdTeryt><sln:miejscNazwa>Boleszkowice</sln:miejscNazwa><sln:miejscRodzaj>Wieś</sln:miejscRodzaj><sln:powIIPId>bf9906d2-91eb-4911-8ce0-8c8f3ea1986b</sln:powIIPId><sln:powIIPPn>PL.PZGIK.200</sln:powIIPPn><sln:powIIPWersja>2012-09-27T10:07:22+02:00</sln:powIIPWersja><sln:powIdTeryt>3210</sln:powIdTeryt><sln:powNazwa>myśliborski</sln:powNazwa><sln:ulIIPId>188b902f-c3a6-4f77-95cf-74bea144318b</sln:ulIIPId><sln:ulIIPPn>PL.PZGIK.200</sln:ulIIPPn><sln:ulIIPWersja>2017-03-31T10:35:52+02:00</sln:ulIIPWersja><sln:ulIdTeryt>26464</sln:ulIdTeryt><sln:ulNazwaGlowna>Żeromskiego</sln:ulNazwaGlowna><sln:ulTyp>ulica</sln:ulTyp><sln:waznyOd>2011-04-10T00:00:00+02:00</sln:waznyOd><sln:wojIIPId>c3f2202a-b491-49c5-a3af-d581108d939a</sln:wojIIPId><sln:wojIIPPn>PL.PZGIK.200</sln:wojIIPPn><sln:wojIIPWersja>2017-10-10T00:00:00+02:00</sln:wojIIPWersja><sln:wojIdTeryt>32</sln:wojIdTeryt><sln:wojNazwa>zachodniopomorskie</sln:wojNazwa></sln:ulica><sln:ulica><sln:cyklZyciaOd>2017-07-27T00:00:00+02:00</sln:cyklZyciaOd><sln:gmIIPId>ffc29655-8189-49ec-ac27-e038ca1d63eb</sln:gmIIPId><sln:gmIIPPn>PL.PZGIK.200</sln:gmIIPPn><sln:gmIIPWersja>2012-09-26T22:34:23+02:00</sln:gmIIPWersja><sln:gmIdTeryt>3210022</sln:gmIdTeryt><sln:gmNazwa>Boleszkowice</sln:gmNazwa><sln:miejscIIPId>ce887d72-4c4a-4382-96a3-668a627e5fbe</sln:miejscIIPId><sln:miejscIIPPn>PL.PZGIK.200</sln:miejscIIPPn><sln:miejscIIPWersja>2017-03-31T10:35:43+02:00</sln:miejscIIPWersja><sln:miejscIdTeryt>0178896</sln:miejscIdTeryt><sln:miejscNazwa>Boleszkowice</sln:miejscNazwa><sln:miejscRodzaj>Wieś</sln:miejscRodzaj><sln:powIIPId>bf9906d2-91eb-4911-8ce0-8c8f3ea1986b</sln:powIIPId><sln:powIIPPn>PL.PZGIK.200</sln:powIIPPn><sln:powIIPWersja>2012-09-27T10:07:22+02:00</sln:powIIPWersja><sln:powIdTeryt>3210</sln:powIdTeryt><sln:powNazwa>myśliborski</sln:powNazwa><sln:ulIIPId>91b5d41f-b495-4d72-939f-3ff48e64d15e</sln:ulIIPId><sln:ulIIPPn>PL.PZGIK.200</sln:ulIIPPn><sln:ulIIPWersja>2017-07-27T16:13:43+02:00</sln:ulIIPWersja><sln:ulIdTeryt>20254</sln:ulIdTeryt><sln:ulNazwaGlowna>Słoneczna</sln:ulNazwaGlowna><sln:ulTyp>ulica</sln:ulTyp><sln:waznyOd>2011-04-10T00:00:00+02:00</sln:waznyOd><sln:wojIIPId>c3f2202a-b491-49c5-a3af-d581108d939a</sln:wojIIPId><sln:wojIIPPn>PL.PZGIK.200</sln:wojIIPPn><sln:wojIIPWersja>2017-10-10T00:00:00+02:00</sln:wojIIPWersja><sln:wojIdTeryt>32</sln:wojIdTeryt><sln:wojNazwa>zachodniopomorskie</sln:wojNazwa></sln:ulica><sln:ulica><sln:cyklZyciaOd>2017-07-27T00:00:00+02:00</sln:cyklZyciaOd><sln:gmIIPId>ffc29655-8189-49ec-ac27-e038ca1d63eb</sln:gmIIPId><sln:gmIIPPn>PL.PZGIK.200</sln:gmIIPPn><sln:gmIIPWersja>2012-09-26T22:34:23+02:00</sln:gmIIPWersja><sln:gmIdTeryt>3210022</sln:gmIdTeryt><sln:gmNazwa>Boleszkowice</sln:gmNazwa><sln:miejscIIPId>ce887d72-4c4a-4382-96a3-668a627e5fbe</sln:miejscIIPId><sln:miejscIIPPn>PL.PZGIK.200</sln:miejscIIPPn><sln:miejscIIPWersja>2017-03-31T10:35:43+02:00</sln:miejscIIPWersja><sln:miejscIdTeryt>0178896</sln:miejscIdTeryt><sln:miejscNazwa>Boleszkowice</sln:miejscNazwa><sln:miejscRodzaj>Wieś</sln:miejscRodzaj><sln:powIIPId>bf9906d2-91eb-4911-8ce0-8c8f3ea1986b</sln:powIIPId><sln:powIIPPn>PL.PZGIK.200</sln:powIIPPn><sln:powIIPWersja>2012-09-27T10:07:22+02:00</sln:powIIPWersja><sln:powIdTeryt>3210</sln:powIdTeryt><sln:powNazwa>myśliborski</sln:powNazwa><sln:ulIIPId>f074f099-44f7-4018-a0d9-b785004618c8</sln:ulIIPId><sln:ulIIPPn>PL.PZGIK.200</sln:ulIIPPn><sln:ulIIPWersja>2017-07-27T16:13:48+02:00</sln:ulIIPWersja><sln:ulIdTeryt>51661</sln:ulIdTeryt><sln:ulNazwaGlowna>Osiedle Jaśminowe</sln:ulNazwaGlowna><sln:ulTyp>ulica</sln:ulTyp><sln:waznyOd>2011-04-10T00:00:00+02:00</sln:waznyOd><sln:wojIIPId>c3f2202a-b491-49c5-a3af-d581108d939a</sln:wojIIPId><sln:wojIIPPn>PL.PZGIK.200</sln:wojIIPPn><sln:wojIIPWersja>2017-10-10T00:00:00+02:00</sln:wojIIPWersja><sln:wojIdTeryt>32</sln:wojIdTeryt><sln:wojNazwa>zachodniopomorskie</sln:wojNazwa></sln:ulica></sln:lista-ulic>