<?xml version="1.0" encoding="UTF-8" standalone="yes"?><sln:lista-ulic xmlns:srv="http://gugik.gov.pl/schemas/slowniki-service/1.0" xmlns:sln="http://gugik.gov.pl/schemas/slowniki-schema/1.0"><sln:ulica><sln:cyklZyciaDo>2017-03-31T00:00:00+02:00</sln:cyklZyciaDo><sln:cyklZyciaOd>2016-01-19T00:00:00+01:00</sln:cyklZyciaOd><sln:gmIIPId>029d6703-6f56-411a-bbb7-a8211f5807e8</sln:gmIIPId><sln:gmIIPPn>PL.PZGIK.200</sln:gmIIPPn><sln:gmIIPWersja>2012-09-26T22:33:58+02:00</sln:gmIIPWersja><sln:gmIdTeryt>3205012</sln:gmIdTeryt><sln:gmNazwa>Brojce</sln:gmNazwa><sln:miejscIIPId>084b8fb8-0747-4956-bceb-7ad1fe1ca3f5</sln:miejscIIPId><sln:miejscIIPPn>PL.PZGIK.200</sln:miejscIIPPn><sln:miejscIIPWersja>2016-11-24T12:34:45+02:00</sln:miejscIIPWersja><sln:miejscIdTeryt>0772949</sln:miejscIdTeryt><sln:miejscNazwa>Brojce</sln:miejscNazwa><sln:miejscRodzaj>Wieś</sln:miejscRodzaj><sln:powIIPId>e687adb2-d4e9-41cf-ba09-fd494ecaf3db</sln:powIIPId><sln:powIIPPn>PL.PZGIK.200</sln:powIIPPn><sln:powIIPWersja>2012-09-27T10:07:22+02:00</sln:powIIPWersja><sln:powIdTeryt>3205</sln:powIdTeryt><sln:powNazwa>gryficki</sln:powNazwa><sln:ulIIPId>93b5f5a3-6766-49f6-b0cd-c7b40ae4e860</sln:ulIIPId><sln:ulIIPPn>PL.PZGIK.200</sln:ulIIPPn><sln:ulIIPWersja>2016-11-24T23:07:33+02:00</sln:ulIIPWersja><sln:ulIdTeryt>03839</sln:ulIdTeryt><sln:ulNazwaGlowna>Długa</sln:ulNazwaGlowna><sln:ulTyp>ulica</sln:ulTyp><sln:waznyOd>2011-03-21T00:00:00+01:00</sln:waznyOd><sln:wojIIPId>c3f2202a-b491-49c5-a3af-d581108d939a</sln:wojIIPId><sln:wojIIPPn>PL.PZGIK.200</sln:wojIIPPn><sln:wojIIPWersja>2017-10-10T00:00:00+02:00</sln:wojIIPWersja><sln:wojIdTeryt>32</sln:wojIdTeryt><sln:wojNazwa>zachodniopomorskie</sln:wojNazwa></sln:ulica><sln:ulica><sln:cyklZyciaDo>2017-03-31T00:00:00+02:00</sln:cyklZyciaDo><sln:cyklZyciaOd>2016-01-19T00:00:00+01:00</sln:cyklZyciaOd><sln:gmIIPId>029d6703-6f56-411a-bbb7-a8211f5807e8</sln:gmIIPId><sln:gmIIPPn>PL.PZGIK.200</sln:gmIIPPn><sln:gmIIPWersja>2012-09-26T22:33:58+02:00</sln:gmIIPWersja><sln:gmIdTeryt>3205012</sln:gmIdTeryt><sln:gmNazwa>Brojce</sln:gmNazwa><sln:miejscIIPId>4d71901e-80a5-4ad6-bed3-7fada9bb15ec</sln:miejscIIPId><sln:miejscIIPPn>PL.PZGIK.200</sln:miejscIIPPn><sln:miejscIIPWersja>2016-11-24T12:34:45+02:00</sln:miejscIIPWersja><sln:miejscIdTeryt>0773067</sln:miejscIdTeryt><sln:miejscNazwa>Przybiernowo</sln:miejscNazwa><sln:miejscRodzaj>Wieś</sln:miejscRodzaj><sln:powIIPId>e687adb2-d4e9-41cf-ba09-fd494ecaf3db</sln:powIIPId><sln:powIIPPn>PL.PZGIK.200</sln:powIIPPn><sln:powIIPWersja>2012-09-27T10:07:22+02:00</sln:powIIPWersja><sln:powIdTeryt>3205</sln:powIdTeryt><sln:powNazwa>gryficki</sln:powNazwa><sln:ulIIPId>596ba56f-1742-4ac7-ba63-8d23b8ac5c11</sln:ulIIPId><sln:ulIIPPn>PL.PZGIK.200</sln:ulIIPPn><sln:ulIIPWersja>2016-11-24T23:07:33+02:00</sln:ulIIPWersja><sln:ulIdTeryt>22050</sln:ulIdTeryt><sln:ulNazwaGlowna>Szosowa</sln:ulNazwaGlowna><sln:ulTyp>ulica</sln:ulTyp><sln:waznyOd>2011-03-21T00:00:00+01:00</sln:waznyOd><sln:wojIIPId>c3f2202a-b491-49c5-a3af-d581108d939a</sln:wojIIPId><sln:wojIIPPn>PL.PZGIK.200</sln:wojIIPPn><sln:wojIIPWersja>2017-10-10T00:00:00+02:00</sln:wojIIPWersja><sln:wojIdTeryt>32</sln:wojIdTeryt><sln:wojNazwa>zachodniopomorskie</sln:wojNazwa></sln:ulica><sln:ulica><sln:cyklZyciaDo>2017-03-31T00:00:00+02:00</sln:cyklZyciaDo><sln:cyklZyciaOd>2016-01-19T00:00:00+01:00</sln:cyklZyciaOd><sln:gmIIPId>029d6703-6f56-411a-bbb7-a8211f5807e8</sln:gmIIPId><sln:gmIIPPn>PL.PZGIK.200</sln:gmIIPPn><sln:gmIIPWersja>2012-09-26T22:33:58+02:00</sln:gmIIPWersja><sln:gmIdTeryt>3205012</sln:gmIdTeryt><sln:gmNazwa>Brojce</sln:gmNazwa><sln:miejscIIPId>4d71901e-80a5-4ad6-bed3-7fada9bb15ec</sln:miejscIIPId><sln:miejscIIPPn>PL.PZGIK.200</sln:miejscIIPPn><sln:miejscIIPWersja>2016-11-24T12:34:45+02:00</sln:miejscIIPWersja><sln:miejscIdTeryt>0773067</sln:miejscIdTeryt><sln:miejscNazwa>Przybiernowo</sln:miejscNazwa><sln:miejscRodzaj>Wieś</sln:miejscRodzaj><sln:powIIPId>e687adb2-d4e9-41cf-ba09-fd494ecaf3db</sln:powIIPId><sln:powIIPPn>PL.PZGIK.200</sln:powIIPPn><sln:powIIPWersja>2012-09-27T10:07:22+02:00</sln:powIIPWersja><sln:powIdTeryt>3205</sln:powIdTeryt><sln:powNazwa>gryficki</sln:powNazwa><sln:ulIIPId>2f5e5492-5f7a-4ed5-803f-5406eaa816a9</sln:ulIIPId><sln:ulIIPPn>PL.PZGIK.200</sln:ulIIPPn><sln:ulIIPWersja>2016-11-24T23:07:33+02:00</sln:ulIIPWersja><sln:ulIdTeryt>24048</sln:ulIdTeryt><sln:ulNazwaGlowna>Wiejska</sln:ulNazwaGlowna><sln:ulTyp>ulica</sln:ulTyp><sln:waznyOd>2011-03-21T00:00:00+01:00</sln:waznyOd><sln:wojIIPId>c3f2202a-b491-49c5-a3af-d581108d939a</sln:wojIIPId><sln:wojIIPPn>PL.PZGIK.200</sln:wojIIPPn><sln:wojIIPWersja>2017-10-10T00:00:00+02:00</sln:wojIIPWersja><sln:wojIdTeryt>32</sln:wojIdTeryt><sln:wojNazwa>zachodniopomorskie</sln:wojNazwa></sln:ulica><sln:ulica><sln:cyklZyciaDo>2017-03-31T00:00:00+02:00</sln:cyklZyciaDo><sln:cyklZyciaOd>2016-01-19T00:00:00+01:00</sln:cyklZyciaOd><sln:gmIIPId>029d6703-6f56-411a-bbb7-a8211f5807e8</sln:gmIIPId><sln:gmIIPPn>PL.PZGIK.200</sln:gmIIPPn><sln:gmIIPWersja>2012-09-26T22:33:58+02:00</sln:gmIIPWersja><sln:gmIdTeryt>3205012</sln:gmIdTeryt><sln:gmNazwa>Brojce</sln:gmNazwa><sln:miejscIIPId>084b8fb8-0747-4956-bceb-7ad1fe1ca3f5</sln:miejscIIPId><sln:miejscIIPPn>PL.PZGIK.200</sln:miejscIIPPn><sln:miejscIIPWersja>2016-11-24T12:34:45+02:00</sln:miejscIIPWersja><sln:miejscIdTeryt>0772949</sln:miejscIdTeryt><sln:miejscNazwa>Brojce</sln:miejscNazwa><sln:miejscRodzaj>Wieś</sln:miejscRodzaj><sln:powIIPId>e687adb2-d4e9-41cf-ba09-fd494ecaf3db</sln:powIIPId><sln:powIIPPn>PL.PZGIK.200</sln:powIIPPn><sln:powIIPWersja>2012-09-27T10:07:22+02:00</sln:powIIPWersja><sln:powIdTeryt>3205</sln:powIdTeryt><sln:powNazwa>gryficki</sln:powNazwa><sln:ulIIPId>fd012a85-1ab6-42b0-b1a7-12595b82bb73</sln:ulIIPId><sln:ulIIPPn>PL.PZGIK.200</sln:ulIIPPn><sln:ulIIPWersja>2016-11-24T23:07:34+02:00</sln:ulIIPWersja><sln:ulIdTeryt>15710</sln:ulIdTeryt><sln:ulNazwaGlowna>Parkowa</sln:ulNazwaGlowna><sln:ulTyp>ulica</sln:ulTyp><sln:waznyOd>2011-03-21T00:00:00+01:00</sln:waznyOd><sln:wojIIPId>c3f2202a-b491-49c5-a3af-d581108d939a</sln:wojIIPId><sln:wojIIPPn>PL.PZGIK.200</sln:wojIIPPn><sln:wojIIPWersja>2017-10-10T00:00:00+02:00</sln:wojIIPWersja><sln:wojIdTeryt>32</sln:wojIdTeryt><sln:wojNazwa>zachodniopomorskie</sln:wojNazwa></sln:ulica><sln:ulica><sln:cyklZyciaDo>2017-03-31T00:00:00+02:00</sln:cyklZyciaDo><sln:cyklZyciaOd>2016-01-19T00:00:00+01:00</sln:cyklZyciaOd><sln:gmIIPId>029d6703-6f56-411a-bbb7-a8211f5807e8</sln:gmIIPId><sln:gmIIPPn>PL.PZGIK.200</sln:gmIIPPn><sln:gmIIPWersja>2012-09-26T22:33:58+02:00</sln:gmIIPWersja><sln:gmIdTeryt>3205012</sln:gmIdTeryt><sln:gmNazwa>Brojce</sln:gmNazwa><sln:miejscIIPId>084b8fb8-0747-4956-bceb-7ad1fe1ca3f5</sln:miejscIIPId><sln:miejscIIPPn>PL.PZGIK.200</sln:miejscIIPPn><sln:miejscIIPWersja>2016-11-24T12:34:45+02:00</sln:miejscIIPWersja><sln:miejscIdTeryt>0772949</sln:miejscIdTeryt><sln:miejscNazwa>Brojce</sln:miejscNazwa><sln:miejscRodzaj>Wieś</sln:miejscRodzaj><sln:powIIPId>e687adb2-d4e9-41cf-ba09-fd494ecaf3db</sln:powIIPId><sln:powIIPPn>PL.PZGIK.200</sln:powIIPPn><sln:powIIPWersja>2012-09-27T10:07:22+02:00</sln:powIIPWersja><sln:powIdTeryt>3205</sln:powIdTeryt><sln:powNazwa>gryficki</sln:powNazwa><sln:ulIIPId>bd353d78-521b-4768-a203-213bf1285b46</sln:ulIIPId><sln:ulIIPPn>PL.PZGIK.200</sln:ulIIPPn><sln:ulIIPWersja>2016-11-24T23:07:34+02:00</sln:ulIIPWersja><sln:ulIdTeryt>20598</sln:ulIdTeryt><sln:ulNazwaGlowna>Sosnowa</sln:ulNazwaGlowna><sln:ulTyp>ulica</sln:ulTyp><sln:waznyOd>2011-03-21T00:00:00+01:00</sln:waznyOd><sln:wojIIPId>c3f2202a-b491-49c5-a3af-d581108d939a</sln:wojIIPId><sln:wojIIPPn>PL.PZGIK.200</sln:wojIIPPn><sln:wojIIPWersja>2017-10-10T00:00:00+02:00</sln:wojIIPWersja><sln:wojIdTeryt>32</sln:wojIdTeryt><sln:wojNazwa>zachodniopomorskie</sln:wojNazwa></sln:ulica><sln:ulica><sln:cyklZyciaDo>2017-03-31T00:00:00+02:00</sln:cyklZyciaDo><sln:cyklZyciaOd>2016-01-19T00:00:00+01:00</sln:cyklZyciaOd><sln:gmIIPId>029d6703-6f56-411a-bbb7-a8211f5807e8</sln:gmIIPId><sln:gmIIPPn>PL.PZGIK.200</sln:gmIIPPn><sln:gmIIPWersja>2012-09-26T22:33:58+02:00</sln:gmIIPWersja><sln:gmIdTeryt>3205012</sln:gmIdTeryt><sln:gmNazwa>Brojce</sln:gmNazwa><sln:miejscIIPId>084b8fb8-0747-4956-bceb-7ad1fe1ca3f5</sln:miejscIIPId><sln:miejscIIPPn>PL.PZGIK.200</sln:miejscIIPPn><sln:miejscIIPWersja>2016-11-24T12:34:45+02:00</sln:miejscIIPWersja><sln:miejscIdTeryt>0772949</sln:miejscIdTeryt><sln:miejscNazwa>Brojce</sln:miejscNazwa><sln:miejscRodzaj>Wieś</sln:miejscRodzaj><sln:powIIPId>e687adb2-d4e9-41cf-ba09-fd494ecaf3db</sln:powIIPId><sln:powIIPPn>PL.PZGIK.200</sln:powIIPPn><sln:powIIPWersja>2012-09-27T10:07:22+02:00</sln:powIIPWersja><sln:powIdTeryt>3205</sln:powIdTeryt><sln:powNazwa>gryficki</sln:powNazwa><sln:ulIIPId>faf0065d-2ced-414b-b8ee-41fec589e848</sln:ulIIPId><sln:ulIIPPn>PL.PZGIK.200</sln:ulIIPPn><sln:ulIIPWersja>2016-11-24T23:07:34+02:00</sln:ulIIPWersja><sln:ulIdTeryt>11596</sln:ulIdTeryt><sln:ulNazwaGlowna>Łąkowa</sln:ulNazwaGlowna><sln:ulTyp>ulica</sln:ulTyp><sln:waznyOd>2011-03-21T00:00:00+01:00</sln:waznyOd><sln:wojIIPId>c3f2202a-b491-49c5-a3af-d581108d939a</sln:wojIIPId><sln:wojIIPPn>PL.PZGIK.200</sln:wojIIPPn><sln:wojIIPWersja>2017-10-10T00:00:00+02:00</sln:wojIIPWersja><sln:wojIdTeryt>32</sln:wojIdTeryt><sln:wojNazwa>zachodniopomorskie</sln:wojNazwa></sln:ulica><sln:ulica><sln:cyklZyciaDo>2017-03-31T00:00:00+02:00</sln:cyklZyciaDo><sln:cyklZyciaOd>2016-01-19T00:00:00+01:00</sln:cyklZyciaOd><sln:gmIIPId>029d6703-6f56-411a-bbb7-a8211f5807e8</sln:gmIIPId><sln:gmIIPPn>PL.PZGIK.200</sln:gmIIPPn><sln:gmIIPWersja>2012-09-26T22:33:58+02:00</sln:gmIIPWersja><sln:gmIdTeryt>3205012</sln:gmIdTeryt><sln:gmNazwa>Brojce</sln:gmNazwa><sln:miejscIIPId>084b8fb8-0747-4956-bceb-7ad1fe1ca3f5</sln:miejscIIPId><sln:miejscIIPPn>PL.PZGIK.200</sln:miejscIIPPn><sln:miejscIIPWersja>2016-11-24T12:34:45+02:00</sln:miejscIIPWersja><sln:miejscIdTeryt>0772949</sln:miejscIdTeryt><sln:miejscNazwa>Brojce</sln:miejscNazwa><sln:miejscRodzaj>Wieś</sln:miejscRodzaj><sln:powIIPId>e687adb2-d4e9-41cf-ba09-fd494ecaf3db</sln:powIIPId><sln:powIIPPn>PL.PZGIK.200</sln:powIIPPn><sln:powIIPWersja>2012-09-27T10:07:22+02:00</sln:powIIPWersja><sln:powIdTeryt>3205</sln:powIdTeryt><sln:powNazwa>gryficki</sln:powNazwa><sln:ulIIPId>58da010b-317d-4cbc-91da-d311de652be7</sln:ulIIPId><sln:ulIIPPn>PL.PZGIK.200</sln:ulIIPPn><sln:ulIIPWersja>2016-11-24T23:07:34+02:00</sln:ulIIPWersja><sln:ulIdTeryt>24870</sln:ulIdTeryt><sln:ulNazwaGlowna>Wrzosowa</sln:ulNazwaGlowna><sln:ulTyp>ulica</sln:ulTyp><sln:waznyOd>2011-03-21T00:00:00+01:00</sln:waznyOd><sln:wojIIPId>c3f2202a-b491-49c5-a3af-d581108d939a</sln:wojIIPId><sln:wojIIPPn>PL.PZGIK.200</sln:wojIIPPn><sln:wojIIPWersja>2017-10-10T00:00:00+02:00</sln:wojIIPWersja><sln:wojIdTeryt>32</sln:wojIdTeryt><sln:wojNazwa>zachodniopomorskie</sln:wojNazwa></sln:ulica><sln:ulica><sln:cyklZyciaDo>2017-03-31T00:00:00+02:00</sln:cyklZyciaDo><sln:cyklZyciaOd>2016-01-19T00:00:00+01:00</sln:cyklZyciaOd><sln:gmIIPId>029d6703-6f56-411a-bbb7-a8211f5807e8</sln:gmIIPId><sln:gmIIPPn>PL.PZGIK.200</sln:gmIIPPn><sln:gmIIPWersja>2012-09-26T22:33:58+02:00</sln:gmIIPWersja><sln:gmIdTeryt>3205012</sln:gmIdTeryt><sln:gmNazwa>Brojce</sln:gmNazwa><sln:miejscIIPId>084b8fb8-0747-4956-bceb-7ad1fe1ca3f5</sln:miejscIIPId><sln:miejscIIPPn>PL.PZGIK.200</sln:miejscIIPPn><sln:miejscIIPWersja>2016-11-24T12:34:45+02:00</sln:miejscIIPWersja><sln:miejscIdTeryt>0772949</sln:miejscIdTeryt><sln:miejscNazwa>Brojce</sln:miejscNazwa><sln:miejscRodzaj>Wieś</sln:miejscRodzaj><sln:powIIPId>e687adb2-d4e9-41cf-ba09-fd494ecaf3db</sln:powIIPId><sln:powIIPPn>PL.PZGIK.200</sln:powIIPPn><sln:powIIPWersja>2012-09-27T10:07:22+02:00</sln:powIIPWersja><sln:powIdTeryt>3205</sln:powIdTeryt><sln:powNazwa>gryficki</sln:powNazwa><sln:ulIIPId>e3459bd0-5fb3-403a-8706-18755f99fb81</sln:ulIIPId><sln:ulIIPPn>PL.PZGIK.200</sln:ulIIPPn><sln:ulIIPWersja>2016-11-24T23:07:34+02:00</sln:ulIIPWersja><sln:ulIdTeryt>29430</sln:ulIdTeryt><sln:ulNazwaGlowna>Kolonia Trójka</sln:ulNazwaGlowna><sln:ulTyp>ulica</sln:ulTyp><sln:waznyOd>2013-03-25T00:00:00+01:00</sln:waznyOd><sln:wojIIPId>c3f2202a-b491-49c5-a3af-d581108d939a</sln:wojIIPId><sln:wojIIPPn>PL.PZGIK.200</sln:wojIIPPn><sln:wojIIPWersja>2017-10-10T00:00:00+02:00</sln:wojIIPWersja><sln:wojIdTeryt>32</sln:wojIdTeryt><sln:wojNazwa>zachodniopomorskie</sln:wojNazwa></sln:ulica><sln:ulica><sln:cyklZyciaDo>2017-03-31T00:00:00+02:00</sln:cyklZyciaDo><sln:cyklZyciaOd>2016-01-19T00:00:00+01:00</sln:cyklZyciaOd><sln:gmIIPId>029d6703-6f56-411a-bbb7-a8211f5807e8</sln:gmIIPId><sln:gmIIPPn>PL.PZGIK.200</sln:gmIIPPn><sln:gmIIPWersja>2012-09-26T22:33:58+02:00</sln:gmIIPWersja><sln:gmIdTeryt>3205012</sln:gmIdTeryt><sln:gmNazwa>Brojce</sln:gmNazwa><sln:miejscIIPId>4d71901e-80a5-4ad6-bed3-7fada9bb15ec</sln:miejscIIPId><sln:miejscIIPPn>PL.PZGIK.200</sln:miejscIIPPn><sln:miejscIIPWersja>2016-11-24T12:34:45+02:00</sln:miejscIIPWersja><sln:miejscIdTeryt>0773067</sln:miejscIdTeryt><sln:miejscNazwa>Przybiernowo</sln:miejscNazwa><sln:miejscRodzaj>Wieś</sln:miejscRodzaj><sln:powIIPId>e687adb2-d4e9-41cf-ba09-fd494ecaf3db</sln:powIIPId><sln:powIIPPn>PL.PZGIK.200</sln:powIIPPn><sln:powIIPWersja>2012-09-27T10:07:22+02:00</sln:powIIPWersja><sln:powIdTeryt>3205</sln:powIdTeryt><sln:powNazwa>gryficki</sln:powNazwa><sln:ulIIPId>52177531-3715-4633-9240-5e625778d2f0</sln:ulIIPId><sln:ulIIPPn>PL.PZGIK.200</sln:ulIIPPn><sln:ulIIPWersja>2016-11-24T23:07:34+02:00</sln:ulIIPWersja><sln:ulIdTeryt>08828</sln:ulIdTeryt><sln:ulNazwaGlowna>Kolejowa</sln:ulNazwaGlowna><sln:ulTyp>ulica</sln:ulTyp><sln:waznyOd>2011-03-21T00:00:00+01:00</sln:waznyOd><sln:wojIIPId>c3f2202a-b491-49c5-a3af-d581108d939a</sln:wojIIPId><sln:wojIIPPn>PL.PZGIK.200</sln:wojIIPPn><sln:wojIIPWersja>2017-10-10T00:00:00+02:00</sln:wojIIPWersja><sln:wojIdTeryt>32</sln:wojIdTeryt><sln:wojNazwa>zachodniopomorskie</sln:wojNazwa></sln:ulica><sln:ulica><sln:cyklZyciaDo>2017-03-31T00:00:00+02:00</sln:cyklZyciaDo><sln:cyklZyciaOd>2016-01-19T00:00:00+01:00</sln:cyklZyciaOd><sln:gmIIPId>029d6703-6f56-411a-bbb7-a8211f5807e8</sln:gmIIPId><sln:gmIIPPn>PL.PZGIK.200</sln:gmIIPPn><sln:gmIIPWersja>2012-09-26T22:33:58+02:00</sln:gmIIPWersja><sln:gmIdTeryt>3205012</sln:gmIdTeryt><sln:gmNazwa>Brojce</sln:gmNazwa><sln:miejscIIPId>4d71901e-80a5-4ad6-bed3-7fada9bb15ec</sln:miejscIIPId><sln:miejscIIPPn>PL.PZGIK.200</sln:miejscIIPPn><sln:miejscIIPWersja>2016-11-24T12:34:45+02:00</sln:miejscIIPWersja><sln:miejscIdTeryt>0773067</sln:miejscIdTeryt><sln:miejscNazwa>Przybiernowo</sln:miejscNazwa><sln:miejscRodzaj>Wieś</sln:miejscRodzaj><sln:powIIPId>e687adb2-d4e9-41cf-ba09-fd494ecaf3db</sln:powIIPId><sln:powIIPPn>PL.PZGIK.200</sln:powIIPPn><sln:powIIPWersja>2012-09-27T10:07:22+02:00</sln:powIIPWersja><sln:powIdTeryt>3205</sln:powIdTeryt><sln:powNazwa>gryficki</sln:powNazwa><sln:ulIIPId>4a42aa12-210b-4ae9-b6a8-b0e2801909eb</sln:ulIIPId><sln:ulIIPPn>PL.PZGIK.200</sln:ulIIPPn><sln:ulIIPWersja>2016-11-24T23:07:34+02:00</sln:ulIIPWersja><sln:ulIdTeryt>17591</sln:ulIdTeryt><sln:ulNazwaGlowna>Pruszewska</sln:ulNazwaGlowna><sln:ulTyp>ulica</sln:ulTyp><sln:waznyOd>2011-03-21T00:00:00+01:00</sln:waznyOd><sln:wojIIPId>c3f2202a-b491-49c5-a3af-d581108d939a</sln:wojIIPId><sln:wojIIPPn>PL.PZGIK.200</sln:wojIIPPn><sln:wojIIPWersja>2017-10-10T00:00:00+02:00</sln:wojIIPWersja><sln:wojIdTeryt>32</sln:wojIdTeryt><sln:wojNazwa>zachodniopomorskie</sln:wojNazwa></sln:ulica><sln:ulica><sln:cyklZyciaDo>2017-03-31T00:00:00+02:00</sln:cyklZyciaDo><sln:cyklZyciaOd>2016-01-19T00:00:00+01:00</sln:cyklZyciaOd><sln:gmIIPId>029d6703-6f56-411a-bbb7-a8211f5807e8</sln:gmIIPId><sln:gmIIPPn>PL.PZGIK.200</sln:gmIIPPn><sln:gmIIPWersja>2012-09-26T22:33:58+02:00</sln:gmIIPWersja><sln:gmIdTeryt>3205012</sln:gmIdTeryt><sln:gmNazwa>Brojce</sln:gmNazwa><sln:miejscIIPId>084b8fb8-0747-4956-bceb-7ad1fe1ca3f5</sln:miejscIIPId><sln:miejscIIPPn>PL.PZGIK.200</sln:miejscIIPPn><sln:miejscIIPWersja>2016-11-24T12:34:45+02:00</sln:miejscIIPWersja><sln:miejscIdTeryt>0772949</sln:miejscIdTeryt><sln:miejscNazwa>Brojce</sln:miejscNazwa><sln:miejscRodzaj>Wieś</sln:miejscRodzaj><sln:powIIPId>e687adb2-d4e9-41cf-ba09-fd494ecaf3db</sln:powIIPId><sln:powIIPPn>PL.PZGIK.200</sln:powIIPPn><sln:powIIPWersja>2012-09-27T10:07:22+02:00</sln:powIIPWersja><sln:powIdTeryt>3205</sln:powIdTeryt><sln:powNazwa>gryficki</sln:powNazwa><sln:ulIIPId>ace04ddd-58c0-484b-9aba-e105a74b499d</sln:ulIIPId><sln:ulIIPPn>PL.PZGIK.200</sln:ulIIPPn><sln:ulIIPWersja>2016-11-24T23:07:34+02:00</sln:ulIIPWersja><sln:ulIdTeryt>13132</sln:ulIdTeryt><sln:ulNazwaGlowna>Młyńska</sln:ulNazwaGlowna><sln:ulTyp>ulica</sln:ulTyp><sln:waznyOd>2011-03-21T00:00:00+01:00</sln:waznyOd><sln:wojIIPId>c3f2202a-b491-49c5-a3af-d581108d939a</sln:wojIIPId><sln:wojIIPPn>PL.PZGIK.200</sln:wojIIPPn><sln:wojIIPWersja>2017-10-10T00:00:00+02:00</sln:wojIIPWersja><sln:wojIdTeryt>32</sln:wojIdTeryt><sln:wojNazwa>zachodniopomorskie</sln:wojNazwa></sln:ulica><sln:ulica><sln:cyklZyciaDo>2017-03-31T00:00:00+02:00</sln:cyklZyciaDo><sln:cyklZyciaOd>2016-01-19T00:00:00+01:00</sln:cyklZyciaOd><sln:gmIIPId>029d6703-6f56-411a-bbb7-a8211f5807e8</sln:gmIIPId><sln:gmIIPPn>PL.PZGIK.200</sln:gmIIPPn><sln:gmIIPWersja>2012-09-26T22:33:58+02:00</sln:gmIIPWersja><sln:gmIdTeryt>3205012</sln:gmIdTeryt><sln:gmNazwa>Brojce</sln:gmNazwa><sln:miejscIIPId>084b8fb8-0747-4956-bceb-7ad1fe1ca3f5</sln:miejscIIPId><sln:miejscIIPPn>PL.PZGIK.200</sln:miejscIIPPn><sln:miejscIIPWersja>2016-11-24T12:34:45+02:00</sln:miejscIIPWersja><sln:miejscIdTeryt>0772949</sln:miejscIdTeryt><sln:miejscNazwa>Brojce</sln:miejscNazwa><sln:miejscRodzaj>Wieś</sln:miejscRodzaj><sln:powIIPId>e687adb2-d4e9-41cf-ba09-fd494ecaf3db</sln:powIIPId><sln:powIIPPn>PL.PZGIK.200</sln:powIIPPn><sln:powIIPWersja>2012-09-27T10:07:22+02:00</sln:powIIPWersja><sln:powIdTeryt>3205</sln:powIdTeryt><sln:powNazwa>gryficki</sln:powNazwa><sln:ulIIPId>cf86c281-810c-4d64-9dbe-42148f2dcc99</sln:ulIIPId><sln:ulIIPPn>PL.PZGIK.200</sln:ulIIPPn><sln:ulIIPWersja>2016-11-24T23:07:34+02:00</sln:ulIIPWersja><sln:ulIdTeryt>02276</sln:ulIdTeryt><sln:ulNazwaGlowna>Brzozowa</sln:ulNazwaGlowna><sln:ulTyp>ulica</sln:ulTyp><sln:waznyOd>2011-03-21T00:00:00+01:00</sln:waznyOd><sln:wojIIPId>c3f2202a-b491-49c5-a3af-d581108d939a</sln:wojIIPId><sln:wojIIPPn>PL.PZGIK.200</sln:wojIIPPn><sln:wojIIPWersja>2017-10-10T00:00:00+02:00</sln:wojIIPWersja><sln:wojIdTeryt>32</sln:wojIdTeryt><sln:wojNazwa>zachodniopomorskie</sln:wojNazwa></sln:ulica><sln:ulica><sln:cyklZyciaDo>2017-03-31T00:00:00+02:00</sln:cyklZyciaDo><sln:cyklZyciaOd>2016-01-19T00:00:00+01:00</sln:cyklZyciaOd><sln:gmIIPId>029d6703-6f56-411a-bbb7-a8211f5807e8</sln:gmIIPId><sln:gmIIPPn>PL.PZGIK.200</sln:gmIIPPn><sln:gmIIPWersja>2012-09-26T22:33:58+02:00</sln:gmIIPWersja><sln:gmIdTeryt>3205012</sln:gmIdTeryt><sln:gmNazwa>Brojce</sln:gmNazwa><sln:miejscIIPId>084b8fb8-0747-4956-bceb-7ad1fe1ca3f5</sln:miejscIIPId><sln:miejscIIPPn>PL.PZGIK.200</sln:miejscIIPPn><sln:miejscIIPWersja>2016-11-24T12:34:45+02:00</sln:miejscIIPWersja><sln:miejscIdTeryt>0772949</sln:miejscIdTeryt><sln:miejscNazwa>Brojce</sln:miejscNazwa><sln:miejscRodzaj>Wieś</sln:miejscRodzaj><sln:powIIPId>e687adb2-d4e9-41cf-ba09-fd494ecaf3db</sln:powIIPId><sln:powIIPPn>PL.PZGIK.200</sln:powIIPPn><sln:powIIPWersja>2012-09-27T10:07:22+02:00</sln:powIIPWersja><sln:powIdTeryt>3205</sln:powIdTeryt><sln:powNazwa>gryficki</sln:powNazwa><sln:ulIIPId>eb7c1ce3-d2d4-4d14-9e53-bd2218ef803e</sln:ulIIPId><sln:ulIIPPn>PL.PZGIK.200</sln:ulIIPPn><sln:ulIIPWersja>2016-11-24T23:07:34+02:00</sln:ulIIPWersja><sln:ulIdTeryt>29429</sln:ulIdTeryt><sln:ulNazwaGlowna>Kolonia Szóstka</sln:ulNazwaGlowna><sln:ulTyp>ulica</sln:ulTyp><sln:waznyOd>2013-03-25T00:00:00+01:00</sln:waznyOd><sln:wojIIPId>c3f2202a-b491-49c5-a3af-d581108d939a</sln:wojIIPId><sln:wojIIPPn>PL.PZGIK.200</sln:wojIIPPn><sln:wojIIPWersja>2017-10-10T00:00:00+02:00</sln:wojIIPWersja><sln:wojIdTeryt>32</sln:wojIdTeryt><sln:wojNazwa>zachodniopomorskie</sln:wojNazwa></sln:ulica><sln:ulica><sln:cyklZyciaDo>2017-03-31T00:00:00+02:00</sln:cyklZyciaDo><sln:cyklZyciaOd>2016-01-19T00:00:00+01:00</sln:cyklZyciaOd><sln:gmIIPId>029d6703-6f56-411a-bbb7-a8211f5807e8</sln:gmIIPId><sln:gmIIPPn>PL.PZGIK.200</sln:gmIIPPn><sln:gmIIPWersja>2012-09-26T22:33:58+02:00</sln:gmIIPWersja><sln:gmIdTeryt>3205012</sln:gmIdTeryt><sln:gmNazwa>Brojce</sln:gmNazwa><sln:miejscIIPId>084b8fb8-0747-4956-bceb-7ad1fe1ca3f5</sln:miejscIIPId><sln:miejscIIPPn>PL.PZGIK.200</sln:miejscIIPPn><sln:miejscIIPWersja>2016-11-24T12:34:45+02:00</sln:miejscIIPWersja><sln:miejscIdTeryt>0772949</sln:miejscIdTeryt><sln:miejscNazwa>Brojce</sln:miejscNazwa><sln:miejscRodzaj>Wieś</sln:miejscRodzaj><sln:powIIPId>e687adb2-d4e9-41cf-ba09-fd494ecaf3db</sln:powIIPId><sln:powIIPPn>PL.PZGIK.200</sln:powIIPPn><sln:powIIPWersja>2012-09-27T10:07:22+02:00</sln:powIIPWersja><sln:powIdTeryt>3205</sln:powIdTeryt><sln:powNazwa>gryficki</sln:powNazwa><sln:ulIIPId>b0c67d20-9e62-4adb-9b01-e34570af070d</sln:ulIIPId><sln:ulIIPPn>PL.PZGIK.200</sln:ulIIPPn><sln:ulIIPWersja>2016-11-24T23:07:34+02:00</sln:ulIIPWersja><sln:ulIdTeryt>29428</sln:ulIdTeryt><sln:ulNazwaGlowna>Kolonia Dziewiątka</sln:ulNazwaGlowna><sln:ulTyp>ulica</sln:ulTyp><sln:waznyOd>2013-03-25T00:00:00+01:00</sln:waznyOd><sln:wojIIPId>c3f2202a-b491-49c5-a3af-d581108d939a</sln:wojIIPId><sln:wojIIPPn>PL.PZGIK.200</sln:wojIIPPn><sln:wojIIPWersja>2017-10-10T00:00:00+02:00</sln:wojIIPWersja><sln:wojIdTeryt>32</sln:wojIdTeryt><sln:wojNazwa>zachodniopomorskie</sln:wojNazwa></sln:ulica><sln:ulica><sln:cyklZyciaOd>2017-03-31T00:00:00+02:00</sln:cyklZyciaOd><sln:gmIIPId>029d6703-6f56-411a-bbb7-a8211f5807e8</sln:gmIIPId><sln:gmIIPPn>PL.PZGIK.200</sln:gmIIPPn><sln:gmIIPWersja>2012-09-26T22:33:58+02:00</sln:gmIIPWersja><sln:gmIdTeryt>3205012</sln:gmIdTeryt><sln:gmNazwa>Brojce</sln:gmNazwa><sln:miejscIIPId>084b8fb8-0747-4956-bceb-7ad1fe1ca3f5</sln:miejscIIPId><sln:miejscIIPPn>PL.PZGIK.200</sln:miejscIIPPn><sln:miejscIIPWersja>2017-03-31T10:41:06+02:00</sln:miejscIIPWersja><sln:miejscIdTeryt>0772949</sln:miejscIdTeryt><sln:miejscNazwa>Brojce</sln:miejscNazwa><sln:miejscRodzaj>Wieś</sln:miejscRodzaj><sln:powIIPId>e687adb2-d4e9-41cf-ba09-fd494ecaf3db</sln:powIIPId><sln:powIIPPn>PL.PZGIK.200</sln:powIIPPn><sln:powIIPWersja>2012-09-27T10:07:22+02:00</sln:powIIPWersja><sln:powIdTeryt>3205</sln:powIdTeryt><sln:powNazwa>gryficki</sln:powNazwa><sln:ulIIPId>acc81a46-4d0c-4e98-ab63-069e09f88d40</sln:ulIIPId><sln:ulIIPPn>PL.PZGIK.200</sln:ulIIPPn><sln:ulIIPWersja>2017-03-31T10:41:07+02:00</sln:ulIIPWersja><sln:ulIdTeryt>20598</sln:ulIdTeryt><sln:ulNazwaGlowna>Sosnowa</sln:ulNazwaGlowna><sln:ulTyp>ulica</sln:ulTyp><sln:waznyOd>2011-03-21T00:00:00+01:00</sln:waznyOd><sln:wojIIPId>c3f2202a-b491-49c5-a3af-d581108d939a</sln:wojIIPId><sln:wojIIPPn>PL.PZGIK.200</sln:wojIIPPn><sln:wojIIPWersja>2017-10-10T00:00:00+02:00</sln:wojIIPWersja><sln:wojIdTeryt>32</sln:wojIdTeryt><sln:wojNazwa>zachodniopomorskie</sln:wojNazwa></sln:ulica><sln:ulica><sln:cyklZyciaOd>2017-03-31T00:00:00+02:00</sln:cyklZyciaOd><sln:gmIIPId>029d6703-6f56-411a-bbb7-a8211f5807e8</sln:gmIIPId><sln:gmIIPPn>PL.PZGIK.200</sln:gmIIPPn><sln:gmIIPWersja>2012-09-26T22:33:58+02:00</sln:gmIIPWersja><sln:gmIdTeryt>3205012</sln:gmIdTeryt><sln:gmNazwa>Brojce</sln:gmNazwa><sln:miejscIIPId>084b8fb8-0747-4956-bceb-7ad1fe1ca3f5</sln:miejscIIPId><sln:miejscIIPPn>PL.PZGIK.200</sln:miejscIIPPn><sln:miejscIIPWersja>2017-03-31T10:41:06+02:00</sln:miejscIIPWersja><sln:miejscIdTeryt>0772949</sln:miejscIdTeryt><sln:miejscNazwa>Brojce</sln:miejscNazwa><sln:miejscRodzaj>Wieś</sln:miejscRodzaj><sln:powIIPId>e687adb2-d4e9-41cf-ba09-fd494ecaf3db</sln:powIIPId><sln:powIIPPn>PL.PZGIK.200</sln:powIIPPn><sln:powIIPWersja>2012-09-27T10:07:22+02:00</sln:powIIPWersja><sln:powIdTeryt>3205</sln:powIdTeryt><sln:powNazwa>gryficki</sln:powNazwa><sln:ulIIPId>859e366e-0c35-4d2b-b318-f47849ae0842</sln:ulIIPId><sln:ulIIPPn>PL.PZGIK.200</sln:ulIIPPn><sln:ulIIPWersja>2017-03-31T10:41:07+02:00</sln:ulIIPWersja><sln:ulIdTeryt>02276</sln:ulIdTeryt><sln:ulNazwaGlowna>Brzozowa</sln:ulNazwaGlowna><sln:ulTyp>ulica</sln:ulTyp><sln:waznyOd>2011-03-21T00:00:00+01:00</sln:waznyOd><sln:wojIIPId>c3f2202a-b491-49c5-a3af-d581108d939a</sln:wojIIPId><sln:wojIIPPn>PL.PZGIK.200</sln:wojIIPPn><sln:wojIIPWersja>2017-10-10T00:00:00+02:00</sln:wojIIPWersja><sln:wojIdTeryt>32</sln:wojIdTeryt><sln:wojNazwa>zachodniopomorskie</sln:wojNazwa></sln:ulica><sln:ulica><sln:cyklZyciaOd>2017-03-31T00:00:00+02:00</sln:cyklZyciaOd><sln:gmIIPId>029d6703-6f56-411a-bbb7-a8211f5807e8</sln:gmIIPId><sln:gmIIPPn>PL.PZGIK.200</sln:gmIIPPn><sln:gmIIPWersja>2012-09-26T22:33:58+02:00</sln:gmIIPWersja><sln:gmIdTeryt>3205012</sln:gmIdTeryt><sln:gmNazwa>Brojce</sln:gmNazwa><sln:miejscIIPId>4d71901e-80a5-4ad6-bed3-7fada9bb15ec</sln:miejscIIPId><sln:miejscIIPPn>PL.PZGIK.200</sln:miejscIIPPn><sln:miejscIIPWersja>2017-03-31T10:41:07+02:00</sln:miejscIIPWersja><sln:miejscIdTeryt>0773067</sln:miejscIdTeryt><sln:miejscNazwa>Przybiernowo</sln:miejscNazwa><sln:miejscRodzaj>Wieś</sln:miejscRodzaj><sln:powIIPId>e687adb2-d4e9-41cf-ba09-fd494ecaf3db</sln:powIIPId><sln:powIIPPn>PL.PZGIK.200</sln:powIIPPn><sln:powIIPWersja>2012-09-27T10:07:22+02:00</sln:powIIPWersja><sln:powIdTeryt>3205</sln:powIdTeryt><sln:powNazwa>gryficki</sln:powNazwa><sln:ulIIPId>d82d3387-1611-400d-b792-0cf5f3906797</sln:ulIIPId><sln:ulIIPPn>PL.PZGIK.200</sln:ulIIPPn><sln:ulIIPWersja>2017-03-31T10:41:07+02:00</sln:ulIIPWersja><sln:ulIdTeryt>24048</sln:ulIdTeryt><sln:ulNazwaGlowna>Wiejska</sln:ulNazwaGlowna><sln:ulTyp>ulica</sln:ulTyp><sln:waznyOd>2011-03-21T00:00:00+01:00</sln:waznyOd><sln:wojIIPId>c3f2202a-b491-49c5-a3af-d581108d939a</sln:wojIIPId><sln:wojIIPPn>PL.PZGIK.200</sln:wojIIPPn><sln:wojIIPWersja>2017-10-10T00:00:00+02:00</sln:wojIIPWersja><sln:wojIdTeryt>32</sln:wojIdTeryt><sln:wojNazwa>zachodniopomorskie</sln:wojNazwa></sln:ulica><sln:ulica><sln:cyklZyciaOd>2017-03-31T00:00:00+02:00</sln:cyklZyciaOd><sln:gmIIPId>029d6703-6f56-411a-bbb7-a8211f5807e8</sln:gmIIPId><sln:gmIIPPn>PL.PZGIK.200</sln:gmIIPPn><sln:gmIIPWersja>2012-09-26T22:33:58+02:00</sln:gmIIPWersja><sln:gmIdTeryt>3205012</sln:gmIdTeryt><sln:gmNazwa>Brojce</sln:gmNazwa><sln:miejscIIPId>084b8fb8-0747-4956-bceb-7ad1fe1ca3f5</sln:miejscIIPId><sln:miejscIIPPn>PL.PZGIK.200</sln:miejscIIPPn><sln:miejscIIPWersja>2017-03-31T10:41:06+02:00</sln:miejscIIPWersja><sln:miejscIdTeryt>0772949</sln:miejscIdTeryt><sln:miejscNazwa>Brojce</sln:miejscNazwa><sln:miejscRodzaj>Wieś</sln:miejscRodzaj><sln:powIIPId>e687adb2-d4e9-41cf-ba09-fd494ecaf3db</sln:powIIPId><sln:powIIPPn>PL.PZGIK.200</sln:powIIPPn><sln:powIIPWersja>2012-09-27T10:07:22+02:00</sln:powIIPWersja><sln:powIdTeryt>3205</sln:powIdTeryt><sln:powNazwa>gryficki</sln:powNazwa><sln:ulIIPId>cfeb47bc-3eab-4171-9603-c088df040931</sln:ulIIPId><sln:ulIIPPn>PL.PZGIK.200</sln:ulIIPPn><sln:ulIIPWersja>2017-03-31T10:41:07+02:00</sln:ulIIPWersja><sln:ulIdTeryt>24870</sln:ulIdTeryt><sln:ulNazwaGlowna>Wrzosowa</sln:ulNazwaGlowna><sln:ulTyp>ulica</sln:ulTyp><sln:waznyOd>2011-03-21T00:00:00+01:00</sln:waznyOd><sln:wojIIPId>c3f2202a-b491-49c5-a3af-d581108d939a</sln:wojIIPId><sln:wojIIPPn>PL.PZGIK.200</sln:wojIIPPn><sln:wojIIPWersja>2017-10-10T00:00:00+02:00</sln:wojIIPWersja><sln:wojIdTeryt>32</sln:wojIdTeryt><sln:wojNazwa>zachodniopomorskie</sln:wojNazwa></sln:ulica><sln:ulica><sln:cyklZyciaOd>2017-03-31T00:00:00+02:00</sln:cyklZyciaOd><sln:gmIIPId>029d6703-6f56-411a-bbb7-a8211f5807e8</sln:gmIIPId><sln:gmIIPPn>PL.PZGIK.200</sln:gmIIPPn><sln:gmIIPWersja>2012-09-26T22:33:58+02:00</sln:gmIIPWersja><sln:gmIdTeryt>3205012</sln:gmIdTeryt><sln:gmNazwa>Brojce</sln:gmNazwa><sln:miejscIIPId>4d71901e-80a5-4ad6-bed3-7fada9bb15ec</sln:miejscIIPId><sln:miejscIIPPn>PL.PZGIK.200</sln:miejscIIPPn><sln:miejscIIPWersja>2017-03-31T10:41:07+02:00</sln:miejscIIPWersja><sln:miejscIdTeryt>0773067</sln:miejscIdTeryt><sln:miejscNazwa>Przybiernowo</sln:miejscNazwa><sln:miejscRodzaj>Wieś</sln:miejscRodzaj><sln:powIIPId>e687adb2-d4e9-41cf-ba09-fd494ecaf3db</sln:powIIPId><sln:powIIPPn>PL.PZGIK.200</sln:powIIPPn><sln:powIIPWersja>2012-09-27T10:07:22+02:00</sln:powIIPWersja><sln:powIdTeryt>3205</sln:powIdTeryt><sln:powNazwa>gryficki</sln:powNazwa><sln:ulIIPId>32993570-56ab-46c7-a8d1-f6fd6339d14f</sln:ulIIPId><sln:ulIIPPn>PL.PZGIK.200</sln:ulIIPPn><sln:ulIIPWersja>2017-03-31T10:41:08+02:00</sln:ulIIPWersja><sln:ulIdTeryt>22050</sln:ulIdTeryt><sln:ulNazwaGlowna>Szosowa</sln:ulNazwaGlowna><sln:ulTyp>ulica</sln:ulTyp><sln:waznyOd>2011-03-21T00:00:00+01:00</sln:waznyOd><sln:wojIIPId>c3f2202a-b491-49c5-a3af-d581108d939a</sln:wojIIPId><sln:wojIIPPn>PL.PZGIK.200</sln:wojIIPPn><sln:wojIIPWersja>2017-10-10T00:00:00+02:00</sln:wojIIPWersja><sln:wojIdTeryt>32</sln:wojIdTeryt><sln:wojNazwa>zachodniopomorskie</sln:wojNazwa></sln:ulica><sln:ulica><sln:cyklZyciaOd>2017-03-31T00:00:00+02:00</sln:cyklZyciaOd><sln:gmIIPId>029d6703-6f56-411a-bbb7-a8211f5807e8</sln:gmIIPId><sln:gmIIPPn>PL.PZGIK.200</sln:gmIIPPn><sln:gmIIPWersja>2012-09-26T22:33:58+02:00</sln:gmIIPWersja><sln:gmIdTeryt>3205012</sln:gmIdTeryt><sln:gmNazwa>Brojce</sln:gmNazwa><sln:miejscIIPId>4d71901e-80a5-4ad6-bed3-7fada9bb15ec</sln:miejscIIPId><sln:miejscIIPPn>PL.PZGIK.200</sln:miejscIIPPn><sln:miejscIIPWersja>2017-03-31T10:41:07+02:00</sln:miejscIIPWersja><sln:miejscIdTeryt>0773067</sln:miejscIdTeryt><sln:miejscNazwa>Przybiernowo</sln:miejscNazwa><sln:miejscRodzaj>Wieś</sln:miejscRodzaj><sln:powIIPId>e687adb2-d4e9-41cf-ba09-fd494ecaf3db</sln:powIIPId><sln:powIIPPn>PL.PZGIK.200</sln:powIIPPn><sln:powIIPWersja>2012-09-27T10:07:22+02:00</sln:powIIPWersja><sln:powIdTeryt>3205</sln:powIdTeryt><sln:powNazwa>gryficki</sln:powNazwa><sln:ulIIPId>2b0b7633-2cf9-4fdb-9abe-a10b2512a822</sln:ulIIPId><sln:ulIIPPn>PL.PZGIK.200</sln:ulIIPPn><sln:ulIIPWersja>2017-03-31T10:41:08+02:00</sln:ulIIPWersja><sln:ulIdTeryt>08828</sln:ulIdTeryt><sln:ulNazwaGlowna>Kolejowa</sln:ulNazwaGlowna><sln:ulTyp>ulica</sln:ulTyp><sln:waznyOd>2011-03-21T00:00:00+01:00</sln:waznyOd><sln:wojIIPId>c3f2202a-b491-49c5-a3af-d581108d939a</sln:wojIIPId><sln:wojIIPPn>PL.PZGIK.200</sln:wojIIPPn><sln:wojIIPWersja>2017-10-10T00:00:00+02:00</sln:wojIIPWersja><sln:wojIdTeryt>32</sln:wojIdTeryt><sln:wojNazwa>zachodniopomorskie</sln:wojNazwa></sln:ulica><sln:ulica><sln:cyklZyciaOd>2017-03-31T00:00:00+02:00</sln:cyklZyciaOd><sln:gmIIPId>029d6703-6f56-411a-bbb7-a8211f5807e8</sln:gmIIPId><sln:gmIIPPn>PL.PZGIK.200</sln:gmIIPPn><sln:gmIIPWersja>2012-09-26T22:33:58+02:00</sln:gmIIPWersja><sln:gmIdTeryt>3205012</sln:gmIdTeryt><sln:gmNazwa>Brojce</sln:gmNazwa><sln:miejscIIPId>084b8fb8-0747-4956-bceb-7ad1fe1ca3f5</sln:miejscIIPId><sln:miejscIIPPn>PL.PZGIK.200</sln:miejscIIPPn><sln:miejscIIPWersja>2017-03-31T10:41:06+02:00</sln:miejscIIPWersja><sln:miejscIdTeryt>0772949</sln:miejscIdTeryt><sln:miejscNazwa>Brojce</sln:miejscNazwa><sln:miejscRodzaj>Wieś</sln:miejscRodzaj><sln:powIIPId>e687adb2-d4e9-41cf-ba09-fd494ecaf3db</sln:powIIPId><sln:powIIPPn>PL.PZGIK.200</sln:powIIPPn><sln:powIIPWersja>2012-09-27T10:07:22+02:00</sln:powIIPWersja><sln:powIdTeryt>3205</sln:powIdTeryt><sln:powNazwa>gryficki</sln:powNazwa><sln:ulIIPId>ab61288a-7d38-4b0d-ba90-91798cc650b0</sln:ulIIPId><sln:ulIIPPn>PL.PZGIK.200</sln:ulIIPPn><sln:ulIIPWersja>2017-03-31T10:41:08+02:00</sln:ulIIPWersja><sln:ulIdTeryt>29428</sln:ulIdTeryt><sln:ulNazwaGlowna>Kolonia Dziewiątka</sln:ulNazwaGlowna><sln:ulTyp>ulica</sln:ulTyp><sln:waznyOd>2013-03-25T00:00:00+01:00</sln:waznyOd><sln:wojIIPId>c3f2202a-b491-49c5-a3af-d581108d939a</sln:wojIIPId><sln:wojIIPPn>PL.PZGIK.200</sln:wojIIPPn><sln:wojIIPWersja>2017-10-10T00:00:00+02:00</sln:wojIIPWersja><sln:wojIdTeryt>32</sln:wojIdTeryt><sln:wojNazwa>zachodniopomorskie</sln:wojNazwa></sln:ulica><sln:ulica><sln:cyklZyciaOd>2017-03-31T00:00:00+02:00</sln:cyklZyciaOd><sln:gmIIPId>029d6703-6f56-411a-bbb7-a8211f5807e8</sln:gmIIPId><sln:gmIIPPn>PL.PZGIK.200</sln:gmIIPPn><sln:gmIIPWersja>2012-09-26T22:33:58+02:00</sln:gmIIPWersja><sln:gmIdTeryt>3205012</sln:gmIdTeryt><sln:gmNazwa>Brojce</sln:gmNazwa><sln:miejscIIPId>084b8fb8-0747-4956-bceb-7ad1fe1ca3f5</sln:miejscIIPId><sln:miejscIIPPn>PL.PZGIK.200</sln:miejscIIPPn><sln:miejscIIPWersja>2017-03-31T10:41:06+02:00</sln:miejscIIPWersja><sln:miejscIdTeryt>0772949</sln:miejscIdTeryt><sln:miejscNazwa>Brojce</sln:miejscNazwa><sln:miejscRodzaj>Wieś</sln:miejscRodzaj><sln:powIIPId>e687adb2-d4e9-41cf-ba09-fd494ecaf3db</sln:powIIPId><sln:powIIPPn>PL.PZGIK.200</sln:powIIPPn><sln:powIIPWersja>2012-09-27T10:07:22+02:00</sln:powIIPWersja><sln:powIdTeryt>3205</sln:powIdTeryt><sln:powNazwa>gryficki</sln:powNazwa><sln:ulIIPId>85cf5a02-d2f3-4ce7-8224-796568a9c7f0</sln:ulIIPId><sln:ulIIPPn>PL.PZGIK.200</sln:ulIIPPn><sln:ulIIPWersja>2017-03-31T10:41:08+02:00</sln:ulIIPWersja><sln:ulIdTeryt>29429</sln:ulIdTeryt><sln:ulNazwaGlowna>Kolonia Szóstka</sln:ulNazwaGlowna><sln:ulTyp>ulica</sln:ulTyp><sln:waznyOd>2013-03-25T00:00:00+01:00</sln:waznyOd><sln:wojIIPId>c3f2202a-b491-49c5-a3af-d581108d939a</sln:wojIIPId><sln:wojIIPPn>PL.PZGIK.200</sln:wojIIPPn><sln:wojIIPWersja>2017-10-10T00:00:00+02:00</sln:wojIIPWersja><sln:wojIdTeryt>32</sln:wojIdTeryt><sln:wojNazwa>zachodniopomorskie</sln:wojNazwa></sln:ulica><sln:ulica><sln:cyklZyciaOd>2017-03-31T00:00:00+02:00</sln:cyklZyciaOd><sln:gmIIPId>029d6703-6f56-411a-bbb7-a8211f5807e8</sln:gmIIPId><sln:gmIIPPn>PL.PZGIK.200</sln:gmIIPPn><sln:gmIIPWersja>2012-09-26T22:33:58+02:00</sln:gmIIPWersja><sln:gmIdTeryt>3205012</sln:gmIdTeryt><sln:gmNazwa>Brojce</sln:gmNazwa><sln:miejscIIPId>084b8fb8-0747-4956-bceb-7ad1fe1ca3f5</sln:miejscIIPId><sln:miejscIIPPn>PL.PZGIK.200</sln:miejscIIPPn><sln:miejscIIPWersja>2017-03-31T10:41:06+02:00</sln:miejscIIPWersja><sln:miejscIdTeryt>0772949</sln:miejscIdTeryt><sln:miejscNazwa>Brojce</sln:miejscNazwa><sln:miejscRodzaj>Wieś</sln:miejscRodzaj><sln:powIIPId>e687adb2-d4e9-41cf-ba09-fd494ecaf3db</sln:powIIPId><sln:powIIPPn>PL.PZGIK.200</sln:powIIPPn><sln:powIIPWersja>2012-09-27T10:07:22+02:00</sln:powIIPWersja><sln:powIdTeryt>3205</sln:powIdTeryt><sln:powNazwa>gryficki</sln:powNazwa><sln:ulIIPId>db6ee54d-35da-4101-ac64-0158d0c53ce1</sln:ulIIPId><sln:ulIIPPn>PL.PZGIK.200</sln:ulIIPPn><sln:ulIIPWersja>2017-03-31T10:41:08+02:00</sln:ulIIPWersja><sln:ulIdTeryt>29430</sln:ulIdTeryt><sln:ulNazwaGlowna>Kolonia Trójka</sln:ulNazwaGlowna><sln:ulTyp>ulica</sln:ulTyp><sln:waznyOd>2013-03-25T00:00:00+01:00</sln:waznyOd><sln:wojIIPId>c3f2202a-b491-49c5-a3af-d581108d939a</sln:wojIIPId><sln:wojIIPPn>PL.PZGIK.200</sln:wojIIPPn><sln:wojIIPWersja>2017-10-10T00:00:00+02:00</sln:wojIIPWersja><sln:wojIdTeryt>32</sln:wojIdTeryt><sln:wojNazwa>zachodniopomorskie</sln:wojNazwa></sln:ulica><sln:ulica><sln:cyklZyciaOd>2017-03-31T00:00:00+02:00</sln:cyklZyciaOd><sln:gmIIPId>029d6703-6f56-411a-bbb7-a8211f5807e8</sln:gmIIPId><sln:gmIIPPn>PL.PZGIK.200</sln:gmIIPPn><sln:gmIIPWersja>2012-09-26T22:33:58+02:00</sln:gmIIPWersja><sln:gmIdTeryt>3205012</sln:gmIdTeryt><sln:gmNazwa>Brojce</sln:gmNazwa><sln:miejscIIPId>4d71901e-80a5-4ad6-bed3-7fada9bb15ec</sln:miejscIIPId><sln:miejscIIPPn>PL.PZGIK.200</sln:miejscIIPPn><sln:miejscIIPWersja>2017-03-31T10:41:07+02:00</sln:miejscIIPWersja><sln:miejscIdTeryt>0773067</sln:miejscIdTeryt><sln:miejscNazwa>Przybiernowo</sln:miejscNazwa><sln:miejscRodzaj>Wieś</sln:miejscRodzaj><sln:powIIPId>e687adb2-d4e9-41cf-ba09-fd494ecaf3db</sln:powIIPId><sln:powIIPPn>PL.PZGIK.200</sln:powIIPPn><sln:powIIPWersja>2012-09-27T10:07:22+02:00</sln:powIIPWersja><sln:powIdTeryt>3205</sln:powIdTeryt><sln:powNazwa>gryficki</sln:powNazwa><sln:ulIIPId>1e3ca6f7-92f1-4672-b85a-59701ef3b2dc</sln:ulIIPId><sln:ulIIPPn>PL.PZGIK.200</sln:ulIIPPn><sln:ulIIPWersja>2017-03-31T10:41:08+02:00</sln:ulIIPWersja><sln:ulIdTeryt>17591</sln:ulIdTeryt><sln:ulNazwaGlowna>Pruszewska</sln:ulNazwaGlowna><sln:ulTyp>ulica</sln:ulTyp><sln:waznyOd>2011-03-21T00:00:00+01:00</sln:waznyOd><sln:wojIIPId>c3f2202a-b491-49c5-a3af-d581108d939a</sln:wojIIPId><sln:wojIIPPn>PL.PZGIK.200</sln:wojIIPPn><sln:wojIIPWersja>2017-10-10T00:00:00+02:00</sln:wojIIPWersja><sln:wojIdTeryt>32</sln:wojIdTeryt><sln:wojNazwa>zachodniopomorskie</sln:wojNazwa></sln:ulica><sln:ulica><sln:cyklZyciaOd>2017-03-31T00:00:00+02:00</sln:cyklZyciaOd><sln:gmIIPId>029d6703-6f56-411a-bbb7-a8211f5807e8</sln:gmIIPId><sln:gmIIPPn>PL.PZGIK.200</sln:gmIIPPn><sln:gmIIPWersja>2012-09-26T22:33:58+02:00</sln:gmIIPWersja><sln:gmIdTeryt>3205012</sln:gmIdTeryt><sln:gmNazwa>Brojce</sln:gmNazwa><sln:miejscIIPId>084b8fb8-0747-4956-bceb-7ad1fe1ca3f5</sln:miejscIIPId><sln:miejscIIPPn>PL.PZGIK.200</sln:miejscIIPPn><sln:miejscIIPWersja>2017-03-31T10:41:06+02:00</sln:miejscIIPWersja><sln:miejscIdTeryt>0772949</sln:miejscIdTeryt><sln:miejscNazwa>Brojce</sln:miejscNazwa><sln:miejscRodzaj>Wieś</sln:miejscRodzaj><sln:powIIPId>e687adb2-d4e9-41cf-ba09-fd494ecaf3db</sln:powIIPId><sln:powIIPPn>PL.PZGIK.200</sln:powIIPPn><sln:powIIPWersja>2012-09-27T10:07:22+02:00</sln:powIIPWersja><sln:powIdTeryt>3205</sln:powIdTeryt><sln:powNazwa>gryficki</sln:powNazwa><sln:ulIIPId>1bffb814-de20-45d9-9a20-f579a483e8e7</sln:ulIIPId><sln:ulIIPPn>PL.PZGIK.200</sln:ulIIPPn><sln:ulIIPWersja>2017-03-31T10:41:08+02:00</sln:ulIIPWersja><sln:ulIdTeryt>03839</sln:ulIdTeryt><sln:ulNazwaGlowna>Długa</sln:ulNazwaGlowna><sln:ulTyp>ulica</sln:ulTyp><sln:waznyOd>2011-03-21T00:00:00+01:00</sln:waznyOd><sln:wojIIPId>c3f2202a-b491-49c5-a3af-d581108d939a</sln:wojIIPId><sln:wojIIPPn>PL.PZGIK.200</sln:wojIIPPn><sln:wojIIPWersja>2017-10-10T00:00:00+02:00</sln:wojIIPWersja><sln:wojIdTeryt>32</sln:wojIdTeryt><sln:wojNazwa>zachodniopomorskie</sln:wojNazwa></sln:ulica><sln:ulica><sln:cyklZyciaOd>2017-03-31T00:00:00+02:00</sln:cyklZyciaOd><sln:gmIIPId>029d6703-6f56-411a-bbb7-a8211f5807e8</sln:gmIIPId><sln:gmIIPPn>PL.PZGIK.200</sln:gmIIPPn><sln:gmIIPWersja>2012-09-26T22:33:58+02:00</sln:gmIIPWersja><sln:gmIdTeryt>3205012</sln:gmIdTeryt><sln:gmNazwa>Brojce</sln:gmNazwa><sln:miejscIIPId>084b8fb8-0747-4956-bceb-7ad1fe1ca3f5</sln:miejscIIPId><sln:miejscIIPPn>PL.PZGIK.200</sln:miejscIIPPn><sln:miejscIIPWersja>2017-03-31T10:41:06+02:00</sln:miejscIIPWersja><sln:miejscIdTeryt>0772949</sln:miejscIdTeryt><sln:miejscNazwa>Brojce</sln:miejscNazwa><sln:miejscRodzaj>Wieś</sln:miejscRodzaj><sln:powIIPId>e687adb2-d4e9-41cf-ba09-fd494ecaf3db</sln:powIIPId><sln:powIIPPn>PL.PZGIK.200</sln:powIIPPn><sln:powIIPWersja>2012-09-27T10:07:22+02:00</sln:powIIPWersja><sln:powIdTeryt>3205</sln:powIdTeryt><sln:powNazwa>gryficki</sln:powNazwa><sln:ulIIPId>44f12670-bd82-47ca-8ef6-829b57fd7e31</sln:ulIIPId><sln:ulIIPPn>PL.PZGIK.200</sln:ulIIPPn><sln:ulIIPWersja>2017-03-31T10:41:08+02:00</sln:ulIIPWersja><sln:ulIdTeryt>11596</sln:ulIdTeryt><sln:ulNazwaGlowna>Łąkowa</sln:ulNazwaGlowna><sln:ulTyp>ulica</sln:ulTyp><sln:waznyOd>2011-03-21T00:00:00+01:00</sln:waznyOd><sln:wojIIPId>c3f2202a-b491-49c5-a3af-d581108d939a</sln:wojIIPId><sln:wojIIPPn>PL.PZGIK.200</sln:wojIIPPn><sln:wojIIPWersja>2017-10-10T00:00:00+02:00</sln:wojIIPWersja><sln:wojIdTeryt>32</sln:wojIdTeryt><sln:wojNazwa>zachodniopomorskie</sln:wojNazwa></sln:ulica><sln:ulica><sln:cyklZyciaOd>2017-03-31T00:00:00+02:00</sln:cyklZyciaOd><sln:gmIIPId>029d6703-6f56-411a-bbb7-a8211f5807e8</sln:gmIIPId><sln:gmIIPPn>PL.PZGIK.200</sln:gmIIPPn><sln:gmIIPWersja>2012-09-26T22:33:58+02:00</sln:gmIIPWersja><sln:gmIdTeryt>3205012</sln:gmIdTeryt><sln:gmNazwa>Brojce</sln:gmNazwa><sln:miejscIIPId>084b8fb8-0747-4956-bceb-7ad1fe1ca3f5</sln:miejscIIPId><sln:miejscIIPPn>PL.PZGIK.200</sln:miejscIIPPn><sln:miejscIIPWersja>2017-03-31T10:41:06+02:00</sln:miejscIIPWersja><sln:miejscIdTeryt>0772949</sln:miejscIdTeryt><sln:miejscNazwa>Brojce</sln:miejscNazwa><sln:miejscRodzaj>Wieś</sln:miejscRodzaj><sln:powIIPId>e687adb2-d4e9-41cf-ba09-fd494ecaf3db</sln:powIIPId><sln:powIIPPn>PL.PZGIK.200</sln:powIIPPn><sln:powIIPWersja>2012-09-27T10:07:22+02:00</sln:powIIPWersja><sln:powIdTeryt>3205</sln:powIdTeryt><sln:powNazwa>gryficki</sln:powNazwa><sln:ulIIPId>e59dd703-2998-4191-8bc2-c4474fd57647</sln:ulIIPId><sln:ulIIPPn>PL.PZGIK.200</sln:ulIIPPn><sln:ulIIPWersja>2017-03-31T10:41:08+02:00</sln:ulIIPWersja><sln:ulIdTeryt>15710</sln:ulIdTeryt><sln:ulNazwaGlowna>Parkowa</sln:ulNazwaGlowna><sln:ulTyp>ulica</sln:ulTyp><sln:waznyOd>2011-03-21T00:00:00+01:00</sln:waznyOd><sln:wojIIPId>c3f2202a-b491-49c5-a3af-d581108d939a</sln:wojIIPId><sln:wojIIPPn>PL.PZGIK.200</sln:wojIIPPn><sln:wojIIPWersja>2017-10-10T00:00:00+02:00</sln:wojIIPWersja><sln:wojIdTeryt>32</sln:wojIdTeryt><sln:wojNazwa>zachodniopomorskie</sln:wojNazwa></sln:ulica><sln:ulica><sln:cyklZyciaOd>2017-03-31T00:00:00+02:00</sln:cyklZyciaOd><sln:gmIIPId>029d6703-6f56-411a-bbb7-a8211f5807e8</sln:gmIIPId><sln:gmIIPPn>PL.PZGIK.200</sln:gmIIPPn><sln:gmIIPWersja>2012-09-26T22:33:58+02:00</sln:gmIIPWersja><sln:gmIdTeryt>3205012</sln:gmIdTeryt><sln:gmNazwa>Brojce</sln:gmNazwa><sln:miejscIIPId>084b8fb8-0747-4956-bceb-7ad1fe1ca3f5</sln:miejscIIPId><sln:miejscIIPPn>PL.PZGIK.200</sln:miejscIIPPn><sln:miejscIIPWersja>2017-03-31T10:41:06+02:00</sln:miejscIIPWersja><sln:miejscIdTeryt>0772949</sln:miejscIdTeryt><sln:miejscNazwa>Brojce</sln:miejscNazwa><sln:miejscRodzaj>Wieś</sln:miejscRodzaj><sln:powIIPId>e687adb2-d4e9-41cf-ba09-fd494ecaf3db</sln:powIIPId><sln:powIIPPn>PL.PZGIK.200</sln:powIIPPn><sln:powIIPWersja>2012-09-27T10:07:22+02:00</sln:powIIPWersja><sln:powIdTeryt>3205</sln:powIdTeryt><sln:powNazwa>gryficki</sln:powNazwa><sln:ulIIPId>59707760-d671-46fa-a32e-c78cd5500b82</sln:ulIIPId><sln:ulIIPPn>PL.PZGIK.200</sln:ulIIPPn><sln:ulIIPWersja>2017-03-31T10:41:08+02:00</sln:ulIIPWersja><sln:ulIdTeryt>13132</sln:ulIdTeryt><sln:ulNazwaGlowna>Młyńska</sln:ulNazwaGlowna><sln:ulTyp>ulica</sln:ulTyp><sln:waznyOd>2011-03-21T00:00:00+01:00</sln:waznyOd><sln:wojIIPId>c3f2202a-b491-49c5-a3af-d581108d939a</sln:wojIIPId><sln:wojIIPPn>PL.PZGIK.200</sln:wojIIPPn><sln:wojIIPWersja>2017-10-10T00:00:00+02:00</sln:wojIIPWersja><sln:wojIdTeryt>32</sln:wojIdTeryt><sln:wojNazwa>zachodniopomorskie</sln:wojNazwa></sln:ulica></sln:lista-ulic>