<?xml version="1.0" encoding="UTF-8" standalone="yes"?><sln:lista-ulic xmlns:srv="http://gugik.gov.pl/schemas/slowniki-service/1.0" xmlns:sln="http://gugik.gov.pl/schemas/slowniki-schema/1.0"><sln:ulica><sln:cyklZyciaDo>2017-04-03T00:00:00+02:00</sln:cyklZyciaDo><sln:cyklZyciaOd>2015-10-12T00:00:00+02:00</sln:cyklZyciaOd><sln:gmIIPId>5a92ba1a-e078-439e-9109-b4634cbbc58d</sln:gmIIPId><sln:gmIIPPn>PL.PZGIK.200</sln:gmIIPPn><sln:gmIIPWersja>2012-09-26T22:33:42+02:00</sln:gmIIPWersja><sln:gmIdTeryt>3202042</sln:gmIdTeryt><sln:gmNazwa>Krzęcin</sln:gmNazwa><sln:miejscIIPId>dcd56d95-bcd5-4d72-819f-0ee2f060c19b</sln:miejscIIPId><sln:miejscIIPPn>PL.PZGIK.200</sln:miejscIIPPn><sln:miejscIIPWersja>2016-11-24T09:36:47+02:00</sln:miejscIIPWersja><sln:miejscIdTeryt>0182308</sln:miejscIdTeryt><sln:miejscNazwa>Chłopowo</sln:miejscNazwa><sln:miejscRodzaj>Wieś</sln:miejscRodzaj><sln:powIIPId>32d43ea6-09e7-4118-b8a8-dbab953ee72a</sln:powIIPId><sln:powIIPPn>PL.PZGIK.200</sln:powIIPPn><sln:powIIPWersja>2012-09-27T10:07:22+02:00</sln:powIIPWersja><sln:powIdTeryt>3202</sln:powIdTeryt><sln:powNazwa>choszczeński</sln:powNazwa><sln:ulIIPId>47e6525b-977c-4b3c-b4ac-ad109d890f07</sln:ulIIPId><sln:ulIIPPn>PL.PZGIK.200</sln:ulIIPPn><sln:ulIIPWersja>2016-11-24T22:57:04+02:00</sln:ulIIPWersja><sln:ulIdTeryt>10898</sln:ulIdTeryt><sln:ulNazwaGlowna>Leśna</sln:ulNazwaGlowna><sln:ulTyp>ulica</sln:ulTyp><sln:waznyOd>2011-03-22T00:00:00+01:00</sln:waznyOd><sln:wojIIPId>c3f2202a-b491-49c5-a3af-d581108d939a</sln:wojIIPId><sln:wojIIPPn>PL.PZGIK.200</sln:wojIIPPn><sln:wojIIPWersja>2017-10-10T00:00:00+02:00</sln:wojIIPWersja><sln:wojIdTeryt>32</sln:wojIdTeryt><sln:wojNazwa>zachodniopomorskie</sln:wojNazwa></sln:ulica><sln:ulica><sln:cyklZyciaDo>2017-04-03T00:00:00+02:00</sln:cyklZyciaDo><sln:cyklZyciaOd>2015-10-12T00:00:00+02:00</sln:cyklZyciaOd><sln:gmIIPId>5a92ba1a-e078-439e-9109-b4634cbbc58d</sln:gmIIPId><sln:gmIIPPn>PL.PZGIK.200</sln:gmIIPPn><sln:gmIIPWersja>2012-09-26T22:33:42+02:00</sln:gmIIPWersja><sln:gmIdTeryt>3202042</sln:gmIdTeryt><sln:gmNazwa>Krzęcin</sln:gmNazwa><sln:miejscIIPId>dcd56d95-bcd5-4d72-819f-0ee2f060c19b</sln:miejscIIPId><sln:miejscIIPPn>PL.PZGIK.200</sln:miejscIIPPn><sln:miejscIIPWersja>2016-11-24T09:36:47+02:00</sln:miejscIIPWersja><sln:miejscIdTeryt>0182308</sln:miejscIdTeryt><sln:miejscNazwa>Chłopowo</sln:miejscNazwa><sln:miejscRodzaj>Wieś</sln:miejscRodzaj><sln:powIIPId>32d43ea6-09e7-4118-b8a8-dbab953ee72a</sln:powIIPId><sln:powIIPPn>PL.PZGIK.200</sln:powIIPPn><sln:powIIPWersja>2012-09-27T10:07:22+02:00</sln:powIIPWersja><sln:powIdTeryt>3202</sln:powIdTeryt><sln:powNazwa>choszczeński</sln:powNazwa><sln:ulIIPId>fdc1a0fd-73b0-4b39-a765-b30003de2c01</sln:ulIIPId><sln:ulIIPPn>PL.PZGIK.200</sln:ulIIPPn><sln:ulIIPWersja>2016-11-24T22:57:04+02:00</sln:ulIIPWersja><sln:ulIdTeryt>11596</sln:ulIdTeryt><sln:ulNazwaGlowna>Łąkowa</sln:ulNazwaGlowna><sln:ulTyp>ulica</sln:ulTyp><sln:waznyOd>2011-03-22T00:00:00+01:00</sln:waznyOd><sln:wojIIPId>c3f2202a-b491-49c5-a3af-d581108d939a</sln:wojIIPId><sln:wojIIPPn>PL.PZGIK.200</sln:wojIIPPn><sln:wojIIPWersja>2017-10-10T00:00:00+02:00</sln:wojIIPWersja><sln:wojIdTeryt>32</sln:wojIdTeryt><sln:wojNazwa>zachodniopomorskie</sln:wojNazwa></sln:ulica><sln:ulica><sln:cyklZyciaDo>2017-04-03T00:00:00+02:00</sln:cyklZyciaDo><sln:cyklZyciaOd>2015-10-12T00:00:00+02:00</sln:cyklZyciaOd><sln:gmIIPId>5a92ba1a-e078-439e-9109-b4634cbbc58d</sln:gmIIPId><sln:gmIIPPn>PL.PZGIK.200</sln:gmIIPPn><sln:gmIIPWersja>2012-09-26T22:33:42+02:00</sln:gmIIPWersja><sln:gmIdTeryt>3202042</sln:gmIdTeryt><sln:gmNazwa>Krzęcin</sln:gmNazwa><sln:miejscIIPId>dcd56d95-bcd5-4d72-819f-0ee2f060c19b</sln:miejscIIPId><sln:miejscIIPPn>PL.PZGIK.200</sln:miejscIIPPn><sln:miejscIIPWersja>2016-11-24T09:36:47+02:00</sln:miejscIIPWersja><sln:miejscIdTeryt>0182308</sln:miejscIdTeryt><sln:miejscNazwa>Chłopowo</sln:miejscNazwa><sln:miejscRodzaj>Wieś</sln:miejscRodzaj><sln:powIIPId>32d43ea6-09e7-4118-b8a8-dbab953ee72a</sln:powIIPId><sln:powIIPPn>PL.PZGIK.200</sln:powIIPPn><sln:powIIPWersja>2012-09-27T10:07:22+02:00</sln:powIIPWersja><sln:powIdTeryt>3202</sln:powIdTeryt><sln:powNazwa>choszczeński</sln:powNazwa><sln:ulIIPId>32550eab-ef5d-415e-99ce-04d5d3863dfc</sln:ulIIPId><sln:ulIIPPn>PL.PZGIK.200</sln:ulIIPPn><sln:ulIIPWersja>2016-11-24T22:57:04+02:00</sln:ulIIPWersja><sln:ulIdTeryt>05635</sln:ulIdTeryt><sln:ulNazwaGlowna>Główna</sln:ulNazwaGlowna><sln:ulTyp>ulica</sln:ulTyp><sln:waznyOd>2011-03-22T00:00:00+01:00</sln:waznyOd><sln:wojIIPId>c3f2202a-b491-49c5-a3af-d581108d939a</sln:wojIIPId><sln:wojIIPPn>PL.PZGIK.200</sln:wojIIPPn><sln:wojIIPWersja>2017-10-10T00:00:00+02:00</sln:wojIIPWersja><sln:wojIdTeryt>32</sln:wojIdTeryt><sln:wojNazwa>zachodniopomorskie</sln:wojNazwa></sln:ulica><sln:ulica><sln:cyklZyciaDo>2017-04-03T00:00:00+02:00</sln:cyklZyciaDo><sln:cyklZyciaOd>2015-10-12T00:00:00+02:00</sln:cyklZyciaOd><sln:gmIIPId>5a92ba1a-e078-439e-9109-b4634cbbc58d</sln:gmIIPId><sln:gmIIPPn>PL.PZGIK.200</sln:gmIIPPn><sln:gmIIPWersja>2012-09-26T22:33:42+02:00</sln:gmIIPWersja><sln:gmIdTeryt>3202042</sln:gmIdTeryt><sln:gmNazwa>Krzęcin</sln:gmNazwa><sln:miejscIIPId>dcd56d95-bcd5-4d72-819f-0ee2f060c19b</sln:miejscIIPId><sln:miejscIIPPn>PL.PZGIK.200</sln:miejscIIPPn><sln:miejscIIPWersja>2016-11-24T09:36:47+02:00</sln:miejscIIPWersja><sln:miejscIdTeryt>0182308</sln:miejscIdTeryt><sln:miejscNazwa>Chłopowo</sln:miejscNazwa><sln:miejscRodzaj>Wieś</sln:miejscRodzaj><sln:powIIPId>32d43ea6-09e7-4118-b8a8-dbab953ee72a</sln:powIIPId><sln:powIIPPn>PL.PZGIK.200</sln:powIIPPn><sln:powIIPWersja>2012-09-27T10:07:22+02:00</sln:powIIPWersja><sln:powIdTeryt>3202</sln:powIdTeryt><sln:powNazwa>choszczeński</sln:powNazwa><sln:ulIIPId>0094e1b9-4428-446f-b0be-29ce03934d8b</sln:ulIIPId><sln:ulIIPPn>PL.PZGIK.200</sln:ulIIPPn><sln:ulIIPWersja>2016-11-24T22:57:04+02:00</sln:ulIIPWersja><sln:ulIdTeryt>14330</sln:ulIdTeryt><sln:ulNazwaGlowna>Nowa</sln:ulNazwaGlowna><sln:ulTyp>ulica</sln:ulTyp><sln:wojIIPId>c3f2202a-b491-49c5-a3af-d581108d939a</sln:wojIIPId><sln:wojIIPPn>PL.PZGIK.200</sln:wojIIPPn><sln:wojIIPWersja>2017-10-10T00:00:00+02:00</sln:wojIIPWersja><sln:wojIdTeryt>32</sln:wojIdTeryt><sln:wojNazwa>zachodniopomorskie</sln:wojNazwa></sln:ulica><sln:ulica><sln:cyklZyciaDo>2017-04-03T00:00:00+02:00</sln:cyklZyciaDo><sln:cyklZyciaOd>2015-10-12T00:00:00+02:00</sln:cyklZyciaOd><sln:gmIIPId>5a92ba1a-e078-439e-9109-b4634cbbc58d</sln:gmIIPId><sln:gmIIPPn>PL.PZGIK.200</sln:gmIIPPn><sln:gmIIPWersja>2012-09-26T22:33:42+02:00</sln:gmIIPWersja><sln:gmIdTeryt>3202042</sln:gmIdTeryt><sln:gmNazwa>Krzęcin</sln:gmNazwa><sln:miejscIIPId>dcd56d95-bcd5-4d72-819f-0ee2f060c19b</sln:miejscIIPId><sln:miejscIIPPn>PL.PZGIK.200</sln:miejscIIPPn><sln:miejscIIPWersja>2016-11-24T09:36:47+02:00</sln:miejscIIPWersja><sln:miejscIdTeryt>0182308</sln:miejscIdTeryt><sln:miejscNazwa>Chłopowo</sln:miejscNazwa><sln:miejscRodzaj>Wieś</sln:miejscRodzaj><sln:powIIPId>32d43ea6-09e7-4118-b8a8-dbab953ee72a</sln:powIIPId><sln:powIIPPn>PL.PZGIK.200</sln:powIIPPn><sln:powIIPWersja>2012-09-27T10:07:22+02:00</sln:powIIPWersja><sln:powIdTeryt>3202</sln:powIdTeryt><sln:powNazwa>choszczeński</sln:powNazwa><sln:ulIIPId>6f055c2b-821a-4d56-8f30-bbebf8f26254</sln:ulIIPId><sln:ulIIPPn>PL.PZGIK.200</sln:ulIIPPn><sln:ulIIPWersja>2016-11-24T22:57:04+02:00</sln:ulIIPWersja><sln:ulIdTeryt>24550</sln:ulIdTeryt><sln:ulNazwaGlowna>Wodna</sln:ulNazwaGlowna><sln:ulTyp>ulica</sln:ulTyp><sln:waznyOd>2011-03-22T00:00:00+01:00</sln:waznyOd><sln:wojIIPId>c3f2202a-b491-49c5-a3af-d581108d939a</sln:wojIIPId><sln:wojIIPPn>PL.PZGIK.200</sln:wojIIPPn><sln:wojIIPWersja>2017-10-10T00:00:00+02:00</sln:wojIIPWersja><sln:wojIdTeryt>32</sln:wojIdTeryt><sln:wojNazwa>zachodniopomorskie</sln:wojNazwa></sln:ulica><sln:ulica><sln:cyklZyciaDo>2017-04-03T00:00:00+02:00</sln:cyklZyciaDo><sln:cyklZyciaOd>2015-10-12T00:00:00+02:00</sln:cyklZyciaOd><sln:gmIIPId>5a92ba1a-e078-439e-9109-b4634cbbc58d</sln:gmIIPId><sln:gmIIPPn>PL.PZGIK.200</sln:gmIIPPn><sln:gmIIPWersja>2012-09-26T22:33:42+02:00</sln:gmIIPWersja><sln:gmIdTeryt>3202042</sln:gmIdTeryt><sln:gmNazwa>Krzęcin</sln:gmNazwa><sln:miejscIIPId>09263f32-5e1f-4881-9dea-54d5ee6529ec</sln:miejscIIPId><sln:miejscIIPPn>PL.PZGIK.200</sln:miejscIIPPn><sln:miejscIIPWersja>2016-11-24T09:36:47+02:00</sln:miejscIIPWersja><sln:miejscIdTeryt>0182350</sln:miejscIdTeryt><sln:miejscNazwa>Granowo</sln:miejscNazwa><sln:miejscRodzaj>Wieś</sln:miejscRodzaj><sln:powIIPId>32d43ea6-09e7-4118-b8a8-dbab953ee72a</sln:powIIPId><sln:powIIPPn>PL.PZGIK.200</sln:powIIPPn><sln:powIIPWersja>2012-09-27T10:07:22+02:00</sln:powIIPWersja><sln:powIdTeryt>3202</sln:powIdTeryt><sln:powNazwa>choszczeński</sln:powNazwa><sln:ulIIPId>7b3a1571-ccd5-4aa5-9143-59965da7340e</sln:ulIIPId><sln:ulIIPPn>PL.PZGIK.200</sln:ulIIPPn><sln:ulIIPWersja>2016-11-24T22:57:04+02:00</sln:ulIIPWersja><sln:ulIdTeryt>01528</sln:ulIdTeryt><sln:ulNazwaGlowna>Boczna</sln:ulNazwaGlowna><sln:ulTyp>ulica</sln:ulTyp><sln:waznyOd>2011-03-22T00:00:00+01:00</sln:waznyOd><sln:wojIIPId>c3f2202a-b491-49c5-a3af-d581108d939a</sln:wojIIPId><sln:wojIIPPn>PL.PZGIK.200</sln:wojIIPPn><sln:wojIIPWersja>2017-10-10T00:00:00+02:00</sln:wojIIPWersja><sln:wojIdTeryt>32</sln:wojIdTeryt><sln:wojNazwa>zachodniopomorskie</sln:wojNazwa></sln:ulica><sln:ulica><sln:cyklZyciaDo>2017-04-03T00:00:00+02:00</sln:cyklZyciaDo><sln:cyklZyciaOd>2015-10-12T00:00:00+02:00</sln:cyklZyciaOd><sln:gmIIPId>5a92ba1a-e078-439e-9109-b4634cbbc58d</sln:gmIIPId><sln:gmIIPPn>PL.PZGIK.200</sln:gmIIPPn><sln:gmIIPWersja>2012-09-26T22:33:42+02:00</sln:gmIIPWersja><sln:gmIdTeryt>3202042</sln:gmIdTeryt><sln:gmNazwa>Krzęcin</sln:gmNazwa><sln:miejscIIPId>09263f32-5e1f-4881-9dea-54d5ee6529ec</sln:miejscIIPId><sln:miejscIIPPn>PL.PZGIK.200</sln:miejscIIPPn><sln:miejscIIPWersja>2016-11-24T09:36:47+02:00</sln:miejscIIPWersja><sln:miejscIdTeryt>0182350</sln:miejscIdTeryt><sln:miejscNazwa>Granowo</sln:miejscNazwa><sln:miejscRodzaj>Wieś</sln:miejscRodzaj><sln:powIIPId>32d43ea6-09e7-4118-b8a8-dbab953ee72a</sln:powIIPId><sln:powIIPPn>PL.PZGIK.200</sln:powIIPPn><sln:powIIPWersja>2012-09-27T10:07:22+02:00</sln:powIIPWersja><sln:powIdTeryt>3202</sln:powIdTeryt><sln:powNazwa>choszczeński</sln:powNazwa><sln:ulIIPId>0d85f8df-f73c-4c19-86ea-0e004f3efade</sln:ulIIPId><sln:ulIIPPn>PL.PZGIK.200</sln:ulIIPPn><sln:ulIIPWersja>2016-11-24T22:57:04+02:00</sln:ulIIPWersja><sln:ulIdTeryt>15300</sln:ulIdTeryt><sln:ulNazwaGlowna>Osiedlowa</sln:ulNazwaGlowna><sln:ulTyp>ulica</sln:ulTyp><sln:waznyOd>2011-03-22T00:00:00+01:00</sln:waznyOd><sln:wojIIPId>c3f2202a-b491-49c5-a3af-d581108d939a</sln:wojIIPId><sln:wojIIPPn>PL.PZGIK.200</sln:wojIIPPn><sln:wojIIPWersja>2017-10-10T00:00:00+02:00</sln:wojIIPWersja><sln:wojIdTeryt>32</sln:wojIdTeryt><sln:wojNazwa>zachodniopomorskie</sln:wojNazwa></sln:ulica><sln:ulica><sln:cyklZyciaDo>2017-04-03T00:00:00+02:00</sln:cyklZyciaDo><sln:cyklZyciaOd>2015-10-12T00:00:00+02:00</sln:cyklZyciaOd><sln:gmIIPId>5a92ba1a-e078-439e-9109-b4634cbbc58d</sln:gmIIPId><sln:gmIIPPn>PL.PZGIK.200</sln:gmIIPPn><sln:gmIIPWersja>2012-09-26T22:33:42+02:00</sln:gmIIPWersja><sln:gmIdTeryt>3202042</sln:gmIdTeryt><sln:gmNazwa>Krzęcin</sln:gmNazwa><sln:miejscIIPId>09263f32-5e1f-4881-9dea-54d5ee6529ec</sln:miejscIIPId><sln:miejscIIPPn>PL.PZGIK.200</sln:miejscIIPPn><sln:miejscIIPWersja>2016-11-24T09:36:47+02:00</sln:miejscIIPWersja><sln:miejscIdTeryt>0182350</sln:miejscIdTeryt><sln:miejscNazwa>Granowo</sln:miejscNazwa><sln:miejscRodzaj>Wieś</sln:miejscRodzaj><sln:powIIPId>32d43ea6-09e7-4118-b8a8-dbab953ee72a</sln:powIIPId><sln:powIIPPn>PL.PZGIK.200</sln:powIIPPn><sln:powIIPWersja>2012-09-27T10:07:22+02:00</sln:powIIPWersja><sln:powIdTeryt>3202</sln:powIdTeryt><sln:powNazwa>choszczeński</sln:powNazwa><sln:ulIIPId>d3c64eef-18a7-44a5-aa11-cc7d488b5149</sln:ulIIPId><sln:ulIIPPn>PL.PZGIK.200</sln:ulIIPPn><sln:ulIIPWersja>2016-11-24T22:57:04+02:00</sln:ulIIPWersja><sln:ulIdTeryt>21925</sln:ulIdTeryt><sln:ulNazwaGlowna>Szeroka</sln:ulNazwaGlowna><sln:ulTyp>ulica</sln:ulTyp><sln:waznyOd>2011-03-22T00:00:00+01:00</sln:waznyOd><sln:wojIIPId>c3f2202a-b491-49c5-a3af-d581108d939a</sln:wojIIPId><sln:wojIIPPn>PL.PZGIK.200</sln:wojIIPPn><sln:wojIIPWersja>2017-10-10T00:00:00+02:00</sln:wojIIPWersja><sln:wojIdTeryt>32</sln:wojIdTeryt><sln:wojNazwa>zachodniopomorskie</sln:wojNazwa></sln:ulica><sln:ulica><sln:cyklZyciaDo>2017-04-03T00:00:00+02:00</sln:cyklZyciaDo><sln:cyklZyciaOd>2015-10-12T00:00:00+02:00</sln:cyklZyciaOd><sln:gmIIPId>5a92ba1a-e078-439e-9109-b4634cbbc58d</sln:gmIIPId><sln:gmIIPPn>PL.PZGIK.200</sln:gmIIPPn><sln:gmIIPWersja>2012-09-26T22:33:42+02:00</sln:gmIIPWersja><sln:gmIdTeryt>3202042</sln:gmIdTeryt><sln:gmNazwa>Krzęcin</sln:gmNazwa><sln:miejscIIPId>09263f32-5e1f-4881-9dea-54d5ee6529ec</sln:miejscIIPId><sln:miejscIIPPn>PL.PZGIK.200</sln:miejscIIPPn><sln:miejscIIPWersja>2016-11-24T09:36:47+02:00</sln:miejscIIPWersja><sln:miejscIdTeryt>0182350</sln:miejscIdTeryt><sln:miejscNazwa>Granowo</sln:miejscNazwa><sln:miejscRodzaj>Wieś</sln:miejscRodzaj><sln:powIIPId>32d43ea6-09e7-4118-b8a8-dbab953ee72a</sln:powIIPId><sln:powIIPPn>PL.PZGIK.200</sln:powIIPPn><sln:powIIPWersja>2012-09-27T10:07:22+02:00</sln:powIIPWersja><sln:powIdTeryt>3202</sln:powIdTeryt><sln:powNazwa>choszczeński</sln:powNazwa><sln:ulIIPId>a82e5bc1-63d8-4ccb-8075-05dd35ba5761</sln:ulIIPId><sln:ulIIPPn>PL.PZGIK.200</sln:ulIIPPn><sln:ulIIPWersja>2016-11-24T22:57:04+02:00</sln:ulIIPWersja><sln:ulIdTeryt>23884</sln:ulIdTeryt><sln:ulNazwaGlowna>Wesoła</sln:ulNazwaGlowna><sln:ulTyp>ulica</sln:ulTyp><sln:waznyOd>2011-03-22T00:00:00+01:00</sln:waznyOd><sln:wojIIPId>c3f2202a-b491-49c5-a3af-d581108d939a</sln:wojIIPId><sln:wojIIPPn>PL.PZGIK.200</sln:wojIIPPn><sln:wojIIPWersja>2017-10-10T00:00:00+02:00</sln:wojIIPWersja><sln:wojIdTeryt>32</sln:wojIdTeryt><sln:wojNazwa>zachodniopomorskie</sln:wojNazwa></sln:ulica><sln:ulica><sln:cyklZyciaDo>2017-04-03T00:00:00+02:00</sln:cyklZyciaDo><sln:cyklZyciaOd>2015-10-12T00:00:00+02:00</sln:cyklZyciaOd><sln:gmIIPId>5a92ba1a-e078-439e-9109-b4634cbbc58d</sln:gmIIPId><sln:gmIIPPn>PL.PZGIK.200</sln:gmIIPPn><sln:gmIIPWersja>2012-09-26T22:33:42+02:00</sln:gmIIPWersja><sln:gmIdTeryt>3202042</sln:gmIdTeryt><sln:gmNazwa>Krzęcin</sln:gmNazwa><sln:miejscIIPId>09263f32-5e1f-4881-9dea-54d5ee6529ec</sln:miejscIIPId><sln:miejscIIPPn>PL.PZGIK.200</sln:miejscIIPPn><sln:miejscIIPWersja>2016-11-24T09:36:47+02:00</sln:miejscIIPWersja><sln:miejscIdTeryt>0182350</sln:miejscIdTeryt><sln:miejscNazwa>Granowo</sln:miejscNazwa><sln:miejscRodzaj>Wieś</sln:miejscRodzaj><sln:powIIPId>32d43ea6-09e7-4118-b8a8-dbab953ee72a</sln:powIIPId><sln:powIIPPn>PL.PZGIK.200</sln:powIIPPn><sln:powIIPWersja>2012-09-27T10:07:22+02:00</sln:powIIPWersja><sln:powIdTeryt>3202</sln:powIdTeryt><sln:powNazwa>choszczeński</sln:powNazwa><sln:ulIIPId>bd97d9de-0fb2-4584-9ec2-6b9d02e6d432</sln:ulIIPId><sln:ulIIPPn>PL.PZGIK.200</sln:ulIIPPn><sln:ulIIPWersja>2016-11-24T22:57:04+02:00</sln:ulIIPWersja><sln:ulIdTeryt>25449</sln:ulIdTeryt><sln:ulNazwaGlowna>Zakładowa</sln:ulNazwaGlowna><sln:ulTyp>ulica</sln:ulTyp><sln:waznyOd>2011-03-22T00:00:00+01:00</sln:waznyOd><sln:wojIIPId>c3f2202a-b491-49c5-a3af-d581108d939a</sln:wojIIPId><sln:wojIIPPn>PL.PZGIK.200</sln:wojIIPPn><sln:wojIIPWersja>2017-10-10T00:00:00+02:00</sln:wojIIPWersja><sln:wojIdTeryt>32</sln:wojIdTeryt><sln:wojNazwa>zachodniopomorskie</sln:wojNazwa></sln:ulica><sln:ulica><sln:cyklZyciaDo>2017-04-03T00:00:00+02:00</sln:cyklZyciaDo><sln:cyklZyciaOd>2015-10-12T00:00:00+02:00</sln:cyklZyciaOd><sln:gmIIPId>5a92ba1a-e078-439e-9109-b4634cbbc58d</sln:gmIIPId><sln:gmIIPPn>PL.PZGIK.200</sln:gmIIPPn><sln:gmIIPWersja>2012-09-26T22:33:42+02:00</sln:gmIIPWersja><sln:gmIdTeryt>3202042</sln:gmIdTeryt><sln:gmNazwa>Krzęcin</sln:gmNazwa><sln:miejscIIPId>bb14c526-b2dd-4269-880d-fa505107b68a</sln:miejscIIPId><sln:miejscIIPPn>PL.PZGIK.200</sln:miejscIIPPn><sln:miejscIIPWersja>2016-11-24T09:36:47+02:00</sln:miejscIIPWersja><sln:miejscIdTeryt>0182403</sln:miejscIdTeryt><sln:miejscNazwa>Krzęcin</sln:miejscNazwa><sln:miejscRodzaj>Wieś</sln:miejscRodzaj><sln:powIIPId>32d43ea6-09e7-4118-b8a8-dbab953ee72a</sln:powIIPId><sln:powIIPPn>PL.PZGIK.200</sln:powIIPPn><sln:powIIPWersja>2012-09-27T10:07:22+02:00</sln:powIIPWersja><sln:powIdTeryt>3202</sln:powIdTeryt><sln:powNazwa>choszczeński</sln:powNazwa><sln:ulIIPId>522e0cac-66d9-4b17-9221-5a54bab9a41b</sln:ulIIPId><sln:ulIIPPn>PL.PZGIK.200</sln:ulIIPPn><sln:ulIIPWersja>2016-11-24T22:57:04+02:00</sln:ulIIPWersja><sln:ulIdTeryt>07535</sln:ulIdTeryt><sln:ulNazwaGlowna>Jeziorna</sln:ulNazwaGlowna><sln:ulTyp>ulica</sln:ulTyp><sln:waznyOd>2011-03-22T00:00:00+01:00</sln:waznyOd><sln:wojIIPId>c3f2202a-b491-49c5-a3af-d581108d939a</sln:wojIIPId><sln:wojIIPPn>PL.PZGIK.200</sln:wojIIPPn><sln:wojIIPWersja>2017-10-10T00:00:00+02:00</sln:wojIIPWersja><sln:wojIdTeryt>32</sln:wojIdTeryt><sln:wojNazwa>zachodniopomorskie</sln:wojNazwa></sln:ulica><sln:ulica><sln:cyklZyciaDo>2017-04-03T00:00:00+02:00</sln:cyklZyciaDo><sln:cyklZyciaOd>2015-10-12T00:00:00+02:00</sln:cyklZyciaOd><sln:gmIIPId>5a92ba1a-e078-439e-9109-b4634cbbc58d</sln:gmIIPId><sln:gmIIPPn>PL.PZGIK.200</sln:gmIIPPn><sln:gmIIPWersja>2012-09-26T22:33:42+02:00</sln:gmIIPWersja><sln:gmIdTeryt>3202042</sln:gmIdTeryt><sln:gmNazwa>Krzęcin</sln:gmNazwa><sln:miejscIIPId>bb14c526-b2dd-4269-880d-fa505107b68a</sln:miejscIIPId><sln:miejscIIPPn>PL.PZGIK.200</sln:miejscIIPPn><sln:miejscIIPWersja>2016-11-24T09:36:47+02:00</sln:miejscIIPWersja><sln:miejscIdTeryt>0182403</sln:miejscIdTeryt><sln:miejscNazwa>Krzęcin</sln:miejscNazwa><sln:miejscRodzaj>Wieś</sln:miejscRodzaj><sln:powIIPId>32d43ea6-09e7-4118-b8a8-dbab953ee72a</sln:powIIPId><sln:powIIPPn>PL.PZGIK.200</sln:powIIPPn><sln:powIIPWersja>2012-09-27T10:07:22+02:00</sln:powIIPWersja><sln:powIdTeryt>3202</sln:powIdTeryt><sln:powNazwa>choszczeński</sln:powNazwa><sln:ulIIPId>da30d3dd-6836-4541-a055-37939be992bb</sln:ulIIPId><sln:ulIIPPn>PL.PZGIK.200</sln:ulIIPPn><sln:ulIIPWersja>2016-11-24T22:57:04+02:00</sln:ulIIPWersja><sln:ulIdTeryt>10562</sln:ulIdTeryt><sln:ulNazwaGlowna>Kwiatowa</sln:ulNazwaGlowna><sln:ulTyp>ulica</sln:ulTyp><sln:waznyOd>2011-03-22T00:00:00+01:00</sln:waznyOd><sln:wojIIPId>c3f2202a-b491-49c5-a3af-d581108d939a</sln:wojIIPId><sln:wojIIPPn>PL.PZGIK.200</sln:wojIIPPn><sln:wojIIPWersja>2017-10-10T00:00:00+02:00</sln:wojIIPWersja><sln:wojIdTeryt>32</sln:wojIdTeryt><sln:wojNazwa>zachodniopomorskie</sln:wojNazwa></sln:ulica><sln:ulica><sln:cyklZyciaDo>2017-04-03T00:00:00+02:00</sln:cyklZyciaDo><sln:cyklZyciaOd>2015-10-12T00:00:00+02:00</sln:cyklZyciaOd><sln:gmIIPId>5a92ba1a-e078-439e-9109-b4634cbbc58d</sln:gmIIPId><sln:gmIIPPn>PL.PZGIK.200</sln:gmIIPPn><sln:gmIIPWersja>2012-09-26T22:33:42+02:00</sln:gmIIPWersja><sln:gmIdTeryt>3202042</sln:gmIdTeryt><sln:gmNazwa>Krzęcin</sln:gmNazwa><sln:miejscIIPId>bb14c526-b2dd-4269-880d-fa505107b68a</sln:miejscIIPId><sln:miejscIIPPn>PL.PZGIK.200</sln:miejscIIPPn><sln:miejscIIPWersja>2016-11-24T09:36:47+02:00</sln:miejscIIPWersja><sln:miejscIdTeryt>0182403</sln:miejscIdTeryt><sln:miejscNazwa>Krzęcin</sln:miejscNazwa><sln:miejscRodzaj>Wieś</sln:miejscRodzaj><sln:powIIPId>32d43ea6-09e7-4118-b8a8-dbab953ee72a</sln:powIIPId><sln:powIIPPn>PL.PZGIK.200</sln:powIIPPn><sln:powIIPWersja>2012-09-27T10:07:22+02:00</sln:powIIPWersja><sln:powIdTeryt>3202</sln:powIdTeryt><sln:powNazwa>choszczeński</sln:powNazwa><sln:ulIIPId>d87e3826-57d5-4578-9a96-72d513cf81ce</sln:ulIIPId><sln:ulIIPPn>PL.PZGIK.200</sln:ulIIPPn><sln:ulIIPWersja>2016-11-24T22:57:04+02:00</sln:ulIIPWersja><sln:ulIdTeryt>12832</sln:ulIdTeryt><sln:ulNazwaGlowna>Mieszka I</sln:ulNazwaGlowna><sln:ulTyp>ulica</sln:ulTyp><sln:waznyOd>2011-03-22T00:00:00+01:00</sln:waznyOd><sln:wojIIPId>c3f2202a-b491-49c5-a3af-d581108d939a</sln:wojIIPId><sln:wojIIPPn>PL.PZGIK.200</sln:wojIIPPn><sln:wojIIPWersja>2017-10-10T00:00:00+02:00</sln:wojIIPWersja><sln:wojIdTeryt>32</sln:wojIdTeryt><sln:wojNazwa>zachodniopomorskie</sln:wojNazwa></sln:ulica><sln:ulica><sln:cyklZyciaDo>2017-04-03T00:00:00+02:00</sln:cyklZyciaDo><sln:cyklZyciaOd>2015-10-12T00:00:00+02:00</sln:cyklZyciaOd><sln:gmIIPId>5a92ba1a-e078-439e-9109-b4634cbbc58d</sln:gmIIPId><sln:gmIIPPn>PL.PZGIK.200</sln:gmIIPPn><sln:gmIIPWersja>2012-09-26T22:33:42+02:00</sln:gmIIPWersja><sln:gmIdTeryt>3202042</sln:gmIdTeryt><sln:gmNazwa>Krzęcin</sln:gmNazwa><sln:miejscIIPId>bb14c526-b2dd-4269-880d-fa505107b68a</sln:miejscIIPId><sln:miejscIIPPn>PL.PZGIK.200</sln:miejscIIPPn><sln:miejscIIPWersja>2016-11-24T09:36:47+02:00</sln:miejscIIPWersja><sln:miejscIdTeryt>0182403</sln:miejscIdTeryt><sln:miejscNazwa>Krzęcin</sln:miejscNazwa><sln:miejscRodzaj>Wieś</sln:miejscRodzaj><sln:powIIPId>32d43ea6-09e7-4118-b8a8-dbab953ee72a</sln:powIIPId><sln:powIIPPn>PL.PZGIK.200</sln:powIIPPn><sln:powIIPWersja>2012-09-27T10:07:22+02:00</sln:powIIPWersja><sln:powIdTeryt>3202</sln:powIdTeryt><sln:powNazwa>choszczeński</sln:powNazwa><sln:ulIIPId>f8bd6761-e2ca-4e27-8248-9fd574e64193</sln:ulIIPId><sln:ulIIPPn>PL.PZGIK.200</sln:ulIIPPn><sln:ulIIPWersja>2016-11-24T22:57:04+02:00</sln:ulIIPWersja><sln:ulIdTeryt>12991</sln:ulIdTeryt><sln:ulNazwaGlowna>Miodowa</sln:ulNazwaGlowna><sln:ulTyp>ulica</sln:ulTyp><sln:waznyOd>2011-03-22T00:00:00+01:00</sln:waznyOd><sln:wojIIPId>c3f2202a-b491-49c5-a3af-d581108d939a</sln:wojIIPId><sln:wojIIPPn>PL.PZGIK.200</sln:wojIIPPn><sln:wojIIPWersja>2017-10-10T00:00:00+02:00</sln:wojIIPWersja><sln:wojIdTeryt>32</sln:wojIdTeryt><sln:wojNazwa>zachodniopomorskie</sln:wojNazwa></sln:ulica><sln:ulica><sln:cyklZyciaDo>2017-04-03T00:00:00+02:00</sln:cyklZyciaDo><sln:cyklZyciaOd>2015-10-12T00:00:00+02:00</sln:cyklZyciaOd><sln:gmIIPId>5a92ba1a-e078-439e-9109-b4634cbbc58d</sln:gmIIPId><sln:gmIIPPn>PL.PZGIK.200</sln:gmIIPPn><sln:gmIIPWersja>2012-09-26T22:33:42+02:00</sln:gmIIPWersja><sln:gmIdTeryt>3202042</sln:gmIdTeryt><sln:gmNazwa>Krzęcin</sln:gmNazwa><sln:miejscIIPId>bb14c526-b2dd-4269-880d-fa505107b68a</sln:miejscIIPId><sln:miejscIIPPn>PL.PZGIK.200</sln:miejscIIPPn><sln:miejscIIPWersja>2016-11-24T09:36:47+02:00</sln:miejscIIPWersja><sln:miejscIdTeryt>0182403</sln:miejscIdTeryt><sln:miejscNazwa>Krzęcin</sln:miejscNazwa><sln:miejscRodzaj>Wieś</sln:miejscRodzaj><sln:powIIPId>32d43ea6-09e7-4118-b8a8-dbab953ee72a</sln:powIIPId><sln:powIIPPn>PL.PZGIK.200</sln:powIIPPn><sln:powIIPWersja>2012-09-27T10:07:22+02:00</sln:powIIPWersja><sln:powIdTeryt>3202</sln:powIdTeryt><sln:powNazwa>choszczeński</sln:powNazwa><sln:ulIIPId>0520cb03-9937-42bf-bf02-13649ca86b46</sln:ulIIPId><sln:ulIIPPn>PL.PZGIK.200</sln:ulIIPPn><sln:ulIIPWersja>2016-11-24T22:57:04+02:00</sln:ulIIPWersja><sln:ulIdTeryt>14203</sln:ulIdTeryt><sln:ulNazwaGlowna>Niepodległości</sln:ulNazwaGlowna><sln:ulTyp>ulica</sln:ulTyp><sln:waznyOd>2011-03-22T00:00:00+01:00</sln:waznyOd><sln:wojIIPId>c3f2202a-b491-49c5-a3af-d581108d939a</sln:wojIIPId><sln:wojIIPPn>PL.PZGIK.200</sln:wojIIPPn><sln:wojIIPWersja>2017-10-10T00:00:00+02:00</sln:wojIIPWersja><sln:wojIdTeryt>32</sln:wojIdTeryt><sln:wojNazwa>zachodniopomorskie</sln:wojNazwa></sln:ulica><sln:ulica><sln:cyklZyciaDo>2017-04-03T00:00:00+02:00</sln:cyklZyciaDo><sln:cyklZyciaOd>2015-10-12T00:00:00+02:00</sln:cyklZyciaOd><sln:gmIIPId>5a92ba1a-e078-439e-9109-b4634cbbc58d</sln:gmIIPId><sln:gmIIPPn>PL.PZGIK.200</sln:gmIIPPn><sln:gmIIPWersja>2012-09-26T22:33:42+02:00</sln:gmIIPWersja><sln:gmIdTeryt>3202042</sln:gmIdTeryt><sln:gmNazwa>Krzęcin</sln:gmNazwa><sln:miejscIIPId>bb14c526-b2dd-4269-880d-fa505107b68a</sln:miejscIIPId><sln:miejscIIPPn>PL.PZGIK.200</sln:miejscIIPPn><sln:miejscIIPWersja>2016-11-24T09:36:47+02:00</sln:miejscIIPWersja><sln:miejscIdTeryt>0182403</sln:miejscIdTeryt><sln:miejscNazwa>Krzęcin</sln:miejscNazwa><sln:miejscRodzaj>Wieś</sln:miejscRodzaj><sln:powIIPId>32d43ea6-09e7-4118-b8a8-dbab953ee72a</sln:powIIPId><sln:powIIPPn>PL.PZGIK.200</sln:powIIPPn><sln:powIIPWersja>2012-09-27T10:07:22+02:00</sln:powIIPWersja><sln:powIdTeryt>3202</sln:powIdTeryt><sln:powNazwa>choszczeński</sln:powNazwa><sln:ulIIPId>4bda9070-29dc-4b33-9fa3-690fab6de802</sln:ulIIPId><sln:ulIIPPn>PL.PZGIK.200</sln:ulIIPPn><sln:ulIIPWersja>2016-11-24T22:57:04+02:00</sln:ulIIPWersja><sln:ulIdTeryt>14834</sln:ulIdTeryt><sln:ulNazwaGlowna>Ogrodowa</sln:ulNazwaGlowna><sln:ulTyp>ulica</sln:ulTyp><sln:waznyOd>2011-03-22T00:00:00+01:00</sln:waznyOd><sln:wojIIPId>c3f2202a-b491-49c5-a3af-d581108d939a</sln:wojIIPId><sln:wojIIPPn>PL.PZGIK.200</sln:wojIIPPn><sln:wojIIPWersja>2017-10-10T00:00:00+02:00</sln:wojIIPWersja><sln:wojIdTeryt>32</sln:wojIdTeryt><sln:wojNazwa>zachodniopomorskie</sln:wojNazwa></sln:ulica><sln:ulica><sln:cyklZyciaDo>2017-04-03T00:00:00+02:00</sln:cyklZyciaDo><sln:cyklZyciaOd>2015-10-12T00:00:00+02:00</sln:cyklZyciaOd><sln:gmIIPId>5a92ba1a-e078-439e-9109-b4634cbbc58d</sln:gmIIPId><sln:gmIIPPn>PL.PZGIK.200</sln:gmIIPPn><sln:gmIIPWersja>2012-09-26T22:33:42+02:00</sln:gmIIPWersja><sln:gmIdTeryt>3202042</sln:gmIdTeryt><sln:gmNazwa>Krzęcin</sln:gmNazwa><sln:miejscIIPId>bb14c526-b2dd-4269-880d-fa505107b68a</sln:miejscIIPId><sln:miejscIIPPn>PL.PZGIK.200</sln:miejscIIPPn><sln:miejscIIPWersja>2016-11-24T09:36:47+02:00</sln:miejscIIPWersja><sln:miejscIdTeryt>0182403</sln:miejscIdTeryt><sln:miejscNazwa>Krzęcin</sln:miejscNazwa><sln:miejscRodzaj>Wieś</sln:miejscRodzaj><sln:powIIPId>32d43ea6-09e7-4118-b8a8-dbab953ee72a</sln:powIIPId><sln:powIIPPn>PL.PZGIK.200</sln:powIIPPn><sln:powIIPWersja>2012-09-27T10:07:22+02:00</sln:powIIPWersja><sln:powIdTeryt>3202</sln:powIdTeryt><sln:powNazwa>choszczeński</sln:powNazwa><sln:ulIIPId>3e35d9dc-4628-4436-9b21-d138974d6901</sln:ulIIPId><sln:ulIIPPn>PL.PZGIK.200</sln:ulIIPPn><sln:ulIIPWersja>2016-11-24T22:57:04+02:00</sln:ulIIPWersja><sln:ulIdTeryt>16033</sln:ulIdTeryt><sln:ulNazwaGlowna>Piaskowa</sln:ulNazwaGlowna><sln:ulTyp>ulica</sln:ulTyp><sln:waznyOd>2011-03-22T00:00:00+01:00</sln:waznyOd><sln:wojIIPId>c3f2202a-b491-49c5-a3af-d581108d939a</sln:wojIIPId><sln:wojIIPPn>PL.PZGIK.200</sln:wojIIPPn><sln:wojIIPWersja>2017-10-10T00:00:00+02:00</sln:wojIIPWersja><sln:wojIdTeryt>32</sln:wojIdTeryt><sln:wojNazwa>zachodniopomorskie</sln:wojNazwa></sln:ulica><sln:ulica><sln:cyklZyciaDo>2017-04-03T00:00:00+02:00</sln:cyklZyciaDo><sln:cyklZyciaOd>2015-10-12T00:00:00+02:00</sln:cyklZyciaOd><sln:gmIIPId>5a92ba1a-e078-439e-9109-b4634cbbc58d</sln:gmIIPId><sln:gmIIPPn>PL.PZGIK.200</sln:gmIIPPn><sln:gmIIPWersja>2012-09-26T22:33:42+02:00</sln:gmIIPWersja><sln:gmIdTeryt>3202042</sln:gmIdTeryt><sln:gmNazwa>Krzęcin</sln:gmNazwa><sln:miejscIIPId>bb14c526-b2dd-4269-880d-fa505107b68a</sln:miejscIIPId><sln:miejscIIPPn>PL.PZGIK.200</sln:miejscIIPPn><sln:miejscIIPWersja>2016-11-24T09:36:47+02:00</sln:miejscIIPWersja><sln:miejscIdTeryt>0182403</sln:miejscIdTeryt><sln:miejscNazwa>Krzęcin</sln:miejscNazwa><sln:miejscRodzaj>Wieś</sln:miejscRodzaj><sln:powIIPId>32d43ea6-09e7-4118-b8a8-dbab953ee72a</sln:powIIPId><sln:powIIPPn>PL.PZGIK.200</sln:powIIPPn><sln:powIIPWersja>2012-09-27T10:07:22+02:00</sln:powIIPWersja><sln:powIdTeryt>3202</sln:powIdTeryt><sln:powNazwa>choszczeński</sln:powNazwa><sln:ulIIPId>0126f7c2-2654-47fb-8d61-192b361b4701</sln:ulIIPId><sln:ulIIPPn>PL.PZGIK.200</sln:ulIIPPn><sln:ulIIPWersja>2016-11-24T22:57:04+02:00</sln:ulIIPWersja><sln:ulIdTeryt>16579</sln:ulIdTeryt><sln:ulNazwaGlowna>Pocztowa</sln:ulNazwaGlowna><sln:ulTyp>ulica</sln:ulTyp><sln:waznyOd>2011-03-22T00:00:00+01:00</sln:waznyOd><sln:wojIIPId>c3f2202a-b491-49c5-a3af-d581108d939a</sln:wojIIPId><sln:wojIIPPn>PL.PZGIK.200</sln:wojIIPPn><sln:wojIIPWersja>2017-10-10T00:00:00+02:00</sln:wojIIPWersja><sln:wojIdTeryt>32</sln:wojIdTeryt><sln:wojNazwa>zachodniopomorskie</sln:wojNazwa></sln:ulica><sln:ulica><sln:cyklZyciaDo>2017-04-03T00:00:00+02:00</sln:cyklZyciaDo><sln:cyklZyciaOd>2015-10-12T00:00:00+02:00</sln:cyklZyciaOd><sln:gmIIPId>5a92ba1a-e078-439e-9109-b4634cbbc58d</sln:gmIIPId><sln:gmIIPPn>PL.PZGIK.200</sln:gmIIPPn><sln:gmIIPWersja>2012-09-26T22:33:42+02:00</sln:gmIIPWersja><sln:gmIdTeryt>3202042</sln:gmIdTeryt><sln:gmNazwa>Krzęcin</sln:gmNazwa><sln:miejscIIPId>bb14c526-b2dd-4269-880d-fa505107b68a</sln:miejscIIPId><sln:miejscIIPPn>PL.PZGIK.200</sln:miejscIIPPn><sln:miejscIIPWersja>2016-11-24T09:36:47+02:00</sln:miejscIIPWersja><sln:miejscIdTeryt>0182403</sln:miejscIdTeryt><sln:miejscNazwa>Krzęcin</sln:miejscNazwa><sln:miejscRodzaj>Wieś</sln:miejscRodzaj><sln:powIIPId>32d43ea6-09e7-4118-b8a8-dbab953ee72a</sln:powIIPId><sln:powIIPPn>PL.PZGIK.200</sln:powIIPPn><sln:powIIPWersja>2012-09-27T10:07:22+02:00</sln:powIIPWersja><sln:powIdTeryt>3202</sln:powIdTeryt><sln:powNazwa>choszczeński</sln:powNazwa><sln:ulIIPId>c6fe9c63-f8aa-43f1-b707-c57461bf5a1d</sln:ulIIPId><sln:ulIIPPn>PL.PZGIK.200</sln:ulIIPPn><sln:ulIIPWersja>2016-11-24T22:57:04+02:00</sln:ulIIPWersja><sln:ulIdTeryt>16900</sln:ulIdTeryt><sln:ulNazwaGlowna>Pogodna</sln:ulNazwaGlowna><sln:ulTyp>ulica</sln:ulTyp><sln:waznyOd>2011-03-22T00:00:00+01:00</sln:waznyOd><sln:wojIIPId>c3f2202a-b491-49c5-a3af-d581108d939a</sln:wojIIPId><sln:wojIIPPn>PL.PZGIK.200</sln:wojIIPPn><sln:wojIIPWersja>2017-10-10T00:00:00+02:00</sln:wojIIPWersja><sln:wojIdTeryt>32</sln:wojIdTeryt><sln:wojNazwa>zachodniopomorskie</sln:wojNazwa></sln:ulica><sln:ulica><sln:cyklZyciaDo>2017-04-03T00:00:00+02:00</sln:cyklZyciaDo><sln:cyklZyciaOd>2015-10-12T00:00:00+02:00</sln:cyklZyciaOd><sln:gmIIPId>5a92ba1a-e078-439e-9109-b4634cbbc58d</sln:gmIIPId><sln:gmIIPPn>PL.PZGIK.200</sln:gmIIPPn><sln:gmIIPWersja>2012-09-26T22:33:42+02:00</sln:gmIIPWersja><sln:gmIdTeryt>3202042</sln:gmIdTeryt><sln:gmNazwa>Krzęcin</sln:gmNazwa><sln:miejscIIPId>bb14c526-b2dd-4269-880d-fa505107b68a</sln:miejscIIPId><sln:miejscIIPPn>PL.PZGIK.200</sln:miejscIIPPn><sln:miejscIIPWersja>2016-11-24T09:36:47+02:00</sln:miejscIIPWersja><sln:miejscIdTeryt>0182403</sln:miejscIdTeryt><sln:miejscNazwa>Krzęcin</sln:miejscNazwa><sln:miejscRodzaj>Wieś</sln:miejscRodzaj><sln:powIIPId>32d43ea6-09e7-4118-b8a8-dbab953ee72a</sln:powIIPId><sln:powIIPPn>PL.PZGIK.200</sln:powIIPPn><sln:powIIPWersja>2012-09-27T10:07:22+02:00</sln:powIIPWersja><sln:powIdTeryt>3202</sln:powIdTeryt><sln:powNazwa>choszczeński</sln:powNazwa><sln:ulIIPId>2a87ff50-5c20-4e81-be07-0ad4ae97bdaa</sln:ulIIPId><sln:ulIIPPn>PL.PZGIK.200</sln:ulIIPPn><sln:ulIIPWersja>2016-11-24T22:57:04+02:00</sln:ulIIPWersja><sln:ulIdTeryt>17011</sln:ulIdTeryt><sln:ulNazwaGlowna>Polna</sln:ulNazwaGlowna><sln:ulTyp>ulica</sln:ulTyp><sln:waznyOd>2011-03-22T00:00:00+01:00</sln:waznyOd><sln:wojIIPId>c3f2202a-b491-49c5-a3af-d581108d939a</sln:wojIIPId><sln:wojIIPPn>PL.PZGIK.200</sln:wojIIPPn><sln:wojIIPWersja>2017-10-10T00:00:00+02:00</sln:wojIIPWersja><sln:wojIdTeryt>32</sln:wojIdTeryt><sln:wojNazwa>zachodniopomorskie</sln:wojNazwa></sln:ulica><sln:ulica><sln:cyklZyciaDo>2017-04-03T00:00:00+02:00</sln:cyklZyciaDo><sln:cyklZyciaOd>2015-10-12T00:00:00+02:00</sln:cyklZyciaOd><sln:gmIIPId>5a92ba1a-e078-439e-9109-b4634cbbc58d</sln:gmIIPId><sln:gmIIPPn>PL.PZGIK.200</sln:gmIIPPn><sln:gmIIPWersja>2012-09-26T22:33:42+02:00</sln:gmIIPWersja><sln:gmIdTeryt>3202042</sln:gmIdTeryt><sln:gmNazwa>Krzęcin</sln:gmNazwa><sln:miejscIIPId>bb14c526-b2dd-4269-880d-fa505107b68a</sln:miejscIIPId><sln:miejscIIPPn>PL.PZGIK.200</sln:miejscIIPPn><sln:miejscIIPWersja>2016-11-24T09:36:47+02:00</sln:miejscIIPWersja><sln:miejscIdTeryt>0182403</sln:miejscIdTeryt><sln:miejscNazwa>Krzęcin</sln:miejscNazwa><sln:miejscRodzaj>Wieś</sln:miejscRodzaj><sln:powIIPId>32d43ea6-09e7-4118-b8a8-dbab953ee72a</sln:powIIPId><sln:powIIPPn>PL.PZGIK.200</sln:powIIPPn><sln:powIIPWersja>2012-09-27T10:07:22+02:00</sln:powIIPWersja><sln:powIdTeryt>3202</sln:powIdTeryt><sln:powNazwa>choszczeński</sln:powNazwa><sln:ulIIPId>acb0f838-a821-4b57-801c-6f925076a4a5</sln:ulIIPId><sln:ulIIPPn>PL.PZGIK.200</sln:ulIIPPn><sln:ulIIPWersja>2016-11-24T22:57:04+02:00</sln:ulIIPWersja><sln:ulIdTeryt>20254</sln:ulIdTeryt><sln:ulNazwaGlowna>Słoneczna</sln:ulNazwaGlowna><sln:ulTyp>ulica</sln:ulTyp><sln:waznyOd>2011-03-22T00:00:00+01:00</sln:waznyOd><sln:wojIIPId>c3f2202a-b491-49c5-a3af-d581108d939a</sln:wojIIPId><sln:wojIIPPn>PL.PZGIK.200</sln:wojIIPPn><sln:wojIIPWersja>2017-10-10T00:00:00+02:00</sln:wojIIPWersja><sln:wojIdTeryt>32</sln:wojIdTeryt><sln:wojNazwa>zachodniopomorskie</sln:wojNazwa></sln:ulica><sln:ulica><sln:cyklZyciaDo>2017-04-03T00:00:00+02:00</sln:cyklZyciaDo><sln:cyklZyciaOd>2015-10-12T00:00:00+02:00</sln:cyklZyciaOd><sln:gmIIPId>5a92ba1a-e078-439e-9109-b4634cbbc58d</sln:gmIIPId><sln:gmIIPPn>PL.PZGIK.200</sln:gmIIPPn><sln:gmIIPWersja>2012-09-26T22:33:42+02:00</sln:gmIIPWersja><sln:gmIdTeryt>3202042</sln:gmIdTeryt><sln:gmNazwa>Krzęcin</sln:gmNazwa><sln:miejscIIPId>bb14c526-b2dd-4269-880d-fa505107b68a</sln:miejscIIPId><sln:miejscIIPPn>PL.PZGIK.200</sln:miejscIIPPn><sln:miejscIIPWersja>2016-11-24T09:36:47+02:00</sln:miejscIIPWersja><sln:miejscIdTeryt>0182403</sln:miejscIdTeryt><sln:miejscNazwa>Krzęcin</sln:miejscNazwa><sln:miejscRodzaj>Wieś</sln:miejscRodzaj><sln:powIIPId>32d43ea6-09e7-4118-b8a8-dbab953ee72a</sln:powIIPId><sln:powIIPPn>PL.PZGIK.200</sln:powIIPPn><sln:powIIPWersja>2012-09-27T10:07:22+02:00</sln:powIIPWersja><sln:powIdTeryt>3202</sln:powIdTeryt><sln:powNazwa>choszczeński</sln:powNazwa><sln:ulIIPId>613d8e29-cbea-4587-8849-3fc04abfc192</sln:ulIIPId><sln:ulIIPPn>PL.PZGIK.200</sln:ulIIPPn><sln:ulIIPWersja>2016-11-24T22:57:04+02:00</sln:ulIIPWersja><sln:ulIdTeryt>20677</sln:ulIdTeryt><sln:ulNazwaGlowna>Spokojna</sln:ulNazwaGlowna><sln:ulTyp>ulica</sln:ulTyp><sln:waznyOd>2011-03-22T00:00:00+01:00</sln:waznyOd><sln:wojIIPId>c3f2202a-b491-49c5-a3af-d581108d939a</sln:wojIIPId><sln:wojIIPPn>PL.PZGIK.200</sln:wojIIPPn><sln:wojIIPWersja>2017-10-10T00:00:00+02:00</sln:wojIIPWersja><sln:wojIdTeryt>32</sln:wojIdTeryt><sln:wojNazwa>zachodniopomorskie</sln:wojNazwa></sln:ulica><sln:ulica><sln:cyklZyciaDo>2017-04-03T00:00:00+02:00</sln:cyklZyciaDo><sln:cyklZyciaOd>2015-10-12T00:00:00+02:00</sln:cyklZyciaOd><sln:gmIIPId>5a92ba1a-e078-439e-9109-b4634cbbc58d</sln:gmIIPId><sln:gmIIPPn>PL.PZGIK.200</sln:gmIIPPn><sln:gmIIPWersja>2012-09-26T22:33:42+02:00</sln:gmIIPWersja><sln:gmIdTeryt>3202042</sln:gmIdTeryt><sln:gmNazwa>Krzęcin</sln:gmNazwa><sln:miejscIIPId>bb14c526-b2dd-4269-880d-fa505107b68a</sln:miejscIIPId><sln:miejscIIPPn>PL.PZGIK.200</sln:miejscIIPPn><sln:miejscIIPWersja>2016-11-24T09:36:47+02:00</sln:miejscIIPWersja><sln:miejscIdTeryt>0182403</sln:miejscIdTeryt><sln:miejscNazwa>Krzęcin</sln:miejscNazwa><sln:miejscRodzaj>Wieś</sln:miejscRodzaj><sln:powIIPId>32d43ea6-09e7-4118-b8a8-dbab953ee72a</sln:powIIPId><sln:powIIPPn>PL.PZGIK.200</sln:powIIPPn><sln:powIIPWersja>2012-09-27T10:07:22+02:00</sln:powIIPWersja><sln:powIdTeryt>3202</sln:powIdTeryt><sln:powNazwa>choszczeński</sln:powNazwa><sln:ulIIPId>5f5b13f0-785c-4292-bad9-70c70f19ce02</sln:ulIIPId><sln:ulIIPPn>PL.PZGIK.200</sln:ulIIPPn><sln:ulIIPWersja>2016-11-24T22:57:04+02:00</sln:ulIIPWersja><sln:ulIdTeryt>21970</sln:ulIdTeryt><sln:ulNazwaGlowna>Szkolna</sln:ulNazwaGlowna><sln:ulTyp>ulica</sln:ulTyp><sln:waznyOd>2011-03-22T00:00:00+01:00</sln:waznyOd><sln:wojIIPId>c3f2202a-b491-49c5-a3af-d581108d939a</sln:wojIIPId><sln:wojIIPPn>PL.PZGIK.200</sln:wojIIPPn><sln:wojIIPWersja>2017-10-10T00:00:00+02:00</sln:wojIIPWersja><sln:wojIdTeryt>32</sln:wojIdTeryt><sln:wojNazwa>zachodniopomorskie</sln:wojNazwa></sln:ulica><sln:ulica><sln:cyklZyciaDo>2017-04-03T00:00:00+02:00</sln:cyklZyciaDo><sln:cyklZyciaOd>2015-10-12T00:00:00+02:00</sln:cyklZyciaOd><sln:gmIIPId>5a92ba1a-e078-439e-9109-b4634cbbc58d</sln:gmIIPId><sln:gmIIPPn>PL.PZGIK.200</sln:gmIIPPn><sln:gmIIPWersja>2012-09-26T22:33:42+02:00</sln:gmIIPWersja><sln:gmIdTeryt>3202042</sln:gmIdTeryt><sln:gmNazwa>Krzęcin</sln:gmNazwa><sln:miejscIIPId>bb14c526-b2dd-4269-880d-fa505107b68a</sln:miejscIIPId><sln:miejscIIPPn>PL.PZGIK.200</sln:miejscIIPPn><sln:miejscIIPWersja>2016-11-24T09:36:47+02:00</sln:miejscIIPWersja><sln:miejscIdTeryt>0182403</sln:miejscIdTeryt><sln:miejscNazwa>Krzęcin</sln:miejscNazwa><sln:miejscRodzaj>Wieś</sln:miejscRodzaj><sln:powIIPId>32d43ea6-09e7-4118-b8a8-dbab953ee72a</sln:powIIPId><sln:powIIPPn>PL.PZGIK.200</sln:powIIPPn><sln:powIIPWersja>2012-09-27T10:07:22+02:00</sln:powIIPWersja><sln:powIdTeryt>3202</sln:powIdTeryt><sln:powNazwa>choszczeński</sln:powNazwa><sln:ulIIPId>6a1375d0-e984-4f69-bd7a-cfdbbbbcce57</sln:ulIIPId><sln:ulIIPPn>PL.PZGIK.200</sln:ulIIPPn><sln:ulIIPWersja>2016-11-24T22:57:04+02:00</sln:ulIIPWersja><sln:ulIdTeryt>23240</sln:ulIdTeryt><sln:ulNazwaGlowna>Tylna</sln:ulNazwaGlowna><sln:ulTyp>ulica</sln:ulTyp><sln:waznyOd>2011-03-22T00:00:00+01:00</sln:waznyOd><sln:wojIIPId>c3f2202a-b491-49c5-a3af-d581108d939a</sln:wojIIPId><sln:wojIIPPn>PL.PZGIK.200</sln:wojIIPPn><sln:wojIIPWersja>2017-10-10T00:00:00+02:00</sln:wojIIPWersja><sln:wojIdTeryt>32</sln:wojIdTeryt><sln:wojNazwa>zachodniopomorskie</sln:wojNazwa></sln:ulica><sln:ulica><sln:cyklZyciaDo>2017-04-03T00:00:00+02:00</sln:cyklZyciaDo><sln:cyklZyciaOd>2015-10-12T00:00:00+02:00</sln:cyklZyciaOd><sln:gmIIPId>5a92ba1a-e078-439e-9109-b4634cbbc58d</sln:gmIIPId><sln:gmIIPPn>PL.PZGIK.200</sln:gmIIPPn><sln:gmIIPWersja>2012-09-26T22:33:42+02:00</sln:gmIIPWersja><sln:gmIdTeryt>3202042</sln:gmIdTeryt><sln:gmNazwa>Krzęcin</sln:gmNazwa><sln:miejscIIPId>dcd56d95-bcd5-4d72-819f-0ee2f060c19b</sln:miejscIIPId><sln:miejscIIPPn>PL.PZGIK.200</sln:miejscIIPPn><sln:miejscIIPWersja>2016-11-24T09:36:47+02:00</sln:miejscIIPWersja><sln:miejscIdTeryt>0182308</sln:miejscIdTeryt><sln:miejscNazwa>Chłopowo</sln:miejscNazwa><sln:miejscRodzaj>Wieś</sln:miejscRodzaj><sln:powIIPId>32d43ea6-09e7-4118-b8a8-dbab953ee72a</sln:powIIPId><sln:powIIPPn>PL.PZGIK.200</sln:powIIPPn><sln:powIIPWersja>2012-09-27T10:07:22+02:00</sln:powIIPWersja><sln:powIdTeryt>3202</sln:powIdTeryt><sln:powNazwa>choszczeński</sln:powNazwa><sln:ulIIPId>8e4c1a20-ba75-4647-b02a-e70386858ac2</sln:ulIIPId><sln:ulIIPPn>PL.PZGIK.200</sln:ulIIPPn><sln:ulIIPWersja>2016-11-24T22:57:04+02:00</sln:ulIIPWersja><sln:ulIdTeryt>02387</sln:ulIdTeryt><sln:ulNazwaGlowna>Bukowa</sln:ulNazwaGlowna><sln:ulTyp>ulica</sln:ulTyp><sln:waznyOd>2011-03-22T00:00:00+01:00</sln:waznyOd><sln:wojIIPId>c3f2202a-b491-49c5-a3af-d581108d939a</sln:wojIIPId><sln:wojIIPPn>PL.PZGIK.200</sln:wojIIPPn><sln:wojIIPWersja>2017-10-10T00:00:00+02:00</sln:wojIIPWersja><sln:wojIdTeryt>32</sln:wojIdTeryt><sln:wojNazwa>zachodniopomorskie</sln:wojNazwa></sln:ulica><sln:ulica><sln:cyklZyciaDo>2017-07-31T00:00:00+02:00</sln:cyklZyciaDo><sln:cyklZyciaOd>2017-04-03T00:00:00+02:00</sln:cyklZyciaOd><sln:gmIIPId>5a92ba1a-e078-439e-9109-b4634cbbc58d</sln:gmIIPId><sln:gmIIPPn>PL.PZGIK.200</sln:gmIIPPn><sln:gmIIPWersja>2012-09-26T22:33:42+02:00</sln:gmIIPWersja><sln:gmIdTeryt>3202042</sln:gmIdTeryt><sln:gmNazwa>Krzęcin</sln:gmNazwa><sln:miejscIIPId>bb14c526-b2dd-4269-880d-fa505107b68a</sln:miejscIIPId><sln:miejscIIPPn>PL.PZGIK.200</sln:miejscIIPPn><sln:miejscIIPWersja>2017-04-03T14:00:14+02:00</sln:miejscIIPWersja><sln:miejscIdTeryt>0182403</sln:miejscIdTeryt><sln:miejscNazwa>Krzęcin</sln:miejscNazwa><sln:miejscRodzaj>Wieś</sln:miejscRodzaj><sln:powIIPId>32d43ea6-09e7-4118-b8a8-dbab953ee72a</sln:powIIPId><sln:powIIPPn>PL.PZGIK.200</sln:powIIPPn><sln:powIIPWersja>2012-09-27T10:07:22+02:00</sln:powIIPWersja><sln:powIdTeryt>3202</sln:powIdTeryt><sln:powNazwa>choszczeński</sln:powNazwa><sln:ulIIPId>e9c7e730-376f-464d-a84f-9d328b6f2813</sln:ulIIPId><sln:ulIIPPn>PL.PZGIK.200</sln:ulIIPPn><sln:ulIIPWersja>2017-04-03T14:00:15+02:00</sln:ulIIPWersja><sln:ulIdTeryt>14834</sln:ulIdTeryt><sln:ulNazwaGlowna>Ogrodowa</sln:ulNazwaGlowna><sln:ulTyp>ulica</sln:ulTyp><sln:waznyOd>2011-03-22T00:00:00+01:00</sln:waznyOd><sln:wojIIPId>c3f2202a-b491-49c5-a3af-d581108d939a</sln:wojIIPId><sln:wojIIPPn>PL.PZGIK.200</sln:wojIIPPn><sln:wojIIPWersja>2017-10-10T00:00:00+02:00</sln:wojIIPWersja><sln:wojIdTeryt>32</sln:wojIdTeryt><sln:wojNazwa>zachodniopomorskie</sln:wojNazwa></sln:ulica><sln:ulica><sln:cyklZyciaOd>2017-04-03T00:00:00+02:00</sln:cyklZyciaOd><sln:gmIIPId>5a92ba1a-e078-439e-9109-b4634cbbc58d</sln:gmIIPId><sln:gmIIPPn>PL.PZGIK.200</sln:gmIIPPn><sln:gmIIPWersja>2012-09-26T22:33:42+02:00</sln:gmIIPWersja><sln:gmIdTeryt>3202042</sln:gmIdTeryt><sln:gmNazwa>Krzęcin</sln:gmNazwa><sln:miejscIIPId>dcd56d95-bcd5-4d72-819f-0ee2f060c19b</sln:miejscIIPId><sln:miejscIIPPn>PL.PZGIK.200</sln:miejscIIPPn><sln:miejscIIPWersja>2017-04-03T14:00:06+02:00</sln:miejscIIPWersja><sln:miejscIdTeryt>0182308</sln:miejscIdTeryt><sln:miejscNazwa>Chłopowo</sln:miejscNazwa><sln:miejscRodzaj>Wieś</sln:miejscRodzaj><sln:powIIPId>32d43ea6-09e7-4118-b8a8-dbab953ee72a</sln:powIIPId><sln:powIIPPn>PL.PZGIK.200</sln:powIIPPn><sln:powIIPWersja>2012-09-27T10:07:22+02:00</sln:powIIPWersja><sln:powIdTeryt>3202</sln:powIdTeryt><sln:powNazwa>choszczeński</sln:powNazwa><sln:ulIIPId>c9ff4c51-b98d-4254-b6ee-5ff1600df0d0</sln:ulIIPId><sln:ulIIPPn>PL.PZGIK.200</sln:ulIIPPn><sln:ulIIPWersja>2017-04-03T14:00:15+02:00</sln:ulIIPWersja><sln:ulIdTeryt>10898</sln:ulIdTeryt><sln:ulNazwaGlowna>Leśna</sln:ulNazwaGlowna><sln:ulTyp>ulica</sln:ulTyp><sln:waznyOd>2011-03-22T00:00:00+01:00</sln:waznyOd><sln:wojIIPId>c3f2202a-b491-49c5-a3af-d581108d939a</sln:wojIIPId><sln:wojIIPPn>PL.PZGIK.200</sln:wojIIPPn><sln:wojIIPWersja>2017-10-10T00:00:00+02:00</sln:wojIIPWersja><sln:wojIdTeryt>32</sln:wojIdTeryt><sln:wojNazwa>zachodniopomorskie</sln:wojNazwa></sln:ulica><sln:ulica><sln:cyklZyciaOd>2017-04-03T00:00:00+02:00</sln:cyklZyciaOd><sln:gmIIPId>5a92ba1a-e078-439e-9109-b4634cbbc58d</sln:gmIIPId><sln:gmIIPPn>PL.PZGIK.200</sln:gmIIPPn><sln:gmIIPWersja>2012-09-26T22:33:42+02:00</sln:gmIIPWersja><sln:gmIdTeryt>3202042</sln:gmIdTeryt><sln:gmNazwa>Krzęcin</sln:gmNazwa><sln:miejscIIPId>09263f32-5e1f-4881-9dea-54d5ee6529ec</sln:miejscIIPId><sln:miejscIIPPn>PL.PZGIK.200</sln:miejscIIPPn><sln:miejscIIPWersja>2017-04-03T14:00:13+02:00</sln:miejscIIPWersja><sln:miejscIdTeryt>0182350</sln:miejscIdTeryt><sln:miejscNazwa>Granowo</sln:miejscNazwa><sln:miejscRodzaj>Wieś</sln:miejscRodzaj><sln:powIIPId>32d43ea6-09e7-4118-b8a8-dbab953ee72a</sln:powIIPId><sln:powIIPPn>PL.PZGIK.200</sln:powIIPPn><sln:powIIPWersja>2012-09-27T10:07:22+02:00</sln:powIIPWersja><sln:powIdTeryt>3202</sln:powIdTeryt><sln:powNazwa>choszczeński</sln:powNazwa><sln:ulIIPId>c3ff08ea-cf3d-492c-951b-20a95ec5c92e</sln:ulIIPId><sln:ulIIPPn>PL.PZGIK.200</sln:ulIIPPn><sln:ulIIPWersja>2017-04-03T14:00:15+02:00</sln:ulIIPWersja><sln:ulIdTeryt>15300</sln:ulIdTeryt><sln:ulNazwaGlowna>Osiedlowa</sln:ulNazwaGlowna><sln:ulTyp>ulica</sln:ulTyp><sln:waznyOd>2011-03-22T00:00:00+01:00</sln:waznyOd><sln:wojIIPId>c3f2202a-b491-49c5-a3af-d581108d939a</sln:wojIIPId><sln:wojIIPPn>PL.PZGIK.200</sln:wojIIPPn><sln:wojIIPWersja>2017-10-10T00:00:00+02:00</sln:wojIIPWersja><sln:wojIdTeryt>32</sln:wojIdTeryt><sln:wojNazwa>zachodniopomorskie</sln:wojNazwa></sln:ulica><sln:ulica><sln:cyklZyciaDo>2017-07-31T00:00:00+02:00</sln:cyklZyciaDo><sln:cyklZyciaOd>2017-04-03T00:00:00+02:00</sln:cyklZyciaOd><sln:gmIIPId>5a92ba1a-e078-439e-9109-b4634cbbc58d</sln:gmIIPId><sln:gmIIPPn>PL.PZGIK.200</sln:gmIIPPn><sln:gmIIPWersja>2012-09-26T22:33:42+02:00</sln:gmIIPWersja><sln:gmIdTeryt>3202042</sln:gmIdTeryt><sln:gmNazwa>Krzęcin</sln:gmNazwa><sln:miejscIIPId>bb14c526-b2dd-4269-880d-fa505107b68a</sln:miejscIIPId><sln:miejscIIPPn>PL.PZGIK.200</sln:miejscIIPPn><sln:miejscIIPWersja>2017-04-03T14:00:14+02:00</sln:miejscIIPWersja><sln:miejscIdTeryt>0182403</sln:miejscIdTeryt><sln:miejscNazwa>Krzęcin</sln:miejscNazwa><sln:miejscRodzaj>Wieś</sln:miejscRodzaj><sln:powIIPId>32d43ea6-09e7-4118-b8a8-dbab953ee72a</sln:powIIPId><sln:powIIPPn>PL.PZGIK.200</sln:powIIPPn><sln:powIIPWersja>2012-09-27T10:07:22+02:00</sln:powIIPWersja><sln:powIdTeryt>3202</sln:powIdTeryt><sln:powNazwa>choszczeński</sln:powNazwa><sln:ulIIPId>761c8b13-3a74-4da5-a48b-7a32a91e0c29</sln:ulIIPId><sln:ulIIPPn>PL.PZGIK.200</sln:ulIIPPn><sln:ulIIPWersja>2017-04-03T14:00:15+02:00</sln:ulIIPWersja><sln:ulIdTeryt>12832</sln:ulIdTeryt><sln:ulNazwaGlowna>Mieszka I</sln:ulNazwaGlowna><sln:ulTyp>ulica</sln:ulTyp><sln:waznyOd>2011-03-22T00:00:00+01:00</sln:waznyOd><sln:wojIIPId>c3f2202a-b491-49c5-a3af-d581108d939a</sln:wojIIPId><sln:wojIIPPn>PL.PZGIK.200</sln:wojIIPPn><sln:wojIIPWersja>2017-10-10T00:00:00+02:00</sln:wojIIPWersja><sln:wojIdTeryt>32</sln:wojIdTeryt><sln:wojNazwa>zachodniopomorskie</sln:wojNazwa></sln:ulica><sln:ulica><sln:cyklZyciaDo>2017-07-31T00:00:00+02:00</sln:cyklZyciaDo><sln:cyklZyciaOd>2017-04-03T00:00:00+02:00</sln:cyklZyciaOd><sln:gmIIPId>5a92ba1a-e078-439e-9109-b4634cbbc58d</sln:gmIIPId><sln:gmIIPPn>PL.PZGIK.200</sln:gmIIPPn><sln:gmIIPWersja>2012-09-26T22:33:42+02:00</sln:gmIIPWersja><sln:gmIdTeryt>3202042</sln:gmIdTeryt><sln:gmNazwa>Krzęcin</sln:gmNazwa><sln:miejscIIPId>bb14c526-b2dd-4269-880d-fa505107b68a</sln:miejscIIPId><sln:miejscIIPPn>PL.PZGIK.200</sln:miejscIIPPn><sln:miejscIIPWersja>2017-04-03T14:00:14+02:00</sln:miejscIIPWersja><sln:miejscIdTeryt>0182403</sln:miejscIdTeryt><sln:miejscNazwa>Krzęcin</sln:miejscNazwa><sln:miejscRodzaj>Wieś</sln:miejscRodzaj><sln:powIIPId>32d43ea6-09e7-4118-b8a8-dbab953ee72a</sln:powIIPId><sln:powIIPPn>PL.PZGIK.200</sln:powIIPPn><sln:powIIPWersja>2012-09-27T10:07:22+02:00</sln:powIIPWersja><sln:powIdTeryt>3202</sln:powIdTeryt><sln:powNazwa>choszczeński</sln:powNazwa><sln:ulIIPId>9e3c5477-8101-4133-b85d-296c3c70b342</sln:ulIIPId><sln:ulIIPPn>PL.PZGIK.200</sln:ulIIPPn><sln:ulIIPWersja>2017-04-03T14:00:15+02:00</sln:ulIIPWersja><sln:ulIdTeryt>21970</sln:ulIdTeryt><sln:ulNazwaGlowna>Szkolna</sln:ulNazwaGlowna><sln:ulTyp>ulica</sln:ulTyp><sln:waznyOd>2011-03-22T00:00:00+01:00</sln:waznyOd><sln:wojIIPId>c3f2202a-b491-49c5-a3af-d581108d939a</sln:wojIIPId><sln:wojIIPPn>PL.PZGIK.200</sln:wojIIPPn><sln:wojIIPWersja>2017-10-10T00:00:00+02:00</sln:wojIIPWersja><sln:wojIdTeryt>32</sln:wojIdTeryt><sln:wojNazwa>zachodniopomorskie</sln:wojNazwa></sln:ulica><sln:ulica><sln:cyklZyciaDo>2017-07-31T00:00:00+02:00</sln:cyklZyciaDo><sln:cyklZyciaOd>2017-04-03T00:00:00+02:00</sln:cyklZyciaOd><sln:gmIIPId>5a92ba1a-e078-439e-9109-b4634cbbc58d</sln:gmIIPId><sln:gmIIPPn>PL.PZGIK.200</sln:gmIIPPn><sln:gmIIPWersja>2012-09-26T22:33:42+02:00</sln:gmIIPWersja><sln:gmIdTeryt>3202042</sln:gmIdTeryt><sln:gmNazwa>Krzęcin</sln:gmNazwa><sln:miejscIIPId>bb14c526-b2dd-4269-880d-fa505107b68a</sln:miejscIIPId><sln:miejscIIPPn>PL.PZGIK.200</sln:miejscIIPPn><sln:miejscIIPWersja>2017-04-03T14:00:14+02:00</sln:miejscIIPWersja><sln:miejscIdTeryt>0182403</sln:miejscIdTeryt><sln:miejscNazwa>Krzęcin</sln:miejscNazwa><sln:miejscRodzaj>Wieś</sln:miejscRodzaj><sln:powIIPId>32d43ea6-09e7-4118-b8a8-dbab953ee72a</sln:powIIPId><sln:powIIPPn>PL.PZGIK.200</sln:powIIPPn><sln:powIIPWersja>2012-09-27T10:07:22+02:00</sln:powIIPWersja><sln:powIdTeryt>3202</sln:powIdTeryt><sln:powNazwa>choszczeński</sln:powNazwa><sln:ulIIPId>0d2ddec2-d4ea-478d-99dc-fb9ca6ab244f</sln:ulIIPId><sln:ulIIPPn>PL.PZGIK.200</sln:ulIIPPn><sln:ulIIPWersja>2017-04-03T14:00:15+02:00</sln:ulIIPWersja><sln:ulIdTeryt>23240</sln:ulIdTeryt><sln:ulNazwaGlowna>Tylna</sln:ulNazwaGlowna><sln:ulTyp>ulica</sln:ulTyp><sln:waznyOd>2011-03-22T00:00:00+01:00</sln:waznyOd><sln:wojIIPId>c3f2202a-b491-49c5-a3af-d581108d939a</sln:wojIIPId><sln:wojIIPPn>PL.PZGIK.200</sln:wojIIPPn><sln:wojIIPWersja>2017-10-10T00:00:00+02:00</sln:wojIIPWersja><sln:wojIdTeryt>32</sln:wojIdTeryt><sln:wojNazwa>zachodniopomorskie</sln:wojNazwa></sln:ulica><sln:ulica><sln:cyklZyciaOd>2017-04-03T00:00:00+02:00</sln:cyklZyciaOd><sln:gmIIPId>5a92ba1a-e078-439e-9109-b4634cbbc58d</sln:gmIIPId><sln:gmIIPPn>PL.PZGIK.200</sln:gmIIPPn><sln:gmIIPWersja>2012-09-26T22:33:42+02:00</sln:gmIIPWersja><sln:gmIdTeryt>3202042</sln:gmIdTeryt><sln:gmNazwa>Krzęcin</sln:gmNazwa><sln:miejscIIPId>dcd56d95-bcd5-4d72-819f-0ee2f060c19b</sln:miejscIIPId><sln:miejscIIPPn>PL.PZGIK.200</sln:miejscIIPPn><sln:miejscIIPWersja>2017-04-03T14:00:06+02:00</sln:miejscIIPWersja><sln:miejscIdTeryt>0182308</sln:miejscIdTeryt><sln:miejscNazwa>Chłopowo</sln:miejscNazwa><sln:miejscRodzaj>Wieś</sln:miejscRodzaj><sln:powIIPId>32d43ea6-09e7-4118-b8a8-dbab953ee72a</sln:powIIPId><sln:powIIPPn>PL.PZGIK.200</sln:powIIPPn><sln:powIIPWersja>2012-09-27T10:07:22+02:00</sln:powIIPWersja><sln:powIdTeryt>3202</sln:powIdTeryt><sln:powNazwa>choszczeński</sln:powNazwa><sln:ulIIPId>7392d466-7f5e-4921-995f-ce6f77fbad9c</sln:ulIIPId><sln:ulIIPPn>PL.PZGIK.200</sln:ulIIPPn><sln:ulIIPWersja>2017-04-03T14:00:15+02:00</sln:ulIIPWersja><sln:ulIdTeryt>05635</sln:ulIdTeryt><sln:ulNazwaGlowna>Główna</sln:ulNazwaGlowna><sln:ulTyp>ulica</sln:ulTyp><sln:waznyOd>2011-03-22T00:00:00+01:00</sln:waznyOd><sln:wojIIPId>c3f2202a-b491-49c5-a3af-d581108d939a</sln:wojIIPId><sln:wojIIPPn>PL.PZGIK.200</sln:wojIIPPn><sln:wojIIPWersja>2017-10-10T00:00:00+02:00</sln:wojIIPWersja><sln:wojIdTeryt>32</sln:wojIdTeryt><sln:wojNazwa>zachodniopomorskie</sln:wojNazwa></sln:ulica><sln:ulica><sln:cyklZyciaOd>2017-04-03T00:00:00+02:00</sln:cyklZyciaOd><sln:gmIIPId>5a92ba1a-e078-439e-9109-b4634cbbc58d</sln:gmIIPId><sln:gmIIPPn>PL.PZGIK.200</sln:gmIIPPn><sln:gmIIPWersja>2012-09-26T22:33:42+02:00</sln:gmIIPWersja><sln:gmIdTeryt>3202042</sln:gmIdTeryt><sln:gmNazwa>Krzęcin</sln:gmNazwa><sln:miejscIIPId>dcd56d95-bcd5-4d72-819f-0ee2f060c19b</sln:miejscIIPId><sln:miejscIIPPn>PL.PZGIK.200</sln:miejscIIPPn><sln:miejscIIPWersja>2017-04-03T14:00:06+02:00</sln:miejscIIPWersja><sln:miejscIdTeryt>0182308</sln:miejscIdTeryt><sln:miejscNazwa>Chłopowo</sln:miejscNazwa><sln:miejscRodzaj>Wieś</sln:miejscRodzaj><sln:powIIPId>32d43ea6-09e7-4118-b8a8-dbab953ee72a</sln:powIIPId><sln:powIIPPn>PL.PZGIK.200</sln:powIIPPn><sln:powIIPWersja>2012-09-27T10:07:22+02:00</sln:powIIPWersja><sln:powIdTeryt>3202</sln:powIdTeryt><sln:powNazwa>choszczeński</sln:powNazwa><sln:ulIIPId>ccf10836-51cb-4738-82a1-eec589517050</sln:ulIIPId><sln:ulIIPPn>PL.PZGIK.200</sln:ulIIPPn><sln:ulIIPWersja>2017-04-03T14:00:15+02:00</sln:ulIIPWersja><sln:ulIdTeryt>24550</sln:ulIdTeryt><sln:ulNazwaGlowna>Wodna</sln:ulNazwaGlowna><sln:ulTyp>ulica</sln:ulTyp><sln:waznyOd>2011-03-22T00:00:00+01:00</sln:waznyOd><sln:wojIIPId>c3f2202a-b491-49c5-a3af-d581108d939a</sln:wojIIPId><sln:wojIIPPn>PL.PZGIK.200</sln:wojIIPPn><sln:wojIIPWersja>2017-10-10T00:00:00+02:00</sln:wojIIPWersja><sln:wojIdTeryt>32</sln:wojIdTeryt><sln:wojNazwa>zachodniopomorskie</sln:wojNazwa></sln:ulica><sln:ulica><sln:cyklZyciaOd>2017-04-03T00:00:00+02:00</sln:cyklZyciaOd><sln:gmIIPId>5a92ba1a-e078-439e-9109-b4634cbbc58d</sln:gmIIPId><sln:gmIIPPn>PL.PZGIK.200</sln:gmIIPPn><sln:gmIIPWersja>2012-09-26T22:33:42+02:00</sln:gmIIPWersja><sln:gmIdTeryt>3202042</sln:gmIdTeryt><sln:gmNazwa>Krzęcin</sln:gmNazwa><sln:miejscIIPId>dcd56d95-bcd5-4d72-819f-0ee2f060c19b</sln:miejscIIPId><sln:miejscIIPPn>PL.PZGIK.200</sln:miejscIIPPn><sln:miejscIIPWersja>2017-04-03T14:00:06+02:00</sln:miejscIIPWersja><sln:miejscIdTeryt>0182308</sln:miejscIdTeryt><sln:miejscNazwa>Chłopowo</sln:miejscNazwa><sln:miejscRodzaj>Wieś</sln:miejscRodzaj><sln:powIIPId>32d43ea6-09e7-4118-b8a8-dbab953ee72a</sln:powIIPId><sln:powIIPPn>PL.PZGIK.200</sln:powIIPPn><sln:powIIPWersja>2012-09-27T10:07:22+02:00</sln:powIIPWersja><sln:powIdTeryt>3202</sln:powIdTeryt><sln:powNazwa>choszczeński</sln:powNazwa><sln:ulIIPId>c270b71f-d43c-41db-9ad6-94508aef2e14</sln:ulIIPId><sln:ulIIPPn>PL.PZGIK.200</sln:ulIIPPn><sln:ulIIPWersja>2017-04-03T14:00:15+02:00</sln:ulIIPWersja><sln:ulIdTeryt>14330</sln:ulIdTeryt><sln:ulNazwaGlowna>Nowa</sln:ulNazwaGlowna><sln:ulTyp>ulica</sln:ulTyp><sln:wojIIPId>c3f2202a-b491-49c5-a3af-d581108d939a</sln:wojIIPId><sln:wojIIPPn>PL.PZGIK.200</sln:wojIIPPn><sln:wojIIPWersja>2017-10-10T00:00:00+02:00</sln:wojIIPWersja><sln:wojIdTeryt>32</sln:wojIdTeryt><sln:wojNazwa>zachodniopomorskie</sln:wojNazwa></sln:ulica><sln:ulica><sln:cyklZyciaOd>2017-04-03T00:00:00+02:00</sln:cyklZyciaOd><sln:gmIIPId>5a92ba1a-e078-439e-9109-b4634cbbc58d</sln:gmIIPId><sln:gmIIPPn>PL.PZGIK.200</sln:gmIIPPn><sln:gmIIPWersja>2012-09-26T22:33:42+02:00</sln:gmIIPWersja><sln:gmIdTeryt>3202042</sln:gmIdTeryt><sln:gmNazwa>Krzęcin</sln:gmNazwa><sln:miejscIIPId>09263f32-5e1f-4881-9dea-54d5ee6529ec</sln:miejscIIPId><sln:miejscIIPPn>PL.PZGIK.200</sln:miejscIIPPn><sln:miejscIIPWersja>2017-04-03T14:00:13+02:00</sln:miejscIIPWersja><sln:miejscIdTeryt>0182350</sln:miejscIdTeryt><sln:miejscNazwa>Granowo</sln:miejscNazwa><sln:miejscRodzaj>Wieś</sln:miejscRodzaj><sln:powIIPId>32d43ea6-09e7-4118-b8a8-dbab953ee72a</sln:powIIPId><sln:powIIPPn>PL.PZGIK.200</sln:powIIPPn><sln:powIIPWersja>2012-09-27T10:07:22+02:00</sln:powIIPWersja><sln:powIdTeryt>3202</sln:powIdTeryt><sln:powNazwa>choszczeński</sln:powNazwa><sln:ulIIPId>90d0098c-8c3f-4f98-b553-02927e9a74fd</sln:ulIIPId><sln:ulIIPPn>PL.PZGIK.200</sln:ulIIPPn><sln:ulIIPWersja>2017-04-03T14:00:15+02:00</sln:ulIIPWersja><sln:ulIdTeryt>01528</sln:ulIdTeryt><sln:ulNazwaGlowna>Boczna</sln:ulNazwaGlowna><sln:ulTyp>ulica</sln:ulTyp><sln:waznyOd>2011-03-22T00:00:00+01:00</sln:waznyOd><sln:wojIIPId>c3f2202a-b491-49c5-a3af-d581108d939a</sln:wojIIPId><sln:wojIIPPn>PL.PZGIK.200</sln:wojIIPPn><sln:wojIIPWersja>2017-10-10T00:00:00+02:00</sln:wojIIPWersja><sln:wojIdTeryt>32</sln:wojIdTeryt><sln:wojNazwa>zachodniopomorskie</sln:wojNazwa></sln:ulica><sln:ulica><sln:cyklZyciaDo>2017-07-31T00:00:00+02:00</sln:cyklZyciaDo><sln:cyklZyciaOd>2017-04-03T00:00:00+02:00</sln:cyklZyciaOd><sln:gmIIPId>5a92ba1a-e078-439e-9109-b4634cbbc58d</sln:gmIIPId><sln:gmIIPPn>PL.PZGIK.200</sln:gmIIPPn><sln:gmIIPWersja>2012-09-26T22:33:42+02:00</sln:gmIIPWersja><sln:gmIdTeryt>3202042</sln:gmIdTeryt><sln:gmNazwa>Krzęcin</sln:gmNazwa><sln:miejscIIPId>bb14c526-b2dd-4269-880d-fa505107b68a</sln:miejscIIPId><sln:miejscIIPPn>PL.PZGIK.200</sln:miejscIIPPn><sln:miejscIIPWersja>2017-04-03T14:00:14+02:00</sln:miejscIIPWersja><sln:miejscIdTeryt>0182403</sln:miejscIdTeryt><sln:miejscNazwa>Krzęcin</sln:miejscNazwa><sln:miejscRodzaj>Wieś</sln:miejscRodzaj><sln:powIIPId>32d43ea6-09e7-4118-b8a8-dbab953ee72a</sln:powIIPId><sln:powIIPPn>PL.PZGIK.200</sln:powIIPPn><sln:powIIPWersja>2012-09-27T10:07:22+02:00</sln:powIIPWersja><sln:powIdTeryt>3202</sln:powIdTeryt><sln:powNazwa>choszczeński</sln:powNazwa><sln:ulIIPId>335da5d6-87d0-4557-8502-96b397ad5fbd</sln:ulIIPId><sln:ulIIPPn>PL.PZGIK.200</sln:ulIIPPn><sln:ulIIPWersja>2017-04-03T14:00:16+02:00</sln:ulIIPWersja><sln:ulIdTeryt>20677</sln:ulIdTeryt><sln:ulNazwaGlowna>Spokojna</sln:ulNazwaGlowna><sln:ulTyp>ulica</sln:ulTyp><sln:waznyOd>2011-03-22T00:00:00+01:00</sln:waznyOd><sln:wojIIPId>c3f2202a-b491-49c5-a3af-d581108d939a</sln:wojIIPId><sln:wojIIPPn>PL.PZGIK.200</sln:wojIIPPn><sln:wojIIPWersja>2017-10-10T00:00:00+02:00</sln:wojIIPWersja><sln:wojIdTeryt>32</sln:wojIdTeryt><sln:wojNazwa>zachodniopomorskie</sln:wojNazwa></sln:ulica><sln:ulica><sln:cyklZyciaOd>2017-04-03T00:00:00+02:00</sln:cyklZyciaOd><sln:gmIIPId>5a92ba1a-e078-439e-9109-b4634cbbc58d</sln:gmIIPId><sln:gmIIPPn>PL.PZGIK.200</sln:gmIIPPn><sln:gmIIPWersja>2012-09-26T22:33:42+02:00</sln:gmIIPWersja><sln:gmIdTeryt>3202042</sln:gmIdTeryt><sln:gmNazwa>Krzęcin</sln:gmNazwa><sln:miejscIIPId>dcd56d95-bcd5-4d72-819f-0ee2f060c19b</sln:miejscIIPId><sln:miejscIIPPn>PL.PZGIK.200</sln:miejscIIPPn><sln:miejscIIPWersja>2017-04-03T14:00:06+02:00</sln:miejscIIPWersja><sln:miejscIdTeryt>0182308</sln:miejscIdTeryt><sln:miejscNazwa>Chłopowo</sln:miejscNazwa><sln:miejscRodzaj>Wieś</sln:miejscRodzaj><sln:powIIPId>32d43ea6-09e7-4118-b8a8-dbab953ee72a</sln:powIIPId><sln:powIIPPn>PL.PZGIK.200</sln:powIIPPn><sln:powIIPWersja>2012-09-27T10:07:22+02:00</sln:powIIPWersja><sln:powIdTeryt>3202</sln:powIdTeryt><sln:powNazwa>choszczeński</sln:powNazwa><sln:ulIIPId>e0c935c4-11a4-45ce-ac2c-8b4cd9acac4d</sln:ulIIPId><sln:ulIIPPn>PL.PZGIK.200</sln:ulIIPPn><sln:ulIIPWersja>2017-04-03T14:00:16+02:00</sln:ulIIPWersja><sln:ulIdTeryt>11596</sln:ulIdTeryt><sln:ulNazwaGlowna>Łąkowa</sln:ulNazwaGlowna><sln:ulTyp>ulica</sln:ulTyp><sln:waznyOd>2011-03-22T00:00:00+01:00</sln:waznyOd><sln:wojIIPId>c3f2202a-b491-49c5-a3af-d581108d939a</sln:wojIIPId><sln:wojIIPPn>PL.PZGIK.200</sln:wojIIPPn><sln:wojIIPWersja>2017-10-10T00:00:00+02:00</sln:wojIIPWersja><sln:wojIdTeryt>32</sln:wojIdTeryt><sln:wojNazwa>zachodniopomorskie</sln:wojNazwa></sln:ulica><sln:ulica><sln:cyklZyciaDo>2017-07-31T00:00:00+02:00</sln:cyklZyciaDo><sln:cyklZyciaOd>2017-04-03T00:00:00+02:00</sln:cyklZyciaOd><sln:gmIIPId>5a92ba1a-e078-439e-9109-b4634cbbc58d</sln:gmIIPId><sln:gmIIPPn>PL.PZGIK.200</sln:gmIIPPn><sln:gmIIPWersja>2012-09-26T22:33:42+02:00</sln:gmIIPWersja><sln:gmIdTeryt>3202042</sln:gmIdTeryt><sln:gmNazwa>Krzęcin</sln:gmNazwa><sln:miejscIIPId>bb14c526-b2dd-4269-880d-fa505107b68a</sln:miejscIIPId><sln:miejscIIPPn>PL.PZGIK.200</sln:miejscIIPPn><sln:miejscIIPWersja>2017-04-03T14:00:14+02:00</sln:miejscIIPWersja><sln:miejscIdTeryt>0182403</sln:miejscIdTeryt><sln:miejscNazwa>Krzęcin</sln:miejscNazwa><sln:miejscRodzaj>Wieś</sln:miejscRodzaj><sln:powIIPId>32d43ea6-09e7-4118-b8a8-dbab953ee72a</sln:powIIPId><sln:powIIPPn>PL.PZGIK.200</sln:powIIPPn><sln:powIIPWersja>2012-09-27T10:07:22+02:00</sln:powIIPWersja><sln:powIdTeryt>3202</sln:powIdTeryt><sln:powNazwa>choszczeński</sln:powNazwa><sln:ulIIPId>4c79c1e9-0ca3-4cae-82e0-2cd33942fc9e</sln:ulIIPId><sln:ulIIPPn>PL.PZGIK.200</sln:ulIIPPn><sln:ulIIPWersja>2017-04-03T14:00:16+02:00</sln:ulIIPWersja><sln:ulIdTeryt>16579</sln:ulIdTeryt><sln:ulNazwaGlowna>Pocztowa</sln:ulNazwaGlowna><sln:ulTyp>ulica</sln:ulTyp><sln:waznyOd>2011-03-22T00:00:00+01:00</sln:waznyOd><sln:wojIIPId>c3f2202a-b491-49c5-a3af-d581108d939a</sln:wojIIPId><sln:wojIIPPn>PL.PZGIK.200</sln:wojIIPPn><sln:wojIIPWersja>2017-10-10T00:00:00+02:00</sln:wojIIPWersja><sln:wojIdTeryt>32</sln:wojIdTeryt><sln:wojNazwa>zachodniopomorskie</sln:wojNazwa></sln:ulica><sln:ulica><sln:cyklZyciaDo>2017-07-31T00:00:00+02:00</sln:cyklZyciaDo><sln:cyklZyciaOd>2017-04-03T00:00:00+02:00</sln:cyklZyciaOd><sln:gmIIPId>5a92ba1a-e078-439e-9109-b4634cbbc58d</sln:gmIIPId><sln:gmIIPPn>PL.PZGIK.200</sln:gmIIPPn><sln:gmIIPWersja>2012-09-26T22:33:42+02:00</sln:gmIIPWersja><sln:gmIdTeryt>3202042</sln:gmIdTeryt><sln:gmNazwa>Krzęcin</sln:gmNazwa><sln:miejscIIPId>bb14c526-b2dd-4269-880d-fa505107b68a</sln:miejscIIPId><sln:miejscIIPPn>PL.PZGIK.200</sln:miejscIIPPn><sln:miejscIIPWersja>2017-04-03T14:00:14+02:00</sln:miejscIIPWersja><sln:miejscIdTeryt>0182403</sln:miejscIdTeryt><sln:miejscNazwa>Krzęcin</sln:miejscNazwa><sln:miejscRodzaj>Wieś</sln:miejscRodzaj><sln:powIIPId>32d43ea6-09e7-4118-b8a8-dbab953ee72a</sln:powIIPId><sln:powIIPPn>PL.PZGIK.200</sln:powIIPPn><sln:powIIPWersja>2012-09-27T10:07:22+02:00</sln:powIIPWersja><sln:powIdTeryt>3202</sln:powIdTeryt><sln:powNazwa>choszczeński</sln:powNazwa><sln:ulIIPId>7dc8d469-e7eb-4a65-a8f9-ccacd1384daf</sln:ulIIPId><sln:ulIIPPn>PL.PZGIK.200</sln:ulIIPPn><sln:ulIIPWersja>2017-04-03T14:00:16+02:00</sln:ulIIPWersja><sln:ulIdTeryt>07535</sln:ulIdTeryt><sln:ulNazwaGlowna>Jeziorna</sln:ulNazwaGlowna><sln:ulTyp>ulica</sln:ulTyp><sln:waznyOd>2011-03-22T00:00:00+01:00</sln:waznyOd><sln:wojIIPId>c3f2202a-b491-49c5-a3af-d581108d939a</sln:wojIIPId><sln:wojIIPPn>PL.PZGIK.200</sln:wojIIPPn><sln:wojIIPWersja>2017-10-10T00:00:00+02:00</sln:wojIIPWersja><sln:wojIdTeryt>32</sln:wojIdTeryt><sln:wojNazwa>zachodniopomorskie</sln:wojNazwa></sln:ulica><sln:ulica><sln:cyklZyciaOd>2017-04-03T00:00:00+02:00</sln:cyklZyciaOd><sln:gmIIPId>5a92ba1a-e078-439e-9109-b4634cbbc58d</sln:gmIIPId><sln:gmIIPPn>PL.PZGIK.200</sln:gmIIPPn><sln:gmIIPWersja>2012-09-26T22:33:42+02:00</sln:gmIIPWersja><sln:gmIdTeryt>3202042</sln:gmIdTeryt><sln:gmNazwa>Krzęcin</sln:gmNazwa><sln:miejscIIPId>09263f32-5e1f-4881-9dea-54d5ee6529ec</sln:miejscIIPId><sln:miejscIIPPn>PL.PZGIK.200</sln:miejscIIPPn><sln:miejscIIPWersja>2017-04-03T14:00:13+02:00</sln:miejscIIPWersja><sln:miejscIdTeryt>0182350</sln:miejscIdTeryt><sln:miejscNazwa>Granowo</sln:miejscNazwa><sln:miejscRodzaj>Wieś</sln:miejscRodzaj><sln:powIIPId>32d43ea6-09e7-4118-b8a8-dbab953ee72a</sln:powIIPId><sln:powIIPPn>PL.PZGIK.200</sln:powIIPPn><sln:powIIPWersja>2012-09-27T10:07:22+02:00</sln:powIIPWersja><sln:powIdTeryt>3202</sln:powIdTeryt><sln:powNazwa>choszczeński</sln:powNazwa><sln:ulIIPId>a1994f7a-80f6-460a-a1ec-444429222faf</sln:ulIIPId><sln:ulIIPPn>PL.PZGIK.200</sln:ulIIPPn><sln:ulIIPWersja>2017-04-03T14:00:16+02:00</sln:ulIIPWersja><sln:ulIdTeryt>21925</sln:ulIdTeryt><sln:ulNazwaGlowna>Szeroka</sln:ulNazwaGlowna><sln:ulTyp>ulica</sln:ulTyp><sln:waznyOd>2011-03-22T00:00:00+01:00</sln:waznyOd><sln:wojIIPId>c3f2202a-b491-49c5-a3af-d581108d939a</sln:wojIIPId><sln:wojIIPPn>PL.PZGIK.200</sln:wojIIPPn><sln:wojIIPWersja>2017-10-10T00:00:00+02:00</sln:wojIIPWersja><sln:wojIdTeryt>32</sln:wojIdTeryt><sln:wojNazwa>zachodniopomorskie</sln:wojNazwa></sln:ulica><sln:ulica><sln:cyklZyciaOd>2017-04-03T00:00:00+02:00</sln:cyklZyciaOd><sln:gmIIPId>5a92ba1a-e078-439e-9109-b4634cbbc58d</sln:gmIIPId><sln:gmIIPPn>PL.PZGIK.200</sln:gmIIPPn><sln:gmIIPWersja>2012-09-26T22:33:42+02:00</sln:gmIIPWersja><sln:gmIdTeryt>3202042</sln:gmIdTeryt><sln:gmNazwa>Krzęcin</sln:gmNazwa><sln:miejscIIPId>09263f32-5e1f-4881-9dea-54d5ee6529ec</sln:miejscIIPId><sln:miejscIIPPn>PL.PZGIK.200</sln:miejscIIPPn><sln:miejscIIPWersja>2017-04-03T14:00:13+02:00</sln:miejscIIPWersja><sln:miejscIdTeryt>0182350</sln:miejscIdTeryt><sln:miejscNazwa>Granowo</sln:miejscNazwa><sln:miejscRodzaj>Wieś</sln:miejscRodzaj><sln:powIIPId>32d43ea6-09e7-4118-b8a8-dbab953ee72a</sln:powIIPId><sln:powIIPPn>PL.PZGIK.200</sln:powIIPPn><sln:powIIPWersja>2012-09-27T10:07:22+02:00</sln:powIIPWersja><sln:powIdTeryt>3202</sln:powIdTeryt><sln:powNazwa>choszczeński</sln:powNazwa><sln:ulIIPId>96d71440-81a3-4d03-b705-3feeb958f609</sln:ulIIPId><sln:ulIIPPn>PL.PZGIK.200</sln:ulIIPPn><sln:ulIIPWersja>2017-04-03T14:00:16+02:00</sln:ulIIPWersja><sln:ulIdTeryt>25449</sln:ulIdTeryt><sln:ulNazwaGlowna>Zakładowa</sln:ulNazwaGlowna><sln:ulTyp>ulica</sln:ulTyp><sln:waznyOd>2011-03-22T00:00:00+01:00</sln:waznyOd><sln:wojIIPId>c3f2202a-b491-49c5-a3af-d581108d939a</sln:wojIIPId><sln:wojIIPPn>PL.PZGIK.200</sln:wojIIPPn><sln:wojIIPWersja>2017-10-10T00:00:00+02:00</sln:wojIIPWersja><sln:wojIdTeryt>32</sln:wojIdTeryt><sln:wojNazwa>zachodniopomorskie</sln:wojNazwa></sln:ulica><sln:ulica><sln:cyklZyciaDo>2017-07-31T00:00:00+02:00</sln:cyklZyciaDo><sln:cyklZyciaOd>2017-04-03T00:00:00+02:00</sln:cyklZyciaOd><sln:gmIIPId>5a92ba1a-e078-439e-9109-b4634cbbc58d</sln:gmIIPId><sln:gmIIPPn>PL.PZGIK.200</sln:gmIIPPn><sln:gmIIPWersja>2012-09-26T22:33:42+02:00</sln:gmIIPWersja><sln:gmIdTeryt>3202042</sln:gmIdTeryt><sln:gmNazwa>Krzęcin</sln:gmNazwa><sln:miejscIIPId>bb14c526-b2dd-4269-880d-fa505107b68a</sln:miejscIIPId><sln:miejscIIPPn>PL.PZGIK.200</sln:miejscIIPPn><sln:miejscIIPWersja>2017-04-03T14:00:14+02:00</sln:miejscIIPWersja><sln:miejscIdTeryt>0182403</sln:miejscIdTeryt><sln:miejscNazwa>Krzęcin</sln:miejscNazwa><sln:miejscRodzaj>Wieś</sln:miejscRodzaj><sln:powIIPId>32d43ea6-09e7-4118-b8a8-dbab953ee72a</sln:powIIPId><sln:powIIPPn>PL.PZGIK.200</sln:powIIPPn><sln:powIIPWersja>2012-09-27T10:07:22+02:00</sln:powIIPWersja><sln:powIdTeryt>3202</sln:powIdTeryt><sln:powNazwa>choszczeński</sln:powNazwa><sln:ulIIPId>ff506b37-e32e-4171-bb04-78f15b9f1b58</sln:ulIIPId><sln:ulIIPPn>PL.PZGIK.200</sln:ulIIPPn><sln:ulIIPWersja>2017-04-03T14:00:16+02:00</sln:ulIIPWersja><sln:ulIdTeryt>16900</sln:ulIdTeryt><sln:ulNazwaGlowna>Pogodna</sln:ulNazwaGlowna><sln:ulTyp>ulica</sln:ulTyp><sln:waznyOd>2011-03-22T00:00:00+01:00</sln:waznyOd><sln:wojIIPId>c3f2202a-b491-49c5-a3af-d581108d939a</sln:wojIIPId><sln:wojIIPPn>PL.PZGIK.200</sln:wojIIPPn><sln:wojIIPWersja>2017-10-10T00:00:00+02:00</sln:wojIIPWersja><sln:wojIdTeryt>32</sln:wojIdTeryt><sln:wojNazwa>zachodniopomorskie</sln:wojNazwa></sln:ulica><sln:ulica><sln:cyklZyciaDo>2017-07-31T00:00:00+02:00</sln:cyklZyciaDo><sln:cyklZyciaOd>2017-04-03T00:00:00+02:00</sln:cyklZyciaOd><sln:gmIIPId>5a92ba1a-e078-439e-9109-b4634cbbc58d</sln:gmIIPId><sln:gmIIPPn>PL.PZGIK.200</sln:gmIIPPn><sln:gmIIPWersja>2012-09-26T22:33:42+02:00</sln:gmIIPWersja><sln:gmIdTeryt>3202042</sln:gmIdTeryt><sln:gmNazwa>Krzęcin</sln:gmNazwa><sln:miejscIIPId>bb14c526-b2dd-4269-880d-fa505107b68a</sln:miejscIIPId><sln:miejscIIPPn>PL.PZGIK.200</sln:miejscIIPPn><sln:miejscIIPWersja>2017-04-03T14:00:14+02:00</sln:miejscIIPWersja><sln:miejscIdTeryt>0182403</sln:miejscIdTeryt><sln:miejscNazwa>Krzęcin</sln:miejscNazwa><sln:miejscRodzaj>Wieś</sln:miejscRodzaj><sln:powIIPId>32d43ea6-09e7-4118-b8a8-dbab953ee72a</sln:powIIPId><sln:powIIPPn>PL.PZGIK.200</sln:powIIPPn><sln:powIIPWersja>2012-09-27T10:07:22+02:00</sln:powIIPWersja><sln:powIdTeryt>3202</sln:powIdTeryt><sln:powNazwa>choszczeński</sln:powNazwa><sln:ulIIPId>c4785ffc-8391-461c-b8bd-1d5b82952532</sln:ulIIPId><sln:ulIIPPn>PL.PZGIK.200</sln:ulIIPPn><sln:ulIIPWersja>2017-04-03T14:00:16+02:00</sln:ulIIPWersja><sln:ulIdTeryt>17011</sln:ulIdTeryt><sln:ulNazwaGlowna>Polna</sln:ulNazwaGlowna><sln:ulTyp>ulica</sln:ulTyp><sln:waznyOd>2011-03-22T00:00:00+01:00</sln:waznyOd><sln:wojIIPId>c3f2202a-b491-49c5-a3af-d581108d939a</sln:wojIIPId><sln:wojIIPPn>PL.PZGIK.200</sln:wojIIPPn><sln:wojIIPWersja>2017-10-10T00:00:00+02:00</sln:wojIIPWersja><sln:wojIdTeryt>32</sln:wojIdTeryt><sln:wojNazwa>zachodniopomorskie</sln:wojNazwa></sln:ulica><sln:ulica><sln:cyklZyciaDo>2017-07-31T00:00:00+02:00</sln:cyklZyciaDo><sln:cyklZyciaOd>2017-04-03T00:00:00+02:00</sln:cyklZyciaOd><sln:gmIIPId>5a92ba1a-e078-439e-9109-b4634cbbc58d</sln:gmIIPId><sln:gmIIPPn>PL.PZGIK.200</sln:gmIIPPn><sln:gmIIPWersja>2012-09-26T22:33:42+02:00</sln:gmIIPWersja><sln:gmIdTeryt>3202042</sln:gmIdTeryt><sln:gmNazwa>Krzęcin</sln:gmNazwa><sln:miejscIIPId>bb14c526-b2dd-4269-880d-fa505107b68a</sln:miejscIIPId><sln:miejscIIPPn>PL.PZGIK.200</sln:miejscIIPPn><sln:miejscIIPWersja>2017-04-03T14:00:14+02:00</sln:miejscIIPWersja><sln:miejscIdTeryt>0182403</sln:miejscIdTeryt><sln:miejscNazwa>Krzęcin</sln:miejscNazwa><sln:miejscRodzaj>Wieś</sln:miejscRodzaj><sln:powIIPId>32d43ea6-09e7-4118-b8a8-dbab953ee72a</sln:powIIPId><sln:powIIPPn>PL.PZGIK.200</sln:powIIPPn><sln:powIIPWersja>2012-09-27T10:07:22+02:00</sln:powIIPWersja><sln:powIdTeryt>3202</sln:powIdTeryt><sln:powNazwa>choszczeński</sln:powNazwa><sln:ulIIPId>6ff48b30-5c26-4ada-aecd-a26321359408</sln:ulIIPId><sln:ulIIPPn>PL.PZGIK.200</sln:ulIIPPn><sln:ulIIPWersja>2017-04-03T14:00:16+02:00</sln:ulIIPWersja><sln:ulIdTeryt>20254</sln:ulIdTeryt><sln:ulNazwaGlowna>Słoneczna</sln:ulNazwaGlowna><sln:ulTyp>ulica</sln:ulTyp><sln:waznyOd>2011-03-22T00:00:00+01:00</sln:waznyOd><sln:wojIIPId>c3f2202a-b491-49c5-a3af-d581108d939a</sln:wojIIPId><sln:wojIIPPn>PL.PZGIK.200</sln:wojIIPPn><sln:wojIIPWersja>2017-10-10T00:00:00+02:00</sln:wojIIPWersja><sln:wojIdTeryt>32</sln:wojIdTeryt><sln:wojNazwa>zachodniopomorskie</sln:wojNazwa></sln:ulica><sln:ulica><sln:cyklZyciaOd>2017-04-03T00:00:00+02:00</sln:cyklZyciaOd><sln:gmIIPId>5a92ba1a-e078-439e-9109-b4634cbbc58d</sln:gmIIPId><sln:gmIIPPn>PL.PZGIK.200</sln:gmIIPPn><sln:gmIIPWersja>2012-09-26T22:33:42+02:00</sln:gmIIPWersja><sln:gmIdTeryt>3202042</sln:gmIdTeryt><sln:gmNazwa>Krzęcin</sln:gmNazwa><sln:miejscIIPId>09263f32-5e1f-4881-9dea-54d5ee6529ec</sln:miejscIIPId><sln:miejscIIPPn>PL.PZGIK.200</sln:miejscIIPPn><sln:miejscIIPWersja>2017-04-03T14:00:13+02:00</sln:miejscIIPWersja><sln:miejscIdTeryt>0182350</sln:miejscIdTeryt><sln:miejscNazwa>Granowo</sln:miejscNazwa><sln:miejscRodzaj>Wieś</sln:miejscRodzaj><sln:powIIPId>32d43ea6-09e7-4118-b8a8-dbab953ee72a</sln:powIIPId><sln:powIIPPn>PL.PZGIK.200</sln:powIIPPn><sln:powIIPWersja>2012-09-27T10:07:22+02:00</sln:powIIPWersja><sln:powIdTeryt>3202</sln:powIdTeryt><sln:powNazwa>choszczeński</sln:powNazwa><sln:ulIIPId>9c9c72f5-5bbe-4a51-b543-1af2779a79bb</sln:ulIIPId><sln:ulIIPPn>PL.PZGIK.200</sln:ulIIPPn><sln:ulIIPWersja>2017-04-03T14:00:16+02:00</sln:ulIIPWersja><sln:ulIdTeryt>23884</sln:ulIdTeryt><sln:ulNazwaGlowna>Wesoła</sln:ulNazwaGlowna><sln:ulTyp>ulica</sln:ulTyp><sln:waznyOd>2011-03-22T00:00:00+01:00</sln:waznyOd><sln:wojIIPId>c3f2202a-b491-49c5-a3af-d581108d939a</sln:wojIIPId><sln:wojIIPPn>PL.PZGIK.200</sln:wojIIPPn><sln:wojIIPWersja>2017-10-10T00:00:00+02:00</sln:wojIIPWersja><sln:wojIdTeryt>32</sln:wojIdTeryt><sln:wojNazwa>zachodniopomorskie</sln:wojNazwa></sln:ulica><sln:ulica><sln:cyklZyciaDo>2017-07-31T00:00:00+02:00</sln:cyklZyciaDo><sln:cyklZyciaOd>2017-04-03T00:00:00+02:00</sln:cyklZyciaOd><sln:gmIIPId>5a92ba1a-e078-439e-9109-b4634cbbc58d</sln:gmIIPId><sln:gmIIPPn>PL.PZGIK.200</sln:gmIIPPn><sln:gmIIPWersja>2012-09-26T22:33:42+02:00</sln:gmIIPWersja><sln:gmIdTeryt>3202042</sln:gmIdTeryt><sln:gmNazwa>Krzęcin</sln:gmNazwa><sln:miejscIIPId>bb14c526-b2dd-4269-880d-fa505107b68a</sln:miejscIIPId><sln:miejscIIPPn>PL.PZGIK.200</sln:miejscIIPPn><sln:miejscIIPWersja>2017-04-03T14:00:14+02:00</sln:miejscIIPWersja><sln:miejscIdTeryt>0182403</sln:miejscIdTeryt><sln:miejscNazwa>Krzęcin</sln:miejscNazwa><sln:miejscRodzaj>Wieś</sln:miejscRodzaj><sln:powIIPId>32d43ea6-09e7-4118-b8a8-dbab953ee72a</sln:powIIPId><sln:powIIPPn>PL.PZGIK.200</sln:powIIPPn><sln:powIIPWersja>2012-09-27T10:07:22+02:00</sln:powIIPWersja><sln:powIdTeryt>3202</sln:powIdTeryt><sln:powNazwa>choszczeński</sln:powNazwa><sln:ulIIPId>4c7e28dc-e5bd-4e21-bcd0-ff956df6b0d0</sln:ulIIPId><sln:ulIIPPn>PL.PZGIK.200</sln:ulIIPPn><sln:ulIIPWersja>2017-04-03T14:00:16+02:00</sln:ulIIPWersja><sln:ulIdTeryt>10562</sln:ulIdTeryt><sln:ulNazwaGlowna>Kwiatowa</sln:ulNazwaGlowna><sln:ulTyp>ulica</sln:ulTyp><sln:waznyOd>2011-03-22T00:00:00+01:00</sln:waznyOd><sln:wojIIPId>c3f2202a-b491-49c5-a3af-d581108d939a</sln:wojIIPId><sln:wojIIPPn>PL.PZGIK.200</sln:wojIIPPn><sln:wojIIPWersja>2017-10-10T00:00:00+02:00</sln:wojIIPWersja><sln:wojIdTeryt>32</sln:wojIdTeryt><sln:wojNazwa>zachodniopomorskie</sln:wojNazwa></sln:ulica><sln:ulica><sln:cyklZyciaDo>2017-07-31T00:00:00+02:00</sln:cyklZyciaDo><sln:cyklZyciaOd>2017-04-03T00:00:00+02:00</sln:cyklZyciaOd><sln:gmIIPId>5a92ba1a-e078-439e-9109-b4634cbbc58d</sln:gmIIPId><sln:gmIIPPn>PL.PZGIK.200</sln:gmIIPPn><sln:gmIIPWersja>2012-09-26T22:33:42+02:00</sln:gmIIPWersja><sln:gmIdTeryt>3202042</sln:gmIdTeryt><sln:gmNazwa>Krzęcin</sln:gmNazwa><sln:miejscIIPId>bb14c526-b2dd-4269-880d-fa505107b68a</sln:miejscIIPId><sln:miejscIIPPn>PL.PZGIK.200</sln:miejscIIPPn><sln:miejscIIPWersja>2017-04-03T14:00:14+02:00</sln:miejscIIPWersja><sln:miejscIdTeryt>0182403</sln:miejscIdTeryt><sln:miejscNazwa>Krzęcin</sln:miejscNazwa><sln:miejscRodzaj>Wieś</sln:miejscRodzaj><sln:powIIPId>32d43ea6-09e7-4118-b8a8-dbab953ee72a</sln:powIIPId><sln:powIIPPn>PL.PZGIK.200</sln:powIIPPn><sln:powIIPWersja>2012-09-27T10:07:22+02:00</sln:powIIPWersja><sln:powIdTeryt>3202</sln:powIdTeryt><sln:powNazwa>choszczeński</sln:powNazwa><sln:ulIIPId>0353d6b1-e5cc-40ad-82d9-e3b2f0c8776a</sln:ulIIPId><sln:ulIIPPn>PL.PZGIK.200</sln:ulIIPPn><sln:ulIIPWersja>2017-04-03T14:00:16+02:00</sln:ulIIPWersja><sln:ulIdTeryt>12991</sln:ulIdTeryt><sln:ulNazwaGlowna>Miodowa</sln:ulNazwaGlowna><sln:ulTyp>ulica</sln:ulTyp><sln:waznyOd>2011-03-22T00:00:00+01:00</sln:waznyOd><sln:wojIIPId>c3f2202a-b491-49c5-a3af-d581108d939a</sln:wojIIPId><sln:wojIIPPn>PL.PZGIK.200</sln:wojIIPPn><sln:wojIIPWersja>2017-10-10T00:00:00+02:00</sln:wojIIPWersja><sln:wojIdTeryt>32</sln:wojIdTeryt><sln:wojNazwa>zachodniopomorskie</sln:wojNazwa></sln:ulica><sln:ulica><sln:cyklZyciaOd>2017-04-03T00:00:00+02:00</sln:cyklZyciaOd><sln:gmIIPId>5a92ba1a-e078-439e-9109-b4634cbbc58d</sln:gmIIPId><sln:gmIIPPn>PL.PZGIK.200</sln:gmIIPPn><sln:gmIIPWersja>2012-09-26T22:33:42+02:00</sln:gmIIPWersja><sln:gmIdTeryt>3202042</sln:gmIdTeryt><sln:gmNazwa>Krzęcin</sln:gmNazwa><sln:miejscIIPId>dcd56d95-bcd5-4d72-819f-0ee2f060c19b</sln:miejscIIPId><sln:miejscIIPPn>PL.PZGIK.200</sln:miejscIIPPn><sln:miejscIIPWersja>2017-04-03T14:00:06+02:00</sln:miejscIIPWersja><sln:miejscIdTeryt>0182308</sln:miejscIdTeryt><sln:miejscNazwa>Chłopowo</sln:miejscNazwa><sln:miejscRodzaj>Wieś</sln:miejscRodzaj><sln:powIIPId>32d43ea6-09e7-4118-b8a8-dbab953ee72a</sln:powIIPId><sln:powIIPPn>PL.PZGIK.200</sln:powIIPPn><sln:powIIPWersja>2012-09-27T10:07:22+02:00</sln:powIIPWersja><sln:powIdTeryt>3202</sln:powIdTeryt><sln:powNazwa>choszczeński</sln:powNazwa><sln:ulIIPId>38d8969d-8d9c-4a3a-85e6-709356c50be7</sln:ulIIPId><sln:ulIIPPn>PL.PZGIK.200</sln:ulIIPPn><sln:ulIIPWersja>2017-04-03T14:00:16+02:00</sln:ulIIPWersja><sln:ulIdTeryt>02387</sln:ulIdTeryt><sln:ulNazwaGlowna>Bukowa</sln:ulNazwaGlowna><sln:ulTyp>ulica</sln:ulTyp><sln:waznyOd>2011-03-22T00:00:00+01:00</sln:waznyOd><sln:wojIIPId>c3f2202a-b491-49c5-a3af-d581108d939a</sln:wojIIPId><sln:wojIIPPn>PL.PZGIK.200</sln:wojIIPPn><sln:wojIIPWersja>2017-10-10T00:00:00+02:00</sln:wojIIPWersja><sln:wojIdTeryt>32</sln:wojIdTeryt><sln:wojNazwa>zachodniopomorskie</sln:wojNazwa></sln:ulica><sln:ulica><sln:cyklZyciaDo>2017-07-31T00:00:00+02:00</sln:cyklZyciaDo><sln:cyklZyciaOd>2017-04-03T00:00:00+02:00</sln:cyklZyciaOd><sln:gmIIPId>5a92ba1a-e078-439e-9109-b4634cbbc58d</sln:gmIIPId><sln:gmIIPPn>PL.PZGIK.200</sln:gmIIPPn><sln:gmIIPWersja>2012-09-26T22:33:42+02:00</sln:gmIIPWersja><sln:gmIdTeryt>3202042</sln:gmIdTeryt><sln:gmNazwa>Krzęcin</sln:gmNazwa><sln:miejscIIPId>bb14c526-b2dd-4269-880d-fa505107b68a</sln:miejscIIPId><sln:miejscIIPPn>PL.PZGIK.200</sln:miejscIIPPn><sln:miejscIIPWersja>2017-04-03T14:00:14+02:00</sln:miejscIIPWersja><sln:miejscIdTeryt>0182403</sln:miejscIdTeryt><sln:miejscNazwa>Krzęcin</sln:miejscNazwa><sln:miejscRodzaj>Wieś</sln:miejscRodzaj><sln:powIIPId>32d43ea6-09e7-4118-b8a8-dbab953ee72a</sln:powIIPId><sln:powIIPPn>PL.PZGIK.200</sln:powIIPPn><sln:powIIPWersja>2012-09-27T10:07:22+02:00</sln:powIIPWersja><sln:powIdTeryt>3202</sln:powIdTeryt><sln:powNazwa>choszczeński</sln:powNazwa><sln:ulIIPId>3ee38eb1-ba6b-4649-8c1e-db138b04e1b9</sln:ulIIPId><sln:ulIIPPn>PL.PZGIK.200</sln:ulIIPPn><sln:ulIIPWersja>2017-04-03T14:00:16+02:00</sln:ulIIPWersja><sln:ulIdTeryt>14203</sln:ulIdTeryt><sln:ulNazwaGlowna>Niepodległości</sln:ulNazwaGlowna><sln:ulTyp>ulica</sln:ulTyp><sln:waznyOd>2011-03-22T00:00:00+01:00</sln:waznyOd><sln:wojIIPId>c3f2202a-b491-49c5-a3af-d581108d939a</sln:wojIIPId><sln:wojIIPPn>PL.PZGIK.200</sln:wojIIPPn><sln:wojIIPWersja>2017-10-10T00:00:00+02:00</sln:wojIIPWersja><sln:wojIdTeryt>32</sln:wojIdTeryt><sln:wojNazwa>zachodniopomorskie</sln:wojNazwa></sln:ulica><sln:ulica><sln:cyklZyciaDo>2017-07-31T00:00:00+02:00</sln:cyklZyciaDo><sln:cyklZyciaOd>2017-04-03T00:00:00+02:00</sln:cyklZyciaOd><sln:gmIIPId>5a92ba1a-e078-439e-9109-b4634cbbc58d</sln:gmIIPId><sln:gmIIPPn>PL.PZGIK.200</sln:gmIIPPn><sln:gmIIPWersja>2012-09-26T22:33:42+02:00</sln:gmIIPWersja><sln:gmIdTeryt>3202042</sln:gmIdTeryt><sln:gmNazwa>Krzęcin</sln:gmNazwa><sln:miejscIIPId>bb14c526-b2dd-4269-880d-fa505107b68a</sln:miejscIIPId><sln:miejscIIPPn>PL.PZGIK.200</sln:miejscIIPPn><sln:miejscIIPWersja>2017-04-03T14:00:14+02:00</sln:miejscIIPWersja><sln:miejscIdTeryt>0182403</sln:miejscIdTeryt><sln:miejscNazwa>Krzęcin</sln:miejscNazwa><sln:miejscRodzaj>Wieś</sln:miejscRodzaj><sln:powIIPId>32d43ea6-09e7-4118-b8a8-dbab953ee72a</sln:powIIPId><sln:powIIPPn>PL.PZGIK.200</sln:powIIPPn><sln:powIIPWersja>2012-09-27T10:07:22+02:00</sln:powIIPWersja><sln:powIdTeryt>3202</sln:powIdTeryt><sln:powNazwa>choszczeński</sln:powNazwa><sln:ulIIPId>47a9b8d8-f06c-4812-b393-2b2431ae5c4b</sln:ulIIPId><sln:ulIIPPn>PL.PZGIK.200</sln:ulIIPPn><sln:ulIIPWersja>2017-04-03T14:00:16+02:00</sln:ulIIPWersja><sln:ulIdTeryt>16033</sln:ulIdTeryt><sln:ulNazwaGlowna>Piaskowa</sln:ulNazwaGlowna><sln:ulTyp>ulica</sln:ulTyp><sln:waznyOd>2011-03-22T00:00:00+01:00</sln:waznyOd><sln:wojIIPId>c3f2202a-b491-49c5-a3af-d581108d939a</sln:wojIIPId><sln:wojIIPPn>PL.PZGIK.200</sln:wojIIPPn><sln:wojIIPWersja>2017-10-10T00:00:00+02:00</sln:wojIIPWersja><sln:wojIdTeryt>32</sln:wojIdTeryt><sln:wojNazwa>zachodniopomorskie</sln:wojNazwa></sln:ulica><sln:ulica><sln:cyklZyciaOd>2017-07-31T00:00:00+02:00</sln:cyklZyciaOd><sln:gmIIPId>5a92ba1a-e078-439e-9109-b4634cbbc58d</sln:gmIIPId><sln:gmIIPPn>PL.PZGIK.200</sln:gmIIPPn><sln:gmIIPWersja>2012-09-26T22:33:42+02:00</sln:gmIIPWersja><sln:gmIdTeryt>3202042</sln:gmIdTeryt><sln:gmNazwa>Krzęcin</sln:gmNazwa><sln:miejscIIPId>bb14c526-b2dd-4269-880d-fa505107b68a</sln:miejscIIPId><sln:miejscIIPPn>PL.PZGIK.200</sln:miejscIIPPn><sln:miejscIIPWersja>2017-07-31T12:57:40+02:00</sln:miejscIIPWersja><sln:miejscIdTeryt>0182403</sln:miejscIdTeryt><sln:miejscNazwa>Krzęcin</sln:miejscNazwa><sln:miejscRodzaj>Wieś</sln:miejscRodzaj><sln:powIIPId>32d43ea6-09e7-4118-b8a8-dbab953ee72a</sln:powIIPId><sln:powIIPPn>PL.PZGIK.200</sln:powIIPPn><sln:powIIPWersja>2012-09-27T10:07:22+02:00</sln:powIIPWersja><sln:powIdTeryt>3202</sln:powIdTeryt><sln:powNazwa>choszczeński</sln:powNazwa><sln:ulIIPId>e9c7e730-376f-464d-a84f-9d328b6f2813</sln:ulIIPId><sln:ulIIPPn>PL.PZGIK.200</sln:ulIIPPn><sln:ulIIPWersja>2017-07-31T12:57:45+02:00</sln:ulIIPWersja><sln:ulIdTeryt>14834</sln:ulIdTeryt><sln:ulNazwaGlowna>Ogrodowa</sln:ulNazwaGlowna><sln:ulTyp>ulica</sln:ulTyp><sln:waznyOd>2011-03-22T00:00:00+01:00</sln:waznyOd><sln:wojIIPId>c3f2202a-b491-49c5-a3af-d581108d939a</sln:wojIIPId><sln:wojIIPPn>PL.PZGIK.200</sln:wojIIPPn><sln:wojIIPWersja>2017-10-10T00:00:00+02:00</sln:wojIIPWersja><sln:wojIdTeryt>32</sln:wojIdTeryt><sln:wojNazwa>zachodniopomorskie</sln:wojNazwa></sln:ulica><sln:ulica><sln:cyklZyciaOd>2017-07-31T00:00:00+02:00</sln:cyklZyciaOd><sln:gmIIPId>5a92ba1a-e078-439e-9109-b4634cbbc58d</sln:gmIIPId><sln:gmIIPPn>PL.PZGIK.200</sln:gmIIPPn><sln:gmIIPWersja>2012-09-26T22:33:42+02:00</sln:gmIIPWersja><sln:gmIdTeryt>3202042</sln:gmIdTeryt><sln:gmNazwa>Krzęcin</sln:gmNazwa><sln:miejscIIPId>bb14c526-b2dd-4269-880d-fa505107b68a</sln:miejscIIPId><sln:miejscIIPPn>PL.PZGIK.200</sln:miejscIIPPn><sln:miejscIIPWersja>2017-07-31T12:57:40+02:00</sln:miejscIIPWersja><sln:miejscIdTeryt>0182403</sln:miejscIdTeryt><sln:miejscNazwa>Krzęcin</sln:miejscNazwa><sln:miejscRodzaj>Wieś</sln:miejscRodzaj><sln:powIIPId>32d43ea6-09e7-4118-b8a8-dbab953ee72a</sln:powIIPId><sln:powIIPPn>PL.PZGIK.200</sln:powIIPPn><sln:powIIPWersja>2012-09-27T10:07:22+02:00</sln:powIIPWersja><sln:powIdTeryt>3202</sln:powIdTeryt><sln:powNazwa>choszczeński</sln:powNazwa><sln:ulIIPId>761c8b13-3a74-4da5-a48b-7a32a91e0c29</sln:ulIIPId><sln:ulIIPPn>PL.PZGIK.200</sln:ulIIPPn><sln:ulIIPWersja>2017-07-31T12:57:45+02:00</sln:ulIIPWersja><sln:ulIdTeryt>12832</sln:ulIdTeryt><sln:ulNazwaGlowna>Mieszka I</sln:ulNazwaGlowna><sln:ulTyp>ulica</sln:ulTyp><sln:waznyOd>2011-03-22T00:00:00+01:00</sln:waznyOd><sln:wojIIPId>c3f2202a-b491-49c5-a3af-d581108d939a</sln:wojIIPId><sln:wojIIPPn>PL.PZGIK.200</sln:wojIIPPn><sln:wojIIPWersja>2017-10-10T00:00:00+02:00</sln:wojIIPWersja><sln:wojIdTeryt>32</sln:wojIdTeryt><sln:wojNazwa>zachodniopomorskie</sln:wojNazwa></sln:ulica><sln:ulica><sln:cyklZyciaOd>2017-07-31T00:00:00+02:00</sln:cyklZyciaOd><sln:gmIIPId>5a92ba1a-e078-439e-9109-b4634cbbc58d</sln:gmIIPId><sln:gmIIPPn>PL.PZGIK.200</sln:gmIIPPn><sln:gmIIPWersja>2012-09-26T22:33:42+02:00</sln:gmIIPWersja><sln:gmIdTeryt>3202042</sln:gmIdTeryt><sln:gmNazwa>Krzęcin</sln:gmNazwa><sln:miejscIIPId>bb14c526-b2dd-4269-880d-fa505107b68a</sln:miejscIIPId><sln:miejscIIPPn>PL.PZGIK.200</sln:miejscIIPPn><sln:miejscIIPWersja>2017-07-31T12:57:40+02:00</sln:miejscIIPWersja><sln:miejscIdTeryt>0182403</sln:miejscIdTeryt><sln:miejscNazwa>Krzęcin</sln:miejscNazwa><sln:miejscRodzaj>Wieś</sln:miejscRodzaj><sln:powIIPId>32d43ea6-09e7-4118-b8a8-dbab953ee72a</sln:powIIPId><sln:powIIPPn>PL.PZGIK.200</sln:powIIPPn><sln:powIIPWersja>2012-09-27T10:07:22+02:00</sln:powIIPWersja><sln:powIdTeryt>3202</sln:powIdTeryt><sln:powNazwa>choszczeński</sln:powNazwa><sln:ulIIPId>9e3c5477-8101-4133-b85d-296c3c70b342</sln:ulIIPId><sln:ulIIPPn>PL.PZGIK.200</sln:ulIIPPn><sln:ulIIPWersja>2017-07-31T12:57:45+02:00</sln:ulIIPWersja><sln:ulIdTeryt>21970</sln:ulIdTeryt><sln:ulNazwaGlowna>Szkolna</sln:ulNazwaGlowna><sln:ulTyp>ulica</sln:ulTyp><sln:waznyOd>2011-03-22T00:00:00+01:00</sln:waznyOd><sln:wojIIPId>c3f2202a-b491-49c5-a3af-d581108d939a</sln:wojIIPId><sln:wojIIPPn>PL.PZGIK.200</sln:wojIIPPn><sln:wojIIPWersja>2017-10-10T00:00:00+02:00</sln:wojIIPWersja><sln:wojIdTeryt>32</sln:wojIdTeryt><sln:wojNazwa>zachodniopomorskie</sln:wojNazwa></sln:ulica><sln:ulica><sln:cyklZyciaOd>2017-07-31T00:00:00+02:00</sln:cyklZyciaOd><sln:gmIIPId>5a92ba1a-e078-439e-9109-b4634cbbc58d</sln:gmIIPId><sln:gmIIPPn>PL.PZGIK.200</sln:gmIIPPn><sln:gmIIPWersja>2012-09-26T22:33:42+02:00</sln:gmIIPWersja><sln:gmIdTeryt>3202042</sln:gmIdTeryt><sln:gmNazwa>Krzęcin</sln:gmNazwa><sln:miejscIIPId>bb14c526-b2dd-4269-880d-fa505107b68a</sln:miejscIIPId><sln:miejscIIPPn>PL.PZGIK.200</sln:miejscIIPPn><sln:miejscIIPWersja>2017-07-31T12:57:40+02:00</sln:miejscIIPWersja><sln:miejscIdTeryt>0182403</sln:miejscIdTeryt><sln:miejscNazwa>Krzęcin</sln:miejscNazwa><sln:miejscRodzaj>Wieś</sln:miejscRodzaj><sln:powIIPId>32d43ea6-09e7-4118-b8a8-dbab953ee72a</sln:powIIPId><sln:powIIPPn>PL.PZGIK.200</sln:powIIPPn><sln:powIIPWersja>2012-09-27T10:07:22+02:00</sln:powIIPWersja><sln:powIdTeryt>3202</sln:powIdTeryt><sln:powNazwa>choszczeński</sln:powNazwa><sln:ulIIPId>0d2ddec2-d4ea-478d-99dc-fb9ca6ab244f</sln:ulIIPId><sln:ulIIPPn>PL.PZGIK.200</sln:ulIIPPn><sln:ulIIPWersja>2017-07-31T12:57:45+02:00</sln:ulIIPWersja><sln:ulIdTeryt>23240</sln:ulIdTeryt><sln:ulNazwaGlowna>Tylna</sln:ulNazwaGlowna><sln:ulTyp>ulica</sln:ulTyp><sln:waznyOd>2011-03-22T00:00:00+01:00</sln:waznyOd><sln:wojIIPId>c3f2202a-b491-49c5-a3af-d581108d939a</sln:wojIIPId><sln:wojIIPPn>PL.PZGIK.200</sln:wojIIPPn><sln:wojIIPWersja>2017-10-10T00:00:00+02:00</sln:wojIIPWersja><sln:wojIdTeryt>32</sln:wojIdTeryt><sln:wojNazwa>zachodniopomorskie</sln:wojNazwa></sln:ulica><sln:ulica><sln:cyklZyciaOd>2017-07-31T00:00:00+02:00</sln:cyklZyciaOd><sln:gmIIPId>5a92ba1a-e078-439e-9109-b4634cbbc58d</sln:gmIIPId><sln:gmIIPPn>PL.PZGIK.200</sln:gmIIPPn><sln:gmIIPWersja>2012-09-26T22:33:42+02:00</sln:gmIIPWersja><sln:gmIdTeryt>3202042</sln:gmIdTeryt><sln:gmNazwa>Krzęcin</sln:gmNazwa><sln:miejscIIPId>bb14c526-b2dd-4269-880d-fa505107b68a</sln:miejscIIPId><sln:miejscIIPPn>PL.PZGIK.200</sln:miejscIIPPn><sln:miejscIIPWersja>2017-07-31T12:57:40+02:00</sln:miejscIIPWersja><sln:miejscIdTeryt>0182403</sln:miejscIdTeryt><sln:miejscNazwa>Krzęcin</sln:miejscNazwa><sln:miejscRodzaj>Wieś</sln:miejscRodzaj><sln:powIIPId>32d43ea6-09e7-4118-b8a8-dbab953ee72a</sln:powIIPId><sln:powIIPPn>PL.PZGIK.200</sln:powIIPPn><sln:powIIPWersja>2012-09-27T10:07:22+02:00</sln:powIIPWersja><sln:powIdTeryt>3202</sln:powIdTeryt><sln:powNazwa>choszczeński</sln:powNazwa><sln:ulIIPId>335da5d6-87d0-4557-8502-96b397ad5fbd</sln:ulIIPId><sln:ulIIPPn>PL.PZGIK.200</sln:ulIIPPn><sln:ulIIPWersja>2017-07-31T12:57:45+02:00</sln:ulIIPWersja><sln:ulIdTeryt>20677</sln:ulIdTeryt><sln:ulNazwaGlowna>Spokojna</sln:ulNazwaGlowna><sln:ulTyp>ulica</sln:ulTyp><sln:waznyOd>2011-03-22T00:00:00+01:00</sln:waznyOd><sln:wojIIPId>c3f2202a-b491-49c5-a3af-d581108d939a</sln:wojIIPId><sln:wojIIPPn>PL.PZGIK.200</sln:wojIIPPn><sln:wojIIPWersja>2017-10-10T00:00:00+02:00</sln:wojIIPWersja><sln:wojIdTeryt>32</sln:wojIdTeryt><sln:wojNazwa>zachodniopomorskie</sln:wojNazwa></sln:ulica><sln:ulica><sln:cyklZyciaOd>2017-07-31T00:00:00+02:00</sln:cyklZyciaOd><sln:gmIIPId>5a92ba1a-e078-439e-9109-b4634cbbc58d</sln:gmIIPId><sln:gmIIPPn>PL.PZGIK.200</sln:gmIIPPn><sln:gmIIPWersja>2012-09-26T22:33:42+02:00</sln:gmIIPWersja><sln:gmIdTeryt>3202042</sln:gmIdTeryt><sln:gmNazwa>Krzęcin</sln:gmNazwa><sln:miejscIIPId>bb14c526-b2dd-4269-880d-fa505107b68a</sln:miejscIIPId><sln:miejscIIPPn>PL.PZGIK.200</sln:miejscIIPPn><sln:miejscIIPWersja>2017-07-31T12:57:40+02:00</sln:miejscIIPWersja><sln:miejscIdTeryt>0182403</sln:miejscIdTeryt><sln:miejscNazwa>Krzęcin</sln:miejscNazwa><sln:miejscRodzaj>Wieś</sln:miejscRodzaj><sln:powIIPId>32d43ea6-09e7-4118-b8a8-dbab953ee72a</sln:powIIPId><sln:powIIPPn>PL.PZGIK.200</sln:powIIPPn><sln:powIIPWersja>2012-09-27T10:07:22+02:00</sln:powIIPWersja><sln:powIdTeryt>3202</sln:powIdTeryt><sln:powNazwa>choszczeński</sln:powNazwa><sln:ulIIPId>4c79c1e9-0ca3-4cae-82e0-2cd33942fc9e</sln:ulIIPId><sln:ulIIPPn>PL.PZGIK.200</sln:ulIIPPn><sln:ulIIPWersja>2017-07-31T12:57:45+02:00</sln:ulIIPWersja><sln:ulIdTeryt>16579</sln:ulIdTeryt><sln:ulNazwaGlowna>Pocztowa</sln:ulNazwaGlowna><sln:ulTyp>ulica</sln:ulTyp><sln:waznyOd>2011-03-22T00:00:00+01:00</sln:waznyOd><sln:wojIIPId>c3f2202a-b491-49c5-a3af-d581108d939a</sln:wojIIPId><sln:wojIIPPn>PL.PZGIK.200</sln:wojIIPPn><sln:wojIIPWersja>2017-10-10T00:00:00+02:00</sln:wojIIPWersja><sln:wojIdTeryt>32</sln:wojIdTeryt><sln:wojNazwa>zachodniopomorskie</sln:wojNazwa></sln:ulica><sln:ulica><sln:cyklZyciaOd>2017-07-31T00:00:00+02:00</sln:cyklZyciaOd><sln:gmIIPId>5a92ba1a-e078-439e-9109-b4634cbbc58d</sln:gmIIPId><sln:gmIIPPn>PL.PZGIK.200</sln:gmIIPPn><sln:gmIIPWersja>2012-09-26T22:33:42+02:00</sln:gmIIPWersja><sln:gmIdTeryt>3202042</sln:gmIdTeryt><sln:gmNazwa>Krzęcin</sln:gmNazwa><sln:miejscIIPId>bb14c526-b2dd-4269-880d-fa505107b68a</sln:miejscIIPId><sln:miejscIIPPn>PL.PZGIK.200</sln:miejscIIPPn><sln:miejscIIPWersja>2017-07-31T12:57:40+02:00</sln:miejscIIPWersja><sln:miejscIdTeryt>0182403</sln:miejscIdTeryt><sln:miejscNazwa>Krzęcin</sln:miejscNazwa><sln:miejscRodzaj>Wieś</sln:miejscRodzaj><sln:powIIPId>32d43ea6-09e7-4118-b8a8-dbab953ee72a</sln:powIIPId><sln:powIIPPn>PL.PZGIK.200</sln:powIIPPn><sln:powIIPWersja>2012-09-27T10:07:22+02:00</sln:powIIPWersja><sln:powIdTeryt>3202</sln:powIdTeryt><sln:powNazwa>choszczeński</sln:powNazwa><sln:ulIIPId>7dc8d469-e7eb-4a65-a8f9-ccacd1384daf</sln:ulIIPId><sln:ulIIPPn>PL.PZGIK.200</sln:ulIIPPn><sln:ulIIPWersja>2017-07-31T12:57:45+02:00</sln:ulIIPWersja><sln:ulIdTeryt>07535</sln:ulIdTeryt><sln:ulNazwaGlowna>Jeziorna</sln:ulNazwaGlowna><sln:ulTyp>ulica</sln:ulTyp><sln:waznyOd>2011-03-22T00:00:00+01:00</sln:waznyOd><sln:wojIIPId>c3f2202a-b491-49c5-a3af-d581108d939a</sln:wojIIPId><sln:wojIIPPn>PL.PZGIK.200</sln:wojIIPPn><sln:wojIIPWersja>2017-10-10T00:00:00+02:00</sln:wojIIPWersja><sln:wojIdTeryt>32</sln:wojIdTeryt><sln:wojNazwa>zachodniopomorskie</sln:wojNazwa></sln:ulica><sln:ulica><sln:cyklZyciaOd>2017-07-31T00:00:00+02:00</sln:cyklZyciaOd><sln:gmIIPId>5a92ba1a-e078-439e-9109-b4634cbbc58d</sln:gmIIPId><sln:gmIIPPn>PL.PZGIK.200</sln:gmIIPPn><sln:gmIIPWersja>2012-09-26T22:33:42+02:00</sln:gmIIPWersja><sln:gmIdTeryt>3202042</sln:gmIdTeryt><sln:gmNazwa>Krzęcin</sln:gmNazwa><sln:miejscIIPId>bb14c526-b2dd-4269-880d-fa505107b68a</sln:miejscIIPId><sln:miejscIIPPn>PL.PZGIK.200</sln:miejscIIPPn><sln:miejscIIPWersja>2017-07-31T12:57:40+02:00</sln:miejscIIPWersja><sln:miejscIdTeryt>0182403</sln:miejscIdTeryt><sln:miejscNazwa>Krzęcin</sln:miejscNazwa><sln:miejscRodzaj>Wieś</sln:miejscRodzaj><sln:powIIPId>32d43ea6-09e7-4118-b8a8-dbab953ee72a</sln:powIIPId><sln:powIIPPn>PL.PZGIK.200</sln:powIIPPn><sln:powIIPWersja>2012-09-27T10:07:22+02:00</sln:powIIPWersja><sln:powIdTeryt>3202</sln:powIdTeryt><sln:powNazwa>choszczeński</sln:powNazwa><sln:ulIIPId>ff506b37-e32e-4171-bb04-78f15b9f1b58</sln:ulIIPId><sln:ulIIPPn>PL.PZGIK.200</sln:ulIIPPn><sln:ulIIPWersja>2017-07-31T12:57:45+02:00</sln:ulIIPWersja><sln:ulIdTeryt>16900</sln:ulIdTeryt><sln:ulNazwaGlowna>Pogodna</sln:ulNazwaGlowna><sln:ulTyp>ulica</sln:ulTyp><sln:waznyOd>2011-03-22T00:00:00+01:00</sln:waznyOd><sln:wojIIPId>c3f2202a-b491-49c5-a3af-d581108d939a</sln:wojIIPId><sln:wojIIPPn>PL.PZGIK.200</sln:wojIIPPn><sln:wojIIPWersja>2017-10-10T00:00:00+02:00</sln:wojIIPWersja><sln:wojIdTeryt>32</sln:wojIdTeryt><sln:wojNazwa>zachodniopomorskie</sln:wojNazwa></sln:ulica><sln:ulica><sln:cyklZyciaOd>2017-07-31T00:00:00+02:00</sln:cyklZyciaOd><sln:gmIIPId>5a92ba1a-e078-439e-9109-b4634cbbc58d</sln:gmIIPId><sln:gmIIPPn>PL.PZGIK.200</sln:gmIIPPn><sln:gmIIPWersja>2012-09-26T22:33:42+02:00</sln:gmIIPWersja><sln:gmIdTeryt>3202042</sln:gmIdTeryt><sln:gmNazwa>Krzęcin</sln:gmNazwa><sln:miejscIIPId>bb14c526-b2dd-4269-880d-fa505107b68a</sln:miejscIIPId><sln:miejscIIPPn>PL.PZGIK.200</sln:miejscIIPPn><sln:miejscIIPWersja>2017-07-31T12:57:40+02:00</sln:miejscIIPWersja><sln:miejscIdTeryt>0182403</sln:miejscIdTeryt><sln:miejscNazwa>Krzęcin</sln:miejscNazwa><sln:miejscRodzaj>Wieś</sln:miejscRodzaj><sln:powIIPId>32d43ea6-09e7-4118-b8a8-dbab953ee72a</sln:powIIPId><sln:powIIPPn>PL.PZGIK.200</sln:powIIPPn><sln:powIIPWersja>2012-09-27T10:07:22+02:00</sln:powIIPWersja><sln:powIdTeryt>3202</sln:powIdTeryt><sln:powNazwa>choszczeński</sln:powNazwa><sln:ulIIPId>c4785ffc-8391-461c-b8bd-1d5b82952532</sln:ulIIPId><sln:ulIIPPn>PL.PZGIK.200</sln:ulIIPPn><sln:ulIIPWersja>2017-07-31T12:57:46+02:00</sln:ulIIPWersja><sln:ulIdTeryt>17011</sln:ulIdTeryt><sln:ulNazwaGlowna>Polna</sln:ulNazwaGlowna><sln:ulTyp>ulica</sln:ulTyp><sln:waznyOd>2011-03-22T00:00:00+01:00</sln:waznyOd><sln:wojIIPId>c3f2202a-b491-49c5-a3af-d581108d939a</sln:wojIIPId><sln:wojIIPPn>PL.PZGIK.200</sln:wojIIPPn><sln:wojIIPWersja>2017-10-10T00:00:00+02:00</sln:wojIIPWersja><sln:wojIdTeryt>32</sln:wojIdTeryt><sln:wojNazwa>zachodniopomorskie</sln:wojNazwa></sln:ulica><sln:ulica><sln:cyklZyciaOd>2017-07-31T00:00:00+02:00</sln:cyklZyciaOd><sln:gmIIPId>5a92ba1a-e078-439e-9109-b4634cbbc58d</sln:gmIIPId><sln:gmIIPPn>PL.PZGIK.200</sln:gmIIPPn><sln:gmIIPWersja>2012-09-26T22:33:42+02:00</sln:gmIIPWersja><sln:gmIdTeryt>3202042</sln:gmIdTeryt><sln:gmNazwa>Krzęcin</sln:gmNazwa><sln:miejscIIPId>bb14c526-b2dd-4269-880d-fa505107b68a</sln:miejscIIPId><sln:miejscIIPPn>PL.PZGIK.200</sln:miejscIIPPn><sln:miejscIIPWersja>2017-07-31T12:57:40+02:00</sln:miejscIIPWersja><sln:miejscIdTeryt>0182403</sln:miejscIdTeryt><sln:miejscNazwa>Krzęcin</sln:miejscNazwa><sln:miejscRodzaj>Wieś</sln:miejscRodzaj><sln:powIIPId>32d43ea6-09e7-4118-b8a8-dbab953ee72a</sln:powIIPId><sln:powIIPPn>PL.PZGIK.200</sln:powIIPPn><sln:powIIPWersja>2012-09-27T10:07:22+02:00</sln:powIIPWersja><sln:powIdTeryt>3202</sln:powIdTeryt><sln:powNazwa>choszczeński</sln:powNazwa><sln:ulIIPId>6ff48b30-5c26-4ada-aecd-a26321359408</sln:ulIIPId><sln:ulIIPPn>PL.PZGIK.200</sln:ulIIPPn><sln:ulIIPWersja>2017-07-31T12:57:46+02:00</sln:ulIIPWersja><sln:ulIdTeryt>20254</sln:ulIdTeryt><sln:ulNazwaGlowna>Słoneczna</sln:ulNazwaGlowna><sln:ulTyp>ulica</sln:ulTyp><sln:waznyOd>2011-03-22T00:00:00+01:00</sln:waznyOd><sln:wojIIPId>c3f2202a-b491-49c5-a3af-d581108d939a</sln:wojIIPId><sln:wojIIPPn>PL.PZGIK.200</sln:wojIIPPn><sln:wojIIPWersja>2017-10-10T00:00:00+02:00</sln:wojIIPWersja><sln:wojIdTeryt>32</sln:wojIdTeryt><sln:wojNazwa>zachodniopomorskie</sln:wojNazwa></sln:ulica><sln:ulica><sln:cyklZyciaOd>2017-07-31T00:00:00+02:00</sln:cyklZyciaOd><sln:gmIIPId>5a92ba1a-e078-439e-9109-b4634cbbc58d</sln:gmIIPId><sln:gmIIPPn>PL.PZGIK.200</sln:gmIIPPn><sln:gmIIPWersja>2012-09-26T22:33:42+02:00</sln:gmIIPWersja><sln:gmIdTeryt>3202042</sln:gmIdTeryt><sln:gmNazwa>Krzęcin</sln:gmNazwa><sln:miejscIIPId>bb14c526-b2dd-4269-880d-fa505107b68a</sln:miejscIIPId><sln:miejscIIPPn>PL.PZGIK.200</sln:miejscIIPPn><sln:miejscIIPWersja>2017-07-31T12:57:40+02:00</sln:miejscIIPWersja><sln:miejscIdTeryt>0182403</sln:miejscIdTeryt><sln:miejscNazwa>Krzęcin</sln:miejscNazwa><sln:miejscRodzaj>Wieś</sln:miejscRodzaj><sln:powIIPId>32d43ea6-09e7-4118-b8a8-dbab953ee72a</sln:powIIPId><sln:powIIPPn>PL.PZGIK.200</sln:powIIPPn><sln:powIIPWersja>2012-09-27T10:07:22+02:00</sln:powIIPWersja><sln:powIdTeryt>3202</sln:powIdTeryt><sln:powNazwa>choszczeński</sln:powNazwa><sln:ulIIPId>4c7e28dc-e5bd-4e21-bcd0-ff956df6b0d0</sln:ulIIPId><sln:ulIIPPn>PL.PZGIK.200</sln:ulIIPPn><sln:ulIIPWersja>2017-07-31T12:57:46+02:00</sln:ulIIPWersja><sln:ulIdTeryt>10562</sln:ulIdTeryt><sln:ulNazwaGlowna>Kwiatowa</sln:ulNazwaGlowna><sln:ulTyp>ulica</sln:ulTyp><sln:waznyOd>2011-03-22T00:00:00+01:00</sln:waznyOd><sln:wojIIPId>c3f2202a-b491-49c5-a3af-d581108d939a</sln:wojIIPId><sln:wojIIPPn>PL.PZGIK.200</sln:wojIIPPn><sln:wojIIPWersja>2017-10-10T00:00:00+02:00</sln:wojIIPWersja><sln:wojIdTeryt>32</sln:wojIdTeryt><sln:wojNazwa>zachodniopomorskie</sln:wojNazwa></sln:ulica><sln:ulica><sln:cyklZyciaOd>2017-07-31T00:00:00+02:00</sln:cyklZyciaOd><sln:gmIIPId>5a92ba1a-e078-439e-9109-b4634cbbc58d</sln:gmIIPId><sln:gmIIPPn>PL.PZGIK.200</sln:gmIIPPn><sln:gmIIPWersja>2012-09-26T22:33:42+02:00</sln:gmIIPWersja><sln:gmIdTeryt>3202042</sln:gmIdTeryt><sln:gmNazwa>Krzęcin</sln:gmNazwa><sln:miejscIIPId>bb14c526-b2dd-4269-880d-fa505107b68a</sln:miejscIIPId><sln:miejscIIPPn>PL.PZGIK.200</sln:miejscIIPPn><sln:miejscIIPWersja>2017-07-31T12:57:40+02:00</sln:miejscIIPWersja><sln:miejscIdTeryt>0182403</sln:miejscIdTeryt><sln:miejscNazwa>Krzęcin</sln:miejscNazwa><sln:miejscRodzaj>Wieś</sln:miejscRodzaj><sln:powIIPId>32d43ea6-09e7-4118-b8a8-dbab953ee72a</sln:powIIPId><sln:powIIPPn>PL.PZGIK.200</sln:powIIPPn><sln:powIIPWersja>2012-09-27T10:07:22+02:00</sln:powIIPWersja><sln:powIdTeryt>3202</sln:powIdTeryt><sln:powNazwa>choszczeński</sln:powNazwa><sln:ulIIPId>0353d6b1-e5cc-40ad-82d9-e3b2f0c8776a</sln:ulIIPId><sln:ulIIPPn>PL.PZGIK.200</sln:ulIIPPn><sln:ulIIPWersja>2017-07-31T12:57:46+02:00</sln:ulIIPWersja><sln:ulIdTeryt>12991</sln:ulIdTeryt><sln:ulNazwaGlowna>Miodowa</sln:ulNazwaGlowna><sln:ulTyp>ulica</sln:ulTyp><sln:waznyOd>2011-03-22T00:00:00+01:00</sln:waznyOd><sln:wojIIPId>c3f2202a-b491-49c5-a3af-d581108d939a</sln:wojIIPId><sln:wojIIPPn>PL.PZGIK.200</sln:wojIIPPn><sln:wojIIPWersja>2017-10-10T00:00:00+02:00</sln:wojIIPWersja><sln:wojIdTeryt>32</sln:wojIdTeryt><sln:wojNazwa>zachodniopomorskie</sln:wojNazwa></sln:ulica><sln:ulica><sln:cyklZyciaOd>2017-07-31T00:00:00+02:00</sln:cyklZyciaOd><sln:gmIIPId>5a92ba1a-e078-439e-9109-b4634cbbc58d</sln:gmIIPId><sln:gmIIPPn>PL.PZGIK.200</sln:gmIIPPn><sln:gmIIPWersja>2012-09-26T22:33:42+02:00</sln:gmIIPWersja><sln:gmIdTeryt>3202042</sln:gmIdTeryt><sln:gmNazwa>Krzęcin</sln:gmNazwa><sln:miejscIIPId>bb14c526-b2dd-4269-880d-fa505107b68a</sln:miejscIIPId><sln:miejscIIPPn>PL.PZGIK.200</sln:miejscIIPPn><sln:miejscIIPWersja>2017-07-31T12:57:40+02:00</sln:miejscIIPWersja><sln:miejscIdTeryt>0182403</sln:miejscIdTeryt><sln:miejscNazwa>Krzęcin</sln:miejscNazwa><sln:miejscRodzaj>Wieś</sln:miejscRodzaj><sln:powIIPId>32d43ea6-09e7-4118-b8a8-dbab953ee72a</sln:powIIPId><sln:powIIPPn>PL.PZGIK.200</sln:powIIPPn><sln:powIIPWersja>2012-09-27T10:07:22+02:00</sln:powIIPWersja><sln:powIdTeryt>3202</sln:powIdTeryt><sln:powNazwa>choszczeński</sln:powNazwa><sln:ulIIPId>3ee38eb1-ba6b-4649-8c1e-db138b04e1b9</sln:ulIIPId><sln:ulIIPPn>PL.PZGIK.200</sln:ulIIPPn><sln:ulIIPWersja>2017-07-31T12:57:46+02:00</sln:ulIIPWersja><sln:ulIdTeryt>14203</sln:ulIdTeryt><sln:ulNazwaGlowna>Niepodległości</sln:ulNazwaGlowna><sln:ulTyp>ulica</sln:ulTyp><sln:waznyOd>2011-03-22T00:00:00+01:00</sln:waznyOd><sln:wojIIPId>c3f2202a-b491-49c5-a3af-d581108d939a</sln:wojIIPId><sln:wojIIPPn>PL.PZGIK.200</sln:wojIIPPn><sln:wojIIPWersja>2017-10-10T00:00:00+02:00</sln:wojIIPWersja><sln:wojIdTeryt>32</sln:wojIdTeryt><sln:wojNazwa>zachodniopomorskie</sln:wojNazwa></sln:ulica><sln:ulica><sln:cyklZyciaOd>2017-07-31T00:00:00+02:00</sln:cyklZyciaOd><sln:gmIIPId>5a92ba1a-e078-439e-9109-b4634cbbc58d</sln:gmIIPId><sln:gmIIPPn>PL.PZGIK.200</sln:gmIIPPn><sln:gmIIPWersja>2012-09-26T22:33:42+02:00</sln:gmIIPWersja><sln:gmIdTeryt>3202042</sln:gmIdTeryt><sln:gmNazwa>Krzęcin</sln:gmNazwa><sln:miejscIIPId>bb14c526-b2dd-4269-880d-fa505107b68a</sln:miejscIIPId><sln:miejscIIPPn>PL.PZGIK.200</sln:miejscIIPPn><sln:miejscIIPWersja>2017-07-31T12:57:40+02:00</sln:miejscIIPWersja><sln:miejscIdTeryt>0182403</sln:miejscIdTeryt><sln:miejscNazwa>Krzęcin</sln:miejscNazwa><sln:miejscRodzaj>Wieś</sln:miejscRodzaj><sln:powIIPId>32d43ea6-09e7-4118-b8a8-dbab953ee72a</sln:powIIPId><sln:powIIPPn>PL.PZGIK.200</sln:powIIPPn><sln:powIIPWersja>2012-09-27T10:07:22+02:00</sln:powIIPWersja><sln:powIdTeryt>3202</sln:powIdTeryt><sln:powNazwa>choszczeński</sln:powNazwa><sln:ulIIPId>47a9b8d8-f06c-4812-b393-2b2431ae5c4b</sln:ulIIPId><sln:ulIIPPn>PL.PZGIK.200</sln:ulIIPPn><sln:ulIIPWersja>2017-07-31T12:57:46+02:00</sln:ulIIPWersja><sln:ulIdTeryt>16033</sln:ulIdTeryt><sln:ulNazwaGlowna>Piaskowa</sln:ulNazwaGlowna><sln:ulTyp>ulica</sln:ulTyp><sln:waznyOd>2011-03-22T00:00:00+01:00</sln:waznyOd><sln:wojIIPId>c3f2202a-b491-49c5-a3af-d581108d939a</sln:wojIIPId><sln:wojIIPPn>PL.PZGIK.200</sln:wojIIPPn><sln:wojIIPWersja>2017-10-10T00:00:00+02:00</sln:wojIIPWersja><sln:wojIdTeryt>32</sln:wojIdTeryt><sln:wojNazwa>zachodniopomorskie</sln:wojNazwa></sln:ulica></sln:lista-ulic>