<?xml version="1.0" encoding="UTF-8" standalone="yes"?><sln:lista-ulic xmlns:srv="http://gugik.gov.pl/schemas/slowniki-service/1.0" xmlns:sln="http://gugik.gov.pl/schemas/slowniki-schema/1.0"><sln:ulica><sln:cyklZyciaDo>2017-04-03T00:00:00+02:00</sln:cyklZyciaDo><sln:cyklZyciaOd>2015-12-28T00:00:00+01:00</sln:cyklZyciaOd><sln:gmIIPId>de792369-1c9e-47f8-b9a7-ef5da9695483</sln:gmIIPId><sln:gmIIPPn>PL.PZGIK.200</sln:gmIIPPn><sln:gmIIPWersja>2012-09-26T22:34:23+02:00</sln:gmIIPWersja><sln:gmIdTeryt>3210052</sln:gmIdTeryt><sln:gmNazwa>Nowogródek Pomorski</sln:gmNazwa><sln:miejscIIPId>1ac61c03-d238-4177-86cf-63addd26dd50</sln:miejscIIPId><sln:miejscIIPPn>PL.PZGIK.200</sln:miejscIIPPn><sln:miejscIIPWersja>2016-11-24T09:38:19+02:00</sln:miejscIIPWersja><sln:miejscIdTeryt>0185123</sln:miejscIdTeryt><sln:miejscNazwa>Nowogródek Pomorski</sln:miejscNazwa><sln:miejscRodzaj>Wieś</sln:miejscRodzaj><sln:powIIPId>bf9906d2-91eb-4911-8ce0-8c8f3ea1986b</sln:powIIPId><sln:powIIPPn>PL.PZGIK.200</sln:powIIPPn><sln:powIIPWersja>2012-09-27T10:07:22+02:00</sln:powIIPWersja><sln:powIdTeryt>3210</sln:powIdTeryt><sln:powNazwa>myśliborski</sln:powNazwa><sln:ulIIPId>dbba0b00-3089-480b-9645-6e746d092203</sln:ulIIPId><sln:ulIIPPn>PL.PZGIK.200</sln:ulIIPPn><sln:ulIIPWersja>2016-11-24T23:18:23+02:00</sln:ulIIPWersja><sln:ulIdTeryt>16579</sln:ulIdTeryt><sln:ulNazwaGlowna>Pocztowa</sln:ulNazwaGlowna><sln:ulTyp>ulica</sln:ulTyp><sln:waznyOd>2011-04-10T00:00:00+02:00</sln:waznyOd><sln:wojIIPId>c3f2202a-b491-49c5-a3af-d581108d939a</sln:wojIIPId><sln:wojIIPPn>PL.PZGIK.200</sln:wojIIPPn><sln:wojIIPWersja>2017-10-10T00:00:00+02:00</sln:wojIIPWersja><sln:wojIdTeryt>32</sln:wojIdTeryt><sln:wojNazwa>zachodniopomorskie</sln:wojNazwa></sln:ulica><sln:ulica><sln:cyklZyciaDo>2017-04-03T00:00:00+02:00</sln:cyklZyciaDo><sln:cyklZyciaOd>2015-12-28T00:00:00+01:00</sln:cyklZyciaOd><sln:gmIIPId>de792369-1c9e-47f8-b9a7-ef5da9695483</sln:gmIIPId><sln:gmIIPPn>PL.PZGIK.200</sln:gmIIPPn><sln:gmIIPWersja>2012-09-26T22:34:23+02:00</sln:gmIIPWersja><sln:gmIdTeryt>3210052</sln:gmIdTeryt><sln:gmNazwa>Nowogródek Pomorski</sln:gmNazwa><sln:miejscIIPId>1ac61c03-d238-4177-86cf-63addd26dd50</sln:miejscIIPId><sln:miejscIIPPn>PL.PZGIK.200</sln:miejscIIPPn><sln:miejscIIPWersja>2016-11-24T09:38:19+02:00</sln:miejscIIPWersja><sln:miejscIdTeryt>0185123</sln:miejscIdTeryt><sln:miejscNazwa>Nowogródek Pomorski</sln:miejscNazwa><sln:miejscRodzaj>Wieś</sln:miejscRodzaj><sln:powIIPId>bf9906d2-91eb-4911-8ce0-8c8f3ea1986b</sln:powIIPId><sln:powIIPPn>PL.PZGIK.200</sln:powIIPPn><sln:powIIPWersja>2012-09-27T10:07:22+02:00</sln:powIIPWersja><sln:powIdTeryt>3210</sln:powIdTeryt><sln:powNazwa>myśliborski</sln:powNazwa><sln:ulIIPId>25a5b2d8-0f23-4c71-bd51-3373c71b1a0b</sln:ulIIPId><sln:ulIIPPn>PL.PZGIK.200</sln:ulIIPPn><sln:ulIIPWersja>2016-11-24T23:18:23+02:00</sln:ulIIPWersja><sln:ulIdTeryt>09546</sln:ulIdTeryt><sln:ulNazwaGlowna>Kościelna</sln:ulNazwaGlowna><sln:ulTyp>ulica</sln:ulTyp><sln:waznyOd>2011-04-10T00:00:00+02:00</sln:waznyOd><sln:wojIIPId>c3f2202a-b491-49c5-a3af-d581108d939a</sln:wojIIPId><sln:wojIIPPn>PL.PZGIK.200</sln:wojIIPPn><sln:wojIIPWersja>2017-10-10T00:00:00+02:00</sln:wojIIPWersja><sln:wojIdTeryt>32</sln:wojIdTeryt><sln:wojNazwa>zachodniopomorskie</sln:wojNazwa></sln:ulica><sln:ulica><sln:cyklZyciaDo>2017-04-03T00:00:00+02:00</sln:cyklZyciaDo><sln:cyklZyciaOd>2015-12-28T00:00:00+01:00</sln:cyklZyciaOd><sln:gmIIPId>de792369-1c9e-47f8-b9a7-ef5da9695483</sln:gmIIPId><sln:gmIIPPn>PL.PZGIK.200</sln:gmIIPPn><sln:gmIIPWersja>2012-09-26T22:34:23+02:00</sln:gmIIPWersja><sln:gmIdTeryt>3210052</sln:gmIdTeryt><sln:gmNazwa>Nowogródek Pomorski</sln:gmNazwa><sln:miejscIIPId>1ac61c03-d238-4177-86cf-63addd26dd50</sln:miejscIIPId><sln:miejscIIPPn>PL.PZGIK.200</sln:miejscIIPPn><sln:miejscIIPWersja>2016-11-24T09:38:19+02:00</sln:miejscIIPWersja><sln:miejscIdTeryt>0185123</sln:miejscIdTeryt><sln:miejscNazwa>Nowogródek Pomorski</sln:miejscNazwa><sln:miejscRodzaj>Wieś</sln:miejscRodzaj><sln:powIIPId>bf9906d2-91eb-4911-8ce0-8c8f3ea1986b</sln:powIIPId><sln:powIIPPn>PL.PZGIK.200</sln:powIIPPn><sln:powIIPWersja>2012-09-27T10:07:22+02:00</sln:powIIPWersja><sln:powIdTeryt>3210</sln:powIdTeryt><sln:powNazwa>myśliborski</sln:powNazwa><sln:ulIIPId>303435c0-5dcb-46ae-a660-6f7e8905f50e</sln:ulIIPId><sln:ulIIPPn>PL.PZGIK.200</sln:ulIIPPn><sln:ulIIPWersja>2016-11-24T23:18:23+02:00</sln:ulIIPWersja><sln:ulIdTeryt>14834</sln:ulIdTeryt><sln:ulNazwaGlowna>Ogrodowa</sln:ulNazwaGlowna><sln:ulTyp>ulica</sln:ulTyp><sln:waznyOd>2011-04-10T00:00:00+02:00</sln:waznyOd><sln:wojIIPId>c3f2202a-b491-49c5-a3af-d581108d939a</sln:wojIIPId><sln:wojIIPPn>PL.PZGIK.200</sln:wojIIPPn><sln:wojIIPWersja>2017-10-10T00:00:00+02:00</sln:wojIIPWersja><sln:wojIdTeryt>32</sln:wojIdTeryt><sln:wojNazwa>zachodniopomorskie</sln:wojNazwa></sln:ulica><sln:ulica><sln:cyklZyciaDo>2017-04-03T00:00:00+02:00</sln:cyklZyciaDo><sln:cyklZyciaOd>2015-12-28T00:00:00+01:00</sln:cyklZyciaOd><sln:gmIIPId>de792369-1c9e-47f8-b9a7-ef5da9695483</sln:gmIIPId><sln:gmIIPPn>PL.PZGIK.200</sln:gmIIPPn><sln:gmIIPWersja>2012-09-26T22:34:23+02:00</sln:gmIIPWersja><sln:gmIdTeryt>3210052</sln:gmIdTeryt><sln:gmNazwa>Nowogródek Pomorski</sln:gmNazwa><sln:miejscIIPId>1ac61c03-d238-4177-86cf-63addd26dd50</sln:miejscIIPId><sln:miejscIIPPn>PL.PZGIK.200</sln:miejscIIPPn><sln:miejscIIPWersja>2016-11-24T09:38:19+02:00</sln:miejscIIPWersja><sln:miejscIdTeryt>0185123</sln:miejscIdTeryt><sln:miejscNazwa>Nowogródek Pomorski</sln:miejscNazwa><sln:miejscRodzaj>Wieś</sln:miejscRodzaj><sln:powIIPId>bf9906d2-91eb-4911-8ce0-8c8f3ea1986b</sln:powIIPId><sln:powIIPPn>PL.PZGIK.200</sln:powIIPPn><sln:powIIPWersja>2012-09-27T10:07:22+02:00</sln:powIIPWersja><sln:powIdTeryt>3210</sln:powIdTeryt><sln:powNazwa>myśliborski</sln:powNazwa><sln:ulIIPId>c62cfd3e-e5d0-434d-82ea-b35009be6415</sln:ulIIPId><sln:ulIIPPn>PL.PZGIK.200</sln:ulIIPPn><sln:ulIIPWersja>2016-11-24T23:18:23+02:00</sln:ulIIPWersja><sln:ulIdTeryt>05839</sln:ulIdTeryt><sln:ulNazwaGlowna>Gorzowska</sln:ulNazwaGlowna><sln:ulTyp>ulica</sln:ulTyp><sln:waznyOd>2011-04-10T00:00:00+02:00</sln:waznyOd><sln:wojIIPId>c3f2202a-b491-49c5-a3af-d581108d939a</sln:wojIIPId><sln:wojIIPPn>PL.PZGIK.200</sln:wojIIPPn><sln:wojIIPWersja>2017-10-10T00:00:00+02:00</sln:wojIIPWersja><sln:wojIdTeryt>32</sln:wojIdTeryt><sln:wojNazwa>zachodniopomorskie</sln:wojNazwa></sln:ulica><sln:ulica><sln:cyklZyciaDo>2017-04-03T00:00:00+02:00</sln:cyklZyciaDo><sln:cyklZyciaOd>2015-12-28T00:00:00+01:00</sln:cyklZyciaOd><sln:gmIIPId>de792369-1c9e-47f8-b9a7-ef5da9695483</sln:gmIIPId><sln:gmIIPPn>PL.PZGIK.200</sln:gmIIPPn><sln:gmIIPWersja>2012-09-26T22:34:23+02:00</sln:gmIIPWersja><sln:gmIdTeryt>3210052</sln:gmIdTeryt><sln:gmNazwa>Nowogródek Pomorski</sln:gmNazwa><sln:miejscIIPId>1ac61c03-d238-4177-86cf-63addd26dd50</sln:miejscIIPId><sln:miejscIIPPn>PL.PZGIK.200</sln:miejscIIPPn><sln:miejscIIPWersja>2016-11-24T09:38:19+02:00</sln:miejscIIPWersja><sln:miejscIdTeryt>0185123</sln:miejscIdTeryt><sln:miejscNazwa>Nowogródek Pomorski</sln:miejscNazwa><sln:miejscRodzaj>Wieś</sln:miejscRodzaj><sln:powIIPId>bf9906d2-91eb-4911-8ce0-8c8f3ea1986b</sln:powIIPId><sln:powIIPPn>PL.PZGIK.200</sln:powIIPPn><sln:powIIPWersja>2012-09-27T10:07:22+02:00</sln:powIIPWersja><sln:powIdTeryt>3210</sln:powIdTeryt><sln:powNazwa>myśliborski</sln:powNazwa><sln:ulIIPId>804113f0-b6b4-4494-a444-0f1a0e34f66d</sln:ulIIPId><sln:ulIIPPn>PL.PZGIK.200</sln:ulIIPPn><sln:ulIIPWersja>2016-11-24T23:18:23+02:00</sln:ulIIPWersja><sln:ulIdTeryt>01528</sln:ulIdTeryt><sln:ulNazwaGlowna>Boczna</sln:ulNazwaGlowna><sln:ulTyp>ulica</sln:ulTyp><sln:waznyOd>2011-04-10T00:00:00+02:00</sln:waznyOd><sln:wojIIPId>c3f2202a-b491-49c5-a3af-d581108d939a</sln:wojIIPId><sln:wojIIPPn>PL.PZGIK.200</sln:wojIIPPn><sln:wojIIPWersja>2017-10-10T00:00:00+02:00</sln:wojIIPWersja><sln:wojIdTeryt>32</sln:wojIdTeryt><sln:wojNazwa>zachodniopomorskie</sln:wojNazwa></sln:ulica><sln:ulica><sln:cyklZyciaDo>2017-04-03T00:00:00+02:00</sln:cyklZyciaDo><sln:cyklZyciaOd>2015-12-28T00:00:00+01:00</sln:cyklZyciaOd><sln:gmIIPId>de792369-1c9e-47f8-b9a7-ef5da9695483</sln:gmIIPId><sln:gmIIPPn>PL.PZGIK.200</sln:gmIIPPn><sln:gmIIPWersja>2012-09-26T22:34:23+02:00</sln:gmIIPWersja><sln:gmIdTeryt>3210052</sln:gmIdTeryt><sln:gmNazwa>Nowogródek Pomorski</sln:gmNazwa><sln:miejscIIPId>1ac61c03-d238-4177-86cf-63addd26dd50</sln:miejscIIPId><sln:miejscIIPPn>PL.PZGIK.200</sln:miejscIIPPn><sln:miejscIIPWersja>2016-11-24T09:38:19+02:00</sln:miejscIIPWersja><sln:miejscIdTeryt>0185123</sln:miejscIdTeryt><sln:miejscNazwa>Nowogródek Pomorski</sln:miejscNazwa><sln:miejscRodzaj>Wieś</sln:miejscRodzaj><sln:powIIPId>bf9906d2-91eb-4911-8ce0-8c8f3ea1986b</sln:powIIPId><sln:powIIPPn>PL.PZGIK.200</sln:powIIPPn><sln:powIIPWersja>2012-09-27T10:07:22+02:00</sln:powIIPWersja><sln:powIdTeryt>3210</sln:powIdTeryt><sln:powNazwa>myśliborski</sln:powNazwa><sln:ulIIPId>17c4fd96-e402-4719-8cd3-c1bc715d42a9</sln:ulIIPId><sln:ulIIPPn>PL.PZGIK.200</sln:ulIIPPn><sln:ulIIPWersja>2016-11-24T23:18:23+02:00</sln:ulIIPWersja><sln:ulIdTeryt>10009</sln:ulIdTeryt><sln:ulNazwaGlowna>Krótka</sln:ulNazwaGlowna><sln:ulTyp>ulica</sln:ulTyp><sln:waznyOd>2011-04-10T00:00:00+02:00</sln:waznyOd><sln:wojIIPId>c3f2202a-b491-49c5-a3af-d581108d939a</sln:wojIIPId><sln:wojIIPPn>PL.PZGIK.200</sln:wojIIPPn><sln:wojIIPWersja>2017-10-10T00:00:00+02:00</sln:wojIIPWersja><sln:wojIdTeryt>32</sln:wojIdTeryt><sln:wojNazwa>zachodniopomorskie</sln:wojNazwa></sln:ulica><sln:ulica><sln:cyklZyciaDo>2017-04-03T00:00:00+02:00</sln:cyklZyciaDo><sln:cyklZyciaOd>2015-12-28T00:00:00+01:00</sln:cyklZyciaOd><sln:gmIIPId>de792369-1c9e-47f8-b9a7-ef5da9695483</sln:gmIIPId><sln:gmIIPPn>PL.PZGIK.200</sln:gmIIPPn><sln:gmIIPWersja>2012-09-26T22:34:23+02:00</sln:gmIIPWersja><sln:gmIdTeryt>3210052</sln:gmIdTeryt><sln:gmNazwa>Nowogródek Pomorski</sln:gmNazwa><sln:miejscIIPId>1ac61c03-d238-4177-86cf-63addd26dd50</sln:miejscIIPId><sln:miejscIIPPn>PL.PZGIK.200</sln:miejscIIPPn><sln:miejscIIPWersja>2016-11-24T09:38:19+02:00</sln:miejscIIPWersja><sln:miejscIdTeryt>0185123</sln:miejscIdTeryt><sln:miejscNazwa>Nowogródek Pomorski</sln:miejscNazwa><sln:miejscRodzaj>Wieś</sln:miejscRodzaj><sln:powIIPId>bf9906d2-91eb-4911-8ce0-8c8f3ea1986b</sln:powIIPId><sln:powIIPPn>PL.PZGIK.200</sln:powIIPPn><sln:powIIPWersja>2012-09-27T10:07:22+02:00</sln:powIIPWersja><sln:powIdTeryt>3210</sln:powIdTeryt><sln:powNazwa>myśliborski</sln:powNazwa><sln:ulIIPId>9c77bd25-e435-4942-b26b-4d1aac60bf37</sln:ulIIPId><sln:ulIIPPn>PL.PZGIK.200</sln:ulIIPPn><sln:ulIIPWersja>2016-11-24T23:18:23+02:00</sln:ulIIPWersja><sln:ulIdTeryt>00764</sln:ulIdTeryt><sln:ulNazwaGlowna>Barlinecka</sln:ulNazwaGlowna><sln:ulTyp>ulica</sln:ulTyp><sln:waznyOd>2011-04-10T00:00:00+02:00</sln:waznyOd><sln:wojIIPId>c3f2202a-b491-49c5-a3af-d581108d939a</sln:wojIIPId><sln:wojIIPPn>PL.PZGIK.200</sln:wojIIPPn><sln:wojIIPWersja>2017-10-10T00:00:00+02:00</sln:wojIIPWersja><sln:wojIdTeryt>32</sln:wojIdTeryt><sln:wojNazwa>zachodniopomorskie</sln:wojNazwa></sln:ulica><sln:ulica><sln:cyklZyciaDo>2017-04-03T00:00:00+02:00</sln:cyklZyciaDo><sln:cyklZyciaOd>2015-12-28T00:00:00+01:00</sln:cyklZyciaOd><sln:gmIIPId>de792369-1c9e-47f8-b9a7-ef5da9695483</sln:gmIIPId><sln:gmIIPPn>PL.PZGIK.200</sln:gmIIPPn><sln:gmIIPWersja>2012-09-26T22:34:23+02:00</sln:gmIIPWersja><sln:gmIdTeryt>3210052</sln:gmIdTeryt><sln:gmNazwa>Nowogródek Pomorski</sln:gmNazwa><sln:miejscIIPId>1ac61c03-d238-4177-86cf-63addd26dd50</sln:miejscIIPId><sln:miejscIIPPn>PL.PZGIK.200</sln:miejscIIPPn><sln:miejscIIPWersja>2016-11-24T09:38:19+02:00</sln:miejscIIPWersja><sln:miejscIdTeryt>0185123</sln:miejscIdTeryt><sln:miejscNazwa>Nowogródek Pomorski</sln:miejscNazwa><sln:miejscRodzaj>Wieś</sln:miejscRodzaj><sln:powIIPId>bf9906d2-91eb-4911-8ce0-8c8f3ea1986b</sln:powIIPId><sln:powIIPPn>PL.PZGIK.200</sln:powIIPPn><sln:powIIPWersja>2012-09-27T10:07:22+02:00</sln:powIIPWersja><sln:powIdTeryt>3210</sln:powIdTeryt><sln:powNazwa>myśliborski</sln:powNazwa><sln:ulIIPId>545019b7-180a-4551-9653-270b6c3e29a1</sln:ulIIPId><sln:ulIIPPn>PL.PZGIK.200</sln:ulIIPPn><sln:ulIIPWersja>2016-11-24T23:18:23+02:00</sln:ulIIPWersja><sln:ulIdTeryt>21970</sln:ulIdTeryt><sln:ulNazwaGlowna>Szkolna</sln:ulNazwaGlowna><sln:ulTyp>ulica</sln:ulTyp><sln:waznyOd>2011-04-10T00:00:00+02:00</sln:waznyOd><sln:wojIIPId>c3f2202a-b491-49c5-a3af-d581108d939a</sln:wojIIPId><sln:wojIIPPn>PL.PZGIK.200</sln:wojIIPPn><sln:wojIIPWersja>2017-10-10T00:00:00+02:00</sln:wojIIPWersja><sln:wojIdTeryt>32</sln:wojIdTeryt><sln:wojNazwa>zachodniopomorskie</sln:wojNazwa></sln:ulica><sln:ulica><sln:cyklZyciaDo>2017-04-03T00:00:00+02:00</sln:cyklZyciaDo><sln:cyklZyciaOd>2015-12-28T00:00:00+01:00</sln:cyklZyciaOd><sln:gmIIPId>de792369-1c9e-47f8-b9a7-ef5da9695483</sln:gmIIPId><sln:gmIIPPn>PL.PZGIK.200</sln:gmIIPPn><sln:gmIIPWersja>2012-09-26T22:34:23+02:00</sln:gmIIPWersja><sln:gmIdTeryt>3210052</sln:gmIdTeryt><sln:gmNazwa>Nowogródek Pomorski</sln:gmNazwa><sln:miejscIIPId>1ac61c03-d238-4177-86cf-63addd26dd50</sln:miejscIIPId><sln:miejscIIPPn>PL.PZGIK.200</sln:miejscIIPPn><sln:miejscIIPWersja>2016-11-24T09:38:19+02:00</sln:miejscIIPWersja><sln:miejscIdTeryt>0185123</sln:miejscIdTeryt><sln:miejscNazwa>Nowogródek Pomorski</sln:miejscNazwa><sln:miejscRodzaj>Wieś</sln:miejscRodzaj><sln:powIIPId>bf9906d2-91eb-4911-8ce0-8c8f3ea1986b</sln:powIIPId><sln:powIIPPn>PL.PZGIK.200</sln:powIIPPn><sln:powIIPWersja>2012-09-27T10:07:22+02:00</sln:powIIPWersja><sln:powIdTeryt>3210</sln:powIdTeryt><sln:powNazwa>myśliborski</sln:powNazwa><sln:ulIIPId>eb0c4fff-4309-4862-b0f5-161e02a1e193</sln:ulIIPId><sln:ulIIPPn>PL.PZGIK.200</sln:ulIIPPn><sln:ulIIPWersja>2016-11-24T23:18:23+02:00</sln:ulIIPWersja><sln:ulIdTeryt>24048</sln:ulIdTeryt><sln:ulNazwaGlowna>Wiejska</sln:ulNazwaGlowna><sln:ulTyp>ulica</sln:ulTyp><sln:waznyOd>2011-04-10T00:00:00+02:00</sln:waznyOd><sln:wojIIPId>c3f2202a-b491-49c5-a3af-d581108d939a</sln:wojIIPId><sln:wojIIPPn>PL.PZGIK.200</sln:wojIIPPn><sln:wojIIPWersja>2017-10-10T00:00:00+02:00</sln:wojIIPWersja><sln:wojIdTeryt>32</sln:wojIdTeryt><sln:wojNazwa>zachodniopomorskie</sln:wojNazwa></sln:ulica><sln:ulica><sln:cyklZyciaDo>2017-04-03T00:00:00+02:00</sln:cyklZyciaDo><sln:cyklZyciaOd>2015-12-28T00:00:00+01:00</sln:cyklZyciaOd><sln:gmIIPId>de792369-1c9e-47f8-b9a7-ef5da9695483</sln:gmIIPId><sln:gmIIPPn>PL.PZGIK.200</sln:gmIIPPn><sln:gmIIPWersja>2012-09-26T22:34:23+02:00</sln:gmIIPWersja><sln:gmIdTeryt>3210052</sln:gmIdTeryt><sln:gmNazwa>Nowogródek Pomorski</sln:gmNazwa><sln:miejscIIPId>1ac61c03-d238-4177-86cf-63addd26dd50</sln:miejscIIPId><sln:miejscIIPPn>PL.PZGIK.200</sln:miejscIIPPn><sln:miejscIIPWersja>2016-11-24T09:38:19+02:00</sln:miejscIIPWersja><sln:miejscIdTeryt>0185123</sln:miejscIdTeryt><sln:miejscNazwa>Nowogródek Pomorski</sln:miejscNazwa><sln:miejscRodzaj>Wieś</sln:miejscRodzaj><sln:powIIPId>bf9906d2-91eb-4911-8ce0-8c8f3ea1986b</sln:powIIPId><sln:powIIPPn>PL.PZGIK.200</sln:powIIPPn><sln:powIIPWersja>2012-09-27T10:07:22+02:00</sln:powIIPWersja><sln:powIdTeryt>3210</sln:powIdTeryt><sln:powNazwa>myśliborski</sln:powNazwa><sln:ulIIPId>cfaf27ed-a32a-4f13-9532-9308f0a4dc6e</sln:ulIIPId><sln:ulIIPPn>PL.PZGIK.200</sln:ulIIPPn><sln:ulIIPWersja>2016-11-24T23:18:23+02:00</sln:ulIIPWersja><sln:ulIdTeryt>11112</sln:ulIdTeryt><sln:ulNazwaGlowna>Lipiańska</sln:ulNazwaGlowna><sln:ulTyp>ulica</sln:ulTyp><sln:waznyOd>2011-04-10T00:00:00+02:00</sln:waznyOd><sln:wojIIPId>c3f2202a-b491-49c5-a3af-d581108d939a</sln:wojIIPId><sln:wojIIPPn>PL.PZGIK.200</sln:wojIIPPn><sln:wojIIPWersja>2017-10-10T00:00:00+02:00</sln:wojIIPWersja><sln:wojIdTeryt>32</sln:wojIdTeryt><sln:wojNazwa>zachodniopomorskie</sln:wojNazwa></sln:ulica><sln:ulica><sln:cyklZyciaDo>2017-04-03T00:00:00+02:00</sln:cyklZyciaDo><sln:cyklZyciaOd>2015-12-28T00:00:00+01:00</sln:cyklZyciaOd><sln:gmIIPId>de792369-1c9e-47f8-b9a7-ef5da9695483</sln:gmIIPId><sln:gmIIPPn>PL.PZGIK.200</sln:gmIIPPn><sln:gmIIPWersja>2012-09-26T22:34:23+02:00</sln:gmIIPWersja><sln:gmIdTeryt>3210052</sln:gmIdTeryt><sln:gmNazwa>Nowogródek Pomorski</sln:gmNazwa><sln:miejscIIPId>1ac61c03-d238-4177-86cf-63addd26dd50</sln:miejscIIPId><sln:miejscIIPPn>PL.PZGIK.200</sln:miejscIIPPn><sln:miejscIIPWersja>2016-11-24T09:38:19+02:00</sln:miejscIIPWersja><sln:miejscIdTeryt>0185123</sln:miejscIdTeryt><sln:miejscNazwa>Nowogródek Pomorski</sln:miejscNazwa><sln:miejscRodzaj>Wieś</sln:miejscRodzaj><sln:powIIPId>bf9906d2-91eb-4911-8ce0-8c8f3ea1986b</sln:powIIPId><sln:powIIPPn>PL.PZGIK.200</sln:powIIPPn><sln:powIIPWersja>2012-09-27T10:07:22+02:00</sln:powIIPWersja><sln:powIdTeryt>3210</sln:powIdTeryt><sln:powNazwa>myśliborski</sln:powNazwa><sln:ulIIPId>c4fec4fd-af23-4b27-9c1a-b0f266cd068f</sln:ulIIPId><sln:ulIIPPn>PL.PZGIK.200</sln:ulIIPPn><sln:ulIIPWersja>2016-11-24T23:18:23+02:00</sln:ulIIPWersja><sln:ulIdTeryt>17088</sln:ulIdTeryt><sln:ulNazwaGlowna>Pomorska</sln:ulNazwaGlowna><sln:ulTyp>ulica</sln:ulTyp><sln:waznyOd>2011-04-10T00:00:00+02:00</sln:waznyOd><sln:wojIIPId>c3f2202a-b491-49c5-a3af-d581108d939a</sln:wojIIPId><sln:wojIIPPn>PL.PZGIK.200</sln:wojIIPPn><sln:wojIIPWersja>2017-10-10T00:00:00+02:00</sln:wojIIPWersja><sln:wojIdTeryt>32</sln:wojIdTeryt><sln:wojNazwa>zachodniopomorskie</sln:wojNazwa></sln:ulica><sln:ulica><sln:cyklZyciaDo>2017-04-03T00:00:00+02:00</sln:cyklZyciaDo><sln:cyklZyciaOd>2015-12-28T00:00:00+01:00</sln:cyklZyciaOd><sln:gmIIPId>de792369-1c9e-47f8-b9a7-ef5da9695483</sln:gmIIPId><sln:gmIIPPn>PL.PZGIK.200</sln:gmIIPPn><sln:gmIIPWersja>2012-09-26T22:34:23+02:00</sln:gmIIPWersja><sln:gmIdTeryt>3210052</sln:gmIdTeryt><sln:gmNazwa>Nowogródek Pomorski</sln:gmNazwa><sln:miejscIIPId>1ac61c03-d238-4177-86cf-63addd26dd50</sln:miejscIIPId><sln:miejscIIPPn>PL.PZGIK.200</sln:miejscIIPPn><sln:miejscIIPWersja>2016-11-24T09:38:19+02:00</sln:miejscIIPWersja><sln:miejscIdTeryt>0185123</sln:miejscIdTeryt><sln:miejscNazwa>Nowogródek Pomorski</sln:miejscNazwa><sln:miejscRodzaj>Wieś</sln:miejscRodzaj><sln:powIIPId>bf9906d2-91eb-4911-8ce0-8c8f3ea1986b</sln:powIIPId><sln:powIIPPn>PL.PZGIK.200</sln:powIIPPn><sln:powIIPWersja>2012-09-27T10:07:22+02:00</sln:powIIPWersja><sln:powIdTeryt>3210</sln:powIdTeryt><sln:powNazwa>myśliborski</sln:powNazwa><sln:ulIIPId>8bc94277-400d-40c2-b458-27320f8c56bc</sln:ulIIPId><sln:ulIIPPn>PL.PZGIK.200</sln:ulIIPPn><sln:ulIIPWersja>2016-11-24T23:18:23+02:00</sln:ulIIPWersja><sln:ulIdTeryt>11596</sln:ulIdTeryt><sln:ulNazwaGlowna>Łąkowa</sln:ulNazwaGlowna><sln:ulTyp>ulica</sln:ulTyp><sln:waznyOd>2011-04-10T00:00:00+02:00</sln:waznyOd><sln:wojIIPId>c3f2202a-b491-49c5-a3af-d581108d939a</sln:wojIIPId><sln:wojIIPPn>PL.PZGIK.200</sln:wojIIPPn><sln:wojIIPWersja>2017-10-10T00:00:00+02:00</sln:wojIIPWersja><sln:wojIdTeryt>32</sln:wojIdTeryt><sln:wojNazwa>zachodniopomorskie</sln:wojNazwa></sln:ulica><sln:ulica><sln:cyklZyciaDo>2017-04-03T00:00:00+02:00</sln:cyklZyciaDo><sln:cyklZyciaOd>2015-12-28T00:00:00+01:00</sln:cyklZyciaOd><sln:gmIIPId>de792369-1c9e-47f8-b9a7-ef5da9695483</sln:gmIIPId><sln:gmIIPPn>PL.PZGIK.200</sln:gmIIPPn><sln:gmIIPWersja>2012-09-26T22:34:23+02:00</sln:gmIIPWersja><sln:gmIdTeryt>3210052</sln:gmIdTeryt><sln:gmNazwa>Nowogródek Pomorski</sln:gmNazwa><sln:miejscIIPId>1ac61c03-d238-4177-86cf-63addd26dd50</sln:miejscIIPId><sln:miejscIIPPn>PL.PZGIK.200</sln:miejscIIPPn><sln:miejscIIPWersja>2016-11-24T09:38:19+02:00</sln:miejscIIPWersja><sln:miejscIdTeryt>0185123</sln:miejscIdTeryt><sln:miejscNazwa>Nowogródek Pomorski</sln:miejscNazwa><sln:miejscRodzaj>Wieś</sln:miejscRodzaj><sln:powIIPId>bf9906d2-91eb-4911-8ce0-8c8f3ea1986b</sln:powIIPId><sln:powIIPPn>PL.PZGIK.200</sln:powIIPPn><sln:powIIPWersja>2012-09-27T10:07:22+02:00</sln:powIIPWersja><sln:powIdTeryt>3210</sln:powIdTeryt><sln:powNazwa>myśliborski</sln:powNazwa><sln:ulIIPId>ff300ab2-d2e5-4f3f-9e94-b87a4bafc6b7</sln:ulIIPId><sln:ulIIPPn>PL.PZGIK.200</sln:ulIIPPn><sln:ulIIPWersja>2016-11-24T23:18:23+02:00</sln:ulIIPWersja><sln:ulIdTeryt>17011</sln:ulIdTeryt><sln:ulNazwaGlowna>Polna</sln:ulNazwaGlowna><sln:ulTyp>ulica</sln:ulTyp><sln:waznyOd>2011-04-10T00:00:00+02:00</sln:waznyOd><sln:wojIIPId>c3f2202a-b491-49c5-a3af-d581108d939a</sln:wojIIPId><sln:wojIIPPn>PL.PZGIK.200</sln:wojIIPPn><sln:wojIIPWersja>2017-10-10T00:00:00+02:00</sln:wojIIPWersja><sln:wojIdTeryt>32</sln:wojIdTeryt><sln:wojNazwa>zachodniopomorskie</sln:wojNazwa></sln:ulica><sln:ulica><sln:cyklZyciaDo>2017-04-03T00:00:00+02:00</sln:cyklZyciaDo><sln:cyklZyciaOd>2015-12-28T00:00:00+01:00</sln:cyklZyciaOd><sln:gmIIPId>de792369-1c9e-47f8-b9a7-ef5da9695483</sln:gmIIPId><sln:gmIIPPn>PL.PZGIK.200</sln:gmIIPPn><sln:gmIIPWersja>2012-09-26T22:34:23+02:00</sln:gmIIPWersja><sln:gmIdTeryt>3210052</sln:gmIdTeryt><sln:gmNazwa>Nowogródek Pomorski</sln:gmNazwa><sln:miejscIIPId>1ac61c03-d238-4177-86cf-63addd26dd50</sln:miejscIIPId><sln:miejscIIPPn>PL.PZGIK.200</sln:miejscIIPPn><sln:miejscIIPWersja>2016-11-24T09:38:19+02:00</sln:miejscIIPWersja><sln:miejscIdTeryt>0185123</sln:miejscIdTeryt><sln:miejscNazwa>Nowogródek Pomorski</sln:miejscNazwa><sln:miejscRodzaj>Wieś</sln:miejscRodzaj><sln:powIIPId>bf9906d2-91eb-4911-8ce0-8c8f3ea1986b</sln:powIIPId><sln:powIIPPn>PL.PZGIK.200</sln:powIIPPn><sln:powIIPWersja>2012-09-27T10:07:22+02:00</sln:powIIPWersja><sln:powIdTeryt>3210</sln:powIdTeryt><sln:powNazwa>myśliborski</sln:powNazwa><sln:ulIIPId>af41d873-4e7e-4351-8132-2268091d6946</sln:ulIIPId><sln:ulIIPPn>PL.PZGIK.200</sln:ulIIPPn><sln:ulIIPWersja>2016-11-24T23:18:23+02:00</sln:ulIIPWersja><sln:ulIdTeryt>05082</sln:ulIdTeryt><sln:ulNazwaGlowna>Plac Świętego Floriana</sln:ulNazwaGlowna><sln:ulTyp>plac</sln:ulTyp><sln:waznyOd>2011-04-10T00:00:00+02:00</sln:waznyOd><sln:wojIIPId>c3f2202a-b491-49c5-a3af-d581108d939a</sln:wojIIPId><sln:wojIIPPn>PL.PZGIK.200</sln:wojIIPPn><sln:wojIIPWersja>2017-10-10T00:00:00+02:00</sln:wojIIPWersja><sln:wojIdTeryt>32</sln:wojIdTeryt><sln:wojNazwa>zachodniopomorskie</sln:wojNazwa></sln:ulica><sln:ulica><sln:cyklZyciaDo>2017-04-03T00:00:00+02:00</sln:cyklZyciaDo><sln:cyklZyciaOd>2015-12-28T00:00:00+01:00</sln:cyklZyciaOd><sln:gmIIPId>de792369-1c9e-47f8-b9a7-ef5da9695483</sln:gmIIPId><sln:gmIIPPn>PL.PZGIK.200</sln:gmIIPPn><sln:gmIIPWersja>2012-09-26T22:34:23+02:00</sln:gmIIPWersja><sln:gmIdTeryt>3210052</sln:gmIdTeryt><sln:gmNazwa>Nowogródek Pomorski</sln:gmNazwa><sln:miejscIIPId>75b1864a-6f9e-4392-a0a0-7018852b877f</sln:miejscIIPId><sln:miejscIIPPn>PL.PZGIK.200</sln:miejscIIPPn><sln:miejscIIPWersja>2016-11-24T09:38:19+02:00</sln:miejscIIPWersja><sln:miejscIdTeryt>0185086</sln:miejscIdTeryt><sln:miejscNazwa>Karsko</sln:miejscNazwa><sln:miejscRodzaj>Wieś</sln:miejscRodzaj><sln:powIIPId>bf9906d2-91eb-4911-8ce0-8c8f3ea1986b</sln:powIIPId><sln:powIIPPn>PL.PZGIK.200</sln:powIIPPn><sln:powIIPWersja>2012-09-27T10:07:22+02:00</sln:powIIPWersja><sln:powIdTeryt>3210</sln:powIdTeryt><sln:powNazwa>myśliborski</sln:powNazwa><sln:ulIIPId>ad4fc75f-cf1e-4d69-b746-20e36e5355c6</sln:ulIIPId><sln:ulIIPPn>PL.PZGIK.200</sln:ulIIPPn><sln:ulIIPWersja>2016-11-24T23:18:23+02:00</sln:ulIIPWersja><sln:ulIdTeryt>12832</sln:ulIdTeryt><sln:ulNazwaGlowna>Mieszka I</sln:ulNazwaGlowna><sln:ulTyp>ulica</sln:ulTyp><sln:waznyOd>2011-04-10T00:00:00+02:00</sln:waznyOd><sln:wojIIPId>c3f2202a-b491-49c5-a3af-d581108d939a</sln:wojIIPId><sln:wojIIPPn>PL.PZGIK.200</sln:wojIIPPn><sln:wojIIPWersja>2017-10-10T00:00:00+02:00</sln:wojIIPWersja><sln:wojIdTeryt>32</sln:wojIdTeryt><sln:wojNazwa>zachodniopomorskie</sln:wojNazwa></sln:ulica><sln:ulica><sln:cyklZyciaDo>2017-04-03T00:00:00+02:00</sln:cyklZyciaDo><sln:cyklZyciaOd>2015-12-28T00:00:00+01:00</sln:cyklZyciaOd><sln:gmIIPId>de792369-1c9e-47f8-b9a7-ef5da9695483</sln:gmIIPId><sln:gmIIPPn>PL.PZGIK.200</sln:gmIIPPn><sln:gmIIPWersja>2012-09-26T22:34:23+02:00</sln:gmIIPWersja><sln:gmIdTeryt>3210052</sln:gmIdTeryt><sln:gmNazwa>Nowogródek Pomorski</sln:gmNazwa><sln:miejscIIPId>75b1864a-6f9e-4392-a0a0-7018852b877f</sln:miejscIIPId><sln:miejscIIPPn>PL.PZGIK.200</sln:miejscIIPPn><sln:miejscIIPWersja>2016-11-24T09:38:19+02:00</sln:miejscIIPWersja><sln:miejscIdTeryt>0185086</sln:miejscIdTeryt><sln:miejscNazwa>Karsko</sln:miejscNazwa><sln:miejscRodzaj>Wieś</sln:miejscRodzaj><sln:powIIPId>bf9906d2-91eb-4911-8ce0-8c8f3ea1986b</sln:powIIPId><sln:powIIPPn>PL.PZGIK.200</sln:powIIPPn><sln:powIIPWersja>2012-09-27T10:07:22+02:00</sln:powIIPWersja><sln:powIdTeryt>3210</sln:powIdTeryt><sln:powNazwa>myśliborski</sln:powNazwa><sln:ulIIPId>145d5c7b-1f9a-4f92-9942-dfb6280fbcda</sln:ulIIPId><sln:ulIIPPn>PL.PZGIK.200</sln:ulIIPPn><sln:ulIIPWersja>2016-11-24T23:18:23+02:00</sln:ulIIPWersja><sln:ulIdTeryt>05839</sln:ulIdTeryt><sln:ulNazwaGlowna>Gorzowska</sln:ulNazwaGlowna><sln:ulTyp>ulica</sln:ulTyp><sln:waznyOd>2011-04-10T00:00:00+02:00</sln:waznyOd><sln:wojIIPId>c3f2202a-b491-49c5-a3af-d581108d939a</sln:wojIIPId><sln:wojIIPPn>PL.PZGIK.200</sln:wojIIPPn><sln:wojIIPWersja>2017-10-10T00:00:00+02:00</sln:wojIIPWersja><sln:wojIdTeryt>32</sln:wojIdTeryt><sln:wojNazwa>zachodniopomorskie</sln:wojNazwa></sln:ulica><sln:ulica><sln:cyklZyciaDo>2017-04-03T00:00:00+02:00</sln:cyklZyciaDo><sln:cyklZyciaOd>2015-12-28T00:00:00+01:00</sln:cyklZyciaOd><sln:gmIIPId>de792369-1c9e-47f8-b9a7-ef5da9695483</sln:gmIIPId><sln:gmIIPPn>PL.PZGIK.200</sln:gmIIPPn><sln:gmIIPWersja>2012-09-26T22:34:23+02:00</sln:gmIIPWersja><sln:gmIdTeryt>3210052</sln:gmIdTeryt><sln:gmNazwa>Nowogródek Pomorski</sln:gmNazwa><sln:miejscIIPId>75b1864a-6f9e-4392-a0a0-7018852b877f</sln:miejscIIPId><sln:miejscIIPPn>PL.PZGIK.200</sln:miejscIIPPn><sln:miejscIIPWersja>2016-11-24T09:38:19+02:00</sln:miejscIIPWersja><sln:miejscIdTeryt>0185086</sln:miejscIdTeryt><sln:miejscNazwa>Karsko</sln:miejscNazwa><sln:miejscRodzaj>Wieś</sln:miejscRodzaj><sln:powIIPId>bf9906d2-91eb-4911-8ce0-8c8f3ea1986b</sln:powIIPId><sln:powIIPPn>PL.PZGIK.200</sln:powIIPPn><sln:powIIPWersja>2012-09-27T10:07:22+02:00</sln:powIIPWersja><sln:powIdTeryt>3210</sln:powIdTeryt><sln:powNazwa>myśliborski</sln:powNazwa><sln:ulIIPId>41bfc7bd-68f5-429d-b0c9-3c0434471646</sln:ulIIPId><sln:ulIIPPn>PL.PZGIK.200</sln:ulIIPPn><sln:ulIIPWersja>2016-11-24T23:18:23+02:00</sln:ulIIPWersja><sln:ulIdTeryt>14834</sln:ulIdTeryt><sln:ulNazwaGlowna>Ogrodowa</sln:ulNazwaGlowna><sln:ulTyp>ulica</sln:ulTyp><sln:waznyOd>2011-04-10T00:00:00+02:00</sln:waznyOd><sln:wojIIPId>c3f2202a-b491-49c5-a3af-d581108d939a</sln:wojIIPId><sln:wojIIPPn>PL.PZGIK.200</sln:wojIIPPn><sln:wojIIPWersja>2017-10-10T00:00:00+02:00</sln:wojIIPWersja><sln:wojIdTeryt>32</sln:wojIdTeryt><sln:wojNazwa>zachodniopomorskie</sln:wojNazwa></sln:ulica><sln:ulica><sln:cyklZyciaDo>2017-04-03T00:00:00+02:00</sln:cyklZyciaDo><sln:cyklZyciaOd>2015-12-28T00:00:00+01:00</sln:cyklZyciaOd><sln:gmIIPId>de792369-1c9e-47f8-b9a7-ef5da9695483</sln:gmIIPId><sln:gmIIPPn>PL.PZGIK.200</sln:gmIIPPn><sln:gmIIPWersja>2012-09-26T22:34:23+02:00</sln:gmIIPWersja><sln:gmIdTeryt>3210052</sln:gmIdTeryt><sln:gmNazwa>Nowogródek Pomorski</sln:gmNazwa><sln:miejscIIPId>75b1864a-6f9e-4392-a0a0-7018852b877f</sln:miejscIIPId><sln:miejscIIPPn>PL.PZGIK.200</sln:miejscIIPPn><sln:miejscIIPWersja>2016-11-24T09:38:19+02:00</sln:miejscIIPWersja><sln:miejscIdTeryt>0185086</sln:miejscIdTeryt><sln:miejscNazwa>Karsko</sln:miejscNazwa><sln:miejscRodzaj>Wieś</sln:miejscRodzaj><sln:powIIPId>bf9906d2-91eb-4911-8ce0-8c8f3ea1986b</sln:powIIPId><sln:powIIPPn>PL.PZGIK.200</sln:powIIPPn><sln:powIIPWersja>2012-09-27T10:07:22+02:00</sln:powIIPWersja><sln:powIdTeryt>3210</sln:powIdTeryt><sln:powNazwa>myśliborski</sln:powNazwa><sln:ulIIPId>38e66e43-dc1a-419f-8864-ec5c6c2e618b</sln:ulIIPId><sln:ulIIPPn>PL.PZGIK.200</sln:ulIIPPn><sln:ulIIPWersja>2016-11-24T23:18:23+02:00</sln:ulIIPWersja><sln:ulIdTeryt>16290</sln:ulIdTeryt><sln:ulNazwaGlowna>Pionierów</sln:ulNazwaGlowna><sln:ulTyp>ulica</sln:ulTyp><sln:waznyOd>2011-04-10T00:00:00+02:00</sln:waznyOd><sln:wojIIPId>c3f2202a-b491-49c5-a3af-d581108d939a</sln:wojIIPId><sln:wojIIPPn>PL.PZGIK.200</sln:wojIIPPn><sln:wojIIPWersja>2017-10-10T00:00:00+02:00</sln:wojIIPWersja><sln:wojIdTeryt>32</sln:wojIdTeryt><sln:wojNazwa>zachodniopomorskie</sln:wojNazwa></sln:ulica><sln:ulica><sln:cyklZyciaDo>2017-04-03T00:00:00+02:00</sln:cyklZyciaDo><sln:cyklZyciaOd>2015-12-28T00:00:00+01:00</sln:cyklZyciaOd><sln:gmIIPId>de792369-1c9e-47f8-b9a7-ef5da9695483</sln:gmIIPId><sln:gmIIPPn>PL.PZGIK.200</sln:gmIIPPn><sln:gmIIPWersja>2012-09-26T22:34:23+02:00</sln:gmIIPWersja><sln:gmIdTeryt>3210052</sln:gmIdTeryt><sln:gmNazwa>Nowogródek Pomorski</sln:gmNazwa><sln:miejscIIPId>75b1864a-6f9e-4392-a0a0-7018852b877f</sln:miejscIIPId><sln:miejscIIPPn>PL.PZGIK.200</sln:miejscIIPPn><sln:miejscIIPWersja>2016-11-24T09:38:19+02:00</sln:miejscIIPWersja><sln:miejscIdTeryt>0185086</sln:miejscIdTeryt><sln:miejscNazwa>Karsko</sln:miejscNazwa><sln:miejscRodzaj>Wieś</sln:miejscRodzaj><sln:powIIPId>bf9906d2-91eb-4911-8ce0-8c8f3ea1986b</sln:powIIPId><sln:powIIPPn>PL.PZGIK.200</sln:powIIPPn><sln:powIIPWersja>2012-09-27T10:07:22+02:00</sln:powIIPWersja><sln:powIdTeryt>3210</sln:powIdTeryt><sln:powNazwa>myśliborski</sln:powNazwa><sln:ulIIPId>dbfd212e-6160-4648-98f8-8b71f5aeedf8</sln:ulIIPId><sln:ulIIPPn>PL.PZGIK.200</sln:ulIIPPn><sln:ulIIPWersja>2016-11-24T23:18:23+02:00</sln:ulIIPWersja><sln:ulIdTeryt>17011</sln:ulIdTeryt><sln:ulNazwaGlowna>Polna</sln:ulNazwaGlowna><sln:ulTyp>ulica</sln:ulTyp><sln:waznyOd>2011-04-10T00:00:00+02:00</sln:waznyOd><sln:wojIIPId>c3f2202a-b491-49c5-a3af-d581108d939a</sln:wojIIPId><sln:wojIIPPn>PL.PZGIK.200</sln:wojIIPPn><sln:wojIIPWersja>2017-10-10T00:00:00+02:00</sln:wojIIPWersja><sln:wojIdTeryt>32</sln:wojIdTeryt><sln:wojNazwa>zachodniopomorskie</sln:wojNazwa></sln:ulica><sln:ulica><sln:cyklZyciaDo>2017-04-03T00:00:00+02:00</sln:cyklZyciaDo><sln:cyklZyciaOd>2015-12-28T00:00:00+01:00</sln:cyklZyciaOd><sln:gmIIPId>de792369-1c9e-47f8-b9a7-ef5da9695483</sln:gmIIPId><sln:gmIIPPn>PL.PZGIK.200</sln:gmIIPPn><sln:gmIIPWersja>2012-09-26T22:34:23+02:00</sln:gmIIPWersja><sln:gmIdTeryt>3210052</sln:gmIdTeryt><sln:gmNazwa>Nowogródek Pomorski</sln:gmNazwa><sln:miejscIIPId>1ac61c03-d238-4177-86cf-63addd26dd50</sln:miejscIIPId><sln:miejscIIPPn>PL.PZGIK.200</sln:miejscIIPPn><sln:miejscIIPWersja>2016-11-24T09:38:19+02:00</sln:miejscIIPWersja><sln:miejscIdTeryt>0185123</sln:miejscIdTeryt><sln:miejscNazwa>Nowogródek Pomorski</sln:miejscNazwa><sln:miejscRodzaj>Wieś</sln:miejscRodzaj><sln:powIIPId>bf9906d2-91eb-4911-8ce0-8c8f3ea1986b</sln:powIIPId><sln:powIIPPn>PL.PZGIK.200</sln:powIIPPn><sln:powIIPWersja>2012-09-27T10:07:22+02:00</sln:powIIPWersja><sln:powIdTeryt>3210</sln:powIdTeryt><sln:powNazwa>myśliborski</sln:powNazwa><sln:ulIIPId>950d30f3-3eea-4624-b71b-e7466996b42f</sln:ulIIPId><sln:ulIIPPn>PL.PZGIK.200</sln:ulIIPPn><sln:ulIIPWersja>2016-11-24T23:18:23+02:00</sln:ulIIPWersja><sln:ulIdTeryt>00072</sln:ulIdTeryt><sln:ulNazwaGlowna>700-lecia</sln:ulNazwaGlowna><sln:ulTyp>ulica</sln:ulTyp><sln:waznyOd>2011-04-10T00:00:00+02:00</sln:waznyOd><sln:wojIIPId>c3f2202a-b491-49c5-a3af-d581108d939a</sln:wojIIPId><sln:wojIIPPn>PL.PZGIK.200</sln:wojIIPPn><sln:wojIIPWersja>2017-10-10T00:00:00+02:00</sln:wojIIPWersja><sln:wojIdTeryt>32</sln:wojIdTeryt><sln:wojNazwa>zachodniopomorskie</sln:wojNazwa></sln:ulica><sln:ulica><sln:cyklZyciaDo>2017-04-03T00:00:00+02:00</sln:cyklZyciaDo><sln:cyklZyciaOd>2015-12-28T00:00:00+01:00</sln:cyklZyciaOd><sln:gmIIPId>de792369-1c9e-47f8-b9a7-ef5da9695483</sln:gmIIPId><sln:gmIIPPn>PL.PZGIK.200</sln:gmIIPPn><sln:gmIIPWersja>2012-09-26T22:34:23+02:00</sln:gmIIPWersja><sln:gmIdTeryt>3210052</sln:gmIdTeryt><sln:gmNazwa>Nowogródek Pomorski</sln:gmNazwa><sln:miejscIIPId>1ac61c03-d238-4177-86cf-63addd26dd50</sln:miejscIIPId><sln:miejscIIPPn>PL.PZGIK.200</sln:miejscIIPPn><sln:miejscIIPWersja>2016-11-24T09:38:19+02:00</sln:miejscIIPWersja><sln:miejscIdTeryt>0185123</sln:miejscIdTeryt><sln:miejscNazwa>Nowogródek Pomorski</sln:miejscNazwa><sln:miejscRodzaj>Wieś</sln:miejscRodzaj><sln:powIIPId>bf9906d2-91eb-4911-8ce0-8c8f3ea1986b</sln:powIIPId><sln:powIIPPn>PL.PZGIK.200</sln:powIIPPn><sln:powIIPWersja>2012-09-27T10:07:22+02:00</sln:powIIPWersja><sln:powIdTeryt>3210</sln:powIdTeryt><sln:powNazwa>myśliborski</sln:powNazwa><sln:ulIIPId>91af2e48-e4e8-48dd-84f7-f0ecc411382f</sln:ulIIPId><sln:ulIIPPn>PL.PZGIK.200</sln:ulIIPPn><sln:ulIIPWersja>2016-11-24T23:18:23+02:00</sln:ulIIPWersja><sln:ulIdTeryt>12740</sln:ulIdTeryt><sln:ulNazwaGlowna>Adama Mickiewicza</sln:ulNazwaGlowna><sln:ulTyp>ulica</sln:ulTyp><sln:waznyOd>2011-04-10T00:00:00+02:00</sln:waznyOd><sln:wojIIPId>c3f2202a-b491-49c5-a3af-d581108d939a</sln:wojIIPId><sln:wojIIPPn>PL.PZGIK.200</sln:wojIIPPn><sln:wojIIPWersja>2017-10-10T00:00:00+02:00</sln:wojIIPWersja><sln:wojIdTeryt>32</sln:wojIdTeryt><sln:wojNazwa>zachodniopomorskie</sln:wojNazwa></sln:ulica><sln:ulica><sln:cyklZyciaDo>2017-04-03T00:00:00+02:00</sln:cyklZyciaDo><sln:cyklZyciaOd>2015-12-28T00:00:00+01:00</sln:cyklZyciaOd><sln:gmIIPId>de792369-1c9e-47f8-b9a7-ef5da9695483</sln:gmIIPId><sln:gmIIPPn>PL.PZGIK.200</sln:gmIIPPn><sln:gmIIPWersja>2012-09-26T22:34:23+02:00</sln:gmIIPWersja><sln:gmIdTeryt>3210052</sln:gmIdTeryt><sln:gmNazwa>Nowogródek Pomorski</sln:gmNazwa><sln:miejscIIPId>75b1864a-6f9e-4392-a0a0-7018852b877f</sln:miejscIIPId><sln:miejscIIPPn>PL.PZGIK.200</sln:miejscIIPPn><sln:miejscIIPWersja>2016-11-24T09:38:19+02:00</sln:miejscIIPWersja><sln:miejscIdTeryt>0185086</sln:miejscIdTeryt><sln:miejscNazwa>Karsko</sln:miejscNazwa><sln:miejscRodzaj>Wieś</sln:miejscRodzaj><sln:powIIPId>bf9906d2-91eb-4911-8ce0-8c8f3ea1986b</sln:powIIPId><sln:powIIPPn>PL.PZGIK.200</sln:powIIPPn><sln:powIIPWersja>2012-09-27T10:07:22+02:00</sln:powIIPWersja><sln:powIdTeryt>3210</sln:powIdTeryt><sln:powNazwa>myśliborski</sln:powNazwa><sln:ulIIPId>609c470e-e90e-4e8b-8a20-f0247d11319e</sln:ulIIPId><sln:ulIIPPn>PL.PZGIK.200</sln:ulIIPPn><sln:ulIIPWersja>2016-11-24T23:18:23+02:00</sln:ulIIPWersja><sln:ulIdTeryt>07434</sln:ulIdTeryt><sln:ulNazwaGlowna>Plac Jedności Narodowej</sln:ulNazwaGlowna><sln:ulTyp>ulica</sln:ulTyp><sln:waznyOd>2011-04-10T00:00:00+02:00</sln:waznyOd><sln:wojIIPId>c3f2202a-b491-49c5-a3af-d581108d939a</sln:wojIIPId><sln:wojIIPPn>PL.PZGIK.200</sln:wojIIPPn><sln:wojIIPWersja>2017-10-10T00:00:00+02:00</sln:wojIIPWersja><sln:wojIdTeryt>32</sln:wojIdTeryt><sln:wojNazwa>zachodniopomorskie</sln:wojNazwa></sln:ulica><sln:ulica><sln:cyklZyciaDo>2017-04-03T00:00:00+02:00</sln:cyklZyciaDo><sln:cyklZyciaOd>2015-12-28T00:00:00+01:00</sln:cyklZyciaOd><sln:gmIIPId>de792369-1c9e-47f8-b9a7-ef5da9695483</sln:gmIIPId><sln:gmIIPPn>PL.PZGIK.200</sln:gmIIPPn><sln:gmIIPWersja>2012-09-26T22:34:23+02:00</sln:gmIIPWersja><sln:gmIdTeryt>3210052</sln:gmIdTeryt><sln:gmNazwa>Nowogródek Pomorski</sln:gmNazwa><sln:miejscIIPId>75b1864a-6f9e-4392-a0a0-7018852b877f</sln:miejscIIPId><sln:miejscIIPPn>PL.PZGIK.200</sln:miejscIIPPn><sln:miejscIIPWersja>2016-11-24T09:38:19+02:00</sln:miejscIIPWersja><sln:miejscIdTeryt>0185086</sln:miejscIdTeryt><sln:miejscNazwa>Karsko</sln:miejscNazwa><sln:miejscRodzaj>Wieś</sln:miejscRodzaj><sln:powIIPId>bf9906d2-91eb-4911-8ce0-8c8f3ea1986b</sln:powIIPId><sln:powIIPPn>PL.PZGIK.200</sln:powIIPPn><sln:powIIPWersja>2012-09-27T10:07:22+02:00</sln:powIIPWersja><sln:powIdTeryt>3210</sln:powIdTeryt><sln:powNazwa>myśliborski</sln:powNazwa><sln:ulIIPId>419b640d-01f6-426b-b81e-6dcc791f2a7a</sln:ulIIPId><sln:ulIIPPn>PL.PZGIK.200</sln:ulIIPPn><sln:ulIIPWersja>2016-11-24T23:18:23+02:00</sln:ulIIPWersja><sln:ulIdTeryt>10898</sln:ulIdTeryt><sln:ulNazwaGlowna>lesna</sln:ulNazwaGlowna><sln:ulTyp>ulica</sln:ulTyp><sln:waznyOd>2014-05-14T00:00:00+02:00</sln:waznyOd><sln:wojIIPId>c3f2202a-b491-49c5-a3af-d581108d939a</sln:wojIIPId><sln:wojIIPPn>PL.PZGIK.200</sln:wojIIPPn><sln:wojIIPWersja>2017-10-10T00:00:00+02:00</sln:wojIIPWersja><sln:wojIdTeryt>32</sln:wojIdTeryt><sln:wojNazwa>zachodniopomorskie</sln:wojNazwa></sln:ulica><sln:ulica><sln:cyklZyciaOd>2017-04-03T00:00:00+02:00</sln:cyklZyciaOd><sln:gmIIPId>de792369-1c9e-47f8-b9a7-ef5da9695483</sln:gmIIPId><sln:gmIIPPn>PL.PZGIK.200</sln:gmIIPPn><sln:gmIIPWersja>2012-09-26T22:34:23+02:00</sln:gmIIPWersja><sln:gmIdTeryt>3210052</sln:gmIdTeryt><sln:gmNazwa>Nowogródek Pomorski</sln:gmNazwa><sln:miejscIIPId>75b1864a-6f9e-4392-a0a0-7018852b877f</sln:miejscIIPId><sln:miejscIIPPn>PL.PZGIK.200</sln:miejscIIPPn><sln:miejscIIPWersja>2017-04-03T14:51:42+02:00</sln:miejscIIPWersja><sln:miejscIdTeryt>0185086</sln:miejscIdTeryt><sln:miejscNazwa>Karsko</sln:miejscNazwa><sln:miejscRodzaj>Wieś</sln:miejscRodzaj><sln:powIIPId>bf9906d2-91eb-4911-8ce0-8c8f3ea1986b</sln:powIIPId><sln:powIIPPn>PL.PZGIK.200</sln:powIIPPn><sln:powIIPWersja>2012-09-27T10:07:22+02:00</sln:powIIPWersja><sln:powIdTeryt>3210</sln:powIdTeryt><sln:powNazwa>myśliborski</sln:powNazwa><sln:ulIIPId>be12d808-3fcc-41cd-a8cf-03d452ad087c</sln:ulIIPId><sln:ulIIPPn>PL.PZGIK.200</sln:ulIIPPn><sln:ulIIPWersja>2017-04-03T14:51:44+02:00</sln:ulIIPWersja><sln:ulIdTeryt>14834</sln:ulIdTeryt><sln:ulNazwaGlowna>Ogrodowa</sln:ulNazwaGlowna><sln:ulTyp>ulica</sln:ulTyp><sln:waznyOd>2011-04-10T00:00:00+02:00</sln:waznyOd><sln:wojIIPId>c3f2202a-b491-49c5-a3af-d581108d939a</sln:wojIIPId><sln:wojIIPPn>PL.PZGIK.200</sln:wojIIPPn><sln:wojIIPWersja>2017-10-10T00:00:00+02:00</sln:wojIIPWersja><sln:wojIdTeryt>32</sln:wojIdTeryt><sln:wojNazwa>zachodniopomorskie</sln:wojNazwa></sln:ulica><sln:ulica><sln:cyklZyciaOd>2017-04-03T00:00:00+02:00</sln:cyklZyciaOd><sln:gmIIPId>de792369-1c9e-47f8-b9a7-ef5da9695483</sln:gmIIPId><sln:gmIIPPn>PL.PZGIK.200</sln:gmIIPPn><sln:gmIIPWersja>2012-09-26T22:34:23+02:00</sln:gmIIPWersja><sln:gmIdTeryt>3210052</sln:gmIdTeryt><sln:gmNazwa>Nowogródek Pomorski</sln:gmNazwa><sln:miejscIIPId>1ac61c03-d238-4177-86cf-63addd26dd50</sln:miejscIIPId><sln:miejscIIPPn>PL.PZGIK.200</sln:miejscIIPPn><sln:miejscIIPWersja>2017-04-03T14:51:43+02:00</sln:miejscIIPWersja><sln:miejscIdTeryt>0185123</sln:miejscIdTeryt><sln:miejscNazwa>Nowogródek Pomorski</sln:miejscNazwa><sln:miejscRodzaj>Wieś</sln:miejscRodzaj><sln:powIIPId>bf9906d2-91eb-4911-8ce0-8c8f3ea1986b</sln:powIIPId><sln:powIIPPn>PL.PZGIK.200</sln:powIIPPn><sln:powIIPWersja>2012-09-27T10:07:22+02:00</sln:powIIPWersja><sln:powIdTeryt>3210</sln:powIdTeryt><sln:powNazwa>myśliborski</sln:powNazwa><sln:ulIIPId>82a5580d-d905-42cf-b2d3-b6d1fbfb4948</sln:ulIIPId><sln:ulIIPPn>PL.PZGIK.200</sln:ulIIPPn><sln:ulIIPWersja>2017-04-03T14:51:44+02:00</sln:ulIIPWersja><sln:ulIdTeryt>12740</sln:ulIdTeryt><sln:ulNazwaGlowna>Adama Mickiewicza</sln:ulNazwaGlowna><sln:ulTyp>ulica</sln:ulTyp><sln:waznyOd>2011-04-10T00:00:00+02:00</sln:waznyOd><sln:wojIIPId>c3f2202a-b491-49c5-a3af-d581108d939a</sln:wojIIPId><sln:wojIIPPn>PL.PZGIK.200</sln:wojIIPPn><sln:wojIIPWersja>2017-10-10T00:00:00+02:00</sln:wojIIPWersja><sln:wojIdTeryt>32</sln:wojIdTeryt><sln:wojNazwa>zachodniopomorskie</sln:wojNazwa></sln:ulica><sln:ulica><sln:cyklZyciaOd>2017-04-03T00:00:00+02:00</sln:cyklZyciaOd><sln:gmIIPId>de792369-1c9e-47f8-b9a7-ef5da9695483</sln:gmIIPId><sln:gmIIPPn>PL.PZGIK.200</sln:gmIIPPn><sln:gmIIPWersja>2012-09-26T22:34:23+02:00</sln:gmIIPWersja><sln:gmIdTeryt>3210052</sln:gmIdTeryt><sln:gmNazwa>Nowogródek Pomorski</sln:gmNazwa><sln:miejscIIPId>1ac61c03-d238-4177-86cf-63addd26dd50</sln:miejscIIPId><sln:miejscIIPPn>PL.PZGIK.200</sln:miejscIIPPn><sln:miejscIIPWersja>2017-04-03T14:51:43+02:00</sln:miejscIIPWersja><sln:miejscIdTeryt>0185123</sln:miejscIdTeryt><sln:miejscNazwa>Nowogródek Pomorski</sln:miejscNazwa><sln:miejscRodzaj>Wieś</sln:miejscRodzaj><sln:powIIPId>bf9906d2-91eb-4911-8ce0-8c8f3ea1986b</sln:powIIPId><sln:powIIPPn>PL.PZGIK.200</sln:powIIPPn><sln:powIIPWersja>2012-09-27T10:07:22+02:00</sln:powIIPWersja><sln:powIdTeryt>3210</sln:powIdTeryt><sln:powNazwa>myśliborski</sln:powNazwa><sln:ulIIPId>52a9896b-d82f-4f70-870b-2a83af7f3c26</sln:ulIIPId><sln:ulIIPPn>PL.PZGIK.200</sln:ulIIPPn><sln:ulIIPWersja>2017-04-03T14:51:44+02:00</sln:ulIIPWersja><sln:ulIdTeryt>00072</sln:ulIdTeryt><sln:ulNazwaGlowna>700-lecia</sln:ulNazwaGlowna><sln:ulTyp>ulica</sln:ulTyp><sln:waznyOd>2011-04-10T00:00:00+02:00</sln:waznyOd><sln:wojIIPId>c3f2202a-b491-49c5-a3af-d581108d939a</sln:wojIIPId><sln:wojIIPPn>PL.PZGIK.200</sln:wojIIPPn><sln:wojIIPWersja>2017-10-10T00:00:00+02:00</sln:wojIIPWersja><sln:wojIdTeryt>32</sln:wojIdTeryt><sln:wojNazwa>zachodniopomorskie</sln:wojNazwa></sln:ulica><sln:ulica><sln:cyklZyciaOd>2017-04-03T00:00:00+02:00</sln:cyklZyciaOd><sln:gmIIPId>de792369-1c9e-47f8-b9a7-ef5da9695483</sln:gmIIPId><sln:gmIIPPn>PL.PZGIK.200</sln:gmIIPPn><sln:gmIIPWersja>2012-09-26T22:34:23+02:00</sln:gmIIPWersja><sln:gmIdTeryt>3210052</sln:gmIdTeryt><sln:gmNazwa>Nowogródek Pomorski</sln:gmNazwa><sln:miejscIIPId>75b1864a-6f9e-4392-a0a0-7018852b877f</sln:miejscIIPId><sln:miejscIIPPn>PL.PZGIK.200</sln:miejscIIPPn><sln:miejscIIPWersja>2017-04-03T14:51:42+02:00</sln:miejscIIPWersja><sln:miejscIdTeryt>0185086</sln:miejscIdTeryt><sln:miejscNazwa>Karsko</sln:miejscNazwa><sln:miejscRodzaj>Wieś</sln:miejscRodzaj><sln:powIIPId>bf9906d2-91eb-4911-8ce0-8c8f3ea1986b</sln:powIIPId><sln:powIIPPn>PL.PZGIK.200</sln:powIIPPn><sln:powIIPWersja>2012-09-27T10:07:22+02:00</sln:powIIPWersja><sln:powIdTeryt>3210</sln:powIdTeryt><sln:powNazwa>myśliborski</sln:powNazwa><sln:ulIIPId>3d3c598f-7608-484a-aa38-946e1a8ea828</sln:ulIIPId><sln:ulIIPPn>PL.PZGIK.200</sln:ulIIPPn><sln:ulIIPWersja>2017-04-03T14:51:44+02:00</sln:ulIIPWersja><sln:ulIdTeryt>17011</sln:ulIdTeryt><sln:ulNazwaGlowna>Polna</sln:ulNazwaGlowna><sln:ulTyp>ulica</sln:ulTyp><sln:waznyOd>2011-04-10T00:00:00+02:00</sln:waznyOd><sln:wojIIPId>c3f2202a-b491-49c5-a3af-d581108d939a</sln:wojIIPId><sln:wojIIPPn>PL.PZGIK.200</sln:wojIIPPn><sln:wojIIPWersja>2017-10-10T00:00:00+02:00</sln:wojIIPWersja><sln:wojIdTeryt>32</sln:wojIdTeryt><sln:wojNazwa>zachodniopomorskie</sln:wojNazwa></sln:ulica><sln:ulica><sln:cyklZyciaOd>2017-04-03T00:00:00+02:00</sln:cyklZyciaOd><sln:gmIIPId>de792369-1c9e-47f8-b9a7-ef5da9695483</sln:gmIIPId><sln:gmIIPPn>PL.PZGIK.200</sln:gmIIPPn><sln:gmIIPWersja>2012-09-26T22:34:23+02:00</sln:gmIIPWersja><sln:gmIdTeryt>3210052</sln:gmIdTeryt><sln:gmNazwa>Nowogródek Pomorski</sln:gmNazwa><sln:miejscIIPId>1ac61c03-d238-4177-86cf-63addd26dd50</sln:miejscIIPId><sln:miejscIIPPn>PL.PZGIK.200</sln:miejscIIPPn><sln:miejscIIPWersja>2017-04-03T14:51:43+02:00</sln:miejscIIPWersja><sln:miejscIdTeryt>0185123</sln:miejscIdTeryt><sln:miejscNazwa>Nowogródek Pomorski</sln:miejscNazwa><sln:miejscRodzaj>Wieś</sln:miejscRodzaj><sln:powIIPId>bf9906d2-91eb-4911-8ce0-8c8f3ea1986b</sln:powIIPId><sln:powIIPPn>PL.PZGIK.200</sln:powIIPPn><sln:powIIPWersja>2012-09-27T10:07:22+02:00</sln:powIIPWersja><sln:powIdTeryt>3210</sln:powIdTeryt><sln:powNazwa>myśliborski</sln:powNazwa><sln:ulIIPId>4d5c3ce4-7afd-4ae5-9a7b-a43d3c31d8f2</sln:ulIIPId><sln:ulIIPPn>PL.PZGIK.200</sln:ulIIPPn><sln:ulIIPWersja>2017-04-03T14:51:44+02:00</sln:ulIIPWersja><sln:ulIdTeryt>24048</sln:ulIdTeryt><sln:ulNazwaGlowna>Wiejska</sln:ulNazwaGlowna><sln:ulTyp>ulica</sln:ulTyp><sln:waznyOd>2011-04-10T00:00:00+02:00</sln:waznyOd><sln:wojIIPId>c3f2202a-b491-49c5-a3af-d581108d939a</sln:wojIIPId><sln:wojIIPPn>PL.PZGIK.200</sln:wojIIPPn><sln:wojIIPWersja>2017-10-10T00:00:00+02:00</sln:wojIIPWersja><sln:wojIdTeryt>32</sln:wojIdTeryt><sln:wojNazwa>zachodniopomorskie</sln:wojNazwa></sln:ulica><sln:ulica><sln:cyklZyciaOd>2017-04-03T00:00:00+02:00</sln:cyklZyciaOd><sln:gmIIPId>de792369-1c9e-47f8-b9a7-ef5da9695483</sln:gmIIPId><sln:gmIIPPn>PL.PZGIK.200</sln:gmIIPPn><sln:gmIIPWersja>2012-09-26T22:34:23+02:00</sln:gmIIPWersja><sln:gmIdTeryt>3210052</sln:gmIdTeryt><sln:gmNazwa>Nowogródek Pomorski</sln:gmNazwa><sln:miejscIIPId>1ac61c03-d238-4177-86cf-63addd26dd50</sln:miejscIIPId><sln:miejscIIPPn>PL.PZGIK.200</sln:miejscIIPPn><sln:miejscIIPWersja>2017-04-03T14:51:43+02:00</sln:miejscIIPWersja><sln:miejscIdTeryt>0185123</sln:miejscIdTeryt><sln:miejscNazwa>Nowogródek Pomorski</sln:miejscNazwa><sln:miejscRodzaj>Wieś</sln:miejscRodzaj><sln:powIIPId>bf9906d2-91eb-4911-8ce0-8c8f3ea1986b</sln:powIIPId><sln:powIIPPn>PL.PZGIK.200</sln:powIIPPn><sln:powIIPWersja>2012-09-27T10:07:22+02:00</sln:powIIPWersja><sln:powIdTeryt>3210</sln:powIdTeryt><sln:powNazwa>myśliborski</sln:powNazwa><sln:ulIIPId>52cfbb3a-8a2b-4cc7-982e-01b1c903860d</sln:ulIIPId><sln:ulIIPPn>PL.PZGIK.200</sln:ulIIPPn><sln:ulIIPWersja>2017-04-03T14:51:45+02:00</sln:ulIIPWersja><sln:ulIdTeryt>21970</sln:ulIdTeryt><sln:ulNazwaGlowna>Szkolna</sln:ulNazwaGlowna><sln:ulTyp>ulica</sln:ulTyp><sln:waznyOd>2011-04-10T00:00:00+02:00</sln:waznyOd><sln:wojIIPId>c3f2202a-b491-49c5-a3af-d581108d939a</sln:wojIIPId><sln:wojIIPPn>PL.PZGIK.200</sln:wojIIPPn><sln:wojIIPWersja>2017-10-10T00:00:00+02:00</sln:wojIIPWersja><sln:wojIdTeryt>32</sln:wojIdTeryt><sln:wojNazwa>zachodniopomorskie</sln:wojNazwa></sln:ulica><sln:ulica><sln:cyklZyciaOd>2017-04-03T00:00:00+02:00</sln:cyklZyciaOd><sln:gmIIPId>de792369-1c9e-47f8-b9a7-ef5da9695483</sln:gmIIPId><sln:gmIIPPn>PL.PZGIK.200</sln:gmIIPPn><sln:gmIIPWersja>2012-09-26T22:34:23+02:00</sln:gmIIPWersja><sln:gmIdTeryt>3210052</sln:gmIdTeryt><sln:gmNazwa>Nowogródek Pomorski</sln:gmNazwa><sln:miejscIIPId>1ac61c03-d238-4177-86cf-63addd26dd50</sln:miejscIIPId><sln:miejscIIPPn>PL.PZGIK.200</sln:miejscIIPPn><sln:miejscIIPWersja>2017-04-03T14:51:43+02:00</sln:miejscIIPWersja><sln:miejscIdTeryt>0185123</sln:miejscIdTeryt><sln:miejscNazwa>Nowogródek Pomorski</sln:miejscNazwa><sln:miejscRodzaj>Wieś</sln:miejscRodzaj><sln:powIIPId>bf9906d2-91eb-4911-8ce0-8c8f3ea1986b</sln:powIIPId><sln:powIIPPn>PL.PZGIK.200</sln:powIIPPn><sln:powIIPWersja>2012-09-27T10:07:22+02:00</sln:powIIPWersja><sln:powIdTeryt>3210</sln:powIdTeryt><sln:powNazwa>myśliborski</sln:powNazwa><sln:ulIIPId>39ba5b4f-a176-4ac7-9d7c-7d5eb5755994</sln:ulIIPId><sln:ulIIPPn>PL.PZGIK.200</sln:ulIIPPn><sln:ulIIPWersja>2017-04-03T14:51:45+02:00</sln:ulIIPWersja><sln:ulIdTeryt>17011</sln:ulIdTeryt><sln:ulNazwaGlowna>Polna</sln:ulNazwaGlowna><sln:ulTyp>ulica</sln:ulTyp><sln:waznyOd>2011-04-10T00:00:00+02:00</sln:waznyOd><sln:wojIIPId>c3f2202a-b491-49c5-a3af-d581108d939a</sln:wojIIPId><sln:wojIIPPn>PL.PZGIK.200</sln:wojIIPPn><sln:wojIIPWersja>2017-10-10T00:00:00+02:00</sln:wojIIPWersja><sln:wojIdTeryt>32</sln:wojIdTeryt><sln:wojNazwa>zachodniopomorskie</sln:wojNazwa></sln:ulica><sln:ulica><sln:cyklZyciaOd>2017-04-03T00:00:00+02:00</sln:cyklZyciaOd><sln:gmIIPId>de792369-1c9e-47f8-b9a7-ef5da9695483</sln:gmIIPId><sln:gmIIPPn>PL.PZGIK.200</sln:gmIIPPn><sln:gmIIPWersja>2012-09-26T22:34:23+02:00</sln:gmIIPWersja><sln:gmIdTeryt>3210052</sln:gmIdTeryt><sln:gmNazwa>Nowogródek Pomorski</sln:gmNazwa><sln:miejscIIPId>1ac61c03-d238-4177-86cf-63addd26dd50</sln:miejscIIPId><sln:miejscIIPPn>PL.PZGIK.200</sln:miejscIIPPn><sln:miejscIIPWersja>2017-04-03T14:51:43+02:00</sln:miejscIIPWersja><sln:miejscIdTeryt>0185123</sln:miejscIdTeryt><sln:miejscNazwa>Nowogródek Pomorski</sln:miejscNazwa><sln:miejscRodzaj>Wieś</sln:miejscRodzaj><sln:powIIPId>bf9906d2-91eb-4911-8ce0-8c8f3ea1986b</sln:powIIPId><sln:powIIPPn>PL.PZGIK.200</sln:powIIPPn><sln:powIIPWersja>2012-09-27T10:07:22+02:00</sln:powIIPWersja><sln:powIdTeryt>3210</sln:powIdTeryt><sln:powNazwa>myśliborski</sln:powNazwa><sln:ulIIPId>efae95f4-1ccc-4e70-91f5-34b70ac171b0</sln:ulIIPId><sln:ulIIPPn>PL.PZGIK.200</sln:ulIIPPn><sln:ulIIPWersja>2017-04-03T14:51:45+02:00</sln:ulIIPWersja><sln:ulIdTeryt>11596</sln:ulIdTeryt><sln:ulNazwaGlowna>Łąkowa</sln:ulNazwaGlowna><sln:ulTyp>ulica</sln:ulTyp><sln:waznyOd>2011-04-10T00:00:00+02:00</sln:waznyOd><sln:wojIIPId>c3f2202a-b491-49c5-a3af-d581108d939a</sln:wojIIPId><sln:wojIIPPn>PL.PZGIK.200</sln:wojIIPPn><sln:wojIIPWersja>2017-10-10T00:00:00+02:00</sln:wojIIPWersja><sln:wojIdTeryt>32</sln:wojIdTeryt><sln:wojNazwa>zachodniopomorskie</sln:wojNazwa></sln:ulica><sln:ulica><sln:cyklZyciaOd>2017-04-03T00:00:00+02:00</sln:cyklZyciaOd><sln:gmIIPId>de792369-1c9e-47f8-b9a7-ef5da9695483</sln:gmIIPId><sln:gmIIPPn>PL.PZGIK.200</sln:gmIIPPn><sln:gmIIPWersja>2012-09-26T22:34:23+02:00</sln:gmIIPWersja><sln:gmIdTeryt>3210052</sln:gmIdTeryt><sln:gmNazwa>Nowogródek Pomorski</sln:gmNazwa><sln:miejscIIPId>1ac61c03-d238-4177-86cf-63addd26dd50</sln:miejscIIPId><sln:miejscIIPPn>PL.PZGIK.200</sln:miejscIIPPn><sln:miejscIIPWersja>2017-04-03T14:51:43+02:00</sln:miejscIIPWersja><sln:miejscIdTeryt>0185123</sln:miejscIdTeryt><sln:miejscNazwa>Nowogródek Pomorski</sln:miejscNazwa><sln:miejscRodzaj>Wieś</sln:miejscRodzaj><sln:powIIPId>bf9906d2-91eb-4911-8ce0-8c8f3ea1986b</sln:powIIPId><sln:powIIPPn>PL.PZGIK.200</sln:powIIPPn><sln:powIIPWersja>2012-09-27T10:07:22+02:00</sln:powIIPWersja><sln:powIdTeryt>3210</sln:powIdTeryt><sln:powNazwa>myśliborski</sln:powNazwa><sln:ulIIPId>37c9dd8c-4f51-43e7-a2d5-6d2ef8ab34c8</sln:ulIIPId><sln:ulIIPPn>PL.PZGIK.200</sln:ulIIPPn><sln:ulIIPWersja>2017-04-03T14:51:45+02:00</sln:ulIIPWersja><sln:ulIdTeryt>17088</sln:ulIdTeryt><sln:ulNazwaGlowna>Pomorska</sln:ulNazwaGlowna><sln:ulTyp>ulica</sln:ulTyp><sln:waznyOd>2011-04-10T00:00:00+02:00</sln:waznyOd><sln:wojIIPId>c3f2202a-b491-49c5-a3af-d581108d939a</sln:wojIIPId><sln:wojIIPPn>PL.PZGIK.200</sln:wojIIPPn><sln:wojIIPWersja>2017-10-10T00:00:00+02:00</sln:wojIIPWersja><sln:wojIdTeryt>32</sln:wojIdTeryt><sln:wojNazwa>zachodniopomorskie</sln:wojNazwa></sln:ulica><sln:ulica><sln:cyklZyciaOd>2017-04-03T00:00:00+02:00</sln:cyklZyciaOd><sln:gmIIPId>de792369-1c9e-47f8-b9a7-ef5da9695483</sln:gmIIPId><sln:gmIIPPn>PL.PZGIK.200</sln:gmIIPPn><sln:gmIIPWersja>2012-09-26T22:34:23+02:00</sln:gmIIPWersja><sln:gmIdTeryt>3210052</sln:gmIdTeryt><sln:gmNazwa>Nowogródek Pomorski</sln:gmNazwa><sln:miejscIIPId>75b1864a-6f9e-4392-a0a0-7018852b877f</sln:miejscIIPId><sln:miejscIIPPn>PL.PZGIK.200</sln:miejscIIPPn><sln:miejscIIPWersja>2017-04-03T14:51:42+02:00</sln:miejscIIPWersja><sln:miejscIdTeryt>0185086</sln:miejscIdTeryt><sln:miejscNazwa>Karsko</sln:miejscNazwa><sln:miejscRodzaj>Wieś</sln:miejscRodzaj><sln:powIIPId>bf9906d2-91eb-4911-8ce0-8c8f3ea1986b</sln:powIIPId><sln:powIIPPn>PL.PZGIK.200</sln:powIIPPn><sln:powIIPWersja>2012-09-27T10:07:22+02:00</sln:powIIPWersja><sln:powIdTeryt>3210</sln:powIdTeryt><sln:powNazwa>myśliborski</sln:powNazwa><sln:ulIIPId>d81d0288-8503-400b-b513-e6e4076c70fa</sln:ulIIPId><sln:ulIIPPn>PL.PZGIK.200</sln:ulIIPPn><sln:ulIIPWersja>2017-04-03T14:51:45+02:00</sln:ulIIPWersja><sln:ulIdTeryt>16290</sln:ulIdTeryt><sln:ulNazwaGlowna>Pionierów</sln:ulNazwaGlowna><sln:ulTyp>ulica</sln:ulTyp><sln:waznyOd>2011-04-10T00:00:00+02:00</sln:waznyOd><sln:wojIIPId>c3f2202a-b491-49c5-a3af-d581108d939a</sln:wojIIPId><sln:wojIIPPn>PL.PZGIK.200</sln:wojIIPPn><sln:wojIIPWersja>2017-10-10T00:00:00+02:00</sln:wojIIPWersja><sln:wojIdTeryt>32</sln:wojIdTeryt><sln:wojNazwa>zachodniopomorskie</sln:wojNazwa></sln:ulica><sln:ulica><sln:cyklZyciaOd>2017-04-03T00:00:00+02:00</sln:cyklZyciaOd><sln:gmIIPId>de792369-1c9e-47f8-b9a7-ef5da9695483</sln:gmIIPId><sln:gmIIPPn>PL.PZGIK.200</sln:gmIIPPn><sln:gmIIPWersja>2012-09-26T22:34:23+02:00</sln:gmIIPWersja><sln:gmIdTeryt>3210052</sln:gmIdTeryt><sln:gmNazwa>Nowogródek Pomorski</sln:gmNazwa><sln:miejscIIPId>1ac61c03-d238-4177-86cf-63addd26dd50</sln:miejscIIPId><sln:miejscIIPPn>PL.PZGIK.200</sln:miejscIIPPn><sln:miejscIIPWersja>2017-04-03T14:51:43+02:00</sln:miejscIIPWersja><sln:miejscIdTeryt>0185123</sln:miejscIdTeryt><sln:miejscNazwa>Nowogródek Pomorski</sln:miejscNazwa><sln:miejscRodzaj>Wieś</sln:miejscRodzaj><sln:powIIPId>bf9906d2-91eb-4911-8ce0-8c8f3ea1986b</sln:powIIPId><sln:powIIPPn>PL.PZGIK.200</sln:powIIPPn><sln:powIIPWersja>2012-09-27T10:07:22+02:00</sln:powIIPWersja><sln:powIdTeryt>3210</sln:powIdTeryt><sln:powNazwa>myśliborski</sln:powNazwa><sln:ulIIPId>f9bc7402-016a-4a02-a307-f017978c5d71</sln:ulIIPId><sln:ulIIPPn>PL.PZGIK.200</sln:ulIIPPn><sln:ulIIPWersja>2017-04-03T14:51:45+02:00</sln:ulIIPWersja><sln:ulIdTeryt>16579</sln:ulIdTeryt><sln:ulNazwaGlowna>Pocztowa</sln:ulNazwaGlowna><sln:ulTyp>ulica</sln:ulTyp><sln:waznyOd>2011-04-10T00:00:00+02:00</sln:waznyOd><sln:wojIIPId>c3f2202a-b491-49c5-a3af-d581108d939a</sln:wojIIPId><sln:wojIIPPn>PL.PZGIK.200</sln:wojIIPPn><sln:wojIIPWersja>2017-10-10T00:00:00+02:00</sln:wojIIPWersja><sln:wojIdTeryt>32</sln:wojIdTeryt><sln:wojNazwa>zachodniopomorskie</sln:wojNazwa></sln:ulica><sln:ulica><sln:cyklZyciaOd>2017-04-03T00:00:00+02:00</sln:cyklZyciaOd><sln:gmIIPId>de792369-1c9e-47f8-b9a7-ef5da9695483</sln:gmIIPId><sln:gmIIPPn>PL.PZGIK.200</sln:gmIIPPn><sln:gmIIPWersja>2012-09-26T22:34:23+02:00</sln:gmIIPWersja><sln:gmIdTeryt>3210052</sln:gmIdTeryt><sln:gmNazwa>Nowogródek Pomorski</sln:gmNazwa><sln:miejscIIPId>1ac61c03-d238-4177-86cf-63addd26dd50</sln:miejscIIPId><sln:miejscIIPPn>PL.PZGIK.200</sln:miejscIIPPn><sln:miejscIIPWersja>2017-04-03T14:51:43+02:00</sln:miejscIIPWersja><sln:miejscIdTeryt>0185123</sln:miejscIdTeryt><sln:miejscNazwa>Nowogródek Pomorski</sln:miejscNazwa><sln:miejscRodzaj>Wieś</sln:miejscRodzaj><sln:powIIPId>bf9906d2-91eb-4911-8ce0-8c8f3ea1986b</sln:powIIPId><sln:powIIPPn>PL.PZGIK.200</sln:powIIPPn><sln:powIIPWersja>2012-09-27T10:07:22+02:00</sln:powIIPWersja><sln:powIdTeryt>3210</sln:powIdTeryt><sln:powNazwa>myśliborski</sln:powNazwa><sln:ulIIPId>8df87465-1abf-4ea2-aa14-4b8bc81e7450</sln:ulIIPId><sln:ulIIPPn>PL.PZGIK.200</sln:ulIIPPn><sln:ulIIPWersja>2017-04-03T14:51:45+02:00</sln:ulIIPWersja><sln:ulIdTeryt>00764</sln:ulIdTeryt><sln:ulNazwaGlowna>Barlinecka</sln:ulNazwaGlowna><sln:ulTyp>ulica</sln:ulTyp><sln:waznyOd>2011-04-10T00:00:00+02:00</sln:waznyOd><sln:wojIIPId>c3f2202a-b491-49c5-a3af-d581108d939a</sln:wojIIPId><sln:wojIIPPn>PL.PZGIK.200</sln:wojIIPPn><sln:wojIIPWersja>2017-10-10T00:00:00+02:00</sln:wojIIPWersja><sln:wojIdTeryt>32</sln:wojIdTeryt><sln:wojNazwa>zachodniopomorskie</sln:wojNazwa></sln:ulica><sln:ulica><sln:cyklZyciaOd>2017-04-03T00:00:00+02:00</sln:cyklZyciaOd><sln:gmIIPId>de792369-1c9e-47f8-b9a7-ef5da9695483</sln:gmIIPId><sln:gmIIPPn>PL.PZGIK.200</sln:gmIIPPn><sln:gmIIPWersja>2012-09-26T22:34:23+02:00</sln:gmIIPWersja><sln:gmIdTeryt>3210052</sln:gmIdTeryt><sln:gmNazwa>Nowogródek Pomorski</sln:gmNazwa><sln:miejscIIPId>1ac61c03-d238-4177-86cf-63addd26dd50</sln:miejscIIPId><sln:miejscIIPPn>PL.PZGIK.200</sln:miejscIIPPn><sln:miejscIIPWersja>2017-04-03T14:51:43+02:00</sln:miejscIIPWersja><sln:miejscIdTeryt>0185123</sln:miejscIdTeryt><sln:miejscNazwa>Nowogródek Pomorski</sln:miejscNazwa><sln:miejscRodzaj>Wieś</sln:miejscRodzaj><sln:powIIPId>bf9906d2-91eb-4911-8ce0-8c8f3ea1986b</sln:powIIPId><sln:powIIPPn>PL.PZGIK.200</sln:powIIPPn><sln:powIIPWersja>2012-09-27T10:07:22+02:00</sln:powIIPWersja><sln:powIdTeryt>3210</sln:powIdTeryt><sln:powNazwa>myśliborski</sln:powNazwa><sln:ulIIPId>88853690-ed5a-45ec-ab18-00dc508e1a6e</sln:ulIIPId><sln:ulIIPPn>PL.PZGIK.200</sln:ulIIPPn><sln:ulIIPWersja>2017-04-03T14:51:45+02:00</sln:ulIIPWersja><sln:ulIdTeryt>11112</sln:ulIdTeryt><sln:ulNazwaGlowna>Lipiańska</sln:ulNazwaGlowna><sln:ulTyp>ulica</sln:ulTyp><sln:waznyOd>2011-04-10T00:00:00+02:00</sln:waznyOd><sln:wojIIPId>c3f2202a-b491-49c5-a3af-d581108d939a</sln:wojIIPId><sln:wojIIPPn>PL.PZGIK.200</sln:wojIIPPn><sln:wojIIPWersja>2017-10-10T00:00:00+02:00</sln:wojIIPWersja><sln:wojIdTeryt>32</sln:wojIdTeryt><sln:wojNazwa>zachodniopomorskie</sln:wojNazwa></sln:ulica><sln:ulica><sln:cyklZyciaOd>2017-04-03T00:00:00+02:00</sln:cyklZyciaOd><sln:gmIIPId>de792369-1c9e-47f8-b9a7-ef5da9695483</sln:gmIIPId><sln:gmIIPPn>PL.PZGIK.200</sln:gmIIPPn><sln:gmIIPWersja>2012-09-26T22:34:23+02:00</sln:gmIIPWersja><sln:gmIdTeryt>3210052</sln:gmIdTeryt><sln:gmNazwa>Nowogródek Pomorski</sln:gmNazwa><sln:miejscIIPId>75b1864a-6f9e-4392-a0a0-7018852b877f</sln:miejscIIPId><sln:miejscIIPPn>PL.PZGIK.200</sln:miejscIIPPn><sln:miejscIIPWersja>2017-04-03T14:51:42+02:00</sln:miejscIIPWersja><sln:miejscIdTeryt>0185086</sln:miejscIdTeryt><sln:miejscNazwa>Karsko</sln:miejscNazwa><sln:miejscRodzaj>Wieś</sln:miejscRodzaj><sln:powIIPId>bf9906d2-91eb-4911-8ce0-8c8f3ea1986b</sln:powIIPId><sln:powIIPPn>PL.PZGIK.200</sln:powIIPPn><sln:powIIPWersja>2012-09-27T10:07:22+02:00</sln:powIIPWersja><sln:powIdTeryt>3210</sln:powIdTeryt><sln:powNazwa>myśliborski</sln:powNazwa><sln:ulIIPId>60ae42b3-011d-4add-97e0-a4c70c5fcc85</sln:ulIIPId><sln:ulIIPPn>PL.PZGIK.200</sln:ulIIPPn><sln:ulIIPWersja>2017-04-03T14:51:45+02:00</sln:ulIIPWersja><sln:ulIdTeryt>05839</sln:ulIdTeryt><sln:ulNazwaGlowna>Gorzowska</sln:ulNazwaGlowna><sln:ulTyp>ulica</sln:ulTyp><sln:waznyOd>2011-04-10T00:00:00+02:00</sln:waznyOd><sln:wojIIPId>c3f2202a-b491-49c5-a3af-d581108d939a</sln:wojIIPId><sln:wojIIPPn>PL.PZGIK.200</sln:wojIIPPn><sln:wojIIPWersja>2017-10-10T00:00:00+02:00</sln:wojIIPWersja><sln:wojIdTeryt>32</sln:wojIdTeryt><sln:wojNazwa>zachodniopomorskie</sln:wojNazwa></sln:ulica><sln:ulica><sln:cyklZyciaOd>2017-04-03T00:00:00+02:00</sln:cyklZyciaOd><sln:gmIIPId>de792369-1c9e-47f8-b9a7-ef5da9695483</sln:gmIIPId><sln:gmIIPPn>PL.PZGIK.200</sln:gmIIPPn><sln:gmIIPWersja>2012-09-26T22:34:23+02:00</sln:gmIIPWersja><sln:gmIdTeryt>3210052</sln:gmIdTeryt><sln:gmNazwa>Nowogródek Pomorski</sln:gmNazwa><sln:miejscIIPId>1ac61c03-d238-4177-86cf-63addd26dd50</sln:miejscIIPId><sln:miejscIIPPn>PL.PZGIK.200</sln:miejscIIPPn><sln:miejscIIPWersja>2017-04-03T14:51:43+02:00</sln:miejscIIPWersja><sln:miejscIdTeryt>0185123</sln:miejscIdTeryt><sln:miejscNazwa>Nowogródek Pomorski</sln:miejscNazwa><sln:miejscRodzaj>Wieś</sln:miejscRodzaj><sln:powIIPId>bf9906d2-91eb-4911-8ce0-8c8f3ea1986b</sln:powIIPId><sln:powIIPPn>PL.PZGIK.200</sln:powIIPPn><sln:powIIPWersja>2012-09-27T10:07:22+02:00</sln:powIIPWersja><sln:powIdTeryt>3210</sln:powIdTeryt><sln:powNazwa>myśliborski</sln:powNazwa><sln:ulIIPId>7677143d-86f8-43cb-a2c8-9a3731758c10</sln:ulIIPId><sln:ulIIPPn>PL.PZGIK.200</sln:ulIIPPn><sln:ulIIPWersja>2017-04-03T14:51:45+02:00</sln:ulIIPWersja><sln:ulIdTeryt>10009</sln:ulIdTeryt><sln:ulNazwaGlowna>Krótka</sln:ulNazwaGlowna><sln:ulTyp>ulica</sln:ulTyp><sln:waznyOd>2011-04-10T00:00:00+02:00</sln:waznyOd><sln:wojIIPId>c3f2202a-b491-49c5-a3af-d581108d939a</sln:wojIIPId><sln:wojIIPPn>PL.PZGIK.200</sln:wojIIPPn><sln:wojIIPWersja>2017-10-10T00:00:00+02:00</sln:wojIIPWersja><sln:wojIdTeryt>32</sln:wojIdTeryt><sln:wojNazwa>zachodniopomorskie</sln:wojNazwa></sln:ulica><sln:ulica><sln:cyklZyciaOd>2017-04-03T00:00:00+02:00</sln:cyklZyciaOd><sln:gmIIPId>de792369-1c9e-47f8-b9a7-ef5da9695483</sln:gmIIPId><sln:gmIIPPn>PL.PZGIK.200</sln:gmIIPPn><sln:gmIIPWersja>2012-09-26T22:34:23+02:00</sln:gmIIPWersja><sln:gmIdTeryt>3210052</sln:gmIdTeryt><sln:gmNazwa>Nowogródek Pomorski</sln:gmNazwa><sln:miejscIIPId>1ac61c03-d238-4177-86cf-63addd26dd50</sln:miejscIIPId><sln:miejscIIPPn>PL.PZGIK.200</sln:miejscIIPPn><sln:miejscIIPWersja>2017-04-03T14:51:43+02:00</sln:miejscIIPWersja><sln:miejscIdTeryt>0185123</sln:miejscIdTeryt><sln:miejscNazwa>Nowogródek Pomorski</sln:miejscNazwa><sln:miejscRodzaj>Wieś</sln:miejscRodzaj><sln:powIIPId>bf9906d2-91eb-4911-8ce0-8c8f3ea1986b</sln:powIIPId><sln:powIIPPn>PL.PZGIK.200</sln:powIIPPn><sln:powIIPWersja>2012-09-27T10:07:22+02:00</sln:powIIPWersja><sln:powIdTeryt>3210</sln:powIdTeryt><sln:powNazwa>myśliborski</sln:powNazwa><sln:ulIIPId>2cc66a38-0a61-4dfe-a92e-47bae179a555</sln:ulIIPId><sln:ulIIPPn>PL.PZGIK.200</sln:ulIIPPn><sln:ulIIPWersja>2017-04-03T14:51:45+02:00</sln:ulIIPWersja><sln:ulIdTeryt>14834</sln:ulIdTeryt><sln:ulNazwaGlowna>Ogrodowa</sln:ulNazwaGlowna><sln:ulTyp>ulica</sln:ulTyp><sln:waznyOd>2011-04-10T00:00:00+02:00</sln:waznyOd><sln:wojIIPId>c3f2202a-b491-49c5-a3af-d581108d939a</sln:wojIIPId><sln:wojIIPPn>PL.PZGIK.200</sln:wojIIPPn><sln:wojIIPWersja>2017-10-10T00:00:00+02:00</sln:wojIIPWersja><sln:wojIdTeryt>32</sln:wojIdTeryt><sln:wojNazwa>zachodniopomorskie</sln:wojNazwa></sln:ulica><sln:ulica><sln:cyklZyciaOd>2017-04-03T00:00:00+02:00</sln:cyklZyciaOd><sln:gmIIPId>de792369-1c9e-47f8-b9a7-ef5da9695483</sln:gmIIPId><sln:gmIIPPn>PL.PZGIK.200</sln:gmIIPPn><sln:gmIIPWersja>2012-09-26T22:34:23+02:00</sln:gmIIPWersja><sln:gmIdTeryt>3210052</sln:gmIdTeryt><sln:gmNazwa>Nowogródek Pomorski</sln:gmNazwa><sln:miejscIIPId>1ac61c03-d238-4177-86cf-63addd26dd50</sln:miejscIIPId><sln:miejscIIPPn>PL.PZGIK.200</sln:miejscIIPPn><sln:miejscIIPWersja>2017-04-03T14:51:43+02:00</sln:miejscIIPWersja><sln:miejscIdTeryt>0185123</sln:miejscIdTeryt><sln:miejscNazwa>Nowogródek Pomorski</sln:miejscNazwa><sln:miejscRodzaj>Wieś</sln:miejscRodzaj><sln:powIIPId>bf9906d2-91eb-4911-8ce0-8c8f3ea1986b</sln:powIIPId><sln:powIIPPn>PL.PZGIK.200</sln:powIIPPn><sln:powIIPWersja>2012-09-27T10:07:22+02:00</sln:powIIPWersja><sln:powIdTeryt>3210</sln:powIdTeryt><sln:powNazwa>myśliborski</sln:powNazwa><sln:ulIIPId>64aef5b3-bd41-4af4-97f8-52ed13455341</sln:ulIIPId><sln:ulIIPPn>PL.PZGIK.200</sln:ulIIPPn><sln:ulIIPWersja>2017-04-03T14:51:45+02:00</sln:ulIIPWersja><sln:ulIdTeryt>09546</sln:ulIdTeryt><sln:ulNazwaGlowna>Kościelna</sln:ulNazwaGlowna><sln:ulTyp>ulica</sln:ulTyp><sln:waznyOd>2011-04-10T00:00:00+02:00</sln:waznyOd><sln:wojIIPId>c3f2202a-b491-49c5-a3af-d581108d939a</sln:wojIIPId><sln:wojIIPPn>PL.PZGIK.200</sln:wojIIPPn><sln:wojIIPWersja>2017-10-10T00:00:00+02:00</sln:wojIIPWersja><sln:wojIdTeryt>32</sln:wojIdTeryt><sln:wojNazwa>zachodniopomorskie</sln:wojNazwa></sln:ulica><sln:ulica><sln:cyklZyciaOd>2017-04-03T00:00:00+02:00</sln:cyklZyciaOd><sln:gmIIPId>de792369-1c9e-47f8-b9a7-ef5da9695483</sln:gmIIPId><sln:gmIIPPn>PL.PZGIK.200</sln:gmIIPPn><sln:gmIIPWersja>2012-09-26T22:34:23+02:00</sln:gmIIPWersja><sln:gmIdTeryt>3210052</sln:gmIdTeryt><sln:gmNazwa>Nowogródek Pomorski</sln:gmNazwa><sln:miejscIIPId>75b1864a-6f9e-4392-a0a0-7018852b877f</sln:miejscIIPId><sln:miejscIIPPn>PL.PZGIK.200</sln:miejscIIPPn><sln:miejscIIPWersja>2017-04-03T14:51:42+02:00</sln:miejscIIPWersja><sln:miejscIdTeryt>0185086</sln:miejscIdTeryt><sln:miejscNazwa>Karsko</sln:miejscNazwa><sln:miejscRodzaj>Wieś</sln:miejscRodzaj><sln:powIIPId>bf9906d2-91eb-4911-8ce0-8c8f3ea1986b</sln:powIIPId><sln:powIIPPn>PL.PZGIK.200</sln:powIIPPn><sln:powIIPWersja>2012-09-27T10:07:22+02:00</sln:powIIPWersja><sln:powIdTeryt>3210</sln:powIdTeryt><sln:powNazwa>myśliborski</sln:powNazwa><sln:ulIIPId>5077cbe2-1db5-4d4f-8751-ed78ac9a763a</sln:ulIIPId><sln:ulIIPPn>PL.PZGIK.200</sln:ulIIPPn><sln:ulIIPWersja>2017-04-03T14:51:45+02:00</sln:ulIIPWersja><sln:ulIdTeryt>10898</sln:ulIdTeryt><sln:ulNazwaGlowna>Leśna</sln:ulNazwaGlowna><sln:ulTyp>ulica</sln:ulTyp><sln:waznyOd>2014-05-14T00:00:00+02:00</sln:waznyOd><sln:wojIIPId>c3f2202a-b491-49c5-a3af-d581108d939a</sln:wojIIPId><sln:wojIIPPn>PL.PZGIK.200</sln:wojIIPPn><sln:wojIIPWersja>2017-10-10T00:00:00+02:00</sln:wojIIPWersja><sln:wojIdTeryt>32</sln:wojIdTeryt><sln:wojNazwa>zachodniopomorskie</sln:wojNazwa></sln:ulica><sln:ulica><sln:cyklZyciaOd>2017-04-03T00:00:00+02:00</sln:cyklZyciaOd><sln:gmIIPId>de792369-1c9e-47f8-b9a7-ef5da9695483</sln:gmIIPId><sln:gmIIPPn>PL.PZGIK.200</sln:gmIIPPn><sln:gmIIPWersja>2012-09-26T22:34:23+02:00</sln:gmIIPWersja><sln:gmIdTeryt>3210052</sln:gmIdTeryt><sln:gmNazwa>Nowogródek Pomorski</sln:gmNazwa><sln:miejscIIPId>75b1864a-6f9e-4392-a0a0-7018852b877f</sln:miejscIIPId><sln:miejscIIPPn>PL.PZGIK.200</sln:miejscIIPPn><sln:miejscIIPWersja>2017-04-03T14:51:42+02:00</sln:miejscIIPWersja><sln:miejscIdTeryt>0185086</sln:miejscIdTeryt><sln:miejscNazwa>Karsko</sln:miejscNazwa><sln:miejscRodzaj>Wieś</sln:miejscRodzaj><sln:powIIPId>bf9906d2-91eb-4911-8ce0-8c8f3ea1986b</sln:powIIPId><sln:powIIPPn>PL.PZGIK.200</sln:powIIPPn><sln:powIIPWersja>2012-09-27T10:07:22+02:00</sln:powIIPWersja><sln:powIdTeryt>3210</sln:powIdTeryt><sln:powNazwa>myśliborski</sln:powNazwa><sln:ulIIPId>7af17459-e8df-4a67-a487-c8bac075f2ae</sln:ulIIPId><sln:ulIIPPn>PL.PZGIK.200</sln:ulIIPPn><sln:ulIIPWersja>2017-04-03T14:51:45+02:00</sln:ulIIPWersja><sln:ulIdTeryt>07434</sln:ulIdTeryt><sln:ulNazwaGlowna>Plac Jedności Narodowej</sln:ulNazwaGlowna><sln:ulTyp>ulica</sln:ulTyp><sln:waznyOd>2011-04-10T00:00:00+02:00</sln:waznyOd><sln:wojIIPId>c3f2202a-b491-49c5-a3af-d581108d939a</sln:wojIIPId><sln:wojIIPPn>PL.PZGIK.200</sln:wojIIPPn><sln:wojIIPWersja>2017-10-10T00:00:00+02:00</sln:wojIIPWersja><sln:wojIdTeryt>32</sln:wojIdTeryt><sln:wojNazwa>zachodniopomorskie</sln:wojNazwa></sln:ulica><sln:ulica><sln:cyklZyciaOd>2017-04-03T00:00:00+02:00</sln:cyklZyciaOd><sln:gmIIPId>de792369-1c9e-47f8-b9a7-ef5da9695483</sln:gmIIPId><sln:gmIIPPn>PL.PZGIK.200</sln:gmIIPPn><sln:gmIIPWersja>2012-09-26T22:34:23+02:00</sln:gmIIPWersja><sln:gmIdTeryt>3210052</sln:gmIdTeryt><sln:gmNazwa>Nowogródek Pomorski</sln:gmNazwa><sln:miejscIIPId>1ac61c03-d238-4177-86cf-63addd26dd50</sln:miejscIIPId><sln:miejscIIPPn>PL.PZGIK.200</sln:miejscIIPPn><sln:miejscIIPWersja>2017-04-03T14:51:43+02:00</sln:miejscIIPWersja><sln:miejscIdTeryt>0185123</sln:miejscIdTeryt><sln:miejscNazwa>Nowogródek Pomorski</sln:miejscNazwa><sln:miejscRodzaj>Wieś</sln:miejscRodzaj><sln:powIIPId>bf9906d2-91eb-4911-8ce0-8c8f3ea1986b</sln:powIIPId><sln:powIIPPn>PL.PZGIK.200</sln:powIIPPn><sln:powIIPWersja>2012-09-27T10:07:22+02:00</sln:powIIPWersja><sln:powIdTeryt>3210</sln:powIdTeryt><sln:powNazwa>myśliborski</sln:powNazwa><sln:ulIIPId>d8a04ba4-36af-4649-b3f7-cb85738280dd</sln:ulIIPId><sln:ulIIPPn>PL.PZGIK.200</sln:ulIIPPn><sln:ulIIPWersja>2017-04-03T14:51:45+02:00</sln:ulIIPWersja><sln:ulIdTeryt>01528</sln:ulIdTeryt><sln:ulNazwaGlowna>Boczna</sln:ulNazwaGlowna><sln:ulTyp>ulica</sln:ulTyp><sln:waznyOd>2011-04-10T00:00:00+02:00</sln:waznyOd><sln:wojIIPId>c3f2202a-b491-49c5-a3af-d581108d939a</sln:wojIIPId><sln:wojIIPPn>PL.PZGIK.200</sln:wojIIPPn><sln:wojIIPWersja>2017-10-10T00:00:00+02:00</sln:wojIIPWersja><sln:wojIdTeryt>32</sln:wojIdTeryt><sln:wojNazwa>zachodniopomorskie</sln:wojNazwa></sln:ulica><sln:ulica><sln:cyklZyciaOd>2017-04-03T00:00:00+02:00</sln:cyklZyciaOd><sln:gmIIPId>de792369-1c9e-47f8-b9a7-ef5da9695483</sln:gmIIPId><sln:gmIIPPn>PL.PZGIK.200</sln:gmIIPPn><sln:gmIIPWersja>2012-09-26T22:34:23+02:00</sln:gmIIPWersja><sln:gmIdTeryt>3210052</sln:gmIdTeryt><sln:gmNazwa>Nowogródek Pomorski</sln:gmNazwa><sln:miejscIIPId>75b1864a-6f9e-4392-a0a0-7018852b877f</sln:miejscIIPId><sln:miejscIIPPn>PL.PZGIK.200</sln:miejscIIPPn><sln:miejscIIPWersja>2017-04-03T14:51:42+02:00</sln:miejscIIPWersja><sln:miejscIdTeryt>0185086</sln:miejscIdTeryt><sln:miejscNazwa>Karsko</sln:miejscNazwa><sln:miejscRodzaj>Wieś</sln:miejscRodzaj><sln:powIIPId>bf9906d2-91eb-4911-8ce0-8c8f3ea1986b</sln:powIIPId><sln:powIIPPn>PL.PZGIK.200</sln:powIIPPn><sln:powIIPWersja>2012-09-27T10:07:22+02:00</sln:powIIPWersja><sln:powIdTeryt>3210</sln:powIdTeryt><sln:powNazwa>myśliborski</sln:powNazwa><sln:ulIIPId>40e4a911-7f5e-428a-8688-2f7b7cb49398</sln:ulIIPId><sln:ulIIPPn>PL.PZGIK.200</sln:ulIIPPn><sln:ulIIPWersja>2017-04-03T14:51:45+02:00</sln:ulIIPWersja><sln:ulIdTeryt>12832</sln:ulIdTeryt><sln:ulNazwaGlowna>Mieszka I</sln:ulNazwaGlowna><sln:ulTyp>ulica</sln:ulTyp><sln:waznyOd>2011-04-10T00:00:00+02:00</sln:waznyOd><sln:wojIIPId>c3f2202a-b491-49c5-a3af-d581108d939a</sln:wojIIPId><sln:wojIIPPn>PL.PZGIK.200</sln:wojIIPPn><sln:wojIIPWersja>2017-10-10T00:00:00+02:00</sln:wojIIPWersja><sln:wojIdTeryt>32</sln:wojIdTeryt><sln:wojNazwa>zachodniopomorskie</sln:wojNazwa></sln:ulica><sln:ulica><sln:cyklZyciaOd>2017-04-03T00:00:00+02:00</sln:cyklZyciaOd><sln:gmIIPId>de792369-1c9e-47f8-b9a7-ef5da9695483</sln:gmIIPId><sln:gmIIPPn>PL.PZGIK.200</sln:gmIIPPn><sln:gmIIPWersja>2012-09-26T22:34:23+02:00</sln:gmIIPWersja><sln:gmIdTeryt>3210052</sln:gmIdTeryt><sln:gmNazwa>Nowogródek Pomorski</sln:gmNazwa><sln:miejscIIPId>1ac61c03-d238-4177-86cf-63addd26dd50</sln:miejscIIPId><sln:miejscIIPPn>PL.PZGIK.200</sln:miejscIIPPn><sln:miejscIIPWersja>2017-04-03T14:51:43+02:00</sln:miejscIIPWersja><sln:miejscIdTeryt>0185123</sln:miejscIdTeryt><sln:miejscNazwa>Nowogródek Pomorski</sln:miejscNazwa><sln:miejscRodzaj>Wieś</sln:miejscRodzaj><sln:powIIPId>bf9906d2-91eb-4911-8ce0-8c8f3ea1986b</sln:powIIPId><sln:powIIPPn>PL.PZGIK.200</sln:powIIPPn><sln:powIIPWersja>2012-09-27T10:07:22+02:00</sln:powIIPWersja><sln:powIdTeryt>3210</sln:powIdTeryt><sln:powNazwa>myśliborski</sln:powNazwa><sln:ulIIPId>af400c02-b0be-42e3-aa5a-0d855ac5853a</sln:ulIIPId><sln:ulIIPPn>PL.PZGIK.200</sln:ulIIPPn><sln:ulIIPWersja>2017-04-03T14:51:45+02:00</sln:ulIIPWersja><sln:ulIdTeryt>05839</sln:ulIdTeryt><sln:ulNazwaGlowna>Gorzowska</sln:ulNazwaGlowna><sln:ulTyp>ulica</sln:ulTyp><sln:waznyOd>2011-04-10T00:00:00+02:00</sln:waznyOd><sln:wojIIPId>c3f2202a-b491-49c5-a3af-d581108d939a</sln:wojIIPId><sln:wojIIPPn>PL.PZGIK.200</sln:wojIIPPn><sln:wojIIPWersja>2017-10-10T00:00:00+02:00</sln:wojIIPWersja><sln:wojIdTeryt>32</sln:wojIdTeryt><sln:wojNazwa>zachodniopomorskie</sln:wojNazwa></sln:ulica><sln:ulica><sln:cyklZyciaOd>2017-04-03T00:00:00+02:00</sln:cyklZyciaOd><sln:gmIIPId>de792369-1c9e-47f8-b9a7-ef5da9695483</sln:gmIIPId><sln:gmIIPPn>PL.PZGIK.200</sln:gmIIPPn><sln:gmIIPWersja>2012-09-26T22:34:23+02:00</sln:gmIIPWersja><sln:gmIdTeryt>3210052</sln:gmIdTeryt><sln:gmNazwa>Nowogródek Pomorski</sln:gmNazwa><sln:miejscIIPId>1ac61c03-d238-4177-86cf-63addd26dd50</sln:miejscIIPId><sln:miejscIIPPn>PL.PZGIK.200</sln:miejscIIPPn><sln:miejscIIPWersja>2017-04-03T14:51:43+02:00</sln:miejscIIPWersja><sln:miejscIdTeryt>0185123</sln:miejscIdTeryt><sln:miejscNazwa>Nowogródek Pomorski</sln:miejscNazwa><sln:miejscRodzaj>Wieś</sln:miejscRodzaj><sln:powIIPId>bf9906d2-91eb-4911-8ce0-8c8f3ea1986b</sln:powIIPId><sln:powIIPPn>PL.PZGIK.200</sln:powIIPPn><sln:powIIPWersja>2012-09-27T10:07:22+02:00</sln:powIIPWersja><sln:powIdTeryt>3210</sln:powIdTeryt><sln:powNazwa>myśliborski</sln:powNazwa><sln:ulIIPId>56c20c2f-e231-4267-823e-302b03a48fde</sln:ulIIPId><sln:ulIIPPn>PL.PZGIK.200</sln:ulIIPPn><sln:ulIIPWersja>2017-04-03T14:51:45+02:00</sln:ulIIPWersja><sln:ulIdTeryt>05082</sln:ulIdTeryt><sln:ulNazwaGlowna>Plac Świętego Floriana</sln:ulNazwaGlowna><sln:ulTyp>plac</sln:ulTyp><sln:waznyOd>2011-04-10T00:00:00+02:00</sln:waznyOd><sln:wojIIPId>c3f2202a-b491-49c5-a3af-d581108d939a</sln:wojIIPId><sln:wojIIPPn>PL.PZGIK.200</sln:wojIIPPn><sln:wojIIPWersja>2017-10-10T00:00:00+02:00</sln:wojIIPWersja><sln:wojIdTeryt>32</sln:wojIdTeryt><sln:wojNazwa>zachodniopomorskie</sln:wojNazwa></sln:ulica></sln:lista-ulic>