<?xml version="1.0" encoding="UTF-8" standalone="yes"?><sln:lista-miejscowosci xmlns:srv="http://gugik.gov.pl/schemas/slowniki-service/1.0" xmlns:sln="http://gugik.gov.pl/schemas/slowniki-schema/1.0"><sln:miejscowosc><sln:cyklZyciaDo>2017-04-14T00:00:00+02:00</sln:cyklZyciaDo><sln:cyklZyciaOd>2015-11-30T00:00:00+01:00</sln:cyklZyciaOd><sln:gmIIPId>74759f77-438d-4fcd-92b3-f6ad460d364c</sln:gmIIPId><sln:gmIIPPn>PL.PZGIK.200</sln:gmIIPPn><sln:gmIIPWersja>2012-09-26T22:07:42+02:00</sln:gmIIPWersja><sln:gmIdTeryt>1819022</sln:gmIdTeryt><sln:gmNazwa>Frysztak</sln:gmNazwa><sln:miejscIIPId>ef89bbc5-5323-4491-a008-9b600c6b3380</sln:miejscIIPId><sln:miejscIIPPn>PL.PZGIK.200</sln:miejscIIPPn><sln:miejscIIPWersja>2016-11-24T11:42:32+02:00</sln:miejscIIPWersja><sln:miejscIdTeryt>0649812</sln:miejscIdTeryt><sln:miejscNazwa>Twierdza</sln:miejscNazwa><sln:miejscRodzaj>Wieś</sln:miejscRodzaj><sln:powIIPId>fa694811-8438-4a7c-a5c7-d66a2f051a1b</sln:powIIPId><sln:powIIPPn>PL.PZGIK.200</sln:powIIPPn><sln:powIIPWersja>2012-09-27T08:01:01+02:00</sln:powIIPWersja><sln:powIdTeryt>1819</sln:powIdTeryt><sln:powNazwa>strzyżowski</sln:powNazwa><sln:waznyOd>2011-12-29T00:00:00+01:00</sln:waznyOd><sln:wojIIPId>833fe14b-fe8e-40c7-9e4e-fc27c938bb11</sln:wojIIPId><sln:wojIIPPn>PL.PZGIK.200</sln:wojIIPPn><sln:wojIIPWersja>2017-10-10T00:00:00+02:00</sln:wojIIPWersja><sln:wojIdTeryt>18</sln:wojIdTeryt><sln:wojNazwa>podkarpackie</sln:wojNazwa></sln:miejscowosc><sln:miejscowosc><sln:cyklZyciaDo>2017-04-14T00:00:00+02:00</sln:cyklZyciaDo><sln:cyklZyciaOd>2015-11-30T00:00:00+01:00</sln:cyklZyciaOd><sln:gmIIPId>74759f77-438d-4fcd-92b3-f6ad460d364c</sln:gmIIPId><sln:gmIIPPn>PL.PZGIK.200</sln:gmIIPPn><sln:gmIIPWersja>2012-09-26T22:07:42+02:00</sln:gmIIPWersja><sln:gmIdTeryt>1819022</sln:gmIdTeryt><sln:gmNazwa>Frysztak</sln:gmNazwa><sln:miejscIIPId>8165e6ad-0edd-4584-8ec3-d9e31df69b27</sln:miejscIIPId><sln:miejscIIPPn>PL.PZGIK.200</sln:miejscIIPPn><sln:miejscIIPWersja>2016-11-24T11:42:32+02:00</sln:miejscIIPWersja><sln:miejscIdTeryt>0649858</sln:miejscIdTeryt><sln:miejscNazwa>Widacz</sln:miejscNazwa><sln:miejscRodzaj>Wieś</sln:miejscRodzaj><sln:powIIPId>fa694811-8438-4a7c-a5c7-d66a2f051a1b</sln:powIIPId><sln:powIIPPn>PL.PZGIK.200</sln:powIIPPn><sln:powIIPWersja>2012-09-27T08:01:01+02:00</sln:powIIPWersja><sln:powIdTeryt>1819</sln:powIdTeryt><sln:powNazwa>strzyżowski</sln:powNazwa><sln:waznyOd>2011-12-29T00:00:00+01:00</sln:waznyOd><sln:wojIIPId>833fe14b-fe8e-40c7-9e4e-fc27c938bb11</sln:wojIIPId><sln:wojIIPPn>PL.PZGIK.200</sln:wojIIPPn><sln:wojIIPWersja>2017-10-10T00:00:00+02:00</sln:wojIIPWersja><sln:wojIdTeryt>18</sln:wojIdTeryt><sln:wojNazwa>podkarpackie</sln:wojNazwa></sln:miejscowosc><sln:miejscowosc><sln:cyklZyciaDo>2017-04-14T00:00:00+02:00</sln:cyklZyciaDo><sln:cyklZyciaOd>2015-11-30T00:00:00+01:00</sln:cyklZyciaOd><sln:gmIIPId>74759f77-438d-4fcd-92b3-f6ad460d364c</sln:gmIIPId><sln:gmIIPPn>PL.PZGIK.200</sln:gmIIPPn><sln:gmIIPWersja>2012-09-26T22:07:42+02:00</sln:gmIIPWersja><sln:gmIdTeryt>1819022</sln:gmIdTeryt><sln:gmNazwa>Frysztak</sln:gmNazwa><sln:miejscIIPId>d568c2e5-233b-4dc8-8325-fcf84564b6c4</sln:miejscIIPId><sln:miejscIIPPn>PL.PZGIK.200</sln:miejscIIPPn><sln:miejscIIPWersja>2016-11-24T11:42:32+02:00</sln:miejscIIPWersja><sln:miejscIdTeryt>0649516</sln:miejscIdTeryt><sln:miejscNazwa>Kobyle</sln:miejscNazwa><sln:miejscRodzaj>Wieś</sln:miejscRodzaj><sln:powIIPId>fa694811-8438-4a7c-a5c7-d66a2f051a1b</sln:powIIPId><sln:powIIPPn>PL.PZGIK.200</sln:powIIPPn><sln:powIIPWersja>2012-09-27T08:01:01+02:00</sln:powIIPWersja><sln:powIdTeryt>1819</sln:powIdTeryt><sln:powNazwa>strzyżowski</sln:powNazwa><sln:waznyOd>2011-12-29T00:00:00+01:00</sln:waznyOd><sln:wojIIPId>833fe14b-fe8e-40c7-9e4e-fc27c938bb11</sln:wojIIPId><sln:wojIIPPn>PL.PZGIK.200</sln:wojIIPPn><sln:wojIIPWersja>2017-10-10T00:00:00+02:00</sln:wojIIPWersja><sln:wojIdTeryt>18</sln:wojIdTeryt><sln:wojNazwa>podkarpackie</sln:wojNazwa></sln:miejscowosc><sln:miejscowosc><sln:cyklZyciaDo>2017-04-14T00:00:00+02:00</sln:cyklZyciaDo><sln:cyklZyciaOd>2015-11-30T00:00:00+01:00</sln:cyklZyciaOd><sln:gmIIPId>74759f77-438d-4fcd-92b3-f6ad460d364c</sln:gmIIPId><sln:gmIIPPn>PL.PZGIK.200</sln:gmIIPPn><sln:gmIIPWersja>2012-09-26T22:07:42+02:00</sln:gmIIPWersja><sln:gmIdTeryt>1819022</sln:gmIdTeryt><sln:gmNazwa>Frysztak</sln:gmNazwa><sln:miejscIIPId>fa7c3183-78d6-400b-958a-0709f02aab2e</sln:miejscIIPId><sln:miejscIIPPn>PL.PZGIK.200</sln:miejscIIPPn><sln:miejscIIPWersja>2016-11-24T11:42:32+02:00</sln:miejscIIPWersja><sln:miejscIdTeryt>0649597</sln:miejscIdTeryt><sln:miejscNazwa>Lubla</sln:miejscNazwa><sln:miejscRodzaj>Wieś</sln:miejscRodzaj><sln:powIIPId>fa694811-8438-4a7c-a5c7-d66a2f051a1b</sln:powIIPId><sln:powIIPPn>PL.PZGIK.200</sln:powIIPPn><sln:powIIPWersja>2012-09-27T08:01:01+02:00</sln:powIIPWersja><sln:powIdTeryt>1819</sln:powIdTeryt><sln:powNazwa>strzyżowski</sln:powNazwa><sln:waznyOd>2011-12-29T00:00:00+01:00</sln:waznyOd><sln:wojIIPId>833fe14b-fe8e-40c7-9e4e-fc27c938bb11</sln:wojIIPId><sln:wojIIPPn>PL.PZGIK.200</sln:wojIIPPn><sln:wojIIPWersja>2017-10-10T00:00:00+02:00</sln:wojIIPWersja><sln:wojIdTeryt>18</sln:wojIdTeryt><sln:wojNazwa>podkarpackie</sln:wojNazwa></sln:miejscowosc><sln:miejscowosc><sln:cyklZyciaDo>2017-04-14T00:00:00+02:00</sln:cyklZyciaDo><sln:cyklZyciaOd>2015-11-30T00:00:00+01:00</sln:cyklZyciaOd><sln:gmIIPId>74759f77-438d-4fcd-92b3-f6ad460d364c</sln:gmIIPId><sln:gmIIPPn>PL.PZGIK.200</sln:gmIIPPn><sln:gmIIPWersja>2012-09-26T22:07:42+02:00</sln:gmIIPWersja><sln:gmIdTeryt>1819022</sln:gmIdTeryt><sln:gmNazwa>Frysztak</sln:gmNazwa><sln:miejscIIPId>461f59d4-f337-451f-94e8-d685ce6dad2e</sln:miejscIIPId><sln:miejscIIPPn>PL.PZGIK.200</sln:miejscIIPPn><sln:miejscIIPWersja>2016-11-24T11:42:32+02:00</sln:miejscIIPWersja><sln:miejscIdTeryt>0649700</sln:miejscIdTeryt><sln:miejscNazwa>Pułanki</sln:miejscNazwa><sln:miejscRodzaj>Wieś</sln:miejscRodzaj><sln:powIIPId>fa694811-8438-4a7c-a5c7-d66a2f051a1b</sln:powIIPId><sln:powIIPPn>PL.PZGIK.200</sln:powIIPPn><sln:powIIPWersja>2012-09-27T08:01:01+02:00</sln:powIIPWersja><sln:powIdTeryt>1819</sln:powIdTeryt><sln:powNazwa>strzyżowski</sln:powNazwa><sln:waznyOd>2011-12-29T00:00:00+01:00</sln:waznyOd><sln:wojIIPId>833fe14b-fe8e-40c7-9e4e-fc27c938bb11</sln:wojIIPId><sln:wojIIPPn>PL.PZGIK.200</sln:wojIIPPn><sln:wojIIPWersja>2017-10-10T00:00:00+02:00</sln:wojIIPWersja><sln:wojIdTeryt>18</sln:wojIdTeryt><sln:wojNazwa>podkarpackie</sln:wojNazwa></sln:miejscowosc><sln:miejscowosc><sln:cyklZyciaDo>2017-04-14T00:00:00+02:00</sln:cyklZyciaDo><sln:cyklZyciaOd>2015-11-30T00:00:00+01:00</sln:cyklZyciaOd><sln:gmIIPId>74759f77-438d-4fcd-92b3-f6ad460d364c</sln:gmIIPId><sln:gmIIPPn>PL.PZGIK.200</sln:gmIIPPn><sln:gmIIPWersja>2012-09-26T22:07:42+02:00</sln:gmIIPWersja><sln:gmIdTeryt>1819022</sln:gmIdTeryt><sln:gmNazwa>Frysztak</sln:gmNazwa><sln:miejscIIPId>cd486883-401b-4701-94d2-e62bfd7d2da1</sln:miejscIIPId><sln:miejscIIPPn>PL.PZGIK.200</sln:miejscIIPPn><sln:miejscIIPWersja>2016-11-24T11:42:32+02:00</sln:miejscIIPWersja><sln:miejscIdTeryt>0649752</sln:miejscIdTeryt><sln:miejscNazwa>Stępina</sln:miejscNazwa><sln:miejscRodzaj>Wieś</sln:miejscRodzaj><sln:powIIPId>fa694811-8438-4a7c-a5c7-d66a2f051a1b</sln:powIIPId><sln:powIIPPn>PL.PZGIK.200</sln:powIIPPn><sln:powIIPWersja>2012-09-27T08:01:01+02:00</sln:powIIPWersja><sln:powIdTeryt>1819</sln:powIdTeryt><sln:powNazwa>strzyżowski</sln:powNazwa><sln:waznyOd>2011-12-29T00:00:00+01:00</sln:waznyOd><sln:wojIIPId>833fe14b-fe8e-40c7-9e4e-fc27c938bb11</sln:wojIIPId><sln:wojIIPPn>PL.PZGIK.200</sln:wojIIPPn><sln:wojIIPWersja>2017-10-10T00:00:00+02:00</sln:wojIIPWersja><sln:wojIdTeryt>18</sln:wojIdTeryt><sln:wojNazwa>podkarpackie</sln:wojNazwa></sln:miejscowosc><sln:miejscowosc><sln:cyklZyciaDo>2017-04-14T00:00:00+02:00</sln:cyklZyciaDo><sln:cyklZyciaOd>2015-11-30T00:00:00+01:00</sln:cyklZyciaOd><sln:gmIIPId>74759f77-438d-4fcd-92b3-f6ad460d364c</sln:gmIIPId><sln:gmIIPPn>PL.PZGIK.200</sln:gmIIPPn><sln:gmIIPWersja>2012-09-26T22:07:42+02:00</sln:gmIIPWersja><sln:gmIdTeryt>1819022</sln:gmIdTeryt><sln:gmNazwa>Frysztak</sln:gmNazwa><sln:miejscIIPId>ce87b924-b884-4cb2-a7e0-a5bacde2ca3e</sln:miejscIIPId><sln:miejscIIPPn>PL.PZGIK.200</sln:miejscIIPPn><sln:miejscIIPWersja>2016-11-24T11:42:32+02:00</sln:miejscIIPWersja><sln:miejscIdTeryt>0649002</sln:miejscIdTeryt><sln:miejscNazwa>Cieszyna</sln:miejscNazwa><sln:miejscRodzaj>Wieś</sln:miejscRodzaj><sln:powIIPId>fa694811-8438-4a7c-a5c7-d66a2f051a1b</sln:powIIPId><sln:powIIPPn>PL.PZGIK.200</sln:powIIPPn><sln:powIIPWersja>2012-09-27T08:01:01+02:00</sln:powIIPWersja><sln:powIdTeryt>1819</sln:powIdTeryt><sln:powNazwa>strzyżowski</sln:powNazwa><sln:waznyOd>2011-12-29T00:00:00+01:00</sln:waznyOd><sln:wojIIPId>833fe14b-fe8e-40c7-9e4e-fc27c938bb11</sln:wojIIPId><sln:wojIIPPn>PL.PZGIK.200</sln:wojIIPPn><sln:wojIIPWersja>2017-10-10T00:00:00+02:00</sln:wojIIPWersja><sln:wojIdTeryt>18</sln:wojIdTeryt><sln:wojNazwa>podkarpackie</sln:wojNazwa></sln:miejscowosc><sln:miejscowosc><sln:cyklZyciaDo>2017-04-14T00:00:00+02:00</sln:cyklZyciaDo><sln:cyklZyciaOd>2015-11-30T00:00:00+01:00</sln:cyklZyciaOd><sln:gmIIPId>74759f77-438d-4fcd-92b3-f6ad460d364c</sln:gmIIPId><sln:gmIIPPn>PL.PZGIK.200</sln:gmIIPPn><sln:gmIIPWersja>2012-09-26T22:07:42+02:00</sln:gmIIPWersja><sln:gmIdTeryt>1819022</sln:gmIdTeryt><sln:gmNazwa>Frysztak</sln:gmNazwa><sln:miejscIIPId>d455e0a2-57c7-4383-aebc-e178596c5fa5</sln:miejscIIPId><sln:miejscIIPPn>PL.PZGIK.200</sln:miejscIIPPn><sln:miejscIIPWersja>2016-11-24T11:42:32+02:00</sln:miejscIIPWersja><sln:miejscIdTeryt>0649090</sln:miejscIdTeryt><sln:miejscNazwa>Frysztak</sln:miejscNazwa><sln:miejscRodzaj>Wieś</sln:miejscRodzaj><sln:powIIPId>fa694811-8438-4a7c-a5c7-d66a2f051a1b</sln:powIIPId><sln:powIIPPn>PL.PZGIK.200</sln:powIIPPn><sln:powIIPWersja>2012-09-27T08:01:01+02:00</sln:powIIPWersja><sln:powIdTeryt>1819</sln:powIdTeryt><sln:powNazwa>strzyżowski</sln:powNazwa><sln:waznyOd>2011-12-29T00:00:00+01:00</sln:waznyOd><sln:wojIIPId>833fe14b-fe8e-40c7-9e4e-fc27c938bb11</sln:wojIIPId><sln:wojIIPPn>PL.PZGIK.200</sln:wojIIPPn><sln:wojIIPWersja>2017-10-10T00:00:00+02:00</sln:wojIIPWersja><sln:wojIdTeryt>18</sln:wojIdTeryt><sln:wojNazwa>podkarpackie</sln:wojNazwa></sln:miejscowosc><sln:miejscowosc><sln:cyklZyciaDo>2017-04-14T00:00:00+02:00</sln:cyklZyciaDo><sln:cyklZyciaOd>2015-11-30T00:00:00+01:00</sln:cyklZyciaOd><sln:gmIIPId>74759f77-438d-4fcd-92b3-f6ad460d364c</sln:gmIIPId><sln:gmIIPPn>PL.PZGIK.200</sln:gmIIPPn><sln:gmIIPWersja>2012-09-26T22:07:42+02:00</sln:gmIIPWersja><sln:gmIdTeryt>1819022</sln:gmIdTeryt><sln:gmNazwa>Frysztak</sln:gmNazwa><sln:miejscIIPId>35d0a0e7-592a-4a99-9bbf-01cc0d3ca018</sln:miejscIIPId><sln:miejscIIPPn>PL.PZGIK.200</sln:miejscIIPPn><sln:miejscIIPWersja>2016-11-24T11:42:32+02:00</sln:miejscIIPWersja><sln:miejscIdTeryt>0649137</sln:miejscIdTeryt><sln:miejscNazwa>Glinik Dolny</sln:miejscNazwa><sln:miejscRodzaj>Wieś</sln:miejscRodzaj><sln:powIIPId>fa694811-8438-4a7c-a5c7-d66a2f051a1b</sln:powIIPId><sln:powIIPPn>PL.PZGIK.200</sln:powIIPPn><sln:powIIPWersja>2012-09-27T08:01:01+02:00</sln:powIIPWersja><sln:powIdTeryt>1819</sln:powIdTeryt><sln:powNazwa>strzyżowski</sln:powNazwa><sln:waznyOd>2011-12-29T00:00:00+01:00</sln:waznyOd><sln:wojIIPId>833fe14b-fe8e-40c7-9e4e-fc27c938bb11</sln:wojIIPId><sln:wojIIPPn>PL.PZGIK.200</sln:wojIIPPn><sln:wojIIPWersja>2017-10-10T00:00:00+02:00</sln:wojIIPWersja><sln:wojIdTeryt>18</sln:wojIdTeryt><sln:wojNazwa>podkarpackie</sln:wojNazwa></sln:miejscowosc><sln:miejscowosc><sln:cyklZyciaDo>2017-04-14T00:00:00+02:00</sln:cyklZyciaDo><sln:cyklZyciaOd>2015-11-30T00:00:00+01:00</sln:cyklZyciaOd><sln:gmIIPId>74759f77-438d-4fcd-92b3-f6ad460d364c</sln:gmIIPId><sln:gmIIPPn>PL.PZGIK.200</sln:gmIIPPn><sln:gmIIPWersja>2012-09-26T22:07:42+02:00</sln:gmIIPWersja><sln:gmIdTeryt>1819022</sln:gmIdTeryt><sln:gmNazwa>Frysztak</sln:gmNazwa><sln:miejscIIPId>1d3f6e03-39cb-41df-bfbd-d0ebf5bc04d4</sln:miejscIIPId><sln:miejscIIPPn>PL.PZGIK.200</sln:miejscIIPPn><sln:miejscIIPWersja>2016-11-24T11:42:32+02:00</sln:miejscIIPWersja><sln:miejscIdTeryt>0649150</sln:miejscIdTeryt><sln:miejscNazwa>Glinik Górny</sln:miejscNazwa><sln:miejscRodzaj>Wieś</sln:miejscRodzaj><sln:powIIPId>fa694811-8438-4a7c-a5c7-d66a2f051a1b</sln:powIIPId><sln:powIIPPn>PL.PZGIK.200</sln:powIIPPn><sln:powIIPWersja>2012-09-27T08:01:01+02:00</sln:powIIPWersja><sln:powIdTeryt>1819</sln:powIdTeryt><sln:powNazwa>strzyżowski</sln:powNazwa><sln:waznyOd>2011-12-29T00:00:00+01:00</sln:waznyOd><sln:wojIIPId>833fe14b-fe8e-40c7-9e4e-fc27c938bb11</sln:wojIIPId><sln:wojIIPPn>PL.PZGIK.200</sln:wojIIPPn><sln:wojIIPWersja>2017-10-10T00:00:00+02:00</sln:wojIIPWersja><sln:wojIdTeryt>18</sln:wojIdTeryt><sln:wojNazwa>podkarpackie</sln:wojNazwa></sln:miejscowosc><sln:miejscowosc><sln:cyklZyciaDo>2017-04-14T00:00:00+02:00</sln:cyklZyciaDo><sln:cyklZyciaOd>2015-11-30T00:00:00+01:00</sln:cyklZyciaOd><sln:gmIIPId>74759f77-438d-4fcd-92b3-f6ad460d364c</sln:gmIIPId><sln:gmIIPPn>PL.PZGIK.200</sln:gmIIPPn><sln:gmIIPWersja>2012-09-26T22:07:42+02:00</sln:gmIIPWersja><sln:gmIdTeryt>1819022</sln:gmIdTeryt><sln:gmNazwa>Frysztak</sln:gmNazwa><sln:miejscIIPId>b9fe1801-6bd4-4fad-8456-a1c0aeaefec1</sln:miejscIIPId><sln:miejscIIPPn>PL.PZGIK.200</sln:miejscIIPPn><sln:miejscIIPWersja>2016-11-24T11:42:32+02:00</sln:miejscIIPWersja><sln:miejscIdTeryt>0649255</sln:miejscIdTeryt><sln:miejscNazwa>Glinik Średni</sln:miejscNazwa><sln:miejscRodzaj>Wieś</sln:miejscRodzaj><sln:powIIPId>fa694811-8438-4a7c-a5c7-d66a2f051a1b</sln:powIIPId><sln:powIIPPn>PL.PZGIK.200</sln:powIIPPn><sln:powIIPWersja>2012-09-27T08:01:01+02:00</sln:powIIPWersja><sln:powIdTeryt>1819</sln:powIdTeryt><sln:powNazwa>strzyżowski</sln:powNazwa><sln:waznyOd>2011-12-29T00:00:00+01:00</sln:waznyOd><sln:wojIIPId>833fe14b-fe8e-40c7-9e4e-fc27c938bb11</sln:wojIIPId><sln:wojIIPPn>PL.PZGIK.200</sln:wojIIPPn><sln:wojIIPWersja>2017-10-10T00:00:00+02:00</sln:wojIIPWersja><sln:wojIdTeryt>18</sln:wojIdTeryt><sln:wojNazwa>podkarpackie</sln:wojNazwa></sln:miejscowosc><sln:miejscowosc><sln:cyklZyciaDo>2017-04-14T00:00:00+02:00</sln:cyklZyciaDo><sln:cyklZyciaOd>2015-11-30T00:00:00+01:00</sln:cyklZyciaOd><sln:gmIIPId>74759f77-438d-4fcd-92b3-f6ad460d364c</sln:gmIIPId><sln:gmIIPPn>PL.PZGIK.200</sln:gmIIPPn><sln:gmIIPWersja>2012-09-26T22:07:42+02:00</sln:gmIIPWersja><sln:gmIdTeryt>1819022</sln:gmIdTeryt><sln:gmNazwa>Frysztak</sln:gmNazwa><sln:miejscIIPId>6bcd86b3-d7bd-41f3-9fc5-bf2b3679e58e</sln:miejscIIPId><sln:miejscIIPPn>PL.PZGIK.200</sln:miejscIIPPn><sln:miejscIIPWersja>2016-11-24T11:42:32+02:00</sln:miejscIIPWersja><sln:miejscIdTeryt>0649344</sln:miejscIdTeryt><sln:miejscNazwa>Gogołów</sln:miejscNazwa><sln:miejscRodzaj>Wieś</sln:miejscRodzaj><sln:powIIPId>fa694811-8438-4a7c-a5c7-d66a2f051a1b</sln:powIIPId><sln:powIIPPn>PL.PZGIK.200</sln:powIIPPn><sln:powIIPWersja>2012-09-27T08:01:01+02:00</sln:powIIPWersja><sln:powIdTeryt>1819</sln:powIdTeryt><sln:powNazwa>strzyżowski</sln:powNazwa><sln:waznyOd>2011-12-29T00:00:00+01:00</sln:waznyOd><sln:wojIIPId>833fe14b-fe8e-40c7-9e4e-fc27c938bb11</sln:wojIIPId><sln:wojIIPPn>PL.PZGIK.200</sln:wojIIPPn><sln:wojIIPWersja>2017-10-10T00:00:00+02:00</sln:wojIIPWersja><sln:wojIdTeryt>18</sln:wojIdTeryt><sln:wojNazwa>podkarpackie</sln:wojNazwa></sln:miejscowosc><sln:miejscowosc><sln:cyklZyciaDo>2017-04-14T00:00:00+02:00</sln:cyklZyciaDo><sln:cyklZyciaOd>2015-11-30T00:00:00+01:00</sln:cyklZyciaOd><sln:gmIIPId>74759f77-438d-4fcd-92b3-f6ad460d364c</sln:gmIIPId><sln:gmIIPPn>PL.PZGIK.200</sln:gmIIPPn><sln:gmIIPWersja>2012-09-26T22:07:42+02:00</sln:gmIIPWersja><sln:gmIdTeryt>1819022</sln:gmIdTeryt><sln:gmNazwa>Frysztak</sln:gmNazwa><sln:miejscIIPId>ca1254a7-a0d6-4757-908a-bdaebf44fa69</sln:miejscIIPId><sln:miejscIIPPn>PL.PZGIK.200</sln:miejscIIPPn><sln:miejscIIPWersja>2016-11-24T11:42:32+02:00</sln:miejscIIPWersja><sln:miejscIdTeryt>0649456</sln:miejscIdTeryt><sln:miejscNazwa>Huta Gogołowska</sln:miejscNazwa><sln:miejscRodzaj>Wieś</sln:miejscRodzaj><sln:powIIPId>fa694811-8438-4a7c-a5c7-d66a2f051a1b</sln:powIIPId><sln:powIIPPn>PL.PZGIK.200</sln:powIIPPn><sln:powIIPWersja>2012-09-27T08:01:01+02:00</sln:powIIPWersja><sln:powIdTeryt>1819</sln:powIdTeryt><sln:powNazwa>strzyżowski</sln:powNazwa><sln:waznyOd>2011-12-29T00:00:00+01:00</sln:waznyOd><sln:wojIIPId>833fe14b-fe8e-40c7-9e4e-fc27c938bb11</sln:wojIIPId><sln:wojIIPPn>PL.PZGIK.200</sln:wojIIPPn><sln:wojIIPWersja>2017-10-10T00:00:00+02:00</sln:wojIIPWersja><sln:wojIdTeryt>18</sln:wojIdTeryt><sln:wojNazwa>podkarpackie</sln:wojNazwa></sln:miejscowosc><sln:miejscowosc><sln:cyklZyciaOd>2017-04-14T00:00:00+02:00</sln:cyklZyciaOd><sln:gmIIPId>74759f77-438d-4fcd-92b3-f6ad460d364c</sln:gmIIPId><sln:gmIIPPn>PL.PZGIK.200</sln:gmIIPPn><sln:gmIIPWersja>2012-09-26T22:07:42+02:00</sln:gmIIPWersja><sln:gmIdTeryt>1819022</sln:gmIdTeryt><sln:gmNazwa>Frysztak</sln:gmNazwa><sln:miejscIIPId>ce87b924-b884-4cb2-a7e0-a5bacde2ca3e</sln:miejscIIPId><sln:miejscIIPPn>PL.PZGIK.200</sln:miejscIIPPn><sln:miejscIIPWersja>2017-04-14T17:27:21+02:00</sln:miejscIIPWersja><sln:miejscIdTeryt>0649002</sln:miejscIdTeryt><sln:miejscNazwa>Cieszyna</sln:miejscNazwa><sln:miejscRodzaj>Wieś</sln:miejscRodzaj><sln:powIIPId>fa694811-8438-4a7c-a5c7-d66a2f051a1b</sln:powIIPId><sln:powIIPPn>PL.PZGIK.200</sln:powIIPPn><sln:powIIPWersja>2012-09-27T08:01:01+02:00</sln:powIIPWersja><sln:powIdTeryt>1819</sln:powIdTeryt><sln:powNazwa>strzyżowski</sln:powNazwa><sln:waznyOd>2011-12-29T00:00:00+01:00</sln:waznyOd><sln:wojIIPId>833fe14b-fe8e-40c7-9e4e-fc27c938bb11</sln:wojIIPId><sln:wojIIPPn>PL.PZGIK.200</sln:wojIIPPn><sln:wojIIPWersja>2017-10-10T00:00:00+02:00</sln:wojIIPWersja><sln:wojIdTeryt>18</sln:wojIdTeryt><sln:wojNazwa>podkarpackie</sln:wojNazwa></sln:miejscowosc><sln:miejscowosc><sln:cyklZyciaOd>2017-04-14T00:00:00+02:00</sln:cyklZyciaOd><sln:gmIIPId>74759f77-438d-4fcd-92b3-f6ad460d364c</sln:gmIIPId><sln:gmIIPPn>PL.PZGIK.200</sln:gmIIPPn><sln:gmIIPWersja>2012-09-26T22:07:42+02:00</sln:gmIIPWersja><sln:gmIdTeryt>1819022</sln:gmIdTeryt><sln:gmNazwa>Frysztak</sln:gmNazwa><sln:miejscIIPId>d455e0a2-57c7-4383-aebc-e178596c5fa5</sln:miejscIIPId><sln:miejscIIPPn>PL.PZGIK.200</sln:miejscIIPPn><sln:miejscIIPWersja>2017-04-14T17:27:31+02:00</sln:miejscIIPWersja><sln:miejscIdTeryt>0649090</sln:miejscIdTeryt><sln:miejscNazwa>Frysztak</sln:miejscNazwa><sln:miejscRodzaj>Wieś</sln:miejscRodzaj><sln:powIIPId>fa694811-8438-4a7c-a5c7-d66a2f051a1b</sln:powIIPId><sln:powIIPPn>PL.PZGIK.200</sln:powIIPPn><sln:powIIPWersja>2012-09-27T08:01:01+02:00</sln:powIIPWersja><sln:powIdTeryt>1819</sln:powIdTeryt><sln:powNazwa>strzyżowski</sln:powNazwa><sln:waznyOd>2011-12-29T00:00:00+01:00</sln:waznyOd><sln:wojIIPId>833fe14b-fe8e-40c7-9e4e-fc27c938bb11</sln:wojIIPId><sln:wojIIPPn>PL.PZGIK.200</sln:wojIIPPn><sln:wojIIPWersja>2017-10-10T00:00:00+02:00</sln:wojIIPWersja><sln:wojIdTeryt>18</sln:wojIdTeryt><sln:wojNazwa>podkarpackie</sln:wojNazwa></sln:miejscowosc><sln:miejscowosc><sln:cyklZyciaOd>2017-04-14T00:00:00+02:00</sln:cyklZyciaOd><sln:gmIIPId>74759f77-438d-4fcd-92b3-f6ad460d364c</sln:gmIIPId><sln:gmIIPPn>PL.PZGIK.200</sln:gmIIPPn><sln:gmIIPWersja>2012-09-26T22:07:42+02:00</sln:gmIIPWersja><sln:gmIdTeryt>1819022</sln:gmIdTeryt><sln:gmNazwa>Frysztak</sln:gmNazwa><sln:miejscIIPId>35d0a0e7-592a-4a99-9bbf-01cc0d3ca018</sln:miejscIIPId><sln:miejscIIPPn>PL.PZGIK.200</sln:miejscIIPPn><sln:miejscIIPWersja>2017-04-14T17:27:31+02:00</sln:miejscIIPWersja><sln:miejscIdTeryt>0649137</sln:miejscIdTeryt><sln:miejscNazwa>Glinik Dolny</sln:miejscNazwa><sln:miejscRodzaj>Wieś</sln:miejscRodzaj><sln:powIIPId>fa694811-8438-4a7c-a5c7-d66a2f051a1b</sln:powIIPId><sln:powIIPPn>PL.PZGIK.200</sln:powIIPPn><sln:powIIPWersja>2012-09-27T08:01:01+02:00</sln:powIIPWersja><sln:powIdTeryt>1819</sln:powIdTeryt><sln:powNazwa>strzyżowski</sln:powNazwa><sln:waznyOd>2011-12-29T00:00:00+01:00</sln:waznyOd><sln:wojIIPId>833fe14b-fe8e-40c7-9e4e-fc27c938bb11</sln:wojIIPId><sln:wojIIPPn>PL.PZGIK.200</sln:wojIIPPn><sln:wojIIPWersja>2017-10-10T00:00:00+02:00</sln:wojIIPWersja><sln:wojIdTeryt>18</sln:wojIdTeryt><sln:wojNazwa>podkarpackie</sln:wojNazwa></sln:miejscowosc><sln:miejscowosc><sln:cyklZyciaOd>2017-04-14T00:00:00+02:00</sln:cyklZyciaOd><sln:gmIIPId>74759f77-438d-4fcd-92b3-f6ad460d364c</sln:gmIIPId><sln:gmIIPPn>PL.PZGIK.200</sln:gmIIPPn><sln:gmIIPWersja>2012-09-26T22:07:42+02:00</sln:gmIIPWersja><sln:gmIdTeryt>1819022</sln:gmIdTeryt><sln:gmNazwa>Frysztak</sln:gmNazwa><sln:miejscIIPId>1d3f6e03-39cb-41df-bfbd-d0ebf5bc04d4</sln:miejscIIPId><sln:miejscIIPPn>PL.PZGIK.200</sln:miejscIIPPn><sln:miejscIIPWersja>2017-04-14T17:27:32+02:00</sln:miejscIIPWersja><sln:miejscIdTeryt>0649150</sln:miejscIdTeryt><sln:miejscNazwa>Glinik Górny</sln:miejscNazwa><sln:miejscRodzaj>Wieś</sln:miejscRodzaj><sln:powIIPId>fa694811-8438-4a7c-a5c7-d66a2f051a1b</sln:powIIPId><sln:powIIPPn>PL.PZGIK.200</sln:powIIPPn><sln:powIIPWersja>2012-09-27T08:01:01+02:00</sln:powIIPWersja><sln:powIdTeryt>1819</sln:powIdTeryt><sln:powNazwa>strzyżowski</sln:powNazwa><sln:waznyOd>2011-12-29T00:00:00+01:00</sln:waznyOd><sln:wojIIPId>833fe14b-fe8e-40c7-9e4e-fc27c938bb11</sln:wojIIPId><sln:wojIIPPn>PL.PZGIK.200</sln:wojIIPPn><sln:wojIIPWersja>2017-10-10T00:00:00+02:00</sln:wojIIPWersja><sln:wojIdTeryt>18</sln:wojIdTeryt><sln:wojNazwa>podkarpackie</sln:wojNazwa></sln:miejscowosc><sln:miejscowosc><sln:cyklZyciaOd>2017-04-14T00:00:00+02:00</sln:cyklZyciaOd><sln:gmIIPId>74759f77-438d-4fcd-92b3-f6ad460d364c</sln:gmIIPId><sln:gmIIPPn>PL.PZGIK.200</sln:gmIIPPn><sln:gmIIPWersja>2012-09-26T22:07:42+02:00</sln:gmIIPWersja><sln:gmIdTeryt>1819022</sln:gmIdTeryt><sln:gmNazwa>Frysztak</sln:gmNazwa><sln:miejscIIPId>b9fe1801-6bd4-4fad-8456-a1c0aeaefec1</sln:miejscIIPId><sln:miejscIIPPn>PL.PZGIK.200</sln:miejscIIPPn><sln:miejscIIPWersja>2017-04-14T17:27:32+02:00</sln:miejscIIPWersja><sln:miejscIdTeryt>0649255</sln:miejscIdTeryt><sln:miejscNazwa>Glinik Średni</sln:miejscNazwa><sln:miejscRodzaj>Wieś</sln:miejscRodzaj><sln:powIIPId>fa694811-8438-4a7c-a5c7-d66a2f051a1b</sln:powIIPId><sln:powIIPPn>PL.PZGIK.200</sln:powIIPPn><sln:powIIPWersja>2012-09-27T08:01:01+02:00</sln:powIIPWersja><sln:powIdTeryt>1819</sln:powIdTeryt><sln:powNazwa>strzyżowski</sln:powNazwa><sln:waznyOd>2011-12-29T00:00:00+01:00</sln:waznyOd><sln:wojIIPId>833fe14b-fe8e-40c7-9e4e-fc27c938bb11</sln:wojIIPId><sln:wojIIPPn>PL.PZGIK.200</sln:wojIIPPn><sln:wojIIPWersja>2017-10-10T00:00:00+02:00</sln:wojIIPWersja><sln:wojIdTeryt>18</sln:wojIdTeryt><sln:wojNazwa>podkarpackie</sln:wojNazwa></sln:miejscowosc><sln:miejscowosc><sln:cyklZyciaOd>2017-04-14T00:00:00+02:00</sln:cyklZyciaOd><sln:gmIIPId>74759f77-438d-4fcd-92b3-f6ad460d364c</sln:gmIIPId><sln:gmIIPPn>PL.PZGIK.200</sln:gmIIPPn><sln:gmIIPWersja>2012-09-26T22:07:42+02:00</sln:gmIIPWersja><sln:gmIdTeryt>1819022</sln:gmIdTeryt><sln:gmNazwa>Frysztak</sln:gmNazwa><sln:miejscIIPId>6bcd86b3-d7bd-41f3-9fc5-bf2b3679e58e</sln:miejscIIPId><sln:miejscIIPPn>PL.PZGIK.200</sln:miejscIIPPn><sln:miejscIIPWersja>2017-04-14T17:27:32+02:00</sln:miejscIIPWersja><sln:miejscIdTeryt>0649344</sln:miejscIdTeryt><sln:miejscNazwa>Gogołów</sln:miejscNazwa><sln:miejscRodzaj>Wieś</sln:miejscRodzaj><sln:powIIPId>fa694811-8438-4a7c-a5c7-d66a2f051a1b</sln:powIIPId><sln:powIIPPn>PL.PZGIK.200</sln:powIIPPn><sln:powIIPWersja>2012-09-27T08:01:01+02:00</sln:powIIPWersja><sln:powIdTeryt>1819</sln:powIdTeryt><sln:powNazwa>strzyżowski</sln:powNazwa><sln:waznyOd>2011-12-29T00:00:00+01:00</sln:waznyOd><sln:wojIIPId>833fe14b-fe8e-40c7-9e4e-fc27c938bb11</sln:wojIIPId><sln:wojIIPPn>PL.PZGIK.200</sln:wojIIPPn><sln:wojIIPWersja>2017-10-10T00:00:00+02:00</sln:wojIIPWersja><sln:wojIdTeryt>18</sln:wojIdTeryt><sln:wojNazwa>podkarpackie</sln:wojNazwa></sln:miejscowosc><sln:miejscowosc><sln:cyklZyciaOd>2017-04-14T00:00:00+02:00</sln:cyklZyciaOd><sln:gmIIPId>74759f77-438d-4fcd-92b3-f6ad460d364c</sln:gmIIPId><sln:gmIIPPn>PL.PZGIK.200</sln:gmIIPPn><sln:gmIIPWersja>2012-09-26T22:07:42+02:00</sln:gmIIPWersja><sln:gmIdTeryt>1819022</sln:gmIdTeryt><sln:gmNazwa>Frysztak</sln:gmNazwa><sln:miejscIIPId>ca1254a7-a0d6-4757-908a-bdaebf44fa69</sln:miejscIIPId><sln:miejscIIPPn>PL.PZGIK.200</sln:miejscIIPPn><sln:miejscIIPWersja>2017-04-14T17:27:32+02:00</sln:miejscIIPWersja><sln:miejscIdTeryt>0649456</sln:miejscIdTeryt><sln:miejscNazwa>Huta Gogołowska</sln:miejscNazwa><sln:miejscRodzaj>Wieś</sln:miejscRodzaj><sln:powIIPId>fa694811-8438-4a7c-a5c7-d66a2f051a1b</sln:powIIPId><sln:powIIPPn>PL.PZGIK.200</sln:powIIPPn><sln:powIIPWersja>2012-09-27T08:01:01+02:00</sln:powIIPWersja><sln:powIdTeryt>1819</sln:powIdTeryt><sln:powNazwa>strzyżowski</sln:powNazwa><sln:waznyOd>2011-12-29T00:00:00+01:00</sln:waznyOd><sln:wojIIPId>833fe14b-fe8e-40c7-9e4e-fc27c938bb11</sln:wojIIPId><sln:wojIIPPn>PL.PZGIK.200</sln:wojIIPPn><sln:wojIIPWersja>2017-10-10T00:00:00+02:00</sln:wojIIPWersja><sln:wojIdTeryt>18</sln:wojIdTeryt><sln:wojNazwa>podkarpackie</sln:wojNazwa></sln:miejscowosc><sln:miejscowosc><sln:cyklZyciaOd>2017-04-14T00:00:00+02:00</sln:cyklZyciaOd><sln:gmIIPId>74759f77-438d-4fcd-92b3-f6ad460d364c</sln:gmIIPId><sln:gmIIPPn>PL.PZGIK.200</sln:gmIIPPn><sln:gmIIPWersja>2012-09-26T22:07:42+02:00</sln:gmIIPWersja><sln:gmIdTeryt>1819022</sln:gmIdTeryt><sln:gmNazwa>Frysztak</sln:gmNazwa><sln:miejscIIPId>d568c2e5-233b-4dc8-8325-fcf84564b6c4</sln:miejscIIPId><sln:miejscIIPPn>PL.PZGIK.200</sln:miejscIIPPn><sln:miejscIIPWersja>2017-04-14T17:27:32+02:00</sln:miejscIIPWersja><sln:miejscIdTeryt>0649516</sln:miejscIdTeryt><sln:miejscNazwa>Kobyle</sln:miejscNazwa><sln:miejscRodzaj>Wieś</sln:miejscRodzaj><sln:powIIPId>fa694811-8438-4a7c-a5c7-d66a2f051a1b</sln:powIIPId><sln:powIIPPn>PL.PZGIK.200</sln:powIIPPn><sln:powIIPWersja>2012-09-27T08:01:01+02:00</sln:powIIPWersja><sln:powIdTeryt>1819</sln:powIdTeryt><sln:powNazwa>strzyżowski</sln:powNazwa><sln:waznyOd>2011-12-29T00:00:00+01:00</sln:waznyOd><sln:wojIIPId>833fe14b-fe8e-40c7-9e4e-fc27c938bb11</sln:wojIIPId><sln:wojIIPPn>PL.PZGIK.200</sln:wojIIPPn><sln:wojIIPWersja>2017-10-10T00:00:00+02:00</sln:wojIIPWersja><sln:wojIdTeryt>18</sln:wojIdTeryt><sln:wojNazwa>podkarpackie</sln:wojNazwa></sln:miejscowosc><sln:miejscowosc><sln:cyklZyciaOd>2017-04-14T00:00:00+02:00</sln:cyklZyciaOd><sln:gmIIPId>74759f77-438d-4fcd-92b3-f6ad460d364c</sln:gmIIPId><sln:gmIIPPn>PL.PZGIK.200</sln:gmIIPPn><sln:gmIIPWersja>2012-09-26T22:07:42+02:00</sln:gmIIPWersja><sln:gmIdTeryt>1819022</sln:gmIdTeryt><sln:gmNazwa>Frysztak</sln:gmNazwa><sln:miejscIIPId>fa7c3183-78d6-400b-958a-0709f02aab2e</sln:miejscIIPId><sln:miejscIIPPn>PL.PZGIK.200</sln:miejscIIPPn><sln:miejscIIPWersja>2017-04-14T17:27:32+02:00</sln:miejscIIPWersja><sln:miejscIdTeryt>0649597</sln:miejscIdTeryt><sln:miejscNazwa>Lubla</sln:miejscNazwa><sln:miejscRodzaj>Wieś</sln:miejscRodzaj><sln:powIIPId>fa694811-8438-4a7c-a5c7-d66a2f051a1b</sln:powIIPId><sln:powIIPPn>PL.PZGIK.200</sln:powIIPPn><sln:powIIPWersja>2012-09-27T08:01:01+02:00</sln:powIIPWersja><sln:powIdTeryt>1819</sln:powIdTeryt><sln:powNazwa>strzyżowski</sln:powNazwa><sln:waznyOd>2011-12-29T00:00:00+01:00</sln:waznyOd><sln:wojIIPId>833fe14b-fe8e-40c7-9e4e-fc27c938bb11</sln:wojIIPId><sln:wojIIPPn>PL.PZGIK.200</sln:wojIIPPn><sln:wojIIPWersja>2017-10-10T00:00:00+02:00</sln:wojIIPWersja><sln:wojIdTeryt>18</sln:wojIdTeryt><sln:wojNazwa>podkarpackie</sln:wojNazwa></sln:miejscowosc><sln:miejscowosc><sln:cyklZyciaOd>2017-04-14T00:00:00+02:00</sln:cyklZyciaOd><sln:gmIIPId>74759f77-438d-4fcd-92b3-f6ad460d364c</sln:gmIIPId><sln:gmIIPPn>PL.PZGIK.200</sln:gmIIPPn><sln:gmIIPWersja>2012-09-26T22:07:42+02:00</sln:gmIIPWersja><sln:gmIdTeryt>1819022</sln:gmIdTeryt><sln:gmNazwa>Frysztak</sln:gmNazwa><sln:miejscIIPId>461f59d4-f337-451f-94e8-d685ce6dad2e</sln:miejscIIPId><sln:miejscIIPPn>PL.PZGIK.200</sln:miejscIIPPn><sln:miejscIIPWersja>2017-04-14T17:27:32+02:00</sln:miejscIIPWersja><sln:miejscIdTeryt>0649700</sln:miejscIdTeryt><sln:miejscNazwa>Pułanki</sln:miejscNazwa><sln:miejscRodzaj>Wieś</sln:miejscRodzaj><sln:powIIPId>fa694811-8438-4a7c-a5c7-d66a2f051a1b</sln:powIIPId><sln:powIIPPn>PL.PZGIK.200</sln:powIIPPn><sln:powIIPWersja>2012-09-27T08:01:01+02:00</sln:powIIPWersja><sln:powIdTeryt>1819</sln:powIdTeryt><sln:powNazwa>strzyżowski</sln:powNazwa><sln:waznyOd>2011-12-29T00:00:00+01:00</sln:waznyOd><sln:wojIIPId>833fe14b-fe8e-40c7-9e4e-fc27c938bb11</sln:wojIIPId><sln:wojIIPPn>PL.PZGIK.200</sln:wojIIPPn><sln:wojIIPWersja>2017-10-10T00:00:00+02:00</sln:wojIIPWersja><sln:wojIdTeryt>18</sln:wojIdTeryt><sln:wojNazwa>podkarpackie</sln:wojNazwa></sln:miejscowosc><sln:miejscowosc><sln:cyklZyciaOd>2017-04-14T00:00:00+02:00</sln:cyklZyciaOd><sln:gmIIPId>74759f77-438d-4fcd-92b3-f6ad460d364c</sln:gmIIPId><sln:gmIIPPn>PL.PZGIK.200</sln:gmIIPPn><sln:gmIIPWersja>2012-09-26T22:07:42+02:00</sln:gmIIPWersja><sln:gmIdTeryt>1819022</sln:gmIdTeryt><sln:gmNazwa>Frysztak</sln:gmNazwa><sln:miejscIIPId>cd486883-401b-4701-94d2-e62bfd7d2da1</sln:miejscIIPId><sln:miejscIIPPn>PL.PZGIK.200</sln:miejscIIPPn><sln:miejscIIPWersja>2017-04-14T17:27:32+02:00</sln:miejscIIPWersja><sln:miejscIdTeryt>0649752</sln:miejscIdTeryt><sln:miejscNazwa>Stępina</sln:miejscNazwa><sln:miejscRodzaj>Wieś</sln:miejscRodzaj><sln:powIIPId>fa694811-8438-4a7c-a5c7-d66a2f051a1b</sln:powIIPId><sln:powIIPPn>PL.PZGIK.200</sln:powIIPPn><sln:powIIPWersja>2012-09-27T08:01:01+02:00</sln:powIIPWersja><sln:powIdTeryt>1819</sln:powIdTeryt><sln:powNazwa>strzyżowski</sln:powNazwa><sln:waznyOd>2011-12-29T00:00:00+01:00</sln:waznyOd><sln:wojIIPId>833fe14b-fe8e-40c7-9e4e-fc27c938bb11</sln:wojIIPId><sln:wojIIPPn>PL.PZGIK.200</sln:wojIIPPn><sln:wojIIPWersja>2017-10-10T00:00:00+02:00</sln:wojIIPWersja><sln:wojIdTeryt>18</sln:wojIdTeryt><sln:wojNazwa>podkarpackie</sln:wojNazwa></sln:miejscowosc><sln:miejscowosc><sln:cyklZyciaOd>2017-04-14T00:00:00+02:00</sln:cyklZyciaOd><sln:gmIIPId>74759f77-438d-4fcd-92b3-f6ad460d364c</sln:gmIIPId><sln:gmIIPPn>PL.PZGIK.200</sln:gmIIPPn><sln:gmIIPWersja>2012-09-26T22:07:42+02:00</sln:gmIIPWersja><sln:gmIdTeryt>1819022</sln:gmIdTeryt><sln:gmNazwa>Frysztak</sln:gmNazwa><sln:miejscIIPId>ef89bbc5-5323-4491-a008-9b600c6b3380</sln:miejscIIPId><sln:miejscIIPPn>PL.PZGIK.200</sln:miejscIIPPn><sln:miejscIIPWersja>2017-04-14T17:27:32+02:00</sln:miejscIIPWersja><sln:miejscIdTeryt>0649812</sln:miejscIdTeryt><sln:miejscNazwa>Twierdza</sln:miejscNazwa><sln:miejscRodzaj>Wieś</sln:miejscRodzaj><sln:powIIPId>fa694811-8438-4a7c-a5c7-d66a2f051a1b</sln:powIIPId><sln:powIIPPn>PL.PZGIK.200</sln:powIIPPn><sln:powIIPWersja>2012-09-27T08:01:01+02:00</sln:powIIPWersja><sln:powIdTeryt>1819</sln:powIdTeryt><sln:powNazwa>strzyżowski</sln:powNazwa><sln:waznyOd>2011-12-29T00:00:00+01:00</sln:waznyOd><sln:wojIIPId>833fe14b-fe8e-40c7-9e4e-fc27c938bb11</sln:wojIIPId><sln:wojIIPPn>PL.PZGIK.200</sln:wojIIPPn><sln:wojIIPWersja>2017-10-10T00:00:00+02:00</sln:wojIIPWersja><sln:wojIdTeryt>18</sln:wojIdTeryt><sln:wojNazwa>podkarpackie</sln:wojNazwa></sln:miejscowosc><sln:miejscowosc><sln:cyklZyciaOd>2017-04-14T00:00:00+02:00</sln:cyklZyciaOd><sln:gmIIPId>74759f77-438d-4fcd-92b3-f6ad460d364c</sln:gmIIPId><sln:gmIIPPn>PL.PZGIK.200</sln:gmIIPPn><sln:gmIIPWersja>2012-09-26T22:07:42+02:00</sln:gmIIPWersja><sln:gmIdTeryt>1819022</sln:gmIdTeryt><sln:gmNazwa>Frysztak</sln:gmNazwa><sln:miejscIIPId>8165e6ad-0edd-4584-8ec3-d9e31df69b27</sln:miejscIIPId><sln:miejscIIPPn>PL.PZGIK.200</sln:miejscIIPPn><sln:miejscIIPWersja>2017-04-14T17:27:32+02:00</sln:miejscIIPWersja><sln:miejscIdTeryt>0649858</sln:miejscIdTeryt><sln:miejscNazwa>Widacz</sln:miejscNazwa><sln:miejscRodzaj>Wieś</sln:miejscRodzaj><sln:powIIPId>fa694811-8438-4a7c-a5c7-d66a2f051a1b</sln:powIIPId><sln:powIIPPn>PL.PZGIK.200</sln:powIIPPn><sln:powIIPWersja>2012-09-27T08:01:01+02:00</sln:powIIPWersja><sln:powIdTeryt>1819</sln:powIdTeryt><sln:powNazwa>strzyżowski</sln:powNazwa><sln:waznyOd>2011-12-29T00:00:00+01:00</sln:waznyOd><sln:wojIIPId>833fe14b-fe8e-40c7-9e4e-fc27c938bb11</sln:wojIIPId><sln:wojIIPPn>PL.PZGIK.200</sln:wojIIPPn><sln:wojIIPWersja>2017-10-10T00:00:00+02:00</sln:wojIIPWersja><sln:wojIdTeryt>18</sln:wojIdTeryt><sln:wojNazwa>podkarpackie</sln:wojNazwa></sln:miejscowosc></sln:lista-miejscowosci>