<?xml version="1.0" encoding="UTF-8" standalone="yes"?><sln:lista-miejscowosci xmlns:srv="http://gugik.gov.pl/schemas/slowniki-service/1.0" xmlns:sln="http://gugik.gov.pl/schemas/slowniki-schema/1.0"><sln:miejscowosc><sln:cyklZyciaDo>2017-04-18T00:00:00+02:00</sln:cyklZyciaDo><sln:cyklZyciaOd>2016-02-02T00:00:00+01:00</sln:cyklZyciaOd><sln:gmIIPId>86528ba9-b7c3-49e2-9e3c-9a849444e4a2</sln:gmIIPId><sln:gmIIPPn>PL.PZGIK.200</sln:gmIIPPn><sln:gmIIPWersja>2012-09-26T22:01:32+02:00</sln:gmIIPWersja><sln:gmIdTeryt>1812073</sln:gmIdTeryt><sln:gmNazwa>Ulanów</sln:gmNazwa><sln:miejscIIPId>62864b80-7c96-41c4-875d-a403d00fcc07</sln:miejscIIPId><sln:miejscIIPPn>PL.PZGIK.200</sln:miejscIIPPn><sln:miejscIIPWersja>2016-11-24T12:51:42+02:00</sln:miejscIIPWersja><sln:miejscIdTeryt>0808914</sln:miejscIdTeryt><sln:miejscNazwa>Bieliniec</sln:miejscNazwa><sln:miejscRodzaj>Wieś</sln:miejscRodzaj><sln:powIIPId>f87cae01-4621-41f4-b768-c777cf94d1d8</sln:powIIPId><sln:powIIPPn>PL.PZGIK.200</sln:powIIPPn><sln:powIIPWersja>2012-09-27T08:01:01+02:00</sln:powIIPWersja><sln:powIdTeryt>1812</sln:powIdTeryt><sln:powNazwa>niżański</sln:powNazwa><sln:waznyOd>2014-09-05T00:00:00+02:00</sln:waznyOd><sln:wojIIPId>833fe14b-fe8e-40c7-9e4e-fc27c938bb11</sln:wojIIPId><sln:wojIIPPn>PL.PZGIK.200</sln:wojIIPPn><sln:wojIIPWersja>2017-10-10T00:00:00+02:00</sln:wojIIPWersja><sln:wojIdTeryt>18</sln:wojIdTeryt><sln:wojNazwa>podkarpackie</sln:wojNazwa></sln:miejscowosc><sln:miejscowosc><sln:cyklZyciaDo>2017-04-18T00:00:00+02:00</sln:cyklZyciaDo><sln:cyklZyciaOd>2016-02-02T00:00:00+01:00</sln:cyklZyciaOd><sln:gmIIPId>86528ba9-b7c3-49e2-9e3c-9a849444e4a2</sln:gmIIPId><sln:gmIIPPn>PL.PZGIK.200</sln:gmIIPPn><sln:gmIIPWersja>2012-09-26T22:01:32+02:00</sln:gmIIPWersja><sln:gmIdTeryt>1812073</sln:gmIdTeryt><sln:gmNazwa>Ulanów</sln:gmNazwa><sln:miejscIIPId>8d54bc9b-158c-4c84-8d91-2dbbcb5315a1</sln:miejscIIPId><sln:miejscIIPPn>PL.PZGIK.200</sln:miejscIIPPn><sln:miejscIIPWersja>2016-11-24T12:51:46+02:00</sln:miejscIIPWersja><sln:miejscIdTeryt>0808937</sln:miejscIdTeryt><sln:miejscNazwa>Bieliny</sln:miejscNazwa><sln:miejscRodzaj>Wieś</sln:miejscRodzaj><sln:powIIPId>f87cae01-4621-41f4-b768-c777cf94d1d8</sln:powIIPId><sln:powIIPPn>PL.PZGIK.200</sln:powIIPPn><sln:powIIPWersja>2012-09-27T08:01:01+02:00</sln:powIIPWersja><sln:powIdTeryt>1812</sln:powIdTeryt><sln:powNazwa>niżański</sln:powNazwa><sln:waznyOd>2014-09-05T00:00:00+02:00</sln:waznyOd><sln:wojIIPId>833fe14b-fe8e-40c7-9e4e-fc27c938bb11</sln:wojIIPId><sln:wojIIPPn>PL.PZGIK.200</sln:wojIIPPn><sln:wojIIPWersja>2017-10-10T00:00:00+02:00</sln:wojIIPWersja><sln:wojIdTeryt>18</sln:wojIdTeryt><sln:wojNazwa>podkarpackie</sln:wojNazwa></sln:miejscowosc><sln:miejscowosc><sln:cyklZyciaDo>2017-04-18T00:00:00+02:00</sln:cyklZyciaDo><sln:cyklZyciaOd>2016-02-02T00:00:00+01:00</sln:cyklZyciaOd><sln:gmIIPId>86528ba9-b7c3-49e2-9e3c-9a849444e4a2</sln:gmIIPId><sln:gmIIPPn>PL.PZGIK.200</sln:gmIIPPn><sln:gmIIPWersja>2012-09-26T22:01:32+02:00</sln:gmIIPWersja><sln:gmIdTeryt>1812073</sln:gmIdTeryt><sln:gmNazwa>Ulanów</sln:gmNazwa><sln:miejscIIPId>62d16fcb-81af-4fd3-b894-865aca289a7c</sln:miejscIIPId><sln:miejscIIPPn>PL.PZGIK.200</sln:miejscIIPPn><sln:miejscIIPWersja>2016-11-24T12:51:48+02:00</sln:miejscIIPWersja><sln:miejscIdTeryt>0808943</sln:miejscIdTeryt><sln:miejscNazwa>Borki</sln:miejscNazwa><sln:miejscRodzaj>Wieś</sln:miejscRodzaj><sln:powIIPId>f87cae01-4621-41f4-b768-c777cf94d1d8</sln:powIIPId><sln:powIIPPn>PL.PZGIK.200</sln:powIIPPn><sln:powIIPWersja>2012-09-27T08:01:01+02:00</sln:powIIPWersja><sln:powIdTeryt>1812</sln:powIdTeryt><sln:powNazwa>niżański</sln:powNazwa><sln:waznyOd>2014-09-05T00:00:00+02:00</sln:waznyOd><sln:wojIIPId>833fe14b-fe8e-40c7-9e4e-fc27c938bb11</sln:wojIIPId><sln:wojIIPPn>PL.PZGIK.200</sln:wojIIPPn><sln:wojIIPWersja>2017-10-10T00:00:00+02:00</sln:wojIIPWersja><sln:wojIdTeryt>18</sln:wojIdTeryt><sln:wojNazwa>podkarpackie</sln:wojNazwa></sln:miejscowosc><sln:miejscowosc><sln:cyklZyciaDo>2017-04-18T00:00:00+02:00</sln:cyklZyciaDo><sln:cyklZyciaOd>2016-02-02T00:00:00+01:00</sln:cyklZyciaOd><sln:gmIIPId>86528ba9-b7c3-49e2-9e3c-9a849444e4a2</sln:gmIIPId><sln:gmIIPPn>PL.PZGIK.200</sln:gmIIPPn><sln:gmIIPWersja>2012-09-26T22:01:32+02:00</sln:gmIIPWersja><sln:gmIdTeryt>1812073</sln:gmIdTeryt><sln:gmNazwa>Ulanów</sln:gmNazwa><sln:miejscIIPId>991603bc-8c68-4485-a0b8-26d3ee81160f</sln:miejscIIPId><sln:miejscIIPPn>PL.PZGIK.200</sln:miejscIIPPn><sln:miejscIIPWersja>2016-11-24T12:51:50+02:00</sln:miejscIIPWersja><sln:miejscIdTeryt>0809003</sln:miejscIdTeryt><sln:miejscNazwa>Bukowina</sln:miejscNazwa><sln:miejscRodzaj>Wieś</sln:miejscRodzaj><sln:powIIPId>f87cae01-4621-41f4-b768-c777cf94d1d8</sln:powIIPId><sln:powIIPPn>PL.PZGIK.200</sln:powIIPPn><sln:powIIPWersja>2012-09-27T08:01:01+02:00</sln:powIIPWersja><sln:powIdTeryt>1812</sln:powIdTeryt><sln:powNazwa>niżański</sln:powNazwa><sln:waznyOd>2014-09-05T00:00:00+02:00</sln:waznyOd><sln:wojIIPId>833fe14b-fe8e-40c7-9e4e-fc27c938bb11</sln:wojIIPId><sln:wojIIPPn>PL.PZGIK.200</sln:wojIIPPn><sln:wojIIPWersja>2017-10-10T00:00:00+02:00</sln:wojIIPWersja><sln:wojIdTeryt>18</sln:wojIdTeryt><sln:wojNazwa>podkarpackie</sln:wojNazwa></sln:miejscowosc><sln:miejscowosc><sln:cyklZyciaDo>2017-04-18T00:00:00+02:00</sln:cyklZyciaDo><sln:cyklZyciaOd>2016-02-02T00:00:00+01:00</sln:cyklZyciaOd><sln:gmIIPId>86528ba9-b7c3-49e2-9e3c-9a849444e4a2</sln:gmIIPId><sln:gmIIPPn>PL.PZGIK.200</sln:gmIIPPn><sln:gmIIPWersja>2012-09-26T22:01:32+02:00</sln:gmIIPWersja><sln:gmIdTeryt>1812073</sln:gmIdTeryt><sln:gmNazwa>Ulanów</sln:gmNazwa><sln:miejscIIPId>f07f0c2d-6745-4c13-991c-e4da644859e7</sln:miejscIIPId><sln:miejscIIPPn>PL.PZGIK.200</sln:miejscIIPPn><sln:miejscIIPWersja>2016-11-24T12:51:52+02:00</sln:miejscIIPWersja><sln:miejscIdTeryt>0809032</sln:miejscIdTeryt><sln:miejscNazwa>Dąbrowica</sln:miejscNazwa><sln:miejscRodzaj>Wieś</sln:miejscRodzaj><sln:powIIPId>f87cae01-4621-41f4-b768-c777cf94d1d8</sln:powIIPId><sln:powIIPPn>PL.PZGIK.200</sln:powIIPPn><sln:powIIPWersja>2012-09-27T08:01:01+02:00</sln:powIIPWersja><sln:powIdTeryt>1812</sln:powIdTeryt><sln:powNazwa>niżański</sln:powNazwa><sln:waznyOd>2014-09-05T00:00:00+02:00</sln:waznyOd><sln:wojIIPId>833fe14b-fe8e-40c7-9e4e-fc27c938bb11</sln:wojIIPId><sln:wojIIPPn>PL.PZGIK.200</sln:wojIIPPn><sln:wojIIPWersja>2017-10-10T00:00:00+02:00</sln:wojIIPWersja><sln:wojIdTeryt>18</sln:wojIdTeryt><sln:wojNazwa>podkarpackie</sln:wojNazwa></sln:miejscowosc><sln:miejscowosc><sln:cyklZyciaDo>2017-04-18T00:00:00+02:00</sln:cyklZyciaDo><sln:cyklZyciaOd>2016-02-02T00:00:00+01:00</sln:cyklZyciaOd><sln:gmIIPId>86528ba9-b7c3-49e2-9e3c-9a849444e4a2</sln:gmIIPId><sln:gmIIPPn>PL.PZGIK.200</sln:gmIIPPn><sln:gmIIPWersja>2012-09-26T22:01:32+02:00</sln:gmIIPWersja><sln:gmIdTeryt>1812073</sln:gmIdTeryt><sln:gmNazwa>Ulanów</sln:gmNazwa><sln:miejscIIPId>884a53af-01d2-4e94-8032-3e1a6c534612</sln:miejscIIPId><sln:miejscIIPPn>PL.PZGIK.200</sln:miejscIIPPn><sln:miejscIIPWersja>2016-11-24T12:51:54+02:00</sln:miejscIIPWersja><sln:miejscIdTeryt>0809090</sln:miejscIdTeryt><sln:miejscNazwa>Dąbrówka</sln:miejscNazwa><sln:miejscRodzaj>Wieś</sln:miejscRodzaj><sln:powIIPId>f87cae01-4621-41f4-b768-c777cf94d1d8</sln:powIIPId><sln:powIIPPn>PL.PZGIK.200</sln:powIIPPn><sln:powIIPWersja>2012-09-27T08:01:01+02:00</sln:powIIPWersja><sln:powIdTeryt>1812</sln:powIdTeryt><sln:powNazwa>niżański</sln:powNazwa><sln:waznyOd>2014-09-05T00:00:00+02:00</sln:waznyOd><sln:wojIIPId>833fe14b-fe8e-40c7-9e4e-fc27c938bb11</sln:wojIIPId><sln:wojIIPPn>PL.PZGIK.200</sln:wojIIPPn><sln:wojIIPWersja>2017-10-10T00:00:00+02:00</sln:wojIIPWersja><sln:wojIdTeryt>18</sln:wojIdTeryt><sln:wojNazwa>podkarpackie</sln:wojNazwa></sln:miejscowosc><sln:miejscowosc><sln:cyklZyciaDo>2017-04-18T00:00:00+02:00</sln:cyklZyciaDo><sln:cyklZyciaOd>2016-02-02T00:00:00+01:00</sln:cyklZyciaOd><sln:gmIIPId>86528ba9-b7c3-49e2-9e3c-9a849444e4a2</sln:gmIIPId><sln:gmIIPPn>PL.PZGIK.200</sln:gmIIPPn><sln:gmIIPWersja>2012-09-26T22:01:32+02:00</sln:gmIIPWersja><sln:gmIdTeryt>1812073</sln:gmIdTeryt><sln:gmNazwa>Ulanów</sln:gmNazwa><sln:miejscIIPId>e5b2f257-0f54-48d5-9c8d-502c1059fb7c</sln:miejscIIPId><sln:miejscIIPPn>PL.PZGIK.200</sln:miejscIIPPn><sln:miejscIIPWersja>2016-11-24T12:51:56+02:00</sln:miejscIIPWersja><sln:miejscIdTeryt>0809150</sln:miejscIdTeryt><sln:miejscNazwa>Glinianka</sln:miejscNazwa><sln:miejscRodzaj>Wieś</sln:miejscRodzaj><sln:powIIPId>f87cae01-4621-41f4-b768-c777cf94d1d8</sln:powIIPId><sln:powIIPPn>PL.PZGIK.200</sln:powIIPPn><sln:powIIPWersja>2012-09-27T08:01:01+02:00</sln:powIIPWersja><sln:powIdTeryt>1812</sln:powIdTeryt><sln:powNazwa>niżański</sln:powNazwa><sln:waznyOd>2014-09-05T00:00:00+02:00</sln:waznyOd><sln:wojIIPId>833fe14b-fe8e-40c7-9e4e-fc27c938bb11</sln:wojIIPId><sln:wojIIPPn>PL.PZGIK.200</sln:wojIIPPn><sln:wojIIPWersja>2017-10-10T00:00:00+02:00</sln:wojIIPWersja><sln:wojIdTeryt>18</sln:wojIdTeryt><sln:wojNazwa>podkarpackie</sln:wojNazwa></sln:miejscowosc><sln:miejscowosc><sln:cyklZyciaDo>2017-04-18T00:00:00+02:00</sln:cyklZyciaDo><sln:cyklZyciaOd>2016-02-02T00:00:00+01:00</sln:cyklZyciaOd><sln:gmIIPId>86528ba9-b7c3-49e2-9e3c-9a849444e4a2</sln:gmIIPId><sln:gmIIPPn>PL.PZGIK.200</sln:gmIIPPn><sln:gmIIPWersja>2012-09-26T22:01:32+02:00</sln:gmIIPWersja><sln:gmIdTeryt>1812073</sln:gmIdTeryt><sln:gmNazwa>Ulanów</sln:gmNazwa><sln:miejscIIPId>f4d499b7-207a-4d86-91d4-cf3230332d6e</sln:miejscIIPId><sln:miejscIIPPn>PL.PZGIK.200</sln:miejscIIPPn><sln:miejscIIPWersja>2016-11-24T12:51:58+02:00</sln:miejscIIPWersja><sln:miejscIdTeryt>0809167</sln:miejscIdTeryt><sln:miejscNazwa>Huta Deręgowska</sln:miejscNazwa><sln:miejscRodzaj>Wieś</sln:miejscRodzaj><sln:powIIPId>f87cae01-4621-41f4-b768-c777cf94d1d8</sln:powIIPId><sln:powIIPPn>PL.PZGIK.200</sln:powIIPPn><sln:powIIPWersja>2012-09-27T08:01:01+02:00</sln:powIIPWersja><sln:powIdTeryt>1812</sln:powIdTeryt><sln:powNazwa>niżański</sln:powNazwa><sln:waznyOd>2014-09-05T00:00:00+02:00</sln:waznyOd><sln:wojIIPId>833fe14b-fe8e-40c7-9e4e-fc27c938bb11</sln:wojIIPId><sln:wojIIPPn>PL.PZGIK.200</sln:wojIIPPn><sln:wojIIPWersja>2017-10-10T00:00:00+02:00</sln:wojIIPWersja><sln:wojIdTeryt>18</sln:wojIdTeryt><sln:wojNazwa>podkarpackie</sln:wojNazwa></sln:miejscowosc><sln:miejscowosc><sln:cyklZyciaDo>2017-04-18T00:00:00+02:00</sln:cyklZyciaDo><sln:cyklZyciaOd>2016-02-02T00:00:00+01:00</sln:cyklZyciaOd><sln:gmIIPId>86528ba9-b7c3-49e2-9e3c-9a849444e4a2</sln:gmIIPId><sln:gmIIPPn>PL.PZGIK.200</sln:gmIIPPn><sln:gmIIPWersja>2012-09-26T22:01:32+02:00</sln:gmIIPWersja><sln:gmIdTeryt>1812073</sln:gmIdTeryt><sln:gmNazwa>Ulanów</sln:gmNazwa><sln:miejscIIPId>c1e15e25-0d62-4718-a74c-871d187cf2a6</sln:miejscIIPId><sln:miejscIIPPn>PL.PZGIK.200</sln:miejscIIPPn><sln:miejscIIPWersja>2016-11-24T12:51:44+02:00</sln:miejscIIPWersja><sln:miejscIdTeryt>0808920</sln:miejscIdTeryt><sln:miejscNazwa>Kępa Rudnicka</sln:miejscNazwa><sln:miejscRodzaj>Przysiółek</sln:miejscRodzaj><sln:powIIPId>f87cae01-4621-41f4-b768-c777cf94d1d8</sln:powIIPId><sln:powIIPPn>PL.PZGIK.200</sln:powIIPPn><sln:powIIPWersja>2012-09-27T08:01:01+02:00</sln:powIIPWersja><sln:powIdTeryt>1812</sln:powIdTeryt><sln:powNazwa>niżański</sln:powNazwa><sln:waznyOd>2014-09-11T00:00:00+02:00</sln:waznyOd><sln:wojIIPId>833fe14b-fe8e-40c7-9e4e-fc27c938bb11</sln:wojIIPId><sln:wojIIPPn>PL.PZGIK.200</sln:wojIIPPn><sln:wojIIPWersja>2017-10-10T00:00:00+02:00</sln:wojIIPWersja><sln:wojIdTeryt>18</sln:wojIdTeryt><sln:wojNazwa>podkarpackie</sln:wojNazwa></sln:miejscowosc><sln:miejscowosc><sln:cyklZyciaDo>2017-04-18T00:00:00+02:00</sln:cyklZyciaDo><sln:cyklZyciaOd>2016-02-02T00:00:00+01:00</sln:cyklZyciaOd><sln:gmIIPId>86528ba9-b7c3-49e2-9e3c-9a849444e4a2</sln:gmIIPId><sln:gmIIPPn>PL.PZGIK.200</sln:gmIIPPn><sln:gmIIPWersja>2012-09-26T22:01:32+02:00</sln:gmIIPWersja><sln:gmIdTeryt>1812073</sln:gmIdTeryt><sln:gmNazwa>Ulanów</sln:gmNazwa><sln:miejscIIPId>c94acbae-f473-4ec8-a34a-691b3450e09f</sln:miejscIIPId><sln:miejscIIPPn>PL.PZGIK.200</sln:miejscIIPPn><sln:miejscIIPWersja>2016-11-24T12:52:00+02:00</sln:miejscIIPWersja><sln:miejscIdTeryt>0809180</sln:miejscIdTeryt><sln:miejscNazwa>Kurzyna Mała</sln:miejscNazwa><sln:miejscRodzaj>Wieś</sln:miejscRodzaj><sln:powIIPId>f87cae01-4621-41f4-b768-c777cf94d1d8</sln:powIIPId><sln:powIIPPn>PL.PZGIK.200</sln:powIIPPn><sln:powIIPWersja>2012-09-27T08:01:01+02:00</sln:powIIPWersja><sln:powIdTeryt>1812</sln:powIdTeryt><sln:powNazwa>niżański</sln:powNazwa><sln:waznyOd>2014-09-05T00:00:00+02:00</sln:waznyOd><sln:wojIIPId>833fe14b-fe8e-40c7-9e4e-fc27c938bb11</sln:wojIIPId><sln:wojIIPPn>PL.PZGIK.200</sln:wojIIPPn><sln:wojIIPWersja>2017-10-10T00:00:00+02:00</sln:wojIIPWersja><sln:wojIdTeryt>18</sln:wojIdTeryt><sln:wojNazwa>podkarpackie</sln:wojNazwa></sln:miejscowosc><sln:miejscowosc><sln:cyklZyciaDo>2017-04-18T00:00:00+02:00</sln:cyklZyciaDo><sln:cyklZyciaOd>2016-02-02T00:00:00+01:00</sln:cyklZyciaOd><sln:gmIIPId>86528ba9-b7c3-49e2-9e3c-9a849444e4a2</sln:gmIIPId><sln:gmIIPPn>PL.PZGIK.200</sln:gmIIPPn><sln:gmIIPWersja>2012-09-26T22:01:32+02:00</sln:gmIIPWersja><sln:gmIdTeryt>1812073</sln:gmIdTeryt><sln:gmNazwa>Ulanów</sln:gmNazwa><sln:miejscIIPId>449defc9-38de-4c53-bb67-98f289bb2761</sln:miejscIIPId><sln:miejscIIPPn>PL.PZGIK.200</sln:miejscIIPPn><sln:miejscIIPWersja>2016-11-24T12:52:02+02:00</sln:miejscIIPWersja><sln:miejscIdTeryt>0809240</sln:miejscIdTeryt><sln:miejscNazwa>Kurzyna Średnia</sln:miejscNazwa><sln:miejscRodzaj>Wieś</sln:miejscRodzaj><sln:powIIPId>f87cae01-4621-41f4-b768-c777cf94d1d8</sln:powIIPId><sln:powIIPPn>PL.PZGIK.200</sln:powIIPPn><sln:powIIPWersja>2012-09-27T08:01:01+02:00</sln:powIIPWersja><sln:powIdTeryt>1812</sln:powIdTeryt><sln:powNazwa>niżański</sln:powNazwa><sln:waznyOd>2014-09-05T00:00:00+02:00</sln:waznyOd><sln:wojIIPId>833fe14b-fe8e-40c7-9e4e-fc27c938bb11</sln:wojIIPId><sln:wojIIPPn>PL.PZGIK.200</sln:wojIIPPn><sln:wojIIPWersja>2017-10-10T00:00:00+02:00</sln:wojIIPWersja><sln:wojIdTeryt>18</sln:wojIdTeryt><sln:wojNazwa>podkarpackie</sln:wojNazwa></sln:miejscowosc><sln:miejscowosc><sln:cyklZyciaDo>2017-04-18T00:00:00+02:00</sln:cyklZyciaDo><sln:cyklZyciaOd>2016-02-02T00:00:00+01:00</sln:cyklZyciaOd><sln:gmIIPId>86528ba9-b7c3-49e2-9e3c-9a849444e4a2</sln:gmIIPId><sln:gmIIPPn>PL.PZGIK.200</sln:gmIIPPn><sln:gmIIPWersja>2012-09-26T22:01:32+02:00</sln:gmIIPWersja><sln:gmIdTeryt>1812073</sln:gmIdTeryt><sln:gmNazwa>Ulanów</sln:gmNazwa><sln:miejscIIPId>bd0a266f-a614-4e52-a75f-8a97fe9dd75c</sln:miejscIIPId><sln:miejscIIPPn>PL.PZGIK.200</sln:miejscIIPPn><sln:miejscIIPWersja>2016-11-24T12:52:04+02:00</sln:miejscIIPWersja><sln:miejscIdTeryt>0809262</sln:miejscIdTeryt><sln:miejscNazwa>Kurzyna Wielka</sln:miejscNazwa><sln:miejscRodzaj>Wieś</sln:miejscRodzaj><sln:powIIPId>f87cae01-4621-41f4-b768-c777cf94d1d8</sln:powIIPId><sln:powIIPPn>PL.PZGIK.200</sln:powIIPPn><sln:powIIPWersja>2012-09-27T08:01:01+02:00</sln:powIIPWersja><sln:powIdTeryt>1812</sln:powIdTeryt><sln:powNazwa>niżański</sln:powNazwa><sln:waznyOd>2014-09-05T00:00:00+02:00</sln:waznyOd><sln:wojIIPId>833fe14b-fe8e-40c7-9e4e-fc27c938bb11</sln:wojIIPId><sln:wojIIPPn>PL.PZGIK.200</sln:wojIIPPn><sln:wojIIPWersja>2017-10-10T00:00:00+02:00</sln:wojIIPWersja><sln:wojIdTeryt>18</sln:wojIdTeryt><sln:wojNazwa>podkarpackie</sln:wojNazwa></sln:miejscowosc><sln:miejscowosc><sln:cyklZyciaDo>2017-04-18T00:00:00+02:00</sln:cyklZyciaDo><sln:cyklZyciaOd>2016-02-02T00:00:00+01:00</sln:cyklZyciaOd><sln:gmIIPId>86528ba9-b7c3-49e2-9e3c-9a849444e4a2</sln:gmIIPId><sln:gmIIPPn>PL.PZGIK.200</sln:gmIIPPn><sln:gmIIPWersja>2012-09-26T22:01:32+02:00</sln:gmIIPWersja><sln:gmIdTeryt>1812073</sln:gmIdTeryt><sln:gmNazwa>Ulanów</sln:gmNazwa><sln:miejscIIPId>06ba0ab9-2f85-43a1-9e42-dcd5bb0cfd27</sln:miejscIIPId><sln:miejscIIPPn>PL.PZGIK.200</sln:miejscIIPPn><sln:miejscIIPWersja>2016-11-24T13:19:23+02:00</sln:miejscIIPWersja><sln:miejscIdTeryt>0989040</sln:miejscIdTeryt><sln:miejscNazwa>Stok</sln:miejscNazwa><sln:miejscRodzaj>Przysiółek</sln:miejscRodzaj><sln:powIIPId>f87cae01-4621-41f4-b768-c777cf94d1d8</sln:powIIPId><sln:powIIPPn>PL.PZGIK.200</sln:powIIPPn><sln:powIIPWersja>2012-09-27T08:01:01+02:00</sln:powIIPWersja><sln:powIdTeryt>1812</sln:powIdTeryt><sln:powNazwa>niżański</sln:powNazwa><sln:waznyOd>2014-09-11T00:00:00+02:00</sln:waznyOd><sln:wojIIPId>833fe14b-fe8e-40c7-9e4e-fc27c938bb11</sln:wojIIPId><sln:wojIIPPn>PL.PZGIK.200</sln:wojIIPPn><sln:wojIIPWersja>2017-10-10T00:00:00+02:00</sln:wojIIPWersja><sln:wojIdTeryt>18</sln:wojIdTeryt><sln:wojNazwa>podkarpackie</sln:wojNazwa></sln:miejscowosc><sln:miejscowosc><sln:cyklZyciaDo>2017-04-18T00:00:00+02:00</sln:cyklZyciaDo><sln:cyklZyciaOd>2016-02-02T00:00:00+01:00</sln:cyklZyciaOd><sln:gmIIPId>86528ba9-b7c3-49e2-9e3c-9a849444e4a2</sln:gmIIPId><sln:gmIIPPn>PL.PZGIK.200</sln:gmIIPPn><sln:gmIIPWersja>2012-09-26T22:01:32+02:00</sln:gmIIPWersja><sln:gmIdTeryt>1812073</sln:gmIdTeryt><sln:gmNazwa>Ulanów</sln:gmNazwa><sln:miejscIIPId>a4fd3145-b27f-41d9-ab45-816c04bcedf9</sln:miejscIIPId><sln:miejscIIPPn>PL.PZGIK.200</sln:miejscIIPPn><sln:miejscIIPWersja>2016-11-24T13:18:58+02:00</sln:miejscIIPWersja><sln:miejscIdTeryt>0981386</sln:miejscIdTeryt><sln:miejscNazwa>Ulanów</sln:miejscNazwa><sln:miejscRodzaj>Miasto</sln:miejscRodzaj><sln:powIIPId>f87cae01-4621-41f4-b768-c777cf94d1d8</sln:powIIPId><sln:powIIPPn>PL.PZGIK.200</sln:powIIPPn><sln:powIIPWersja>2012-09-27T08:01:01+02:00</sln:powIIPWersja><sln:powIdTeryt>1812</sln:powIdTeryt><sln:powNazwa>niżański</sln:powNazwa><sln:waznyOd>2014-09-05T00:00:00+02:00</sln:waznyOd><sln:wojIIPId>833fe14b-fe8e-40c7-9e4e-fc27c938bb11</sln:wojIIPId><sln:wojIIPPn>PL.PZGIK.200</sln:wojIIPPn><sln:wojIIPWersja>2017-10-10T00:00:00+02:00</sln:wojIIPWersja><sln:wojIdTeryt>18</sln:wojIdTeryt><sln:wojNazwa>podkarpackie</sln:wojNazwa></sln:miejscowosc><sln:miejscowosc><sln:cyklZyciaDo>2017-04-18T00:00:00+02:00</sln:cyklZyciaDo><sln:cyklZyciaOd>2016-02-02T00:00:00+01:00</sln:cyklZyciaOd><sln:gmIIPId>86528ba9-b7c3-49e2-9e3c-9a849444e4a2</sln:gmIIPId><sln:gmIIPPn>PL.PZGIK.200</sln:gmIIPPn><sln:gmIIPWersja>2012-09-26T22:01:32+02:00</sln:gmIIPWersja><sln:gmIdTeryt>1812073</sln:gmIdTeryt><sln:gmNazwa>Ulanów</sln:gmNazwa><sln:miejscIIPId>da6867c2-91c1-43c2-8a47-656c00e80a7e</sln:miejscIIPId><sln:miejscIIPPn>PL.PZGIK.200</sln:miejscIIPPn><sln:miejscIIPWersja>2016-11-24T12:52:06+02:00</sln:miejscIIPWersja><sln:miejscIdTeryt>0809285</sln:miejscIdTeryt><sln:miejscNazwa>Wólka Bielińska</sln:miejscNazwa><sln:miejscRodzaj>Wieś</sln:miejscRodzaj><sln:powIIPId>f87cae01-4621-41f4-b768-c777cf94d1d8</sln:powIIPId><sln:powIIPPn>PL.PZGIK.200</sln:powIIPPn><sln:powIIPWersja>2012-09-27T08:01:01+02:00</sln:powIIPWersja><sln:powIdTeryt>1812</sln:powIdTeryt><sln:powNazwa>niżański</sln:powNazwa><sln:waznyOd>2014-09-05T00:00:00+02:00</sln:waznyOd><sln:wojIIPId>833fe14b-fe8e-40c7-9e4e-fc27c938bb11</sln:wojIIPId><sln:wojIIPPn>PL.PZGIK.200</sln:wojIIPPn><sln:wojIIPWersja>2017-10-10T00:00:00+02:00</sln:wojIIPWersja><sln:wojIdTeryt>18</sln:wojIdTeryt><sln:wojNazwa>podkarpackie</sln:wojNazwa></sln:miejscowosc><sln:miejscowosc><sln:cyklZyciaDo>2017-04-18T00:00:00+02:00</sln:cyklZyciaDo><sln:cyklZyciaOd>2016-02-02T00:00:00+01:00</sln:cyklZyciaOd><sln:gmIIPId>86528ba9-b7c3-49e2-9e3c-9a849444e4a2</sln:gmIIPId><sln:gmIIPPn>PL.PZGIK.200</sln:gmIIPPn><sln:gmIIPWersja>2012-09-26T22:01:32+02:00</sln:gmIIPWersja><sln:gmIdTeryt>1812073</sln:gmIdTeryt><sln:gmNazwa>Ulanów</sln:gmNazwa><sln:miejscIIPId>1b99cfc2-25d8-461f-a737-d7fdaf152f4c</sln:miejscIIPId><sln:miejscIIPPn>PL.PZGIK.200</sln:miejscIIPPn><sln:miejscIIPWersja>2016-11-24T12:52:08+02:00</sln:miejscIIPWersja><sln:miejscIdTeryt>0809291</sln:miejscIdTeryt><sln:miejscNazwa>Wólka Tanewska</sln:miejscNazwa><sln:miejscRodzaj>Wieś</sln:miejscRodzaj><sln:powIIPId>f87cae01-4621-41f4-b768-c777cf94d1d8</sln:powIIPId><sln:powIIPPn>PL.PZGIK.200</sln:powIIPPn><sln:powIIPWersja>2012-09-27T08:01:01+02:00</sln:powIIPWersja><sln:powIdTeryt>1812</sln:powIdTeryt><sln:powNazwa>niżański</sln:powNazwa><sln:waznyOd>2014-09-05T00:00:00+02:00</sln:waznyOd><sln:wojIIPId>833fe14b-fe8e-40c7-9e4e-fc27c938bb11</sln:wojIIPId><sln:wojIIPPn>PL.PZGIK.200</sln:wojIIPPn><sln:wojIIPWersja>2017-10-10T00:00:00+02:00</sln:wojIIPWersja><sln:wojIdTeryt>18</sln:wojIdTeryt><sln:wojNazwa>podkarpackie</sln:wojNazwa></sln:miejscowosc><sln:miejscowosc><sln:cyklZyciaDo>2015-12-15T00:00:00+01:00</sln:cyklZyciaDo><sln:cyklZyciaOd>2015-05-05T00:00:00+02:00</sln:cyklZyciaOd><sln:gmIIPId>86528ba9-b7c3-49e2-9e3c-9a849444e4a2</sln:gmIIPId><sln:gmIIPPn>PL.PZGIK.200</sln:gmIIPPn><sln:gmIIPWersja>2012-09-26T22:01:32+02:00</sln:gmIIPWersja><sln:gmIdTeryt>1812073</sln:gmIdTeryt><sln:gmNazwa>Ulanów</sln:gmNazwa><sln:miejscIIPId>62864b80-7c96-41c4-875d-a403d00fcc07</sln:miejscIIPId><sln:miejscIIPPn>PL.PZGIK.200</sln:miejscIIPPn><sln:miejscIIPWersja>2016-11-24T12:51:43+02:00</sln:miejscIIPWersja><sln:miejscIdTeryt>0808914</sln:miejscIdTeryt><sln:miejscNazwa>Bieliniec</sln:miejscNazwa><sln:miejscRodzaj>Wieś</sln:miejscRodzaj><sln:powIIPId>f87cae01-4621-41f4-b768-c777cf94d1d8</sln:powIIPId><sln:powIIPPn>PL.PZGIK.200</sln:powIIPPn><sln:powIIPWersja>2012-09-27T08:01:01+02:00</sln:powIIPWersja><sln:powIdTeryt>1812</sln:powIdTeryt><sln:powNazwa>niżański</sln:powNazwa><sln:waznyOd>2014-09-05T00:00:00+02:00</sln:waznyOd><sln:wojIIPId>833fe14b-fe8e-40c7-9e4e-fc27c938bb11</sln:wojIIPId><sln:wojIIPPn>PL.PZGIK.200</sln:wojIIPPn><sln:wojIIPWersja>2017-10-10T00:00:00+02:00</sln:wojIIPWersja><sln:wojIdTeryt>18</sln:wojIdTeryt><sln:wojNazwa>podkarpackie</sln:wojNazwa></sln:miejscowosc><sln:miejscowosc><sln:cyklZyciaDo>2015-12-15T00:00:00+01:00</sln:cyklZyciaDo><sln:cyklZyciaOd>2015-05-05T00:00:00+02:00</sln:cyklZyciaOd><sln:gmIIPId>86528ba9-b7c3-49e2-9e3c-9a849444e4a2</sln:gmIIPId><sln:gmIIPPn>PL.PZGIK.200</sln:gmIIPPn><sln:gmIIPWersja>2012-09-26T22:01:32+02:00</sln:gmIIPWersja><sln:gmIdTeryt>1812073</sln:gmIdTeryt><sln:gmNazwa>Ulanów</sln:gmNazwa><sln:miejscIIPId>8d54bc9b-158c-4c84-8d91-2dbbcb5315a1</sln:miejscIIPId><sln:miejscIIPPn>PL.PZGIK.200</sln:miejscIIPPn><sln:miejscIIPWersja>2016-11-24T12:51:47+02:00</sln:miejscIIPWersja><sln:miejscIdTeryt>0808937</sln:miejscIdTeryt><sln:miejscNazwa>Bieliny</sln:miejscNazwa><sln:miejscRodzaj>Wieś</sln:miejscRodzaj><sln:powIIPId>f87cae01-4621-41f4-b768-c777cf94d1d8</sln:powIIPId><sln:powIIPPn>PL.PZGIK.200</sln:powIIPPn><sln:powIIPWersja>2012-09-27T08:01:01+02:00</sln:powIIPWersja><sln:powIdTeryt>1812</sln:powIdTeryt><sln:powNazwa>niżański</sln:powNazwa><sln:waznyOd>2014-09-05T00:00:00+02:00</sln:waznyOd><sln:wojIIPId>833fe14b-fe8e-40c7-9e4e-fc27c938bb11</sln:wojIIPId><sln:wojIIPPn>PL.PZGIK.200</sln:wojIIPPn><sln:wojIIPWersja>2017-10-10T00:00:00+02:00</sln:wojIIPWersja><sln:wojIdTeryt>18</sln:wojIdTeryt><sln:wojNazwa>podkarpackie</sln:wojNazwa></sln:miejscowosc><sln:miejscowosc><sln:cyklZyciaDo>2015-12-15T00:00:00+01:00</sln:cyklZyciaDo><sln:cyklZyciaOd>2015-05-05T00:00:00+02:00</sln:cyklZyciaOd><sln:gmIIPId>86528ba9-b7c3-49e2-9e3c-9a849444e4a2</sln:gmIIPId><sln:gmIIPPn>PL.PZGIK.200</sln:gmIIPPn><sln:gmIIPWersja>2012-09-26T22:01:32+02:00</sln:gmIIPWersja><sln:gmIdTeryt>1812073</sln:gmIdTeryt><sln:gmNazwa>Ulanów</sln:gmNazwa><sln:miejscIIPId>62d16fcb-81af-4fd3-b894-865aca289a7c</sln:miejscIIPId><sln:miejscIIPPn>PL.PZGIK.200</sln:miejscIIPPn><sln:miejscIIPWersja>2016-11-24T12:51:49+02:00</sln:miejscIIPWersja><sln:miejscIdTeryt>0808943</sln:miejscIdTeryt><sln:miejscNazwa>Borki</sln:miejscNazwa><sln:miejscRodzaj>Wieś</sln:miejscRodzaj><sln:powIIPId>f87cae01-4621-41f4-b768-c777cf94d1d8</sln:powIIPId><sln:powIIPPn>PL.PZGIK.200</sln:powIIPPn><sln:powIIPWersja>2012-09-27T08:01:01+02:00</sln:powIIPWersja><sln:powIdTeryt>1812</sln:powIdTeryt><sln:powNazwa>niżański</sln:powNazwa><sln:waznyOd>2014-09-05T00:00:00+02:00</sln:waznyOd><sln:wojIIPId>833fe14b-fe8e-40c7-9e4e-fc27c938bb11</sln:wojIIPId><sln:wojIIPPn>PL.PZGIK.200</sln:wojIIPPn><sln:wojIIPWersja>2017-10-10T00:00:00+02:00</sln:wojIIPWersja><sln:wojIdTeryt>18</sln:wojIdTeryt><sln:wojNazwa>podkarpackie</sln:wojNazwa></sln:miejscowosc><sln:miejscowosc><sln:cyklZyciaDo>2015-12-15T00:00:00+01:00</sln:cyklZyciaDo><sln:cyklZyciaOd>2015-05-05T00:00:00+02:00</sln:cyklZyciaOd><sln:gmIIPId>86528ba9-b7c3-49e2-9e3c-9a849444e4a2</sln:gmIIPId><sln:gmIIPPn>PL.PZGIK.200</sln:gmIIPPn><sln:gmIIPWersja>2012-09-26T22:01:32+02:00</sln:gmIIPWersja><sln:gmIdTeryt>1812073</sln:gmIdTeryt><sln:gmNazwa>Ulanów</sln:gmNazwa><sln:miejscIIPId>991603bc-8c68-4485-a0b8-26d3ee81160f</sln:miejscIIPId><sln:miejscIIPPn>PL.PZGIK.200</sln:miejscIIPPn><sln:miejscIIPWersja>2016-11-24T12:51:51+02:00</sln:miejscIIPWersja><sln:miejscIdTeryt>0809003</sln:miejscIdTeryt><sln:miejscNazwa>Bukowina</sln:miejscNazwa><sln:miejscRodzaj>Wieś</sln:miejscRodzaj><sln:powIIPId>f87cae01-4621-41f4-b768-c777cf94d1d8</sln:powIIPId><sln:powIIPPn>PL.PZGIK.200</sln:powIIPPn><sln:powIIPWersja>2012-09-27T08:01:01+02:00</sln:powIIPWersja><sln:powIdTeryt>1812</sln:powIdTeryt><sln:powNazwa>niżański</sln:powNazwa><sln:waznyOd>2014-09-05T00:00:00+02:00</sln:waznyOd><sln:wojIIPId>833fe14b-fe8e-40c7-9e4e-fc27c938bb11</sln:wojIIPId><sln:wojIIPPn>PL.PZGIK.200</sln:wojIIPPn><sln:wojIIPWersja>2017-10-10T00:00:00+02:00</sln:wojIIPWersja><sln:wojIdTeryt>18</sln:wojIdTeryt><sln:wojNazwa>podkarpackie</sln:wojNazwa></sln:miejscowosc><sln:miejscowosc><sln:cyklZyciaDo>2015-12-15T00:00:00+01:00</sln:cyklZyciaDo><sln:cyklZyciaOd>2015-05-05T00:00:00+02:00</sln:cyklZyciaOd><sln:gmIIPId>86528ba9-b7c3-49e2-9e3c-9a849444e4a2</sln:gmIIPId><sln:gmIIPPn>PL.PZGIK.200</sln:gmIIPPn><sln:gmIIPWersja>2012-09-26T22:01:32+02:00</sln:gmIIPWersja><sln:gmIdTeryt>1812073</sln:gmIdTeryt><sln:gmNazwa>Ulanów</sln:gmNazwa><sln:miejscIIPId>f07f0c2d-6745-4c13-991c-e4da644859e7</sln:miejscIIPId><sln:miejscIIPPn>PL.PZGIK.200</sln:miejscIIPPn><sln:miejscIIPWersja>2016-11-24T12:51:53+02:00</sln:miejscIIPWersja><sln:miejscIdTeryt>0809032</sln:miejscIdTeryt><sln:miejscNazwa>Dąbrowica</sln:miejscNazwa><sln:miejscRodzaj>Wieś</sln:miejscRodzaj><sln:powIIPId>f87cae01-4621-41f4-b768-c777cf94d1d8</sln:powIIPId><sln:powIIPPn>PL.PZGIK.200</sln:powIIPPn><sln:powIIPWersja>2012-09-27T08:01:01+02:00</sln:powIIPWersja><sln:powIdTeryt>1812</sln:powIdTeryt><sln:powNazwa>niżański</sln:powNazwa><sln:waznyOd>2014-09-05T00:00:00+02:00</sln:waznyOd><sln:wojIIPId>833fe14b-fe8e-40c7-9e4e-fc27c938bb11</sln:wojIIPId><sln:wojIIPPn>PL.PZGIK.200</sln:wojIIPPn><sln:wojIIPWersja>2017-10-10T00:00:00+02:00</sln:wojIIPWersja><sln:wojIdTeryt>18</sln:wojIdTeryt><sln:wojNazwa>podkarpackie</sln:wojNazwa></sln:miejscowosc><sln:miejscowosc><sln:cyklZyciaDo>2015-12-15T00:00:00+01:00</sln:cyklZyciaDo><sln:cyklZyciaOd>2015-05-05T00:00:00+02:00</sln:cyklZyciaOd><sln:gmIIPId>86528ba9-b7c3-49e2-9e3c-9a849444e4a2</sln:gmIIPId><sln:gmIIPPn>PL.PZGIK.200</sln:gmIIPPn><sln:gmIIPWersja>2012-09-26T22:01:32+02:00</sln:gmIIPWersja><sln:gmIdTeryt>1812073</sln:gmIdTeryt><sln:gmNazwa>Ulanów</sln:gmNazwa><sln:miejscIIPId>884a53af-01d2-4e94-8032-3e1a6c534612</sln:miejscIIPId><sln:miejscIIPPn>PL.PZGIK.200</sln:miejscIIPPn><sln:miejscIIPWersja>2016-11-24T12:51:55+02:00</sln:miejscIIPWersja><sln:miejscIdTeryt>0809090</sln:miejscIdTeryt><sln:miejscNazwa>Dąbrówka</sln:miejscNazwa><sln:miejscRodzaj>Wieś</sln:miejscRodzaj><sln:powIIPId>f87cae01-4621-41f4-b768-c777cf94d1d8</sln:powIIPId><sln:powIIPPn>PL.PZGIK.200</sln:powIIPPn><sln:powIIPWersja>2012-09-27T08:01:01+02:00</sln:powIIPWersja><sln:powIdTeryt>1812</sln:powIdTeryt><sln:powNazwa>niżański</sln:powNazwa><sln:waznyOd>2014-09-05T00:00:00+02:00</sln:waznyOd><sln:wojIIPId>833fe14b-fe8e-40c7-9e4e-fc27c938bb11</sln:wojIIPId><sln:wojIIPPn>PL.PZGIK.200</sln:wojIIPPn><sln:wojIIPWersja>2017-10-10T00:00:00+02:00</sln:wojIIPWersja><sln:wojIdTeryt>18</sln:wojIdTeryt><sln:wojNazwa>podkarpackie</sln:wojNazwa></sln:miejscowosc><sln:miejscowosc><sln:cyklZyciaDo>2015-12-15T00:00:00+01:00</sln:cyklZyciaDo><sln:cyklZyciaOd>2015-05-05T00:00:00+02:00</sln:cyklZyciaOd><sln:gmIIPId>86528ba9-b7c3-49e2-9e3c-9a849444e4a2</sln:gmIIPId><sln:gmIIPPn>PL.PZGIK.200</sln:gmIIPPn><sln:gmIIPWersja>2012-09-26T22:01:32+02:00</sln:gmIIPWersja><sln:gmIdTeryt>1812073</sln:gmIdTeryt><sln:gmNazwa>Ulanów</sln:gmNazwa><sln:miejscIIPId>e5b2f257-0f54-48d5-9c8d-502c1059fb7c</sln:miejscIIPId><sln:miejscIIPPn>PL.PZGIK.200</sln:miejscIIPPn><sln:miejscIIPWersja>2016-11-24T12:51:57+02:00</sln:miejscIIPWersja><sln:miejscIdTeryt>0809150</sln:miejscIdTeryt><sln:miejscNazwa>Glinianka</sln:miejscNazwa><sln:miejscRodzaj>Wieś</sln:miejscRodzaj><sln:powIIPId>f87cae01-4621-41f4-b768-c777cf94d1d8</sln:powIIPId><sln:powIIPPn>PL.PZGIK.200</sln:powIIPPn><sln:powIIPWersja>2012-09-27T08:01:01+02:00</sln:powIIPWersja><sln:powIdTeryt>1812</sln:powIdTeryt><sln:powNazwa>niżański</sln:powNazwa><sln:waznyOd>2014-09-05T00:00:00+02:00</sln:waznyOd><sln:wojIIPId>833fe14b-fe8e-40c7-9e4e-fc27c938bb11</sln:wojIIPId><sln:wojIIPPn>PL.PZGIK.200</sln:wojIIPPn><sln:wojIIPWersja>2017-10-10T00:00:00+02:00</sln:wojIIPWersja><sln:wojIdTeryt>18</sln:wojIdTeryt><sln:wojNazwa>podkarpackie</sln:wojNazwa></sln:miejscowosc><sln:miejscowosc><sln:cyklZyciaDo>2015-12-15T00:00:00+01:00</sln:cyklZyciaDo><sln:cyklZyciaOd>2015-05-05T00:00:00+02:00</sln:cyklZyciaOd><sln:gmIIPId>86528ba9-b7c3-49e2-9e3c-9a849444e4a2</sln:gmIIPId><sln:gmIIPPn>PL.PZGIK.200</sln:gmIIPPn><sln:gmIIPWersja>2012-09-26T22:01:32+02:00</sln:gmIIPWersja><sln:gmIdTeryt>1812073</sln:gmIdTeryt><sln:gmNazwa>Ulanów</sln:gmNazwa><sln:miejscIIPId>f4d499b7-207a-4d86-91d4-cf3230332d6e</sln:miejscIIPId><sln:miejscIIPPn>PL.PZGIK.200</sln:miejscIIPPn><sln:miejscIIPWersja>2016-11-24T12:51:59+02:00</sln:miejscIIPWersja><sln:miejscIdTeryt>0809167</sln:miejscIdTeryt><sln:miejscNazwa>Huta Deręgowska</sln:miejscNazwa><sln:miejscRodzaj>Wieś</sln:miejscRodzaj><sln:powIIPId>f87cae01-4621-41f4-b768-c777cf94d1d8</sln:powIIPId><sln:powIIPPn>PL.PZGIK.200</sln:powIIPPn><sln:powIIPWersja>2012-09-27T08:01:01+02:00</sln:powIIPWersja><sln:powIdTeryt>1812</sln:powIdTeryt><sln:powNazwa>niżański</sln:powNazwa><sln:waznyOd>2014-09-05T00:00:00+02:00</sln:waznyOd><sln:wojIIPId>833fe14b-fe8e-40c7-9e4e-fc27c938bb11</sln:wojIIPId><sln:wojIIPPn>PL.PZGIK.200</sln:wojIIPPn><sln:wojIIPWersja>2017-10-10T00:00:00+02:00</sln:wojIIPWersja><sln:wojIdTeryt>18</sln:wojIdTeryt><sln:wojNazwa>podkarpackie</sln:wojNazwa></sln:miejscowosc><sln:miejscowosc><sln:cyklZyciaDo>2015-12-15T00:00:00+01:00</sln:cyklZyciaDo><sln:cyklZyciaOd>2015-05-05T00:00:00+02:00</sln:cyklZyciaOd><sln:gmIIPId>86528ba9-b7c3-49e2-9e3c-9a849444e4a2</sln:gmIIPId><sln:gmIIPPn>PL.PZGIK.200</sln:gmIIPPn><sln:gmIIPWersja>2012-09-26T22:01:32+02:00</sln:gmIIPWersja><sln:gmIdTeryt>1812073</sln:gmIdTeryt><sln:gmNazwa>Ulanów</sln:gmNazwa><sln:miejscIIPId>c1e15e25-0d62-4718-a74c-871d187cf2a6</sln:miejscIIPId><sln:miejscIIPPn>PL.PZGIK.200</sln:miejscIIPPn><sln:miejscIIPWersja>2016-11-24T12:51:45+02:00</sln:miejscIIPWersja><sln:miejscIdTeryt>0808920</sln:miejscIdTeryt><sln:miejscNazwa>Kępa Rudnicka</sln:miejscNazwa><sln:miejscRodzaj>Przysiółek</sln:miejscRodzaj><sln:powIIPId>f87cae01-4621-41f4-b768-c777cf94d1d8</sln:powIIPId><sln:powIIPPn>PL.PZGIK.200</sln:powIIPPn><sln:powIIPWersja>2012-09-27T08:01:01+02:00</sln:powIIPWersja><sln:powIdTeryt>1812</sln:powIdTeryt><sln:powNazwa>niżański</sln:powNazwa><sln:waznyOd>2014-09-11T00:00:00+02:00</sln:waznyOd><sln:wojIIPId>833fe14b-fe8e-40c7-9e4e-fc27c938bb11</sln:wojIIPId><sln:wojIIPPn>PL.PZGIK.200</sln:wojIIPPn><sln:wojIIPWersja>2017-10-10T00:00:00+02:00</sln:wojIIPWersja><sln:wojIdTeryt>18</sln:wojIdTeryt><sln:wojNazwa>podkarpackie</sln:wojNazwa></sln:miejscowosc><sln:miejscowosc><sln:cyklZyciaDo>2015-12-15T00:00:00+01:00</sln:cyklZyciaDo><sln:cyklZyciaOd>2015-05-05T00:00:00+02:00</sln:cyklZyciaOd><sln:gmIIPId>86528ba9-b7c3-49e2-9e3c-9a849444e4a2</sln:gmIIPId><sln:gmIIPPn>PL.PZGIK.200</sln:gmIIPPn><sln:gmIIPWersja>2012-09-26T22:01:32+02:00</sln:gmIIPWersja><sln:gmIdTeryt>1812073</sln:gmIdTeryt><sln:gmNazwa>Ulanów</sln:gmNazwa><sln:miejscIIPId>c94acbae-f473-4ec8-a34a-691b3450e09f</sln:miejscIIPId><sln:miejscIIPPn>PL.PZGIK.200</sln:miejscIIPPn><sln:miejscIIPWersja>2016-11-24T12:52:01+02:00</sln:miejscIIPWersja><sln:miejscIdTeryt>0809180</sln:miejscIdTeryt><sln:miejscNazwa>Kurzyna Mała</sln:miejscNazwa><sln:miejscRodzaj>Wieś</sln:miejscRodzaj><sln:powIIPId>f87cae01-4621-41f4-b768-c777cf94d1d8</sln:powIIPId><sln:powIIPPn>PL.PZGIK.200</sln:powIIPPn><sln:powIIPWersja>2012-09-27T08:01:01+02:00</sln:powIIPWersja><sln:powIdTeryt>1812</sln:powIdTeryt><sln:powNazwa>niżański</sln:powNazwa><sln:waznyOd>2014-09-05T00:00:00+02:00</sln:waznyOd><sln:wojIIPId>833fe14b-fe8e-40c7-9e4e-fc27c938bb11</sln:wojIIPId><sln:wojIIPPn>PL.PZGIK.200</sln:wojIIPPn><sln:wojIIPWersja>2017-10-10T00:00:00+02:00</sln:wojIIPWersja><sln:wojIdTeryt>18</sln:wojIdTeryt><sln:wojNazwa>podkarpackie</sln:wojNazwa></sln:miejscowosc><sln:miejscowosc><sln:cyklZyciaDo>2015-12-15T00:00:00+01:00</sln:cyklZyciaDo><sln:cyklZyciaOd>2015-05-05T00:00:00+02:00</sln:cyklZyciaOd><sln:gmIIPId>86528ba9-b7c3-49e2-9e3c-9a849444e4a2</sln:gmIIPId><sln:gmIIPPn>PL.PZGIK.200</sln:gmIIPPn><sln:gmIIPWersja>2012-09-26T22:01:32+02:00</sln:gmIIPWersja><sln:gmIdTeryt>1812073</sln:gmIdTeryt><sln:gmNazwa>Ulanów</sln:gmNazwa><sln:miejscIIPId>449defc9-38de-4c53-bb67-98f289bb2761</sln:miejscIIPId><sln:miejscIIPPn>PL.PZGIK.200</sln:miejscIIPPn><sln:miejscIIPWersja>2016-11-24T12:52:03+02:00</sln:miejscIIPWersja><sln:miejscIdTeryt>0809240</sln:miejscIdTeryt><sln:miejscNazwa>Kurzyna Średnia</sln:miejscNazwa><sln:miejscRodzaj>Wieś</sln:miejscRodzaj><sln:powIIPId>f87cae01-4621-41f4-b768-c777cf94d1d8</sln:powIIPId><sln:powIIPPn>PL.PZGIK.200</sln:powIIPPn><sln:powIIPWersja>2012-09-27T08:01:01+02:00</sln:powIIPWersja><sln:powIdTeryt>1812</sln:powIdTeryt><sln:powNazwa>niżański</sln:powNazwa><sln:waznyOd>2014-09-05T00:00:00+02:00</sln:waznyOd><sln:wojIIPId>833fe14b-fe8e-40c7-9e4e-fc27c938bb11</sln:wojIIPId><sln:wojIIPPn>PL.PZGIK.200</sln:wojIIPPn><sln:wojIIPWersja>2017-10-10T00:00:00+02:00</sln:wojIIPWersja><sln:wojIdTeryt>18</sln:wojIdTeryt><sln:wojNazwa>podkarpackie</sln:wojNazwa></sln:miejscowosc><sln:miejscowosc><sln:cyklZyciaDo>2015-12-15T00:00:00+01:00</sln:cyklZyciaDo><sln:cyklZyciaOd>2015-05-05T00:00:00+02:00</sln:cyklZyciaOd><sln:gmIIPId>86528ba9-b7c3-49e2-9e3c-9a849444e4a2</sln:gmIIPId><sln:gmIIPPn>PL.PZGIK.200</sln:gmIIPPn><sln:gmIIPWersja>2012-09-26T22:01:32+02:00</sln:gmIIPWersja><sln:gmIdTeryt>1812073</sln:gmIdTeryt><sln:gmNazwa>Ulanów</sln:gmNazwa><sln:miejscIIPId>bd0a266f-a614-4e52-a75f-8a97fe9dd75c</sln:miejscIIPId><sln:miejscIIPPn>PL.PZGIK.200</sln:miejscIIPPn><sln:miejscIIPWersja>2016-11-24T12:52:05+02:00</sln:miejscIIPWersja><sln:miejscIdTeryt>0809262</sln:miejscIdTeryt><sln:miejscNazwa>Kurzyna Wielka</sln:miejscNazwa><sln:miejscRodzaj>Wieś</sln:miejscRodzaj><sln:powIIPId>f87cae01-4621-41f4-b768-c777cf94d1d8</sln:powIIPId><sln:powIIPPn>PL.PZGIK.200</sln:powIIPPn><sln:powIIPWersja>2012-09-27T08:01:01+02:00</sln:powIIPWersja><sln:powIdTeryt>1812</sln:powIdTeryt><sln:powNazwa>niżański</sln:powNazwa><sln:waznyOd>2014-09-05T00:00:00+02:00</sln:waznyOd><sln:wojIIPId>833fe14b-fe8e-40c7-9e4e-fc27c938bb11</sln:wojIIPId><sln:wojIIPPn>PL.PZGIK.200</sln:wojIIPPn><sln:wojIIPWersja>2017-10-10T00:00:00+02:00</sln:wojIIPWersja><sln:wojIdTeryt>18</sln:wojIdTeryt><sln:wojNazwa>podkarpackie</sln:wojNazwa></sln:miejscowosc><sln:miejscowosc><sln:cyklZyciaDo>2015-12-15T00:00:00+01:00</sln:cyklZyciaDo><sln:cyklZyciaOd>2015-05-05T00:00:00+02:00</sln:cyklZyciaOd><sln:gmIIPId>86528ba9-b7c3-49e2-9e3c-9a849444e4a2</sln:gmIIPId><sln:gmIIPPn>PL.PZGIK.200</sln:gmIIPPn><sln:gmIIPWersja>2012-09-26T22:01:32+02:00</sln:gmIIPWersja><sln:gmIdTeryt>1812073</sln:gmIdTeryt><sln:gmNazwa>Ulanów</sln:gmNazwa><sln:miejscIIPId>06ba0ab9-2f85-43a1-9e42-dcd5bb0cfd27</sln:miejscIIPId><sln:miejscIIPPn>PL.PZGIK.200</sln:miejscIIPPn><sln:miejscIIPWersja>2016-11-24T13:19:24+02:00</sln:miejscIIPWersja><sln:miejscIdTeryt>0989040</sln:miejscIdTeryt><sln:miejscNazwa>Stok</sln:miejscNazwa><sln:miejscRodzaj>Przysiółek</sln:miejscRodzaj><sln:powIIPId>f87cae01-4621-41f4-b768-c777cf94d1d8</sln:powIIPId><sln:powIIPPn>PL.PZGIK.200</sln:powIIPPn><sln:powIIPWersja>2012-09-27T08:01:01+02:00</sln:powIIPWersja><sln:powIdTeryt>1812</sln:powIdTeryt><sln:powNazwa>niżański</sln:powNazwa><sln:waznyOd>2014-09-11T00:00:00+02:00</sln:waznyOd><sln:wojIIPId>833fe14b-fe8e-40c7-9e4e-fc27c938bb11</sln:wojIIPId><sln:wojIIPPn>PL.PZGIK.200</sln:wojIIPPn><sln:wojIIPWersja>2017-10-10T00:00:00+02:00</sln:wojIIPWersja><sln:wojIdTeryt>18</sln:wojIdTeryt><sln:wojNazwa>podkarpackie</sln:wojNazwa></sln:miejscowosc><sln:miejscowosc><sln:cyklZyciaDo>2015-12-15T00:00:00+01:00</sln:cyklZyciaDo><sln:cyklZyciaOd>2015-05-05T00:00:00+02:00</sln:cyklZyciaOd><sln:gmIIPId>86528ba9-b7c3-49e2-9e3c-9a849444e4a2</sln:gmIIPId><sln:gmIIPPn>PL.PZGIK.200</sln:gmIIPPn><sln:gmIIPWersja>2012-09-26T22:01:32+02:00</sln:gmIIPWersja><sln:gmIdTeryt>1812073</sln:gmIdTeryt><sln:gmNazwa>Ulanów</sln:gmNazwa><sln:miejscIIPId>a4fd3145-b27f-41d9-ab45-816c04bcedf9</sln:miejscIIPId><sln:miejscIIPPn>PL.PZGIK.200</sln:miejscIIPPn><sln:miejscIIPWersja>2016-11-24T13:18:59+02:00</sln:miejscIIPWersja><sln:miejscIdTeryt>0981386</sln:miejscIdTeryt><sln:miejscNazwa>Ulanów</sln:miejscNazwa><sln:miejscRodzaj>Miasto</sln:miejscRodzaj><sln:powIIPId>f87cae01-4621-41f4-b768-c777cf94d1d8</sln:powIIPId><sln:powIIPPn>PL.PZGIK.200</sln:powIIPPn><sln:powIIPWersja>2012-09-27T08:01:01+02:00</sln:powIIPWersja><sln:powIdTeryt>1812</sln:powIdTeryt><sln:powNazwa>niżański</sln:powNazwa><sln:waznyOd>2014-09-05T00:00:00+02:00</sln:waznyOd><sln:wojIIPId>833fe14b-fe8e-40c7-9e4e-fc27c938bb11</sln:wojIIPId><sln:wojIIPPn>PL.PZGIK.200</sln:wojIIPPn><sln:wojIIPWersja>2017-10-10T00:00:00+02:00</sln:wojIIPWersja><sln:wojIdTeryt>18</sln:wojIdTeryt><sln:wojNazwa>podkarpackie</sln:wojNazwa></sln:miejscowosc><sln:miejscowosc><sln:cyklZyciaDo>2015-12-15T00:00:00+01:00</sln:cyklZyciaDo><sln:cyklZyciaOd>2015-05-05T00:00:00+02:00</sln:cyklZyciaOd><sln:gmIIPId>86528ba9-b7c3-49e2-9e3c-9a849444e4a2</sln:gmIIPId><sln:gmIIPPn>PL.PZGIK.200</sln:gmIIPPn><sln:gmIIPWersja>2012-09-26T22:01:32+02:00</sln:gmIIPWersja><sln:gmIdTeryt>1812073</sln:gmIdTeryt><sln:gmNazwa>Ulanów</sln:gmNazwa><sln:miejscIIPId>da6867c2-91c1-43c2-8a47-656c00e80a7e</sln:miejscIIPId><sln:miejscIIPPn>PL.PZGIK.200</sln:miejscIIPPn><sln:miejscIIPWersja>2016-11-24T12:52:07+02:00</sln:miejscIIPWersja><sln:miejscIdTeryt>0809285</sln:miejscIdTeryt><sln:miejscNazwa>Wólka Bielińska</sln:miejscNazwa><sln:miejscRodzaj>Wieś</sln:miejscRodzaj><sln:powIIPId>f87cae01-4621-41f4-b768-c777cf94d1d8</sln:powIIPId><sln:powIIPPn>PL.PZGIK.200</sln:powIIPPn><sln:powIIPWersja>2012-09-27T08:01:01+02:00</sln:powIIPWersja><sln:powIdTeryt>1812</sln:powIdTeryt><sln:powNazwa>niżański</sln:powNazwa><sln:waznyOd>2014-09-05T00:00:00+02:00</sln:waznyOd><sln:wojIIPId>833fe14b-fe8e-40c7-9e4e-fc27c938bb11</sln:wojIIPId><sln:wojIIPPn>PL.PZGIK.200</sln:wojIIPPn><sln:wojIIPWersja>2017-10-10T00:00:00+02:00</sln:wojIIPWersja><sln:wojIdTeryt>18</sln:wojIdTeryt><sln:wojNazwa>podkarpackie</sln:wojNazwa></sln:miejscowosc><sln:miejscowosc><sln:cyklZyciaDo>2015-12-15T00:00:00+01:00</sln:cyklZyciaDo><sln:cyklZyciaOd>2015-05-05T00:00:00+02:00</sln:cyklZyciaOd><sln:gmIIPId>86528ba9-b7c3-49e2-9e3c-9a849444e4a2</sln:gmIIPId><sln:gmIIPPn>PL.PZGIK.200</sln:gmIIPPn><sln:gmIIPWersja>2012-09-26T22:01:32+02:00</sln:gmIIPWersja><sln:gmIdTeryt>1812073</sln:gmIdTeryt><sln:gmNazwa>Ulanów</sln:gmNazwa><sln:miejscIIPId>1b99cfc2-25d8-461f-a737-d7fdaf152f4c</sln:miejscIIPId><sln:miejscIIPPn>PL.PZGIK.200</sln:miejscIIPPn><sln:miejscIIPWersja>2016-11-24T12:52:09+02:00</sln:miejscIIPWersja><sln:miejscIdTeryt>0809291</sln:miejscIdTeryt><sln:miejscNazwa>Wólka Tanewska</sln:miejscNazwa><sln:miejscRodzaj>Wieś</sln:miejscRodzaj><sln:powIIPId>f87cae01-4621-41f4-b768-c777cf94d1d8</sln:powIIPId><sln:powIIPPn>PL.PZGIK.200</sln:powIIPPn><sln:powIIPWersja>2012-09-27T08:01:01+02:00</sln:powIIPWersja><sln:powIdTeryt>1812</sln:powIdTeryt><sln:powNazwa>niżański</sln:powNazwa><sln:waznyOd>2014-09-05T00:00:00+02:00</sln:waznyOd><sln:wojIIPId>833fe14b-fe8e-40c7-9e4e-fc27c938bb11</sln:wojIIPId><sln:wojIIPPn>PL.PZGIK.200</sln:wojIIPPn><sln:wojIIPWersja>2017-10-10T00:00:00+02:00</sln:wojIIPWersja><sln:wojIdTeryt>18</sln:wojIdTeryt><sln:wojNazwa>podkarpackie</sln:wojNazwa></sln:miejscowosc><sln:miejscowosc><sln:cyklZyciaDo>2016-02-02T00:00:00+01:00</sln:cyklZyciaDo><sln:cyklZyciaOd>2015-12-15T00:00:00+01:00</sln:cyklZyciaOd><sln:gmIIPId>86528ba9-b7c3-49e2-9e3c-9a849444e4a2</sln:gmIIPId><sln:gmIIPPn>PL.PZGIK.200</sln:gmIIPPn><sln:gmIIPWersja>2012-09-26T22:01:32+02:00</sln:gmIIPWersja><sln:gmIdTeryt>1812073</sln:gmIdTeryt><sln:gmNazwa>Ulanów</sln:gmNazwa><sln:miejscIIPId>c1e15e25-0d62-4718-a74c-871d187cf2a6</sln:miejscIIPId><sln:miejscIIPPn>PL.PZGIK.200</sln:miejscIIPPn><sln:miejscIIPWersja>2016-11-24T12:51:46+02:00</sln:miejscIIPWersja><sln:miejscIdTeryt>0808920</sln:miejscIdTeryt><sln:miejscNazwa>Kępa Rudnicka</sln:miejscNazwa><sln:miejscRodzaj>Przysiółek</sln:miejscRodzaj><sln:powIIPId>f87cae01-4621-41f4-b768-c777cf94d1d8</sln:powIIPId><sln:powIIPPn>PL.PZGIK.200</sln:powIIPPn><sln:powIIPWersja>2012-09-27T08:01:01+02:00</sln:powIIPWersja><sln:powIdTeryt>1812</sln:powIdTeryt><sln:powNazwa>niżański</sln:powNazwa><sln:waznyOd>2014-09-11T00:00:00+02:00</sln:waznyOd><sln:wojIIPId>833fe14b-fe8e-40c7-9e4e-fc27c938bb11</sln:wojIIPId><sln:wojIIPPn>PL.PZGIK.200</sln:wojIIPPn><sln:wojIIPWersja>2017-10-10T00:00:00+02:00</sln:wojIIPWersja><sln:wojIdTeryt>18</sln:wojIdTeryt><sln:wojNazwa>podkarpackie</sln:wojNazwa></sln:miejscowosc><sln:miejscowosc><sln:cyklZyciaDo>2016-02-02T00:00:00+01:00</sln:cyklZyciaDo><sln:cyklZyciaOd>2015-12-15T00:00:00+01:00</sln:cyklZyciaOd><sln:gmIIPId>86528ba9-b7c3-49e2-9e3c-9a849444e4a2</sln:gmIIPId><sln:gmIIPPn>PL.PZGIK.200</sln:gmIIPPn><sln:gmIIPWersja>2012-09-26T22:01:32+02:00</sln:gmIIPWersja><sln:gmIdTeryt>1812073</sln:gmIdTeryt><sln:gmNazwa>Ulanów</sln:gmNazwa><sln:miejscIIPId>c94acbae-f473-4ec8-a34a-691b3450e09f</sln:miejscIIPId><sln:miejscIIPPn>PL.PZGIK.200</sln:miejscIIPPn><sln:miejscIIPWersja>2016-11-24T12:52:02+02:00</sln:miejscIIPWersja><sln:miejscIdTeryt>0809180</sln:miejscIdTeryt><sln:miejscNazwa>Kurzyna Mała</sln:miejscNazwa><sln:miejscRodzaj>Wieś</sln:miejscRodzaj><sln:powIIPId>f87cae01-4621-41f4-b768-c777cf94d1d8</sln:powIIPId><sln:powIIPPn>PL.PZGIK.200</sln:powIIPPn><sln:powIIPWersja>2012-09-27T08:01:01+02:00</sln:powIIPWersja><sln:powIdTeryt>1812</sln:powIdTeryt><sln:powNazwa>niżański</sln:powNazwa><sln:waznyOd>2014-09-05T00:00:00+02:00</sln:waznyOd><sln:wojIIPId>833fe14b-fe8e-40c7-9e4e-fc27c938bb11</sln:wojIIPId><sln:wojIIPPn>PL.PZGIK.200</sln:wojIIPPn><sln:wojIIPWersja>2017-10-10T00:00:00+02:00</sln:wojIIPWersja><sln:wojIdTeryt>18</sln:wojIdTeryt><sln:wojNazwa>podkarpackie</sln:wojNazwa></sln:miejscowosc><sln:miejscowosc><sln:cyklZyciaDo>2016-02-02T00:00:00+01:00</sln:cyklZyciaDo><sln:cyklZyciaOd>2015-12-15T00:00:00+01:00</sln:cyklZyciaOd><sln:gmIIPId>86528ba9-b7c3-49e2-9e3c-9a849444e4a2</sln:gmIIPId><sln:gmIIPPn>PL.PZGIK.200</sln:gmIIPPn><sln:gmIIPWersja>2012-09-26T22:01:32+02:00</sln:gmIIPWersja><sln:gmIdTeryt>1812073</sln:gmIdTeryt><sln:gmNazwa>Ulanów</sln:gmNazwa><sln:miejscIIPId>449defc9-38de-4c53-bb67-98f289bb2761</sln:miejscIIPId><sln:miejscIIPPn>PL.PZGIK.200</sln:miejscIIPPn><sln:miejscIIPWersja>2016-11-24T12:52:04+02:00</sln:miejscIIPWersja><sln:miejscIdTeryt>0809240</sln:miejscIdTeryt><sln:miejscNazwa>Kurzyna Średnia</sln:miejscNazwa><sln:miejscRodzaj>Wieś</sln:miejscRodzaj><sln:powIIPId>f87cae01-4621-41f4-b768-c777cf94d1d8</sln:powIIPId><sln:powIIPPn>PL.PZGIK.200</sln:powIIPPn><sln:powIIPWersja>2012-09-27T08:01:01+02:00</sln:powIIPWersja><sln:powIdTeryt>1812</sln:powIdTeryt><sln:powNazwa>niżański</sln:powNazwa><sln:waznyOd>2014-09-05T00:00:00+02:00</sln:waznyOd><sln:wojIIPId>833fe14b-fe8e-40c7-9e4e-fc27c938bb11</sln:wojIIPId><sln:wojIIPPn>PL.PZGIK.200</sln:wojIIPPn><sln:wojIIPWersja>2017-10-10T00:00:00+02:00</sln:wojIIPWersja><sln:wojIdTeryt>18</sln:wojIdTeryt><sln:wojNazwa>podkarpackie</sln:wojNazwa></sln:miejscowosc><sln:miejscowosc><sln:cyklZyciaDo>2016-02-02T00:00:00+01:00</sln:cyklZyciaDo><sln:cyklZyciaOd>2015-12-15T00:00:00+01:00</sln:cyklZyciaOd><sln:gmIIPId>86528ba9-b7c3-49e2-9e3c-9a849444e4a2</sln:gmIIPId><sln:gmIIPPn>PL.PZGIK.200</sln:gmIIPPn><sln:gmIIPWersja>2012-09-26T22:01:32+02:00</sln:gmIIPWersja><sln:gmIdTeryt>1812073</sln:gmIdTeryt><sln:gmNazwa>Ulanów</sln:gmNazwa><sln:miejscIIPId>bd0a266f-a614-4e52-a75f-8a97fe9dd75c</sln:miejscIIPId><sln:miejscIIPPn>PL.PZGIK.200</sln:miejscIIPPn><sln:miejscIIPWersja>2016-11-24T12:52:06+02:00</sln:miejscIIPWersja><sln:miejscIdTeryt>0809262</sln:miejscIdTeryt><sln:miejscNazwa>Kurzyna Wielka</sln:miejscNazwa><sln:miejscRodzaj>Wieś</sln:miejscRodzaj><sln:powIIPId>f87cae01-4621-41f4-b768-c777cf94d1d8</sln:powIIPId><sln:powIIPPn>PL.PZGIK.200</sln:powIIPPn><sln:powIIPWersja>2012-09-27T08:01:01+02:00</sln:powIIPWersja><sln:powIdTeryt>1812</sln:powIdTeryt><sln:powNazwa>niżański</sln:powNazwa><sln:waznyOd>2014-09-05T00:00:00+02:00</sln:waznyOd><sln:wojIIPId>833fe14b-fe8e-40c7-9e4e-fc27c938bb11</sln:wojIIPId><sln:wojIIPPn>PL.PZGIK.200</sln:wojIIPPn><sln:wojIIPWersja>2017-10-10T00:00:00+02:00</sln:wojIIPWersja><sln:wojIdTeryt>18</sln:wojIdTeryt><sln:wojNazwa>podkarpackie</sln:wojNazwa></sln:miejscowosc><sln:miejscowosc><sln:cyklZyciaDo>2016-02-02T00:00:00+01:00</sln:cyklZyciaDo><sln:cyklZyciaOd>2015-12-15T00:00:00+01:00</sln:cyklZyciaOd><sln:gmIIPId>86528ba9-b7c3-49e2-9e3c-9a849444e4a2</sln:gmIIPId><sln:gmIIPPn>PL.PZGIK.200</sln:gmIIPPn><sln:gmIIPWersja>2012-09-26T22:01:32+02:00</sln:gmIIPWersja><sln:gmIdTeryt>1812073</sln:gmIdTeryt><sln:gmNazwa>Ulanów</sln:gmNazwa><sln:miejscIIPId>06ba0ab9-2f85-43a1-9e42-dcd5bb0cfd27</sln:miejscIIPId><sln:miejscIIPPn>PL.PZGIK.200</sln:miejscIIPPn><sln:miejscIIPWersja>2016-11-24T13:19:25+02:00</sln:miejscIIPWersja><sln:miejscIdTeryt>0989040</sln:miejscIdTeryt><sln:miejscNazwa>Stok</sln:miejscNazwa><sln:miejscRodzaj>Przysiółek</sln:miejscRodzaj><sln:powIIPId>f87cae01-4621-41f4-b768-c777cf94d1d8</sln:powIIPId><sln:powIIPPn>PL.PZGIK.200</sln:powIIPPn><sln:powIIPWersja>2012-09-27T08:01:01+02:00</sln:powIIPWersja><sln:powIdTeryt>1812</sln:powIdTeryt><sln:powNazwa>niżański</sln:powNazwa><sln:waznyOd>2014-09-11T00:00:00+02:00</sln:waznyOd><sln:wojIIPId>833fe14b-fe8e-40c7-9e4e-fc27c938bb11</sln:wojIIPId><sln:wojIIPPn>PL.PZGIK.200</sln:wojIIPPn><sln:wojIIPWersja>2017-10-10T00:00:00+02:00</sln:wojIIPWersja><sln:wojIdTeryt>18</sln:wojIdTeryt><sln:wojNazwa>podkarpackie</sln:wojNazwa></sln:miejscowosc><sln:miejscowosc><sln:cyklZyciaDo>2016-02-02T00:00:00+01:00</sln:cyklZyciaDo><sln:cyklZyciaOd>2015-12-15T00:00:00+01:00</sln:cyklZyciaOd><sln:gmIIPId>86528ba9-b7c3-49e2-9e3c-9a849444e4a2</sln:gmIIPId><sln:gmIIPPn>PL.PZGIK.200</sln:gmIIPPn><sln:gmIIPWersja>2012-09-26T22:01:32+02:00</sln:gmIIPWersja><sln:gmIdTeryt>1812073</sln:gmIdTeryt><sln:gmNazwa>Ulanów</sln:gmNazwa><sln:miejscIIPId>a4fd3145-b27f-41d9-ab45-816c04bcedf9</sln:miejscIIPId><sln:miejscIIPPn>PL.PZGIK.200</sln:miejscIIPPn><sln:miejscIIPWersja>2016-11-24T13:19:00+02:00</sln:miejscIIPWersja><sln:miejscIdTeryt>0981386</sln:miejscIdTeryt><sln:miejscNazwa>Ulanów</sln:miejscNazwa><sln:miejscRodzaj>Miasto</sln:miejscRodzaj><sln:powIIPId>f87cae01-4621-41f4-b768-c777cf94d1d8</sln:powIIPId><sln:powIIPPn>PL.PZGIK.200</sln:powIIPPn><sln:powIIPWersja>2012-09-27T08:01:01+02:00</sln:powIIPWersja><sln:powIdTeryt>1812</sln:powIdTeryt><sln:powNazwa>niżański</sln:powNazwa><sln:waznyOd>2014-09-05T00:00:00+02:00</sln:waznyOd><sln:wojIIPId>833fe14b-fe8e-40c7-9e4e-fc27c938bb11</sln:wojIIPId><sln:wojIIPPn>PL.PZGIK.200</sln:wojIIPPn><sln:wojIIPWersja>2017-10-10T00:00:00+02:00</sln:wojIIPWersja><sln:wojIdTeryt>18</sln:wojIdTeryt><sln:wojNazwa>podkarpackie</sln:wojNazwa></sln:miejscowosc><sln:miejscowosc><sln:cyklZyciaDo>2016-02-02T00:00:00+01:00</sln:cyklZyciaDo><sln:cyklZyciaOd>2015-12-15T00:00:00+01:00</sln:cyklZyciaOd><sln:gmIIPId>86528ba9-b7c3-49e2-9e3c-9a849444e4a2</sln:gmIIPId><sln:gmIIPPn>PL.PZGIK.200</sln:gmIIPPn><sln:gmIIPWersja>2012-09-26T22:01:32+02:00</sln:gmIIPWersja><sln:gmIdTeryt>1812073</sln:gmIdTeryt><sln:gmNazwa>Ulanów</sln:gmNazwa><sln:miejscIIPId>da6867c2-91c1-43c2-8a47-656c00e80a7e</sln:miejscIIPId><sln:miejscIIPPn>PL.PZGIK.200</sln:miejscIIPPn><sln:miejscIIPWersja>2016-11-24T12:52:08+02:00</sln:miejscIIPWersja><sln:miejscIdTeryt>0809285</sln:miejscIdTeryt><sln:miejscNazwa>Wólka Bielińska</sln:miejscNazwa><sln:miejscRodzaj>Wieś</sln:miejscRodzaj><sln:powIIPId>f87cae01-4621-41f4-b768-c777cf94d1d8</sln:powIIPId><sln:powIIPPn>PL.PZGIK.200</sln:powIIPPn><sln:powIIPWersja>2012-09-27T08:01:01+02:00</sln:powIIPWersja><sln:powIdTeryt>1812</sln:powIdTeryt><sln:powNazwa>niżański</sln:powNazwa><sln:waznyOd>2014-09-05T00:00:00+02:00</sln:waznyOd><sln:wojIIPId>833fe14b-fe8e-40c7-9e4e-fc27c938bb11</sln:wojIIPId><sln:wojIIPPn>PL.PZGIK.200</sln:wojIIPPn><sln:wojIIPWersja>2017-10-10T00:00:00+02:00</sln:wojIIPWersja><sln:wojIdTeryt>18</sln:wojIdTeryt><sln:wojNazwa>podkarpackie</sln:wojNazwa></sln:miejscowosc><sln:miejscowosc><sln:cyklZyciaDo>2016-02-02T00:00:00+01:00</sln:cyklZyciaDo><sln:cyklZyciaOd>2015-12-15T00:00:00+01:00</sln:cyklZyciaOd><sln:gmIIPId>86528ba9-b7c3-49e2-9e3c-9a849444e4a2</sln:gmIIPId><sln:gmIIPPn>PL.PZGIK.200</sln:gmIIPPn><sln:gmIIPWersja>2012-09-26T22:01:32+02:00</sln:gmIIPWersja><sln:gmIdTeryt>1812073</sln:gmIdTeryt><sln:gmNazwa>Ulanów</sln:gmNazwa><sln:miejscIIPId>1b99cfc2-25d8-461f-a737-d7fdaf152f4c</sln:miejscIIPId><sln:miejscIIPPn>PL.PZGIK.200</sln:miejscIIPPn><sln:miejscIIPWersja>2016-11-24T12:52:10+02:00</sln:miejscIIPWersja><sln:miejscIdTeryt>0809291</sln:miejscIdTeryt><sln:miejscNazwa>Wólka Tanewska</sln:miejscNazwa><sln:miejscRodzaj>Wieś</sln:miejscRodzaj><sln:powIIPId>f87cae01-4621-41f4-b768-c777cf94d1d8</sln:powIIPId><sln:powIIPPn>PL.PZGIK.200</sln:powIIPPn><sln:powIIPWersja>2012-09-27T08:01:01+02:00</sln:powIIPWersja><sln:powIdTeryt>1812</sln:powIdTeryt><sln:powNazwa>niżański</sln:powNazwa><sln:waznyOd>2014-09-05T00:00:00+02:00</sln:waznyOd><sln:wojIIPId>833fe14b-fe8e-40c7-9e4e-fc27c938bb11</sln:wojIIPId><sln:wojIIPPn>PL.PZGIK.200</sln:wojIIPPn><sln:wojIIPWersja>2017-10-10T00:00:00+02:00</sln:wojIIPWersja><sln:wojIdTeryt>18</sln:wojIdTeryt><sln:wojNazwa>podkarpackie</sln:wojNazwa></sln:miejscowosc><sln:miejscowosc><sln:cyklZyciaDo>2016-02-02T00:00:00+01:00</sln:cyklZyciaDo><sln:cyklZyciaOd>2015-12-15T00:00:00+01:00</sln:cyklZyciaOd><sln:gmIIPId>86528ba9-b7c3-49e2-9e3c-9a849444e4a2</sln:gmIIPId><sln:gmIIPPn>PL.PZGIK.200</sln:gmIIPPn><sln:gmIIPWersja>2012-09-26T22:01:32+02:00</sln:gmIIPWersja><sln:gmIdTeryt>1812073</sln:gmIdTeryt><sln:gmNazwa>Ulanów</sln:gmNazwa><sln:miejscIIPId>62864b80-7c96-41c4-875d-a403d00fcc07</sln:miejscIIPId><sln:miejscIIPPn>PL.PZGIK.200</sln:miejscIIPPn><sln:miejscIIPWersja>2016-11-24T12:51:44+02:00</sln:miejscIIPWersja><sln:miejscIdTeryt>0808914</sln:miejscIdTeryt><sln:miejscNazwa>Bieliniec</sln:miejscNazwa><sln:miejscRodzaj>Wieś</sln:miejscRodzaj><sln:powIIPId>f87cae01-4621-41f4-b768-c777cf94d1d8</sln:powIIPId><sln:powIIPPn>PL.PZGIK.200</sln:powIIPPn><sln:powIIPWersja>2012-09-27T08:01:01+02:00</sln:powIIPWersja><sln:powIdTeryt>1812</sln:powIdTeryt><sln:powNazwa>niżański</sln:powNazwa><sln:waznyOd>2014-09-05T00:00:00+02:00</sln:waznyOd><sln:wojIIPId>833fe14b-fe8e-40c7-9e4e-fc27c938bb11</sln:wojIIPId><sln:wojIIPPn>PL.PZGIK.200</sln:wojIIPPn><sln:wojIIPWersja>2017-10-10T00:00:00+02:00</sln:wojIIPWersja><sln:wojIdTeryt>18</sln:wojIdTeryt><sln:wojNazwa>podkarpackie</sln:wojNazwa></sln:miejscowosc><sln:miejscowosc><sln:cyklZyciaDo>2016-02-02T00:00:00+01:00</sln:cyklZyciaDo><sln:cyklZyciaOd>2015-12-15T00:00:00+01:00</sln:cyklZyciaOd><sln:gmIIPId>86528ba9-b7c3-49e2-9e3c-9a849444e4a2</sln:gmIIPId><sln:gmIIPPn>PL.PZGIK.200</sln:gmIIPPn><sln:gmIIPWersja>2012-09-26T22:01:32+02:00</sln:gmIIPWersja><sln:gmIdTeryt>1812073</sln:gmIdTeryt><sln:gmNazwa>Ulanów</sln:gmNazwa><sln:miejscIIPId>8d54bc9b-158c-4c84-8d91-2dbbcb5315a1</sln:miejscIIPId><sln:miejscIIPPn>PL.PZGIK.200</sln:miejscIIPPn><sln:miejscIIPWersja>2016-11-24T12:51:48+02:00</sln:miejscIIPWersja><sln:miejscIdTeryt>0808937</sln:miejscIdTeryt><sln:miejscNazwa>Bieliny</sln:miejscNazwa><sln:miejscRodzaj>Wieś</sln:miejscRodzaj><sln:powIIPId>f87cae01-4621-41f4-b768-c777cf94d1d8</sln:powIIPId><sln:powIIPPn>PL.PZGIK.200</sln:powIIPPn><sln:powIIPWersja>2012-09-27T08:01:01+02:00</sln:powIIPWersja><sln:powIdTeryt>1812</sln:powIdTeryt><sln:powNazwa>niżański</sln:powNazwa><sln:waznyOd>2014-09-05T00:00:00+02:00</sln:waznyOd><sln:wojIIPId>833fe14b-fe8e-40c7-9e4e-fc27c938bb11</sln:wojIIPId><sln:wojIIPPn>PL.PZGIK.200</sln:wojIIPPn><sln:wojIIPWersja>2017-10-10T00:00:00+02:00</sln:wojIIPWersja><sln:wojIdTeryt>18</sln:wojIdTeryt><sln:wojNazwa>podkarpackie</sln:wojNazwa></sln:miejscowosc><sln:miejscowosc><sln:cyklZyciaDo>2016-02-02T00:00:00+01:00</sln:cyklZyciaDo><sln:cyklZyciaOd>2015-12-15T00:00:00+01:00</sln:cyklZyciaOd><sln:gmIIPId>86528ba9-b7c3-49e2-9e3c-9a849444e4a2</sln:gmIIPId><sln:gmIIPPn>PL.PZGIK.200</sln:gmIIPPn><sln:gmIIPWersja>2012-09-26T22:01:32+02:00</sln:gmIIPWersja><sln:gmIdTeryt>1812073</sln:gmIdTeryt><sln:gmNazwa>Ulanów</sln:gmNazwa><sln:miejscIIPId>62d16fcb-81af-4fd3-b894-865aca289a7c</sln:miejscIIPId><sln:miejscIIPPn>PL.PZGIK.200</sln:miejscIIPPn><sln:miejscIIPWersja>2016-11-24T12:51:50+02:00</sln:miejscIIPWersja><sln:miejscIdTeryt>0808943</sln:miejscIdTeryt><sln:miejscNazwa>Borki</sln:miejscNazwa><sln:miejscRodzaj>Wieś</sln:miejscRodzaj><sln:powIIPId>f87cae01-4621-41f4-b768-c777cf94d1d8</sln:powIIPId><sln:powIIPPn>PL.PZGIK.200</sln:powIIPPn><sln:powIIPWersja>2012-09-27T08:01:01+02:00</sln:powIIPWersja><sln:powIdTeryt>1812</sln:powIdTeryt><sln:powNazwa>niżański</sln:powNazwa><sln:waznyOd>2014-09-05T00:00:00+02:00</sln:waznyOd><sln:wojIIPId>833fe14b-fe8e-40c7-9e4e-fc27c938bb11</sln:wojIIPId><sln:wojIIPPn>PL.PZGIK.200</sln:wojIIPPn><sln:wojIIPWersja>2017-10-10T00:00:00+02:00</sln:wojIIPWersja><sln:wojIdTeryt>18</sln:wojIdTeryt><sln:wojNazwa>podkarpackie</sln:wojNazwa></sln:miejscowosc><sln:miejscowosc><sln:cyklZyciaDo>2016-02-02T00:00:00+01:00</sln:cyklZyciaDo><sln:cyklZyciaOd>2015-12-15T00:00:00+01:00</sln:cyklZyciaOd><sln:gmIIPId>86528ba9-b7c3-49e2-9e3c-9a849444e4a2</sln:gmIIPId><sln:gmIIPPn>PL.PZGIK.200</sln:gmIIPPn><sln:gmIIPWersja>2012-09-26T22:01:32+02:00</sln:gmIIPWersja><sln:gmIdTeryt>1812073</sln:gmIdTeryt><sln:gmNazwa>Ulanów</sln:gmNazwa><sln:miejscIIPId>991603bc-8c68-4485-a0b8-26d3ee81160f</sln:miejscIIPId><sln:miejscIIPPn>PL.PZGIK.200</sln:miejscIIPPn><sln:miejscIIPWersja>2016-11-24T12:51:52+02:00</sln:miejscIIPWersja><sln:miejscIdTeryt>0809003</sln:miejscIdTeryt><sln:miejscNazwa>Bukowina</sln:miejscNazwa><sln:miejscRodzaj>Wieś</sln:miejscRodzaj><sln:powIIPId>f87cae01-4621-41f4-b768-c777cf94d1d8</sln:powIIPId><sln:powIIPPn>PL.PZGIK.200</sln:powIIPPn><sln:powIIPWersja>2012-09-27T08:01:01+02:00</sln:powIIPWersja><sln:powIdTeryt>1812</sln:powIdTeryt><sln:powNazwa>niżański</sln:powNazwa><sln:waznyOd>2014-09-05T00:00:00+02:00</sln:waznyOd><sln:wojIIPId>833fe14b-fe8e-40c7-9e4e-fc27c938bb11</sln:wojIIPId><sln:wojIIPPn>PL.PZGIK.200</sln:wojIIPPn><sln:wojIIPWersja>2017-10-10T00:00:00+02:00</sln:wojIIPWersja><sln:wojIdTeryt>18</sln:wojIdTeryt><sln:wojNazwa>podkarpackie</sln:wojNazwa></sln:miejscowosc><sln:miejscowosc><sln:cyklZyciaDo>2016-02-02T00:00:00+01:00</sln:cyklZyciaDo><sln:cyklZyciaOd>2015-12-15T00:00:00+01:00</sln:cyklZyciaOd><sln:gmIIPId>86528ba9-b7c3-49e2-9e3c-9a849444e4a2</sln:gmIIPId><sln:gmIIPPn>PL.PZGIK.200</sln:gmIIPPn><sln:gmIIPWersja>2012-09-26T22:01:32+02:00</sln:gmIIPWersja><sln:gmIdTeryt>1812073</sln:gmIdTeryt><sln:gmNazwa>Ulanów</sln:gmNazwa><sln:miejscIIPId>f07f0c2d-6745-4c13-991c-e4da644859e7</sln:miejscIIPId><sln:miejscIIPPn>PL.PZGIK.200</sln:miejscIIPPn><sln:miejscIIPWersja>2016-11-24T12:51:54+02:00</sln:miejscIIPWersja><sln:miejscIdTeryt>0809032</sln:miejscIdTeryt><sln:miejscNazwa>Dąbrowica</sln:miejscNazwa><sln:miejscRodzaj>Wieś</sln:miejscRodzaj><sln:powIIPId>f87cae01-4621-41f4-b768-c777cf94d1d8</sln:powIIPId><sln:powIIPPn>PL.PZGIK.200</sln:powIIPPn><sln:powIIPWersja>2012-09-27T08:01:01+02:00</sln:powIIPWersja><sln:powIdTeryt>1812</sln:powIdTeryt><sln:powNazwa>niżański</sln:powNazwa><sln:waznyOd>2014-09-05T00:00:00+02:00</sln:waznyOd><sln:wojIIPId>833fe14b-fe8e-40c7-9e4e-fc27c938bb11</sln:wojIIPId><sln:wojIIPPn>PL.PZGIK.200</sln:wojIIPPn><sln:wojIIPWersja>2017-10-10T00:00:00+02:00</sln:wojIIPWersja><sln:wojIdTeryt>18</sln:wojIdTeryt><sln:wojNazwa>podkarpackie</sln:wojNazwa></sln:miejscowosc><sln:miejscowosc><sln:cyklZyciaDo>2016-02-02T00:00:00+01:00</sln:cyklZyciaDo><sln:cyklZyciaOd>2015-12-15T00:00:00+01:00</sln:cyklZyciaOd><sln:gmIIPId>86528ba9-b7c3-49e2-9e3c-9a849444e4a2</sln:gmIIPId><sln:gmIIPPn>PL.PZGIK.200</sln:gmIIPPn><sln:gmIIPWersja>2012-09-26T22:01:32+02:00</sln:gmIIPWersja><sln:gmIdTeryt>1812073</sln:gmIdTeryt><sln:gmNazwa>Ulanów</sln:gmNazwa><sln:miejscIIPId>884a53af-01d2-4e94-8032-3e1a6c534612</sln:miejscIIPId><sln:miejscIIPPn>PL.PZGIK.200</sln:miejscIIPPn><sln:miejscIIPWersja>2016-11-24T12:51:56+02:00</sln:miejscIIPWersja><sln:miejscIdTeryt>0809090</sln:miejscIdTeryt><sln:miejscNazwa>Dąbrówka</sln:miejscNazwa><sln:miejscRodzaj>Wieś</sln:miejscRodzaj><sln:powIIPId>f87cae01-4621-41f4-b768-c777cf94d1d8</sln:powIIPId><sln:powIIPPn>PL.PZGIK.200</sln:powIIPPn><sln:powIIPWersja>2012-09-27T08:01:01+02:00</sln:powIIPWersja><sln:powIdTeryt>1812</sln:powIdTeryt><sln:powNazwa>niżański</sln:powNazwa><sln:waznyOd>2014-09-05T00:00:00+02:00</sln:waznyOd><sln:wojIIPId>833fe14b-fe8e-40c7-9e4e-fc27c938bb11</sln:wojIIPId><sln:wojIIPPn>PL.PZGIK.200</sln:wojIIPPn><sln:wojIIPWersja>2017-10-10T00:00:00+02:00</sln:wojIIPWersja><sln:wojIdTeryt>18</sln:wojIdTeryt><sln:wojNazwa>podkarpackie</sln:wojNazwa></sln:miejscowosc><sln:miejscowosc><sln:cyklZyciaDo>2016-02-02T00:00:00+01:00</sln:cyklZyciaDo><sln:cyklZyciaOd>2015-12-15T00:00:00+01:00</sln:cyklZyciaOd><sln:gmIIPId>86528ba9-b7c3-49e2-9e3c-9a849444e4a2</sln:gmIIPId><sln:gmIIPPn>PL.PZGIK.200</sln:gmIIPPn><sln:gmIIPWersja>2012-09-26T22:01:32+02:00</sln:gmIIPWersja><sln:gmIdTeryt>1812073</sln:gmIdTeryt><sln:gmNazwa>Ulanów</sln:gmNazwa><sln:miejscIIPId>e5b2f257-0f54-48d5-9c8d-502c1059fb7c</sln:miejscIIPId><sln:miejscIIPPn>PL.PZGIK.200</sln:miejscIIPPn><sln:miejscIIPWersja>2016-11-24T12:51:58+02:00</sln:miejscIIPWersja><sln:miejscIdTeryt>0809150</sln:miejscIdTeryt><sln:miejscNazwa>Glinianka</sln:miejscNazwa><sln:miejscRodzaj>Wieś</sln:miejscRodzaj><sln:powIIPId>f87cae01-4621-41f4-b768-c777cf94d1d8</sln:powIIPId><sln:powIIPPn>PL.PZGIK.200</sln:powIIPPn><sln:powIIPWersja>2012-09-27T08:01:01+02:00</sln:powIIPWersja><sln:powIdTeryt>1812</sln:powIdTeryt><sln:powNazwa>niżański</sln:powNazwa><sln:waznyOd>2014-09-05T00:00:00+02:00</sln:waznyOd><sln:wojIIPId>833fe14b-fe8e-40c7-9e4e-fc27c938bb11</sln:wojIIPId><sln:wojIIPPn>PL.PZGIK.200</sln:wojIIPPn><sln:wojIIPWersja>2017-10-10T00:00:00+02:00</sln:wojIIPWersja><sln:wojIdTeryt>18</sln:wojIdTeryt><sln:wojNazwa>podkarpackie</sln:wojNazwa></sln:miejscowosc><sln:miejscowosc><sln:cyklZyciaDo>2016-02-02T00:00:00+01:00</sln:cyklZyciaDo><sln:cyklZyciaOd>2015-12-15T00:00:00+01:00</sln:cyklZyciaOd><sln:gmIIPId>86528ba9-b7c3-49e2-9e3c-9a849444e4a2</sln:gmIIPId><sln:gmIIPPn>PL.PZGIK.200</sln:gmIIPPn><sln:gmIIPWersja>2012-09-26T22:01:32+02:00</sln:gmIIPWersja><sln:gmIdTeryt>1812073</sln:gmIdTeryt><sln:gmNazwa>Ulanów</sln:gmNazwa><sln:miejscIIPId>f4d499b7-207a-4d86-91d4-cf3230332d6e</sln:miejscIIPId><sln:miejscIIPPn>PL.PZGIK.200</sln:miejscIIPPn><sln:miejscIIPWersja>2016-11-24T12:52:00+02:00</sln:miejscIIPWersja><sln:miejscIdTeryt>0809167</sln:miejscIdTeryt><sln:miejscNazwa>Huta Deręgowska</sln:miejscNazwa><sln:miejscRodzaj>Wieś</sln:miejscRodzaj><sln:powIIPId>f87cae01-4621-41f4-b768-c777cf94d1d8</sln:powIIPId><sln:powIIPPn>PL.PZGIK.200</sln:powIIPPn><sln:powIIPWersja>2012-09-27T08:01:01+02:00</sln:powIIPWersja><sln:powIdTeryt>1812</sln:powIdTeryt><sln:powNazwa>niżański</sln:powNazwa><sln:waznyOd>2014-09-05T00:00:00+02:00</sln:waznyOd><sln:wojIIPId>833fe14b-fe8e-40c7-9e4e-fc27c938bb11</sln:wojIIPId><sln:wojIIPPn>PL.PZGIK.200</sln:wojIIPPn><sln:wojIIPWersja>2017-10-10T00:00:00+02:00</sln:wojIIPWersja><sln:wojIdTeryt>18</sln:wojIdTeryt><sln:wojNazwa>podkarpackie</sln:wojNazwa></sln:miejscowosc><sln:miejscowosc><sln:cyklZyciaOd>2017-04-18T00:00:00+02:00</sln:cyklZyciaOd><sln:gmIIPId>86528ba9-b7c3-49e2-9e3c-9a849444e4a2</sln:gmIIPId><sln:gmIIPPn>PL.PZGIK.200</sln:gmIIPPn><sln:gmIIPWersja>2012-09-26T22:01:32+02:00</sln:gmIIPWersja><sln:gmIdTeryt>1812073</sln:gmIdTeryt><sln:gmNazwa>Ulanów</sln:gmNazwa><sln:miejscIIPId>62864b80-7c96-41c4-875d-a403d00fcc07</sln:miejscIIPId><sln:miejscIIPPn>PL.PZGIK.200</sln:miejscIIPPn><sln:miejscIIPWersja>2017-04-18T10:29:46+02:00</sln:miejscIIPWersja><sln:miejscIdTeryt>0808914</sln:miejscIdTeryt><sln:miejscNazwa>Bieliniec</sln:miejscNazwa><sln:miejscRodzaj>Wieś</sln:miejscRodzaj><sln:powIIPId>f87cae01-4621-41f4-b768-c777cf94d1d8</sln:powIIPId><sln:powIIPPn>PL.PZGIK.200</sln:powIIPPn><sln:powIIPWersja>2012-09-27T08:01:01+02:00</sln:powIIPWersja><sln:powIdTeryt>1812</sln:powIdTeryt><sln:powNazwa>niżański</sln:powNazwa><sln:waznyOd>2014-09-05T00:00:00+02:00</sln:waznyOd><sln:wojIIPId>833fe14b-fe8e-40c7-9e4e-fc27c938bb11</sln:wojIIPId><sln:wojIIPPn>PL.PZGIK.200</sln:wojIIPPn><sln:wojIIPWersja>2017-10-10T00:00:00+02:00</sln:wojIIPWersja><sln:wojIdTeryt>18</sln:wojIdTeryt><sln:wojNazwa>podkarpackie</sln:wojNazwa></sln:miejscowosc><sln:miejscowosc><sln:cyklZyciaOd>2017-04-18T00:00:00+02:00</sln:cyklZyciaOd><sln:gmIIPId>86528ba9-b7c3-49e2-9e3c-9a849444e4a2</sln:gmIIPId><sln:gmIIPPn>PL.PZGIK.200</sln:gmIIPPn><sln:gmIIPWersja>2012-09-26T22:01:32+02:00</sln:gmIIPWersja><sln:gmIdTeryt>1812073</sln:gmIdTeryt><sln:gmNazwa>Ulanów</sln:gmNazwa><sln:miejscIIPId>c1e15e25-0d62-4718-a74c-871d187cf2a6</sln:miejscIIPId><sln:miejscIIPPn>PL.PZGIK.200</sln:miejscIIPPn><sln:miejscIIPWersja>2017-04-18T10:29:53+02:00</sln:miejscIIPWersja><sln:miejscIdTeryt>0808920</sln:miejscIdTeryt><sln:miejscNazwa>Kępa Rudnicka</sln:miejscNazwa><sln:miejscRodzaj>Przysiółek</sln:miejscRodzaj><sln:powIIPId>f87cae01-4621-41f4-b768-c777cf94d1d8</sln:powIIPId><sln:powIIPPn>PL.PZGIK.200</sln:powIIPPn><sln:powIIPWersja>2012-09-27T08:01:01+02:00</sln:powIIPWersja><sln:powIdTeryt>1812</sln:powIdTeryt><sln:powNazwa>niżański</sln:powNazwa><sln:waznyOd>2014-09-11T00:00:00+02:00</sln:waznyOd><sln:wojIIPId>833fe14b-fe8e-40c7-9e4e-fc27c938bb11</sln:wojIIPId><sln:wojIIPPn>PL.PZGIK.200</sln:wojIIPPn><sln:wojIIPWersja>2017-10-10T00:00:00+02:00</sln:wojIIPWersja><sln:wojIdTeryt>18</sln:wojIdTeryt><sln:wojNazwa>podkarpackie</sln:wojNazwa></sln:miejscowosc><sln:miejscowosc><sln:cyklZyciaOd>2017-04-18T00:00:00+02:00</sln:cyklZyciaOd><sln:gmIIPId>86528ba9-b7c3-49e2-9e3c-9a849444e4a2</sln:gmIIPId><sln:gmIIPPn>PL.PZGIK.200</sln:gmIIPPn><sln:gmIIPWersja>2012-09-26T22:01:32+02:00</sln:gmIIPWersja><sln:gmIdTeryt>1812073</sln:gmIdTeryt><sln:gmNazwa>Ulanów</sln:gmNazwa><sln:miejscIIPId>8d54bc9b-158c-4c84-8d91-2dbbcb5315a1</sln:miejscIIPId><sln:miejscIIPPn>PL.PZGIK.200</sln:miejscIIPPn><sln:miejscIIPWersja>2017-04-18T10:29:53+02:00</sln:miejscIIPWersja><sln:miejscIdTeryt>0808937</sln:miejscIdTeryt><sln:miejscNazwa>Bieliny</sln:miejscNazwa><sln:miejscRodzaj>Wieś</sln:miejscRodzaj><sln:powIIPId>f87cae01-4621-41f4-b768-c777cf94d1d8</sln:powIIPId><sln:powIIPPn>PL.PZGIK.200</sln:powIIPPn><sln:powIIPWersja>2012-09-27T08:01:01+02:00</sln:powIIPWersja><sln:powIdTeryt>1812</sln:powIdTeryt><sln:powNazwa>niżański</sln:powNazwa><sln:waznyOd>2014-09-05T00:00:00+02:00</sln:waznyOd><sln:wojIIPId>833fe14b-fe8e-40c7-9e4e-fc27c938bb11</sln:wojIIPId><sln:wojIIPPn>PL.PZGIK.200</sln:wojIIPPn><sln:wojIIPWersja>2017-10-10T00:00:00+02:00</sln:wojIIPWersja><sln:wojIdTeryt>18</sln:wojIdTeryt><sln:wojNazwa>podkarpackie</sln:wojNazwa></sln:miejscowosc><sln:miejscowosc><sln:cyklZyciaOd>2017-04-18T00:00:00+02:00</sln:cyklZyciaOd><sln:gmIIPId>86528ba9-b7c3-49e2-9e3c-9a849444e4a2</sln:gmIIPId><sln:gmIIPPn>PL.PZGIK.200</sln:gmIIPPn><sln:gmIIPWersja>2012-09-26T22:01:32+02:00</sln:gmIIPWersja><sln:gmIdTeryt>1812073</sln:gmIdTeryt><sln:gmNazwa>Ulanów</sln:gmNazwa><sln:miejscIIPId>62d16fcb-81af-4fd3-b894-865aca289a7c</sln:miejscIIPId><sln:miejscIIPPn>PL.PZGIK.200</sln:miejscIIPPn><sln:miejscIIPWersja>2017-04-18T10:29:53+02:00</sln:miejscIIPWersja><sln:miejscIdTeryt>0808943</sln:miejscIdTeryt><sln:miejscNazwa>Borki</sln:miejscNazwa><sln:miejscRodzaj>Wieś</sln:miejscRodzaj><sln:powIIPId>f87cae01-4621-41f4-b768-c777cf94d1d8</sln:powIIPId><sln:powIIPPn>PL.PZGIK.200</sln:powIIPPn><sln:powIIPWersja>2012-09-27T08:01:01+02:00</sln:powIIPWersja><sln:powIdTeryt>1812</sln:powIdTeryt><sln:powNazwa>niżański</sln:powNazwa><sln:waznyOd>2014-09-05T00:00:00+02:00</sln:waznyOd><sln:wojIIPId>833fe14b-fe8e-40c7-9e4e-fc27c938bb11</sln:wojIIPId><sln:wojIIPPn>PL.PZGIK.200</sln:wojIIPPn><sln:wojIIPWersja>2017-10-10T00:00:00+02:00</sln:wojIIPWersja><sln:wojIdTeryt>18</sln:wojIdTeryt><sln:wojNazwa>podkarpackie</sln:wojNazwa></sln:miejscowosc><sln:miejscowosc><sln:cyklZyciaOd>2017-04-18T00:00:00+02:00</sln:cyklZyciaOd><sln:gmIIPId>86528ba9-b7c3-49e2-9e3c-9a849444e4a2</sln:gmIIPId><sln:gmIIPPn>PL.PZGIK.200</sln:gmIIPPn><sln:gmIIPWersja>2012-09-26T22:01:32+02:00</sln:gmIIPWersja><sln:gmIdTeryt>1812073</sln:gmIdTeryt><sln:gmNazwa>Ulanów</sln:gmNazwa><sln:miejscIIPId>991603bc-8c68-4485-a0b8-26d3ee81160f</sln:miejscIIPId><sln:miejscIIPPn>PL.PZGIK.200</sln:miejscIIPPn><sln:miejscIIPWersja>2017-04-18T10:29:54+02:00</sln:miejscIIPWersja><sln:miejscIdTeryt>0809003</sln:miejscIdTeryt><sln:miejscNazwa>Bukowina</sln:miejscNazwa><sln:miejscRodzaj>Wieś</sln:miejscRodzaj><sln:powIIPId>f87cae01-4621-41f4-b768-c777cf94d1d8</sln:powIIPId><sln:powIIPPn>PL.PZGIK.200</sln:powIIPPn><sln:powIIPWersja>2012-09-27T08:01:01+02:00</sln:powIIPWersja><sln:powIdTeryt>1812</sln:powIdTeryt><sln:powNazwa>niżański</sln:powNazwa><sln:waznyOd>2014-09-05T00:00:00+02:00</sln:waznyOd><sln:wojIIPId>833fe14b-fe8e-40c7-9e4e-fc27c938bb11</sln:wojIIPId><sln:wojIIPPn>PL.PZGIK.200</sln:wojIIPPn><sln:wojIIPWersja>2017-10-10T00:00:00+02:00</sln:wojIIPWersja><sln:wojIdTeryt>18</sln:wojIdTeryt><sln:wojNazwa>podkarpackie</sln:wojNazwa></sln:miejscowosc><sln:miejscowosc><sln:cyklZyciaOd>2017-04-18T00:00:00+02:00</sln:cyklZyciaOd><sln:gmIIPId>86528ba9-b7c3-49e2-9e3c-9a849444e4a2</sln:gmIIPId><sln:gmIIPPn>PL.PZGIK.200</sln:gmIIPPn><sln:gmIIPWersja>2012-09-26T22:01:32+02:00</sln:gmIIPWersja><sln:gmIdTeryt>1812073</sln:gmIdTeryt><sln:gmNazwa>Ulanów</sln:gmNazwa><sln:miejscIIPId>f07f0c2d-6745-4c13-991c-e4da644859e7</sln:miejscIIPId><sln:miejscIIPPn>PL.PZGIK.200</sln:miejscIIPPn><sln:miejscIIPWersja>2017-04-18T10:29:54+02:00</sln:miejscIIPWersja><sln:miejscIdTeryt>0809032</sln:miejscIdTeryt><sln:miejscNazwa>Dąbrowica</sln:miejscNazwa><sln:miejscRodzaj>Wieś</sln:miejscRodzaj><sln:powIIPId>f87cae01-4621-41f4-b768-c777cf94d1d8</sln:powIIPId><sln:powIIPPn>PL.PZGIK.200</sln:powIIPPn><sln:powIIPWersja>2012-09-27T08:01:01+02:00</sln:powIIPWersja><sln:powIdTeryt>1812</sln:powIdTeryt><sln:powNazwa>niżański</sln:powNazwa><sln:waznyOd>2014-09-05T00:00:00+02:00</sln:waznyOd><sln:wojIIPId>833fe14b-fe8e-40c7-9e4e-fc27c938bb11</sln:wojIIPId><sln:wojIIPPn>PL.PZGIK.200</sln:wojIIPPn><sln:wojIIPWersja>2017-10-10T00:00:00+02:00</sln:wojIIPWersja><sln:wojIdTeryt>18</sln:wojIdTeryt><sln:wojNazwa>podkarpackie</sln:wojNazwa></sln:miejscowosc><sln:miejscowosc><sln:cyklZyciaOd>2017-04-18T00:00:00+02:00</sln:cyklZyciaOd><sln:gmIIPId>86528ba9-b7c3-49e2-9e3c-9a849444e4a2</sln:gmIIPId><sln:gmIIPPn>PL.PZGIK.200</sln:gmIIPPn><sln:gmIIPWersja>2012-09-26T22:01:32+02:00</sln:gmIIPWersja><sln:gmIdTeryt>1812073</sln:gmIdTeryt><sln:gmNazwa>Ulanów</sln:gmNazwa><sln:miejscIIPId>884a53af-01d2-4e94-8032-3e1a6c534612</sln:miejscIIPId><sln:miejscIIPPn>PL.PZGIK.200</sln:miejscIIPPn><sln:miejscIIPWersja>2017-04-18T10:29:54+02:00</sln:miejscIIPWersja><sln:miejscIdTeryt>0809090</sln:miejscIdTeryt><sln:miejscNazwa>Dąbrówka</sln:miejscNazwa><sln:miejscRodzaj>Wieś</sln:miejscRodzaj><sln:powIIPId>f87cae01-4621-41f4-b768-c777cf94d1d8</sln:powIIPId><sln:powIIPPn>PL.PZGIK.200</sln:powIIPPn><sln:powIIPWersja>2012-09-27T08:01:01+02:00</sln:powIIPWersja><sln:powIdTeryt>1812</sln:powIdTeryt><sln:powNazwa>niżański</sln:powNazwa><sln:waznyOd>2014-09-05T00:00:00+02:00</sln:waznyOd><sln:wojIIPId>833fe14b-fe8e-40c7-9e4e-fc27c938bb11</sln:wojIIPId><sln:wojIIPPn>PL.PZGIK.200</sln:wojIIPPn><sln:wojIIPWersja>2017-10-10T00:00:00+02:00</sln:wojIIPWersja><sln:wojIdTeryt>18</sln:wojIdTeryt><sln:wojNazwa>podkarpackie</sln:wojNazwa></sln:miejscowosc><sln:miejscowosc><sln:cyklZyciaOd>2017-04-18T00:00:00+02:00</sln:cyklZyciaOd><sln:gmIIPId>86528ba9-b7c3-49e2-9e3c-9a849444e4a2</sln:gmIIPId><sln:gmIIPPn>PL.PZGIK.200</sln:gmIIPPn><sln:gmIIPWersja>2012-09-26T22:01:32+02:00</sln:gmIIPWersja><sln:gmIdTeryt>1812073</sln:gmIdTeryt><sln:gmNazwa>Ulanów</sln:gmNazwa><sln:miejscIIPId>e5b2f257-0f54-48d5-9c8d-502c1059fb7c</sln:miejscIIPId><sln:miejscIIPPn>PL.PZGIK.200</sln:miejscIIPPn><sln:miejscIIPWersja>2017-04-18T10:29:54+02:00</sln:miejscIIPWersja><sln:miejscIdTeryt>0809150</sln:miejscIdTeryt><sln:miejscNazwa>Glinianka</sln:miejscNazwa><sln:miejscRodzaj>Wieś</sln:miejscRodzaj><sln:powIIPId>f87cae01-4621-41f4-b768-c777cf94d1d8</sln:powIIPId><sln:powIIPPn>PL.PZGIK.200</sln:powIIPPn><sln:powIIPWersja>2012-09-27T08:01:01+02:00</sln:powIIPWersja><sln:powIdTeryt>1812</sln:powIdTeryt><sln:powNazwa>niżański</sln:powNazwa><sln:waznyOd>2014-09-05T00:00:00+02:00</sln:waznyOd><sln:wojIIPId>833fe14b-fe8e-40c7-9e4e-fc27c938bb11</sln:wojIIPId><sln:wojIIPPn>PL.PZGIK.200</sln:wojIIPPn><sln:wojIIPWersja>2017-10-10T00:00:00+02:00</sln:wojIIPWersja><sln:wojIdTeryt>18</sln:wojIdTeryt><sln:wojNazwa>podkarpackie</sln:wojNazwa></sln:miejscowosc><sln:miejscowosc><sln:cyklZyciaOd>2017-04-18T00:00:00+02:00</sln:cyklZyciaOd><sln:gmIIPId>86528ba9-b7c3-49e2-9e3c-9a849444e4a2</sln:gmIIPId><sln:gmIIPPn>PL.PZGIK.200</sln:gmIIPPn><sln:gmIIPWersja>2012-09-26T22:01:32+02:00</sln:gmIIPWersja><sln:gmIdTeryt>1812073</sln:gmIdTeryt><sln:gmNazwa>Ulanów</sln:gmNazwa><sln:miejscIIPId>f4d499b7-207a-4d86-91d4-cf3230332d6e</sln:miejscIIPId><sln:miejscIIPPn>PL.PZGIK.200</sln:miejscIIPPn><sln:miejscIIPWersja>2017-04-18T10:29:54+02:00</sln:miejscIIPWersja><sln:miejscIdTeryt>0809167</sln:miejscIdTeryt><sln:miejscNazwa>Huta Deręgowska</sln:miejscNazwa><sln:miejscRodzaj>Wieś</sln:miejscRodzaj><sln:powIIPId>f87cae01-4621-41f4-b768-c777cf94d1d8</sln:powIIPId><sln:powIIPPn>PL.PZGIK.200</sln:powIIPPn><sln:powIIPWersja>2012-09-27T08:01:01+02:00</sln:powIIPWersja><sln:powIdTeryt>1812</sln:powIdTeryt><sln:powNazwa>niżański</sln:powNazwa><sln:waznyOd>2014-09-05T00:00:00+02:00</sln:waznyOd><sln:wojIIPId>833fe14b-fe8e-40c7-9e4e-fc27c938bb11</sln:wojIIPId><sln:wojIIPPn>PL.PZGIK.200</sln:wojIIPPn><sln:wojIIPWersja>2017-10-10T00:00:00+02:00</sln:wojIIPWersja><sln:wojIdTeryt>18</sln:wojIdTeryt><sln:wojNazwa>podkarpackie</sln:wojNazwa></sln:miejscowosc><sln:miejscowosc><sln:cyklZyciaOd>2017-04-18T00:00:00+02:00</sln:cyklZyciaOd><sln:gmIIPId>86528ba9-b7c3-49e2-9e3c-9a849444e4a2</sln:gmIIPId><sln:gmIIPPn>PL.PZGIK.200</sln:gmIIPPn><sln:gmIIPWersja>2012-09-26T22:01:32+02:00</sln:gmIIPWersja><sln:gmIdTeryt>1812073</sln:gmIdTeryt><sln:gmNazwa>Ulanów</sln:gmNazwa><sln:miejscIIPId>c94acbae-f473-4ec8-a34a-691b3450e09f</sln:miejscIIPId><sln:miejscIIPPn>PL.PZGIK.200</sln:miejscIIPPn><sln:miejscIIPWersja>2017-04-18T10:29:54+02:00</sln:miejscIIPWersja><sln:miejscIdTeryt>0809180</sln:miejscIdTeryt><sln:miejscNazwa>Kurzyna Mała</sln:miejscNazwa><sln:miejscRodzaj>Wieś</sln:miejscRodzaj><sln:powIIPId>f87cae01-4621-41f4-b768-c777cf94d1d8</sln:powIIPId><sln:powIIPPn>PL.PZGIK.200</sln:powIIPPn><sln:powIIPWersja>2012-09-27T08:01:01+02:00</sln:powIIPWersja><sln:powIdTeryt>1812</sln:powIdTeryt><sln:powNazwa>niżański</sln:powNazwa><sln:waznyOd>2014-09-05T00:00:00+02:00</sln:waznyOd><sln:wojIIPId>833fe14b-fe8e-40c7-9e4e-fc27c938bb11</sln:wojIIPId><sln:wojIIPPn>PL.PZGIK.200</sln:wojIIPPn><sln:wojIIPWersja>2017-10-10T00:00:00+02:00</sln:wojIIPWersja><sln:wojIdTeryt>18</sln:wojIdTeryt><sln:wojNazwa>podkarpackie</sln:wojNazwa></sln:miejscowosc><sln:miejscowosc><sln:cyklZyciaOd>2017-04-18T00:00:00+02:00</sln:cyklZyciaOd><sln:gmIIPId>86528ba9-b7c3-49e2-9e3c-9a849444e4a2</sln:gmIIPId><sln:gmIIPPn>PL.PZGIK.200</sln:gmIIPPn><sln:gmIIPWersja>2012-09-26T22:01:32+02:00</sln:gmIIPWersja><sln:gmIdTeryt>1812073</sln:gmIdTeryt><sln:gmNazwa>Ulanów</sln:gmNazwa><sln:miejscIIPId>449defc9-38de-4c53-bb67-98f289bb2761</sln:miejscIIPId><sln:miejscIIPPn>PL.PZGIK.200</sln:miejscIIPPn><sln:miejscIIPWersja>2017-04-18T10:29:54+02:00</sln:miejscIIPWersja><sln:miejscIdTeryt>0809240</sln:miejscIdTeryt><sln:miejscNazwa>Kurzyna Średnia</sln:miejscNazwa><sln:miejscRodzaj>Wieś</sln:miejscRodzaj><sln:powIIPId>f87cae01-4621-41f4-b768-c777cf94d1d8</sln:powIIPId><sln:powIIPPn>PL.PZGIK.200</sln:powIIPPn><sln:powIIPWersja>2012-09-27T08:01:01+02:00</sln:powIIPWersja><sln:powIdTeryt>1812</sln:powIdTeryt><sln:powNazwa>niżański</sln:powNazwa><sln:waznyOd>2014-09-05T00:00:00+02:00</sln:waznyOd><sln:wojIIPId>833fe14b-fe8e-40c7-9e4e-fc27c938bb11</sln:wojIIPId><sln:wojIIPPn>PL.PZGIK.200</sln:wojIIPPn><sln:wojIIPWersja>2017-10-10T00:00:00+02:00</sln:wojIIPWersja><sln:wojIdTeryt>18</sln:wojIdTeryt><sln:wojNazwa>podkarpackie</sln:wojNazwa></sln:miejscowosc><sln:miejscowosc><sln:cyklZyciaOd>2017-04-18T00:00:00+02:00</sln:cyklZyciaOd><sln:gmIIPId>86528ba9-b7c3-49e2-9e3c-9a849444e4a2</sln:gmIIPId><sln:gmIIPPn>PL.PZGIK.200</sln:gmIIPPn><sln:gmIIPWersja>2012-09-26T22:01:32+02:00</sln:gmIIPWersja><sln:gmIdTeryt>1812073</sln:gmIdTeryt><sln:gmNazwa>Ulanów</sln:gmNazwa><sln:miejscIIPId>bd0a266f-a614-4e52-a75f-8a97fe9dd75c</sln:miejscIIPId><sln:miejscIIPPn>PL.PZGIK.200</sln:miejscIIPPn><sln:miejscIIPWersja>2017-04-18T10:29:54+02:00</sln:miejscIIPWersja><sln:miejscIdTeryt>0809262</sln:miejscIdTeryt><sln:miejscNazwa>Kurzyna Wielka</sln:miejscNazwa><sln:miejscRodzaj>Wieś</sln:miejscRodzaj><sln:powIIPId>f87cae01-4621-41f4-b768-c777cf94d1d8</sln:powIIPId><sln:powIIPPn>PL.PZGIK.200</sln:powIIPPn><sln:powIIPWersja>2012-09-27T08:01:01+02:00</sln:powIIPWersja><sln:powIdTeryt>1812</sln:powIdTeryt><sln:powNazwa>niżański</sln:powNazwa><sln:waznyOd>2014-09-05T00:00:00+02:00</sln:waznyOd><sln:wojIIPId>833fe14b-fe8e-40c7-9e4e-fc27c938bb11</sln:wojIIPId><sln:wojIIPPn>PL.PZGIK.200</sln:wojIIPPn><sln:wojIIPWersja>2017-10-10T00:00:00+02:00</sln:wojIIPWersja><sln:wojIdTeryt>18</sln:wojIdTeryt><sln:wojNazwa>podkarpackie</sln:wojNazwa></sln:miejscowosc><sln:miejscowosc><sln:cyklZyciaOd>2017-04-18T00:00:00+02:00</sln:cyklZyciaOd><sln:gmIIPId>86528ba9-b7c3-49e2-9e3c-9a849444e4a2</sln:gmIIPId><sln:gmIIPPn>PL.PZGIK.200</sln:gmIIPPn><sln:gmIIPWersja>2012-09-26T22:01:32+02:00</sln:gmIIPWersja><sln:gmIdTeryt>1812073</sln:gmIdTeryt><sln:gmNazwa>Ulanów</sln:gmNazwa><sln:miejscIIPId>da6867c2-91c1-43c2-8a47-656c00e80a7e</sln:miejscIIPId><sln:miejscIIPPn>PL.PZGIK.200</sln:miejscIIPPn><sln:miejscIIPWersja>2017-04-18T10:29:54+02:00</sln:miejscIIPWersja><sln:miejscIdTeryt>0809285</sln:miejscIdTeryt><sln:miejscNazwa>Wólka Bielińska</sln:miejscNazwa><sln:miejscRodzaj>Wieś</sln:miejscRodzaj><sln:powIIPId>f87cae01-4621-41f4-b768-c777cf94d1d8</sln:powIIPId><sln:powIIPPn>PL.PZGIK.200</sln:powIIPPn><sln:powIIPWersja>2012-09-27T08:01:01+02:00</sln:powIIPWersja><sln:powIdTeryt>1812</sln:powIdTeryt><sln:powNazwa>niżański</sln:powNazwa><sln:waznyOd>2014-09-05T00:00:00+02:00</sln:waznyOd><sln:wojIIPId>833fe14b-fe8e-40c7-9e4e-fc27c938bb11</sln:wojIIPId><sln:wojIIPPn>PL.PZGIK.200</sln:wojIIPPn><sln:wojIIPWersja>2017-10-10T00:00:00+02:00</sln:wojIIPWersja><sln:wojIdTeryt>18</sln:wojIdTeryt><sln:wojNazwa>podkarpackie</sln:wojNazwa></sln:miejscowosc><sln:miejscowosc><sln:cyklZyciaOd>2017-04-18T00:00:00+02:00</sln:cyklZyciaOd><sln:gmIIPId>86528ba9-b7c3-49e2-9e3c-9a849444e4a2</sln:gmIIPId><sln:gmIIPPn>PL.PZGIK.200</sln:gmIIPPn><sln:gmIIPWersja>2012-09-26T22:01:32+02:00</sln:gmIIPWersja><sln:gmIdTeryt>1812073</sln:gmIdTeryt><sln:gmNazwa>Ulanów</sln:gmNazwa><sln:miejscIIPId>1b99cfc2-25d8-461f-a737-d7fdaf152f4c</sln:miejscIIPId><sln:miejscIIPPn>PL.PZGIK.200</sln:miejscIIPPn><sln:miejscIIPWersja>2017-04-18T10:29:54+02:00</sln:miejscIIPWersja><sln:miejscIdTeryt>0809291</sln:miejscIdTeryt><sln:miejscNazwa>Wólka Tanewska</sln:miejscNazwa><sln:miejscRodzaj>Wieś</sln:miejscRodzaj><sln:powIIPId>f87cae01-4621-41f4-b768-c777cf94d1d8</sln:powIIPId><sln:powIIPPn>PL.PZGIK.200</sln:powIIPPn><sln:powIIPWersja>2012-09-27T08:01:01+02:00</sln:powIIPWersja><sln:powIdTeryt>1812</sln:powIdTeryt><sln:powNazwa>niżański</sln:powNazwa><sln:waznyOd>2014-09-05T00:00:00+02:00</sln:waznyOd><sln:wojIIPId>833fe14b-fe8e-40c7-9e4e-fc27c938bb11</sln:wojIIPId><sln:wojIIPPn>PL.PZGIK.200</sln:wojIIPPn><sln:wojIIPWersja>2017-10-10T00:00:00+02:00</sln:wojIIPWersja><sln:wojIdTeryt>18</sln:wojIdTeryt><sln:wojNazwa>podkarpackie</sln:wojNazwa></sln:miejscowosc><sln:miejscowosc><sln:cyklZyciaOd>2017-04-18T00:00:00+02:00</sln:cyklZyciaOd><sln:gmIIPId>86528ba9-b7c3-49e2-9e3c-9a849444e4a2</sln:gmIIPId><sln:gmIIPPn>PL.PZGIK.200</sln:gmIIPPn><sln:gmIIPWersja>2012-09-26T22:01:32+02:00</sln:gmIIPWersja><sln:gmIdTeryt>1812073</sln:gmIdTeryt><sln:gmNazwa>Ulanów</sln:gmNazwa><sln:miejscIIPId>a4fd3145-b27f-41d9-ab45-816c04bcedf9</sln:miejscIIPId><sln:miejscIIPPn>PL.PZGIK.200</sln:miejscIIPPn><sln:miejscIIPWersja>2017-04-18T10:29:54+02:00</sln:miejscIIPWersja><sln:miejscIdTeryt>0981386</sln:miejscIdTeryt><sln:miejscNazwa>Ulanów</sln:miejscNazwa><sln:miejscRodzaj>Miasto</sln:miejscRodzaj><sln:powIIPId>f87cae01-4621-41f4-b768-c777cf94d1d8</sln:powIIPId><sln:powIIPPn>PL.PZGIK.200</sln:powIIPPn><sln:powIIPWersja>2012-09-27T08:01:01+02:00</sln:powIIPWersja><sln:powIdTeryt>1812</sln:powIdTeryt><sln:powNazwa>niżański</sln:powNazwa><sln:waznyOd>2014-09-05T00:00:00+02:00</sln:waznyOd><sln:wojIIPId>833fe14b-fe8e-40c7-9e4e-fc27c938bb11</sln:wojIIPId><sln:wojIIPPn>PL.PZGIK.200</sln:wojIIPPn><sln:wojIIPWersja>2017-10-10T00:00:00+02:00</sln:wojIIPWersja><sln:wojIdTeryt>18</sln:wojIdTeryt><sln:wojNazwa>podkarpackie</sln:wojNazwa></sln:miejscowosc><sln:miejscowosc><sln:cyklZyciaOd>2017-04-18T00:00:00+02:00</sln:cyklZyciaOd><sln:gmIIPId>86528ba9-b7c3-49e2-9e3c-9a849444e4a2</sln:gmIIPId><sln:gmIIPPn>PL.PZGIK.200</sln:gmIIPPn><sln:gmIIPWersja>2012-09-26T22:01:32+02:00</sln:gmIIPWersja><sln:gmIdTeryt>1812073</sln:gmIdTeryt><sln:gmNazwa>Ulanów</sln:gmNazwa><sln:miejscIIPId>06ba0ab9-2f85-43a1-9e42-dcd5bb0cfd27</sln:miejscIIPId><sln:miejscIIPPn>PL.PZGIK.200</sln:miejscIIPPn><sln:miejscIIPWersja>2017-04-18T10:29:54+02:00</sln:miejscIIPWersja><sln:miejscIdTeryt>0989040</sln:miejscIdTeryt><sln:miejscNazwa>Stok</sln:miejscNazwa><sln:miejscRodzaj>Przysiółek</sln:miejscRodzaj><sln:powIIPId>f87cae01-4621-41f4-b768-c777cf94d1d8</sln:powIIPId><sln:powIIPPn>PL.PZGIK.200</sln:powIIPPn><sln:powIIPWersja>2012-09-27T08:01:01+02:00</sln:powIIPWersja><sln:powIdTeryt>1812</sln:powIdTeryt><sln:powNazwa>niżański</sln:powNazwa><sln:waznyOd>2014-09-11T00:00:00+02:00</sln:waznyOd><sln:wojIIPId>833fe14b-fe8e-40c7-9e4e-fc27c938bb11</sln:wojIIPId><sln:wojIIPPn>PL.PZGIK.200</sln:wojIIPPn><sln:wojIIPWersja>2017-10-10T00:00:00+02:00</sln:wojIIPWersja><sln:wojIdTeryt>18</sln:wojIdTeryt><sln:wojNazwa>podkarpackie</sln:wojNazwa></sln:miejscowosc></sln:lista-miejscowosci>