<?xml version="1.0" encoding="UTF-8" standalone="yes"?><sln:lista-miejscowosci xmlns:srv="http://gugik.gov.pl/schemas/slowniki-service/1.0" xmlns:sln="http://gugik.gov.pl/schemas/slowniki-schema/1.0"><sln:miejscowosc><sln:cyklZyciaDo>2017-04-21T00:00:00+02:00</sln:cyklZyciaDo><sln:cyklZyciaOd>2015-10-05T00:00:00+02:00</sln:cyklZyciaOd><sln:gmIIPId>552e17a4-4f2e-4b50-9a00-80b4cef44f8a</sln:gmIIPId><sln:gmIIPPn>PL.PZGIK.200</sln:gmIIPPn><sln:gmIIPWersja>2012-09-26T22:07:36+02:00</sln:gmIIPWersja><sln:gmIdTeryt>1818062</sln:gmIdTeryt><sln:gmNazwa>Zaleszany</sln:gmNazwa><sln:miejscIIPId>3ac23625-1661-461a-bc13-4c3399f2abb2</sln:miejscIIPId><sln:miejscIIPPn>PL.PZGIK.200</sln:miejscIIPPn><sln:miejscIIPWersja>2016-11-24T12:52:11+02:00</sln:miejscIIPWersja><sln:miejscIdTeryt>0811075</sln:miejscIdTeryt><sln:miejscNazwa>Agatówka</sln:miejscNazwa><sln:miejscRodzaj>Wieś</sln:miejscRodzaj><sln:powIIPId>12eb1323-4957-4dae-8cba-92aca864bd69</sln:powIIPId><sln:powIIPPn>PL.PZGIK.200</sln:powIIPPn><sln:powIIPWersja>2012-09-27T08:01:01+02:00</sln:powIIPWersja><sln:powIdTeryt>1818</sln:powIdTeryt><sln:powNazwa>stalowowolski</sln:powNazwa><sln:waznyOd>2015-04-01T00:00:00+02:00</sln:waznyOd><sln:wojIIPId>833fe14b-fe8e-40c7-9e4e-fc27c938bb11</sln:wojIIPId><sln:wojIIPPn>PL.PZGIK.200</sln:wojIIPPn><sln:wojIIPWersja>2017-10-10T00:00:00+02:00</sln:wojIIPWersja><sln:wojIdTeryt>18</sln:wojIdTeryt><sln:wojNazwa>podkarpackie</sln:wojNazwa></sln:miejscowosc><sln:miejscowosc><sln:cyklZyciaDo>2017-04-21T00:00:00+02:00</sln:cyklZyciaDo><sln:cyklZyciaOd>2015-10-05T00:00:00+02:00</sln:cyklZyciaOd><sln:gmIIPId>552e17a4-4f2e-4b50-9a00-80b4cef44f8a</sln:gmIIPId><sln:gmIIPPn>PL.PZGIK.200</sln:gmIIPPn><sln:gmIIPWersja>2012-09-26T22:07:36+02:00</sln:gmIIPWersja><sln:gmIdTeryt>1818062</sln:gmIdTeryt><sln:gmNazwa>Zaleszany</sln:gmNazwa><sln:miejscIIPId>d9862715-a3ec-41db-8f3f-642aa14e1271</sln:miejscIIPId><sln:miejscIIPPn>PL.PZGIK.200</sln:miejscIIPPn><sln:miejscIIPWersja>2016-11-24T12:52:11+02:00</sln:miejscIIPWersja><sln:miejscIdTeryt>0810667</sln:miejscIdTeryt><sln:miejscNazwa>Dzierdziówka</sln:miejscNazwa><sln:miejscRodzaj>Wieś</sln:miejscRodzaj><sln:powIIPId>12eb1323-4957-4dae-8cba-92aca864bd69</sln:powIIPId><sln:powIIPPn>PL.PZGIK.200</sln:powIIPPn><sln:powIIPWersja>2012-09-27T08:01:01+02:00</sln:powIIPWersja><sln:powIdTeryt>1818</sln:powIdTeryt><sln:powNazwa>stalowowolski</sln:powNazwa><sln:waznyOd>2015-03-25T00:00:00+01:00</sln:waznyOd><sln:wojIIPId>833fe14b-fe8e-40c7-9e4e-fc27c938bb11</sln:wojIIPId><sln:wojIIPPn>PL.PZGIK.200</sln:wojIIPPn><sln:wojIIPWersja>2017-10-10T00:00:00+02:00</sln:wojIIPWersja><sln:wojIdTeryt>18</sln:wojIdTeryt><sln:wojNazwa>podkarpackie</sln:wojNazwa></sln:miejscowosc><sln:miejscowosc><sln:cyklZyciaDo>2017-04-21T00:00:00+02:00</sln:cyklZyciaDo><sln:cyklZyciaOd>2015-10-05T00:00:00+02:00</sln:cyklZyciaOd><sln:gmIIPId>552e17a4-4f2e-4b50-9a00-80b4cef44f8a</sln:gmIIPId><sln:gmIIPPn>PL.PZGIK.200</sln:gmIIPPn><sln:gmIIPWersja>2012-09-26T22:07:36+02:00</sln:gmIIPWersja><sln:gmIdTeryt>1818062</sln:gmIdTeryt><sln:gmNazwa>Zaleszany</sln:gmNazwa><sln:miejscIIPId>a313c6e3-1998-460f-b919-da81c9f08ede</sln:miejscIIPId><sln:miejscIIPPn>PL.PZGIK.200</sln:miejscIIPPn><sln:miejscIIPWersja>2016-11-24T12:52:11+02:00</sln:miejscIIPWersja><sln:miejscIdTeryt>0810710</sln:miejscIdTeryt><sln:miejscNazwa>Kępie Zaleszańskie</sln:miejscNazwa><sln:miejscRodzaj>Wieś</sln:miejscRodzaj><sln:powIIPId>12eb1323-4957-4dae-8cba-92aca864bd69</sln:powIIPId><sln:powIIPPn>PL.PZGIK.200</sln:powIIPPn><sln:powIIPWersja>2012-09-27T08:01:01+02:00</sln:powIIPWersja><sln:powIdTeryt>1818</sln:powIdTeryt><sln:powNazwa>stalowowolski</sln:powNazwa><sln:waznyOd>2015-03-25T00:00:00+01:00</sln:waznyOd><sln:wojIIPId>833fe14b-fe8e-40c7-9e4e-fc27c938bb11</sln:wojIIPId><sln:wojIIPPn>PL.PZGIK.200</sln:wojIIPPn><sln:wojIIPWersja>2017-10-10T00:00:00+02:00</sln:wojIIPWersja><sln:wojIdTeryt>18</sln:wojIdTeryt><sln:wojNazwa>podkarpackie</sln:wojNazwa></sln:miejscowosc><sln:miejscowosc><sln:cyklZyciaDo>2017-04-21T00:00:00+02:00</sln:cyklZyciaDo><sln:cyklZyciaOd>2015-10-05T00:00:00+02:00</sln:cyklZyciaOd><sln:gmIIPId>552e17a4-4f2e-4b50-9a00-80b4cef44f8a</sln:gmIIPId><sln:gmIIPPn>PL.PZGIK.200</sln:gmIIPPn><sln:gmIIPWersja>2012-09-26T22:07:36+02:00</sln:gmIIPWersja><sln:gmIdTeryt>1818062</sln:gmIdTeryt><sln:gmNazwa>Zaleszany</sln:gmNazwa><sln:miejscIIPId>faee55cd-2750-4615-84ca-5fe36b6b2d84</sln:miejscIIPId><sln:miejscIIPPn>PL.PZGIK.200</sln:miejscIIPPn><sln:miejscIIPWersja>2016-11-24T12:52:11+02:00</sln:miejscIIPWersja><sln:miejscIdTeryt>0810779</sln:miejscIdTeryt><sln:miejscNazwa>Kotowa Wola</sln:miejscNazwa><sln:miejscRodzaj>Wieś</sln:miejscRodzaj><sln:powIIPId>12eb1323-4957-4dae-8cba-92aca864bd69</sln:powIIPId><sln:powIIPPn>PL.PZGIK.200</sln:powIIPPn><sln:powIIPWersja>2012-09-27T08:01:01+02:00</sln:powIIPWersja><sln:powIdTeryt>1818</sln:powIdTeryt><sln:powNazwa>stalowowolski</sln:powNazwa><sln:waznyOd>2015-03-25T00:00:00+01:00</sln:waznyOd><sln:wojIIPId>833fe14b-fe8e-40c7-9e4e-fc27c938bb11</sln:wojIIPId><sln:wojIIPPn>PL.PZGIK.200</sln:wojIIPPn><sln:wojIIPWersja>2017-10-10T00:00:00+02:00</sln:wojIIPWersja><sln:wojIdTeryt>18</sln:wojIdTeryt><sln:wojNazwa>podkarpackie</sln:wojNazwa></sln:miejscowosc><sln:miejscowosc><sln:cyklZyciaDo>2017-04-21T00:00:00+02:00</sln:cyklZyciaDo><sln:cyklZyciaOd>2015-10-05T00:00:00+02:00</sln:cyklZyciaOd><sln:gmIIPId>552e17a4-4f2e-4b50-9a00-80b4cef44f8a</sln:gmIIPId><sln:gmIIPPn>PL.PZGIK.200</sln:gmIIPPn><sln:gmIIPWersja>2012-09-26T22:07:36+02:00</sln:gmIIPWersja><sln:gmIdTeryt>1818062</sln:gmIdTeryt><sln:gmNazwa>Zaleszany</sln:gmNazwa><sln:miejscIIPId>39593723-3a66-4908-bf2e-eaaa7ddb3f14</sln:miejscIIPId><sln:miejscIIPPn>PL.PZGIK.200</sln:miejscIIPPn><sln:miejscIIPWersja>2016-11-24T12:52:11+02:00</sln:miejscIIPWersja><sln:miejscIdTeryt>0810851</sln:miejscIdTeryt><sln:miejscNazwa>Majdan Zbydniowski</sln:miejscNazwa><sln:miejscRodzaj>Wieś</sln:miejscRodzaj><sln:powIIPId>12eb1323-4957-4dae-8cba-92aca864bd69</sln:powIIPId><sln:powIIPPn>PL.PZGIK.200</sln:powIIPPn><sln:powIIPWersja>2012-09-27T08:01:01+02:00</sln:powIIPWersja><sln:powIdTeryt>1818</sln:powIdTeryt><sln:powNazwa>stalowowolski</sln:powNazwa><sln:waznyOd>2015-03-25T00:00:00+01:00</sln:waznyOd><sln:wojIIPId>833fe14b-fe8e-40c7-9e4e-fc27c938bb11</sln:wojIIPId><sln:wojIIPPn>PL.PZGIK.200</sln:wojIIPPn><sln:wojIIPWersja>2017-10-10T00:00:00+02:00</sln:wojIIPWersja><sln:wojIdTeryt>18</sln:wojIdTeryt><sln:wojNazwa>podkarpackie</sln:wojNazwa></sln:miejscowosc><sln:miejscowosc><sln:cyklZyciaDo>2017-04-21T00:00:00+02:00</sln:cyklZyciaDo><sln:cyklZyciaOd>2015-10-05T00:00:00+02:00</sln:cyklZyciaOd><sln:gmIIPId>552e17a4-4f2e-4b50-9a00-80b4cef44f8a</sln:gmIIPId><sln:gmIIPPn>PL.PZGIK.200</sln:gmIIPPn><sln:gmIIPWersja>2012-09-26T22:07:36+02:00</sln:gmIIPWersja><sln:gmIdTeryt>1818062</sln:gmIdTeryt><sln:gmNazwa>Zaleszany</sln:gmNazwa><sln:miejscIIPId>4a6ae754-166d-470f-807e-095f30ee97b0</sln:miejscIIPId><sln:miejscIIPPn>PL.PZGIK.200</sln:miejscIIPPn><sln:miejscIIPWersja>2016-11-24T12:52:11+02:00</sln:miejscIIPWersja><sln:miejscIdTeryt>0810905</sln:miejscIdTeryt><sln:miejscNazwa>Motycze Szlacheckie</sln:miejscNazwa><sln:miejscRodzaj>Wieś</sln:miejscRodzaj><sln:powIIPId>12eb1323-4957-4dae-8cba-92aca864bd69</sln:powIIPId><sln:powIIPPn>PL.PZGIK.200</sln:powIIPPn><sln:powIIPWersja>2012-09-27T08:01:01+02:00</sln:powIIPWersja><sln:powIdTeryt>1818</sln:powIdTeryt><sln:powNazwa>stalowowolski</sln:powNazwa><sln:waznyOd>2015-03-25T00:00:00+01:00</sln:waznyOd><sln:wojIIPId>833fe14b-fe8e-40c7-9e4e-fc27c938bb11</sln:wojIIPId><sln:wojIIPPn>PL.PZGIK.200</sln:wojIIPPn><sln:wojIIPWersja>2017-10-10T00:00:00+02:00</sln:wojIIPWersja><sln:wojIdTeryt>18</sln:wojIdTeryt><sln:wojNazwa>podkarpackie</sln:wojNazwa></sln:miejscowosc><sln:miejscowosc><sln:cyklZyciaDo>2017-04-21T00:00:00+02:00</sln:cyklZyciaDo><sln:cyklZyciaOd>2015-10-05T00:00:00+02:00</sln:cyklZyciaOd><sln:gmIIPId>552e17a4-4f2e-4b50-9a00-80b4cef44f8a</sln:gmIIPId><sln:gmIIPPn>PL.PZGIK.200</sln:gmIIPPn><sln:gmIIPWersja>2012-09-26T22:07:36+02:00</sln:gmIIPWersja><sln:gmIdTeryt>1818062</sln:gmIdTeryt><sln:gmNazwa>Zaleszany</sln:gmNazwa><sln:miejscIIPId>9d1fb159-3d85-41ac-8d03-3ec06f1beeee</sln:miejscIIPId><sln:miejscIIPPn>PL.PZGIK.200</sln:miejscIIPPn><sln:miejscIIPWersja>2016-11-24T12:52:11+02:00</sln:miejscIIPWersja><sln:miejscIdTeryt>0810940</sln:miejscIdTeryt><sln:miejscNazwa>Obojna</sln:miejscNazwa><sln:miejscRodzaj>Wieś</sln:miejscRodzaj><sln:powIIPId>12eb1323-4957-4dae-8cba-92aca864bd69</sln:powIIPId><sln:powIIPPn>PL.PZGIK.200</sln:powIIPPn><sln:powIIPWersja>2012-09-27T08:01:01+02:00</sln:powIIPWersja><sln:powIdTeryt>1818</sln:powIdTeryt><sln:powNazwa>stalowowolski</sln:powNazwa><sln:waznyOd>2015-03-25T00:00:00+01:00</sln:waznyOd><sln:wojIIPId>833fe14b-fe8e-40c7-9e4e-fc27c938bb11</sln:wojIIPId><sln:wojIIPPn>PL.PZGIK.200</sln:wojIIPPn><sln:wojIIPWersja>2017-10-10T00:00:00+02:00</sln:wojIIPWersja><sln:wojIdTeryt>18</sln:wojIdTeryt><sln:wojNazwa>podkarpackie</sln:wojNazwa></sln:miejscowosc><sln:miejscowosc><sln:cyklZyciaDo>2017-04-21T00:00:00+02:00</sln:cyklZyciaDo><sln:cyklZyciaOd>2015-10-05T00:00:00+02:00</sln:cyklZyciaOd><sln:gmIIPId>552e17a4-4f2e-4b50-9a00-80b4cef44f8a</sln:gmIIPId><sln:gmIIPPn>PL.PZGIK.200</sln:gmIIPPn><sln:gmIIPWersja>2012-09-26T22:07:36+02:00</sln:gmIIPWersja><sln:gmIdTeryt>1818062</sln:gmIdTeryt><sln:gmNazwa>Zaleszany</sln:gmNazwa><sln:miejscIIPId>1de6b6b4-acb1-431b-90e6-703ea3c421dd</sln:miejscIIPId><sln:miejscIIPPn>PL.PZGIK.200</sln:miejscIIPPn><sln:miejscIIPWersja>2016-11-24T12:52:11+02:00</sln:miejscIIPWersja><sln:miejscIdTeryt>0811030</sln:miejscIdTeryt><sln:miejscNazwa>Pilchów</sln:miejscNazwa><sln:miejscRodzaj>Wieś</sln:miejscRodzaj><sln:powIIPId>12eb1323-4957-4dae-8cba-92aca864bd69</sln:powIIPId><sln:powIIPPn>PL.PZGIK.200</sln:powIIPPn><sln:powIIPWersja>2012-09-27T08:01:01+02:00</sln:powIIPWersja><sln:powIdTeryt>1818</sln:powIdTeryt><sln:powNazwa>stalowowolski</sln:powNazwa><sln:waznyOd>2015-03-25T00:00:00+01:00</sln:waznyOd><sln:wojIIPId>833fe14b-fe8e-40c7-9e4e-fc27c938bb11</sln:wojIIPId><sln:wojIIPPn>PL.PZGIK.200</sln:wojIIPPn><sln:wojIIPWersja>2017-10-10T00:00:00+02:00</sln:wojIIPWersja><sln:wojIdTeryt>18</sln:wojIdTeryt><sln:wojNazwa>podkarpackie</sln:wojNazwa></sln:miejscowosc><sln:miejscowosc><sln:cyklZyciaDo>2017-04-21T00:00:00+02:00</sln:cyklZyciaDo><sln:cyklZyciaOd>2015-10-05T00:00:00+02:00</sln:cyklZyciaOd><sln:gmIIPId>552e17a4-4f2e-4b50-9a00-80b4cef44f8a</sln:gmIIPId><sln:gmIIPPn>PL.PZGIK.200</sln:gmIIPPn><sln:gmIIPWersja>2012-09-26T22:07:36+02:00</sln:gmIIPWersja><sln:gmIdTeryt>1818062</sln:gmIdTeryt><sln:gmNazwa>Zaleszany</sln:gmNazwa><sln:miejscIIPId>4d454b00-ea12-4176-87db-54b1612f01a9</sln:miejscIIPId><sln:miejscIIPPn>PL.PZGIK.200</sln:miejscIIPPn><sln:miejscIIPWersja>2016-11-24T12:52:11+02:00</sln:miejscIIPWersja><sln:miejscIdTeryt>0811081</sln:miejscIdTeryt><sln:miejscNazwa>Skowierzyn</sln:miejscNazwa><sln:miejscRodzaj>Wieś</sln:miejscRodzaj><sln:powIIPId>12eb1323-4957-4dae-8cba-92aca864bd69</sln:powIIPId><sln:powIIPPn>PL.PZGIK.200</sln:powIIPPn><sln:powIIPWersja>2012-09-27T08:01:01+02:00</sln:powIIPWersja><sln:powIdTeryt>1818</sln:powIdTeryt><sln:powNazwa>stalowowolski</sln:powNazwa><sln:waznyOd>2015-03-25T00:00:00+01:00</sln:waznyOd><sln:wojIIPId>833fe14b-fe8e-40c7-9e4e-fc27c938bb11</sln:wojIIPId><sln:wojIIPPn>PL.PZGIK.200</sln:wojIIPPn><sln:wojIIPWersja>2017-10-10T00:00:00+02:00</sln:wojIIPWersja><sln:wojIdTeryt>18</sln:wojIdTeryt><sln:wojNazwa>podkarpackie</sln:wojNazwa></sln:miejscowosc><sln:miejscowosc><sln:cyklZyciaDo>2017-04-21T00:00:00+02:00</sln:cyklZyciaDo><sln:cyklZyciaOd>2015-10-05T00:00:00+02:00</sln:cyklZyciaOd><sln:gmIIPId>552e17a4-4f2e-4b50-9a00-80b4cef44f8a</sln:gmIIPId><sln:gmIIPPn>PL.PZGIK.200</sln:gmIIPPn><sln:gmIIPWersja>2012-09-26T22:07:36+02:00</sln:gmIIPWersja><sln:gmIdTeryt>1818062</sln:gmIdTeryt><sln:gmNazwa>Zaleszany</sln:gmNazwa><sln:miejscIIPId>91837842-5534-44f8-b7bd-25af6880fe38</sln:miejscIIPId><sln:miejscIIPPn>PL.PZGIK.200</sln:miejscIIPPn><sln:miejscIIPWersja>2016-11-24T12:52:11+02:00</sln:miejscIIPWersja><sln:miejscIdTeryt>0811193</sln:miejscIdTeryt><sln:miejscNazwa>Turbia</sln:miejscNazwa><sln:miejscRodzaj>Wieś</sln:miejscRodzaj><sln:powIIPId>12eb1323-4957-4dae-8cba-92aca864bd69</sln:powIIPId><sln:powIIPPn>PL.PZGIK.200</sln:powIIPPn><sln:powIIPWersja>2012-09-27T08:01:01+02:00</sln:powIIPWersja><sln:powIdTeryt>1818</sln:powIdTeryt><sln:powNazwa>stalowowolski</sln:powNazwa><sln:waznyOd>2015-03-25T00:00:00+01:00</sln:waznyOd><sln:wojIIPId>833fe14b-fe8e-40c7-9e4e-fc27c938bb11</sln:wojIIPId><sln:wojIIPPn>PL.PZGIK.200</sln:wojIIPPn><sln:wojIIPWersja>2017-10-10T00:00:00+02:00</sln:wojIIPWersja><sln:wojIdTeryt>18</sln:wojIdTeryt><sln:wojNazwa>podkarpackie</sln:wojNazwa></sln:miejscowosc><sln:miejscowosc><sln:cyklZyciaDo>2017-04-21T00:00:00+02:00</sln:cyklZyciaDo><sln:cyklZyciaOd>2015-10-05T00:00:00+02:00</sln:cyklZyciaOd><sln:gmIIPId>552e17a4-4f2e-4b50-9a00-80b4cef44f8a</sln:gmIIPId><sln:gmIIPPn>PL.PZGIK.200</sln:gmIIPPn><sln:gmIIPWersja>2012-09-26T22:07:36+02:00</sln:gmIIPWersja><sln:gmIdTeryt>1818062</sln:gmIdTeryt><sln:gmNazwa>Zaleszany</sln:gmNazwa><sln:miejscIIPId>cae3d25f-ab40-4711-a912-e49770af6db7</sln:miejscIIPId><sln:miejscIIPPn>PL.PZGIK.200</sln:miejscIIPPn><sln:miejscIIPWersja>2016-11-24T12:52:11+02:00</sln:miejscIIPWersja><sln:miejscIdTeryt>0811299</sln:miejscIdTeryt><sln:miejscNazwa>Wólka Turebska</sln:miejscNazwa><sln:miejscRodzaj>Wieś</sln:miejscRodzaj><sln:powIIPId>12eb1323-4957-4dae-8cba-92aca864bd69</sln:powIIPId><sln:powIIPPn>PL.PZGIK.200</sln:powIIPPn><sln:powIIPWersja>2012-09-27T08:01:01+02:00</sln:powIIPWersja><sln:powIdTeryt>1818</sln:powIdTeryt><sln:powNazwa>stalowowolski</sln:powNazwa><sln:waznyOd>2015-03-25T00:00:00+01:00</sln:waznyOd><sln:wojIIPId>833fe14b-fe8e-40c7-9e4e-fc27c938bb11</sln:wojIIPId><sln:wojIIPPn>PL.PZGIK.200</sln:wojIIPPn><sln:wojIIPWersja>2017-10-10T00:00:00+02:00</sln:wojIIPWersja><sln:wojIdTeryt>18</sln:wojIdTeryt><sln:wojNazwa>podkarpackie</sln:wojNazwa></sln:miejscowosc><sln:miejscowosc><sln:cyklZyciaDo>2017-04-21T00:00:00+02:00</sln:cyklZyciaDo><sln:cyklZyciaOd>2015-10-05T00:00:00+02:00</sln:cyklZyciaOd><sln:gmIIPId>552e17a4-4f2e-4b50-9a00-80b4cef44f8a</sln:gmIIPId><sln:gmIIPPn>PL.PZGIK.200</sln:gmIIPPn><sln:gmIIPWersja>2012-09-26T22:07:36+02:00</sln:gmIIPWersja><sln:gmIdTeryt>1818062</sln:gmIdTeryt><sln:gmNazwa>Zaleszany</sln:gmNazwa><sln:miejscIIPId>1435872a-5449-4942-91c6-de7df9b48035</sln:miejscIIPId><sln:miejscIIPPn>PL.PZGIK.200</sln:miejscIIPPn><sln:miejscIIPWersja>2016-11-24T12:52:11+02:00</sln:miejscIIPWersja><sln:miejscIdTeryt>0811359</sln:miejscIdTeryt><sln:miejscNazwa>Zaleszany</sln:miejscNazwa><sln:miejscRodzaj>Wieś</sln:miejscRodzaj><sln:powIIPId>12eb1323-4957-4dae-8cba-92aca864bd69</sln:powIIPId><sln:powIIPPn>PL.PZGIK.200</sln:powIIPPn><sln:powIIPWersja>2012-09-27T08:01:01+02:00</sln:powIIPWersja><sln:powIdTeryt>1818</sln:powIdTeryt><sln:powNazwa>stalowowolski</sln:powNazwa><sln:waznyOd>2015-03-25T00:00:00+01:00</sln:waznyOd><sln:wojIIPId>833fe14b-fe8e-40c7-9e4e-fc27c938bb11</sln:wojIIPId><sln:wojIIPPn>PL.PZGIK.200</sln:wojIIPPn><sln:wojIIPWersja>2017-10-10T00:00:00+02:00</sln:wojIIPWersja><sln:wojIdTeryt>18</sln:wojIdTeryt><sln:wojNazwa>podkarpackie</sln:wojNazwa></sln:miejscowosc><sln:miejscowosc><sln:cyklZyciaDo>2017-04-21T00:00:00+02:00</sln:cyklZyciaDo><sln:cyklZyciaOd>2015-10-05T00:00:00+02:00</sln:cyklZyciaOd><sln:gmIIPId>552e17a4-4f2e-4b50-9a00-80b4cef44f8a</sln:gmIIPId><sln:gmIIPPn>PL.PZGIK.200</sln:gmIIPPn><sln:gmIIPWersja>2012-09-26T22:07:36+02:00</sln:gmIIPWersja><sln:gmIdTeryt>1818062</sln:gmIdTeryt><sln:gmNazwa>Zaleszany</sln:gmNazwa><sln:miejscIIPId>890c9feb-dd89-4e30-b391-3942aea08101</sln:miejscIIPId><sln:miejscIIPPn>PL.PZGIK.200</sln:miejscIIPPn><sln:miejscIIPWersja>2016-11-24T12:52:11+02:00</sln:miejscIIPWersja><sln:miejscIdTeryt>0811402</sln:miejscIdTeryt><sln:miejscNazwa>Zbydniów</sln:miejscNazwa><sln:miejscRodzaj>Wieś</sln:miejscRodzaj><sln:powIIPId>12eb1323-4957-4dae-8cba-92aca864bd69</sln:powIIPId><sln:powIIPPn>PL.PZGIK.200</sln:powIIPPn><sln:powIIPWersja>2012-09-27T08:01:01+02:00</sln:powIIPWersja><sln:powIdTeryt>1818</sln:powIdTeryt><sln:powNazwa>stalowowolski</sln:powNazwa><sln:waznyOd>2015-03-25T00:00:00+01:00</sln:waznyOd><sln:wojIIPId>833fe14b-fe8e-40c7-9e4e-fc27c938bb11</sln:wojIIPId><sln:wojIIPPn>PL.PZGIK.200</sln:wojIIPPn><sln:wojIIPWersja>2017-10-10T00:00:00+02:00</sln:wojIIPWersja><sln:wojIdTeryt>18</sln:wojIdTeryt><sln:wojNazwa>podkarpackie</sln:wojNazwa></sln:miejscowosc><sln:miejscowosc><sln:cyklZyciaOd>2017-04-21T00:00:00+02:00</sln:cyklZyciaOd><sln:gmIIPId>552e17a4-4f2e-4b50-9a00-80b4cef44f8a</sln:gmIIPId><sln:gmIIPPn>PL.PZGIK.200</sln:gmIIPPn><sln:gmIIPWersja>2012-09-26T22:07:36+02:00</sln:gmIIPWersja><sln:gmIdTeryt>1818062</sln:gmIdTeryt><sln:gmNazwa>Zaleszany</sln:gmNazwa><sln:miejscIIPId>d9862715-a3ec-41db-8f3f-642aa14e1271</sln:miejscIIPId><sln:miejscIIPPn>PL.PZGIK.200</sln:miejscIIPPn><sln:miejscIIPWersja>2017-04-21T15:08:33+02:00</sln:miejscIIPWersja><sln:miejscIdTeryt>0810667</sln:miejscIdTeryt><sln:miejscNazwa>Dzierdziówka</sln:miejscNazwa><sln:miejscRodzaj>Wieś</sln:miejscRodzaj><sln:powIIPId>12eb1323-4957-4dae-8cba-92aca864bd69</sln:powIIPId><sln:powIIPPn>PL.PZGIK.200</sln:powIIPPn><sln:powIIPWersja>2012-09-27T08:01:01+02:00</sln:powIIPWersja><sln:powIdTeryt>1818</sln:powIdTeryt><sln:powNazwa>stalowowolski</sln:powNazwa><sln:waznyOd>2015-03-25T00:00:00+01:00</sln:waznyOd><sln:wojIIPId>833fe14b-fe8e-40c7-9e4e-fc27c938bb11</sln:wojIIPId><sln:wojIIPPn>PL.PZGIK.200</sln:wojIIPPn><sln:wojIIPWersja>2017-10-10T00:00:00+02:00</sln:wojIIPWersja><sln:wojIdTeryt>18</sln:wojIdTeryt><sln:wojNazwa>podkarpackie</sln:wojNazwa></sln:miejscowosc><sln:miejscowosc><sln:cyklZyciaOd>2017-04-21T00:00:00+02:00</sln:cyklZyciaOd><sln:gmIIPId>552e17a4-4f2e-4b50-9a00-80b4cef44f8a</sln:gmIIPId><sln:gmIIPPn>PL.PZGIK.200</sln:gmIIPPn><sln:gmIIPWersja>2012-09-26T22:07:36+02:00</sln:gmIIPWersja><sln:gmIdTeryt>1818062</sln:gmIdTeryt><sln:gmNazwa>Zaleszany</sln:gmNazwa><sln:miejscIIPId>a313c6e3-1998-460f-b919-da81c9f08ede</sln:miejscIIPId><sln:miejscIIPPn>PL.PZGIK.200</sln:miejscIIPPn><sln:miejscIIPWersja>2017-04-21T15:08:42+02:00</sln:miejscIIPWersja><sln:miejscIdTeryt>0810710</sln:miejscIdTeryt><sln:miejscNazwa>Kępie Zaleszańskie</sln:miejscNazwa><sln:miejscRodzaj>Wieś</sln:miejscRodzaj><sln:powIIPId>12eb1323-4957-4dae-8cba-92aca864bd69</sln:powIIPId><sln:powIIPPn>PL.PZGIK.200</sln:powIIPPn><sln:powIIPWersja>2012-09-27T08:01:01+02:00</sln:powIIPWersja><sln:powIdTeryt>1818</sln:powIdTeryt><sln:powNazwa>stalowowolski</sln:powNazwa><sln:waznyOd>2015-03-25T00:00:00+01:00</sln:waznyOd><sln:wojIIPId>833fe14b-fe8e-40c7-9e4e-fc27c938bb11</sln:wojIIPId><sln:wojIIPPn>PL.PZGIK.200</sln:wojIIPPn><sln:wojIIPWersja>2017-10-10T00:00:00+02:00</sln:wojIIPWersja><sln:wojIdTeryt>18</sln:wojIdTeryt><sln:wojNazwa>podkarpackie</sln:wojNazwa></sln:miejscowosc><sln:miejscowosc><sln:cyklZyciaOd>2017-04-21T00:00:00+02:00</sln:cyklZyciaOd><sln:gmIIPId>552e17a4-4f2e-4b50-9a00-80b4cef44f8a</sln:gmIIPId><sln:gmIIPPn>PL.PZGIK.200</sln:gmIIPPn><sln:gmIIPWersja>2012-09-26T22:07:36+02:00</sln:gmIIPWersja><sln:gmIdTeryt>1818062</sln:gmIdTeryt><sln:gmNazwa>Zaleszany</sln:gmNazwa><sln:miejscIIPId>faee55cd-2750-4615-84ca-5fe36b6b2d84</sln:miejscIIPId><sln:miejscIIPPn>PL.PZGIK.200</sln:miejscIIPPn><sln:miejscIIPWersja>2017-04-21T15:08:42+02:00</sln:miejscIIPWersja><sln:miejscIdTeryt>0810779</sln:miejscIdTeryt><sln:miejscNazwa>Kotowa Wola</sln:miejscNazwa><sln:miejscRodzaj>Wieś</sln:miejscRodzaj><sln:powIIPId>12eb1323-4957-4dae-8cba-92aca864bd69</sln:powIIPId><sln:powIIPPn>PL.PZGIK.200</sln:powIIPPn><sln:powIIPWersja>2012-09-27T08:01:01+02:00</sln:powIIPWersja><sln:powIdTeryt>1818</sln:powIdTeryt><sln:powNazwa>stalowowolski</sln:powNazwa><sln:waznyOd>2015-03-25T00:00:00+01:00</sln:waznyOd><sln:wojIIPId>833fe14b-fe8e-40c7-9e4e-fc27c938bb11</sln:wojIIPId><sln:wojIIPPn>PL.PZGIK.200</sln:wojIIPPn><sln:wojIIPWersja>2017-10-10T00:00:00+02:00</sln:wojIIPWersja><sln:wojIdTeryt>18</sln:wojIdTeryt><sln:wojNazwa>podkarpackie</sln:wojNazwa></sln:miejscowosc><sln:miejscowosc><sln:cyklZyciaOd>2017-04-21T00:00:00+02:00</sln:cyklZyciaOd><sln:gmIIPId>552e17a4-4f2e-4b50-9a00-80b4cef44f8a</sln:gmIIPId><sln:gmIIPPn>PL.PZGIK.200</sln:gmIIPPn><sln:gmIIPWersja>2012-09-26T22:07:36+02:00</sln:gmIIPWersja><sln:gmIdTeryt>1818062</sln:gmIdTeryt><sln:gmNazwa>Zaleszany</sln:gmNazwa><sln:miejscIIPId>39593723-3a66-4908-bf2e-eaaa7ddb3f14</sln:miejscIIPId><sln:miejscIIPPn>PL.PZGIK.200</sln:miejscIIPPn><sln:miejscIIPWersja>2017-04-21T15:08:42+02:00</sln:miejscIIPWersja><sln:miejscIdTeryt>0810851</sln:miejscIdTeryt><sln:miejscNazwa>Majdan Zbydniowski</sln:miejscNazwa><sln:miejscRodzaj>Wieś</sln:miejscRodzaj><sln:powIIPId>12eb1323-4957-4dae-8cba-92aca864bd69</sln:powIIPId><sln:powIIPPn>PL.PZGIK.200</sln:powIIPPn><sln:powIIPWersja>2012-09-27T08:01:01+02:00</sln:powIIPWersja><sln:powIdTeryt>1818</sln:powIdTeryt><sln:powNazwa>stalowowolski</sln:powNazwa><sln:waznyOd>2015-03-25T00:00:00+01:00</sln:waznyOd><sln:wojIIPId>833fe14b-fe8e-40c7-9e4e-fc27c938bb11</sln:wojIIPId><sln:wojIIPPn>PL.PZGIK.200</sln:wojIIPPn><sln:wojIIPWersja>2017-10-10T00:00:00+02:00</sln:wojIIPWersja><sln:wojIdTeryt>18</sln:wojIdTeryt><sln:wojNazwa>podkarpackie</sln:wojNazwa></sln:miejscowosc><sln:miejscowosc><sln:cyklZyciaOd>2017-04-21T00:00:00+02:00</sln:cyklZyciaOd><sln:gmIIPId>552e17a4-4f2e-4b50-9a00-80b4cef44f8a</sln:gmIIPId><sln:gmIIPPn>PL.PZGIK.200</sln:gmIIPPn><sln:gmIIPWersja>2012-09-26T22:07:36+02:00</sln:gmIIPWersja><sln:gmIdTeryt>1818062</sln:gmIdTeryt><sln:gmNazwa>Zaleszany</sln:gmNazwa><sln:miejscIIPId>4a6ae754-166d-470f-807e-095f30ee97b0</sln:miejscIIPId><sln:miejscIIPPn>PL.PZGIK.200</sln:miejscIIPPn><sln:miejscIIPWersja>2017-04-21T15:08:42+02:00</sln:miejscIIPWersja><sln:miejscIdTeryt>0810905</sln:miejscIdTeryt><sln:miejscNazwa>Motycze Szlacheckie</sln:miejscNazwa><sln:miejscRodzaj>Wieś</sln:miejscRodzaj><sln:powIIPId>12eb1323-4957-4dae-8cba-92aca864bd69</sln:powIIPId><sln:powIIPPn>PL.PZGIK.200</sln:powIIPPn><sln:powIIPWersja>2012-09-27T08:01:01+02:00</sln:powIIPWersja><sln:powIdTeryt>1818</sln:powIdTeryt><sln:powNazwa>stalowowolski</sln:powNazwa><sln:waznyOd>2015-03-25T00:00:00+01:00</sln:waznyOd><sln:wojIIPId>833fe14b-fe8e-40c7-9e4e-fc27c938bb11</sln:wojIIPId><sln:wojIIPPn>PL.PZGIK.200</sln:wojIIPPn><sln:wojIIPWersja>2017-10-10T00:00:00+02:00</sln:wojIIPWersja><sln:wojIdTeryt>18</sln:wojIdTeryt><sln:wojNazwa>podkarpackie</sln:wojNazwa></sln:miejscowosc><sln:miejscowosc><sln:cyklZyciaOd>2017-04-21T00:00:00+02:00</sln:cyklZyciaOd><sln:gmIIPId>552e17a4-4f2e-4b50-9a00-80b4cef44f8a</sln:gmIIPId><sln:gmIIPPn>PL.PZGIK.200</sln:gmIIPPn><sln:gmIIPWersja>2012-09-26T22:07:36+02:00</sln:gmIIPWersja><sln:gmIdTeryt>1818062</sln:gmIdTeryt><sln:gmNazwa>Zaleszany</sln:gmNazwa><sln:miejscIIPId>9d1fb159-3d85-41ac-8d03-3ec06f1beeee</sln:miejscIIPId><sln:miejscIIPPn>PL.PZGIK.200</sln:miejscIIPPn><sln:miejscIIPWersja>2017-04-21T15:08:42+02:00</sln:miejscIIPWersja><sln:miejscIdTeryt>0810940</sln:miejscIdTeryt><sln:miejscNazwa>Obojna</sln:miejscNazwa><sln:miejscRodzaj>Wieś</sln:miejscRodzaj><sln:powIIPId>12eb1323-4957-4dae-8cba-92aca864bd69</sln:powIIPId><sln:powIIPPn>PL.PZGIK.200</sln:powIIPPn><sln:powIIPWersja>2012-09-27T08:01:01+02:00</sln:powIIPWersja><sln:powIdTeryt>1818</sln:powIdTeryt><sln:powNazwa>stalowowolski</sln:powNazwa><sln:waznyOd>2015-03-25T00:00:00+01:00</sln:waznyOd><sln:wojIIPId>833fe14b-fe8e-40c7-9e4e-fc27c938bb11</sln:wojIIPId><sln:wojIIPPn>PL.PZGIK.200</sln:wojIIPPn><sln:wojIIPWersja>2017-10-10T00:00:00+02:00</sln:wojIIPWersja><sln:wojIdTeryt>18</sln:wojIdTeryt><sln:wojNazwa>podkarpackie</sln:wojNazwa></sln:miejscowosc><sln:miejscowosc><sln:cyklZyciaOd>2017-04-21T00:00:00+02:00</sln:cyklZyciaOd><sln:gmIIPId>552e17a4-4f2e-4b50-9a00-80b4cef44f8a</sln:gmIIPId><sln:gmIIPPn>PL.PZGIK.200</sln:gmIIPPn><sln:gmIIPWersja>2012-09-26T22:07:36+02:00</sln:gmIIPWersja><sln:gmIdTeryt>1818062</sln:gmIdTeryt><sln:gmNazwa>Zaleszany</sln:gmNazwa><sln:miejscIIPId>1de6b6b4-acb1-431b-90e6-703ea3c421dd</sln:miejscIIPId><sln:miejscIIPPn>PL.PZGIK.200</sln:miejscIIPPn><sln:miejscIIPWersja>2017-04-21T15:08:42+02:00</sln:miejscIIPWersja><sln:miejscIdTeryt>0811030</sln:miejscIdTeryt><sln:miejscNazwa>Pilchów</sln:miejscNazwa><sln:miejscRodzaj>Wieś</sln:miejscRodzaj><sln:powIIPId>12eb1323-4957-4dae-8cba-92aca864bd69</sln:powIIPId><sln:powIIPPn>PL.PZGIK.200</sln:powIIPPn><sln:powIIPWersja>2012-09-27T08:01:01+02:00</sln:powIIPWersja><sln:powIdTeryt>1818</sln:powIdTeryt><sln:powNazwa>stalowowolski</sln:powNazwa><sln:waznyOd>2015-03-25T00:00:00+01:00</sln:waznyOd><sln:wojIIPId>833fe14b-fe8e-40c7-9e4e-fc27c938bb11</sln:wojIIPId><sln:wojIIPPn>PL.PZGIK.200</sln:wojIIPPn><sln:wojIIPWersja>2017-10-10T00:00:00+02:00</sln:wojIIPWersja><sln:wojIdTeryt>18</sln:wojIdTeryt><sln:wojNazwa>podkarpackie</sln:wojNazwa></sln:miejscowosc><sln:miejscowosc><sln:cyklZyciaOd>2017-04-21T00:00:00+02:00</sln:cyklZyciaOd><sln:gmIIPId>552e17a4-4f2e-4b50-9a00-80b4cef44f8a</sln:gmIIPId><sln:gmIIPPn>PL.PZGIK.200</sln:gmIIPPn><sln:gmIIPWersja>2012-09-26T22:07:36+02:00</sln:gmIIPWersja><sln:gmIdTeryt>1818062</sln:gmIdTeryt><sln:gmNazwa>Zaleszany</sln:gmNazwa><sln:miejscIIPId>3ac23625-1661-461a-bc13-4c3399f2abb2</sln:miejscIIPId><sln:miejscIIPPn>PL.PZGIK.200</sln:miejscIIPPn><sln:miejscIIPWersja>2017-04-21T15:08:42+02:00</sln:miejscIIPWersja><sln:miejscIdTeryt>0811075</sln:miejscIdTeryt><sln:miejscNazwa>Agatówka</sln:miejscNazwa><sln:miejscRodzaj>Wieś</sln:miejscRodzaj><sln:powIIPId>12eb1323-4957-4dae-8cba-92aca864bd69</sln:powIIPId><sln:powIIPPn>PL.PZGIK.200</sln:powIIPPn><sln:powIIPWersja>2012-09-27T08:01:01+02:00</sln:powIIPWersja><sln:powIdTeryt>1818</sln:powIdTeryt><sln:powNazwa>stalowowolski</sln:powNazwa><sln:waznyOd>2015-04-01T00:00:00+02:00</sln:waznyOd><sln:wojIIPId>833fe14b-fe8e-40c7-9e4e-fc27c938bb11</sln:wojIIPId><sln:wojIIPPn>PL.PZGIK.200</sln:wojIIPPn><sln:wojIIPWersja>2017-10-10T00:00:00+02:00</sln:wojIIPWersja><sln:wojIdTeryt>18</sln:wojIdTeryt><sln:wojNazwa>podkarpackie</sln:wojNazwa></sln:miejscowosc><sln:miejscowosc><sln:cyklZyciaOd>2017-04-21T00:00:00+02:00</sln:cyklZyciaOd><sln:gmIIPId>552e17a4-4f2e-4b50-9a00-80b4cef44f8a</sln:gmIIPId><sln:gmIIPPn>PL.PZGIK.200</sln:gmIIPPn><sln:gmIIPWersja>2012-09-26T22:07:36+02:00</sln:gmIIPWersja><sln:gmIdTeryt>1818062</sln:gmIdTeryt><sln:gmNazwa>Zaleszany</sln:gmNazwa><sln:miejscIIPId>4d454b00-ea12-4176-87db-54b1612f01a9</sln:miejscIIPId><sln:miejscIIPPn>PL.PZGIK.200</sln:miejscIIPPn><sln:miejscIIPWersja>2017-04-21T15:08:42+02:00</sln:miejscIIPWersja><sln:miejscIdTeryt>0811081</sln:miejscIdTeryt><sln:miejscNazwa>Skowierzyn</sln:miejscNazwa><sln:miejscRodzaj>Wieś</sln:miejscRodzaj><sln:powIIPId>12eb1323-4957-4dae-8cba-92aca864bd69</sln:powIIPId><sln:powIIPPn>PL.PZGIK.200</sln:powIIPPn><sln:powIIPWersja>2012-09-27T08:01:01+02:00</sln:powIIPWersja><sln:powIdTeryt>1818</sln:powIdTeryt><sln:powNazwa>stalowowolski</sln:powNazwa><sln:waznyOd>2015-03-25T00:00:00+01:00</sln:waznyOd><sln:wojIIPId>833fe14b-fe8e-40c7-9e4e-fc27c938bb11</sln:wojIIPId><sln:wojIIPPn>PL.PZGIK.200</sln:wojIIPPn><sln:wojIIPWersja>2017-10-10T00:00:00+02:00</sln:wojIIPWersja><sln:wojIdTeryt>18</sln:wojIdTeryt><sln:wojNazwa>podkarpackie</sln:wojNazwa></sln:miejscowosc><sln:miejscowosc><sln:cyklZyciaOd>2017-04-21T00:00:00+02:00</sln:cyklZyciaOd><sln:gmIIPId>552e17a4-4f2e-4b50-9a00-80b4cef44f8a</sln:gmIIPId><sln:gmIIPPn>PL.PZGIK.200</sln:gmIIPPn><sln:gmIIPWersja>2012-09-26T22:07:36+02:00</sln:gmIIPWersja><sln:gmIdTeryt>1818062</sln:gmIdTeryt><sln:gmNazwa>Zaleszany</sln:gmNazwa><sln:miejscIIPId>91837842-5534-44f8-b7bd-25af6880fe38</sln:miejscIIPId><sln:miejscIIPPn>PL.PZGIK.200</sln:miejscIIPPn><sln:miejscIIPWersja>2017-04-21T15:08:42+02:00</sln:miejscIIPWersja><sln:miejscIdTeryt>0811193</sln:miejscIdTeryt><sln:miejscNazwa>Turbia</sln:miejscNazwa><sln:miejscRodzaj>Wieś</sln:miejscRodzaj><sln:powIIPId>12eb1323-4957-4dae-8cba-92aca864bd69</sln:powIIPId><sln:powIIPPn>PL.PZGIK.200</sln:powIIPPn><sln:powIIPWersja>2012-09-27T08:01:01+02:00</sln:powIIPWersja><sln:powIdTeryt>1818</sln:powIdTeryt><sln:powNazwa>stalowowolski</sln:powNazwa><sln:waznyOd>2015-03-25T00:00:00+01:00</sln:waznyOd><sln:wojIIPId>833fe14b-fe8e-40c7-9e4e-fc27c938bb11</sln:wojIIPId><sln:wojIIPPn>PL.PZGIK.200</sln:wojIIPPn><sln:wojIIPWersja>2017-10-10T00:00:00+02:00</sln:wojIIPWersja><sln:wojIdTeryt>18</sln:wojIdTeryt><sln:wojNazwa>podkarpackie</sln:wojNazwa></sln:miejscowosc><sln:miejscowosc><sln:cyklZyciaOd>2017-04-21T00:00:00+02:00</sln:cyklZyciaOd><sln:gmIIPId>552e17a4-4f2e-4b50-9a00-80b4cef44f8a</sln:gmIIPId><sln:gmIIPPn>PL.PZGIK.200</sln:gmIIPPn><sln:gmIIPWersja>2012-09-26T22:07:36+02:00</sln:gmIIPWersja><sln:gmIdTeryt>1818062</sln:gmIdTeryt><sln:gmNazwa>Zaleszany</sln:gmNazwa><sln:miejscIIPId>cae3d25f-ab40-4711-a912-e49770af6db7</sln:miejscIIPId><sln:miejscIIPPn>PL.PZGIK.200</sln:miejscIIPPn><sln:miejscIIPWersja>2017-04-21T15:08:42+02:00</sln:miejscIIPWersja><sln:miejscIdTeryt>0811299</sln:miejscIdTeryt><sln:miejscNazwa>Wólka Turebska</sln:miejscNazwa><sln:miejscRodzaj>Wieś</sln:miejscRodzaj><sln:powIIPId>12eb1323-4957-4dae-8cba-92aca864bd69</sln:powIIPId><sln:powIIPPn>PL.PZGIK.200</sln:powIIPPn><sln:powIIPWersja>2012-09-27T08:01:01+02:00</sln:powIIPWersja><sln:powIdTeryt>1818</sln:powIdTeryt><sln:powNazwa>stalowowolski</sln:powNazwa><sln:waznyOd>2015-03-25T00:00:00+01:00</sln:waznyOd><sln:wojIIPId>833fe14b-fe8e-40c7-9e4e-fc27c938bb11</sln:wojIIPId><sln:wojIIPPn>PL.PZGIK.200</sln:wojIIPPn><sln:wojIIPWersja>2017-10-10T00:00:00+02:00</sln:wojIIPWersja><sln:wojIdTeryt>18</sln:wojIdTeryt><sln:wojNazwa>podkarpackie</sln:wojNazwa></sln:miejscowosc><sln:miejscowosc><sln:cyklZyciaOd>2017-04-21T00:00:00+02:00</sln:cyklZyciaOd><sln:gmIIPId>552e17a4-4f2e-4b50-9a00-80b4cef44f8a</sln:gmIIPId><sln:gmIIPPn>PL.PZGIK.200</sln:gmIIPPn><sln:gmIIPWersja>2012-09-26T22:07:36+02:00</sln:gmIIPWersja><sln:gmIdTeryt>1818062</sln:gmIdTeryt><sln:gmNazwa>Zaleszany</sln:gmNazwa><sln:miejscIIPId>1435872a-5449-4942-91c6-de7df9b48035</sln:miejscIIPId><sln:miejscIIPPn>PL.PZGIK.200</sln:miejscIIPPn><sln:miejscIIPWersja>2017-04-21T15:08:42+02:00</sln:miejscIIPWersja><sln:miejscIdTeryt>0811359</sln:miejscIdTeryt><sln:miejscNazwa>Zaleszany</sln:miejscNazwa><sln:miejscRodzaj>Wieś</sln:miejscRodzaj><sln:powIIPId>12eb1323-4957-4dae-8cba-92aca864bd69</sln:powIIPId><sln:powIIPPn>PL.PZGIK.200</sln:powIIPPn><sln:powIIPWersja>2012-09-27T08:01:01+02:00</sln:powIIPWersja><sln:powIdTeryt>1818</sln:powIdTeryt><sln:powNazwa>stalowowolski</sln:powNazwa><sln:waznyOd>2015-03-25T00:00:00+01:00</sln:waznyOd><sln:wojIIPId>833fe14b-fe8e-40c7-9e4e-fc27c938bb11</sln:wojIIPId><sln:wojIIPPn>PL.PZGIK.200</sln:wojIIPPn><sln:wojIIPWersja>2017-10-10T00:00:00+02:00</sln:wojIIPWersja><sln:wojIdTeryt>18</sln:wojIdTeryt><sln:wojNazwa>podkarpackie</sln:wojNazwa></sln:miejscowosc><sln:miejscowosc><sln:cyklZyciaOd>2017-04-21T00:00:00+02:00</sln:cyklZyciaOd><sln:gmIIPId>552e17a4-4f2e-4b50-9a00-80b4cef44f8a</sln:gmIIPId><sln:gmIIPPn>PL.PZGIK.200</sln:gmIIPPn><sln:gmIIPWersja>2012-09-26T22:07:36+02:00</sln:gmIIPWersja><sln:gmIdTeryt>1818062</sln:gmIdTeryt><sln:gmNazwa>Zaleszany</sln:gmNazwa><sln:miejscIIPId>890c9feb-dd89-4e30-b391-3942aea08101</sln:miejscIIPId><sln:miejscIIPPn>PL.PZGIK.200</sln:miejscIIPPn><sln:miejscIIPWersja>2017-04-21T15:08:42+02:00</sln:miejscIIPWersja><sln:miejscIdTeryt>0811402</sln:miejscIdTeryt><sln:miejscNazwa>Zbydniów</sln:miejscNazwa><sln:miejscRodzaj>Wieś</sln:miejscRodzaj><sln:powIIPId>12eb1323-4957-4dae-8cba-92aca864bd69</sln:powIIPId><sln:powIIPPn>PL.PZGIK.200</sln:powIIPPn><sln:powIIPWersja>2012-09-27T08:01:01+02:00</sln:powIIPWersja><sln:powIdTeryt>1818</sln:powIdTeryt><sln:powNazwa>stalowowolski</sln:powNazwa><sln:waznyOd>2015-03-25T00:00:00+01:00</sln:waznyOd><sln:wojIIPId>833fe14b-fe8e-40c7-9e4e-fc27c938bb11</sln:wojIIPId><sln:wojIIPPn>PL.PZGIK.200</sln:wojIIPPn><sln:wojIIPWersja>2017-10-10T00:00:00+02:00</sln:wojIIPWersja><sln:wojIdTeryt>18</sln:wojIdTeryt><sln:wojNazwa>podkarpackie</sln:wojNazwa></sln:miejscowosc></sln:lista-miejscowosci>