<?xml version="1.0" encoding="UTF-8" standalone="yes"?><sln:lista-miejscowosci xmlns:srv="http://gugik.gov.pl/schemas/slowniki-service/1.0" xmlns:sln="http://gugik.gov.pl/schemas/slowniki-schema/1.0"><sln:miejscowosc><sln:cyklZyciaDo>2017-04-18T00:00:00+02:00</sln:cyklZyciaDo><sln:cyklZyciaOd>2015-12-17T00:00:00+01:00</sln:cyklZyciaOd><sln:gmIIPId>aa17955c-ad1d-45ae-8b49-81e59e988092</sln:gmIIPId><sln:gmIIPPn>PL.PZGIK.200</sln:gmIIPPn><sln:gmIIPWersja>2012-09-26T22:07:42+02:00</sln:gmIIPWersja><sln:gmIdTeryt>1819052</sln:gmIdTeryt><sln:gmNazwa>Wiśniowa</sln:gmNazwa><sln:miejscIIPId>e813e1df-8e88-4cac-b6a1-d728f661f354</sln:miejscIIPId><sln:miejscIIPPn>PL.PZGIK.200</sln:miejscIIPPn><sln:miejscIIPWersja>2016-11-24T11:43:54+02:00</sln:miejscIIPWersja><sln:miejscIdTeryt>0666839</sln:miejscIdTeryt><sln:miejscNazwa>Jaszczurowa</sln:miejscNazwa><sln:miejscRodzaj>Wieś</sln:miejscRodzaj><sln:powIIPId>fa694811-8438-4a7c-a5c7-d66a2f051a1b</sln:powIIPId><sln:powIIPPn>PL.PZGIK.200</sln:powIIPPn><sln:powIIPWersja>2012-09-27T08:01:01+02:00</sln:powIIPWersja><sln:powIdTeryt>1819</sln:powIdTeryt><sln:powNazwa>strzyżowski</sln:powNazwa><sln:waznyOd>2015-10-22T00:00:00+02:00</sln:waznyOd><sln:wojIIPId>833fe14b-fe8e-40c7-9e4e-fc27c938bb11</sln:wojIIPId><sln:wojIIPPn>PL.PZGIK.200</sln:wojIIPPn><sln:wojIIPWersja>2017-10-10T00:00:00+02:00</sln:wojIIPWersja><sln:wojIdTeryt>18</sln:wojIdTeryt><sln:wojNazwa>podkarpackie</sln:wojNazwa></sln:miejscowosc><sln:miejscowosc><sln:cyklZyciaDo>2017-04-18T00:00:00+02:00</sln:cyklZyciaDo><sln:cyklZyciaOd>2015-12-17T00:00:00+01:00</sln:cyklZyciaOd><sln:gmIIPId>aa17955c-ad1d-45ae-8b49-81e59e988092</sln:gmIIPId><sln:gmIIPPn>PL.PZGIK.200</sln:gmIIPPn><sln:gmIIPWersja>2012-09-26T22:07:42+02:00</sln:gmIIPWersja><sln:gmIdTeryt>1819052</sln:gmIdTeryt><sln:gmNazwa>Wiśniowa</sln:gmNazwa><sln:miejscIIPId>1a20ca53-bcd2-42ba-baf1-f14d22813d36</sln:miejscIIPId><sln:miejscIIPPn>PL.PZGIK.200</sln:miejscIIPPn><sln:miejscIIPWersja>2016-11-24T11:43:56+02:00</sln:miejscIIPWersja><sln:miejscIdTeryt>0666905</sln:miejscIdTeryt><sln:miejscNazwa>Jazowa</sln:miejscNazwa><sln:miejscRodzaj>Wieś</sln:miejscRodzaj><sln:powIIPId>fa694811-8438-4a7c-a5c7-d66a2f051a1b</sln:powIIPId><sln:powIIPPn>PL.PZGIK.200</sln:powIIPPn><sln:powIIPWersja>2012-09-27T08:01:01+02:00</sln:powIIPWersja><sln:powIdTeryt>1819</sln:powIdTeryt><sln:powNazwa>strzyżowski</sln:powNazwa><sln:waznyOd>2015-10-22T00:00:00+02:00</sln:waznyOd><sln:wojIIPId>833fe14b-fe8e-40c7-9e4e-fc27c938bb11</sln:wojIIPId><sln:wojIIPPn>PL.PZGIK.200</sln:wojIIPPn><sln:wojIIPWersja>2017-10-10T00:00:00+02:00</sln:wojIIPWersja><sln:wojIdTeryt>18</sln:wojIdTeryt><sln:wojNazwa>podkarpackie</sln:wojNazwa></sln:miejscowosc><sln:miejscowosc><sln:cyklZyciaDo>2017-04-18T00:00:00+02:00</sln:cyklZyciaDo><sln:cyklZyciaOd>2015-12-17T00:00:00+01:00</sln:cyklZyciaOd><sln:gmIIPId>aa17955c-ad1d-45ae-8b49-81e59e988092</sln:gmIIPId><sln:gmIIPPn>PL.PZGIK.200</sln:gmIIPPn><sln:gmIIPWersja>2012-09-26T22:07:42+02:00</sln:gmIIPWersja><sln:gmIdTeryt>1819052</sln:gmIdTeryt><sln:gmNazwa>Wiśniowa</sln:gmNazwa><sln:miejscIIPId>dfd31ab1-ac27-49fa-994e-69779e5e6274</sln:miejscIIPId><sln:miejscIIPPn>PL.PZGIK.200</sln:miejscIIPPn><sln:miejscIIPWersja>2016-11-24T11:43:58+02:00</sln:miejscIIPWersja><sln:miejscIdTeryt>0666957</sln:miejscIdTeryt><sln:miejscNazwa>Kalembina</sln:miejscNazwa><sln:miejscRodzaj>Wieś</sln:miejscRodzaj><sln:powIIPId>fa694811-8438-4a7c-a5c7-d66a2f051a1b</sln:powIIPId><sln:powIIPPn>PL.PZGIK.200</sln:powIIPPn><sln:powIIPWersja>2012-09-27T08:01:01+02:00</sln:powIIPWersja><sln:powIdTeryt>1819</sln:powIdTeryt><sln:powNazwa>strzyżowski</sln:powNazwa><sln:waznyOd>2015-10-22T00:00:00+02:00</sln:waznyOd><sln:wojIIPId>833fe14b-fe8e-40c7-9e4e-fc27c938bb11</sln:wojIIPId><sln:wojIIPPn>PL.PZGIK.200</sln:wojIIPPn><sln:wojIIPWersja>2017-10-10T00:00:00+02:00</sln:wojIIPWersja><sln:wojIdTeryt>18</sln:wojIdTeryt><sln:wojNazwa>podkarpackie</sln:wojNazwa></sln:miejscowosc><sln:miejscowosc><sln:cyklZyciaDo>2017-04-18T00:00:00+02:00</sln:cyklZyciaDo><sln:cyklZyciaOd>2015-12-17T00:00:00+01:00</sln:cyklZyciaOd><sln:gmIIPId>aa17955c-ad1d-45ae-8b49-81e59e988092</sln:gmIIPId><sln:gmIIPPn>PL.PZGIK.200</sln:gmIIPPn><sln:gmIIPWersja>2012-09-26T22:07:42+02:00</sln:gmIIPWersja><sln:gmIdTeryt>1819052</sln:gmIdTeryt><sln:gmNazwa>Wiśniowa</sln:gmNazwa><sln:miejscIIPId>03be6546-07e6-4acb-84f9-246a3ed55f0a</sln:miejscIIPId><sln:miejscIIPPn>PL.PZGIK.200</sln:miejscIIPPn><sln:miejscIIPWersja>2016-11-24T11:44:00+02:00</sln:miejscIIPWersja><sln:miejscIdTeryt>0667000</sln:miejscIdTeryt><sln:miejscNazwa>Kozłówek</sln:miejscNazwa><sln:miejscRodzaj>Wieś</sln:miejscRodzaj><sln:powIIPId>fa694811-8438-4a7c-a5c7-d66a2f051a1b</sln:powIIPId><sln:powIIPPn>PL.PZGIK.200</sln:powIIPPn><sln:powIIPWersja>2012-09-27T08:01:01+02:00</sln:powIIPWersja><sln:powIdTeryt>1819</sln:powIdTeryt><sln:powNazwa>strzyżowski</sln:powNazwa><sln:waznyOd>2015-10-22T00:00:00+02:00</sln:waznyOd><sln:wojIIPId>833fe14b-fe8e-40c7-9e4e-fc27c938bb11</sln:wojIIPId><sln:wojIIPPn>PL.PZGIK.200</sln:wojIIPPn><sln:wojIIPWersja>2017-10-10T00:00:00+02:00</sln:wojIIPWersja><sln:wojIdTeryt>18</sln:wojIdTeryt><sln:wojNazwa>podkarpackie</sln:wojNazwa></sln:miejscowosc><sln:miejscowosc><sln:cyklZyciaDo>2017-04-18T00:00:00+02:00</sln:cyklZyciaDo><sln:cyklZyciaOd>2015-12-17T00:00:00+01:00</sln:cyklZyciaOd><sln:gmIIPId>aa17955c-ad1d-45ae-8b49-81e59e988092</sln:gmIIPId><sln:gmIIPPn>PL.PZGIK.200</sln:gmIIPPn><sln:gmIIPWersja>2012-09-26T22:07:42+02:00</sln:gmIIPWersja><sln:gmIdTeryt>1819052</sln:gmIdTeryt><sln:gmNazwa>Wiśniowa</sln:gmNazwa><sln:miejscIIPId>0071a7f6-28e3-4db0-8f5f-3ef1ac301d6d</sln:miejscIIPId><sln:miejscIIPPn>PL.PZGIK.200</sln:miejscIIPPn><sln:miejscIIPWersja>2016-11-24T11:44:02+02:00</sln:miejscIIPWersja><sln:miejscIdTeryt>0667030</sln:miejscIdTeryt><sln:miejscNazwa>Kożuchów</sln:miejscNazwa><sln:miejscRodzaj>Wieś</sln:miejscRodzaj><sln:powIIPId>fa694811-8438-4a7c-a5c7-d66a2f051a1b</sln:powIIPId><sln:powIIPPn>PL.PZGIK.200</sln:powIIPPn><sln:powIIPWersja>2012-09-27T08:01:01+02:00</sln:powIIPWersja><sln:powIdTeryt>1819</sln:powIdTeryt><sln:powNazwa>strzyżowski</sln:powNazwa><sln:waznyOd>2015-10-22T00:00:00+02:00</sln:waznyOd><sln:wojIIPId>833fe14b-fe8e-40c7-9e4e-fc27c938bb11</sln:wojIIPId><sln:wojIIPPn>PL.PZGIK.200</sln:wojIIPPn><sln:wojIIPWersja>2017-10-10T00:00:00+02:00</sln:wojIIPWersja><sln:wojIdTeryt>18</sln:wojIdTeryt><sln:wojNazwa>podkarpackie</sln:wojNazwa></sln:miejscowosc><sln:miejscowosc><sln:cyklZyciaDo>2017-04-18T00:00:00+02:00</sln:cyklZyciaDo><sln:cyklZyciaOd>2015-12-17T00:00:00+01:00</sln:cyklZyciaOd><sln:gmIIPId>aa17955c-ad1d-45ae-8b49-81e59e988092</sln:gmIIPId><sln:gmIIPPn>PL.PZGIK.200</sln:gmIIPPn><sln:gmIIPWersja>2012-09-26T22:07:42+02:00</sln:gmIIPWersja><sln:gmIdTeryt>1819052</sln:gmIdTeryt><sln:gmNazwa>Wiśniowa</sln:gmNazwa><sln:miejscIIPId>b94947bf-4e14-422e-8686-6eacd42b6bd5</sln:miejscIIPId><sln:miejscIIPPn>PL.PZGIK.200</sln:miejscIIPPn><sln:miejscIIPWersja>2016-11-24T11:44:04+02:00</sln:miejscIIPWersja><sln:miejscIdTeryt>0667129</sln:miejscIdTeryt><sln:miejscNazwa>Markuszowa</sln:miejscNazwa><sln:miejscRodzaj>Wieś</sln:miejscRodzaj><sln:powIIPId>fa694811-8438-4a7c-a5c7-d66a2f051a1b</sln:powIIPId><sln:powIIPPn>PL.PZGIK.200</sln:powIIPPn><sln:powIIPWersja>2012-09-27T08:01:01+02:00</sln:powIIPWersja><sln:powIdTeryt>1819</sln:powIdTeryt><sln:powNazwa>strzyżowski</sln:powNazwa><sln:waznyOd>2015-10-22T00:00:00+02:00</sln:waznyOd><sln:wojIIPId>833fe14b-fe8e-40c7-9e4e-fc27c938bb11</sln:wojIIPId><sln:wojIIPPn>PL.PZGIK.200</sln:wojIIPPn><sln:wojIIPWersja>2017-10-10T00:00:00+02:00</sln:wojIIPWersja><sln:wojIdTeryt>18</sln:wojIdTeryt><sln:wojNazwa>podkarpackie</sln:wojNazwa></sln:miejscowosc><sln:miejscowosc><sln:cyklZyciaDo>2017-04-18T00:00:00+02:00</sln:cyklZyciaDo><sln:cyklZyciaOd>2015-12-17T00:00:00+01:00</sln:cyklZyciaOd><sln:gmIIPId>aa17955c-ad1d-45ae-8b49-81e59e988092</sln:gmIIPId><sln:gmIIPPn>PL.PZGIK.200</sln:gmIIPPn><sln:gmIIPWersja>2012-09-26T22:07:42+02:00</sln:gmIIPWersja><sln:gmIdTeryt>1819052</sln:gmIdTeryt><sln:gmNazwa>Wiśniowa</sln:gmNazwa><sln:miejscIIPId>59c600e5-ad17-4d21-9552-6acc2bd61a13</sln:miejscIIPId><sln:miejscIIPPn>PL.PZGIK.200</sln:miejscIIPPn><sln:miejscIIPWersja>2016-11-24T11:44:06+02:00</sln:miejscIIPWersja><sln:miejscIdTeryt>0667201</sln:miejscIdTeryt><sln:miejscNazwa>Niewodna</sln:miejscNazwa><sln:miejscRodzaj>Wieś</sln:miejscRodzaj><sln:powIIPId>fa694811-8438-4a7c-a5c7-d66a2f051a1b</sln:powIIPId><sln:powIIPPn>PL.PZGIK.200</sln:powIIPPn><sln:powIIPWersja>2012-09-27T08:01:01+02:00</sln:powIIPWersja><sln:powIdTeryt>1819</sln:powIdTeryt><sln:powNazwa>strzyżowski</sln:powNazwa><sln:waznyOd>2015-10-22T00:00:00+02:00</sln:waznyOd><sln:wojIIPId>833fe14b-fe8e-40c7-9e4e-fc27c938bb11</sln:wojIIPId><sln:wojIIPPn>PL.PZGIK.200</sln:wojIIPPn><sln:wojIIPWersja>2017-10-10T00:00:00+02:00</sln:wojIIPWersja><sln:wojIdTeryt>18</sln:wojIdTeryt><sln:wojNazwa>podkarpackie</sln:wojNazwa></sln:miejscowosc><sln:miejscowosc><sln:cyklZyciaDo>2017-04-18T00:00:00+02:00</sln:cyklZyciaDo><sln:cyklZyciaOd>2015-12-17T00:00:00+01:00</sln:cyklZyciaOd><sln:gmIIPId>aa17955c-ad1d-45ae-8b49-81e59e988092</sln:gmIIPId><sln:gmIIPPn>PL.PZGIK.200</sln:gmIIPPn><sln:gmIIPWersja>2012-09-26T22:07:42+02:00</sln:gmIIPWersja><sln:gmIdTeryt>1819052</sln:gmIdTeryt><sln:gmNazwa>Wiśniowa</sln:gmNazwa><sln:miejscIIPId>be14a133-4c8f-4d43-9c43-87f920508cb7</sln:miejscIIPId><sln:miejscIIPPn>PL.PZGIK.200</sln:miejscIIPPn><sln:miejscIIPWersja>2016-11-24T11:44:08+02:00</sln:miejscIIPWersja><sln:miejscIdTeryt>0667276</sln:miejscIdTeryt><sln:miejscNazwa>Oparówka</sln:miejscNazwa><sln:miejscRodzaj>Wieś</sln:miejscRodzaj><sln:powIIPId>fa694811-8438-4a7c-a5c7-d66a2f051a1b</sln:powIIPId><sln:powIIPPn>PL.PZGIK.200</sln:powIIPPn><sln:powIIPWersja>2012-09-27T08:01:01+02:00</sln:powIIPWersja><sln:powIdTeryt>1819</sln:powIdTeryt><sln:powNazwa>strzyżowski</sln:powNazwa><sln:waznyOd>2015-10-22T00:00:00+02:00</sln:waznyOd><sln:wojIIPId>833fe14b-fe8e-40c7-9e4e-fc27c938bb11</sln:wojIIPId><sln:wojIIPPn>PL.PZGIK.200</sln:wojIIPPn><sln:wojIIPWersja>2017-10-10T00:00:00+02:00</sln:wojIIPWersja><sln:wojIdTeryt>18</sln:wojIdTeryt><sln:wojNazwa>podkarpackie</sln:wojNazwa></sln:miejscowosc><sln:miejscowosc><sln:cyklZyciaDo>2017-04-18T00:00:00+02:00</sln:cyklZyciaDo><sln:cyklZyciaOd>2015-12-17T00:00:00+01:00</sln:cyklZyciaOd><sln:gmIIPId>aa17955c-ad1d-45ae-8b49-81e59e988092</sln:gmIIPId><sln:gmIIPPn>PL.PZGIK.200</sln:gmIIPPn><sln:gmIIPWersja>2012-09-26T22:07:42+02:00</sln:gmIIPWersja><sln:gmIdTeryt>1819052</sln:gmIdTeryt><sln:gmNazwa>Wiśniowa</sln:gmNazwa><sln:miejscIIPId>4a52b817-43ec-491f-91b3-6dfe3205819f</sln:miejscIIPId><sln:miejscIIPPn>PL.PZGIK.200</sln:miejscIIPPn><sln:miejscIIPWersja>2016-11-24T11:44:14+02:00</sln:miejscIIPWersja><sln:miejscIdTeryt>0667425</sln:miejscIdTeryt><sln:miejscNazwa>Szufnarowa</sln:miejscNazwa><sln:miejscRodzaj>Wieś</sln:miejscRodzaj><sln:powIIPId>fa694811-8438-4a7c-a5c7-d66a2f051a1b</sln:powIIPId><sln:powIIPPn>PL.PZGIK.200</sln:powIIPPn><sln:powIIPWersja>2012-09-27T08:01:01+02:00</sln:powIIPWersja><sln:powIdTeryt>1819</sln:powIdTeryt><sln:powNazwa>strzyżowski</sln:powNazwa><sln:waznyOd>2015-10-22T00:00:00+02:00</sln:waznyOd><sln:wojIIPId>833fe14b-fe8e-40c7-9e4e-fc27c938bb11</sln:wojIIPId><sln:wojIIPPn>PL.PZGIK.200</sln:wojIIPPn><sln:wojIIPWersja>2017-10-10T00:00:00+02:00</sln:wojIIPWersja><sln:wojIdTeryt>18</sln:wojIdTeryt><sln:wojNazwa>podkarpackie</sln:wojNazwa></sln:miejscowosc><sln:miejscowosc><sln:cyklZyciaDo>2017-04-18T00:00:00+02:00</sln:cyklZyciaDo><sln:cyklZyciaOd>2015-12-17T00:00:00+01:00</sln:cyklZyciaOd><sln:gmIIPId>aa17955c-ad1d-45ae-8b49-81e59e988092</sln:gmIIPId><sln:gmIIPPn>PL.PZGIK.200</sln:gmIIPPn><sln:gmIIPWersja>2012-09-26T22:07:42+02:00</sln:gmIIPWersja><sln:gmIdTeryt>1819052</sln:gmIdTeryt><sln:gmNazwa>Wiśniowa</sln:gmNazwa><sln:miejscIIPId>19aad39d-5319-4cb1-87dd-571b20e8c5da</sln:miejscIIPId><sln:miejscIIPPn>PL.PZGIK.200</sln:miejscIIPPn><sln:miejscIIPWersja>2016-11-24T11:44:16+02:00</sln:miejscIIPWersja><sln:miejscIdTeryt>0667589</sln:miejscIdTeryt><sln:miejscNazwa>Tułkowice</sln:miejscNazwa><sln:miejscRodzaj>Wieś</sln:miejscRodzaj><sln:powIIPId>fa694811-8438-4a7c-a5c7-d66a2f051a1b</sln:powIIPId><sln:powIIPPn>PL.PZGIK.200</sln:powIIPPn><sln:powIIPWersja>2012-09-27T08:01:01+02:00</sln:powIIPWersja><sln:powIdTeryt>1819</sln:powIdTeryt><sln:powNazwa>strzyżowski</sln:powNazwa><sln:waznyOd>2015-10-22T00:00:00+02:00</sln:waznyOd><sln:wojIIPId>833fe14b-fe8e-40c7-9e4e-fc27c938bb11</sln:wojIIPId><sln:wojIIPPn>PL.PZGIK.200</sln:wojIIPPn><sln:wojIIPWersja>2017-10-10T00:00:00+02:00</sln:wojIIPWersja><sln:wojIdTeryt>18</sln:wojIdTeryt><sln:wojNazwa>podkarpackie</sln:wojNazwa></sln:miejscowosc><sln:miejscowosc><sln:cyklZyciaDo>2017-04-18T00:00:00+02:00</sln:cyklZyciaDo><sln:cyklZyciaOd>2015-12-17T00:00:00+01:00</sln:cyklZyciaOd><sln:gmIIPId>aa17955c-ad1d-45ae-8b49-81e59e988092</sln:gmIIPId><sln:gmIIPPn>PL.PZGIK.200</sln:gmIIPPn><sln:gmIIPWersja>2012-09-26T22:07:42+02:00</sln:gmIIPWersja><sln:gmIdTeryt>1819052</sln:gmIdTeryt><sln:gmNazwa>Wiśniowa</sln:gmNazwa><sln:miejscIIPId>9960b8dc-ae9b-493d-aa33-b700ff2edfa7</sln:miejscIIPId><sln:miejscIIPPn>PL.PZGIK.200</sln:miejscIIPPn><sln:miejscIIPWersja>2016-11-24T11:44:18+02:00</sln:miejscIIPWersja><sln:miejscIdTeryt>0667632</sln:miejscIdTeryt><sln:miejscNazwa>Wiśniowa</sln:miejscNazwa><sln:miejscRodzaj>Wieś</sln:miejscRodzaj><sln:powIIPId>fa694811-8438-4a7c-a5c7-d66a2f051a1b</sln:powIIPId><sln:powIIPPn>PL.PZGIK.200</sln:powIIPPn><sln:powIIPWersja>2012-09-27T08:01:01+02:00</sln:powIIPWersja><sln:powIdTeryt>1819</sln:powIdTeryt><sln:powNazwa>strzyżowski</sln:powNazwa><sln:waznyOd>2015-10-22T00:00:00+02:00</sln:waznyOd><sln:wojIIPId>833fe14b-fe8e-40c7-9e4e-fc27c938bb11</sln:wojIIPId><sln:wojIIPPn>PL.PZGIK.200</sln:wojIIPPn><sln:wojIIPWersja>2017-10-10T00:00:00+02:00</sln:wojIIPWersja><sln:wojIdTeryt>18</sln:wojIdTeryt><sln:wojNazwa>podkarpackie</sln:wojNazwa></sln:miejscowosc><sln:miejscowosc><sln:cyklZyciaDo>2017-04-18T00:00:00+02:00</sln:cyklZyciaDo><sln:cyklZyciaOd>2015-12-17T00:00:00+01:00</sln:cyklZyciaOd><sln:gmIIPId>aa17955c-ad1d-45ae-8b49-81e59e988092</sln:gmIIPId><sln:gmIIPPn>PL.PZGIK.200</sln:gmIIPPn><sln:gmIIPWersja>2012-09-26T22:07:42+02:00</sln:gmIIPWersja><sln:gmIdTeryt>1819052</sln:gmIdTeryt><sln:gmNazwa>Wiśniowa</sln:gmNazwa><sln:miejscIIPId>4600b8e9-dc93-47b6-a53a-520a063f4a51</sln:miejscIIPId><sln:miejscIIPPn>PL.PZGIK.200</sln:miejscIIPPn><sln:miejscIIPWersja>2016-11-24T11:44:10+02:00</sln:miejscIIPWersja><sln:miejscIdTeryt>0667320</sln:miejscIdTeryt><sln:miejscNazwa>Pstrągówka</sln:miejscNazwa><sln:miejscRodzaj>Wieś</sln:miejscRodzaj><sln:powIIPId>fa694811-8438-4a7c-a5c7-d66a2f051a1b</sln:powIIPId><sln:powIIPPn>PL.PZGIK.200</sln:powIIPPn><sln:powIIPWersja>2012-09-27T08:01:01+02:00</sln:powIIPWersja><sln:powIdTeryt>1819</sln:powIdTeryt><sln:powNazwa>strzyżowski</sln:powNazwa><sln:waznyOd>2015-10-22T00:00:00+02:00</sln:waznyOd><sln:wojIIPId>833fe14b-fe8e-40c7-9e4e-fc27c938bb11</sln:wojIIPId><sln:wojIIPPn>PL.PZGIK.200</sln:wojIIPPn><sln:wojIIPWersja>2017-10-10T00:00:00+02:00</sln:wojIIPWersja><sln:wojIdTeryt>18</sln:wojIdTeryt><sln:wojNazwa>podkarpackie</sln:wojNazwa></sln:miejscowosc><sln:miejscowosc><sln:cyklZyciaDo>2017-04-18T00:00:00+02:00</sln:cyklZyciaDo><sln:cyklZyciaOd>2015-12-17T00:00:00+01:00</sln:cyklZyciaOd><sln:gmIIPId>aa17955c-ad1d-45ae-8b49-81e59e988092</sln:gmIIPId><sln:gmIIPPn>PL.PZGIK.200</sln:gmIIPPn><sln:gmIIPWersja>2012-09-26T22:07:42+02:00</sln:gmIIPWersja><sln:gmIdTeryt>1819052</sln:gmIdTeryt><sln:gmNazwa>Wiśniowa</sln:gmNazwa><sln:miejscIIPId>4737edb3-997a-4b48-8f19-891827ed6f0d</sln:miejscIIPId><sln:miejscIIPPn>PL.PZGIK.200</sln:miejscIIPPn><sln:miejscIIPWersja>2016-11-24T11:44:12+02:00</sln:miejscIIPWersja><sln:miejscIdTeryt>0667365</sln:miejscIdTeryt><sln:miejscNazwa>Różanka</sln:miejscNazwa><sln:miejscRodzaj>Wieś</sln:miejscRodzaj><sln:powIIPId>fa694811-8438-4a7c-a5c7-d66a2f051a1b</sln:powIIPId><sln:powIIPPn>PL.PZGIK.200</sln:powIIPPn><sln:powIIPWersja>2012-09-27T08:01:01+02:00</sln:powIIPWersja><sln:powIdTeryt>1819</sln:powIdTeryt><sln:powNazwa>strzyżowski</sln:powNazwa><sln:waznyOd>2015-10-22T00:00:00+02:00</sln:waznyOd><sln:wojIIPId>833fe14b-fe8e-40c7-9e4e-fc27c938bb11</sln:wojIIPId><sln:wojIIPPn>PL.PZGIK.200</sln:wojIIPPn><sln:wojIIPWersja>2017-10-10T00:00:00+02:00</sln:wojIIPWersja><sln:wojIdTeryt>18</sln:wojIdTeryt><sln:wojNazwa>podkarpackie</sln:wojNazwa></sln:miejscowosc><sln:miejscowosc><sln:cyklZyciaDo>2015-12-15T00:00:00+01:00</sln:cyklZyciaDo><sln:cyklZyciaOd>2015-12-07T00:00:00+01:00</sln:cyklZyciaOd><sln:gmIIPId>aa17955c-ad1d-45ae-8b49-81e59e988092</sln:gmIIPId><sln:gmIIPPn>PL.PZGIK.200</sln:gmIIPPn><sln:gmIIPWersja>2012-09-26T22:07:42+02:00</sln:gmIIPWersja><sln:gmIdTeryt>1819052</sln:gmIdTeryt><sln:gmNazwa>Wiśniowa</sln:gmNazwa><sln:miejscIIPId>e813e1df-8e88-4cac-b6a1-d728f661f354</sln:miejscIIPId><sln:miejscIIPPn>PL.PZGIK.200</sln:miejscIIPPn><sln:miejscIIPWersja>2016-11-24T11:43:55+02:00</sln:miejscIIPWersja><sln:miejscIdTeryt>0666839</sln:miejscIdTeryt><sln:miejscNazwa>Jaszczurowa</sln:miejscNazwa><sln:miejscRodzaj>Wieś</sln:miejscRodzaj><sln:powIIPId>fa694811-8438-4a7c-a5c7-d66a2f051a1b</sln:powIIPId><sln:powIIPPn>PL.PZGIK.200</sln:powIIPPn><sln:powIIPWersja>2012-09-27T08:01:01+02:00</sln:powIIPWersja><sln:powIdTeryt>1819</sln:powIdTeryt><sln:powNazwa>strzyżowski</sln:powNazwa><sln:waznyOd>2015-10-22T00:00:00+02:00</sln:waznyOd><sln:wojIIPId>833fe14b-fe8e-40c7-9e4e-fc27c938bb11</sln:wojIIPId><sln:wojIIPPn>PL.PZGIK.200</sln:wojIIPPn><sln:wojIIPWersja>2017-10-10T00:00:00+02:00</sln:wojIIPWersja><sln:wojIdTeryt>18</sln:wojIdTeryt><sln:wojNazwa>podkarpackie</sln:wojNazwa></sln:miejscowosc><sln:miejscowosc><sln:cyklZyciaDo>2015-12-15T00:00:00+01:00</sln:cyklZyciaDo><sln:cyklZyciaOd>2015-12-07T00:00:00+01:00</sln:cyklZyciaOd><sln:gmIIPId>aa17955c-ad1d-45ae-8b49-81e59e988092</sln:gmIIPId><sln:gmIIPPn>PL.PZGIK.200</sln:gmIIPPn><sln:gmIIPWersja>2012-09-26T22:07:42+02:00</sln:gmIIPWersja><sln:gmIdTeryt>1819052</sln:gmIdTeryt><sln:gmNazwa>Wiśniowa</sln:gmNazwa><sln:miejscIIPId>1a20ca53-bcd2-42ba-baf1-f14d22813d36</sln:miejscIIPId><sln:miejscIIPPn>PL.PZGIK.200</sln:miejscIIPPn><sln:miejscIIPWersja>2016-11-24T11:43:57+02:00</sln:miejscIIPWersja><sln:miejscIdTeryt>0666905</sln:miejscIdTeryt><sln:miejscNazwa>Jazowa</sln:miejscNazwa><sln:miejscRodzaj>Wieś</sln:miejscRodzaj><sln:powIIPId>fa694811-8438-4a7c-a5c7-d66a2f051a1b</sln:powIIPId><sln:powIIPPn>PL.PZGIK.200</sln:powIIPPn><sln:powIIPWersja>2012-09-27T08:01:01+02:00</sln:powIIPWersja><sln:powIdTeryt>1819</sln:powIdTeryt><sln:powNazwa>strzyżowski</sln:powNazwa><sln:waznyOd>2015-10-22T00:00:00+02:00</sln:waznyOd><sln:wojIIPId>833fe14b-fe8e-40c7-9e4e-fc27c938bb11</sln:wojIIPId><sln:wojIIPPn>PL.PZGIK.200</sln:wojIIPPn><sln:wojIIPWersja>2017-10-10T00:00:00+02:00</sln:wojIIPWersja><sln:wojIdTeryt>18</sln:wojIdTeryt><sln:wojNazwa>podkarpackie</sln:wojNazwa></sln:miejscowosc><sln:miejscowosc><sln:cyklZyciaDo>2015-12-15T00:00:00+01:00</sln:cyklZyciaDo><sln:cyklZyciaOd>2015-12-07T00:00:00+01:00</sln:cyklZyciaOd><sln:gmIIPId>aa17955c-ad1d-45ae-8b49-81e59e988092</sln:gmIIPId><sln:gmIIPPn>PL.PZGIK.200</sln:gmIIPPn><sln:gmIIPWersja>2012-09-26T22:07:42+02:00</sln:gmIIPWersja><sln:gmIdTeryt>1819052</sln:gmIdTeryt><sln:gmNazwa>Wiśniowa</sln:gmNazwa><sln:miejscIIPId>03be6546-07e6-4acb-84f9-246a3ed55f0a</sln:miejscIIPId><sln:miejscIIPPn>PL.PZGIK.200</sln:miejscIIPPn><sln:miejscIIPWersja>2016-11-24T11:44:01+02:00</sln:miejscIIPWersja><sln:miejscIdTeryt>0667000</sln:miejscIdTeryt><sln:miejscNazwa>Kozłówek</sln:miejscNazwa><sln:miejscRodzaj>Wieś</sln:miejscRodzaj><sln:powIIPId>fa694811-8438-4a7c-a5c7-d66a2f051a1b</sln:powIIPId><sln:powIIPPn>PL.PZGIK.200</sln:powIIPPn><sln:powIIPWersja>2012-09-27T08:01:01+02:00</sln:powIIPWersja><sln:powIdTeryt>1819</sln:powIdTeryt><sln:powNazwa>strzyżowski</sln:powNazwa><sln:waznyOd>2015-10-22T00:00:00+02:00</sln:waznyOd><sln:wojIIPId>833fe14b-fe8e-40c7-9e4e-fc27c938bb11</sln:wojIIPId><sln:wojIIPPn>PL.PZGIK.200</sln:wojIIPPn><sln:wojIIPWersja>2017-10-10T00:00:00+02:00</sln:wojIIPWersja><sln:wojIdTeryt>18</sln:wojIdTeryt><sln:wojNazwa>podkarpackie</sln:wojNazwa></sln:miejscowosc><sln:miejscowosc><sln:cyklZyciaDo>2015-12-15T00:00:00+01:00</sln:cyklZyciaDo><sln:cyklZyciaOd>2015-12-07T00:00:00+01:00</sln:cyklZyciaOd><sln:gmIIPId>aa17955c-ad1d-45ae-8b49-81e59e988092</sln:gmIIPId><sln:gmIIPPn>PL.PZGIK.200</sln:gmIIPPn><sln:gmIIPWersja>2012-09-26T22:07:42+02:00</sln:gmIIPWersja><sln:gmIdTeryt>1819052</sln:gmIdTeryt><sln:gmNazwa>Wiśniowa</sln:gmNazwa><sln:miejscIIPId>0071a7f6-28e3-4db0-8f5f-3ef1ac301d6d</sln:miejscIIPId><sln:miejscIIPPn>PL.PZGIK.200</sln:miejscIIPPn><sln:miejscIIPWersja>2016-11-24T11:44:03+02:00</sln:miejscIIPWersja><sln:miejscIdTeryt>0667030</sln:miejscIdTeryt><sln:miejscNazwa>Kożuchów</sln:miejscNazwa><sln:miejscRodzaj>Wieś</sln:miejscRodzaj><sln:powIIPId>fa694811-8438-4a7c-a5c7-d66a2f051a1b</sln:powIIPId><sln:powIIPPn>PL.PZGIK.200</sln:powIIPPn><sln:powIIPWersja>2012-09-27T08:01:01+02:00</sln:powIIPWersja><sln:powIdTeryt>1819</sln:powIdTeryt><sln:powNazwa>strzyżowski</sln:powNazwa><sln:waznyOd>2015-10-22T00:00:00+02:00</sln:waznyOd><sln:wojIIPId>833fe14b-fe8e-40c7-9e4e-fc27c938bb11</sln:wojIIPId><sln:wojIIPPn>PL.PZGIK.200</sln:wojIIPPn><sln:wojIIPWersja>2017-10-10T00:00:00+02:00</sln:wojIIPWersja><sln:wojIdTeryt>18</sln:wojIdTeryt><sln:wojNazwa>podkarpackie</sln:wojNazwa></sln:miejscowosc><sln:miejscowosc><sln:cyklZyciaDo>2015-12-15T00:00:00+01:00</sln:cyklZyciaDo><sln:cyklZyciaOd>2015-12-07T00:00:00+01:00</sln:cyklZyciaOd><sln:gmIIPId>aa17955c-ad1d-45ae-8b49-81e59e988092</sln:gmIIPId><sln:gmIIPPn>PL.PZGIK.200</sln:gmIIPPn><sln:gmIIPWersja>2012-09-26T22:07:42+02:00</sln:gmIIPWersja><sln:gmIdTeryt>1819052</sln:gmIdTeryt><sln:gmNazwa>Wiśniowa</sln:gmNazwa><sln:miejscIIPId>b94947bf-4e14-422e-8686-6eacd42b6bd5</sln:miejscIIPId><sln:miejscIIPPn>PL.PZGIK.200</sln:miejscIIPPn><sln:miejscIIPWersja>2016-11-24T11:44:05+02:00</sln:miejscIIPWersja><sln:miejscIdTeryt>0667129</sln:miejscIdTeryt><sln:miejscNazwa>Markuszowa</sln:miejscNazwa><sln:miejscRodzaj>Wieś</sln:miejscRodzaj><sln:powIIPId>fa694811-8438-4a7c-a5c7-d66a2f051a1b</sln:powIIPId><sln:powIIPPn>PL.PZGIK.200</sln:powIIPPn><sln:powIIPWersja>2012-09-27T08:01:01+02:00</sln:powIIPWersja><sln:powIdTeryt>1819</sln:powIdTeryt><sln:powNazwa>strzyżowski</sln:powNazwa><sln:waznyOd>2015-10-22T00:00:00+02:00</sln:waznyOd><sln:wojIIPId>833fe14b-fe8e-40c7-9e4e-fc27c938bb11</sln:wojIIPId><sln:wojIIPPn>PL.PZGIK.200</sln:wojIIPPn><sln:wojIIPWersja>2017-10-10T00:00:00+02:00</sln:wojIIPWersja><sln:wojIdTeryt>18</sln:wojIdTeryt><sln:wojNazwa>podkarpackie</sln:wojNazwa></sln:miejscowosc><sln:miejscowosc><sln:cyklZyciaDo>2015-12-15T00:00:00+01:00</sln:cyklZyciaDo><sln:cyklZyciaOd>2015-12-07T00:00:00+01:00</sln:cyklZyciaOd><sln:gmIIPId>aa17955c-ad1d-45ae-8b49-81e59e988092</sln:gmIIPId><sln:gmIIPPn>PL.PZGIK.200</sln:gmIIPPn><sln:gmIIPWersja>2012-09-26T22:07:42+02:00</sln:gmIIPWersja><sln:gmIdTeryt>1819052</sln:gmIdTeryt><sln:gmNazwa>Wiśniowa</sln:gmNazwa><sln:miejscIIPId>59c600e5-ad17-4d21-9552-6acc2bd61a13</sln:miejscIIPId><sln:miejscIIPPn>PL.PZGIK.200</sln:miejscIIPPn><sln:miejscIIPWersja>2016-11-24T11:44:07+02:00</sln:miejscIIPWersja><sln:miejscIdTeryt>0667201</sln:miejscIdTeryt><sln:miejscNazwa>Niewodna</sln:miejscNazwa><sln:miejscRodzaj>Wieś</sln:miejscRodzaj><sln:powIIPId>fa694811-8438-4a7c-a5c7-d66a2f051a1b</sln:powIIPId><sln:powIIPPn>PL.PZGIK.200</sln:powIIPPn><sln:powIIPWersja>2012-09-27T08:01:01+02:00</sln:powIIPWersja><sln:powIdTeryt>1819</sln:powIdTeryt><sln:powNazwa>strzyżowski</sln:powNazwa><sln:waznyOd>2015-10-22T00:00:00+02:00</sln:waznyOd><sln:wojIIPId>833fe14b-fe8e-40c7-9e4e-fc27c938bb11</sln:wojIIPId><sln:wojIIPPn>PL.PZGIK.200</sln:wojIIPPn><sln:wojIIPWersja>2017-10-10T00:00:00+02:00</sln:wojIIPWersja><sln:wojIdTeryt>18</sln:wojIdTeryt><sln:wojNazwa>podkarpackie</sln:wojNazwa></sln:miejscowosc><sln:miejscowosc><sln:cyklZyciaDo>2015-12-15T00:00:00+01:00</sln:cyklZyciaDo><sln:cyklZyciaOd>2015-12-07T00:00:00+01:00</sln:cyklZyciaOd><sln:gmIIPId>aa17955c-ad1d-45ae-8b49-81e59e988092</sln:gmIIPId><sln:gmIIPPn>PL.PZGIK.200</sln:gmIIPPn><sln:gmIIPWersja>2012-09-26T22:07:42+02:00</sln:gmIIPWersja><sln:gmIdTeryt>1819052</sln:gmIdTeryt><sln:gmNazwa>Wiśniowa</sln:gmNazwa><sln:miejscIIPId>be14a133-4c8f-4d43-9c43-87f920508cb7</sln:miejscIIPId><sln:miejscIIPPn>PL.PZGIK.200</sln:miejscIIPPn><sln:miejscIIPWersja>2016-11-24T11:44:09+02:00</sln:miejscIIPWersja><sln:miejscIdTeryt>0667276</sln:miejscIdTeryt><sln:miejscNazwa>Oparówka</sln:miejscNazwa><sln:miejscRodzaj>Wieś</sln:miejscRodzaj><sln:powIIPId>fa694811-8438-4a7c-a5c7-d66a2f051a1b</sln:powIIPId><sln:powIIPPn>PL.PZGIK.200</sln:powIIPPn><sln:powIIPWersja>2012-09-27T08:01:01+02:00</sln:powIIPWersja><sln:powIdTeryt>1819</sln:powIdTeryt><sln:powNazwa>strzyżowski</sln:powNazwa><sln:waznyOd>2015-10-22T00:00:00+02:00</sln:waznyOd><sln:wojIIPId>833fe14b-fe8e-40c7-9e4e-fc27c938bb11</sln:wojIIPId><sln:wojIIPPn>PL.PZGIK.200</sln:wojIIPPn><sln:wojIIPWersja>2017-10-10T00:00:00+02:00</sln:wojIIPWersja><sln:wojIdTeryt>18</sln:wojIdTeryt><sln:wojNazwa>podkarpackie</sln:wojNazwa></sln:miejscowosc><sln:miejscowosc><sln:cyklZyciaDo>2015-12-15T00:00:00+01:00</sln:cyklZyciaDo><sln:cyklZyciaOd>2015-12-07T00:00:00+01:00</sln:cyklZyciaOd><sln:gmIIPId>aa17955c-ad1d-45ae-8b49-81e59e988092</sln:gmIIPId><sln:gmIIPPn>PL.PZGIK.200</sln:gmIIPPn><sln:gmIIPWersja>2012-09-26T22:07:42+02:00</sln:gmIIPWersja><sln:gmIdTeryt>1819052</sln:gmIdTeryt><sln:gmNazwa>Wiśniowa</sln:gmNazwa><sln:miejscIIPId>4600b8e9-dc93-47b6-a53a-520a063f4a51</sln:miejscIIPId><sln:miejscIIPPn>PL.PZGIK.200</sln:miejscIIPPn><sln:miejscIIPWersja>2016-11-24T11:44:11+02:00</sln:miejscIIPWersja><sln:miejscIdTeryt>0667320</sln:miejscIdTeryt><sln:miejscNazwa>Pstrągówka</sln:miejscNazwa><sln:miejscRodzaj>Wieś</sln:miejscRodzaj><sln:powIIPId>fa694811-8438-4a7c-a5c7-d66a2f051a1b</sln:powIIPId><sln:powIIPPn>PL.PZGIK.200</sln:powIIPPn><sln:powIIPWersja>2012-09-27T08:01:01+02:00</sln:powIIPWersja><sln:powIdTeryt>1819</sln:powIdTeryt><sln:powNazwa>strzyżowski</sln:powNazwa><sln:waznyOd>2015-10-22T00:00:00+02:00</sln:waznyOd><sln:wojIIPId>833fe14b-fe8e-40c7-9e4e-fc27c938bb11</sln:wojIIPId><sln:wojIIPPn>PL.PZGIK.200</sln:wojIIPPn><sln:wojIIPWersja>2017-10-10T00:00:00+02:00</sln:wojIIPWersja><sln:wojIdTeryt>18</sln:wojIdTeryt><sln:wojNazwa>podkarpackie</sln:wojNazwa></sln:miejscowosc><sln:miejscowosc><sln:cyklZyciaDo>2015-12-15T00:00:00+01:00</sln:cyklZyciaDo><sln:cyklZyciaOd>2015-12-07T00:00:00+01:00</sln:cyklZyciaOd><sln:gmIIPId>aa17955c-ad1d-45ae-8b49-81e59e988092</sln:gmIIPId><sln:gmIIPPn>PL.PZGIK.200</sln:gmIIPPn><sln:gmIIPWersja>2012-09-26T22:07:42+02:00</sln:gmIIPWersja><sln:gmIdTeryt>1819052</sln:gmIdTeryt><sln:gmNazwa>Wiśniowa</sln:gmNazwa><sln:miejscIIPId>4737edb3-997a-4b48-8f19-891827ed6f0d</sln:miejscIIPId><sln:miejscIIPPn>PL.PZGIK.200</sln:miejscIIPPn><sln:miejscIIPWersja>2016-11-24T11:44:13+02:00</sln:miejscIIPWersja><sln:miejscIdTeryt>0667365</sln:miejscIdTeryt><sln:miejscNazwa>Różanka</sln:miejscNazwa><sln:miejscRodzaj>Wieś</sln:miejscRodzaj><sln:powIIPId>fa694811-8438-4a7c-a5c7-d66a2f051a1b</sln:powIIPId><sln:powIIPPn>PL.PZGIK.200</sln:powIIPPn><sln:powIIPWersja>2012-09-27T08:01:01+02:00</sln:powIIPWersja><sln:powIdTeryt>1819</sln:powIdTeryt><sln:powNazwa>strzyżowski</sln:powNazwa><sln:waznyOd>2015-10-22T00:00:00+02:00</sln:waznyOd><sln:wojIIPId>833fe14b-fe8e-40c7-9e4e-fc27c938bb11</sln:wojIIPId><sln:wojIIPPn>PL.PZGIK.200</sln:wojIIPPn><sln:wojIIPWersja>2017-10-10T00:00:00+02:00</sln:wojIIPWersja><sln:wojIdTeryt>18</sln:wojIdTeryt><sln:wojNazwa>podkarpackie</sln:wojNazwa></sln:miejscowosc><sln:miejscowosc><sln:cyklZyciaDo>2015-12-15T00:00:00+01:00</sln:cyklZyciaDo><sln:cyklZyciaOd>2015-12-07T00:00:00+01:00</sln:cyklZyciaOd><sln:gmIIPId>aa17955c-ad1d-45ae-8b49-81e59e988092</sln:gmIIPId><sln:gmIIPPn>PL.PZGIK.200</sln:gmIIPPn><sln:gmIIPWersja>2012-09-26T22:07:42+02:00</sln:gmIIPWersja><sln:gmIdTeryt>1819052</sln:gmIdTeryt><sln:gmNazwa>Wiśniowa</sln:gmNazwa><sln:miejscIIPId>4a52b817-43ec-491f-91b3-6dfe3205819f</sln:miejscIIPId><sln:miejscIIPPn>PL.PZGIK.200</sln:miejscIIPPn><sln:miejscIIPWersja>2016-11-24T11:44:15+02:00</sln:miejscIIPWersja><sln:miejscIdTeryt>0667425</sln:miejscIdTeryt><sln:miejscNazwa>Szufnarowa</sln:miejscNazwa><sln:miejscRodzaj>Wieś</sln:miejscRodzaj><sln:powIIPId>fa694811-8438-4a7c-a5c7-d66a2f051a1b</sln:powIIPId><sln:powIIPPn>PL.PZGIK.200</sln:powIIPPn><sln:powIIPWersja>2012-09-27T08:01:01+02:00</sln:powIIPWersja><sln:powIdTeryt>1819</sln:powIdTeryt><sln:powNazwa>strzyżowski</sln:powNazwa><sln:waznyOd>2015-10-22T00:00:00+02:00</sln:waznyOd><sln:wojIIPId>833fe14b-fe8e-40c7-9e4e-fc27c938bb11</sln:wojIIPId><sln:wojIIPPn>PL.PZGIK.200</sln:wojIIPPn><sln:wojIIPWersja>2017-10-10T00:00:00+02:00</sln:wojIIPWersja><sln:wojIdTeryt>18</sln:wojIdTeryt><sln:wojNazwa>podkarpackie</sln:wojNazwa></sln:miejscowosc><sln:miejscowosc><sln:cyklZyciaDo>2015-12-15T00:00:00+01:00</sln:cyklZyciaDo><sln:cyklZyciaOd>2015-12-07T00:00:00+01:00</sln:cyklZyciaOd><sln:gmIIPId>aa17955c-ad1d-45ae-8b49-81e59e988092</sln:gmIIPId><sln:gmIIPPn>PL.PZGIK.200</sln:gmIIPPn><sln:gmIIPWersja>2012-09-26T22:07:42+02:00</sln:gmIIPWersja><sln:gmIdTeryt>1819052</sln:gmIdTeryt><sln:gmNazwa>Wiśniowa</sln:gmNazwa><sln:miejscIIPId>19aad39d-5319-4cb1-87dd-571b20e8c5da</sln:miejscIIPId><sln:miejscIIPPn>PL.PZGIK.200</sln:miejscIIPPn><sln:miejscIIPWersja>2016-11-24T11:44:17+02:00</sln:miejscIIPWersja><sln:miejscIdTeryt>0667589</sln:miejscIdTeryt><sln:miejscNazwa>Tułkowice</sln:miejscNazwa><sln:miejscRodzaj>Wieś</sln:miejscRodzaj><sln:powIIPId>fa694811-8438-4a7c-a5c7-d66a2f051a1b</sln:powIIPId><sln:powIIPPn>PL.PZGIK.200</sln:powIIPPn><sln:powIIPWersja>2012-09-27T08:01:01+02:00</sln:powIIPWersja><sln:powIdTeryt>1819</sln:powIdTeryt><sln:powNazwa>strzyżowski</sln:powNazwa><sln:waznyOd>2015-10-22T00:00:00+02:00</sln:waznyOd><sln:wojIIPId>833fe14b-fe8e-40c7-9e4e-fc27c938bb11</sln:wojIIPId><sln:wojIIPPn>PL.PZGIK.200</sln:wojIIPPn><sln:wojIIPWersja>2017-10-10T00:00:00+02:00</sln:wojIIPWersja><sln:wojIdTeryt>18</sln:wojIdTeryt><sln:wojNazwa>podkarpackie</sln:wojNazwa></sln:miejscowosc><sln:miejscowosc><sln:cyklZyciaDo>2015-12-15T00:00:00+01:00</sln:cyklZyciaDo><sln:cyklZyciaOd>2015-12-07T00:00:00+01:00</sln:cyklZyciaOd><sln:gmIIPId>aa17955c-ad1d-45ae-8b49-81e59e988092</sln:gmIIPId><sln:gmIIPPn>PL.PZGIK.200</sln:gmIIPPn><sln:gmIIPWersja>2012-09-26T22:07:42+02:00</sln:gmIIPWersja><sln:gmIdTeryt>1819052</sln:gmIdTeryt><sln:gmNazwa>Wiśniowa</sln:gmNazwa><sln:miejscIIPId>9960b8dc-ae9b-493d-aa33-b700ff2edfa7</sln:miejscIIPId><sln:miejscIIPPn>PL.PZGIK.200</sln:miejscIIPPn><sln:miejscIIPWersja>2016-11-24T11:44:19+02:00</sln:miejscIIPWersja><sln:miejscIdTeryt>0667632</sln:miejscIdTeryt><sln:miejscNazwa>Wiśniowa</sln:miejscNazwa><sln:miejscRodzaj>Wieś</sln:miejscRodzaj><sln:powIIPId>fa694811-8438-4a7c-a5c7-d66a2f051a1b</sln:powIIPId><sln:powIIPPn>PL.PZGIK.200</sln:powIIPPn><sln:powIIPWersja>2012-09-27T08:01:01+02:00</sln:powIIPWersja><sln:powIdTeryt>1819</sln:powIdTeryt><sln:powNazwa>strzyżowski</sln:powNazwa><sln:waznyOd>2015-10-22T00:00:00+02:00</sln:waznyOd><sln:wojIIPId>833fe14b-fe8e-40c7-9e4e-fc27c938bb11</sln:wojIIPId><sln:wojIIPPn>PL.PZGIK.200</sln:wojIIPPn><sln:wojIIPWersja>2017-10-10T00:00:00+02:00</sln:wojIIPWersja><sln:wojIdTeryt>18</sln:wojIdTeryt><sln:wojNazwa>podkarpackie</sln:wojNazwa></sln:miejscowosc><sln:miejscowosc><sln:cyklZyciaDo>2015-12-15T00:00:00+01:00</sln:cyklZyciaDo><sln:cyklZyciaOd>2015-12-07T00:00:00+01:00</sln:cyklZyciaOd><sln:gmIIPId>aa17955c-ad1d-45ae-8b49-81e59e988092</sln:gmIIPId><sln:gmIIPPn>PL.PZGIK.200</sln:gmIIPPn><sln:gmIIPWersja>2012-09-26T22:07:42+02:00</sln:gmIIPWersja><sln:gmIdTeryt>1819052</sln:gmIdTeryt><sln:gmNazwa>Wiśniowa</sln:gmNazwa><sln:miejscIIPId>dfd31ab1-ac27-49fa-994e-69779e5e6274</sln:miejscIIPId><sln:miejscIIPPn>PL.PZGIK.200</sln:miejscIIPPn><sln:miejscIIPWersja>2016-11-24T11:43:59+02:00</sln:miejscIIPWersja><sln:miejscIdTeryt>0666957</sln:miejscIdTeryt><sln:miejscNazwa>Kalembina</sln:miejscNazwa><sln:miejscRodzaj>Wieś</sln:miejscRodzaj><sln:powIIPId>fa694811-8438-4a7c-a5c7-d66a2f051a1b</sln:powIIPId><sln:powIIPPn>PL.PZGIK.200</sln:powIIPPn><sln:powIIPWersja>2012-09-27T08:01:01+02:00</sln:powIIPWersja><sln:powIdTeryt>1819</sln:powIdTeryt><sln:powNazwa>strzyżowski</sln:powNazwa><sln:waznyOd>2015-10-22T00:00:00+02:00</sln:waznyOd><sln:wojIIPId>833fe14b-fe8e-40c7-9e4e-fc27c938bb11</sln:wojIIPId><sln:wojIIPPn>PL.PZGIK.200</sln:wojIIPPn><sln:wojIIPWersja>2017-10-10T00:00:00+02:00</sln:wojIIPWersja><sln:wojIdTeryt>18</sln:wojIdTeryt><sln:wojNazwa>podkarpackie</sln:wojNazwa></sln:miejscowosc><sln:miejscowosc><sln:cyklZyciaDo>2015-12-17T00:00:00+01:00</sln:cyklZyciaDo><sln:cyklZyciaOd>2015-12-15T00:00:00+01:00</sln:cyklZyciaOd><sln:gmIIPId>aa17955c-ad1d-45ae-8b49-81e59e988092</sln:gmIIPId><sln:gmIIPPn>PL.PZGIK.200</sln:gmIIPPn><sln:gmIIPWersja>2012-09-26T22:07:42+02:00</sln:gmIIPWersja><sln:gmIdTeryt>1819052</sln:gmIdTeryt><sln:gmNazwa>Wiśniowa</sln:gmNazwa><sln:miejscIIPId>e813e1df-8e88-4cac-b6a1-d728f661f354</sln:miejscIIPId><sln:miejscIIPPn>PL.PZGIK.200</sln:miejscIIPPn><sln:miejscIIPWersja>2016-11-24T11:43:56+02:00</sln:miejscIIPWersja><sln:miejscIdTeryt>0666839</sln:miejscIdTeryt><sln:miejscNazwa>Jaszczurowa</sln:miejscNazwa><sln:miejscRodzaj>Wieś</sln:miejscRodzaj><sln:powIIPId>fa694811-8438-4a7c-a5c7-d66a2f051a1b</sln:powIIPId><sln:powIIPPn>PL.PZGIK.200</sln:powIIPPn><sln:powIIPWersja>2012-09-27T08:01:01+02:00</sln:powIIPWersja><sln:powIdTeryt>1819</sln:powIdTeryt><sln:powNazwa>strzyżowski</sln:powNazwa><sln:waznyOd>2015-10-22T00:00:00+02:00</sln:waznyOd><sln:wojIIPId>833fe14b-fe8e-40c7-9e4e-fc27c938bb11</sln:wojIIPId><sln:wojIIPPn>PL.PZGIK.200</sln:wojIIPPn><sln:wojIIPWersja>2017-10-10T00:00:00+02:00</sln:wojIIPWersja><sln:wojIdTeryt>18</sln:wojIdTeryt><sln:wojNazwa>podkarpackie</sln:wojNazwa></sln:miejscowosc><sln:miejscowosc><sln:cyklZyciaDo>2015-12-17T00:00:00+01:00</sln:cyklZyciaDo><sln:cyklZyciaOd>2015-12-15T00:00:00+01:00</sln:cyklZyciaOd><sln:gmIIPId>aa17955c-ad1d-45ae-8b49-81e59e988092</sln:gmIIPId><sln:gmIIPPn>PL.PZGIK.200</sln:gmIIPPn><sln:gmIIPWersja>2012-09-26T22:07:42+02:00</sln:gmIIPWersja><sln:gmIdTeryt>1819052</sln:gmIdTeryt><sln:gmNazwa>Wiśniowa</sln:gmNazwa><sln:miejscIIPId>1a20ca53-bcd2-42ba-baf1-f14d22813d36</sln:miejscIIPId><sln:miejscIIPPn>PL.PZGIK.200</sln:miejscIIPPn><sln:miejscIIPWersja>2016-11-24T11:43:58+02:00</sln:miejscIIPWersja><sln:miejscIdTeryt>0666905</sln:miejscIdTeryt><sln:miejscNazwa>Jazowa</sln:miejscNazwa><sln:miejscRodzaj>Wieś</sln:miejscRodzaj><sln:powIIPId>fa694811-8438-4a7c-a5c7-d66a2f051a1b</sln:powIIPId><sln:powIIPPn>PL.PZGIK.200</sln:powIIPPn><sln:powIIPWersja>2012-09-27T08:01:01+02:00</sln:powIIPWersja><sln:powIdTeryt>1819</sln:powIdTeryt><sln:powNazwa>strzyżowski</sln:powNazwa><sln:waznyOd>2015-10-22T00:00:00+02:00</sln:waznyOd><sln:wojIIPId>833fe14b-fe8e-40c7-9e4e-fc27c938bb11</sln:wojIIPId><sln:wojIIPPn>PL.PZGIK.200</sln:wojIIPPn><sln:wojIIPWersja>2017-10-10T00:00:00+02:00</sln:wojIIPWersja><sln:wojIdTeryt>18</sln:wojIdTeryt><sln:wojNazwa>podkarpackie</sln:wojNazwa></sln:miejscowosc><sln:miejscowosc><sln:cyklZyciaDo>2015-12-17T00:00:00+01:00</sln:cyklZyciaDo><sln:cyklZyciaOd>2015-12-15T00:00:00+01:00</sln:cyklZyciaOd><sln:gmIIPId>aa17955c-ad1d-45ae-8b49-81e59e988092</sln:gmIIPId><sln:gmIIPPn>PL.PZGIK.200</sln:gmIIPPn><sln:gmIIPWersja>2012-09-26T22:07:42+02:00</sln:gmIIPWersja><sln:gmIdTeryt>1819052</sln:gmIdTeryt><sln:gmNazwa>Wiśniowa</sln:gmNazwa><sln:miejscIIPId>dfd31ab1-ac27-49fa-994e-69779e5e6274</sln:miejscIIPId><sln:miejscIIPPn>PL.PZGIK.200</sln:miejscIIPPn><sln:miejscIIPWersja>2016-11-24T11:44:00+02:00</sln:miejscIIPWersja><sln:miejscIdTeryt>0666957</sln:miejscIdTeryt><sln:miejscNazwa>Kalembina</sln:miejscNazwa><sln:miejscRodzaj>Wieś</sln:miejscRodzaj><sln:powIIPId>fa694811-8438-4a7c-a5c7-d66a2f051a1b</sln:powIIPId><sln:powIIPPn>PL.PZGIK.200</sln:powIIPPn><sln:powIIPWersja>2012-09-27T08:01:01+02:00</sln:powIIPWersja><sln:powIdTeryt>1819</sln:powIdTeryt><sln:powNazwa>strzyżowski</sln:powNazwa><sln:waznyOd>2015-10-22T00:00:00+02:00</sln:waznyOd><sln:wojIIPId>833fe14b-fe8e-40c7-9e4e-fc27c938bb11</sln:wojIIPId><sln:wojIIPPn>PL.PZGIK.200</sln:wojIIPPn><sln:wojIIPWersja>2017-10-10T00:00:00+02:00</sln:wojIIPWersja><sln:wojIdTeryt>18</sln:wojIdTeryt><sln:wojNazwa>podkarpackie</sln:wojNazwa></sln:miejscowosc><sln:miejscowosc><sln:cyklZyciaDo>2015-12-17T00:00:00+01:00</sln:cyklZyciaDo><sln:cyklZyciaOd>2015-12-15T00:00:00+01:00</sln:cyklZyciaOd><sln:gmIIPId>aa17955c-ad1d-45ae-8b49-81e59e988092</sln:gmIIPId><sln:gmIIPPn>PL.PZGIK.200</sln:gmIIPPn><sln:gmIIPWersja>2012-09-26T22:07:42+02:00</sln:gmIIPWersja><sln:gmIdTeryt>1819052</sln:gmIdTeryt><sln:gmNazwa>Wiśniowa</sln:gmNazwa><sln:miejscIIPId>b94947bf-4e14-422e-8686-6eacd42b6bd5</sln:miejscIIPId><sln:miejscIIPPn>PL.PZGIK.200</sln:miejscIIPPn><sln:miejscIIPWersja>2016-11-24T11:44:06+02:00</sln:miejscIIPWersja><sln:miejscIdTeryt>0667129</sln:miejscIdTeryt><sln:miejscNazwa>Markuszowa</sln:miejscNazwa><sln:miejscRodzaj>Wieś</sln:miejscRodzaj><sln:powIIPId>fa694811-8438-4a7c-a5c7-d66a2f051a1b</sln:powIIPId><sln:powIIPPn>PL.PZGIK.200</sln:powIIPPn><sln:powIIPWersja>2012-09-27T08:01:01+02:00</sln:powIIPWersja><sln:powIdTeryt>1819</sln:powIdTeryt><sln:powNazwa>strzyżowski</sln:powNazwa><sln:waznyOd>2015-10-22T00:00:00+02:00</sln:waznyOd><sln:wojIIPId>833fe14b-fe8e-40c7-9e4e-fc27c938bb11</sln:wojIIPId><sln:wojIIPPn>PL.PZGIK.200</sln:wojIIPPn><sln:wojIIPWersja>2017-10-10T00:00:00+02:00</sln:wojIIPWersja><sln:wojIdTeryt>18</sln:wojIdTeryt><sln:wojNazwa>podkarpackie</sln:wojNazwa></sln:miejscowosc><sln:miejscowosc><sln:cyklZyciaDo>2015-12-17T00:00:00+01:00</sln:cyklZyciaDo><sln:cyklZyciaOd>2015-12-15T00:00:00+01:00</sln:cyklZyciaOd><sln:gmIIPId>aa17955c-ad1d-45ae-8b49-81e59e988092</sln:gmIIPId><sln:gmIIPPn>PL.PZGIK.200</sln:gmIIPPn><sln:gmIIPWersja>2012-09-26T22:07:42+02:00</sln:gmIIPWersja><sln:gmIdTeryt>1819052</sln:gmIdTeryt><sln:gmNazwa>Wiśniowa</sln:gmNazwa><sln:miejscIIPId>59c600e5-ad17-4d21-9552-6acc2bd61a13</sln:miejscIIPId><sln:miejscIIPPn>PL.PZGIK.200</sln:miejscIIPPn><sln:miejscIIPWersja>2016-11-24T11:44:08+02:00</sln:miejscIIPWersja><sln:miejscIdTeryt>0667201</sln:miejscIdTeryt><sln:miejscNazwa>Niewodna</sln:miejscNazwa><sln:miejscRodzaj>Wieś</sln:miejscRodzaj><sln:powIIPId>fa694811-8438-4a7c-a5c7-d66a2f051a1b</sln:powIIPId><sln:powIIPPn>PL.PZGIK.200</sln:powIIPPn><sln:powIIPWersja>2012-09-27T08:01:01+02:00</sln:powIIPWersja><sln:powIdTeryt>1819</sln:powIdTeryt><sln:powNazwa>strzyżowski</sln:powNazwa><sln:waznyOd>2015-10-22T00:00:00+02:00</sln:waznyOd><sln:wojIIPId>833fe14b-fe8e-40c7-9e4e-fc27c938bb11</sln:wojIIPId><sln:wojIIPPn>PL.PZGIK.200</sln:wojIIPPn><sln:wojIIPWersja>2017-10-10T00:00:00+02:00</sln:wojIIPWersja><sln:wojIdTeryt>18</sln:wojIdTeryt><sln:wojNazwa>podkarpackie</sln:wojNazwa></sln:miejscowosc><sln:miejscowosc><sln:cyklZyciaDo>2015-12-17T00:00:00+01:00</sln:cyklZyciaDo><sln:cyklZyciaOd>2015-12-15T00:00:00+01:00</sln:cyklZyciaOd><sln:gmIIPId>aa17955c-ad1d-45ae-8b49-81e59e988092</sln:gmIIPId><sln:gmIIPPn>PL.PZGIK.200</sln:gmIIPPn><sln:gmIIPWersja>2012-09-26T22:07:42+02:00</sln:gmIIPWersja><sln:gmIdTeryt>1819052</sln:gmIdTeryt><sln:gmNazwa>Wiśniowa</sln:gmNazwa><sln:miejscIIPId>be14a133-4c8f-4d43-9c43-87f920508cb7</sln:miejscIIPId><sln:miejscIIPPn>PL.PZGIK.200</sln:miejscIIPPn><sln:miejscIIPWersja>2016-11-24T11:44:10+02:00</sln:miejscIIPWersja><sln:miejscIdTeryt>0667276</sln:miejscIdTeryt><sln:miejscNazwa>Oparówka</sln:miejscNazwa><sln:miejscRodzaj>Wieś</sln:miejscRodzaj><sln:powIIPId>fa694811-8438-4a7c-a5c7-d66a2f051a1b</sln:powIIPId><sln:powIIPPn>PL.PZGIK.200</sln:powIIPPn><sln:powIIPWersja>2012-09-27T08:01:01+02:00</sln:powIIPWersja><sln:powIdTeryt>1819</sln:powIdTeryt><sln:powNazwa>strzyżowski</sln:powNazwa><sln:waznyOd>2015-10-22T00:00:00+02:00</sln:waznyOd><sln:wojIIPId>833fe14b-fe8e-40c7-9e4e-fc27c938bb11</sln:wojIIPId><sln:wojIIPPn>PL.PZGIK.200</sln:wojIIPPn><sln:wojIIPWersja>2017-10-10T00:00:00+02:00</sln:wojIIPWersja><sln:wojIdTeryt>18</sln:wojIdTeryt><sln:wojNazwa>podkarpackie</sln:wojNazwa></sln:miejscowosc><sln:miejscowosc><sln:cyklZyciaDo>2015-12-17T00:00:00+01:00</sln:cyklZyciaDo><sln:cyklZyciaOd>2015-12-15T00:00:00+01:00</sln:cyklZyciaOd><sln:gmIIPId>aa17955c-ad1d-45ae-8b49-81e59e988092</sln:gmIIPId><sln:gmIIPPn>PL.PZGIK.200</sln:gmIIPPn><sln:gmIIPWersja>2012-09-26T22:07:42+02:00</sln:gmIIPWersja><sln:gmIdTeryt>1819052</sln:gmIdTeryt><sln:gmNazwa>Wiśniowa</sln:gmNazwa><sln:miejscIIPId>4600b8e9-dc93-47b6-a53a-520a063f4a51</sln:miejscIIPId><sln:miejscIIPPn>PL.PZGIK.200</sln:miejscIIPPn><sln:miejscIIPWersja>2016-11-24T11:44:12+02:00</sln:miejscIIPWersja><sln:miejscIdTeryt>0667320</sln:miejscIdTeryt><sln:miejscNazwa>Pstrągówka</sln:miejscNazwa><sln:miejscRodzaj>Wieś</sln:miejscRodzaj><sln:powIIPId>fa694811-8438-4a7c-a5c7-d66a2f051a1b</sln:powIIPId><sln:powIIPPn>PL.PZGIK.200</sln:powIIPPn><sln:powIIPWersja>2012-09-27T08:01:01+02:00</sln:powIIPWersja><sln:powIdTeryt>1819</sln:powIdTeryt><sln:powNazwa>strzyżowski</sln:powNazwa><sln:waznyOd>2015-10-22T00:00:00+02:00</sln:waznyOd><sln:wojIIPId>833fe14b-fe8e-40c7-9e4e-fc27c938bb11</sln:wojIIPId><sln:wojIIPPn>PL.PZGIK.200</sln:wojIIPPn><sln:wojIIPWersja>2017-10-10T00:00:00+02:00</sln:wojIIPWersja><sln:wojIdTeryt>18</sln:wojIdTeryt><sln:wojNazwa>podkarpackie</sln:wojNazwa></sln:miejscowosc><sln:miejscowosc><sln:cyklZyciaDo>2015-12-17T00:00:00+01:00</sln:cyklZyciaDo><sln:cyklZyciaOd>2015-12-15T00:00:00+01:00</sln:cyklZyciaOd><sln:gmIIPId>aa17955c-ad1d-45ae-8b49-81e59e988092</sln:gmIIPId><sln:gmIIPPn>PL.PZGIK.200</sln:gmIIPPn><sln:gmIIPWersja>2012-09-26T22:07:42+02:00</sln:gmIIPWersja><sln:gmIdTeryt>1819052</sln:gmIdTeryt><sln:gmNazwa>Wiśniowa</sln:gmNazwa><sln:miejscIIPId>4737edb3-997a-4b48-8f19-891827ed6f0d</sln:miejscIIPId><sln:miejscIIPPn>PL.PZGIK.200</sln:miejscIIPPn><sln:miejscIIPWersja>2016-11-24T11:44:14+02:00</sln:miejscIIPWersja><sln:miejscIdTeryt>0667365</sln:miejscIdTeryt><sln:miejscNazwa>Różanka</sln:miejscNazwa><sln:miejscRodzaj>Wieś</sln:miejscRodzaj><sln:powIIPId>fa694811-8438-4a7c-a5c7-d66a2f051a1b</sln:powIIPId><sln:powIIPPn>PL.PZGIK.200</sln:powIIPPn><sln:powIIPWersja>2012-09-27T08:01:01+02:00</sln:powIIPWersja><sln:powIdTeryt>1819</sln:powIdTeryt><sln:powNazwa>strzyżowski</sln:powNazwa><sln:waznyOd>2015-10-22T00:00:00+02:00</sln:waznyOd><sln:wojIIPId>833fe14b-fe8e-40c7-9e4e-fc27c938bb11</sln:wojIIPId><sln:wojIIPPn>PL.PZGIK.200</sln:wojIIPPn><sln:wojIIPWersja>2017-10-10T00:00:00+02:00</sln:wojIIPWersja><sln:wojIdTeryt>18</sln:wojIdTeryt><sln:wojNazwa>podkarpackie</sln:wojNazwa></sln:miejscowosc><sln:miejscowosc><sln:cyklZyciaDo>2015-12-17T00:00:00+01:00</sln:cyklZyciaDo><sln:cyklZyciaOd>2015-12-15T00:00:00+01:00</sln:cyklZyciaOd><sln:gmIIPId>aa17955c-ad1d-45ae-8b49-81e59e988092</sln:gmIIPId><sln:gmIIPPn>PL.PZGIK.200</sln:gmIIPPn><sln:gmIIPWersja>2012-09-26T22:07:42+02:00</sln:gmIIPWersja><sln:gmIdTeryt>1819052</sln:gmIdTeryt><sln:gmNazwa>Wiśniowa</sln:gmNazwa><sln:miejscIIPId>4a52b817-43ec-491f-91b3-6dfe3205819f</sln:miejscIIPId><sln:miejscIIPPn>PL.PZGIK.200</sln:miejscIIPPn><sln:miejscIIPWersja>2016-11-24T11:44:16+02:00</sln:miejscIIPWersja><sln:miejscIdTeryt>0667425</sln:miejscIdTeryt><sln:miejscNazwa>Szufnarowa</sln:miejscNazwa><sln:miejscRodzaj>Wieś</sln:miejscRodzaj><sln:powIIPId>fa694811-8438-4a7c-a5c7-d66a2f051a1b</sln:powIIPId><sln:powIIPPn>PL.PZGIK.200</sln:powIIPPn><sln:powIIPWersja>2012-09-27T08:01:01+02:00</sln:powIIPWersja><sln:powIdTeryt>1819</sln:powIdTeryt><sln:powNazwa>strzyżowski</sln:powNazwa><sln:waznyOd>2015-10-22T00:00:00+02:00</sln:waznyOd><sln:wojIIPId>833fe14b-fe8e-40c7-9e4e-fc27c938bb11</sln:wojIIPId><sln:wojIIPPn>PL.PZGIK.200</sln:wojIIPPn><sln:wojIIPWersja>2017-10-10T00:00:00+02:00</sln:wojIIPWersja><sln:wojIdTeryt>18</sln:wojIdTeryt><sln:wojNazwa>podkarpackie</sln:wojNazwa></sln:miejscowosc><sln:miejscowosc><sln:cyklZyciaDo>2015-12-17T00:00:00+01:00</sln:cyklZyciaDo><sln:cyklZyciaOd>2015-12-15T00:00:00+01:00</sln:cyklZyciaOd><sln:gmIIPId>aa17955c-ad1d-45ae-8b49-81e59e988092</sln:gmIIPId><sln:gmIIPPn>PL.PZGIK.200</sln:gmIIPPn><sln:gmIIPWersja>2012-09-26T22:07:42+02:00</sln:gmIIPWersja><sln:gmIdTeryt>1819052</sln:gmIdTeryt><sln:gmNazwa>Wiśniowa</sln:gmNazwa><sln:miejscIIPId>19aad39d-5319-4cb1-87dd-571b20e8c5da</sln:miejscIIPId><sln:miejscIIPPn>PL.PZGIK.200</sln:miejscIIPPn><sln:miejscIIPWersja>2016-11-24T11:44:18+02:00</sln:miejscIIPWersja><sln:miejscIdTeryt>0667589</sln:miejscIdTeryt><sln:miejscNazwa>Tułkowice</sln:miejscNazwa><sln:miejscRodzaj>Wieś</sln:miejscRodzaj><sln:powIIPId>fa694811-8438-4a7c-a5c7-d66a2f051a1b</sln:powIIPId><sln:powIIPPn>PL.PZGIK.200</sln:powIIPPn><sln:powIIPWersja>2012-09-27T08:01:01+02:00</sln:powIIPWersja><sln:powIdTeryt>1819</sln:powIdTeryt><sln:powNazwa>strzyżowski</sln:powNazwa><sln:waznyOd>2015-10-22T00:00:00+02:00</sln:waznyOd><sln:wojIIPId>833fe14b-fe8e-40c7-9e4e-fc27c938bb11</sln:wojIIPId><sln:wojIIPPn>PL.PZGIK.200</sln:wojIIPPn><sln:wojIIPWersja>2017-10-10T00:00:00+02:00</sln:wojIIPWersja><sln:wojIdTeryt>18</sln:wojIdTeryt><sln:wojNazwa>podkarpackie</sln:wojNazwa></sln:miejscowosc><sln:miejscowosc><sln:cyklZyciaDo>2015-12-17T00:00:00+01:00</sln:cyklZyciaDo><sln:cyklZyciaOd>2015-12-15T00:00:00+01:00</sln:cyklZyciaOd><sln:gmIIPId>aa17955c-ad1d-45ae-8b49-81e59e988092</sln:gmIIPId><sln:gmIIPPn>PL.PZGIK.200</sln:gmIIPPn><sln:gmIIPWersja>2012-09-26T22:07:42+02:00</sln:gmIIPWersja><sln:gmIdTeryt>1819052</sln:gmIdTeryt><sln:gmNazwa>Wiśniowa</sln:gmNazwa><sln:miejscIIPId>9960b8dc-ae9b-493d-aa33-b700ff2edfa7</sln:miejscIIPId><sln:miejscIIPPn>PL.PZGIK.200</sln:miejscIIPPn><sln:miejscIIPWersja>2016-11-24T11:44:20+02:00</sln:miejscIIPWersja><sln:miejscIdTeryt>0667632</sln:miejscIdTeryt><sln:miejscNazwa>Wiśniowa</sln:miejscNazwa><sln:miejscRodzaj>Wieś</sln:miejscRodzaj><sln:powIIPId>fa694811-8438-4a7c-a5c7-d66a2f051a1b</sln:powIIPId><sln:powIIPPn>PL.PZGIK.200</sln:powIIPPn><sln:powIIPWersja>2012-09-27T08:01:01+02:00</sln:powIIPWersja><sln:powIdTeryt>1819</sln:powIdTeryt><sln:powNazwa>strzyżowski</sln:powNazwa><sln:waznyOd>2015-10-22T00:00:00+02:00</sln:waznyOd><sln:wojIIPId>833fe14b-fe8e-40c7-9e4e-fc27c938bb11</sln:wojIIPId><sln:wojIIPPn>PL.PZGIK.200</sln:wojIIPPn><sln:wojIIPWersja>2017-10-10T00:00:00+02:00</sln:wojIIPWersja><sln:wojIdTeryt>18</sln:wojIdTeryt><sln:wojNazwa>podkarpackie</sln:wojNazwa></sln:miejscowosc><sln:miejscowosc><sln:cyklZyciaDo>2015-12-17T00:00:00+01:00</sln:cyklZyciaDo><sln:cyklZyciaOd>2015-12-15T00:00:00+01:00</sln:cyklZyciaOd><sln:gmIIPId>aa17955c-ad1d-45ae-8b49-81e59e988092</sln:gmIIPId><sln:gmIIPPn>PL.PZGIK.200</sln:gmIIPPn><sln:gmIIPWersja>2012-09-26T22:07:42+02:00</sln:gmIIPWersja><sln:gmIdTeryt>1819052</sln:gmIdTeryt><sln:gmNazwa>Wiśniowa</sln:gmNazwa><sln:miejscIIPId>03be6546-07e6-4acb-84f9-246a3ed55f0a</sln:miejscIIPId><sln:miejscIIPPn>PL.PZGIK.200</sln:miejscIIPPn><sln:miejscIIPWersja>2016-11-24T11:44:02+02:00</sln:miejscIIPWersja><sln:miejscIdTeryt>0667000</sln:miejscIdTeryt><sln:miejscNazwa>Kozłówek</sln:miejscNazwa><sln:miejscRodzaj>Wieś</sln:miejscRodzaj><sln:powIIPId>fa694811-8438-4a7c-a5c7-d66a2f051a1b</sln:powIIPId><sln:powIIPPn>PL.PZGIK.200</sln:powIIPPn><sln:powIIPWersja>2012-09-27T08:01:01+02:00</sln:powIIPWersja><sln:powIdTeryt>1819</sln:powIdTeryt><sln:powNazwa>strzyżowski</sln:powNazwa><sln:waznyOd>2015-10-22T00:00:00+02:00</sln:waznyOd><sln:wojIIPId>833fe14b-fe8e-40c7-9e4e-fc27c938bb11</sln:wojIIPId><sln:wojIIPPn>PL.PZGIK.200</sln:wojIIPPn><sln:wojIIPWersja>2017-10-10T00:00:00+02:00</sln:wojIIPWersja><sln:wojIdTeryt>18</sln:wojIdTeryt><sln:wojNazwa>podkarpackie</sln:wojNazwa></sln:miejscowosc><sln:miejscowosc><sln:cyklZyciaDo>2015-12-17T00:00:00+01:00</sln:cyklZyciaDo><sln:cyklZyciaOd>2015-12-15T00:00:00+01:00</sln:cyklZyciaOd><sln:gmIIPId>aa17955c-ad1d-45ae-8b49-81e59e988092</sln:gmIIPId><sln:gmIIPPn>PL.PZGIK.200</sln:gmIIPPn><sln:gmIIPWersja>2012-09-26T22:07:42+02:00</sln:gmIIPWersja><sln:gmIdTeryt>1819052</sln:gmIdTeryt><sln:gmNazwa>Wiśniowa</sln:gmNazwa><sln:miejscIIPId>0071a7f6-28e3-4db0-8f5f-3ef1ac301d6d</sln:miejscIIPId><sln:miejscIIPPn>PL.PZGIK.200</sln:miejscIIPPn><sln:miejscIIPWersja>2016-11-24T11:44:04+02:00</sln:miejscIIPWersja><sln:miejscIdTeryt>0667030</sln:miejscIdTeryt><sln:miejscNazwa>Kożuchów</sln:miejscNazwa><sln:miejscRodzaj>Wieś</sln:miejscRodzaj><sln:powIIPId>fa694811-8438-4a7c-a5c7-d66a2f051a1b</sln:powIIPId><sln:powIIPPn>PL.PZGIK.200</sln:powIIPPn><sln:powIIPWersja>2012-09-27T08:01:01+02:00</sln:powIIPWersja><sln:powIdTeryt>1819</sln:powIdTeryt><sln:powNazwa>strzyżowski</sln:powNazwa><sln:waznyOd>2015-10-22T00:00:00+02:00</sln:waznyOd><sln:wojIIPId>833fe14b-fe8e-40c7-9e4e-fc27c938bb11</sln:wojIIPId><sln:wojIIPPn>PL.PZGIK.200</sln:wojIIPPn><sln:wojIIPWersja>2017-10-10T00:00:00+02:00</sln:wojIIPWersja><sln:wojIdTeryt>18</sln:wojIdTeryt><sln:wojNazwa>podkarpackie</sln:wojNazwa></sln:miejscowosc><sln:miejscowosc><sln:cyklZyciaOd>2017-04-18T00:00:00+02:00</sln:cyklZyciaOd><sln:gmIIPId>aa17955c-ad1d-45ae-8b49-81e59e988092</sln:gmIIPId><sln:gmIIPPn>PL.PZGIK.200</sln:gmIIPPn><sln:gmIIPWersja>2012-09-26T22:07:42+02:00</sln:gmIIPWersja><sln:gmIdTeryt>1819052</sln:gmIdTeryt><sln:gmNazwa>Wiśniowa</sln:gmNazwa><sln:miejscIIPId>e813e1df-8e88-4cac-b6a1-d728f661f354</sln:miejscIIPId><sln:miejscIIPPn>PL.PZGIK.200</sln:miejscIIPPn><sln:miejscIIPWersja>2017-04-18T10:17:21+02:00</sln:miejscIIPWersja><sln:miejscIdTeryt>0666839</sln:miejscIdTeryt><sln:miejscNazwa>Jaszczurowa</sln:miejscNazwa><sln:miejscRodzaj>Wieś</sln:miejscRodzaj><sln:powIIPId>fa694811-8438-4a7c-a5c7-d66a2f051a1b</sln:powIIPId><sln:powIIPPn>PL.PZGIK.200</sln:powIIPPn><sln:powIIPWersja>2012-09-27T08:01:01+02:00</sln:powIIPWersja><sln:powIdTeryt>1819</sln:powIdTeryt><sln:powNazwa>strzyżowski</sln:powNazwa><sln:waznyOd>2015-10-22T00:00:00+02:00</sln:waznyOd><sln:wojIIPId>833fe14b-fe8e-40c7-9e4e-fc27c938bb11</sln:wojIIPId><sln:wojIIPPn>PL.PZGIK.200</sln:wojIIPPn><sln:wojIIPWersja>2017-10-10T00:00:00+02:00</sln:wojIIPWersja><sln:wojIdTeryt>18</sln:wojIdTeryt><sln:wojNazwa>podkarpackie</sln:wojNazwa></sln:miejscowosc><sln:miejscowosc><sln:cyklZyciaOd>2017-04-18T00:00:00+02:00</sln:cyklZyciaOd><sln:gmIIPId>aa17955c-ad1d-45ae-8b49-81e59e988092</sln:gmIIPId><sln:gmIIPPn>PL.PZGIK.200</sln:gmIIPPn><sln:gmIIPWersja>2012-09-26T22:07:42+02:00</sln:gmIIPWersja><sln:gmIdTeryt>1819052</sln:gmIdTeryt><sln:gmNazwa>Wiśniowa</sln:gmNazwa><sln:miejscIIPId>1a20ca53-bcd2-42ba-baf1-f14d22813d36</sln:miejscIIPId><sln:miejscIIPPn>PL.PZGIK.200</sln:miejscIIPPn><sln:miejscIIPWersja>2017-04-18T10:17:28+02:00</sln:miejscIIPWersja><sln:miejscIdTeryt>0666905</sln:miejscIdTeryt><sln:miejscNazwa>Jazowa</sln:miejscNazwa><sln:miejscRodzaj>Wieś</sln:miejscRodzaj><sln:powIIPId>fa694811-8438-4a7c-a5c7-d66a2f051a1b</sln:powIIPId><sln:powIIPPn>PL.PZGIK.200</sln:powIIPPn><sln:powIIPWersja>2012-09-27T08:01:01+02:00</sln:powIIPWersja><sln:powIdTeryt>1819</sln:powIdTeryt><sln:powNazwa>strzyżowski</sln:powNazwa><sln:waznyOd>2015-10-22T00:00:00+02:00</sln:waznyOd><sln:wojIIPId>833fe14b-fe8e-40c7-9e4e-fc27c938bb11</sln:wojIIPId><sln:wojIIPPn>PL.PZGIK.200</sln:wojIIPPn><sln:wojIIPWersja>2017-10-10T00:00:00+02:00</sln:wojIIPWersja><sln:wojIdTeryt>18</sln:wojIdTeryt><sln:wojNazwa>podkarpackie</sln:wojNazwa></sln:miejscowosc><sln:miejscowosc><sln:cyklZyciaOd>2017-04-18T00:00:00+02:00</sln:cyklZyciaOd><sln:gmIIPId>aa17955c-ad1d-45ae-8b49-81e59e988092</sln:gmIIPId><sln:gmIIPPn>PL.PZGIK.200</sln:gmIIPPn><sln:gmIIPWersja>2012-09-26T22:07:42+02:00</sln:gmIIPWersja><sln:gmIdTeryt>1819052</sln:gmIdTeryt><sln:gmNazwa>Wiśniowa</sln:gmNazwa><sln:miejscIIPId>dfd31ab1-ac27-49fa-994e-69779e5e6274</sln:miejscIIPId><sln:miejscIIPPn>PL.PZGIK.200</sln:miejscIIPPn><sln:miejscIIPWersja>2017-04-18T10:17:28+02:00</sln:miejscIIPWersja><sln:miejscIdTeryt>0666957</sln:miejscIdTeryt><sln:miejscNazwa>Kalembina</sln:miejscNazwa><sln:miejscRodzaj>Wieś</sln:miejscRodzaj><sln:powIIPId>fa694811-8438-4a7c-a5c7-d66a2f051a1b</sln:powIIPId><sln:powIIPPn>PL.PZGIK.200</sln:powIIPPn><sln:powIIPWersja>2012-09-27T08:01:01+02:00</sln:powIIPWersja><sln:powIdTeryt>1819</sln:powIdTeryt><sln:powNazwa>strzyżowski</sln:powNazwa><sln:waznyOd>2015-10-22T00:00:00+02:00</sln:waznyOd><sln:wojIIPId>833fe14b-fe8e-40c7-9e4e-fc27c938bb11</sln:wojIIPId><sln:wojIIPPn>PL.PZGIK.200</sln:wojIIPPn><sln:wojIIPWersja>2017-10-10T00:00:00+02:00</sln:wojIIPWersja><sln:wojIdTeryt>18</sln:wojIdTeryt><sln:wojNazwa>podkarpackie</sln:wojNazwa></sln:miejscowosc><sln:miejscowosc><sln:cyklZyciaOd>2017-04-18T00:00:00+02:00</sln:cyklZyciaOd><sln:gmIIPId>aa17955c-ad1d-45ae-8b49-81e59e988092</sln:gmIIPId><sln:gmIIPPn>PL.PZGIK.200</sln:gmIIPPn><sln:gmIIPWersja>2012-09-26T22:07:42+02:00</sln:gmIIPWersja><sln:gmIdTeryt>1819052</sln:gmIdTeryt><sln:gmNazwa>Wiśniowa</sln:gmNazwa><sln:miejscIIPId>03be6546-07e6-4acb-84f9-246a3ed55f0a</sln:miejscIIPId><sln:miejscIIPPn>PL.PZGIK.200</sln:miejscIIPPn><sln:miejscIIPWersja>2017-04-18T10:17:28+02:00</sln:miejscIIPWersja><sln:miejscIdTeryt>0667000</sln:miejscIdTeryt><sln:miejscNazwa>Kozłówek</sln:miejscNazwa><sln:miejscRodzaj>Wieś</sln:miejscRodzaj><sln:powIIPId>fa694811-8438-4a7c-a5c7-d66a2f051a1b</sln:powIIPId><sln:powIIPPn>PL.PZGIK.200</sln:powIIPPn><sln:powIIPWersja>2012-09-27T08:01:01+02:00</sln:powIIPWersja><sln:powIdTeryt>1819</sln:powIdTeryt><sln:powNazwa>strzyżowski</sln:powNazwa><sln:waznyOd>2015-10-22T00:00:00+02:00</sln:waznyOd><sln:wojIIPId>833fe14b-fe8e-40c7-9e4e-fc27c938bb11</sln:wojIIPId><sln:wojIIPPn>PL.PZGIK.200</sln:wojIIPPn><sln:wojIIPWersja>2017-10-10T00:00:00+02:00</sln:wojIIPWersja><sln:wojIdTeryt>18</sln:wojIdTeryt><sln:wojNazwa>podkarpackie</sln:wojNazwa></sln:miejscowosc><sln:miejscowosc><sln:cyklZyciaOd>2017-04-18T00:00:00+02:00</sln:cyklZyciaOd><sln:gmIIPId>aa17955c-ad1d-45ae-8b49-81e59e988092</sln:gmIIPId><sln:gmIIPPn>PL.PZGIK.200</sln:gmIIPPn><sln:gmIIPWersja>2012-09-26T22:07:42+02:00</sln:gmIIPWersja><sln:gmIdTeryt>1819052</sln:gmIdTeryt><sln:gmNazwa>Wiśniowa</sln:gmNazwa><sln:miejscIIPId>0071a7f6-28e3-4db0-8f5f-3ef1ac301d6d</sln:miejscIIPId><sln:miejscIIPPn>PL.PZGIK.200</sln:miejscIIPPn><sln:miejscIIPWersja>2017-04-18T10:17:28+02:00</sln:miejscIIPWersja><sln:miejscIdTeryt>0667030</sln:miejscIdTeryt><sln:miejscNazwa>Kożuchów</sln:miejscNazwa><sln:miejscRodzaj>Wieś</sln:miejscRodzaj><sln:powIIPId>fa694811-8438-4a7c-a5c7-d66a2f051a1b</sln:powIIPId><sln:powIIPPn>PL.PZGIK.200</sln:powIIPPn><sln:powIIPWersja>2012-09-27T08:01:01+02:00</sln:powIIPWersja><sln:powIdTeryt>1819</sln:powIdTeryt><sln:powNazwa>strzyżowski</sln:powNazwa><sln:waznyOd>2015-10-22T00:00:00+02:00</sln:waznyOd><sln:wojIIPId>833fe14b-fe8e-40c7-9e4e-fc27c938bb11</sln:wojIIPId><sln:wojIIPPn>PL.PZGIK.200</sln:wojIIPPn><sln:wojIIPWersja>2017-10-10T00:00:00+02:00</sln:wojIIPWersja><sln:wojIdTeryt>18</sln:wojIdTeryt><sln:wojNazwa>podkarpackie</sln:wojNazwa></sln:miejscowosc><sln:miejscowosc><sln:cyklZyciaOd>2017-04-18T00:00:00+02:00</sln:cyklZyciaOd><sln:gmIIPId>aa17955c-ad1d-45ae-8b49-81e59e988092</sln:gmIIPId><sln:gmIIPPn>PL.PZGIK.200</sln:gmIIPPn><sln:gmIIPWersja>2012-09-26T22:07:42+02:00</sln:gmIIPWersja><sln:gmIdTeryt>1819052</sln:gmIdTeryt><sln:gmNazwa>Wiśniowa</sln:gmNazwa><sln:miejscIIPId>b94947bf-4e14-422e-8686-6eacd42b6bd5</sln:miejscIIPId><sln:miejscIIPPn>PL.PZGIK.200</sln:miejscIIPPn><sln:miejscIIPWersja>2017-04-18T10:17:28+02:00</sln:miejscIIPWersja><sln:miejscIdTeryt>0667129</sln:miejscIdTeryt><sln:miejscNazwa>Markuszowa</sln:miejscNazwa><sln:miejscRodzaj>Wieś</sln:miejscRodzaj><sln:powIIPId>fa694811-8438-4a7c-a5c7-d66a2f051a1b</sln:powIIPId><sln:powIIPPn>PL.PZGIK.200</sln:powIIPPn><sln:powIIPWersja>2012-09-27T08:01:01+02:00</sln:powIIPWersja><sln:powIdTeryt>1819</sln:powIdTeryt><sln:powNazwa>strzyżowski</sln:powNazwa><sln:waznyOd>2015-10-22T00:00:00+02:00</sln:waznyOd><sln:wojIIPId>833fe14b-fe8e-40c7-9e4e-fc27c938bb11</sln:wojIIPId><sln:wojIIPPn>PL.PZGIK.200</sln:wojIIPPn><sln:wojIIPWersja>2017-10-10T00:00:00+02:00</sln:wojIIPWersja><sln:wojIdTeryt>18</sln:wojIdTeryt><sln:wojNazwa>podkarpackie</sln:wojNazwa></sln:miejscowosc><sln:miejscowosc><sln:cyklZyciaOd>2017-04-18T00:00:00+02:00</sln:cyklZyciaOd><sln:gmIIPId>aa17955c-ad1d-45ae-8b49-81e59e988092</sln:gmIIPId><sln:gmIIPPn>PL.PZGIK.200</sln:gmIIPPn><sln:gmIIPWersja>2012-09-26T22:07:42+02:00</sln:gmIIPWersja><sln:gmIdTeryt>1819052</sln:gmIdTeryt><sln:gmNazwa>Wiśniowa</sln:gmNazwa><sln:miejscIIPId>59c600e5-ad17-4d21-9552-6acc2bd61a13</sln:miejscIIPId><sln:miejscIIPPn>PL.PZGIK.200</sln:miejscIIPPn><sln:miejscIIPWersja>2017-04-18T10:17:28+02:00</sln:miejscIIPWersja><sln:miejscIdTeryt>0667201</sln:miejscIdTeryt><sln:miejscNazwa>Niewodna</sln:miejscNazwa><sln:miejscRodzaj>Wieś</sln:miejscRodzaj><sln:powIIPId>fa694811-8438-4a7c-a5c7-d66a2f051a1b</sln:powIIPId><sln:powIIPPn>PL.PZGIK.200</sln:powIIPPn><sln:powIIPWersja>2012-09-27T08:01:01+02:00</sln:powIIPWersja><sln:powIdTeryt>1819</sln:powIdTeryt><sln:powNazwa>strzyżowski</sln:powNazwa><sln:waznyOd>2015-10-22T00:00:00+02:00</sln:waznyOd><sln:wojIIPId>833fe14b-fe8e-40c7-9e4e-fc27c938bb11</sln:wojIIPId><sln:wojIIPPn>PL.PZGIK.200</sln:wojIIPPn><sln:wojIIPWersja>2017-10-10T00:00:00+02:00</sln:wojIIPWersja><sln:wojIdTeryt>18</sln:wojIdTeryt><sln:wojNazwa>podkarpackie</sln:wojNazwa></sln:miejscowosc><sln:miejscowosc><sln:cyklZyciaOd>2017-04-18T00:00:00+02:00</sln:cyklZyciaOd><sln:gmIIPId>aa17955c-ad1d-45ae-8b49-81e59e988092</sln:gmIIPId><sln:gmIIPPn>PL.PZGIK.200</sln:gmIIPPn><sln:gmIIPWersja>2012-09-26T22:07:42+02:00</sln:gmIIPWersja><sln:gmIdTeryt>1819052</sln:gmIdTeryt><sln:gmNazwa>Wiśniowa</sln:gmNazwa><sln:miejscIIPId>be14a133-4c8f-4d43-9c43-87f920508cb7</sln:miejscIIPId><sln:miejscIIPPn>PL.PZGIK.200</sln:miejscIIPPn><sln:miejscIIPWersja>2017-04-18T10:17:29+02:00</sln:miejscIIPWersja><sln:miejscIdTeryt>0667276</sln:miejscIdTeryt><sln:miejscNazwa>Oparówka</sln:miejscNazwa><sln:miejscRodzaj>Wieś</sln:miejscRodzaj><sln:powIIPId>fa694811-8438-4a7c-a5c7-d66a2f051a1b</sln:powIIPId><sln:powIIPPn>PL.PZGIK.200</sln:powIIPPn><sln:powIIPWersja>2012-09-27T08:01:01+02:00</sln:powIIPWersja><sln:powIdTeryt>1819</sln:powIdTeryt><sln:powNazwa>strzyżowski</sln:powNazwa><sln:waznyOd>2015-10-22T00:00:00+02:00</sln:waznyOd><sln:wojIIPId>833fe14b-fe8e-40c7-9e4e-fc27c938bb11</sln:wojIIPId><sln:wojIIPPn>PL.PZGIK.200</sln:wojIIPPn><sln:wojIIPWersja>2017-10-10T00:00:00+02:00</sln:wojIIPWersja><sln:wojIdTeryt>18</sln:wojIdTeryt><sln:wojNazwa>podkarpackie</sln:wojNazwa></sln:miejscowosc><sln:miejscowosc><sln:cyklZyciaOd>2017-04-18T00:00:00+02:00</sln:cyklZyciaOd><sln:gmIIPId>aa17955c-ad1d-45ae-8b49-81e59e988092</sln:gmIIPId><sln:gmIIPPn>PL.PZGIK.200</sln:gmIIPPn><sln:gmIIPWersja>2012-09-26T22:07:42+02:00</sln:gmIIPWersja><sln:gmIdTeryt>1819052</sln:gmIdTeryt><sln:gmNazwa>Wiśniowa</sln:gmNazwa><sln:miejscIIPId>4600b8e9-dc93-47b6-a53a-520a063f4a51</sln:miejscIIPId><sln:miejscIIPPn>PL.PZGIK.200</sln:miejscIIPPn><sln:miejscIIPWersja>2017-04-18T10:17:29+02:00</sln:miejscIIPWersja><sln:miejscIdTeryt>0667320</sln:miejscIdTeryt><sln:miejscNazwa>Pstrągówka</sln:miejscNazwa><sln:miejscRodzaj>Wieś</sln:miejscRodzaj><sln:powIIPId>fa694811-8438-4a7c-a5c7-d66a2f051a1b</sln:powIIPId><sln:powIIPPn>PL.PZGIK.200</sln:powIIPPn><sln:powIIPWersja>2012-09-27T08:01:01+02:00</sln:powIIPWersja><sln:powIdTeryt>1819</sln:powIdTeryt><sln:powNazwa>strzyżowski</sln:powNazwa><sln:waznyOd>2015-10-22T00:00:00+02:00</sln:waznyOd><sln:wojIIPId>833fe14b-fe8e-40c7-9e4e-fc27c938bb11</sln:wojIIPId><sln:wojIIPPn>PL.PZGIK.200</sln:wojIIPPn><sln:wojIIPWersja>2017-10-10T00:00:00+02:00</sln:wojIIPWersja><sln:wojIdTeryt>18</sln:wojIdTeryt><sln:wojNazwa>podkarpackie</sln:wojNazwa></sln:miejscowosc><sln:miejscowosc><sln:cyklZyciaOd>2017-04-18T00:00:00+02:00</sln:cyklZyciaOd><sln:gmIIPId>aa17955c-ad1d-45ae-8b49-81e59e988092</sln:gmIIPId><sln:gmIIPPn>PL.PZGIK.200</sln:gmIIPPn><sln:gmIIPWersja>2012-09-26T22:07:42+02:00</sln:gmIIPWersja><sln:gmIdTeryt>1819052</sln:gmIdTeryt><sln:gmNazwa>Wiśniowa</sln:gmNazwa><sln:miejscIIPId>4737edb3-997a-4b48-8f19-891827ed6f0d</sln:miejscIIPId><sln:miejscIIPPn>PL.PZGIK.200</sln:miejscIIPPn><sln:miejscIIPWersja>2017-04-18T10:17:29+02:00</sln:miejscIIPWersja><sln:miejscIdTeryt>0667365</sln:miejscIdTeryt><sln:miejscNazwa>Różanka</sln:miejscNazwa><sln:miejscRodzaj>Wieś</sln:miejscRodzaj><sln:powIIPId>fa694811-8438-4a7c-a5c7-d66a2f051a1b</sln:powIIPId><sln:powIIPPn>PL.PZGIK.200</sln:powIIPPn><sln:powIIPWersja>2012-09-27T08:01:01+02:00</sln:powIIPWersja><sln:powIdTeryt>1819</sln:powIdTeryt><sln:powNazwa>strzyżowski</sln:powNazwa><sln:waznyOd>2015-10-22T00:00:00+02:00</sln:waznyOd><sln:wojIIPId>833fe14b-fe8e-40c7-9e4e-fc27c938bb11</sln:wojIIPId><sln:wojIIPPn>PL.PZGIK.200</sln:wojIIPPn><sln:wojIIPWersja>2017-10-10T00:00:00+02:00</sln:wojIIPWersja><sln:wojIdTeryt>18</sln:wojIdTeryt><sln:wojNazwa>podkarpackie</sln:wojNazwa></sln:miejscowosc><sln:miejscowosc><sln:cyklZyciaOd>2017-04-18T00:00:00+02:00</sln:cyklZyciaOd><sln:gmIIPId>aa17955c-ad1d-45ae-8b49-81e59e988092</sln:gmIIPId><sln:gmIIPPn>PL.PZGIK.200</sln:gmIIPPn><sln:gmIIPWersja>2012-09-26T22:07:42+02:00</sln:gmIIPWersja><sln:gmIdTeryt>1819052</sln:gmIdTeryt><sln:gmNazwa>Wiśniowa</sln:gmNazwa><sln:miejscIIPId>4a52b817-43ec-491f-91b3-6dfe3205819f</sln:miejscIIPId><sln:miejscIIPPn>PL.PZGIK.200</sln:miejscIIPPn><sln:miejscIIPWersja>2017-04-18T10:17:29+02:00</sln:miejscIIPWersja><sln:miejscIdTeryt>0667425</sln:miejscIdTeryt><sln:miejscNazwa>Szufnarowa</sln:miejscNazwa><sln:miejscRodzaj>Wieś</sln:miejscRodzaj><sln:powIIPId>fa694811-8438-4a7c-a5c7-d66a2f051a1b</sln:powIIPId><sln:powIIPPn>PL.PZGIK.200</sln:powIIPPn><sln:powIIPWersja>2012-09-27T08:01:01+02:00</sln:powIIPWersja><sln:powIdTeryt>1819</sln:powIdTeryt><sln:powNazwa>strzyżowski</sln:powNazwa><sln:waznyOd>2015-10-22T00:00:00+02:00</sln:waznyOd><sln:wojIIPId>833fe14b-fe8e-40c7-9e4e-fc27c938bb11</sln:wojIIPId><sln:wojIIPPn>PL.PZGIK.200</sln:wojIIPPn><sln:wojIIPWersja>2017-10-10T00:00:00+02:00</sln:wojIIPWersja><sln:wojIdTeryt>18</sln:wojIdTeryt><sln:wojNazwa>podkarpackie</sln:wojNazwa></sln:miejscowosc><sln:miejscowosc><sln:cyklZyciaOd>2017-04-18T00:00:00+02:00</sln:cyklZyciaOd><sln:gmIIPId>aa17955c-ad1d-45ae-8b49-81e59e988092</sln:gmIIPId><sln:gmIIPPn>PL.PZGIK.200</sln:gmIIPPn><sln:gmIIPWersja>2012-09-26T22:07:42+02:00</sln:gmIIPWersja><sln:gmIdTeryt>1819052</sln:gmIdTeryt><sln:gmNazwa>Wiśniowa</sln:gmNazwa><sln:miejscIIPId>19aad39d-5319-4cb1-87dd-571b20e8c5da</sln:miejscIIPId><sln:miejscIIPPn>PL.PZGIK.200</sln:miejscIIPPn><sln:miejscIIPWersja>2017-04-18T10:17:29+02:00</sln:miejscIIPWersja><sln:miejscIdTeryt>0667589</sln:miejscIdTeryt><sln:miejscNazwa>Tułkowice</sln:miejscNazwa><sln:miejscRodzaj>Wieś</sln:miejscRodzaj><sln:powIIPId>fa694811-8438-4a7c-a5c7-d66a2f051a1b</sln:powIIPId><sln:powIIPPn>PL.PZGIK.200</sln:powIIPPn><sln:powIIPWersja>2012-09-27T08:01:01+02:00</sln:powIIPWersja><sln:powIdTeryt>1819</sln:powIdTeryt><sln:powNazwa>strzyżowski</sln:powNazwa><sln:waznyOd>2015-10-22T00:00:00+02:00</sln:waznyOd><sln:wojIIPId>833fe14b-fe8e-40c7-9e4e-fc27c938bb11</sln:wojIIPId><sln:wojIIPPn>PL.PZGIK.200</sln:wojIIPPn><sln:wojIIPWersja>2017-10-10T00:00:00+02:00</sln:wojIIPWersja><sln:wojIdTeryt>18</sln:wojIdTeryt><sln:wojNazwa>podkarpackie</sln:wojNazwa></sln:miejscowosc><sln:miejscowosc><sln:cyklZyciaOd>2017-04-18T00:00:00+02:00</sln:cyklZyciaOd><sln:gmIIPId>aa17955c-ad1d-45ae-8b49-81e59e988092</sln:gmIIPId><sln:gmIIPPn>PL.PZGIK.200</sln:gmIIPPn><sln:gmIIPWersja>2012-09-26T22:07:42+02:00</sln:gmIIPWersja><sln:gmIdTeryt>1819052</sln:gmIdTeryt><sln:gmNazwa>Wiśniowa</sln:gmNazwa><sln:miejscIIPId>9960b8dc-ae9b-493d-aa33-b700ff2edfa7</sln:miejscIIPId><sln:miejscIIPPn>PL.PZGIK.200</sln:miejscIIPPn><sln:miejscIIPWersja>2017-04-18T10:17:29+02:00</sln:miejscIIPWersja><sln:miejscIdTeryt>0667632</sln:miejscIdTeryt><sln:miejscNazwa>Wiśniowa</sln:miejscNazwa><sln:miejscRodzaj>Wieś</sln:miejscRodzaj><sln:powIIPId>fa694811-8438-4a7c-a5c7-d66a2f051a1b</sln:powIIPId><sln:powIIPPn>PL.PZGIK.200</sln:powIIPPn><sln:powIIPWersja>2012-09-27T08:01:01+02:00</sln:powIIPWersja><sln:powIdTeryt>1819</sln:powIdTeryt><sln:powNazwa>strzyżowski</sln:powNazwa><sln:waznyOd>2015-10-22T00:00:00+02:00</sln:waznyOd><sln:wojIIPId>833fe14b-fe8e-40c7-9e4e-fc27c938bb11</sln:wojIIPId><sln:wojIIPPn>PL.PZGIK.200</sln:wojIIPPn><sln:wojIIPWersja>2017-10-10T00:00:00+02:00</sln:wojIIPWersja><sln:wojIdTeryt>18</sln:wojIdTeryt><sln:wojNazwa>podkarpackie</sln:wojNazwa></sln:miejscowosc></sln:lista-miejscowosci>