<?xml version="1.0" encoding="UTF-8" standalone="yes"?><sln:lista-miejscowosci xmlns:srv="http://gugik.gov.pl/schemas/slowniki-service/1.0" xmlns:sln="http://gugik.gov.pl/schemas/slowniki-schema/1.0"><sln:miejscowosc><sln:cyklZyciaDo>2017-06-28T00:00:00+02:00</sln:cyklZyciaDo><sln:cyklZyciaOd>2016-01-28T00:00:00+01:00</sln:cyklZyciaOd><sln:gmIIPId>cda91c6e-f798-4226-aa15-83869e351197</sln:gmIIPId><sln:gmIIPPn>PL.PZGIK.200</sln:gmIIPPn><sln:gmIIPWersja>2012-09-26T22:03:58+02:00</sln:gmIIPWersja><sln:gmIdTeryt>1816011</sln:gmIdTeryt><sln:gmNazwa>Dynów</sln:gmNazwa><sln:miejscIIPId>ec08ea31-bb27-43a4-9a2b-77781e345b04</sln:miejscIIPId><sln:miejscIIPPn>PL.PZGIK.200</sln:miejscIIPPn><sln:miejscIIPWersja>2016-11-24T13:17:49+02:00</sln:miejscIIPWersja><sln:miejscIdTeryt>0972080</sln:miejscIdTeryt><sln:miejscNazwa>Dynów</sln:miejscNazwa><sln:miejscRodzaj>Miasto</sln:miejscRodzaj><sln:powIIPId>7f2af54d-150f-4b9f-b9fb-d2ce1b04166e</sln:powIIPId><sln:powIIPPn>PL.PZGIK.200</sln:powIIPPn><sln:powIIPWersja>2012-09-27T08:01:01+02:00</sln:powIIPWersja><sln:powIdTeryt>1816</sln:powIdTeryt><sln:powNazwa>rzeszowski</sln:powNazwa><sln:waznyOd>2013-10-10T00:00:00+02:00</sln:waznyOd><sln:wojIIPId>833fe14b-fe8e-40c7-9e4e-fc27c938bb11</sln:wojIIPId><sln:wojIIPPn>PL.PZGIK.200</sln:wojIIPPn><sln:wojIIPWersja>2017-10-10T00:00:00+02:00</sln:wojIIPWersja><sln:wojIdTeryt>18</sln:wojIdTeryt><sln:wojNazwa>podkarpackie</sln:wojNazwa></sln:miejscowosc><sln:miejscowosc><sln:cyklZyciaOd>2017-04-20T00:00:00+02:00</sln:cyklZyciaOd><sln:gmIIPId>cda91c6e-f798-4226-aa15-83869e351197</sln:gmIIPId><sln:gmIIPPn>PL.PZGIK.200</sln:gmIIPPn><sln:gmIIPWersja>2012-09-26T22:03:58+02:00</sln:gmIIPWersja><sln:gmIdTeryt>1816011</sln:gmIdTeryt><sln:gmNazwa>Dynów</sln:gmNazwa><sln:miejscIIPId>c18ab5e8-c162-4e20-b4ea-5b17d66ee108</sln:miejscIIPId><sln:miejscIIPPn>PL.PZGIK.200</sln:miejscIIPPn><sln:miejscIIPWersja>2017-04-20T03:22:41+02:00</sln:miejscIIPWersja><sln:miejscIdTeryt>0972080</sln:miejscIdTeryt><sln:miejscNazwa>Dynów</sln:miejscNazwa><sln:miejscRodzaj>Miasto</sln:miejscRodzaj><sln:powIIPId>7f2af54d-150f-4b9f-b9fb-d2ce1b04166e</sln:powIIPId><sln:powIIPPn>PL.PZGIK.200</sln:powIIPPn><sln:powIIPWersja>2012-09-27T08:01:01+02:00</sln:powIIPWersja><sln:powIdTeryt>1816</sln:powIdTeryt><sln:powNazwa>rzeszowski</sln:powNazwa><sln:wojIIPId>833fe14b-fe8e-40c7-9e4e-fc27c938bb11</sln:wojIIPId><sln:wojIIPPn>PL.PZGIK.200</sln:wojIIPPn><sln:wojIIPWersja>2017-10-10T00:00:00+02:00</sln:wojIIPWersja><sln:wojIdTeryt>18</sln:wojIdTeryt><sln:wojNazwa>podkarpackie</sln:wojNazwa></sln:miejscowosc><sln:miejscowosc><sln:cyklZyciaOd>2017-06-28T00:00:00+02:00</sln:cyklZyciaOd><sln:gmIIPId>cda91c6e-f798-4226-aa15-83869e351197</sln:gmIIPId><sln:gmIIPPn>PL.PZGIK.200</sln:gmIIPPn><sln:gmIIPWersja>2012-09-26T22:03:58+02:00</sln:gmIIPWersja><sln:gmIdTeryt>1816011</sln:gmIdTeryt><sln:gmNazwa>Dynów</sln:gmNazwa><sln:miejscIIPId>ce8f83d3-04dc-4991-8b95-7360aa70e895</sln:miejscIIPId><sln:miejscIIPPn>PL.PZGIK.200</sln:miejscIIPPn><sln:miejscIIPWersja>2017-06-28T10:48:00+02:00</sln:miejscIIPWersja><sln:miejscIdTeryt>0972140</sln:miejscIdTeryt><sln:miejscNIIPId>c18ab5e8-c162-4e20-b4ea-5b17d66ee108</sln:miejscNIIPId><sln:miejscNIIPPn>PL.PZGIK.200</sln:miejscNIIPPn><sln:miejscNIIPWersja>2017-04-20T03:22:41+02:00</sln:miejscNIIPWersja><sln:miejscNIdTeryt>0972080</sln:miejscNIdTeryt><sln:miejscNNazwa>Dynów</sln:miejscNNazwa><sln:miejscNRodzaj>Miasto</sln:miejscNRodzaj><sln:miejscNazwa>Przedmieście</sln:miejscNazwa><sln:miejscRodzaj>Inny obiekt</sln:miejscRodzaj><sln:powIIPId>7f2af54d-150f-4b9f-b9fb-d2ce1b04166e</sln:powIIPId><sln:powIIPPn>PL.PZGIK.200</sln:powIIPPn><sln:powIIPWersja>2012-09-27T08:01:01+02:00</sln:powIIPWersja><sln:powIdTeryt>1816</sln:powIdTeryt><sln:powNazwa>rzeszowski</sln:powNazwa><sln:wojIIPId>833fe14b-fe8e-40c7-9e4e-fc27c938bb11</sln:wojIIPId><sln:wojIIPPn>PL.PZGIK.200</sln:wojIIPPn><sln:wojIIPWersja>2017-10-10T00:00:00+02:00</sln:wojIIPWersja><sln:wojIdTeryt>18</sln:wojIdTeryt><sln:wojNazwa>podkarpackie</sln:wojNazwa></sln:miejscowosc><sln:miejscowosc><sln:cyklZyciaOd>2017-06-28T00:00:00+02:00</sln:cyklZyciaOd><sln:gmIIPId>cda91c6e-f798-4226-aa15-83869e351197</sln:gmIIPId><sln:gmIIPPn>PL.PZGIK.200</sln:gmIIPPn><sln:gmIIPWersja>2012-09-26T22:03:58+02:00</sln:gmIIPWersja><sln:gmIdTeryt>1816011</sln:gmIdTeryt><sln:gmNazwa>Dynów</sln:gmNazwa><sln:miejscIIPId>78265862-e76c-4267-9ead-27b5dbfb48c7</sln:miejscIIPId><sln:miejscIIPPn>PL.PZGIK.200</sln:miejscIIPPn><sln:miejscIIPWersja>2017-06-28T10:48:08+02:00</sln:miejscIIPWersja><sln:miejscIdTeryt>0972157</sln:miejscIdTeryt><sln:miejscNIIPId>c18ab5e8-c162-4e20-b4ea-5b17d66ee108</sln:miejscNIIPId><sln:miejscNIIPPn>PL.PZGIK.200</sln:miejscNIIPPn><sln:miejscNIIPWersja>2017-04-20T03:22:41+02:00</sln:miejscNIIPWersja><sln:miejscNIdTeryt>0972080</sln:miejscNIdTeryt><sln:miejscNNazwa>Dynów</sln:miejscNNazwa><sln:miejscNRodzaj>Miasto</sln:miejscNRodzaj><sln:miejscNazwa>Siódmówka</sln:miejscNazwa><sln:miejscRodzaj>Inny obiekt</sln:miejscRodzaj><sln:powIIPId>7f2af54d-150f-4b9f-b9fb-d2ce1b04166e</sln:powIIPId><sln:powIIPPn>PL.PZGIK.200</sln:powIIPPn><sln:powIIPWersja>2012-09-27T08:01:01+02:00</sln:powIIPWersja><sln:powIdTeryt>1816</sln:powIdTeryt><sln:powNazwa>rzeszowski</sln:powNazwa><sln:wojIIPId>833fe14b-fe8e-40c7-9e4e-fc27c938bb11</sln:wojIIPId><sln:wojIIPPn>PL.PZGIK.200</sln:wojIIPPn><sln:wojIIPWersja>2017-10-10T00:00:00+02:00</sln:wojIIPWersja><sln:wojIdTeryt>18</sln:wojIdTeryt><sln:wojNazwa>podkarpackie</sln:wojNazwa></sln:miejscowosc><sln:miejscowosc><sln:cyklZyciaOd>2017-06-28T00:00:00+02:00</sln:cyklZyciaOd><sln:gmIIPId>cda91c6e-f798-4226-aa15-83869e351197</sln:gmIIPId><sln:gmIIPPn>PL.PZGIK.200</sln:gmIIPPn><sln:gmIIPWersja>2012-09-26T22:03:58+02:00</sln:gmIIPWersja><sln:gmIdTeryt>1816011</sln:gmIdTeryt><sln:gmNazwa>Dynów</sln:gmNazwa><sln:miejscIIPId>9155437f-5f56-462c-a719-f944a5817761</sln:miejscIIPId><sln:miejscIIPPn>PL.PZGIK.200</sln:miejscIIPPn><sln:miejscIIPWersja>2017-06-28T10:48:08+02:00</sln:miejscIIPWersja><sln:miejscIdTeryt>0972163</sln:miejscIdTeryt><sln:miejscNIIPId>c18ab5e8-c162-4e20-b4ea-5b17d66ee108</sln:miejscNIIPId><sln:miejscNIIPPn>PL.PZGIK.200</sln:miejscNIIPPn><sln:miejscNIIPWersja>2017-04-20T03:22:41+02:00</sln:miejscNIIPWersja><sln:miejscNIdTeryt>0972080</sln:miejscNIdTeryt><sln:miejscNNazwa>Dynów</sln:miejscNNazwa><sln:miejscNRodzaj>Miasto</sln:miejscNRodzaj><sln:miejscNazwa>Wuśki</sln:miejscNazwa><sln:miejscRodzaj>Inny obiekt</sln:miejscRodzaj><sln:powIIPId>7f2af54d-150f-4b9f-b9fb-d2ce1b04166e</sln:powIIPId><sln:powIIPPn>PL.PZGIK.200</sln:powIIPPn><sln:powIIPWersja>2012-09-27T08:01:01+02:00</sln:powIIPWersja><sln:powIdTeryt>1816</sln:powIdTeryt><sln:powNazwa>rzeszowski</sln:powNazwa><sln:wojIIPId>833fe14b-fe8e-40c7-9e4e-fc27c938bb11</sln:wojIIPId><sln:wojIIPPn>PL.PZGIK.200</sln:wojIIPPn><sln:wojIIPWersja>2017-10-10T00:00:00+02:00</sln:wojIIPWersja><sln:wojIdTeryt>18</sln:wojIdTeryt><sln:wojNazwa>podkarpackie</sln:wojNazwa></sln:miejscowosc><sln:miejscowosc><sln:cyklZyciaOd>2017-06-28T00:00:00+02:00</sln:cyklZyciaOd><sln:gmIIPId>cda91c6e-f798-4226-aa15-83869e351197</sln:gmIIPId><sln:gmIIPPn>PL.PZGIK.200</sln:gmIIPPn><sln:gmIIPWersja>2012-09-26T22:03:58+02:00</sln:gmIIPWersja><sln:gmIdTeryt>1816011</sln:gmIdTeryt><sln:gmNazwa>Dynów</sln:gmNazwa><sln:miejscIIPId>9cacc946-6bf7-4dff-81c3-0d9daf2251b7</sln:miejscIIPId><sln:miejscIIPPn>PL.PZGIK.200</sln:miejscIIPPn><sln:miejscIIPWersja>2017-06-28T10:48:08+02:00</sln:miejscIIPWersja><sln:miejscIdTeryt>0972170</sln:miejscIdTeryt><sln:miejscNIIPId>c18ab5e8-c162-4e20-b4ea-5b17d66ee108</sln:miejscNIIPId><sln:miejscNIIPPn>PL.PZGIK.200</sln:miejscNIIPPn><sln:miejscNIIPWersja>2017-04-20T03:22:41+02:00</sln:miejscNIIPWersja><sln:miejscNIdTeryt>0972080</sln:miejscNIdTeryt><sln:miejscNNazwa>Dynów</sln:miejscNNazwa><sln:miejscNRodzaj>Miasto</sln:miejscNRodzaj><sln:miejscNazwa>Zabrama</sln:miejscNazwa><sln:miejscRodzaj>Inny obiekt</sln:miejscRodzaj><sln:powIIPId>7f2af54d-150f-4b9f-b9fb-d2ce1b04166e</sln:powIIPId><sln:powIIPPn>PL.PZGIK.200</sln:powIIPPn><sln:powIIPWersja>2012-09-27T08:01:01+02:00</sln:powIIPWersja><sln:powIdTeryt>1816</sln:powIdTeryt><sln:powNazwa>rzeszowski</sln:powNazwa><sln:wojIIPId>833fe14b-fe8e-40c7-9e4e-fc27c938bb11</sln:wojIIPId><sln:wojIIPPn>PL.PZGIK.200</sln:wojIIPPn><sln:wojIIPWersja>2017-10-10T00:00:00+02:00</sln:wojIIPWersja><sln:wojIdTeryt>18</sln:wojIdTeryt><sln:wojNazwa>podkarpackie</sln:wojNazwa></sln:miejscowosc><sln:miejscowosc><sln:cyklZyciaOd>2017-06-28T00:00:00+02:00</sln:cyklZyciaOd><sln:gmIIPId>cda91c6e-f798-4226-aa15-83869e351197</sln:gmIIPId><sln:gmIIPPn>PL.PZGIK.200</sln:gmIIPPn><sln:gmIIPWersja>2012-09-26T22:03:58+02:00</sln:gmIIPWersja><sln:gmIdTeryt>1816011</sln:gmIdTeryt><sln:gmNazwa>Dynów</sln:gmNazwa><sln:miejscIIPId>1d991977-5090-4275-a652-853e956ae6b8</sln:miejscIIPId><sln:miejscIIPPn>PL.PZGIK.200</sln:miejscIIPPn><sln:miejscIIPWersja>2017-06-28T10:48:09+02:00</sln:miejscIIPWersja><sln:miejscIdTeryt>0972186</sln:miejscIdTeryt><sln:miejscNIIPId>c18ab5e8-c162-4e20-b4ea-5b17d66ee108</sln:miejscNIIPId><sln:miejscNIIPPn>PL.PZGIK.200</sln:miejscNIIPPn><sln:miejscNIIPWersja>2017-04-20T03:22:41+02:00</sln:miejscNIIPWersja><sln:miejscNIdTeryt>0972080</sln:miejscNIdTeryt><sln:miejscNNazwa>Dynów</sln:miejscNNazwa><sln:miejscNRodzaj>Miasto</sln:miejscNRodzaj><sln:miejscNazwa>Zarzeki</sln:miejscNazwa><sln:miejscRodzaj>Inny obiekt</sln:miejscRodzaj><sln:powIIPId>7f2af54d-150f-4b9f-b9fb-d2ce1b04166e</sln:powIIPId><sln:powIIPPn>PL.PZGIK.200</sln:powIIPPn><sln:powIIPWersja>2012-09-27T08:01:01+02:00</sln:powIIPWersja><sln:powIdTeryt>1816</sln:powIdTeryt><sln:powNazwa>rzeszowski</sln:powNazwa><sln:wojIIPId>833fe14b-fe8e-40c7-9e4e-fc27c938bb11</sln:wojIIPId><sln:wojIIPPn>PL.PZGIK.200</sln:wojIIPPn><sln:wojIIPWersja>2017-10-10T00:00:00+02:00</sln:wojIIPWersja><sln:wojIdTeryt>18</sln:wojIdTeryt><sln:wojNazwa>podkarpackie</sln:wojNazwa></sln:miejscowosc><sln:miejscowosc><sln:cyklZyciaOd>2017-06-28T00:00:00+02:00</sln:cyklZyciaOd><sln:gmIIPId>cda91c6e-f798-4226-aa15-83869e351197</sln:gmIIPId><sln:gmIIPPn>PL.PZGIK.200</sln:gmIIPPn><sln:gmIIPWersja>2012-09-26T22:03:58+02:00</sln:gmIIPWersja><sln:gmIdTeryt>1816011</sln:gmIdTeryt><sln:gmNazwa>Dynów</sln:gmNazwa><sln:miejscIIPId>822a5d8d-7fd2-4270-bf37-ad90d0aaf86e</sln:miejscIIPId><sln:miejscIIPPn>PL.PZGIK.200</sln:miejscIIPPn><sln:miejscIIPWersja>2017-06-28T10:48:09+02:00</sln:miejscIIPWersja><sln:miejscIdTeryt>0972134</sln:miejscIdTeryt><sln:miejscNIIPId>c18ab5e8-c162-4e20-b4ea-5b17d66ee108</sln:miejscNIIPId><sln:miejscNIIPPn>PL.PZGIK.200</sln:miejscNIIPPn><sln:miejscNIIPWersja>2017-04-20T03:22:41+02:00</sln:miejscNIIPWersja><sln:miejscNIdTeryt>0972080</sln:miejscNIdTeryt><sln:miejscNNazwa>Dynów</sln:miejscNNazwa><sln:miejscNRodzaj>Miasto</sln:miejscNRodzaj><sln:miejscNazwa>Podwale</sln:miejscNazwa><sln:miejscRodzaj>Inny obiekt</sln:miejscRodzaj><sln:powIIPId>7f2af54d-150f-4b9f-b9fb-d2ce1b04166e</sln:powIIPId><sln:powIIPPn>PL.PZGIK.200</sln:powIIPPn><sln:powIIPWersja>2012-09-27T08:01:01+02:00</sln:powIIPWersja><sln:powIdTeryt>1816</sln:powIdTeryt><sln:powNazwa>rzeszowski</sln:powNazwa><sln:wojIIPId>833fe14b-fe8e-40c7-9e4e-fc27c938bb11</sln:wojIIPId><sln:wojIIPPn>PL.PZGIK.200</sln:wojIIPPn><sln:wojIIPWersja>2017-10-10T00:00:00+02:00</sln:wojIIPWersja><sln:wojIdTeryt>18</sln:wojIdTeryt><sln:wojNazwa>podkarpackie</sln:wojNazwa></sln:miejscowosc><sln:miejscowosc><sln:cyklZyciaOd>2017-06-28T00:00:00+02:00</sln:cyklZyciaOd><sln:gmIIPId>cda91c6e-f798-4226-aa15-83869e351197</sln:gmIIPId><sln:gmIIPPn>PL.PZGIK.200</sln:gmIIPPn><sln:gmIIPWersja>2012-09-26T22:03:58+02:00</sln:gmIIPWersja><sln:gmIdTeryt>1816011</sln:gmIdTeryt><sln:gmNazwa>Dynów</sln:gmNazwa><sln:miejscIIPId>2a2f3464-c36a-4e0a-8e2b-e4da1621a0fe</sln:miejscIIPId><sln:miejscIIPPn>PL.PZGIK.200</sln:miejscIIPPn><sln:miejscIIPWersja>2017-06-28T10:48:09+02:00</sln:miejscIIPWersja><sln:miejscIdTeryt>0601231</sln:miejscIdTeryt><sln:miejscNIIPId>c18ab5e8-c162-4e20-b4ea-5b17d66ee108</sln:miejscNIIPId><sln:miejscNIIPPn>PL.PZGIK.200</sln:miejscNIIPPn><sln:miejscNIIPWersja>2017-04-20T03:22:41+02:00</sln:miejscNIIPWersja><sln:miejscNIdTeryt>0972080</sln:miejscNIdTeryt><sln:miejscNNazwa>Dynów</sln:miejscNNazwa><sln:miejscNRodzaj>Miasto</sln:miejscNRodzaj><sln:miejscNazwa>Bartkówka</sln:miejscNazwa><sln:miejscRodzaj>Inny obiekt</sln:miejscRodzaj><sln:powIIPId>7f2af54d-150f-4b9f-b9fb-d2ce1b04166e</sln:powIIPId><sln:powIIPPn>PL.PZGIK.200</sln:powIIPPn><sln:powIIPWersja>2012-09-27T08:01:01+02:00</sln:powIIPWersja><sln:powIdTeryt>1816</sln:powIdTeryt><sln:powNazwa>rzeszowski</sln:powNazwa><sln:wojIIPId>833fe14b-fe8e-40c7-9e4e-fc27c938bb11</sln:wojIIPId><sln:wojIIPPn>PL.PZGIK.200</sln:wojIIPPn><sln:wojIIPWersja>2017-10-10T00:00:00+02:00</sln:wojIIPWersja><sln:wojIdTeryt>18</sln:wojIdTeryt><sln:wojNazwa>podkarpackie</sln:wojNazwa></sln:miejscowosc><sln:miejscowosc><sln:cyklZyciaOd>2017-06-28T00:00:00+02:00</sln:cyklZyciaOd><sln:gmIIPId>cda91c6e-f798-4226-aa15-83869e351197</sln:gmIIPId><sln:gmIIPPn>PL.PZGIK.200</sln:gmIIPPn><sln:gmIIPWersja>2012-09-26T22:03:58+02:00</sln:gmIIPWersja><sln:gmIdTeryt>1816011</sln:gmIdTeryt><sln:gmNazwa>Dynów</sln:gmNazwa><sln:miejscIIPId>a2404f39-09c9-422d-b1a5-4961392424ea</sln:miejscIIPId><sln:miejscIIPPn>PL.PZGIK.200</sln:miejscIIPPn><sln:miejscIIPWersja>2017-06-28T10:48:09+02:00</sln:miejscIIPWersja><sln:miejscIdTeryt>0972111</sln:miejscIdTeryt><sln:miejscNIIPId>c18ab5e8-c162-4e20-b4ea-5b17d66ee108</sln:miejscNIIPId><sln:miejscNIIPPn>PL.PZGIK.200</sln:miejscNIIPPn><sln:miejscNIIPWersja>2017-04-20T03:22:41+02:00</sln:miejscNIIPWersja><sln:miejscNIdTeryt>0972080</sln:miejscNIdTeryt><sln:miejscNNazwa>Dynów</sln:miejscNNazwa><sln:miejscNRodzaj>Miasto</sln:miejscNRodzaj><sln:miejscNazwa>Igioza</sln:miejscNazwa><sln:miejscRodzaj>Inny obiekt</sln:miejscRodzaj><sln:powIIPId>7f2af54d-150f-4b9f-b9fb-d2ce1b04166e</sln:powIIPId><sln:powIIPPn>PL.PZGIK.200</sln:powIIPPn><sln:powIIPWersja>2012-09-27T08:01:01+02:00</sln:powIIPWersja><sln:powIdTeryt>1816</sln:powIdTeryt><sln:powNazwa>rzeszowski</sln:powNazwa><sln:wojIIPId>833fe14b-fe8e-40c7-9e4e-fc27c938bb11</sln:wojIIPId><sln:wojIIPPn>PL.PZGIK.200</sln:wojIIPPn><sln:wojIIPWersja>2017-10-10T00:00:00+02:00</sln:wojIIPWersja><sln:wojIdTeryt>18</sln:wojIdTeryt><sln:wojNazwa>podkarpackie</sln:wojNazwa></sln:miejscowosc><sln:miejscowosc><sln:cyklZyciaOd>2017-06-28T00:00:00+02:00</sln:cyklZyciaOd><sln:gmIIPId>cda91c6e-f798-4226-aa15-83869e351197</sln:gmIIPId><sln:gmIIPPn>PL.PZGIK.200</sln:gmIIPPn><sln:gmIIPWersja>2012-09-26T22:03:58+02:00</sln:gmIIPWersja><sln:gmIdTeryt>1816011</sln:gmIdTeryt><sln:gmNazwa>Dynów</sln:gmNazwa><sln:miejscIIPId>0f4537f1-fce0-4fc4-9d59-b4c1646b6ebc</sln:miejscIIPId><sln:miejscIIPPn>PL.PZGIK.200</sln:miejscIIPPn><sln:miejscIIPWersja>2017-06-28T10:48:09+02:00</sln:miejscIIPWersja><sln:miejscIdTeryt>0972128</sln:miejscIdTeryt><sln:miejscNIIPId>c18ab5e8-c162-4e20-b4ea-5b17d66ee108</sln:miejscNIIPId><sln:miejscNIIPPn>PL.PZGIK.200</sln:miejscNIIPPn><sln:miejscNIIPWersja>2017-04-20T03:22:41+02:00</sln:miejscNIIPWersja><sln:miejscNIdTeryt>0972080</sln:miejscNIdTeryt><sln:miejscNNazwa>Dynów</sln:miejscNNazwa><sln:miejscNRodzaj>Miasto</sln:miejscNRodzaj><sln:miejscNazwa>Karolówka</sln:miejscNazwa><sln:miejscRodzaj>Inny obiekt</sln:miejscRodzaj><sln:powIIPId>7f2af54d-150f-4b9f-b9fb-d2ce1b04166e</sln:powIIPId><sln:powIIPPn>PL.PZGIK.200</sln:powIIPPn><sln:powIIPWersja>2012-09-27T08:01:01+02:00</sln:powIIPWersja><sln:powIdTeryt>1816</sln:powIdTeryt><sln:powNazwa>rzeszowski</sln:powNazwa><sln:wojIIPId>833fe14b-fe8e-40c7-9e4e-fc27c938bb11</sln:wojIIPId><sln:wojIIPPn>PL.PZGIK.200</sln:wojIIPPn><sln:wojIIPWersja>2017-10-10T00:00:00+02:00</sln:wojIIPWersja><sln:wojIdTeryt>18</sln:wojIdTeryt><sln:wojNazwa>podkarpackie</sln:wojNazwa></sln:miejscowosc><sln:miejscowosc><sln:cyklZyciaOd>2017-06-28T00:00:00+02:00</sln:cyklZyciaOd><sln:gmIIPId>cda91c6e-f798-4226-aa15-83869e351197</sln:gmIIPId><sln:gmIIPPn>PL.PZGIK.200</sln:gmIIPPn><sln:gmIIPWersja>2012-09-26T22:03:58+02:00</sln:gmIIPWersja><sln:gmIdTeryt>1816011</sln:gmIdTeryt><sln:gmNazwa>Dynów</sln:gmNazwa><sln:miejscIIPId>6c243d86-0f6c-4b6c-ac51-9dcbe2b445ae</sln:miejscIIPId><sln:miejscIIPPn>PL.PZGIK.200</sln:miejscIIPPn><sln:miejscIIPWersja>2017-06-28T10:48:09+02:00</sln:miejscIIPWersja><sln:miejscIdTeryt>0972097</sln:miejscIdTeryt><sln:miejscNIIPId>c18ab5e8-c162-4e20-b4ea-5b17d66ee108</sln:miejscNIIPId><sln:miejscNIIPPn>PL.PZGIK.200</sln:miejscNIIPPn><sln:miejscNIIPWersja>2017-04-20T03:22:41+02:00</sln:miejscNIIPWersja><sln:miejscNIdTeryt>0972080</sln:miejscNIdTeryt><sln:miejscNNazwa>Dynów</sln:miejscNNazwa><sln:miejscNRodzaj>Miasto</sln:miejscNRodzaj><sln:miejscNazwa>Błonie</sln:miejscNazwa><sln:miejscRodzaj>Inny obiekt</sln:miejscRodzaj><sln:powIIPId>7f2af54d-150f-4b9f-b9fb-d2ce1b04166e</sln:powIIPId><sln:powIIPPn>PL.PZGIK.200</sln:powIIPPn><sln:powIIPWersja>2012-09-27T08:01:01+02:00</sln:powIIPWersja><sln:powIdTeryt>1816</sln:powIdTeryt><sln:powNazwa>rzeszowski</sln:powNazwa><sln:wojIIPId>833fe14b-fe8e-40c7-9e4e-fc27c938bb11</sln:wojIIPId><sln:wojIIPPn>PL.PZGIK.200</sln:wojIIPPn><sln:wojIIPWersja>2017-10-10T00:00:00+02:00</sln:wojIIPWersja><sln:wojIdTeryt>18</sln:wojIdTeryt><sln:wojNazwa>podkarpackie</sln:wojNazwa></sln:miejscowosc><sln:miejscowosc><sln:cyklZyciaOd>2017-06-28T00:00:00+02:00</sln:cyklZyciaOd><sln:gmIIPId>cda91c6e-f798-4226-aa15-83869e351197</sln:gmIIPId><sln:gmIIPPn>PL.PZGIK.200</sln:gmIIPPn><sln:gmIIPWersja>2012-09-26T22:03:58+02:00</sln:gmIIPWersja><sln:gmIdTeryt>1816011</sln:gmIdTeryt><sln:gmNazwa>Dynów</sln:gmNazwa><sln:miejscIIPId>f36b17d9-d495-42f2-a62d-da4d393377ab</sln:miejscIIPId><sln:miejscIIPPn>PL.PZGIK.200</sln:miejscIIPPn><sln:miejscIIPWersja>2017-06-28T10:48:09+02:00</sln:miejscIIPWersja><sln:miejscIdTeryt>0601248</sln:miejscIdTeryt><sln:miejscNIIPId>c18ab5e8-c162-4e20-b4ea-5b17d66ee108</sln:miejscNIIPId><sln:miejscNIIPPn>PL.PZGIK.200</sln:miejscNIIPPn><sln:miejscNIIPWersja>2017-04-20T03:22:41+02:00</sln:miejscNIIPWersja><sln:miejscNIdTeryt>0972080</sln:miejscNIdTeryt><sln:miejscNNazwa>Dynów</sln:miejscNNazwa><sln:miejscNRodzaj>Miasto</sln:miejscNRodzaj><sln:miejscNazwa>Dymitówki</sln:miejscNazwa><sln:miejscRodzaj>Inny obiekt</sln:miejscRodzaj><sln:powIIPId>7f2af54d-150f-4b9f-b9fb-d2ce1b04166e</sln:powIIPId><sln:powIIPPn>PL.PZGIK.200</sln:powIIPPn><sln:powIIPWersja>2012-09-27T08:01:01+02:00</sln:powIIPWersja><sln:powIdTeryt>1816</sln:powIdTeryt><sln:powNazwa>rzeszowski</sln:powNazwa><sln:wojIIPId>833fe14b-fe8e-40c7-9e4e-fc27c938bb11</sln:wojIIPId><sln:wojIIPPn>PL.PZGIK.200</sln:wojIIPPn><sln:wojIIPWersja>2017-10-10T00:00:00+02:00</sln:wojIIPWersja><sln:wojIdTeryt>18</sln:wojIdTeryt><sln:wojNazwa>podkarpackie</sln:wojNazwa></sln:miejscowosc><sln:miejscowosc><sln:cyklZyciaOd>2017-06-28T00:00:00+02:00</sln:cyklZyciaOd><sln:gmIIPId>cda91c6e-f798-4226-aa15-83869e351197</sln:gmIIPId><sln:gmIIPPn>PL.PZGIK.200</sln:gmIIPPn><sln:gmIIPWersja>2012-09-26T22:03:58+02:00</sln:gmIIPWersja><sln:gmIdTeryt>1816011</sln:gmIdTeryt><sln:gmNazwa>Dynów</sln:gmNazwa><sln:miejscIIPId>2a2259cb-4bf8-4c3e-a2ec-70d6d67ef91d</sln:miejscIIPId><sln:miejscIIPPn>PL.PZGIK.200</sln:miejscIIPPn><sln:miejscIIPWersja>2017-06-28T10:48:09+02:00</sln:miejscIIPWersja><sln:miejscIdTeryt>0601254</sln:miejscIdTeryt><sln:miejscNIIPId>c18ab5e8-c162-4e20-b4ea-5b17d66ee108</sln:miejscNIIPId><sln:miejscNIIPPn>PL.PZGIK.200</sln:miejscNIIPPn><sln:miejscNIIPWersja>2017-04-20T03:22:41+02:00</sln:miejscNIIPWersja><sln:miejscNIdTeryt>0972080</sln:miejscNIdTeryt><sln:miejscNNazwa>Dynów</sln:miejscNNazwa><sln:miejscNRodzaj>Miasto</sln:miejscNRodzaj><sln:miejscNazwa>Dół</sln:miejscNazwa><sln:miejscRodzaj>Inny obiekt</sln:miejscRodzaj><sln:powIIPId>7f2af54d-150f-4b9f-b9fb-d2ce1b04166e</sln:powIIPId><sln:powIIPPn>PL.PZGIK.200</sln:powIIPPn><sln:powIIPWersja>2012-09-27T08:01:01+02:00</sln:powIIPWersja><sln:powIdTeryt>1816</sln:powIdTeryt><sln:powNazwa>rzeszowski</sln:powNazwa><sln:wojIIPId>833fe14b-fe8e-40c7-9e4e-fc27c938bb11</sln:wojIIPId><sln:wojIIPPn>PL.PZGIK.200</sln:wojIIPPn><sln:wojIIPWersja>2017-10-10T00:00:00+02:00</sln:wojIIPWersja><sln:wojIdTeryt>18</sln:wojIdTeryt><sln:wojNazwa>podkarpackie</sln:wojNazwa></sln:miejscowosc><sln:miejscowosc><sln:cyklZyciaOd>2017-06-28T00:00:00+02:00</sln:cyklZyciaOd><sln:gmIIPId>cda91c6e-f798-4226-aa15-83869e351197</sln:gmIIPId><sln:gmIIPPn>PL.PZGIK.200</sln:gmIIPPn><sln:gmIIPWersja>2012-09-26T22:03:58+02:00</sln:gmIIPWersja><sln:gmIdTeryt>1816011</sln:gmIdTeryt><sln:gmNazwa>Dynów</sln:gmNazwa><sln:miejscIIPId>40a7788e-22c7-42c7-b69c-224f94b8a145</sln:miejscIIPId><sln:miejscIIPPn>PL.PZGIK.200</sln:miejscIIPPn><sln:miejscIIPWersja>2017-06-28T10:48:09+02:00</sln:miejscIIPWersja><sln:miejscIdTeryt>0601260</sln:miejscIdTeryt><sln:miejscNIIPId>c18ab5e8-c162-4e20-b4ea-5b17d66ee108</sln:miejscNIIPId><sln:miejscNIIPPn>PL.PZGIK.200</sln:miejscNIIPPn><sln:miejscNIIPWersja>2017-04-20T03:22:41+02:00</sln:miejscNIIPWersja><sln:miejscNIdTeryt>0972080</sln:miejscNIdTeryt><sln:miejscNNazwa>Dynów</sln:miejscNNazwa><sln:miejscNRodzaj>Miasto</sln:miejscNRodzaj><sln:miejscNazwa>Góra</sln:miejscNazwa><sln:miejscRodzaj>Inny obiekt</sln:miejscRodzaj><sln:powIIPId>7f2af54d-150f-4b9f-b9fb-d2ce1b04166e</sln:powIIPId><sln:powIIPPn>PL.PZGIK.200</sln:powIIPPn><sln:powIIPWersja>2012-09-27T08:01:01+02:00</sln:powIIPWersja><sln:powIdTeryt>1816</sln:powIdTeryt><sln:powNazwa>rzeszowski</sln:powNazwa><sln:wojIIPId>833fe14b-fe8e-40c7-9e4e-fc27c938bb11</sln:wojIIPId><sln:wojIIPPn>PL.PZGIK.200</sln:wojIIPPn><sln:wojIIPWersja>2017-10-10T00:00:00+02:00</sln:wojIIPWersja><sln:wojIdTeryt>18</sln:wojIdTeryt><sln:wojNazwa>podkarpackie</sln:wojNazwa></sln:miejscowosc><sln:miejscowosc><sln:cyklZyciaOd>2017-06-28T00:00:00+02:00</sln:cyklZyciaOd><sln:gmIIPId>cda91c6e-f798-4226-aa15-83869e351197</sln:gmIIPId><sln:gmIIPPn>PL.PZGIK.200</sln:gmIIPPn><sln:gmIIPWersja>2012-09-26T22:03:58+02:00</sln:gmIIPWersja><sln:gmIdTeryt>1816011</sln:gmIdTeryt><sln:gmNazwa>Dynów</sln:gmNazwa><sln:miejscIIPId>1eb10282-b921-4dda-a26c-7d80dd967aa3</sln:miejscIIPId><sln:miejscIIPPn>PL.PZGIK.200</sln:miejscIIPPn><sln:miejscIIPWersja>2017-06-28T10:48:09+02:00</sln:miejscIIPWersja><sln:miejscIdTeryt>0601277</sln:miejscIdTeryt><sln:miejscNIIPId>c18ab5e8-c162-4e20-b4ea-5b17d66ee108</sln:miejscNIIPId><sln:miejscNIIPPn>PL.PZGIK.200</sln:miejscNIIPPn><sln:miejscNIIPWersja>2017-04-20T03:22:41+02:00</sln:miejscNIIPWersja><sln:miejscNIdTeryt>0972080</sln:miejscNIdTeryt><sln:miejscNNazwa>Dynów</sln:miejscNNazwa><sln:miejscNRodzaj>Miasto</sln:miejscNRodzaj><sln:miejscNazwa>Pieczarze</sln:miejscNazwa><sln:miejscRodzaj>Inny obiekt</sln:miejscRodzaj><sln:powIIPId>7f2af54d-150f-4b9f-b9fb-d2ce1b04166e</sln:powIIPId><sln:powIIPPn>PL.PZGIK.200</sln:powIIPPn><sln:powIIPWersja>2012-09-27T08:01:01+02:00</sln:powIIPWersja><sln:powIdTeryt>1816</sln:powIdTeryt><sln:powNazwa>rzeszowski</sln:powNazwa><sln:wojIIPId>833fe14b-fe8e-40c7-9e4e-fc27c938bb11</sln:wojIIPId><sln:wojIIPPn>PL.PZGIK.200</sln:wojIIPPn><sln:wojIIPWersja>2017-10-10T00:00:00+02:00</sln:wojIIPWersja><sln:wojIdTeryt>18</sln:wojIdTeryt><sln:wojNazwa>podkarpackie</sln:wojNazwa></sln:miejscowosc><sln:miejscowosc><sln:cyklZyciaOd>2017-06-28T00:00:00+02:00</sln:cyklZyciaOd><sln:gmIIPId>cda91c6e-f798-4226-aa15-83869e351197</sln:gmIIPId><sln:gmIIPPn>PL.PZGIK.200</sln:gmIIPPn><sln:gmIIPWersja>2012-09-26T22:03:58+02:00</sln:gmIIPWersja><sln:gmIdTeryt>1816011</sln:gmIdTeryt><sln:gmNazwa>Dynów</sln:gmNazwa><sln:miejscIIPId>dd185788-4124-4a40-8a18-d6414481caa1</sln:miejscIIPId><sln:miejscIIPPn>PL.PZGIK.200</sln:miejscIIPPn><sln:miejscIIPWersja>2017-06-28T10:48:09+02:00</sln:miejscIIPWersja><sln:miejscIdTeryt>0601283</sln:miejscIdTeryt><sln:miejscNIIPId>c18ab5e8-c162-4e20-b4ea-5b17d66ee108</sln:miejscNIIPId><sln:miejscNIIPPn>PL.PZGIK.200</sln:miejscNIIPPn><sln:miejscNIIPWersja>2017-04-20T03:22:41+02:00</sln:miejscNIIPWersja><sln:miejscNIdTeryt>0972080</sln:miejscNIdTeryt><sln:miejscNNazwa>Dynów</sln:miejscNNazwa><sln:miejscNRodzaj>Miasto</sln:miejscNRodzaj><sln:miejscNazwa>Skała</sln:miejscNazwa><sln:miejscRodzaj>Inny obiekt</sln:miejscRodzaj><sln:powIIPId>7f2af54d-150f-4b9f-b9fb-d2ce1b04166e</sln:powIIPId><sln:powIIPPn>PL.PZGIK.200</sln:powIIPPn><sln:powIIPWersja>2012-09-27T08:01:01+02:00</sln:powIIPWersja><sln:powIdTeryt>1816</sln:powIdTeryt><sln:powNazwa>rzeszowski</sln:powNazwa><sln:wojIIPId>833fe14b-fe8e-40c7-9e4e-fc27c938bb11</sln:wojIIPId><sln:wojIIPPn>PL.PZGIK.200</sln:wojIIPPn><sln:wojIIPWersja>2017-10-10T00:00:00+02:00</sln:wojIIPWersja><sln:wojIdTeryt>18</sln:wojIdTeryt><sln:wojNazwa>podkarpackie</sln:wojNazwa></sln:miejscowosc></sln:lista-miejscowosci>