<?xml version="1.0" encoding="UTF-8" standalone="yes"?><sln:lista-miejscowosci xmlns:srv="http://gugik.gov.pl/schemas/slowniki-service/1.0" xmlns:sln="http://gugik.gov.pl/schemas/slowniki-schema/1.0"><sln:miejscowosc><sln:cyklZyciaOd>2014-12-07T00:00:00+01:00</sln:cyklZyciaOd><sln:gmIIPId>7552607e-185d-453b-a429-dd48cdf9d57d</sln:gmIIPId><sln:gmIIPPn>PL.PZGIK.200</sln:gmIIPPn><sln:gmIIPWersja>2012-09-26T22:01:11+02:00</sln:gmIIPWersja><sln:gmIdTeryt>1809063</sln:gmIdTeryt><sln:gmNazwa>Oleszyce</sln:gmNazwa><sln:miejscIIPId>36f9195a-812d-406d-92ff-e48f03e21078</sln:miejscIIPId><sln:miejscIIPPn>PL.PZGIK.200</sln:miejscIIPPn><sln:miejscIIPWersja>2016-11-24T13:25:46+02:00</sln:miejscIIPWersja><sln:miejscIdTeryt>0607222</sln:miejscIdTeryt><sln:miejscNazwa>Uszkowce</sln:miejscNazwa><sln:miejscRodzaj>Inny obiekt</sln:miejscRodzaj><sln:powIIPId>cbda7396-a9b3-434f-b819-bee9c24d7738</sln:powIIPId><sln:powIIPPn>PL.PZGIK.200</sln:powIIPPn><sln:powIIPWersja>2012-09-27T08:01:01+02:00</sln:powIIPWersja><sln:powIdTeryt>1809</sln:powIdTeryt><sln:powNazwa>lubaczowski</sln:powNazwa><sln:wojIIPId>833fe14b-fe8e-40c7-9e4e-fc27c938bb11</sln:wojIIPId><sln:wojIIPPn>PL.PZGIK.200</sln:wojIIPPn><sln:wojIIPWersja>2017-10-10T00:00:00+02:00</sln:wojIIPWersja><sln:wojIdTeryt>18</sln:wojIdTeryt><sln:wojNazwa>podkarpackie</sln:wojNazwa></sln:miejscowosc><sln:miejscowosc><sln:cyklZyciaOd>2014-12-07T00:00:00+01:00</sln:cyklZyciaOd><sln:gmIIPId>7552607e-185d-453b-a429-dd48cdf9d57d</sln:gmIIPId><sln:gmIIPPn>PL.PZGIK.200</sln:gmIIPPn><sln:gmIIPWersja>2012-09-26T22:01:11+02:00</sln:gmIIPWersja><sln:gmIdTeryt>1809063</sln:gmIdTeryt><sln:gmNazwa>Oleszyce</sln:gmNazwa><sln:miejscIIPId>441c9bec-a075-42c0-98a2-7b5a01782dec</sln:miejscIIPId><sln:miejscIIPPn>PL.PZGIK.200</sln:miejscIIPPn><sln:miejscIIPWersja>2016-11-24T13:25:46+02:00</sln:miejscIIPWersja><sln:miejscIdTeryt>0607156</sln:miejscIdTeryt><sln:miejscNazwa>Dubiki</sln:miejscNazwa><sln:miejscRodzaj>Inny obiekt</sln:miejscRodzaj><sln:powIIPId>cbda7396-a9b3-434f-b819-bee9c24d7738</sln:powIIPId><sln:powIIPPn>PL.PZGIK.200</sln:powIIPPn><sln:powIIPWersja>2012-09-27T08:01:01+02:00</sln:powIIPWersja><sln:powIdTeryt>1809</sln:powIdTeryt><sln:powNazwa>lubaczowski</sln:powNazwa><sln:wojIIPId>833fe14b-fe8e-40c7-9e4e-fc27c938bb11</sln:wojIIPId><sln:wojIIPPn>PL.PZGIK.200</sln:wojIIPPn><sln:wojIIPWersja>2017-10-10T00:00:00+02:00</sln:wojIIPWersja><sln:wojIdTeryt>18</sln:wojIdTeryt><sln:wojNazwa>podkarpackie</sln:wojNazwa></sln:miejscowosc><sln:miejscowosc><sln:cyklZyciaOd>2014-12-07T00:00:00+01:00</sln:cyklZyciaOd><sln:gmIIPId>7552607e-185d-453b-a429-dd48cdf9d57d</sln:gmIIPId><sln:gmIIPPn>PL.PZGIK.200</sln:gmIIPPn><sln:gmIIPWersja>2012-09-26T22:01:11+02:00</sln:gmIIPWersja><sln:gmIdTeryt>1809063</sln:gmIdTeryt><sln:gmNazwa>Oleszyce</sln:gmNazwa><sln:miejscIIPId>af86f155-78a9-40a3-91c1-532ec9637b0a</sln:miejscIIPId><sln:miejscIIPPn>PL.PZGIK.200</sln:miejscIIPPn><sln:miejscIIPWersja>2016-11-24T13:25:47+02:00</sln:miejscIIPWersja><sln:miejscIdTeryt>0607274</sln:miejscIdTeryt><sln:miejscNazwa>Zalesie</sln:miejscNazwa><sln:miejscRodzaj>Wieś</sln:miejscRodzaj><sln:powIIPId>cbda7396-a9b3-434f-b819-bee9c24d7738</sln:powIIPId><sln:powIIPPn>PL.PZGIK.200</sln:powIIPPn><sln:powIIPWersja>2012-09-27T08:01:01+02:00</sln:powIIPWersja><sln:powIdTeryt>1809</sln:powIdTeryt><sln:powNazwa>lubaczowski</sln:powNazwa><sln:wojIIPId>833fe14b-fe8e-40c7-9e4e-fc27c938bb11</sln:wojIIPId><sln:wojIIPPn>PL.PZGIK.200</sln:wojIIPPn><sln:wojIIPWersja>2017-10-10T00:00:00+02:00</sln:wojIIPWersja><sln:wojIdTeryt>18</sln:wojIdTeryt><sln:wojNazwa>podkarpackie</sln:wojNazwa></sln:miejscowosc><sln:miejscowosc><sln:cyklZyciaOd>2014-12-07T00:00:00+01:00</sln:cyklZyciaOd><sln:gmIIPId>7552607e-185d-453b-a429-dd48cdf9d57d</sln:gmIIPId><sln:gmIIPPn>PL.PZGIK.200</sln:gmIIPPn><sln:gmIIPWersja>2012-09-26T22:01:11+02:00</sln:gmIIPWersja><sln:gmIdTeryt>1809063</sln:gmIdTeryt><sln:gmNazwa>Oleszyce</sln:gmNazwa><sln:miejscIIPId>cff66b53-4c05-4b07-9475-79412e6fcda3</sln:miejscIIPId><sln:miejscIIPPn>PL.PZGIK.200</sln:miejscIIPPn><sln:miejscIIPWersja>2016-11-24T13:25:46+02:00</sln:miejscIIPWersja><sln:miejscIdTeryt>0972507</sln:miejscIdTeryt><sln:miejscNazwa>Oleszyce</sln:miejscNazwa><sln:miejscRodzaj>Miasto</sln:miejscRodzaj><sln:powIIPId>cbda7396-a9b3-434f-b819-bee9c24d7738</sln:powIIPId><sln:powIIPPn>PL.PZGIK.200</sln:powIIPPn><sln:powIIPWersja>2012-09-27T08:01:01+02:00</sln:powIIPWersja><sln:powIdTeryt>1809</sln:powIdTeryt><sln:powNazwa>lubaczowski</sln:powNazwa><sln:wojIIPId>833fe14b-fe8e-40c7-9e4e-fc27c938bb11</sln:wojIIPId><sln:wojIIPPn>PL.PZGIK.200</sln:wojIIPPn><sln:wojIIPWersja>2017-10-10T00:00:00+02:00</sln:wojIIPWersja><sln:wojIdTeryt>18</sln:wojIdTeryt><sln:wojNazwa>podkarpackie</sln:wojNazwa></sln:miejscowosc><sln:miejscowosc><sln:cyklZyciaOd>2014-12-07T00:00:00+01:00</sln:cyklZyciaOd><sln:gmIIPId>7552607e-185d-453b-a429-dd48cdf9d57d</sln:gmIIPId><sln:gmIIPPn>PL.PZGIK.200</sln:gmIIPPn><sln:gmIIPWersja>2012-09-26T22:01:11+02:00</sln:gmIIPWersja><sln:gmIdTeryt>1809063</sln:gmIdTeryt><sln:gmNazwa>Oleszyce</sln:gmNazwa><sln:miejscIIPId>1617150b-35e5-416d-b14d-07ab3b872f7a</sln:miejscIIPId><sln:miejscIIPPn>PL.PZGIK.200</sln:miejscIIPPn><sln:miejscIIPWersja>2016-11-24T13:25:46+02:00</sln:miejscIIPWersja><sln:miejscIdTeryt>0607179</sln:miejscIdTeryt><sln:miejscNazwa>Lubomierz</sln:miejscNazwa><sln:miejscRodzaj>Osada</sln:miejscRodzaj><sln:powIIPId>cbda7396-a9b3-434f-b819-bee9c24d7738</sln:powIIPId><sln:powIIPPn>PL.PZGIK.200</sln:powIIPPn><sln:powIIPWersja>2012-09-27T08:01:01+02:00</sln:powIIPWersja><sln:powIdTeryt>1809</sln:powIdTeryt><sln:powNazwa>lubaczowski</sln:powNazwa><sln:wojIIPId>833fe14b-fe8e-40c7-9e4e-fc27c938bb11</sln:wojIIPId><sln:wojIIPPn>PL.PZGIK.200</sln:wojIIPPn><sln:wojIIPWersja>2017-10-10T00:00:00+02:00</sln:wojIIPWersja><sln:wojIdTeryt>18</sln:wojIdTeryt><sln:wojNazwa>podkarpackie</sln:wojNazwa></sln:miejscowosc><sln:miejscowosc><sln:cyklZyciaOd>2014-12-07T00:00:00+01:00</sln:cyklZyciaOd><sln:gmIIPId>7552607e-185d-453b-a429-dd48cdf9d57d</sln:gmIIPId><sln:gmIIPPn>PL.PZGIK.200</sln:gmIIPPn><sln:gmIIPWersja>2012-09-26T22:01:11+02:00</sln:gmIIPWersja><sln:gmIdTeryt>1809063</sln:gmIdTeryt><sln:gmNazwa>Oleszyce</sln:gmNazwa><sln:miejscIIPId>2caf3980-5127-4d28-9487-130991789bd5</sln:miejscIIPId><sln:miejscIIPPn>PL.PZGIK.200</sln:miejscIIPPn><sln:miejscIIPWersja>2016-11-24T13:25:46+02:00</sln:miejscIIPWersja><sln:miejscIdTeryt>0607191</sln:miejscIdTeryt><sln:miejscNazwa>Ruda</sln:miejscNazwa><sln:miejscRodzaj>Inny obiekt</sln:miejscRodzaj><sln:powIIPId>cbda7396-a9b3-434f-b819-bee9c24d7738</sln:powIIPId><sln:powIIPPn>PL.PZGIK.200</sln:powIIPPn><sln:powIIPWersja>2012-09-27T08:01:01+02:00</sln:powIIPWersja><sln:powIdTeryt>1809</sln:powIdTeryt><sln:powNazwa>lubaczowski</sln:powNazwa><sln:wojIIPId>833fe14b-fe8e-40c7-9e4e-fc27c938bb11</sln:wojIIPId><sln:wojIIPPn>PL.PZGIK.200</sln:wojIIPPn><sln:wojIIPWersja>2017-10-10T00:00:00+02:00</sln:wojIIPWersja><sln:wojIdTeryt>18</sln:wojIdTeryt><sln:wojNazwa>podkarpackie</sln:wojNazwa></sln:miejscowosc><sln:miejscowosc><sln:cyklZyciaOd>2014-12-07T00:00:00+01:00</sln:cyklZyciaOd><sln:gmIIPId>7552607e-185d-453b-a429-dd48cdf9d57d</sln:gmIIPId><sln:gmIIPPn>PL.PZGIK.200</sln:gmIIPPn><sln:gmIIPWersja>2012-09-26T22:01:11+02:00</sln:gmIIPWersja><sln:gmIdTeryt>1809063</sln:gmIdTeryt><sln:gmNazwa>Oleszyce</sln:gmNazwa><sln:miejscIIPId>c9833829-fdc9-4145-ad8d-c77ab5a25204</sln:miejscIIPId><sln:miejscIIPPn>PL.PZGIK.200</sln:miejscIIPPn><sln:miejscIIPWersja>2016-11-24T13:25:46+02:00</sln:miejscIIPWersja><sln:miejscIdTeryt>0607200</sln:miejscIdTeryt><sln:miejscNazwa>Hamernia</sln:miejscNazwa><sln:miejscRodzaj>Inny obiekt</sln:miejscRodzaj><sln:powIIPId>cbda7396-a9b3-434f-b819-bee9c24d7738</sln:powIIPId><sln:powIIPPn>PL.PZGIK.200</sln:powIIPPn><sln:powIIPWersja>2012-09-27T08:01:01+02:00</sln:powIIPWersja><sln:powIdTeryt>1809</sln:powIdTeryt><sln:powNazwa>lubaczowski</sln:powNazwa><sln:wojIIPId>833fe14b-fe8e-40c7-9e4e-fc27c938bb11</sln:wojIIPId><sln:wojIIPPn>PL.PZGIK.200</sln:wojIIPPn><sln:wojIIPWersja>2017-10-10T00:00:00+02:00</sln:wojIIPWersja><sln:wojIdTeryt>18</sln:wojIdTeryt><sln:wojNazwa>podkarpackie</sln:wojNazwa></sln:miejscowosc><sln:miejscowosc><sln:cyklZyciaOd>2014-12-07T00:00:00+01:00</sln:cyklZyciaOd><sln:gmIIPId>7552607e-185d-453b-a429-dd48cdf9d57d</sln:gmIIPId><sln:gmIIPPn>PL.PZGIK.200</sln:gmIIPPn><sln:gmIIPWersja>2012-09-26T22:01:11+02:00</sln:gmIIPWersja><sln:gmIdTeryt>1809063</sln:gmIdTeryt><sln:gmNazwa>Oleszyce</sln:gmNazwa><sln:miejscIIPId>c1b4273b-17eb-4f3b-9bcd-937b85b6ef5e</sln:miejscIIPId><sln:miejscIIPPn>PL.PZGIK.200</sln:miejscIIPPn><sln:miejscIIPWersja>2016-11-24T13:25:47+02:00</sln:miejscIIPWersja><sln:miejscIdTeryt>0607216</sln:miejscIdTeryt><sln:miejscNazwa>Stare Oleszyce</sln:miejscNazwa><sln:miejscRodzaj>Wieś</sln:miejscRodzaj><sln:powIIPId>cbda7396-a9b3-434f-b819-bee9c24d7738</sln:powIIPId><sln:powIIPPn>PL.PZGIK.200</sln:powIIPPn><sln:powIIPWersja>2012-09-27T08:01:01+02:00</sln:powIIPWersja><sln:powIdTeryt>1809</sln:powIdTeryt><sln:powNazwa>lubaczowski</sln:powNazwa><sln:wojIIPId>833fe14b-fe8e-40c7-9e4e-fc27c938bb11</sln:wojIIPId><sln:wojIIPPn>PL.PZGIK.200</sln:wojIIPPn><sln:wojIIPWersja>2017-10-10T00:00:00+02:00</sln:wojIIPWersja><sln:wojIdTeryt>18</sln:wojIdTeryt><sln:wojNazwa>podkarpackie</sln:wojNazwa></sln:miejscowosc><sln:miejscowosc><sln:cyklZyciaOd>2014-12-07T00:00:00+01:00</sln:cyklZyciaOd><sln:gmIIPId>7552607e-185d-453b-a429-dd48cdf9d57d</sln:gmIIPId><sln:gmIIPPn>PL.PZGIK.200</sln:gmIIPPn><sln:gmIIPWersja>2012-09-26T22:01:11+02:00</sln:gmIIPWersja><sln:gmIdTeryt>1809063</sln:gmIdTeryt><sln:gmNazwa>Oleszyce</sln:gmNazwa><sln:miejscIIPId>08f615f9-6a36-40e8-a8fc-d514422f76b0</sln:miejscIIPId><sln:miejscIIPPn>PL.PZGIK.200</sln:miejscIIPPn><sln:miejscIIPWersja>2016-11-24T13:25:46+02:00</sln:miejscIIPWersja><sln:miejscIdTeryt>0607127</sln:miejscIdTeryt><sln:miejscNazwa>Borchów</sln:miejscNazwa><sln:miejscRodzaj>Wieś</sln:miejscRodzaj><sln:powIIPId>cbda7396-a9b3-434f-b819-bee9c24d7738</sln:powIIPId><sln:powIIPPn>PL.PZGIK.200</sln:powIIPPn><sln:powIIPWersja>2012-09-27T08:01:01+02:00</sln:powIIPWersja><sln:powIdTeryt>1809</sln:powIdTeryt><sln:powNazwa>lubaczowski</sln:powNazwa><sln:wojIIPId>833fe14b-fe8e-40c7-9e4e-fc27c938bb11</sln:wojIIPId><sln:wojIIPPn>PL.PZGIK.200</sln:wojIIPPn><sln:wojIIPWersja>2017-10-10T00:00:00+02:00</sln:wojIIPWersja><sln:wojIdTeryt>18</sln:wojIdTeryt><sln:wojNazwa>podkarpackie</sln:wojNazwa></sln:miejscowosc><sln:miejscowosc><sln:cyklZyciaOd>2014-12-07T00:00:00+01:00</sln:cyklZyciaOd><sln:gmIIPId>7552607e-185d-453b-a429-dd48cdf9d57d</sln:gmIIPId><sln:gmIIPPn>PL.PZGIK.200</sln:gmIIPPn><sln:gmIIPWersja>2012-09-26T22:01:11+02:00</sln:gmIIPWersja><sln:gmIdTeryt>1809063</sln:gmIdTeryt><sln:gmNazwa>Oleszyce</sln:gmNazwa><sln:miejscIIPId>01d6abd9-ef8e-4007-a998-9b9bc8a199f9</sln:miejscIIPId><sln:miejscIIPPn>PL.PZGIK.200</sln:miejscIIPPn><sln:miejscIIPWersja>2016-11-24T13:25:46+02:00</sln:miejscIIPWersja><sln:miejscIdTeryt>0607280</sln:miejscIdTeryt><sln:miejscNazwa>Sucha Wola</sln:miejscNazwa><sln:miejscRodzaj>Osada</sln:miejscRodzaj><sln:powIIPId>cbda7396-a9b3-434f-b819-bee9c24d7738</sln:powIIPId><sln:powIIPPn>PL.PZGIK.200</sln:powIIPPn><sln:powIIPWersja>2012-09-27T08:01:01+02:00</sln:powIIPWersja><sln:powIdTeryt>1809</sln:powIdTeryt><sln:powNazwa>lubaczowski</sln:powNazwa><sln:wojIIPId>833fe14b-fe8e-40c7-9e4e-fc27c938bb11</sln:wojIIPId><sln:wojIIPPn>PL.PZGIK.200</sln:wojIIPPn><sln:wojIIPWersja>2017-10-10T00:00:00+02:00</sln:wojIIPWersja><sln:wojIdTeryt>18</sln:wojIdTeryt><sln:wojNazwa>podkarpackie</sln:wojNazwa></sln:miejscowosc><sln:miejscowosc><sln:cyklZyciaOd>2014-12-07T00:00:00+01:00</sln:cyklZyciaOd><sln:gmIIPId>7552607e-185d-453b-a429-dd48cdf9d57d</sln:gmIIPId><sln:gmIIPPn>PL.PZGIK.200</sln:gmIIPPn><sln:gmIIPWersja>2012-09-26T22:01:11+02:00</sln:gmIIPWersja><sln:gmIdTeryt>1809063</sln:gmIdTeryt><sln:gmNazwa>Oleszyce</sln:gmNazwa><sln:miejscIIPId>2feca82f-40da-457e-baf6-d8deb897749f</sln:miejscIIPId><sln:miejscIIPPn>PL.PZGIK.200</sln:miejscIIPPn><sln:miejscIIPWersja>2016-11-24T13:25:46+02:00</sln:miejscIIPWersja><sln:miejscIdTeryt>0607239</sln:miejscIdTeryt><sln:miejscNazwa>Zabiała</sln:miejscNazwa><sln:miejscRodzaj>Inny obiekt</sln:miejscRodzaj><sln:powIIPId>cbda7396-a9b3-434f-b819-bee9c24d7738</sln:powIIPId><sln:powIIPPn>PL.PZGIK.200</sln:powIIPPn><sln:powIIPWersja>2012-09-27T08:01:01+02:00</sln:powIIPWersja><sln:powIdTeryt>1809</sln:powIdTeryt><sln:powNazwa>lubaczowski</sln:powNazwa><sln:wojIIPId>833fe14b-fe8e-40c7-9e4e-fc27c938bb11</sln:wojIIPId><sln:wojIIPPn>PL.PZGIK.200</sln:wojIIPPn><sln:wojIIPWersja>2017-10-10T00:00:00+02:00</sln:wojIIPWersja><sln:wojIdTeryt>18</sln:wojIdTeryt><sln:wojNazwa>podkarpackie</sln:wojNazwa></sln:miejscowosc><sln:miejscowosc><sln:cyklZyciaOd>2014-12-07T00:00:00+01:00</sln:cyklZyciaOd><sln:gmIIPId>7552607e-185d-453b-a429-dd48cdf9d57d</sln:gmIIPId><sln:gmIIPPn>PL.PZGIK.200</sln:gmIIPPn><sln:gmIIPWersja>2012-09-26T22:01:11+02:00</sln:gmIIPWersja><sln:gmIdTeryt>1809063</sln:gmIdTeryt><sln:gmNazwa>Oleszyce</sln:gmNazwa><sln:miejscIIPId>5b26dd6b-df36-43f8-a10d-aa1600390af4</sln:miejscIIPId><sln:miejscIIPPn>PL.PZGIK.200</sln:miejscIIPPn><sln:miejscIIPWersja>2016-11-24T13:25:46+02:00</sln:miejscIIPWersja><sln:miejscIdTeryt>0607133</sln:miejscIdTeryt><sln:miejscNazwa>Mielniki</sln:miejscNazwa><sln:miejscRodzaj>Inny obiekt</sln:miejscRodzaj><sln:powIIPId>cbda7396-a9b3-434f-b819-bee9c24d7738</sln:powIIPId><sln:powIIPPn>PL.PZGIK.200</sln:powIIPPn><sln:powIIPWersja>2012-09-27T08:01:01+02:00</sln:powIIPWersja><sln:powIdTeryt>1809</sln:powIdTeryt><sln:powNazwa>lubaczowski</sln:powNazwa><sln:wojIIPId>833fe14b-fe8e-40c7-9e4e-fc27c938bb11</sln:wojIIPId><sln:wojIIPPn>PL.PZGIK.200</sln:wojIIPPn><sln:wojIIPWersja>2017-10-10T00:00:00+02:00</sln:wojIIPWersja><sln:wojIdTeryt>18</sln:wojIdTeryt><sln:wojNazwa>podkarpackie</sln:wojNazwa></sln:miejscowosc><sln:miejscowosc><sln:cyklZyciaOd>2014-12-07T00:00:00+01:00</sln:cyklZyciaOd><sln:gmIIPId>7552607e-185d-453b-a429-dd48cdf9d57d</sln:gmIIPId><sln:gmIIPPn>PL.PZGIK.200</sln:gmIIPPn><sln:gmIIPWersja>2012-09-26T22:01:11+02:00</sln:gmIIPWersja><sln:gmIdTeryt>1809063</sln:gmIdTeryt><sln:gmNazwa>Oleszyce</sln:gmNazwa><sln:miejscIIPId>e439141b-45d2-461c-ad20-f83b803c76c8</sln:miejscIIPId><sln:miejscIIPPn>PL.PZGIK.200</sln:miejscIIPPn><sln:miejscIIPWersja>2016-11-24T13:25:47+02:00</sln:miejscIIPWersja><sln:miejscIdTeryt>0607140</sln:miejscIdTeryt><sln:miejscNazwa>Futory</sln:miejscNazwa><sln:miejscRodzaj>Wieś</sln:miejscRodzaj><sln:powIIPId>cbda7396-a9b3-434f-b819-bee9c24d7738</sln:powIIPId><sln:powIIPPn>PL.PZGIK.200</sln:powIIPPn><sln:powIIPWersja>2012-09-27T08:01:01+02:00</sln:powIIPWersja><sln:powIdTeryt>1809</sln:powIdTeryt><sln:powNazwa>lubaczowski</sln:powNazwa><sln:wojIIPId>833fe14b-fe8e-40c7-9e4e-fc27c938bb11</sln:wojIIPId><sln:wojIIPPn>PL.PZGIK.200</sln:wojIIPPn><sln:wojIIPWersja>2017-10-10T00:00:00+02:00</sln:wojIIPWersja><sln:wojIdTeryt>18</sln:wojIdTeryt><sln:wojNazwa>podkarpackie</sln:wojNazwa></sln:miejscowosc><sln:miejscowosc><sln:cyklZyciaOd>2014-12-07T00:00:00+01:00</sln:cyklZyciaOd><sln:gmIIPId>7552607e-185d-453b-a429-dd48cdf9d57d</sln:gmIIPId><sln:gmIIPPn>PL.PZGIK.200</sln:gmIIPPn><sln:gmIIPWersja>2012-09-26T22:01:11+02:00</sln:gmIIPWersja><sln:gmIdTeryt>1809063</sln:gmIdTeryt><sln:gmNazwa>Oleszyce</sln:gmNazwa><sln:miejscIIPId>8d6daa75-bdf4-46e4-a750-206b13f43344</sln:miejscIIPId><sln:miejscIIPPn>PL.PZGIK.200</sln:miejscIIPPn><sln:miejscIIPWersja>2016-11-24T13:25:46+02:00</sln:miejscIIPWersja><sln:miejscIdTeryt>0607185</sln:miejscIdTeryt><sln:miejscNazwa>Nowa Grobla</sln:miejscNazwa><sln:miejscRodzaj>Wieś</sln:miejscRodzaj><sln:powIIPId>cbda7396-a9b3-434f-b819-bee9c24d7738</sln:powIIPId><sln:powIIPPn>PL.PZGIK.200</sln:powIIPPn><sln:powIIPWersja>2012-09-27T08:01:01+02:00</sln:powIIPWersja><sln:powIdTeryt>1809</sln:powIdTeryt><sln:powNazwa>lubaczowski</sln:powNazwa><sln:wojIIPId>833fe14b-fe8e-40c7-9e4e-fc27c938bb11</sln:wojIIPId><sln:wojIIPPn>PL.PZGIK.200</sln:wojIIPPn><sln:wojIIPWersja>2017-10-10T00:00:00+02:00</sln:wojIIPWersja><sln:wojIdTeryt>18</sln:wojIdTeryt><sln:wojNazwa>podkarpackie</sln:wojNazwa></sln:miejscowosc><sln:miejscowosc><sln:cyklZyciaOd>2014-12-07T00:00:00+01:00</sln:cyklZyciaOd><sln:gmIIPId>7552607e-185d-453b-a429-dd48cdf9d57d</sln:gmIIPId><sln:gmIIPPn>PL.PZGIK.200</sln:gmIIPPn><sln:gmIIPWersja>2012-09-26T22:01:11+02:00</sln:gmIIPWersja><sln:gmIdTeryt>1809063</sln:gmIdTeryt><sln:gmNazwa>Oleszyce</sln:gmNazwa><sln:miejscIIPId>23e89e57-efcf-435b-a872-3c9fdd9cd82b</sln:miejscIIPId><sln:miejscIIPPn>PL.PZGIK.200</sln:miejscIIPPn><sln:miejscIIPWersja>2016-11-24T13:25:47+02:00</sln:miejscIIPWersja><sln:miejscIdTeryt>0607268</sln:miejscIdTeryt><sln:miejscNazwa>Jalina</sln:miejscNazwa><sln:miejscRodzaj>Inny obiekt</sln:miejscRodzaj><sln:powIIPId>cbda7396-a9b3-434f-b819-bee9c24d7738</sln:powIIPId><sln:powIIPPn>PL.PZGIK.200</sln:powIIPPn><sln:powIIPWersja>2012-09-27T08:01:01+02:00</sln:powIIPWersja><sln:powIdTeryt>1809</sln:powIdTeryt><sln:powNazwa>lubaczowski</sln:powNazwa><sln:wojIIPId>833fe14b-fe8e-40c7-9e4e-fc27c938bb11</sln:wojIIPId><sln:wojIIPPn>PL.PZGIK.200</sln:wojIIPPn><sln:wojIIPWersja>2017-10-10T00:00:00+02:00</sln:wojIIPWersja><sln:wojIdTeryt>18</sln:wojIdTeryt><sln:wojNazwa>podkarpackie</sln:wojNazwa></sln:miejscowosc><sln:miejscowosc><sln:cyklZyciaOd>2014-12-07T00:00:00+01:00</sln:cyklZyciaOd><sln:gmIIPId>7552607e-185d-453b-a429-dd48cdf9d57d</sln:gmIIPId><sln:gmIIPPn>PL.PZGIK.200</sln:gmIIPPn><sln:gmIIPWersja>2012-09-26T22:01:11+02:00</sln:gmIIPWersja><sln:gmIdTeryt>1809063</sln:gmIdTeryt><sln:gmNazwa>Oleszyce</sln:gmNazwa><sln:miejscIIPId>68e7b531-ad9c-4a6f-9368-f7f0dd314843</sln:miejscIIPId><sln:miejscIIPPn>PL.PZGIK.200</sln:miejscIIPPn><sln:miejscIIPWersja>2016-11-24T13:25:46+02:00</sln:miejscIIPWersja><sln:miejscIdTeryt>0607251</sln:miejscIdTeryt><sln:miejscNazwa>Lipina</sln:miejscNazwa><sln:miejscRodzaj>Inny obiekt</sln:miejscRodzaj><sln:powIIPId>cbda7396-a9b3-434f-b819-bee9c24d7738</sln:powIIPId><sln:powIIPPn>PL.PZGIK.200</sln:powIIPPn><sln:powIIPWersja>2012-09-27T08:01:01+02:00</sln:powIIPWersja><sln:powIdTeryt>1809</sln:powIdTeryt><sln:powNazwa>lubaczowski</sln:powNazwa><sln:wojIIPId>833fe14b-fe8e-40c7-9e4e-fc27c938bb11</sln:wojIIPId><sln:wojIIPPn>PL.PZGIK.200</sln:wojIIPPn><sln:wojIIPWersja>2017-10-10T00:00:00+02:00</sln:wojIIPWersja><sln:wojIdTeryt>18</sln:wojIdTeryt><sln:wojNazwa>podkarpackie</sln:wojNazwa></sln:miejscowosc><sln:miejscowosc><sln:cyklZyciaOd>2014-12-07T00:00:00+01:00</sln:cyklZyciaOd><sln:gmIIPId>7552607e-185d-453b-a429-dd48cdf9d57d</sln:gmIIPId><sln:gmIIPPn>PL.PZGIK.200</sln:gmIIPPn><sln:gmIIPWersja>2012-09-26T22:01:11+02:00</sln:gmIIPWersja><sln:gmIdTeryt>1809063</sln:gmIdTeryt><sln:gmNazwa>Oleszyce</sln:gmNazwa><sln:miejscIIPId>187b43d8-9d1c-46d7-812e-cab2829a338f</sln:miejscIIPId><sln:miejscIIPPn>PL.PZGIK.200</sln:miejscIIPPn><sln:miejscIIPWersja>2016-11-24T13:25:46+02:00</sln:miejscIIPWersja><sln:miejscIdTeryt>0607162</sln:miejscIdTeryt><sln:miejscNazwa>Maślanki</sln:miejscNazwa><sln:miejscRodzaj>Inny obiekt</sln:miejscRodzaj><sln:powIIPId>cbda7396-a9b3-434f-b819-bee9c24d7738</sln:powIIPId><sln:powIIPPn>PL.PZGIK.200</sln:powIIPPn><sln:powIIPWersja>2012-09-27T08:01:01+02:00</sln:powIIPWersja><sln:powIdTeryt>1809</sln:powIdTeryt><sln:powNazwa>lubaczowski</sln:powNazwa><sln:wojIIPId>833fe14b-fe8e-40c7-9e4e-fc27c938bb11</sln:wojIIPId><sln:wojIIPPn>PL.PZGIK.200</sln:wojIIPPn><sln:wojIIPWersja>2017-10-10T00:00:00+02:00</sln:wojIIPWersja><sln:wojIdTeryt>18</sln:wojIdTeryt><sln:wojNazwa>podkarpackie</sln:wojNazwa></sln:miejscowosc><sln:miejscowosc><sln:cyklZyciaOd>2014-12-07T00:00:00+01:00</sln:cyklZyciaOd><sln:gmIIPId>7552607e-185d-453b-a429-dd48cdf9d57d</sln:gmIIPId><sln:gmIIPPn>PL.PZGIK.200</sln:gmIIPPn><sln:gmIIPWersja>2012-09-26T22:01:11+02:00</sln:gmIIPWersja><sln:gmIdTeryt>1809063</sln:gmIdTeryt><sln:gmNazwa>Oleszyce</sln:gmNazwa><sln:miejscIIPId>a8d87898-25c2-4e0b-b513-4033f250cf1a</sln:miejscIIPId><sln:miejscIIPPn>PL.PZGIK.200</sln:miejscIIPPn><sln:miejscIIPWersja>2016-11-24T13:25:47+02:00</sln:miejscIIPWersja><sln:miejscIdTeryt>0607245</sln:miejscIdTeryt><sln:miejscNazwa>Stare Sioło</sln:miejscNazwa><sln:miejscRodzaj>Wieś</sln:miejscRodzaj><sln:powIIPId>cbda7396-a9b3-434f-b819-bee9c24d7738</sln:powIIPId><sln:powIIPPn>PL.PZGIK.200</sln:powIIPPn><sln:powIIPWersja>2012-09-27T08:01:01+02:00</sln:powIIPWersja><sln:powIdTeryt>1809</sln:powIdTeryt><sln:powNazwa>lubaczowski</sln:powNazwa><sln:wojIIPId>833fe14b-fe8e-40c7-9e4e-fc27c938bb11</sln:wojIIPId><sln:wojIIPPn>PL.PZGIK.200</sln:wojIIPPn><sln:wojIIPWersja>2017-10-10T00:00:00+02:00</sln:wojIIPWersja><sln:wojIdTeryt>18</sln:wojIdTeryt><sln:wojNazwa>podkarpackie</sln:wojNazwa></sln:miejscowosc></sln:lista-miejscowosci>