<?xml version="1.0" encoding="UTF-8" standalone="yes"?><sln:lista-miejscowosci xmlns:srv="http://gugik.gov.pl/schemas/slowniki-service/1.0" xmlns:sln="http://gugik.gov.pl/schemas/slowniki-schema/1.0"><sln:miejscowosc><sln:cyklZyciaDo>2017-04-18T00:00:00+02:00</sln:cyklZyciaDo><sln:cyklZyciaOd>2015-11-17T00:00:00+01:00</sln:cyklZyciaOd><sln:gmIIPId>19c0b995-c544-49f9-b819-afe4c153c527</sln:gmIIPId><sln:gmIIPPn>PL.PZGIK.200</sln:gmIIPPn><sln:gmIIPWersja>2012-09-26T22:00:53+02:00</sln:gmIIPWersja><sln:gmIdTeryt>1807033</sln:gmIdTeryt><sln:gmNazwa>Iwonicz-Zdrój</sln:gmNazwa><sln:miejscIIPId>26cf8030-1c12-40b6-8566-6088c84238f5</sln:miejscIIPId><sln:miejscIIPPn>PL.PZGIK.200</sln:miejscIIPPn><sln:miejscIIPWersja>2016-11-24T10:04:23+02:00</sln:miejscIIPWersja><sln:miejscIdTeryt>0351580</sln:miejscIdTeryt><sln:miejscNazwa>Iwonicz</sln:miejscNazwa><sln:miejscRodzaj>Wieś</sln:miejscRodzaj><sln:powIIPId>798ef296-2055-4890-993f-d414c67164ab</sln:powIIPId><sln:powIIPPn>PL.PZGIK.200</sln:powIIPPn><sln:powIIPWersja>2017-10-10T00:00:00+02:00</sln:powIIPWersja><sln:powIdTeryt>1807</sln:powIdTeryt><sln:powNazwa>krośnieński</sln:powNazwa><sln:waznyOd>2013-11-21T00:00:00+01:00</sln:waznyOd><sln:wojIIPId>833fe14b-fe8e-40c7-9e4e-fc27c938bb11</sln:wojIIPId><sln:wojIIPPn>PL.PZGIK.200</sln:wojIIPPn><sln:wojIIPWersja>2017-10-10T00:00:00+02:00</sln:wojIIPWersja><sln:wojIdTeryt>18</sln:wojIdTeryt><sln:wojNazwa>podkarpackie</sln:wojNazwa></sln:miejscowosc><sln:miejscowosc><sln:cyklZyciaDo>2017-04-18T00:00:00+02:00</sln:cyklZyciaDo><sln:cyklZyciaOd>2015-11-17T00:00:00+01:00</sln:cyklZyciaOd><sln:gmIIPId>19c0b995-c544-49f9-b819-afe4c153c527</sln:gmIIPId><sln:gmIIPPn>PL.PZGIK.200</sln:gmIIPPn><sln:gmIIPWersja>2012-09-26T22:00:53+02:00</sln:gmIIPWersja><sln:gmIdTeryt>1807033</sln:gmIdTeryt><sln:gmNazwa>Iwonicz-Zdrój</sln:gmNazwa><sln:miejscIIPId>b05fcce4-7071-49c8-aa75-03ebdf5db273</sln:miejscIIPId><sln:miejscIIPPn>PL.PZGIK.200</sln:miejscIIPPn><sln:miejscIIPWersja>2016-11-24T13:16:57+02:00</sln:miejscIIPWersja><sln:miejscIdTeryt>0953007</sln:miejscIdTeryt><sln:miejscNazwa>Iwonicz-Zdrój</sln:miejscNazwa><sln:miejscRodzaj>Miasto</sln:miejscRodzaj><sln:powIIPId>798ef296-2055-4890-993f-d414c67164ab</sln:powIIPId><sln:powIIPPn>PL.PZGIK.200</sln:powIIPPn><sln:powIIPWersja>2017-10-10T00:00:00+02:00</sln:powIIPWersja><sln:powIdTeryt>1807</sln:powIdTeryt><sln:powNazwa>krośnieński</sln:powNazwa><sln:waznyOd>2013-11-21T00:00:00+01:00</sln:waznyOd><sln:wojIIPId>833fe14b-fe8e-40c7-9e4e-fc27c938bb11</sln:wojIIPId><sln:wojIIPPn>PL.PZGIK.200</sln:wojIIPPn><sln:wojIIPWersja>2017-10-10T00:00:00+02:00</sln:wojIIPWersja><sln:wojIdTeryt>18</sln:wojIdTeryt><sln:wojNazwa>podkarpackie</sln:wojNazwa></sln:miejscowosc><sln:miejscowosc><sln:cyklZyciaDo>2017-04-18T00:00:00+02:00</sln:cyklZyciaDo><sln:cyklZyciaOd>2015-11-17T00:00:00+01:00</sln:cyklZyciaOd><sln:gmIIPId>19c0b995-c544-49f9-b819-afe4c153c527</sln:gmIIPId><sln:gmIIPPn>PL.PZGIK.200</sln:gmIIPPn><sln:gmIIPWersja>2012-09-26T22:00:53+02:00</sln:gmIIPWersja><sln:gmIdTeryt>1807033</sln:gmIdTeryt><sln:gmNazwa>Iwonicz-Zdrój</sln:gmNazwa><sln:miejscIIPId>9178e98a-6727-4b5d-afc7-d1056e2b2ab0</sln:miejscIIPId><sln:miejscIIPPn>PL.PZGIK.200</sln:miejscIIPPn><sln:miejscIIPWersja>2016-11-24T10:04:23+02:00</sln:miejscIIPWersja><sln:miejscIdTeryt>0351640</sln:miejscIdTeryt><sln:miejscNazwa>Lubatowa</sln:miejscNazwa><sln:miejscRodzaj>Wieś</sln:miejscRodzaj><sln:powIIPId>798ef296-2055-4890-993f-d414c67164ab</sln:powIIPId><sln:powIIPPn>PL.PZGIK.200</sln:powIIPPn><sln:powIIPWersja>2017-10-10T00:00:00+02:00</sln:powIIPWersja><sln:powIdTeryt>1807</sln:powIdTeryt><sln:powNazwa>krośnieński</sln:powNazwa><sln:waznyOd>2013-11-21T00:00:00+01:00</sln:waznyOd><sln:wojIIPId>833fe14b-fe8e-40c7-9e4e-fc27c938bb11</sln:wojIIPId><sln:wojIIPPn>PL.PZGIK.200</sln:wojIIPPn><sln:wojIIPWersja>2017-10-10T00:00:00+02:00</sln:wojIIPWersja><sln:wojIdTeryt>18</sln:wojIdTeryt><sln:wojNazwa>podkarpackie</sln:wojNazwa></sln:miejscowosc><sln:miejscowosc><sln:cyklZyciaDo>2017-04-18T00:00:00+02:00</sln:cyklZyciaDo><sln:cyklZyciaOd>2015-11-17T00:00:00+01:00</sln:cyklZyciaOd><sln:gmIIPId>19c0b995-c544-49f9-b819-afe4c153c527</sln:gmIIPId><sln:gmIIPPn>PL.PZGIK.200</sln:gmIIPPn><sln:gmIIPWersja>2012-09-26T22:00:53+02:00</sln:gmIIPWersja><sln:gmIdTeryt>1807033</sln:gmIdTeryt><sln:gmNazwa>Iwonicz-Zdrój</sln:gmNazwa><sln:miejscIIPId>2b816c0c-012d-4100-83e7-cd4f22c3d737</sln:miejscIIPId><sln:miejscIIPPn>PL.PZGIK.200</sln:miejscIIPPn><sln:miejscIIPWersja>2016-11-24T10:04:23+02:00</sln:miejscIIPWersja><sln:miejscIdTeryt>0352153</sln:miejscIdTeryt><sln:miejscNazwa>Lubatówka</sln:miejscNazwa><sln:miejscRodzaj>Wieś</sln:miejscRodzaj><sln:powIIPId>798ef296-2055-4890-993f-d414c67164ab</sln:powIIPId><sln:powIIPPn>PL.PZGIK.200</sln:powIIPPn><sln:powIIPWersja>2017-10-10T00:00:00+02:00</sln:powIIPWersja><sln:powIdTeryt>1807</sln:powIdTeryt><sln:powNazwa>krośnieński</sln:powNazwa><sln:waznyOd>2013-11-21T00:00:00+01:00</sln:waznyOd><sln:wojIIPId>833fe14b-fe8e-40c7-9e4e-fc27c938bb11</sln:wojIIPId><sln:wojIIPPn>PL.PZGIK.200</sln:wojIIPPn><sln:wojIIPWersja>2017-10-10T00:00:00+02:00</sln:wojIIPWersja><sln:wojIdTeryt>18</sln:wojIdTeryt><sln:wojNazwa>podkarpackie</sln:wojNazwa></sln:miejscowosc><sln:miejscowosc><sln:cyklZyciaOd>2017-04-18T00:00:00+02:00</sln:cyklZyciaOd><sln:gmIIPId>19c0b995-c544-49f9-b819-afe4c153c527</sln:gmIIPId><sln:gmIIPPn>PL.PZGIK.200</sln:gmIIPPn><sln:gmIIPWersja>2012-09-26T22:00:53+02:00</sln:gmIIPWersja><sln:gmIdTeryt>1807033</sln:gmIdTeryt><sln:gmNazwa>Iwonicz-Zdrój</sln:gmNazwa><sln:miejscIIPId>26cf8030-1c12-40b6-8566-6088c84238f5</sln:miejscIIPId><sln:miejscIIPPn>PL.PZGIK.200</sln:miejscIIPPn><sln:miejscIIPWersja>2017-04-18T08:37:08+02:00</sln:miejscIIPWersja><sln:miejscIdTeryt>0351580</sln:miejscIdTeryt><sln:miejscNazwa>Iwonicz</sln:miejscNazwa><sln:miejscRodzaj>Wieś</sln:miejscRodzaj><sln:powIIPId>798ef296-2055-4890-993f-d414c67164ab</sln:powIIPId><sln:powIIPPn>PL.PZGIK.200</sln:powIIPPn><sln:powIIPWersja>2017-10-10T00:00:00+02:00</sln:powIIPWersja><sln:powIdTeryt>1807</sln:powIdTeryt><sln:powNazwa>krośnieński</sln:powNazwa><sln:waznyOd>2013-11-21T00:00:00+01:00</sln:waznyOd><sln:wojIIPId>833fe14b-fe8e-40c7-9e4e-fc27c938bb11</sln:wojIIPId><sln:wojIIPPn>PL.PZGIK.200</sln:wojIIPPn><sln:wojIIPWersja>2017-10-10T00:00:00+02:00</sln:wojIIPWersja><sln:wojIdTeryt>18</sln:wojIdTeryt><sln:wojNazwa>podkarpackie</sln:wojNazwa></sln:miejscowosc><sln:miejscowosc><sln:cyklZyciaOd>2017-04-18T00:00:00+02:00</sln:cyklZyciaOd><sln:gmIIPId>19c0b995-c544-49f9-b819-afe4c153c527</sln:gmIIPId><sln:gmIIPPn>PL.PZGIK.200</sln:gmIIPPn><sln:gmIIPWersja>2012-09-26T22:00:53+02:00</sln:gmIIPWersja><sln:gmIdTeryt>1807033</sln:gmIdTeryt><sln:gmNazwa>Iwonicz-Zdrój</sln:gmNazwa><sln:miejscIIPId>9178e98a-6727-4b5d-afc7-d1056e2b2ab0</sln:miejscIIPId><sln:miejscIIPPn>PL.PZGIK.200</sln:miejscIIPPn><sln:miejscIIPWersja>2017-04-18T08:37:22+02:00</sln:miejscIIPWersja><sln:miejscIdTeryt>0351640</sln:miejscIdTeryt><sln:miejscNazwa>Lubatowa</sln:miejscNazwa><sln:miejscRodzaj>Wieś</sln:miejscRodzaj><sln:powIIPId>798ef296-2055-4890-993f-d414c67164ab</sln:powIIPId><sln:powIIPPn>PL.PZGIK.200</sln:powIIPPn><sln:powIIPWersja>2017-10-10T00:00:00+02:00</sln:powIIPWersja><sln:powIdTeryt>1807</sln:powIdTeryt><sln:powNazwa>krośnieński</sln:powNazwa><sln:waznyOd>2013-11-21T00:00:00+01:00</sln:waznyOd><sln:wojIIPId>833fe14b-fe8e-40c7-9e4e-fc27c938bb11</sln:wojIIPId><sln:wojIIPPn>PL.PZGIK.200</sln:wojIIPPn><sln:wojIIPWersja>2017-10-10T00:00:00+02:00</sln:wojIIPWersja><sln:wojIdTeryt>18</sln:wojIdTeryt><sln:wojNazwa>podkarpackie</sln:wojNazwa></sln:miejscowosc><sln:miejscowosc><sln:cyklZyciaOd>2017-04-18T00:00:00+02:00</sln:cyklZyciaOd><sln:gmIIPId>19c0b995-c544-49f9-b819-afe4c153c527</sln:gmIIPId><sln:gmIIPPn>PL.PZGIK.200</sln:gmIIPPn><sln:gmIIPWersja>2012-09-26T22:00:53+02:00</sln:gmIIPWersja><sln:gmIdTeryt>1807033</sln:gmIdTeryt><sln:gmNazwa>Iwonicz-Zdrój</sln:gmNazwa><sln:miejscIIPId>2b816c0c-012d-4100-83e7-cd4f22c3d737</sln:miejscIIPId><sln:miejscIIPPn>PL.PZGIK.200</sln:miejscIIPPn><sln:miejscIIPWersja>2017-04-18T08:37:22+02:00</sln:miejscIIPWersja><sln:miejscIdTeryt>0352153</sln:miejscIdTeryt><sln:miejscNazwa>Lubatówka</sln:miejscNazwa><sln:miejscRodzaj>Wieś</sln:miejscRodzaj><sln:powIIPId>798ef296-2055-4890-993f-d414c67164ab</sln:powIIPId><sln:powIIPPn>PL.PZGIK.200</sln:powIIPPn><sln:powIIPWersja>2017-10-10T00:00:00+02:00</sln:powIIPWersja><sln:powIdTeryt>1807</sln:powIdTeryt><sln:powNazwa>krośnieński</sln:powNazwa><sln:waznyOd>2013-11-21T00:00:00+01:00</sln:waznyOd><sln:wojIIPId>833fe14b-fe8e-40c7-9e4e-fc27c938bb11</sln:wojIIPId><sln:wojIIPPn>PL.PZGIK.200</sln:wojIIPPn><sln:wojIIPWersja>2017-10-10T00:00:00+02:00</sln:wojIIPWersja><sln:wojIdTeryt>18</sln:wojIdTeryt><sln:wojNazwa>podkarpackie</sln:wojNazwa></sln:miejscowosc><sln:miejscowosc><sln:cyklZyciaOd>2017-04-18T00:00:00+02:00</sln:cyklZyciaOd><sln:gmIIPId>19c0b995-c544-49f9-b819-afe4c153c527</sln:gmIIPId><sln:gmIIPPn>PL.PZGIK.200</sln:gmIIPPn><sln:gmIIPWersja>2012-09-26T22:00:53+02:00</sln:gmIIPWersja><sln:gmIdTeryt>1807033</sln:gmIdTeryt><sln:gmNazwa>Iwonicz-Zdrój</sln:gmNazwa><sln:miejscIIPId>b05fcce4-7071-49c8-aa75-03ebdf5db273</sln:miejscIIPId><sln:miejscIIPPn>PL.PZGIK.200</sln:miejscIIPPn><sln:miejscIIPWersja>2017-04-18T08:37:22+02:00</sln:miejscIIPWersja><sln:miejscIdTeryt>0953007</sln:miejscIdTeryt><sln:miejscNazwa>Iwonicz-Zdrój</sln:miejscNazwa><sln:miejscRodzaj>Miasto</sln:miejscRodzaj><sln:powIIPId>798ef296-2055-4890-993f-d414c67164ab</sln:powIIPId><sln:powIIPPn>PL.PZGIK.200</sln:powIIPPn><sln:powIIPWersja>2017-10-10T00:00:00+02:00</sln:powIIPWersja><sln:powIdTeryt>1807</sln:powIdTeryt><sln:powNazwa>krośnieński</sln:powNazwa><sln:waznyOd>2013-11-21T00:00:00+01:00</sln:waznyOd><sln:wojIIPId>833fe14b-fe8e-40c7-9e4e-fc27c938bb11</sln:wojIIPId><sln:wojIIPPn>PL.PZGIK.200</sln:wojIIPPn><sln:wojIIPWersja>2017-10-10T00:00:00+02:00</sln:wojIIPWersja><sln:wojIdTeryt>18</sln:wojIdTeryt><sln:wojNazwa>podkarpackie</sln:wojNazwa></sln:miejscowosc></sln:lista-miejscowosci>