<?xml version="1.0" encoding="UTF-8" standalone="yes"?><sln:lista-miejscowosci xmlns:srv="http://gugik.gov.pl/schemas/slowniki-service/1.0" xmlns:sln="http://gugik.gov.pl/schemas/slowniki-schema/1.0"><sln:miejscowosc><sln:cyklZyciaDo>2017-04-18T00:00:00+02:00</sln:cyklZyciaDo><sln:cyklZyciaOd>2015-09-30T00:00:00+02:00</sln:cyklZyciaOd><sln:gmIIPId>d7356f06-013f-4dc1-aa9d-ce1a7d7b3748</sln:gmIIPId><sln:gmIIPPn>PL.PZGIK.200</sln:gmIIPPn><sln:gmIIPWersja>2012-09-26T22:01:42+02:00</sln:gmIIPWersja><sln:gmIdTeryt>1813042</sln:gmIdTeryt><sln:gmNazwa>Krasiczyn</sln:gmNazwa><sln:miejscIIPId>01a9970c-b035-49ae-8a83-110917192ee7</sln:miejscIIPId><sln:miejscIIPPn>PL.PZGIK.200</sln:miejscIIPPn><sln:miejscIIPWersja>2016-11-24T11:29:32+02:00</sln:miejscIIPWersja><sln:miejscIdTeryt>0604620</sln:miejscIdTeryt><sln:miejscNazwa>Brylińce</sln:miejscNazwa><sln:miejscRodzaj>Wieś</sln:miejscRodzaj><sln:powIIPId>f322275e-1c48-431f-889e-8bb0ccb46e81</sln:powIIPId><sln:powIIPPn>PL.PZGIK.200</sln:powIIPPn><sln:powIIPWersja>2012-09-27T08:01:01+02:00</sln:powIIPWersja><sln:powIdTeryt>1813</sln:powIdTeryt><sln:powNazwa>przemyski</sln:powNazwa><sln:waznyOd>2015-06-10T00:00:00+02:00</sln:waznyOd><sln:wojIIPId>833fe14b-fe8e-40c7-9e4e-fc27c938bb11</sln:wojIIPId><sln:wojIIPPn>PL.PZGIK.200</sln:wojIIPPn><sln:wojIIPWersja>2017-10-10T00:00:00+02:00</sln:wojIIPWersja><sln:wojIdTeryt>18</sln:wojIdTeryt><sln:wojNazwa>podkarpackie</sln:wojNazwa></sln:miejscowosc><sln:miejscowosc><sln:cyklZyciaDo>2017-04-18T00:00:00+02:00</sln:cyklZyciaDo><sln:cyklZyciaOd>2015-09-30T00:00:00+02:00</sln:cyklZyciaOd><sln:gmIIPId>d7356f06-013f-4dc1-aa9d-ce1a7d7b3748</sln:gmIIPId><sln:gmIIPPn>PL.PZGIK.200</sln:gmIIPPn><sln:gmIIPWersja>2012-09-26T22:01:42+02:00</sln:gmIIPWersja><sln:gmIdTeryt>1813042</sln:gmIdTeryt><sln:gmNazwa>Krasiczyn</sln:gmNazwa><sln:miejscIIPId>54068fac-a2ed-486f-9e53-551a25ffdd7c</sln:miejscIIPId><sln:miejscIIPPn>PL.PZGIK.200</sln:miejscIIPPn><sln:miejscIIPWersja>2016-11-24T11:29:32+02:00</sln:miejscIIPWersja><sln:miejscIdTeryt>0604689</sln:miejscIdTeryt><sln:miejscNazwa>Chołowice</sln:miejscNazwa><sln:miejscRodzaj>Wieś</sln:miejscRodzaj><sln:powIIPId>f322275e-1c48-431f-889e-8bb0ccb46e81</sln:powIIPId><sln:powIIPPn>PL.PZGIK.200</sln:powIIPPn><sln:powIIPWersja>2012-09-27T08:01:01+02:00</sln:powIIPWersja><sln:powIdTeryt>1813</sln:powIdTeryt><sln:powNazwa>przemyski</sln:powNazwa><sln:waznyOd>2015-06-10T00:00:00+02:00</sln:waznyOd><sln:wojIIPId>833fe14b-fe8e-40c7-9e4e-fc27c938bb11</sln:wojIIPId><sln:wojIIPPn>PL.PZGIK.200</sln:wojIIPPn><sln:wojIIPWersja>2017-10-10T00:00:00+02:00</sln:wojIIPWersja><sln:wojIdTeryt>18</sln:wojIdTeryt><sln:wojNazwa>podkarpackie</sln:wojNazwa></sln:miejscowosc><sln:miejscowosc><sln:cyklZyciaDo>2017-04-18T00:00:00+02:00</sln:cyklZyciaDo><sln:cyklZyciaOd>2015-09-30T00:00:00+02:00</sln:cyklZyciaOd><sln:gmIIPId>d7356f06-013f-4dc1-aa9d-ce1a7d7b3748</sln:gmIIPId><sln:gmIIPPn>PL.PZGIK.200</sln:gmIIPPn><sln:gmIIPWersja>2012-09-26T22:01:42+02:00</sln:gmIIPWersja><sln:gmIdTeryt>1813042</sln:gmIdTeryt><sln:gmNazwa>Krasiczyn</sln:gmNazwa><sln:miejscIIPId>13b93cc5-c48c-498b-bcf7-4222fce27a88</sln:miejscIIPId><sln:miejscIIPPn>PL.PZGIK.200</sln:miejscIIPPn><sln:miejscIIPWersja>2016-11-24T11:29:32+02:00</sln:miejscIIPWersja><sln:miejscIdTeryt>0604695</sln:miejscIdTeryt><sln:miejscNazwa>Cisowa</sln:miejscNazwa><sln:miejscRodzaj>Osada</sln:miejscRodzaj><sln:powIIPId>f322275e-1c48-431f-889e-8bb0ccb46e81</sln:powIIPId><sln:powIIPPn>PL.PZGIK.200</sln:powIIPPn><sln:powIIPWersja>2012-09-27T08:01:01+02:00</sln:powIIPWersja><sln:powIdTeryt>1813</sln:powIdTeryt><sln:powNazwa>przemyski</sln:powNazwa><sln:waznyOd>2015-06-10T00:00:00+02:00</sln:waznyOd><sln:wojIIPId>833fe14b-fe8e-40c7-9e4e-fc27c938bb11</sln:wojIIPId><sln:wojIIPPn>PL.PZGIK.200</sln:wojIIPPn><sln:wojIIPWersja>2017-10-10T00:00:00+02:00</sln:wojIIPWersja><sln:wojIdTeryt>18</sln:wojIdTeryt><sln:wojNazwa>podkarpackie</sln:wojNazwa></sln:miejscowosc><sln:miejscowosc><sln:cyklZyciaDo>2017-04-18T00:00:00+02:00</sln:cyklZyciaDo><sln:cyklZyciaOd>2015-09-30T00:00:00+02:00</sln:cyklZyciaOd><sln:gmIIPId>d7356f06-013f-4dc1-aa9d-ce1a7d7b3748</sln:gmIIPId><sln:gmIIPPn>PL.PZGIK.200</sln:gmIIPPn><sln:gmIIPWersja>2012-09-26T22:01:42+02:00</sln:gmIIPWersja><sln:gmIdTeryt>1813042</sln:gmIdTeryt><sln:gmNazwa>Krasiczyn</sln:gmNazwa><sln:miejscIIPId>693a0744-79d2-42e4-acb0-0bbcec8d7a2b</sln:miejscIIPId><sln:miejscIIPPn>PL.PZGIK.200</sln:miejscIIPPn><sln:miejscIIPWersja>2016-11-24T11:29:32+02:00</sln:miejscIIPWersja><sln:miejscIdTeryt>0604703</sln:miejscIdTeryt><sln:miejscNazwa>Dybawka</sln:miejscNazwa><sln:miejscRodzaj>Wieś</sln:miejscRodzaj><sln:powIIPId>f322275e-1c48-431f-889e-8bb0ccb46e81</sln:powIIPId><sln:powIIPPn>PL.PZGIK.200</sln:powIIPPn><sln:powIIPWersja>2012-09-27T08:01:01+02:00</sln:powIIPWersja><sln:powIdTeryt>1813</sln:powIdTeryt><sln:powNazwa>przemyski</sln:powNazwa><sln:waznyOd>2015-06-10T00:00:00+02:00</sln:waznyOd><sln:wojIIPId>833fe14b-fe8e-40c7-9e4e-fc27c938bb11</sln:wojIIPId><sln:wojIIPPn>PL.PZGIK.200</sln:wojIIPPn><sln:wojIIPWersja>2017-10-10T00:00:00+02:00</sln:wojIIPWersja><sln:wojIdTeryt>18</sln:wojIdTeryt><sln:wojNazwa>podkarpackie</sln:wojNazwa></sln:miejscowosc><sln:miejscowosc><sln:cyklZyciaDo>2017-04-18T00:00:00+02:00</sln:cyklZyciaDo><sln:cyklZyciaOd>2015-09-30T00:00:00+02:00</sln:cyklZyciaOd><sln:gmIIPId>d7356f06-013f-4dc1-aa9d-ce1a7d7b3748</sln:gmIIPId><sln:gmIIPPn>PL.PZGIK.200</sln:gmIIPPn><sln:gmIIPWersja>2012-09-26T22:01:42+02:00</sln:gmIIPWersja><sln:gmIdTeryt>1813042</sln:gmIdTeryt><sln:gmNazwa>Krasiczyn</sln:gmNazwa><sln:miejscIIPId>757877fa-90d7-4884-8356-be846210ccab</sln:miejscIIPId><sln:miejscIIPPn>PL.PZGIK.200</sln:miejscIIPPn><sln:miejscIIPWersja>2016-11-24T11:29:32+02:00</sln:miejscIIPWersja><sln:miejscIdTeryt>0604749</sln:miejscIdTeryt><sln:miejscNazwa>Korytniki</sln:miejscNazwa><sln:miejscRodzaj>Wieś</sln:miejscRodzaj><sln:powIIPId>f322275e-1c48-431f-889e-8bb0ccb46e81</sln:powIIPId><sln:powIIPPn>PL.PZGIK.200</sln:powIIPPn><sln:powIIPWersja>2012-09-27T08:01:01+02:00</sln:powIIPWersja><sln:powIdTeryt>1813</sln:powIdTeryt><sln:powNazwa>przemyski</sln:powNazwa><sln:waznyOd>2015-06-10T00:00:00+02:00</sln:waznyOd><sln:wojIIPId>833fe14b-fe8e-40c7-9e4e-fc27c938bb11</sln:wojIIPId><sln:wojIIPPn>PL.PZGIK.200</sln:wojIIPPn><sln:wojIIPWersja>2017-10-10T00:00:00+02:00</sln:wojIIPWersja><sln:wojIdTeryt>18</sln:wojIdTeryt><sln:wojNazwa>podkarpackie</sln:wojNazwa></sln:miejscowosc><sln:miejscowosc><sln:cyklZyciaDo>2017-04-18T00:00:00+02:00</sln:cyklZyciaDo><sln:cyklZyciaOd>2015-09-30T00:00:00+02:00</sln:cyklZyciaOd><sln:gmIIPId>d7356f06-013f-4dc1-aa9d-ce1a7d7b3748</sln:gmIIPId><sln:gmIIPPn>PL.PZGIK.200</sln:gmIIPPn><sln:gmIIPWersja>2012-09-26T22:01:42+02:00</sln:gmIIPWersja><sln:gmIdTeryt>1813042</sln:gmIdTeryt><sln:gmNazwa>Krasiczyn</sln:gmNazwa><sln:miejscIIPId>2d906d68-8235-441a-bd74-15fc4bc99560</sln:miejscIIPId><sln:miejscIIPPn>PL.PZGIK.200</sln:miejscIIPPn><sln:miejscIIPWersja>2016-11-24T11:29:32+02:00</sln:miejscIIPWersja><sln:miejscIdTeryt>0604778</sln:miejscIdTeryt><sln:miejscNazwa>Krasice</sln:miejscNazwa><sln:miejscRodzaj>Wieś</sln:miejscRodzaj><sln:powIIPId>f322275e-1c48-431f-889e-8bb0ccb46e81</sln:powIIPId><sln:powIIPPn>PL.PZGIK.200</sln:powIIPPn><sln:powIIPWersja>2012-09-27T08:01:01+02:00</sln:powIIPWersja><sln:powIdTeryt>1813</sln:powIdTeryt><sln:powNazwa>przemyski</sln:powNazwa><sln:waznyOd>2015-06-10T00:00:00+02:00</sln:waznyOd><sln:wojIIPId>833fe14b-fe8e-40c7-9e4e-fc27c938bb11</sln:wojIIPId><sln:wojIIPPn>PL.PZGIK.200</sln:wojIIPPn><sln:wojIIPWersja>2017-10-10T00:00:00+02:00</sln:wojIIPWersja><sln:wojIdTeryt>18</sln:wojIdTeryt><sln:wojNazwa>podkarpackie</sln:wojNazwa></sln:miejscowosc><sln:miejscowosc><sln:cyklZyciaDo>2017-04-18T00:00:00+02:00</sln:cyklZyciaDo><sln:cyklZyciaOd>2015-09-30T00:00:00+02:00</sln:cyklZyciaOd><sln:gmIIPId>d7356f06-013f-4dc1-aa9d-ce1a7d7b3748</sln:gmIIPId><sln:gmIIPPn>PL.PZGIK.200</sln:gmIIPPn><sln:gmIIPWersja>2012-09-26T22:01:42+02:00</sln:gmIIPWersja><sln:gmIdTeryt>1813042</sln:gmIdTeryt><sln:gmNazwa>Krasiczyn</sln:gmNazwa><sln:miejscIIPId>8aa81765-9bb5-47a8-9ab3-337979c41808</sln:miejscIIPId><sln:miejscIIPPn>PL.PZGIK.200</sln:miejscIIPPn><sln:miejscIIPWersja>2016-11-24T11:29:32+02:00</sln:miejscIIPWersja><sln:miejscIdTeryt>0604784</sln:miejscIdTeryt><sln:miejscNazwa>Krasiczyn</sln:miejscNazwa><sln:miejscRodzaj>Wieś</sln:miejscRodzaj><sln:powIIPId>f322275e-1c48-431f-889e-8bb0ccb46e81</sln:powIIPId><sln:powIIPPn>PL.PZGIK.200</sln:powIIPPn><sln:powIIPWersja>2012-09-27T08:01:01+02:00</sln:powIIPWersja><sln:powIdTeryt>1813</sln:powIdTeryt><sln:powNazwa>przemyski</sln:powNazwa><sln:waznyOd>2015-06-10T00:00:00+02:00</sln:waznyOd><sln:wojIIPId>833fe14b-fe8e-40c7-9e4e-fc27c938bb11</sln:wojIIPId><sln:wojIIPPn>PL.PZGIK.200</sln:wojIIPPn><sln:wojIIPWersja>2017-10-10T00:00:00+02:00</sln:wojIIPWersja><sln:wojIdTeryt>18</sln:wojIdTeryt><sln:wojNazwa>podkarpackie</sln:wojNazwa></sln:miejscowosc><sln:miejscowosc><sln:cyklZyciaDo>2017-04-18T00:00:00+02:00</sln:cyklZyciaDo><sln:cyklZyciaOd>2015-09-30T00:00:00+02:00</sln:cyklZyciaOd><sln:gmIIPId>d7356f06-013f-4dc1-aa9d-ce1a7d7b3748</sln:gmIIPId><sln:gmIIPPn>PL.PZGIK.200</sln:gmIIPPn><sln:gmIIPWersja>2012-09-26T22:01:42+02:00</sln:gmIIPWersja><sln:gmIdTeryt>1813042</sln:gmIdTeryt><sln:gmNazwa>Krasiczyn</sln:gmNazwa><sln:miejscIIPId>7c9985de-472e-493b-8816-b5e47fa8301b</sln:miejscIIPId><sln:miejscIIPPn>PL.PZGIK.200</sln:miejscIIPPn><sln:miejscIIPWersja>2016-11-24T11:29:32+02:00</sln:miejscIIPWersja><sln:miejscIdTeryt>0604844</sln:miejscIdTeryt><sln:miejscNazwa>Krzeczkowa</sln:miejscNazwa><sln:miejscRodzaj>Wieś</sln:miejscRodzaj><sln:powIIPId>f322275e-1c48-431f-889e-8bb0ccb46e81</sln:powIIPId><sln:powIIPPn>PL.PZGIK.200</sln:powIIPPn><sln:powIIPWersja>2012-09-27T08:01:01+02:00</sln:powIIPWersja><sln:powIdTeryt>1813</sln:powIdTeryt><sln:powNazwa>przemyski</sln:powNazwa><sln:waznyOd>2015-06-10T00:00:00+02:00</sln:waznyOd><sln:wojIIPId>833fe14b-fe8e-40c7-9e4e-fc27c938bb11</sln:wojIIPId><sln:wojIIPPn>PL.PZGIK.200</sln:wojIIPPn><sln:wojIIPWersja>2017-10-10T00:00:00+02:00</sln:wojIIPWersja><sln:wojIdTeryt>18</sln:wojIdTeryt><sln:wojNazwa>podkarpackie</sln:wojNazwa></sln:miejscowosc><sln:miejscowosc><sln:cyklZyciaDo>2017-04-18T00:00:00+02:00</sln:cyklZyciaDo><sln:cyklZyciaOd>2015-09-30T00:00:00+02:00</sln:cyklZyciaOd><sln:gmIIPId>d7356f06-013f-4dc1-aa9d-ce1a7d7b3748</sln:gmIIPId><sln:gmIIPPn>PL.PZGIK.200</sln:gmIIPPn><sln:gmIIPWersja>2012-09-26T22:01:42+02:00</sln:gmIIPWersja><sln:gmIdTeryt>1813042</sln:gmIdTeryt><sln:gmNazwa>Krasiczyn</sln:gmNazwa><sln:miejscIIPId>cfdffbc0-ba10-437b-8fd0-98edd7a78b30</sln:miejscIIPId><sln:miejscIIPPn>PL.PZGIK.200</sln:miejscIIPPn><sln:miejscIIPWersja>2016-11-24T11:29:32+02:00</sln:miejscIIPWersja><sln:miejscIdTeryt>0604850</sln:miejscIdTeryt><sln:miejscNazwa>Mielnów</sln:miejscNazwa><sln:miejscRodzaj>Wieś</sln:miejscRodzaj><sln:powIIPId>f322275e-1c48-431f-889e-8bb0ccb46e81</sln:powIIPId><sln:powIIPPn>PL.PZGIK.200</sln:powIIPPn><sln:powIIPWersja>2012-09-27T08:01:01+02:00</sln:powIIPWersja><sln:powIdTeryt>1813</sln:powIdTeryt><sln:powNazwa>przemyski</sln:powNazwa><sln:waznyOd>2015-06-10T00:00:00+02:00</sln:waznyOd><sln:wojIIPId>833fe14b-fe8e-40c7-9e4e-fc27c938bb11</sln:wojIIPId><sln:wojIIPPn>PL.PZGIK.200</sln:wojIIPPn><sln:wojIIPWersja>2017-10-10T00:00:00+02:00</sln:wojIIPWersja><sln:wojIdTeryt>18</sln:wojIdTeryt><sln:wojNazwa>podkarpackie</sln:wojNazwa></sln:miejscowosc><sln:miejscowosc><sln:cyklZyciaDo>2017-04-18T00:00:00+02:00</sln:cyklZyciaDo><sln:cyklZyciaOd>2015-09-30T00:00:00+02:00</sln:cyklZyciaOd><sln:gmIIPId>d7356f06-013f-4dc1-aa9d-ce1a7d7b3748</sln:gmIIPId><sln:gmIIPPn>PL.PZGIK.200</sln:gmIIPPn><sln:gmIIPWersja>2012-09-26T22:01:42+02:00</sln:gmIIPWersja><sln:gmIdTeryt>1813042</sln:gmIdTeryt><sln:gmNazwa>Krasiczyn</sln:gmNazwa><sln:miejscIIPId>ec629837-0496-4741-b677-e3b853a46c3b</sln:miejscIIPId><sln:miejscIIPPn>PL.PZGIK.200</sln:miejscIIPPn><sln:miejscIIPWersja>2016-11-24T11:29:32+02:00</sln:miejscIIPWersja><sln:miejscIdTeryt>0604867</sln:miejscIdTeryt><sln:miejscNazwa>Olszany</sln:miejscNazwa><sln:miejscRodzaj>Wieś</sln:miejscRodzaj><sln:powIIPId>f322275e-1c48-431f-889e-8bb0ccb46e81</sln:powIIPId><sln:powIIPPn>PL.PZGIK.200</sln:powIIPPn><sln:powIIPWersja>2012-09-27T08:01:01+02:00</sln:powIIPWersja><sln:powIdTeryt>1813</sln:powIdTeryt><sln:powNazwa>przemyski</sln:powNazwa><sln:waznyOd>2015-06-10T00:00:00+02:00</sln:waznyOd><sln:wojIIPId>833fe14b-fe8e-40c7-9e4e-fc27c938bb11</sln:wojIIPId><sln:wojIIPPn>PL.PZGIK.200</sln:wojIIPPn><sln:wojIIPWersja>2017-10-10T00:00:00+02:00</sln:wojIIPWersja><sln:wojIdTeryt>18</sln:wojIdTeryt><sln:wojNazwa>podkarpackie</sln:wojNazwa></sln:miejscowosc><sln:miejscowosc><sln:cyklZyciaDo>2017-04-18T00:00:00+02:00</sln:cyklZyciaDo><sln:cyklZyciaOd>2015-09-30T00:00:00+02:00</sln:cyklZyciaOd><sln:gmIIPId>d7356f06-013f-4dc1-aa9d-ce1a7d7b3748</sln:gmIIPId><sln:gmIIPPn>PL.PZGIK.200</sln:gmIIPPn><sln:gmIIPWersja>2012-09-26T22:01:42+02:00</sln:gmIIPWersja><sln:gmIdTeryt>1813042</sln:gmIdTeryt><sln:gmNazwa>Krasiczyn</sln:gmNazwa><sln:miejscIIPId>4d54937e-eab4-4c22-9cad-820fa163f7d9</sln:miejscIIPId><sln:miejscIIPPn>PL.PZGIK.200</sln:miejscIIPPn><sln:miejscIIPWersja>2016-11-24T11:29:32+02:00</sln:miejscIIPWersja><sln:miejscIdTeryt>0604880</sln:miejscIdTeryt><sln:miejscNazwa>Prałkowce</sln:miejscNazwa><sln:miejscRodzaj>Wieś</sln:miejscRodzaj><sln:powIIPId>f322275e-1c48-431f-889e-8bb0ccb46e81</sln:powIIPId><sln:powIIPPn>PL.PZGIK.200</sln:powIIPPn><sln:powIIPWersja>2012-09-27T08:01:01+02:00</sln:powIIPWersja><sln:powIdTeryt>1813</sln:powIdTeryt><sln:powNazwa>przemyski</sln:powNazwa><sln:waznyOd>2015-06-10T00:00:00+02:00</sln:waznyOd><sln:wojIIPId>833fe14b-fe8e-40c7-9e4e-fc27c938bb11</sln:wojIIPId><sln:wojIIPPn>PL.PZGIK.200</sln:wojIIPPn><sln:wojIIPWersja>2017-10-10T00:00:00+02:00</sln:wojIIPWersja><sln:wojIdTeryt>18</sln:wojIdTeryt><sln:wojNazwa>podkarpackie</sln:wojNazwa></sln:miejscowosc><sln:miejscowosc><sln:cyklZyciaDo>2017-04-18T00:00:00+02:00</sln:cyklZyciaDo><sln:cyklZyciaOd>2015-09-30T00:00:00+02:00</sln:cyklZyciaOd><sln:gmIIPId>d7356f06-013f-4dc1-aa9d-ce1a7d7b3748</sln:gmIIPId><sln:gmIIPPn>PL.PZGIK.200</sln:gmIIPPn><sln:gmIIPWersja>2012-09-26T22:01:42+02:00</sln:gmIIPWersja><sln:gmIdTeryt>1813042</sln:gmIdTeryt><sln:gmNazwa>Krasiczyn</sln:gmNazwa><sln:miejscIIPId>4160c465-2fda-4f48-96d7-a1ae753079a0</sln:miejscIIPId><sln:miejscIIPPn>PL.PZGIK.200</sln:miejscIIPPn><sln:miejscIIPWersja>2016-11-24T11:29:32+02:00</sln:miejscIIPWersja><sln:miejscIdTeryt>0604904</sln:miejscIdTeryt><sln:miejscNazwa>Rokszyce</sln:miejscNazwa><sln:miejscRodzaj>Wieś</sln:miejscRodzaj><sln:powIIPId>f322275e-1c48-431f-889e-8bb0ccb46e81</sln:powIIPId><sln:powIIPPn>PL.PZGIK.200</sln:powIIPPn><sln:powIIPWersja>2012-09-27T08:01:01+02:00</sln:powIIPWersja><sln:powIdTeryt>1813</sln:powIdTeryt><sln:powNazwa>przemyski</sln:powNazwa><sln:waznyOd>2015-06-10T00:00:00+02:00</sln:waznyOd><sln:wojIIPId>833fe14b-fe8e-40c7-9e4e-fc27c938bb11</sln:wojIIPId><sln:wojIIPPn>PL.PZGIK.200</sln:wojIIPPn><sln:wojIIPWersja>2017-10-10T00:00:00+02:00</sln:wojIIPWersja><sln:wojIdTeryt>18</sln:wojIdTeryt><sln:wojNazwa>podkarpackie</sln:wojNazwa></sln:miejscowosc><sln:miejscowosc><sln:cyklZyciaDo>2017-04-18T00:00:00+02:00</sln:cyklZyciaDo><sln:cyklZyciaOd>2015-09-30T00:00:00+02:00</sln:cyklZyciaOd><sln:gmIIPId>d7356f06-013f-4dc1-aa9d-ce1a7d7b3748</sln:gmIIPId><sln:gmIIPPn>PL.PZGIK.200</sln:gmIIPPn><sln:gmIIPWersja>2012-09-26T22:01:42+02:00</sln:gmIIPWersja><sln:gmIdTeryt>1813042</sln:gmIdTeryt><sln:gmNazwa>Krasiczyn</sln:gmNazwa><sln:miejscIIPId>73f3c53a-8b8b-47e1-a871-b0e2ab99016d</sln:miejscIIPId><sln:miejscIIPPn>PL.PZGIK.200</sln:miejscIIPPn><sln:miejscIIPWersja>2016-11-24T11:29:32+02:00</sln:miejscIIPWersja><sln:miejscIdTeryt>0604940</sln:miejscIdTeryt><sln:miejscNazwa>Śliwnica</sln:miejscNazwa><sln:miejscRodzaj>Wieś</sln:miejscRodzaj><sln:powIIPId>f322275e-1c48-431f-889e-8bb0ccb46e81</sln:powIIPId><sln:powIIPPn>PL.PZGIK.200</sln:powIIPPn><sln:powIIPWersja>2012-09-27T08:01:01+02:00</sln:powIIPWersja><sln:powIdTeryt>1813</sln:powIdTeryt><sln:powNazwa>przemyski</sln:powNazwa><sln:waznyOd>2015-06-10T00:00:00+02:00</sln:waznyOd><sln:wojIIPId>833fe14b-fe8e-40c7-9e4e-fc27c938bb11</sln:wojIIPId><sln:wojIIPPn>PL.PZGIK.200</sln:wojIIPPn><sln:wojIIPWersja>2017-10-10T00:00:00+02:00</sln:wojIIPWersja><sln:wojIdTeryt>18</sln:wojIdTeryt><sln:wojNazwa>podkarpackie</sln:wojNazwa></sln:miejscowosc><sln:miejscowosc><sln:cyklZyciaDo>2017-04-18T00:00:00+02:00</sln:cyklZyciaDo><sln:cyklZyciaOd>2015-09-30T00:00:00+02:00</sln:cyklZyciaOd><sln:gmIIPId>d7356f06-013f-4dc1-aa9d-ce1a7d7b3748</sln:gmIIPId><sln:gmIIPPn>PL.PZGIK.200</sln:gmIIPPn><sln:gmIIPWersja>2012-09-26T22:01:42+02:00</sln:gmIIPWersja><sln:gmIdTeryt>1813042</sln:gmIdTeryt><sln:gmNazwa>Krasiczyn</sln:gmNazwa><sln:miejscIIPId>f8632a21-c69e-4137-bf69-92850f49e21e</sln:miejscIIPId><sln:miejscIIPPn>PL.PZGIK.200</sln:miejscIIPPn><sln:miejscIIPWersja>2016-11-24T11:29:32+02:00</sln:miejscIIPWersja><sln:miejscIdTeryt>0604962</sln:miejscIdTeryt><sln:miejscNazwa>Tarnawce</sln:miejscNazwa><sln:miejscRodzaj>Wieś</sln:miejscRodzaj><sln:powIIPId>f322275e-1c48-431f-889e-8bb0ccb46e81</sln:powIIPId><sln:powIIPPn>PL.PZGIK.200</sln:powIIPPn><sln:powIIPWersja>2012-09-27T08:01:01+02:00</sln:powIIPWersja><sln:powIdTeryt>1813</sln:powIdTeryt><sln:powNazwa>przemyski</sln:powNazwa><sln:waznyOd>2015-06-10T00:00:00+02:00</sln:waznyOd><sln:wojIIPId>833fe14b-fe8e-40c7-9e4e-fc27c938bb11</sln:wojIIPId><sln:wojIIPPn>PL.PZGIK.200</sln:wojIIPPn><sln:wojIIPWersja>2017-10-10T00:00:00+02:00</sln:wojIIPWersja><sln:wojIdTeryt>18</sln:wojIdTeryt><sln:wojNazwa>podkarpackie</sln:wojNazwa></sln:miejscowosc><sln:miejscowosc><sln:cyklZyciaDo>2017-04-18T00:00:00+02:00</sln:cyklZyciaDo><sln:cyklZyciaOd>2015-09-30T00:00:00+02:00</sln:cyklZyciaOd><sln:gmIIPId>d7356f06-013f-4dc1-aa9d-ce1a7d7b3748</sln:gmIIPId><sln:gmIIPPn>PL.PZGIK.200</sln:gmIIPPn><sln:gmIIPWersja>2012-09-26T22:01:42+02:00</sln:gmIIPWersja><sln:gmIdTeryt>1813042</sln:gmIdTeryt><sln:gmNazwa>Krasiczyn</sln:gmNazwa><sln:miejscIIPId>5787d629-b3fb-4965-b4b8-c1fd4f6de23f</sln:miejscIIPId><sln:miejscIIPPn>PL.PZGIK.200</sln:miejscIIPPn><sln:miejscIIPWersja>2016-11-24T11:29:32+02:00</sln:miejscIIPWersja><sln:miejscIdTeryt>0604979</sln:miejscIdTeryt><sln:miejscNazwa>Zalesie</sln:miejscNazwa><sln:miejscRodzaj>Wieś</sln:miejscRodzaj><sln:powIIPId>f322275e-1c48-431f-889e-8bb0ccb46e81</sln:powIIPId><sln:powIIPPn>PL.PZGIK.200</sln:powIIPPn><sln:powIIPWersja>2012-09-27T08:01:01+02:00</sln:powIIPWersja><sln:powIdTeryt>1813</sln:powIdTeryt><sln:powNazwa>przemyski</sln:powNazwa><sln:waznyOd>2015-06-10T00:00:00+02:00</sln:waznyOd><sln:wojIIPId>833fe14b-fe8e-40c7-9e4e-fc27c938bb11</sln:wojIIPId><sln:wojIIPPn>PL.PZGIK.200</sln:wojIIPPn><sln:wojIIPWersja>2017-10-10T00:00:00+02:00</sln:wojIIPWersja><sln:wojIdTeryt>18</sln:wojIdTeryt><sln:wojNazwa>podkarpackie</sln:wojNazwa></sln:miejscowosc><sln:miejscowosc><sln:cyklZyciaOd>2017-04-18T00:00:00+02:00</sln:cyklZyciaOd><sln:gmIIPId>d7356f06-013f-4dc1-aa9d-ce1a7d7b3748</sln:gmIIPId><sln:gmIIPPn>PL.PZGIK.200</sln:gmIIPPn><sln:gmIIPWersja>2012-09-26T22:01:42+02:00</sln:gmIIPWersja><sln:gmIdTeryt>1813042</sln:gmIdTeryt><sln:gmNazwa>Krasiczyn</sln:gmNazwa><sln:miejscIIPId>01a9970c-b035-49ae-8a83-110917192ee7</sln:miejscIIPId><sln:miejscIIPPn>PL.PZGIK.200</sln:miejscIIPPn><sln:miejscIIPWersja>2017-04-18T11:06:16+02:00</sln:miejscIIPWersja><sln:miejscIdTeryt>0604620</sln:miejscIdTeryt><sln:miejscNazwa>Brylińce</sln:miejscNazwa><sln:miejscRodzaj>Wieś</sln:miejscRodzaj><sln:powIIPId>f322275e-1c48-431f-889e-8bb0ccb46e81</sln:powIIPId><sln:powIIPPn>PL.PZGIK.200</sln:powIIPPn><sln:powIIPWersja>2012-09-27T08:01:01+02:00</sln:powIIPWersja><sln:powIdTeryt>1813</sln:powIdTeryt><sln:powNazwa>przemyski</sln:powNazwa><sln:waznyOd>2015-06-10T00:00:00+02:00</sln:waznyOd><sln:wojIIPId>833fe14b-fe8e-40c7-9e4e-fc27c938bb11</sln:wojIIPId><sln:wojIIPPn>PL.PZGIK.200</sln:wojIIPPn><sln:wojIIPWersja>2017-10-10T00:00:00+02:00</sln:wojIIPWersja><sln:wojIdTeryt>18</sln:wojIdTeryt><sln:wojNazwa>podkarpackie</sln:wojNazwa></sln:miejscowosc><sln:miejscowosc><sln:cyklZyciaOd>2017-04-18T00:00:00+02:00</sln:cyklZyciaOd><sln:gmIIPId>d7356f06-013f-4dc1-aa9d-ce1a7d7b3748</sln:gmIIPId><sln:gmIIPPn>PL.PZGIK.200</sln:gmIIPPn><sln:gmIIPWersja>2012-09-26T22:01:42+02:00</sln:gmIIPWersja><sln:gmIdTeryt>1813042</sln:gmIdTeryt><sln:gmNazwa>Krasiczyn</sln:gmNazwa><sln:miejscIIPId>54068fac-a2ed-486f-9e53-551a25ffdd7c</sln:miejscIIPId><sln:miejscIIPPn>PL.PZGIK.200</sln:miejscIIPPn><sln:miejscIIPWersja>2017-04-18T11:06:23+02:00</sln:miejscIIPWersja><sln:miejscIdTeryt>0604689</sln:miejscIdTeryt><sln:miejscNazwa>Chołowice</sln:miejscNazwa><sln:miejscRodzaj>Wieś</sln:miejscRodzaj><sln:powIIPId>f322275e-1c48-431f-889e-8bb0ccb46e81</sln:powIIPId><sln:powIIPPn>PL.PZGIK.200</sln:powIIPPn><sln:powIIPWersja>2012-09-27T08:01:01+02:00</sln:powIIPWersja><sln:powIdTeryt>1813</sln:powIdTeryt><sln:powNazwa>przemyski</sln:powNazwa><sln:waznyOd>2015-06-10T00:00:00+02:00</sln:waznyOd><sln:wojIIPId>833fe14b-fe8e-40c7-9e4e-fc27c938bb11</sln:wojIIPId><sln:wojIIPPn>PL.PZGIK.200</sln:wojIIPPn><sln:wojIIPWersja>2017-10-10T00:00:00+02:00</sln:wojIIPWersja><sln:wojIdTeryt>18</sln:wojIdTeryt><sln:wojNazwa>podkarpackie</sln:wojNazwa></sln:miejscowosc><sln:miejscowosc><sln:cyklZyciaOd>2017-04-18T00:00:00+02:00</sln:cyklZyciaOd><sln:gmIIPId>d7356f06-013f-4dc1-aa9d-ce1a7d7b3748</sln:gmIIPId><sln:gmIIPPn>PL.PZGIK.200</sln:gmIIPPn><sln:gmIIPWersja>2012-09-26T22:01:42+02:00</sln:gmIIPWersja><sln:gmIdTeryt>1813042</sln:gmIdTeryt><sln:gmNazwa>Krasiczyn</sln:gmNazwa><sln:miejscIIPId>13b93cc5-c48c-498b-bcf7-4222fce27a88</sln:miejscIIPId><sln:miejscIIPPn>PL.PZGIK.200</sln:miejscIIPPn><sln:miejscIIPWersja>2017-04-18T11:06:23+02:00</sln:miejscIIPWersja><sln:miejscIdTeryt>0604695</sln:miejscIdTeryt><sln:miejscNazwa>Cisowa</sln:miejscNazwa><sln:miejscRodzaj>Wieś</sln:miejscRodzaj><sln:powIIPId>f322275e-1c48-431f-889e-8bb0ccb46e81</sln:powIIPId><sln:powIIPPn>PL.PZGIK.200</sln:powIIPPn><sln:powIIPWersja>2012-09-27T08:01:01+02:00</sln:powIIPWersja><sln:powIdTeryt>1813</sln:powIdTeryt><sln:powNazwa>przemyski</sln:powNazwa><sln:waznyOd>2015-06-10T00:00:00+02:00</sln:waznyOd><sln:wojIIPId>833fe14b-fe8e-40c7-9e4e-fc27c938bb11</sln:wojIIPId><sln:wojIIPPn>PL.PZGIK.200</sln:wojIIPPn><sln:wojIIPWersja>2017-10-10T00:00:00+02:00</sln:wojIIPWersja><sln:wojIdTeryt>18</sln:wojIdTeryt><sln:wojNazwa>podkarpackie</sln:wojNazwa></sln:miejscowosc><sln:miejscowosc><sln:cyklZyciaOd>2017-04-18T00:00:00+02:00</sln:cyklZyciaOd><sln:gmIIPId>d7356f06-013f-4dc1-aa9d-ce1a7d7b3748</sln:gmIIPId><sln:gmIIPPn>PL.PZGIK.200</sln:gmIIPPn><sln:gmIIPWersja>2012-09-26T22:01:42+02:00</sln:gmIIPWersja><sln:gmIdTeryt>1813042</sln:gmIdTeryt><sln:gmNazwa>Krasiczyn</sln:gmNazwa><sln:miejscIIPId>693a0744-79d2-42e4-acb0-0bbcec8d7a2b</sln:miejscIIPId><sln:miejscIIPPn>PL.PZGIK.200</sln:miejscIIPPn><sln:miejscIIPWersja>2017-04-18T11:06:23+02:00</sln:miejscIIPWersja><sln:miejscIdTeryt>0604703</sln:miejscIdTeryt><sln:miejscNazwa>Dybawka</sln:miejscNazwa><sln:miejscRodzaj>Wieś</sln:miejscRodzaj><sln:powIIPId>f322275e-1c48-431f-889e-8bb0ccb46e81</sln:powIIPId><sln:powIIPPn>PL.PZGIK.200</sln:powIIPPn><sln:powIIPWersja>2012-09-27T08:01:01+02:00</sln:powIIPWersja><sln:powIdTeryt>1813</sln:powIdTeryt><sln:powNazwa>przemyski</sln:powNazwa><sln:waznyOd>2015-06-10T00:00:00+02:00</sln:waznyOd><sln:wojIIPId>833fe14b-fe8e-40c7-9e4e-fc27c938bb11</sln:wojIIPId><sln:wojIIPPn>PL.PZGIK.200</sln:wojIIPPn><sln:wojIIPWersja>2017-10-10T00:00:00+02:00</sln:wojIIPWersja><sln:wojIdTeryt>18</sln:wojIdTeryt><sln:wojNazwa>podkarpackie</sln:wojNazwa></sln:miejscowosc><sln:miejscowosc><sln:cyklZyciaOd>2017-04-18T00:00:00+02:00</sln:cyklZyciaOd><sln:gmIIPId>d7356f06-013f-4dc1-aa9d-ce1a7d7b3748</sln:gmIIPId><sln:gmIIPPn>PL.PZGIK.200</sln:gmIIPPn><sln:gmIIPWersja>2012-09-26T22:01:42+02:00</sln:gmIIPWersja><sln:gmIdTeryt>1813042</sln:gmIdTeryt><sln:gmNazwa>Krasiczyn</sln:gmNazwa><sln:miejscIIPId>757877fa-90d7-4884-8356-be846210ccab</sln:miejscIIPId><sln:miejscIIPPn>PL.PZGIK.200</sln:miejscIIPPn><sln:miejscIIPWersja>2017-04-18T11:06:24+02:00</sln:miejscIIPWersja><sln:miejscIdTeryt>0604749</sln:miejscIdTeryt><sln:miejscNazwa>Korytniki</sln:miejscNazwa><sln:miejscRodzaj>Wieś</sln:miejscRodzaj><sln:powIIPId>f322275e-1c48-431f-889e-8bb0ccb46e81</sln:powIIPId><sln:powIIPPn>PL.PZGIK.200</sln:powIIPPn><sln:powIIPWersja>2012-09-27T08:01:01+02:00</sln:powIIPWersja><sln:powIdTeryt>1813</sln:powIdTeryt><sln:powNazwa>przemyski</sln:powNazwa><sln:waznyOd>2015-06-10T00:00:00+02:00</sln:waznyOd><sln:wojIIPId>833fe14b-fe8e-40c7-9e4e-fc27c938bb11</sln:wojIIPId><sln:wojIIPPn>PL.PZGIK.200</sln:wojIIPPn><sln:wojIIPWersja>2017-10-10T00:00:00+02:00</sln:wojIIPWersja><sln:wojIdTeryt>18</sln:wojIdTeryt><sln:wojNazwa>podkarpackie</sln:wojNazwa></sln:miejscowosc><sln:miejscowosc><sln:cyklZyciaOd>2017-04-18T00:00:00+02:00</sln:cyklZyciaOd><sln:gmIIPId>d7356f06-013f-4dc1-aa9d-ce1a7d7b3748</sln:gmIIPId><sln:gmIIPPn>PL.PZGIK.200</sln:gmIIPPn><sln:gmIIPWersja>2012-09-26T22:01:42+02:00</sln:gmIIPWersja><sln:gmIdTeryt>1813042</sln:gmIdTeryt><sln:gmNazwa>Krasiczyn</sln:gmNazwa><sln:miejscIIPId>2d906d68-8235-441a-bd74-15fc4bc99560</sln:miejscIIPId><sln:miejscIIPPn>PL.PZGIK.200</sln:miejscIIPPn><sln:miejscIIPWersja>2017-04-18T11:06:24+02:00</sln:miejscIIPWersja><sln:miejscIdTeryt>0604778</sln:miejscIdTeryt><sln:miejscNazwa>Krasice</sln:miejscNazwa><sln:miejscRodzaj>Wieś</sln:miejscRodzaj><sln:powIIPId>f322275e-1c48-431f-889e-8bb0ccb46e81</sln:powIIPId><sln:powIIPPn>PL.PZGIK.200</sln:powIIPPn><sln:powIIPWersja>2012-09-27T08:01:01+02:00</sln:powIIPWersja><sln:powIdTeryt>1813</sln:powIdTeryt><sln:powNazwa>przemyski</sln:powNazwa><sln:waznyOd>2015-06-10T00:00:00+02:00</sln:waznyOd><sln:wojIIPId>833fe14b-fe8e-40c7-9e4e-fc27c938bb11</sln:wojIIPId><sln:wojIIPPn>PL.PZGIK.200</sln:wojIIPPn><sln:wojIIPWersja>2017-10-10T00:00:00+02:00</sln:wojIIPWersja><sln:wojIdTeryt>18</sln:wojIdTeryt><sln:wojNazwa>podkarpackie</sln:wojNazwa></sln:miejscowosc><sln:miejscowosc><sln:cyklZyciaOd>2017-04-18T00:00:00+02:00</sln:cyklZyciaOd><sln:gmIIPId>d7356f06-013f-4dc1-aa9d-ce1a7d7b3748</sln:gmIIPId><sln:gmIIPPn>PL.PZGIK.200</sln:gmIIPPn><sln:gmIIPWersja>2012-09-26T22:01:42+02:00</sln:gmIIPWersja><sln:gmIdTeryt>1813042</sln:gmIdTeryt><sln:gmNazwa>Krasiczyn</sln:gmNazwa><sln:miejscIIPId>8aa81765-9bb5-47a8-9ab3-337979c41808</sln:miejscIIPId><sln:miejscIIPPn>PL.PZGIK.200</sln:miejscIIPPn><sln:miejscIIPWersja>2017-04-18T11:06:24+02:00</sln:miejscIIPWersja><sln:miejscIdTeryt>0604784</sln:miejscIdTeryt><sln:miejscNazwa>Krasiczyn</sln:miejscNazwa><sln:miejscRodzaj>Wieś</sln:miejscRodzaj><sln:powIIPId>f322275e-1c48-431f-889e-8bb0ccb46e81</sln:powIIPId><sln:powIIPPn>PL.PZGIK.200</sln:powIIPPn><sln:powIIPWersja>2012-09-27T08:01:01+02:00</sln:powIIPWersja><sln:powIdTeryt>1813</sln:powIdTeryt><sln:powNazwa>przemyski</sln:powNazwa><sln:waznyOd>2015-06-10T00:00:00+02:00</sln:waznyOd><sln:wojIIPId>833fe14b-fe8e-40c7-9e4e-fc27c938bb11</sln:wojIIPId><sln:wojIIPPn>PL.PZGIK.200</sln:wojIIPPn><sln:wojIIPWersja>2017-10-10T00:00:00+02:00</sln:wojIIPWersja><sln:wojIdTeryt>18</sln:wojIdTeryt><sln:wojNazwa>podkarpackie</sln:wojNazwa></sln:miejscowosc><sln:miejscowosc><sln:cyklZyciaOd>2017-04-18T00:00:00+02:00</sln:cyklZyciaOd><sln:gmIIPId>d7356f06-013f-4dc1-aa9d-ce1a7d7b3748</sln:gmIIPId><sln:gmIIPPn>PL.PZGIK.200</sln:gmIIPPn><sln:gmIIPWersja>2012-09-26T22:01:42+02:00</sln:gmIIPWersja><sln:gmIdTeryt>1813042</sln:gmIdTeryt><sln:gmNazwa>Krasiczyn</sln:gmNazwa><sln:miejscIIPId>7c9985de-472e-493b-8816-b5e47fa8301b</sln:miejscIIPId><sln:miejscIIPPn>PL.PZGIK.200</sln:miejscIIPPn><sln:miejscIIPWersja>2017-04-18T11:06:24+02:00</sln:miejscIIPWersja><sln:miejscIdTeryt>0604844</sln:miejscIdTeryt><sln:miejscNazwa>Krzeczkowa</sln:miejscNazwa><sln:miejscRodzaj>Wieś</sln:miejscRodzaj><sln:powIIPId>f322275e-1c48-431f-889e-8bb0ccb46e81</sln:powIIPId><sln:powIIPPn>PL.PZGIK.200</sln:powIIPPn><sln:powIIPWersja>2012-09-27T08:01:01+02:00</sln:powIIPWersja><sln:powIdTeryt>1813</sln:powIdTeryt><sln:powNazwa>przemyski</sln:powNazwa><sln:waznyOd>2015-06-10T00:00:00+02:00</sln:waznyOd><sln:wojIIPId>833fe14b-fe8e-40c7-9e4e-fc27c938bb11</sln:wojIIPId><sln:wojIIPPn>PL.PZGIK.200</sln:wojIIPPn><sln:wojIIPWersja>2017-10-10T00:00:00+02:00</sln:wojIIPWersja><sln:wojIdTeryt>18</sln:wojIdTeryt><sln:wojNazwa>podkarpackie</sln:wojNazwa></sln:miejscowosc><sln:miejscowosc><sln:cyklZyciaOd>2017-04-18T00:00:00+02:00</sln:cyklZyciaOd><sln:gmIIPId>d7356f06-013f-4dc1-aa9d-ce1a7d7b3748</sln:gmIIPId><sln:gmIIPPn>PL.PZGIK.200</sln:gmIIPPn><sln:gmIIPWersja>2012-09-26T22:01:42+02:00</sln:gmIIPWersja><sln:gmIdTeryt>1813042</sln:gmIdTeryt><sln:gmNazwa>Krasiczyn</sln:gmNazwa><sln:miejscIIPId>cfdffbc0-ba10-437b-8fd0-98edd7a78b30</sln:miejscIIPId><sln:miejscIIPPn>PL.PZGIK.200</sln:miejscIIPPn><sln:miejscIIPWersja>2017-04-18T11:06:24+02:00</sln:miejscIIPWersja><sln:miejscIdTeryt>0604850</sln:miejscIdTeryt><sln:miejscNazwa>Mielnów</sln:miejscNazwa><sln:miejscRodzaj>Wieś</sln:miejscRodzaj><sln:powIIPId>f322275e-1c48-431f-889e-8bb0ccb46e81</sln:powIIPId><sln:powIIPPn>PL.PZGIK.200</sln:powIIPPn><sln:powIIPWersja>2012-09-27T08:01:01+02:00</sln:powIIPWersja><sln:powIdTeryt>1813</sln:powIdTeryt><sln:powNazwa>przemyski</sln:powNazwa><sln:waznyOd>2015-06-10T00:00:00+02:00</sln:waznyOd><sln:wojIIPId>833fe14b-fe8e-40c7-9e4e-fc27c938bb11</sln:wojIIPId><sln:wojIIPPn>PL.PZGIK.200</sln:wojIIPPn><sln:wojIIPWersja>2017-10-10T00:00:00+02:00</sln:wojIIPWersja><sln:wojIdTeryt>18</sln:wojIdTeryt><sln:wojNazwa>podkarpackie</sln:wojNazwa></sln:miejscowosc><sln:miejscowosc><sln:cyklZyciaOd>2017-04-18T00:00:00+02:00</sln:cyklZyciaOd><sln:gmIIPId>d7356f06-013f-4dc1-aa9d-ce1a7d7b3748</sln:gmIIPId><sln:gmIIPPn>PL.PZGIK.200</sln:gmIIPPn><sln:gmIIPWersja>2012-09-26T22:01:42+02:00</sln:gmIIPWersja><sln:gmIdTeryt>1813042</sln:gmIdTeryt><sln:gmNazwa>Krasiczyn</sln:gmNazwa><sln:miejscIIPId>ec629837-0496-4741-b677-e3b853a46c3b</sln:miejscIIPId><sln:miejscIIPPn>PL.PZGIK.200</sln:miejscIIPPn><sln:miejscIIPWersja>2017-04-18T11:06:24+02:00</sln:miejscIIPWersja><sln:miejscIdTeryt>0604867</sln:miejscIdTeryt><sln:miejscNazwa>Olszany</sln:miejscNazwa><sln:miejscRodzaj>Wieś</sln:miejscRodzaj><sln:powIIPId>f322275e-1c48-431f-889e-8bb0ccb46e81</sln:powIIPId><sln:powIIPPn>PL.PZGIK.200</sln:powIIPPn><sln:powIIPWersja>2012-09-27T08:01:01+02:00</sln:powIIPWersja><sln:powIdTeryt>1813</sln:powIdTeryt><sln:powNazwa>przemyski</sln:powNazwa><sln:waznyOd>2015-06-10T00:00:00+02:00</sln:waznyOd><sln:wojIIPId>833fe14b-fe8e-40c7-9e4e-fc27c938bb11</sln:wojIIPId><sln:wojIIPPn>PL.PZGIK.200</sln:wojIIPPn><sln:wojIIPWersja>2017-10-10T00:00:00+02:00</sln:wojIIPWersja><sln:wojIdTeryt>18</sln:wojIdTeryt><sln:wojNazwa>podkarpackie</sln:wojNazwa></sln:miejscowosc><sln:miejscowosc><sln:cyklZyciaOd>2017-04-18T00:00:00+02:00</sln:cyklZyciaOd><sln:gmIIPId>d7356f06-013f-4dc1-aa9d-ce1a7d7b3748</sln:gmIIPId><sln:gmIIPPn>PL.PZGIK.200</sln:gmIIPPn><sln:gmIIPWersja>2012-09-26T22:01:42+02:00</sln:gmIIPWersja><sln:gmIdTeryt>1813042</sln:gmIdTeryt><sln:gmNazwa>Krasiczyn</sln:gmNazwa><sln:miejscIIPId>4d54937e-eab4-4c22-9cad-820fa163f7d9</sln:miejscIIPId><sln:miejscIIPPn>PL.PZGIK.200</sln:miejscIIPPn><sln:miejscIIPWersja>2017-04-18T11:06:24+02:00</sln:miejscIIPWersja><sln:miejscIdTeryt>0604880</sln:miejscIdTeryt><sln:miejscNazwa>Prałkowce</sln:miejscNazwa><sln:miejscRodzaj>Wieś</sln:miejscRodzaj><sln:powIIPId>f322275e-1c48-431f-889e-8bb0ccb46e81</sln:powIIPId><sln:powIIPPn>PL.PZGIK.200</sln:powIIPPn><sln:powIIPWersja>2012-09-27T08:01:01+02:00</sln:powIIPWersja><sln:powIdTeryt>1813</sln:powIdTeryt><sln:powNazwa>przemyski</sln:powNazwa><sln:waznyOd>2015-06-10T00:00:00+02:00</sln:waznyOd><sln:wojIIPId>833fe14b-fe8e-40c7-9e4e-fc27c938bb11</sln:wojIIPId><sln:wojIIPPn>PL.PZGIK.200</sln:wojIIPPn><sln:wojIIPWersja>2017-10-10T00:00:00+02:00</sln:wojIIPWersja><sln:wojIdTeryt>18</sln:wojIdTeryt><sln:wojNazwa>podkarpackie</sln:wojNazwa></sln:miejscowosc><sln:miejscowosc><sln:cyklZyciaOd>2017-04-18T00:00:00+02:00</sln:cyklZyciaOd><sln:gmIIPId>d7356f06-013f-4dc1-aa9d-ce1a7d7b3748</sln:gmIIPId><sln:gmIIPPn>PL.PZGIK.200</sln:gmIIPPn><sln:gmIIPWersja>2012-09-26T22:01:42+02:00</sln:gmIIPWersja><sln:gmIdTeryt>1813042</sln:gmIdTeryt><sln:gmNazwa>Krasiczyn</sln:gmNazwa><sln:miejscIIPId>4160c465-2fda-4f48-96d7-a1ae753079a0</sln:miejscIIPId><sln:miejscIIPPn>PL.PZGIK.200</sln:miejscIIPPn><sln:miejscIIPWersja>2017-04-18T11:06:24+02:00</sln:miejscIIPWersja><sln:miejscIdTeryt>0604904</sln:miejscIdTeryt><sln:miejscNazwa>Rokszyce</sln:miejscNazwa><sln:miejscRodzaj>Wieś</sln:miejscRodzaj><sln:powIIPId>f322275e-1c48-431f-889e-8bb0ccb46e81</sln:powIIPId><sln:powIIPPn>PL.PZGIK.200</sln:powIIPPn><sln:powIIPWersja>2012-09-27T08:01:01+02:00</sln:powIIPWersja><sln:powIdTeryt>1813</sln:powIdTeryt><sln:powNazwa>przemyski</sln:powNazwa><sln:waznyOd>2015-06-10T00:00:00+02:00</sln:waznyOd><sln:wojIIPId>833fe14b-fe8e-40c7-9e4e-fc27c938bb11</sln:wojIIPId><sln:wojIIPPn>PL.PZGIK.200</sln:wojIIPPn><sln:wojIIPWersja>2017-10-10T00:00:00+02:00</sln:wojIIPWersja><sln:wojIdTeryt>18</sln:wojIdTeryt><sln:wojNazwa>podkarpackie</sln:wojNazwa></sln:miejscowosc><sln:miejscowosc><sln:cyklZyciaOd>2017-04-18T00:00:00+02:00</sln:cyklZyciaOd><sln:gmIIPId>d7356f06-013f-4dc1-aa9d-ce1a7d7b3748</sln:gmIIPId><sln:gmIIPPn>PL.PZGIK.200</sln:gmIIPPn><sln:gmIIPWersja>2012-09-26T22:01:42+02:00</sln:gmIIPWersja><sln:gmIdTeryt>1813042</sln:gmIdTeryt><sln:gmNazwa>Krasiczyn</sln:gmNazwa><sln:miejscIIPId>73f3c53a-8b8b-47e1-a871-b0e2ab99016d</sln:miejscIIPId><sln:miejscIIPPn>PL.PZGIK.200</sln:miejscIIPPn><sln:miejscIIPWersja>2017-04-18T11:06:24+02:00</sln:miejscIIPWersja><sln:miejscIdTeryt>0604940</sln:miejscIdTeryt><sln:miejscNazwa>Śliwnica</sln:miejscNazwa><sln:miejscRodzaj>Wieś</sln:miejscRodzaj><sln:powIIPId>f322275e-1c48-431f-889e-8bb0ccb46e81</sln:powIIPId><sln:powIIPPn>PL.PZGIK.200</sln:powIIPPn><sln:powIIPWersja>2012-09-27T08:01:01+02:00</sln:powIIPWersja><sln:powIdTeryt>1813</sln:powIdTeryt><sln:powNazwa>przemyski</sln:powNazwa><sln:waznyOd>2015-06-10T00:00:00+02:00</sln:waznyOd><sln:wojIIPId>833fe14b-fe8e-40c7-9e4e-fc27c938bb11</sln:wojIIPId><sln:wojIIPPn>PL.PZGIK.200</sln:wojIIPPn><sln:wojIIPWersja>2017-10-10T00:00:00+02:00</sln:wojIIPWersja><sln:wojIdTeryt>18</sln:wojIdTeryt><sln:wojNazwa>podkarpackie</sln:wojNazwa></sln:miejscowosc><sln:miejscowosc><sln:cyklZyciaOd>2017-04-18T00:00:00+02:00</sln:cyklZyciaOd><sln:gmIIPId>d7356f06-013f-4dc1-aa9d-ce1a7d7b3748</sln:gmIIPId><sln:gmIIPPn>PL.PZGIK.200</sln:gmIIPPn><sln:gmIIPWersja>2012-09-26T22:01:42+02:00</sln:gmIIPWersja><sln:gmIdTeryt>1813042</sln:gmIdTeryt><sln:gmNazwa>Krasiczyn</sln:gmNazwa><sln:miejscIIPId>f8632a21-c69e-4137-bf69-92850f49e21e</sln:miejscIIPId><sln:miejscIIPPn>PL.PZGIK.200</sln:miejscIIPPn><sln:miejscIIPWersja>2017-04-18T11:06:24+02:00</sln:miejscIIPWersja><sln:miejscIdTeryt>0604962</sln:miejscIdTeryt><sln:miejscNazwa>Tarnawce</sln:miejscNazwa><sln:miejscRodzaj>Wieś</sln:miejscRodzaj><sln:powIIPId>f322275e-1c48-431f-889e-8bb0ccb46e81</sln:powIIPId><sln:powIIPPn>PL.PZGIK.200</sln:powIIPPn><sln:powIIPWersja>2012-09-27T08:01:01+02:00</sln:powIIPWersja><sln:powIdTeryt>1813</sln:powIdTeryt><sln:powNazwa>przemyski</sln:powNazwa><sln:waznyOd>2015-06-10T00:00:00+02:00</sln:waznyOd><sln:wojIIPId>833fe14b-fe8e-40c7-9e4e-fc27c938bb11</sln:wojIIPId><sln:wojIIPPn>PL.PZGIK.200</sln:wojIIPPn><sln:wojIIPWersja>2017-10-10T00:00:00+02:00</sln:wojIIPWersja><sln:wojIdTeryt>18</sln:wojIdTeryt><sln:wojNazwa>podkarpackie</sln:wojNazwa></sln:miejscowosc><sln:miejscowosc><sln:cyklZyciaOd>2017-04-18T00:00:00+02:00</sln:cyklZyciaOd><sln:gmIIPId>d7356f06-013f-4dc1-aa9d-ce1a7d7b3748</sln:gmIIPId><sln:gmIIPPn>PL.PZGIK.200</sln:gmIIPPn><sln:gmIIPWersja>2012-09-26T22:01:42+02:00</sln:gmIIPWersja><sln:gmIdTeryt>1813042</sln:gmIdTeryt><sln:gmNazwa>Krasiczyn</sln:gmNazwa><sln:miejscIIPId>5787d629-b3fb-4965-b4b8-c1fd4f6de23f</sln:miejscIIPId><sln:miejscIIPPn>PL.PZGIK.200</sln:miejscIIPPn><sln:miejscIIPWersja>2017-04-18T11:06:24+02:00</sln:miejscIIPWersja><sln:miejscIdTeryt>0604979</sln:miejscIdTeryt><sln:miejscNazwa>Zalesie</sln:miejscNazwa><sln:miejscRodzaj>Wieś</sln:miejscRodzaj><sln:powIIPId>f322275e-1c48-431f-889e-8bb0ccb46e81</sln:powIIPId><sln:powIIPPn>PL.PZGIK.200</sln:powIIPPn><sln:powIIPWersja>2012-09-27T08:01:01+02:00</sln:powIIPWersja><sln:powIdTeryt>1813</sln:powIdTeryt><sln:powNazwa>przemyski</sln:powNazwa><sln:waznyOd>2015-06-10T00:00:00+02:00</sln:waznyOd><sln:wojIIPId>833fe14b-fe8e-40c7-9e4e-fc27c938bb11</sln:wojIIPId><sln:wojIIPPn>PL.PZGIK.200</sln:wojIIPPn><sln:wojIIPWersja>2017-10-10T00:00:00+02:00</sln:wojIIPWersja><sln:wojIdTeryt>18</sln:wojIdTeryt><sln:wojNazwa>podkarpackie</sln:wojNazwa></sln:miejscowosc><sln:miejscowosc><sln:cyklZyciaDo>2017-06-14T00:00:00+02:00</sln:cyklZyciaDo><sln:cyklZyciaOd>2017-06-13T00:00:00+02:00</sln:cyklZyciaOd><sln:gmIIPId>d7356f06-013f-4dc1-aa9d-ce1a7d7b3748</sln:gmIIPId><sln:gmIIPPn>PL.PZGIK.200</sln:gmIIPPn><sln:gmIIPWersja>2012-09-26T22:01:42+02:00</sln:gmIIPWersja><sln:gmIdTeryt>1813042</sln:gmIdTeryt><sln:gmNazwa>Krasiczyn</sln:gmNazwa><sln:miejscIIPId>9daf20f8-5613-448f-8030-74719b117339</sln:miejscIIPId><sln:miejscIIPPn>PL.PZGIK.200</sln:miejscIIPPn><sln:miejscIIPWersja>2017-06-13T12:20:57+02:00</sln:miejscIIPWersja><sln:miejscNazwa>Dybawka Górna</sln:miejscNazwa><sln:miejscRodzaj>Inny obiekt</sln:miejscRodzaj><sln:powIIPId>f322275e-1c48-431f-889e-8bb0ccb46e81</sln:powIIPId><sln:powIIPPn>PL.PZGIK.200</sln:powIIPPn><sln:powIIPWersja>2012-09-27T08:01:01+02:00</sln:powIIPWersja><sln:powIdTeryt>1813</sln:powIdTeryt><sln:powNazwa>przemyski</sln:powNazwa><sln:waznyOd>2017-06-08T00:00:00+02:00</sln:waznyOd><sln:wojIIPId>833fe14b-fe8e-40c7-9e4e-fc27c938bb11</sln:wojIIPId><sln:wojIIPPn>PL.PZGIK.200</sln:wojIIPPn><sln:wojIIPWersja>2017-10-10T00:00:00+02:00</sln:wojIIPWersja><sln:wojIdTeryt>18</sln:wojIdTeryt><sln:wojNazwa>podkarpackie</sln:wojNazwa></sln:miejscowosc><sln:miejscowosc><sln:cyklZyciaDo>2017-06-14T00:00:00+02:00</sln:cyklZyciaDo><sln:cyklZyciaOd>2017-06-13T00:00:00+02:00</sln:cyklZyciaOd><sln:gmIIPId>d7356f06-013f-4dc1-aa9d-ce1a7d7b3748</sln:gmIIPId><sln:gmIIPPn>PL.PZGIK.200</sln:gmIIPPn><sln:gmIIPWersja>2012-09-26T22:01:42+02:00</sln:gmIIPWersja><sln:gmIdTeryt>1813042</sln:gmIdTeryt><sln:gmNazwa>Krasiczyn</sln:gmNazwa><sln:miejscIIPId>b09f46ca-587a-4881-9840-3e24fda7a865</sln:miejscIIPId><sln:miejscIIPPn>PL.PZGIK.200</sln:miejscIIPPn><sln:miejscIIPWersja>2017-06-13T12:21:08+02:00</sln:miejscIIPWersja><sln:miejscNazwa>Dybawka Górna</sln:miejscNazwa><sln:miejscRodzaj>Inny obiekt</sln:miejscRodzaj><sln:powIIPId>f322275e-1c48-431f-889e-8bb0ccb46e81</sln:powIIPId><sln:powIIPPn>PL.PZGIK.200</sln:powIIPPn><sln:powIIPWersja>2012-09-27T08:01:01+02:00</sln:powIIPWersja><sln:powIdTeryt>1813</sln:powIdTeryt><sln:powNazwa>przemyski</sln:powNazwa><sln:waznyOd>2017-06-08T00:00:00+02:00</sln:waznyOd><sln:wojIIPId>833fe14b-fe8e-40c7-9e4e-fc27c938bb11</sln:wojIIPId><sln:wojIIPPn>PL.PZGIK.200</sln:wojIIPPn><sln:wojIIPWersja>2017-10-10T00:00:00+02:00</sln:wojIIPWersja><sln:wojIdTeryt>18</sln:wojIdTeryt><sln:wojNazwa>podkarpackie</sln:wojNazwa></sln:miejscowosc><sln:miejscowosc><sln:cyklZyciaDo>2017-06-14T00:00:00+02:00</sln:cyklZyciaDo><sln:cyklZyciaOd>2017-06-13T00:00:00+02:00</sln:cyklZyciaOd><sln:gmIIPId>d7356f06-013f-4dc1-aa9d-ce1a7d7b3748</sln:gmIIPId><sln:gmIIPPn>PL.PZGIK.200</sln:gmIIPPn><sln:gmIIPWersja>2012-09-26T22:01:42+02:00</sln:gmIIPWersja><sln:gmIdTeryt>1813042</sln:gmIdTeryt><sln:gmNazwa>Krasiczyn</sln:gmNazwa><sln:miejscIIPId>5566efc2-aa80-4176-bd36-15c4e80b2e7e</sln:miejscIIPId><sln:miejscIIPPn>PL.PZGIK.200</sln:miejscIIPPn><sln:miejscIIPWersja>2017-06-13T12:21:09+02:00</sln:miejscIIPWersja><sln:miejscNazwa>Dybawka Górna</sln:miejscNazwa><sln:miejscRodzaj>Inny obiekt</sln:miejscRodzaj><sln:powIIPId>f322275e-1c48-431f-889e-8bb0ccb46e81</sln:powIIPId><sln:powIIPPn>PL.PZGIK.200</sln:powIIPPn><sln:powIIPWersja>2012-09-27T08:01:01+02:00</sln:powIIPWersja><sln:powIdTeryt>1813</sln:powIdTeryt><sln:powNazwa>przemyski</sln:powNazwa><sln:waznyOd>2017-06-08T00:00:00+02:00</sln:waznyOd><sln:wojIIPId>833fe14b-fe8e-40c7-9e4e-fc27c938bb11</sln:wojIIPId><sln:wojIIPPn>PL.PZGIK.200</sln:wojIIPPn><sln:wojIIPWersja>2017-10-10T00:00:00+02:00</sln:wojIIPWersja><sln:wojIdTeryt>18</sln:wojIdTeryt><sln:wojNazwa>podkarpackie</sln:wojNazwa></sln:miejscowosc><sln:miejscowosc><sln:cyklZyciaDo>2017-06-14T00:00:00+02:00</sln:cyklZyciaDo><sln:cyklZyciaOd>2017-06-13T00:00:00+02:00</sln:cyklZyciaOd><sln:gmIIPId>d7356f06-013f-4dc1-aa9d-ce1a7d7b3748</sln:gmIIPId><sln:gmIIPPn>PL.PZGIK.200</sln:gmIIPPn><sln:gmIIPWersja>2012-09-26T22:01:42+02:00</sln:gmIIPWersja><sln:gmIdTeryt>1813042</sln:gmIdTeryt><sln:gmNazwa>Krasiczyn</sln:gmNazwa><sln:miejscIIPId>ec4b004b-5921-4116-ace4-ce1f0afeb6bf</sln:miejscIIPId><sln:miejscIIPPn>PL.PZGIK.200</sln:miejscIIPPn><sln:miejscIIPWersja>2017-06-13T12:21:09+02:00</sln:miejscIIPWersja><sln:miejscNazwa>Dybawka Górna</sln:miejscNazwa><sln:miejscRodzaj>Inny obiekt</sln:miejscRodzaj><sln:powIIPId>f322275e-1c48-431f-889e-8bb0ccb46e81</sln:powIIPId><sln:powIIPPn>PL.PZGIK.200</sln:powIIPPn><sln:powIIPWersja>2012-09-27T08:01:01+02:00</sln:powIIPWersja><sln:powIdTeryt>1813</sln:powIdTeryt><sln:powNazwa>przemyski</sln:powNazwa><sln:waznyOd>2017-06-08T00:00:00+02:00</sln:waznyOd><sln:wojIIPId>833fe14b-fe8e-40c7-9e4e-fc27c938bb11</sln:wojIIPId><sln:wojIIPPn>PL.PZGIK.200</sln:wojIIPPn><sln:wojIIPWersja>2017-10-10T00:00:00+02:00</sln:wojIIPWersja><sln:wojIdTeryt>18</sln:wojIdTeryt><sln:wojNazwa>podkarpackie</sln:wojNazwa></sln:miejscowosc><sln:miejscowosc><sln:cyklZyciaDo>2017-06-14T00:00:00+02:00</sln:cyklZyciaDo><sln:cyklZyciaOd>2017-06-13T00:00:00+02:00</sln:cyklZyciaOd><sln:gmIIPId>d7356f06-013f-4dc1-aa9d-ce1a7d7b3748</sln:gmIIPId><sln:gmIIPPn>PL.PZGIK.200</sln:gmIIPPn><sln:gmIIPWersja>2012-09-26T22:01:42+02:00</sln:gmIIPWersja><sln:gmIdTeryt>1813042</sln:gmIdTeryt><sln:gmNazwa>Krasiczyn</sln:gmNazwa><sln:miejscIIPId>6f1a4ff4-c56c-4c38-85d7-1dc4bdf83560</sln:miejscIIPId><sln:miejscIIPPn>PL.PZGIK.200</sln:miejscIIPPn><sln:miejscIIPWersja>2017-06-13T12:21:09+02:00</sln:miejscIIPWersja><sln:miejscNazwa>Dybawka Górna</sln:miejscNazwa><sln:miejscRodzaj>Inny obiekt</sln:miejscRodzaj><sln:powIIPId>f322275e-1c48-431f-889e-8bb0ccb46e81</sln:powIIPId><sln:powIIPPn>PL.PZGIK.200</sln:powIIPPn><sln:powIIPWersja>2012-09-27T08:01:01+02:00</sln:powIIPWersja><sln:powIdTeryt>1813</sln:powIdTeryt><sln:powNazwa>przemyski</sln:powNazwa><sln:waznyOd>2017-06-08T00:00:00+02:00</sln:waznyOd><sln:wojIIPId>833fe14b-fe8e-40c7-9e4e-fc27c938bb11</sln:wojIIPId><sln:wojIIPPn>PL.PZGIK.200</sln:wojIIPPn><sln:wojIIPWersja>2017-10-10T00:00:00+02:00</sln:wojIIPWersja><sln:wojIdTeryt>18</sln:wojIdTeryt><sln:wojNazwa>podkarpackie</sln:wojNazwa></sln:miejscowosc><sln:miejscowosc><sln:cyklZyciaOd>2017-06-14T00:00:00+02:00</sln:cyklZyciaOd><sln:gmIIPId>d7356f06-013f-4dc1-aa9d-ce1a7d7b3748</sln:gmIIPId><sln:gmIIPPn>PL.PZGIK.200</sln:gmIIPPn><sln:gmIIPWersja>2012-09-26T22:01:42+02:00</sln:gmIIPWersja><sln:gmIdTeryt>1813042</sln:gmIdTeryt><sln:gmNazwa>Krasiczyn</sln:gmNazwa><sln:miejscIIPId>a384a2a4-56e3-472e-bd50-fa69af80ffa6</sln:miejscIIPId><sln:miejscIIPPn>PL.PZGIK.200</sln:miejscIIPPn><sln:miejscIIPWersja>2017-06-14T12:09:57+02:00</sln:miejscIIPWersja><sln:miejscIdTeryt>0604726</sln:miejscIdTeryt><sln:miejscNazwa>Dybawka Górna</sln:miejscNazwa><sln:miejscRodzaj>Przysiółek</sln:miejscRodzaj><sln:powIIPId>f322275e-1c48-431f-889e-8bb0ccb46e81</sln:powIIPId><sln:powIIPPn>PL.PZGIK.200</sln:powIIPPn><sln:powIIPWersja>2012-09-27T08:01:01+02:00</sln:powIIPWersja><sln:powIdTeryt>1813</sln:powIdTeryt><sln:powNazwa>przemyski</sln:powNazwa><sln:waznyOd>2017-06-14T00:00:00+02:00</sln:waznyOd><sln:wojIIPId>833fe14b-fe8e-40c7-9e4e-fc27c938bb11</sln:wojIIPId><sln:wojIIPPn>PL.PZGIK.200</sln:wojIIPPn><sln:wojIIPWersja>2017-10-10T00:00:00+02:00</sln:wojIIPWersja><sln:wojIdTeryt>18</sln:wojIdTeryt><sln:wojNazwa>podkarpackie</sln:wojNazwa></sln:miejscowosc></sln:lista-miejscowosci>