<?xml version="1.0" encoding="UTF-8" standalone="yes"?><sln:lista-miejscowosci xmlns:srv="http://gugik.gov.pl/schemas/slowniki-service/1.0" xmlns:sln="http://gugik.gov.pl/schemas/slowniki-schema/1.0"><sln:miejscowosc><sln:cyklZyciaDo>2017-04-14T00:00:00+02:00</sln:cyklZyciaDo><sln:cyklZyciaOd>2015-12-07T00:00:00+01:00</sln:cyklZyciaOd><sln:gmIIPId>13ad865f-56b5-4b04-b04d-abf1156e7774</sln:gmIIPId><sln:gmIIPPn>PL.PZGIK.200</sln:gmIIPPn><sln:gmIIPWersja>2012-09-26T22:03:49+02:00</sln:gmIIPWersja><sln:gmIdTeryt>1815012</sln:gmIdTeryt><sln:gmNazwa>Iwierzyce</sln:gmNazwa><sln:miejscIIPId>2a06021a-5673-4f6d-ac96-221177345519</sln:miejscIIPId><sln:miejscIIPPn>PL.PZGIK.200</sln:miejscIIPPn><sln:miejscIIPWersja>2016-11-24T11:43:10+02:00</sln:miejscIIPWersja><sln:miejscIdTeryt>0651520</sln:miejscIdTeryt><sln:miejscNazwa>Będzienica</sln:miejscNazwa><sln:miejscRodzaj>Wieś</sln:miejscRodzaj><sln:powIIPId>e86b1e71-8958-42ee-bec5-ca3c87907bc8</sln:powIIPId><sln:powIIPPn>PL.PZGIK.200</sln:powIIPPn><sln:powIIPWersja>2012-09-27T08:01:01+02:00</sln:powIIPWersja><sln:powIdTeryt>1815</sln:powIdTeryt><sln:powNazwa>ropczycko-sędziszowski</sln:powNazwa><sln:waznyOd>2013-09-13T00:00:00+02:00</sln:waznyOd><sln:wojIIPId>833fe14b-fe8e-40c7-9e4e-fc27c938bb11</sln:wojIIPId><sln:wojIIPPn>PL.PZGIK.200</sln:wojIIPPn><sln:wojIIPWersja>2017-10-10T00:00:00+02:00</sln:wojIIPWersja><sln:wojIdTeryt>18</sln:wojIdTeryt><sln:wojNazwa>podkarpackie</sln:wojNazwa></sln:miejscowosc><sln:miejscowosc><sln:cyklZyciaDo>2017-04-14T00:00:00+02:00</sln:cyklZyciaDo><sln:cyklZyciaOd>2015-12-07T00:00:00+01:00</sln:cyklZyciaOd><sln:gmIIPId>13ad865f-56b5-4b04-b04d-abf1156e7774</sln:gmIIPId><sln:gmIIPPn>PL.PZGIK.200</sln:gmIIPPn><sln:gmIIPWersja>2012-09-26T22:03:49+02:00</sln:gmIIPWersja><sln:gmIdTeryt>1815012</sln:gmIdTeryt><sln:gmNazwa>Iwierzyce</sln:gmNazwa><sln:miejscIIPId>4776a88f-77e8-4b34-b8d2-42e50c98e348</sln:miejscIIPId><sln:miejscIIPPn>PL.PZGIK.200</sln:miejscIIPPn><sln:miejscIIPWersja>2016-11-24T11:43:10+02:00</sln:miejscIIPWersja><sln:miejscIdTeryt>0651559</sln:miejscIdTeryt><sln:miejscNazwa>Bystrzyca</sln:miejscNazwa><sln:miejscRodzaj>Wieś</sln:miejscRodzaj><sln:powIIPId>e86b1e71-8958-42ee-bec5-ca3c87907bc8</sln:powIIPId><sln:powIIPPn>PL.PZGIK.200</sln:powIIPPn><sln:powIIPWersja>2012-09-27T08:01:01+02:00</sln:powIIPWersja><sln:powIdTeryt>1815</sln:powIdTeryt><sln:powNazwa>ropczycko-sędziszowski</sln:powNazwa><sln:waznyOd>2013-09-13T00:00:00+02:00</sln:waznyOd><sln:wojIIPId>833fe14b-fe8e-40c7-9e4e-fc27c938bb11</sln:wojIIPId><sln:wojIIPPn>PL.PZGIK.200</sln:wojIIPPn><sln:wojIIPWersja>2017-10-10T00:00:00+02:00</sln:wojIIPWersja><sln:wojIdTeryt>18</sln:wojIdTeryt><sln:wojNazwa>podkarpackie</sln:wojNazwa></sln:miejscowosc><sln:miejscowosc><sln:cyklZyciaDo>2017-04-14T00:00:00+02:00</sln:cyklZyciaDo><sln:cyklZyciaOd>2015-12-07T00:00:00+01:00</sln:cyklZyciaOd><sln:gmIIPId>13ad865f-56b5-4b04-b04d-abf1156e7774</sln:gmIIPId><sln:gmIIPPn>PL.PZGIK.200</sln:gmIIPPn><sln:gmIIPWersja>2012-09-26T22:03:49+02:00</sln:gmIIPWersja><sln:gmIdTeryt>1815012</sln:gmIdTeryt><sln:gmNazwa>Iwierzyce</sln:gmNazwa><sln:miejscIIPId>2b68b39a-a4a4-4bd9-86f1-a75d8373a8c2</sln:miejscIIPId><sln:miejscIIPPn>PL.PZGIK.200</sln:miejscIIPPn><sln:miejscIIPWersja>2016-11-24T11:43:10+02:00</sln:miejscIIPWersja><sln:miejscIdTeryt>0651648</sln:miejscIdTeryt><sln:miejscNazwa>Iwierzyce</sln:miejscNazwa><sln:miejscRodzaj>Wieś</sln:miejscRodzaj><sln:powIIPId>e86b1e71-8958-42ee-bec5-ca3c87907bc8</sln:powIIPId><sln:powIIPPn>PL.PZGIK.200</sln:powIIPPn><sln:powIIPWersja>2012-09-27T08:01:01+02:00</sln:powIIPWersja><sln:powIdTeryt>1815</sln:powIdTeryt><sln:powNazwa>ropczycko-sędziszowski</sln:powNazwa><sln:waznyOd>2013-09-13T00:00:00+02:00</sln:waznyOd><sln:wojIIPId>833fe14b-fe8e-40c7-9e4e-fc27c938bb11</sln:wojIIPId><sln:wojIIPPn>PL.PZGIK.200</sln:wojIIPPn><sln:wojIIPWersja>2017-10-10T00:00:00+02:00</sln:wojIIPWersja><sln:wojIdTeryt>18</sln:wojIdTeryt><sln:wojNazwa>podkarpackie</sln:wojNazwa></sln:miejscowosc><sln:miejscowosc><sln:cyklZyciaDo>2017-04-14T00:00:00+02:00</sln:cyklZyciaDo><sln:cyklZyciaOd>2015-12-07T00:00:00+01:00</sln:cyklZyciaOd><sln:gmIIPId>13ad865f-56b5-4b04-b04d-abf1156e7774</sln:gmIIPId><sln:gmIIPPn>PL.PZGIK.200</sln:gmIIPPn><sln:gmIIPWersja>2012-09-26T22:03:49+02:00</sln:gmIIPWersja><sln:gmIdTeryt>1815012</sln:gmIdTeryt><sln:gmNazwa>Iwierzyce</sln:gmNazwa><sln:miejscIIPId>f2cfce56-63a7-4dbf-af26-0ace342b1cd6</sln:miejscIIPId><sln:miejscIIPPn>PL.PZGIK.200</sln:miejscIIPPn><sln:miejscIIPWersja>2016-11-24T11:43:10+02:00</sln:miejscIIPWersja><sln:miejscIdTeryt>0651683</sln:miejscIdTeryt><sln:miejscNazwa>Nockowa</sln:miejscNazwa><sln:miejscRodzaj>Wieś</sln:miejscRodzaj><sln:powIIPId>e86b1e71-8958-42ee-bec5-ca3c87907bc8</sln:powIIPId><sln:powIIPPn>PL.PZGIK.200</sln:powIIPPn><sln:powIIPWersja>2012-09-27T08:01:01+02:00</sln:powIIPWersja><sln:powIdTeryt>1815</sln:powIdTeryt><sln:powNazwa>ropczycko-sędziszowski</sln:powNazwa><sln:waznyOd>2013-09-13T00:00:00+02:00</sln:waznyOd><sln:wojIIPId>833fe14b-fe8e-40c7-9e4e-fc27c938bb11</sln:wojIIPId><sln:wojIIPPn>PL.PZGIK.200</sln:wojIIPPn><sln:wojIIPWersja>2017-10-10T00:00:00+02:00</sln:wojIIPWersja><sln:wojIdTeryt>18</sln:wojIdTeryt><sln:wojNazwa>podkarpackie</sln:wojNazwa></sln:miejscowosc><sln:miejscowosc><sln:cyklZyciaDo>2017-04-14T00:00:00+02:00</sln:cyklZyciaDo><sln:cyklZyciaOd>2015-12-07T00:00:00+01:00</sln:cyklZyciaOd><sln:gmIIPId>13ad865f-56b5-4b04-b04d-abf1156e7774</sln:gmIIPId><sln:gmIIPPn>PL.PZGIK.200</sln:gmIIPPn><sln:gmIIPWersja>2012-09-26T22:03:49+02:00</sln:gmIIPWersja><sln:gmIdTeryt>1815012</sln:gmIdTeryt><sln:gmNazwa>Iwierzyce</sln:gmNazwa><sln:miejscIIPId>36c65b2f-755c-47b7-9877-c815a563f179</sln:miejscIIPId><sln:miejscIIPPn>PL.PZGIK.200</sln:miejscIIPPn><sln:miejscIIPWersja>2016-11-24T11:43:10+02:00</sln:miejscIIPWersja><sln:miejscIdTeryt>0651737</sln:miejscIdTeryt><sln:miejscNazwa>Olchowa</sln:miejscNazwa><sln:miejscRodzaj>Wieś</sln:miejscRodzaj><sln:powIIPId>e86b1e71-8958-42ee-bec5-ca3c87907bc8</sln:powIIPId><sln:powIIPPn>PL.PZGIK.200</sln:powIIPPn><sln:powIIPWersja>2012-09-27T08:01:01+02:00</sln:powIIPWersja><sln:powIdTeryt>1815</sln:powIdTeryt><sln:powNazwa>ropczycko-sędziszowski</sln:powNazwa><sln:waznyOd>2013-09-13T00:00:00+02:00</sln:waznyOd><sln:wojIIPId>833fe14b-fe8e-40c7-9e4e-fc27c938bb11</sln:wojIIPId><sln:wojIIPPn>PL.PZGIK.200</sln:wojIIPPn><sln:wojIIPWersja>2017-10-10T00:00:00+02:00</sln:wojIIPWersja><sln:wojIdTeryt>18</sln:wojIdTeryt><sln:wojNazwa>podkarpackie</sln:wojNazwa></sln:miejscowosc><sln:miejscowosc><sln:cyklZyciaDo>2017-04-14T00:00:00+02:00</sln:cyklZyciaDo><sln:cyklZyciaOd>2015-12-07T00:00:00+01:00</sln:cyklZyciaOd><sln:gmIIPId>13ad865f-56b5-4b04-b04d-abf1156e7774</sln:gmIIPId><sln:gmIIPPn>PL.PZGIK.200</sln:gmIIPPn><sln:gmIIPWersja>2012-09-26T22:03:49+02:00</sln:gmIIPWersja><sln:gmIdTeryt>1815012</sln:gmIdTeryt><sln:gmNazwa>Iwierzyce</sln:gmNazwa><sln:miejscIIPId>01d360f8-b843-4a01-980b-17abf20daa7b</sln:miejscIIPId><sln:miejscIIPPn>PL.PZGIK.200</sln:miejscIIPPn><sln:miejscIIPWersja>2016-11-24T11:43:10+02:00</sln:miejscIIPWersja><sln:miejscIdTeryt>0651810</sln:miejscIdTeryt><sln:miejscNazwa>Olimpów</sln:miejscNazwa><sln:miejscRodzaj>Wieś</sln:miejscRodzaj><sln:powIIPId>e86b1e71-8958-42ee-bec5-ca3c87907bc8</sln:powIIPId><sln:powIIPPn>PL.PZGIK.200</sln:powIIPPn><sln:powIIPWersja>2012-09-27T08:01:01+02:00</sln:powIIPWersja><sln:powIdTeryt>1815</sln:powIdTeryt><sln:powNazwa>ropczycko-sędziszowski</sln:powNazwa><sln:waznyOd>2013-09-13T00:00:00+02:00</sln:waznyOd><sln:wojIIPId>833fe14b-fe8e-40c7-9e4e-fc27c938bb11</sln:wojIIPId><sln:wojIIPPn>PL.PZGIK.200</sln:wojIIPPn><sln:wojIIPWersja>2017-10-10T00:00:00+02:00</sln:wojIIPWersja><sln:wojIdTeryt>18</sln:wojIdTeryt><sln:wojNazwa>podkarpackie</sln:wojNazwa></sln:miejscowosc><sln:miejscowosc><sln:cyklZyciaDo>2017-04-14T00:00:00+02:00</sln:cyklZyciaDo><sln:cyklZyciaOd>2015-12-07T00:00:00+01:00</sln:cyklZyciaOd><sln:gmIIPId>13ad865f-56b5-4b04-b04d-abf1156e7774</sln:gmIIPId><sln:gmIIPPn>PL.PZGIK.200</sln:gmIIPPn><sln:gmIIPWersja>2012-09-26T22:03:49+02:00</sln:gmIIPWersja><sln:gmIdTeryt>1815012</sln:gmIdTeryt><sln:gmNazwa>Iwierzyce</sln:gmNazwa><sln:miejscIIPId>55f9a8c4-62e9-49c5-bdb2-531c63acf941</sln:miejscIIPId><sln:miejscIIPPn>PL.PZGIK.200</sln:miejscIIPPn><sln:miejscIIPWersja>2016-11-24T11:43:10+02:00</sln:miejscIIPWersja><sln:miejscIdTeryt>0651832</sln:miejscIdTeryt><sln:miejscNazwa>Sielec</sln:miejscNazwa><sln:miejscRodzaj>Wieś</sln:miejscRodzaj><sln:powIIPId>e86b1e71-8958-42ee-bec5-ca3c87907bc8</sln:powIIPId><sln:powIIPPn>PL.PZGIK.200</sln:powIIPPn><sln:powIIPWersja>2012-09-27T08:01:01+02:00</sln:powIIPWersja><sln:powIdTeryt>1815</sln:powIdTeryt><sln:powNazwa>ropczycko-sędziszowski</sln:powNazwa><sln:waznyOd>2013-09-13T00:00:00+02:00</sln:waznyOd><sln:wojIIPId>833fe14b-fe8e-40c7-9e4e-fc27c938bb11</sln:wojIIPId><sln:wojIIPPn>PL.PZGIK.200</sln:wojIIPPn><sln:wojIIPWersja>2017-10-10T00:00:00+02:00</sln:wojIIPWersja><sln:wojIdTeryt>18</sln:wojIdTeryt><sln:wojNazwa>podkarpackie</sln:wojNazwa></sln:miejscowosc><sln:miejscowosc><sln:cyklZyciaDo>2017-04-14T00:00:00+02:00</sln:cyklZyciaDo><sln:cyklZyciaOd>2015-12-07T00:00:00+01:00</sln:cyklZyciaOd><sln:gmIIPId>13ad865f-56b5-4b04-b04d-abf1156e7774</sln:gmIIPId><sln:gmIIPPn>PL.PZGIK.200</sln:gmIIPPn><sln:gmIIPWersja>2012-09-26T22:03:49+02:00</sln:gmIIPWersja><sln:gmIdTeryt>1815012</sln:gmIdTeryt><sln:gmNazwa>Iwierzyce</sln:gmNazwa><sln:miejscIIPId>fb4bae6f-f1f7-4798-b723-8f859226815c</sln:miejscIIPId><sln:miejscIIPPn>PL.PZGIK.200</sln:miejscIIPPn><sln:miejscIIPWersja>2016-11-24T11:43:10+02:00</sln:miejscIIPWersja><sln:miejscIdTeryt>0651861</sln:miejscIdTeryt><sln:miejscNazwa>Wiercany</sln:miejscNazwa><sln:miejscRodzaj>Wieś</sln:miejscRodzaj><sln:powIIPId>e86b1e71-8958-42ee-bec5-ca3c87907bc8</sln:powIIPId><sln:powIIPPn>PL.PZGIK.200</sln:powIIPPn><sln:powIIPWersja>2012-09-27T08:01:01+02:00</sln:powIIPWersja><sln:powIdTeryt>1815</sln:powIdTeryt><sln:powNazwa>ropczycko-sędziszowski</sln:powNazwa><sln:waznyOd>2013-09-13T00:00:00+02:00</sln:waznyOd><sln:wojIIPId>833fe14b-fe8e-40c7-9e4e-fc27c938bb11</sln:wojIIPId><sln:wojIIPPn>PL.PZGIK.200</sln:wojIIPPn><sln:wojIIPWersja>2017-10-10T00:00:00+02:00</sln:wojIIPWersja><sln:wojIdTeryt>18</sln:wojIdTeryt><sln:wojNazwa>podkarpackie</sln:wojNazwa></sln:miejscowosc><sln:miejscowosc><sln:cyklZyciaDo>2017-04-14T00:00:00+02:00</sln:cyklZyciaDo><sln:cyklZyciaOd>2015-12-07T00:00:00+01:00</sln:cyklZyciaOd><sln:gmIIPId>13ad865f-56b5-4b04-b04d-abf1156e7774</sln:gmIIPId><sln:gmIIPPn>PL.PZGIK.200</sln:gmIIPPn><sln:gmIIPWersja>2012-09-26T22:03:49+02:00</sln:gmIIPWersja><sln:gmIdTeryt>1815012</sln:gmIdTeryt><sln:gmNazwa>Iwierzyce</sln:gmNazwa><sln:miejscIIPId>ae2b5487-aaff-4d67-a0b0-10f998a8f619</sln:miejscIIPId><sln:miejscIIPPn>PL.PZGIK.200</sln:miejscIIPPn><sln:miejscIIPWersja>2016-11-24T11:43:10+02:00</sln:miejscIIPWersja><sln:miejscIdTeryt>0651909</sln:miejscIdTeryt><sln:miejscNazwa>Wiśniowa</sln:miejscNazwa><sln:miejscRodzaj>Wieś</sln:miejscRodzaj><sln:powIIPId>e86b1e71-8958-42ee-bec5-ca3c87907bc8</sln:powIIPId><sln:powIIPPn>PL.PZGIK.200</sln:powIIPPn><sln:powIIPWersja>2012-09-27T08:01:01+02:00</sln:powIIPWersja><sln:powIdTeryt>1815</sln:powIdTeryt><sln:powNazwa>ropczycko-sędziszowski</sln:powNazwa><sln:waznyOd>2013-09-13T00:00:00+02:00</sln:waznyOd><sln:wojIIPId>833fe14b-fe8e-40c7-9e4e-fc27c938bb11</sln:wojIIPId><sln:wojIIPPn>PL.PZGIK.200</sln:wojIIPPn><sln:wojIIPWersja>2017-10-10T00:00:00+02:00</sln:wojIIPWersja><sln:wojIdTeryt>18</sln:wojIdTeryt><sln:wojNazwa>podkarpackie</sln:wojNazwa></sln:miejscowosc><sln:miejscowosc><sln:cyklZyciaOd>2017-04-14T00:00:00+02:00</sln:cyklZyciaOd><sln:gmIIPId>13ad865f-56b5-4b04-b04d-abf1156e7774</sln:gmIIPId><sln:gmIIPPn>PL.PZGIK.200</sln:gmIIPPn><sln:gmIIPWersja>2012-09-26T22:03:49+02:00</sln:gmIIPWersja><sln:gmIdTeryt>1815012</sln:gmIdTeryt><sln:gmNazwa>Iwierzyce</sln:gmNazwa><sln:miejscIIPId>2a06021a-5673-4f6d-ac96-221177345519</sln:miejscIIPId><sln:miejscIIPPn>PL.PZGIK.200</sln:miejscIIPPn><sln:miejscIIPWersja>2017-04-14T18:28:51+02:00</sln:miejscIIPWersja><sln:miejscIdTeryt>0651520</sln:miejscIdTeryt><sln:miejscNazwa>Będzienica</sln:miejscNazwa><sln:miejscRodzaj>Wieś</sln:miejscRodzaj><sln:powIIPId>e86b1e71-8958-42ee-bec5-ca3c87907bc8</sln:powIIPId><sln:powIIPPn>PL.PZGIK.200</sln:powIIPPn><sln:powIIPWersja>2012-09-27T08:01:01+02:00</sln:powIIPWersja><sln:powIdTeryt>1815</sln:powIdTeryt><sln:powNazwa>ropczycko-sędziszowski</sln:powNazwa><sln:waznyOd>2013-09-13T00:00:00+02:00</sln:waznyOd><sln:wojIIPId>833fe14b-fe8e-40c7-9e4e-fc27c938bb11</sln:wojIIPId><sln:wojIIPPn>PL.PZGIK.200</sln:wojIIPPn><sln:wojIIPWersja>2017-10-10T00:00:00+02:00</sln:wojIIPWersja><sln:wojIdTeryt>18</sln:wojIdTeryt><sln:wojNazwa>podkarpackie</sln:wojNazwa></sln:miejscowosc><sln:miejscowosc><sln:cyklZyciaOd>2017-04-14T00:00:00+02:00</sln:cyklZyciaOd><sln:gmIIPId>13ad865f-56b5-4b04-b04d-abf1156e7774</sln:gmIIPId><sln:gmIIPPn>PL.PZGIK.200</sln:gmIIPPn><sln:gmIIPWersja>2012-09-26T22:03:49+02:00</sln:gmIIPWersja><sln:gmIdTeryt>1815012</sln:gmIdTeryt><sln:gmNazwa>Iwierzyce</sln:gmNazwa><sln:miejscIIPId>4776a88f-77e8-4b34-b8d2-42e50c98e348</sln:miejscIIPId><sln:miejscIIPPn>PL.PZGIK.200</sln:miejscIIPPn><sln:miejscIIPWersja>2017-04-14T18:28:59+02:00</sln:miejscIIPWersja><sln:miejscIdTeryt>0651559</sln:miejscIdTeryt><sln:miejscNazwa>Bystrzyca</sln:miejscNazwa><sln:miejscRodzaj>Wieś</sln:miejscRodzaj><sln:powIIPId>e86b1e71-8958-42ee-bec5-ca3c87907bc8</sln:powIIPId><sln:powIIPPn>PL.PZGIK.200</sln:powIIPPn><sln:powIIPWersja>2012-09-27T08:01:01+02:00</sln:powIIPWersja><sln:powIdTeryt>1815</sln:powIdTeryt><sln:powNazwa>ropczycko-sędziszowski</sln:powNazwa><sln:waznyOd>2013-09-13T00:00:00+02:00</sln:waznyOd><sln:wojIIPId>833fe14b-fe8e-40c7-9e4e-fc27c938bb11</sln:wojIIPId><sln:wojIIPPn>PL.PZGIK.200</sln:wojIIPPn><sln:wojIIPWersja>2017-10-10T00:00:00+02:00</sln:wojIIPWersja><sln:wojIdTeryt>18</sln:wojIdTeryt><sln:wojNazwa>podkarpackie</sln:wojNazwa></sln:miejscowosc><sln:miejscowosc><sln:cyklZyciaOd>2017-04-14T00:00:00+02:00</sln:cyklZyciaOd><sln:gmIIPId>13ad865f-56b5-4b04-b04d-abf1156e7774</sln:gmIIPId><sln:gmIIPPn>PL.PZGIK.200</sln:gmIIPPn><sln:gmIIPWersja>2012-09-26T22:03:49+02:00</sln:gmIIPWersja><sln:gmIdTeryt>1815012</sln:gmIdTeryt><sln:gmNazwa>Iwierzyce</sln:gmNazwa><sln:miejscIIPId>2b68b39a-a4a4-4bd9-86f1-a75d8373a8c2</sln:miejscIIPId><sln:miejscIIPPn>PL.PZGIK.200</sln:miejscIIPPn><sln:miejscIIPWersja>2017-04-14T18:28:59+02:00</sln:miejscIIPWersja><sln:miejscIdTeryt>0651648</sln:miejscIdTeryt><sln:miejscNazwa>Iwierzyce</sln:miejscNazwa><sln:miejscRodzaj>Wieś</sln:miejscRodzaj><sln:powIIPId>e86b1e71-8958-42ee-bec5-ca3c87907bc8</sln:powIIPId><sln:powIIPPn>PL.PZGIK.200</sln:powIIPPn><sln:powIIPWersja>2012-09-27T08:01:01+02:00</sln:powIIPWersja><sln:powIdTeryt>1815</sln:powIdTeryt><sln:powNazwa>ropczycko-sędziszowski</sln:powNazwa><sln:waznyOd>2013-09-13T00:00:00+02:00</sln:waznyOd><sln:wojIIPId>833fe14b-fe8e-40c7-9e4e-fc27c938bb11</sln:wojIIPId><sln:wojIIPPn>PL.PZGIK.200</sln:wojIIPPn><sln:wojIIPWersja>2017-10-10T00:00:00+02:00</sln:wojIIPWersja><sln:wojIdTeryt>18</sln:wojIdTeryt><sln:wojNazwa>podkarpackie</sln:wojNazwa></sln:miejscowosc><sln:miejscowosc><sln:cyklZyciaOd>2017-04-14T00:00:00+02:00</sln:cyklZyciaOd><sln:gmIIPId>13ad865f-56b5-4b04-b04d-abf1156e7774</sln:gmIIPId><sln:gmIIPPn>PL.PZGIK.200</sln:gmIIPPn><sln:gmIIPWersja>2012-09-26T22:03:49+02:00</sln:gmIIPWersja><sln:gmIdTeryt>1815012</sln:gmIdTeryt><sln:gmNazwa>Iwierzyce</sln:gmNazwa><sln:miejscIIPId>f2cfce56-63a7-4dbf-af26-0ace342b1cd6</sln:miejscIIPId><sln:miejscIIPPn>PL.PZGIK.200</sln:miejscIIPPn><sln:miejscIIPWersja>2017-04-14T18:28:59+02:00</sln:miejscIIPWersja><sln:miejscIdTeryt>0651683</sln:miejscIdTeryt><sln:miejscNazwa>Nockowa</sln:miejscNazwa><sln:miejscRodzaj>Wieś</sln:miejscRodzaj><sln:powIIPId>e86b1e71-8958-42ee-bec5-ca3c87907bc8</sln:powIIPId><sln:powIIPPn>PL.PZGIK.200</sln:powIIPPn><sln:powIIPWersja>2012-09-27T08:01:01+02:00</sln:powIIPWersja><sln:powIdTeryt>1815</sln:powIdTeryt><sln:powNazwa>ropczycko-sędziszowski</sln:powNazwa><sln:waznyOd>2013-09-13T00:00:00+02:00</sln:waznyOd><sln:wojIIPId>833fe14b-fe8e-40c7-9e4e-fc27c938bb11</sln:wojIIPId><sln:wojIIPPn>PL.PZGIK.200</sln:wojIIPPn><sln:wojIIPWersja>2017-10-10T00:00:00+02:00</sln:wojIIPWersja><sln:wojIdTeryt>18</sln:wojIdTeryt><sln:wojNazwa>podkarpackie</sln:wojNazwa></sln:miejscowosc><sln:miejscowosc><sln:cyklZyciaOd>2017-04-14T00:00:00+02:00</sln:cyklZyciaOd><sln:gmIIPId>13ad865f-56b5-4b04-b04d-abf1156e7774</sln:gmIIPId><sln:gmIIPPn>PL.PZGIK.200</sln:gmIIPPn><sln:gmIIPWersja>2012-09-26T22:03:49+02:00</sln:gmIIPWersja><sln:gmIdTeryt>1815012</sln:gmIdTeryt><sln:gmNazwa>Iwierzyce</sln:gmNazwa><sln:miejscIIPId>36c65b2f-755c-47b7-9877-c815a563f179</sln:miejscIIPId><sln:miejscIIPPn>PL.PZGIK.200</sln:miejscIIPPn><sln:miejscIIPWersja>2017-04-14T18:28:59+02:00</sln:miejscIIPWersja><sln:miejscIdTeryt>0651737</sln:miejscIdTeryt><sln:miejscNazwa>Olchowa</sln:miejscNazwa><sln:miejscRodzaj>Wieś</sln:miejscRodzaj><sln:powIIPId>e86b1e71-8958-42ee-bec5-ca3c87907bc8</sln:powIIPId><sln:powIIPPn>PL.PZGIK.200</sln:powIIPPn><sln:powIIPWersja>2012-09-27T08:01:01+02:00</sln:powIIPWersja><sln:powIdTeryt>1815</sln:powIdTeryt><sln:powNazwa>ropczycko-sędziszowski</sln:powNazwa><sln:waznyOd>2013-09-13T00:00:00+02:00</sln:waznyOd><sln:wojIIPId>833fe14b-fe8e-40c7-9e4e-fc27c938bb11</sln:wojIIPId><sln:wojIIPPn>PL.PZGIK.200</sln:wojIIPPn><sln:wojIIPWersja>2017-10-10T00:00:00+02:00</sln:wojIIPWersja><sln:wojIdTeryt>18</sln:wojIdTeryt><sln:wojNazwa>podkarpackie</sln:wojNazwa></sln:miejscowosc><sln:miejscowosc><sln:cyklZyciaOd>2017-04-14T00:00:00+02:00</sln:cyklZyciaOd><sln:gmIIPId>13ad865f-56b5-4b04-b04d-abf1156e7774</sln:gmIIPId><sln:gmIIPPn>PL.PZGIK.200</sln:gmIIPPn><sln:gmIIPWersja>2012-09-26T22:03:49+02:00</sln:gmIIPWersja><sln:gmIdTeryt>1815012</sln:gmIdTeryt><sln:gmNazwa>Iwierzyce</sln:gmNazwa><sln:miejscIIPId>01d360f8-b843-4a01-980b-17abf20daa7b</sln:miejscIIPId><sln:miejscIIPPn>PL.PZGIK.200</sln:miejscIIPPn><sln:miejscIIPWersja>2017-04-14T18:28:59+02:00</sln:miejscIIPWersja><sln:miejscIdTeryt>0651810</sln:miejscIdTeryt><sln:miejscNazwa>Olimpów</sln:miejscNazwa><sln:miejscRodzaj>Wieś</sln:miejscRodzaj><sln:powIIPId>e86b1e71-8958-42ee-bec5-ca3c87907bc8</sln:powIIPId><sln:powIIPPn>PL.PZGIK.200</sln:powIIPPn><sln:powIIPWersja>2012-09-27T08:01:01+02:00</sln:powIIPWersja><sln:powIdTeryt>1815</sln:powIdTeryt><sln:powNazwa>ropczycko-sędziszowski</sln:powNazwa><sln:waznyOd>2013-09-13T00:00:00+02:00</sln:waznyOd><sln:wojIIPId>833fe14b-fe8e-40c7-9e4e-fc27c938bb11</sln:wojIIPId><sln:wojIIPPn>PL.PZGIK.200</sln:wojIIPPn><sln:wojIIPWersja>2017-10-10T00:00:00+02:00</sln:wojIIPWersja><sln:wojIdTeryt>18</sln:wojIdTeryt><sln:wojNazwa>podkarpackie</sln:wojNazwa></sln:miejscowosc><sln:miejscowosc><sln:cyklZyciaOd>2017-04-14T00:00:00+02:00</sln:cyklZyciaOd><sln:gmIIPId>13ad865f-56b5-4b04-b04d-abf1156e7774</sln:gmIIPId><sln:gmIIPPn>PL.PZGIK.200</sln:gmIIPPn><sln:gmIIPWersja>2012-09-26T22:03:49+02:00</sln:gmIIPWersja><sln:gmIdTeryt>1815012</sln:gmIdTeryt><sln:gmNazwa>Iwierzyce</sln:gmNazwa><sln:miejscIIPId>55f9a8c4-62e9-49c5-bdb2-531c63acf941</sln:miejscIIPId><sln:miejscIIPPn>PL.PZGIK.200</sln:miejscIIPPn><sln:miejscIIPWersja>2017-04-14T18:28:59+02:00</sln:miejscIIPWersja><sln:miejscIdTeryt>0651832</sln:miejscIdTeryt><sln:miejscNazwa>Sielec</sln:miejscNazwa><sln:miejscRodzaj>Wieś</sln:miejscRodzaj><sln:powIIPId>e86b1e71-8958-42ee-bec5-ca3c87907bc8</sln:powIIPId><sln:powIIPPn>PL.PZGIK.200</sln:powIIPPn><sln:powIIPWersja>2012-09-27T08:01:01+02:00</sln:powIIPWersja><sln:powIdTeryt>1815</sln:powIdTeryt><sln:powNazwa>ropczycko-sędziszowski</sln:powNazwa><sln:waznyOd>2013-09-13T00:00:00+02:00</sln:waznyOd><sln:wojIIPId>833fe14b-fe8e-40c7-9e4e-fc27c938bb11</sln:wojIIPId><sln:wojIIPPn>PL.PZGIK.200</sln:wojIIPPn><sln:wojIIPWersja>2017-10-10T00:00:00+02:00</sln:wojIIPWersja><sln:wojIdTeryt>18</sln:wojIdTeryt><sln:wojNazwa>podkarpackie</sln:wojNazwa></sln:miejscowosc><sln:miejscowosc><sln:cyklZyciaOd>2017-04-14T00:00:00+02:00</sln:cyklZyciaOd><sln:gmIIPId>13ad865f-56b5-4b04-b04d-abf1156e7774</sln:gmIIPId><sln:gmIIPPn>PL.PZGIK.200</sln:gmIIPPn><sln:gmIIPWersja>2012-09-26T22:03:49+02:00</sln:gmIIPWersja><sln:gmIdTeryt>1815012</sln:gmIdTeryt><sln:gmNazwa>Iwierzyce</sln:gmNazwa><sln:miejscIIPId>fb4bae6f-f1f7-4798-b723-8f859226815c</sln:miejscIIPId><sln:miejscIIPPn>PL.PZGIK.200</sln:miejscIIPPn><sln:miejscIIPWersja>2017-04-14T18:28:59+02:00</sln:miejscIIPWersja><sln:miejscIdTeryt>0651861</sln:miejscIdTeryt><sln:miejscNazwa>Wiercany</sln:miejscNazwa><sln:miejscRodzaj>Wieś</sln:miejscRodzaj><sln:powIIPId>e86b1e71-8958-42ee-bec5-ca3c87907bc8</sln:powIIPId><sln:powIIPPn>PL.PZGIK.200</sln:powIIPPn><sln:powIIPWersja>2012-09-27T08:01:01+02:00</sln:powIIPWersja><sln:powIdTeryt>1815</sln:powIdTeryt><sln:powNazwa>ropczycko-sędziszowski</sln:powNazwa><sln:waznyOd>2013-09-13T00:00:00+02:00</sln:waznyOd><sln:wojIIPId>833fe14b-fe8e-40c7-9e4e-fc27c938bb11</sln:wojIIPId><sln:wojIIPPn>PL.PZGIK.200</sln:wojIIPPn><sln:wojIIPWersja>2017-10-10T00:00:00+02:00</sln:wojIIPWersja><sln:wojIdTeryt>18</sln:wojIdTeryt><sln:wojNazwa>podkarpackie</sln:wojNazwa></sln:miejscowosc><sln:miejscowosc><sln:cyklZyciaOd>2017-04-14T00:00:00+02:00</sln:cyklZyciaOd><sln:gmIIPId>13ad865f-56b5-4b04-b04d-abf1156e7774</sln:gmIIPId><sln:gmIIPPn>PL.PZGIK.200</sln:gmIIPPn><sln:gmIIPWersja>2012-09-26T22:03:49+02:00</sln:gmIIPWersja><sln:gmIdTeryt>1815012</sln:gmIdTeryt><sln:gmNazwa>Iwierzyce</sln:gmNazwa><sln:miejscIIPId>ae2b5487-aaff-4d67-a0b0-10f998a8f619</sln:miejscIIPId><sln:miejscIIPPn>PL.PZGIK.200</sln:miejscIIPPn><sln:miejscIIPWersja>2017-04-14T18:28:59+02:00</sln:miejscIIPWersja><sln:miejscIdTeryt>0651909</sln:miejscIdTeryt><sln:miejscNazwa>Wiśniowa</sln:miejscNazwa><sln:miejscRodzaj>Wieś</sln:miejscRodzaj><sln:powIIPId>e86b1e71-8958-42ee-bec5-ca3c87907bc8</sln:powIIPId><sln:powIIPPn>PL.PZGIK.200</sln:powIIPPn><sln:powIIPWersja>2012-09-27T08:01:01+02:00</sln:powIIPWersja><sln:powIdTeryt>1815</sln:powIdTeryt><sln:powNazwa>ropczycko-sędziszowski</sln:powNazwa><sln:waznyOd>2013-09-13T00:00:00+02:00</sln:waznyOd><sln:wojIIPId>833fe14b-fe8e-40c7-9e4e-fc27c938bb11</sln:wojIIPId><sln:wojIIPPn>PL.PZGIK.200</sln:wojIIPPn><sln:wojIIPWersja>2017-10-10T00:00:00+02:00</sln:wojIIPWersja><sln:wojIdTeryt>18</sln:wojIdTeryt><sln:wojNazwa>podkarpackie</sln:wojNazwa></sln:miejscowosc></sln:lista-miejscowosci>