<?xml version="1.0" encoding="UTF-8" standalone="yes"?><sln:lista-miejscowosci xmlns:srv="http://gugik.gov.pl/schemas/slowniki-service/1.0" xmlns:sln="http://gugik.gov.pl/schemas/slowniki-schema/1.0"><sln:miejscowosc><sln:cyklZyciaDo>2017-04-18T00:00:00+02:00</sln:cyklZyciaDo><sln:cyklZyciaOd>2015-12-14T00:00:00+01:00</sln:cyklZyciaOd><sln:gmIIPId>799086ad-6793-4a31-830d-d4ab7bdef39d</sln:gmIIPId><sln:gmIIPPn>PL.PZGIK.200</sln:gmIIPPn><sln:gmIIPWersja>2012-09-26T22:01:32+02:00</sln:gmIIPWersja><sln:gmIdTeryt>1812022</sln:gmIdTeryt><sln:gmNazwa>Jarocin</sln:gmNazwa><sln:miejscIIPId>c959c4c1-ff5d-43bc-b290-2e1e4df019ad</sln:miejscIIPId><sln:miejscIIPPn>PL.PZGIK.200</sln:miejscIIPPn><sln:miejscIIPWersja>2016-11-24T12:51:16+02:00</sln:miejscIIPWersja><sln:miejscIdTeryt>0794780</sln:miejscIdTeryt><sln:miejscNazwa>Domostawa</sln:miejscNazwa><sln:miejscRodzaj>Wieś</sln:miejscRodzaj><sln:powIIPId>f87cae01-4621-41f4-b768-c777cf94d1d8</sln:powIIPId><sln:powIIPPn>PL.PZGIK.200</sln:powIIPPn><sln:powIIPWersja>2012-09-27T08:01:01+02:00</sln:powIIPWersja><sln:powIdTeryt>1812</sln:powIdTeryt><sln:powNazwa>niżański</sln:powNazwa><sln:waznyOd>2013-06-19T00:00:00+02:00</sln:waznyOd><sln:wojIIPId>833fe14b-fe8e-40c7-9e4e-fc27c938bb11</sln:wojIIPId><sln:wojIIPPn>PL.PZGIK.200</sln:wojIIPPn><sln:wojIIPWersja>2017-10-10T00:00:00+02:00</sln:wojIIPWersja><sln:wojIdTeryt>18</sln:wojIdTeryt><sln:wojNazwa>podkarpackie</sln:wojNazwa></sln:miejscowosc><sln:miejscowosc><sln:cyklZyciaDo>2017-04-18T00:00:00+02:00</sln:cyklZyciaDo><sln:cyklZyciaOd>2015-12-14T00:00:00+01:00</sln:cyklZyciaOd><sln:gmIIPId>799086ad-6793-4a31-830d-d4ab7bdef39d</sln:gmIIPId><sln:gmIIPPn>PL.PZGIK.200</sln:gmIIPPn><sln:gmIIPWersja>2012-09-26T22:01:32+02:00</sln:gmIIPWersja><sln:gmIdTeryt>1812022</sln:gmIdTeryt><sln:gmNazwa>Jarocin</sln:gmNazwa><sln:miejscIIPId>a231b5f6-fc0e-4256-9205-5b49742c90b9</sln:miejscIIPId><sln:miejscIIPPn>PL.PZGIK.200</sln:miejscIIPPn><sln:miejscIIPWersja>2016-11-24T12:51:16+02:00</sln:miejscIIPWersja><sln:miejscIdTeryt>0794804</sln:miejscIdTeryt><sln:miejscNazwa>Golce</sln:miejscNazwa><sln:miejscRodzaj>Wieś</sln:miejscRodzaj><sln:powIIPId>f87cae01-4621-41f4-b768-c777cf94d1d8</sln:powIIPId><sln:powIIPPn>PL.PZGIK.200</sln:powIIPPn><sln:powIIPWersja>2012-09-27T08:01:01+02:00</sln:powIIPWersja><sln:powIdTeryt>1812</sln:powIdTeryt><sln:powNazwa>niżański</sln:powNazwa><sln:waznyOd>2013-06-10T00:00:00+02:00</sln:waznyOd><sln:wojIIPId>833fe14b-fe8e-40c7-9e4e-fc27c938bb11</sln:wojIIPId><sln:wojIIPPn>PL.PZGIK.200</sln:wojIIPPn><sln:wojIIPWersja>2017-10-10T00:00:00+02:00</sln:wojIIPWersja><sln:wojIdTeryt>18</sln:wojIdTeryt><sln:wojNazwa>podkarpackie</sln:wojNazwa></sln:miejscowosc><sln:miejscowosc><sln:cyklZyciaDo>2017-04-18T00:00:00+02:00</sln:cyklZyciaDo><sln:cyklZyciaOd>2015-12-14T00:00:00+01:00</sln:cyklZyciaOd><sln:gmIIPId>799086ad-6793-4a31-830d-d4ab7bdef39d</sln:gmIIPId><sln:gmIIPPn>PL.PZGIK.200</sln:gmIIPPn><sln:gmIIPWersja>2012-09-26T22:01:32+02:00</sln:gmIIPWersja><sln:gmIdTeryt>1812022</sln:gmIdTeryt><sln:gmNazwa>Jarocin</sln:gmNazwa><sln:miejscIIPId>6f043be2-1e46-4678-9782-0161d70ddca3</sln:miejscIIPId><sln:miejscIIPPn>PL.PZGIK.200</sln:miejscIIPPn><sln:miejscIIPWersja>2016-11-24T12:51:16+02:00</sln:miejscIIPWersja><sln:miejscIdTeryt>0794916</sln:miejscIdTeryt><sln:miejscNazwa>Jarocin</sln:miejscNazwa><sln:miejscRodzaj>Wieś</sln:miejscRodzaj><sln:powIIPId>f87cae01-4621-41f4-b768-c777cf94d1d8</sln:powIIPId><sln:powIIPPn>PL.PZGIK.200</sln:powIIPPn><sln:powIIPWersja>2012-09-27T08:01:01+02:00</sln:powIIPWersja><sln:powIdTeryt>1812</sln:powIdTeryt><sln:powNazwa>niżański</sln:powNazwa><sln:waznyOd>2013-06-10T00:00:00+02:00</sln:waznyOd><sln:wojIIPId>833fe14b-fe8e-40c7-9e4e-fc27c938bb11</sln:wojIIPId><sln:wojIIPPn>PL.PZGIK.200</sln:wojIIPPn><sln:wojIIPWersja>2017-10-10T00:00:00+02:00</sln:wojIIPWersja><sln:wojIdTeryt>18</sln:wojIdTeryt><sln:wojNazwa>podkarpackie</sln:wojNazwa></sln:miejscowosc><sln:miejscowosc><sln:cyklZyciaDo>2017-04-18T00:00:00+02:00</sln:cyklZyciaDo><sln:cyklZyciaOd>2015-12-14T00:00:00+01:00</sln:cyklZyciaOd><sln:gmIIPId>799086ad-6793-4a31-830d-d4ab7bdef39d</sln:gmIIPId><sln:gmIIPPn>PL.PZGIK.200</sln:gmIIPPn><sln:gmIIPWersja>2012-09-26T22:01:32+02:00</sln:gmIIPWersja><sln:gmIdTeryt>1812022</sln:gmIdTeryt><sln:gmNazwa>Jarocin</sln:gmNazwa><sln:miejscIIPId>1edb8a02-bc62-49f4-b2be-08f02d74bc28</sln:miejscIIPId><sln:miejscIIPPn>PL.PZGIK.200</sln:miejscIIPPn><sln:miejscIIPWersja>2016-11-24T12:51:16+02:00</sln:miejscIIPWersja><sln:miejscIdTeryt>0794980</sln:miejscIdTeryt><sln:miejscNazwa>Katy</sln:miejscNazwa><sln:miejscRodzaj>Wieś</sln:miejscRodzaj><sln:powIIPId>f87cae01-4621-41f4-b768-c777cf94d1d8</sln:powIIPId><sln:powIIPPn>PL.PZGIK.200</sln:powIIPPn><sln:powIIPWersja>2012-09-27T08:01:01+02:00</sln:powIIPWersja><sln:powIdTeryt>1812</sln:powIdTeryt><sln:powNazwa>niżański</sln:powNazwa><sln:waznyOd>2013-06-10T00:00:00+02:00</sln:waznyOd><sln:wojIIPId>833fe14b-fe8e-40c7-9e4e-fc27c938bb11</sln:wojIIPId><sln:wojIIPPn>PL.PZGIK.200</sln:wojIIPPn><sln:wojIIPWersja>2017-10-10T00:00:00+02:00</sln:wojIIPWersja><sln:wojIdTeryt>18</sln:wojIdTeryt><sln:wojNazwa>podkarpackie</sln:wojNazwa></sln:miejscowosc><sln:miejscowosc><sln:cyklZyciaDo>2017-04-18T00:00:00+02:00</sln:cyklZyciaDo><sln:cyklZyciaOd>2015-12-14T00:00:00+01:00</sln:cyklZyciaOd><sln:gmIIPId>799086ad-6793-4a31-830d-d4ab7bdef39d</sln:gmIIPId><sln:gmIIPPn>PL.PZGIK.200</sln:gmIIPPn><sln:gmIIPWersja>2012-09-26T22:01:32+02:00</sln:gmIIPWersja><sln:gmIdTeryt>1812022</sln:gmIdTeryt><sln:gmNazwa>Jarocin</sln:gmNazwa><sln:miejscIIPId>427f1275-9152-4f6a-9ff9-857183156b66</sln:miejscIIPId><sln:miejscIIPPn>PL.PZGIK.200</sln:miejscIIPPn><sln:miejscIIPWersja>2016-11-24T12:51:16+02:00</sln:miejscIIPWersja><sln:miejscIdTeryt>0794997</sln:miejscIdTeryt><sln:miejscNazwa>Kutyły</sln:miejscNazwa><sln:miejscRodzaj>Przysiółek</sln:miejscRodzaj><sln:powIIPId>f87cae01-4621-41f4-b768-c777cf94d1d8</sln:powIIPId><sln:powIIPPn>PL.PZGIK.200</sln:powIIPPn><sln:powIIPWersja>2012-09-27T08:01:01+02:00</sln:powIIPWersja><sln:powIdTeryt>1812</sln:powIdTeryt><sln:powNazwa>niżański</sln:powNazwa><sln:waznyOd>2013-06-10T00:00:00+02:00</sln:waznyOd><sln:wojIIPId>833fe14b-fe8e-40c7-9e4e-fc27c938bb11</sln:wojIIPId><sln:wojIIPPn>PL.PZGIK.200</sln:wojIIPPn><sln:wojIIPWersja>2017-10-10T00:00:00+02:00</sln:wojIIPWersja><sln:wojIdTeryt>18</sln:wojIdTeryt><sln:wojNazwa>podkarpackie</sln:wojNazwa></sln:miejscowosc><sln:miejscowosc><sln:cyklZyciaDo>2017-04-18T00:00:00+02:00</sln:cyklZyciaDo><sln:cyklZyciaOd>2015-12-14T00:00:00+01:00</sln:cyklZyciaOd><sln:gmIIPId>799086ad-6793-4a31-830d-d4ab7bdef39d</sln:gmIIPId><sln:gmIIPPn>PL.PZGIK.200</sln:gmIIPPn><sln:gmIIPWersja>2012-09-26T22:01:32+02:00</sln:gmIIPWersja><sln:gmIdTeryt>1812022</sln:gmIdTeryt><sln:gmNazwa>Jarocin</sln:gmNazwa><sln:miejscIIPId>df2559a0-d562-4a5b-82ab-cb2e5bf3decb</sln:miejscIIPId><sln:miejscIIPPn>PL.PZGIK.200</sln:miejscIIPPn><sln:miejscIIPWersja>2016-11-24T12:51:16+02:00</sln:miejscIIPWersja><sln:miejscIdTeryt>0795005</sln:miejscIdTeryt><sln:miejscNazwa>Majdan Golczański</sln:miejscNazwa><sln:miejscRodzaj>Wieś</sln:miejscRodzaj><sln:powIIPId>f87cae01-4621-41f4-b768-c777cf94d1d8</sln:powIIPId><sln:powIIPPn>PL.PZGIK.200</sln:powIIPPn><sln:powIIPWersja>2012-09-27T08:01:01+02:00</sln:powIIPWersja><sln:powIdTeryt>1812</sln:powIdTeryt><sln:powNazwa>niżański</sln:powNazwa><sln:waznyOd>2013-06-10T00:00:00+02:00</sln:waznyOd><sln:wojIIPId>833fe14b-fe8e-40c7-9e4e-fc27c938bb11</sln:wojIIPId><sln:wojIIPPn>PL.PZGIK.200</sln:wojIIPPn><sln:wojIIPWersja>2017-10-10T00:00:00+02:00</sln:wojIIPWersja><sln:wojIdTeryt>18</sln:wojIdTeryt><sln:wojNazwa>podkarpackie</sln:wojNazwa></sln:miejscowosc><sln:miejscowosc><sln:cyklZyciaDo>2017-04-18T00:00:00+02:00</sln:cyklZyciaDo><sln:cyklZyciaOd>2015-12-14T00:00:00+01:00</sln:cyklZyciaOd><sln:gmIIPId>799086ad-6793-4a31-830d-d4ab7bdef39d</sln:gmIIPId><sln:gmIIPPn>PL.PZGIK.200</sln:gmIIPPn><sln:gmIIPWersja>2012-09-26T22:01:32+02:00</sln:gmIIPWersja><sln:gmIdTeryt>1812022</sln:gmIdTeryt><sln:gmNazwa>Jarocin</sln:gmNazwa><sln:miejscIIPId>45b7acb4-032f-4210-8105-c225407fdce7</sln:miejscIIPId><sln:miejscIIPPn>PL.PZGIK.200</sln:miejscIIPPn><sln:miejscIIPWersja>2016-11-24T12:51:16+02:00</sln:miejscIIPWersja><sln:miejscIdTeryt>0795070</sln:miejscIdTeryt><sln:miejscNazwa>Mostki</sln:miejscNazwa><sln:miejscRodzaj>Wieś</sln:miejscRodzaj><sln:powIIPId>f87cae01-4621-41f4-b768-c777cf94d1d8</sln:powIIPId><sln:powIIPPn>PL.PZGIK.200</sln:powIIPPn><sln:powIIPWersja>2012-09-27T08:01:01+02:00</sln:powIIPWersja><sln:powIdTeryt>1812</sln:powIdTeryt><sln:powNazwa>niżański</sln:powNazwa><sln:waznyOd>2013-06-10T00:00:00+02:00</sln:waznyOd><sln:wojIIPId>833fe14b-fe8e-40c7-9e4e-fc27c938bb11</sln:wojIIPId><sln:wojIIPPn>PL.PZGIK.200</sln:wojIIPPn><sln:wojIIPWersja>2017-10-10T00:00:00+02:00</sln:wojIIPWersja><sln:wojIdTeryt>18</sln:wojIdTeryt><sln:wojNazwa>podkarpackie</sln:wojNazwa></sln:miejscowosc><sln:miejscowosc><sln:cyklZyciaDo>2017-04-18T00:00:00+02:00</sln:cyklZyciaDo><sln:cyklZyciaOd>2015-12-14T00:00:00+01:00</sln:cyklZyciaOd><sln:gmIIPId>799086ad-6793-4a31-830d-d4ab7bdef39d</sln:gmIIPId><sln:gmIIPPn>PL.PZGIK.200</sln:gmIIPPn><sln:gmIIPWersja>2012-09-26T22:01:32+02:00</sln:gmIIPWersja><sln:gmIdTeryt>1812022</sln:gmIdTeryt><sln:gmNazwa>Jarocin</sln:gmNazwa><sln:miejscIIPId>d27d8902-0f36-45d9-b1f5-a179b2cf261a</sln:miejscIIPId><sln:miejscIIPPn>PL.PZGIK.200</sln:miejscIIPPn><sln:miejscIIPWersja>2016-11-24T12:51:16+02:00</sln:miejscIIPWersja><sln:miejscIdTeryt>0795175</sln:miejscIdTeryt><sln:miejscNazwa>Szwedy</sln:miejscNazwa><sln:miejscRodzaj>Wieś</sln:miejscRodzaj><sln:powIIPId>f87cae01-4621-41f4-b768-c777cf94d1d8</sln:powIIPId><sln:powIIPPn>PL.PZGIK.200</sln:powIIPPn><sln:powIIPWersja>2012-09-27T08:01:01+02:00</sln:powIIPWersja><sln:powIdTeryt>1812</sln:powIdTeryt><sln:powNazwa>niżański</sln:powNazwa><sln:waznyOd>2013-06-10T00:00:00+02:00</sln:waznyOd><sln:wojIIPId>833fe14b-fe8e-40c7-9e4e-fc27c938bb11</sln:wojIIPId><sln:wojIIPPn>PL.PZGIK.200</sln:wojIIPPn><sln:wojIIPWersja>2017-10-10T00:00:00+02:00</sln:wojIIPWersja><sln:wojIdTeryt>18</sln:wojIdTeryt><sln:wojNazwa>podkarpackie</sln:wojNazwa></sln:miejscowosc><sln:miejscowosc><sln:cyklZyciaDo>2017-04-18T00:00:00+02:00</sln:cyklZyciaDo><sln:cyklZyciaOd>2015-12-14T00:00:00+01:00</sln:cyklZyciaOd><sln:gmIIPId>799086ad-6793-4a31-830d-d4ab7bdef39d</sln:gmIIPId><sln:gmIIPPn>PL.PZGIK.200</sln:gmIIPPn><sln:gmIIPWersja>2012-09-26T22:01:32+02:00</sln:gmIIPWersja><sln:gmIdTeryt>1812022</sln:gmIdTeryt><sln:gmNazwa>Jarocin</sln:gmNazwa><sln:miejscIIPId>db8f4104-b9e7-4197-aaa5-317d00405456</sln:miejscIIPId><sln:miejscIIPPn>PL.PZGIK.200</sln:miejscIIPPn><sln:miejscIIPWersja>2016-11-24T12:51:16+02:00</sln:miejscIIPWersja><sln:miejscIdTeryt>0795235</sln:miejscIdTeryt><sln:miejscNazwa>Szyperki</sln:miejscNazwa><sln:miejscRodzaj>Wieś</sln:miejscRodzaj><sln:powIIPId>f87cae01-4621-41f4-b768-c777cf94d1d8</sln:powIIPId><sln:powIIPPn>PL.PZGIK.200</sln:powIIPPn><sln:powIIPWersja>2012-09-27T08:01:01+02:00</sln:powIIPWersja><sln:powIdTeryt>1812</sln:powIdTeryt><sln:powNazwa>niżański</sln:powNazwa><sln:waznyOd>2013-06-10T00:00:00+02:00</sln:waznyOd><sln:wojIIPId>833fe14b-fe8e-40c7-9e4e-fc27c938bb11</sln:wojIIPId><sln:wojIIPPn>PL.PZGIK.200</sln:wojIIPPn><sln:wojIIPWersja>2017-10-10T00:00:00+02:00</sln:wojIIPWersja><sln:wojIdTeryt>18</sln:wojIdTeryt><sln:wojNazwa>podkarpackie</sln:wojNazwa></sln:miejscowosc><sln:miejscowosc><sln:cyklZyciaDo>2017-04-18T00:00:00+02:00</sln:cyklZyciaDo><sln:cyklZyciaOd>2015-12-14T00:00:00+01:00</sln:cyklZyciaOd><sln:gmIIPId>799086ad-6793-4a31-830d-d4ab7bdef39d</sln:gmIIPId><sln:gmIIPPn>PL.PZGIK.200</sln:gmIIPPn><sln:gmIIPWersja>2012-09-26T22:01:32+02:00</sln:gmIIPWersja><sln:gmIdTeryt>1812022</sln:gmIdTeryt><sln:gmNazwa>Jarocin</sln:gmNazwa><sln:miejscIIPId>d1d9e9cf-7f93-4af4-81b0-bfc7ee300de0</sln:miejscIIPId><sln:miejscIIPPn>PL.PZGIK.200</sln:miejscIIPPn><sln:miejscIIPWersja>2016-11-24T12:51:16+02:00</sln:miejscIIPWersja><sln:miejscIdTeryt>0795264</sln:miejscIdTeryt><sln:miejscNazwa>Zdziary</sln:miejscNazwa><sln:miejscRodzaj>Wieś</sln:miejscRodzaj><sln:powIIPId>f87cae01-4621-41f4-b768-c777cf94d1d8</sln:powIIPId><sln:powIIPPn>PL.PZGIK.200</sln:powIIPPn><sln:powIIPWersja>2012-09-27T08:01:01+02:00</sln:powIIPWersja><sln:powIdTeryt>1812</sln:powIdTeryt><sln:powNazwa>niżański</sln:powNazwa><sln:waznyOd>2013-06-12T00:00:00+02:00</sln:waznyOd><sln:wojIIPId>833fe14b-fe8e-40c7-9e4e-fc27c938bb11</sln:wojIIPId><sln:wojIIPPn>PL.PZGIK.200</sln:wojIIPPn><sln:wojIIPWersja>2017-10-10T00:00:00+02:00</sln:wojIIPWersja><sln:wojIdTeryt>18</sln:wojIdTeryt><sln:wojNazwa>podkarpackie</sln:wojNazwa></sln:miejscowosc><sln:miejscowosc><sln:cyklZyciaOd>2017-04-18T00:00:00+02:00</sln:cyklZyciaOd><sln:gmIIPId>799086ad-6793-4a31-830d-d4ab7bdef39d</sln:gmIIPId><sln:gmIIPPn>PL.PZGIK.200</sln:gmIIPPn><sln:gmIIPWersja>2012-09-26T22:01:32+02:00</sln:gmIIPWersja><sln:gmIdTeryt>1812022</sln:gmIdTeryt><sln:gmNazwa>Jarocin</sln:gmNazwa><sln:miejscIIPId>c959c4c1-ff5d-43bc-b290-2e1e4df019ad</sln:miejscIIPId><sln:miejscIIPPn>PL.PZGIK.200</sln:miejscIIPPn><sln:miejscIIPWersja>2017-04-18T08:41:22+02:00</sln:miejscIIPWersja><sln:miejscIdTeryt>0794780</sln:miejscIdTeryt><sln:miejscNazwa>Domostawa</sln:miejscNazwa><sln:miejscRodzaj>Wieś</sln:miejscRodzaj><sln:powIIPId>f87cae01-4621-41f4-b768-c777cf94d1d8</sln:powIIPId><sln:powIIPPn>PL.PZGIK.200</sln:powIIPPn><sln:powIIPWersja>2012-09-27T08:01:01+02:00</sln:powIIPWersja><sln:powIdTeryt>1812</sln:powIdTeryt><sln:powNazwa>niżański</sln:powNazwa><sln:waznyOd>2013-06-19T00:00:00+02:00</sln:waznyOd><sln:wojIIPId>833fe14b-fe8e-40c7-9e4e-fc27c938bb11</sln:wojIIPId><sln:wojIIPPn>PL.PZGIK.200</sln:wojIIPPn><sln:wojIIPWersja>2017-10-10T00:00:00+02:00</sln:wojIIPWersja><sln:wojIdTeryt>18</sln:wojIdTeryt><sln:wojNazwa>podkarpackie</sln:wojNazwa></sln:miejscowosc><sln:miejscowosc><sln:cyklZyciaOd>2017-04-18T00:00:00+02:00</sln:cyklZyciaOd><sln:gmIIPId>799086ad-6793-4a31-830d-d4ab7bdef39d</sln:gmIIPId><sln:gmIIPPn>PL.PZGIK.200</sln:gmIIPPn><sln:gmIIPWersja>2012-09-26T22:01:32+02:00</sln:gmIIPWersja><sln:gmIdTeryt>1812022</sln:gmIdTeryt><sln:gmNazwa>Jarocin</sln:gmNazwa><sln:miejscIIPId>a231b5f6-fc0e-4256-9205-5b49742c90b9</sln:miejscIIPId><sln:miejscIIPPn>PL.PZGIK.200</sln:miejscIIPPn><sln:miejscIIPWersja>2017-04-18T08:41:31+02:00</sln:miejscIIPWersja><sln:miejscIdTeryt>0794804</sln:miejscIdTeryt><sln:miejscNazwa>Golce</sln:miejscNazwa><sln:miejscRodzaj>Wieś</sln:miejscRodzaj><sln:powIIPId>f87cae01-4621-41f4-b768-c777cf94d1d8</sln:powIIPId><sln:powIIPPn>PL.PZGIK.200</sln:powIIPPn><sln:powIIPWersja>2012-09-27T08:01:01+02:00</sln:powIIPWersja><sln:powIdTeryt>1812</sln:powIdTeryt><sln:powNazwa>niżański</sln:powNazwa><sln:waznyOd>2013-06-10T00:00:00+02:00</sln:waznyOd><sln:wojIIPId>833fe14b-fe8e-40c7-9e4e-fc27c938bb11</sln:wojIIPId><sln:wojIIPPn>PL.PZGIK.200</sln:wojIIPPn><sln:wojIIPWersja>2017-10-10T00:00:00+02:00</sln:wojIIPWersja><sln:wojIdTeryt>18</sln:wojIdTeryt><sln:wojNazwa>podkarpackie</sln:wojNazwa></sln:miejscowosc><sln:miejscowosc><sln:cyklZyciaOd>2017-04-18T00:00:00+02:00</sln:cyklZyciaOd><sln:gmIIPId>799086ad-6793-4a31-830d-d4ab7bdef39d</sln:gmIIPId><sln:gmIIPPn>PL.PZGIK.200</sln:gmIIPPn><sln:gmIIPWersja>2012-09-26T22:01:32+02:00</sln:gmIIPWersja><sln:gmIdTeryt>1812022</sln:gmIdTeryt><sln:gmNazwa>Jarocin</sln:gmNazwa><sln:miejscIIPId>6f043be2-1e46-4678-9782-0161d70ddca3</sln:miejscIIPId><sln:miejscIIPPn>PL.PZGIK.200</sln:miejscIIPPn><sln:miejscIIPWersja>2017-04-18T08:41:31+02:00</sln:miejscIIPWersja><sln:miejscIdTeryt>0794916</sln:miejscIdTeryt><sln:miejscNazwa>Jarocin</sln:miejscNazwa><sln:miejscRodzaj>Wieś</sln:miejscRodzaj><sln:powIIPId>f87cae01-4621-41f4-b768-c777cf94d1d8</sln:powIIPId><sln:powIIPPn>PL.PZGIK.200</sln:powIIPPn><sln:powIIPWersja>2012-09-27T08:01:01+02:00</sln:powIIPWersja><sln:powIdTeryt>1812</sln:powIdTeryt><sln:powNazwa>niżański</sln:powNazwa><sln:waznyOd>2013-06-10T00:00:00+02:00</sln:waznyOd><sln:wojIIPId>833fe14b-fe8e-40c7-9e4e-fc27c938bb11</sln:wojIIPId><sln:wojIIPPn>PL.PZGIK.200</sln:wojIIPPn><sln:wojIIPWersja>2017-10-10T00:00:00+02:00</sln:wojIIPWersja><sln:wojIdTeryt>18</sln:wojIdTeryt><sln:wojNazwa>podkarpackie</sln:wojNazwa></sln:miejscowosc><sln:miejscowosc><sln:cyklZyciaOd>2017-04-18T00:00:00+02:00</sln:cyklZyciaOd><sln:gmIIPId>799086ad-6793-4a31-830d-d4ab7bdef39d</sln:gmIIPId><sln:gmIIPPn>PL.PZGIK.200</sln:gmIIPPn><sln:gmIIPWersja>2012-09-26T22:01:32+02:00</sln:gmIIPWersja><sln:gmIdTeryt>1812022</sln:gmIdTeryt><sln:gmNazwa>Jarocin</sln:gmNazwa><sln:miejscIIPId>1edb8a02-bc62-49f4-b2be-08f02d74bc28</sln:miejscIIPId><sln:miejscIIPPn>PL.PZGIK.200</sln:miejscIIPPn><sln:miejscIIPWersja>2017-04-18T08:41:31+02:00</sln:miejscIIPWersja><sln:miejscIdTeryt>0794980</sln:miejscIdTeryt><sln:miejscNazwa>Katy</sln:miejscNazwa><sln:miejscRodzaj>Wieś</sln:miejscRodzaj><sln:powIIPId>f87cae01-4621-41f4-b768-c777cf94d1d8</sln:powIIPId><sln:powIIPPn>PL.PZGIK.200</sln:powIIPPn><sln:powIIPWersja>2012-09-27T08:01:01+02:00</sln:powIIPWersja><sln:powIdTeryt>1812</sln:powIdTeryt><sln:powNazwa>niżański</sln:powNazwa><sln:waznyOd>2013-06-10T00:00:00+02:00</sln:waznyOd><sln:wojIIPId>833fe14b-fe8e-40c7-9e4e-fc27c938bb11</sln:wojIIPId><sln:wojIIPPn>PL.PZGIK.200</sln:wojIIPPn><sln:wojIIPWersja>2017-10-10T00:00:00+02:00</sln:wojIIPWersja><sln:wojIdTeryt>18</sln:wojIdTeryt><sln:wojNazwa>podkarpackie</sln:wojNazwa></sln:miejscowosc><sln:miejscowosc><sln:cyklZyciaOd>2017-04-18T00:00:00+02:00</sln:cyklZyciaOd><sln:gmIIPId>799086ad-6793-4a31-830d-d4ab7bdef39d</sln:gmIIPId><sln:gmIIPPn>PL.PZGIK.200</sln:gmIIPPn><sln:gmIIPWersja>2012-09-26T22:01:32+02:00</sln:gmIIPWersja><sln:gmIdTeryt>1812022</sln:gmIdTeryt><sln:gmNazwa>Jarocin</sln:gmNazwa><sln:miejscIIPId>427f1275-9152-4f6a-9ff9-857183156b66</sln:miejscIIPId><sln:miejscIIPPn>PL.PZGIK.200</sln:miejscIIPPn><sln:miejscIIPWersja>2017-04-18T08:41:31+02:00</sln:miejscIIPWersja><sln:miejscIdTeryt>0794997</sln:miejscIdTeryt><sln:miejscNazwa>Kutyły</sln:miejscNazwa><sln:miejscRodzaj>Wieś</sln:miejscRodzaj><sln:powIIPId>f87cae01-4621-41f4-b768-c777cf94d1d8</sln:powIIPId><sln:powIIPPn>PL.PZGIK.200</sln:powIIPPn><sln:powIIPWersja>2012-09-27T08:01:01+02:00</sln:powIIPWersja><sln:powIdTeryt>1812</sln:powIdTeryt><sln:powNazwa>niżański</sln:powNazwa><sln:waznyOd>2013-06-10T00:00:00+02:00</sln:waznyOd><sln:wojIIPId>833fe14b-fe8e-40c7-9e4e-fc27c938bb11</sln:wojIIPId><sln:wojIIPPn>PL.PZGIK.200</sln:wojIIPPn><sln:wojIIPWersja>2017-10-10T00:00:00+02:00</sln:wojIIPWersja><sln:wojIdTeryt>18</sln:wojIdTeryt><sln:wojNazwa>podkarpackie</sln:wojNazwa></sln:miejscowosc><sln:miejscowosc><sln:cyklZyciaOd>2017-04-18T00:00:00+02:00</sln:cyklZyciaOd><sln:gmIIPId>799086ad-6793-4a31-830d-d4ab7bdef39d</sln:gmIIPId><sln:gmIIPPn>PL.PZGIK.200</sln:gmIIPPn><sln:gmIIPWersja>2012-09-26T22:01:32+02:00</sln:gmIIPWersja><sln:gmIdTeryt>1812022</sln:gmIdTeryt><sln:gmNazwa>Jarocin</sln:gmNazwa><sln:miejscIIPId>df2559a0-d562-4a5b-82ab-cb2e5bf3decb</sln:miejscIIPId><sln:miejscIIPPn>PL.PZGIK.200</sln:miejscIIPPn><sln:miejscIIPWersja>2017-04-18T08:41:32+02:00</sln:miejscIIPWersja><sln:miejscIdTeryt>0795005</sln:miejscIdTeryt><sln:miejscNazwa>Majdan Golczański</sln:miejscNazwa><sln:miejscRodzaj>Wieś</sln:miejscRodzaj><sln:powIIPId>f87cae01-4621-41f4-b768-c777cf94d1d8</sln:powIIPId><sln:powIIPPn>PL.PZGIK.200</sln:powIIPPn><sln:powIIPWersja>2012-09-27T08:01:01+02:00</sln:powIIPWersja><sln:powIdTeryt>1812</sln:powIdTeryt><sln:powNazwa>niżański</sln:powNazwa><sln:waznyOd>2013-06-10T00:00:00+02:00</sln:waznyOd><sln:wojIIPId>833fe14b-fe8e-40c7-9e4e-fc27c938bb11</sln:wojIIPId><sln:wojIIPPn>PL.PZGIK.200</sln:wojIIPPn><sln:wojIIPWersja>2017-10-10T00:00:00+02:00</sln:wojIIPWersja><sln:wojIdTeryt>18</sln:wojIdTeryt><sln:wojNazwa>podkarpackie</sln:wojNazwa></sln:miejscowosc><sln:miejscowosc><sln:cyklZyciaOd>2017-04-18T00:00:00+02:00</sln:cyklZyciaOd><sln:gmIIPId>799086ad-6793-4a31-830d-d4ab7bdef39d</sln:gmIIPId><sln:gmIIPPn>PL.PZGIK.200</sln:gmIIPPn><sln:gmIIPWersja>2012-09-26T22:01:32+02:00</sln:gmIIPWersja><sln:gmIdTeryt>1812022</sln:gmIdTeryt><sln:gmNazwa>Jarocin</sln:gmNazwa><sln:miejscIIPId>45b7acb4-032f-4210-8105-c225407fdce7</sln:miejscIIPId><sln:miejscIIPPn>PL.PZGIK.200</sln:miejscIIPPn><sln:miejscIIPWersja>2017-04-18T08:41:32+02:00</sln:miejscIIPWersja><sln:miejscIdTeryt>0795070</sln:miejscIdTeryt><sln:miejscNazwa>Mostki</sln:miejscNazwa><sln:miejscRodzaj>Wieś</sln:miejscRodzaj><sln:powIIPId>f87cae01-4621-41f4-b768-c777cf94d1d8</sln:powIIPId><sln:powIIPPn>PL.PZGIK.200</sln:powIIPPn><sln:powIIPWersja>2012-09-27T08:01:01+02:00</sln:powIIPWersja><sln:powIdTeryt>1812</sln:powIdTeryt><sln:powNazwa>niżański</sln:powNazwa><sln:waznyOd>2013-06-10T00:00:00+02:00</sln:waznyOd><sln:wojIIPId>833fe14b-fe8e-40c7-9e4e-fc27c938bb11</sln:wojIIPId><sln:wojIIPPn>PL.PZGIK.200</sln:wojIIPPn><sln:wojIIPWersja>2017-10-10T00:00:00+02:00</sln:wojIIPWersja><sln:wojIdTeryt>18</sln:wojIdTeryt><sln:wojNazwa>podkarpackie</sln:wojNazwa></sln:miejscowosc><sln:miejscowosc><sln:cyklZyciaOd>2017-04-18T00:00:00+02:00</sln:cyklZyciaOd><sln:gmIIPId>799086ad-6793-4a31-830d-d4ab7bdef39d</sln:gmIIPId><sln:gmIIPPn>PL.PZGIK.200</sln:gmIIPPn><sln:gmIIPWersja>2012-09-26T22:01:32+02:00</sln:gmIIPWersja><sln:gmIdTeryt>1812022</sln:gmIdTeryt><sln:gmNazwa>Jarocin</sln:gmNazwa><sln:miejscIIPId>d27d8902-0f36-45d9-b1f5-a179b2cf261a</sln:miejscIIPId><sln:miejscIIPPn>PL.PZGIK.200</sln:miejscIIPPn><sln:miejscIIPWersja>2017-04-18T08:41:32+02:00</sln:miejscIIPWersja><sln:miejscIdTeryt>0795175</sln:miejscIdTeryt><sln:miejscNazwa>Szwedy</sln:miejscNazwa><sln:miejscRodzaj>Wieś</sln:miejscRodzaj><sln:powIIPId>f87cae01-4621-41f4-b768-c777cf94d1d8</sln:powIIPId><sln:powIIPPn>PL.PZGIK.200</sln:powIIPPn><sln:powIIPWersja>2012-09-27T08:01:01+02:00</sln:powIIPWersja><sln:powIdTeryt>1812</sln:powIdTeryt><sln:powNazwa>niżański</sln:powNazwa><sln:waznyOd>2013-06-10T00:00:00+02:00</sln:waznyOd><sln:wojIIPId>833fe14b-fe8e-40c7-9e4e-fc27c938bb11</sln:wojIIPId><sln:wojIIPPn>PL.PZGIK.200</sln:wojIIPPn><sln:wojIIPWersja>2017-10-10T00:00:00+02:00</sln:wojIIPWersja><sln:wojIdTeryt>18</sln:wojIdTeryt><sln:wojNazwa>podkarpackie</sln:wojNazwa></sln:miejscowosc><sln:miejscowosc><sln:cyklZyciaOd>2017-04-18T00:00:00+02:00</sln:cyklZyciaOd><sln:gmIIPId>799086ad-6793-4a31-830d-d4ab7bdef39d</sln:gmIIPId><sln:gmIIPPn>PL.PZGIK.200</sln:gmIIPPn><sln:gmIIPWersja>2012-09-26T22:01:32+02:00</sln:gmIIPWersja><sln:gmIdTeryt>1812022</sln:gmIdTeryt><sln:gmNazwa>Jarocin</sln:gmNazwa><sln:miejscIIPId>db8f4104-b9e7-4197-aaa5-317d00405456</sln:miejscIIPId><sln:miejscIIPPn>PL.PZGIK.200</sln:miejscIIPPn><sln:miejscIIPWersja>2017-04-18T08:41:32+02:00</sln:miejscIIPWersja><sln:miejscIdTeryt>0795235</sln:miejscIdTeryt><sln:miejscNazwa>Szyperki</sln:miejscNazwa><sln:miejscRodzaj>Wieś</sln:miejscRodzaj><sln:powIIPId>f87cae01-4621-41f4-b768-c777cf94d1d8</sln:powIIPId><sln:powIIPPn>PL.PZGIK.200</sln:powIIPPn><sln:powIIPWersja>2012-09-27T08:01:01+02:00</sln:powIIPWersja><sln:powIdTeryt>1812</sln:powIdTeryt><sln:powNazwa>niżański</sln:powNazwa><sln:waznyOd>2013-06-10T00:00:00+02:00</sln:waznyOd><sln:wojIIPId>833fe14b-fe8e-40c7-9e4e-fc27c938bb11</sln:wojIIPId><sln:wojIIPPn>PL.PZGIK.200</sln:wojIIPPn><sln:wojIIPWersja>2017-10-10T00:00:00+02:00</sln:wojIIPWersja><sln:wojIdTeryt>18</sln:wojIdTeryt><sln:wojNazwa>podkarpackie</sln:wojNazwa></sln:miejscowosc><sln:miejscowosc><sln:cyklZyciaOd>2017-04-18T00:00:00+02:00</sln:cyklZyciaOd><sln:gmIIPId>799086ad-6793-4a31-830d-d4ab7bdef39d</sln:gmIIPId><sln:gmIIPPn>PL.PZGIK.200</sln:gmIIPPn><sln:gmIIPWersja>2012-09-26T22:01:32+02:00</sln:gmIIPWersja><sln:gmIdTeryt>1812022</sln:gmIdTeryt><sln:gmNazwa>Jarocin</sln:gmNazwa><sln:miejscIIPId>d1d9e9cf-7f93-4af4-81b0-bfc7ee300de0</sln:miejscIIPId><sln:miejscIIPPn>PL.PZGIK.200</sln:miejscIIPPn><sln:miejscIIPWersja>2017-04-18T08:41:32+02:00</sln:miejscIIPWersja><sln:miejscIdTeryt>0795264</sln:miejscIdTeryt><sln:miejscNazwa>Zdziary</sln:miejscNazwa><sln:miejscRodzaj>Wieś</sln:miejscRodzaj><sln:powIIPId>f87cae01-4621-41f4-b768-c777cf94d1d8</sln:powIIPId><sln:powIIPPn>PL.PZGIK.200</sln:powIIPPn><sln:powIIPWersja>2012-09-27T08:01:01+02:00</sln:powIIPWersja><sln:powIdTeryt>1812</sln:powIdTeryt><sln:powNazwa>niżański</sln:powNazwa><sln:waznyOd>2013-06-12T00:00:00+02:00</sln:waznyOd><sln:wojIIPId>833fe14b-fe8e-40c7-9e4e-fc27c938bb11</sln:wojIIPId><sln:wojIIPPn>PL.PZGIK.200</sln:wojIIPPn><sln:wojIIPWersja>2017-10-10T00:00:00+02:00</sln:wojIIPWersja><sln:wojIdTeryt>18</sln:wojIdTeryt><sln:wojNazwa>podkarpackie</sln:wojNazwa></sln:miejscowosc></sln:lista-miejscowosci>