<?xml version="1.0" encoding="UTF-8" standalone="yes"?><sln:lista-miejscowosci xmlns:srv="http://gugik.gov.pl/schemas/slowniki-service/1.0" xmlns:sln="http://gugik.gov.pl/schemas/slowniki-schema/1.0"><sln:miejscowosc><sln:cyklZyciaOd>2014-12-07T00:00:00+01:00</sln:cyklZyciaOd><sln:gmIIPId>b01b7d9d-f584-4214-9268-9ec68191a2bb</sln:gmIIPId><sln:gmIIPPn>PL.PZGIK.200</sln:gmIIPPn><sln:gmIIPWersja>2012-09-26T22:00:42+02:00</sln:gmIIPWersja><sln:gmIdTeryt>1805032</sln:gmIdTeryt><sln:gmNazwa>Dębowiec</sln:gmNazwa><sln:miejscIIPId>575176de-cbef-449d-9493-a21f5a0e6628</sln:miejscIIPId><sln:miejscIIPPn>PL.PZGIK.200</sln:miejscIIPPn><sln:miejscIIPWersja>2016-11-24T13:53:39+02:00</sln:miejscIIPWersja><sln:miejscIdTeryt>0348217</sln:miejscIdTeryt><sln:miejscNazwa>Rzeki</sln:miejscNazwa><sln:miejscRodzaj>Inny obiekt</sln:miejscRodzaj><sln:powIIPId>44c38c19-27ce-4c07-9a4b-b77eaa3b9791</sln:powIIPId><sln:powIIPPn>PL.PZGIK.200</sln:powIIPPn><sln:powIIPWersja>2017-10-10T00:00:00+02:00</sln:powIIPWersja><sln:powIdTeryt>1805</sln:powIdTeryt><sln:powNazwa>jasielski</sln:powNazwa><sln:wojIIPId>833fe14b-fe8e-40c7-9e4e-fc27c938bb11</sln:wojIIPId><sln:wojIIPPn>PL.PZGIK.200</sln:wojIIPPn><sln:wojIIPWersja>2017-10-10T00:00:00+02:00</sln:wojIIPWersja><sln:wojIdTeryt>18</sln:wojIdTeryt><sln:wojNazwa>podkarpackie</sln:wojNazwa></sln:miejscowosc><sln:miejscowosc><sln:cyklZyciaOd>2014-12-07T00:00:00+01:00</sln:cyklZyciaOd><sln:gmIIPId>b01b7d9d-f584-4214-9268-9ec68191a2bb</sln:gmIIPId><sln:gmIIPPn>PL.PZGIK.200</sln:gmIIPPn><sln:gmIIPWersja>2012-09-26T22:00:42+02:00</sln:gmIIPWersja><sln:gmIdTeryt>1805032</sln:gmIdTeryt><sln:gmNazwa>Dębowiec</sln:gmNazwa><sln:miejscIIPId>909e2013-f1df-4d38-90ed-bf9ffda3ee08</sln:miejscIIPId><sln:miejscIIPPn>PL.PZGIK.200</sln:miejscIIPPn><sln:miejscIIPWersja>2016-11-24T13:51:40+02:00</sln:miejscIIPWersja><sln:miejscIdTeryt>0348128</sln:miejscIdTeryt><sln:miejscNazwa>Józefów</sln:miejscNazwa><sln:miejscRodzaj>Inny obiekt</sln:miejscRodzaj><sln:powIIPId>44c38c19-27ce-4c07-9a4b-b77eaa3b9791</sln:powIIPId><sln:powIIPPn>PL.PZGIK.200</sln:powIIPPn><sln:powIIPWersja>2017-10-10T00:00:00+02:00</sln:powIIPWersja><sln:powIdTeryt>1805</sln:powIdTeryt><sln:powNazwa>jasielski</sln:powNazwa><sln:wojIIPId>833fe14b-fe8e-40c7-9e4e-fc27c938bb11</sln:wojIIPId><sln:wojIIPPn>PL.PZGIK.200</sln:wojIIPPn><sln:wojIIPWersja>2017-10-10T00:00:00+02:00</sln:wojIIPWersja><sln:wojIdTeryt>18</sln:wojIdTeryt><sln:wojNazwa>podkarpackie</sln:wojNazwa></sln:miejscowosc><sln:miejscowosc><sln:cyklZyciaOd>2014-12-07T00:00:00+01:00</sln:cyklZyciaOd><sln:gmIIPId>b01b7d9d-f584-4214-9268-9ec68191a2bb</sln:gmIIPId><sln:gmIIPPn>PL.PZGIK.200</sln:gmIIPPn><sln:gmIIPWersja>2012-09-26T22:00:42+02:00</sln:gmIIPWersja><sln:gmIdTeryt>1805032</sln:gmIdTeryt><sln:gmNazwa>Dębowiec</sln:gmNazwa><sln:miejscIIPId>38488295-138b-463d-8023-f45ffb380d9a</sln:miejscIIPId><sln:miejscIIPPn>PL.PZGIK.200</sln:miejscIIPPn><sln:miejscIIPWersja>2016-11-24T13:33:30+02:00</sln:miejscIIPWersja><sln:miejscIdTeryt>0348329</sln:miejscIdTeryt><sln:miejscNazwa>Wola Cieklińska</sln:miejscNazwa><sln:miejscRodzaj>Wieś</sln:miejscRodzaj><sln:powIIPId>44c38c19-27ce-4c07-9a4b-b77eaa3b9791</sln:powIIPId><sln:powIIPPn>PL.PZGIK.200</sln:powIIPPn><sln:powIIPWersja>2017-10-10T00:00:00+02:00</sln:powIIPWersja><sln:powIdTeryt>1805</sln:powIdTeryt><sln:powNazwa>jasielski</sln:powNazwa><sln:wojIIPId>833fe14b-fe8e-40c7-9e4e-fc27c938bb11</sln:wojIIPId><sln:wojIIPPn>PL.PZGIK.200</sln:wojIIPPn><sln:wojIIPWersja>2017-10-10T00:00:00+02:00</sln:wojIIPWersja><sln:wojIdTeryt>18</sln:wojIdTeryt><sln:wojNazwa>podkarpackie</sln:wojNazwa></sln:miejscowosc><sln:miejscowosc><sln:cyklZyciaOd>2014-12-07T00:00:00+01:00</sln:cyklZyciaOd><sln:gmIIPId>b01b7d9d-f584-4214-9268-9ec68191a2bb</sln:gmIIPId><sln:gmIIPPn>PL.PZGIK.200</sln:gmIIPPn><sln:gmIIPWersja>2012-09-26T22:00:42+02:00</sln:gmIIPWersja><sln:gmIdTeryt>1805032</sln:gmIdTeryt><sln:gmNazwa>Dębowiec</sln:gmNazwa><sln:miejscIIPId>9997263d-f12e-40aa-8f42-d1c5dae350c8</sln:miejscIIPId><sln:miejscIIPPn>PL.PZGIK.200</sln:miejscIIPPn><sln:miejscIIPWersja>2016-11-24T13:44:20+02:00</sln:miejscIIPWersja><sln:miejscIdTeryt>0348306</sln:miejscIdTeryt><sln:miejscNazwa>Pagórek</sln:miejscNazwa><sln:miejscRodzaj>Wieś</sln:miejscRodzaj><sln:powIIPId>44c38c19-27ce-4c07-9a4b-b77eaa3b9791</sln:powIIPId><sln:powIIPPn>PL.PZGIK.200</sln:powIIPPn><sln:powIIPWersja>2017-10-10T00:00:00+02:00</sln:powIIPWersja><sln:powIdTeryt>1805</sln:powIdTeryt><sln:powNazwa>jasielski</sln:powNazwa><sln:wojIIPId>833fe14b-fe8e-40c7-9e4e-fc27c938bb11</sln:wojIIPId><sln:wojIIPPn>PL.PZGIK.200</sln:wojIIPPn><sln:wojIIPWersja>2017-10-10T00:00:00+02:00</sln:wojIIPWersja><sln:wojIdTeryt>18</sln:wojIdTeryt><sln:wojNazwa>podkarpackie</sln:wojNazwa></sln:miejscowosc><sln:miejscowosc><sln:cyklZyciaOd>2014-12-07T00:00:00+01:00</sln:cyklZyciaOd><sln:gmIIPId>b01b7d9d-f584-4214-9268-9ec68191a2bb</sln:gmIIPId><sln:gmIIPPn>PL.PZGIK.200</sln:gmIIPPn><sln:gmIIPWersja>2012-09-26T22:00:42+02:00</sln:gmIIPWersja><sln:gmIdTeryt>1805032</sln:gmIdTeryt><sln:gmNazwa>Dębowiec</sln:gmNazwa><sln:miejscIIPId>4fda03e4-939b-488a-9e33-0d253628449c</sln:miejscIIPId><sln:miejscIIPPn>PL.PZGIK.200</sln:miejscIIPPn><sln:miejscIIPWersja>2016-11-24T13:36:15+02:00</sln:miejscIIPWersja><sln:miejscIdTeryt>0348134</sln:miejscIdTeryt><sln:miejscNazwa>Dębowiec</sln:miejscNazwa><sln:miejscRodzaj>Wieś</sln:miejscRodzaj><sln:powIIPId>44c38c19-27ce-4c07-9a4b-b77eaa3b9791</sln:powIIPId><sln:powIIPPn>PL.PZGIK.200</sln:powIIPPn><sln:powIIPWersja>2017-10-10T00:00:00+02:00</sln:powIIPWersja><sln:powIdTeryt>1805</sln:powIdTeryt><sln:powNazwa>jasielski</sln:powNazwa><sln:wojIIPId>833fe14b-fe8e-40c7-9e4e-fc27c938bb11</sln:wojIIPId><sln:wojIIPPn>PL.PZGIK.200</sln:wojIIPPn><sln:wojIIPWersja>2017-10-10T00:00:00+02:00</sln:wojIIPWersja><sln:wojIdTeryt>18</sln:wojIdTeryt><sln:wojNazwa>podkarpackie</sln:wojNazwa></sln:miejscowosc><sln:miejscowosc><sln:cyklZyciaOd>2014-12-07T00:00:00+01:00</sln:cyklZyciaOd><sln:gmIIPId>b01b7d9d-f584-4214-9268-9ec68191a2bb</sln:gmIIPId><sln:gmIIPPn>PL.PZGIK.200</sln:gmIIPPn><sln:gmIIPWersja>2012-09-26T22:00:42+02:00</sln:gmIIPWersja><sln:gmIdTeryt>1805032</sln:gmIdTeryt><sln:gmNazwa>Dębowiec</sln:gmNazwa><sln:miejscIIPId>63e57312-b3d0-4e66-922d-98bbe7c71a12</sln:miejscIIPId><sln:miejscIIPPn>PL.PZGIK.200</sln:miejscIIPPn><sln:miejscIIPWersja>2016-11-24T13:36:37+02:00</sln:miejscIIPWersja><sln:miejscIdTeryt>0348192</sln:miejscIdTeryt><sln:miejscNazwa>Dobrynia</sln:miejscNazwa><sln:miejscRodzaj>Wieś</sln:miejscRodzaj><sln:powIIPId>44c38c19-27ce-4c07-9a4b-b77eaa3b9791</sln:powIIPId><sln:powIIPPn>PL.PZGIK.200</sln:powIIPPn><sln:powIIPWersja>2017-10-10T00:00:00+02:00</sln:powIIPWersja><sln:powIdTeryt>1805</sln:powIdTeryt><sln:powNazwa>jasielski</sln:powNazwa><sln:wojIIPId>833fe14b-fe8e-40c7-9e4e-fc27c938bb11</sln:wojIIPId><sln:wojIIPPn>PL.PZGIK.200</sln:wojIIPPn><sln:wojIIPWersja>2017-10-10T00:00:00+02:00</sln:wojIIPWersja><sln:wojIdTeryt>18</sln:wojIdTeryt><sln:wojNazwa>podkarpackie</sln:wojNazwa></sln:miejscowosc><sln:miejscowosc><sln:cyklZyciaOd>2014-12-07T00:00:00+01:00</sln:cyklZyciaOd><sln:gmIIPId>b01b7d9d-f584-4214-9268-9ec68191a2bb</sln:gmIIPId><sln:gmIIPPn>PL.PZGIK.200</sln:gmIIPPn><sln:gmIIPWersja>2012-09-26T22:00:42+02:00</sln:gmIIPWersja><sln:gmIdTeryt>1805032</sln:gmIdTeryt><sln:gmNazwa>Dębowiec</sln:gmNazwa><sln:miejscIIPId>47e7a98a-9790-43ad-ad58-0263e21e0259</sln:miejscIIPId><sln:miejscIIPPn>PL.PZGIK.200</sln:miejscIIPPn><sln:miejscIIPWersja>2016-11-24T13:34:32+02:00</sln:miejscIIPWersja><sln:miejscIdTeryt>0348341</sln:miejscIdTeryt><sln:miejscNazwa>Zarzecze</sln:miejscNazwa><sln:miejscRodzaj>Wieś</sln:miejscRodzaj><sln:powIIPId>44c38c19-27ce-4c07-9a4b-b77eaa3b9791</sln:powIIPId><sln:powIIPPn>PL.PZGIK.200</sln:powIIPPn><sln:powIIPWersja>2017-10-10T00:00:00+02:00</sln:powIIPWersja><sln:powIdTeryt>1805</sln:powIdTeryt><sln:powNazwa>jasielski</sln:powNazwa><sln:wojIIPId>833fe14b-fe8e-40c7-9e4e-fc27c938bb11</sln:wojIIPId><sln:wojIIPPn>PL.PZGIK.200</sln:wojIIPPn><sln:wojIIPWersja>2017-10-10T00:00:00+02:00</sln:wojIIPWersja><sln:wojIdTeryt>18</sln:wojIdTeryt><sln:wojNazwa>podkarpackie</sln:wojNazwa></sln:miejscowosc><sln:miejscowosc><sln:cyklZyciaOd>2014-12-07T00:00:00+01:00</sln:cyklZyciaOd><sln:gmIIPId>b01b7d9d-f584-4214-9268-9ec68191a2bb</sln:gmIIPId><sln:gmIIPPn>PL.PZGIK.200</sln:gmIIPPn><sln:gmIIPWersja>2012-09-26T22:00:42+02:00</sln:gmIIPWersja><sln:gmIdTeryt>1805032</sln:gmIdTeryt><sln:gmNazwa>Dębowiec</sln:gmNazwa><sln:miejscIIPId>1a655f7a-7ca7-46a0-bd5a-38a716c65b85</sln:miejscIIPId><sln:miejscIIPPn>PL.PZGIK.200</sln:miejscIIPPn><sln:miejscIIPWersja>2016-11-24T13:52:30+02:00</sln:miejscIIPWersja><sln:miejscIdTeryt>0348157</sln:miejscIdTeryt><sln:miejscNazwa>Dąbrówka</sln:miejscNazwa><sln:miejscRodzaj>Inny obiekt</sln:miejscRodzaj><sln:powIIPId>44c38c19-27ce-4c07-9a4b-b77eaa3b9791</sln:powIIPId><sln:powIIPPn>PL.PZGIK.200</sln:powIIPPn><sln:powIIPWersja>2017-10-10T00:00:00+02:00</sln:powIIPWersja><sln:powIdTeryt>1805</sln:powIdTeryt><sln:powNazwa>jasielski</sln:powNazwa><sln:wojIIPId>833fe14b-fe8e-40c7-9e4e-fc27c938bb11</sln:wojIIPId><sln:wojIIPPn>PL.PZGIK.200</sln:wojIIPPn><sln:wojIIPWersja>2017-10-10T00:00:00+02:00</sln:wojIIPWersja><sln:wojIdTeryt>18</sln:wojIdTeryt><sln:wojNazwa>podkarpackie</sln:wojNazwa></sln:miejscowosc><sln:miejscowosc><sln:cyklZyciaOd>2014-12-07T00:00:00+01:00</sln:cyklZyciaOd><sln:gmIIPId>b01b7d9d-f584-4214-9268-9ec68191a2bb</sln:gmIIPId><sln:gmIIPPn>PL.PZGIK.200</sln:gmIIPPn><sln:gmIIPWersja>2012-09-26T22:00:42+02:00</sln:gmIIPWersja><sln:gmIdTeryt>1805032</sln:gmIdTeryt><sln:gmNazwa>Dębowiec</sln:gmNazwa><sln:miejscIIPId>68f61395-f348-4770-94dc-fa701ac6319c</sln:miejscIIPId><sln:miejscIIPPn>PL.PZGIK.200</sln:miejscIIPPn><sln:miejscIIPWersja>2016-11-24T13:35:33+02:00</sln:miejscIIPWersja><sln:miejscIdTeryt>0348097</sln:miejscIdTeryt><sln:miejscNazwa>Cieklin</sln:miejscNazwa><sln:miejscRodzaj>Wieś</sln:miejscRodzaj><sln:powIIPId>44c38c19-27ce-4c07-9a4b-b77eaa3b9791</sln:powIIPId><sln:powIIPPn>PL.PZGIK.200</sln:powIIPPn><sln:powIIPWersja>2017-10-10T00:00:00+02:00</sln:powIIPWersja><sln:powIdTeryt>1805</sln:powIdTeryt><sln:powNazwa>jasielski</sln:powNazwa><sln:wojIIPId>833fe14b-fe8e-40c7-9e4e-fc27c938bb11</sln:wojIIPId><sln:wojIIPPn>PL.PZGIK.200</sln:wojIIPPn><sln:wojIIPWersja>2017-10-10T00:00:00+02:00</sln:wojIIPWersja><sln:wojIdTeryt>18</sln:wojIdTeryt><sln:wojNazwa>podkarpackie</sln:wojNazwa></sln:miejscowosc><sln:miejscowosc><sln:cyklZyciaOd>2014-12-07T00:00:00+01:00</sln:cyklZyciaOd><sln:gmIIPId>b01b7d9d-f584-4214-9268-9ec68191a2bb</sln:gmIIPId><sln:gmIIPPn>PL.PZGIK.200</sln:gmIIPPn><sln:gmIIPWersja>2012-09-26T22:00:42+02:00</sln:gmIIPWersja><sln:gmIdTeryt>1805032</sln:gmIdTeryt><sln:gmNazwa>Dębowiec</sln:gmNazwa><sln:miejscIIPId>c8ffdbc4-67d6-4942-af6f-240a01830f82</sln:miejscIIPId><sln:miejscIIPPn>PL.PZGIK.200</sln:miejscIIPPn><sln:miejscIIPWersja>2016-11-24T13:52:30+02:00</sln:miejscIIPWersja><sln:miejscIdTeryt>0348140</sln:miejscIdTeryt><sln:miejscNazwa>Brody</sln:miejscNazwa><sln:miejscRodzaj>Inny obiekt</sln:miejscRodzaj><sln:powIIPId>44c38c19-27ce-4c07-9a4b-b77eaa3b9791</sln:powIIPId><sln:powIIPPn>PL.PZGIK.200</sln:powIIPPn><sln:powIIPWersja>2017-10-10T00:00:00+02:00</sln:powIIPWersja><sln:powIdTeryt>1805</sln:powIdTeryt><sln:powNazwa>jasielski</sln:powNazwa><sln:wojIIPId>833fe14b-fe8e-40c7-9e4e-fc27c938bb11</sln:wojIIPId><sln:wojIIPPn>PL.PZGIK.200</sln:wojIIPPn><sln:wojIIPWersja>2017-10-10T00:00:00+02:00</sln:wojIIPWersja><sln:wojIdTeryt>18</sln:wojIdTeryt><sln:wojNazwa>podkarpackie</sln:wojNazwa></sln:miejscowosc><sln:miejscowosc><sln:cyklZyciaOd>2014-12-07T00:00:00+01:00</sln:cyklZyciaOd><sln:gmIIPId>b01b7d9d-f584-4214-9268-9ec68191a2bb</sln:gmIIPId><sln:gmIIPPn>PL.PZGIK.200</sln:gmIIPPn><sln:gmIIPWersja>2012-09-26T22:00:42+02:00</sln:gmIIPWersja><sln:gmIdTeryt>1805032</sln:gmIdTeryt><sln:gmNazwa>Dębowiec</sln:gmNazwa><sln:miejscIIPId>46d42592-2373-44ca-aec5-022845e37e98</sln:miejscIIPId><sln:miejscIIPPn>PL.PZGIK.200</sln:miejscIIPPn><sln:miejscIIPWersja>2016-11-24T13:52:30+02:00</sln:miejscIIPWersja><sln:miejscIdTeryt>0348186</sln:miejscIdTeryt><sln:miejscNazwa>Kopaniny</sln:miejscNazwa><sln:miejscRodzaj>Inny obiekt</sln:miejscRodzaj><sln:powIIPId>44c38c19-27ce-4c07-9a4b-b77eaa3b9791</sln:powIIPId><sln:powIIPPn>PL.PZGIK.200</sln:powIIPPn><sln:powIIPWersja>2017-10-10T00:00:00+02:00</sln:powIIPWersja><sln:powIdTeryt>1805</sln:powIdTeryt><sln:powNazwa>jasielski</sln:powNazwa><sln:wojIIPId>833fe14b-fe8e-40c7-9e4e-fc27c938bb11</sln:wojIIPId><sln:wojIIPPn>PL.PZGIK.200</sln:wojIIPPn><sln:wojIIPWersja>2017-10-10T00:00:00+02:00</sln:wojIIPWersja><sln:wojIdTeryt>18</sln:wojIdTeryt><sln:wojNazwa>podkarpackie</sln:wojNazwa></sln:miejscowosc><sln:miejscowosc><sln:cyklZyciaOd>2014-12-07T00:00:00+01:00</sln:cyklZyciaOd><sln:gmIIPId>b01b7d9d-f584-4214-9268-9ec68191a2bb</sln:gmIIPId><sln:gmIIPPn>PL.PZGIK.200</sln:gmIIPPn><sln:gmIIPWersja>2012-09-26T22:00:42+02:00</sln:gmIIPWersja><sln:gmIdTeryt>1805032</sln:gmIdTeryt><sln:gmNazwa>Dębowiec</sln:gmNazwa><sln:miejscIIPId>5841d1a8-45d3-4f12-afff-1509b05f30e0</sln:miejscIIPId><sln:miejscIIPPn>PL.PZGIK.200</sln:miejscIIPPn><sln:miejscIIPWersja>2016-11-24T13:36:53+02:00</sln:miejscIIPWersja><sln:miejscIdTeryt>0348223</sln:miejscIdTeryt><sln:miejscNazwa>Dzielec</sln:miejscNazwa><sln:miejscRodzaj>Wieś</sln:miejscRodzaj><sln:powIIPId>44c38c19-27ce-4c07-9a4b-b77eaa3b9791</sln:powIIPId><sln:powIIPPn>PL.PZGIK.200</sln:powIIPPn><sln:powIIPWersja>2017-10-10T00:00:00+02:00</sln:powIIPWersja><sln:powIdTeryt>1805</sln:powIdTeryt><sln:powNazwa>jasielski</sln:powNazwa><sln:wojIIPId>833fe14b-fe8e-40c7-9e4e-fc27c938bb11</sln:wojIIPId><sln:wojIIPPn>PL.PZGIK.200</sln:wojIIPPn><sln:wojIIPWersja>2017-10-10T00:00:00+02:00</sln:wojIIPWersja><sln:wojIdTeryt>18</sln:wojIdTeryt><sln:wojNazwa>podkarpackie</sln:wojNazwa></sln:miejscowosc><sln:miejscowosc><sln:cyklZyciaOd>2014-12-07T00:00:00+01:00</sln:cyklZyciaOd><sln:gmIIPId>b01b7d9d-f584-4214-9268-9ec68191a2bb</sln:gmIIPId><sln:gmIIPPn>PL.PZGIK.200</sln:gmIIPPn><sln:gmIIPWersja>2012-09-26T22:00:42+02:00</sln:gmIIPWersja><sln:gmIdTeryt>1805032</sln:gmIdTeryt><sln:gmNazwa>Dębowiec</sln:gmNazwa><sln:miejscIIPId>6bc36859-9184-43d3-a647-d36c161b8f84</sln:miejscIIPId><sln:miejscIIPPn>PL.PZGIK.200</sln:miejscIIPPn><sln:miejscIIPWersja>2016-11-24T13:52:30+02:00</sln:miejscIIPWersja><sln:miejscIdTeryt>0348163</sln:miejscIdTeryt><sln:miejscNazwa>Pod Bajdami</sln:miejscNazwa><sln:miejscRodzaj>Inny obiekt</sln:miejscRodzaj><sln:powIIPId>44c38c19-27ce-4c07-9a4b-b77eaa3b9791</sln:powIIPId><sln:powIIPPn>PL.PZGIK.200</sln:powIIPPn><sln:powIIPWersja>2017-10-10T00:00:00+02:00</sln:powIIPWersja><sln:powIdTeryt>1805</sln:powIdTeryt><sln:powNazwa>jasielski</sln:powNazwa><sln:wojIIPId>833fe14b-fe8e-40c7-9e4e-fc27c938bb11</sln:wojIIPId><sln:wojIIPPn>PL.PZGIK.200</sln:wojIIPPn><sln:wojIIPWersja>2017-10-10T00:00:00+02:00</sln:wojIIPWersja><sln:wojIdTeryt>18</sln:wojIdTeryt><sln:wojNazwa>podkarpackie</sln:wojNazwa></sln:miejscowosc><sln:miejscowosc><sln:cyklZyciaOd>2014-12-07T00:00:00+01:00</sln:cyklZyciaOd><sln:gmIIPId>b01b7d9d-f584-4214-9268-9ec68191a2bb</sln:gmIIPId><sln:gmIIPPn>PL.PZGIK.200</sln:gmIIPPn><sln:gmIIPWersja>2012-09-26T22:00:42+02:00</sln:gmIIPWersja><sln:gmIdTeryt>1805032</sln:gmIdTeryt><sln:gmNazwa>Dębowiec</sln:gmNazwa><sln:miejscIIPId>f9b7372d-8e7a-459a-acbc-5ac149afeb04</sln:miejscIIPId><sln:miejscIIPPn>PL.PZGIK.200</sln:miejscIIPPn><sln:miejscIIPWersja>2016-11-24T13:57:27+02:00</sln:miejscIIPWersja><sln:miejscIdTeryt>0348281</sln:miejscIdTeryt><sln:miejscNazwa>Skała</sln:miejscNazwa><sln:miejscRodzaj>Inny obiekt</sln:miejscRodzaj><sln:powIIPId>44c38c19-27ce-4c07-9a4b-b77eaa3b9791</sln:powIIPId><sln:powIIPPn>PL.PZGIK.200</sln:powIIPPn><sln:powIIPWersja>2017-10-10T00:00:00+02:00</sln:powIIPWersja><sln:powIdTeryt>1805</sln:powIdTeryt><sln:powNazwa>jasielski</sln:powNazwa><sln:wojIIPId>833fe14b-fe8e-40c7-9e4e-fc27c938bb11</sln:wojIIPId><sln:wojIIPPn>PL.PZGIK.200</sln:wojIIPPn><sln:wojIIPWersja>2017-10-10T00:00:00+02:00</sln:wojIIPWersja><sln:wojIdTeryt>18</sln:wojIdTeryt><sln:wojNazwa>podkarpackie</sln:wojNazwa></sln:miejscowosc><sln:miejscowosc><sln:cyklZyciaOd>2014-12-07T00:00:00+01:00</sln:cyklZyciaOd><sln:gmIIPId>b01b7d9d-f584-4214-9268-9ec68191a2bb</sln:gmIIPId><sln:gmIIPPn>PL.PZGIK.200</sln:gmIIPPn><sln:gmIIPWersja>2012-09-26T22:00:42+02:00</sln:gmIIPWersja><sln:gmIdTeryt>1805032</sln:gmIdTeryt><sln:gmNazwa>Dębowiec</sln:gmNazwa><sln:miejscIIPId>09ae346c-af79-4047-ace6-fe288ba434d9</sln:miejscIIPId><sln:miejscIIPPn>PL.PZGIK.200</sln:miejscIIPPn><sln:miejscIIPWersja>2016-11-24T13:33:31+02:00</sln:miejscIIPWersja><sln:miejscIdTeryt>0348335</sln:miejscIdTeryt><sln:miejscNazwa>Wola Dębowiecka</sln:miejscNazwa><sln:miejscRodzaj>Wieś</sln:miejscRodzaj><sln:powIIPId>44c38c19-27ce-4c07-9a4b-b77eaa3b9791</sln:powIIPId><sln:powIIPPn>PL.PZGIK.200</sln:powIIPPn><sln:powIIPWersja>2017-10-10T00:00:00+02:00</sln:powIIPWersja><sln:powIdTeryt>1805</sln:powIdTeryt><sln:powNazwa>jasielski</sln:powNazwa><sln:wojIIPId>833fe14b-fe8e-40c7-9e4e-fc27c938bb11</sln:wojIIPId><sln:wojIIPPn>PL.PZGIK.200</sln:wojIIPPn><sln:wojIIPWersja>2017-10-10T00:00:00+02:00</sln:wojIIPWersja><sln:wojIdTeryt>18</sln:wojIdTeryt><sln:wojNazwa>podkarpackie</sln:wojNazwa></sln:miejscowosc><sln:miejscowosc><sln:cyklZyciaOd>2014-12-07T00:00:00+01:00</sln:cyklZyciaOd><sln:gmIIPId>b01b7d9d-f584-4214-9268-9ec68191a2bb</sln:gmIIPId><sln:gmIIPPn>PL.PZGIK.200</sln:gmIIPPn><sln:gmIIPWersja>2012-09-26T22:00:42+02:00</sln:gmIIPWersja><sln:gmIdTeryt>1805032</sln:gmIdTeryt><sln:gmNazwa>Dębowiec</sln:gmNazwa><sln:miejscIIPId>c3e49aa9-9b85-45fa-9175-c7e578916dad</sln:miejscIIPId><sln:miejscIIPPn>PL.PZGIK.200</sln:miejscIIPPn><sln:miejscIIPWersja>2016-11-24T13:41:28+02:00</sln:miejscIIPWersja><sln:miejscIdTeryt>0348246</sln:miejscIdTeryt><sln:miejscNazwa>Łazy Dębowieckie</sln:miejscNazwa><sln:miejscRodzaj>Wieś</sln:miejscRodzaj><sln:powIIPId>44c38c19-27ce-4c07-9a4b-b77eaa3b9791</sln:powIIPId><sln:powIIPPn>PL.PZGIK.200</sln:powIIPPn><sln:powIIPWersja>2017-10-10T00:00:00+02:00</sln:powIIPWersja><sln:powIdTeryt>1805</sln:powIdTeryt><sln:powNazwa>jasielski</sln:powNazwa><sln:wojIIPId>833fe14b-fe8e-40c7-9e4e-fc27c938bb11</sln:wojIIPId><sln:wojIIPPn>PL.PZGIK.200</sln:wojIIPPn><sln:wojIIPWersja>2017-10-10T00:00:00+02:00</sln:wojIIPWersja><sln:wojIdTeryt>18</sln:wojIdTeryt><sln:wojNazwa>podkarpackie</sln:wojNazwa></sln:miejscowosc><sln:miejscowosc><sln:cyklZyciaOd>2014-12-07T00:00:00+01:00</sln:cyklZyciaOd><sln:gmIIPId>b01b7d9d-f584-4214-9268-9ec68191a2bb</sln:gmIIPId><sln:gmIIPPn>PL.PZGIK.200</sln:gmIIPPn><sln:gmIIPWersja>2012-09-26T22:00:42+02:00</sln:gmIIPWersja><sln:gmIdTeryt>1805032</sln:gmIdTeryt><sln:gmNazwa>Dębowiec</sln:gmNazwa><sln:miejscIIPId>ff12e1ce-7d4b-4eb4-8cb0-2c3f19e064d2</sln:miejscIIPId><sln:miejscIIPPn>PL.PZGIK.200</sln:miejscIIPPn><sln:miejscIIPWersja>2016-11-24T13:41:48+02:00</sln:miejscIIPWersja><sln:miejscIdTeryt>0348269</sln:miejscIdTeryt><sln:miejscNazwa>Majscowa</sln:miejscNazwa><sln:miejscRodzaj>Wieś</sln:miejscRodzaj><sln:powIIPId>44c38c19-27ce-4c07-9a4b-b77eaa3b9791</sln:powIIPId><sln:powIIPPn>PL.PZGIK.200</sln:powIIPPn><sln:powIIPWersja>2017-10-10T00:00:00+02:00</sln:powIIPWersja><sln:powIdTeryt>1805</sln:powIdTeryt><sln:powNazwa>jasielski</sln:powNazwa><sln:wojIIPId>833fe14b-fe8e-40c7-9e4e-fc27c938bb11</sln:wojIIPId><sln:wojIIPPn>PL.PZGIK.200</sln:wojIIPPn><sln:wojIIPWersja>2017-10-10T00:00:00+02:00</sln:wojIIPWersja><sln:wojIdTeryt>18</sln:wojIdTeryt><sln:wojNazwa>podkarpackie</sln:wojNazwa></sln:miejscowosc><sln:miejscowosc><sln:cyklZyciaOd>2014-12-07T00:00:00+01:00</sln:cyklZyciaOd><sln:gmIIPId>b01b7d9d-f584-4214-9268-9ec68191a2bb</sln:gmIIPId><sln:gmIIPPn>PL.PZGIK.200</sln:gmIIPPn><sln:gmIIPWersja>2012-09-26T22:00:42+02:00</sln:gmIIPWersja><sln:gmIdTeryt>1805032</sln:gmIdTeryt><sln:gmNazwa>Dębowiec</sln:gmNazwa><sln:miejscIIPId>b7ea2f0d-b26a-4bf4-b983-d2162c0e1711</sln:miejscIIPId><sln:miejscIIPPn>PL.PZGIK.200</sln:miejscIIPPn><sln:miejscIIPWersja>2016-11-24T13:36:44+02:00</sln:miejscIIPWersja><sln:miejscIdTeryt>0348200</sln:miejscIdTeryt><sln:miejscNazwa>Duląbka</sln:miejscNazwa><sln:miejscRodzaj>Wieś</sln:miejscRodzaj><sln:powIIPId>44c38c19-27ce-4c07-9a4b-b77eaa3b9791</sln:powIIPId><sln:powIIPPn>PL.PZGIK.200</sln:powIIPPn><sln:powIIPWersja>2017-10-10T00:00:00+02:00</sln:powIIPWersja><sln:powIdTeryt>1805</sln:powIdTeryt><sln:powNazwa>jasielski</sln:powNazwa><sln:wojIIPId>833fe14b-fe8e-40c7-9e4e-fc27c938bb11</sln:wojIIPId><sln:wojIIPPn>PL.PZGIK.200</sln:wojIIPPn><sln:wojIIPWersja>2017-10-10T00:00:00+02:00</sln:wojIIPWersja><sln:wojIdTeryt>18</sln:wojIdTeryt><sln:wojNazwa>podkarpackie</sln:wojNazwa></sln:miejscowosc><sln:miejscowosc><sln:cyklZyciaOd>2014-12-07T00:00:00+01:00</sln:cyklZyciaOd><sln:gmIIPId>b01b7d9d-f584-4214-9268-9ec68191a2bb</sln:gmIIPId><sln:gmIIPPn>PL.PZGIK.200</sln:gmIIPPn><sln:gmIIPWersja>2012-09-26T22:00:42+02:00</sln:gmIIPWersja><sln:gmIdTeryt>1805032</sln:gmIdTeryt><sln:gmNazwa>Dębowiec</sln:gmNazwa><sln:miejscIIPId>ed523d42-26cb-4816-ac99-9a2e0cc32e33</sln:miejscIIPId><sln:miejscIIPPn>PL.PZGIK.200</sln:miejscIIPPn><sln:miejscIIPWersja>2016-11-24T13:37:04+02:00</sln:miejscIIPWersja><sln:miejscIdTeryt>0348230</sln:miejscIdTeryt><sln:miejscNazwa>Folusz</sln:miejscNazwa><sln:miejscRodzaj>Wieś</sln:miejscRodzaj><sln:powIIPId>44c38c19-27ce-4c07-9a4b-b77eaa3b9791</sln:powIIPId><sln:powIIPPn>PL.PZGIK.200</sln:powIIPPn><sln:powIIPWersja>2017-10-10T00:00:00+02:00</sln:powIIPWersja><sln:powIdTeryt>1805</sln:powIdTeryt><sln:powNazwa>jasielski</sln:powNazwa><sln:wojIIPId>833fe14b-fe8e-40c7-9e4e-fc27c938bb11</sln:wojIIPId><sln:wojIIPPn>PL.PZGIK.200</sln:wojIIPPn><sln:wojIIPWersja>2017-10-10T00:00:00+02:00</sln:wojIIPWersja><sln:wojIdTeryt>18</sln:wojIdTeryt><sln:wojNazwa>podkarpackie</sln:wojNazwa></sln:miejscowosc><sln:miejscowosc><sln:cyklZyciaOd>2014-12-07T00:00:00+01:00</sln:cyklZyciaOd><sln:gmIIPId>b01b7d9d-f584-4214-9268-9ec68191a2bb</sln:gmIIPId><sln:gmIIPPn>PL.PZGIK.200</sln:gmIIPPn><sln:gmIIPWersja>2012-09-26T22:00:42+02:00</sln:gmIIPWersja><sln:gmIdTeryt>1805032</sln:gmIdTeryt><sln:gmNazwa>Dębowiec</sln:gmNazwa><sln:miejscIIPId>d90e697f-a9b8-4356-8699-7ad4366fb703</sln:miejscIIPId><sln:miejscIIPPn>PL.PZGIK.200</sln:miejscIIPPn><sln:miejscIIPWersja>2016-11-24T13:57:27+02:00</sln:miejscIIPWersja><sln:miejscIdTeryt>0348298</sln:miejscIdTeryt><sln:miejscNazwa>Zagórze</sln:miejscNazwa><sln:miejscRodzaj>Inny obiekt</sln:miejscRodzaj><sln:powIIPId>44c38c19-27ce-4c07-9a4b-b77eaa3b9791</sln:powIIPId><sln:powIIPPn>PL.PZGIK.200</sln:powIIPPn><sln:powIIPWersja>2017-10-10T00:00:00+02:00</sln:powIIPWersja><sln:powIdTeryt>1805</sln:powIdTeryt><sln:powNazwa>jasielski</sln:powNazwa><sln:wojIIPId>833fe14b-fe8e-40c7-9e4e-fc27c938bb11</sln:wojIIPId><sln:wojIIPPn>PL.PZGIK.200</sln:wojIIPPn><sln:wojIIPWersja>2017-10-10T00:00:00+02:00</sln:wojIIPWersja><sln:wojIdTeryt>18</sln:wojIdTeryt><sln:wojNazwa>podkarpackie</sln:wojNazwa></sln:miejscowosc><sln:miejscowosc><sln:cyklZyciaOd>2014-12-07T00:00:00+01:00</sln:cyklZyciaOd><sln:gmIIPId>b01b7d9d-f584-4214-9268-9ec68191a2bb</sln:gmIIPId><sln:gmIIPPn>PL.PZGIK.200</sln:gmIIPPn><sln:gmIIPWersja>2012-09-26T22:00:42+02:00</sln:gmIIPWersja><sln:gmIdTeryt>1805032</sln:gmIdTeryt><sln:gmNazwa>Dębowiec</sln:gmNazwa><sln:miejscIIPId>2cec0f72-a516-44bf-bf18-be5eb042e0e9</sln:miejscIIPId><sln:miejscIIPPn>PL.PZGIK.200</sln:miejscIIPPn><sln:miejscIIPWersja>2016-11-24T13:57:12+02:00</sln:miejscIIPWersja><sln:miejscIdTeryt>0348252</sln:miejscIdTeryt><sln:miejscNazwa>Mastejówka</sln:miejscNazwa><sln:miejscRodzaj>Inny obiekt</sln:miejscRodzaj><sln:powIIPId>44c38c19-27ce-4c07-9a4b-b77eaa3b9791</sln:powIIPId><sln:powIIPPn>PL.PZGIK.200</sln:powIIPPn><sln:powIIPWersja>2017-10-10T00:00:00+02:00</sln:powIIPWersja><sln:powIdTeryt>1805</sln:powIdTeryt><sln:powNazwa>jasielski</sln:powNazwa><sln:wojIIPId>833fe14b-fe8e-40c7-9e4e-fc27c938bb11</sln:wojIIPId><sln:wojIIPPn>PL.PZGIK.200</sln:wojIIPPn><sln:wojIIPWersja>2017-10-10T00:00:00+02:00</sln:wojIIPWersja><sln:wojIdTeryt>18</sln:wojIdTeryt><sln:wojNazwa>podkarpackie</sln:wojNazwa></sln:miejscowosc><sln:miejscowosc><sln:cyklZyciaOd>2014-12-07T00:00:00+01:00</sln:cyklZyciaOd><sln:gmIIPId>b01b7d9d-f584-4214-9268-9ec68191a2bb</sln:gmIIPId><sln:gmIIPPn>PL.PZGIK.200</sln:gmIIPPn><sln:gmIIPWersja>2012-09-26T22:00:42+02:00</sln:gmIIPWersja><sln:gmIdTeryt>1805032</sln:gmIdTeryt><sln:gmNazwa>Dębowiec</sln:gmNazwa><sln:miejscIIPId>4a5923a4-f68c-4467-bcce-c2b468a32513</sln:miejscIIPId><sln:miejscIIPPn>PL.PZGIK.200</sln:miejscIIPPn><sln:miejscIIPWersja>2016-11-24T13:52:30+02:00</sln:miejscIIPWersja><sln:miejscIdTeryt>0348170</sln:miejscIdTeryt><sln:miejscNazwa>Syzma</sln:miejscNazwa><sln:miejscRodzaj>Inny obiekt</sln:miejscRodzaj><sln:powIIPId>44c38c19-27ce-4c07-9a4b-b77eaa3b9791</sln:powIIPId><sln:powIIPPn>PL.PZGIK.200</sln:powIIPPn><sln:powIIPWersja>2017-10-10T00:00:00+02:00</sln:powIIPWersja><sln:powIdTeryt>1805</sln:powIdTeryt><sln:powNazwa>jasielski</sln:powNazwa><sln:wojIIPId>833fe14b-fe8e-40c7-9e4e-fc27c938bb11</sln:wojIIPId><sln:wojIIPPn>PL.PZGIK.200</sln:wojIIPPn><sln:wojIIPWersja>2017-10-10T00:00:00+02:00</sln:wojIIPWersja><sln:wojIdTeryt>18</sln:wojIdTeryt><sln:wojNazwa>podkarpackie</sln:wojNazwa></sln:miejscowosc><sln:miejscowosc><sln:cyklZyciaOd>2014-12-07T00:00:00+01:00</sln:cyklZyciaOd><sln:gmIIPId>b01b7d9d-f584-4214-9268-9ec68191a2bb</sln:gmIIPId><sln:gmIIPPn>PL.PZGIK.200</sln:gmIIPPn><sln:gmIIPWersja>2012-09-26T22:00:42+02:00</sln:gmIIPWersja><sln:gmIdTeryt>1805032</sln:gmIdTeryt><sln:gmNazwa>Dębowiec</sln:gmNazwa><sln:miejscIIPId>1a0b5a8c-bc86-42fa-97f9-801269381d68</sln:miejscIIPId><sln:miejscIIPPn>PL.PZGIK.200</sln:miejscIIPPn><sln:miejscIIPWersja>2016-11-24T13:29:35+02:00</sln:miejscIIPWersja><sln:miejscIdTeryt>0348312</sln:miejscIdTeryt><sln:miejscNazwa>Radość</sln:miejscNazwa><sln:miejscRodzaj>Wieś</sln:miejscRodzaj><sln:powIIPId>44c38c19-27ce-4c07-9a4b-b77eaa3b9791</sln:powIIPId><sln:powIIPPn>PL.PZGIK.200</sln:powIIPPn><sln:powIIPWersja>2017-10-10T00:00:00+02:00</sln:powIIPWersja><sln:powIdTeryt>1805</sln:powIdTeryt><sln:powNazwa>jasielski</sln:powNazwa><sln:wojIIPId>833fe14b-fe8e-40c7-9e4e-fc27c938bb11</sln:wojIIPId><sln:wojIIPPn>PL.PZGIK.200</sln:wojIIPPn><sln:wojIIPWersja>2017-10-10T00:00:00+02:00</sln:wojIIPWersja><sln:wojIdTeryt>18</sln:wojIdTeryt><sln:wojNazwa>podkarpackie</sln:wojNazwa></sln:miejscowosc><sln:miejscowosc><sln:cyklZyciaOd>2014-12-07T00:00:00+01:00</sln:cyklZyciaOd><sln:gmIIPId>b01b7d9d-f584-4214-9268-9ec68191a2bb</sln:gmIIPId><sln:gmIIPPn>PL.PZGIK.200</sln:gmIIPPn><sln:gmIIPWersja>2012-09-26T22:00:42+02:00</sln:gmIIPWersja><sln:gmIdTeryt>1805032</sln:gmIdTeryt><sln:gmNazwa>Dębowiec</sln:gmNazwa><sln:miejscIIPId>c5a57625-d423-45c5-b154-9b286255a38a</sln:miejscIIPId><sln:miejscIIPPn>PL.PZGIK.200</sln:miejscIIPPn><sln:miejscIIPWersja>2016-11-24T13:57:27+02:00</sln:miejscIIPWersja><sln:miejscIdTeryt>0348275</sln:miejscIdTeryt><sln:miejscNazwa>Podlas</sln:miejscNazwa><sln:miejscRodzaj>Inny obiekt</sln:miejscRodzaj><sln:powIIPId>44c38c19-27ce-4c07-9a4b-b77eaa3b9791</sln:powIIPId><sln:powIIPPn>PL.PZGIK.200</sln:powIIPPn><sln:powIIPWersja>2017-10-10T00:00:00+02:00</sln:powIIPWersja><sln:powIdTeryt>1805</sln:powIdTeryt><sln:powNazwa>jasielski</sln:powNazwa><sln:wojIIPId>833fe14b-fe8e-40c7-9e4e-fc27c938bb11</sln:wojIIPId><sln:wojIIPPn>PL.PZGIK.200</sln:wojIIPPn><sln:wojIIPWersja>2017-10-10T00:00:00+02:00</sln:wojIIPWersja><sln:wojIdTeryt>18</sln:wojIdTeryt><sln:wojNazwa>podkarpackie</sln:wojNazwa></sln:miejscowosc></sln:lista-miejscowosci>