<?xml version="1.0" encoding="UTF-8" standalone="yes"?><sln:lista-miejscowosci xmlns:srv="http://gugik.gov.pl/schemas/slowniki-service/1.0" xmlns:sln="http://gugik.gov.pl/schemas/slowniki-schema/1.0"><sln:miejscowosc><sln:cyklZyciaDo>2017-04-18T00:00:00+02:00</sln:cyklZyciaDo><sln:cyklZyciaOd>2015-12-07T00:00:00+01:00</sln:cyklZyciaOd><sln:gmIIPId>736057e1-5eca-47fe-b329-c6594f6e2db2</sln:gmIIPId><sln:gmIIPPn>PL.PZGIK.200</sln:gmIIPPn><sln:gmIIPWersja>2012-09-26T22:01:42+02:00</sln:gmIIPWersja><sln:gmIdTeryt>1813082</sln:gmIdTeryt><sln:gmNazwa>Przemyśl</sln:gmNazwa><sln:miejscIIPId>0c31c5f1-96d2-43af-888e-17f6b9069491</sln:miejscIIPId><sln:miejscIIPPn>PL.PZGIK.200</sln:miejscIIPPn><sln:miejscIIPWersja>2016-11-24T11:29:32+02:00</sln:miejscIIPWersja><sln:miejscIdTeryt>0608635</sln:miejscIdTeryt><sln:miejscNazwa>Bełwin</sln:miejscNazwa><sln:miejscRodzaj>Wieś</sln:miejscRodzaj><sln:powIIPId>f322275e-1c48-431f-889e-8bb0ccb46e81</sln:powIIPId><sln:powIIPPn>PL.PZGIK.200</sln:powIIPPn><sln:powIIPWersja>2012-09-27T08:01:01+02:00</sln:powIIPWersja><sln:powIdTeryt>1813</sln:powIdTeryt><sln:powNazwa>przemyski</sln:powNazwa><sln:waznyOd>2015-09-15T00:00:00+02:00</sln:waznyOd><sln:wojIIPId>833fe14b-fe8e-40c7-9e4e-fc27c938bb11</sln:wojIIPId><sln:wojIIPPn>PL.PZGIK.200</sln:wojIIPPn><sln:wojIIPWersja>2017-10-10T00:00:00+02:00</sln:wojIIPWersja><sln:wojIdTeryt>18</sln:wojIdTeryt><sln:wojNazwa>podkarpackie</sln:wojNazwa></sln:miejscowosc><sln:miejscowosc><sln:cyklZyciaDo>2017-04-18T00:00:00+02:00</sln:cyklZyciaDo><sln:cyklZyciaOd>2015-12-07T00:00:00+01:00</sln:cyklZyciaOd><sln:gmIIPId>736057e1-5eca-47fe-b329-c6594f6e2db2</sln:gmIIPId><sln:gmIIPPn>PL.PZGIK.200</sln:gmIIPPn><sln:gmIIPWersja>2012-09-26T22:01:42+02:00</sln:gmIIPWersja><sln:gmIdTeryt>1813082</sln:gmIdTeryt><sln:gmNazwa>Przemyśl</sln:gmNazwa><sln:miejscIIPId>611d3c61-e798-4435-a032-a98170ffe9db</sln:miejscIIPId><sln:miejscIIPPn>PL.PZGIK.200</sln:miejscIIPPn><sln:miejscIIPWersja>2016-11-24T11:29:32+02:00</sln:miejscIIPWersja><sln:miejscIdTeryt>0608658</sln:miejscIdTeryt><sln:miejscNazwa>Grochowce</sln:miejscNazwa><sln:miejscRodzaj>Wieś</sln:miejscRodzaj><sln:powIIPId>f322275e-1c48-431f-889e-8bb0ccb46e81</sln:powIIPId><sln:powIIPPn>PL.PZGIK.200</sln:powIIPPn><sln:powIIPWersja>2012-09-27T08:01:01+02:00</sln:powIIPWersja><sln:powIdTeryt>1813</sln:powIdTeryt><sln:powNazwa>przemyski</sln:powNazwa><sln:waznyOd>2015-09-15T00:00:00+02:00</sln:waznyOd><sln:wojIIPId>833fe14b-fe8e-40c7-9e4e-fc27c938bb11</sln:wojIIPId><sln:wojIIPPn>PL.PZGIK.200</sln:wojIIPPn><sln:wojIIPWersja>2017-10-10T00:00:00+02:00</sln:wojIIPWersja><sln:wojIdTeryt>18</sln:wojIdTeryt><sln:wojNazwa>podkarpackie</sln:wojNazwa></sln:miejscowosc><sln:miejscowosc><sln:cyklZyciaDo>2017-04-18T00:00:00+02:00</sln:cyklZyciaDo><sln:cyklZyciaOd>2015-12-07T00:00:00+01:00</sln:cyklZyciaOd><sln:gmIIPId>736057e1-5eca-47fe-b329-c6594f6e2db2</sln:gmIIPId><sln:gmIIPPn>PL.PZGIK.200</sln:gmIIPPn><sln:gmIIPWersja>2012-09-26T22:01:42+02:00</sln:gmIIPWersja><sln:gmIdTeryt>1813082</sln:gmIdTeryt><sln:gmNazwa>Przemyśl</sln:gmNazwa><sln:miejscIIPId>4b585b38-0538-444b-85d3-d1f12b90bcd0</sln:miejscIIPId><sln:miejscIIPPn>PL.PZGIK.200</sln:miejscIIPPn><sln:miejscIIPWersja>2016-11-24T11:29:32+02:00</sln:miejscIIPWersja><sln:miejscIdTeryt>0608670</sln:miejscIdTeryt><sln:miejscNazwa>Hermanowice</sln:miejscNazwa><sln:miejscRodzaj>Wieś</sln:miejscRodzaj><sln:powIIPId>f322275e-1c48-431f-889e-8bb0ccb46e81</sln:powIIPId><sln:powIIPPn>PL.PZGIK.200</sln:powIIPPn><sln:powIIPWersja>2012-09-27T08:01:01+02:00</sln:powIIPWersja><sln:powIdTeryt>1813</sln:powIdTeryt><sln:powNazwa>przemyski</sln:powNazwa><sln:waznyOd>2015-09-15T00:00:00+02:00</sln:waznyOd><sln:wojIIPId>833fe14b-fe8e-40c7-9e4e-fc27c938bb11</sln:wojIIPId><sln:wojIIPPn>PL.PZGIK.200</sln:wojIIPPn><sln:wojIIPWersja>2017-10-10T00:00:00+02:00</sln:wojIIPWersja><sln:wojIdTeryt>18</sln:wojIdTeryt><sln:wojNazwa>podkarpackie</sln:wojNazwa></sln:miejscowosc><sln:miejscowosc><sln:cyklZyciaDo>2017-04-18T00:00:00+02:00</sln:cyklZyciaDo><sln:cyklZyciaOd>2015-12-07T00:00:00+01:00</sln:cyklZyciaOd><sln:gmIIPId>736057e1-5eca-47fe-b329-c6594f6e2db2</sln:gmIIPId><sln:gmIIPPn>PL.PZGIK.200</sln:gmIIPPn><sln:gmIIPWersja>2012-09-26T22:01:42+02:00</sln:gmIIPWersja><sln:gmIdTeryt>1813082</sln:gmIdTeryt><sln:gmNazwa>Przemyśl</sln:gmNazwa><sln:miejscIIPId>74d9cf95-de52-4cc4-ba5d-cc5ab703e654</sln:miejscIIPId><sln:miejscIIPPn>PL.PZGIK.200</sln:miejscIIPPn><sln:miejscIIPWersja>2016-11-24T11:29:32+02:00</sln:miejscIIPWersja><sln:miejscIdTeryt>0608693</sln:miejscIdTeryt><sln:miejscNazwa>Krówniki</sln:miejscNazwa><sln:miejscRodzaj>Wieś</sln:miejscRodzaj><sln:powIIPId>f322275e-1c48-431f-889e-8bb0ccb46e81</sln:powIIPId><sln:powIIPPn>PL.PZGIK.200</sln:powIIPPn><sln:powIIPWersja>2012-09-27T08:01:01+02:00</sln:powIIPWersja><sln:powIdTeryt>1813</sln:powIdTeryt><sln:powNazwa>przemyski</sln:powNazwa><sln:waznyOd>2015-09-15T00:00:00+02:00</sln:waznyOd><sln:wojIIPId>833fe14b-fe8e-40c7-9e4e-fc27c938bb11</sln:wojIIPId><sln:wojIIPPn>PL.PZGIK.200</sln:wojIIPPn><sln:wojIIPWersja>2017-10-10T00:00:00+02:00</sln:wojIIPWersja><sln:wojIdTeryt>18</sln:wojIdTeryt><sln:wojNazwa>podkarpackie</sln:wojNazwa></sln:miejscowosc><sln:miejscowosc><sln:cyklZyciaDo>2017-04-18T00:00:00+02:00</sln:cyklZyciaDo><sln:cyklZyciaOd>2015-12-07T00:00:00+01:00</sln:cyklZyciaOd><sln:gmIIPId>736057e1-5eca-47fe-b329-c6594f6e2db2</sln:gmIIPId><sln:gmIIPPn>PL.PZGIK.200</sln:gmIIPPn><sln:gmIIPWersja>2012-09-26T22:01:42+02:00</sln:gmIIPWersja><sln:gmIdTeryt>1813082</sln:gmIdTeryt><sln:gmNazwa>Przemyśl</sln:gmNazwa><sln:miejscIIPId>75e0995b-1a9c-41ff-92a7-e263857fe593</sln:miejscIIPId><sln:miejscIIPPn>PL.PZGIK.200</sln:miejscIIPPn><sln:miejscIIPWersja>2016-11-24T11:29:32+02:00</sln:miejscIIPWersja><sln:miejscIdTeryt>0608718</sln:miejscIdTeryt><sln:miejscNazwa>Kuńkowce</sln:miejscNazwa><sln:miejscRodzaj>Wieś</sln:miejscRodzaj><sln:powIIPId>f322275e-1c48-431f-889e-8bb0ccb46e81</sln:powIIPId><sln:powIIPPn>PL.PZGIK.200</sln:powIIPPn><sln:powIIPWersja>2012-09-27T08:01:01+02:00</sln:powIIPWersja><sln:powIdTeryt>1813</sln:powIdTeryt><sln:powNazwa>przemyski</sln:powNazwa><sln:waznyOd>2015-09-15T00:00:00+02:00</sln:waznyOd><sln:wojIIPId>833fe14b-fe8e-40c7-9e4e-fc27c938bb11</sln:wojIIPId><sln:wojIIPPn>PL.PZGIK.200</sln:wojIIPPn><sln:wojIIPWersja>2017-10-10T00:00:00+02:00</sln:wojIIPWersja><sln:wojIdTeryt>18</sln:wojIdTeryt><sln:wojNazwa>podkarpackie</sln:wojNazwa></sln:miejscowosc><sln:miejscowosc><sln:cyklZyciaDo>2017-04-18T00:00:00+02:00</sln:cyklZyciaDo><sln:cyklZyciaOd>2015-12-07T00:00:00+01:00</sln:cyklZyciaOd><sln:gmIIPId>736057e1-5eca-47fe-b329-c6594f6e2db2</sln:gmIIPId><sln:gmIIPPn>PL.PZGIK.200</sln:gmIIPPn><sln:gmIIPWersja>2012-09-26T22:01:42+02:00</sln:gmIIPWersja><sln:gmIdTeryt>1813082</sln:gmIdTeryt><sln:gmNazwa>Przemyśl</sln:gmNazwa><sln:miejscIIPId>29c4c085-e6d9-4558-abfc-ff79b4fb9daf</sln:miejscIIPId><sln:miejscIIPPn>PL.PZGIK.200</sln:miejscIIPPn><sln:miejscIIPWersja>2016-11-24T11:29:32+02:00</sln:miejscIIPWersja><sln:miejscIdTeryt>0608747</sln:miejscIdTeryt><sln:miejscNazwa>Łętownia</sln:miejscNazwa><sln:miejscRodzaj>Wieś</sln:miejscRodzaj><sln:powIIPId>f322275e-1c48-431f-889e-8bb0ccb46e81</sln:powIIPId><sln:powIIPPn>PL.PZGIK.200</sln:powIIPPn><sln:powIIPWersja>2012-09-27T08:01:01+02:00</sln:powIIPWersja><sln:powIdTeryt>1813</sln:powIdTeryt><sln:powNazwa>przemyski</sln:powNazwa><sln:waznyOd>2015-09-15T00:00:00+02:00</sln:waznyOd><sln:wojIIPId>833fe14b-fe8e-40c7-9e4e-fc27c938bb11</sln:wojIIPId><sln:wojIIPPn>PL.PZGIK.200</sln:wojIIPPn><sln:wojIIPWersja>2017-10-10T00:00:00+02:00</sln:wojIIPWersja><sln:wojIdTeryt>18</sln:wojIdTeryt><sln:wojNazwa>podkarpackie</sln:wojNazwa></sln:miejscowosc><sln:miejscowosc><sln:cyklZyciaDo>2017-04-18T00:00:00+02:00</sln:cyklZyciaDo><sln:cyklZyciaOd>2015-12-07T00:00:00+01:00</sln:cyklZyciaOd><sln:gmIIPId>736057e1-5eca-47fe-b329-c6594f6e2db2</sln:gmIIPId><sln:gmIIPPn>PL.PZGIK.200</sln:gmIIPPn><sln:gmIIPWersja>2012-09-26T22:01:42+02:00</sln:gmIIPWersja><sln:gmIdTeryt>1813082</sln:gmIdTeryt><sln:gmNazwa>Przemyśl</sln:gmNazwa><sln:miejscIIPId>780bfc74-35a6-4d60-a282-5241e79b3e0c</sln:miejscIIPId><sln:miejscIIPPn>PL.PZGIK.200</sln:miejscIIPPn><sln:miejscIIPWersja>2016-11-24T11:29:32+02:00</sln:miejscIIPWersja><sln:miejscIdTeryt>0608760</sln:miejscIdTeryt><sln:miejscNazwa>Łuczyce</sln:miejscNazwa><sln:miejscRodzaj>Wieś</sln:miejscRodzaj><sln:powIIPId>f322275e-1c48-431f-889e-8bb0ccb46e81</sln:powIIPId><sln:powIIPPn>PL.PZGIK.200</sln:powIIPPn><sln:powIIPWersja>2012-09-27T08:01:01+02:00</sln:powIIPWersja><sln:powIdTeryt>1813</sln:powIdTeryt><sln:powNazwa>przemyski</sln:powNazwa><sln:waznyOd>2015-09-15T00:00:00+02:00</sln:waznyOd><sln:wojIIPId>833fe14b-fe8e-40c7-9e4e-fc27c938bb11</sln:wojIIPId><sln:wojIIPPn>PL.PZGIK.200</sln:wojIIPPn><sln:wojIIPWersja>2017-10-10T00:00:00+02:00</sln:wojIIPWersja><sln:wojIdTeryt>18</sln:wojIdTeryt><sln:wojNazwa>podkarpackie</sln:wojNazwa></sln:miejscowosc><sln:miejscowosc><sln:cyklZyciaDo>2017-04-18T00:00:00+02:00</sln:cyklZyciaDo><sln:cyklZyciaOd>2015-12-07T00:00:00+01:00</sln:cyklZyciaOd><sln:gmIIPId>736057e1-5eca-47fe-b329-c6594f6e2db2</sln:gmIIPId><sln:gmIIPPn>PL.PZGIK.200</sln:gmIIPPn><sln:gmIIPWersja>2012-09-26T22:01:42+02:00</sln:gmIIPWersja><sln:gmIdTeryt>1813082</sln:gmIdTeryt><sln:gmNazwa>Przemyśl</sln:gmNazwa><sln:miejscIIPId>e9f49c96-85c3-48d7-a1ed-4fb8ba48ab31</sln:miejscIIPId><sln:miejscIIPPn>PL.PZGIK.200</sln:miejscIIPPn><sln:miejscIIPWersja>2016-11-24T11:29:32+02:00</sln:miejscIIPWersja><sln:miejscIdTeryt>0608782</sln:miejscIdTeryt><sln:miejscNazwa>Malhowice</sln:miejscNazwa><sln:miejscRodzaj>Wieś</sln:miejscRodzaj><sln:powIIPId>f322275e-1c48-431f-889e-8bb0ccb46e81</sln:powIIPId><sln:powIIPPn>PL.PZGIK.200</sln:powIIPPn><sln:powIIPWersja>2012-09-27T08:01:01+02:00</sln:powIIPWersja><sln:powIdTeryt>1813</sln:powIdTeryt><sln:powNazwa>przemyski</sln:powNazwa><sln:waznyOd>2015-09-15T00:00:00+02:00</sln:waznyOd><sln:wojIIPId>833fe14b-fe8e-40c7-9e4e-fc27c938bb11</sln:wojIIPId><sln:wojIIPPn>PL.PZGIK.200</sln:wojIIPPn><sln:wojIIPWersja>2017-10-10T00:00:00+02:00</sln:wojIIPWersja><sln:wojIdTeryt>18</sln:wojIdTeryt><sln:wojNazwa>podkarpackie</sln:wojNazwa></sln:miejscowosc><sln:miejscowosc><sln:cyklZyciaDo>2017-04-18T00:00:00+02:00</sln:cyklZyciaDo><sln:cyklZyciaOd>2015-12-07T00:00:00+01:00</sln:cyklZyciaOd><sln:gmIIPId>736057e1-5eca-47fe-b329-c6594f6e2db2</sln:gmIIPId><sln:gmIIPPn>PL.PZGIK.200</sln:gmIIPPn><sln:gmIIPWersja>2012-09-26T22:01:42+02:00</sln:gmIIPWersja><sln:gmIdTeryt>1813082</sln:gmIdTeryt><sln:gmNazwa>Przemyśl</sln:gmNazwa><sln:miejscIIPId>fdabc3d7-0b01-4fe7-aea6-0e5a3a08e4ec</sln:miejscIIPId><sln:miejscIIPPn>PL.PZGIK.200</sln:miejscIIPPn><sln:miejscIIPWersja>2016-11-24T11:29:32+02:00</sln:miejscIIPWersja><sln:miejscIdTeryt>0608807</sln:miejscIdTeryt><sln:miejscNazwa>Nehrybka</sln:miejscNazwa><sln:miejscRodzaj>Wieś</sln:miejscRodzaj><sln:powIIPId>f322275e-1c48-431f-889e-8bb0ccb46e81</sln:powIIPId><sln:powIIPPn>PL.PZGIK.200</sln:powIIPPn><sln:powIIPWersja>2012-09-27T08:01:01+02:00</sln:powIIPWersja><sln:powIdTeryt>1813</sln:powIdTeryt><sln:powNazwa>przemyski</sln:powNazwa><sln:waznyOd>2015-09-15T00:00:00+02:00</sln:waznyOd><sln:wojIIPId>833fe14b-fe8e-40c7-9e4e-fc27c938bb11</sln:wojIIPId><sln:wojIIPPn>PL.PZGIK.200</sln:wojIIPPn><sln:wojIIPWersja>2017-10-10T00:00:00+02:00</sln:wojIIPWersja><sln:wojIdTeryt>18</sln:wojIdTeryt><sln:wojNazwa>podkarpackie</sln:wojNazwa></sln:miejscowosc><sln:miejscowosc><sln:cyklZyciaDo>2017-04-18T00:00:00+02:00</sln:cyklZyciaDo><sln:cyklZyciaOd>2015-12-07T00:00:00+01:00</sln:cyklZyciaOd><sln:gmIIPId>736057e1-5eca-47fe-b329-c6594f6e2db2</sln:gmIIPId><sln:gmIIPPn>PL.PZGIK.200</sln:gmIIPPn><sln:gmIIPWersja>2012-09-26T22:01:42+02:00</sln:gmIIPWersja><sln:gmIdTeryt>1813082</sln:gmIdTeryt><sln:gmNazwa>Przemyśl</sln:gmNazwa><sln:miejscIIPId>de237cbc-127d-4699-bd20-2feec6b4b262</sln:miejscIIPId><sln:miejscIIPPn>PL.PZGIK.200</sln:miejscIIPPn><sln:miejscIIPWersja>2016-11-24T11:29:32+02:00</sln:miejscIIPWersja><sln:miejscIdTeryt>0608813</sln:miejscIdTeryt><sln:miejscNazwa>Ostrów</sln:miejscNazwa><sln:miejscRodzaj>Wieś</sln:miejscRodzaj><sln:powIIPId>f322275e-1c48-431f-889e-8bb0ccb46e81</sln:powIIPId><sln:powIIPPn>PL.PZGIK.200</sln:powIIPPn><sln:powIIPWersja>2012-09-27T08:01:01+02:00</sln:powIIPWersja><sln:powIdTeryt>1813</sln:powIdTeryt><sln:powNazwa>przemyski</sln:powNazwa><sln:waznyOd>2015-09-15T00:00:00+02:00</sln:waznyOd><sln:wojIIPId>833fe14b-fe8e-40c7-9e4e-fc27c938bb11</sln:wojIIPId><sln:wojIIPPn>PL.PZGIK.200</sln:wojIIPPn><sln:wojIIPWersja>2017-10-10T00:00:00+02:00</sln:wojIIPWersja><sln:wojIdTeryt>18</sln:wojIdTeryt><sln:wojNazwa>podkarpackie</sln:wojNazwa></sln:miejscowosc><sln:miejscowosc><sln:cyklZyciaDo>2017-04-18T00:00:00+02:00</sln:cyklZyciaDo><sln:cyklZyciaOd>2015-12-07T00:00:00+01:00</sln:cyklZyciaOd><sln:gmIIPId>736057e1-5eca-47fe-b329-c6594f6e2db2</sln:gmIIPId><sln:gmIIPPn>PL.PZGIK.200</sln:gmIIPPn><sln:gmIIPWersja>2012-09-26T22:01:42+02:00</sln:gmIIPWersja><sln:gmIdTeryt>1813082</sln:gmIdTeryt><sln:gmNazwa>Przemyśl</sln:gmNazwa><sln:miejscIIPId>c4ea1edb-72e4-4e39-9d3d-79aca3be55f3</sln:miejscIIPId><sln:miejscIIPPn>PL.PZGIK.200</sln:miejscIIPPn><sln:miejscIIPWersja>2016-11-24T11:29:32+02:00</sln:miejscIIPWersja><sln:miejscIdTeryt>0608836</sln:miejscIdTeryt><sln:miejscNazwa>Pikulice</sln:miejscNazwa><sln:miejscRodzaj>Wieś</sln:miejscRodzaj><sln:powIIPId>f322275e-1c48-431f-889e-8bb0ccb46e81</sln:powIIPId><sln:powIIPPn>PL.PZGIK.200</sln:powIIPPn><sln:powIIPWersja>2012-09-27T08:01:01+02:00</sln:powIIPWersja><sln:powIdTeryt>1813</sln:powIdTeryt><sln:powNazwa>przemyski</sln:powNazwa><sln:waznyOd>2015-09-15T00:00:00+02:00</sln:waznyOd><sln:wojIIPId>833fe14b-fe8e-40c7-9e4e-fc27c938bb11</sln:wojIIPId><sln:wojIIPPn>PL.PZGIK.200</sln:wojIIPPn><sln:wojIIPWersja>2017-10-10T00:00:00+02:00</sln:wojIIPWersja><sln:wojIdTeryt>18</sln:wojIdTeryt><sln:wojNazwa>podkarpackie</sln:wojNazwa></sln:miejscowosc><sln:miejscowosc><sln:cyklZyciaDo>2017-04-18T00:00:00+02:00</sln:cyklZyciaDo><sln:cyklZyciaOd>2015-12-07T00:00:00+01:00</sln:cyklZyciaOd><sln:gmIIPId>736057e1-5eca-47fe-b329-c6594f6e2db2</sln:gmIIPId><sln:gmIIPPn>PL.PZGIK.200</sln:gmIIPPn><sln:gmIIPWersja>2012-09-26T22:01:42+02:00</sln:gmIIPWersja><sln:gmIdTeryt>1813082</sln:gmIdTeryt><sln:gmNazwa>Przemyśl</sln:gmNazwa><sln:miejscIIPId>806f2085-cc21-48e8-affc-8da3528dc49d</sln:miejscIIPId><sln:miejscIIPPn>PL.PZGIK.200</sln:miejscIIPPn><sln:miejscIIPWersja>2016-11-24T11:29:32+02:00</sln:miejscIIPWersja><sln:miejscIdTeryt>0608865</sln:miejscIdTeryt><sln:miejscNazwa>Rożubowice</sln:miejscNazwa><sln:miejscRodzaj>Wieś</sln:miejscRodzaj><sln:powIIPId>f322275e-1c48-431f-889e-8bb0ccb46e81</sln:powIIPId><sln:powIIPPn>PL.PZGIK.200</sln:powIIPPn><sln:powIIPWersja>2012-09-27T08:01:01+02:00</sln:powIIPWersja><sln:powIdTeryt>1813</sln:powIdTeryt><sln:powNazwa>przemyski</sln:powNazwa><sln:waznyOd>2015-09-15T00:00:00+02:00</sln:waznyOd><sln:wojIIPId>833fe14b-fe8e-40c7-9e4e-fc27c938bb11</sln:wojIIPId><sln:wojIIPPn>PL.PZGIK.200</sln:wojIIPPn><sln:wojIIPWersja>2017-10-10T00:00:00+02:00</sln:wojIIPWersja><sln:wojIdTeryt>18</sln:wojIdTeryt><sln:wojNazwa>podkarpackie</sln:wojNazwa></sln:miejscowosc><sln:miejscowosc><sln:cyklZyciaDo>2017-04-18T00:00:00+02:00</sln:cyklZyciaDo><sln:cyklZyciaOd>2015-12-07T00:00:00+01:00</sln:cyklZyciaOd><sln:gmIIPId>736057e1-5eca-47fe-b329-c6594f6e2db2</sln:gmIIPId><sln:gmIIPPn>PL.PZGIK.200</sln:gmIIPPn><sln:gmIIPWersja>2012-09-26T22:01:42+02:00</sln:gmIIPWersja><sln:gmIdTeryt>1813082</sln:gmIdTeryt><sln:gmNazwa>Przemyśl</sln:gmNazwa><sln:miejscIIPId>9cb37e46-b936-42dc-b3dd-777bf714b756</sln:miejscIIPId><sln:miejscIIPPn>PL.PZGIK.200</sln:miejscIIPPn><sln:miejscIIPWersja>2016-11-24T11:29:32+02:00</sln:miejscIIPWersja><sln:miejscIdTeryt>0608871</sln:miejscIdTeryt><sln:miejscNazwa>Stanisławczyk</sln:miejscNazwa><sln:miejscRodzaj>Wieś</sln:miejscRodzaj><sln:powIIPId>f322275e-1c48-431f-889e-8bb0ccb46e81</sln:powIIPId><sln:powIIPPn>PL.PZGIK.200</sln:powIIPPn><sln:powIIPWersja>2012-09-27T08:01:01+02:00</sln:powIIPWersja><sln:powIdTeryt>1813</sln:powIdTeryt><sln:powNazwa>przemyski</sln:powNazwa><sln:waznyOd>2015-09-15T00:00:00+02:00</sln:waznyOd><sln:wojIIPId>833fe14b-fe8e-40c7-9e4e-fc27c938bb11</sln:wojIIPId><sln:wojIIPPn>PL.PZGIK.200</sln:wojIIPPn><sln:wojIIPWersja>2017-10-10T00:00:00+02:00</sln:wojIIPWersja><sln:wojIdTeryt>18</sln:wojIdTeryt><sln:wojNazwa>podkarpackie</sln:wojNazwa></sln:miejscowosc><sln:miejscowosc><sln:cyklZyciaDo>2017-04-18T00:00:00+02:00</sln:cyklZyciaDo><sln:cyklZyciaOd>2015-12-07T00:00:00+01:00</sln:cyklZyciaOd><sln:gmIIPId>736057e1-5eca-47fe-b329-c6594f6e2db2</sln:gmIIPId><sln:gmIIPPn>PL.PZGIK.200</sln:gmIIPPn><sln:gmIIPWersja>2012-09-26T22:01:42+02:00</sln:gmIIPWersja><sln:gmIdTeryt>1813082</sln:gmIdTeryt><sln:gmNazwa>Przemyśl</sln:gmNazwa><sln:miejscIIPId>4af1ac07-d23e-4607-b8ec-92307d9d9e62</sln:miejscIIPId><sln:miejscIIPPn>PL.PZGIK.200</sln:miejscIIPPn><sln:miejscIIPWersja>2016-11-24T11:29:32+02:00</sln:miejscIIPWersja><sln:miejscIdTeryt>0608888</sln:miejscIdTeryt><sln:miejscNazwa>Ujkowice</sln:miejscNazwa><sln:miejscRodzaj>Wieś</sln:miejscRodzaj><sln:powIIPId>f322275e-1c48-431f-889e-8bb0ccb46e81</sln:powIIPId><sln:powIIPPn>PL.PZGIK.200</sln:powIIPPn><sln:powIIPWersja>2012-09-27T08:01:01+02:00</sln:powIIPWersja><sln:powIdTeryt>1813</sln:powIdTeryt><sln:powNazwa>przemyski</sln:powNazwa><sln:waznyOd>2015-09-15T00:00:00+02:00</sln:waznyOd><sln:wojIIPId>833fe14b-fe8e-40c7-9e4e-fc27c938bb11</sln:wojIIPId><sln:wojIIPPn>PL.PZGIK.200</sln:wojIIPPn><sln:wojIIPWersja>2017-10-10T00:00:00+02:00</sln:wojIIPWersja><sln:wojIdTeryt>18</sln:wojIdTeryt><sln:wojNazwa>podkarpackie</sln:wojNazwa></sln:miejscowosc><sln:miejscowosc><sln:cyklZyciaDo>2017-04-18T00:00:00+02:00</sln:cyklZyciaDo><sln:cyklZyciaOd>2015-12-07T00:00:00+01:00</sln:cyklZyciaOd><sln:gmIIPId>736057e1-5eca-47fe-b329-c6594f6e2db2</sln:gmIIPId><sln:gmIIPPn>PL.PZGIK.200</sln:gmIIPPn><sln:gmIIPWersja>2012-09-26T22:01:42+02:00</sln:gmIIPWersja><sln:gmIdTeryt>1813082</sln:gmIdTeryt><sln:gmNazwa>Przemyśl</sln:gmNazwa><sln:miejscIIPId>4cc6a056-3ecd-42e5-99b1-f3887f930776</sln:miejscIIPId><sln:miejscIIPPn>PL.PZGIK.200</sln:miejscIIPPn><sln:miejscIIPWersja>2016-11-24T11:29:32+02:00</sln:miejscIIPWersja><sln:miejscIdTeryt>0608925</sln:miejscIdTeryt><sln:miejscNazwa>Wapowce</sln:miejscNazwa><sln:miejscRodzaj>Wieś</sln:miejscRodzaj><sln:powIIPId>f322275e-1c48-431f-889e-8bb0ccb46e81</sln:powIIPId><sln:powIIPPn>PL.PZGIK.200</sln:powIIPPn><sln:powIIPWersja>2012-09-27T08:01:01+02:00</sln:powIIPWersja><sln:powIdTeryt>1813</sln:powIdTeryt><sln:powNazwa>przemyski</sln:powNazwa><sln:waznyOd>2015-09-15T00:00:00+02:00</sln:waznyOd><sln:wojIIPId>833fe14b-fe8e-40c7-9e4e-fc27c938bb11</sln:wojIIPId><sln:wojIIPPn>PL.PZGIK.200</sln:wojIIPPn><sln:wojIIPWersja>2017-10-10T00:00:00+02:00</sln:wojIIPWersja><sln:wojIdTeryt>18</sln:wojIdTeryt><sln:wojNazwa>podkarpackie</sln:wojNazwa></sln:miejscowosc><sln:miejscowosc><sln:cyklZyciaDo>2017-04-18T00:00:00+02:00</sln:cyklZyciaDo><sln:cyklZyciaOd>2015-12-07T00:00:00+01:00</sln:cyklZyciaOd><sln:gmIIPId>736057e1-5eca-47fe-b329-c6594f6e2db2</sln:gmIIPId><sln:gmIIPPn>PL.PZGIK.200</sln:gmIIPPn><sln:gmIIPWersja>2012-09-26T22:01:42+02:00</sln:gmIIPWersja><sln:gmIdTeryt>1813082</sln:gmIdTeryt><sln:gmNazwa>Przemyśl</sln:gmNazwa><sln:miejscIIPId>a28aa92f-fa55-4437-8bc5-8fd25c933483</sln:miejscIIPId><sln:miejscIIPPn>PL.PZGIK.200</sln:miejscIIPPn><sln:miejscIIPWersja>2016-11-24T11:29:32+02:00</sln:miejscIIPWersja><sln:miejscIdTeryt>0608931</sln:miejscIdTeryt><sln:miejscNazwa>Witoszyńce</sln:miejscNazwa><sln:miejscRodzaj>Wieś</sln:miejscRodzaj><sln:powIIPId>f322275e-1c48-431f-889e-8bb0ccb46e81</sln:powIIPId><sln:powIIPPn>PL.PZGIK.200</sln:powIIPPn><sln:powIIPWersja>2012-09-27T08:01:01+02:00</sln:powIIPWersja><sln:powIdTeryt>1813</sln:powIdTeryt><sln:powNazwa>przemyski</sln:powNazwa><sln:waznyOd>2015-09-15T00:00:00+02:00</sln:waznyOd><sln:wojIIPId>833fe14b-fe8e-40c7-9e4e-fc27c938bb11</sln:wojIIPId><sln:wojIIPPn>PL.PZGIK.200</sln:wojIIPPn><sln:wojIIPWersja>2017-10-10T00:00:00+02:00</sln:wojIIPWersja><sln:wojIdTeryt>18</sln:wojIdTeryt><sln:wojNazwa>podkarpackie</sln:wojNazwa></sln:miejscowosc><sln:miejscowosc><sln:cyklZyciaOd>2017-04-18T00:00:00+02:00</sln:cyklZyciaOd><sln:gmIIPId>736057e1-5eca-47fe-b329-c6594f6e2db2</sln:gmIIPId><sln:gmIIPPn>PL.PZGIK.200</sln:gmIIPPn><sln:gmIIPWersja>2012-09-26T22:01:42+02:00</sln:gmIIPWersja><sln:gmIdTeryt>1813082</sln:gmIdTeryt><sln:gmNazwa>Przemyśl</sln:gmNazwa><sln:miejscIIPId>0c31c5f1-96d2-43af-888e-17f6b9069491</sln:miejscIIPId><sln:miejscIIPPn>PL.PZGIK.200</sln:miejscIIPPn><sln:miejscIIPWersja>2017-04-18T12:38:49+02:00</sln:miejscIIPWersja><sln:miejscIdTeryt>0608635</sln:miejscIdTeryt><sln:miejscNazwa>Bełwin</sln:miejscNazwa><sln:miejscRodzaj>Wieś</sln:miejscRodzaj><sln:powIIPId>f322275e-1c48-431f-889e-8bb0ccb46e81</sln:powIIPId><sln:powIIPPn>PL.PZGIK.200</sln:powIIPPn><sln:powIIPWersja>2012-09-27T08:01:01+02:00</sln:powIIPWersja><sln:powIdTeryt>1813</sln:powIdTeryt><sln:powNazwa>przemyski</sln:powNazwa><sln:waznyOd>2015-09-15T00:00:00+02:00</sln:waznyOd><sln:wojIIPId>833fe14b-fe8e-40c7-9e4e-fc27c938bb11</sln:wojIIPId><sln:wojIIPPn>PL.PZGIK.200</sln:wojIIPPn><sln:wojIIPWersja>2017-10-10T00:00:00+02:00</sln:wojIIPWersja><sln:wojIdTeryt>18</sln:wojIdTeryt><sln:wojNazwa>podkarpackie</sln:wojNazwa></sln:miejscowosc><sln:miejscowosc><sln:cyklZyciaOd>2017-04-18T00:00:00+02:00</sln:cyklZyciaOd><sln:gmIIPId>736057e1-5eca-47fe-b329-c6594f6e2db2</sln:gmIIPId><sln:gmIIPPn>PL.PZGIK.200</sln:gmIIPPn><sln:gmIIPWersja>2012-09-26T22:01:42+02:00</sln:gmIIPWersja><sln:gmIdTeryt>1813082</sln:gmIdTeryt><sln:gmNazwa>Przemyśl</sln:gmNazwa><sln:miejscIIPId>611d3c61-e798-4435-a032-a98170ffe9db</sln:miejscIIPId><sln:miejscIIPPn>PL.PZGIK.200</sln:miejscIIPPn><sln:miejscIIPWersja>2017-04-18T12:38:57+02:00</sln:miejscIIPWersja><sln:miejscIdTeryt>0608658</sln:miejscIdTeryt><sln:miejscNazwa>Grochowce</sln:miejscNazwa><sln:miejscRodzaj>Wieś</sln:miejscRodzaj><sln:powIIPId>f322275e-1c48-431f-889e-8bb0ccb46e81</sln:powIIPId><sln:powIIPPn>PL.PZGIK.200</sln:powIIPPn><sln:powIIPWersja>2012-09-27T08:01:01+02:00</sln:powIIPWersja><sln:powIdTeryt>1813</sln:powIdTeryt><sln:powNazwa>przemyski</sln:powNazwa><sln:waznyOd>2015-09-15T00:00:00+02:00</sln:waznyOd><sln:wojIIPId>833fe14b-fe8e-40c7-9e4e-fc27c938bb11</sln:wojIIPId><sln:wojIIPPn>PL.PZGIK.200</sln:wojIIPPn><sln:wojIIPWersja>2017-10-10T00:00:00+02:00</sln:wojIIPWersja><sln:wojIdTeryt>18</sln:wojIdTeryt><sln:wojNazwa>podkarpackie</sln:wojNazwa></sln:miejscowosc><sln:miejscowosc><sln:cyklZyciaOd>2017-04-18T00:00:00+02:00</sln:cyklZyciaOd><sln:gmIIPId>736057e1-5eca-47fe-b329-c6594f6e2db2</sln:gmIIPId><sln:gmIIPPn>PL.PZGIK.200</sln:gmIIPPn><sln:gmIIPWersja>2012-09-26T22:01:42+02:00</sln:gmIIPWersja><sln:gmIdTeryt>1813082</sln:gmIdTeryt><sln:gmNazwa>Przemyśl</sln:gmNazwa><sln:miejscIIPId>4b585b38-0538-444b-85d3-d1f12b90bcd0</sln:miejscIIPId><sln:miejscIIPPn>PL.PZGIK.200</sln:miejscIIPPn><sln:miejscIIPWersja>2017-04-18T12:38:57+02:00</sln:miejscIIPWersja><sln:miejscIdTeryt>0608670</sln:miejscIdTeryt><sln:miejscNazwa>Hermanowice</sln:miejscNazwa><sln:miejscRodzaj>Wieś</sln:miejscRodzaj><sln:powIIPId>f322275e-1c48-431f-889e-8bb0ccb46e81</sln:powIIPId><sln:powIIPPn>PL.PZGIK.200</sln:powIIPPn><sln:powIIPWersja>2012-09-27T08:01:01+02:00</sln:powIIPWersja><sln:powIdTeryt>1813</sln:powIdTeryt><sln:powNazwa>przemyski</sln:powNazwa><sln:waznyOd>2015-09-15T00:00:00+02:00</sln:waznyOd><sln:wojIIPId>833fe14b-fe8e-40c7-9e4e-fc27c938bb11</sln:wojIIPId><sln:wojIIPPn>PL.PZGIK.200</sln:wojIIPPn><sln:wojIIPWersja>2017-10-10T00:00:00+02:00</sln:wojIIPWersja><sln:wojIdTeryt>18</sln:wojIdTeryt><sln:wojNazwa>podkarpackie</sln:wojNazwa></sln:miejscowosc><sln:miejscowosc><sln:cyklZyciaOd>2017-04-18T00:00:00+02:00</sln:cyklZyciaOd><sln:gmIIPId>736057e1-5eca-47fe-b329-c6594f6e2db2</sln:gmIIPId><sln:gmIIPPn>PL.PZGIK.200</sln:gmIIPPn><sln:gmIIPWersja>2012-09-26T22:01:42+02:00</sln:gmIIPWersja><sln:gmIdTeryt>1813082</sln:gmIdTeryt><sln:gmNazwa>Przemyśl</sln:gmNazwa><sln:miejscIIPId>74d9cf95-de52-4cc4-ba5d-cc5ab703e654</sln:miejscIIPId><sln:miejscIIPPn>PL.PZGIK.200</sln:miejscIIPPn><sln:miejscIIPWersja>2017-04-18T12:38:57+02:00</sln:miejscIIPWersja><sln:miejscIdTeryt>0608693</sln:miejscIdTeryt><sln:miejscNazwa>Krówniki</sln:miejscNazwa><sln:miejscRodzaj>Wieś</sln:miejscRodzaj><sln:powIIPId>f322275e-1c48-431f-889e-8bb0ccb46e81</sln:powIIPId><sln:powIIPPn>PL.PZGIK.200</sln:powIIPPn><sln:powIIPWersja>2012-09-27T08:01:01+02:00</sln:powIIPWersja><sln:powIdTeryt>1813</sln:powIdTeryt><sln:powNazwa>przemyski</sln:powNazwa><sln:waznyOd>2015-09-15T00:00:00+02:00</sln:waznyOd><sln:wojIIPId>833fe14b-fe8e-40c7-9e4e-fc27c938bb11</sln:wojIIPId><sln:wojIIPPn>PL.PZGIK.200</sln:wojIIPPn><sln:wojIIPWersja>2017-10-10T00:00:00+02:00</sln:wojIIPWersja><sln:wojIdTeryt>18</sln:wojIdTeryt><sln:wojNazwa>podkarpackie</sln:wojNazwa></sln:miejscowosc><sln:miejscowosc><sln:cyklZyciaOd>2017-04-18T00:00:00+02:00</sln:cyklZyciaOd><sln:gmIIPId>736057e1-5eca-47fe-b329-c6594f6e2db2</sln:gmIIPId><sln:gmIIPPn>PL.PZGIK.200</sln:gmIIPPn><sln:gmIIPWersja>2012-09-26T22:01:42+02:00</sln:gmIIPWersja><sln:gmIdTeryt>1813082</sln:gmIdTeryt><sln:gmNazwa>Przemyśl</sln:gmNazwa><sln:miejscIIPId>75e0995b-1a9c-41ff-92a7-e263857fe593</sln:miejscIIPId><sln:miejscIIPPn>PL.PZGIK.200</sln:miejscIIPPn><sln:miejscIIPWersja>2017-04-18T12:38:57+02:00</sln:miejscIIPWersja><sln:miejscIdTeryt>0608718</sln:miejscIdTeryt><sln:miejscNazwa>Kuńkowce</sln:miejscNazwa><sln:miejscRodzaj>Wieś</sln:miejscRodzaj><sln:powIIPId>f322275e-1c48-431f-889e-8bb0ccb46e81</sln:powIIPId><sln:powIIPPn>PL.PZGIK.200</sln:powIIPPn><sln:powIIPWersja>2012-09-27T08:01:01+02:00</sln:powIIPWersja><sln:powIdTeryt>1813</sln:powIdTeryt><sln:powNazwa>przemyski</sln:powNazwa><sln:waznyOd>2015-09-15T00:00:00+02:00</sln:waznyOd><sln:wojIIPId>833fe14b-fe8e-40c7-9e4e-fc27c938bb11</sln:wojIIPId><sln:wojIIPPn>PL.PZGIK.200</sln:wojIIPPn><sln:wojIIPWersja>2017-10-10T00:00:00+02:00</sln:wojIIPWersja><sln:wojIdTeryt>18</sln:wojIdTeryt><sln:wojNazwa>podkarpackie</sln:wojNazwa></sln:miejscowosc><sln:miejscowosc><sln:cyklZyciaOd>2017-04-18T00:00:00+02:00</sln:cyklZyciaOd><sln:gmIIPId>736057e1-5eca-47fe-b329-c6594f6e2db2</sln:gmIIPId><sln:gmIIPPn>PL.PZGIK.200</sln:gmIIPPn><sln:gmIIPWersja>2012-09-26T22:01:42+02:00</sln:gmIIPWersja><sln:gmIdTeryt>1813082</sln:gmIdTeryt><sln:gmNazwa>Przemyśl</sln:gmNazwa><sln:miejscIIPId>29c4c085-e6d9-4558-abfc-ff79b4fb9daf</sln:miejscIIPId><sln:miejscIIPPn>PL.PZGIK.200</sln:miejscIIPPn><sln:miejscIIPWersja>2017-04-18T12:38:58+02:00</sln:miejscIIPWersja><sln:miejscIdTeryt>0608747</sln:miejscIdTeryt><sln:miejscNazwa>Łętownia</sln:miejscNazwa><sln:miejscRodzaj>Wieś</sln:miejscRodzaj><sln:powIIPId>f322275e-1c48-431f-889e-8bb0ccb46e81</sln:powIIPId><sln:powIIPPn>PL.PZGIK.200</sln:powIIPPn><sln:powIIPWersja>2012-09-27T08:01:01+02:00</sln:powIIPWersja><sln:powIdTeryt>1813</sln:powIdTeryt><sln:powNazwa>przemyski</sln:powNazwa><sln:waznyOd>2015-09-15T00:00:00+02:00</sln:waznyOd><sln:wojIIPId>833fe14b-fe8e-40c7-9e4e-fc27c938bb11</sln:wojIIPId><sln:wojIIPPn>PL.PZGIK.200</sln:wojIIPPn><sln:wojIIPWersja>2017-10-10T00:00:00+02:00</sln:wojIIPWersja><sln:wojIdTeryt>18</sln:wojIdTeryt><sln:wojNazwa>podkarpackie</sln:wojNazwa></sln:miejscowosc><sln:miejscowosc><sln:cyklZyciaOd>2017-04-18T00:00:00+02:00</sln:cyklZyciaOd><sln:gmIIPId>736057e1-5eca-47fe-b329-c6594f6e2db2</sln:gmIIPId><sln:gmIIPPn>PL.PZGIK.200</sln:gmIIPPn><sln:gmIIPWersja>2012-09-26T22:01:42+02:00</sln:gmIIPWersja><sln:gmIdTeryt>1813082</sln:gmIdTeryt><sln:gmNazwa>Przemyśl</sln:gmNazwa><sln:miejscIIPId>780bfc74-35a6-4d60-a282-5241e79b3e0c</sln:miejscIIPId><sln:miejscIIPPn>PL.PZGIK.200</sln:miejscIIPPn><sln:miejscIIPWersja>2017-04-18T12:38:58+02:00</sln:miejscIIPWersja><sln:miejscIdTeryt>0608760</sln:miejscIdTeryt><sln:miejscNazwa>Łuczyce</sln:miejscNazwa><sln:miejscRodzaj>Wieś</sln:miejscRodzaj><sln:powIIPId>f322275e-1c48-431f-889e-8bb0ccb46e81</sln:powIIPId><sln:powIIPPn>PL.PZGIK.200</sln:powIIPPn><sln:powIIPWersja>2012-09-27T08:01:01+02:00</sln:powIIPWersja><sln:powIdTeryt>1813</sln:powIdTeryt><sln:powNazwa>przemyski</sln:powNazwa><sln:waznyOd>2015-09-15T00:00:00+02:00</sln:waznyOd><sln:wojIIPId>833fe14b-fe8e-40c7-9e4e-fc27c938bb11</sln:wojIIPId><sln:wojIIPPn>PL.PZGIK.200</sln:wojIIPPn><sln:wojIIPWersja>2017-10-10T00:00:00+02:00</sln:wojIIPWersja><sln:wojIdTeryt>18</sln:wojIdTeryt><sln:wojNazwa>podkarpackie</sln:wojNazwa></sln:miejscowosc><sln:miejscowosc><sln:cyklZyciaOd>2017-04-18T00:00:00+02:00</sln:cyklZyciaOd><sln:gmIIPId>736057e1-5eca-47fe-b329-c6594f6e2db2</sln:gmIIPId><sln:gmIIPPn>PL.PZGIK.200</sln:gmIIPPn><sln:gmIIPWersja>2012-09-26T22:01:42+02:00</sln:gmIIPWersja><sln:gmIdTeryt>1813082</sln:gmIdTeryt><sln:gmNazwa>Przemyśl</sln:gmNazwa><sln:miejscIIPId>e9f49c96-85c3-48d7-a1ed-4fb8ba48ab31</sln:miejscIIPId><sln:miejscIIPPn>PL.PZGIK.200</sln:miejscIIPPn><sln:miejscIIPWersja>2017-04-18T12:38:58+02:00</sln:miejscIIPWersja><sln:miejscIdTeryt>0608782</sln:miejscIdTeryt><sln:miejscNazwa>Malhowice</sln:miejscNazwa><sln:miejscRodzaj>Wieś</sln:miejscRodzaj><sln:powIIPId>f322275e-1c48-431f-889e-8bb0ccb46e81</sln:powIIPId><sln:powIIPPn>PL.PZGIK.200</sln:powIIPPn><sln:powIIPWersja>2012-09-27T08:01:01+02:00</sln:powIIPWersja><sln:powIdTeryt>1813</sln:powIdTeryt><sln:powNazwa>przemyski</sln:powNazwa><sln:waznyOd>2015-09-15T00:00:00+02:00</sln:waznyOd><sln:wojIIPId>833fe14b-fe8e-40c7-9e4e-fc27c938bb11</sln:wojIIPId><sln:wojIIPPn>PL.PZGIK.200</sln:wojIIPPn><sln:wojIIPWersja>2017-10-10T00:00:00+02:00</sln:wojIIPWersja><sln:wojIdTeryt>18</sln:wojIdTeryt><sln:wojNazwa>podkarpackie</sln:wojNazwa></sln:miejscowosc><sln:miejscowosc><sln:cyklZyciaOd>2017-04-18T00:00:00+02:00</sln:cyklZyciaOd><sln:gmIIPId>736057e1-5eca-47fe-b329-c6594f6e2db2</sln:gmIIPId><sln:gmIIPPn>PL.PZGIK.200</sln:gmIIPPn><sln:gmIIPWersja>2012-09-26T22:01:42+02:00</sln:gmIIPWersja><sln:gmIdTeryt>1813082</sln:gmIdTeryt><sln:gmNazwa>Przemyśl</sln:gmNazwa><sln:miejscIIPId>fdabc3d7-0b01-4fe7-aea6-0e5a3a08e4ec</sln:miejscIIPId><sln:miejscIIPPn>PL.PZGIK.200</sln:miejscIIPPn><sln:miejscIIPWersja>2017-04-18T12:38:58+02:00</sln:miejscIIPWersja><sln:miejscIdTeryt>0608807</sln:miejscIdTeryt><sln:miejscNazwa>Nehrybka</sln:miejscNazwa><sln:miejscRodzaj>Wieś</sln:miejscRodzaj><sln:powIIPId>f322275e-1c48-431f-889e-8bb0ccb46e81</sln:powIIPId><sln:powIIPPn>PL.PZGIK.200</sln:powIIPPn><sln:powIIPWersja>2012-09-27T08:01:01+02:00</sln:powIIPWersja><sln:powIdTeryt>1813</sln:powIdTeryt><sln:powNazwa>przemyski</sln:powNazwa><sln:waznyOd>2015-09-15T00:00:00+02:00</sln:waznyOd><sln:wojIIPId>833fe14b-fe8e-40c7-9e4e-fc27c938bb11</sln:wojIIPId><sln:wojIIPPn>PL.PZGIK.200</sln:wojIIPPn><sln:wojIIPWersja>2017-10-10T00:00:00+02:00</sln:wojIIPWersja><sln:wojIdTeryt>18</sln:wojIdTeryt><sln:wojNazwa>podkarpackie</sln:wojNazwa></sln:miejscowosc><sln:miejscowosc><sln:cyklZyciaOd>2017-04-18T00:00:00+02:00</sln:cyklZyciaOd><sln:gmIIPId>736057e1-5eca-47fe-b329-c6594f6e2db2</sln:gmIIPId><sln:gmIIPPn>PL.PZGIK.200</sln:gmIIPPn><sln:gmIIPWersja>2012-09-26T22:01:42+02:00</sln:gmIIPWersja><sln:gmIdTeryt>1813082</sln:gmIdTeryt><sln:gmNazwa>Przemyśl</sln:gmNazwa><sln:miejscIIPId>de237cbc-127d-4699-bd20-2feec6b4b262</sln:miejscIIPId><sln:miejscIIPPn>PL.PZGIK.200</sln:miejscIIPPn><sln:miejscIIPWersja>2017-04-18T12:38:58+02:00</sln:miejscIIPWersja><sln:miejscIdTeryt>0608813</sln:miejscIdTeryt><sln:miejscNazwa>Ostrów</sln:miejscNazwa><sln:miejscRodzaj>Wieś</sln:miejscRodzaj><sln:powIIPId>f322275e-1c48-431f-889e-8bb0ccb46e81</sln:powIIPId><sln:powIIPPn>PL.PZGIK.200</sln:powIIPPn><sln:powIIPWersja>2012-09-27T08:01:01+02:00</sln:powIIPWersja><sln:powIdTeryt>1813</sln:powIdTeryt><sln:powNazwa>przemyski</sln:powNazwa><sln:waznyOd>2015-09-15T00:00:00+02:00</sln:waznyOd><sln:wojIIPId>833fe14b-fe8e-40c7-9e4e-fc27c938bb11</sln:wojIIPId><sln:wojIIPPn>PL.PZGIK.200</sln:wojIIPPn><sln:wojIIPWersja>2017-10-10T00:00:00+02:00</sln:wojIIPWersja><sln:wojIdTeryt>18</sln:wojIdTeryt><sln:wojNazwa>podkarpackie</sln:wojNazwa></sln:miejscowosc><sln:miejscowosc><sln:cyklZyciaOd>2017-04-18T00:00:00+02:00</sln:cyklZyciaOd><sln:gmIIPId>736057e1-5eca-47fe-b329-c6594f6e2db2</sln:gmIIPId><sln:gmIIPPn>PL.PZGIK.200</sln:gmIIPPn><sln:gmIIPWersja>2012-09-26T22:01:42+02:00</sln:gmIIPWersja><sln:gmIdTeryt>1813082</sln:gmIdTeryt><sln:gmNazwa>Przemyśl</sln:gmNazwa><sln:miejscIIPId>c4ea1edb-72e4-4e39-9d3d-79aca3be55f3</sln:miejscIIPId><sln:miejscIIPPn>PL.PZGIK.200</sln:miejscIIPPn><sln:miejscIIPWersja>2017-04-18T12:38:58+02:00</sln:miejscIIPWersja><sln:miejscIdTeryt>0608836</sln:miejscIdTeryt><sln:miejscNazwa>Pikulice</sln:miejscNazwa><sln:miejscRodzaj>Wieś</sln:miejscRodzaj><sln:powIIPId>f322275e-1c48-431f-889e-8bb0ccb46e81</sln:powIIPId><sln:powIIPPn>PL.PZGIK.200</sln:powIIPPn><sln:powIIPWersja>2012-09-27T08:01:01+02:00</sln:powIIPWersja><sln:powIdTeryt>1813</sln:powIdTeryt><sln:powNazwa>przemyski</sln:powNazwa><sln:waznyOd>2015-09-15T00:00:00+02:00</sln:waznyOd><sln:wojIIPId>833fe14b-fe8e-40c7-9e4e-fc27c938bb11</sln:wojIIPId><sln:wojIIPPn>PL.PZGIK.200</sln:wojIIPPn><sln:wojIIPWersja>2017-10-10T00:00:00+02:00</sln:wojIIPWersja><sln:wojIdTeryt>18</sln:wojIdTeryt><sln:wojNazwa>podkarpackie</sln:wojNazwa></sln:miejscowosc><sln:miejscowosc><sln:cyklZyciaOd>2017-04-18T00:00:00+02:00</sln:cyklZyciaOd><sln:gmIIPId>736057e1-5eca-47fe-b329-c6594f6e2db2</sln:gmIIPId><sln:gmIIPPn>PL.PZGIK.200</sln:gmIIPPn><sln:gmIIPWersja>2012-09-26T22:01:42+02:00</sln:gmIIPWersja><sln:gmIdTeryt>1813082</sln:gmIdTeryt><sln:gmNazwa>Przemyśl</sln:gmNazwa><sln:miejscIIPId>806f2085-cc21-48e8-affc-8da3528dc49d</sln:miejscIIPId><sln:miejscIIPPn>PL.PZGIK.200</sln:miejscIIPPn><sln:miejscIIPWersja>2017-04-18T12:38:58+02:00</sln:miejscIIPWersja><sln:miejscIdTeryt>0608865</sln:miejscIdTeryt><sln:miejscNazwa>Rożubowice</sln:miejscNazwa><sln:miejscRodzaj>Wieś</sln:miejscRodzaj><sln:powIIPId>f322275e-1c48-431f-889e-8bb0ccb46e81</sln:powIIPId><sln:powIIPPn>PL.PZGIK.200</sln:powIIPPn><sln:powIIPWersja>2012-09-27T08:01:01+02:00</sln:powIIPWersja><sln:powIdTeryt>1813</sln:powIdTeryt><sln:powNazwa>przemyski</sln:powNazwa><sln:waznyOd>2015-09-15T00:00:00+02:00</sln:waznyOd><sln:wojIIPId>833fe14b-fe8e-40c7-9e4e-fc27c938bb11</sln:wojIIPId><sln:wojIIPPn>PL.PZGIK.200</sln:wojIIPPn><sln:wojIIPWersja>2017-10-10T00:00:00+02:00</sln:wojIIPWersja><sln:wojIdTeryt>18</sln:wojIdTeryt><sln:wojNazwa>podkarpackie</sln:wojNazwa></sln:miejscowosc><sln:miejscowosc><sln:cyklZyciaOd>2017-04-18T00:00:00+02:00</sln:cyklZyciaOd><sln:gmIIPId>736057e1-5eca-47fe-b329-c6594f6e2db2</sln:gmIIPId><sln:gmIIPPn>PL.PZGIK.200</sln:gmIIPPn><sln:gmIIPWersja>2012-09-26T22:01:42+02:00</sln:gmIIPWersja><sln:gmIdTeryt>1813082</sln:gmIdTeryt><sln:gmNazwa>Przemyśl</sln:gmNazwa><sln:miejscIIPId>9cb37e46-b936-42dc-b3dd-777bf714b756</sln:miejscIIPId><sln:miejscIIPPn>PL.PZGIK.200</sln:miejscIIPPn><sln:miejscIIPWersja>2017-04-18T12:38:58+02:00</sln:miejscIIPWersja><sln:miejscIdTeryt>0608871</sln:miejscIdTeryt><sln:miejscNazwa>Stanisławczyk</sln:miejscNazwa><sln:miejscRodzaj>Wieś</sln:miejscRodzaj><sln:powIIPId>f322275e-1c48-431f-889e-8bb0ccb46e81</sln:powIIPId><sln:powIIPPn>PL.PZGIK.200</sln:powIIPPn><sln:powIIPWersja>2012-09-27T08:01:01+02:00</sln:powIIPWersja><sln:powIdTeryt>1813</sln:powIdTeryt><sln:powNazwa>przemyski</sln:powNazwa><sln:waznyOd>2015-09-15T00:00:00+02:00</sln:waznyOd><sln:wojIIPId>833fe14b-fe8e-40c7-9e4e-fc27c938bb11</sln:wojIIPId><sln:wojIIPPn>PL.PZGIK.200</sln:wojIIPPn><sln:wojIIPWersja>2017-10-10T00:00:00+02:00</sln:wojIIPWersja><sln:wojIdTeryt>18</sln:wojIdTeryt><sln:wojNazwa>podkarpackie</sln:wojNazwa></sln:miejscowosc><sln:miejscowosc><sln:cyklZyciaOd>2017-04-18T00:00:00+02:00</sln:cyklZyciaOd><sln:gmIIPId>736057e1-5eca-47fe-b329-c6594f6e2db2</sln:gmIIPId><sln:gmIIPPn>PL.PZGIK.200</sln:gmIIPPn><sln:gmIIPWersja>2012-09-26T22:01:42+02:00</sln:gmIIPWersja><sln:gmIdTeryt>1813082</sln:gmIdTeryt><sln:gmNazwa>Przemyśl</sln:gmNazwa><sln:miejscIIPId>4af1ac07-d23e-4607-b8ec-92307d9d9e62</sln:miejscIIPId><sln:miejscIIPPn>PL.PZGIK.200</sln:miejscIIPPn><sln:miejscIIPWersja>2017-04-18T12:38:58+02:00</sln:miejscIIPWersja><sln:miejscIdTeryt>0608888</sln:miejscIdTeryt><sln:miejscNazwa>Ujkowice</sln:miejscNazwa><sln:miejscRodzaj>Wieś</sln:miejscRodzaj><sln:powIIPId>f322275e-1c48-431f-889e-8bb0ccb46e81</sln:powIIPId><sln:powIIPPn>PL.PZGIK.200</sln:powIIPPn><sln:powIIPWersja>2012-09-27T08:01:01+02:00</sln:powIIPWersja><sln:powIdTeryt>1813</sln:powIdTeryt><sln:powNazwa>przemyski</sln:powNazwa><sln:waznyOd>2015-09-15T00:00:00+02:00</sln:waznyOd><sln:wojIIPId>833fe14b-fe8e-40c7-9e4e-fc27c938bb11</sln:wojIIPId><sln:wojIIPPn>PL.PZGIK.200</sln:wojIIPPn><sln:wojIIPWersja>2017-10-10T00:00:00+02:00</sln:wojIIPWersja><sln:wojIdTeryt>18</sln:wojIdTeryt><sln:wojNazwa>podkarpackie</sln:wojNazwa></sln:miejscowosc><sln:miejscowosc><sln:cyklZyciaOd>2017-04-18T00:00:00+02:00</sln:cyklZyciaOd><sln:gmIIPId>736057e1-5eca-47fe-b329-c6594f6e2db2</sln:gmIIPId><sln:gmIIPPn>PL.PZGIK.200</sln:gmIIPPn><sln:gmIIPWersja>2012-09-26T22:01:42+02:00</sln:gmIIPWersja><sln:gmIdTeryt>1813082</sln:gmIdTeryt><sln:gmNazwa>Przemyśl</sln:gmNazwa><sln:miejscIIPId>4cc6a056-3ecd-42e5-99b1-f3887f930776</sln:miejscIIPId><sln:miejscIIPPn>PL.PZGIK.200</sln:miejscIIPPn><sln:miejscIIPWersja>2017-04-18T12:38:58+02:00</sln:miejscIIPWersja><sln:miejscIdTeryt>0608925</sln:miejscIdTeryt><sln:miejscNazwa>Wapowce</sln:miejscNazwa><sln:miejscRodzaj>Wieś</sln:miejscRodzaj><sln:powIIPId>f322275e-1c48-431f-889e-8bb0ccb46e81</sln:powIIPId><sln:powIIPPn>PL.PZGIK.200</sln:powIIPPn><sln:powIIPWersja>2012-09-27T08:01:01+02:00</sln:powIIPWersja><sln:powIdTeryt>1813</sln:powIdTeryt><sln:powNazwa>przemyski</sln:powNazwa><sln:waznyOd>2015-09-15T00:00:00+02:00</sln:waznyOd><sln:wojIIPId>833fe14b-fe8e-40c7-9e4e-fc27c938bb11</sln:wojIIPId><sln:wojIIPPn>PL.PZGIK.200</sln:wojIIPPn><sln:wojIIPWersja>2017-10-10T00:00:00+02:00</sln:wojIIPWersja><sln:wojIdTeryt>18</sln:wojIdTeryt><sln:wojNazwa>podkarpackie</sln:wojNazwa></sln:miejscowosc><sln:miejscowosc><sln:cyklZyciaOd>2017-04-18T00:00:00+02:00</sln:cyklZyciaOd><sln:gmIIPId>736057e1-5eca-47fe-b329-c6594f6e2db2</sln:gmIIPId><sln:gmIIPPn>PL.PZGIK.200</sln:gmIIPPn><sln:gmIIPWersja>2012-09-26T22:01:42+02:00</sln:gmIIPWersja><sln:gmIdTeryt>1813082</sln:gmIdTeryt><sln:gmNazwa>Przemyśl</sln:gmNazwa><sln:miejscIIPId>a28aa92f-fa55-4437-8bc5-8fd25c933483</sln:miejscIIPId><sln:miejscIIPPn>PL.PZGIK.200</sln:miejscIIPPn><sln:miejscIIPWersja>2017-04-18T12:38:58+02:00</sln:miejscIIPWersja><sln:miejscIdTeryt>0608931</sln:miejscIdTeryt><sln:miejscNazwa>Witoszyńce</sln:miejscNazwa><sln:miejscRodzaj>Wieś</sln:miejscRodzaj><sln:powIIPId>f322275e-1c48-431f-889e-8bb0ccb46e81</sln:powIIPId><sln:powIIPPn>PL.PZGIK.200</sln:powIIPPn><sln:powIIPWersja>2012-09-27T08:01:01+02:00</sln:powIIPWersja><sln:powIdTeryt>1813</sln:powIdTeryt><sln:powNazwa>przemyski</sln:powNazwa><sln:waznyOd>2015-09-15T00:00:00+02:00</sln:waznyOd><sln:wojIIPId>833fe14b-fe8e-40c7-9e4e-fc27c938bb11</sln:wojIIPId><sln:wojIIPPn>PL.PZGIK.200</sln:wojIIPPn><sln:wojIIPWersja>2017-10-10T00:00:00+02:00</sln:wojIIPWersja><sln:wojIdTeryt>18</sln:wojIdTeryt><sln:wojNazwa>podkarpackie</sln:wojNazwa></sln:miejscowosc></sln:lista-miejscowosci>