<?xml version="1.0" encoding="UTF-8" standalone="yes"?><sln:lista-miejscowosci xmlns:srv="http://gugik.gov.pl/schemas/slowniki-service/1.0" xmlns:sln="http://gugik.gov.pl/schemas/slowniki-schema/1.0"><sln:miejscowosc><sln:cyklZyciaOd>2014-12-07T00:00:00+01:00</sln:cyklZyciaOd><sln:gmIIPId>3cc88aee-f855-4622-baad-af5e856106b4</sln:gmIIPId><sln:gmIIPPn>PL.PZGIK.200</sln:gmIIPPn><sln:gmIIPWersja>2012-09-26T22:00:27+02:00</sln:gmIIPWersja><sln:gmIdTeryt>1804062</sln:gmIdTeryt><sln:gmNazwa>Pawłosiów</sln:gmNazwa><sln:miejscIIPId>b4cd430c-3e9f-43c3-bbb1-274923a12cf6</sln:miejscIIPId><sln:miejscIIPPn>PL.PZGIK.200</sln:miejscIIPPn><sln:miejscIIPWersja>2016-11-24T13:51:41+02:00</sln:miejscIIPWersja><sln:miejscIdTeryt>0607771</sln:miejscIdTeryt><sln:miejscNazwa>Ożogów</sln:miejscNazwa><sln:miejscRodzaj>Inny obiekt</sln:miejscRodzaj><sln:powIIPId>7dd14e89-f415-4bd1-be2f-94be82fe2572</sln:powIIPId><sln:powIIPPn>PL.PZGIK.200</sln:powIIPPn><sln:powIIPWersja>2012-09-27T08:01:01+02:00</sln:powIIPWersja><sln:powIdTeryt>1804</sln:powIdTeryt><sln:powNazwa>jarosławski</sln:powNazwa><sln:wojIIPId>833fe14b-fe8e-40c7-9e4e-fc27c938bb11</sln:wojIIPId><sln:wojIIPPn>PL.PZGIK.200</sln:wojIIPPn><sln:wojIIPWersja>2017-10-10T00:00:00+02:00</sln:wojIIPWersja><sln:wojIdTeryt>18</sln:wojIdTeryt><sln:wojNazwa>podkarpackie</sln:wojNazwa></sln:miejscowosc><sln:miejscowosc><sln:cyklZyciaOd>2014-12-07T00:00:00+01:00</sln:cyklZyciaOd><sln:gmIIPId>3cc88aee-f855-4622-baad-af5e856106b4</sln:gmIIPId><sln:gmIIPPn>PL.PZGIK.200</sln:gmIIPPn><sln:gmIIPWersja>2012-09-26T22:00:27+02:00</sln:gmIIPWersja><sln:gmIdTeryt>1804062</sln:gmIdTeryt><sln:gmNazwa>Pawłosiów</sln:gmNazwa><sln:miejscIIPId>d036040d-daff-45e9-942d-7e29d848e9ea</sln:miejscIIPId><sln:miejscIIPPn>PL.PZGIK.200</sln:miejscIIPPn><sln:miejscIIPWersja>2016-11-24T13:49:09+02:00</sln:miejscIIPWersja><sln:miejscIdTeryt>0607995</sln:miejscIdTeryt><sln:miejscNazwa>Sitniki</sln:miejscNazwa><sln:miejscRodzaj>Inny obiekt</sln:miejscRodzaj><sln:powIIPId>7dd14e89-f415-4bd1-be2f-94be82fe2572</sln:powIIPId><sln:powIIPPn>PL.PZGIK.200</sln:powIIPPn><sln:powIIPWersja>2012-09-27T08:01:01+02:00</sln:powIIPWersja><sln:powIdTeryt>1804</sln:powIdTeryt><sln:powNazwa>jarosławski</sln:powNazwa><sln:wojIIPId>833fe14b-fe8e-40c7-9e4e-fc27c938bb11</sln:wojIIPId><sln:wojIIPPn>PL.PZGIK.200</sln:wojIIPPn><sln:wojIIPWersja>2017-10-10T00:00:00+02:00</sln:wojIIPWersja><sln:wojIdTeryt>18</sln:wojIdTeryt><sln:wojNazwa>podkarpackie</sln:wojNazwa></sln:miejscowosc><sln:miejscowosc><sln:cyklZyciaOd>2014-12-07T00:00:00+01:00</sln:cyklZyciaOd><sln:gmIIPId>3cc88aee-f855-4622-baad-af5e856106b4</sln:gmIIPId><sln:gmIIPPn>PL.PZGIK.200</sln:gmIIPPn><sln:gmIIPWersja>2012-09-26T22:00:27+02:00</sln:gmIIPWersja><sln:gmIdTeryt>1804062</sln:gmIdTeryt><sln:gmNazwa>Pawłosiów</sln:gmNazwa><sln:miejscIIPId>b5876577-33c2-4ebc-81e2-6b2d74d30c59</sln:miejscIIPId><sln:miejscIIPPn>PL.PZGIK.200</sln:miejscIIPPn><sln:miejscIIPWersja>2016-11-24T13:59:22+02:00</sln:miejscIIPWersja><sln:miejscIdTeryt>0607920</sln:miejscIdTeryt><sln:miejscNazwa>Konstantynówka</sln:miejscNazwa><sln:miejscRodzaj>Inny obiekt</sln:miejscRodzaj><sln:powIIPId>7dd14e89-f415-4bd1-be2f-94be82fe2572</sln:powIIPId><sln:powIIPPn>PL.PZGIK.200</sln:powIIPPn><sln:powIIPWersja>2012-09-27T08:01:01+02:00</sln:powIIPWersja><sln:powIdTeryt>1804</sln:powIdTeryt><sln:powNazwa>jarosławski</sln:powNazwa><sln:wojIIPId>833fe14b-fe8e-40c7-9e4e-fc27c938bb11</sln:wojIIPId><sln:wojIIPPn>PL.PZGIK.200</sln:wojIIPPn><sln:wojIIPWersja>2017-10-10T00:00:00+02:00</sln:wojIIPWersja><sln:wojIdTeryt>18</sln:wojIdTeryt><sln:wojNazwa>podkarpackie</sln:wojNazwa></sln:miejscowosc><sln:miejscowosc><sln:cyklZyciaOd>2014-12-07T00:00:00+01:00</sln:cyklZyciaOd><sln:gmIIPId>3cc88aee-f855-4622-baad-af5e856106b4</sln:gmIIPId><sln:gmIIPPn>PL.PZGIK.200</sln:gmIIPPn><sln:gmIIPWersja>2012-09-26T22:00:27+02:00</sln:gmIIPWersja><sln:gmIdTeryt>1804062</sln:gmIdTeryt><sln:gmNazwa>Pawłosiów</sln:gmNazwa><sln:miejscIIPId>e867e5e3-092e-404f-834d-da08a7de44ed</sln:miejscIIPId><sln:miejscIIPPn>PL.PZGIK.200</sln:miejscIIPPn><sln:miejscIIPWersja>2016-11-24T13:59:22+02:00</sln:miejscIIPWersja><sln:miejscIdTeryt>0607908</sln:miejscIdTeryt><sln:miejscNazwa>Dół</sln:miejscNazwa><sln:miejscRodzaj>Inny obiekt</sln:miejscRodzaj><sln:powIIPId>7dd14e89-f415-4bd1-be2f-94be82fe2572</sln:powIIPId><sln:powIIPPn>PL.PZGIK.200</sln:powIIPPn><sln:powIIPWersja>2012-09-27T08:01:01+02:00</sln:powIIPWersja><sln:powIdTeryt>1804</sln:powIdTeryt><sln:powNazwa>jarosławski</sln:powNazwa><sln:wojIIPId>833fe14b-fe8e-40c7-9e4e-fc27c938bb11</sln:wojIIPId><sln:wojIIPPn>PL.PZGIK.200</sln:wojIIPPn><sln:wojIIPWersja>2017-10-10T00:00:00+02:00</sln:wojIIPWersja><sln:wojIdTeryt>18</sln:wojIdTeryt><sln:wojNazwa>podkarpackie</sln:wojNazwa></sln:miejscowosc><sln:miejscowosc><sln:cyklZyciaOd>2014-12-07T00:00:00+01:00</sln:cyklZyciaOd><sln:gmIIPId>3cc88aee-f855-4622-baad-af5e856106b4</sln:gmIIPId><sln:gmIIPPn>PL.PZGIK.200</sln:gmIIPPn><sln:gmIIPWersja>2012-09-26T22:00:27+02:00</sln:gmIIPWersja><sln:gmIdTeryt>1804062</sln:gmIdTeryt><sln:gmNazwa>Pawłosiów</sln:gmNazwa><sln:miejscIIPId>af212e33-aa45-4435-82a7-f08c6cd9be38</sln:miejscIIPId><sln:miejscIIPPn>PL.PZGIK.200</sln:miejscIIPPn><sln:miejscIIPWersja>2016-11-24T13:35:36+02:00</sln:miejscIIPWersja><sln:miejscIdTeryt>0607765</sln:miejscIdTeryt><sln:miejscNazwa>Cieszacin Wielki</sln:miejscNazwa><sln:miejscRodzaj>Wieś</sln:miejscRodzaj><sln:powIIPId>7dd14e89-f415-4bd1-be2f-94be82fe2572</sln:powIIPId><sln:powIIPPn>PL.PZGIK.200</sln:powIIPPn><sln:powIIPWersja>2012-09-27T08:01:01+02:00</sln:powIIPWersja><sln:powIdTeryt>1804</sln:powIdTeryt><sln:powNazwa>jarosławski</sln:powNazwa><sln:wojIIPId>833fe14b-fe8e-40c7-9e4e-fc27c938bb11</sln:wojIIPId><sln:wojIIPPn>PL.PZGIK.200</sln:wojIIPPn><sln:wojIIPWersja>2017-10-10T00:00:00+02:00</sln:wojIIPWersja><sln:wojIdTeryt>18</sln:wojIdTeryt><sln:wojNazwa>podkarpackie</sln:wojNazwa></sln:miejscowosc><sln:miejscowosc><sln:cyklZyciaOd>2014-12-07T00:00:00+01:00</sln:cyklZyciaOd><sln:gmIIPId>3cc88aee-f855-4622-baad-af5e856106b4</sln:gmIIPId><sln:gmIIPPn>PL.PZGIK.200</sln:gmIIPPn><sln:gmIIPWersja>2012-09-26T22:00:27+02:00</sln:gmIIPWersja><sln:gmIdTeryt>1804062</sln:gmIdTeryt><sln:gmNazwa>Pawłosiów</sln:gmNazwa><sln:miejscIIPId>372c8b6c-60ab-4e8d-95fb-2e9358768596</sln:miejscIIPId><sln:miejscIIPPn>PL.PZGIK.200</sln:miejscIIPPn><sln:miejscIIPWersja>2016-11-24T13:35:36+02:00</sln:miejscIIPWersja><sln:miejscIdTeryt>0607736</sln:miejscIdTeryt><sln:miejscNazwa>Cieszacin Mały</sln:miejscNazwa><sln:miejscRodzaj>Wieś</sln:miejscRodzaj><sln:powIIPId>7dd14e89-f415-4bd1-be2f-94be82fe2572</sln:powIIPId><sln:powIIPPn>PL.PZGIK.200</sln:powIIPPn><sln:powIIPWersja>2012-09-27T08:01:01+02:00</sln:powIIPWersja><sln:powIdTeryt>1804</sln:powIdTeryt><sln:powNazwa>jarosławski</sln:powNazwa><sln:wojIIPId>833fe14b-fe8e-40c7-9e4e-fc27c938bb11</sln:wojIIPId><sln:wojIIPPn>PL.PZGIK.200</sln:wojIIPPn><sln:wojIIPWersja>2017-10-10T00:00:00+02:00</sln:wojIIPWersja><sln:wojIdTeryt>18</sln:wojIdTeryt><sln:wojNazwa>podkarpackie</sln:wojNazwa></sln:miejscowosc><sln:miejscowosc><sln:cyklZyciaOd>2014-12-07T00:00:00+01:00</sln:cyklZyciaOd><sln:gmIIPId>3cc88aee-f855-4622-baad-af5e856106b4</sln:gmIIPId><sln:gmIIPPn>PL.PZGIK.200</sln:gmIIPPn><sln:gmIIPWersja>2012-09-26T22:00:27+02:00</sln:gmIIPWersja><sln:gmIdTeryt>1804062</sln:gmIdTeryt><sln:gmNazwa>Pawłosiów</sln:gmNazwa><sln:miejscIIPId>64f76c55-5900-40e5-b592-618ab2b5c369</sln:miejscIIPId><sln:miejscIIPPn>PL.PZGIK.200</sln:miejscIIPPn><sln:miejscIIPWersja>2016-11-24T13:59:22+02:00</sln:miejscIIPWersja><sln:miejscIdTeryt>0607943</sln:miejscIdTeryt><sln:miejscNazwa>Ścieżki</sln:miejscNazwa><sln:miejscRodzaj>Inny obiekt</sln:miejscRodzaj><sln:powIIPId>7dd14e89-f415-4bd1-be2f-94be82fe2572</sln:powIIPId><sln:powIIPPn>PL.PZGIK.200</sln:powIIPPn><sln:powIIPWersja>2012-09-27T08:01:01+02:00</sln:powIIPWersja><sln:powIdTeryt>1804</sln:powIdTeryt><sln:powNazwa>jarosławski</sln:powNazwa><sln:wojIIPId>833fe14b-fe8e-40c7-9e4e-fc27c938bb11</sln:wojIIPId><sln:wojIIPPn>PL.PZGIK.200</sln:wojIIPPn><sln:wojIIPWersja>2017-10-10T00:00:00+02:00</sln:wojIIPWersja><sln:wojIdTeryt>18</sln:wojIdTeryt><sln:wojNazwa>podkarpackie</sln:wojNazwa></sln:miejscowosc><sln:miejscowosc><sln:cyklZyciaOd>2014-12-07T00:00:00+01:00</sln:cyklZyciaOd><sln:gmIIPId>3cc88aee-f855-4622-baad-af5e856106b4</sln:gmIIPId><sln:gmIIPPn>PL.PZGIK.200</sln:gmIIPPn><sln:gmIIPWersja>2012-09-26T22:00:27+02:00</sln:gmIIPWersja><sln:gmIdTeryt>1804062</sln:gmIdTeryt><sln:gmNazwa>Pawłosiów</sln:gmNazwa><sln:miejscIIPId>77648469-56a5-492b-8cff-d5f1e3047bed</sln:miejscIIPId><sln:miejscIIPPn>PL.PZGIK.200</sln:miejscIIPPn><sln:miejscIIPWersja>2016-11-24T13:51:41+02:00</sln:miejscIIPWersja><sln:miejscIdTeryt>0607788</sln:miejscIdTeryt><sln:miejscNazwa>Podlesie</sln:miejscNazwa><sln:miejscRodzaj>Inny obiekt</sln:miejscRodzaj><sln:powIIPId>7dd14e89-f415-4bd1-be2f-94be82fe2572</sln:powIIPId><sln:powIIPPn>PL.PZGIK.200</sln:powIIPPn><sln:powIIPWersja>2012-09-27T08:01:01+02:00</sln:powIIPWersja><sln:powIdTeryt>1804</sln:powIdTeryt><sln:powNazwa>jarosławski</sln:powNazwa><sln:wojIIPId>833fe14b-fe8e-40c7-9e4e-fc27c938bb11</sln:wojIIPId><sln:wojIIPPn>PL.PZGIK.200</sln:wojIIPPn><sln:wojIIPWersja>2017-10-10T00:00:00+02:00</sln:wojIIPWersja><sln:wojIdTeryt>18</sln:wojIdTeryt><sln:wojNazwa>podkarpackie</sln:wojNazwa></sln:miejscowosc><sln:miejscowosc><sln:cyklZyciaOd>2014-12-07T00:00:00+01:00</sln:cyklZyciaOd><sln:gmIIPId>3cc88aee-f855-4622-baad-af5e856106b4</sln:gmIIPId><sln:gmIIPPn>PL.PZGIK.200</sln:gmIIPPn><sln:gmIIPWersja>2012-09-26T22:00:27+02:00</sln:gmIIPWersja><sln:gmIdTeryt>1804062</sln:gmIdTeryt><sln:gmNazwa>Pawłosiów</sln:gmNazwa><sln:miejscIIPId>b63feada-890a-414d-a1b3-5f2a4100a880</sln:miejscIIPId><sln:miejscIIPPn>PL.PZGIK.200</sln:miejscIIPPn><sln:miejscIIPWersja>2016-11-24T13:51:41+02:00</sln:miejscIIPWersja><sln:miejscIdTeryt>0607742</sln:miejscIdTeryt><sln:miejscNazwa>Markowa</sln:miejscNazwa><sln:miejscRodzaj>Inny obiekt</sln:miejscRodzaj><sln:powIIPId>7dd14e89-f415-4bd1-be2f-94be82fe2572</sln:powIIPId><sln:powIIPPn>PL.PZGIK.200</sln:powIIPPn><sln:powIIPWersja>2012-09-27T08:01:01+02:00</sln:powIIPWersja><sln:powIdTeryt>1804</sln:powIdTeryt><sln:powNazwa>jarosławski</sln:powNazwa><sln:wojIIPId>833fe14b-fe8e-40c7-9e4e-fc27c938bb11</sln:wojIIPId><sln:wojIIPPn>PL.PZGIK.200</sln:wojIIPPn><sln:wojIIPWersja>2017-10-10T00:00:00+02:00</sln:wojIIPWersja><sln:wojIdTeryt>18</sln:wojIdTeryt><sln:wojNazwa>podkarpackie</sln:wojNazwa></sln:miejscowosc><sln:miejscowosc><sln:cyklZyciaOd>2014-12-07T00:00:00+01:00</sln:cyklZyciaOd><sln:gmIIPId>3cc88aee-f855-4622-baad-af5e856106b4</sln:gmIIPId><sln:gmIIPPn>PL.PZGIK.200</sln:gmIIPPn><sln:gmIIPWersja>2012-09-26T22:00:27+02:00</sln:gmIIPWersja><sln:gmIdTeryt>1804062</sln:gmIdTeryt><sln:gmNazwa>Pawłosiów</sln:gmNazwa><sln:miejscIIPId>b71dddac-3e03-44bc-9485-8785fe166dfb</sln:miejscIIPId><sln:miejscIIPPn>PL.PZGIK.200</sln:miejscIIPPn><sln:miejscIIPWersja>2016-11-24T13:33:14+02:00</sln:miejscIIPWersja><sln:miejscIdTeryt>0608003</sln:miejscIdTeryt><sln:miejscNazwa>Wierzbna</sln:miejscNazwa><sln:miejscRodzaj>Wieś</sln:miejscRodzaj><sln:powIIPId>7dd14e89-f415-4bd1-be2f-94be82fe2572</sln:powIIPId><sln:powIIPPn>PL.PZGIK.200</sln:powIIPPn><sln:powIIPWersja>2012-09-27T08:01:01+02:00</sln:powIIPWersja><sln:powIdTeryt>1804</sln:powIdTeryt><sln:powNazwa>jarosławski</sln:powNazwa><sln:wojIIPId>833fe14b-fe8e-40c7-9e4e-fc27c938bb11</sln:wojIIPId><sln:wojIIPPn>PL.PZGIK.200</sln:wojIIPPn><sln:wojIIPWersja>2017-10-10T00:00:00+02:00</sln:wojIIPWersja><sln:wojIdTeryt>18</sln:wojIdTeryt><sln:wojNazwa>podkarpackie</sln:wojNazwa></sln:miejscowosc><sln:miejscowosc><sln:cyklZyciaOd>2014-12-07T00:00:00+01:00</sln:cyklZyciaOd><sln:gmIIPId>3cc88aee-f855-4622-baad-af5e856106b4</sln:gmIIPId><sln:gmIIPPn>PL.PZGIK.200</sln:gmIIPPn><sln:gmIIPWersja>2012-09-26T22:00:27+02:00</sln:gmIIPWersja><sln:gmIdTeryt>1804062</sln:gmIdTeryt><sln:gmNazwa>Pawłosiów</sln:gmNazwa><sln:miejscIIPId>a2f12d49-583f-46b0-a953-65a8ba265c93</sln:miejscIIPId><sln:miejscIIPPn>PL.PZGIK.200</sln:miejscIIPPn><sln:miejscIIPWersja>2016-11-24T13:31:55+02:00</sln:miejscIIPWersja><sln:miejscIdTeryt>0607966</sln:miejscIdTeryt><sln:miejscNazwa>Szczytna</sln:miejscNazwa><sln:miejscRodzaj>Wieś</sln:miejscRodzaj><sln:powIIPId>7dd14e89-f415-4bd1-be2f-94be82fe2572</sln:powIIPId><sln:powIIPPn>PL.PZGIK.200</sln:powIIPPn><sln:powIIPWersja>2012-09-27T08:01:01+02:00</sln:powIIPWersja><sln:powIdTeryt>1804</sln:powIdTeryt><sln:powNazwa>jarosławski</sln:powNazwa><sln:wojIIPId>833fe14b-fe8e-40c7-9e4e-fc27c938bb11</sln:wojIIPId><sln:wojIIPPn>PL.PZGIK.200</sln:wojIIPPn><sln:wojIIPWersja>2017-10-10T00:00:00+02:00</sln:wojIIPWersja><sln:wojIdTeryt>18</sln:wojIdTeryt><sln:wojNazwa>podkarpackie</sln:wojNazwa></sln:miejscowosc><sln:miejscowosc><sln:cyklZyciaOd>2014-12-07T00:00:00+01:00</sln:cyklZyciaOd><sln:gmIIPId>3cc88aee-f855-4622-baad-af5e856106b4</sln:gmIIPId><sln:gmIIPPn>PL.PZGIK.200</sln:gmIIPPn><sln:gmIIPWersja>2012-09-26T22:00:27+02:00</sln:gmIIPWersja><sln:gmIdTeryt>1804062</sln:gmIdTeryt><sln:gmNazwa>Pawłosiów</sln:gmNazwa><sln:miejscIIPId>e490cf12-1c5d-475c-9a5f-6de1a2b1e334</sln:miejscIIPId><sln:miejscIIPPn>PL.PZGIK.200</sln:miejscIIPPn><sln:miejscIIPWersja>2016-11-24T13:57:28+02:00</sln:miejscIIPWersja><sln:miejscIdTeryt>0607848</sln:miejscIdTeryt><sln:miejscNazwa>Krzyżówki</sln:miejscNazwa><sln:miejscRodzaj>Inny obiekt</sln:miejscRodzaj><sln:powIIPId>7dd14e89-f415-4bd1-be2f-94be82fe2572</sln:powIIPId><sln:powIIPPn>PL.PZGIK.200</sln:powIIPPn><sln:powIIPWersja>2012-09-27T08:01:01+02:00</sln:powIIPWersja><sln:powIdTeryt>1804</sln:powIdTeryt><sln:powNazwa>jarosławski</sln:powNazwa><sln:wojIIPId>833fe14b-fe8e-40c7-9e4e-fc27c938bb11</sln:wojIIPId><sln:wojIIPPn>PL.PZGIK.200</sln:wojIIPPn><sln:wojIIPWersja>2017-10-10T00:00:00+02:00</sln:wojIIPWersja><sln:wojIdTeryt>18</sln:wojIdTeryt><sln:wojNazwa>podkarpackie</sln:wojNazwa></sln:miejscowosc><sln:miejscowosc><sln:cyklZyciaOd>2014-12-07T00:00:00+01:00</sln:cyklZyciaOd><sln:gmIIPId>3cc88aee-f855-4622-baad-af5e856106b4</sln:gmIIPId><sln:gmIIPPn>PL.PZGIK.200</sln:gmIIPPn><sln:gmIIPWersja>2012-09-26T22:00:27+02:00</sln:gmIIPWersja><sln:gmIdTeryt>1804062</sln:gmIdTeryt><sln:gmNazwa>Pawłosiów</sln:gmNazwa><sln:miejscIIPId>f6ed9b3a-5541-4dbe-80d3-6ed530faf109</sln:miejscIIPId><sln:miejscIIPPn>PL.PZGIK.200</sln:miejscIIPPn><sln:miejscIIPWersja>2016-11-24T13:49:09+02:00</sln:miejscIIPWersja><sln:miejscIdTeryt>0607989</sln:miejscIdTeryt><sln:miejscNazwa>Biedaczów</sln:miejscNazwa><sln:miejscRodzaj>Inny obiekt</sln:miejscRodzaj><sln:powIIPId>7dd14e89-f415-4bd1-be2f-94be82fe2572</sln:powIIPId><sln:powIIPPn>PL.PZGIK.200</sln:powIIPPn><sln:powIIPWersja>2012-09-27T08:01:01+02:00</sln:powIIPWersja><sln:powIdTeryt>1804</sln:powIdTeryt><sln:powNazwa>jarosławski</sln:powNazwa><sln:wojIIPId>833fe14b-fe8e-40c7-9e4e-fc27c938bb11</sln:wojIIPId><sln:wojIIPPn>PL.PZGIK.200</sln:wojIIPPn><sln:wojIIPWersja>2017-10-10T00:00:00+02:00</sln:wojIIPWersja><sln:wojIdTeryt>18</sln:wojIdTeryt><sln:wojNazwa>podkarpackie</sln:wojNazwa></sln:miejscowosc><sln:miejscowosc><sln:cyklZyciaOd>2014-12-07T00:00:00+01:00</sln:cyklZyciaOd><sln:gmIIPId>3cc88aee-f855-4622-baad-af5e856106b4</sln:gmIIPId><sln:gmIIPPn>PL.PZGIK.200</sln:gmIIPPn><sln:gmIIPWersja>2012-09-26T22:00:27+02:00</sln:gmIIPWersja><sln:gmIdTeryt>1804062</sln:gmIdTeryt><sln:gmNazwa>Pawłosiów</sln:gmNazwa><sln:miejscIIPId>bd95f429-1ff3-41b7-806a-31fdf9d0f782</sln:miejscIIPId><sln:miejscIIPPn>PL.PZGIK.200</sln:miejscIIPPn><sln:miejscIIPWersja>2016-11-24T13:44:28+02:00</sln:miejscIIPWersja><sln:miejscIdTeryt>0607890</sln:miejscIdTeryt><sln:miejscNazwa>Pawłosiów</sln:miejscNazwa><sln:miejscRodzaj>Wieś</sln:miejscRodzaj><sln:powIIPId>7dd14e89-f415-4bd1-be2f-94be82fe2572</sln:powIIPId><sln:powIIPPn>PL.PZGIK.200</sln:powIIPPn><sln:powIIPWersja>2012-09-27T08:01:01+02:00</sln:powIIPWersja><sln:powIdTeryt>1804</sln:powIdTeryt><sln:powNazwa>jarosławski</sln:powNazwa><sln:wojIIPId>833fe14b-fe8e-40c7-9e4e-fc27c938bb11</sln:wojIIPId><sln:wojIIPPn>PL.PZGIK.200</sln:wojIIPPn><sln:wojIIPWersja>2017-10-10T00:00:00+02:00</sln:wojIIPWersja><sln:wojIdTeryt>18</sln:wojIdTeryt><sln:wojNazwa>podkarpackie</sln:wojNazwa></sln:miejscowosc><sln:miejscowosc><sln:cyklZyciaOd>2014-12-07T00:00:00+01:00</sln:cyklZyciaOd><sln:gmIIPId>3cc88aee-f855-4622-baad-af5e856106b4</sln:gmIIPId><sln:gmIIPPn>PL.PZGIK.200</sln:gmIIPPn><sln:gmIIPWersja>2012-09-26T22:00:27+02:00</sln:gmIIPWersja><sln:gmIdTeryt>1804062</sln:gmIdTeryt><sln:gmNazwa>Pawłosiów</sln:gmNazwa><sln:miejscIIPId>1e77c436-6994-474b-8ac7-11170b7a0a94</sln:miejscIIPId><sln:miejscIIPPn>PL.PZGIK.200</sln:miejscIIPPn><sln:miejscIIPWersja>2016-11-24T13:59:18+02:00</sln:miejscIIPWersja><sln:miejscIdTeryt>0607883</sln:miejscIdTeryt><sln:miejscNazwa>Za Wsią</sln:miejscNazwa><sln:miejscRodzaj>Inny obiekt</sln:miejscRodzaj><sln:powIIPId>7dd14e89-f415-4bd1-be2f-94be82fe2572</sln:powIIPId><sln:powIIPPn>PL.PZGIK.200</sln:powIIPPn><sln:powIIPWersja>2012-09-27T08:01:01+02:00</sln:powIIPWersja><sln:powIdTeryt>1804</sln:powIdTeryt><sln:powNazwa>jarosławski</sln:powNazwa><sln:wojIIPId>833fe14b-fe8e-40c7-9e4e-fc27c938bb11</sln:wojIIPId><sln:wojIIPPn>PL.PZGIK.200</sln:wojIIPPn><sln:wojIIPWersja>2017-10-10T00:00:00+02:00</sln:wojIIPWersja><sln:wojIdTeryt>18</sln:wojIdTeryt><sln:wojNazwa>podkarpackie</sln:wojNazwa></sln:miejscowosc><sln:miejscowosc><sln:cyklZyciaOd>2014-12-07T00:00:00+01:00</sln:cyklZyciaOd><sln:gmIIPId>3cc88aee-f855-4622-baad-af5e856106b4</sln:gmIIPId><sln:gmIIPPn>PL.PZGIK.200</sln:gmIIPPn><sln:gmIIPWersja>2012-09-26T22:00:27+02:00</sln:gmIIPWersja><sln:gmIdTeryt>1804062</sln:gmIdTeryt><sln:gmNazwa>Pawłosiów</sln:gmNazwa><sln:miejscIIPId>0fe5a45f-d316-4c03-815c-1c564b425116</sln:miejscIIPId><sln:miejscIIPPn>PL.PZGIK.200</sln:miejscIIPPn><sln:miejscIIPWersja>2016-11-24T13:32:43+02:00</sln:miejscIIPWersja><sln:miejscIdTeryt>0607972</sln:miejscIdTeryt><sln:miejscNazwa>Tywonia</sln:miejscNazwa><sln:miejscRodzaj>Wieś</sln:miejscRodzaj><sln:powIIPId>7dd14e89-f415-4bd1-be2f-94be82fe2572</sln:powIIPId><sln:powIIPPn>PL.PZGIK.200</sln:powIIPPn><sln:powIIPWersja>2012-09-27T08:01:01+02:00</sln:powIIPWersja><sln:powIdTeryt>1804</sln:powIdTeryt><sln:powNazwa>jarosławski</sln:powNazwa><sln:wojIIPId>833fe14b-fe8e-40c7-9e4e-fc27c938bb11</sln:wojIIPId><sln:wojIIPPn>PL.PZGIK.200</sln:wojIIPPn><sln:wojIIPWersja>2017-10-10T00:00:00+02:00</sln:wojIIPWersja><sln:wojIdTeryt>18</sln:wojIdTeryt><sln:wojNazwa>podkarpackie</sln:wojNazwa></sln:miejscowosc><sln:miejscowosc><sln:cyklZyciaOd>2014-12-07T00:00:00+01:00</sln:cyklZyciaOd><sln:gmIIPId>3cc88aee-f855-4622-baad-af5e856106b4</sln:gmIIPId><sln:gmIIPPn>PL.PZGIK.200</sln:gmIIPPn><sln:gmIIPWersja>2012-09-26T22:00:27+02:00</sln:gmIIPWersja><sln:gmIdTeryt>1804062</sln:gmIdTeryt><sln:gmNazwa>Pawłosiów</sln:gmNazwa><sln:miejscIIPId>8ce9d322-c190-4a8d-bd1a-57340a83f744</sln:miejscIIPId><sln:miejscIIPPn>PL.PZGIK.200</sln:miejscIIPPn><sln:miejscIIPWersja>2016-11-24T13:59:18+02:00</sln:miejscIIPWersja><sln:miejscIdTeryt>0607860</sln:miejscIdTeryt><sln:miejscNazwa>Kalinówka</sln:miejscNazwa><sln:miejscRodzaj>Inny obiekt</sln:miejscRodzaj><sln:powIIPId>7dd14e89-f415-4bd1-be2f-94be82fe2572</sln:powIIPId><sln:powIIPPn>PL.PZGIK.200</sln:powIIPPn><sln:powIIPWersja>2012-09-27T08:01:01+02:00</sln:powIIPWersja><sln:powIdTeryt>1804</sln:powIdTeryt><sln:powNazwa>jarosławski</sln:powNazwa><sln:wojIIPId>833fe14b-fe8e-40c7-9e4e-fc27c938bb11</sln:wojIIPId><sln:wojIIPPn>PL.PZGIK.200</sln:wojIIPPn><sln:wojIIPWersja>2017-10-10T00:00:00+02:00</sln:wojIIPWersja><sln:wojIdTeryt>18</sln:wojIdTeryt><sln:wojNazwa>podkarpackie</sln:wojNazwa></sln:miejscowosc><sln:miejscowosc><sln:cyklZyciaOd>2014-12-07T00:00:00+01:00</sln:cyklZyciaOd><sln:gmIIPId>3cc88aee-f855-4622-baad-af5e856106b4</sln:gmIIPId><sln:gmIIPPn>PL.PZGIK.200</sln:gmIIPPn><sln:gmIIPWersja>2012-09-26T22:00:27+02:00</sln:gmIIPWersja><sln:gmIdTeryt>1804062</sln:gmIdTeryt><sln:gmNazwa>Pawłosiów</sln:gmNazwa><sln:miejscIIPId>39e1b062-60eb-462e-9389-121dc3d91d92</sln:miejscIIPId><sln:miejscIIPPn>PL.PZGIK.200</sln:miejscIIPPn><sln:miejscIIPWersja>2016-11-24T13:39:22+02:00</sln:miejscIIPWersja><sln:miejscIdTeryt>0607802</sln:miejscIdTeryt><sln:miejscNazwa>Kidałowice</sln:miejscNazwa><sln:miejscRodzaj>Wieś</sln:miejscRodzaj><sln:powIIPId>7dd14e89-f415-4bd1-be2f-94be82fe2572</sln:powIIPId><sln:powIIPPn>PL.PZGIK.200</sln:powIIPPn><sln:powIIPWersja>2012-09-27T08:01:01+02:00</sln:powIIPWersja><sln:powIdTeryt>1804</sln:powIdTeryt><sln:powNazwa>jarosławski</sln:powNazwa><sln:wojIIPId>833fe14b-fe8e-40c7-9e4e-fc27c938bb11</sln:wojIIPId><sln:wojIIPPn>PL.PZGIK.200</sln:wojIIPPn><sln:wojIIPWersja>2017-10-10T00:00:00+02:00</sln:wojIIPWersja><sln:wojIdTeryt>18</sln:wojIdTeryt><sln:wojNazwa>podkarpackie</sln:wojNazwa></sln:miejscowosc><sln:miejscowosc><sln:cyklZyciaOd>2014-12-07T00:00:00+01:00</sln:cyklZyciaOd><sln:gmIIPId>3cc88aee-f855-4622-baad-af5e856106b4</sln:gmIIPId><sln:gmIIPPn>PL.PZGIK.200</sln:gmIIPPn><sln:gmIIPWersja>2012-09-26T22:00:27+02:00</sln:gmIIPWersja><sln:gmIdTeryt>1804062</sln:gmIdTeryt><sln:gmNazwa>Pawłosiów</sln:gmNazwa><sln:miejscIIPId>e5423074-b246-4996-a993-a2aeaf92d1fb</sln:miejscIIPId><sln:miejscIIPPn>PL.PZGIK.200</sln:miejscIIPPn><sln:miejscIIPWersja>2016-11-24T13:59:22+02:00</sln:miejscIIPWersja><sln:miejscIdTeryt>0607937</sln:miejscIdTeryt><sln:miejscNazwa>Mokra</sln:miejscNazwa><sln:miejscRodzaj>Przysiółek</sln:miejscRodzaj><sln:powIIPId>7dd14e89-f415-4bd1-be2f-94be82fe2572</sln:powIIPId><sln:powIIPPn>PL.PZGIK.200</sln:powIIPPn><sln:powIIPWersja>2012-09-27T08:01:01+02:00</sln:powIIPWersja><sln:powIdTeryt>1804</sln:powIdTeryt><sln:powNazwa>jarosławski</sln:powNazwa><sln:wojIIPId>833fe14b-fe8e-40c7-9e4e-fc27c938bb11</sln:wojIIPId><sln:wojIIPPn>PL.PZGIK.200</sln:wojIIPPn><sln:wojIIPWersja>2017-10-10T00:00:00+02:00</sln:wojIIPWersja><sln:wojIdTeryt>18</sln:wojIdTeryt><sln:wojNazwa>podkarpackie</sln:wojNazwa></sln:miejscowosc><sln:miejscowosc><sln:cyklZyciaOd>2014-12-07T00:00:00+01:00</sln:cyklZyciaOd><sln:gmIIPId>3cc88aee-f855-4622-baad-af5e856106b4</sln:gmIIPId><sln:gmIIPPn>PL.PZGIK.200</sln:gmIIPPn><sln:gmIIPWersja>2012-09-26T22:00:27+02:00</sln:gmIIPWersja><sln:gmIdTeryt>1804062</sln:gmIdTeryt><sln:gmNazwa>Pawłosiów</sln:gmNazwa><sln:miejscIIPId>8a7e7b80-4f5d-4239-ad88-2c7c8b488eb3</sln:miejscIIPId><sln:miejscIIPPn>PL.PZGIK.200</sln:miejscIIPPn><sln:miejscIIPWersja>2016-11-24T13:41:48+02:00</sln:miejscIIPWersja><sln:miejscIdTeryt>0607831</sln:miejscIdTeryt><sln:miejscNazwa>Maleniska</sln:miejscNazwa><sln:miejscRodzaj>Wieś</sln:miejscRodzaj><sln:powIIPId>7dd14e89-f415-4bd1-be2f-94be82fe2572</sln:powIIPId><sln:powIIPPn>PL.PZGIK.200</sln:powIIPPn><sln:powIIPWersja>2012-09-27T08:01:01+02:00</sln:powIIPWersja><sln:powIdTeryt>1804</sln:powIdTeryt><sln:powNazwa>jarosławski</sln:powNazwa><sln:wojIIPId>833fe14b-fe8e-40c7-9e4e-fc27c938bb11</sln:wojIIPId><sln:wojIIPPn>PL.PZGIK.200</sln:wojIIPPn><sln:wojIIPWersja>2017-10-10T00:00:00+02:00</sln:wojIIPWersja><sln:wojIdTeryt>18</sln:wojIdTeryt><sln:wojNazwa>podkarpackie</sln:wojNazwa></sln:miejscowosc><sln:miejscowosc><sln:cyklZyciaOd>2014-12-07T00:00:00+01:00</sln:cyklZyciaOd><sln:gmIIPId>3cc88aee-f855-4622-baad-af5e856106b4</sln:gmIIPId><sln:gmIIPPn>PL.PZGIK.200</sln:gmIIPPn><sln:gmIIPWersja>2012-09-26T22:00:27+02:00</sln:gmIIPWersja><sln:gmIdTeryt>1804062</sln:gmIdTeryt><sln:gmNazwa>Pawłosiów</sln:gmNazwa><sln:miejscIIPId>80ac4f39-777d-4233-b8b4-80b36d82c054</sln:miejscIIPId><sln:miejscIIPPn>PL.PZGIK.200</sln:miejscIIPPn><sln:miejscIIPWersja>2016-11-24T13:59:37+02:00</sln:miejscIIPWersja><sln:miejscIdTeryt>0607794</sln:miejscIdTeryt><sln:miejscNazwa>Ścieżki</sln:miejscNazwa><sln:miejscRodzaj>Inny obiekt</sln:miejscRodzaj><sln:powIIPId>7dd14e89-f415-4bd1-be2f-94be82fe2572</sln:powIIPId><sln:powIIPPn>PL.PZGIK.200</sln:powIIPPn><sln:powIIPWersja>2012-09-27T08:01:01+02:00</sln:powIIPWersja><sln:powIdTeryt>1804</sln:powIdTeryt><sln:powNazwa>jarosławski</sln:powNazwa><sln:wojIIPId>833fe14b-fe8e-40c7-9e4e-fc27c938bb11</sln:wojIIPId><sln:wojIIPPn>PL.PZGIK.200</sln:wojIIPPn><sln:wojIIPWersja>2017-10-10T00:00:00+02:00</sln:wojIIPWersja><sln:wojIdTeryt>18</sln:wojIdTeryt><sln:wojNazwa>podkarpackie</sln:wojNazwa></sln:miejscowosc><sln:miejscowosc><sln:cyklZyciaOd>2014-12-07T00:00:00+01:00</sln:cyklZyciaOd><sln:gmIIPId>3cc88aee-f855-4622-baad-af5e856106b4</sln:gmIIPId><sln:gmIIPPn>PL.PZGIK.200</sln:gmIIPPn><sln:gmIIPWersja>2012-09-26T22:00:27+02:00</sln:gmIIPWersja><sln:gmIdTeryt>1804062</sln:gmIdTeryt><sln:gmNazwa>Pawłosiów</sln:gmNazwa><sln:miejscIIPId>1d98ed85-8619-491a-a566-4ee4aae424bd</sln:miejscIIPId><sln:miejscIIPPn>PL.PZGIK.200</sln:miejscIIPPn><sln:miejscIIPWersja>2016-11-24T13:35:45+02:00</sln:miejscIIPWersja><sln:miejscIdTeryt>1063066</sln:miejscIdTeryt><sln:miejscNazwa>Widna Góra</sln:miejscNazwa><sln:miejscRodzaj>Wieś</sln:miejscRodzaj><sln:powIIPId>7dd14e89-f415-4bd1-be2f-94be82fe2572</sln:powIIPId><sln:powIIPPn>PL.PZGIK.200</sln:powIIPPn><sln:powIIPWersja>2012-09-27T08:01:01+02:00</sln:powIIPWersja><sln:powIdTeryt>1804</sln:powIdTeryt><sln:powNazwa>jarosławski</sln:powNazwa><sln:wojIIPId>833fe14b-fe8e-40c7-9e4e-fc27c938bb11</sln:wojIIPId><sln:wojIIPPn>PL.PZGIK.200</sln:wojIIPPn><sln:wojIIPWersja>2017-10-10T00:00:00+02:00</sln:wojIIPWersja><sln:wojIdTeryt>18</sln:wojIdTeryt><sln:wojNazwa>podkarpackie</sln:wojNazwa></sln:miejscowosc><sln:miejscowosc><sln:cyklZyciaOd>2014-12-07T00:00:00+01:00</sln:cyklZyciaOd><sln:gmIIPId>3cc88aee-f855-4622-baad-af5e856106b4</sln:gmIIPId><sln:gmIIPPn>PL.PZGIK.200</sln:gmIIPPn><sln:gmIIPWersja>2012-09-26T22:00:27+02:00</sln:gmIIPWersja><sln:gmIdTeryt>1804062</sln:gmIdTeryt><sln:gmNazwa>Pawłosiów</sln:gmNazwa><sln:miejscIIPId>43aa50ac-3fc4-4152-9880-147a11f02561</sln:miejscIIPId><sln:miejscIIPPn>PL.PZGIK.200</sln:miejscIIPPn><sln:miejscIIPWersja>2016-11-24T13:59:37+02:00</sln:miejscIIPWersja><sln:miejscIdTeryt>0607759</sln:miejscIdTeryt><sln:miejscNazwa>Dębina</sln:miejscNazwa><sln:miejscRodzaj>Inny obiekt</sln:miejscRodzaj><sln:powIIPId>7dd14e89-f415-4bd1-be2f-94be82fe2572</sln:powIIPId><sln:powIIPPn>PL.PZGIK.200</sln:powIIPPn><sln:powIIPWersja>2012-09-27T08:01:01+02:00</sln:powIIPWersja><sln:powIdTeryt>1804</sln:powIdTeryt><sln:powNazwa>jarosławski</sln:powNazwa><sln:wojIIPId>833fe14b-fe8e-40c7-9e4e-fc27c938bb11</sln:wojIIPId><sln:wojIIPPn>PL.PZGIK.200</sln:wojIIPPn><sln:wojIIPWersja>2017-10-10T00:00:00+02:00</sln:wojIIPWersja><sln:wojIdTeryt>18</sln:wojIdTeryt><sln:wojNazwa>podkarpackie</sln:wojNazwa></sln:miejscowosc><sln:miejscowosc><sln:cyklZyciaOd>2014-12-07T00:00:00+01:00</sln:cyklZyciaOd><sln:gmIIPId>3cc88aee-f855-4622-baad-af5e856106b4</sln:gmIIPId><sln:gmIIPPn>PL.PZGIK.200</sln:gmIIPPn><sln:gmIIPWersja>2012-09-26T22:00:27+02:00</sln:gmIIPWersja><sln:gmIdTeryt>1804062</sln:gmIdTeryt><sln:gmNazwa>Pawłosiów</sln:gmNazwa><sln:miejscIIPId>19717135-86c4-40c7-815e-b9e3b2bb4234</sln:miejscIIPId><sln:miejscIIPPn>PL.PZGIK.200</sln:miejscIIPPn><sln:miejscIIPWersja>2016-11-24T13:49:46+02:00</sln:miejscIIPWersja><sln:miejscIdTeryt>0608026</sln:miejscIdTeryt><sln:miejscNazwa>Wandówka</sln:miejscNazwa><sln:miejscRodzaj>Inny obiekt</sln:miejscRodzaj><sln:powIIPId>7dd14e89-f415-4bd1-be2f-94be82fe2572</sln:powIIPId><sln:powIIPPn>PL.PZGIK.200</sln:powIIPPn><sln:powIIPWersja>2012-09-27T08:01:01+02:00</sln:powIIPWersja><sln:powIdTeryt>1804</sln:powIdTeryt><sln:powNazwa>jarosławski</sln:powNazwa><sln:wojIIPId>833fe14b-fe8e-40c7-9e4e-fc27c938bb11</sln:wojIIPId><sln:wojIIPPn>PL.PZGIK.200</sln:wojIIPPn><sln:wojIIPWersja>2017-10-10T00:00:00+02:00</sln:wojIIPWersja><sln:wojIdTeryt>18</sln:wojIdTeryt><sln:wojNazwa>podkarpackie</sln:wojNazwa></sln:miejscowosc><sln:miejscowosc><sln:cyklZyciaOd>2014-12-07T00:00:00+01:00</sln:cyklZyciaOd><sln:gmIIPId>3cc88aee-f855-4622-baad-af5e856106b4</sln:gmIIPId><sln:gmIIPPn>PL.PZGIK.200</sln:gmIIPPn><sln:gmIIPWersja>2012-09-26T22:00:27+02:00</sln:gmIIPWersja><sln:gmIdTeryt>1804062</sln:gmIdTeryt><sln:gmNazwa>Pawłosiów</sln:gmNazwa><sln:miejscIIPId>91760a08-94e3-427c-93f4-9857c3fbe018</sln:miejscIIPId><sln:miejscIIPPn>PL.PZGIK.200</sln:miejscIIPPn><sln:miejscIIPWersja>2016-11-24T13:49:46+02:00</sln:miejscIIPWersja><sln:miejscIdTeryt>0608010</sln:miejscIdTeryt><sln:miejscNazwa>Ćwiartki</sln:miejscNazwa><sln:miejscRodzaj>Inny obiekt</sln:miejscRodzaj><sln:powIIPId>7dd14e89-f415-4bd1-be2f-94be82fe2572</sln:powIIPId><sln:powIIPPn>PL.PZGIK.200</sln:powIIPPn><sln:powIIPWersja>2012-09-27T08:01:01+02:00</sln:powIIPWersja><sln:powIdTeryt>1804</sln:powIdTeryt><sln:powNazwa>jarosławski</sln:powNazwa><sln:wojIIPId>833fe14b-fe8e-40c7-9e4e-fc27c938bb11</sln:wojIIPId><sln:wojIIPPn>PL.PZGIK.200</sln:wojIIPPn><sln:wojIIPWersja>2017-10-10T00:00:00+02:00</sln:wojIIPWersja><sln:wojIdTeryt>18</sln:wojIdTeryt><sln:wojNazwa>podkarpackie</sln:wojNazwa></sln:miejscowosc><sln:miejscowosc><sln:cyklZyciaOd>2014-12-07T00:00:00+01:00</sln:cyklZyciaOd><sln:gmIIPId>3cc88aee-f855-4622-baad-af5e856106b4</sln:gmIIPId><sln:gmIIPPn>PL.PZGIK.200</sln:gmIIPPn><sln:gmIIPWersja>2012-09-26T22:00:27+02:00</sln:gmIIPWersja><sln:gmIdTeryt>1804062</sln:gmIdTeryt><sln:gmNazwa>Pawłosiów</sln:gmNazwa><sln:miejscIIPId>189d5aaf-5805-4aab-bfc1-1b3fb0664aa9</sln:miejscIIPId><sln:miejscIIPPn>PL.PZGIK.200</sln:miejscIIPPn><sln:miejscIIPWersja>2016-11-24T13:44:20+02:00</sln:miejscIIPWersja><sln:miejscIdTeryt>0607854</sln:miejscIdTeryt><sln:miejscNazwa>Ożańsk</sln:miejscNazwa><sln:miejscRodzaj>Wieś</sln:miejscRodzaj><sln:powIIPId>7dd14e89-f415-4bd1-be2f-94be82fe2572</sln:powIIPId><sln:powIIPPn>PL.PZGIK.200</sln:powIIPPn><sln:powIIPWersja>2012-09-27T08:01:01+02:00</sln:powIIPWersja><sln:powIdTeryt>1804</sln:powIdTeryt><sln:powNazwa>jarosławski</sln:powNazwa><sln:wojIIPId>833fe14b-fe8e-40c7-9e4e-fc27c938bb11</sln:wojIIPId><sln:wojIIPPn>PL.PZGIK.200</sln:wojIIPPn><sln:wojIIPWersja>2017-10-10T00:00:00+02:00</sln:wojIIPWersja><sln:wojIdTeryt>18</sln:wojIdTeryt><sln:wojNazwa>podkarpackie</sln:wojNazwa></sln:miejscowosc><sln:miejscowosc><sln:cyklZyciaOd>2014-12-07T00:00:00+01:00</sln:cyklZyciaOd><sln:gmIIPId>3cc88aee-f855-4622-baad-af5e856106b4</sln:gmIIPId><sln:gmIIPPn>PL.PZGIK.200</sln:gmIIPPn><sln:gmIIPWersja>2012-09-26T22:00:27+02:00</sln:gmIIPWersja><sln:gmIdTeryt>1804062</sln:gmIdTeryt><sln:gmNazwa>Pawłosiów</sln:gmNazwa><sln:miejscIIPId>cda7e9f6-51f4-4eba-98c7-5c03f3d6d059</sln:miejscIIPId><sln:miejscIIPPn>PL.PZGIK.200</sln:miejscIIPPn><sln:miejscIIPWersja>2016-11-24T13:59:18+02:00</sln:miejscIIPWersja><sln:miejscIdTeryt>0607877</sln:miejscIdTeryt><sln:miejscNazwa>Ogrody</sln:miejscNazwa><sln:miejscRodzaj>Inny obiekt</sln:miejscRodzaj><sln:powIIPId>7dd14e89-f415-4bd1-be2f-94be82fe2572</sln:powIIPId><sln:powIIPPn>PL.PZGIK.200</sln:powIIPPn><sln:powIIPWersja>2012-09-27T08:01:01+02:00</sln:powIIPWersja><sln:powIdTeryt>1804</sln:powIdTeryt><sln:powNazwa>jarosławski</sln:powNazwa><sln:wojIIPId>833fe14b-fe8e-40c7-9e4e-fc27c938bb11</sln:wojIIPId><sln:wojIIPPn>PL.PZGIK.200</sln:wojIIPPn><sln:wojIIPWersja>2017-10-10T00:00:00+02:00</sln:wojIIPWersja><sln:wojIdTeryt>18</sln:wojIdTeryt><sln:wojNazwa>podkarpackie</sln:wojNazwa></sln:miejscowosc><sln:miejscowosc><sln:cyklZyciaOd>2014-12-07T00:00:00+01:00</sln:cyklZyciaOd><sln:gmIIPId>3cc88aee-f855-4622-baad-af5e856106b4</sln:gmIIPId><sln:gmIIPPn>PL.PZGIK.200</sln:gmIIPPn><sln:gmIIPWersja>2012-09-26T22:00:27+02:00</sln:gmIIPWersja><sln:gmIdTeryt>1804062</sln:gmIdTeryt><sln:gmNazwa>Pawłosiów</sln:gmNazwa><sln:miejscIIPId>7a79b590-2a14-433c-afd0-185087a0d738</sln:miejscIIPId><sln:miejscIIPPn>PL.PZGIK.200</sln:miejscIIPPn><sln:miejscIIPWersja>2016-11-24T13:59:37+02:00</sln:miejscIIPWersja><sln:miejscIdTeryt>0607819</sln:miejscIdTeryt><sln:miejscNazwa>Resztówka</sln:miejscNazwa><sln:miejscRodzaj>Inny obiekt</sln:miejscRodzaj><sln:powIIPId>7dd14e89-f415-4bd1-be2f-94be82fe2572</sln:powIIPId><sln:powIIPPn>PL.PZGIK.200</sln:powIIPPn><sln:powIIPWersja>2012-09-27T08:01:01+02:00</sln:powIIPWersja><sln:powIdTeryt>1804</sln:powIdTeryt><sln:powNazwa>jarosławski</sln:powNazwa><sln:wojIIPId>833fe14b-fe8e-40c7-9e4e-fc27c938bb11</sln:wojIIPId><sln:wojIIPPn>PL.PZGIK.200</sln:wojIIPPn><sln:wojIIPWersja>2017-10-10T00:00:00+02:00</sln:wojIIPWersja><sln:wojIdTeryt>18</sln:wojIdTeryt><sln:wojNazwa>podkarpackie</sln:wojNazwa></sln:miejscowosc><sln:miejscowosc><sln:cyklZyciaOd>2014-12-07T00:00:00+01:00</sln:cyklZyciaOd><sln:gmIIPId>3cc88aee-f855-4622-baad-af5e856106b4</sln:gmIIPId><sln:gmIIPPn>PL.PZGIK.200</sln:gmIIPPn><sln:gmIIPWersja>2012-09-26T22:00:27+02:00</sln:gmIIPWersja><sln:gmIdTeryt>1804062</sln:gmIdTeryt><sln:gmNazwa>Pawłosiów</sln:gmNazwa><sln:miejscIIPId>a4ee09c4-6b08-4049-813b-e45d357e3e6b</sln:miejscIIPId><sln:miejscIIPPn>PL.PZGIK.200</sln:miejscIIPPn><sln:miejscIIPWersja>2016-11-24T13:59:22+02:00</sln:miejscIIPWersja><sln:miejscIdTeryt>0607914</sln:miejscIdTeryt><sln:miejscNazwa>Góra</sln:miejscNazwa><sln:miejscRodzaj>Inny obiekt</sln:miejscRodzaj><sln:powIIPId>7dd14e89-f415-4bd1-be2f-94be82fe2572</sln:powIIPId><sln:powIIPPn>PL.PZGIK.200</sln:powIIPPn><sln:powIIPWersja>2012-09-27T08:01:01+02:00</sln:powIIPWersja><sln:powIdTeryt>1804</sln:powIdTeryt><sln:powNazwa>jarosławski</sln:powNazwa><sln:wojIIPId>833fe14b-fe8e-40c7-9e4e-fc27c938bb11</sln:wojIIPId><sln:wojIIPPn>PL.PZGIK.200</sln:wojIIPPn><sln:wojIIPWersja>2017-10-10T00:00:00+02:00</sln:wojIIPWersja><sln:wojIdTeryt>18</sln:wojIdTeryt><sln:wojNazwa>podkarpackie</sln:wojNazwa></sln:miejscowosc></sln:lista-miejscowosci>