<?xml version="1.0" encoding="UTF-8" standalone="yes"?><sln:lista-miejscowosci xmlns:srv="http://gugik.gov.pl/schemas/slowniki-service/1.0" xmlns:sln="http://gugik.gov.pl/schemas/slowniki-schema/1.0"><sln:miejscowosc><sln:cyklZyciaOd>2014-10-02T00:00:00+02:00</sln:cyklZyciaOd><sln:gmIIPId>f485ef86-9dd3-4fea-a49d-9a25f3e29b45</sln:gmIIPId><sln:gmIIPPn>PL.PZGIK.200</sln:gmIIPPn><sln:gmIIPWersja>2012-09-26T22:00:19+02:00</sln:gmIIPWersja><sln:gmIdTeryt>1803072</sln:gmIdTeryt><sln:gmNazwa>Żyraków</sln:gmNazwa><sln:miejscIIPId>12f5862b-b6b3-4f8e-92c5-574496ad7572</sln:miejscIIPId><sln:miejscIIPPn>PL.PZGIK.200</sln:miejscIIPPn><sln:miejscIIPWersja>2016-11-24T13:34:33+02:00</sln:miejscIIPWersja><sln:miejscIdTeryt>0839903</sln:miejscIdTeryt><sln:miejscNazwa>Zasów</sln:miejscNazwa><sln:miejscRodzaj>Wieś</sln:miejscRodzaj><sln:powIIPId>5d56a379-ad83-47b3-9aa4-e7188cf79742</sln:powIIPId><sln:powIIPPn>PL.PZGIK.200</sln:powIIPPn><sln:powIIPWersja>2012-09-27T08:01:01+02:00</sln:powIIPWersja><sln:powIdTeryt>1803</sln:powIdTeryt><sln:powNazwa>dębicki</sln:powNazwa><sln:wojIIPId>833fe14b-fe8e-40c7-9e4e-fc27c938bb11</sln:wojIIPId><sln:wojIIPPn>PL.PZGIK.200</sln:wojIIPPn><sln:wojIIPWersja>2017-10-10T00:00:00+02:00</sln:wojIIPWersja><sln:wojIdTeryt>18</sln:wojIdTeryt><sln:wojNazwa>podkarpackie</sln:wojNazwa></sln:miejscowosc><sln:miejscowosc><sln:cyklZyciaOd>2014-10-02T00:00:00+02:00</sln:cyklZyciaOd><sln:gmIIPId>f485ef86-9dd3-4fea-a49d-9a25f3e29b45</sln:gmIIPId><sln:gmIIPPn>PL.PZGIK.200</sln:gmIIPPn><sln:gmIIPWersja>2012-09-26T22:00:19+02:00</sln:gmIIPWersja><sln:gmIdTeryt>1803072</sln:gmIdTeryt><sln:gmNazwa>Żyraków</sln:gmNazwa><sln:miejscIIPId>e8c2f335-551e-42f0-b4a3-fdb9581d4e54</sln:miejscIIPId><sln:miejscIIPPn>PL.PZGIK.200</sln:miejscIIPPn><sln:miejscIIPWersja>2016-11-24T13:50:23+02:00</sln:miejscIIPWersja><sln:miejscIdTeryt>0839889</sln:miejscIdTeryt><sln:miejscNazwa>Budzisz</sln:miejscNazwa><sln:miejscRodzaj>Inny obiekt</sln:miejscRodzaj><sln:powIIPId>5d56a379-ad83-47b3-9aa4-e7188cf79742</sln:powIIPId><sln:powIIPPn>PL.PZGIK.200</sln:powIIPPn><sln:powIIPWersja>2012-09-27T08:01:01+02:00</sln:powIIPWersja><sln:powIdTeryt>1803</sln:powIdTeryt><sln:powNazwa>dębicki</sln:powNazwa><sln:wojIIPId>833fe14b-fe8e-40c7-9e4e-fc27c938bb11</sln:wojIIPId><sln:wojIIPPn>PL.PZGIK.200</sln:wojIIPPn><sln:wojIIPWersja>2017-10-10T00:00:00+02:00</sln:wojIIPWersja><sln:wojIdTeryt>18</sln:wojIdTeryt><sln:wojNazwa>podkarpackie</sln:wojNazwa></sln:miejscowosc><sln:miejscowosc><sln:cyklZyciaOd>2014-10-02T00:00:00+02:00</sln:cyklZyciaOd><sln:gmIIPId>f485ef86-9dd3-4fea-a49d-9a25f3e29b45</sln:gmIIPId><sln:gmIIPPn>PL.PZGIK.200</sln:gmIIPPn><sln:gmIIPWersja>2012-09-26T22:00:19+02:00</sln:gmIIPWersja><sln:gmIdTeryt>1803072</sln:gmIdTeryt><sln:gmNazwa>Żyraków</sln:gmNazwa><sln:miejscIIPId>4f3c9def-d294-4ad0-a563-67f0779b6346</sln:miejscIIPId><sln:miejscIIPPn>PL.PZGIK.200</sln:miejscIIPPn><sln:miejscIIPWersja>2016-11-24T13:41:28+02:00</sln:miejscIIPWersja><sln:miejscIdTeryt>0839607</sln:miejscIdTeryt><sln:miejscNazwa>Bobrowa</sln:miejscNazwa><sln:miejscRodzaj>Wieś</sln:miejscRodzaj><sln:powIIPId>5d56a379-ad83-47b3-9aa4-e7188cf79742</sln:powIIPId><sln:powIIPPn>PL.PZGIK.200</sln:powIIPPn><sln:powIIPWersja>2012-09-27T08:01:01+02:00</sln:powIIPWersja><sln:powIdTeryt>1803</sln:powIdTeryt><sln:powNazwa>dębicki</sln:powNazwa><sln:wojIIPId>833fe14b-fe8e-40c7-9e4e-fc27c938bb11</sln:wojIIPId><sln:wojIIPPn>PL.PZGIK.200</sln:wojIIPPn><sln:wojIIPWersja>2017-10-10T00:00:00+02:00</sln:wojIIPWersja><sln:wojIdTeryt>18</sln:wojIdTeryt><sln:wojNazwa>podkarpackie</sln:wojNazwa></sln:miejscowosc><sln:miejscowosc><sln:cyklZyciaOd>2014-10-02T00:00:00+02:00</sln:cyklZyciaOd><sln:gmIIPId>f485ef86-9dd3-4fea-a49d-9a25f3e29b45</sln:gmIIPId><sln:gmIIPPn>PL.PZGIK.200</sln:gmIIPPn><sln:gmIIPWersja>2012-09-26T22:00:19+02:00</sln:gmIIPWersja><sln:gmIdTeryt>1803072</sln:gmIdTeryt><sln:gmNazwa>Żyraków</sln:gmNazwa><sln:miejscIIPId>7b89561b-439a-4b1a-9659-e3d19ac54c66</sln:miejscIIPId><sln:miejscIIPPn>PL.PZGIK.200</sln:miejscIIPPn><sln:miejscIIPWersja>2016-11-24T13:50:23+02:00</sln:miejscIIPWersja><sln:miejscIdTeryt>0996181</sln:miejscIdTeryt><sln:miejscNazwa>Kędzierz</sln:miejscNazwa><sln:miejscRodzaj>Inny obiekt</sln:miejscRodzaj><sln:powIIPId>5d56a379-ad83-47b3-9aa4-e7188cf79742</sln:powIIPId><sln:powIIPPn>PL.PZGIK.200</sln:powIIPPn><sln:powIIPWersja>2012-09-27T08:01:01+02:00</sln:powIIPWersja><sln:powIdTeryt>1803</sln:powIdTeryt><sln:powNazwa>dębicki</sln:powNazwa><sln:wojIIPId>833fe14b-fe8e-40c7-9e4e-fc27c938bb11</sln:wojIIPId><sln:wojIIPPn>PL.PZGIK.200</sln:wojIIPPn><sln:wojIIPWersja>2017-10-10T00:00:00+02:00</sln:wojIIPWersja><sln:wojIdTeryt>18</sln:wojIdTeryt><sln:wojNazwa>podkarpackie</sln:wojNazwa></sln:miejscowosc><sln:miejscowosc><sln:cyklZyciaOd>2014-10-02T00:00:00+02:00</sln:cyklZyciaOd><sln:gmIIPId>f485ef86-9dd3-4fea-a49d-9a25f3e29b45</sln:gmIIPId><sln:gmIIPPn>PL.PZGIK.200</sln:gmIIPPn><sln:gmIIPWersja>2012-09-26T22:00:19+02:00</sln:gmIIPWersja><sln:gmIdTeryt>1803072</sln:gmIdTeryt><sln:gmNazwa>Żyraków</sln:gmNazwa><sln:miejscIIPId>e8c60fd4-38e9-4f56-bd51-d8cd245767a9</sln:miejscIIPId><sln:miejscIIPPn>PL.PZGIK.200</sln:miejscIIPPn><sln:miejscIIPWersja>2016-11-24T13:37:37+02:00</sln:miejscIIPWersja><sln:miejscIdTeryt>0839659</sln:miejscIdTeryt><sln:miejscNazwa>Góra Motyczna</sln:miejscNazwa><sln:miejscRodzaj>Wieś</sln:miejscRodzaj><sln:powIIPId>5d56a379-ad83-47b3-9aa4-e7188cf79742</sln:powIIPId><sln:powIIPPn>PL.PZGIK.200</sln:powIIPPn><sln:powIIPWersja>2012-09-27T08:01:01+02:00</sln:powIIPWersja><sln:powIdTeryt>1803</sln:powIdTeryt><sln:powNazwa>dębicki</sln:powNazwa><sln:wojIIPId>833fe14b-fe8e-40c7-9e4e-fc27c938bb11</sln:wojIIPId><sln:wojIIPPn>PL.PZGIK.200</sln:wojIIPPn><sln:wojIIPWersja>2017-10-10T00:00:00+02:00</sln:wojIIPWersja><sln:wojIdTeryt>18</sln:wojIdTeryt><sln:wojNazwa>podkarpackie</sln:wojNazwa></sln:miejscowosc><sln:miejscowosc><sln:cyklZyciaOd>2014-10-02T00:00:00+02:00</sln:cyklZyciaOd><sln:gmIIPId>f485ef86-9dd3-4fea-a49d-9a25f3e29b45</sln:gmIIPId><sln:gmIIPPn>PL.PZGIK.200</sln:gmIIPPn><sln:gmIIPWersja>2012-09-26T22:00:19+02:00</sln:gmIIPWersja><sln:gmIdTeryt>1803072</sln:gmIdTeryt><sln:gmNazwa>Żyraków</sln:gmNazwa><sln:miejscIIPId>20188cc3-987b-48c7-9b62-18ff9c39f799</sln:miejscIIPId><sln:miejscIIPPn>PL.PZGIK.200</sln:miejscIIPPn><sln:miejscIIPWersja>2016-11-24T13:31:29+02:00</sln:miejscIIPWersja><sln:miejscIdTeryt>0839783</sln:miejscIdTeryt><sln:miejscNazwa>Straszęcin</sln:miejscNazwa><sln:miejscRodzaj>Wieś</sln:miejscRodzaj><sln:powIIPId>5d56a379-ad83-47b3-9aa4-e7188cf79742</sln:powIIPId><sln:powIIPPn>PL.PZGIK.200</sln:powIIPPn><sln:powIIPWersja>2012-09-27T08:01:01+02:00</sln:powIIPWersja><sln:powIdTeryt>1803</sln:powIdTeryt><sln:powNazwa>dębicki</sln:powNazwa><sln:wojIIPId>833fe14b-fe8e-40c7-9e4e-fc27c938bb11</sln:wojIIPId><sln:wojIIPPn>PL.PZGIK.200</sln:wojIIPPn><sln:wojIIPWersja>2017-10-10T00:00:00+02:00</sln:wojIIPWersja><sln:wojIdTeryt>18</sln:wojIdTeryt><sln:wojNazwa>podkarpackie</sln:wojNazwa></sln:miejscowosc><sln:miejscowosc><sln:cyklZyciaOd>2014-10-02T00:00:00+02:00</sln:cyklZyciaOd><sln:gmIIPId>f485ef86-9dd3-4fea-a49d-9a25f3e29b45</sln:gmIIPId><sln:gmIIPPn>PL.PZGIK.200</sln:gmIIPPn><sln:gmIIPWersja>2012-09-26T22:00:19+02:00</sln:gmIIPWersja><sln:gmIdTeryt>1803072</sln:gmIdTeryt><sln:gmNazwa>Żyraków</sln:gmNazwa><sln:miejscIIPId>535a826e-754f-4490-ac2a-cbedea6562b5</sln:miejscIIPId><sln:miejscIIPPn>PL.PZGIK.200</sln:miejscIIPPn><sln:miejscIIPWersja>2016-11-24T13:30:11+02:00</sln:miejscIIPWersja><sln:miejscIdTeryt>3004267</sln:miejscIdTeryt><sln:miejscNazwa>Buce</sln:miejscNazwa><sln:miejscRodzaj>Inny obiekt</sln:miejscRodzaj><sln:powIIPId>5d56a379-ad83-47b3-9aa4-e7188cf79742</sln:powIIPId><sln:powIIPPn>PL.PZGIK.200</sln:powIIPPn><sln:powIIPWersja>2012-09-27T08:01:01+02:00</sln:powIIPWersja><sln:powIdTeryt>1803</sln:powIdTeryt><sln:powNazwa>dębicki</sln:powNazwa><sln:wojIIPId>833fe14b-fe8e-40c7-9e4e-fc27c938bb11</sln:wojIIPId><sln:wojIIPPn>PL.PZGIK.200</sln:wojIIPPn><sln:wojIIPWersja>2017-10-10T00:00:00+02:00</sln:wojIIPWersja><sln:wojIdTeryt>18</sln:wojIdTeryt><sln:wojNazwa>podkarpackie</sln:wojNazwa></sln:miejscowosc><sln:miejscowosc><sln:cyklZyciaOd>2014-10-02T00:00:00+02:00</sln:cyklZyciaOd><sln:gmIIPId>f485ef86-9dd3-4fea-a49d-9a25f3e29b45</sln:gmIIPId><sln:gmIIPPn>PL.PZGIK.200</sln:gmIIPPn><sln:gmIIPWersja>2012-09-26T22:00:19+02:00</sln:gmIIPWersja><sln:gmIdTeryt>1803072</sln:gmIdTeryt><sln:gmNazwa>Żyraków</sln:gmNazwa><sln:miejscIIPId>8d844bc9-195e-490f-b4d5-8cc9d8846702</sln:miejscIIPId><sln:miejscIIPPn>PL.PZGIK.200</sln:miejscIIPPn><sln:miejscIIPWersja>2016-11-24T13:50:23+02:00</sln:miejscIIPWersja><sln:miejscIdTeryt>0839843</sln:miejscIdTeryt><sln:miejscNazwa>Siemiona</sln:miejscNazwa><sln:miejscRodzaj>Inny obiekt</sln:miejscRodzaj><sln:powIIPId>5d56a379-ad83-47b3-9aa4-e7188cf79742</sln:powIIPId><sln:powIIPPn>PL.PZGIK.200</sln:powIIPPn><sln:powIIPWersja>2012-09-27T08:01:01+02:00</sln:powIIPWersja><sln:powIdTeryt>1803</sln:powIdTeryt><sln:powNazwa>dębicki</sln:powNazwa><sln:wojIIPId>833fe14b-fe8e-40c7-9e4e-fc27c938bb11</sln:wojIIPId><sln:wojIIPPn>PL.PZGIK.200</sln:wojIIPPn><sln:wojIIPWersja>2017-10-10T00:00:00+02:00</sln:wojIIPWersja><sln:wojIdTeryt>18</sln:wojIdTeryt><sln:wojNazwa>podkarpackie</sln:wojNazwa></sln:miejscowosc><sln:miejscowosc><sln:cyklZyciaOd>2014-10-02T00:00:00+02:00</sln:cyklZyciaOd><sln:gmIIPId>f485ef86-9dd3-4fea-a49d-9a25f3e29b45</sln:gmIIPId><sln:gmIIPPn>PL.PZGIK.200</sln:gmIIPPn><sln:gmIIPWersja>2012-09-26T22:00:19+02:00</sln:gmIIPWersja><sln:gmIdTeryt>1803072</sln:gmIdTeryt><sln:gmNazwa>Żyraków</sln:gmNazwa><sln:miejscIIPId>4f18e325-67c5-47ad-8e53-fd673216fcac</sln:miejscIIPId><sln:miejscIIPPn>PL.PZGIK.200</sln:miejscIIPPn><sln:miejscIIPWersja>2016-11-24T13:58:18+02:00</sln:miejscIIPWersja><sln:miejscIdTeryt>0839777</sln:miejscIdTeryt><sln:miejscNazwa>Wola</sln:miejscNazwa><sln:miejscRodzaj>Inny obiekt</sln:miejscRodzaj><sln:powIIPId>5d56a379-ad83-47b3-9aa4-e7188cf79742</sln:powIIPId><sln:powIIPPn>PL.PZGIK.200</sln:powIIPPn><sln:powIIPWersja>2012-09-27T08:01:01+02:00</sln:powIIPWersja><sln:powIdTeryt>1803</sln:powIdTeryt><sln:powNazwa>dębicki</sln:powNazwa><sln:wojIIPId>833fe14b-fe8e-40c7-9e4e-fc27c938bb11</sln:wojIIPId><sln:wojIIPPn>PL.PZGIK.200</sln:wojIIPPn><sln:wojIIPWersja>2017-10-10T00:00:00+02:00</sln:wojIIPWersja><sln:wojIdTeryt>18</sln:wojIdTeryt><sln:wojNazwa>podkarpackie</sln:wojNazwa></sln:miejscowosc><sln:miejscowosc><sln:cyklZyciaOd>2014-10-02T00:00:00+02:00</sln:cyklZyciaOd><sln:gmIIPId>f485ef86-9dd3-4fea-a49d-9a25f3e29b45</sln:gmIIPId><sln:gmIIPPn>PL.PZGIK.200</sln:gmIIPPn><sln:gmIIPWersja>2012-09-26T22:00:19+02:00</sln:gmIIPWersja><sln:gmIdTeryt>1803072</sln:gmIdTeryt><sln:gmNazwa>Żyraków</sln:gmNazwa><sln:miejscIIPId>1e67871c-669d-49f1-b1f5-4bc7f799ca0c</sln:miejscIIPId><sln:miejscIIPPn>PL.PZGIK.200</sln:miejscIIPPn><sln:miejscIIPWersja>2016-11-24T13:50:23+02:00</sln:miejscIIPWersja><sln:miejscIdTeryt>0839872</sln:miejscIdTeryt><sln:miejscNazwa>Brzeziny</sln:miejscNazwa><sln:miejscRodzaj>Inny obiekt</sln:miejscRodzaj><sln:powIIPId>5d56a379-ad83-47b3-9aa4-e7188cf79742</sln:powIIPId><sln:powIIPPn>PL.PZGIK.200</sln:powIIPPn><sln:powIIPWersja>2012-09-27T08:01:01+02:00</sln:powIIPWersja><sln:powIdTeryt>1803</sln:powIdTeryt><sln:powNazwa>dębicki</sln:powNazwa><sln:wojIIPId>833fe14b-fe8e-40c7-9e4e-fc27c938bb11</sln:wojIIPId><sln:wojIIPPn>PL.PZGIK.200</sln:wojIIPPn><sln:wojIIPWersja>2017-10-10T00:00:00+02:00</sln:wojIIPWersja><sln:wojIdTeryt>18</sln:wojIdTeryt><sln:wojNazwa>podkarpackie</sln:wojNazwa></sln:miejscowosc><sln:miejscowosc><sln:cyklZyciaOd>2014-10-02T00:00:00+02:00</sln:cyklZyciaOd><sln:gmIIPId>f485ef86-9dd3-4fea-a49d-9a25f3e29b45</sln:gmIIPId><sln:gmIIPPn>PL.PZGIK.200</sln:gmIIPPn><sln:gmIIPWersja>2012-09-26T22:00:19+02:00</sln:gmIIPWersja><sln:gmIdTeryt>1803072</sln:gmIdTeryt><sln:gmNazwa>Żyraków</sln:gmNazwa><sln:miejscIIPId>2f03e7a9-30ce-4731-8524-18e0b9d686cd</sln:miejscIIPId><sln:miejscIIPPn>PL.PZGIK.200</sln:miejscIIPPn><sln:miejscIIPWersja>2016-11-24T13:50:23+02:00</sln:miejscIIPWersja><sln:miejscIdTeryt>0839850</sln:miejscIdTeryt><sln:miejscNazwa>Świercze</sln:miejscNazwa><sln:miejscRodzaj>Inny obiekt</sln:miejscRodzaj><sln:powIIPId>5d56a379-ad83-47b3-9aa4-e7188cf79742</sln:powIIPId><sln:powIIPPn>PL.PZGIK.200</sln:powIIPPn><sln:powIIPWersja>2012-09-27T08:01:01+02:00</sln:powIIPWersja><sln:powIdTeryt>1803</sln:powIdTeryt><sln:powNazwa>dębicki</sln:powNazwa><sln:wojIIPId>833fe14b-fe8e-40c7-9e4e-fc27c938bb11</sln:wojIIPId><sln:wojIIPPn>PL.PZGIK.200</sln:wojIIPPn><sln:wojIIPWersja>2017-10-10T00:00:00+02:00</sln:wojIIPWersja><sln:wojIdTeryt>18</sln:wojIdTeryt><sln:wojNazwa>podkarpackie</sln:wojNazwa></sln:miejscowosc><sln:miejscowosc><sln:cyklZyciaOd>2014-10-02T00:00:00+02:00</sln:cyklZyciaOd><sln:gmIIPId>f485ef86-9dd3-4fea-a49d-9a25f3e29b45</sln:gmIIPId><sln:gmIIPPn>PL.PZGIK.200</sln:gmIIPPn><sln:gmIIPWersja>2012-09-26T22:00:19+02:00</sln:gmIIPWersja><sln:gmIdTeryt>1803072</sln:gmIdTeryt><sln:gmNazwa>Żyraków</sln:gmNazwa><sln:miejscIIPId>d5b64a0e-9cfa-46ea-be50-156b15fe853f</sln:miejscIIPId><sln:miejscIIPPn>PL.PZGIK.200</sln:miejscIIPPn><sln:miejscIIPWersja>2016-11-24T13:51:06+02:00</sln:miejscIIPWersja><sln:miejscIdTeryt>0839932</sln:miejscIdTeryt><sln:miejscNazwa>Rynek</sln:miejscNazwa><sln:miejscRodzaj>Inny obiekt</sln:miejscRodzaj><sln:powIIPId>5d56a379-ad83-47b3-9aa4-e7188cf79742</sln:powIIPId><sln:powIIPPn>PL.PZGIK.200</sln:powIIPPn><sln:powIIPWersja>2012-09-27T08:01:01+02:00</sln:powIIPWersja><sln:powIdTeryt>1803</sln:powIdTeryt><sln:powNazwa>dębicki</sln:powNazwa><sln:wojIIPId>833fe14b-fe8e-40c7-9e4e-fc27c938bb11</sln:wojIIPId><sln:wojIIPPn>PL.PZGIK.200</sln:wojIIPPn><sln:wojIIPWersja>2017-10-10T00:00:00+02:00</sln:wojIIPWersja><sln:wojIdTeryt>18</sln:wojIdTeryt><sln:wojNazwa>podkarpackie</sln:wojNazwa></sln:miejscowosc><sln:miejscowosc><sln:cyklZyciaOd>2014-10-02T00:00:00+02:00</sln:cyklZyciaOd><sln:gmIIPId>f485ef86-9dd3-4fea-a49d-9a25f3e29b45</sln:gmIIPId><sln:gmIIPPn>PL.PZGIK.200</sln:gmIIPPn><sln:gmIIPWersja>2012-09-26T22:00:19+02:00</sln:gmIIPWersja><sln:gmIdTeryt>1803072</sln:gmIdTeryt><sln:gmNazwa>Żyraków</sln:gmNazwa><sln:miejscIIPId>220860bd-cb27-4d58-8fd4-c26785e41fb4</sln:miejscIIPId><sln:miejscIIPPn>PL.PZGIK.200</sln:miejscIIPPn><sln:miejscIIPWersja>2016-11-24T13:51:06+02:00</sln:miejscIIPWersja><sln:miejscIdTeryt>0839926</sln:miejscIdTeryt><sln:miejscNazwa>Parkany</sln:miejscNazwa><sln:miejscRodzaj>Inny obiekt</sln:miejscRodzaj><sln:powIIPId>5d56a379-ad83-47b3-9aa4-e7188cf79742</sln:powIIPId><sln:powIIPPn>PL.PZGIK.200</sln:powIIPPn><sln:powIIPWersja>2012-09-27T08:01:01+02:00</sln:powIIPWersja><sln:powIdTeryt>1803</sln:powIdTeryt><sln:powNazwa>dębicki</sln:powNazwa><sln:wojIIPId>833fe14b-fe8e-40c7-9e4e-fc27c938bb11</sln:wojIIPId><sln:wojIIPPn>PL.PZGIK.200</sln:wojIIPPn><sln:wojIIPWersja>2017-10-10T00:00:00+02:00</sln:wojIIPWersja><sln:wojIdTeryt>18</sln:wojIdTeryt><sln:wojNazwa>podkarpackie</sln:wojNazwa></sln:miejscowosc><sln:miejscowosc><sln:cyklZyciaOd>2014-10-02T00:00:00+02:00</sln:cyklZyciaOd><sln:gmIIPId>f485ef86-9dd3-4fea-a49d-9a25f3e29b45</sln:gmIIPId><sln:gmIIPPn>PL.PZGIK.200</sln:gmIIPPn><sln:gmIIPWersja>2012-09-26T22:00:19+02:00</sln:gmIIPWersja><sln:gmIdTeryt>1803072</sln:gmIdTeryt><sln:gmNazwa>Żyraków</sln:gmNazwa><sln:miejscIIPId>d4e8cb20-8c5b-4874-a30e-c189e2c5395d</sln:miejscIIPId><sln:miejscIIPPn>PL.PZGIK.200</sln:miejscIIPPn><sln:miejscIIPWersja>2016-11-24T13:55:59+02:00</sln:miejscIIPWersja><sln:miejscIdTeryt>0996130</sln:miejscIdTeryt><sln:miejscNazwa>Borki</sln:miejscNazwa><sln:miejscRodzaj>Inny obiekt</sln:miejscRodzaj><sln:powIIPId>5d56a379-ad83-47b3-9aa4-e7188cf79742</sln:powIIPId><sln:powIIPPn>PL.PZGIK.200</sln:powIIPPn><sln:powIIPWersja>2012-09-27T08:01:01+02:00</sln:powIIPWersja><sln:powIdTeryt>1803</sln:powIdTeryt><sln:powNazwa>dębicki</sln:powNazwa><sln:wojIIPId>833fe14b-fe8e-40c7-9e4e-fc27c938bb11</sln:wojIIPId><sln:wojIIPPn>PL.PZGIK.200</sln:wojIIPPn><sln:wojIIPWersja>2017-10-10T00:00:00+02:00</sln:wojIIPWersja><sln:wojIdTeryt>18</sln:wojIdTeryt><sln:wojNazwa>podkarpackie</sln:wojNazwa></sln:miejscowosc><sln:miejscowosc><sln:cyklZyciaOd>2014-10-02T00:00:00+02:00</sln:cyklZyciaOd><sln:gmIIPId>f485ef86-9dd3-4fea-a49d-9a25f3e29b45</sln:gmIIPId><sln:gmIIPPn>PL.PZGIK.200</sln:gmIIPPn><sln:gmIIPWersja>2012-09-26T22:00:19+02:00</sln:gmIIPWersja><sln:gmIdTeryt>1803072</sln:gmIdTeryt><sln:gmNazwa>Żyraków</sln:gmNazwa><sln:miejscIIPId>36ed34d5-a61f-4469-bbc2-d1edd0562131</sln:miejscIIPId><sln:miejscIIPPn>PL.PZGIK.200</sln:miejscIIPPn><sln:miejscIIPWersja>2016-11-24T13:51:06+02:00</sln:miejscIIPWersja><sln:miejscIdTeryt>0839910</sln:miejscIdTeryt><sln:miejscNazwa>Międzylesie</sln:miejscNazwa><sln:miejscRodzaj>Inny obiekt</sln:miejscRodzaj><sln:powIIPId>5d56a379-ad83-47b3-9aa4-e7188cf79742</sln:powIIPId><sln:powIIPPn>PL.PZGIK.200</sln:powIIPPn><sln:powIIPWersja>2012-09-27T08:01:01+02:00</sln:powIIPWersja><sln:powIdTeryt>1803</sln:powIdTeryt><sln:powNazwa>dębicki</sln:powNazwa><sln:wojIIPId>833fe14b-fe8e-40c7-9e4e-fc27c938bb11</sln:wojIIPId><sln:wojIIPPn>PL.PZGIK.200</sln:wojIIPPn><sln:wojIIPWersja>2017-10-10T00:00:00+02:00</sln:wojIIPWersja><sln:wojIdTeryt>18</sln:wojIdTeryt><sln:wojNazwa>podkarpackie</sln:wojNazwa></sln:miejscowosc><sln:miejscowosc><sln:cyklZyciaOd>2014-10-02T00:00:00+02:00</sln:cyklZyciaOd><sln:gmIIPId>f485ef86-9dd3-4fea-a49d-9a25f3e29b45</sln:gmIIPId><sln:gmIIPPn>PL.PZGIK.200</sln:gmIIPPn><sln:gmIIPWersja>2012-09-26T22:00:19+02:00</sln:gmIIPWersja><sln:gmIdTeryt>1803072</sln:gmIdTeryt><sln:gmNazwa>Żyraków</sln:gmNazwa><sln:miejscIIPId>a65f03d4-51b2-4184-9c27-e814204d336c</sln:miejscIIPId><sln:miejscIIPPn>PL.PZGIK.200</sln:miejscIIPPn><sln:miejscIIPWersja>2016-11-24T13:55:59+02:00</sln:miejscIIPWersja><sln:miejscIdTeryt>0996146</sln:miejscIdTeryt><sln:miejscNazwa>Zagrodzie</sln:miejscNazwa><sln:miejscRodzaj>Inny obiekt</sln:miejscRodzaj><sln:powIIPId>5d56a379-ad83-47b3-9aa4-e7188cf79742</sln:powIIPId><sln:powIIPPn>PL.PZGIK.200</sln:powIIPPn><sln:powIIPWersja>2012-09-27T08:01:01+02:00</sln:powIIPWersja><sln:powIdTeryt>1803</sln:powIdTeryt><sln:powNazwa>dębicki</sln:powNazwa><sln:wojIIPId>833fe14b-fe8e-40c7-9e4e-fc27c938bb11</sln:wojIIPId><sln:wojIIPPn>PL.PZGIK.200</sln:wojIIPPn><sln:wojIIPWersja>2017-10-10T00:00:00+02:00</sln:wojIIPWersja><sln:wojIdTeryt>18</sln:wojIdTeryt><sln:wojNazwa>podkarpackie</sln:wojNazwa></sln:miejscowosc><sln:miejscowosc><sln:cyklZyciaOd>2014-10-02T00:00:00+02:00</sln:cyklZyciaOd><sln:gmIIPId>f485ef86-9dd3-4fea-a49d-9a25f3e29b45</sln:gmIIPId><sln:gmIIPPn>PL.PZGIK.200</sln:gmIIPPn><sln:gmIIPWersja>2012-09-26T22:00:19+02:00</sln:gmIIPWersja><sln:gmIdTeryt>1803072</sln:gmIdTeryt><sln:gmNazwa>Żyraków</sln:gmNazwa><sln:miejscIIPId>85311647-9d53-4a11-952d-17b856fae0af</sln:miejscIIPId><sln:miejscIIPPn>PL.PZGIK.200</sln:miejscIIPPn><sln:miejscIIPWersja>2016-11-24T13:58:18+02:00</sln:miejscIIPWersja><sln:miejscIdTeryt>0839748</sln:miejscIdTeryt><sln:miejscNazwa>Cieszęciny</sln:miejscNazwa><sln:miejscRodzaj>Inny obiekt</sln:miejscRodzaj><sln:powIIPId>5d56a379-ad83-47b3-9aa4-e7188cf79742</sln:powIIPId><sln:powIIPPn>PL.PZGIK.200</sln:powIIPPn><sln:powIIPWersja>2012-09-27T08:01:01+02:00</sln:powIIPWersja><sln:powIdTeryt>1803</sln:powIdTeryt><sln:powNazwa>dębicki</sln:powNazwa><sln:wojIIPId>833fe14b-fe8e-40c7-9e4e-fc27c938bb11</sln:wojIIPId><sln:wojIIPPn>PL.PZGIK.200</sln:wojIIPPn><sln:wojIIPWersja>2017-10-10T00:00:00+02:00</sln:wojIIPWersja><sln:wojIdTeryt>18</sln:wojIdTeryt><sln:wojNazwa>podkarpackie</sln:wojNazwa></sln:miejscowosc><sln:miejscowosc><sln:cyklZyciaOd>2014-10-02T00:00:00+02:00</sln:cyklZyciaOd><sln:gmIIPId>f485ef86-9dd3-4fea-a49d-9a25f3e29b45</sln:gmIIPId><sln:gmIIPPn>PL.PZGIK.200</sln:gmIIPPn><sln:gmIIPWersja>2012-09-26T22:00:19+02:00</sln:gmIIPWersja><sln:gmIdTeryt>1803072</sln:gmIdTeryt><sln:gmNazwa>Żyraków</sln:gmNazwa><sln:miejscIIPId>b476d048-974c-44ed-8f3c-89b97e8be805</sln:miejscIIPId><sln:miejscIIPPn>PL.PZGIK.200</sln:miejscIIPPn><sln:miejscIIPWersja>2016-11-24T13:55:59+02:00</sln:miejscIIPWersja><sln:miejscIdTeryt>0839694</sln:miejscIdTeryt><sln:miejscNazwa>Łazy</sln:miejscNazwa><sln:miejscRodzaj>Inny obiekt</sln:miejscRodzaj><sln:powIIPId>5d56a379-ad83-47b3-9aa4-e7188cf79742</sln:powIIPId><sln:powIIPPn>PL.PZGIK.200</sln:powIIPPn><sln:powIIPWersja>2012-09-27T08:01:01+02:00</sln:powIIPWersja><sln:powIdTeryt>1803</sln:powIdTeryt><sln:powNazwa>dębicki</sln:powNazwa><sln:wojIIPId>833fe14b-fe8e-40c7-9e4e-fc27c938bb11</sln:wojIIPId><sln:wojIIPPn>PL.PZGIK.200</sln:wojIIPPn><sln:wojIIPWersja>2017-10-10T00:00:00+02:00</sln:wojIIPWersja><sln:wojIdTeryt>18</sln:wojIdTeryt><sln:wojNazwa>podkarpackie</sln:wojNazwa></sln:miejscowosc><sln:miejscowosc><sln:cyklZyciaOd>2014-10-02T00:00:00+02:00</sln:cyklZyciaOd><sln:gmIIPId>f485ef86-9dd3-4fea-a49d-9a25f3e29b45</sln:gmIIPId><sln:gmIIPPn>PL.PZGIK.200</sln:gmIIPPn><sln:gmIIPWersja>2012-09-26T22:00:19+02:00</sln:gmIIPWersja><sln:gmIdTeryt>1803072</sln:gmIdTeryt><sln:gmNazwa>Żyraków</sln:gmNazwa><sln:miejscIIPId>d2f7525b-6d62-4cc4-9293-bd7239a39e7b</sln:miejscIIPId><sln:miejscIIPPn>PL.PZGIK.200</sln:miejscIIPPn><sln:miejscIIPWersja>2016-11-24T13:39:50+02:00</sln:miejscIIPWersja><sln:miejscIdTeryt>0839671</sln:miejscIdTeryt><sln:miejscNazwa>Korzeniów</sln:miejscNazwa><sln:miejscRodzaj>Wieś</sln:miejscRodzaj><sln:powIIPId>5d56a379-ad83-47b3-9aa4-e7188cf79742</sln:powIIPId><sln:powIIPPn>PL.PZGIK.200</sln:powIIPPn><sln:powIIPWersja>2012-09-27T08:01:01+02:00</sln:powIIPWersja><sln:powIdTeryt>1803</sln:powIdTeryt><sln:powNazwa>dębicki</sln:powNazwa><sln:wojIIPId>833fe14b-fe8e-40c7-9e4e-fc27c938bb11</sln:wojIIPId><sln:wojIIPPn>PL.PZGIK.200</sln:wojIIPPn><sln:wojIIPWersja>2017-10-10T00:00:00+02:00</sln:wojIIPWersja><sln:wojIdTeryt>18</sln:wojIdTeryt><sln:wojNazwa>podkarpackie</sln:wojNazwa></sln:miejscowosc><sln:miejscowosc><sln:cyklZyciaOd>2014-10-02T00:00:00+02:00</sln:cyklZyciaOd><sln:gmIIPId>f485ef86-9dd3-4fea-a49d-9a25f3e29b45</sln:gmIIPId><sln:gmIIPPn>PL.PZGIK.200</sln:gmIIPPn><sln:gmIIPWersja>2012-09-26T22:00:19+02:00</sln:gmIIPWersja><sln:gmIdTeryt>1803072</sln:gmIdTeryt><sln:gmNazwa>Żyraków</sln:gmNazwa><sln:miejscIIPId>0024210a-4b6b-4328-99c0-0c2b063fbb0c</sln:miejscIIPId><sln:miejscIIPPn>PL.PZGIK.200</sln:miejscIIPPn><sln:miejscIIPWersja>2016-11-24T13:41:28+02:00</sln:miejscIIPWersja><sln:miejscIdTeryt>0839642</sln:miejscIdTeryt><sln:miejscNazwa>Bobrowa Wola</sln:miejscNazwa><sln:miejscRodzaj>Wieś</sln:miejscRodzaj><sln:powIIPId>5d56a379-ad83-47b3-9aa4-e7188cf79742</sln:powIIPId><sln:powIIPPn>PL.PZGIK.200</sln:powIIPPn><sln:powIIPWersja>2012-09-27T08:01:01+02:00</sln:powIIPWersja><sln:powIdTeryt>1803</sln:powIdTeryt><sln:powNazwa>dębicki</sln:powNazwa><sln:wojIIPId>833fe14b-fe8e-40c7-9e4e-fc27c938bb11</sln:wojIIPId><sln:wojIIPPn>PL.PZGIK.200</sln:wojIIPPn><sln:wojIIPWersja>2017-10-10T00:00:00+02:00</sln:wojIIPWersja><sln:wojIdTeryt>18</sln:wojIdTeryt><sln:wojNazwa>podkarpackie</sln:wojNazwa></sln:miejscowosc><sln:miejscowosc><sln:cyklZyciaOd>2014-10-02T00:00:00+02:00</sln:cyklZyciaOd><sln:gmIIPId>f485ef86-9dd3-4fea-a49d-9a25f3e29b45</sln:gmIIPId><sln:gmIIPPn>PL.PZGIK.200</sln:gmIIPPn><sln:gmIIPWersja>2012-09-26T22:00:19+02:00</sln:gmIIPWersja><sln:gmIdTeryt>1803072</sln:gmIdTeryt><sln:gmNazwa>Żyraków</sln:gmNazwa><sln:miejscIIPId>7c108a5e-e860-4d3f-8a88-859a9c207d2d</sln:miejscIIPId><sln:miejscIIPPn>PL.PZGIK.200</sln:miejscIIPPn><sln:miejscIIPWersja>2016-11-24T13:55:59+02:00</sln:miejscIIPWersja><sln:miejscIdTeryt>0839702</sln:miejscIdTeryt><sln:miejscNazwa>Świerczków</sln:miejscNazwa><sln:miejscRodzaj>Inny obiekt</sln:miejscRodzaj><sln:powIIPId>5d56a379-ad83-47b3-9aa4-e7188cf79742</sln:powIIPId><sln:powIIPPn>PL.PZGIK.200</sln:powIIPPn><sln:powIIPWersja>2012-09-27T08:01:01+02:00</sln:powIIPWersja><sln:powIdTeryt>1803</sln:powIdTeryt><sln:powNazwa>dębicki</sln:powNazwa><sln:wojIIPId>833fe14b-fe8e-40c7-9e4e-fc27c938bb11</sln:wojIIPId><sln:wojIIPPn>PL.PZGIK.200</sln:wojIIPPn><sln:wojIIPWersja>2017-10-10T00:00:00+02:00</sln:wojIIPWersja><sln:wojIdTeryt>18</sln:wojIdTeryt><sln:wojNazwa>podkarpackie</sln:wojNazwa></sln:miejscowosc><sln:miejscowosc><sln:cyklZyciaOd>2014-10-02T00:00:00+02:00</sln:cyklZyciaOd><sln:gmIIPId>f485ef86-9dd3-4fea-a49d-9a25f3e29b45</sln:gmIIPId><sln:gmIIPPn>PL.PZGIK.200</sln:gmIIPPn><sln:gmIIPWersja>2012-09-26T22:00:19+02:00</sln:gmIIPWersja><sln:gmIdTeryt>1803072</sln:gmIdTeryt><sln:gmNazwa>Żyraków</sln:gmNazwa><sln:miejscIIPId>1a942994-61d8-4cbd-858c-d3eefdc7e4e0</sln:miejscIIPId><sln:miejscIIPPn>PL.PZGIK.200</sln:miejscIIPPn><sln:miejscIIPWersja>2016-11-24T13:55:59+02:00</sln:miejscIIPWersja><sln:miejscIdTeryt>0839719</sln:miejscIdTeryt><sln:miejscNazwa>Wolica</sln:miejscNazwa><sln:miejscRodzaj>Inny obiekt</sln:miejscRodzaj><sln:powIIPId>5d56a379-ad83-47b3-9aa4-e7188cf79742</sln:powIIPId><sln:powIIPPn>PL.PZGIK.200</sln:powIIPPn><sln:powIIPWersja>2012-09-27T08:01:01+02:00</sln:powIIPWersja><sln:powIdTeryt>1803</sln:powIdTeryt><sln:powNazwa>dębicki</sln:powNazwa><sln:wojIIPId>833fe14b-fe8e-40c7-9e4e-fc27c938bb11</sln:wojIIPId><sln:wojIIPPn>PL.PZGIK.200</sln:wojIIPPn><sln:wojIIPWersja>2017-10-10T00:00:00+02:00</sln:wojIIPWersja><sln:wojIdTeryt>18</sln:wojIdTeryt><sln:wojNazwa>podkarpackie</sln:wojNazwa></sln:miejscowosc><sln:miejscowosc><sln:cyklZyciaOd>2014-10-02T00:00:00+02:00</sln:cyklZyciaOd><sln:gmIIPId>f485ef86-9dd3-4fea-a49d-9a25f3e29b45</sln:gmIIPId><sln:gmIIPPn>PL.PZGIK.200</sln:gmIIPPn><sln:gmIIPWersja>2012-09-26T22:00:19+02:00</sln:gmIIPWersja><sln:gmIdTeryt>1803072</sln:gmIdTeryt><sln:gmNazwa>Żyraków</sln:gmNazwa><sln:miejscIIPId>5ca37f48-2f9d-45c4-a27f-67dbb5f8c76b</sln:miejscIIPId><sln:miejscIIPPn>PL.PZGIK.200</sln:miejscIIPPn><sln:miejscIIPWersja>2016-11-24T13:42:38+02:00</sln:miejscIIPWersja><sln:miejscIdTeryt>0839725</sln:miejscIdTeryt><sln:miejscNazwa>Mokre</sln:miejscNazwa><sln:miejscRodzaj>Wieś</sln:miejscRodzaj><sln:powIIPId>5d56a379-ad83-47b3-9aa4-e7188cf79742</sln:powIIPId><sln:powIIPPn>PL.PZGIK.200</sln:powIIPPn><sln:powIIPWersja>2012-09-27T08:01:01+02:00</sln:powIIPWersja><sln:powIdTeryt>1803</sln:powIdTeryt><sln:powNazwa>dębicki</sln:powNazwa><sln:wojIIPId>833fe14b-fe8e-40c7-9e4e-fc27c938bb11</sln:wojIIPId><sln:wojIIPPn>PL.PZGIK.200</sln:wojIIPPn><sln:wojIIPWersja>2017-10-10T00:00:00+02:00</sln:wojIIPWersja><sln:wojIdTeryt>18</sln:wojIdTeryt><sln:wojNazwa>podkarpackie</sln:wojNazwa></sln:miejscowosc><sln:miejscowosc><sln:cyklZyciaOd>2014-10-02T00:00:00+02:00</sln:cyklZyciaOd><sln:gmIIPId>f485ef86-9dd3-4fea-a49d-9a25f3e29b45</sln:gmIIPId><sln:gmIIPPn>PL.PZGIK.200</sln:gmIIPPn><sln:gmIIPWersja>2012-09-26T22:00:19+02:00</sln:gmIIPWersja><sln:gmIdTeryt>1803072</sln:gmIdTeryt><sln:gmNazwa>Żyraków</sln:gmNazwa><sln:miejscIIPId>0376dd25-f894-4b7f-af20-2a6acf0667a8</sln:miejscIIPId><sln:miejscIIPPn>PL.PZGIK.200</sln:miejscIIPPn><sln:miejscIIPWersja>2016-11-24T13:55:59+02:00</sln:miejscIIPWersja><sln:miejscIdTeryt>0839688</sln:miejscIdTeryt><sln:miejscNazwa>Łapierz</sln:miejscNazwa><sln:miejscRodzaj>Inny obiekt</sln:miejscRodzaj><sln:powIIPId>5d56a379-ad83-47b3-9aa4-e7188cf79742</sln:powIIPId><sln:powIIPPn>PL.PZGIK.200</sln:powIIPPn><sln:powIIPWersja>2012-09-27T08:01:01+02:00</sln:powIIPWersja><sln:powIdTeryt>1803</sln:powIdTeryt><sln:powNazwa>dębicki</sln:powNazwa><sln:wojIIPId>833fe14b-fe8e-40c7-9e4e-fc27c938bb11</sln:wojIIPId><sln:wojIIPPn>PL.PZGIK.200</sln:wojIIPPn><sln:wojIIPWersja>2017-10-10T00:00:00+02:00</sln:wojIIPWersja><sln:wojIdTeryt>18</sln:wojIdTeryt><sln:wojNazwa>podkarpackie</sln:wojNazwa></sln:miejscowosc><sln:miejscowosc><sln:cyklZyciaOd>2014-10-02T00:00:00+02:00</sln:cyklZyciaOd><sln:gmIIPId>f485ef86-9dd3-4fea-a49d-9a25f3e29b45</sln:gmIIPId><sln:gmIIPPn>PL.PZGIK.200</sln:gmIIPPn><sln:gmIIPWersja>2012-09-26T22:00:19+02:00</sln:gmIIPWersja><sln:gmIdTeryt>1803072</sln:gmIdTeryt><sln:gmNazwa>Żyraków</sln:gmNazwa><sln:miejscIIPId>bff9335f-aff4-45ed-a0e3-a8f38157db21</sln:miejscIIPId><sln:miejscIIPPn>PL.PZGIK.200</sln:miejscIIPPn><sln:miejscIIPWersja>2016-11-24T13:33:14+02:00</sln:miejscIIPWersja><sln:miejscIdTeryt>0839820</sln:miejscIdTeryt><sln:miejscNazwa>Wiewiórka</sln:miejscNazwa><sln:miejscRodzaj>Wieś</sln:miejscRodzaj><sln:powIIPId>5d56a379-ad83-47b3-9aa4-e7188cf79742</sln:powIIPId><sln:powIIPPn>PL.PZGIK.200</sln:powIIPPn><sln:powIIPWersja>2012-09-27T08:01:01+02:00</sln:powIIPWersja><sln:powIdTeryt>1803</sln:powIdTeryt><sln:powNazwa>dębicki</sln:powNazwa><sln:wojIIPId>833fe14b-fe8e-40c7-9e4e-fc27c938bb11</sln:wojIIPId><sln:wojIIPPn>PL.PZGIK.200</sln:wojIIPPn><sln:wojIIPWersja>2017-10-10T00:00:00+02:00</sln:wojIIPWersja><sln:wojIdTeryt>18</sln:wojIdTeryt><sln:wojNazwa>podkarpackie</sln:wojNazwa></sln:miejscowosc><sln:miejscowosc><sln:cyklZyciaOd>2014-10-02T00:00:00+02:00</sln:cyklZyciaOd><sln:gmIIPId>f485ef86-9dd3-4fea-a49d-9a25f3e29b45</sln:gmIIPId><sln:gmIIPPn>PL.PZGIK.200</sln:gmIIPPn><sln:gmIIPWersja>2012-09-26T22:00:19+02:00</sln:gmIIPWersja><sln:gmIdTeryt>1803072</sln:gmIdTeryt><sln:gmNazwa>Żyraków</sln:gmNazwa><sln:miejscIIPId>30801f2d-1608-413b-bf87-70ffd463e737</sln:miejscIIPId><sln:miejscIIPPn>PL.PZGIK.200</sln:miejscIIPPn><sln:miejscIIPWersja>2016-11-24T13:33:41+02:00</sln:miejscIIPWersja><sln:miejscIdTeryt>0839866</sln:miejscIdTeryt><sln:miejscNazwa>Wola Żyrakowska</sln:miejscNazwa><sln:miejscRodzaj>Wieś</sln:miejscRodzaj><sln:powIIPId>5d56a379-ad83-47b3-9aa4-e7188cf79742</sln:powIIPId><sln:powIIPPn>PL.PZGIK.200</sln:powIIPPn><sln:powIIPWersja>2012-09-27T08:01:01+02:00</sln:powIIPWersja><sln:powIdTeryt>1803</sln:powIdTeryt><sln:powNazwa>dębicki</sln:powNazwa><sln:wojIIPId>833fe14b-fe8e-40c7-9e4e-fc27c938bb11</sln:wojIIPId><sln:wojIIPPn>PL.PZGIK.200</sln:wojIIPPn><sln:wojIIPWersja>2017-10-10T00:00:00+02:00</sln:wojIIPWersja><sln:wojIdTeryt>18</sln:wojIdTeryt><sln:wojNazwa>podkarpackie</sln:wojNazwa></sln:miejscowosc><sln:miejscowosc><sln:cyklZyciaOd>2014-10-02T00:00:00+02:00</sln:cyklZyciaOd><sln:gmIIPId>f485ef86-9dd3-4fea-a49d-9a25f3e29b45</sln:gmIIPId><sln:gmIIPPn>PL.PZGIK.200</sln:gmIIPPn><sln:gmIIPWersja>2012-09-26T22:00:19+02:00</sln:gmIIPWersja><sln:gmIdTeryt>1803072</sln:gmIdTeryt><sln:gmNazwa>Żyraków</sln:gmNazwa><sln:miejscIIPId>85c05a07-42ef-4c6e-a1e4-eae271058832</sln:miejscIIPId><sln:miejscIIPPn>PL.PZGIK.200</sln:miejscIIPPn><sln:miejscIIPWersja>2016-11-24T13:51:26+02:00</sln:miejscIIPWersja><sln:miejscIdTeryt>0839961</sln:miejscIdTeryt><sln:miejscNazwa>Kolonia Żyrakowska</sln:miejscNazwa><sln:miejscRodzaj>Inny obiekt</sln:miejscRodzaj><sln:powIIPId>5d56a379-ad83-47b3-9aa4-e7188cf79742</sln:powIIPId><sln:powIIPPn>PL.PZGIK.200</sln:powIIPPn><sln:powIIPWersja>2012-09-27T08:01:01+02:00</sln:powIIPWersja><sln:powIdTeryt>1803</sln:powIdTeryt><sln:powNazwa>dębicki</sln:powNazwa><sln:wojIIPId>833fe14b-fe8e-40c7-9e4e-fc27c938bb11</sln:wojIIPId><sln:wojIIPPn>PL.PZGIK.200</sln:wojIIPPn><sln:wojIIPWersja>2017-10-10T00:00:00+02:00</sln:wojIIPWersja><sln:wojIdTeryt>18</sln:wojIdTeryt><sln:wojNazwa>podkarpackie</sln:wojNazwa></sln:miejscowosc><sln:miejscowosc><sln:cyklZyciaOd>2014-10-02T00:00:00+02:00</sln:cyklZyciaOd><sln:gmIIPId>f485ef86-9dd3-4fea-a49d-9a25f3e29b45</sln:gmIIPId><sln:gmIIPPn>PL.PZGIK.200</sln:gmIIPPn><sln:gmIIPWersja>2012-09-26T22:00:19+02:00</sln:gmIIPWersja><sln:gmIdTeryt>1803072</sln:gmIdTeryt><sln:gmNazwa>Żyraków</sln:gmNazwa><sln:miejscIIPId>64c943e8-7e3d-4861-847c-754346f9743e</sln:miejscIIPId><sln:miejscIIPPn>PL.PZGIK.200</sln:miejscIIPPn><sln:miejscIIPWersja>2016-11-24T13:54:15+02:00</sln:miejscIIPWersja><sln:miejscIdTeryt>0839665</sln:miejscIdTeryt><sln:miejscNazwa>Brzeziny</sln:miejscNazwa><sln:miejscRodzaj>Inny obiekt</sln:miejscRodzaj><sln:powIIPId>5d56a379-ad83-47b3-9aa4-e7188cf79742</sln:powIIPId><sln:powIIPPn>PL.PZGIK.200</sln:powIIPPn><sln:powIIPWersja>2012-09-27T08:01:01+02:00</sln:powIIPWersja><sln:powIdTeryt>1803</sln:powIdTeryt><sln:powNazwa>dębicki</sln:powNazwa><sln:wojIIPId>833fe14b-fe8e-40c7-9e4e-fc27c938bb11</sln:wojIIPId><sln:wojIIPPn>PL.PZGIK.200</sln:wojIIPPn><sln:wojIIPWersja>2017-10-10T00:00:00+02:00</sln:wojIIPWersja><sln:wojIdTeryt>18</sln:wojIdTeryt><sln:wojNazwa>podkarpackie</sln:wojNazwa></sln:miejscowosc><sln:miejscowosc><sln:cyklZyciaOd>2014-10-02T00:00:00+02:00</sln:cyklZyciaOd><sln:gmIIPId>f485ef86-9dd3-4fea-a49d-9a25f3e29b45</sln:gmIIPId><sln:gmIIPPn>PL.PZGIK.200</sln:gmIIPPn><sln:gmIIPWersja>2012-09-26T22:00:19+02:00</sln:gmIIPWersja><sln:gmIdTeryt>1803072</sln:gmIdTeryt><sln:gmNazwa>Żyraków</sln:gmNazwa><sln:miejscIIPId>6026f270-ff84-4cd0-aec8-c4135c68a647</sln:miejscIIPId><sln:miejscIIPPn>PL.PZGIK.200</sln:miejscIIPPn><sln:miejscIIPWersja>2016-11-24T13:35:19+02:00</sln:miejscIIPWersja><sln:miejscIdTeryt>0839955</sln:miejscIdTeryt><sln:miejscNazwa>Żyraków</sln:miejscNazwa><sln:miejscRodzaj>Wieś</sln:miejscRodzaj><sln:powIIPId>5d56a379-ad83-47b3-9aa4-e7188cf79742</sln:powIIPId><sln:powIIPPn>PL.PZGIK.200</sln:powIIPPn><sln:powIIPWersja>2012-09-27T08:01:01+02:00</sln:powIIPWersja><sln:powIdTeryt>1803</sln:powIdTeryt><sln:powNazwa>dębicki</sln:powNazwa><sln:wojIIPId>833fe14b-fe8e-40c7-9e4e-fc27c938bb11</sln:wojIIPId><sln:wojIIPPn>PL.PZGIK.200</sln:wojIIPPn><sln:wojIIPWersja>2017-10-10T00:00:00+02:00</sln:wojIIPWersja><sln:wojIdTeryt>18</sln:wojIdTeryt><sln:wojNazwa>podkarpackie</sln:wojNazwa></sln:miejscowosc><sln:miejscowosc><sln:cyklZyciaOd>2014-10-02T00:00:00+02:00</sln:cyklZyciaOd><sln:gmIIPId>f485ef86-9dd3-4fea-a49d-9a25f3e29b45</sln:gmIIPId><sln:gmIIPPn>PL.PZGIK.200</sln:gmIIPPn><sln:gmIIPWersja>2012-09-26T22:00:19+02:00</sln:gmIIPWersja><sln:gmIdTeryt>1803072</sln:gmIdTeryt><sln:gmNazwa>Żyraków</sln:gmNazwa><sln:miejscIIPId>a6aab719-4e47-4808-af33-540aec906863</sln:miejscIIPId><sln:miejscIIPPn>PL.PZGIK.200</sln:miejscIIPPn><sln:miejscIIPWersja>2016-11-24T13:49:46+02:00</sln:miejscIIPWersja><sln:miejscIdTeryt>0996169</sln:miejscIdTeryt><sln:miejscNazwa>Na Dworskiem</sln:miejscNazwa><sln:miejscRodzaj>Inny obiekt</sln:miejscRodzaj><sln:powIIPId>5d56a379-ad83-47b3-9aa4-e7188cf79742</sln:powIIPId><sln:powIIPPn>PL.PZGIK.200</sln:powIIPPn><sln:powIIPWersja>2012-09-27T08:01:01+02:00</sln:powIIPWersja><sln:powIdTeryt>1803</sln:powIdTeryt><sln:powNazwa>dębicki</sln:powNazwa><sln:wojIIPId>833fe14b-fe8e-40c7-9e4e-fc27c938bb11</sln:wojIIPId><sln:wojIIPPn>PL.PZGIK.200</sln:wojIIPPn><sln:wojIIPWersja>2017-10-10T00:00:00+02:00</sln:wojIIPWersja><sln:wojIdTeryt>18</sln:wojIdTeryt><sln:wojNazwa>podkarpackie</sln:wojNazwa></sln:miejscowosc><sln:miejscowosc><sln:cyklZyciaOd>2014-10-02T00:00:00+02:00</sln:cyklZyciaOd><sln:gmIIPId>f485ef86-9dd3-4fea-a49d-9a25f3e29b45</sln:gmIIPId><sln:gmIIPPn>PL.PZGIK.200</sln:gmIIPPn><sln:gmIIPWersja>2012-09-26T22:00:19+02:00</sln:gmIIPWersja><sln:gmIdTeryt>1803072</sln:gmIdTeryt><sln:gmNazwa>Żyraków</sln:gmNazwa><sln:miejscIIPId>d2120836-40dd-4e9b-bcbc-f36e1c645459</sln:miejscIIPId><sln:miejscIIPPn>PL.PZGIK.200</sln:miejscIIPPn><sln:miejscIIPWersja>2016-11-24T13:34:40+02:00</sln:miejscIIPWersja><sln:miejscIdTeryt>0839949</sln:miejscIdTeryt><sln:miejscNazwa>Zawierzbie</sln:miejscNazwa><sln:miejscRodzaj>Wieś</sln:miejscRodzaj><sln:powIIPId>5d56a379-ad83-47b3-9aa4-e7188cf79742</sln:powIIPId><sln:powIIPPn>PL.PZGIK.200</sln:powIIPPn><sln:powIIPWersja>2012-09-27T08:01:01+02:00</sln:powIIPWersja><sln:powIdTeryt>1803</sln:powIdTeryt><sln:powNazwa>dębicki</sln:powNazwa><sln:wojIIPId>833fe14b-fe8e-40c7-9e4e-fc27c938bb11</sln:wojIIPId><sln:wojIIPPn>PL.PZGIK.200</sln:wojIIPPn><sln:wojIIPWersja>2017-10-10T00:00:00+02:00</sln:wojIIPWersja><sln:wojIdTeryt>18</sln:wojIdTeryt><sln:wojNazwa>podkarpackie</sln:wojNazwa></sln:miejscowosc><sln:miejscowosc><sln:cyklZyciaOd>2014-10-02T00:00:00+02:00</sln:cyklZyciaOd><sln:gmIIPId>f485ef86-9dd3-4fea-a49d-9a25f3e29b45</sln:gmIIPId><sln:gmIIPPn>PL.PZGIK.200</sln:gmIIPPn><sln:gmIIPWersja>2012-09-26T22:00:19+02:00</sln:gmIIPWersja><sln:gmIdTeryt>1803072</sln:gmIdTeryt><sln:gmNazwa>Żyraków</sln:gmNazwa><sln:miejscIIPId>1ed3f889-d140-42a2-9aa2-57bab754cea5</sln:miejscIIPId><sln:miejscIIPPn>PL.PZGIK.200</sln:miejscIIPPn><sln:miejscIIPWersja>2016-11-24T13:47:35+02:00</sln:miejscIIPWersja><sln:miejscIdTeryt>0839814</sln:miejscIdTeryt><sln:miejscNazwa>Pustelnik</sln:miejscNazwa><sln:miejscRodzaj>Inny obiekt</sln:miejscRodzaj><sln:powIIPId>5d56a379-ad83-47b3-9aa4-e7188cf79742</sln:powIIPId><sln:powIIPPn>PL.PZGIK.200</sln:powIIPPn><sln:powIIPWersja>2012-09-27T08:01:01+02:00</sln:powIIPWersja><sln:powIdTeryt>1803</sln:powIdTeryt><sln:powNazwa>dębicki</sln:powNazwa><sln:wojIIPId>833fe14b-fe8e-40c7-9e4e-fc27c938bb11</sln:wojIIPId><sln:wojIIPPn>PL.PZGIK.200</sln:wojIIPPn><sln:wojIIPWersja>2017-10-10T00:00:00+02:00</sln:wojIIPWersja><sln:wojIdTeryt>18</sln:wojIdTeryt><sln:wojNazwa>podkarpackie</sln:wojNazwa></sln:miejscowosc><sln:miejscowosc><sln:cyklZyciaOd>2014-10-02T00:00:00+02:00</sln:cyklZyciaOd><sln:gmIIPId>f485ef86-9dd3-4fea-a49d-9a25f3e29b45</sln:gmIIPId><sln:gmIIPPn>PL.PZGIK.200</sln:gmIIPPn><sln:gmIIPWersja>2012-09-26T22:00:19+02:00</sln:gmIIPWersja><sln:gmIdTeryt>1803072</sln:gmIdTeryt><sln:gmNazwa>Żyraków</sln:gmNazwa><sln:miejscIIPId>26573f9f-f97d-4dcf-a8e6-3af279220199</sln:miejscIIPId><sln:miejscIIPPn>PL.PZGIK.200</sln:miejscIIPPn><sln:miejscIIPWersja>2016-11-24T13:47:35+02:00</sln:miejscIIPWersja><sln:miejscIdTeryt>0996152</sln:miejscIdTeryt><sln:miejscNazwa>Nieciówka</sln:miejscNazwa><sln:miejscRodzaj>Inny obiekt</sln:miejscRodzaj><sln:powIIPId>5d56a379-ad83-47b3-9aa4-e7188cf79742</sln:powIIPId><sln:powIIPPn>PL.PZGIK.200</sln:powIIPPn><sln:powIIPWersja>2012-09-27T08:01:01+02:00</sln:powIIPWersja><sln:powIdTeryt>1803</sln:powIdTeryt><sln:powNazwa>dębicki</sln:powNazwa><sln:wojIIPId>833fe14b-fe8e-40c7-9e4e-fc27c938bb11</sln:wojIIPId><sln:wojIIPPn>PL.PZGIK.200</sln:wojIIPPn><sln:wojIIPWersja>2017-10-10T00:00:00+02:00</sln:wojIIPWersja><sln:wojIdTeryt>18</sln:wojIdTeryt><sln:wojNazwa>podkarpackie</sln:wojNazwa></sln:miejscowosc><sln:miejscowosc><sln:cyklZyciaOd>2014-10-02T00:00:00+02:00</sln:cyklZyciaOd><sln:gmIIPId>f485ef86-9dd3-4fea-a49d-9a25f3e29b45</sln:gmIIPId><sln:gmIIPPn>PL.PZGIK.200</sln:gmIIPPn><sln:gmIIPWersja>2012-09-26T22:00:19+02:00</sln:gmIIPWersja><sln:gmIdTeryt>1803072</sln:gmIdTeryt><sln:gmNazwa>Żyraków</sln:gmNazwa><sln:miejscIIPId>6c86823c-b5b8-4365-8b4c-c610a0d88e01</sln:miejscIIPId><sln:miejscIIPPn>PL.PZGIK.200</sln:miejscIIPPn><sln:miejscIIPWersja>2016-11-24T13:42:51+02:00</sln:miejscIIPWersja><sln:miejscIdTeryt>0839731</sln:miejscIdTeryt><sln:miejscNazwa>Nagoszyn</sln:miejscNazwa><sln:miejscRodzaj>Wieś</sln:miejscRodzaj><sln:powIIPId>5d56a379-ad83-47b3-9aa4-e7188cf79742</sln:powIIPId><sln:powIIPPn>PL.PZGIK.200</sln:powIIPPn><sln:powIIPWersja>2012-09-27T08:01:01+02:00</sln:powIIPWersja><sln:powIdTeryt>1803</sln:powIdTeryt><sln:powNazwa>dębicki</sln:powNazwa><sln:wojIIPId>833fe14b-fe8e-40c7-9e4e-fc27c938bb11</sln:wojIIPId><sln:wojIIPPn>PL.PZGIK.200</sln:wojIIPPn><sln:wojIIPWersja>2017-10-10T00:00:00+02:00</sln:wojIIPWersja><sln:wojIdTeryt>18</sln:wojIdTeryt><sln:wojNazwa>podkarpackie</sln:wojNazwa></sln:miejscowosc><sln:miejscowosc><sln:cyklZyciaOd>2014-10-02T00:00:00+02:00</sln:cyklZyciaOd><sln:gmIIPId>f485ef86-9dd3-4fea-a49d-9a25f3e29b45</sln:gmIIPId><sln:gmIIPPn>PL.PZGIK.200</sln:gmIIPPn><sln:gmIIPWersja>2012-09-26T22:00:19+02:00</sln:gmIIPWersja><sln:gmIdTeryt>1803072</sln:gmIdTeryt><sln:gmNazwa>Żyraków</sln:gmNazwa><sln:miejscIIPId>0d4273ee-2025-4625-a0c1-1ae861c20e27</sln:miejscIIPId><sln:miejscIIPPn>PL.PZGIK.200</sln:miejscIIPPn><sln:miejscIIPWersja>2016-11-24T13:33:39+02:00</sln:miejscIIPWersja><sln:miejscIdTeryt>0839837</sln:miejscIdTeryt><sln:miejscNazwa>Wola Wielka</sln:miejscNazwa><sln:miejscRodzaj>Wieś</sln:miejscRodzaj><sln:powIIPId>5d56a379-ad83-47b3-9aa4-e7188cf79742</sln:powIIPId><sln:powIIPPn>PL.PZGIK.200</sln:powIIPPn><sln:powIIPWersja>2012-09-27T08:01:01+02:00</sln:powIIPWersja><sln:powIdTeryt>1803</sln:powIdTeryt><sln:powNazwa>dębicki</sln:powNazwa><sln:wojIIPId>833fe14b-fe8e-40c7-9e4e-fc27c938bb11</sln:wojIIPId><sln:wojIIPPn>PL.PZGIK.200</sln:wojIIPPn><sln:wojIIPWersja>2017-10-10T00:00:00+02:00</sln:wojIIPWersja><sln:wojIdTeryt>18</sln:wojIdTeryt><sln:wojNazwa>podkarpackie</sln:wojNazwa></sln:miejscowosc><sln:miejscowosc><sln:cyklZyciaOd>2014-10-02T00:00:00+02:00</sln:cyklZyciaOd><sln:gmIIPId>f485ef86-9dd3-4fea-a49d-9a25f3e29b45</sln:gmIIPId><sln:gmIIPPn>PL.PZGIK.200</sln:gmIIPPn><sln:gmIIPWersja>2012-09-26T22:00:19+02:00</sln:gmIIPWersja><sln:gmIdTeryt>1803072</sln:gmIdTeryt><sln:gmNazwa>Żyraków</sln:gmNazwa><sln:miejscIIPId>ecf83966-8dff-4622-adcd-0d9b1fb6e954</sln:miejscIIPId><sln:miejscIIPPn>PL.PZGIK.200</sln:miejscIIPPn><sln:miejscIIPWersja>2016-11-24T13:58:18+02:00</sln:miejscIIPWersja><sln:miejscIdTeryt>0839760</sln:miejscIdTeryt><sln:miejscNazwa>Krzaki</sln:miejscNazwa><sln:miejscRodzaj>Inny obiekt</sln:miejscRodzaj><sln:powIIPId>5d56a379-ad83-47b3-9aa4-e7188cf79742</sln:powIIPId><sln:powIIPPn>PL.PZGIK.200</sln:powIIPPn><sln:powIIPWersja>2012-09-27T08:01:01+02:00</sln:powIIPWersja><sln:powIdTeryt>1803</sln:powIdTeryt><sln:powNazwa>dębicki</sln:powNazwa><sln:wojIIPId>833fe14b-fe8e-40c7-9e4e-fc27c938bb11</sln:wojIIPId><sln:wojIIPPn>PL.PZGIK.200</sln:wojIIPPn><sln:wojIIPWersja>2017-10-10T00:00:00+02:00</sln:wojIIPWersja><sln:wojIdTeryt>18</sln:wojIdTeryt><sln:wojNazwa>podkarpackie</sln:wojNazwa></sln:miejscowosc><sln:miejscowosc><sln:cyklZyciaOd>2014-10-02T00:00:00+02:00</sln:cyklZyciaOd><sln:gmIIPId>f485ef86-9dd3-4fea-a49d-9a25f3e29b45</sln:gmIIPId><sln:gmIIPPn>PL.PZGIK.200</sln:gmIIPPn><sln:gmIIPWersja>2012-09-26T22:00:19+02:00</sln:gmIIPWersja><sln:gmIdTeryt>1803072</sln:gmIdTeryt><sln:gmNazwa>Żyraków</sln:gmNazwa><sln:miejscIIPId>767bff7f-e80b-424d-b546-dc46170b8430</sln:miejscIIPId><sln:miejscIIPPn>PL.PZGIK.200</sln:miejscIIPPn><sln:miejscIIPWersja>2016-11-24T13:58:18+02:00</sln:miejscIIPWersja><sln:miejscIdTeryt>0839754</sln:miejscIdTeryt><sln:miejscNazwa>Kąt</sln:miejscNazwa><sln:miejscRodzaj>Inny obiekt</sln:miejscRodzaj><sln:powIIPId>5d56a379-ad83-47b3-9aa4-e7188cf79742</sln:powIIPId><sln:powIIPPn>PL.PZGIK.200</sln:powIIPPn><sln:powIIPWersja>2012-09-27T08:01:01+02:00</sln:powIIPWersja><sln:powIdTeryt>1803</sln:powIdTeryt><sln:powNazwa>dębicki</sln:powNazwa><sln:wojIIPId>833fe14b-fe8e-40c7-9e4e-fc27c938bb11</sln:wojIIPId><sln:wojIIPPn>PL.PZGIK.200</sln:wojIIPPn><sln:wojIIPWersja>2017-10-10T00:00:00+02:00</sln:wojIIPWersja><sln:wojIdTeryt>18</sln:wojIdTeryt><sln:wojNazwa>podkarpackie</sln:wojNazwa></sln:miejscowosc><sln:miejscowosc><sln:cyklZyciaOd>2014-10-02T00:00:00+02:00</sln:cyklZyciaOd><sln:gmIIPId>f485ef86-9dd3-4fea-a49d-9a25f3e29b45</sln:gmIIPId><sln:gmIIPPn>PL.PZGIK.200</sln:gmIIPPn><sln:gmIIPWersja>2012-09-26T22:00:19+02:00</sln:gmIIPWersja><sln:gmIdTeryt>1803072</sln:gmIdTeryt><sln:gmNazwa>Żyraków</sln:gmNazwa><sln:miejscIIPId>0b72f007-d9d2-4d36-b534-2757645de1d1</sln:miejscIIPId><sln:miejscIIPPn>PL.PZGIK.200</sln:miejscIIPPn><sln:miejscIIPWersja>2016-11-24T13:47:35+02:00</sln:miejscIIPWersja><sln:miejscIdTeryt>0839790</sln:miejscIdTeryt><sln:miejscNazwa>Mała Wola</sln:miejscNazwa><sln:miejscRodzaj>Inny obiekt</sln:miejscRodzaj><sln:powIIPId>5d56a379-ad83-47b3-9aa4-e7188cf79742</sln:powIIPId><sln:powIIPPn>PL.PZGIK.200</sln:powIIPPn><sln:powIIPWersja>2012-09-27T08:01:01+02:00</sln:powIIPWersja><sln:powIdTeryt>1803</sln:powIdTeryt><sln:powNazwa>dębicki</sln:powNazwa><sln:wojIIPId>833fe14b-fe8e-40c7-9e4e-fc27c938bb11</sln:wojIIPId><sln:wojIIPPn>PL.PZGIK.200</sln:wojIIPPn><sln:wojIIPWersja>2017-10-10T00:00:00+02:00</sln:wojIIPWersja><sln:wojIdTeryt>18</sln:wojIdTeryt><sln:wojNazwa>podkarpackie</sln:wojNazwa></sln:miejscowosc><sln:miejscowosc><sln:cyklZyciaOd>2014-10-02T00:00:00+02:00</sln:cyklZyciaOd><sln:gmIIPId>f485ef86-9dd3-4fea-a49d-9a25f3e29b45</sln:gmIIPId><sln:gmIIPPn>PL.PZGIK.200</sln:gmIIPPn><sln:gmIIPWersja>2012-09-26T22:00:19+02:00</sln:gmIIPWersja><sln:gmIdTeryt>1803072</sln:gmIdTeryt><sln:gmNazwa>Żyraków</sln:gmNazwa><sln:miejscIIPId>94d43ef5-ed96-4b42-bfdd-fad5be1464fa</sln:miejscIIPId><sln:miejscIIPPn>PL.PZGIK.200</sln:miejscIIPPn><sln:miejscIIPWersja>2016-11-24T13:57:12+02:00</sln:miejscIIPWersja><sln:miejscIdTeryt>0839636</sln:miejscIdTeryt><sln:miejscNazwa>Zakącie</sln:miejscNazwa><sln:miejscRodzaj>Inny obiekt</sln:miejscRodzaj><sln:powIIPId>5d56a379-ad83-47b3-9aa4-e7188cf79742</sln:powIIPId><sln:powIIPPn>PL.PZGIK.200</sln:powIIPPn><sln:powIIPWersja>2012-09-27T08:01:01+02:00</sln:powIIPWersja><sln:powIdTeryt>1803</sln:powIdTeryt><sln:powNazwa>dębicki</sln:powNazwa><sln:wojIIPId>833fe14b-fe8e-40c7-9e4e-fc27c938bb11</sln:wojIIPId><sln:wojIIPPn>PL.PZGIK.200</sln:wojIIPPn><sln:wojIIPWersja>2017-10-10T00:00:00+02:00</sln:wojIIPWersja><sln:wojIdTeryt>18</sln:wojIdTeryt><sln:wojNazwa>podkarpackie</sln:wojNazwa></sln:miejscowosc><sln:miejscowosc><sln:cyklZyciaOd>2014-10-02T00:00:00+02:00</sln:cyklZyciaOd><sln:gmIIPId>f485ef86-9dd3-4fea-a49d-9a25f3e29b45</sln:gmIIPId><sln:gmIIPPn>PL.PZGIK.200</sln:gmIIPPn><sln:gmIIPWersja>2012-09-26T22:00:19+02:00</sln:gmIIPWersja><sln:gmIdTeryt>1803072</sln:gmIdTeryt><sln:gmNazwa>Żyraków</sln:gmNazwa><sln:miejscIIPId>20de2987-9194-44bb-9c06-f32aeda7efd5</sln:miejscIIPId><sln:miejscIIPPn>PL.PZGIK.200</sln:miejscIIPPn><sln:miejscIIPWersja>2016-11-24T13:57:12+02:00</sln:miejscIIPWersja><sln:miejscIdTeryt>0839613</sln:miejscIdTeryt><sln:miejscNazwa>Kolonia</sln:miejscNazwa><sln:miejscRodzaj>Inny obiekt</sln:miejscRodzaj><sln:powIIPId>5d56a379-ad83-47b3-9aa4-e7188cf79742</sln:powIIPId><sln:powIIPPn>PL.PZGIK.200</sln:powIIPPn><sln:powIIPWersja>2012-09-27T08:01:01+02:00</sln:powIIPWersja><sln:powIdTeryt>1803</sln:powIdTeryt><sln:powNazwa>dębicki</sln:powNazwa><sln:wojIIPId>833fe14b-fe8e-40c7-9e4e-fc27c938bb11</sln:wojIIPId><sln:wojIIPPn>PL.PZGIK.200</sln:wojIIPPn><sln:wojIIPWersja>2017-10-10T00:00:00+02:00</sln:wojIIPWersja><sln:wojIdTeryt>18</sln:wojIdTeryt><sln:wojNazwa>podkarpackie</sln:wojNazwa></sln:miejscowosc><sln:miejscowosc><sln:cyklZyciaOd>2014-10-02T00:00:00+02:00</sln:cyklZyciaOd><sln:gmIIPId>f485ef86-9dd3-4fea-a49d-9a25f3e29b45</sln:gmIIPId><sln:gmIIPPn>PL.PZGIK.200</sln:gmIIPPn><sln:gmIIPWersja>2012-09-26T22:00:19+02:00</sln:gmIIPWersja><sln:gmIdTeryt>1803072</sln:gmIdTeryt><sln:gmNazwa>Żyraków</sln:gmNazwa><sln:miejscIIPId>2c2a9b9d-0c1b-4815-a6f1-535ad11c04c8</sln:miejscIIPId><sln:miejscIIPPn>PL.PZGIK.200</sln:miejscIIPPn><sln:miejscIIPWersja>2016-11-24T13:57:12+02:00</sln:miejscIIPWersja><sln:miejscIdTeryt>0996092</sln:miejscIdTeryt><sln:miejscNazwa>Królówka</sln:miejscNazwa><sln:miejscRodzaj>Inny obiekt</sln:miejscRodzaj><sln:powIIPId>5d56a379-ad83-47b3-9aa4-e7188cf79742</sln:powIIPId><sln:powIIPPn>PL.PZGIK.200</sln:powIIPPn><sln:powIIPWersja>2012-09-27T08:01:01+02:00</sln:powIIPWersja><sln:powIdTeryt>1803</sln:powIdTeryt><sln:powNazwa>dębicki</sln:powNazwa><sln:wojIIPId>833fe14b-fe8e-40c7-9e4e-fc27c938bb11</sln:wojIIPId><sln:wojIIPPn>PL.PZGIK.200</sln:wojIIPPn><sln:wojIIPWersja>2017-10-10T00:00:00+02:00</sln:wojIIPWersja><sln:wojIdTeryt>18</sln:wojIdTeryt><sln:wojNazwa>podkarpackie</sln:wojNazwa></sln:miejscowosc></sln:lista-miejscowosci>