<?xml version="1.0" encoding="UTF-8" standalone="yes"?><sln:lista-miejscowosci xmlns:srv="http://gugik.gov.pl/schemas/slowniki-service/1.0" xmlns:sln="http://gugik.gov.pl/schemas/slowniki-schema/1.0"><sln:miejscowosc><sln:cyklZyciaOd>2015-10-28T00:00:00+01:00</sln:cyklZyciaOd><sln:gmIIPId>4b629c83-2ece-4ac4-8018-9b360291db38</sln:gmIIPId><sln:gmIIPPn>PL.PZGIK.200</sln:gmIIPPn><sln:gmIIPWersja>2012-09-26T22:00:27+02:00</sln:gmIIPWersja><sln:gmIdTeryt>1804092</sln:gmIdTeryt><sln:gmNazwa>Rokietnica</sln:gmNazwa><sln:miejscIIPId>d6420e2a-05b3-4058-a4ef-240363cc2bec</sln:miejscIIPId><sln:miejscIIPPn>PL.PZGIK.200</sln:miejscIIPPn><sln:miejscIIPWersja>2016-11-24T11:29:55+02:00</sln:miejscIIPWersja><sln:miejscIdTeryt>0610069</sln:miejscIdTeryt><sln:miejscNazwa>Czelatyce</sln:miejscNazwa><sln:miejscRodzaj>Wieś</sln:miejscRodzaj><sln:powIIPId>7dd14e89-f415-4bd1-be2f-94be82fe2572</sln:powIIPId><sln:powIIPPn>PL.PZGIK.200</sln:powIIPPn><sln:powIIPWersja>2012-09-27T08:01:01+02:00</sln:powIIPWersja><sln:powIdTeryt>1804</sln:powIdTeryt><sln:powNazwa>jarosławski</sln:powNazwa><sln:waznyOd>2015-09-15T00:00:00+02:00</sln:waznyOd><sln:wojIIPId>833fe14b-fe8e-40c7-9e4e-fc27c938bb11</sln:wojIIPId><sln:wojIIPPn>PL.PZGIK.200</sln:wojIIPPn><sln:wojIIPWersja>2017-10-10T00:00:00+02:00</sln:wojIIPWersja><sln:wojIdTeryt>18</sln:wojIdTeryt><sln:wojNazwa>podkarpackie</sln:wojNazwa></sln:miejscowosc><sln:miejscowosc><sln:cyklZyciaOd>2015-10-28T00:00:00+01:00</sln:cyklZyciaOd><sln:gmIIPId>4b629c83-2ece-4ac4-8018-9b360291db38</sln:gmIIPId><sln:gmIIPPn>PL.PZGIK.200</sln:gmIIPPn><sln:gmIIPWersja>2012-09-26T22:00:27+02:00</sln:gmIIPWersja><sln:gmIdTeryt>1804092</sln:gmIdTeryt><sln:gmNazwa>Rokietnica</sln:gmNazwa><sln:miejscIIPId>f5a461e7-6a22-4712-a65f-4082a5434632</sln:miejscIIPId><sln:miejscIIPPn>PL.PZGIK.200</sln:miejscIIPPn><sln:miejscIIPWersja>2016-11-24T11:29:55+02:00</sln:miejscIIPWersja><sln:miejscIdTeryt>0610106</sln:miejscIdTeryt><sln:miejscNazwa>Rokietnica</sln:miejscNazwa><sln:miejscRodzaj>Wieś</sln:miejscRodzaj><sln:powIIPId>7dd14e89-f415-4bd1-be2f-94be82fe2572</sln:powIIPId><sln:powIIPPn>PL.PZGIK.200</sln:powIIPPn><sln:powIIPWersja>2012-09-27T08:01:01+02:00</sln:powIIPWersja><sln:powIdTeryt>1804</sln:powIdTeryt><sln:powNazwa>jarosławski</sln:powNazwa><sln:waznyOd>2015-09-15T00:00:00+02:00</sln:waznyOd><sln:wojIIPId>833fe14b-fe8e-40c7-9e4e-fc27c938bb11</sln:wojIIPId><sln:wojIIPPn>PL.PZGIK.200</sln:wojIIPPn><sln:wojIIPWersja>2017-10-10T00:00:00+02:00</sln:wojIIPWersja><sln:wojIdTeryt>18</sln:wojIdTeryt><sln:wojNazwa>podkarpackie</sln:wojNazwa></sln:miejscowosc><sln:miejscowosc><sln:cyklZyciaOd>2015-10-28T00:00:00+01:00</sln:cyklZyciaOd><sln:gmIIPId>4b629c83-2ece-4ac4-8018-9b360291db38</sln:gmIIPId><sln:gmIIPPn>PL.PZGIK.200</sln:gmIIPPn><sln:gmIIPWersja>2012-09-26T22:00:27+02:00</sln:gmIIPWersja><sln:gmIdTeryt>1804092</sln:gmIdTeryt><sln:gmNazwa>Rokietnica</sln:gmNazwa><sln:miejscIIPId>789feba0-b1df-4f55-9575-2e60acd0ebd2</sln:miejscIIPId><sln:miejscIIPPn>PL.PZGIK.200</sln:miejscIIPPn><sln:miejscIIPWersja>2016-11-24T11:29:55+02:00</sln:miejscIIPWersja><sln:miejscIdTeryt>0610282</sln:miejscIdTeryt><sln:miejscNazwa>Tapin</sln:miejscNazwa><sln:miejscRodzaj>Wieś</sln:miejscRodzaj><sln:powIIPId>7dd14e89-f415-4bd1-be2f-94be82fe2572</sln:powIIPId><sln:powIIPPn>PL.PZGIK.200</sln:powIIPPn><sln:powIIPWersja>2012-09-27T08:01:01+02:00</sln:powIIPWersja><sln:powIdTeryt>1804</sln:powIdTeryt><sln:powNazwa>jarosławski</sln:powNazwa><sln:waznyOd>2015-09-15T00:00:00+02:00</sln:waznyOd><sln:wojIIPId>833fe14b-fe8e-40c7-9e4e-fc27c938bb11</sln:wojIIPId><sln:wojIIPPn>PL.PZGIK.200</sln:wojIIPPn><sln:wojIIPWersja>2017-10-10T00:00:00+02:00</sln:wojIIPWersja><sln:wojIdTeryt>18</sln:wojIdTeryt><sln:wojNazwa>podkarpackie</sln:wojNazwa></sln:miejscowosc><sln:miejscowosc><sln:cyklZyciaOd>2015-10-28T00:00:00+01:00</sln:cyklZyciaOd><sln:gmIIPId>4b629c83-2ece-4ac4-8018-9b360291db38</sln:gmIIPId><sln:gmIIPPn>PL.PZGIK.200</sln:gmIIPPn><sln:gmIIPWersja>2012-09-26T22:00:27+02:00</sln:gmIIPWersja><sln:gmIdTeryt>1804092</sln:gmIdTeryt><sln:gmNazwa>Rokietnica</sln:gmNazwa><sln:miejscIIPId>18a316b0-d7c5-4396-ac0f-b85a9f53f103</sln:miejscIIPId><sln:miejscIIPPn>PL.PZGIK.200</sln:miejscIIPPn><sln:miejscIIPWersja>2016-11-24T11:29:55+02:00</sln:miejscIIPWersja><sln:miejscIdTeryt>0610320</sln:miejscIdTeryt><sln:miejscNazwa>Tuligłowy</sln:miejscNazwa><sln:miejscRodzaj>Wieś</sln:miejscRodzaj><sln:powIIPId>7dd14e89-f415-4bd1-be2f-94be82fe2572</sln:powIIPId><sln:powIIPPn>PL.PZGIK.200</sln:powIIPPn><sln:powIIPWersja>2012-09-27T08:01:01+02:00</sln:powIIPWersja><sln:powIdTeryt>1804</sln:powIdTeryt><sln:powNazwa>jarosławski</sln:powNazwa><sln:waznyOd>2015-09-15T00:00:00+02:00</sln:waznyOd><sln:wojIIPId>833fe14b-fe8e-40c7-9e4e-fc27c938bb11</sln:wojIIPId><sln:wojIIPPn>PL.PZGIK.200</sln:wojIIPPn><sln:wojIIPWersja>2017-10-10T00:00:00+02:00</sln:wojIIPWersja><sln:wojIdTeryt>18</sln:wojIdTeryt><sln:wojNazwa>podkarpackie</sln:wojNazwa></sln:miejscowosc></sln:lista-miejscowosci>