<?xml version="1.0" encoding="UTF-8" standalone="yes"?><sln:lista-miejscowosci xmlns:srv="http://gugik.gov.pl/schemas/slowniki-service/1.0" xmlns:sln="http://gugik.gov.pl/schemas/slowniki-schema/1.0"><sln:miejscowosc><sln:cyklZyciaDo>2017-08-11T00:00:00+02:00</sln:cyklZyciaDo><sln:cyklZyciaOd>2016-02-26T00:00:00+01:00</sln:cyklZyciaOd><sln:gmIIPId>2db4e6cb-71bc-457f-98f5-8f216aecbde7</sln:gmIIPId><sln:gmIIPPn>PL.PZGIK.200</sln:gmIIPPn><sln:gmIIPWersja>2012-09-26T22:01:24+02:00</sln:gmIIPWersja><sln:gmIdTeryt>1811022</sln:gmIdTeryt><sln:gmNazwa>Borowa</sln:gmNazwa><sln:miejscIIPId>4cf99ebe-a32b-4da4-a168-9dacd599f2a2</sln:miejscIIPId><sln:miejscIIPPn>PL.PZGIK.200</sln:miejscIIPPn><sln:miejscIIPWersja>2016-11-24T14:07:21+02:00</sln:miejscIIPWersja><sln:miejscIdTeryt>742270</sln:miejscIdTeryt><sln:miejscNazwa>BOROWA</sln:miejscNazwa><sln:miejscRodzaj>Wieś</sln:miejscRodzaj><sln:powIIPId>3f4de0d6-42c9-4507-b007-95a57f0797b9</sln:powIIPId><sln:powIIPPn>PL.PZGIK.200</sln:powIIPPn><sln:powIIPWersja>2012-09-27T08:01:01+02:00</sln:powIIPWersja><sln:powIdTeryt>1811</sln:powIdTeryt><sln:powNazwa>mielecki</sln:powNazwa><sln:wojIIPId>833fe14b-fe8e-40c7-9e4e-fc27c938bb11</sln:wojIIPId><sln:wojIIPPn>PL.PZGIK.200</sln:wojIIPPn><sln:wojIIPWersja>2017-10-10T00:00:00+02:00</sln:wojIIPWersja><sln:wojIdTeryt>18</sln:wojIdTeryt><sln:wojNazwa>podkarpackie</sln:wojNazwa></sln:miejscowosc><sln:miejscowosc><sln:cyklZyciaDo>2017-08-11T00:00:00+02:00</sln:cyklZyciaDo><sln:cyklZyciaOd>2016-02-26T00:00:00+01:00</sln:cyklZyciaOd><sln:gmIIPId>2db4e6cb-71bc-457f-98f5-8f216aecbde7</sln:gmIIPId><sln:gmIIPPn>PL.PZGIK.200</sln:gmIIPPn><sln:gmIIPWersja>2012-09-26T22:01:24+02:00</sln:gmIIPWersja><sln:gmIdTeryt>1811022</sln:gmIdTeryt><sln:gmNazwa>Borowa</sln:gmNazwa><sln:miejscIIPId>e0100d3c-686e-44c9-b4d8-380170243526</sln:miejscIIPId><sln:miejscIIPPn>PL.PZGIK.200</sln:miejscIIPPn><sln:miejscIIPWersja>2016-11-24T14:06:56+02:00</sln:miejscIIPWersja><sln:miejscIdTeryt>742240</sln:miejscIdTeryt><sln:miejscNazwa>GLINY MAŁE</sln:miejscNazwa><sln:miejscRodzaj>Wieś</sln:miejscRodzaj><sln:powIIPId>3f4de0d6-42c9-4507-b007-95a57f0797b9</sln:powIIPId><sln:powIIPPn>PL.PZGIK.200</sln:powIIPPn><sln:powIIPWersja>2012-09-27T08:01:01+02:00</sln:powIIPWersja><sln:powIdTeryt>1811</sln:powIdTeryt><sln:powNazwa>mielecki</sln:powNazwa><sln:wojIIPId>833fe14b-fe8e-40c7-9e4e-fc27c938bb11</sln:wojIIPId><sln:wojIIPPn>PL.PZGIK.200</sln:wojIIPPn><sln:wojIIPWersja>2017-10-10T00:00:00+02:00</sln:wojIIPWersja><sln:wojIdTeryt>18</sln:wojIdTeryt><sln:wojNazwa>podkarpackie</sln:wojNazwa></sln:miejscowosc><sln:miejscowosc><sln:cyklZyciaDo>2017-08-11T00:00:00+02:00</sln:cyklZyciaDo><sln:cyklZyciaOd>2016-02-26T00:00:00+01:00</sln:cyklZyciaOd><sln:gmIIPId>2db4e6cb-71bc-457f-98f5-8f216aecbde7</sln:gmIIPId><sln:gmIIPPn>PL.PZGIK.200</sln:gmIIPPn><sln:gmIIPWersja>2012-09-26T22:01:24+02:00</sln:gmIIPWersja><sln:gmIdTeryt>1811022</sln:gmIdTeryt><sln:gmNazwa>Borowa</sln:gmNazwa><sln:miejscIIPId>260b37ad-56a5-40b9-981d-c80e0680c26e</sln:miejscIIPId><sln:miejscIIPPn>PL.PZGIK.200</sln:miejscIIPPn><sln:miejscIIPWersja>2016-11-24T14:03:55+02:00</sln:miejscIIPWersja><sln:miejscIdTeryt>742280</sln:miejscIdTeryt><sln:miejscNazwa>GLINY WIELKIE</sln:miejscNazwa><sln:miejscRodzaj>Wieś</sln:miejscRodzaj><sln:powIIPId>3f4de0d6-42c9-4507-b007-95a57f0797b9</sln:powIIPId><sln:powIIPPn>PL.PZGIK.200</sln:powIIPPn><sln:powIIPWersja>2012-09-27T08:01:01+02:00</sln:powIIPWersja><sln:powIdTeryt>1811</sln:powIdTeryt><sln:powNazwa>mielecki</sln:powNazwa><sln:wojIIPId>833fe14b-fe8e-40c7-9e4e-fc27c938bb11</sln:wojIIPId><sln:wojIIPPn>PL.PZGIK.200</sln:wojIIPPn><sln:wojIIPWersja>2017-10-10T00:00:00+02:00</sln:wojIIPWersja><sln:wojIdTeryt>18</sln:wojIdTeryt><sln:wojNazwa>podkarpackie</sln:wojNazwa></sln:miejscowosc><sln:miejscowosc><sln:cyklZyciaDo>2017-08-11T00:00:00+02:00</sln:cyklZyciaDo><sln:cyklZyciaOd>2016-02-26T00:00:00+01:00</sln:cyklZyciaOd><sln:gmIIPId>2db4e6cb-71bc-457f-98f5-8f216aecbde7</sln:gmIIPId><sln:gmIIPPn>PL.PZGIK.200</sln:gmIIPPn><sln:gmIIPWersja>2012-09-26T22:01:24+02:00</sln:gmIIPWersja><sln:gmIdTeryt>1811022</sln:gmIdTeryt><sln:gmNazwa>Borowa</sln:gmNazwa><sln:miejscIIPId>a581e35b-c7f9-4d14-8d87-59eb47f5f91b</sln:miejscIIPId><sln:miejscIIPPn>PL.PZGIK.200</sln:miejscIIPPn><sln:miejscIIPWersja>2016-11-24T14:05:56+02:00</sln:miejscIIPWersja><sln:miejscIdTeryt>742300</sln:miejscIdTeryt><sln:miejscNazwa>GÓRKI</sln:miejscNazwa><sln:miejscRodzaj>Wieś</sln:miejscRodzaj><sln:powIIPId>3f4de0d6-42c9-4507-b007-95a57f0797b9</sln:powIIPId><sln:powIIPPn>PL.PZGIK.200</sln:powIIPPn><sln:powIIPWersja>2012-09-27T08:01:01+02:00</sln:powIIPWersja><sln:powIdTeryt>1811</sln:powIdTeryt><sln:powNazwa>mielecki</sln:powNazwa><sln:wojIIPId>833fe14b-fe8e-40c7-9e4e-fc27c938bb11</sln:wojIIPId><sln:wojIIPPn>PL.PZGIK.200</sln:wojIIPPn><sln:wojIIPWersja>2017-10-10T00:00:00+02:00</sln:wojIIPWersja><sln:wojIdTeryt>18</sln:wojIdTeryt><sln:wojNazwa>podkarpackie</sln:wojNazwa></sln:miejscowosc><sln:miejscowosc><sln:cyklZyciaDo>2017-08-11T00:00:00+02:00</sln:cyklZyciaDo><sln:cyklZyciaOd>2016-02-26T00:00:00+01:00</sln:cyklZyciaOd><sln:gmIIPId>2db4e6cb-71bc-457f-98f5-8f216aecbde7</sln:gmIIPId><sln:gmIIPPn>PL.PZGIK.200</sln:gmIIPPn><sln:gmIIPWersja>2012-09-26T22:01:24+02:00</sln:gmIIPWersja><sln:gmIdTeryt>1811022</sln:gmIdTeryt><sln:gmNazwa>Borowa</sln:gmNazwa><sln:miejscIIPId>90a379d6-3d0c-493a-bf96-1a459fa0b3c9</sln:miejscIIPId><sln:miejscIIPPn>PL.PZGIK.200</sln:miejscIIPPn><sln:miejscIIPWersja>2016-11-24T14:05:49+02:00</sln:miejscIIPWersja><sln:miejscIdTeryt>742300</sln:miejscIdTeryt><sln:miejscNazwa>ŁYSAKÓWEK</sln:miejscNazwa><sln:miejscRodzaj>Wieś</sln:miejscRodzaj><sln:powIIPId>3f4de0d6-42c9-4507-b007-95a57f0797b9</sln:powIIPId><sln:powIIPPn>PL.PZGIK.200</sln:powIIPPn><sln:powIIPWersja>2012-09-27T08:01:01+02:00</sln:powIIPWersja><sln:powIdTeryt>1811</sln:powIdTeryt><sln:powNazwa>mielecki</sln:powNazwa><sln:wojIIPId>833fe14b-fe8e-40c7-9e4e-fc27c938bb11</sln:wojIIPId><sln:wojIIPPn>PL.PZGIK.200</sln:wojIIPPn><sln:wojIIPWersja>2017-10-10T00:00:00+02:00</sln:wojIIPWersja><sln:wojIdTeryt>18</sln:wojIdTeryt><sln:wojNazwa>podkarpackie</sln:wojNazwa></sln:miejscowosc><sln:miejscowosc><sln:cyklZyciaDo>2017-08-11T00:00:00+02:00</sln:cyklZyciaDo><sln:cyklZyciaOd>2016-02-26T00:00:00+01:00</sln:cyklZyciaOd><sln:gmIIPId>2db4e6cb-71bc-457f-98f5-8f216aecbde7</sln:gmIIPId><sln:gmIIPPn>PL.PZGIK.200</sln:gmIIPPn><sln:gmIIPWersja>2012-09-26T22:01:24+02:00</sln:gmIIPWersja><sln:gmIdTeryt>1811022</sln:gmIdTeryt><sln:gmNazwa>Borowa</sln:gmNazwa><sln:miejscIIPId>4e1edffb-4b29-48a0-9b63-24120622c74b</sln:miejscIIPId><sln:miejscIIPPn>PL.PZGIK.200</sln:miejscIIPPn><sln:miejscIIPWersja>2016-11-24T14:07:21+02:00</sln:miejscIIPWersja><sln:miejscIdTeryt>742320</sln:miejscIdTeryt><sln:miejscNazwa>ORŁÓW</sln:miejscNazwa><sln:miejscRodzaj>Wieś</sln:miejscRodzaj><sln:powIIPId>3f4de0d6-42c9-4507-b007-95a57f0797b9</sln:powIIPId><sln:powIIPPn>PL.PZGIK.200</sln:powIIPPn><sln:powIIPWersja>2012-09-27T08:01:01+02:00</sln:powIIPWersja><sln:powIdTeryt>1811</sln:powIdTeryt><sln:powNazwa>mielecki</sln:powNazwa><sln:wojIIPId>833fe14b-fe8e-40c7-9e4e-fc27c938bb11</sln:wojIIPId><sln:wojIIPPn>PL.PZGIK.200</sln:wojIIPPn><sln:wojIIPWersja>2017-10-10T00:00:00+02:00</sln:wojIIPWersja><sln:wojIdTeryt>18</sln:wojIdTeryt><sln:wojNazwa>podkarpackie</sln:wojNazwa></sln:miejscowosc><sln:miejscowosc><sln:cyklZyciaDo>2017-08-11T00:00:00+02:00</sln:cyklZyciaDo><sln:cyklZyciaOd>2016-02-26T00:00:00+01:00</sln:cyklZyciaOd><sln:gmIIPId>2db4e6cb-71bc-457f-98f5-8f216aecbde7</sln:gmIIPId><sln:gmIIPPn>PL.PZGIK.200</sln:gmIIPPn><sln:gmIIPWersja>2012-09-26T22:01:24+02:00</sln:gmIIPWersja><sln:gmIdTeryt>1811022</sln:gmIdTeryt><sln:gmNazwa>Borowa</sln:gmNazwa><sln:miejscIIPId>cae002e6-8d7b-40d5-a12d-985493edaa2f</sln:miejscIIPId><sln:miejscIIPPn>PL.PZGIK.200</sln:miejscIIPPn><sln:miejscIIPWersja>2016-11-24T14:04:20+02:00</sln:miejscIIPWersja><sln:miejscIdTeryt>742310</sln:miejscIdTeryt><sln:miejscNazwa>PŁAWO</sln:miejscNazwa><sln:miejscRodzaj>Wieś</sln:miejscRodzaj><sln:powIIPId>3f4de0d6-42c9-4507-b007-95a57f0797b9</sln:powIIPId><sln:powIIPPn>PL.PZGIK.200</sln:powIIPPn><sln:powIIPWersja>2012-09-27T08:01:01+02:00</sln:powIIPWersja><sln:powIdTeryt>1811</sln:powIdTeryt><sln:powNazwa>mielecki</sln:powNazwa><sln:wojIIPId>833fe14b-fe8e-40c7-9e4e-fc27c938bb11</sln:wojIIPId><sln:wojIIPPn>PL.PZGIK.200</sln:wojIIPPn><sln:wojIIPWersja>2017-10-10T00:00:00+02:00</sln:wojIIPWersja><sln:wojIdTeryt>18</sln:wojIdTeryt><sln:wojNazwa>podkarpackie</sln:wojNazwa></sln:miejscowosc><sln:miejscowosc><sln:cyklZyciaDo>2017-08-11T00:00:00+02:00</sln:cyklZyciaDo><sln:cyklZyciaOd>2016-02-26T00:00:00+01:00</sln:cyklZyciaOd><sln:gmIIPId>2db4e6cb-71bc-457f-98f5-8f216aecbde7</sln:gmIIPId><sln:gmIIPPn>PL.PZGIK.200</sln:gmIIPPn><sln:gmIIPWersja>2012-09-26T22:01:24+02:00</sln:gmIIPWersja><sln:gmIdTeryt>1811022</sln:gmIdTeryt><sln:gmNazwa>Borowa</sln:gmNazwa><sln:miejscIIPId>2e878a53-ea49-4703-be75-02ac5f6936f6</sln:miejscIIPId><sln:miejscIIPPn>PL.PZGIK.200</sln:miejscIIPPn><sln:miejscIIPWersja>2016-11-24T14:08:28+02:00</sln:miejscIIPWersja><sln:miejscIdTeryt>742290</sln:miejscIdTeryt><sln:miejscNazwa>SUROWA</sln:miejscNazwa><sln:miejscRodzaj>Wieś</sln:miejscRodzaj><sln:powIIPId>3f4de0d6-42c9-4507-b007-95a57f0797b9</sln:powIIPId><sln:powIIPPn>PL.PZGIK.200</sln:powIIPPn><sln:powIIPWersja>2012-09-27T08:01:01+02:00</sln:powIIPWersja><sln:powIdTeryt>1811</sln:powIdTeryt><sln:powNazwa>mielecki</sln:powNazwa><sln:wojIIPId>833fe14b-fe8e-40c7-9e4e-fc27c938bb11</sln:wojIIPId><sln:wojIIPPn>PL.PZGIK.200</sln:wojIIPPn><sln:wojIIPWersja>2017-10-10T00:00:00+02:00</sln:wojIIPWersja><sln:wojIdTeryt>18</sln:wojIdTeryt><sln:wojNazwa>podkarpackie</sln:wojNazwa></sln:miejscowosc><sln:miejscowosc><sln:cyklZyciaDo>2017-08-11T00:00:00+02:00</sln:cyklZyciaDo><sln:cyklZyciaOd>2016-02-26T00:00:00+01:00</sln:cyklZyciaOd><sln:gmIIPId>2db4e6cb-71bc-457f-98f5-8f216aecbde7</sln:gmIIPId><sln:gmIIPPn>PL.PZGIK.200</sln:gmIIPPn><sln:gmIIPWersja>2012-09-26T22:01:24+02:00</sln:gmIIPWersja><sln:gmIdTeryt>1811022</sln:gmIdTeryt><sln:gmNazwa>Borowa</sln:gmNazwa><sln:miejscIIPId>4a915a2c-d81c-4491-89b6-e6caf28644fa</sln:miejscIIPId><sln:miejscIIPPn>PL.PZGIK.200</sln:miejscIIPPn><sln:miejscIIPWersja>2016-11-24T14:03:54+02:00</sln:miejscIIPWersja><sln:miejscIdTeryt>742320</sln:miejscIdTeryt><sln:miejscNazwa>WOLA PŁAWSKA</sln:miejscNazwa><sln:miejscRodzaj>Wieś</sln:miejscRodzaj><sln:powIIPId>3f4de0d6-42c9-4507-b007-95a57f0797b9</sln:powIIPId><sln:powIIPPn>PL.PZGIK.200</sln:powIIPPn><sln:powIIPWersja>2012-09-27T08:01:01+02:00</sln:powIIPWersja><sln:powIdTeryt>1811</sln:powIdTeryt><sln:powNazwa>mielecki</sln:powNazwa><sln:wojIIPId>833fe14b-fe8e-40c7-9e4e-fc27c938bb11</sln:wojIIPId><sln:wojIIPPn>PL.PZGIK.200</sln:wojIIPPn><sln:wojIIPWersja>2017-10-10T00:00:00+02:00</sln:wojIIPWersja><sln:wojIdTeryt>18</sln:wojIdTeryt><sln:wojNazwa>podkarpackie</sln:wojNazwa></sln:miejscowosc><sln:miejscowosc><sln:cyklZyciaDo>2017-08-11T00:00:00+02:00</sln:cyklZyciaDo><sln:cyklZyciaOd>2016-02-26T00:00:00+01:00</sln:cyklZyciaOd><sln:gmIIPId>2db4e6cb-71bc-457f-98f5-8f216aecbde7</sln:gmIIPId><sln:gmIIPPn>PL.PZGIK.200</sln:gmIIPPn><sln:gmIIPWersja>2012-09-26T22:01:24+02:00</sln:gmIIPWersja><sln:gmIdTeryt>1811022</sln:gmIdTeryt><sln:gmNazwa>Borowa</sln:gmNazwa><sln:miejscIIPId>e1550851-a125-42b0-a102-e5e6096d392f</sln:miejscIIPId><sln:miejscIIPPn>PL.PZGIK.200</sln:miejscIIPPn><sln:miejscIIPWersja>2016-11-24T14:05:35+02:00</sln:miejscIIPWersja><sln:miejscIdTeryt>742260</sln:miejscIdTeryt><sln:miejscNazwa>SADKOWA GÓRA</sln:miejscNazwa><sln:miejscRodzaj>Wieś</sln:miejscRodzaj><sln:powIIPId>3f4de0d6-42c9-4507-b007-95a57f0797b9</sln:powIIPId><sln:powIIPPn>PL.PZGIK.200</sln:powIIPPn><sln:powIIPWersja>2012-09-27T08:01:01+02:00</sln:powIIPWersja><sln:powIdTeryt>1811</sln:powIdTeryt><sln:powNazwa>mielecki</sln:powNazwa><sln:wojIIPId>833fe14b-fe8e-40c7-9e4e-fc27c938bb11</sln:wojIIPId><sln:wojIIPPn>PL.PZGIK.200</sln:wojIIPPn><sln:wojIIPWersja>2017-10-10T00:00:00+02:00</sln:wojIIPWersja><sln:wojIdTeryt>18</sln:wojIdTeryt><sln:wojNazwa>podkarpackie</sln:wojNazwa></sln:miejscowosc><sln:miejscowosc><sln:cyklZyciaOd>2017-08-11T00:00:00+02:00</sln:cyklZyciaOd><sln:gmIIPId>2db4e6cb-71bc-457f-98f5-8f216aecbde7</sln:gmIIPId><sln:gmIIPPn>PL.PZGIK.200</sln:gmIIPPn><sln:gmIIPWersja>2012-09-26T22:01:24+02:00</sln:gmIIPWersja><sln:gmIdTeryt>1811022</sln:gmIdTeryt><sln:gmNazwa>Borowa</sln:gmNazwa><sln:miejscIIPId>4a915a2c-d81c-4491-89b6-e6caf28644fa</sln:miejscIIPId><sln:miejscIIPPn>PL.PZGIK.200</sln:miejscIIPPn><sln:miejscIIPWersja>2017-08-11T12:30:32+02:00</sln:miejscIIPWersja><sln:miejscIdTeryt>0646050</sln:miejscIdTeryt><sln:miejscNazwa>WOLA PŁAWSKA</sln:miejscNazwa><sln:miejscRodzaj>Wieś</sln:miejscRodzaj><sln:powIIPId>3f4de0d6-42c9-4507-b007-95a57f0797b9</sln:powIIPId><sln:powIIPPn>PL.PZGIK.200</sln:powIIPPn><sln:powIIPWersja>2012-09-27T08:01:01+02:00</sln:powIIPWersja><sln:powIdTeryt>1811</sln:powIdTeryt><sln:powNazwa>mielecki</sln:powNazwa><sln:wojIIPId>833fe14b-fe8e-40c7-9e4e-fc27c938bb11</sln:wojIIPId><sln:wojIIPPn>PL.PZGIK.200</sln:wojIIPPn><sln:wojIIPWersja>2017-10-10T00:00:00+02:00</sln:wojIIPWersja><sln:wojIdTeryt>18</sln:wojIdTeryt><sln:wojNazwa>podkarpackie</sln:wojNazwa></sln:miejscowosc><sln:miejscowosc><sln:cyklZyciaOd>2017-08-11T00:00:00+02:00</sln:cyklZyciaOd><sln:gmIIPId>2db4e6cb-71bc-457f-98f5-8f216aecbde7</sln:gmIIPId><sln:gmIIPPn>PL.PZGIK.200</sln:gmIIPPn><sln:gmIIPWersja>2012-09-26T22:01:24+02:00</sln:gmIIPWersja><sln:gmIdTeryt>1811022</sln:gmIdTeryt><sln:gmNazwa>Borowa</sln:gmNazwa><sln:miejscIIPId>260b37ad-56a5-40b9-981d-c80e0680c26e</sln:miejscIIPId><sln:miejscIIPPn>PL.PZGIK.200</sln:miejscIIPPn><sln:miejscIIPWersja>2017-08-11T12:30:37+02:00</sln:miejscIIPWersja><sln:miejscIdTeryt>0645702</sln:miejscIdTeryt><sln:miejscNazwa>GLINY WIELKIE</sln:miejscNazwa><sln:miejscRodzaj>Wieś</sln:miejscRodzaj><sln:powIIPId>3f4de0d6-42c9-4507-b007-95a57f0797b9</sln:powIIPId><sln:powIIPPn>PL.PZGIK.200</sln:powIIPPn><sln:powIIPWersja>2012-09-27T08:01:01+02:00</sln:powIIPWersja><sln:powIdTeryt>1811</sln:powIdTeryt><sln:powNazwa>mielecki</sln:powNazwa><sln:wojIIPId>833fe14b-fe8e-40c7-9e4e-fc27c938bb11</sln:wojIIPId><sln:wojIIPPn>PL.PZGIK.200</sln:wojIIPPn><sln:wojIIPWersja>2017-10-10T00:00:00+02:00</sln:wojIIPWersja><sln:wojIdTeryt>18</sln:wojIdTeryt><sln:wojNazwa>podkarpackie</sln:wojNazwa></sln:miejscowosc><sln:miejscowosc><sln:cyklZyciaOd>2017-08-11T00:00:00+02:00</sln:cyklZyciaOd><sln:gmIIPId>2db4e6cb-71bc-457f-98f5-8f216aecbde7</sln:gmIIPId><sln:gmIIPPn>PL.PZGIK.200</sln:gmIIPPn><sln:gmIIPWersja>2012-09-26T22:01:24+02:00</sln:gmIIPWersja><sln:gmIdTeryt>1811022</sln:gmIdTeryt><sln:gmNazwa>Borowa</sln:gmNazwa><sln:miejscIIPId>cae002e6-8d7b-40d5-a12d-985493edaa2f</sln:miejscIIPId><sln:miejscIIPPn>PL.PZGIK.200</sln:miejscIIPPn><sln:miejscIIPWersja>2017-08-11T12:30:37+02:00</sln:miejscIIPWersja><sln:miejscIdTeryt>0645926</sln:miejscIdTeryt><sln:miejscNazwa>PŁAWO</sln:miejscNazwa><sln:miejscRodzaj>Wieś</sln:miejscRodzaj><sln:powIIPId>3f4de0d6-42c9-4507-b007-95a57f0797b9</sln:powIIPId><sln:powIIPPn>PL.PZGIK.200</sln:powIIPPn><sln:powIIPWersja>2012-09-27T08:01:01+02:00</sln:powIIPWersja><sln:powIdTeryt>1811</sln:powIdTeryt><sln:powNazwa>mielecki</sln:powNazwa><sln:wojIIPId>833fe14b-fe8e-40c7-9e4e-fc27c938bb11</sln:wojIIPId><sln:wojIIPPn>PL.PZGIK.200</sln:wojIIPPn><sln:wojIIPWersja>2017-10-10T00:00:00+02:00</sln:wojIIPWersja><sln:wojIdTeryt>18</sln:wojIdTeryt><sln:wojNazwa>podkarpackie</sln:wojNazwa></sln:miejscowosc><sln:miejscowosc><sln:cyklZyciaOd>2017-08-11T00:00:00+02:00</sln:cyklZyciaOd><sln:gmIIPId>2db4e6cb-71bc-457f-98f5-8f216aecbde7</sln:gmIIPId><sln:gmIIPPn>PL.PZGIK.200</sln:gmIIPPn><sln:gmIIPWersja>2012-09-26T22:01:24+02:00</sln:gmIIPWersja><sln:gmIdTeryt>1811022</sln:gmIdTeryt><sln:gmNazwa>Borowa</sln:gmNazwa><sln:miejscIIPId>e1550851-a125-42b0-a102-e5e6096d392f</sln:miejscIIPId><sln:miejscIIPPn>PL.PZGIK.200</sln:miejscIIPPn><sln:miejscIIPWersja>2017-08-11T12:30:37+02:00</sln:miejscIIPWersja><sln:miejscIdTeryt>0645955</sln:miejscIdTeryt><sln:miejscNazwa>SADKOWA GÓRA</sln:miejscNazwa><sln:miejscRodzaj>Wieś</sln:miejscRodzaj><sln:powIIPId>3f4de0d6-42c9-4507-b007-95a57f0797b9</sln:powIIPId><sln:powIIPPn>PL.PZGIK.200</sln:powIIPPn><sln:powIIPWersja>2012-09-27T08:01:01+02:00</sln:powIIPWersja><sln:powIdTeryt>1811</sln:powIdTeryt><sln:powNazwa>mielecki</sln:powNazwa><sln:wojIIPId>833fe14b-fe8e-40c7-9e4e-fc27c938bb11</sln:wojIIPId><sln:wojIIPPn>PL.PZGIK.200</sln:wojIIPPn><sln:wojIIPWersja>2017-10-10T00:00:00+02:00</sln:wojIIPWersja><sln:wojIdTeryt>18</sln:wojIdTeryt><sln:wojNazwa>podkarpackie</sln:wojNazwa></sln:miejscowosc><sln:miejscowosc><sln:cyklZyciaDo>2017-09-07T00:00:00+02:00</sln:cyklZyciaDo><sln:cyklZyciaOd>2017-08-11T00:00:00+02:00</sln:cyklZyciaOd><sln:gmIIPId>2db4e6cb-71bc-457f-98f5-8f216aecbde7</sln:gmIIPId><sln:gmIIPPn>PL.PZGIK.200</sln:gmIIPPn><sln:gmIIPWersja>2012-09-26T22:01:24+02:00</sln:gmIIPWersja><sln:gmIdTeryt>1811022</sln:gmIdTeryt><sln:gmNazwa>Borowa</sln:gmNazwa><sln:miejscIIPId>90a379d6-3d0c-493a-bf96-1a459fa0b3c9</sln:miejscIIPId><sln:miejscIIPPn>PL.PZGIK.200</sln:miejscIIPPn><sln:miejscIIPWersja>2017-08-11T12:30:37+02:00</sln:miejscIIPWersja><sln:miejscIdTeryt>0645820</sln:miejscIdTeryt><sln:miejscNazwa>ŁYSAKÓWEK</sln:miejscNazwa><sln:miejscRodzaj>Wieś</sln:miejscRodzaj><sln:powIIPId>3f4de0d6-42c9-4507-b007-95a57f0797b9</sln:powIIPId><sln:powIIPPn>PL.PZGIK.200</sln:powIIPPn><sln:powIIPWersja>2012-09-27T08:01:01+02:00</sln:powIIPWersja><sln:powIdTeryt>1811</sln:powIdTeryt><sln:powNazwa>mielecki</sln:powNazwa><sln:wojIIPId>833fe14b-fe8e-40c7-9e4e-fc27c938bb11</sln:wojIIPId><sln:wojIIPPn>PL.PZGIK.200</sln:wojIIPPn><sln:wojIIPWersja>2017-10-10T00:00:00+02:00</sln:wojIIPWersja><sln:wojIdTeryt>18</sln:wojIdTeryt><sln:wojNazwa>podkarpackie</sln:wojNazwa></sln:miejscowosc><sln:miejscowosc><sln:cyklZyciaOd>2017-08-11T00:00:00+02:00</sln:cyklZyciaOd><sln:gmIIPId>2db4e6cb-71bc-457f-98f5-8f216aecbde7</sln:gmIIPId><sln:gmIIPPn>PL.PZGIK.200</sln:gmIIPPn><sln:gmIIPWersja>2012-09-26T22:01:24+02:00</sln:gmIIPWersja><sln:gmIdTeryt>1811022</sln:gmIdTeryt><sln:gmNazwa>Borowa</sln:gmNazwa><sln:miejscIIPId>a581e35b-c7f9-4d14-8d87-59eb47f5f91b</sln:miejscIIPId><sln:miejscIIPPn>PL.PZGIK.200</sln:miejscIIPPn><sln:miejscIIPWersja>2017-08-11T12:30:37+02:00</sln:miejscIIPWersja><sln:miejscIdTeryt>0645731</sln:miejscIdTeryt><sln:miejscNazwa>GÓRKI</sln:miejscNazwa><sln:miejscRodzaj>Wieś</sln:miejscRodzaj><sln:powIIPId>3f4de0d6-42c9-4507-b007-95a57f0797b9</sln:powIIPId><sln:powIIPPn>PL.PZGIK.200</sln:powIIPPn><sln:powIIPWersja>2012-09-27T08:01:01+02:00</sln:powIIPWersja><sln:powIdTeryt>1811</sln:powIdTeryt><sln:powNazwa>mielecki</sln:powNazwa><sln:wojIIPId>833fe14b-fe8e-40c7-9e4e-fc27c938bb11</sln:wojIIPId><sln:wojIIPPn>PL.PZGIK.200</sln:wojIIPPn><sln:wojIIPWersja>2017-10-10T00:00:00+02:00</sln:wojIIPWersja><sln:wojIdTeryt>18</sln:wojIdTeryt><sln:wojNazwa>podkarpackie</sln:wojNazwa></sln:miejscowosc><sln:miejscowosc><sln:cyklZyciaOd>2017-08-11T00:00:00+02:00</sln:cyklZyciaOd><sln:gmIIPId>2db4e6cb-71bc-457f-98f5-8f216aecbde7</sln:gmIIPId><sln:gmIIPPn>PL.PZGIK.200</sln:gmIIPPn><sln:gmIIPWersja>2012-09-26T22:01:24+02:00</sln:gmIIPWersja><sln:gmIdTeryt>1811022</sln:gmIdTeryt><sln:gmNazwa>Borowa</sln:gmNazwa><sln:miejscIIPId>e0100d3c-686e-44c9-b4d8-380170243526</sln:miejscIIPId><sln:miejscIIPPn>PL.PZGIK.200</sln:miejscIIPPn><sln:miejscIIPWersja>2017-08-11T12:30:37+02:00</sln:miejscIIPWersja><sln:miejscIdTeryt>0645620</sln:miejscIdTeryt><sln:miejscNazwa>GLINY MAŁE</sln:miejscNazwa><sln:miejscRodzaj>Wieś</sln:miejscRodzaj><sln:powIIPId>3f4de0d6-42c9-4507-b007-95a57f0797b9</sln:powIIPId><sln:powIIPPn>PL.PZGIK.200</sln:powIIPPn><sln:powIIPWersja>2012-09-27T08:01:01+02:00</sln:powIIPWersja><sln:powIdTeryt>1811</sln:powIdTeryt><sln:powNazwa>mielecki</sln:powNazwa><sln:wojIIPId>833fe14b-fe8e-40c7-9e4e-fc27c938bb11</sln:wojIIPId><sln:wojIIPPn>PL.PZGIK.200</sln:wojIIPPn><sln:wojIIPWersja>2017-10-10T00:00:00+02:00</sln:wojIIPWersja><sln:wojIdTeryt>18</sln:wojIdTeryt><sln:wojNazwa>podkarpackie</sln:wojNazwa></sln:miejscowosc><sln:miejscowosc><sln:cyklZyciaDo>2017-09-07T00:00:00+02:00</sln:cyklZyciaDo><sln:cyklZyciaOd>2017-08-11T00:00:00+02:00</sln:cyklZyciaOd><sln:gmIIPId>2db4e6cb-71bc-457f-98f5-8f216aecbde7</sln:gmIIPId><sln:gmIIPPn>PL.PZGIK.200</sln:gmIIPPn><sln:gmIIPWersja>2012-09-26T22:01:24+02:00</sln:gmIIPWersja><sln:gmIdTeryt>1811022</sln:gmIdTeryt><sln:gmNazwa>Borowa</sln:gmNazwa><sln:miejscIIPId>4cf99ebe-a32b-4da4-a168-9dacd599f2a2</sln:miejscIIPId><sln:miejscIIPPn>PL.PZGIK.200</sln:miejscIIPPn><sln:miejscIIPWersja>2017-08-11T12:30:37+02:00</sln:miejscIIPWersja><sln:miejscIdTeryt>0645458</sln:miejscIdTeryt><sln:miejscNazwa>BOROWA</sln:miejscNazwa><sln:miejscRodzaj>Wieś</sln:miejscRodzaj><sln:powIIPId>3f4de0d6-42c9-4507-b007-95a57f0797b9</sln:powIIPId><sln:powIIPPn>PL.PZGIK.200</sln:powIIPPn><sln:powIIPWersja>2012-09-27T08:01:01+02:00</sln:powIIPWersja><sln:powIdTeryt>1811</sln:powIdTeryt><sln:powNazwa>mielecki</sln:powNazwa><sln:wojIIPId>833fe14b-fe8e-40c7-9e4e-fc27c938bb11</sln:wojIIPId><sln:wojIIPPn>PL.PZGIK.200</sln:wojIIPPn><sln:wojIIPWersja>2017-10-10T00:00:00+02:00</sln:wojIIPWersja><sln:wojIdTeryt>18</sln:wojIdTeryt><sln:wojNazwa>podkarpackie</sln:wojNazwa></sln:miejscowosc><sln:miejscowosc><sln:cyklZyciaOd>2017-08-11T00:00:00+02:00</sln:cyklZyciaOd><sln:gmIIPId>2db4e6cb-71bc-457f-98f5-8f216aecbde7</sln:gmIIPId><sln:gmIIPPn>PL.PZGIK.200</sln:gmIIPPn><sln:gmIIPWersja>2012-09-26T22:01:24+02:00</sln:gmIIPWersja><sln:gmIdTeryt>1811022</sln:gmIdTeryt><sln:gmNazwa>Borowa</sln:gmNazwa><sln:miejscIIPId>4e1edffb-4b29-48a0-9b63-24120622c74b</sln:miejscIIPId><sln:miejscIIPPn>PL.PZGIK.200</sln:miejscIIPPn><sln:miejscIIPWersja>2017-08-11T12:30:37+02:00</sln:miejscIIPWersja><sln:miejscIdTeryt>0645872</sln:miejscIdTeryt><sln:miejscNazwa>ORŁÓW</sln:miejscNazwa><sln:miejscRodzaj>Wieś</sln:miejscRodzaj><sln:powIIPId>3f4de0d6-42c9-4507-b007-95a57f0797b9</sln:powIIPId><sln:powIIPPn>PL.PZGIK.200</sln:powIIPPn><sln:powIIPWersja>2012-09-27T08:01:01+02:00</sln:powIIPWersja><sln:powIdTeryt>1811</sln:powIdTeryt><sln:powNazwa>mielecki</sln:powNazwa><sln:wojIIPId>833fe14b-fe8e-40c7-9e4e-fc27c938bb11</sln:wojIIPId><sln:wojIIPPn>PL.PZGIK.200</sln:wojIIPPn><sln:wojIIPWersja>2017-10-10T00:00:00+02:00</sln:wojIIPWersja><sln:wojIdTeryt>18</sln:wojIdTeryt><sln:wojNazwa>podkarpackie</sln:wojNazwa></sln:miejscowosc><sln:miejscowosc><sln:cyklZyciaDo>2017-09-07T00:00:00+02:00</sln:cyklZyciaDo><sln:cyklZyciaOd>2017-08-11T00:00:00+02:00</sln:cyklZyciaOd><sln:gmIIPId>2db4e6cb-71bc-457f-98f5-8f216aecbde7</sln:gmIIPId><sln:gmIIPPn>PL.PZGIK.200</sln:gmIIPPn><sln:gmIIPWersja>2012-09-26T22:01:24+02:00</sln:gmIIPWersja><sln:gmIdTeryt>1811022</sln:gmIdTeryt><sln:gmNazwa>Borowa</sln:gmNazwa><sln:miejscIIPId>2e878a53-ea49-4703-be75-02ac5f6936f6</sln:miejscIIPId><sln:miejscIIPPn>PL.PZGIK.200</sln:miejscIIPPn><sln:miejscIIPWersja>2017-08-11T12:30:37+02:00</sln:miejscIIPWersja><sln:miejscIdTeryt>0646021</sln:miejscIdTeryt><sln:miejscNazwa>SUROWA</sln:miejscNazwa><sln:miejscRodzaj>Wieś</sln:miejscRodzaj><sln:powIIPId>3f4de0d6-42c9-4507-b007-95a57f0797b9</sln:powIIPId><sln:powIIPPn>PL.PZGIK.200</sln:powIIPPn><sln:powIIPWersja>2012-09-27T08:01:01+02:00</sln:powIIPWersja><sln:powIdTeryt>1811</sln:powIdTeryt><sln:powNazwa>mielecki</sln:powNazwa><sln:wojIIPId>833fe14b-fe8e-40c7-9e4e-fc27c938bb11</sln:wojIIPId><sln:wojIIPPn>PL.PZGIK.200</sln:wojIIPPn><sln:wojIIPWersja>2017-10-10T00:00:00+02:00</sln:wojIIPWersja><sln:wojIdTeryt>18</sln:wojIdTeryt><sln:wojNazwa>podkarpackie</sln:wojNazwa></sln:miejscowosc><sln:miejscowosc><sln:cyklZyciaOd>2017-09-07T00:00:00+02:00</sln:cyklZyciaOd><sln:gmIIPId>2db4e6cb-71bc-457f-98f5-8f216aecbde7</sln:gmIIPId><sln:gmIIPPn>PL.PZGIK.200</sln:gmIIPPn><sln:gmIIPWersja>2012-09-26T22:01:24+02:00</sln:gmIIPWersja><sln:gmIdTeryt>1811022</sln:gmIdTeryt><sln:gmNazwa>Borowa</sln:gmNazwa><sln:miejscIIPId>90a379d6-3d0c-493a-bf96-1a459fa0b3c9</sln:miejscIIPId><sln:miejscIIPPn>PL.PZGIK.200</sln:miejscIIPPn><sln:miejscIIPWersja>2017-09-07T09:00:55+02:00</sln:miejscIIPWersja><sln:miejscIdTeryt>0645820</sln:miejscIdTeryt><sln:miejscNazwa>ŁYSAKÓWEK</sln:miejscNazwa><sln:miejscRodzaj>Wieś</sln:miejscRodzaj><sln:powIIPId>3f4de0d6-42c9-4507-b007-95a57f0797b9</sln:powIIPId><sln:powIIPPn>PL.PZGIK.200</sln:powIIPPn><sln:powIIPWersja>2012-09-27T08:01:01+02:00</sln:powIIPWersja><sln:powIdTeryt>1811</sln:powIdTeryt><sln:powNazwa>mielecki</sln:powNazwa><sln:wojIIPId>833fe14b-fe8e-40c7-9e4e-fc27c938bb11</sln:wojIIPId><sln:wojIIPPn>PL.PZGIK.200</sln:wojIIPPn><sln:wojIIPWersja>2017-10-10T00:00:00+02:00</sln:wojIIPWersja><sln:wojIdTeryt>18</sln:wojIdTeryt><sln:wojNazwa>podkarpackie</sln:wojNazwa></sln:miejscowosc><sln:miejscowosc><sln:cyklZyciaOd>2017-09-07T00:00:00+02:00</sln:cyklZyciaOd><sln:gmIIPId>2db4e6cb-71bc-457f-98f5-8f216aecbde7</sln:gmIIPId><sln:gmIIPPn>PL.PZGIK.200</sln:gmIIPPn><sln:gmIIPWersja>2012-09-26T22:01:24+02:00</sln:gmIIPWersja><sln:gmIdTeryt>1811022</sln:gmIdTeryt><sln:gmNazwa>Borowa</sln:gmNazwa><sln:miejscIIPId>4cf99ebe-a32b-4da4-a168-9dacd599f2a2</sln:miejscIIPId><sln:miejscIIPPn>PL.PZGIK.200</sln:miejscIIPPn><sln:miejscIIPWersja>2017-09-07T09:01:02+02:00</sln:miejscIIPWersja><sln:miejscIdTeryt>0645458</sln:miejscIdTeryt><sln:miejscNazwa>BOROWA</sln:miejscNazwa><sln:miejscRodzaj>Wieś</sln:miejscRodzaj><sln:powIIPId>3f4de0d6-42c9-4507-b007-95a57f0797b9</sln:powIIPId><sln:powIIPPn>PL.PZGIK.200</sln:powIIPPn><sln:powIIPWersja>2012-09-27T08:01:01+02:00</sln:powIIPWersja><sln:powIdTeryt>1811</sln:powIdTeryt><sln:powNazwa>mielecki</sln:powNazwa><sln:wojIIPId>833fe14b-fe8e-40c7-9e4e-fc27c938bb11</sln:wojIIPId><sln:wojIIPPn>PL.PZGIK.200</sln:wojIIPPn><sln:wojIIPWersja>2017-10-10T00:00:00+02:00</sln:wojIIPWersja><sln:wojIdTeryt>18</sln:wojIdTeryt><sln:wojNazwa>podkarpackie</sln:wojNazwa></sln:miejscowosc><sln:miejscowosc><sln:cyklZyciaOd>2017-09-07T00:00:00+02:00</sln:cyklZyciaOd><sln:gmIIPId>2db4e6cb-71bc-457f-98f5-8f216aecbde7</sln:gmIIPId><sln:gmIIPPn>PL.PZGIK.200</sln:gmIIPPn><sln:gmIIPWersja>2012-09-26T22:01:24+02:00</sln:gmIIPWersja><sln:gmIdTeryt>1811022</sln:gmIdTeryt><sln:gmNazwa>Borowa</sln:gmNazwa><sln:miejscIIPId>2e878a53-ea49-4703-be75-02ac5f6936f6</sln:miejscIIPId><sln:miejscIIPPn>PL.PZGIK.200</sln:miejscIIPPn><sln:miejscIIPWersja>2017-09-07T09:01:02+02:00</sln:miejscIIPWersja><sln:miejscIdTeryt>0646021</sln:miejscIdTeryt><sln:miejscNazwa>SUROWA</sln:miejscNazwa><sln:miejscRodzaj>Wieś</sln:miejscRodzaj><sln:powIIPId>3f4de0d6-42c9-4507-b007-95a57f0797b9</sln:powIIPId><sln:powIIPPn>PL.PZGIK.200</sln:powIIPPn><sln:powIIPWersja>2012-09-27T08:01:01+02:00</sln:powIIPWersja><sln:powIdTeryt>1811</sln:powIdTeryt><sln:powNazwa>mielecki</sln:powNazwa><sln:wojIIPId>833fe14b-fe8e-40c7-9e4e-fc27c938bb11</sln:wojIIPId><sln:wojIIPPn>PL.PZGIK.200</sln:wojIIPPn><sln:wojIIPWersja>2017-10-10T00:00:00+02:00</sln:wojIIPWersja><sln:wojIdTeryt>18</sln:wojIdTeryt><sln:wojNazwa>podkarpackie</sln:wojNazwa></sln:miejscowosc></sln:lista-miejscowosci>