<?xml version="1.0" encoding="UTF-8" standalone="yes"?><sln:lista-miejscowosci xmlns:srv="http://gugik.gov.pl/schemas/slowniki-service/1.0" xmlns:sln="http://gugik.gov.pl/schemas/slowniki-schema/1.0"><sln:miejscowosc><sln:cyklZyciaDo>2017-03-17T00:00:00+01:00</sln:cyklZyciaDo><sln:cyklZyciaOd>2016-06-29T00:00:00+02:00</sln:cyklZyciaOd><sln:gmIIPId>45c60f94-32be-479b-bb9a-f63daf9802ec</sln:gmIIPId><sln:gmIIPPn>PL.PZGIK.200</sln:gmIIPPn><sln:gmIIPWersja>2012-09-26T22:00:11+02:00</sln:gmIIPWersja><sln:gmIdTeryt>1802022</sln:gmIdTeryt><sln:gmNazwa>Domaradz</sln:gmNazwa><sln:miejscIIPId>de8f4a52-6a79-4fbc-a7be-b7f73b2b418d</sln:miejscIIPId><sln:miejscIIPPn>PL.PZGIK.200</sln:miejscIIPPn><sln:miejscIIPWersja>2016-11-24T10:02:36+02:00</sln:miejscIIPWersja><sln:miejscIdTeryt>0348358</sln:miejscIdTeryt><sln:miejscNazwa>Barycz</sln:miejscNazwa><sln:miejscRodzaj>Wieś</sln:miejscRodzaj><sln:powIIPId>5e18c93d-2b1b-4164-9ed8-bb5a97fb78b6</sln:powIIPId><sln:powIIPPn>PL.PZGIK.200</sln:powIIPPn><sln:powIIPWersja>2012-09-27T08:01:01+02:00</sln:powIIPWersja><sln:powIdTeryt>1802</sln:powIdTeryt><sln:powNazwa>brzozowski</sln:powNazwa><sln:waznyOd>2016-04-12T00:00:00+02:00</sln:waznyOd><sln:wojIIPId>833fe14b-fe8e-40c7-9e4e-fc27c938bb11</sln:wojIIPId><sln:wojIIPPn>PL.PZGIK.200</sln:wojIIPPn><sln:wojIIPWersja>2017-10-10T00:00:00+02:00</sln:wojIIPWersja><sln:wojIdTeryt>18</sln:wojIdTeryt><sln:wojNazwa>podkarpackie</sln:wojNazwa></sln:miejscowosc><sln:miejscowosc><sln:cyklZyciaDo>2017-03-17T00:00:00+01:00</sln:cyklZyciaDo><sln:cyklZyciaOd>2016-06-29T00:00:00+02:00</sln:cyklZyciaOd><sln:gmIIPId>45c60f94-32be-479b-bb9a-f63daf9802ec</sln:gmIIPId><sln:gmIIPPn>PL.PZGIK.200</sln:gmIIPPn><sln:gmIIPWersja>2012-09-26T22:00:11+02:00</sln:gmIIPWersja><sln:gmIdTeryt>1802022</sln:gmIdTeryt><sln:gmNazwa>Domaradz</sln:gmNazwa><sln:miejscIIPId>f3544432-1dda-421c-b3e7-16941cf8db65</sln:miejscIIPId><sln:miejscIIPPn>PL.PZGIK.200</sln:miejscIIPPn><sln:miejscIIPWersja>2016-11-24T10:02:36+02:00</sln:miejscIIPWersja><sln:miejscIdTeryt>0348507</sln:miejscIdTeryt><sln:miejscNazwa>Domaradz</sln:miejscNazwa><sln:miejscRodzaj>Wieś</sln:miejscRodzaj><sln:powIIPId>5e18c93d-2b1b-4164-9ed8-bb5a97fb78b6</sln:powIIPId><sln:powIIPPn>PL.PZGIK.200</sln:powIIPPn><sln:powIIPWersja>2012-09-27T08:01:01+02:00</sln:powIIPWersja><sln:powIdTeryt>1802</sln:powIdTeryt><sln:powNazwa>brzozowski</sln:powNazwa><sln:waznyOd>2016-04-12T00:00:00+02:00</sln:waznyOd><sln:wojIIPId>833fe14b-fe8e-40c7-9e4e-fc27c938bb11</sln:wojIIPId><sln:wojIIPPn>PL.PZGIK.200</sln:wojIIPPn><sln:wojIIPWersja>2017-10-10T00:00:00+02:00</sln:wojIIPWersja><sln:wojIdTeryt>18</sln:wojIdTeryt><sln:wojNazwa>podkarpackie</sln:wojNazwa></sln:miejscowosc><sln:miejscowosc><sln:cyklZyciaDo>2017-03-17T00:00:00+01:00</sln:cyklZyciaDo><sln:cyklZyciaOd>2016-06-29T00:00:00+02:00</sln:cyklZyciaOd><sln:gmIIPId>45c60f94-32be-479b-bb9a-f63daf9802ec</sln:gmIIPId><sln:gmIIPPn>PL.PZGIK.200</sln:gmIIPPn><sln:gmIIPWersja>2012-09-26T22:00:11+02:00</sln:gmIIPWersja><sln:gmIdTeryt>1802022</sln:gmIdTeryt><sln:gmNazwa>Domaradz</sln:gmNazwa><sln:miejscIIPId>a1fde76d-5ca3-4f87-95f7-be24cf5e9d5c</sln:miejscIIPId><sln:miejscIIPPn>PL.PZGIK.200</sln:miejscIIPPn><sln:miejscIIPWersja>2016-11-24T10:02:36+02:00</sln:miejscIIPWersja><sln:miejscIdTeryt>0348708</sln:miejscIdTeryt><sln:miejscNazwa>Golcowa</sln:miejscNazwa><sln:miejscRodzaj>Wieś</sln:miejscRodzaj><sln:powIIPId>5e18c93d-2b1b-4164-9ed8-bb5a97fb78b6</sln:powIIPId><sln:powIIPPn>PL.PZGIK.200</sln:powIIPPn><sln:powIIPWersja>2012-09-27T08:01:01+02:00</sln:powIIPWersja><sln:powIdTeryt>1802</sln:powIdTeryt><sln:powNazwa>brzozowski</sln:powNazwa><sln:waznyOd>2016-04-12T00:00:00+02:00</sln:waznyOd><sln:wojIIPId>833fe14b-fe8e-40c7-9e4e-fc27c938bb11</sln:wojIIPId><sln:wojIIPPn>PL.PZGIK.200</sln:wojIIPPn><sln:wojIIPWersja>2017-10-10T00:00:00+02:00</sln:wojIIPWersja><sln:wojIdTeryt>18</sln:wojIdTeryt><sln:wojNazwa>podkarpackie</sln:wojNazwa></sln:miejscowosc><sln:miejscowosc><sln:cyklZyciaOd>2017-03-17T00:00:00+01:00</sln:cyklZyciaOd><sln:gmIIPId>45c60f94-32be-479b-bb9a-f63daf9802ec</sln:gmIIPId><sln:gmIIPPn>PL.PZGIK.200</sln:gmIIPPn><sln:gmIIPWersja>2012-09-26T22:00:11+02:00</sln:gmIIPWersja><sln:gmIdTeryt>1802022</sln:gmIdTeryt><sln:gmNazwa>Domaradz</sln:gmNazwa><sln:miejscIIPId>de8f4a52-6a79-4fbc-a7be-b7f73b2b418d</sln:miejscIIPId><sln:miejscIIPPn>PL.PZGIK.200</sln:miejscIIPPn><sln:miejscIIPWersja>2017-03-17T09:01:33+02:00</sln:miejscIIPWersja><sln:miejscIdTeryt>0348358</sln:miejscIdTeryt><sln:miejscNazwa>Barycz</sln:miejscNazwa><sln:miejscRodzaj>Wieś</sln:miejscRodzaj><sln:powIIPId>5e18c93d-2b1b-4164-9ed8-bb5a97fb78b6</sln:powIIPId><sln:powIIPPn>PL.PZGIK.200</sln:powIIPPn><sln:powIIPWersja>2012-09-27T08:01:01+02:00</sln:powIIPWersja><sln:powIdTeryt>1802</sln:powIdTeryt><sln:powNazwa>brzozowski</sln:powNazwa><sln:waznyOd>2016-04-12T00:00:00+02:00</sln:waznyOd><sln:wojIIPId>833fe14b-fe8e-40c7-9e4e-fc27c938bb11</sln:wojIIPId><sln:wojIIPPn>PL.PZGIK.200</sln:wojIIPPn><sln:wojIIPWersja>2017-10-10T00:00:00+02:00</sln:wojIIPWersja><sln:wojIdTeryt>18</sln:wojIdTeryt><sln:wojNazwa>podkarpackie</sln:wojNazwa></sln:miejscowosc><sln:miejscowosc><sln:cyklZyciaOd>2017-03-17T00:00:00+01:00</sln:cyklZyciaOd><sln:gmIIPId>45c60f94-32be-479b-bb9a-f63daf9802ec</sln:gmIIPId><sln:gmIIPPn>PL.PZGIK.200</sln:gmIIPPn><sln:gmIIPWersja>2012-09-26T22:00:11+02:00</sln:gmIIPWersja><sln:gmIdTeryt>1802022</sln:gmIdTeryt><sln:gmNazwa>Domaradz</sln:gmNazwa><sln:miejscIIPId>f3544432-1dda-421c-b3e7-16941cf8db65</sln:miejscIIPId><sln:miejscIIPPn>PL.PZGIK.200</sln:miejscIIPPn><sln:miejscIIPWersja>2017-03-17T09:01:39+02:00</sln:miejscIIPWersja><sln:miejscIdTeryt>0348507</sln:miejscIdTeryt><sln:miejscNazwa>Domaradz</sln:miejscNazwa><sln:miejscRodzaj>Wieś</sln:miejscRodzaj><sln:powIIPId>5e18c93d-2b1b-4164-9ed8-bb5a97fb78b6</sln:powIIPId><sln:powIIPPn>PL.PZGIK.200</sln:powIIPPn><sln:powIIPWersja>2012-09-27T08:01:01+02:00</sln:powIIPWersja><sln:powIdTeryt>1802</sln:powIdTeryt><sln:powNazwa>brzozowski</sln:powNazwa><sln:waznyOd>2016-04-12T00:00:00+02:00</sln:waznyOd><sln:wojIIPId>833fe14b-fe8e-40c7-9e4e-fc27c938bb11</sln:wojIIPId><sln:wojIIPPn>PL.PZGIK.200</sln:wojIIPPn><sln:wojIIPWersja>2017-10-10T00:00:00+02:00</sln:wojIIPWersja><sln:wojIdTeryt>18</sln:wojIdTeryt><sln:wojNazwa>podkarpackie</sln:wojNazwa></sln:miejscowosc><sln:miejscowosc><sln:cyklZyciaOd>2017-03-17T00:00:00+01:00</sln:cyklZyciaOd><sln:gmIIPId>45c60f94-32be-479b-bb9a-f63daf9802ec</sln:gmIIPId><sln:gmIIPPn>PL.PZGIK.200</sln:gmIIPPn><sln:gmIIPWersja>2012-09-26T22:00:11+02:00</sln:gmIIPWersja><sln:gmIdTeryt>1802022</sln:gmIdTeryt><sln:gmNazwa>Domaradz</sln:gmNazwa><sln:miejscIIPId>a1fde76d-5ca3-4f87-95f7-be24cf5e9d5c</sln:miejscIIPId><sln:miejscIIPPn>PL.PZGIK.200</sln:miejscIIPPn><sln:miejscIIPWersja>2017-03-17T09:01:39+02:00</sln:miejscIIPWersja><sln:miejscIdTeryt>0348708</sln:miejscIdTeryt><sln:miejscNazwa>Golcowa</sln:miejscNazwa><sln:miejscRodzaj>Wieś</sln:miejscRodzaj><sln:powIIPId>5e18c93d-2b1b-4164-9ed8-bb5a97fb78b6</sln:powIIPId><sln:powIIPPn>PL.PZGIK.200</sln:powIIPPn><sln:powIIPWersja>2012-09-27T08:01:01+02:00</sln:powIIPWersja><sln:powIdTeryt>1802</sln:powIdTeryt><sln:powNazwa>brzozowski</sln:powNazwa><sln:waznyOd>2016-04-12T00:00:00+02:00</sln:waznyOd><sln:wojIIPId>833fe14b-fe8e-40c7-9e4e-fc27c938bb11</sln:wojIIPId><sln:wojIIPPn>PL.PZGIK.200</sln:wojIIPPn><sln:wojIIPWersja>2017-10-10T00:00:00+02:00</sln:wojIIPWersja><sln:wojIdTeryt>18</sln:wojIdTeryt><sln:wojNazwa>podkarpackie</sln:wojNazwa></sln:miejscowosc></sln:lista-miejscowosci>