<?xml version="1.0" encoding="UTF-8" standalone="yes"?><sln:lista-miejscowosci xmlns:srv="http://gugik.gov.pl/schemas/slowniki-service/1.0" xmlns:sln="http://gugik.gov.pl/schemas/slowniki-schema/1.0"><sln:miejscowosc><sln:cyklZyciaDo>2017-04-14T00:00:00+02:00</sln:cyklZyciaDo><sln:cyklZyciaOd>2016-01-08T00:00:00+01:00</sln:cyklZyciaOd><sln:gmIIPId>1d17a9e3-3c3b-43d1-ba13-cf18f971c31a</sln:gmIIPId><sln:gmIIPPn>PL.PZGIK.200</sln:gmIIPPn><sln:gmIIPWersja>2012-09-26T22:03:58+02:00</sln:gmIIPWersja><sln:gmIdTeryt>1816042</sln:gmIdTeryt><sln:gmNazwa>Chmielnik</sln:gmNazwa><sln:miejscIIPId>d85510f8-f6ce-4a01-a367-77a9104e1af3</sln:miejscIIPId><sln:miejscIIPPn>PL.PZGIK.200</sln:miejscIIPPn><sln:miejscIIPWersja>2016-11-24T11:42:07+02:00</sln:miejscIIPWersja><sln:miejscIdTeryt>0646073</sln:miejscIdTeryt><sln:miejscNazwa>Błędowa Tyczyńska</sln:miejscNazwa><sln:miejscRodzaj>Wieś</sln:miejscRodzaj><sln:powIIPId>7f2af54d-150f-4b9f-b9fb-d2ce1b04166e</sln:powIIPId><sln:powIIPPn>PL.PZGIK.200</sln:powIIPPn><sln:powIIPWersja>2012-09-27T08:01:01+02:00</sln:powIIPWersja><sln:powIdTeryt>1816</sln:powIdTeryt><sln:powNazwa>rzeszowski</sln:powNazwa><sln:waznyOd>2013-03-01T00:00:00+01:00</sln:waznyOd><sln:wojIIPId>833fe14b-fe8e-40c7-9e4e-fc27c938bb11</sln:wojIIPId><sln:wojIIPPn>PL.PZGIK.200</sln:wojIIPPn><sln:wojIIPWersja>2017-10-10T00:00:00+02:00</sln:wojIIPWersja><sln:wojIdTeryt>18</sln:wojIdTeryt><sln:wojNazwa>podkarpackie</sln:wojNazwa></sln:miejscowosc><sln:miejscowosc><sln:cyklZyciaDo>2017-04-14T00:00:00+02:00</sln:cyklZyciaDo><sln:cyklZyciaOd>2016-01-08T00:00:00+01:00</sln:cyklZyciaOd><sln:gmIIPId>1d17a9e3-3c3b-43d1-ba13-cf18f971c31a</sln:gmIIPId><sln:gmIIPPn>PL.PZGIK.200</sln:gmIIPPn><sln:gmIIPWersja>2012-09-26T22:03:58+02:00</sln:gmIIPWersja><sln:gmIdTeryt>1816042</sln:gmIdTeryt><sln:gmNazwa>Chmielnik</sln:gmNazwa><sln:miejscIIPId>6796c22e-7445-49b5-a949-0de97c474b9e</sln:miejscIIPId><sln:miejscIIPPn>PL.PZGIK.200</sln:miejscIIPPn><sln:miejscIIPWersja>2016-11-24T13:19:33+02:00</sln:miejscIIPWersja><sln:miejscIdTeryt>0989459</sln:miejscIdTeryt><sln:miejscNazwa>Borówki</sln:miejscNazwa><sln:miejscRodzaj>Wieś</sln:miejscRodzaj><sln:powIIPId>7f2af54d-150f-4b9f-b9fb-d2ce1b04166e</sln:powIIPId><sln:powIIPPn>PL.PZGIK.200</sln:powIIPPn><sln:powIIPWersja>2012-09-27T08:01:01+02:00</sln:powIIPWersja><sln:powIdTeryt>1816</sln:powIdTeryt><sln:powNazwa>rzeszowski</sln:powNazwa><sln:waznyOd>2013-03-01T00:00:00+01:00</sln:waznyOd><sln:wojIIPId>833fe14b-fe8e-40c7-9e4e-fc27c938bb11</sln:wojIIPId><sln:wojIIPPn>PL.PZGIK.200</sln:wojIIPPn><sln:wojIIPWersja>2017-10-10T00:00:00+02:00</sln:wojIIPWersja><sln:wojIdTeryt>18</sln:wojIdTeryt><sln:wojNazwa>podkarpackie</sln:wojNazwa></sln:miejscowosc><sln:miejscowosc><sln:cyklZyciaDo>2017-04-14T00:00:00+02:00</sln:cyklZyciaDo><sln:cyklZyciaOd>2016-01-08T00:00:00+01:00</sln:cyklZyciaOd><sln:gmIIPId>1d17a9e3-3c3b-43d1-ba13-cf18f971c31a</sln:gmIIPId><sln:gmIIPPn>PL.PZGIK.200</sln:gmIIPPn><sln:gmIIPWersja>2012-09-26T22:03:58+02:00</sln:gmIIPWersja><sln:gmIdTeryt>1816042</sln:gmIdTeryt><sln:gmNazwa>Chmielnik</sln:gmNazwa><sln:miejscIIPId>0f4ecdb7-c55e-4d36-8a98-3df3edc11477</sln:miejscIIPId><sln:miejscIIPPn>PL.PZGIK.200</sln:miejscIIPPn><sln:miejscIIPWersja>2016-11-24T11:42:09+02:00</sln:miejscIIPWersja><sln:miejscIdTeryt>0646239</sln:miejscIdTeryt><sln:miejscNazwa>Chmielnik</sln:miejscNazwa><sln:miejscRodzaj>Wieś</sln:miejscRodzaj><sln:powIIPId>7f2af54d-150f-4b9f-b9fb-d2ce1b04166e</sln:powIIPId><sln:powIIPPn>PL.PZGIK.200</sln:powIIPPn><sln:powIIPWersja>2012-09-27T08:01:01+02:00</sln:powIIPWersja><sln:powIdTeryt>1816</sln:powIdTeryt><sln:powNazwa>rzeszowski</sln:powNazwa><sln:waznyOd>2013-03-01T00:00:00+01:00</sln:waznyOd><sln:wojIIPId>833fe14b-fe8e-40c7-9e4e-fc27c938bb11</sln:wojIIPId><sln:wojIIPPn>PL.PZGIK.200</sln:wojIIPPn><sln:wojIIPWersja>2017-10-10T00:00:00+02:00</sln:wojIIPWersja><sln:wojIdTeryt>18</sln:wojIdTeryt><sln:wojNazwa>podkarpackie</sln:wojNazwa></sln:miejscowosc><sln:miejscowosc><sln:cyklZyciaDo>2017-04-14T00:00:00+02:00</sln:cyklZyciaDo><sln:cyklZyciaOd>2016-01-08T00:00:00+01:00</sln:cyklZyciaOd><sln:gmIIPId>1d17a9e3-3c3b-43d1-ba13-cf18f971c31a</sln:gmIIPId><sln:gmIIPPn>PL.PZGIK.200</sln:gmIIPPn><sln:gmIIPWersja>2012-09-26T22:03:58+02:00</sln:gmIIPWersja><sln:gmIdTeryt>1816042</sln:gmIdTeryt><sln:gmNazwa>Chmielnik</sln:gmNazwa><sln:miejscIIPId>aaf1859a-701c-46a0-97d4-50a5c4a15c9a</sln:miejscIIPId><sln:miejscIIPPn>PL.PZGIK.200</sln:miejscIIPPn><sln:miejscIIPWersja>2016-11-24T11:42:11+02:00</sln:miejscIIPWersja><sln:miejscIdTeryt>0646446</sln:miejscIdTeryt><sln:miejscNazwa>Wola Rafałowska</sln:miejscNazwa><sln:miejscRodzaj>Wieś</sln:miejscRodzaj><sln:powIIPId>7f2af54d-150f-4b9f-b9fb-d2ce1b04166e</sln:powIIPId><sln:powIIPPn>PL.PZGIK.200</sln:powIIPPn><sln:powIIPWersja>2012-09-27T08:01:01+02:00</sln:powIIPWersja><sln:powIdTeryt>1816</sln:powIdTeryt><sln:powNazwa>rzeszowski</sln:powNazwa><sln:waznyOd>2013-03-01T00:00:00+01:00</sln:waznyOd><sln:wojIIPId>833fe14b-fe8e-40c7-9e4e-fc27c938bb11</sln:wojIIPId><sln:wojIIPPn>PL.PZGIK.200</sln:wojIIPPn><sln:wojIIPWersja>2017-10-10T00:00:00+02:00</sln:wojIIPWersja><sln:wojIdTeryt>18</sln:wojIdTeryt><sln:wojNazwa>podkarpackie</sln:wojNazwa></sln:miejscowosc><sln:miejscowosc><sln:cyklZyciaDo>2017-04-14T00:00:00+02:00</sln:cyklZyciaDo><sln:cyklZyciaOd>2016-01-08T00:00:00+01:00</sln:cyklZyciaOd><sln:gmIIPId>1d17a9e3-3c3b-43d1-ba13-cf18f971c31a</sln:gmIIPId><sln:gmIIPPn>PL.PZGIK.200</sln:gmIIPPn><sln:gmIIPWersja>2012-09-26T22:03:58+02:00</sln:gmIIPWersja><sln:gmIdTeryt>1816042</sln:gmIdTeryt><sln:gmNazwa>Chmielnik</sln:gmNazwa><sln:miejscIIPId>9d915e6a-68d2-480b-8e9d-d757a8d08b2c</sln:miejscIIPId><sln:miejscIIPPn>PL.PZGIK.200</sln:miejscIIPPn><sln:miejscIIPWersja>2016-11-24T11:42:13+02:00</sln:miejscIIPWersja><sln:miejscIdTeryt>0646570</sln:miejscIdTeryt><sln:miejscNazwa>Zabratówka</sln:miejscNazwa><sln:miejscRodzaj>Wieś</sln:miejscRodzaj><sln:powIIPId>7f2af54d-150f-4b9f-b9fb-d2ce1b04166e</sln:powIIPId><sln:powIIPPn>PL.PZGIK.200</sln:powIIPPn><sln:powIIPWersja>2012-09-27T08:01:01+02:00</sln:powIIPWersja><sln:powIdTeryt>1816</sln:powIdTeryt><sln:powNazwa>rzeszowski</sln:powNazwa><sln:waznyOd>2013-03-01T00:00:00+01:00</sln:waznyOd><sln:wojIIPId>833fe14b-fe8e-40c7-9e4e-fc27c938bb11</sln:wojIIPId><sln:wojIIPPn>PL.PZGIK.200</sln:wojIIPPn><sln:wojIIPWersja>2017-10-10T00:00:00+02:00</sln:wojIIPWersja><sln:wojIdTeryt>18</sln:wojIdTeryt><sln:wojNazwa>podkarpackie</sln:wojNazwa></sln:miejscowosc><sln:miejscowosc><sln:cyklZyciaDo>2015-12-15T00:00:00+01:00</sln:cyklZyciaDo><sln:cyklZyciaOd>2015-09-29T00:00:00+02:00</sln:cyklZyciaOd><sln:gmIIPId>1d17a9e3-3c3b-43d1-ba13-cf18f971c31a</sln:gmIIPId><sln:gmIIPPn>PL.PZGIK.200</sln:gmIIPPn><sln:gmIIPWersja>2012-09-26T22:03:58+02:00</sln:gmIIPWersja><sln:gmIdTeryt>1816042</sln:gmIdTeryt><sln:gmNazwa>Chmielnik</sln:gmNazwa><sln:miejscIIPId>d85510f8-f6ce-4a01-a367-77a9104e1af3</sln:miejscIIPId><sln:miejscIIPPn>PL.PZGIK.200</sln:miejscIIPPn><sln:miejscIIPWersja>2016-11-24T11:42:08+02:00</sln:miejscIIPWersja><sln:miejscIdTeryt>0646073</sln:miejscIdTeryt><sln:miejscNazwa>Błędowa Tyczyńska</sln:miejscNazwa><sln:miejscRodzaj>Wieś</sln:miejscRodzaj><sln:powIIPId>7f2af54d-150f-4b9f-b9fb-d2ce1b04166e</sln:powIIPId><sln:powIIPPn>PL.PZGIK.200</sln:powIIPPn><sln:powIIPWersja>2012-09-27T08:01:01+02:00</sln:powIIPWersja><sln:powIdTeryt>1816</sln:powIdTeryt><sln:powNazwa>rzeszowski</sln:powNazwa><sln:waznyOd>2013-03-01T00:00:00+01:00</sln:waznyOd><sln:wojIIPId>833fe14b-fe8e-40c7-9e4e-fc27c938bb11</sln:wojIIPId><sln:wojIIPPn>PL.PZGIK.200</sln:wojIIPPn><sln:wojIIPWersja>2017-10-10T00:00:00+02:00</sln:wojIIPWersja><sln:wojIdTeryt>18</sln:wojIdTeryt><sln:wojNazwa>podkarpackie</sln:wojNazwa></sln:miejscowosc><sln:miejscowosc><sln:cyklZyciaDo>2015-12-15T00:00:00+01:00</sln:cyklZyciaDo><sln:cyklZyciaOd>2015-09-29T00:00:00+02:00</sln:cyklZyciaOd><sln:gmIIPId>1d17a9e3-3c3b-43d1-ba13-cf18f971c31a</sln:gmIIPId><sln:gmIIPPn>PL.PZGIK.200</sln:gmIIPPn><sln:gmIIPWersja>2012-09-26T22:03:58+02:00</sln:gmIIPWersja><sln:gmIdTeryt>1816042</sln:gmIdTeryt><sln:gmNazwa>Chmielnik</sln:gmNazwa><sln:miejscIIPId>6796c22e-7445-49b5-a949-0de97c474b9e</sln:miejscIIPId><sln:miejscIIPPn>PL.PZGIK.200</sln:miejscIIPPn><sln:miejscIIPWersja>2016-11-24T13:19:34+02:00</sln:miejscIIPWersja><sln:miejscIdTeryt>0989459</sln:miejscIdTeryt><sln:miejscNazwa>Borówki</sln:miejscNazwa><sln:miejscRodzaj>Wieś</sln:miejscRodzaj><sln:powIIPId>7f2af54d-150f-4b9f-b9fb-d2ce1b04166e</sln:powIIPId><sln:powIIPPn>PL.PZGIK.200</sln:powIIPPn><sln:powIIPWersja>2012-09-27T08:01:01+02:00</sln:powIIPWersja><sln:powIdTeryt>1816</sln:powIdTeryt><sln:powNazwa>rzeszowski</sln:powNazwa><sln:waznyOd>2013-03-01T00:00:00+01:00</sln:waznyOd><sln:wojIIPId>833fe14b-fe8e-40c7-9e4e-fc27c938bb11</sln:wojIIPId><sln:wojIIPPn>PL.PZGIK.200</sln:wojIIPPn><sln:wojIIPWersja>2017-10-10T00:00:00+02:00</sln:wojIIPWersja><sln:wojIdTeryt>18</sln:wojIdTeryt><sln:wojNazwa>podkarpackie</sln:wojNazwa></sln:miejscowosc><sln:miejscowosc><sln:cyklZyciaDo>2015-12-15T00:00:00+01:00</sln:cyklZyciaDo><sln:cyklZyciaOd>2015-09-29T00:00:00+02:00</sln:cyklZyciaOd><sln:gmIIPId>1d17a9e3-3c3b-43d1-ba13-cf18f971c31a</sln:gmIIPId><sln:gmIIPPn>PL.PZGIK.200</sln:gmIIPPn><sln:gmIIPWersja>2012-09-26T22:03:58+02:00</sln:gmIIPWersja><sln:gmIdTeryt>1816042</sln:gmIdTeryt><sln:gmNazwa>Chmielnik</sln:gmNazwa><sln:miejscIIPId>0f4ecdb7-c55e-4d36-8a98-3df3edc11477</sln:miejscIIPId><sln:miejscIIPPn>PL.PZGIK.200</sln:miejscIIPPn><sln:miejscIIPWersja>2016-11-24T11:42:10+02:00</sln:miejscIIPWersja><sln:miejscIdTeryt>0646239</sln:miejscIdTeryt><sln:miejscNazwa>Chmielnik</sln:miejscNazwa><sln:miejscRodzaj>Wieś</sln:miejscRodzaj><sln:powIIPId>7f2af54d-150f-4b9f-b9fb-d2ce1b04166e</sln:powIIPId><sln:powIIPPn>PL.PZGIK.200</sln:powIIPPn><sln:powIIPWersja>2012-09-27T08:01:01+02:00</sln:powIIPWersja><sln:powIdTeryt>1816</sln:powIdTeryt><sln:powNazwa>rzeszowski</sln:powNazwa><sln:waznyOd>2013-03-01T00:00:00+01:00</sln:waznyOd><sln:wojIIPId>833fe14b-fe8e-40c7-9e4e-fc27c938bb11</sln:wojIIPId><sln:wojIIPPn>PL.PZGIK.200</sln:wojIIPPn><sln:wojIIPWersja>2017-10-10T00:00:00+02:00</sln:wojIIPWersja><sln:wojIdTeryt>18</sln:wojIdTeryt><sln:wojNazwa>podkarpackie</sln:wojNazwa></sln:miejscowosc><sln:miejscowosc><sln:cyklZyciaDo>2015-12-15T00:00:00+01:00</sln:cyklZyciaDo><sln:cyklZyciaOd>2015-09-29T00:00:00+02:00</sln:cyklZyciaOd><sln:gmIIPId>1d17a9e3-3c3b-43d1-ba13-cf18f971c31a</sln:gmIIPId><sln:gmIIPPn>PL.PZGIK.200</sln:gmIIPPn><sln:gmIIPWersja>2012-09-26T22:03:58+02:00</sln:gmIIPWersja><sln:gmIdTeryt>1816042</sln:gmIdTeryt><sln:gmNazwa>Chmielnik</sln:gmNazwa><sln:miejscIIPId>aaf1859a-701c-46a0-97d4-50a5c4a15c9a</sln:miejscIIPId><sln:miejscIIPPn>PL.PZGIK.200</sln:miejscIIPPn><sln:miejscIIPWersja>2016-11-24T11:42:12+02:00</sln:miejscIIPWersja><sln:miejscIdTeryt>0646446</sln:miejscIdTeryt><sln:miejscNazwa>Wola Rafałowska</sln:miejscNazwa><sln:miejscRodzaj>Wieś</sln:miejscRodzaj><sln:powIIPId>7f2af54d-150f-4b9f-b9fb-d2ce1b04166e</sln:powIIPId><sln:powIIPPn>PL.PZGIK.200</sln:powIIPPn><sln:powIIPWersja>2012-09-27T08:01:01+02:00</sln:powIIPWersja><sln:powIdTeryt>1816</sln:powIdTeryt><sln:powNazwa>rzeszowski</sln:powNazwa><sln:waznyOd>2013-03-01T00:00:00+01:00</sln:waznyOd><sln:wojIIPId>833fe14b-fe8e-40c7-9e4e-fc27c938bb11</sln:wojIIPId><sln:wojIIPPn>PL.PZGIK.200</sln:wojIIPPn><sln:wojIIPWersja>2017-10-10T00:00:00+02:00</sln:wojIIPWersja><sln:wojIdTeryt>18</sln:wojIdTeryt><sln:wojNazwa>podkarpackie</sln:wojNazwa></sln:miejscowosc><sln:miejscowosc><sln:cyklZyciaDo>2015-12-15T00:00:00+01:00</sln:cyklZyciaDo><sln:cyklZyciaOd>2015-09-29T00:00:00+02:00</sln:cyklZyciaOd><sln:gmIIPId>1d17a9e3-3c3b-43d1-ba13-cf18f971c31a</sln:gmIIPId><sln:gmIIPPn>PL.PZGIK.200</sln:gmIIPPn><sln:gmIIPWersja>2012-09-26T22:03:58+02:00</sln:gmIIPWersja><sln:gmIdTeryt>1816042</sln:gmIdTeryt><sln:gmNazwa>Chmielnik</sln:gmNazwa><sln:miejscIIPId>9d915e6a-68d2-480b-8e9d-d757a8d08b2c</sln:miejscIIPId><sln:miejscIIPPn>PL.PZGIK.200</sln:miejscIIPPn><sln:miejscIIPWersja>2016-11-24T11:42:14+02:00</sln:miejscIIPWersja><sln:miejscIdTeryt>0646570</sln:miejscIdTeryt><sln:miejscNazwa>Zabratówka</sln:miejscNazwa><sln:miejscRodzaj>Wieś</sln:miejscRodzaj><sln:powIIPId>7f2af54d-150f-4b9f-b9fb-d2ce1b04166e</sln:powIIPId><sln:powIIPPn>PL.PZGIK.200</sln:powIIPPn><sln:powIIPWersja>2012-09-27T08:01:01+02:00</sln:powIIPWersja><sln:powIdTeryt>1816</sln:powIdTeryt><sln:powNazwa>rzeszowski</sln:powNazwa><sln:waznyOd>2013-03-01T00:00:00+01:00</sln:waznyOd><sln:wojIIPId>833fe14b-fe8e-40c7-9e4e-fc27c938bb11</sln:wojIIPId><sln:wojIIPPn>PL.PZGIK.200</sln:wojIIPPn><sln:wojIIPWersja>2017-10-10T00:00:00+02:00</sln:wojIIPWersja><sln:wojIdTeryt>18</sln:wojIdTeryt><sln:wojNazwa>podkarpackie</sln:wojNazwa></sln:miejscowosc><sln:miejscowosc><sln:cyklZyciaDo>2016-01-08T00:00:00+01:00</sln:cyklZyciaDo><sln:cyklZyciaOd>2015-12-15T00:00:00+01:00</sln:cyklZyciaOd><sln:gmIIPId>1d17a9e3-3c3b-43d1-ba13-cf18f971c31a</sln:gmIIPId><sln:gmIIPPn>PL.PZGIK.200</sln:gmIIPPn><sln:gmIIPWersja>2012-09-26T22:03:58+02:00</sln:gmIIPWersja><sln:gmIdTeryt>1816042</sln:gmIdTeryt><sln:gmNazwa>Chmielnik</sln:gmNazwa><sln:miejscIIPId>d85510f8-f6ce-4a01-a367-77a9104e1af3</sln:miejscIIPId><sln:miejscIIPPn>PL.PZGIK.200</sln:miejscIIPPn><sln:miejscIIPWersja>2016-11-24T11:42:09+02:00</sln:miejscIIPWersja><sln:miejscIdTeryt>0646073</sln:miejscIdTeryt><sln:miejscNazwa>Błędowa Tyczyńska</sln:miejscNazwa><sln:miejscRodzaj>Wieś</sln:miejscRodzaj><sln:powIIPId>7f2af54d-150f-4b9f-b9fb-d2ce1b04166e</sln:powIIPId><sln:powIIPPn>PL.PZGIK.200</sln:powIIPPn><sln:powIIPWersja>2012-09-27T08:01:01+02:00</sln:powIIPWersja><sln:powIdTeryt>1816</sln:powIdTeryt><sln:powNazwa>rzeszowski</sln:powNazwa><sln:waznyOd>2013-03-01T00:00:00+01:00</sln:waznyOd><sln:wojIIPId>833fe14b-fe8e-40c7-9e4e-fc27c938bb11</sln:wojIIPId><sln:wojIIPPn>PL.PZGIK.200</sln:wojIIPPn><sln:wojIIPWersja>2017-10-10T00:00:00+02:00</sln:wojIIPWersja><sln:wojIdTeryt>18</sln:wojIdTeryt><sln:wojNazwa>podkarpackie</sln:wojNazwa></sln:miejscowosc><sln:miejscowosc><sln:cyklZyciaDo>2016-01-08T00:00:00+01:00</sln:cyklZyciaDo><sln:cyklZyciaOd>2015-12-15T00:00:00+01:00</sln:cyklZyciaOd><sln:gmIIPId>1d17a9e3-3c3b-43d1-ba13-cf18f971c31a</sln:gmIIPId><sln:gmIIPPn>PL.PZGIK.200</sln:gmIIPPn><sln:gmIIPWersja>2012-09-26T22:03:58+02:00</sln:gmIIPWersja><sln:gmIdTeryt>1816042</sln:gmIdTeryt><sln:gmNazwa>Chmielnik</sln:gmNazwa><sln:miejscIIPId>6796c22e-7445-49b5-a949-0de97c474b9e</sln:miejscIIPId><sln:miejscIIPPn>PL.PZGIK.200</sln:miejscIIPPn><sln:miejscIIPWersja>2016-11-24T13:19:35+02:00</sln:miejscIIPWersja><sln:miejscIdTeryt>0989459</sln:miejscIdTeryt><sln:miejscNazwa>Borówki</sln:miejscNazwa><sln:miejscRodzaj>Wieś</sln:miejscRodzaj><sln:powIIPId>7f2af54d-150f-4b9f-b9fb-d2ce1b04166e</sln:powIIPId><sln:powIIPPn>PL.PZGIK.200</sln:powIIPPn><sln:powIIPWersja>2012-09-27T08:01:01+02:00</sln:powIIPWersja><sln:powIdTeryt>1816</sln:powIdTeryt><sln:powNazwa>rzeszowski</sln:powNazwa><sln:waznyOd>2013-03-01T00:00:00+01:00</sln:waznyOd><sln:wojIIPId>833fe14b-fe8e-40c7-9e4e-fc27c938bb11</sln:wojIIPId><sln:wojIIPPn>PL.PZGIK.200</sln:wojIIPPn><sln:wojIIPWersja>2017-10-10T00:00:00+02:00</sln:wojIIPWersja><sln:wojIdTeryt>18</sln:wojIdTeryt><sln:wojNazwa>podkarpackie</sln:wojNazwa></sln:miejscowosc><sln:miejscowosc><sln:cyklZyciaDo>2016-01-08T00:00:00+01:00</sln:cyklZyciaDo><sln:cyklZyciaOd>2015-12-15T00:00:00+01:00</sln:cyklZyciaOd><sln:gmIIPId>1d17a9e3-3c3b-43d1-ba13-cf18f971c31a</sln:gmIIPId><sln:gmIIPPn>PL.PZGIK.200</sln:gmIIPPn><sln:gmIIPWersja>2012-09-26T22:03:58+02:00</sln:gmIIPWersja><sln:gmIdTeryt>1816042</sln:gmIdTeryt><sln:gmNazwa>Chmielnik</sln:gmNazwa><sln:miejscIIPId>0f4ecdb7-c55e-4d36-8a98-3df3edc11477</sln:miejscIIPId><sln:miejscIIPPn>PL.PZGIK.200</sln:miejscIIPPn><sln:miejscIIPWersja>2016-11-24T11:42:11+02:00</sln:miejscIIPWersja><sln:miejscIdTeryt>0646239</sln:miejscIdTeryt><sln:miejscNazwa>Chmielnik</sln:miejscNazwa><sln:miejscRodzaj>Wieś</sln:miejscRodzaj><sln:powIIPId>7f2af54d-150f-4b9f-b9fb-d2ce1b04166e</sln:powIIPId><sln:powIIPPn>PL.PZGIK.200</sln:powIIPPn><sln:powIIPWersja>2012-09-27T08:01:01+02:00</sln:powIIPWersja><sln:powIdTeryt>1816</sln:powIdTeryt><sln:powNazwa>rzeszowski</sln:powNazwa><sln:waznyOd>2013-03-01T00:00:00+01:00</sln:waznyOd><sln:wojIIPId>833fe14b-fe8e-40c7-9e4e-fc27c938bb11</sln:wojIIPId><sln:wojIIPPn>PL.PZGIK.200</sln:wojIIPPn><sln:wojIIPWersja>2017-10-10T00:00:00+02:00</sln:wojIIPWersja><sln:wojIdTeryt>18</sln:wojIdTeryt><sln:wojNazwa>podkarpackie</sln:wojNazwa></sln:miejscowosc><sln:miejscowosc><sln:cyklZyciaDo>2016-01-08T00:00:00+01:00</sln:cyklZyciaDo><sln:cyklZyciaOd>2015-12-15T00:00:00+01:00</sln:cyklZyciaOd><sln:gmIIPId>1d17a9e3-3c3b-43d1-ba13-cf18f971c31a</sln:gmIIPId><sln:gmIIPPn>PL.PZGIK.200</sln:gmIIPPn><sln:gmIIPWersja>2012-09-26T22:03:58+02:00</sln:gmIIPWersja><sln:gmIdTeryt>1816042</sln:gmIdTeryt><sln:gmNazwa>Chmielnik</sln:gmNazwa><sln:miejscIIPId>aaf1859a-701c-46a0-97d4-50a5c4a15c9a</sln:miejscIIPId><sln:miejscIIPPn>PL.PZGIK.200</sln:miejscIIPPn><sln:miejscIIPWersja>2016-11-24T11:42:13+02:00</sln:miejscIIPWersja><sln:miejscIdTeryt>0646446</sln:miejscIdTeryt><sln:miejscNazwa>Wola Rafałowska</sln:miejscNazwa><sln:miejscRodzaj>Wieś</sln:miejscRodzaj><sln:powIIPId>7f2af54d-150f-4b9f-b9fb-d2ce1b04166e</sln:powIIPId><sln:powIIPPn>PL.PZGIK.200</sln:powIIPPn><sln:powIIPWersja>2012-09-27T08:01:01+02:00</sln:powIIPWersja><sln:powIdTeryt>1816</sln:powIdTeryt><sln:powNazwa>rzeszowski</sln:powNazwa><sln:waznyOd>2013-03-01T00:00:00+01:00</sln:waznyOd><sln:wojIIPId>833fe14b-fe8e-40c7-9e4e-fc27c938bb11</sln:wojIIPId><sln:wojIIPPn>PL.PZGIK.200</sln:wojIIPPn><sln:wojIIPWersja>2017-10-10T00:00:00+02:00</sln:wojIIPWersja><sln:wojIdTeryt>18</sln:wojIdTeryt><sln:wojNazwa>podkarpackie</sln:wojNazwa></sln:miejscowosc><sln:miejscowosc><sln:cyklZyciaDo>2016-01-08T00:00:00+01:00</sln:cyklZyciaDo><sln:cyklZyciaOd>2015-12-15T00:00:00+01:00</sln:cyklZyciaOd><sln:gmIIPId>1d17a9e3-3c3b-43d1-ba13-cf18f971c31a</sln:gmIIPId><sln:gmIIPPn>PL.PZGIK.200</sln:gmIIPPn><sln:gmIIPWersja>2012-09-26T22:03:58+02:00</sln:gmIIPWersja><sln:gmIdTeryt>1816042</sln:gmIdTeryt><sln:gmNazwa>Chmielnik</sln:gmNazwa><sln:miejscIIPId>9d915e6a-68d2-480b-8e9d-d757a8d08b2c</sln:miejscIIPId><sln:miejscIIPPn>PL.PZGIK.200</sln:miejscIIPPn><sln:miejscIIPWersja>2016-11-24T11:42:15+02:00</sln:miejscIIPWersja><sln:miejscIdTeryt>0646570</sln:miejscIdTeryt><sln:miejscNazwa>Zabratówka</sln:miejscNazwa><sln:miejscRodzaj>Wieś</sln:miejscRodzaj><sln:powIIPId>7f2af54d-150f-4b9f-b9fb-d2ce1b04166e</sln:powIIPId><sln:powIIPPn>PL.PZGIK.200</sln:powIIPPn><sln:powIIPWersja>2012-09-27T08:01:01+02:00</sln:powIIPWersja><sln:powIdTeryt>1816</sln:powIdTeryt><sln:powNazwa>rzeszowski</sln:powNazwa><sln:waznyOd>2013-03-01T00:00:00+01:00</sln:waznyOd><sln:wojIIPId>833fe14b-fe8e-40c7-9e4e-fc27c938bb11</sln:wojIIPId><sln:wojIIPPn>PL.PZGIK.200</sln:wojIIPPn><sln:wojIIPWersja>2017-10-10T00:00:00+02:00</sln:wojIIPWersja><sln:wojIdTeryt>18</sln:wojIdTeryt><sln:wojNazwa>podkarpackie</sln:wojNazwa></sln:miejscowosc><sln:miejscowosc><sln:cyklZyciaOd>2017-04-14T00:00:00+02:00</sln:cyklZyciaOd><sln:gmIIPId>1d17a9e3-3c3b-43d1-ba13-cf18f971c31a</sln:gmIIPId><sln:gmIIPPn>PL.PZGIK.200</sln:gmIIPPn><sln:gmIIPWersja>2012-09-26T22:03:58+02:00</sln:gmIIPWersja><sln:gmIdTeryt>1816042</sln:gmIdTeryt><sln:gmNazwa>Chmielnik</sln:gmNazwa><sln:miejscIIPId>d85510f8-f6ce-4a01-a367-77a9104e1af3</sln:miejscIIPId><sln:miejscIIPPn>PL.PZGIK.200</sln:miejscIIPPn><sln:miejscIIPWersja>2017-04-14T17:13:47+02:00</sln:miejscIIPWersja><sln:miejscIdTeryt>0646073</sln:miejscIdTeryt><sln:miejscNazwa>Błędowa Tyczyńska</sln:miejscNazwa><sln:miejscRodzaj>Wieś</sln:miejscRodzaj><sln:powIIPId>7f2af54d-150f-4b9f-b9fb-d2ce1b04166e</sln:powIIPId><sln:powIIPPn>PL.PZGIK.200</sln:powIIPPn><sln:powIIPWersja>2012-09-27T08:01:01+02:00</sln:powIIPWersja><sln:powIdTeryt>1816</sln:powIdTeryt><sln:powNazwa>rzeszowski</sln:powNazwa><sln:waznyOd>2013-03-01T00:00:00+01:00</sln:waznyOd><sln:wojIIPId>833fe14b-fe8e-40c7-9e4e-fc27c938bb11</sln:wojIIPId><sln:wojIIPPn>PL.PZGIK.200</sln:wojIIPPn><sln:wojIIPWersja>2017-10-10T00:00:00+02:00</sln:wojIIPWersja><sln:wojIdTeryt>18</sln:wojIdTeryt><sln:wojNazwa>podkarpackie</sln:wojNazwa></sln:miejscowosc><sln:miejscowosc><sln:cyklZyciaOd>2017-04-14T00:00:00+02:00</sln:cyklZyciaOd><sln:gmIIPId>1d17a9e3-3c3b-43d1-ba13-cf18f971c31a</sln:gmIIPId><sln:gmIIPPn>PL.PZGIK.200</sln:gmIIPPn><sln:gmIIPWersja>2012-09-26T22:03:58+02:00</sln:gmIIPWersja><sln:gmIdTeryt>1816042</sln:gmIdTeryt><sln:gmNazwa>Chmielnik</sln:gmNazwa><sln:miejscIIPId>0f4ecdb7-c55e-4d36-8a98-3df3edc11477</sln:miejscIIPId><sln:miejscIIPPn>PL.PZGIK.200</sln:miejscIIPPn><sln:miejscIIPWersja>2017-04-14T17:13:56+02:00</sln:miejscIIPWersja><sln:miejscIdTeryt>0646239</sln:miejscIdTeryt><sln:miejscNazwa>Chmielnik</sln:miejscNazwa><sln:miejscRodzaj>Wieś</sln:miejscRodzaj><sln:powIIPId>7f2af54d-150f-4b9f-b9fb-d2ce1b04166e</sln:powIIPId><sln:powIIPPn>PL.PZGIK.200</sln:powIIPPn><sln:powIIPWersja>2012-09-27T08:01:01+02:00</sln:powIIPWersja><sln:powIdTeryt>1816</sln:powIdTeryt><sln:powNazwa>rzeszowski</sln:powNazwa><sln:waznyOd>2013-03-01T00:00:00+01:00</sln:waznyOd><sln:wojIIPId>833fe14b-fe8e-40c7-9e4e-fc27c938bb11</sln:wojIIPId><sln:wojIIPPn>PL.PZGIK.200</sln:wojIIPPn><sln:wojIIPWersja>2017-10-10T00:00:00+02:00</sln:wojIIPWersja><sln:wojIdTeryt>18</sln:wojIdTeryt><sln:wojNazwa>podkarpackie</sln:wojNazwa></sln:miejscowosc><sln:miejscowosc><sln:cyklZyciaOd>2017-04-14T00:00:00+02:00</sln:cyklZyciaOd><sln:gmIIPId>1d17a9e3-3c3b-43d1-ba13-cf18f971c31a</sln:gmIIPId><sln:gmIIPPn>PL.PZGIK.200</sln:gmIIPPn><sln:gmIIPWersja>2012-09-26T22:03:58+02:00</sln:gmIIPWersja><sln:gmIdTeryt>1816042</sln:gmIdTeryt><sln:gmNazwa>Chmielnik</sln:gmNazwa><sln:miejscIIPId>aaf1859a-701c-46a0-97d4-50a5c4a15c9a</sln:miejscIIPId><sln:miejscIIPPn>PL.PZGIK.200</sln:miejscIIPPn><sln:miejscIIPWersja>2017-04-14T17:13:56+02:00</sln:miejscIIPWersja><sln:miejscIdTeryt>0646446</sln:miejscIdTeryt><sln:miejscNazwa>Wola Rafałowska</sln:miejscNazwa><sln:miejscRodzaj>Wieś</sln:miejscRodzaj><sln:powIIPId>7f2af54d-150f-4b9f-b9fb-d2ce1b04166e</sln:powIIPId><sln:powIIPPn>PL.PZGIK.200</sln:powIIPPn><sln:powIIPWersja>2012-09-27T08:01:01+02:00</sln:powIIPWersja><sln:powIdTeryt>1816</sln:powIdTeryt><sln:powNazwa>rzeszowski</sln:powNazwa><sln:waznyOd>2013-03-01T00:00:00+01:00</sln:waznyOd><sln:wojIIPId>833fe14b-fe8e-40c7-9e4e-fc27c938bb11</sln:wojIIPId><sln:wojIIPPn>PL.PZGIK.200</sln:wojIIPPn><sln:wojIIPWersja>2017-10-10T00:00:00+02:00</sln:wojIIPWersja><sln:wojIdTeryt>18</sln:wojIdTeryt><sln:wojNazwa>podkarpackie</sln:wojNazwa></sln:miejscowosc><sln:miejscowosc><sln:cyklZyciaOd>2017-04-14T00:00:00+02:00</sln:cyklZyciaOd><sln:gmIIPId>1d17a9e3-3c3b-43d1-ba13-cf18f971c31a</sln:gmIIPId><sln:gmIIPPn>PL.PZGIK.200</sln:gmIIPPn><sln:gmIIPWersja>2012-09-26T22:03:58+02:00</sln:gmIIPWersja><sln:gmIdTeryt>1816042</sln:gmIdTeryt><sln:gmNazwa>Chmielnik</sln:gmNazwa><sln:miejscIIPId>9d915e6a-68d2-480b-8e9d-d757a8d08b2c</sln:miejscIIPId><sln:miejscIIPPn>PL.PZGIK.200</sln:miejscIIPPn><sln:miejscIIPWersja>2017-04-14T17:13:56+02:00</sln:miejscIIPWersja><sln:miejscIdTeryt>0646570</sln:miejscIdTeryt><sln:miejscNazwa>Zabratówka</sln:miejscNazwa><sln:miejscRodzaj>Wieś</sln:miejscRodzaj><sln:powIIPId>7f2af54d-150f-4b9f-b9fb-d2ce1b04166e</sln:powIIPId><sln:powIIPPn>PL.PZGIK.200</sln:powIIPPn><sln:powIIPWersja>2012-09-27T08:01:01+02:00</sln:powIIPWersja><sln:powIdTeryt>1816</sln:powIdTeryt><sln:powNazwa>rzeszowski</sln:powNazwa><sln:waznyOd>2013-03-01T00:00:00+01:00</sln:waznyOd><sln:wojIIPId>833fe14b-fe8e-40c7-9e4e-fc27c938bb11</sln:wojIIPId><sln:wojIIPPn>PL.PZGIK.200</sln:wojIIPPn><sln:wojIIPWersja>2017-10-10T00:00:00+02:00</sln:wojIIPWersja><sln:wojIdTeryt>18</sln:wojIdTeryt><sln:wojNazwa>podkarpackie</sln:wojNazwa></sln:miejscowosc><sln:miejscowosc><sln:cyklZyciaOd>2017-04-14T00:00:00+02:00</sln:cyklZyciaOd><sln:gmIIPId>1d17a9e3-3c3b-43d1-ba13-cf18f971c31a</sln:gmIIPId><sln:gmIIPPn>PL.PZGIK.200</sln:gmIIPPn><sln:gmIIPWersja>2012-09-26T22:03:58+02:00</sln:gmIIPWersja><sln:gmIdTeryt>1816042</sln:gmIdTeryt><sln:gmNazwa>Chmielnik</sln:gmNazwa><sln:miejscIIPId>6796c22e-7445-49b5-a949-0de97c474b9e</sln:miejscIIPId><sln:miejscIIPPn>PL.PZGIK.200</sln:miejscIIPPn><sln:miejscIIPWersja>2017-04-14T17:13:56+02:00</sln:miejscIIPWersja><sln:miejscIdTeryt>0989459</sln:miejscIdTeryt><sln:miejscNazwa>Borówki</sln:miejscNazwa><sln:miejscRodzaj>Wieś</sln:miejscRodzaj><sln:powIIPId>7f2af54d-150f-4b9f-b9fb-d2ce1b04166e</sln:powIIPId><sln:powIIPPn>PL.PZGIK.200</sln:powIIPPn><sln:powIIPWersja>2012-09-27T08:01:01+02:00</sln:powIIPWersja><sln:powIdTeryt>1816</sln:powIdTeryt><sln:powNazwa>rzeszowski</sln:powNazwa><sln:waznyOd>2013-03-01T00:00:00+01:00</sln:waznyOd><sln:wojIIPId>833fe14b-fe8e-40c7-9e4e-fc27c938bb11</sln:wojIIPId><sln:wojIIPPn>PL.PZGIK.200</sln:wojIIPPn><sln:wojIIPWersja>2017-10-10T00:00:00+02:00</sln:wojIIPWersja><sln:wojIdTeryt>18</sln:wojIdTeryt><sln:wojNazwa>podkarpackie</sln:wojNazwa></sln:miejscowosc></sln:lista-miejscowosci>