<?xml version="1.0" encoding="UTF-8" standalone="yes"?><sln:lista-miejscowosci xmlns:srv="http://gugik.gov.pl/schemas/slowniki-service/1.0" xmlns:sln="http://gugik.gov.pl/schemas/slowniki-schema/1.0"><sln:miejscowosc><sln:cyklZyciaDo>2016-11-26T00:00:00+01:00</sln:cyklZyciaDo><sln:cyklZyciaOd>2012-04-26T00:00:00+02:00</sln:cyklZyciaOd><sln:gmIIPId>09898159-9f02-481d-ac43-8ddb230be5e1</sln:gmIIPId><sln:gmIIPPn>PL.PZGIK.200</sln:gmIIPPn><sln:gmIIPWersja>2012-09-26T22:01:42+02:00</sln:gmIIPWersja><sln:gmIdTeryt>1813032</sln:gmIdTeryt><sln:gmNazwa>Fredropol</sln:gmNazwa><sln:miejscIIPId>4ed76776-df7a-4339-ab82-a046d9c878aa</sln:miejscIIPId><sln:miejscIIPPn>PL.PZGIK.200</sln:miejscIIPPn><sln:miejscIIPWersja>2016-11-24T13:28:50+02:00</sln:miejscIIPWersja><sln:miejscIdTeryt>0602549</sln:miejscIdTeryt><sln:miejscNazwa>Posada Rybotycka</sln:miejscNazwa><sln:miejscRodzaj>Wieś</sln:miejscRodzaj><sln:powIIPId>f322275e-1c48-431f-889e-8bb0ccb46e81</sln:powIIPId><sln:powIIPPn>PL.PZGIK.200</sln:powIIPPn><sln:powIIPWersja>2012-09-27T08:01:01+02:00</sln:powIIPWersja><sln:powIdTeryt>1813</sln:powIdTeryt><sln:powNazwa>przemyski</sln:powNazwa><sln:wojIIPId>833fe14b-fe8e-40c7-9e4e-fc27c938bb11</sln:wojIIPId><sln:wojIIPPn>PL.PZGIK.200</sln:wojIIPPn><sln:wojIIPWersja>2017-10-10T00:00:00+02:00</sln:wojIIPWersja><sln:wojIdTeryt>18</sln:wojIdTeryt><sln:wojNazwa>podkarpackie</sln:wojNazwa></sln:miejscowosc><sln:miejscowosc><sln:cyklZyciaDo>2016-11-26T00:00:00+01:00</sln:cyklZyciaDo><sln:cyklZyciaOd>2012-04-26T00:00:00+02:00</sln:cyklZyciaOd><sln:gmIIPId>09898159-9f02-481d-ac43-8ddb230be5e1</sln:gmIIPId><sln:gmIIPPn>PL.PZGIK.200</sln:gmIIPPn><sln:gmIIPWersja>2012-09-26T22:01:42+02:00</sln:gmIIPWersja><sln:gmIdTeryt>1813032</sln:gmIdTeryt><sln:gmNazwa>Fredropol</sln:gmNazwa><sln:miejscIIPId>a8fedc35-3d18-45b2-ac6c-a1203e62e7f8</sln:miejscIIPId><sln:miejscIIPPn>PL.PZGIK.200</sln:miejscIIPPn><sln:miejscIIPWersja>2016-11-24T13:30:06+02:00</sln:miejscIIPWersja><sln:miejscIdTeryt>0602555</sln:miejscIdTeryt><sln:miejscNazwa>Rybotycze</sln:miejscNazwa><sln:miejscRodzaj>Wieś</sln:miejscRodzaj><sln:powIIPId>f322275e-1c48-431f-889e-8bb0ccb46e81</sln:powIIPId><sln:powIIPPn>PL.PZGIK.200</sln:powIIPPn><sln:powIIPWersja>2012-09-27T08:01:01+02:00</sln:powIIPWersja><sln:powIdTeryt>1813</sln:powIdTeryt><sln:powNazwa>przemyski</sln:powNazwa><sln:wojIIPId>833fe14b-fe8e-40c7-9e4e-fc27c938bb11</sln:wojIIPId><sln:wojIIPPn>PL.PZGIK.200</sln:wojIIPPn><sln:wojIIPWersja>2017-10-10T00:00:00+02:00</sln:wojIIPWersja><sln:wojIdTeryt>18</sln:wojIdTeryt><sln:wojNazwa>podkarpackie</sln:wojNazwa></sln:miejscowosc><sln:miejscowosc><sln:cyklZyciaDo>2016-11-26T00:00:00+01:00</sln:cyklZyciaDo><sln:cyklZyciaOd>2012-04-26T00:00:00+02:00</sln:cyklZyciaOd><sln:gmIIPId>09898159-9f02-481d-ac43-8ddb230be5e1</sln:gmIIPId><sln:gmIIPPn>PL.PZGIK.200</sln:gmIIPPn><sln:gmIIPWersja>2012-09-26T22:01:42+02:00</sln:gmIIPWersja><sln:gmIdTeryt>1813032</sln:gmIdTeryt><sln:gmNazwa>Fredropol</sln:gmNazwa><sln:miejscIIPId>3765e9fa-38cb-491b-88a6-d6f6af633713</sln:miejscIIPId><sln:miejscIIPPn>PL.PZGIK.200</sln:miejscIIPPn><sln:miejscIIPWersja>2016-11-24T13:30:34+02:00</sln:miejscIIPWersja><sln:miejscIdTeryt>0602615</sln:miejscIdTeryt><sln:miejscNazwa>Sierakośce</sln:miejscNazwa><sln:miejscRodzaj>Wieś</sln:miejscRodzaj><sln:powIIPId>f322275e-1c48-431f-889e-8bb0ccb46e81</sln:powIIPId><sln:powIIPPn>PL.PZGIK.200</sln:powIIPPn><sln:powIIPWersja>2012-09-27T08:01:01+02:00</sln:powIIPWersja><sln:powIdTeryt>1813</sln:powIdTeryt><sln:powNazwa>przemyski</sln:powNazwa><sln:wojIIPId>833fe14b-fe8e-40c7-9e4e-fc27c938bb11</sln:wojIIPId><sln:wojIIPPn>PL.PZGIK.200</sln:wojIIPPn><sln:wojIIPWersja>2017-10-10T00:00:00+02:00</sln:wojIIPWersja><sln:wojIdTeryt>18</sln:wojIdTeryt><sln:wojNazwa>podkarpackie</sln:wojNazwa></sln:miejscowosc><sln:miejscowosc><sln:cyklZyciaDo>2016-11-26T00:00:00+01:00</sln:cyklZyciaDo><sln:cyklZyciaOd>2012-04-26T00:00:00+02:00</sln:cyklZyciaOd><sln:gmIIPId>09898159-9f02-481d-ac43-8ddb230be5e1</sln:gmIIPId><sln:gmIIPPn>PL.PZGIK.200</sln:gmIIPPn><sln:gmIIPWersja>2012-09-26T22:01:42+02:00</sln:gmIIPWersja><sln:gmIdTeryt>1813032</sln:gmIdTeryt><sln:gmNazwa>Fredropol</sln:gmNazwa><sln:miejscIIPId>bf78729e-a2e4-4ae1-b844-9d3167d67b0c</sln:miejscIIPId><sln:miejscIIPPn>PL.PZGIK.200</sln:miejscIIPPn><sln:miejscIIPWersja>2016-11-24T13:31:08+02:00</sln:miejscIIPWersja><sln:miejscIdTeryt>0602621</sln:miejscIdTeryt><sln:miejscNazwa>Sólca</sln:miejscNazwa><sln:miejscRodzaj>Wieś</sln:miejscRodzaj><sln:powIIPId>f322275e-1c48-431f-889e-8bb0ccb46e81</sln:powIIPId><sln:powIIPPn>PL.PZGIK.200</sln:powIIPPn><sln:powIIPWersja>2012-09-27T08:01:01+02:00</sln:powIIPWersja><sln:powIdTeryt>1813</sln:powIdTeryt><sln:powNazwa>przemyski</sln:powNazwa><sln:wojIIPId>833fe14b-fe8e-40c7-9e4e-fc27c938bb11</sln:wojIIPId><sln:wojIIPPn>PL.PZGIK.200</sln:wojIIPPn><sln:wojIIPWersja>2017-10-10T00:00:00+02:00</sln:wojIIPWersja><sln:wojIdTeryt>18</sln:wojIdTeryt><sln:wojNazwa>podkarpackie</sln:wojNazwa></sln:miejscowosc><sln:miejscowosc><sln:cyklZyciaDo>2016-11-26T00:00:00+01:00</sln:cyklZyciaDo><sln:cyklZyciaOd>2012-04-26T00:00:00+02:00</sln:cyklZyciaOd><sln:gmIIPId>09898159-9f02-481d-ac43-8ddb230be5e1</sln:gmIIPId><sln:gmIIPPn>PL.PZGIK.200</sln:gmIIPPn><sln:gmIIPWersja>2012-09-26T22:01:42+02:00</sln:gmIIPWersja><sln:gmIdTeryt>1813032</sln:gmIdTeryt><sln:gmNazwa>Fredropol</sln:gmNazwa><sln:miejscIIPId>1a709495-c65d-4006-865a-e96fe4802e00</sln:miejscIIPId><sln:miejscIIPPn>PL.PZGIK.200</sln:miejscIIPPn><sln:miejscIIPWersja>2016-11-24T13:36:00+02:00</sln:miejscIIPWersja><sln:miejscIdTeryt>0602236</sln:miejscIdTeryt><sln:miejscNazwa>Darowice</sln:miejscNazwa><sln:miejscRodzaj>Wieś</sln:miejscRodzaj><sln:powIIPId>f322275e-1c48-431f-889e-8bb0ccb46e81</sln:powIIPId><sln:powIIPPn>PL.PZGIK.200</sln:powIIPPn><sln:powIIPWersja>2012-09-27T08:01:01+02:00</sln:powIIPWersja><sln:powIdTeryt>1813</sln:powIdTeryt><sln:powNazwa>przemyski</sln:powNazwa><sln:wojIIPId>833fe14b-fe8e-40c7-9e4e-fc27c938bb11</sln:wojIIPId><sln:wojIIPPn>PL.PZGIK.200</sln:wojIIPPn><sln:wojIIPWersja>2017-10-10T00:00:00+02:00</sln:wojIIPWersja><sln:wojIdTeryt>18</sln:wojIdTeryt><sln:wojNazwa>podkarpackie</sln:wojNazwa></sln:miejscowosc><sln:miejscowosc><sln:cyklZyciaDo>2016-11-26T00:00:00+01:00</sln:cyklZyciaDo><sln:cyklZyciaOd>2012-04-26T00:00:00+02:00</sln:cyklZyciaOd><sln:gmIIPId>09898159-9f02-481d-ac43-8ddb230be5e1</sln:gmIIPId><sln:gmIIPPn>PL.PZGIK.200</sln:gmIIPPn><sln:gmIIPWersja>2012-09-26T22:01:42+02:00</sln:gmIIPWersja><sln:gmIdTeryt>1813032</sln:gmIdTeryt><sln:gmNazwa>Fredropol</sln:gmNazwa><sln:miejscIIPId>2ae435ed-3882-4ec7-bec2-cd11f4d5f64d</sln:miejscIIPId><sln:miejscIIPPn>PL.PZGIK.200</sln:miejscIIPPn><sln:miejscIIPWersja>2016-11-24T13:36:43+02:00</sln:miejscIIPWersja><sln:miejscIdTeryt>0602207</sln:miejscIdTeryt><sln:miejscNazwa>Aksmanice</sln:miejscNazwa><sln:miejscRodzaj>Wieś</sln:miejscRodzaj><sln:powIIPId>f322275e-1c48-431f-889e-8bb0ccb46e81</sln:powIIPId><sln:powIIPPn>PL.PZGIK.200</sln:powIIPPn><sln:powIIPWersja>2012-09-27T08:01:01+02:00</sln:powIIPWersja><sln:powIdTeryt>1813</sln:powIdTeryt><sln:powNazwa>przemyski</sln:powNazwa><sln:wojIIPId>833fe14b-fe8e-40c7-9e4e-fc27c938bb11</sln:wojIIPId><sln:wojIIPPn>PL.PZGIK.200</sln:wojIIPPn><sln:wojIIPWersja>2017-10-10T00:00:00+02:00</sln:wojIIPWersja><sln:wojIdTeryt>18</sln:wojIdTeryt><sln:wojNazwa>podkarpackie</sln:wojNazwa></sln:miejscowosc><sln:miejscowosc><sln:cyklZyciaDo>2016-11-26T00:00:00+01:00</sln:cyklZyciaDo><sln:cyklZyciaOd>2012-04-26T00:00:00+02:00</sln:cyklZyciaOd><sln:gmIIPId>09898159-9f02-481d-ac43-8ddb230be5e1</sln:gmIIPId><sln:gmIIPPn>PL.PZGIK.200</sln:gmIIPPn><sln:gmIIPWersja>2012-09-26T22:01:42+02:00</sln:gmIIPWersja><sln:gmIdTeryt>1813032</sln:gmIdTeryt><sln:gmNazwa>Fredropol</sln:gmNazwa><sln:miejscIIPId>0f2a4203-a78d-477b-8115-35e6dcb4bf1e</sln:miejscIIPId><sln:miejscIIPPn>PL.PZGIK.200</sln:miejscIIPPn><sln:miejscIIPWersja>2016-11-24T13:37:05+02:00</sln:miejscIIPWersja><sln:miejscIdTeryt>0602259</sln:miejscIdTeryt><sln:miejscNazwa>Fredropol</sln:miejscNazwa><sln:miejscRodzaj>Wieś</sln:miejscRodzaj><sln:powIIPId>f322275e-1c48-431f-889e-8bb0ccb46e81</sln:powIIPId><sln:powIIPPn>PL.PZGIK.200</sln:powIIPPn><sln:powIIPWersja>2012-09-27T08:01:01+02:00</sln:powIIPWersja><sln:powIdTeryt>1813</sln:powIdTeryt><sln:powNazwa>przemyski</sln:powNazwa><sln:wojIIPId>833fe14b-fe8e-40c7-9e4e-fc27c938bb11</sln:wojIIPId><sln:wojIIPPn>PL.PZGIK.200</sln:wojIIPPn><sln:wojIIPWersja>2017-10-10T00:00:00+02:00</sln:wojIIPWersja><sln:wojIdTeryt>18</sln:wojIdTeryt><sln:wojNazwa>podkarpackie</sln:wojNazwa></sln:miejscowosc><sln:miejscowosc><sln:cyklZyciaDo>2016-11-26T00:00:00+01:00</sln:cyklZyciaDo><sln:cyklZyciaOd>2012-04-26T00:00:00+02:00</sln:cyklZyciaOd><sln:gmIIPId>09898159-9f02-481d-ac43-8ddb230be5e1</sln:gmIIPId><sln:gmIIPPn>PL.PZGIK.200</sln:gmIIPPn><sln:gmIIPWersja>2012-09-26T22:01:42+02:00</sln:gmIIPWersja><sln:gmIdTeryt>1813032</sln:gmIdTeryt><sln:gmNazwa>Fredropol</sln:gmNazwa><sln:miejscIIPId>62a8a141-469c-401b-ad2f-28d760f105a2</sln:miejscIIPId><sln:miejscIIPPn>PL.PZGIK.200</sln:miejscIIPPn><sln:miejscIIPWersja>2016-11-24T13:38:04+02:00</sln:miejscIIPWersja><sln:miejscIdTeryt>0602271</sln:miejscIdTeryt><sln:miejscNazwa>Gruszowa</sln:miejscNazwa><sln:miejscRodzaj>Wieś</sln:miejscRodzaj><sln:powIIPId>f322275e-1c48-431f-889e-8bb0ccb46e81</sln:powIIPId><sln:powIIPPn>PL.PZGIK.200</sln:powIIPPn><sln:powIIPWersja>2012-09-27T08:01:01+02:00</sln:powIIPWersja><sln:powIdTeryt>1813</sln:powIdTeryt><sln:powNazwa>przemyski</sln:powNazwa><sln:wojIIPId>833fe14b-fe8e-40c7-9e4e-fc27c938bb11</sln:wojIIPId><sln:wojIIPPn>PL.PZGIK.200</sln:wojIIPPn><sln:wojIIPWersja>2017-10-10T00:00:00+02:00</sln:wojIIPWersja><sln:wojIdTeryt>18</sln:wojIdTeryt><sln:wojNazwa>podkarpackie</sln:wojNazwa></sln:miejscowosc><sln:miejscowosc><sln:cyklZyciaDo>2016-11-26T00:00:00+01:00</sln:cyklZyciaDo><sln:cyklZyciaOd>2012-04-26T00:00:00+02:00</sln:cyklZyciaOd><sln:gmIIPId>09898159-9f02-481d-ac43-8ddb230be5e1</sln:gmIIPId><sln:gmIIPPn>PL.PZGIK.200</sln:gmIIPPn><sln:gmIIPWersja>2012-09-26T22:01:42+02:00</sln:gmIIPWersja><sln:gmIdTeryt>1813032</sln:gmIdTeryt><sln:gmNazwa>Fredropol</sln:gmNazwa><sln:miejscIIPId>774686b4-da3a-46d3-b5da-3f38e9648d1b</sln:miejscIIPId><sln:miejscIIPPn>PL.PZGIK.200</sln:miejscIIPPn><sln:miejscIIPWersja>2016-11-24T13:38:20+02:00</sln:miejscIIPWersja><sln:miejscIdTeryt>0602288</sln:miejscIdTeryt><sln:miejscNazwa>Huwniki</sln:miejscNazwa><sln:miejscRodzaj>Wieś</sln:miejscRodzaj><sln:powIIPId>f322275e-1c48-431f-889e-8bb0ccb46e81</sln:powIIPId><sln:powIIPPn>PL.PZGIK.200</sln:powIIPPn><sln:powIIPWersja>2012-09-27T08:01:01+02:00</sln:powIIPWersja><sln:powIdTeryt>1813</sln:powIdTeryt><sln:powNazwa>przemyski</sln:powNazwa><sln:wojIIPId>833fe14b-fe8e-40c7-9e4e-fc27c938bb11</sln:wojIIPId><sln:wojIIPPn>PL.PZGIK.200</sln:wojIIPPn><sln:wojIIPWersja>2017-10-10T00:00:00+02:00</sln:wojIIPWersja><sln:wojIdTeryt>18</sln:wojIdTeryt><sln:wojNazwa>podkarpackie</sln:wojNazwa></sln:miejscowosc><sln:miejscowosc><sln:cyklZyciaDo>2016-11-26T00:00:00+01:00</sln:cyklZyciaDo><sln:cyklZyciaOd>2012-04-26T00:00:00+02:00</sln:cyklZyciaOd><sln:gmIIPId>09898159-9f02-481d-ac43-8ddb230be5e1</sln:gmIIPId><sln:gmIIPPn>PL.PZGIK.200</sln:gmIIPPn><sln:gmIIPWersja>2012-09-26T22:01:42+02:00</sln:gmIIPWersja><sln:gmIdTeryt>1813032</sln:gmIdTeryt><sln:gmNazwa>Fredropol</sln:gmNazwa><sln:miejscIIPId>6431817e-8885-413a-8230-e4a6a0e8f4ed</sln:miejscIIPId><sln:miejscIIPPn>PL.PZGIK.200</sln:miejscIIPPn><sln:miejscIIPWersja>2016-11-24T13:39:03+02:00</sln:miejscIIPWersja><sln:miejscIdTeryt>3013741</sln:miejscIdTeryt><sln:miejscNazwa>Kalwaria</sln:miejscNazwa><sln:miejscRodzaj>Inny obiekt</sln:miejscRodzaj><sln:powIIPId>f322275e-1c48-431f-889e-8bb0ccb46e81</sln:powIIPId><sln:powIIPPn>PL.PZGIK.200</sln:powIIPPn><sln:powIIPWersja>2012-09-27T08:01:01+02:00</sln:powIIPWersja><sln:powIdTeryt>1813</sln:powIdTeryt><sln:powNazwa>przemyski</sln:powNazwa><sln:wojIIPId>833fe14b-fe8e-40c7-9e4e-fc27c938bb11</sln:wojIIPId><sln:wojIIPPn>PL.PZGIK.200</sln:wojIIPPn><sln:wojIIPWersja>2017-10-10T00:00:00+02:00</sln:wojIIPWersja><sln:wojIdTeryt>18</sln:wojIdTeryt><sln:wojNazwa>podkarpackie</sln:wojNazwa></sln:miejscowosc><sln:miejscowosc><sln:cyklZyciaDo>2016-11-26T00:00:00+01:00</sln:cyklZyciaDo><sln:cyklZyciaOd>2012-04-26T00:00:00+02:00</sln:cyklZyciaOd><sln:gmIIPId>09898159-9f02-481d-ac43-8ddb230be5e1</sln:gmIIPId><sln:gmIIPPn>PL.PZGIK.200</sln:gmIIPPn><sln:gmIIPWersja>2012-09-26T22:01:42+02:00</sln:gmIIPWersja><sln:gmIdTeryt>1813032</sln:gmIdTeryt><sln:gmNazwa>Fredropol</sln:gmNazwa><sln:miejscIIPId>7c32d07b-c235-4bc4-bb15-aa615b157563</sln:miejscIIPId><sln:miejscIIPPn>PL.PZGIK.200</sln:miejscIIPPn><sln:miejscIIPWersja>2016-11-24T13:39:04+02:00</sln:miejscIIPWersja><sln:miejscIdTeryt>0602302</sln:miejscIdTeryt><sln:miejscNazwa>Kalwaria Pacławska</sln:miejscNazwa><sln:miejscRodzaj>Wieś</sln:miejscRodzaj><sln:powIIPId>f322275e-1c48-431f-889e-8bb0ccb46e81</sln:powIIPId><sln:powIIPPn>PL.PZGIK.200</sln:powIIPPn><sln:powIIPWersja>2012-09-27T08:01:01+02:00</sln:powIIPWersja><sln:powIdTeryt>1813</sln:powIdTeryt><sln:powNazwa>przemyski</sln:powNazwa><sln:wojIIPId>833fe14b-fe8e-40c7-9e4e-fc27c938bb11</sln:wojIIPId><sln:wojIIPPn>PL.PZGIK.200</sln:wojIIPPn><sln:wojIIPWersja>2017-10-10T00:00:00+02:00</sln:wojIIPWersja><sln:wojIdTeryt>18</sln:wojIdTeryt><sln:wojNazwa>podkarpackie</sln:wojNazwa></sln:miejscowosc><sln:miejscowosc><sln:cyklZyciaDo>2016-11-26T00:00:00+01:00</sln:cyklZyciaDo><sln:cyklZyciaOd>2012-04-26T00:00:00+02:00</sln:cyklZyciaOd><sln:gmIIPId>09898159-9f02-481d-ac43-8ddb230be5e1</sln:gmIIPId><sln:gmIIPPn>PL.PZGIK.200</sln:gmIIPPn><sln:gmIIPWersja>2012-09-26T22:01:42+02:00</sln:gmIIPWersja><sln:gmIdTeryt>1813032</sln:gmIdTeryt><sln:gmNazwa>Fredropol</sln:gmNazwa><sln:miejscIIPId>66936c32-694e-4d7a-a586-e43e17db712f</sln:miejscIIPId><sln:miejscIIPPn>PL.PZGIK.200</sln:miejscIIPPn><sln:miejscIIPWersja>2016-11-24T13:39:32+02:00</sln:miejscIIPWersja><sln:miejscIdTeryt>0602325</sln:miejscIdTeryt><sln:miejscNazwa>Kłokowice</sln:miejscNazwa><sln:miejscRodzaj>Wieś</sln:miejscRodzaj><sln:powIIPId>f322275e-1c48-431f-889e-8bb0ccb46e81</sln:powIIPId><sln:powIIPPn>PL.PZGIK.200</sln:powIIPPn><sln:powIIPWersja>2012-09-27T08:01:01+02:00</sln:powIIPWersja><sln:powIdTeryt>1813</sln:powIdTeryt><sln:powNazwa>przemyski</sln:powNazwa><sln:wojIIPId>833fe14b-fe8e-40c7-9e4e-fc27c938bb11</sln:wojIIPId><sln:wojIIPPn>PL.PZGIK.200</sln:wojIIPPn><sln:wojIIPWersja>2017-10-10T00:00:00+02:00</sln:wojIIPWersja><sln:wojIdTeryt>18</sln:wojIdTeryt><sln:wojNazwa>podkarpackie</sln:wojNazwa></sln:miejscowosc><sln:miejscowosc><sln:cyklZyciaDo>2016-11-26T00:00:00+01:00</sln:cyklZyciaDo><sln:cyklZyciaOd>2012-04-26T00:00:00+02:00</sln:cyklZyciaOd><sln:gmIIPId>09898159-9f02-481d-ac43-8ddb230be5e1</sln:gmIIPId><sln:gmIIPPn>PL.PZGIK.200</sln:gmIIPPn><sln:gmIIPWersja>2012-09-26T22:01:42+02:00</sln:gmIIPWersja><sln:gmIdTeryt>1813032</sln:gmIdTeryt><sln:gmNazwa>Fredropol</sln:gmNazwa><sln:miejscIIPId>186955b6-3ebc-43cb-b568-1f9908611ee9</sln:miejscIIPId><sln:miejscIIPPn>PL.PZGIK.200</sln:miejscIIPPn><sln:miejscIIPWersja>2016-11-24T13:39:32+02:00</sln:miejscIIPWersja><sln:miejscIdTeryt>0602331</sln:miejscIdTeryt><sln:miejscNazwa>Kniażyce</sln:miejscNazwa><sln:miejscRodzaj>Wieś</sln:miejscRodzaj><sln:powIIPId>f322275e-1c48-431f-889e-8bb0ccb46e81</sln:powIIPId><sln:powIIPPn>PL.PZGIK.200</sln:powIIPPn><sln:powIIPWersja>2012-09-27T08:01:01+02:00</sln:powIIPWersja><sln:powIdTeryt>1813</sln:powIdTeryt><sln:powNazwa>przemyski</sln:powNazwa><sln:wojIIPId>833fe14b-fe8e-40c7-9e4e-fc27c938bb11</sln:wojIIPId><sln:wojIIPPn>PL.PZGIK.200</sln:wojIIPPn><sln:wojIIPWersja>2017-10-10T00:00:00+02:00</sln:wojIIPWersja><sln:wojIdTeryt>18</sln:wojIdTeryt><sln:wojNazwa>podkarpackie</sln:wojNazwa></sln:miejscowosc><sln:miejscowosc><sln:cyklZyciaDo>2016-11-26T00:00:00+01:00</sln:cyklZyciaDo><sln:cyklZyciaOd>2012-04-26T00:00:00+02:00</sln:cyklZyciaOd><sln:gmIIPId>09898159-9f02-481d-ac43-8ddb230be5e1</sln:gmIIPId><sln:gmIIPPn>PL.PZGIK.200</sln:gmIIPPn><sln:gmIIPWersja>2012-09-26T22:01:42+02:00</sln:gmIIPWersja><sln:gmIdTeryt>1813032</sln:gmIdTeryt><sln:gmNazwa>Fredropol</sln:gmNazwa><sln:miejscIIPId>9b249b33-5fc9-4c7c-95c1-1de4ea43fd91</sln:miejscIIPId><sln:miejscIIPPn>PL.PZGIK.200</sln:miejscIIPPn><sln:miejscIIPWersja>2016-11-24T13:39:40+02:00</sln:miejscIIPWersja><sln:miejscIdTeryt>3014136</sln:miejscIdTeryt><sln:miejscNazwa>Kolonia</sln:miejscNazwa><sln:miejscRodzaj>Inny obiekt</sln:miejscRodzaj><sln:powIIPId>f322275e-1c48-431f-889e-8bb0ccb46e81</sln:powIIPId><sln:powIIPPn>PL.PZGIK.200</sln:powIIPPn><sln:powIIPWersja>2012-09-27T08:01:01+02:00</sln:powIIPWersja><sln:powIdTeryt>1813</sln:powIdTeryt><sln:powNazwa>przemyski</sln:powNazwa><sln:wojIIPId>833fe14b-fe8e-40c7-9e4e-fc27c938bb11</sln:wojIIPId><sln:wojIIPPn>PL.PZGIK.200</sln:wojIIPPn><sln:wojIIPWersja>2017-10-10T00:00:00+02:00</sln:wojIIPWersja><sln:wojIdTeryt>18</sln:wojIdTeryt><sln:wojNazwa>podkarpackie</sln:wojNazwa></sln:miejscowosc><sln:miejscowosc><sln:cyklZyciaDo>2016-11-26T00:00:00+01:00</sln:cyklZyciaDo><sln:cyklZyciaOd>2012-04-26T00:00:00+02:00</sln:cyklZyciaOd><sln:gmIIPId>09898159-9f02-481d-ac43-8ddb230be5e1</sln:gmIIPId><sln:gmIIPPn>PL.PZGIK.200</sln:gmIIPPn><sln:gmIIPWersja>2012-09-26T22:01:42+02:00</sln:gmIIPWersja><sln:gmIdTeryt>1813032</sln:gmIdTeryt><sln:gmNazwa>Fredropol</sln:gmNazwa><sln:miejscIIPId>e6ab9a28-d0b8-4c62-acc3-b41130198b37</sln:miejscIIPId><sln:miejscIIPPn>PL.PZGIK.200</sln:miejscIIPPn><sln:miejscIIPWersja>2016-11-24T13:39:45+02:00</sln:miejscIIPWersja><sln:miejscIdTeryt>0602360</sln:miejscIdTeryt><sln:miejscNazwa>Koniusza</sln:miejscNazwa><sln:miejscRodzaj>Wieś</sln:miejscRodzaj><sln:powIIPId>f322275e-1c48-431f-889e-8bb0ccb46e81</sln:powIIPId><sln:powIIPPn>PL.PZGIK.200</sln:powIIPPn><sln:powIIPWersja>2012-09-27T08:01:01+02:00</sln:powIIPWersja><sln:powIdTeryt>1813</sln:powIdTeryt><sln:powNazwa>przemyski</sln:powNazwa><sln:wojIIPId>833fe14b-fe8e-40c7-9e4e-fc27c938bb11</sln:wojIIPId><sln:wojIIPPn>PL.PZGIK.200</sln:wojIIPPn><sln:wojIIPWersja>2017-10-10T00:00:00+02:00</sln:wojIIPWersja><sln:wojIdTeryt>18</sln:wojIdTeryt><sln:wojNazwa>podkarpackie</sln:wojNazwa></sln:miejscowosc><sln:miejscowosc><sln:cyklZyciaDo>2016-11-26T00:00:00+01:00</sln:cyklZyciaDo><sln:cyklZyciaOd>2012-04-26T00:00:00+02:00</sln:cyklZyciaOd><sln:gmIIPId>09898159-9f02-481d-ac43-8ddb230be5e1</sln:gmIIPId><sln:gmIIPPn>PL.PZGIK.200</sln:gmIIPPn><sln:gmIIPWersja>2012-09-26T22:01:42+02:00</sln:gmIIPWersja><sln:gmIdTeryt>1813032</sln:gmIdTeryt><sln:gmNazwa>Fredropol</sln:gmNazwa><sln:miejscIIPId>ada5fd36-3d41-40f1-8df3-4ef42707a1b6</sln:miejscIIPId><sln:miejscIIPPn>PL.PZGIK.200</sln:miejscIIPPn><sln:miejscIIPWersja>2016-11-24T13:39:45+02:00</sln:miejscIIPWersja><sln:miejscIdTeryt>0602377</sln:miejscIdTeryt><sln:miejscNazwa>Koniuszki</sln:miejscNazwa><sln:miejscRodzaj>Wieś</sln:miejscRodzaj><sln:powIIPId>f322275e-1c48-431f-889e-8bb0ccb46e81</sln:powIIPId><sln:powIIPPn>PL.PZGIK.200</sln:powIIPPn><sln:powIIPWersja>2012-09-27T08:01:01+02:00</sln:powIIPWersja><sln:powIdTeryt>1813</sln:powIdTeryt><sln:powNazwa>przemyski</sln:powNazwa><sln:wojIIPId>833fe14b-fe8e-40c7-9e4e-fc27c938bb11</sln:wojIIPId><sln:wojIIPPn>PL.PZGIK.200</sln:wojIIPPn><sln:wojIIPWersja>2017-10-10T00:00:00+02:00</sln:wojIIPWersja><sln:wojIdTeryt>18</sln:wojIdTeryt><sln:wojNazwa>podkarpackie</sln:wojNazwa></sln:miejscowosc><sln:miejscowosc><sln:cyklZyciaDo>2016-11-26T00:00:00+01:00</sln:cyklZyciaDo><sln:cyklZyciaOd>2012-04-26T00:00:00+02:00</sln:cyklZyciaOd><sln:gmIIPId>09898159-9f02-481d-ac43-8ddb230be5e1</sln:gmIIPId><sln:gmIIPPn>PL.PZGIK.200</sln:gmIIPPn><sln:gmIIPWersja>2012-09-26T22:01:42+02:00</sln:gmIIPWersja><sln:gmIdTeryt>1813032</sln:gmIdTeryt><sln:gmNazwa>Fredropol</sln:gmNazwa><sln:miejscIIPId>9086197c-499e-4916-b94f-9129b01aef2c</sln:miejscIIPId><sln:miejscIIPPn>PL.PZGIK.200</sln:miejscIIPPn><sln:miejscIIPWersja>2016-11-24T13:39:48+02:00</sln:miejscIIPWersja><sln:miejscIdTeryt>0602265</sln:miejscIdTeryt><sln:miejscNazwa>Kormanice</sln:miejscNazwa><sln:miejscRodzaj>Wieś</sln:miejscRodzaj><sln:powIIPId>f322275e-1c48-431f-889e-8bb0ccb46e81</sln:powIIPId><sln:powIIPPn>PL.PZGIK.200</sln:powIIPPn><sln:powIIPWersja>2012-09-27T08:01:01+02:00</sln:powIIPWersja><sln:powIdTeryt>1813</sln:powIdTeryt><sln:powNazwa>przemyski</sln:powNazwa><sln:wojIIPId>833fe14b-fe8e-40c7-9e4e-fc27c938bb11</sln:wojIIPId><sln:wojIIPPn>PL.PZGIK.200</sln:wojIIPPn><sln:wojIIPWersja>2017-10-10T00:00:00+02:00</sln:wojIIPWersja><sln:wojIdTeryt>18</sln:wojIdTeryt><sln:wojNazwa>podkarpackie</sln:wojNazwa></sln:miejscowosc><sln:miejscowosc><sln:cyklZyciaDo>2016-11-26T00:00:00+01:00</sln:cyklZyciaDo><sln:cyklZyciaOd>2012-04-26T00:00:00+02:00</sln:cyklZyciaOd><sln:gmIIPId>09898159-9f02-481d-ac43-8ddb230be5e1</sln:gmIIPId><sln:gmIIPPn>PL.PZGIK.200</sln:gmIIPPn><sln:gmIIPWersja>2012-09-26T22:01:42+02:00</sln:gmIIPWersja><sln:gmIdTeryt>1813032</sln:gmIdTeryt><sln:gmNazwa>Fredropol</sln:gmNazwa><sln:miejscIIPId>4283ec2c-928b-470c-a391-d71f984101fd</sln:miejscIIPId><sln:miejscIIPPn>PL.PZGIK.200</sln:miejscIIPPn><sln:miejscIIPWersja>2016-11-24T13:39:47+02:00</sln:miejscIIPWersja><sln:miejscIdTeryt>0602383</sln:miejscIdTeryt><sln:miejscNazwa>Kopysno</sln:miejscNazwa><sln:miejscRodzaj>Wieś</sln:miejscRodzaj><sln:powIIPId>f322275e-1c48-431f-889e-8bb0ccb46e81</sln:powIIPId><sln:powIIPPn>PL.PZGIK.200</sln:powIIPPn><sln:powIIPWersja>2012-09-27T08:01:01+02:00</sln:powIIPWersja><sln:powIdTeryt>1813</sln:powIdTeryt><sln:powNazwa>przemyski</sln:powNazwa><sln:wojIIPId>833fe14b-fe8e-40c7-9e4e-fc27c938bb11</sln:wojIIPId><sln:wojIIPPn>PL.PZGIK.200</sln:wojIIPPn><sln:wojIIPWersja>2017-10-10T00:00:00+02:00</sln:wojIIPWersja><sln:wojIdTeryt>18</sln:wojIdTeryt><sln:wojNazwa>podkarpackie</sln:wojNazwa></sln:miejscowosc><sln:miejscowosc><sln:cyklZyciaDo>2016-11-26T00:00:00+01:00</sln:cyklZyciaDo><sln:cyklZyciaOd>2012-04-26T00:00:00+02:00</sln:cyklZyciaOd><sln:gmIIPId>09898159-9f02-481d-ac43-8ddb230be5e1</sln:gmIIPId><sln:gmIIPPn>PL.PZGIK.200</sln:gmIIPPn><sln:gmIIPWersja>2012-09-26T22:01:42+02:00</sln:gmIIPWersja><sln:gmIdTeryt>1813032</sln:gmIdTeryt><sln:gmNazwa>Fredropol</sln:gmNazwa><sln:miejscIIPId>fff57b6e-5382-45fe-bafe-817912122348</sln:miejscIIPId><sln:miejscIIPPn>PL.PZGIK.200</sln:miejscIIPPn><sln:miejscIIPWersja>2016-11-24T13:40:59+02:00</sln:miejscIIPWersja><sln:miejscIdTeryt>0602408</sln:miejscIdTeryt><sln:miejscNazwa>Leszczyny</sln:miejscNazwa><sln:miejscRodzaj>Wieś</sln:miejscRodzaj><sln:powIIPId>f322275e-1c48-431f-889e-8bb0ccb46e81</sln:powIIPId><sln:powIIPPn>PL.PZGIK.200</sln:powIIPPn><sln:powIIPWersja>2012-09-27T08:01:01+02:00</sln:powIIPWersja><sln:powIdTeryt>1813</sln:powIdTeryt><sln:powNazwa>przemyski</sln:powNazwa><sln:wojIIPId>833fe14b-fe8e-40c7-9e4e-fc27c938bb11</sln:wojIIPId><sln:wojIIPPn>PL.PZGIK.200</sln:wojIIPPn><sln:wojIIPWersja>2017-10-10T00:00:00+02:00</sln:wojIIPWersja><sln:wojIdTeryt>18</sln:wojIdTeryt><sln:wojNazwa>podkarpackie</sln:wojNazwa></sln:miejscowosc><sln:miejscowosc><sln:cyklZyciaDo>2016-11-26T00:00:00+01:00</sln:cyklZyciaDo><sln:cyklZyciaOd>2012-04-26T00:00:00+02:00</sln:cyklZyciaOd><sln:gmIIPId>09898159-9f02-481d-ac43-8ddb230be5e1</sln:gmIIPId><sln:gmIIPPn>PL.PZGIK.200</sln:gmIIPPn><sln:gmIIPWersja>2012-09-26T22:01:42+02:00</sln:gmIIPWersja><sln:gmIdTeryt>1813032</sln:gmIdTeryt><sln:gmNazwa>Fredropol</sln:gmNazwa><sln:miejscIIPId>6bd9819f-fa5f-4f57-a78e-14602d4e7277</sln:miejscIIPId><sln:miejscIIPPn>PL.PZGIK.200</sln:miejscIIPPn><sln:miejscIIPWersja>2016-11-24T13:40:41+02:00</sln:miejscIIPWersja><sln:miejscIdTeryt>0602390</sln:miejscIdTeryt><sln:miejscNazwa>Kupiatycze</sln:miejscNazwa><sln:miejscRodzaj>Wieś</sln:miejscRodzaj><sln:powIIPId>f322275e-1c48-431f-889e-8bb0ccb46e81</sln:powIIPId><sln:powIIPPn>PL.PZGIK.200</sln:powIIPPn><sln:powIIPWersja>2012-09-27T08:01:01+02:00</sln:powIIPWersja><sln:powIdTeryt>1813</sln:powIdTeryt><sln:powNazwa>przemyski</sln:powNazwa><sln:wojIIPId>833fe14b-fe8e-40c7-9e4e-fc27c938bb11</sln:wojIIPId><sln:wojIIPPn>PL.PZGIK.200</sln:wojIIPPn><sln:wojIIPWersja>2017-10-10T00:00:00+02:00</sln:wojIIPWersja><sln:wojIdTeryt>18</sln:wojIdTeryt><sln:wojNazwa>podkarpackie</sln:wojNazwa></sln:miejscowosc><sln:miejscowosc><sln:cyklZyciaDo>2016-11-26T00:00:00+01:00</sln:cyklZyciaDo><sln:cyklZyciaOd>2012-04-26T00:00:00+02:00</sln:cyklZyciaOd><sln:gmIIPId>09898159-9f02-481d-ac43-8ddb230be5e1</sln:gmIIPId><sln:gmIIPPn>PL.PZGIK.200</sln:gmIIPPn><sln:gmIIPWersja>2012-09-26T22:01:42+02:00</sln:gmIIPWersja><sln:gmIdTeryt>1813032</sln:gmIdTeryt><sln:gmNazwa>Fredropol</sln:gmNazwa><sln:miejscIIPId>a0943a49-c47e-4e6d-864d-4e4c30127ad7</sln:miejscIIPId><sln:miejscIIPPn>PL.PZGIK.200</sln:miejscIIPPn><sln:miejscIIPWersja>2016-11-24T13:41:48+02:00</sln:miejscIIPWersja><sln:miejscIdTeryt>0602420</sln:miejscIdTeryt><sln:miejscNazwa>Makowa</sln:miejscNazwa><sln:miejscRodzaj>Wieś</sln:miejscRodzaj><sln:powIIPId>f322275e-1c48-431f-889e-8bb0ccb46e81</sln:powIIPId><sln:powIIPPn>PL.PZGIK.200</sln:powIIPPn><sln:powIIPWersja>2012-09-27T08:01:01+02:00</sln:powIIPWersja><sln:powIdTeryt>1813</sln:powIdTeryt><sln:powNazwa>przemyski</sln:powNazwa><sln:wojIIPId>833fe14b-fe8e-40c7-9e4e-fc27c938bb11</sln:wojIIPId><sln:wojIIPPn>PL.PZGIK.200</sln:wojIIPPn><sln:wojIIPWersja>2017-10-10T00:00:00+02:00</sln:wojIIPWersja><sln:wojIdTeryt>18</sln:wojIdTeryt><sln:wojNazwa>podkarpackie</sln:wojNazwa></sln:miejscowosc><sln:miejscowosc><sln:cyklZyciaDo>2016-11-26T00:00:00+01:00</sln:cyklZyciaDo><sln:cyklZyciaOd>2012-04-26T00:00:00+02:00</sln:cyklZyciaOd><sln:gmIIPId>09898159-9f02-481d-ac43-8ddb230be5e1</sln:gmIIPId><sln:gmIIPPn>PL.PZGIK.200</sln:gmIIPPn><sln:gmIIPWersja>2012-09-26T22:01:42+02:00</sln:gmIIPWersja><sln:gmIdTeryt>1813032</sln:gmIdTeryt><sln:gmNazwa>Fredropol</sln:gmNazwa><sln:miejscIIPId>2b2c2943-ae3e-4687-8d59-06f07dae9128</sln:miejscIIPId><sln:miejscIIPPn>PL.PZGIK.200</sln:miejscIIPPn><sln:miejscIIPWersja>2016-11-24T13:42:25+02:00</sln:miejscIIPWersja><sln:miejscIdTeryt>0602466</sln:miejscIdTeryt><sln:miejscNazwa>Młodowice</sln:miejscNazwa><sln:miejscRodzaj>Wieś</sln:miejscRodzaj><sln:powIIPId>f322275e-1c48-431f-889e-8bb0ccb46e81</sln:powIIPId><sln:powIIPPn>PL.PZGIK.200</sln:powIIPPn><sln:powIIPWersja>2012-09-27T08:01:01+02:00</sln:powIIPWersja><sln:powIdTeryt>1813</sln:powIdTeryt><sln:powNazwa>przemyski</sln:powNazwa><sln:wojIIPId>833fe14b-fe8e-40c7-9e4e-fc27c938bb11</sln:wojIIPId><sln:wojIIPPn>PL.PZGIK.200</sln:wojIIPPn><sln:wojIIPWersja>2017-10-10T00:00:00+02:00</sln:wojIIPWersja><sln:wojIdTeryt>18</sln:wojIdTeryt><sln:wojNazwa>podkarpackie</sln:wojNazwa></sln:miejscowosc><sln:miejscowosc><sln:cyklZyciaDo>2016-11-26T00:00:00+01:00</sln:cyklZyciaDo><sln:cyklZyciaOd>2012-04-26T00:00:00+02:00</sln:cyklZyciaOd><sln:gmIIPId>09898159-9f02-481d-ac43-8ddb230be5e1</sln:gmIIPId><sln:gmIIPPn>PL.PZGIK.200</sln:gmIIPPn><sln:gmIIPWersja>2012-09-26T22:01:42+02:00</sln:gmIIPWersja><sln:gmIdTeryt>1813032</sln:gmIdTeryt><sln:gmNazwa>Fredropol</sln:gmNazwa><sln:miejscIIPId>bcf95d9b-e748-41fd-a88c-852ebc28c016</sln:miejscIIPId><sln:miejscIIPPn>PL.PZGIK.200</sln:miejscIIPPn><sln:miejscIIPWersja>2016-11-24T13:43:31+02:00</sln:miejscIIPWersja><sln:miejscIdTeryt>0602526</sln:miejscIdTeryt><sln:miejscNazwa>Nowosiółki Dydyńskie</sln:miejscNazwa><sln:miejscRodzaj>Wieś</sln:miejscRodzaj><sln:powIIPId>f322275e-1c48-431f-889e-8bb0ccb46e81</sln:powIIPId><sln:powIIPPn>PL.PZGIK.200</sln:powIIPPn><sln:powIIPWersja>2012-09-27T08:01:01+02:00</sln:powIIPWersja><sln:powIdTeryt>1813</sln:powIdTeryt><sln:powNazwa>przemyski</sln:powNazwa><sln:wojIIPId>833fe14b-fe8e-40c7-9e4e-fc27c938bb11</sln:wojIIPId><sln:wojIIPPn>PL.PZGIK.200</sln:wojIIPPn><sln:wojIIPWersja>2017-10-10T00:00:00+02:00</sln:wojIIPWersja><sln:wojIdTeryt>18</sln:wojIdTeryt><sln:wojNazwa>podkarpackie</sln:wojNazwa></sln:miejscowosc><sln:miejscowosc><sln:cyklZyciaDo>2016-11-26T00:00:00+01:00</sln:cyklZyciaDo><sln:cyklZyciaOd>2012-04-26T00:00:00+02:00</sln:cyklZyciaOd><sln:gmIIPId>09898159-9f02-481d-ac43-8ddb230be5e1</sln:gmIIPId><sln:gmIIPPn>PL.PZGIK.200</sln:gmIIPPn><sln:gmIIPWersja>2012-09-26T22:01:42+02:00</sln:gmIIPWersja><sln:gmIdTeryt>1813032</sln:gmIdTeryt><sln:gmNazwa>Fredropol</sln:gmNazwa><sln:miejscIIPId>2de2123a-770f-4366-bf27-08ae357fa653</sln:miejscIIPId><sln:miejscIIPPn>PL.PZGIK.200</sln:miejscIIPPn><sln:miejscIIPWersja>2016-11-24T13:43:26+02:00</sln:miejscIIPWersja><sln:miejscIdTeryt>0602472</sln:miejscIdTeryt><sln:miejscNazwa>Nowe Sady</sln:miejscNazwa><sln:miejscRodzaj>Wieś</sln:miejscRodzaj><sln:powIIPId>f322275e-1c48-431f-889e-8bb0ccb46e81</sln:powIIPId><sln:powIIPPn>PL.PZGIK.200</sln:powIIPPn><sln:powIIPWersja>2012-09-27T08:01:01+02:00</sln:powIIPWersja><sln:powIdTeryt>1813</sln:powIdTeryt><sln:powNazwa>przemyski</sln:powNazwa><sln:wojIIPId>833fe14b-fe8e-40c7-9e4e-fc27c938bb11</sln:wojIIPId><sln:wojIIPPn>PL.PZGIK.200</sln:wojIIPPn><sln:wojIIPWersja>2017-10-10T00:00:00+02:00</sln:wojIIPWersja><sln:wojIdTeryt>18</sln:wojIdTeryt><sln:wojNazwa>podkarpackie</sln:wojNazwa></sln:miejscowosc><sln:miejscowosc><sln:cyklZyciaDo>2016-11-26T00:00:00+01:00</sln:cyklZyciaDo><sln:cyklZyciaOd>2012-04-26T00:00:00+02:00</sln:cyklZyciaOd><sln:gmIIPId>09898159-9f02-481d-ac43-8ddb230be5e1</sln:gmIIPId><sln:gmIIPPn>PL.PZGIK.200</sln:gmIIPPn><sln:gmIIPWersja>2012-09-26T22:01:42+02:00</sln:gmIIPWersja><sln:gmIdTeryt>1813032</sln:gmIdTeryt><sln:gmNazwa>Fredropol</sln:gmNazwa><sln:miejscIIPId>0e08ca26-b9db-4d33-8c48-895e1fa4f55f</sln:miejscIIPId><sln:miejscIIPPn>PL.PZGIK.200</sln:miejscIIPPn><sln:miejscIIPWersja>2016-11-24T13:52:16+02:00</sln:miejscIIPWersja><sln:miejscIdTeryt>0602242</sln:miejscIdTeryt><sln:miejscNIIPId>1a709495-c65d-4006-865a-e96fe4802e00</sln:miejscNIIPId><sln:miejscNIIPPn>PL.PZGIK.200</sln:miejscNIIPPn><sln:miejscNIIPWersja>2016-11-24T13:36:00+02:00</sln:miejscNIIPWersja><sln:miejscNIdTeryt>0602236</sln:miejscNIdTeryt><sln:miejscNNazwa>Darowice</sln:miejscNNazwa><sln:miejscNRodzaj>Wieś</sln:miejscNRodzaj><sln:miejscNazwa>Kolonia Darowicka</sln:miejscNazwa><sln:miejscRodzaj>Inny obiekt</sln:miejscRodzaj><sln:powIIPId>f322275e-1c48-431f-889e-8bb0ccb46e81</sln:powIIPId><sln:powIIPPn>PL.PZGIK.200</sln:powIIPPn><sln:powIIPWersja>2012-09-27T08:01:01+02:00</sln:powIIPWersja><sln:powIdTeryt>1813</sln:powIdTeryt><sln:powNazwa>przemyski</sln:powNazwa><sln:wojIIPId>833fe14b-fe8e-40c7-9e4e-fc27c938bb11</sln:wojIIPId><sln:wojIIPPn>PL.PZGIK.200</sln:wojIIPPn><sln:wojIIPWersja>2017-10-10T00:00:00+02:00</sln:wojIIPWersja><sln:wojIdTeryt>18</sln:wojIdTeryt><sln:wojNazwa>podkarpackie</sln:wojNazwa></sln:miejscowosc><sln:miejscowosc><sln:cyklZyciaDo>2016-11-26T00:00:00+01:00</sln:cyklZyciaDo><sln:cyklZyciaOd>2012-04-26T00:00:00+02:00</sln:cyklZyciaOd><sln:gmIIPId>09898159-9f02-481d-ac43-8ddb230be5e1</sln:gmIIPId><sln:gmIIPPn>PL.PZGIK.200</sln:gmIIPPn><sln:gmIIPWersja>2012-09-26T22:01:42+02:00</sln:gmIIPWersja><sln:gmIdTeryt>1813032</sln:gmIdTeryt><sln:gmNazwa>Fredropol</sln:gmNazwa><sln:miejscIIPId>4172670d-711b-47b3-969a-f0909dc8bd3f</sln:miejscIIPId><sln:miejscIIPPn>PL.PZGIK.200</sln:miejscIIPPn><sln:miejscIIPWersja>2016-11-24T13:53:38+02:00</sln:miejscIIPWersja><sln:miejscIdTeryt>0602220</sln:miejscIdTeryt><sln:miejscNIIPId>2ae435ed-3882-4ec7-bec2-cd11f4d5f64d</sln:miejscNIIPId><sln:miejscNIIPPn>PL.PZGIK.200</sln:miejscNIIPPn><sln:miejscNIIPWersja>2016-11-24T13:36:43+02:00</sln:miejscNIIPWersja><sln:miejscNIdTeryt>0602207</sln:miejscNIdTeryt><sln:miejscNNazwa>Aksmanice</sln:miejscNNazwa><sln:miejscNRodzaj>Wieś</sln:miejscNRodzaj><sln:miejscNazwa>Gaj</sln:miejscNazwa><sln:miejscRodzaj>Inny obiekt</sln:miejscRodzaj><sln:powIIPId>f322275e-1c48-431f-889e-8bb0ccb46e81</sln:powIIPId><sln:powIIPPn>PL.PZGIK.200</sln:powIIPPn><sln:powIIPWersja>2012-09-27T08:01:01+02:00</sln:powIIPWersja><sln:powIdTeryt>1813</sln:powIdTeryt><sln:powNazwa>przemyski</sln:powNazwa><sln:wojIIPId>833fe14b-fe8e-40c7-9e4e-fc27c938bb11</sln:wojIIPId><sln:wojIIPPn>PL.PZGIK.200</sln:wojIIPPn><sln:wojIIPWersja>2017-10-10T00:00:00+02:00</sln:wojIIPWersja><sln:wojIdTeryt>18</sln:wojIdTeryt><sln:wojNazwa>podkarpackie</sln:wojNazwa></sln:miejscowosc><sln:miejscowosc><sln:cyklZyciaDo>2016-11-26T00:00:00+01:00</sln:cyklZyciaDo><sln:cyklZyciaOd>2012-04-26T00:00:00+02:00</sln:cyklZyciaOd><sln:gmIIPId>09898159-9f02-481d-ac43-8ddb230be5e1</sln:gmIIPId><sln:gmIIPPn>PL.PZGIK.200</sln:gmIIPPn><sln:gmIIPWersja>2012-09-26T22:01:42+02:00</sln:gmIIPWersja><sln:gmIdTeryt>1813032</sln:gmIdTeryt><sln:gmNazwa>Fredropol</sln:gmNazwa><sln:miejscIIPId>6dd8a39d-77ee-4c5a-a1af-9c5474a718f7</sln:miejscIIPId><sln:miejscIIPPn>PL.PZGIK.200</sln:miejscIIPPn><sln:miejscIIPWersja>2016-11-24T13:53:38+02:00</sln:miejscIIPWersja><sln:miejscIdTeryt>0602213</sln:miejscIdTeryt><sln:miejscNIIPId>2ae435ed-3882-4ec7-bec2-cd11f4d5f64d</sln:miejscNIIPId><sln:miejscNIIPPn>PL.PZGIK.200</sln:miejscNIIPPn><sln:miejscNIIPWersja>2016-11-24T13:36:43+02:00</sln:miejscNIIPWersja><sln:miejscNIdTeryt>0602207</sln:miejscNIdTeryt><sln:miejscNNazwa>Aksmanice</sln:miejscNNazwa><sln:miejscNRodzaj>Wieś</sln:miejscNRodzaj><sln:miejscNazwa>Berendowice</sln:miejscNazwa><sln:miejscRodzaj>Inny obiekt</sln:miejscRodzaj><sln:powIIPId>f322275e-1c48-431f-889e-8bb0ccb46e81</sln:powIIPId><sln:powIIPPn>PL.PZGIK.200</sln:powIIPPn><sln:powIIPWersja>2012-09-27T08:01:01+02:00</sln:powIIPWersja><sln:powIdTeryt>1813</sln:powIdTeryt><sln:powNazwa>przemyski</sln:powNazwa><sln:wojIIPId>833fe14b-fe8e-40c7-9e4e-fc27c938bb11</sln:wojIIPId><sln:wojIIPPn>PL.PZGIK.200</sln:wojIIPPn><sln:wojIIPWersja>2017-10-10T00:00:00+02:00</sln:wojIIPWersja><sln:wojIdTeryt>18</sln:wojIdTeryt><sln:wojNazwa>podkarpackie</sln:wojNazwa></sln:miejscowosc><sln:miejscowosc><sln:cyklZyciaDo>2016-11-26T00:00:00+01:00</sln:cyklZyciaDo><sln:cyklZyciaOd>2012-04-26T00:00:00+02:00</sln:cyklZyciaOd><sln:gmIIPId>09898159-9f02-481d-ac43-8ddb230be5e1</sln:gmIIPId><sln:gmIIPPn>PL.PZGIK.200</sln:gmIIPPn><sln:gmIIPWersja>2012-09-26T22:01:42+02:00</sln:gmIIPWersja><sln:gmIdTeryt>1813032</sln:gmIdTeryt><sln:gmNazwa>Fredropol</sln:gmNazwa><sln:miejscIIPId>1a602490-f839-4200-bd4f-fc2fb37e879e</sln:miejscIIPId><sln:miejscIIPPn>PL.PZGIK.200</sln:miejscIIPPn><sln:miejscIIPWersja>2016-11-24T13:54:47+02:00</sln:miejscIIPWersja><sln:miejscIdTeryt>0602294</sln:miejscIdTeryt><sln:miejscNIIPId>774686b4-da3a-46d3-b5da-3f38e9648d1b</sln:miejscNIIPId><sln:miejscNIIPPn>PL.PZGIK.200</sln:miejscNIIPPn><sln:miejscNIIPWersja>2016-11-24T13:38:20+02:00</sln:miejscNIIPWersja><sln:miejscNIdTeryt>0602288</sln:miejscNIdTeryt><sln:miejscNNazwa>Huwniki</sln:miejscNNazwa><sln:miejscNRodzaj>Wieś</sln:miejscNRodzaj><sln:miejscNazwa>Pod Cerkwią</sln:miejscNazwa><sln:miejscRodzaj>Inny obiekt</sln:miejscRodzaj><sln:powIIPId>f322275e-1c48-431f-889e-8bb0ccb46e81</sln:powIIPId><sln:powIIPPn>PL.PZGIK.200</sln:powIIPPn><sln:powIIPWersja>2012-09-27T08:01:01+02:00</sln:powIIPWersja><sln:powIdTeryt>1813</sln:powIdTeryt><sln:powNazwa>przemyski</sln:powNazwa><sln:wojIIPId>833fe14b-fe8e-40c7-9e4e-fc27c938bb11</sln:wojIIPId><sln:wojIIPPn>PL.PZGIK.200</sln:wojIIPPn><sln:wojIIPWersja>2017-10-10T00:00:00+02:00</sln:wojIIPWersja><sln:wojIdTeryt>18</sln:wojIdTeryt><sln:wojNazwa>podkarpackie</sln:wojNazwa></sln:miejscowosc><sln:miejscowosc><sln:cyklZyciaDo>2016-11-26T00:00:00+01:00</sln:cyklZyciaDo><sln:cyklZyciaOd>2012-04-26T00:00:00+02:00</sln:cyklZyciaOd><sln:gmIIPId>09898159-9f02-481d-ac43-8ddb230be5e1</sln:gmIIPId><sln:gmIIPPn>PL.PZGIK.200</sln:gmIIPPn><sln:gmIIPWersja>2012-09-26T22:01:42+02:00</sln:gmIIPWersja><sln:gmIdTeryt>1813032</sln:gmIdTeryt><sln:gmNazwa>Fredropol</sln:gmNazwa><sln:miejscIIPId>17f2ea9f-43b4-450a-b1de-91f52f3ca5ab</sln:miejscIIPId><sln:miejscIIPPn>PL.PZGIK.200</sln:miejscIIPPn><sln:miejscIIPWersja>2016-11-24T13:55:04+02:00</sln:miejscIIPWersja><sln:miejscIdTeryt>0602319</sln:miejscIdTeryt><sln:miejscNIIPId>7c32d07b-c235-4bc4-bb15-aa615b157563</sln:miejscNIIPId><sln:miejscNIIPPn>PL.PZGIK.200</sln:miejscNIIPPn><sln:miejscNIIPWersja>2016-11-24T13:39:04+02:00</sln:miejscNIIPWersja><sln:miejscNIdTeryt>0602302</sln:miejscNIdTeryt><sln:miejscNNazwa>Kalwaria Pacławska</sln:miejscNNazwa><sln:miejscNRodzaj>Wieś</sln:miejscNRodzaj><sln:miejscNazwa>Pacław</sln:miejscNazwa><sln:miejscRodzaj>Inny obiekt</sln:miejscRodzaj><sln:powIIPId>f322275e-1c48-431f-889e-8bb0ccb46e81</sln:powIIPId><sln:powIIPPn>PL.PZGIK.200</sln:powIIPPn><sln:powIIPWersja>2012-09-27T08:01:01+02:00</sln:powIIPWersja><sln:powIdTeryt>1813</sln:powIdTeryt><sln:powNazwa>przemyski</sln:powNazwa><sln:wojIIPId>833fe14b-fe8e-40c7-9e4e-fc27c938bb11</sln:wojIIPId><sln:wojIIPPn>PL.PZGIK.200</sln:wojIIPPn><sln:wojIIPWersja>2017-10-10T00:00:00+02:00</sln:wojIIPWersja><sln:wojIdTeryt>18</sln:wojIdTeryt><sln:wojNazwa>podkarpackie</sln:wojNazwa></sln:miejscowosc><sln:miejscowosc><sln:cyklZyciaDo>2016-11-26T00:00:00+01:00</sln:cyklZyciaDo><sln:cyklZyciaOd>2012-04-26T00:00:00+02:00</sln:cyklZyciaOd><sln:gmIIPId>09898159-9f02-481d-ac43-8ddb230be5e1</sln:gmIIPId><sln:gmIIPPn>PL.PZGIK.200</sln:gmIIPPn><sln:gmIIPWersja>2012-09-26T22:01:42+02:00</sln:gmIIPWersja><sln:gmIdTeryt>1813032</sln:gmIdTeryt><sln:gmNazwa>Fredropol</sln:gmNazwa><sln:miejscIIPId>ba27b158-87fa-4f14-b267-0a8b21f6a205</sln:miejscIIPId><sln:miejscIIPPn>PL.PZGIK.200</sln:miejscIIPPn><sln:miejscIIPWersja>2016-11-24T13:55:36+02:00</sln:miejscIIPWersja><sln:miejscIdTeryt>0602354</sln:miejscIdTeryt><sln:miejscNIIPId>186955b6-3ebc-43cb-b568-1f9908611ee9</sln:miejscNIIPId><sln:miejscNIIPPn>PL.PZGIK.200</sln:miejscNIIPPn><sln:miejscNIIPWersja>2016-11-24T13:39:32+02:00</sln:miejscNIIPWersja><sln:miejscNIdTeryt>0602331</sln:miejscNIdTeryt><sln:miejscNNazwa>Kniażyce</sln:miejscNNazwa><sln:miejscNRodzaj>Wieś</sln:miejscNRodzaj><sln:miejscNazwa>Leśniczówka</sln:miejscNazwa><sln:miejscRodzaj>Inny obiekt</sln:miejscRodzaj><sln:powIIPId>f322275e-1c48-431f-889e-8bb0ccb46e81</sln:powIIPId><sln:powIIPPn>PL.PZGIK.200</sln:powIIPPn><sln:powIIPWersja>2012-09-27T08:01:01+02:00</sln:powIIPWersja><sln:powIdTeryt>1813</sln:powIdTeryt><sln:powNazwa>przemyski</sln:powNazwa><sln:wojIIPId>833fe14b-fe8e-40c7-9e4e-fc27c938bb11</sln:wojIIPId><sln:wojIIPPn>PL.PZGIK.200</sln:wojIIPPn><sln:wojIIPWersja>2017-10-10T00:00:00+02:00</sln:wojIIPWersja><sln:wojIdTeryt>18</sln:wojIdTeryt><sln:wojNazwa>podkarpackie</sln:wojNazwa></sln:miejscowosc><sln:miejscowosc><sln:cyklZyciaDo>2016-11-26T00:00:00+01:00</sln:cyklZyciaDo><sln:cyklZyciaOd>2012-04-26T00:00:00+02:00</sln:cyklZyciaOd><sln:gmIIPId>09898159-9f02-481d-ac43-8ddb230be5e1</sln:gmIIPId><sln:gmIIPPn>PL.PZGIK.200</sln:gmIIPPn><sln:gmIIPWersja>2012-09-26T22:01:42+02:00</sln:gmIIPWersja><sln:gmIdTeryt>1813032</sln:gmIdTeryt><sln:gmNazwa>Fredropol</sln:gmNazwa><sln:miejscIIPId>31709ff9-3653-4d26-a15f-65436664e268</sln:miejscIIPId><sln:miejscIIPPn>PL.PZGIK.200</sln:miejscIIPPn><sln:miejscIIPWersja>2016-11-24T13:56:40+02:00</sln:miejscIIPWersja><sln:miejscIdTeryt>0602414</sln:miejscIdTeryt><sln:miejscNIIPId>fff57b6e-5382-45fe-bafe-817912122348</sln:miejscNIIPId><sln:miejscNIIPPn>PL.PZGIK.200</sln:miejscNIIPPn><sln:miejscNIIPWersja>2016-11-24T13:40:59+02:00</sln:miejscNIIPWersja><sln:miejscNIdTeryt>0602408</sln:miejscNIdTeryt><sln:miejscNNazwa>Leszczyny</sln:miejscNNazwa><sln:miejscNRodzaj>Wieś</sln:miejscNRodzaj><sln:miejscNazwa>Paportno-Sopotnik</sln:miejscNazwa><sln:miejscRodzaj>Wieś</sln:miejscRodzaj><sln:powIIPId>f322275e-1c48-431f-889e-8bb0ccb46e81</sln:powIIPId><sln:powIIPPn>PL.PZGIK.200</sln:powIIPPn><sln:powIIPWersja>2012-09-27T08:01:01+02:00</sln:powIIPWersja><sln:powIdTeryt>1813</sln:powIdTeryt><sln:powNazwa>przemyski</sln:powNazwa><sln:wojIIPId>833fe14b-fe8e-40c7-9e4e-fc27c938bb11</sln:wojIIPId><sln:wojIIPPn>PL.PZGIK.200</sln:wojIIPPn><sln:wojIIPWersja>2017-10-10T00:00:00+02:00</sln:wojIIPWersja><sln:wojIdTeryt>18</sln:wojIdTeryt><sln:wojNazwa>podkarpackie</sln:wojNazwa></sln:miejscowosc><sln:miejscowosc><sln:cyklZyciaDo>2016-11-26T00:00:00+01:00</sln:cyklZyciaDo><sln:cyklZyciaOd>2012-04-26T00:00:00+02:00</sln:cyklZyciaOd><sln:gmIIPId>09898159-9f02-481d-ac43-8ddb230be5e1</sln:gmIIPId><sln:gmIIPPn>PL.PZGIK.200</sln:gmIIPPn><sln:gmIIPWersja>2012-09-26T22:01:42+02:00</sln:gmIIPWersja><sln:gmIdTeryt>1813032</sln:gmIdTeryt><sln:gmNazwa>Fredropol</sln:gmNazwa><sln:miejscIIPId>19d33bd1-cdd3-47ac-bd17-02ae141f0baa</sln:miejscIIPId><sln:miejscIIPPn>PL.PZGIK.200</sln:miejscIIPPn><sln:miejscIIPWersja>2016-11-24T13:57:28+02:00</sln:miejscIIPWersja><sln:miejscIdTeryt>0602450</sln:miejscIdTeryt><sln:miejscNIIPId>a0943a49-c47e-4e6d-864d-4e4c30127ad7</sln:miejscNIIPId><sln:miejscNIIPPn>PL.PZGIK.200</sln:miejscNIIPPn><sln:miejscNIIPWersja>2016-11-24T13:41:48+02:00</sln:miejscNIIPWersja><sln:miejscNIdTeryt>0602420</sln:miejscNIdTeryt><sln:miejscNNazwa>Makowa</sln:miejscNNazwa><sln:miejscNRodzaj>Wieś</sln:miejscNRodzaj><sln:miejscNazwa>Makowa Rustykalna</sln:miejscNazwa><sln:miejscRodzaj>Inny obiekt</sln:miejscRodzaj><sln:powIIPId>f322275e-1c48-431f-889e-8bb0ccb46e81</sln:powIIPId><sln:powIIPPn>PL.PZGIK.200</sln:powIIPPn><sln:powIIPWersja>2012-09-27T08:01:01+02:00</sln:powIIPWersja><sln:powIdTeryt>1813</sln:powIdTeryt><sln:powNazwa>przemyski</sln:powNazwa><sln:wojIIPId>833fe14b-fe8e-40c7-9e4e-fc27c938bb11</sln:wojIIPId><sln:wojIIPPn>PL.PZGIK.200</sln:wojIIPPn><sln:wojIIPWersja>2017-10-10T00:00:00+02:00</sln:wojIIPWersja><sln:wojIdTeryt>18</sln:wojIdTeryt><sln:wojNazwa>podkarpackie</sln:wojNazwa></sln:miejscowosc><sln:miejscowosc><sln:cyklZyciaDo>2016-11-26T00:00:00+01:00</sln:cyklZyciaDo><sln:cyklZyciaOd>2012-04-26T00:00:00+02:00</sln:cyklZyciaOd><sln:gmIIPId>09898159-9f02-481d-ac43-8ddb230be5e1</sln:gmIIPId><sln:gmIIPPn>PL.PZGIK.200</sln:gmIIPPn><sln:gmIIPWersja>2012-09-26T22:01:42+02:00</sln:gmIIPWersja><sln:gmIdTeryt>1813032</sln:gmIdTeryt><sln:gmNazwa>Fredropol</sln:gmNazwa><sln:miejscIIPId>9be05b53-ec7a-4e65-a7c0-0752efc714b2</sln:miejscIIPId><sln:miejscIIPPn>PL.PZGIK.200</sln:miejscIIPPn><sln:miejscIIPWersja>2016-11-24T13:58:46+02:00</sln:miejscIIPWersja><sln:miejscIdTeryt>0602532</sln:miejscIdTeryt><sln:miejscNIIPId>bcf95d9b-e748-41fd-a88c-852ebc28c016</sln:miejscNIIPId><sln:miejscNIIPPn>PL.PZGIK.200</sln:miejscNIIPPn><sln:miejscNIIPWersja>2016-11-24T13:43:31+02:00</sln:miejscNIIPWersja><sln:miejscNIdTeryt>0602526</sln:miejscNIdTeryt><sln:miejscNNazwa>Nowosiółki Dydyńskie</sln:miejscNNazwa><sln:miejscNRodzaj>Wieś</sln:miejscNRodzaj><sln:miejscNazwa>Dębnik</sln:miejscNazwa><sln:miejscRodzaj>Inny obiekt</sln:miejscRodzaj><sln:powIIPId>f322275e-1c48-431f-889e-8bb0ccb46e81</sln:powIIPId><sln:powIIPPn>PL.PZGIK.200</sln:powIIPPn><sln:powIIPWersja>2012-09-27T08:01:01+02:00</sln:powIIPWersja><sln:powIdTeryt>1813</sln:powIdTeryt><sln:powNazwa>przemyski</sln:powNazwa><sln:wojIIPId>833fe14b-fe8e-40c7-9e4e-fc27c938bb11</sln:wojIIPId><sln:wojIIPPn>PL.PZGIK.200</sln:wojIIPPn><sln:wojIIPWersja>2017-10-10T00:00:00+02:00</sln:wojIIPWersja><sln:wojIdTeryt>18</sln:wojIdTeryt><sln:wojNazwa>podkarpackie</sln:wojNazwa></sln:miejscowosc><sln:miejscowosc><sln:cyklZyciaDo>2016-11-26T00:00:00+01:00</sln:cyklZyciaDo><sln:cyklZyciaOd>2012-04-26T00:00:00+02:00</sln:cyklZyciaOd><sln:gmIIPId>09898159-9f02-481d-ac43-8ddb230be5e1</sln:gmIIPId><sln:gmIIPPn>PL.PZGIK.200</sln:gmIIPPn><sln:gmIIPWersja>2012-09-26T22:01:42+02:00</sln:gmIIPWersja><sln:gmIdTeryt>1813032</sln:gmIdTeryt><sln:gmNazwa>Fredropol</sln:gmNazwa><sln:miejscIIPId>2630512e-7e9b-4fcd-b4a0-305419224a9a</sln:miejscIIPId><sln:miejscIIPPn>PL.PZGIK.200</sln:miejscIIPPn><sln:miejscIIPWersja>2016-11-24T13:58:44+02:00</sln:miejscIIPWersja><sln:miejscIdTeryt>0602495</sln:miejscIdTeryt><sln:miejscNIIPId>2de2123a-770f-4366-bf27-08ae357fa653</sln:miejscNIIPId><sln:miejscNIIPPn>PL.PZGIK.200</sln:miejscNIIPPn><sln:miejscNIIPWersja>2016-11-24T13:43:26+02:00</sln:miejscNIIPWersja><sln:miejscNIdTeryt>0602472</sln:miejscNIdTeryt><sln:miejscNNazwa>Nowe Sady</sln:miejscNNazwa><sln:miejscNRodzaj>Wieś</sln:miejscNRodzaj><sln:miejscNazwa>Siedliska</sln:miejscNazwa><sln:miejscRodzaj>Inny obiekt</sln:miejscRodzaj><sln:powIIPId>f322275e-1c48-431f-889e-8bb0ccb46e81</sln:powIIPId><sln:powIIPPn>PL.PZGIK.200</sln:powIIPPn><sln:powIIPWersja>2012-09-27T08:01:01+02:00</sln:powIIPWersja><sln:powIdTeryt>1813</sln:powIdTeryt><sln:powNazwa>przemyski</sln:powNazwa><sln:wojIIPId>833fe14b-fe8e-40c7-9e4e-fc27c938bb11</sln:wojIIPId><sln:wojIIPPn>PL.PZGIK.200</sln:wojIIPPn><sln:wojIIPWersja>2017-10-10T00:00:00+02:00</sln:wojIIPWersja><sln:wojIdTeryt>18</sln:wojIdTeryt><sln:wojNazwa>podkarpackie</sln:wojNazwa></sln:miejscowosc><sln:miejscowosc><sln:cyklZyciaDo>2016-11-26T00:00:00+01:00</sln:cyklZyciaDo><sln:cyklZyciaOd>2012-04-26T00:00:00+02:00</sln:cyklZyciaOd><sln:gmIIPId>09898159-9f02-481d-ac43-8ddb230be5e1</sln:gmIIPId><sln:gmIIPPn>PL.PZGIK.200</sln:gmIIPPn><sln:gmIIPWersja>2012-09-26T22:01:42+02:00</sln:gmIIPWersja><sln:gmIdTeryt>1813032</sln:gmIdTeryt><sln:gmNazwa>Fredropol</sln:gmNazwa><sln:miejscIIPId>ccf079a5-fc61-4618-b0a2-031bbf74622c</sln:miejscIIPId><sln:miejscIIPPn>PL.PZGIK.200</sln:miejscIIPPn><sln:miejscIIPWersja>2016-11-24T13:58:44+02:00</sln:miejscIIPWersja><sln:miejscIdTeryt>0602510</sln:miejscIdTeryt><sln:miejscNIIPId>2de2123a-770f-4366-bf27-08ae357fa653</sln:miejscNIIPId><sln:miejscNIIPPn>PL.PZGIK.200</sln:miejscNIIPPn><sln:miejscNIIPWersja>2016-11-24T13:43:26+02:00</sln:miejscNIIPWersja><sln:miejscNIdTeryt>0602472</sln:miejscNIdTeryt><sln:miejscNNazwa>Nowe Sady</sln:miejscNNazwa><sln:miejscNRodzaj>Wieś</sln:miejscNRodzaj><sln:miejscNazwa>Zawiar</sln:miejscNazwa><sln:miejscRodzaj>Inny obiekt</sln:miejscRodzaj><sln:powIIPId>f322275e-1c48-431f-889e-8bb0ccb46e81</sln:powIIPId><sln:powIIPPn>PL.PZGIK.200</sln:powIIPPn><sln:powIIPWersja>2012-09-27T08:01:01+02:00</sln:powIIPWersja><sln:powIdTeryt>1813</sln:powIdTeryt><sln:powNazwa>przemyski</sln:powNazwa><sln:wojIIPId>833fe14b-fe8e-40c7-9e4e-fc27c938bb11</sln:wojIIPId><sln:wojIIPPn>PL.PZGIK.200</sln:wojIIPPn><sln:wojIIPWersja>2017-10-10T00:00:00+02:00</sln:wojIIPWersja><sln:wojIdTeryt>18</sln:wojIdTeryt><sln:wojNazwa>podkarpackie</sln:wojNazwa></sln:miejscowosc><sln:miejscowosc><sln:cyklZyciaDo>2016-11-26T00:00:00+01:00</sln:cyklZyciaDo><sln:cyklZyciaOd>2012-04-26T00:00:00+02:00</sln:cyklZyciaOd><sln:gmIIPId>09898159-9f02-481d-ac43-8ddb230be5e1</sln:gmIIPId><sln:gmIIPPn>PL.PZGIK.200</sln:gmIIPPn><sln:gmIIPWersja>2012-09-26T22:01:42+02:00</sln:gmIIPWersja><sln:gmIdTeryt>1813032</sln:gmIdTeryt><sln:gmNazwa>Fredropol</sln:gmNazwa><sln:miejscIIPId>a80d29d6-43f4-4ec8-a181-969e823b03a0</sln:miejscIIPId><sln:miejscIIPPn>PL.PZGIK.200</sln:miejscIIPPn><sln:miejscIIPWersja>2016-11-24T13:58:44+02:00</sln:miejscIIPWersja><sln:miejscIdTeryt>0602489</sln:miejscIdTeryt><sln:miejscNIIPId>2de2123a-770f-4366-bf27-08ae357fa653</sln:miejscNIIPId><sln:miejscNIIPPn>PL.PZGIK.200</sln:miejscNIIPPn><sln:miejscNIIPWersja>2016-11-24T13:43:26+02:00</sln:miejscNIIPWersja><sln:miejscNIdTeryt>0602472</sln:miejscNIdTeryt><sln:miejscNNazwa>Nowe Sady</sln:miejscNNazwa><sln:miejscNRodzaj>Wieś</sln:miejscNRodzaj><sln:miejscNazwa>Młyny</sln:miejscNazwa><sln:miejscRodzaj>Inny obiekt</sln:miejscRodzaj><sln:powIIPId>f322275e-1c48-431f-889e-8bb0ccb46e81</sln:powIIPId><sln:powIIPPn>PL.PZGIK.200</sln:powIIPPn><sln:powIIPWersja>2012-09-27T08:01:01+02:00</sln:powIIPWersja><sln:powIdTeryt>1813</sln:powIdTeryt><sln:powNazwa>przemyski</sln:powNazwa><sln:wojIIPId>833fe14b-fe8e-40c7-9e4e-fc27c938bb11</sln:wojIIPId><sln:wojIIPPn>PL.PZGIK.200</sln:wojIIPPn><sln:wojIIPWersja>2017-10-10T00:00:00+02:00</sln:wojIIPWersja><sln:wojIdTeryt>18</sln:wojIdTeryt><sln:wojNazwa>podkarpackie</sln:wojNazwa></sln:miejscowosc><sln:miejscowosc><sln:cyklZyciaDo>2016-11-26T00:00:00+01:00</sln:cyklZyciaDo><sln:cyklZyciaOd>2012-04-26T00:00:00+02:00</sln:cyklZyciaOd><sln:gmIIPId>09898159-9f02-481d-ac43-8ddb230be5e1</sln:gmIIPId><sln:gmIIPPn>PL.PZGIK.200</sln:gmIIPPn><sln:gmIIPWersja>2012-09-26T22:01:42+02:00</sln:gmIIPWersja><sln:gmIdTeryt>1813032</sln:gmIdTeryt><sln:gmNazwa>Fredropol</sln:gmNazwa><sln:miejscIIPId>22fd2ef3-49fb-4b67-a83e-a9bade0e5ff5</sln:miejscIIPId><sln:miejscIIPPn>PL.PZGIK.200</sln:miejscIIPPn><sln:miejscIIPWersja>2016-11-24T13:58:44+02:00</sln:miejscIIPWersja><sln:miejscIdTeryt>0602503</sln:miejscIdTeryt><sln:miejscNIIPId>2de2123a-770f-4366-bf27-08ae357fa653</sln:miejscNIIPId><sln:miejscNIIPPn>PL.PZGIK.200</sln:miejscNIIPPn><sln:miejscNIIPWersja>2016-11-24T13:43:26+02:00</sln:miejscNIIPWersja><sln:miejscNIdTeryt>0602472</sln:miejscNIdTeryt><sln:miejscNNazwa>Nowe Sady</sln:miejscNNazwa><sln:miejscNRodzaj>Wieś</sln:miejscNRodzaj><sln:miejscNazwa>Sokołów Dobromilski</sln:miejscNazwa><sln:miejscRodzaj>Inny obiekt</sln:miejscRodzaj><sln:powIIPId>f322275e-1c48-431f-889e-8bb0ccb46e81</sln:powIIPId><sln:powIIPPn>PL.PZGIK.200</sln:powIIPPn><sln:powIIPWersja>2012-09-27T08:01:01+02:00</sln:powIIPWersja><sln:powIdTeryt>1813</sln:powIdTeryt><sln:powNazwa>przemyski</sln:powNazwa><sln:wojIIPId>833fe14b-fe8e-40c7-9e4e-fc27c938bb11</sln:wojIIPId><sln:wojIIPPn>PL.PZGIK.200</sln:wojIIPPn><sln:wojIIPWersja>2017-10-10T00:00:00+02:00</sln:wojIIPWersja><sln:wojIdTeryt>18</sln:wojIdTeryt><sln:wojNazwa>podkarpackie</sln:wojNazwa></sln:miejscowosc><sln:miejscowosc><sln:cyklZyciaOd>2016-11-26T00:00:00+01:00</sln:cyklZyciaOd><sln:gmIIPId>09898159-9f02-481d-ac43-8ddb230be5e1</sln:gmIIPId><sln:gmIIPPn>PL.PZGIK.200</sln:gmIIPPn><sln:gmIIPWersja>2012-09-26T22:01:42+02:00</sln:gmIIPWersja><sln:gmIdTeryt>1813032</sln:gmIdTeryt><sln:gmNazwa>Fredropol</sln:gmNazwa><sln:miejscIIPId>5d9e88d1-46e3-438a-adef-3ae2f5eebe37</sln:miejscIIPId><sln:miejscIIPPn>PL.PZGIK.200</sln:miejscIIPPn><sln:miejscIIPWersja>2016-11-26T20:25:49+02:00</sln:miejscIIPWersja><sln:miejscIdTeryt>0602549</sln:miejscIdTeryt><sln:miejscNazwa>Posada Rybotycka</sln:miejscNazwa><sln:miejscRodzaj>Wieś</sln:miejscRodzaj><sln:powIIPId>f322275e-1c48-431f-889e-8bb0ccb46e81</sln:powIIPId><sln:powIIPPn>PL.PZGIK.200</sln:powIIPPn><sln:powIIPWersja>2012-09-27T08:01:01+02:00</sln:powIIPWersja><sln:powIdTeryt>1813</sln:powIdTeryt><sln:powNazwa>przemyski</sln:powNazwa><sln:wojIIPId>833fe14b-fe8e-40c7-9e4e-fc27c938bb11</sln:wojIIPId><sln:wojIIPPn>PL.PZGIK.200</sln:wojIIPPn><sln:wojIIPWersja>2017-10-10T00:00:00+02:00</sln:wojIIPWersja><sln:wojIdTeryt>18</sln:wojIdTeryt><sln:wojNazwa>podkarpackie</sln:wojNazwa></sln:miejscowosc><sln:miejscowosc><sln:cyklZyciaOd>2016-11-26T00:00:00+01:00</sln:cyklZyciaOd><sln:gmIIPId>09898159-9f02-481d-ac43-8ddb230be5e1</sln:gmIIPId><sln:gmIIPPn>PL.PZGIK.200</sln:gmIIPPn><sln:gmIIPWersja>2012-09-26T22:01:42+02:00</sln:gmIIPWersja><sln:gmIdTeryt>1813032</sln:gmIdTeryt><sln:gmNazwa>Fredropol</sln:gmNazwa><sln:miejscIIPId>81d739d9-65ca-480e-9de5-300d474083d9</sln:miejscIIPId><sln:miejscIIPPn>PL.PZGIK.200</sln:miejscIIPPn><sln:miejscIIPWersja>2016-11-26T20:25:55+02:00</sln:miejscIIPWersja><sln:miejscIdTeryt>0602555</sln:miejscIdTeryt><sln:miejscNazwa>Rybotycze</sln:miejscNazwa><sln:miejscRodzaj>Wieś</sln:miejscRodzaj><sln:powIIPId>f322275e-1c48-431f-889e-8bb0ccb46e81</sln:powIIPId><sln:powIIPPn>PL.PZGIK.200</sln:powIIPPn><sln:powIIPWersja>2012-09-27T08:01:01+02:00</sln:powIIPWersja><sln:powIdTeryt>1813</sln:powIdTeryt><sln:powNazwa>przemyski</sln:powNazwa><sln:wojIIPId>833fe14b-fe8e-40c7-9e4e-fc27c938bb11</sln:wojIIPId><sln:wojIIPPn>PL.PZGIK.200</sln:wojIIPPn><sln:wojIIPWersja>2017-10-10T00:00:00+02:00</sln:wojIIPWersja><sln:wojIdTeryt>18</sln:wojIdTeryt><sln:wojNazwa>podkarpackie</sln:wojNazwa></sln:miejscowosc><sln:miejscowosc><sln:cyklZyciaOd>2016-11-26T00:00:00+01:00</sln:cyklZyciaOd><sln:gmIIPId>09898159-9f02-481d-ac43-8ddb230be5e1</sln:gmIIPId><sln:gmIIPPn>PL.PZGIK.200</sln:gmIIPPn><sln:gmIIPWersja>2012-09-26T22:01:42+02:00</sln:gmIIPWersja><sln:gmIdTeryt>1813032</sln:gmIdTeryt><sln:gmNazwa>Fredropol</sln:gmNazwa><sln:miejscIIPId>657a9fd6-cd40-4d3d-a586-25bbf465f8bb</sln:miejscIIPId><sln:miejscIIPPn>PL.PZGIK.200</sln:miejscIIPPn><sln:miejscIIPWersja>2016-11-26T20:25:55+02:00</sln:miejscIIPWersja><sln:miejscIdTeryt>0602615</sln:miejscIdTeryt><sln:miejscNazwa>Sierakośce</sln:miejscNazwa><sln:miejscRodzaj>Wieś</sln:miejscRodzaj><sln:powIIPId>f322275e-1c48-431f-889e-8bb0ccb46e81</sln:powIIPId><sln:powIIPPn>PL.PZGIK.200</sln:powIIPPn><sln:powIIPWersja>2012-09-27T08:01:01+02:00</sln:powIIPWersja><sln:powIdTeryt>1813</sln:powIdTeryt><sln:powNazwa>przemyski</sln:powNazwa><sln:wojIIPId>833fe14b-fe8e-40c7-9e4e-fc27c938bb11</sln:wojIIPId><sln:wojIIPPn>PL.PZGIK.200</sln:wojIIPPn><sln:wojIIPWersja>2017-10-10T00:00:00+02:00</sln:wojIIPWersja><sln:wojIdTeryt>18</sln:wojIdTeryt><sln:wojNazwa>podkarpackie</sln:wojNazwa></sln:miejscowosc><sln:miejscowosc><sln:cyklZyciaOd>2016-11-26T00:00:00+01:00</sln:cyklZyciaOd><sln:gmIIPId>09898159-9f02-481d-ac43-8ddb230be5e1</sln:gmIIPId><sln:gmIIPPn>PL.PZGIK.200</sln:gmIIPPn><sln:gmIIPWersja>2012-09-26T22:01:42+02:00</sln:gmIIPWersja><sln:gmIdTeryt>1813032</sln:gmIdTeryt><sln:gmNazwa>Fredropol</sln:gmNazwa><sln:miejscIIPId>f19fb3fc-b630-4421-8d1d-9c13542dfb4b</sln:miejscIIPId><sln:miejscIIPPn>PL.PZGIK.200</sln:miejscIIPPn><sln:miejscIIPWersja>2016-11-26T20:25:55+02:00</sln:miejscIIPWersja><sln:miejscIdTeryt>0602621</sln:miejscIdTeryt><sln:miejscNazwa>Sólca</sln:miejscNazwa><sln:miejscRodzaj>Wieś</sln:miejscRodzaj><sln:powIIPId>f322275e-1c48-431f-889e-8bb0ccb46e81</sln:powIIPId><sln:powIIPPn>PL.PZGIK.200</sln:powIIPPn><sln:powIIPWersja>2012-09-27T08:01:01+02:00</sln:powIIPWersja><sln:powIdTeryt>1813</sln:powIdTeryt><sln:powNazwa>przemyski</sln:powNazwa><sln:wojIIPId>833fe14b-fe8e-40c7-9e4e-fc27c938bb11</sln:wojIIPId><sln:wojIIPPn>PL.PZGIK.200</sln:wojIIPPn><sln:wojIIPWersja>2017-10-10T00:00:00+02:00</sln:wojIIPWersja><sln:wojIdTeryt>18</sln:wojIdTeryt><sln:wojNazwa>podkarpackie</sln:wojNazwa></sln:miejscowosc><sln:miejscowosc><sln:cyklZyciaOd>2016-11-26T00:00:00+01:00</sln:cyklZyciaOd><sln:gmIIPId>09898159-9f02-481d-ac43-8ddb230be5e1</sln:gmIIPId><sln:gmIIPPn>PL.PZGIK.200</sln:gmIIPPn><sln:gmIIPWersja>2012-09-26T22:01:42+02:00</sln:gmIIPWersja><sln:gmIdTeryt>1813032</sln:gmIdTeryt><sln:gmNazwa>Fredropol</sln:gmNazwa><sln:miejscIIPId>ca35d371-6561-4678-a205-d92af2a8662a</sln:miejscIIPId><sln:miejscIIPPn>PL.PZGIK.200</sln:miejscIIPPn><sln:miejscIIPWersja>2016-11-26T20:25:55+02:00</sln:miejscIIPWersja><sln:miejscIdTeryt>0602236</sln:miejscIdTeryt><sln:miejscNazwa>Darowice</sln:miejscNazwa><sln:miejscRodzaj>Wieś</sln:miejscRodzaj><sln:powIIPId>f322275e-1c48-431f-889e-8bb0ccb46e81</sln:powIIPId><sln:powIIPPn>PL.PZGIK.200</sln:powIIPPn><sln:powIIPWersja>2012-09-27T08:01:01+02:00</sln:powIIPWersja><sln:powIdTeryt>1813</sln:powIdTeryt><sln:powNazwa>przemyski</sln:powNazwa><sln:wojIIPId>833fe14b-fe8e-40c7-9e4e-fc27c938bb11</sln:wojIIPId><sln:wojIIPPn>PL.PZGIK.200</sln:wojIIPPn><sln:wojIIPWersja>2017-10-10T00:00:00+02:00</sln:wojIIPWersja><sln:wojIdTeryt>18</sln:wojIdTeryt><sln:wojNazwa>podkarpackie</sln:wojNazwa></sln:miejscowosc><sln:miejscowosc><sln:cyklZyciaOd>2016-11-26T00:00:00+01:00</sln:cyklZyciaOd><sln:gmIIPId>09898159-9f02-481d-ac43-8ddb230be5e1</sln:gmIIPId><sln:gmIIPPn>PL.PZGIK.200</sln:gmIIPPn><sln:gmIIPWersja>2012-09-26T22:01:42+02:00</sln:gmIIPWersja><sln:gmIdTeryt>1813032</sln:gmIdTeryt><sln:gmNazwa>Fredropol</sln:gmNazwa><sln:miejscIIPId>ddda5635-2bf5-4a44-a0be-9dfee1f62a8c</sln:miejscIIPId><sln:miejscIIPPn>PL.PZGIK.200</sln:miejscIIPPn><sln:miejscIIPWersja>2016-11-26T20:25:55+02:00</sln:miejscIIPWersja><sln:miejscIdTeryt>0602207</sln:miejscIdTeryt><sln:miejscNazwa>Aksmanice</sln:miejscNazwa><sln:miejscRodzaj>Wieś</sln:miejscRodzaj><sln:powIIPId>f322275e-1c48-431f-889e-8bb0ccb46e81</sln:powIIPId><sln:powIIPPn>PL.PZGIK.200</sln:powIIPPn><sln:powIIPWersja>2012-09-27T08:01:01+02:00</sln:powIIPWersja><sln:powIdTeryt>1813</sln:powIdTeryt><sln:powNazwa>przemyski</sln:powNazwa><sln:wojIIPId>833fe14b-fe8e-40c7-9e4e-fc27c938bb11</sln:wojIIPId><sln:wojIIPPn>PL.PZGIK.200</sln:wojIIPPn><sln:wojIIPWersja>2017-10-10T00:00:00+02:00</sln:wojIIPWersja><sln:wojIdTeryt>18</sln:wojIdTeryt><sln:wojNazwa>podkarpackie</sln:wojNazwa></sln:miejscowosc><sln:miejscowosc><sln:cyklZyciaOd>2016-11-26T00:00:00+01:00</sln:cyklZyciaOd><sln:gmIIPId>09898159-9f02-481d-ac43-8ddb230be5e1</sln:gmIIPId><sln:gmIIPPn>PL.PZGIK.200</sln:gmIIPPn><sln:gmIIPWersja>2012-09-26T22:01:42+02:00</sln:gmIIPWersja><sln:gmIdTeryt>1813032</sln:gmIdTeryt><sln:gmNazwa>Fredropol</sln:gmNazwa><sln:miejscIIPId>1d2b7e90-dc0d-4a16-87d9-97cf80998937</sln:miejscIIPId><sln:miejscIIPPn>PL.PZGIK.200</sln:miejscIIPPn><sln:miejscIIPWersja>2016-11-26T20:25:56+02:00</sln:miejscIIPWersja><sln:miejscIdTeryt>0602259</sln:miejscIdTeryt><sln:miejscNazwa>Fredropol</sln:miejscNazwa><sln:miejscRodzaj>Wieś</sln:miejscRodzaj><sln:powIIPId>f322275e-1c48-431f-889e-8bb0ccb46e81</sln:powIIPId><sln:powIIPPn>PL.PZGIK.200</sln:powIIPPn><sln:powIIPWersja>2012-09-27T08:01:01+02:00</sln:powIIPWersja><sln:powIdTeryt>1813</sln:powIdTeryt><sln:powNazwa>przemyski</sln:powNazwa><sln:wojIIPId>833fe14b-fe8e-40c7-9e4e-fc27c938bb11</sln:wojIIPId><sln:wojIIPPn>PL.PZGIK.200</sln:wojIIPPn><sln:wojIIPWersja>2017-10-10T00:00:00+02:00</sln:wojIIPWersja><sln:wojIdTeryt>18</sln:wojIdTeryt><sln:wojNazwa>podkarpackie</sln:wojNazwa></sln:miejscowosc><sln:miejscowosc><sln:cyklZyciaOd>2016-11-26T00:00:00+01:00</sln:cyklZyciaOd><sln:gmIIPId>09898159-9f02-481d-ac43-8ddb230be5e1</sln:gmIIPId><sln:gmIIPPn>PL.PZGIK.200</sln:gmIIPPn><sln:gmIIPWersja>2012-09-26T22:01:42+02:00</sln:gmIIPWersja><sln:gmIdTeryt>1813032</sln:gmIdTeryt><sln:gmNazwa>Fredropol</sln:gmNazwa><sln:miejscIIPId>42de90bf-fe37-44db-a333-a5fae9580795</sln:miejscIIPId><sln:miejscIIPPn>PL.PZGIK.200</sln:miejscIIPPn><sln:miejscIIPWersja>2016-11-26T20:25:56+02:00</sln:miejscIIPWersja><sln:miejscIdTeryt>0602271</sln:miejscIdTeryt><sln:miejscNazwa>Gruszowa</sln:miejscNazwa><sln:miejscRodzaj>Wieś</sln:miejscRodzaj><sln:powIIPId>f322275e-1c48-431f-889e-8bb0ccb46e81</sln:powIIPId><sln:powIIPPn>PL.PZGIK.200</sln:powIIPPn><sln:powIIPWersja>2012-09-27T08:01:01+02:00</sln:powIIPWersja><sln:powIdTeryt>1813</sln:powIdTeryt><sln:powNazwa>przemyski</sln:powNazwa><sln:wojIIPId>833fe14b-fe8e-40c7-9e4e-fc27c938bb11</sln:wojIIPId><sln:wojIIPPn>PL.PZGIK.200</sln:wojIIPPn><sln:wojIIPWersja>2017-10-10T00:00:00+02:00</sln:wojIIPWersja><sln:wojIdTeryt>18</sln:wojIdTeryt><sln:wojNazwa>podkarpackie</sln:wojNazwa></sln:miejscowosc><sln:miejscowosc><sln:cyklZyciaOd>2016-11-26T00:00:00+01:00</sln:cyklZyciaOd><sln:gmIIPId>09898159-9f02-481d-ac43-8ddb230be5e1</sln:gmIIPId><sln:gmIIPPn>PL.PZGIK.200</sln:gmIIPPn><sln:gmIIPWersja>2012-09-26T22:01:42+02:00</sln:gmIIPWersja><sln:gmIdTeryt>1813032</sln:gmIdTeryt><sln:gmNazwa>Fredropol</sln:gmNazwa><sln:miejscIIPId>7c4f5d15-29ed-4185-866d-ed4f36883464</sln:miejscIIPId><sln:miejscIIPPn>PL.PZGIK.200</sln:miejscIIPPn><sln:miejscIIPWersja>2016-11-26T20:25:56+02:00</sln:miejscIIPWersja><sln:miejscIdTeryt>0602288</sln:miejscIdTeryt><sln:miejscNazwa>Huwniki</sln:miejscNazwa><sln:miejscRodzaj>Wieś</sln:miejscRodzaj><sln:powIIPId>f322275e-1c48-431f-889e-8bb0ccb46e81</sln:powIIPId><sln:powIIPPn>PL.PZGIK.200</sln:powIIPPn><sln:powIIPWersja>2012-09-27T08:01:01+02:00</sln:powIIPWersja><sln:powIdTeryt>1813</sln:powIdTeryt><sln:powNazwa>przemyski</sln:powNazwa><sln:wojIIPId>833fe14b-fe8e-40c7-9e4e-fc27c938bb11</sln:wojIIPId><sln:wojIIPPn>PL.PZGIK.200</sln:wojIIPPn><sln:wojIIPWersja>2017-10-10T00:00:00+02:00</sln:wojIIPWersja><sln:wojIdTeryt>18</sln:wojIdTeryt><sln:wojNazwa>podkarpackie</sln:wojNazwa></sln:miejscowosc><sln:miejscowosc><sln:cyklZyciaOd>2016-11-26T00:00:00+01:00</sln:cyklZyciaOd><sln:gmIIPId>09898159-9f02-481d-ac43-8ddb230be5e1</sln:gmIIPId><sln:gmIIPPn>PL.PZGIK.200</sln:gmIIPPn><sln:gmIIPWersja>2012-09-26T22:01:42+02:00</sln:gmIIPWersja><sln:gmIdTeryt>1813032</sln:gmIdTeryt><sln:gmNazwa>Fredropol</sln:gmNazwa><sln:miejscIIPId>a8397293-9899-4284-9b55-3117a4e7441b</sln:miejscIIPId><sln:miejscIIPPn>PL.PZGIK.200</sln:miejscIIPPn><sln:miejscIIPWersja>2016-11-26T20:25:56+02:00</sln:miejscIIPWersja><sln:miejscIdTeryt>3013741</sln:miejscIdTeryt><sln:miejscNazwa>Kalwaria</sln:miejscNazwa><sln:miejscRodzaj>Inny obiekt</sln:miejscRodzaj><sln:powIIPId>f322275e-1c48-431f-889e-8bb0ccb46e81</sln:powIIPId><sln:powIIPPn>PL.PZGIK.200</sln:powIIPPn><sln:powIIPWersja>2012-09-27T08:01:01+02:00</sln:powIIPWersja><sln:powIdTeryt>1813</sln:powIdTeryt><sln:powNazwa>przemyski</sln:powNazwa><sln:wojIIPId>833fe14b-fe8e-40c7-9e4e-fc27c938bb11</sln:wojIIPId><sln:wojIIPPn>PL.PZGIK.200</sln:wojIIPPn><sln:wojIIPWersja>2017-10-10T00:00:00+02:00</sln:wojIIPWersja><sln:wojIdTeryt>18</sln:wojIdTeryt><sln:wojNazwa>podkarpackie</sln:wojNazwa></sln:miejscowosc><sln:miejscowosc><sln:cyklZyciaOd>2016-11-26T00:00:00+01:00</sln:cyklZyciaOd><sln:gmIIPId>09898159-9f02-481d-ac43-8ddb230be5e1</sln:gmIIPId><sln:gmIIPPn>PL.PZGIK.200</sln:gmIIPPn><sln:gmIIPWersja>2012-09-26T22:01:42+02:00</sln:gmIIPWersja><sln:gmIdTeryt>1813032</sln:gmIdTeryt><sln:gmNazwa>Fredropol</sln:gmNazwa><sln:miejscIIPId>f3ec4b75-94ad-44a2-a4fd-9cbdb85e27d9</sln:miejscIIPId><sln:miejscIIPPn>PL.PZGIK.200</sln:miejscIIPPn><sln:miejscIIPWersja>2016-11-26T20:25:56+02:00</sln:miejscIIPWersja><sln:miejscIdTeryt>0602302</sln:miejscIdTeryt><sln:miejscNazwa>Kalwaria Pacławska</sln:miejscNazwa><sln:miejscRodzaj>Wieś</sln:miejscRodzaj><sln:powIIPId>f322275e-1c48-431f-889e-8bb0ccb46e81</sln:powIIPId><sln:powIIPPn>PL.PZGIK.200</sln:powIIPPn><sln:powIIPWersja>2012-09-27T08:01:01+02:00</sln:powIIPWersja><sln:powIdTeryt>1813</sln:powIdTeryt><sln:powNazwa>przemyski</sln:powNazwa><sln:wojIIPId>833fe14b-fe8e-40c7-9e4e-fc27c938bb11</sln:wojIIPId><sln:wojIIPPn>PL.PZGIK.200</sln:wojIIPPn><sln:wojIIPWersja>2017-10-10T00:00:00+02:00</sln:wojIIPWersja><sln:wojIdTeryt>18</sln:wojIdTeryt><sln:wojNazwa>podkarpackie</sln:wojNazwa></sln:miejscowosc><sln:miejscowosc><sln:cyklZyciaOd>2016-11-26T00:00:00+01:00</sln:cyklZyciaOd><sln:gmIIPId>09898159-9f02-481d-ac43-8ddb230be5e1</sln:gmIIPId><sln:gmIIPPn>PL.PZGIK.200</sln:gmIIPPn><sln:gmIIPWersja>2012-09-26T22:01:42+02:00</sln:gmIIPWersja><sln:gmIdTeryt>1813032</sln:gmIdTeryt><sln:gmNazwa>Fredropol</sln:gmNazwa><sln:miejscIIPId>cd22f206-cbe3-4423-ae37-779ba2544cc1</sln:miejscIIPId><sln:miejscIIPPn>PL.PZGIK.200</sln:miejscIIPPn><sln:miejscIIPWersja>2016-11-26T20:25:56+02:00</sln:miejscIIPWersja><sln:miejscIdTeryt>0602325</sln:miejscIdTeryt><sln:miejscNazwa>Kłokowice</sln:miejscNazwa><sln:miejscRodzaj>Wieś</sln:miejscRodzaj><sln:powIIPId>f322275e-1c48-431f-889e-8bb0ccb46e81</sln:powIIPId><sln:powIIPPn>PL.PZGIK.200</sln:powIIPPn><sln:powIIPWersja>2012-09-27T08:01:01+02:00</sln:powIIPWersja><sln:powIdTeryt>1813</sln:powIdTeryt><sln:powNazwa>przemyski</sln:powNazwa><sln:wojIIPId>833fe14b-fe8e-40c7-9e4e-fc27c938bb11</sln:wojIIPId><sln:wojIIPPn>PL.PZGIK.200</sln:wojIIPPn><sln:wojIIPWersja>2017-10-10T00:00:00+02:00</sln:wojIIPWersja><sln:wojIdTeryt>18</sln:wojIdTeryt><sln:wojNazwa>podkarpackie</sln:wojNazwa></sln:miejscowosc><sln:miejscowosc><sln:cyklZyciaOd>2016-11-26T00:00:00+01:00</sln:cyklZyciaOd><sln:gmIIPId>09898159-9f02-481d-ac43-8ddb230be5e1</sln:gmIIPId><sln:gmIIPPn>PL.PZGIK.200</sln:gmIIPPn><sln:gmIIPWersja>2012-09-26T22:01:42+02:00</sln:gmIIPWersja><sln:gmIdTeryt>1813032</sln:gmIdTeryt><sln:gmNazwa>Fredropol</sln:gmNazwa><sln:miejscIIPId>0ab7211a-aa79-4ab9-a783-617d440dd7db</sln:miejscIIPId><sln:miejscIIPPn>PL.PZGIK.200</sln:miejscIIPPn><sln:miejscIIPWersja>2016-11-26T20:25:56+02:00</sln:miejscIIPWersja><sln:miejscIdTeryt>0602331</sln:miejscIdTeryt><sln:miejscNazwa>Kniażyce</sln:miejscNazwa><sln:miejscRodzaj>Wieś</sln:miejscRodzaj><sln:powIIPId>f322275e-1c48-431f-889e-8bb0ccb46e81</sln:powIIPId><sln:powIIPPn>PL.PZGIK.200</sln:powIIPPn><sln:powIIPWersja>2012-09-27T08:01:01+02:00</sln:powIIPWersja><sln:powIdTeryt>1813</sln:powIdTeryt><sln:powNazwa>przemyski</sln:powNazwa><sln:wojIIPId>833fe14b-fe8e-40c7-9e4e-fc27c938bb11</sln:wojIIPId><sln:wojIIPPn>PL.PZGIK.200</sln:wojIIPPn><sln:wojIIPWersja>2017-10-10T00:00:00+02:00</sln:wojIIPWersja><sln:wojIdTeryt>18</sln:wojIdTeryt><sln:wojNazwa>podkarpackie</sln:wojNazwa></sln:miejscowosc><sln:miejscowosc><sln:cyklZyciaOd>2016-11-26T00:00:00+01:00</sln:cyklZyciaOd><sln:gmIIPId>09898159-9f02-481d-ac43-8ddb230be5e1</sln:gmIIPId><sln:gmIIPPn>PL.PZGIK.200</sln:gmIIPPn><sln:gmIIPWersja>2012-09-26T22:01:42+02:00</sln:gmIIPWersja><sln:gmIdTeryt>1813032</sln:gmIdTeryt><sln:gmNazwa>Fredropol</sln:gmNazwa><sln:miejscIIPId>6c5a935f-aa3b-48aa-a393-1e97b282af5f</sln:miejscIIPId><sln:miejscIIPPn>PL.PZGIK.200</sln:miejscIIPPn><sln:miejscIIPWersja>2016-11-26T20:25:56+02:00</sln:miejscIIPWersja><sln:miejscIdTeryt>0602377</sln:miejscIdTeryt><sln:miejscNazwa>Koniuszki</sln:miejscNazwa><sln:miejscRodzaj>Wieś</sln:miejscRodzaj><sln:powIIPId>f322275e-1c48-431f-889e-8bb0ccb46e81</sln:powIIPId><sln:powIIPPn>PL.PZGIK.200</sln:powIIPPn><sln:powIIPWersja>2012-09-27T08:01:01+02:00</sln:powIIPWersja><sln:powIdTeryt>1813</sln:powIdTeryt><sln:powNazwa>przemyski</sln:powNazwa><sln:wojIIPId>833fe14b-fe8e-40c7-9e4e-fc27c938bb11</sln:wojIIPId><sln:wojIIPPn>PL.PZGIK.200</sln:wojIIPPn><sln:wojIIPWersja>2017-10-10T00:00:00+02:00</sln:wojIIPWersja><sln:wojIdTeryt>18</sln:wojIdTeryt><sln:wojNazwa>podkarpackie</sln:wojNazwa></sln:miejscowosc><sln:miejscowosc><sln:cyklZyciaOd>2016-11-26T00:00:00+01:00</sln:cyklZyciaOd><sln:gmIIPId>09898159-9f02-481d-ac43-8ddb230be5e1</sln:gmIIPId><sln:gmIIPPn>PL.PZGIK.200</sln:gmIIPPn><sln:gmIIPWersja>2012-09-26T22:01:42+02:00</sln:gmIIPWersja><sln:gmIdTeryt>1813032</sln:gmIdTeryt><sln:gmNazwa>Fredropol</sln:gmNazwa><sln:miejscIIPId>592371cf-382e-4576-9f7f-8affeca8a569</sln:miejscIIPId><sln:miejscIIPPn>PL.PZGIK.200</sln:miejscIIPPn><sln:miejscIIPWersja>2016-11-26T20:25:56+02:00</sln:miejscIIPWersja><sln:miejscIdTeryt>0602383</sln:miejscIdTeryt><sln:miejscNazwa>Kopysno</sln:miejscNazwa><sln:miejscRodzaj>Wieś</sln:miejscRodzaj><sln:powIIPId>f322275e-1c48-431f-889e-8bb0ccb46e81</sln:powIIPId><sln:powIIPPn>PL.PZGIK.200</sln:powIIPPn><sln:powIIPWersja>2012-09-27T08:01:01+02:00</sln:powIIPWersja><sln:powIdTeryt>1813</sln:powIdTeryt><sln:powNazwa>przemyski</sln:powNazwa><sln:wojIIPId>833fe14b-fe8e-40c7-9e4e-fc27c938bb11</sln:wojIIPId><sln:wojIIPPn>PL.PZGIK.200</sln:wojIIPPn><sln:wojIIPWersja>2017-10-10T00:00:00+02:00</sln:wojIIPWersja><sln:wojIdTeryt>18</sln:wojIdTeryt><sln:wojNazwa>podkarpackie</sln:wojNazwa></sln:miejscowosc><sln:miejscowosc><sln:cyklZyciaOd>2016-11-26T00:00:00+01:00</sln:cyklZyciaOd><sln:gmIIPId>09898159-9f02-481d-ac43-8ddb230be5e1</sln:gmIIPId><sln:gmIIPPn>PL.PZGIK.200</sln:gmIIPPn><sln:gmIIPWersja>2012-09-26T22:01:42+02:00</sln:gmIIPWersja><sln:gmIdTeryt>1813032</sln:gmIdTeryt><sln:gmNazwa>Fredropol</sln:gmNazwa><sln:miejscIIPId>78aa12e8-1f18-4695-a709-ac87a8944cd6</sln:miejscIIPId><sln:miejscIIPPn>PL.PZGIK.200</sln:miejscIIPPn><sln:miejscIIPWersja>2016-11-26T20:25:56+02:00</sln:miejscIIPWersja><sln:miejscIdTeryt>0602360</sln:miejscIdTeryt><sln:miejscNazwa>Koniusza</sln:miejscNazwa><sln:miejscRodzaj>Wieś</sln:miejscRodzaj><sln:powIIPId>f322275e-1c48-431f-889e-8bb0ccb46e81</sln:powIIPId><sln:powIIPPn>PL.PZGIK.200</sln:powIIPPn><sln:powIIPWersja>2012-09-27T08:01:01+02:00</sln:powIIPWersja><sln:powIdTeryt>1813</sln:powIdTeryt><sln:powNazwa>przemyski</sln:powNazwa><sln:wojIIPId>833fe14b-fe8e-40c7-9e4e-fc27c938bb11</sln:wojIIPId><sln:wojIIPPn>PL.PZGIK.200</sln:wojIIPPn><sln:wojIIPWersja>2017-10-10T00:00:00+02:00</sln:wojIIPWersja><sln:wojIdTeryt>18</sln:wojIdTeryt><sln:wojNazwa>podkarpackie</sln:wojNazwa></sln:miejscowosc><sln:miejscowosc><sln:cyklZyciaOd>2016-11-26T00:00:00+01:00</sln:cyklZyciaOd><sln:gmIIPId>09898159-9f02-481d-ac43-8ddb230be5e1</sln:gmIIPId><sln:gmIIPPn>PL.PZGIK.200</sln:gmIIPPn><sln:gmIIPWersja>2012-09-26T22:01:42+02:00</sln:gmIIPWersja><sln:gmIdTeryt>1813032</sln:gmIdTeryt><sln:gmNazwa>Fredropol</sln:gmNazwa><sln:miejscIIPId>159b6a88-5165-4856-aa56-accef99dbc86</sln:miejscIIPId><sln:miejscIIPPn>PL.PZGIK.200</sln:miejscIIPPn><sln:miejscIIPWersja>2016-11-26T20:25:56+02:00</sln:miejscIIPWersja><sln:miejscIdTeryt>3014136</sln:miejscIdTeryt><sln:miejscNazwa>Kolonia</sln:miejscNazwa><sln:miejscRodzaj>Przysiółek</sln:miejscRodzaj><sln:powIIPId>f322275e-1c48-431f-889e-8bb0ccb46e81</sln:powIIPId><sln:powIIPPn>PL.PZGIK.200</sln:powIIPPn><sln:powIIPWersja>2012-09-27T08:01:01+02:00</sln:powIIPWersja><sln:powIdTeryt>1813</sln:powIdTeryt><sln:powNazwa>przemyski</sln:powNazwa><sln:wojIIPId>833fe14b-fe8e-40c7-9e4e-fc27c938bb11</sln:wojIIPId><sln:wojIIPPn>PL.PZGIK.200</sln:wojIIPPn><sln:wojIIPWersja>2017-10-10T00:00:00+02:00</sln:wojIIPWersja><sln:wojIdTeryt>18</sln:wojIdTeryt><sln:wojNazwa>podkarpackie</sln:wojNazwa></sln:miejscowosc><sln:miejscowosc><sln:cyklZyciaOd>2016-11-26T00:00:00+01:00</sln:cyklZyciaOd><sln:gmIIPId>09898159-9f02-481d-ac43-8ddb230be5e1</sln:gmIIPId><sln:gmIIPPn>PL.PZGIK.200</sln:gmIIPPn><sln:gmIIPWersja>2012-09-26T22:01:42+02:00</sln:gmIIPWersja><sln:gmIdTeryt>1813032</sln:gmIdTeryt><sln:gmNazwa>Fredropol</sln:gmNazwa><sln:miejscIIPId>ac23d559-e4b0-49f0-84c1-ba9971ab3d6f</sln:miejscIIPId><sln:miejscIIPPn>PL.PZGIK.200</sln:miejscIIPPn><sln:miejscIIPWersja>2016-11-26T20:25:56+02:00</sln:miejscIIPWersja><sln:miejscIdTeryt>0602265</sln:miejscIdTeryt><sln:miejscNazwa>Kormanice</sln:miejscNazwa><sln:miejscRodzaj>Wieś</sln:miejscRodzaj><sln:powIIPId>f322275e-1c48-431f-889e-8bb0ccb46e81</sln:powIIPId><sln:powIIPPn>PL.PZGIK.200</sln:powIIPPn><sln:powIIPWersja>2012-09-27T08:01:01+02:00</sln:powIIPWersja><sln:powIdTeryt>1813</sln:powIdTeryt><sln:powNazwa>przemyski</sln:powNazwa><sln:wojIIPId>833fe14b-fe8e-40c7-9e4e-fc27c938bb11</sln:wojIIPId><sln:wojIIPPn>PL.PZGIK.200</sln:wojIIPPn><sln:wojIIPWersja>2017-10-10T00:00:00+02:00</sln:wojIIPWersja><sln:wojIdTeryt>18</sln:wojIdTeryt><sln:wojNazwa>podkarpackie</sln:wojNazwa></sln:miejscowosc><sln:miejscowosc><sln:cyklZyciaOd>2016-11-26T00:00:00+01:00</sln:cyklZyciaOd><sln:gmIIPId>09898159-9f02-481d-ac43-8ddb230be5e1</sln:gmIIPId><sln:gmIIPPn>PL.PZGIK.200</sln:gmIIPPn><sln:gmIIPWersja>2012-09-26T22:01:42+02:00</sln:gmIIPWersja><sln:gmIdTeryt>1813032</sln:gmIdTeryt><sln:gmNazwa>Fredropol</sln:gmNazwa><sln:miejscIIPId>5bd66232-2874-42e8-a831-9e3046a7adea</sln:miejscIIPId><sln:miejscIIPPn>PL.PZGIK.200</sln:miejscIIPPn><sln:miejscIIPWersja>2016-11-26T20:25:56+02:00</sln:miejscIIPWersja><sln:miejscIdTeryt>0602390</sln:miejscIdTeryt><sln:miejscNazwa>Kupiatycze</sln:miejscNazwa><sln:miejscRodzaj>Wieś</sln:miejscRodzaj><sln:powIIPId>f322275e-1c48-431f-889e-8bb0ccb46e81</sln:powIIPId><sln:powIIPPn>PL.PZGIK.200</sln:powIIPPn><sln:powIIPWersja>2012-09-27T08:01:01+02:00</sln:powIIPWersja><sln:powIdTeryt>1813</sln:powIdTeryt><sln:powNazwa>przemyski</sln:powNazwa><sln:wojIIPId>833fe14b-fe8e-40c7-9e4e-fc27c938bb11</sln:wojIIPId><sln:wojIIPPn>PL.PZGIK.200</sln:wojIIPPn><sln:wojIIPWersja>2017-10-10T00:00:00+02:00</sln:wojIIPWersja><sln:wojIdTeryt>18</sln:wojIdTeryt><sln:wojNazwa>podkarpackie</sln:wojNazwa></sln:miejscowosc><sln:miejscowosc><sln:cyklZyciaOd>2016-11-26T00:00:00+01:00</sln:cyklZyciaOd><sln:gmIIPId>09898159-9f02-481d-ac43-8ddb230be5e1</sln:gmIIPId><sln:gmIIPPn>PL.PZGIK.200</sln:gmIIPPn><sln:gmIIPWersja>2012-09-26T22:01:42+02:00</sln:gmIIPWersja><sln:gmIdTeryt>1813032</sln:gmIdTeryt><sln:gmNazwa>Fredropol</sln:gmNazwa><sln:miejscIIPId>99507af1-9ce7-4e02-a5e2-54e4033bf24d</sln:miejscIIPId><sln:miejscIIPPn>PL.PZGIK.200</sln:miejscIIPPn><sln:miejscIIPWersja>2016-11-26T20:25:56+02:00</sln:miejscIIPWersja><sln:miejscIdTeryt>0602408</sln:miejscIdTeryt><sln:miejscNazwa>Leszczyny</sln:miejscNazwa><sln:miejscRodzaj>Wieś</sln:miejscRodzaj><sln:powIIPId>f322275e-1c48-431f-889e-8bb0ccb46e81</sln:powIIPId><sln:powIIPPn>PL.PZGIK.200</sln:powIIPPn><sln:powIIPWersja>2012-09-27T08:01:01+02:00</sln:powIIPWersja><sln:powIdTeryt>1813</sln:powIdTeryt><sln:powNazwa>przemyski</sln:powNazwa><sln:wojIIPId>833fe14b-fe8e-40c7-9e4e-fc27c938bb11</sln:wojIIPId><sln:wojIIPPn>PL.PZGIK.200</sln:wojIIPPn><sln:wojIIPWersja>2017-10-10T00:00:00+02:00</sln:wojIIPWersja><sln:wojIdTeryt>18</sln:wojIdTeryt><sln:wojNazwa>podkarpackie</sln:wojNazwa></sln:miejscowosc><sln:miejscowosc><sln:cyklZyciaOd>2016-11-26T00:00:00+01:00</sln:cyklZyciaOd><sln:gmIIPId>09898159-9f02-481d-ac43-8ddb230be5e1</sln:gmIIPId><sln:gmIIPPn>PL.PZGIK.200</sln:gmIIPPn><sln:gmIIPWersja>2012-09-26T22:01:42+02:00</sln:gmIIPWersja><sln:gmIdTeryt>1813032</sln:gmIdTeryt><sln:gmNazwa>Fredropol</sln:gmNazwa><sln:miejscIIPId>b1802871-8bc7-4a77-b9f6-d0c3ea622485</sln:miejscIIPId><sln:miejscIIPPn>PL.PZGIK.200</sln:miejscIIPPn><sln:miejscIIPWersja>2016-11-26T20:25:56+02:00</sln:miejscIIPWersja><sln:miejscIdTeryt>0602420</sln:miejscIdTeryt><sln:miejscNazwa>Makowa</sln:miejscNazwa><sln:miejscRodzaj>Wieś</sln:miejscRodzaj><sln:powIIPId>f322275e-1c48-431f-889e-8bb0ccb46e81</sln:powIIPId><sln:powIIPPn>PL.PZGIK.200</sln:powIIPPn><sln:powIIPWersja>2012-09-27T08:01:01+02:00</sln:powIIPWersja><sln:powIdTeryt>1813</sln:powIdTeryt><sln:powNazwa>przemyski</sln:powNazwa><sln:wojIIPId>833fe14b-fe8e-40c7-9e4e-fc27c938bb11</sln:wojIIPId><sln:wojIIPPn>PL.PZGIK.200</sln:wojIIPPn><sln:wojIIPWersja>2017-10-10T00:00:00+02:00</sln:wojIIPWersja><sln:wojIdTeryt>18</sln:wojIdTeryt><sln:wojNazwa>podkarpackie</sln:wojNazwa></sln:miejscowosc><sln:miejscowosc><sln:cyklZyciaOd>2016-11-26T00:00:00+01:00</sln:cyklZyciaOd><sln:gmIIPId>09898159-9f02-481d-ac43-8ddb230be5e1</sln:gmIIPId><sln:gmIIPPn>PL.PZGIK.200</sln:gmIIPPn><sln:gmIIPWersja>2012-09-26T22:01:42+02:00</sln:gmIIPWersja><sln:gmIdTeryt>1813032</sln:gmIdTeryt><sln:gmNazwa>Fredropol</sln:gmNazwa><sln:miejscIIPId>fbd790cf-b334-4aec-a310-0eb8d95136a2</sln:miejscIIPId><sln:miejscIIPPn>PL.PZGIK.200</sln:miejscIIPPn><sln:miejscIIPWersja>2016-11-26T20:25:56+02:00</sln:miejscIIPWersja><sln:miejscIdTeryt>0602466</sln:miejscIdTeryt><sln:miejscNazwa>Młodowice</sln:miejscNazwa><sln:miejscRodzaj>Wieś</sln:miejscRodzaj><sln:powIIPId>f322275e-1c48-431f-889e-8bb0ccb46e81</sln:powIIPId><sln:powIIPPn>PL.PZGIK.200</sln:powIIPPn><sln:powIIPWersja>2012-09-27T08:01:01+02:00</sln:powIIPWersja><sln:powIdTeryt>1813</sln:powIdTeryt><sln:powNazwa>przemyski</sln:powNazwa><sln:wojIIPId>833fe14b-fe8e-40c7-9e4e-fc27c938bb11</sln:wojIIPId><sln:wojIIPPn>PL.PZGIK.200</sln:wojIIPPn><sln:wojIIPWersja>2017-10-10T00:00:00+02:00</sln:wojIIPWersja><sln:wojIdTeryt>18</sln:wojIdTeryt><sln:wojNazwa>podkarpackie</sln:wojNazwa></sln:miejscowosc><sln:miejscowosc><sln:cyklZyciaOd>2016-11-26T00:00:00+01:00</sln:cyklZyciaOd><sln:gmIIPId>09898159-9f02-481d-ac43-8ddb230be5e1</sln:gmIIPId><sln:gmIIPPn>PL.PZGIK.200</sln:gmIIPPn><sln:gmIIPWersja>2012-09-26T22:01:42+02:00</sln:gmIIPWersja><sln:gmIdTeryt>1813032</sln:gmIdTeryt><sln:gmNazwa>Fredropol</sln:gmNazwa><sln:miejscIIPId>94c12277-05ec-48f5-bdda-1dd6572e9284</sln:miejscIIPId><sln:miejscIIPPn>PL.PZGIK.200</sln:miejscIIPPn><sln:miejscIIPWersja>2016-11-26T20:25:57+02:00</sln:miejscIIPWersja><sln:miejscIdTeryt>0602472</sln:miejscIdTeryt><sln:miejscNazwa>Nowe Sady</sln:miejscNazwa><sln:miejscRodzaj>Wieś</sln:miejscRodzaj><sln:powIIPId>f322275e-1c48-431f-889e-8bb0ccb46e81</sln:powIIPId><sln:powIIPPn>PL.PZGIK.200</sln:powIIPPn><sln:powIIPWersja>2012-09-27T08:01:01+02:00</sln:powIIPWersja><sln:powIdTeryt>1813</sln:powIdTeryt><sln:powNazwa>przemyski</sln:powNazwa><sln:wojIIPId>833fe14b-fe8e-40c7-9e4e-fc27c938bb11</sln:wojIIPId><sln:wojIIPPn>PL.PZGIK.200</sln:wojIIPPn><sln:wojIIPWersja>2017-10-10T00:00:00+02:00</sln:wojIIPWersja><sln:wojIdTeryt>18</sln:wojIdTeryt><sln:wojNazwa>podkarpackie</sln:wojNazwa></sln:miejscowosc><sln:miejscowosc><sln:cyklZyciaOd>2016-11-26T00:00:00+01:00</sln:cyklZyciaOd><sln:gmIIPId>09898159-9f02-481d-ac43-8ddb230be5e1</sln:gmIIPId><sln:gmIIPPn>PL.PZGIK.200</sln:gmIIPPn><sln:gmIIPWersja>2012-09-26T22:01:42+02:00</sln:gmIIPWersja><sln:gmIdTeryt>1813032</sln:gmIdTeryt><sln:gmNazwa>Fredropol</sln:gmNazwa><sln:miejscIIPId>781b719e-e70d-4cb6-afb0-5160c26edc0a</sln:miejscIIPId><sln:miejscIIPPn>PL.PZGIK.200</sln:miejscIIPPn><sln:miejscIIPWersja>2016-11-26T20:25:57+02:00</sln:miejscIIPWersja><sln:miejscIdTeryt>0602526</sln:miejscIdTeryt><sln:miejscNazwa>Nowosiółki Dydyńskie</sln:miejscNazwa><sln:miejscRodzaj>Wieś</sln:miejscRodzaj><sln:powIIPId>f322275e-1c48-431f-889e-8bb0ccb46e81</sln:powIIPId><sln:powIIPPn>PL.PZGIK.200</sln:powIIPPn><sln:powIIPWersja>2012-09-27T08:01:01+02:00</sln:powIIPWersja><sln:powIdTeryt>1813</sln:powIdTeryt><sln:powNazwa>przemyski</sln:powNazwa><sln:wojIIPId>833fe14b-fe8e-40c7-9e4e-fc27c938bb11</sln:wojIIPId><sln:wojIIPPn>PL.PZGIK.200</sln:wojIIPPn><sln:wojIIPWersja>2017-10-10T00:00:00+02:00</sln:wojIIPWersja><sln:wojIdTeryt>18</sln:wojIdTeryt><sln:wojNazwa>podkarpackie</sln:wojNazwa></sln:miejscowosc><sln:miejscowosc><sln:cyklZyciaOd>2016-11-26T00:00:00+01:00</sln:cyklZyciaOd><sln:gmIIPId>09898159-9f02-481d-ac43-8ddb230be5e1</sln:gmIIPId><sln:gmIIPPn>PL.PZGIK.200</sln:gmIIPPn><sln:gmIIPWersja>2012-09-26T22:01:42+02:00</sln:gmIIPWersja><sln:gmIdTeryt>1813032</sln:gmIdTeryt><sln:gmNazwa>Fredropol</sln:gmNazwa><sln:miejscIIPId>53fc1c0f-b472-454d-a8ed-a23637124f86</sln:miejscIIPId><sln:miejscIIPPn>PL.PZGIK.200</sln:miejscIIPPn><sln:miejscIIPWersja>2016-11-26T20:25:57+02:00</sln:miejscIIPWersja><sln:miejscIdTeryt>0602242</sln:miejscIdTeryt><sln:miejscNIIPId>ca35d371-6561-4678-a205-d92af2a8662a</sln:miejscNIIPId><sln:miejscNIIPPn>PL.PZGIK.200</sln:miejscNIIPPn><sln:miejscNIIPWersja>2016-11-26T20:25:55+02:00</sln:miejscNIIPWersja><sln:miejscNIdTeryt>0602236</sln:miejscNIdTeryt><sln:miejscNNazwa>Darowice</sln:miejscNNazwa><sln:miejscNRodzaj>Wieś</sln:miejscNRodzaj><sln:miejscNazwa>Kolonia Darowicka</sln:miejscNazwa><sln:miejscRodzaj>Inny obiekt</sln:miejscRodzaj><sln:powIIPId>f322275e-1c48-431f-889e-8bb0ccb46e81</sln:powIIPId><sln:powIIPPn>PL.PZGIK.200</sln:powIIPPn><sln:powIIPWersja>2012-09-27T08:01:01+02:00</sln:powIIPWersja><sln:powIdTeryt>1813</sln:powIdTeryt><sln:powNazwa>przemyski</sln:powNazwa><sln:wojIIPId>833fe14b-fe8e-40c7-9e4e-fc27c938bb11</sln:wojIIPId><sln:wojIIPPn>PL.PZGIK.200</sln:wojIIPPn><sln:wojIIPWersja>2017-10-10T00:00:00+02:00</sln:wojIIPWersja><sln:wojIdTeryt>18</sln:wojIdTeryt><sln:wojNazwa>podkarpackie</sln:wojNazwa></sln:miejscowosc><sln:miejscowosc><sln:cyklZyciaOd>2016-11-26T00:00:00+01:00</sln:cyklZyciaOd><sln:gmIIPId>09898159-9f02-481d-ac43-8ddb230be5e1</sln:gmIIPId><sln:gmIIPPn>PL.PZGIK.200</sln:gmIIPPn><sln:gmIIPWersja>2012-09-26T22:01:42+02:00</sln:gmIIPWersja><sln:gmIdTeryt>1813032</sln:gmIdTeryt><sln:gmNazwa>Fredropol</sln:gmNazwa><sln:miejscIIPId>030a2bf5-f1ae-426e-877a-2821ae60c5a5</sln:miejscIIPId><sln:miejscIIPPn>PL.PZGIK.200</sln:miejscIIPPn><sln:miejscIIPWersja>2016-11-26T20:25:57+02:00</sln:miejscIIPWersja><sln:miejscIdTeryt>0602220</sln:miejscIdTeryt><sln:miejscNIIPId>ddda5635-2bf5-4a44-a0be-9dfee1f62a8c</sln:miejscNIIPId><sln:miejscNIIPPn>PL.PZGIK.200</sln:miejscNIIPPn><sln:miejscNIIPWersja>2016-11-26T20:25:55+02:00</sln:miejscNIIPWersja><sln:miejscNIdTeryt>0602207</sln:miejscNIdTeryt><sln:miejscNNazwa>Aksmanice</sln:miejscNNazwa><sln:miejscNRodzaj>Wieś</sln:miejscNRodzaj><sln:miejscNazwa>Gaj</sln:miejscNazwa><sln:miejscRodzaj>Inny obiekt</sln:miejscRodzaj><sln:powIIPId>f322275e-1c48-431f-889e-8bb0ccb46e81</sln:powIIPId><sln:powIIPPn>PL.PZGIK.200</sln:powIIPPn><sln:powIIPWersja>2012-09-27T08:01:01+02:00</sln:powIIPWersja><sln:powIdTeryt>1813</sln:powIdTeryt><sln:powNazwa>przemyski</sln:powNazwa><sln:wojIIPId>833fe14b-fe8e-40c7-9e4e-fc27c938bb11</sln:wojIIPId><sln:wojIIPPn>PL.PZGIK.200</sln:wojIIPPn><sln:wojIIPWersja>2017-10-10T00:00:00+02:00</sln:wojIIPWersja><sln:wojIdTeryt>18</sln:wojIdTeryt><sln:wojNazwa>podkarpackie</sln:wojNazwa></sln:miejscowosc><sln:miejscowosc><sln:cyklZyciaOd>2016-11-26T00:00:00+01:00</sln:cyklZyciaOd><sln:gmIIPId>09898159-9f02-481d-ac43-8ddb230be5e1</sln:gmIIPId><sln:gmIIPPn>PL.PZGIK.200</sln:gmIIPPn><sln:gmIIPWersja>2012-09-26T22:01:42+02:00</sln:gmIIPWersja><sln:gmIdTeryt>1813032</sln:gmIdTeryt><sln:gmNazwa>Fredropol</sln:gmNazwa><sln:miejscIIPId>b880c270-d51a-477b-b691-8f912d09294e</sln:miejscIIPId><sln:miejscIIPPn>PL.PZGIK.200</sln:miejscIIPPn><sln:miejscIIPWersja>2016-11-26T20:25:57+02:00</sln:miejscIIPWersja><sln:miejscIdTeryt>0602213</sln:miejscIdTeryt><sln:miejscNIIPId>ddda5635-2bf5-4a44-a0be-9dfee1f62a8c</sln:miejscNIIPId><sln:miejscNIIPPn>PL.PZGIK.200</sln:miejscNIIPPn><sln:miejscNIIPWersja>2016-11-26T20:25:55+02:00</sln:miejscNIIPWersja><sln:miejscNIdTeryt>0602207</sln:miejscNIdTeryt><sln:miejscNNazwa>Aksmanice</sln:miejscNNazwa><sln:miejscNRodzaj>Wieś</sln:miejscNRodzaj><sln:miejscNazwa>Berendowice</sln:miejscNazwa><sln:miejscRodzaj>Inny obiekt</sln:miejscRodzaj><sln:powIIPId>f322275e-1c48-431f-889e-8bb0ccb46e81</sln:powIIPId><sln:powIIPPn>PL.PZGIK.200</sln:powIIPPn><sln:powIIPWersja>2012-09-27T08:01:01+02:00</sln:powIIPWersja><sln:powIdTeryt>1813</sln:powIdTeryt><sln:powNazwa>przemyski</sln:powNazwa><sln:wojIIPId>833fe14b-fe8e-40c7-9e4e-fc27c938bb11</sln:wojIIPId><sln:wojIIPPn>PL.PZGIK.200</sln:wojIIPPn><sln:wojIIPWersja>2017-10-10T00:00:00+02:00</sln:wojIIPWersja><sln:wojIdTeryt>18</sln:wojIdTeryt><sln:wojNazwa>podkarpackie</sln:wojNazwa></sln:miejscowosc><sln:miejscowosc><sln:cyklZyciaOd>2016-11-26T00:00:00+01:00</sln:cyklZyciaOd><sln:gmIIPId>09898159-9f02-481d-ac43-8ddb230be5e1</sln:gmIIPId><sln:gmIIPPn>PL.PZGIK.200</sln:gmIIPPn><sln:gmIIPWersja>2012-09-26T22:01:42+02:00</sln:gmIIPWersja><sln:gmIdTeryt>1813032</sln:gmIdTeryt><sln:gmNazwa>Fredropol</sln:gmNazwa><sln:miejscIIPId>69a8af66-874f-4709-9a23-69d3dfa46505</sln:miejscIIPId><sln:miejscIIPPn>PL.PZGIK.200</sln:miejscIIPPn><sln:miejscIIPWersja>2016-11-26T20:25:57+02:00</sln:miejscIIPWersja><sln:miejscIdTeryt>0602294</sln:miejscIdTeryt><sln:miejscNIIPId>7c4f5d15-29ed-4185-866d-ed4f36883464</sln:miejscNIIPId><sln:miejscNIIPPn>PL.PZGIK.200</sln:miejscNIIPPn><sln:miejscNIIPWersja>2016-11-26T20:25:56+02:00</sln:miejscNIIPWersja><sln:miejscNIdTeryt>0602288</sln:miejscNIdTeryt><sln:miejscNNazwa>Huwniki</sln:miejscNNazwa><sln:miejscNRodzaj>Wieś</sln:miejscNRodzaj><sln:miejscNazwa>Pod Cerkwią</sln:miejscNazwa><sln:miejscRodzaj>Inny obiekt</sln:miejscRodzaj><sln:powIIPId>f322275e-1c48-431f-889e-8bb0ccb46e81</sln:powIIPId><sln:powIIPPn>PL.PZGIK.200</sln:powIIPPn><sln:powIIPWersja>2012-09-27T08:01:01+02:00</sln:powIIPWersja><sln:powIdTeryt>1813</sln:powIdTeryt><sln:powNazwa>przemyski</sln:powNazwa><sln:wojIIPId>833fe14b-fe8e-40c7-9e4e-fc27c938bb11</sln:wojIIPId><sln:wojIIPPn>PL.PZGIK.200</sln:wojIIPPn><sln:wojIIPWersja>2017-10-10T00:00:00+02:00</sln:wojIIPWersja><sln:wojIdTeryt>18</sln:wojIdTeryt><sln:wojNazwa>podkarpackie</sln:wojNazwa></sln:miejscowosc><sln:miejscowosc><sln:cyklZyciaOd>2016-11-26T00:00:00+01:00</sln:cyklZyciaOd><sln:gmIIPId>09898159-9f02-481d-ac43-8ddb230be5e1</sln:gmIIPId><sln:gmIIPPn>PL.PZGIK.200</sln:gmIIPPn><sln:gmIIPWersja>2012-09-26T22:01:42+02:00</sln:gmIIPWersja><sln:gmIdTeryt>1813032</sln:gmIdTeryt><sln:gmNazwa>Fredropol</sln:gmNazwa><sln:miejscIIPId>b323208c-9929-4fd0-a057-0204911a62c1</sln:miejscIIPId><sln:miejscIIPPn>PL.PZGIK.200</sln:miejscIIPPn><sln:miejscIIPWersja>2016-11-26T20:25:57+02:00</sln:miejscIIPWersja><sln:miejscIdTeryt>0602319</sln:miejscIdTeryt><sln:miejscNIIPId>f3ec4b75-94ad-44a2-a4fd-9cbdb85e27d9</sln:miejscNIIPId><sln:miejscNIIPPn>PL.PZGIK.200</sln:miejscNIIPPn><sln:miejscNIIPWersja>2016-11-26T20:25:56+02:00</sln:miejscNIIPWersja><sln:miejscNIdTeryt>0602302</sln:miejscNIdTeryt><sln:miejscNNazwa>Kalwaria Pacławska</sln:miejscNNazwa><sln:miejscNRodzaj>Wieś</sln:miejscNRodzaj><sln:miejscNazwa>Pacław</sln:miejscNazwa><sln:miejscRodzaj>Inny obiekt</sln:miejscRodzaj><sln:powIIPId>f322275e-1c48-431f-889e-8bb0ccb46e81</sln:powIIPId><sln:powIIPPn>PL.PZGIK.200</sln:powIIPPn><sln:powIIPWersja>2012-09-27T08:01:01+02:00</sln:powIIPWersja><sln:powIdTeryt>1813</sln:powIdTeryt><sln:powNazwa>przemyski</sln:powNazwa><sln:wojIIPId>833fe14b-fe8e-40c7-9e4e-fc27c938bb11</sln:wojIIPId><sln:wojIIPPn>PL.PZGIK.200</sln:wojIIPPn><sln:wojIIPWersja>2017-10-10T00:00:00+02:00</sln:wojIIPWersja><sln:wojIdTeryt>18</sln:wojIdTeryt><sln:wojNazwa>podkarpackie</sln:wojNazwa></sln:miejscowosc><sln:miejscowosc><sln:cyklZyciaOd>2016-11-26T00:00:00+01:00</sln:cyklZyciaOd><sln:gmIIPId>09898159-9f02-481d-ac43-8ddb230be5e1</sln:gmIIPId><sln:gmIIPPn>PL.PZGIK.200</sln:gmIIPPn><sln:gmIIPWersja>2012-09-26T22:01:42+02:00</sln:gmIIPWersja><sln:gmIdTeryt>1813032</sln:gmIdTeryt><sln:gmNazwa>Fredropol</sln:gmNazwa><sln:miejscIIPId>fa8a709e-7f65-429f-8979-65b5f9483a8e</sln:miejscIIPId><sln:miejscIIPPn>PL.PZGIK.200</sln:miejscIIPPn><sln:miejscIIPWersja>2016-11-26T20:25:57+02:00</sln:miejscIIPWersja><sln:miejscIdTeryt>0602348</sln:miejscIdTeryt><sln:miejscNIIPId>0ab7211a-aa79-4ab9-a783-617d440dd7db</sln:miejscNIIPId><sln:miejscNIIPPn>PL.PZGIK.200</sln:miejscNIIPPn><sln:miejscNIIPWersja>2016-11-26T20:25:56+02:00</sln:miejscNIIPWersja><sln:miejscNIdTeryt>0602331</sln:miejscNIdTeryt><sln:miejscNNazwa>Kniażyce</sln:miejscNNazwa><sln:miejscNRodzaj>Wieś</sln:miejscNRodzaj><sln:miejscNazwa>Kolonia Kniażycka</sln:miejscNazwa><sln:miejscRodzaj>Inny obiekt</sln:miejscRodzaj><sln:powIIPId>f322275e-1c48-431f-889e-8bb0ccb46e81</sln:powIIPId><sln:powIIPPn>PL.PZGIK.200</sln:powIIPPn><sln:powIIPWersja>2012-09-27T08:01:01+02:00</sln:powIIPWersja><sln:powIdTeryt>1813</sln:powIdTeryt><sln:powNazwa>przemyski</sln:powNazwa><sln:wojIIPId>833fe14b-fe8e-40c7-9e4e-fc27c938bb11</sln:wojIIPId><sln:wojIIPPn>PL.PZGIK.200</sln:wojIIPPn><sln:wojIIPWersja>2017-10-10T00:00:00+02:00</sln:wojIIPWersja><sln:wojIdTeryt>18</sln:wojIdTeryt><sln:wojNazwa>podkarpackie</sln:wojNazwa></sln:miejscowosc><sln:miejscowosc><sln:cyklZyciaOd>2016-11-26T00:00:00+01:00</sln:cyklZyciaOd><sln:gmIIPId>09898159-9f02-481d-ac43-8ddb230be5e1</sln:gmIIPId><sln:gmIIPPn>PL.PZGIK.200</sln:gmIIPPn><sln:gmIIPWersja>2012-09-26T22:01:42+02:00</sln:gmIIPWersja><sln:gmIdTeryt>1813032</sln:gmIdTeryt><sln:gmNazwa>Fredropol</sln:gmNazwa><sln:miejscIIPId>95d407e4-845e-4bf9-9f54-22b16d507749</sln:miejscIIPId><sln:miejscIIPPn>PL.PZGIK.200</sln:miejscIIPPn><sln:miejscIIPWersja>2016-11-26T20:25:57+02:00</sln:miejscIIPWersja><sln:miejscIdTeryt>0602450</sln:miejscIdTeryt><sln:miejscNIIPId>b1802871-8bc7-4a77-b9f6-d0c3ea622485</sln:miejscNIIPId><sln:miejscNIIPPn>PL.PZGIK.200</sln:miejscNIIPPn><sln:miejscNIIPWersja>2016-11-26T20:25:56+02:00</sln:miejscNIIPWersja><sln:miejscNIdTeryt>0602420</sln:miejscNIdTeryt><sln:miejscNNazwa>Makowa</sln:miejscNNazwa><sln:miejscNRodzaj>Wieś</sln:miejscNRodzaj><sln:miejscNazwa>Makowa Rustykalna</sln:miejscNazwa><sln:miejscRodzaj>Inny obiekt</sln:miejscRodzaj><sln:powIIPId>f322275e-1c48-431f-889e-8bb0ccb46e81</sln:powIIPId><sln:powIIPPn>PL.PZGIK.200</sln:powIIPPn><sln:powIIPWersja>2012-09-27T08:01:01+02:00</sln:powIIPWersja><sln:powIdTeryt>1813</sln:powIdTeryt><sln:powNazwa>przemyski</sln:powNazwa><sln:wojIIPId>833fe14b-fe8e-40c7-9e4e-fc27c938bb11</sln:wojIIPId><sln:wojIIPPn>PL.PZGIK.200</sln:wojIIPPn><sln:wojIIPWersja>2017-10-10T00:00:00+02:00</sln:wojIIPWersja><sln:wojIdTeryt>18</sln:wojIdTeryt><sln:wojNazwa>podkarpackie</sln:wojNazwa></sln:miejscowosc><sln:miejscowosc><sln:cyklZyciaOd>2016-11-26T00:00:00+01:00</sln:cyklZyciaOd><sln:gmIIPId>09898159-9f02-481d-ac43-8ddb230be5e1</sln:gmIIPId><sln:gmIIPPn>PL.PZGIK.200</sln:gmIIPPn><sln:gmIIPWersja>2012-09-26T22:01:42+02:00</sln:gmIIPWersja><sln:gmIdTeryt>1813032</sln:gmIdTeryt><sln:gmNazwa>Fredropol</sln:gmNazwa><sln:miejscIIPId>d894bdae-76b5-4dd1-bde5-9f7c2fb89b3a</sln:miejscIIPId><sln:miejscIIPPn>PL.PZGIK.200</sln:miejscIIPPn><sln:miejscIIPWersja>2016-11-26T20:25:57+02:00</sln:miejscIIPWersja><sln:miejscIdTeryt>0602495</sln:miejscIdTeryt><sln:miejscNIIPId>94c12277-05ec-48f5-bdda-1dd6572e9284</sln:miejscNIIPId><sln:miejscNIIPPn>PL.PZGIK.200</sln:miejscNIIPPn><sln:miejscNIIPWersja>2016-11-26T20:25:57+02:00</sln:miejscNIIPWersja><sln:miejscNIdTeryt>0602472</sln:miejscNIdTeryt><sln:miejscNNazwa>Nowe Sady</sln:miejscNNazwa><sln:miejscNRodzaj>Wieś</sln:miejscNRodzaj><sln:miejscNazwa>Siedliska</sln:miejscNazwa><sln:miejscRodzaj>Inny obiekt</sln:miejscRodzaj><sln:powIIPId>f322275e-1c48-431f-889e-8bb0ccb46e81</sln:powIIPId><sln:powIIPPn>PL.PZGIK.200</sln:powIIPPn><sln:powIIPWersja>2012-09-27T08:01:01+02:00</sln:powIIPWersja><sln:powIdTeryt>1813</sln:powIdTeryt><sln:powNazwa>przemyski</sln:powNazwa><sln:wojIIPId>833fe14b-fe8e-40c7-9e4e-fc27c938bb11</sln:wojIIPId><sln:wojIIPPn>PL.PZGIK.200</sln:wojIIPPn><sln:wojIIPWersja>2017-10-10T00:00:00+02:00</sln:wojIIPWersja><sln:wojIdTeryt>18</sln:wojIdTeryt><sln:wojNazwa>podkarpackie</sln:wojNazwa></sln:miejscowosc><sln:miejscowosc><sln:cyklZyciaOd>2016-11-26T00:00:00+01:00</sln:cyklZyciaOd><sln:gmIIPId>09898159-9f02-481d-ac43-8ddb230be5e1</sln:gmIIPId><sln:gmIIPPn>PL.PZGIK.200</sln:gmIIPPn><sln:gmIIPWersja>2012-09-26T22:01:42+02:00</sln:gmIIPWersja><sln:gmIdTeryt>1813032</sln:gmIdTeryt><sln:gmNazwa>Fredropol</sln:gmNazwa><sln:miejscIIPId>84e04e44-b4e0-44d9-862f-c154c0e6f9bd</sln:miejscIIPId><sln:miejscIIPPn>PL.PZGIK.200</sln:miejscIIPPn><sln:miejscIIPWersja>2016-11-26T20:25:57+02:00</sln:miejscIIPWersja><sln:miejscIdTeryt>0602510</sln:miejscIdTeryt><sln:miejscNIIPId>94c12277-05ec-48f5-bdda-1dd6572e9284</sln:miejscNIIPId><sln:miejscNIIPPn>PL.PZGIK.200</sln:miejscNIIPPn><sln:miejscNIIPWersja>2016-11-26T20:25:57+02:00</sln:miejscNIIPWersja><sln:miejscNIdTeryt>0602472</sln:miejscNIdTeryt><sln:miejscNNazwa>Nowe Sady</sln:miejscNNazwa><sln:miejscNRodzaj>Wieś</sln:miejscNRodzaj><sln:miejscNazwa>Zawiar</sln:miejscNazwa><sln:miejscRodzaj>Inny obiekt</sln:miejscRodzaj><sln:powIIPId>f322275e-1c48-431f-889e-8bb0ccb46e81</sln:powIIPId><sln:powIIPPn>PL.PZGIK.200</sln:powIIPPn><sln:powIIPWersja>2012-09-27T08:01:01+02:00</sln:powIIPWersja><sln:powIdTeryt>1813</sln:powIdTeryt><sln:powNazwa>przemyski</sln:powNazwa><sln:wojIIPId>833fe14b-fe8e-40c7-9e4e-fc27c938bb11</sln:wojIIPId><sln:wojIIPPn>PL.PZGIK.200</sln:wojIIPPn><sln:wojIIPWersja>2017-10-10T00:00:00+02:00</sln:wojIIPWersja><sln:wojIdTeryt>18</sln:wojIdTeryt><sln:wojNazwa>podkarpackie</sln:wojNazwa></sln:miejscowosc><sln:miejscowosc><sln:cyklZyciaOd>2016-11-26T00:00:00+01:00</sln:cyklZyciaOd><sln:gmIIPId>09898159-9f02-481d-ac43-8ddb230be5e1</sln:gmIIPId><sln:gmIIPPn>PL.PZGIK.200</sln:gmIIPPn><sln:gmIIPWersja>2012-09-26T22:01:42+02:00</sln:gmIIPWersja><sln:gmIdTeryt>1813032</sln:gmIdTeryt><sln:gmNazwa>Fredropol</sln:gmNazwa><sln:miejscIIPId>03415588-b50f-439c-95c8-96b4bebd688f</sln:miejscIIPId><sln:miejscIIPPn>PL.PZGIK.200</sln:miejscIIPPn><sln:miejscIIPWersja>2016-11-26T20:25:57+02:00</sln:miejscIIPWersja><sln:miejscIdTeryt>0602489</sln:miejscIdTeryt><sln:miejscNIIPId>94c12277-05ec-48f5-bdda-1dd6572e9284</sln:miejscNIIPId><sln:miejscNIIPPn>PL.PZGIK.200</sln:miejscNIIPPn><sln:miejscNIIPWersja>2016-11-26T20:25:57+02:00</sln:miejscNIIPWersja><sln:miejscNIdTeryt>0602472</sln:miejscNIdTeryt><sln:miejscNNazwa>Nowe Sady</sln:miejscNNazwa><sln:miejscNRodzaj>Wieś</sln:miejscNRodzaj><sln:miejscNazwa>Młyny</sln:miejscNazwa><sln:miejscRodzaj>Inny obiekt</sln:miejscRodzaj><sln:powIIPId>f322275e-1c48-431f-889e-8bb0ccb46e81</sln:powIIPId><sln:powIIPPn>PL.PZGIK.200</sln:powIIPPn><sln:powIIPWersja>2012-09-27T08:01:01+02:00</sln:powIIPWersja><sln:powIdTeryt>1813</sln:powIdTeryt><sln:powNazwa>przemyski</sln:powNazwa><sln:wojIIPId>833fe14b-fe8e-40c7-9e4e-fc27c938bb11</sln:wojIIPId><sln:wojIIPPn>PL.PZGIK.200</sln:wojIIPPn><sln:wojIIPWersja>2017-10-10T00:00:00+02:00</sln:wojIIPWersja><sln:wojIdTeryt>18</sln:wojIdTeryt><sln:wojNazwa>podkarpackie</sln:wojNazwa></sln:miejscowosc><sln:miejscowosc><sln:cyklZyciaOd>2016-11-26T00:00:00+01:00</sln:cyklZyciaOd><sln:gmIIPId>09898159-9f02-481d-ac43-8ddb230be5e1</sln:gmIIPId><sln:gmIIPPn>PL.PZGIK.200</sln:gmIIPPn><sln:gmIIPWersja>2012-09-26T22:01:42+02:00</sln:gmIIPWersja><sln:gmIdTeryt>1813032</sln:gmIdTeryt><sln:gmNazwa>Fredropol</sln:gmNazwa><sln:miejscIIPId>0e1994ce-fc20-4dca-836a-b17e40e22561</sln:miejscIIPId><sln:miejscIIPPn>PL.PZGIK.200</sln:miejscIIPPn><sln:miejscIIPWersja>2016-11-26T20:25:57+02:00</sln:miejscIIPWersja><sln:miejscIdTeryt>0602503</sln:miejscIdTeryt><sln:miejscNIIPId>94c12277-05ec-48f5-bdda-1dd6572e9284</sln:miejscNIIPId><sln:miejscNIIPPn>PL.PZGIK.200</sln:miejscNIIPPn><sln:miejscNIIPWersja>2016-11-26T20:25:57+02:00</sln:miejscNIIPWersja><sln:miejscNIdTeryt>0602472</sln:miejscNIdTeryt><sln:miejscNNazwa>Nowe Sady</sln:miejscNNazwa><sln:miejscNRodzaj>Wieś</sln:miejscNRodzaj><sln:miejscNazwa>Sokołów Dobromilski</sln:miejscNazwa><sln:miejscRodzaj>Inny obiekt</sln:miejscRodzaj><sln:powIIPId>f322275e-1c48-431f-889e-8bb0ccb46e81</sln:powIIPId><sln:powIIPPn>PL.PZGIK.200</sln:powIIPPn><sln:powIIPWersja>2012-09-27T08:01:01+02:00</sln:powIIPWersja><sln:powIdTeryt>1813</sln:powIdTeryt><sln:powNazwa>przemyski</sln:powNazwa><sln:wojIIPId>833fe14b-fe8e-40c7-9e4e-fc27c938bb11</sln:wojIIPId><sln:wojIIPPn>PL.PZGIK.200</sln:wojIIPPn><sln:wojIIPWersja>2017-10-10T00:00:00+02:00</sln:wojIIPWersja><sln:wojIdTeryt>18</sln:wojIdTeryt><sln:wojNazwa>podkarpackie</sln:wojNazwa></sln:miejscowosc><sln:miejscowosc><sln:cyklZyciaOd>2016-11-26T00:00:00+01:00</sln:cyklZyciaOd><sln:gmIIPId>09898159-9f02-481d-ac43-8ddb230be5e1</sln:gmIIPId><sln:gmIIPPn>PL.PZGIK.200</sln:gmIIPPn><sln:gmIIPWersja>2012-09-26T22:01:42+02:00</sln:gmIIPWersja><sln:gmIdTeryt>1813032</sln:gmIdTeryt><sln:gmNazwa>Fredropol</sln:gmNazwa><sln:miejscIIPId>0a6b9fe0-bbd2-4db1-b3a5-24b2eb82b206</sln:miejscIIPId><sln:miejscIIPPn>PL.PZGIK.200</sln:miejscIIPPn><sln:miejscIIPWersja>2016-11-26T20:25:57+02:00</sln:miejscIIPWersja><sln:miejscIdTeryt>0602532</sln:miejscIdTeryt><sln:miejscNIIPId>781b719e-e70d-4cb6-afb0-5160c26edc0a</sln:miejscNIIPId><sln:miejscNIIPPn>PL.PZGIK.200</sln:miejscNIIPPn><sln:miejscNIIPWersja>2016-11-26T20:25:57+02:00</sln:miejscNIIPWersja><sln:miejscNIdTeryt>0602526</sln:miejscNIdTeryt><sln:miejscNNazwa>Nowosiółki Dydyńskie</sln:miejscNNazwa><sln:miejscNRodzaj>Wieś</sln:miejscNRodzaj><sln:miejscNazwa>Dębnik</sln:miejscNazwa><sln:miejscRodzaj>Inny obiekt</sln:miejscRodzaj><sln:powIIPId>f322275e-1c48-431f-889e-8bb0ccb46e81</sln:powIIPId><sln:powIIPPn>PL.PZGIK.200</sln:powIIPPn><sln:powIIPWersja>2012-09-27T08:01:01+02:00</sln:powIIPWersja><sln:powIdTeryt>1813</sln:powIdTeryt><sln:powNazwa>przemyski</sln:powNazwa><sln:wojIIPId>833fe14b-fe8e-40c7-9e4e-fc27c938bb11</sln:wojIIPId><sln:wojIIPPn>PL.PZGIK.200</sln:wojIIPPn><sln:wojIIPWersja>2017-10-10T00:00:00+02:00</sln:wojIIPWersja><sln:wojIdTeryt>18</sln:wojIdTeryt><sln:wojNazwa>podkarpackie</sln:wojNazwa></sln:miejscowosc><sln:miejscowosc><sln:cyklZyciaOd>2016-11-26T00:00:00+01:00</sln:cyklZyciaOd><sln:gmIIPId>09898159-9f02-481d-ac43-8ddb230be5e1</sln:gmIIPId><sln:gmIIPPn>PL.PZGIK.200</sln:gmIIPPn><sln:gmIIPWersja>2012-09-26T22:01:42+02:00</sln:gmIIPWersja><sln:gmIdTeryt>1813032</sln:gmIdTeryt><sln:gmNazwa>Fredropol</sln:gmNazwa><sln:miejscIIPId>43d8b7bf-8b6f-41f0-abe8-7669a57d7b08</sln:miejscIIPId><sln:miejscIIPPn>PL.PZGIK.200</sln:miejscIIPPn><sln:miejscIIPWersja>2016-11-26T20:25:57+02:00</sln:miejscIIPWersja><sln:miejscIdTeryt>0602414</sln:miejscIdTeryt><sln:miejscNIIPId>99507af1-9ce7-4e02-a5e2-54e4033bf24d</sln:miejscNIIPId><sln:miejscNIIPPn>PL.PZGIK.200</sln:miejscNIIPPn><sln:miejscNIIPWersja>2016-11-26T20:25:56+02:00</sln:miejscNIIPWersja><sln:miejscNIdTeryt>0602408</sln:miejscNIdTeryt><sln:miejscNNazwa>Leszczyny</sln:miejscNNazwa><sln:miejscNRodzaj>Wieś</sln:miejscNRodzaj><sln:miejscNazwa>Paportno-Sopotnik</sln:miejscNazwa><sln:miejscRodzaj>Wieś</sln:miejscRodzaj><sln:powIIPId>f322275e-1c48-431f-889e-8bb0ccb46e81</sln:powIIPId><sln:powIIPPn>PL.PZGIK.200</sln:powIIPPn><sln:powIIPWersja>2012-09-27T08:01:01+02:00</sln:powIIPWersja><sln:powIdTeryt>1813</sln:powIdTeryt><sln:powNazwa>przemyski</sln:powNazwa><sln:wojIIPId>833fe14b-fe8e-40c7-9e4e-fc27c938bb11</sln:wojIIPId><sln:wojIIPPn>PL.PZGIK.200</sln:wojIIPPn><sln:wojIIPWersja>2017-10-10T00:00:00+02:00</sln:wojIIPWersja><sln:wojIdTeryt>18</sln:wojIdTeryt><sln:wojNazwa>podkarpackie</sln:wojNazwa></sln:miejscowosc><sln:miejscowosc><sln:cyklZyciaOd>2016-11-26T00:00:00+01:00</sln:cyklZyciaOd><sln:gmIIPId>09898159-9f02-481d-ac43-8ddb230be5e1</sln:gmIIPId><sln:gmIIPPn>PL.PZGIK.200</sln:gmIIPPn><sln:gmIIPWersja>2012-09-26T22:01:42+02:00</sln:gmIIPWersja><sln:gmIdTeryt>1813032</sln:gmIdTeryt><sln:gmNazwa>Fredropol</sln:gmNazwa><sln:miejscIIPId>600981ed-4894-4599-9413-a1cdd5db0372</sln:miejscIIPId><sln:miejscIIPPn>PL.PZGIK.200</sln:miejscIIPPn><sln:miejscIIPWersja>2016-11-26T20:25:57+02:00</sln:miejscIIPWersja><sln:miejscIdTeryt>0602354</sln:miejscIdTeryt><sln:miejscNIIPId>0ab7211a-aa79-4ab9-a783-617d440dd7db</sln:miejscNIIPId><sln:miejscNIIPPn>PL.PZGIK.200</sln:miejscNIIPPn><sln:miejscNIIPWersja>2016-11-26T20:25:56+02:00</sln:miejscNIIPWersja><sln:miejscNIdTeryt>0602331</sln:miejscNIdTeryt><sln:miejscNNazwa>Kniażyce</sln:miejscNNazwa><sln:miejscNRodzaj>Wieś</sln:miejscNRodzaj><sln:miejscNazwa>Leśniczówka</sln:miejscNazwa><sln:miejscRodzaj>Inny obiekt</sln:miejscRodzaj><sln:powIIPId>f322275e-1c48-431f-889e-8bb0ccb46e81</sln:powIIPId><sln:powIIPPn>PL.PZGIK.200</sln:powIIPPn><sln:powIIPWersja>2012-09-27T08:01:01+02:00</sln:powIIPWersja><sln:powIdTeryt>1813</sln:powIdTeryt><sln:powNazwa>przemyski</sln:powNazwa><sln:wojIIPId>833fe14b-fe8e-40c7-9e4e-fc27c938bb11</sln:wojIIPId><sln:wojIIPPn>PL.PZGIK.200</sln:wojIIPPn><sln:wojIIPWersja>2017-10-10T00:00:00+02:00</sln:wojIIPWersja><sln:wojIdTeryt>18</sln:wojIdTeryt><sln:wojNazwa>podkarpackie</sln:wojNazwa></sln:miejscowosc><sln:miejscowosc><sln:cyklZyciaOd>2017-12-01T00:00:00+01:00</sln:cyklZyciaOd><sln:gmIIPId>09898159-9f02-481d-ac43-8ddb230be5e1</sln:gmIIPId><sln:gmIIPPn>PL.PZGIK.200</sln:gmIIPPn><sln:gmIIPWersja>2012-09-26T22:01:42+02:00</sln:gmIIPWersja><sln:gmIdTeryt>1813032</sln:gmIdTeryt><sln:gmNazwa>Fredropol</sln:gmNazwa><sln:miejscIIPId>7a230bdd-3d65-4a16-92e6-fd539973a921</sln:miejscIIPId><sln:miejscIIPPn>PL.PZGIK.200</sln:miejscIIPPn><sln:miejscIIPWersja>2017-12-01T00:21:10+02:00</sln:miejscIIPWersja><sln:miejscIdTeryt>0602584</sln:miejscIdTeryt><sln:miejscNIIPId>81d739d9-65ca-480e-9de5-300d474083d9</sln:miejscNIIPId><sln:miejscNIIPPn>PL.PZGIK.200</sln:miejscNIIPPn><sln:miejscNIIPWersja>2016-11-26T20:25:55+02:00</sln:miejscNIIPWersja><sln:miejscNIdTeryt>0602555</sln:miejscNIdTeryt><sln:miejscNNazwa>Rybotycze</sln:miejscNNazwa><sln:miejscNRodzaj>Wieś</sln:miejscNRodzaj><sln:miejscNazwa>Wał</sln:miejscNazwa><sln:miejscRodzaj>Inny obiekt</sln:miejscRodzaj><sln:powIIPId>f322275e-1c48-431f-889e-8bb0ccb46e81</sln:powIIPId><sln:powIIPPn>PL.PZGIK.200</sln:powIIPPn><sln:powIIPWersja>2012-09-27T08:01:01+02:00</sln:powIIPWersja><sln:powIdTeryt>1813</sln:powIdTeryt><sln:powNazwa>przemyski</sln:powNazwa><sln:wojIIPId>833fe14b-fe8e-40c7-9e4e-fc27c938bb11</sln:wojIIPId><sln:wojIIPPn>PL.PZGIK.200</sln:wojIIPPn><sln:wojIIPWersja>2017-10-10T00:00:00+02:00</sln:wojIIPWersja><sln:wojIdTeryt>18</sln:wojIdTeryt><sln:wojNazwa>podkarpackie</sln:wojNazwa></sln:miejscowosc></sln:lista-miejscowosci>