<?xml version="1.0" encoding="UTF-8" standalone="yes"?><sln:lista-miejscowosci xmlns:srv="http://gugik.gov.pl/schemas/slowniki-service/1.0" xmlns:sln="http://gugik.gov.pl/schemas/slowniki-schema/1.0"><sln:miejscowosc><sln:cyklZyciaDo>2017-04-14T00:00:00+02:00</sln:cyklZyciaDo><sln:cyklZyciaOd>2015-09-29T00:00:00+02:00</sln:cyklZyciaOd><sln:gmIIPId>fa134b98-38be-4b42-b921-a1ce97757a28</sln:gmIIPId><sln:gmIIPPn>PL.PZGIK.200</sln:gmIIPPn><sln:gmIIPWersja>2012-09-26T22:01:11+02:00</sln:gmIIPWersja><sln:gmIdTeryt>1809032</sln:gmIdTeryt><sln:gmNazwa>Horyniec-Zdrój</sln:gmNazwa><sln:miejscIIPId>ab2663da-fdea-492d-8271-1b901a82bdc6</sln:miejscIIPId><sln:miejscIIPPn>PL.PZGIK.200</sln:miejscIIPPn><sln:miejscIIPWersja>2016-11-24T11:29:32+02:00</sln:miejscIIPWersja><sln:miejscIdTeryt>0602911</sln:miejscIdTeryt><sln:miejscNazwa>Prusie</sln:miejscNazwa><sln:miejscRodzaj>Wieś</sln:miejscRodzaj><sln:powIIPId>cbda7396-a9b3-434f-b819-bee9c24d7738</sln:powIIPId><sln:powIIPPn>PL.PZGIK.200</sln:powIIPPn><sln:powIIPWersja>2012-09-27T08:01:01+02:00</sln:powIIPWersja><sln:powIdTeryt>1809</sln:powIdTeryt><sln:powNazwa>lubaczowski</sln:powNazwa><sln:waznyOd>2015-05-14T00:00:00+02:00</sln:waznyOd><sln:wojIIPId>833fe14b-fe8e-40c7-9e4e-fc27c938bb11</sln:wojIIPId><sln:wojIIPPn>PL.PZGIK.200</sln:wojIIPPn><sln:wojIIPWersja>2017-10-10T00:00:00+02:00</sln:wojIIPWersja><sln:wojIdTeryt>18</sln:wojIdTeryt><sln:wojNazwa>podkarpackie</sln:wojNazwa></sln:miejscowosc><sln:miejscowosc><sln:cyklZyciaDo>2017-04-14T00:00:00+02:00</sln:cyklZyciaDo><sln:cyklZyciaOd>2015-09-29T00:00:00+02:00</sln:cyklZyciaOd><sln:gmIIPId>fa134b98-38be-4b42-b921-a1ce97757a28</sln:gmIIPId><sln:gmIIPPn>PL.PZGIK.200</sln:gmIIPPn><sln:gmIIPWersja>2012-09-26T22:01:11+02:00</sln:gmIIPWersja><sln:gmIdTeryt>1809032</sln:gmIdTeryt><sln:gmNazwa>Horyniec-Zdrój</sln:gmNazwa><sln:miejscIIPId>1cf6515e-5232-41c8-9b70-84c02b046a1d</sln:miejscIIPId><sln:miejscIIPPn>PL.PZGIK.200</sln:miejscIIPPn><sln:miejscIIPWersja>2016-11-24T11:29:31+02:00</sln:miejscIIPWersja><sln:miejscIdTeryt>0602880</sln:miejscIdTeryt><sln:miejscNazwa>Puchacze</sln:miejscNazwa><sln:miejscRodzaj>Przysiółek</sln:miejscRodzaj><sln:powIIPId>cbda7396-a9b3-434f-b819-bee9c24d7738</sln:powIIPId><sln:powIIPPn>PL.PZGIK.200</sln:powIIPPn><sln:powIIPWersja>2012-09-27T08:01:01+02:00</sln:powIIPWersja><sln:powIdTeryt>1809</sln:powIdTeryt><sln:powNazwa>lubaczowski</sln:powNazwa><sln:waznyOd>2015-06-10T00:00:00+02:00</sln:waznyOd><sln:wojIIPId>833fe14b-fe8e-40c7-9e4e-fc27c938bb11</sln:wojIIPId><sln:wojIIPPn>PL.PZGIK.200</sln:wojIIPPn><sln:wojIIPWersja>2017-10-10T00:00:00+02:00</sln:wojIIPWersja><sln:wojIdTeryt>18</sln:wojIdTeryt><sln:wojNazwa>podkarpackie</sln:wojNazwa></sln:miejscowosc><sln:miejscowosc><sln:cyklZyciaDo>2017-04-14T00:00:00+02:00</sln:cyklZyciaDo><sln:cyklZyciaOd>2015-09-29T00:00:00+02:00</sln:cyklZyciaOd><sln:gmIIPId>fa134b98-38be-4b42-b921-a1ce97757a28</sln:gmIIPId><sln:gmIIPPn>PL.PZGIK.200</sln:gmIIPPn><sln:gmIIPWersja>2012-09-26T22:01:11+02:00</sln:gmIIPWersja><sln:gmIdTeryt>1809032</sln:gmIdTeryt><sln:gmNazwa>Horyniec-Zdrój</sln:gmNazwa><sln:miejscIIPId>7c3bfe59-f170-4d2b-bc39-6b4160763c39</sln:miejscIIPId><sln:miejscIIPPn>PL.PZGIK.200</sln:miejscIIPPn><sln:miejscIIPWersja>2016-11-24T11:29:32+02:00</sln:miejscIIPWersja><sln:miejscIdTeryt>0602928</sln:miejscIdTeryt><sln:miejscNazwa>Radruż</sln:miejscNazwa><sln:miejscRodzaj>Wieś</sln:miejscRodzaj><sln:powIIPId>cbda7396-a9b3-434f-b819-bee9c24d7738</sln:powIIPId><sln:powIIPPn>PL.PZGIK.200</sln:powIIPPn><sln:powIIPWersja>2012-09-27T08:01:01+02:00</sln:powIIPWersja><sln:powIdTeryt>1809</sln:powIdTeryt><sln:powNazwa>lubaczowski</sln:powNazwa><sln:waznyOd>2015-05-14T00:00:00+02:00</sln:waznyOd><sln:wojIIPId>833fe14b-fe8e-40c7-9e4e-fc27c938bb11</sln:wojIIPId><sln:wojIIPPn>PL.PZGIK.200</sln:wojIIPPn><sln:wojIIPWersja>2017-10-10T00:00:00+02:00</sln:wojIIPWersja><sln:wojIdTeryt>18</sln:wojIdTeryt><sln:wojNazwa>podkarpackie</sln:wojNazwa></sln:miejscowosc><sln:miejscowosc><sln:cyklZyciaDo>2017-04-14T00:00:00+02:00</sln:cyklZyciaDo><sln:cyklZyciaOd>2015-09-29T00:00:00+02:00</sln:cyklZyciaOd><sln:gmIIPId>fa134b98-38be-4b42-b921-a1ce97757a28</sln:gmIIPId><sln:gmIIPPn>PL.PZGIK.200</sln:gmIIPPn><sln:gmIIPWersja>2012-09-26T22:01:11+02:00</sln:gmIIPWersja><sln:gmIdTeryt>1809032</sln:gmIdTeryt><sln:gmNazwa>Horyniec-Zdrój</sln:gmNazwa><sln:miejscIIPId>293dfd3f-e0bf-48e2-a6fd-3c6db3117161</sln:miejscIIPId><sln:miejscIIPPn>PL.PZGIK.200</sln:miejscIIPPn><sln:miejscIIPWersja>2016-11-24T14:10:07+02:00</sln:miejscIIPWersja><sln:miejscNazwa>Radruż Osiedle</sln:miejscNazwa><sln:miejscRodzaj>Inny obiekt</sln:miejscRodzaj><sln:powIIPId>cbda7396-a9b3-434f-b819-bee9c24d7738</sln:powIIPId><sln:powIIPPn>PL.PZGIK.200</sln:powIIPPn><sln:powIIPWersja>2012-09-27T08:01:01+02:00</sln:powIIPWersja><sln:powIdTeryt>1809</sln:powIdTeryt><sln:powNazwa>lubaczowski</sln:powNazwa><sln:waznyOd>2015-06-10T00:00:00+02:00</sln:waznyOd><sln:wojIIPId>833fe14b-fe8e-40c7-9e4e-fc27c938bb11</sln:wojIIPId><sln:wojIIPPn>PL.PZGIK.200</sln:wojIIPPn><sln:wojIIPWersja>2017-10-10T00:00:00+02:00</sln:wojIIPWersja><sln:wojIdTeryt>18</sln:wojIdTeryt><sln:wojNazwa>podkarpackie</sln:wojNazwa></sln:miejscowosc><sln:miejscowosc><sln:cyklZyciaDo>2017-04-14T00:00:00+02:00</sln:cyklZyciaDo><sln:cyklZyciaOd>2015-09-29T00:00:00+02:00</sln:cyklZyciaOd><sln:gmIIPId>fa134b98-38be-4b42-b921-a1ce97757a28</sln:gmIIPId><sln:gmIIPPn>PL.PZGIK.200</sln:gmIIPPn><sln:gmIIPWersja>2012-09-26T22:01:11+02:00</sln:gmIIPWersja><sln:gmIdTeryt>1809032</sln:gmIdTeryt><sln:gmNazwa>Horyniec-Zdrój</sln:gmNazwa><sln:miejscIIPId>69b19d23-5cbe-4bde-a67d-1cf366db1c08</sln:miejscIIPId><sln:miejscIIPPn>PL.PZGIK.200</sln:miejscIIPPn><sln:miejscIIPWersja>2016-11-24T11:29:32+02:00</sln:miejscIIPWersja><sln:miejscIdTeryt>0602957</sln:miejscIdTeryt><sln:miejscNazwa>Świdnica</sln:miejscNazwa><sln:miejscRodzaj>Przysiółek</sln:miejscRodzaj><sln:powIIPId>cbda7396-a9b3-434f-b819-bee9c24d7738</sln:powIIPId><sln:powIIPPn>PL.PZGIK.200</sln:powIIPPn><sln:powIIPWersja>2012-09-27T08:01:01+02:00</sln:powIIPWersja><sln:powIdTeryt>1809</sln:powIdTeryt><sln:powNazwa>lubaczowski</sln:powNazwa><sln:waznyOd>2015-05-14T00:00:00+02:00</sln:waznyOd><sln:wojIIPId>833fe14b-fe8e-40c7-9e4e-fc27c938bb11</sln:wojIIPId><sln:wojIIPPn>PL.PZGIK.200</sln:wojIIPPn><sln:wojIIPWersja>2017-10-10T00:00:00+02:00</sln:wojIIPWersja><sln:wojIdTeryt>18</sln:wojIdTeryt><sln:wojNazwa>podkarpackie</sln:wojNazwa></sln:miejscowosc><sln:miejscowosc><sln:cyklZyciaDo>2017-04-14T00:00:00+02:00</sln:cyklZyciaDo><sln:cyklZyciaOd>2015-09-29T00:00:00+02:00</sln:cyklZyciaOd><sln:gmIIPId>fa134b98-38be-4b42-b921-a1ce97757a28</sln:gmIIPId><sln:gmIIPPn>PL.PZGIK.200</sln:gmIIPPn><sln:gmIIPWersja>2012-09-26T22:01:11+02:00</sln:gmIIPWersja><sln:gmIdTeryt>1809032</sln:gmIdTeryt><sln:gmNazwa>Horyniec-Zdrój</sln:gmNazwa><sln:miejscIIPId>11217a79-dc79-4795-94c5-4e7dac361849</sln:miejscIIPId><sln:miejscIIPPn>PL.PZGIK.200</sln:miejscIIPPn><sln:miejscIIPWersja>2016-11-24T11:29:32+02:00</sln:miejscIIPWersja><sln:miejscIdTeryt>0602963</sln:miejscIdTeryt><sln:miejscNazwa>Werchrata</sln:miejscNazwa><sln:miejscRodzaj>Wieś</sln:miejscRodzaj><sln:powIIPId>cbda7396-a9b3-434f-b819-bee9c24d7738</sln:powIIPId><sln:powIIPPn>PL.PZGIK.200</sln:powIIPPn><sln:powIIPWersja>2012-09-27T08:01:01+02:00</sln:powIIPWersja><sln:powIdTeryt>1809</sln:powIdTeryt><sln:powNazwa>lubaczowski</sln:powNazwa><sln:waznyOd>2015-05-14T00:00:00+02:00</sln:waznyOd><sln:wojIIPId>833fe14b-fe8e-40c7-9e4e-fc27c938bb11</sln:wojIIPId><sln:wojIIPPn>PL.PZGIK.200</sln:wojIIPPn><sln:wojIIPWersja>2017-10-10T00:00:00+02:00</sln:wojIIPWersja><sln:wojIdTeryt>18</sln:wojIdTeryt><sln:wojNazwa>podkarpackie</sln:wojNazwa></sln:miejscowosc><sln:miejscowosc><sln:cyklZyciaDo>2017-04-14T00:00:00+02:00</sln:cyklZyciaDo><sln:cyklZyciaOd>2015-09-29T00:00:00+02:00</sln:cyklZyciaOd><sln:gmIIPId>fa134b98-38be-4b42-b921-a1ce97757a28</sln:gmIIPId><sln:gmIIPPn>PL.PZGIK.200</sln:gmIIPPn><sln:gmIIPWersja>2012-09-26T22:01:11+02:00</sln:gmIIPWersja><sln:gmIdTeryt>1809032</sln:gmIdTeryt><sln:gmNazwa>Horyniec-Zdrój</sln:gmNazwa><sln:miejscIIPId>23b13305-63ba-46d4-8061-d9bb713a95bb</sln:miejscIIPId><sln:miejscIIPPn>PL.PZGIK.200</sln:miejscIIPPn><sln:miejscIIPWersja>2016-11-24T14:10:07+02:00</sln:miejscIIPWersja><sln:miejscNazwa>Werchrata Osiedle</sln:miejscNazwa><sln:miejscRodzaj>Inny obiekt</sln:miejscRodzaj><sln:powIIPId>cbda7396-a9b3-434f-b819-bee9c24d7738</sln:powIIPId><sln:powIIPPn>PL.PZGIK.200</sln:powIIPPn><sln:powIIPWersja>2012-09-27T08:01:01+02:00</sln:powIIPWersja><sln:powIdTeryt>1809</sln:powIdTeryt><sln:powNazwa>lubaczowski</sln:powNazwa><sln:waznyOd>2015-06-10T00:00:00+02:00</sln:waznyOd><sln:wojIIPId>833fe14b-fe8e-40c7-9e4e-fc27c938bb11</sln:wojIIPId><sln:wojIIPPn>PL.PZGIK.200</sln:wojIIPPn><sln:wojIIPWersja>2017-10-10T00:00:00+02:00</sln:wojIIPWersja><sln:wojIdTeryt>18</sln:wojIdTeryt><sln:wojNazwa>podkarpackie</sln:wojNazwa></sln:miejscowosc><sln:miejscowosc><sln:cyklZyciaDo>2017-04-14T00:00:00+02:00</sln:cyklZyciaDo><sln:cyklZyciaOd>2015-09-29T00:00:00+02:00</sln:cyklZyciaOd><sln:gmIIPId>fa134b98-38be-4b42-b921-a1ce97757a28</sln:gmIIPId><sln:gmIIPPn>PL.PZGIK.200</sln:gmIIPPn><sln:gmIIPWersja>2012-09-26T22:01:11+02:00</sln:gmIIPWersja><sln:gmIdTeryt>1809032</sln:gmIdTeryt><sln:gmNazwa>Horyniec-Zdrój</sln:gmNazwa><sln:miejscIIPId>b5598e90-77ba-4deb-8d59-757404382fca</sln:miejscIIPId><sln:miejscIIPPn>PL.PZGIK.200</sln:miejscIIPPn><sln:miejscIIPWersja>2016-11-24T11:29:32+02:00</sln:miejscIIPWersja><sln:miejscIdTeryt>0603023</sln:miejscIdTeryt><sln:miejscNazwa>Wólka Horyniecka</sln:miejscNazwa><sln:miejscRodzaj>Wieś</sln:miejscRodzaj><sln:powIIPId>cbda7396-a9b3-434f-b819-bee9c24d7738</sln:powIIPId><sln:powIIPPn>PL.PZGIK.200</sln:powIIPPn><sln:powIIPWersja>2012-09-27T08:01:01+02:00</sln:powIIPWersja><sln:powIdTeryt>1809</sln:powIdTeryt><sln:powNazwa>lubaczowski</sln:powNazwa><sln:waznyOd>2015-05-14T00:00:00+02:00</sln:waznyOd><sln:wojIIPId>833fe14b-fe8e-40c7-9e4e-fc27c938bb11</sln:wojIIPId><sln:wojIIPPn>PL.PZGIK.200</sln:wojIIPPn><sln:wojIIPWersja>2017-10-10T00:00:00+02:00</sln:wojIIPWersja><sln:wojIdTeryt>18</sln:wojIdTeryt><sln:wojNazwa>podkarpackie</sln:wojNazwa></sln:miejscowosc><sln:miejscowosc><sln:cyklZyciaDo>2017-04-14T00:00:00+02:00</sln:cyklZyciaDo><sln:cyklZyciaOd>2015-09-29T00:00:00+02:00</sln:cyklZyciaOd><sln:gmIIPId>fa134b98-38be-4b42-b921-a1ce97757a28</sln:gmIIPId><sln:gmIIPPn>PL.PZGIK.200</sln:gmIIPPn><sln:gmIIPWersja>2012-09-26T22:01:11+02:00</sln:gmIIPWersja><sln:gmIdTeryt>1809032</sln:gmIdTeryt><sln:gmNazwa>Horyniec-Zdrój</sln:gmNazwa><sln:miejscIIPId>ad545217-c1e3-4cd8-aa3c-56bbc6ca1485</sln:miejscIIPId><sln:miejscIIPPn>PL.PZGIK.200</sln:miejscIIPPn><sln:miejscIIPWersja>2016-11-24T11:29:31+02:00</sln:miejscIIPWersja><sln:miejscIdTeryt>0602779</sln:miejscIdTeryt><sln:miejscNazwa>Dziewięcierz</sln:miejscNazwa><sln:miejscRodzaj>Wieś</sln:miejscRodzaj><sln:powIIPId>cbda7396-a9b3-434f-b819-bee9c24d7738</sln:powIIPId><sln:powIIPPn>PL.PZGIK.200</sln:powIIPPn><sln:powIIPWersja>2012-09-27T08:01:01+02:00</sln:powIIPWersja><sln:powIdTeryt>1809</sln:powIdTeryt><sln:powNazwa>lubaczowski</sln:powNazwa><sln:waznyOd>2015-05-14T00:00:00+02:00</sln:waznyOd><sln:wojIIPId>833fe14b-fe8e-40c7-9e4e-fc27c938bb11</sln:wojIIPId><sln:wojIIPPn>PL.PZGIK.200</sln:wojIIPPn><sln:wojIIPWersja>2017-10-10T00:00:00+02:00</sln:wojIIPWersja><sln:wojIdTeryt>18</sln:wojIdTeryt><sln:wojNazwa>podkarpackie</sln:wojNazwa></sln:miejscowosc><sln:miejscowosc><sln:cyklZyciaDo>2017-04-14T00:00:00+02:00</sln:cyklZyciaDo><sln:cyklZyciaOd>2015-09-29T00:00:00+02:00</sln:cyklZyciaOd><sln:gmIIPId>fa134b98-38be-4b42-b921-a1ce97757a28</sln:gmIIPId><sln:gmIIPPn>PL.PZGIK.200</sln:gmIIPPn><sln:gmIIPWersja>2012-09-26T22:01:11+02:00</sln:gmIIPWersja><sln:gmIdTeryt>1809032</sln:gmIdTeryt><sln:gmNazwa>Horyniec-Zdrój</sln:gmNazwa><sln:miejscIIPId>6cd74fbd-9405-4c0c-9279-618cbc859822</sln:miejscIIPId><sln:miejscIIPPn>PL.PZGIK.200</sln:miejscIIPPn><sln:miejscIIPWersja>2016-11-24T14:10:07+02:00</sln:miejscIIPWersja><sln:miejscNazwa>Dziewięcierz Osiedle</sln:miejscNazwa><sln:miejscRodzaj>Inny obiekt</sln:miejscRodzaj><sln:powIIPId>cbda7396-a9b3-434f-b819-bee9c24d7738</sln:powIIPId><sln:powIIPPn>PL.PZGIK.200</sln:powIIPPn><sln:powIIPWersja>2012-09-27T08:01:01+02:00</sln:powIIPWersja><sln:powIdTeryt>1809</sln:powIdTeryt><sln:powNazwa>lubaczowski</sln:powNazwa><sln:waznyOd>2015-06-10T00:00:00+02:00</sln:waznyOd><sln:wojIIPId>833fe14b-fe8e-40c7-9e4e-fc27c938bb11</sln:wojIIPId><sln:wojIIPPn>PL.PZGIK.200</sln:wojIIPPn><sln:wojIIPWersja>2017-10-10T00:00:00+02:00</sln:wojIIPWersja><sln:wojIdTeryt>18</sln:wojIdTeryt><sln:wojNazwa>podkarpackie</sln:wojNazwa></sln:miejscowosc><sln:miejscowosc><sln:cyklZyciaDo>2017-04-14T00:00:00+02:00</sln:cyklZyciaDo><sln:cyklZyciaOd>2015-09-29T00:00:00+02:00</sln:cyklZyciaOd><sln:gmIIPId>fa134b98-38be-4b42-b921-a1ce97757a28</sln:gmIIPId><sln:gmIIPPn>PL.PZGIK.200</sln:gmIIPPn><sln:gmIIPWersja>2012-09-26T22:01:11+02:00</sln:gmIIPWersja><sln:gmIdTeryt>1809032</sln:gmIdTeryt><sln:gmNazwa>Horyniec-Zdrój</sln:gmNazwa><sln:miejscIIPId>a0a1f80c-d90a-4f4b-997f-6084cf97f6d1</sln:miejscIIPId><sln:miejscIIPPn>PL.PZGIK.200</sln:miejscIIPPn><sln:miejscIIPWersja>2016-11-24T11:29:31+02:00</sln:miejscIIPWersja><sln:miejscIdTeryt>0602816</sln:miejscIdTeryt><sln:miejscNazwa>Horyniec-Zdrój</sln:miejscNazwa><sln:miejscRodzaj>Wieś</sln:miejscRodzaj><sln:powIIPId>cbda7396-a9b3-434f-b819-bee9c24d7738</sln:powIIPId><sln:powIIPPn>PL.PZGIK.200</sln:powIIPPn><sln:powIIPWersja>2012-09-27T08:01:01+02:00</sln:powIIPWersja><sln:powIdTeryt>1809</sln:powIdTeryt><sln:powNazwa>lubaczowski</sln:powNazwa><sln:waznyOd>2015-05-14T00:00:00+02:00</sln:waznyOd><sln:wojIIPId>833fe14b-fe8e-40c7-9e4e-fc27c938bb11</sln:wojIIPId><sln:wojIIPPn>PL.PZGIK.200</sln:wojIIPPn><sln:wojIIPWersja>2017-10-10T00:00:00+02:00</sln:wojIIPWersja><sln:wojIdTeryt>18</sln:wojIdTeryt><sln:wojNazwa>podkarpackie</sln:wojNazwa></sln:miejscowosc><sln:miejscowosc><sln:cyklZyciaDo>2017-04-14T00:00:00+02:00</sln:cyklZyciaDo><sln:cyklZyciaOd>2015-09-29T00:00:00+02:00</sln:cyklZyciaOd><sln:gmIIPId>fa134b98-38be-4b42-b921-a1ce97757a28</sln:gmIIPId><sln:gmIIPPn>PL.PZGIK.200</sln:gmIIPPn><sln:gmIIPWersja>2012-09-26T22:01:11+02:00</sln:gmIIPWersja><sln:gmIdTeryt>1809032</sln:gmIdTeryt><sln:gmNazwa>Horyniec-Zdrój</sln:gmNazwa><sln:miejscIIPId>f8d12db7-794f-4862-a7a0-a42e11b242e2</sln:miejscIIPId><sln:miejscIIPPn>PL.PZGIK.200</sln:miejscIIPPn><sln:miejscIIPWersja>2016-11-24T11:29:31+02:00</sln:miejscIIPWersja><sln:miejscIdTeryt>0602822</sln:miejscIdTeryt><sln:miejscNazwa>Krzywe</sln:miejscNazwa><sln:miejscRodzaj>Wieś</sln:miejscRodzaj><sln:powIIPId>cbda7396-a9b3-434f-b819-bee9c24d7738</sln:powIIPId><sln:powIIPPn>PL.PZGIK.200</sln:powIIPPn><sln:powIIPWersja>2012-09-27T08:01:01+02:00</sln:powIIPWersja><sln:powIdTeryt>1809</sln:powIdTeryt><sln:powNazwa>lubaczowski</sln:powNazwa><sln:waznyOd>2015-05-14T00:00:00+02:00</sln:waznyOd><sln:wojIIPId>833fe14b-fe8e-40c7-9e4e-fc27c938bb11</sln:wojIIPId><sln:wojIIPPn>PL.PZGIK.200</sln:wojIIPPn><sln:wojIIPWersja>2017-10-10T00:00:00+02:00</sln:wojIIPWersja><sln:wojIdTeryt>18</sln:wojIdTeryt><sln:wojNazwa>podkarpackie</sln:wojNazwa></sln:miejscowosc><sln:miejscowosc><sln:cyklZyciaDo>2017-04-14T00:00:00+02:00</sln:cyklZyciaDo><sln:cyklZyciaOd>2015-09-29T00:00:00+02:00</sln:cyklZyciaOd><sln:gmIIPId>fa134b98-38be-4b42-b921-a1ce97757a28</sln:gmIIPId><sln:gmIIPPn>PL.PZGIK.200</sln:gmIIPPn><sln:gmIIPWersja>2012-09-26T22:01:11+02:00</sln:gmIIPWersja><sln:gmIdTeryt>1809032</sln:gmIdTeryt><sln:gmNazwa>Horyniec-Zdrój</sln:gmNazwa><sln:miejscIIPId>7533a48b-898c-455a-940e-d6d72ecdaed2</sln:miejscIIPId><sln:miejscIIPPn>PL.PZGIK.200</sln:miejscIIPPn><sln:miejscIIPWersja>2016-11-24T14:10:07+02:00</sln:miejscIIPWersja><sln:miejscNazwa>Monasterz Osiedle</sln:miejscNazwa><sln:miejscRodzaj>Inny obiekt</sln:miejscRodzaj><sln:powIIPId>cbda7396-a9b3-434f-b819-bee9c24d7738</sln:powIIPId><sln:powIIPPn>PL.PZGIK.200</sln:powIIPPn><sln:powIIPWersja>2012-09-27T08:01:01+02:00</sln:powIIPWersja><sln:powIdTeryt>1809</sln:powIdTeryt><sln:powNazwa>lubaczowski</sln:powNazwa><sln:waznyOd>2015-06-10T00:00:00+02:00</sln:waznyOd><sln:wojIIPId>833fe14b-fe8e-40c7-9e4e-fc27c938bb11</sln:wojIIPId><sln:wojIIPPn>PL.PZGIK.200</sln:wojIIPPn><sln:wojIIPWersja>2017-10-10T00:00:00+02:00</sln:wojIIPWersja><sln:wojIdTeryt>18</sln:wojIdTeryt><sln:wojNazwa>podkarpackie</sln:wojNazwa></sln:miejscowosc><sln:miejscowosc><sln:cyklZyciaDo>2017-04-14T00:00:00+02:00</sln:cyklZyciaDo><sln:cyklZyciaOd>2015-09-29T00:00:00+02:00</sln:cyklZyciaOd><sln:gmIIPId>fa134b98-38be-4b42-b921-a1ce97757a28</sln:gmIIPId><sln:gmIIPPn>PL.PZGIK.200</sln:gmIIPPn><sln:gmIIPWersja>2012-09-26T22:01:11+02:00</sln:gmIIPWersja><sln:gmIdTeryt>1809032</sln:gmIdTeryt><sln:gmNazwa>Horyniec-Zdrój</sln:gmNazwa><sln:miejscIIPId>7f7fc461-898b-45e9-9094-2c34b04628ec</sln:miejscIIPId><sln:miejscIIPPn>PL.PZGIK.200</sln:miejscIIPPn><sln:miejscIIPWersja>2016-11-24T14:10:07+02:00</sln:miejscIIPWersja><sln:miejscNazwa>Niwki Horynieckie Osiedle</sln:miejscNazwa><sln:miejscRodzaj>Inny obiekt</sln:miejscRodzaj><sln:powIIPId>cbda7396-a9b3-434f-b819-bee9c24d7738</sln:powIIPId><sln:powIIPPn>PL.PZGIK.200</sln:powIIPPn><sln:powIIPWersja>2012-09-27T08:01:01+02:00</sln:powIIPWersja><sln:powIdTeryt>1809</sln:powIdTeryt><sln:powNazwa>lubaczowski</sln:powNazwa><sln:waznyOd>2015-06-10T00:00:00+02:00</sln:waznyOd><sln:wojIIPId>833fe14b-fe8e-40c7-9e4e-fc27c938bb11</sln:wojIIPId><sln:wojIIPPn>PL.PZGIK.200</sln:wojIIPPn><sln:wojIIPWersja>2017-10-10T00:00:00+02:00</sln:wojIIPWersja><sln:wojIdTeryt>18</sln:wojIdTeryt><sln:wojNazwa>podkarpackie</sln:wojNazwa></sln:miejscowosc><sln:miejscowosc><sln:cyklZyciaDo>2017-04-14T00:00:00+02:00</sln:cyklZyciaDo><sln:cyklZyciaOd>2015-09-29T00:00:00+02:00</sln:cyklZyciaOd><sln:gmIIPId>fa134b98-38be-4b42-b921-a1ce97757a28</sln:gmIIPId><sln:gmIIPPn>PL.PZGIK.200</sln:gmIIPPn><sln:gmIIPWersja>2012-09-26T22:01:11+02:00</sln:gmIIPWersja><sln:gmIdTeryt>1809032</sln:gmIdTeryt><sln:gmNazwa>Horyniec-Zdrój</sln:gmNazwa><sln:miejscIIPId>6f518c2c-8e62-4394-9866-1a4dd1f52540</sln:miejscIIPId><sln:miejscIIPPn>PL.PZGIK.200</sln:miejscIIPPn><sln:miejscIIPWersja>2016-11-24T11:29:31+02:00</sln:miejscIIPWersja><sln:miejscIdTeryt>0602851</sln:miejscIdTeryt><sln:miejscNazwa>Nowe Brusno</sln:miejscNazwa><sln:miejscRodzaj>Wieś</sln:miejscRodzaj><sln:powIIPId>cbda7396-a9b3-434f-b819-bee9c24d7738</sln:powIIPId><sln:powIIPPn>PL.PZGIK.200</sln:powIIPPn><sln:powIIPWersja>2012-09-27T08:01:01+02:00</sln:powIIPWersja><sln:powIdTeryt>1809</sln:powIdTeryt><sln:powNazwa>lubaczowski</sln:powNazwa><sln:waznyOd>2015-05-14T00:00:00+02:00</sln:waznyOd><sln:wojIIPId>833fe14b-fe8e-40c7-9e4e-fc27c938bb11</sln:wojIIPId><sln:wojIIPPn>PL.PZGIK.200</sln:wojIIPPn><sln:wojIIPWersja>2017-10-10T00:00:00+02:00</sln:wojIIPWersja><sln:wojIdTeryt>18</sln:wojIdTeryt><sln:wojNazwa>podkarpackie</sln:wojNazwa></sln:miejscowosc><sln:miejscowosc><sln:cyklZyciaDo>2017-04-14T00:00:00+02:00</sln:cyklZyciaDo><sln:cyklZyciaOd>2015-09-29T00:00:00+02:00</sln:cyklZyciaOd><sln:gmIIPId>fa134b98-38be-4b42-b921-a1ce97757a28</sln:gmIIPId><sln:gmIIPPn>PL.PZGIK.200</sln:gmIIPPn><sln:gmIIPWersja>2012-09-26T22:01:11+02:00</sln:gmIIPWersja><sln:gmIdTeryt>1809032</sln:gmIdTeryt><sln:gmNazwa>Horyniec-Zdrój</sln:gmNazwa><sln:miejscIIPId>a111bae9-d28c-481c-bd6e-9953d8946978</sln:miejscIIPId><sln:miejscIIPPn>PL.PZGIK.200</sln:miejscIIPPn><sln:miejscIIPWersja>2016-11-24T11:29:31+02:00</sln:miejscIIPWersja><sln:miejscIdTeryt>0602868</sln:miejscIdTeryt><sln:miejscNazwa>Nowiny Horynieckie</sln:miejscNazwa><sln:miejscRodzaj>Wieś</sln:miejscRodzaj><sln:powIIPId>cbda7396-a9b3-434f-b819-bee9c24d7738</sln:powIIPId><sln:powIIPPn>PL.PZGIK.200</sln:powIIPPn><sln:powIIPWersja>2012-09-27T08:01:01+02:00</sln:powIIPWersja><sln:powIdTeryt>1809</sln:powIdTeryt><sln:powNazwa>lubaczowski</sln:powNazwa><sln:waznyOd>2015-05-14T00:00:00+02:00</sln:waznyOd><sln:wojIIPId>833fe14b-fe8e-40c7-9e4e-fc27c938bb11</sln:wojIIPId><sln:wojIIPPn>PL.PZGIK.200</sln:wojIIPPn><sln:wojIIPWersja>2017-10-10T00:00:00+02:00</sln:wojIIPWersja><sln:wojIdTeryt>18</sln:wojIdTeryt><sln:wojNazwa>podkarpackie</sln:wojNazwa></sln:miejscowosc><sln:miejscowosc><sln:cyklZyciaDo>2017-04-14T00:00:00+02:00</sln:cyklZyciaDo><sln:cyklZyciaOd>2015-09-29T00:00:00+02:00</sln:cyklZyciaOd><sln:gmIIPId>fa134b98-38be-4b42-b921-a1ce97757a28</sln:gmIIPId><sln:gmIIPPn>PL.PZGIK.200</sln:gmIIPPn><sln:gmIIPWersja>2012-09-26T22:01:11+02:00</sln:gmIIPWersja><sln:gmIdTeryt>1809032</sln:gmIdTeryt><sln:gmNazwa>Horyniec-Zdrój</sln:gmNazwa><sln:miejscIIPId>7768d176-61e2-4217-99e7-081c14f958cd</sln:miejscIIPId><sln:miejscIIPPn>PL.PZGIK.200</sln:miejscIIPPn><sln:miejscIIPWersja>2016-11-24T11:29:31+02:00</sln:miejscIIPWersja><sln:miejscIdTeryt>0602874</sln:miejscIdTeryt><sln:miejscNazwa>Podemszczyzna</sln:miejscNazwa><sln:miejscRodzaj>Wieś</sln:miejscRodzaj><sln:powIIPId>cbda7396-a9b3-434f-b819-bee9c24d7738</sln:powIIPId><sln:powIIPPn>PL.PZGIK.200</sln:powIIPPn><sln:powIIPWersja>2012-09-27T08:01:01+02:00</sln:powIIPWersja><sln:powIdTeryt>1809</sln:powIdTeryt><sln:powNazwa>lubaczowski</sln:powNazwa><sln:waznyOd>2015-05-14T00:00:00+02:00</sln:waznyOd><sln:wojIIPId>833fe14b-fe8e-40c7-9e4e-fc27c938bb11</sln:wojIIPId><sln:wojIIPPn>PL.PZGIK.200</sln:wojIIPPn><sln:wojIIPWersja>2017-10-10T00:00:00+02:00</sln:wojIIPWersja><sln:wojIdTeryt>18</sln:wojIdTeryt><sln:wojNazwa>podkarpackie</sln:wojNazwa></sln:miejscowosc><sln:miejscowosc><sln:cyklZyciaDo>2017-04-14T00:00:00+02:00</sln:cyklZyciaDo><sln:cyklZyciaOd>2015-09-29T00:00:00+02:00</sln:cyklZyciaOd><sln:gmIIPId>fa134b98-38be-4b42-b921-a1ce97757a28</sln:gmIIPId><sln:gmIIPPn>PL.PZGIK.200</sln:gmIIPPn><sln:gmIIPWersja>2012-09-26T22:01:11+02:00</sln:gmIIPWersja><sln:gmIdTeryt>1809032</sln:gmIdTeryt><sln:gmNazwa>Horyniec-Zdrój</sln:gmNazwa><sln:miejscIIPId>a21a5138-b45a-494c-963b-d4ce0824baa2</sln:miejscIIPId><sln:miejscIIPPn>PL.PZGIK.200</sln:miejscIIPPn><sln:miejscIIPWersja>2016-11-24T14:10:07+02:00</sln:miejscIIPWersja><sln:miejscNazwa>Podemszczyzna Osiedle</sln:miejscNazwa><sln:miejscRodzaj>Inny obiekt</sln:miejscRodzaj><sln:powIIPId>cbda7396-a9b3-434f-b819-bee9c24d7738</sln:powIIPId><sln:powIIPPn>PL.PZGIK.200</sln:powIIPPn><sln:powIIPWersja>2012-09-27T08:01:01+02:00</sln:powIIPWersja><sln:powIdTeryt>1809</sln:powIdTeryt><sln:powNazwa>lubaczowski</sln:powNazwa><sln:waznyOd>2015-06-10T00:00:00+02:00</sln:waznyOd><sln:wojIIPId>833fe14b-fe8e-40c7-9e4e-fc27c938bb11</sln:wojIIPId><sln:wojIIPPn>PL.PZGIK.200</sln:wojIIPPn><sln:wojIIPWersja>2017-10-10T00:00:00+02:00</sln:wojIIPWersja><sln:wojIdTeryt>18</sln:wojIdTeryt><sln:wojNazwa>podkarpackie</sln:wojNazwa></sln:miejscowosc><sln:miejscowosc><sln:cyklZyciaDo>2017-04-14T00:00:00+02:00</sln:cyklZyciaDo><sln:cyklZyciaOd>2015-09-29T00:00:00+02:00</sln:cyklZyciaOd><sln:gmIIPId>fa134b98-38be-4b42-b921-a1ce97757a28</sln:gmIIPId><sln:gmIIPPn>PL.PZGIK.200</sln:gmIIPPn><sln:gmIIPWersja>2012-09-26T22:01:11+02:00</sln:gmIIPWersja><sln:gmIdTeryt>1809032</sln:gmIdTeryt><sln:gmNazwa>Horyniec-Zdrój</sln:gmNazwa><sln:miejscIIPId>d53981b4-902e-45b8-a61a-bb6ae95be7d6</sln:miejscIIPId><sln:miejscIIPPn>PL.PZGIK.200</sln:miejscIIPPn><sln:miejscIIPWersja>2016-11-24T11:29:31+02:00</sln:miejscIIPWersja><sln:miejscIdTeryt>0602897</sln:miejscIdTeryt><sln:miejscNazwa>Polanka Horyniecka</sln:miejscNazwa><sln:miejscRodzaj>Wieś</sln:miejscRodzaj><sln:powIIPId>cbda7396-a9b3-434f-b819-bee9c24d7738</sln:powIIPId><sln:powIIPPn>PL.PZGIK.200</sln:powIIPPn><sln:powIIPWersja>2012-09-27T08:01:01+02:00</sln:powIIPWersja><sln:powIdTeryt>1809</sln:powIdTeryt><sln:powNazwa>lubaczowski</sln:powNazwa><sln:waznyOd>2015-05-14T00:00:00+02:00</sln:waznyOd><sln:wojIIPId>833fe14b-fe8e-40c7-9e4e-fc27c938bb11</sln:wojIIPId><sln:wojIIPPn>PL.PZGIK.200</sln:wojIIPPn><sln:wojIIPWersja>2017-10-10T00:00:00+02:00</sln:wojIIPWersja><sln:wojIdTeryt>18</sln:wojIdTeryt><sln:wojNazwa>podkarpackie</sln:wojNazwa></sln:miejscowosc><sln:miejscowosc><sln:cyklZyciaOd>2017-04-14T00:00:00+02:00</sln:cyklZyciaOd><sln:gmIIPId>fa134b98-38be-4b42-b921-a1ce97757a28</sln:gmIIPId><sln:gmIIPPn>PL.PZGIK.200</sln:gmIIPPn><sln:gmIIPWersja>2012-09-26T22:01:11+02:00</sln:gmIIPWersja><sln:gmIdTeryt>1809032</sln:gmIdTeryt><sln:gmNazwa>Horyniec-Zdrój</sln:gmNazwa><sln:miejscIIPId>ad545217-c1e3-4cd8-aa3c-56bbc6ca1485</sln:miejscIIPId><sln:miejscIIPPn>PL.PZGIK.200</sln:miejscIIPPn><sln:miejscIIPWersja>2017-04-14T18:24:21+02:00</sln:miejscIIPWersja><sln:miejscIdTeryt>0602779</sln:miejscIdTeryt><sln:miejscNazwa>Dziewięcierz</sln:miejscNazwa><sln:miejscRodzaj>Wieś</sln:miejscRodzaj><sln:powIIPId>cbda7396-a9b3-434f-b819-bee9c24d7738</sln:powIIPId><sln:powIIPPn>PL.PZGIK.200</sln:powIIPPn><sln:powIIPWersja>2012-09-27T08:01:01+02:00</sln:powIIPWersja><sln:powIdTeryt>1809</sln:powIdTeryt><sln:powNazwa>lubaczowski</sln:powNazwa><sln:waznyOd>2015-05-14T00:00:00+02:00</sln:waznyOd><sln:wojIIPId>833fe14b-fe8e-40c7-9e4e-fc27c938bb11</sln:wojIIPId><sln:wojIIPPn>PL.PZGIK.200</sln:wojIIPPn><sln:wojIIPWersja>2017-10-10T00:00:00+02:00</sln:wojIIPWersja><sln:wojIdTeryt>18</sln:wojIdTeryt><sln:wojNazwa>podkarpackie</sln:wojNazwa></sln:miejscowosc><sln:miejscowosc><sln:cyklZyciaDo>2017-11-14T00:00:00+01:00</sln:cyklZyciaDo><sln:cyklZyciaOd>2017-04-14T00:00:00+02:00</sln:cyklZyciaOd><sln:gmIIPId>fa134b98-38be-4b42-b921-a1ce97757a28</sln:gmIIPId><sln:gmIIPPn>PL.PZGIK.200</sln:gmIIPPn><sln:gmIIPWersja>2012-09-26T22:01:11+02:00</sln:gmIIPWersja><sln:gmIdTeryt>1809032</sln:gmIdTeryt><sln:gmNazwa>Horyniec-Zdrój</sln:gmNazwa><sln:miejscIIPId>a0a1f80c-d90a-4f4b-997f-6084cf97f6d1</sln:miejscIIPId><sln:miejscIIPPn>PL.PZGIK.200</sln:miejscIIPPn><sln:miejscIIPWersja>2017-04-14T18:24:30+02:00</sln:miejscIIPWersja><sln:miejscIdTeryt>0602816</sln:miejscIdTeryt><sln:miejscNazwa>Horyniec-Zdrój</sln:miejscNazwa><sln:miejscRodzaj>Wieś</sln:miejscRodzaj><sln:powIIPId>cbda7396-a9b3-434f-b819-bee9c24d7738</sln:powIIPId><sln:powIIPPn>PL.PZGIK.200</sln:powIIPPn><sln:powIIPWersja>2012-09-27T08:01:01+02:00</sln:powIIPWersja><sln:powIdTeryt>1809</sln:powIdTeryt><sln:powNazwa>lubaczowski</sln:powNazwa><sln:waznyOd>2015-05-14T00:00:00+02:00</sln:waznyOd><sln:wojIIPId>833fe14b-fe8e-40c7-9e4e-fc27c938bb11</sln:wojIIPId><sln:wojIIPPn>PL.PZGIK.200</sln:wojIIPPn><sln:wojIIPWersja>2017-10-10T00:00:00+02:00</sln:wojIIPWersja><sln:wojIdTeryt>18</sln:wojIdTeryt><sln:wojNazwa>podkarpackie</sln:wojNazwa></sln:miejscowosc><sln:miejscowosc><sln:cyklZyciaOd>2017-04-14T00:00:00+02:00</sln:cyklZyciaOd><sln:gmIIPId>fa134b98-38be-4b42-b921-a1ce97757a28</sln:gmIIPId><sln:gmIIPPn>PL.PZGIK.200</sln:gmIIPPn><sln:gmIIPWersja>2012-09-26T22:01:11+02:00</sln:gmIIPWersja><sln:gmIdTeryt>1809032</sln:gmIdTeryt><sln:gmNazwa>Horyniec-Zdrój</sln:gmNazwa><sln:miejscIIPId>f8d12db7-794f-4862-a7a0-a42e11b242e2</sln:miejscIIPId><sln:miejscIIPPn>PL.PZGIK.200</sln:miejscIIPPn><sln:miejscIIPWersja>2017-04-14T18:24:30+02:00</sln:miejscIIPWersja><sln:miejscIdTeryt>0602822</sln:miejscIdTeryt><sln:miejscNazwa>Krzywe</sln:miejscNazwa><sln:miejscRodzaj>Wieś</sln:miejscRodzaj><sln:powIIPId>cbda7396-a9b3-434f-b819-bee9c24d7738</sln:powIIPId><sln:powIIPPn>PL.PZGIK.200</sln:powIIPPn><sln:powIIPWersja>2012-09-27T08:01:01+02:00</sln:powIIPWersja><sln:powIdTeryt>1809</sln:powIdTeryt><sln:powNazwa>lubaczowski</sln:powNazwa><sln:waznyOd>2015-05-14T00:00:00+02:00</sln:waznyOd><sln:wojIIPId>833fe14b-fe8e-40c7-9e4e-fc27c938bb11</sln:wojIIPId><sln:wojIIPPn>PL.PZGIK.200</sln:wojIIPPn><sln:wojIIPWersja>2017-10-10T00:00:00+02:00</sln:wojIIPWersja><sln:wojIdTeryt>18</sln:wojIdTeryt><sln:wojNazwa>podkarpackie</sln:wojNazwa></sln:miejscowosc><sln:miejscowosc><sln:cyklZyciaOd>2017-04-14T00:00:00+02:00</sln:cyklZyciaOd><sln:gmIIPId>fa134b98-38be-4b42-b921-a1ce97757a28</sln:gmIIPId><sln:gmIIPPn>PL.PZGIK.200</sln:gmIIPPn><sln:gmIIPWersja>2012-09-26T22:01:11+02:00</sln:gmIIPWersja><sln:gmIdTeryt>1809032</sln:gmIdTeryt><sln:gmNazwa>Horyniec-Zdrój</sln:gmNazwa><sln:miejscIIPId>6f518c2c-8e62-4394-9866-1a4dd1f52540</sln:miejscIIPId><sln:miejscIIPPn>PL.PZGIK.200</sln:miejscIIPPn><sln:miejscIIPWersja>2017-04-14T18:24:30+02:00</sln:miejscIIPWersja><sln:miejscIdTeryt>0602851</sln:miejscIdTeryt><sln:miejscNazwa>Nowe Brusno</sln:miejscNazwa><sln:miejscRodzaj>Wieś</sln:miejscRodzaj><sln:powIIPId>cbda7396-a9b3-434f-b819-bee9c24d7738</sln:powIIPId><sln:powIIPPn>PL.PZGIK.200</sln:powIIPPn><sln:powIIPWersja>2012-09-27T08:01:01+02:00</sln:powIIPWersja><sln:powIdTeryt>1809</sln:powIdTeryt><sln:powNazwa>lubaczowski</sln:powNazwa><sln:waznyOd>2015-05-14T00:00:00+02:00</sln:waznyOd><sln:wojIIPId>833fe14b-fe8e-40c7-9e4e-fc27c938bb11</sln:wojIIPId><sln:wojIIPPn>PL.PZGIK.200</sln:wojIIPPn><sln:wojIIPWersja>2017-10-10T00:00:00+02:00</sln:wojIIPWersja><sln:wojIdTeryt>18</sln:wojIdTeryt><sln:wojNazwa>podkarpackie</sln:wojNazwa></sln:miejscowosc><sln:miejscowosc><sln:cyklZyciaOd>2017-04-14T00:00:00+02:00</sln:cyklZyciaOd><sln:gmIIPId>fa134b98-38be-4b42-b921-a1ce97757a28</sln:gmIIPId><sln:gmIIPPn>PL.PZGIK.200</sln:gmIIPPn><sln:gmIIPWersja>2012-09-26T22:01:11+02:00</sln:gmIIPWersja><sln:gmIdTeryt>1809032</sln:gmIdTeryt><sln:gmNazwa>Horyniec-Zdrój</sln:gmNazwa><sln:miejscIIPId>a111bae9-d28c-481c-bd6e-9953d8946978</sln:miejscIIPId><sln:miejscIIPPn>PL.PZGIK.200</sln:miejscIIPPn><sln:miejscIIPWersja>2017-04-14T18:24:30+02:00</sln:miejscIIPWersja><sln:miejscIdTeryt>0602868</sln:miejscIdTeryt><sln:miejscNazwa>Nowiny Horynieckie</sln:miejscNazwa><sln:miejscRodzaj>Wieś</sln:miejscRodzaj><sln:powIIPId>cbda7396-a9b3-434f-b819-bee9c24d7738</sln:powIIPId><sln:powIIPPn>PL.PZGIK.200</sln:powIIPPn><sln:powIIPWersja>2012-09-27T08:01:01+02:00</sln:powIIPWersja><sln:powIdTeryt>1809</sln:powIdTeryt><sln:powNazwa>lubaczowski</sln:powNazwa><sln:waznyOd>2015-05-14T00:00:00+02:00</sln:waznyOd><sln:wojIIPId>833fe14b-fe8e-40c7-9e4e-fc27c938bb11</sln:wojIIPId><sln:wojIIPPn>PL.PZGIK.200</sln:wojIIPPn><sln:wojIIPWersja>2017-10-10T00:00:00+02:00</sln:wojIIPWersja><sln:wojIdTeryt>18</sln:wojIdTeryt><sln:wojNazwa>podkarpackie</sln:wojNazwa></sln:miejscowosc><sln:miejscowosc><sln:cyklZyciaDo>2017-11-14T00:00:00+01:00</sln:cyklZyciaDo><sln:cyklZyciaOd>2017-04-14T00:00:00+02:00</sln:cyklZyciaOd><sln:gmIIPId>fa134b98-38be-4b42-b921-a1ce97757a28</sln:gmIIPId><sln:gmIIPPn>PL.PZGIK.200</sln:gmIIPPn><sln:gmIIPWersja>2012-09-26T22:01:11+02:00</sln:gmIIPWersja><sln:gmIdTeryt>1809032</sln:gmIdTeryt><sln:gmNazwa>Horyniec-Zdrój</sln:gmNazwa><sln:miejscIIPId>7768d176-61e2-4217-99e7-081c14f958cd</sln:miejscIIPId><sln:miejscIIPPn>PL.PZGIK.200</sln:miejscIIPPn><sln:miejscIIPWersja>2017-04-14T18:24:30+02:00</sln:miejscIIPWersja><sln:miejscIdTeryt>0602874</sln:miejscIdTeryt><sln:miejscNazwa>Podemszczyzna</sln:miejscNazwa><sln:miejscRodzaj>Wieś</sln:miejscRodzaj><sln:powIIPId>cbda7396-a9b3-434f-b819-bee9c24d7738</sln:powIIPId><sln:powIIPPn>PL.PZGIK.200</sln:powIIPPn><sln:powIIPWersja>2012-09-27T08:01:01+02:00</sln:powIIPWersja><sln:powIdTeryt>1809</sln:powIdTeryt><sln:powNazwa>lubaczowski</sln:powNazwa><sln:waznyOd>2015-05-14T00:00:00+02:00</sln:waznyOd><sln:wojIIPId>833fe14b-fe8e-40c7-9e4e-fc27c938bb11</sln:wojIIPId><sln:wojIIPPn>PL.PZGIK.200</sln:wojIIPPn><sln:wojIIPWersja>2017-10-10T00:00:00+02:00</sln:wojIIPWersja><sln:wojIdTeryt>18</sln:wojIdTeryt><sln:wojNazwa>podkarpackie</sln:wojNazwa></sln:miejscowosc><sln:miejscowosc><sln:cyklZyciaOd>2017-04-14T00:00:00+02:00</sln:cyklZyciaOd><sln:gmIIPId>fa134b98-38be-4b42-b921-a1ce97757a28</sln:gmIIPId><sln:gmIIPPn>PL.PZGIK.200</sln:gmIIPPn><sln:gmIIPWersja>2012-09-26T22:01:11+02:00</sln:gmIIPWersja><sln:gmIdTeryt>1809032</sln:gmIdTeryt><sln:gmNazwa>Horyniec-Zdrój</sln:gmNazwa><sln:miejscIIPId>1cf6515e-5232-41c8-9b70-84c02b046a1d</sln:miejscIIPId><sln:miejscIIPPn>PL.PZGIK.200</sln:miejscIIPPn><sln:miejscIIPWersja>2017-04-14T18:24:30+02:00</sln:miejscIIPWersja><sln:miejscIdTeryt>0602880</sln:miejscIdTeryt><sln:miejscNazwa>Puchacze</sln:miejscNazwa><sln:miejscRodzaj>Przysiółek</sln:miejscRodzaj><sln:powIIPId>cbda7396-a9b3-434f-b819-bee9c24d7738</sln:powIIPId><sln:powIIPPn>PL.PZGIK.200</sln:powIIPPn><sln:powIIPWersja>2012-09-27T08:01:01+02:00</sln:powIIPWersja><sln:powIdTeryt>1809</sln:powIdTeryt><sln:powNazwa>lubaczowski</sln:powNazwa><sln:waznyOd>2015-06-10T00:00:00+02:00</sln:waznyOd><sln:wojIIPId>833fe14b-fe8e-40c7-9e4e-fc27c938bb11</sln:wojIIPId><sln:wojIIPPn>PL.PZGIK.200</sln:wojIIPPn><sln:wojIIPWersja>2017-10-10T00:00:00+02:00</sln:wojIIPWersja><sln:wojIdTeryt>18</sln:wojIdTeryt><sln:wojNazwa>podkarpackie</sln:wojNazwa></sln:miejscowosc><sln:miejscowosc><sln:cyklZyciaOd>2017-04-14T00:00:00+02:00</sln:cyklZyciaOd><sln:gmIIPId>fa134b98-38be-4b42-b921-a1ce97757a28</sln:gmIIPId><sln:gmIIPPn>PL.PZGIK.200</sln:gmIIPPn><sln:gmIIPWersja>2012-09-26T22:01:11+02:00</sln:gmIIPWersja><sln:gmIdTeryt>1809032</sln:gmIdTeryt><sln:gmNazwa>Horyniec-Zdrój</sln:gmNazwa><sln:miejscIIPId>d53981b4-902e-45b8-a61a-bb6ae95be7d6</sln:miejscIIPId><sln:miejscIIPPn>PL.PZGIK.200</sln:miejscIIPPn><sln:miejscIIPWersja>2017-04-14T18:24:30+02:00</sln:miejscIIPWersja><sln:miejscIdTeryt>0602897</sln:miejscIdTeryt><sln:miejscNazwa>Polanka Horyniecka</sln:miejscNazwa><sln:miejscRodzaj>Wieś</sln:miejscRodzaj><sln:powIIPId>cbda7396-a9b3-434f-b819-bee9c24d7738</sln:powIIPId><sln:powIIPPn>PL.PZGIK.200</sln:powIIPPn><sln:powIIPWersja>2012-09-27T08:01:01+02:00</sln:powIIPWersja><sln:powIdTeryt>1809</sln:powIdTeryt><sln:powNazwa>lubaczowski</sln:powNazwa><sln:waznyOd>2015-05-14T00:00:00+02:00</sln:waznyOd><sln:wojIIPId>833fe14b-fe8e-40c7-9e4e-fc27c938bb11</sln:wojIIPId><sln:wojIIPPn>PL.PZGIK.200</sln:wojIIPPn><sln:wojIIPWersja>2017-10-10T00:00:00+02:00</sln:wojIIPWersja><sln:wojIdTeryt>18</sln:wojIdTeryt><sln:wojNazwa>podkarpackie</sln:wojNazwa></sln:miejscowosc><sln:miejscowosc><sln:cyklZyciaOd>2017-04-14T00:00:00+02:00</sln:cyklZyciaOd><sln:gmIIPId>fa134b98-38be-4b42-b921-a1ce97757a28</sln:gmIIPId><sln:gmIIPPn>PL.PZGIK.200</sln:gmIIPPn><sln:gmIIPWersja>2012-09-26T22:01:11+02:00</sln:gmIIPWersja><sln:gmIdTeryt>1809032</sln:gmIdTeryt><sln:gmNazwa>Horyniec-Zdrój</sln:gmNazwa><sln:miejscIIPId>ab2663da-fdea-492d-8271-1b901a82bdc6</sln:miejscIIPId><sln:miejscIIPPn>PL.PZGIK.200</sln:miejscIIPPn><sln:miejscIIPWersja>2017-04-14T18:24:30+02:00</sln:miejscIIPWersja><sln:miejscIdTeryt>0602911</sln:miejscIdTeryt><sln:miejscNazwa>Prusie</sln:miejscNazwa><sln:miejscRodzaj>Wieś</sln:miejscRodzaj><sln:powIIPId>cbda7396-a9b3-434f-b819-bee9c24d7738</sln:powIIPId><sln:powIIPPn>PL.PZGIK.200</sln:powIIPPn><sln:powIIPWersja>2012-09-27T08:01:01+02:00</sln:powIIPWersja><sln:powIdTeryt>1809</sln:powIdTeryt><sln:powNazwa>lubaczowski</sln:powNazwa><sln:waznyOd>2015-05-14T00:00:00+02:00</sln:waznyOd><sln:wojIIPId>833fe14b-fe8e-40c7-9e4e-fc27c938bb11</sln:wojIIPId><sln:wojIIPPn>PL.PZGIK.200</sln:wojIIPPn><sln:wojIIPWersja>2017-10-10T00:00:00+02:00</sln:wojIIPWersja><sln:wojIdTeryt>18</sln:wojIdTeryt><sln:wojNazwa>podkarpackie</sln:wojNazwa></sln:miejscowosc><sln:miejscowosc><sln:cyklZyciaOd>2017-04-14T00:00:00+02:00</sln:cyklZyciaOd><sln:gmIIPId>fa134b98-38be-4b42-b921-a1ce97757a28</sln:gmIIPId><sln:gmIIPPn>PL.PZGIK.200</sln:gmIIPPn><sln:gmIIPWersja>2012-09-26T22:01:11+02:00</sln:gmIIPWersja><sln:gmIdTeryt>1809032</sln:gmIdTeryt><sln:gmNazwa>Horyniec-Zdrój</sln:gmNazwa><sln:miejscIIPId>7c3bfe59-f170-4d2b-bc39-6b4160763c39</sln:miejscIIPId><sln:miejscIIPPn>PL.PZGIK.200</sln:miejscIIPPn><sln:miejscIIPWersja>2017-04-14T18:24:31+02:00</sln:miejscIIPWersja><sln:miejscIdTeryt>0602928</sln:miejscIdTeryt><sln:miejscNazwa>Radruż</sln:miejscNazwa><sln:miejscRodzaj>Wieś</sln:miejscRodzaj><sln:powIIPId>cbda7396-a9b3-434f-b819-bee9c24d7738</sln:powIIPId><sln:powIIPPn>PL.PZGIK.200</sln:powIIPPn><sln:powIIPWersja>2012-09-27T08:01:01+02:00</sln:powIIPWersja><sln:powIdTeryt>1809</sln:powIdTeryt><sln:powNazwa>lubaczowski</sln:powNazwa><sln:waznyOd>2015-05-14T00:00:00+02:00</sln:waznyOd><sln:wojIIPId>833fe14b-fe8e-40c7-9e4e-fc27c938bb11</sln:wojIIPId><sln:wojIIPPn>PL.PZGIK.200</sln:wojIIPPn><sln:wojIIPWersja>2017-10-10T00:00:00+02:00</sln:wojIIPWersja><sln:wojIdTeryt>18</sln:wojIdTeryt><sln:wojNazwa>podkarpackie</sln:wojNazwa></sln:miejscowosc><sln:miejscowosc><sln:cyklZyciaDo>2017-11-14T00:00:00+01:00</sln:cyklZyciaDo><sln:cyklZyciaOd>2017-04-14T00:00:00+02:00</sln:cyklZyciaOd><sln:gmIIPId>fa134b98-38be-4b42-b921-a1ce97757a28</sln:gmIIPId><sln:gmIIPPn>PL.PZGIK.200</sln:gmIIPPn><sln:gmIIPWersja>2012-09-26T22:01:11+02:00</sln:gmIIPWersja><sln:gmIdTeryt>1809032</sln:gmIdTeryt><sln:gmNazwa>Horyniec-Zdrój</sln:gmNazwa><sln:miejscIIPId>69b19d23-5cbe-4bde-a67d-1cf366db1c08</sln:miejscIIPId><sln:miejscIIPPn>PL.PZGIK.200</sln:miejscIIPPn><sln:miejscIIPWersja>2017-04-14T18:24:31+02:00</sln:miejscIIPWersja><sln:miejscIdTeryt>0602957</sln:miejscIdTeryt><sln:miejscNazwa>Świdnica</sln:miejscNazwa><sln:miejscRodzaj>Przysiółek</sln:miejscRodzaj><sln:powIIPId>cbda7396-a9b3-434f-b819-bee9c24d7738</sln:powIIPId><sln:powIIPPn>PL.PZGIK.200</sln:powIIPPn><sln:powIIPWersja>2012-09-27T08:01:01+02:00</sln:powIIPWersja><sln:powIdTeryt>1809</sln:powIdTeryt><sln:powNazwa>lubaczowski</sln:powNazwa><sln:waznyOd>2015-05-14T00:00:00+02:00</sln:waznyOd><sln:wojIIPId>833fe14b-fe8e-40c7-9e4e-fc27c938bb11</sln:wojIIPId><sln:wojIIPPn>PL.PZGIK.200</sln:wojIIPPn><sln:wojIIPWersja>2017-10-10T00:00:00+02:00</sln:wojIIPWersja><sln:wojIdTeryt>18</sln:wojIdTeryt><sln:wojNazwa>podkarpackie</sln:wojNazwa></sln:miejscowosc><sln:miejscowosc><sln:cyklZyciaOd>2017-04-14T00:00:00+02:00</sln:cyklZyciaOd><sln:gmIIPId>fa134b98-38be-4b42-b921-a1ce97757a28</sln:gmIIPId><sln:gmIIPPn>PL.PZGIK.200</sln:gmIIPPn><sln:gmIIPWersja>2012-09-26T22:01:11+02:00</sln:gmIIPWersja><sln:gmIdTeryt>1809032</sln:gmIdTeryt><sln:gmNazwa>Horyniec-Zdrój</sln:gmNazwa><sln:miejscIIPId>11217a79-dc79-4795-94c5-4e7dac361849</sln:miejscIIPId><sln:miejscIIPPn>PL.PZGIK.200</sln:miejscIIPPn><sln:miejscIIPWersja>2017-04-14T18:24:31+02:00</sln:miejscIIPWersja><sln:miejscIdTeryt>0602963</sln:miejscIdTeryt><sln:miejscNazwa>Werchrata</sln:miejscNazwa><sln:miejscRodzaj>Wieś</sln:miejscRodzaj><sln:powIIPId>cbda7396-a9b3-434f-b819-bee9c24d7738</sln:powIIPId><sln:powIIPPn>PL.PZGIK.200</sln:powIIPPn><sln:powIIPWersja>2012-09-27T08:01:01+02:00</sln:powIIPWersja><sln:powIdTeryt>1809</sln:powIdTeryt><sln:powNazwa>lubaczowski</sln:powNazwa><sln:waznyOd>2015-05-14T00:00:00+02:00</sln:waznyOd><sln:wojIIPId>833fe14b-fe8e-40c7-9e4e-fc27c938bb11</sln:wojIIPId><sln:wojIIPPn>PL.PZGIK.200</sln:wojIIPPn><sln:wojIIPWersja>2017-10-10T00:00:00+02:00</sln:wojIIPWersja><sln:wojIdTeryt>18</sln:wojIdTeryt><sln:wojNazwa>podkarpackie</sln:wojNazwa></sln:miejscowosc><sln:miejscowosc><sln:cyklZyciaOd>2017-04-14T00:00:00+02:00</sln:cyklZyciaOd><sln:gmIIPId>fa134b98-38be-4b42-b921-a1ce97757a28</sln:gmIIPId><sln:gmIIPPn>PL.PZGIK.200</sln:gmIIPPn><sln:gmIIPWersja>2012-09-26T22:01:11+02:00</sln:gmIIPWersja><sln:gmIdTeryt>1809032</sln:gmIdTeryt><sln:gmNazwa>Horyniec-Zdrój</sln:gmNazwa><sln:miejscIIPId>b5598e90-77ba-4deb-8d59-757404382fca</sln:miejscIIPId><sln:miejscIIPPn>PL.PZGIK.200</sln:miejscIIPPn><sln:miejscIIPWersja>2017-04-14T18:24:31+02:00</sln:miejscIIPWersja><sln:miejscIdTeryt>0603023</sln:miejscIdTeryt><sln:miejscNazwa>Wólka Horyniecka</sln:miejscNazwa><sln:miejscRodzaj>Wieś</sln:miejscRodzaj><sln:powIIPId>cbda7396-a9b3-434f-b819-bee9c24d7738</sln:powIIPId><sln:powIIPPn>PL.PZGIK.200</sln:powIIPPn><sln:powIIPWersja>2012-09-27T08:01:01+02:00</sln:powIIPWersja><sln:powIdTeryt>1809</sln:powIdTeryt><sln:powNazwa>lubaczowski</sln:powNazwa><sln:waznyOd>2015-05-14T00:00:00+02:00</sln:waznyOd><sln:wojIIPId>833fe14b-fe8e-40c7-9e4e-fc27c938bb11</sln:wojIIPId><sln:wojIIPPn>PL.PZGIK.200</sln:wojIIPPn><sln:wojIIPWersja>2017-10-10T00:00:00+02:00</sln:wojIIPWersja><sln:wojIdTeryt>18</sln:wojIdTeryt><sln:wojNazwa>podkarpackie</sln:wojNazwa></sln:miejscowosc><sln:miejscowosc><sln:cyklZyciaOd>2017-04-14T00:00:00+02:00</sln:cyklZyciaOd><sln:gmIIPId>fa134b98-38be-4b42-b921-a1ce97757a28</sln:gmIIPId><sln:gmIIPPn>PL.PZGIK.200</sln:gmIIPPn><sln:gmIIPWersja>2012-09-26T22:01:11+02:00</sln:gmIIPWersja><sln:gmIdTeryt>1809032</sln:gmIdTeryt><sln:gmNazwa>Horyniec-Zdrój</sln:gmNazwa><sln:miejscIIPId>f5b03811-ad36-46b7-baef-fdb7998761da</sln:miejscIIPId><sln:miejscIIPPn>PL.PZGIK.200</sln:miejscIIPPn><sln:miejscIIPWersja>2017-04-14T18:24:31+02:00</sln:miejscIIPWersja><sln:miejscNazwa>Monasterz Osiedle</sln:miejscNazwa><sln:miejscRodzaj>Inny obiekt</sln:miejscRodzaj><sln:powIIPId>cbda7396-a9b3-434f-b819-bee9c24d7738</sln:powIIPId><sln:powIIPPn>PL.PZGIK.200</sln:powIIPPn><sln:powIIPWersja>2012-09-27T08:01:01+02:00</sln:powIIPWersja><sln:powIdTeryt>1809</sln:powIdTeryt><sln:powNazwa>lubaczowski</sln:powNazwa><sln:waznyOd>2017-02-20T00:00:00+01:00</sln:waznyOd><sln:wojIIPId>833fe14b-fe8e-40c7-9e4e-fc27c938bb11</sln:wojIIPId><sln:wojIIPPn>PL.PZGIK.200</sln:wojIIPPn><sln:wojIIPWersja>2017-10-10T00:00:00+02:00</sln:wojIIPWersja><sln:wojIdTeryt>18</sln:wojIdTeryt><sln:wojNazwa>podkarpackie</sln:wojNazwa></sln:miejscowosc><sln:miejscowosc><sln:cyklZyciaOd>2017-06-28T00:00:00+02:00</sln:cyklZyciaOd><sln:gmIIPId>fa134b98-38be-4b42-b921-a1ce97757a28</sln:gmIIPId><sln:gmIIPPn>PL.PZGIK.200</sln:gmIIPPn><sln:gmIIPWersja>2012-09-26T22:01:11+02:00</sln:gmIIPWersja><sln:gmIdTeryt>1809032</sln:gmIdTeryt><sln:gmNazwa>Horyniec-Zdrój</sln:gmNazwa><sln:miejscIIPId>d2345888-28e0-4d72-bbd2-43f5bdf6536c</sln:miejscIIPId><sln:miejscIIPPn>PL.PZGIK.200</sln:miejscIIPPn><sln:miejscIIPWersja>2017-06-28T15:26:51+02:00</sln:miejscIIPWersja><sln:miejscNazwa>Werchrata Osiedle</sln:miejscNazwa><sln:miejscRodzaj>Inny obiekt</sln:miejscRodzaj><sln:powIIPId>cbda7396-a9b3-434f-b819-bee9c24d7738</sln:powIIPId><sln:powIIPPn>PL.PZGIK.200</sln:powIIPPn><sln:powIIPWersja>2012-09-27T08:01:01+02:00</sln:powIIPWersja><sln:powIdTeryt>1809</sln:powIdTeryt><sln:powNazwa>lubaczowski</sln:powNazwa><sln:waznyOd>2017-02-20T00:00:00+01:00</sln:waznyOd><sln:wojIIPId>833fe14b-fe8e-40c7-9e4e-fc27c938bb11</sln:wojIIPId><sln:wojIIPPn>PL.PZGIK.200</sln:wojIIPPn><sln:wojIIPWersja>2017-10-10T00:00:00+02:00</sln:wojIIPWersja><sln:wojIdTeryt>18</sln:wojIdTeryt><sln:wojNazwa>podkarpackie</sln:wojNazwa></sln:miejscowosc><sln:miejscowosc><sln:cyklZyciaOd>2017-11-14T00:00:00+01:00</sln:cyklZyciaOd><sln:gmIIPId>fa134b98-38be-4b42-b921-a1ce97757a28</sln:gmIIPId><sln:gmIIPPn>PL.PZGIK.200</sln:gmIIPPn><sln:gmIIPWersja>2012-09-26T22:01:11+02:00</sln:gmIIPWersja><sln:gmIdTeryt>1809032</sln:gmIdTeryt><sln:gmNazwa>Horyniec-Zdrój</sln:gmNazwa><sln:miejscIIPId>a0a1f80c-d90a-4f4b-997f-6084cf97f6d1</sln:miejscIIPId><sln:miejscIIPPn>PL.PZGIK.200</sln:miejscIIPPn><sln:miejscIIPWersja>2017-11-14T17:58:05+02:00</sln:miejscIIPWersja><sln:miejscIdTeryt>0602816</sln:miejscIdTeryt><sln:miejscNazwa>Horyniec-Zdrój</sln:miejscNazwa><sln:miejscRodzaj>Wieś</sln:miejscRodzaj><sln:powIIPId>cbda7396-a9b3-434f-b819-bee9c24d7738</sln:powIIPId><sln:powIIPPn>PL.PZGIK.200</sln:powIIPPn><sln:powIIPWersja>2012-09-27T08:01:01+02:00</sln:powIIPWersja><sln:powIdTeryt>1809</sln:powIdTeryt><sln:powNazwa>lubaczowski</sln:powNazwa><sln:waznyOd>2017-11-13T00:00:00+01:00</sln:waznyOd><sln:wojIIPId>833fe14b-fe8e-40c7-9e4e-fc27c938bb11</sln:wojIIPId><sln:wojIIPPn>PL.PZGIK.200</sln:wojIIPPn><sln:wojIIPWersja>2017-10-10T00:00:00+02:00</sln:wojIIPWersja><sln:wojIdTeryt>18</sln:wojIdTeryt><sln:wojNazwa>podkarpackie</sln:wojNazwa></sln:miejscowosc><sln:miejscowosc><sln:cyklZyciaOd>2017-11-14T00:00:00+01:00</sln:cyklZyciaOd><sln:gmIIPId>fa134b98-38be-4b42-b921-a1ce97757a28</sln:gmIIPId><sln:gmIIPPn>PL.PZGIK.200</sln:gmIIPPn><sln:gmIIPWersja>2012-09-26T22:01:11+02:00</sln:gmIIPWersja><sln:gmIdTeryt>1809032</sln:gmIdTeryt><sln:gmNazwa>Horyniec-Zdrój</sln:gmNazwa><sln:miejscIIPId>7768d176-61e2-4217-99e7-081c14f958cd</sln:miejscIIPId><sln:miejscIIPPn>PL.PZGIK.200</sln:miejscIIPPn><sln:miejscIIPWersja>2017-11-14T17:58:11+02:00</sln:miejscIIPWersja><sln:miejscIdTeryt>0602874</sln:miejscIdTeryt><sln:miejscNazwa>Podemszczyzna</sln:miejscNazwa><sln:miejscRodzaj>Wieś</sln:miejscRodzaj><sln:powIIPId>cbda7396-a9b3-434f-b819-bee9c24d7738</sln:powIIPId><sln:powIIPPn>PL.PZGIK.200</sln:powIIPPn><sln:powIIPWersja>2012-09-27T08:01:01+02:00</sln:powIIPWersja><sln:powIdTeryt>1809</sln:powIdTeryt><sln:powNazwa>lubaczowski</sln:powNazwa><sln:waznyOd>2017-11-13T00:00:00+01:00</sln:waznyOd><sln:wojIIPId>833fe14b-fe8e-40c7-9e4e-fc27c938bb11</sln:wojIIPId><sln:wojIIPPn>PL.PZGIK.200</sln:wojIIPPn><sln:wojIIPWersja>2017-10-10T00:00:00+02:00</sln:wojIIPWersja><sln:wojIdTeryt>18</sln:wojIdTeryt><sln:wojNazwa>podkarpackie</sln:wojNazwa></sln:miejscowosc><sln:miejscowosc><sln:cyklZyciaOd>2017-11-14T00:00:00+01:00</sln:cyklZyciaOd><sln:gmIIPId>fa134b98-38be-4b42-b921-a1ce97757a28</sln:gmIIPId><sln:gmIIPPn>PL.PZGIK.200</sln:gmIIPPn><sln:gmIIPWersja>2012-09-26T22:01:11+02:00</sln:gmIIPWersja><sln:gmIdTeryt>1809032</sln:gmIdTeryt><sln:gmNazwa>Horyniec-Zdrój</sln:gmNazwa><sln:miejscIIPId>69b19d23-5cbe-4bde-a67d-1cf366db1c08</sln:miejscIIPId><sln:miejscIIPPn>PL.PZGIK.200</sln:miejscIIPPn><sln:miejscIIPWersja>2017-11-14T17:58:11+02:00</sln:miejscIIPWersja><sln:miejscIdTeryt>0602957</sln:miejscIdTeryt><sln:miejscNazwa>Świdnica</sln:miejscNazwa><sln:miejscRodzaj>Przysiółek</sln:miejscRodzaj><sln:powIIPId>cbda7396-a9b3-434f-b819-bee9c24d7738</sln:powIIPId><sln:powIIPPn>PL.PZGIK.200</sln:powIIPPn><sln:powIIPWersja>2012-09-27T08:01:01+02:00</sln:powIIPWersja><sln:powIdTeryt>1809</sln:powIdTeryt><sln:powNazwa>lubaczowski</sln:powNazwa><sln:waznyOd>2017-11-13T00:00:00+01:00</sln:waznyOd><sln:wojIIPId>833fe14b-fe8e-40c7-9e4e-fc27c938bb11</sln:wojIIPId><sln:wojIIPPn>PL.PZGIK.200</sln:wojIIPPn><sln:wojIIPWersja>2017-10-10T00:00:00+02:00</sln:wojIIPWersja><sln:wojIdTeryt>18</sln:wojIdTeryt><sln:wojNazwa>podkarpackie</sln:wojNazwa></sln:miejscowosc></sln:lista-miejscowosci>