<?xml version="1.0" encoding="UTF-8" standalone="yes"?><sln:lista-miejscowosci xmlns:srv="http://gugik.gov.pl/schemas/slowniki-service/1.0" xmlns:sln="http://gugik.gov.pl/schemas/slowniki-schema/1.0"><sln:miejscowosc><sln:cyklZyciaOd>2018-03-27T00:00:00+02:00</sln:cyklZyciaOd><sln:gmIIPId>ee0dc25f-be9d-453b-8431-a0550d061420</sln:gmIIPId><sln:gmIIPPn>PL.PZGIK.200</sln:gmIIPPn><sln:gmIIPWersja>2018-03-27T15:04:03+02:00</sln:gmIIPWersja><sln:gmIdTeryt>1818053</sln:gmIdTeryt><sln:gmNazwa>Zaklików</sln:gmNazwa><sln:miejscIIPId>cf98b781-91f3-4eb1-a930-eafcef3403a6</sln:miejscIIPId><sln:miejscIIPPn>PL.PZGIK.200</sln:miejscIIPPn><sln:miejscIIPWersja>2018-03-27T09:42:11+02:00</sln:miejscIIPWersja><sln:miejscIdTeryt>0810609</sln:miejscIdTeryt><sln:miejscNazwa>Stare Baraki</sln:miejscNazwa><sln:miejscRodzaj>Wieś</sln:miejscRodzaj><sln:powIIPId>12eb1323-4957-4dae-8cba-92aca864bd69</sln:powIIPId><sln:powIIPPn>PL.PZGIK.200</sln:powIIPPn><sln:powIIPWersja>2012-09-27T08:01:01+02:00</sln:powIIPWersja><sln:powIdTeryt>1818</sln:powIdTeryt><sln:powNazwa>stalowowolski</sln:powNazwa><sln:wojIIPId>833fe14b-fe8e-40c7-9e4e-fc27c938bb11</sln:wojIIPId><sln:wojIIPPn>PL.PZGIK.200</sln:wojIIPPn><sln:wojIIPWersja>2017-10-10T00:00:00+02:00</sln:wojIIPWersja><sln:wojIdTeryt>18</sln:wojIdTeryt><sln:wojNazwa>podkarpackie</sln:wojNazwa></sln:miejscowosc><sln:miejscowosc><sln:cyklZyciaOd>2018-03-27T00:00:00+02:00</sln:cyklZyciaOd><sln:gmIIPId>ee0dc25f-be9d-453b-8431-a0550d061420</sln:gmIIPId><sln:gmIIPPn>PL.PZGIK.200</sln:gmIIPPn><sln:gmIIPWersja>2018-03-27T15:04:03+02:00</sln:gmIIPWersja><sln:gmIdTeryt>1818053</sln:gmIdTeryt><sln:gmNazwa>Zaklików</sln:gmNazwa><sln:miejscIIPId>0279fe14-091b-4139-b483-0c8fe68cc34e</sln:miejscIIPId><sln:miejscIIPPn>PL.PZGIK.200</sln:miejscIIPPn><sln:miejscIIPWersja>2018-03-27T09:42:12+02:00</sln:miejscIIPWersja><sln:miejscIdTeryt>0810615</sln:miejscIdTeryt><sln:miejscNazwa>Zaklików</sln:miejscNazwa><sln:miejscRodzaj>Miasto</sln:miejscRodzaj><sln:powIIPId>12eb1323-4957-4dae-8cba-92aca864bd69</sln:powIIPId><sln:powIIPPn>PL.PZGIK.200</sln:powIIPPn><sln:powIIPWersja>2012-09-27T08:01:01+02:00</sln:powIIPWersja><sln:powIdTeryt>1818</sln:powIdTeryt><sln:powNazwa>stalowowolski</sln:powNazwa><sln:wojIIPId>833fe14b-fe8e-40c7-9e4e-fc27c938bb11</sln:wojIIPId><sln:wojIIPPn>PL.PZGIK.200</sln:wojIIPPn><sln:wojIIPWersja>2017-10-10T00:00:00+02:00</sln:wojIIPWersja><sln:wojIdTeryt>18</sln:wojIdTeryt><sln:wojNazwa>podkarpackie</sln:wojNazwa></sln:miejscowosc><sln:miejscowosc><sln:cyklZyciaOd>2018-03-27T00:00:00+02:00</sln:cyklZyciaOd><sln:gmIIPId>ee0dc25f-be9d-453b-8431-a0550d061420</sln:gmIIPId><sln:gmIIPPn>PL.PZGIK.200</sln:gmIIPPn><sln:gmIIPWersja>2018-03-27T15:04:03+02:00</sln:gmIIPWersja><sln:gmIdTeryt>1818053</sln:gmIdTeryt><sln:gmNazwa>Zaklików</sln:gmNazwa><sln:miejscIIPId>385989aa-1131-4dd5-ae66-bd71a6bcda6c</sln:miejscIIPId><sln:miejscIIPPn>PL.PZGIK.200</sln:miejscIIPPn><sln:miejscIIPWersja>2018-03-27T09:42:12+02:00</sln:miejscIIPWersja><sln:miejscIdTeryt>0810650</sln:miejscIdTeryt><sln:miejscNazwa>Zdziechowice Pierwsze</sln:miejscNazwa><sln:miejscRodzaj>Wieś</sln:miejscRodzaj><sln:powIIPId>12eb1323-4957-4dae-8cba-92aca864bd69</sln:powIIPId><sln:powIIPPn>PL.PZGIK.200</sln:powIIPPn><sln:powIIPWersja>2012-09-27T08:01:01+02:00</sln:powIIPWersja><sln:powIdTeryt>1818</sln:powIdTeryt><sln:powNazwa>stalowowolski</sln:powNazwa><sln:wojIIPId>833fe14b-fe8e-40c7-9e4e-fc27c938bb11</sln:wojIIPId><sln:wojIIPPn>PL.PZGIK.200</sln:wojIIPPn><sln:wojIIPWersja>2017-10-10T00:00:00+02:00</sln:wojIIPWersja><sln:wojIdTeryt>18</sln:wojIdTeryt><sln:wojNazwa>podkarpackie</sln:wojNazwa></sln:miejscowosc><sln:miejscowosc><sln:cyklZyciaOd>2018-03-27T00:00:00+02:00</sln:cyklZyciaOd><sln:gmIIPId>ee0dc25f-be9d-453b-8431-a0550d061420</sln:gmIIPId><sln:gmIIPPn>PL.PZGIK.200</sln:gmIIPPn><sln:gmIIPWersja>2018-03-27T15:04:03+02:00</sln:gmIIPWersja><sln:gmIdTeryt>1818053</sln:gmIdTeryt><sln:gmNazwa>Zaklików</sln:gmNazwa><sln:miejscIIPId>2d86e219-ce18-4b73-868e-c75eddb385d3</sln:miejscIIPId><sln:miejscIIPPn>PL.PZGIK.200</sln:miejscIIPPn><sln:miejscIIPWersja>2018-03-27T09:42:12+02:00</sln:miejscIIPWersja><sln:miejscIdTeryt>0810621</sln:miejscIdTeryt><sln:miejscNazwa>Zdziechowice Drugie</sln:miejscNazwa><sln:miejscRodzaj>Wieś</sln:miejscRodzaj><sln:powIIPId>12eb1323-4957-4dae-8cba-92aca864bd69</sln:powIIPId><sln:powIIPPn>PL.PZGIK.200</sln:powIIPPn><sln:powIIPWersja>2012-09-27T08:01:01+02:00</sln:powIIPWersja><sln:powIdTeryt>1818</sln:powIdTeryt><sln:powNazwa>stalowowolski</sln:powNazwa><sln:wojIIPId>833fe14b-fe8e-40c7-9e4e-fc27c938bb11</sln:wojIIPId><sln:wojIIPPn>PL.PZGIK.200</sln:wojIIPPn><sln:wojIIPWersja>2017-10-10T00:00:00+02:00</sln:wojIIPWersja><sln:wojIdTeryt>18</sln:wojIdTeryt><sln:wojNazwa>podkarpackie</sln:wojNazwa></sln:miejscowosc><sln:miejscowosc><sln:cyklZyciaOd>2018-03-27T00:00:00+02:00</sln:cyklZyciaOd><sln:gmIIPId>ee0dc25f-be9d-453b-8431-a0550d061420</sln:gmIIPId><sln:gmIIPPn>PL.PZGIK.200</sln:gmIIPPn><sln:gmIIPWersja>2018-03-27T15:04:03+02:00</sln:gmIIPWersja><sln:gmIdTeryt>1818053</sln:gmIdTeryt><sln:gmNazwa>Zaklików</sln:gmNazwa><sln:miejscIIPId>06d6866f-b988-4bb3-97c5-5e1aa36436b3</sln:miejscIIPId><sln:miejscIIPPn>PL.PZGIK.200</sln:miejscIIPPn><sln:miejscIIPWersja>2018-03-27T09:42:12+02:00</sln:miejscIIPWersja><sln:miejscIdTeryt>0810466</sln:miejscIdTeryt><sln:miejscNazwa>Dąbrowa</sln:miejscNazwa><sln:miejscRodzaj>Wieś</sln:miejscRodzaj><sln:powIIPId>12eb1323-4957-4dae-8cba-92aca864bd69</sln:powIIPId><sln:powIIPPn>PL.PZGIK.200</sln:powIIPPn><sln:powIIPWersja>2012-09-27T08:01:01+02:00</sln:powIIPWersja><sln:powIdTeryt>1818</sln:powIdTeryt><sln:powNazwa>stalowowolski</sln:powNazwa><sln:wojIIPId>833fe14b-fe8e-40c7-9e4e-fc27c938bb11</sln:wojIIPId><sln:wojIIPPn>PL.PZGIK.200</sln:wojIIPPn><sln:wojIIPWersja>2017-10-10T00:00:00+02:00</sln:wojIIPWersja><sln:wojIdTeryt>18</sln:wojIdTeryt><sln:wojNazwa>podkarpackie</sln:wojNazwa></sln:miejscowosc><sln:miejscowosc><sln:cyklZyciaOd>2018-03-27T00:00:00+02:00</sln:cyklZyciaOd><sln:gmIIPId>ee0dc25f-be9d-453b-8431-a0550d061420</sln:gmIIPId><sln:gmIIPPn>PL.PZGIK.200</sln:gmIIPPn><sln:gmIIPWersja>2018-03-27T15:04:03+02:00</sln:gmIIPWersja><sln:gmIdTeryt>1818053</sln:gmIdTeryt><sln:gmNazwa>Zaklików</sln:gmNazwa><sln:miejscIIPId>0c62d557-7950-4259-904d-91960f9aa09a</sln:miejscIIPId><sln:miejscIIPPn>PL.PZGIK.200</sln:miejscIIPPn><sln:miejscIIPWersja>2018-03-27T09:42:12+02:00</sln:miejscIIPWersja><sln:miejscIdTeryt>0810489</sln:miejscIdTeryt><sln:miejscNazwa>Goliszowiec</sln:miejscNazwa><sln:miejscRodzaj>Wieś</sln:miejscRodzaj><sln:powIIPId>12eb1323-4957-4dae-8cba-92aca864bd69</sln:powIIPId><sln:powIIPPn>PL.PZGIK.200</sln:powIIPPn><sln:powIIPWersja>2012-09-27T08:01:01+02:00</sln:powIIPWersja><sln:powIdTeryt>1818</sln:powIdTeryt><sln:powNazwa>stalowowolski</sln:powNazwa><sln:wojIIPId>833fe14b-fe8e-40c7-9e4e-fc27c938bb11</sln:wojIIPId><sln:wojIIPPn>PL.PZGIK.200</sln:wojIIPPn><sln:wojIIPWersja>2017-10-10T00:00:00+02:00</sln:wojIIPWersja><sln:wojIdTeryt>18</sln:wojIdTeryt><sln:wojNazwa>podkarpackie</sln:wojNazwa></sln:miejscowosc><sln:miejscowosc><sln:cyklZyciaOd>2018-03-27T00:00:00+02:00</sln:cyklZyciaOd><sln:gmIIPId>ee0dc25f-be9d-453b-8431-a0550d061420</sln:gmIIPId><sln:gmIIPPn>PL.PZGIK.200</sln:gmIIPPn><sln:gmIIPWersja>2018-03-27T15:04:03+02:00</sln:gmIIPWersja><sln:gmIdTeryt>1818053</sln:gmIdTeryt><sln:gmNazwa>Zaklików</sln:gmNazwa><sln:miejscIIPId>0498b4fd-3bb3-47b6-af95-1cc1bfbbe5ea</sln:miejscIIPId><sln:miejscIIPPn>PL.PZGIK.200</sln:miejscIIPPn><sln:miejscIIPWersja>2018-03-27T09:42:12+02:00</sln:miejscIIPWersja><sln:miejscIdTeryt>0810472</sln:miejscIdTeryt><sln:miejscNazwa>Gielnia</sln:miejscNazwa><sln:miejscRodzaj>Wieś</sln:miejscRodzaj><sln:powIIPId>12eb1323-4957-4dae-8cba-92aca864bd69</sln:powIIPId><sln:powIIPPn>PL.PZGIK.200</sln:powIIPPn><sln:powIIPWersja>2012-09-27T08:01:01+02:00</sln:powIIPWersja><sln:powIdTeryt>1818</sln:powIdTeryt><sln:powNazwa>stalowowolski</sln:powNazwa><sln:wojIIPId>833fe14b-fe8e-40c7-9e4e-fc27c938bb11</sln:wojIIPId><sln:wojIIPPn>PL.PZGIK.200</sln:wojIIPPn><sln:wojIIPWersja>2017-10-10T00:00:00+02:00</sln:wojIIPWersja><sln:wojIdTeryt>18</sln:wojIdTeryt><sln:wojNazwa>podkarpackie</sln:wojNazwa></sln:miejscowosc><sln:miejscowosc><sln:cyklZyciaOd>2018-03-27T00:00:00+02:00</sln:cyklZyciaOd><sln:gmIIPId>ee0dc25f-be9d-453b-8431-a0550d061420</sln:gmIIPId><sln:gmIIPPn>PL.PZGIK.200</sln:gmIIPPn><sln:gmIIPWersja>2018-03-27T15:04:03+02:00</sln:gmIIPWersja><sln:gmIdTeryt>1818053</sln:gmIdTeryt><sln:gmNazwa>Zaklików</sln:gmNazwa><sln:miejscIIPId>410d12f5-438e-4c13-a060-c734e6d2820b</sln:miejscIIPId><sln:miejscIIPPn>PL.PZGIK.200</sln:miejscIIPPn><sln:miejscIIPWersja>2018-03-27T09:42:12+02:00</sln:miejscIIPWersja><sln:miejscIdTeryt>0810510</sln:miejscIdTeryt><sln:miejscNazwa>Irena</sln:miejscNazwa><sln:miejscRodzaj>Wieś</sln:miejscRodzaj><sln:powIIPId>12eb1323-4957-4dae-8cba-92aca864bd69</sln:powIIPId><sln:powIIPPn>PL.PZGIK.200</sln:powIIPPn><sln:powIIPWersja>2012-09-27T08:01:01+02:00</sln:powIIPWersja><sln:powIdTeryt>1818</sln:powIdTeryt><sln:powNazwa>stalowowolski</sln:powNazwa><sln:wojIIPId>833fe14b-fe8e-40c7-9e4e-fc27c938bb11</sln:wojIIPId><sln:wojIIPPn>PL.PZGIK.200</sln:wojIIPPn><sln:wojIIPWersja>2017-10-10T00:00:00+02:00</sln:wojIIPWersja><sln:wojIdTeryt>18</sln:wojIdTeryt><sln:wojNazwa>podkarpackie</sln:wojNazwa></sln:miejscowosc><sln:miejscowosc><sln:cyklZyciaOd>2018-03-27T00:00:00+02:00</sln:cyklZyciaOd><sln:gmIIPId>ee0dc25f-be9d-453b-8431-a0550d061420</sln:gmIIPId><sln:gmIIPPn>PL.PZGIK.200</sln:gmIIPPn><sln:gmIIPWersja>2018-03-27T15:04:03+02:00</sln:gmIIPWersja><sln:gmIdTeryt>1818053</sln:gmIdTeryt><sln:gmNazwa>Zaklików</sln:gmNazwa><sln:miejscIIPId>38f5acf3-81db-4131-8da5-350917d31f47</sln:miejscIIPId><sln:miejscIIPPn>PL.PZGIK.200</sln:miejscIIPPn><sln:miejscIIPWersja>2018-03-27T09:42:12+02:00</sln:miejscIIPWersja><sln:miejscIdTeryt>0810549</sln:miejscIdTeryt><sln:miejscNazwa>Lipa</sln:miejscNazwa><sln:miejscRodzaj>Wieś</sln:miejscRodzaj><sln:powIIPId>12eb1323-4957-4dae-8cba-92aca864bd69</sln:powIIPId><sln:powIIPPn>PL.PZGIK.200</sln:powIIPPn><sln:powIIPWersja>2012-09-27T08:01:01+02:00</sln:powIIPWersja><sln:powIdTeryt>1818</sln:powIdTeryt><sln:powNazwa>stalowowolski</sln:powNazwa><sln:wojIIPId>833fe14b-fe8e-40c7-9e4e-fc27c938bb11</sln:wojIIPId><sln:wojIIPPn>PL.PZGIK.200</sln:wojIIPPn><sln:wojIIPWersja>2017-10-10T00:00:00+02:00</sln:wojIIPWersja><sln:wojIdTeryt>18</sln:wojIdTeryt><sln:wojNazwa>podkarpackie</sln:wojNazwa></sln:miejscowosc><sln:miejscowosc><sln:cyklZyciaOd>2018-03-27T00:00:00+02:00</sln:cyklZyciaOd><sln:gmIIPId>ee0dc25f-be9d-453b-8431-a0550d061420</sln:gmIIPId><sln:gmIIPPn>PL.PZGIK.200</sln:gmIIPPn><sln:gmIIPWersja>2018-03-27T15:04:03+02:00</sln:gmIIPWersja><sln:gmIdTeryt>1818053</sln:gmIdTeryt><sln:gmNazwa>Zaklików</sln:gmNazwa><sln:miejscIIPId>d12fec4b-ac8b-4218-9f55-3e5aeb0efdcc</sln:miejscIIPId><sln:miejscIIPPn>PL.PZGIK.200</sln:miejscIIPPn><sln:miejscIIPWersja>2018-03-27T09:42:12+02:00</sln:miejscIIPWersja><sln:miejscIdTeryt>0810561</sln:miejscIdTeryt><sln:miejscNazwa>Łążek</sln:miejscNazwa><sln:miejscRodzaj>Wieś</sln:miejscRodzaj><sln:powIIPId>12eb1323-4957-4dae-8cba-92aca864bd69</sln:powIIPId><sln:powIIPPn>PL.PZGIK.200</sln:powIIPPn><sln:powIIPWersja>2012-09-27T08:01:01+02:00</sln:powIIPWersja><sln:powIdTeryt>1818</sln:powIdTeryt><sln:powNazwa>stalowowolski</sln:powNazwa><sln:wojIIPId>833fe14b-fe8e-40c7-9e4e-fc27c938bb11</sln:wojIIPId><sln:wojIIPPn>PL.PZGIK.200</sln:wojIIPPn><sln:wojIIPWersja>2017-10-10T00:00:00+02:00</sln:wojIIPWersja><sln:wojIdTeryt>18</sln:wojIdTeryt><sln:wojNazwa>podkarpackie</sln:wojNazwa></sln:miejscowosc><sln:miejscowosc><sln:cyklZyciaOd>2018-03-27T00:00:00+02:00</sln:cyklZyciaOd><sln:gmIIPId>ee0dc25f-be9d-453b-8431-a0550d061420</sln:gmIIPId><sln:gmIIPPn>PL.PZGIK.200</sln:gmIIPPn><sln:gmIIPWersja>2018-03-27T15:04:03+02:00</sln:gmIIPWersja><sln:gmIdTeryt>1818053</sln:gmIdTeryt><sln:gmNazwa>Zaklików</sln:gmNazwa><sln:miejscIIPId>a23bb285-fff4-4fee-87db-db5c954816d0</sln:miejscIIPId><sln:miejscIIPPn>PL.PZGIK.200</sln:miejscIIPPn><sln:miejscIIPWersja>2018-03-27T09:42:12+02:00</sln:miejscIIPWersja><sln:miejscIdTeryt>0810584</sln:miejscIdTeryt><sln:miejscNazwa>Łysaków-Kolonia</sln:miejscNazwa><sln:miejscRodzaj>Wieś</sln:miejscRodzaj><sln:powIIPId>12eb1323-4957-4dae-8cba-92aca864bd69</sln:powIIPId><sln:powIIPPn>PL.PZGIK.200</sln:powIIPPn><sln:powIIPWersja>2012-09-27T08:01:01+02:00</sln:powIIPWersja><sln:powIdTeryt>1818</sln:powIdTeryt><sln:powNazwa>stalowowolski</sln:powNazwa><sln:wojIIPId>833fe14b-fe8e-40c7-9e4e-fc27c938bb11</sln:wojIIPId><sln:wojIIPPn>PL.PZGIK.200</sln:wojIIPPn><sln:wojIIPWersja>2017-10-10T00:00:00+02:00</sln:wojIIPWersja><sln:wojIdTeryt>18</sln:wojIdTeryt><sln:wojNazwa>podkarpackie</sln:wojNazwa></sln:miejscowosc><sln:miejscowosc><sln:cyklZyciaOd>2018-03-27T00:00:00+02:00</sln:cyklZyciaOd><sln:gmIIPId>ee0dc25f-be9d-453b-8431-a0550d061420</sln:gmIIPId><sln:gmIIPPn>PL.PZGIK.200</sln:gmIIPPn><sln:gmIIPWersja>2018-03-27T15:04:03+02:00</sln:gmIIPWersja><sln:gmIdTeryt>1818053</sln:gmIdTeryt><sln:gmNazwa>Zaklików</sln:gmNazwa><sln:miejscIIPId>6ffedf44-e034-4931-8522-c1530841059d</sln:miejscIIPId><sln:miejscIIPPn>PL.PZGIK.200</sln:miejscIIPPn><sln:miejscIIPWersja>2018-03-27T09:42:13+02:00</sln:miejscIIPWersja><sln:miejscIdTeryt>0810578</sln:miejscIdTeryt><sln:miejscNazwa>Łysaków</sln:miejscNazwa><sln:miejscRodzaj>Wieś</sln:miejscRodzaj><sln:powIIPId>12eb1323-4957-4dae-8cba-92aca864bd69</sln:powIIPId><sln:powIIPPn>PL.PZGIK.200</sln:powIIPPn><sln:powIIPWersja>2012-09-27T08:01:01+02:00</sln:powIIPWersja><sln:powIdTeryt>1818</sln:powIdTeryt><sln:powNazwa>stalowowolski</sln:powNazwa><sln:wojIIPId>833fe14b-fe8e-40c7-9e4e-fc27c938bb11</sln:wojIIPId><sln:wojIIPPn>PL.PZGIK.200</sln:wojIIPPn><sln:wojIIPWersja>2017-10-10T00:00:00+02:00</sln:wojIIPWersja><sln:wojIdTeryt>18</sln:wojIdTeryt><sln:wojNazwa>podkarpackie</sln:wojNazwa></sln:miejscowosc><sln:miejscowosc><sln:cyklZyciaOd>2018-03-27T00:00:00+02:00</sln:cyklZyciaOd><sln:gmIIPId>ee0dc25f-be9d-453b-8431-a0550d061420</sln:gmIIPId><sln:gmIIPPn>PL.PZGIK.200</sln:gmIIPPn><sln:gmIIPWersja>2018-03-27T15:04:03+02:00</sln:gmIIPWersja><sln:gmIdTeryt>1818053</sln:gmIdTeryt><sln:gmNazwa>Zaklików</sln:gmNazwa><sln:miejscIIPId>3d462e24-7e0c-4ec4-bc76-e0c3c2cd3109</sln:miejscIIPId><sln:miejscIIPPn>PL.PZGIK.200</sln:miejscIIPPn><sln:miejscIIPWersja>2018-03-27T09:42:13+02:00</sln:miejscIIPWersja><sln:miejscIdTeryt>0810590</sln:miejscIdTeryt><sln:miejscNazwa>Nowe Baraki</sln:miejscNazwa><sln:miejscRodzaj>Wieś</sln:miejscRodzaj><sln:powIIPId>12eb1323-4957-4dae-8cba-92aca864bd69</sln:powIIPId><sln:powIIPPn>PL.PZGIK.200</sln:powIIPPn><sln:powIIPWersja>2012-09-27T08:01:01+02:00</sln:powIIPWersja><sln:powIdTeryt>1818</sln:powIdTeryt><sln:powNazwa>stalowowolski</sln:powNazwa><sln:wojIIPId>833fe14b-fe8e-40c7-9e4e-fc27c938bb11</sln:wojIIPId><sln:wojIIPPn>PL.PZGIK.200</sln:wojIIPPn><sln:wojIIPWersja>2017-10-10T00:00:00+02:00</sln:wojIIPWersja><sln:wojIdTeryt>18</sln:wojIdTeryt><sln:wojNazwa>podkarpackie</sln:wojNazwa></sln:miejscowosc><sln:miejscowosc><sln:cyklZyciaOd>2018-03-27T00:00:00+02:00</sln:cyklZyciaOd><sln:gmIIPId>ee0dc25f-be9d-453b-8431-a0550d061420</sln:gmIIPId><sln:gmIIPPn>PL.PZGIK.200</sln:gmIIPPn><sln:gmIIPWersja>2018-03-27T15:04:03+02:00</sln:gmIIPWersja><sln:gmIdTeryt>1818053</sln:gmIdTeryt><sln:gmNazwa>Zaklików</sln:gmNazwa><sln:miejscIIPId>fa13e46f-6cb0-4588-b284-03fd61b23b68</sln:miejscIIPId><sln:miejscIIPPn>PL.PZGIK.200</sln:miejscIIPPn><sln:miejscIIPWersja>2018-03-27T09:42:13+02:00</sln:miejscIIPWersja><sln:miejscIdTeryt>0810526</sln:miejscIdTeryt><sln:miejscNazwa>Józefów</sln:miejscNazwa><sln:miejscRodzaj>Kolonia</sln:miejscRodzaj><sln:powIIPId>12eb1323-4957-4dae-8cba-92aca864bd69</sln:powIIPId><sln:powIIPPn>PL.PZGIK.200</sln:powIIPPn><sln:powIIPWersja>2012-09-27T08:01:01+02:00</sln:powIIPWersja><sln:powIdTeryt>1818</sln:powIdTeryt><sln:powNazwa>stalowowolski</sln:powNazwa><sln:wojIIPId>833fe14b-fe8e-40c7-9e4e-fc27c938bb11</sln:wojIIPId><sln:wojIIPPn>PL.PZGIK.200</sln:wojIIPPn><sln:wojIIPWersja>2017-10-10T00:00:00+02:00</sln:wojIIPWersja><sln:wojIdTeryt>18</sln:wojIdTeryt><sln:wojNazwa>podkarpackie</sln:wojNazwa></sln:miejscowosc><sln:miejscowosc><sln:cyklZyciaOd>2018-03-27T00:00:00+02:00</sln:cyklZyciaOd><sln:gmIIPId>ee0dc25f-be9d-453b-8431-a0550d061420</sln:gmIIPId><sln:gmIIPPn>PL.PZGIK.200</sln:gmIIPPn><sln:gmIIPWersja>2018-03-27T15:04:03+02:00</sln:gmIIPWersja><sln:gmIdTeryt>1818053</sln:gmIdTeryt><sln:gmNazwa>Zaklików</sln:gmNazwa><sln:miejscIIPId>43846289-8b47-4f62-9c22-5fd6345a322c</sln:miejscIIPId><sln:miejscIIPPn>PL.PZGIK.200</sln:miejscIIPPn><sln:miejscIIPWersja>2018-03-27T09:42:13+02:00</sln:miejscIIPWersja><sln:miejscIdTeryt>0810532</sln:miejscIdTeryt><sln:miejscNazwa>Karkówka</sln:miejscNazwa><sln:miejscRodzaj>Kolonia</sln:miejscRodzaj><sln:powIIPId>12eb1323-4957-4dae-8cba-92aca864bd69</sln:powIIPId><sln:powIIPPn>PL.PZGIK.200</sln:powIIPPn><sln:powIIPWersja>2012-09-27T08:01:01+02:00</sln:powIIPWersja><sln:powIdTeryt>1818</sln:powIdTeryt><sln:powNazwa>stalowowolski</sln:powNazwa><sln:wojIIPId>833fe14b-fe8e-40c7-9e4e-fc27c938bb11</sln:wojIIPId><sln:wojIIPPn>PL.PZGIK.200</sln:wojIIPPn><sln:wojIIPWersja>2017-10-10T00:00:00+02:00</sln:wojIIPWersja><sln:wojIdTeryt>18</sln:wojIdTeryt><sln:wojNazwa>podkarpackie</sln:wojNazwa></sln:miejscowosc><sln:miejscowosc><sln:cyklZyciaOd>2018-03-27T00:00:00+02:00</sln:cyklZyciaOd><sln:gmIIPId>ee0dc25f-be9d-453b-8431-a0550d061420</sln:gmIIPId><sln:gmIIPPn>PL.PZGIK.200</sln:gmIIPPn><sln:gmIIPWersja>2018-03-27T15:04:03+02:00</sln:gmIIPWersja><sln:gmIdTeryt>1818053</sln:gmIdTeryt><sln:gmNazwa>Zaklików</sln:gmNazwa><sln:miejscIIPId>73df4df4-bcfc-4d9a-acc0-b7bac9faa028</sln:miejscIIPId><sln:miejscIIPPn>PL.PZGIK.200</sln:miejscIIPPn><sln:miejscIIPWersja>2018-03-27T09:42:13+02:00</sln:miejscIIPWersja><sln:miejscIdTeryt>0810495</sln:miejscIdTeryt><sln:miejscNIIPId>0c62d557-7950-4259-904d-91960f9aa09a</sln:miejscNIIPId><sln:miejscNIIPPn>PL.PZGIK.200</sln:miejscNIIPPn><sln:miejscNIIPWersja>2018-03-27T09:42:12+02:00</sln:miejscNIIPWersja><sln:miejscNIdTeryt>0810489</sln:miejscNIdTeryt><sln:miejscNNazwa>Goliszowiec</sln:miejscNNazwa><sln:miejscNRodzaj>Wieś</sln:miejscNRodzaj><sln:miejscNazwa>Janiki</sln:miejscNazwa><sln:miejscRodzaj>Inny obiekt</sln:miejscRodzaj><sln:powIIPId>12eb1323-4957-4dae-8cba-92aca864bd69</sln:powIIPId><sln:powIIPPn>PL.PZGIK.200</sln:powIIPPn><sln:powIIPWersja>2012-09-27T08:01:01+02:00</sln:powIIPWersja><sln:powIdTeryt>1818</sln:powIdTeryt><sln:powNazwa>stalowowolski</sln:powNazwa><sln:wojIIPId>833fe14b-fe8e-40c7-9e4e-fc27c938bb11</sln:wojIIPId><sln:wojIIPPn>PL.PZGIK.200</sln:wojIIPPn><sln:wojIIPWersja>2017-10-10T00:00:00+02:00</sln:wojIIPWersja><sln:wojIdTeryt>18</sln:wojIdTeryt><sln:wojNazwa>podkarpackie</sln:wojNazwa></sln:miejscowosc><sln:miejscowosc><sln:cyklZyciaOd>2018-03-27T00:00:00+02:00</sln:cyklZyciaOd><sln:gmIIPId>ee0dc25f-be9d-453b-8431-a0550d061420</sln:gmIIPId><sln:gmIIPPn>PL.PZGIK.200</sln:gmIIPPn><sln:gmIIPWersja>2018-03-27T15:04:03+02:00</sln:gmIIPWersja><sln:gmIdTeryt>1818053</sln:gmIdTeryt><sln:gmNazwa>Zaklików</sln:gmNazwa><sln:miejscIIPId>ede3a9a8-c3a2-48fd-a903-5db7108bb25c</sln:miejscIIPId><sln:miejscIIPPn>PL.PZGIK.200</sln:miejscIIPPn><sln:miejscIIPWersja>2018-03-27T09:42:13+02:00</sln:miejscIIPWersja><sln:miejscIdTeryt>0810503</sln:miejscIdTeryt><sln:miejscNIIPId>0c62d557-7950-4259-904d-91960f9aa09a</sln:miejscNIIPId><sln:miejscNIIPPn>PL.PZGIK.200</sln:miejscNIIPPn><sln:miejscNIIPWersja>2018-03-27T09:42:12+02:00</sln:miejscNIIPWersja><sln:miejscNIdTeryt>0810489</sln:miejscNIdTeryt><sln:miejscNNazwa>Goliszowiec</sln:miejscNNazwa><sln:miejscNRodzaj>Wieś</sln:miejscNRodzaj><sln:miejscNazwa>Kruszyna</sln:miejscNazwa><sln:miejscRodzaj>Inny obiekt</sln:miejscRodzaj><sln:powIIPId>12eb1323-4957-4dae-8cba-92aca864bd69</sln:powIIPId><sln:powIIPPn>PL.PZGIK.200</sln:powIIPPn><sln:powIIPWersja>2012-09-27T08:01:01+02:00</sln:powIIPWersja><sln:powIdTeryt>1818</sln:powIdTeryt><sln:powNazwa>stalowowolski</sln:powNazwa><sln:wojIIPId>833fe14b-fe8e-40c7-9e4e-fc27c938bb11</sln:wojIIPId><sln:wojIIPPn>PL.PZGIK.200</sln:wojIIPPn><sln:wojIIPWersja>2017-10-10T00:00:00+02:00</sln:wojIIPWersja><sln:wojIdTeryt>18</sln:wojIdTeryt><sln:wojNazwa>podkarpackie</sln:wojNazwa></sln:miejscowosc><sln:miejscowosc><sln:cyklZyciaDo>2018-03-30T00:00:00+02:00</sln:cyklZyciaDo><sln:cyklZyciaOd>2018-03-27T00:00:00+02:00</sln:cyklZyciaOd><sln:gmIIPId>ee0dc25f-be9d-453b-8431-a0550d061420</sln:gmIIPId><sln:gmIIPPn>PL.PZGIK.200</sln:gmIIPPn><sln:gmIIPWersja>2018-03-27T15:04:03+02:00</sln:gmIIPWersja><sln:gmIdTeryt>1818053</sln:gmIdTeryt><sln:gmNazwa>Zaklików</sln:gmNazwa><sln:miejscIIPId>634f785c-a7eb-4764-a09f-c0b5ab06e52a</sln:miejscIIPId><sln:miejscIIPPn>PL.PZGIK.200</sln:miejscIIPPn><sln:miejscIIPWersja>2018-03-27T09:42:13+02:00</sln:miejscIIPWersja><sln:miejscIdTeryt>1043336</sln:miejscIdTeryt><sln:miejscNIIPId>0c62d557-7950-4259-904d-91960f9aa09a</sln:miejscNIIPId><sln:miejscNIIPPn>PL.PZGIK.200</sln:miejscNIIPPn><sln:miejscNIIPWersja>2018-03-27T09:42:12+02:00</sln:miejscNIIPWersja><sln:miejscNIdTeryt>0810489</sln:miejscNIdTeryt><sln:miejscNNazwa>Goliszowiec</sln:miejscNNazwa><sln:miejscNRodzaj>Wieś</sln:miejscNRodzaj><sln:miejscNazwa>Goliszowiec</sln:miejscNazwa><sln:miejscRodzaj>Osada leśna</sln:miejscRodzaj><sln:powIIPId>12eb1323-4957-4dae-8cba-92aca864bd69</sln:powIIPId><sln:powIIPPn>PL.PZGIK.200</sln:powIIPPn><sln:powIIPWersja>2012-09-27T08:01:01+02:00</sln:powIIPWersja><sln:powIdTeryt>1818</sln:powIdTeryt><sln:powNazwa>stalowowolski</sln:powNazwa><sln:wojIIPId>833fe14b-fe8e-40c7-9e4e-fc27c938bb11</sln:wojIIPId><sln:wojIIPPn>PL.PZGIK.200</sln:wojIIPPn><sln:wojIIPWersja>2017-10-10T00:00:00+02:00</sln:wojIIPWersja><sln:wojIdTeryt>18</sln:wojIdTeryt><sln:wojNazwa>podkarpackie</sln:wojNazwa></sln:miejscowosc><sln:miejscowosc><sln:cyklZyciaOd>2018-03-27T00:00:00+02:00</sln:cyklZyciaOd><sln:gmIIPId>ee0dc25f-be9d-453b-8431-a0550d061420</sln:gmIIPId><sln:gmIIPPn>PL.PZGIK.200</sln:gmIIPPn><sln:gmIIPWersja>2018-03-27T15:04:03+02:00</sln:gmIIPWersja><sln:gmIdTeryt>1818053</sln:gmIdTeryt><sln:gmNazwa>Zaklików</sln:gmNazwa><sln:miejscIIPId>fe3c1a0b-9bd0-483a-86e2-1783cb9bcdc8</sln:miejscIIPId><sln:miejscIIPPn>PL.PZGIK.200</sln:miejscIIPPn><sln:miejscIIPWersja>2018-03-27T09:42:13+02:00</sln:miejscIIPWersja><sln:miejscIdTeryt>0810638</sln:miejscIdTeryt><sln:miejscNIIPId>2d86e219-ce18-4b73-868e-c75eddb385d3</sln:miejscNIIPId><sln:miejscNIIPPn>PL.PZGIK.200</sln:miejscNIIPPn><sln:miejscNIIPWersja>2018-03-27T09:42:12+02:00</sln:miejscNIIPWersja><sln:miejscNIdTeryt>0810621</sln:miejscNIdTeryt><sln:miejscNNazwa>Zdziechowice Drugie</sln:miejscNNazwa><sln:miejscNRodzaj>Wieś</sln:miejscNRodzaj><sln:miejscNazwa>Antoniówka</sln:miejscNazwa><sln:miejscRodzaj>Kolonia</sln:miejscRodzaj><sln:powIIPId>12eb1323-4957-4dae-8cba-92aca864bd69</sln:powIIPId><sln:powIIPPn>PL.PZGIK.200</sln:powIIPPn><sln:powIIPWersja>2012-09-27T08:01:01+02:00</sln:powIIPWersja><sln:powIdTeryt>1818</sln:powIdTeryt><sln:powNazwa>stalowowolski</sln:powNazwa><sln:wojIIPId>833fe14b-fe8e-40c7-9e4e-fc27c938bb11</sln:wojIIPId><sln:wojIIPPn>PL.PZGIK.200</sln:wojIIPPn><sln:wojIIPWersja>2017-10-10T00:00:00+02:00</sln:wojIIPWersja><sln:wojIdTeryt>18</sln:wojIdTeryt><sln:wojNazwa>podkarpackie</sln:wojNazwa></sln:miejscowosc><sln:miejscowosc><sln:cyklZyciaOd>2018-03-27T00:00:00+02:00</sln:cyklZyciaOd><sln:gmIIPId>ee0dc25f-be9d-453b-8431-a0550d061420</sln:gmIIPId><sln:gmIIPPn>PL.PZGIK.200</sln:gmIIPPn><sln:gmIIPWersja>2018-03-27T15:04:03+02:00</sln:gmIIPWersja><sln:gmIdTeryt>1818053</sln:gmIdTeryt><sln:gmNazwa>Zaklików</sln:gmNazwa><sln:miejscIIPId>750c5c0b-4230-44a4-9418-cb2cf412c687</sln:miejscIIPId><sln:miejscIIPPn>PL.PZGIK.200</sln:miejscIIPPn><sln:miejscIIPWersja>2018-03-27T09:42:13+02:00</sln:miejscIIPWersja><sln:miejscIdTeryt>0810644</sln:miejscIdTeryt><sln:miejscNIIPId>2d86e219-ce18-4b73-868e-c75eddb385d3</sln:miejscNIIPId><sln:miejscNIIPPn>PL.PZGIK.200</sln:miejscNIIPPn><sln:miejscNIIPWersja>2018-03-27T09:42:12+02:00</sln:miejscNIIPWersja><sln:miejscNIdTeryt>0810621</sln:miejscNIdTeryt><sln:miejscNNazwa>Zdziechowice Drugie</sln:miejscNNazwa><sln:miejscNRodzaj>Wieś</sln:miejscNRodzaj><sln:miejscNazwa>Radna Góra</sln:miejscNazwa><sln:miejscRodzaj>Część wsi</sln:miejscRodzaj><sln:powIIPId>12eb1323-4957-4dae-8cba-92aca864bd69</sln:powIIPId><sln:powIIPPn>PL.PZGIK.200</sln:powIIPPn><sln:powIIPWersja>2012-09-27T08:01:01+02:00</sln:powIIPWersja><sln:powIdTeryt>1818</sln:powIdTeryt><sln:powNazwa>stalowowolski</sln:powNazwa><sln:wojIIPId>833fe14b-fe8e-40c7-9e4e-fc27c938bb11</sln:wojIIPId><sln:wojIIPPn>PL.PZGIK.200</sln:wojIIPPn><sln:wojIIPWersja>2017-10-10T00:00:00+02:00</sln:wojIIPWersja><sln:wojIdTeryt>18</sln:wojIdTeryt><sln:wojNazwa>podkarpackie</sln:wojNazwa></sln:miejscowosc></sln:lista-miejscowosci>