<?xml version="1.0" encoding="UTF-8" standalone="yes"?><sln:lista-miejscowosci xmlns:srv="http://gugik.gov.pl/schemas/slowniki-service/1.0" xmlns:sln="http://gugik.gov.pl/schemas/slowniki-schema/1.0"><sln:miejscowosc><sln:cyklZyciaDo>2017-04-18T00:00:00+02:00</sln:cyklZyciaDo><sln:cyklZyciaOd>2016-03-15T00:00:00+01:00</sln:cyklZyciaOd><sln:gmIIPId>01531666-f38d-4984-bb71-e3024c852e14</sln:gmIIPId><sln:gmIIPPn>PL.PZGIK.200</sln:gmIIPPn><sln:gmIIPWersja>2012-09-26T22:07:36+02:00</sln:gmIIPWersja><sln:gmIdTeryt>1818011</sln:gmIdTeryt><sln:gmNazwa>Stalowa Wola</sln:gmNazwa><sln:miejscIIPId>3fdd3ae1-2abd-4a9d-a77d-78538373ec6a</sln:miejscIIPId><sln:miejscIIPPn>PL.PZGIK.200</sln:miejscIIPPn><sln:miejscIIPWersja>2016-11-24T13:18:58+02:00</sln:miejscIIPWersja><sln:miejscIdTeryt>0981133</sln:miejscIdTeryt><sln:miejscNazwa>Stalowa Wola</sln:miejscNazwa><sln:miejscRodzaj>Miasto</sln:miejscRodzaj><sln:powIIPId>12eb1323-4957-4dae-8cba-92aca864bd69</sln:powIIPId><sln:powIIPPn>PL.PZGIK.200</sln:powIIPPn><sln:powIIPWersja>2012-09-27T08:01:01+02:00</sln:powIIPWersja><sln:powIdTeryt>1818</sln:powIdTeryt><sln:powNazwa>stalowowolski</sln:powNazwa><sln:waznyOd>2016-02-04T00:00:00+01:00</sln:waznyOd><sln:wojIIPId>833fe14b-fe8e-40c7-9e4e-fc27c938bb11</sln:wojIIPId><sln:wojIIPPn>PL.PZGIK.200</sln:wojIIPPn><sln:wojIIPWersja>2017-10-10T00:00:00+02:00</sln:wojIIPWersja><sln:wojIdTeryt>18</sln:wojIdTeryt><sln:wojNazwa>podkarpackie</sln:wojNazwa></sln:miejscowosc><sln:miejscowosc><sln:cyklZyciaOd>2017-04-18T00:00:00+02:00</sln:cyklZyciaOd><sln:gmIIPId>01531666-f38d-4984-bb71-e3024c852e14</sln:gmIIPId><sln:gmIIPPn>PL.PZGIK.200</sln:gmIIPPn><sln:gmIIPWersja>2012-09-26T22:07:36+02:00</sln:gmIIPWersja><sln:gmIdTeryt>1818011</sln:gmIdTeryt><sln:gmNazwa>Stalowa Wola</sln:gmNazwa><sln:miejscIIPId>3fdd3ae1-2abd-4a9d-a77d-78538373ec6a</sln:miejscIIPId><sln:miejscIIPPn>PL.PZGIK.200</sln:miejscIIPPn><sln:miejscIIPWersja>2017-04-18T12:07:50+02:00</sln:miejscIIPWersja><sln:miejscIdTeryt>0981133</sln:miejscIdTeryt><sln:miejscNazwa>Stalowa Wola</sln:miejscNazwa><sln:miejscRodzaj>Miasto</sln:miejscRodzaj><sln:powIIPId>12eb1323-4957-4dae-8cba-92aca864bd69</sln:powIIPId><sln:powIIPPn>PL.PZGIK.200</sln:powIIPPn><sln:powIIPWersja>2012-09-27T08:01:01+02:00</sln:powIIPWersja><sln:powIdTeryt>1818</sln:powIdTeryt><sln:powNazwa>stalowowolski</sln:powNazwa><sln:waznyOd>2016-02-04T00:00:00+01:00</sln:waznyOd><sln:wojIIPId>833fe14b-fe8e-40c7-9e4e-fc27c938bb11</sln:wojIIPId><sln:wojIIPPn>PL.PZGIK.200</sln:wojIIPPn><sln:wojIIPWersja>2017-10-10T00:00:00+02:00</sln:wojIIPWersja><sln:wojIdTeryt>18</sln:wojIdTeryt><sln:wojNazwa>podkarpackie</sln:wojNazwa></sln:miejscowosc></sln:lista-miejscowosci>