<?xml version="1.0" encoding="UTF-8" standalone="yes"?><sln:lista-miejscowosci xmlns:srv="http://gugik.gov.pl/schemas/slowniki-service/1.0" xmlns:sln="http://gugik.gov.pl/schemas/slowniki-schema/1.0"><sln:miejscowosc><sln:cyklZyciaDo>2017-11-29T00:00:00+01:00</sln:cyklZyciaDo><sln:cyklZyciaOd>2014-11-25T00:00:00+01:00</sln:cyklZyciaOd><sln:gmIIPId>04f71d71-1b54-42c3-be22-e3e2c79b997a</sln:gmIIPId><sln:gmIIPPn>PL.PZGIK.200</sln:gmIIPPn><sln:gmIIPWersja>2012-09-26T22:00:19+02:00</sln:gmIIPWersja><sln:gmIdTeryt>1803011</sln:gmIdTeryt><sln:gmNazwa>Dębica</sln:gmNazwa><sln:miejscIIPId>b4c4c01f-7d1a-4d6b-af9e-ff3382f12fe8</sln:miejscIIPId><sln:miejscIIPPn>PL.PZGIK.200</sln:miejscIIPPn><sln:miejscIIPWersja>2016-11-24T13:24:12+02:00</sln:miejscIIPWersja><sln:miejscIdTeryt>3007774</sln:miejscIdTeryt><sln:miejscNazwa>Wola</sln:miejscNazwa><sln:miejscRodzaj>Inny obiekt</sln:miejscRodzaj><sln:powIIPId>5d56a379-ad83-47b3-9aa4-e7188cf79742</sln:powIIPId><sln:powIIPPn>PL.PZGIK.200</sln:powIIPPn><sln:powIIPWersja>2012-09-27T08:01:01+02:00</sln:powIIPWersja><sln:powIdTeryt>1803</sln:powIdTeryt><sln:powNazwa>dębicki</sln:powNazwa><sln:wojIIPId>833fe14b-fe8e-40c7-9e4e-fc27c938bb11</sln:wojIIPId><sln:wojIIPPn>PL.PZGIK.200</sln:wojIIPPn><sln:wojIIPWersja>2017-10-10T00:00:00+02:00</sln:wojIIPWersja><sln:wojIdTeryt>18</sln:wojIdTeryt><sln:wojNazwa>podkarpackie</sln:wojNazwa></sln:miejscowosc><sln:miejscowosc><sln:cyklZyciaDo>2017-11-29T00:00:00+01:00</sln:cyklZyciaDo><sln:cyklZyciaOd>2014-11-25T00:00:00+01:00</sln:cyklZyciaOd><sln:gmIIPId>04f71d71-1b54-42c3-be22-e3e2c79b997a</sln:gmIIPId><sln:gmIIPPn>PL.PZGIK.200</sln:gmIIPPn><sln:gmIIPWersja>2012-09-26T22:00:19+02:00</sln:gmIIPWersja><sln:gmIdTeryt>1803011</sln:gmIdTeryt><sln:gmNazwa>Dębica</sln:gmNazwa><sln:miejscIIPId>e5feef76-44a3-4666-b0fd-e7c4326ec583</sln:miejscIIPId><sln:miejscIIPPn>PL.PZGIK.200</sln:miejscIIPPn><sln:miejscIIPWersja>2016-11-24T13:24:09+02:00</sln:miejscIIPWersja><sln:miejscIdTeryt>3004273</sln:miejscIdTeryt><sln:miejscNazwa>Osiedle Rzeszowska Południe</sln:miejscNazwa><sln:miejscRodzaj>Inny obiekt</sln:miejscRodzaj><sln:powIIPId>5d56a379-ad83-47b3-9aa4-e7188cf79742</sln:powIIPId><sln:powIIPPn>PL.PZGIK.200</sln:powIIPPn><sln:powIIPWersja>2012-09-27T08:01:01+02:00</sln:powIIPWersja><sln:powIdTeryt>1803</sln:powIdTeryt><sln:powNazwa>dębicki</sln:powNazwa><sln:wojIIPId>833fe14b-fe8e-40c7-9e4e-fc27c938bb11</sln:wojIIPId><sln:wojIIPPn>PL.PZGIK.200</sln:wojIIPPn><sln:wojIIPWersja>2017-10-10T00:00:00+02:00</sln:wojIIPWersja><sln:wojIdTeryt>18</sln:wojIdTeryt><sln:wojNazwa>podkarpackie</sln:wojNazwa></sln:miejscowosc><sln:miejscowosc><sln:cyklZyciaDo>2017-11-29T00:00:00+01:00</sln:cyklZyciaDo><sln:cyklZyciaOd>2014-11-25T00:00:00+01:00</sln:cyklZyciaOd><sln:gmIIPId>04f71d71-1b54-42c3-be22-e3e2c79b997a</sln:gmIIPId><sln:gmIIPPn>PL.PZGIK.200</sln:gmIIPPn><sln:gmIIPWersja>2012-09-26T22:00:19+02:00</sln:gmIIPWersja><sln:gmIdTeryt>1803011</sln:gmIdTeryt><sln:gmNazwa>Dębica</sln:gmNazwa><sln:miejscIIPId>f85e344d-bf57-4bb8-8744-dda2bd1e0cbe</sln:miejscIIPId><sln:miejscIIPPn>PL.PZGIK.200</sln:miejscIIPPn><sln:miejscIIPWersja>2016-11-24T13:24:09+02:00</sln:miejscIIPWersja><sln:miejscIdTeryt>3004274</sln:miejscIdTeryt><sln:miejscNazwa>Osiedle Rzeszowska Północ</sln:miejscNazwa><sln:miejscRodzaj>Inny obiekt</sln:miejscRodzaj><sln:powIIPId>5d56a379-ad83-47b3-9aa4-e7188cf79742</sln:powIIPId><sln:powIIPPn>PL.PZGIK.200</sln:powIIPPn><sln:powIIPWersja>2012-09-27T08:01:01+02:00</sln:powIIPWersja><sln:powIdTeryt>1803</sln:powIdTeryt><sln:powNazwa>dębicki</sln:powNazwa><sln:wojIIPId>833fe14b-fe8e-40c7-9e4e-fc27c938bb11</sln:wojIIPId><sln:wojIIPPn>PL.PZGIK.200</sln:wojIIPPn><sln:wojIIPWersja>2017-10-10T00:00:00+02:00</sln:wojIIPWersja><sln:wojIdTeryt>18</sln:wojIdTeryt><sln:wojNazwa>podkarpackie</sln:wojNazwa></sln:miejscowosc><sln:miejscowosc><sln:cyklZyciaDo>2017-11-29T00:00:00+01:00</sln:cyklZyciaDo><sln:cyklZyciaOd>2014-11-25T00:00:00+01:00</sln:cyklZyciaOd><sln:gmIIPId>04f71d71-1b54-42c3-be22-e3e2c79b997a</sln:gmIIPId><sln:gmIIPPn>PL.PZGIK.200</sln:gmIIPPn><sln:gmIIPWersja>2012-09-26T22:00:19+02:00</sln:gmIIPWersja><sln:gmIdTeryt>1803011</sln:gmIdTeryt><sln:gmNazwa>Dębica</sln:gmNazwa><sln:miejscIIPId>3e7bdc81-e494-4dfb-9318-bade9006702f</sln:miejscIIPId><sln:miejscIIPPn>PL.PZGIK.200</sln:miejscIIPPn><sln:miejscIIPWersja>2016-11-24T13:24:12+02:00</sln:miejscIIPWersja><sln:miejscIdTeryt>3015753</sln:miejscIdTeryt><sln:miejscNazwa>Osiedle Metalowiec</sln:miejscNazwa><sln:miejscRodzaj>Inny obiekt</sln:miejscRodzaj><sln:powIIPId>5d56a379-ad83-47b3-9aa4-e7188cf79742</sln:powIIPId><sln:powIIPPn>PL.PZGIK.200</sln:powIIPPn><sln:powIIPWersja>2012-09-27T08:01:01+02:00</sln:powIIPWersja><sln:powIdTeryt>1803</sln:powIdTeryt><sln:powNazwa>dębicki</sln:powNazwa><sln:wojIIPId>833fe14b-fe8e-40c7-9e4e-fc27c938bb11</sln:wojIIPId><sln:wojIIPPn>PL.PZGIK.200</sln:wojIIPPn><sln:wojIIPWersja>2017-10-10T00:00:00+02:00</sln:wojIIPWersja><sln:wojIdTeryt>18</sln:wojIdTeryt><sln:wojNazwa>podkarpackie</sln:wojNazwa></sln:miejscowosc><sln:miejscowosc><sln:cyklZyciaDo>2017-11-29T00:00:00+01:00</sln:cyklZyciaDo><sln:cyklZyciaOd>2014-11-25T00:00:00+01:00</sln:cyklZyciaOd><sln:gmIIPId>04f71d71-1b54-42c3-be22-e3e2c79b997a</sln:gmIIPId><sln:gmIIPPn>PL.PZGIK.200</sln:gmIIPPn><sln:gmIIPWersja>2012-09-26T22:00:19+02:00</sln:gmIIPWersja><sln:gmIdTeryt>1803011</sln:gmIdTeryt><sln:gmNazwa>Dębica</sln:gmNazwa><sln:miejscIIPId>e8c3a8d6-60f6-4371-8a28-d60b90306ad4</sln:miejscIIPId><sln:miejscIIPPn>PL.PZGIK.200</sln:miejscIIPPn><sln:miejscIIPWersja>2016-11-24T13:24:12+02:00</sln:miejscIIPWersja><sln:miejscIdTeryt>3015448</sln:miejscIdTeryt><sln:miejscNazwa>Osiedle Łysogórska</sln:miejscNazwa><sln:miejscRodzaj>Inny obiekt</sln:miejscRodzaj><sln:powIIPId>5d56a379-ad83-47b3-9aa4-e7188cf79742</sln:powIIPId><sln:powIIPPn>PL.PZGIK.200</sln:powIIPPn><sln:powIIPWersja>2012-09-27T08:01:01+02:00</sln:powIIPWersja><sln:powIdTeryt>1803</sln:powIdTeryt><sln:powNazwa>dębicki</sln:powNazwa><sln:wojIIPId>833fe14b-fe8e-40c7-9e4e-fc27c938bb11</sln:wojIIPId><sln:wojIIPPn>PL.PZGIK.200</sln:wojIIPPn><sln:wojIIPWersja>2017-10-10T00:00:00+02:00</sln:wojIIPWersja><sln:wojIdTeryt>18</sln:wojIdTeryt><sln:wojNazwa>podkarpackie</sln:wojNazwa></sln:miejscowosc><sln:miejscowosc><sln:cyklZyciaDo>2017-11-29T00:00:00+01:00</sln:cyklZyciaDo><sln:cyklZyciaOd>2014-11-25T00:00:00+01:00</sln:cyklZyciaOd><sln:gmIIPId>04f71d71-1b54-42c3-be22-e3e2c79b997a</sln:gmIIPId><sln:gmIIPPn>PL.PZGIK.200</sln:gmIIPPn><sln:gmIIPWersja>2012-09-26T22:00:19+02:00</sln:gmIIPWersja><sln:gmIdTeryt>1803011</sln:gmIdTeryt><sln:gmNazwa>Dębica</sln:gmNazwa><sln:miejscIIPId>2589ccf8-6bb7-4f63-ab8b-fcf7d317b435</sln:miejscIIPId><sln:miejscIIPPn>PL.PZGIK.200</sln:miejscIIPPn><sln:miejscIIPWersja>2016-11-24T13:24:12+02:00</sln:miejscIIPWersja><sln:miejscIdTeryt>0982233</sln:miejscIdTeryt><sln:miejscNazwa>Dębica</sln:miejscNazwa><sln:miejscRodzaj>Miasto</sln:miejscRodzaj><sln:powIIPId>5d56a379-ad83-47b3-9aa4-e7188cf79742</sln:powIIPId><sln:powIIPPn>PL.PZGIK.200</sln:powIIPPn><sln:powIIPWersja>2012-09-27T08:01:01+02:00</sln:powIIPWersja><sln:powIdTeryt>1803</sln:powIdTeryt><sln:powNazwa>dębicki</sln:powNazwa><sln:wojIIPId>833fe14b-fe8e-40c7-9e4e-fc27c938bb11</sln:wojIIPId><sln:wojIIPPn>PL.PZGIK.200</sln:wojIIPPn><sln:wojIIPWersja>2017-10-10T00:00:00+02:00</sln:wojIIPWersja><sln:wojIdTeryt>18</sln:wojIdTeryt><sln:wojNazwa>podkarpackie</sln:wojNazwa></sln:miejscowosc><sln:miejscowosc><sln:cyklZyciaDo>2017-11-29T00:00:00+01:00</sln:cyklZyciaDo><sln:cyklZyciaOd>2014-11-25T00:00:00+01:00</sln:cyklZyciaOd><sln:gmIIPId>04f71d71-1b54-42c3-be22-e3e2c79b997a</sln:gmIIPId><sln:gmIIPPn>PL.PZGIK.200</sln:gmIIPPn><sln:gmIIPWersja>2012-09-26T22:00:19+02:00</sln:gmIIPWersja><sln:gmIdTeryt>1803011</sln:gmIdTeryt><sln:gmNazwa>Dębica</sln:gmNazwa><sln:miejscIIPId>528d1d3c-a471-4618-bdac-267c40148fcd</sln:miejscIIPId><sln:miejscIIPPn>PL.PZGIK.200</sln:miejscIIPPn><sln:miejscIIPWersja>2016-11-24T13:24:12+02:00</sln:miejscIIPWersja><sln:miejscIdTeryt>3008030</sln:miejscIdTeryt><sln:miejscNazwa>Osiedle Chemik</sln:miejscNazwa><sln:miejscRodzaj>Inny obiekt</sln:miejscRodzaj><sln:powIIPId>5d56a379-ad83-47b3-9aa4-e7188cf79742</sln:powIIPId><sln:powIIPPn>PL.PZGIK.200</sln:powIIPPn><sln:powIIPWersja>2012-09-27T08:01:01+02:00</sln:powIIPWersja><sln:powIdTeryt>1803</sln:powIdTeryt><sln:powNazwa>dębicki</sln:powNazwa><sln:wojIIPId>833fe14b-fe8e-40c7-9e4e-fc27c938bb11</sln:wojIIPId><sln:wojIIPPn>PL.PZGIK.200</sln:wojIIPPn><sln:wojIIPWersja>2017-10-10T00:00:00+02:00</sln:wojIIPWersja><sln:wojIdTeryt>18</sln:wojIdTeryt><sln:wojNazwa>podkarpackie</sln:wojNazwa></sln:miejscowosc><sln:miejscowosc><sln:cyklZyciaDo>2017-11-29T00:00:00+01:00</sln:cyklZyciaDo><sln:cyklZyciaOd>2014-11-25T00:00:00+01:00</sln:cyklZyciaOd><sln:gmIIPId>04f71d71-1b54-42c3-be22-e3e2c79b997a</sln:gmIIPId><sln:gmIIPPn>PL.PZGIK.200</sln:gmIIPPn><sln:gmIIPWersja>2012-09-26T22:00:19+02:00</sln:gmIIPWersja><sln:gmIdTeryt>1803011</sln:gmIdTeryt><sln:gmNazwa>Dębica</sln:gmNazwa><sln:miejscIIPId>8f5f0420-798f-46de-9ce2-4665b27a760c</sln:miejscIIPId><sln:miejscIIPPn>PL.PZGIK.200</sln:miejscIIPPn><sln:miejscIIPWersja>2016-11-24T13:24:12+02:00</sln:miejscIIPWersja><sln:miejscIdTeryt>0982285</sln:miejscIdTeryt><sln:miejscNazwa>Koło Słonecznej</sln:miejscNazwa><sln:miejscRodzaj>Inny obiekt</sln:miejscRodzaj><sln:powIIPId>5d56a379-ad83-47b3-9aa4-e7188cf79742</sln:powIIPId><sln:powIIPPn>PL.PZGIK.200</sln:powIIPPn><sln:powIIPWersja>2012-09-27T08:01:01+02:00</sln:powIIPWersja><sln:powIdTeryt>1803</sln:powIdTeryt><sln:powNazwa>dębicki</sln:powNazwa><sln:wojIIPId>833fe14b-fe8e-40c7-9e4e-fc27c938bb11</sln:wojIIPId><sln:wojIIPPn>PL.PZGIK.200</sln:wojIIPPn><sln:wojIIPWersja>2017-10-10T00:00:00+02:00</sln:wojIIPWersja><sln:wojIdTeryt>18</sln:wojIdTeryt><sln:wojNazwa>podkarpackie</sln:wojNazwa></sln:miejscowosc><sln:miejscowosc><sln:cyklZyciaDo>2017-11-29T00:00:00+01:00</sln:cyklZyciaDo><sln:cyklZyciaOd>2014-11-25T00:00:00+01:00</sln:cyklZyciaOd><sln:gmIIPId>04f71d71-1b54-42c3-be22-e3e2c79b997a</sln:gmIIPId><sln:gmIIPPn>PL.PZGIK.200</sln:gmIIPPn><sln:gmIIPWersja>2012-09-26T22:00:19+02:00</sln:gmIIPWersja><sln:gmIdTeryt>1803011</sln:gmIdTeryt><sln:gmNazwa>Dębica</sln:gmNazwa><sln:miejscIIPId>fbbbe30d-3313-40ec-8ba7-02c1a545a889</sln:miejscIIPId><sln:miejscIIPPn>PL.PZGIK.200</sln:miejscIIPPn><sln:miejscIIPWersja>2016-11-24T13:24:12+02:00</sln:miejscIIPWersja><sln:miejscIdTeryt>0982279</sln:miejscIdTeryt><sln:miejscNazwa>Kępa</sln:miejscNazwa><sln:miejscRodzaj>Inny obiekt</sln:miejscRodzaj><sln:powIIPId>5d56a379-ad83-47b3-9aa4-e7188cf79742</sln:powIIPId><sln:powIIPPn>PL.PZGIK.200</sln:powIIPPn><sln:powIIPWersja>2012-09-27T08:01:01+02:00</sln:powIIPWersja><sln:powIdTeryt>1803</sln:powIdTeryt><sln:powNazwa>dębicki</sln:powNazwa><sln:wojIIPId>833fe14b-fe8e-40c7-9e4e-fc27c938bb11</sln:wojIIPId><sln:wojIIPPn>PL.PZGIK.200</sln:wojIIPPn><sln:wojIIPWersja>2017-10-10T00:00:00+02:00</sln:wojIIPWersja><sln:wojIdTeryt>18</sln:wojIdTeryt><sln:wojNazwa>podkarpackie</sln:wojNazwa></sln:miejscowosc><sln:miejscowosc><sln:cyklZyciaDo>2017-11-29T00:00:00+01:00</sln:cyklZyciaDo><sln:cyklZyciaOd>2014-11-25T00:00:00+01:00</sln:cyklZyciaOd><sln:gmIIPId>04f71d71-1b54-42c3-be22-e3e2c79b997a</sln:gmIIPId><sln:gmIIPPn>PL.PZGIK.200</sln:gmIIPPn><sln:gmIIPWersja>2012-09-26T22:00:19+02:00</sln:gmIIPWersja><sln:gmIdTeryt>1803011</sln:gmIdTeryt><sln:gmNazwa>Dębica</sln:gmNazwa><sln:miejscIIPId>e502075b-f642-4dcf-83fe-0a1d9ce8e194</sln:miejscIIPId><sln:miejscIIPPn>PL.PZGIK.200</sln:miejscIIPPn><sln:miejscIIPWersja>2016-11-24T13:24:12+02:00</sln:miejscIIPWersja><sln:miejscIdTeryt>0982240</sln:miejscIdTeryt><sln:miejscNazwa>Budzisz</sln:miejscNazwa><sln:miejscRodzaj>Inny obiekt</sln:miejscRodzaj><sln:powIIPId>5d56a379-ad83-47b3-9aa4-e7188cf79742</sln:powIIPId><sln:powIIPPn>PL.PZGIK.200</sln:powIIPPn><sln:powIIPWersja>2012-09-27T08:01:01+02:00</sln:powIIPWersja><sln:powIdTeryt>1803</sln:powIdTeryt><sln:powNazwa>dębicki</sln:powNazwa><sln:wojIIPId>833fe14b-fe8e-40c7-9e4e-fc27c938bb11</sln:wojIIPId><sln:wojIIPPn>PL.PZGIK.200</sln:wojIIPPn><sln:wojIIPWersja>2017-10-10T00:00:00+02:00</sln:wojIIPWersja><sln:wojIdTeryt>18</sln:wojIdTeryt><sln:wojNazwa>podkarpackie</sln:wojNazwa></sln:miejscowosc><sln:miejscowosc><sln:cyklZyciaDo>2017-11-29T00:00:00+01:00</sln:cyklZyciaDo><sln:cyklZyciaOd>2014-11-25T00:00:00+01:00</sln:cyklZyciaOd><sln:gmIIPId>04f71d71-1b54-42c3-be22-e3e2c79b997a</sln:gmIIPId><sln:gmIIPPn>PL.PZGIK.200</sln:gmIIPPn><sln:gmIIPWersja>2012-09-26T22:00:19+02:00</sln:gmIIPWersja><sln:gmIdTeryt>1803011</sln:gmIdTeryt><sln:gmNazwa>Dębica</sln:gmNazwa><sln:miejscIIPId>87df9a24-2583-49ac-b743-ba8bafcceed8</sln:miejscIIPId><sln:miejscIIPPn>PL.PZGIK.200</sln:miejscIIPPn><sln:miejscIIPWersja>2016-11-24T13:24:12+02:00</sln:miejscIIPWersja><sln:miejscIdTeryt>0982339</sln:miejscIdTeryt><sln:miejscNazwa>Wolica</sln:miejscNazwa><sln:miejscRodzaj>Inny obiekt</sln:miejscRodzaj><sln:powIIPId>5d56a379-ad83-47b3-9aa4-e7188cf79742</sln:powIIPId><sln:powIIPPn>PL.PZGIK.200</sln:powIIPPn><sln:powIIPWersja>2012-09-27T08:01:01+02:00</sln:powIIPWersja><sln:powIdTeryt>1803</sln:powIdTeryt><sln:powNazwa>dębicki</sln:powNazwa><sln:wojIIPId>833fe14b-fe8e-40c7-9e4e-fc27c938bb11</sln:wojIIPId><sln:wojIIPPn>PL.PZGIK.200</sln:wojIIPPn><sln:wojIIPWersja>2017-10-10T00:00:00+02:00</sln:wojIIPWersja><sln:wojIdTeryt>18</sln:wojIdTeryt><sln:wojNazwa>podkarpackie</sln:wojNazwa></sln:miejscowosc><sln:miejscowosc><sln:cyklZyciaDo>2017-11-29T00:00:00+01:00</sln:cyklZyciaDo><sln:cyklZyciaOd>2014-11-25T00:00:00+01:00</sln:cyklZyciaOd><sln:gmIIPId>04f71d71-1b54-42c3-be22-e3e2c79b997a</sln:gmIIPId><sln:gmIIPPn>PL.PZGIK.200</sln:gmIIPPn><sln:gmIIPWersja>2012-09-26T22:00:19+02:00</sln:gmIIPWersja><sln:gmIdTeryt>1803011</sln:gmIdTeryt><sln:gmNazwa>Dębica</sln:gmNazwa><sln:miejscIIPId>b730fadd-f75e-43c9-a486-dbc183ff8ba1</sln:miejscIIPId><sln:miejscIIPPn>PL.PZGIK.200</sln:miejscIIPPn><sln:miejscIIPWersja>2016-11-24T13:24:12+02:00</sln:miejscIIPWersja><sln:miejscIdTeryt>0982316</sln:miejscIdTeryt><sln:miejscNazwa>Poddęby</sln:miejscNazwa><sln:miejscRodzaj>Inny obiekt</sln:miejscRodzaj><sln:powIIPId>5d56a379-ad83-47b3-9aa4-e7188cf79742</sln:powIIPId><sln:powIIPPn>PL.PZGIK.200</sln:powIIPPn><sln:powIIPWersja>2012-09-27T08:01:01+02:00</sln:powIIPWersja><sln:powIdTeryt>1803</sln:powIdTeryt><sln:powNazwa>dębicki</sln:powNazwa><sln:wojIIPId>833fe14b-fe8e-40c7-9e4e-fc27c938bb11</sln:wojIIPId><sln:wojIIPPn>PL.PZGIK.200</sln:wojIIPPn><sln:wojIIPWersja>2017-10-10T00:00:00+02:00</sln:wojIIPWersja><sln:wojIdTeryt>18</sln:wojIdTeryt><sln:wojNazwa>podkarpackie</sln:wojNazwa></sln:miejscowosc><sln:miejscowosc><sln:cyklZyciaDo>2017-11-29T00:00:00+01:00</sln:cyklZyciaDo><sln:cyklZyciaOd>2014-11-25T00:00:00+01:00</sln:cyklZyciaOd><sln:gmIIPId>04f71d71-1b54-42c3-be22-e3e2c79b997a</sln:gmIIPId><sln:gmIIPPn>PL.PZGIK.200</sln:gmIIPPn><sln:gmIIPWersja>2012-09-26T22:00:19+02:00</sln:gmIIPWersja><sln:gmIdTeryt>1803011</sln:gmIdTeryt><sln:gmNazwa>Dębica</sln:gmNazwa><sln:miejscIIPId>848925ca-282c-46db-b842-189f766a1b62</sln:miejscIIPId><sln:miejscIIPPn>PL.PZGIK.200</sln:miejscIIPPn><sln:miejscIIPWersja>2016-11-24T13:24:12+02:00</sln:miejscIIPWersja><sln:miejscIdTeryt>0982300</sln:miejscIdTeryt><sln:miejscNazwa>Piaski</sln:miejscNazwa><sln:miejscRodzaj>Inny obiekt</sln:miejscRodzaj><sln:powIIPId>5d56a379-ad83-47b3-9aa4-e7188cf79742</sln:powIIPId><sln:powIIPPn>PL.PZGIK.200</sln:powIIPPn><sln:powIIPWersja>2012-09-27T08:01:01+02:00</sln:powIIPWersja><sln:powIdTeryt>1803</sln:powIdTeryt><sln:powNazwa>dębicki</sln:powNazwa><sln:wojIIPId>833fe14b-fe8e-40c7-9e4e-fc27c938bb11</sln:wojIIPId><sln:wojIIPPn>PL.PZGIK.200</sln:wojIIPPn><sln:wojIIPWersja>2017-10-10T00:00:00+02:00</sln:wojIIPWersja><sln:wojIdTeryt>18</sln:wojIdTeryt><sln:wojNazwa>podkarpackie</sln:wojNazwa></sln:miejscowosc><sln:miejscowosc><sln:cyklZyciaDo>2017-11-29T00:00:00+01:00</sln:cyklZyciaDo><sln:cyklZyciaOd>2014-11-25T00:00:00+01:00</sln:cyklZyciaOd><sln:gmIIPId>04f71d71-1b54-42c3-be22-e3e2c79b997a</sln:gmIIPId><sln:gmIIPPn>PL.PZGIK.200</sln:gmIIPPn><sln:gmIIPWersja>2012-09-26T22:00:19+02:00</sln:gmIIPWersja><sln:gmIdTeryt>1803011</sln:gmIdTeryt><sln:gmNazwa>Dębica</sln:gmNazwa><sln:miejscIIPId>4bdb5994-be04-4dad-a153-36adcc03d932</sln:miejscIIPId><sln:miejscIIPPn>PL.PZGIK.200</sln:miejscIIPPn><sln:miejscIIPWersja>2016-11-24T13:24:12+02:00</sln:miejscIIPWersja><sln:miejscIdTeryt>3015792</sln:miejscIdTeryt><sln:miejscNazwa>Osiedle Mickiewicza</sln:miejscNazwa><sln:miejscRodzaj>Inny obiekt</sln:miejscRodzaj><sln:powIIPId>5d56a379-ad83-47b3-9aa4-e7188cf79742</sln:powIIPId><sln:powIIPPn>PL.PZGIK.200</sln:powIIPPn><sln:powIIPWersja>2012-09-27T08:01:01+02:00</sln:powIIPWersja><sln:powIdTeryt>1803</sln:powIdTeryt><sln:powNazwa>dębicki</sln:powNazwa><sln:wojIIPId>833fe14b-fe8e-40c7-9e4e-fc27c938bb11</sln:wojIIPId><sln:wojIIPPn>PL.PZGIK.200</sln:wojIIPPn><sln:wojIIPWersja>2017-10-10T00:00:00+02:00</sln:wojIIPWersja><sln:wojIdTeryt>18</sln:wojIdTeryt><sln:wojNazwa>podkarpackie</sln:wojNazwa></sln:miejscowosc><sln:miejscowosc><sln:cyklZyciaDo>2017-11-29T00:00:00+01:00</sln:cyklZyciaDo><sln:cyklZyciaOd>2014-11-25T00:00:00+01:00</sln:cyklZyciaOd><sln:gmIIPId>04f71d71-1b54-42c3-be22-e3e2c79b997a</sln:gmIIPId><sln:gmIIPPn>PL.PZGIK.200</sln:gmIIPPn><sln:gmIIPWersja>2012-09-26T22:00:19+02:00</sln:gmIIPWersja><sln:gmIdTeryt>1803011</sln:gmIdTeryt><sln:gmNazwa>Dębica</sln:gmNazwa><sln:miejscIIPId>39619ffb-0d88-4cf3-a553-b6c8762a16f5</sln:miejscIIPId><sln:miejscIIPPn>PL.PZGIK.200</sln:miejscIIPPn><sln:miejscIIPWersja>2016-11-24T13:24:12+02:00</sln:miejscIIPWersja><sln:miejscIdTeryt>3015741</sln:miejscIdTeryt><sln:miejscNazwa>Osiedle Matejki</sln:miejscNazwa><sln:miejscRodzaj>Inny obiekt</sln:miejscRodzaj><sln:powIIPId>5d56a379-ad83-47b3-9aa4-e7188cf79742</sln:powIIPId><sln:powIIPPn>PL.PZGIK.200</sln:powIIPPn><sln:powIIPWersja>2012-09-27T08:01:01+02:00</sln:powIIPWersja><sln:powIdTeryt>1803</sln:powIdTeryt><sln:powNazwa>dębicki</sln:powNazwa><sln:wojIIPId>833fe14b-fe8e-40c7-9e4e-fc27c938bb11</sln:wojIIPId><sln:wojIIPPn>PL.PZGIK.200</sln:wojIIPPn><sln:wojIIPWersja>2017-10-10T00:00:00+02:00</sln:wojIIPWersja><sln:wojIdTeryt>18</sln:wojIdTeryt><sln:wojNazwa>podkarpackie</sln:wojNazwa></sln:miejscowosc><sln:miejscowosc><sln:cyklZyciaDo>2017-11-29T00:00:00+01:00</sln:cyklZyciaDo><sln:cyklZyciaOd>2014-11-25T00:00:00+01:00</sln:cyklZyciaOd><sln:gmIIPId>04f71d71-1b54-42c3-be22-e3e2c79b997a</sln:gmIIPId><sln:gmIIPPn>PL.PZGIK.200</sln:gmIIPPn><sln:gmIIPWersja>2012-09-26T22:00:19+02:00</sln:gmIIPWersja><sln:gmIdTeryt>1803011</sln:gmIdTeryt><sln:gmNazwa>Dębica</sln:gmNazwa><sln:miejscIIPId>9e506ac8-1a29-4d0f-a4d3-f0a38c3d7454</sln:miejscIIPId><sln:miejscIIPPn>PL.PZGIK.200</sln:miejscIIPPn><sln:miejscIIPWersja>2016-11-24T13:24:12+02:00</sln:miejscIIPWersja><sln:miejscIdTeryt>0982256</sln:miejscIdTeryt><sln:miejscNazwa>Gawrzyłowa</sln:miejscNazwa><sln:miejscRodzaj>Inny obiekt</sln:miejscRodzaj><sln:powIIPId>5d56a379-ad83-47b3-9aa4-e7188cf79742</sln:powIIPId><sln:powIIPPn>PL.PZGIK.200</sln:powIIPPn><sln:powIIPWersja>2012-09-27T08:01:01+02:00</sln:powIIPWersja><sln:powIdTeryt>1803</sln:powIdTeryt><sln:powNazwa>dębicki</sln:powNazwa><sln:wojIIPId>833fe14b-fe8e-40c7-9e4e-fc27c938bb11</sln:wojIIPId><sln:wojIIPPn>PL.PZGIK.200</sln:wojIIPPn><sln:wojIIPWersja>2017-10-10T00:00:00+02:00</sln:wojIIPWersja><sln:wojIdTeryt>18</sln:wojIdTeryt><sln:wojNazwa>podkarpackie</sln:wojNazwa></sln:miejscowosc><sln:miejscowosc><sln:cyklZyciaDo>2017-11-29T00:00:00+01:00</sln:cyklZyciaDo><sln:cyklZyciaOd>2014-11-25T00:00:00+01:00</sln:cyklZyciaOd><sln:gmIIPId>04f71d71-1b54-42c3-be22-e3e2c79b997a</sln:gmIIPId><sln:gmIIPPn>PL.PZGIK.200</sln:gmIIPPn><sln:gmIIPWersja>2012-09-26T22:00:19+02:00</sln:gmIIPWersja><sln:gmIdTeryt>1803011</sln:gmIdTeryt><sln:gmNazwa>Dębica</sln:gmNazwa><sln:miejscIIPId>3f0bfa45-042b-493f-a8d4-d5605439e8f5</sln:miejscIIPId><sln:miejscIIPPn>PL.PZGIK.200</sln:miejscIIPPn><sln:miejscIIPWersja>2016-11-24T13:24:12+02:00</sln:miejscIIPWersja><sln:miejscIdTeryt>0982262</sln:miejscIdTeryt><sln:miejscNazwa>Kawęczyn</sln:miejscNazwa><sln:miejscRodzaj>Inny obiekt</sln:miejscRodzaj><sln:powIIPId>5d56a379-ad83-47b3-9aa4-e7188cf79742</sln:powIIPId><sln:powIIPPn>PL.PZGIK.200</sln:powIIPPn><sln:powIIPWersja>2012-09-27T08:01:01+02:00</sln:powIIPWersja><sln:powIdTeryt>1803</sln:powIdTeryt><sln:powNazwa>dębicki</sln:powNazwa><sln:wojIIPId>833fe14b-fe8e-40c7-9e4e-fc27c938bb11</sln:wojIIPId><sln:wojIIPPn>PL.PZGIK.200</sln:wojIIPPn><sln:wojIIPWersja>2017-10-10T00:00:00+02:00</sln:wojIIPWersja><sln:wojIdTeryt>18</sln:wojIdTeryt><sln:wojNazwa>podkarpackie</sln:wojNazwa></sln:miejscowosc><sln:miejscowosc><sln:cyklZyciaOd>2017-11-29T00:00:00+01:00</sln:cyklZyciaOd><sln:gmIIPId>04f71d71-1b54-42c3-be22-e3e2c79b997a</sln:gmIIPId><sln:gmIIPPn>PL.PZGIK.200</sln:gmIIPPn><sln:gmIIPWersja>2012-09-26T22:00:19+02:00</sln:gmIIPWersja><sln:gmIdTeryt>1803011</sln:gmIdTeryt><sln:gmNazwa>Dębica</sln:gmNazwa><sln:miejscIIPId>1a9d0797-2eac-4fed-a5cf-4fe20e9e6acc</sln:miejscIIPId><sln:miejscIIPPn>PL.PZGIK.200</sln:miejscIIPPn><sln:miejscIIPWersja>2017-11-29T07:56:25+02:00</sln:miejscIIPWersja><sln:miejscIdTeryt>0982233</sln:miejscIdTeryt><sln:miejscNazwa>Dębica</sln:miejscNazwa><sln:miejscRodzaj>Miasto</sln:miejscRodzaj><sln:powIIPId>5d56a379-ad83-47b3-9aa4-e7188cf79742</sln:powIIPId><sln:powIIPPn>PL.PZGIK.200</sln:powIIPPn><sln:powIIPWersja>2012-09-27T08:01:01+02:00</sln:powIIPWersja><sln:powIdTeryt>1803</sln:powIdTeryt><sln:powNazwa>dębicki</sln:powNazwa><sln:waznyOd>2014-03-20T00:00:00+01:00</sln:waznyOd><sln:wojIIPId>833fe14b-fe8e-40c7-9e4e-fc27c938bb11</sln:wojIIPId><sln:wojIIPPn>PL.PZGIK.200</sln:wojIIPPn><sln:wojIIPWersja>2017-10-10T00:00:00+02:00</sln:wojIIPWersja><sln:wojIdTeryt>18</sln:wojIdTeryt><sln:wojNazwa>podkarpackie</sln:wojNazwa></sln:miejscowosc></sln:lista-miejscowosci>