<?xml version="1.0" encoding="UTF-8" standalone="yes"?><sln:lista-miejscowosci xmlns:srv="http://gugik.gov.pl/schemas/slowniki-service/1.0" xmlns:sln="http://gugik.gov.pl/schemas/slowniki-schema/1.0"><sln:miejscowosc><sln:cyklZyciaOd>2014-12-07T00:00:00+01:00</sln:cyklZyciaOd><sln:gmIIPId>9396b7ee-abaf-4c41-97cc-ea3784298d14</sln:gmIIPId><sln:gmIIPPn>PL.PZGIK.200</sln:gmIIPPn><sln:gmIIPWersja>2012-09-26T21:59:20+02:00</sln:gmIIPWersja><sln:gmIdTeryt>1607092</sln:gmIdTeryt><sln:gmNazwa>Skoroszyce</sln:gmNazwa><sln:miejscIIPId>b4fe0b5c-90cc-4d00-980c-db349f1c93b0</sln:miejscIIPId><sln:miejscIIPPn>PL.PZGIK.200</sln:miejscIIPPn><sln:miejscIIPWersja>2016-11-24T13:59:33+02:00</sln:miejscIIPWersja><sln:miejscIdTeryt>0502931</sln:miejscIdTeryt><sln:miejscNazwa>Chróścina</sln:miejscNazwa><sln:miejscRodzaj>Wieś</sln:miejscRodzaj><sln:powIIPId>845d9522-06aa-4ba2-81b5-e39f63fafd1f</sln:powIIPId><sln:powIIPPn>PL.PZGIK.200</sln:powIIPPn><sln:powIIPWersja>2017-10-10T00:00:00+02:00</sln:powIIPWersja><sln:powIdTeryt>1607</sln:powIdTeryt><sln:powNazwa>nyski</sln:powNazwa><sln:wojIIPId>9bd0c42a-ca40-4b7d-9b5b-81aae3398015</sln:wojIIPId><sln:wojIIPPn>PL.PZGIK.200</sln:wojIIPPn><sln:wojIIPWersja>2017-10-10T00:00:00+02:00</sln:wojIIPWersja><sln:wojIdTeryt>16</sln:wojIdTeryt><sln:wojNazwa>opolskie</sln:wojNazwa></sln:miejscowosc><sln:miejscowosc><sln:cyklZyciaOd>2014-12-07T00:00:00+01:00</sln:cyklZyciaOd><sln:gmIIPId>9396b7ee-abaf-4c41-97cc-ea3784298d14</sln:gmIIPId><sln:gmIIPPn>PL.PZGIK.200</sln:gmIIPPn><sln:gmIIPWersja>2012-09-26T21:59:20+02:00</sln:gmIIPWersja><sln:gmIdTeryt>1607092</sln:gmIdTeryt><sln:gmNazwa>Skoroszyce</sln:gmNazwa><sln:miejscIIPId>a9da3dbf-8381-4105-8eda-f9a7f749b9ff</sln:miejscIIPId><sln:miejscIIPPn>PL.PZGIK.200</sln:miejscIIPPn><sln:miejscIIPWersja>2016-11-24T13:59:33+02:00</sln:miejscIIPWersja><sln:miejscIdTeryt>0503037</sln:miejscIdTeryt><sln:miejscNazwa>Stary Grodków</sln:miejscNazwa><sln:miejscRodzaj>Wieś</sln:miejscRodzaj><sln:powIIPId>845d9522-06aa-4ba2-81b5-e39f63fafd1f</sln:powIIPId><sln:powIIPPn>PL.PZGIK.200</sln:powIIPPn><sln:powIIPWersja>2017-10-10T00:00:00+02:00</sln:powIIPWersja><sln:powIdTeryt>1607</sln:powIdTeryt><sln:powNazwa>nyski</sln:powNazwa><sln:wojIIPId>9bd0c42a-ca40-4b7d-9b5b-81aae3398015</sln:wojIIPId><sln:wojIIPPn>PL.PZGIK.200</sln:wojIIPPn><sln:wojIIPWersja>2017-10-10T00:00:00+02:00</sln:wojIIPWersja><sln:wojIdTeryt>16</sln:wojIdTeryt><sln:wojNazwa>opolskie</sln:wojNazwa></sln:miejscowosc><sln:miejscowosc><sln:cyklZyciaOd>2014-12-07T00:00:00+01:00</sln:cyklZyciaOd><sln:gmIIPId>9396b7ee-abaf-4c41-97cc-ea3784298d14</sln:gmIIPId><sln:gmIIPPn>PL.PZGIK.200</sln:gmIIPPn><sln:gmIIPWersja>2012-09-26T21:59:20+02:00</sln:gmIIPWersja><sln:gmIdTeryt>1607092</sln:gmIdTeryt><sln:gmNazwa>Skoroszyce</sln:gmNazwa><sln:miejscIIPId>fe30c744-ca96-4a5d-ae4b-73a49b1f8ece</sln:miejscIIPId><sln:miejscIIPPn>PL.PZGIK.200</sln:miejscIIPPn><sln:miejscIIPWersja>2016-11-24T13:59:33+02:00</sln:miejscIIPWersja><sln:miejscIdTeryt>0503020</sln:miejscIdTeryt><sln:miejscNazwa>Skoroszyce</sln:miejscNazwa><sln:miejscRodzaj>Wieś</sln:miejscRodzaj><sln:powIIPId>845d9522-06aa-4ba2-81b5-e39f63fafd1f</sln:powIIPId><sln:powIIPPn>PL.PZGIK.200</sln:powIIPPn><sln:powIIPWersja>2017-10-10T00:00:00+02:00</sln:powIIPWersja><sln:powIdTeryt>1607</sln:powIdTeryt><sln:powNazwa>nyski</sln:powNazwa><sln:wojIIPId>9bd0c42a-ca40-4b7d-9b5b-81aae3398015</sln:wojIIPId><sln:wojIIPPn>PL.PZGIK.200</sln:wojIIPPn><sln:wojIIPWersja>2017-10-10T00:00:00+02:00</sln:wojIIPWersja><sln:wojIdTeryt>16</sln:wojIdTeryt><sln:wojNazwa>opolskie</sln:wojNazwa></sln:miejscowosc><sln:miejscowosc><sln:cyklZyciaOd>2014-12-07T00:00:00+01:00</sln:cyklZyciaOd><sln:gmIIPId>9396b7ee-abaf-4c41-97cc-ea3784298d14</sln:gmIIPId><sln:gmIIPPn>PL.PZGIK.200</sln:gmIIPPn><sln:gmIIPWersja>2012-09-26T21:59:20+02:00</sln:gmIIPWersja><sln:gmIdTeryt>1607092</sln:gmIdTeryt><sln:gmNazwa>Skoroszyce</sln:gmNazwa><sln:miejscIIPId>8995e101-fd28-49b3-b367-dadd06196891</sln:miejscIIPId><sln:miejscIIPPn>PL.PZGIK.200</sln:miejscIIPPn><sln:miejscIIPWersja>2016-11-24T13:59:33+02:00</sln:miejscIIPWersja><sln:miejscIdTeryt>0503008</sln:miejscIdTeryt><sln:miejscNazwa>Pniewie</sln:miejscNazwa><sln:miejscRodzaj>Wieś</sln:miejscRodzaj><sln:powIIPId>845d9522-06aa-4ba2-81b5-e39f63fafd1f</sln:powIIPId><sln:powIIPPn>PL.PZGIK.200</sln:powIIPPn><sln:powIIPWersja>2017-10-10T00:00:00+02:00</sln:powIIPWersja><sln:powIdTeryt>1607</sln:powIdTeryt><sln:powNazwa>nyski</sln:powNazwa><sln:wojIIPId>9bd0c42a-ca40-4b7d-9b5b-81aae3398015</sln:wojIIPId><sln:wojIIPPn>PL.PZGIK.200</sln:wojIIPPn><sln:wojIIPWersja>2017-10-10T00:00:00+02:00</sln:wojIIPWersja><sln:wojIdTeryt>16</sln:wojIdTeryt><sln:wojNazwa>opolskie</sln:wojNazwa></sln:miejscowosc><sln:miejscowosc><sln:cyklZyciaOd>2014-12-07T00:00:00+01:00</sln:cyklZyciaOd><sln:gmIIPId>9396b7ee-abaf-4c41-97cc-ea3784298d14</sln:gmIIPId><sln:gmIIPPn>PL.PZGIK.200</sln:gmIIPPn><sln:gmIIPWersja>2012-09-26T21:59:20+02:00</sln:gmIIPWersja><sln:gmIdTeryt>1607092</sln:gmIdTeryt><sln:gmNazwa>Skoroszyce</sln:gmNazwa><sln:miejscIIPId>89b22111-b645-448a-83dd-d8efdec9978f</sln:miejscIIPId><sln:miejscIIPPn>PL.PZGIK.200</sln:miejscIIPPn><sln:miejscIIPWersja>2016-11-24T13:59:33+02:00</sln:miejscIIPWersja><sln:miejscIdTeryt>0502960</sln:miejscIdTeryt><sln:miejscNazwa>Łanów</sln:miejscNazwa><sln:miejscRodzaj>Inny obiekt</sln:miejscRodzaj><sln:powIIPId>845d9522-06aa-4ba2-81b5-e39f63fafd1f</sln:powIIPId><sln:powIIPPn>PL.PZGIK.200</sln:powIIPPn><sln:powIIPWersja>2017-10-10T00:00:00+02:00</sln:powIIPWersja><sln:powIdTeryt>1607</sln:powIdTeryt><sln:powNazwa>nyski</sln:powNazwa><sln:wojIIPId>9bd0c42a-ca40-4b7d-9b5b-81aae3398015</sln:wojIIPId><sln:wojIIPPn>PL.PZGIK.200</sln:wojIIPPn><sln:wojIIPWersja>2017-10-10T00:00:00+02:00</sln:wojIIPWersja><sln:wojIdTeryt>16</sln:wojIdTeryt><sln:wojNazwa>opolskie</sln:wojNazwa></sln:miejscowosc><sln:miejscowosc><sln:cyklZyciaOd>2014-12-07T00:00:00+01:00</sln:cyklZyciaOd><sln:gmIIPId>9396b7ee-abaf-4c41-97cc-ea3784298d14</sln:gmIIPId><sln:gmIIPPn>PL.PZGIK.200</sln:gmIIPPn><sln:gmIIPWersja>2012-09-26T21:59:20+02:00</sln:gmIIPWersja><sln:gmIdTeryt>1607092</sln:gmIdTeryt><sln:gmNazwa>Skoroszyce</sln:gmNazwa><sln:miejscIIPId>6a94d2ed-7c95-4a1d-9a30-ed8d963ba006</sln:miejscIIPId><sln:miejscIIPPn>PL.PZGIK.200</sln:miejscIIPPn><sln:miejscIIPWersja>2016-11-24T13:59:33+02:00</sln:miejscIIPWersja><sln:miejscIdTeryt>0502977</sln:miejscIdTeryt><sln:miejscNazwa>Giełczyce</sln:miejscNazwa><sln:miejscRodzaj>Wieś</sln:miejscRodzaj><sln:powIIPId>845d9522-06aa-4ba2-81b5-e39f63fafd1f</sln:powIIPId><sln:powIIPPn>PL.PZGIK.200</sln:powIIPPn><sln:powIIPWersja>2017-10-10T00:00:00+02:00</sln:powIIPWersja><sln:powIdTeryt>1607</sln:powIdTeryt><sln:powNazwa>nyski</sln:powNazwa><sln:wojIIPId>9bd0c42a-ca40-4b7d-9b5b-81aae3398015</sln:wojIIPId><sln:wojIIPPn>PL.PZGIK.200</sln:wojIIPPn><sln:wojIIPWersja>2017-10-10T00:00:00+02:00</sln:wojIIPWersja><sln:wojIdTeryt>16</sln:wojIdTeryt><sln:wojNazwa>opolskie</sln:wojNazwa></sln:miejscowosc><sln:miejscowosc><sln:cyklZyciaOd>2014-12-07T00:00:00+01:00</sln:cyklZyciaOd><sln:gmIIPId>9396b7ee-abaf-4c41-97cc-ea3784298d14</sln:gmIIPId><sln:gmIIPPn>PL.PZGIK.200</sln:gmIIPPn><sln:gmIIPWersja>2012-09-26T21:59:20+02:00</sln:gmIIPWersja><sln:gmIdTeryt>1607092</sln:gmIdTeryt><sln:gmNazwa>Skoroszyce</sln:gmNazwa><sln:miejscIIPId>db48b90d-a89d-4c8a-bf9b-86d018b296b6</sln:miejscIIPId><sln:miejscIIPPn>PL.PZGIK.200</sln:miejscIIPPn><sln:miejscIIPWersja>2016-11-24T13:59:33+02:00</sln:miejscIIPWersja><sln:miejscIdTeryt>0502990</sln:miejscIdTeryt><sln:miejscNazwa>Mroczkowa</sln:miejscNazwa><sln:miejscRodzaj>Wieś</sln:miejscRodzaj><sln:powIIPId>845d9522-06aa-4ba2-81b5-e39f63fafd1f</sln:powIIPId><sln:powIIPPn>PL.PZGIK.200</sln:powIIPPn><sln:powIIPWersja>2017-10-10T00:00:00+02:00</sln:powIIPWersja><sln:powIdTeryt>1607</sln:powIdTeryt><sln:powNazwa>nyski</sln:powNazwa><sln:wojIIPId>9bd0c42a-ca40-4b7d-9b5b-81aae3398015</sln:wojIIPId><sln:wojIIPPn>PL.PZGIK.200</sln:wojIIPPn><sln:wojIIPWersja>2017-10-10T00:00:00+02:00</sln:wojIIPWersja><sln:wojIdTeryt>16</sln:wojIdTeryt><sln:wojNazwa>opolskie</sln:wojNazwa></sln:miejscowosc><sln:miejscowosc><sln:cyklZyciaOd>2014-12-07T00:00:00+01:00</sln:cyklZyciaOd><sln:gmIIPId>9396b7ee-abaf-4c41-97cc-ea3784298d14</sln:gmIIPId><sln:gmIIPPn>PL.PZGIK.200</sln:gmIIPPn><sln:gmIIPWersja>2012-09-26T21:59:20+02:00</sln:gmIIPWersja><sln:gmIdTeryt>1607092</sln:gmIdTeryt><sln:gmNazwa>Skoroszyce</sln:gmNazwa><sln:miejscIIPId>51757663-303b-44da-89ba-9da3f6a252be</sln:miejscIIPId><sln:miejscIIPPn>PL.PZGIK.200</sln:miejscIIPPn><sln:miejscIIPWersja>2016-11-24T13:59:33+02:00</sln:miejscIIPWersja><sln:miejscIdTeryt>0502983</sln:miejscIdTeryt><sln:miejscNazwa>Makowice</sln:miejscNazwa><sln:miejscRodzaj>Wieś</sln:miejscRodzaj><sln:powIIPId>845d9522-06aa-4ba2-81b5-e39f63fafd1f</sln:powIIPId><sln:powIIPPn>PL.PZGIK.200</sln:powIIPPn><sln:powIIPWersja>2017-10-10T00:00:00+02:00</sln:powIIPWersja><sln:powIdTeryt>1607</sln:powIdTeryt><sln:powNazwa>nyski</sln:powNazwa><sln:wojIIPId>9bd0c42a-ca40-4b7d-9b5b-81aae3398015</sln:wojIIPId><sln:wojIIPPn>PL.PZGIK.200</sln:wojIIPPn><sln:wojIIPWersja>2017-10-10T00:00:00+02:00</sln:wojIIPWersja><sln:wojIdTeryt>16</sln:wojIdTeryt><sln:wojNazwa>opolskie</sln:wojNazwa></sln:miejscowosc><sln:miejscowosc><sln:cyklZyciaOd>2014-12-07T00:00:00+01:00</sln:cyklZyciaOd><sln:gmIIPId>9396b7ee-abaf-4c41-97cc-ea3784298d14</sln:gmIIPId><sln:gmIIPPn>PL.PZGIK.200</sln:gmIIPPn><sln:gmIIPWersja>2012-09-26T21:59:20+02:00</sln:gmIIPWersja><sln:gmIdTeryt>1607092</sln:gmIdTeryt><sln:gmNazwa>Skoroszyce</sln:gmNazwa><sln:miejscIIPId>37b84817-a34a-478e-8825-76fb753ac02e</sln:miejscIIPId><sln:miejscIIPPn>PL.PZGIK.200</sln:miejscIIPPn><sln:miejscIIPWersja>2016-11-24T13:59:33+02:00</sln:miejscIIPWersja><sln:miejscIdTeryt>0502954</sln:miejscIdTeryt><sln:miejscNazwa>Czarnolas</sln:miejscNazwa><sln:miejscRodzaj>Wieś</sln:miejscRodzaj><sln:powIIPId>845d9522-06aa-4ba2-81b5-e39f63fafd1f</sln:powIIPId><sln:powIIPPn>PL.PZGIK.200</sln:powIIPPn><sln:powIIPWersja>2017-10-10T00:00:00+02:00</sln:powIIPWersja><sln:powIdTeryt>1607</sln:powIdTeryt><sln:powNazwa>nyski</sln:powNazwa><sln:wojIIPId>9bd0c42a-ca40-4b7d-9b5b-81aae3398015</sln:wojIIPId><sln:wojIIPPn>PL.PZGIK.200</sln:wojIIPPn><sln:wojIIPWersja>2017-10-10T00:00:00+02:00</sln:wojIIPWersja><sln:wojIdTeryt>16</sln:wojIdTeryt><sln:wojNazwa>opolskie</sln:wojNazwa></sln:miejscowosc><sln:miejscowosc><sln:cyklZyciaOd>2014-12-07T00:00:00+01:00</sln:cyklZyciaOd><sln:gmIIPId>9396b7ee-abaf-4c41-97cc-ea3784298d14</sln:gmIIPId><sln:gmIIPPn>PL.PZGIK.200</sln:gmIIPPn><sln:gmIIPWersja>2012-09-26T21:59:20+02:00</sln:gmIIPWersja><sln:gmIdTeryt>1607092</sln:gmIdTeryt><sln:gmNazwa>Skoroszyce</sln:gmNazwa><sln:miejscIIPId>be8f8f3e-f73d-46c1-8cb9-a363deed8798</sln:miejscIIPId><sln:miejscIIPPn>PL.PZGIK.200</sln:miejscIIPPn><sln:miejscIIPWersja>2016-11-24T13:59:33+02:00</sln:miejscIIPWersja><sln:miejscIdTeryt>0502925</sln:miejscIdTeryt><sln:miejscNazwa>Brzeziny</sln:miejscNazwa><sln:miejscRodzaj>Wieś</sln:miejscRodzaj><sln:powIIPId>845d9522-06aa-4ba2-81b5-e39f63fafd1f</sln:powIIPId><sln:powIIPPn>PL.PZGIK.200</sln:powIIPPn><sln:powIIPWersja>2017-10-10T00:00:00+02:00</sln:powIIPWersja><sln:powIdTeryt>1607</sln:powIdTeryt><sln:powNazwa>nyski</sln:powNazwa><sln:wojIIPId>9bd0c42a-ca40-4b7d-9b5b-81aae3398015</sln:wojIIPId><sln:wojIIPPn>PL.PZGIK.200</sln:wojIIPPn><sln:wojIIPWersja>2017-10-10T00:00:00+02:00</sln:wojIIPWersja><sln:wojIdTeryt>16</sln:wojIdTeryt><sln:wojNazwa>opolskie</sln:wojNazwa></sln:miejscowosc><sln:miejscowosc><sln:cyklZyciaDo>2016-11-26T00:00:00+01:00</sln:cyklZyciaDo><sln:cyklZyciaOd>2014-12-07T00:00:00+01:00</sln:cyklZyciaOd><sln:gmIIPId>9396b7ee-abaf-4c41-97cc-ea3784298d14</sln:gmIIPId><sln:gmIIPPn>PL.PZGIK.200</sln:gmIIPPn><sln:gmIIPWersja>2012-09-26T21:59:20+02:00</sln:gmIIPWersja><sln:gmIdTeryt>1607092</sln:gmIdTeryt><sln:gmNazwa>Skoroszyce</sln:gmNazwa><sln:miejscIIPId>a69e60d5-0589-495e-9c17-47a18d326e90</sln:miejscIIPId><sln:miejscIIPPn>PL.PZGIK.200</sln:miejscIIPPn><sln:miejscIIPWersja>2016-11-24T13:59:33+02:00</sln:miejscIIPWersja><sln:miejscIdTeryt>0503014</sln:miejscIdTeryt><sln:miejscNazwa>Sidzina</sln:miejscNazwa><sln:miejscRodzaj>Wieś</sln:miejscRodzaj><sln:powIIPId>845d9522-06aa-4ba2-81b5-e39f63fafd1f</sln:powIIPId><sln:powIIPPn>PL.PZGIK.200</sln:powIIPPn><sln:powIIPWersja>2017-10-10T00:00:00+02:00</sln:powIIPWersja><sln:powIdTeryt>1607</sln:powIdTeryt><sln:powNazwa>nyski</sln:powNazwa><sln:wojIIPId>9bd0c42a-ca40-4b7d-9b5b-81aae3398015</sln:wojIIPId><sln:wojIIPPn>PL.PZGIK.200</sln:wojIIPPn><sln:wojIIPWersja>2017-10-10T00:00:00+02:00</sln:wojIIPWersja><sln:wojIdTeryt>16</sln:wojIdTeryt><sln:wojNazwa>opolskie</sln:wojNazwa></sln:miejscowosc><sln:miejscowosc><sln:cyklZyciaOd>2014-12-07T00:00:00+01:00</sln:cyklZyciaOd><sln:gmIIPId>9396b7ee-abaf-4c41-97cc-ea3784298d14</sln:gmIIPId><sln:gmIIPPn>PL.PZGIK.200</sln:gmIIPPn><sln:gmIIPWersja>2012-09-26T21:59:20+02:00</sln:gmIIPWersja><sln:gmIdTeryt>1607092</sln:gmIdTeryt><sln:gmNazwa>Skoroszyce</sln:gmNazwa><sln:miejscIIPId>02db6eaf-6ec1-466b-b609-20fc9ec3709a</sln:miejscIIPId><sln:miejscIIPPn>PL.PZGIK.200</sln:miejscIIPPn><sln:miejscIIPWersja>2016-11-24T13:59:33+02:00</sln:miejscIIPWersja><sln:miejscIdTeryt>0502948</sln:miejscIdTeryt><sln:miejscNazwa>Zacisze</sln:miejscNazwa><sln:miejscRodzaj>Inny obiekt</sln:miejscRodzaj><sln:powIIPId>845d9522-06aa-4ba2-81b5-e39f63fafd1f</sln:powIIPId><sln:powIIPPn>PL.PZGIK.200</sln:powIIPPn><sln:powIIPWersja>2017-10-10T00:00:00+02:00</sln:powIIPWersja><sln:powIdTeryt>1607</sln:powIdTeryt><sln:powNazwa>nyski</sln:powNazwa><sln:wojIIPId>9bd0c42a-ca40-4b7d-9b5b-81aae3398015</sln:wojIIPId><sln:wojIIPPn>PL.PZGIK.200</sln:wojIIPPn><sln:wojIIPWersja>2017-10-10T00:00:00+02:00</sln:wojIIPWersja><sln:wojIdTeryt>16</sln:wojIdTeryt><sln:wojNazwa>opolskie</sln:wojNazwa></sln:miejscowosc><sln:miejscowosc><sln:cyklZyciaOd>2016-11-26T00:00:00+01:00</sln:cyklZyciaOd><sln:gmIIPId>9396b7ee-abaf-4c41-97cc-ea3784298d14</sln:gmIIPId><sln:gmIIPPn>PL.PZGIK.200</sln:gmIIPPn><sln:gmIIPWersja>2012-09-26T21:59:20+02:00</sln:gmIIPWersja><sln:gmIdTeryt>1607092</sln:gmIdTeryt><sln:gmNazwa>Skoroszyce</sln:gmNazwa><sln:miejscIIPId>a69e60d5-0589-495e-9c17-47a18d326e90</sln:miejscIIPId><sln:miejscIIPPn>PL.PZGIK.200</sln:miejscIIPPn><sln:miejscIIPWersja>2016-11-26T20:34:38+02:00</sln:miejscIIPWersja><sln:miejscIdTeryt>0503014</sln:miejscIdTeryt><sln:miejscNazwa>Sidzina</sln:miejscNazwa><sln:miejscRodzaj>Wieś</sln:miejscRodzaj><sln:powIIPId>845d9522-06aa-4ba2-81b5-e39f63fafd1f</sln:powIIPId><sln:powIIPPn>PL.PZGIK.200</sln:powIIPPn><sln:powIIPWersja>2017-10-10T00:00:00+02:00</sln:powIIPWersja><sln:powIdTeryt>1607</sln:powIdTeryt><sln:powNazwa>nyski</sln:powNazwa><sln:wojIIPId>9bd0c42a-ca40-4b7d-9b5b-81aae3398015</sln:wojIIPId><sln:wojIIPPn>PL.PZGIK.200</sln:wojIIPPn><sln:wojIIPWersja>2017-10-10T00:00:00+02:00</sln:wojIIPWersja><sln:wojIdTeryt>16</sln:wojIdTeryt><sln:wojNazwa>opolskie</sln:wojNazwa></sln:miejscowosc></sln:lista-miejscowosci>