<?xml version="1.0" encoding="UTF-8" standalone="yes"?><sln:lista-miejscowosci xmlns:srv="http://gugik.gov.pl/schemas/slowniki-service/1.0" xmlns:sln="http://gugik.gov.pl/schemas/slowniki-schema/1.0"><sln:miejscowosc><sln:cyklZyciaDo>2017-04-12T00:00:00+02:00</sln:cyklZyciaDo><sln:cyklZyciaOd>2016-01-11T00:00:00+01:00</sln:cyklZyciaOd><sln:gmIIPId>d2422ace-3673-41f9-95a2-e33cb1d3b4ab</sln:gmIIPId><sln:gmIIPPn>PL.PZGIK.200</sln:gmIIPPn><sln:gmIIPWersja>2012-09-26T21:59:34+02:00</sln:gmIIPWersja><sln:gmIdTeryt>1609052</sln:gmIdTeryt><sln:gmNazwa>Łubniany</sln:gmNazwa><sln:miejscIIPId>b78641fa-8ed1-4cc0-8007-e0d0db2e9502</sln:miejscIIPId><sln:miejscIIPPn>PL.PZGIK.200</sln:miejscIIPPn><sln:miejscIIPWersja>2016-11-24T10:44:50+02:00</sln:miejscIIPWersja><sln:miejscIdTeryt>0498939</sln:miejscIdTeryt><sln:miejscNazwa>Biadacz</sln:miejscNazwa><sln:miejscRodzaj>Wieś</sln:miejscRodzaj><sln:powIIPId>1da0ca63-52c4-4e1d-869f-b591c1e264b6</sln:powIIPId><sln:powIIPPn>PL.PZGIK.200</sln:powIIPPn><sln:powIIPWersja>2012-09-27T08:58:33+02:00</sln:powIIPWersja><sln:powIdTeryt>1609</sln:powIdTeryt><sln:powNazwa>opolski</sln:powNazwa><sln:waznyOd>2014-07-08T00:00:00+02:00</sln:waznyOd><sln:wojIIPId>9bd0c42a-ca40-4b7d-9b5b-81aae3398015</sln:wojIIPId><sln:wojIIPPn>PL.PZGIK.200</sln:wojIIPPn><sln:wojIIPWersja>2017-10-10T00:00:00+02:00</sln:wojIIPWersja><sln:wojIdTeryt>16</sln:wojIdTeryt><sln:wojNazwa>opolskie</sln:wojNazwa></sln:miejscowosc><sln:miejscowosc><sln:cyklZyciaDo>2017-04-12T00:00:00+02:00</sln:cyklZyciaDo><sln:cyklZyciaOd>2016-01-11T00:00:00+01:00</sln:cyklZyciaOd><sln:gmIIPId>d2422ace-3673-41f9-95a2-e33cb1d3b4ab</sln:gmIIPId><sln:gmIIPPn>PL.PZGIK.200</sln:gmIIPPn><sln:gmIIPWersja>2012-09-26T21:59:34+02:00</sln:gmIIPWersja><sln:gmIdTeryt>1609052</sln:gmIdTeryt><sln:gmNazwa>Łubniany</sln:gmNazwa><sln:miejscIIPId>3af4976f-148c-4720-a764-23679aa2e74d</sln:miejscIIPId><sln:miejscIIPPn>PL.PZGIK.200</sln:miejscIIPPn><sln:miejscIIPWersja>2016-11-24T10:44:52+02:00</sln:miejscIIPWersja><sln:miejscIdTeryt>0498951</sln:miejscIdTeryt><sln:miejscNazwa>Brynica</sln:miejscNazwa><sln:miejscRodzaj>Wieś</sln:miejscRodzaj><sln:powIIPId>1da0ca63-52c4-4e1d-869f-b591c1e264b6</sln:powIIPId><sln:powIIPPn>PL.PZGIK.200</sln:powIIPPn><sln:powIIPWersja>2012-09-27T08:58:33+02:00</sln:powIIPWersja><sln:powIdTeryt>1609</sln:powIdTeryt><sln:powNazwa>opolski</sln:powNazwa><sln:waznyOd>2014-07-08T00:00:00+02:00</sln:waznyOd><sln:wojIIPId>9bd0c42a-ca40-4b7d-9b5b-81aae3398015</sln:wojIIPId><sln:wojIIPPn>PL.PZGIK.200</sln:wojIIPPn><sln:wojIIPWersja>2017-10-10T00:00:00+02:00</sln:wojIIPWersja><sln:wojIdTeryt>16</sln:wojIdTeryt><sln:wojNazwa>opolskie</sln:wojNazwa></sln:miejscowosc><sln:miejscowosc><sln:cyklZyciaDo>2017-04-12T00:00:00+02:00</sln:cyklZyciaDo><sln:cyklZyciaOd>2016-01-11T00:00:00+01:00</sln:cyklZyciaOd><sln:gmIIPId>d2422ace-3673-41f9-95a2-e33cb1d3b4ab</sln:gmIIPId><sln:gmIIPPn>PL.PZGIK.200</sln:gmIIPPn><sln:gmIIPWersja>2012-09-26T21:59:34+02:00</sln:gmIIPWersja><sln:gmIdTeryt>1609052</sln:gmIdTeryt><sln:gmNazwa>Łubniany</sln:gmNazwa><sln:miejscIIPId>9c5ae268-e186-43da-9302-dad600b2157c</sln:miejscIIPId><sln:miejscIIPPn>PL.PZGIK.200</sln:miejscIIPPn><sln:miejscIIPWersja>2016-11-24T10:44:54+02:00</sln:miejscIIPWersja><sln:miejscIdTeryt>0499028</sln:miejscIdTeryt><sln:miejscNazwa>Dąbrówka Łubniańska</sln:miejscNazwa><sln:miejscRodzaj>Wieś</sln:miejscRodzaj><sln:powIIPId>1da0ca63-52c4-4e1d-869f-b591c1e264b6</sln:powIIPId><sln:powIIPPn>PL.PZGIK.200</sln:powIIPPn><sln:powIIPWersja>2012-09-27T08:58:33+02:00</sln:powIIPWersja><sln:powIdTeryt>1609</sln:powIdTeryt><sln:powNazwa>opolski</sln:powNazwa><sln:waznyOd>2014-07-08T00:00:00+02:00</sln:waznyOd><sln:wojIIPId>9bd0c42a-ca40-4b7d-9b5b-81aae3398015</sln:wojIIPId><sln:wojIIPPn>PL.PZGIK.200</sln:wojIIPPn><sln:wojIIPWersja>2017-10-10T00:00:00+02:00</sln:wojIIPWersja><sln:wojIdTeryt>16</sln:wojIdTeryt><sln:wojNazwa>opolskie</sln:wojNazwa></sln:miejscowosc><sln:miejscowosc><sln:cyklZyciaDo>2017-04-12T00:00:00+02:00</sln:cyklZyciaDo><sln:cyklZyciaOd>2016-01-11T00:00:00+01:00</sln:cyklZyciaOd><sln:gmIIPId>d2422ace-3673-41f9-95a2-e33cb1d3b4ab</sln:gmIIPId><sln:gmIIPPn>PL.PZGIK.200</sln:gmIIPPn><sln:gmIIPWersja>2012-09-26T21:59:34+02:00</sln:gmIIPWersja><sln:gmIdTeryt>1609052</sln:gmIdTeryt><sln:gmNazwa>Łubniany</sln:gmNazwa><sln:miejscIIPId>90832c2f-0966-4d2a-9fba-602d8e7c1bc4</sln:miejscIIPId><sln:miejscIIPPn>PL.PZGIK.200</sln:miejscIIPPn><sln:miejscIIPWersja>2016-11-24T10:44:56+02:00</sln:miejscIIPWersja><sln:miejscIdTeryt>0499040</sln:miejscIdTeryt><sln:miejscNazwa>Grabie</sln:miejscNazwa><sln:miejscRodzaj>Wieś</sln:miejscRodzaj><sln:powIIPId>1da0ca63-52c4-4e1d-869f-b591c1e264b6</sln:powIIPId><sln:powIIPPn>PL.PZGIK.200</sln:powIIPPn><sln:powIIPWersja>2012-09-27T08:58:33+02:00</sln:powIIPWersja><sln:powIdTeryt>1609</sln:powIdTeryt><sln:powNazwa>opolski</sln:powNazwa><sln:waznyOd>2014-07-08T00:00:00+02:00</sln:waznyOd><sln:wojIIPId>9bd0c42a-ca40-4b7d-9b5b-81aae3398015</sln:wojIIPId><sln:wojIIPPn>PL.PZGIK.200</sln:wojIIPPn><sln:wojIIPWersja>2017-10-10T00:00:00+02:00</sln:wojIIPWersja><sln:wojIdTeryt>16</sln:wojIdTeryt><sln:wojNazwa>opolskie</sln:wojNazwa></sln:miejscowosc><sln:miejscowosc><sln:cyklZyciaDo>2017-04-12T00:00:00+02:00</sln:cyklZyciaDo><sln:cyklZyciaOd>2016-01-11T00:00:00+01:00</sln:cyklZyciaOd><sln:gmIIPId>d2422ace-3673-41f9-95a2-e33cb1d3b4ab</sln:gmIIPId><sln:gmIIPPn>PL.PZGIK.200</sln:gmIIPPn><sln:gmIIPWersja>2012-09-26T21:59:34+02:00</sln:gmIIPWersja><sln:gmIdTeryt>1609052</sln:gmIdTeryt><sln:gmNazwa>Łubniany</sln:gmNazwa><sln:miejscIIPId>43168c85-e4aa-413e-9aba-46c1d336d96b</sln:miejscIIPId><sln:miejscIIPPn>PL.PZGIK.200</sln:miejscIIPPn><sln:miejscIIPWersja>2016-11-24T10:44:58+02:00</sln:miejscIIPWersja><sln:miejscIdTeryt>0499057</sln:miejscIdTeryt><sln:miejscNazwa>Jełowa</sln:miejscNazwa><sln:miejscRodzaj>Wieś</sln:miejscRodzaj><sln:powIIPId>1da0ca63-52c4-4e1d-869f-b591c1e264b6</sln:powIIPId><sln:powIIPPn>PL.PZGIK.200</sln:powIIPPn><sln:powIIPWersja>2012-09-27T08:58:33+02:00</sln:powIIPWersja><sln:powIdTeryt>1609</sln:powIdTeryt><sln:powNazwa>opolski</sln:powNazwa><sln:waznyOd>2014-07-08T00:00:00+02:00</sln:waznyOd><sln:wojIIPId>9bd0c42a-ca40-4b7d-9b5b-81aae3398015</sln:wojIIPId><sln:wojIIPPn>PL.PZGIK.200</sln:wojIIPPn><sln:wojIIPWersja>2017-10-10T00:00:00+02:00</sln:wojIIPWersja><sln:wojIdTeryt>16</sln:wojIdTeryt><sln:wojNazwa>opolskie</sln:wojNazwa></sln:miejscowosc><sln:miejscowosc><sln:cyklZyciaDo>2017-04-12T00:00:00+02:00</sln:cyklZyciaDo><sln:cyklZyciaOd>2016-01-11T00:00:00+01:00</sln:cyklZyciaOd><sln:gmIIPId>d2422ace-3673-41f9-95a2-e33cb1d3b4ab</sln:gmIIPId><sln:gmIIPPn>PL.PZGIK.200</sln:gmIIPPn><sln:gmIIPWersja>2012-09-26T21:59:34+02:00</sln:gmIIPWersja><sln:gmIdTeryt>1609052</sln:gmIdTeryt><sln:gmNazwa>Łubniany</sln:gmNazwa><sln:miejscIIPId>f27b55f4-822c-4d46-b220-eda0c163381f</sln:miejscIIPId><sln:miejscIIPPn>PL.PZGIK.200</sln:miejscIIPPn><sln:miejscIIPWersja>2016-11-24T10:45:00+02:00</sln:miejscIIPWersja><sln:miejscIdTeryt>0499100</sln:miejscIdTeryt><sln:miejscNazwa>Kępa</sln:miejscNazwa><sln:miejscRodzaj>Wieś</sln:miejscRodzaj><sln:powIIPId>1da0ca63-52c4-4e1d-869f-b591c1e264b6</sln:powIIPId><sln:powIIPPn>PL.PZGIK.200</sln:powIIPPn><sln:powIIPWersja>2012-09-27T08:58:33+02:00</sln:powIIPWersja><sln:powIdTeryt>1609</sln:powIdTeryt><sln:powNazwa>opolski</sln:powNazwa><sln:waznyOd>2014-07-08T00:00:00+02:00</sln:waznyOd><sln:wojIIPId>9bd0c42a-ca40-4b7d-9b5b-81aae3398015</sln:wojIIPId><sln:wojIIPPn>PL.PZGIK.200</sln:wojIIPPn><sln:wojIIPWersja>2017-10-10T00:00:00+02:00</sln:wojIIPWersja><sln:wojIdTeryt>16</sln:wojIdTeryt><sln:wojNazwa>opolskie</sln:wojNazwa></sln:miejscowosc><sln:miejscowosc><sln:cyklZyciaDo>2017-04-12T00:00:00+02:00</sln:cyklZyciaDo><sln:cyklZyciaOd>2016-01-11T00:00:00+01:00</sln:cyklZyciaOd><sln:gmIIPId>d2422ace-3673-41f9-95a2-e33cb1d3b4ab</sln:gmIIPId><sln:gmIIPPn>PL.PZGIK.200</sln:gmIIPPn><sln:gmIIPWersja>2012-09-26T21:59:34+02:00</sln:gmIIPWersja><sln:gmIdTeryt>1609052</sln:gmIdTeryt><sln:gmNazwa>Łubniany</sln:gmNazwa><sln:miejscIIPId>52bbae35-7237-43e0-bf0f-bd8ce7976782</sln:miejscIIPId><sln:miejscIIPPn>PL.PZGIK.200</sln:miejscIIPPn><sln:miejscIIPWersja>2016-11-24T10:45:02+02:00</sln:miejscIIPWersja><sln:miejscIdTeryt>0499117</sln:miejscIdTeryt><sln:miejscNazwa>Kobylno</sln:miejscNazwa><sln:miejscRodzaj>Wieś</sln:miejscRodzaj><sln:powIIPId>1da0ca63-52c4-4e1d-869f-b591c1e264b6</sln:powIIPId><sln:powIIPPn>PL.PZGIK.200</sln:powIIPPn><sln:powIIPWersja>2012-09-27T08:58:33+02:00</sln:powIIPWersja><sln:powIdTeryt>1609</sln:powIdTeryt><sln:powNazwa>opolski</sln:powNazwa><sln:waznyOd>2014-07-08T00:00:00+02:00</sln:waznyOd><sln:wojIIPId>9bd0c42a-ca40-4b7d-9b5b-81aae3398015</sln:wojIIPId><sln:wojIIPPn>PL.PZGIK.200</sln:wojIIPPn><sln:wojIIPWersja>2017-10-10T00:00:00+02:00</sln:wojIIPWersja><sln:wojIdTeryt>16</sln:wojIdTeryt><sln:wojNazwa>opolskie</sln:wojNazwa></sln:miejscowosc><sln:miejscowosc><sln:cyklZyciaDo>2017-04-12T00:00:00+02:00</sln:cyklZyciaDo><sln:cyklZyciaOd>2016-01-11T00:00:00+01:00</sln:cyklZyciaOd><sln:gmIIPId>d2422ace-3673-41f9-95a2-e33cb1d3b4ab</sln:gmIIPId><sln:gmIIPPn>PL.PZGIK.200</sln:gmIIPPn><sln:gmIIPWersja>2012-09-26T21:59:34+02:00</sln:gmIIPWersja><sln:gmIdTeryt>1609052</sln:gmIdTeryt><sln:gmNazwa>Łubniany</sln:gmNazwa><sln:miejscIIPId>26684196-7d2f-44d3-8227-b350acc1e630</sln:miejscIIPId><sln:miejscIIPPn>PL.PZGIK.200</sln:miejscIIPPn><sln:miejscIIPWersja>2016-11-24T10:45:04+02:00</sln:miejscIIPWersja><sln:miejscIdTeryt>0499130</sln:miejscIdTeryt><sln:miejscNazwa>Kolanowice</sln:miejscNazwa><sln:miejscRodzaj>Wieś</sln:miejscRodzaj><sln:powIIPId>1da0ca63-52c4-4e1d-869f-b591c1e264b6</sln:powIIPId><sln:powIIPPn>PL.PZGIK.200</sln:powIIPPn><sln:powIIPWersja>2012-09-27T08:58:33+02:00</sln:powIIPWersja><sln:powIdTeryt>1609</sln:powIdTeryt><sln:powNazwa>opolski</sln:powNazwa><sln:waznyOd>2014-07-08T00:00:00+02:00</sln:waznyOd><sln:wojIIPId>9bd0c42a-ca40-4b7d-9b5b-81aae3398015</sln:wojIIPId><sln:wojIIPPn>PL.PZGIK.200</sln:wojIIPPn><sln:wojIIPWersja>2017-10-10T00:00:00+02:00</sln:wojIIPWersja><sln:wojIdTeryt>16</sln:wojIdTeryt><sln:wojNazwa>opolskie</sln:wojNazwa></sln:miejscowosc><sln:miejscowosc><sln:cyklZyciaDo>2017-04-12T00:00:00+02:00</sln:cyklZyciaDo><sln:cyklZyciaOd>2016-01-11T00:00:00+01:00</sln:cyklZyciaOd><sln:gmIIPId>d2422ace-3673-41f9-95a2-e33cb1d3b4ab</sln:gmIIPId><sln:gmIIPPn>PL.PZGIK.200</sln:gmIIPPn><sln:gmIIPWersja>2012-09-26T21:59:34+02:00</sln:gmIIPWersja><sln:gmIdTeryt>1609052</sln:gmIdTeryt><sln:gmNazwa>Łubniany</sln:gmNazwa><sln:miejscIIPId>2e45b2f9-ac14-4683-a8fc-32ee4619d6ca</sln:miejscIIPId><sln:miejscIIPPn>PL.PZGIK.200</sln:miejscIIPPn><sln:miejscIIPWersja>2016-11-24T10:45:06+02:00</sln:miejscIIPWersja><sln:miejscIdTeryt>0499146</sln:miejscIdTeryt><sln:miejscNazwa>Luboszyce</sln:miejscNazwa><sln:miejscRodzaj>Wieś</sln:miejscRodzaj><sln:powIIPId>1da0ca63-52c4-4e1d-869f-b591c1e264b6</sln:powIIPId><sln:powIIPPn>PL.PZGIK.200</sln:powIIPPn><sln:powIIPWersja>2012-09-27T08:58:33+02:00</sln:powIIPWersja><sln:powIdTeryt>1609</sln:powIdTeryt><sln:powNazwa>opolski</sln:powNazwa><sln:waznyOd>2014-07-08T00:00:00+02:00</sln:waznyOd><sln:wojIIPId>9bd0c42a-ca40-4b7d-9b5b-81aae3398015</sln:wojIIPId><sln:wojIIPPn>PL.PZGIK.200</sln:wojIIPPn><sln:wojIIPWersja>2017-10-10T00:00:00+02:00</sln:wojIIPWersja><sln:wojIdTeryt>16</sln:wojIdTeryt><sln:wojNazwa>opolskie</sln:wojNazwa></sln:miejscowosc><sln:miejscowosc><sln:cyklZyciaDo>2017-04-12T00:00:00+02:00</sln:cyklZyciaDo><sln:cyklZyciaOd>2016-01-11T00:00:00+01:00</sln:cyklZyciaOd><sln:gmIIPId>d2422ace-3673-41f9-95a2-e33cb1d3b4ab</sln:gmIIPId><sln:gmIIPPn>PL.PZGIK.200</sln:gmIIPPn><sln:gmIIPWersja>2012-09-26T21:59:34+02:00</sln:gmIIPWersja><sln:gmIdTeryt>1609052</sln:gmIdTeryt><sln:gmNazwa>Łubniany</sln:gmNazwa><sln:miejscIIPId>3106e9ba-6b67-42fa-bd61-16b935dcd86a</sln:miejscIIPId><sln:miejscIIPPn>PL.PZGIK.200</sln:miejscIIPPn><sln:miejscIIPWersja>2016-11-24T10:45:08+02:00</sln:miejscIIPWersja><sln:miejscIdTeryt>0499152</sln:miejscIdTeryt><sln:miejscNazwa>Łubniany</sln:miejscNazwa><sln:miejscRodzaj>Wieś</sln:miejscRodzaj><sln:powIIPId>1da0ca63-52c4-4e1d-869f-b591c1e264b6</sln:powIIPId><sln:powIIPPn>PL.PZGIK.200</sln:powIIPPn><sln:powIIPWersja>2012-09-27T08:58:33+02:00</sln:powIIPWersja><sln:powIdTeryt>1609</sln:powIdTeryt><sln:powNazwa>opolski</sln:powNazwa><sln:waznyOd>2014-07-08T00:00:00+02:00</sln:waznyOd><sln:wojIIPId>9bd0c42a-ca40-4b7d-9b5b-81aae3398015</sln:wojIIPId><sln:wojIIPPn>PL.PZGIK.200</sln:wojIIPPn><sln:wojIIPWersja>2017-10-10T00:00:00+02:00</sln:wojIIPWersja><sln:wojIdTeryt>16</sln:wojIdTeryt><sln:wojNazwa>opolskie</sln:wojNazwa></sln:miejscowosc><sln:miejscowosc><sln:cyklZyciaDo>2017-04-12T00:00:00+02:00</sln:cyklZyciaDo><sln:cyklZyciaOd>2016-01-11T00:00:00+01:00</sln:cyklZyciaOd><sln:gmIIPId>d2422ace-3673-41f9-95a2-e33cb1d3b4ab</sln:gmIIPId><sln:gmIIPPn>PL.PZGIK.200</sln:gmIIPPn><sln:gmIIPWersja>2012-09-26T21:59:34+02:00</sln:gmIIPWersja><sln:gmIdTeryt>1609052</sln:gmIdTeryt><sln:gmNazwa>Łubniany</sln:gmNazwa><sln:miejscIIPId>fcc5e9fc-d56a-427e-aed3-6a3f6dbc167a</sln:miejscIIPId><sln:miejscIIPPn>PL.PZGIK.200</sln:miejscIIPPn><sln:miejscIIPWersja>2016-11-24T10:45:10+02:00</sln:miejscIIPWersja><sln:miejscIdTeryt>0499175</sln:miejscIdTeryt><sln:miejscNazwa>Masów</sln:miejscNazwa><sln:miejscRodzaj>Wieś</sln:miejscRodzaj><sln:powIIPId>1da0ca63-52c4-4e1d-869f-b591c1e264b6</sln:powIIPId><sln:powIIPPn>PL.PZGIK.200</sln:powIIPPn><sln:powIIPWersja>2012-09-27T08:58:33+02:00</sln:powIIPWersja><sln:powIdTeryt>1609</sln:powIdTeryt><sln:powNazwa>opolski</sln:powNazwa><sln:waznyOd>2014-07-08T00:00:00+02:00</sln:waznyOd><sln:wojIIPId>9bd0c42a-ca40-4b7d-9b5b-81aae3398015</sln:wojIIPId><sln:wojIIPPn>PL.PZGIK.200</sln:wojIIPPn><sln:wojIIPWersja>2017-10-10T00:00:00+02:00</sln:wojIIPWersja><sln:wojIdTeryt>16</sln:wojIdTeryt><sln:wojNazwa>opolskie</sln:wojNazwa></sln:miejscowosc><sln:miejscowosc><sln:cyklZyciaDo>2015-12-30T00:00:00+01:00</sln:cyklZyciaDo><sln:cyklZyciaOd>2014-12-09T00:00:00+01:00</sln:cyklZyciaOd><sln:gmIIPId>d2422ace-3673-41f9-95a2-e33cb1d3b4ab</sln:gmIIPId><sln:gmIIPPn>PL.PZGIK.200</sln:gmIIPPn><sln:gmIIPWersja>2012-09-26T21:59:34+02:00</sln:gmIIPWersja><sln:gmIdTeryt>1609052</sln:gmIdTeryt><sln:gmNazwa>Łubniany</sln:gmNazwa><sln:miejscIIPId>b78641fa-8ed1-4cc0-8007-e0d0db2e9502</sln:miejscIIPId><sln:miejscIIPPn>PL.PZGIK.200</sln:miejscIIPPn><sln:miejscIIPWersja>2016-11-24T10:44:51+02:00</sln:miejscIIPWersja><sln:miejscIdTeryt>0498939</sln:miejscIdTeryt><sln:miejscNazwa>Biadacz</sln:miejscNazwa><sln:miejscRodzaj>Inny obiekt</sln:miejscRodzaj><sln:powIIPId>1da0ca63-52c4-4e1d-869f-b591c1e264b6</sln:powIIPId><sln:powIIPPn>PL.PZGIK.200</sln:powIIPPn><sln:powIIPWersja>2012-09-27T08:58:33+02:00</sln:powIIPWersja><sln:powIdTeryt>1609</sln:powIdTeryt><sln:powNazwa>opolski</sln:powNazwa><sln:waznyOd>2014-07-08T00:00:00+02:00</sln:waznyOd><sln:wojIIPId>9bd0c42a-ca40-4b7d-9b5b-81aae3398015</sln:wojIIPId><sln:wojIIPPn>PL.PZGIK.200</sln:wojIIPPn><sln:wojIIPWersja>2017-10-10T00:00:00+02:00</sln:wojIIPWersja><sln:wojIdTeryt>16</sln:wojIdTeryt><sln:wojNazwa>opolskie</sln:wojNazwa></sln:miejscowosc><sln:miejscowosc><sln:cyklZyciaDo>2015-12-30T00:00:00+01:00</sln:cyklZyciaDo><sln:cyklZyciaOd>2014-12-09T00:00:00+01:00</sln:cyklZyciaOd><sln:gmIIPId>d2422ace-3673-41f9-95a2-e33cb1d3b4ab</sln:gmIIPId><sln:gmIIPPn>PL.PZGIK.200</sln:gmIIPPn><sln:gmIIPWersja>2012-09-26T21:59:34+02:00</sln:gmIIPWersja><sln:gmIdTeryt>1609052</sln:gmIdTeryt><sln:gmNazwa>Łubniany</sln:gmNazwa><sln:miejscIIPId>3af4976f-148c-4720-a764-23679aa2e74d</sln:miejscIIPId><sln:miejscIIPPn>PL.PZGIK.200</sln:miejscIIPPn><sln:miejscIIPWersja>2016-11-24T10:44:53+02:00</sln:miejscIIPWersja><sln:miejscIdTeryt>0498951</sln:miejscIdTeryt><sln:miejscNazwa>Brynica</sln:miejscNazwa><sln:miejscRodzaj>Inny obiekt</sln:miejscRodzaj><sln:powIIPId>1da0ca63-52c4-4e1d-869f-b591c1e264b6</sln:powIIPId><sln:powIIPPn>PL.PZGIK.200</sln:powIIPPn><sln:powIIPWersja>2012-09-27T08:58:33+02:00</sln:powIIPWersja><sln:powIdTeryt>1609</sln:powIdTeryt><sln:powNazwa>opolski</sln:powNazwa><sln:waznyOd>2014-07-08T00:00:00+02:00</sln:waznyOd><sln:wojIIPId>9bd0c42a-ca40-4b7d-9b5b-81aae3398015</sln:wojIIPId><sln:wojIIPPn>PL.PZGIK.200</sln:wojIIPPn><sln:wojIIPWersja>2017-10-10T00:00:00+02:00</sln:wojIIPWersja><sln:wojIdTeryt>16</sln:wojIdTeryt><sln:wojNazwa>opolskie</sln:wojNazwa></sln:miejscowosc><sln:miejscowosc><sln:cyklZyciaDo>2015-12-30T00:00:00+01:00</sln:cyklZyciaDo><sln:cyklZyciaOd>2014-12-09T00:00:00+01:00</sln:cyklZyciaOd><sln:gmIIPId>d2422ace-3673-41f9-95a2-e33cb1d3b4ab</sln:gmIIPId><sln:gmIIPPn>PL.PZGIK.200</sln:gmIIPPn><sln:gmIIPWersja>2012-09-26T21:59:34+02:00</sln:gmIIPWersja><sln:gmIdTeryt>1609052</sln:gmIdTeryt><sln:gmNazwa>Łubniany</sln:gmNazwa><sln:miejscIIPId>9c5ae268-e186-43da-9302-dad600b2157c</sln:miejscIIPId><sln:miejscIIPPn>PL.PZGIK.200</sln:miejscIIPPn><sln:miejscIIPWersja>2016-11-24T10:44:55+02:00</sln:miejscIIPWersja><sln:miejscIdTeryt>0499028</sln:miejscIdTeryt><sln:miejscNazwa>Dąbrówka Łubniańska</sln:miejscNazwa><sln:miejscRodzaj>Inny obiekt</sln:miejscRodzaj><sln:powIIPId>1da0ca63-52c4-4e1d-869f-b591c1e264b6</sln:powIIPId><sln:powIIPPn>PL.PZGIK.200</sln:powIIPPn><sln:powIIPWersja>2012-09-27T08:58:33+02:00</sln:powIIPWersja><sln:powIdTeryt>1609</sln:powIdTeryt><sln:powNazwa>opolski</sln:powNazwa><sln:waznyOd>2014-07-08T00:00:00+02:00</sln:waznyOd><sln:wojIIPId>9bd0c42a-ca40-4b7d-9b5b-81aae3398015</sln:wojIIPId><sln:wojIIPPn>PL.PZGIK.200</sln:wojIIPPn><sln:wojIIPWersja>2017-10-10T00:00:00+02:00</sln:wojIIPWersja><sln:wojIdTeryt>16</sln:wojIdTeryt><sln:wojNazwa>opolskie</sln:wojNazwa></sln:miejscowosc><sln:miejscowosc><sln:cyklZyciaDo>2015-12-30T00:00:00+01:00</sln:cyklZyciaDo><sln:cyklZyciaOd>2014-12-09T00:00:00+01:00</sln:cyklZyciaOd><sln:gmIIPId>d2422ace-3673-41f9-95a2-e33cb1d3b4ab</sln:gmIIPId><sln:gmIIPPn>PL.PZGIK.200</sln:gmIIPPn><sln:gmIIPWersja>2012-09-26T21:59:34+02:00</sln:gmIIPWersja><sln:gmIdTeryt>1609052</sln:gmIdTeryt><sln:gmNazwa>Łubniany</sln:gmNazwa><sln:miejscIIPId>90832c2f-0966-4d2a-9fba-602d8e7c1bc4</sln:miejscIIPId><sln:miejscIIPPn>PL.PZGIK.200</sln:miejscIIPPn><sln:miejscIIPWersja>2016-11-24T10:44:57+02:00</sln:miejscIIPWersja><sln:miejscIdTeryt>0499040</sln:miejscIdTeryt><sln:miejscNazwa>Grabie</sln:miejscNazwa><sln:miejscRodzaj>Inny obiekt</sln:miejscRodzaj><sln:powIIPId>1da0ca63-52c4-4e1d-869f-b591c1e264b6</sln:powIIPId><sln:powIIPPn>PL.PZGIK.200</sln:powIIPPn><sln:powIIPWersja>2012-09-27T08:58:33+02:00</sln:powIIPWersja><sln:powIdTeryt>1609</sln:powIdTeryt><sln:powNazwa>opolski</sln:powNazwa><sln:waznyOd>2014-07-08T00:00:00+02:00</sln:waznyOd><sln:wojIIPId>9bd0c42a-ca40-4b7d-9b5b-81aae3398015</sln:wojIIPId><sln:wojIIPPn>PL.PZGIK.200</sln:wojIIPPn><sln:wojIIPWersja>2017-10-10T00:00:00+02:00</sln:wojIIPWersja><sln:wojIdTeryt>16</sln:wojIdTeryt><sln:wojNazwa>opolskie</sln:wojNazwa></sln:miejscowosc><sln:miejscowosc><sln:cyklZyciaDo>2015-12-30T00:00:00+01:00</sln:cyklZyciaDo><sln:cyklZyciaOd>2014-12-09T00:00:00+01:00</sln:cyklZyciaOd><sln:gmIIPId>d2422ace-3673-41f9-95a2-e33cb1d3b4ab</sln:gmIIPId><sln:gmIIPPn>PL.PZGIK.200</sln:gmIIPPn><sln:gmIIPWersja>2012-09-26T21:59:34+02:00</sln:gmIIPWersja><sln:gmIdTeryt>1609052</sln:gmIdTeryt><sln:gmNazwa>Łubniany</sln:gmNazwa><sln:miejscIIPId>43168c85-e4aa-413e-9aba-46c1d336d96b</sln:miejscIIPId><sln:miejscIIPPn>PL.PZGIK.200</sln:miejscIIPPn><sln:miejscIIPWersja>2016-11-24T10:44:59+02:00</sln:miejscIIPWersja><sln:miejscIdTeryt>0499057</sln:miejscIdTeryt><sln:miejscNazwa>Jełowa</sln:miejscNazwa><sln:miejscRodzaj>Inny obiekt</sln:miejscRodzaj><sln:powIIPId>1da0ca63-52c4-4e1d-869f-b591c1e264b6</sln:powIIPId><sln:powIIPPn>PL.PZGIK.200</sln:powIIPPn><sln:powIIPWersja>2012-09-27T08:58:33+02:00</sln:powIIPWersja><sln:powIdTeryt>1609</sln:powIdTeryt><sln:powNazwa>opolski</sln:powNazwa><sln:waznyOd>2014-07-08T00:00:00+02:00</sln:waznyOd><sln:wojIIPId>9bd0c42a-ca40-4b7d-9b5b-81aae3398015</sln:wojIIPId><sln:wojIIPPn>PL.PZGIK.200</sln:wojIIPPn><sln:wojIIPWersja>2017-10-10T00:00:00+02:00</sln:wojIIPWersja><sln:wojIdTeryt>16</sln:wojIdTeryt><sln:wojNazwa>opolskie</sln:wojNazwa></sln:miejscowosc><sln:miejscowosc><sln:cyklZyciaDo>2015-12-30T00:00:00+01:00</sln:cyklZyciaDo><sln:cyklZyciaOd>2014-12-09T00:00:00+01:00</sln:cyklZyciaOd><sln:gmIIPId>d2422ace-3673-41f9-95a2-e33cb1d3b4ab</sln:gmIIPId><sln:gmIIPPn>PL.PZGIK.200</sln:gmIIPPn><sln:gmIIPWersja>2012-09-26T21:59:34+02:00</sln:gmIIPWersja><sln:gmIdTeryt>1609052</sln:gmIdTeryt><sln:gmNazwa>Łubniany</sln:gmNazwa><sln:miejscIIPId>f27b55f4-822c-4d46-b220-eda0c163381f</sln:miejscIIPId><sln:miejscIIPPn>PL.PZGIK.200</sln:miejscIIPPn><sln:miejscIIPWersja>2016-11-24T10:45:01+02:00</sln:miejscIIPWersja><sln:miejscIdTeryt>0499100</sln:miejscIdTeryt><sln:miejscNazwa>Kępa</sln:miejscNazwa><sln:miejscRodzaj>Inny obiekt</sln:miejscRodzaj><sln:powIIPId>1da0ca63-52c4-4e1d-869f-b591c1e264b6</sln:powIIPId><sln:powIIPPn>PL.PZGIK.200</sln:powIIPPn><sln:powIIPWersja>2012-09-27T08:58:33+02:00</sln:powIIPWersja><sln:powIdTeryt>1609</sln:powIdTeryt><sln:powNazwa>opolski</sln:powNazwa><sln:waznyOd>2014-07-08T00:00:00+02:00</sln:waznyOd><sln:wojIIPId>9bd0c42a-ca40-4b7d-9b5b-81aae3398015</sln:wojIIPId><sln:wojIIPPn>PL.PZGIK.200</sln:wojIIPPn><sln:wojIIPWersja>2017-10-10T00:00:00+02:00</sln:wojIIPWersja><sln:wojIdTeryt>16</sln:wojIdTeryt><sln:wojNazwa>opolskie</sln:wojNazwa></sln:miejscowosc><sln:miejscowosc><sln:cyklZyciaDo>2015-12-30T00:00:00+01:00</sln:cyklZyciaDo><sln:cyklZyciaOd>2014-12-09T00:00:00+01:00</sln:cyklZyciaOd><sln:gmIIPId>d2422ace-3673-41f9-95a2-e33cb1d3b4ab</sln:gmIIPId><sln:gmIIPPn>PL.PZGIK.200</sln:gmIIPPn><sln:gmIIPWersja>2012-09-26T21:59:34+02:00</sln:gmIIPWersja><sln:gmIdTeryt>1609052</sln:gmIdTeryt><sln:gmNazwa>Łubniany</sln:gmNazwa><sln:miejscIIPId>52bbae35-7237-43e0-bf0f-bd8ce7976782</sln:miejscIIPId><sln:miejscIIPPn>PL.PZGIK.200</sln:miejscIIPPn><sln:miejscIIPWersja>2016-11-24T10:45:03+02:00</sln:miejscIIPWersja><sln:miejscIdTeryt>0499117</sln:miejscIdTeryt><sln:miejscNazwa>Kobylno</sln:miejscNazwa><sln:miejscRodzaj>Inny obiekt</sln:miejscRodzaj><sln:powIIPId>1da0ca63-52c4-4e1d-869f-b591c1e264b6</sln:powIIPId><sln:powIIPPn>PL.PZGIK.200</sln:powIIPPn><sln:powIIPWersja>2012-09-27T08:58:33+02:00</sln:powIIPWersja><sln:powIdTeryt>1609</sln:powIdTeryt><sln:powNazwa>opolski</sln:powNazwa><sln:waznyOd>2014-07-08T00:00:00+02:00</sln:waznyOd><sln:wojIIPId>9bd0c42a-ca40-4b7d-9b5b-81aae3398015</sln:wojIIPId><sln:wojIIPPn>PL.PZGIK.200</sln:wojIIPPn><sln:wojIIPWersja>2017-10-10T00:00:00+02:00</sln:wojIIPWersja><sln:wojIdTeryt>16</sln:wojIdTeryt><sln:wojNazwa>opolskie</sln:wojNazwa></sln:miejscowosc><sln:miejscowosc><sln:cyklZyciaDo>2015-12-30T00:00:00+01:00</sln:cyklZyciaDo><sln:cyklZyciaOd>2014-12-09T00:00:00+01:00</sln:cyklZyciaOd><sln:gmIIPId>d2422ace-3673-41f9-95a2-e33cb1d3b4ab</sln:gmIIPId><sln:gmIIPPn>PL.PZGIK.200</sln:gmIIPPn><sln:gmIIPWersja>2012-09-26T21:59:34+02:00</sln:gmIIPWersja><sln:gmIdTeryt>1609052</sln:gmIdTeryt><sln:gmNazwa>Łubniany</sln:gmNazwa><sln:miejscIIPId>26684196-7d2f-44d3-8227-b350acc1e630</sln:miejscIIPId><sln:miejscIIPPn>PL.PZGIK.200</sln:miejscIIPPn><sln:miejscIIPWersja>2016-11-24T10:45:05+02:00</sln:miejscIIPWersja><sln:miejscIdTeryt>0499130</sln:miejscIdTeryt><sln:miejscNazwa>Kolanowice</sln:miejscNazwa><sln:miejscRodzaj>Inny obiekt</sln:miejscRodzaj><sln:powIIPId>1da0ca63-52c4-4e1d-869f-b591c1e264b6</sln:powIIPId><sln:powIIPPn>PL.PZGIK.200</sln:powIIPPn><sln:powIIPWersja>2012-09-27T08:58:33+02:00</sln:powIIPWersja><sln:powIdTeryt>1609</sln:powIdTeryt><sln:powNazwa>opolski</sln:powNazwa><sln:waznyOd>2014-07-08T00:00:00+02:00</sln:waznyOd><sln:wojIIPId>9bd0c42a-ca40-4b7d-9b5b-81aae3398015</sln:wojIIPId><sln:wojIIPPn>PL.PZGIK.200</sln:wojIIPPn><sln:wojIIPWersja>2017-10-10T00:00:00+02:00</sln:wojIIPWersja><sln:wojIdTeryt>16</sln:wojIdTeryt><sln:wojNazwa>opolskie</sln:wojNazwa></sln:miejscowosc><sln:miejscowosc><sln:cyklZyciaDo>2015-12-30T00:00:00+01:00</sln:cyklZyciaDo><sln:cyklZyciaOd>2014-12-09T00:00:00+01:00</sln:cyklZyciaOd><sln:gmIIPId>d2422ace-3673-41f9-95a2-e33cb1d3b4ab</sln:gmIIPId><sln:gmIIPPn>PL.PZGIK.200</sln:gmIIPPn><sln:gmIIPWersja>2012-09-26T21:59:34+02:00</sln:gmIIPWersja><sln:gmIdTeryt>1609052</sln:gmIdTeryt><sln:gmNazwa>Łubniany</sln:gmNazwa><sln:miejscIIPId>2e45b2f9-ac14-4683-a8fc-32ee4619d6ca</sln:miejscIIPId><sln:miejscIIPPn>PL.PZGIK.200</sln:miejscIIPPn><sln:miejscIIPWersja>2016-11-24T10:45:07+02:00</sln:miejscIIPWersja><sln:miejscIdTeryt>0499146</sln:miejscIdTeryt><sln:miejscNazwa>Luboszyce</sln:miejscNazwa><sln:miejscRodzaj>Inny obiekt</sln:miejscRodzaj><sln:powIIPId>1da0ca63-52c4-4e1d-869f-b591c1e264b6</sln:powIIPId><sln:powIIPPn>PL.PZGIK.200</sln:powIIPPn><sln:powIIPWersja>2012-09-27T08:58:33+02:00</sln:powIIPWersja><sln:powIdTeryt>1609</sln:powIdTeryt><sln:powNazwa>opolski</sln:powNazwa><sln:waznyOd>2014-07-08T00:00:00+02:00</sln:waznyOd><sln:wojIIPId>9bd0c42a-ca40-4b7d-9b5b-81aae3398015</sln:wojIIPId><sln:wojIIPPn>PL.PZGIK.200</sln:wojIIPPn><sln:wojIIPWersja>2017-10-10T00:00:00+02:00</sln:wojIIPWersja><sln:wojIdTeryt>16</sln:wojIdTeryt><sln:wojNazwa>opolskie</sln:wojNazwa></sln:miejscowosc><sln:miejscowosc><sln:cyklZyciaDo>2015-12-30T00:00:00+01:00</sln:cyklZyciaDo><sln:cyklZyciaOd>2014-12-09T00:00:00+01:00</sln:cyklZyciaOd><sln:gmIIPId>d2422ace-3673-41f9-95a2-e33cb1d3b4ab</sln:gmIIPId><sln:gmIIPPn>PL.PZGIK.200</sln:gmIIPPn><sln:gmIIPWersja>2012-09-26T21:59:34+02:00</sln:gmIIPWersja><sln:gmIdTeryt>1609052</sln:gmIdTeryt><sln:gmNazwa>Łubniany</sln:gmNazwa><sln:miejscIIPId>3106e9ba-6b67-42fa-bd61-16b935dcd86a</sln:miejscIIPId><sln:miejscIIPPn>PL.PZGIK.200</sln:miejscIIPPn><sln:miejscIIPWersja>2016-11-24T10:45:09+02:00</sln:miejscIIPWersja><sln:miejscIdTeryt>0499152</sln:miejscIdTeryt><sln:miejscNazwa>Łubniany</sln:miejscNazwa><sln:miejscRodzaj>Inny obiekt</sln:miejscRodzaj><sln:powIIPId>1da0ca63-52c4-4e1d-869f-b591c1e264b6</sln:powIIPId><sln:powIIPPn>PL.PZGIK.200</sln:powIIPPn><sln:powIIPWersja>2012-09-27T08:58:33+02:00</sln:powIIPWersja><sln:powIdTeryt>1609</sln:powIdTeryt><sln:powNazwa>opolski</sln:powNazwa><sln:waznyOd>2014-07-08T00:00:00+02:00</sln:waznyOd><sln:wojIIPId>9bd0c42a-ca40-4b7d-9b5b-81aae3398015</sln:wojIIPId><sln:wojIIPPn>PL.PZGIK.200</sln:wojIIPPn><sln:wojIIPWersja>2017-10-10T00:00:00+02:00</sln:wojIIPWersja><sln:wojIdTeryt>16</sln:wojIdTeryt><sln:wojNazwa>opolskie</sln:wojNazwa></sln:miejscowosc><sln:miejscowosc><sln:cyklZyciaDo>2015-12-30T00:00:00+01:00</sln:cyklZyciaDo><sln:cyklZyciaOd>2014-12-09T00:00:00+01:00</sln:cyklZyciaOd><sln:gmIIPId>d2422ace-3673-41f9-95a2-e33cb1d3b4ab</sln:gmIIPId><sln:gmIIPPn>PL.PZGIK.200</sln:gmIIPPn><sln:gmIIPWersja>2012-09-26T21:59:34+02:00</sln:gmIIPWersja><sln:gmIdTeryt>1609052</sln:gmIdTeryt><sln:gmNazwa>Łubniany</sln:gmNazwa><sln:miejscIIPId>fcc5e9fc-d56a-427e-aed3-6a3f6dbc167a</sln:miejscIIPId><sln:miejscIIPPn>PL.PZGIK.200</sln:miejscIIPPn><sln:miejscIIPWersja>2016-11-24T10:45:11+02:00</sln:miejscIIPWersja><sln:miejscIdTeryt>0499175</sln:miejscIdTeryt><sln:miejscNazwa>Masów</sln:miejscNazwa><sln:miejscRodzaj>Inny obiekt</sln:miejscRodzaj><sln:powIIPId>1da0ca63-52c4-4e1d-869f-b591c1e264b6</sln:powIIPId><sln:powIIPPn>PL.PZGIK.200</sln:powIIPPn><sln:powIIPWersja>2012-09-27T08:58:33+02:00</sln:powIIPWersja><sln:powIdTeryt>1609</sln:powIdTeryt><sln:powNazwa>opolski</sln:powNazwa><sln:waznyOd>2014-07-08T00:00:00+02:00</sln:waznyOd><sln:wojIIPId>9bd0c42a-ca40-4b7d-9b5b-81aae3398015</sln:wojIIPId><sln:wojIIPPn>PL.PZGIK.200</sln:wojIIPPn><sln:wojIIPWersja>2017-10-10T00:00:00+02:00</sln:wojIIPWersja><sln:wojIdTeryt>16</sln:wojIdTeryt><sln:wojNazwa>opolskie</sln:wojNazwa></sln:miejscowosc><sln:miejscowosc><sln:cyklZyciaDo>2016-01-11T00:00:00+01:00</sln:cyklZyciaDo><sln:cyklZyciaOd>2015-12-30T00:00:00+01:00</sln:cyklZyciaOd><sln:gmIIPId>d2422ace-3673-41f9-95a2-e33cb1d3b4ab</sln:gmIIPId><sln:gmIIPPn>PL.PZGIK.200</sln:gmIIPPn><sln:gmIIPWersja>2012-09-26T21:59:34+02:00</sln:gmIIPWersja><sln:gmIdTeryt>1609052</sln:gmIdTeryt><sln:gmNazwa>Łubniany</sln:gmNazwa><sln:miejscIIPId>b78641fa-8ed1-4cc0-8007-e0d0db2e9502</sln:miejscIIPId><sln:miejscIIPPn>PL.PZGIK.200</sln:miejscIIPPn><sln:miejscIIPWersja>2016-11-24T10:44:52+02:00</sln:miejscIIPWersja><sln:miejscIdTeryt>0498939</sln:miejscIdTeryt><sln:miejscNazwa>Biadacz</sln:miejscNazwa><sln:miejscRodzaj>Wieś</sln:miejscRodzaj><sln:powIIPId>1da0ca63-52c4-4e1d-869f-b591c1e264b6</sln:powIIPId><sln:powIIPPn>PL.PZGIK.200</sln:powIIPPn><sln:powIIPWersja>2012-09-27T08:58:33+02:00</sln:powIIPWersja><sln:powIdTeryt>1609</sln:powIdTeryt><sln:powNazwa>opolski</sln:powNazwa><sln:waznyOd>2014-07-08T00:00:00+02:00</sln:waznyOd><sln:wojIIPId>9bd0c42a-ca40-4b7d-9b5b-81aae3398015</sln:wojIIPId><sln:wojIIPPn>PL.PZGIK.200</sln:wojIIPPn><sln:wojIIPWersja>2017-10-10T00:00:00+02:00</sln:wojIIPWersja><sln:wojIdTeryt>16</sln:wojIdTeryt><sln:wojNazwa>opolskie</sln:wojNazwa></sln:miejscowosc><sln:miejscowosc><sln:cyklZyciaDo>2016-01-11T00:00:00+01:00</sln:cyklZyciaDo><sln:cyklZyciaOd>2015-12-30T00:00:00+01:00</sln:cyklZyciaOd><sln:gmIIPId>d2422ace-3673-41f9-95a2-e33cb1d3b4ab</sln:gmIIPId><sln:gmIIPPn>PL.PZGIK.200</sln:gmIIPPn><sln:gmIIPWersja>2012-09-26T21:59:34+02:00</sln:gmIIPWersja><sln:gmIdTeryt>1609052</sln:gmIdTeryt><sln:gmNazwa>Łubniany</sln:gmNazwa><sln:miejscIIPId>3af4976f-148c-4720-a764-23679aa2e74d</sln:miejscIIPId><sln:miejscIIPPn>PL.PZGIK.200</sln:miejscIIPPn><sln:miejscIIPWersja>2016-11-24T10:44:54+02:00</sln:miejscIIPWersja><sln:miejscIdTeryt>0498951</sln:miejscIdTeryt><sln:miejscNazwa>Brynica</sln:miejscNazwa><sln:miejscRodzaj>Wieś</sln:miejscRodzaj><sln:powIIPId>1da0ca63-52c4-4e1d-869f-b591c1e264b6</sln:powIIPId><sln:powIIPPn>PL.PZGIK.200</sln:powIIPPn><sln:powIIPWersja>2012-09-27T08:58:33+02:00</sln:powIIPWersja><sln:powIdTeryt>1609</sln:powIdTeryt><sln:powNazwa>opolski</sln:powNazwa><sln:waznyOd>2014-07-08T00:00:00+02:00</sln:waznyOd><sln:wojIIPId>9bd0c42a-ca40-4b7d-9b5b-81aae3398015</sln:wojIIPId><sln:wojIIPPn>PL.PZGIK.200</sln:wojIIPPn><sln:wojIIPWersja>2017-10-10T00:00:00+02:00</sln:wojIIPWersja><sln:wojIdTeryt>16</sln:wojIdTeryt><sln:wojNazwa>opolskie</sln:wojNazwa></sln:miejscowosc><sln:miejscowosc><sln:cyklZyciaDo>2016-01-11T00:00:00+01:00</sln:cyklZyciaDo><sln:cyklZyciaOd>2015-12-30T00:00:00+01:00</sln:cyklZyciaOd><sln:gmIIPId>d2422ace-3673-41f9-95a2-e33cb1d3b4ab</sln:gmIIPId><sln:gmIIPPn>PL.PZGIK.200</sln:gmIIPPn><sln:gmIIPWersja>2012-09-26T21:59:34+02:00</sln:gmIIPWersja><sln:gmIdTeryt>1609052</sln:gmIdTeryt><sln:gmNazwa>Łubniany</sln:gmNazwa><sln:miejscIIPId>9c5ae268-e186-43da-9302-dad600b2157c</sln:miejscIIPId><sln:miejscIIPPn>PL.PZGIK.200</sln:miejscIIPPn><sln:miejscIIPWersja>2016-11-24T10:44:56+02:00</sln:miejscIIPWersja><sln:miejscIdTeryt>0499028</sln:miejscIdTeryt><sln:miejscNazwa>Dąbrówka Łubniańska</sln:miejscNazwa><sln:miejscRodzaj>Wieś</sln:miejscRodzaj><sln:powIIPId>1da0ca63-52c4-4e1d-869f-b591c1e264b6</sln:powIIPId><sln:powIIPPn>PL.PZGIK.200</sln:powIIPPn><sln:powIIPWersja>2012-09-27T08:58:33+02:00</sln:powIIPWersja><sln:powIdTeryt>1609</sln:powIdTeryt><sln:powNazwa>opolski</sln:powNazwa><sln:waznyOd>2014-07-08T00:00:00+02:00</sln:waznyOd><sln:wojIIPId>9bd0c42a-ca40-4b7d-9b5b-81aae3398015</sln:wojIIPId><sln:wojIIPPn>PL.PZGIK.200</sln:wojIIPPn><sln:wojIIPWersja>2017-10-10T00:00:00+02:00</sln:wojIIPWersja><sln:wojIdTeryt>16</sln:wojIdTeryt><sln:wojNazwa>opolskie</sln:wojNazwa></sln:miejscowosc><sln:miejscowosc><sln:cyklZyciaDo>2016-01-11T00:00:00+01:00</sln:cyklZyciaDo><sln:cyklZyciaOd>2015-12-30T00:00:00+01:00</sln:cyklZyciaOd><sln:gmIIPId>d2422ace-3673-41f9-95a2-e33cb1d3b4ab</sln:gmIIPId><sln:gmIIPPn>PL.PZGIK.200</sln:gmIIPPn><sln:gmIIPWersja>2012-09-26T21:59:34+02:00</sln:gmIIPWersja><sln:gmIdTeryt>1609052</sln:gmIdTeryt><sln:gmNazwa>Łubniany</sln:gmNazwa><sln:miejscIIPId>90832c2f-0966-4d2a-9fba-602d8e7c1bc4</sln:miejscIIPId><sln:miejscIIPPn>PL.PZGIK.200</sln:miejscIIPPn><sln:miejscIIPWersja>2016-11-24T10:44:58+02:00</sln:miejscIIPWersja><sln:miejscIdTeryt>0499040</sln:miejscIdTeryt><sln:miejscNazwa>Grabie</sln:miejscNazwa><sln:miejscRodzaj>Wieś</sln:miejscRodzaj><sln:powIIPId>1da0ca63-52c4-4e1d-869f-b591c1e264b6</sln:powIIPId><sln:powIIPPn>PL.PZGIK.200</sln:powIIPPn><sln:powIIPWersja>2012-09-27T08:58:33+02:00</sln:powIIPWersja><sln:powIdTeryt>1609</sln:powIdTeryt><sln:powNazwa>opolski</sln:powNazwa><sln:waznyOd>2014-07-08T00:00:00+02:00</sln:waznyOd><sln:wojIIPId>9bd0c42a-ca40-4b7d-9b5b-81aae3398015</sln:wojIIPId><sln:wojIIPPn>PL.PZGIK.200</sln:wojIIPPn><sln:wojIIPWersja>2017-10-10T00:00:00+02:00</sln:wojIIPWersja><sln:wojIdTeryt>16</sln:wojIdTeryt><sln:wojNazwa>opolskie</sln:wojNazwa></sln:miejscowosc><sln:miejscowosc><sln:cyklZyciaDo>2016-01-11T00:00:00+01:00</sln:cyklZyciaDo><sln:cyklZyciaOd>2015-12-30T00:00:00+01:00</sln:cyklZyciaOd><sln:gmIIPId>d2422ace-3673-41f9-95a2-e33cb1d3b4ab</sln:gmIIPId><sln:gmIIPPn>PL.PZGIK.200</sln:gmIIPPn><sln:gmIIPWersja>2012-09-26T21:59:34+02:00</sln:gmIIPWersja><sln:gmIdTeryt>1609052</sln:gmIdTeryt><sln:gmNazwa>Łubniany</sln:gmNazwa><sln:miejscIIPId>43168c85-e4aa-413e-9aba-46c1d336d96b</sln:miejscIIPId><sln:miejscIIPPn>PL.PZGIK.200</sln:miejscIIPPn><sln:miejscIIPWersja>2016-11-24T10:45:00+02:00</sln:miejscIIPWersja><sln:miejscIdTeryt>0499057</sln:miejscIdTeryt><sln:miejscNazwa>Jełowa</sln:miejscNazwa><sln:miejscRodzaj>Wieś</sln:miejscRodzaj><sln:powIIPId>1da0ca63-52c4-4e1d-869f-b591c1e264b6</sln:powIIPId><sln:powIIPPn>PL.PZGIK.200</sln:powIIPPn><sln:powIIPWersja>2012-09-27T08:58:33+02:00</sln:powIIPWersja><sln:powIdTeryt>1609</sln:powIdTeryt><sln:powNazwa>opolski</sln:powNazwa><sln:waznyOd>2014-07-08T00:00:00+02:00</sln:waznyOd><sln:wojIIPId>9bd0c42a-ca40-4b7d-9b5b-81aae3398015</sln:wojIIPId><sln:wojIIPPn>PL.PZGIK.200</sln:wojIIPPn><sln:wojIIPWersja>2017-10-10T00:00:00+02:00</sln:wojIIPWersja><sln:wojIdTeryt>16</sln:wojIdTeryt><sln:wojNazwa>opolskie</sln:wojNazwa></sln:miejscowosc><sln:miejscowosc><sln:cyklZyciaDo>2016-01-11T00:00:00+01:00</sln:cyklZyciaDo><sln:cyklZyciaOd>2015-12-30T00:00:00+01:00</sln:cyklZyciaOd><sln:gmIIPId>d2422ace-3673-41f9-95a2-e33cb1d3b4ab</sln:gmIIPId><sln:gmIIPPn>PL.PZGIK.200</sln:gmIIPPn><sln:gmIIPWersja>2012-09-26T21:59:34+02:00</sln:gmIIPWersja><sln:gmIdTeryt>1609052</sln:gmIdTeryt><sln:gmNazwa>Łubniany</sln:gmNazwa><sln:miejscIIPId>f27b55f4-822c-4d46-b220-eda0c163381f</sln:miejscIIPId><sln:miejscIIPPn>PL.PZGIK.200</sln:miejscIIPPn><sln:miejscIIPWersja>2016-11-24T10:45:02+02:00</sln:miejscIIPWersja><sln:miejscIdTeryt>0499100</sln:miejscIdTeryt><sln:miejscNazwa>Kępa</sln:miejscNazwa><sln:miejscRodzaj>Wieś</sln:miejscRodzaj><sln:powIIPId>1da0ca63-52c4-4e1d-869f-b591c1e264b6</sln:powIIPId><sln:powIIPPn>PL.PZGIK.200</sln:powIIPPn><sln:powIIPWersja>2012-09-27T08:58:33+02:00</sln:powIIPWersja><sln:powIdTeryt>1609</sln:powIdTeryt><sln:powNazwa>opolski</sln:powNazwa><sln:waznyOd>2014-07-08T00:00:00+02:00</sln:waznyOd><sln:wojIIPId>9bd0c42a-ca40-4b7d-9b5b-81aae3398015</sln:wojIIPId><sln:wojIIPPn>PL.PZGIK.200</sln:wojIIPPn><sln:wojIIPWersja>2017-10-10T00:00:00+02:00</sln:wojIIPWersja><sln:wojIdTeryt>16</sln:wojIdTeryt><sln:wojNazwa>opolskie</sln:wojNazwa></sln:miejscowosc><sln:miejscowosc><sln:cyklZyciaDo>2016-01-11T00:00:00+01:00</sln:cyklZyciaDo><sln:cyklZyciaOd>2015-12-30T00:00:00+01:00</sln:cyklZyciaOd><sln:gmIIPId>d2422ace-3673-41f9-95a2-e33cb1d3b4ab</sln:gmIIPId><sln:gmIIPPn>PL.PZGIK.200</sln:gmIIPPn><sln:gmIIPWersja>2012-09-26T21:59:34+02:00</sln:gmIIPWersja><sln:gmIdTeryt>1609052</sln:gmIdTeryt><sln:gmNazwa>Łubniany</sln:gmNazwa><sln:miejscIIPId>52bbae35-7237-43e0-bf0f-bd8ce7976782</sln:miejscIIPId><sln:miejscIIPPn>PL.PZGIK.200</sln:miejscIIPPn><sln:miejscIIPWersja>2016-11-24T10:45:04+02:00</sln:miejscIIPWersja><sln:miejscIdTeryt>0499117</sln:miejscIdTeryt><sln:miejscNazwa>Kobylno</sln:miejscNazwa><sln:miejscRodzaj>Wieś</sln:miejscRodzaj><sln:powIIPId>1da0ca63-52c4-4e1d-869f-b591c1e264b6</sln:powIIPId><sln:powIIPPn>PL.PZGIK.200</sln:powIIPPn><sln:powIIPWersja>2012-09-27T08:58:33+02:00</sln:powIIPWersja><sln:powIdTeryt>1609</sln:powIdTeryt><sln:powNazwa>opolski</sln:powNazwa><sln:waznyOd>2014-07-08T00:00:00+02:00</sln:waznyOd><sln:wojIIPId>9bd0c42a-ca40-4b7d-9b5b-81aae3398015</sln:wojIIPId><sln:wojIIPPn>PL.PZGIK.200</sln:wojIIPPn><sln:wojIIPWersja>2017-10-10T00:00:00+02:00</sln:wojIIPWersja><sln:wojIdTeryt>16</sln:wojIdTeryt><sln:wojNazwa>opolskie</sln:wojNazwa></sln:miejscowosc><sln:miejscowosc><sln:cyklZyciaDo>2016-01-11T00:00:00+01:00</sln:cyklZyciaDo><sln:cyklZyciaOd>2015-12-30T00:00:00+01:00</sln:cyklZyciaOd><sln:gmIIPId>d2422ace-3673-41f9-95a2-e33cb1d3b4ab</sln:gmIIPId><sln:gmIIPPn>PL.PZGIK.200</sln:gmIIPPn><sln:gmIIPWersja>2012-09-26T21:59:34+02:00</sln:gmIIPWersja><sln:gmIdTeryt>1609052</sln:gmIdTeryt><sln:gmNazwa>Łubniany</sln:gmNazwa><sln:miejscIIPId>26684196-7d2f-44d3-8227-b350acc1e630</sln:miejscIIPId><sln:miejscIIPPn>PL.PZGIK.200</sln:miejscIIPPn><sln:miejscIIPWersja>2016-11-24T10:45:06+02:00</sln:miejscIIPWersja><sln:miejscIdTeryt>0499130</sln:miejscIdTeryt><sln:miejscNazwa>Kolanowice</sln:miejscNazwa><sln:miejscRodzaj>Wieś</sln:miejscRodzaj><sln:powIIPId>1da0ca63-52c4-4e1d-869f-b591c1e264b6</sln:powIIPId><sln:powIIPPn>PL.PZGIK.200</sln:powIIPPn><sln:powIIPWersja>2012-09-27T08:58:33+02:00</sln:powIIPWersja><sln:powIdTeryt>1609</sln:powIdTeryt><sln:powNazwa>opolski</sln:powNazwa><sln:waznyOd>2014-07-08T00:00:00+02:00</sln:waznyOd><sln:wojIIPId>9bd0c42a-ca40-4b7d-9b5b-81aae3398015</sln:wojIIPId><sln:wojIIPPn>PL.PZGIK.200</sln:wojIIPPn><sln:wojIIPWersja>2017-10-10T00:00:00+02:00</sln:wojIIPWersja><sln:wojIdTeryt>16</sln:wojIdTeryt><sln:wojNazwa>opolskie</sln:wojNazwa></sln:miejscowosc><sln:miejscowosc><sln:cyklZyciaDo>2016-01-11T00:00:00+01:00</sln:cyklZyciaDo><sln:cyklZyciaOd>2015-12-30T00:00:00+01:00</sln:cyklZyciaOd><sln:gmIIPId>d2422ace-3673-41f9-95a2-e33cb1d3b4ab</sln:gmIIPId><sln:gmIIPPn>PL.PZGIK.200</sln:gmIIPPn><sln:gmIIPWersja>2012-09-26T21:59:34+02:00</sln:gmIIPWersja><sln:gmIdTeryt>1609052</sln:gmIdTeryt><sln:gmNazwa>Łubniany</sln:gmNazwa><sln:miejscIIPId>2e45b2f9-ac14-4683-a8fc-32ee4619d6ca</sln:miejscIIPId><sln:miejscIIPPn>PL.PZGIK.200</sln:miejscIIPPn><sln:miejscIIPWersja>2016-11-24T10:45:08+02:00</sln:miejscIIPWersja><sln:miejscIdTeryt>0499146</sln:miejscIdTeryt><sln:miejscNazwa>Luboszyce</sln:miejscNazwa><sln:miejscRodzaj>Wieś</sln:miejscRodzaj><sln:powIIPId>1da0ca63-52c4-4e1d-869f-b591c1e264b6</sln:powIIPId><sln:powIIPPn>PL.PZGIK.200</sln:powIIPPn><sln:powIIPWersja>2012-09-27T08:58:33+02:00</sln:powIIPWersja><sln:powIdTeryt>1609</sln:powIdTeryt><sln:powNazwa>opolski</sln:powNazwa><sln:waznyOd>2014-07-08T00:00:00+02:00</sln:waznyOd><sln:wojIIPId>9bd0c42a-ca40-4b7d-9b5b-81aae3398015</sln:wojIIPId><sln:wojIIPPn>PL.PZGIK.200</sln:wojIIPPn><sln:wojIIPWersja>2017-10-10T00:00:00+02:00</sln:wojIIPWersja><sln:wojIdTeryt>16</sln:wojIdTeryt><sln:wojNazwa>opolskie</sln:wojNazwa></sln:miejscowosc><sln:miejscowosc><sln:cyklZyciaDo>2016-01-11T00:00:00+01:00</sln:cyklZyciaDo><sln:cyklZyciaOd>2015-12-30T00:00:00+01:00</sln:cyklZyciaOd><sln:gmIIPId>d2422ace-3673-41f9-95a2-e33cb1d3b4ab</sln:gmIIPId><sln:gmIIPPn>PL.PZGIK.200</sln:gmIIPPn><sln:gmIIPWersja>2012-09-26T21:59:34+02:00</sln:gmIIPWersja><sln:gmIdTeryt>1609052</sln:gmIdTeryt><sln:gmNazwa>Łubniany</sln:gmNazwa><sln:miejscIIPId>3106e9ba-6b67-42fa-bd61-16b935dcd86a</sln:miejscIIPId><sln:miejscIIPPn>PL.PZGIK.200</sln:miejscIIPPn><sln:miejscIIPWersja>2016-11-24T10:45:10+02:00</sln:miejscIIPWersja><sln:miejscIdTeryt>0499152</sln:miejscIdTeryt><sln:miejscNazwa>Łubniany</sln:miejscNazwa><sln:miejscRodzaj>Wieś</sln:miejscRodzaj><sln:powIIPId>1da0ca63-52c4-4e1d-869f-b591c1e264b6</sln:powIIPId><sln:powIIPPn>PL.PZGIK.200</sln:powIIPPn><sln:powIIPWersja>2012-09-27T08:58:33+02:00</sln:powIIPWersja><sln:powIdTeryt>1609</sln:powIdTeryt><sln:powNazwa>opolski</sln:powNazwa><sln:waznyOd>2014-07-08T00:00:00+02:00</sln:waznyOd><sln:wojIIPId>9bd0c42a-ca40-4b7d-9b5b-81aae3398015</sln:wojIIPId><sln:wojIIPPn>PL.PZGIK.200</sln:wojIIPPn><sln:wojIIPWersja>2017-10-10T00:00:00+02:00</sln:wojIIPWersja><sln:wojIdTeryt>16</sln:wojIdTeryt><sln:wojNazwa>opolskie</sln:wojNazwa></sln:miejscowosc><sln:miejscowosc><sln:cyklZyciaDo>2016-01-11T00:00:00+01:00</sln:cyklZyciaDo><sln:cyklZyciaOd>2015-12-30T00:00:00+01:00</sln:cyklZyciaOd><sln:gmIIPId>d2422ace-3673-41f9-95a2-e33cb1d3b4ab</sln:gmIIPId><sln:gmIIPPn>PL.PZGIK.200</sln:gmIIPPn><sln:gmIIPWersja>2012-09-26T21:59:34+02:00</sln:gmIIPWersja><sln:gmIdTeryt>1609052</sln:gmIdTeryt><sln:gmNazwa>Łubniany</sln:gmNazwa><sln:miejscIIPId>fcc5e9fc-d56a-427e-aed3-6a3f6dbc167a</sln:miejscIIPId><sln:miejscIIPPn>PL.PZGIK.200</sln:miejscIIPPn><sln:miejscIIPWersja>2016-11-24T10:45:12+02:00</sln:miejscIIPWersja><sln:miejscIdTeryt>0499175</sln:miejscIdTeryt><sln:miejscNazwa>Masów</sln:miejscNazwa><sln:miejscRodzaj>Wieś</sln:miejscRodzaj><sln:powIIPId>1da0ca63-52c4-4e1d-869f-b591c1e264b6</sln:powIIPId><sln:powIIPPn>PL.PZGIK.200</sln:powIIPPn><sln:powIIPWersja>2012-09-27T08:58:33+02:00</sln:powIIPWersja><sln:powIdTeryt>1609</sln:powIdTeryt><sln:powNazwa>opolski</sln:powNazwa><sln:waznyOd>2014-07-08T00:00:00+02:00</sln:waznyOd><sln:wojIIPId>9bd0c42a-ca40-4b7d-9b5b-81aae3398015</sln:wojIIPId><sln:wojIIPPn>PL.PZGIK.200</sln:wojIIPPn><sln:wojIIPWersja>2017-10-10T00:00:00+02:00</sln:wojIIPWersja><sln:wojIdTeryt>16</sln:wojIdTeryt><sln:wojNazwa>opolskie</sln:wojNazwa></sln:miejscowosc><sln:miejscowosc><sln:cyklZyciaOd>2017-04-12T00:00:00+02:00</sln:cyklZyciaOd><sln:gmIIPId>d2422ace-3673-41f9-95a2-e33cb1d3b4ab</sln:gmIIPId><sln:gmIIPPn>PL.PZGIK.200</sln:gmIIPPn><sln:gmIIPWersja>2012-09-26T21:59:34+02:00</sln:gmIIPWersja><sln:gmIdTeryt>1609052</sln:gmIdTeryt><sln:gmNazwa>Łubniany</sln:gmNazwa><sln:miejscIIPId>b78641fa-8ed1-4cc0-8007-e0d0db2e9502</sln:miejscIIPId><sln:miejscIIPPn>PL.PZGIK.200</sln:miejscIIPPn><sln:miejscIIPWersja>2017-04-12T13:19:23+02:00</sln:miejscIIPWersja><sln:miejscIdTeryt>0498939</sln:miejscIdTeryt><sln:miejscNazwa>Biadacz</sln:miejscNazwa><sln:miejscRodzaj>Wieś</sln:miejscRodzaj><sln:powIIPId>1da0ca63-52c4-4e1d-869f-b591c1e264b6</sln:powIIPId><sln:powIIPPn>PL.PZGIK.200</sln:powIIPPn><sln:powIIPWersja>2012-09-27T08:58:33+02:00</sln:powIIPWersja><sln:powIdTeryt>1609</sln:powIdTeryt><sln:powNazwa>opolski</sln:powNazwa><sln:waznyOd>2014-07-08T00:00:00+02:00</sln:waznyOd><sln:wojIIPId>9bd0c42a-ca40-4b7d-9b5b-81aae3398015</sln:wojIIPId><sln:wojIIPPn>PL.PZGIK.200</sln:wojIIPPn><sln:wojIIPWersja>2017-10-10T00:00:00+02:00</sln:wojIIPWersja><sln:wojIdTeryt>16</sln:wojIdTeryt><sln:wojNazwa>opolskie</sln:wojNazwa></sln:miejscowosc><sln:miejscowosc><sln:cyklZyciaOd>2017-04-12T00:00:00+02:00</sln:cyklZyciaOd><sln:gmIIPId>d2422ace-3673-41f9-95a2-e33cb1d3b4ab</sln:gmIIPId><sln:gmIIPPn>PL.PZGIK.200</sln:gmIIPPn><sln:gmIIPWersja>2012-09-26T21:59:34+02:00</sln:gmIIPWersja><sln:gmIdTeryt>1609052</sln:gmIdTeryt><sln:gmNazwa>Łubniany</sln:gmNazwa><sln:miejscIIPId>3af4976f-148c-4720-a764-23679aa2e74d</sln:miejscIIPId><sln:miejscIIPPn>PL.PZGIK.200</sln:miejscIIPPn><sln:miejscIIPWersja>2017-04-12T13:19:30+02:00</sln:miejscIIPWersja><sln:miejscIdTeryt>0498951</sln:miejscIdTeryt><sln:miejscNazwa>Brynica</sln:miejscNazwa><sln:miejscRodzaj>Wieś</sln:miejscRodzaj><sln:powIIPId>1da0ca63-52c4-4e1d-869f-b591c1e264b6</sln:powIIPId><sln:powIIPPn>PL.PZGIK.200</sln:powIIPPn><sln:powIIPWersja>2012-09-27T08:58:33+02:00</sln:powIIPWersja><sln:powIdTeryt>1609</sln:powIdTeryt><sln:powNazwa>opolski</sln:powNazwa><sln:waznyOd>2014-07-08T00:00:00+02:00</sln:waznyOd><sln:wojIIPId>9bd0c42a-ca40-4b7d-9b5b-81aae3398015</sln:wojIIPId><sln:wojIIPPn>PL.PZGIK.200</sln:wojIIPPn><sln:wojIIPWersja>2017-10-10T00:00:00+02:00</sln:wojIIPWersja><sln:wojIdTeryt>16</sln:wojIdTeryt><sln:wojNazwa>opolskie</sln:wojNazwa></sln:miejscowosc><sln:miejscowosc><sln:cyklZyciaOd>2017-04-12T00:00:00+02:00</sln:cyklZyciaOd><sln:gmIIPId>d2422ace-3673-41f9-95a2-e33cb1d3b4ab</sln:gmIIPId><sln:gmIIPPn>PL.PZGIK.200</sln:gmIIPPn><sln:gmIIPWersja>2012-09-26T21:59:34+02:00</sln:gmIIPWersja><sln:gmIdTeryt>1609052</sln:gmIdTeryt><sln:gmNazwa>Łubniany</sln:gmNazwa><sln:miejscIIPId>9c5ae268-e186-43da-9302-dad600b2157c</sln:miejscIIPId><sln:miejscIIPPn>PL.PZGIK.200</sln:miejscIIPPn><sln:miejscIIPWersja>2017-04-12T13:19:30+02:00</sln:miejscIIPWersja><sln:miejscIdTeryt>0499028</sln:miejscIdTeryt><sln:miejscNazwa>Dąbrówka Łubniańska</sln:miejscNazwa><sln:miejscRodzaj>Wieś</sln:miejscRodzaj><sln:powIIPId>1da0ca63-52c4-4e1d-869f-b591c1e264b6</sln:powIIPId><sln:powIIPPn>PL.PZGIK.200</sln:powIIPPn><sln:powIIPWersja>2012-09-27T08:58:33+02:00</sln:powIIPWersja><sln:powIdTeryt>1609</sln:powIdTeryt><sln:powNazwa>opolski</sln:powNazwa><sln:waznyOd>2014-07-08T00:00:00+02:00</sln:waznyOd><sln:wojIIPId>9bd0c42a-ca40-4b7d-9b5b-81aae3398015</sln:wojIIPId><sln:wojIIPPn>PL.PZGIK.200</sln:wojIIPPn><sln:wojIIPWersja>2017-10-10T00:00:00+02:00</sln:wojIIPWersja><sln:wojIdTeryt>16</sln:wojIdTeryt><sln:wojNazwa>opolskie</sln:wojNazwa></sln:miejscowosc><sln:miejscowosc><sln:cyklZyciaOd>2017-04-12T00:00:00+02:00</sln:cyklZyciaOd><sln:gmIIPId>d2422ace-3673-41f9-95a2-e33cb1d3b4ab</sln:gmIIPId><sln:gmIIPPn>PL.PZGIK.200</sln:gmIIPPn><sln:gmIIPWersja>2012-09-26T21:59:34+02:00</sln:gmIIPWersja><sln:gmIdTeryt>1609052</sln:gmIdTeryt><sln:gmNazwa>Łubniany</sln:gmNazwa><sln:miejscIIPId>90832c2f-0966-4d2a-9fba-602d8e7c1bc4</sln:miejscIIPId><sln:miejscIIPPn>PL.PZGIK.200</sln:miejscIIPPn><sln:miejscIIPWersja>2017-04-12T13:19:30+02:00</sln:miejscIIPWersja><sln:miejscIdTeryt>0499040</sln:miejscIdTeryt><sln:miejscNazwa>Grabie</sln:miejscNazwa><sln:miejscRodzaj>Wieś</sln:miejscRodzaj><sln:powIIPId>1da0ca63-52c4-4e1d-869f-b591c1e264b6</sln:powIIPId><sln:powIIPPn>PL.PZGIK.200</sln:powIIPPn><sln:powIIPWersja>2012-09-27T08:58:33+02:00</sln:powIIPWersja><sln:powIdTeryt>1609</sln:powIdTeryt><sln:powNazwa>opolski</sln:powNazwa><sln:waznyOd>2014-07-08T00:00:00+02:00</sln:waznyOd><sln:wojIIPId>9bd0c42a-ca40-4b7d-9b5b-81aae3398015</sln:wojIIPId><sln:wojIIPPn>PL.PZGIK.200</sln:wojIIPPn><sln:wojIIPWersja>2017-10-10T00:00:00+02:00</sln:wojIIPWersja><sln:wojIdTeryt>16</sln:wojIdTeryt><sln:wojNazwa>opolskie</sln:wojNazwa></sln:miejscowosc><sln:miejscowosc><sln:cyklZyciaOd>2017-04-12T00:00:00+02:00</sln:cyklZyciaOd><sln:gmIIPId>d2422ace-3673-41f9-95a2-e33cb1d3b4ab</sln:gmIIPId><sln:gmIIPPn>PL.PZGIK.200</sln:gmIIPPn><sln:gmIIPWersja>2012-09-26T21:59:34+02:00</sln:gmIIPWersja><sln:gmIdTeryt>1609052</sln:gmIdTeryt><sln:gmNazwa>Łubniany</sln:gmNazwa><sln:miejscIIPId>43168c85-e4aa-413e-9aba-46c1d336d96b</sln:miejscIIPId><sln:miejscIIPPn>PL.PZGIK.200</sln:miejscIIPPn><sln:miejscIIPWersja>2017-04-12T13:19:30+02:00</sln:miejscIIPWersja><sln:miejscIdTeryt>0499057</sln:miejscIdTeryt><sln:miejscNazwa>Jełowa</sln:miejscNazwa><sln:miejscRodzaj>Wieś</sln:miejscRodzaj><sln:powIIPId>1da0ca63-52c4-4e1d-869f-b591c1e264b6</sln:powIIPId><sln:powIIPPn>PL.PZGIK.200</sln:powIIPPn><sln:powIIPWersja>2012-09-27T08:58:33+02:00</sln:powIIPWersja><sln:powIdTeryt>1609</sln:powIdTeryt><sln:powNazwa>opolski</sln:powNazwa><sln:waznyOd>2014-07-08T00:00:00+02:00</sln:waznyOd><sln:wojIIPId>9bd0c42a-ca40-4b7d-9b5b-81aae3398015</sln:wojIIPId><sln:wojIIPPn>PL.PZGIK.200</sln:wojIIPPn><sln:wojIIPWersja>2017-10-10T00:00:00+02:00</sln:wojIIPWersja><sln:wojIdTeryt>16</sln:wojIdTeryt><sln:wojNazwa>opolskie</sln:wojNazwa></sln:miejscowosc><sln:miejscowosc><sln:cyklZyciaOd>2017-04-12T00:00:00+02:00</sln:cyklZyciaOd><sln:gmIIPId>d2422ace-3673-41f9-95a2-e33cb1d3b4ab</sln:gmIIPId><sln:gmIIPPn>PL.PZGIK.200</sln:gmIIPPn><sln:gmIIPWersja>2012-09-26T21:59:34+02:00</sln:gmIIPWersja><sln:gmIdTeryt>1609052</sln:gmIdTeryt><sln:gmNazwa>Łubniany</sln:gmNazwa><sln:miejscIIPId>f27b55f4-822c-4d46-b220-eda0c163381f</sln:miejscIIPId><sln:miejscIIPPn>PL.PZGIK.200</sln:miejscIIPPn><sln:miejscIIPWersja>2017-04-12T13:19:30+02:00</sln:miejscIIPWersja><sln:miejscIdTeryt>0499100</sln:miejscIdTeryt><sln:miejscNazwa>Kępa</sln:miejscNazwa><sln:miejscRodzaj>Wieś</sln:miejscRodzaj><sln:powIIPId>1da0ca63-52c4-4e1d-869f-b591c1e264b6</sln:powIIPId><sln:powIIPPn>PL.PZGIK.200</sln:powIIPPn><sln:powIIPWersja>2012-09-27T08:58:33+02:00</sln:powIIPWersja><sln:powIdTeryt>1609</sln:powIdTeryt><sln:powNazwa>opolski</sln:powNazwa><sln:waznyOd>2014-07-08T00:00:00+02:00</sln:waznyOd><sln:wojIIPId>9bd0c42a-ca40-4b7d-9b5b-81aae3398015</sln:wojIIPId><sln:wojIIPPn>PL.PZGIK.200</sln:wojIIPPn><sln:wojIIPWersja>2017-10-10T00:00:00+02:00</sln:wojIIPWersja><sln:wojIdTeryt>16</sln:wojIdTeryt><sln:wojNazwa>opolskie</sln:wojNazwa></sln:miejscowosc><sln:miejscowosc><sln:cyklZyciaOd>2017-04-12T00:00:00+02:00</sln:cyklZyciaOd><sln:gmIIPId>d2422ace-3673-41f9-95a2-e33cb1d3b4ab</sln:gmIIPId><sln:gmIIPPn>PL.PZGIK.200</sln:gmIIPPn><sln:gmIIPWersja>2012-09-26T21:59:34+02:00</sln:gmIIPWersja><sln:gmIdTeryt>1609052</sln:gmIdTeryt><sln:gmNazwa>Łubniany</sln:gmNazwa><sln:miejscIIPId>52bbae35-7237-43e0-bf0f-bd8ce7976782</sln:miejscIIPId><sln:miejscIIPPn>PL.PZGIK.200</sln:miejscIIPPn><sln:miejscIIPWersja>2017-04-12T13:19:30+02:00</sln:miejscIIPWersja><sln:miejscIdTeryt>0499117</sln:miejscIdTeryt><sln:miejscNazwa>Kobylno</sln:miejscNazwa><sln:miejscRodzaj>Wieś</sln:miejscRodzaj><sln:powIIPId>1da0ca63-52c4-4e1d-869f-b591c1e264b6</sln:powIIPId><sln:powIIPPn>PL.PZGIK.200</sln:powIIPPn><sln:powIIPWersja>2012-09-27T08:58:33+02:00</sln:powIIPWersja><sln:powIdTeryt>1609</sln:powIdTeryt><sln:powNazwa>opolski</sln:powNazwa><sln:waznyOd>2014-07-08T00:00:00+02:00</sln:waznyOd><sln:wojIIPId>9bd0c42a-ca40-4b7d-9b5b-81aae3398015</sln:wojIIPId><sln:wojIIPPn>PL.PZGIK.200</sln:wojIIPPn><sln:wojIIPWersja>2017-10-10T00:00:00+02:00</sln:wojIIPWersja><sln:wojIdTeryt>16</sln:wojIdTeryt><sln:wojNazwa>opolskie</sln:wojNazwa></sln:miejscowosc><sln:miejscowosc><sln:cyklZyciaOd>2017-04-12T00:00:00+02:00</sln:cyklZyciaOd><sln:gmIIPId>d2422ace-3673-41f9-95a2-e33cb1d3b4ab</sln:gmIIPId><sln:gmIIPPn>PL.PZGIK.200</sln:gmIIPPn><sln:gmIIPWersja>2012-09-26T21:59:34+02:00</sln:gmIIPWersja><sln:gmIdTeryt>1609052</sln:gmIdTeryt><sln:gmNazwa>Łubniany</sln:gmNazwa><sln:miejscIIPId>26684196-7d2f-44d3-8227-b350acc1e630</sln:miejscIIPId><sln:miejscIIPPn>PL.PZGIK.200</sln:miejscIIPPn><sln:miejscIIPWersja>2017-04-12T13:19:31+02:00</sln:miejscIIPWersja><sln:miejscIdTeryt>0499130</sln:miejscIdTeryt><sln:miejscNazwa>Kolanowice</sln:miejscNazwa><sln:miejscRodzaj>Wieś</sln:miejscRodzaj><sln:powIIPId>1da0ca63-52c4-4e1d-869f-b591c1e264b6</sln:powIIPId><sln:powIIPPn>PL.PZGIK.200</sln:powIIPPn><sln:powIIPWersja>2012-09-27T08:58:33+02:00</sln:powIIPWersja><sln:powIdTeryt>1609</sln:powIdTeryt><sln:powNazwa>opolski</sln:powNazwa><sln:waznyOd>2014-07-08T00:00:00+02:00</sln:waznyOd><sln:wojIIPId>9bd0c42a-ca40-4b7d-9b5b-81aae3398015</sln:wojIIPId><sln:wojIIPPn>PL.PZGIK.200</sln:wojIIPPn><sln:wojIIPWersja>2017-10-10T00:00:00+02:00</sln:wojIIPWersja><sln:wojIdTeryt>16</sln:wojIdTeryt><sln:wojNazwa>opolskie</sln:wojNazwa></sln:miejscowosc><sln:miejscowosc><sln:cyklZyciaOd>2017-04-12T00:00:00+02:00</sln:cyklZyciaOd><sln:gmIIPId>d2422ace-3673-41f9-95a2-e33cb1d3b4ab</sln:gmIIPId><sln:gmIIPPn>PL.PZGIK.200</sln:gmIIPPn><sln:gmIIPWersja>2012-09-26T21:59:34+02:00</sln:gmIIPWersja><sln:gmIdTeryt>1609052</sln:gmIdTeryt><sln:gmNazwa>Łubniany</sln:gmNazwa><sln:miejscIIPId>2e45b2f9-ac14-4683-a8fc-32ee4619d6ca</sln:miejscIIPId><sln:miejscIIPPn>PL.PZGIK.200</sln:miejscIIPPn><sln:miejscIIPWersja>2017-04-12T13:19:31+02:00</sln:miejscIIPWersja><sln:miejscIdTeryt>0499146</sln:miejscIdTeryt><sln:miejscNazwa>Luboszyce</sln:miejscNazwa><sln:miejscRodzaj>Wieś</sln:miejscRodzaj><sln:powIIPId>1da0ca63-52c4-4e1d-869f-b591c1e264b6</sln:powIIPId><sln:powIIPPn>PL.PZGIK.200</sln:powIIPPn><sln:powIIPWersja>2012-09-27T08:58:33+02:00</sln:powIIPWersja><sln:powIdTeryt>1609</sln:powIdTeryt><sln:powNazwa>opolski</sln:powNazwa><sln:waznyOd>2014-07-08T00:00:00+02:00</sln:waznyOd><sln:wojIIPId>9bd0c42a-ca40-4b7d-9b5b-81aae3398015</sln:wojIIPId><sln:wojIIPPn>PL.PZGIK.200</sln:wojIIPPn><sln:wojIIPWersja>2017-10-10T00:00:00+02:00</sln:wojIIPWersja><sln:wojIdTeryt>16</sln:wojIdTeryt><sln:wojNazwa>opolskie</sln:wojNazwa></sln:miejscowosc><sln:miejscowosc><sln:cyklZyciaOd>2017-04-12T00:00:00+02:00</sln:cyklZyciaOd><sln:gmIIPId>d2422ace-3673-41f9-95a2-e33cb1d3b4ab</sln:gmIIPId><sln:gmIIPPn>PL.PZGIK.200</sln:gmIIPPn><sln:gmIIPWersja>2012-09-26T21:59:34+02:00</sln:gmIIPWersja><sln:gmIdTeryt>1609052</sln:gmIdTeryt><sln:gmNazwa>Łubniany</sln:gmNazwa><sln:miejscIIPId>3106e9ba-6b67-42fa-bd61-16b935dcd86a</sln:miejscIIPId><sln:miejscIIPPn>PL.PZGIK.200</sln:miejscIIPPn><sln:miejscIIPWersja>2017-04-12T13:19:31+02:00</sln:miejscIIPWersja><sln:miejscIdTeryt>0499152</sln:miejscIdTeryt><sln:miejscNazwa>Łubniany</sln:miejscNazwa><sln:miejscRodzaj>Wieś</sln:miejscRodzaj><sln:powIIPId>1da0ca63-52c4-4e1d-869f-b591c1e264b6</sln:powIIPId><sln:powIIPPn>PL.PZGIK.200</sln:powIIPPn><sln:powIIPWersja>2012-09-27T08:58:33+02:00</sln:powIIPWersja><sln:powIdTeryt>1609</sln:powIdTeryt><sln:powNazwa>opolski</sln:powNazwa><sln:waznyOd>2014-07-08T00:00:00+02:00</sln:waznyOd><sln:wojIIPId>9bd0c42a-ca40-4b7d-9b5b-81aae3398015</sln:wojIIPId><sln:wojIIPPn>PL.PZGIK.200</sln:wojIIPPn><sln:wojIIPWersja>2017-10-10T00:00:00+02:00</sln:wojIIPWersja><sln:wojIdTeryt>16</sln:wojIdTeryt><sln:wojNazwa>opolskie</sln:wojNazwa></sln:miejscowosc><sln:miejscowosc><sln:cyklZyciaOd>2017-04-12T00:00:00+02:00</sln:cyklZyciaOd><sln:gmIIPId>d2422ace-3673-41f9-95a2-e33cb1d3b4ab</sln:gmIIPId><sln:gmIIPPn>PL.PZGIK.200</sln:gmIIPPn><sln:gmIIPWersja>2012-09-26T21:59:34+02:00</sln:gmIIPWersja><sln:gmIdTeryt>1609052</sln:gmIdTeryt><sln:gmNazwa>Łubniany</sln:gmNazwa><sln:miejscIIPId>fcc5e9fc-d56a-427e-aed3-6a3f6dbc167a</sln:miejscIIPId><sln:miejscIIPPn>PL.PZGIK.200</sln:miejscIIPPn><sln:miejscIIPWersja>2017-04-12T13:19:31+02:00</sln:miejscIIPWersja><sln:miejscIdTeryt>0499175</sln:miejscIdTeryt><sln:miejscNazwa>Masów</sln:miejscNazwa><sln:miejscRodzaj>Wieś</sln:miejscRodzaj><sln:powIIPId>1da0ca63-52c4-4e1d-869f-b591c1e264b6</sln:powIIPId><sln:powIIPPn>PL.PZGIK.200</sln:powIIPPn><sln:powIIPWersja>2012-09-27T08:58:33+02:00</sln:powIIPWersja><sln:powIdTeryt>1609</sln:powIdTeryt><sln:powNazwa>opolski</sln:powNazwa><sln:waznyOd>2014-07-08T00:00:00+02:00</sln:waznyOd><sln:wojIIPId>9bd0c42a-ca40-4b7d-9b5b-81aae3398015</sln:wojIIPId><sln:wojIIPPn>PL.PZGIK.200</sln:wojIIPPn><sln:wojIIPWersja>2017-10-10T00:00:00+02:00</sln:wojIIPWersja><sln:wojIdTeryt>16</sln:wojIdTeryt><sln:wojNazwa>opolskie</sln:wojNazwa></sln:miejscowosc></sln:lista-miejscowosci>