<?xml version="1.0" encoding="UTF-8" standalone="yes"?><sln:lista-miejscowosci xmlns:srv="http://gugik.gov.pl/schemas/slowniki-service/1.0" xmlns:sln="http://gugik.gov.pl/schemas/slowniki-schema/1.0"><sln:miejscowosc><sln:cyklZyciaDo>2017-04-12T00:00:00+02:00</sln:cyklZyciaDo><sln:cyklZyciaOd>2015-11-13T00:00:00+01:00</sln:cyklZyciaOd><sln:gmIIPId>94670af2-60a9-414c-8683-d6728c35f224</sln:gmIIPId><sln:gmIIPPn>PL.PZGIK.200</sln:gmIIPPn><sln:gmIIPWersja>2012-09-26T21:59:59+02:00</sln:gmIIPWersja><sln:gmIdTeryt>1611073</sln:gmIdTeryt><sln:gmNazwa>Zawadzkie</sln:gmNazwa><sln:miejscIIPId>2aca9e79-7511-44cb-a24e-d92765f4f98c</sln:miejscIIPId><sln:miejscIIPPn>PL.PZGIK.200</sln:miejscIIPPn><sln:miejscIIPWersja>2016-11-24T10:46:53+02:00</sln:miejscIIPWersja><sln:miejscIdTeryt>0505415</sln:miejscIdTeryt><sln:miejscNazwa>Kielcza</sln:miejscNazwa><sln:miejscRodzaj>Wieś</sln:miejscRodzaj><sln:powIIPId>2cb9f766-42de-4147-8a13-eb46789dca16</sln:powIIPId><sln:powIIPPn>PL.PZGIK.200</sln:powIIPPn><sln:powIIPWersja>2012-09-27T08:58:33+02:00</sln:powIIPWersja><sln:powIdTeryt>1611</sln:powIdTeryt><sln:powNazwa>strzelecki</sln:powNazwa><sln:waznyOd>2014-02-28T00:00:00+01:00</sln:waznyOd><sln:wojIIPId>9bd0c42a-ca40-4b7d-9b5b-81aae3398015</sln:wojIIPId><sln:wojIIPPn>PL.PZGIK.200</sln:wojIIPPn><sln:wojIIPWersja>2017-10-10T00:00:00+02:00</sln:wojIIPWersja><sln:wojIdTeryt>16</sln:wojIdTeryt><sln:wojNazwa>opolskie</sln:wojNazwa></sln:miejscowosc><sln:miejscowosc><sln:cyklZyciaDo>2017-04-12T00:00:00+02:00</sln:cyklZyciaDo><sln:cyklZyciaOd>2015-11-13T00:00:00+01:00</sln:cyklZyciaOd><sln:gmIIPId>94670af2-60a9-414c-8683-d6728c35f224</sln:gmIIPId><sln:gmIIPPn>PL.PZGIK.200</sln:gmIIPPn><sln:gmIIPWersja>2012-09-26T21:59:59+02:00</sln:gmIIPWersja><sln:gmIdTeryt>1611073</sln:gmIdTeryt><sln:gmNazwa>Zawadzkie</sln:gmNazwa><sln:miejscIIPId>923d8142-7b96-4fd0-b89b-e1a5fecf181c</sln:miejscIIPId><sln:miejscIIPPn>PL.PZGIK.200</sln:miejscIIPPn><sln:miejscIIPWersja>2016-11-24T13:17:24+02:00</sln:miejscIIPWersja><sln:miejscIdTeryt>0966004</sln:miejscIdTeryt><sln:miejscNazwa>Zawadzkie</sln:miejscNazwa><sln:miejscRodzaj>Miasto</sln:miejscRodzaj><sln:powIIPId>2cb9f766-42de-4147-8a13-eb46789dca16</sln:powIIPId><sln:powIIPPn>PL.PZGIK.200</sln:powIIPPn><sln:powIIPWersja>2012-09-27T08:58:33+02:00</sln:powIIPWersja><sln:powIdTeryt>1611</sln:powIdTeryt><sln:powNazwa>strzelecki</sln:powNazwa><sln:waznyOd>2014-02-28T00:00:00+01:00</sln:waznyOd><sln:wojIIPId>9bd0c42a-ca40-4b7d-9b5b-81aae3398015</sln:wojIIPId><sln:wojIIPPn>PL.PZGIK.200</sln:wojIIPPn><sln:wojIIPWersja>2017-10-10T00:00:00+02:00</sln:wojIIPWersja><sln:wojIdTeryt>16</sln:wojIdTeryt><sln:wojNazwa>opolskie</sln:wojNazwa></sln:miejscowosc><sln:miejscowosc><sln:cyklZyciaDo>2017-04-12T00:00:00+02:00</sln:cyklZyciaDo><sln:cyklZyciaOd>2015-11-13T00:00:00+01:00</sln:cyklZyciaOd><sln:gmIIPId>94670af2-60a9-414c-8683-d6728c35f224</sln:gmIIPId><sln:gmIIPPn>PL.PZGIK.200</sln:gmIIPPn><sln:gmIIPWersja>2012-09-26T21:59:59+02:00</sln:gmIIPWersja><sln:gmIdTeryt>1611073</sln:gmIdTeryt><sln:gmNazwa>Zawadzkie</sln:gmNazwa><sln:miejscIIPId>732d9f1d-10c0-4150-b096-c25820ba559e</sln:miejscIIPId><sln:miejscIIPPn>PL.PZGIK.200</sln:miejscIIPPn><sln:miejscIIPWersja>2016-11-24T10:46:53+02:00</sln:miejscIIPWersja><sln:miejscIdTeryt>0505438</sln:miejscIdTeryt><sln:miejscNazwa>Żędowice</sln:miejscNazwa><sln:miejscRodzaj>Wieś</sln:miejscRodzaj><sln:powIIPId>2cb9f766-42de-4147-8a13-eb46789dca16</sln:powIIPId><sln:powIIPPn>PL.PZGIK.200</sln:powIIPPn><sln:powIIPWersja>2012-09-27T08:58:33+02:00</sln:powIIPWersja><sln:powIdTeryt>1611</sln:powIdTeryt><sln:powNazwa>strzelecki</sln:powNazwa><sln:waznyOd>2014-02-28T00:00:00+01:00</sln:waznyOd><sln:wojIIPId>9bd0c42a-ca40-4b7d-9b5b-81aae3398015</sln:wojIIPId><sln:wojIIPPn>PL.PZGIK.200</sln:wojIIPPn><sln:wojIIPWersja>2017-10-10T00:00:00+02:00</sln:wojIIPWersja><sln:wojIdTeryt>16</sln:wojIdTeryt><sln:wojNazwa>opolskie</sln:wojNazwa></sln:miejscowosc><sln:miejscowosc><sln:cyklZyciaOd>2017-04-12T00:00:00+02:00</sln:cyklZyciaOd><sln:gmIIPId>94670af2-60a9-414c-8683-d6728c35f224</sln:gmIIPId><sln:gmIIPPn>PL.PZGIK.200</sln:gmIIPPn><sln:gmIIPWersja>2012-09-26T21:59:59+02:00</sln:gmIIPWersja><sln:gmIdTeryt>1611073</sln:gmIdTeryt><sln:gmNazwa>Zawadzkie</sln:gmNazwa><sln:miejscIIPId>2aca9e79-7511-44cb-a24e-d92765f4f98c</sln:miejscIIPId><sln:miejscIIPPn>PL.PZGIK.200</sln:miejscIIPPn><sln:miejscIIPWersja>2017-04-12T11:38:20+02:00</sln:miejscIIPWersja><sln:miejscIdTeryt>0505415</sln:miejscIdTeryt><sln:miejscNazwa>Kielcza</sln:miejscNazwa><sln:miejscRodzaj>Wieś</sln:miejscRodzaj><sln:powIIPId>2cb9f766-42de-4147-8a13-eb46789dca16</sln:powIIPId><sln:powIIPPn>PL.PZGIK.200</sln:powIIPPn><sln:powIIPWersja>2012-09-27T08:58:33+02:00</sln:powIIPWersja><sln:powIdTeryt>1611</sln:powIdTeryt><sln:powNazwa>strzelecki</sln:powNazwa><sln:waznyOd>2014-02-28T00:00:00+01:00</sln:waznyOd><sln:wojIIPId>9bd0c42a-ca40-4b7d-9b5b-81aae3398015</sln:wojIIPId><sln:wojIIPPn>PL.PZGIK.200</sln:wojIIPPn><sln:wojIIPWersja>2017-10-10T00:00:00+02:00</sln:wojIIPWersja><sln:wojIdTeryt>16</sln:wojIdTeryt><sln:wojNazwa>opolskie</sln:wojNazwa></sln:miejscowosc><sln:miejscowosc><sln:cyklZyciaOd>2017-04-12T00:00:00+02:00</sln:cyklZyciaOd><sln:gmIIPId>94670af2-60a9-414c-8683-d6728c35f224</sln:gmIIPId><sln:gmIIPPn>PL.PZGIK.200</sln:gmIIPPn><sln:gmIIPWersja>2012-09-26T21:59:59+02:00</sln:gmIIPWersja><sln:gmIdTeryt>1611073</sln:gmIdTeryt><sln:gmNazwa>Zawadzkie</sln:gmNazwa><sln:miejscIIPId>732d9f1d-10c0-4150-b096-c25820ba559e</sln:miejscIIPId><sln:miejscIIPPn>PL.PZGIK.200</sln:miejscIIPPn><sln:miejscIIPWersja>2017-04-12T11:38:26+02:00</sln:miejscIIPWersja><sln:miejscIdTeryt>0505438</sln:miejscIdTeryt><sln:miejscNazwa>Żędowice</sln:miejscNazwa><sln:miejscRodzaj>Wieś</sln:miejscRodzaj><sln:powIIPId>2cb9f766-42de-4147-8a13-eb46789dca16</sln:powIIPId><sln:powIIPPn>PL.PZGIK.200</sln:powIIPPn><sln:powIIPWersja>2012-09-27T08:58:33+02:00</sln:powIIPWersja><sln:powIdTeryt>1611</sln:powIdTeryt><sln:powNazwa>strzelecki</sln:powNazwa><sln:waznyOd>2014-02-28T00:00:00+01:00</sln:waznyOd><sln:wojIIPId>9bd0c42a-ca40-4b7d-9b5b-81aae3398015</sln:wojIIPId><sln:wojIIPPn>PL.PZGIK.200</sln:wojIIPPn><sln:wojIIPWersja>2017-10-10T00:00:00+02:00</sln:wojIIPWersja><sln:wojIdTeryt>16</sln:wojIdTeryt><sln:wojNazwa>opolskie</sln:wojNazwa></sln:miejscowosc><sln:miejscowosc><sln:cyklZyciaOd>2017-04-12T00:00:00+02:00</sln:cyklZyciaOd><sln:gmIIPId>94670af2-60a9-414c-8683-d6728c35f224</sln:gmIIPId><sln:gmIIPPn>PL.PZGIK.200</sln:gmIIPPn><sln:gmIIPWersja>2012-09-26T21:59:59+02:00</sln:gmIIPWersja><sln:gmIdTeryt>1611073</sln:gmIdTeryt><sln:gmNazwa>Zawadzkie</sln:gmNazwa><sln:miejscIIPId>923d8142-7b96-4fd0-b89b-e1a5fecf181c</sln:miejscIIPId><sln:miejscIIPPn>PL.PZGIK.200</sln:miejscIIPPn><sln:miejscIIPWersja>2017-04-12T11:38:26+02:00</sln:miejscIIPWersja><sln:miejscIdTeryt>0966004</sln:miejscIdTeryt><sln:miejscNazwa>Zawadzkie</sln:miejscNazwa><sln:miejscRodzaj>Miasto</sln:miejscRodzaj><sln:powIIPId>2cb9f766-42de-4147-8a13-eb46789dca16</sln:powIIPId><sln:powIIPPn>PL.PZGIK.200</sln:powIIPPn><sln:powIIPWersja>2012-09-27T08:58:33+02:00</sln:powIIPWersja><sln:powIdTeryt>1611</sln:powIdTeryt><sln:powNazwa>strzelecki</sln:powNazwa><sln:waznyOd>2014-02-28T00:00:00+01:00</sln:waznyOd><sln:wojIIPId>9bd0c42a-ca40-4b7d-9b5b-81aae3398015</sln:wojIIPId><sln:wojIIPPn>PL.PZGIK.200</sln:wojIIPPn><sln:wojIIPWersja>2017-10-10T00:00:00+02:00</sln:wojIIPWersja><sln:wojIdTeryt>16</sln:wojIdTeryt><sln:wojNazwa>opolskie</sln:wojNazwa></sln:miejscowosc></sln:lista-miejscowosci>