<?xml version="1.0" encoding="UTF-8" standalone="yes"?><sln:lista-miejscowosci xmlns:srv="http://gugik.gov.pl/schemas/slowniki-service/1.0" xmlns:sln="http://gugik.gov.pl/schemas/slowniki-schema/1.0"><sln:miejscowosc><sln:cyklZyciaDo>2017-04-12T00:00:00+02:00</sln:cyklZyciaDo><sln:cyklZyciaOd>2016-01-21T00:00:00+01:00</sln:cyklZyciaOd><sln:gmIIPId>b81dcf99-4a0a-4ab8-bcab-dd2d508f73cd</sln:gmIIPId><sln:gmIIPPn>PL.PZGIK.200</sln:gmIIPPn><sln:gmIIPWersja>2012-09-26T21:59:08+02:00</sln:gmIIPWersja><sln:gmIdTeryt>1603042</sln:gmIdTeryt><sln:gmNazwa>Pawłowiczki</sln:gmNazwa><sln:miejscIIPId>a5fefa23-5cce-417b-97af-96705500105e</sln:miejscIIPId><sln:miejscIIPPn>PL.PZGIK.200</sln:miejscIIPPn><sln:miejscIIPWersja>2016-11-24T10:46:36+02:00</sln:miejscIIPWersja><sln:miejscIdTeryt>0501558</sln:miejscIdTeryt><sln:miejscNazwa>Borzysławice</sln:miejscNazwa><sln:miejscRodzaj>Wieś</sln:miejscRodzaj><sln:powIIPId>457aa2e8-c963-4adb-b024-813062e39434</sln:powIIPId><sln:powIIPPn>PL.PZGIK.200</sln:powIIPPn><sln:powIIPWersja>2012-09-27T08:58:33+02:00</sln:powIIPWersja><sln:powIdTeryt>1603</sln:powIdTeryt><sln:powNazwa>kędzierzyńsko-kozielski</sln:powNazwa><sln:waznyOd>2013-07-03T00:00:00+02:00</sln:waznyOd><sln:wojIIPId>9bd0c42a-ca40-4b7d-9b5b-81aae3398015</sln:wojIIPId><sln:wojIIPPn>PL.PZGIK.200</sln:wojIIPPn><sln:wojIIPWersja>2017-10-10T00:00:00+02:00</sln:wojIIPWersja><sln:wojIdTeryt>16</sln:wojIdTeryt><sln:wojNazwa>opolskie</sln:wojNazwa></sln:miejscowosc><sln:miejscowosc><sln:cyklZyciaDo>2017-04-12T00:00:00+02:00</sln:cyklZyciaDo><sln:cyklZyciaOd>2016-01-21T00:00:00+01:00</sln:cyklZyciaOd><sln:gmIIPId>b81dcf99-4a0a-4ab8-bcab-dd2d508f73cd</sln:gmIIPId><sln:gmIIPPn>PL.PZGIK.200</sln:gmIIPPn><sln:gmIIPWersja>2012-09-26T21:59:08+02:00</sln:gmIIPWersja><sln:gmIdTeryt>1603042</sln:gmIdTeryt><sln:gmNazwa>Pawłowiczki</sln:gmNazwa><sln:miejscIIPId>e0251896-57a0-492d-8f8d-d87e4f1b70aa</sln:miejscIIPId><sln:miejscIIPPn>PL.PZGIK.200</sln:miejscIIPPn><sln:miejscIIPWersja>2016-11-24T13:20:55+02:00</sln:miejscIIPWersja><sln:miejscIdTeryt>0998174</sln:miejscIdTeryt><sln:miejscNazwa>Bryksy</sln:miejscNazwa><sln:miejscRodzaj>Przysiółek</sln:miejscRodzaj><sln:powIIPId>457aa2e8-c963-4adb-b024-813062e39434</sln:powIIPId><sln:powIIPPn>PL.PZGIK.200</sln:powIIPPn><sln:powIIPWersja>2012-09-27T08:58:33+02:00</sln:powIIPWersja><sln:powIdTeryt>1603</sln:powIdTeryt><sln:powNazwa>kędzierzyńsko-kozielski</sln:powNazwa><sln:waznyOd>2013-07-09T00:00:00+02:00</sln:waznyOd><sln:wojIIPId>9bd0c42a-ca40-4b7d-9b5b-81aae3398015</sln:wojIIPId><sln:wojIIPPn>PL.PZGIK.200</sln:wojIIPPn><sln:wojIIPWersja>2017-10-10T00:00:00+02:00</sln:wojIIPWersja><sln:wojIdTeryt>16</sln:wojIdTeryt><sln:wojNazwa>opolskie</sln:wojNazwa></sln:miejscowosc><sln:miejscowosc><sln:cyklZyciaDo>2017-04-12T00:00:00+02:00</sln:cyklZyciaDo><sln:cyklZyciaOd>2016-01-21T00:00:00+01:00</sln:cyklZyciaOd><sln:gmIIPId>b81dcf99-4a0a-4ab8-bcab-dd2d508f73cd</sln:gmIIPId><sln:gmIIPPn>PL.PZGIK.200</sln:gmIIPPn><sln:gmIIPWersja>2012-09-26T21:59:08+02:00</sln:gmIIPWersja><sln:gmIdTeryt>1603042</sln:gmIdTeryt><sln:gmNazwa>Pawłowiczki</sln:gmNazwa><sln:miejscIIPId>c6d4bb84-a6f1-4295-a852-25759e9f08af</sln:miejscIIPId><sln:miejscIIPPn>PL.PZGIK.200</sln:miejscIIPPn><sln:miejscIIPWersja>2016-11-24T10:46:36+02:00</sln:miejscIIPWersja><sln:miejscIdTeryt>0501564</sln:miejscIdTeryt><sln:miejscNazwa>Chrósty</sln:miejscNazwa><sln:miejscRodzaj>Wieś</sln:miejscRodzaj><sln:powIIPId>457aa2e8-c963-4adb-b024-813062e39434</sln:powIIPId><sln:powIIPPn>PL.PZGIK.200</sln:powIIPPn><sln:powIIPWersja>2012-09-27T08:58:33+02:00</sln:powIIPWersja><sln:powIdTeryt>1603</sln:powIdTeryt><sln:powNazwa>kędzierzyńsko-kozielski</sln:powNazwa><sln:waznyOd>2013-07-03T00:00:00+02:00</sln:waznyOd><sln:wojIIPId>9bd0c42a-ca40-4b7d-9b5b-81aae3398015</sln:wojIIPId><sln:wojIIPPn>PL.PZGIK.200</sln:wojIIPPn><sln:wojIIPWersja>2017-10-10T00:00:00+02:00</sln:wojIIPWersja><sln:wojIdTeryt>16</sln:wojIdTeryt><sln:wojNazwa>opolskie</sln:wojNazwa></sln:miejscowosc><sln:miejscowosc><sln:cyklZyciaDo>2017-04-12T00:00:00+02:00</sln:cyklZyciaDo><sln:cyklZyciaOd>2016-01-21T00:00:00+01:00</sln:cyklZyciaOd><sln:gmIIPId>b81dcf99-4a0a-4ab8-bcab-dd2d508f73cd</sln:gmIIPId><sln:gmIIPPn>PL.PZGIK.200</sln:gmIIPPn><sln:gmIIPWersja>2012-09-26T21:59:08+02:00</sln:gmIIPWersja><sln:gmIdTeryt>1603042</sln:gmIdTeryt><sln:gmNazwa>Pawłowiczki</sln:gmNazwa><sln:miejscIIPId>eed5fb74-4b58-45d1-b1fd-9a7dc4fc917d</sln:miejscIIPId><sln:miejscIIPPn>PL.PZGIK.200</sln:miejscIIPPn><sln:miejscIIPWersja>2016-11-24T10:46:36+02:00</sln:miejscIIPWersja><sln:miejscIdTeryt>0501848</sln:miejscIdTeryt><sln:miejscNazwa>Chudoba</sln:miejscNazwa><sln:miejscRodzaj>Przysiółek</sln:miejscRodzaj><sln:powIIPId>457aa2e8-c963-4adb-b024-813062e39434</sln:powIIPId><sln:powIIPPn>PL.PZGIK.200</sln:powIIPPn><sln:powIIPWersja>2012-09-27T08:58:33+02:00</sln:powIIPWersja><sln:powIdTeryt>1603</sln:powIdTeryt><sln:powNazwa>kędzierzyńsko-kozielski</sln:powNazwa><sln:waznyOd>2013-07-09T00:00:00+02:00</sln:waznyOd><sln:wojIIPId>9bd0c42a-ca40-4b7d-9b5b-81aae3398015</sln:wojIIPId><sln:wojIIPPn>PL.PZGIK.200</sln:wojIIPPn><sln:wojIIPWersja>2017-10-10T00:00:00+02:00</sln:wojIIPWersja><sln:wojIdTeryt>16</sln:wojIdTeryt><sln:wojNazwa>opolskie</sln:wojNazwa></sln:miejscowosc><sln:miejscowosc><sln:cyklZyciaDo>2017-04-12T00:00:00+02:00</sln:cyklZyciaDo><sln:cyklZyciaOd>2016-01-21T00:00:00+01:00</sln:cyklZyciaOd><sln:gmIIPId>b81dcf99-4a0a-4ab8-bcab-dd2d508f73cd</sln:gmIIPId><sln:gmIIPPn>PL.PZGIK.200</sln:gmIIPPn><sln:gmIIPWersja>2012-09-26T21:59:08+02:00</sln:gmIIPWersja><sln:gmIdTeryt>1603042</sln:gmIdTeryt><sln:gmNazwa>Pawłowiczki</sln:gmNazwa><sln:miejscIIPId>2f01216b-4da9-428f-9564-a560c8ae799b</sln:miejscIIPId><sln:miejscIIPPn>PL.PZGIK.200</sln:miejscIIPPn><sln:miejscIIPWersja>2016-11-24T10:46:36+02:00</sln:miejscIIPWersja><sln:miejscIdTeryt>0501707</sln:miejscIdTeryt><sln:miejscNazwa>Damnik</sln:miejscNazwa><sln:miejscRodzaj>Przysiółek</sln:miejscRodzaj><sln:powIIPId>457aa2e8-c963-4adb-b024-813062e39434</sln:powIIPId><sln:powIIPPn>PL.PZGIK.200</sln:powIIPPn><sln:powIIPWersja>2012-09-27T08:58:33+02:00</sln:powIIPWersja><sln:powIdTeryt>1603</sln:powIdTeryt><sln:powNazwa>kędzierzyńsko-kozielski</sln:powNazwa><sln:waznyOd>2013-07-09T00:00:00+02:00</sln:waznyOd><sln:wojIIPId>9bd0c42a-ca40-4b7d-9b5b-81aae3398015</sln:wojIIPId><sln:wojIIPPn>PL.PZGIK.200</sln:wojIIPPn><sln:wojIIPWersja>2017-10-10T00:00:00+02:00</sln:wojIIPWersja><sln:wojIdTeryt>16</sln:wojIdTeryt><sln:wojNazwa>opolskie</sln:wojNazwa></sln:miejscowosc><sln:miejscowosc><sln:cyklZyciaDo>2017-04-12T00:00:00+02:00</sln:cyklZyciaDo><sln:cyklZyciaOd>2016-01-21T00:00:00+01:00</sln:cyklZyciaOd><sln:gmIIPId>b81dcf99-4a0a-4ab8-bcab-dd2d508f73cd</sln:gmIIPId><sln:gmIIPPn>PL.PZGIK.200</sln:gmIIPPn><sln:gmIIPWersja>2012-09-26T21:59:08+02:00</sln:gmIIPWersja><sln:gmIdTeryt>1603042</sln:gmIdTeryt><sln:gmNazwa>Pawłowiczki</sln:gmNazwa><sln:miejscIIPId>e24c7b92-ae51-42c1-a96a-7a3d9df9a066</sln:miejscIIPId><sln:miejscIIPPn>PL.PZGIK.200</sln:miejscIIPPn><sln:miejscIIPWersja>2016-11-24T10:46:36+02:00</sln:miejscIIPWersja><sln:miejscIdTeryt>0501771</sln:miejscIdTeryt><sln:miejscNazwa>Dąbrowa</sln:miejscNazwa><sln:miejscRodzaj>Przysiółek</sln:miejscRodzaj><sln:powIIPId>457aa2e8-c963-4adb-b024-813062e39434</sln:powIIPId><sln:powIIPPn>PL.PZGIK.200</sln:powIIPPn><sln:powIIPWersja>2012-09-27T08:58:33+02:00</sln:powIIPWersja><sln:powIdTeryt>1603</sln:powIdTeryt><sln:powNazwa>kędzierzyńsko-kozielski</sln:powNazwa><sln:waznyOd>2013-07-09T00:00:00+02:00</sln:waznyOd><sln:wojIIPId>9bd0c42a-ca40-4b7d-9b5b-81aae3398015</sln:wojIIPId><sln:wojIIPPn>PL.PZGIK.200</sln:wojIIPPn><sln:wojIIPWersja>2017-10-10T00:00:00+02:00</sln:wojIIPWersja><sln:wojIdTeryt>16</sln:wojIdTeryt><sln:wojNazwa>opolskie</sln:wojNazwa></sln:miejscowosc><sln:miejscowosc><sln:cyklZyciaDo>2017-04-12T00:00:00+02:00</sln:cyklZyciaDo><sln:cyklZyciaOd>2016-01-21T00:00:00+01:00</sln:cyklZyciaOd><sln:gmIIPId>b81dcf99-4a0a-4ab8-bcab-dd2d508f73cd</sln:gmIIPId><sln:gmIIPPn>PL.PZGIK.200</sln:gmIIPPn><sln:gmIIPWersja>2012-09-26T21:59:08+02:00</sln:gmIIPWersja><sln:gmIdTeryt>1603042</sln:gmIdTeryt><sln:gmNazwa>Pawłowiczki</sln:gmNazwa><sln:miejscIIPId>8d9fad8f-b90a-4ae8-a6b5-8acb9dd9a964</sln:miejscIIPId><sln:miejscIIPPn>PL.PZGIK.200</sln:miejscIIPPn><sln:miejscIIPWersja>2016-11-24T10:46:36+02:00</sln:miejscIIPWersja><sln:miejscIdTeryt>0501570</sln:miejscIdTeryt><sln:miejscNazwa>Dobieszów</sln:miejscNazwa><sln:miejscRodzaj>Wieś</sln:miejscRodzaj><sln:powIIPId>457aa2e8-c963-4adb-b024-813062e39434</sln:powIIPId><sln:powIIPPn>PL.PZGIK.200</sln:powIIPPn><sln:powIIPWersja>2012-09-27T08:58:33+02:00</sln:powIIPWersja><sln:powIdTeryt>1603</sln:powIdTeryt><sln:powNazwa>kędzierzyńsko-kozielski</sln:powNazwa><sln:waznyOd>2013-07-03T00:00:00+02:00</sln:waznyOd><sln:wojIIPId>9bd0c42a-ca40-4b7d-9b5b-81aae3398015</sln:wojIIPId><sln:wojIIPPn>PL.PZGIK.200</sln:wojIIPPn><sln:wojIIPWersja>2017-10-10T00:00:00+02:00</sln:wojIIPWersja><sln:wojIdTeryt>16</sln:wojIdTeryt><sln:wojNazwa>opolskie</sln:wojNazwa></sln:miejscowosc><sln:miejscowosc><sln:cyklZyciaDo>2017-04-12T00:00:00+02:00</sln:cyklZyciaDo><sln:cyklZyciaOd>2016-01-21T00:00:00+01:00</sln:cyklZyciaOd><sln:gmIIPId>b81dcf99-4a0a-4ab8-bcab-dd2d508f73cd</sln:gmIIPId><sln:gmIIPPn>PL.PZGIK.200</sln:gmIIPPn><sln:gmIIPWersja>2012-09-26T21:59:08+02:00</sln:gmIIPWersja><sln:gmIdTeryt>1603042</sln:gmIdTeryt><sln:gmNazwa>Pawłowiczki</sln:gmNazwa><sln:miejscIIPId>0b14f748-baee-46bf-939f-d1b236a93504</sln:miejscIIPId><sln:miejscIIPPn>PL.PZGIK.200</sln:miejscIIPPn><sln:miejscIIPWersja>2016-11-24T10:46:36+02:00</sln:miejscIIPWersja><sln:miejscIdTeryt>0501587</sln:miejscIdTeryt><sln:miejscNazwa>Dobrosławice</sln:miejscNazwa><sln:miejscRodzaj>Wieś</sln:miejscRodzaj><sln:powIIPId>457aa2e8-c963-4adb-b024-813062e39434</sln:powIIPId><sln:powIIPPn>PL.PZGIK.200</sln:powIIPPn><sln:powIIPWersja>2012-09-27T08:58:33+02:00</sln:powIIPWersja><sln:powIdTeryt>1603</sln:powIdTeryt><sln:powNazwa>kędzierzyńsko-kozielski</sln:powNazwa><sln:waznyOd>2013-07-03T00:00:00+02:00</sln:waznyOd><sln:wojIIPId>9bd0c42a-ca40-4b7d-9b5b-81aae3398015</sln:wojIIPId><sln:wojIIPPn>PL.PZGIK.200</sln:wojIIPPn><sln:wojIIPWersja>2017-10-10T00:00:00+02:00</sln:wojIIPWersja><sln:wojIdTeryt>16</sln:wojIdTeryt><sln:wojNazwa>opolskie</sln:wojNazwa></sln:miejscowosc><sln:miejscowosc><sln:cyklZyciaDo>2017-04-12T00:00:00+02:00</sln:cyklZyciaDo><sln:cyklZyciaOd>2016-01-21T00:00:00+01:00</sln:cyklZyciaOd><sln:gmIIPId>b81dcf99-4a0a-4ab8-bcab-dd2d508f73cd</sln:gmIIPId><sln:gmIIPPn>PL.PZGIK.200</sln:gmIIPPn><sln:gmIIPWersja>2012-09-26T21:59:08+02:00</sln:gmIIPWersja><sln:gmIdTeryt>1603042</sln:gmIdTeryt><sln:gmNazwa>Pawłowiczki</sln:gmNazwa><sln:miejscIIPId>193fbbe3-ecd2-460b-ac06-f27f27acc614</sln:miejscIIPId><sln:miejscIIPPn>PL.PZGIK.200</sln:miejscIIPPn><sln:miejscIIPWersja>2016-11-24T10:46:36+02:00</sln:miejscIIPWersja><sln:miejscIdTeryt>0501593</sln:miejscIdTeryt><sln:miejscNazwa>Gościęcin</sln:miejscNazwa><sln:miejscRodzaj>Wieś</sln:miejscRodzaj><sln:powIIPId>457aa2e8-c963-4adb-b024-813062e39434</sln:powIIPId><sln:powIIPPn>PL.PZGIK.200</sln:powIIPPn><sln:powIIPWersja>2012-09-27T08:58:33+02:00</sln:powIIPWersja><sln:powIdTeryt>1603</sln:powIdTeryt><sln:powNazwa>kędzierzyńsko-kozielski</sln:powNazwa><sln:waznyOd>2013-07-03T00:00:00+02:00</sln:waznyOd><sln:wojIIPId>9bd0c42a-ca40-4b7d-9b5b-81aae3398015</sln:wojIIPId><sln:wojIIPPn>PL.PZGIK.200</sln:wojIIPPn><sln:wojIIPWersja>2017-10-10T00:00:00+02:00</sln:wojIIPWersja><sln:wojIdTeryt>16</sln:wojIdTeryt><sln:wojNazwa>opolskie</sln:wojNazwa></sln:miejscowosc><sln:miejscowosc><sln:cyklZyciaDo>2017-04-12T00:00:00+02:00</sln:cyklZyciaDo><sln:cyklZyciaOd>2016-01-21T00:00:00+01:00</sln:cyklZyciaOd><sln:gmIIPId>b81dcf99-4a0a-4ab8-bcab-dd2d508f73cd</sln:gmIIPId><sln:gmIIPPn>PL.PZGIK.200</sln:gmIIPPn><sln:gmIIPWersja>2012-09-26T21:59:08+02:00</sln:gmIIPWersja><sln:gmIdTeryt>1603042</sln:gmIdTeryt><sln:gmNazwa>Pawłowiczki</sln:gmNazwa><sln:miejscIIPId>da7184ad-8dce-4b73-b667-b44a9f1f392e</sln:miejscIIPId><sln:miejscIIPPn>PL.PZGIK.200</sln:miejscIIPPn><sln:miejscIIPWersja>2016-11-24T10:46:36+02:00</sln:miejscIIPWersja><sln:miejscIdTeryt>0501601</sln:miejscIdTeryt><sln:miejscNazwa>Grodzisko</sln:miejscNazwa><sln:miejscRodzaj>Wieś</sln:miejscRodzaj><sln:powIIPId>457aa2e8-c963-4adb-b024-813062e39434</sln:powIIPId><sln:powIIPPn>PL.PZGIK.200</sln:powIIPPn><sln:powIIPWersja>2012-09-27T08:58:33+02:00</sln:powIIPWersja><sln:powIdTeryt>1603</sln:powIdTeryt><sln:powNazwa>kędzierzyńsko-kozielski</sln:powNazwa><sln:waznyOd>2013-07-03T00:00:00+02:00</sln:waznyOd><sln:wojIIPId>9bd0c42a-ca40-4b7d-9b5b-81aae3398015</sln:wojIIPId><sln:wojIIPPn>PL.PZGIK.200</sln:wojIIPPn><sln:wojIIPWersja>2017-10-10T00:00:00+02:00</sln:wojIIPWersja><sln:wojIdTeryt>16</sln:wojIdTeryt><sln:wojNazwa>opolskie</sln:wojNazwa></sln:miejscowosc><sln:miejscowosc><sln:cyklZyciaDo>2017-04-12T00:00:00+02:00</sln:cyklZyciaDo><sln:cyklZyciaOd>2016-01-21T00:00:00+01:00</sln:cyklZyciaOd><sln:gmIIPId>b81dcf99-4a0a-4ab8-bcab-dd2d508f73cd</sln:gmIIPId><sln:gmIIPPn>PL.PZGIK.200</sln:gmIIPPn><sln:gmIIPWersja>2012-09-26T21:59:08+02:00</sln:gmIIPWersja><sln:gmIdTeryt>1603042</sln:gmIdTeryt><sln:gmNazwa>Pawłowiczki</sln:gmNazwa><sln:miejscIIPId>a1a4cd8a-6455-45d4-84e3-5050e90c091a</sln:miejscIIPId><sln:miejscIIPPn>PL.PZGIK.200</sln:miejscIIPPn><sln:miejscIIPWersja>2016-11-24T10:46:36+02:00</sln:miejscIIPWersja><sln:miejscIdTeryt>0501618</sln:miejscIdTeryt><sln:miejscNazwa>Grudynia Mała</sln:miejscNazwa><sln:miejscRodzaj>Wieś</sln:miejscRodzaj><sln:powIIPId>457aa2e8-c963-4adb-b024-813062e39434</sln:powIIPId><sln:powIIPPn>PL.PZGIK.200</sln:powIIPPn><sln:powIIPWersja>2012-09-27T08:58:33+02:00</sln:powIIPWersja><sln:powIdTeryt>1603</sln:powIdTeryt><sln:powNazwa>kędzierzyńsko-kozielski</sln:powNazwa><sln:waznyOd>2013-07-03T00:00:00+02:00</sln:waznyOd><sln:wojIIPId>9bd0c42a-ca40-4b7d-9b5b-81aae3398015</sln:wojIIPId><sln:wojIIPPn>PL.PZGIK.200</sln:wojIIPPn><sln:wojIIPWersja>2017-10-10T00:00:00+02:00</sln:wojIIPWersja><sln:wojIdTeryt>16</sln:wojIdTeryt><sln:wojNazwa>opolskie</sln:wojNazwa></sln:miejscowosc><sln:miejscowosc><sln:cyklZyciaDo>2017-04-12T00:00:00+02:00</sln:cyklZyciaDo><sln:cyklZyciaOd>2016-01-21T00:00:00+01:00</sln:cyklZyciaOd><sln:gmIIPId>b81dcf99-4a0a-4ab8-bcab-dd2d508f73cd</sln:gmIIPId><sln:gmIIPPn>PL.PZGIK.200</sln:gmIIPPn><sln:gmIIPWersja>2012-09-26T21:59:08+02:00</sln:gmIIPWersja><sln:gmIdTeryt>1603042</sln:gmIdTeryt><sln:gmNazwa>Pawłowiczki</sln:gmNazwa><sln:miejscIIPId>858161f0-a0a9-43aa-8e2d-02d6fd9c1c12</sln:miejscIIPId><sln:miejscIIPPn>PL.PZGIK.200</sln:miejscIIPPn><sln:miejscIIPWersja>2016-11-24T10:46:36+02:00</sln:miejscIIPWersja><sln:miejscIdTeryt>0501624</sln:miejscIdTeryt><sln:miejscNazwa>Grudynia Wielka</sln:miejscNazwa><sln:miejscRodzaj>Wieś</sln:miejscRodzaj><sln:powIIPId>457aa2e8-c963-4adb-b024-813062e39434</sln:powIIPId><sln:powIIPPn>PL.PZGIK.200</sln:powIIPPn><sln:powIIPWersja>2012-09-27T08:58:33+02:00</sln:powIIPWersja><sln:powIdTeryt>1603</sln:powIdTeryt><sln:powNazwa>kędzierzyńsko-kozielski</sln:powNazwa><sln:waznyOd>2013-07-03T00:00:00+02:00</sln:waznyOd><sln:wojIIPId>9bd0c42a-ca40-4b7d-9b5b-81aae3398015</sln:wojIIPId><sln:wojIIPPn>PL.PZGIK.200</sln:wojIIPPn><sln:wojIIPWersja>2017-10-10T00:00:00+02:00</sln:wojIIPWersja><sln:wojIdTeryt>16</sln:wojIdTeryt><sln:wojNazwa>opolskie</sln:wojNazwa></sln:miejscowosc><sln:miejscowosc><sln:cyklZyciaDo>2017-04-12T00:00:00+02:00</sln:cyklZyciaDo><sln:cyklZyciaOd>2016-01-21T00:00:00+01:00</sln:cyklZyciaOd><sln:gmIIPId>b81dcf99-4a0a-4ab8-bcab-dd2d508f73cd</sln:gmIIPId><sln:gmIIPPn>PL.PZGIK.200</sln:gmIIPPn><sln:gmIIPWersja>2012-09-26T21:59:08+02:00</sln:gmIIPWersja><sln:gmIdTeryt>1603042</sln:gmIdTeryt><sln:gmNazwa>Pawłowiczki</sln:gmNazwa><sln:miejscIIPId>f7be5c6b-4fd6-4c6a-9310-672ed64cd2f7</sln:miejscIIPId><sln:miejscIIPPn>PL.PZGIK.200</sln:miejscIIPPn><sln:miejscIIPWersja>2016-11-24T10:46:36+02:00</sln:miejscIIPWersja><sln:miejscIdTeryt>0501630</sln:miejscIdTeryt><sln:miejscNazwa>Jakubowice</sln:miejscNazwa><sln:miejscRodzaj>Wieś</sln:miejscRodzaj><sln:powIIPId>457aa2e8-c963-4adb-b024-813062e39434</sln:powIIPId><sln:powIIPPn>PL.PZGIK.200</sln:powIIPPn><sln:powIIPWersja>2012-09-27T08:58:33+02:00</sln:powIIPWersja><sln:powIdTeryt>1603</sln:powIdTeryt><sln:powNazwa>kędzierzyńsko-kozielski</sln:powNazwa><sln:waznyOd>2013-07-03T00:00:00+02:00</sln:waznyOd><sln:wojIIPId>9bd0c42a-ca40-4b7d-9b5b-81aae3398015</sln:wojIIPId><sln:wojIIPPn>PL.PZGIK.200</sln:wojIIPPn><sln:wojIIPWersja>2017-10-10T00:00:00+02:00</sln:wojIIPWersja><sln:wojIdTeryt>16</sln:wojIdTeryt><sln:wojNazwa>opolskie</sln:wojNazwa></sln:miejscowosc><sln:miejscowosc><sln:cyklZyciaDo>2017-04-12T00:00:00+02:00</sln:cyklZyciaDo><sln:cyklZyciaOd>2016-01-21T00:00:00+01:00</sln:cyklZyciaOd><sln:gmIIPId>b81dcf99-4a0a-4ab8-bcab-dd2d508f73cd</sln:gmIIPId><sln:gmIIPPn>PL.PZGIK.200</sln:gmIIPPn><sln:gmIIPWersja>2012-09-26T21:59:08+02:00</sln:gmIIPWersja><sln:gmIdTeryt>1603042</sln:gmIdTeryt><sln:gmNazwa>Pawłowiczki</sln:gmNazwa><sln:miejscIIPId>cbc341a8-a6b4-4f14-83e1-ae6eb0b87c64</sln:miejscIIPId><sln:miejscIIPPn>PL.PZGIK.200</sln:miejscIIPPn><sln:miejscIIPWersja>2016-11-24T10:46:36+02:00</sln:miejscIIPWersja><sln:miejscIdTeryt>0501647</sln:miejscIdTeryt><sln:miejscNazwa>Karchów</sln:miejscNazwa><sln:miejscRodzaj>Wieś</sln:miejscRodzaj><sln:powIIPId>457aa2e8-c963-4adb-b024-813062e39434</sln:powIIPId><sln:powIIPPn>PL.PZGIK.200</sln:powIIPPn><sln:powIIPWersja>2012-09-27T08:58:33+02:00</sln:powIIPWersja><sln:powIdTeryt>1603</sln:powIdTeryt><sln:powNazwa>kędzierzyńsko-kozielski</sln:powNazwa><sln:waznyOd>2013-07-03T00:00:00+02:00</sln:waznyOd><sln:wojIIPId>9bd0c42a-ca40-4b7d-9b5b-81aae3398015</sln:wojIIPId><sln:wojIIPPn>PL.PZGIK.200</sln:wojIIPPn><sln:wojIIPWersja>2017-10-10T00:00:00+02:00</sln:wojIIPWersja><sln:wojIdTeryt>16</sln:wojIdTeryt><sln:wojNazwa>opolskie</sln:wojNazwa></sln:miejscowosc><sln:miejscowosc><sln:cyklZyciaDo>2017-04-12T00:00:00+02:00</sln:cyklZyciaDo><sln:cyklZyciaOd>2016-01-21T00:00:00+01:00</sln:cyklZyciaOd><sln:gmIIPId>b81dcf99-4a0a-4ab8-bcab-dd2d508f73cd</sln:gmIIPId><sln:gmIIPPn>PL.PZGIK.200</sln:gmIIPPn><sln:gmIIPWersja>2012-09-26T21:59:08+02:00</sln:gmIIPWersja><sln:gmIdTeryt>1603042</sln:gmIdTeryt><sln:gmNazwa>Pawłowiczki</sln:gmNazwa><sln:miejscIIPId>0a3dfcdd-d907-411f-a7b6-5bcf57b60993</sln:miejscIIPId><sln:miejscIIPPn>PL.PZGIK.200</sln:miejscIIPPn><sln:miejscIIPWersja>2016-11-24T10:46:36+02:00</sln:miejscIIPWersja><sln:miejscIdTeryt>0501676</sln:miejscIdTeryt><sln:miejscNazwa>Kolonia Karchów</sln:miejscNazwa><sln:miejscRodzaj>Przysiółek</sln:miejscRodzaj><sln:powIIPId>457aa2e8-c963-4adb-b024-813062e39434</sln:powIIPId><sln:powIIPPn>PL.PZGIK.200</sln:powIIPPn><sln:powIIPWersja>2012-09-27T08:58:33+02:00</sln:powIIPWersja><sln:powIdTeryt>1603</sln:powIdTeryt><sln:powNazwa>kędzierzyńsko-kozielski</sln:powNazwa><sln:waznyOd>2013-07-09T00:00:00+02:00</sln:waznyOd><sln:wojIIPId>9bd0c42a-ca40-4b7d-9b5b-81aae3398015</sln:wojIIPId><sln:wojIIPPn>PL.PZGIK.200</sln:wojIIPPn><sln:wojIIPWersja>2017-10-10T00:00:00+02:00</sln:wojIIPWersja><sln:wojIdTeryt>16</sln:wojIdTeryt><sln:wojNazwa>opolskie</sln:wojNazwa></sln:miejscowosc><sln:miejscowosc><sln:cyklZyciaDo>2017-04-12T00:00:00+02:00</sln:cyklZyciaDo><sln:cyklZyciaOd>2016-01-21T00:00:00+01:00</sln:cyklZyciaOd><sln:gmIIPId>b81dcf99-4a0a-4ab8-bcab-dd2d508f73cd</sln:gmIIPId><sln:gmIIPPn>PL.PZGIK.200</sln:gmIIPPn><sln:gmIIPWersja>2012-09-26T21:59:08+02:00</sln:gmIIPWersja><sln:gmIdTeryt>1603042</sln:gmIdTeryt><sln:gmNazwa>Pawłowiczki</sln:gmNazwa><sln:miejscIIPId>8c474ef7-6669-4ca5-8a17-89d5f2e34c1b</sln:miejscIIPId><sln:miejscIIPPn>PL.PZGIK.200</sln:miejscIIPPn><sln:miejscIIPWersja>2016-11-24T10:46:36+02:00</sln:miejscIIPWersja><sln:miejscIdTeryt>0501653</sln:miejscIdTeryt><sln:miejscNazwa>Kózki</sln:miejscNazwa><sln:miejscRodzaj>Wieś</sln:miejscRodzaj><sln:powIIPId>457aa2e8-c963-4adb-b024-813062e39434</sln:powIIPId><sln:powIIPPn>PL.PZGIK.200</sln:powIIPPn><sln:powIIPWersja>2012-09-27T08:58:33+02:00</sln:powIIPWersja><sln:powIdTeryt>1603</sln:powIdTeryt><sln:powNazwa>kędzierzyńsko-kozielski</sln:powNazwa><sln:waznyOd>2013-07-03T00:00:00+02:00</sln:waznyOd><sln:wojIIPId>9bd0c42a-ca40-4b7d-9b5b-81aae3398015</sln:wojIIPId><sln:wojIIPPn>PL.PZGIK.200</sln:wojIIPPn><sln:wojIIPWersja>2017-10-10T00:00:00+02:00</sln:wojIIPWersja><sln:wojIdTeryt>16</sln:wojIdTeryt><sln:wojNazwa>opolskie</sln:wojNazwa></sln:miejscowosc><sln:miejscowosc><sln:cyklZyciaDo>2017-04-12T00:00:00+02:00</sln:cyklZyciaDo><sln:cyklZyciaOd>2016-01-21T00:00:00+01:00</sln:cyklZyciaOd><sln:gmIIPId>b81dcf99-4a0a-4ab8-bcab-dd2d508f73cd</sln:gmIIPId><sln:gmIIPPn>PL.PZGIK.200</sln:gmIIPPn><sln:gmIIPWersja>2012-09-26T21:59:08+02:00</sln:gmIIPWersja><sln:gmIdTeryt>1603042</sln:gmIdTeryt><sln:gmNazwa>Pawłowiczki</sln:gmNazwa><sln:miejscIIPId>b984092c-dca0-47f1-9100-67f7f96169e2</sln:miejscIIPId><sln:miejscIIPPn>PL.PZGIK.200</sln:miejscIIPPn><sln:miejscIIPWersja>2016-11-24T13:20:55+02:00</sln:miejscIIPWersja><sln:miejscIdTeryt>0998180</sln:miejscIdTeryt><sln:miejscNazwa>Krasowa</sln:miejscNazwa><sln:miejscRodzaj>Osada</sln:miejscRodzaj><sln:powIIPId>457aa2e8-c963-4adb-b024-813062e39434</sln:powIIPId><sln:powIIPPn>PL.PZGIK.200</sln:powIIPPn><sln:powIIPWersja>2012-09-27T08:58:33+02:00</sln:powIIPWersja><sln:powIdTeryt>1603</sln:powIdTeryt><sln:powNazwa>kędzierzyńsko-kozielski</sln:powNazwa><sln:waznyOd>2013-07-09T00:00:00+02:00</sln:waznyOd><sln:wojIIPId>9bd0c42a-ca40-4b7d-9b5b-81aae3398015</sln:wojIIPId><sln:wojIIPPn>PL.PZGIK.200</sln:wojIIPPn><sln:wojIIPWersja>2017-10-10T00:00:00+02:00</sln:wojIIPWersja><sln:wojIdTeryt>16</sln:wojIdTeryt><sln:wojNazwa>opolskie</sln:wojNazwa></sln:miejscowosc><sln:miejscowosc><sln:cyklZyciaDo>2017-04-12T00:00:00+02:00</sln:cyklZyciaDo><sln:cyklZyciaOd>2016-01-21T00:00:00+01:00</sln:cyklZyciaOd><sln:gmIIPId>b81dcf99-4a0a-4ab8-bcab-dd2d508f73cd</sln:gmIIPId><sln:gmIIPPn>PL.PZGIK.200</sln:gmIIPPn><sln:gmIIPWersja>2012-09-26T21:59:08+02:00</sln:gmIIPWersja><sln:gmIdTeryt>1603042</sln:gmIdTeryt><sln:gmNazwa>Pawłowiczki</sln:gmNazwa><sln:miejscIIPId>fb2482e2-6125-4751-9b54-23f3df67f3b5</sln:miejscIIPId><sln:miejscIIPPn>PL.PZGIK.200</sln:miejscIIPPn><sln:miejscIIPWersja>2016-11-24T10:46:36+02:00</sln:miejscIIPWersja><sln:miejscIdTeryt>0501660</sln:miejscIdTeryt><sln:miejscNazwa>Ligota Wielka</sln:miejscNazwa><sln:miejscRodzaj>Wieś</sln:miejscRodzaj><sln:powIIPId>457aa2e8-c963-4adb-b024-813062e39434</sln:powIIPId><sln:powIIPPn>PL.PZGIK.200</sln:powIIPPn><sln:powIIPWersja>2012-09-27T08:58:33+02:00</sln:powIIPWersja><sln:powIdTeryt>1603</sln:powIdTeryt><sln:powNazwa>kędzierzyńsko-kozielski</sln:powNazwa><sln:waznyOd>2013-07-03T00:00:00+02:00</sln:waznyOd><sln:wojIIPId>9bd0c42a-ca40-4b7d-9b5b-81aae3398015</sln:wojIIPId><sln:wojIIPPn>PL.PZGIK.200</sln:wojIIPPn><sln:wojIIPWersja>2017-10-10T00:00:00+02:00</sln:wojIIPWersja><sln:wojIdTeryt>16</sln:wojIdTeryt><sln:wojNazwa>opolskie</sln:wojNazwa></sln:miejscowosc><sln:miejscowosc><sln:cyklZyciaDo>2017-04-12T00:00:00+02:00</sln:cyklZyciaDo><sln:cyklZyciaOd>2016-01-21T00:00:00+01:00</sln:cyklZyciaOd><sln:gmIIPId>b81dcf99-4a0a-4ab8-bcab-dd2d508f73cd</sln:gmIIPId><sln:gmIIPPn>PL.PZGIK.200</sln:gmIIPPn><sln:gmIIPWersja>2012-09-26T21:59:08+02:00</sln:gmIIPWersja><sln:gmIdTeryt>1603042</sln:gmIdTeryt><sln:gmNazwa>Pawłowiczki</sln:gmNazwa><sln:miejscIIPId>2f9bbf5c-aaad-449f-859b-9faf91ececfe</sln:miejscIIPId><sln:miejscIIPPn>PL.PZGIK.200</sln:miejscIIPPn><sln:miejscIIPWersja>2016-11-24T10:46:36+02:00</sln:miejscIIPWersja><sln:miejscIdTeryt>0501682</sln:miejscIdTeryt><sln:miejscNazwa>Maciowakrze</sln:miejscNazwa><sln:miejscRodzaj>Wieś</sln:miejscRodzaj><sln:powIIPId>457aa2e8-c963-4adb-b024-813062e39434</sln:powIIPId><sln:powIIPPn>PL.PZGIK.200</sln:powIIPPn><sln:powIIPWersja>2012-09-27T08:58:33+02:00</sln:powIIPWersja><sln:powIdTeryt>1603</sln:powIdTeryt><sln:powNazwa>kędzierzyńsko-kozielski</sln:powNazwa><sln:waznyOd>2013-07-03T00:00:00+02:00</sln:waznyOd><sln:wojIIPId>9bd0c42a-ca40-4b7d-9b5b-81aae3398015</sln:wojIIPId><sln:wojIIPPn>PL.PZGIK.200</sln:wojIIPPn><sln:wojIIPWersja>2017-10-10T00:00:00+02:00</sln:wojIIPWersja><sln:wojIdTeryt>16</sln:wojIdTeryt><sln:wojNazwa>opolskie</sln:wojNazwa></sln:miejscowosc><sln:miejscowosc><sln:cyklZyciaDo>2017-04-12T00:00:00+02:00</sln:cyklZyciaDo><sln:cyklZyciaOd>2016-01-21T00:00:00+01:00</sln:cyklZyciaOd><sln:gmIIPId>b81dcf99-4a0a-4ab8-bcab-dd2d508f73cd</sln:gmIIPId><sln:gmIIPPn>PL.PZGIK.200</sln:gmIIPPn><sln:gmIIPWersja>2012-09-26T21:59:08+02:00</sln:gmIIPWersja><sln:gmIdTeryt>1603042</sln:gmIdTeryt><sln:gmNazwa>Pawłowiczki</sln:gmNazwa><sln:miejscIIPId>e2527c7e-4d7a-414e-9705-36a907fb4f67</sln:miejscIIPId><sln:miejscIIPPn>PL.PZGIK.200</sln:miejscIIPPn><sln:miejscIIPWersja>2016-11-24T10:46:36+02:00</sln:miejscIIPWersja><sln:miejscIdTeryt>0501699</sln:miejscIdTeryt><sln:miejscNazwa>Mierzęcin</sln:miejscNazwa><sln:miejscRodzaj>Wieś</sln:miejscRodzaj><sln:powIIPId>457aa2e8-c963-4adb-b024-813062e39434</sln:powIIPId><sln:powIIPPn>PL.PZGIK.200</sln:powIIPPn><sln:powIIPWersja>2012-09-27T08:58:33+02:00</sln:powIIPWersja><sln:powIdTeryt>1603</sln:powIdTeryt><sln:powNazwa>kędzierzyńsko-kozielski</sln:powNazwa><sln:waznyOd>2013-07-03T00:00:00+02:00</sln:waznyOd><sln:wojIIPId>9bd0c42a-ca40-4b7d-9b5b-81aae3398015</sln:wojIIPId><sln:wojIIPPn>PL.PZGIK.200</sln:wojIIPPn><sln:wojIIPWersja>2017-10-10T00:00:00+02:00</sln:wojIIPWersja><sln:wojIdTeryt>16</sln:wojIdTeryt><sln:wojNazwa>opolskie</sln:wojNazwa></sln:miejscowosc><sln:miejscowosc><sln:cyklZyciaDo>2017-04-12T00:00:00+02:00</sln:cyklZyciaDo><sln:cyklZyciaOd>2016-01-21T00:00:00+01:00</sln:cyklZyciaOd><sln:gmIIPId>b81dcf99-4a0a-4ab8-bcab-dd2d508f73cd</sln:gmIIPId><sln:gmIIPPn>PL.PZGIK.200</sln:gmIIPPn><sln:gmIIPWersja>2012-09-26T21:59:08+02:00</sln:gmIIPWersja><sln:gmIdTeryt>1603042</sln:gmIdTeryt><sln:gmNazwa>Pawłowiczki</sln:gmNazwa><sln:miejscIIPId>e1a94750-9409-4a1b-9973-e2c16cf460ac</sln:miejscIIPId><sln:miejscIIPPn>PL.PZGIK.200</sln:miejscIIPPn><sln:miejscIIPWersja>2016-11-24T10:46:36+02:00</sln:miejscIIPWersja><sln:miejscIdTeryt>0501713</sln:miejscIdTeryt><sln:miejscNazwa>Milice</sln:miejscNazwa><sln:miejscRodzaj>Wieś</sln:miejscRodzaj><sln:powIIPId>457aa2e8-c963-4adb-b024-813062e39434</sln:powIIPId><sln:powIIPPn>PL.PZGIK.200</sln:powIIPPn><sln:powIIPWersja>2012-09-27T08:58:33+02:00</sln:powIIPWersja><sln:powIdTeryt>1603</sln:powIdTeryt><sln:powNazwa>kędzierzyńsko-kozielski</sln:powNazwa><sln:waznyOd>2013-07-03T00:00:00+02:00</sln:waznyOd><sln:wojIIPId>9bd0c42a-ca40-4b7d-9b5b-81aae3398015</sln:wojIIPId><sln:wojIIPPn>PL.PZGIK.200</sln:wojIIPPn><sln:wojIIPWersja>2017-10-10T00:00:00+02:00</sln:wojIIPWersja><sln:wojIdTeryt>16</sln:wojIdTeryt><sln:wojNazwa>opolskie</sln:wojNazwa></sln:miejscowosc><sln:miejscowosc><sln:cyklZyciaDo>2017-04-12T00:00:00+02:00</sln:cyklZyciaDo><sln:cyklZyciaOd>2016-01-21T00:00:00+01:00</sln:cyklZyciaOd><sln:gmIIPId>b81dcf99-4a0a-4ab8-bcab-dd2d508f73cd</sln:gmIIPId><sln:gmIIPPn>PL.PZGIK.200</sln:gmIIPPn><sln:gmIIPWersja>2012-09-26T21:59:08+02:00</sln:gmIIPWersja><sln:gmIdTeryt>1603042</sln:gmIdTeryt><sln:gmNazwa>Pawłowiczki</sln:gmNazwa><sln:miejscIIPId>533e3b8d-ed33-4228-8bfc-f7195ffa7d1e</sln:miejscIIPId><sln:miejscIIPPn>PL.PZGIK.200</sln:miejscIIPPn><sln:miejscIIPWersja>2016-11-24T10:46:36+02:00</sln:miejscIIPWersja><sln:miejscIdTeryt>0501720</sln:miejscIdTeryt><sln:miejscNazwa>Naczęsławice</sln:miejscNazwa><sln:miejscRodzaj>Wieś</sln:miejscRodzaj><sln:powIIPId>457aa2e8-c963-4adb-b024-813062e39434</sln:powIIPId><sln:powIIPPn>PL.PZGIK.200</sln:powIIPPn><sln:powIIPWersja>2012-09-27T08:58:33+02:00</sln:powIIPWersja><sln:powIdTeryt>1603</sln:powIdTeryt><sln:powNazwa>kędzierzyńsko-kozielski</sln:powNazwa><sln:waznyOd>2013-07-03T00:00:00+02:00</sln:waznyOd><sln:wojIIPId>9bd0c42a-ca40-4b7d-9b5b-81aae3398015</sln:wojIIPId><sln:wojIIPPn>PL.PZGIK.200</sln:wojIIPPn><sln:wojIIPWersja>2017-10-10T00:00:00+02:00</sln:wojIIPWersja><sln:wojIdTeryt>16</sln:wojIdTeryt><sln:wojNazwa>opolskie</sln:wojNazwa></sln:miejscowosc><sln:miejscowosc><sln:cyklZyciaDo>2017-04-12T00:00:00+02:00</sln:cyklZyciaDo><sln:cyklZyciaOd>2016-01-21T00:00:00+01:00</sln:cyklZyciaOd><sln:gmIIPId>b81dcf99-4a0a-4ab8-bcab-dd2d508f73cd</sln:gmIIPId><sln:gmIIPPn>PL.PZGIK.200</sln:gmIIPPn><sln:gmIIPWersja>2012-09-26T21:59:08+02:00</sln:gmIIPWersja><sln:gmIdTeryt>1603042</sln:gmIdTeryt><sln:gmNazwa>Pawłowiczki</sln:gmNazwa><sln:miejscIIPId>1c22048b-895e-475c-a9bf-c4217f9f833c</sln:miejscIIPId><sln:miejscIIPPn>PL.PZGIK.200</sln:miejscIIPPn><sln:miejscIIPWersja>2016-11-24T10:46:36+02:00</sln:miejscIIPWersja><sln:miejscIdTeryt>0501788</sln:miejscIdTeryt><sln:miejscNazwa>Opatrzność</sln:miejscNazwa><sln:miejscRodzaj>Przysiółek</sln:miejscRodzaj><sln:powIIPId>457aa2e8-c963-4adb-b024-813062e39434</sln:powIIPId><sln:powIIPPn>PL.PZGIK.200</sln:powIIPPn><sln:powIIPWersja>2012-09-27T08:58:33+02:00</sln:powIIPWersja><sln:powIdTeryt>1603</sln:powIdTeryt><sln:powNazwa>kędzierzyńsko-kozielski</sln:powNazwa><sln:waznyOd>2013-07-09T00:00:00+02:00</sln:waznyOd><sln:wojIIPId>9bd0c42a-ca40-4b7d-9b5b-81aae3398015</sln:wojIIPId><sln:wojIIPPn>PL.PZGIK.200</sln:wojIIPPn><sln:wojIIPWersja>2017-10-10T00:00:00+02:00</sln:wojIIPWersja><sln:wojIdTeryt>16</sln:wojIdTeryt><sln:wojNazwa>opolskie</sln:wojNazwa></sln:miejscowosc><sln:miejscowosc><sln:cyklZyciaDo>2017-04-12T00:00:00+02:00</sln:cyklZyciaDo><sln:cyklZyciaOd>2016-01-21T00:00:00+01:00</sln:cyklZyciaOd><sln:gmIIPId>b81dcf99-4a0a-4ab8-bcab-dd2d508f73cd</sln:gmIIPId><sln:gmIIPPn>PL.PZGIK.200</sln:gmIIPPn><sln:gmIIPWersja>2012-09-26T21:59:08+02:00</sln:gmIIPWersja><sln:gmIdTeryt>1603042</sln:gmIdTeryt><sln:gmNazwa>Pawłowiczki</sln:gmNazwa><sln:miejscIIPId>7d6feaad-33a1-49d7-b384-f9f6c90e855d</sln:miejscIIPId><sln:miejscIIPPn>PL.PZGIK.200</sln:miejscIIPPn><sln:miejscIIPWersja>2016-11-24T10:46:36+02:00</sln:miejscIIPWersja><sln:miejscIdTeryt>0501736</sln:miejscIdTeryt><sln:miejscNazwa>Ostrożnica</sln:miejscNazwa><sln:miejscRodzaj>Wieś</sln:miejscRodzaj><sln:powIIPId>457aa2e8-c963-4adb-b024-813062e39434</sln:powIIPId><sln:powIIPPn>PL.PZGIK.200</sln:powIIPPn><sln:powIIPWersja>2012-09-27T08:58:33+02:00</sln:powIIPWersja><sln:powIdTeryt>1603</sln:powIdTeryt><sln:powNazwa>kędzierzyńsko-kozielski</sln:powNazwa><sln:waznyOd>2013-07-03T00:00:00+02:00</sln:waznyOd><sln:wojIIPId>9bd0c42a-ca40-4b7d-9b5b-81aae3398015</sln:wojIIPId><sln:wojIIPPn>PL.PZGIK.200</sln:wojIIPPn><sln:wojIIPWersja>2017-10-10T00:00:00+02:00</sln:wojIIPWersja><sln:wojIdTeryt>16</sln:wojIdTeryt><sln:wojNazwa>opolskie</sln:wojNazwa></sln:miejscowosc><sln:miejscowosc><sln:cyklZyciaDo>2017-04-12T00:00:00+02:00</sln:cyklZyciaDo><sln:cyklZyciaOd>2016-01-21T00:00:00+01:00</sln:cyklZyciaOd><sln:gmIIPId>b81dcf99-4a0a-4ab8-bcab-dd2d508f73cd</sln:gmIIPId><sln:gmIIPPn>PL.PZGIK.200</sln:gmIIPPn><sln:gmIIPWersja>2012-09-26T21:59:08+02:00</sln:gmIIPWersja><sln:gmIdTeryt>1603042</sln:gmIdTeryt><sln:gmNazwa>Pawłowiczki</sln:gmNazwa><sln:miejscIIPId>26575949-2181-4ae4-8ad1-036b3f09c9cd</sln:miejscIIPId><sln:miejscIIPPn>PL.PZGIK.200</sln:miejscIIPPn><sln:miejscIIPWersja>2016-11-24T10:46:36+02:00</sln:miejscIIPWersja><sln:miejscIdTeryt>0501742</sln:miejscIdTeryt><sln:miejscNazwa>Pawłowiczki</sln:miejscNazwa><sln:miejscRodzaj>Wieś</sln:miejscRodzaj><sln:powIIPId>457aa2e8-c963-4adb-b024-813062e39434</sln:powIIPId><sln:powIIPPn>PL.PZGIK.200</sln:powIIPPn><sln:powIIPWersja>2012-09-27T08:58:33+02:00</sln:powIIPWersja><sln:powIdTeryt>1603</sln:powIdTeryt><sln:powNazwa>kędzierzyńsko-kozielski</sln:powNazwa><sln:waznyOd>2013-07-03T00:00:00+02:00</sln:waznyOd><sln:wojIIPId>9bd0c42a-ca40-4b7d-9b5b-81aae3398015</sln:wojIIPId><sln:wojIIPPn>PL.PZGIK.200</sln:wojIIPPn><sln:wojIIPWersja>2017-10-10T00:00:00+02:00</sln:wojIIPWersja><sln:wojIdTeryt>16</sln:wojIdTeryt><sln:wojNazwa>opolskie</sln:wojNazwa></sln:miejscowosc><sln:miejscowosc><sln:cyklZyciaDo>2017-04-12T00:00:00+02:00</sln:cyklZyciaDo><sln:cyklZyciaOd>2016-01-21T00:00:00+01:00</sln:cyklZyciaOd><sln:gmIIPId>b81dcf99-4a0a-4ab8-bcab-dd2d508f73cd</sln:gmIIPId><sln:gmIIPPn>PL.PZGIK.200</sln:gmIIPPn><sln:gmIIPWersja>2012-09-26T21:59:08+02:00</sln:gmIIPWersja><sln:gmIdTeryt>1603042</sln:gmIdTeryt><sln:gmNazwa>Pawłowiczki</sln:gmNazwa><sln:miejscIIPId>76a686ce-dd85-475c-b16b-0673d78f85a1</sln:miejscIIPId><sln:miejscIIPPn>PL.PZGIK.200</sln:miejscIIPPn><sln:miejscIIPWersja>2016-11-24T10:46:36+02:00</sln:miejscIIPWersja><sln:miejscIdTeryt>0501794</sln:miejscIdTeryt><sln:miejscNazwa>Przedborowice</sln:miejscNazwa><sln:miejscRodzaj>Wieś</sln:miejscRodzaj><sln:powIIPId>457aa2e8-c963-4adb-b024-813062e39434</sln:powIIPId><sln:powIIPPn>PL.PZGIK.200</sln:powIIPPn><sln:powIIPWersja>2012-09-27T08:58:33+02:00</sln:powIIPWersja><sln:powIdTeryt>1603</sln:powIdTeryt><sln:powNazwa>kędzierzyńsko-kozielski</sln:powNazwa><sln:waznyOd>2013-07-03T00:00:00+02:00</sln:waznyOd><sln:wojIIPId>9bd0c42a-ca40-4b7d-9b5b-81aae3398015</sln:wojIIPId><sln:wojIIPPn>PL.PZGIK.200</sln:wojIIPPn><sln:wojIIPWersja>2017-10-10T00:00:00+02:00</sln:wojIIPWersja><sln:wojIdTeryt>16</sln:wojIdTeryt><sln:wojNazwa>opolskie</sln:wojNazwa></sln:miejscowosc><sln:miejscowosc><sln:cyklZyciaDo>2017-04-12T00:00:00+02:00</sln:cyklZyciaDo><sln:cyklZyciaOd>2016-01-21T00:00:00+01:00</sln:cyklZyciaOd><sln:gmIIPId>b81dcf99-4a0a-4ab8-bcab-dd2d508f73cd</sln:gmIIPId><sln:gmIIPPn>PL.PZGIK.200</sln:gmIIPPn><sln:gmIIPWersja>2012-09-26T21:59:08+02:00</sln:gmIIPWersja><sln:gmIdTeryt>1603042</sln:gmIdTeryt><sln:gmNazwa>Pawłowiczki</sln:gmNazwa><sln:miejscIIPId>006a3fd3-dfdd-4a57-93fd-cd30b3f01600</sln:miejscIIPId><sln:miejscIIPPn>PL.PZGIK.200</sln:miejscIIPPn><sln:miejscIIPWersja>2016-11-24T10:46:36+02:00</sln:miejscIIPWersja><sln:miejscIdTeryt>0501802</sln:miejscIdTeryt><sln:miejscNazwa>Radoszowy</sln:miejscNazwa><sln:miejscRodzaj>Wieś</sln:miejscRodzaj><sln:powIIPId>457aa2e8-c963-4adb-b024-813062e39434</sln:powIIPId><sln:powIIPPn>PL.PZGIK.200</sln:powIIPPn><sln:powIIPWersja>2012-09-27T08:58:33+02:00</sln:powIIPWersja><sln:powIdTeryt>1603</sln:powIdTeryt><sln:powNazwa>kędzierzyńsko-kozielski</sln:powNazwa><sln:waznyOd>2013-07-03T00:00:00+02:00</sln:waznyOd><sln:wojIIPId>9bd0c42a-ca40-4b7d-9b5b-81aae3398015</sln:wojIIPId><sln:wojIIPPn>PL.PZGIK.200</sln:wojIIPPn><sln:wojIIPWersja>2017-10-10T00:00:00+02:00</sln:wojIIPWersja><sln:wojIdTeryt>16</sln:wojIdTeryt><sln:wojNazwa>opolskie</sln:wojNazwa></sln:miejscowosc><sln:miejscowosc><sln:cyklZyciaDo>2017-04-12T00:00:00+02:00</sln:cyklZyciaDo><sln:cyklZyciaOd>2016-01-21T00:00:00+01:00</sln:cyklZyciaOd><sln:gmIIPId>b81dcf99-4a0a-4ab8-bcab-dd2d508f73cd</sln:gmIIPId><sln:gmIIPPn>PL.PZGIK.200</sln:gmIIPPn><sln:gmIIPWersja>2012-09-26T21:59:08+02:00</sln:gmIIPWersja><sln:gmIdTeryt>1603042</sln:gmIdTeryt><sln:gmNazwa>Pawłowiczki</sln:gmNazwa><sln:miejscIIPId>99b0b62d-1062-4673-9996-9b4135732b36</sln:miejscIIPId><sln:miejscIIPPn>PL.PZGIK.200</sln:miejscIIPPn><sln:miejscIIPWersja>2016-11-24T10:46:36+02:00</sln:miejscIIPWersja><sln:miejscIdTeryt>0501759</sln:miejscIdTeryt><sln:miejscNazwa>Rzeczyce</sln:miejscNazwa><sln:miejscRodzaj>Inny obiekt</sln:miejscRodzaj><sln:powIIPId>457aa2e8-c963-4adb-b024-813062e39434</sln:powIIPId><sln:powIIPPn>PL.PZGIK.200</sln:powIIPPn><sln:powIIPWersja>2012-09-27T08:58:33+02:00</sln:powIIPWersja><sln:powIdTeryt>1603</sln:powIdTeryt><sln:powNazwa>kędzierzyńsko-kozielski</sln:powNazwa><sln:waznyOd>2013-07-09T00:00:00+02:00</sln:waznyOd><sln:wojIIPId>9bd0c42a-ca40-4b7d-9b5b-81aae3398015</sln:wojIIPId><sln:wojIIPPn>PL.PZGIK.200</sln:wojIIPPn><sln:wojIIPWersja>2017-10-10T00:00:00+02:00</sln:wojIIPWersja><sln:wojIdTeryt>16</sln:wojIdTeryt><sln:wojNazwa>opolskie</sln:wojNazwa></sln:miejscowosc><sln:miejscowosc><sln:cyklZyciaDo>2017-04-12T00:00:00+02:00</sln:cyklZyciaDo><sln:cyklZyciaOd>2016-01-21T00:00:00+01:00</sln:cyklZyciaOd><sln:gmIIPId>b81dcf99-4a0a-4ab8-bcab-dd2d508f73cd</sln:gmIIPId><sln:gmIIPPn>PL.PZGIK.200</sln:gmIIPPn><sln:gmIIPWersja>2012-09-26T21:59:08+02:00</sln:gmIIPWersja><sln:gmIdTeryt>1603042</sln:gmIdTeryt><sln:gmNazwa>Pawłowiczki</sln:gmNazwa><sln:miejscIIPId>7f284f6a-d18d-4be5-9f97-416b0581d13b</sln:miejscIIPId><sln:miejscIIPPn>PL.PZGIK.200</sln:miejscIIPPn><sln:miejscIIPWersja>2016-11-24T10:46:36+02:00</sln:miejscIIPWersja><sln:miejscIdTeryt>0501819</sln:miejscIdTeryt><sln:miejscNazwa>Trawniki</sln:miejscNazwa><sln:miejscRodzaj>Wieś</sln:miejscRodzaj><sln:powIIPId>457aa2e8-c963-4adb-b024-813062e39434</sln:powIIPId><sln:powIIPPn>PL.PZGIK.200</sln:powIIPPn><sln:powIIPWersja>2012-09-27T08:58:33+02:00</sln:powIIPWersja><sln:powIdTeryt>1603</sln:powIdTeryt><sln:powNazwa>kędzierzyńsko-kozielski</sln:powNazwa><sln:waznyOd>2013-07-03T00:00:00+02:00</sln:waznyOd><sln:wojIIPId>9bd0c42a-ca40-4b7d-9b5b-81aae3398015</sln:wojIIPId><sln:wojIIPPn>PL.PZGIK.200</sln:wojIIPPn><sln:wojIIPWersja>2017-10-10T00:00:00+02:00</sln:wojIIPWersja><sln:wojIdTeryt>16</sln:wojIdTeryt><sln:wojNazwa>opolskie</sln:wojNazwa></sln:miejscowosc><sln:miejscowosc><sln:cyklZyciaDo>2017-04-12T00:00:00+02:00</sln:cyklZyciaDo><sln:cyklZyciaOd>2016-01-21T00:00:00+01:00</sln:cyklZyciaOd><sln:gmIIPId>b81dcf99-4a0a-4ab8-bcab-dd2d508f73cd</sln:gmIIPId><sln:gmIIPPn>PL.PZGIK.200</sln:gmIIPPn><sln:gmIIPWersja>2012-09-26T21:59:08+02:00</sln:gmIIPWersja><sln:gmIdTeryt>1603042</sln:gmIdTeryt><sln:gmNazwa>Pawłowiczki</sln:gmNazwa><sln:miejscIIPId>6c8da6b8-8550-4894-b005-1be8688f05c8</sln:miejscIIPId><sln:miejscIIPPn>PL.PZGIK.200</sln:miejscIIPPn><sln:miejscIIPWersja>2016-11-24T13:20:55+02:00</sln:miejscIIPWersja><sln:miejscIdTeryt>0998197</sln:miejscIdTeryt><sln:miejscNazwa>Uciecha</sln:miejscNazwa><sln:miejscRodzaj>Przysiółek</sln:miejscRodzaj><sln:powIIPId>457aa2e8-c963-4adb-b024-813062e39434</sln:powIIPId><sln:powIIPPn>PL.PZGIK.200</sln:powIIPPn><sln:powIIPWersja>2012-09-27T08:58:33+02:00</sln:powIIPWersja><sln:powIdTeryt>1603</sln:powIdTeryt><sln:powNazwa>kędzierzyńsko-kozielski</sln:powNazwa><sln:waznyOd>2013-07-09T00:00:00+02:00</sln:waznyOd><sln:wojIIPId>9bd0c42a-ca40-4b7d-9b5b-81aae3398015</sln:wojIIPId><sln:wojIIPPn>PL.PZGIK.200</sln:wojIIPPn><sln:wojIIPWersja>2017-10-10T00:00:00+02:00</sln:wojIIPWersja><sln:wojIdTeryt>16</sln:wojIdTeryt><sln:wojNazwa>opolskie</sln:wojNazwa></sln:miejscowosc><sln:miejscowosc><sln:cyklZyciaDo>2017-04-12T00:00:00+02:00</sln:cyklZyciaDo><sln:cyklZyciaOd>2016-01-21T00:00:00+01:00</sln:cyklZyciaOd><sln:gmIIPId>b81dcf99-4a0a-4ab8-bcab-dd2d508f73cd</sln:gmIIPId><sln:gmIIPPn>PL.PZGIK.200</sln:gmIIPPn><sln:gmIIPWersja>2012-09-26T21:59:08+02:00</sln:gmIIPWersja><sln:gmIdTeryt>1603042</sln:gmIdTeryt><sln:gmNazwa>Pawłowiczki</sln:gmNazwa><sln:miejscIIPId>89125ff7-817b-4e12-af8e-973e2ae76e79</sln:miejscIIPId><sln:miejscIIPPn>PL.PZGIK.200</sln:miejscIIPPn><sln:miejscIIPWersja>2016-11-24T10:46:36+02:00</sln:miejscIIPWersja><sln:miejscIdTeryt>0501825</sln:miejscIdTeryt><sln:miejscNazwa>Ucieszków</sln:miejscNazwa><sln:miejscRodzaj>Wieś</sln:miejscRodzaj><sln:powIIPId>457aa2e8-c963-4adb-b024-813062e39434</sln:powIIPId><sln:powIIPPn>PL.PZGIK.200</sln:powIIPPn><sln:powIIPWersja>2012-09-27T08:58:33+02:00</sln:powIIPWersja><sln:powIdTeryt>1603</sln:powIdTeryt><sln:powNazwa>kędzierzyńsko-kozielski</sln:powNazwa><sln:waznyOd>2013-07-03T00:00:00+02:00</sln:waznyOd><sln:wojIIPId>9bd0c42a-ca40-4b7d-9b5b-81aae3398015</sln:wojIIPId><sln:wojIIPPn>PL.PZGIK.200</sln:wojIIPPn><sln:wojIIPWersja>2017-10-10T00:00:00+02:00</sln:wojIIPWersja><sln:wojIdTeryt>16</sln:wojIdTeryt><sln:wojNazwa>opolskie</sln:wojNazwa></sln:miejscowosc><sln:miejscowosc><sln:cyklZyciaDo>2017-04-12T00:00:00+02:00</sln:cyklZyciaDo><sln:cyklZyciaOd>2016-01-21T00:00:00+01:00</sln:cyklZyciaOd><sln:gmIIPId>b81dcf99-4a0a-4ab8-bcab-dd2d508f73cd</sln:gmIIPId><sln:gmIIPPn>PL.PZGIK.200</sln:gmIIPPn><sln:gmIIPWersja>2012-09-26T21:59:08+02:00</sln:gmIIPWersja><sln:gmIdTeryt>1603042</sln:gmIdTeryt><sln:gmNazwa>Pawłowiczki</sln:gmNazwa><sln:miejscIIPId>c2cbabe9-1b8b-4d94-ba56-d96ea10eead0</sln:miejscIIPId><sln:miejscIIPPn>PL.PZGIK.200</sln:miejscIIPPn><sln:miejscIIPWersja>2016-11-24T10:46:36+02:00</sln:miejscIIPWersja><sln:miejscIdTeryt>0501831</sln:miejscIdTeryt><sln:miejscNazwa>Urbanowice</sln:miejscNazwa><sln:miejscRodzaj>Wieś</sln:miejscRodzaj><sln:powIIPId>457aa2e8-c963-4adb-b024-813062e39434</sln:powIIPId><sln:powIIPPn>PL.PZGIK.200</sln:powIIPPn><sln:powIIPWersja>2012-09-27T08:58:33+02:00</sln:powIIPWersja><sln:powIdTeryt>1603</sln:powIdTeryt><sln:powNazwa>kędzierzyńsko-kozielski</sln:powNazwa><sln:waznyOd>2013-07-03T00:00:00+02:00</sln:waznyOd><sln:wojIIPId>9bd0c42a-ca40-4b7d-9b5b-81aae3398015</sln:wojIIPId><sln:wojIIPPn>PL.PZGIK.200</sln:wojIIPPn><sln:wojIIPWersja>2017-10-10T00:00:00+02:00</sln:wojIIPWersja><sln:wojIdTeryt>16</sln:wojIdTeryt><sln:wojNazwa>opolskie</sln:wojNazwa></sln:miejscowosc><sln:miejscowosc><sln:cyklZyciaDo>2017-04-12T00:00:00+02:00</sln:cyklZyciaDo><sln:cyklZyciaOd>2016-01-21T00:00:00+01:00</sln:cyklZyciaOd><sln:gmIIPId>b81dcf99-4a0a-4ab8-bcab-dd2d508f73cd</sln:gmIIPId><sln:gmIIPPn>PL.PZGIK.200</sln:gmIIPPn><sln:gmIIPWersja>2012-09-26T21:59:08+02:00</sln:gmIIPWersja><sln:gmIdTeryt>1603042</sln:gmIdTeryt><sln:gmNazwa>Pawłowiczki</sln:gmNazwa><sln:miejscIIPId>c0715b5f-a944-49de-92bb-084a52af25fb</sln:miejscIIPId><sln:miejscIIPPn>PL.PZGIK.200</sln:miejscIIPPn><sln:miejscIIPWersja>2016-11-24T10:46:36+02:00</sln:miejscIIPWersja><sln:miejscIdTeryt>0501765</sln:miejscIdTeryt><sln:miejscNazwa>Warmuntowice</sln:miejscNazwa><sln:miejscRodzaj>Inny obiekt</sln:miejscRodzaj><sln:powIIPId>457aa2e8-c963-4adb-b024-813062e39434</sln:powIIPId><sln:powIIPPn>PL.PZGIK.200</sln:powIIPPn><sln:powIIPWersja>2012-09-27T08:58:33+02:00</sln:powIIPWersja><sln:powIdTeryt>1603</sln:powIdTeryt><sln:powNazwa>kędzierzyńsko-kozielski</sln:powNazwa><sln:waznyOd>2013-07-09T00:00:00+02:00</sln:waznyOd><sln:wojIIPId>9bd0c42a-ca40-4b7d-9b5b-81aae3398015</sln:wojIIPId><sln:wojIIPPn>PL.PZGIK.200</sln:wojIIPPn><sln:wojIIPWersja>2017-10-10T00:00:00+02:00</sln:wojIIPWersja><sln:wojIdTeryt>16</sln:wojIdTeryt><sln:wojNazwa>opolskie</sln:wojNazwa></sln:miejscowosc><sln:miejscowosc><sln:cyklZyciaOd>2017-04-12T00:00:00+02:00</sln:cyklZyciaOd><sln:gmIIPId>b81dcf99-4a0a-4ab8-bcab-dd2d508f73cd</sln:gmIIPId><sln:gmIIPPn>PL.PZGIK.200</sln:gmIIPPn><sln:gmIIPWersja>2012-09-26T21:59:08+02:00</sln:gmIIPWersja><sln:gmIdTeryt>1603042</sln:gmIdTeryt><sln:gmNazwa>Pawłowiczki</sln:gmNazwa><sln:miejscIIPId>a5fefa23-5cce-417b-97af-96705500105e</sln:miejscIIPId><sln:miejscIIPPn>PL.PZGIK.200</sln:miejscIIPPn><sln:miejscIIPWersja>2017-04-12T13:37:17+02:00</sln:miejscIIPWersja><sln:miejscIdTeryt>0501558</sln:miejscIdTeryt><sln:miejscNazwa>Borzysławice</sln:miejscNazwa><sln:miejscRodzaj>Wieś</sln:miejscRodzaj><sln:powIIPId>457aa2e8-c963-4adb-b024-813062e39434</sln:powIIPId><sln:powIIPPn>PL.PZGIK.200</sln:powIIPPn><sln:powIIPWersja>2012-09-27T08:58:33+02:00</sln:powIIPWersja><sln:powIdTeryt>1603</sln:powIdTeryt><sln:powNazwa>kędzierzyńsko-kozielski</sln:powNazwa><sln:waznyOd>2013-07-03T00:00:00+02:00</sln:waznyOd><sln:wojIIPId>9bd0c42a-ca40-4b7d-9b5b-81aae3398015</sln:wojIIPId><sln:wojIIPPn>PL.PZGIK.200</sln:wojIIPPn><sln:wojIIPWersja>2017-10-10T00:00:00+02:00</sln:wojIIPWersja><sln:wojIdTeryt>16</sln:wojIdTeryt><sln:wojNazwa>opolskie</sln:wojNazwa></sln:miejscowosc><sln:miejscowosc><sln:cyklZyciaOd>2017-04-12T00:00:00+02:00</sln:cyklZyciaOd><sln:gmIIPId>b81dcf99-4a0a-4ab8-bcab-dd2d508f73cd</sln:gmIIPId><sln:gmIIPPn>PL.PZGIK.200</sln:gmIIPPn><sln:gmIIPWersja>2012-09-26T21:59:08+02:00</sln:gmIIPWersja><sln:gmIdTeryt>1603042</sln:gmIdTeryt><sln:gmNazwa>Pawłowiczki</sln:gmNazwa><sln:miejscIIPId>c6d4bb84-a6f1-4295-a852-25759e9f08af</sln:miejscIIPId><sln:miejscIIPPn>PL.PZGIK.200</sln:miejscIIPPn><sln:miejscIIPWersja>2017-04-12T13:37:24+02:00</sln:miejscIIPWersja><sln:miejscIdTeryt>0501564</sln:miejscIdTeryt><sln:miejscNazwa>Chrósty</sln:miejscNazwa><sln:miejscRodzaj>Wieś</sln:miejscRodzaj><sln:powIIPId>457aa2e8-c963-4adb-b024-813062e39434</sln:powIIPId><sln:powIIPPn>PL.PZGIK.200</sln:powIIPPn><sln:powIIPWersja>2012-09-27T08:58:33+02:00</sln:powIIPWersja><sln:powIdTeryt>1603</sln:powIdTeryt><sln:powNazwa>kędzierzyńsko-kozielski</sln:powNazwa><sln:waznyOd>2013-07-03T00:00:00+02:00</sln:waznyOd><sln:wojIIPId>9bd0c42a-ca40-4b7d-9b5b-81aae3398015</sln:wojIIPId><sln:wojIIPPn>PL.PZGIK.200</sln:wojIIPPn><sln:wojIIPWersja>2017-10-10T00:00:00+02:00</sln:wojIIPWersja><sln:wojIdTeryt>16</sln:wojIdTeryt><sln:wojNazwa>opolskie</sln:wojNazwa></sln:miejscowosc><sln:miejscowosc><sln:cyklZyciaOd>2017-04-12T00:00:00+02:00</sln:cyklZyciaOd><sln:gmIIPId>b81dcf99-4a0a-4ab8-bcab-dd2d508f73cd</sln:gmIIPId><sln:gmIIPPn>PL.PZGIK.200</sln:gmIIPPn><sln:gmIIPWersja>2012-09-26T21:59:08+02:00</sln:gmIIPWersja><sln:gmIdTeryt>1603042</sln:gmIdTeryt><sln:gmNazwa>Pawłowiczki</sln:gmNazwa><sln:miejscIIPId>8d9fad8f-b90a-4ae8-a6b5-8acb9dd9a964</sln:miejscIIPId><sln:miejscIIPPn>PL.PZGIK.200</sln:miejscIIPPn><sln:miejscIIPWersja>2017-04-12T13:37:24+02:00</sln:miejscIIPWersja><sln:miejscIdTeryt>0501570</sln:miejscIdTeryt><sln:miejscNazwa>Dobieszów</sln:miejscNazwa><sln:miejscRodzaj>Wieś</sln:miejscRodzaj><sln:powIIPId>457aa2e8-c963-4adb-b024-813062e39434</sln:powIIPId><sln:powIIPPn>PL.PZGIK.200</sln:powIIPPn><sln:powIIPWersja>2012-09-27T08:58:33+02:00</sln:powIIPWersja><sln:powIdTeryt>1603</sln:powIdTeryt><sln:powNazwa>kędzierzyńsko-kozielski</sln:powNazwa><sln:waznyOd>2013-07-03T00:00:00+02:00</sln:waznyOd><sln:wojIIPId>9bd0c42a-ca40-4b7d-9b5b-81aae3398015</sln:wojIIPId><sln:wojIIPPn>PL.PZGIK.200</sln:wojIIPPn><sln:wojIIPWersja>2017-10-10T00:00:00+02:00</sln:wojIIPWersja><sln:wojIdTeryt>16</sln:wojIdTeryt><sln:wojNazwa>opolskie</sln:wojNazwa></sln:miejscowosc><sln:miejscowosc><sln:cyklZyciaOd>2017-04-12T00:00:00+02:00</sln:cyklZyciaOd><sln:gmIIPId>b81dcf99-4a0a-4ab8-bcab-dd2d508f73cd</sln:gmIIPId><sln:gmIIPPn>PL.PZGIK.200</sln:gmIIPPn><sln:gmIIPWersja>2012-09-26T21:59:08+02:00</sln:gmIIPWersja><sln:gmIdTeryt>1603042</sln:gmIdTeryt><sln:gmNazwa>Pawłowiczki</sln:gmNazwa><sln:miejscIIPId>0b14f748-baee-46bf-939f-d1b236a93504</sln:miejscIIPId><sln:miejscIIPPn>PL.PZGIK.200</sln:miejscIIPPn><sln:miejscIIPWersja>2017-04-12T13:37:25+02:00</sln:miejscIIPWersja><sln:miejscIdTeryt>0501587</sln:miejscIdTeryt><sln:miejscNazwa>Dobrosławice</sln:miejscNazwa><sln:miejscRodzaj>Wieś</sln:miejscRodzaj><sln:powIIPId>457aa2e8-c963-4adb-b024-813062e39434</sln:powIIPId><sln:powIIPPn>PL.PZGIK.200</sln:powIIPPn><sln:powIIPWersja>2012-09-27T08:58:33+02:00</sln:powIIPWersja><sln:powIdTeryt>1603</sln:powIdTeryt><sln:powNazwa>kędzierzyńsko-kozielski</sln:powNazwa><sln:waznyOd>2013-07-03T00:00:00+02:00</sln:waznyOd><sln:wojIIPId>9bd0c42a-ca40-4b7d-9b5b-81aae3398015</sln:wojIIPId><sln:wojIIPPn>PL.PZGIK.200</sln:wojIIPPn><sln:wojIIPWersja>2017-10-10T00:00:00+02:00</sln:wojIIPWersja><sln:wojIdTeryt>16</sln:wojIdTeryt><sln:wojNazwa>opolskie</sln:wojNazwa></sln:miejscowosc><sln:miejscowosc><sln:cyklZyciaOd>2017-04-12T00:00:00+02:00</sln:cyklZyciaOd><sln:gmIIPId>b81dcf99-4a0a-4ab8-bcab-dd2d508f73cd</sln:gmIIPId><sln:gmIIPPn>PL.PZGIK.200</sln:gmIIPPn><sln:gmIIPWersja>2012-09-26T21:59:08+02:00</sln:gmIIPWersja><sln:gmIdTeryt>1603042</sln:gmIdTeryt><sln:gmNazwa>Pawłowiczki</sln:gmNazwa><sln:miejscIIPId>193fbbe3-ecd2-460b-ac06-f27f27acc614</sln:miejscIIPId><sln:miejscIIPPn>PL.PZGIK.200</sln:miejscIIPPn><sln:miejscIIPWersja>2017-04-12T13:37:25+02:00</sln:miejscIIPWersja><sln:miejscIdTeryt>0501593</sln:miejscIdTeryt><sln:miejscNazwa>Gościęcin</sln:miejscNazwa><sln:miejscRodzaj>Wieś</sln:miejscRodzaj><sln:powIIPId>457aa2e8-c963-4adb-b024-813062e39434</sln:powIIPId><sln:powIIPPn>PL.PZGIK.200</sln:powIIPPn><sln:powIIPWersja>2012-09-27T08:58:33+02:00</sln:powIIPWersja><sln:powIdTeryt>1603</sln:powIdTeryt><sln:powNazwa>kędzierzyńsko-kozielski</sln:powNazwa><sln:waznyOd>2013-07-03T00:00:00+02:00</sln:waznyOd><sln:wojIIPId>9bd0c42a-ca40-4b7d-9b5b-81aae3398015</sln:wojIIPId><sln:wojIIPPn>PL.PZGIK.200</sln:wojIIPPn><sln:wojIIPWersja>2017-10-10T00:00:00+02:00</sln:wojIIPWersja><sln:wojIdTeryt>16</sln:wojIdTeryt><sln:wojNazwa>opolskie</sln:wojNazwa></sln:miejscowosc><sln:miejscowosc><sln:cyklZyciaOd>2017-04-12T00:00:00+02:00</sln:cyklZyciaOd><sln:gmIIPId>b81dcf99-4a0a-4ab8-bcab-dd2d508f73cd</sln:gmIIPId><sln:gmIIPPn>PL.PZGIK.200</sln:gmIIPPn><sln:gmIIPWersja>2012-09-26T21:59:08+02:00</sln:gmIIPWersja><sln:gmIdTeryt>1603042</sln:gmIdTeryt><sln:gmNazwa>Pawłowiczki</sln:gmNazwa><sln:miejscIIPId>da7184ad-8dce-4b73-b667-b44a9f1f392e</sln:miejscIIPId><sln:miejscIIPPn>PL.PZGIK.200</sln:miejscIIPPn><sln:miejscIIPWersja>2017-04-12T13:37:25+02:00</sln:miejscIIPWersja><sln:miejscIdTeryt>0501601</sln:miejscIdTeryt><sln:miejscNazwa>Grodzisko</sln:miejscNazwa><sln:miejscRodzaj>Wieś</sln:miejscRodzaj><sln:powIIPId>457aa2e8-c963-4adb-b024-813062e39434</sln:powIIPId><sln:powIIPPn>PL.PZGIK.200</sln:powIIPPn><sln:powIIPWersja>2012-09-27T08:58:33+02:00</sln:powIIPWersja><sln:powIdTeryt>1603</sln:powIdTeryt><sln:powNazwa>kędzierzyńsko-kozielski</sln:powNazwa><sln:waznyOd>2013-07-03T00:00:00+02:00</sln:waznyOd><sln:wojIIPId>9bd0c42a-ca40-4b7d-9b5b-81aae3398015</sln:wojIIPId><sln:wojIIPPn>PL.PZGIK.200</sln:wojIIPPn><sln:wojIIPWersja>2017-10-10T00:00:00+02:00</sln:wojIIPWersja><sln:wojIdTeryt>16</sln:wojIdTeryt><sln:wojNazwa>opolskie</sln:wojNazwa></sln:miejscowosc><sln:miejscowosc><sln:cyklZyciaOd>2017-04-12T00:00:00+02:00</sln:cyklZyciaOd><sln:gmIIPId>b81dcf99-4a0a-4ab8-bcab-dd2d508f73cd</sln:gmIIPId><sln:gmIIPPn>PL.PZGIK.200</sln:gmIIPPn><sln:gmIIPWersja>2012-09-26T21:59:08+02:00</sln:gmIIPWersja><sln:gmIdTeryt>1603042</sln:gmIdTeryt><sln:gmNazwa>Pawłowiczki</sln:gmNazwa><sln:miejscIIPId>a1a4cd8a-6455-45d4-84e3-5050e90c091a</sln:miejscIIPId><sln:miejscIIPPn>PL.PZGIK.200</sln:miejscIIPPn><sln:miejscIIPWersja>2017-04-12T13:37:25+02:00</sln:miejscIIPWersja><sln:miejscIdTeryt>0501618</sln:miejscIdTeryt><sln:miejscNazwa>Grudynia Mała</sln:miejscNazwa><sln:miejscRodzaj>Wieś</sln:miejscRodzaj><sln:powIIPId>457aa2e8-c963-4adb-b024-813062e39434</sln:powIIPId><sln:powIIPPn>PL.PZGIK.200</sln:powIIPPn><sln:powIIPWersja>2012-09-27T08:58:33+02:00</sln:powIIPWersja><sln:powIdTeryt>1603</sln:powIdTeryt><sln:powNazwa>kędzierzyńsko-kozielski</sln:powNazwa><sln:waznyOd>2013-07-03T00:00:00+02:00</sln:waznyOd><sln:wojIIPId>9bd0c42a-ca40-4b7d-9b5b-81aae3398015</sln:wojIIPId><sln:wojIIPPn>PL.PZGIK.200</sln:wojIIPPn><sln:wojIIPWersja>2017-10-10T00:00:00+02:00</sln:wojIIPWersja><sln:wojIdTeryt>16</sln:wojIdTeryt><sln:wojNazwa>opolskie</sln:wojNazwa></sln:miejscowosc><sln:miejscowosc><sln:cyklZyciaOd>2017-04-12T00:00:00+02:00</sln:cyklZyciaOd><sln:gmIIPId>b81dcf99-4a0a-4ab8-bcab-dd2d508f73cd</sln:gmIIPId><sln:gmIIPPn>PL.PZGIK.200</sln:gmIIPPn><sln:gmIIPWersja>2012-09-26T21:59:08+02:00</sln:gmIIPWersja><sln:gmIdTeryt>1603042</sln:gmIdTeryt><sln:gmNazwa>Pawłowiczki</sln:gmNazwa><sln:miejscIIPId>858161f0-a0a9-43aa-8e2d-02d6fd9c1c12</sln:miejscIIPId><sln:miejscIIPPn>PL.PZGIK.200</sln:miejscIIPPn><sln:miejscIIPWersja>2017-04-12T13:37:25+02:00</sln:miejscIIPWersja><sln:miejscIdTeryt>0501624</sln:miejscIdTeryt><sln:miejscNazwa>Grudynia Wielka</sln:miejscNazwa><sln:miejscRodzaj>Wieś</sln:miejscRodzaj><sln:powIIPId>457aa2e8-c963-4adb-b024-813062e39434</sln:powIIPId><sln:powIIPPn>PL.PZGIK.200</sln:powIIPPn><sln:powIIPWersja>2012-09-27T08:58:33+02:00</sln:powIIPWersja><sln:powIdTeryt>1603</sln:powIdTeryt><sln:powNazwa>kędzierzyńsko-kozielski</sln:powNazwa><sln:waznyOd>2013-07-03T00:00:00+02:00</sln:waznyOd><sln:wojIIPId>9bd0c42a-ca40-4b7d-9b5b-81aae3398015</sln:wojIIPId><sln:wojIIPPn>PL.PZGIK.200</sln:wojIIPPn><sln:wojIIPWersja>2017-10-10T00:00:00+02:00</sln:wojIIPWersja><sln:wojIdTeryt>16</sln:wojIdTeryt><sln:wojNazwa>opolskie</sln:wojNazwa></sln:miejscowosc><sln:miejscowosc><sln:cyklZyciaOd>2017-04-12T00:00:00+02:00</sln:cyklZyciaOd><sln:gmIIPId>b81dcf99-4a0a-4ab8-bcab-dd2d508f73cd</sln:gmIIPId><sln:gmIIPPn>PL.PZGIK.200</sln:gmIIPPn><sln:gmIIPWersja>2012-09-26T21:59:08+02:00</sln:gmIIPWersja><sln:gmIdTeryt>1603042</sln:gmIdTeryt><sln:gmNazwa>Pawłowiczki</sln:gmNazwa><sln:miejscIIPId>f7be5c6b-4fd6-4c6a-9310-672ed64cd2f7</sln:miejscIIPId><sln:miejscIIPPn>PL.PZGIK.200</sln:miejscIIPPn><sln:miejscIIPWersja>2017-04-12T13:37:25+02:00</sln:miejscIIPWersja><sln:miejscIdTeryt>0501630</sln:miejscIdTeryt><sln:miejscNazwa>Jakubowice</sln:miejscNazwa><sln:miejscRodzaj>Wieś</sln:miejscRodzaj><sln:powIIPId>457aa2e8-c963-4adb-b024-813062e39434</sln:powIIPId><sln:powIIPPn>PL.PZGIK.200</sln:powIIPPn><sln:powIIPWersja>2012-09-27T08:58:33+02:00</sln:powIIPWersja><sln:powIdTeryt>1603</sln:powIdTeryt><sln:powNazwa>kędzierzyńsko-kozielski</sln:powNazwa><sln:waznyOd>2013-07-03T00:00:00+02:00</sln:waznyOd><sln:wojIIPId>9bd0c42a-ca40-4b7d-9b5b-81aae3398015</sln:wojIIPId><sln:wojIIPPn>PL.PZGIK.200</sln:wojIIPPn><sln:wojIIPWersja>2017-10-10T00:00:00+02:00</sln:wojIIPWersja><sln:wojIdTeryt>16</sln:wojIdTeryt><sln:wojNazwa>opolskie</sln:wojNazwa></sln:miejscowosc><sln:miejscowosc><sln:cyklZyciaOd>2017-04-12T00:00:00+02:00</sln:cyklZyciaOd><sln:gmIIPId>b81dcf99-4a0a-4ab8-bcab-dd2d508f73cd</sln:gmIIPId><sln:gmIIPPn>PL.PZGIK.200</sln:gmIIPPn><sln:gmIIPWersja>2012-09-26T21:59:08+02:00</sln:gmIIPWersja><sln:gmIdTeryt>1603042</sln:gmIdTeryt><sln:gmNazwa>Pawłowiczki</sln:gmNazwa><sln:miejscIIPId>cbc341a8-a6b4-4f14-83e1-ae6eb0b87c64</sln:miejscIIPId><sln:miejscIIPPn>PL.PZGIK.200</sln:miejscIIPPn><sln:miejscIIPWersja>2017-04-12T13:37:25+02:00</sln:miejscIIPWersja><sln:miejscIdTeryt>0501647</sln:miejscIdTeryt><sln:miejscNazwa>Karchów</sln:miejscNazwa><sln:miejscRodzaj>Wieś</sln:miejscRodzaj><sln:powIIPId>457aa2e8-c963-4adb-b024-813062e39434</sln:powIIPId><sln:powIIPPn>PL.PZGIK.200</sln:powIIPPn><sln:powIIPWersja>2012-09-27T08:58:33+02:00</sln:powIIPWersja><sln:powIdTeryt>1603</sln:powIdTeryt><sln:powNazwa>kędzierzyńsko-kozielski</sln:powNazwa><sln:waznyOd>2013-07-03T00:00:00+02:00</sln:waznyOd><sln:wojIIPId>9bd0c42a-ca40-4b7d-9b5b-81aae3398015</sln:wojIIPId><sln:wojIIPPn>PL.PZGIK.200</sln:wojIIPPn><sln:wojIIPWersja>2017-10-10T00:00:00+02:00</sln:wojIIPWersja><sln:wojIdTeryt>16</sln:wojIdTeryt><sln:wojNazwa>opolskie</sln:wojNazwa></sln:miejscowosc><sln:miejscowosc><sln:cyklZyciaOd>2017-04-12T00:00:00+02:00</sln:cyklZyciaOd><sln:gmIIPId>b81dcf99-4a0a-4ab8-bcab-dd2d508f73cd</sln:gmIIPId><sln:gmIIPPn>PL.PZGIK.200</sln:gmIIPPn><sln:gmIIPWersja>2012-09-26T21:59:08+02:00</sln:gmIIPWersja><sln:gmIdTeryt>1603042</sln:gmIdTeryt><sln:gmNazwa>Pawłowiczki</sln:gmNazwa><sln:miejscIIPId>8c474ef7-6669-4ca5-8a17-89d5f2e34c1b</sln:miejscIIPId><sln:miejscIIPPn>PL.PZGIK.200</sln:miejscIIPPn><sln:miejscIIPWersja>2017-04-12T13:37:25+02:00</sln:miejscIIPWersja><sln:miejscIdTeryt>0501653</sln:miejscIdTeryt><sln:miejscNazwa>Kózki</sln:miejscNazwa><sln:miejscRodzaj>Wieś</sln:miejscRodzaj><sln:powIIPId>457aa2e8-c963-4adb-b024-813062e39434</sln:powIIPId><sln:powIIPPn>PL.PZGIK.200</sln:powIIPPn><sln:powIIPWersja>2012-09-27T08:58:33+02:00</sln:powIIPWersja><sln:powIdTeryt>1603</sln:powIdTeryt><sln:powNazwa>kędzierzyńsko-kozielski</sln:powNazwa><sln:waznyOd>2013-07-03T00:00:00+02:00</sln:waznyOd><sln:wojIIPId>9bd0c42a-ca40-4b7d-9b5b-81aae3398015</sln:wojIIPId><sln:wojIIPPn>PL.PZGIK.200</sln:wojIIPPn><sln:wojIIPWersja>2017-10-10T00:00:00+02:00</sln:wojIIPWersja><sln:wojIdTeryt>16</sln:wojIdTeryt><sln:wojNazwa>opolskie</sln:wojNazwa></sln:miejscowosc><sln:miejscowosc><sln:cyklZyciaOd>2017-04-12T00:00:00+02:00</sln:cyklZyciaOd><sln:gmIIPId>b81dcf99-4a0a-4ab8-bcab-dd2d508f73cd</sln:gmIIPId><sln:gmIIPPn>PL.PZGIK.200</sln:gmIIPPn><sln:gmIIPWersja>2012-09-26T21:59:08+02:00</sln:gmIIPWersja><sln:gmIdTeryt>1603042</sln:gmIdTeryt><sln:gmNazwa>Pawłowiczki</sln:gmNazwa><sln:miejscIIPId>fb2482e2-6125-4751-9b54-23f3df67f3b5</sln:miejscIIPId><sln:miejscIIPPn>PL.PZGIK.200</sln:miejscIIPPn><sln:miejscIIPWersja>2017-04-12T13:37:25+02:00</sln:miejscIIPWersja><sln:miejscIdTeryt>0501660</sln:miejscIdTeryt><sln:miejscNazwa>Ligota Wielka</sln:miejscNazwa><sln:miejscRodzaj>Wieś</sln:miejscRodzaj><sln:powIIPId>457aa2e8-c963-4adb-b024-813062e39434</sln:powIIPId><sln:powIIPPn>PL.PZGIK.200</sln:powIIPPn><sln:powIIPWersja>2012-09-27T08:58:33+02:00</sln:powIIPWersja><sln:powIdTeryt>1603</sln:powIdTeryt><sln:powNazwa>kędzierzyńsko-kozielski</sln:powNazwa><sln:waznyOd>2013-07-03T00:00:00+02:00</sln:waznyOd><sln:wojIIPId>9bd0c42a-ca40-4b7d-9b5b-81aae3398015</sln:wojIIPId><sln:wojIIPPn>PL.PZGIK.200</sln:wojIIPPn><sln:wojIIPWersja>2017-10-10T00:00:00+02:00</sln:wojIIPWersja><sln:wojIdTeryt>16</sln:wojIdTeryt><sln:wojNazwa>opolskie</sln:wojNazwa></sln:miejscowosc><sln:miejscowosc><sln:cyklZyciaOd>2017-04-12T00:00:00+02:00</sln:cyklZyciaOd><sln:gmIIPId>b81dcf99-4a0a-4ab8-bcab-dd2d508f73cd</sln:gmIIPId><sln:gmIIPPn>PL.PZGIK.200</sln:gmIIPPn><sln:gmIIPWersja>2012-09-26T21:59:08+02:00</sln:gmIIPWersja><sln:gmIdTeryt>1603042</sln:gmIdTeryt><sln:gmNazwa>Pawłowiczki</sln:gmNazwa><sln:miejscIIPId>0a3dfcdd-d907-411f-a7b6-5bcf57b60993</sln:miejscIIPId><sln:miejscIIPPn>PL.PZGIK.200</sln:miejscIIPPn><sln:miejscIIPWersja>2017-04-12T13:37:25+02:00</sln:miejscIIPWersja><sln:miejscIdTeryt>0501676</sln:miejscIdTeryt><sln:miejscNazwa>Kolonia Karchów</sln:miejscNazwa><sln:miejscRodzaj>Przysiółek</sln:miejscRodzaj><sln:powIIPId>457aa2e8-c963-4adb-b024-813062e39434</sln:powIIPId><sln:powIIPPn>PL.PZGIK.200</sln:powIIPPn><sln:powIIPWersja>2012-09-27T08:58:33+02:00</sln:powIIPWersja><sln:powIdTeryt>1603</sln:powIdTeryt><sln:powNazwa>kędzierzyńsko-kozielski</sln:powNazwa><sln:waznyOd>2013-07-09T00:00:00+02:00</sln:waznyOd><sln:wojIIPId>9bd0c42a-ca40-4b7d-9b5b-81aae3398015</sln:wojIIPId><sln:wojIIPPn>PL.PZGIK.200</sln:wojIIPPn><sln:wojIIPWersja>2017-10-10T00:00:00+02:00</sln:wojIIPWersja><sln:wojIdTeryt>16</sln:wojIdTeryt><sln:wojNazwa>opolskie</sln:wojNazwa></sln:miejscowosc><sln:miejscowosc><sln:cyklZyciaOd>2017-04-12T00:00:00+02:00</sln:cyklZyciaOd><sln:gmIIPId>b81dcf99-4a0a-4ab8-bcab-dd2d508f73cd</sln:gmIIPId><sln:gmIIPPn>PL.PZGIK.200</sln:gmIIPPn><sln:gmIIPWersja>2012-09-26T21:59:08+02:00</sln:gmIIPWersja><sln:gmIdTeryt>1603042</sln:gmIdTeryt><sln:gmNazwa>Pawłowiczki</sln:gmNazwa><sln:miejscIIPId>2f9bbf5c-aaad-449f-859b-9faf91ececfe</sln:miejscIIPId><sln:miejscIIPPn>PL.PZGIK.200</sln:miejscIIPPn><sln:miejscIIPWersja>2017-04-12T13:37:25+02:00</sln:miejscIIPWersja><sln:miejscIdTeryt>0501682</sln:miejscIdTeryt><sln:miejscNazwa>Maciowakrze</sln:miejscNazwa><sln:miejscRodzaj>Wieś</sln:miejscRodzaj><sln:powIIPId>457aa2e8-c963-4adb-b024-813062e39434</sln:powIIPId><sln:powIIPPn>PL.PZGIK.200</sln:powIIPPn><sln:powIIPWersja>2012-09-27T08:58:33+02:00</sln:powIIPWersja><sln:powIdTeryt>1603</sln:powIdTeryt><sln:powNazwa>kędzierzyńsko-kozielski</sln:powNazwa><sln:waznyOd>2013-07-03T00:00:00+02:00</sln:waznyOd><sln:wojIIPId>9bd0c42a-ca40-4b7d-9b5b-81aae3398015</sln:wojIIPId><sln:wojIIPPn>PL.PZGIK.200</sln:wojIIPPn><sln:wojIIPWersja>2017-10-10T00:00:00+02:00</sln:wojIIPWersja><sln:wojIdTeryt>16</sln:wojIdTeryt><sln:wojNazwa>opolskie</sln:wojNazwa></sln:miejscowosc><sln:miejscowosc><sln:cyklZyciaOd>2017-04-12T00:00:00+02:00</sln:cyklZyciaOd><sln:gmIIPId>b81dcf99-4a0a-4ab8-bcab-dd2d508f73cd</sln:gmIIPId><sln:gmIIPPn>PL.PZGIK.200</sln:gmIIPPn><sln:gmIIPWersja>2012-09-26T21:59:08+02:00</sln:gmIIPWersja><sln:gmIdTeryt>1603042</sln:gmIdTeryt><sln:gmNazwa>Pawłowiczki</sln:gmNazwa><sln:miejscIIPId>e2527c7e-4d7a-414e-9705-36a907fb4f67</sln:miejscIIPId><sln:miejscIIPPn>PL.PZGIK.200</sln:miejscIIPPn><sln:miejscIIPWersja>2017-04-12T13:37:25+02:00</sln:miejscIIPWersja><sln:miejscIdTeryt>0501699</sln:miejscIdTeryt><sln:miejscNazwa>Mierzęcin</sln:miejscNazwa><sln:miejscRodzaj>Wieś</sln:miejscRodzaj><sln:powIIPId>457aa2e8-c963-4adb-b024-813062e39434</sln:powIIPId><sln:powIIPPn>PL.PZGIK.200</sln:powIIPPn><sln:powIIPWersja>2012-09-27T08:58:33+02:00</sln:powIIPWersja><sln:powIdTeryt>1603</sln:powIdTeryt><sln:powNazwa>kędzierzyńsko-kozielski</sln:powNazwa><sln:waznyOd>2013-07-03T00:00:00+02:00</sln:waznyOd><sln:wojIIPId>9bd0c42a-ca40-4b7d-9b5b-81aae3398015</sln:wojIIPId><sln:wojIIPPn>PL.PZGIK.200</sln:wojIIPPn><sln:wojIIPWersja>2017-10-10T00:00:00+02:00</sln:wojIIPWersja><sln:wojIdTeryt>16</sln:wojIdTeryt><sln:wojNazwa>opolskie</sln:wojNazwa></sln:miejscowosc><sln:miejscowosc><sln:cyklZyciaOd>2017-04-12T00:00:00+02:00</sln:cyklZyciaOd><sln:gmIIPId>b81dcf99-4a0a-4ab8-bcab-dd2d508f73cd</sln:gmIIPId><sln:gmIIPPn>PL.PZGIK.200</sln:gmIIPPn><sln:gmIIPWersja>2012-09-26T21:59:08+02:00</sln:gmIIPWersja><sln:gmIdTeryt>1603042</sln:gmIdTeryt><sln:gmNazwa>Pawłowiczki</sln:gmNazwa><sln:miejscIIPId>2f01216b-4da9-428f-9564-a560c8ae799b</sln:miejscIIPId><sln:miejscIIPPn>PL.PZGIK.200</sln:miejscIIPPn><sln:miejscIIPWersja>2017-04-12T13:37:25+02:00</sln:miejscIIPWersja><sln:miejscIdTeryt>0501707</sln:miejscIdTeryt><sln:miejscNazwa>Damnik</sln:miejscNazwa><sln:miejscRodzaj>Przysiółek</sln:miejscRodzaj><sln:powIIPId>457aa2e8-c963-4adb-b024-813062e39434</sln:powIIPId><sln:powIIPPn>PL.PZGIK.200</sln:powIIPPn><sln:powIIPWersja>2012-09-27T08:58:33+02:00</sln:powIIPWersja><sln:powIdTeryt>1603</sln:powIdTeryt><sln:powNazwa>kędzierzyńsko-kozielski</sln:powNazwa><sln:waznyOd>2013-07-09T00:00:00+02:00</sln:waznyOd><sln:wojIIPId>9bd0c42a-ca40-4b7d-9b5b-81aae3398015</sln:wojIIPId><sln:wojIIPPn>PL.PZGIK.200</sln:wojIIPPn><sln:wojIIPWersja>2017-10-10T00:00:00+02:00</sln:wojIIPWersja><sln:wojIdTeryt>16</sln:wojIdTeryt><sln:wojNazwa>opolskie</sln:wojNazwa></sln:miejscowosc><sln:miejscowosc><sln:cyklZyciaOd>2017-04-12T00:00:00+02:00</sln:cyklZyciaOd><sln:gmIIPId>b81dcf99-4a0a-4ab8-bcab-dd2d508f73cd</sln:gmIIPId><sln:gmIIPPn>PL.PZGIK.200</sln:gmIIPPn><sln:gmIIPWersja>2012-09-26T21:59:08+02:00</sln:gmIIPWersja><sln:gmIdTeryt>1603042</sln:gmIdTeryt><sln:gmNazwa>Pawłowiczki</sln:gmNazwa><sln:miejscIIPId>e1a94750-9409-4a1b-9973-e2c16cf460ac</sln:miejscIIPId><sln:miejscIIPPn>PL.PZGIK.200</sln:miejscIIPPn><sln:miejscIIPWersja>2017-04-12T13:37:25+02:00</sln:miejscIIPWersja><sln:miejscIdTeryt>0501713</sln:miejscIdTeryt><sln:miejscNazwa>Milice</sln:miejscNazwa><sln:miejscRodzaj>Wieś</sln:miejscRodzaj><sln:powIIPId>457aa2e8-c963-4adb-b024-813062e39434</sln:powIIPId><sln:powIIPPn>PL.PZGIK.200</sln:powIIPPn><sln:powIIPWersja>2012-09-27T08:58:33+02:00</sln:powIIPWersja><sln:powIdTeryt>1603</sln:powIdTeryt><sln:powNazwa>kędzierzyńsko-kozielski</sln:powNazwa><sln:waznyOd>2013-07-03T00:00:00+02:00</sln:waznyOd><sln:wojIIPId>9bd0c42a-ca40-4b7d-9b5b-81aae3398015</sln:wojIIPId><sln:wojIIPPn>PL.PZGIK.200</sln:wojIIPPn><sln:wojIIPWersja>2017-10-10T00:00:00+02:00</sln:wojIIPWersja><sln:wojIdTeryt>16</sln:wojIdTeryt><sln:wojNazwa>opolskie</sln:wojNazwa></sln:miejscowosc><sln:miejscowosc><sln:cyklZyciaOd>2017-04-12T00:00:00+02:00</sln:cyklZyciaOd><sln:gmIIPId>b81dcf99-4a0a-4ab8-bcab-dd2d508f73cd</sln:gmIIPId><sln:gmIIPPn>PL.PZGIK.200</sln:gmIIPPn><sln:gmIIPWersja>2012-09-26T21:59:08+02:00</sln:gmIIPWersja><sln:gmIdTeryt>1603042</sln:gmIdTeryt><sln:gmNazwa>Pawłowiczki</sln:gmNazwa><sln:miejscIIPId>533e3b8d-ed33-4228-8bfc-f7195ffa7d1e</sln:miejscIIPId><sln:miejscIIPPn>PL.PZGIK.200</sln:miejscIIPPn><sln:miejscIIPWersja>2017-04-12T13:37:26+02:00</sln:miejscIIPWersja><sln:miejscIdTeryt>0501720</sln:miejscIdTeryt><sln:miejscNazwa>Naczęsławice</sln:miejscNazwa><sln:miejscRodzaj>Wieś</sln:miejscRodzaj><sln:powIIPId>457aa2e8-c963-4adb-b024-813062e39434</sln:powIIPId><sln:powIIPPn>PL.PZGIK.200</sln:powIIPPn><sln:powIIPWersja>2012-09-27T08:58:33+02:00</sln:powIIPWersja><sln:powIdTeryt>1603</sln:powIdTeryt><sln:powNazwa>kędzierzyńsko-kozielski</sln:powNazwa><sln:waznyOd>2013-07-03T00:00:00+02:00</sln:waznyOd><sln:wojIIPId>9bd0c42a-ca40-4b7d-9b5b-81aae3398015</sln:wojIIPId><sln:wojIIPPn>PL.PZGIK.200</sln:wojIIPPn><sln:wojIIPWersja>2017-10-10T00:00:00+02:00</sln:wojIIPWersja><sln:wojIdTeryt>16</sln:wojIdTeryt><sln:wojNazwa>opolskie</sln:wojNazwa></sln:miejscowosc><sln:miejscowosc><sln:cyklZyciaOd>2017-04-12T00:00:00+02:00</sln:cyklZyciaOd><sln:gmIIPId>b81dcf99-4a0a-4ab8-bcab-dd2d508f73cd</sln:gmIIPId><sln:gmIIPPn>PL.PZGIK.200</sln:gmIIPPn><sln:gmIIPWersja>2012-09-26T21:59:08+02:00</sln:gmIIPWersja><sln:gmIdTeryt>1603042</sln:gmIdTeryt><sln:gmNazwa>Pawłowiczki</sln:gmNazwa><sln:miejscIIPId>7d6feaad-33a1-49d7-b384-f9f6c90e855d</sln:miejscIIPId><sln:miejscIIPPn>PL.PZGIK.200</sln:miejscIIPPn><sln:miejscIIPWersja>2017-04-12T13:37:26+02:00</sln:miejscIIPWersja><sln:miejscIdTeryt>0501736</sln:miejscIdTeryt><sln:miejscNazwa>Ostrożnica</sln:miejscNazwa><sln:miejscRodzaj>Wieś</sln:miejscRodzaj><sln:powIIPId>457aa2e8-c963-4adb-b024-813062e39434</sln:powIIPId><sln:powIIPPn>PL.PZGIK.200</sln:powIIPPn><sln:powIIPWersja>2012-09-27T08:58:33+02:00</sln:powIIPWersja><sln:powIdTeryt>1603</sln:powIdTeryt><sln:powNazwa>kędzierzyńsko-kozielski</sln:powNazwa><sln:waznyOd>2013-07-03T00:00:00+02:00</sln:waznyOd><sln:wojIIPId>9bd0c42a-ca40-4b7d-9b5b-81aae3398015</sln:wojIIPId><sln:wojIIPPn>PL.PZGIK.200</sln:wojIIPPn><sln:wojIIPWersja>2017-10-10T00:00:00+02:00</sln:wojIIPWersja><sln:wojIdTeryt>16</sln:wojIdTeryt><sln:wojNazwa>opolskie</sln:wojNazwa></sln:miejscowosc><sln:miejscowosc><sln:cyklZyciaOd>2017-04-12T00:00:00+02:00</sln:cyklZyciaOd><sln:gmIIPId>b81dcf99-4a0a-4ab8-bcab-dd2d508f73cd</sln:gmIIPId><sln:gmIIPPn>PL.PZGIK.200</sln:gmIIPPn><sln:gmIIPWersja>2012-09-26T21:59:08+02:00</sln:gmIIPWersja><sln:gmIdTeryt>1603042</sln:gmIdTeryt><sln:gmNazwa>Pawłowiczki</sln:gmNazwa><sln:miejscIIPId>26575949-2181-4ae4-8ad1-036b3f09c9cd</sln:miejscIIPId><sln:miejscIIPPn>PL.PZGIK.200</sln:miejscIIPPn><sln:miejscIIPWersja>2017-04-12T13:37:26+02:00</sln:miejscIIPWersja><sln:miejscIdTeryt>0501742</sln:miejscIdTeryt><sln:miejscNazwa>Pawłowiczki</sln:miejscNazwa><sln:miejscRodzaj>Wieś</sln:miejscRodzaj><sln:powIIPId>457aa2e8-c963-4adb-b024-813062e39434</sln:powIIPId><sln:powIIPPn>PL.PZGIK.200</sln:powIIPPn><sln:powIIPWersja>2012-09-27T08:58:33+02:00</sln:powIIPWersja><sln:powIdTeryt>1603</sln:powIdTeryt><sln:powNazwa>kędzierzyńsko-kozielski</sln:powNazwa><sln:waznyOd>2013-07-03T00:00:00+02:00</sln:waznyOd><sln:wojIIPId>9bd0c42a-ca40-4b7d-9b5b-81aae3398015</sln:wojIIPId><sln:wojIIPPn>PL.PZGIK.200</sln:wojIIPPn><sln:wojIIPWersja>2017-10-10T00:00:00+02:00</sln:wojIIPWersja><sln:wojIdTeryt>16</sln:wojIdTeryt><sln:wojNazwa>opolskie</sln:wojNazwa></sln:miejscowosc><sln:miejscowosc><sln:cyklZyciaOd>2017-04-12T00:00:00+02:00</sln:cyklZyciaOd><sln:gmIIPId>b81dcf99-4a0a-4ab8-bcab-dd2d508f73cd</sln:gmIIPId><sln:gmIIPPn>PL.PZGIK.200</sln:gmIIPPn><sln:gmIIPWersja>2012-09-26T21:59:08+02:00</sln:gmIIPWersja><sln:gmIdTeryt>1603042</sln:gmIdTeryt><sln:gmNazwa>Pawłowiczki</sln:gmNazwa><sln:miejscIIPId>99b0b62d-1062-4673-9996-9b4135732b36</sln:miejscIIPId><sln:miejscIIPPn>PL.PZGIK.200</sln:miejscIIPPn><sln:miejscIIPWersja>2017-04-12T13:37:26+02:00</sln:miejscIIPWersja><sln:miejscIdTeryt>0501759</sln:miejscIdTeryt><sln:miejscNazwa>Rzeczyce</sln:miejscNazwa><sln:miejscRodzaj>Inny obiekt</sln:miejscRodzaj><sln:powIIPId>457aa2e8-c963-4adb-b024-813062e39434</sln:powIIPId><sln:powIIPPn>PL.PZGIK.200</sln:powIIPPn><sln:powIIPWersja>2012-09-27T08:58:33+02:00</sln:powIIPWersja><sln:powIdTeryt>1603</sln:powIdTeryt><sln:powNazwa>kędzierzyńsko-kozielski</sln:powNazwa><sln:waznyOd>2013-07-09T00:00:00+02:00</sln:waznyOd><sln:wojIIPId>9bd0c42a-ca40-4b7d-9b5b-81aae3398015</sln:wojIIPId><sln:wojIIPPn>PL.PZGIK.200</sln:wojIIPPn><sln:wojIIPWersja>2017-10-10T00:00:00+02:00</sln:wojIIPWersja><sln:wojIdTeryt>16</sln:wojIdTeryt><sln:wojNazwa>opolskie</sln:wojNazwa></sln:miejscowosc><sln:miejscowosc><sln:cyklZyciaOd>2017-04-12T00:00:00+02:00</sln:cyklZyciaOd><sln:gmIIPId>b81dcf99-4a0a-4ab8-bcab-dd2d508f73cd</sln:gmIIPId><sln:gmIIPPn>PL.PZGIK.200</sln:gmIIPPn><sln:gmIIPWersja>2012-09-26T21:59:08+02:00</sln:gmIIPWersja><sln:gmIdTeryt>1603042</sln:gmIdTeryt><sln:gmNazwa>Pawłowiczki</sln:gmNazwa><sln:miejscIIPId>c0715b5f-a944-49de-92bb-084a52af25fb</sln:miejscIIPId><sln:miejscIIPPn>PL.PZGIK.200</sln:miejscIIPPn><sln:miejscIIPWersja>2017-04-12T13:37:26+02:00</sln:miejscIIPWersja><sln:miejscIdTeryt>0501765</sln:miejscIdTeryt><sln:miejscNazwa>Warmuntowice</sln:miejscNazwa><sln:miejscRodzaj>Inny obiekt</sln:miejscRodzaj><sln:powIIPId>457aa2e8-c963-4adb-b024-813062e39434</sln:powIIPId><sln:powIIPPn>PL.PZGIK.200</sln:powIIPPn><sln:powIIPWersja>2012-09-27T08:58:33+02:00</sln:powIIPWersja><sln:powIdTeryt>1603</sln:powIdTeryt><sln:powNazwa>kędzierzyńsko-kozielski</sln:powNazwa><sln:waznyOd>2013-07-09T00:00:00+02:00</sln:waznyOd><sln:wojIIPId>9bd0c42a-ca40-4b7d-9b5b-81aae3398015</sln:wojIIPId><sln:wojIIPPn>PL.PZGIK.200</sln:wojIIPPn><sln:wojIIPWersja>2017-10-10T00:00:00+02:00</sln:wojIIPWersja><sln:wojIdTeryt>16</sln:wojIdTeryt><sln:wojNazwa>opolskie</sln:wojNazwa></sln:miejscowosc><sln:miejscowosc><sln:cyklZyciaOd>2017-04-12T00:00:00+02:00</sln:cyklZyciaOd><sln:gmIIPId>b81dcf99-4a0a-4ab8-bcab-dd2d508f73cd</sln:gmIIPId><sln:gmIIPPn>PL.PZGIK.200</sln:gmIIPPn><sln:gmIIPWersja>2012-09-26T21:59:08+02:00</sln:gmIIPWersja><sln:gmIdTeryt>1603042</sln:gmIdTeryt><sln:gmNazwa>Pawłowiczki</sln:gmNazwa><sln:miejscIIPId>e24c7b92-ae51-42c1-a96a-7a3d9df9a066</sln:miejscIIPId><sln:miejscIIPPn>PL.PZGIK.200</sln:miejscIIPPn><sln:miejscIIPWersja>2017-04-12T13:37:26+02:00</sln:miejscIIPWersja><sln:miejscIdTeryt>0501771</sln:miejscIdTeryt><sln:miejscNazwa>Dąbrowa</sln:miejscNazwa><sln:miejscRodzaj>Przysiółek</sln:miejscRodzaj><sln:powIIPId>457aa2e8-c963-4adb-b024-813062e39434</sln:powIIPId><sln:powIIPPn>PL.PZGIK.200</sln:powIIPPn><sln:powIIPWersja>2012-09-27T08:58:33+02:00</sln:powIIPWersja><sln:powIdTeryt>1603</sln:powIdTeryt><sln:powNazwa>kędzierzyńsko-kozielski</sln:powNazwa><sln:waznyOd>2013-07-09T00:00:00+02:00</sln:waznyOd><sln:wojIIPId>9bd0c42a-ca40-4b7d-9b5b-81aae3398015</sln:wojIIPId><sln:wojIIPPn>PL.PZGIK.200</sln:wojIIPPn><sln:wojIIPWersja>2017-10-10T00:00:00+02:00</sln:wojIIPWersja><sln:wojIdTeryt>16</sln:wojIdTeryt><sln:wojNazwa>opolskie</sln:wojNazwa></sln:miejscowosc><sln:miejscowosc><sln:cyklZyciaOd>2017-04-12T00:00:00+02:00</sln:cyklZyciaOd><sln:gmIIPId>b81dcf99-4a0a-4ab8-bcab-dd2d508f73cd</sln:gmIIPId><sln:gmIIPPn>PL.PZGIK.200</sln:gmIIPPn><sln:gmIIPWersja>2012-09-26T21:59:08+02:00</sln:gmIIPWersja><sln:gmIdTeryt>1603042</sln:gmIdTeryt><sln:gmNazwa>Pawłowiczki</sln:gmNazwa><sln:miejscIIPId>1c22048b-895e-475c-a9bf-c4217f9f833c</sln:miejscIIPId><sln:miejscIIPPn>PL.PZGIK.200</sln:miejscIIPPn><sln:miejscIIPWersja>2017-04-12T13:37:26+02:00</sln:miejscIIPWersja><sln:miejscIdTeryt>0501788</sln:miejscIdTeryt><sln:miejscNazwa>Opatrzność</sln:miejscNazwa><sln:miejscRodzaj>Przysiółek</sln:miejscRodzaj><sln:powIIPId>457aa2e8-c963-4adb-b024-813062e39434</sln:powIIPId><sln:powIIPPn>PL.PZGIK.200</sln:powIIPPn><sln:powIIPWersja>2012-09-27T08:58:33+02:00</sln:powIIPWersja><sln:powIdTeryt>1603</sln:powIdTeryt><sln:powNazwa>kędzierzyńsko-kozielski</sln:powNazwa><sln:waznyOd>2013-07-09T00:00:00+02:00</sln:waznyOd><sln:wojIIPId>9bd0c42a-ca40-4b7d-9b5b-81aae3398015</sln:wojIIPId><sln:wojIIPPn>PL.PZGIK.200</sln:wojIIPPn><sln:wojIIPWersja>2017-10-10T00:00:00+02:00</sln:wojIIPWersja><sln:wojIdTeryt>16</sln:wojIdTeryt><sln:wojNazwa>opolskie</sln:wojNazwa></sln:miejscowosc><sln:miejscowosc><sln:cyklZyciaOd>2017-04-12T00:00:00+02:00</sln:cyklZyciaOd><sln:gmIIPId>b81dcf99-4a0a-4ab8-bcab-dd2d508f73cd</sln:gmIIPId><sln:gmIIPPn>PL.PZGIK.200</sln:gmIIPPn><sln:gmIIPWersja>2012-09-26T21:59:08+02:00</sln:gmIIPWersja><sln:gmIdTeryt>1603042</sln:gmIdTeryt><sln:gmNazwa>Pawłowiczki</sln:gmNazwa><sln:miejscIIPId>76a686ce-dd85-475c-b16b-0673d78f85a1</sln:miejscIIPId><sln:miejscIIPPn>PL.PZGIK.200</sln:miejscIIPPn><sln:miejscIIPWersja>2017-04-12T13:37:26+02:00</sln:miejscIIPWersja><sln:miejscIdTeryt>0501794</sln:miejscIdTeryt><sln:miejscNazwa>Przedborowice</sln:miejscNazwa><sln:miejscRodzaj>Wieś</sln:miejscRodzaj><sln:powIIPId>457aa2e8-c963-4adb-b024-813062e39434</sln:powIIPId><sln:powIIPPn>PL.PZGIK.200</sln:powIIPPn><sln:powIIPWersja>2012-09-27T08:58:33+02:00</sln:powIIPWersja><sln:powIdTeryt>1603</sln:powIdTeryt><sln:powNazwa>kędzierzyńsko-kozielski</sln:powNazwa><sln:waznyOd>2013-07-03T00:00:00+02:00</sln:waznyOd><sln:wojIIPId>9bd0c42a-ca40-4b7d-9b5b-81aae3398015</sln:wojIIPId><sln:wojIIPPn>PL.PZGIK.200</sln:wojIIPPn><sln:wojIIPWersja>2017-10-10T00:00:00+02:00</sln:wojIIPWersja><sln:wojIdTeryt>16</sln:wojIdTeryt><sln:wojNazwa>opolskie</sln:wojNazwa></sln:miejscowosc><sln:miejscowosc><sln:cyklZyciaOd>2017-04-12T00:00:00+02:00</sln:cyklZyciaOd><sln:gmIIPId>b81dcf99-4a0a-4ab8-bcab-dd2d508f73cd</sln:gmIIPId><sln:gmIIPPn>PL.PZGIK.200</sln:gmIIPPn><sln:gmIIPWersja>2012-09-26T21:59:08+02:00</sln:gmIIPWersja><sln:gmIdTeryt>1603042</sln:gmIdTeryt><sln:gmNazwa>Pawłowiczki</sln:gmNazwa><sln:miejscIIPId>006a3fd3-dfdd-4a57-93fd-cd30b3f01600</sln:miejscIIPId><sln:miejscIIPPn>PL.PZGIK.200</sln:miejscIIPPn><sln:miejscIIPWersja>2017-04-12T13:37:26+02:00</sln:miejscIIPWersja><sln:miejscIdTeryt>0501802</sln:miejscIdTeryt><sln:miejscNazwa>Radoszowy</sln:miejscNazwa><sln:miejscRodzaj>Wieś</sln:miejscRodzaj><sln:powIIPId>457aa2e8-c963-4adb-b024-813062e39434</sln:powIIPId><sln:powIIPPn>PL.PZGIK.200</sln:powIIPPn><sln:powIIPWersja>2012-09-27T08:58:33+02:00</sln:powIIPWersja><sln:powIdTeryt>1603</sln:powIdTeryt><sln:powNazwa>kędzierzyńsko-kozielski</sln:powNazwa><sln:waznyOd>2013-07-03T00:00:00+02:00</sln:waznyOd><sln:wojIIPId>9bd0c42a-ca40-4b7d-9b5b-81aae3398015</sln:wojIIPId><sln:wojIIPPn>PL.PZGIK.200</sln:wojIIPPn><sln:wojIIPWersja>2017-10-10T00:00:00+02:00</sln:wojIIPWersja><sln:wojIdTeryt>16</sln:wojIdTeryt><sln:wojNazwa>opolskie</sln:wojNazwa></sln:miejscowosc><sln:miejscowosc><sln:cyklZyciaOd>2017-04-12T00:00:00+02:00</sln:cyklZyciaOd><sln:gmIIPId>b81dcf99-4a0a-4ab8-bcab-dd2d508f73cd</sln:gmIIPId><sln:gmIIPPn>PL.PZGIK.200</sln:gmIIPPn><sln:gmIIPWersja>2012-09-26T21:59:08+02:00</sln:gmIIPWersja><sln:gmIdTeryt>1603042</sln:gmIdTeryt><sln:gmNazwa>Pawłowiczki</sln:gmNazwa><sln:miejscIIPId>7f284f6a-d18d-4be5-9f97-416b0581d13b</sln:miejscIIPId><sln:miejscIIPPn>PL.PZGIK.200</sln:miejscIIPPn><sln:miejscIIPWersja>2017-04-12T13:37:26+02:00</sln:miejscIIPWersja><sln:miejscIdTeryt>0501819</sln:miejscIdTeryt><sln:miejscNazwa>Trawniki</sln:miejscNazwa><sln:miejscRodzaj>Wieś</sln:miejscRodzaj><sln:powIIPId>457aa2e8-c963-4adb-b024-813062e39434</sln:powIIPId><sln:powIIPPn>PL.PZGIK.200</sln:powIIPPn><sln:powIIPWersja>2012-09-27T08:58:33+02:00</sln:powIIPWersja><sln:powIdTeryt>1603</sln:powIdTeryt><sln:powNazwa>kędzierzyńsko-kozielski</sln:powNazwa><sln:waznyOd>2013-07-03T00:00:00+02:00</sln:waznyOd><sln:wojIIPId>9bd0c42a-ca40-4b7d-9b5b-81aae3398015</sln:wojIIPId><sln:wojIIPPn>PL.PZGIK.200</sln:wojIIPPn><sln:wojIIPWersja>2017-10-10T00:00:00+02:00</sln:wojIIPWersja><sln:wojIdTeryt>16</sln:wojIdTeryt><sln:wojNazwa>opolskie</sln:wojNazwa></sln:miejscowosc><sln:miejscowosc><sln:cyklZyciaOd>2017-04-12T00:00:00+02:00</sln:cyklZyciaOd><sln:gmIIPId>b81dcf99-4a0a-4ab8-bcab-dd2d508f73cd</sln:gmIIPId><sln:gmIIPPn>PL.PZGIK.200</sln:gmIIPPn><sln:gmIIPWersja>2012-09-26T21:59:08+02:00</sln:gmIIPWersja><sln:gmIdTeryt>1603042</sln:gmIdTeryt><sln:gmNazwa>Pawłowiczki</sln:gmNazwa><sln:miejscIIPId>89125ff7-817b-4e12-af8e-973e2ae76e79</sln:miejscIIPId><sln:miejscIIPPn>PL.PZGIK.200</sln:miejscIIPPn><sln:miejscIIPWersja>2017-04-12T13:37:26+02:00</sln:miejscIIPWersja><sln:miejscIdTeryt>0501825</sln:miejscIdTeryt><sln:miejscNazwa>Ucieszków</sln:miejscNazwa><sln:miejscRodzaj>Wieś</sln:miejscRodzaj><sln:powIIPId>457aa2e8-c963-4adb-b024-813062e39434</sln:powIIPId><sln:powIIPPn>PL.PZGIK.200</sln:powIIPPn><sln:powIIPWersja>2012-09-27T08:58:33+02:00</sln:powIIPWersja><sln:powIdTeryt>1603</sln:powIdTeryt><sln:powNazwa>kędzierzyńsko-kozielski</sln:powNazwa><sln:waznyOd>2013-07-03T00:00:00+02:00</sln:waznyOd><sln:wojIIPId>9bd0c42a-ca40-4b7d-9b5b-81aae3398015</sln:wojIIPId><sln:wojIIPPn>PL.PZGIK.200</sln:wojIIPPn><sln:wojIIPWersja>2017-10-10T00:00:00+02:00</sln:wojIIPWersja><sln:wojIdTeryt>16</sln:wojIdTeryt><sln:wojNazwa>opolskie</sln:wojNazwa></sln:miejscowosc><sln:miejscowosc><sln:cyklZyciaOd>2017-04-12T00:00:00+02:00</sln:cyklZyciaOd><sln:gmIIPId>b81dcf99-4a0a-4ab8-bcab-dd2d508f73cd</sln:gmIIPId><sln:gmIIPPn>PL.PZGIK.200</sln:gmIIPPn><sln:gmIIPWersja>2012-09-26T21:59:08+02:00</sln:gmIIPWersja><sln:gmIdTeryt>1603042</sln:gmIdTeryt><sln:gmNazwa>Pawłowiczki</sln:gmNazwa><sln:miejscIIPId>c2cbabe9-1b8b-4d94-ba56-d96ea10eead0</sln:miejscIIPId><sln:miejscIIPPn>PL.PZGIK.200</sln:miejscIIPPn><sln:miejscIIPWersja>2017-04-12T13:37:26+02:00</sln:miejscIIPWersja><sln:miejscIdTeryt>0501831</sln:miejscIdTeryt><sln:miejscNazwa>Urbanowice</sln:miejscNazwa><sln:miejscRodzaj>Wieś</sln:miejscRodzaj><sln:powIIPId>457aa2e8-c963-4adb-b024-813062e39434</sln:powIIPId><sln:powIIPPn>PL.PZGIK.200</sln:powIIPPn><sln:powIIPWersja>2012-09-27T08:58:33+02:00</sln:powIIPWersja><sln:powIdTeryt>1603</sln:powIdTeryt><sln:powNazwa>kędzierzyńsko-kozielski</sln:powNazwa><sln:waznyOd>2013-07-03T00:00:00+02:00</sln:waznyOd><sln:wojIIPId>9bd0c42a-ca40-4b7d-9b5b-81aae3398015</sln:wojIIPId><sln:wojIIPPn>PL.PZGIK.200</sln:wojIIPPn><sln:wojIIPWersja>2017-10-10T00:00:00+02:00</sln:wojIIPWersja><sln:wojIdTeryt>16</sln:wojIdTeryt><sln:wojNazwa>opolskie</sln:wojNazwa></sln:miejscowosc><sln:miejscowosc><sln:cyklZyciaOd>2017-04-12T00:00:00+02:00</sln:cyklZyciaOd><sln:gmIIPId>b81dcf99-4a0a-4ab8-bcab-dd2d508f73cd</sln:gmIIPId><sln:gmIIPPn>PL.PZGIK.200</sln:gmIIPPn><sln:gmIIPWersja>2012-09-26T21:59:08+02:00</sln:gmIIPWersja><sln:gmIdTeryt>1603042</sln:gmIdTeryt><sln:gmNazwa>Pawłowiczki</sln:gmNazwa><sln:miejscIIPId>eed5fb74-4b58-45d1-b1fd-9a7dc4fc917d</sln:miejscIIPId><sln:miejscIIPPn>PL.PZGIK.200</sln:miejscIIPPn><sln:miejscIIPWersja>2017-04-12T13:37:26+02:00</sln:miejscIIPWersja><sln:miejscIdTeryt>0501848</sln:miejscIdTeryt><sln:miejscNazwa>Chudoba</sln:miejscNazwa><sln:miejscRodzaj>Przysiółek</sln:miejscRodzaj><sln:powIIPId>457aa2e8-c963-4adb-b024-813062e39434</sln:powIIPId><sln:powIIPPn>PL.PZGIK.200</sln:powIIPPn><sln:powIIPWersja>2012-09-27T08:58:33+02:00</sln:powIIPWersja><sln:powIdTeryt>1603</sln:powIdTeryt><sln:powNazwa>kędzierzyńsko-kozielski</sln:powNazwa><sln:waznyOd>2013-07-09T00:00:00+02:00</sln:waznyOd><sln:wojIIPId>9bd0c42a-ca40-4b7d-9b5b-81aae3398015</sln:wojIIPId><sln:wojIIPPn>PL.PZGIK.200</sln:wojIIPPn><sln:wojIIPWersja>2017-10-10T00:00:00+02:00</sln:wojIIPWersja><sln:wojIdTeryt>16</sln:wojIdTeryt><sln:wojNazwa>opolskie</sln:wojNazwa></sln:miejscowosc><sln:miejscowosc><sln:cyklZyciaOd>2017-04-12T00:00:00+02:00</sln:cyklZyciaOd><sln:gmIIPId>b81dcf99-4a0a-4ab8-bcab-dd2d508f73cd</sln:gmIIPId><sln:gmIIPPn>PL.PZGIK.200</sln:gmIIPPn><sln:gmIIPWersja>2012-09-26T21:59:08+02:00</sln:gmIIPWersja><sln:gmIdTeryt>1603042</sln:gmIdTeryt><sln:gmNazwa>Pawłowiczki</sln:gmNazwa><sln:miejscIIPId>e0251896-57a0-492d-8f8d-d87e4f1b70aa</sln:miejscIIPId><sln:miejscIIPPn>PL.PZGIK.200</sln:miejscIIPPn><sln:miejscIIPWersja>2017-04-12T13:37:26+02:00</sln:miejscIIPWersja><sln:miejscIdTeryt>0998174</sln:miejscIdTeryt><sln:miejscNazwa>Bryksy</sln:miejscNazwa><sln:miejscRodzaj>Przysiółek</sln:miejscRodzaj><sln:powIIPId>457aa2e8-c963-4adb-b024-813062e39434</sln:powIIPId><sln:powIIPPn>PL.PZGIK.200</sln:powIIPPn><sln:powIIPWersja>2012-09-27T08:58:33+02:00</sln:powIIPWersja><sln:powIdTeryt>1603</sln:powIdTeryt><sln:powNazwa>kędzierzyńsko-kozielski</sln:powNazwa><sln:waznyOd>2013-07-09T00:00:00+02:00</sln:waznyOd><sln:wojIIPId>9bd0c42a-ca40-4b7d-9b5b-81aae3398015</sln:wojIIPId><sln:wojIIPPn>PL.PZGIK.200</sln:wojIIPPn><sln:wojIIPWersja>2017-10-10T00:00:00+02:00</sln:wojIIPWersja><sln:wojIdTeryt>16</sln:wojIdTeryt><sln:wojNazwa>opolskie</sln:wojNazwa></sln:miejscowosc><sln:miejscowosc><sln:cyklZyciaOd>2017-04-12T00:00:00+02:00</sln:cyklZyciaOd><sln:gmIIPId>b81dcf99-4a0a-4ab8-bcab-dd2d508f73cd</sln:gmIIPId><sln:gmIIPPn>PL.PZGIK.200</sln:gmIIPPn><sln:gmIIPWersja>2012-09-26T21:59:08+02:00</sln:gmIIPWersja><sln:gmIdTeryt>1603042</sln:gmIdTeryt><sln:gmNazwa>Pawłowiczki</sln:gmNazwa><sln:miejscIIPId>b984092c-dca0-47f1-9100-67f7f96169e2</sln:miejscIIPId><sln:miejscIIPPn>PL.PZGIK.200</sln:miejscIIPPn><sln:miejscIIPWersja>2017-04-12T13:37:27+02:00</sln:miejscIIPWersja><sln:miejscIdTeryt>0998180</sln:miejscIdTeryt><sln:miejscNazwa>Krasowa</sln:miejscNazwa><sln:miejscRodzaj>Osada</sln:miejscRodzaj><sln:powIIPId>457aa2e8-c963-4adb-b024-813062e39434</sln:powIIPId><sln:powIIPPn>PL.PZGIK.200</sln:powIIPPn><sln:powIIPWersja>2012-09-27T08:58:33+02:00</sln:powIIPWersja><sln:powIdTeryt>1603</sln:powIdTeryt><sln:powNazwa>kędzierzyńsko-kozielski</sln:powNazwa><sln:waznyOd>2013-07-09T00:00:00+02:00</sln:waznyOd><sln:wojIIPId>9bd0c42a-ca40-4b7d-9b5b-81aae3398015</sln:wojIIPId><sln:wojIIPPn>PL.PZGIK.200</sln:wojIIPPn><sln:wojIIPWersja>2017-10-10T00:00:00+02:00</sln:wojIIPWersja><sln:wojIdTeryt>16</sln:wojIdTeryt><sln:wojNazwa>opolskie</sln:wojNazwa></sln:miejscowosc><sln:miejscowosc><sln:cyklZyciaOd>2017-04-12T00:00:00+02:00</sln:cyklZyciaOd><sln:gmIIPId>b81dcf99-4a0a-4ab8-bcab-dd2d508f73cd</sln:gmIIPId><sln:gmIIPPn>PL.PZGIK.200</sln:gmIIPPn><sln:gmIIPWersja>2012-09-26T21:59:08+02:00</sln:gmIIPWersja><sln:gmIdTeryt>1603042</sln:gmIdTeryt><sln:gmNazwa>Pawłowiczki</sln:gmNazwa><sln:miejscIIPId>6c8da6b8-8550-4894-b005-1be8688f05c8</sln:miejscIIPId><sln:miejscIIPPn>PL.PZGIK.200</sln:miejscIIPPn><sln:miejscIIPWersja>2017-04-12T13:37:27+02:00</sln:miejscIIPWersja><sln:miejscIdTeryt>0998197</sln:miejscIdTeryt><sln:miejscNazwa>Uciecha</sln:miejscNazwa><sln:miejscRodzaj>Przysiółek</sln:miejscRodzaj><sln:powIIPId>457aa2e8-c963-4adb-b024-813062e39434</sln:powIIPId><sln:powIIPPn>PL.PZGIK.200</sln:powIIPPn><sln:powIIPWersja>2012-09-27T08:58:33+02:00</sln:powIIPWersja><sln:powIdTeryt>1603</sln:powIdTeryt><sln:powNazwa>kędzierzyńsko-kozielski</sln:powNazwa><sln:waznyOd>2013-07-09T00:00:00+02:00</sln:waznyOd><sln:wojIIPId>9bd0c42a-ca40-4b7d-9b5b-81aae3398015</sln:wojIIPId><sln:wojIIPPn>PL.PZGIK.200</sln:wojIIPPn><sln:wojIIPWersja>2017-10-10T00:00:00+02:00</sln:wojIIPWersja><sln:wojIdTeryt>16</sln:wojIdTeryt><sln:wojNazwa>opolskie</sln:wojNazwa></sln:miejscowosc></sln:lista-miejscowosci>