<?xml version="1.0" encoding="UTF-8" standalone="yes"?><sln:lista-miejscowosci xmlns:srv="http://gugik.gov.pl/schemas/slowniki-service/1.0" xmlns:sln="http://gugik.gov.pl/schemas/slowniki-schema/1.0"><sln:miejscowosc><sln:cyklZyciaDo>2017-04-12T00:00:00+02:00</sln:cyklZyciaDo><sln:cyklZyciaOd>2015-07-13T00:00:00+02:00</sln:cyklZyciaOd><sln:gmIIPId>5e81d280-dc12-4a3d-b22e-83f701a040d6</sln:gmIIPId><sln:gmIIPPn>PL.PZGIK.200</sln:gmIIPPn><sln:gmIIPWersja>2012-09-26T21:59:34+02:00</sln:gmIIPWersja><sln:gmIdTeryt>1609012</sln:gmIdTeryt><sln:gmNazwa>Chrząstowice</sln:gmNazwa><sln:miejscIIPId>fc8d32b5-729d-4c62-995a-c248c974bc68</sln:miejscIIPId><sln:miejscIIPPn>PL.PZGIK.200</sln:miejscIIPPn><sln:miejscIIPWersja>2016-11-24T10:44:31+02:00</sln:miejscIIPWersja><sln:miejscIdTeryt>0492575</sln:miejscIdTeryt><sln:miejscNazwa>Chrząstowice</sln:miejscNazwa><sln:miejscRodzaj>Wieś</sln:miejscRodzaj><sln:powIIPId>1da0ca63-52c4-4e1d-869f-b591c1e264b6</sln:powIIPId><sln:powIIPPn>PL.PZGIK.200</sln:powIIPPn><sln:powIIPWersja>2012-09-27T08:58:33+02:00</sln:powIIPWersja><sln:powIdTeryt>1609</sln:powIdTeryt><sln:powNazwa>opolski</sln:powNazwa><sln:waznyOd>2013-12-13T00:00:00+01:00</sln:waznyOd><sln:wojIIPId>9bd0c42a-ca40-4b7d-9b5b-81aae3398015</sln:wojIIPId><sln:wojIIPPn>PL.PZGIK.200</sln:wojIIPPn><sln:wojIIPWersja>2017-10-10T00:00:00+02:00</sln:wojIIPWersja><sln:wojIdTeryt>16</sln:wojIdTeryt><sln:wojNazwa>opolskie</sln:wojNazwa></sln:miejscowosc><sln:miejscowosc><sln:cyklZyciaDo>2017-04-12T00:00:00+02:00</sln:cyklZyciaDo><sln:cyklZyciaOd>2015-07-13T00:00:00+02:00</sln:cyklZyciaOd><sln:gmIIPId>5e81d280-dc12-4a3d-b22e-83f701a040d6</sln:gmIIPId><sln:gmIIPPn>PL.PZGIK.200</sln:gmIIPPn><sln:gmIIPWersja>2012-09-26T21:59:34+02:00</sln:gmIIPWersja><sln:gmIdTeryt>1609012</sln:gmIdTeryt><sln:gmNazwa>Chrząstowice</sln:gmNazwa><sln:miejscIIPId>e993b382-4860-4ccb-a13c-15b64795d22d</sln:miejscIIPId><sln:miejscIIPPn>PL.PZGIK.200</sln:miejscIIPPn><sln:miejscIIPWersja>2016-11-24T10:44:31+02:00</sln:miejscIIPWersja><sln:miejscIdTeryt>0492581</sln:miejscIdTeryt><sln:miejscNazwa>Daniec</sln:miejscNazwa><sln:miejscRodzaj>Wieś</sln:miejscRodzaj><sln:powIIPId>1da0ca63-52c4-4e1d-869f-b591c1e264b6</sln:powIIPId><sln:powIIPPn>PL.PZGIK.200</sln:powIIPPn><sln:powIIPWersja>2012-09-27T08:58:33+02:00</sln:powIIPWersja><sln:powIdTeryt>1609</sln:powIdTeryt><sln:powNazwa>opolski</sln:powNazwa><sln:waznyOd>2013-12-13T00:00:00+01:00</sln:waznyOd><sln:wojIIPId>9bd0c42a-ca40-4b7d-9b5b-81aae3398015</sln:wojIIPId><sln:wojIIPPn>PL.PZGIK.200</sln:wojIIPPn><sln:wojIIPWersja>2017-10-10T00:00:00+02:00</sln:wojIIPWersja><sln:wojIdTeryt>16</sln:wojIdTeryt><sln:wojNazwa>opolskie</sln:wojNazwa></sln:miejscowosc><sln:miejscowosc><sln:cyklZyciaDo>2017-04-12T00:00:00+02:00</sln:cyklZyciaDo><sln:cyklZyciaOd>2015-07-13T00:00:00+02:00</sln:cyklZyciaOd><sln:gmIIPId>5e81d280-dc12-4a3d-b22e-83f701a040d6</sln:gmIIPId><sln:gmIIPPn>PL.PZGIK.200</sln:gmIIPPn><sln:gmIIPWersja>2012-09-26T21:59:34+02:00</sln:gmIIPWersja><sln:gmIdTeryt>1609012</sln:gmIdTeryt><sln:gmNazwa>Chrząstowice</sln:gmNazwa><sln:miejscIIPId>f67fbecc-e4bf-4808-949c-1c23039e3330</sln:miejscIIPId><sln:miejscIIPPn>PL.PZGIK.200</sln:miejscIIPPn><sln:miejscIIPWersja>2016-11-24T10:44:31+02:00</sln:miejscIIPWersja><sln:miejscIdTeryt>0492606</sln:miejscIdTeryt><sln:miejscNazwa>Dąbrowice</sln:miejscNazwa><sln:miejscRodzaj>Wieś</sln:miejscRodzaj><sln:powIIPId>1da0ca63-52c4-4e1d-869f-b591c1e264b6</sln:powIIPId><sln:powIIPPn>PL.PZGIK.200</sln:powIIPPn><sln:powIIPWersja>2012-09-27T08:58:33+02:00</sln:powIIPWersja><sln:powIdTeryt>1609</sln:powIdTeryt><sln:powNazwa>opolski</sln:powNazwa><sln:waznyOd>2013-12-13T00:00:00+01:00</sln:waznyOd><sln:wojIIPId>9bd0c42a-ca40-4b7d-9b5b-81aae3398015</sln:wojIIPId><sln:wojIIPPn>PL.PZGIK.200</sln:wojIIPPn><sln:wojIIPWersja>2017-10-10T00:00:00+02:00</sln:wojIIPWersja><sln:wojIdTeryt>16</sln:wojIdTeryt><sln:wojNazwa>opolskie</sln:wojNazwa></sln:miejscowosc><sln:miejscowosc><sln:cyklZyciaDo>2017-04-12T00:00:00+02:00</sln:cyklZyciaDo><sln:cyklZyciaOd>2015-07-13T00:00:00+02:00</sln:cyklZyciaOd><sln:gmIIPId>5e81d280-dc12-4a3d-b22e-83f701a040d6</sln:gmIIPId><sln:gmIIPPn>PL.PZGIK.200</sln:gmIIPPn><sln:gmIIPWersja>2012-09-26T21:59:34+02:00</sln:gmIIPWersja><sln:gmIdTeryt>1609012</sln:gmIdTeryt><sln:gmNazwa>Chrząstowice</sln:gmNazwa><sln:miejscIIPId>e7d844c5-4b45-4d85-bdb4-a48f7cf59b6b</sln:miejscIIPId><sln:miejscIIPPn>PL.PZGIK.200</sln:miejscIIPPn><sln:miejscIIPWersja>2016-11-24T10:44:31+02:00</sln:miejscIIPWersja><sln:miejscIdTeryt>0492612</sln:miejscIdTeryt><sln:miejscNazwa>Dębie</sln:miejscNazwa><sln:miejscRodzaj>Wieś</sln:miejscRodzaj><sln:powIIPId>1da0ca63-52c4-4e1d-869f-b591c1e264b6</sln:powIIPId><sln:powIIPPn>PL.PZGIK.200</sln:powIIPPn><sln:powIIPWersja>2012-09-27T08:58:33+02:00</sln:powIIPWersja><sln:powIdTeryt>1609</sln:powIdTeryt><sln:powNazwa>opolski</sln:powNazwa><sln:waznyOd>2013-12-13T00:00:00+01:00</sln:waznyOd><sln:wojIIPId>9bd0c42a-ca40-4b7d-9b5b-81aae3398015</sln:wojIIPId><sln:wojIIPPn>PL.PZGIK.200</sln:wojIIPPn><sln:wojIIPWersja>2017-10-10T00:00:00+02:00</sln:wojIIPWersja><sln:wojIdTeryt>16</sln:wojIdTeryt><sln:wojNazwa>opolskie</sln:wojNazwa></sln:miejscowosc><sln:miejscowosc><sln:cyklZyciaDo>2017-04-12T00:00:00+02:00</sln:cyklZyciaDo><sln:cyklZyciaOd>2015-07-13T00:00:00+02:00</sln:cyklZyciaOd><sln:gmIIPId>5e81d280-dc12-4a3d-b22e-83f701a040d6</sln:gmIIPId><sln:gmIIPPn>PL.PZGIK.200</sln:gmIIPPn><sln:gmIIPWersja>2012-09-26T21:59:34+02:00</sln:gmIIPWersja><sln:gmIdTeryt>1609012</sln:gmIdTeryt><sln:gmNazwa>Chrząstowice</sln:gmNazwa><sln:miejscIIPId>6912b0bc-2486-4506-8221-dea810bda7f6</sln:miejscIIPId><sln:miejscIIPPn>PL.PZGIK.200</sln:miejscIIPPn><sln:miejscIIPWersja>2016-11-24T10:44:31+02:00</sln:miejscIIPWersja><sln:miejscIdTeryt>0492629</sln:miejscIdTeryt><sln:miejscNazwa>Dębska Kuźnia</sln:miejscNazwa><sln:miejscRodzaj>Wieś</sln:miejscRodzaj><sln:powIIPId>1da0ca63-52c4-4e1d-869f-b591c1e264b6</sln:powIIPId><sln:powIIPPn>PL.PZGIK.200</sln:powIIPPn><sln:powIIPWersja>2012-09-27T08:58:33+02:00</sln:powIIPWersja><sln:powIdTeryt>1609</sln:powIdTeryt><sln:powNazwa>opolski</sln:powNazwa><sln:waznyOd>2013-12-13T00:00:00+01:00</sln:waznyOd><sln:wojIIPId>9bd0c42a-ca40-4b7d-9b5b-81aae3398015</sln:wojIIPId><sln:wojIIPPn>PL.PZGIK.200</sln:wojIIPPn><sln:wojIIPWersja>2017-10-10T00:00:00+02:00</sln:wojIIPWersja><sln:wojIdTeryt>16</sln:wojIdTeryt><sln:wojNazwa>opolskie</sln:wojNazwa></sln:miejscowosc><sln:miejscowosc><sln:cyklZyciaDo>2017-04-12T00:00:00+02:00</sln:cyklZyciaDo><sln:cyklZyciaOd>2015-07-13T00:00:00+02:00</sln:cyklZyciaOd><sln:gmIIPId>5e81d280-dc12-4a3d-b22e-83f701a040d6</sln:gmIIPId><sln:gmIIPPn>PL.PZGIK.200</sln:gmIIPPn><sln:gmIIPWersja>2012-09-26T21:59:34+02:00</sln:gmIIPWersja><sln:gmIdTeryt>1609012</sln:gmIdTeryt><sln:gmNazwa>Chrząstowice</sln:gmNazwa><sln:miejscIIPId>6b3673fe-dc6d-4e2a-95b9-2114ed08d510</sln:miejscIIPId><sln:miejscIIPPn>PL.PZGIK.200</sln:miejscIIPPn><sln:miejscIIPWersja>2016-11-24T10:44:31+02:00</sln:miejscIIPWersja><sln:miejscIdTeryt>0492635</sln:miejscIdTeryt><sln:miejscNazwa>Falmirowice</sln:miejscNazwa><sln:miejscRodzaj>Wieś</sln:miejscRodzaj><sln:powIIPId>1da0ca63-52c4-4e1d-869f-b591c1e264b6</sln:powIIPId><sln:powIIPPn>PL.PZGIK.200</sln:powIIPPn><sln:powIIPWersja>2012-09-27T08:58:33+02:00</sln:powIIPWersja><sln:powIdTeryt>1609</sln:powIdTeryt><sln:powNazwa>opolski</sln:powNazwa><sln:waznyOd>2013-12-13T00:00:00+01:00</sln:waznyOd><sln:wojIIPId>9bd0c42a-ca40-4b7d-9b5b-81aae3398015</sln:wojIIPId><sln:wojIIPPn>PL.PZGIK.200</sln:wojIIPPn><sln:wojIIPWersja>2017-10-10T00:00:00+02:00</sln:wojIIPWersja><sln:wojIdTeryt>16</sln:wojIdTeryt><sln:wojNazwa>opolskie</sln:wojNazwa></sln:miejscowosc><sln:miejscowosc><sln:cyklZyciaDo>2017-04-12T00:00:00+02:00</sln:cyklZyciaDo><sln:cyklZyciaOd>2015-07-13T00:00:00+02:00</sln:cyklZyciaOd><sln:gmIIPId>5e81d280-dc12-4a3d-b22e-83f701a040d6</sln:gmIIPId><sln:gmIIPPn>PL.PZGIK.200</sln:gmIIPPn><sln:gmIIPWersja>2012-09-26T21:59:34+02:00</sln:gmIIPWersja><sln:gmIdTeryt>1609012</sln:gmIdTeryt><sln:gmNazwa>Chrząstowice</sln:gmNazwa><sln:miejscIIPId>da78837a-2750-4dcb-bc9d-9cf11b0694bd</sln:miejscIIPId><sln:miejscIIPPn>PL.PZGIK.200</sln:miejscIIPPn><sln:miejscIIPWersja>2016-11-24T10:44:31+02:00</sln:miejscIIPWersja><sln:miejscIdTeryt>0492658</sln:miejscIdTeryt><sln:miejscNazwa>Lędziny</sln:miejscNazwa><sln:miejscRodzaj>Wieś</sln:miejscRodzaj><sln:powIIPId>1da0ca63-52c4-4e1d-869f-b591c1e264b6</sln:powIIPId><sln:powIIPPn>PL.PZGIK.200</sln:powIIPPn><sln:powIIPWersja>2012-09-27T08:58:33+02:00</sln:powIIPWersja><sln:powIdTeryt>1609</sln:powIdTeryt><sln:powNazwa>opolski</sln:powNazwa><sln:waznyOd>2013-12-13T00:00:00+01:00</sln:waznyOd><sln:wojIIPId>9bd0c42a-ca40-4b7d-9b5b-81aae3398015</sln:wojIIPId><sln:wojIIPPn>PL.PZGIK.200</sln:wojIIPPn><sln:wojIIPWersja>2017-10-10T00:00:00+02:00</sln:wojIIPWersja><sln:wojIdTeryt>16</sln:wojIdTeryt><sln:wojNazwa>opolskie</sln:wojNazwa></sln:miejscowosc><sln:miejscowosc><sln:cyklZyciaDo>2017-04-12T00:00:00+02:00</sln:cyklZyciaDo><sln:cyklZyciaOd>2015-07-13T00:00:00+02:00</sln:cyklZyciaOd><sln:gmIIPId>5e81d280-dc12-4a3d-b22e-83f701a040d6</sln:gmIIPId><sln:gmIIPPn>PL.PZGIK.200</sln:gmIIPPn><sln:gmIIPWersja>2012-09-26T21:59:34+02:00</sln:gmIIPWersja><sln:gmIdTeryt>1609012</sln:gmIdTeryt><sln:gmNazwa>Chrząstowice</sln:gmNazwa><sln:miejscIIPId>8f8e395f-f3a1-4450-ada2-b03318b37756</sln:miejscIIPId><sln:miejscIIPPn>PL.PZGIK.200</sln:miejscIIPPn><sln:miejscIIPWersja>2016-11-24T10:44:31+02:00</sln:miejscIIPWersja><sln:miejscIdTeryt>0492670</sln:miejscIdTeryt><sln:miejscNazwa>Niwki</sln:miejscNazwa><sln:miejscRodzaj>Wieś</sln:miejscRodzaj><sln:powIIPId>1da0ca63-52c4-4e1d-869f-b591c1e264b6</sln:powIIPId><sln:powIIPPn>PL.PZGIK.200</sln:powIIPPn><sln:powIIPWersja>2012-09-27T08:58:33+02:00</sln:powIIPWersja><sln:powIdTeryt>1609</sln:powIdTeryt><sln:powNazwa>opolski</sln:powNazwa><sln:waznyOd>2013-12-13T00:00:00+01:00</sln:waznyOd><sln:wojIIPId>9bd0c42a-ca40-4b7d-9b5b-81aae3398015</sln:wojIIPId><sln:wojIIPPn>PL.PZGIK.200</sln:wojIIPPn><sln:wojIIPWersja>2017-10-10T00:00:00+02:00</sln:wojIIPWersja><sln:wojIdTeryt>16</sln:wojIdTeryt><sln:wojNazwa>opolskie</sln:wojNazwa></sln:miejscowosc><sln:miejscowosc><sln:cyklZyciaDo>2017-04-12T00:00:00+02:00</sln:cyklZyciaDo><sln:cyklZyciaOd>2015-07-13T00:00:00+02:00</sln:cyklZyciaOd><sln:gmIIPId>5e81d280-dc12-4a3d-b22e-83f701a040d6</sln:gmIIPId><sln:gmIIPPn>PL.PZGIK.200</sln:gmIIPPn><sln:gmIIPWersja>2012-09-26T21:59:34+02:00</sln:gmIIPWersja><sln:gmIdTeryt>1609012</sln:gmIdTeryt><sln:gmNazwa>Chrząstowice</sln:gmNazwa><sln:miejscIIPId>d4a1d321-e0a0-4acb-b17d-ac71b88085a7</sln:miejscIIPId><sln:miejscIIPPn>PL.PZGIK.200</sln:miejscIIPPn><sln:miejscIIPWersja>2016-11-24T10:44:31+02:00</sln:miejscIIPWersja><sln:miejscIdTeryt>0492687</sln:miejscIdTeryt><sln:miejscNazwa>Suchy Bór</sln:miejscNazwa><sln:miejscRodzaj>Wieś</sln:miejscRodzaj><sln:powIIPId>1da0ca63-52c4-4e1d-869f-b591c1e264b6</sln:powIIPId><sln:powIIPPn>PL.PZGIK.200</sln:powIIPPn><sln:powIIPWersja>2012-09-27T08:58:33+02:00</sln:powIIPWersja><sln:powIdTeryt>1609</sln:powIdTeryt><sln:powNazwa>opolski</sln:powNazwa><sln:waznyOd>2013-12-13T00:00:00+01:00</sln:waznyOd><sln:wojIIPId>9bd0c42a-ca40-4b7d-9b5b-81aae3398015</sln:wojIIPId><sln:wojIIPPn>PL.PZGIK.200</sln:wojIIPPn><sln:wojIIPWersja>2017-10-10T00:00:00+02:00</sln:wojIIPWersja><sln:wojIdTeryt>16</sln:wojIdTeryt><sln:wojNazwa>opolskie</sln:wojNazwa></sln:miejscowosc><sln:miejscowosc><sln:cyklZyciaOd>2017-04-12T00:00:00+02:00</sln:cyklZyciaOd><sln:gmIIPId>5e81d280-dc12-4a3d-b22e-83f701a040d6</sln:gmIIPId><sln:gmIIPPn>PL.PZGIK.200</sln:gmIIPPn><sln:gmIIPWersja>2012-09-26T21:59:34+02:00</sln:gmIIPWersja><sln:gmIdTeryt>1609012</sln:gmIdTeryt><sln:gmNazwa>Chrząstowice</sln:gmNazwa><sln:miejscIIPId>fc8d32b5-729d-4c62-995a-c248c974bc68</sln:miejscIIPId><sln:miejscIIPPn>PL.PZGIK.200</sln:miejscIIPPn><sln:miejscIIPWersja>2017-04-12T13:45:51+02:00</sln:miejscIIPWersja><sln:miejscIdTeryt>0492575</sln:miejscIdTeryt><sln:miejscNazwa>Chrząstowice</sln:miejscNazwa><sln:miejscRodzaj>Wieś</sln:miejscRodzaj><sln:powIIPId>1da0ca63-52c4-4e1d-869f-b591c1e264b6</sln:powIIPId><sln:powIIPPn>PL.PZGIK.200</sln:powIIPPn><sln:powIIPWersja>2012-09-27T08:58:33+02:00</sln:powIIPWersja><sln:powIdTeryt>1609</sln:powIdTeryt><sln:powNazwa>opolski</sln:powNazwa><sln:waznyOd>2013-12-13T00:00:00+01:00</sln:waznyOd><sln:wojIIPId>9bd0c42a-ca40-4b7d-9b5b-81aae3398015</sln:wojIIPId><sln:wojIIPPn>PL.PZGIK.200</sln:wojIIPPn><sln:wojIIPWersja>2017-10-10T00:00:00+02:00</sln:wojIIPWersja><sln:wojIdTeryt>16</sln:wojIdTeryt><sln:wojNazwa>opolskie</sln:wojNazwa></sln:miejscowosc><sln:miejscowosc><sln:cyklZyciaOd>2017-04-12T00:00:00+02:00</sln:cyklZyciaOd><sln:gmIIPId>5e81d280-dc12-4a3d-b22e-83f701a040d6</sln:gmIIPId><sln:gmIIPPn>PL.PZGIK.200</sln:gmIIPPn><sln:gmIIPWersja>2012-09-26T21:59:34+02:00</sln:gmIIPWersja><sln:gmIdTeryt>1609012</sln:gmIdTeryt><sln:gmNazwa>Chrząstowice</sln:gmNazwa><sln:miejscIIPId>e993b382-4860-4ccb-a13c-15b64795d22d</sln:miejscIIPId><sln:miejscIIPPn>PL.PZGIK.200</sln:miejscIIPPn><sln:miejscIIPWersja>2017-04-12T13:45:59+02:00</sln:miejscIIPWersja><sln:miejscIdTeryt>0492581</sln:miejscIdTeryt><sln:miejscNazwa>Daniec</sln:miejscNazwa><sln:miejscRodzaj>Wieś</sln:miejscRodzaj><sln:powIIPId>1da0ca63-52c4-4e1d-869f-b591c1e264b6</sln:powIIPId><sln:powIIPPn>PL.PZGIK.200</sln:powIIPPn><sln:powIIPWersja>2012-09-27T08:58:33+02:00</sln:powIIPWersja><sln:powIdTeryt>1609</sln:powIdTeryt><sln:powNazwa>opolski</sln:powNazwa><sln:waznyOd>2013-12-13T00:00:00+01:00</sln:waznyOd><sln:wojIIPId>9bd0c42a-ca40-4b7d-9b5b-81aae3398015</sln:wojIIPId><sln:wojIIPPn>PL.PZGIK.200</sln:wojIIPPn><sln:wojIIPWersja>2017-10-10T00:00:00+02:00</sln:wojIIPWersja><sln:wojIdTeryt>16</sln:wojIdTeryt><sln:wojNazwa>opolskie</sln:wojNazwa></sln:miejscowosc><sln:miejscowosc><sln:cyklZyciaOd>2017-04-12T00:00:00+02:00</sln:cyklZyciaOd><sln:gmIIPId>5e81d280-dc12-4a3d-b22e-83f701a040d6</sln:gmIIPId><sln:gmIIPPn>PL.PZGIK.200</sln:gmIIPPn><sln:gmIIPWersja>2012-09-26T21:59:34+02:00</sln:gmIIPWersja><sln:gmIdTeryt>1609012</sln:gmIdTeryt><sln:gmNazwa>Chrząstowice</sln:gmNazwa><sln:miejscIIPId>f67fbecc-e4bf-4808-949c-1c23039e3330</sln:miejscIIPId><sln:miejscIIPPn>PL.PZGIK.200</sln:miejscIIPPn><sln:miejscIIPWersja>2017-04-12T13:46:00+02:00</sln:miejscIIPWersja><sln:miejscIdTeryt>0492606</sln:miejscIdTeryt><sln:miejscNazwa>Dąbrowice</sln:miejscNazwa><sln:miejscRodzaj>Wieś</sln:miejscRodzaj><sln:powIIPId>1da0ca63-52c4-4e1d-869f-b591c1e264b6</sln:powIIPId><sln:powIIPPn>PL.PZGIK.200</sln:powIIPPn><sln:powIIPWersja>2012-09-27T08:58:33+02:00</sln:powIIPWersja><sln:powIdTeryt>1609</sln:powIdTeryt><sln:powNazwa>opolski</sln:powNazwa><sln:waznyOd>2013-12-13T00:00:00+01:00</sln:waznyOd><sln:wojIIPId>9bd0c42a-ca40-4b7d-9b5b-81aae3398015</sln:wojIIPId><sln:wojIIPPn>PL.PZGIK.200</sln:wojIIPPn><sln:wojIIPWersja>2017-10-10T00:00:00+02:00</sln:wojIIPWersja><sln:wojIdTeryt>16</sln:wojIdTeryt><sln:wojNazwa>opolskie</sln:wojNazwa></sln:miejscowosc><sln:miejscowosc><sln:cyklZyciaOd>2017-04-12T00:00:00+02:00</sln:cyklZyciaOd><sln:gmIIPId>5e81d280-dc12-4a3d-b22e-83f701a040d6</sln:gmIIPId><sln:gmIIPPn>PL.PZGIK.200</sln:gmIIPPn><sln:gmIIPWersja>2012-09-26T21:59:34+02:00</sln:gmIIPWersja><sln:gmIdTeryt>1609012</sln:gmIdTeryt><sln:gmNazwa>Chrząstowice</sln:gmNazwa><sln:miejscIIPId>e7d844c5-4b45-4d85-bdb4-a48f7cf59b6b</sln:miejscIIPId><sln:miejscIIPPn>PL.PZGIK.200</sln:miejscIIPPn><sln:miejscIIPWersja>2017-04-12T13:46:00+02:00</sln:miejscIIPWersja><sln:miejscIdTeryt>0492612</sln:miejscIdTeryt><sln:miejscNazwa>Dębie</sln:miejscNazwa><sln:miejscRodzaj>Wieś</sln:miejscRodzaj><sln:powIIPId>1da0ca63-52c4-4e1d-869f-b591c1e264b6</sln:powIIPId><sln:powIIPPn>PL.PZGIK.200</sln:powIIPPn><sln:powIIPWersja>2012-09-27T08:58:33+02:00</sln:powIIPWersja><sln:powIdTeryt>1609</sln:powIdTeryt><sln:powNazwa>opolski</sln:powNazwa><sln:waznyOd>2013-12-13T00:00:00+01:00</sln:waznyOd><sln:wojIIPId>9bd0c42a-ca40-4b7d-9b5b-81aae3398015</sln:wojIIPId><sln:wojIIPPn>PL.PZGIK.200</sln:wojIIPPn><sln:wojIIPWersja>2017-10-10T00:00:00+02:00</sln:wojIIPWersja><sln:wojIdTeryt>16</sln:wojIdTeryt><sln:wojNazwa>opolskie</sln:wojNazwa></sln:miejscowosc><sln:miejscowosc><sln:cyklZyciaOd>2017-04-12T00:00:00+02:00</sln:cyklZyciaOd><sln:gmIIPId>5e81d280-dc12-4a3d-b22e-83f701a040d6</sln:gmIIPId><sln:gmIIPPn>PL.PZGIK.200</sln:gmIIPPn><sln:gmIIPWersja>2012-09-26T21:59:34+02:00</sln:gmIIPWersja><sln:gmIdTeryt>1609012</sln:gmIdTeryt><sln:gmNazwa>Chrząstowice</sln:gmNazwa><sln:miejscIIPId>6912b0bc-2486-4506-8221-dea810bda7f6</sln:miejscIIPId><sln:miejscIIPPn>PL.PZGIK.200</sln:miejscIIPPn><sln:miejscIIPWersja>2017-04-12T13:46:00+02:00</sln:miejscIIPWersja><sln:miejscIdTeryt>0492629</sln:miejscIdTeryt><sln:miejscNazwa>Dębska Kuźnia</sln:miejscNazwa><sln:miejscRodzaj>Wieś</sln:miejscRodzaj><sln:powIIPId>1da0ca63-52c4-4e1d-869f-b591c1e264b6</sln:powIIPId><sln:powIIPPn>PL.PZGIK.200</sln:powIIPPn><sln:powIIPWersja>2012-09-27T08:58:33+02:00</sln:powIIPWersja><sln:powIdTeryt>1609</sln:powIdTeryt><sln:powNazwa>opolski</sln:powNazwa><sln:waznyOd>2013-12-13T00:00:00+01:00</sln:waznyOd><sln:wojIIPId>9bd0c42a-ca40-4b7d-9b5b-81aae3398015</sln:wojIIPId><sln:wojIIPPn>PL.PZGIK.200</sln:wojIIPPn><sln:wojIIPWersja>2017-10-10T00:00:00+02:00</sln:wojIIPWersja><sln:wojIdTeryt>16</sln:wojIdTeryt><sln:wojNazwa>opolskie</sln:wojNazwa></sln:miejscowosc><sln:miejscowosc><sln:cyklZyciaOd>2017-04-12T00:00:00+02:00</sln:cyklZyciaOd><sln:gmIIPId>5e81d280-dc12-4a3d-b22e-83f701a040d6</sln:gmIIPId><sln:gmIIPPn>PL.PZGIK.200</sln:gmIIPPn><sln:gmIIPWersja>2012-09-26T21:59:34+02:00</sln:gmIIPWersja><sln:gmIdTeryt>1609012</sln:gmIdTeryt><sln:gmNazwa>Chrząstowice</sln:gmNazwa><sln:miejscIIPId>6b3673fe-dc6d-4e2a-95b9-2114ed08d510</sln:miejscIIPId><sln:miejscIIPPn>PL.PZGIK.200</sln:miejscIIPPn><sln:miejscIIPWersja>2017-04-12T13:46:00+02:00</sln:miejscIIPWersja><sln:miejscIdTeryt>0492635</sln:miejscIdTeryt><sln:miejscNazwa>Falmirowice</sln:miejscNazwa><sln:miejscRodzaj>Wieś</sln:miejscRodzaj><sln:powIIPId>1da0ca63-52c4-4e1d-869f-b591c1e264b6</sln:powIIPId><sln:powIIPPn>PL.PZGIK.200</sln:powIIPPn><sln:powIIPWersja>2012-09-27T08:58:33+02:00</sln:powIIPWersja><sln:powIdTeryt>1609</sln:powIdTeryt><sln:powNazwa>opolski</sln:powNazwa><sln:waznyOd>2013-12-13T00:00:00+01:00</sln:waznyOd><sln:wojIIPId>9bd0c42a-ca40-4b7d-9b5b-81aae3398015</sln:wojIIPId><sln:wojIIPPn>PL.PZGIK.200</sln:wojIIPPn><sln:wojIIPWersja>2017-10-10T00:00:00+02:00</sln:wojIIPWersja><sln:wojIdTeryt>16</sln:wojIdTeryt><sln:wojNazwa>opolskie</sln:wojNazwa></sln:miejscowosc><sln:miejscowosc><sln:cyklZyciaOd>2017-04-12T00:00:00+02:00</sln:cyklZyciaOd><sln:gmIIPId>5e81d280-dc12-4a3d-b22e-83f701a040d6</sln:gmIIPId><sln:gmIIPPn>PL.PZGIK.200</sln:gmIIPPn><sln:gmIIPWersja>2012-09-26T21:59:34+02:00</sln:gmIIPWersja><sln:gmIdTeryt>1609012</sln:gmIdTeryt><sln:gmNazwa>Chrząstowice</sln:gmNazwa><sln:miejscIIPId>da78837a-2750-4dcb-bc9d-9cf11b0694bd</sln:miejscIIPId><sln:miejscIIPPn>PL.PZGIK.200</sln:miejscIIPPn><sln:miejscIIPWersja>2017-04-12T13:46:00+02:00</sln:miejscIIPWersja><sln:miejscIdTeryt>0492658</sln:miejscIdTeryt><sln:miejscNazwa>Lędziny</sln:miejscNazwa><sln:miejscRodzaj>Wieś</sln:miejscRodzaj><sln:powIIPId>1da0ca63-52c4-4e1d-869f-b591c1e264b6</sln:powIIPId><sln:powIIPPn>PL.PZGIK.200</sln:powIIPPn><sln:powIIPWersja>2012-09-27T08:58:33+02:00</sln:powIIPWersja><sln:powIdTeryt>1609</sln:powIdTeryt><sln:powNazwa>opolski</sln:powNazwa><sln:waznyOd>2013-12-13T00:00:00+01:00</sln:waznyOd><sln:wojIIPId>9bd0c42a-ca40-4b7d-9b5b-81aae3398015</sln:wojIIPId><sln:wojIIPPn>PL.PZGIK.200</sln:wojIIPPn><sln:wojIIPWersja>2017-10-10T00:00:00+02:00</sln:wojIIPWersja><sln:wojIdTeryt>16</sln:wojIdTeryt><sln:wojNazwa>opolskie</sln:wojNazwa></sln:miejscowosc><sln:miejscowosc><sln:cyklZyciaOd>2017-04-12T00:00:00+02:00</sln:cyklZyciaOd><sln:gmIIPId>5e81d280-dc12-4a3d-b22e-83f701a040d6</sln:gmIIPId><sln:gmIIPPn>PL.PZGIK.200</sln:gmIIPPn><sln:gmIIPWersja>2012-09-26T21:59:34+02:00</sln:gmIIPWersja><sln:gmIdTeryt>1609012</sln:gmIdTeryt><sln:gmNazwa>Chrząstowice</sln:gmNazwa><sln:miejscIIPId>8f8e395f-f3a1-4450-ada2-b03318b37756</sln:miejscIIPId><sln:miejscIIPPn>PL.PZGIK.200</sln:miejscIIPPn><sln:miejscIIPWersja>2017-04-12T13:46:00+02:00</sln:miejscIIPWersja><sln:miejscIdTeryt>0492670</sln:miejscIdTeryt><sln:miejscNazwa>Niwki</sln:miejscNazwa><sln:miejscRodzaj>Wieś</sln:miejscRodzaj><sln:powIIPId>1da0ca63-52c4-4e1d-869f-b591c1e264b6</sln:powIIPId><sln:powIIPPn>PL.PZGIK.200</sln:powIIPPn><sln:powIIPWersja>2012-09-27T08:58:33+02:00</sln:powIIPWersja><sln:powIdTeryt>1609</sln:powIdTeryt><sln:powNazwa>opolski</sln:powNazwa><sln:waznyOd>2013-12-13T00:00:00+01:00</sln:waznyOd><sln:wojIIPId>9bd0c42a-ca40-4b7d-9b5b-81aae3398015</sln:wojIIPId><sln:wojIIPPn>PL.PZGIK.200</sln:wojIIPPn><sln:wojIIPWersja>2017-10-10T00:00:00+02:00</sln:wojIIPWersja><sln:wojIdTeryt>16</sln:wojIdTeryt><sln:wojNazwa>opolskie</sln:wojNazwa></sln:miejscowosc><sln:miejscowosc><sln:cyklZyciaOd>2017-04-12T00:00:00+02:00</sln:cyklZyciaOd><sln:gmIIPId>5e81d280-dc12-4a3d-b22e-83f701a040d6</sln:gmIIPId><sln:gmIIPPn>PL.PZGIK.200</sln:gmIIPPn><sln:gmIIPWersja>2012-09-26T21:59:34+02:00</sln:gmIIPWersja><sln:gmIdTeryt>1609012</sln:gmIdTeryt><sln:gmNazwa>Chrząstowice</sln:gmNazwa><sln:miejscIIPId>d4a1d321-e0a0-4acb-b17d-ac71b88085a7</sln:miejscIIPId><sln:miejscIIPPn>PL.PZGIK.200</sln:miejscIIPPn><sln:miejscIIPWersja>2017-04-12T13:46:00+02:00</sln:miejscIIPWersja><sln:miejscIdTeryt>0492687</sln:miejscIdTeryt><sln:miejscNazwa>Suchy Bór</sln:miejscNazwa><sln:miejscRodzaj>Wieś</sln:miejscRodzaj><sln:powIIPId>1da0ca63-52c4-4e1d-869f-b591c1e264b6</sln:powIIPId><sln:powIIPPn>PL.PZGIK.200</sln:powIIPPn><sln:powIIPWersja>2012-09-27T08:58:33+02:00</sln:powIIPWersja><sln:powIdTeryt>1609</sln:powIdTeryt><sln:powNazwa>opolski</sln:powNazwa><sln:waznyOd>2013-12-13T00:00:00+01:00</sln:waznyOd><sln:wojIIPId>9bd0c42a-ca40-4b7d-9b5b-81aae3398015</sln:wojIIPId><sln:wojIIPPn>PL.PZGIK.200</sln:wojIIPPn><sln:wojIIPWersja>2017-10-10T00:00:00+02:00</sln:wojIIPWersja><sln:wojIdTeryt>16</sln:wojIdTeryt><sln:wojNazwa>opolskie</sln:wojNazwa></sln:miejscowosc></sln:lista-miejscowosci>