<?xml version="1.0" encoding="UTF-8" standalone="yes"?><sln:lista-miejscowosci xmlns:srv="http://gugik.gov.pl/schemas/slowniki-service/1.0" xmlns:sln="http://gugik.gov.pl/schemas/slowniki-schema/1.0"><sln:miejscowosc><sln:cyklZyciaOd>2012-04-26T00:00:00+02:00</sln:cyklZyciaOd><sln:gmIIPId>848f1c6d-7ae6-4928-8df1-b65460d55a82</sln:gmIIPId><sln:gmIIPPn>PL.PZGIK.200</sln:gmIIPPn><sln:gmIIPWersja>2012-09-26T21:59:17+02:00</sln:gmIIPWersja><sln:gmIdTeryt>1606032</sln:gmIdTeryt><sln:gmNazwa>Pokój</sln:gmNazwa><sln:miejscIIPId>6f0e4db4-75b6-42d6-93ed-489a59e2f007</sln:miejscIIPId><sln:miejscIIPPn>PL.PZGIK.200</sln:miejscIIPPn><sln:miejscIIPWersja>2016-11-24T13:27:57+02:00</sln:miejscIIPWersja><sln:miejscIdTeryt>3000802</sln:miejscIdTeryt><sln:miejscNazwa>Kolonia Krogulna</sln:miejscNazwa><sln:miejscRodzaj>Inny obiekt</sln:miejscRodzaj><sln:powIIPId>7cbdc34b-4beb-4fc6-8ffa-9ada7810cc65</sln:powIIPId><sln:powIIPPn>PL.PZGIK.200</sln:powIIPPn><sln:powIIPWersja>2012-09-27T08:58:33+02:00</sln:powIIPWersja><sln:powIdTeryt>1606</sln:powIdTeryt><sln:powNazwa>namysłowski</sln:powNazwa><sln:wojIIPId>9bd0c42a-ca40-4b7d-9b5b-81aae3398015</sln:wojIIPId><sln:wojIIPPn>PL.PZGIK.200</sln:wojIIPPn><sln:wojIIPWersja>2017-10-10T00:00:00+02:00</sln:wojIIPWersja><sln:wojIdTeryt>16</sln:wojIdTeryt><sln:wojNazwa>opolskie</sln:wojNazwa></sln:miejscowosc><sln:miejscowosc><sln:cyklZyciaOd>2012-04-26T00:00:00+02:00</sln:cyklZyciaOd><sln:gmIIPId>848f1c6d-7ae6-4928-8df1-b65460d55a82</sln:gmIIPId><sln:gmIIPPn>PL.PZGIK.200</sln:gmIIPPn><sln:gmIIPWersja>2012-09-26T21:59:17+02:00</sln:gmIIPWersja><sln:gmIdTeryt>1606032</sln:gmIdTeryt><sln:gmNazwa>Pokój</sln:gmNazwa><sln:miejscIIPId>69564610-48cc-4737-bc2c-f38c0c528dec</sln:miejscIIPId><sln:miejscIIPPn>PL.PZGIK.200</sln:miejscIIPPn><sln:miejscIIPWersja>2016-11-24T13:28:41+02:00</sln:miejscIIPWersja><sln:miejscIdTeryt>0502026</sln:miejscIdTeryt><sln:miejscNazwa>Pokój</sln:miejscNazwa><sln:miejscRodzaj>Wieś</sln:miejscRodzaj><sln:powIIPId>7cbdc34b-4beb-4fc6-8ffa-9ada7810cc65</sln:powIIPId><sln:powIIPPn>PL.PZGIK.200</sln:powIIPPn><sln:powIIPWersja>2012-09-27T08:58:33+02:00</sln:powIIPWersja><sln:powIdTeryt>1606</sln:powIdTeryt><sln:powNazwa>namysłowski</sln:powNazwa><sln:wojIIPId>9bd0c42a-ca40-4b7d-9b5b-81aae3398015</sln:wojIIPId><sln:wojIIPPn>PL.PZGIK.200</sln:wojIIPPn><sln:wojIIPWersja>2017-10-10T00:00:00+02:00</sln:wojIIPWersja><sln:wojIdTeryt>16</sln:wojIdTeryt><sln:wojNazwa>opolskie</sln:wojNazwa></sln:miejscowosc><sln:miejscowosc><sln:cyklZyciaOd>2012-04-26T00:00:00+02:00</sln:cyklZyciaOd><sln:gmIIPId>848f1c6d-7ae6-4928-8df1-b65460d55a82</sln:gmIIPId><sln:gmIIPPn>PL.PZGIK.200</sln:gmIIPPn><sln:gmIIPWersja>2012-09-26T21:59:17+02:00</sln:gmIIPWersja><sln:gmIdTeryt>1606032</sln:gmIdTeryt><sln:gmNazwa>Pokój</sln:gmNazwa><sln:miejscIIPId>210a32ef-cfd5-4511-bcb3-7a3d4024ca57</sln:miejscIIPId><sln:miejscIIPPn>PL.PZGIK.200</sln:miejscIIPPn><sln:miejscIIPWersja>2016-11-24T13:30:25+02:00</sln:miejscIIPWersja><sln:miejscIdTeryt>0502032</sln:miejscIdTeryt><sln:miejscNazwa>Siedlice</sln:miejscNazwa><sln:miejscRodzaj>Wieś</sln:miejscRodzaj><sln:powIIPId>7cbdc34b-4beb-4fc6-8ffa-9ada7810cc65</sln:powIIPId><sln:powIIPPn>PL.PZGIK.200</sln:powIIPPn><sln:powIIPWersja>2012-09-27T08:58:33+02:00</sln:powIIPWersja><sln:powIdTeryt>1606</sln:powIdTeryt><sln:powNazwa>namysłowski</sln:powNazwa><sln:wojIIPId>9bd0c42a-ca40-4b7d-9b5b-81aae3398015</sln:wojIIPId><sln:wojIIPPn>PL.PZGIK.200</sln:wojIIPPn><sln:wojIIPWersja>2017-10-10T00:00:00+02:00</sln:wojIIPWersja><sln:wojIdTeryt>16</sln:wojIdTeryt><sln:wojNazwa>opolskie</sln:wojNazwa></sln:miejscowosc><sln:miejscowosc><sln:cyklZyciaOd>2012-04-26T00:00:00+02:00</sln:cyklZyciaOd><sln:gmIIPId>848f1c6d-7ae6-4928-8df1-b65460d55a82</sln:gmIIPId><sln:gmIIPPn>PL.PZGIK.200</sln:gmIIPPn><sln:gmIIPWersja>2012-09-26T21:59:17+02:00</sln:gmIIPWersja><sln:gmIdTeryt>1606032</sln:gmIdTeryt><sln:gmNazwa>Pokój</sln:gmNazwa><sln:miejscIIPId>66c82c5b-5a9c-4432-bdeb-241efe78e7f9</sln:miejscIIPId><sln:miejscIIPPn>PL.PZGIK.200</sln:miejscIIPPn><sln:miejscIIPWersja>2016-11-24T13:34:48+02:00</sln:miejscIIPWersja><sln:miejscIdTeryt>0502061</sln:miejscIdTeryt><sln:miejscNazwa>Zieleniec</sln:miejscNazwa><sln:miejscRodzaj>Wieś</sln:miejscRodzaj><sln:powIIPId>7cbdc34b-4beb-4fc6-8ffa-9ada7810cc65</sln:powIIPId><sln:powIIPPn>PL.PZGIK.200</sln:powIIPPn><sln:powIIPWersja>2012-09-27T08:58:33+02:00</sln:powIIPWersja><sln:powIdTeryt>1606</sln:powIdTeryt><sln:powNazwa>namysłowski</sln:powNazwa><sln:wojIIPId>9bd0c42a-ca40-4b7d-9b5b-81aae3398015</sln:wojIIPId><sln:wojIIPPn>PL.PZGIK.200</sln:wojIIPPn><sln:wojIIPWersja>2017-10-10T00:00:00+02:00</sln:wojIIPWersja><sln:wojIdTeryt>16</sln:wojIdTeryt><sln:wojNazwa>opolskie</sln:wojNazwa></sln:miejscowosc><sln:miejscowosc><sln:cyklZyciaOd>2012-04-26T00:00:00+02:00</sln:cyklZyciaOd><sln:gmIIPId>848f1c6d-7ae6-4928-8df1-b65460d55a82</sln:gmIIPId><sln:gmIIPPn>PL.PZGIK.200</sln:gmIIPPn><sln:gmIIPWersja>2012-09-26T21:59:17+02:00</sln:gmIIPWersja><sln:gmIdTeryt>1606032</sln:gmIdTeryt><sln:gmNazwa>Pokój</sln:gmNazwa><sln:miejscIIPId>95c66e3b-5a04-4e2e-8611-1dbeeaebc31d</sln:miejscIIPId><sln:miejscIIPPn>PL.PZGIK.200</sln:miejscIIPPn><sln:miejscIIPWersja>2016-11-24T13:34:41+02:00</sln:miejscIIPWersja><sln:miejscIdTeryt>0502049</sln:miejscIdTeryt><sln:miejscNazwa>Zawiść</sln:miejscNazwa><sln:miejscRodzaj>Wieś</sln:miejscRodzaj><sln:powIIPId>7cbdc34b-4beb-4fc6-8ffa-9ada7810cc65</sln:powIIPId><sln:powIIPPn>PL.PZGIK.200</sln:powIIPPn><sln:powIIPWersja>2012-09-27T08:58:33+02:00</sln:powIIPWersja><sln:powIdTeryt>1606</sln:powIdTeryt><sln:powNazwa>namysłowski</sln:powNazwa><sln:wojIIPId>9bd0c42a-ca40-4b7d-9b5b-81aae3398015</sln:wojIIPId><sln:wojIIPPn>PL.PZGIK.200</sln:wojIIPPn><sln:wojIIPWersja>2017-10-10T00:00:00+02:00</sln:wojIIPWersja><sln:wojIdTeryt>16</sln:wojIdTeryt><sln:wojNazwa>opolskie</sln:wojNazwa></sln:miejscowosc><sln:miejscowosc><sln:cyklZyciaOd>2012-04-26T00:00:00+02:00</sln:cyklZyciaOd><sln:gmIIPId>848f1c6d-7ae6-4928-8df1-b65460d55a82</sln:gmIIPId><sln:gmIIPPn>PL.PZGIK.200</sln:gmIIPPn><sln:gmIIPWersja>2012-09-26T21:59:17+02:00</sln:gmIIPWersja><sln:gmIdTeryt>1606032</sln:gmIdTeryt><sln:gmNazwa>Pokój</sln:gmNazwa><sln:miejscIIPId>f74ec0dc-44f6-4f4b-997b-20b528886377</sln:miejscIIPId><sln:miejscIIPPn>PL.PZGIK.200</sln:miejscIIPPn><sln:miejscIIPWersja>2016-11-24T13:36:07+02:00</sln:miejscIIPWersja><sln:miejscIdTeryt>0501854</sln:miejscIdTeryt><sln:miejscNazwa>Dąbrówka Dolna</sln:miejscNazwa><sln:miejscRodzaj>Wieś</sln:miejscRodzaj><sln:powIIPId>7cbdc34b-4beb-4fc6-8ffa-9ada7810cc65</sln:powIIPId><sln:powIIPPn>PL.PZGIK.200</sln:powIIPPn><sln:powIIPWersja>2012-09-27T08:58:33+02:00</sln:powIIPWersja><sln:powIdTeryt>1606</sln:powIdTeryt><sln:powNazwa>namysłowski</sln:powNazwa><sln:wojIIPId>9bd0c42a-ca40-4b7d-9b5b-81aae3398015</sln:wojIIPId><sln:wojIIPPn>PL.PZGIK.200</sln:wojIIPPn><sln:wojIIPWersja>2017-10-10T00:00:00+02:00</sln:wojIIPWersja><sln:wojIdTeryt>16</sln:wojIdTeryt><sln:wojNazwa>opolskie</sln:wojNazwa></sln:miejscowosc><sln:miejscowosc><sln:cyklZyciaOd>2012-04-26T00:00:00+02:00</sln:cyklZyciaOd><sln:gmIIPId>848f1c6d-7ae6-4928-8df1-b65460d55a82</sln:gmIIPId><sln:gmIIPPn>PL.PZGIK.200</sln:gmIIPPn><sln:gmIIPWersja>2012-09-26T21:59:17+02:00</sln:gmIIPWersja><sln:gmIdTeryt>1606032</sln:gmIdTeryt><sln:gmNazwa>Pokój</sln:gmNazwa><sln:miejscIIPId>8e2ffcf7-0b82-40d6-b9a0-4681b838df98</sln:miejscIIPId><sln:miejscIIPPn>PL.PZGIK.200</sln:miejscIIPPn><sln:miejscIIPWersja>2016-11-24T13:36:38+02:00</sln:miejscIIPWersja><sln:miejscIdTeryt>0501877</sln:miejscIdTeryt><sln:miejscNazwa>Domaradz</sln:miejscNazwa><sln:miejscRodzaj>Wieś</sln:miejscRodzaj><sln:powIIPId>7cbdc34b-4beb-4fc6-8ffa-9ada7810cc65</sln:powIIPId><sln:powIIPPn>PL.PZGIK.200</sln:powIIPPn><sln:powIIPWersja>2012-09-27T08:58:33+02:00</sln:powIIPWersja><sln:powIdTeryt>1606</sln:powIdTeryt><sln:powNazwa>namysłowski</sln:powNazwa><sln:wojIIPId>9bd0c42a-ca40-4b7d-9b5b-81aae3398015</sln:wojIIPId><sln:wojIIPPn>PL.PZGIK.200</sln:wojIIPPn><sln:wojIIPWersja>2017-10-10T00:00:00+02:00</sln:wojIIPWersja><sln:wojIdTeryt>16</sln:wojIdTeryt><sln:wojNazwa>opolskie</sln:wojNazwa></sln:miejscowosc><sln:miejscowosc><sln:cyklZyciaOd>2012-04-26T00:00:00+02:00</sln:cyklZyciaOd><sln:gmIIPId>848f1c6d-7ae6-4928-8df1-b65460d55a82</sln:gmIIPId><sln:gmIIPPn>PL.PZGIK.200</sln:gmIIPPn><sln:gmIIPWersja>2012-09-26T21:59:17+02:00</sln:gmIIPWersja><sln:gmIdTeryt>1606032</sln:gmIdTeryt><sln:gmNazwa>Pokój</sln:gmNazwa><sln:miejscIIPId>7b182d58-d53e-4db1-8df1-413ebf64f046</sln:miejscIIPId><sln:miejscIIPPn>PL.PZGIK.200</sln:miejscIIPPn><sln:miejscIIPWersja>2016-11-24T13:36:38+02:00</sln:miejscIIPWersja><sln:miejscIdTeryt>0501937</sln:miejscIdTeryt><sln:miejscNazwa>Domaradzka Kuźnia</sln:miejscNazwa><sln:miejscRodzaj>Wieś</sln:miejscRodzaj><sln:powIIPId>7cbdc34b-4beb-4fc6-8ffa-9ada7810cc65</sln:powIIPId><sln:powIIPPn>PL.PZGIK.200</sln:powIIPPn><sln:powIIPWersja>2012-09-27T08:58:33+02:00</sln:powIIPWersja><sln:powIdTeryt>1606</sln:powIdTeryt><sln:powNazwa>namysłowski</sln:powNazwa><sln:wojIIPId>9bd0c42a-ca40-4b7d-9b5b-81aae3398015</sln:wojIIPId><sln:wojIIPPn>PL.PZGIK.200</sln:wojIIPPn><sln:wojIIPWersja>2017-10-10T00:00:00+02:00</sln:wojIIPWersja><sln:wojIdTeryt>16</sln:wojIdTeryt><sln:wojNazwa>opolskie</sln:wojNazwa></sln:miejscowosc><sln:miejscowosc><sln:cyklZyciaOd>2012-04-26T00:00:00+02:00</sln:cyklZyciaOd><sln:gmIIPId>848f1c6d-7ae6-4928-8df1-b65460d55a82</sln:gmIIPId><sln:gmIIPPn>PL.PZGIK.200</sln:gmIIPPn><sln:gmIIPWersja>2012-09-26T21:59:17+02:00</sln:gmIIPWersja><sln:gmIdTeryt>1606032</sln:gmIdTeryt><sln:gmNazwa>Pokój</sln:gmNazwa><sln:miejscIIPId>83fe115b-44d7-4eef-b2f6-e3235964cb7f</sln:miejscIIPId><sln:miejscIIPPn>PL.PZGIK.200</sln:miejscIIPPn><sln:miejscIIPWersja>2016-11-24T13:37:02+02:00</sln:miejscIIPWersja><sln:miejscIdTeryt>0501950</sln:miejscIdTeryt><sln:miejscNazwa>Fałkowice</sln:miejscNazwa><sln:miejscRodzaj>Wieś</sln:miejscRodzaj><sln:powIIPId>7cbdc34b-4beb-4fc6-8ffa-9ada7810cc65</sln:powIIPId><sln:powIIPPn>PL.PZGIK.200</sln:powIIPPn><sln:powIIPWersja>2012-09-27T08:58:33+02:00</sln:powIIPWersja><sln:powIdTeryt>1606</sln:powIdTeryt><sln:powNazwa>namysłowski</sln:powNazwa><sln:wojIIPId>9bd0c42a-ca40-4b7d-9b5b-81aae3398015</sln:wojIIPId><sln:wojIIPPn>PL.PZGIK.200</sln:wojIIPPn><sln:wojIIPWersja>2017-10-10T00:00:00+02:00</sln:wojIIPWersja><sln:wojIdTeryt>16</sln:wojIdTeryt><sln:wojNazwa>opolskie</sln:wojNazwa></sln:miejscowosc><sln:miejscowosc><sln:cyklZyciaOd>2012-04-26T00:00:00+02:00</sln:cyklZyciaOd><sln:gmIIPId>848f1c6d-7ae6-4928-8df1-b65460d55a82</sln:gmIIPId><sln:gmIIPPn>PL.PZGIK.200</sln:gmIIPPn><sln:gmIIPWersja>2012-09-26T21:59:17+02:00</sln:gmIIPWersja><sln:gmIdTeryt>1606032</sln:gmIdTeryt><sln:gmNazwa>Pokój</sln:gmNazwa><sln:miejscIIPId>92b5c837-c5e5-4fe5-8bf9-fd46dc470a79</sln:miejscIIPId><sln:miejscIIPPn>PL.PZGIK.200</sln:miejscIIPPn><sln:miejscIIPWersja>2016-11-24T13:39:46+02:00</sln:miejscIIPWersja><sln:miejscIdTeryt>0501966</sln:miejscIdTeryt><sln:miejscNazwa>Kopalina</sln:miejscNazwa><sln:miejscRodzaj>Wieś</sln:miejscRodzaj><sln:powIIPId>7cbdc34b-4beb-4fc6-8ffa-9ada7810cc65</sln:powIIPId><sln:powIIPPn>PL.PZGIK.200</sln:powIIPPn><sln:powIIPWersja>2012-09-27T08:58:33+02:00</sln:powIIPWersja><sln:powIdTeryt>1606</sln:powIdTeryt><sln:powNazwa>namysłowski</sln:powNazwa><sln:wojIIPId>9bd0c42a-ca40-4b7d-9b5b-81aae3398015</sln:wojIIPId><sln:wojIIPPn>PL.PZGIK.200</sln:wojIIPPn><sln:wojIIPWersja>2017-10-10T00:00:00+02:00</sln:wojIIPWersja><sln:wojIdTeryt>16</sln:wojIdTeryt><sln:wojNazwa>opolskie</sln:wojNazwa></sln:miejscowosc><sln:miejscowosc><sln:cyklZyciaOd>2012-04-26T00:00:00+02:00</sln:cyklZyciaOd><sln:gmIIPId>848f1c6d-7ae6-4928-8df1-b65460d55a82</sln:gmIIPId><sln:gmIIPPn>PL.PZGIK.200</sln:gmIIPPn><sln:gmIIPWersja>2012-09-26T21:59:17+02:00</sln:gmIIPWersja><sln:gmIdTeryt>1606032</sln:gmIdTeryt><sln:gmNazwa>Pokój</sln:gmNazwa><sln:miejscIIPId>51d392b4-8176-4de9-9335-efe888edf22f</sln:miejscIIPId><sln:miejscIIPPn>PL.PZGIK.200</sln:miejscIIPPn><sln:miejscIIPWersja>2016-11-24T13:40:18+02:00</sln:miejscIIPWersja><sln:miejscIdTeryt>0501972</sln:miejscIdTeryt><sln:miejscNazwa>Krogulna</sln:miejscNazwa><sln:miejscRodzaj>Wieś</sln:miejscRodzaj><sln:powIIPId>7cbdc34b-4beb-4fc6-8ffa-9ada7810cc65</sln:powIIPId><sln:powIIPPn>PL.PZGIK.200</sln:powIIPPn><sln:powIIPWersja>2012-09-27T08:58:33+02:00</sln:powIIPWersja><sln:powIdTeryt>1606</sln:powIdTeryt><sln:powNazwa>namysłowski</sln:powNazwa><sln:wojIIPId>9bd0c42a-ca40-4b7d-9b5b-81aae3398015</sln:wojIIPId><sln:wojIIPPn>PL.PZGIK.200</sln:wojIIPPn><sln:wojIIPWersja>2017-10-10T00:00:00+02:00</sln:wojIIPWersja><sln:wojIdTeryt>16</sln:wojIdTeryt><sln:wojNazwa>opolskie</sln:wojNazwa></sln:miejscowosc><sln:miejscowosc><sln:cyklZyciaOd>2012-04-26T00:00:00+02:00</sln:cyklZyciaOd><sln:gmIIPId>848f1c6d-7ae6-4928-8df1-b65460d55a82</sln:gmIIPId><sln:gmIIPPn>PL.PZGIK.200</sln:gmIIPPn><sln:gmIIPWersja>2012-09-26T21:59:17+02:00</sln:gmIIPWersja><sln:gmIdTeryt>1606032</sln:gmIdTeryt><sln:gmNazwa>Pokój</sln:gmNazwa><sln:miejscIIPId>f40ad1ef-9998-45ef-a69a-b40b2dd3e8c0</sln:miejscIIPId><sln:miejscIIPPn>PL.PZGIK.200</sln:miejscIIPPn><sln:miejscIIPWersja>2016-11-24T13:40:29+02:00</sln:miejscIIPWersja><sln:miejscIdTeryt>0501989</sln:miejscIdTeryt><sln:miejscNazwa>Krzywa Góra</sln:miejscNazwa><sln:miejscRodzaj>Wieś</sln:miejscRodzaj><sln:powIIPId>7cbdc34b-4beb-4fc6-8ffa-9ada7810cc65</sln:powIIPId><sln:powIIPPn>PL.PZGIK.200</sln:powIIPPn><sln:powIIPWersja>2012-09-27T08:58:33+02:00</sln:powIIPWersja><sln:powIdTeryt>1606</sln:powIdTeryt><sln:powNazwa>namysłowski</sln:powNazwa><sln:wojIIPId>9bd0c42a-ca40-4b7d-9b5b-81aae3398015</sln:wojIIPId><sln:wojIIPPn>PL.PZGIK.200</sln:wojIIPPn><sln:wojIIPWersja>2017-10-10T00:00:00+02:00</sln:wojIIPWersja><sln:wojIdTeryt>16</sln:wojIdTeryt><sln:wojNazwa>opolskie</sln:wojNazwa></sln:miejscowosc><sln:miejscowosc><sln:cyklZyciaOd>2012-04-26T00:00:00+02:00</sln:cyklZyciaOd><sln:gmIIPId>848f1c6d-7ae6-4928-8df1-b65460d55a82</sln:gmIIPId><sln:gmIIPPn>PL.PZGIK.200</sln:gmIIPPn><sln:gmIIPWersja>2012-09-26T21:59:17+02:00</sln:gmIIPWersja><sln:gmIdTeryt>1606032</sln:gmIdTeryt><sln:gmNazwa>Pokój</sln:gmNazwa><sln:miejscIIPId>8062b577-5948-4546-a245-535f48313fdb</sln:miejscIIPId><sln:miejscIIPPn>PL.PZGIK.200</sln:miejscIIPPn><sln:miejscIIPWersja>2016-11-24T13:41:23+02:00</sln:miejscIIPWersja><sln:miejscIdTeryt>0502003</sln:miejscIdTeryt><sln:miejscNazwa>Ładza</sln:miejscNazwa><sln:miejscRodzaj>Wieś</sln:miejscRodzaj><sln:powIIPId>7cbdc34b-4beb-4fc6-8ffa-9ada7810cc65</sln:powIIPId><sln:powIIPPn>PL.PZGIK.200</sln:powIIPPn><sln:powIIPWersja>2012-09-27T08:58:33+02:00</sln:powIIPWersja><sln:powIdTeryt>1606</sln:powIdTeryt><sln:powNazwa>namysłowski</sln:powNazwa><sln:wojIIPId>9bd0c42a-ca40-4b7d-9b5b-81aae3398015</sln:wojIIPId><sln:wojIIPPn>PL.PZGIK.200</sln:wojIIPPn><sln:wojIIPWersja>2017-10-10T00:00:00+02:00</sln:wojIIPWersja><sln:wojIdTeryt>16</sln:wojIdTeryt><sln:wojNazwa>opolskie</sln:wojNazwa></sln:miejscowosc><sln:miejscowosc><sln:cyklZyciaOd>2012-04-26T00:00:00+02:00</sln:cyklZyciaOd><sln:gmIIPId>848f1c6d-7ae6-4928-8df1-b65460d55a82</sln:gmIIPId><sln:gmIIPPn>PL.PZGIK.200</sln:gmIIPPn><sln:gmIIPWersja>2012-09-26T21:59:17+02:00</sln:gmIIPWersja><sln:gmIdTeryt>1606032</sln:gmIdTeryt><sln:gmNazwa>Pokój</sln:gmNazwa><sln:miejscIIPId>6ba9fbd4-7532-4527-9ee0-15661da6ff67</sln:miejscIIPId><sln:miejscIIPPn>PL.PZGIK.200</sln:miejscIIPPn><sln:miejscIIPWersja>2016-11-24T13:41:17+02:00</sln:miejscIIPWersja><sln:miejscIdTeryt>0501995</sln:miejscIdTeryt><sln:miejscNazwa>Lubnów</sln:miejscNazwa><sln:miejscRodzaj>Wieś</sln:miejscRodzaj><sln:powIIPId>7cbdc34b-4beb-4fc6-8ffa-9ada7810cc65</sln:powIIPId><sln:powIIPPn>PL.PZGIK.200</sln:powIIPPn><sln:powIIPWersja>2012-09-27T08:58:33+02:00</sln:powIIPWersja><sln:powIdTeryt>1606</sln:powIdTeryt><sln:powNazwa>namysłowski</sln:powNazwa><sln:wojIIPId>9bd0c42a-ca40-4b7d-9b5b-81aae3398015</sln:wojIIPId><sln:wojIIPPn>PL.PZGIK.200</sln:wojIIPPn><sln:wojIIPWersja>2017-10-10T00:00:00+02:00</sln:wojIIPWersja><sln:wojIdTeryt>16</sln:wojIdTeryt><sln:wojNazwa>opolskie</sln:wojNazwa></sln:miejscowosc><sln:miejscowosc><sln:cyklZyciaOd>2012-04-26T00:00:00+02:00</sln:cyklZyciaOd><sln:gmIIPId>848f1c6d-7ae6-4928-8df1-b65460d55a82</sln:gmIIPId><sln:gmIIPPn>PL.PZGIK.200</sln:gmIIPPn><sln:gmIIPWersja>2012-09-26T21:59:17+02:00</sln:gmIIPWersja><sln:gmIdTeryt>1606032</sln:gmIdTeryt><sln:gmNazwa>Pokój</sln:gmNazwa><sln:miejscIIPId>1e2d70e8-375b-4c35-9abe-b7b3162303e4</sln:miejscIIPId><sln:miejscIIPPn>PL.PZGIK.200</sln:miejscIIPPn><sln:miejscIIPWersja>2016-11-24T13:45:02+02:00</sln:miejscIIPWersja><sln:miejscIdTeryt>0990238</sln:miejscIdTeryt><sln:miejscNIIPId>69564610-48cc-4737-bc2c-f38c0c528dec</sln:miejscNIIPId><sln:miejscNIIPPn>PL.PZGIK.200</sln:miejscNIIPPn><sln:miejscNIIPWersja>2016-11-24T13:28:41+02:00</sln:miejscNIIPWersja><sln:miejscNIdTeryt>0502026</sln:miejscNIdTeryt><sln:miejscNNazwa>Pokój</sln:miejscNNazwa><sln:miejscNRodzaj>Wieś</sln:miejscNRodzaj><sln:miejscNazwa>Winna Góra</sln:miejscNazwa><sln:miejscRodzaj>Inny obiekt</sln:miejscRodzaj><sln:powIIPId>7cbdc34b-4beb-4fc6-8ffa-9ada7810cc65</sln:powIIPId><sln:powIIPPn>PL.PZGIK.200</sln:powIIPPn><sln:powIIPWersja>2012-09-27T08:58:33+02:00</sln:powIIPWersja><sln:powIdTeryt>1606</sln:powIdTeryt><sln:powNazwa>namysłowski</sln:powNazwa><sln:wojIIPId>9bd0c42a-ca40-4b7d-9b5b-81aae3398015</sln:wojIIPId><sln:wojIIPPn>PL.PZGIK.200</sln:wojIIPPn><sln:wojIIPWersja>2017-10-10T00:00:00+02:00</sln:wojIIPWersja><sln:wojIdTeryt>16</sln:wojIdTeryt><sln:wojNazwa>opolskie</sln:wojNazwa></sln:miejscowosc><sln:miejscowosc><sln:cyklZyciaOd>2012-04-26T00:00:00+02:00</sln:cyklZyciaOd><sln:gmIIPId>848f1c6d-7ae6-4928-8df1-b65460d55a82</sln:gmIIPId><sln:gmIIPPn>PL.PZGIK.200</sln:gmIIPPn><sln:gmIIPWersja>2012-09-26T21:59:17+02:00</sln:gmIIPWersja><sln:gmIdTeryt>1606032</sln:gmIdTeryt><sln:gmNazwa>Pokój</sln:gmNazwa><sln:miejscIIPId>d75742e2-553f-4b60-bfdf-8d8883da9007</sln:miejscIIPId><sln:miejscIIPPn>PL.PZGIK.200</sln:miejscIIPPn><sln:miejscIIPWersja>2016-11-24T13:51:07+02:00</sln:miejscIIPWersja><sln:miejscIdTeryt>0502055</sln:miejscIdTeryt><sln:miejscNIIPId>95c66e3b-5a04-4e2e-8611-1dbeeaebc31d</sln:miejscNIIPId><sln:miejscNIIPPn>PL.PZGIK.200</sln:miejscNIIPPn><sln:miejscNIIPWersja>2016-11-24T13:34:41+02:00</sln:miejscNIIPWersja><sln:miejscNIdTeryt>0502049</sln:miejscNIdTeryt><sln:miejscNNazwa>Zawiść</sln:miejscNNazwa><sln:miejscNRodzaj>Wieś</sln:miejscNRodzaj><sln:miejscNazwa>Szum</sln:miejscNazwa><sln:miejscRodzaj>Gajówka</sln:miejscRodzaj><sln:powIIPId>7cbdc34b-4beb-4fc6-8ffa-9ada7810cc65</sln:powIIPId><sln:powIIPPn>PL.PZGIK.200</sln:powIIPPn><sln:powIIPWersja>2012-09-27T08:58:33+02:00</sln:powIIPWersja><sln:powIdTeryt>1606</sln:powIdTeryt><sln:powNazwa>namysłowski</sln:powNazwa><sln:wojIIPId>9bd0c42a-ca40-4b7d-9b5b-81aae3398015</sln:wojIIPId><sln:wojIIPPn>PL.PZGIK.200</sln:wojIIPPn><sln:wojIIPWersja>2017-10-10T00:00:00+02:00</sln:wojIIPWersja><sln:wojIdTeryt>16</sln:wojIdTeryt><sln:wojNazwa>opolskie</sln:wojNazwa></sln:miejscowosc><sln:miejscowosc><sln:cyklZyciaOd>2012-04-26T00:00:00+02:00</sln:cyklZyciaOd><sln:gmIIPId>848f1c6d-7ae6-4928-8df1-b65460d55a82</sln:gmIIPId><sln:gmIIPPn>PL.PZGIK.200</sln:gmIIPPn><sln:gmIIPWersja>2012-09-26T21:59:17+02:00</sln:gmIIPWersja><sln:gmIdTeryt>1606032</sln:gmIdTeryt><sln:gmNazwa>Pokój</sln:gmNazwa><sln:miejscIIPId>b8865b59-2600-4d20-b3d6-4e68bceb011f</sln:miejscIIPId><sln:miejscIIPPn>PL.PZGIK.200</sln:miejscIIPPn><sln:miejscIIPWersja>2016-11-24T13:52:20+02:00</sln:miejscIIPWersja><sln:miejscIdTeryt>0501860</sln:miejscIdTeryt><sln:miejscNIIPId>f74ec0dc-44f6-4f4b-997b-20b528886377</sln:miejscNIIPId><sln:miejscNIIPPn>PL.PZGIK.200</sln:miejscNIIPPn><sln:miejscNIIPWersja>2016-11-24T13:36:07+02:00</sln:miejscNIIPWersja><sln:miejscNIdTeryt>0501854</sln:miejscNIdTeryt><sln:miejscNNazwa>Dąbrówka Dolna</sln:miejscNNazwa><sln:miejscNRodzaj>Wieś</sln:miejscNRodzaj><sln:miejscNazwa>Szubienik</sln:miejscNazwa><sln:miejscRodzaj>Przysiółek</sln:miejscRodzaj><sln:powIIPId>7cbdc34b-4beb-4fc6-8ffa-9ada7810cc65</sln:powIIPId><sln:powIIPPn>PL.PZGIK.200</sln:powIIPPn><sln:powIIPWersja>2012-09-27T08:58:33+02:00</sln:powIIPWersja><sln:powIdTeryt>1606</sln:powIdTeryt><sln:powNazwa>namysłowski</sln:powNazwa><sln:wojIIPId>9bd0c42a-ca40-4b7d-9b5b-81aae3398015</sln:wojIIPId><sln:wojIIPPn>PL.PZGIK.200</sln:wojIIPPn><sln:wojIIPWersja>2017-10-10T00:00:00+02:00</sln:wojIIPWersja><sln:wojIdTeryt>16</sln:wojIdTeryt><sln:wojNazwa>opolskie</sln:wojNazwa></sln:miejscowosc><sln:miejscowosc><sln:cyklZyciaOd>2012-04-26T00:00:00+02:00</sln:cyklZyciaOd><sln:gmIIPId>848f1c6d-7ae6-4928-8df1-b65460d55a82</sln:gmIIPId><sln:gmIIPPn>PL.PZGIK.200</sln:gmIIPPn><sln:gmIIPWersja>2012-09-26T21:59:17+02:00</sln:gmIIPWersja><sln:gmIdTeryt>1606032</sln:gmIdTeryt><sln:gmNazwa>Pokój</sln:gmNazwa><sln:miejscIIPId>ef243efc-4ac8-46de-a81e-4f505eea867f</sln:miejscIIPId><sln:miejscIIPPn>PL.PZGIK.200</sln:miejscIIPPn><sln:miejscIIPWersja>2016-11-24T13:53:37+02:00</sln:miejscIIPWersja><sln:miejscIdTeryt>0501920</sln:miejscIdTeryt><sln:miejscNIIPId>8e2ffcf7-0b82-40d6-b9a0-4681b838df98</sln:miejscNIIPId><sln:miejscNIIPPn>PL.PZGIK.200</sln:miejscNIIPPn><sln:miejscNIIPWersja>2016-11-24T13:36:38+02:00</sln:miejscNIIPWersja><sln:miejscNIdTeryt>0501877</sln:miejscNIdTeryt><sln:miejscNNazwa>Domaradz</sln:miejscNNazwa><sln:miejscNRodzaj>Wieś</sln:miejscNRodzaj><sln:miejscNazwa>Świercowskie</sln:miejscNazwa><sln:miejscRodzaj>Przysiółek</sln:miejscRodzaj><sln:powIIPId>7cbdc34b-4beb-4fc6-8ffa-9ada7810cc65</sln:powIIPId><sln:powIIPPn>PL.PZGIK.200</sln:powIIPPn><sln:powIIPWersja>2012-09-27T08:58:33+02:00</sln:powIIPWersja><sln:powIdTeryt>1606</sln:powIdTeryt><sln:powNazwa>namysłowski</sln:powNazwa><sln:wojIIPId>9bd0c42a-ca40-4b7d-9b5b-81aae3398015</sln:wojIIPId><sln:wojIIPPn>PL.PZGIK.200</sln:wojIIPPn><sln:wojIIPWersja>2017-10-10T00:00:00+02:00</sln:wojIIPWersja><sln:wojIdTeryt>16</sln:wojIdTeryt><sln:wojNazwa>opolskie</sln:wojNazwa></sln:miejscowosc><sln:miejscowosc><sln:cyklZyciaOd>2012-04-26T00:00:00+02:00</sln:cyklZyciaOd><sln:gmIIPId>848f1c6d-7ae6-4928-8df1-b65460d55a82</sln:gmIIPId><sln:gmIIPPn>PL.PZGIK.200</sln:gmIIPPn><sln:gmIIPWersja>2012-09-26T21:59:17+02:00</sln:gmIIPWersja><sln:gmIdTeryt>1606032</sln:gmIdTeryt><sln:gmNazwa>Pokój</sln:gmNazwa><sln:miejscIIPId>1dcfb076-55ae-44ef-99f5-4282649bb921</sln:miejscIIPId><sln:miejscIIPPn>PL.PZGIK.200</sln:miejscIIPPn><sln:miejscIIPWersja>2016-11-24T13:53:37+02:00</sln:miejscIIPWersja><sln:miejscIdTeryt>0501908</sln:miejscIdTeryt><sln:miejscNIIPId>8e2ffcf7-0b82-40d6-b9a0-4681b838df98</sln:miejscNIIPId><sln:miejscNIIPPn>PL.PZGIK.200</sln:miejscNIIPPn><sln:miejscNIIPWersja>2016-11-24T13:36:38+02:00</sln:miejscNIIPWersja><sln:miejscNIdTeryt>0501877</sln:miejscNIdTeryt><sln:miejscNNazwa>Domaradz</sln:miejscNNazwa><sln:miejscNRodzaj>Wieś</sln:miejscNRodzaj><sln:miejscNazwa>Żabiniec</sln:miejscNazwa><sln:miejscRodzaj>Inny obiekt</sln:miejscRodzaj><sln:powIIPId>7cbdc34b-4beb-4fc6-8ffa-9ada7810cc65</sln:powIIPId><sln:powIIPPn>PL.PZGIK.200</sln:powIIPPn><sln:powIIPWersja>2012-09-27T08:58:33+02:00</sln:powIIPWersja><sln:powIdTeryt>1606</sln:powIdTeryt><sln:powNazwa>namysłowski</sln:powNazwa><sln:wojIIPId>9bd0c42a-ca40-4b7d-9b5b-81aae3398015</sln:wojIIPId><sln:wojIIPPn>PL.PZGIK.200</sln:wojIIPPn><sln:wojIIPWersja>2017-10-10T00:00:00+02:00</sln:wojIIPWersja><sln:wojIdTeryt>16</sln:wojIdTeryt><sln:wojNazwa>opolskie</sln:wojNazwa></sln:miejscowosc><sln:miejscowosc><sln:cyklZyciaOd>2012-04-26T00:00:00+02:00</sln:cyklZyciaOd><sln:gmIIPId>848f1c6d-7ae6-4928-8df1-b65460d55a82</sln:gmIIPId><sln:gmIIPPn>PL.PZGIK.200</sln:gmIIPPn><sln:gmIIPWersja>2012-09-26T21:59:17+02:00</sln:gmIIPWersja><sln:gmIdTeryt>1606032</sln:gmIdTeryt><sln:gmNazwa>Pokój</sln:gmNazwa><sln:miejscIIPId>fe6e09ad-4657-446c-903c-c03d901cab23</sln:miejscIIPId><sln:miejscIIPPn>PL.PZGIK.200</sln:miejscIIPPn><sln:miejscIIPWersja>2016-11-24T13:53:37+02:00</sln:miejscIIPWersja><sln:miejscIdTeryt>0501883</sln:miejscIdTeryt><sln:miejscNIIPId>8e2ffcf7-0b82-40d6-b9a0-4681b838df98</sln:miejscNIIPId><sln:miejscNIIPPn>PL.PZGIK.200</sln:miejscNIIPPn><sln:miejscNIIPWersja>2016-11-24T13:36:38+02:00</sln:miejscNIIPWersja><sln:miejscNIdTeryt>0501877</sln:miejscNIdTeryt><sln:miejscNNazwa>Domaradz</sln:miejscNNazwa><sln:miejscNRodzaj>Wieś</sln:miejscNRodzaj><sln:miejscNazwa>Jagienna</sln:miejscNazwa><sln:miejscRodzaj>Inny obiekt</sln:miejscRodzaj><sln:powIIPId>7cbdc34b-4beb-4fc6-8ffa-9ada7810cc65</sln:powIIPId><sln:powIIPPn>PL.PZGIK.200</sln:powIIPPn><sln:powIIPWersja>2012-09-27T08:58:33+02:00</sln:powIIPWersja><sln:powIdTeryt>1606</sln:powIdTeryt><sln:powNazwa>namysłowski</sln:powNazwa><sln:wojIIPId>9bd0c42a-ca40-4b7d-9b5b-81aae3398015</sln:wojIIPId><sln:wojIIPPn>PL.PZGIK.200</sln:wojIIPPn><sln:wojIIPWersja>2017-10-10T00:00:00+02:00</sln:wojIIPWersja><sln:wojIdTeryt>16</sln:wojIdTeryt><sln:wojNazwa>opolskie</sln:wojNazwa></sln:miejscowosc><sln:miejscowosc><sln:cyklZyciaOd>2012-04-26T00:00:00+02:00</sln:cyklZyciaOd><sln:gmIIPId>848f1c6d-7ae6-4928-8df1-b65460d55a82</sln:gmIIPId><sln:gmIIPPn>PL.PZGIK.200</sln:gmIIPPn><sln:gmIIPWersja>2012-09-26T21:59:17+02:00</sln:gmIIPWersja><sln:gmIdTeryt>1606032</sln:gmIdTeryt><sln:gmNazwa>Pokój</sln:gmNazwa><sln:miejscIIPId>02304ccd-6f56-4b2d-b9e1-36ca5529bf58</sln:miejscIIPId><sln:miejscIIPPn>PL.PZGIK.200</sln:miejscIIPPn><sln:miejscIIPWersja>2016-11-24T13:53:37+02:00</sln:miejscIIPWersja><sln:miejscIdTeryt>0501890</sln:miejscIdTeryt><sln:miejscNIIPId>8e2ffcf7-0b82-40d6-b9a0-4681b838df98</sln:miejscNIIPId><sln:miejscNIIPPn>PL.PZGIK.200</sln:miejscNIIPPn><sln:miejscNIIPWersja>2016-11-24T13:36:38+02:00</sln:miejscNIIPWersja><sln:miejscNIdTeryt>0501877</sln:miejscNIdTeryt><sln:miejscNNazwa>Domaradz</sln:miejscNNazwa><sln:miejscNRodzaj>Wieś</sln:miejscNRodzaj><sln:miejscNazwa>Kozuby</sln:miejscNazwa><sln:miejscRodzaj>Inny obiekt</sln:miejscRodzaj><sln:powIIPId>7cbdc34b-4beb-4fc6-8ffa-9ada7810cc65</sln:powIIPId><sln:powIIPPn>PL.PZGIK.200</sln:powIIPPn><sln:powIIPWersja>2012-09-27T08:58:33+02:00</sln:powIIPWersja><sln:powIdTeryt>1606</sln:powIdTeryt><sln:powNazwa>namysłowski</sln:powNazwa><sln:wojIIPId>9bd0c42a-ca40-4b7d-9b5b-81aae3398015</sln:wojIIPId><sln:wojIIPPn>PL.PZGIK.200</sln:wojIIPPn><sln:wojIIPWersja>2017-10-10T00:00:00+02:00</sln:wojIIPWersja><sln:wojIdTeryt>16</sln:wojIdTeryt><sln:wojNazwa>opolskie</sln:wojNazwa></sln:miejscowosc><sln:miejscowosc><sln:cyklZyciaOd>2012-04-26T00:00:00+02:00</sln:cyklZyciaOd><sln:gmIIPId>848f1c6d-7ae6-4928-8df1-b65460d55a82</sln:gmIIPId><sln:gmIIPPn>PL.PZGIK.200</sln:gmIIPPn><sln:gmIIPWersja>2012-09-26T21:59:17+02:00</sln:gmIIPWersja><sln:gmIdTeryt>1606032</sln:gmIdTeryt><sln:gmNazwa>Pokój</sln:gmNazwa><sln:miejscIIPId>68dc7e1c-dcfd-4cf2-8e30-ef551268b9b0</sln:miejscIIPId><sln:miejscIIPPn>PL.PZGIK.200</sln:miejscIIPPn><sln:miejscIIPWersja>2016-11-24T13:53:37+02:00</sln:miejscIIPWersja><sln:miejscIdTeryt>0501914</sln:miejscIdTeryt><sln:miejscNIIPId>8e2ffcf7-0b82-40d6-b9a0-4681b838df98</sln:miejscNIIPId><sln:miejscNIIPPn>PL.PZGIK.200</sln:miejscNIIPPn><sln:miejscNIIPWersja>2016-11-24T13:36:38+02:00</sln:miejscNIIPWersja><sln:miejscNIdTeryt>0501877</sln:miejscNIdTeryt><sln:miejscNNazwa>Domaradz</sln:miejscNNazwa><sln:miejscNRodzaj>Wieś</sln:miejscNRodzaj><sln:miejscNazwa>Paryż</sln:miejscNazwa><sln:miejscRodzaj>Przysiółek</sln:miejscRodzaj><sln:powIIPId>7cbdc34b-4beb-4fc6-8ffa-9ada7810cc65</sln:powIIPId><sln:powIIPPn>PL.PZGIK.200</sln:powIIPPn><sln:powIIPWersja>2012-09-27T08:58:33+02:00</sln:powIIPWersja><sln:powIdTeryt>1606</sln:powIdTeryt><sln:powNazwa>namysłowski</sln:powNazwa><sln:wojIIPId>9bd0c42a-ca40-4b7d-9b5b-81aae3398015</sln:wojIIPId><sln:wojIIPPn>PL.PZGIK.200</sln:wojIIPPn><sln:wojIIPWersja>2017-10-10T00:00:00+02:00</sln:wojIIPWersja><sln:wojIdTeryt>16</sln:wojIdTeryt><sln:wojNazwa>opolskie</sln:wojNazwa></sln:miejscowosc><sln:miejscowosc><sln:cyklZyciaOd>2012-04-26T00:00:00+02:00</sln:cyklZyciaOd><sln:gmIIPId>848f1c6d-7ae6-4928-8df1-b65460d55a82</sln:gmIIPId><sln:gmIIPPn>PL.PZGIK.200</sln:gmIIPPn><sln:gmIIPWersja>2012-09-26T21:59:17+02:00</sln:gmIIPWersja><sln:gmIdTeryt>1606032</sln:gmIdTeryt><sln:gmNazwa>Pokój</sln:gmNazwa><sln:miejscIIPId>5a98ae69-a246-4bf5-bc5c-13c8dd4cb6ce</sln:miejscIIPId><sln:miejscIIPPn>PL.PZGIK.200</sln:miejscIIPPn><sln:miejscIIPWersja>2016-11-24T13:53:37+02:00</sln:miejscIIPWersja><sln:miejscIdTeryt>0501943</sln:miejscIdTeryt><sln:miejscNIIPId>7b182d58-d53e-4db1-8df1-413ebf64f046</sln:miejscNIIPId><sln:miejscNIIPPn>PL.PZGIK.200</sln:miejscNIIPPn><sln:miejscNIIPWersja>2016-11-24T13:36:38+02:00</sln:miejscNIIPWersja><sln:miejscNIdTeryt>0501937</sln:miejscNIdTeryt><sln:miejscNNazwa>Domaradzka Kuźnia</sln:miejscNNazwa><sln:miejscNRodzaj>Wieś</sln:miejscNRodzaj><sln:miejscNazwa>Jaginów</sln:miejscNazwa><sln:miejscRodzaj>Inny obiekt</sln:miejscRodzaj><sln:powIIPId>7cbdc34b-4beb-4fc6-8ffa-9ada7810cc65</sln:powIIPId><sln:powIIPPn>PL.PZGIK.200</sln:powIIPPn><sln:powIIPWersja>2012-09-27T08:58:33+02:00</sln:powIIPWersja><sln:powIdTeryt>1606</sln:powIdTeryt><sln:powNazwa>namysłowski</sln:powNazwa><sln:wojIIPId>9bd0c42a-ca40-4b7d-9b5b-81aae3398015</sln:wojIIPId><sln:wojIIPPn>PL.PZGIK.200</sln:wojIIPPn><sln:wojIIPWersja>2017-10-10T00:00:00+02:00</sln:wojIIPWersja><sln:wojIdTeryt>16</sln:wojIdTeryt><sln:wojNazwa>opolskie</sln:wojNazwa></sln:miejscowosc><sln:miejscowosc><sln:cyklZyciaOd>2012-04-26T00:00:00+02:00</sln:cyklZyciaOd><sln:gmIIPId>848f1c6d-7ae6-4928-8df1-b65460d55a82</sln:gmIIPId><sln:gmIIPPn>PL.PZGIK.200</sln:gmIIPPn><sln:gmIIPWersja>2012-09-26T21:59:17+02:00</sln:gmIIPWersja><sln:gmIdTeryt>1606032</sln:gmIdTeryt><sln:gmNazwa>Pokój</sln:gmNazwa><sln:miejscIIPId>a0d0439c-5e35-4df6-be06-7a263e59678f</sln:miejscIIPId><sln:miejscIIPPn>PL.PZGIK.200</sln:miejscIIPPn><sln:miejscIIPWersja>2016-11-24T13:56:49+02:00</sln:miejscIIPWersja><sln:miejscIdTeryt>0502010</sln:miejscIdTeryt><sln:miejscNIIPId>8062b577-5948-4546-a245-535f48313fdb</sln:miejscNIIPId><sln:miejscNIIPPn>PL.PZGIK.200</sln:miejscNIIPPn><sln:miejscNIIPWersja>2016-11-24T13:41:23+02:00</sln:miejscNIIPWersja><sln:miejscNIdTeryt>0502003</sln:miejscNIdTeryt><sln:miejscNNazwa>Ładza</sln:miejscNNazwa><sln:miejscNRodzaj>Wieś</sln:miejscNRodzaj><sln:miejscNazwa>Kup Mały</sln:miejscNazwa><sln:miejscRodzaj>Przysiółek</sln:miejscRodzaj><sln:powIIPId>7cbdc34b-4beb-4fc6-8ffa-9ada7810cc65</sln:powIIPId><sln:powIIPPn>PL.PZGIK.200</sln:powIIPPn><sln:powIIPWersja>2012-09-27T08:58:33+02:00</sln:powIIPWersja><sln:powIdTeryt>1606</sln:powIdTeryt><sln:powNazwa>namysłowski</sln:powNazwa><sln:wojIIPId>9bd0c42a-ca40-4b7d-9b5b-81aae3398015</sln:wojIIPId><sln:wojIIPPn>PL.PZGIK.200</sln:wojIIPPn><sln:wojIIPWersja>2017-10-10T00:00:00+02:00</sln:wojIIPWersja><sln:wojIdTeryt>16</sln:wojIdTeryt><sln:wojNazwa>opolskie</sln:wojNazwa></sln:miejscowosc></sln:lista-miejscowosci>