<?xml version="1.0" encoding="UTF-8" standalone="yes"?><sln:lista-miejscowosci xmlns:srv="http://gugik.gov.pl/schemas/slowniki-service/1.0" xmlns:sln="http://gugik.gov.pl/schemas/slowniki-schema/1.0"><sln:miejscowosc><sln:cyklZyciaOd>2014-12-02T00:00:00+01:00</sln:cyklZyciaOd><sln:gmIIPId>b4132541-20f8-4966-931f-e384857528d7</sln:gmIIPId><sln:gmIIPPn>PL.PZGIK.200</sln:gmIIPPn><sln:gmIIPWersja>2012-09-26T21:59:14+02:00</sln:gmIIPWersja><sln:gmIdTeryt>1605053</sln:gmIdTeryt><sln:gmNazwa>Zdzieszowice</sln:gmNazwa><sln:miejscIIPId>3e462d2c-d892-43a4-8df3-d34ae3c01143</sln:miejscIIPId><sln:miejscIIPPn>PL.PZGIK.200</sln:miejscIIPPn><sln:miejscIIPWersja>2016-11-24T13:34:44+02:00</sln:miejscIIPWersja><sln:miejscIdTeryt>0966040</sln:miejscIdTeryt><sln:miejscNazwa>Zdzieszowice</sln:miejscNazwa><sln:miejscRodzaj>Miasto</sln:miejscRodzaj><sln:powIIPId>e220ff54-0cb8-4fc9-99ee-89724f647687</sln:powIIPId><sln:powIIPPn>PL.PZGIK.200</sln:powIIPPn><sln:powIIPWersja>2012-09-27T08:58:33+02:00</sln:powIIPWersja><sln:powIdTeryt>1605</sln:powIdTeryt><sln:powNazwa>krapkowicki</sln:powNazwa><sln:wojIIPId>9bd0c42a-ca40-4b7d-9b5b-81aae3398015</sln:wojIIPId><sln:wojIIPPn>PL.PZGIK.200</sln:wojIIPPn><sln:wojIIPWersja>2017-10-10T00:00:00+02:00</sln:wojIIPWersja><sln:wojIdTeryt>16</sln:wojIdTeryt><sln:wojNazwa>opolskie</sln:wojNazwa></sln:miejscowosc><sln:miejscowosc><sln:cyklZyciaOd>2014-12-02T00:00:00+01:00</sln:cyklZyciaOd><sln:gmIIPId>b4132541-20f8-4966-931f-e384857528d7</sln:gmIIPId><sln:gmIIPPn>PL.PZGIK.200</sln:gmIIPPn><sln:gmIIPWersja>2012-09-26T21:59:14+02:00</sln:gmIIPWersja><sln:gmIdTeryt>1605053</sln:gmIdTeryt><sln:gmNazwa>Zdzieszowice</sln:gmNazwa><sln:miejscIIPId>f2f82196-896c-4416-9707-e2fab4180824</sln:miejscIIPId><sln:miejscIIPPn>PL.PZGIK.200</sln:miejscIIPPn><sln:miejscIIPWersja>2016-11-24T13:54:58+02:00</sln:miejscIIPWersja><sln:miejscIdTeryt>0505504</sln:miejscIdTeryt><sln:miejscNazwa>Kolonia</sln:miejscNazwa><sln:miejscRodzaj>Inny obiekt</sln:miejscRodzaj><sln:powIIPId>e220ff54-0cb8-4fc9-99ee-89724f647687</sln:powIIPId><sln:powIIPPn>PL.PZGIK.200</sln:powIIPPn><sln:powIIPWersja>2012-09-27T08:58:33+02:00</sln:powIIPWersja><sln:powIdTeryt>1605</sln:powIdTeryt><sln:powNazwa>krapkowicki</sln:powNazwa><sln:wojIIPId>9bd0c42a-ca40-4b7d-9b5b-81aae3398015</sln:wojIIPId><sln:wojIIPPn>PL.PZGIK.200</sln:wojIIPPn><sln:wojIIPWersja>2017-10-10T00:00:00+02:00</sln:wojIIPWersja><sln:wojIdTeryt>16</sln:wojIdTeryt><sln:wojNazwa>opolskie</sln:wojNazwa></sln:miejscowosc><sln:miejscowosc><sln:cyklZyciaOd>2014-12-02T00:00:00+01:00</sln:cyklZyciaOd><sln:gmIIPId>b4132541-20f8-4966-931f-e384857528d7</sln:gmIIPId><sln:gmIIPPn>PL.PZGIK.200</sln:gmIIPPn><sln:gmIIPWersja>2012-09-26T21:59:14+02:00</sln:gmIIPWersja><sln:gmIdTeryt>1605053</sln:gmIdTeryt><sln:gmNazwa>Zdzieszowice</sln:gmNazwa><sln:miejscIIPId>d67c0641-6089-469b-94a3-7aa3a1f28436</sln:miejscIIPId><sln:miejscIIPPn>PL.PZGIK.200</sln:miejscIIPPn><sln:miejscIIPWersja>2016-11-24T13:51:09+02:00</sln:miejscIIPWersja><sln:miejscIdTeryt>0999446</sln:miejscIdTeryt><sln:miejscNazwa>Łęg</sln:miejscNazwa><sln:miejscRodzaj>Inny obiekt</sln:miejscRodzaj><sln:powIIPId>e220ff54-0cb8-4fc9-99ee-89724f647687</sln:powIIPId><sln:powIIPPn>PL.PZGIK.200</sln:powIIPPn><sln:powIIPWersja>2012-09-27T08:58:33+02:00</sln:powIIPWersja><sln:powIdTeryt>1605</sln:powIdTeryt><sln:powNazwa>krapkowicki</sln:powNazwa><sln:wojIIPId>9bd0c42a-ca40-4b7d-9b5b-81aae3398015</sln:wojIIPId><sln:wojIIPPn>PL.PZGIK.200</sln:wojIIPPn><sln:wojIIPWersja>2017-10-10T00:00:00+02:00</sln:wojIIPWersja><sln:wojIdTeryt>16</sln:wojIdTeryt><sln:wojNazwa>opolskie</sln:wojNazwa></sln:miejscowosc><sln:miejscowosc><sln:cyklZyciaOd>2014-12-02T00:00:00+01:00</sln:cyklZyciaOd><sln:gmIIPId>b4132541-20f8-4966-931f-e384857528d7</sln:gmIIPId><sln:gmIIPPn>PL.PZGIK.200</sln:gmIIPPn><sln:gmIIPWersja>2012-09-26T21:59:14+02:00</sln:gmIIPWersja><sln:gmIdTeryt>1605053</sln:gmIdTeryt><sln:gmNazwa>Zdzieszowice</sln:gmNazwa><sln:miejscIIPId>15015e3b-1fdf-4cd0-8a7d-13a02e662c24</sln:miejscIIPId><sln:miejscIIPPn>PL.PZGIK.200</sln:miejscIIPPn><sln:miejscIIPWersja>2016-11-24T13:56:15+02:00</sln:miejscIIPWersja><sln:miejscIdTeryt>0505533</sln:miejscIdTeryt><sln:miejscNazwa>Bąków</sln:miejscNazwa><sln:miejscRodzaj>Inny obiekt</sln:miejscRodzaj><sln:powIIPId>e220ff54-0cb8-4fc9-99ee-89724f647687</sln:powIIPId><sln:powIIPPn>PL.PZGIK.200</sln:powIIPPn><sln:powIIPWersja>2012-09-27T08:58:33+02:00</sln:powIIPWersja><sln:powIdTeryt>1605</sln:powIdTeryt><sln:powNazwa>krapkowicki</sln:powNazwa><sln:wojIIPId>9bd0c42a-ca40-4b7d-9b5b-81aae3398015</sln:wojIIPId><sln:wojIIPPn>PL.PZGIK.200</sln:wojIIPPn><sln:wojIIPWersja>2017-10-10T00:00:00+02:00</sln:wojIIPWersja><sln:wojIdTeryt>16</sln:wojIdTeryt><sln:wojNazwa>opolskie</sln:wojNazwa></sln:miejscowosc><sln:miejscowosc><sln:cyklZyciaOd>2014-12-02T00:00:00+01:00</sln:cyklZyciaOd><sln:gmIIPId>b4132541-20f8-4966-931f-e384857528d7</sln:gmIIPId><sln:gmIIPPn>PL.PZGIK.200</sln:gmIIPPn><sln:gmIIPWersja>2012-09-26T21:59:14+02:00</sln:gmIIPWersja><sln:gmIdTeryt>1605053</sln:gmIdTeryt><sln:gmNazwa>Zdzieszowice</sln:gmNazwa><sln:miejscIIPId>1105fd37-0a9d-4cf2-b2b3-cacc22cd9cd0</sln:miejscIIPId><sln:miejscIIPPn>PL.PZGIK.200</sln:miejscIIPPn><sln:miejscIIPWersja>2016-11-24T13:56:15+02:00</sln:miejscIIPWersja><sln:miejscIdTeryt>0505540</sln:miejscIdTeryt><sln:miejscNazwa>Borek</sln:miejscNazwa><sln:miejscRodzaj>Inny obiekt</sln:miejscRodzaj><sln:powIIPId>e220ff54-0cb8-4fc9-99ee-89724f647687</sln:powIIPId><sln:powIIPPn>PL.PZGIK.200</sln:powIIPPn><sln:powIIPWersja>2012-09-27T08:58:33+02:00</sln:powIIPWersja><sln:powIdTeryt>1605</sln:powIdTeryt><sln:powNazwa>krapkowicki</sln:powNazwa><sln:wojIIPId>9bd0c42a-ca40-4b7d-9b5b-81aae3398015</sln:wojIIPId><sln:wojIIPPn>PL.PZGIK.200</sln:wojIIPPn><sln:wojIIPWersja>2017-10-10T00:00:00+02:00</sln:wojIIPWersja><sln:wojIdTeryt>16</sln:wojIdTeryt><sln:wojNazwa>opolskie</sln:wojNazwa></sln:miejscowosc><sln:miejscowosc><sln:cyklZyciaDo>2017-10-31T00:00:00+01:00</sln:cyklZyciaDo><sln:cyklZyciaOd>2014-12-02T00:00:00+01:00</sln:cyklZyciaOd><sln:gmIIPId>b4132541-20f8-4966-931f-e384857528d7</sln:gmIIPId><sln:gmIIPPn>PL.PZGIK.200</sln:gmIIPPn><sln:gmIIPWersja>2012-09-26T21:59:14+02:00</sln:gmIIPWersja><sln:gmIdTeryt>1605053</sln:gmIdTeryt><sln:gmNazwa>Zdzieszowice</sln:gmNazwa><sln:miejscIIPId>b280c36b-2484-4877-a3fd-8f27206de389</sln:miejscIIPId><sln:miejscIIPPn>PL.PZGIK.200</sln:miejscIIPPn><sln:miejscIIPWersja>2016-11-24T13:35:19+02:00</sln:miejscIIPWersja><sln:miejscIdTeryt>0505639</sln:miejscIdTeryt><sln:miejscNazwa>Żyrowa</sln:miejscNazwa><sln:miejscRodzaj>Wieś</sln:miejscRodzaj><sln:powIIPId>e220ff54-0cb8-4fc9-99ee-89724f647687</sln:powIIPId><sln:powIIPPn>PL.PZGIK.200</sln:powIIPPn><sln:powIIPWersja>2012-09-27T08:58:33+02:00</sln:powIIPWersja><sln:powIdTeryt>1605</sln:powIdTeryt><sln:powNazwa>krapkowicki</sln:powNazwa><sln:wojIIPId>9bd0c42a-ca40-4b7d-9b5b-81aae3398015</sln:wojIIPId><sln:wojIIPPn>PL.PZGIK.200</sln:wojIIPPn><sln:wojIIPWersja>2017-10-10T00:00:00+02:00</sln:wojIIPWersja><sln:wojIdTeryt>16</sln:wojIdTeryt><sln:wojNazwa>opolskie</sln:wojNazwa></sln:miejscowosc><sln:miejscowosc><sln:cyklZyciaOd>2014-12-02T00:00:00+01:00</sln:cyklZyciaOd><sln:gmIIPId>b4132541-20f8-4966-931f-e384857528d7</sln:gmIIPId><sln:gmIIPPn>PL.PZGIK.200</sln:gmIIPPn><sln:gmIIPWersja>2012-09-26T21:59:14+02:00</sln:gmIIPWersja><sln:gmIdTeryt>1605053</sln:gmIdTeryt><sln:gmNazwa>Zdzieszowice</sln:gmNazwa><sln:miejscIIPId>464e79c9-f835-43d1-9ab3-b26760d2aaa2</sln:miejscIIPId><sln:miejscIIPPn>PL.PZGIK.200</sln:miejscIIPPn><sln:miejscIIPWersja>2016-11-24T13:40:17+02:00</sln:miejscIIPWersja><sln:miejscIdTeryt>0505527</sln:miejscIdTeryt><sln:miejscNazwa>Krępna</sln:miejscNazwa><sln:miejscRodzaj>Wieś</sln:miejscRodzaj><sln:powIIPId>e220ff54-0cb8-4fc9-99ee-89724f647687</sln:powIIPId><sln:powIIPPn>PL.PZGIK.200</sln:powIIPPn><sln:powIIPWersja>2012-09-27T08:58:33+02:00</sln:powIIPWersja><sln:powIdTeryt>1605</sln:powIdTeryt><sln:powNazwa>krapkowicki</sln:powNazwa><sln:wojIIPId>9bd0c42a-ca40-4b7d-9b5b-81aae3398015</sln:wojIIPId><sln:wojIIPPn>PL.PZGIK.200</sln:wojIIPPn><sln:wojIIPWersja>2017-10-10T00:00:00+02:00</sln:wojIIPWersja><sln:wojIdTeryt>16</sln:wojIdTeryt><sln:wojNazwa>opolskie</sln:wojNazwa></sln:miejscowosc><sln:miejscowosc><sln:cyklZyciaOd>2014-12-02T00:00:00+01:00</sln:cyklZyciaOd><sln:gmIIPId>b4132541-20f8-4966-931f-e384857528d7</sln:gmIIPId><sln:gmIIPPn>PL.PZGIK.200</sln:gmIIPPn><sln:gmIIPWersja>2012-09-26T21:59:14+02:00</sln:gmIIPWersja><sln:gmIdTeryt>1605053</sln:gmIdTeryt><sln:gmNazwa>Zdzieszowice</sln:gmNazwa><sln:miejscIIPId>dc601aff-e11f-44b2-8773-eba2816fdb6e</sln:miejscIIPId><sln:miejscIIPPn>PL.PZGIK.200</sln:miejscIIPPn><sln:miejscIIPWersja>2016-11-24T13:54:57+02:00</sln:miejscIIPWersja><sln:miejscIdTeryt>0505473</sln:miejscIdTeryt><sln:miejscNazwa>Wielmierzowice</sln:miejscNazwa><sln:miejscRodzaj>Inny obiekt</sln:miejscRodzaj><sln:powIIPId>e220ff54-0cb8-4fc9-99ee-89724f647687</sln:powIIPId><sln:powIIPPn>PL.PZGIK.200</sln:powIIPPn><sln:powIIPWersja>2012-09-27T08:58:33+02:00</sln:powIIPWersja><sln:powIdTeryt>1605</sln:powIdTeryt><sln:powNazwa>krapkowicki</sln:powNazwa><sln:wojIIPId>9bd0c42a-ca40-4b7d-9b5b-81aae3398015</sln:wojIIPId><sln:wojIIPPn>PL.PZGIK.200</sln:wojIIPPn><sln:wojIIPWersja>2017-10-10T00:00:00+02:00</sln:wojIIPWersja><sln:wojIdTeryt>16</sln:wojIdTeryt><sln:wojNazwa>opolskie</sln:wojNazwa></sln:miejscowosc><sln:miejscowosc><sln:cyklZyciaOd>2014-12-02T00:00:00+01:00</sln:cyklZyciaOd><sln:gmIIPId>b4132541-20f8-4966-931f-e384857528d7</sln:gmIIPId><sln:gmIIPPn>PL.PZGIK.200</sln:gmIIPPn><sln:gmIIPWersja>2012-09-26T21:59:14+02:00</sln:gmIIPWersja><sln:gmIdTeryt>1605053</sln:gmIdTeryt><sln:gmNazwa>Zdzieszowice</sln:gmNazwa><sln:miejscIIPId>f54f3a72-34fd-4fed-9bc0-c993554a4346</sln:miejscIIPId><sln:miejscIIPPn>PL.PZGIK.200</sln:miejscIIPPn><sln:miejscIIPWersja>2016-11-24T13:54:57+02:00</sln:miejscIIPWersja><sln:miejscIdTeryt>0505467</sln:miejscIdTeryt><sln:miejscNazwa>Lesiana</sln:miejscNazwa><sln:miejscRodzaj>Inny obiekt</sln:miejscRodzaj><sln:powIIPId>e220ff54-0cb8-4fc9-99ee-89724f647687</sln:powIIPId><sln:powIIPPn>PL.PZGIK.200</sln:powIIPPn><sln:powIIPWersja>2012-09-27T08:58:33+02:00</sln:powIIPWersja><sln:powIdTeryt>1605</sln:powIdTeryt><sln:powNazwa>krapkowicki</sln:powNazwa><sln:wojIIPId>9bd0c42a-ca40-4b7d-9b5b-81aae3398015</sln:wojIIPId><sln:wojIIPPn>PL.PZGIK.200</sln:wojIIPPn><sln:wojIIPWersja>2017-10-10T00:00:00+02:00</sln:wojIIPWersja><sln:wojIdTeryt>16</sln:wojIdTeryt><sln:wojNazwa>opolskie</sln:wojNazwa></sln:miejscowosc><sln:miejscowosc><sln:cyklZyciaDo>2017-10-31T00:00:00+01:00</sln:cyklZyciaDo><sln:cyklZyciaOd>2014-12-02T00:00:00+01:00</sln:cyklZyciaOd><sln:gmIIPId>b4132541-20f8-4966-931f-e384857528d7</sln:gmIIPId><sln:gmIIPPn>PL.PZGIK.200</sln:gmIIPPn><sln:gmIIPWersja>2012-09-26T21:59:14+02:00</sln:gmIIPWersja><sln:gmIdTeryt>1605053</sln:gmIdTeryt><sln:gmNazwa>Zdzieszowice</sln:gmNazwa><sln:miejscIIPId>bc5df086-67cd-41d3-97f2-c790442fed4c</sln:miejscIIPId><sln:miejscIIPPn>PL.PZGIK.200</sln:miejscIIPPn><sln:miejscIIPWersja>2016-11-24T13:51:26+02:00</sln:miejscIIPWersja><sln:miejscIdTeryt>0505645</sln:miejscIdTeryt><sln:miejscNazwa>Lesisko</sln:miejscNazwa><sln:miejscRodzaj>Inny obiekt</sln:miejscRodzaj><sln:powIIPId>e220ff54-0cb8-4fc9-99ee-89724f647687</sln:powIIPId><sln:powIIPPn>PL.PZGIK.200</sln:powIIPPn><sln:powIIPWersja>2012-09-27T08:58:33+02:00</sln:powIIPWersja><sln:powIdTeryt>1605</sln:powIdTeryt><sln:powNazwa>krapkowicki</sln:powNazwa><sln:wojIIPId>9bd0c42a-ca40-4b7d-9b5b-81aae3398015</sln:wojIIPId><sln:wojIIPPn>PL.PZGIK.200</sln:wojIIPPn><sln:wojIIPWersja>2017-10-10T00:00:00+02:00</sln:wojIIPWersja><sln:wojIdTeryt>16</sln:wojIdTeryt><sln:wojNazwa>opolskie</sln:wojNazwa></sln:miejscowosc><sln:miejscowosc><sln:cyklZyciaOd>2014-12-02T00:00:00+01:00</sln:cyklZyciaOd><sln:gmIIPId>b4132541-20f8-4966-931f-e384857528d7</sln:gmIIPId><sln:gmIIPPn>PL.PZGIK.200</sln:gmIIPPn><sln:gmIIPWersja>2012-09-26T21:59:14+02:00</sln:gmIIPWersja><sln:gmIdTeryt>1605053</sln:gmIdTeryt><sln:gmNazwa>Zdzieszowice</sln:gmNazwa><sln:miejscIIPId>6b4e9c51-00d6-49b3-9f52-641838eb0e57</sln:miejscIIPId><sln:miejscIIPPn>PL.PZGIK.200</sln:miejscIIPPn><sln:miejscIIPWersja>2016-11-24T13:29:58+02:00</sln:miejscIIPWersja><sln:miejscIdTeryt>0505622</sln:miejscIdTeryt><sln:miejscNazwa>Rozwadza</sln:miejscNazwa><sln:miejscRodzaj>Wieś</sln:miejscRodzaj><sln:powIIPId>e220ff54-0cb8-4fc9-99ee-89724f647687</sln:powIIPId><sln:powIIPPn>PL.PZGIK.200</sln:powIIPPn><sln:powIIPWersja>2012-09-27T08:58:33+02:00</sln:powIIPWersja><sln:powIdTeryt>1605</sln:powIdTeryt><sln:powNazwa>krapkowicki</sln:powNazwa><sln:wojIIPId>9bd0c42a-ca40-4b7d-9b5b-81aae3398015</sln:wojIIPId><sln:wojIIPPn>PL.PZGIK.200</sln:wojIIPPn><sln:wojIIPWersja>2017-10-10T00:00:00+02:00</sln:wojIIPWersja><sln:wojIdTeryt>16</sln:wojIdTeryt><sln:wojNazwa>opolskie</sln:wojNazwa></sln:miejscowosc><sln:miejscowosc><sln:cyklZyciaOd>2014-12-02T00:00:00+01:00</sln:cyklZyciaOd><sln:gmIIPId>b4132541-20f8-4966-931f-e384857528d7</sln:gmIIPId><sln:gmIIPPn>PL.PZGIK.200</sln:gmIIPPn><sln:gmIIPWersja>2012-09-26T21:59:14+02:00</sln:gmIIPWersja><sln:gmIdTeryt>1605053</sln:gmIdTeryt><sln:gmNazwa>Zdzieszowice</sln:gmNazwa><sln:miejscIIPId>40c872e8-e7a6-403c-9a33-89b8a0ea115f</sln:miejscIIPId><sln:miejscIIPPn>PL.PZGIK.200</sln:miejscIIPPn><sln:miejscIIPWersja>2016-11-24T13:56:15+02:00</sln:miejscIIPWersja><sln:miejscIdTeryt>0505585</sln:miejscIdTeryt><sln:miejscNazwa>Urzek</sln:miejscNazwa><sln:miejscRodzaj>Inny obiekt</sln:miejscRodzaj><sln:powIIPId>e220ff54-0cb8-4fc9-99ee-89724f647687</sln:powIIPId><sln:powIIPPn>PL.PZGIK.200</sln:powIIPPn><sln:powIIPWersja>2012-09-27T08:58:33+02:00</sln:powIIPWersja><sln:powIdTeryt>1605</sln:powIdTeryt><sln:powNazwa>krapkowicki</sln:powNazwa><sln:wojIIPId>9bd0c42a-ca40-4b7d-9b5b-81aae3398015</sln:wojIIPId><sln:wojIIPPn>PL.PZGIK.200</sln:wojIIPPn><sln:wojIIPWersja>2017-10-10T00:00:00+02:00</sln:wojIIPWersja><sln:wojIdTeryt>16</sln:wojIdTeryt><sln:wojNazwa>opolskie</sln:wojNazwa></sln:miejscowosc><sln:miejscowosc><sln:cyklZyciaOd>2014-12-02T00:00:00+01:00</sln:cyklZyciaOd><sln:gmIIPId>b4132541-20f8-4966-931f-e384857528d7</sln:gmIIPId><sln:gmIIPPn>PL.PZGIK.200</sln:gmIIPPn><sln:gmIIPWersja>2012-09-26T21:59:14+02:00</sln:gmIIPWersja><sln:gmIdTeryt>1605053</sln:gmIdTeryt><sln:gmNazwa>Zdzieszowice</sln:gmNazwa><sln:miejscIIPId>3a71f817-1a0d-44bf-84fa-e50a8bbe56f9</sln:miejscIIPId><sln:miejscIIPPn>PL.PZGIK.200</sln:miejscIIPPn><sln:miejscIIPWersja>2016-11-24T13:56:15+02:00</sln:miejscIIPWersja><sln:miejscIdTeryt>0505562</sln:miejscIdTeryt><sln:miejscNazwa>Paryż</sln:miejscNazwa><sln:miejscRodzaj>Inny obiekt</sln:miejscRodzaj><sln:powIIPId>e220ff54-0cb8-4fc9-99ee-89724f647687</sln:powIIPId><sln:powIIPPn>PL.PZGIK.200</sln:powIIPPn><sln:powIIPWersja>2012-09-27T08:58:33+02:00</sln:powIIPWersja><sln:powIdTeryt>1605</sln:powIdTeryt><sln:powNazwa>krapkowicki</sln:powNazwa><sln:wojIIPId>9bd0c42a-ca40-4b7d-9b5b-81aae3398015</sln:wojIIPId><sln:wojIIPPn>PL.PZGIK.200</sln:wojIIPPn><sln:wojIIPWersja>2017-10-10T00:00:00+02:00</sln:wojIIPWersja><sln:wojIdTeryt>16</sln:wojIdTeryt><sln:wojNazwa>opolskie</sln:wojNazwa></sln:miejscowosc><sln:miejscowosc><sln:cyklZyciaOd>2014-12-02T00:00:00+01:00</sln:cyklZyciaOd><sln:gmIIPId>b4132541-20f8-4966-931f-e384857528d7</sln:gmIIPId><sln:gmIIPPn>PL.PZGIK.200</sln:gmIIPPn><sln:gmIIPWersja>2012-09-26T21:59:14+02:00</sln:gmIIPWersja><sln:gmIdTeryt>1605053</sln:gmIdTeryt><sln:gmNazwa>Zdzieszowice</sln:gmNazwa><sln:miejscIIPId>59836450-6be5-47c9-9cf1-1d1da36c0da5</sln:miejscIIPId><sln:miejscIIPPn>PL.PZGIK.200</sln:miejscIIPPn><sln:miejscIIPWersja>2016-11-24T13:51:09+02:00</sln:miejscIIPWersja><sln:miejscIdTeryt>0966062</sln:miejscIdTeryt><sln:miejscNazwa>Solownia</sln:miejscNazwa><sln:miejscRodzaj>Inny obiekt</sln:miejscRodzaj><sln:powIIPId>e220ff54-0cb8-4fc9-99ee-89724f647687</sln:powIIPId><sln:powIIPPn>PL.PZGIK.200</sln:powIIPPn><sln:powIIPWersja>2012-09-27T08:58:33+02:00</sln:powIIPWersja><sln:powIdTeryt>1605</sln:powIdTeryt><sln:powNazwa>krapkowicki</sln:powNazwa><sln:wojIIPId>9bd0c42a-ca40-4b7d-9b5b-81aae3398015</sln:wojIIPId><sln:wojIIPPn>PL.PZGIK.200</sln:wojIIPPn><sln:wojIIPWersja>2017-10-10T00:00:00+02:00</sln:wojIIPWersja><sln:wojIdTeryt>16</sln:wojIdTeryt><sln:wojNazwa>opolskie</sln:wojNazwa></sln:miejscowosc><sln:miejscowosc><sln:cyklZyciaOd>2014-12-02T00:00:00+01:00</sln:cyklZyciaOd><sln:gmIIPId>b4132541-20f8-4966-931f-e384857528d7</sln:gmIIPId><sln:gmIIPPn>PL.PZGIK.200</sln:gmIIPPn><sln:gmIIPWersja>2012-09-26T21:59:14+02:00</sln:gmIIPWersja><sln:gmIdTeryt>1605053</sln:gmIdTeryt><sln:gmNazwa>Zdzieszowice</sln:gmNazwa><sln:miejscIIPId>7ea6e76f-eb30-4de0-91d8-d667ecf3bb4f</sln:miejscIIPId><sln:miejscIIPPn>PL.PZGIK.200</sln:miejscIIPPn><sln:miejscIIPWersja>2016-11-24T13:27:58+02:00</sln:miejscIIPWersja><sln:miejscIdTeryt>0966056</sln:miejscIdTeryt><sln:miejscNazwa>Banaczki</sln:miejscNazwa><sln:miejscRodzaj>Inny obiekt</sln:miejscRodzaj><sln:powIIPId>e220ff54-0cb8-4fc9-99ee-89724f647687</sln:powIIPId><sln:powIIPPn>PL.PZGIK.200</sln:powIIPPn><sln:powIIPWersja>2012-09-27T08:58:33+02:00</sln:powIIPWersja><sln:powIdTeryt>1605</sln:powIdTeryt><sln:powNazwa>krapkowicki</sln:powNazwa><sln:wojIIPId>9bd0c42a-ca40-4b7d-9b5b-81aae3398015</sln:wojIIPId><sln:wojIIPPn>PL.PZGIK.200</sln:wojIIPPn><sln:wojIIPWersja>2017-10-10T00:00:00+02:00</sln:wojIIPWersja><sln:wojIdTeryt>16</sln:wojIdTeryt><sln:wojNazwa>opolskie</sln:wojNazwa></sln:miejscowosc><sln:miejscowosc><sln:cyklZyciaOd>2014-12-02T00:00:00+01:00</sln:cyklZyciaOd><sln:gmIIPId>b4132541-20f8-4966-931f-e384857528d7</sln:gmIIPId><sln:gmIIPPn>PL.PZGIK.200</sln:gmIIPPn><sln:gmIIPWersja>2012-09-26T21:59:14+02:00</sln:gmIIPWersja><sln:gmIdTeryt>1605053</sln:gmIdTeryt><sln:gmNazwa>Zdzieszowice</sln:gmNazwa><sln:miejscIIPId>bf1e4140-fc8c-48c2-8758-9c17bea64473</sln:miejscIIPId><sln:miejscIIPPn>PL.PZGIK.200</sln:miejscIIPPn><sln:miejscIIPWersja>2016-11-24T13:58:57+02:00</sln:miejscIIPWersja><sln:miejscIdTeryt>0505600</sln:miejscIdTeryt><sln:miejscNazwa>Dalnie</sln:miejscNazwa><sln:miejscRodzaj>Osada</sln:miejscRodzaj><sln:powIIPId>e220ff54-0cb8-4fc9-99ee-89724f647687</sln:powIIPId><sln:powIIPPn>PL.PZGIK.200</sln:powIIPPn><sln:powIIPWersja>2012-09-27T08:58:33+02:00</sln:powIIPWersja><sln:powIdTeryt>1605</sln:powIdTeryt><sln:powNazwa>krapkowicki</sln:powNazwa><sln:wojIIPId>9bd0c42a-ca40-4b7d-9b5b-81aae3398015</sln:wojIIPId><sln:wojIIPPn>PL.PZGIK.200</sln:wojIIPPn><sln:wojIIPWersja>2017-10-10T00:00:00+02:00</sln:wojIIPWersja><sln:wojIdTeryt>16</sln:wojIdTeryt><sln:wojNazwa>opolskie</sln:wojNazwa></sln:miejscowosc><sln:miejscowosc><sln:cyklZyciaOd>2014-12-02T00:00:00+01:00</sln:cyklZyciaOd><sln:gmIIPId>b4132541-20f8-4966-931f-e384857528d7</sln:gmIIPId><sln:gmIIPPn>PL.PZGIK.200</sln:gmIIPPn><sln:gmIIPWersja>2012-09-26T21:59:14+02:00</sln:gmIIPWersja><sln:gmIdTeryt>1605053</sln:gmIdTeryt><sln:gmNazwa>Zdzieszowice</sln:gmNazwa><sln:miejscIIPId>1ffde48a-c4b7-4cf9-b92a-a21910624157</sln:miejscIIPId><sln:miejscIIPPn>PL.PZGIK.200</sln:miejscIIPPn><sln:miejscIIPWersja>2016-11-24T13:54:58+02:00</sln:miejscIIPWersja><sln:miejscIdTeryt>0505510</sln:miejscIdTeryt><sln:miejscNazwa>Obora</sln:miejscNazwa><sln:miejscRodzaj>Inny obiekt</sln:miejscRodzaj><sln:powIIPId>e220ff54-0cb8-4fc9-99ee-89724f647687</sln:powIIPId><sln:powIIPPn>PL.PZGIK.200</sln:powIIPPn><sln:powIIPWersja>2012-09-27T08:58:33+02:00</sln:powIIPWersja><sln:powIdTeryt>1605</sln:powIdTeryt><sln:powNazwa>krapkowicki</sln:powNazwa><sln:wojIIPId>9bd0c42a-ca40-4b7d-9b5b-81aae3398015</sln:wojIIPId><sln:wojIIPPn>PL.PZGIK.200</sln:wojIIPPn><sln:wojIIPWersja>2017-10-10T00:00:00+02:00</sln:wojIIPWersja><sln:wojIdTeryt>16</sln:wojIdTeryt><sln:wojNazwa>opolskie</sln:wojNazwa></sln:miejscowosc><sln:miejscowosc><sln:cyklZyciaOd>2014-12-02T00:00:00+01:00</sln:cyklZyciaOd><sln:gmIIPId>b4132541-20f8-4966-931f-e384857528d7</sln:gmIIPId><sln:gmIIPPn>PL.PZGIK.200</sln:gmIIPPn><sln:gmIIPWersja>2012-09-26T21:59:14+02:00</sln:gmIIPWersja><sln:gmIdTeryt>1605053</sln:gmIdTeryt><sln:gmNazwa>Zdzieszowice</sln:gmNazwa><sln:miejscIIPId>fceffe0a-e7d1-44f2-be0b-2259984b84a9</sln:miejscIIPId><sln:miejscIIPPn>PL.PZGIK.200</sln:miejscIIPPn><sln:miejscIIPWersja>2016-11-24T13:38:37+02:00</sln:miejscIIPWersja><sln:miejscIdTeryt>0505480</sln:miejscIdTeryt><sln:miejscNazwa>Jasiona</sln:miejscNazwa><sln:miejscRodzaj>Wieś</sln:miejscRodzaj><sln:powIIPId>e220ff54-0cb8-4fc9-99ee-89724f647687</sln:powIIPId><sln:powIIPPn>PL.PZGIK.200</sln:powIIPPn><sln:powIIPWersja>2012-09-27T08:58:33+02:00</sln:powIIPWersja><sln:powIdTeryt>1605</sln:powIdTeryt><sln:powNazwa>krapkowicki</sln:powNazwa><sln:wojIIPId>9bd0c42a-ca40-4b7d-9b5b-81aae3398015</sln:wojIIPId><sln:wojIIPPn>PL.PZGIK.200</sln:wojIIPPn><sln:wojIIPWersja>2017-10-10T00:00:00+02:00</sln:wojIIPWersja><sln:wojIdTeryt>16</sln:wojIdTeryt><sln:wojNazwa>opolskie</sln:wojNazwa></sln:miejscowosc><sln:miejscowosc><sln:cyklZyciaOd>2014-12-02T00:00:00+01:00</sln:cyklZyciaOd><sln:gmIIPId>b4132541-20f8-4966-931f-e384857528d7</sln:gmIIPId><sln:gmIIPPn>PL.PZGIK.200</sln:gmIIPPn><sln:gmIIPWersja>2012-09-26T21:59:14+02:00</sln:gmIIPWersja><sln:gmIdTeryt>1605053</sln:gmIdTeryt><sln:gmNazwa>Zdzieszowice</sln:gmNazwa><sln:miejscIIPId>81cd1f3e-6d77-4da8-91a2-808190b334da</sln:miejscIIPId><sln:miejscIIPPn>PL.PZGIK.200</sln:miejscIIPPn><sln:miejscIIPWersja>2016-11-24T13:58:57+02:00</sln:miejscIIPWersja><sln:miejscIdTeryt>0505616</sln:miejscIdTeryt><sln:miejscNazwa>Skały</sln:miejscNazwa><sln:miejscRodzaj>Inny obiekt</sln:miejscRodzaj><sln:powIIPId>e220ff54-0cb8-4fc9-99ee-89724f647687</sln:powIIPId><sln:powIIPPn>PL.PZGIK.200</sln:powIIPPn><sln:powIIPWersja>2012-09-27T08:58:33+02:00</sln:powIIPWersja><sln:powIdTeryt>1605</sln:powIdTeryt><sln:powNazwa>krapkowicki</sln:powNazwa><sln:wojIIPId>9bd0c42a-ca40-4b7d-9b5b-81aae3398015</sln:wojIIPId><sln:wojIIPPn>PL.PZGIK.200</sln:wojIIPPn><sln:wojIIPWersja>2017-10-10T00:00:00+02:00</sln:wojIIPWersja><sln:wojIdTeryt>16</sln:wojIdTeryt><sln:wojNazwa>opolskie</sln:wojNazwa></sln:miejscowosc><sln:miejscowosc><sln:cyklZyciaOd>2014-12-02T00:00:00+01:00</sln:cyklZyciaOd><sln:gmIIPId>b4132541-20f8-4966-931f-e384857528d7</sln:gmIIPId><sln:gmIIPPn>PL.PZGIK.200</sln:gmIIPPn><sln:gmIIPWersja>2012-09-26T21:59:14+02:00</sln:gmIIPWersja><sln:gmIdTeryt>1605053</sln:gmIdTeryt><sln:gmNazwa>Zdzieszowice</sln:gmNazwa><sln:miejscIIPId>7a4550a8-75b2-4899-becd-d2b6546bafd7</sln:miejscIIPId><sln:miejscIIPPn>PL.PZGIK.200</sln:miejscIIPPn><sln:miejscIIPWersja>2016-11-24T13:54:58+02:00</sln:miejscIIPWersja><sln:miejscIdTeryt>0505496</sln:miejscIdTeryt><sln:miejscNazwa>Dobrzęcice</sln:miejscNazwa><sln:miejscRodzaj>Inny obiekt</sln:miejscRodzaj><sln:powIIPId>e220ff54-0cb8-4fc9-99ee-89724f647687</sln:powIIPId><sln:powIIPPn>PL.PZGIK.200</sln:powIIPPn><sln:powIIPWersja>2012-09-27T08:58:33+02:00</sln:powIIPWersja><sln:powIdTeryt>1605</sln:powIdTeryt><sln:powNazwa>krapkowicki</sln:powNazwa><sln:wojIIPId>9bd0c42a-ca40-4b7d-9b5b-81aae3398015</sln:wojIIPId><sln:wojIIPPn>PL.PZGIK.200</sln:wojIIPPn><sln:wojIIPWersja>2017-10-10T00:00:00+02:00</sln:wojIIPWersja><sln:wojIdTeryt>16</sln:wojIdTeryt><sln:wojNazwa>opolskie</sln:wojNazwa></sln:miejscowosc><sln:miejscowosc><sln:cyklZyciaOd>2014-12-02T00:00:00+01:00</sln:cyklZyciaOd><sln:gmIIPId>b4132541-20f8-4966-931f-e384857528d7</sln:gmIIPId><sln:gmIIPPn>PL.PZGIK.200</sln:gmIIPPn><sln:gmIIPWersja>2012-09-26T21:59:14+02:00</sln:gmIIPWersja><sln:gmIdTeryt>1605053</sln:gmIdTeryt><sln:gmNazwa>Zdzieszowice</sln:gmNazwa><sln:miejscIIPId>5b72ff15-ca82-4c3b-aab4-cb600819d3cd</sln:miejscIIPId><sln:miejscIIPPn>PL.PZGIK.200</sln:miejscIIPPn><sln:miejscIIPWersja>2016-11-24T13:56:15+02:00</sln:miejscIIPWersja><sln:miejscIdTeryt>0505556</sln:miejscIdTeryt><sln:miejscNazwa>Łęg</sln:miejscNazwa><sln:miejscRodzaj>Inny obiekt</sln:miejscRodzaj><sln:powIIPId>e220ff54-0cb8-4fc9-99ee-89724f647687</sln:powIIPId><sln:powIIPPn>PL.PZGIK.200</sln:powIIPPn><sln:powIIPWersja>2012-09-27T08:58:33+02:00</sln:powIIPWersja><sln:powIdTeryt>1605</sln:powIdTeryt><sln:powNazwa>krapkowicki</sln:powNazwa><sln:wojIIPId>9bd0c42a-ca40-4b7d-9b5b-81aae3398015</sln:wojIIPId><sln:wojIIPPn>PL.PZGIK.200</sln:wojIIPPn><sln:wojIIPWersja>2017-10-10T00:00:00+02:00</sln:wojIIPWersja><sln:wojIdTeryt>16</sln:wojIdTeryt><sln:wojNazwa>opolskie</sln:wojNazwa></sln:miejscowosc><sln:miejscowosc><sln:cyklZyciaOd>2014-12-02T00:00:00+01:00</sln:cyklZyciaOd><sln:gmIIPId>b4132541-20f8-4966-931f-e384857528d7</sln:gmIIPId><sln:gmIIPPn>PL.PZGIK.200</sln:gmIIPPn><sln:gmIIPWersja>2012-09-26T21:59:14+02:00</sln:gmIIPWersja><sln:gmIdTeryt>1605053</sln:gmIdTeryt><sln:gmNazwa>Zdzieszowice</sln:gmNazwa><sln:miejscIIPId>513db623-3f18-478e-bfca-74448b49d0e8</sln:miejscIIPId><sln:miejscIIPPn>PL.PZGIK.200</sln:miejscIIPPn><sln:miejscIIPWersja>2016-11-24T13:38:33+02:00</sln:miejscIIPWersja><sln:miejscIdTeryt>0505450</sln:miejscIdTeryt><sln:miejscNazwa>Januszkowice</sln:miejscNazwa><sln:miejscRodzaj>Wieś</sln:miejscRodzaj><sln:powIIPId>e220ff54-0cb8-4fc9-99ee-89724f647687</sln:powIIPId><sln:powIIPPn>PL.PZGIK.200</sln:powIIPPn><sln:powIIPWersja>2012-09-27T08:58:33+02:00</sln:powIIPWersja><sln:powIdTeryt>1605</sln:powIdTeryt><sln:powNazwa>krapkowicki</sln:powNazwa><sln:wojIIPId>9bd0c42a-ca40-4b7d-9b5b-81aae3398015</sln:wojIIPId><sln:wojIIPPn>PL.PZGIK.200</sln:wojIIPPn><sln:wojIIPWersja>2017-10-10T00:00:00+02:00</sln:wojIIPWersja><sln:wojIdTeryt>16</sln:wojIdTeryt><sln:wojNazwa>opolskie</sln:wojNazwa></sln:miejscowosc><sln:miejscowosc><sln:cyklZyciaOd>2014-12-02T00:00:00+01:00</sln:cyklZyciaOd><sln:gmIIPId>b4132541-20f8-4966-931f-e384857528d7</sln:gmIIPId><sln:gmIIPPn>PL.PZGIK.200</sln:gmIIPPn><sln:gmIIPWersja>2012-09-26T21:59:14+02:00</sln:gmIIPWersja><sln:gmIdTeryt>1605053</sln:gmIdTeryt><sln:gmNazwa>Zdzieszowice</sln:gmNazwa><sln:miejscIIPId>5f75cc82-4379-4a5e-8121-c09897eed57a</sln:miejscIIPId><sln:miejscIIPPn>PL.PZGIK.200</sln:miejscIIPPn><sln:miejscIIPWersja>2016-11-24T13:43:51+02:00</sln:miejscIIPWersja><sln:miejscIdTeryt>0505591</sln:miejscIdTeryt><sln:miejscNazwa>Oleszka</sln:miejscNazwa><sln:miejscRodzaj>Wieś</sln:miejscRodzaj><sln:powIIPId>e220ff54-0cb8-4fc9-99ee-89724f647687</sln:powIIPId><sln:powIIPPn>PL.PZGIK.200</sln:powIIPPn><sln:powIIPWersja>2012-09-27T08:58:33+02:00</sln:powIIPWersja><sln:powIdTeryt>1605</sln:powIdTeryt><sln:powNazwa>krapkowicki</sln:powNazwa><sln:wojIIPId>9bd0c42a-ca40-4b7d-9b5b-81aae3398015</sln:wojIIPId><sln:wojIIPPn>PL.PZGIK.200</sln:wojIIPPn><sln:wojIIPWersja>2017-10-10T00:00:00+02:00</sln:wojIIPWersja><sln:wojIdTeryt>16</sln:wojIdTeryt><sln:wojNazwa>opolskie</sln:wojNazwa></sln:miejscowosc><sln:miejscowosc><sln:cyklZyciaOd>2014-12-02T00:00:00+01:00</sln:cyklZyciaOd><sln:gmIIPId>b4132541-20f8-4966-931f-e384857528d7</sln:gmIIPId><sln:gmIIPPn>PL.PZGIK.200</sln:gmIIPPn><sln:gmIIPWersja>2012-09-26T21:59:14+02:00</sln:gmIIPWersja><sln:gmIdTeryt>1605053</sln:gmIdTeryt><sln:gmNazwa>Zdzieszowice</sln:gmNazwa><sln:miejscIIPId>587f242d-5fdc-4817-bf22-9bf6b222e39f</sln:miejscIIPId><sln:miejscIIPPn>PL.PZGIK.200</sln:miejscIIPPn><sln:miejscIIPWersja>2016-11-24T13:56:15+02:00</sln:miejscIIPWersja><sln:miejscIdTeryt>0505579</sln:miejscIdTeryt><sln:miejscNazwa>Pietrowice</sln:miejscNazwa><sln:miejscRodzaj>Inny obiekt</sln:miejscRodzaj><sln:powIIPId>e220ff54-0cb8-4fc9-99ee-89724f647687</sln:powIIPId><sln:powIIPPn>PL.PZGIK.200</sln:powIIPPn><sln:powIIPWersja>2012-09-27T08:58:33+02:00</sln:powIIPWersja><sln:powIdTeryt>1605</sln:powIdTeryt><sln:powNazwa>krapkowicki</sln:powNazwa><sln:wojIIPId>9bd0c42a-ca40-4b7d-9b5b-81aae3398015</sln:wojIIPId><sln:wojIIPPn>PL.PZGIK.200</sln:wojIIPPn><sln:wojIIPWersja>2017-10-10T00:00:00+02:00</sln:wojIIPWersja><sln:wojIdTeryt>16</sln:wojIdTeryt><sln:wojNazwa>opolskie</sln:wojNazwa></sln:miejscowosc></sln:lista-miejscowosci>