<?xml version="1.0" encoding="UTF-8" standalone="yes"?><sln:lista-miejscowosci xmlns:srv="http://gugik.gov.pl/schemas/slowniki-service/1.0" xmlns:sln="http://gugik.gov.pl/schemas/slowniki-schema/1.0"><sln:miejscowosc><sln:cyklZyciaOd>2014-12-07T00:00:00+01:00</sln:cyklZyciaOd><sln:gmIIPId>0da3f606-b8dd-4195-81fd-f78f674362e1</sln:gmIIPId><sln:gmIIPPn>PL.PZGIK.200</sln:gmIIPPn><sln:gmIIPWersja>2012-09-26T21:59:34+02:00</sln:gmIIPWersja><sln:gmIdTeryt>1609022</sln:gmIdTeryt><sln:gmNazwa>Dąbrowa</sln:gmNazwa><sln:miejscIIPId>5113f79d-d067-4216-9e2b-793b476cb54c</sln:miejscIIPId><sln:miejscIIPPn>PL.PZGIK.200</sln:miejscIIPPn><sln:miejscIIPWersja>2016-11-24T13:35:33+02:00</sln:miejscIIPWersja><sln:miejscIdTeryt>0492977</sln:miejscIdTeryt><sln:miejscNazwa>Ciepielowice</sln:miejscNazwa><sln:miejscRodzaj>Wieś</sln:miejscRodzaj><sln:powIIPId>1da0ca63-52c4-4e1d-869f-b591c1e264b6</sln:powIIPId><sln:powIIPPn>PL.PZGIK.200</sln:powIIPPn><sln:powIIPWersja>2012-09-27T08:58:33+02:00</sln:powIIPWersja><sln:powIdTeryt>1609</sln:powIdTeryt><sln:powNazwa>opolski</sln:powNazwa><sln:wojIIPId>9bd0c42a-ca40-4b7d-9b5b-81aae3398015</sln:wojIIPId><sln:wojIIPPn>PL.PZGIK.200</sln:wojIIPPn><sln:wojIIPWersja>2017-10-10T00:00:00+02:00</sln:wojIIPWersja><sln:wojIdTeryt>16</sln:wojIdTeryt><sln:wojNazwa>opolskie</sln:wojNazwa></sln:miejscowosc><sln:miejscowosc><sln:cyklZyciaOd>2014-12-07T00:00:00+01:00</sln:cyklZyciaOd><sln:gmIIPId>0da3f606-b8dd-4195-81fd-f78f674362e1</sln:gmIIPId><sln:gmIIPPn>PL.PZGIK.200</sln:gmIIPPn><sln:gmIIPWersja>2012-09-26T21:59:34+02:00</sln:gmIIPWersja><sln:gmIdTeryt>1609022</sln:gmIdTeryt><sln:gmNazwa>Dąbrowa</sln:gmNazwa><sln:miejscIIPId>24be5c22-74aa-4ba7-baf1-779571bb72b1</sln:miejscIIPId><sln:miejscIIPPn>PL.PZGIK.200</sln:miejscIIPPn><sln:miejscIIPWersja>2016-11-24T13:43:00+02:00</sln:miejscIIPWersja><sln:miejscIdTeryt>0493103</sln:miejscIdTeryt><sln:miejscNazwa>Niewodniki</sln:miejscNazwa><sln:miejscRodzaj>Wieś</sln:miejscRodzaj><sln:powIIPId>1da0ca63-52c4-4e1d-869f-b591c1e264b6</sln:powIIPId><sln:powIIPPn>PL.PZGIK.200</sln:powIIPPn><sln:powIIPWersja>2012-09-27T08:58:33+02:00</sln:powIIPWersja><sln:powIdTeryt>1609</sln:powIdTeryt><sln:powNazwa>opolski</sln:powNazwa><sln:wojIIPId>9bd0c42a-ca40-4b7d-9b5b-81aae3398015</sln:wojIIPId><sln:wojIIPPn>PL.PZGIK.200</sln:wojIIPPn><sln:wojIIPWersja>2017-10-10T00:00:00+02:00</sln:wojIIPWersja><sln:wojIdTeryt>16</sln:wojIdTeryt><sln:wojNazwa>opolskie</sln:wojNazwa></sln:miejscowosc><sln:miejscowosc><sln:cyklZyciaOd>2014-12-07T00:00:00+01:00</sln:cyklZyciaOd><sln:gmIIPId>0da3f606-b8dd-4195-81fd-f78f674362e1</sln:gmIIPId><sln:gmIIPPn>PL.PZGIK.200</sln:gmIIPPn><sln:gmIIPWersja>2012-09-26T21:59:34+02:00</sln:gmIIPWersja><sln:gmIdTeryt>1609022</sln:gmIdTeryt><sln:gmNazwa>Dąbrowa</sln:gmNazwa><sln:miejscIIPId>5c2fa9ea-a0f7-41a5-8d3a-4b42965eb668</sln:miejscIIPId><sln:miejscIIPPn>PL.PZGIK.200</sln:miejscIIPPn><sln:miejscIIPWersja>2016-11-24T13:58:39+02:00</sln:miejscIIPWersja><sln:miejscIdTeryt>0493089</sln:miejscIdTeryt><sln:miejscNazwa>Narocka Kolonia</sln:miejscNazwa><sln:miejscRodzaj>Inny obiekt</sln:miejscRodzaj><sln:powIIPId>1da0ca63-52c4-4e1d-869f-b591c1e264b6</sln:powIIPId><sln:powIIPPn>PL.PZGIK.200</sln:powIIPPn><sln:powIIPWersja>2012-09-27T08:58:33+02:00</sln:powIIPWersja><sln:powIdTeryt>1609</sln:powIdTeryt><sln:powNazwa>opolski</sln:powNazwa><sln:wojIIPId>9bd0c42a-ca40-4b7d-9b5b-81aae3398015</sln:wojIIPId><sln:wojIIPPn>PL.PZGIK.200</sln:wojIIPPn><sln:wojIIPWersja>2017-10-10T00:00:00+02:00</sln:wojIIPWersja><sln:wojIdTeryt>16</sln:wojIdTeryt><sln:wojNazwa>opolskie</sln:wojNazwa></sln:miejscowosc><sln:miejscowosc><sln:cyklZyciaOd>2014-12-07T00:00:00+01:00</sln:cyklZyciaOd><sln:gmIIPId>0da3f606-b8dd-4195-81fd-f78f674362e1</sln:gmIIPId><sln:gmIIPPn>PL.PZGIK.200</sln:gmIIPPn><sln:gmIIPWersja>2012-09-26T21:59:34+02:00</sln:gmIIPWersja><sln:gmIdTeryt>1609022</sln:gmIdTeryt><sln:gmNazwa>Dąbrowa</sln:gmNazwa><sln:miejscIIPId>b77f64e8-104c-4882-87d4-7f6bbef8564d</sln:miejscIIPId><sln:miejscIIPPn>PL.PZGIK.200</sln:miejscIIPPn><sln:miejscIIPWersja>2016-11-24T13:30:25+02:00</sln:miejscIIPWersja><sln:miejscIdTeryt>0493178</sln:miejscIdTeryt><sln:miejscNazwa>Siedliska</sln:miejscNazwa><sln:miejscRodzaj>Wieś</sln:miejscRodzaj><sln:powIIPId>1da0ca63-52c4-4e1d-869f-b591c1e264b6</sln:powIIPId><sln:powIIPPn>PL.PZGIK.200</sln:powIIPPn><sln:powIIPWersja>2012-09-27T08:58:33+02:00</sln:powIIPWersja><sln:powIdTeryt>1609</sln:powIdTeryt><sln:powNazwa>opolski</sln:powNazwa><sln:wojIIPId>9bd0c42a-ca40-4b7d-9b5b-81aae3398015</sln:wojIIPId><sln:wojIIPPn>PL.PZGIK.200</sln:wojIIPPn><sln:wojIIPWersja>2017-10-10T00:00:00+02:00</sln:wojIIPWersja><sln:wojIdTeryt>16</sln:wojIdTeryt><sln:wojNazwa>opolskie</sln:wojNazwa></sln:miejscowosc><sln:miejscowosc><sln:cyklZyciaDo>2017-10-20T00:00:00+02:00</sln:cyklZyciaDo><sln:cyklZyciaOd>2014-12-07T00:00:00+01:00</sln:cyklZyciaOd><sln:gmIIPId>0da3f606-b8dd-4195-81fd-f78f674362e1</sln:gmIIPId><sln:gmIIPPn>PL.PZGIK.200</sln:gmIIPPn><sln:gmIIPWersja>2012-09-26T21:59:34+02:00</sln:gmIIPWersja><sln:gmIdTeryt>1609022</sln:gmIdTeryt><sln:gmNazwa>Dąbrowa</sln:gmNazwa><sln:miejscIIPId>50a06381-f9d9-46b8-b737-ad23c09b91ec</sln:miejscIIPId><sln:miejscIIPPn>PL.PZGIK.200</sln:miejscIIPPn><sln:miejscIIPWersja>2016-11-24T13:33:52+02:00</sln:miejscIIPWersja><sln:miejscIdTeryt>0493209</sln:miejscIdTeryt><sln:miejscNazwa>Wrzoski</sln:miejscNazwa><sln:miejscRodzaj>Wieś</sln:miejscRodzaj><sln:powIIPId>1da0ca63-52c4-4e1d-869f-b591c1e264b6</sln:powIIPId><sln:powIIPPn>PL.PZGIK.200</sln:powIIPPn><sln:powIIPWersja>2012-09-27T08:58:33+02:00</sln:powIIPWersja><sln:powIdTeryt>1609</sln:powIdTeryt><sln:powNazwa>opolski</sln:powNazwa><sln:wojIIPId>9bd0c42a-ca40-4b7d-9b5b-81aae3398015</sln:wojIIPId><sln:wojIIPPn>PL.PZGIK.200</sln:wojIIPPn><sln:wojIIPWersja>2017-10-10T00:00:00+02:00</sln:wojIIPWersja><sln:wojIdTeryt>16</sln:wojIdTeryt><sln:wojNazwa>opolskie</sln:wojNazwa></sln:miejscowosc><sln:miejscowosc><sln:cyklZyciaOd>2014-12-07T00:00:00+01:00</sln:cyklZyciaOd><sln:gmIIPId>0da3f606-b8dd-4195-81fd-f78f674362e1</sln:gmIIPId><sln:gmIIPPn>PL.PZGIK.200</sln:gmIIPPn><sln:gmIIPWersja>2012-09-26T21:59:34+02:00</sln:gmIIPWersja><sln:gmIdTeryt>1609022</sln:gmIdTeryt><sln:gmNazwa>Dąbrowa</sln:gmNazwa><sln:miejscIIPId>583c0eac-b9af-4660-8a25-27df6f0609ff</sln:miejscIIPId><sln:miejscIIPPn>PL.PZGIK.200</sln:miejscIIPPn><sln:miejscIIPWersja>2016-11-24T13:58:39+02:00</sln:miejscIIPWersja><sln:miejscIdTeryt>0493110</sln:miejscIdTeryt><sln:miejscNazwa>Brzezina</sln:miejscNazwa><sln:miejscRodzaj>Inny obiekt</sln:miejscRodzaj><sln:powIIPId>1da0ca63-52c4-4e1d-869f-b591c1e264b6</sln:powIIPId><sln:powIIPPn>PL.PZGIK.200</sln:powIIPPn><sln:powIIPWersja>2012-09-27T08:58:33+02:00</sln:powIIPWersja><sln:powIdTeryt>1609</sln:powIdTeryt><sln:powNazwa>opolski</sln:powNazwa><sln:wojIIPId>9bd0c42a-ca40-4b7d-9b5b-81aae3398015</sln:wojIIPId><sln:wojIIPPn>PL.PZGIK.200</sln:wojIIPPn><sln:wojIIPWersja>2017-10-10T00:00:00+02:00</sln:wojIIPWersja><sln:wojIdTeryt>16</sln:wojIdTeryt><sln:wojNazwa>opolskie</sln:wojNazwa></sln:miejscowosc><sln:miejscowosc><sln:cyklZyciaOd>2014-12-07T00:00:00+01:00</sln:cyklZyciaOd><sln:gmIIPId>0da3f606-b8dd-4195-81fd-f78f674362e1</sln:gmIIPId><sln:gmIIPPn>PL.PZGIK.200</sln:gmIIPPn><sln:gmIIPWersja>2012-09-26T21:59:34+02:00</sln:gmIIPWersja><sln:gmIdTeryt>1609022</sln:gmIdTeryt><sln:gmNazwa>Dąbrowa</sln:gmNazwa><sln:miejscIIPId>08b13445-10da-4cb0-8aa9-6ac69a06c312</sln:miejscIIPId><sln:miejscIIPPn>PL.PZGIK.200</sln:miejscIIPPn><sln:miejscIIPWersja>2016-11-24T13:42:06+02:00</sln:miejscIIPWersja><sln:miejscIdTeryt>0493043</sln:miejscIdTeryt><sln:miejscNazwa>Mechnice</sln:miejscNazwa><sln:miejscRodzaj>Wieś</sln:miejscRodzaj><sln:powIIPId>1da0ca63-52c4-4e1d-869f-b591c1e264b6</sln:powIIPId><sln:powIIPPn>PL.PZGIK.200</sln:powIIPPn><sln:powIIPWersja>2012-09-27T08:58:33+02:00</sln:powIIPWersja><sln:powIdTeryt>1609</sln:powIdTeryt><sln:powNazwa>opolski</sln:powNazwa><sln:wojIIPId>9bd0c42a-ca40-4b7d-9b5b-81aae3398015</sln:wojIIPId><sln:wojIIPPn>PL.PZGIK.200</sln:wojIIPPn><sln:wojIIPWersja>2017-10-10T00:00:00+02:00</sln:wojIIPWersja><sln:wojIdTeryt>16</sln:wojIdTeryt><sln:wojNazwa>opolskie</sln:wojNazwa></sln:miejscowosc><sln:miejscowosc><sln:cyklZyciaDo>2017-10-26T00:00:00+02:00</sln:cyklZyciaDo><sln:cyklZyciaOd>2014-12-07T00:00:00+01:00</sln:cyklZyciaOd><sln:gmIIPId>0da3f606-b8dd-4195-81fd-f78f674362e1</sln:gmIIPId><sln:gmIIPPn>PL.PZGIK.200</sln:gmIIPPn><sln:gmIIPWersja>2012-09-26T21:59:34+02:00</sln:gmIIPWersja><sln:gmIdTeryt>1609022</sln:gmIdTeryt><sln:gmNazwa>Dąbrowa</sln:gmNazwa><sln:miejscIIPId>2ebdf444-7da9-4705-893d-c3e2fbea52fc</sln:miejscIIPId><sln:miejscIIPPn>PL.PZGIK.200</sln:miejscIIPPn><sln:miejscIIPWersja>2016-11-24T13:39:13+02:00</sln:miejscIIPWersja><sln:miejscIdTeryt>0493008</sln:miejscIdTeryt><sln:miejscNazwa>Karczów</sln:miejscNazwa><sln:miejscRodzaj>Wieś</sln:miejscRodzaj><sln:powIIPId>1da0ca63-52c4-4e1d-869f-b591c1e264b6</sln:powIIPId><sln:powIIPPn>PL.PZGIK.200</sln:powIIPPn><sln:powIIPWersja>2012-09-27T08:58:33+02:00</sln:powIIPWersja><sln:powIdTeryt>1609</sln:powIdTeryt><sln:powNazwa>opolski</sln:powNazwa><sln:wojIIPId>9bd0c42a-ca40-4b7d-9b5b-81aae3398015</sln:wojIIPId><sln:wojIIPPn>PL.PZGIK.200</sln:wojIIPPn><sln:wojIIPWersja>2017-10-10T00:00:00+02:00</sln:wojIIPWersja><sln:wojIdTeryt>16</sln:wojIdTeryt><sln:wojNazwa>opolskie</sln:wojNazwa></sln:miejscowosc><sln:miejscowosc><sln:cyklZyciaDo>2017-10-26T00:00:00+02:00</sln:cyklZyciaDo><sln:cyklZyciaOd>2014-12-07T00:00:00+01:00</sln:cyklZyciaOd><sln:gmIIPId>0da3f606-b8dd-4195-81fd-f78f674362e1</sln:gmIIPId><sln:gmIIPPn>PL.PZGIK.200</sln:gmIIPPn><sln:gmIIPWersja>2012-09-26T21:59:34+02:00</sln:gmIIPWersja><sln:gmIdTeryt>1609022</sln:gmIdTeryt><sln:gmNazwa>Dąbrowa</sln:gmNazwa><sln:miejscIIPId>6a55938b-f92a-42fc-9ae6-40404f085bb9</sln:miejscIIPId><sln:miejscIIPPn>PL.PZGIK.200</sln:miejscIIPPn><sln:miejscIIPWersja>2016-11-24T13:27:58+02:00</sln:miejscIIPWersja><sln:miejscIdTeryt>0493014</sln:miejscIdTeryt><sln:miejscNazwa>Jemielin</sln:miejscNazwa><sln:miejscRodzaj>Inny obiekt</sln:miejscRodzaj><sln:powIIPId>1da0ca63-52c4-4e1d-869f-b591c1e264b6</sln:powIIPId><sln:powIIPPn>PL.PZGIK.200</sln:powIIPPn><sln:powIIPWersja>2012-09-27T08:58:33+02:00</sln:powIIPWersja><sln:powIdTeryt>1609</sln:powIdTeryt><sln:powNazwa>opolski</sln:powNazwa><sln:wojIIPId>9bd0c42a-ca40-4b7d-9b5b-81aae3398015</sln:wojIIPId><sln:wojIIPPn>PL.PZGIK.200</sln:wojIIPPn><sln:wojIIPWersja>2017-10-10T00:00:00+02:00</sln:wojIIPWersja><sln:wojIdTeryt>16</sln:wojIdTeryt><sln:wojNazwa>opolskie</sln:wojNazwa></sln:miejscowosc><sln:miejscowosc><sln:cyklZyciaOd>2014-12-07T00:00:00+01:00</sln:cyklZyciaOd><sln:gmIIPId>0da3f606-b8dd-4195-81fd-f78f674362e1</sln:gmIIPId><sln:gmIIPPn>PL.PZGIK.200</sln:gmIIPPn><sln:gmIIPWersja>2012-09-26T21:59:34+02:00</sln:gmIIPWersja><sln:gmIdTeryt>1609022</sln:gmIdTeryt><sln:gmNazwa>Dąbrowa</sln:gmNazwa><sln:miejscIIPId>3f1fef27-f919-4e82-9ed8-56031923a742</sln:miejscIIPId><sln:miejscIIPPn>PL.PZGIK.200</sln:miejscIIPPn><sln:miejscIIPWersja>2016-11-24T13:42:52+02:00</sln:miejscIIPWersja><sln:miejscIdTeryt>0493066</sln:miejscIdTeryt><sln:miejscNazwa>Narok</sln:miejscNazwa><sln:miejscRodzaj>Wieś</sln:miejscRodzaj><sln:powIIPId>1da0ca63-52c4-4e1d-869f-b591c1e264b6</sln:powIIPId><sln:powIIPPn>PL.PZGIK.200</sln:powIIPPn><sln:powIIPWersja>2012-09-27T08:58:33+02:00</sln:powIIPWersja><sln:powIdTeryt>1609</sln:powIdTeryt><sln:powNazwa>opolski</sln:powNazwa><sln:wojIIPId>9bd0c42a-ca40-4b7d-9b5b-81aae3398015</sln:wojIIPId><sln:wojIIPPn>PL.PZGIK.200</sln:wojIIPPn><sln:wojIIPWersja>2017-10-10T00:00:00+02:00</sln:wojIIPWersja><sln:wojIdTeryt>16</sln:wojIdTeryt><sln:wojNazwa>opolskie</sln:wojNazwa></sln:miejscowosc><sln:miejscowosc><sln:cyklZyciaOd>2014-12-07T00:00:00+01:00</sln:cyklZyciaOd><sln:gmIIPId>0da3f606-b8dd-4195-81fd-f78f674362e1</sln:gmIIPId><sln:gmIIPPn>PL.PZGIK.200</sln:gmIIPPn><sln:gmIIPWersja>2012-09-26T21:59:34+02:00</sln:gmIIPWersja><sln:gmIdTeryt>1609022</sln:gmIdTeryt><sln:gmNazwa>Dąbrowa</sln:gmNazwa><sln:miejscIIPId>991f9f96-a61e-4ef9-9779-73aba749a94a</sln:miejscIIPId><sln:miejscIIPPn>PL.PZGIK.200</sln:miejscIIPPn><sln:miejscIIPWersja>2016-11-24T13:52:16+02:00</sln:miejscIIPWersja><sln:miejscIdTeryt>0492990</sln:miejscIdTeryt><sln:miejscNazwa>Sokolniki</sln:miejscNazwa><sln:miejscRodzaj>Osada</sln:miejscRodzaj><sln:powIIPId>1da0ca63-52c4-4e1d-869f-b591c1e264b6</sln:powIIPId><sln:powIIPPn>PL.PZGIK.200</sln:powIIPPn><sln:powIIPWersja>2012-09-27T08:58:33+02:00</sln:powIIPWersja><sln:powIdTeryt>1609</sln:powIdTeryt><sln:powNazwa>opolski</sln:powNazwa><sln:wojIIPId>9bd0c42a-ca40-4b7d-9b5b-81aae3398015</sln:wojIIPId><sln:wojIIPPn>PL.PZGIK.200</sln:wojIIPPn><sln:wojIIPWersja>2017-10-10T00:00:00+02:00</sln:wojIIPWersja><sln:wojIdTeryt>16</sln:wojIdTeryt><sln:wojNazwa>opolskie</sln:wojNazwa></sln:miejscowosc><sln:miejscowosc><sln:cyklZyciaOd>2014-12-07T00:00:00+01:00</sln:cyklZyciaOd><sln:gmIIPId>0da3f606-b8dd-4195-81fd-f78f674362e1</sln:gmIIPId><sln:gmIIPPn>PL.PZGIK.200</sln:gmIIPPn><sln:gmIIPWersja>2012-09-26T21:59:34+02:00</sln:gmIIPWersja><sln:gmIdTeryt>1609022</sln:gmIdTeryt><sln:gmNazwa>Dąbrowa</sln:gmNazwa><sln:miejscIIPId>f9641ab9-1f8f-4a4a-b214-b189a9d88515</sln:miejscIIPId><sln:miejscIIPPn>PL.PZGIK.200</sln:miejscIIPPn><sln:miejscIIPWersja>2016-11-24T13:27:58+02:00</sln:miejscIIPWersja><sln:miejscIdTeryt>0493155</sln:miejscIdTeryt><sln:miejscNazwa>Poręby</sln:miejscNazwa><sln:miejscRodzaj>Inny obiekt</sln:miejscRodzaj><sln:powIIPId>1da0ca63-52c4-4e1d-869f-b591c1e264b6</sln:powIIPId><sln:powIIPPn>PL.PZGIK.200</sln:powIIPPn><sln:powIIPWersja>2012-09-27T08:58:33+02:00</sln:powIIPWersja><sln:powIdTeryt>1609</sln:powIdTeryt><sln:powNazwa>opolski</sln:powNazwa><sln:wojIIPId>9bd0c42a-ca40-4b7d-9b5b-81aae3398015</sln:wojIIPId><sln:wojIIPPn>PL.PZGIK.200</sln:wojIIPPn><sln:wojIIPWersja>2017-10-10T00:00:00+02:00</sln:wojIIPWersja><sln:wojIdTeryt>16</sln:wojIdTeryt><sln:wojNazwa>opolskie</sln:wojNazwa></sln:miejscowosc><sln:miejscowosc><sln:cyklZyciaOd>2014-12-07T00:00:00+01:00</sln:cyklZyciaOd><sln:gmIIPId>0da3f606-b8dd-4195-81fd-f78f674362e1</sln:gmIIPId><sln:gmIIPPn>PL.PZGIK.200</sln:gmIIPPn><sln:gmIIPWersja>2012-09-26T21:59:34+02:00</sln:gmIIPWersja><sln:gmIdTeryt>1609022</sln:gmIdTeryt><sln:gmNazwa>Dąbrowa</sln:gmNazwa><sln:miejscIIPId>843a8951-7e0c-4366-afe2-faf775aa1675</sln:miejscIIPId><sln:miejscIIPPn>PL.PZGIK.200</sln:miejscIIPPn><sln:miejscIIPWersja>2016-11-24T13:36:01+02:00</sln:miejscIIPWersja><sln:miejscIdTeryt>0492983</sln:miejscIdTeryt><sln:miejscNazwa>Dąbrowa</sln:miejscNazwa><sln:miejscRodzaj>Wieś</sln:miejscRodzaj><sln:powIIPId>1da0ca63-52c4-4e1d-869f-b591c1e264b6</sln:powIIPId><sln:powIIPPn>PL.PZGIK.200</sln:powIIPPn><sln:powIIPWersja>2012-09-27T08:58:33+02:00</sln:powIIPWersja><sln:powIdTeryt>1609</sln:powIdTeryt><sln:powNazwa>opolski</sln:powNazwa><sln:wojIIPId>9bd0c42a-ca40-4b7d-9b5b-81aae3398015</sln:wojIIPId><sln:wojIIPPn>PL.PZGIK.200</sln:wojIIPPn><sln:wojIIPWersja>2017-10-10T00:00:00+02:00</sln:wojIIPWersja><sln:wojIdTeryt>16</sln:wojIdTeryt><sln:wojNazwa>opolskie</sln:wojNazwa></sln:miejscowosc><sln:miejscowosc><sln:cyklZyciaOd>2014-12-07T00:00:00+01:00</sln:cyklZyciaOd><sln:gmIIPId>0da3f606-b8dd-4195-81fd-f78f674362e1</sln:gmIIPId><sln:gmIIPPn>PL.PZGIK.200</sln:gmIIPPn><sln:gmIIPWersja>2012-09-26T21:59:34+02:00</sln:gmIIPWersja><sln:gmIdTeryt>1609022</sln:gmIdTeryt><sln:gmNazwa>Dąbrowa</sln:gmNazwa><sln:miejscIIPId>844f8ffd-b2ea-4226-9c63-eed6d4ba9bf6</sln:miejscIIPId><sln:miejscIIPPn>PL.PZGIK.200</sln:miejscIIPPn><sln:miejscIIPWersja>2016-11-24T13:41:12+02:00</sln:miejscIIPWersja><sln:miejscIdTeryt>0493037</sln:miejscIdTeryt><sln:miejscNazwa>Lipowa</sln:miejscNazwa><sln:miejscRodzaj>Wieś</sln:miejscRodzaj><sln:powIIPId>1da0ca63-52c4-4e1d-869f-b591c1e264b6</sln:powIIPId><sln:powIIPPn>PL.PZGIK.200</sln:powIIPPn><sln:powIIPWersja>2012-09-27T08:58:33+02:00</sln:powIIPWersja><sln:powIdTeryt>1609</sln:powIdTeryt><sln:powNazwa>opolski</sln:powNazwa><sln:wojIIPId>9bd0c42a-ca40-4b7d-9b5b-81aae3398015</sln:wojIIPId><sln:wojIIPPn>PL.PZGIK.200</sln:wojIIPPn><sln:wojIIPWersja>2017-10-10T00:00:00+02:00</sln:wojIIPWersja><sln:wojIdTeryt>16</sln:wojIdTeryt><sln:wojNazwa>opolskie</sln:wojNazwa></sln:miejscowosc><sln:miejscowosc><sln:cyklZyciaOd>2014-12-07T00:00:00+01:00</sln:cyklZyciaOd><sln:gmIIPId>0da3f606-b8dd-4195-81fd-f78f674362e1</sln:gmIIPId><sln:gmIIPPn>PL.PZGIK.200</sln:gmIIPPn><sln:gmIIPWersja>2012-09-26T21:59:34+02:00</sln:gmIIPWersja><sln:gmIdTeryt>1609022</sln:gmIdTeryt><sln:gmNazwa>Dąbrowa</sln:gmNazwa><sln:miejscIIPId>68b1501a-e832-4537-8aea-9945617a3d8b</sln:miejscIIPId><sln:miejscIIPPn>PL.PZGIK.200</sln:miejscIIPPn><sln:miejscIIPWersja>2016-11-24T13:58:19+02:00</sln:miejscIIPWersja><sln:miejscIdTeryt>0493095</sln:miejscIdTeryt><sln:miejscNazwa>Odrzyca</sln:miejscNazwa><sln:miejscRodzaj>Inny obiekt</sln:miejscRodzaj><sln:powIIPId>1da0ca63-52c4-4e1d-869f-b591c1e264b6</sln:powIIPId><sln:powIIPPn>PL.PZGIK.200</sln:powIIPPn><sln:powIIPWersja>2012-09-27T08:58:33+02:00</sln:powIIPWersja><sln:powIdTeryt>1609</sln:powIdTeryt><sln:powNazwa>opolski</sln:powNazwa><sln:wojIIPId>9bd0c42a-ca40-4b7d-9b5b-81aae3398015</sln:wojIIPId><sln:wojIIPPn>PL.PZGIK.200</sln:wojIIPPn><sln:wojIIPWersja>2017-10-10T00:00:00+02:00</sln:wojIIPWersja><sln:wojIdTeryt>16</sln:wojIdTeryt><sln:wojNazwa>opolskie</sln:wojNazwa></sln:miejscowosc><sln:miejscowosc><sln:cyklZyciaOd>2014-12-07T00:00:00+01:00</sln:cyklZyciaOd><sln:gmIIPId>0da3f606-b8dd-4195-81fd-f78f674362e1</sln:gmIIPId><sln:gmIIPPn>PL.PZGIK.200</sln:gmIIPPn><sln:gmIIPWersja>2012-09-26T21:59:34+02:00</sln:gmIIPWersja><sln:gmIdTeryt>1609022</sln:gmIdTeryt><sln:gmNazwa>Dąbrowa</sln:gmNazwa><sln:miejscIIPId>bad3f059-e262-415d-8471-9f7969d7e149</sln:miejscIIPId><sln:miejscIIPPn>PL.PZGIK.200</sln:miejscIIPPn><sln:miejscIIPWersja>2016-11-24T13:58:39+02:00</sln:miejscIIPWersja><sln:miejscIdTeryt>0493126</sln:miejscIdTeryt><sln:miejscNazwa>Dobrosław</sln:miejscNazwa><sln:miejscRodzaj>Inny obiekt</sln:miejscRodzaj><sln:powIIPId>1da0ca63-52c4-4e1d-869f-b591c1e264b6</sln:powIIPId><sln:powIIPPn>PL.PZGIK.200</sln:powIIPPn><sln:powIIPWersja>2012-09-27T08:58:33+02:00</sln:powIIPWersja><sln:powIdTeryt>1609</sln:powIdTeryt><sln:powNazwa>opolski</sln:powNazwa><sln:wojIIPId>9bd0c42a-ca40-4b7d-9b5b-81aae3398015</sln:wojIIPId><sln:wojIIPPn>PL.PZGIK.200</sln:wojIIPPn><sln:wojIIPWersja>2017-10-10T00:00:00+02:00</sln:wojIIPWersja><sln:wojIdTeryt>16</sln:wojIdTeryt><sln:wojNazwa>opolskie</sln:wojNazwa></sln:miejscowosc><sln:miejscowosc><sln:cyklZyciaOd>2014-12-07T00:00:00+01:00</sln:cyklZyciaOd><sln:gmIIPId>0da3f606-b8dd-4195-81fd-f78f674362e1</sln:gmIIPId><sln:gmIIPPn>PL.PZGIK.200</sln:gmIIPPn><sln:gmIIPWersja>2012-09-26T21:59:34+02:00</sln:gmIIPWersja><sln:gmIdTeryt>1609022</sln:gmIdTeryt><sln:gmNazwa>Dąbrowa</sln:gmNazwa><sln:miejscIIPId>c0a4af64-f722-49a4-9d8b-70cc2f363d2f</sln:miejscIIPId><sln:miejscIIPPn>PL.PZGIK.200</sln:miejscIIPPn><sln:miejscIIPWersja>2016-11-24T13:57:41+02:00</sln:miejscIIPWersja><sln:miejscIdTeryt>0493050</sln:miejscIdTeryt><sln:miejscNazwa>Turzak</sln:miejscNazwa><sln:miejscRodzaj>Inny obiekt</sln:miejscRodzaj><sln:powIIPId>1da0ca63-52c4-4e1d-869f-b591c1e264b6</sln:powIIPId><sln:powIIPPn>PL.PZGIK.200</sln:powIIPPn><sln:powIIPWersja>2012-09-27T08:58:33+02:00</sln:powIIPWersja><sln:powIdTeryt>1609</sln:powIdTeryt><sln:powNazwa>opolski</sln:powNazwa><sln:wojIIPId>9bd0c42a-ca40-4b7d-9b5b-81aae3398015</sln:wojIIPId><sln:wojIIPPn>PL.PZGIK.200</sln:wojIIPPn><sln:wojIIPWersja>2017-10-10T00:00:00+02:00</sln:wojIIPWersja><sln:wojIdTeryt>16</sln:wojIdTeryt><sln:wojNazwa>opolskie</sln:wojNazwa></sln:miejscowosc><sln:miejscowosc><sln:cyklZyciaOd>2014-12-07T00:00:00+01:00</sln:cyklZyciaOd><sln:gmIIPId>0da3f606-b8dd-4195-81fd-f78f674362e1</sln:gmIIPId><sln:gmIIPPn>PL.PZGIK.200</sln:gmIIPPn><sln:gmIIPWersja>2012-09-26T21:59:34+02:00</sln:gmIIPWersja><sln:gmIdTeryt>1609022</sln:gmIdTeryt><sln:gmNazwa>Dąbrowa</sln:gmNazwa><sln:miejscIIPId>89ba7b3d-3be4-4974-88f1-d8d844f682a5</sln:miejscIIPId><sln:miejscIIPPn>PL.PZGIK.200</sln:miejscIIPPn><sln:miejscIIPWersja>2016-11-24T13:28:57+02:00</sln:miejscIIPWersja><sln:miejscIdTeryt>0493161</sln:miejscIdTeryt><sln:miejscNazwa>Prądy</sln:miejscNazwa><sln:miejscRodzaj>Wieś</sln:miejscRodzaj><sln:powIIPId>1da0ca63-52c4-4e1d-869f-b591c1e264b6</sln:powIIPId><sln:powIIPPn>PL.PZGIK.200</sln:powIIPPn><sln:powIIPWersja>2012-09-27T08:58:33+02:00</sln:powIIPWersja><sln:powIdTeryt>1609</sln:powIdTeryt><sln:powNazwa>opolski</sln:powNazwa><sln:wojIIPId>9bd0c42a-ca40-4b7d-9b5b-81aae3398015</sln:wojIIPId><sln:wojIIPPn>PL.PZGIK.200</sln:wojIIPPn><sln:wojIIPWersja>2017-10-10T00:00:00+02:00</sln:wojIIPWersja><sln:wojIdTeryt>16</sln:wojIdTeryt><sln:wojNazwa>opolskie</sln:wojNazwa></sln:miejscowosc><sln:miejscowosc><sln:cyklZyciaOd>2014-12-07T00:00:00+01:00</sln:cyklZyciaOd><sln:gmIIPId>0da3f606-b8dd-4195-81fd-f78f674362e1</sln:gmIIPId><sln:gmIIPPn>PL.PZGIK.200</sln:gmIIPPn><sln:gmIIPWersja>2012-09-26T21:59:34+02:00</sln:gmIIPWersja><sln:gmIdTeryt>1609022</sln:gmIdTeryt><sln:gmNazwa>Dąbrowa</sln:gmNazwa><sln:miejscIIPId>192323af-4625-4242-9f25-779910b5bd38</sln:miejscIIPId><sln:miejscIIPPn>PL.PZGIK.200</sln:miejscIIPPn><sln:miejscIIPWersja>2016-11-24T13:30:39+02:00</sln:miejscIIPWersja><sln:miejscIdTeryt>0493184</sln:miejscIdTeryt><sln:miejscNazwa>Skarbiszów</sln:miejscNazwa><sln:miejscRodzaj>Wieś</sln:miejscRodzaj><sln:powIIPId>1da0ca63-52c4-4e1d-869f-b591c1e264b6</sln:powIIPId><sln:powIIPPn>PL.PZGIK.200</sln:powIIPPn><sln:powIIPWersja>2012-09-27T08:58:33+02:00</sln:powIIPWersja><sln:powIdTeryt>1609</sln:powIdTeryt><sln:powNazwa>opolski</sln:powNazwa><sln:wojIIPId>9bd0c42a-ca40-4b7d-9b5b-81aae3398015</sln:wojIIPId><sln:wojIIPPn>PL.PZGIK.200</sln:wojIIPPn><sln:wojIIPWersja>2017-10-10T00:00:00+02:00</sln:wojIIPWersja><sln:wojIdTeryt>16</sln:wojIdTeryt><sln:wojNazwa>opolskie</sln:wojNazwa></sln:miejscowosc><sln:miejscowosc><sln:cyklZyciaDo>2017-10-20T00:00:00+02:00</sln:cyklZyciaDo><sln:cyklZyciaOd>2014-12-07T00:00:00+01:00</sln:cyklZyciaOd><sln:gmIIPId>0da3f606-b8dd-4195-81fd-f78f674362e1</sln:gmIIPId><sln:gmIIPPn>PL.PZGIK.200</sln:gmIIPPn><sln:gmIIPWersja>2012-09-26T21:59:34+02:00</sln:gmIIPWersja><sln:gmIdTeryt>1609022</sln:gmIdTeryt><sln:gmNazwa>Dąbrowa</sln:gmNazwa><sln:miejscIIPId>82ce294b-a0c6-429b-b5a9-68749beff9d9</sln:miejscIIPId><sln:miejscIIPPn>PL.PZGIK.200</sln:miejscIIPPn><sln:miejscIIPWersja>2016-11-24T13:30:46+02:00</sln:miejscIIPWersja><sln:miejscIdTeryt>0493190</sln:miejscIdTeryt><sln:miejscNazwa>Sławice</sln:miejscNazwa><sln:miejscRodzaj>Wieś</sln:miejscRodzaj><sln:powIIPId>1da0ca63-52c4-4e1d-869f-b591c1e264b6</sln:powIIPId><sln:powIIPPn>PL.PZGIK.200</sln:powIIPPn><sln:powIIPWersja>2012-09-27T08:58:33+02:00</sln:powIIPWersja><sln:powIdTeryt>1609</sln:powIdTeryt><sln:powNazwa>opolski</sln:powNazwa><sln:wojIIPId>9bd0c42a-ca40-4b7d-9b5b-81aae3398015</sln:wojIIPId><sln:wojIIPPn>PL.PZGIK.200</sln:wojIIPPn><sln:wojIIPWersja>2017-10-10T00:00:00+02:00</sln:wojIIPWersja><sln:wojIdTeryt>16</sln:wojIdTeryt><sln:wojNazwa>opolskie</sln:wojNazwa></sln:miejscowosc><sln:miejscowosc><sln:cyklZyciaOd>2014-12-07T00:00:00+01:00</sln:cyklZyciaOd><sln:gmIIPId>0da3f606-b8dd-4195-81fd-f78f674362e1</sln:gmIIPId><sln:gmIIPPn>PL.PZGIK.200</sln:gmIIPPn><sln:gmIIPWersja>2012-09-26T21:59:34+02:00</sln:gmIIPWersja><sln:gmIdTeryt>1609022</sln:gmIdTeryt><sln:gmNazwa>Dąbrowa</sln:gmNazwa><sln:miejscIIPId>df87dae2-8396-44ba-a91f-df672ffdd761</sln:miejscIIPId><sln:miejscIIPPn>PL.PZGIK.200</sln:miejscIIPPn><sln:miejscIIPWersja>2016-11-24T13:35:06+02:00</sln:miejscIIPWersja><sln:miejscIdTeryt>0493215</sln:miejscIdTeryt><sln:miejscNazwa>Żelazna</sln:miejscNazwa><sln:miejscRodzaj>Wieś</sln:miejscRodzaj><sln:powIIPId>1da0ca63-52c4-4e1d-869f-b591c1e264b6</sln:powIIPId><sln:powIIPPn>PL.PZGIK.200</sln:powIIPPn><sln:powIIPWersja>2012-09-27T08:58:33+02:00</sln:powIIPWersja><sln:powIdTeryt>1609</sln:powIdTeryt><sln:powNazwa>opolski</sln:powNazwa><sln:wojIIPId>9bd0c42a-ca40-4b7d-9b5b-81aae3398015</sln:wojIIPId><sln:wojIIPPn>PL.PZGIK.200</sln:wojIIPPn><sln:wojIIPWersja>2017-10-10T00:00:00+02:00</sln:wojIIPWersja><sln:wojIdTeryt>16</sln:wojIdTeryt><sln:wojNazwa>opolskie</sln:wojNazwa></sln:miejscowosc><sln:miejscowosc><sln:cyklZyciaOd>2014-12-07T00:00:00+01:00</sln:cyklZyciaOd><sln:gmIIPId>0da3f606-b8dd-4195-81fd-f78f674362e1</sln:gmIIPId><sln:gmIIPPn>PL.PZGIK.200</sln:gmIIPPn><sln:gmIIPWersja>2012-09-26T21:59:34+02:00</sln:gmIIPWersja><sln:gmIdTeryt>1609022</sln:gmIdTeryt><sln:gmNazwa>Dąbrowa</sln:gmNazwa><sln:miejscIIPId>d6d3ab5c-99eb-4163-8d8e-95bde4cabe5d</sln:miejscIIPId><sln:miejscIIPPn>PL.PZGIK.200</sln:miejscIIPPn><sln:miejscIIPWersja>2016-11-24T13:43:07+02:00</sln:miejscIIPWersja><sln:miejscIdTeryt>0493149</sln:miejscIdTeryt><sln:miejscNazwa>Nowa Jamka</sln:miejscNazwa><sln:miejscRodzaj>Wieś</sln:miejscRodzaj><sln:powIIPId>1da0ca63-52c4-4e1d-869f-b591c1e264b6</sln:powIIPId><sln:powIIPPn>PL.PZGIK.200</sln:powIIPPn><sln:powIIPWersja>2012-09-27T08:58:33+02:00</sln:powIIPWersja><sln:powIdTeryt>1609</sln:powIdTeryt><sln:powNazwa>opolski</sln:powNazwa><sln:wojIIPId>9bd0c42a-ca40-4b7d-9b5b-81aae3398015</sln:wojIIPId><sln:wojIIPPn>PL.PZGIK.200</sln:wojIIPPn><sln:wojIIPWersja>2017-10-10T00:00:00+02:00</sln:wojIIPWersja><sln:wojIdTeryt>16</sln:wojIdTeryt><sln:wojNazwa>opolskie</sln:wojNazwa></sln:miejscowosc><sln:miejscowosc><sln:cyklZyciaOd>2014-12-07T00:00:00+01:00</sln:cyklZyciaOd><sln:gmIIPId>0da3f606-b8dd-4195-81fd-f78f674362e1</sln:gmIIPId><sln:gmIIPPn>PL.PZGIK.200</sln:gmIIPPn><sln:gmIIPWersja>2012-09-26T21:59:34+02:00</sln:gmIIPWersja><sln:gmIdTeryt>1609022</sln:gmIdTeryt><sln:gmNazwa>Dąbrowa</sln:gmNazwa><sln:miejscIIPId>751b3095-7554-467a-a4a2-7bcb418916bb</sln:miejscIIPId><sln:miejscIIPPn>PL.PZGIK.200</sln:miejscIIPPn><sln:miejscIIPWersja>2016-11-24T13:35:25+02:00</sln:miejscIIPWersja><sln:miejscIdTeryt>0492960</sln:miejscIdTeryt><sln:miejscNazwa>Chróścina</sln:miejscNazwa><sln:miejscRodzaj>Wieś</sln:miejscRodzaj><sln:powIIPId>1da0ca63-52c4-4e1d-869f-b591c1e264b6</sln:powIIPId><sln:powIIPPn>PL.PZGIK.200</sln:powIIPPn><sln:powIIPWersja>2012-09-27T08:58:33+02:00</sln:powIIPWersja><sln:powIdTeryt>1609</sln:powIdTeryt><sln:powNazwa>opolski</sln:powNazwa><sln:wojIIPId>9bd0c42a-ca40-4b7d-9b5b-81aae3398015</sln:wojIIPId><sln:wojIIPPn>PL.PZGIK.200</sln:wojIIPPn><sln:wojIIPWersja>2017-10-10T00:00:00+02:00</sln:wojIIPWersja><sln:wojIdTeryt>16</sln:wojIdTeryt><sln:wojNazwa>opolskie</sln:wojNazwa></sln:miejscowosc><sln:miejscowosc><sln:cyklZyciaOd>2014-12-07T00:00:00+01:00</sln:cyklZyciaOd><sln:gmIIPId>0da3f606-b8dd-4195-81fd-f78f674362e1</sln:gmIIPId><sln:gmIIPPn>PL.PZGIK.200</sln:gmIIPPn><sln:gmIIPWersja>2012-09-26T21:59:34+02:00</sln:gmIIPWersja><sln:gmIdTeryt>1609022</sln:gmIdTeryt><sln:gmNazwa>Dąbrowa</sln:gmNazwa><sln:miejscIIPId>53bc8946-f59b-4274-850e-ae8ecaedf06a</sln:miejscIIPId><sln:miejscIIPPn>PL.PZGIK.200</sln:miejscIIPPn><sln:miejscIIPWersja>2016-11-24T13:27:57+02:00</sln:miejscIIPWersja><sln:miejscIdTeryt>0493072</sln:miejscIdTeryt><sln:miejscNazwa>Lesiec</sln:miejscNazwa><sln:miejscRodzaj>Inny obiekt</sln:miejscRodzaj><sln:powIIPId>1da0ca63-52c4-4e1d-869f-b591c1e264b6</sln:powIIPId><sln:powIIPPn>PL.PZGIK.200</sln:powIIPPn><sln:powIIPWersja>2012-09-27T08:58:33+02:00</sln:powIIPWersja><sln:powIdTeryt>1609</sln:powIdTeryt><sln:powNazwa>opolski</sln:powNazwa><sln:wojIIPId>9bd0c42a-ca40-4b7d-9b5b-81aae3398015</sln:wojIIPId><sln:wojIIPPn>PL.PZGIK.200</sln:wojIIPPn><sln:wojIIPWersja>2017-10-10T00:00:00+02:00</sln:wojIIPWersja><sln:wojIdTeryt>16</sln:wojIdTeryt><sln:wojNazwa>opolskie</sln:wojNazwa></sln:miejscowosc><sln:miejscowosc><sln:cyklZyciaDo>2017-10-26T00:00:00+02:00</sln:cyklZyciaDo><sln:cyklZyciaOd>2014-12-07T00:00:00+01:00</sln:cyklZyciaOd><sln:gmIIPId>0da3f606-b8dd-4195-81fd-f78f674362e1</sln:gmIIPId><sln:gmIIPPn>PL.PZGIK.200</sln:gmIIPPn><sln:gmIIPWersja>2012-09-26T21:59:34+02:00</sln:gmIIPWersja><sln:gmIdTeryt>1609022</sln:gmIdTeryt><sln:gmNazwa>Dąbrowa</sln:gmNazwa><sln:miejscIIPId>e91989d8-4e34-44c7-bfa8-900a401c1264</sln:miejscIIPId><sln:miejscIIPPn>PL.PZGIK.200</sln:miejscIIPPn><sln:miejscIIPWersja>2016-11-24T13:27:57+02:00</sln:miejscIIPWersja><sln:miejscIdTeryt>0493020</sln:miejscIdTeryt><sln:miejscNazwa>Wyrębiny</sln:miejscNazwa><sln:miejscRodzaj>Osada</sln:miejscRodzaj><sln:powIIPId>1da0ca63-52c4-4e1d-869f-b591c1e264b6</sln:powIIPId><sln:powIIPPn>PL.PZGIK.200</sln:powIIPPn><sln:powIIPWersja>2012-09-27T08:58:33+02:00</sln:powIIPWersja><sln:powIdTeryt>1609</sln:powIdTeryt><sln:powNazwa>opolski</sln:powNazwa><sln:wojIIPId>9bd0c42a-ca40-4b7d-9b5b-81aae3398015</sln:wojIIPId><sln:wojIIPPn>PL.PZGIK.200</sln:wojIIPPn><sln:wojIIPWersja>2017-10-10T00:00:00+02:00</sln:wojIIPWersja><sln:wojIdTeryt>16</sln:wojIdTeryt><sln:wojNazwa>opolskie</sln:wojNazwa></sln:miejscowosc><sln:miejscowosc><sln:cyklZyciaOd>2014-12-07T00:00:00+01:00</sln:cyklZyciaOd><sln:gmIIPId>0da3f606-b8dd-4195-81fd-f78f674362e1</sln:gmIIPId><sln:gmIIPPn>PL.PZGIK.200</sln:gmIIPPn><sln:gmIIPWersja>2012-09-26T21:59:34+02:00</sln:gmIIPWersja><sln:gmIdTeryt>1609022</sln:gmIdTeryt><sln:gmNazwa>Dąbrowa</sln:gmNazwa><sln:miejscIIPId>d434c424-e63e-403e-a8f9-9a9c64cec1f1</sln:miejscIIPId><sln:miejscIIPPn>PL.PZGIK.200</sln:miejscIIPPn><sln:miejscIIPWersja>2016-11-24T13:27:58+02:00</sln:miejscIIPWersja><sln:miejscIdTeryt>0493132</sln:miejscIdTeryt><sln:miejscNazwa>Odrzysko</sln:miejscNazwa><sln:miejscRodzaj>Inny obiekt</sln:miejscRodzaj><sln:powIIPId>1da0ca63-52c4-4e1d-869f-b591c1e264b6</sln:powIIPId><sln:powIIPPn>PL.PZGIK.200</sln:powIIPPn><sln:powIIPWersja>2012-09-27T08:58:33+02:00</sln:powIIPWersja><sln:powIdTeryt>1609</sln:powIdTeryt><sln:powNazwa>opolski</sln:powNazwa><sln:wojIIPId>9bd0c42a-ca40-4b7d-9b5b-81aae3398015</sln:wojIIPId><sln:wojIIPPn>PL.PZGIK.200</sln:wojIIPPn><sln:wojIIPWersja>2017-10-10T00:00:00+02:00</sln:wojIIPWersja><sln:wojIdTeryt>16</sln:wojIdTeryt><sln:wojNazwa>opolskie</sln:wojNazwa></sln:miejscowosc><sln:miejscowosc><sln:cyklZyciaOd>2017-10-26T00:00:00+02:00</sln:cyklZyciaOd><sln:gmIIPId>0da3f606-b8dd-4195-81fd-f78f674362e1</sln:gmIIPId><sln:gmIIPPn>PL.PZGIK.200</sln:gmIIPPn><sln:gmIIPWersja>2012-09-26T21:59:34+02:00</sln:gmIIPWersja><sln:gmIdTeryt>1609022</sln:gmIdTeryt><sln:gmNazwa>Dąbrowa</sln:gmNazwa><sln:miejscIIPId>2ebdf444-7da9-4705-893d-c3e2fbea52fc</sln:miejscIIPId><sln:miejscIIPPn>PL.PZGIK.200</sln:miejscIIPPn><sln:miejscIIPWersja>2017-10-26T00:25:15+02:00</sln:miejscIIPWersja><sln:miejscIdTeryt>0493008</sln:miejscIdTeryt><sln:miejscNazwa>Karczów</sln:miejscNazwa><sln:miejscRodzaj>Wieś</sln:miejscRodzaj><sln:powIIPId>1da0ca63-52c4-4e1d-869f-b591c1e264b6</sln:powIIPId><sln:powIIPPn>PL.PZGIK.200</sln:powIIPPn><sln:powIIPWersja>2012-09-27T08:58:33+02:00</sln:powIIPWersja><sln:powIdTeryt>1609</sln:powIdTeryt><sln:powNazwa>opolski</sln:powNazwa><sln:waznyOd>2017-01-01T00:00:00+01:00</sln:waznyOd><sln:wojIIPId>9bd0c42a-ca40-4b7d-9b5b-81aae3398015</sln:wojIIPId><sln:wojIIPPn>PL.PZGIK.200</sln:wojIIPPn><sln:wojIIPWersja>2017-10-10T00:00:00+02:00</sln:wojIIPWersja><sln:wojIdTeryt>16</sln:wojIdTeryt><sln:wojNazwa>opolskie</sln:wojNazwa></sln:miejscowosc><sln:miejscowosc><sln:cyklZyciaOd>2017-10-26T00:00:00+02:00</sln:cyklZyciaOd><sln:gmIIPId>0da3f606-b8dd-4195-81fd-f78f674362e1</sln:gmIIPId><sln:gmIIPPn>PL.PZGIK.200</sln:gmIIPPn><sln:gmIIPWersja>2012-09-26T21:59:34+02:00</sln:gmIIPWersja><sln:gmIdTeryt>1609022</sln:gmIdTeryt><sln:gmNazwa>Dąbrowa</sln:gmNazwa><sln:miejscIIPId>6a55938b-f92a-42fc-9ae6-40404f085bb9</sln:miejscIIPId><sln:miejscIIPPn>PL.PZGIK.200</sln:miejscIIPPn><sln:miejscIIPWersja>2017-10-26T00:25:15+02:00</sln:miejscIIPWersja><sln:miejscIdTeryt>0493014</sln:miejscIdTeryt><sln:miejscNIIPId>2ebdf444-7da9-4705-893d-c3e2fbea52fc</sln:miejscNIIPId><sln:miejscNIIPPn>PL.PZGIK.200</sln:miejscNIIPPn><sln:miejscNIIPWersja>2017-10-26T00:25:15+02:00</sln:miejscNIIPWersja><sln:miejscNIdTeryt>0493008</sln:miejscNIdTeryt><sln:miejscNNazwa>Karczów</sln:miejscNNazwa><sln:miejscNRodzaj>Wieś</sln:miejscNRodzaj><sln:miejscNazwa>Jemielin</sln:miejscNazwa><sln:miejscRodzaj>Inny obiekt</sln:miejscRodzaj><sln:powIIPId>1da0ca63-52c4-4e1d-869f-b591c1e264b6</sln:powIIPId><sln:powIIPPn>PL.PZGIK.200</sln:powIIPPn><sln:powIIPWersja>2012-09-27T08:58:33+02:00</sln:powIIPWersja><sln:powIdTeryt>1609</sln:powIdTeryt><sln:powNazwa>opolski</sln:powNazwa><sln:wojIIPId>9bd0c42a-ca40-4b7d-9b5b-81aae3398015</sln:wojIIPId><sln:wojIIPPn>PL.PZGIK.200</sln:wojIIPPn><sln:wojIIPWersja>2017-10-10T00:00:00+02:00</sln:wojIIPWersja><sln:wojIdTeryt>16</sln:wojIdTeryt><sln:wojNazwa>opolskie</sln:wojNazwa></sln:miejscowosc></sln:lista-miejscowosci>