<?xml version="1.0" encoding="UTF-8" standalone="yes"?><sln:lista-miejscowosci xmlns:srv="http://gugik.gov.pl/schemas/slowniki-service/1.0" xmlns:sln="http://gugik.gov.pl/schemas/slowniki-schema/1.0"><sln:miejscowosc><sln:cyklZyciaDo>2017-05-24T00:00:00+02:00</sln:cyklZyciaDo><sln:cyklZyciaOd>2016-02-24T00:00:00+01:00</sln:cyklZyciaOd><sln:gmIIPId>8c3eb9b2-afde-4749-9f33-bf320486de3e</sln:gmIIPId><sln:gmIIPPn>PL.PZGIK.200</sln:gmIIPPn><sln:gmIIPWersja>2012-09-26T21:59:34+02:00</sln:gmIIPWersja><sln:gmIdTeryt>1609073</sln:gmIdTeryt><sln:gmNazwa>Niemodlin</sln:gmNazwa><sln:miejscIIPId>35d41b8f-9e3a-4ef3-adab-94cce6a81bc7</sln:miejscIIPId><sln:miejscIIPPn>PL.PZGIK.200</sln:miejscIIPPn><sln:miejscIIPWersja>2016-11-24T10:45:12+02:00</sln:miejscIIPWersja><sln:miejscIdTeryt>499933</sln:miejscIdTeryt><sln:miejscNazwa>Brzęczkowice</sln:miejscNazwa><sln:miejscRodzaj>Wieś</sln:miejscRodzaj><sln:powIIPId>1da0ca63-52c4-4e1d-869f-b591c1e264b6</sln:powIIPId><sln:powIIPPn>PL.PZGIK.200</sln:powIIPPn><sln:powIIPWersja>2012-09-27T08:58:33+02:00</sln:powIIPWersja><sln:powIdTeryt>1609</sln:powIdTeryt><sln:powNazwa>opolski</sln:powNazwa><sln:wojIIPId>9bd0c42a-ca40-4b7d-9b5b-81aae3398015</sln:wojIIPId><sln:wojIIPPn>PL.PZGIK.200</sln:wojIIPPn><sln:wojIIPWersja>2017-10-10T00:00:00+02:00</sln:wojIIPWersja><sln:wojIdTeryt>16</sln:wojIdTeryt><sln:wojNazwa>opolskie</sln:wojNazwa></sln:miejscowosc><sln:miejscowosc><sln:cyklZyciaDo>2017-05-24T00:00:00+02:00</sln:cyklZyciaDo><sln:cyklZyciaOd>2016-02-24T00:00:00+01:00</sln:cyklZyciaOd><sln:gmIIPId>8c3eb9b2-afde-4749-9f33-bf320486de3e</sln:gmIIPId><sln:gmIIPPn>PL.PZGIK.200</sln:gmIIPPn><sln:gmIIPWersja>2012-09-26T21:59:34+02:00</sln:gmIIPWersja><sln:gmIdTeryt>1609073</sln:gmIdTeryt><sln:gmNazwa>Niemodlin</sln:gmNazwa><sln:miejscIIPId>4979d34c-1296-400f-9886-f3b955fbebb6</sln:miejscIIPId><sln:miejscIIPPn>PL.PZGIK.200</sln:miejscIIPPn><sln:miejscIIPWersja>2016-11-24T10:45:12+02:00</sln:miejscIIPWersja><sln:miejscIdTeryt>499940</sln:miejscIdTeryt><sln:miejscNazwa>Gosciejowice</sln:miejscNazwa><sln:miejscRodzaj>Wieś</sln:miejscRodzaj><sln:powIIPId>1da0ca63-52c4-4e1d-869f-b591c1e264b6</sln:powIIPId><sln:powIIPPn>PL.PZGIK.200</sln:powIIPPn><sln:powIIPWersja>2012-09-27T08:58:33+02:00</sln:powIIPWersja><sln:powIdTeryt>1609</sln:powIdTeryt><sln:powNazwa>opolski</sln:powNazwa><sln:wojIIPId>9bd0c42a-ca40-4b7d-9b5b-81aae3398015</sln:wojIIPId><sln:wojIIPPn>PL.PZGIK.200</sln:wojIIPPn><sln:wojIIPWersja>2017-10-10T00:00:00+02:00</sln:wojIIPWersja><sln:wojIdTeryt>16</sln:wojIdTeryt><sln:wojNazwa>opolskie</sln:wojNazwa></sln:miejscowosc><sln:miejscowosc><sln:cyklZyciaDo>2017-05-24T00:00:00+02:00</sln:cyklZyciaDo><sln:cyklZyciaOd>2016-02-24T00:00:00+01:00</sln:cyklZyciaOd><sln:gmIIPId>8c3eb9b2-afde-4749-9f33-bf320486de3e</sln:gmIIPId><sln:gmIIPPn>PL.PZGIK.200</sln:gmIIPPn><sln:gmIIPWersja>2012-09-26T21:59:34+02:00</sln:gmIIPWersja><sln:gmIdTeryt>1609073</sln:gmIdTeryt><sln:gmNazwa>Niemodlin</sln:gmNazwa><sln:miejscIIPId>7447236a-2a62-44ab-beb4-3bab0329137f</sln:miejscIIPId><sln:miejscIIPPn>PL.PZGIK.200</sln:miejscIIPPn><sln:miejscIIPWersja>2016-11-24T10:45:12+02:00</sln:miejscIIPWersja><sln:miejscIdTeryt>499962</sln:miejscIdTeryt><sln:miejscNazwa>Góra</sln:miejscNazwa><sln:miejscRodzaj>Wieś</sln:miejscRodzaj><sln:powIIPId>1da0ca63-52c4-4e1d-869f-b591c1e264b6</sln:powIIPId><sln:powIIPPn>PL.PZGIK.200</sln:powIIPPn><sln:powIIPWersja>2012-09-27T08:58:33+02:00</sln:powIIPWersja><sln:powIdTeryt>1609</sln:powIdTeryt><sln:powNazwa>opolski</sln:powNazwa><sln:wojIIPId>9bd0c42a-ca40-4b7d-9b5b-81aae3398015</sln:wojIIPId><sln:wojIIPPn>PL.PZGIK.200</sln:wojIIPPn><sln:wojIIPWersja>2017-10-10T00:00:00+02:00</sln:wojIIPWersja><sln:wojIdTeryt>16</sln:wojIdTeryt><sln:wojNazwa>opolskie</sln:wojNazwa></sln:miejscowosc><sln:miejscowosc><sln:cyklZyciaDo>2017-05-24T00:00:00+02:00</sln:cyklZyciaDo><sln:cyklZyciaOd>2016-02-24T00:00:00+01:00</sln:cyklZyciaOd><sln:gmIIPId>8c3eb9b2-afde-4749-9f33-bf320486de3e</sln:gmIIPId><sln:gmIIPPn>PL.PZGIK.200</sln:gmIIPPn><sln:gmIIPWersja>2012-09-26T21:59:34+02:00</sln:gmIIPWersja><sln:gmIdTeryt>1609073</sln:gmIdTeryt><sln:gmNazwa>Niemodlin</sln:gmNazwa><sln:miejscIIPId>eac42e6f-ae4f-490f-a2f3-5fdb1f731088</sln:miejscIIPId><sln:miejscIIPPn>PL.PZGIK.200</sln:miejscIIPPn><sln:miejscIIPWersja>2016-11-24T10:45:12+02:00</sln:miejscIIPWersja><sln:miejscIdTeryt>499985</sln:miejscIdTeryt><sln:miejscNazwa>Grabin</sln:miejscNazwa><sln:miejscRodzaj>Wieś</sln:miejscRodzaj><sln:powIIPId>1da0ca63-52c4-4e1d-869f-b591c1e264b6</sln:powIIPId><sln:powIIPPn>PL.PZGIK.200</sln:powIIPPn><sln:powIIPWersja>2012-09-27T08:58:33+02:00</sln:powIIPWersja><sln:powIdTeryt>1609</sln:powIdTeryt><sln:powNazwa>opolski</sln:powNazwa><sln:wojIIPId>9bd0c42a-ca40-4b7d-9b5b-81aae3398015</sln:wojIIPId><sln:wojIIPPn>PL.PZGIK.200</sln:wojIIPPn><sln:wojIIPWersja>2017-10-10T00:00:00+02:00</sln:wojIIPWersja><sln:wojIdTeryt>16</sln:wojIdTeryt><sln:wojNazwa>opolskie</sln:wojNazwa></sln:miejscowosc><sln:miejscowosc><sln:cyklZyciaDo>2017-05-24T00:00:00+02:00</sln:cyklZyciaDo><sln:cyklZyciaOd>2016-02-24T00:00:00+01:00</sln:cyklZyciaOd><sln:gmIIPId>8c3eb9b2-afde-4749-9f33-bf320486de3e</sln:gmIIPId><sln:gmIIPPn>PL.PZGIK.200</sln:gmIIPPn><sln:gmIIPWersja>2012-09-26T21:59:34+02:00</sln:gmIIPWersja><sln:gmIdTeryt>1609073</sln:gmIdTeryt><sln:gmNazwa>Niemodlin</sln:gmNazwa><sln:miejscIIPId>25b13b4f-d81f-45f0-ad7a-e01f82ad9683</sln:miejscIIPId><sln:miejscIIPPn>PL.PZGIK.200</sln:miejscIIPPn><sln:miejscIIPWersja>2016-11-24T10:45:12+02:00</sln:miejscIIPWersja><sln:miejscIdTeryt>499991</sln:miejscIdTeryt><sln:miejscNazwa>Gracze</sln:miejscNazwa><sln:miejscRodzaj>Wieś</sln:miejscRodzaj><sln:powIIPId>1da0ca63-52c4-4e1d-869f-b591c1e264b6</sln:powIIPId><sln:powIIPPn>PL.PZGIK.200</sln:powIIPPn><sln:powIIPWersja>2012-09-27T08:58:33+02:00</sln:powIIPWersja><sln:powIdTeryt>1609</sln:powIdTeryt><sln:powNazwa>opolski</sln:powNazwa><sln:wojIIPId>9bd0c42a-ca40-4b7d-9b5b-81aae3398015</sln:wojIIPId><sln:wojIIPPn>PL.PZGIK.200</sln:wojIIPPn><sln:wojIIPWersja>2017-10-10T00:00:00+02:00</sln:wojIIPWersja><sln:wojIdTeryt>16</sln:wojIdTeryt><sln:wojNazwa>opolskie</sln:wojNazwa></sln:miejscowosc><sln:miejscowosc><sln:cyklZyciaDo>2017-05-24T00:00:00+02:00</sln:cyklZyciaDo><sln:cyklZyciaOd>2016-02-24T00:00:00+01:00</sln:cyklZyciaOd><sln:gmIIPId>8c3eb9b2-afde-4749-9f33-bf320486de3e</sln:gmIIPId><sln:gmIIPPn>PL.PZGIK.200</sln:gmIIPPn><sln:gmIIPWersja>2012-09-26T21:59:34+02:00</sln:gmIIPWersja><sln:gmIdTeryt>1609073</sln:gmIdTeryt><sln:gmNazwa>Niemodlin</sln:gmNazwa><sln:miejscIIPId>467205cf-bafe-431c-bcbb-0a6452356deb</sln:miejscIIPId><sln:miejscIIPPn>PL.PZGIK.200</sln:miejscIIPPn><sln:miejscIIPWersja>2016-11-24T10:45:13+02:00</sln:miejscIIPWersja><sln:miejscIdTeryt>500027</sln:miejscIdTeryt><sln:miejscNazwa>Grodziec</sln:miejscNazwa><sln:miejscRodzaj>Wieś</sln:miejscRodzaj><sln:powIIPId>1da0ca63-52c4-4e1d-869f-b591c1e264b6</sln:powIIPId><sln:powIIPPn>PL.PZGIK.200</sln:powIIPPn><sln:powIIPWersja>2012-09-27T08:58:33+02:00</sln:powIIPWersja><sln:powIdTeryt>1609</sln:powIdTeryt><sln:powNazwa>opolski</sln:powNazwa><sln:wojIIPId>9bd0c42a-ca40-4b7d-9b5b-81aae3398015</sln:wojIIPId><sln:wojIIPPn>PL.PZGIK.200</sln:wojIIPPn><sln:wojIIPWersja>2017-10-10T00:00:00+02:00</sln:wojIIPWersja><sln:wojIdTeryt>16</sln:wojIdTeryt><sln:wojNazwa>opolskie</sln:wojNazwa></sln:miejscowosc><sln:miejscowosc><sln:cyklZyciaDo>2017-05-24T00:00:00+02:00</sln:cyklZyciaDo><sln:cyklZyciaOd>2016-02-24T00:00:00+01:00</sln:cyklZyciaOd><sln:gmIIPId>8c3eb9b2-afde-4749-9f33-bf320486de3e</sln:gmIIPId><sln:gmIIPPn>PL.PZGIK.200</sln:gmIIPPn><sln:gmIIPWersja>2012-09-26T21:59:34+02:00</sln:gmIIPWersja><sln:gmIdTeryt>1609073</sln:gmIdTeryt><sln:gmNazwa>Niemodlin</sln:gmNazwa><sln:miejscIIPId>66b7e063-b13d-4b3e-800a-65c2fe7ab4b5</sln:miejscIIPId><sln:miejscIIPPn>PL.PZGIK.200</sln:miejscIIPPn><sln:miejscIIPWersja>2016-11-24T10:45:13+02:00</sln:miejscIIPWersja><sln:miejscIdTeryt>500033</sln:miejscIdTeryt><sln:miejscNazwa>Grodziec Drugi</sln:miejscNazwa><sln:miejscRodzaj>Wieś</sln:miejscRodzaj><sln:powIIPId>1da0ca63-52c4-4e1d-869f-b591c1e264b6</sln:powIIPId><sln:powIIPPn>PL.PZGIK.200</sln:powIIPPn><sln:powIIPWersja>2012-09-27T08:58:33+02:00</sln:powIIPWersja><sln:powIdTeryt>1609</sln:powIdTeryt><sln:powNazwa>opolski</sln:powNazwa><sln:wojIIPId>9bd0c42a-ca40-4b7d-9b5b-81aae3398015</sln:wojIIPId><sln:wojIIPPn>PL.PZGIK.200</sln:wojIIPPn><sln:wojIIPWersja>2017-10-10T00:00:00+02:00</sln:wojIIPWersja><sln:wojIdTeryt>16</sln:wojIdTeryt><sln:wojNazwa>opolskie</sln:wojNazwa></sln:miejscowosc><sln:miejscowosc><sln:cyklZyciaDo>2017-05-24T00:00:00+02:00</sln:cyklZyciaDo><sln:cyklZyciaOd>2016-02-24T00:00:00+01:00</sln:cyklZyciaOd><sln:gmIIPId>8c3eb9b2-afde-4749-9f33-bf320486de3e</sln:gmIIPId><sln:gmIIPPn>PL.PZGIK.200</sln:gmIIPPn><sln:gmIIPWersja>2012-09-26T21:59:34+02:00</sln:gmIIPWersja><sln:gmIdTeryt>1609073</sln:gmIdTeryt><sln:gmNazwa>Niemodlin</sln:gmNazwa><sln:miejscIIPId>829df655-41df-4c00-ae8a-cc7cd034ce86</sln:miejscIIPId><sln:miejscIIPPn>PL.PZGIK.200</sln:miejscIIPPn><sln:miejscIIPWersja>2016-11-24T10:45:13+02:00</sln:miejscIIPWersja><sln:miejscIdTeryt>500040</sln:miejscIdTeryt><sln:miejscNazwa>Jaczowice</sln:miejscNazwa><sln:miejscRodzaj>Wieś</sln:miejscRodzaj><sln:powIIPId>1da0ca63-52c4-4e1d-869f-b591c1e264b6</sln:powIIPId><sln:powIIPPn>PL.PZGIK.200</sln:powIIPPn><sln:powIIPWersja>2012-09-27T08:58:33+02:00</sln:powIIPWersja><sln:powIdTeryt>1609</sln:powIdTeryt><sln:powNazwa>opolski</sln:powNazwa><sln:wojIIPId>9bd0c42a-ca40-4b7d-9b5b-81aae3398015</sln:wojIIPId><sln:wojIIPPn>PL.PZGIK.200</sln:wojIIPPn><sln:wojIIPWersja>2017-10-10T00:00:00+02:00</sln:wojIIPWersja><sln:wojIdTeryt>16</sln:wojIdTeryt><sln:wojNazwa>opolskie</sln:wojNazwa></sln:miejscowosc><sln:miejscowosc><sln:cyklZyciaDo>2017-05-24T00:00:00+02:00</sln:cyklZyciaDo><sln:cyklZyciaOd>2016-02-24T00:00:00+01:00</sln:cyklZyciaOd><sln:gmIIPId>8c3eb9b2-afde-4749-9f33-bf320486de3e</sln:gmIIPId><sln:gmIIPPn>PL.PZGIK.200</sln:gmIIPPn><sln:gmIIPWersja>2012-09-26T21:59:34+02:00</sln:gmIIPWersja><sln:gmIdTeryt>1609073</sln:gmIdTeryt><sln:gmNazwa>Niemodlin</sln:gmNazwa><sln:miejscIIPId>368a3377-fbe2-4c1f-bd2c-c22906dcd136</sln:miejscIIPId><sln:miejscIIPPn>PL.PZGIK.200</sln:miejscIIPPn><sln:miejscIIPWersja>2016-11-24T10:45:13+02:00</sln:miejscIIPWersja><sln:miejscIdTeryt>500056</sln:miejscIdTeryt><sln:miejscNazwa>Jakubowice</sln:miejscNazwa><sln:miejscRodzaj>Wieś</sln:miejscRodzaj><sln:powIIPId>1da0ca63-52c4-4e1d-869f-b591c1e264b6</sln:powIIPId><sln:powIIPPn>PL.PZGIK.200</sln:powIIPPn><sln:powIIPWersja>2012-09-27T08:58:33+02:00</sln:powIIPWersja><sln:powIdTeryt>1609</sln:powIdTeryt><sln:powNazwa>opolski</sln:powNazwa><sln:wojIIPId>9bd0c42a-ca40-4b7d-9b5b-81aae3398015</sln:wojIIPId><sln:wojIIPPn>PL.PZGIK.200</sln:wojIIPPn><sln:wojIIPWersja>2017-10-10T00:00:00+02:00</sln:wojIIPWersja><sln:wojIdTeryt>16</sln:wojIdTeryt><sln:wojNazwa>opolskie</sln:wojNazwa></sln:miejscowosc><sln:miejscowosc><sln:cyklZyciaDo>2017-05-24T00:00:00+02:00</sln:cyklZyciaDo><sln:cyklZyciaOd>2016-02-24T00:00:00+01:00</sln:cyklZyciaOd><sln:gmIIPId>8c3eb9b2-afde-4749-9f33-bf320486de3e</sln:gmIIPId><sln:gmIIPPn>PL.PZGIK.200</sln:gmIIPPn><sln:gmIIPWersja>2012-09-26T21:59:34+02:00</sln:gmIIPWersja><sln:gmIdTeryt>1609073</sln:gmIdTeryt><sln:gmNazwa>Niemodlin</sln:gmNazwa><sln:miejscIIPId>25f4126c-aa12-44cc-83ca-3bc9f38eef9e</sln:miejscIIPId><sln:miejscIIPPn>PL.PZGIK.200</sln:miejscIIPPn><sln:miejscIIPWersja>2016-11-24T10:45:13+02:00</sln:miejscIIPWersja><sln:miejscIdTeryt>500062</sln:miejscIdTeryt><sln:miejscNazwa>Krasna Góra</sln:miejscNazwa><sln:miejscRodzaj>Wieś</sln:miejscRodzaj><sln:powIIPId>1da0ca63-52c4-4e1d-869f-b591c1e264b6</sln:powIIPId><sln:powIIPPn>PL.PZGIK.200</sln:powIIPPn><sln:powIIPWersja>2012-09-27T08:58:33+02:00</sln:powIIPWersja><sln:powIdTeryt>1609</sln:powIdTeryt><sln:powNazwa>opolski</sln:powNazwa><sln:wojIIPId>9bd0c42a-ca40-4b7d-9b5b-81aae3398015</sln:wojIIPId><sln:wojIIPPn>PL.PZGIK.200</sln:wojIIPPn><sln:wojIIPWersja>2017-10-10T00:00:00+02:00</sln:wojIIPWersja><sln:wojIdTeryt>16</sln:wojIdTeryt><sln:wojNazwa>opolskie</sln:wojNazwa></sln:miejscowosc><sln:miejscowosc><sln:cyklZyciaDo>2017-05-24T00:00:00+02:00</sln:cyklZyciaDo><sln:cyklZyciaOd>2016-02-24T00:00:00+01:00</sln:cyklZyciaOd><sln:gmIIPId>8c3eb9b2-afde-4749-9f33-bf320486de3e</sln:gmIIPId><sln:gmIIPPn>PL.PZGIK.200</sln:gmIIPPn><sln:gmIIPWersja>2012-09-26T21:59:34+02:00</sln:gmIIPWersja><sln:gmIdTeryt>1609073</sln:gmIdTeryt><sln:gmNazwa>Niemodlin</sln:gmNazwa><sln:miejscIIPId>ad0dd079-4355-456f-ac8d-1105f3ad9c3a</sln:miejscIIPId><sln:miejscIIPPn>PL.PZGIK.200</sln:miejscIIPPn><sln:miejscIIPWersja>2016-11-24T10:45:13+02:00</sln:miejscIIPWersja><sln:miejscIdTeryt>500079</sln:miejscIdTeryt><sln:miejscNazwa>Lipno</sln:miejscNazwa><sln:miejscRodzaj>Wieś</sln:miejscRodzaj><sln:powIIPId>1da0ca63-52c4-4e1d-869f-b591c1e264b6</sln:powIIPId><sln:powIIPPn>PL.PZGIK.200</sln:powIIPPn><sln:powIIPWersja>2012-09-27T08:58:33+02:00</sln:powIIPWersja><sln:powIdTeryt>1609</sln:powIdTeryt><sln:powNazwa>opolski</sln:powNazwa><sln:wojIIPId>9bd0c42a-ca40-4b7d-9b5b-81aae3398015</sln:wojIIPId><sln:wojIIPPn>PL.PZGIK.200</sln:wojIIPPn><sln:wojIIPWersja>2017-10-10T00:00:00+02:00</sln:wojIIPWersja><sln:wojIdTeryt>16</sln:wojIdTeryt><sln:wojNazwa>opolskie</sln:wojNazwa></sln:miejscowosc><sln:miejscowosc><sln:cyklZyciaDo>2017-05-24T00:00:00+02:00</sln:cyklZyciaDo><sln:cyklZyciaOd>2016-02-24T00:00:00+01:00</sln:cyklZyciaOd><sln:gmIIPId>8c3eb9b2-afde-4749-9f33-bf320486de3e</sln:gmIIPId><sln:gmIIPPn>PL.PZGIK.200</sln:gmIIPPn><sln:gmIIPWersja>2012-09-26T21:59:34+02:00</sln:gmIIPWersja><sln:gmIdTeryt>1609073</sln:gmIdTeryt><sln:gmNazwa>Niemodlin</sln:gmNazwa><sln:miejscIIPId>27f647c1-12f0-4db0-8aaf-00fac27bbe62</sln:miejscIIPId><sln:miejscIIPPn>PL.PZGIK.200</sln:miejscIIPPn><sln:miejscIIPWersja>2016-11-24T10:45:13+02:00</sln:miejscIIPWersja><sln:miejscIdTeryt>500085</sln:miejscIdTeryt><sln:miejscNazwa>Magnuszowice</sln:miejscNazwa><sln:miejscRodzaj>Wieś</sln:miejscRodzaj><sln:powIIPId>1da0ca63-52c4-4e1d-869f-b591c1e264b6</sln:powIIPId><sln:powIIPPn>PL.PZGIK.200</sln:powIIPPn><sln:powIIPWersja>2012-09-27T08:58:33+02:00</sln:powIIPWersja><sln:powIdTeryt>1609</sln:powIdTeryt><sln:powNazwa>opolski</sln:powNazwa><sln:wojIIPId>9bd0c42a-ca40-4b7d-9b5b-81aae3398015</sln:wojIIPId><sln:wojIIPPn>PL.PZGIK.200</sln:wojIIPPn><sln:wojIIPWersja>2017-10-10T00:00:00+02:00</sln:wojIIPWersja><sln:wojIdTeryt>16</sln:wojIdTeryt><sln:wojNazwa>opolskie</sln:wojNazwa></sln:miejscowosc><sln:miejscowosc><sln:cyklZyciaDo>2017-05-24T00:00:00+02:00</sln:cyklZyciaDo><sln:cyklZyciaOd>2016-02-24T00:00:00+01:00</sln:cyklZyciaOd><sln:gmIIPId>8c3eb9b2-afde-4749-9f33-bf320486de3e</sln:gmIIPId><sln:gmIIPPn>PL.PZGIK.200</sln:gmIIPPn><sln:gmIIPWersja>2012-09-26T21:59:34+02:00</sln:gmIIPWersja><sln:gmIdTeryt>1609073</sln:gmIdTeryt><sln:gmNazwa>Niemodlin</sln:gmNazwa><sln:miejscIIPId>40010527-8dc1-4d09-a7fa-d4e32634d06f</sln:miejscIIPId><sln:miejscIIPPn>PL.PZGIK.200</sln:miejscIIPPn><sln:miejscIIPWersja>2016-11-24T10:45:13+02:00</sln:miejscIIPWersja><sln:miejscIdTeryt>500091</sln:miejscIdTeryt><sln:miejscNazwa>Magnuszowiczki</sln:miejscNazwa><sln:miejscRodzaj>Wieś</sln:miejscRodzaj><sln:powIIPId>1da0ca63-52c4-4e1d-869f-b591c1e264b6</sln:powIIPId><sln:powIIPPn>PL.PZGIK.200</sln:powIIPPn><sln:powIIPWersja>2012-09-27T08:58:33+02:00</sln:powIIPWersja><sln:powIdTeryt>1609</sln:powIdTeryt><sln:powNazwa>opolski</sln:powNazwa><sln:wojIIPId>9bd0c42a-ca40-4b7d-9b5b-81aae3398015</sln:wojIIPId><sln:wojIIPPn>PL.PZGIK.200</sln:wojIIPPn><sln:wojIIPWersja>2017-10-10T00:00:00+02:00</sln:wojIIPWersja><sln:wojIdTeryt>16</sln:wojIdTeryt><sln:wojNazwa>opolskie</sln:wojNazwa></sln:miejscowosc><sln:miejscowosc><sln:cyklZyciaDo>2017-05-24T00:00:00+02:00</sln:cyklZyciaDo><sln:cyklZyciaOd>2016-02-24T00:00:00+01:00</sln:cyklZyciaOd><sln:gmIIPId>8c3eb9b2-afde-4749-9f33-bf320486de3e</sln:gmIIPId><sln:gmIIPPn>PL.PZGIK.200</sln:gmIIPPn><sln:gmIIPWersja>2012-09-26T21:59:34+02:00</sln:gmIIPWersja><sln:gmIdTeryt>1609073</sln:gmIdTeryt><sln:gmNazwa>Niemodlin</sln:gmNazwa><sln:miejscIIPId>ce24d665-2fc7-4d8a-bb3f-0e3ec2a1cb1a</sln:miejscIIPId><sln:miejscIIPPn>PL.PZGIK.200</sln:miejscIIPPn><sln:miejscIIPWersja>2016-11-24T10:45:13+02:00</sln:miejscIIPWersja><sln:miejscIdTeryt>500100</sln:miejscIdTeryt><sln:miejscNazwa>Michałówek</sln:miejscNazwa><sln:miejscRodzaj>Wieś</sln:miejscRodzaj><sln:powIIPId>1da0ca63-52c4-4e1d-869f-b591c1e264b6</sln:powIIPId><sln:powIIPPn>PL.PZGIK.200</sln:powIIPPn><sln:powIIPWersja>2012-09-27T08:58:33+02:00</sln:powIIPWersja><sln:powIdTeryt>1609</sln:powIdTeryt><sln:powNazwa>opolski</sln:powNazwa><sln:wojIIPId>9bd0c42a-ca40-4b7d-9b5b-81aae3398015</sln:wojIIPId><sln:wojIIPPn>PL.PZGIK.200</sln:wojIIPPn><sln:wojIIPWersja>2017-10-10T00:00:00+02:00</sln:wojIIPWersja><sln:wojIdTeryt>16</sln:wojIdTeryt><sln:wojNazwa>opolskie</sln:wojNazwa></sln:miejscowosc><sln:miejscowosc><sln:cyklZyciaDo>2017-05-24T00:00:00+02:00</sln:cyklZyciaDo><sln:cyklZyciaOd>2016-02-24T00:00:00+01:00</sln:cyklZyciaOd><sln:gmIIPId>8c3eb9b2-afde-4749-9f33-bf320486de3e</sln:gmIIPId><sln:gmIIPPn>PL.PZGIK.200</sln:gmIIPPn><sln:gmIIPWersja>2012-09-26T21:59:34+02:00</sln:gmIIPWersja><sln:gmIdTeryt>1609073</sln:gmIdTeryt><sln:gmNazwa>Niemodlin</sln:gmNazwa><sln:miejscIIPId>9ddada5f-ad91-43ae-8e6e-a7bbcc587b3b</sln:miejscIIPId><sln:miejscIIPPn>PL.PZGIK.200</sln:miejscIIPPn><sln:miejscIIPWersja>2016-11-24T10:45:13+02:00</sln:miejscIIPWersja><sln:miejscIdTeryt>500122</sln:miejscIdTeryt><sln:miejscNazwa>Molestowice</sln:miejscNazwa><sln:miejscRodzaj>Wieś</sln:miejscRodzaj><sln:powIIPId>1da0ca63-52c4-4e1d-869f-b591c1e264b6</sln:powIIPId><sln:powIIPPn>PL.PZGIK.200</sln:powIIPPn><sln:powIIPWersja>2012-09-27T08:58:33+02:00</sln:powIIPWersja><sln:powIdTeryt>1609</sln:powIdTeryt><sln:powNazwa>opolski</sln:powNazwa><sln:wojIIPId>9bd0c42a-ca40-4b7d-9b5b-81aae3398015</sln:wojIIPId><sln:wojIIPPn>PL.PZGIK.200</sln:wojIIPPn><sln:wojIIPWersja>2017-10-10T00:00:00+02:00</sln:wojIIPWersja><sln:wojIdTeryt>16</sln:wojIdTeryt><sln:wojNazwa>opolskie</sln:wojNazwa></sln:miejscowosc><sln:miejscowosc><sln:cyklZyciaDo>2017-05-24T00:00:00+02:00</sln:cyklZyciaDo><sln:cyklZyciaOd>2016-02-24T00:00:00+01:00</sln:cyklZyciaOd><sln:gmIIPId>8c3eb9b2-afde-4749-9f33-bf320486de3e</sln:gmIIPId><sln:gmIIPPn>PL.PZGIK.200</sln:gmIIPPn><sln:gmIIPWersja>2012-09-26T21:59:34+02:00</sln:gmIIPWersja><sln:gmIdTeryt>1609073</sln:gmIdTeryt><sln:gmNazwa>Niemodlin</sln:gmNazwa><sln:miejscIIPId>06865849-53ba-4257-ae57-f6337df3db5b</sln:miejscIIPId><sln:miejscIIPPn>PL.PZGIK.200</sln:miejscIIPPn><sln:miejscIIPWersja>2016-11-24T13:17:21+02:00</sln:miejscIIPWersja><sln:miejscIdTeryt>965750</sln:miejscIdTeryt><sln:miejscNazwa>Niemodlin</sln:miejscNazwa><sln:miejscRodzaj>Miasto</sln:miejscRodzaj><sln:powIIPId>1da0ca63-52c4-4e1d-869f-b591c1e264b6</sln:powIIPId><sln:powIIPPn>PL.PZGIK.200</sln:powIIPPn><sln:powIIPWersja>2012-09-27T08:58:33+02:00</sln:powIIPWersja><sln:powIdTeryt>1609</sln:powIdTeryt><sln:powNazwa>opolski</sln:powNazwa><sln:wojIIPId>9bd0c42a-ca40-4b7d-9b5b-81aae3398015</sln:wojIIPId><sln:wojIIPPn>PL.PZGIK.200</sln:wojIIPPn><sln:wojIIPWersja>2017-10-10T00:00:00+02:00</sln:wojIIPWersja><sln:wojIdTeryt>16</sln:wojIdTeryt><sln:wojNazwa>opolskie</sln:wojNazwa></sln:miejscowosc><sln:miejscowosc><sln:cyklZyciaDo>2017-05-24T00:00:00+02:00</sln:cyklZyciaDo><sln:cyklZyciaOd>2016-02-24T00:00:00+01:00</sln:cyklZyciaOd><sln:gmIIPId>8c3eb9b2-afde-4749-9f33-bf320486de3e</sln:gmIIPId><sln:gmIIPPn>PL.PZGIK.200</sln:gmIIPPn><sln:gmIIPWersja>2012-09-26T21:59:34+02:00</sln:gmIIPWersja><sln:gmIdTeryt>1609073</sln:gmIdTeryt><sln:gmNazwa>Niemodlin</sln:gmNazwa><sln:miejscIIPId>257572f1-f770-44cd-97bf-a45569e92e38</sln:miejscIIPId><sln:miejscIIPPn>PL.PZGIK.200</sln:miejscIIPPn><sln:miejscIIPWersja>2016-11-24T10:45:13+02:00</sln:miejscIIPWersja><sln:miejscIdTeryt>500139</sln:miejscIdTeryt><sln:miejscNazwa>Piotrowa</sln:miejscNazwa><sln:miejscRodzaj>Wieś</sln:miejscRodzaj><sln:powIIPId>1da0ca63-52c4-4e1d-869f-b591c1e264b6</sln:powIIPId><sln:powIIPPn>PL.PZGIK.200</sln:powIIPPn><sln:powIIPWersja>2012-09-27T08:58:33+02:00</sln:powIIPWersja><sln:powIdTeryt>1609</sln:powIdTeryt><sln:powNazwa>opolski</sln:powNazwa><sln:wojIIPId>9bd0c42a-ca40-4b7d-9b5b-81aae3398015</sln:wojIIPId><sln:wojIIPPn>PL.PZGIK.200</sln:wojIIPPn><sln:wojIIPWersja>2017-10-10T00:00:00+02:00</sln:wojIIPWersja><sln:wojIdTeryt>16</sln:wojIdTeryt><sln:wojNazwa>opolskie</sln:wojNazwa></sln:miejscowosc><sln:miejscowosc><sln:cyklZyciaDo>2017-05-24T00:00:00+02:00</sln:cyklZyciaDo><sln:cyklZyciaOd>2016-02-24T00:00:00+01:00</sln:cyklZyciaOd><sln:gmIIPId>8c3eb9b2-afde-4749-9f33-bf320486de3e</sln:gmIIPId><sln:gmIIPPn>PL.PZGIK.200</sln:gmIIPPn><sln:gmIIPWersja>2012-09-26T21:59:34+02:00</sln:gmIIPWersja><sln:gmIdTeryt>1609073</sln:gmIdTeryt><sln:gmNazwa>Niemodlin</sln:gmNazwa><sln:miejscIIPId>2f5a2f8d-814d-48e9-968f-c0290b2845fc</sln:miejscIIPId><sln:miejscIIPPn>PL.PZGIK.200</sln:miejscIIPPn><sln:miejscIIPWersja>2016-11-24T10:45:13+02:00</sln:miejscIIPWersja><sln:miejscIdTeryt>500145</sln:miejscIdTeryt><sln:miejscNazwa>Radoszowice</sln:miejscNazwa><sln:miejscRodzaj>Wieś</sln:miejscRodzaj><sln:powIIPId>1da0ca63-52c4-4e1d-869f-b591c1e264b6</sln:powIIPId><sln:powIIPPn>PL.PZGIK.200</sln:powIIPPn><sln:powIIPWersja>2012-09-27T08:58:33+02:00</sln:powIIPWersja><sln:powIdTeryt>1609</sln:powIdTeryt><sln:powNazwa>opolski</sln:powNazwa><sln:wojIIPId>9bd0c42a-ca40-4b7d-9b5b-81aae3398015</sln:wojIIPId><sln:wojIIPPn>PL.PZGIK.200</sln:wojIIPPn><sln:wojIIPWersja>2017-10-10T00:00:00+02:00</sln:wojIIPWersja><sln:wojIdTeryt>16</sln:wojIdTeryt><sln:wojNazwa>opolskie</sln:wojNazwa></sln:miejscowosc><sln:miejscowosc><sln:cyklZyciaDo>2017-05-24T00:00:00+02:00</sln:cyklZyciaDo><sln:cyklZyciaOd>2016-02-24T00:00:00+01:00</sln:cyklZyciaOd><sln:gmIIPId>8c3eb9b2-afde-4749-9f33-bf320486de3e</sln:gmIIPId><sln:gmIIPPn>PL.PZGIK.200</sln:gmIIPPn><sln:gmIIPWersja>2012-09-26T21:59:34+02:00</sln:gmIIPWersja><sln:gmIdTeryt>1609073</sln:gmIdTeryt><sln:gmNazwa>Niemodlin</sln:gmNazwa><sln:miejscIIPId>54f9ff2e-8521-4065-bebc-9fbb4b20fbe6</sln:miejscIIPId><sln:miejscIIPPn>PL.PZGIK.200</sln:miejscIIPPn><sln:miejscIIPWersja>2016-11-24T10:45:13+02:00</sln:miejscIIPWersja><sln:miejscIdTeryt>500151</sln:miejscIdTeryt><sln:miejscNazwa>Rogi</sln:miejscNazwa><sln:miejscRodzaj>Wieś</sln:miejscRodzaj><sln:powIIPId>1da0ca63-52c4-4e1d-869f-b591c1e264b6</sln:powIIPId><sln:powIIPPn>PL.PZGIK.200</sln:powIIPPn><sln:powIIPWersja>2012-09-27T08:58:33+02:00</sln:powIIPWersja><sln:powIdTeryt>1609</sln:powIdTeryt><sln:powNazwa>opolski</sln:powNazwa><sln:wojIIPId>9bd0c42a-ca40-4b7d-9b5b-81aae3398015</sln:wojIIPId><sln:wojIIPPn>PL.PZGIK.200</sln:wojIIPPn><sln:wojIIPWersja>2017-10-10T00:00:00+02:00</sln:wojIIPWersja><sln:wojIdTeryt>16</sln:wojIdTeryt><sln:wojNazwa>opolskie</sln:wojNazwa></sln:miejscowosc><sln:miejscowosc><sln:cyklZyciaDo>2017-05-24T00:00:00+02:00</sln:cyklZyciaDo><sln:cyklZyciaOd>2016-02-24T00:00:00+01:00</sln:cyklZyciaOd><sln:gmIIPId>8c3eb9b2-afde-4749-9f33-bf320486de3e</sln:gmIIPId><sln:gmIIPPn>PL.PZGIK.200</sln:gmIIPPn><sln:gmIIPWersja>2012-09-26T21:59:34+02:00</sln:gmIIPWersja><sln:gmIdTeryt>1609073</sln:gmIdTeryt><sln:gmNazwa>Niemodlin</sln:gmNazwa><sln:miejscIIPId>260d48a0-9271-4c0c-b942-d83cbc9dc8e6</sln:miejscIIPId><sln:miejscIIPPn>PL.PZGIK.200</sln:miejscIIPPn><sln:miejscIIPWersja>2016-11-24T10:45:13+02:00</sln:miejscIIPWersja><sln:miejscIdTeryt>500168</sln:miejscIdTeryt><sln:miejscNazwa>Roszkowice</sln:miejscNazwa><sln:miejscRodzaj>Wieś</sln:miejscRodzaj><sln:powIIPId>1da0ca63-52c4-4e1d-869f-b591c1e264b6</sln:powIIPId><sln:powIIPPn>PL.PZGIK.200</sln:powIIPPn><sln:powIIPWersja>2012-09-27T08:58:33+02:00</sln:powIIPWersja><sln:powIdTeryt>1609</sln:powIdTeryt><sln:powNazwa>opolski</sln:powNazwa><sln:wojIIPId>9bd0c42a-ca40-4b7d-9b5b-81aae3398015</sln:wojIIPId><sln:wojIIPPn>PL.PZGIK.200</sln:wojIIPPn><sln:wojIIPWersja>2017-10-10T00:00:00+02:00</sln:wojIIPWersja><sln:wojIdTeryt>16</sln:wojIdTeryt><sln:wojNazwa>opolskie</sln:wojNazwa></sln:miejscowosc><sln:miejscowosc><sln:cyklZyciaDo>2017-05-24T00:00:00+02:00</sln:cyklZyciaDo><sln:cyklZyciaOd>2016-02-24T00:00:00+01:00</sln:cyklZyciaOd><sln:gmIIPId>8c3eb9b2-afde-4749-9f33-bf320486de3e</sln:gmIIPId><sln:gmIIPPn>PL.PZGIK.200</sln:gmIIPPn><sln:gmIIPWersja>2012-09-26T21:59:34+02:00</sln:gmIIPWersja><sln:gmIdTeryt>1609073</sln:gmIdTeryt><sln:gmNazwa>Niemodlin</sln:gmNazwa><sln:miejscIIPId>1721f2fa-0759-4267-85b1-b7dc03c436ee</sln:miejscIIPId><sln:miejscIIPPn>PL.PZGIK.200</sln:miejscIIPPn><sln:miejscIIPWersja>2016-11-24T10:45:13+02:00</sln:miejscIIPWersja><sln:miejscIdTeryt>500174</sln:miejscIdTeryt><sln:miejscNazwa>Rutki</sln:miejscNazwa><sln:miejscRodzaj>Wieś</sln:miejscRodzaj><sln:powIIPId>1da0ca63-52c4-4e1d-869f-b591c1e264b6</sln:powIIPId><sln:powIIPPn>PL.PZGIK.200</sln:powIIPPn><sln:powIIPWersja>2012-09-27T08:58:33+02:00</sln:powIIPWersja><sln:powIdTeryt>1609</sln:powIdTeryt><sln:powNazwa>opolski</sln:powNazwa><sln:wojIIPId>9bd0c42a-ca40-4b7d-9b5b-81aae3398015</sln:wojIIPId><sln:wojIIPPn>PL.PZGIK.200</sln:wojIIPPn><sln:wojIIPWersja>2017-10-10T00:00:00+02:00</sln:wojIIPWersja><sln:wojIdTeryt>16</sln:wojIdTeryt><sln:wojNazwa>opolskie</sln:wojNazwa></sln:miejscowosc><sln:miejscowosc><sln:cyklZyciaDo>2017-05-24T00:00:00+02:00</sln:cyklZyciaDo><sln:cyklZyciaOd>2016-02-24T00:00:00+01:00</sln:cyklZyciaOd><sln:gmIIPId>8c3eb9b2-afde-4749-9f33-bf320486de3e</sln:gmIIPId><sln:gmIIPPn>PL.PZGIK.200</sln:gmIIPPn><sln:gmIIPWersja>2012-09-26T21:59:34+02:00</sln:gmIIPWersja><sln:gmIdTeryt>1609073</sln:gmIdTeryt><sln:gmNazwa>Niemodlin</sln:gmNazwa><sln:miejscIIPId>d840e6ae-8716-40ae-a348-afd8faeea58d</sln:miejscIIPId><sln:miejscIIPPn>PL.PZGIK.200</sln:miejscIIPPn><sln:miejscIIPWersja>2016-11-24T10:45:13+02:00</sln:miejscIIPWersja><sln:miejscIdTeryt>500180</sln:miejscIdTeryt><sln:miejscNazwa>Rzędziwojowice</sln:miejscNazwa><sln:miejscRodzaj>Wieś</sln:miejscRodzaj><sln:powIIPId>1da0ca63-52c4-4e1d-869f-b591c1e264b6</sln:powIIPId><sln:powIIPPn>PL.PZGIK.200</sln:powIIPPn><sln:powIIPWersja>2012-09-27T08:58:33+02:00</sln:powIIPWersja><sln:powIdTeryt>1609</sln:powIdTeryt><sln:powNazwa>opolski</sln:powNazwa><sln:wojIIPId>9bd0c42a-ca40-4b7d-9b5b-81aae3398015</sln:wojIIPId><sln:wojIIPPn>PL.PZGIK.200</sln:wojIIPPn><sln:wojIIPWersja>2017-10-10T00:00:00+02:00</sln:wojIIPWersja><sln:wojIdTeryt>16</sln:wojIdTeryt><sln:wojNazwa>opolskie</sln:wojNazwa></sln:miejscowosc><sln:miejscowosc><sln:cyklZyciaDo>2017-05-24T00:00:00+02:00</sln:cyklZyciaDo><sln:cyklZyciaOd>2016-02-24T00:00:00+01:00</sln:cyklZyciaOd><sln:gmIIPId>8c3eb9b2-afde-4749-9f33-bf320486de3e</sln:gmIIPId><sln:gmIIPPn>PL.PZGIK.200</sln:gmIIPPn><sln:gmIIPWersja>2012-09-26T21:59:34+02:00</sln:gmIIPWersja><sln:gmIdTeryt>1609073</sln:gmIdTeryt><sln:gmNazwa>Niemodlin</sln:gmNazwa><sln:miejscIIPId>c7676332-d228-4ec6-932d-be8bc1399281</sln:miejscIIPId><sln:miejscIIPPn>PL.PZGIK.200</sln:miejscIIPPn><sln:miejscIIPWersja>2016-11-24T10:45:13+02:00</sln:miejscIIPWersja><sln:miejscIdTeryt>500197</sln:miejscIdTeryt><sln:miejscNazwa>Sady</sln:miejscNazwa><sln:miejscRodzaj>Wieś</sln:miejscRodzaj><sln:powIIPId>1da0ca63-52c4-4e1d-869f-b591c1e264b6</sln:powIIPId><sln:powIIPPn>PL.PZGIK.200</sln:powIIPPn><sln:powIIPWersja>2012-09-27T08:58:33+02:00</sln:powIIPWersja><sln:powIdTeryt>1609</sln:powIdTeryt><sln:powNazwa>opolski</sln:powNazwa><sln:wojIIPId>9bd0c42a-ca40-4b7d-9b5b-81aae3398015</sln:wojIIPId><sln:wojIIPPn>PL.PZGIK.200</sln:wojIIPPn><sln:wojIIPWersja>2017-10-10T00:00:00+02:00</sln:wojIIPWersja><sln:wojIdTeryt>16</sln:wojIdTeryt><sln:wojNazwa>opolskie</sln:wojNazwa></sln:miejscowosc><sln:miejscowosc><sln:cyklZyciaDo>2017-05-24T00:00:00+02:00</sln:cyklZyciaDo><sln:cyklZyciaOd>2016-02-24T00:00:00+01:00</sln:cyklZyciaOd><sln:gmIIPId>8c3eb9b2-afde-4749-9f33-bf320486de3e</sln:gmIIPId><sln:gmIIPPn>PL.PZGIK.200</sln:gmIIPPn><sln:gmIIPWersja>2012-09-26T21:59:34+02:00</sln:gmIIPWersja><sln:gmIdTeryt>1609073</sln:gmIdTeryt><sln:gmNazwa>Niemodlin</sln:gmNazwa><sln:miejscIIPId>516a2216-f664-46b6-9ca4-cb36bbbf4b48</sln:miejscIIPId><sln:miejscIIPPn>PL.PZGIK.200</sln:miejscIIPPn><sln:miejscIIPWersja>2016-11-24T10:45:13+02:00</sln:miejscIIPWersja><sln:miejscIdTeryt>500205</sln:miejscIdTeryt><sln:miejscNazwa>Sarny Wielkie</sln:miejscNazwa><sln:miejscRodzaj>Wieś</sln:miejscRodzaj><sln:powIIPId>1da0ca63-52c4-4e1d-869f-b591c1e264b6</sln:powIIPId><sln:powIIPPn>PL.PZGIK.200</sln:powIIPPn><sln:powIIPWersja>2012-09-27T08:58:33+02:00</sln:powIIPWersja><sln:powIdTeryt>1609</sln:powIdTeryt><sln:powNazwa>opolski</sln:powNazwa><sln:wojIIPId>9bd0c42a-ca40-4b7d-9b5b-81aae3398015</sln:wojIIPId><sln:wojIIPPn>PL.PZGIK.200</sln:wojIIPPn><sln:wojIIPWersja>2017-10-10T00:00:00+02:00</sln:wojIIPWersja><sln:wojIdTeryt>16</sln:wojIdTeryt><sln:wojNazwa>opolskie</sln:wojNazwa></sln:miejscowosc><sln:miejscowosc><sln:cyklZyciaDo>2017-05-24T00:00:00+02:00</sln:cyklZyciaDo><sln:cyklZyciaOd>2016-02-24T00:00:00+01:00</sln:cyklZyciaOd><sln:gmIIPId>8c3eb9b2-afde-4749-9f33-bf320486de3e</sln:gmIIPId><sln:gmIIPPn>PL.PZGIK.200</sln:gmIIPPn><sln:gmIIPWersja>2012-09-26T21:59:34+02:00</sln:gmIIPWersja><sln:gmIdTeryt>1609073</sln:gmIdTeryt><sln:gmNazwa>Niemodlin</sln:gmNazwa><sln:miejscIIPId>6c63867d-a396-4f68-9617-7688baafef5d</sln:miejscIIPId><sln:miejscIIPPn>PL.PZGIK.200</sln:miejscIIPPn><sln:miejscIIPWersja>2016-11-24T10:45:13+02:00</sln:miejscIIPWersja><sln:miejscIdTeryt>500116</sln:miejscIdTeryt><sln:miejscNazwa>Sosnówka</sln:miejscNazwa><sln:miejscRodzaj>Wieś</sln:miejscRodzaj><sln:powIIPId>1da0ca63-52c4-4e1d-869f-b591c1e264b6</sln:powIIPId><sln:powIIPPn>PL.PZGIK.200</sln:powIIPPn><sln:powIIPWersja>2012-09-27T08:58:33+02:00</sln:powIIPWersja><sln:powIdTeryt>1609</sln:powIdTeryt><sln:powNazwa>opolski</sln:powNazwa><sln:wojIIPId>9bd0c42a-ca40-4b7d-9b5b-81aae3398015</sln:wojIIPId><sln:wojIIPPn>PL.PZGIK.200</sln:wojIIPPn><sln:wojIIPWersja>2017-10-10T00:00:00+02:00</sln:wojIIPWersja><sln:wojIdTeryt>16</sln:wojIdTeryt><sln:wojNazwa>opolskie</sln:wojNazwa></sln:miejscowosc><sln:miejscowosc><sln:cyklZyciaDo>2017-05-24T00:00:00+02:00</sln:cyklZyciaDo><sln:cyklZyciaOd>2016-02-24T00:00:00+01:00</sln:cyklZyciaOd><sln:gmIIPId>8c3eb9b2-afde-4749-9f33-bf320486de3e</sln:gmIIPId><sln:gmIIPPn>PL.PZGIK.200</sln:gmIIPPn><sln:gmIIPWersja>2012-09-26T21:59:34+02:00</sln:gmIIPWersja><sln:gmIdTeryt>1609073</sln:gmIdTeryt><sln:gmNazwa>Niemodlin</sln:gmNazwa><sln:miejscIIPId>c5c867a7-1d61-4cfc-9c44-de7dc98619d1</sln:miejscIIPId><sln:miejscIIPPn>PL.PZGIK.200</sln:miejscIIPPn><sln:miejscIIPWersja>2016-11-24T10:45:13+02:00</sln:miejscIIPWersja><sln:miejscIdTeryt>500211</sln:miejscIdTeryt><sln:miejscNazwa>Szydłowiec Śląski</sln:miejscNazwa><sln:miejscRodzaj>Wieś</sln:miejscRodzaj><sln:powIIPId>1da0ca63-52c4-4e1d-869f-b591c1e264b6</sln:powIIPId><sln:powIIPPn>PL.PZGIK.200</sln:powIIPPn><sln:powIIPWersja>2012-09-27T08:58:33+02:00</sln:powIIPWersja><sln:powIdTeryt>1609</sln:powIdTeryt><sln:powNazwa>opolski</sln:powNazwa><sln:wojIIPId>9bd0c42a-ca40-4b7d-9b5b-81aae3398015</sln:wojIIPId><sln:wojIIPPn>PL.PZGIK.200</sln:wojIIPPn><sln:wojIIPWersja>2017-10-10T00:00:00+02:00</sln:wojIIPWersja><sln:wojIdTeryt>16</sln:wojIdTeryt><sln:wojNazwa>opolskie</sln:wojNazwa></sln:miejscowosc><sln:miejscowosc><sln:cyklZyciaDo>2017-05-24T00:00:00+02:00</sln:cyklZyciaDo><sln:cyklZyciaOd>2016-02-24T00:00:00+01:00</sln:cyklZyciaOd><sln:gmIIPId>8c3eb9b2-afde-4749-9f33-bf320486de3e</sln:gmIIPId><sln:gmIIPPn>PL.PZGIK.200</sln:gmIIPPn><sln:gmIIPWersja>2012-09-26T21:59:34+02:00</sln:gmIIPWersja><sln:gmIdTeryt>1609073</sln:gmIdTeryt><sln:gmNazwa>Niemodlin</sln:gmNazwa><sln:miejscIIPId>a5ff226a-5506-40f5-a537-8a001aaa8ba0</sln:miejscIIPId><sln:miejscIIPPn>PL.PZGIK.200</sln:miejscIIPPn><sln:miejscIIPWersja>2016-11-24T10:45:13+02:00</sln:miejscIIPWersja><sln:miejscIdTeryt>500228</sln:miejscIdTeryt><sln:miejscNazwa>Tarnica</sln:miejscNazwa><sln:miejscRodzaj>Wieś</sln:miejscRodzaj><sln:powIIPId>1da0ca63-52c4-4e1d-869f-b591c1e264b6</sln:powIIPId><sln:powIIPPn>PL.PZGIK.200</sln:powIIPPn><sln:powIIPWersja>2012-09-27T08:58:33+02:00</sln:powIIPWersja><sln:powIdTeryt>1609</sln:powIdTeryt><sln:powNazwa>opolski</sln:powNazwa><sln:wojIIPId>9bd0c42a-ca40-4b7d-9b5b-81aae3398015</sln:wojIIPId><sln:wojIIPPn>PL.PZGIK.200</sln:wojIIPPn><sln:wojIIPWersja>2017-10-10T00:00:00+02:00</sln:wojIIPWersja><sln:wojIdTeryt>16</sln:wojIdTeryt><sln:wojNazwa>opolskie</sln:wojNazwa></sln:miejscowosc><sln:miejscowosc><sln:cyklZyciaDo>2017-05-24T00:00:00+02:00</sln:cyklZyciaDo><sln:cyklZyciaOd>2016-02-24T00:00:00+01:00</sln:cyklZyciaOd><sln:gmIIPId>8c3eb9b2-afde-4749-9f33-bf320486de3e</sln:gmIIPId><sln:gmIIPPn>PL.PZGIK.200</sln:gmIIPPn><sln:gmIIPWersja>2012-09-26T21:59:34+02:00</sln:gmIIPWersja><sln:gmIdTeryt>1609073</sln:gmIdTeryt><sln:gmNazwa>Niemodlin</sln:gmNazwa><sln:miejscIIPId>87e97314-6eb5-4c1f-bbac-48bda819eead</sln:miejscIIPId><sln:miejscIIPPn>PL.PZGIK.200</sln:miejscIIPPn><sln:miejscIIPWersja>2016-11-24T10:45:13+02:00</sln:miejscIIPWersja><sln:miejscIdTeryt>500234</sln:miejscIdTeryt><sln:miejscNazwa>Tłustoręby</sln:miejscNazwa><sln:miejscRodzaj>Wieś</sln:miejscRodzaj><sln:powIIPId>1da0ca63-52c4-4e1d-869f-b591c1e264b6</sln:powIIPId><sln:powIIPPn>PL.PZGIK.200</sln:powIIPPn><sln:powIIPWersja>2012-09-27T08:58:33+02:00</sln:powIIPWersja><sln:powIdTeryt>1609</sln:powIdTeryt><sln:powNazwa>opolski</sln:powNazwa><sln:wojIIPId>9bd0c42a-ca40-4b7d-9b5b-81aae3398015</sln:wojIIPId><sln:wojIIPPn>PL.PZGIK.200</sln:wojIIPPn><sln:wojIIPWersja>2017-10-10T00:00:00+02:00</sln:wojIIPWersja><sln:wojIdTeryt>16</sln:wojIdTeryt><sln:wojNazwa>opolskie</sln:wojNazwa></sln:miejscowosc><sln:miejscowosc><sln:cyklZyciaDo>2017-05-24T00:00:00+02:00</sln:cyklZyciaDo><sln:cyklZyciaOd>2016-02-24T00:00:00+01:00</sln:cyklZyciaOd><sln:gmIIPId>8c3eb9b2-afde-4749-9f33-bf320486de3e</sln:gmIIPId><sln:gmIIPPn>PL.PZGIK.200</sln:gmIIPPn><sln:gmIIPWersja>2012-09-26T21:59:34+02:00</sln:gmIIPWersja><sln:gmIdTeryt>1609073</sln:gmIdTeryt><sln:gmNazwa>Niemodlin</sln:gmNazwa><sln:miejscIIPId>817479ca-9638-4ee0-8c51-ee926940703f</sln:miejscIIPId><sln:miejscIIPPn>PL.PZGIK.200</sln:miejscIIPPn><sln:miejscIIPWersja>2016-11-24T10:45:13+02:00</sln:miejscIIPWersja><sln:miejscIdTeryt>500240</sln:miejscIdTeryt><sln:miejscNazwa>Wydrowice</sln:miejscNazwa><sln:miejscRodzaj>Wieś</sln:miejscRodzaj><sln:powIIPId>1da0ca63-52c4-4e1d-869f-b591c1e264b6</sln:powIIPId><sln:powIIPPn>PL.PZGIK.200</sln:powIIPPn><sln:powIIPWersja>2012-09-27T08:58:33+02:00</sln:powIIPWersja><sln:powIdTeryt>1609</sln:powIdTeryt><sln:powNazwa>opolski</sln:powNazwa><sln:wojIIPId>9bd0c42a-ca40-4b7d-9b5b-81aae3398015</sln:wojIIPId><sln:wojIIPPn>PL.PZGIK.200</sln:wojIIPPn><sln:wojIIPWersja>2017-10-10T00:00:00+02:00</sln:wojIIPWersja><sln:wojIdTeryt>16</sln:wojIdTeryt><sln:wojNazwa>opolskie</sln:wojNazwa></sln:miejscowosc><sln:miejscowosc><sln:cyklZyciaOd>2017-05-24T00:00:00+02:00</sln:cyklZyciaOd><sln:gmIIPId>8c3eb9b2-afde-4749-9f33-bf320486de3e</sln:gmIIPId><sln:gmIIPPn>PL.PZGIK.200</sln:gmIIPPn><sln:gmIIPWersja>2012-09-26T21:59:34+02:00</sln:gmIIPWersja><sln:gmIdTeryt>1609073</sln:gmIdTeryt><sln:gmNazwa>Niemodlin</sln:gmNazwa><sln:miejscIIPId>35d41b8f-9e3a-4ef3-adab-94cce6a81bc7</sln:miejscIIPId><sln:miejscIIPPn>PL.PZGIK.200</sln:miejscIIPPn><sln:miejscIIPWersja>2017-05-24T13:28:37+02:00</sln:miejscIIPWersja><sln:miejscIdTeryt>0499933</sln:miejscIdTeryt><sln:miejscNazwa>Brzęczkowice</sln:miejscNazwa><sln:miejscRodzaj>Wieś</sln:miejscRodzaj><sln:powIIPId>1da0ca63-52c4-4e1d-869f-b591c1e264b6</sln:powIIPId><sln:powIIPPn>PL.PZGIK.200</sln:powIIPPn><sln:powIIPWersja>2012-09-27T08:58:33+02:00</sln:powIIPWersja><sln:powIdTeryt>1609</sln:powIdTeryt><sln:powNazwa>opolski</sln:powNazwa><sln:waznyOd>2017-02-07T00:00:00+01:00</sln:waznyOd><sln:wojIIPId>9bd0c42a-ca40-4b7d-9b5b-81aae3398015</sln:wojIIPId><sln:wojIIPPn>PL.PZGIK.200</sln:wojIIPPn><sln:wojIIPWersja>2017-10-10T00:00:00+02:00</sln:wojIIPWersja><sln:wojIdTeryt>16</sln:wojIdTeryt><sln:wojNazwa>opolskie</sln:wojNazwa></sln:miejscowosc><sln:miejscowosc><sln:cyklZyciaOd>2017-05-24T00:00:00+02:00</sln:cyklZyciaOd><sln:gmIIPId>8c3eb9b2-afde-4749-9f33-bf320486de3e</sln:gmIIPId><sln:gmIIPPn>PL.PZGIK.200</sln:gmIIPPn><sln:gmIIPWersja>2012-09-26T21:59:34+02:00</sln:gmIIPWersja><sln:gmIdTeryt>1609073</sln:gmIdTeryt><sln:gmNazwa>Niemodlin</sln:gmNazwa><sln:miejscIIPId>4979d34c-1296-400f-9886-f3b955fbebb6</sln:miejscIIPId><sln:miejscIIPPn>PL.PZGIK.200</sln:miejscIIPPn><sln:miejscIIPWersja>2017-05-24T13:28:44+02:00</sln:miejscIIPWersja><sln:miejscIdTeryt>0499940</sln:miejscIdTeryt><sln:miejscNazwa>Gościejowice</sln:miejscNazwa><sln:miejscRodzaj>Wieś</sln:miejscRodzaj><sln:powIIPId>1da0ca63-52c4-4e1d-869f-b591c1e264b6</sln:powIIPId><sln:powIIPPn>PL.PZGIK.200</sln:powIIPPn><sln:powIIPWersja>2012-09-27T08:58:33+02:00</sln:powIIPWersja><sln:powIdTeryt>1609</sln:powIdTeryt><sln:powNazwa>opolski</sln:powNazwa><sln:waznyOd>2017-02-07T00:00:00+01:00</sln:waznyOd><sln:wojIIPId>9bd0c42a-ca40-4b7d-9b5b-81aae3398015</sln:wojIIPId><sln:wojIIPPn>PL.PZGIK.200</sln:wojIIPPn><sln:wojIIPWersja>2017-10-10T00:00:00+02:00</sln:wojIIPWersja><sln:wojIdTeryt>16</sln:wojIdTeryt><sln:wojNazwa>opolskie</sln:wojNazwa></sln:miejscowosc><sln:miejscowosc><sln:cyklZyciaOd>2017-05-24T00:00:00+02:00</sln:cyklZyciaOd><sln:gmIIPId>8c3eb9b2-afde-4749-9f33-bf320486de3e</sln:gmIIPId><sln:gmIIPPn>PL.PZGIK.200</sln:gmIIPPn><sln:gmIIPWersja>2012-09-26T21:59:34+02:00</sln:gmIIPWersja><sln:gmIdTeryt>1609073</sln:gmIdTeryt><sln:gmNazwa>Niemodlin</sln:gmNazwa><sln:miejscIIPId>d6f297be-5f32-480a-a3f3-9661bd0123ea</sln:miejscIIPId><sln:miejscIIPPn>PL.PZGIK.200</sln:miejscIIPPn><sln:miejscIIPWersja>2017-05-24T13:28:45+02:00</sln:miejscIIPWersja><sln:miejscIdTeryt>0499956</sln:miejscIdTeryt><sln:miejscNazwa>Gościejowice Małe</sln:miejscNazwa><sln:miejscRodzaj>Przysiółek</sln:miejscRodzaj><sln:powIIPId>1da0ca63-52c4-4e1d-869f-b591c1e264b6</sln:powIIPId><sln:powIIPPn>PL.PZGIK.200</sln:powIIPPn><sln:powIIPWersja>2012-09-27T08:58:33+02:00</sln:powIIPWersja><sln:powIdTeryt>1609</sln:powIdTeryt><sln:powNazwa>opolski</sln:powNazwa><sln:waznyOd>2017-02-22T00:00:00+01:00</sln:waznyOd><sln:wojIIPId>9bd0c42a-ca40-4b7d-9b5b-81aae3398015</sln:wojIIPId><sln:wojIIPPn>PL.PZGIK.200</sln:wojIIPPn><sln:wojIIPWersja>2017-10-10T00:00:00+02:00</sln:wojIIPWersja><sln:wojIdTeryt>16</sln:wojIdTeryt><sln:wojNazwa>opolskie</sln:wojNazwa></sln:miejscowosc><sln:miejscowosc><sln:cyklZyciaOd>2017-05-24T00:00:00+02:00</sln:cyklZyciaOd><sln:gmIIPId>8c3eb9b2-afde-4749-9f33-bf320486de3e</sln:gmIIPId><sln:gmIIPPn>PL.PZGIK.200</sln:gmIIPPn><sln:gmIIPWersja>2012-09-26T21:59:34+02:00</sln:gmIIPWersja><sln:gmIdTeryt>1609073</sln:gmIdTeryt><sln:gmNazwa>Niemodlin</sln:gmNazwa><sln:miejscIIPId>7447236a-2a62-44ab-beb4-3bab0329137f</sln:miejscIIPId><sln:miejscIIPPn>PL.PZGIK.200</sln:miejscIIPPn><sln:miejscIIPWersja>2017-05-24T13:28:45+02:00</sln:miejscIIPWersja><sln:miejscIdTeryt>0499962</sln:miejscIdTeryt><sln:miejscNazwa>Góra</sln:miejscNazwa><sln:miejscRodzaj>Wieś</sln:miejscRodzaj><sln:powIIPId>1da0ca63-52c4-4e1d-869f-b591c1e264b6</sln:powIIPId><sln:powIIPPn>PL.PZGIK.200</sln:powIIPPn><sln:powIIPWersja>2012-09-27T08:58:33+02:00</sln:powIIPWersja><sln:powIdTeryt>1609</sln:powIdTeryt><sln:powNazwa>opolski</sln:powNazwa><sln:waznyOd>2017-02-07T00:00:00+01:00</sln:waznyOd><sln:wojIIPId>9bd0c42a-ca40-4b7d-9b5b-81aae3398015</sln:wojIIPId><sln:wojIIPPn>PL.PZGIK.200</sln:wojIIPPn><sln:wojIIPWersja>2017-10-10T00:00:00+02:00</sln:wojIIPWersja><sln:wojIdTeryt>16</sln:wojIdTeryt><sln:wojNazwa>opolskie</sln:wojNazwa></sln:miejscowosc><sln:miejscowosc><sln:cyklZyciaOd>2017-05-24T00:00:00+02:00</sln:cyklZyciaOd><sln:gmIIPId>8c3eb9b2-afde-4749-9f33-bf320486de3e</sln:gmIIPId><sln:gmIIPPn>PL.PZGIK.200</sln:gmIIPPn><sln:gmIIPWersja>2012-09-26T21:59:34+02:00</sln:gmIIPWersja><sln:gmIdTeryt>1609073</sln:gmIdTeryt><sln:gmNazwa>Niemodlin</sln:gmNazwa><sln:miejscIIPId>b1ef6f73-88d0-45f3-a3a1-0c5b2c2c66ff</sln:miejscIIPId><sln:miejscIIPPn>PL.PZGIK.200</sln:miejscIIPPn><sln:miejscIIPWersja>2017-05-24T13:28:45+02:00</sln:miejscIIPWersja><sln:miejscIdTeryt>0499979</sln:miejscIdTeryt><sln:miejscNazwa>Mała Góra</sln:miejscNazwa><sln:miejscRodzaj>Przysiółek</sln:miejscRodzaj><sln:powIIPId>1da0ca63-52c4-4e1d-869f-b591c1e264b6</sln:powIIPId><sln:powIIPPn>PL.PZGIK.200</sln:powIIPPn><sln:powIIPWersja>2012-09-27T08:58:33+02:00</sln:powIIPWersja><sln:powIdTeryt>1609</sln:powIdTeryt><sln:powNazwa>opolski</sln:powNazwa><sln:waznyOd>2017-02-22T00:00:00+01:00</sln:waznyOd><sln:wojIIPId>9bd0c42a-ca40-4b7d-9b5b-81aae3398015</sln:wojIIPId><sln:wojIIPPn>PL.PZGIK.200</sln:wojIIPPn><sln:wojIIPWersja>2017-10-10T00:00:00+02:00</sln:wojIIPWersja><sln:wojIdTeryt>16</sln:wojIdTeryt><sln:wojNazwa>opolskie</sln:wojNazwa></sln:miejscowosc><sln:miejscowosc><sln:cyklZyciaOd>2017-05-24T00:00:00+02:00</sln:cyklZyciaOd><sln:gmIIPId>8c3eb9b2-afde-4749-9f33-bf320486de3e</sln:gmIIPId><sln:gmIIPPn>PL.PZGIK.200</sln:gmIIPPn><sln:gmIIPWersja>2012-09-26T21:59:34+02:00</sln:gmIIPWersja><sln:gmIdTeryt>1609073</sln:gmIdTeryt><sln:gmNazwa>Niemodlin</sln:gmNazwa><sln:miejscIIPId>eac42e6f-ae4f-490f-a2f3-5fdb1f731088</sln:miejscIIPId><sln:miejscIIPPn>PL.PZGIK.200</sln:miejscIIPPn><sln:miejscIIPWersja>2017-05-24T13:28:45+02:00</sln:miejscIIPWersja><sln:miejscIdTeryt>0499985</sln:miejscIdTeryt><sln:miejscNazwa>Grabin</sln:miejscNazwa><sln:miejscRodzaj>Wieś</sln:miejscRodzaj><sln:powIIPId>1da0ca63-52c4-4e1d-869f-b591c1e264b6</sln:powIIPId><sln:powIIPPn>PL.PZGIK.200</sln:powIIPPn><sln:powIIPWersja>2012-09-27T08:58:33+02:00</sln:powIIPWersja><sln:powIdTeryt>1609</sln:powIdTeryt><sln:powNazwa>opolski</sln:powNazwa><sln:waznyOd>2017-02-07T00:00:00+01:00</sln:waznyOd><sln:wojIIPId>9bd0c42a-ca40-4b7d-9b5b-81aae3398015</sln:wojIIPId><sln:wojIIPPn>PL.PZGIK.200</sln:wojIIPPn><sln:wojIIPWersja>2017-10-10T00:00:00+02:00</sln:wojIIPWersja><sln:wojIdTeryt>16</sln:wojIdTeryt><sln:wojNazwa>opolskie</sln:wojNazwa></sln:miejscowosc><sln:miejscowosc><sln:cyklZyciaOd>2017-05-24T00:00:00+02:00</sln:cyklZyciaOd><sln:gmIIPId>8c3eb9b2-afde-4749-9f33-bf320486de3e</sln:gmIIPId><sln:gmIIPPn>PL.PZGIK.200</sln:gmIIPPn><sln:gmIIPWersja>2012-09-26T21:59:34+02:00</sln:gmIIPWersja><sln:gmIdTeryt>1609073</sln:gmIdTeryt><sln:gmNazwa>Niemodlin</sln:gmNazwa><sln:miejscIIPId>25b13b4f-d81f-45f0-ad7a-e01f82ad9683</sln:miejscIIPId><sln:miejscIIPPn>PL.PZGIK.200</sln:miejscIIPPn><sln:miejscIIPWersja>2017-05-24T13:28:45+02:00</sln:miejscIIPWersja><sln:miejscIdTeryt>0499991</sln:miejscIdTeryt><sln:miejscNazwa>Gracze</sln:miejscNazwa><sln:miejscRodzaj>Wieś</sln:miejscRodzaj><sln:powIIPId>1da0ca63-52c4-4e1d-869f-b591c1e264b6</sln:powIIPId><sln:powIIPPn>PL.PZGIK.200</sln:powIIPPn><sln:powIIPWersja>2012-09-27T08:58:33+02:00</sln:powIIPWersja><sln:powIdTeryt>1609</sln:powIdTeryt><sln:powNazwa>opolski</sln:powNazwa><sln:waznyOd>2017-02-07T00:00:00+01:00</sln:waznyOd><sln:wojIIPId>9bd0c42a-ca40-4b7d-9b5b-81aae3398015</sln:wojIIPId><sln:wojIIPPn>PL.PZGIK.200</sln:wojIIPPn><sln:wojIIPWersja>2017-10-10T00:00:00+02:00</sln:wojIIPWersja><sln:wojIdTeryt>16</sln:wojIdTeryt><sln:wojNazwa>opolskie</sln:wojNazwa></sln:miejscowosc><sln:miejscowosc><sln:cyklZyciaOd>2017-05-24T00:00:00+02:00</sln:cyklZyciaOd><sln:gmIIPId>8c3eb9b2-afde-4749-9f33-bf320486de3e</sln:gmIIPId><sln:gmIIPPn>PL.PZGIK.200</sln:gmIIPPn><sln:gmIIPWersja>2012-09-26T21:59:34+02:00</sln:gmIIPWersja><sln:gmIdTeryt>1609073</sln:gmIdTeryt><sln:gmNazwa>Niemodlin</sln:gmNazwa><sln:miejscIIPId>467205cf-bafe-431c-bcbb-0a6452356deb</sln:miejscIIPId><sln:miejscIIPPn>PL.PZGIK.200</sln:miejscIIPPn><sln:miejscIIPWersja>2017-05-24T13:28:45+02:00</sln:miejscIIPWersja><sln:miejscIdTeryt>0500027</sln:miejscIdTeryt><sln:miejscNazwa>Grodziec</sln:miejscNazwa><sln:miejscRodzaj>Wieś</sln:miejscRodzaj><sln:powIIPId>1da0ca63-52c4-4e1d-869f-b591c1e264b6</sln:powIIPId><sln:powIIPPn>PL.PZGIK.200</sln:powIIPPn><sln:powIIPWersja>2012-09-27T08:58:33+02:00</sln:powIIPWersja><sln:powIdTeryt>1609</sln:powIdTeryt><sln:powNazwa>opolski</sln:powNazwa><sln:waznyOd>2017-02-07T00:00:00+01:00</sln:waznyOd><sln:wojIIPId>9bd0c42a-ca40-4b7d-9b5b-81aae3398015</sln:wojIIPId><sln:wojIIPPn>PL.PZGIK.200</sln:wojIIPPn><sln:wojIIPWersja>2017-10-10T00:00:00+02:00</sln:wojIIPWersja><sln:wojIdTeryt>16</sln:wojIdTeryt><sln:wojNazwa>opolskie</sln:wojNazwa></sln:miejscowosc><sln:miejscowosc><sln:cyklZyciaOd>2017-05-24T00:00:00+02:00</sln:cyklZyciaOd><sln:gmIIPId>8c3eb9b2-afde-4749-9f33-bf320486de3e</sln:gmIIPId><sln:gmIIPPn>PL.PZGIK.200</sln:gmIIPPn><sln:gmIIPWersja>2012-09-26T21:59:34+02:00</sln:gmIIPWersja><sln:gmIdTeryt>1609073</sln:gmIdTeryt><sln:gmNazwa>Niemodlin</sln:gmNazwa><sln:miejscIIPId>66b7e063-b13d-4b3e-800a-65c2fe7ab4b5</sln:miejscIIPId><sln:miejscIIPPn>PL.PZGIK.200</sln:miejscIIPPn><sln:miejscIIPWersja>2017-05-24T13:28:45+02:00</sln:miejscIIPWersja><sln:miejscIdTeryt>0500033</sln:miejscIdTeryt><sln:miejscNazwa>Grodziec Drugi</sln:miejscNazwa><sln:miejscRodzaj>Wieś</sln:miejscRodzaj><sln:powIIPId>1da0ca63-52c4-4e1d-869f-b591c1e264b6</sln:powIIPId><sln:powIIPPn>PL.PZGIK.200</sln:powIIPPn><sln:powIIPWersja>2012-09-27T08:58:33+02:00</sln:powIIPWersja><sln:powIdTeryt>1609</sln:powIdTeryt><sln:powNazwa>opolski</sln:powNazwa><sln:waznyOd>2017-02-07T00:00:00+01:00</sln:waznyOd><sln:wojIIPId>9bd0c42a-ca40-4b7d-9b5b-81aae3398015</sln:wojIIPId><sln:wojIIPPn>PL.PZGIK.200</sln:wojIIPPn><sln:wojIIPWersja>2017-10-10T00:00:00+02:00</sln:wojIIPWersja><sln:wojIdTeryt>16</sln:wojIdTeryt><sln:wojNazwa>opolskie</sln:wojNazwa></sln:miejscowosc><sln:miejscowosc><sln:cyklZyciaOd>2017-05-24T00:00:00+02:00</sln:cyklZyciaOd><sln:gmIIPId>8c3eb9b2-afde-4749-9f33-bf320486de3e</sln:gmIIPId><sln:gmIIPPn>PL.PZGIK.200</sln:gmIIPPn><sln:gmIIPWersja>2012-09-26T21:59:34+02:00</sln:gmIIPWersja><sln:gmIdTeryt>1609073</sln:gmIdTeryt><sln:gmNazwa>Niemodlin</sln:gmNazwa><sln:miejscIIPId>829df655-41df-4c00-ae8a-cc7cd034ce86</sln:miejscIIPId><sln:miejscIIPPn>PL.PZGIK.200</sln:miejscIIPPn><sln:miejscIIPWersja>2017-05-24T13:28:45+02:00</sln:miejscIIPWersja><sln:miejscIdTeryt>0500040</sln:miejscIdTeryt><sln:miejscNazwa>Jaczowice</sln:miejscNazwa><sln:miejscRodzaj>Wieś</sln:miejscRodzaj><sln:powIIPId>1da0ca63-52c4-4e1d-869f-b591c1e264b6</sln:powIIPId><sln:powIIPPn>PL.PZGIK.200</sln:powIIPPn><sln:powIIPWersja>2012-09-27T08:58:33+02:00</sln:powIIPWersja><sln:powIdTeryt>1609</sln:powIdTeryt><sln:powNazwa>opolski</sln:powNazwa><sln:waznyOd>2017-02-07T00:00:00+01:00</sln:waznyOd><sln:wojIIPId>9bd0c42a-ca40-4b7d-9b5b-81aae3398015</sln:wojIIPId><sln:wojIIPPn>PL.PZGIK.200</sln:wojIIPPn><sln:wojIIPWersja>2017-10-10T00:00:00+02:00</sln:wojIIPWersja><sln:wojIdTeryt>16</sln:wojIdTeryt><sln:wojNazwa>opolskie</sln:wojNazwa></sln:miejscowosc><sln:miejscowosc><sln:cyklZyciaOd>2017-05-24T00:00:00+02:00</sln:cyklZyciaOd><sln:gmIIPId>8c3eb9b2-afde-4749-9f33-bf320486de3e</sln:gmIIPId><sln:gmIIPPn>PL.PZGIK.200</sln:gmIIPPn><sln:gmIIPWersja>2012-09-26T21:59:34+02:00</sln:gmIIPWersja><sln:gmIdTeryt>1609073</sln:gmIdTeryt><sln:gmNazwa>Niemodlin</sln:gmNazwa><sln:miejscIIPId>368a3377-fbe2-4c1f-bd2c-c22906dcd136</sln:miejscIIPId><sln:miejscIIPPn>PL.PZGIK.200</sln:miejscIIPPn><sln:miejscIIPWersja>2017-05-24T13:28:45+02:00</sln:miejscIIPWersja><sln:miejscIdTeryt>0500056</sln:miejscIdTeryt><sln:miejscNazwa>Jakubowice</sln:miejscNazwa><sln:miejscRodzaj>Wieś</sln:miejscRodzaj><sln:powIIPId>1da0ca63-52c4-4e1d-869f-b591c1e264b6</sln:powIIPId><sln:powIIPPn>PL.PZGIK.200</sln:powIIPPn><sln:powIIPWersja>2012-09-27T08:58:33+02:00</sln:powIIPWersja><sln:powIdTeryt>1609</sln:powIdTeryt><sln:powNazwa>opolski</sln:powNazwa><sln:waznyOd>2017-02-07T00:00:00+01:00</sln:waznyOd><sln:wojIIPId>9bd0c42a-ca40-4b7d-9b5b-81aae3398015</sln:wojIIPId><sln:wojIIPPn>PL.PZGIK.200</sln:wojIIPPn><sln:wojIIPWersja>2017-10-10T00:00:00+02:00</sln:wojIIPWersja><sln:wojIdTeryt>16</sln:wojIdTeryt><sln:wojNazwa>opolskie</sln:wojNazwa></sln:miejscowosc><sln:miejscowosc><sln:cyklZyciaOd>2017-05-24T00:00:00+02:00</sln:cyklZyciaOd><sln:gmIIPId>8c3eb9b2-afde-4749-9f33-bf320486de3e</sln:gmIIPId><sln:gmIIPPn>PL.PZGIK.200</sln:gmIIPPn><sln:gmIIPWersja>2012-09-26T21:59:34+02:00</sln:gmIIPWersja><sln:gmIdTeryt>1609073</sln:gmIdTeryt><sln:gmNazwa>Niemodlin</sln:gmNazwa><sln:miejscIIPId>25f4126c-aa12-44cc-83ca-3bc9f38eef9e</sln:miejscIIPId><sln:miejscIIPPn>PL.PZGIK.200</sln:miejscIIPPn><sln:miejscIIPWersja>2017-05-24T13:28:45+02:00</sln:miejscIIPWersja><sln:miejscIdTeryt>0500062</sln:miejscIdTeryt><sln:miejscNazwa>Krasna Góra</sln:miejscNazwa><sln:miejscRodzaj>Wieś</sln:miejscRodzaj><sln:powIIPId>1da0ca63-52c4-4e1d-869f-b591c1e264b6</sln:powIIPId><sln:powIIPPn>PL.PZGIK.200</sln:powIIPPn><sln:powIIPWersja>2012-09-27T08:58:33+02:00</sln:powIIPWersja><sln:powIdTeryt>1609</sln:powIdTeryt><sln:powNazwa>opolski</sln:powNazwa><sln:waznyOd>2017-02-07T00:00:00+01:00</sln:waznyOd><sln:wojIIPId>9bd0c42a-ca40-4b7d-9b5b-81aae3398015</sln:wojIIPId><sln:wojIIPPn>PL.PZGIK.200</sln:wojIIPPn><sln:wojIIPWersja>2017-10-10T00:00:00+02:00</sln:wojIIPWersja><sln:wojIdTeryt>16</sln:wojIdTeryt><sln:wojNazwa>opolskie</sln:wojNazwa></sln:miejscowosc><sln:miejscowosc><sln:cyklZyciaOd>2017-05-24T00:00:00+02:00</sln:cyklZyciaOd><sln:gmIIPId>8c3eb9b2-afde-4749-9f33-bf320486de3e</sln:gmIIPId><sln:gmIIPPn>PL.PZGIK.200</sln:gmIIPPn><sln:gmIIPWersja>2012-09-26T21:59:34+02:00</sln:gmIIPWersja><sln:gmIdTeryt>1609073</sln:gmIdTeryt><sln:gmNazwa>Niemodlin</sln:gmNazwa><sln:miejscIIPId>ad0dd079-4355-456f-ac8d-1105f3ad9c3a</sln:miejscIIPId><sln:miejscIIPPn>PL.PZGIK.200</sln:miejscIIPPn><sln:miejscIIPWersja>2017-05-24T13:28:46+02:00</sln:miejscIIPWersja><sln:miejscIdTeryt>0500079</sln:miejscIdTeryt><sln:miejscNazwa>Lipno</sln:miejscNazwa><sln:miejscRodzaj>Wieś</sln:miejscRodzaj><sln:powIIPId>1da0ca63-52c4-4e1d-869f-b591c1e264b6</sln:powIIPId><sln:powIIPPn>PL.PZGIK.200</sln:powIIPPn><sln:powIIPWersja>2012-09-27T08:58:33+02:00</sln:powIIPWersja><sln:powIdTeryt>1609</sln:powIdTeryt><sln:powNazwa>opolski</sln:powNazwa><sln:waznyOd>2017-02-07T00:00:00+01:00</sln:waznyOd><sln:wojIIPId>9bd0c42a-ca40-4b7d-9b5b-81aae3398015</sln:wojIIPId><sln:wojIIPPn>PL.PZGIK.200</sln:wojIIPPn><sln:wojIIPWersja>2017-10-10T00:00:00+02:00</sln:wojIIPWersja><sln:wojIdTeryt>16</sln:wojIdTeryt><sln:wojNazwa>opolskie</sln:wojNazwa></sln:miejscowosc><sln:miejscowosc><sln:cyklZyciaOd>2017-05-24T00:00:00+02:00</sln:cyklZyciaOd><sln:gmIIPId>8c3eb9b2-afde-4749-9f33-bf320486de3e</sln:gmIIPId><sln:gmIIPPn>PL.PZGIK.200</sln:gmIIPPn><sln:gmIIPWersja>2012-09-26T21:59:34+02:00</sln:gmIIPWersja><sln:gmIdTeryt>1609073</sln:gmIdTeryt><sln:gmNazwa>Niemodlin</sln:gmNazwa><sln:miejscIIPId>27f647c1-12f0-4db0-8aaf-00fac27bbe62</sln:miejscIIPId><sln:miejscIIPPn>PL.PZGIK.200</sln:miejscIIPPn><sln:miejscIIPWersja>2017-05-24T13:28:46+02:00</sln:miejscIIPWersja><sln:miejscIdTeryt>0500085</sln:miejscIdTeryt><sln:miejscNazwa>Magnuszowice</sln:miejscNazwa><sln:miejscRodzaj>Wieś</sln:miejscRodzaj><sln:powIIPId>1da0ca63-52c4-4e1d-869f-b591c1e264b6</sln:powIIPId><sln:powIIPPn>PL.PZGIK.200</sln:powIIPPn><sln:powIIPWersja>2012-09-27T08:58:33+02:00</sln:powIIPWersja><sln:powIdTeryt>1609</sln:powIdTeryt><sln:powNazwa>opolski</sln:powNazwa><sln:waznyOd>2017-02-07T00:00:00+01:00</sln:waznyOd><sln:wojIIPId>9bd0c42a-ca40-4b7d-9b5b-81aae3398015</sln:wojIIPId><sln:wojIIPPn>PL.PZGIK.200</sln:wojIIPPn><sln:wojIIPWersja>2017-10-10T00:00:00+02:00</sln:wojIIPWersja><sln:wojIdTeryt>16</sln:wojIdTeryt><sln:wojNazwa>opolskie</sln:wojNazwa></sln:miejscowosc><sln:miejscowosc><sln:cyklZyciaOd>2017-05-24T00:00:00+02:00</sln:cyklZyciaOd><sln:gmIIPId>8c3eb9b2-afde-4749-9f33-bf320486de3e</sln:gmIIPId><sln:gmIIPPn>PL.PZGIK.200</sln:gmIIPPn><sln:gmIIPWersja>2012-09-26T21:59:34+02:00</sln:gmIIPWersja><sln:gmIdTeryt>1609073</sln:gmIdTeryt><sln:gmNazwa>Niemodlin</sln:gmNazwa><sln:miejscIIPId>40010527-8dc1-4d09-a7fa-d4e32634d06f</sln:miejscIIPId><sln:miejscIIPPn>PL.PZGIK.200</sln:miejscIIPPn><sln:miejscIIPWersja>2017-05-24T13:28:46+02:00</sln:miejscIIPWersja><sln:miejscIdTeryt>0500091</sln:miejscIdTeryt><sln:miejscNazwa>Magnuszowiczki</sln:miejscNazwa><sln:miejscRodzaj>Wieś</sln:miejscRodzaj><sln:powIIPId>1da0ca63-52c4-4e1d-869f-b591c1e264b6</sln:powIIPId><sln:powIIPPn>PL.PZGIK.200</sln:powIIPPn><sln:powIIPWersja>2012-09-27T08:58:33+02:00</sln:powIIPWersja><sln:powIdTeryt>1609</sln:powIdTeryt><sln:powNazwa>opolski</sln:powNazwa><sln:waznyOd>2017-02-07T00:00:00+01:00</sln:waznyOd><sln:wojIIPId>9bd0c42a-ca40-4b7d-9b5b-81aae3398015</sln:wojIIPId><sln:wojIIPPn>PL.PZGIK.200</sln:wojIIPPn><sln:wojIIPWersja>2017-10-10T00:00:00+02:00</sln:wojIIPWersja><sln:wojIdTeryt>16</sln:wojIdTeryt><sln:wojNazwa>opolskie</sln:wojNazwa></sln:miejscowosc><sln:miejscowosc><sln:cyklZyciaOd>2017-05-24T00:00:00+02:00</sln:cyklZyciaOd><sln:gmIIPId>8c3eb9b2-afde-4749-9f33-bf320486de3e</sln:gmIIPId><sln:gmIIPPn>PL.PZGIK.200</sln:gmIIPPn><sln:gmIIPWersja>2012-09-26T21:59:34+02:00</sln:gmIIPWersja><sln:gmIdTeryt>1609073</sln:gmIdTeryt><sln:gmNazwa>Niemodlin</sln:gmNazwa><sln:miejscIIPId>ce24d665-2fc7-4d8a-bb3f-0e3ec2a1cb1a</sln:miejscIIPId><sln:miejscIIPPn>PL.PZGIK.200</sln:miejscIIPPn><sln:miejscIIPWersja>2017-05-24T13:28:46+02:00</sln:miejscIIPWersja><sln:miejscIdTeryt>0500100</sln:miejscIdTeryt><sln:miejscNazwa>Michałówek</sln:miejscNazwa><sln:miejscRodzaj>Wieś</sln:miejscRodzaj><sln:powIIPId>1da0ca63-52c4-4e1d-869f-b591c1e264b6</sln:powIIPId><sln:powIIPPn>PL.PZGIK.200</sln:powIIPPn><sln:powIIPWersja>2012-09-27T08:58:33+02:00</sln:powIIPWersja><sln:powIdTeryt>1609</sln:powIdTeryt><sln:powNazwa>opolski</sln:powNazwa><sln:waznyOd>2017-02-07T00:00:00+01:00</sln:waznyOd><sln:wojIIPId>9bd0c42a-ca40-4b7d-9b5b-81aae3398015</sln:wojIIPId><sln:wojIIPPn>PL.PZGIK.200</sln:wojIIPPn><sln:wojIIPWersja>2017-10-10T00:00:00+02:00</sln:wojIIPWersja><sln:wojIdTeryt>16</sln:wojIdTeryt><sln:wojNazwa>opolskie</sln:wojNazwa></sln:miejscowosc><sln:miejscowosc><sln:cyklZyciaOd>2017-05-24T00:00:00+02:00</sln:cyklZyciaOd><sln:gmIIPId>8c3eb9b2-afde-4749-9f33-bf320486de3e</sln:gmIIPId><sln:gmIIPPn>PL.PZGIK.200</sln:gmIIPPn><sln:gmIIPWersja>2012-09-26T21:59:34+02:00</sln:gmIIPWersja><sln:gmIdTeryt>1609073</sln:gmIdTeryt><sln:gmNazwa>Niemodlin</sln:gmNazwa><sln:miejscIIPId>6c63867d-a396-4f68-9617-7688baafef5d</sln:miejscIIPId><sln:miejscIIPPn>PL.PZGIK.200</sln:miejscIIPPn><sln:miejscIIPWersja>2017-05-24T13:28:46+02:00</sln:miejscIIPWersja><sln:miejscIdTeryt>0500116</sln:miejscIdTeryt><sln:miejscNazwa>Sosnówka</sln:miejscNazwa><sln:miejscRodzaj>Wieś</sln:miejscRodzaj><sln:powIIPId>1da0ca63-52c4-4e1d-869f-b591c1e264b6</sln:powIIPId><sln:powIIPPn>PL.PZGIK.200</sln:powIIPPn><sln:powIIPWersja>2012-09-27T08:58:33+02:00</sln:powIIPWersja><sln:powIdTeryt>1609</sln:powIdTeryt><sln:powNazwa>opolski</sln:powNazwa><sln:waznyOd>2017-02-07T00:00:00+01:00</sln:waznyOd><sln:wojIIPId>9bd0c42a-ca40-4b7d-9b5b-81aae3398015</sln:wojIIPId><sln:wojIIPPn>PL.PZGIK.200</sln:wojIIPPn><sln:wojIIPWersja>2017-10-10T00:00:00+02:00</sln:wojIIPWersja><sln:wojIdTeryt>16</sln:wojIdTeryt><sln:wojNazwa>opolskie</sln:wojNazwa></sln:miejscowosc><sln:miejscowosc><sln:cyklZyciaOd>2017-05-24T00:00:00+02:00</sln:cyklZyciaOd><sln:gmIIPId>8c3eb9b2-afde-4749-9f33-bf320486de3e</sln:gmIIPId><sln:gmIIPPn>PL.PZGIK.200</sln:gmIIPPn><sln:gmIIPWersja>2012-09-26T21:59:34+02:00</sln:gmIIPWersja><sln:gmIdTeryt>1609073</sln:gmIdTeryt><sln:gmNazwa>Niemodlin</sln:gmNazwa><sln:miejscIIPId>9ddada5f-ad91-43ae-8e6e-a7bbcc587b3b</sln:miejscIIPId><sln:miejscIIPPn>PL.PZGIK.200</sln:miejscIIPPn><sln:miejscIIPWersja>2017-05-24T13:28:46+02:00</sln:miejscIIPWersja><sln:miejscIdTeryt>0500122</sln:miejscIdTeryt><sln:miejscNazwa>Molestowice</sln:miejscNazwa><sln:miejscRodzaj>Wieś</sln:miejscRodzaj><sln:powIIPId>1da0ca63-52c4-4e1d-869f-b591c1e264b6</sln:powIIPId><sln:powIIPPn>PL.PZGIK.200</sln:powIIPPn><sln:powIIPWersja>2012-09-27T08:58:33+02:00</sln:powIIPWersja><sln:powIdTeryt>1609</sln:powIdTeryt><sln:powNazwa>opolski</sln:powNazwa><sln:waznyOd>2017-02-07T00:00:00+01:00</sln:waznyOd><sln:wojIIPId>9bd0c42a-ca40-4b7d-9b5b-81aae3398015</sln:wojIIPId><sln:wojIIPPn>PL.PZGIK.200</sln:wojIIPPn><sln:wojIIPWersja>2017-10-10T00:00:00+02:00</sln:wojIIPWersja><sln:wojIdTeryt>16</sln:wojIdTeryt><sln:wojNazwa>opolskie</sln:wojNazwa></sln:miejscowosc><sln:miejscowosc><sln:cyklZyciaOd>2017-05-24T00:00:00+02:00</sln:cyklZyciaOd><sln:gmIIPId>8c3eb9b2-afde-4749-9f33-bf320486de3e</sln:gmIIPId><sln:gmIIPPn>PL.PZGIK.200</sln:gmIIPPn><sln:gmIIPWersja>2012-09-26T21:59:34+02:00</sln:gmIIPWersja><sln:gmIdTeryt>1609073</sln:gmIdTeryt><sln:gmNazwa>Niemodlin</sln:gmNazwa><sln:miejscIIPId>257572f1-f770-44cd-97bf-a45569e92e38</sln:miejscIIPId><sln:miejscIIPPn>PL.PZGIK.200</sln:miejscIIPPn><sln:miejscIIPWersja>2017-05-24T13:28:46+02:00</sln:miejscIIPWersja><sln:miejscIdTeryt>0500139</sln:miejscIdTeryt><sln:miejscNazwa>Piotrowa</sln:miejscNazwa><sln:miejscRodzaj>Wieś</sln:miejscRodzaj><sln:powIIPId>1da0ca63-52c4-4e1d-869f-b591c1e264b6</sln:powIIPId><sln:powIIPPn>PL.PZGIK.200</sln:powIIPPn><sln:powIIPWersja>2012-09-27T08:58:33+02:00</sln:powIIPWersja><sln:powIdTeryt>1609</sln:powIdTeryt><sln:powNazwa>opolski</sln:powNazwa><sln:waznyOd>2017-02-07T00:00:00+01:00</sln:waznyOd><sln:wojIIPId>9bd0c42a-ca40-4b7d-9b5b-81aae3398015</sln:wojIIPId><sln:wojIIPPn>PL.PZGIK.200</sln:wojIIPPn><sln:wojIIPWersja>2017-10-10T00:00:00+02:00</sln:wojIIPWersja><sln:wojIdTeryt>16</sln:wojIdTeryt><sln:wojNazwa>opolskie</sln:wojNazwa></sln:miejscowosc><sln:miejscowosc><sln:cyklZyciaOd>2017-05-24T00:00:00+02:00</sln:cyklZyciaOd><sln:gmIIPId>8c3eb9b2-afde-4749-9f33-bf320486de3e</sln:gmIIPId><sln:gmIIPPn>PL.PZGIK.200</sln:gmIIPPn><sln:gmIIPWersja>2012-09-26T21:59:34+02:00</sln:gmIIPWersja><sln:gmIdTeryt>1609073</sln:gmIdTeryt><sln:gmNazwa>Niemodlin</sln:gmNazwa><sln:miejscIIPId>2f5a2f8d-814d-48e9-968f-c0290b2845fc</sln:miejscIIPId><sln:miejscIIPPn>PL.PZGIK.200</sln:miejscIIPPn><sln:miejscIIPWersja>2017-05-24T13:28:46+02:00</sln:miejscIIPWersja><sln:miejscIdTeryt>0500145</sln:miejscIdTeryt><sln:miejscNazwa>Radoszowice</sln:miejscNazwa><sln:miejscRodzaj>Wieś</sln:miejscRodzaj><sln:powIIPId>1da0ca63-52c4-4e1d-869f-b591c1e264b6</sln:powIIPId><sln:powIIPPn>PL.PZGIK.200</sln:powIIPPn><sln:powIIPWersja>2012-09-27T08:58:33+02:00</sln:powIIPWersja><sln:powIdTeryt>1609</sln:powIdTeryt><sln:powNazwa>opolski</sln:powNazwa><sln:waznyOd>2017-02-07T00:00:00+01:00</sln:waznyOd><sln:wojIIPId>9bd0c42a-ca40-4b7d-9b5b-81aae3398015</sln:wojIIPId><sln:wojIIPPn>PL.PZGIK.200</sln:wojIIPPn><sln:wojIIPWersja>2017-10-10T00:00:00+02:00</sln:wojIIPWersja><sln:wojIdTeryt>16</sln:wojIdTeryt><sln:wojNazwa>opolskie</sln:wojNazwa></sln:miejscowosc><sln:miejscowosc><sln:cyklZyciaOd>2017-05-24T00:00:00+02:00</sln:cyklZyciaOd><sln:gmIIPId>8c3eb9b2-afde-4749-9f33-bf320486de3e</sln:gmIIPId><sln:gmIIPPn>PL.PZGIK.200</sln:gmIIPPn><sln:gmIIPWersja>2012-09-26T21:59:34+02:00</sln:gmIIPWersja><sln:gmIdTeryt>1609073</sln:gmIdTeryt><sln:gmNazwa>Niemodlin</sln:gmNazwa><sln:miejscIIPId>54f9ff2e-8521-4065-bebc-9fbb4b20fbe6</sln:miejscIIPId><sln:miejscIIPPn>PL.PZGIK.200</sln:miejscIIPPn><sln:miejscIIPWersja>2017-05-24T13:28:46+02:00</sln:miejscIIPWersja><sln:miejscIdTeryt>0500151</sln:miejscIdTeryt><sln:miejscNazwa>Rogi</sln:miejscNazwa><sln:miejscRodzaj>Wieś</sln:miejscRodzaj><sln:powIIPId>1da0ca63-52c4-4e1d-869f-b591c1e264b6</sln:powIIPId><sln:powIIPPn>PL.PZGIK.200</sln:powIIPPn><sln:powIIPWersja>2012-09-27T08:58:33+02:00</sln:powIIPWersja><sln:powIdTeryt>1609</sln:powIdTeryt><sln:powNazwa>opolski</sln:powNazwa><sln:waznyOd>2017-02-07T00:00:00+01:00</sln:waznyOd><sln:wojIIPId>9bd0c42a-ca40-4b7d-9b5b-81aae3398015</sln:wojIIPId><sln:wojIIPPn>PL.PZGIK.200</sln:wojIIPPn><sln:wojIIPWersja>2017-10-10T00:00:00+02:00</sln:wojIIPWersja><sln:wojIdTeryt>16</sln:wojIdTeryt><sln:wojNazwa>opolskie</sln:wojNazwa></sln:miejscowosc><sln:miejscowosc><sln:cyklZyciaOd>2017-05-24T00:00:00+02:00</sln:cyklZyciaOd><sln:gmIIPId>8c3eb9b2-afde-4749-9f33-bf320486de3e</sln:gmIIPId><sln:gmIIPPn>PL.PZGIK.200</sln:gmIIPPn><sln:gmIIPWersja>2012-09-26T21:59:34+02:00</sln:gmIIPWersja><sln:gmIdTeryt>1609073</sln:gmIdTeryt><sln:gmNazwa>Niemodlin</sln:gmNazwa><sln:miejscIIPId>260d48a0-9271-4c0c-b942-d83cbc9dc8e6</sln:miejscIIPId><sln:miejscIIPPn>PL.PZGIK.200</sln:miejscIIPPn><sln:miejscIIPWersja>2017-05-24T13:28:46+02:00</sln:miejscIIPWersja><sln:miejscIdTeryt>0500168</sln:miejscIdTeryt><sln:miejscNazwa>Roszkowice</sln:miejscNazwa><sln:miejscRodzaj>Wieś</sln:miejscRodzaj><sln:powIIPId>1da0ca63-52c4-4e1d-869f-b591c1e264b6</sln:powIIPId><sln:powIIPPn>PL.PZGIK.200</sln:powIIPPn><sln:powIIPWersja>2012-09-27T08:58:33+02:00</sln:powIIPWersja><sln:powIdTeryt>1609</sln:powIdTeryt><sln:powNazwa>opolski</sln:powNazwa><sln:waznyOd>2017-02-07T00:00:00+01:00</sln:waznyOd><sln:wojIIPId>9bd0c42a-ca40-4b7d-9b5b-81aae3398015</sln:wojIIPId><sln:wojIIPPn>PL.PZGIK.200</sln:wojIIPPn><sln:wojIIPWersja>2017-10-10T00:00:00+02:00</sln:wojIIPWersja><sln:wojIdTeryt>16</sln:wojIdTeryt><sln:wojNazwa>opolskie</sln:wojNazwa></sln:miejscowosc><sln:miejscowosc><sln:cyklZyciaOd>2017-05-24T00:00:00+02:00</sln:cyklZyciaOd><sln:gmIIPId>8c3eb9b2-afde-4749-9f33-bf320486de3e</sln:gmIIPId><sln:gmIIPPn>PL.PZGIK.200</sln:gmIIPPn><sln:gmIIPWersja>2012-09-26T21:59:34+02:00</sln:gmIIPWersja><sln:gmIdTeryt>1609073</sln:gmIdTeryt><sln:gmNazwa>Niemodlin</sln:gmNazwa><sln:miejscIIPId>1721f2fa-0759-4267-85b1-b7dc03c436ee</sln:miejscIIPId><sln:miejscIIPPn>PL.PZGIK.200</sln:miejscIIPPn><sln:miejscIIPWersja>2017-05-24T13:28:46+02:00</sln:miejscIIPWersja><sln:miejscIdTeryt>0500174</sln:miejscIdTeryt><sln:miejscNazwa>Rutki</sln:miejscNazwa><sln:miejscRodzaj>Wieś</sln:miejscRodzaj><sln:powIIPId>1da0ca63-52c4-4e1d-869f-b591c1e264b6</sln:powIIPId><sln:powIIPPn>PL.PZGIK.200</sln:powIIPPn><sln:powIIPWersja>2012-09-27T08:58:33+02:00</sln:powIIPWersja><sln:powIdTeryt>1609</sln:powIdTeryt><sln:powNazwa>opolski</sln:powNazwa><sln:waznyOd>2017-02-07T00:00:00+01:00</sln:waznyOd><sln:wojIIPId>9bd0c42a-ca40-4b7d-9b5b-81aae3398015</sln:wojIIPId><sln:wojIIPPn>PL.PZGIK.200</sln:wojIIPPn><sln:wojIIPWersja>2017-10-10T00:00:00+02:00</sln:wojIIPWersja><sln:wojIdTeryt>16</sln:wojIdTeryt><sln:wojNazwa>opolskie</sln:wojNazwa></sln:miejscowosc><sln:miejscowosc><sln:cyklZyciaOd>2017-05-24T00:00:00+02:00</sln:cyklZyciaOd><sln:gmIIPId>8c3eb9b2-afde-4749-9f33-bf320486de3e</sln:gmIIPId><sln:gmIIPPn>PL.PZGIK.200</sln:gmIIPPn><sln:gmIIPWersja>2012-09-26T21:59:34+02:00</sln:gmIIPWersja><sln:gmIdTeryt>1609073</sln:gmIdTeryt><sln:gmNazwa>Niemodlin</sln:gmNazwa><sln:miejscIIPId>d840e6ae-8716-40ae-a348-afd8faeea58d</sln:miejscIIPId><sln:miejscIIPPn>PL.PZGIK.200</sln:miejscIIPPn><sln:miejscIIPWersja>2017-05-24T13:28:46+02:00</sln:miejscIIPWersja><sln:miejscIdTeryt>0500180</sln:miejscIdTeryt><sln:miejscNazwa>Rzędziwojowice</sln:miejscNazwa><sln:miejscRodzaj>Wieś</sln:miejscRodzaj><sln:powIIPId>1da0ca63-52c4-4e1d-869f-b591c1e264b6</sln:powIIPId><sln:powIIPPn>PL.PZGIK.200</sln:powIIPPn><sln:powIIPWersja>2012-09-27T08:58:33+02:00</sln:powIIPWersja><sln:powIdTeryt>1609</sln:powIdTeryt><sln:powNazwa>opolski</sln:powNazwa><sln:waznyOd>2017-02-07T00:00:00+01:00</sln:waznyOd><sln:wojIIPId>9bd0c42a-ca40-4b7d-9b5b-81aae3398015</sln:wojIIPId><sln:wojIIPPn>PL.PZGIK.200</sln:wojIIPPn><sln:wojIIPWersja>2017-10-10T00:00:00+02:00</sln:wojIIPWersja><sln:wojIdTeryt>16</sln:wojIdTeryt><sln:wojNazwa>opolskie</sln:wojNazwa></sln:miejscowosc><sln:miejscowosc><sln:cyklZyciaOd>2017-05-24T00:00:00+02:00</sln:cyklZyciaOd><sln:gmIIPId>8c3eb9b2-afde-4749-9f33-bf320486de3e</sln:gmIIPId><sln:gmIIPPn>PL.PZGIK.200</sln:gmIIPPn><sln:gmIIPWersja>2012-09-26T21:59:34+02:00</sln:gmIIPWersja><sln:gmIdTeryt>1609073</sln:gmIdTeryt><sln:gmNazwa>Niemodlin</sln:gmNazwa><sln:miejscIIPId>c7676332-d228-4ec6-932d-be8bc1399281</sln:miejscIIPId><sln:miejscIIPPn>PL.PZGIK.200</sln:miejscIIPPn><sln:miejscIIPWersja>2017-05-24T13:28:47+02:00</sln:miejscIIPWersja><sln:miejscIdTeryt>0500197</sln:miejscIdTeryt><sln:miejscNazwa>Sady</sln:miejscNazwa><sln:miejscRodzaj>Wieś</sln:miejscRodzaj><sln:powIIPId>1da0ca63-52c4-4e1d-869f-b591c1e264b6</sln:powIIPId><sln:powIIPPn>PL.PZGIK.200</sln:powIIPPn><sln:powIIPWersja>2012-09-27T08:58:33+02:00</sln:powIIPWersja><sln:powIdTeryt>1609</sln:powIdTeryt><sln:powNazwa>opolski</sln:powNazwa><sln:waznyOd>2017-02-07T00:00:00+01:00</sln:waznyOd><sln:wojIIPId>9bd0c42a-ca40-4b7d-9b5b-81aae3398015</sln:wojIIPId><sln:wojIIPPn>PL.PZGIK.200</sln:wojIIPPn><sln:wojIIPWersja>2017-10-10T00:00:00+02:00</sln:wojIIPWersja><sln:wojIdTeryt>16</sln:wojIdTeryt><sln:wojNazwa>opolskie</sln:wojNazwa></sln:miejscowosc><sln:miejscowosc><sln:cyklZyciaOd>2017-05-24T00:00:00+02:00</sln:cyklZyciaOd><sln:gmIIPId>8c3eb9b2-afde-4749-9f33-bf320486de3e</sln:gmIIPId><sln:gmIIPPn>PL.PZGIK.200</sln:gmIIPPn><sln:gmIIPWersja>2012-09-26T21:59:34+02:00</sln:gmIIPWersja><sln:gmIdTeryt>1609073</sln:gmIdTeryt><sln:gmNazwa>Niemodlin</sln:gmNazwa><sln:miejscIIPId>516a2216-f664-46b6-9ca4-cb36bbbf4b48</sln:miejscIIPId><sln:miejscIIPPn>PL.PZGIK.200</sln:miejscIIPPn><sln:miejscIIPWersja>2017-05-24T13:28:47+02:00</sln:miejscIIPWersja><sln:miejscIdTeryt>0500205</sln:miejscIdTeryt><sln:miejscNazwa>Sarny Wielkie</sln:miejscNazwa><sln:miejscRodzaj>Wieś</sln:miejscRodzaj><sln:powIIPId>1da0ca63-52c4-4e1d-869f-b591c1e264b6</sln:powIIPId><sln:powIIPPn>PL.PZGIK.200</sln:powIIPPn><sln:powIIPWersja>2012-09-27T08:58:33+02:00</sln:powIIPWersja><sln:powIdTeryt>1609</sln:powIdTeryt><sln:powNazwa>opolski</sln:powNazwa><sln:waznyOd>2017-02-07T00:00:00+01:00</sln:waznyOd><sln:wojIIPId>9bd0c42a-ca40-4b7d-9b5b-81aae3398015</sln:wojIIPId><sln:wojIIPPn>PL.PZGIK.200</sln:wojIIPPn><sln:wojIIPWersja>2017-10-10T00:00:00+02:00</sln:wojIIPWersja><sln:wojIdTeryt>16</sln:wojIdTeryt><sln:wojNazwa>opolskie</sln:wojNazwa></sln:miejscowosc><sln:miejscowosc><sln:cyklZyciaOd>2017-05-24T00:00:00+02:00</sln:cyklZyciaOd><sln:gmIIPId>8c3eb9b2-afde-4749-9f33-bf320486de3e</sln:gmIIPId><sln:gmIIPPn>PL.PZGIK.200</sln:gmIIPPn><sln:gmIIPWersja>2012-09-26T21:59:34+02:00</sln:gmIIPWersja><sln:gmIdTeryt>1609073</sln:gmIdTeryt><sln:gmNazwa>Niemodlin</sln:gmNazwa><sln:miejscIIPId>c5c867a7-1d61-4cfc-9c44-de7dc98619d1</sln:miejscIIPId><sln:miejscIIPPn>PL.PZGIK.200</sln:miejscIIPPn><sln:miejscIIPWersja>2017-05-24T13:28:47+02:00</sln:miejscIIPWersja><sln:miejscIdTeryt>0500211</sln:miejscIdTeryt><sln:miejscNazwa>Szydłowiec Śląski</sln:miejscNazwa><sln:miejscRodzaj>Wieś</sln:miejscRodzaj><sln:powIIPId>1da0ca63-52c4-4e1d-869f-b591c1e264b6</sln:powIIPId><sln:powIIPPn>PL.PZGIK.200</sln:powIIPPn><sln:powIIPWersja>2012-09-27T08:58:33+02:00</sln:powIIPWersja><sln:powIdTeryt>1609</sln:powIdTeryt><sln:powNazwa>opolski</sln:powNazwa><sln:waznyOd>2017-02-07T00:00:00+01:00</sln:waznyOd><sln:wojIIPId>9bd0c42a-ca40-4b7d-9b5b-81aae3398015</sln:wojIIPId><sln:wojIIPPn>PL.PZGIK.200</sln:wojIIPPn><sln:wojIIPWersja>2017-10-10T00:00:00+02:00</sln:wojIIPWersja><sln:wojIdTeryt>16</sln:wojIdTeryt><sln:wojNazwa>opolskie</sln:wojNazwa></sln:miejscowosc><sln:miejscowosc><sln:cyklZyciaOd>2017-05-24T00:00:00+02:00</sln:cyklZyciaOd><sln:gmIIPId>8c3eb9b2-afde-4749-9f33-bf320486de3e</sln:gmIIPId><sln:gmIIPPn>PL.PZGIK.200</sln:gmIIPPn><sln:gmIIPWersja>2012-09-26T21:59:34+02:00</sln:gmIIPWersja><sln:gmIdTeryt>1609073</sln:gmIdTeryt><sln:gmNazwa>Niemodlin</sln:gmNazwa><sln:miejscIIPId>a5ff226a-5506-40f5-a537-8a001aaa8ba0</sln:miejscIIPId><sln:miejscIIPPn>PL.PZGIK.200</sln:miejscIIPPn><sln:miejscIIPWersja>2017-05-24T13:28:47+02:00</sln:miejscIIPWersja><sln:miejscIdTeryt>0500228</sln:miejscIdTeryt><sln:miejscNazwa>Tarnica</sln:miejscNazwa><sln:miejscRodzaj>Wieś</sln:miejscRodzaj><sln:powIIPId>1da0ca63-52c4-4e1d-869f-b591c1e264b6</sln:powIIPId><sln:powIIPPn>PL.PZGIK.200</sln:powIIPPn><sln:powIIPWersja>2012-09-27T08:58:33+02:00</sln:powIIPWersja><sln:powIdTeryt>1609</sln:powIdTeryt><sln:powNazwa>opolski</sln:powNazwa><sln:waznyOd>2017-02-07T00:00:00+01:00</sln:waznyOd><sln:wojIIPId>9bd0c42a-ca40-4b7d-9b5b-81aae3398015</sln:wojIIPId><sln:wojIIPPn>PL.PZGIK.200</sln:wojIIPPn><sln:wojIIPWersja>2017-10-10T00:00:00+02:00</sln:wojIIPWersja><sln:wojIdTeryt>16</sln:wojIdTeryt><sln:wojNazwa>opolskie</sln:wojNazwa></sln:miejscowosc><sln:miejscowosc><sln:cyklZyciaOd>2017-05-24T00:00:00+02:00</sln:cyklZyciaOd><sln:gmIIPId>8c3eb9b2-afde-4749-9f33-bf320486de3e</sln:gmIIPId><sln:gmIIPPn>PL.PZGIK.200</sln:gmIIPPn><sln:gmIIPWersja>2012-09-26T21:59:34+02:00</sln:gmIIPWersja><sln:gmIdTeryt>1609073</sln:gmIdTeryt><sln:gmNazwa>Niemodlin</sln:gmNazwa><sln:miejscIIPId>87e97314-6eb5-4c1f-bbac-48bda819eead</sln:miejscIIPId><sln:miejscIIPPn>PL.PZGIK.200</sln:miejscIIPPn><sln:miejscIIPWersja>2017-05-24T13:28:47+02:00</sln:miejscIIPWersja><sln:miejscIdTeryt>0500234</sln:miejscIdTeryt><sln:miejscNazwa>Tłustoręby</sln:miejscNazwa><sln:miejscRodzaj>Wieś</sln:miejscRodzaj><sln:powIIPId>1da0ca63-52c4-4e1d-869f-b591c1e264b6</sln:powIIPId><sln:powIIPPn>PL.PZGIK.200</sln:powIIPPn><sln:powIIPWersja>2012-09-27T08:58:33+02:00</sln:powIIPWersja><sln:powIdTeryt>1609</sln:powIdTeryt><sln:powNazwa>opolski</sln:powNazwa><sln:waznyOd>2017-02-07T00:00:00+01:00</sln:waznyOd><sln:wojIIPId>9bd0c42a-ca40-4b7d-9b5b-81aae3398015</sln:wojIIPId><sln:wojIIPPn>PL.PZGIK.200</sln:wojIIPPn><sln:wojIIPWersja>2017-10-10T00:00:00+02:00</sln:wojIIPWersja><sln:wojIdTeryt>16</sln:wojIdTeryt><sln:wojNazwa>opolskie</sln:wojNazwa></sln:miejscowosc><sln:miejscowosc><sln:cyklZyciaOd>2017-05-24T00:00:00+02:00</sln:cyklZyciaOd><sln:gmIIPId>8c3eb9b2-afde-4749-9f33-bf320486de3e</sln:gmIIPId><sln:gmIIPPn>PL.PZGIK.200</sln:gmIIPPn><sln:gmIIPWersja>2012-09-26T21:59:34+02:00</sln:gmIIPWersja><sln:gmIdTeryt>1609073</sln:gmIdTeryt><sln:gmNazwa>Niemodlin</sln:gmNazwa><sln:miejscIIPId>817479ca-9638-4ee0-8c51-ee926940703f</sln:miejscIIPId><sln:miejscIIPPn>PL.PZGIK.200</sln:miejscIIPPn><sln:miejscIIPWersja>2017-05-24T13:28:47+02:00</sln:miejscIIPWersja><sln:miejscIdTeryt>0500240</sln:miejscIdTeryt><sln:miejscNazwa>Wydrowice</sln:miejscNazwa><sln:miejscRodzaj>Wieś</sln:miejscRodzaj><sln:powIIPId>1da0ca63-52c4-4e1d-869f-b591c1e264b6</sln:powIIPId><sln:powIIPPn>PL.PZGIK.200</sln:powIIPPn><sln:powIIPWersja>2012-09-27T08:58:33+02:00</sln:powIIPWersja><sln:powIdTeryt>1609</sln:powIdTeryt><sln:powNazwa>opolski</sln:powNazwa><sln:waznyOd>2017-02-07T00:00:00+01:00</sln:waznyOd><sln:wojIIPId>9bd0c42a-ca40-4b7d-9b5b-81aae3398015</sln:wojIIPId><sln:wojIIPPn>PL.PZGIK.200</sln:wojIIPPn><sln:wojIIPWersja>2017-10-10T00:00:00+02:00</sln:wojIIPWersja><sln:wojIdTeryt>16</sln:wojIdTeryt><sln:wojNazwa>opolskie</sln:wojNazwa></sln:miejscowosc><sln:miejscowosc><sln:cyklZyciaOd>2017-05-24T00:00:00+02:00</sln:cyklZyciaOd><sln:gmIIPId>8c3eb9b2-afde-4749-9f33-bf320486de3e</sln:gmIIPId><sln:gmIIPPn>PL.PZGIK.200</sln:gmIIPPn><sln:gmIIPWersja>2012-09-26T21:59:34+02:00</sln:gmIIPWersja><sln:gmIdTeryt>1609073</sln:gmIdTeryt><sln:gmNazwa>Niemodlin</sln:gmNazwa><sln:miejscIIPId>06865849-53ba-4257-ae57-f6337df3db5b</sln:miejscIIPId><sln:miejscIIPPn>PL.PZGIK.200</sln:miejscIIPPn><sln:miejscIIPWersja>2017-05-24T13:28:47+02:00</sln:miejscIIPWersja><sln:miejscIdTeryt>0965750</sln:miejscIdTeryt><sln:miejscNazwa>Niemodlin</sln:miejscNazwa><sln:miejscRodzaj>Miasto</sln:miejscRodzaj><sln:powIIPId>1da0ca63-52c4-4e1d-869f-b591c1e264b6</sln:powIIPId><sln:powIIPPn>PL.PZGIK.200</sln:powIIPPn><sln:powIIPWersja>2012-09-27T08:58:33+02:00</sln:powIIPWersja><sln:powIdTeryt>1609</sln:powIdTeryt><sln:powNazwa>opolski</sln:powNazwa><sln:waznyOd>2017-02-07T00:00:00+01:00</sln:waznyOd><sln:wojIIPId>9bd0c42a-ca40-4b7d-9b5b-81aae3398015</sln:wojIIPId><sln:wojIIPPn>PL.PZGIK.200</sln:wojIIPPn><sln:wojIIPWersja>2017-10-10T00:00:00+02:00</sln:wojIIPWersja><sln:wojIdTeryt>16</sln:wojIdTeryt><sln:wojNazwa>opolskie</sln:wojNazwa></sln:miejscowosc></sln:lista-miejscowosci>