<?xml version="1.0" encoding="UTF-8" standalone="yes"?><sln:lista-miejscowosci xmlns:srv="http://gugik.gov.pl/schemas/slowniki-service/1.0" xmlns:sln="http://gugik.gov.pl/schemas/slowniki-schema/1.0"><sln:miejscowosc><sln:cyklZyciaDo>2017-04-12T00:00:00+02:00</sln:cyklZyciaDo><sln:cyklZyciaOd>2015-10-05T00:00:00+02:00</sln:cyklZyciaOd><sln:gmIIPId>0694614f-c170-44f6-b827-c23927d8820d</sln:gmIIPId><sln:gmIIPPn>PL.PZGIK.200</sln:gmIIPPn><sln:gmIIPWersja>2012-09-26T21:59:59+02:00</sln:gmIIPWersja><sln:gmIdTeryt>1611012</sln:gmIdTeryt><sln:gmNazwa>Izbicko</sln:gmNazwa><sln:miejscIIPId>fe21a4b3-c69e-46f2-9cea-3cc0d8159dc9</sln:miejscIIPId><sln:miejscIIPPn>PL.PZGIK.200</sln:miejscIIPPn><sln:miejscIIPWersja>2016-11-24T10:44:31+02:00</sln:miejscIIPWersja><sln:miejscIdTeryt>0495467</sln:miejscIdTeryt><sln:miejscNazwa>Borycz</sln:miejscNazwa><sln:miejscRodzaj>Wieś</sln:miejscRodzaj><sln:powIIPId>2cb9f766-42de-4147-8a13-eb46789dca16</sln:powIIPId><sln:powIIPPn>PL.PZGIK.200</sln:powIIPPn><sln:powIIPWersja>2012-09-27T08:58:33+02:00</sln:powIIPWersja><sln:powIdTeryt>1611</sln:powIdTeryt><sln:powNazwa>strzelecki</sln:powNazwa><sln:waznyOd>2014-10-10T00:00:00+02:00</sln:waznyOd><sln:wojIIPId>9bd0c42a-ca40-4b7d-9b5b-81aae3398015</sln:wojIIPId><sln:wojIIPPn>PL.PZGIK.200</sln:wojIIPPn><sln:wojIIPWersja>2017-10-10T00:00:00+02:00</sln:wojIIPWersja><sln:wojIdTeryt>16</sln:wojIdTeryt><sln:wojNazwa>opolskie</sln:wojNazwa></sln:miejscowosc><sln:miejscowosc><sln:cyklZyciaDo>2017-04-12T00:00:00+02:00</sln:cyklZyciaDo><sln:cyklZyciaOd>2015-10-05T00:00:00+02:00</sln:cyklZyciaOd><sln:gmIIPId>0694614f-c170-44f6-b827-c23927d8820d</sln:gmIIPId><sln:gmIIPPn>PL.PZGIK.200</sln:gmIIPPn><sln:gmIIPWersja>2012-09-26T21:59:59+02:00</sln:gmIIPWersja><sln:gmIdTeryt>1611012</sln:gmIdTeryt><sln:gmNazwa>Izbicko</sln:gmNazwa><sln:miejscIIPId>000fbad4-42f1-4f43-88a3-be8c66f82239</sln:miejscIIPId><sln:miejscIIPPn>PL.PZGIK.200</sln:miejscIIPPn><sln:miejscIIPWersja>2016-11-24T10:44:31+02:00</sln:miejscIIPWersja><sln:miejscIdTeryt>0495473</sln:miejscIdTeryt><sln:miejscNazwa>Grabów</sln:miejscNazwa><sln:miejscRodzaj>Wieś</sln:miejscRodzaj><sln:powIIPId>2cb9f766-42de-4147-8a13-eb46789dca16</sln:powIIPId><sln:powIIPPn>PL.PZGIK.200</sln:powIIPPn><sln:powIIPWersja>2012-09-27T08:58:33+02:00</sln:powIIPWersja><sln:powIdTeryt>1611</sln:powIdTeryt><sln:powNazwa>strzelecki</sln:powNazwa><sln:waznyOd>2014-10-10T00:00:00+02:00</sln:waznyOd><sln:wojIIPId>9bd0c42a-ca40-4b7d-9b5b-81aae3398015</sln:wojIIPId><sln:wojIIPPn>PL.PZGIK.200</sln:wojIIPPn><sln:wojIIPWersja>2017-10-10T00:00:00+02:00</sln:wojIIPWersja><sln:wojIdTeryt>16</sln:wojIdTeryt><sln:wojNazwa>opolskie</sln:wojNazwa></sln:miejscowosc><sln:miejscowosc><sln:cyklZyciaDo>2017-04-12T00:00:00+02:00</sln:cyklZyciaDo><sln:cyklZyciaOd>2015-10-05T00:00:00+02:00</sln:cyklZyciaOd><sln:gmIIPId>0694614f-c170-44f6-b827-c23927d8820d</sln:gmIIPId><sln:gmIIPPn>PL.PZGIK.200</sln:gmIIPPn><sln:gmIIPWersja>2012-09-26T21:59:59+02:00</sln:gmIIPWersja><sln:gmIdTeryt>1611012</sln:gmIdTeryt><sln:gmNazwa>Izbicko</sln:gmNazwa><sln:miejscIIPId>d3d1b83e-eeea-4008-ace1-4ab0c02bce3e</sln:miejscIIPId><sln:miejscIIPPn>PL.PZGIK.200</sln:miejscIIPPn><sln:miejscIIPWersja>2016-11-24T10:44:31+02:00</sln:miejscIIPWersja><sln:miejscIdTeryt>0495480</sln:miejscIdTeryt><sln:miejscNazwa>Izbicko</sln:miejscNazwa><sln:miejscRodzaj>Wieś</sln:miejscRodzaj><sln:powIIPId>2cb9f766-42de-4147-8a13-eb46789dca16</sln:powIIPId><sln:powIIPPn>PL.PZGIK.200</sln:powIIPPn><sln:powIIPWersja>2012-09-27T08:58:33+02:00</sln:powIIPWersja><sln:powIdTeryt>1611</sln:powIdTeryt><sln:powNazwa>strzelecki</sln:powNazwa><sln:waznyOd>2014-10-10T00:00:00+02:00</sln:waznyOd><sln:wojIIPId>9bd0c42a-ca40-4b7d-9b5b-81aae3398015</sln:wojIIPId><sln:wojIIPPn>PL.PZGIK.200</sln:wojIIPPn><sln:wojIIPWersja>2017-10-10T00:00:00+02:00</sln:wojIIPWersja><sln:wojIdTeryt>16</sln:wojIdTeryt><sln:wojNazwa>opolskie</sln:wojNazwa></sln:miejscowosc><sln:miejscowosc><sln:cyklZyciaDo>2017-04-12T00:00:00+02:00</sln:cyklZyciaDo><sln:cyklZyciaOd>2015-10-05T00:00:00+02:00</sln:cyklZyciaOd><sln:gmIIPId>0694614f-c170-44f6-b827-c23927d8820d</sln:gmIIPId><sln:gmIIPPn>PL.PZGIK.200</sln:gmIIPPn><sln:gmIIPWersja>2012-09-26T21:59:59+02:00</sln:gmIIPWersja><sln:gmIdTeryt>1611012</sln:gmIdTeryt><sln:gmNazwa>Izbicko</sln:gmNazwa><sln:miejscIIPId>b1fa0a60-b1e5-4b83-b5fd-ee1ca8fbe046</sln:miejscIIPId><sln:miejscIIPPn>PL.PZGIK.200</sln:miejscIIPPn><sln:miejscIIPWersja>2016-11-24T10:44:31+02:00</sln:miejscIIPWersja><sln:miejscIdTeryt>0495504</sln:miejscIdTeryt><sln:miejscNazwa>Krośnica</sln:miejscNazwa><sln:miejscRodzaj>Wieś</sln:miejscRodzaj><sln:powIIPId>2cb9f766-42de-4147-8a13-eb46789dca16</sln:powIIPId><sln:powIIPPn>PL.PZGIK.200</sln:powIIPPn><sln:powIIPWersja>2012-09-27T08:58:33+02:00</sln:powIIPWersja><sln:powIdTeryt>1611</sln:powIdTeryt><sln:powNazwa>strzelecki</sln:powNazwa><sln:waznyOd>2014-10-10T00:00:00+02:00</sln:waznyOd><sln:wojIIPId>9bd0c42a-ca40-4b7d-9b5b-81aae3398015</sln:wojIIPId><sln:wojIIPPn>PL.PZGIK.200</sln:wojIIPPn><sln:wojIIPWersja>2017-10-10T00:00:00+02:00</sln:wojIIPWersja><sln:wojIdTeryt>16</sln:wojIdTeryt><sln:wojNazwa>opolskie</sln:wojNazwa></sln:miejscowosc><sln:miejscowosc><sln:cyklZyciaDo>2017-04-12T00:00:00+02:00</sln:cyklZyciaDo><sln:cyklZyciaOd>2015-10-05T00:00:00+02:00</sln:cyklZyciaOd><sln:gmIIPId>0694614f-c170-44f6-b827-c23927d8820d</sln:gmIIPId><sln:gmIIPPn>PL.PZGIK.200</sln:gmIIPPn><sln:gmIIPWersja>2012-09-26T21:59:59+02:00</sln:gmIIPWersja><sln:gmIdTeryt>1611012</sln:gmIdTeryt><sln:gmNazwa>Izbicko</sln:gmNazwa><sln:miejscIIPId>c4cdf8ad-19d3-474c-8497-78c0af273bb0</sln:miejscIIPId><sln:miejscIIPPn>PL.PZGIK.200</sln:miejscIIPPn><sln:miejscIIPWersja>2016-11-24T10:44:31+02:00</sln:miejscIIPWersja><sln:miejscIdTeryt>0495510</sln:miejscIdTeryt><sln:miejscNazwa>Ligota Czamborowa</sln:miejscNazwa><sln:miejscRodzaj>Wieś</sln:miejscRodzaj><sln:powIIPId>2cb9f766-42de-4147-8a13-eb46789dca16</sln:powIIPId><sln:powIIPPn>PL.PZGIK.200</sln:powIIPPn><sln:powIIPWersja>2012-09-27T08:58:33+02:00</sln:powIIPWersja><sln:powIdTeryt>1611</sln:powIdTeryt><sln:powNazwa>strzelecki</sln:powNazwa><sln:waznyOd>2014-10-10T00:00:00+02:00</sln:waznyOd><sln:wojIIPId>9bd0c42a-ca40-4b7d-9b5b-81aae3398015</sln:wojIIPId><sln:wojIIPPn>PL.PZGIK.200</sln:wojIIPPn><sln:wojIIPWersja>2017-10-10T00:00:00+02:00</sln:wojIIPWersja><sln:wojIdTeryt>16</sln:wojIdTeryt><sln:wojNazwa>opolskie</sln:wojNazwa></sln:miejscowosc><sln:miejscowosc><sln:cyklZyciaDo>2017-04-12T00:00:00+02:00</sln:cyklZyciaDo><sln:cyklZyciaOd>2015-10-05T00:00:00+02:00</sln:cyklZyciaOd><sln:gmIIPId>0694614f-c170-44f6-b827-c23927d8820d</sln:gmIIPId><sln:gmIIPPn>PL.PZGIK.200</sln:gmIIPPn><sln:gmIIPWersja>2012-09-26T21:59:59+02:00</sln:gmIIPWersja><sln:gmIdTeryt>1611012</sln:gmIdTeryt><sln:gmNazwa>Izbicko</sln:gmNazwa><sln:miejscIIPId>49f61903-5d8f-425a-803b-9ec98e954881</sln:miejscIIPId><sln:miejscIIPPn>PL.PZGIK.200</sln:miejscIIPPn><sln:miejscIIPWersja>2016-11-24T10:44:31+02:00</sln:miejscIIPWersja><sln:miejscIdTeryt>0495527</sln:miejscIdTeryt><sln:miejscNazwa>Otmice</sln:miejscNazwa><sln:miejscRodzaj>Wieś</sln:miejscRodzaj><sln:powIIPId>2cb9f766-42de-4147-8a13-eb46789dca16</sln:powIIPId><sln:powIIPPn>PL.PZGIK.200</sln:powIIPPn><sln:powIIPWersja>2012-09-27T08:58:33+02:00</sln:powIIPWersja><sln:powIdTeryt>1611</sln:powIdTeryt><sln:powNazwa>strzelecki</sln:powNazwa><sln:waznyOd>2014-10-10T00:00:00+02:00</sln:waznyOd><sln:wojIIPId>9bd0c42a-ca40-4b7d-9b5b-81aae3398015</sln:wojIIPId><sln:wojIIPPn>PL.PZGIK.200</sln:wojIIPPn><sln:wojIIPWersja>2017-10-10T00:00:00+02:00</sln:wojIIPWersja><sln:wojIdTeryt>16</sln:wojIdTeryt><sln:wojNazwa>opolskie</sln:wojNazwa></sln:miejscowosc><sln:miejscowosc><sln:cyklZyciaDo>2017-04-12T00:00:00+02:00</sln:cyklZyciaDo><sln:cyklZyciaOd>2015-10-05T00:00:00+02:00</sln:cyklZyciaOd><sln:gmIIPId>0694614f-c170-44f6-b827-c23927d8820d</sln:gmIIPId><sln:gmIIPPn>PL.PZGIK.200</sln:gmIIPPn><sln:gmIIPWersja>2012-09-26T21:59:59+02:00</sln:gmIIPWersja><sln:gmIdTeryt>1611012</sln:gmIdTeryt><sln:gmNazwa>Izbicko</sln:gmNazwa><sln:miejscIIPId>1d4a932e-129c-4433-b272-f6ade2554da6</sln:miejscIIPId><sln:miejscIIPPn>PL.PZGIK.200</sln:miejscIIPPn><sln:miejscIIPWersja>2016-11-24T10:44:31+02:00</sln:miejscIIPWersja><sln:miejscIdTeryt>0495556</sln:miejscIdTeryt><sln:miejscNazwa>Poznowice</sln:miejscNazwa><sln:miejscRodzaj>Wieś</sln:miejscRodzaj><sln:powIIPId>2cb9f766-42de-4147-8a13-eb46789dca16</sln:powIIPId><sln:powIIPPn>PL.PZGIK.200</sln:powIIPPn><sln:powIIPWersja>2012-09-27T08:58:33+02:00</sln:powIIPWersja><sln:powIdTeryt>1611</sln:powIdTeryt><sln:powNazwa>strzelecki</sln:powNazwa><sln:waznyOd>2014-10-10T00:00:00+02:00</sln:waznyOd><sln:wojIIPId>9bd0c42a-ca40-4b7d-9b5b-81aae3398015</sln:wojIIPId><sln:wojIIPPn>PL.PZGIK.200</sln:wojIIPPn><sln:wojIIPWersja>2017-10-10T00:00:00+02:00</sln:wojIIPWersja><sln:wojIdTeryt>16</sln:wojIdTeryt><sln:wojNazwa>opolskie</sln:wojNazwa></sln:miejscowosc><sln:miejscowosc><sln:cyklZyciaDo>2017-04-12T00:00:00+02:00</sln:cyklZyciaDo><sln:cyklZyciaOd>2015-10-05T00:00:00+02:00</sln:cyklZyciaOd><sln:gmIIPId>0694614f-c170-44f6-b827-c23927d8820d</sln:gmIIPId><sln:gmIIPPn>PL.PZGIK.200</sln:gmIIPPn><sln:gmIIPWersja>2012-09-26T21:59:59+02:00</sln:gmIIPWersja><sln:gmIdTeryt>1611012</sln:gmIdTeryt><sln:gmNazwa>Izbicko</sln:gmNazwa><sln:miejscIIPId>7147da1f-062b-4307-82e8-7c9efb4c8bcd</sln:miejscIIPId><sln:miejscIIPPn>PL.PZGIK.200</sln:miejscIIPPn><sln:miejscIIPWersja>2016-11-24T10:44:31+02:00</sln:miejscIIPWersja><sln:miejscIdTeryt>0495579</sln:miejscIdTeryt><sln:miejscNazwa>Siedlec</sln:miejscNazwa><sln:miejscRodzaj>Wieś</sln:miejscRodzaj><sln:powIIPId>2cb9f766-42de-4147-8a13-eb46789dca16</sln:powIIPId><sln:powIIPPn>PL.PZGIK.200</sln:powIIPPn><sln:powIIPWersja>2012-09-27T08:58:33+02:00</sln:powIIPWersja><sln:powIdTeryt>1611</sln:powIdTeryt><sln:powNazwa>strzelecki</sln:powNazwa><sln:waznyOd>2014-10-10T00:00:00+02:00</sln:waznyOd><sln:wojIIPId>9bd0c42a-ca40-4b7d-9b5b-81aae3398015</sln:wojIIPId><sln:wojIIPPn>PL.PZGIK.200</sln:wojIIPPn><sln:wojIIPWersja>2017-10-10T00:00:00+02:00</sln:wojIIPWersja><sln:wojIdTeryt>16</sln:wojIdTeryt><sln:wojNazwa>opolskie</sln:wojNazwa></sln:miejscowosc><sln:miejscowosc><sln:cyklZyciaDo>2017-04-12T00:00:00+02:00</sln:cyklZyciaDo><sln:cyklZyciaOd>2015-10-05T00:00:00+02:00</sln:cyklZyciaOd><sln:gmIIPId>0694614f-c170-44f6-b827-c23927d8820d</sln:gmIIPId><sln:gmIIPPn>PL.PZGIK.200</sln:gmIIPPn><sln:gmIIPWersja>2012-09-26T21:59:59+02:00</sln:gmIIPWersja><sln:gmIdTeryt>1611012</sln:gmIdTeryt><sln:gmNazwa>Izbicko</sln:gmNazwa><sln:miejscIIPId>5fe4d6bc-88ea-4791-8bbe-e685d423833e</sln:miejscIIPId><sln:miejscIIPPn>PL.PZGIK.200</sln:miejscIIPPn><sln:miejscIIPWersja>2016-11-24T10:44:31+02:00</sln:miejscIIPWersja><sln:miejscIdTeryt>0495585</sln:miejscIdTeryt><sln:miejscNazwa>Sprzęcice</sln:miejscNazwa><sln:miejscRodzaj>Wieś</sln:miejscRodzaj><sln:powIIPId>2cb9f766-42de-4147-8a13-eb46789dca16</sln:powIIPId><sln:powIIPPn>PL.PZGIK.200</sln:powIIPPn><sln:powIIPWersja>2012-09-27T08:58:33+02:00</sln:powIIPWersja><sln:powIdTeryt>1611</sln:powIdTeryt><sln:powNazwa>strzelecki</sln:powNazwa><sln:waznyOd>2014-10-10T00:00:00+02:00</sln:waznyOd><sln:wojIIPId>9bd0c42a-ca40-4b7d-9b5b-81aae3398015</sln:wojIIPId><sln:wojIIPPn>PL.PZGIK.200</sln:wojIIPPn><sln:wojIIPWersja>2017-10-10T00:00:00+02:00</sln:wojIIPWersja><sln:wojIdTeryt>16</sln:wojIdTeryt><sln:wojNazwa>opolskie</sln:wojNazwa></sln:miejscowosc><sln:miejscowosc><sln:cyklZyciaDo>2017-04-12T00:00:00+02:00</sln:cyklZyciaDo><sln:cyklZyciaOd>2015-10-05T00:00:00+02:00</sln:cyklZyciaOd><sln:gmIIPId>0694614f-c170-44f6-b827-c23927d8820d</sln:gmIIPId><sln:gmIIPPn>PL.PZGIK.200</sln:gmIIPPn><sln:gmIIPWersja>2012-09-26T21:59:59+02:00</sln:gmIIPWersja><sln:gmIdTeryt>1611012</sln:gmIdTeryt><sln:gmNazwa>Izbicko</sln:gmNazwa><sln:miejscIIPId>85ee7392-af83-4bf1-ae74-e87f119d9933</sln:miejscIIPId><sln:miejscIIPPn>PL.PZGIK.200</sln:miejscIIPPn><sln:miejscIIPWersja>2016-11-24T10:44:31+02:00</sln:miejscIIPWersja><sln:miejscIdTeryt>0495591</sln:miejscIdTeryt><sln:miejscNazwa>Suchodaniec</sln:miejscNazwa><sln:miejscRodzaj>Wieś</sln:miejscRodzaj><sln:powIIPId>2cb9f766-42de-4147-8a13-eb46789dca16</sln:powIIPId><sln:powIIPPn>PL.PZGIK.200</sln:powIIPPn><sln:powIIPWersja>2012-09-27T08:58:33+02:00</sln:powIIPWersja><sln:powIdTeryt>1611</sln:powIdTeryt><sln:powNazwa>strzelecki</sln:powNazwa><sln:waznyOd>2014-10-10T00:00:00+02:00</sln:waznyOd><sln:wojIIPId>9bd0c42a-ca40-4b7d-9b5b-81aae3398015</sln:wojIIPId><sln:wojIIPPn>PL.PZGIK.200</sln:wojIIPPn><sln:wojIIPWersja>2017-10-10T00:00:00+02:00</sln:wojIIPWersja><sln:wojIdTeryt>16</sln:wojIdTeryt><sln:wojNazwa>opolskie</sln:wojNazwa></sln:miejscowosc><sln:miejscowosc><sln:cyklZyciaOd>2017-04-12T00:00:00+02:00</sln:cyklZyciaOd><sln:gmIIPId>0694614f-c170-44f6-b827-c23927d8820d</sln:gmIIPId><sln:gmIIPPn>PL.PZGIK.200</sln:gmIIPPn><sln:gmIIPWersja>2012-09-26T21:59:59+02:00</sln:gmIIPWersja><sln:gmIdTeryt>1611012</sln:gmIdTeryt><sln:gmNazwa>Izbicko</sln:gmNazwa><sln:miejscIIPId>fe21a4b3-c69e-46f2-9cea-3cc0d8159dc9</sln:miejscIIPId><sln:miejscIIPPn>PL.PZGIK.200</sln:miejscIIPPn><sln:miejscIIPWersja>2017-04-12T12:08:02+02:00</sln:miejscIIPWersja><sln:miejscIdTeryt>0495467</sln:miejscIdTeryt><sln:miejscNazwa>Borycz</sln:miejscNazwa><sln:miejscRodzaj>Wieś</sln:miejscRodzaj><sln:powIIPId>2cb9f766-42de-4147-8a13-eb46789dca16</sln:powIIPId><sln:powIIPPn>PL.PZGIK.200</sln:powIIPPn><sln:powIIPWersja>2012-09-27T08:58:33+02:00</sln:powIIPWersja><sln:powIdTeryt>1611</sln:powIdTeryt><sln:powNazwa>strzelecki</sln:powNazwa><sln:waznyOd>2014-10-10T00:00:00+02:00</sln:waznyOd><sln:wojIIPId>9bd0c42a-ca40-4b7d-9b5b-81aae3398015</sln:wojIIPId><sln:wojIIPPn>PL.PZGIK.200</sln:wojIIPPn><sln:wojIIPWersja>2017-10-10T00:00:00+02:00</sln:wojIIPWersja><sln:wojIdTeryt>16</sln:wojIdTeryt><sln:wojNazwa>opolskie</sln:wojNazwa></sln:miejscowosc><sln:miejscowosc><sln:cyklZyciaOd>2017-04-12T00:00:00+02:00</sln:cyklZyciaOd><sln:gmIIPId>0694614f-c170-44f6-b827-c23927d8820d</sln:gmIIPId><sln:gmIIPPn>PL.PZGIK.200</sln:gmIIPPn><sln:gmIIPWersja>2012-09-26T21:59:59+02:00</sln:gmIIPWersja><sln:gmIdTeryt>1611012</sln:gmIdTeryt><sln:gmNazwa>Izbicko</sln:gmNazwa><sln:miejscIIPId>000fbad4-42f1-4f43-88a3-be8c66f82239</sln:miejscIIPId><sln:miejscIIPPn>PL.PZGIK.200</sln:miejscIIPPn><sln:miejscIIPWersja>2017-04-12T12:08:09+02:00</sln:miejscIIPWersja><sln:miejscIdTeryt>0495473</sln:miejscIdTeryt><sln:miejscNazwa>Grabów</sln:miejscNazwa><sln:miejscRodzaj>Wieś</sln:miejscRodzaj><sln:powIIPId>2cb9f766-42de-4147-8a13-eb46789dca16</sln:powIIPId><sln:powIIPPn>PL.PZGIK.200</sln:powIIPPn><sln:powIIPWersja>2012-09-27T08:58:33+02:00</sln:powIIPWersja><sln:powIdTeryt>1611</sln:powIdTeryt><sln:powNazwa>strzelecki</sln:powNazwa><sln:waznyOd>2014-10-10T00:00:00+02:00</sln:waznyOd><sln:wojIIPId>9bd0c42a-ca40-4b7d-9b5b-81aae3398015</sln:wojIIPId><sln:wojIIPPn>PL.PZGIK.200</sln:wojIIPPn><sln:wojIIPWersja>2017-10-10T00:00:00+02:00</sln:wojIIPWersja><sln:wojIdTeryt>16</sln:wojIdTeryt><sln:wojNazwa>opolskie</sln:wojNazwa></sln:miejscowosc><sln:miejscowosc><sln:cyklZyciaOd>2017-04-12T00:00:00+02:00</sln:cyklZyciaOd><sln:gmIIPId>0694614f-c170-44f6-b827-c23927d8820d</sln:gmIIPId><sln:gmIIPPn>PL.PZGIK.200</sln:gmIIPPn><sln:gmIIPWersja>2012-09-26T21:59:59+02:00</sln:gmIIPWersja><sln:gmIdTeryt>1611012</sln:gmIdTeryt><sln:gmNazwa>Izbicko</sln:gmNazwa><sln:miejscIIPId>d3d1b83e-eeea-4008-ace1-4ab0c02bce3e</sln:miejscIIPId><sln:miejscIIPPn>PL.PZGIK.200</sln:miejscIIPPn><sln:miejscIIPWersja>2017-04-12T12:08:09+02:00</sln:miejscIIPWersja><sln:miejscIdTeryt>0495480</sln:miejscIdTeryt><sln:miejscNazwa>Izbicko</sln:miejscNazwa><sln:miejscRodzaj>Wieś</sln:miejscRodzaj><sln:powIIPId>2cb9f766-42de-4147-8a13-eb46789dca16</sln:powIIPId><sln:powIIPPn>PL.PZGIK.200</sln:powIIPPn><sln:powIIPWersja>2012-09-27T08:58:33+02:00</sln:powIIPWersja><sln:powIdTeryt>1611</sln:powIdTeryt><sln:powNazwa>strzelecki</sln:powNazwa><sln:waznyOd>2014-10-10T00:00:00+02:00</sln:waznyOd><sln:wojIIPId>9bd0c42a-ca40-4b7d-9b5b-81aae3398015</sln:wojIIPId><sln:wojIIPPn>PL.PZGIK.200</sln:wojIIPPn><sln:wojIIPWersja>2017-10-10T00:00:00+02:00</sln:wojIIPWersja><sln:wojIdTeryt>16</sln:wojIdTeryt><sln:wojNazwa>opolskie</sln:wojNazwa></sln:miejscowosc><sln:miejscowosc><sln:cyklZyciaOd>2017-04-12T00:00:00+02:00</sln:cyklZyciaOd><sln:gmIIPId>0694614f-c170-44f6-b827-c23927d8820d</sln:gmIIPId><sln:gmIIPPn>PL.PZGIK.200</sln:gmIIPPn><sln:gmIIPWersja>2012-09-26T21:59:59+02:00</sln:gmIIPWersja><sln:gmIdTeryt>1611012</sln:gmIdTeryt><sln:gmNazwa>Izbicko</sln:gmNazwa><sln:miejscIIPId>b1fa0a60-b1e5-4b83-b5fd-ee1ca8fbe046</sln:miejscIIPId><sln:miejscIIPPn>PL.PZGIK.200</sln:miejscIIPPn><sln:miejscIIPWersja>2017-04-12T12:08:09+02:00</sln:miejscIIPWersja><sln:miejscIdTeryt>0495504</sln:miejscIdTeryt><sln:miejscNazwa>Krośnica</sln:miejscNazwa><sln:miejscRodzaj>Wieś</sln:miejscRodzaj><sln:powIIPId>2cb9f766-42de-4147-8a13-eb46789dca16</sln:powIIPId><sln:powIIPPn>PL.PZGIK.200</sln:powIIPPn><sln:powIIPWersja>2012-09-27T08:58:33+02:00</sln:powIIPWersja><sln:powIdTeryt>1611</sln:powIdTeryt><sln:powNazwa>strzelecki</sln:powNazwa><sln:waznyOd>2014-10-10T00:00:00+02:00</sln:waznyOd><sln:wojIIPId>9bd0c42a-ca40-4b7d-9b5b-81aae3398015</sln:wojIIPId><sln:wojIIPPn>PL.PZGIK.200</sln:wojIIPPn><sln:wojIIPWersja>2017-10-10T00:00:00+02:00</sln:wojIIPWersja><sln:wojIdTeryt>16</sln:wojIdTeryt><sln:wojNazwa>opolskie</sln:wojNazwa></sln:miejscowosc><sln:miejscowosc><sln:cyklZyciaOd>2017-04-12T00:00:00+02:00</sln:cyklZyciaOd><sln:gmIIPId>0694614f-c170-44f6-b827-c23927d8820d</sln:gmIIPId><sln:gmIIPPn>PL.PZGIK.200</sln:gmIIPPn><sln:gmIIPWersja>2012-09-26T21:59:59+02:00</sln:gmIIPWersja><sln:gmIdTeryt>1611012</sln:gmIdTeryt><sln:gmNazwa>Izbicko</sln:gmNazwa><sln:miejscIIPId>c4cdf8ad-19d3-474c-8497-78c0af273bb0</sln:miejscIIPId><sln:miejscIIPPn>PL.PZGIK.200</sln:miejscIIPPn><sln:miejscIIPWersja>2017-04-12T12:08:09+02:00</sln:miejscIIPWersja><sln:miejscIdTeryt>0495510</sln:miejscIdTeryt><sln:miejscNazwa>Ligota Czamborowa</sln:miejscNazwa><sln:miejscRodzaj>Wieś</sln:miejscRodzaj><sln:powIIPId>2cb9f766-42de-4147-8a13-eb46789dca16</sln:powIIPId><sln:powIIPPn>PL.PZGIK.200</sln:powIIPPn><sln:powIIPWersja>2012-09-27T08:58:33+02:00</sln:powIIPWersja><sln:powIdTeryt>1611</sln:powIdTeryt><sln:powNazwa>strzelecki</sln:powNazwa><sln:waznyOd>2014-10-10T00:00:00+02:00</sln:waznyOd><sln:wojIIPId>9bd0c42a-ca40-4b7d-9b5b-81aae3398015</sln:wojIIPId><sln:wojIIPPn>PL.PZGIK.200</sln:wojIIPPn><sln:wojIIPWersja>2017-10-10T00:00:00+02:00</sln:wojIIPWersja><sln:wojIdTeryt>16</sln:wojIdTeryt><sln:wojNazwa>opolskie</sln:wojNazwa></sln:miejscowosc><sln:miejscowosc><sln:cyklZyciaOd>2017-04-12T00:00:00+02:00</sln:cyklZyciaOd><sln:gmIIPId>0694614f-c170-44f6-b827-c23927d8820d</sln:gmIIPId><sln:gmIIPPn>PL.PZGIK.200</sln:gmIIPPn><sln:gmIIPWersja>2012-09-26T21:59:59+02:00</sln:gmIIPWersja><sln:gmIdTeryt>1611012</sln:gmIdTeryt><sln:gmNazwa>Izbicko</sln:gmNazwa><sln:miejscIIPId>49f61903-5d8f-425a-803b-9ec98e954881</sln:miejscIIPId><sln:miejscIIPPn>PL.PZGIK.200</sln:miejscIIPPn><sln:miejscIIPWersja>2017-04-12T12:08:09+02:00</sln:miejscIIPWersja><sln:miejscIdTeryt>0495527</sln:miejscIdTeryt><sln:miejscNazwa>Otmice</sln:miejscNazwa><sln:miejscRodzaj>Wieś</sln:miejscRodzaj><sln:powIIPId>2cb9f766-42de-4147-8a13-eb46789dca16</sln:powIIPId><sln:powIIPPn>PL.PZGIK.200</sln:powIIPPn><sln:powIIPWersja>2012-09-27T08:58:33+02:00</sln:powIIPWersja><sln:powIdTeryt>1611</sln:powIdTeryt><sln:powNazwa>strzelecki</sln:powNazwa><sln:waznyOd>2014-10-10T00:00:00+02:00</sln:waznyOd><sln:wojIIPId>9bd0c42a-ca40-4b7d-9b5b-81aae3398015</sln:wojIIPId><sln:wojIIPPn>PL.PZGIK.200</sln:wojIIPPn><sln:wojIIPWersja>2017-10-10T00:00:00+02:00</sln:wojIIPWersja><sln:wojIdTeryt>16</sln:wojIdTeryt><sln:wojNazwa>opolskie</sln:wojNazwa></sln:miejscowosc><sln:miejscowosc><sln:cyklZyciaOd>2017-04-12T00:00:00+02:00</sln:cyklZyciaOd><sln:gmIIPId>0694614f-c170-44f6-b827-c23927d8820d</sln:gmIIPId><sln:gmIIPPn>PL.PZGIK.200</sln:gmIIPPn><sln:gmIIPWersja>2012-09-26T21:59:59+02:00</sln:gmIIPWersja><sln:gmIdTeryt>1611012</sln:gmIdTeryt><sln:gmNazwa>Izbicko</sln:gmNazwa><sln:miejscIIPId>1d4a932e-129c-4433-b272-f6ade2554da6</sln:miejscIIPId><sln:miejscIIPPn>PL.PZGIK.200</sln:miejscIIPPn><sln:miejscIIPWersja>2017-04-12T12:08:09+02:00</sln:miejscIIPWersja><sln:miejscIdTeryt>0495556</sln:miejscIdTeryt><sln:miejscNazwa>Poznowice</sln:miejscNazwa><sln:miejscRodzaj>Wieś</sln:miejscRodzaj><sln:powIIPId>2cb9f766-42de-4147-8a13-eb46789dca16</sln:powIIPId><sln:powIIPPn>PL.PZGIK.200</sln:powIIPPn><sln:powIIPWersja>2012-09-27T08:58:33+02:00</sln:powIIPWersja><sln:powIdTeryt>1611</sln:powIdTeryt><sln:powNazwa>strzelecki</sln:powNazwa><sln:waznyOd>2014-10-10T00:00:00+02:00</sln:waznyOd><sln:wojIIPId>9bd0c42a-ca40-4b7d-9b5b-81aae3398015</sln:wojIIPId><sln:wojIIPPn>PL.PZGIK.200</sln:wojIIPPn><sln:wojIIPWersja>2017-10-10T00:00:00+02:00</sln:wojIIPWersja><sln:wojIdTeryt>16</sln:wojIdTeryt><sln:wojNazwa>opolskie</sln:wojNazwa></sln:miejscowosc><sln:miejscowosc><sln:cyklZyciaOd>2017-04-12T00:00:00+02:00</sln:cyklZyciaOd><sln:gmIIPId>0694614f-c170-44f6-b827-c23927d8820d</sln:gmIIPId><sln:gmIIPPn>PL.PZGIK.200</sln:gmIIPPn><sln:gmIIPWersja>2012-09-26T21:59:59+02:00</sln:gmIIPWersja><sln:gmIdTeryt>1611012</sln:gmIdTeryt><sln:gmNazwa>Izbicko</sln:gmNazwa><sln:miejscIIPId>7147da1f-062b-4307-82e8-7c9efb4c8bcd</sln:miejscIIPId><sln:miejscIIPPn>PL.PZGIK.200</sln:miejscIIPPn><sln:miejscIIPWersja>2017-04-12T12:08:09+02:00</sln:miejscIIPWersja><sln:miejscIdTeryt>0495579</sln:miejscIdTeryt><sln:miejscNazwa>Siedlec</sln:miejscNazwa><sln:miejscRodzaj>Wieś</sln:miejscRodzaj><sln:powIIPId>2cb9f766-42de-4147-8a13-eb46789dca16</sln:powIIPId><sln:powIIPPn>PL.PZGIK.200</sln:powIIPPn><sln:powIIPWersja>2012-09-27T08:58:33+02:00</sln:powIIPWersja><sln:powIdTeryt>1611</sln:powIdTeryt><sln:powNazwa>strzelecki</sln:powNazwa><sln:waznyOd>2014-10-10T00:00:00+02:00</sln:waznyOd><sln:wojIIPId>9bd0c42a-ca40-4b7d-9b5b-81aae3398015</sln:wojIIPId><sln:wojIIPPn>PL.PZGIK.200</sln:wojIIPPn><sln:wojIIPWersja>2017-10-10T00:00:00+02:00</sln:wojIIPWersja><sln:wojIdTeryt>16</sln:wojIdTeryt><sln:wojNazwa>opolskie</sln:wojNazwa></sln:miejscowosc><sln:miejscowosc><sln:cyklZyciaOd>2017-04-12T00:00:00+02:00</sln:cyklZyciaOd><sln:gmIIPId>0694614f-c170-44f6-b827-c23927d8820d</sln:gmIIPId><sln:gmIIPPn>PL.PZGIK.200</sln:gmIIPPn><sln:gmIIPWersja>2012-09-26T21:59:59+02:00</sln:gmIIPWersja><sln:gmIdTeryt>1611012</sln:gmIdTeryt><sln:gmNazwa>Izbicko</sln:gmNazwa><sln:miejscIIPId>5fe4d6bc-88ea-4791-8bbe-e685d423833e</sln:miejscIIPId><sln:miejscIIPPn>PL.PZGIK.200</sln:miejscIIPPn><sln:miejscIIPWersja>2017-04-12T12:08:09+02:00</sln:miejscIIPWersja><sln:miejscIdTeryt>0495585</sln:miejscIdTeryt><sln:miejscNazwa>Sprzęcice</sln:miejscNazwa><sln:miejscRodzaj>Wieś</sln:miejscRodzaj><sln:powIIPId>2cb9f766-42de-4147-8a13-eb46789dca16</sln:powIIPId><sln:powIIPPn>PL.PZGIK.200</sln:powIIPPn><sln:powIIPWersja>2012-09-27T08:58:33+02:00</sln:powIIPWersja><sln:powIdTeryt>1611</sln:powIdTeryt><sln:powNazwa>strzelecki</sln:powNazwa><sln:waznyOd>2014-10-10T00:00:00+02:00</sln:waznyOd><sln:wojIIPId>9bd0c42a-ca40-4b7d-9b5b-81aae3398015</sln:wojIIPId><sln:wojIIPPn>PL.PZGIK.200</sln:wojIIPPn><sln:wojIIPWersja>2017-10-10T00:00:00+02:00</sln:wojIIPWersja><sln:wojIdTeryt>16</sln:wojIdTeryt><sln:wojNazwa>opolskie</sln:wojNazwa></sln:miejscowosc><sln:miejscowosc><sln:cyklZyciaOd>2017-04-12T00:00:00+02:00</sln:cyklZyciaOd><sln:gmIIPId>0694614f-c170-44f6-b827-c23927d8820d</sln:gmIIPId><sln:gmIIPPn>PL.PZGIK.200</sln:gmIIPPn><sln:gmIIPWersja>2012-09-26T21:59:59+02:00</sln:gmIIPWersja><sln:gmIdTeryt>1611012</sln:gmIdTeryt><sln:gmNazwa>Izbicko</sln:gmNazwa><sln:miejscIIPId>85ee7392-af83-4bf1-ae74-e87f119d9933</sln:miejscIIPId><sln:miejscIIPPn>PL.PZGIK.200</sln:miejscIIPPn><sln:miejscIIPWersja>2017-04-12T12:08:09+02:00</sln:miejscIIPWersja><sln:miejscIdTeryt>0495591</sln:miejscIdTeryt><sln:miejscNazwa>Suchodaniec</sln:miejscNazwa><sln:miejscRodzaj>Wieś</sln:miejscRodzaj><sln:powIIPId>2cb9f766-42de-4147-8a13-eb46789dca16</sln:powIIPId><sln:powIIPPn>PL.PZGIK.200</sln:powIIPPn><sln:powIIPWersja>2012-09-27T08:58:33+02:00</sln:powIIPWersja><sln:powIdTeryt>1611</sln:powIdTeryt><sln:powNazwa>strzelecki</sln:powNazwa><sln:waznyOd>2014-10-10T00:00:00+02:00</sln:waznyOd><sln:wojIIPId>9bd0c42a-ca40-4b7d-9b5b-81aae3398015</sln:wojIIPId><sln:wojIIPPn>PL.PZGIK.200</sln:wojIIPPn><sln:wojIIPWersja>2017-10-10T00:00:00+02:00</sln:wojIIPWersja><sln:wojIdTeryt>16</sln:wojIdTeryt><sln:wojNazwa>opolskie</sln:wojNazwa></sln:miejscowosc></sln:lista-miejscowosci>