<?xml version="1.0" encoding="UTF-8" standalone="yes"?><sln:lista-miejscowosci xmlns:srv="http://gugik.gov.pl/schemas/slowniki-service/1.0" xmlns:sln="http://gugik.gov.pl/schemas/slowniki-schema/1.0"><sln:miejscowosc><sln:cyklZyciaOd>2015-07-13T00:00:00+02:00</sln:cyklZyciaOd><sln:gmIIPId>e77ba387-b559-44d7-859b-f2e754864fb8</sln:gmIIPId><sln:gmIIPPn>PL.PZGIK.200</sln:gmIIPPn><sln:gmIIPWersja>2012-09-26T21:59:34+02:00</sln:gmIIPWersja><sln:gmIdTeryt>1609122</sln:gmIdTeryt><sln:gmNazwa>Tułowice</sln:gmNazwa><sln:miejscIIPId>873a4d40-bbdc-4d62-9e31-7323058c1948</sln:miejscIIPId><sln:miejscIIPPn>PL.PZGIK.200</sln:miejscIIPPn><sln:miejscIIPWersja>2016-11-24T10:46:53+02:00</sln:miejscIIPWersja><sln:miejscIdTeryt>0504054</sln:miejscIdTeryt><sln:miejscNazwa>Goszczowice</sln:miejscNazwa><sln:miejscRodzaj>Wieś</sln:miejscRodzaj><sln:powIIPId>1da0ca63-52c4-4e1d-869f-b591c1e264b6</sln:powIIPId><sln:powIIPPn>PL.PZGIK.200</sln:powIIPPn><sln:powIIPWersja>2012-09-27T08:58:33+02:00</sln:powIIPWersja><sln:powIdTeryt>1609</sln:powIdTeryt><sln:powNazwa>opolski</sln:powNazwa><sln:waznyOd>2014-12-11T00:00:00+01:00</sln:waznyOd><sln:wojIIPId>9bd0c42a-ca40-4b7d-9b5b-81aae3398015</sln:wojIIPId><sln:wojIIPPn>PL.PZGIK.200</sln:wojIIPPn><sln:wojIIPWersja>2017-10-10T00:00:00+02:00</sln:wojIIPWersja><sln:wojIdTeryt>16</sln:wojIdTeryt><sln:wojNazwa>opolskie</sln:wojNazwa></sln:miejscowosc><sln:miejscowosc><sln:cyklZyciaOd>2015-07-13T00:00:00+02:00</sln:cyklZyciaOd><sln:gmIIPId>e77ba387-b559-44d7-859b-f2e754864fb8</sln:gmIIPId><sln:gmIIPPn>PL.PZGIK.200</sln:gmIIPPn><sln:gmIIPWersja>2012-09-26T21:59:34+02:00</sln:gmIIPWersja><sln:gmIdTeryt>1609122</sln:gmIdTeryt><sln:gmNazwa>Tułowice</sln:gmNazwa><sln:miejscIIPId>2c6c2de1-3784-4aa6-acf2-ee940c8ae9ec</sln:miejscIIPId><sln:miejscIIPPn>PL.PZGIK.200</sln:miejscIIPPn><sln:miejscIIPWersja>2016-11-24T10:46:53+02:00</sln:miejscIIPWersja><sln:miejscIdTeryt>0504060</sln:miejscIdTeryt><sln:miejscNazwa>Ligota Tułowicka</sln:miejscNazwa><sln:miejscRodzaj>Wieś</sln:miejscRodzaj><sln:powIIPId>1da0ca63-52c4-4e1d-869f-b591c1e264b6</sln:powIIPId><sln:powIIPPn>PL.PZGIK.200</sln:powIIPPn><sln:powIIPWersja>2012-09-27T08:58:33+02:00</sln:powIIPWersja><sln:powIdTeryt>1609</sln:powIdTeryt><sln:powNazwa>opolski</sln:powNazwa><sln:waznyOd>2014-12-11T00:00:00+01:00</sln:waznyOd><sln:wojIIPId>9bd0c42a-ca40-4b7d-9b5b-81aae3398015</sln:wojIIPId><sln:wojIIPPn>PL.PZGIK.200</sln:wojIIPPn><sln:wojIIPWersja>2017-10-10T00:00:00+02:00</sln:wojIIPWersja><sln:wojIdTeryt>16</sln:wojIdTeryt><sln:wojNazwa>opolskie</sln:wojNazwa></sln:miejscowosc><sln:miejscowosc><sln:cyklZyciaOd>2015-07-13T00:00:00+02:00</sln:cyklZyciaOd><sln:gmIIPId>e77ba387-b559-44d7-859b-f2e754864fb8</sln:gmIIPId><sln:gmIIPPn>PL.PZGIK.200</sln:gmIIPPn><sln:gmIIPWersja>2012-09-26T21:59:34+02:00</sln:gmIIPWersja><sln:gmIdTeryt>1609122</sln:gmIdTeryt><sln:gmNazwa>Tułowice</sln:gmNazwa><sln:miejscIIPId>565f2ba7-baed-4b3f-8b7d-4d72a6ef4eeb</sln:miejscIIPId><sln:miejscIIPPn>PL.PZGIK.200</sln:miejscIIPPn><sln:miejscIIPWersja>2016-11-24T10:46:53+02:00</sln:miejscIIPWersja><sln:miejscIdTeryt>0504077</sln:miejscIdTeryt><sln:miejscNazwa>Skarbiszowice</sln:miejscNazwa><sln:miejscRodzaj>Wieś</sln:miejscRodzaj><sln:powIIPId>1da0ca63-52c4-4e1d-869f-b591c1e264b6</sln:powIIPId><sln:powIIPPn>PL.PZGIK.200</sln:powIIPPn><sln:powIIPWersja>2012-09-27T08:58:33+02:00</sln:powIIPWersja><sln:powIdTeryt>1609</sln:powIdTeryt><sln:powNazwa>opolski</sln:powNazwa><sln:waznyOd>2014-12-11T00:00:00+01:00</sln:waznyOd><sln:wojIIPId>9bd0c42a-ca40-4b7d-9b5b-81aae3398015</sln:wojIIPId><sln:wojIIPPn>PL.PZGIK.200</sln:wojIIPPn><sln:wojIIPWersja>2017-10-10T00:00:00+02:00</sln:wojIIPWersja><sln:wojIdTeryt>16</sln:wojIdTeryt><sln:wojNazwa>opolskie</sln:wojNazwa></sln:miejscowosc><sln:miejscowosc><sln:cyklZyciaOd>2015-07-13T00:00:00+02:00</sln:cyklZyciaOd><sln:gmIIPId>e77ba387-b559-44d7-859b-f2e754864fb8</sln:gmIIPId><sln:gmIIPPn>PL.PZGIK.200</sln:gmIIPPn><sln:gmIIPWersja>2012-09-26T21:59:34+02:00</sln:gmIIPWersja><sln:gmIdTeryt>1609122</sln:gmIdTeryt><sln:gmNazwa>Tułowice</sln:gmNazwa><sln:miejscIIPId>5de7947d-bb4b-4563-81dc-a6c8e378e985</sln:miejscIIPId><sln:miejscIIPPn>PL.PZGIK.200</sln:miejscIIPPn><sln:miejscIIPWersja>2016-11-24T10:46:53+02:00</sln:miejscIIPWersja><sln:miejscIdTeryt>0504083</sln:miejscIdTeryt><sln:miejscNazwa>Szydłów</sln:miejscNazwa><sln:miejscRodzaj>Wieś</sln:miejscRodzaj><sln:powIIPId>1da0ca63-52c4-4e1d-869f-b591c1e264b6</sln:powIIPId><sln:powIIPPn>PL.PZGIK.200</sln:powIIPPn><sln:powIIPWersja>2012-09-27T08:58:33+02:00</sln:powIIPWersja><sln:powIdTeryt>1609</sln:powIdTeryt><sln:powNazwa>opolski</sln:powNazwa><sln:waznyOd>2014-12-11T00:00:00+01:00</sln:waznyOd><sln:wojIIPId>9bd0c42a-ca40-4b7d-9b5b-81aae3398015</sln:wojIIPId><sln:wojIIPPn>PL.PZGIK.200</sln:wojIIPPn><sln:wojIIPWersja>2017-10-10T00:00:00+02:00</sln:wojIIPWersja><sln:wojIdTeryt>16</sln:wojIdTeryt><sln:wojNazwa>opolskie</sln:wojNazwa></sln:miejscowosc><sln:miejscowosc><sln:cyklZyciaOd>2015-07-13T00:00:00+02:00</sln:cyklZyciaOd><sln:gmIIPId>e77ba387-b559-44d7-859b-f2e754864fb8</sln:gmIIPId><sln:gmIIPPn>PL.PZGIK.200</sln:gmIIPPn><sln:gmIIPWersja>2012-09-26T21:59:34+02:00</sln:gmIIPWersja><sln:gmIdTeryt>1609122</sln:gmIdTeryt><sln:gmNazwa>Tułowice</sln:gmNazwa><sln:miejscIIPId>2b00abaa-3768-464b-a447-d89dede9c2ec</sln:miejscIIPId><sln:miejscIIPPn>PL.PZGIK.200</sln:miejscIIPPn><sln:miejscIIPWersja>2016-11-24T10:46:53+02:00</sln:miejscIIPWersja><sln:miejscIdTeryt>0504090</sln:miejscIdTeryt><sln:miejscNazwa>Tułowice</sln:miejscNazwa><sln:miejscRodzaj>Wieś</sln:miejscRodzaj><sln:powIIPId>1da0ca63-52c4-4e1d-869f-b591c1e264b6</sln:powIIPId><sln:powIIPPn>PL.PZGIK.200</sln:powIIPPn><sln:powIIPWersja>2012-09-27T08:58:33+02:00</sln:powIIPWersja><sln:powIdTeryt>1609</sln:powIdTeryt><sln:powNazwa>opolski</sln:powNazwa><sln:waznyOd>2014-12-11T00:00:00+01:00</sln:waznyOd><sln:wojIIPId>9bd0c42a-ca40-4b7d-9b5b-81aae3398015</sln:wojIIPId><sln:wojIIPPn>PL.PZGIK.200</sln:wojIIPPn><sln:wojIIPWersja>2017-10-10T00:00:00+02:00</sln:wojIIPWersja><sln:wojIdTeryt>16</sln:wojIdTeryt><sln:wojNazwa>opolskie</sln:wojNazwa></sln:miejscowosc><sln:miejscowosc><sln:cyklZyciaOd>2015-07-13T00:00:00+02:00</sln:cyklZyciaOd><sln:gmIIPId>e77ba387-b559-44d7-859b-f2e754864fb8</sln:gmIIPId><sln:gmIIPPn>PL.PZGIK.200</sln:gmIIPPn><sln:gmIIPWersja>2012-09-26T21:59:34+02:00</sln:gmIIPWersja><sln:gmIdTeryt>1609122</sln:gmIdTeryt><sln:gmNazwa>Tułowice</sln:gmNazwa><sln:miejscIIPId>ab733747-90f1-48a0-ab32-cb1ae5afa620</sln:miejscIIPId><sln:miejscIIPPn>PL.PZGIK.200</sln:miejscIIPPn><sln:miejscIIPWersja>2016-11-24T10:46:53+02:00</sln:miejscIIPWersja><sln:miejscIdTeryt>0504108</sln:miejscIdTeryt><sln:miejscNazwa>Tułowice Małe</sln:miejscNazwa><sln:miejscRodzaj>Przysiółek</sln:miejscRodzaj><sln:powIIPId>1da0ca63-52c4-4e1d-869f-b591c1e264b6</sln:powIIPId><sln:powIIPPn>PL.PZGIK.200</sln:powIIPPn><sln:powIIPWersja>2012-09-27T08:58:33+02:00</sln:powIIPWersja><sln:powIdTeryt>1609</sln:powIdTeryt><sln:powNazwa>opolski</sln:powNazwa><sln:waznyOd>2014-12-11T00:00:00+01:00</sln:waznyOd><sln:wojIIPId>9bd0c42a-ca40-4b7d-9b5b-81aae3398015</sln:wojIIPId><sln:wojIIPPn>PL.PZGIK.200</sln:wojIIPPn><sln:wojIIPWersja>2017-10-10T00:00:00+02:00</sln:wojIIPWersja><sln:wojIdTeryt>16</sln:wojIdTeryt><sln:wojNazwa>opolskie</sln:wojNazwa></sln:miejscowosc></sln:lista-miejscowosci>