<?xml version="1.0" encoding="UTF-8" standalone="yes"?><sln:lista-miejscowosci xmlns:srv="http://gugik.gov.pl/schemas/slowniki-service/1.0" xmlns:sln="http://gugik.gov.pl/schemas/slowniki-schema/1.0"><sln:miejscowosc><sln:cyklZyciaDo>2016-11-26T00:00:00+01:00</sln:cyklZyciaDo><sln:cyklZyciaOd>2014-12-02T00:00:00+01:00</sln:cyklZyciaOd><sln:gmIIPId>56926784-cf99-493c-a280-c983e070eb74</sln:gmIIPId><sln:gmIIPPn>PL.PZGIK.200</sln:gmIIPPn><sln:gmIIPWersja>2012-09-26T21:59:59+02:00</sln:gmIIPWersja><sln:gmIdTeryt>1611022</sln:gmIdTeryt><sln:gmNazwa>Jemielnica</sln:gmNazwa><sln:miejscIIPId>1c215ec8-4caa-4f8a-80cc-d4cd7e802f98</sln:miejscIIPId><sln:miejscIIPPn>PL.PZGIK.200</sln:miejscIIPPn><sln:miejscIIPWersja>2016-11-24T13:24:06+02:00</sln:miejscIIPWersja><sln:miejscIdTeryt>0495697</sln:miejscIdTeryt><sln:miejscNazwa>Jemielnica</sln:miejscNazwa><sln:miejscRodzaj>Wieś</sln:miejscRodzaj><sln:powIIPId>2cb9f766-42de-4147-8a13-eb46789dca16</sln:powIIPId><sln:powIIPPn>PL.PZGIK.200</sln:powIIPPn><sln:powIIPWersja>2012-09-27T08:58:33+02:00</sln:powIIPWersja><sln:powIdTeryt>1611</sln:powIdTeryt><sln:powNazwa>strzelecki</sln:powNazwa><sln:wojIIPId>9bd0c42a-ca40-4b7d-9b5b-81aae3398015</sln:wojIIPId><sln:wojIIPPn>PL.PZGIK.200</sln:wojIIPPn><sln:wojIIPWersja>2017-10-10T00:00:00+02:00</sln:wojIIPWersja><sln:wojIdTeryt>16</sln:wojIdTeryt><sln:wojNazwa>opolskie</sln:wojNazwa></sln:miejscowosc><sln:miejscowosc><sln:cyklZyciaDo>2016-11-26T00:00:00+01:00</sln:cyklZyciaDo><sln:cyklZyciaOd>2015-06-29T00:00:00+02:00</sln:cyklZyciaOd><sln:gmIIPId>56926784-cf99-493c-a280-c983e070eb74</sln:gmIIPId><sln:gmIIPPn>PL.PZGIK.200</sln:gmIIPPn><sln:gmIIPWersja>2012-09-26T21:59:59+02:00</sln:gmIIPWersja><sln:gmIdTeryt>1611022</sln:gmIdTeryt><sln:gmNazwa>Jemielnica</sln:gmNazwa><sln:miejscIIPId>4898f3ec-3981-4728-818b-2bc3284d7e55</sln:miejscIIPId><sln:miejscIIPPn>PL.PZGIK.200</sln:miejscIIPPn><sln:miejscIIPWersja>2016-11-24T13:24:10+02:00</sln:miejscIIPWersja><sln:miejscIdTeryt>0495711</sln:miejscIdTeryt><sln:miejscNazwa>Śmiatek</sln:miejscNazwa><sln:miejscRodzaj>Inny obiekt</sln:miejscRodzaj><sln:powIIPId>2cb9f766-42de-4147-8a13-eb46789dca16</sln:powIIPId><sln:powIIPPn>PL.PZGIK.200</sln:powIIPPn><sln:powIIPWersja>2012-09-27T08:58:33+02:00</sln:powIIPWersja><sln:powIdTeryt>1611</sln:powIdTeryt><sln:powNazwa>strzelecki</sln:powNazwa><sln:wojIIPId>9bd0c42a-ca40-4b7d-9b5b-81aae3398015</sln:wojIIPId><sln:wojIIPPn>PL.PZGIK.200</sln:wojIIPPn><sln:wojIIPWersja>2017-10-10T00:00:00+02:00</sln:wojIIPWersja><sln:wojIdTeryt>16</sln:wojIdTeryt><sln:wojNazwa>opolskie</sln:wojNazwa></sln:miejscowosc><sln:miejscowosc><sln:cyklZyciaOd>2014-12-02T00:00:00+01:00</sln:cyklZyciaOd><sln:gmIIPId>56926784-cf99-493c-a280-c983e070eb74</sln:gmIIPId><sln:gmIIPPn>PL.PZGIK.200</sln:gmIIPPn><sln:gmIIPWersja>2012-09-26T21:59:59+02:00</sln:gmIIPWersja><sln:gmIdTeryt>1611022</sln:gmIdTeryt><sln:gmNazwa>Jemielnica</sln:gmNazwa><sln:miejscIIPId>a95ef3a5-e708-4260-82b4-826439b63b69</sln:miejscIIPId><sln:miejscIIPPn>PL.PZGIK.200</sln:miejscIIPPn><sln:miejscIIPWersja>2016-11-24T13:24:06+02:00</sln:miejscIIPWersja><sln:miejscIdTeryt>0495763</sln:miejscIdTeryt><sln:miejscNazwa>Łaziska</sln:miejscNazwa><sln:miejscRodzaj>Wieś</sln:miejscRodzaj><sln:powIIPId>2cb9f766-42de-4147-8a13-eb46789dca16</sln:powIIPId><sln:powIIPPn>PL.PZGIK.200</sln:powIIPPn><sln:powIIPWersja>2012-09-27T08:58:33+02:00</sln:powIIPWersja><sln:powIdTeryt>1611</sln:powIdTeryt><sln:powNazwa>strzelecki</sln:powNazwa><sln:wojIIPId>9bd0c42a-ca40-4b7d-9b5b-81aae3398015</sln:wojIIPId><sln:wojIIPPn>PL.PZGIK.200</sln:wojIIPPn><sln:wojIIPWersja>2017-10-10T00:00:00+02:00</sln:wojIIPWersja><sln:wojIdTeryt>16</sln:wojIdTeryt><sln:wojNazwa>opolskie</sln:wojNazwa></sln:miejscowosc><sln:miejscowosc><sln:cyklZyciaDo>2016-11-26T00:00:00+01:00</sln:cyklZyciaDo><sln:cyklZyciaOd>2015-06-29T00:00:00+02:00</sln:cyklZyciaOd><sln:gmIIPId>56926784-cf99-493c-a280-c983e070eb74</sln:gmIIPId><sln:gmIIPPn>PL.PZGIK.200</sln:gmIIPPn><sln:gmIIPWersja>2012-09-26T21:59:59+02:00</sln:gmIIPWersja><sln:gmIdTeryt>1611022</sln:gmIdTeryt><sln:gmNazwa>Jemielnica</sln:gmNazwa><sln:miejscIIPId>b094273a-f063-4c36-8b41-613639e44614</sln:miejscIIPId><sln:miejscIIPPn>PL.PZGIK.200</sln:miejscIIPPn><sln:miejscIIPWersja>2016-11-24T13:24:07+02:00</sln:miejscIIPWersja><sln:miejscIdTeryt>0495734</sln:miejscIdTeryt><sln:miejscNazwa>Gajdowe</sln:miejscNazwa><sln:miejscRodzaj>Inny obiekt</sln:miejscRodzaj><sln:powIIPId>2cb9f766-42de-4147-8a13-eb46789dca16</sln:powIIPId><sln:powIIPPn>PL.PZGIK.200</sln:powIIPPn><sln:powIIPWersja>2012-09-27T08:58:33+02:00</sln:powIIPWersja><sln:powIdTeryt>1611</sln:powIdTeryt><sln:powNazwa>strzelecki</sln:powNazwa><sln:wojIIPId>9bd0c42a-ca40-4b7d-9b5b-81aae3398015</sln:wojIIPId><sln:wojIIPPn>PL.PZGIK.200</sln:wojIIPPn><sln:wojIIPWersja>2017-10-10T00:00:00+02:00</sln:wojIIPWersja><sln:wojIdTeryt>16</sln:wojIdTeryt><sln:wojNazwa>opolskie</sln:wojNazwa></sln:miejscowosc><sln:miejscowosc><sln:cyklZyciaOd>2014-12-02T00:00:00+01:00</sln:cyklZyciaOd><sln:gmIIPId>56926784-cf99-493c-a280-c983e070eb74</sln:gmIIPId><sln:gmIIPPn>PL.PZGIK.200</sln:gmIIPPn><sln:gmIIPWersja>2012-09-26T21:59:59+02:00</sln:gmIIPWersja><sln:gmIdTeryt>1611022</sln:gmIdTeryt><sln:gmNazwa>Jemielnica</sln:gmNazwa><sln:miejscIIPId>18b3456a-628a-4050-ba7e-88546e35fe1b</sln:miejscIIPId><sln:miejscIIPPn>PL.PZGIK.200</sln:miejscIIPPn><sln:miejscIIPWersja>2016-11-24T13:24:06+02:00</sln:miejscIIPWersja><sln:miejscIdTeryt>0495770</sln:miejscIdTeryt><sln:miejscNazwa>Piotrówka</sln:miejscNazwa><sln:miejscRodzaj>Wieś</sln:miejscRodzaj><sln:powIIPId>2cb9f766-42de-4147-8a13-eb46789dca16</sln:powIIPId><sln:powIIPPn>PL.PZGIK.200</sln:powIIPPn><sln:powIIPWersja>2012-09-27T08:58:33+02:00</sln:powIIPWersja><sln:powIdTeryt>1611</sln:powIdTeryt><sln:powNazwa>strzelecki</sln:powNazwa><sln:wojIIPId>9bd0c42a-ca40-4b7d-9b5b-81aae3398015</sln:wojIIPId><sln:wojIIPPn>PL.PZGIK.200</sln:wojIIPPn><sln:wojIIPWersja>2017-10-10T00:00:00+02:00</sln:wojIIPWersja><sln:wojIdTeryt>16</sln:wojIdTeryt><sln:wojNazwa>opolskie</sln:wojNazwa></sln:miejscowosc><sln:miejscowosc><sln:cyklZyciaDo>2016-11-26T00:00:00+01:00</sln:cyklZyciaDo><sln:cyklZyciaOd>2015-06-29T00:00:00+02:00</sln:cyklZyciaOd><sln:gmIIPId>56926784-cf99-493c-a280-c983e070eb74</sln:gmIIPId><sln:gmIIPPn>PL.PZGIK.200</sln:gmIIPPn><sln:gmIIPWersja>2012-09-26T21:59:59+02:00</sln:gmIIPWersja><sln:gmIdTeryt>1611022</sln:gmIdTeryt><sln:gmNazwa>Jemielnica</sln:gmNazwa><sln:miejscIIPId>a4ffabc2-091b-472f-bf7d-8f51c552b733</sln:miejscIIPId><sln:miejscIIPPn>PL.PZGIK.200</sln:miejscIIPPn><sln:miejscIIPWersja>2016-11-24T13:24:09+02:00</sln:miejscIIPWersja><sln:miejscIdTeryt>0495705</sln:miejscIdTeryt><sln:miejscNazwa>Borek</sln:miejscNazwa><sln:miejscRodzaj>Inny obiekt</sln:miejscRodzaj><sln:powIIPId>2cb9f766-42de-4147-8a13-eb46789dca16</sln:powIIPId><sln:powIIPPn>PL.PZGIK.200</sln:powIIPPn><sln:powIIPWersja>2012-09-27T08:58:33+02:00</sln:powIIPWersja><sln:powIdTeryt>1611</sln:powIdTeryt><sln:powNazwa>strzelecki</sln:powNazwa><sln:wojIIPId>9bd0c42a-ca40-4b7d-9b5b-81aae3398015</sln:wojIIPId><sln:wojIIPPn>PL.PZGIK.200</sln:wojIIPPn><sln:wojIIPWersja>2017-10-10T00:00:00+02:00</sln:wojIIPWersja><sln:wojIdTeryt>16</sln:wojIdTeryt><sln:wojNazwa>opolskie</sln:wojNazwa></sln:miejscowosc><sln:miejscowosc><sln:cyklZyciaOd>2014-12-02T00:00:00+01:00</sln:cyklZyciaOd><sln:gmIIPId>56926784-cf99-493c-a280-c983e070eb74</sln:gmIIPId><sln:gmIIPPn>PL.PZGIK.200</sln:gmIIPPn><sln:gmIIPWersja>2012-09-26T21:59:59+02:00</sln:gmIIPWersja><sln:gmIdTeryt>1611022</sln:gmIdTeryt><sln:gmNazwa>Jemielnica</sln:gmNazwa><sln:miejscIIPId>18762c67-98e6-430b-9cc0-57f9e124d3b2</sln:miejscIIPId><sln:miejscIIPPn>PL.PZGIK.200</sln:miejscIIPPn><sln:miejscIIPWersja>2016-11-24T13:24:06+02:00</sln:miejscIIPWersja><sln:miejscIdTeryt>0495792</sln:miejscIdTeryt><sln:miejscNazwa>Redwina</sln:miejscNazwa><sln:miejscRodzaj>Osada leśna</sln:miejscRodzaj><sln:powIIPId>2cb9f766-42de-4147-8a13-eb46789dca16</sln:powIIPId><sln:powIIPPn>PL.PZGIK.200</sln:powIIPPn><sln:powIIPWersja>2012-09-27T08:58:33+02:00</sln:powIIPWersja><sln:powIdTeryt>1611</sln:powIdTeryt><sln:powNazwa>strzelecki</sln:powNazwa><sln:wojIIPId>9bd0c42a-ca40-4b7d-9b5b-81aae3398015</sln:wojIIPId><sln:wojIIPPn>PL.PZGIK.200</sln:wojIIPPn><sln:wojIIPWersja>2017-10-10T00:00:00+02:00</sln:wojIIPWersja><sln:wojIdTeryt>16</sln:wojIdTeryt><sln:wojNazwa>opolskie</sln:wojNazwa></sln:miejscowosc><sln:miejscowosc><sln:cyklZyciaDo>2016-11-26T00:00:00+01:00</sln:cyklZyciaDo><sln:cyklZyciaOd>2015-06-29T00:00:00+02:00</sln:cyklZyciaOd><sln:gmIIPId>56926784-cf99-493c-a280-c983e070eb74</sln:gmIIPId><sln:gmIIPPn>PL.PZGIK.200</sln:gmIIPPn><sln:gmIIPWersja>2012-09-26T21:59:59+02:00</sln:gmIIPWersja><sln:gmIdTeryt>1611022</sln:gmIdTeryt><sln:gmNazwa>Jemielnica</sln:gmNazwa><sln:miejscIIPId>49a33d59-43fc-4ba8-8859-512d409769a5</sln:miejscIIPId><sln:miejscIIPPn>PL.PZGIK.200</sln:miejscIIPPn><sln:miejscIIPWersja>2016-11-24T13:24:11+02:00</sln:miejscIIPWersja><sln:miejscIdTeryt>0495740</sln:miejscIdTeryt><sln:miejscNazwa>Graniczny</sln:miejscNazwa><sln:miejscRodzaj>Osada</sln:miejscRodzaj><sln:powIIPId>2cb9f766-42de-4147-8a13-eb46789dca16</sln:powIIPId><sln:powIIPPn>PL.PZGIK.200</sln:powIIPPn><sln:powIIPWersja>2012-09-27T08:58:33+02:00</sln:powIIPWersja><sln:powIdTeryt>1611</sln:powIdTeryt><sln:powNazwa>strzelecki</sln:powNazwa><sln:wojIIPId>9bd0c42a-ca40-4b7d-9b5b-81aae3398015</sln:wojIIPId><sln:wojIIPPn>PL.PZGIK.200</sln:wojIIPPn><sln:wojIIPWersja>2017-10-10T00:00:00+02:00</sln:wojIIPWersja><sln:wojIdTeryt>16</sln:wojIdTeryt><sln:wojNazwa>opolskie</sln:wojNazwa></sln:miejscowosc><sln:miejscowosc><sln:cyklZyciaOd>2014-12-02T00:00:00+01:00</sln:cyklZyciaOd><sln:gmIIPId>56926784-cf99-493c-a280-c983e070eb74</sln:gmIIPId><sln:gmIIPPn>PL.PZGIK.200</sln:gmIIPPn><sln:gmIIPWersja>2012-09-26T21:59:59+02:00</sln:gmIIPWersja><sln:gmIdTeryt>1611022</sln:gmIdTeryt><sln:gmNazwa>Jemielnica</sln:gmNazwa><sln:miejscIIPId>c113ceff-1727-43b7-bf6a-fab5b51f8879</sln:miejscIIPId><sln:miejscIIPPn>PL.PZGIK.200</sln:miejscIIPPn><sln:miejscIIPWersja>2016-11-24T13:24:06+02:00</sln:miejscIIPWersja><sln:miejscIdTeryt>0495622</sln:miejscIdTeryt><sln:miejscNazwa>Barut</sln:miejscNazwa><sln:miejscRodzaj>Wieś</sln:miejscRodzaj><sln:powIIPId>2cb9f766-42de-4147-8a13-eb46789dca16</sln:powIIPId><sln:powIIPPn>PL.PZGIK.200</sln:powIIPPn><sln:powIIPWersja>2012-09-27T08:58:33+02:00</sln:powIIPWersja><sln:powIdTeryt>1611</sln:powIdTeryt><sln:powNazwa>strzelecki</sln:powNazwa><sln:wojIIPId>9bd0c42a-ca40-4b7d-9b5b-81aae3398015</sln:wojIIPId><sln:wojIIPPn>PL.PZGIK.200</sln:wojIIPPn><sln:wojIIPWersja>2017-10-10T00:00:00+02:00</sln:wojIIPWersja><sln:wojIdTeryt>16</sln:wojIdTeryt><sln:wojNazwa>opolskie</sln:wojNazwa></sln:miejscowosc><sln:miejscowosc><sln:cyklZyciaOd>2014-12-02T00:00:00+01:00</sln:cyklZyciaOd><sln:gmIIPId>56926784-cf99-493c-a280-c983e070eb74</sln:gmIIPId><sln:gmIIPPn>PL.PZGIK.200</sln:gmIIPPn><sln:gmIIPWersja>2012-09-26T21:59:59+02:00</sln:gmIIPWersja><sln:gmIdTeryt>1611022</sln:gmIdTeryt><sln:gmNazwa>Jemielnica</sln:gmNazwa><sln:miejscIIPId>de29297d-a9f2-402d-8ecd-e72bf1932473</sln:miejscIIPId><sln:miejscIIPPn>PL.PZGIK.200</sln:miejscIIPPn><sln:miejscIIPWersja>2016-11-24T13:24:06+02:00</sln:miejscIIPWersja><sln:miejscIdTeryt>0495651</sln:miejscIdTeryt><sln:miejscNazwa>Gąsiorowice</sln:miejscNazwa><sln:miejscRodzaj>Wieś</sln:miejscRodzaj><sln:powIIPId>2cb9f766-42de-4147-8a13-eb46789dca16</sln:powIIPId><sln:powIIPPn>PL.PZGIK.200</sln:powIIPPn><sln:powIIPWersja>2012-09-27T08:58:33+02:00</sln:powIIPWersja><sln:powIdTeryt>1611</sln:powIdTeryt><sln:powNazwa>strzelecki</sln:powNazwa><sln:wojIIPId>9bd0c42a-ca40-4b7d-9b5b-81aae3398015</sln:wojIIPId><sln:wojIIPPn>PL.PZGIK.200</sln:wojIIPPn><sln:wojIIPWersja>2017-10-10T00:00:00+02:00</sln:wojIIPWersja><sln:wojIdTeryt>16</sln:wojIdTeryt><sln:wojNazwa>opolskie</sln:wojNazwa></sln:miejscowosc><sln:miejscowosc><sln:cyklZyciaOd>2014-12-02T00:00:00+01:00</sln:cyklZyciaOd><sln:gmIIPId>56926784-cf99-493c-a280-c983e070eb74</sln:gmIIPId><sln:gmIIPPn>PL.PZGIK.200</sln:gmIIPPn><sln:gmIIPWersja>2012-09-26T21:59:59+02:00</sln:gmIIPWersja><sln:gmIdTeryt>1611022</sln:gmIdTeryt><sln:gmNazwa>Jemielnica</sln:gmNazwa><sln:miejscIIPId>5c432cb9-adb3-4ffc-a4f6-61fc0012cd06</sln:miejscIIPId><sln:miejscIIPPn>PL.PZGIK.200</sln:miejscIIPPn><sln:miejscIIPWersja>2016-11-24T13:24:06+02:00</sln:miejscIIPWersja><sln:miejscIdTeryt>0495800</sln:miejscIdTeryt><sln:miejscNazwa>Zielona</sln:miejscNazwa><sln:miejscRodzaj>Osada leśna</sln:miejscRodzaj><sln:powIIPId>2cb9f766-42de-4147-8a13-eb46789dca16</sln:powIIPId><sln:powIIPPn>PL.PZGIK.200</sln:powIIPPn><sln:powIIPWersja>2012-09-27T08:58:33+02:00</sln:powIIPWersja><sln:powIdTeryt>1611</sln:powIdTeryt><sln:powNazwa>strzelecki</sln:powNazwa><sln:wojIIPId>9bd0c42a-ca40-4b7d-9b5b-81aae3398015</sln:wojIIPId><sln:wojIIPPn>PL.PZGIK.200</sln:wojIIPPn><sln:wojIIPWersja>2017-10-10T00:00:00+02:00</sln:wojIIPWersja><sln:wojIdTeryt>16</sln:wojIdTeryt><sln:wojNazwa>opolskie</sln:wojNazwa></sln:miejscowosc><sln:miejscowosc><sln:cyklZyciaOd>2014-12-02T00:00:00+01:00</sln:cyklZyciaOd><sln:gmIIPId>56926784-cf99-493c-a280-c983e070eb74</sln:gmIIPId><sln:gmIIPPn>PL.PZGIK.200</sln:gmIIPPn><sln:gmIIPWersja>2012-09-26T21:59:59+02:00</sln:gmIIPWersja><sln:gmIdTeryt>1611022</sln:gmIdTeryt><sln:gmNazwa>Jemielnica</sln:gmNazwa><sln:miejscIIPId>08098050-122f-45ba-9cb1-4d0572acc446</sln:miejscIIPId><sln:miejscIIPPn>PL.PZGIK.200</sln:miejscIIPPn><sln:miejscIIPWersja>2016-11-24T13:24:06+02:00</sln:miejscIIPWersja><sln:miejscIdTeryt>0495786</sln:miejscIdTeryt><sln:miejscNazwa>Miłosna</sln:miejscNazwa><sln:miejscRodzaj>Osada leśna</sln:miejscRodzaj><sln:powIIPId>2cb9f766-42de-4147-8a13-eb46789dca16</sln:powIIPId><sln:powIIPPn>PL.PZGIK.200</sln:powIIPPn><sln:powIIPWersja>2012-09-27T08:58:33+02:00</sln:powIIPWersja><sln:powIdTeryt>1611</sln:powIdTeryt><sln:powNazwa>strzelecki</sln:powNazwa><sln:wojIIPId>9bd0c42a-ca40-4b7d-9b5b-81aae3398015</sln:wojIIPId><sln:wojIIPPn>PL.PZGIK.200</sln:wojIIPPn><sln:wojIIPWersja>2017-10-10T00:00:00+02:00</sln:wojIIPWersja><sln:wojIdTeryt>16</sln:wojIdTeryt><sln:wojNazwa>opolskie</sln:wojNazwa></sln:miejscowosc><sln:miejscowosc><sln:cyklZyciaOd>2014-12-02T00:00:00+01:00</sln:cyklZyciaOd><sln:gmIIPId>56926784-cf99-493c-a280-c983e070eb74</sln:gmIIPId><sln:gmIIPPn>PL.PZGIK.200</sln:gmIIPPn><sln:gmIIPWersja>2012-09-26T21:59:59+02:00</sln:gmIIPWersja><sln:gmIdTeryt>1611022</sln:gmIdTeryt><sln:gmNazwa>Jemielnica</sln:gmNazwa><sln:miejscIIPId>5d3098df-00eb-4df6-893c-597ab62e8d23</sln:miejscIIPId><sln:miejscIIPPn>PL.PZGIK.200</sln:miejscIIPPn><sln:miejscIIPWersja>2016-11-24T13:24:06+02:00</sln:miejscIIPWersja><sln:miejscIdTeryt>0495639</sln:miejscIdTeryt><sln:miejscNazwa>Centawa</sln:miejscNazwa><sln:miejscRodzaj>Wieś</sln:miejscRodzaj><sln:powIIPId>2cb9f766-42de-4147-8a13-eb46789dca16</sln:powIIPId><sln:powIIPPn>PL.PZGIK.200</sln:powIIPPn><sln:powIIPWersja>2012-09-27T08:58:33+02:00</sln:powIIPWersja><sln:powIdTeryt>1611</sln:powIdTeryt><sln:powNazwa>strzelecki</sln:powNazwa><sln:wojIIPId>9bd0c42a-ca40-4b7d-9b5b-81aae3398015</sln:wojIIPId><sln:wojIIPPn>PL.PZGIK.200</sln:wojIIPPn><sln:wojIIPWersja>2017-10-10T00:00:00+02:00</sln:wojIIPWersja><sln:wojIdTeryt>16</sln:wojIdTeryt><sln:wojNazwa>opolskie</sln:wojNazwa></sln:miejscowosc><sln:miejscowosc><sln:cyklZyciaOd>2014-12-02T00:00:00+01:00</sln:cyklZyciaOd><sln:gmIIPId>56926784-cf99-493c-a280-c983e070eb74</sln:gmIIPId><sln:gmIIPPn>PL.PZGIK.200</sln:gmIIPPn><sln:gmIIPWersja>2012-09-26T21:59:59+02:00</sln:gmIIPWersja><sln:gmIdTeryt>1611022</sln:gmIdTeryt><sln:gmNazwa>Jemielnica</sln:gmNazwa><sln:miejscIIPId>903a2da2-d2aa-4f6b-88da-ffb28a878c87</sln:miejscIIPId><sln:miejscIIPPn>PL.PZGIK.200</sln:miejscIIPPn><sln:miejscIIPWersja>2016-11-24T13:24:06+02:00</sln:miejscIIPWersja><sln:miejscIdTeryt>0495817</sln:miejscIdTeryt><sln:miejscNazwa>Wierchlesie</sln:miejscNazwa><sln:miejscRodzaj>Wieś</sln:miejscRodzaj><sln:powIIPId>2cb9f766-42de-4147-8a13-eb46789dca16</sln:powIIPId><sln:powIIPPn>PL.PZGIK.200</sln:powIIPPn><sln:powIIPWersja>2012-09-27T08:58:33+02:00</sln:powIIPWersja><sln:powIdTeryt>1611</sln:powIdTeryt><sln:powNazwa>strzelecki</sln:powNazwa><sln:wojIIPId>9bd0c42a-ca40-4b7d-9b5b-81aae3398015</sln:wojIIPId><sln:wojIIPPn>PL.PZGIK.200</sln:wojIIPPn><sln:wojIIPWersja>2017-10-10T00:00:00+02:00</sln:wojIIPWersja><sln:wojIdTeryt>16</sln:wojIdTeryt><sln:wojNazwa>opolskie</sln:wojNazwa></sln:miejscowosc><sln:miejscowosc><sln:cyklZyciaDo>2016-11-26T00:00:00+01:00</sln:cyklZyciaDo><sln:cyklZyciaOd>2015-06-29T00:00:00+02:00</sln:cyklZyciaOd><sln:gmIIPId>56926784-cf99-493c-a280-c983e070eb74</sln:gmIIPId><sln:gmIIPPn>PL.PZGIK.200</sln:gmIIPPn><sln:gmIIPWersja>2012-09-26T21:59:59+02:00</sln:gmIIPWersja><sln:gmIdTeryt>1611022</sln:gmIdTeryt><sln:gmNazwa>Jemielnica</sln:gmNazwa><sln:miejscIIPId>29431e03-5a34-4be8-a8c0-b56841d413c5</sln:miejscIIPId><sln:miejscIIPPn>PL.PZGIK.200</sln:miejscIIPPn><sln:miejscIIPWersja>2016-11-24T13:24:06+02:00</sln:miejscIIPWersja><sln:miejscIdTeryt>0495728</sln:miejscIdTeryt><sln:miejscNazwa>Zawodzie</sln:miejscNazwa><sln:miejscRodzaj>Inny obiekt</sln:miejscRodzaj><sln:powIIPId>2cb9f766-42de-4147-8a13-eb46789dca16</sln:powIIPId><sln:powIIPPn>PL.PZGIK.200</sln:powIIPPn><sln:powIIPWersja>2012-09-27T08:58:33+02:00</sln:powIIPWersja><sln:powIdTeryt>1611</sln:powIdTeryt><sln:powNazwa>strzelecki</sln:powNazwa><sln:wojIIPId>9bd0c42a-ca40-4b7d-9b5b-81aae3398015</sln:wojIIPId><sln:wojIIPPn>PL.PZGIK.200</sln:wojIIPPn><sln:wojIIPWersja>2017-10-10T00:00:00+02:00</sln:wojIIPWersja><sln:wojIdTeryt>16</sln:wojIdTeryt><sln:wojNazwa>opolskie</sln:wojNazwa></sln:miejscowosc><sln:miejscowosc><sln:cyklZyciaOd>2014-12-02T00:00:00+01:00</sln:cyklZyciaOd><sln:gmIIPId>56926784-cf99-493c-a280-c983e070eb74</sln:gmIIPId><sln:gmIIPPn>PL.PZGIK.200</sln:gmIIPPn><sln:gmIIPWersja>2012-09-26T21:59:59+02:00</sln:gmIIPWersja><sln:gmIdTeryt>1611022</sln:gmIdTeryt><sln:gmNazwa>Jemielnica</sln:gmNazwa><sln:miejscIIPId>26be5f75-815f-49f6-9276-7fad63e63b11</sln:miejscIIPId><sln:miejscIIPPn>PL.PZGIK.200</sln:miejscIIPPn><sln:miejscIIPWersja>2016-11-24T13:24:06+02:00</sln:miejscIIPWersja><sln:miejscIdTeryt>0495668</sln:miejscIdTeryt><sln:miejscNazwa>Barć</sln:miejscNazwa><sln:miejscRodzaj>Inny obiekt</sln:miejscRodzaj><sln:powIIPId>2cb9f766-42de-4147-8a13-eb46789dca16</sln:powIIPId><sln:powIIPPn>PL.PZGIK.200</sln:powIIPPn><sln:powIIPWersja>2012-09-27T08:58:33+02:00</sln:powIIPWersja><sln:powIdTeryt>1611</sln:powIdTeryt><sln:powNazwa>strzelecki</sln:powNazwa><sln:wojIIPId>9bd0c42a-ca40-4b7d-9b5b-81aae3398015</sln:wojIIPId><sln:wojIIPPn>PL.PZGIK.200</sln:wojIIPPn><sln:wojIIPWersja>2017-10-10T00:00:00+02:00</sln:wojIIPWersja><sln:wojIdTeryt>16</sln:wojIdTeryt><sln:wojNazwa>opolskie</sln:wojNazwa></sln:miejscowosc><sln:miejscowosc><sln:cyklZyciaOd>2014-12-02T00:00:00+01:00</sln:cyklZyciaOd><sln:gmIIPId>56926784-cf99-493c-a280-c983e070eb74</sln:gmIIPId><sln:gmIIPPn>PL.PZGIK.200</sln:gmIIPPn><sln:gmIIPWersja>2012-09-26T21:59:59+02:00</sln:gmIIPWersja><sln:gmIdTeryt>1611022</sln:gmIdTeryt><sln:gmNazwa>Jemielnica</sln:gmNazwa><sln:miejscIIPId>277c6dfd-88e3-4e94-a15c-883516c4d605</sln:miejscIIPId><sln:miejscIIPPn>PL.PZGIK.200</sln:miejscIIPPn><sln:miejscIIPWersja>2016-11-24T13:24:06+02:00</sln:miejscIIPWersja><sln:miejscIdTeryt>0495645</sln:miejscIdTeryt><sln:miejscNazwa>Kuźnia</sln:miejscNazwa><sln:miejscRodzaj>Inny obiekt</sln:miejscRodzaj><sln:powIIPId>2cb9f766-42de-4147-8a13-eb46789dca16</sln:powIIPId><sln:powIIPPn>PL.PZGIK.200</sln:powIIPPn><sln:powIIPWersja>2012-09-27T08:58:33+02:00</sln:powIIPWersja><sln:powIdTeryt>1611</sln:powIdTeryt><sln:powNazwa>strzelecki</sln:powNazwa><sln:wojIIPId>9bd0c42a-ca40-4b7d-9b5b-81aae3398015</sln:wojIIPId><sln:wojIIPPn>PL.PZGIK.200</sln:wojIIPPn><sln:wojIIPWersja>2017-10-10T00:00:00+02:00</sln:wojIIPWersja><sln:wojIdTeryt>16</sln:wojIdTeryt><sln:wojNazwa>opolskie</sln:wojNazwa></sln:miejscowosc><sln:miejscowosc><sln:cyklZyciaDo>2016-11-26T00:00:00+01:00</sln:cyklZyciaDo><sln:cyklZyciaOd>2015-06-29T00:00:00+02:00</sln:cyklZyciaOd><sln:gmIIPId>56926784-cf99-493c-a280-c983e070eb74</sln:gmIIPId><sln:gmIIPPn>PL.PZGIK.200</sln:gmIIPPn><sln:gmIIPWersja>2012-09-26T21:59:59+02:00</sln:gmIIPWersja><sln:gmIdTeryt>1611022</sln:gmIdTeryt><sln:gmNazwa>Jemielnica</sln:gmNazwa><sln:miejscIIPId>77a2110e-6220-433a-99c8-64b524edf016</sln:miejscIIPId><sln:miejscIIPPn>PL.PZGIK.200</sln:miejscIIPPn><sln:miejscIIPWersja>2016-11-24T13:24:08+02:00</sln:miejscIIPWersja><sln:miejscIdTeryt>0495757</sln:miejscIdTeryt><sln:miejscNazwa>Opaleniec</sln:miejscNazwa><sln:miejscRodzaj>Inny obiekt</sln:miejscRodzaj><sln:powIIPId>2cb9f766-42de-4147-8a13-eb46789dca16</sln:powIIPId><sln:powIIPPn>PL.PZGIK.200</sln:powIIPPn><sln:powIIPWersja>2012-09-27T08:58:33+02:00</sln:powIIPWersja><sln:powIdTeryt>1611</sln:powIdTeryt><sln:powNazwa>strzelecki</sln:powNazwa><sln:wojIIPId>9bd0c42a-ca40-4b7d-9b5b-81aae3398015</sln:wojIIPId><sln:wojIIPPn>PL.PZGIK.200</sln:wojIIPPn><sln:wojIIPWersja>2017-10-10T00:00:00+02:00</sln:wojIIPWersja><sln:wojIdTeryt>16</sln:wojIdTeryt><sln:wojNazwa>opolskie</sln:wojNazwa></sln:miejscowosc><sln:miejscowosc><sln:cyklZyciaOd>2014-12-02T00:00:00+01:00</sln:cyklZyciaOd><sln:gmIIPId>56926784-cf99-493c-a280-c983e070eb74</sln:gmIIPId><sln:gmIIPPn>PL.PZGIK.200</sln:gmIIPPn><sln:gmIIPWersja>2012-09-26T21:59:59+02:00</sln:gmIIPWersja><sln:gmIdTeryt>1611022</sln:gmIdTeryt><sln:gmNazwa>Jemielnica</sln:gmNazwa><sln:miejscIIPId>0448c478-fa91-4287-9f79-c1390320bbef</sln:miejscIIPId><sln:miejscIIPPn>PL.PZGIK.200</sln:miejscIIPPn><sln:miejscIIPWersja>2016-11-24T13:24:06+02:00</sln:miejscIIPWersja><sln:miejscIdTeryt>0495680</sln:miejscIdTeryt><sln:miejscNazwa>Dębina</sln:miejscNazwa><sln:miejscRodzaj>Inny obiekt</sln:miejscRodzaj><sln:powIIPId>2cb9f766-42de-4147-8a13-eb46789dca16</sln:powIIPId><sln:powIIPPn>PL.PZGIK.200</sln:powIIPPn><sln:powIIPWersja>2012-09-27T08:58:33+02:00</sln:powIIPWersja><sln:powIdTeryt>1611</sln:powIdTeryt><sln:powNazwa>strzelecki</sln:powNazwa><sln:wojIIPId>9bd0c42a-ca40-4b7d-9b5b-81aae3398015</sln:wojIIPId><sln:wojIIPPn>PL.PZGIK.200</sln:wojIIPPn><sln:wojIIPWersja>2017-10-10T00:00:00+02:00</sln:wojIIPWersja><sln:wojIdTeryt>16</sln:wojIdTeryt><sln:wojNazwa>opolskie</sln:wojNazwa></sln:miejscowosc><sln:miejscowosc><sln:cyklZyciaOd>2014-12-02T00:00:00+01:00</sln:cyklZyciaOd><sln:gmIIPId>56926784-cf99-493c-a280-c983e070eb74</sln:gmIIPId><sln:gmIIPPn>PL.PZGIK.200</sln:gmIIPPn><sln:gmIIPWersja>2012-09-26T21:59:59+02:00</sln:gmIIPWersja><sln:gmIdTeryt>1611022</sln:gmIdTeryt><sln:gmNazwa>Jemielnica</sln:gmNazwa><sln:miejscIIPId>77a9a97f-7054-40a0-a5ba-777cfb3e6043</sln:miejscIIPId><sln:miejscIIPPn>PL.PZGIK.200</sln:miejscIIPPn><sln:miejscIIPWersja>2016-11-24T13:24:06+02:00</sln:miejscIIPWersja><sln:miejscIdTeryt>0999080</sln:miejscIdTeryt><sln:miejscNazwa>Gaj</sln:miejscNazwa><sln:miejscRodzaj>Inny obiekt</sln:miejscRodzaj><sln:powIIPId>2cb9f766-42de-4147-8a13-eb46789dca16</sln:powIIPId><sln:powIIPPn>PL.PZGIK.200</sln:powIIPPn><sln:powIIPWersja>2012-09-27T08:58:33+02:00</sln:powIIPWersja><sln:powIdTeryt>1611</sln:powIdTeryt><sln:powNazwa>strzelecki</sln:powNazwa><sln:wojIIPId>9bd0c42a-ca40-4b7d-9b5b-81aae3398015</sln:wojIIPId><sln:wojIIPPn>PL.PZGIK.200</sln:wojIIPPn><sln:wojIIPWersja>2017-10-10T00:00:00+02:00</sln:wojIIPWersja><sln:wojIdTeryt>16</sln:wojIdTeryt><sln:wojNazwa>opolskie</sln:wojNazwa></sln:miejscowosc><sln:miejscowosc><sln:cyklZyciaOd>2014-12-02T00:00:00+01:00</sln:cyklZyciaOd><sln:gmIIPId>56926784-cf99-493c-a280-c983e070eb74</sln:gmIIPId><sln:gmIIPPn>PL.PZGIK.200</sln:gmIIPPn><sln:gmIIPWersja>2012-09-26T21:59:59+02:00</sln:gmIIPWersja><sln:gmIdTeryt>1611022</sln:gmIdTeryt><sln:gmNazwa>Jemielnica</sln:gmNazwa><sln:miejscIIPId>868e12fe-747e-43c8-b7c7-79987f6a653b</sln:miejscIIPId><sln:miejscIIPPn>PL.PZGIK.200</sln:miejscIIPPn><sln:miejscIIPWersja>2016-11-24T13:24:06+02:00</sln:miejscIIPWersja><sln:miejscIdTeryt>0495674</sln:miejscIdTeryt><sln:miejscNazwa>Bokowe</sln:miejscNazwa><sln:miejscRodzaj>Inny obiekt</sln:miejscRodzaj><sln:powIIPId>2cb9f766-42de-4147-8a13-eb46789dca16</sln:powIIPId><sln:powIIPPn>PL.PZGIK.200</sln:powIIPPn><sln:powIIPWersja>2012-09-27T08:58:33+02:00</sln:powIIPWersja><sln:powIdTeryt>1611</sln:powIdTeryt><sln:powNazwa>strzelecki</sln:powNazwa><sln:wojIIPId>9bd0c42a-ca40-4b7d-9b5b-81aae3398015</sln:wojIIPId><sln:wojIIPPn>PL.PZGIK.200</sln:wojIIPPn><sln:wojIIPWersja>2017-10-10T00:00:00+02:00</sln:wojIIPWersja><sln:wojIdTeryt>16</sln:wojIdTeryt><sln:wojNazwa>opolskie</sln:wojNazwa></sln:miejscowosc><sln:miejscowosc><sln:cyklZyciaDo>2015-06-29T00:00:00+02:00</sln:cyklZyciaDo><sln:cyklZyciaOd>2014-12-02T00:00:00+01:00</sln:cyklZyciaOd><sln:gmIIPId>56926784-cf99-493c-a280-c983e070eb74</sln:gmIIPId><sln:gmIIPPn>PL.PZGIK.200</sln:gmIIPPn><sln:gmIIPWersja>2012-09-26T21:59:59+02:00</sln:gmIIPWersja><sln:gmIdTeryt>1611022</sln:gmIdTeryt><sln:gmNazwa>Jemielnica</sln:gmNazwa><sln:miejscIIPId>77a2110e-6220-433a-99c8-64b524edf016</sln:miejscIIPId><sln:miejscIIPPn>PL.PZGIK.200</sln:miejscIIPPn><sln:miejscIIPWersja>2016-11-24T13:24:09+02:00</sln:miejscIIPWersja><sln:miejscIdTeryt>0495757</sln:miejscIdTeryt><sln:miejscNazwa>Opaleniec</sln:miejscNazwa><sln:miejscRodzaj>Inny obiekt</sln:miejscRodzaj><sln:powIIPId>2cb9f766-42de-4147-8a13-eb46789dca16</sln:powIIPId><sln:powIIPPn>PL.PZGIK.200</sln:powIIPPn><sln:powIIPWersja>2012-09-27T08:58:33+02:00</sln:powIIPWersja><sln:powIdTeryt>1611</sln:powIdTeryt><sln:powNazwa>strzelecki</sln:powNazwa><sln:wojIIPId>9bd0c42a-ca40-4b7d-9b5b-81aae3398015</sln:wojIIPId><sln:wojIIPPn>PL.PZGIK.200</sln:wojIIPPn><sln:wojIIPWersja>2017-10-10T00:00:00+02:00</sln:wojIIPWersja><sln:wojIdTeryt>16</sln:wojIdTeryt><sln:wojNazwa>opolskie</sln:wojNazwa></sln:miejscowosc><sln:miejscowosc><sln:cyklZyciaDo>2015-06-29T00:00:00+02:00</sln:cyklZyciaDo><sln:cyklZyciaOd>2014-12-02T00:00:00+01:00</sln:cyklZyciaOd><sln:gmIIPId>56926784-cf99-493c-a280-c983e070eb74</sln:gmIIPId><sln:gmIIPPn>PL.PZGIK.200</sln:gmIIPPn><sln:gmIIPWersja>2012-09-26T21:59:59+02:00</sln:gmIIPWersja><sln:gmIdTeryt>1611022</sln:gmIdTeryt><sln:gmNazwa>Jemielnica</sln:gmNazwa><sln:miejscIIPId>4898f3ec-3981-4728-818b-2bc3284d7e55</sln:miejscIIPId><sln:miejscIIPPn>PL.PZGIK.200</sln:miejscIIPPn><sln:miejscIIPWersja>2016-11-24T13:24:11+02:00</sln:miejscIIPWersja><sln:miejscIdTeryt>0495711</sln:miejscIdTeryt><sln:miejscNazwa>Śmiatek</sln:miejscNazwa><sln:miejscRodzaj>Inny obiekt</sln:miejscRodzaj><sln:powIIPId>2cb9f766-42de-4147-8a13-eb46789dca16</sln:powIIPId><sln:powIIPPn>PL.PZGIK.200</sln:powIIPPn><sln:powIIPWersja>2012-09-27T08:58:33+02:00</sln:powIIPWersja><sln:powIdTeryt>1611</sln:powIdTeryt><sln:powNazwa>strzelecki</sln:powNazwa><sln:wojIIPId>9bd0c42a-ca40-4b7d-9b5b-81aae3398015</sln:wojIIPId><sln:wojIIPPn>PL.PZGIK.200</sln:wojIIPPn><sln:wojIIPWersja>2017-10-10T00:00:00+02:00</sln:wojIIPWersja><sln:wojIdTeryt>16</sln:wojIdTeryt><sln:wojNazwa>opolskie</sln:wojNazwa></sln:miejscowosc><sln:miejscowosc><sln:cyklZyciaDo>2015-06-29T00:00:00+02:00</sln:cyklZyciaDo><sln:cyklZyciaOd>2014-12-02T00:00:00+01:00</sln:cyklZyciaOd><sln:gmIIPId>56926784-cf99-493c-a280-c983e070eb74</sln:gmIIPId><sln:gmIIPPn>PL.PZGIK.200</sln:gmIIPPn><sln:gmIIPWersja>2012-09-26T21:59:59+02:00</sln:gmIIPWersja><sln:gmIdTeryt>1611022</sln:gmIdTeryt><sln:gmNazwa>Jemielnica</sln:gmNazwa><sln:miejscIIPId>49a33d59-43fc-4ba8-8859-512d409769a5</sln:miejscIIPId><sln:miejscIIPPn>PL.PZGIK.200</sln:miejscIIPPn><sln:miejscIIPWersja>2016-11-24T13:24:12+02:00</sln:miejscIIPWersja><sln:miejscIdTeryt>0495740</sln:miejscIdTeryt><sln:miejscNazwa>Graniczny</sln:miejscNazwa><sln:miejscRodzaj>Osada</sln:miejscRodzaj><sln:powIIPId>2cb9f766-42de-4147-8a13-eb46789dca16</sln:powIIPId><sln:powIIPPn>PL.PZGIK.200</sln:powIIPPn><sln:powIIPWersja>2012-09-27T08:58:33+02:00</sln:powIIPWersja><sln:powIdTeryt>1611</sln:powIdTeryt><sln:powNazwa>strzelecki</sln:powNazwa><sln:wojIIPId>9bd0c42a-ca40-4b7d-9b5b-81aae3398015</sln:wojIIPId><sln:wojIIPPn>PL.PZGIK.200</sln:wojIIPPn><sln:wojIIPWersja>2017-10-10T00:00:00+02:00</sln:wojIIPWersja><sln:wojIdTeryt>16</sln:wojIdTeryt><sln:wojNazwa>opolskie</sln:wojNazwa></sln:miejscowosc><sln:miejscowosc><sln:cyklZyciaDo>2015-06-29T00:00:00+02:00</sln:cyklZyciaDo><sln:cyklZyciaOd>2014-12-02T00:00:00+01:00</sln:cyklZyciaOd><sln:gmIIPId>56926784-cf99-493c-a280-c983e070eb74</sln:gmIIPId><sln:gmIIPPn>PL.PZGIK.200</sln:gmIIPPn><sln:gmIIPWersja>2012-09-26T21:59:59+02:00</sln:gmIIPWersja><sln:gmIdTeryt>1611022</sln:gmIdTeryt><sln:gmNazwa>Jemielnica</sln:gmNazwa><sln:miejscIIPId>29431e03-5a34-4be8-a8c0-b56841d413c5</sln:miejscIIPId><sln:miejscIIPPn>PL.PZGIK.200</sln:miejscIIPPn><sln:miejscIIPWersja>2016-11-24T13:24:07+02:00</sln:miejscIIPWersja><sln:miejscIdTeryt>0495728</sln:miejscIdTeryt><sln:miejscNazwa>Zawodzie</sln:miejscNazwa><sln:miejscRodzaj>Inny obiekt</sln:miejscRodzaj><sln:powIIPId>2cb9f766-42de-4147-8a13-eb46789dca16</sln:powIIPId><sln:powIIPPn>PL.PZGIK.200</sln:powIIPPn><sln:powIIPWersja>2012-09-27T08:58:33+02:00</sln:powIIPWersja><sln:powIdTeryt>1611</sln:powIdTeryt><sln:powNazwa>strzelecki</sln:powNazwa><sln:wojIIPId>9bd0c42a-ca40-4b7d-9b5b-81aae3398015</sln:wojIIPId><sln:wojIIPPn>PL.PZGIK.200</sln:wojIIPPn><sln:wojIIPWersja>2017-10-10T00:00:00+02:00</sln:wojIIPWersja><sln:wojIdTeryt>16</sln:wojIdTeryt><sln:wojNazwa>opolskie</sln:wojNazwa></sln:miejscowosc><sln:miejscowosc><sln:cyklZyciaDo>2015-06-29T00:00:00+02:00</sln:cyklZyciaDo><sln:cyklZyciaOd>2014-12-02T00:00:00+01:00</sln:cyklZyciaOd><sln:gmIIPId>56926784-cf99-493c-a280-c983e070eb74</sln:gmIIPId><sln:gmIIPPn>PL.PZGIK.200</sln:gmIIPPn><sln:gmIIPWersja>2012-09-26T21:59:59+02:00</sln:gmIIPWersja><sln:gmIdTeryt>1611022</sln:gmIdTeryt><sln:gmNazwa>Jemielnica</sln:gmNazwa><sln:miejscIIPId>b094273a-f063-4c36-8b41-613639e44614</sln:miejscIIPId><sln:miejscIIPPn>PL.PZGIK.200</sln:miejscIIPPn><sln:miejscIIPWersja>2016-11-24T13:24:08+02:00</sln:miejscIIPWersja><sln:miejscIdTeryt>0495734</sln:miejscIdTeryt><sln:miejscNazwa>Gajdowe</sln:miejscNazwa><sln:miejscRodzaj>Inny obiekt</sln:miejscRodzaj><sln:powIIPId>2cb9f766-42de-4147-8a13-eb46789dca16</sln:powIIPId><sln:powIIPPn>PL.PZGIK.200</sln:powIIPPn><sln:powIIPWersja>2012-09-27T08:58:33+02:00</sln:powIIPWersja><sln:powIdTeryt>1611</sln:powIdTeryt><sln:powNazwa>strzelecki</sln:powNazwa><sln:wojIIPId>9bd0c42a-ca40-4b7d-9b5b-81aae3398015</sln:wojIIPId><sln:wojIIPPn>PL.PZGIK.200</sln:wojIIPPn><sln:wojIIPWersja>2017-10-10T00:00:00+02:00</sln:wojIIPWersja><sln:wojIdTeryt>16</sln:wojIdTeryt><sln:wojNazwa>opolskie</sln:wojNazwa></sln:miejscowosc><sln:miejscowosc><sln:cyklZyciaDo>2015-06-29T00:00:00+02:00</sln:cyklZyciaDo><sln:cyklZyciaOd>2014-12-02T00:00:00+01:00</sln:cyklZyciaOd><sln:gmIIPId>56926784-cf99-493c-a280-c983e070eb74</sln:gmIIPId><sln:gmIIPPn>PL.PZGIK.200</sln:gmIIPPn><sln:gmIIPWersja>2012-09-26T21:59:59+02:00</sln:gmIIPWersja><sln:gmIdTeryt>1611022</sln:gmIdTeryt><sln:gmNazwa>Jemielnica</sln:gmNazwa><sln:miejscIIPId>a4ffabc2-091b-472f-bf7d-8f51c552b733</sln:miejscIIPId><sln:miejscIIPPn>PL.PZGIK.200</sln:miejscIIPPn><sln:miejscIIPWersja>2016-11-24T13:24:10+02:00</sln:miejscIIPWersja><sln:miejscIdTeryt>0495705</sln:miejscIdTeryt><sln:miejscNazwa>Borek</sln:miejscNazwa><sln:miejscRodzaj>Inny obiekt</sln:miejscRodzaj><sln:powIIPId>2cb9f766-42de-4147-8a13-eb46789dca16</sln:powIIPId><sln:powIIPPn>PL.PZGIK.200</sln:powIIPPn><sln:powIIPWersja>2012-09-27T08:58:33+02:00</sln:powIIPWersja><sln:powIdTeryt>1611</sln:powIdTeryt><sln:powNazwa>strzelecki</sln:powNazwa><sln:wojIIPId>9bd0c42a-ca40-4b7d-9b5b-81aae3398015</sln:wojIIPId><sln:wojIIPPn>PL.PZGIK.200</sln:wojIIPPn><sln:wojIIPWersja>2017-10-10T00:00:00+02:00</sln:wojIIPWersja><sln:wojIdTeryt>16</sln:wojIdTeryt><sln:wojNazwa>opolskie</sln:wojNazwa></sln:miejscowosc></sln:lista-miejscowosci>