<?xml version="1.0" encoding="UTF-8" standalone="yes"?><sln:lista-miejscowosci xmlns:srv="http://gugik.gov.pl/schemas/slowniki-service/1.0" xmlns:sln="http://gugik.gov.pl/schemas/slowniki-schema/1.0"><sln:miejscowosc><sln:cyklZyciaDo>2017-08-16T00:00:00+02:00</sln:cyklZyciaDo><sln:cyklZyciaOd>2015-11-13T00:00:00+01:00</sln:cyklZyciaOd><sln:gmIIPId>03b23c0c-218f-4632-870e-a72f2534849a</sln:gmIIPId><sln:gmIIPPn>PL.PZGIK.200</sln:gmIIPPn><sln:gmIIPWersja>2012-09-26T21:59:59+02:00</sln:gmIIPWersja><sln:gmIdTeryt>1611033</sln:gmIdTeryt><sln:gmNazwa>Kolonowskie</sln:gmNazwa><sln:miejscIIPId>e7d8cef8-7ce0-4315-89b3-0e0787d1dded</sln:miejscIIPId><sln:miejscIIPPn>PL.PZGIK.200</sln:miejscIIPPn><sln:miejscIIPWersja>2016-11-24T13:17:21+02:00</sln:miejscIIPWersja><sln:miejscIdTeryt>0965631</sln:miejscIdTeryt><sln:miejscNazwa>Kolonowskie</sln:miejscNazwa><sln:miejscRodzaj>Miasto</sln:miejscRodzaj><sln:powIIPId>2cb9f766-42de-4147-8a13-eb46789dca16</sln:powIIPId><sln:powIIPPn>PL.PZGIK.200</sln:powIIPPn><sln:powIIPWersja>2012-09-27T08:58:33+02:00</sln:powIIPWersja><sln:powIdTeryt>1611</sln:powIdTeryt><sln:powNazwa>strzelecki</sln:powNazwa><sln:waznyOd>2014-11-04T00:00:00+01:00</sln:waznyOd><sln:wojIIPId>9bd0c42a-ca40-4b7d-9b5b-81aae3398015</sln:wojIIPId><sln:wojIIPPn>PL.PZGIK.200</sln:wojIIPPn><sln:wojIIPWersja>2017-10-10T00:00:00+02:00</sln:wojIIPWersja><sln:wojIdTeryt>16</sln:wojIdTeryt><sln:wojNazwa>opolskie</sln:wojNazwa></sln:miejscowosc><sln:miejscowosc><sln:cyklZyciaDo>2017-08-16T00:00:00+02:00</sln:cyklZyciaDo><sln:cyklZyciaOd>2015-11-13T00:00:00+01:00</sln:cyklZyciaOd><sln:gmIIPId>03b23c0c-218f-4632-870e-a72f2534849a</sln:gmIIPId><sln:gmIIPPn>PL.PZGIK.200</sln:gmIIPPn><sln:gmIIPWersja>2012-09-26T21:59:59+02:00</sln:gmIIPWersja><sln:gmIdTeryt>1611033</sln:gmIdTeryt><sln:gmNazwa>Kolonowskie</sln:gmNazwa><sln:miejscIIPId>27235045-331d-4f8d-8828-3cbf16423020</sln:miejscIIPId><sln:miejscIIPPn>PL.PZGIK.200</sln:miejscIIPPn><sln:miejscIIPWersja>2016-11-24T10:44:31+02:00</sln:miejscIIPWersja><sln:miejscIdTeryt>0496685</sln:miejscIdTeryt><sln:miejscNazwa>Spórok</sln:miejscNazwa><sln:miejscRodzaj>Wieś</sln:miejscRodzaj><sln:powIIPId>2cb9f766-42de-4147-8a13-eb46789dca16</sln:powIIPId><sln:powIIPPn>PL.PZGIK.200</sln:powIIPPn><sln:powIIPWersja>2012-09-27T08:58:33+02:00</sln:powIIPWersja><sln:powIdTeryt>1611</sln:powIdTeryt><sln:powNazwa>strzelecki</sln:powNazwa><sln:waznyOd>2014-11-05T00:00:00+01:00</sln:waznyOd><sln:wojIIPId>9bd0c42a-ca40-4b7d-9b5b-81aae3398015</sln:wojIIPId><sln:wojIIPPn>PL.PZGIK.200</sln:wojIIPPn><sln:wojIIPWersja>2017-10-10T00:00:00+02:00</sln:wojIIPWersja><sln:wojIdTeryt>16</sln:wojIdTeryt><sln:wojNazwa>opolskie</sln:wojNazwa></sln:miejscowosc><sln:miejscowosc><sln:cyklZyciaDo>2017-08-16T00:00:00+02:00</sln:cyklZyciaDo><sln:cyklZyciaOd>2015-11-13T00:00:00+01:00</sln:cyklZyciaOd><sln:gmIIPId>03b23c0c-218f-4632-870e-a72f2534849a</sln:gmIIPId><sln:gmIIPPn>PL.PZGIK.200</sln:gmIIPPn><sln:gmIIPWersja>2012-09-26T21:59:59+02:00</sln:gmIIPWersja><sln:gmIdTeryt>1611033</sln:gmIdTeryt><sln:gmNazwa>Kolonowskie</sln:gmNazwa><sln:miejscIIPId>973e4d6f-0ead-42d4-b7f9-aba3a74532e4</sln:miejscIIPId><sln:miejscIIPPn>PL.PZGIK.200</sln:miejscIIPPn><sln:miejscIIPWersja>2016-11-24T10:44:31+02:00</sln:miejscIIPWersja><sln:miejscIdTeryt>0496716</sln:miejscIdTeryt><sln:miejscNazwa>Staniszcze Małe</sln:miejscNazwa><sln:miejscRodzaj>Wieś</sln:miejscRodzaj><sln:powIIPId>2cb9f766-42de-4147-8a13-eb46789dca16</sln:powIIPId><sln:powIIPPn>PL.PZGIK.200</sln:powIIPPn><sln:powIIPWersja>2012-09-27T08:58:33+02:00</sln:powIIPWersja><sln:powIdTeryt>1611</sln:powIdTeryt><sln:powNazwa>strzelecki</sln:powNazwa><sln:waznyOd>2014-11-04T00:00:00+01:00</sln:waznyOd><sln:wojIIPId>9bd0c42a-ca40-4b7d-9b5b-81aae3398015</sln:wojIIPId><sln:wojIIPPn>PL.PZGIK.200</sln:wojIIPPn><sln:wojIIPWersja>2017-10-10T00:00:00+02:00</sln:wojIIPWersja><sln:wojIdTeryt>16</sln:wojIdTeryt><sln:wojNazwa>opolskie</sln:wojNazwa></sln:miejscowosc><sln:miejscowosc><sln:cyklZyciaDo>2017-08-16T00:00:00+02:00</sln:cyklZyciaDo><sln:cyklZyciaOd>2015-11-13T00:00:00+01:00</sln:cyklZyciaOd><sln:gmIIPId>03b23c0c-218f-4632-870e-a72f2534849a</sln:gmIIPId><sln:gmIIPPn>PL.PZGIK.200</sln:gmIIPPn><sln:gmIIPWersja>2012-09-26T21:59:59+02:00</sln:gmIIPWersja><sln:gmIdTeryt>1611033</sln:gmIdTeryt><sln:gmNazwa>Kolonowskie</sln:gmNazwa><sln:miejscIIPId>1155d0a0-cbf9-406c-8163-a199d521c7ef</sln:miejscIIPId><sln:miejscIIPPn>PL.PZGIK.200</sln:miejscIIPPn><sln:miejscIIPWersja>2016-11-24T10:44:31+02:00</sln:miejscIIPWersja><sln:miejscIdTeryt>0496745</sln:miejscIdTeryt><sln:miejscNazwa>Staniszcze Wielkie</sln:miejscNazwa><sln:miejscRodzaj>Wieś</sln:miejscRodzaj><sln:powIIPId>2cb9f766-42de-4147-8a13-eb46789dca16</sln:powIIPId><sln:powIIPPn>PL.PZGIK.200</sln:powIIPPn><sln:powIIPWersja>2012-09-27T08:58:33+02:00</sln:powIIPWersja><sln:powIdTeryt>1611</sln:powIdTeryt><sln:powNazwa>strzelecki</sln:powNazwa><sln:waznyOd>2014-11-04T00:00:00+01:00</sln:waznyOd><sln:wojIIPId>9bd0c42a-ca40-4b7d-9b5b-81aae3398015</sln:wojIIPId><sln:wojIIPPn>PL.PZGIK.200</sln:wojIIPPn><sln:wojIIPWersja>2017-10-10T00:00:00+02:00</sln:wojIIPWersja><sln:wojIdTeryt>16</sln:wojIdTeryt><sln:wojNazwa>opolskie</sln:wojNazwa></sln:miejscowosc><sln:miejscowosc><sln:cyklZyciaOd>2017-08-16T00:00:00+02:00</sln:cyklZyciaOd><sln:gmIIPId>03b23c0c-218f-4632-870e-a72f2534849a</sln:gmIIPId><sln:gmIIPPn>PL.PZGIK.200</sln:gmIIPPn><sln:gmIIPWersja>2012-09-26T21:59:59+02:00</sln:gmIIPWersja><sln:gmIdTeryt>1611033</sln:gmIdTeryt><sln:gmNazwa>Kolonowskie</sln:gmNazwa><sln:miejscIIPId>4dd20ccb-4836-43dc-99bd-b9d7e9c4ecab</sln:miejscIIPId><sln:miejscIIPPn>PL.PZGIK.200</sln:miejscIIPPn><sln:miejscIIPWersja>2017-08-16T14:56:49+02:00</sln:miejscIIPWersja><sln:miejscIdTeryt>0496685</sln:miejscIdTeryt><sln:miejscNazwa>Spórok</sln:miejscNazwa><sln:miejscRodzaj>Wieś</sln:miejscRodzaj><sln:powIIPId>2cb9f766-42de-4147-8a13-eb46789dca16</sln:powIIPId><sln:powIIPPn>PL.PZGIK.200</sln:powIIPPn><sln:powIIPWersja>2012-09-27T08:58:33+02:00</sln:powIIPWersja><sln:powIdTeryt>1611</sln:powIdTeryt><sln:powNazwa>strzelecki</sln:powNazwa><sln:wojIIPId>9bd0c42a-ca40-4b7d-9b5b-81aae3398015</sln:wojIIPId><sln:wojIIPPn>PL.PZGIK.200</sln:wojIIPPn><sln:wojIIPWersja>2017-10-10T00:00:00+02:00</sln:wojIIPWersja><sln:wojIdTeryt>16</sln:wojIdTeryt><sln:wojNazwa>opolskie</sln:wojNazwa></sln:miejscowosc><sln:miejscowosc><sln:cyklZyciaOd>2017-08-16T00:00:00+02:00</sln:cyklZyciaOd><sln:gmIIPId>03b23c0c-218f-4632-870e-a72f2534849a</sln:gmIIPId><sln:gmIIPPn>PL.PZGIK.200</sln:gmIIPPn><sln:gmIIPWersja>2012-09-26T21:59:59+02:00</sln:gmIIPWersja><sln:gmIdTeryt>1611033</sln:gmIdTeryt><sln:gmNazwa>Kolonowskie</sln:gmNazwa><sln:miejscIIPId>539e1944-bcb6-4356-bb30-ff067902dcde</sln:miejscIIPId><sln:miejscIIPPn>PL.PZGIK.200</sln:miejscIIPPn><sln:miejscIIPWersja>2017-08-16T14:56:55+02:00</sln:miejscIIPWersja><sln:miejscIdTeryt>0496716</sln:miejscIdTeryt><sln:miejscNazwa>Staniszcze Małe</sln:miejscNazwa><sln:miejscRodzaj>Wieś</sln:miejscRodzaj><sln:powIIPId>2cb9f766-42de-4147-8a13-eb46789dca16</sln:powIIPId><sln:powIIPPn>PL.PZGIK.200</sln:powIIPPn><sln:powIIPWersja>2012-09-27T08:58:33+02:00</sln:powIIPWersja><sln:powIdTeryt>1611</sln:powIdTeryt><sln:powNazwa>strzelecki</sln:powNazwa><sln:wojIIPId>9bd0c42a-ca40-4b7d-9b5b-81aae3398015</sln:wojIIPId><sln:wojIIPPn>PL.PZGIK.200</sln:wojIIPPn><sln:wojIIPWersja>2017-10-10T00:00:00+02:00</sln:wojIIPWersja><sln:wojIdTeryt>16</sln:wojIdTeryt><sln:wojNazwa>opolskie</sln:wojNazwa></sln:miejscowosc><sln:miejscowosc><sln:cyklZyciaOd>2017-08-16T00:00:00+02:00</sln:cyklZyciaOd><sln:gmIIPId>03b23c0c-218f-4632-870e-a72f2534849a</sln:gmIIPId><sln:gmIIPPn>PL.PZGIK.200</sln:gmIIPPn><sln:gmIIPWersja>2012-09-26T21:59:59+02:00</sln:gmIIPWersja><sln:gmIdTeryt>1611033</sln:gmIdTeryt><sln:gmNazwa>Kolonowskie</sln:gmNazwa><sln:miejscIIPId>2b51249e-2f95-4cf7-9f77-5ed46896b54d</sln:miejscIIPId><sln:miejscIIPPn>PL.PZGIK.200</sln:miejscIIPPn><sln:miejscIIPWersja>2017-08-16T14:56:55+02:00</sln:miejscIIPWersja><sln:miejscIdTeryt>0496745</sln:miejscIdTeryt><sln:miejscNazwa>Staniszcze Wielkie</sln:miejscNazwa><sln:miejscRodzaj>Wieś</sln:miejscRodzaj><sln:powIIPId>2cb9f766-42de-4147-8a13-eb46789dca16</sln:powIIPId><sln:powIIPPn>PL.PZGIK.200</sln:powIIPPn><sln:powIIPWersja>2012-09-27T08:58:33+02:00</sln:powIIPWersja><sln:powIdTeryt>1611</sln:powIdTeryt><sln:powNazwa>strzelecki</sln:powNazwa><sln:wojIIPId>9bd0c42a-ca40-4b7d-9b5b-81aae3398015</sln:wojIIPId><sln:wojIIPPn>PL.PZGIK.200</sln:wojIIPPn><sln:wojIIPWersja>2017-10-10T00:00:00+02:00</sln:wojIIPWersja><sln:wojIdTeryt>16</sln:wojIdTeryt><sln:wojNazwa>opolskie</sln:wojNazwa></sln:miejscowosc><sln:miejscowosc><sln:cyklZyciaOd>2017-08-16T00:00:00+02:00</sln:cyklZyciaOd><sln:gmIIPId>03b23c0c-218f-4632-870e-a72f2534849a</sln:gmIIPId><sln:gmIIPPn>PL.PZGIK.200</sln:gmIIPPn><sln:gmIIPWersja>2012-09-26T21:59:59+02:00</sln:gmIIPWersja><sln:gmIdTeryt>1611033</sln:gmIdTeryt><sln:gmNazwa>Kolonowskie</sln:gmNazwa><sln:miejscIIPId>b5cacd71-16ff-4500-b39a-02a83419b806</sln:miejscIIPId><sln:miejscIIPPn>PL.PZGIK.200</sln:miejscIIPPn><sln:miejscIIPWersja>2017-08-16T14:56:55+02:00</sln:miejscIIPWersja><sln:miejscIdTeryt>0965631</sln:miejscIdTeryt><sln:miejscNazwa>Kolonowskie</sln:miejscNazwa><sln:miejscRodzaj>Miasto</sln:miejscRodzaj><sln:powIIPId>2cb9f766-42de-4147-8a13-eb46789dca16</sln:powIIPId><sln:powIIPPn>PL.PZGIK.200</sln:powIIPPn><sln:powIIPWersja>2012-09-27T08:58:33+02:00</sln:powIIPWersja><sln:powIdTeryt>1611</sln:powIdTeryt><sln:powNazwa>strzelecki</sln:powNazwa><sln:wojIIPId>9bd0c42a-ca40-4b7d-9b5b-81aae3398015</sln:wojIIPId><sln:wojIIPPn>PL.PZGIK.200</sln:wojIIPPn><sln:wojIIPWersja>2017-10-10T00:00:00+02:00</sln:wojIIPWersja><sln:wojIdTeryt>16</sln:wojIdTeryt><sln:wojNazwa>opolskie</sln:wojNazwa></sln:miejscowosc><sln:miejscowosc><sln:cyklZyciaOd>2017-08-16T00:00:00+02:00</sln:cyklZyciaOd><sln:gmIIPId>03b23c0c-218f-4632-870e-a72f2534849a</sln:gmIIPId><sln:gmIIPPn>PL.PZGIK.200</sln:gmIIPPn><sln:gmIIPWersja>2012-09-26T21:59:59+02:00</sln:gmIIPWersja><sln:gmIdTeryt>1611033</sln:gmIdTeryt><sln:gmNazwa>Kolonowskie</sln:gmNazwa><sln:miejscIIPId>a65eaa86-bdd7-4704-b83b-b29d61e05729</sln:miejscIIPId><sln:miejscIIPPn>PL.PZGIK.200</sln:miejscIIPPn><sln:miejscIIPWersja>2017-08-16T14:56:55+02:00</sln:miejscIIPWersja><sln:miejscIdTeryt>0496739</sln:miejscIdTeryt><sln:miejscNIIPId>b5cacd71-16ff-4500-b39a-02a83419b806</sln:miejscNIIPId><sln:miejscNIIPPn>PL.PZGIK.200</sln:miejscNIIPPn><sln:miejscNIIPWersja>2017-08-16T14:56:55+02:00</sln:miejscNIIPWersja><sln:miejscNIdTeryt>0965631</sln:miejscNIdTeryt><sln:miejscNNazwa>Kolonowskie</sln:miejscNNazwa><sln:miejscNRodzaj>Miasto</sln:miejscNRodzaj><sln:miejscNazwa>Magda</sln:miejscNazwa><sln:miejscRodzaj>Osada</sln:miejscRodzaj><sln:powIIPId>2cb9f766-42de-4147-8a13-eb46789dca16</sln:powIIPId><sln:powIIPPn>PL.PZGIK.200</sln:powIIPPn><sln:powIIPWersja>2012-09-27T08:58:33+02:00</sln:powIIPWersja><sln:powIdTeryt>1611</sln:powIdTeryt><sln:powNazwa>strzelecki</sln:powNazwa><sln:wojIIPId>9bd0c42a-ca40-4b7d-9b5b-81aae3398015</sln:wojIIPId><sln:wojIIPPn>PL.PZGIK.200</sln:wojIIPPn><sln:wojIIPWersja>2017-10-10T00:00:00+02:00</sln:wojIIPWersja><sln:wojIdTeryt>16</sln:wojIdTeryt><sln:wojNazwa>opolskie</sln:wojNazwa></sln:miejscowosc><sln:miejscowosc><sln:cyklZyciaOd>2017-08-16T00:00:00+02:00</sln:cyklZyciaOd><sln:gmIIPId>03b23c0c-218f-4632-870e-a72f2534849a</sln:gmIIPId><sln:gmIIPPn>PL.PZGIK.200</sln:gmIIPPn><sln:gmIIPWersja>2012-09-26T21:59:59+02:00</sln:gmIIPWersja><sln:gmIdTeryt>1611033</sln:gmIdTeryt><sln:gmNazwa>Kolonowskie</sln:gmNazwa><sln:miejscIIPId>6c2e5865-e0e3-40b7-963a-38636a6e375f</sln:miejscIIPId><sln:miejscIIPPn>PL.PZGIK.200</sln:miejscIIPPn><sln:miejscIIPWersja>2017-08-16T14:56:55+02:00</sln:miejscIIPWersja><sln:miejscIdTeryt>0496691</sln:miejscIdTeryt><sln:miejscNIIPId>4dd20ccb-4836-43dc-99bd-b9d7e9c4ecab</sln:miejscNIIPId><sln:miejscNIIPPn>PL.PZGIK.200</sln:miejscNIIPPn><sln:miejscNIIPWersja>2017-08-16T14:56:49+02:00</sln:miejscNIIPWersja><sln:miejscNIdTeryt>0496685</sln:miejscNIdTeryt><sln:miejscNNazwa>Spórok</sln:miejscNNazwa><sln:miejscNRodzaj>Wieś</sln:miejscNRodzaj><sln:miejscNazwa>Baniak</sln:miejscNazwa><sln:miejscRodzaj>Inny obiekt</sln:miejscRodzaj><sln:powIIPId>2cb9f766-42de-4147-8a13-eb46789dca16</sln:powIIPId><sln:powIIPPn>PL.PZGIK.200</sln:powIIPPn><sln:powIIPWersja>2012-09-27T08:58:33+02:00</sln:powIIPWersja><sln:powIdTeryt>1611</sln:powIdTeryt><sln:powNazwa>strzelecki</sln:powNazwa><sln:wojIIPId>9bd0c42a-ca40-4b7d-9b5b-81aae3398015</sln:wojIIPId><sln:wojIIPPn>PL.PZGIK.200</sln:wojIIPPn><sln:wojIIPWersja>2017-10-10T00:00:00+02:00</sln:wojIIPWersja><sln:wojIdTeryt>16</sln:wojIdTeryt><sln:wojNazwa>opolskie</sln:wojNazwa></sln:miejscowosc><sln:miejscowosc><sln:cyklZyciaOd>2017-08-16T00:00:00+02:00</sln:cyklZyciaOd><sln:gmIIPId>03b23c0c-218f-4632-870e-a72f2534849a</sln:gmIIPId><sln:gmIIPPn>PL.PZGIK.200</sln:gmIIPPn><sln:gmIIPWersja>2012-09-26T21:59:59+02:00</sln:gmIIPWersja><sln:gmIdTeryt>1611033</sln:gmIdTeryt><sln:gmNazwa>Kolonowskie</sln:gmNazwa><sln:miejscIIPId>73f0e073-b0a4-4203-8c8c-3974cda7b8f9</sln:miejscIIPId><sln:miejscIIPPn>PL.PZGIK.200</sln:miejscIIPPn><sln:miejscIIPWersja>2017-08-16T14:56:55+02:00</sln:miejscIIPWersja><sln:miejscIdTeryt>0496700</sln:miejscIdTeryt><sln:miejscNIIPId>4dd20ccb-4836-43dc-99bd-b9d7e9c4ecab</sln:miejscNIIPId><sln:miejscNIIPPn>PL.PZGIK.200</sln:miejscNIIPPn><sln:miejscNIIPWersja>2017-08-16T14:56:49+02:00</sln:miejscNIIPWersja><sln:miejscNIdTeryt>0496685</sln:miejscNIdTeryt><sln:miejscNNazwa>Spórok</sln:miejscNNazwa><sln:miejscNRodzaj>Wieś</sln:miejscNRodzaj><sln:miejscNazwa>Baniak</sln:miejscNazwa><sln:miejscRodzaj>Inny obiekt</sln:miejscRodzaj><sln:powIIPId>2cb9f766-42de-4147-8a13-eb46789dca16</sln:powIIPId><sln:powIIPPn>PL.PZGIK.200</sln:powIIPPn><sln:powIIPWersja>2012-09-27T08:58:33+02:00</sln:powIIPWersja><sln:powIdTeryt>1611</sln:powIdTeryt><sln:powNazwa>strzelecki</sln:powNazwa><sln:wojIIPId>9bd0c42a-ca40-4b7d-9b5b-81aae3398015</sln:wojIIPId><sln:wojIIPPn>PL.PZGIK.200</sln:wojIIPPn><sln:wojIIPWersja>2017-10-10T00:00:00+02:00</sln:wojIIPWersja><sln:wojIdTeryt>16</sln:wojIdTeryt><sln:wojNazwa>opolskie</sln:wojNazwa></sln:miejscowosc><sln:miejscowosc><sln:cyklZyciaOd>2017-08-16T00:00:00+02:00</sln:cyklZyciaOd><sln:gmIIPId>03b23c0c-218f-4632-870e-a72f2534849a</sln:gmIIPId><sln:gmIIPPn>PL.PZGIK.200</sln:gmIIPPn><sln:gmIIPWersja>2012-09-26T21:59:59+02:00</sln:gmIIPWersja><sln:gmIdTeryt>1611033</sln:gmIdTeryt><sln:gmNazwa>Kolonowskie</sln:gmNazwa><sln:miejscIIPId>4bdf2fc7-9173-4d06-aa5a-6da956a2d119</sln:miejscIIPId><sln:miejscIIPPn>PL.PZGIK.200</sln:miejscIIPPn><sln:miejscIIPWersja>2017-08-16T14:56:55+02:00</sln:miejscIIPWersja><sln:miejscIdTeryt>0496722</sln:miejscIdTeryt><sln:miejscNIIPId>539e1944-bcb6-4356-bb30-ff067902dcde</sln:miejscNIIPId><sln:miejscNIIPPn>PL.PZGIK.200</sln:miejscNIIPPn><sln:miejscNIIPWersja>2017-08-16T14:56:55+02:00</sln:miejscNIIPWersja><sln:miejscNIdTeryt>0496716</sln:miejscNIdTeryt><sln:miejscNNazwa>Staniszcze Małe</sln:miejscNNazwa><sln:miejscNRodzaj>Wieś</sln:miejscNRodzaj><sln:miejscNazwa>Granica</sln:miejscNazwa><sln:miejscRodzaj>Osada</sln:miejscRodzaj><sln:powIIPId>2cb9f766-42de-4147-8a13-eb46789dca16</sln:powIIPId><sln:powIIPPn>PL.PZGIK.200</sln:powIIPPn><sln:powIIPWersja>2012-09-27T08:58:33+02:00</sln:powIIPWersja><sln:powIdTeryt>1611</sln:powIdTeryt><sln:powNazwa>strzelecki</sln:powNazwa><sln:wojIIPId>9bd0c42a-ca40-4b7d-9b5b-81aae3398015</sln:wojIIPId><sln:wojIIPPn>PL.PZGIK.200</sln:wojIIPPn><sln:wojIIPWersja>2017-10-10T00:00:00+02:00</sln:wojIIPWersja><sln:wojIdTeryt>16</sln:wojIdTeryt><sln:wojNazwa>opolskie</sln:wojNazwa></sln:miejscowosc><sln:miejscowosc><sln:cyklZyciaOd>2017-08-16T00:00:00+02:00</sln:cyklZyciaOd><sln:gmIIPId>03b23c0c-218f-4632-870e-a72f2534849a</sln:gmIIPId><sln:gmIIPPn>PL.PZGIK.200</sln:gmIIPPn><sln:gmIIPWersja>2012-09-26T21:59:59+02:00</sln:gmIIPWersja><sln:gmIdTeryt>1611033</sln:gmIdTeryt><sln:gmNazwa>Kolonowskie</sln:gmNazwa><sln:miejscIIPId>4a60994f-1b4f-4776-9e02-ec6bec53c9da</sln:miejscIIPId><sln:miejscIIPPn>PL.PZGIK.200</sln:miejscIIPPn><sln:miejscIIPWersja>2017-08-16T14:56:56+02:00</sln:miejscIIPWersja><sln:miejscIdTeryt>0496768</sln:miejscIdTeryt><sln:miejscNIIPId>2b51249e-2f95-4cf7-9f77-5ed46896b54d</sln:miejscNIIPId><sln:miejscNIIPPn>PL.PZGIK.200</sln:miejscNIIPPn><sln:miejscNIIPWersja>2017-08-16T14:56:55+02:00</sln:miejscNIIPWersja><sln:miejscNIdTeryt>0496745</sln:miejscNIdTeryt><sln:miejscNNazwa>Staniszcze Wielkie</sln:miejscNNazwa><sln:miejscNRodzaj>Wieś</sln:miejscNRodzaj><sln:miejscNazwa>Kowalowskie</sln:miejscNazwa><sln:miejscRodzaj>Inny obiekt</sln:miejscRodzaj><sln:powIIPId>2cb9f766-42de-4147-8a13-eb46789dca16</sln:powIIPId><sln:powIIPPn>PL.PZGIK.200</sln:powIIPPn><sln:powIIPWersja>2012-09-27T08:58:33+02:00</sln:powIIPWersja><sln:powIdTeryt>1611</sln:powIdTeryt><sln:powNazwa>strzelecki</sln:powNazwa><sln:wojIIPId>9bd0c42a-ca40-4b7d-9b5b-81aae3398015</sln:wojIIPId><sln:wojIIPPn>PL.PZGIK.200</sln:wojIIPPn><sln:wojIIPWersja>2017-10-10T00:00:00+02:00</sln:wojIIPWersja><sln:wojIdTeryt>16</sln:wojIdTeryt><sln:wojNazwa>opolskie</sln:wojNazwa></sln:miejscowosc><sln:miejscowosc><sln:cyklZyciaOd>2017-08-16T00:00:00+02:00</sln:cyklZyciaOd><sln:gmIIPId>03b23c0c-218f-4632-870e-a72f2534849a</sln:gmIIPId><sln:gmIIPPn>PL.PZGIK.200</sln:gmIIPPn><sln:gmIIPWersja>2012-09-26T21:59:59+02:00</sln:gmIIPWersja><sln:gmIdTeryt>1611033</sln:gmIdTeryt><sln:gmNazwa>Kolonowskie</sln:gmNazwa><sln:miejscIIPId>dd53f895-a87e-4d9a-9aec-bff1ba944b4d</sln:miejscIIPId><sln:miejscIIPPn>PL.PZGIK.200</sln:miejscIIPPn><sln:miejscIIPWersja>2017-08-16T14:56:56+02:00</sln:miejscIIPWersja><sln:miejscIdTeryt>0496751</sln:miejscIdTeryt><sln:miejscNIIPId>2b51249e-2f95-4cf7-9f77-5ed46896b54d</sln:miejscNIIPId><sln:miejscNIIPPn>PL.PZGIK.200</sln:miejscNIIPPn><sln:miejscNIIPWersja>2017-08-16T14:56:55+02:00</sln:miejscNIIPWersja><sln:miejscNIdTeryt>0496745</sln:miejscNIdTeryt><sln:miejscNNazwa>Staniszcze Wielkie</sln:miejscNNazwa><sln:miejscNRodzaj>Wieś</sln:miejscNRodzaj><sln:miejscNazwa>Jaźwina</sln:miejscNazwa><sln:miejscRodzaj>Inny obiekt</sln:miejscRodzaj><sln:powIIPId>2cb9f766-42de-4147-8a13-eb46789dca16</sln:powIIPId><sln:powIIPPn>PL.PZGIK.200</sln:powIIPPn><sln:powIIPWersja>2012-09-27T08:58:33+02:00</sln:powIIPWersja><sln:powIdTeryt>1611</sln:powIdTeryt><sln:powNazwa>strzelecki</sln:powNazwa><sln:wojIIPId>9bd0c42a-ca40-4b7d-9b5b-81aae3398015</sln:wojIIPId><sln:wojIIPPn>PL.PZGIK.200</sln:wojIIPPn><sln:wojIIPWersja>2017-10-10T00:00:00+02:00</sln:wojIIPWersja><sln:wojIdTeryt>16</sln:wojIdTeryt><sln:wojNazwa>opolskie</sln:wojNazwa></sln:miejscowosc><sln:miejscowosc><sln:cyklZyciaOd>2017-08-16T00:00:00+02:00</sln:cyklZyciaOd><sln:gmIIPId>03b23c0c-218f-4632-870e-a72f2534849a</sln:gmIIPId><sln:gmIIPPn>PL.PZGIK.200</sln:gmIIPPn><sln:gmIIPWersja>2012-09-26T21:59:59+02:00</sln:gmIIPWersja><sln:gmIdTeryt>1611033</sln:gmIdTeryt><sln:gmNazwa>Kolonowskie</sln:gmNazwa><sln:miejscIIPId>9d466558-c84b-4afc-add3-7428fa273803</sln:miejscIIPId><sln:miejscIIPPn>PL.PZGIK.200</sln:miejscIIPPn><sln:miejscIIPWersja>2017-08-16T14:56:56+02:00</sln:miejscIIPWersja><sln:miejscIdTeryt>0965648</sln:miejscIdTeryt><sln:miejscNIIPId>b5cacd71-16ff-4500-b39a-02a83419b806</sln:miejscNIIPId><sln:miejscNIIPPn>PL.PZGIK.200</sln:miejscNIIPPn><sln:miejscNIIPWersja>2017-08-16T14:56:55+02:00</sln:miejscNIIPWersja><sln:miejscNIdTeryt>0965631</sln:miejscNIdTeryt><sln:miejscNNazwa>Kolonowskie</sln:miejscNNazwa><sln:miejscNRodzaj>Miasto</sln:miejscNRodzaj><sln:miejscNazwa>Brzyniczka</sln:miejscNazwa><sln:miejscRodzaj>Inny obiekt</sln:miejscRodzaj><sln:powIIPId>2cb9f766-42de-4147-8a13-eb46789dca16</sln:powIIPId><sln:powIIPPn>PL.PZGIK.200</sln:powIIPPn><sln:powIIPWersja>2012-09-27T08:58:33+02:00</sln:powIIPWersja><sln:powIdTeryt>1611</sln:powIdTeryt><sln:powNazwa>strzelecki</sln:powNazwa><sln:wojIIPId>9bd0c42a-ca40-4b7d-9b5b-81aae3398015</sln:wojIIPId><sln:wojIIPPn>PL.PZGIK.200</sln:wojIIPPn><sln:wojIIPWersja>2017-10-10T00:00:00+02:00</sln:wojIIPWersja><sln:wojIdTeryt>16</sln:wojIdTeryt><sln:wojNazwa>opolskie</sln:wojNazwa></sln:miejscowosc><sln:miejscowosc><sln:cyklZyciaOd>2017-08-16T00:00:00+02:00</sln:cyklZyciaOd><sln:gmIIPId>03b23c0c-218f-4632-870e-a72f2534849a</sln:gmIIPId><sln:gmIIPPn>PL.PZGIK.200</sln:gmIIPPn><sln:gmIIPWersja>2012-09-26T21:59:59+02:00</sln:gmIIPWersja><sln:gmIdTeryt>1611033</sln:gmIdTeryt><sln:gmNazwa>Kolonowskie</sln:gmNazwa><sln:miejscIIPId>ea1f5f7e-fc83-4aec-914b-eec2233b9b4b</sln:miejscIIPId><sln:miejscIIPPn>PL.PZGIK.200</sln:miejscIIPPn><sln:miejscIIPWersja>2017-08-16T14:56:56+02:00</sln:miejscIIPWersja><sln:miejscIdTeryt>0965654</sln:miejscIdTeryt><sln:miejscNIIPId>b5cacd71-16ff-4500-b39a-02a83419b806</sln:miejscNIIPId><sln:miejscNIIPPn>PL.PZGIK.200</sln:miejscNIIPPn><sln:miejscNIIPWersja>2017-08-16T14:56:55+02:00</sln:miejscNIIPWersja><sln:miejscNIdTeryt>0965631</sln:miejscNIdTeryt><sln:miejscNNazwa>Kolonowskie</sln:miejscNNazwa><sln:miejscNRodzaj>Miasto</sln:miejscNRodzaj><sln:miejscNazwa>Fosowskie</sln:miejscNazwa><sln:miejscRodzaj>Inny obiekt</sln:miejscRodzaj><sln:powIIPId>2cb9f766-42de-4147-8a13-eb46789dca16</sln:powIIPId><sln:powIIPPn>PL.PZGIK.200</sln:powIIPPn><sln:powIIPWersja>2012-09-27T08:58:33+02:00</sln:powIIPWersja><sln:powIdTeryt>1611</sln:powIdTeryt><sln:powNazwa>strzelecki</sln:powNazwa><sln:wojIIPId>9bd0c42a-ca40-4b7d-9b5b-81aae3398015</sln:wojIIPId><sln:wojIIPPn>PL.PZGIK.200</sln:wojIIPPn><sln:wojIIPWersja>2017-10-10T00:00:00+02:00</sln:wojIIPWersja><sln:wojIdTeryt>16</sln:wojIdTeryt><sln:wojNazwa>opolskie</sln:wojNazwa></sln:miejscowosc><sln:miejscowosc><sln:cyklZyciaOd>2017-08-16T00:00:00+02:00</sln:cyklZyciaOd><sln:gmIIPId>03b23c0c-218f-4632-870e-a72f2534849a</sln:gmIIPId><sln:gmIIPPn>PL.PZGIK.200</sln:gmIIPPn><sln:gmIIPWersja>2012-09-26T21:59:59+02:00</sln:gmIIPWersja><sln:gmIdTeryt>1611033</sln:gmIdTeryt><sln:gmNazwa>Kolonowskie</sln:gmNazwa><sln:miejscIIPId>6f43ee55-dbf6-4734-9ff3-9516b77a52a3</sln:miejscIIPId><sln:miejscIIPPn>PL.PZGIK.200</sln:miejscIIPPn><sln:miejscIIPWersja>2017-08-16T14:56:56+02:00</sln:miejscIIPWersja><sln:miejscIdTeryt>0965660</sln:miejscIdTeryt><sln:miejscNIIPId>b5cacd71-16ff-4500-b39a-02a83419b806</sln:miejscNIIPId><sln:miejscNIIPPn>PL.PZGIK.200</sln:miejscNIIPPn><sln:miejscNIIPWersja>2017-08-16T14:56:55+02:00</sln:miejscNIIPWersja><sln:miejscNIdTeryt>0965631</sln:miejscNIdTeryt><sln:miejscNNazwa>Kolonowskie</sln:miejscNNazwa><sln:miejscNRodzaj>Miasto</sln:miejscNRodzaj><sln:miejscNazwa>Haraszowskie</sln:miejscNazwa><sln:miejscRodzaj>Inny obiekt</sln:miejscRodzaj><sln:powIIPId>2cb9f766-42de-4147-8a13-eb46789dca16</sln:powIIPId><sln:powIIPPn>PL.PZGIK.200</sln:powIIPPn><sln:powIIPWersja>2012-09-27T08:58:33+02:00</sln:powIIPWersja><sln:powIdTeryt>1611</sln:powIdTeryt><sln:powNazwa>strzelecki</sln:powNazwa><sln:wojIIPId>9bd0c42a-ca40-4b7d-9b5b-81aae3398015</sln:wojIIPId><sln:wojIIPPn>PL.PZGIK.200</sln:wojIIPPn><sln:wojIIPWersja>2017-10-10T00:00:00+02:00</sln:wojIIPWersja><sln:wojIdTeryt>16</sln:wojIdTeryt><sln:wojNazwa>opolskie</sln:wojNazwa></sln:miejscowosc></sln:lista-miejscowosci>