<?xml version="1.0" encoding="UTF-8" standalone="yes"?><sln:lista-miejscowosci xmlns:srv="http://gugik.gov.pl/schemas/slowniki-service/1.0" xmlns:sln="http://gugik.gov.pl/schemas/slowniki-schema/1.0"><sln:miejscowosc><sln:cyklZyciaDo>2017-04-07T00:00:00+02:00</sln:cyklZyciaDo><sln:cyklZyciaOd>2014-10-01T00:00:00+02:00</sln:cyklZyciaOd><sln:gmIIPId>18f324bf-7ff6-42b0-a2e9-bdf42bb56f6c</sln:gmIIPId><sln:gmIIPPn>PL.PZGIK.200</sln:gmIIPPn><sln:gmIIPWersja>2017-10-10T00:00:00+02:00</sln:gmIIPWersja><sln:gmIdTeryt>1607013</sln:gmIdTeryt><sln:gmNazwa>Głuchołazy</sln:gmNazwa><sln:miejscIIPId>2b64172c-225c-494b-a5a3-157ccaa0b7c5</sln:miejscIIPId><sln:miejscIIPPn>PL.PZGIK.200</sln:miejscIIPPn><sln:miejscIIPWersja>2016-11-24T13:24:04+02:00</sln:miejscIIPWersja><sln:miejscIdTeryt>0494663</sln:miejscIdTeryt><sln:miejscNazwa>Burgrabice</sln:miejscNazwa><sln:miejscRodzaj>Wieś</sln:miejscRodzaj><sln:powIIPId>845d9522-06aa-4ba2-81b5-e39f63fafd1f</sln:powIIPId><sln:powIIPPn>PL.PZGIK.200</sln:powIIPPn><sln:powIIPWersja>2017-10-10T00:00:00+02:00</sln:powIIPWersja><sln:powIdTeryt>1607</sln:powIdTeryt><sln:powNazwa>nyski</sln:powNazwa><sln:wojIIPId>9bd0c42a-ca40-4b7d-9b5b-81aae3398015</sln:wojIIPId><sln:wojIIPPn>PL.PZGIK.200</sln:wojIIPPn><sln:wojIIPWersja>2017-10-10T00:00:00+02:00</sln:wojIIPWersja><sln:wojIdTeryt>16</sln:wojIdTeryt><sln:wojNazwa>opolskie</sln:wojNazwa></sln:miejscowosc><sln:miejscowosc><sln:cyklZyciaDo>2017-04-07T00:00:00+02:00</sln:cyklZyciaDo><sln:cyklZyciaOd>2014-10-01T00:00:00+02:00</sln:cyklZyciaOd><sln:gmIIPId>18f324bf-7ff6-42b0-a2e9-bdf42bb56f6c</sln:gmIIPId><sln:gmIIPPn>PL.PZGIK.200</sln:gmIIPPn><sln:gmIIPWersja>2017-10-10T00:00:00+02:00</sln:gmIIPWersja><sln:gmIdTeryt>1607013</sln:gmIdTeryt><sln:gmNazwa>Głuchołazy</sln:gmNazwa><sln:miejscIIPId>7586f361-809f-4d3d-94ed-3ab5c778e2f5</sln:miejscIIPId><sln:miejscIIPPn>PL.PZGIK.200</sln:miejscIIPPn><sln:miejscIIPWersja>2016-11-24T13:24:04+02:00</sln:miejscIIPWersja><sln:miejscIdTeryt>0494858</sln:miejscIdTeryt><sln:miejscNazwa>Stary Las</sln:miejscNazwa><sln:miejscRodzaj>Wieś</sln:miejscRodzaj><sln:powIIPId>845d9522-06aa-4ba2-81b5-e39f63fafd1f</sln:powIIPId><sln:powIIPPn>PL.PZGIK.200</sln:powIIPPn><sln:powIIPWersja>2017-10-10T00:00:00+02:00</sln:powIIPWersja><sln:powIdTeryt>1607</sln:powIdTeryt><sln:powNazwa>nyski</sln:powNazwa><sln:wojIIPId>9bd0c42a-ca40-4b7d-9b5b-81aae3398015</sln:wojIIPId><sln:wojIIPPn>PL.PZGIK.200</sln:wojIIPPn><sln:wojIIPWersja>2017-10-10T00:00:00+02:00</sln:wojIIPWersja><sln:wojIdTeryt>16</sln:wojIdTeryt><sln:wojNazwa>opolskie</sln:wojNazwa></sln:miejscowosc><sln:miejscowosc><sln:cyklZyciaDo>2017-04-07T00:00:00+02:00</sln:cyklZyciaDo><sln:cyklZyciaOd>2014-10-01T00:00:00+02:00</sln:cyklZyciaOd><sln:gmIIPId>18f324bf-7ff6-42b0-a2e9-bdf42bb56f6c</sln:gmIIPId><sln:gmIIPPn>PL.PZGIK.200</sln:gmIIPPn><sln:gmIIPWersja>2017-10-10T00:00:00+02:00</sln:gmIIPWersja><sln:gmIdTeryt>1607013</sln:gmIdTeryt><sln:gmNazwa>Głuchołazy</sln:gmNazwa><sln:miejscIIPId>ba897a51-a044-4837-bcb5-a5c931d44c62</sln:miejscIIPId><sln:miejscIIPPn>PL.PZGIK.200</sln:miejscIIPPn><sln:miejscIIPWersja>2016-11-24T13:24:04+02:00</sln:miejscIIPWersja><sln:miejscIdTeryt>0494835</sln:miejscIdTeryt><sln:miejscNazwa>Pokrzywna</sln:miejscNazwa><sln:miejscRodzaj>Wieś</sln:miejscRodzaj><sln:powIIPId>845d9522-06aa-4ba2-81b5-e39f63fafd1f</sln:powIIPId><sln:powIIPPn>PL.PZGIK.200</sln:powIIPPn><sln:powIIPWersja>2017-10-10T00:00:00+02:00</sln:powIIPWersja><sln:powIdTeryt>1607</sln:powIdTeryt><sln:powNazwa>nyski</sln:powNazwa><sln:wojIIPId>9bd0c42a-ca40-4b7d-9b5b-81aae3398015</sln:wojIIPId><sln:wojIIPPn>PL.PZGIK.200</sln:wojIIPPn><sln:wojIIPWersja>2017-10-10T00:00:00+02:00</sln:wojIIPWersja><sln:wojIdTeryt>16</sln:wojIdTeryt><sln:wojNazwa>opolskie</sln:wojNazwa></sln:miejscowosc><sln:miejscowosc><sln:cyklZyciaDo>2017-04-07T00:00:00+02:00</sln:cyklZyciaDo><sln:cyklZyciaOd>2014-10-01T00:00:00+02:00</sln:cyklZyciaOd><sln:gmIIPId>18f324bf-7ff6-42b0-a2e9-bdf42bb56f6c</sln:gmIIPId><sln:gmIIPPn>PL.PZGIK.200</sln:gmIIPPn><sln:gmIIPWersja>2017-10-10T00:00:00+02:00</sln:gmIIPWersja><sln:gmIdTeryt>1607013</sln:gmIdTeryt><sln:gmNazwa>Głuchołazy</sln:gmNazwa><sln:miejscIIPId>271aef9b-f742-4d17-bba2-1f818dd0d605</sln:miejscIIPId><sln:miejscIIPPn>PL.PZGIK.200</sln:miejscIIPPn><sln:miejscIIPWersja>2016-11-24T13:24:04+02:00</sln:miejscIIPWersja><sln:miejscIdTeryt>0494812</sln:miejscIdTeryt><sln:miejscNazwa>Podlesie</sln:miejscNazwa><sln:miejscRodzaj>Wieś</sln:miejscRodzaj><sln:powIIPId>845d9522-06aa-4ba2-81b5-e39f63fafd1f</sln:powIIPId><sln:powIIPPn>PL.PZGIK.200</sln:powIIPPn><sln:powIIPWersja>2017-10-10T00:00:00+02:00</sln:powIIPWersja><sln:powIdTeryt>1607</sln:powIdTeryt><sln:powNazwa>nyski</sln:powNazwa><sln:wojIIPId>9bd0c42a-ca40-4b7d-9b5b-81aae3398015</sln:wojIIPId><sln:wojIIPPn>PL.PZGIK.200</sln:wojIIPPn><sln:wojIIPWersja>2017-10-10T00:00:00+02:00</sln:wojIIPWersja><sln:wojIdTeryt>16</sln:wojIdTeryt><sln:wojNazwa>opolskie</sln:wojNazwa></sln:miejscowosc><sln:miejscowosc><sln:cyklZyciaDo>2017-04-07T00:00:00+02:00</sln:cyklZyciaDo><sln:cyklZyciaOd>2014-10-01T00:00:00+02:00</sln:cyklZyciaOd><sln:gmIIPId>18f324bf-7ff6-42b0-a2e9-bdf42bb56f6c</sln:gmIIPId><sln:gmIIPPn>PL.PZGIK.200</sln:gmIIPPn><sln:gmIIPWersja>2017-10-10T00:00:00+02:00</sln:gmIIPWersja><sln:gmIdTeryt>1607013</sln:gmIdTeryt><sln:gmNazwa>Głuchołazy</sln:gmNazwa><sln:miejscIIPId>547c1cee-1904-40a0-8ca0-c469c5f4f12e</sln:miejscIIPId><sln:miejscIIPPn>PL.PZGIK.200</sln:miejscIIPPn><sln:miejscIIPWersja>2016-11-24T13:24:04+02:00</sln:miejscIIPWersja><sln:miejscIdTeryt>0494887</sln:miejscIdTeryt><sln:miejscNazwa>Wilamowice Nyskie</sln:miejscNazwa><sln:miejscRodzaj>Wieś</sln:miejscRodzaj><sln:powIIPId>845d9522-06aa-4ba2-81b5-e39f63fafd1f</sln:powIIPId><sln:powIIPPn>PL.PZGIK.200</sln:powIIPPn><sln:powIIPWersja>2017-10-10T00:00:00+02:00</sln:powIIPWersja><sln:powIdTeryt>1607</sln:powIdTeryt><sln:powNazwa>nyski</sln:powNazwa><sln:wojIIPId>9bd0c42a-ca40-4b7d-9b5b-81aae3398015</sln:wojIIPId><sln:wojIIPPn>PL.PZGIK.200</sln:wojIIPPn><sln:wojIIPWersja>2017-10-10T00:00:00+02:00</sln:wojIIPWersja><sln:wojIdTeryt>16</sln:wojIdTeryt><sln:wojNazwa>opolskie</sln:wojNazwa></sln:miejscowosc><sln:miejscowosc><sln:cyklZyciaDo>2017-04-07T00:00:00+02:00</sln:cyklZyciaDo><sln:cyklZyciaOd>2014-10-01T00:00:00+02:00</sln:cyklZyciaOd><sln:gmIIPId>18f324bf-7ff6-42b0-a2e9-bdf42bb56f6c</sln:gmIIPId><sln:gmIIPPn>PL.PZGIK.200</sln:gmIIPPn><sln:gmIIPWersja>2017-10-10T00:00:00+02:00</sln:gmIIPWersja><sln:gmIdTeryt>1607013</sln:gmIdTeryt><sln:gmNazwa>Głuchołazy</sln:gmNazwa><sln:miejscIIPId>c5c7ce5c-7751-40af-af02-ad2d7b2902da</sln:miejscIIPId><sln:miejscIIPPn>PL.PZGIK.200</sln:miejscIIPPn><sln:miejscIIPWersja>2016-11-24T13:24:04+02:00</sln:miejscIIPWersja><sln:miejscIdTeryt>0494870</sln:miejscIdTeryt><sln:miejscNazwa>Polski Świętów</sln:miejscNazwa><sln:miejscRodzaj>Wieś</sln:miejscRodzaj><sln:powIIPId>845d9522-06aa-4ba2-81b5-e39f63fafd1f</sln:powIIPId><sln:powIIPPn>PL.PZGIK.200</sln:powIIPPn><sln:powIIPWersja>2017-10-10T00:00:00+02:00</sln:powIIPWersja><sln:powIdTeryt>1607</sln:powIdTeryt><sln:powNazwa>nyski</sln:powNazwa><sln:wojIIPId>9bd0c42a-ca40-4b7d-9b5b-81aae3398015</sln:wojIIPId><sln:wojIIPPn>PL.PZGIK.200</sln:wojIIPPn><sln:wojIIPWersja>2017-10-10T00:00:00+02:00</sln:wojIIPWersja><sln:wojIdTeryt>16</sln:wojIdTeryt><sln:wojNazwa>opolskie</sln:wojNazwa></sln:miejscowosc><sln:miejscowosc><sln:cyklZyciaDo>2017-04-07T00:00:00+02:00</sln:cyklZyciaDo><sln:cyklZyciaOd>2014-10-01T00:00:00+02:00</sln:cyklZyciaOd><sln:gmIIPId>18f324bf-7ff6-42b0-a2e9-bdf42bb56f6c</sln:gmIIPId><sln:gmIIPPn>PL.PZGIK.200</sln:gmIIPPn><sln:gmIIPWersja>2017-10-10T00:00:00+02:00</sln:gmIIPWersja><sln:gmIdTeryt>1607013</sln:gmIdTeryt><sln:gmNazwa>Głuchołazy</sln:gmNazwa><sln:miejscIIPId>f499c621-6222-4022-998c-5c68a7f3501a</sln:miejscIIPId><sln:miejscIIPPn>PL.PZGIK.200</sln:miejscIIPPn><sln:miejscIIPWersja>2016-11-24T13:24:04+02:00</sln:miejscIIPWersja><sln:miejscIdTeryt>0494686</sln:miejscIdTeryt><sln:miejscNazwa>Gierałcice</sln:miejscNazwa><sln:miejscRodzaj>Wieś</sln:miejscRodzaj><sln:powIIPId>845d9522-06aa-4ba2-81b5-e39f63fafd1f</sln:powIIPId><sln:powIIPPn>PL.PZGIK.200</sln:powIIPPn><sln:powIIPWersja>2017-10-10T00:00:00+02:00</sln:powIIPWersja><sln:powIdTeryt>1607</sln:powIdTeryt><sln:powNazwa>nyski</sln:powNazwa><sln:wojIIPId>9bd0c42a-ca40-4b7d-9b5b-81aae3398015</sln:wojIIPId><sln:wojIIPPn>PL.PZGIK.200</sln:wojIIPPn><sln:wojIIPWersja>2017-10-10T00:00:00+02:00</sln:wojIIPWersja><sln:wojIdTeryt>16</sln:wojIdTeryt><sln:wojNazwa>opolskie</sln:wojNazwa></sln:miejscowosc><sln:miejscowosc><sln:cyklZyciaDo>2017-04-07T00:00:00+02:00</sln:cyklZyciaDo><sln:cyklZyciaOd>2014-10-01T00:00:00+02:00</sln:cyklZyciaOd><sln:gmIIPId>18f324bf-7ff6-42b0-a2e9-bdf42bb56f6c</sln:gmIIPId><sln:gmIIPPn>PL.PZGIK.200</sln:gmIIPPn><sln:gmIIPWersja>2017-10-10T00:00:00+02:00</sln:gmIIPWersja><sln:gmIdTeryt>1607013</sln:gmIdTeryt><sln:gmNazwa>Głuchołazy</sln:gmNazwa><sln:miejscIIPId>39416549-b798-40f4-9c9a-97d4a287e769</sln:miejscIIPId><sln:miejscIIPPn>PL.PZGIK.200</sln:miejscIIPPn><sln:miejscIIPWersja>2016-11-24T13:24:04+02:00</sln:miejscIIPWersja><sln:miejscIdTeryt>0494670</sln:miejscIdTeryt><sln:miejscNazwa>Charbielin</sln:miejscNazwa><sln:miejscRodzaj>Wieś</sln:miejscRodzaj><sln:powIIPId>845d9522-06aa-4ba2-81b5-e39f63fafd1f</sln:powIIPId><sln:powIIPPn>PL.PZGIK.200</sln:powIIPPn><sln:powIIPWersja>2017-10-10T00:00:00+02:00</sln:powIIPWersja><sln:powIdTeryt>1607</sln:powIdTeryt><sln:powNazwa>nyski</sln:powNazwa><sln:wojIIPId>9bd0c42a-ca40-4b7d-9b5b-81aae3398015</sln:wojIIPId><sln:wojIIPPn>PL.PZGIK.200</sln:wojIIPPn><sln:wojIIPWersja>2017-10-10T00:00:00+02:00</sln:wojIIPWersja><sln:wojIdTeryt>16</sln:wojIdTeryt><sln:wojNazwa>opolskie</sln:wojNazwa></sln:miejscowosc><sln:miejscowosc><sln:cyklZyciaDo>2017-04-07T00:00:00+02:00</sln:cyklZyciaDo><sln:cyklZyciaOd>2014-10-01T00:00:00+02:00</sln:cyklZyciaOd><sln:gmIIPId>18f324bf-7ff6-42b0-a2e9-bdf42bb56f6c</sln:gmIIPId><sln:gmIIPPn>PL.PZGIK.200</sln:gmIIPPn><sln:gmIIPWersja>2017-10-10T00:00:00+02:00</sln:gmIIPWersja><sln:gmIdTeryt>1607013</sln:gmIdTeryt><sln:gmNazwa>Głuchołazy</sln:gmNazwa><sln:miejscIIPId>7e98a7df-3dd5-4b20-9dca-389b15482f30</sln:miejscIIPId><sln:miejscIIPPn>PL.PZGIK.200</sln:miejscIIPPn><sln:miejscIIPWersja>2016-11-24T13:24:04+02:00</sln:miejscIIPWersja><sln:miejscIdTeryt>0494864</sln:miejscIdTeryt><sln:miejscNazwa>Sucha Kamienica</sln:miejscNazwa><sln:miejscRodzaj>Wieś</sln:miejscRodzaj><sln:powIIPId>845d9522-06aa-4ba2-81b5-e39f63fafd1f</sln:powIIPId><sln:powIIPPn>PL.PZGIK.200</sln:powIIPPn><sln:powIIPWersja>2017-10-10T00:00:00+02:00</sln:powIIPWersja><sln:powIdTeryt>1607</sln:powIdTeryt><sln:powNazwa>nyski</sln:powNazwa><sln:wojIIPId>9bd0c42a-ca40-4b7d-9b5b-81aae3398015</sln:wojIIPId><sln:wojIIPPn>PL.PZGIK.200</sln:wojIIPPn><sln:wojIIPWersja>2017-10-10T00:00:00+02:00</sln:wojIIPWersja><sln:wojIdTeryt>16</sln:wojIdTeryt><sln:wojNazwa>opolskie</sln:wojNazwa></sln:miejscowosc><sln:miejscowosc><sln:cyklZyciaDo>2017-04-07T00:00:00+02:00</sln:cyklZyciaDo><sln:cyklZyciaOd>2014-10-01T00:00:00+02:00</sln:cyklZyciaOd><sln:gmIIPId>18f324bf-7ff6-42b0-a2e9-bdf42bb56f6c</sln:gmIIPId><sln:gmIIPPn>PL.PZGIK.200</sln:gmIIPPn><sln:gmIIPWersja>2017-10-10T00:00:00+02:00</sln:gmIIPWersja><sln:gmIdTeryt>1607013</sln:gmIdTeryt><sln:gmNazwa>Głuchołazy</sln:gmNazwa><sln:miejscIIPId>a4f1ccba-1a8d-4f61-a547-c11d5cc8cf9b</sln:miejscIIPId><sln:miejscIIPPn>PL.PZGIK.200</sln:miejscIIPPn><sln:miejscIIPWersja>2016-11-24T13:24:04+02:00</sln:miejscIIPWersja><sln:miejscIdTeryt>0494841</sln:miejscIdTeryt><sln:miejscNazwa>Sławniowice</sln:miejscNazwa><sln:miejscRodzaj>Wieś</sln:miejscRodzaj><sln:powIIPId>845d9522-06aa-4ba2-81b5-e39f63fafd1f</sln:powIIPId><sln:powIIPPn>PL.PZGIK.200</sln:powIIPPn><sln:powIIPWersja>2017-10-10T00:00:00+02:00</sln:powIIPWersja><sln:powIdTeryt>1607</sln:powIdTeryt><sln:powNazwa>nyski</sln:powNazwa><sln:wojIIPId>9bd0c42a-ca40-4b7d-9b5b-81aae3398015</sln:wojIIPId><sln:wojIIPPn>PL.PZGIK.200</sln:wojIIPPn><sln:wojIIPWersja>2017-10-10T00:00:00+02:00</sln:wojIIPWersja><sln:wojIdTeryt>16</sln:wojIdTeryt><sln:wojNazwa>opolskie</sln:wojNazwa></sln:miejscowosc><sln:miejscowosc><sln:cyklZyciaDo>2017-04-07T00:00:00+02:00</sln:cyklZyciaDo><sln:cyklZyciaOd>2014-10-01T00:00:00+02:00</sln:cyklZyciaOd><sln:gmIIPId>18f324bf-7ff6-42b0-a2e9-bdf42bb56f6c</sln:gmIIPId><sln:gmIIPPn>PL.PZGIK.200</sln:gmIIPPn><sln:gmIIPWersja>2017-10-10T00:00:00+02:00</sln:gmIIPWersja><sln:gmIdTeryt>1607013</sln:gmIdTeryt><sln:gmNazwa>Głuchołazy</sln:gmNazwa><sln:miejscIIPId>72fd8488-81a3-4550-80ef-b27fed313028</sln:miejscIIPId><sln:miejscIIPPn>PL.PZGIK.200</sln:miejscIIPPn><sln:miejscIIPWersja>2016-11-24T13:24:04+02:00</sln:miejscIIPWersja><sln:miejscIdTeryt>0494781</sln:miejscIdTeryt><sln:miejscNazwa>Nowy Świętów</sln:miejscNazwa><sln:miejscRodzaj>Wieś</sln:miejscRodzaj><sln:powIIPId>845d9522-06aa-4ba2-81b5-e39f63fafd1f</sln:powIIPId><sln:powIIPPn>PL.PZGIK.200</sln:powIIPPn><sln:powIIPWersja>2017-10-10T00:00:00+02:00</sln:powIIPWersja><sln:powIdTeryt>1607</sln:powIdTeryt><sln:powNazwa>nyski</sln:powNazwa><sln:wojIIPId>9bd0c42a-ca40-4b7d-9b5b-81aae3398015</sln:wojIIPId><sln:wojIIPPn>PL.PZGIK.200</sln:wojIIPPn><sln:wojIIPWersja>2017-10-10T00:00:00+02:00</sln:wojIIPWersja><sln:wojIdTeryt>16</sln:wojIdTeryt><sln:wojNazwa>opolskie</sln:wojNazwa></sln:miejscowosc><sln:miejscowosc><sln:cyklZyciaDo>2017-04-07T00:00:00+02:00</sln:cyklZyciaDo><sln:cyklZyciaOd>2014-10-01T00:00:00+02:00</sln:cyklZyciaOd><sln:gmIIPId>18f324bf-7ff6-42b0-a2e9-bdf42bb56f6c</sln:gmIIPId><sln:gmIIPPn>PL.PZGIK.200</sln:gmIIPPn><sln:gmIIPWersja>2017-10-10T00:00:00+02:00</sln:gmIIPWersja><sln:gmIdTeryt>1607013</sln:gmIdTeryt><sln:gmNazwa>Głuchołazy</sln:gmNazwa><sln:miejscIIPId>e19cfbc3-86da-4b4f-af1a-f96f99136933</sln:miejscIIPId><sln:miejscIIPPn>PL.PZGIK.200</sln:miejscIIPPn><sln:miejscIIPWersja>2016-11-24T13:24:04+02:00</sln:miejscIIPWersja><sln:miejscIdTeryt>0494829</sln:miejscIdTeryt><sln:miejscNazwa>Gęstwina</sln:miejscNazwa><sln:miejscRodzaj>Inny obiekt</sln:miejscRodzaj><sln:powIIPId>845d9522-06aa-4ba2-81b5-e39f63fafd1f</sln:powIIPId><sln:powIIPPn>PL.PZGIK.200</sln:powIIPPn><sln:powIIPWersja>2017-10-10T00:00:00+02:00</sln:powIIPWersja><sln:powIdTeryt>1607</sln:powIdTeryt><sln:powNazwa>nyski</sln:powNazwa><sln:wojIIPId>9bd0c42a-ca40-4b7d-9b5b-81aae3398015</sln:wojIIPId><sln:wojIIPPn>PL.PZGIK.200</sln:wojIIPPn><sln:wojIIPWersja>2017-10-10T00:00:00+02:00</sln:wojIIPWersja><sln:wojIdTeryt>16</sln:wojIdTeryt><sln:wojNazwa>opolskie</sln:wojNazwa></sln:miejscowosc><sln:miejscowosc><sln:cyklZyciaDo>2017-04-07T00:00:00+02:00</sln:cyklZyciaDo><sln:cyklZyciaOd>2014-10-01T00:00:00+02:00</sln:cyklZyciaOd><sln:gmIIPId>18f324bf-7ff6-42b0-a2e9-bdf42bb56f6c</sln:gmIIPId><sln:gmIIPPn>PL.PZGIK.200</sln:gmIIPPn><sln:gmIIPWersja>2017-10-10T00:00:00+02:00</sln:gmIIPWersja><sln:gmIdTeryt>1607013</sln:gmIdTeryt><sln:gmNazwa>Głuchołazy</sln:gmNazwa><sln:miejscIIPId>4a0ccead-875a-40d0-bc65-7d38d1587e89</sln:miejscIIPId><sln:miejscIIPPn>PL.PZGIK.200</sln:miejscIIPPn><sln:miejscIIPWersja>2016-11-24T13:24:04+02:00</sln:miejscIIPWersja><sln:miejscIdTeryt>0494806</sln:miejscIdTeryt><sln:miejscNazwa>Osiedle Pionierów</sln:miejscNazwa><sln:miejscRodzaj>Osiedle</sln:miejscRodzaj><sln:powIIPId>845d9522-06aa-4ba2-81b5-e39f63fafd1f</sln:powIIPId><sln:powIIPPn>PL.PZGIK.200</sln:powIIPPn><sln:powIIPWersja>2017-10-10T00:00:00+02:00</sln:powIIPWersja><sln:powIdTeryt>1607</sln:powIdTeryt><sln:powNazwa>nyski</sln:powNazwa><sln:wojIIPId>9bd0c42a-ca40-4b7d-9b5b-81aae3398015</sln:wojIIPId><sln:wojIIPPn>PL.PZGIK.200</sln:wojIIPPn><sln:wojIIPWersja>2017-10-10T00:00:00+02:00</sln:wojIIPWersja><sln:wojIdTeryt>16</sln:wojIdTeryt><sln:wojNazwa>opolskie</sln:wojNazwa></sln:miejscowosc><sln:miejscowosc><sln:cyklZyciaDo>2017-04-07T00:00:00+02:00</sln:cyklZyciaDo><sln:cyklZyciaOd>2014-10-01T00:00:00+02:00</sln:cyklZyciaOd><sln:gmIIPId>18f324bf-7ff6-42b0-a2e9-bdf42bb56f6c</sln:gmIIPId><sln:gmIIPPn>PL.PZGIK.200</sln:gmIIPPn><sln:gmIIPWersja>2017-10-10T00:00:00+02:00</sln:gmIIPWersja><sln:gmIdTeryt>1607013</sln:gmIdTeryt><sln:gmNazwa>Głuchołazy</sln:gmNazwa><sln:miejscIIPId>d3c77b38-7253-4119-9235-94c6dc015e59</sln:miejscIIPId><sln:miejscIIPPn>PL.PZGIK.200</sln:miejscIIPPn><sln:miejscIIPWersja>2016-11-24T13:24:04+02:00</sln:miejscIIPWersja><sln:miejscIdTeryt>0965358</sln:miejscIdTeryt><sln:miejscNazwa>Kolonia Jagiellońska</sln:miejscNazwa><sln:miejscRodzaj>Inny obiekt</sln:miejscRodzaj><sln:powIIPId>845d9522-06aa-4ba2-81b5-e39f63fafd1f</sln:powIIPId><sln:powIIPPn>PL.PZGIK.200</sln:powIIPPn><sln:powIIPWersja>2017-10-10T00:00:00+02:00</sln:powIIPWersja><sln:powIdTeryt>1607</sln:powIdTeryt><sln:powNazwa>nyski</sln:powNazwa><sln:wojIIPId>9bd0c42a-ca40-4b7d-9b5b-81aae3398015</sln:wojIIPId><sln:wojIIPPn>PL.PZGIK.200</sln:wojIIPPn><sln:wojIIPWersja>2017-10-10T00:00:00+02:00</sln:wojIIPWersja><sln:wojIdTeryt>16</sln:wojIdTeryt><sln:wojNazwa>opolskie</sln:wojNazwa></sln:miejscowosc><sln:miejscowosc><sln:cyklZyciaDo>2017-04-07T00:00:00+02:00</sln:cyklZyciaDo><sln:cyklZyciaOd>2014-10-01T00:00:00+02:00</sln:cyklZyciaOd><sln:gmIIPId>18f324bf-7ff6-42b0-a2e9-bdf42bb56f6c</sln:gmIIPId><sln:gmIIPPn>PL.PZGIK.200</sln:gmIIPPn><sln:gmIIPWersja>2017-10-10T00:00:00+02:00</sln:gmIIPWersja><sln:gmIdTeryt>1607013</sln:gmIdTeryt><sln:gmNazwa>Głuchołazy</sln:gmNazwa><sln:miejscIIPId>4122070e-f1b4-4671-8318-8ebd6af2faea</sln:miejscIIPId><sln:miejscIIPPn>PL.PZGIK.200</sln:miejscIIPPn><sln:miejscIIPWersja>2016-11-24T13:24:04+02:00</sln:miejscIIPWersja><sln:miejscIdTeryt>0494657</sln:miejscIdTeryt><sln:miejscNazwa>Rudawa</sln:miejscNazwa><sln:miejscRodzaj>Inny obiekt</sln:miejscRodzaj><sln:powIIPId>845d9522-06aa-4ba2-81b5-e39f63fafd1f</sln:powIIPId><sln:powIIPPn>PL.PZGIK.200</sln:powIIPPn><sln:powIIPWersja>2017-10-10T00:00:00+02:00</sln:powIIPWersja><sln:powIdTeryt>1607</sln:powIdTeryt><sln:powNazwa>nyski</sln:powNazwa><sln:wojIIPId>9bd0c42a-ca40-4b7d-9b5b-81aae3398015</sln:wojIIPId><sln:wojIIPPn>PL.PZGIK.200</sln:wojIIPPn><sln:wojIIPWersja>2017-10-10T00:00:00+02:00</sln:wojIIPWersja><sln:wojIdTeryt>16</sln:wojIdTeryt><sln:wojNazwa>opolskie</sln:wojNazwa></sln:miejscowosc><sln:miejscowosc><sln:cyklZyciaDo>2017-04-07T00:00:00+02:00</sln:cyklZyciaDo><sln:cyklZyciaOd>2014-10-01T00:00:00+02:00</sln:cyklZyciaOd><sln:gmIIPId>18f324bf-7ff6-42b0-a2e9-bdf42bb56f6c</sln:gmIIPId><sln:gmIIPPn>PL.PZGIK.200</sln:gmIIPPn><sln:gmIIPWersja>2017-10-10T00:00:00+02:00</sln:gmIIPWersja><sln:gmIdTeryt>1607013</sln:gmIdTeryt><sln:gmNazwa>Głuchołazy</sln:gmNazwa><sln:miejscIIPId>8669411e-083d-4fe3-8773-6838836f396f</sln:miejscIIPId><sln:miejscIIPPn>PL.PZGIK.200</sln:miejscIIPPn><sln:miejscIIPWersja>2016-11-24T13:24:04+02:00</sln:miejscIIPWersja><sln:miejscIdTeryt>0494640</sln:miejscIdTeryt><sln:miejscNazwa>Dłużnica</sln:miejscNazwa><sln:miejscRodzaj>Inny obiekt</sln:miejscRodzaj><sln:powIIPId>845d9522-06aa-4ba2-81b5-e39f63fafd1f</sln:powIIPId><sln:powIIPPn>PL.PZGIK.200</sln:powIIPPn><sln:powIIPWersja>2017-10-10T00:00:00+02:00</sln:powIIPWersja><sln:powIdTeryt>1607</sln:powIdTeryt><sln:powNazwa>nyski</sln:powNazwa><sln:wojIIPId>9bd0c42a-ca40-4b7d-9b5b-81aae3398015</sln:wojIIPId><sln:wojIIPPn>PL.PZGIK.200</sln:wojIIPPn><sln:wojIIPWersja>2017-10-10T00:00:00+02:00</sln:wojIIPWersja><sln:wojIdTeryt>16</sln:wojIdTeryt><sln:wojNazwa>opolskie</sln:wojNazwa></sln:miejscowosc><sln:miejscowosc><sln:cyklZyciaDo>2017-04-07T00:00:00+02:00</sln:cyklZyciaDo><sln:cyklZyciaOd>2014-10-01T00:00:00+02:00</sln:cyklZyciaOd><sln:gmIIPId>18f324bf-7ff6-42b0-a2e9-bdf42bb56f6c</sln:gmIIPId><sln:gmIIPPn>PL.PZGIK.200</sln:gmIIPPn><sln:gmIIPWersja>2017-10-10T00:00:00+02:00</sln:gmIIPWersja><sln:gmIdTeryt>1607013</sln:gmIdTeryt><sln:gmNazwa>Głuchołazy</sln:gmNazwa><sln:miejscIIPId>b7769e24-048e-40a3-9eba-cf217f2449e3</sln:miejscIIPId><sln:miejscIIPPn>PL.PZGIK.200</sln:miejscIIPPn><sln:miejscIIPWersja>2016-11-24T13:24:04+02:00</sln:miejscIIPWersja><sln:miejscIdTeryt>0494752</sln:miejscIdTeryt><sln:miejscNazwa>Skowronków</sln:miejscNazwa><sln:miejscRodzaj>Przysiółek</sln:miejscRodzaj><sln:powIIPId>845d9522-06aa-4ba2-81b5-e39f63fafd1f</sln:powIIPId><sln:powIIPPn>PL.PZGIK.200</sln:powIIPPn><sln:powIIPWersja>2017-10-10T00:00:00+02:00</sln:powIIPWersja><sln:powIdTeryt>1607</sln:powIdTeryt><sln:powNazwa>nyski</sln:powNazwa><sln:wojIIPId>9bd0c42a-ca40-4b7d-9b5b-81aae3398015</sln:wojIIPId><sln:wojIIPPn>PL.PZGIK.200</sln:wojIIPPn><sln:wojIIPWersja>2017-10-10T00:00:00+02:00</sln:wojIIPWersja><sln:wojIdTeryt>16</sln:wojIdTeryt><sln:wojNazwa>opolskie</sln:wojNazwa></sln:miejscowosc><sln:miejscowosc><sln:cyklZyciaDo>2017-04-07T00:00:00+02:00</sln:cyklZyciaDo><sln:cyklZyciaOd>2014-10-01T00:00:00+02:00</sln:cyklZyciaOd><sln:gmIIPId>18f324bf-7ff6-42b0-a2e9-bdf42bb56f6c</sln:gmIIPId><sln:gmIIPPn>PL.PZGIK.200</sln:gmIIPPn><sln:gmIIPWersja>2017-10-10T00:00:00+02:00</sln:gmIIPWersja><sln:gmIdTeryt>1607013</sln:gmIdTeryt><sln:gmNazwa>Głuchołazy</sln:gmNazwa><sln:miejscIIPId>a2bb55c7-ecab-4ee9-bc20-d9b494f059b0</sln:miejscIIPId><sln:miejscIIPPn>PL.PZGIK.200</sln:miejscIIPPn><sln:miejscIIPWersja>2016-11-24T13:24:04+02:00</sln:miejscIIPWersja><sln:miejscIdTeryt>0494723</sln:miejscIdTeryt><sln:miejscNazwa>Starowice</sln:miejscNazwa><sln:miejscRodzaj>Inny obiekt</sln:miejscRodzaj><sln:powIIPId>845d9522-06aa-4ba2-81b5-e39f63fafd1f</sln:powIIPId><sln:powIIPPn>PL.PZGIK.200</sln:powIIPPn><sln:powIIPWersja>2017-10-10T00:00:00+02:00</sln:powIIPWersja><sln:powIdTeryt>1607</sln:powIdTeryt><sln:powNazwa>nyski</sln:powNazwa><sln:wojIIPId>9bd0c42a-ca40-4b7d-9b5b-81aae3398015</sln:wojIIPId><sln:wojIIPPn>PL.PZGIK.200</sln:wojIIPPn><sln:wojIIPWersja>2017-10-10T00:00:00+02:00</sln:wojIIPWersja><sln:wojIdTeryt>16</sln:wojIdTeryt><sln:wojNazwa>opolskie</sln:wojNazwa></sln:miejscowosc><sln:miejscowosc><sln:cyklZyciaDo>2017-04-07T00:00:00+02:00</sln:cyklZyciaDo><sln:cyklZyciaOd>2014-10-01T00:00:00+02:00</sln:cyklZyciaOd><sln:gmIIPId>18f324bf-7ff6-42b0-a2e9-bdf42bb56f6c</sln:gmIIPId><sln:gmIIPPn>PL.PZGIK.200</sln:gmIIPPn><sln:gmIIPWersja>2017-10-10T00:00:00+02:00</sln:gmIIPWersja><sln:gmIdTeryt>1607013</sln:gmIdTeryt><sln:gmNazwa>Głuchołazy</sln:gmNazwa><sln:miejscIIPId>99e44d7c-9344-4298-8f08-96ef45bddd4c</sln:miejscIIPId><sln:miejscIIPPn>PL.PZGIK.200</sln:miejscIIPPn><sln:miejscIIPWersja>2016-11-24T13:24:04+02:00</sln:miejscIIPWersja><sln:miejscIdTeryt>0965341</sln:miejscIdTeryt><sln:miejscNazwa>Głuchołazy</sln:miejscNazwa><sln:miejscRodzaj>Miasto</sln:miejscRodzaj><sln:powIIPId>845d9522-06aa-4ba2-81b5-e39f63fafd1f</sln:powIIPId><sln:powIIPPn>PL.PZGIK.200</sln:powIIPPn><sln:powIIPWersja>2017-10-10T00:00:00+02:00</sln:powIIPWersja><sln:powIdTeryt>1607</sln:powIdTeryt><sln:powNazwa>nyski</sln:powNazwa><sln:wojIIPId>9bd0c42a-ca40-4b7d-9b5b-81aae3398015</sln:wojIIPId><sln:wojIIPPn>PL.PZGIK.200</sln:wojIIPPn><sln:wojIIPWersja>2017-10-10T00:00:00+02:00</sln:wojIIPWersja><sln:wojIdTeryt>16</sln:wojIdTeryt><sln:wojNazwa>opolskie</sln:wojNazwa></sln:miejscowosc><sln:miejscowosc><sln:cyklZyciaDo>2017-04-07T00:00:00+02:00</sln:cyklZyciaDo><sln:cyklZyciaOd>2014-10-01T00:00:00+02:00</sln:cyklZyciaOd><sln:gmIIPId>18f324bf-7ff6-42b0-a2e9-bdf42bb56f6c</sln:gmIIPId><sln:gmIIPPn>PL.PZGIK.200</sln:gmIIPPn><sln:gmIIPWersja>2017-10-10T00:00:00+02:00</sln:gmIIPWersja><sln:gmIdTeryt>1607013</sln:gmIdTeryt><sln:gmNazwa>Głuchołazy</sln:gmNazwa><sln:miejscIIPId>d75c8927-9b0a-4699-8b5c-51052063406b</sln:miejscIIPId><sln:miejscIIPPn>PL.PZGIK.200</sln:miejscIIPPn><sln:miejscIIPWersja>2016-11-24T13:24:04+02:00</sln:miejscIIPWersja><sln:miejscIdTeryt>0494692</sln:miejscIdTeryt><sln:miejscNazwa>Jarnołtówek</sln:miejscNazwa><sln:miejscRodzaj>Wieś</sln:miejscRodzaj><sln:powIIPId>845d9522-06aa-4ba2-81b5-e39f63fafd1f</sln:powIIPId><sln:powIIPPn>PL.PZGIK.200</sln:powIIPPn><sln:powIIPWersja>2017-10-10T00:00:00+02:00</sln:powIIPWersja><sln:powIdTeryt>1607</sln:powIdTeryt><sln:powNazwa>nyski</sln:powNazwa><sln:wojIIPId>9bd0c42a-ca40-4b7d-9b5b-81aae3398015</sln:wojIIPId><sln:wojIIPPn>PL.PZGIK.200</sln:wojIIPPn><sln:wojIIPWersja>2017-10-10T00:00:00+02:00</sln:wojIIPWersja><sln:wojIdTeryt>16</sln:wojIdTeryt><sln:wojNazwa>opolskie</sln:wojNazwa></sln:miejscowosc><sln:miejscowosc><sln:cyklZyciaDo>2017-04-07T00:00:00+02:00</sln:cyklZyciaDo><sln:cyklZyciaOd>2014-10-01T00:00:00+02:00</sln:cyklZyciaOd><sln:gmIIPId>18f324bf-7ff6-42b0-a2e9-bdf42bb56f6c</sln:gmIIPId><sln:gmIIPPn>PL.PZGIK.200</sln:gmIIPPn><sln:gmIIPWersja>2017-10-10T00:00:00+02:00</sln:gmIIPWersja><sln:gmIdTeryt>1607013</sln:gmIdTeryt><sln:gmNazwa>Głuchołazy</sln:gmNazwa><sln:miejscIIPId>2569e515-202c-441f-a60a-cdecc01be8da</sln:miejscIIPId><sln:miejscIIPPn>PL.PZGIK.200</sln:miejscIIPPn><sln:miejscIIPWersja>2016-11-24T13:24:04+02:00</sln:miejscIIPWersja><sln:miejscIdTeryt>0494700</sln:miejscIdTeryt><sln:miejscNazwa>Konradów</sln:miejscNazwa><sln:miejscRodzaj>Wieś</sln:miejscRodzaj><sln:powIIPId>845d9522-06aa-4ba2-81b5-e39f63fafd1f</sln:powIIPId><sln:powIIPPn>PL.PZGIK.200</sln:powIIPPn><sln:powIIPWersja>2017-10-10T00:00:00+02:00</sln:powIIPWersja><sln:powIdTeryt>1607</sln:powIdTeryt><sln:powNazwa>nyski</sln:powNazwa><sln:wojIIPId>9bd0c42a-ca40-4b7d-9b5b-81aae3398015</sln:wojIIPId><sln:wojIIPPn>PL.PZGIK.200</sln:wojIIPPn><sln:wojIIPWersja>2017-10-10T00:00:00+02:00</sln:wojIIPWersja><sln:wojIdTeryt>16</sln:wojIdTeryt><sln:wojNazwa>opolskie</sln:wojNazwa></sln:miejscowosc><sln:miejscowosc><sln:cyklZyciaDo>2017-04-07T00:00:00+02:00</sln:cyklZyciaDo><sln:cyklZyciaOd>2014-10-01T00:00:00+02:00</sln:cyklZyciaOd><sln:gmIIPId>18f324bf-7ff6-42b0-a2e9-bdf42bb56f6c</sln:gmIIPId><sln:gmIIPPn>PL.PZGIK.200</sln:gmIIPPn><sln:gmIIPWersja>2017-10-10T00:00:00+02:00</sln:gmIIPWersja><sln:gmIdTeryt>1607013</sln:gmIdTeryt><sln:gmNazwa>Głuchołazy</sln:gmNazwa><sln:miejscIIPId>befaec45-81f3-48a4-ae7a-072cac5b487e</sln:miejscIIPId><sln:miejscIIPPn>PL.PZGIK.200</sln:miejscIIPPn><sln:miejscIIPWersja>2016-11-24T13:24:04+02:00</sln:miejscIIPWersja><sln:miejscIdTeryt>0494611</sln:miejscIdTeryt><sln:miejscNazwa>Biskupów</sln:miejscNazwa><sln:miejscRodzaj>Wieś</sln:miejscRodzaj><sln:powIIPId>845d9522-06aa-4ba2-81b5-e39f63fafd1f</sln:powIIPId><sln:powIIPPn>PL.PZGIK.200</sln:powIIPPn><sln:powIIPWersja>2017-10-10T00:00:00+02:00</sln:powIIPWersja><sln:powIdTeryt>1607</sln:powIdTeryt><sln:powNazwa>nyski</sln:powNazwa><sln:wojIIPId>9bd0c42a-ca40-4b7d-9b5b-81aae3398015</sln:wojIIPId><sln:wojIIPPn>PL.PZGIK.200</sln:wojIIPPn><sln:wojIIPWersja>2017-10-10T00:00:00+02:00</sln:wojIIPWersja><sln:wojIdTeryt>16</sln:wojIdTeryt><sln:wojNazwa>opolskie</sln:wojNazwa></sln:miejscowosc><sln:miejscowosc><sln:cyklZyciaDo>2017-04-07T00:00:00+02:00</sln:cyklZyciaDo><sln:cyklZyciaOd>2014-10-01T00:00:00+02:00</sln:cyklZyciaOd><sln:gmIIPId>18f324bf-7ff6-42b0-a2e9-bdf42bb56f6c</sln:gmIIPId><sln:gmIIPPn>PL.PZGIK.200</sln:gmIIPPn><sln:gmIIPWersja>2017-10-10T00:00:00+02:00</sln:gmIIPWersja><sln:gmIdTeryt>1607013</sln:gmIdTeryt><sln:gmNazwa>Głuchołazy</sln:gmNazwa><sln:miejscIIPId>5fcbd22f-1d29-46b5-9804-7dac8de91393</sln:miejscIIPId><sln:miejscIIPPn>PL.PZGIK.200</sln:miejscIIPPn><sln:miejscIIPWersja>2016-11-24T13:24:04+02:00</sln:miejscIIPWersja><sln:miejscIdTeryt>4001176</sln:miejscIdTeryt><sln:miejscNazwa>Osiedle Bodzanów</sln:miejscNazwa><sln:miejscRodzaj>Inny obiekt</sln:miejscRodzaj><sln:powIIPId>845d9522-06aa-4ba2-81b5-e39f63fafd1f</sln:powIIPId><sln:powIIPPn>PL.PZGIK.200</sln:powIIPPn><sln:powIIPWersja>2017-10-10T00:00:00+02:00</sln:powIIPWersja><sln:powIdTeryt>1607</sln:powIdTeryt><sln:powNazwa>nyski</sln:powNazwa><sln:wojIIPId>9bd0c42a-ca40-4b7d-9b5b-81aae3398015</sln:wojIIPId><sln:wojIIPPn>PL.PZGIK.200</sln:wojIIPPn><sln:wojIIPWersja>2017-10-10T00:00:00+02:00</sln:wojIIPWersja><sln:wojIdTeryt>16</sln:wojIdTeryt><sln:wojNazwa>opolskie</sln:wojNazwa></sln:miejscowosc><sln:miejscowosc><sln:cyklZyciaDo>2017-04-07T00:00:00+02:00</sln:cyklZyciaDo><sln:cyklZyciaOd>2014-10-01T00:00:00+02:00</sln:cyklZyciaOd><sln:gmIIPId>18f324bf-7ff6-42b0-a2e9-bdf42bb56f6c</sln:gmIIPId><sln:gmIIPPn>PL.PZGIK.200</sln:gmIIPPn><sln:gmIIPWersja>2017-10-10T00:00:00+02:00</sln:gmIIPWersja><sln:gmIdTeryt>1607013</sln:gmIdTeryt><sln:gmNazwa>Głuchołazy</sln:gmNazwa><sln:miejscIIPId>73b6fe30-140a-46ad-89cc-32f6707903c5</sln:miejscIIPId><sln:miejscIIPPn>PL.PZGIK.200</sln:miejscIIPPn><sln:miejscIIPWersja>2016-11-24T13:24:04+02:00</sln:miejscIIPWersja><sln:miejscIdTeryt>0494634</sln:miejscIdTeryt><sln:miejscNazwa>Bodzanów</sln:miejscNazwa><sln:miejscRodzaj>Wieś</sln:miejscRodzaj><sln:powIIPId>845d9522-06aa-4ba2-81b5-e39f63fafd1f</sln:powIIPId><sln:powIIPPn>PL.PZGIK.200</sln:powIIPPn><sln:powIIPWersja>2017-10-10T00:00:00+02:00</sln:powIIPWersja><sln:powIdTeryt>1607</sln:powIdTeryt><sln:powNazwa>nyski</sln:powNazwa><sln:wojIIPId>9bd0c42a-ca40-4b7d-9b5b-81aae3398015</sln:wojIIPId><sln:wojIIPPn>PL.PZGIK.200</sln:wojIIPPn><sln:wojIIPWersja>2017-10-10T00:00:00+02:00</sln:wojIIPWersja><sln:wojIdTeryt>16</sln:wojIdTeryt><sln:wojNazwa>opolskie</sln:wojNazwa></sln:miejscowosc><sln:miejscowosc><sln:cyklZyciaDo>2017-04-07T00:00:00+02:00</sln:cyklZyciaDo><sln:cyklZyciaOd>2014-10-01T00:00:00+02:00</sln:cyklZyciaOd><sln:gmIIPId>18f324bf-7ff6-42b0-a2e9-bdf42bb56f6c</sln:gmIIPId><sln:gmIIPPn>PL.PZGIK.200</sln:gmIIPPn><sln:gmIIPWersja>2017-10-10T00:00:00+02:00</sln:gmIIPWersja><sln:gmIdTeryt>1607013</sln:gmIdTeryt><sln:gmNazwa>Głuchołazy</sln:gmNazwa><sln:miejscIIPId>3b55aa6d-d8ac-4cf9-8511-32dea9b25f36</sln:miejscIIPId><sln:miejscIIPPn>PL.PZGIK.200</sln:miejscIIPPn><sln:miejscIIPWersja>2016-11-24T13:24:04+02:00</sln:miejscIIPWersja><sln:miejscIdTeryt>0494769</sln:miejscIdTeryt><sln:miejscNazwa>Markowice</sln:miejscNazwa><sln:miejscRodzaj>Wieś</sln:miejscRodzaj><sln:powIIPId>845d9522-06aa-4ba2-81b5-e39f63fafd1f</sln:powIIPId><sln:powIIPPn>PL.PZGIK.200</sln:powIIPPn><sln:powIIPWersja>2017-10-10T00:00:00+02:00</sln:powIIPWersja><sln:powIdTeryt>1607</sln:powIdTeryt><sln:powNazwa>nyski</sln:powNazwa><sln:wojIIPId>9bd0c42a-ca40-4b7d-9b5b-81aae3398015</sln:wojIIPId><sln:wojIIPPn>PL.PZGIK.200</sln:wojIIPPn><sln:wojIIPWersja>2017-10-10T00:00:00+02:00</sln:wojIIPWersja><sln:wojIdTeryt>16</sln:wojIdTeryt><sln:wojNazwa>opolskie</sln:wojNazwa></sln:miejscowosc><sln:miejscowosc><sln:cyklZyciaDo>2017-04-07T00:00:00+02:00</sln:cyklZyciaDo><sln:cyklZyciaOd>2014-10-01T00:00:00+02:00</sln:cyklZyciaOd><sln:gmIIPId>18f324bf-7ff6-42b0-a2e9-bdf42bb56f6c</sln:gmIIPId><sln:gmIIPPn>PL.PZGIK.200</sln:gmIIPPn><sln:gmIIPWersja>2017-10-10T00:00:00+02:00</sln:gmIIPWersja><sln:gmIdTeryt>1607013</sln:gmIdTeryt><sln:gmNazwa>Głuchołazy</sln:gmNazwa><sln:miejscIIPId>bf8deb3a-16db-4c61-a57e-689c72c6bf7b</sln:miejscIIPId><sln:miejscIIPPn>PL.PZGIK.200</sln:miejscIIPPn><sln:miejscIIPWersja>2016-11-24T13:24:04+02:00</sln:miejscIIPWersja><sln:miejscIdTeryt>0494775</sln:miejscIdTeryt><sln:miejscNazwa>Nowy Las</sln:miejscNazwa><sln:miejscRodzaj>Wieś</sln:miejscRodzaj><sln:powIIPId>845d9522-06aa-4ba2-81b5-e39f63fafd1f</sln:powIIPId><sln:powIIPPn>PL.PZGIK.200</sln:powIIPPn><sln:powIIPWersja>2017-10-10T00:00:00+02:00</sln:powIIPWersja><sln:powIdTeryt>1607</sln:powIdTeryt><sln:powNazwa>nyski</sln:powNazwa><sln:wojIIPId>9bd0c42a-ca40-4b7d-9b5b-81aae3398015</sln:wojIIPId><sln:wojIIPPn>PL.PZGIK.200</sln:wojIIPPn><sln:wojIIPWersja>2017-10-10T00:00:00+02:00</sln:wojIIPWersja><sln:wojIdTeryt>16</sln:wojIdTeryt><sln:wojNazwa>opolskie</sln:wojNazwa></sln:miejscowosc><sln:miejscowosc><sln:cyklZyciaDo>2017-04-07T00:00:00+02:00</sln:cyklZyciaDo><sln:cyklZyciaOd>2014-10-01T00:00:00+02:00</sln:cyklZyciaOd><sln:gmIIPId>18f324bf-7ff6-42b0-a2e9-bdf42bb56f6c</sln:gmIIPId><sln:gmIIPPn>PL.PZGIK.200</sln:gmIIPPn><sln:gmIIPWersja>2017-10-10T00:00:00+02:00</sln:gmIIPWersja><sln:gmIdTeryt>1607013</sln:gmIdTeryt><sln:gmNazwa>Głuchołazy</sln:gmNazwa><sln:miejscIIPId>6345a067-6358-4a60-b41a-a12bc6776afd</sln:miejscIIPId><sln:miejscIIPPn>PL.PZGIK.200</sln:miejscIIPPn><sln:miejscIIPWersja>2016-11-24T13:24:04+02:00</sln:miejscIIPWersja><sln:miejscIdTeryt>0494628</sln:miejscIdTeryt><sln:miejscNazwa>Łączki</sln:miejscNazwa><sln:miejscRodzaj>Inny obiekt</sln:miejscRodzaj><sln:powIIPId>845d9522-06aa-4ba2-81b5-e39f63fafd1f</sln:powIIPId><sln:powIIPPn>PL.PZGIK.200</sln:powIIPPn><sln:powIIPWersja>2017-10-10T00:00:00+02:00</sln:powIIPWersja><sln:powIdTeryt>1607</sln:powIdTeryt><sln:powNazwa>nyski</sln:powNazwa><sln:wojIIPId>9bd0c42a-ca40-4b7d-9b5b-81aae3398015</sln:wojIIPId><sln:wojIIPPn>PL.PZGIK.200</sln:wojIIPPn><sln:wojIIPWersja>2017-10-10T00:00:00+02:00</sln:wojIIPWersja><sln:wojIdTeryt>16</sln:wojIdTeryt><sln:wojNazwa>opolskie</sln:wojNazwa></sln:miejscowosc><sln:miejscowosc><sln:cyklZyciaDo>2017-04-07T00:00:00+02:00</sln:cyklZyciaDo><sln:cyklZyciaOd>2014-10-01T00:00:00+02:00</sln:cyklZyciaOd><sln:gmIIPId>18f324bf-7ff6-42b0-a2e9-bdf42bb56f6c</sln:gmIIPId><sln:gmIIPPn>PL.PZGIK.200</sln:gmIIPPn><sln:gmIIPWersja>2017-10-10T00:00:00+02:00</sln:gmIIPWersja><sln:gmIdTeryt>1607013</sln:gmIdTeryt><sln:gmNazwa>Głuchołazy</sln:gmNazwa><sln:miejscIIPId>165c0a69-d1c8-4832-9d42-fa535d27e2da</sln:miejscIIPId><sln:miejscIIPPn>PL.PZGIK.200</sln:miejscIIPPn><sln:miejscIIPWersja>2016-11-24T13:24:04+02:00</sln:miejscIIPWersja><sln:miejscIdTeryt>0494746</sln:miejscIdTeryt><sln:miejscNazwa>Osiedle Pasterówka</sln:miejscNazwa><sln:miejscRodzaj>Osiedle</sln:miejscRodzaj><sln:powIIPId>845d9522-06aa-4ba2-81b5-e39f63fafd1f</sln:powIIPId><sln:powIIPPn>PL.PZGIK.200</sln:powIIPPn><sln:powIIPWersja>2017-10-10T00:00:00+02:00</sln:powIIPWersja><sln:powIdTeryt>1607</sln:powIdTeryt><sln:powNazwa>nyski</sln:powNazwa><sln:wojIIPId>9bd0c42a-ca40-4b7d-9b5b-81aae3398015</sln:wojIIPId><sln:wojIIPPn>PL.PZGIK.200</sln:wojIIPPn><sln:wojIIPWersja>2017-10-10T00:00:00+02:00</sln:wojIIPWersja><sln:wojIdTeryt>16</sln:wojIdTeryt><sln:wojNazwa>opolskie</sln:wojNazwa></sln:miejscowosc><sln:miejscowosc><sln:cyklZyciaDo>2017-04-07T00:00:00+02:00</sln:cyklZyciaDo><sln:cyklZyciaOd>2014-10-01T00:00:00+02:00</sln:cyklZyciaOd><sln:gmIIPId>18f324bf-7ff6-42b0-a2e9-bdf42bb56f6c</sln:gmIIPId><sln:gmIIPPn>PL.PZGIK.200</sln:gmIIPPn><sln:gmIIPWersja>2017-10-10T00:00:00+02:00</sln:gmIIPWersja><sln:gmIdTeryt>1607013</sln:gmIdTeryt><sln:gmNazwa>Głuchołazy</sln:gmNazwa><sln:miejscIIPId>7319abbf-eee3-4c6b-8f72-7043b59b87ad</sln:miejscIIPId><sln:miejscIIPPn>PL.PZGIK.200</sln:miejscIIPPn><sln:miejscIIPWersja>2016-11-24T13:24:04+02:00</sln:miejscIIPWersja><sln:miejscIdTeryt>0494717</sln:miejscIdTeryt><sln:miejscNazwa>Kletnik</sln:miejscNazwa><sln:miejscRodzaj>Inny obiekt</sln:miejscRodzaj><sln:powIIPId>845d9522-06aa-4ba2-81b5-e39f63fafd1f</sln:powIIPId><sln:powIIPPn>PL.PZGIK.200</sln:powIIPPn><sln:powIIPWersja>2017-10-10T00:00:00+02:00</sln:powIIPWersja><sln:powIdTeryt>1607</sln:powIdTeryt><sln:powNazwa>nyski</sln:powNazwa><sln:wojIIPId>9bd0c42a-ca40-4b7d-9b5b-81aae3398015</sln:wojIIPId><sln:wojIIPPn>PL.PZGIK.200</sln:wojIIPPn><sln:wojIIPWersja>2017-10-10T00:00:00+02:00</sln:wojIIPWersja><sln:wojIdTeryt>16</sln:wojIdTeryt><sln:wojNazwa>opolskie</sln:wojNazwa></sln:miejscowosc><sln:miejscowosc><sln:cyklZyciaDo>2017-04-07T00:00:00+02:00</sln:cyklZyciaDo><sln:cyklZyciaOd>2014-10-01T00:00:00+02:00</sln:cyklZyciaOd><sln:gmIIPId>18f324bf-7ff6-42b0-a2e9-bdf42bb56f6c</sln:gmIIPId><sln:gmIIPPn>PL.PZGIK.200</sln:gmIIPPn><sln:gmIIPWersja>2017-10-10T00:00:00+02:00</sln:gmIIPWersja><sln:gmIdTeryt>1607013</sln:gmIdTeryt><sln:gmNazwa>Głuchołazy</sln:gmNazwa><sln:miejscIIPId>098987f6-c242-482d-b7d4-94491b37c63f</sln:miejscIIPId><sln:miejscIIPPn>PL.PZGIK.200</sln:miejscIIPPn><sln:miejscIIPWersja>2016-11-24T13:24:04+02:00</sln:miejscIIPWersja><sln:miejscIdTeryt>0494730</sln:miejscIdTeryt><sln:miejscNazwa>Kolonia Kaszubska</sln:miejscNazwa><sln:miejscRodzaj>Przysiółek</sln:miejscRodzaj><sln:powIIPId>845d9522-06aa-4ba2-81b5-e39f63fafd1f</sln:powIIPId><sln:powIIPPn>PL.PZGIK.200</sln:powIIPPn><sln:powIIPWersja>2017-10-10T00:00:00+02:00</sln:powIIPWersja><sln:powIdTeryt>1607</sln:powIdTeryt><sln:powNazwa>nyski</sln:powNazwa><sln:wojIIPId>9bd0c42a-ca40-4b7d-9b5b-81aae3398015</sln:wojIIPId><sln:wojIIPPn>PL.PZGIK.200</sln:wojIIPPn><sln:wojIIPWersja>2017-10-10T00:00:00+02:00</sln:wojIIPWersja><sln:wojIdTeryt>16</sln:wojIdTeryt><sln:wojNazwa>opolskie</sln:wojNazwa></sln:miejscowosc><sln:miejscowosc><sln:cyklZyciaDo>2017-04-07T00:00:00+02:00</sln:cyklZyciaDo><sln:cyklZyciaOd>2014-10-01T00:00:00+02:00</sln:cyklZyciaOd><sln:gmIIPId>18f324bf-7ff6-42b0-a2e9-bdf42bb56f6c</sln:gmIIPId><sln:gmIIPPn>PL.PZGIK.200</sln:gmIIPPn><sln:gmIIPWersja>2017-10-10T00:00:00+02:00</sln:gmIIPWersja><sln:gmIdTeryt>1607013</sln:gmIdTeryt><sln:gmNazwa>Głuchołazy</sln:gmNazwa><sln:miejscIIPId>a8875643-5086-4d01-9d6c-9cd9c91b02c8</sln:miejscIIPId><sln:miejscIIPPn>PL.PZGIK.200</sln:miejscIIPPn><sln:miejscIIPWersja>2016-11-24T13:24:04+02:00</sln:miejscIIPWersja><sln:miejscIdTeryt>0494798</sln:miejscIdTeryt><sln:miejscNazwa>Komorów</sln:miejscNazwa><sln:miejscRodzaj>Inny obiekt</sln:miejscRodzaj><sln:powIIPId>845d9522-06aa-4ba2-81b5-e39f63fafd1f</sln:powIIPId><sln:powIIPPn>PL.PZGIK.200</sln:powIIPPn><sln:powIIPWersja>2017-10-10T00:00:00+02:00</sln:powIIPWersja><sln:powIdTeryt>1607</sln:powIdTeryt><sln:powNazwa>nyski</sln:powNazwa><sln:wojIIPId>9bd0c42a-ca40-4b7d-9b5b-81aae3398015</sln:wojIIPId><sln:wojIIPPn>PL.PZGIK.200</sln:wojIIPPn><sln:wojIIPWersja>2017-10-10T00:00:00+02:00</sln:wojIIPWersja><sln:wojIdTeryt>16</sln:wojIdTeryt><sln:wojNazwa>opolskie</sln:wojNazwa></sln:miejscowosc><sln:miejscowosc><sln:cyklZyciaOd>2017-04-07T00:00:00+02:00</sln:cyklZyciaOd><sln:gmIIPId>18f324bf-7ff6-42b0-a2e9-bdf42bb56f6c</sln:gmIIPId><sln:gmIIPPn>PL.PZGIK.200</sln:gmIIPPn><sln:gmIIPWersja>2017-10-10T00:00:00+02:00</sln:gmIIPWersja><sln:gmIdTeryt>1607013</sln:gmIdTeryt><sln:gmNazwa>Głuchołazy</sln:gmNazwa><sln:miejscIIPId>ee71310c-85a7-425b-a5e0-f8965e046136</sln:miejscIIPId><sln:miejscIIPPn>PL.PZGIK.200</sln:miejscIIPPn><sln:miejscIIPWersja>2017-04-07T14:00:48+02:00</sln:miejscIIPWersja><sln:miejscIdTeryt>0494611</sln:miejscIdTeryt><sln:miejscNazwa>Biskupów</sln:miejscNazwa><sln:miejscRodzaj>Wieś</sln:miejscRodzaj><sln:powIIPId>845d9522-06aa-4ba2-81b5-e39f63fafd1f</sln:powIIPId><sln:powIIPPn>PL.PZGIK.200</sln:powIIPPn><sln:powIIPWersja>2017-10-10T00:00:00+02:00</sln:powIIPWersja><sln:powIdTeryt>1607</sln:powIdTeryt><sln:powNazwa>nyski</sln:powNazwa><sln:waznyOd>2016-12-30T00:00:00+01:00</sln:waznyOd><sln:wojIIPId>9bd0c42a-ca40-4b7d-9b5b-81aae3398015</sln:wojIIPId><sln:wojIIPPn>PL.PZGIK.200</sln:wojIIPPn><sln:wojIIPWersja>2017-10-10T00:00:00+02:00</sln:wojIIPWersja><sln:wojIdTeryt>16</sln:wojIdTeryt><sln:wojNazwa>opolskie</sln:wojNazwa></sln:miejscowosc><sln:miejscowosc><sln:cyklZyciaOd>2017-04-07T00:00:00+02:00</sln:cyklZyciaOd><sln:gmIIPId>18f324bf-7ff6-42b0-a2e9-bdf42bb56f6c</sln:gmIIPId><sln:gmIIPPn>PL.PZGIK.200</sln:gmIIPPn><sln:gmIIPWersja>2017-10-10T00:00:00+02:00</sln:gmIIPWersja><sln:gmIdTeryt>1607013</sln:gmIdTeryt><sln:gmNazwa>Głuchołazy</sln:gmNazwa><sln:miejscIIPId>3256d791-f019-4ef6-a6e5-f5cbbae84322</sln:miejscIIPId><sln:miejscIIPPn>PL.PZGIK.200</sln:miejscIIPPn><sln:miejscIIPWersja>2017-04-07T14:00:55+02:00</sln:miejscIIPWersja><sln:miejscIdTeryt>0494634</sln:miejscIdTeryt><sln:miejscNazwa>Bodzanów</sln:miejscNazwa><sln:miejscRodzaj>Wieś</sln:miejscRodzaj><sln:powIIPId>845d9522-06aa-4ba2-81b5-e39f63fafd1f</sln:powIIPId><sln:powIIPPn>PL.PZGIK.200</sln:powIIPPn><sln:powIIPWersja>2017-10-10T00:00:00+02:00</sln:powIIPWersja><sln:powIdTeryt>1607</sln:powIdTeryt><sln:powNazwa>nyski</sln:powNazwa><sln:waznyOd>2016-12-30T00:00:00+01:00</sln:waznyOd><sln:wojIIPId>9bd0c42a-ca40-4b7d-9b5b-81aae3398015</sln:wojIIPId><sln:wojIIPPn>PL.PZGIK.200</sln:wojIIPPn><sln:wojIIPWersja>2017-10-10T00:00:00+02:00</sln:wojIIPWersja><sln:wojIdTeryt>16</sln:wojIdTeryt><sln:wojNazwa>opolskie</sln:wojNazwa></sln:miejscowosc><sln:miejscowosc><sln:cyklZyciaOd>2017-04-07T00:00:00+02:00</sln:cyklZyciaOd><sln:gmIIPId>18f324bf-7ff6-42b0-a2e9-bdf42bb56f6c</sln:gmIIPId><sln:gmIIPPn>PL.PZGIK.200</sln:gmIIPPn><sln:gmIIPWersja>2017-10-10T00:00:00+02:00</sln:gmIIPWersja><sln:gmIdTeryt>1607013</sln:gmIdTeryt><sln:gmNazwa>Głuchołazy</sln:gmNazwa><sln:miejscIIPId>58b2cd8f-df56-4f2c-9811-e76c6c8995b3</sln:miejscIIPId><sln:miejscIIPPn>PL.PZGIK.200</sln:miejscIIPPn><sln:miejscIIPWersja>2017-04-07T14:00:55+02:00</sln:miejscIIPWersja><sln:miejscIdTeryt>0494663</sln:miejscIdTeryt><sln:miejscNazwa>Burgrabice</sln:miejscNazwa><sln:miejscRodzaj>Wieś</sln:miejscRodzaj><sln:powIIPId>845d9522-06aa-4ba2-81b5-e39f63fafd1f</sln:powIIPId><sln:powIIPPn>PL.PZGIK.200</sln:powIIPPn><sln:powIIPWersja>2017-10-10T00:00:00+02:00</sln:powIIPWersja><sln:powIdTeryt>1607</sln:powIdTeryt><sln:powNazwa>nyski</sln:powNazwa><sln:waznyOd>2016-12-30T00:00:00+01:00</sln:waznyOd><sln:wojIIPId>9bd0c42a-ca40-4b7d-9b5b-81aae3398015</sln:wojIIPId><sln:wojIIPPn>PL.PZGIK.200</sln:wojIIPPn><sln:wojIIPWersja>2017-10-10T00:00:00+02:00</sln:wojIIPWersja><sln:wojIdTeryt>16</sln:wojIdTeryt><sln:wojNazwa>opolskie</sln:wojNazwa></sln:miejscowosc><sln:miejscowosc><sln:cyklZyciaOd>2017-04-07T00:00:00+02:00</sln:cyklZyciaOd><sln:gmIIPId>18f324bf-7ff6-42b0-a2e9-bdf42bb56f6c</sln:gmIIPId><sln:gmIIPPn>PL.PZGIK.200</sln:gmIIPPn><sln:gmIIPWersja>2017-10-10T00:00:00+02:00</sln:gmIIPWersja><sln:gmIdTeryt>1607013</sln:gmIdTeryt><sln:gmNazwa>Głuchołazy</sln:gmNazwa><sln:miejscIIPId>6ec24353-3ff3-4da2-997b-14e91485e6e1</sln:miejscIIPId><sln:miejscIIPPn>PL.PZGIK.200</sln:miejscIIPPn><sln:miejscIIPWersja>2017-04-07T14:00:56+02:00</sln:miejscIIPWersja><sln:miejscIdTeryt>0494670</sln:miejscIdTeryt><sln:miejscNazwa>Charbielin</sln:miejscNazwa><sln:miejscRodzaj>Wieś</sln:miejscRodzaj><sln:powIIPId>845d9522-06aa-4ba2-81b5-e39f63fafd1f</sln:powIIPId><sln:powIIPPn>PL.PZGIK.200</sln:powIIPPn><sln:powIIPWersja>2017-10-10T00:00:00+02:00</sln:powIIPWersja><sln:powIdTeryt>1607</sln:powIdTeryt><sln:powNazwa>nyski</sln:powNazwa><sln:waznyOd>2016-12-30T00:00:00+01:00</sln:waznyOd><sln:wojIIPId>9bd0c42a-ca40-4b7d-9b5b-81aae3398015</sln:wojIIPId><sln:wojIIPPn>PL.PZGIK.200</sln:wojIIPPn><sln:wojIIPWersja>2017-10-10T00:00:00+02:00</sln:wojIIPWersja><sln:wojIdTeryt>16</sln:wojIdTeryt><sln:wojNazwa>opolskie</sln:wojNazwa></sln:miejscowosc><sln:miejscowosc><sln:cyklZyciaOd>2017-04-07T00:00:00+02:00</sln:cyklZyciaOd><sln:gmIIPId>18f324bf-7ff6-42b0-a2e9-bdf42bb56f6c</sln:gmIIPId><sln:gmIIPPn>PL.PZGIK.200</sln:gmIIPPn><sln:gmIIPWersja>2017-10-10T00:00:00+02:00</sln:gmIIPWersja><sln:gmIdTeryt>1607013</sln:gmIdTeryt><sln:gmNazwa>Głuchołazy</sln:gmNazwa><sln:miejscIIPId>43082129-c989-4e07-adb7-711d76a1c1e1</sln:miejscIIPId><sln:miejscIIPPn>PL.PZGIK.200</sln:miejscIIPPn><sln:miejscIIPWersja>2017-04-07T14:00:56+02:00</sln:miejscIIPWersja><sln:miejscIdTeryt>0494686</sln:miejscIdTeryt><sln:miejscNazwa>Gierałcice</sln:miejscNazwa><sln:miejscRodzaj>Wieś</sln:miejscRodzaj><sln:powIIPId>845d9522-06aa-4ba2-81b5-e39f63fafd1f</sln:powIIPId><sln:powIIPPn>PL.PZGIK.200</sln:powIIPPn><sln:powIIPWersja>2017-10-10T00:00:00+02:00</sln:powIIPWersja><sln:powIdTeryt>1607</sln:powIdTeryt><sln:powNazwa>nyski</sln:powNazwa><sln:waznyOd>2016-12-30T00:00:00+01:00</sln:waznyOd><sln:wojIIPId>9bd0c42a-ca40-4b7d-9b5b-81aae3398015</sln:wojIIPId><sln:wojIIPPn>PL.PZGIK.200</sln:wojIIPPn><sln:wojIIPWersja>2017-10-10T00:00:00+02:00</sln:wojIIPWersja><sln:wojIdTeryt>16</sln:wojIdTeryt><sln:wojNazwa>opolskie</sln:wojNazwa></sln:miejscowosc><sln:miejscowosc><sln:cyklZyciaOd>2017-04-07T00:00:00+02:00</sln:cyklZyciaOd><sln:gmIIPId>18f324bf-7ff6-42b0-a2e9-bdf42bb56f6c</sln:gmIIPId><sln:gmIIPPn>PL.PZGIK.200</sln:gmIIPPn><sln:gmIIPWersja>2017-10-10T00:00:00+02:00</sln:gmIIPWersja><sln:gmIdTeryt>1607013</sln:gmIdTeryt><sln:gmNazwa>Głuchołazy</sln:gmNazwa><sln:miejscIIPId>35bceef6-5c5b-4b29-8849-ee10adec6f79</sln:miejscIIPId><sln:miejscIIPPn>PL.PZGIK.200</sln:miejscIIPPn><sln:miejscIIPWersja>2017-04-07T14:00:56+02:00</sln:miejscIIPWersja><sln:miejscIdTeryt>0494692</sln:miejscIdTeryt><sln:miejscNazwa>Jarnołtówek</sln:miejscNazwa><sln:miejscRodzaj>Wieś</sln:miejscRodzaj><sln:powIIPId>845d9522-06aa-4ba2-81b5-e39f63fafd1f</sln:powIIPId><sln:powIIPPn>PL.PZGIK.200</sln:powIIPPn><sln:powIIPWersja>2017-10-10T00:00:00+02:00</sln:powIIPWersja><sln:powIdTeryt>1607</sln:powIdTeryt><sln:powNazwa>nyski</sln:powNazwa><sln:waznyOd>2016-12-30T00:00:00+01:00</sln:waznyOd><sln:wojIIPId>9bd0c42a-ca40-4b7d-9b5b-81aae3398015</sln:wojIIPId><sln:wojIIPPn>PL.PZGIK.200</sln:wojIIPPn><sln:wojIIPWersja>2017-10-10T00:00:00+02:00</sln:wojIIPWersja><sln:wojIdTeryt>16</sln:wojIdTeryt><sln:wojNazwa>opolskie</sln:wojNazwa></sln:miejscowosc><sln:miejscowosc><sln:cyklZyciaOd>2017-04-07T00:00:00+02:00</sln:cyklZyciaOd><sln:gmIIPId>18f324bf-7ff6-42b0-a2e9-bdf42bb56f6c</sln:gmIIPId><sln:gmIIPPn>PL.PZGIK.200</sln:gmIIPPn><sln:gmIIPWersja>2017-10-10T00:00:00+02:00</sln:gmIIPWersja><sln:gmIdTeryt>1607013</sln:gmIdTeryt><sln:gmNazwa>Głuchołazy</sln:gmNazwa><sln:miejscIIPId>7ada812a-391c-4e9d-8e3c-fedb75f7fdbf</sln:miejscIIPId><sln:miejscIIPPn>PL.PZGIK.200</sln:miejscIIPPn><sln:miejscIIPWersja>2017-04-07T14:00:56+02:00</sln:miejscIIPWersja><sln:miejscIdTeryt>0494700</sln:miejscIdTeryt><sln:miejscNazwa>Konradów</sln:miejscNazwa><sln:miejscRodzaj>Wieś</sln:miejscRodzaj><sln:powIIPId>845d9522-06aa-4ba2-81b5-e39f63fafd1f</sln:powIIPId><sln:powIIPPn>PL.PZGIK.200</sln:powIIPPn><sln:powIIPWersja>2017-10-10T00:00:00+02:00</sln:powIIPWersja><sln:powIdTeryt>1607</sln:powIdTeryt><sln:powNazwa>nyski</sln:powNazwa><sln:waznyOd>2016-12-30T00:00:00+01:00</sln:waznyOd><sln:wojIIPId>9bd0c42a-ca40-4b7d-9b5b-81aae3398015</sln:wojIIPId><sln:wojIIPPn>PL.PZGIK.200</sln:wojIIPPn><sln:wojIIPWersja>2017-10-10T00:00:00+02:00</sln:wojIIPWersja><sln:wojIdTeryt>16</sln:wojIdTeryt><sln:wojNazwa>opolskie</sln:wojNazwa></sln:miejscowosc><sln:miejscowosc><sln:cyklZyciaOd>2017-04-07T00:00:00+02:00</sln:cyklZyciaOd><sln:gmIIPId>18f324bf-7ff6-42b0-a2e9-bdf42bb56f6c</sln:gmIIPId><sln:gmIIPPn>PL.PZGIK.200</sln:gmIIPPn><sln:gmIIPWersja>2017-10-10T00:00:00+02:00</sln:gmIIPWersja><sln:gmIdTeryt>1607013</sln:gmIdTeryt><sln:gmNazwa>Głuchołazy</sln:gmNazwa><sln:miejscIIPId>c2d5f6bb-cd28-4e31-9529-f11dd3be79c2</sln:miejscIIPId><sln:miejscIIPPn>PL.PZGIK.200</sln:miejscIIPPn><sln:miejscIIPWersja>2017-04-07T14:00:56+02:00</sln:miejscIIPWersja><sln:miejscIdTeryt>0494730</sln:miejscIdTeryt><sln:miejscNazwa>Kolonia Kaszubska</sln:miejscNazwa><sln:miejscRodzaj>Przysiółek</sln:miejscRodzaj><sln:powIIPId>845d9522-06aa-4ba2-81b5-e39f63fafd1f</sln:powIIPId><sln:powIIPPn>PL.PZGIK.200</sln:powIIPPn><sln:powIIPWersja>2017-10-10T00:00:00+02:00</sln:powIIPWersja><sln:powIdTeryt>1607</sln:powIdTeryt><sln:powNazwa>nyski</sln:powNazwa><sln:waznyOd>2017-02-06T00:00:00+01:00</sln:waznyOd><sln:wojIIPId>9bd0c42a-ca40-4b7d-9b5b-81aae3398015</sln:wojIIPId><sln:wojIIPPn>PL.PZGIK.200</sln:wojIIPPn><sln:wojIIPWersja>2017-10-10T00:00:00+02:00</sln:wojIIPWersja><sln:wojIdTeryt>16</sln:wojIdTeryt><sln:wojNazwa>opolskie</sln:wojNazwa></sln:miejscowosc><sln:miejscowosc><sln:cyklZyciaOd>2017-04-07T00:00:00+02:00</sln:cyklZyciaOd><sln:gmIIPId>18f324bf-7ff6-42b0-a2e9-bdf42bb56f6c</sln:gmIIPId><sln:gmIIPPn>PL.PZGIK.200</sln:gmIIPPn><sln:gmIIPWersja>2017-10-10T00:00:00+02:00</sln:gmIIPWersja><sln:gmIdTeryt>1607013</sln:gmIdTeryt><sln:gmNazwa>Głuchołazy</sln:gmNazwa><sln:miejscIIPId>bb51319c-d930-4562-94bc-f9ffe5a539e0</sln:miejscIIPId><sln:miejscIIPPn>PL.PZGIK.200</sln:miejscIIPPn><sln:miejscIIPWersja>2017-04-07T14:00:56+02:00</sln:miejscIIPWersja><sln:miejscIdTeryt>0494746</sln:miejscIdTeryt><sln:miejscNazwa>Osiedle Pasterówka</sln:miejscNazwa><sln:miejscRodzaj>Osada</sln:miejscRodzaj><sln:powIIPId>845d9522-06aa-4ba2-81b5-e39f63fafd1f</sln:powIIPId><sln:powIIPPn>PL.PZGIK.200</sln:powIIPPn><sln:powIIPWersja>2017-10-10T00:00:00+02:00</sln:powIIPWersja><sln:powIdTeryt>1607</sln:powIdTeryt><sln:powNazwa>nyski</sln:powNazwa><sln:waznyOd>2017-02-06T00:00:00+01:00</sln:waznyOd><sln:wojIIPId>9bd0c42a-ca40-4b7d-9b5b-81aae3398015</sln:wojIIPId><sln:wojIIPPn>PL.PZGIK.200</sln:wojIIPPn><sln:wojIIPWersja>2017-10-10T00:00:00+02:00</sln:wojIIPWersja><sln:wojIdTeryt>16</sln:wojIdTeryt><sln:wojNazwa>opolskie</sln:wojNazwa></sln:miejscowosc><sln:miejscowosc><sln:cyklZyciaOd>2017-04-07T00:00:00+02:00</sln:cyklZyciaOd><sln:gmIIPId>18f324bf-7ff6-42b0-a2e9-bdf42bb56f6c</sln:gmIIPId><sln:gmIIPPn>PL.PZGIK.200</sln:gmIIPPn><sln:gmIIPWersja>2017-10-10T00:00:00+02:00</sln:gmIIPWersja><sln:gmIdTeryt>1607013</sln:gmIdTeryt><sln:gmNazwa>Głuchołazy</sln:gmNazwa><sln:miejscIIPId>d8808535-8789-4336-8ebe-073fe518018f</sln:miejscIIPId><sln:miejscIIPPn>PL.PZGIK.200</sln:miejscIIPPn><sln:miejscIIPWersja>2017-04-07T14:00:56+02:00</sln:miejscIIPWersja><sln:miejscIdTeryt>0494752</sln:miejscIdTeryt><sln:miejscNazwa>Skowronków</sln:miejscNazwa><sln:miejscRodzaj>Przysiółek</sln:miejscRodzaj><sln:powIIPId>845d9522-06aa-4ba2-81b5-e39f63fafd1f</sln:powIIPId><sln:powIIPPn>PL.PZGIK.200</sln:powIIPPn><sln:powIIPWersja>2017-10-10T00:00:00+02:00</sln:powIIPWersja><sln:powIdTeryt>1607</sln:powIdTeryt><sln:powNazwa>nyski</sln:powNazwa><sln:waznyOd>2016-12-30T00:00:00+01:00</sln:waznyOd><sln:wojIIPId>9bd0c42a-ca40-4b7d-9b5b-81aae3398015</sln:wojIIPId><sln:wojIIPPn>PL.PZGIK.200</sln:wojIIPPn><sln:wojIIPWersja>2017-10-10T00:00:00+02:00</sln:wojIIPWersja><sln:wojIdTeryt>16</sln:wojIdTeryt><sln:wojNazwa>opolskie</sln:wojNazwa></sln:miejscowosc><sln:miejscowosc><sln:cyklZyciaOd>2017-04-07T00:00:00+02:00</sln:cyklZyciaOd><sln:gmIIPId>18f324bf-7ff6-42b0-a2e9-bdf42bb56f6c</sln:gmIIPId><sln:gmIIPPn>PL.PZGIK.200</sln:gmIIPPn><sln:gmIIPWersja>2017-10-10T00:00:00+02:00</sln:gmIIPWersja><sln:gmIdTeryt>1607013</sln:gmIdTeryt><sln:gmNazwa>Głuchołazy</sln:gmNazwa><sln:miejscIIPId>bf1830fd-57ee-4804-ac71-5fcb9b1b51be</sln:miejscIIPId><sln:miejscIIPPn>PL.PZGIK.200</sln:miejscIIPPn><sln:miejscIIPWersja>2017-04-07T14:00:56+02:00</sln:miejscIIPWersja><sln:miejscIdTeryt>0494769</sln:miejscIdTeryt><sln:miejscNazwa>Markowice</sln:miejscNazwa><sln:miejscRodzaj>Wieś</sln:miejscRodzaj><sln:powIIPId>845d9522-06aa-4ba2-81b5-e39f63fafd1f</sln:powIIPId><sln:powIIPPn>PL.PZGIK.200</sln:powIIPPn><sln:powIIPWersja>2017-10-10T00:00:00+02:00</sln:powIIPWersja><sln:powIdTeryt>1607</sln:powIdTeryt><sln:powNazwa>nyski</sln:powNazwa><sln:waznyOd>2016-12-30T00:00:00+01:00</sln:waznyOd><sln:wojIIPId>9bd0c42a-ca40-4b7d-9b5b-81aae3398015</sln:wojIIPId><sln:wojIIPPn>PL.PZGIK.200</sln:wojIIPPn><sln:wojIIPWersja>2017-10-10T00:00:00+02:00</sln:wojIIPWersja><sln:wojIdTeryt>16</sln:wojIdTeryt><sln:wojNazwa>opolskie</sln:wojNazwa></sln:miejscowosc><sln:miejscowosc><sln:cyklZyciaOd>2017-04-07T00:00:00+02:00</sln:cyklZyciaOd><sln:gmIIPId>18f324bf-7ff6-42b0-a2e9-bdf42bb56f6c</sln:gmIIPId><sln:gmIIPPn>PL.PZGIK.200</sln:gmIIPPn><sln:gmIIPWersja>2017-10-10T00:00:00+02:00</sln:gmIIPWersja><sln:gmIdTeryt>1607013</sln:gmIdTeryt><sln:gmNazwa>Głuchołazy</sln:gmNazwa><sln:miejscIIPId>1ff96b63-07c5-40f6-9b78-2287a132598c</sln:miejscIIPId><sln:miejscIIPPn>PL.PZGIK.200</sln:miejscIIPPn><sln:miejscIIPWersja>2017-04-07T14:00:56+02:00</sln:miejscIIPWersja><sln:miejscIdTeryt>0494775</sln:miejscIdTeryt><sln:miejscNazwa>Nowy Las</sln:miejscNazwa><sln:miejscRodzaj>Wieś</sln:miejscRodzaj><sln:powIIPId>845d9522-06aa-4ba2-81b5-e39f63fafd1f</sln:powIIPId><sln:powIIPPn>PL.PZGIK.200</sln:powIIPPn><sln:powIIPWersja>2017-10-10T00:00:00+02:00</sln:powIIPWersja><sln:powIdTeryt>1607</sln:powIdTeryt><sln:powNazwa>nyski</sln:powNazwa><sln:waznyOd>2016-12-30T00:00:00+01:00</sln:waznyOd><sln:wojIIPId>9bd0c42a-ca40-4b7d-9b5b-81aae3398015</sln:wojIIPId><sln:wojIIPPn>PL.PZGIK.200</sln:wojIIPPn><sln:wojIIPWersja>2017-10-10T00:00:00+02:00</sln:wojIIPWersja><sln:wojIdTeryt>16</sln:wojIdTeryt><sln:wojNazwa>opolskie</sln:wojNazwa></sln:miejscowosc><sln:miejscowosc><sln:cyklZyciaOd>2017-04-07T00:00:00+02:00</sln:cyklZyciaOd><sln:gmIIPId>18f324bf-7ff6-42b0-a2e9-bdf42bb56f6c</sln:gmIIPId><sln:gmIIPPn>PL.PZGIK.200</sln:gmIIPPn><sln:gmIIPWersja>2017-10-10T00:00:00+02:00</sln:gmIIPWersja><sln:gmIdTeryt>1607013</sln:gmIdTeryt><sln:gmNazwa>Głuchołazy</sln:gmNazwa><sln:miejscIIPId>96afb404-5836-4e39-8653-d67464785ac1</sln:miejscIIPId><sln:miejscIIPPn>PL.PZGIK.200</sln:miejscIIPPn><sln:miejscIIPWersja>2017-04-07T14:00:56+02:00</sln:miejscIIPWersja><sln:miejscIdTeryt>0494781</sln:miejscIdTeryt><sln:miejscNazwa>Nowy Świętów</sln:miejscNazwa><sln:miejscRodzaj>Wieś</sln:miejscRodzaj><sln:powIIPId>845d9522-06aa-4ba2-81b5-e39f63fafd1f</sln:powIIPId><sln:powIIPPn>PL.PZGIK.200</sln:powIIPPn><sln:powIIPWersja>2017-10-10T00:00:00+02:00</sln:powIIPWersja><sln:powIdTeryt>1607</sln:powIdTeryt><sln:powNazwa>nyski</sln:powNazwa><sln:waznyOd>2016-12-30T00:00:00+01:00</sln:waznyOd><sln:wojIIPId>9bd0c42a-ca40-4b7d-9b5b-81aae3398015</sln:wojIIPId><sln:wojIIPPn>PL.PZGIK.200</sln:wojIIPPn><sln:wojIIPWersja>2017-10-10T00:00:00+02:00</sln:wojIIPWersja><sln:wojIdTeryt>16</sln:wojIdTeryt><sln:wojNazwa>opolskie</sln:wojNazwa></sln:miejscowosc><sln:miejscowosc><sln:cyklZyciaOd>2017-04-07T00:00:00+02:00</sln:cyklZyciaOd><sln:gmIIPId>18f324bf-7ff6-42b0-a2e9-bdf42bb56f6c</sln:gmIIPId><sln:gmIIPPn>PL.PZGIK.200</sln:gmIIPPn><sln:gmIIPWersja>2017-10-10T00:00:00+02:00</sln:gmIIPWersja><sln:gmIdTeryt>1607013</sln:gmIdTeryt><sln:gmNazwa>Głuchołazy</sln:gmNazwa><sln:miejscIIPId>dc21a883-292a-4054-90e1-2ecf8ffb0bac</sln:miejscIIPId><sln:miejscIIPPn>PL.PZGIK.200</sln:miejscIIPPn><sln:miejscIIPWersja>2017-04-07T14:00:56+02:00</sln:miejscIIPWersja><sln:miejscIdTeryt>0494806</sln:miejscIdTeryt><sln:miejscNazwa>Osiedle Pionierów</sln:miejscNazwa><sln:miejscRodzaj>Osada</sln:miejscRodzaj><sln:powIIPId>845d9522-06aa-4ba2-81b5-e39f63fafd1f</sln:powIIPId><sln:powIIPPn>PL.PZGIK.200</sln:powIIPPn><sln:powIIPWersja>2017-10-10T00:00:00+02:00</sln:powIIPWersja><sln:powIdTeryt>1607</sln:powIdTeryt><sln:powNazwa>nyski</sln:powNazwa><sln:waznyOd>2017-02-06T00:00:00+01:00</sln:waznyOd><sln:wojIIPId>9bd0c42a-ca40-4b7d-9b5b-81aae3398015</sln:wojIIPId><sln:wojIIPPn>PL.PZGIK.200</sln:wojIIPPn><sln:wojIIPWersja>2017-10-10T00:00:00+02:00</sln:wojIIPWersja><sln:wojIdTeryt>16</sln:wojIdTeryt><sln:wojNazwa>opolskie</sln:wojNazwa></sln:miejscowosc><sln:miejscowosc><sln:cyklZyciaOd>2017-04-07T00:00:00+02:00</sln:cyklZyciaOd><sln:gmIIPId>18f324bf-7ff6-42b0-a2e9-bdf42bb56f6c</sln:gmIIPId><sln:gmIIPPn>PL.PZGIK.200</sln:gmIIPPn><sln:gmIIPWersja>2017-10-10T00:00:00+02:00</sln:gmIIPWersja><sln:gmIdTeryt>1607013</sln:gmIdTeryt><sln:gmNazwa>Głuchołazy</sln:gmNazwa><sln:miejscIIPId>262cbb05-bc7a-4158-8e62-f12c9b2fffdb</sln:miejscIIPId><sln:miejscIIPPn>PL.PZGIK.200</sln:miejscIIPPn><sln:miejscIIPWersja>2017-04-07T14:00:56+02:00</sln:miejscIIPWersja><sln:miejscIdTeryt>0494812</sln:miejscIdTeryt><sln:miejscNazwa>Podlesie</sln:miejscNazwa><sln:miejscRodzaj>Wieś</sln:miejscRodzaj><sln:powIIPId>845d9522-06aa-4ba2-81b5-e39f63fafd1f</sln:powIIPId><sln:powIIPPn>PL.PZGIK.200</sln:powIIPPn><sln:powIIPWersja>2017-10-10T00:00:00+02:00</sln:powIIPWersja><sln:powIdTeryt>1607</sln:powIdTeryt><sln:powNazwa>nyski</sln:powNazwa><sln:waznyOd>2016-12-30T00:00:00+01:00</sln:waznyOd><sln:wojIIPId>9bd0c42a-ca40-4b7d-9b5b-81aae3398015</sln:wojIIPId><sln:wojIIPPn>PL.PZGIK.200</sln:wojIIPPn><sln:wojIIPWersja>2017-10-10T00:00:00+02:00</sln:wojIIPWersja><sln:wojIdTeryt>16</sln:wojIdTeryt><sln:wojNazwa>opolskie</sln:wojNazwa></sln:miejscowosc><sln:miejscowosc><sln:cyklZyciaOd>2017-04-07T00:00:00+02:00</sln:cyklZyciaOd><sln:gmIIPId>18f324bf-7ff6-42b0-a2e9-bdf42bb56f6c</sln:gmIIPId><sln:gmIIPPn>PL.PZGIK.200</sln:gmIIPPn><sln:gmIIPWersja>2017-10-10T00:00:00+02:00</sln:gmIIPWersja><sln:gmIdTeryt>1607013</sln:gmIdTeryt><sln:gmNazwa>Głuchołazy</sln:gmNazwa><sln:miejscIIPId>6a162c20-e35d-4ccc-acfb-f88877996dc9</sln:miejscIIPId><sln:miejscIIPPn>PL.PZGIK.200</sln:miejscIIPPn><sln:miejscIIPWersja>2017-04-07T14:00:56+02:00</sln:miejscIIPWersja><sln:miejscIdTeryt>0494835</sln:miejscIdTeryt><sln:miejscNazwa>Pokrzywna</sln:miejscNazwa><sln:miejscRodzaj>Wieś</sln:miejscRodzaj><sln:powIIPId>845d9522-06aa-4ba2-81b5-e39f63fafd1f</sln:powIIPId><sln:powIIPPn>PL.PZGIK.200</sln:powIIPPn><sln:powIIPWersja>2017-10-10T00:00:00+02:00</sln:powIIPWersja><sln:powIdTeryt>1607</sln:powIdTeryt><sln:powNazwa>nyski</sln:powNazwa><sln:waznyOd>2016-12-30T00:00:00+01:00</sln:waznyOd><sln:wojIIPId>9bd0c42a-ca40-4b7d-9b5b-81aae3398015</sln:wojIIPId><sln:wojIIPPn>PL.PZGIK.200</sln:wojIIPPn><sln:wojIIPWersja>2017-10-10T00:00:00+02:00</sln:wojIIPWersja><sln:wojIdTeryt>16</sln:wojIdTeryt><sln:wojNazwa>opolskie</sln:wojNazwa></sln:miejscowosc><sln:miejscowosc><sln:cyklZyciaOd>2017-04-07T00:00:00+02:00</sln:cyklZyciaOd><sln:gmIIPId>18f324bf-7ff6-42b0-a2e9-bdf42bb56f6c</sln:gmIIPId><sln:gmIIPPn>PL.PZGIK.200</sln:gmIIPPn><sln:gmIIPWersja>2017-10-10T00:00:00+02:00</sln:gmIIPWersja><sln:gmIdTeryt>1607013</sln:gmIdTeryt><sln:gmNazwa>Głuchołazy</sln:gmNazwa><sln:miejscIIPId>d7097d03-ccc7-404c-90b2-218e8a948b2c</sln:miejscIIPId><sln:miejscIIPPn>PL.PZGIK.200</sln:miejscIIPPn><sln:miejscIIPWersja>2017-04-07T14:00:57+02:00</sln:miejscIIPWersja><sln:miejscIdTeryt>0494841</sln:miejscIdTeryt><sln:miejscNazwa>Sławniowice</sln:miejscNazwa><sln:miejscRodzaj>Wieś</sln:miejscRodzaj><sln:powIIPId>845d9522-06aa-4ba2-81b5-e39f63fafd1f</sln:powIIPId><sln:powIIPPn>PL.PZGIK.200</sln:powIIPPn><sln:powIIPWersja>2017-10-10T00:00:00+02:00</sln:powIIPWersja><sln:powIdTeryt>1607</sln:powIdTeryt><sln:powNazwa>nyski</sln:powNazwa><sln:waznyOd>2016-12-30T00:00:00+01:00</sln:waznyOd><sln:wojIIPId>9bd0c42a-ca40-4b7d-9b5b-81aae3398015</sln:wojIIPId><sln:wojIIPPn>PL.PZGIK.200</sln:wojIIPPn><sln:wojIIPWersja>2017-10-10T00:00:00+02:00</sln:wojIIPWersja><sln:wojIdTeryt>16</sln:wojIdTeryt><sln:wojNazwa>opolskie</sln:wojNazwa></sln:miejscowosc><sln:miejscowosc><sln:cyklZyciaOd>2017-04-07T00:00:00+02:00</sln:cyklZyciaOd><sln:gmIIPId>18f324bf-7ff6-42b0-a2e9-bdf42bb56f6c</sln:gmIIPId><sln:gmIIPPn>PL.PZGIK.200</sln:gmIIPPn><sln:gmIIPWersja>2017-10-10T00:00:00+02:00</sln:gmIIPWersja><sln:gmIdTeryt>1607013</sln:gmIdTeryt><sln:gmNazwa>Głuchołazy</sln:gmNazwa><sln:miejscIIPId>f7a52836-a745-4313-99ab-23c6b9abd073</sln:miejscIIPId><sln:miejscIIPPn>PL.PZGIK.200</sln:miejscIIPPn><sln:miejscIIPWersja>2017-04-07T14:00:57+02:00</sln:miejscIIPWersja><sln:miejscIdTeryt>0494858</sln:miejscIdTeryt><sln:miejscNazwa>Stary Las</sln:miejscNazwa><sln:miejscRodzaj>Wieś</sln:miejscRodzaj><sln:powIIPId>845d9522-06aa-4ba2-81b5-e39f63fafd1f</sln:powIIPId><sln:powIIPPn>PL.PZGIK.200</sln:powIIPPn><sln:powIIPWersja>2017-10-10T00:00:00+02:00</sln:powIIPWersja><sln:powIdTeryt>1607</sln:powIdTeryt><sln:powNazwa>nyski</sln:powNazwa><sln:waznyOd>2016-12-30T00:00:00+01:00</sln:waznyOd><sln:wojIIPId>9bd0c42a-ca40-4b7d-9b5b-81aae3398015</sln:wojIIPId><sln:wojIIPPn>PL.PZGIK.200</sln:wojIIPPn><sln:wojIIPWersja>2017-10-10T00:00:00+02:00</sln:wojIIPWersja><sln:wojIdTeryt>16</sln:wojIdTeryt><sln:wojNazwa>opolskie</sln:wojNazwa></sln:miejscowosc><sln:miejscowosc><sln:cyklZyciaOd>2017-04-07T00:00:00+02:00</sln:cyklZyciaOd><sln:gmIIPId>18f324bf-7ff6-42b0-a2e9-bdf42bb56f6c</sln:gmIIPId><sln:gmIIPPn>PL.PZGIK.200</sln:gmIIPPn><sln:gmIIPWersja>2017-10-10T00:00:00+02:00</sln:gmIIPWersja><sln:gmIdTeryt>1607013</sln:gmIdTeryt><sln:gmNazwa>Głuchołazy</sln:gmNazwa><sln:miejscIIPId>c88f51be-b49f-43b2-bcd6-e328cf2cd2ee</sln:miejscIIPId><sln:miejscIIPPn>PL.PZGIK.200</sln:miejscIIPPn><sln:miejscIIPWersja>2017-04-07T14:00:57+02:00</sln:miejscIIPWersja><sln:miejscIdTeryt>0494864</sln:miejscIdTeryt><sln:miejscNazwa>Sucha Kamienica</sln:miejscNazwa><sln:miejscRodzaj>Wieś</sln:miejscRodzaj><sln:powIIPId>845d9522-06aa-4ba2-81b5-e39f63fafd1f</sln:powIIPId><sln:powIIPPn>PL.PZGIK.200</sln:powIIPPn><sln:powIIPWersja>2017-10-10T00:00:00+02:00</sln:powIIPWersja><sln:powIdTeryt>1607</sln:powIdTeryt><sln:powNazwa>nyski</sln:powNazwa><sln:waznyOd>2016-12-30T00:00:00+01:00</sln:waznyOd><sln:wojIIPId>9bd0c42a-ca40-4b7d-9b5b-81aae3398015</sln:wojIIPId><sln:wojIIPPn>PL.PZGIK.200</sln:wojIIPPn><sln:wojIIPWersja>2017-10-10T00:00:00+02:00</sln:wojIIPWersja><sln:wojIdTeryt>16</sln:wojIdTeryt><sln:wojNazwa>opolskie</sln:wojNazwa></sln:miejscowosc><sln:miejscowosc><sln:cyklZyciaOd>2017-04-07T00:00:00+02:00</sln:cyklZyciaOd><sln:gmIIPId>18f324bf-7ff6-42b0-a2e9-bdf42bb56f6c</sln:gmIIPId><sln:gmIIPPn>PL.PZGIK.200</sln:gmIIPPn><sln:gmIIPWersja>2017-10-10T00:00:00+02:00</sln:gmIIPWersja><sln:gmIdTeryt>1607013</sln:gmIdTeryt><sln:gmNazwa>Głuchołazy</sln:gmNazwa><sln:miejscIIPId>54a1b0b5-03ce-4611-b3bc-ee6a7bd4130e</sln:miejscIIPId><sln:miejscIIPPn>PL.PZGIK.200</sln:miejscIIPPn><sln:miejscIIPWersja>2017-04-07T14:00:57+02:00</sln:miejscIIPWersja><sln:miejscIdTeryt>0494870</sln:miejscIdTeryt><sln:miejscNazwa>Polski Świętów</sln:miejscNazwa><sln:miejscRodzaj>Wieś</sln:miejscRodzaj><sln:powIIPId>845d9522-06aa-4ba2-81b5-e39f63fafd1f</sln:powIIPId><sln:powIIPPn>PL.PZGIK.200</sln:powIIPPn><sln:powIIPWersja>2017-10-10T00:00:00+02:00</sln:powIIPWersja><sln:powIdTeryt>1607</sln:powIdTeryt><sln:powNazwa>nyski</sln:powNazwa><sln:waznyOd>2016-12-30T00:00:00+01:00</sln:waznyOd><sln:wojIIPId>9bd0c42a-ca40-4b7d-9b5b-81aae3398015</sln:wojIIPId><sln:wojIIPPn>PL.PZGIK.200</sln:wojIIPPn><sln:wojIIPWersja>2017-10-10T00:00:00+02:00</sln:wojIIPWersja><sln:wojIdTeryt>16</sln:wojIdTeryt><sln:wojNazwa>opolskie</sln:wojNazwa></sln:miejscowosc><sln:miejscowosc><sln:cyklZyciaOd>2017-04-07T00:00:00+02:00</sln:cyklZyciaOd><sln:gmIIPId>18f324bf-7ff6-42b0-a2e9-bdf42bb56f6c</sln:gmIIPId><sln:gmIIPPn>PL.PZGIK.200</sln:gmIIPPn><sln:gmIIPWersja>2017-10-10T00:00:00+02:00</sln:gmIIPWersja><sln:gmIdTeryt>1607013</sln:gmIdTeryt><sln:gmNazwa>Głuchołazy</sln:gmNazwa><sln:miejscIIPId>10955e07-8a95-4d2c-a6f5-fe58a2acd3a8</sln:miejscIIPId><sln:miejscIIPPn>PL.PZGIK.200</sln:miejscIIPPn><sln:miejscIIPWersja>2017-04-07T14:00:57+02:00</sln:miejscIIPWersja><sln:miejscIdTeryt>0494887</sln:miejscIdTeryt><sln:miejscNazwa>Wilamowice Nyskie</sln:miejscNazwa><sln:miejscRodzaj>Wieś</sln:miejscRodzaj><sln:powIIPId>845d9522-06aa-4ba2-81b5-e39f63fafd1f</sln:powIIPId><sln:powIIPPn>PL.PZGIK.200</sln:powIIPPn><sln:powIIPWersja>2017-10-10T00:00:00+02:00</sln:powIIPWersja><sln:powIdTeryt>1607</sln:powIdTeryt><sln:powNazwa>nyski</sln:powNazwa><sln:waznyOd>2016-12-30T00:00:00+01:00</sln:waznyOd><sln:wojIIPId>9bd0c42a-ca40-4b7d-9b5b-81aae3398015</sln:wojIIPId><sln:wojIIPPn>PL.PZGIK.200</sln:wojIIPPn><sln:wojIIPWersja>2017-10-10T00:00:00+02:00</sln:wojIIPWersja><sln:wojIdTeryt>16</sln:wojIdTeryt><sln:wojNazwa>opolskie</sln:wojNazwa></sln:miejscowosc><sln:miejscowosc><sln:cyklZyciaOd>2017-04-07T00:00:00+02:00</sln:cyklZyciaOd><sln:gmIIPId>18f324bf-7ff6-42b0-a2e9-bdf42bb56f6c</sln:gmIIPId><sln:gmIIPPn>PL.PZGIK.200</sln:gmIIPPn><sln:gmIIPWersja>2017-10-10T00:00:00+02:00</sln:gmIIPWersja><sln:gmIdTeryt>1607013</sln:gmIdTeryt><sln:gmNazwa>Głuchołazy</sln:gmNazwa><sln:miejscIIPId>1e3c5233-4640-4090-b96d-8f083e180cbd</sln:miejscIIPId><sln:miejscIIPPn>PL.PZGIK.200</sln:miejscIIPPn><sln:miejscIIPWersja>2017-04-07T14:00:57+02:00</sln:miejscIIPWersja><sln:miejscIdTeryt>0965341</sln:miejscIdTeryt><sln:miejscNazwa>Głuchołazy</sln:miejscNazwa><sln:miejscRodzaj>Miasto</sln:miejscRodzaj><sln:powIIPId>845d9522-06aa-4ba2-81b5-e39f63fafd1f</sln:powIIPId><sln:powIIPPn>PL.PZGIK.200</sln:powIIPPn><sln:powIIPWersja>2017-10-10T00:00:00+02:00</sln:powIIPWersja><sln:powIdTeryt>1607</sln:powIdTeryt><sln:powNazwa>nyski</sln:powNazwa><sln:waznyOd>2016-12-30T00:00:00+01:00</sln:waznyOd><sln:wojIIPId>9bd0c42a-ca40-4b7d-9b5b-81aae3398015</sln:wojIIPId><sln:wojIIPPn>PL.PZGIK.200</sln:wojIIPPn><sln:wojIIPWersja>2017-10-10T00:00:00+02:00</sln:wojIIPWersja><sln:wojIdTeryt>16</sln:wojIdTeryt><sln:wojNazwa>opolskie</sln:wojNazwa></sln:miejscowosc></sln:lista-miejscowosci>