<?xml version="1.0" encoding="UTF-8" standalone="yes"?><sln:lista-miejscowosci xmlns:srv="http://gugik.gov.pl/schemas/slowniki-service/1.0" xmlns:sln="http://gugik.gov.pl/schemas/slowniki-schema/1.0"><sln:miejscowosc><sln:cyklZyciaDo>2017-04-12T00:00:00+02:00</sln:cyklZyciaDo><sln:cyklZyciaOd>2015-06-24T00:00:00+02:00</sln:cyklZyciaOd><sln:gmIIPId>e54d3fa9-83c1-4014-afc4-ea029405e984</sln:gmIIPId><sln:gmIIPPn>PL.PZGIK.200</sln:gmIIPPn><sln:gmIIPWersja>2012-09-26T21:59:28+02:00</sln:gmIIPWersja><sln:gmIdTeryt>1608072</sln:gmIdTeryt><sln:gmNazwa>Zębowice</sln:gmNazwa><sln:miejscIIPId>e2e8fe77-13f9-4a93-8067-51b490f05f4b</sln:miejscIIPId><sln:miejscIIPPn>PL.PZGIK.200</sln:miejscIIPPn><sln:miejscIIPWersja>2016-11-24T10:46:53+02:00</sln:miejscIIPWersja><sln:miejscIdTeryt>0505817</sln:miejscIdTeryt><sln:miejscNazwa>Kosice</sln:miejscNazwa><sln:miejscRodzaj>Przysiółek</sln:miejscRodzaj><sln:powIIPId>46bb9853-3179-46f3-abd1-c72e1a16ec6a</sln:powIIPId><sln:powIIPPn>PL.PZGIK.200</sln:powIIPPn><sln:powIIPWersja>2012-09-27T08:58:33+02:00</sln:powIIPWersja><sln:powIdTeryt>1608</sln:powIdTeryt><sln:powNazwa>oleski</sln:powNazwa><sln:waznyOd>2015-02-03T00:00:00+01:00</sln:waznyOd><sln:wojIIPId>9bd0c42a-ca40-4b7d-9b5b-81aae3398015</sln:wojIIPId><sln:wojIIPPn>PL.PZGIK.200</sln:wojIIPPn><sln:wojIIPWersja>2017-10-10T00:00:00+02:00</sln:wojIIPWersja><sln:wojIdTeryt>16</sln:wojIdTeryt><sln:wojNazwa>opolskie</sln:wojNazwa></sln:miejscowosc><sln:miejscowosc><sln:cyklZyciaDo>2017-04-12T00:00:00+02:00</sln:cyklZyciaDo><sln:cyklZyciaOd>2015-06-24T00:00:00+02:00</sln:cyklZyciaOd><sln:gmIIPId>e54d3fa9-83c1-4014-afc4-ea029405e984</sln:gmIIPId><sln:gmIIPPn>PL.PZGIK.200</sln:gmIIPPn><sln:gmIIPWersja>2012-09-26T21:59:28+02:00</sln:gmIIPWersja><sln:gmIdTeryt>1608072</sln:gmIdTeryt><sln:gmNazwa>Zębowice</sln:gmNazwa><sln:miejscIIPId>41166d2a-2a3d-48f3-a58b-c7e5e752f8d8</sln:miejscIIPId><sln:miejscIIPPn>PL.PZGIK.200</sln:miejscIIPPn><sln:miejscIIPWersja>2016-11-24T10:46:53+02:00</sln:miejscIIPWersja><sln:miejscIdTeryt>0505728</sln:miejscIdTeryt><sln:miejscNazwa>Łąka</sln:miejscNazwa><sln:miejscRodzaj>Wieś</sln:miejscRodzaj><sln:powIIPId>46bb9853-3179-46f3-abd1-c72e1a16ec6a</sln:powIIPId><sln:powIIPPn>PL.PZGIK.200</sln:powIIPPn><sln:powIIPWersja>2012-09-27T08:58:33+02:00</sln:powIIPWersja><sln:powIdTeryt>1608</sln:powIdTeryt><sln:powNazwa>oleski</sln:powNazwa><sln:waznyOd>2015-02-03T00:00:00+01:00</sln:waznyOd><sln:wojIIPId>9bd0c42a-ca40-4b7d-9b5b-81aae3398015</sln:wojIIPId><sln:wojIIPPn>PL.PZGIK.200</sln:wojIIPPn><sln:wojIIPWersja>2017-10-10T00:00:00+02:00</sln:wojIIPWersja><sln:wojIdTeryt>16</sln:wojIdTeryt><sln:wojNazwa>opolskie</sln:wojNazwa></sln:miejscowosc><sln:miejscowosc><sln:cyklZyciaDo>2017-04-12T00:00:00+02:00</sln:cyklZyciaDo><sln:cyklZyciaOd>2015-06-24T00:00:00+02:00</sln:cyklZyciaOd><sln:gmIIPId>e54d3fa9-83c1-4014-afc4-ea029405e984</sln:gmIIPId><sln:gmIIPPn>PL.PZGIK.200</sln:gmIIPPn><sln:gmIIPWersja>2012-09-26T21:59:28+02:00</sln:gmIIPWersja><sln:gmIdTeryt>1608072</sln:gmIdTeryt><sln:gmNazwa>Zębowice</sln:gmNazwa><sln:miejscIIPId>e3a0b073-06dc-44db-a40b-535d816fa880</sln:miejscIIPId><sln:miejscIIPPn>PL.PZGIK.200</sln:miejscIIPPn><sln:miejscIIPWersja>2016-11-24T10:46:53+02:00</sln:miejscIIPWersja><sln:miejscIdTeryt>0505734</sln:miejscIdTeryt><sln:miejscNazwa>Osiecko</sln:miejscNazwa><sln:miejscRodzaj>Wieś</sln:miejscRodzaj><sln:powIIPId>46bb9853-3179-46f3-abd1-c72e1a16ec6a</sln:powIIPId><sln:powIIPPn>PL.PZGIK.200</sln:powIIPPn><sln:powIIPWersja>2012-09-27T08:58:33+02:00</sln:powIIPWersja><sln:powIdTeryt>1608</sln:powIdTeryt><sln:powNazwa>oleski</sln:powNazwa><sln:waznyOd>2015-02-03T00:00:00+01:00</sln:waznyOd><sln:wojIIPId>9bd0c42a-ca40-4b7d-9b5b-81aae3398015</sln:wojIIPId><sln:wojIIPPn>PL.PZGIK.200</sln:wojIIPPn><sln:wojIIPWersja>2017-10-10T00:00:00+02:00</sln:wojIIPWersja><sln:wojIdTeryt>16</sln:wojIdTeryt><sln:wojNazwa>opolskie</sln:wojNazwa></sln:miejscowosc><sln:miejscowosc><sln:cyklZyciaDo>2017-04-12T00:00:00+02:00</sln:cyklZyciaDo><sln:cyklZyciaOd>2015-06-24T00:00:00+02:00</sln:cyklZyciaOd><sln:gmIIPId>e54d3fa9-83c1-4014-afc4-ea029405e984</sln:gmIIPId><sln:gmIIPPn>PL.PZGIK.200</sln:gmIIPPn><sln:gmIIPWersja>2012-09-26T21:59:28+02:00</sln:gmIIPWersja><sln:gmIdTeryt>1608072</sln:gmIdTeryt><sln:gmNazwa>Zębowice</sln:gmNazwa><sln:miejscIIPId>cef7c08c-9754-463b-9b4e-fed6c665d289</sln:miejscIIPId><sln:miejscIIPPn>PL.PZGIK.200</sln:miejscIIPPn><sln:miejscIIPWersja>2016-11-24T10:46:53+02:00</sln:miejscIIPWersja><sln:miejscIdTeryt>0505740</sln:miejscIdTeryt><sln:miejscNazwa>Poczołków</sln:miejscNazwa><sln:miejscRodzaj>Wieś</sln:miejscRodzaj><sln:powIIPId>46bb9853-3179-46f3-abd1-c72e1a16ec6a</sln:powIIPId><sln:powIIPPn>PL.PZGIK.200</sln:powIIPPn><sln:powIIPWersja>2012-09-27T08:58:33+02:00</sln:powIIPWersja><sln:powIdTeryt>1608</sln:powIdTeryt><sln:powNazwa>oleski</sln:powNazwa><sln:waznyOd>2015-02-03T00:00:00+01:00</sln:waznyOd><sln:wojIIPId>9bd0c42a-ca40-4b7d-9b5b-81aae3398015</sln:wojIIPId><sln:wojIIPPn>PL.PZGIK.200</sln:wojIIPPn><sln:wojIIPWersja>2017-10-10T00:00:00+02:00</sln:wojIIPWersja><sln:wojIdTeryt>16</sln:wojIdTeryt><sln:wojNazwa>opolskie</sln:wojNazwa></sln:miejscowosc><sln:miejscowosc><sln:cyklZyciaDo>2017-04-12T00:00:00+02:00</sln:cyklZyciaDo><sln:cyklZyciaOd>2015-06-24T00:00:00+02:00</sln:cyklZyciaOd><sln:gmIIPId>e54d3fa9-83c1-4014-afc4-ea029405e984</sln:gmIIPId><sln:gmIIPPn>PL.PZGIK.200</sln:gmIIPPn><sln:gmIIPWersja>2012-09-26T21:59:28+02:00</sln:gmIIPWersja><sln:gmIdTeryt>1608072</sln:gmIdTeryt><sln:gmNazwa>Zębowice</sln:gmNazwa><sln:miejscIIPId>5123d73d-89f9-4244-9e02-2c14d217681c</sln:miejscIIPId><sln:miejscIIPPn>PL.PZGIK.200</sln:miejscIIPPn><sln:miejscIIPWersja>2016-11-24T10:46:53+02:00</sln:miejscIIPWersja><sln:miejscIdTeryt>0505770</sln:miejscIdTeryt><sln:miejscNazwa>Prusków</sln:miejscNazwa><sln:miejscRodzaj>Wieś</sln:miejscRodzaj><sln:powIIPId>46bb9853-3179-46f3-abd1-c72e1a16ec6a</sln:powIIPId><sln:powIIPPn>PL.PZGIK.200</sln:powIIPPn><sln:powIIPWersja>2012-09-27T08:58:33+02:00</sln:powIIPWersja><sln:powIdTeryt>1608</sln:powIdTeryt><sln:powNazwa>oleski</sln:powNazwa><sln:waznyOd>2015-02-03T00:00:00+01:00</sln:waznyOd><sln:wojIIPId>9bd0c42a-ca40-4b7d-9b5b-81aae3398015</sln:wojIIPId><sln:wojIIPPn>PL.PZGIK.200</sln:wojIIPPn><sln:wojIIPWersja>2017-10-10T00:00:00+02:00</sln:wojIIPWersja><sln:wojIdTeryt>16</sln:wojIdTeryt><sln:wojNazwa>opolskie</sln:wojNazwa></sln:miejscowosc><sln:miejscowosc><sln:cyklZyciaDo>2017-04-12T00:00:00+02:00</sln:cyklZyciaDo><sln:cyklZyciaOd>2015-06-24T00:00:00+02:00</sln:cyklZyciaOd><sln:gmIIPId>e54d3fa9-83c1-4014-afc4-ea029405e984</sln:gmIIPId><sln:gmIIPPn>PL.PZGIK.200</sln:gmIIPPn><sln:gmIIPWersja>2012-09-26T21:59:28+02:00</sln:gmIIPWersja><sln:gmIdTeryt>1608072</sln:gmIdTeryt><sln:gmNazwa>Zębowice</sln:gmNazwa><sln:miejscIIPId>6e26731b-c7c7-4139-b5aa-33df35104238</sln:miejscIIPId><sln:miejscIIPPn>PL.PZGIK.200</sln:miejscIIPPn><sln:miejscIIPWersja>2016-11-24T10:46:53+02:00</sln:miejscIIPWersja><sln:miejscIdTeryt>0505786</sln:miejscIdTeryt><sln:miejscNazwa>Radawie</sln:miejscNazwa><sln:miejscRodzaj>Wieś</sln:miejscRodzaj><sln:powIIPId>46bb9853-3179-46f3-abd1-c72e1a16ec6a</sln:powIIPId><sln:powIIPPn>PL.PZGIK.200</sln:powIIPPn><sln:powIIPWersja>2012-09-27T08:58:33+02:00</sln:powIIPWersja><sln:powIdTeryt>1608</sln:powIdTeryt><sln:powNazwa>oleski</sln:powNazwa><sln:waznyOd>2015-02-03T00:00:00+01:00</sln:waznyOd><sln:wojIIPId>9bd0c42a-ca40-4b7d-9b5b-81aae3398015</sln:wojIIPId><sln:wojIIPPn>PL.PZGIK.200</sln:wojIIPPn><sln:wojIIPWersja>2017-10-10T00:00:00+02:00</sln:wojIIPWersja><sln:wojIdTeryt>16</sln:wojIdTeryt><sln:wojNazwa>opolskie</sln:wojNazwa></sln:miejscowosc><sln:miejscowosc><sln:cyklZyciaDo>2017-04-12T00:00:00+02:00</sln:cyklZyciaDo><sln:cyklZyciaOd>2015-06-24T00:00:00+02:00</sln:cyklZyciaOd><sln:gmIIPId>e54d3fa9-83c1-4014-afc4-ea029405e984</sln:gmIIPId><sln:gmIIPPn>PL.PZGIK.200</sln:gmIIPPn><sln:gmIIPWersja>2012-09-26T21:59:28+02:00</sln:gmIIPWersja><sln:gmIdTeryt>1608072</sln:gmIdTeryt><sln:gmNazwa>Zębowice</sln:gmNazwa><sln:miejscIIPId>f8243627-e1ee-4c4b-b51b-692a9e274c35</sln:miejscIIPId><sln:miejscIIPPn>PL.PZGIK.200</sln:miejscIIPPn><sln:miejscIIPWersja>2016-11-24T10:46:53+02:00</sln:miejscIIPWersja><sln:miejscIdTeryt>0505830</sln:miejscIdTeryt><sln:miejscNazwa>Siedliska</sln:miejscNazwa><sln:miejscRodzaj>Wieś</sln:miejscRodzaj><sln:powIIPId>46bb9853-3179-46f3-abd1-c72e1a16ec6a</sln:powIIPId><sln:powIIPPn>PL.PZGIK.200</sln:powIIPPn><sln:powIIPWersja>2012-09-27T08:58:33+02:00</sln:powIIPWersja><sln:powIdTeryt>1608</sln:powIdTeryt><sln:powNazwa>oleski</sln:powNazwa><sln:waznyOd>2015-02-03T00:00:00+01:00</sln:waznyOd><sln:wojIIPId>9bd0c42a-ca40-4b7d-9b5b-81aae3398015</sln:wojIIPId><sln:wojIIPPn>PL.PZGIK.200</sln:wojIIPPn><sln:wojIIPWersja>2017-10-10T00:00:00+02:00</sln:wojIIPWersja><sln:wojIdTeryt>16</sln:wojIdTeryt><sln:wojNazwa>opolskie</sln:wojNazwa></sln:miejscowosc><sln:miejscowosc><sln:cyklZyciaDo>2017-04-12T00:00:00+02:00</sln:cyklZyciaDo><sln:cyklZyciaOd>2015-06-24T00:00:00+02:00</sln:cyklZyciaOd><sln:gmIIPId>e54d3fa9-83c1-4014-afc4-ea029405e984</sln:gmIIPId><sln:gmIIPPn>PL.PZGIK.200</sln:gmIIPPn><sln:gmIIPWersja>2012-09-26T21:59:28+02:00</sln:gmIIPWersja><sln:gmIdTeryt>1608072</sln:gmIdTeryt><sln:gmNazwa>Zębowice</sln:gmNazwa><sln:miejscIIPId>dc1f744b-0b84-4426-a81a-9b89851bfd15</sln:miejscIIPId><sln:miejscIIPPn>PL.PZGIK.200</sln:miejscIIPPn><sln:miejscIIPWersja>2016-11-24T10:46:53+02:00</sln:miejscIIPWersja><sln:miejscIdTeryt>0505869</sln:miejscIdTeryt><sln:miejscNazwa>Zębowice</sln:miejscNazwa><sln:miejscRodzaj>Wieś</sln:miejscRodzaj><sln:powIIPId>46bb9853-3179-46f3-abd1-c72e1a16ec6a</sln:powIIPId><sln:powIIPPn>PL.PZGIK.200</sln:powIIPPn><sln:powIIPWersja>2012-09-27T08:58:33+02:00</sln:powIIPWersja><sln:powIdTeryt>1608</sln:powIdTeryt><sln:powNazwa>oleski</sln:powNazwa><sln:waznyOd>2015-02-03T00:00:00+01:00</sln:waznyOd><sln:wojIIPId>9bd0c42a-ca40-4b7d-9b5b-81aae3398015</sln:wojIIPId><sln:wojIIPPn>PL.PZGIK.200</sln:wojIIPPn><sln:wojIIPWersja>2017-10-10T00:00:00+02:00</sln:wojIIPWersja><sln:wojIdTeryt>16</sln:wojIdTeryt><sln:wojNazwa>opolskie</sln:wojNazwa></sln:miejscowosc><sln:miejscowosc><sln:cyklZyciaDo>2017-04-12T00:00:00+02:00</sln:cyklZyciaDo><sln:cyklZyciaOd>2015-06-24T00:00:00+02:00</sln:cyklZyciaOd><sln:gmIIPId>e54d3fa9-83c1-4014-afc4-ea029405e984</sln:gmIIPId><sln:gmIIPPn>PL.PZGIK.200</sln:gmIIPPn><sln:gmIIPWersja>2012-09-26T21:59:28+02:00</sln:gmIIPWersja><sln:gmIdTeryt>1608072</sln:gmIdTeryt><sln:gmNazwa>Zębowice</sln:gmNazwa><sln:miejscIIPId>4ac4ebb7-a4f6-473d-af35-86b750940465</sln:miejscIIPId><sln:miejscIIPPn>PL.PZGIK.200</sln:miejscIIPPn><sln:miejscIIPWersja>2016-11-24T10:46:53+02:00</sln:miejscIIPWersja><sln:miejscIdTeryt>0505651</sln:miejscIdTeryt><sln:miejscNazwa>Kadłub Wolny</sln:miejscNazwa><sln:miejscRodzaj>Wieś</sln:miejscRodzaj><sln:powIIPId>46bb9853-3179-46f3-abd1-c72e1a16ec6a</sln:powIIPId><sln:powIIPPn>PL.PZGIK.200</sln:powIIPPn><sln:powIIPWersja>2012-09-27T08:58:33+02:00</sln:powIIPWersja><sln:powIdTeryt>1608</sln:powIdTeryt><sln:powNazwa>oleski</sln:powNazwa><sln:waznyOd>2015-02-03T00:00:00+01:00</sln:waznyOd><sln:wojIIPId>9bd0c42a-ca40-4b7d-9b5b-81aae3398015</sln:wojIIPId><sln:wojIIPPn>PL.PZGIK.200</sln:wojIIPPn><sln:wojIIPWersja>2017-10-10T00:00:00+02:00</sln:wojIIPWersja><sln:wojIdTeryt>16</sln:wojIdTeryt><sln:wojNazwa>opolskie</sln:wojNazwa></sln:miejscowosc><sln:miejscowosc><sln:cyklZyciaDo>2017-04-12T00:00:00+02:00</sln:cyklZyciaDo><sln:cyklZyciaOd>2015-06-24T00:00:00+02:00</sln:cyklZyciaOd><sln:gmIIPId>e54d3fa9-83c1-4014-afc4-ea029405e984</sln:gmIIPId><sln:gmIIPPn>PL.PZGIK.200</sln:gmIIPPn><sln:gmIIPWersja>2012-09-26T21:59:28+02:00</sln:gmIIPWersja><sln:gmIdTeryt>1608072</sln:gmIdTeryt><sln:gmNazwa>Zębowice</sln:gmNazwa><sln:miejscIIPId>1c320245-212c-4ff4-91e0-c6c2f8661b8e</sln:miejscIIPId><sln:miejscIIPPn>PL.PZGIK.200</sln:miejscIIPPn><sln:miejscIIPWersja>2016-11-24T10:46:53+02:00</sln:miejscIIPWersja><sln:miejscIdTeryt>0505711</sln:miejscIdTeryt><sln:miejscNazwa>Knieja</sln:miejscNazwa><sln:miejscRodzaj>Wieś</sln:miejscRodzaj><sln:powIIPId>46bb9853-3179-46f3-abd1-c72e1a16ec6a</sln:powIIPId><sln:powIIPPn>PL.PZGIK.200</sln:powIIPPn><sln:powIIPWersja>2012-09-27T08:58:33+02:00</sln:powIIPWersja><sln:powIdTeryt>1608</sln:powIdTeryt><sln:powNazwa>oleski</sln:powNazwa><sln:waznyOd>2015-02-03T00:00:00+01:00</sln:waznyOd><sln:wojIIPId>9bd0c42a-ca40-4b7d-9b5b-81aae3398015</sln:wojIIPId><sln:wojIIPPn>PL.PZGIK.200</sln:wojIIPPn><sln:wojIIPWersja>2017-10-10T00:00:00+02:00</sln:wojIIPWersja><sln:wojIdTeryt>16</sln:wojIdTeryt><sln:wojNazwa>opolskie</sln:wojNazwa></sln:miejscowosc><sln:miejscowosc><sln:cyklZyciaOd>2017-04-12T00:00:00+02:00</sln:cyklZyciaOd><sln:gmIIPId>e54d3fa9-83c1-4014-afc4-ea029405e984</sln:gmIIPId><sln:gmIIPPn>PL.PZGIK.200</sln:gmIIPPn><sln:gmIIPWersja>2012-09-26T21:59:28+02:00</sln:gmIIPWersja><sln:gmIdTeryt>1608072</sln:gmIdTeryt><sln:gmNazwa>Zębowice</sln:gmNazwa><sln:miejscIIPId>4ac4ebb7-a4f6-473d-af35-86b750940465</sln:miejscIIPId><sln:miejscIIPPn>PL.PZGIK.200</sln:miejscIIPPn><sln:miejscIIPWersja>2017-04-12T11:42:33+02:00</sln:miejscIIPWersja><sln:miejscIdTeryt>0505651</sln:miejscIdTeryt><sln:miejscNazwa>Kadłub Wolny</sln:miejscNazwa><sln:miejscRodzaj>Wieś</sln:miejscRodzaj><sln:powIIPId>46bb9853-3179-46f3-abd1-c72e1a16ec6a</sln:powIIPId><sln:powIIPPn>PL.PZGIK.200</sln:powIIPPn><sln:powIIPWersja>2012-09-27T08:58:33+02:00</sln:powIIPWersja><sln:powIdTeryt>1608</sln:powIdTeryt><sln:powNazwa>oleski</sln:powNazwa><sln:waznyOd>2015-02-03T00:00:00+01:00</sln:waznyOd><sln:wojIIPId>9bd0c42a-ca40-4b7d-9b5b-81aae3398015</sln:wojIIPId><sln:wojIIPPn>PL.PZGIK.200</sln:wojIIPPn><sln:wojIIPWersja>2017-10-10T00:00:00+02:00</sln:wojIIPWersja><sln:wojIdTeryt>16</sln:wojIdTeryt><sln:wojNazwa>opolskie</sln:wojNazwa></sln:miejscowosc><sln:miejscowosc><sln:cyklZyciaOd>2017-04-12T00:00:00+02:00</sln:cyklZyciaOd><sln:gmIIPId>e54d3fa9-83c1-4014-afc4-ea029405e984</sln:gmIIPId><sln:gmIIPPn>PL.PZGIK.200</sln:gmIIPPn><sln:gmIIPWersja>2012-09-26T21:59:28+02:00</sln:gmIIPWersja><sln:gmIdTeryt>1608072</sln:gmIdTeryt><sln:gmNazwa>Zębowice</sln:gmNazwa><sln:miejscIIPId>1c320245-212c-4ff4-91e0-c6c2f8661b8e</sln:miejscIIPId><sln:miejscIIPPn>PL.PZGIK.200</sln:miejscIIPPn><sln:miejscIIPWersja>2017-04-12T11:42:39+02:00</sln:miejscIIPWersja><sln:miejscIdTeryt>0505711</sln:miejscIdTeryt><sln:miejscNazwa>Knieja</sln:miejscNazwa><sln:miejscRodzaj>Wieś</sln:miejscRodzaj><sln:powIIPId>46bb9853-3179-46f3-abd1-c72e1a16ec6a</sln:powIIPId><sln:powIIPPn>PL.PZGIK.200</sln:powIIPPn><sln:powIIPWersja>2012-09-27T08:58:33+02:00</sln:powIIPWersja><sln:powIdTeryt>1608</sln:powIdTeryt><sln:powNazwa>oleski</sln:powNazwa><sln:waznyOd>2015-02-03T00:00:00+01:00</sln:waznyOd><sln:wojIIPId>9bd0c42a-ca40-4b7d-9b5b-81aae3398015</sln:wojIIPId><sln:wojIIPPn>PL.PZGIK.200</sln:wojIIPPn><sln:wojIIPWersja>2017-10-10T00:00:00+02:00</sln:wojIIPWersja><sln:wojIdTeryt>16</sln:wojIdTeryt><sln:wojNazwa>opolskie</sln:wojNazwa></sln:miejscowosc><sln:miejscowosc><sln:cyklZyciaOd>2017-04-12T00:00:00+02:00</sln:cyklZyciaOd><sln:gmIIPId>e54d3fa9-83c1-4014-afc4-ea029405e984</sln:gmIIPId><sln:gmIIPPn>PL.PZGIK.200</sln:gmIIPPn><sln:gmIIPWersja>2012-09-26T21:59:28+02:00</sln:gmIIPWersja><sln:gmIdTeryt>1608072</sln:gmIdTeryt><sln:gmNazwa>Zębowice</sln:gmNazwa><sln:miejscIIPId>41166d2a-2a3d-48f3-a58b-c7e5e752f8d8</sln:miejscIIPId><sln:miejscIIPPn>PL.PZGIK.200</sln:miejscIIPPn><sln:miejscIIPWersja>2017-04-12T11:42:39+02:00</sln:miejscIIPWersja><sln:miejscIdTeryt>0505728</sln:miejscIdTeryt><sln:miejscNazwa>Łąka</sln:miejscNazwa><sln:miejscRodzaj>Wieś</sln:miejscRodzaj><sln:powIIPId>46bb9853-3179-46f3-abd1-c72e1a16ec6a</sln:powIIPId><sln:powIIPPn>PL.PZGIK.200</sln:powIIPPn><sln:powIIPWersja>2012-09-27T08:58:33+02:00</sln:powIIPWersja><sln:powIdTeryt>1608</sln:powIdTeryt><sln:powNazwa>oleski</sln:powNazwa><sln:waznyOd>2015-02-03T00:00:00+01:00</sln:waznyOd><sln:wojIIPId>9bd0c42a-ca40-4b7d-9b5b-81aae3398015</sln:wojIIPId><sln:wojIIPPn>PL.PZGIK.200</sln:wojIIPPn><sln:wojIIPWersja>2017-10-10T00:00:00+02:00</sln:wojIIPWersja><sln:wojIdTeryt>16</sln:wojIdTeryt><sln:wojNazwa>opolskie</sln:wojNazwa></sln:miejscowosc><sln:miejscowosc><sln:cyklZyciaOd>2017-04-12T00:00:00+02:00</sln:cyklZyciaOd><sln:gmIIPId>e54d3fa9-83c1-4014-afc4-ea029405e984</sln:gmIIPId><sln:gmIIPPn>PL.PZGIK.200</sln:gmIIPPn><sln:gmIIPWersja>2012-09-26T21:59:28+02:00</sln:gmIIPWersja><sln:gmIdTeryt>1608072</sln:gmIdTeryt><sln:gmNazwa>Zębowice</sln:gmNazwa><sln:miejscIIPId>e3a0b073-06dc-44db-a40b-535d816fa880</sln:miejscIIPId><sln:miejscIIPPn>PL.PZGIK.200</sln:miejscIIPPn><sln:miejscIIPWersja>2017-04-12T11:42:39+02:00</sln:miejscIIPWersja><sln:miejscIdTeryt>0505734</sln:miejscIdTeryt><sln:miejscNazwa>Osiecko</sln:miejscNazwa><sln:miejscRodzaj>Wieś</sln:miejscRodzaj><sln:powIIPId>46bb9853-3179-46f3-abd1-c72e1a16ec6a</sln:powIIPId><sln:powIIPPn>PL.PZGIK.200</sln:powIIPPn><sln:powIIPWersja>2012-09-27T08:58:33+02:00</sln:powIIPWersja><sln:powIdTeryt>1608</sln:powIdTeryt><sln:powNazwa>oleski</sln:powNazwa><sln:waznyOd>2015-02-03T00:00:00+01:00</sln:waznyOd><sln:wojIIPId>9bd0c42a-ca40-4b7d-9b5b-81aae3398015</sln:wojIIPId><sln:wojIIPPn>PL.PZGIK.200</sln:wojIIPPn><sln:wojIIPWersja>2017-10-10T00:00:00+02:00</sln:wojIIPWersja><sln:wojIdTeryt>16</sln:wojIdTeryt><sln:wojNazwa>opolskie</sln:wojNazwa></sln:miejscowosc><sln:miejscowosc><sln:cyklZyciaOd>2017-04-12T00:00:00+02:00</sln:cyklZyciaOd><sln:gmIIPId>e54d3fa9-83c1-4014-afc4-ea029405e984</sln:gmIIPId><sln:gmIIPPn>PL.PZGIK.200</sln:gmIIPPn><sln:gmIIPWersja>2012-09-26T21:59:28+02:00</sln:gmIIPWersja><sln:gmIdTeryt>1608072</sln:gmIdTeryt><sln:gmNazwa>Zębowice</sln:gmNazwa><sln:miejscIIPId>cef7c08c-9754-463b-9b4e-fed6c665d289</sln:miejscIIPId><sln:miejscIIPPn>PL.PZGIK.200</sln:miejscIIPPn><sln:miejscIIPWersja>2017-04-12T11:42:39+02:00</sln:miejscIIPWersja><sln:miejscIdTeryt>0505740</sln:miejscIdTeryt><sln:miejscNazwa>Poczołków</sln:miejscNazwa><sln:miejscRodzaj>Wieś</sln:miejscRodzaj><sln:powIIPId>46bb9853-3179-46f3-abd1-c72e1a16ec6a</sln:powIIPId><sln:powIIPPn>PL.PZGIK.200</sln:powIIPPn><sln:powIIPWersja>2012-09-27T08:58:33+02:00</sln:powIIPWersja><sln:powIdTeryt>1608</sln:powIdTeryt><sln:powNazwa>oleski</sln:powNazwa><sln:waznyOd>2015-02-03T00:00:00+01:00</sln:waznyOd><sln:wojIIPId>9bd0c42a-ca40-4b7d-9b5b-81aae3398015</sln:wojIIPId><sln:wojIIPPn>PL.PZGIK.200</sln:wojIIPPn><sln:wojIIPWersja>2017-10-10T00:00:00+02:00</sln:wojIIPWersja><sln:wojIdTeryt>16</sln:wojIdTeryt><sln:wojNazwa>opolskie</sln:wojNazwa></sln:miejscowosc><sln:miejscowosc><sln:cyklZyciaOd>2017-04-12T00:00:00+02:00</sln:cyklZyciaOd><sln:gmIIPId>e54d3fa9-83c1-4014-afc4-ea029405e984</sln:gmIIPId><sln:gmIIPPn>PL.PZGIK.200</sln:gmIIPPn><sln:gmIIPWersja>2012-09-26T21:59:28+02:00</sln:gmIIPWersja><sln:gmIdTeryt>1608072</sln:gmIdTeryt><sln:gmNazwa>Zębowice</sln:gmNazwa><sln:miejscIIPId>5123d73d-89f9-4244-9e02-2c14d217681c</sln:miejscIIPId><sln:miejscIIPPn>PL.PZGIK.200</sln:miejscIIPPn><sln:miejscIIPWersja>2017-04-12T11:42:39+02:00</sln:miejscIIPWersja><sln:miejscIdTeryt>0505770</sln:miejscIdTeryt><sln:miejscNazwa>Prusków</sln:miejscNazwa><sln:miejscRodzaj>Wieś</sln:miejscRodzaj><sln:powIIPId>46bb9853-3179-46f3-abd1-c72e1a16ec6a</sln:powIIPId><sln:powIIPPn>PL.PZGIK.200</sln:powIIPPn><sln:powIIPWersja>2012-09-27T08:58:33+02:00</sln:powIIPWersja><sln:powIdTeryt>1608</sln:powIdTeryt><sln:powNazwa>oleski</sln:powNazwa><sln:waznyOd>2015-02-03T00:00:00+01:00</sln:waznyOd><sln:wojIIPId>9bd0c42a-ca40-4b7d-9b5b-81aae3398015</sln:wojIIPId><sln:wojIIPPn>PL.PZGIK.200</sln:wojIIPPn><sln:wojIIPWersja>2017-10-10T00:00:00+02:00</sln:wojIIPWersja><sln:wojIdTeryt>16</sln:wojIdTeryt><sln:wojNazwa>opolskie</sln:wojNazwa></sln:miejscowosc><sln:miejscowosc><sln:cyklZyciaOd>2017-04-12T00:00:00+02:00</sln:cyklZyciaOd><sln:gmIIPId>e54d3fa9-83c1-4014-afc4-ea029405e984</sln:gmIIPId><sln:gmIIPPn>PL.PZGIK.200</sln:gmIIPPn><sln:gmIIPWersja>2012-09-26T21:59:28+02:00</sln:gmIIPWersja><sln:gmIdTeryt>1608072</sln:gmIdTeryt><sln:gmNazwa>Zębowice</sln:gmNazwa><sln:miejscIIPId>6e26731b-c7c7-4139-b5aa-33df35104238</sln:miejscIIPId><sln:miejscIIPPn>PL.PZGIK.200</sln:miejscIIPPn><sln:miejscIIPWersja>2017-04-12T11:42:39+02:00</sln:miejscIIPWersja><sln:miejscIdTeryt>0505786</sln:miejscIdTeryt><sln:miejscNazwa>Radawie</sln:miejscNazwa><sln:miejscRodzaj>Wieś</sln:miejscRodzaj><sln:powIIPId>46bb9853-3179-46f3-abd1-c72e1a16ec6a</sln:powIIPId><sln:powIIPPn>PL.PZGIK.200</sln:powIIPPn><sln:powIIPWersja>2012-09-27T08:58:33+02:00</sln:powIIPWersja><sln:powIdTeryt>1608</sln:powIdTeryt><sln:powNazwa>oleski</sln:powNazwa><sln:waznyOd>2015-02-03T00:00:00+01:00</sln:waznyOd><sln:wojIIPId>9bd0c42a-ca40-4b7d-9b5b-81aae3398015</sln:wojIIPId><sln:wojIIPPn>PL.PZGIK.200</sln:wojIIPPn><sln:wojIIPWersja>2017-10-10T00:00:00+02:00</sln:wojIIPWersja><sln:wojIdTeryt>16</sln:wojIdTeryt><sln:wojNazwa>opolskie</sln:wojNazwa></sln:miejscowosc><sln:miejscowosc><sln:cyklZyciaOd>2017-04-12T00:00:00+02:00</sln:cyklZyciaOd><sln:gmIIPId>e54d3fa9-83c1-4014-afc4-ea029405e984</sln:gmIIPId><sln:gmIIPPn>PL.PZGIK.200</sln:gmIIPPn><sln:gmIIPWersja>2012-09-26T21:59:28+02:00</sln:gmIIPWersja><sln:gmIdTeryt>1608072</sln:gmIdTeryt><sln:gmNazwa>Zębowice</sln:gmNazwa><sln:miejscIIPId>e2e8fe77-13f9-4a93-8067-51b490f05f4b</sln:miejscIIPId><sln:miejscIIPPn>PL.PZGIK.200</sln:miejscIIPPn><sln:miejscIIPWersja>2017-04-12T11:42:39+02:00</sln:miejscIIPWersja><sln:miejscIdTeryt>0505817</sln:miejscIdTeryt><sln:miejscNazwa>Kosice</sln:miejscNazwa><sln:miejscRodzaj>Przysiółek</sln:miejscRodzaj><sln:powIIPId>46bb9853-3179-46f3-abd1-c72e1a16ec6a</sln:powIIPId><sln:powIIPPn>PL.PZGIK.200</sln:powIIPPn><sln:powIIPWersja>2012-09-27T08:58:33+02:00</sln:powIIPWersja><sln:powIdTeryt>1608</sln:powIdTeryt><sln:powNazwa>oleski</sln:powNazwa><sln:waznyOd>2015-02-03T00:00:00+01:00</sln:waznyOd><sln:wojIIPId>9bd0c42a-ca40-4b7d-9b5b-81aae3398015</sln:wojIIPId><sln:wojIIPPn>PL.PZGIK.200</sln:wojIIPPn><sln:wojIIPWersja>2017-10-10T00:00:00+02:00</sln:wojIIPWersja><sln:wojIdTeryt>16</sln:wojIdTeryt><sln:wojNazwa>opolskie</sln:wojNazwa></sln:miejscowosc><sln:miejscowosc><sln:cyklZyciaOd>2017-04-12T00:00:00+02:00</sln:cyklZyciaOd><sln:gmIIPId>e54d3fa9-83c1-4014-afc4-ea029405e984</sln:gmIIPId><sln:gmIIPPn>PL.PZGIK.200</sln:gmIIPPn><sln:gmIIPWersja>2012-09-26T21:59:28+02:00</sln:gmIIPWersja><sln:gmIdTeryt>1608072</sln:gmIdTeryt><sln:gmNazwa>Zębowice</sln:gmNazwa><sln:miejscIIPId>f8243627-e1ee-4c4b-b51b-692a9e274c35</sln:miejscIIPId><sln:miejscIIPPn>PL.PZGIK.200</sln:miejscIIPPn><sln:miejscIIPWersja>2017-04-12T11:42:39+02:00</sln:miejscIIPWersja><sln:miejscIdTeryt>0505830</sln:miejscIdTeryt><sln:miejscNazwa>Siedliska</sln:miejscNazwa><sln:miejscRodzaj>Wieś</sln:miejscRodzaj><sln:powIIPId>46bb9853-3179-46f3-abd1-c72e1a16ec6a</sln:powIIPId><sln:powIIPPn>PL.PZGIK.200</sln:powIIPPn><sln:powIIPWersja>2012-09-27T08:58:33+02:00</sln:powIIPWersja><sln:powIdTeryt>1608</sln:powIdTeryt><sln:powNazwa>oleski</sln:powNazwa><sln:waznyOd>2015-02-03T00:00:00+01:00</sln:waznyOd><sln:wojIIPId>9bd0c42a-ca40-4b7d-9b5b-81aae3398015</sln:wojIIPId><sln:wojIIPPn>PL.PZGIK.200</sln:wojIIPPn><sln:wojIIPWersja>2017-10-10T00:00:00+02:00</sln:wojIIPWersja><sln:wojIdTeryt>16</sln:wojIdTeryt><sln:wojNazwa>opolskie</sln:wojNazwa></sln:miejscowosc><sln:miejscowosc><sln:cyklZyciaOd>2017-04-12T00:00:00+02:00</sln:cyklZyciaOd><sln:gmIIPId>e54d3fa9-83c1-4014-afc4-ea029405e984</sln:gmIIPId><sln:gmIIPPn>PL.PZGIK.200</sln:gmIIPPn><sln:gmIIPWersja>2012-09-26T21:59:28+02:00</sln:gmIIPWersja><sln:gmIdTeryt>1608072</sln:gmIdTeryt><sln:gmNazwa>Zębowice</sln:gmNazwa><sln:miejscIIPId>dc1f744b-0b84-4426-a81a-9b89851bfd15</sln:miejscIIPId><sln:miejscIIPPn>PL.PZGIK.200</sln:miejscIIPPn><sln:miejscIIPWersja>2017-04-12T11:42:39+02:00</sln:miejscIIPWersja><sln:miejscIdTeryt>0505869</sln:miejscIdTeryt><sln:miejscNazwa>Zębowice</sln:miejscNazwa><sln:miejscRodzaj>Wieś</sln:miejscRodzaj><sln:powIIPId>46bb9853-3179-46f3-abd1-c72e1a16ec6a</sln:powIIPId><sln:powIIPPn>PL.PZGIK.200</sln:powIIPPn><sln:powIIPWersja>2012-09-27T08:58:33+02:00</sln:powIIPWersja><sln:powIdTeryt>1608</sln:powIdTeryt><sln:powNazwa>oleski</sln:powNazwa><sln:waznyOd>2015-02-03T00:00:00+01:00</sln:waznyOd><sln:wojIIPId>9bd0c42a-ca40-4b7d-9b5b-81aae3398015</sln:wojIIPId><sln:wojIIPPn>PL.PZGIK.200</sln:wojIIPPn><sln:wojIIPWersja>2017-10-10T00:00:00+02:00</sln:wojIIPWersja><sln:wojIdTeryt>16</sln:wojIdTeryt><sln:wojNazwa>opolskie</sln:wojNazwa></sln:miejscowosc></sln:lista-miejscowosci>