<?xml version="1.0" encoding="UTF-8" standalone="yes"?><sln:lista-miejscowosci xmlns:srv="http://gugik.gov.pl/schemas/slowniki-service/1.0" xmlns:sln="http://gugik.gov.pl/schemas/slowniki-schema/1.0"><sln:miejscowosc><sln:cyklZyciaOd>2012-04-26T00:00:00+02:00</sln:cyklZyciaOd><sln:gmIIPId>bd250d47-0dc6-49b1-9117-97691b69a191</sln:gmIIPId><sln:gmIIPPn>PL.PZGIK.200</sln:gmIIPPn><sln:gmIIPWersja>2012-09-26T21:59:59+02:00</sln:gmIIPWersja><sln:gmIdTeryt>1611053</sln:gmIdTeryt><sln:gmNazwa>Strzelce Opolskie</sln:gmNazwa><sln:miejscIIPId>efbd3141-a69d-4148-a11e-3af93e4bb4e1</sln:miejscIIPId><sln:miejscIIPPn>PL.PZGIK.200</sln:miejscIIPPn><sln:miejscIIPWersja>2016-11-24T13:27:57+02:00</sln:miejscIIPWersja><sln:miejscIdTeryt>3000765</sln:miejscIdTeryt><sln:miejscNazwa>Koszary</sln:miejscNazwa><sln:miejscRodzaj>Inny obiekt</sln:miejscRodzaj><sln:powIIPId>2cb9f766-42de-4147-8a13-eb46789dca16</sln:powIIPId><sln:powIIPPn>PL.PZGIK.200</sln:powIIPPn><sln:powIIPWersja>2012-09-27T08:58:33+02:00</sln:powIIPWersja><sln:powIdTeryt>1611</sln:powIdTeryt><sln:powNazwa>strzelecki</sln:powNazwa><sln:wojIIPId>9bd0c42a-ca40-4b7d-9b5b-81aae3398015</sln:wojIIPId><sln:wojIIPPn>PL.PZGIK.200</sln:wojIIPPn><sln:wojIIPWersja>2017-10-10T00:00:00+02:00</sln:wojIIPWersja><sln:wojIdTeryt>16</sln:wojIdTeryt><sln:wojNazwa>opolskie</sln:wojNazwa></sln:miejscowosc><sln:miejscowosc><sln:cyklZyciaOd>2012-04-26T00:00:00+02:00</sln:cyklZyciaOd><sln:gmIIPId>bd250d47-0dc6-49b1-9117-97691b69a191</sln:gmIIPId><sln:gmIIPPn>PL.PZGIK.200</sln:gmIIPPn><sln:gmIIPWersja>2012-09-26T21:59:59+02:00</sln:gmIIPWersja><sln:gmIdTeryt>1611053</sln:gmIdTeryt><sln:gmNazwa>Strzelce Opolskie</sln:gmNazwa><sln:miejscIIPId>2c5aa937-20dc-48f3-86eb-98a40fc30a5d</sln:miejscIIPId><sln:miejscIIPPn>PL.PZGIK.200</sln:miejscIIPPn><sln:miejscIIPWersja>2016-11-24T13:27:58+02:00</sln:miejscIIPWersja><sln:miejscIdTeryt>3002078</sln:miejscIdTeryt><sln:miejscNazwa>Osiedle Zydlungi</sln:miejscNazwa><sln:miejscRodzaj>Inny obiekt</sln:miejscRodzaj><sln:powIIPId>2cb9f766-42de-4147-8a13-eb46789dca16</sln:powIIPId><sln:powIIPPn>PL.PZGIK.200</sln:powIIPPn><sln:powIIPWersja>2012-09-27T08:58:33+02:00</sln:powIIPWersja><sln:powIdTeryt>1611</sln:powIdTeryt><sln:powNazwa>strzelecki</sln:powNazwa><sln:wojIIPId>9bd0c42a-ca40-4b7d-9b5b-81aae3398015</sln:wojIIPId><sln:wojIIPPn>PL.PZGIK.200</sln:wojIIPPn><sln:wojIIPWersja>2017-10-10T00:00:00+02:00</sln:wojIIPWersja><sln:wojIdTeryt>16</sln:wojIdTeryt><sln:wojNazwa>opolskie</sln:wojNazwa></sln:miejscowosc><sln:miejscowosc><sln:cyklZyciaOd>2012-04-26T00:00:00+02:00</sln:cyklZyciaOd><sln:gmIIPId>bd250d47-0dc6-49b1-9117-97691b69a191</sln:gmIIPId><sln:gmIIPPn>PL.PZGIK.200</sln:gmIIPPn><sln:gmIIPWersja>2012-09-26T21:59:59+02:00</sln:gmIIPWersja><sln:gmIdTeryt>1611053</sln:gmIdTeryt><sln:gmNazwa>Strzelce Opolskie</sln:gmNazwa><sln:miejscIIPId>094b95ab-f4cd-4306-931e-eb75dc648ca1</sln:miejscIIPId><sln:miejscIIPPn>PL.PZGIK.200</sln:miejscIIPPn><sln:miejscIIPWersja>2016-11-24T13:27:57+02:00</sln:miejscIIPWersja><sln:miejscIdTeryt>3000873</sln:miejscIdTeryt><sln:miejscNazwa>Leopold</sln:miejscNazwa><sln:miejscRodzaj>Inny obiekt</sln:miejscRodzaj><sln:powIIPId>2cb9f766-42de-4147-8a13-eb46789dca16</sln:powIIPId><sln:powIIPPn>PL.PZGIK.200</sln:powIIPPn><sln:powIIPWersja>2012-09-27T08:58:33+02:00</sln:powIIPWersja><sln:powIdTeryt>1611</sln:powIdTeryt><sln:powNazwa>strzelecki</sln:powNazwa><sln:wojIIPId>9bd0c42a-ca40-4b7d-9b5b-81aae3398015</sln:wojIIPId><sln:wojIIPPn>PL.PZGIK.200</sln:wojIIPPn><sln:wojIIPWersja>2017-10-10T00:00:00+02:00</sln:wojIIPWersja><sln:wojIdTeryt>16</sln:wojIdTeryt><sln:wojNazwa>opolskie</sln:wojNazwa></sln:miejscowosc><sln:miejscowosc><sln:cyklZyciaOd>2012-04-26T00:00:00+02:00</sln:cyklZyciaOd><sln:gmIIPId>bd250d47-0dc6-49b1-9117-97691b69a191</sln:gmIIPId><sln:gmIIPPn>PL.PZGIK.200</sln:gmIIPPn><sln:gmIIPWersja>2012-09-26T21:59:59+02:00</sln:gmIIPWersja><sln:gmIdTeryt>1611053</sln:gmIdTeryt><sln:gmNazwa>Strzelce Opolskie</sln:gmNazwa><sln:miejscIIPId>920dcc29-65ba-4596-9f9e-75880cbc1b26</sln:miejscIIPId><sln:miejscIIPPn>PL.PZGIK.200</sln:miejscIIPPn><sln:miejscIIPWersja>2016-11-24T13:27:57+02:00</sln:miejscIIPWersja><sln:miejscIdTeryt>3000914</sln:miejscIdTeryt><sln:miejscNazwa>Lipa Dolna</sln:miejscNazwa><sln:miejscRodzaj>Inny obiekt</sln:miejscRodzaj><sln:powIIPId>2cb9f766-42de-4147-8a13-eb46789dca16</sln:powIIPId><sln:powIIPPn>PL.PZGIK.200</sln:powIIPPn><sln:powIIPWersja>2012-09-27T08:58:33+02:00</sln:powIIPWersja><sln:powIdTeryt>1611</sln:powIdTeryt><sln:powNazwa>strzelecki</sln:powNazwa><sln:wojIIPId>9bd0c42a-ca40-4b7d-9b5b-81aae3398015</sln:wojIIPId><sln:wojIIPPn>PL.PZGIK.200</sln:wojIIPPn><sln:wojIIPWersja>2017-10-10T00:00:00+02:00</sln:wojIIPWersja><sln:wojIdTeryt>16</sln:wojIdTeryt><sln:wojNazwa>opolskie</sln:wojNazwa></sln:miejscowosc><sln:miejscowosc><sln:cyklZyciaOd>2012-04-26T00:00:00+02:00</sln:cyklZyciaOd><sln:gmIIPId>bd250d47-0dc6-49b1-9117-97691b69a191</sln:gmIIPId><sln:gmIIPPn>PL.PZGIK.200</sln:gmIIPPn><sln:gmIIPWersja>2012-09-26T21:59:59+02:00</sln:gmIIPWersja><sln:gmIdTeryt>1611053</sln:gmIdTeryt><sln:gmNazwa>Strzelce Opolskie</sln:gmNazwa><sln:miejscIIPId>215cdbc2-ec80-4bf5-8a4f-44b9870936d1</sln:miejscIIPId><sln:miejscIIPPn>PL.PZGIK.200</sln:miejscIIPPn><sln:miejscIIPWersja>2016-11-24T13:27:57+02:00</sln:miejscIIPWersja><sln:miejscIdTeryt>3000506</sln:miejscIdTeryt><sln:miejscNazwa>Grodzisko-Osiedle</sln:miejscNazwa><sln:miejscRodzaj>Inny obiekt</sln:miejscRodzaj><sln:powIIPId>2cb9f766-42de-4147-8a13-eb46789dca16</sln:powIIPId><sln:powIIPPn>PL.PZGIK.200</sln:powIIPPn><sln:powIIPWersja>2012-09-27T08:58:33+02:00</sln:powIIPWersja><sln:powIdTeryt>1611</sln:powIdTeryt><sln:powNazwa>strzelecki</sln:powNazwa><sln:wojIIPId>9bd0c42a-ca40-4b7d-9b5b-81aae3398015</sln:wojIIPId><sln:wojIIPPn>PL.PZGIK.200</sln:wojIIPPn><sln:wojIIPWersja>2017-10-10T00:00:00+02:00</sln:wojIIPWersja><sln:wojIdTeryt>16</sln:wojIdTeryt><sln:wojNazwa>opolskie</sln:wojNazwa></sln:miejscowosc><sln:miejscowosc><sln:cyklZyciaOd>2012-04-26T00:00:00+02:00</sln:cyklZyciaOd><sln:gmIIPId>bd250d47-0dc6-49b1-9117-97691b69a191</sln:gmIIPId><sln:gmIIPPn>PL.PZGIK.200</sln:gmIIPPn><sln:gmIIPWersja>2012-09-26T21:59:59+02:00</sln:gmIIPWersja><sln:gmIdTeryt>1611053</sln:gmIdTeryt><sln:gmNazwa>Strzelce Opolskie</sln:gmNazwa><sln:miejscIIPId>c4b6f7aa-fa91-41e7-a2f7-7c40b15da34f</sln:miejscIIPId><sln:miejscIIPPn>PL.PZGIK.200</sln:miejscIIPPn><sln:miejscIIPWersja>2016-11-24T13:27:58+02:00</sln:miejscIIPWersja><sln:miejscIdTeryt>3001653</sln:miejscIdTeryt><sln:miejscNazwa>Stara Cegielnia</sln:miejscNazwa><sln:miejscRodzaj>Inny obiekt</sln:miejscRodzaj><sln:powIIPId>2cb9f766-42de-4147-8a13-eb46789dca16</sln:powIIPId><sln:powIIPPn>PL.PZGIK.200</sln:powIIPPn><sln:powIIPWersja>2012-09-27T08:58:33+02:00</sln:powIIPWersja><sln:powIdTeryt>1611</sln:powIdTeryt><sln:powNazwa>strzelecki</sln:powNazwa><sln:wojIIPId>9bd0c42a-ca40-4b7d-9b5b-81aae3398015</sln:wojIIPId><sln:wojIIPPn>PL.PZGIK.200</sln:wojIIPPn><sln:wojIIPWersja>2017-10-10T00:00:00+02:00</sln:wojIIPWersja><sln:wojIdTeryt>16</sln:wojIdTeryt><sln:wojNazwa>opolskie</sln:wojNazwa></sln:miejscowosc><sln:miejscowosc><sln:cyklZyciaOd>2012-04-26T00:00:00+02:00</sln:cyklZyciaOd><sln:gmIIPId>bd250d47-0dc6-49b1-9117-97691b69a191</sln:gmIIPId><sln:gmIIPPn>PL.PZGIK.200</sln:gmIIPPn><sln:gmIIPWersja>2012-09-26T21:59:59+02:00</sln:gmIIPWersja><sln:gmIdTeryt>1611053</sln:gmIdTeryt><sln:gmNazwa>Strzelce Opolskie</sln:gmNazwa><sln:miejscIIPId>ac5d64db-83ae-4047-8efa-0d6d7e1d5554</sln:miejscIIPId><sln:miejscIIPPn>PL.PZGIK.200</sln:miejscIIPPn><sln:miejscIIPWersja>2016-11-24T13:27:58+02:00</sln:miejscIIPWersja><sln:miejscIdTeryt>3001416</sln:miejscIdTeryt><sln:miejscNazwa>Osiedle PPR</sln:miejscNazwa><sln:miejscRodzaj>Inny obiekt</sln:miejscRodzaj><sln:powIIPId>2cb9f766-42de-4147-8a13-eb46789dca16</sln:powIIPId><sln:powIIPPn>PL.PZGIK.200</sln:powIIPPn><sln:powIIPWersja>2012-09-27T08:58:33+02:00</sln:powIIPWersja><sln:powIdTeryt>1611</sln:powIdTeryt><sln:powNazwa>strzelecki</sln:powNazwa><sln:wojIIPId>9bd0c42a-ca40-4b7d-9b5b-81aae3398015</sln:wojIIPId><sln:wojIIPPn>PL.PZGIK.200</sln:wojIIPPn><sln:wojIIPWersja>2017-10-10T00:00:00+02:00</sln:wojIIPWersja><sln:wojIdTeryt>16</sln:wojIdTeryt><sln:wojNazwa>opolskie</sln:wojNazwa></sln:miejscowosc><sln:miejscowosc><sln:cyklZyciaOd>2012-04-26T00:00:00+02:00</sln:cyklZyciaOd><sln:gmIIPId>bd250d47-0dc6-49b1-9117-97691b69a191</sln:gmIIPId><sln:gmIIPPn>PL.PZGIK.200</sln:gmIIPPn><sln:gmIIPWersja>2012-09-26T21:59:59+02:00</sln:gmIIPWersja><sln:gmIdTeryt>1611053</sln:gmIdTeryt><sln:gmNazwa>Strzelce Opolskie</sln:gmNazwa><sln:miejscIIPId>1c157fad-f92e-4a49-ba38-29c64e57a835</sln:miejscIIPId><sln:miejscIIPPn>PL.PZGIK.200</sln:miejscIIPPn><sln:miejscIIPWersja>2016-11-24T13:28:57+02:00</sln:miejscIIPWersja><sln:miejscIdTeryt>0503066</sln:miejscIdTeryt><sln:miejscNazwa>Brzezina</sln:miejscNazwa><sln:miejscRodzaj>Wieś</sln:miejscRodzaj><sln:powIIPId>2cb9f766-42de-4147-8a13-eb46789dca16</sln:powIIPId><sln:powIIPPn>PL.PZGIK.200</sln:powIIPPn><sln:powIIPWersja>2012-09-27T08:58:33+02:00</sln:powIIPWersja><sln:powIdTeryt>1611</sln:powIdTeryt><sln:powNazwa>strzelecki</sln:powNazwa><sln:wojIIPId>9bd0c42a-ca40-4b7d-9b5b-81aae3398015</sln:wojIIPId><sln:wojIIPPn>PL.PZGIK.200</sln:wojIIPPn><sln:wojIIPWersja>2017-10-10T00:00:00+02:00</sln:wojIIPWersja><sln:wojIdTeryt>16</sln:wojIdTeryt><sln:wojNazwa>opolskie</sln:wojNazwa></sln:miejscowosc><sln:miejscowosc><sln:cyklZyciaOd>2012-04-26T00:00:00+02:00</sln:cyklZyciaOd><sln:gmIIPId>bd250d47-0dc6-49b1-9117-97691b69a191</sln:gmIIPId><sln:gmIIPPn>PL.PZGIK.200</sln:gmIIPPn><sln:gmIIPWersja>2012-09-26T21:59:59+02:00</sln:gmIIPWersja><sln:gmIdTeryt>1611053</sln:gmIdTeryt><sln:gmNazwa>Strzelce Opolskie</sln:gmNazwa><sln:miejscIIPId>839da68b-de9f-4ee4-b6b8-2198c1db808b</sln:miejscIIPId><sln:miejscIIPPn>PL.PZGIK.200</sln:miejscIIPPn><sln:miejscIIPWersja>2016-11-24T13:29:56+02:00</sln:miejscIIPWersja><sln:miejscIdTeryt>0503296</sln:miejscIdTeryt><sln:miejscNazwa>Rozmierka</sln:miejscNazwa><sln:miejscRodzaj>Wieś</sln:miejscRodzaj><sln:powIIPId>2cb9f766-42de-4147-8a13-eb46789dca16</sln:powIIPId><sln:powIIPPn>PL.PZGIK.200</sln:powIIPPn><sln:powIIPWersja>2012-09-27T08:58:33+02:00</sln:powIIPWersja><sln:powIdTeryt>1611</sln:powIdTeryt><sln:powNazwa>strzelecki</sln:powNazwa><sln:wojIIPId>9bd0c42a-ca40-4b7d-9b5b-81aae3398015</sln:wojIIPId><sln:wojIIPPn>PL.PZGIK.200</sln:wojIIPPn><sln:wojIIPWersja>2017-10-10T00:00:00+02:00</sln:wojIIPWersja><sln:wojIdTeryt>16</sln:wojIdTeryt><sln:wojNazwa>opolskie</sln:wojNazwa></sln:miejscowosc><sln:miejscowosc><sln:cyklZyciaOd>2012-04-26T00:00:00+02:00</sln:cyklZyciaOd><sln:gmIIPId>bd250d47-0dc6-49b1-9117-97691b69a191</sln:gmIIPId><sln:gmIIPPn>PL.PZGIK.200</sln:gmIIPPn><sln:gmIIPWersja>2012-09-26T21:59:59+02:00</sln:gmIIPWersja><sln:gmIdTeryt>1611053</sln:gmIdTeryt><sln:gmNazwa>Strzelce Opolskie</sln:gmNazwa><sln:miejscIIPId>3e0ed73c-4fd7-4add-8b96-c778f31645b2</sln:miejscIIPId><sln:miejscIIPPn>PL.PZGIK.200</sln:miejscIIPPn><sln:miejscIIPWersja>2016-11-24T13:28:15+02:00</sln:miejscIIPWersja><sln:miejscIdTeryt>0503273</sln:miejscIdTeryt><sln:miejscNazwa>Płużnica Wielka</sln:miejscNazwa><sln:miejscRodzaj>Wieś</sln:miejscRodzaj><sln:powIIPId>2cb9f766-42de-4147-8a13-eb46789dca16</sln:powIIPId><sln:powIIPPn>PL.PZGIK.200</sln:powIIPPn><sln:powIIPWersja>2012-09-27T08:58:33+02:00</sln:powIIPWersja><sln:powIdTeryt>1611</sln:powIdTeryt><sln:powNazwa>strzelecki</sln:powNazwa><sln:wojIIPId>9bd0c42a-ca40-4b7d-9b5b-81aae3398015</sln:wojIIPId><sln:wojIIPPn>PL.PZGIK.200</sln:wojIIPPn><sln:wojIIPWersja>2017-10-10T00:00:00+02:00</sln:wojIIPWersja><sln:wojIdTeryt>16</sln:wojIdTeryt><sln:wojNazwa>opolskie</sln:wojNazwa></sln:miejscowosc><sln:miejscowosc><sln:cyklZyciaOd>2012-04-26T00:00:00+02:00</sln:cyklZyciaOd><sln:gmIIPId>bd250d47-0dc6-49b1-9117-97691b69a191</sln:gmIIPId><sln:gmIIPPn>PL.PZGIK.200</sln:gmIIPPn><sln:gmIIPWersja>2012-09-26T21:59:59+02:00</sln:gmIIPWersja><sln:gmIdTeryt>1611053</sln:gmIdTeryt><sln:gmNazwa>Strzelce Opolskie</sln:gmNazwa><sln:miejscIIPId>d97b0acf-8cdf-4767-afc7-5531aa215334</sln:miejscIIPId><sln:miejscIIPPn>PL.PZGIK.200</sln:miejscIIPPn><sln:miejscIIPWersja>2016-11-24T13:29:56+02:00</sln:miejscIIPWersja><sln:miejscIdTeryt>0503327</sln:miejscIdTeryt><sln:miejscNazwa>Rozmierz</sln:miejscNazwa><sln:miejscRodzaj>Wieś</sln:miejscRodzaj><sln:powIIPId>2cb9f766-42de-4147-8a13-eb46789dca16</sln:powIIPId><sln:powIIPPn>PL.PZGIK.200</sln:powIIPPn><sln:powIIPWersja>2012-09-27T08:58:33+02:00</sln:powIIPWersja><sln:powIdTeryt>1611</sln:powIdTeryt><sln:powNazwa>strzelecki</sln:powNazwa><sln:wojIIPId>9bd0c42a-ca40-4b7d-9b5b-81aae3398015</sln:wojIIPId><sln:wojIIPPn>PL.PZGIK.200</sln:wojIIPPn><sln:wojIIPWersja>2017-10-10T00:00:00+02:00</sln:wojIIPWersja><sln:wojIdTeryt>16</sln:wojIdTeryt><sln:wojNazwa>opolskie</sln:wojNazwa></sln:miejscowosc><sln:miejscowosc><sln:cyklZyciaOd>2012-04-26T00:00:00+02:00</sln:cyklZyciaOd><sln:gmIIPId>bd250d47-0dc6-49b1-9117-97691b69a191</sln:gmIIPId><sln:gmIIPPn>PL.PZGIK.200</sln:gmIIPPn><sln:gmIIPWersja>2012-09-26T21:59:59+02:00</sln:gmIIPWersja><sln:gmIdTeryt>1611053</sln:gmIdTeryt><sln:gmNazwa>Strzelce Opolskie</sln:gmNazwa><sln:miejscIIPId>ba261d55-23b5-4c54-9cf0-2c95aa362006</sln:miejscIIPId><sln:miejscIIPPn>PL.PZGIK.200</sln:miejscIIPPn><sln:miejscIIPWersja>2016-11-24T13:29:58+02:00</sln:miejscIIPWersja><sln:miejscIdTeryt>0503333</sln:miejscIdTeryt><sln:miejscNazwa>Rożniątów</sln:miejscNazwa><sln:miejscRodzaj>Wieś</sln:miejscRodzaj><sln:powIIPId>2cb9f766-42de-4147-8a13-eb46789dca16</sln:powIIPId><sln:powIIPPn>PL.PZGIK.200</sln:powIIPPn><sln:powIIPWersja>2012-09-27T08:58:33+02:00</sln:powIIPWersja><sln:powIdTeryt>1611</sln:powIdTeryt><sln:powNazwa>strzelecki</sln:powNazwa><sln:wojIIPId>9bd0c42a-ca40-4b7d-9b5b-81aae3398015</sln:wojIIPId><sln:wojIIPPn>PL.PZGIK.200</sln:wojIIPPn><sln:wojIIPWersja>2017-10-10T00:00:00+02:00</sln:wojIIPWersja><sln:wojIdTeryt>16</sln:wojIdTeryt><sln:wojNazwa>opolskie</sln:wojNazwa></sln:miejscowosc><sln:miejscowosc><sln:cyklZyciaOd>2012-04-26T00:00:00+02:00</sln:cyklZyciaOd><sln:gmIIPId>bd250d47-0dc6-49b1-9117-97691b69a191</sln:gmIIPId><sln:gmIIPPn>PL.PZGIK.200</sln:gmIIPPn><sln:gmIIPWersja>2012-09-26T21:59:59+02:00</sln:gmIIPWersja><sln:gmIdTeryt>1611053</sln:gmIdTeryt><sln:gmNazwa>Strzelce Opolskie</sln:gmNazwa><sln:miejscIIPId>80a09bc0-71c6-4a95-b03d-8d633b1e349d</sln:miejscIIPId><sln:miejscIIPPn>PL.PZGIK.200</sln:miejscIIPPn><sln:miejscIIPWersja>2016-11-24T13:31:52+02:00</sln:miejscIIPWersja><sln:miejscIdTeryt>0503362</sln:miejscIdTeryt><sln:miejscNazwa>Szczepanek</sln:miejscNazwa><sln:miejscRodzaj>Wieś</sln:miejscRodzaj><sln:powIIPId>2cb9f766-42de-4147-8a13-eb46789dca16</sln:powIIPId><sln:powIIPPn>PL.PZGIK.200</sln:powIIPPn><sln:powIIPWersja>2012-09-27T08:58:33+02:00</sln:powIIPWersja><sln:powIdTeryt>1611</sln:powIdTeryt><sln:powNazwa>strzelecki</sln:powNazwa><sln:wojIIPId>9bd0c42a-ca40-4b7d-9b5b-81aae3398015</sln:wojIIPId><sln:wojIIPPn>PL.PZGIK.200</sln:wojIIPPn><sln:wojIIPWersja>2017-10-10T00:00:00+02:00</sln:wojIIPWersja><sln:wojIdTeryt>16</sln:wojIdTeryt><sln:wojNazwa>opolskie</sln:wojNazwa></sln:miejscowosc><sln:miejscowosc><sln:cyklZyciaOd>2012-04-26T00:00:00+02:00</sln:cyklZyciaOd><sln:gmIIPId>bd250d47-0dc6-49b1-9117-97691b69a191</sln:gmIIPId><sln:gmIIPPn>PL.PZGIK.200</sln:gmIIPPn><sln:gmIIPWersja>2012-09-26T21:59:59+02:00</sln:gmIIPWersja><sln:gmIdTeryt>1611053</sln:gmIdTeryt><sln:gmNazwa>Strzelce Opolskie</sln:gmNazwa><sln:miejscIIPId>4c220b9f-01eb-45e0-9186-c217377d2fec</sln:miejscIIPId><sln:miejscIIPPn>PL.PZGIK.200</sln:miejscIIPPn><sln:miejscIIPWersja>2016-11-24T13:31:37+02:00</sln:miejscIIPWersja><sln:miejscIdTeryt>0503356</sln:miejscIdTeryt><sln:miejscNazwa>Sucha</sln:miejscNazwa><sln:miejscRodzaj>Wieś</sln:miejscRodzaj><sln:powIIPId>2cb9f766-42de-4147-8a13-eb46789dca16</sln:powIIPId><sln:powIIPPn>PL.PZGIK.200</sln:powIIPPn><sln:powIIPWersja>2012-09-27T08:58:33+02:00</sln:powIIPWersja><sln:powIdTeryt>1611</sln:powIdTeryt><sln:powNazwa>strzelecki</sln:powNazwa><sln:wojIIPId>9bd0c42a-ca40-4b7d-9b5b-81aae3398015</sln:wojIIPId><sln:wojIIPPn>PL.PZGIK.200</sln:wojIIPPn><sln:wojIIPWersja>2017-10-10T00:00:00+02:00</sln:wojIIPWersja><sln:wojIdTeryt>16</sln:wojIdTeryt><sln:wojNazwa>opolskie</sln:wojNazwa></sln:miejscowosc><sln:miejscowosc><sln:cyklZyciaOd>2012-04-26T00:00:00+02:00</sln:cyklZyciaOd><sln:gmIIPId>bd250d47-0dc6-49b1-9117-97691b69a191</sln:gmIIPId><sln:gmIIPPn>PL.PZGIK.200</sln:gmIIPPn><sln:gmIIPWersja>2012-09-26T21:59:59+02:00</sln:gmIIPWersja><sln:gmIdTeryt>1611053</sln:gmIdTeryt><sln:gmNazwa>Strzelce Opolskie</sln:gmNazwa><sln:miejscIIPId>9cb2342c-2ce5-4f3c-a20f-75e00fb1fb44</sln:miejscIIPId><sln:miejscIIPPn>PL.PZGIK.200</sln:miejscIIPPn><sln:miejscIIPWersja>2016-11-24T13:31:33+02:00</sln:miejscIIPWersja><sln:miejscIdTeryt>0965915</sln:miejscIdTeryt><sln:miejscNazwa>Strzelce Opolskie</sln:miejscNazwa><sln:miejscRodzaj>Miasto</sln:miejscRodzaj><sln:powIIPId>2cb9f766-42de-4147-8a13-eb46789dca16</sln:powIIPId><sln:powIIPPn>PL.PZGIK.200</sln:powIIPPn><sln:powIIPWersja>2012-09-27T08:58:33+02:00</sln:powIIPWersja><sln:powIdTeryt>1611</sln:powIdTeryt><sln:powNazwa>strzelecki</sln:powNazwa><sln:wojIIPId>9bd0c42a-ca40-4b7d-9b5b-81aae3398015</sln:wojIIPId><sln:wojIIPPn>PL.PZGIK.200</sln:wojIIPPn><sln:wojIIPWersja>2017-10-10T00:00:00+02:00</sln:wojIIPWersja><sln:wojIdTeryt>16</sln:wojIdTeryt><sln:wojNazwa>opolskie</sln:wojNazwa></sln:miejscowosc><sln:miejscowosc><sln:cyklZyciaOd>2012-04-26T00:00:00+02:00</sln:cyklZyciaOd><sln:gmIIPId>bd250d47-0dc6-49b1-9117-97691b69a191</sln:gmIIPId><sln:gmIIPPn>PL.PZGIK.200</sln:gmIIPPn><sln:gmIIPWersja>2012-09-26T21:59:59+02:00</sln:gmIIPWersja><sln:gmIdTeryt>1611053</sln:gmIdTeryt><sln:gmNazwa>Strzelce Opolskie</sln:gmNazwa><sln:miejscIIPId>cce257f0-aeb3-4d1d-8449-79e2be42d647</sln:miejscIIPId><sln:miejscIIPPn>PL.PZGIK.200</sln:miejscIIPPn><sln:miejscIIPWersja>2016-11-24T13:32:06+02:00</sln:miejscIIPWersja><sln:miejscIdTeryt>0503385</sln:miejscIdTeryt><sln:miejscNazwa>Szymiszów</sln:miejscNazwa><sln:miejscRodzaj>Wieś</sln:miejscRodzaj><sln:powIIPId>2cb9f766-42de-4147-8a13-eb46789dca16</sln:powIIPId><sln:powIIPPn>PL.PZGIK.200</sln:powIIPPn><sln:powIIPWersja>2012-09-27T08:58:33+02:00</sln:powIIPWersja><sln:powIdTeryt>1611</sln:powIdTeryt><sln:powNazwa>strzelecki</sln:powNazwa><sln:wojIIPId>9bd0c42a-ca40-4b7d-9b5b-81aae3398015</sln:wojIIPId><sln:wojIIPPn>PL.PZGIK.200</sln:wojIIPPn><sln:wojIIPWersja>2017-10-10T00:00:00+02:00</sln:wojIIPWersja><sln:wojIdTeryt>16</sln:wojIdTeryt><sln:wojNazwa>opolskie</sln:wojNazwa></sln:miejscowosc><sln:miejscowosc><sln:cyklZyciaOd>2012-04-26T00:00:00+02:00</sln:cyklZyciaOd><sln:gmIIPId>bd250d47-0dc6-49b1-9117-97691b69a191</sln:gmIIPId><sln:gmIIPPn>PL.PZGIK.200</sln:gmIIPPn><sln:gmIIPWersja>2012-09-26T21:59:59+02:00</sln:gmIIPWersja><sln:gmIdTeryt>1611053</sln:gmIdTeryt><sln:gmNazwa>Strzelce Opolskie</sln:gmNazwa><sln:miejscIIPId>03ddd270-f92e-4e70-aca4-c4235fc20218</sln:miejscIIPId><sln:miejscIIPPn>PL.PZGIK.200</sln:miejscIIPPn><sln:miejscIIPWersja>2016-11-24T13:32:57+02:00</sln:miejscIIPWersja><sln:miejscIdTeryt>0503439</sln:miejscIdTeryt><sln:miejscNazwa>Warmątowice</sln:miejscNazwa><sln:miejscRodzaj>Wieś</sln:miejscRodzaj><sln:powIIPId>2cb9f766-42de-4147-8a13-eb46789dca16</sln:powIIPId><sln:powIIPPn>PL.PZGIK.200</sln:powIIPPn><sln:powIIPWersja>2012-09-27T08:58:33+02:00</sln:powIIPWersja><sln:powIdTeryt>1611</sln:powIdTeryt><sln:powNazwa>strzelecki</sln:powNazwa><sln:wojIIPId>9bd0c42a-ca40-4b7d-9b5b-81aae3398015</sln:wojIIPId><sln:wojIIPPn>PL.PZGIK.200</sln:wojIIPPn><sln:wojIIPWersja>2017-10-10T00:00:00+02:00</sln:wojIIPWersja><sln:wojIdTeryt>16</sln:wojIdTeryt><sln:wojNazwa>opolskie</sln:wojNazwa></sln:miejscowosc><sln:miejscowosc><sln:cyklZyciaOd>2012-04-26T00:00:00+02:00</sln:cyklZyciaOd><sln:gmIIPId>bd250d47-0dc6-49b1-9117-97691b69a191</sln:gmIIPId><sln:gmIIPPn>PL.PZGIK.200</sln:gmIIPPn><sln:gmIIPWersja>2012-09-26T21:59:59+02:00</sln:gmIIPWersja><sln:gmIdTeryt>1611053</sln:gmIdTeryt><sln:gmNazwa>Strzelce Opolskie</sln:gmNazwa><sln:miejscIIPId>1bcf591a-2824-4df7-a8c7-2d0218d820d2</sln:miejscIIPId><sln:miejscIIPPn>PL.PZGIK.200</sln:miejscIIPPn><sln:miejscIIPWersja>2016-11-24T13:37:08+02:00</sln:miejscIIPWersja><sln:miejscIdTeryt>4000758</sln:miejscIdTeryt><sln:miejscNazwa>Barwinek</sln:miejscNazwa><sln:miejscRodzaj>Inny obiekt</sln:miejscRodzaj><sln:powIIPId>2cb9f766-42de-4147-8a13-eb46789dca16</sln:powIIPId><sln:powIIPPn>PL.PZGIK.200</sln:powIIPPn><sln:powIIPWersja>2012-09-27T08:58:33+02:00</sln:powIIPWersja><sln:powIdTeryt>1611</sln:powIdTeryt><sln:powNazwa>strzelecki</sln:powNazwa><sln:wojIIPId>9bd0c42a-ca40-4b7d-9b5b-81aae3398015</sln:wojIIPId><sln:wojIIPPn>PL.PZGIK.200</sln:wojIIPPn><sln:wojIIPWersja>2017-10-10T00:00:00+02:00</sln:wojIIPWersja><sln:wojIdTeryt>16</sln:wojIdTeryt><sln:wojNazwa>opolskie</sln:wojNazwa></sln:miejscowosc><sln:miejscowosc><sln:cyklZyciaOd>2012-04-26T00:00:00+02:00</sln:cyklZyciaOd><sln:gmIIPId>bd250d47-0dc6-49b1-9117-97691b69a191</sln:gmIIPId><sln:gmIIPPn>PL.PZGIK.200</sln:gmIIPPn><sln:gmIIPWersja>2012-09-26T21:59:59+02:00</sln:gmIIPWersja><sln:gmIdTeryt>1611053</sln:gmIdTeryt><sln:gmNazwa>Strzelce Opolskie</sln:gmNazwa><sln:miejscIIPId>984f4607-6286-41f1-9c6c-4e841c1655a8</sln:miejscIIPId><sln:miejscIIPPn>PL.PZGIK.200</sln:miejscIIPPn><sln:miejscIIPWersja>2016-11-24T13:36:56+02:00</sln:miejscIIPWersja><sln:miejscIdTeryt>0503072</sln:miejscIdTeryt><sln:miejscNazwa>Dziewkowice</sln:miejscNazwa><sln:miejscRodzaj>Wieś</sln:miejscRodzaj><sln:powIIPId>2cb9f766-42de-4147-8a13-eb46789dca16</sln:powIIPId><sln:powIIPPn>PL.PZGIK.200</sln:powIIPPn><sln:powIIPWersja>2012-09-27T08:58:33+02:00</sln:powIIPWersja><sln:powIdTeryt>1611</sln:powIdTeryt><sln:powNazwa>strzelecki</sln:powNazwa><sln:wojIIPId>9bd0c42a-ca40-4b7d-9b5b-81aae3398015</sln:wojIIPId><sln:wojIIPPn>PL.PZGIK.200</sln:wojIIPPn><sln:wojIIPWersja>2017-10-10T00:00:00+02:00</sln:wojIIPWersja><sln:wojIdTeryt>16</sln:wojIdTeryt><sln:wojNazwa>opolskie</sln:wojNazwa></sln:miejscowosc><sln:miejscowosc><sln:cyklZyciaOd>2012-04-26T00:00:00+02:00</sln:cyklZyciaOd><sln:gmIIPId>bd250d47-0dc6-49b1-9117-97691b69a191</sln:gmIIPId><sln:gmIIPPn>PL.PZGIK.200</sln:gmIIPPn><sln:gmIIPWersja>2012-09-26T21:59:59+02:00</sln:gmIIPWersja><sln:gmIdTeryt>1611053</sln:gmIdTeryt><sln:gmNazwa>Strzelce Opolskie</sln:gmNazwa><sln:miejscIIPId>a2160180-eae2-42f6-92e0-1dcf467af316</sln:miejscIIPId><sln:miejscIIPPn>PL.PZGIK.200</sln:miejscIIPPn><sln:miejscIIPWersja>2016-11-24T13:38:00+02:00</sln:miejscIIPWersja><sln:miejscIdTeryt>0503089</sln:miejscIdTeryt><sln:miejscNazwa>Grodzisko</sln:miejscNazwa><sln:miejscRodzaj>Wieś</sln:miejscRodzaj><sln:powIIPId>2cb9f766-42de-4147-8a13-eb46789dca16</sln:powIIPId><sln:powIIPPn>PL.PZGIK.200</sln:powIIPPn><sln:powIIPWersja>2012-09-27T08:58:33+02:00</sln:powIIPWersja><sln:powIdTeryt>1611</sln:powIdTeryt><sln:powNazwa>strzelecki</sln:powNazwa><sln:wojIIPId>9bd0c42a-ca40-4b7d-9b5b-81aae3398015</sln:wojIIPId><sln:wojIIPPn>PL.PZGIK.200</sln:wojIIPPn><sln:wojIIPWersja>2017-10-10T00:00:00+02:00</sln:wojIIPWersja><sln:wojIdTeryt>16</sln:wojIdTeryt><sln:wojNazwa>opolskie</sln:wojNazwa></sln:miejscowosc><sln:miejscowosc><sln:cyklZyciaOd>2012-04-26T00:00:00+02:00</sln:cyklZyciaOd><sln:gmIIPId>bd250d47-0dc6-49b1-9117-97691b69a191</sln:gmIIPId><sln:gmIIPPn>PL.PZGIK.200</sln:gmIIPPn><sln:gmIIPWersja>2012-09-26T21:59:59+02:00</sln:gmIIPWersja><sln:gmIdTeryt>1611053</sln:gmIdTeryt><sln:gmNazwa>Strzelce Opolskie</sln:gmNazwa><sln:miejscIIPId>482cbd60-006d-4807-97f1-d470ec998257</sln:miejscIIPId><sln:miejscIIPPn>PL.PZGIK.200</sln:miejscIIPPn><sln:miejscIIPWersja>2016-11-24T13:38:47+02:00</sln:miejscIIPWersja><sln:miejscIdTeryt>0503126</sln:miejscIdTeryt><sln:miejscNazwa>Jędrynie</sln:miejscNazwa><sln:miejscRodzaj>Wieś</sln:miejscRodzaj><sln:powIIPId>2cb9f766-42de-4147-8a13-eb46789dca16</sln:powIIPId><sln:powIIPPn>PL.PZGIK.200</sln:powIIPPn><sln:powIIPWersja>2012-09-27T08:58:33+02:00</sln:powIIPWersja><sln:powIdTeryt>1611</sln:powIdTeryt><sln:powNazwa>strzelecki</sln:powNazwa><sln:wojIIPId>9bd0c42a-ca40-4b7d-9b5b-81aae3398015</sln:wojIIPId><sln:wojIIPPn>PL.PZGIK.200</sln:wojIIPPn><sln:wojIIPWersja>2017-10-10T00:00:00+02:00</sln:wojIIPWersja><sln:wojIdTeryt>16</sln:wojIdTeryt><sln:wojNazwa>opolskie</sln:wojNazwa></sln:miejscowosc><sln:miejscowosc><sln:cyklZyciaOd>2012-04-26T00:00:00+02:00</sln:cyklZyciaOd><sln:gmIIPId>bd250d47-0dc6-49b1-9117-97691b69a191</sln:gmIIPId><sln:gmIIPPn>PL.PZGIK.200</sln:gmIIPPn><sln:gmIIPWersja>2012-09-26T21:59:59+02:00</sln:gmIIPWersja><sln:gmIdTeryt>1611053</sln:gmIdTeryt><sln:gmNazwa>Strzelce Opolskie</sln:gmNazwa><sln:miejscIIPId>8894af9c-1922-49ca-9451-c6f6750ff425</sln:miejscIIPId><sln:miejscIIPPn>PL.PZGIK.200</sln:miejscIIPPn><sln:miejscIIPWersja>2016-11-24T13:38:59+02:00</sln:miejscIIPWersja><sln:miejscIdTeryt>0503184</sln:miejscIdTeryt><sln:miejscNazwa>Kalinowice</sln:miejscNazwa><sln:miejscRodzaj>Wieś</sln:miejscRodzaj><sln:powIIPId>2cb9f766-42de-4147-8a13-eb46789dca16</sln:powIIPId><sln:powIIPPn>PL.PZGIK.200</sln:powIIPPn><sln:powIIPWersja>2012-09-27T08:58:33+02:00</sln:powIIPWersja><sln:powIdTeryt>1611</sln:powIdTeryt><sln:powNazwa>strzelecki</sln:powNazwa><sln:wojIIPId>9bd0c42a-ca40-4b7d-9b5b-81aae3398015</sln:wojIIPId><sln:wojIIPPn>PL.PZGIK.200</sln:wojIIPPn><sln:wojIIPWersja>2017-10-10T00:00:00+02:00</sln:wojIIPWersja><sln:wojIdTeryt>16</sln:wojIdTeryt><sln:wojNazwa>opolskie</sln:wojNazwa></sln:miejscowosc><sln:miejscowosc><sln:cyklZyciaOd>2012-04-26T00:00:00+02:00</sln:cyklZyciaOd><sln:gmIIPId>bd250d47-0dc6-49b1-9117-97691b69a191</sln:gmIIPId><sln:gmIIPPn>PL.PZGIK.200</sln:gmIIPPn><sln:gmIIPWersja>2012-09-26T21:59:59+02:00</sln:gmIIPWersja><sln:gmIdTeryt>1611053</sln:gmIdTeryt><sln:gmNazwa>Strzelce Opolskie</sln:gmNazwa><sln:miejscIIPId>997d6a64-5e69-4262-a20b-fbc6da17a687</sln:miejscIIPId><sln:miejscIIPPn>PL.PZGIK.200</sln:miejscIIPPn><sln:miejscIIPWersja>2016-11-24T13:38:59+02:00</sln:miejscIIPWersja><sln:miejscIdTeryt>0503132</sln:miejscIdTeryt><sln:miejscNazwa>Kadłub</sln:miejscNazwa><sln:miejscRodzaj>Wieś</sln:miejscRodzaj><sln:powIIPId>2cb9f766-42de-4147-8a13-eb46789dca16</sln:powIIPId><sln:powIIPPn>PL.PZGIK.200</sln:powIIPPn><sln:powIIPWersja>2012-09-27T08:58:33+02:00</sln:powIIPWersja><sln:powIdTeryt>1611</sln:powIdTeryt><sln:powNazwa>strzelecki</sln:powNazwa><sln:wojIIPId>9bd0c42a-ca40-4b7d-9b5b-81aae3398015</sln:wojIIPId><sln:wojIIPPn>PL.PZGIK.200</sln:wojIIPPn><sln:wojIIPWersja>2017-10-10T00:00:00+02:00</sln:wojIIPWersja><sln:wojIdTeryt>16</sln:wojIdTeryt><sln:wojNazwa>opolskie</sln:wojNazwa></sln:miejscowosc><sln:miejscowosc><sln:cyklZyciaOd>2012-04-26T00:00:00+02:00</sln:cyklZyciaOd><sln:gmIIPId>bd250d47-0dc6-49b1-9117-97691b69a191</sln:gmIIPId><sln:gmIIPPn>PL.PZGIK.200</sln:gmIIPPn><sln:gmIIPWersja>2012-09-26T21:59:59+02:00</sln:gmIIPWersja><sln:gmIdTeryt>1611053</sln:gmIdTeryt><sln:gmNazwa>Strzelce Opolskie</sln:gmNazwa><sln:miejscIIPId>ee25d58a-0740-4349-b2e9-09046c8e9204</sln:miejscIIPId><sln:miejscIIPPn>PL.PZGIK.200</sln:miejscIIPPn><sln:miejscIIPWersja>2016-11-24T13:39:01+02:00</sln:miejscIIPWersja><sln:miejscIdTeryt>0503215</sln:miejscIdTeryt><sln:miejscNazwa>Kalinów</sln:miejscNazwa><sln:miejscRodzaj>Wieś</sln:miejscRodzaj><sln:powIIPId>2cb9f766-42de-4147-8a13-eb46789dca16</sln:powIIPId><sln:powIIPPn>PL.PZGIK.200</sln:powIIPPn><sln:powIIPWersja>2012-09-27T08:58:33+02:00</sln:powIIPWersja><sln:powIdTeryt>1611</sln:powIdTeryt><sln:powNazwa>strzelecki</sln:powNazwa><sln:wojIIPId>9bd0c42a-ca40-4b7d-9b5b-81aae3398015</sln:wojIIPId><sln:wojIIPPn>PL.PZGIK.200</sln:wojIIPPn><sln:wojIIPWersja>2017-10-10T00:00:00+02:00</sln:wojIIPWersja><sln:wojIdTeryt>16</sln:wojIdTeryt><sln:wojNazwa>opolskie</sln:wojNazwa></sln:miejscowosc><sln:miejscowosc><sln:cyklZyciaOd>2012-04-26T00:00:00+02:00</sln:cyklZyciaOd><sln:gmIIPId>bd250d47-0dc6-49b1-9117-97691b69a191</sln:gmIIPId><sln:gmIIPPn>PL.PZGIK.200</sln:gmIIPPn><sln:gmIIPWersja>2012-09-26T21:59:59+02:00</sln:gmIIPWersja><sln:gmIdTeryt>1611053</sln:gmIdTeryt><sln:gmNazwa>Strzelce Opolskie</sln:gmNazwa><sln:miejscIIPId>c4d814d7-f542-4cd8-a6bd-02338ee79eca</sln:miejscIIPId><sln:miejscIIPPn>PL.PZGIK.200</sln:miejscIIPPn><sln:miejscIIPWersja>2016-11-24T13:41:05+02:00</sln:miejscIIPWersja><sln:miejscIdTeryt>0503221</sln:miejscIdTeryt><sln:miejscNazwa>Ligota Dolna</sln:miejscNazwa><sln:miejscRodzaj>Wieś</sln:miejscRodzaj><sln:powIIPId>2cb9f766-42de-4147-8a13-eb46789dca16</sln:powIIPId><sln:powIIPPn>PL.PZGIK.200</sln:powIIPPn><sln:powIIPWersja>2012-09-27T08:58:33+02:00</sln:powIIPWersja><sln:powIdTeryt>1611</sln:powIdTeryt><sln:powNazwa>strzelecki</sln:powNazwa><sln:wojIIPId>9bd0c42a-ca40-4b7d-9b5b-81aae3398015</sln:wojIIPId><sln:wojIIPPn>PL.PZGIK.200</sln:wojIIPPn><sln:wojIIPWersja>2017-10-10T00:00:00+02:00</sln:wojIIPWersja><sln:wojIdTeryt>16</sln:wojIdTeryt><sln:wojNazwa>opolskie</sln:wojNazwa></sln:miejscowosc><sln:miejscowosc><sln:cyklZyciaOd>2012-04-26T00:00:00+02:00</sln:cyklZyciaOd><sln:gmIIPId>bd250d47-0dc6-49b1-9117-97691b69a191</sln:gmIIPId><sln:gmIIPPn>PL.PZGIK.200</sln:gmIIPPn><sln:gmIIPWersja>2012-09-26T21:59:59+02:00</sln:gmIIPWersja><sln:gmIdTeryt>1611053</sln:gmIdTeryt><sln:gmNazwa>Strzelce Opolskie</sln:gmNazwa><sln:miejscIIPId>da87994b-9d45-4f6a-b952-f9b2b4b38e61</sln:miejscIIPId><sln:miejscIIPPn>PL.PZGIK.200</sln:miejscIIPPn><sln:miejscIIPWersja>2016-11-24T13:55:04+02:00</sln:miejscIIPWersja><sln:miejscIdTeryt>0503149</sln:miejscIdTeryt><sln:miejscNIIPId>997d6a64-5e69-4262-a20b-fbc6da17a687</sln:miejscNIIPId><sln:miejscNIIPPn>PL.PZGIK.200</sln:miejscNIIPPn><sln:miejscNIIPWersja>2016-11-24T13:38:59+02:00</sln:miejscNIIPWersja><sln:miejscNIdTeryt>0503132</sln:miejscNIdTeryt><sln:miejscNNazwa>Kadłub</sln:miejscNNazwa><sln:miejscNRodzaj>Wieś</sln:miejscNRodzaj><sln:miejscNazwa>Banatki Duże</sln:miejscNazwa><sln:miejscRodzaj>Przysiółek</sln:miejscRodzaj><sln:powIIPId>2cb9f766-42de-4147-8a13-eb46789dca16</sln:powIIPId><sln:powIIPPn>PL.PZGIK.200</sln:powIIPPn><sln:powIIPWersja>2012-09-27T08:58:33+02:00</sln:powIIPWersja><sln:powIdTeryt>1611</sln:powIdTeryt><sln:powNazwa>strzelecki</sln:powNazwa><sln:wojIIPId>9bd0c42a-ca40-4b7d-9b5b-81aae3398015</sln:wojIIPId><sln:wojIIPPn>PL.PZGIK.200</sln:wojIIPPn><sln:wojIIPWersja>2017-10-10T00:00:00+02:00</sln:wojIIPWersja><sln:wojIdTeryt>16</sln:wojIdTeryt><sln:wojNazwa>opolskie</sln:wojNazwa></sln:miejscowosc><sln:miejscowosc><sln:cyklZyciaOd>2012-04-26T00:00:00+02:00</sln:cyklZyciaOd><sln:gmIIPId>bd250d47-0dc6-49b1-9117-97691b69a191</sln:gmIIPId><sln:gmIIPPn>PL.PZGIK.200</sln:gmIIPPn><sln:gmIIPWersja>2012-09-26T21:59:59+02:00</sln:gmIIPWersja><sln:gmIdTeryt>1611053</sln:gmIdTeryt><sln:gmNazwa>Strzelce Opolskie</sln:gmNazwa><sln:miejscIIPId>b724a04a-9f4a-43c5-99c7-efbf04b999f1</sln:miejscIIPId><sln:miejscIIPPn>PL.PZGIK.200</sln:miejscIIPPn><sln:miejscIIPWersja>2016-11-24T13:55:04+02:00</sln:miejscIIPWersja><sln:miejscIdTeryt>0503155</sln:miejscIdTeryt><sln:miejscNIIPId>997d6a64-5e69-4262-a20b-fbc6da17a687</sln:miejscNIIPId><sln:miejscNIIPPn>PL.PZGIK.200</sln:miejscNIIPPn><sln:miejscNIIPWersja>2016-11-24T13:38:59+02:00</sln:miejscNIIPWersja><sln:miejscNIdTeryt>0503132</sln:miejscNIdTeryt><sln:miejscNNazwa>Kadłub</sln:miejscNNazwa><sln:miejscNRodzaj>Wieś</sln:miejscNRodzaj><sln:miejscNazwa>Banatki Małe</sln:miejscNazwa><sln:miejscRodzaj>Przysiółek</sln:miejscRodzaj><sln:powIIPId>2cb9f766-42de-4147-8a13-eb46789dca16</sln:powIIPId><sln:powIIPPn>PL.PZGIK.200</sln:powIIPPn><sln:powIIPWersja>2012-09-27T08:58:33+02:00</sln:powIIPWersja><sln:powIdTeryt>1611</sln:powIdTeryt><sln:powNazwa>strzelecki</sln:powNazwa><sln:wojIIPId>9bd0c42a-ca40-4b7d-9b5b-81aae3398015</sln:wojIIPId><sln:wojIIPPn>PL.PZGIK.200</sln:wojIIPPn><sln:wojIIPWersja>2017-10-10T00:00:00+02:00</sln:wojIIPWersja><sln:wojIdTeryt>16</sln:wojIdTeryt><sln:wojNazwa>opolskie</sln:wojNazwa></sln:miejscowosc><sln:miejscowosc><sln:cyklZyciaOd>2012-04-26T00:00:00+02:00</sln:cyklZyciaOd><sln:gmIIPId>bd250d47-0dc6-49b1-9117-97691b69a191</sln:gmIIPId><sln:gmIIPPn>PL.PZGIK.200</sln:gmIIPPn><sln:gmIIPWersja>2012-09-26T21:59:59+02:00</sln:gmIIPWersja><sln:gmIdTeryt>1611053</sln:gmIdTeryt><sln:gmNazwa>Strzelce Opolskie</sln:gmNazwa><sln:miejscIIPId>7ce3f69c-d7b5-46b6-a41d-12c8d638ae43</sln:miejscIIPId><sln:miejscIIPPn>PL.PZGIK.200</sln:miejscIIPPn><sln:miejscIIPWersja>2016-11-24T13:55:04+02:00</sln:miejscIIPWersja><sln:miejscIdTeryt>0503161</sln:miejscIdTeryt><sln:miejscNIIPId>997d6a64-5e69-4262-a20b-fbc6da17a687</sln:miejscNIIPId><sln:miejscNIIPPn>PL.PZGIK.200</sln:miejscNIIPPn><sln:miejscNIIPWersja>2016-11-24T13:38:59+02:00</sln:miejscNIIPWersja><sln:miejscNIdTeryt>0503132</sln:miejscNIdTeryt><sln:miejscNNazwa>Kadłub</sln:miejscNNazwa><sln:miejscNRodzaj>Wieś</sln:miejscNRodzaj><sln:miejscNazwa>Barwinek</sln:miejscNazwa><sln:miejscRodzaj>Przysiółek</sln:miejscRodzaj><sln:powIIPId>2cb9f766-42de-4147-8a13-eb46789dca16</sln:powIIPId><sln:powIIPPn>PL.PZGIK.200</sln:powIIPPn><sln:powIIPWersja>2012-09-27T08:58:33+02:00</sln:powIIPWersja><sln:powIdTeryt>1611</sln:powIdTeryt><sln:powNazwa>strzelecki</sln:powNazwa><sln:wojIIPId>9bd0c42a-ca40-4b7d-9b5b-81aae3398015</sln:wojIIPId><sln:wojIIPPn>PL.PZGIK.200</sln:wojIIPPn><sln:wojIIPWersja>2017-10-10T00:00:00+02:00</sln:wojIIPWersja><sln:wojIdTeryt>16</sln:wojIdTeryt><sln:wojNazwa>opolskie</sln:wojNazwa></sln:miejscowosc><sln:miejscowosc><sln:cyklZyciaOd>2012-04-26T00:00:00+02:00</sln:cyklZyciaOd><sln:gmIIPId>bd250d47-0dc6-49b1-9117-97691b69a191</sln:gmIIPId><sln:gmIIPPn>PL.PZGIK.200</sln:gmIIPPn><sln:gmIIPWersja>2012-09-26T21:59:59+02:00</sln:gmIIPWersja><sln:gmIdTeryt>1611053</sln:gmIdTeryt><sln:gmNazwa>Strzelce Opolskie</sln:gmNazwa><sln:miejscIIPId>7513fdf9-c7be-4793-8fd5-62c69e518456</sln:miejscIIPId><sln:miejscIIPPn>PL.PZGIK.200</sln:miejscIIPPn><sln:miejscIIPWersja>2016-11-24T13:55:04+02:00</sln:miejscIIPWersja><sln:miejscIdTeryt>0503178</sln:miejscIdTeryt><sln:miejscNIIPId>997d6a64-5e69-4262-a20b-fbc6da17a687</sln:miejscNIIPId><sln:miejscNIIPPn>PL.PZGIK.200</sln:miejscNIIPPn><sln:miejscNIIPWersja>2016-11-24T13:38:59+02:00</sln:miejscNIIPWersja><sln:miejscNIdTeryt>0503132</sln:miejscNIdTeryt><sln:miejscNNazwa>Kadłub</sln:miejscNNazwa><sln:miejscNRodzaj>Wieś</sln:miejscNRodzaj><sln:miejscNazwa>Kadłubski Piec</sln:miejscNazwa><sln:miejscRodzaj>Przysiółek</sln:miejscRodzaj><sln:powIIPId>2cb9f766-42de-4147-8a13-eb46789dca16</sln:powIIPId><sln:powIIPPn>PL.PZGIK.200</sln:powIIPPn><sln:powIIPWersja>2012-09-27T08:58:33+02:00</sln:powIIPWersja><sln:powIdTeryt>1611</sln:powIdTeryt><sln:powNazwa>strzelecki</sln:powNazwa><sln:wojIIPId>9bd0c42a-ca40-4b7d-9b5b-81aae3398015</sln:wojIIPId><sln:wojIIPPn>PL.PZGIK.200</sln:wojIIPPn><sln:wojIIPWersja>2017-10-10T00:00:00+02:00</sln:wojIIPWersja><sln:wojIdTeryt>16</sln:wojIdTeryt><sln:wojNazwa>opolskie</sln:wojNazwa></sln:miejscowosc><sln:miejscowosc><sln:cyklZyciaOd>2012-04-26T00:00:00+02:00</sln:cyklZyciaOd><sln:gmIIPId>bd250d47-0dc6-49b1-9117-97691b69a191</sln:gmIIPId><sln:gmIIPPn>PL.PZGIK.200</sln:gmIIPPn><sln:gmIIPWersja>2012-09-26T21:59:59+02:00</sln:gmIIPWersja><sln:gmIdTeryt>1611053</sln:gmIdTeryt><sln:gmNazwa>Strzelce Opolskie</sln:gmNazwa><sln:miejscIIPId>3abefb2f-c9e1-404b-9e34-55a7305c0995</sln:miejscIIPId><sln:miejscIIPPn>PL.PZGIK.200</sln:miejscIIPPn><sln:miejscIIPWersja>2016-11-24T13:55:04+02:00</sln:miejscIIPWersja><sln:miejscIdTeryt>0503209</sln:miejscIdTeryt><sln:miejscNIIPId>8894af9c-1922-49ca-9451-c6f6750ff425</sln:miejscNIIPId><sln:miejscNIIPPn>PL.PZGIK.200</sln:miejscNIIPPn><sln:miejscNIIPWersja>2016-11-24T13:38:59+02:00</sln:miejscNIIPWersja><sln:miejscNIdTeryt>0503184</sln:miejscNIdTeryt><sln:miejscNNazwa>Kalinowice</sln:miejscNNazwa><sln:miejscNRodzaj>Wieś</sln:miejscNRodzaj><sln:miejscNazwa>Stara Poczta</sln:miejscNazwa><sln:miejscRodzaj>Kolonia</sln:miejscRodzaj><sln:powIIPId>2cb9f766-42de-4147-8a13-eb46789dca16</sln:powIIPId><sln:powIIPPn>PL.PZGIK.200</sln:powIIPPn><sln:powIIPWersja>2012-09-27T08:58:33+02:00</sln:powIIPWersja><sln:powIdTeryt>1611</sln:powIdTeryt><sln:powNazwa>strzelecki</sln:powNazwa><sln:wojIIPId>9bd0c42a-ca40-4b7d-9b5b-81aae3398015</sln:wojIIPId><sln:wojIIPPn>PL.PZGIK.200</sln:wojIIPPn><sln:wojIIPWersja>2017-10-10T00:00:00+02:00</sln:wojIIPWersja><sln:wojIdTeryt>16</sln:wojIdTeryt><sln:wojNazwa>opolskie</sln:wojNazwa></sln:miejscowosc><sln:miejscowosc><sln:cyklZyciaOd>2012-04-26T00:00:00+02:00</sln:cyklZyciaOd><sln:gmIIPId>bd250d47-0dc6-49b1-9117-97691b69a191</sln:gmIIPId><sln:gmIIPPn>PL.PZGIK.200</sln:gmIIPPn><sln:gmIIPWersja>2012-09-26T21:59:59+02:00</sln:gmIIPWersja><sln:gmIdTeryt>1611053</sln:gmIdTeryt><sln:gmNazwa>Strzelce Opolskie</sln:gmNazwa><sln:miejscIIPId>42fac880-ac80-48c8-bd49-5e07bb3bba2b</sln:miejscIIPId><sln:miejscIIPPn>PL.PZGIK.200</sln:miejscIIPPn><sln:miejscIIPWersja>2016-11-24T13:56:48+02:00</sln:miejscIIPWersja><sln:miejscIdTeryt>0503050</sln:miejscIdTeryt><sln:miejscNIIPId>5b0678cc-3183-4f39-8593-1f39e0ed30b7</sln:miejscNIIPId><sln:miejscNIIPPn>PL.PZGIK.200</sln:miejscNIIPPn><sln:miejscNIIPWersja>2016-11-24T13:41:18+02:00</sln:miejscNIIPWersja><sln:miejscNIdTeryt>0503043</sln:miejscNIdTeryt><sln:miejscNNazwa>Błotnica Strzelecka</sln:miejscNNazwa><sln:miejscNRodzaj>Wieś</sln:miejscNRodzaj><sln:miejscNazwa>Doryszów</sln:miejscNazwa><sln:miejscRodzaj>Przysiółek</sln:miejscRodzaj><sln:powIIPId>2cb9f766-42de-4147-8a13-eb46789dca16</sln:powIIPId><sln:powIIPPn>PL.PZGIK.200</sln:powIIPPn><sln:powIIPWersja>2012-09-27T08:58:33+02:00</sln:powIIPWersja><sln:powIdTeryt>1611</sln:powIdTeryt><sln:powNazwa>strzelecki</sln:powNazwa><sln:wojIIPId>9bd0c42a-ca40-4b7d-9b5b-81aae3398015</sln:wojIIPId><sln:wojIIPPn>PL.PZGIK.200</sln:wojIIPPn><sln:wojIIPWersja>2017-10-10T00:00:00+02:00</sln:wojIIPWersja><sln:wojIdTeryt>16</sln:wojIdTeryt><sln:wojNazwa>opolskie</sln:wojNazwa></sln:miejscowosc><sln:miejscowosc><sln:cyklZyciaOd>2012-04-26T00:00:00+02:00</sln:cyklZyciaOd><sln:gmIIPId>bd250d47-0dc6-49b1-9117-97691b69a191</sln:gmIIPId><sln:gmIIPPn>PL.PZGIK.200</sln:gmIIPPn><sln:gmIIPWersja>2012-09-26T21:59:59+02:00</sln:gmIIPWersja><sln:gmIdTeryt>1611053</sln:gmIdTeryt><sln:gmNazwa>Strzelce Opolskie</sln:gmNazwa><sln:miejscIIPId>5b0678cc-3183-4f39-8593-1f39e0ed30b7</sln:miejscIIPId><sln:miejscIIPPn>PL.PZGIK.200</sln:miejscIIPPn><sln:miejscIIPWersja>2016-11-24T13:41:18+02:00</sln:miejscIIPWersja><sln:miejscIdTeryt>0503043</sln:miejscIdTeryt><sln:miejscNazwa>Błotnica Strzelecka</sln:miejscNazwa><sln:miejscRodzaj>Wieś</sln:miejscRodzaj><sln:powIIPId>2cb9f766-42de-4147-8a13-eb46789dca16</sln:powIIPId><sln:powIIPPn>PL.PZGIK.200</sln:powIIPPn><sln:powIIPWersja>2012-09-27T08:58:33+02:00</sln:powIIPWersja><sln:powIdTeryt>1611</sln:powIdTeryt><sln:powNazwa>strzelecki</sln:powNazwa><sln:wojIIPId>9bd0c42a-ca40-4b7d-9b5b-81aae3398015</sln:wojIIPId><sln:wojIIPPn>PL.PZGIK.200</sln:wojIIPPn><sln:wojIIPWersja>2017-10-10T00:00:00+02:00</sln:wojIIPWersja><sln:wojIdTeryt>16</sln:wojIdTeryt><sln:wojNazwa>opolskie</sln:wojNazwa></sln:miejscowosc><sln:miejscowosc><sln:cyklZyciaOd>2012-04-26T00:00:00+02:00</sln:cyklZyciaOd><sln:gmIIPId>bd250d47-0dc6-49b1-9117-97691b69a191</sln:gmIIPId><sln:gmIIPPn>PL.PZGIK.200</sln:gmIIPPn><sln:gmIIPWersja>2012-09-26T21:59:59+02:00</sln:gmIIPWersja><sln:gmIdTeryt>1611053</sln:gmIdTeryt><sln:gmNazwa>Strzelce Opolskie</sln:gmNazwa><sln:miejscIIPId>9d8289a4-d57c-40d9-bc26-c455ee4ca05c</sln:miejscIIPId><sln:miejscIIPPn>PL.PZGIK.200</sln:miejscIIPPn><sln:miejscIIPWersja>2016-11-24T13:59:04+02:00</sln:miejscIIPWersja><sln:miejscIdTeryt>0503267</sln:miejscIdTeryt><sln:miejscNIIPId>55071193-9c98-4f8a-a01f-1390fc2de8fa</sln:miejscNIIPId><sln:miejscNIIPPn>PL.PZGIK.200</sln:miejscNIIPPn><sln:miejscNIIPWersja>2016-11-24T13:44:00+02:00</sln:miejscNIIPWersja><sln:miejscNIdTeryt>0503250</sln:miejscNIdTeryt><sln:miejscNNazwa>Osiek</sln:miejscNNazwa><sln:miejscNRodzaj>Wieś</sln:miejscNRodzaj><sln:miejscNazwa>Kasztal</sln:miejscNazwa><sln:miejscRodzaj>Przysiółek</sln:miejscRodzaj><sln:powIIPId>2cb9f766-42de-4147-8a13-eb46789dca16</sln:powIIPId><sln:powIIPPn>PL.PZGIK.200</sln:powIIPPn><sln:powIIPWersja>2012-09-27T08:58:33+02:00</sln:powIIPWersja><sln:powIdTeryt>1611</sln:powIdTeryt><sln:powNazwa>strzelecki</sln:powNazwa><sln:wojIIPId>9bd0c42a-ca40-4b7d-9b5b-81aae3398015</sln:wojIIPId><sln:wojIIPPn>PL.PZGIK.200</sln:wojIIPPn><sln:wojIIPWersja>2017-10-10T00:00:00+02:00</sln:wojIIPWersja><sln:wojIdTeryt>16</sln:wojIdTeryt><sln:wojNazwa>opolskie</sln:wojNazwa></sln:miejscowosc><sln:miejscowosc><sln:cyklZyciaOd>2012-04-26T00:00:00+02:00</sln:cyklZyciaOd><sln:gmIIPId>bd250d47-0dc6-49b1-9117-97691b69a191</sln:gmIIPId><sln:gmIIPPn>PL.PZGIK.200</sln:gmIIPPn><sln:gmIIPWersja>2012-09-26T21:59:59+02:00</sln:gmIIPWersja><sln:gmIdTeryt>1611053</sln:gmIdTeryt><sln:gmNazwa>Strzelce Opolskie</sln:gmNazwa><sln:miejscIIPId>55071193-9c98-4f8a-a01f-1390fc2de8fa</sln:miejscIIPId><sln:miejscIIPPn>PL.PZGIK.200</sln:miejscIIPPn><sln:miejscIIPWersja>2016-11-24T13:44:00+02:00</sln:miejscIIPWersja><sln:miejscIdTeryt>0503250</sln:miejscIdTeryt><sln:miejscNazwa>Osiek</sln:miejscNazwa><sln:miejscRodzaj>Wieś</sln:miejscRodzaj><sln:powIIPId>2cb9f766-42de-4147-8a13-eb46789dca16</sln:powIIPId><sln:powIIPPn>PL.PZGIK.200</sln:powIIPPn><sln:powIIPWersja>2012-09-27T08:58:33+02:00</sln:powIIPWersja><sln:powIdTeryt>1611</sln:powIdTeryt><sln:powNazwa>strzelecki</sln:powNazwa><sln:wojIIPId>9bd0c42a-ca40-4b7d-9b5b-81aae3398015</sln:wojIIPId><sln:wojIIPPn>PL.PZGIK.200</sln:wojIIPPn><sln:wojIIPWersja>2017-10-10T00:00:00+02:00</sln:wojIIPWersja><sln:wojIdTeryt>16</sln:wojIdTeryt><sln:wojNazwa>opolskie</sln:wojNazwa></sln:miejscowosc><sln:miejscowosc><sln:cyklZyciaOd>2012-04-26T00:00:00+02:00</sln:cyklZyciaOd><sln:gmIIPId>bd250d47-0dc6-49b1-9117-97691b69a191</sln:gmIIPId><sln:gmIIPPn>PL.PZGIK.200</sln:gmIIPPn><sln:gmIIPWersja>2012-09-26T21:59:59+02:00</sln:gmIIPWersja><sln:gmIdTeryt>1611053</sln:gmIdTeryt><sln:gmNazwa>Strzelce Opolskie</sln:gmNazwa><sln:miejscIIPId>819463d0-8c6e-4f13-9608-0a2ec68e76c3</sln:miejscIIPId><sln:miejscIIPPn>PL.PZGIK.200</sln:miejscIIPPn><sln:miejscIIPWersja>2016-11-24T13:41:05+02:00</sln:miejscIIPWersja><sln:miejscIdTeryt>0503238</sln:miejscIdTeryt><sln:miejscNazwa>Ligota Górna</sln:miejscNazwa><sln:miejscRodzaj>Wieś</sln:miejscRodzaj><sln:powIIPId>2cb9f766-42de-4147-8a13-eb46789dca16</sln:powIIPId><sln:powIIPPn>PL.PZGIK.200</sln:powIIPPn><sln:powIIPWersja>2012-09-27T08:58:33+02:00</sln:powIIPWersja><sln:powIdTeryt>1611</sln:powIdTeryt><sln:powNazwa>strzelecki</sln:powNazwa><sln:wojIIPId>9bd0c42a-ca40-4b7d-9b5b-81aae3398015</sln:wojIIPId><sln:wojIIPPn>PL.PZGIK.200</sln:wojIIPPn><sln:wojIIPWersja>2017-10-10T00:00:00+02:00</sln:wojIIPWersja><sln:wojIdTeryt>16</sln:wojIdTeryt><sln:wojNazwa>opolskie</sln:wojNazwa></sln:miejscowosc><sln:miejscowosc><sln:cyklZyciaOd>2012-04-26T00:00:00+02:00</sln:cyklZyciaOd><sln:gmIIPId>bd250d47-0dc6-49b1-9117-97691b69a191</sln:gmIIPId><sln:gmIIPPn>PL.PZGIK.200</sln:gmIIPPn><sln:gmIIPWersja>2012-09-26T21:59:59+02:00</sln:gmIIPWersja><sln:gmIdTeryt>1611053</sln:gmIdTeryt><sln:gmNazwa>Strzelce Opolskie</sln:gmNazwa><sln:miejscIIPId>d06b7a53-8a77-4566-ab68-56c3117f15b5</sln:miejscIIPId><sln:miejscIIPPn>PL.PZGIK.200</sln:miejscIIPPn><sln:miejscIIPWersja>2016-11-24T13:43:01+02:00</sln:miejscIIPWersja><sln:miejscIdTeryt>0503244</sln:miejscIdTeryt><sln:miejscNazwa>Niwki</sln:miejscNazwa><sln:miejscRodzaj>Wieś</sln:miejscRodzaj><sln:powIIPId>2cb9f766-42de-4147-8a13-eb46789dca16</sln:powIIPId><sln:powIIPPn>PL.PZGIK.200</sln:powIIPPn><sln:powIIPWersja>2012-09-27T08:58:33+02:00</sln:powIIPWersja><sln:powIdTeryt>1611</sln:powIdTeryt><sln:powNazwa>strzelecki</sln:powNazwa><sln:wojIIPId>9bd0c42a-ca40-4b7d-9b5b-81aae3398015</sln:wojIIPId><sln:wojIIPPn>PL.PZGIK.200</sln:wojIIPPn><sln:wojIIPWersja>2017-10-10T00:00:00+02:00</sln:wojIIPWersja><sln:wojIdTeryt>16</sln:wojIdTeryt><sln:wojNazwa>opolskie</sln:wojNazwa></sln:miejscowosc><sln:miejscowosc><sln:cyklZyciaOd>2012-04-26T00:00:00+02:00</sln:cyklZyciaOd><sln:gmIIPId>bd250d47-0dc6-49b1-9117-97691b69a191</sln:gmIIPId><sln:gmIIPPn>PL.PZGIK.200</sln:gmIIPPn><sln:gmIIPWersja>2012-09-26T21:59:59+02:00</sln:gmIIPWersja><sln:gmIdTeryt>1611053</sln:gmIdTeryt><sln:gmNazwa>Strzelce Opolskie</sln:gmNazwa><sln:miejscIIPId>e9244ed0-fc5f-405f-b533-9d420aa97f7c</sln:miejscIIPId><sln:miejscIIPPn>PL.PZGIK.200</sln:miejscIIPPn><sln:miejscIIPWersja>2016-11-24T13:44:47+02:00</sln:miejscIIPWersja><sln:miejscIdTeryt>0503280</sln:miejscIdTeryt><sln:miejscNIIPId>3e0ed73c-4fd7-4add-8b96-c778f31645b2</sln:miejscNIIPId><sln:miejscNIIPPn>PL.PZGIK.200</sln:miejscNIIPPn><sln:miejscNIIPWersja>2016-11-24T13:28:15+02:00</sln:miejscNIIPWersja><sln:miejscNIdTeryt>0503273</sln:miejscNIdTeryt><sln:miejscNNazwa>Płużnica Wielka</sln:miejscNNazwa><sln:miejscNRodzaj>Wieś</sln:miejscNRodzaj><sln:miejscNazwa>Poręba</sln:miejscNazwa><sln:miejscRodzaj>Osada</sln:miejscRodzaj><sln:powIIPId>2cb9f766-42de-4147-8a13-eb46789dca16</sln:powIIPId><sln:powIIPPn>PL.PZGIK.200</sln:powIIPPn><sln:powIIPWersja>2012-09-27T08:58:33+02:00</sln:powIIPWersja><sln:powIdTeryt>1611</sln:powIdTeryt><sln:powNazwa>strzelecki</sln:powNazwa><sln:wojIIPId>9bd0c42a-ca40-4b7d-9b5b-81aae3398015</sln:wojIIPId><sln:wojIIPPn>PL.PZGIK.200</sln:wojIIPPn><sln:wojIIPWersja>2017-10-10T00:00:00+02:00</sln:wojIIPWersja><sln:wojIdTeryt>16</sln:wojIdTeryt><sln:wojNazwa>opolskie</sln:wojNazwa></sln:miejscowosc><sln:miejscowosc><sln:cyklZyciaOd>2012-04-26T00:00:00+02:00</sln:cyklZyciaOd><sln:gmIIPId>bd250d47-0dc6-49b1-9117-97691b69a191</sln:gmIIPId><sln:gmIIPPn>PL.PZGIK.200</sln:gmIIPPn><sln:gmIIPWersja>2012-09-26T21:59:59+02:00</sln:gmIIPWersja><sln:gmIdTeryt>1611053</sln:gmIdTeryt><sln:gmNazwa>Strzelce Opolskie</sln:gmNazwa><sln:miejscIIPId>17b3b76f-3a71-4769-821e-34fd9cd0bbe4</sln:miejscIIPId><sln:miejscIIPPn>PL.PZGIK.200</sln:miejscIIPPn><sln:miejscIIPWersja>2016-11-24T13:46:16+02:00</sln:miejscIIPWersja><sln:miejscIdTeryt>0503304</sln:miejscIdTeryt><sln:miejscNIIPId>839da68b-de9f-4ee4-b6b8-2198c1db808b</sln:miejscNIIPId><sln:miejscNIIPPn>PL.PZGIK.200</sln:miejscNIIPPn><sln:miejscNIIPWersja>2016-11-24T13:29:56+02:00</sln:miejscNIIPWersja><sln:miejscNIdTeryt>0503296</sln:miejscNIdTeryt><sln:miejscNNazwa>Rozmierka</sln:miejscNNazwa><sln:miejscNRodzaj>Wieś</sln:miejscNRodzaj><sln:miejscNazwa>Podborzany</sln:miejscNazwa><sln:miejscRodzaj>Przysiółek</sln:miejscRodzaj><sln:powIIPId>2cb9f766-42de-4147-8a13-eb46789dca16</sln:powIIPId><sln:powIIPPn>PL.PZGIK.200</sln:powIIPPn><sln:powIIPWersja>2012-09-27T08:58:33+02:00</sln:powIIPWersja><sln:powIdTeryt>1611</sln:powIdTeryt><sln:powNazwa>strzelecki</sln:powNazwa><sln:wojIIPId>9bd0c42a-ca40-4b7d-9b5b-81aae3398015</sln:wojIIPId><sln:wojIIPPn>PL.PZGIK.200</sln:wojIIPPn><sln:wojIIPWersja>2017-10-10T00:00:00+02:00</sln:wojIIPWersja><sln:wojIdTeryt>16</sln:wojIdTeryt><sln:wojNazwa>opolskie</sln:wojNazwa></sln:miejscowosc><sln:miejscowosc><sln:cyklZyciaOd>2012-04-26T00:00:00+02:00</sln:cyklZyciaOd><sln:gmIIPId>bd250d47-0dc6-49b1-9117-97691b69a191</sln:gmIIPId><sln:gmIIPPn>PL.PZGIK.200</sln:gmIIPPn><sln:gmIIPWersja>2012-09-26T21:59:59+02:00</sln:gmIIPWersja><sln:gmIdTeryt>1611053</sln:gmIdTeryt><sln:gmNazwa>Strzelce Opolskie</sln:gmNazwa><sln:miejscIIPId>349db094-b010-42c5-bd94-c24047e2b66d</sln:miejscIIPId><sln:miejscIIPPn>PL.PZGIK.200</sln:miejscIIPPn><sln:miejscIIPWersja>2016-11-24T13:47:36+02:00</sln:miejscIIPWersja><sln:miejscIdTeryt>0965950</sln:miejscIdTeryt><sln:miejscNIIPId>9cb2342c-2ce5-4f3c-a20f-75e00fb1fb44</sln:miejscNIIPId><sln:miejscNIIPPn>PL.PZGIK.200</sln:miejscNIIPPn><sln:miejscNIIPWersja>2016-11-24T13:31:33+02:00</sln:miejscNIIPWersja><sln:miejscNIdTeryt>0965915</sln:miejscNIdTeryt><sln:miejscNNazwa>Strzelce Opolskie</sln:miejscNNazwa><sln:miejscNRodzaj>Miasto</sln:miejscNRodzaj><sln:miejscNazwa>Suche Łany</sln:miejscNazwa><sln:miejscRodzaj>Inny obiekt</sln:miejscRodzaj><sln:powIIPId>2cb9f766-42de-4147-8a13-eb46789dca16</sln:powIIPId><sln:powIIPPn>PL.PZGIK.200</sln:powIIPPn><sln:powIIPWersja>2012-09-27T08:58:33+02:00</sln:powIIPWersja><sln:powIdTeryt>1611</sln:powIdTeryt><sln:powNazwa>strzelecki</sln:powNazwa><sln:wojIIPId>9bd0c42a-ca40-4b7d-9b5b-81aae3398015</sln:wojIIPId><sln:wojIIPPn>PL.PZGIK.200</sln:wojIIPPn><sln:wojIIPWersja>2017-10-10T00:00:00+02:00</sln:wojIIPWersja><sln:wojIdTeryt>16</sln:wojIdTeryt><sln:wojNazwa>opolskie</sln:wojNazwa></sln:miejscowosc><sln:miejscowosc><sln:cyklZyciaOd>2012-04-26T00:00:00+02:00</sln:cyklZyciaOd><sln:gmIIPId>bd250d47-0dc6-49b1-9117-97691b69a191</sln:gmIIPId><sln:gmIIPPn>PL.PZGIK.200</sln:gmIIPPn><sln:gmIIPWersja>2012-09-26T21:59:59+02:00</sln:gmIIPWersja><sln:gmIdTeryt>1611053</sln:gmIdTeryt><sln:gmNazwa>Strzelce Opolskie</sln:gmNazwa><sln:miejscIIPId>de570fa8-7216-41d5-903d-5eece7501813</sln:miejscIIPId><sln:miejscIIPPn>PL.PZGIK.200</sln:miejscIIPPn><sln:miejscIIPWersja>2016-11-24T13:47:36+02:00</sln:miejscIIPWersja><sln:miejscIdTeryt>0965938</sln:miejscIdTeryt><sln:miejscNIIPId>9cb2342c-2ce5-4f3c-a20f-75e00fb1fb44</sln:miejscNIIPId><sln:miejscNIIPPn>PL.PZGIK.200</sln:miejscNIIPPn><sln:miejscNIIPWersja>2016-11-24T13:31:33+02:00</sln:miejscNIIPWersja><sln:miejscNIdTeryt>0965915</sln:miejscNIdTeryt><sln:miejscNNazwa>Strzelce Opolskie</sln:miejscNNazwa><sln:miejscNRodzaj>Miasto</sln:miejscNRodzaj><sln:miejscNazwa>Farska Kolonia</sln:miejscNazwa><sln:miejscRodzaj>Inny obiekt</sln:miejscRodzaj><sln:powIIPId>2cb9f766-42de-4147-8a13-eb46789dca16</sln:powIIPId><sln:powIIPPn>PL.PZGIK.200</sln:powIIPPn><sln:powIIPWersja>2012-09-27T08:58:33+02:00</sln:powIIPWersja><sln:powIdTeryt>1611</sln:powIdTeryt><sln:powNazwa>strzelecki</sln:powNazwa><sln:wojIIPId>9bd0c42a-ca40-4b7d-9b5b-81aae3398015</sln:wojIIPId><sln:wojIIPPn>PL.PZGIK.200</sln:wojIIPPn><sln:wojIIPWersja>2017-10-10T00:00:00+02:00</sln:wojIIPWersja><sln:wojIdTeryt>16</sln:wojIdTeryt><sln:wojNazwa>opolskie</sln:wojNazwa></sln:miejscowosc><sln:miejscowosc><sln:cyklZyciaOd>2012-04-26T00:00:00+02:00</sln:cyklZyciaOd><sln:gmIIPId>bd250d47-0dc6-49b1-9117-97691b69a191</sln:gmIIPId><sln:gmIIPPn>PL.PZGIK.200</sln:gmIIPPn><sln:gmIIPWersja>2012-09-26T21:59:59+02:00</sln:gmIIPWersja><sln:gmIdTeryt>1611053</sln:gmIdTeryt><sln:gmNazwa>Strzelce Opolskie</sln:gmNazwa><sln:miejscIIPId>232dc6c9-dca9-4840-bbd2-234e13f67957</sln:miejscIIPId><sln:miejscIIPPn>PL.PZGIK.200</sln:miejscIIPPn><sln:miejscIIPWersja>2016-11-24T13:47:36+02:00</sln:miejscIIPWersja><sln:miejscIdTeryt>0965944</sln:miejscIdTeryt><sln:miejscNIIPId>9cb2342c-2ce5-4f3c-a20f-75e00fb1fb44</sln:miejscNIIPId><sln:miejscNIIPPn>PL.PZGIK.200</sln:miejscNIIPPn><sln:miejscNIIPWersja>2016-11-24T13:31:33+02:00</sln:miejscNIIPWersja><sln:miejscNIdTeryt>0965915</sln:miejscNIdTeryt><sln:miejscNNazwa>Strzelce Opolskie</sln:miejscNNazwa><sln:miejscNRodzaj>Miasto</sln:miejscNRodzaj><sln:miejscNazwa>Mokre Łany</sln:miejscNazwa><sln:miejscRodzaj>Inny obiekt</sln:miejscRodzaj><sln:powIIPId>2cb9f766-42de-4147-8a13-eb46789dca16</sln:powIIPId><sln:powIIPPn>PL.PZGIK.200</sln:powIIPPn><sln:powIIPWersja>2012-09-27T08:58:33+02:00</sln:powIIPWersja><sln:powIdTeryt>1611</sln:powIdTeryt><sln:powNazwa>strzelecki</sln:powNazwa><sln:wojIIPId>9bd0c42a-ca40-4b7d-9b5b-81aae3398015</sln:wojIIPId><sln:wojIIPPn>PL.PZGIK.200</sln:wojIIPPn><sln:wojIIPWersja>2017-10-10T00:00:00+02:00</sln:wojIIPWersja><sln:wojIdTeryt>16</sln:wojIdTeryt><sln:wojNazwa>opolskie</sln:wojNazwa></sln:miejscowosc><sln:miejscowosc><sln:cyklZyciaOd>2012-04-26T00:00:00+02:00</sln:cyklZyciaOd><sln:gmIIPId>bd250d47-0dc6-49b1-9117-97691b69a191</sln:gmIIPId><sln:gmIIPPn>PL.PZGIK.200</sln:gmIIPPn><sln:gmIIPWersja>2012-09-26T21:59:59+02:00</sln:gmIIPWersja><sln:gmIdTeryt>1611053</sln:gmIdTeryt><sln:gmNazwa>Strzelce Opolskie</sln:gmNazwa><sln:miejscIIPId>86702960-4bf2-484f-83ec-ac5403963c3b</sln:miejscIIPId><sln:miejscIIPPn>PL.PZGIK.200</sln:miejscIIPPn><sln:miejscIIPWersja>2016-11-24T13:47:36+02:00</sln:miejscIIPWersja><sln:miejscIdTeryt>0999430</sln:miejscIdTeryt><sln:miejscNIIPId>9cb2342c-2ce5-4f3c-a20f-75e00fb1fb44</sln:miejscNIIPId><sln:miejscNIIPPn>PL.PZGIK.200</sln:miejscNIIPPn><sln:miejscNIIPWersja>2016-11-24T13:31:33+02:00</sln:miejscNIIPWersja><sln:miejscNIdTeryt>0965915</sln:miejscNIdTeryt><sln:miejscNNazwa>Strzelce Opolskie</sln:miejscNNazwa><sln:miejscNRodzaj>Miasto</sln:miejscNRodzaj><sln:miejscNazwa>Nowa Wieś</sln:miejscNazwa><sln:miejscRodzaj>Inny obiekt</sln:miejscRodzaj><sln:powIIPId>2cb9f766-42de-4147-8a13-eb46789dca16</sln:powIIPId><sln:powIIPPn>PL.PZGIK.200</sln:powIIPPn><sln:powIIPWersja>2012-09-27T08:58:33+02:00</sln:powIIPWersja><sln:powIdTeryt>1611</sln:powIdTeryt><sln:powNazwa>strzelecki</sln:powNazwa><sln:wojIIPId>9bd0c42a-ca40-4b7d-9b5b-81aae3398015</sln:wojIIPId><sln:wojIIPPn>PL.PZGIK.200</sln:wojIIPPn><sln:wojIIPWersja>2017-10-10T00:00:00+02:00</sln:wojIIPWersja><sln:wojIdTeryt>16</sln:wojIdTeryt><sln:wojNazwa>opolskie</sln:wojNazwa></sln:miejscowosc><sln:miejscowosc><sln:cyklZyciaOd>2012-04-26T00:00:00+02:00</sln:cyklZyciaOd><sln:gmIIPId>bd250d47-0dc6-49b1-9117-97691b69a191</sln:gmIIPId><sln:gmIIPPn>PL.PZGIK.200</sln:gmIIPPn><sln:gmIIPWersja>2012-09-26T21:59:59+02:00</sln:gmIIPWersja><sln:gmIdTeryt>1611053</sln:gmIdTeryt><sln:gmNazwa>Strzelce Opolskie</sln:gmNazwa><sln:miejscIIPId>bc353ff7-e18c-4a62-a2f3-909c47cc207b</sln:miejscIIPId><sln:miejscIIPPn>PL.PZGIK.200</sln:miejscIIPPn><sln:miejscIIPWersja>2016-11-24T13:47:36+02:00</sln:miejscIIPWersja><sln:miejscIdTeryt>0965921</sln:miejscIdTeryt><sln:miejscNIIPId>9cb2342c-2ce5-4f3c-a20f-75e00fb1fb44</sln:miejscNIIPId><sln:miejscNIIPPn>PL.PZGIK.200</sln:miejscNIIPPn><sln:miejscNIIPWersja>2016-11-24T13:31:33+02:00</sln:miejscNIIPWersja><sln:miejscNIdTeryt>0965915</sln:miejscNIdTeryt><sln:miejscNNazwa>Strzelce Opolskie</sln:miejscNNazwa><sln:miejscNRodzaj>Miasto</sln:miejscNRodzaj><sln:miejscNazwa>Adamowice</sln:miejscNazwa><sln:miejscRodzaj>Inny obiekt</sln:miejscRodzaj><sln:powIIPId>2cb9f766-42de-4147-8a13-eb46789dca16</sln:powIIPId><sln:powIIPPn>PL.PZGIK.200</sln:powIIPPn><sln:powIIPWersja>2012-09-27T08:58:33+02:00</sln:powIIPWersja><sln:powIdTeryt>1611</sln:powIdTeryt><sln:powNazwa>strzelecki</sln:powNazwa><sln:wojIIPId>9bd0c42a-ca40-4b7d-9b5b-81aae3398015</sln:wojIIPId><sln:wojIIPPn>PL.PZGIK.200</sln:wojIIPPn><sln:wojIIPWersja>2017-10-10T00:00:00+02:00</sln:wojIIPWersja><sln:wojIdTeryt>16</sln:wojIdTeryt><sln:wojNazwa>opolskie</sln:wojNazwa></sln:miejscowosc><sln:miejscowosc><sln:cyklZyciaOd>2012-04-26T00:00:00+02:00</sln:cyklZyciaOd><sln:gmIIPId>bd250d47-0dc6-49b1-9117-97691b69a191</sln:gmIIPId><sln:gmIIPPn>PL.PZGIK.200</sln:gmIIPPn><sln:gmIIPWersja>2012-09-26T21:59:59+02:00</sln:gmIIPWersja><sln:gmIdTeryt>1611053</sln:gmIdTeryt><sln:gmNazwa>Strzelce Opolskie</sln:gmNazwa><sln:miejscIIPId>c3b4bd33-75a2-44e7-a996-47f4ca3c9d0d</sln:miejscIIPId><sln:miejscIIPPn>PL.PZGIK.200</sln:miejscIIPPn><sln:miejscIIPWersja>2016-11-24T13:48:14+02:00</sln:miejscIIPWersja><sln:miejscIdTeryt>0503379</sln:miejscIdTeryt><sln:miejscNIIPId>80a09bc0-71c6-4a95-b03d-8d633b1e349d</sln:miejscNIIPId><sln:miejscNIIPPn>PL.PZGIK.200</sln:miejscNIIPPn><sln:miejscNIIPWersja>2016-11-24T13:31:52+02:00</sln:miejscNIIPWersja><sln:miejscNIdTeryt>0503362</sln:miejscNIdTeryt><sln:miejscNNazwa>Szczepanek</sln:miejscNNazwa><sln:miejscNRodzaj>Wieś</sln:miejscNRodzaj><sln:miejscNazwa>Barć</sln:miejscNazwa><sln:miejscRodzaj>Inny obiekt</sln:miejscRodzaj><sln:powIIPId>2cb9f766-42de-4147-8a13-eb46789dca16</sln:powIIPId><sln:powIIPPn>PL.PZGIK.200</sln:powIIPPn><sln:powIIPWersja>2012-09-27T08:58:33+02:00</sln:powIIPWersja><sln:powIdTeryt>1611</sln:powIdTeryt><sln:powNazwa>strzelecki</sln:powNazwa><sln:wojIIPId>9bd0c42a-ca40-4b7d-9b5b-81aae3398015</sln:wojIIPId><sln:wojIIPPn>PL.PZGIK.200</sln:wojIIPPn><sln:wojIIPWersja>2017-10-10T00:00:00+02:00</sln:wojIIPWersja><sln:wojIdTeryt>16</sln:wojIdTeryt><sln:wojNazwa>opolskie</sln:wojNazwa></sln:miejscowosc><sln:miejscowosc><sln:cyklZyciaOd>2012-04-26T00:00:00+02:00</sln:cyklZyciaOd><sln:gmIIPId>bd250d47-0dc6-49b1-9117-97691b69a191</sln:gmIIPId><sln:gmIIPPn>PL.PZGIK.200</sln:gmIIPPn><sln:gmIIPWersja>2012-09-26T21:59:59+02:00</sln:gmIIPWersja><sln:gmIdTeryt>1611053</sln:gmIdTeryt><sln:gmNazwa>Strzelce Opolskie</sln:gmNazwa><sln:miejscIIPId>4c3206fc-57ef-4019-a7f0-93c6f8262961</sln:miejscIIPId><sln:miejscIIPPn>PL.PZGIK.200</sln:miejscIIPPn><sln:miejscIIPWersja>2016-11-24T13:48:24+02:00</sln:miejscIIPWersja><sln:miejscIdTeryt>0503422</sln:miejscIdTeryt><sln:miejscNIIPId>cce257f0-aeb3-4d1d-8449-79e2be42d647</sln:miejscNIIPId><sln:miejscNIIPPn>PL.PZGIK.200</sln:miejscNIIPPn><sln:miejscNIIPWersja>2016-11-24T13:32:06+02:00</sln:miejscNIIPWersja><sln:miejscNIdTeryt>0503385</sln:miejscNIdTeryt><sln:miejscNNazwa>Szymiszów</sln:miejscNNazwa><sln:miejscNRodzaj>Wieś</sln:miejscNRodzaj><sln:miejscNazwa>Szymiszów-Osiedle</sln:miejscNazwa><sln:miejscRodzaj>Osada</sln:miejscRodzaj><sln:powIIPId>2cb9f766-42de-4147-8a13-eb46789dca16</sln:powIIPId><sln:powIIPPn>PL.PZGIK.200</sln:powIIPPn><sln:powIIPWersja>2012-09-27T08:58:33+02:00</sln:powIIPWersja><sln:powIdTeryt>1611</sln:powIdTeryt><sln:powNazwa>strzelecki</sln:powNazwa><sln:wojIIPId>9bd0c42a-ca40-4b7d-9b5b-81aae3398015</sln:wojIIPId><sln:wojIIPPn>PL.PZGIK.200</sln:wojIIPPn><sln:wojIIPWersja>2017-10-10T00:00:00+02:00</sln:wojIIPWersja><sln:wojIdTeryt>16</sln:wojIdTeryt><sln:wojNazwa>opolskie</sln:wojNazwa></sln:miejscowosc><sln:miejscowosc><sln:cyklZyciaOd>2012-04-26T00:00:00+02:00</sln:cyklZyciaOd><sln:gmIIPId>bd250d47-0dc6-49b1-9117-97691b69a191</sln:gmIIPId><sln:gmIIPPn>PL.PZGIK.200</sln:gmIIPPn><sln:gmIIPWersja>2012-09-26T21:59:59+02:00</sln:gmIIPWersja><sln:gmIdTeryt>1611053</sln:gmIdTeryt><sln:gmNazwa>Strzelce Opolskie</sln:gmNazwa><sln:miejscIIPId>1d2626a3-2133-43ec-b2c9-3961663fa7ce</sln:miejscIIPId><sln:miejscIIPPn>PL.PZGIK.200</sln:miejscIIPPn><sln:miejscIIPWersja>2016-11-24T13:48:24+02:00</sln:miejscIIPWersja><sln:miejscIdTeryt>0503400</sln:miejscIdTeryt><sln:miejscNIIPId>cce257f0-aeb3-4d1d-8449-79e2be42d647</sln:miejscNIIPId><sln:miejscNIIPPn>PL.PZGIK.200</sln:miejscNIIPPn><sln:miejscNIIPWersja>2016-11-24T13:32:06+02:00</sln:miejscNIIPWersja><sln:miejscNIdTeryt>0503385</sln:miejscNIdTeryt><sln:miejscNNazwa>Szymiszów</sln:miejscNNazwa><sln:miejscNRodzaj>Wieś</sln:miejscNRodzaj><sln:miejscNazwa>Tęczynów</sln:miejscNazwa><sln:miejscRodzaj>Inny obiekt</sln:miejscRodzaj><sln:powIIPId>2cb9f766-42de-4147-8a13-eb46789dca16</sln:powIIPId><sln:powIIPPn>PL.PZGIK.200</sln:powIIPPn><sln:powIIPWersja>2012-09-27T08:58:33+02:00</sln:powIIPWersja><sln:powIdTeryt>1611</sln:powIdTeryt><sln:powNazwa>strzelecki</sln:powNazwa><sln:wojIIPId>9bd0c42a-ca40-4b7d-9b5b-81aae3398015</sln:wojIIPId><sln:wojIIPPn>PL.PZGIK.200</sln:wojIIPPn><sln:wojIIPWersja>2017-10-10T00:00:00+02:00</sln:wojIIPWersja><sln:wojIdTeryt>16</sln:wojIdTeryt><sln:wojNazwa>opolskie</sln:wojNazwa></sln:miejscowosc><sln:miejscowosc><sln:cyklZyciaOd>2012-04-26T00:00:00+02:00</sln:cyklZyciaOd><sln:gmIIPId>bd250d47-0dc6-49b1-9117-97691b69a191</sln:gmIIPId><sln:gmIIPPn>PL.PZGIK.200</sln:gmIIPPn><sln:gmIIPWersja>2012-09-26T21:59:59+02:00</sln:gmIIPWersja><sln:gmIdTeryt>1611053</sln:gmIdTeryt><sln:gmNazwa>Strzelce Opolskie</sln:gmNazwa><sln:miejscIIPId>55f3399e-1e5b-4b9c-82aa-1835ed38b302</sln:miejscIIPId><sln:miejscIIPPn>PL.PZGIK.200</sln:miejscIIPPn><sln:miejscIIPWersja>2016-11-24T13:48:24+02:00</sln:miejscIIPWersja><sln:miejscIdTeryt>0503391</sln:miejscIdTeryt><sln:miejscNIIPId>cce257f0-aeb3-4d1d-8449-79e2be42d647</sln:miejscNIIPId><sln:miejscNIIPPn>PL.PZGIK.200</sln:miejscNIIPPn><sln:miejscNIIPWersja>2016-11-24T13:32:06+02:00</sln:miejscNIIPWersja><sln:miejscNIdTeryt>0503385</sln:miejscNIdTeryt><sln:miejscNNazwa>Szymiszów</sln:miejscNNazwa><sln:miejscNRodzaj>Wieś</sln:miejscNRodzaj><sln:miejscNazwa>Bukowiec</sln:miejscNazwa><sln:miejscRodzaj>Inny obiekt</sln:miejscRodzaj><sln:powIIPId>2cb9f766-42de-4147-8a13-eb46789dca16</sln:powIIPId><sln:powIIPPn>PL.PZGIK.200</sln:powIIPPn><sln:powIIPWersja>2012-09-27T08:58:33+02:00</sln:powIIPWersja><sln:powIdTeryt>1611</sln:powIdTeryt><sln:powNazwa>strzelecki</sln:powNazwa><sln:wojIIPId>9bd0c42a-ca40-4b7d-9b5b-81aae3398015</sln:wojIIPId><sln:wojIIPPn>PL.PZGIK.200</sln:wojIIPPn><sln:wojIIPWersja>2017-10-10T00:00:00+02:00</sln:wojIIPWersja><sln:wojIdTeryt>16</sln:wojIdTeryt><sln:wojNazwa>opolskie</sln:wojNazwa></sln:miejscowosc><sln:miejscowosc><sln:cyklZyciaOd>2012-04-26T00:00:00+02:00</sln:cyklZyciaOd><sln:gmIIPId>bd250d47-0dc6-49b1-9117-97691b69a191</sln:gmIIPId><sln:gmIIPPn>PL.PZGIK.200</sln:gmIIPPn><sln:gmIIPWersja>2012-09-26T21:59:59+02:00</sln:gmIIPWersja><sln:gmIdTeryt>1611053</sln:gmIdTeryt><sln:gmNazwa>Strzelce Opolskie</sln:gmNazwa><sln:miejscIIPId>824a07be-8f90-430b-bfc3-9d3be95cab2e</sln:miejscIIPId><sln:miejscIIPPn>PL.PZGIK.200</sln:miejscIIPPn><sln:miejscIIPWersja>2016-11-24T13:48:24+02:00</sln:miejscIIPWersja><sln:miejscIdTeryt>0503416</sln:miejscIdTeryt><sln:miejscNIIPId>cce257f0-aeb3-4d1d-8449-79e2be42d647</sln:miejscNIIPId><sln:miejscNIIPPn>PL.PZGIK.200</sln:miejscNIIPPn><sln:miejscNIIPWersja>2016-11-24T13:32:06+02:00</sln:miejscNIIPWersja><sln:miejscNIdTeryt>0503385</sln:miejscNIdTeryt><sln:miejscNNazwa>Szymiszów</sln:miejscNNazwa><sln:miejscNRodzaj>Wieś</sln:miejscNRodzaj><sln:miejscNazwa>Koszyce</sln:miejscNazwa><sln:miejscRodzaj>Osada</sln:miejscRodzaj><sln:powIIPId>2cb9f766-42de-4147-8a13-eb46789dca16</sln:powIIPId><sln:powIIPPn>PL.PZGIK.200</sln:powIIPPn><sln:powIIPWersja>2012-09-27T08:58:33+02:00</sln:powIIPWersja><sln:powIdTeryt>1611</sln:powIdTeryt><sln:powNazwa>strzelecki</sln:powNazwa><sln:wojIIPId>9bd0c42a-ca40-4b7d-9b5b-81aae3398015</sln:wojIIPId><sln:wojIIPPn>PL.PZGIK.200</sln:wojIIPPn><sln:wojIIPWersja>2017-10-10T00:00:00+02:00</sln:wojIIPWersja><sln:wojIdTeryt>16</sln:wojIdTeryt><sln:wojNazwa>opolskie</sln:wojNazwa></sln:miejscowosc><sln:miejscowosc><sln:cyklZyciaOd>2012-04-26T00:00:00+02:00</sln:cyklZyciaOd><sln:gmIIPId>bd250d47-0dc6-49b1-9117-97691b69a191</sln:gmIIPId><sln:gmIIPPn>PL.PZGIK.200</sln:gmIIPPn><sln:gmIIPWersja>2012-09-26T21:59:59+02:00</sln:gmIIPWersja><sln:gmIdTeryt>1611053</sln:gmIdTeryt><sln:gmNazwa>Strzelce Opolskie</sln:gmNazwa><sln:miejscIIPId>58362d62-9e46-4690-8c11-f2a74ee686f4</sln:miejscIIPId><sln:miejscIIPPn>PL.PZGIK.200</sln:miejscIIPPn><sln:miejscIIPWersja>2016-11-24T13:49:15+02:00</sln:miejscIIPWersja><sln:miejscIdTeryt>0503445</sln:miejscIdTeryt><sln:miejscNIIPId>03ddd270-f92e-4e70-aca4-c4235fc20218</sln:miejscNIIPId><sln:miejscNIIPPn>PL.PZGIK.200</sln:miejscNIIPPn><sln:miejscNIIPWersja>2016-11-24T13:32:57+02:00</sln:miejscNIIPWersja><sln:miejscNIdTeryt>0503439</sln:miejscNIdTeryt><sln:miejscNNazwa>Warmątowice</sln:miejscNNazwa><sln:miejscNRodzaj>Wieś</sln:miejscNRodzaj><sln:miejscNazwa>Kaczorownia</sln:miejscNazwa><sln:miejscRodzaj>Osada</sln:miejscRodzaj><sln:powIIPId>2cb9f766-42de-4147-8a13-eb46789dca16</sln:powIIPId><sln:powIIPPn>PL.PZGIK.200</sln:powIIPPn><sln:powIIPWersja>2012-09-27T08:58:33+02:00</sln:powIIPWersja><sln:powIdTeryt>1611</sln:powIdTeryt><sln:powNazwa>strzelecki</sln:powNazwa><sln:wojIIPId>9bd0c42a-ca40-4b7d-9b5b-81aae3398015</sln:wojIIPId><sln:wojIIPPn>PL.PZGIK.200</sln:wojIIPPn><sln:wojIIPWersja>2017-10-10T00:00:00+02:00</sln:wojIIPWersja><sln:wojIdTeryt>16</sln:wojIdTeryt><sln:wojNazwa>opolskie</sln:wojNazwa></sln:miejscowosc><sln:miejscowosc><sln:cyklZyciaOd>2012-04-26T00:00:00+02:00</sln:cyklZyciaOd><sln:gmIIPId>bd250d47-0dc6-49b1-9117-97691b69a191</sln:gmIIPId><sln:gmIIPPn>PL.PZGIK.200</sln:gmIIPPn><sln:gmIIPWersja>2012-09-26T21:59:59+02:00</sln:gmIIPWersja><sln:gmIdTeryt>1611053</sln:gmIdTeryt><sln:gmNazwa>Strzelce Opolskie</sln:gmNazwa><sln:miejscIIPId>bde5f4b1-3b66-4db0-a405-b9ee9608abc4</sln:miejscIIPId><sln:miejscIIPPn>PL.PZGIK.200</sln:miejscIIPPn><sln:miejscIIPWersja>2016-11-24T13:54:32+02:00</sln:miejscIIPWersja><sln:miejscIdTeryt>0503095</sln:miejscIdTeryt><sln:miejscNIIPId>a2160180-eae2-42f6-92e0-1dcf467af316</sln:miejscNIIPId><sln:miejscNIIPPn>PL.PZGIK.200</sln:miejscNIIPPn><sln:miejscNIIPWersja>2016-11-24T13:38:00+02:00</sln:miejscNIIPWersja><sln:miejscNIdTeryt>0503089</sln:miejscNIdTeryt><sln:miejscNNazwa>Grodzisko</sln:miejscNNazwa><sln:miejscNRodzaj>Wieś</sln:miejscNRodzaj><sln:miejscNazwa>Dołki</sln:miejscNazwa><sln:miejscRodzaj>Inny obiekt</sln:miejscRodzaj><sln:powIIPId>2cb9f766-42de-4147-8a13-eb46789dca16</sln:powIIPId><sln:powIIPPn>PL.PZGIK.200</sln:powIIPPn><sln:powIIPWersja>2012-09-27T08:58:33+02:00</sln:powIIPWersja><sln:powIdTeryt>1611</sln:powIdTeryt><sln:powNazwa>strzelecki</sln:powNazwa><sln:wojIIPId>9bd0c42a-ca40-4b7d-9b5b-81aae3398015</sln:wojIIPId><sln:wojIIPPn>PL.PZGIK.200</sln:wojIIPPn><sln:wojIIPWersja>2017-10-10T00:00:00+02:00</sln:wojIIPWersja><sln:wojIdTeryt>16</sln:wojIdTeryt><sln:wojNazwa>opolskie</sln:wojNazwa></sln:miejscowosc><sln:miejscowosc><sln:cyklZyciaOd>2012-04-26T00:00:00+02:00</sln:cyklZyciaOd><sln:gmIIPId>bd250d47-0dc6-49b1-9117-97691b69a191</sln:gmIIPId><sln:gmIIPPn>PL.PZGIK.200</sln:gmIIPPn><sln:gmIIPWersja>2012-09-26T21:59:59+02:00</sln:gmIIPWersja><sln:gmIdTeryt>1611053</sln:gmIdTeryt><sln:gmNazwa>Strzelce Opolskie</sln:gmNazwa><sln:miejscIIPId>d72ea093-e853-4efc-bd3a-b728e5649fc1</sln:miejscIIPId><sln:miejscIIPPn>PL.PZGIK.200</sln:miejscIIPPn><sln:miejscIIPWersja>2016-11-24T13:54:32+02:00</sln:miejscIIPWersja><sln:miejscIdTeryt>0503110</sln:miejscIdTeryt><sln:miejscNIIPId>a2160180-eae2-42f6-92e0-1dcf467af316</sln:miejscNIIPId><sln:miejscNIIPPn>PL.PZGIK.200</sln:miejscNIIPPn><sln:miejscNIIPWersja>2016-11-24T13:38:00+02:00</sln:miejscNIIPWersja><sln:miejscNIdTeryt>0503089</sln:miejscNIdTeryt><sln:miejscNNazwa>Grodzisko</sln:miejscNNazwa><sln:miejscNRodzaj>Wieś</sln:miejscNRodzaj><sln:miejscNazwa>Breguła</sln:miejscNazwa><sln:miejscRodzaj>Przysiółek</sln:miejscRodzaj><sln:powIIPId>2cb9f766-42de-4147-8a13-eb46789dca16</sln:powIIPId><sln:powIIPPn>PL.PZGIK.200</sln:powIIPPn><sln:powIIPWersja>2012-09-27T08:58:33+02:00</sln:powIIPWersja><sln:powIdTeryt>1611</sln:powIdTeryt><sln:powNazwa>strzelecki</sln:powNazwa><sln:wojIIPId>9bd0c42a-ca40-4b7d-9b5b-81aae3398015</sln:wojIIPId><sln:wojIIPPn>PL.PZGIK.200</sln:wojIIPPn><sln:wojIIPWersja>2017-10-10T00:00:00+02:00</sln:wojIIPWersja><sln:wojIdTeryt>16</sln:wojIdTeryt><sln:wojNazwa>opolskie</sln:wojNazwa></sln:miejscowosc></sln:lista-miejscowosci>