<?xml version="1.0" encoding="UTF-8" standalone="yes"?><sln:lista-miejscowosci xmlns:srv="http://gugik.gov.pl/schemas/slowniki-service/1.0" xmlns:sln="http://gugik.gov.pl/schemas/slowniki-schema/1.0"><sln:miejscowosc><sln:cyklZyciaOd>2014-10-10T00:00:00+02:00</sln:cyklZyciaOd><sln:gmIIPId>6e688cf3-48dc-4c50-be84-fb3c5d37ca79</sln:gmIIPId><sln:gmIIPPn>PL.PZGIK.200</sln:gmIIPPn><sln:gmIIPWersja>2012-09-26T22:22:14+02:00</sln:gmIIPWersja><sln:gmIdTeryt>2802072</sln:gmIdTeryt><sln:gmNazwa>Wilczęta</sln:gmNazwa><sln:miejscIIPId>95facec4-a919-4eec-9c71-ffa45062ad4d</sln:miejscIIPId><sln:miejscIIPPn>PL.PZGIK.200</sln:miejscIIPPn><sln:miejscIIPWersja>2016-11-24T13:26:28+02:00</sln:miejscIIPWersja><sln:miejscIdTeryt>0159255</sln:miejscIdTeryt><sln:miejscNazwa>Bronki</sln:miejscNazwa><sln:miejscRodzaj>Wieś</sln:miejscRodzaj><sln:powIIPId>c30a8930-5d33-4129-9d64-f227367db167</sln:powIIPId><sln:powIIPPn>PL.PZGIK.200</sln:powIIPPn><sln:powIIPWersja>2012-09-27T10:00:59+02:00</sln:powIIPWersja><sln:powIdTeryt>2802</sln:powIdTeryt><sln:powNazwa>braniewski</sln:powNazwa><sln:wojIIPId>45e7cfc6-6d8b-42ff-acbd-ef1d0a53dacb</sln:wojIIPId><sln:wojIIPPn>PL.PZGIK.200</sln:wojIIPPn><sln:wojIIPWersja>2012-09-27T13:45:13+02:00</sln:wojIIPWersja><sln:wojIdTeryt>28</sln:wojIdTeryt><sln:wojNazwa>warmińsko-mazurskie</sln:wojNazwa></sln:miejscowosc><sln:miejscowosc><sln:cyklZyciaOd>2014-10-10T00:00:00+02:00</sln:cyklZyciaOd><sln:gmIIPId>6e688cf3-48dc-4c50-be84-fb3c5d37ca79</sln:gmIIPId><sln:gmIIPPn>PL.PZGIK.200</sln:gmIIPPn><sln:gmIIPWersja>2012-09-26T22:22:14+02:00</sln:gmIIPWersja><sln:gmIdTeryt>2802072</sln:gmIdTeryt><sln:gmNazwa>Wilczęta</sln:gmNazwa><sln:miejscIIPId>8efcc7c2-298f-43dc-a4cd-17e2975187f0</sln:miejscIIPId><sln:miejscIIPPn>PL.PZGIK.200</sln:miejscIIPPn><sln:miejscIIPWersja>2016-11-24T13:26:28+02:00</sln:miejscIIPWersja><sln:miejscIdTeryt>0159440</sln:miejscIdTeryt><sln:miejscNazwa>Sopoty</sln:miejscNazwa><sln:miejscRodzaj>Wieś</sln:miejscRodzaj><sln:powIIPId>c30a8930-5d33-4129-9d64-f227367db167</sln:powIIPId><sln:powIIPPn>PL.PZGIK.200</sln:powIIPPn><sln:powIIPWersja>2012-09-27T10:00:59+02:00</sln:powIIPWersja><sln:powIdTeryt>2802</sln:powIdTeryt><sln:powNazwa>braniewski</sln:powNazwa><sln:wojIIPId>45e7cfc6-6d8b-42ff-acbd-ef1d0a53dacb</sln:wojIIPId><sln:wojIIPPn>PL.PZGIK.200</sln:wojIIPPn><sln:wojIIPWersja>2012-09-27T13:45:13+02:00</sln:wojIIPWersja><sln:wojIdTeryt>28</sln:wojIdTeryt><sln:wojNazwa>warmińsko-mazurskie</sln:wojNazwa></sln:miejscowosc><sln:miejscowosc><sln:cyklZyciaOd>2014-10-10T00:00:00+02:00</sln:cyklZyciaOd><sln:gmIIPId>6e688cf3-48dc-4c50-be84-fb3c5d37ca79</sln:gmIIPId><sln:gmIIPPn>PL.PZGIK.200</sln:gmIIPPn><sln:gmIIPWersja>2012-09-26T22:22:14+02:00</sln:gmIIPWersja><sln:gmIdTeryt>2802072</sln:gmIdTeryt><sln:gmNazwa>Wilczęta</sln:gmNazwa><sln:miejscIIPId>0972fe31-d7e7-4375-b8f3-b04e7d455ff6</sln:miejscIIPId><sln:miejscIIPPn>PL.PZGIK.200</sln:miejscIIPPn><sln:miejscIIPWersja>2016-11-24T13:26:28+02:00</sln:miejscIIPWersja><sln:miejscIdTeryt>5000463</sln:miejscIdTeryt><sln:miejscNazwa>Kolonia Sopoty</sln:miejscNazwa><sln:miejscRodzaj>Kolonia</sln:miejscRodzaj><sln:powIIPId>c30a8930-5d33-4129-9d64-f227367db167</sln:powIIPId><sln:powIIPPn>PL.PZGIK.200</sln:powIIPPn><sln:powIIPWersja>2012-09-27T10:00:59+02:00</sln:powIIPWersja><sln:powIdTeryt>2802</sln:powIdTeryt><sln:powNazwa>braniewski</sln:powNazwa><sln:wojIIPId>45e7cfc6-6d8b-42ff-acbd-ef1d0a53dacb</sln:wojIIPId><sln:wojIIPPn>PL.PZGIK.200</sln:wojIIPPn><sln:wojIIPWersja>2012-09-27T13:45:13+02:00</sln:wojIIPWersja><sln:wojIdTeryt>28</sln:wojIdTeryt><sln:wojNazwa>warmińsko-mazurskie</sln:wojNazwa></sln:miejscowosc><sln:miejscowosc><sln:cyklZyciaOd>2014-10-10T00:00:00+02:00</sln:cyklZyciaOd><sln:gmIIPId>6e688cf3-48dc-4c50-be84-fb3c5d37ca79</sln:gmIIPId><sln:gmIIPPn>PL.PZGIK.200</sln:gmIIPPn><sln:gmIIPWersja>2012-09-26T22:22:14+02:00</sln:gmIIPWersja><sln:gmIdTeryt>2802072</sln:gmIdTeryt><sln:gmNazwa>Wilczęta</sln:gmNazwa><sln:miejscIIPId>3fefa327-e154-462d-90be-5c36abcf8f5e</sln:miejscIIPId><sln:miejscIIPPn>PL.PZGIK.200</sln:miejscIIPPn><sln:miejscIIPWersja>2016-11-24T13:26:28+02:00</sln:miejscIIPWersja><sln:miejscIdTeryt>4000287</sln:miejscIdTeryt><sln:miejscNazwa>Slobity</sln:miejscNazwa><sln:miejscRodzaj>Leśniczówka</sln:miejscRodzaj><sln:powIIPId>c30a8930-5d33-4129-9d64-f227367db167</sln:powIIPId><sln:powIIPPn>PL.PZGIK.200</sln:powIIPPn><sln:powIIPWersja>2012-09-27T10:00:59+02:00</sln:powIIPWersja><sln:powIdTeryt>2802</sln:powIdTeryt><sln:powNazwa>braniewski</sln:powNazwa><sln:wojIIPId>45e7cfc6-6d8b-42ff-acbd-ef1d0a53dacb</sln:wojIIPId><sln:wojIIPPn>PL.PZGIK.200</sln:wojIIPPn><sln:wojIIPWersja>2012-09-27T13:45:13+02:00</sln:wojIIPWersja><sln:wojIdTeryt>28</sln:wojIdTeryt><sln:wojNazwa>warmińsko-mazurskie</sln:wojNazwa></sln:miejscowosc><sln:miejscowosc><sln:cyklZyciaOd>2014-10-10T00:00:00+02:00</sln:cyklZyciaOd><sln:gmIIPId>6e688cf3-48dc-4c50-be84-fb3c5d37ca79</sln:gmIIPId><sln:gmIIPPn>PL.PZGIK.200</sln:gmIIPPn><sln:gmIIPWersja>2012-09-26T22:22:14+02:00</sln:gmIIPWersja><sln:gmIdTeryt>2802072</sln:gmIdTeryt><sln:gmNazwa>Wilczęta</sln:gmNazwa><sln:miejscIIPId>c8bb1713-89f2-407b-b811-45acdc8953bf</sln:miejscIIPId><sln:miejscIIPPn>PL.PZGIK.200</sln:miejscIIPPn><sln:miejscIIPWersja>2016-11-24T13:26:29+02:00</sln:miejscIIPWersja><sln:miejscIdTeryt>0159433</sln:miejscIdTeryt><sln:miejscNazwa>Karpówek</sln:miejscNazwa><sln:miejscRodzaj>Osada</sln:miejscRodzaj><sln:powIIPId>c30a8930-5d33-4129-9d64-f227367db167</sln:powIIPId><sln:powIIPPn>PL.PZGIK.200</sln:powIIPPn><sln:powIIPWersja>2012-09-27T10:00:59+02:00</sln:powIIPWersja><sln:powIdTeryt>2802</sln:powIdTeryt><sln:powNazwa>braniewski</sln:powNazwa><sln:wojIIPId>45e7cfc6-6d8b-42ff-acbd-ef1d0a53dacb</sln:wojIIPId><sln:wojIIPPn>PL.PZGIK.200</sln:wojIIPPn><sln:wojIIPWersja>2012-09-27T13:45:13+02:00</sln:wojIIPWersja><sln:wojIdTeryt>28</sln:wojIdTeryt><sln:wojNazwa>warmińsko-mazurskie</sln:wojNazwa></sln:miejscowosc><sln:miejscowosc><sln:cyklZyciaOd>2014-10-10T00:00:00+02:00</sln:cyklZyciaOd><sln:gmIIPId>6e688cf3-48dc-4c50-be84-fb3c5d37ca79</sln:gmIIPId><sln:gmIIPPn>PL.PZGIK.200</sln:gmIIPPn><sln:gmIIPWersja>2012-09-26T22:22:14+02:00</sln:gmIIPWersja><sln:gmIdTeryt>2802072</sln:gmIdTeryt><sln:gmNazwa>Wilczęta</sln:gmNazwa><sln:miejscIIPId>ae958d5d-219a-408b-9b80-fc1b449640c3</sln:miejscIIPId><sln:miejscIIPPn>PL.PZGIK.200</sln:miejscIIPPn><sln:miejscIIPWersja>2016-11-24T13:26:29+02:00</sln:miejscIIPWersja><sln:miejscIdTeryt>0159427</sln:miejscIdTeryt><sln:miejscNazwa>Słobity</sln:miejscNazwa><sln:miejscRodzaj>Osada</sln:miejscRodzaj><sln:powIIPId>c30a8930-5d33-4129-9d64-f227367db167</sln:powIIPId><sln:powIIPPn>PL.PZGIK.200</sln:powIIPPn><sln:powIIPWersja>2012-09-27T10:00:59+02:00</sln:powIIPWersja><sln:powIdTeryt>2802</sln:powIdTeryt><sln:powNazwa>braniewski</sln:powNazwa><sln:wojIIPId>45e7cfc6-6d8b-42ff-acbd-ef1d0a53dacb</sln:wojIIPId><sln:wojIIPPn>PL.PZGIK.200</sln:wojIIPPn><sln:wojIIPWersja>2012-09-27T13:45:13+02:00</sln:wojIIPWersja><sln:wojIdTeryt>28</sln:wojIdTeryt><sln:wojNazwa>warmińsko-mazurskie</sln:wojNazwa></sln:miejscowosc><sln:miejscowosc><sln:cyklZyciaOd>2014-10-10T00:00:00+02:00</sln:cyklZyciaOd><sln:gmIIPId>6e688cf3-48dc-4c50-be84-fb3c5d37ca79</sln:gmIIPId><sln:gmIIPPn>PL.PZGIK.200</sln:gmIIPPn><sln:gmIIPWersja>2012-09-26T22:22:14+02:00</sln:gmIIPWersja><sln:gmIdTeryt>2802072</sln:gmIdTeryt><sln:gmNazwa>Wilczęta</sln:gmNazwa><sln:miejscIIPId>c8932fb0-f718-4d2f-82a5-6c6933a32127</sln:miejscIIPId><sln:miejscIIPPn>PL.PZGIK.200</sln:miejscIIPPn><sln:miejscIIPWersja>2016-11-24T13:26:29+02:00</sln:miejscIIPWersja><sln:miejscIdTeryt>5002772</sln:miejscIdTeryt><sln:miejscNazwa>Olesnica</sln:miejscNazwa><sln:miejscRodzaj>Kolonia</sln:miejscRodzaj><sln:powIIPId>c30a8930-5d33-4129-9d64-f227367db167</sln:powIIPId><sln:powIIPPn>PL.PZGIK.200</sln:powIIPPn><sln:powIIPWersja>2012-09-27T10:00:59+02:00</sln:powIIPWersja><sln:powIdTeryt>2802</sln:powIdTeryt><sln:powNazwa>braniewski</sln:powNazwa><sln:wojIIPId>45e7cfc6-6d8b-42ff-acbd-ef1d0a53dacb</sln:wojIIPId><sln:wojIIPPn>PL.PZGIK.200</sln:wojIIPPn><sln:wojIIPWersja>2012-09-27T13:45:13+02:00</sln:wojIIPWersja><sln:wojIdTeryt>28</sln:wojIdTeryt><sln:wojNazwa>warmińsko-mazurskie</sln:wojNazwa></sln:miejscowosc><sln:miejscowosc><sln:cyklZyciaOd>2014-10-10T00:00:00+02:00</sln:cyklZyciaOd><sln:gmIIPId>6e688cf3-48dc-4c50-be84-fb3c5d37ca79</sln:gmIIPId><sln:gmIIPPn>PL.PZGIK.200</sln:gmIIPPn><sln:gmIIPWersja>2012-09-26T22:22:14+02:00</sln:gmIIPWersja><sln:gmIdTeryt>2802072</sln:gmIdTeryt><sln:gmNazwa>Wilczęta</sln:gmNazwa><sln:miejscIIPId>e4867444-34a0-47b8-954f-5a4eb727d26b</sln:miejscIIPId><sln:miejscIIPPn>PL.PZGIK.200</sln:miejscIIPPn><sln:miejscIIPWersja>2016-11-24T13:26:29+02:00</sln:miejscIIPWersja><sln:miejscIdTeryt>0159380</sln:miejscIdTeryt><sln:miejscNazwa>Lipowa</sln:miejscNazwa><sln:miejscRodzaj>Osada</sln:miejscRodzaj><sln:powIIPId>c30a8930-5d33-4129-9d64-f227367db167</sln:powIIPId><sln:powIIPPn>PL.PZGIK.200</sln:powIIPPn><sln:powIIPWersja>2012-09-27T10:00:59+02:00</sln:powIIPWersja><sln:powIdTeryt>2802</sln:powIdTeryt><sln:powNazwa>braniewski</sln:powNazwa><sln:wojIIPId>45e7cfc6-6d8b-42ff-acbd-ef1d0a53dacb</sln:wojIIPId><sln:wojIIPPn>PL.PZGIK.200</sln:wojIIPPn><sln:wojIIPWersja>2012-09-27T13:45:13+02:00</sln:wojIIPWersja><sln:wojIdTeryt>28</sln:wojIdTeryt><sln:wojNazwa>warmińsko-mazurskie</sln:wojNazwa></sln:miejscowosc><sln:miejscowosc><sln:cyklZyciaOd>2014-10-10T00:00:00+02:00</sln:cyklZyciaOd><sln:gmIIPId>6e688cf3-48dc-4c50-be84-fb3c5d37ca79</sln:gmIIPId><sln:gmIIPPn>PL.PZGIK.200</sln:gmIIPPn><sln:gmIIPWersja>2012-09-26T22:22:14+02:00</sln:gmIIPWersja><sln:gmIdTeryt>2802072</sln:gmIdTeryt><sln:gmNazwa>Wilczęta</sln:gmNazwa><sln:miejscIIPId>6e74e631-bb22-49b0-9d9e-6f90e830d40d</sln:miejscIIPId><sln:miejscIIPPn>PL.PZGIK.200</sln:miejscIIPPn><sln:miejscIIPWersja>2016-11-24T13:26:29+02:00</sln:miejscIIPWersja><sln:miejscIdTeryt>0159309</sln:miejscIdTeryt><sln:miejscNazwa>Słobity-Stacja</sln:miejscNazwa><sln:miejscRodzaj>Osada</sln:miejscRodzaj><sln:powIIPId>c30a8930-5d33-4129-9d64-f227367db167</sln:powIIPId><sln:powIIPPn>PL.PZGIK.200</sln:powIIPPn><sln:powIIPWersja>2012-09-27T10:00:59+02:00</sln:powIIPWersja><sln:powIdTeryt>2802</sln:powIdTeryt><sln:powNazwa>braniewski</sln:powNazwa><sln:wojIIPId>45e7cfc6-6d8b-42ff-acbd-ef1d0a53dacb</sln:wojIIPId><sln:wojIIPPn>PL.PZGIK.200</sln:wojIIPPn><sln:wojIIPWersja>2012-09-27T13:45:13+02:00</sln:wojIIPWersja><sln:wojIdTeryt>28</sln:wojIdTeryt><sln:wojNazwa>warmińsko-mazurskie</sln:wojNazwa></sln:miejscowosc><sln:miejscowosc><sln:cyklZyciaOd>2014-10-10T00:00:00+02:00</sln:cyklZyciaOd><sln:gmIIPId>6e688cf3-48dc-4c50-be84-fb3c5d37ca79</sln:gmIIPId><sln:gmIIPPn>PL.PZGIK.200</sln:gmIIPPn><sln:gmIIPWersja>2012-09-26T22:22:14+02:00</sln:gmIIPWersja><sln:gmIdTeryt>2802072</sln:gmIdTeryt><sln:gmNazwa>Wilczęta</sln:gmNazwa><sln:miejscIIPId>bdd38a84-f51d-460a-8faa-d0788611e5f7</sln:miejscIIPId><sln:miejscIIPPn>PL.PZGIK.200</sln:miejscIIPPn><sln:miejscIIPWersja>2016-11-24T13:26:29+02:00</sln:miejscIIPWersja><sln:miejscIdTeryt>0159290</sln:miejscIdTeryt><sln:miejscNazwa>Górski Las</sln:miejscNazwa><sln:miejscRodzaj>Osada</sln:miejscRodzaj><sln:powIIPId>c30a8930-5d33-4129-9d64-f227367db167</sln:powIIPId><sln:powIIPPn>PL.PZGIK.200</sln:powIIPPn><sln:powIIPWersja>2012-09-27T10:00:59+02:00</sln:powIIPWersja><sln:powIdTeryt>2802</sln:powIdTeryt><sln:powNazwa>braniewski</sln:powNazwa><sln:wojIIPId>45e7cfc6-6d8b-42ff-acbd-ef1d0a53dacb</sln:wojIIPId><sln:wojIIPPn>PL.PZGIK.200</sln:wojIIPPn><sln:wojIIPWersja>2012-09-27T13:45:13+02:00</sln:wojIIPWersja><sln:wojIdTeryt>28</sln:wojIdTeryt><sln:wojNazwa>warmińsko-mazurskie</sln:wojNazwa></sln:miejscowosc><sln:miejscowosc><sln:cyklZyciaOd>2014-10-10T00:00:00+02:00</sln:cyklZyciaOd><sln:gmIIPId>6e688cf3-48dc-4c50-be84-fb3c5d37ca79</sln:gmIIPId><sln:gmIIPPn>PL.PZGIK.200</sln:gmIIPPn><sln:gmIIPWersja>2012-09-26T22:22:14+02:00</sln:gmIIPWersja><sln:gmIdTeryt>2802072</sln:gmIdTeryt><sln:gmNazwa>Wilczęta</sln:gmNazwa><sln:miejscIIPId>fce0eae5-a0ff-42be-9be4-3b9590dea87a</sln:miejscIIPId><sln:miejscIIPPn>PL.PZGIK.200</sln:miejscIIPPn><sln:miejscIIPWersja>2016-11-24T13:26:29+02:00</sln:miejscIIPWersja><sln:miejscIdTeryt>0159462</sln:miejscIdTeryt><sln:miejscNazwa>Spędy</sln:miejscNazwa><sln:miejscRodzaj>Osada</sln:miejscRodzaj><sln:powIIPId>c30a8930-5d33-4129-9d64-f227367db167</sln:powIIPId><sln:powIIPPn>PL.PZGIK.200</sln:powIIPPn><sln:powIIPWersja>2012-09-27T10:00:59+02:00</sln:powIIPWersja><sln:powIdTeryt>2802</sln:powIdTeryt><sln:powNazwa>braniewski</sln:powNazwa><sln:wojIIPId>45e7cfc6-6d8b-42ff-acbd-ef1d0a53dacb</sln:wojIIPId><sln:wojIIPPn>PL.PZGIK.200</sln:wojIIPPn><sln:wojIIPWersja>2012-09-27T13:45:13+02:00</sln:wojIIPWersja><sln:wojIdTeryt>28</sln:wojIdTeryt><sln:wojNazwa>warmińsko-mazurskie</sln:wojNazwa></sln:miejscowosc><sln:miejscowosc><sln:cyklZyciaOd>2014-10-10T00:00:00+02:00</sln:cyklZyciaOd><sln:gmIIPId>6e688cf3-48dc-4c50-be84-fb3c5d37ca79</sln:gmIIPId><sln:gmIIPPn>PL.PZGIK.200</sln:gmIIPPn><sln:gmIIPWersja>2012-09-26T22:22:14+02:00</sln:gmIIPWersja><sln:gmIdTeryt>2802072</sln:gmIdTeryt><sln:gmNazwa>Wilczęta</sln:gmNazwa><sln:miejscIIPId>f6afe530-5d35-4d51-bc15-b60443a8ebe6</sln:miejscIIPId><sln:miejscIIPPn>PL.PZGIK.200</sln:miejscIIPPn><sln:miejscIIPWersja>2016-11-24T13:26:29+02:00</sln:miejscIIPWersja><sln:miejscIdTeryt>0159321</sln:miejscIdTeryt><sln:miejscNazwa>Tatarki</sln:miejscNazwa><sln:miejscRodzaj>Osada</sln:miejscRodzaj><sln:powIIPId>c30a8930-5d33-4129-9d64-f227367db167</sln:powIIPId><sln:powIIPPn>PL.PZGIK.200</sln:powIIPPn><sln:powIIPWersja>2012-09-27T10:00:59+02:00</sln:powIIPWersja><sln:powIdTeryt>2802</sln:powIdTeryt><sln:powNazwa>braniewski</sln:powNazwa><sln:wojIIPId>45e7cfc6-6d8b-42ff-acbd-ef1d0a53dacb</sln:wojIIPId><sln:wojIIPPn>PL.PZGIK.200</sln:wojIIPPn><sln:wojIIPWersja>2012-09-27T13:45:13+02:00</sln:wojIIPWersja><sln:wojIdTeryt>28</sln:wojIdTeryt><sln:wojNazwa>warmińsko-mazurskie</sln:wojNazwa></sln:miejscowosc><sln:miejscowosc><sln:cyklZyciaOd>2014-10-10T00:00:00+02:00</sln:cyklZyciaOd><sln:gmIIPId>6e688cf3-48dc-4c50-be84-fb3c5d37ca79</sln:gmIIPId><sln:gmIIPPn>PL.PZGIK.200</sln:gmIIPPn><sln:gmIIPWersja>2012-09-26T22:22:14+02:00</sln:gmIIPWersja><sln:gmIdTeryt>2802072</sln:gmIdTeryt><sln:gmNazwa>Wilczęta</sln:gmNazwa><sln:miejscIIPId>f9aabf9e-cdb0-45de-8aa6-c444fa28269d</sln:miejscIIPId><sln:miejscIIPPn>PL.PZGIK.200</sln:miejscIIPPn><sln:miejscIIPWersja>2016-11-24T13:26:29+02:00</sln:miejscIIPWersja><sln:miejscIdTeryt>0159315</sln:miejscIdTeryt><sln:miejscNazwa>Jankówko</sln:miejscNazwa><sln:miejscRodzaj>Osada</sln:miejscRodzaj><sln:powIIPId>c30a8930-5d33-4129-9d64-f227367db167</sln:powIIPId><sln:powIIPPn>PL.PZGIK.200</sln:powIIPPn><sln:powIIPWersja>2012-09-27T10:00:59+02:00</sln:powIIPWersja><sln:powIdTeryt>2802</sln:powIdTeryt><sln:powNazwa>braniewski</sln:powNazwa><sln:wojIIPId>45e7cfc6-6d8b-42ff-acbd-ef1d0a53dacb</sln:wojIIPId><sln:wojIIPPn>PL.PZGIK.200</sln:wojIIPPn><sln:wojIIPWersja>2012-09-27T13:45:13+02:00</sln:wojIIPWersja><sln:wojIdTeryt>28</sln:wojIdTeryt><sln:wojNazwa>warmińsko-mazurskie</sln:wojNazwa></sln:miejscowosc><sln:miejscowosc><sln:cyklZyciaOd>2014-10-10T00:00:00+02:00</sln:cyklZyciaOd><sln:gmIIPId>6e688cf3-48dc-4c50-be84-fb3c5d37ca79</sln:gmIIPId><sln:gmIIPPn>PL.PZGIK.200</sln:gmIIPPn><sln:gmIIPWersja>2012-09-26T22:22:14+02:00</sln:gmIIPWersja><sln:gmIdTeryt>2802072</sln:gmIdTeryt><sln:gmNazwa>Wilczęta</sln:gmNazwa><sln:miejscIIPId>2ce110da-17be-4835-98ad-82a5a7c3618e</sln:miejscIIPId><sln:miejscIIPPn>PL.PZGIK.200</sln:miejscIIPPn><sln:miejscIIPWersja>2016-11-24T13:26:29+02:00</sln:miejscIIPWersja><sln:miejscIdTeryt>0159338</sln:miejscIdTeryt><sln:miejscNazwa>Karwiny</sln:miejscNazwa><sln:miejscRodzaj>Osada</sln:miejscRodzaj><sln:powIIPId>c30a8930-5d33-4129-9d64-f227367db167</sln:powIIPId><sln:powIIPPn>PL.PZGIK.200</sln:powIIPPn><sln:powIIPWersja>2012-09-27T10:00:59+02:00</sln:powIIPWersja><sln:powIdTeryt>2802</sln:powIdTeryt><sln:powNazwa>braniewski</sln:powNazwa><sln:wojIIPId>45e7cfc6-6d8b-42ff-acbd-ef1d0a53dacb</sln:wojIIPId><sln:wojIIPPn>PL.PZGIK.200</sln:wojIIPPn><sln:wojIIPWersja>2012-09-27T13:45:13+02:00</sln:wojIIPWersja><sln:wojIdTeryt>28</sln:wojIdTeryt><sln:wojNazwa>warmińsko-mazurskie</sln:wojNazwa></sln:miejscowosc><sln:miejscowosc><sln:cyklZyciaOd>2014-10-10T00:00:00+02:00</sln:cyklZyciaOd><sln:gmIIPId>6e688cf3-48dc-4c50-be84-fb3c5d37ca79</sln:gmIIPId><sln:gmIIPPn>PL.PZGIK.200</sln:gmIIPPn><sln:gmIIPWersja>2012-09-26T22:22:14+02:00</sln:gmIIPWersja><sln:gmIdTeryt>2802072</sln:gmIdTeryt><sln:gmNazwa>Wilczęta</sln:gmNazwa><sln:miejscIIPId>f16578b9-8b94-405c-89a9-1830b434fa79</sln:miejscIIPId><sln:miejscIIPPn>PL.PZGIK.200</sln:miejscIIPPn><sln:miejscIIPWersja>2016-11-24T13:26:29+02:00</sln:miejscIIPWersja><sln:miejscIdTeryt>0159284</sln:miejscIdTeryt><sln:miejscNazwa>Góry</sln:miejscNazwa><sln:miejscRodzaj>Osada</sln:miejscRodzaj><sln:powIIPId>c30a8930-5d33-4129-9d64-f227367db167</sln:powIIPId><sln:powIIPPn>PL.PZGIK.200</sln:powIIPPn><sln:powIIPWersja>2012-09-27T10:00:59+02:00</sln:powIIPWersja><sln:powIdTeryt>2802</sln:powIdTeryt><sln:powNazwa>braniewski</sln:powNazwa><sln:wojIIPId>45e7cfc6-6d8b-42ff-acbd-ef1d0a53dacb</sln:wojIIPId><sln:wojIIPPn>PL.PZGIK.200</sln:wojIIPPn><sln:wojIIPWersja>2012-09-27T13:45:13+02:00</sln:wojIIPWersja><sln:wojIdTeryt>28</sln:wojIdTeryt><sln:wojNazwa>warmińsko-mazurskie</sln:wojNazwa></sln:miejscowosc><sln:miejscowosc><sln:cyklZyciaOd>2014-10-10T00:00:00+02:00</sln:cyklZyciaOd><sln:gmIIPId>6e688cf3-48dc-4c50-be84-fb3c5d37ca79</sln:gmIIPId><sln:gmIIPPn>PL.PZGIK.200</sln:gmIIPPn><sln:gmIIPWersja>2012-09-26T22:22:14+02:00</sln:gmIIPWersja><sln:gmIdTeryt>2802072</sln:gmIdTeryt><sln:gmNazwa>Wilczęta</sln:gmNazwa><sln:miejscIIPId>701a462b-e505-4182-a7b0-115c8feb03c2</sln:miejscIIPId><sln:miejscIIPPn>PL.PZGIK.200</sln:miejscIIPPn><sln:miejscIIPWersja>2016-11-24T13:26:29+02:00</sln:miejscIIPWersja><sln:miejscIdTeryt>0159344</sln:miejscIdTeryt><sln:miejscNazwa>Dębień</sln:miejscNazwa><sln:miejscRodzaj>Osada</sln:miejscRodzaj><sln:powIIPId>c30a8930-5d33-4129-9d64-f227367db167</sln:powIIPId><sln:powIIPPn>PL.PZGIK.200</sln:powIIPPn><sln:powIIPWersja>2012-09-27T10:00:59+02:00</sln:powIIPWersja><sln:powIdTeryt>2802</sln:powIdTeryt><sln:powNazwa>braniewski</sln:powNazwa><sln:wojIIPId>45e7cfc6-6d8b-42ff-acbd-ef1d0a53dacb</sln:wojIIPId><sln:wojIIPPn>PL.PZGIK.200</sln:wojIIPPn><sln:wojIIPWersja>2012-09-27T13:45:13+02:00</sln:wojIIPWersja><sln:wojIdTeryt>28</sln:wojIdTeryt><sln:wojNazwa>warmińsko-mazurskie</sln:wojNazwa></sln:miejscowosc><sln:miejscowosc><sln:cyklZyciaOd>2014-10-10T00:00:00+02:00</sln:cyklZyciaOd><sln:gmIIPId>6e688cf3-48dc-4c50-be84-fb3c5d37ca79</sln:gmIIPId><sln:gmIIPPn>PL.PZGIK.200</sln:gmIIPPn><sln:gmIIPWersja>2012-09-26T22:22:14+02:00</sln:gmIIPWersja><sln:gmIdTeryt>2802072</sln:gmIdTeryt><sln:gmNazwa>Wilczęta</sln:gmNazwa><sln:miejscIIPId>ace1c482-e4e0-4be5-93fe-643c14e0dca9</sln:miejscIIPId><sln:miejscIIPPn>PL.PZGIK.200</sln:miejscIIPPn><sln:miejscIIPWersja>2016-11-24T13:26:29+02:00</sln:miejscIIPWersja><sln:miejscIdTeryt>0159404</sln:miejscIdTeryt><sln:miejscNazwa>Chmielówka</sln:miejscNazwa><sln:miejscRodzaj>Inny obiekt</sln:miejscRodzaj><sln:powIIPId>c30a8930-5d33-4129-9d64-f227367db167</sln:powIIPId><sln:powIIPPn>PL.PZGIK.200</sln:powIIPPn><sln:powIIPWersja>2012-09-27T10:00:59+02:00</sln:powIIPWersja><sln:powIdTeryt>2802</sln:powIdTeryt><sln:powNazwa>braniewski</sln:powNazwa><sln:wojIIPId>45e7cfc6-6d8b-42ff-acbd-ef1d0a53dacb</sln:wojIIPId><sln:wojIIPPn>PL.PZGIK.200</sln:wojIIPPn><sln:wojIIPWersja>2012-09-27T13:45:13+02:00</sln:wojIIPWersja><sln:wojIdTeryt>28</sln:wojIdTeryt><sln:wojNazwa>warmińsko-mazurskie</sln:wojNazwa></sln:miejscowosc><sln:miejscowosc><sln:cyklZyciaOd>2014-10-10T00:00:00+02:00</sln:cyklZyciaOd><sln:gmIIPId>6e688cf3-48dc-4c50-be84-fb3c5d37ca79</sln:gmIIPId><sln:gmIIPPn>PL.PZGIK.200</sln:gmIIPPn><sln:gmIIPWersja>2012-09-26T22:22:14+02:00</sln:gmIIPWersja><sln:gmIdTeryt>2802072</sln:gmIdTeryt><sln:gmNazwa>Wilczęta</sln:gmNazwa><sln:miejscIIPId>27daffbc-a8cd-4050-837a-40c24687f3fe</sln:miejscIIPId><sln:miejscIIPPn>PL.PZGIK.200</sln:miejscIIPPn><sln:miejscIIPWersja>2016-11-24T13:26:29+02:00</sln:miejscIIPWersja><sln:miejscIdTeryt>0159456</sln:miejscIdTeryt><sln:miejscNazwa>Sośnica</sln:miejscNazwa><sln:miejscRodzaj>Kolonia</sln:miejscRodzaj><sln:powIIPId>c30a8930-5d33-4129-9d64-f227367db167</sln:powIIPId><sln:powIIPPn>PL.PZGIK.200</sln:powIIPPn><sln:powIIPWersja>2012-09-27T10:00:59+02:00</sln:powIIPWersja><sln:powIdTeryt>2802</sln:powIdTeryt><sln:powNazwa>braniewski</sln:powNazwa><sln:wojIIPId>45e7cfc6-6d8b-42ff-acbd-ef1d0a53dacb</sln:wojIIPId><sln:wojIIPPn>PL.PZGIK.200</sln:wojIIPPn><sln:wojIIPWersja>2012-09-27T13:45:13+02:00</sln:wojIIPWersja><sln:wojIdTeryt>28</sln:wojIdTeryt><sln:wojNazwa>warmińsko-mazurskie</sln:wojNazwa></sln:miejscowosc><sln:miejscowosc><sln:cyklZyciaOd>2014-10-10T00:00:00+02:00</sln:cyklZyciaOd><sln:gmIIPId>6e688cf3-48dc-4c50-be84-fb3c5d37ca79</sln:gmIIPId><sln:gmIIPPn>PL.PZGIK.200</sln:gmIIPPn><sln:gmIIPWersja>2012-09-26T22:22:14+02:00</sln:gmIIPWersja><sln:gmIdTeryt>2802072</sln:gmIdTeryt><sln:gmNazwa>Wilczęta</sln:gmNazwa><sln:miejscIIPId>a73f89bf-fb4a-4964-b959-f7eb5b5c2725</sln:miejscIIPId><sln:miejscIIPPn>PL.PZGIK.200</sln:miejscIIPPn><sln:miejscIIPWersja>2016-11-24T13:26:28+02:00</sln:miejscIIPWersja><sln:miejscIdTeryt>5000838</sln:miejscIdTeryt><sln:miejscNazwa>Kolonia Wilczeta</sln:miejscNazwa><sln:miejscRodzaj>Kolonia</sln:miejscRodzaj><sln:powIIPId>c30a8930-5d33-4129-9d64-f227367db167</sln:powIIPId><sln:powIIPPn>PL.PZGIK.200</sln:powIIPPn><sln:powIIPWersja>2012-09-27T10:00:59+02:00</sln:powIIPWersja><sln:powIdTeryt>2802</sln:powIdTeryt><sln:powNazwa>braniewski</sln:powNazwa><sln:wojIIPId>45e7cfc6-6d8b-42ff-acbd-ef1d0a53dacb</sln:wojIIPId><sln:wojIIPPn>PL.PZGIK.200</sln:wojIIPPn><sln:wojIIPWersja>2012-09-27T13:45:13+02:00</sln:wojIIPWersja><sln:wojIdTeryt>28</sln:wojIdTeryt><sln:wojNazwa>warmińsko-mazurskie</sln:wojNazwa></sln:miejscowosc><sln:miejscowosc><sln:cyklZyciaOd>2014-10-10T00:00:00+02:00</sln:cyklZyciaOd><sln:gmIIPId>6e688cf3-48dc-4c50-be84-fb3c5d37ca79</sln:gmIIPId><sln:gmIIPPn>PL.PZGIK.200</sln:gmIIPPn><sln:gmIIPWersja>2012-09-26T22:22:14+02:00</sln:gmIIPWersja><sln:gmIdTeryt>2802072</sln:gmIdTeryt><sln:gmNazwa>Wilczęta</sln:gmNazwa><sln:miejscIIPId>aac97d2c-58a9-4e42-b8af-c2db7ed01838</sln:miejscIIPId><sln:miejscIIPPn>PL.PZGIK.200</sln:miejscIIPPn><sln:miejscIIPWersja>2016-11-24T13:26:28+02:00</sln:miejscIIPWersja><sln:miejscIdTeryt>4000366</sln:miejscIdTeryt><sln:miejscNazwa>Stepniewo</sln:miejscNazwa><sln:miejscRodzaj>Leśniczówka</sln:miejscRodzaj><sln:powIIPId>c30a8930-5d33-4129-9d64-f227367db167</sln:powIIPId><sln:powIIPPn>PL.PZGIK.200</sln:powIIPPn><sln:powIIPWersja>2012-09-27T10:00:59+02:00</sln:powIIPWersja><sln:powIdTeryt>2802</sln:powIdTeryt><sln:powNazwa>braniewski</sln:powNazwa><sln:wojIIPId>45e7cfc6-6d8b-42ff-acbd-ef1d0a53dacb</sln:wojIIPId><sln:wojIIPPn>PL.PZGIK.200</sln:wojIIPPn><sln:wojIIPWersja>2012-09-27T13:45:13+02:00</sln:wojIIPWersja><sln:wojIdTeryt>28</sln:wojIdTeryt><sln:wojNazwa>warmińsko-mazurskie</sln:wojNazwa></sln:miejscowosc><sln:miejscowosc><sln:cyklZyciaOd>2014-10-10T00:00:00+02:00</sln:cyklZyciaOd><sln:gmIIPId>6e688cf3-48dc-4c50-be84-fb3c5d37ca79</sln:gmIIPId><sln:gmIIPPn>PL.PZGIK.200</sln:gmIIPPn><sln:gmIIPWersja>2012-09-26T22:22:14+02:00</sln:gmIIPWersja><sln:gmIdTeryt>2802072</sln:gmIdTeryt><sln:gmNazwa>Wilczęta</sln:gmNazwa><sln:miejscIIPId>45f0dba8-7e37-4691-8d5f-b9efc3364c0b</sln:miejscIIPId><sln:miejscIIPPn>PL.PZGIK.200</sln:miejscIIPPn><sln:miejscIIPWersja>2016-11-24T13:26:28+02:00</sln:miejscIIPWersja><sln:miejscIdTeryt>4000346</sln:miejscIdTeryt><sln:miejscNazwa>Kolonia Stare Siedlisko</sln:miejscNazwa><sln:miejscRodzaj>Kolonia</sln:miejscRodzaj><sln:powIIPId>c30a8930-5d33-4129-9d64-f227367db167</sln:powIIPId><sln:powIIPPn>PL.PZGIK.200</sln:powIIPPn><sln:powIIPWersja>2012-09-27T10:00:59+02:00</sln:powIIPWersja><sln:powIdTeryt>2802</sln:powIdTeryt><sln:powNazwa>braniewski</sln:powNazwa><sln:wojIIPId>45e7cfc6-6d8b-42ff-acbd-ef1d0a53dacb</sln:wojIIPId><sln:wojIIPPn>PL.PZGIK.200</sln:wojIIPPn><sln:wojIIPWersja>2012-09-27T13:45:13+02:00</sln:wojIIPWersja><sln:wojIdTeryt>28</sln:wojIdTeryt><sln:wojNazwa>warmińsko-mazurskie</sln:wojNazwa></sln:miejscowosc><sln:miejscowosc><sln:cyklZyciaOd>2014-10-10T00:00:00+02:00</sln:cyklZyciaOd><sln:gmIIPId>6e688cf3-48dc-4c50-be84-fb3c5d37ca79</sln:gmIIPId><sln:gmIIPPn>PL.PZGIK.200</sln:gmIIPPn><sln:gmIIPWersja>2012-09-26T22:22:14+02:00</sln:gmIIPWersja><sln:gmIdTeryt>2802072</sln:gmIdTeryt><sln:gmNazwa>Wilczęta</sln:gmNazwa><sln:miejscIIPId>cd9d3359-3570-4c15-b626-b635d940ce50</sln:miejscIIPId><sln:miejscIIPPn>PL.PZGIK.200</sln:miejscIIPPn><sln:miejscIIPWersja>2016-11-24T13:26:28+02:00</sln:miejscIIPWersja><sln:miejscIdTeryt>0159479</sln:miejscIdTeryt><sln:miejscNazwa>Stare Siedlisko</sln:miejscNazwa><sln:miejscRodzaj>Wieś</sln:miejscRodzaj><sln:powIIPId>c30a8930-5d33-4129-9d64-f227367db167</sln:powIIPId><sln:powIIPPn>PL.PZGIK.200</sln:powIIPPn><sln:powIIPWersja>2012-09-27T10:00:59+02:00</sln:powIIPWersja><sln:powIdTeryt>2802</sln:powIdTeryt><sln:powNazwa>braniewski</sln:powNazwa><sln:wojIIPId>45e7cfc6-6d8b-42ff-acbd-ef1d0a53dacb</sln:wojIIPId><sln:wojIIPPn>PL.PZGIK.200</sln:wojIIPPn><sln:wojIIPWersja>2012-09-27T13:45:13+02:00</sln:wojIIPWersja><sln:wojIdTeryt>28</sln:wojIdTeryt><sln:wojNazwa>warmińsko-mazurskie</sln:wojNazwa></sln:miejscowosc><sln:miejscowosc><sln:cyklZyciaOd>2014-10-10T00:00:00+02:00</sln:cyklZyciaOd><sln:gmIIPId>6e688cf3-48dc-4c50-be84-fb3c5d37ca79</sln:gmIIPId><sln:gmIIPPn>PL.PZGIK.200</sln:gmIIPPn><sln:gmIIPWersja>2012-09-26T22:22:14+02:00</sln:gmIIPWersja><sln:gmIdTeryt>2802072</sln:gmIdTeryt><sln:gmNazwa>Wilczęta</sln:gmNazwa><sln:miejscIIPId>1f256a4c-5c94-400e-9653-27dacb9b5256</sln:miejscIIPId><sln:miejscIIPPn>PL.PZGIK.200</sln:miejscIIPPn><sln:miejscIIPWersja>2016-11-24T13:26:29+02:00</sln:miejscIIPWersja><sln:miejscIdTeryt>5000870</sln:miejscIdTeryt><sln:miejscNazwa>Wojewodówka</sln:miejscNazwa><sln:miejscRodzaj>Przysiółek</sln:miejscRodzaj><sln:powIIPId>c30a8930-5d33-4129-9d64-f227367db167</sln:powIIPId><sln:powIIPPn>PL.PZGIK.200</sln:powIIPPn><sln:powIIPWersja>2012-09-27T10:00:59+02:00</sln:powIIPWersja><sln:powIdTeryt>2802</sln:powIdTeryt><sln:powNazwa>braniewski</sln:powNazwa><sln:wojIIPId>45e7cfc6-6d8b-42ff-acbd-ef1d0a53dacb</sln:wojIIPId><sln:wojIIPPn>PL.PZGIK.200</sln:wojIIPPn><sln:wojIIPWersja>2012-09-27T13:45:13+02:00</sln:wojIIPWersja><sln:wojIdTeryt>28</sln:wojIdTeryt><sln:wojNazwa>warmińsko-mazurskie</sln:wojNazwa></sln:miejscowosc><sln:miejscowosc><sln:cyklZyciaOd>2014-10-10T00:00:00+02:00</sln:cyklZyciaOd><sln:gmIIPId>6e688cf3-48dc-4c50-be84-fb3c5d37ca79</sln:gmIIPId><sln:gmIIPPn>PL.PZGIK.200</sln:gmIIPPn><sln:gmIIPWersja>2012-09-26T22:22:14+02:00</sln:gmIIPWersja><sln:gmIdTeryt>2802072</sln:gmIdTeryt><sln:gmNazwa>Wilczęta</sln:gmNazwa><sln:miejscIIPId>2f803b81-4400-42a5-a2f3-17b8dc53f396</sln:miejscIIPId><sln:miejscIIPPn>PL.PZGIK.200</sln:miejscIIPPn><sln:miejscIIPWersja>2016-11-24T13:26:29+02:00</sln:miejscIIPWersja><sln:miejscIdTeryt>5001491</sln:miejscIdTeryt><sln:miejscNazwa>Debiny Lesne</sln:miejscNazwa><sln:miejscRodzaj>Przysiółek</sln:miejscRodzaj><sln:powIIPId>c30a8930-5d33-4129-9d64-f227367db167</sln:powIIPId><sln:powIIPPn>PL.PZGIK.200</sln:powIIPPn><sln:powIIPWersja>2012-09-27T10:00:59+02:00</sln:powIIPWersja><sln:powIdTeryt>2802</sln:powIdTeryt><sln:powNazwa>braniewski</sln:powNazwa><sln:wojIIPId>45e7cfc6-6d8b-42ff-acbd-ef1d0a53dacb</sln:wojIIPId><sln:wojIIPPn>PL.PZGIK.200</sln:wojIIPPn><sln:wojIIPWersja>2012-09-27T13:45:13+02:00</sln:wojIIPWersja><sln:wojIdTeryt>28</sln:wojIdTeryt><sln:wojNazwa>warmińsko-mazurskie</sln:wojNazwa></sln:miejscowosc><sln:miejscowosc><sln:cyklZyciaOd>2014-10-10T00:00:00+02:00</sln:cyklZyciaOd><sln:gmIIPId>6e688cf3-48dc-4c50-be84-fb3c5d37ca79</sln:gmIIPId><sln:gmIIPPn>PL.PZGIK.200</sln:gmIIPPn><sln:gmIIPWersja>2012-09-26T22:22:14+02:00</sln:gmIIPWersja><sln:gmIdTeryt>2802072</sln:gmIdTeryt><sln:gmNazwa>Wilczęta</sln:gmNazwa><sln:miejscIIPId>baa83414-0c20-4f18-88a2-d685686bc972</sln:miejscIIPId><sln:miejscIIPPn>PL.PZGIK.200</sln:miejscIIPPn><sln:miejscIIPWersja>2016-11-24T13:26:29+02:00</sln:miejscIIPWersja><sln:miejscIdTeryt>5000978</sln:miejscIdTeryt><sln:miejscNazwa>Zakiele</sln:miejscNazwa><sln:miejscRodzaj>Przysiółek</sln:miejscRodzaj><sln:powIIPId>c30a8930-5d33-4129-9d64-f227367db167</sln:powIIPId><sln:powIIPPn>PL.PZGIK.200</sln:powIIPPn><sln:powIIPWersja>2012-09-27T10:00:59+02:00</sln:powIIPWersja><sln:powIdTeryt>2802</sln:powIdTeryt><sln:powNazwa>braniewski</sln:powNazwa><sln:wojIIPId>45e7cfc6-6d8b-42ff-acbd-ef1d0a53dacb</sln:wojIIPId><sln:wojIIPPn>PL.PZGIK.200</sln:wojIIPPn><sln:wojIIPWersja>2012-09-27T13:45:13+02:00</sln:wojIIPWersja><sln:wojIdTeryt>28</sln:wojIdTeryt><sln:wojNazwa>warmińsko-mazurskie</sln:wojNazwa></sln:miejscowosc><sln:miejscowosc><sln:cyklZyciaOd>2014-10-10T00:00:00+02:00</sln:cyklZyciaOd><sln:gmIIPId>6e688cf3-48dc-4c50-be84-fb3c5d37ca79</sln:gmIIPId><sln:gmIIPPn>PL.PZGIK.200</sln:gmIIPPn><sln:gmIIPWersja>2012-09-26T22:22:14+02:00</sln:gmIIPWersja><sln:gmIdTeryt>2802072</sln:gmIdTeryt><sln:gmNazwa>Wilczęta</sln:gmNazwa><sln:miejscIIPId>c25dbac5-9716-4a31-bd6a-8c81d2b100d9</sln:miejscIIPId><sln:miejscIIPPn>PL.PZGIK.200</sln:miejscIIPPn><sln:miejscIIPWersja>2016-11-24T13:26:28+02:00</sln:miejscIIPWersja><sln:miejscIdTeryt>0159485</sln:miejscIdTeryt><sln:miejscNazwa>Wilczęta</sln:miejscNazwa><sln:miejscRodzaj>Wieś</sln:miejscRodzaj><sln:powIIPId>c30a8930-5d33-4129-9d64-f227367db167</sln:powIIPId><sln:powIIPPn>PL.PZGIK.200</sln:powIIPPn><sln:powIIPWersja>2012-09-27T10:00:59+02:00</sln:powIIPWersja><sln:powIdTeryt>2802</sln:powIdTeryt><sln:powNazwa>braniewski</sln:powNazwa><sln:wojIIPId>45e7cfc6-6d8b-42ff-acbd-ef1d0a53dacb</sln:wojIIPId><sln:wojIIPPn>PL.PZGIK.200</sln:wojIIPPn><sln:wojIIPWersja>2012-09-27T13:45:13+02:00</sln:wojIIPWersja><sln:wojIdTeryt>28</sln:wojIdTeryt><sln:wojNazwa>warmińsko-mazurskie</sln:wojNazwa></sln:miejscowosc><sln:miejscowosc><sln:cyklZyciaOd>2014-10-10T00:00:00+02:00</sln:cyklZyciaOd><sln:gmIIPId>6e688cf3-48dc-4c50-be84-fb3c5d37ca79</sln:gmIIPId><sln:gmIIPPn>PL.PZGIK.200</sln:gmIIPPn><sln:gmIIPWersja>2012-09-26T22:22:14+02:00</sln:gmIIPWersja><sln:gmIdTeryt>2802072</sln:gmIdTeryt><sln:gmNazwa>Wilczęta</sln:gmNazwa><sln:miejscIIPId>0f352b7b-1d9a-4d5b-aed1-1ac6851a4af2</sln:miejscIIPId><sln:miejscIIPPn>PL.PZGIK.200</sln:miejscIIPPn><sln:miejscIIPWersja>2016-11-24T13:26:29+02:00</sln:miejscIIPWersja><sln:miejscIdTeryt>0159350</sln:miejscIdTeryt><sln:miejscNazwa>Księżno</sln:miejscNazwa><sln:miejscRodzaj>Wieś</sln:miejscRodzaj><sln:powIIPId>c30a8930-5d33-4129-9d64-f227367db167</sln:powIIPId><sln:powIIPPn>PL.PZGIK.200</sln:powIIPPn><sln:powIIPWersja>2012-09-27T10:00:59+02:00</sln:powIIPWersja><sln:powIdTeryt>2802</sln:powIdTeryt><sln:powNazwa>braniewski</sln:powNazwa><sln:wojIIPId>45e7cfc6-6d8b-42ff-acbd-ef1d0a53dacb</sln:wojIIPId><sln:wojIIPPn>PL.PZGIK.200</sln:wojIIPPn><sln:wojIIPWersja>2012-09-27T13:45:13+02:00</sln:wojIIPWersja><sln:wojIdTeryt>28</sln:wojIdTeryt><sln:wojNazwa>warmińsko-mazurskie</sln:wojNazwa></sln:miejscowosc><sln:miejscowosc><sln:cyklZyciaOd>2014-10-10T00:00:00+02:00</sln:cyklZyciaOd><sln:gmIIPId>6e688cf3-48dc-4c50-be84-fb3c5d37ca79</sln:gmIIPId><sln:gmIIPPn>PL.PZGIK.200</sln:gmIIPPn><sln:gmIIPWersja>2012-09-26T22:22:14+02:00</sln:gmIIPWersja><sln:gmIdTeryt>2802072</sln:gmIdTeryt><sln:gmNazwa>Wilczęta</sln:gmNazwa><sln:miejscIIPId>6c63c552-7e26-4f9c-bb13-62dfc4970339</sln:miejscIIPId><sln:miejscIIPPn>PL.PZGIK.200</sln:miejscIIPPn><sln:miejscIIPWersja>2016-11-24T13:26:29+02:00</sln:miejscIIPWersja><sln:miejscIdTeryt>0159278</sln:miejscIdTeryt><sln:miejscNazwa>Gładysze</sln:miejscNazwa><sln:miejscRodzaj>Wieś</sln:miejscRodzaj><sln:powIIPId>c30a8930-5d33-4129-9d64-f227367db167</sln:powIIPId><sln:powIIPPn>PL.PZGIK.200</sln:powIIPPn><sln:powIIPWersja>2012-09-27T10:00:59+02:00</sln:powIIPWersja><sln:powIdTeryt>2802</sln:powIdTeryt><sln:powNazwa>braniewski</sln:powNazwa><sln:wojIIPId>45e7cfc6-6d8b-42ff-acbd-ef1d0a53dacb</sln:wojIIPId><sln:wojIIPPn>PL.PZGIK.200</sln:wojIIPPn><sln:wojIIPWersja>2012-09-27T13:45:13+02:00</sln:wojIIPWersja><sln:wojIdTeryt>28</sln:wojIdTeryt><sln:wojNazwa>warmińsko-mazurskie</sln:wojNazwa></sln:miejscowosc><sln:miejscowosc><sln:cyklZyciaOd>2014-10-10T00:00:00+02:00</sln:cyklZyciaOd><sln:gmIIPId>6e688cf3-48dc-4c50-be84-fb3c5d37ca79</sln:gmIIPId><sln:gmIIPPn>PL.PZGIK.200</sln:gmIIPPn><sln:gmIIPWersja>2012-09-26T22:22:14+02:00</sln:gmIIPWersja><sln:gmIdTeryt>2802072</sln:gmIdTeryt><sln:gmNazwa>Wilczęta</sln:gmNazwa><sln:miejscIIPId>eca43d74-b192-48ab-a952-8495f6937587</sln:miejscIIPId><sln:miejscIIPPn>PL.PZGIK.200</sln:miejscIIPPn><sln:miejscIIPWersja>2016-11-24T13:26:29+02:00</sln:miejscIIPWersja><sln:miejscIdTeryt>0159249</sln:miejscIdTeryt><sln:miejscNazwa>Bardyny</sln:miejscNazwa><sln:miejscRodzaj>Wieś</sln:miejscRodzaj><sln:powIIPId>c30a8930-5d33-4129-9d64-f227367db167</sln:powIIPId><sln:powIIPPn>PL.PZGIK.200</sln:powIIPPn><sln:powIIPWersja>2012-09-27T10:00:59+02:00</sln:powIIPWersja><sln:powIdTeryt>2802</sln:powIdTeryt><sln:powNazwa>braniewski</sln:powNazwa><sln:wojIIPId>45e7cfc6-6d8b-42ff-acbd-ef1d0a53dacb</sln:wojIIPId><sln:wojIIPPn>PL.PZGIK.200</sln:wojIIPPn><sln:wojIIPWersja>2012-09-27T13:45:13+02:00</sln:wojIIPWersja><sln:wojIdTeryt>28</sln:wojIdTeryt><sln:wojNazwa>warmińsko-mazurskie</sln:wojNazwa></sln:miejscowosc><sln:miejscowosc><sln:cyklZyciaOd>2014-10-10T00:00:00+02:00</sln:cyklZyciaOd><sln:gmIIPId>6e688cf3-48dc-4c50-be84-fb3c5d37ca79</sln:gmIIPId><sln:gmIIPPn>PL.PZGIK.200</sln:gmIIPPn><sln:gmIIPWersja>2012-09-26T22:22:14+02:00</sln:gmIIPWersja><sln:gmIdTeryt>2802072</sln:gmIdTeryt><sln:gmNazwa>Wilczęta</sln:gmNazwa><sln:miejscIIPId>38e194c6-8bb8-4e86-80f8-4b49589e47c0</sln:miejscIIPId><sln:miejscIIPPn>PL.PZGIK.200</sln:miejscIIPPn><sln:miejscIIPWersja>2016-11-24T13:26:29+02:00</sln:miejscIIPWersja><sln:miejscIdTeryt>0159261</sln:miejscIdTeryt><sln:miejscNazwa>Dębiny</sln:miejscNazwa><sln:miejscRodzaj>Wieś</sln:miejscRodzaj><sln:powIIPId>c30a8930-5d33-4129-9d64-f227367db167</sln:powIIPId><sln:powIIPPn>PL.PZGIK.200</sln:powIIPPn><sln:powIIPWersja>2012-09-27T10:00:59+02:00</sln:powIIPWersja><sln:powIdTeryt>2802</sln:powIdTeryt><sln:powNazwa>braniewski</sln:powNazwa><sln:wojIIPId>45e7cfc6-6d8b-42ff-acbd-ef1d0a53dacb</sln:wojIIPId><sln:wojIIPPn>PL.PZGIK.200</sln:wojIIPPn><sln:wojIIPWersja>2012-09-27T13:45:13+02:00</sln:wojIIPWersja><sln:wojIdTeryt>28</sln:wojIdTeryt><sln:wojNazwa>warmińsko-mazurskie</sln:wojNazwa></sln:miejscowosc><sln:miejscowosc><sln:cyklZyciaOd>2014-10-10T00:00:00+02:00</sln:cyklZyciaOd><sln:gmIIPId>6e688cf3-48dc-4c50-be84-fb3c5d37ca79</sln:gmIIPId><sln:gmIIPPn>PL.PZGIK.200</sln:gmIIPPn><sln:gmIIPWersja>2012-09-26T22:22:14+02:00</sln:gmIIPWersja><sln:gmIdTeryt>2802072</sln:gmIdTeryt><sln:gmNazwa>Wilczęta</sln:gmNazwa><sln:miejscIIPId>035492bd-24a8-4ef4-9bc5-f0494356abae</sln:miejscIIPId><sln:miejscIIPPn>PL.PZGIK.200</sln:miejscIIPPn><sln:miejscIIPWersja>2016-11-24T13:26:29+02:00</sln:miejscIIPWersja><sln:miejscIdTeryt>0159410</sln:miejscIdTeryt><sln:miejscNazwa>Nowica</sln:miejscNazwa><sln:miejscRodzaj>Wieś</sln:miejscRodzaj><sln:powIIPId>c30a8930-5d33-4129-9d64-f227367db167</sln:powIIPId><sln:powIIPPn>PL.PZGIK.200</sln:powIIPPn><sln:powIIPWersja>2012-09-27T10:00:59+02:00</sln:powIIPWersja><sln:powIdTeryt>2802</sln:powIdTeryt><sln:powNazwa>braniewski</sln:powNazwa><sln:wojIIPId>45e7cfc6-6d8b-42ff-acbd-ef1d0a53dacb</sln:wojIIPId><sln:wojIIPPn>PL.PZGIK.200</sln:wojIIPPn><sln:wojIIPWersja>2012-09-27T13:45:13+02:00</sln:wojIIPWersja><sln:wojIdTeryt>28</sln:wojIdTeryt><sln:wojNazwa>warmińsko-mazurskie</sln:wojNazwa></sln:miejscowosc><sln:miejscowosc><sln:cyklZyciaOd>2014-10-10T00:00:00+02:00</sln:cyklZyciaOd><sln:gmIIPId>6e688cf3-48dc-4c50-be84-fb3c5d37ca79</sln:gmIIPId><sln:gmIIPPn>PL.PZGIK.200</sln:gmIIPPn><sln:gmIIPWersja>2012-09-26T22:22:14+02:00</sln:gmIIPWersja><sln:gmIdTeryt>2802072</sln:gmIdTeryt><sln:gmNazwa>Wilczęta</sln:gmNazwa><sln:miejscIIPId>e9ec2476-07c8-44d2-8dbc-ab19f0f5b7e9</sln:miejscIIPId><sln:miejscIIPPn>PL.PZGIK.200</sln:miejscIIPPn><sln:miejscIIPWersja>2016-11-24T13:26:29+02:00</sln:miejscIIPWersja><sln:miejscIdTeryt>5002289</sln:miejscIdTeryt><sln:miejscNazwa>Ksiazki</sln:miejscNazwa><sln:miejscRodzaj>Leśniczówka</sln:miejscRodzaj><sln:powIIPId>c30a8930-5d33-4129-9d64-f227367db167</sln:powIIPId><sln:powIIPPn>PL.PZGIK.200</sln:powIIPPn><sln:powIIPWersja>2012-09-27T10:00:59+02:00</sln:powIIPWersja><sln:powIdTeryt>2802</sln:powIdTeryt><sln:powNazwa>braniewski</sln:powNazwa><sln:wojIIPId>45e7cfc6-6d8b-42ff-acbd-ef1d0a53dacb</sln:wojIIPId><sln:wojIIPPn>PL.PZGIK.200</sln:wojIIPPn><sln:wojIIPWersja>2012-09-27T13:45:13+02:00</sln:wojIIPWersja><sln:wojIdTeryt>28</sln:wojIdTeryt><sln:wojNazwa>warmińsko-mazurskie</sln:wojNazwa></sln:miejscowosc><sln:miejscowosc><sln:cyklZyciaOd>2014-10-10T00:00:00+02:00</sln:cyklZyciaOd><sln:gmIIPId>6e688cf3-48dc-4c50-be84-fb3c5d37ca79</sln:gmIIPId><sln:gmIIPPn>PL.PZGIK.200</sln:gmIIPPn><sln:gmIIPWersja>2012-09-26T22:22:14+02:00</sln:gmIIPWersja><sln:gmIdTeryt>2802072</sln:gmIdTeryt><sln:gmNazwa>Wilczęta</sln:gmNazwa><sln:miejscIIPId>67c5a6cd-7303-40c1-8adb-44bffafde5b9</sln:miejscIIPId><sln:miejscIIPPn>PL.PZGIK.200</sln:miejscIIPPn><sln:miejscIIPWersja>2016-11-24T13:26:29+02:00</sln:miejscIIPWersja><sln:miejscIdTeryt>4000775</sln:miejscIdTeryt><sln:miejscNazwa>Kolonia Gladysze</sln:miejscNazwa><sln:miejscRodzaj>Kolonia</sln:miejscRodzaj><sln:powIIPId>c30a8930-5d33-4129-9d64-f227367db167</sln:powIIPId><sln:powIIPPn>PL.PZGIK.200</sln:powIIPPn><sln:powIIPWersja>2012-09-27T10:00:59+02:00</sln:powIIPWersja><sln:powIdTeryt>2802</sln:powIdTeryt><sln:powNazwa>braniewski</sln:powNazwa><sln:wojIIPId>45e7cfc6-6d8b-42ff-acbd-ef1d0a53dacb</sln:wojIIPId><sln:wojIIPPn>PL.PZGIK.200</sln:wojIIPPn><sln:wojIIPWersja>2012-09-27T13:45:13+02:00</sln:wojIIPWersja><sln:wojIdTeryt>28</sln:wojIdTeryt><sln:wojNazwa>warmińsko-mazurskie</sln:wojNazwa></sln:miejscowosc><sln:miejscowosc><sln:cyklZyciaOd>2014-10-10T00:00:00+02:00</sln:cyklZyciaOd><sln:gmIIPId>6e688cf3-48dc-4c50-be84-fb3c5d37ca79</sln:gmIIPId><sln:gmIIPPn>PL.PZGIK.200</sln:gmIIPPn><sln:gmIIPWersja>2012-09-26T22:22:14+02:00</sln:gmIIPWersja><sln:gmIdTeryt>2802072</sln:gmIdTeryt><sln:gmNazwa>Wilczęta</sln:gmNazwa><sln:miejscIIPId>b8e2b048-1de3-4b46-a264-b864deb4689d</sln:miejscIIPId><sln:miejscIIPPn>PL.PZGIK.200</sln:miejscIIPPn><sln:miejscIIPWersja>2016-11-24T13:26:29+02:00</sln:miejscIIPWersja><sln:miejscIdTeryt>0159396</sln:miejscIdTeryt><sln:miejscNazwa>Ławki</sln:miejscNazwa><sln:miejscRodzaj>Wieś</sln:miejscRodzaj><sln:powIIPId>c30a8930-5d33-4129-9d64-f227367db167</sln:powIIPId><sln:powIIPPn>PL.PZGIK.200</sln:powIIPPn><sln:powIIPWersja>2012-09-27T10:00:59+02:00</sln:powIIPWersja><sln:powIdTeryt>2802</sln:powIdTeryt><sln:powNazwa>braniewski</sln:powNazwa><sln:wojIIPId>45e7cfc6-6d8b-42ff-acbd-ef1d0a53dacb</sln:wojIIPId><sln:wojIIPPn>PL.PZGIK.200</sln:wojIIPPn><sln:wojIIPWersja>2012-09-27T13:45:13+02:00</sln:wojIIPWersja><sln:wojIdTeryt>28</sln:wojIdTeryt><sln:wojNazwa>warmińsko-mazurskie</sln:wojNazwa></sln:miejscowosc></sln:lista-miejscowosci>