<?xml version="1.0" encoding="UTF-8" standalone="yes"?><sln:lista-miejscowosci xmlns:srv="http://gugik.gov.pl/schemas/slowniki-service/1.0" xmlns:sln="http://gugik.gov.pl/schemas/slowniki-schema/1.0"><sln:miejscowosc><sln:cyklZyciaDo>2016-11-27T00:00:00+01:00</sln:cyklZyciaDo><sln:cyklZyciaOd>2014-11-28T00:00:00+01:00</sln:cyklZyciaOd><sln:gmIIPId>acf2e838-e9ce-4247-afa3-8d8701577a9c</sln:gmIIPId><sln:gmIIPPn>PL.PZGIK.200</sln:gmIIPPn><sln:gmIIPWersja>2012-09-26T22:22:14+02:00</sln:gmIIPWersja><sln:gmIdTeryt>2802042</sln:gmIdTeryt><sln:gmNazwa>Lelkowo</sln:gmNazwa><sln:miejscIIPId>b69eaae0-b66d-46c1-acfc-973bae06d84e</sln:miejscIIPId><sln:miejscIIPPn>PL.PZGIK.200</sln:miejscIIPPn><sln:miejscIIPWersja>2016-11-24T13:26:28+02:00</sln:miejscIIPWersja><sln:miejscIdTeryt>0151578</sln:miejscIdTeryt><sln:miejscNazwa>Szarki</sln:miejscNazwa><sln:miejscRodzaj>Wieś</sln:miejscRodzaj><sln:powIIPId>c30a8930-5d33-4129-9d64-f227367db167</sln:powIIPId><sln:powIIPPn>PL.PZGIK.200</sln:powIIPPn><sln:powIIPWersja>2012-09-27T10:00:59+02:00</sln:powIIPWersja><sln:powIdTeryt>2802</sln:powIdTeryt><sln:powNazwa>braniewski</sln:powNazwa><sln:wojIIPId>45e7cfc6-6d8b-42ff-acbd-ef1d0a53dacb</sln:wojIIPId><sln:wojIIPPn>PL.PZGIK.200</sln:wojIIPPn><sln:wojIIPWersja>2012-09-27T13:45:13+02:00</sln:wojIIPWersja><sln:wojIdTeryt>28</sln:wojIdTeryt><sln:wojNazwa>warmińsko-mazurskie</sln:wojNazwa></sln:miejscowosc><sln:miejscowosc><sln:cyklZyciaDo>2016-11-27T00:00:00+01:00</sln:cyklZyciaDo><sln:cyklZyciaOd>2014-11-28T00:00:00+01:00</sln:cyklZyciaOd><sln:gmIIPId>acf2e838-e9ce-4247-afa3-8d8701577a9c</sln:gmIIPId><sln:gmIIPPn>PL.PZGIK.200</sln:gmIIPPn><sln:gmIIPWersja>2012-09-26T22:22:14+02:00</sln:gmIIPWersja><sln:gmIdTeryt>2802042</sln:gmIdTeryt><sln:gmNazwa>Lelkowo</sln:gmNazwa><sln:miejscIIPId>318dcae1-69f6-4118-8ce8-5bddfd757125</sln:miejscIIPId><sln:miejscIIPPn>PL.PZGIK.200</sln:miejscIIPPn><sln:miejscIIPWersja>2016-11-24T13:26:29+02:00</sln:miejscIIPWersja><sln:miejscIdTeryt>5002598</sln:miejscIdTeryt><sln:miejscNazwa>Borek</sln:miejscNazwa><sln:miejscRodzaj>Przysiółek</sln:miejscRodzaj><sln:powIIPId>c30a8930-5d33-4129-9d64-f227367db167</sln:powIIPId><sln:powIIPPn>PL.PZGIK.200</sln:powIIPPn><sln:powIIPWersja>2012-09-27T10:00:59+02:00</sln:powIIPWersja><sln:powIdTeryt>2802</sln:powIdTeryt><sln:powNazwa>braniewski</sln:powNazwa><sln:wojIIPId>45e7cfc6-6d8b-42ff-acbd-ef1d0a53dacb</sln:wojIIPId><sln:wojIIPPn>PL.PZGIK.200</sln:wojIIPPn><sln:wojIIPWersja>2012-09-27T13:45:13+02:00</sln:wojIIPWersja><sln:wojIdTeryt>28</sln:wojIdTeryt><sln:wojNazwa>warmińsko-mazurskie</sln:wojNazwa></sln:miejscowosc><sln:miejscowosc><sln:cyklZyciaDo>2016-11-27T00:00:00+01:00</sln:cyklZyciaDo><sln:cyklZyciaOd>2014-11-28T00:00:00+01:00</sln:cyklZyciaOd><sln:gmIIPId>acf2e838-e9ce-4247-afa3-8d8701577a9c</sln:gmIIPId><sln:gmIIPPn>PL.PZGIK.200</sln:gmIIPPn><sln:gmIIPWersja>2012-09-26T22:22:14+02:00</sln:gmIIPWersja><sln:gmIdTeryt>2802042</sln:gmIdTeryt><sln:gmNazwa>Lelkowo</sln:gmNazwa><sln:miejscIIPId>c2af0c61-da5a-4c2c-a31a-17238a050abc</sln:miejscIIPId><sln:miejscIIPPn>PL.PZGIK.200</sln:miejscIIPPn><sln:miejscIIPWersja>2016-11-24T13:26:29+02:00</sln:miejscIIPWersja><sln:miejscIdTeryt>4001239</sln:miejscIdTeryt><sln:miejscNazwa>Mlynowo</sln:miejscNazwa><sln:miejscRodzaj>Przysiółek</sln:miejscRodzaj><sln:powIIPId>c30a8930-5d33-4129-9d64-f227367db167</sln:powIIPId><sln:powIIPPn>PL.PZGIK.200</sln:powIIPPn><sln:powIIPWersja>2012-09-27T10:00:59+02:00</sln:powIIPWersja><sln:powIdTeryt>2802</sln:powIdTeryt><sln:powNazwa>braniewski</sln:powNazwa><sln:wojIIPId>45e7cfc6-6d8b-42ff-acbd-ef1d0a53dacb</sln:wojIIPId><sln:wojIIPPn>PL.PZGIK.200</sln:wojIIPPn><sln:wojIIPWersja>2012-09-27T13:45:13+02:00</sln:wojIIPWersja><sln:wojIdTeryt>28</sln:wojIdTeryt><sln:wojNazwa>warmińsko-mazurskie</sln:wojNazwa></sln:miejscowosc><sln:miejscowosc><sln:cyklZyciaDo>2016-11-27T00:00:00+01:00</sln:cyklZyciaDo><sln:cyklZyciaOd>2014-11-28T00:00:00+01:00</sln:cyklZyciaOd><sln:gmIIPId>acf2e838-e9ce-4247-afa3-8d8701577a9c</sln:gmIIPId><sln:gmIIPPn>PL.PZGIK.200</sln:gmIIPPn><sln:gmIIPWersja>2012-09-26T22:22:14+02:00</sln:gmIIPWersja><sln:gmIdTeryt>2802042</sln:gmIdTeryt><sln:gmNazwa>Lelkowo</sln:gmNazwa><sln:miejscIIPId>8f98efce-acbb-43e7-9a6f-d7ceda150859</sln:miejscIIPId><sln:miejscIIPPn>PL.PZGIK.200</sln:miejscIIPPn><sln:miejscIIPWersja>2016-11-24T13:26:29+02:00</sln:miejscIIPWersja><sln:miejscIdTeryt>0151526</sln:miejscIdTeryt><sln:miejscNazwa>Mędrzyki</sln:miejscNazwa><sln:miejscRodzaj>Wieś</sln:miejscRodzaj><sln:powIIPId>c30a8930-5d33-4129-9d64-f227367db167</sln:powIIPId><sln:powIIPPn>PL.PZGIK.200</sln:powIIPPn><sln:powIIPWersja>2012-09-27T10:00:59+02:00</sln:powIIPWersja><sln:powIdTeryt>2802</sln:powIdTeryt><sln:powNazwa>braniewski</sln:powNazwa><sln:wojIIPId>45e7cfc6-6d8b-42ff-acbd-ef1d0a53dacb</sln:wojIIPId><sln:wojIIPPn>PL.PZGIK.200</sln:wojIIPPn><sln:wojIIPWersja>2012-09-27T13:45:13+02:00</sln:wojIIPWersja><sln:wojIdTeryt>28</sln:wojIdTeryt><sln:wojNazwa>warmińsko-mazurskie</sln:wojNazwa></sln:miejscowosc><sln:miejscowosc><sln:cyklZyciaDo>2016-11-27T00:00:00+01:00</sln:cyklZyciaDo><sln:cyklZyciaOd>2014-11-28T00:00:00+01:00</sln:cyklZyciaOd><sln:gmIIPId>acf2e838-e9ce-4247-afa3-8d8701577a9c</sln:gmIIPId><sln:gmIIPPn>PL.PZGIK.200</sln:gmIIPPn><sln:gmIIPWersja>2012-09-26T22:22:14+02:00</sln:gmIIPWersja><sln:gmIdTeryt>2802042</sln:gmIdTeryt><sln:gmNazwa>Lelkowo</sln:gmNazwa><sln:miejscIIPId>d60eb579-ac81-46e8-921f-44dee35db308</sln:miejscIIPId><sln:miejscIIPPn>PL.PZGIK.200</sln:miejscIIPPn><sln:miejscIIPWersja>2016-11-24T13:26:29+02:00</sln:miejscIIPWersja><sln:miejscIdTeryt>0151495</sln:miejscIdTeryt><sln:miejscNazwa>Lelkowo</sln:miejscNazwa><sln:miejscRodzaj>Wieś</sln:miejscRodzaj><sln:powIIPId>c30a8930-5d33-4129-9d64-f227367db167</sln:powIIPId><sln:powIIPPn>PL.PZGIK.200</sln:powIIPPn><sln:powIIPWersja>2012-09-27T10:00:59+02:00</sln:powIIPWersja><sln:powIdTeryt>2802</sln:powIdTeryt><sln:powNazwa>braniewski</sln:powNazwa><sln:wojIIPId>45e7cfc6-6d8b-42ff-acbd-ef1d0a53dacb</sln:wojIIPId><sln:wojIIPPn>PL.PZGIK.200</sln:wojIIPPn><sln:wojIIPWersja>2012-09-27T13:45:13+02:00</sln:wojIIPWersja><sln:wojIdTeryt>28</sln:wojIdTeryt><sln:wojNazwa>warmińsko-mazurskie</sln:wojNazwa></sln:miejscowosc><sln:miejscowosc><sln:cyklZyciaDo>2016-11-27T00:00:00+01:00</sln:cyklZyciaDo><sln:cyklZyciaOd>2014-11-28T00:00:00+01:00</sln:cyklZyciaOd><sln:gmIIPId>acf2e838-e9ce-4247-afa3-8d8701577a9c</sln:gmIIPId><sln:gmIIPPn>PL.PZGIK.200</sln:gmIIPPn><sln:gmIIPWersja>2012-09-26T22:22:14+02:00</sln:gmIIPWersja><sln:gmIdTeryt>2802042</sln:gmIdTeryt><sln:gmNazwa>Lelkowo</sln:gmNazwa><sln:miejscIIPId>0e6cdfbc-f66c-44fb-9c8a-9d41875fd31f</sln:miejscIIPId><sln:miejscIIPPn>PL.PZGIK.200</sln:miejscIIPPn><sln:miejscIIPWersja>2016-11-24T13:26:29+02:00</sln:miejscIIPWersja><sln:miejscIdTeryt>0151555</sln:miejscIdTeryt><sln:miejscNazwa>Piele</sln:miejscNazwa><sln:miejscRodzaj>Osada</sln:miejscRodzaj><sln:powIIPId>c30a8930-5d33-4129-9d64-f227367db167</sln:powIIPId><sln:powIIPPn>PL.PZGIK.200</sln:powIIPPn><sln:powIIPWersja>2012-09-27T10:00:59+02:00</sln:powIIPWersja><sln:powIdTeryt>2802</sln:powIdTeryt><sln:powNazwa>braniewski</sln:powNazwa><sln:wojIIPId>45e7cfc6-6d8b-42ff-acbd-ef1d0a53dacb</sln:wojIIPId><sln:wojIIPPn>PL.PZGIK.200</sln:wojIIPPn><sln:wojIIPWersja>2012-09-27T13:45:13+02:00</sln:wojIIPWersja><sln:wojIdTeryt>28</sln:wojIdTeryt><sln:wojNazwa>warmińsko-mazurskie</sln:wojNazwa></sln:miejscowosc><sln:miejscowosc><sln:cyklZyciaDo>2016-11-27T00:00:00+01:00</sln:cyklZyciaDo><sln:cyklZyciaOd>2014-11-28T00:00:00+01:00</sln:cyklZyciaOd><sln:gmIIPId>acf2e838-e9ce-4247-afa3-8d8701577a9c</sln:gmIIPId><sln:gmIIPPn>PL.PZGIK.200</sln:gmIIPPn><sln:gmIIPWersja>2012-09-26T22:22:14+02:00</sln:gmIIPWersja><sln:gmIdTeryt>2802042</sln:gmIdTeryt><sln:gmNazwa>Lelkowo</sln:gmNazwa><sln:miejscIIPId>76f0c0d5-19ad-414c-83be-ae9987895397</sln:miejscIIPId><sln:miejscIIPPn>PL.PZGIK.200</sln:miejscIIPPn><sln:miejscIIPWersja>2016-11-24T13:26:29+02:00</sln:miejscIIPWersja><sln:miejscIdTeryt>0151621</sln:miejscIdTeryt><sln:miejscNazwa>Wołowo</sln:miejscNazwa><sln:miejscRodzaj>Wieś</sln:miejscRodzaj><sln:powIIPId>c30a8930-5d33-4129-9d64-f227367db167</sln:powIIPId><sln:powIIPPn>PL.PZGIK.200</sln:powIIPPn><sln:powIIPWersja>2012-09-27T10:00:59+02:00</sln:powIIPWersja><sln:powIdTeryt>2802</sln:powIdTeryt><sln:powNazwa>braniewski</sln:powNazwa><sln:wojIIPId>45e7cfc6-6d8b-42ff-acbd-ef1d0a53dacb</sln:wojIIPId><sln:wojIIPPn>PL.PZGIK.200</sln:wojIIPPn><sln:wojIIPWersja>2012-09-27T13:45:13+02:00</sln:wojIIPWersja><sln:wojIdTeryt>28</sln:wojIdTeryt><sln:wojNazwa>warmińsko-mazurskie</sln:wojNazwa></sln:miejscowosc><sln:miejscowosc><sln:cyklZyciaDo>2016-11-27T00:00:00+01:00</sln:cyklZyciaDo><sln:cyklZyciaOd>2014-11-28T00:00:00+01:00</sln:cyklZyciaOd><sln:gmIIPId>acf2e838-e9ce-4247-afa3-8d8701577a9c</sln:gmIIPId><sln:gmIIPPn>PL.PZGIK.200</sln:gmIIPPn><sln:gmIIPWersja>2012-09-26T22:22:14+02:00</sln:gmIIPWersja><sln:gmIdTeryt>2802042</sln:gmIdTeryt><sln:gmNazwa>Lelkowo</sln:gmNazwa><sln:miejscIIPId>7d7d4d1a-5c95-4429-b026-95f16a020ae0</sln:miejscIIPId><sln:miejscIIPPn>PL.PZGIK.200</sln:miejscIIPPn><sln:miejscIIPWersja>2016-11-24T13:26:29+02:00</sln:miejscIIPWersja><sln:miejscIdTeryt>4001240</sln:miejscIdTeryt><sln:miejscNazwa>Mlecznik</sln:miejscNazwa><sln:miejscRodzaj>Przysiółek</sln:miejscRodzaj><sln:powIIPId>c30a8930-5d33-4129-9d64-f227367db167</sln:powIIPId><sln:powIIPPn>PL.PZGIK.200</sln:powIIPPn><sln:powIIPWersja>2012-09-27T10:00:59+02:00</sln:powIIPWersja><sln:powIdTeryt>2802</sln:powIdTeryt><sln:powNazwa>braniewski</sln:powNazwa><sln:wojIIPId>45e7cfc6-6d8b-42ff-acbd-ef1d0a53dacb</sln:wojIIPId><sln:wojIIPPn>PL.PZGIK.200</sln:wojIIPPn><sln:wojIIPWersja>2012-09-27T13:45:13+02:00</sln:wojIIPWersja><sln:wojIdTeryt>28</sln:wojIdTeryt><sln:wojNazwa>warmińsko-mazurskie</sln:wojNazwa></sln:miejscowosc><sln:miejscowosc><sln:cyklZyciaDo>2016-11-27T00:00:00+01:00</sln:cyklZyciaDo><sln:cyklZyciaOd>2014-11-28T00:00:00+01:00</sln:cyklZyciaOd><sln:gmIIPId>acf2e838-e9ce-4247-afa3-8d8701577a9c</sln:gmIIPId><sln:gmIIPPn>PL.PZGIK.200</sln:gmIIPPn><sln:gmIIPWersja>2012-09-26T22:22:14+02:00</sln:gmIIPWersja><sln:gmIdTeryt>2802042</sln:gmIdTeryt><sln:gmNazwa>Lelkowo</sln:gmNazwa><sln:miejscIIPId>5a954bce-2b6b-4e67-b9ad-6411dd774a65</sln:miejscIIPId><sln:miejscIIPPn>PL.PZGIK.200</sln:miejscIIPPn><sln:miejscIIPWersja>2016-11-24T13:26:28+02:00</sln:miejscIIPWersja><sln:miejscIdTeryt>0151561</sln:miejscIdTeryt><sln:miejscNazwa>Sówki</sln:miejscNazwa><sln:miejscRodzaj>Wieś</sln:miejscRodzaj><sln:powIIPId>c30a8930-5d33-4129-9d64-f227367db167</sln:powIIPId><sln:powIIPPn>PL.PZGIK.200</sln:powIIPPn><sln:powIIPWersja>2012-09-27T10:00:59+02:00</sln:powIIPWersja><sln:powIdTeryt>2802</sln:powIdTeryt><sln:powNazwa>braniewski</sln:powNazwa><sln:wojIIPId>45e7cfc6-6d8b-42ff-acbd-ef1d0a53dacb</sln:wojIIPId><sln:wojIIPPn>PL.PZGIK.200</sln:wojIIPPn><sln:wojIIPWersja>2012-09-27T13:45:13+02:00</sln:wojIIPWersja><sln:wojIdTeryt>28</sln:wojIdTeryt><sln:wojNazwa>warmińsko-mazurskie</sln:wojNazwa></sln:miejscowosc><sln:miejscowosc><sln:cyklZyciaDo>2016-11-27T00:00:00+01:00</sln:cyklZyciaDo><sln:cyklZyciaOd>2014-11-28T00:00:00+01:00</sln:cyklZyciaOd><sln:gmIIPId>acf2e838-e9ce-4247-afa3-8d8701577a9c</sln:gmIIPId><sln:gmIIPPn>PL.PZGIK.200</sln:gmIIPPn><sln:gmIIPWersja>2012-09-26T22:22:14+02:00</sln:gmIIPWersja><sln:gmIdTeryt>2802042</sln:gmIdTeryt><sln:gmNazwa>Lelkowo</sln:gmNazwa><sln:miejscIIPId>b0fdc1b1-c793-4632-93dd-810eac80325f</sln:miejscIIPId><sln:miejscIIPPn>PL.PZGIK.200</sln:miejscIIPPn><sln:miejscIIPWersja>2016-11-24T13:26:29+02:00</sln:miejscIIPWersja><sln:miejscIdTeryt>0151532</sln:miejscIdTeryt><sln:miejscNazwa>Miłaki</sln:miejscNazwa><sln:miejscRodzaj>Wieś</sln:miejscRodzaj><sln:powIIPId>c30a8930-5d33-4129-9d64-f227367db167</sln:powIIPId><sln:powIIPPn>PL.PZGIK.200</sln:powIIPPn><sln:powIIPWersja>2012-09-27T10:00:59+02:00</sln:powIIPWersja><sln:powIdTeryt>2802</sln:powIdTeryt><sln:powNazwa>braniewski</sln:powNazwa><sln:wojIIPId>45e7cfc6-6d8b-42ff-acbd-ef1d0a53dacb</sln:wojIIPId><sln:wojIIPPn>PL.PZGIK.200</sln:wojIIPPn><sln:wojIIPWersja>2012-09-27T13:45:13+02:00</sln:wojIIPWersja><sln:wojIdTeryt>28</sln:wojIdTeryt><sln:wojNazwa>warmińsko-mazurskie</sln:wojNazwa></sln:miejscowosc><sln:miejscowosc><sln:cyklZyciaDo>2016-11-27T00:00:00+01:00</sln:cyklZyciaDo><sln:cyklZyciaOd>2014-11-28T00:00:00+01:00</sln:cyklZyciaOd><sln:gmIIPId>acf2e838-e9ce-4247-afa3-8d8701577a9c</sln:gmIIPId><sln:gmIIPPn>PL.PZGIK.200</sln:gmIIPPn><sln:gmIIPWersja>2012-09-26T22:22:14+02:00</sln:gmIIPWersja><sln:gmIdTeryt>2802042</sln:gmIdTeryt><sln:gmNazwa>Lelkowo</sln:gmNazwa><sln:miejscIIPId>582afe88-09b5-420b-892a-445d521ea755</sln:miejscIIPId><sln:miejscIIPPn>PL.PZGIK.200</sln:miejscIIPPn><sln:miejscIIPWersja>2016-11-24T13:26:28+02:00</sln:miejscIIPWersja><sln:miejscIdTeryt>0151584</sln:miejscIdTeryt><sln:miejscNazwa>Wilknity</sln:miejscNazwa><sln:miejscRodzaj>Wieś</sln:miejscRodzaj><sln:powIIPId>c30a8930-5d33-4129-9d64-f227367db167</sln:powIIPId><sln:powIIPPn>PL.PZGIK.200</sln:powIIPPn><sln:powIIPWersja>2012-09-27T10:00:59+02:00</sln:powIIPWersja><sln:powIdTeryt>2802</sln:powIdTeryt><sln:powNazwa>braniewski</sln:powNazwa><sln:wojIIPId>45e7cfc6-6d8b-42ff-acbd-ef1d0a53dacb</sln:wojIIPId><sln:wojIIPPn>PL.PZGIK.200</sln:wojIIPPn><sln:wojIIPWersja>2012-09-27T13:45:13+02:00</sln:wojIIPWersja><sln:wojIdTeryt>28</sln:wojIdTeryt><sln:wojNazwa>warmińsko-mazurskie</sln:wojNazwa></sln:miejscowosc><sln:miejscowosc><sln:cyklZyciaDo>2016-11-27T00:00:00+01:00</sln:cyklZyciaDo><sln:cyklZyciaOd>2014-11-28T00:00:00+01:00</sln:cyklZyciaOd><sln:gmIIPId>acf2e838-e9ce-4247-afa3-8d8701577a9c</sln:gmIIPId><sln:gmIIPPn>PL.PZGIK.200</sln:gmIIPPn><sln:gmIIPWersja>2012-09-26T22:22:14+02:00</sln:gmIIPWersja><sln:gmIdTeryt>2802042</sln:gmIdTeryt><sln:gmNazwa>Lelkowo</sln:gmNazwa><sln:miejscIIPId>f62e5957-f2f8-4e10-aff4-0224f470a529</sln:miejscIIPId><sln:miejscIIPPn>PL.PZGIK.200</sln:miejscIIPPn><sln:miejscIIPWersja>2016-11-24T13:26:29+02:00</sln:miejscIIPWersja><sln:miejscIdTeryt>4001228</sln:miejscIdTeryt><sln:miejscNazwa>Miejski Bór</sln:miejscNazwa><sln:miejscRodzaj>Gajówka</sln:miejscRodzaj><sln:powIIPId>c30a8930-5d33-4129-9d64-f227367db167</sln:powIIPId><sln:powIIPPn>PL.PZGIK.200</sln:powIIPPn><sln:powIIPWersja>2012-09-27T10:00:59+02:00</sln:powIIPWersja><sln:powIdTeryt>2802</sln:powIdTeryt><sln:powNazwa>braniewski</sln:powNazwa><sln:wojIIPId>45e7cfc6-6d8b-42ff-acbd-ef1d0a53dacb</sln:wojIIPId><sln:wojIIPPn>PL.PZGIK.200</sln:wojIIPPn><sln:wojIIPWersja>2012-09-27T13:45:13+02:00</sln:wojIIPWersja><sln:wojIdTeryt>28</sln:wojIdTeryt><sln:wojNazwa>warmińsko-mazurskie</sln:wojNazwa></sln:miejscowosc><sln:miejscowosc><sln:cyklZyciaDo>2016-11-27T00:00:00+01:00</sln:cyklZyciaDo><sln:cyklZyciaOd>2014-11-28T00:00:00+01:00</sln:cyklZyciaOd><sln:gmIIPId>acf2e838-e9ce-4247-afa3-8d8701577a9c</sln:gmIIPId><sln:gmIIPPn>PL.PZGIK.200</sln:gmIIPPn><sln:gmIIPWersja>2012-09-26T22:22:14+02:00</sln:gmIIPWersja><sln:gmIdTeryt>2802042</sln:gmIdTeryt><sln:gmNazwa>Lelkowo</sln:gmNazwa><sln:miejscIIPId>a39d209c-8e28-4ace-b4a5-63c4b95b4f5f</sln:miejscIIPId><sln:miejscIIPPn>PL.PZGIK.200</sln:miejscIIPPn><sln:miejscIIPWersja>2016-11-24T13:26:28+02:00</sln:miejscIIPWersja><sln:miejscIdTeryt>5000592</sln:miejscIdTeryt><sln:miejscNazwa>Kolonia Szarki</sln:miejscNazwa><sln:miejscRodzaj>Kolonia</sln:miejscRodzaj><sln:powIIPId>c30a8930-5d33-4129-9d64-f227367db167</sln:powIIPId><sln:powIIPPn>PL.PZGIK.200</sln:powIIPPn><sln:powIIPWersja>2012-09-27T10:00:59+02:00</sln:powIIPWersja><sln:powIdTeryt>2802</sln:powIdTeryt><sln:powNazwa>braniewski</sln:powNazwa><sln:wojIIPId>45e7cfc6-6d8b-42ff-acbd-ef1d0a53dacb</sln:wojIIPId><sln:wojIIPPn>PL.PZGIK.200</sln:wojIIPPn><sln:wojIIPWersja>2012-09-27T13:45:13+02:00</sln:wojIIPWersja><sln:wojIdTeryt>28</sln:wojIdTeryt><sln:wojNazwa>warmińsko-mazurskie</sln:wojNazwa></sln:miejscowosc><sln:miejscowosc><sln:cyklZyciaDo>2016-11-27T00:00:00+01:00</sln:cyklZyciaDo><sln:cyklZyciaOd>2014-11-28T00:00:00+01:00</sln:cyklZyciaOd><sln:gmIIPId>acf2e838-e9ce-4247-afa3-8d8701577a9c</sln:gmIIPId><sln:gmIIPPn>PL.PZGIK.200</sln:gmIIPPn><sln:gmIIPWersja>2012-09-26T22:22:14+02:00</sln:gmIIPWersja><sln:gmIdTeryt>2802042</sln:gmIdTeryt><sln:gmNazwa>Lelkowo</sln:gmNazwa><sln:miejscIIPId>dc51f72f-cec2-473a-9b07-bc4e93dbb865</sln:miejscIIPId><sln:miejscIIPPn>PL.PZGIK.200</sln:miejscIIPPn><sln:miejscIIPWersja>2016-11-24T13:26:29+02:00</sln:miejscIIPWersja><sln:miejscIdTeryt>0151472</sln:miejscIdTeryt><sln:miejscNazwa>Krzekoty</sln:miejscNazwa><sln:miejscRodzaj>Wieś</sln:miejscRodzaj><sln:powIIPId>c30a8930-5d33-4129-9d64-f227367db167</sln:powIIPId><sln:powIIPPn>PL.PZGIK.200</sln:powIIPPn><sln:powIIPWersja>2012-09-27T10:00:59+02:00</sln:powIIPWersja><sln:powIdTeryt>2802</sln:powIdTeryt><sln:powNazwa>braniewski</sln:powNazwa><sln:wojIIPId>45e7cfc6-6d8b-42ff-acbd-ef1d0a53dacb</sln:wojIIPId><sln:wojIIPPn>PL.PZGIK.200</sln:wojIIPPn><sln:wojIIPWersja>2012-09-27T13:45:13+02:00</sln:wojIIPWersja><sln:wojIdTeryt>28</sln:wojIdTeryt><sln:wojNazwa>warmińsko-mazurskie</sln:wojNazwa></sln:miejscowosc><sln:miejscowosc><sln:cyklZyciaDo>2016-11-27T00:00:00+01:00</sln:cyklZyciaDo><sln:cyklZyciaOd>2014-11-28T00:00:00+01:00</sln:cyklZyciaOd><sln:gmIIPId>acf2e838-e9ce-4247-afa3-8d8701577a9c</sln:gmIIPId><sln:gmIIPPn>PL.PZGIK.200</sln:gmIIPPn><sln:gmIIPWersja>2012-09-26T22:22:14+02:00</sln:gmIIPWersja><sln:gmIdTeryt>2802042</sln:gmIdTeryt><sln:gmNazwa>Lelkowo</sln:gmNazwa><sln:miejscIIPId>f7922269-07db-4059-bb1a-ef70b34bc822</sln:miejscIIPId><sln:miejscIIPPn>PL.PZGIK.200</sln:miejscIIPPn><sln:miejscIIPWersja>2016-11-24T13:26:29+02:00</sln:miejscIIPWersja><sln:miejscIdTeryt>0151390</sln:miejscIdTeryt><sln:miejscNazwa>Dębowiec</sln:miejscNazwa><sln:miejscRodzaj>Wieś</sln:miejscRodzaj><sln:powIIPId>c30a8930-5d33-4129-9d64-f227367db167</sln:powIIPId><sln:powIIPPn>PL.PZGIK.200</sln:powIIPPn><sln:powIIPWersja>2012-09-27T10:00:59+02:00</sln:powIIPWersja><sln:powIdTeryt>2802</sln:powIdTeryt><sln:powNazwa>braniewski</sln:powNazwa><sln:wojIIPId>45e7cfc6-6d8b-42ff-acbd-ef1d0a53dacb</sln:wojIIPId><sln:wojIIPPn>PL.PZGIK.200</sln:wojIIPPn><sln:wojIIPWersja>2012-09-27T13:45:13+02:00</sln:wojIIPWersja><sln:wojIdTeryt>28</sln:wojIdTeryt><sln:wojNazwa>warmińsko-mazurskie</sln:wojNazwa></sln:miejscowosc><sln:miejscowosc><sln:cyklZyciaDo>2016-11-27T00:00:00+01:00</sln:cyklZyciaDo><sln:cyklZyciaOd>2014-11-28T00:00:00+01:00</sln:cyklZyciaOd><sln:gmIIPId>acf2e838-e9ce-4247-afa3-8d8701577a9c</sln:gmIIPId><sln:gmIIPPn>PL.PZGIK.200</sln:gmIIPPn><sln:gmIIPWersja>2012-09-26T22:22:14+02:00</sln:gmIIPWersja><sln:gmIdTeryt>2802042</sln:gmIdTeryt><sln:gmNazwa>Lelkowo</sln:gmNazwa><sln:miejscIIPId>897e1255-9660-4e93-bbb4-b091cd6064e7</sln:miejscIIPId><sln:miejscIIPPn>PL.PZGIK.200</sln:miejscIIPPn><sln:miejscIIPWersja>2016-11-24T13:26:29+02:00</sln:miejscIIPWersja><sln:miejscIdTeryt>0151383</sln:miejscIdTeryt><sln:miejscNazwa>Bieńkowo</sln:miejscNazwa><sln:miejscRodzaj>Wieś</sln:miejscRodzaj><sln:powIIPId>c30a8930-5d33-4129-9d64-f227367db167</sln:powIIPId><sln:powIIPPn>PL.PZGIK.200</sln:powIIPPn><sln:powIIPWersja>2012-09-27T10:00:59+02:00</sln:powIIPWersja><sln:powIdTeryt>2802</sln:powIdTeryt><sln:powNazwa>braniewski</sln:powNazwa><sln:wojIIPId>45e7cfc6-6d8b-42ff-acbd-ef1d0a53dacb</sln:wojIIPId><sln:wojIIPPn>PL.PZGIK.200</sln:wojIIPPn><sln:wojIIPWersja>2012-09-27T13:45:13+02:00</sln:wojIIPWersja><sln:wojIdTeryt>28</sln:wojIdTeryt><sln:wojNazwa>warmińsko-mazurskie</sln:wojNazwa></sln:miejscowosc><sln:miejscowosc><sln:cyklZyciaDo>2016-11-27T00:00:00+01:00</sln:cyklZyciaDo><sln:cyklZyciaOd>2014-11-28T00:00:00+01:00</sln:cyklZyciaOd><sln:gmIIPId>acf2e838-e9ce-4247-afa3-8d8701577a9c</sln:gmIIPId><sln:gmIIPPn>PL.PZGIK.200</sln:gmIIPPn><sln:gmIIPWersja>2012-09-26T22:22:14+02:00</sln:gmIIPWersja><sln:gmIdTeryt>2802042</sln:gmIdTeryt><sln:gmNazwa>Lelkowo</sln:gmNazwa><sln:miejscIIPId>d68f6da0-6885-4f11-9af3-4de1f6de5f30</sln:miejscIIPId><sln:miejscIIPPn>PL.PZGIK.200</sln:miejscIIPPn><sln:miejscIIPWersja>2016-11-24T13:26:29+02:00</sln:miejscIIPWersja><sln:miejscIdTeryt>0151408</sln:miejscIdTeryt><sln:miejscNazwa>Zdrój</sln:miejscNazwa><sln:miejscRodzaj>Wieś</sln:miejscRodzaj><sln:powIIPId>c30a8930-5d33-4129-9d64-f227367db167</sln:powIIPId><sln:powIIPPn>PL.PZGIK.200</sln:powIIPPn><sln:powIIPWersja>2012-09-27T10:00:59+02:00</sln:powIIPWersja><sln:powIdTeryt>2802</sln:powIdTeryt><sln:powNazwa>braniewski</sln:powNazwa><sln:wojIIPId>45e7cfc6-6d8b-42ff-acbd-ef1d0a53dacb</sln:wojIIPId><sln:wojIIPPn>PL.PZGIK.200</sln:wojIIPPn><sln:wojIIPWersja>2012-09-27T13:45:13+02:00</sln:wojIIPWersja><sln:wojIdTeryt>28</sln:wojIdTeryt><sln:wojNazwa>warmińsko-mazurskie</sln:wojNazwa></sln:miejscowosc><sln:miejscowosc><sln:cyklZyciaDo>2016-11-27T00:00:00+01:00</sln:cyklZyciaDo><sln:cyklZyciaOd>2014-11-28T00:00:00+01:00</sln:cyklZyciaOd><sln:gmIIPId>acf2e838-e9ce-4247-afa3-8d8701577a9c</sln:gmIIPId><sln:gmIIPPn>PL.PZGIK.200</sln:gmIIPPn><sln:gmIIPWersja>2012-09-26T22:22:14+02:00</sln:gmIIPWersja><sln:gmIdTeryt>2802042</sln:gmIdTeryt><sln:gmNazwa>Lelkowo</sln:gmNazwa><sln:miejscIIPId>1ed6b6fc-ea47-4a0d-9559-514a5aaf47f5</sln:miejscIIPId><sln:miejscIIPPn>PL.PZGIK.200</sln:miejscIIPPn><sln:miejscIIPWersja>2016-11-24T13:26:29+02:00</sln:miejscIIPWersja><sln:miejscIdTeryt>0151443</sln:miejscIdTeryt><sln:miejscNazwa>Jarzeń</sln:miejscNazwa><sln:miejscRodzaj>Wieś</sln:miejscRodzaj><sln:powIIPId>c30a8930-5d33-4129-9d64-f227367db167</sln:powIIPId><sln:powIIPPn>PL.PZGIK.200</sln:powIIPPn><sln:powIIPWersja>2012-09-27T10:00:59+02:00</sln:powIIPWersja><sln:powIdTeryt>2802</sln:powIdTeryt><sln:powNazwa>braniewski</sln:powNazwa><sln:wojIIPId>45e7cfc6-6d8b-42ff-acbd-ef1d0a53dacb</sln:wojIIPId><sln:wojIIPPn>PL.PZGIK.200</sln:wojIIPPn><sln:wojIIPWersja>2012-09-27T13:45:13+02:00</sln:wojIIPWersja><sln:wojIdTeryt>28</sln:wojIdTeryt><sln:wojNazwa>warmińsko-mazurskie</sln:wojNazwa></sln:miejscowosc><sln:miejscowosc><sln:cyklZyciaDo>2016-11-27T00:00:00+01:00</sln:cyklZyciaDo><sln:cyklZyciaOd>2014-11-28T00:00:00+01:00</sln:cyklZyciaOd><sln:gmIIPId>acf2e838-e9ce-4247-afa3-8d8701577a9c</sln:gmIIPId><sln:gmIIPPn>PL.PZGIK.200</sln:gmIIPPn><sln:gmIIPWersja>2012-09-26T22:22:14+02:00</sln:gmIIPWersja><sln:gmIdTeryt>2802042</sln:gmIdTeryt><sln:gmNazwa>Lelkowo</sln:gmNazwa><sln:miejscIIPId>0ff1a0c5-c314-4acc-b595-f6549013d569</sln:miejscIIPId><sln:miejscIIPPn>PL.PZGIK.200</sln:miejscIIPPn><sln:miejscIIPWersja>2016-11-24T13:26:29+02:00</sln:miejscIIPWersja><sln:miejscIdTeryt>0151680</sln:miejscIdTeryt><sln:miejscNazwa>Zagaje</sln:miejscNazwa><sln:miejscRodzaj>Wieś</sln:miejscRodzaj><sln:powIIPId>c30a8930-5d33-4129-9d64-f227367db167</sln:powIIPId><sln:powIIPPn>PL.PZGIK.200</sln:powIIPPn><sln:powIIPWersja>2012-09-27T10:00:59+02:00</sln:powIIPWersja><sln:powIdTeryt>2802</sln:powIdTeryt><sln:powNazwa>braniewski</sln:powNazwa><sln:wojIIPId>45e7cfc6-6d8b-42ff-acbd-ef1d0a53dacb</sln:wojIIPId><sln:wojIIPPn>PL.PZGIK.200</sln:wojIIPPn><sln:wojIIPWersja>2012-09-27T13:45:13+02:00</sln:wojIIPWersja><sln:wojIdTeryt>28</sln:wojIdTeryt><sln:wojNazwa>warmińsko-mazurskie</sln:wojNazwa></sln:miejscowosc><sln:miejscowosc><sln:cyklZyciaDo>2016-11-27T00:00:00+01:00</sln:cyklZyciaDo><sln:cyklZyciaOd>2014-11-28T00:00:00+01:00</sln:cyklZyciaOd><sln:gmIIPId>acf2e838-e9ce-4247-afa3-8d8701577a9c</sln:gmIIPId><sln:gmIIPPn>PL.PZGIK.200</sln:gmIIPPn><sln:gmIIPWersja>2012-09-26T22:22:14+02:00</sln:gmIIPWersja><sln:gmIdTeryt>2802042</sln:gmIdTeryt><sln:gmNazwa>Lelkowo</sln:gmNazwa><sln:miejscIIPId>9528a3b6-7408-452c-a416-5bab423012ab</sln:miejscIIPId><sln:miejscIIPPn>PL.PZGIK.200</sln:miejscIIPPn><sln:miejscIIPWersja>2016-11-24T13:26:29+02:00</sln:miejscIIPWersja><sln:miejscIdTeryt>0151437</sln:miejscIdTeryt><sln:miejscNazwa>Jachowo</sln:miejscNazwa><sln:miejscRodzaj>Wieś</sln:miejscRodzaj><sln:powIIPId>c30a8930-5d33-4129-9d64-f227367db167</sln:powIIPId><sln:powIIPPn>PL.PZGIK.200</sln:powIIPPn><sln:powIIPWersja>2012-09-27T10:00:59+02:00</sln:powIIPWersja><sln:powIdTeryt>2802</sln:powIdTeryt><sln:powNazwa>braniewski</sln:powNazwa><sln:wojIIPId>45e7cfc6-6d8b-42ff-acbd-ef1d0a53dacb</sln:wojIIPId><sln:wojIIPPn>PL.PZGIK.200</sln:wojIIPPn><sln:wojIIPWersja>2012-09-27T13:45:13+02:00</sln:wojIIPWersja><sln:wojIdTeryt>28</sln:wojIdTeryt><sln:wojNazwa>warmińsko-mazurskie</sln:wojNazwa></sln:miejscowosc><sln:miejscowosc><sln:cyklZyciaDo>2016-11-27T00:00:00+01:00</sln:cyklZyciaDo><sln:cyklZyciaOd>2014-11-28T00:00:00+01:00</sln:cyklZyciaOd><sln:gmIIPId>acf2e838-e9ce-4247-afa3-8d8701577a9c</sln:gmIIPId><sln:gmIIPPn>PL.PZGIK.200</sln:gmIIPPn><sln:gmIIPWersja>2012-09-26T22:22:14+02:00</sln:gmIIPWersja><sln:gmIdTeryt>2802042</sln:gmIdTeryt><sln:gmNazwa>Lelkowo</sln:gmNazwa><sln:miejscIIPId>b773ea35-051e-4221-8e96-5b15e0e676bb</sln:miejscIIPId><sln:miejscIIPPn>PL.PZGIK.200</sln:miejscIIPPn><sln:miejscIIPWersja>2016-11-24T13:26:29+02:00</sln:miejscIIPWersja><sln:miejscIdTeryt>0151667</sln:miejscIdTeryt><sln:miejscNazwa>Wola Wilknicka</sln:miejscNazwa><sln:miejscRodzaj>Wieś</sln:miejscRodzaj><sln:powIIPId>c30a8930-5d33-4129-9d64-f227367db167</sln:powIIPId><sln:powIIPPn>PL.PZGIK.200</sln:powIIPPn><sln:powIIPWersja>2012-09-27T10:00:59+02:00</sln:powIIPWersja><sln:powIdTeryt>2802</sln:powIdTeryt><sln:powNazwa>braniewski</sln:powNazwa><sln:wojIIPId>45e7cfc6-6d8b-42ff-acbd-ef1d0a53dacb</sln:wojIIPId><sln:wojIIPPn>PL.PZGIK.200</sln:wojIIPPn><sln:wojIIPWersja>2012-09-27T13:45:13+02:00</sln:wojIIPWersja><sln:wojIdTeryt>28</sln:wojIdTeryt><sln:wojNazwa>warmińsko-mazurskie</sln:wojNazwa></sln:miejscowosc><sln:miejscowosc><sln:cyklZyciaDo>2016-11-27T00:00:00+01:00</sln:cyklZyciaDo><sln:cyklZyciaOd>2014-11-28T00:00:00+01:00</sln:cyklZyciaOd><sln:gmIIPId>acf2e838-e9ce-4247-afa3-8d8701577a9c</sln:gmIIPId><sln:gmIIPPn>PL.PZGIK.200</sln:gmIIPPn><sln:gmIIPWersja>2012-09-26T22:22:14+02:00</sln:gmIIPWersja><sln:gmIdTeryt>2802042</sln:gmIdTeryt><sln:gmNazwa>Lelkowo</sln:gmNazwa><sln:miejscIIPId>fac46a9d-dff5-43ed-b1e8-5753221dbae4</sln:miejscIIPId><sln:miejscIIPPn>PL.PZGIK.200</sln:miejscIIPPn><sln:miejscIIPWersja>2016-11-24T13:26:29+02:00</sln:miejscIIPWersja><sln:miejscIdTeryt>5002343</sln:miejscIdTeryt><sln:miejscNazwa>Kolonia Lelkowo</sln:miejscNazwa><sln:miejscRodzaj>Kolonia</sln:miejscRodzaj><sln:powIIPId>c30a8930-5d33-4129-9d64-f227367db167</sln:powIIPId><sln:powIIPPn>PL.PZGIK.200</sln:powIIPPn><sln:powIIPWersja>2012-09-27T10:00:59+02:00</sln:powIIPWersja><sln:powIdTeryt>2802</sln:powIdTeryt><sln:powNazwa>braniewski</sln:powNazwa><sln:wojIIPId>45e7cfc6-6d8b-42ff-acbd-ef1d0a53dacb</sln:wojIIPId><sln:wojIIPPn>PL.PZGIK.200</sln:wojIIPPn><sln:wojIIPWersja>2012-09-27T13:45:13+02:00</sln:wojIIPWersja><sln:wojIdTeryt>28</sln:wojIdTeryt><sln:wojNazwa>warmińsko-mazurskie</sln:wojNazwa></sln:miejscowosc><sln:miejscowosc><sln:cyklZyciaDo>2016-11-27T00:00:00+01:00</sln:cyklZyciaDo><sln:cyklZyciaOd>2014-11-28T00:00:00+01:00</sln:cyklZyciaOd><sln:gmIIPId>acf2e838-e9ce-4247-afa3-8d8701577a9c</sln:gmIIPId><sln:gmIIPPn>PL.PZGIK.200</sln:gmIIPPn><sln:gmIIPWersja>2012-09-26T22:22:14+02:00</sln:gmIIPWersja><sln:gmIdTeryt>2802042</sln:gmIdTeryt><sln:gmNazwa>Lelkowo</sln:gmNazwa><sln:miejscIIPId>8780bade-4f74-4e18-88ed-1ca82c338365</sln:miejscIIPId><sln:miejscIIPPn>PL.PZGIK.200</sln:miejscIIPPn><sln:miejscIIPWersja>2016-11-24T13:26:29+02:00</sln:miejscIIPWersja><sln:miejscIdTeryt>5001916</sln:miejscIdTeryt><sln:miejscNazwa>Kolonia Jachowo</sln:miejscNazwa><sln:miejscRodzaj>Kolonia</sln:miejscRodzaj><sln:powIIPId>c30a8930-5d33-4129-9d64-f227367db167</sln:powIIPId><sln:powIIPPn>PL.PZGIK.200</sln:powIIPPn><sln:powIIPWersja>2012-09-27T10:00:59+02:00</sln:powIIPWersja><sln:powIdTeryt>2802</sln:powIdTeryt><sln:powNazwa>braniewski</sln:powNazwa><sln:wojIIPId>45e7cfc6-6d8b-42ff-acbd-ef1d0a53dacb</sln:wojIIPId><sln:wojIIPPn>PL.PZGIK.200</sln:wojIIPPn><sln:wojIIPWersja>2012-09-27T13:45:13+02:00</sln:wojIIPWersja><sln:wojIdTeryt>28</sln:wojIdTeryt><sln:wojNazwa>warmińsko-mazurskie</sln:wojNazwa></sln:miejscowosc><sln:miejscowosc><sln:cyklZyciaDo>2016-11-27T00:00:00+01:00</sln:cyklZyciaDo><sln:cyklZyciaOd>2014-11-28T00:00:00+01:00</sln:cyklZyciaOd><sln:gmIIPId>acf2e838-e9ce-4247-afa3-8d8701577a9c</sln:gmIIPId><sln:gmIIPPn>PL.PZGIK.200</sln:gmIIPPn><sln:gmIIPWersja>2012-09-26T22:22:14+02:00</sln:gmIIPWersja><sln:gmIdTeryt>2802042</sln:gmIdTeryt><sln:gmNazwa>Lelkowo</sln:gmNazwa><sln:miejscIIPId>f6685338-1895-4958-875f-bc9ffe61583f</sln:miejscIIPId><sln:miejscIIPPn>PL.PZGIK.200</sln:miejscIIPPn><sln:miejscIIPWersja>2016-11-24T13:26:29+02:00</sln:miejscIIPWersja><sln:miejscIdTeryt>0151510</sln:miejscIdTeryt><sln:miejscNazwa>Lutkowo</sln:miejscNazwa><sln:miejscRodzaj>Wieś</sln:miejscRodzaj><sln:powIIPId>c30a8930-5d33-4129-9d64-f227367db167</sln:powIIPId><sln:powIIPPn>PL.PZGIK.200</sln:powIIPPn><sln:powIIPWersja>2012-09-27T10:00:59+02:00</sln:powIIPWersja><sln:powIdTeryt>2802</sln:powIdTeryt><sln:powNazwa>braniewski</sln:powNazwa><sln:wojIIPId>45e7cfc6-6d8b-42ff-acbd-ef1d0a53dacb</sln:wojIIPId><sln:wojIIPPn>PL.PZGIK.200</sln:wojIIPPn><sln:wojIIPWersja>2012-09-27T13:45:13+02:00</sln:wojIIPWersja><sln:wojIdTeryt>28</sln:wojIdTeryt><sln:wojNazwa>warmińsko-mazurskie</sln:wojNazwa></sln:miejscowosc><sln:miejscowosc><sln:cyklZyciaDo>2016-11-27T00:00:00+01:00</sln:cyklZyciaDo><sln:cyklZyciaOd>2014-11-28T00:00:00+01:00</sln:cyklZyciaOd><sln:gmIIPId>acf2e838-e9ce-4247-afa3-8d8701577a9c</sln:gmIIPId><sln:gmIIPPn>PL.PZGIK.200</sln:gmIIPPn><sln:gmIIPWersja>2012-09-26T22:22:14+02:00</sln:gmIIPWersja><sln:gmIdTeryt>2802042</sln:gmIdTeryt><sln:gmNazwa>Lelkowo</sln:gmNazwa><sln:miejscIIPId>3ee23458-51d5-46ad-af29-6cb31200b933</sln:miejscIIPId><sln:miejscIIPPn>PL.PZGIK.200</sln:miejscIIPPn><sln:miejscIIPWersja>2016-11-24T13:26:29+02:00</sln:miejscIIPWersja><sln:miejscIdTeryt>0151420</sln:miejscIdTeryt><sln:miejscNazwa>Grabowiec</sln:miejscNazwa><sln:miejscRodzaj>Wieś</sln:miejscRodzaj><sln:powIIPId>c30a8930-5d33-4129-9d64-f227367db167</sln:powIIPId><sln:powIIPPn>PL.PZGIK.200</sln:powIIPPn><sln:powIIPWersja>2012-09-27T10:00:59+02:00</sln:powIIPWersja><sln:powIdTeryt>2802</sln:powIdTeryt><sln:powNazwa>braniewski</sln:powNazwa><sln:wojIIPId>45e7cfc6-6d8b-42ff-acbd-ef1d0a53dacb</sln:wojIIPId><sln:wojIIPPn>PL.PZGIK.200</sln:wojIIPPn><sln:wojIIPWersja>2012-09-27T13:45:13+02:00</sln:wojIIPWersja><sln:wojIdTeryt>28</sln:wojIdTeryt><sln:wojNazwa>warmińsko-mazurskie</sln:wojNazwa></sln:miejscowosc><sln:miejscowosc><sln:cyklZyciaDo>2016-11-27T00:00:00+01:00</sln:cyklZyciaDo><sln:cyklZyciaOd>2014-11-28T00:00:00+01:00</sln:cyklZyciaOd><sln:gmIIPId>acf2e838-e9ce-4247-afa3-8d8701577a9c</sln:gmIIPId><sln:gmIIPPn>PL.PZGIK.200</sln:gmIIPPn><sln:gmIIPWersja>2012-09-26T22:22:14+02:00</sln:gmIIPWersja><sln:gmIdTeryt>2802042</sln:gmIdTeryt><sln:gmNazwa>Lelkowo</sln:gmNazwa><sln:miejscIIPId>9578b608-bd3f-4983-ad40-29d05b49c103</sln:miejscIIPId><sln:miejscIIPPn>PL.PZGIK.200</sln:miejscIIPPn><sln:miejscIIPWersja>2016-11-24T13:26:29+02:00</sln:miejscIIPWersja><sln:miejscIdTeryt>5002322</sln:miejscIdTeryt><sln:miejscNazwa>Kolonia Kwiatkowo</sln:miejscNazwa><sln:miejscRodzaj>Kolonia</sln:miejscRodzaj><sln:powIIPId>c30a8930-5d33-4129-9d64-f227367db167</sln:powIIPId><sln:powIIPPn>PL.PZGIK.200</sln:powIIPPn><sln:powIIPWersja>2012-09-27T10:00:59+02:00</sln:powIIPWersja><sln:powIdTeryt>2802</sln:powIdTeryt><sln:powNazwa>braniewski</sln:powNazwa><sln:wojIIPId>45e7cfc6-6d8b-42ff-acbd-ef1d0a53dacb</sln:wojIIPId><sln:wojIIPPn>PL.PZGIK.200</sln:wojIIPPn><sln:wojIIPWersja>2012-09-27T13:45:13+02:00</sln:wojIIPWersja><sln:wojIdTeryt>28</sln:wojIdTeryt><sln:wojNazwa>warmińsko-mazurskie</sln:wojNazwa></sln:miejscowosc><sln:miejscowosc><sln:cyklZyciaDo>2016-11-27T00:00:00+01:00</sln:cyklZyciaDo><sln:cyklZyciaOd>2014-11-28T00:00:00+01:00</sln:cyklZyciaOd><sln:gmIIPId>acf2e838-e9ce-4247-afa3-8d8701577a9c</sln:gmIIPId><sln:gmIIPPn>PL.PZGIK.200</sln:gmIIPPn><sln:gmIIPWersja>2012-09-26T22:22:14+02:00</sln:gmIIPWersja><sln:gmIdTeryt>2802042</sln:gmIdTeryt><sln:gmNazwa>Lelkowo</sln:gmNazwa><sln:miejscIIPId>c8163f0c-3d0f-4575-8600-da40e301af69</sln:miejscIIPId><sln:miejscIIPPn>PL.PZGIK.200</sln:miejscIIPPn><sln:miejscIIPWersja>2016-11-24T13:26:29+02:00</sln:miejscIIPWersja><sln:miejscIdTeryt>5001690</sln:miejscIdTeryt><sln:miejscNazwa>Kolonia Glebock</sln:miejscNazwa><sln:miejscRodzaj>Kolonia</sln:miejscRodzaj><sln:powIIPId>c30a8930-5d33-4129-9d64-f227367db167</sln:powIIPId><sln:powIIPPn>PL.PZGIK.200</sln:powIIPPn><sln:powIIPWersja>2012-09-27T10:00:59+02:00</sln:powIIPWersja><sln:powIdTeryt>2802</sln:powIdTeryt><sln:powNazwa>braniewski</sln:powNazwa><sln:wojIIPId>45e7cfc6-6d8b-42ff-acbd-ef1d0a53dacb</sln:wojIIPId><sln:wojIIPPn>PL.PZGIK.200</sln:wojIIPPn><sln:wojIIPWersja>2012-09-27T13:45:13+02:00</sln:wojIIPWersja><sln:wojIdTeryt>28</sln:wojIdTeryt><sln:wojNazwa>warmińsko-mazurskie</sln:wojNazwa></sln:miejscowosc><sln:miejscowosc><sln:cyklZyciaDo>2016-11-27T00:00:00+01:00</sln:cyklZyciaDo><sln:cyklZyciaOd>2014-11-28T00:00:00+01:00</sln:cyklZyciaOd><sln:gmIIPId>acf2e838-e9ce-4247-afa3-8d8701577a9c</sln:gmIIPId><sln:gmIIPPn>PL.PZGIK.200</sln:gmIIPPn><sln:gmIIPWersja>2012-09-26T22:22:14+02:00</sln:gmIIPWersja><sln:gmIdTeryt>2802042</sln:gmIdTeryt><sln:gmNazwa>Lelkowo</sln:gmNazwa><sln:miejscIIPId>db46794b-5a54-4603-92f4-0027057974a1</sln:miejscIIPId><sln:miejscIIPPn>PL.PZGIK.200</sln:miejscIIPPn><sln:miejscIIPWersja>2016-11-24T13:26:29+02:00</sln:miejscIIPWersja><sln:miejscIdTeryt>0151489</sln:miejscIdTeryt><sln:miejscNazwa>Kwiatkowo</sln:miejscNazwa><sln:miejscRodzaj>Wieś</sln:miejscRodzaj><sln:powIIPId>c30a8930-5d33-4129-9d64-f227367db167</sln:powIIPId><sln:powIIPPn>PL.PZGIK.200</sln:powIIPPn><sln:powIIPWersja>2012-09-27T10:00:59+02:00</sln:powIIPWersja><sln:powIdTeryt>2802</sln:powIdTeryt><sln:powNazwa>braniewski</sln:powNazwa><sln:wojIIPId>45e7cfc6-6d8b-42ff-acbd-ef1d0a53dacb</sln:wojIIPId><sln:wojIIPPn>PL.PZGIK.200</sln:wojIIPPn><sln:wojIIPWersja>2012-09-27T13:45:13+02:00</sln:wojIIPWersja><sln:wojIdTeryt>28</sln:wojIdTeryt><sln:wojNazwa>warmińsko-mazurskie</sln:wojNazwa></sln:miejscowosc><sln:miejscowosc><sln:cyklZyciaDo>2016-11-27T00:00:00+01:00</sln:cyklZyciaDo><sln:cyklZyciaOd>2014-11-28T00:00:00+01:00</sln:cyklZyciaOd><sln:gmIIPId>acf2e838-e9ce-4247-afa3-8d8701577a9c</sln:gmIIPId><sln:gmIIPPn>PL.PZGIK.200</sln:gmIIPPn><sln:gmIIPWersja>2012-09-26T22:22:14+02:00</sln:gmIIPWersja><sln:gmIdTeryt>2802042</sln:gmIdTeryt><sln:gmNazwa>Lelkowo</sln:gmNazwa><sln:miejscIIPId>fbf06a4a-0a71-47d1-ba09-4c4f4ff55aad</sln:miejscIIPId><sln:miejscIIPPn>PL.PZGIK.200</sln:miejscIIPPn><sln:miejscIIPWersja>2016-11-24T13:26:29+02:00</sln:miejscIIPWersja><sln:miejscIdTeryt>0151414</sln:miejscIdTeryt><sln:miejscNazwa>Głębock</sln:miejscNazwa><sln:miejscRodzaj>Wieś</sln:miejscRodzaj><sln:powIIPId>c30a8930-5d33-4129-9d64-f227367db167</sln:powIIPId><sln:powIIPPn>PL.PZGIK.200</sln:powIIPPn><sln:powIIPWersja>2012-09-27T10:00:59+02:00</sln:powIIPWersja><sln:powIdTeryt>2802</sln:powIdTeryt><sln:powNazwa>braniewski</sln:powNazwa><sln:wojIIPId>45e7cfc6-6d8b-42ff-acbd-ef1d0a53dacb</sln:wojIIPId><sln:wojIIPPn>PL.PZGIK.200</sln:wojIIPPn><sln:wojIIPWersja>2012-09-27T13:45:13+02:00</sln:wojIIPWersja><sln:wojIdTeryt>28</sln:wojIdTeryt><sln:wojNazwa>warmińsko-mazurskie</sln:wojNazwa></sln:miejscowosc><sln:miejscowosc><sln:cyklZyciaDo>2016-11-27T00:00:00+01:00</sln:cyklZyciaDo><sln:cyklZyciaOd>2014-11-28T00:00:00+01:00</sln:cyklZyciaOd><sln:gmIIPId>acf2e838-e9ce-4247-afa3-8d8701577a9c</sln:gmIIPId><sln:gmIIPPn>PL.PZGIK.200</sln:gmIIPPn><sln:gmIIPWersja>2012-09-26T22:22:14+02:00</sln:gmIIPWersja><sln:gmIdTeryt>2802042</sln:gmIdTeryt><sln:gmNazwa>Lelkowo</sln:gmNazwa><sln:miejscIIPId>d953eedb-5fde-4334-a653-e64a2097873c</sln:miejscIIPId><sln:miejscIIPPn>PL.PZGIK.200</sln:miejscIIPPn><sln:miejscIIPWersja>2016-11-24T13:26:29+02:00</sln:miejscIIPWersja><sln:miejscIdTeryt>0151549</sln:miejscIdTeryt><sln:miejscNazwa>Przebędowo</sln:miejscNazwa><sln:miejscRodzaj>Osada</sln:miejscRodzaj><sln:powIIPId>c30a8930-5d33-4129-9d64-f227367db167</sln:powIIPId><sln:powIIPPn>PL.PZGIK.200</sln:powIIPPn><sln:powIIPWersja>2012-09-27T10:00:59+02:00</sln:powIIPWersja><sln:powIdTeryt>2802</sln:powIdTeryt><sln:powNazwa>braniewski</sln:powNazwa><sln:wojIIPId>45e7cfc6-6d8b-42ff-acbd-ef1d0a53dacb</sln:wojIIPId><sln:wojIIPPn>PL.PZGIK.200</sln:wojIIPPn><sln:wojIIPWersja>2012-09-27T13:45:13+02:00</sln:wojIIPWersja><sln:wojIdTeryt>28</sln:wojIdTeryt><sln:wojNazwa>warmińsko-mazurskie</sln:wojNazwa></sln:miejscowosc><sln:miejscowosc><sln:cyklZyciaDo>2016-11-27T00:00:00+01:00</sln:cyklZyciaDo><sln:cyklZyciaOd>2014-11-28T00:00:00+01:00</sln:cyklZyciaOd><sln:gmIIPId>acf2e838-e9ce-4247-afa3-8d8701577a9c</sln:gmIIPId><sln:gmIIPPn>PL.PZGIK.200</sln:gmIIPPn><sln:gmIIPWersja>2012-09-26T22:22:14+02:00</sln:gmIIPWersja><sln:gmIdTeryt>2802042</sln:gmIdTeryt><sln:gmNazwa>Lelkowo</sln:gmNazwa><sln:miejscIIPId>639b12ae-e1c8-4bad-ba60-42d75d6c74e5</sln:miejscIIPId><sln:miejscIIPPn>PL.PZGIK.200</sln:miejscIIPPn><sln:miejscIIPWersja>2016-11-24T13:26:29+02:00</sln:miejscIIPWersja><sln:miejscIdTeryt>0151503</sln:miejscIdTeryt><sln:miejscNazwa>Młyniec</sln:miejscNazwa><sln:miejscRodzaj>Kolonia</sln:miejscRodzaj><sln:powIIPId>c30a8930-5d33-4129-9d64-f227367db167</sln:powIIPId><sln:powIIPPn>PL.PZGIK.200</sln:powIIPPn><sln:powIIPWersja>2012-09-27T10:00:59+02:00</sln:powIIPWersja><sln:powIdTeryt>2802</sln:powIdTeryt><sln:powNazwa>braniewski</sln:powNazwa><sln:wojIIPId>45e7cfc6-6d8b-42ff-acbd-ef1d0a53dacb</sln:wojIIPId><sln:wojIIPPn>PL.PZGIK.200</sln:wojIIPPn><sln:wojIIPWersja>2012-09-27T13:45:13+02:00</sln:wojIIPWersja><sln:wojIdTeryt>28</sln:wojIdTeryt><sln:wojNazwa>warmińsko-mazurskie</sln:wojNazwa></sln:miejscowosc><sln:miejscowosc><sln:cyklZyciaDo>2016-11-27T00:00:00+01:00</sln:cyklZyciaDo><sln:cyklZyciaOd>2014-11-28T00:00:00+01:00</sln:cyklZyciaOd><sln:gmIIPId>acf2e838-e9ce-4247-afa3-8d8701577a9c</sln:gmIIPId><sln:gmIIPPn>PL.PZGIK.200</sln:gmIIPPn><sln:gmIIPWersja>2012-09-26T22:22:14+02:00</sln:gmIIPWersja><sln:gmIdTeryt>2802042</sln:gmIdTeryt><sln:gmNazwa>Lelkowo</sln:gmNazwa><sln:miejscIIPId>b9be1d4d-0ff0-4238-88dd-0539af338709</sln:miejscIIPId><sln:miejscIIPPn>PL.PZGIK.200</sln:miejscIIPPn><sln:miejscIIPWersja>2016-11-24T13:26:29+02:00</sln:miejscIIPWersja><sln:miejscIdTeryt>0151638</sln:miejscIdTeryt><sln:miejscNazwa>Giedawy</sln:miejscNazwa><sln:miejscRodzaj>Kolonia</sln:miejscRodzaj><sln:powIIPId>c30a8930-5d33-4129-9d64-f227367db167</sln:powIIPId><sln:powIIPPn>PL.PZGIK.200</sln:powIIPPn><sln:powIIPWersja>2012-09-27T10:00:59+02:00</sln:powIIPWersja><sln:powIdTeryt>2802</sln:powIdTeryt><sln:powNazwa>braniewski</sln:powNazwa><sln:wojIIPId>45e7cfc6-6d8b-42ff-acbd-ef1d0a53dacb</sln:wojIIPId><sln:wojIIPPn>PL.PZGIK.200</sln:wojIIPPn><sln:wojIIPWersja>2012-09-27T13:45:13+02:00</sln:wojIIPWersja><sln:wojIdTeryt>28</sln:wojIdTeryt><sln:wojNazwa>warmińsko-mazurskie</sln:wojNazwa></sln:miejscowosc><sln:miejscowosc><sln:cyklZyciaDo>2016-11-27T00:00:00+01:00</sln:cyklZyciaDo><sln:cyklZyciaOd>2014-11-28T00:00:00+01:00</sln:cyklZyciaOd><sln:gmIIPId>acf2e838-e9ce-4247-afa3-8d8701577a9c</sln:gmIIPId><sln:gmIIPPn>PL.PZGIK.200</sln:gmIIPPn><sln:gmIIPWersja>2012-09-26T22:22:14+02:00</sln:gmIIPWersja><sln:gmIdTeryt>2802042</sln:gmIdTeryt><sln:gmNazwa>Lelkowo</sln:gmNazwa><sln:miejscIIPId>ee3aed0b-7677-40c7-9a54-d03e49c2fcd8</sln:miejscIIPId><sln:miejscIIPPn>PL.PZGIK.200</sln:miejscIIPPn><sln:miejscIIPWersja>2016-11-24T13:26:29+02:00</sln:miejscIIPWersja><sln:miejscIdTeryt>0151466</sln:miejscIdTeryt><sln:miejscNazwa>Kildajny</sln:miejscNazwa><sln:miejscRodzaj>Osada</sln:miejscRodzaj><sln:powIIPId>c30a8930-5d33-4129-9d64-f227367db167</sln:powIIPId><sln:powIIPPn>PL.PZGIK.200</sln:powIIPPn><sln:powIIPWersja>2012-09-27T10:00:59+02:00</sln:powIIPWersja><sln:powIdTeryt>2802</sln:powIdTeryt><sln:powNazwa>braniewski</sln:powNazwa><sln:wojIIPId>45e7cfc6-6d8b-42ff-acbd-ef1d0a53dacb</sln:wojIIPId><sln:wojIIPPn>PL.PZGIK.200</sln:wojIIPPn><sln:wojIIPWersja>2012-09-27T13:45:13+02:00</sln:wojIIPWersja><sln:wojIdTeryt>28</sln:wojIdTeryt><sln:wojNazwa>warmińsko-mazurskie</sln:wojNazwa></sln:miejscowosc><sln:miejscowosc><sln:cyklZyciaDo>2016-11-27T00:00:00+01:00</sln:cyklZyciaDo><sln:cyklZyciaOd>2014-11-28T00:00:00+01:00</sln:cyklZyciaOd><sln:gmIIPId>acf2e838-e9ce-4247-afa3-8d8701577a9c</sln:gmIIPId><sln:gmIIPPn>PL.PZGIK.200</sln:gmIIPPn><sln:gmIIPWersja>2012-09-26T22:22:14+02:00</sln:gmIIPWersja><sln:gmIdTeryt>2802042</sln:gmIdTeryt><sln:gmNazwa>Lelkowo</sln:gmNazwa><sln:miejscIIPId>a34c8378-664e-424a-8205-6e9e1f7bfea6</sln:miejscIIPId><sln:miejscIIPPn>PL.PZGIK.200</sln:miejscIIPPn><sln:miejscIIPWersja>2016-11-24T13:26:29+02:00</sln:miejscIIPWersja><sln:miejscIdTeryt>0151615</sln:miejscIdTeryt><sln:miejscNazwa>Wilknicki Młyn</sln:miejscNazwa><sln:miejscRodzaj>Osada</sln:miejscRodzaj><sln:powIIPId>c30a8930-5d33-4129-9d64-f227367db167</sln:powIIPId><sln:powIIPPn>PL.PZGIK.200</sln:powIIPPn><sln:powIIPWersja>2012-09-27T10:00:59+02:00</sln:powIIPWersja><sln:powIdTeryt>2802</sln:powIdTeryt><sln:powNazwa>braniewski</sln:powNazwa><sln:wojIIPId>45e7cfc6-6d8b-42ff-acbd-ef1d0a53dacb</sln:wojIIPId><sln:wojIIPPn>PL.PZGIK.200</sln:wojIIPPn><sln:wojIIPWersja>2012-09-27T13:45:13+02:00</sln:wojIIPWersja><sln:wojIdTeryt>28</sln:wojIdTeryt><sln:wojNazwa>warmińsko-mazurskie</sln:wojNazwa></sln:miejscowosc><sln:miejscowosc><sln:cyklZyciaDo>2016-11-27T00:00:00+01:00</sln:cyklZyciaDo><sln:cyklZyciaOd>2014-11-28T00:00:00+01:00</sln:cyklZyciaOd><sln:gmIIPId>acf2e838-e9ce-4247-afa3-8d8701577a9c</sln:gmIIPId><sln:gmIIPPn>PL.PZGIK.200</sln:gmIIPPn><sln:gmIIPWersja>2012-09-26T22:22:14+02:00</sln:gmIIPWersja><sln:gmIdTeryt>2802042</sln:gmIdTeryt><sln:gmNazwa>Lelkowo</sln:gmNazwa><sln:miejscIIPId>beee6dc7-6e71-4bf6-9b0c-9c80bf6ec293</sln:miejscIIPId><sln:miejscIIPPn>PL.PZGIK.200</sln:miejscIIPPn><sln:miejscIIPWersja>2016-11-24T13:26:29+02:00</sln:miejscIIPWersja><sln:miejscIdTeryt>0151590</sln:miejscIdTeryt><sln:miejscNazwa>Bartki</sln:miejscNazwa><sln:miejscRodzaj>Wieś</sln:miejscRodzaj><sln:powIIPId>c30a8930-5d33-4129-9d64-f227367db167</sln:powIIPId><sln:powIIPPn>PL.PZGIK.200</sln:powIIPPn><sln:powIIPWersja>2012-09-27T10:00:59+02:00</sln:powIIPWersja><sln:powIdTeryt>2802</sln:powIdTeryt><sln:powNazwa>braniewski</sln:powNazwa><sln:wojIIPId>45e7cfc6-6d8b-42ff-acbd-ef1d0a53dacb</sln:wojIIPId><sln:wojIIPPn>PL.PZGIK.200</sln:wojIIPPn><sln:wojIIPWersja>2012-09-27T13:45:13+02:00</sln:wojIIPWersja><sln:wojIdTeryt>28</sln:wojIdTeryt><sln:wojNazwa>warmińsko-mazurskie</sln:wojNazwa></sln:miejscowosc><sln:miejscowosc><sln:cyklZyciaDo>2016-11-27T00:00:00+01:00</sln:cyklZyciaDo><sln:cyklZyciaOd>2014-11-28T00:00:00+01:00</sln:cyklZyciaOd><sln:gmIIPId>acf2e838-e9ce-4247-afa3-8d8701577a9c</sln:gmIIPId><sln:gmIIPPn>PL.PZGIK.200</sln:gmIIPPn><sln:gmIIPWersja>2012-09-26T22:22:14+02:00</sln:gmIIPWersja><sln:gmIdTeryt>2802042</sln:gmIdTeryt><sln:gmNazwa>Lelkowo</sln:gmNazwa><sln:miejscIIPId>ebeb4608-b96e-41ca-9146-4185dfaef1a6</sln:miejscIIPId><sln:miejscIIPPn>PL.PZGIK.200</sln:miejscIIPPn><sln:miejscIIPWersja>2016-11-24T13:26:29+02:00</sln:miejscIIPWersja><sln:miejscIdTeryt>0126480</sln:miejscIdTeryt><sln:miejscNazwa>Kolonia Sówki</sln:miejscNazwa><sln:miejscRodzaj>Inny obiekt</sln:miejscRodzaj><sln:powIIPId>c30a8930-5d33-4129-9d64-f227367db167</sln:powIIPId><sln:powIIPPn>PL.PZGIK.200</sln:powIIPPn><sln:powIIPWersja>2012-09-27T10:00:59+02:00</sln:powIIPWersja><sln:powIdTeryt>2802</sln:powIdTeryt><sln:powNazwa>braniewski</sln:powNazwa><sln:wojIIPId>45e7cfc6-6d8b-42ff-acbd-ef1d0a53dacb</sln:wojIIPId><sln:wojIIPPn>PL.PZGIK.200</sln:wojIIPPn><sln:wojIIPWersja>2012-09-27T13:45:13+02:00</sln:wojIIPWersja><sln:wojIdTeryt>28</sln:wojIdTeryt><sln:wojNazwa>warmińsko-mazurskie</sln:wojNazwa></sln:miejscowosc><sln:miejscowosc><sln:cyklZyciaDo>2016-11-27T00:00:00+01:00</sln:cyklZyciaDo><sln:cyklZyciaOd>2014-11-28T00:00:00+01:00</sln:cyklZyciaOd><sln:gmIIPId>acf2e838-e9ce-4247-afa3-8d8701577a9c</sln:gmIIPId><sln:gmIIPPn>PL.PZGIK.200</sln:gmIIPPn><sln:gmIIPWersja>2012-09-26T22:22:14+02:00</sln:gmIIPWersja><sln:gmIdTeryt>2802042</sln:gmIdTeryt><sln:gmNazwa>Lelkowo</sln:gmNazwa><sln:miejscIIPId>4804820a-df0a-4d39-975c-95784b7833b6</sln:miejscIIPId><sln:miejscIIPPn>PL.PZGIK.200</sln:miejscIIPPn><sln:miejscIIPWersja>2016-11-24T13:26:29+02:00</sln:miejscIIPWersja><sln:miejscIdTeryt>0151609</sln:miejscIdTeryt><sln:miejscNazwa>Słup</sln:miejscNazwa><sln:miejscRodzaj>Kolonia</sln:miejscRodzaj><sln:powIIPId>c30a8930-5d33-4129-9d64-f227367db167</sln:powIIPId><sln:powIIPPn>PL.PZGIK.200</sln:powIIPPn><sln:powIIPWersja>2012-09-27T10:00:59+02:00</sln:powIIPWersja><sln:powIdTeryt>2802</sln:powIdTeryt><sln:powNazwa>braniewski</sln:powNazwa><sln:wojIIPId>45e7cfc6-6d8b-42ff-acbd-ef1d0a53dacb</sln:wojIIPId><sln:wojIIPPn>PL.PZGIK.200</sln:wojIIPPn><sln:wojIIPWersja>2012-09-27T13:45:13+02:00</sln:wojIIPWersja><sln:wojIdTeryt>28</sln:wojIdTeryt><sln:wojNazwa>warmińsko-mazurskie</sln:wojNazwa></sln:miejscowosc><sln:miejscowosc><sln:cyklZyciaDo>2016-11-27T00:00:00+01:00</sln:cyklZyciaDo><sln:cyklZyciaOd>2014-11-28T00:00:00+01:00</sln:cyklZyciaOd><sln:gmIIPId>acf2e838-e9ce-4247-afa3-8d8701577a9c</sln:gmIIPId><sln:gmIIPPn>PL.PZGIK.200</sln:gmIIPPn><sln:gmIIPWersja>2012-09-26T22:22:14+02:00</sln:gmIIPWersja><sln:gmIdTeryt>2802042</sln:gmIdTeryt><sln:gmNazwa>Lelkowo</sln:gmNazwa><sln:miejscIIPId>e2e5b989-14cf-4ff7-8af3-96b1f0636257</sln:miejscIIPId><sln:miejscIIPPn>PL.PZGIK.200</sln:miejscIIPPn><sln:miejscIIPWersja>2016-11-24T13:26:29+02:00</sln:miejscIIPWersja><sln:miejscIdTeryt>0151673</sln:miejscIdTeryt><sln:miejscNazwa>Wyszkowo</sln:miejscNazwa><sln:miejscRodzaj>Osada</sln:miejscRodzaj><sln:powIIPId>c30a8930-5d33-4129-9d64-f227367db167</sln:powIIPId><sln:powIIPPn>PL.PZGIK.200</sln:powIIPPn><sln:powIIPWersja>2012-09-27T10:00:59+02:00</sln:powIIPWersja><sln:powIdTeryt>2802</sln:powIdTeryt><sln:powNazwa>braniewski</sln:powNazwa><sln:wojIIPId>45e7cfc6-6d8b-42ff-acbd-ef1d0a53dacb</sln:wojIIPId><sln:wojIIPPn>PL.PZGIK.200</sln:wojIIPPn><sln:wojIIPWersja>2012-09-27T13:45:13+02:00</sln:wojIIPWersja><sln:wojIdTeryt>28</sln:wojIdTeryt><sln:wojNazwa>warmińsko-mazurskie</sln:wojNazwa></sln:miejscowosc><sln:miejscowosc><sln:cyklZyciaDo>2016-11-27T00:00:00+01:00</sln:cyklZyciaDo><sln:cyklZyciaOd>2014-11-28T00:00:00+01:00</sln:cyklZyciaOd><sln:gmIIPId>acf2e838-e9ce-4247-afa3-8d8701577a9c</sln:gmIIPId><sln:gmIIPPn>PL.PZGIK.200</sln:gmIIPPn><sln:gmIIPWersja>2012-09-26T22:22:14+02:00</sln:gmIIPWersja><sln:gmIdTeryt>2802042</sln:gmIdTeryt><sln:gmNazwa>Lelkowo</sln:gmNazwa><sln:miejscIIPId>d629e75d-ad06-45b7-8cd7-e0b0d49da11c</sln:miejscIIPId><sln:miejscIIPPn>PL.PZGIK.200</sln:miejscIIPPn><sln:miejscIIPWersja>2016-11-24T13:26:29+02:00</sln:miejscIIPWersja><sln:miejscIdTeryt>0151450</sln:miejscIdTeryt><sln:miejscNazwa>Jarzeński Młyn</sln:miejscNazwa><sln:miejscRodzaj>Inny obiekt</sln:miejscRodzaj><sln:powIIPId>c30a8930-5d33-4129-9d64-f227367db167</sln:powIIPId><sln:powIIPPn>PL.PZGIK.200</sln:powIIPPn><sln:powIIPWersja>2012-09-27T10:00:59+02:00</sln:powIIPWersja><sln:powIdTeryt>2802</sln:powIdTeryt><sln:powNazwa>braniewski</sln:powNazwa><sln:wojIIPId>45e7cfc6-6d8b-42ff-acbd-ef1d0a53dacb</sln:wojIIPId><sln:wojIIPPn>PL.PZGIK.200</sln:wojIIPPn><sln:wojIIPWersja>2012-09-27T13:45:13+02:00</sln:wojIIPWersja><sln:wojIdTeryt>28</sln:wojIdTeryt><sln:wojNazwa>warmińsko-mazurskie</sln:wojNazwa></sln:miejscowosc><sln:miejscowosc><sln:cyklZyciaDo>2016-11-27T00:00:00+01:00</sln:cyklZyciaDo><sln:cyklZyciaOd>2014-11-28T00:00:00+01:00</sln:cyklZyciaOd><sln:gmIIPId>acf2e838-e9ce-4247-afa3-8d8701577a9c</sln:gmIIPId><sln:gmIIPPn>PL.PZGIK.200</sln:gmIIPPn><sln:gmIIPWersja>2012-09-26T22:22:14+02:00</sln:gmIIPWersja><sln:gmIdTeryt>2802042</sln:gmIdTeryt><sln:gmNazwa>Lelkowo</sln:gmNazwa><sln:miejscIIPId>89bbab5e-bc07-4889-b964-f0181409e90a</sln:miejscIIPId><sln:miejscIIPPn>PL.PZGIK.200</sln:miejscIIPPn><sln:miejscIIPWersja>2016-11-24T13:26:29+02:00</sln:miejscIIPWersja><sln:miejscIdTeryt>0151644</sln:miejscIdTeryt><sln:miejscNazwa>Nałaby</sln:miejscNazwa><sln:miejscRodzaj>Kolonia</sln:miejscRodzaj><sln:powIIPId>c30a8930-5d33-4129-9d64-f227367db167</sln:powIIPId><sln:powIIPPn>PL.PZGIK.200</sln:powIIPPn><sln:powIIPWersja>2012-09-27T10:00:59+02:00</sln:powIIPWersja><sln:powIdTeryt>2802</sln:powIdTeryt><sln:powNazwa>braniewski</sln:powNazwa><sln:wojIIPId>45e7cfc6-6d8b-42ff-acbd-ef1d0a53dacb</sln:wojIIPId><sln:wojIIPPn>PL.PZGIK.200</sln:wojIIPPn><sln:wojIIPWersja>2012-09-27T13:45:13+02:00</sln:wojIIPWersja><sln:wojIdTeryt>28</sln:wojIdTeryt><sln:wojNazwa>warmińsko-mazurskie</sln:wojNazwa></sln:miejscowosc><sln:miejscowosc><sln:cyklZyciaDo>2016-11-27T00:00:00+01:00</sln:cyklZyciaDo><sln:cyklZyciaOd>2014-11-28T00:00:00+01:00</sln:cyklZyciaOd><sln:gmIIPId>acf2e838-e9ce-4247-afa3-8d8701577a9c</sln:gmIIPId><sln:gmIIPPn>PL.PZGIK.200</sln:gmIIPPn><sln:gmIIPWersja>2012-09-26T22:22:14+02:00</sln:gmIIPWersja><sln:gmIdTeryt>2802042</sln:gmIdTeryt><sln:gmNazwa>Lelkowo</sln:gmNazwa><sln:miejscIIPId>da5aa99c-feff-43c1-8e45-a3ddecd46352</sln:miejscIIPId><sln:miejscIIPPn>PL.PZGIK.200</sln:miejscIIPPn><sln:miejscIIPWersja>2016-11-24T13:26:29+02:00</sln:miejscIIPWersja><sln:miejscIdTeryt>0151650</sln:miejscIdTeryt><sln:miejscNazwa>Perwilty</sln:miejscNazwa><sln:miejscRodzaj>Kolonia</sln:miejscRodzaj><sln:powIIPId>c30a8930-5d33-4129-9d64-f227367db167</sln:powIIPId><sln:powIIPPn>PL.PZGIK.200</sln:powIIPPn><sln:powIIPWersja>2012-09-27T10:00:59+02:00</sln:powIIPWersja><sln:powIdTeryt>2802</sln:powIdTeryt><sln:powNazwa>braniewski</sln:powNazwa><sln:wojIIPId>45e7cfc6-6d8b-42ff-acbd-ef1d0a53dacb</sln:wojIIPId><sln:wojIIPPn>PL.PZGIK.200</sln:wojIIPPn><sln:wojIIPWersja>2012-09-27T13:45:13+02:00</sln:wojIIPWersja><sln:wojIdTeryt>28</sln:wojIdTeryt><sln:wojNazwa>warmińsko-mazurskie</sln:wojNazwa></sln:miejscowosc><sln:miejscowosc><sln:cyklZyciaOd>2016-11-27T00:00:00+01:00</sln:cyklZyciaOd><sln:gmIIPId>acf2e838-e9ce-4247-afa3-8d8701577a9c</sln:gmIIPId><sln:gmIIPPn>PL.PZGIK.200</sln:gmIIPPn><sln:gmIIPWersja>2012-09-26T22:22:14+02:00</sln:gmIIPWersja><sln:gmIdTeryt>2802042</sln:gmIdTeryt><sln:gmNazwa>Lelkowo</sln:gmNazwa><sln:miejscIIPId>b69eaae0-b66d-46c1-acfc-973bae06d84e</sln:miejscIIPId><sln:miejscIIPPn>PL.PZGIK.200</sln:miejscIIPPn><sln:miejscIIPWersja>2016-11-27T17:47:18+02:00</sln:miejscIIPWersja><sln:miejscIdTeryt>0151578</sln:miejscIdTeryt><sln:miejscNazwa>Szarki</sln:miejscNazwa><sln:miejscRodzaj>Wieś</sln:miejscRodzaj><sln:powIIPId>c30a8930-5d33-4129-9d64-f227367db167</sln:powIIPId><sln:powIIPPn>PL.PZGIK.200</sln:powIIPPn><sln:powIIPWersja>2012-09-27T10:00:59+02:00</sln:powIIPWersja><sln:powIdTeryt>2802</sln:powIdTeryt><sln:powNazwa>braniewski</sln:powNazwa><sln:wojIIPId>45e7cfc6-6d8b-42ff-acbd-ef1d0a53dacb</sln:wojIIPId><sln:wojIIPPn>PL.PZGIK.200</sln:wojIIPPn><sln:wojIIPWersja>2012-09-27T13:45:13+02:00</sln:wojIIPWersja><sln:wojIdTeryt>28</sln:wojIdTeryt><sln:wojNazwa>warmińsko-mazurskie</sln:wojNazwa></sln:miejscowosc><sln:miejscowosc><sln:cyklZyciaOd>2016-11-27T00:00:00+01:00</sln:cyklZyciaOd><sln:gmIIPId>acf2e838-e9ce-4247-afa3-8d8701577a9c</sln:gmIIPId><sln:gmIIPPn>PL.PZGIK.200</sln:gmIIPPn><sln:gmIIPWersja>2012-09-26T22:22:14+02:00</sln:gmIIPWersja><sln:gmIdTeryt>2802042</sln:gmIdTeryt><sln:gmNazwa>Lelkowo</sln:gmNazwa><sln:miejscIIPId>582afe88-09b5-420b-892a-445d521ea755</sln:miejscIIPId><sln:miejscIIPPn>PL.PZGIK.200</sln:miejscIIPPn><sln:miejscIIPWersja>2016-11-27T17:47:23+02:00</sln:miejscIIPWersja><sln:miejscIdTeryt>0151584</sln:miejscIdTeryt><sln:miejscNazwa>Wilknity</sln:miejscNazwa><sln:miejscRodzaj>Wieś</sln:miejscRodzaj><sln:powIIPId>c30a8930-5d33-4129-9d64-f227367db167</sln:powIIPId><sln:powIIPPn>PL.PZGIK.200</sln:powIIPPn><sln:powIIPWersja>2012-09-27T10:00:59+02:00</sln:powIIPWersja><sln:powIdTeryt>2802</sln:powIdTeryt><sln:powNazwa>braniewski</sln:powNazwa><sln:wojIIPId>45e7cfc6-6d8b-42ff-acbd-ef1d0a53dacb</sln:wojIIPId><sln:wojIIPPn>PL.PZGIK.200</sln:wojIIPPn><sln:wojIIPWersja>2012-09-27T13:45:13+02:00</sln:wojIIPWersja><sln:wojIdTeryt>28</sln:wojIdTeryt><sln:wojNazwa>warmińsko-mazurskie</sln:wojNazwa></sln:miejscowosc><sln:miejscowosc><sln:cyklZyciaOd>2016-11-27T00:00:00+01:00</sln:cyklZyciaOd><sln:gmIIPId>acf2e838-e9ce-4247-afa3-8d8701577a9c</sln:gmIIPId><sln:gmIIPPn>PL.PZGIK.200</sln:gmIIPPn><sln:gmIIPWersja>2012-09-26T22:22:14+02:00</sln:gmIIPWersja><sln:gmIdTeryt>2802042</sln:gmIdTeryt><sln:gmNazwa>Lelkowo</sln:gmNazwa><sln:miejscIIPId>5a954bce-2b6b-4e67-b9ad-6411dd774a65</sln:miejscIIPId><sln:miejscIIPPn>PL.PZGIK.200</sln:miejscIIPPn><sln:miejscIIPWersja>2016-11-27T17:47:23+02:00</sln:miejscIIPWersja><sln:miejscIdTeryt>0151561</sln:miejscIdTeryt><sln:miejscNazwa>Sówki</sln:miejscNazwa><sln:miejscRodzaj>Wieś</sln:miejscRodzaj><sln:powIIPId>c30a8930-5d33-4129-9d64-f227367db167</sln:powIIPId><sln:powIIPPn>PL.PZGIK.200</sln:powIIPPn><sln:powIIPWersja>2012-09-27T10:00:59+02:00</sln:powIIPWersja><sln:powIdTeryt>2802</sln:powIdTeryt><sln:powNazwa>braniewski</sln:powNazwa><sln:wojIIPId>45e7cfc6-6d8b-42ff-acbd-ef1d0a53dacb</sln:wojIIPId><sln:wojIIPPn>PL.PZGIK.200</sln:wojIIPPn><sln:wojIIPWersja>2012-09-27T13:45:13+02:00</sln:wojIIPWersja><sln:wojIdTeryt>28</sln:wojIdTeryt><sln:wojNazwa>warmińsko-mazurskie</sln:wojNazwa></sln:miejscowosc><sln:miejscowosc><sln:cyklZyciaOd>2016-11-27T00:00:00+01:00</sln:cyklZyciaOd><sln:gmIIPId>acf2e838-e9ce-4247-afa3-8d8701577a9c</sln:gmIIPId><sln:gmIIPPn>PL.PZGIK.200</sln:gmIIPPn><sln:gmIIPWersja>2012-09-26T22:22:14+02:00</sln:gmIIPWersja><sln:gmIdTeryt>2802042</sln:gmIdTeryt><sln:gmNazwa>Lelkowo</sln:gmNazwa><sln:miejscIIPId>76f0c0d5-19ad-414c-83be-ae9987895397</sln:miejscIIPId><sln:miejscIIPPn>PL.PZGIK.200</sln:miejscIIPPn><sln:miejscIIPWersja>2016-11-27T17:47:23+02:00</sln:miejscIIPWersja><sln:miejscIdTeryt>0151621</sln:miejscIdTeryt><sln:miejscNazwa>Wołowo</sln:miejscNazwa><sln:miejscRodzaj>Wieś</sln:miejscRodzaj><sln:powIIPId>c30a8930-5d33-4129-9d64-f227367db167</sln:powIIPId><sln:powIIPPn>PL.PZGIK.200</sln:powIIPPn><sln:powIIPWersja>2012-09-27T10:00:59+02:00</sln:powIIPWersja><sln:powIdTeryt>2802</sln:powIdTeryt><sln:powNazwa>braniewski</sln:powNazwa><sln:wojIIPId>45e7cfc6-6d8b-42ff-acbd-ef1d0a53dacb</sln:wojIIPId><sln:wojIIPPn>PL.PZGIK.200</sln:wojIIPPn><sln:wojIIPWersja>2012-09-27T13:45:13+02:00</sln:wojIIPWersja><sln:wojIdTeryt>28</sln:wojIdTeryt><sln:wojNazwa>warmińsko-mazurskie</sln:wojNazwa></sln:miejscowosc><sln:miejscowosc><sln:cyklZyciaOd>2016-11-27T00:00:00+01:00</sln:cyklZyciaOd><sln:gmIIPId>acf2e838-e9ce-4247-afa3-8d8701577a9c</sln:gmIIPId><sln:gmIIPPn>PL.PZGIK.200</sln:gmIIPPn><sln:gmIIPWersja>2012-09-26T22:22:14+02:00</sln:gmIIPWersja><sln:gmIdTeryt>2802042</sln:gmIdTeryt><sln:gmNazwa>Lelkowo</sln:gmNazwa><sln:miejscIIPId>b773ea35-051e-4221-8e96-5b15e0e676bb</sln:miejscIIPId><sln:miejscIIPPn>PL.PZGIK.200</sln:miejscIIPPn><sln:miejscIIPWersja>2016-11-27T17:47:23+02:00</sln:miejscIIPWersja><sln:miejscIdTeryt>0151667</sln:miejscIdTeryt><sln:miejscNazwa>Wola Wilknicka</sln:miejscNazwa><sln:miejscRodzaj>Wieś</sln:miejscRodzaj><sln:powIIPId>c30a8930-5d33-4129-9d64-f227367db167</sln:powIIPId><sln:powIIPPn>PL.PZGIK.200</sln:powIIPPn><sln:powIIPWersja>2012-09-27T10:00:59+02:00</sln:powIIPWersja><sln:powIdTeryt>2802</sln:powIdTeryt><sln:powNazwa>braniewski</sln:powNazwa><sln:wojIIPId>45e7cfc6-6d8b-42ff-acbd-ef1d0a53dacb</sln:wojIIPId><sln:wojIIPPn>PL.PZGIK.200</sln:wojIIPPn><sln:wojIIPWersja>2012-09-27T13:45:13+02:00</sln:wojIIPWersja><sln:wojIdTeryt>28</sln:wojIdTeryt><sln:wojNazwa>warmińsko-mazurskie</sln:wojNazwa></sln:miejscowosc><sln:miejscowosc><sln:cyklZyciaOd>2016-11-27T00:00:00+01:00</sln:cyklZyciaOd><sln:gmIIPId>acf2e838-e9ce-4247-afa3-8d8701577a9c</sln:gmIIPId><sln:gmIIPPn>PL.PZGIK.200</sln:gmIIPPn><sln:gmIIPWersja>2012-09-26T22:22:14+02:00</sln:gmIIPWersja><sln:gmIdTeryt>2802042</sln:gmIdTeryt><sln:gmNazwa>Lelkowo</sln:gmNazwa><sln:miejscIIPId>0ff1a0c5-c314-4acc-b595-f6549013d569</sln:miejscIIPId><sln:miejscIIPPn>PL.PZGIK.200</sln:miejscIIPPn><sln:miejscIIPWersja>2016-11-27T17:47:23+02:00</sln:miejscIIPWersja><sln:miejscIdTeryt>0151680</sln:miejscIdTeryt><sln:miejscNazwa>Zagaje</sln:miejscNazwa><sln:miejscRodzaj>Wieś</sln:miejscRodzaj><sln:powIIPId>c30a8930-5d33-4129-9d64-f227367db167</sln:powIIPId><sln:powIIPPn>PL.PZGIK.200</sln:powIIPPn><sln:powIIPWersja>2012-09-27T10:00:59+02:00</sln:powIIPWersja><sln:powIdTeryt>2802</sln:powIdTeryt><sln:powNazwa>braniewski</sln:powNazwa><sln:wojIIPId>45e7cfc6-6d8b-42ff-acbd-ef1d0a53dacb</sln:wojIIPId><sln:wojIIPPn>PL.PZGIK.200</sln:wojIIPPn><sln:wojIIPWersja>2012-09-27T13:45:13+02:00</sln:wojIIPWersja><sln:wojIdTeryt>28</sln:wojIdTeryt><sln:wojNazwa>warmińsko-mazurskie</sln:wojNazwa></sln:miejscowosc><sln:miejscowosc><sln:cyklZyciaOd>2016-11-27T00:00:00+01:00</sln:cyklZyciaOd><sln:gmIIPId>acf2e838-e9ce-4247-afa3-8d8701577a9c</sln:gmIIPId><sln:gmIIPPn>PL.PZGIK.200</sln:gmIIPPn><sln:gmIIPWersja>2012-09-26T22:22:14+02:00</sln:gmIIPWersja><sln:gmIdTeryt>2802042</sln:gmIdTeryt><sln:gmNazwa>Lelkowo</sln:gmNazwa><sln:miejscIIPId>d68f6da0-6885-4f11-9af3-4de1f6de5f30</sln:miejscIIPId><sln:miejscIIPPn>PL.PZGIK.200</sln:miejscIIPPn><sln:miejscIIPWersja>2016-11-27T17:47:23+02:00</sln:miejscIIPWersja><sln:miejscIdTeryt>0151408</sln:miejscIdTeryt><sln:miejscNazwa>Zdrój</sln:miejscNazwa><sln:miejscRodzaj>Wieś</sln:miejscRodzaj><sln:powIIPId>c30a8930-5d33-4129-9d64-f227367db167</sln:powIIPId><sln:powIIPPn>PL.PZGIK.200</sln:powIIPPn><sln:powIIPWersja>2012-09-27T10:00:59+02:00</sln:powIIPWersja><sln:powIdTeryt>2802</sln:powIdTeryt><sln:powNazwa>braniewski</sln:powNazwa><sln:wojIIPId>45e7cfc6-6d8b-42ff-acbd-ef1d0a53dacb</sln:wojIIPId><sln:wojIIPPn>PL.PZGIK.200</sln:wojIIPPn><sln:wojIIPWersja>2012-09-27T13:45:13+02:00</sln:wojIIPWersja><sln:wojIdTeryt>28</sln:wojIdTeryt><sln:wojNazwa>warmińsko-mazurskie</sln:wojNazwa></sln:miejscowosc><sln:miejscowosc><sln:cyklZyciaOd>2016-11-27T00:00:00+01:00</sln:cyklZyciaOd><sln:gmIIPId>acf2e838-e9ce-4247-afa3-8d8701577a9c</sln:gmIIPId><sln:gmIIPPn>PL.PZGIK.200</sln:gmIIPPn><sln:gmIIPWersja>2012-09-26T22:22:14+02:00</sln:gmIIPWersja><sln:gmIdTeryt>2802042</sln:gmIdTeryt><sln:gmNazwa>Lelkowo</sln:gmNazwa><sln:miejscIIPId>f7922269-07db-4059-bb1a-ef70b34bc822</sln:miejscIIPId><sln:miejscIIPPn>PL.PZGIK.200</sln:miejscIIPPn><sln:miejscIIPWersja>2016-11-27T17:47:23+02:00</sln:miejscIIPWersja><sln:miejscIdTeryt>0151390</sln:miejscIdTeryt><sln:miejscNazwa>Dębowiec</sln:miejscNazwa><sln:miejscRodzaj>Wieś</sln:miejscRodzaj><sln:powIIPId>c30a8930-5d33-4129-9d64-f227367db167</sln:powIIPId><sln:powIIPPn>PL.PZGIK.200</sln:powIIPPn><sln:powIIPWersja>2012-09-27T10:00:59+02:00</sln:powIIPWersja><sln:powIdTeryt>2802</sln:powIdTeryt><sln:powNazwa>braniewski</sln:powNazwa><sln:wojIIPId>45e7cfc6-6d8b-42ff-acbd-ef1d0a53dacb</sln:wojIIPId><sln:wojIIPPn>PL.PZGIK.200</sln:wojIIPPn><sln:wojIIPWersja>2012-09-27T13:45:13+02:00</sln:wojIIPWersja><sln:wojIdTeryt>28</sln:wojIdTeryt><sln:wojNazwa>warmińsko-mazurskie</sln:wojNazwa></sln:miejscowosc><sln:miejscowosc><sln:cyklZyciaOd>2016-11-27T00:00:00+01:00</sln:cyklZyciaOd><sln:gmIIPId>acf2e838-e9ce-4247-afa3-8d8701577a9c</sln:gmIIPId><sln:gmIIPPn>PL.PZGIK.200</sln:gmIIPPn><sln:gmIIPWersja>2012-09-26T22:22:14+02:00</sln:gmIIPWersja><sln:gmIdTeryt>2802042</sln:gmIdTeryt><sln:gmNazwa>Lelkowo</sln:gmNazwa><sln:miejscIIPId>fbf06a4a-0a71-47d1-ba09-4c4f4ff55aad</sln:miejscIIPId><sln:miejscIIPPn>PL.PZGIK.200</sln:miejscIIPPn><sln:miejscIIPWersja>2016-11-27T17:47:23+02:00</sln:miejscIIPWersja><sln:miejscIdTeryt>0151414</sln:miejscIdTeryt><sln:miejscNazwa>Głębock</sln:miejscNazwa><sln:miejscRodzaj>Wieś</sln:miejscRodzaj><sln:powIIPId>c30a8930-5d33-4129-9d64-f227367db167</sln:powIIPId><sln:powIIPPn>PL.PZGIK.200</sln:powIIPPn><sln:powIIPWersja>2012-09-27T10:00:59+02:00</sln:powIIPWersja><sln:powIdTeryt>2802</sln:powIdTeryt><sln:powNazwa>braniewski</sln:powNazwa><sln:wojIIPId>45e7cfc6-6d8b-42ff-acbd-ef1d0a53dacb</sln:wojIIPId><sln:wojIIPPn>PL.PZGIK.200</sln:wojIIPPn><sln:wojIIPWersja>2012-09-27T13:45:13+02:00</sln:wojIIPWersja><sln:wojIdTeryt>28</sln:wojIdTeryt><sln:wojNazwa>warmińsko-mazurskie</sln:wojNazwa></sln:miejscowosc><sln:miejscowosc><sln:cyklZyciaOd>2016-11-27T00:00:00+01:00</sln:cyklZyciaOd><sln:gmIIPId>acf2e838-e9ce-4247-afa3-8d8701577a9c</sln:gmIIPId><sln:gmIIPPn>PL.PZGIK.200</sln:gmIIPPn><sln:gmIIPWersja>2012-09-26T22:22:14+02:00</sln:gmIIPWersja><sln:gmIdTeryt>2802042</sln:gmIdTeryt><sln:gmNazwa>Lelkowo</sln:gmNazwa><sln:miejscIIPId>3ee23458-51d5-46ad-af29-6cb31200b933</sln:miejscIIPId><sln:miejscIIPPn>PL.PZGIK.200</sln:miejscIIPPn><sln:miejscIIPWersja>2016-11-27T17:47:23+02:00</sln:miejscIIPWersja><sln:miejscIdTeryt>0151420</sln:miejscIdTeryt><sln:miejscNazwa>Grabowiec</sln:miejscNazwa><sln:miejscRodzaj>Wieś</sln:miejscRodzaj><sln:powIIPId>c30a8930-5d33-4129-9d64-f227367db167</sln:powIIPId><sln:powIIPPn>PL.PZGIK.200</sln:powIIPPn><sln:powIIPWersja>2012-09-27T10:00:59+02:00</sln:powIIPWersja><sln:powIdTeryt>2802</sln:powIdTeryt><sln:powNazwa>braniewski</sln:powNazwa><sln:wojIIPId>45e7cfc6-6d8b-42ff-acbd-ef1d0a53dacb</sln:wojIIPId><sln:wojIIPPn>PL.PZGIK.200</sln:wojIIPPn><sln:wojIIPWersja>2012-09-27T13:45:13+02:00</sln:wojIIPWersja><sln:wojIdTeryt>28</sln:wojIdTeryt><sln:wojNazwa>warmińsko-mazurskie</sln:wojNazwa></sln:miejscowosc><sln:miejscowosc><sln:cyklZyciaOd>2016-11-27T00:00:00+01:00</sln:cyklZyciaOd><sln:gmIIPId>acf2e838-e9ce-4247-afa3-8d8701577a9c</sln:gmIIPId><sln:gmIIPPn>PL.PZGIK.200</sln:gmIIPPn><sln:gmIIPWersja>2012-09-26T22:22:14+02:00</sln:gmIIPWersja><sln:gmIdTeryt>2802042</sln:gmIdTeryt><sln:gmNazwa>Lelkowo</sln:gmNazwa><sln:miejscIIPId>9528a3b6-7408-452c-a416-5bab423012ab</sln:miejscIIPId><sln:miejscIIPPn>PL.PZGIK.200</sln:miejscIIPPn><sln:miejscIIPWersja>2016-11-27T17:47:23+02:00</sln:miejscIIPWersja><sln:miejscIdTeryt>0151437</sln:miejscIdTeryt><sln:miejscNazwa>Jachowo</sln:miejscNazwa><sln:miejscRodzaj>Wieś</sln:miejscRodzaj><sln:powIIPId>c30a8930-5d33-4129-9d64-f227367db167</sln:powIIPId><sln:powIIPPn>PL.PZGIK.200</sln:powIIPPn><sln:powIIPWersja>2012-09-27T10:00:59+02:00</sln:powIIPWersja><sln:powIdTeryt>2802</sln:powIdTeryt><sln:powNazwa>braniewski</sln:powNazwa><sln:wojIIPId>45e7cfc6-6d8b-42ff-acbd-ef1d0a53dacb</sln:wojIIPId><sln:wojIIPPn>PL.PZGIK.200</sln:wojIIPPn><sln:wojIIPWersja>2012-09-27T13:45:13+02:00</sln:wojIIPWersja><sln:wojIdTeryt>28</sln:wojIdTeryt><sln:wojNazwa>warmińsko-mazurskie</sln:wojNazwa></sln:miejscowosc><sln:miejscowosc><sln:cyklZyciaOd>2016-11-27T00:00:00+01:00</sln:cyklZyciaOd><sln:gmIIPId>acf2e838-e9ce-4247-afa3-8d8701577a9c</sln:gmIIPId><sln:gmIIPPn>PL.PZGIK.200</sln:gmIIPPn><sln:gmIIPWersja>2012-09-26T22:22:14+02:00</sln:gmIIPWersja><sln:gmIdTeryt>2802042</sln:gmIdTeryt><sln:gmNazwa>Lelkowo</sln:gmNazwa><sln:miejscIIPId>1ed6b6fc-ea47-4a0d-9559-514a5aaf47f5</sln:miejscIIPId><sln:miejscIIPPn>PL.PZGIK.200</sln:miejscIIPPn><sln:miejscIIPWersja>2016-11-27T17:47:23+02:00</sln:miejscIIPWersja><sln:miejscIdTeryt>0151443</sln:miejscIdTeryt><sln:miejscNazwa>Jarzeń</sln:miejscNazwa><sln:miejscRodzaj>Wieś</sln:miejscRodzaj><sln:powIIPId>c30a8930-5d33-4129-9d64-f227367db167</sln:powIIPId><sln:powIIPPn>PL.PZGIK.200</sln:powIIPPn><sln:powIIPWersja>2012-09-27T10:00:59+02:00</sln:powIIPWersja><sln:powIdTeryt>2802</sln:powIdTeryt><sln:powNazwa>braniewski</sln:powNazwa><sln:wojIIPId>45e7cfc6-6d8b-42ff-acbd-ef1d0a53dacb</sln:wojIIPId><sln:wojIIPPn>PL.PZGIK.200</sln:wojIIPPn><sln:wojIIPWersja>2012-09-27T13:45:13+02:00</sln:wojIIPWersja><sln:wojIdTeryt>28</sln:wojIdTeryt><sln:wojNazwa>warmińsko-mazurskie</sln:wojNazwa></sln:miejscowosc><sln:miejscowosc><sln:cyklZyciaOd>2016-11-27T00:00:00+01:00</sln:cyklZyciaOd><sln:gmIIPId>acf2e838-e9ce-4247-afa3-8d8701577a9c</sln:gmIIPId><sln:gmIIPPn>PL.PZGIK.200</sln:gmIIPPn><sln:gmIIPWersja>2012-09-26T22:22:14+02:00</sln:gmIIPWersja><sln:gmIdTeryt>2802042</sln:gmIdTeryt><sln:gmNazwa>Lelkowo</sln:gmNazwa><sln:miejscIIPId>897e1255-9660-4e93-bbb4-b091cd6064e7</sln:miejscIIPId><sln:miejscIIPPn>PL.PZGIK.200</sln:miejscIIPPn><sln:miejscIIPWersja>2016-11-27T17:47:23+02:00</sln:miejscIIPWersja><sln:miejscIdTeryt>0151383</sln:miejscIdTeryt><sln:miejscNazwa>Bieńkowo</sln:miejscNazwa><sln:miejscRodzaj>Wieś</sln:miejscRodzaj><sln:powIIPId>c30a8930-5d33-4129-9d64-f227367db167</sln:powIIPId><sln:powIIPPn>PL.PZGIK.200</sln:powIIPPn><sln:powIIPWersja>2012-09-27T10:00:59+02:00</sln:powIIPWersja><sln:powIdTeryt>2802</sln:powIdTeryt><sln:powNazwa>braniewski</sln:powNazwa><sln:wojIIPId>45e7cfc6-6d8b-42ff-acbd-ef1d0a53dacb</sln:wojIIPId><sln:wojIIPPn>PL.PZGIK.200</sln:wojIIPPn><sln:wojIIPWersja>2012-09-27T13:45:13+02:00</sln:wojIIPWersja><sln:wojIdTeryt>28</sln:wojIdTeryt><sln:wojNazwa>warmińsko-mazurskie</sln:wojNazwa></sln:miejscowosc><sln:miejscowosc><sln:cyklZyciaOd>2016-11-27T00:00:00+01:00</sln:cyklZyciaOd><sln:gmIIPId>acf2e838-e9ce-4247-afa3-8d8701577a9c</sln:gmIIPId><sln:gmIIPPn>PL.PZGIK.200</sln:gmIIPPn><sln:gmIIPWersja>2012-09-26T22:22:14+02:00</sln:gmIIPWersja><sln:gmIdTeryt>2802042</sln:gmIdTeryt><sln:gmNazwa>Lelkowo</sln:gmNazwa><sln:miejscIIPId>dc51f72f-cec2-473a-9b07-bc4e93dbb865</sln:miejscIIPId><sln:miejscIIPPn>PL.PZGIK.200</sln:miejscIIPPn><sln:miejscIIPWersja>2016-11-27T17:47:23+02:00</sln:miejscIIPWersja><sln:miejscIdTeryt>0151472</sln:miejscIdTeryt><sln:miejscNazwa>Krzekoty</sln:miejscNazwa><sln:miejscRodzaj>Wieś</sln:miejscRodzaj><sln:powIIPId>c30a8930-5d33-4129-9d64-f227367db167</sln:powIIPId><sln:powIIPPn>PL.PZGIK.200</sln:powIIPPn><sln:powIIPWersja>2012-09-27T10:00:59+02:00</sln:powIIPWersja><sln:powIdTeryt>2802</sln:powIdTeryt><sln:powNazwa>braniewski</sln:powNazwa><sln:wojIIPId>45e7cfc6-6d8b-42ff-acbd-ef1d0a53dacb</sln:wojIIPId><sln:wojIIPPn>PL.PZGIK.200</sln:wojIIPPn><sln:wojIIPWersja>2012-09-27T13:45:13+02:00</sln:wojIIPWersja><sln:wojIdTeryt>28</sln:wojIdTeryt><sln:wojNazwa>warmińsko-mazurskie</sln:wojNazwa></sln:miejscowosc><sln:miejscowosc><sln:cyklZyciaOd>2016-11-27T00:00:00+01:00</sln:cyklZyciaOd><sln:gmIIPId>acf2e838-e9ce-4247-afa3-8d8701577a9c</sln:gmIIPId><sln:gmIIPPn>PL.PZGIK.200</sln:gmIIPPn><sln:gmIIPWersja>2012-09-26T22:22:14+02:00</sln:gmIIPWersja><sln:gmIdTeryt>2802042</sln:gmIdTeryt><sln:gmNazwa>Lelkowo</sln:gmNazwa><sln:miejscIIPId>db46794b-5a54-4603-92f4-0027057974a1</sln:miejscIIPId><sln:miejscIIPPn>PL.PZGIK.200</sln:miejscIIPPn><sln:miejscIIPWersja>2016-11-27T17:47:24+02:00</sln:miejscIIPWersja><sln:miejscIdTeryt>0151489</sln:miejscIdTeryt><sln:miejscNazwa>Kwiatkowo</sln:miejscNazwa><sln:miejscRodzaj>Wieś</sln:miejscRodzaj><sln:powIIPId>c30a8930-5d33-4129-9d64-f227367db167</sln:powIIPId><sln:powIIPPn>PL.PZGIK.200</sln:powIIPPn><sln:powIIPWersja>2012-09-27T10:00:59+02:00</sln:powIIPWersja><sln:powIdTeryt>2802</sln:powIdTeryt><sln:powNazwa>braniewski</sln:powNazwa><sln:wojIIPId>45e7cfc6-6d8b-42ff-acbd-ef1d0a53dacb</sln:wojIIPId><sln:wojIIPPn>PL.PZGIK.200</sln:wojIIPPn><sln:wojIIPWersja>2012-09-27T13:45:13+02:00</sln:wojIIPWersja><sln:wojIdTeryt>28</sln:wojIdTeryt><sln:wojNazwa>warmińsko-mazurskie</sln:wojNazwa></sln:miejscowosc><sln:miejscowosc><sln:cyklZyciaOd>2016-11-27T00:00:00+01:00</sln:cyklZyciaOd><sln:gmIIPId>acf2e838-e9ce-4247-afa3-8d8701577a9c</sln:gmIIPId><sln:gmIIPPn>PL.PZGIK.200</sln:gmIIPPn><sln:gmIIPWersja>2012-09-26T22:22:14+02:00</sln:gmIIPWersja><sln:gmIdTeryt>2802042</sln:gmIdTeryt><sln:gmNazwa>Lelkowo</sln:gmNazwa><sln:miejscIIPId>f6685338-1895-4958-875f-bc9ffe61583f</sln:miejscIIPId><sln:miejscIIPPn>PL.PZGIK.200</sln:miejscIIPPn><sln:miejscIIPWersja>2016-11-27T17:47:24+02:00</sln:miejscIIPWersja><sln:miejscIdTeryt>0151510</sln:miejscIdTeryt><sln:miejscNazwa>Lutkowo</sln:miejscNazwa><sln:miejscRodzaj>Wieś</sln:miejscRodzaj><sln:powIIPId>c30a8930-5d33-4129-9d64-f227367db167</sln:powIIPId><sln:powIIPPn>PL.PZGIK.200</sln:powIIPPn><sln:powIIPWersja>2012-09-27T10:00:59+02:00</sln:powIIPWersja><sln:powIdTeryt>2802</sln:powIdTeryt><sln:powNazwa>braniewski</sln:powNazwa><sln:wojIIPId>45e7cfc6-6d8b-42ff-acbd-ef1d0a53dacb</sln:wojIIPId><sln:wojIIPPn>PL.PZGIK.200</sln:wojIIPPn><sln:wojIIPWersja>2012-09-27T13:45:13+02:00</sln:wojIIPWersja><sln:wojIdTeryt>28</sln:wojIdTeryt><sln:wojNazwa>warmińsko-mazurskie</sln:wojNazwa></sln:miejscowosc><sln:miejscowosc><sln:cyklZyciaOd>2016-11-27T00:00:00+01:00</sln:cyklZyciaOd><sln:gmIIPId>acf2e838-e9ce-4247-afa3-8d8701577a9c</sln:gmIIPId><sln:gmIIPPn>PL.PZGIK.200</sln:gmIIPPn><sln:gmIIPWersja>2012-09-26T22:22:14+02:00</sln:gmIIPWersja><sln:gmIdTeryt>2802042</sln:gmIdTeryt><sln:gmNazwa>Lelkowo</sln:gmNazwa><sln:miejscIIPId>d60eb579-ac81-46e8-921f-44dee35db308</sln:miejscIIPId><sln:miejscIIPPn>PL.PZGIK.200</sln:miejscIIPPn><sln:miejscIIPWersja>2016-11-27T17:47:24+02:00</sln:miejscIIPWersja><sln:miejscIdTeryt>0151495</sln:miejscIdTeryt><sln:miejscNazwa>Lelkowo</sln:miejscNazwa><sln:miejscRodzaj>Wieś</sln:miejscRodzaj><sln:powIIPId>c30a8930-5d33-4129-9d64-f227367db167</sln:powIIPId><sln:powIIPPn>PL.PZGIK.200</sln:powIIPPn><sln:powIIPWersja>2012-09-27T10:00:59+02:00</sln:powIIPWersja><sln:powIdTeryt>2802</sln:powIdTeryt><sln:powNazwa>braniewski</sln:powNazwa><sln:wojIIPId>45e7cfc6-6d8b-42ff-acbd-ef1d0a53dacb</sln:wojIIPId><sln:wojIIPPn>PL.PZGIK.200</sln:wojIIPPn><sln:wojIIPWersja>2012-09-27T13:45:13+02:00</sln:wojIIPWersja><sln:wojIdTeryt>28</sln:wojIdTeryt><sln:wojNazwa>warmińsko-mazurskie</sln:wojNazwa></sln:miejscowosc><sln:miejscowosc><sln:cyklZyciaOd>2016-11-27T00:00:00+01:00</sln:cyklZyciaOd><sln:gmIIPId>acf2e838-e9ce-4247-afa3-8d8701577a9c</sln:gmIIPId><sln:gmIIPPn>PL.PZGIK.200</sln:gmIIPPn><sln:gmIIPWersja>2012-09-26T22:22:14+02:00</sln:gmIIPWersja><sln:gmIdTeryt>2802042</sln:gmIdTeryt><sln:gmNazwa>Lelkowo</sln:gmNazwa><sln:miejscIIPId>8f98efce-acbb-43e7-9a6f-d7ceda150859</sln:miejscIIPId><sln:miejscIIPPn>PL.PZGIK.200</sln:miejscIIPPn><sln:miejscIIPWersja>2016-11-27T17:47:24+02:00</sln:miejscIIPWersja><sln:miejscIdTeryt>0151526</sln:miejscIdTeryt><sln:miejscNazwa>Mędrzyki</sln:miejscNazwa><sln:miejscRodzaj>Wieś</sln:miejscRodzaj><sln:powIIPId>c30a8930-5d33-4129-9d64-f227367db167</sln:powIIPId><sln:powIIPPn>PL.PZGIK.200</sln:powIIPPn><sln:powIIPWersja>2012-09-27T10:00:59+02:00</sln:powIIPWersja><sln:powIdTeryt>2802</sln:powIdTeryt><sln:powNazwa>braniewski</sln:powNazwa><sln:wojIIPId>45e7cfc6-6d8b-42ff-acbd-ef1d0a53dacb</sln:wojIIPId><sln:wojIIPPn>PL.PZGIK.200</sln:wojIIPPn><sln:wojIIPWersja>2012-09-27T13:45:13+02:00</sln:wojIIPWersja><sln:wojIdTeryt>28</sln:wojIdTeryt><sln:wojNazwa>warmińsko-mazurskie</sln:wojNazwa></sln:miejscowosc><sln:miejscowosc><sln:cyklZyciaOd>2016-11-27T00:00:00+01:00</sln:cyklZyciaOd><sln:gmIIPId>acf2e838-e9ce-4247-afa3-8d8701577a9c</sln:gmIIPId><sln:gmIIPPn>PL.PZGIK.200</sln:gmIIPPn><sln:gmIIPWersja>2012-09-26T22:22:14+02:00</sln:gmIIPWersja><sln:gmIdTeryt>2802042</sln:gmIdTeryt><sln:gmNazwa>Lelkowo</sln:gmNazwa><sln:miejscIIPId>b0fdc1b1-c793-4632-93dd-810eac80325f</sln:miejscIIPId><sln:miejscIIPPn>PL.PZGIK.200</sln:miejscIIPPn><sln:miejscIIPWersja>2016-11-27T17:47:24+02:00</sln:miejscIIPWersja><sln:miejscIdTeryt>0151532</sln:miejscIdTeryt><sln:miejscNazwa>Miłaki</sln:miejscNazwa><sln:miejscRodzaj>Wieś</sln:miejscRodzaj><sln:powIIPId>c30a8930-5d33-4129-9d64-f227367db167</sln:powIIPId><sln:powIIPPn>PL.PZGIK.200</sln:powIIPPn><sln:powIIPWersja>2012-09-27T10:00:59+02:00</sln:powIIPWersja><sln:powIdTeryt>2802</sln:powIdTeryt><sln:powNazwa>braniewski</sln:powNazwa><sln:wojIIPId>45e7cfc6-6d8b-42ff-acbd-ef1d0a53dacb</sln:wojIIPId><sln:wojIIPPn>PL.PZGIK.200</sln:wojIIPPn><sln:wojIIPWersja>2012-09-27T13:45:13+02:00</sln:wojIIPWersja><sln:wojIdTeryt>28</sln:wojIdTeryt><sln:wojNazwa>warmińsko-mazurskie</sln:wojNazwa></sln:miejscowosc><sln:miejscowosc><sln:cyklZyciaOd>2016-11-27T00:00:00+01:00</sln:cyklZyciaOd><sln:gmIIPId>acf2e838-e9ce-4247-afa3-8d8701577a9c</sln:gmIIPId><sln:gmIIPPn>PL.PZGIK.200</sln:gmIIPPn><sln:gmIIPWersja>2012-09-26T22:22:14+02:00</sln:gmIIPWersja><sln:gmIdTeryt>2802042</sln:gmIdTeryt><sln:gmNazwa>Lelkowo</sln:gmNazwa><sln:miejscIIPId>0e6cdfbc-f66c-44fb-9c8a-9d41875fd31f</sln:miejscIIPId><sln:miejscIIPPn>PL.PZGIK.200</sln:miejscIIPPn><sln:miejscIIPWersja>2016-11-27T17:47:24+02:00</sln:miejscIIPWersja><sln:miejscIdTeryt>0151555</sln:miejscIdTeryt><sln:miejscNazwa>Piele</sln:miejscNazwa><sln:miejscRodzaj>Osada</sln:miejscRodzaj><sln:powIIPId>c30a8930-5d33-4129-9d64-f227367db167</sln:powIIPId><sln:powIIPPn>PL.PZGIK.200</sln:powIIPPn><sln:powIIPWersja>2012-09-27T10:00:59+02:00</sln:powIIPWersja><sln:powIdTeryt>2802</sln:powIdTeryt><sln:powNazwa>braniewski</sln:powNazwa><sln:wojIIPId>45e7cfc6-6d8b-42ff-acbd-ef1d0a53dacb</sln:wojIIPId><sln:wojIIPPn>PL.PZGIK.200</sln:wojIIPPn><sln:wojIIPWersja>2012-09-27T13:45:13+02:00</sln:wojIIPWersja><sln:wojIdTeryt>28</sln:wojIdTeryt><sln:wojNazwa>warmińsko-mazurskie</sln:wojNazwa></sln:miejscowosc><sln:miejscowosc><sln:cyklZyciaOd>2016-11-27T00:00:00+01:00</sln:cyklZyciaOd><sln:gmIIPId>acf2e838-e9ce-4247-afa3-8d8701577a9c</sln:gmIIPId><sln:gmIIPPn>PL.PZGIK.200</sln:gmIIPPn><sln:gmIIPWersja>2012-09-26T22:22:14+02:00</sln:gmIIPWersja><sln:gmIdTeryt>2802042</sln:gmIdTeryt><sln:gmNazwa>Lelkowo</sln:gmNazwa><sln:miejscIIPId>e2e5b989-14cf-4ff7-8af3-96b1f0636257</sln:miejscIIPId><sln:miejscIIPPn>PL.PZGIK.200</sln:miejscIIPPn><sln:miejscIIPWersja>2016-11-27T17:47:24+02:00</sln:miejscIIPWersja><sln:miejscIdTeryt>0151673</sln:miejscIdTeryt><sln:miejscNazwa>Wyszkowo</sln:miejscNazwa><sln:miejscRodzaj>Osada</sln:miejscRodzaj><sln:powIIPId>c30a8930-5d33-4129-9d64-f227367db167</sln:powIIPId><sln:powIIPPn>PL.PZGIK.200</sln:powIIPPn><sln:powIIPWersja>2012-09-27T10:00:59+02:00</sln:powIIPWersja><sln:powIdTeryt>2802</sln:powIdTeryt><sln:powNazwa>braniewski</sln:powNazwa><sln:wojIIPId>45e7cfc6-6d8b-42ff-acbd-ef1d0a53dacb</sln:wojIIPId><sln:wojIIPPn>PL.PZGIK.200</sln:wojIIPPn><sln:wojIIPWersja>2012-09-27T13:45:13+02:00</sln:wojIIPWersja><sln:wojIdTeryt>28</sln:wojIdTeryt><sln:wojNazwa>warmińsko-mazurskie</sln:wojNazwa></sln:miejscowosc><sln:miejscowosc><sln:cyklZyciaOd>2016-11-27T00:00:00+01:00</sln:cyklZyciaOd><sln:gmIIPId>acf2e838-e9ce-4247-afa3-8d8701577a9c</sln:gmIIPId><sln:gmIIPPn>PL.PZGIK.200</sln:gmIIPPn><sln:gmIIPWersja>2012-09-26T22:22:14+02:00</sln:gmIIPWersja><sln:gmIdTeryt>2802042</sln:gmIdTeryt><sln:gmNazwa>Lelkowo</sln:gmNazwa><sln:miejscIIPId>4804820a-df0a-4d39-975c-95784b7833b6</sln:miejscIIPId><sln:miejscIIPPn>PL.PZGIK.200</sln:miejscIIPPn><sln:miejscIIPWersja>2016-11-27T17:47:24+02:00</sln:miejscIIPWersja><sln:miejscIdTeryt>0151609</sln:miejscIdTeryt><sln:miejscNIIPId>582afe88-09b5-420b-892a-445d521ea755</sln:miejscNIIPId><sln:miejscNIIPPn>PL.PZGIK.200</sln:miejscNIIPPn><sln:miejscNIIPWersja>2016-11-27T17:47:23+02:00</sln:miejscNIIPWersja><sln:miejscNIdTeryt>0151584</sln:miejscNIdTeryt><sln:miejscNNazwa>Wilknity</sln:miejscNNazwa><sln:miejscNRodzaj>Wieś</sln:miejscNRodzaj><sln:miejscNazwa>Słup</sln:miejscNazwa><sln:miejscRodzaj>Kolonia</sln:miejscRodzaj><sln:powIIPId>c30a8930-5d33-4129-9d64-f227367db167</sln:powIIPId><sln:powIIPPn>PL.PZGIK.200</sln:powIIPPn><sln:powIIPWersja>2012-09-27T10:00:59+02:00</sln:powIIPWersja><sln:powIdTeryt>2802</sln:powIdTeryt><sln:powNazwa>braniewski</sln:powNazwa><sln:wojIIPId>45e7cfc6-6d8b-42ff-acbd-ef1d0a53dacb</sln:wojIIPId><sln:wojIIPPn>PL.PZGIK.200</sln:wojIIPPn><sln:wojIIPWersja>2012-09-27T13:45:13+02:00</sln:wojIIPWersja><sln:wojIdTeryt>28</sln:wojIdTeryt><sln:wojNazwa>warmińsko-mazurskie</sln:wojNazwa></sln:miejscowosc><sln:miejscowosc><sln:cyklZyciaOd>2016-11-27T00:00:00+01:00</sln:cyklZyciaOd><sln:gmIIPId>acf2e838-e9ce-4247-afa3-8d8701577a9c</sln:gmIIPId><sln:gmIIPPn>PL.PZGIK.200</sln:gmIIPPn><sln:gmIIPWersja>2012-09-26T22:22:14+02:00</sln:gmIIPWersja><sln:gmIdTeryt>2802042</sln:gmIdTeryt><sln:gmNazwa>Lelkowo</sln:gmNazwa><sln:miejscIIPId>a34c8378-664e-424a-8205-6e9e1f7bfea6</sln:miejscIIPId><sln:miejscIIPPn>PL.PZGIK.200</sln:miejscIIPPn><sln:miejscIIPWersja>2016-11-27T17:47:24+02:00</sln:miejscIIPWersja><sln:miejscIdTeryt>0151615</sln:miejscIdTeryt><sln:miejscNIIPId>582afe88-09b5-420b-892a-445d521ea755</sln:miejscNIIPId><sln:miejscNIIPPn>PL.PZGIK.200</sln:miejscNIIPPn><sln:miejscNIIPWersja>2016-11-27T17:47:23+02:00</sln:miejscNIIPWersja><sln:miejscNIdTeryt>0151584</sln:miejscNIdTeryt><sln:miejscNNazwa>Wilknity</sln:miejscNNazwa><sln:miejscNRodzaj>Wieś</sln:miejscNRodzaj><sln:miejscNazwa>Wilknicki Młyn</sln:miejscNazwa><sln:miejscRodzaj>Osada</sln:miejscRodzaj><sln:powIIPId>c30a8930-5d33-4129-9d64-f227367db167</sln:powIIPId><sln:powIIPPn>PL.PZGIK.200</sln:powIIPPn><sln:powIIPWersja>2012-09-27T10:00:59+02:00</sln:powIIPWersja><sln:powIdTeryt>2802</sln:powIdTeryt><sln:powNazwa>braniewski</sln:powNazwa><sln:wojIIPId>45e7cfc6-6d8b-42ff-acbd-ef1d0a53dacb</sln:wojIIPId><sln:wojIIPPn>PL.PZGIK.200</sln:wojIIPPn><sln:wojIIPWersja>2012-09-27T13:45:13+02:00</sln:wojIIPWersja><sln:wojIdTeryt>28</sln:wojIdTeryt><sln:wojNazwa>warmińsko-mazurskie</sln:wojNazwa></sln:miejscowosc><sln:miejscowosc><sln:cyklZyciaOd>2016-11-27T00:00:00+01:00</sln:cyklZyciaOd><sln:gmIIPId>acf2e838-e9ce-4247-afa3-8d8701577a9c</sln:gmIIPId><sln:gmIIPPn>PL.PZGIK.200</sln:gmIIPPn><sln:gmIIPWersja>2012-09-26T22:22:14+02:00</sln:gmIIPWersja><sln:gmIdTeryt>2802042</sln:gmIdTeryt><sln:gmNazwa>Lelkowo</sln:gmNazwa><sln:miejscIIPId>beee6dc7-6e71-4bf6-9b0c-9c80bf6ec293</sln:miejscIIPId><sln:miejscIIPPn>PL.PZGIK.200</sln:miejscIIPPn><sln:miejscIIPWersja>2016-11-27T17:47:24+02:00</sln:miejscIIPWersja><sln:miejscIdTeryt>0151590</sln:miejscIdTeryt><sln:miejscNIIPId>582afe88-09b5-420b-892a-445d521ea755</sln:miejscNIIPId><sln:miejscNIIPPn>PL.PZGIK.200</sln:miejscNIIPPn><sln:miejscNIIPWersja>2016-11-27T17:47:23+02:00</sln:miejscNIIPWersja><sln:miejscNIdTeryt>0151584</sln:miejscNIdTeryt><sln:miejscNNazwa>Wilknity</sln:miejscNNazwa><sln:miejscNRodzaj>Wieś</sln:miejscNRodzaj><sln:miejscNazwa>Bartki</sln:miejscNazwa><sln:miejscRodzaj>Wieś</sln:miejscRodzaj><sln:powIIPId>c30a8930-5d33-4129-9d64-f227367db167</sln:powIIPId><sln:powIIPPn>PL.PZGIK.200</sln:powIIPPn><sln:powIIPWersja>2012-09-27T10:00:59+02:00</sln:powIIPWersja><sln:powIdTeryt>2802</sln:powIdTeryt><sln:powNazwa>braniewski</sln:powNazwa><sln:wojIIPId>45e7cfc6-6d8b-42ff-acbd-ef1d0a53dacb</sln:wojIIPId><sln:wojIIPPn>PL.PZGIK.200</sln:wojIIPPn><sln:wojIIPWersja>2012-09-27T13:45:13+02:00</sln:wojIIPWersja><sln:wojIdTeryt>28</sln:wojIdTeryt><sln:wojNazwa>warmińsko-mazurskie</sln:wojNazwa></sln:miejscowosc><sln:miejscowosc><sln:cyklZyciaOd>2016-11-27T00:00:00+01:00</sln:cyklZyciaOd><sln:gmIIPId>acf2e838-e9ce-4247-afa3-8d8701577a9c</sln:gmIIPId><sln:gmIIPPn>PL.PZGIK.200</sln:gmIIPPn><sln:gmIIPWersja>2012-09-26T22:22:14+02:00</sln:gmIIPWersja><sln:gmIdTeryt>2802042</sln:gmIdTeryt><sln:gmNazwa>Lelkowo</sln:gmNazwa><sln:miejscIIPId>89bbab5e-bc07-4889-b964-f0181409e90a</sln:miejscIIPId><sln:miejscIIPPn>PL.PZGIK.200</sln:miejscIIPPn><sln:miejscIIPWersja>2016-11-27T17:47:24+02:00</sln:miejscIIPWersja><sln:miejscIdTeryt>0151644</sln:miejscIdTeryt><sln:miejscNIIPId>76f0c0d5-19ad-414c-83be-ae9987895397</sln:miejscNIIPId><sln:miejscNIIPPn>PL.PZGIK.200</sln:miejscNIIPPn><sln:miejscNIIPWersja>2016-11-27T17:47:23+02:00</sln:miejscNIIPWersja><sln:miejscNIdTeryt>0151621</sln:miejscNIdTeryt><sln:miejscNNazwa>Wołowo</sln:miejscNNazwa><sln:miejscNRodzaj>Wieś</sln:miejscNRodzaj><sln:miejscNazwa>Nałaby</sln:miejscNazwa><sln:miejscRodzaj>Kolonia</sln:miejscRodzaj><sln:powIIPId>c30a8930-5d33-4129-9d64-f227367db167</sln:powIIPId><sln:powIIPPn>PL.PZGIK.200</sln:powIIPPn><sln:powIIPWersja>2012-09-27T10:00:59+02:00</sln:powIIPWersja><sln:powIdTeryt>2802</sln:powIdTeryt><sln:powNazwa>braniewski</sln:powNazwa><sln:wojIIPId>45e7cfc6-6d8b-42ff-acbd-ef1d0a53dacb</sln:wojIIPId><sln:wojIIPPn>PL.PZGIK.200</sln:wojIIPPn><sln:wojIIPWersja>2012-09-27T13:45:13+02:00</sln:wojIIPWersja><sln:wojIdTeryt>28</sln:wojIdTeryt><sln:wojNazwa>warmińsko-mazurskie</sln:wojNazwa></sln:miejscowosc><sln:miejscowosc><sln:cyklZyciaOd>2016-11-27T00:00:00+01:00</sln:cyklZyciaOd><sln:gmIIPId>acf2e838-e9ce-4247-afa3-8d8701577a9c</sln:gmIIPId><sln:gmIIPPn>PL.PZGIK.200</sln:gmIIPPn><sln:gmIIPWersja>2012-09-26T22:22:14+02:00</sln:gmIIPWersja><sln:gmIdTeryt>2802042</sln:gmIdTeryt><sln:gmNazwa>Lelkowo</sln:gmNazwa><sln:miejscIIPId>da5aa99c-feff-43c1-8e45-a3ddecd46352</sln:miejscIIPId><sln:miejscIIPPn>PL.PZGIK.200</sln:miejscIIPPn><sln:miejscIIPWersja>2016-11-27T17:47:24+02:00</sln:miejscIIPWersja><sln:miejscIdTeryt>0151650</sln:miejscIdTeryt><sln:miejscNIIPId>76f0c0d5-19ad-414c-83be-ae9987895397</sln:miejscNIIPId><sln:miejscNIIPPn>PL.PZGIK.200</sln:miejscNIIPPn><sln:miejscNIIPWersja>2016-11-27T17:47:23+02:00</sln:miejscNIIPWersja><sln:miejscNIdTeryt>0151621</sln:miejscNIdTeryt><sln:miejscNNazwa>Wołowo</sln:miejscNNazwa><sln:miejscNRodzaj>Wieś</sln:miejscNRodzaj><sln:miejscNazwa>Perwilty</sln:miejscNazwa><sln:miejscRodzaj>Kolonia</sln:miejscRodzaj><sln:powIIPId>c30a8930-5d33-4129-9d64-f227367db167</sln:powIIPId><sln:powIIPPn>PL.PZGIK.200</sln:powIIPPn><sln:powIIPWersja>2012-09-27T10:00:59+02:00</sln:powIIPWersja><sln:powIdTeryt>2802</sln:powIdTeryt><sln:powNazwa>braniewski</sln:powNazwa><sln:wojIIPId>45e7cfc6-6d8b-42ff-acbd-ef1d0a53dacb</sln:wojIIPId><sln:wojIIPPn>PL.PZGIK.200</sln:wojIIPPn><sln:wojIIPWersja>2012-09-27T13:45:13+02:00</sln:wojIIPWersja><sln:wojIdTeryt>28</sln:wojIdTeryt><sln:wojNazwa>warmińsko-mazurskie</sln:wojNazwa></sln:miejscowosc><sln:miejscowosc><sln:cyklZyciaOd>2016-11-27T00:00:00+01:00</sln:cyklZyciaOd><sln:gmIIPId>acf2e838-e9ce-4247-afa3-8d8701577a9c</sln:gmIIPId><sln:gmIIPPn>PL.PZGIK.200</sln:gmIIPPn><sln:gmIIPWersja>2012-09-26T22:22:14+02:00</sln:gmIIPWersja><sln:gmIdTeryt>2802042</sln:gmIdTeryt><sln:gmNazwa>Lelkowo</sln:gmNazwa><sln:miejscIIPId>d629e75d-ad06-45b7-8cd7-e0b0d49da11c</sln:miejscIIPId><sln:miejscIIPPn>PL.PZGIK.200</sln:miejscIIPPn><sln:miejscIIPWersja>2016-11-27T17:47:24+02:00</sln:miejscIIPWersja><sln:miejscIdTeryt>0151450</sln:miejscIdTeryt><sln:miejscNIIPId>1ed6b6fc-ea47-4a0d-9559-514a5aaf47f5</sln:miejscNIIPId><sln:miejscNIIPPn>PL.PZGIK.200</sln:miejscNIIPPn><sln:miejscNIIPWersja>2016-11-27T17:47:23+02:00</sln:miejscNIIPWersja><sln:miejscNIdTeryt>0151443</sln:miejscNIdTeryt><sln:miejscNNazwa>Jarzeń</sln:miejscNNazwa><sln:miejscNRodzaj>Wieś</sln:miejscNRodzaj><sln:miejscNazwa>Jarzeński Młyn</sln:miejscNazwa><sln:miejscRodzaj>Inny obiekt</sln:miejscRodzaj><sln:powIIPId>c30a8930-5d33-4129-9d64-f227367db167</sln:powIIPId><sln:powIIPPn>PL.PZGIK.200</sln:powIIPPn><sln:powIIPWersja>2012-09-27T10:00:59+02:00</sln:powIIPWersja><sln:powIdTeryt>2802</sln:powIdTeryt><sln:powNazwa>braniewski</sln:powNazwa><sln:wojIIPId>45e7cfc6-6d8b-42ff-acbd-ef1d0a53dacb</sln:wojIIPId><sln:wojIIPPn>PL.PZGIK.200</sln:wojIIPPn><sln:wojIIPWersja>2012-09-27T13:45:13+02:00</sln:wojIIPWersja><sln:wojIdTeryt>28</sln:wojIdTeryt><sln:wojNazwa>warmińsko-mazurskie</sln:wojNazwa></sln:miejscowosc><sln:miejscowosc><sln:cyklZyciaOd>2016-11-27T00:00:00+01:00</sln:cyklZyciaOd><sln:gmIIPId>acf2e838-e9ce-4247-afa3-8d8701577a9c</sln:gmIIPId><sln:gmIIPPn>PL.PZGIK.200</sln:gmIIPPn><sln:gmIIPWersja>2012-09-26T22:22:14+02:00</sln:gmIIPWersja><sln:gmIdTeryt>2802042</sln:gmIdTeryt><sln:gmNazwa>Lelkowo</sln:gmNazwa><sln:miejscIIPId>b9be1d4d-0ff0-4238-88dd-0539af338709</sln:miejscIIPId><sln:miejscIIPPn>PL.PZGIK.200</sln:miejscIIPPn><sln:miejscIIPWersja>2016-11-27T17:47:24+02:00</sln:miejscIIPWersja><sln:miejscIdTeryt>0151638</sln:miejscIdTeryt><sln:miejscNIIPId>dc51f72f-cec2-473a-9b07-bc4e93dbb865</sln:miejscNIIPId><sln:miejscNIIPPn>PL.PZGIK.200</sln:miejscNIIPPn><sln:miejscNIIPWersja>2016-11-27T17:47:23+02:00</sln:miejscNIIPWersja><sln:miejscNIdTeryt>0151472</sln:miejscNIdTeryt><sln:miejscNNazwa>Krzekoty</sln:miejscNNazwa><sln:miejscNRodzaj>Wieś</sln:miejscNRodzaj><sln:miejscNazwa>Giedawy</sln:miejscNazwa><sln:miejscRodzaj>Kolonia</sln:miejscRodzaj><sln:powIIPId>c30a8930-5d33-4129-9d64-f227367db167</sln:powIIPId><sln:powIIPPn>PL.PZGIK.200</sln:powIIPPn><sln:powIIPWersja>2012-09-27T10:00:59+02:00</sln:powIIPWersja><sln:powIdTeryt>2802</sln:powIdTeryt><sln:powNazwa>braniewski</sln:powNazwa><sln:wojIIPId>45e7cfc6-6d8b-42ff-acbd-ef1d0a53dacb</sln:wojIIPId><sln:wojIIPPn>PL.PZGIK.200</sln:wojIIPPn><sln:wojIIPWersja>2012-09-27T13:45:13+02:00</sln:wojIIPWersja><sln:wojIdTeryt>28</sln:wojIdTeryt><sln:wojNazwa>warmińsko-mazurskie</sln:wojNazwa></sln:miejscowosc><sln:miejscowosc><sln:cyklZyciaOd>2016-11-27T00:00:00+01:00</sln:cyklZyciaOd><sln:gmIIPId>acf2e838-e9ce-4247-afa3-8d8701577a9c</sln:gmIIPId><sln:gmIIPPn>PL.PZGIK.200</sln:gmIIPPn><sln:gmIIPWersja>2012-09-26T22:22:14+02:00</sln:gmIIPWersja><sln:gmIdTeryt>2802042</sln:gmIdTeryt><sln:gmNazwa>Lelkowo</sln:gmNazwa><sln:miejscIIPId>ee3aed0b-7677-40c7-9a54-d03e49c2fcd8</sln:miejscIIPId><sln:miejscIIPPn>PL.PZGIK.200</sln:miejscIIPPn><sln:miejscIIPWersja>2016-11-27T17:47:25+02:00</sln:miejscIIPWersja><sln:miejscIdTeryt>0151466</sln:miejscIdTeryt><sln:miejscNIIPId>dc51f72f-cec2-473a-9b07-bc4e93dbb865</sln:miejscNIIPId><sln:miejscNIIPPn>PL.PZGIK.200</sln:miejscNIIPPn><sln:miejscNIIPWersja>2016-11-27T17:47:23+02:00</sln:miejscNIIPWersja><sln:miejscNIdTeryt>0151472</sln:miejscNIdTeryt><sln:miejscNNazwa>Krzekoty</sln:miejscNNazwa><sln:miejscNRodzaj>Wieś</sln:miejscNRodzaj><sln:miejscNazwa>Kildajny</sln:miejscNazwa><sln:miejscRodzaj>Osada</sln:miejscRodzaj><sln:powIIPId>c30a8930-5d33-4129-9d64-f227367db167</sln:powIIPId><sln:powIIPPn>PL.PZGIK.200</sln:powIIPPn><sln:powIIPWersja>2012-09-27T10:00:59+02:00</sln:powIIPWersja><sln:powIdTeryt>2802</sln:powIdTeryt><sln:powNazwa>braniewski</sln:powNazwa><sln:wojIIPId>45e7cfc6-6d8b-42ff-acbd-ef1d0a53dacb</sln:wojIIPId><sln:wojIIPPn>PL.PZGIK.200</sln:wojIIPPn><sln:wojIIPWersja>2012-09-27T13:45:13+02:00</sln:wojIIPWersja><sln:wojIdTeryt>28</sln:wojIdTeryt><sln:wojNazwa>warmińsko-mazurskie</sln:wojNazwa></sln:miejscowosc><sln:miejscowosc><sln:cyklZyciaOd>2016-11-27T00:00:00+01:00</sln:cyklZyciaOd><sln:gmIIPId>acf2e838-e9ce-4247-afa3-8d8701577a9c</sln:gmIIPId><sln:gmIIPPn>PL.PZGIK.200</sln:gmIIPPn><sln:gmIIPWersja>2012-09-26T22:22:14+02:00</sln:gmIIPWersja><sln:gmIdTeryt>2802042</sln:gmIdTeryt><sln:gmNazwa>Lelkowo</sln:gmNazwa><sln:miejscIIPId>d953eedb-5fde-4334-a653-e64a2097873c</sln:miejscIIPId><sln:miejscIIPPn>PL.PZGIK.200</sln:miejscIIPPn><sln:miejscIIPWersja>2016-11-27T17:47:25+02:00</sln:miejscIIPWersja><sln:miejscIdTeryt>0151549</sln:miejscIdTeryt><sln:miejscNIIPId>b0fdc1b1-c793-4632-93dd-810eac80325f</sln:miejscNIIPId><sln:miejscNIIPPn>PL.PZGIK.200</sln:miejscNIIPPn><sln:miejscNIIPWersja>2016-11-27T17:47:24+02:00</sln:miejscNIIPWersja><sln:miejscNIdTeryt>0151532</sln:miejscNIdTeryt><sln:miejscNNazwa>Miłaki</sln:miejscNNazwa><sln:miejscNRodzaj>Wieś</sln:miejscNRodzaj><sln:miejscNazwa>Przebędowo</sln:miejscNazwa><sln:miejscRodzaj>Osada</sln:miejscRodzaj><sln:powIIPId>c30a8930-5d33-4129-9d64-f227367db167</sln:powIIPId><sln:powIIPPn>PL.PZGIK.200</sln:powIIPPn><sln:powIIPWersja>2012-09-27T10:00:59+02:00</sln:powIIPWersja><sln:powIdTeryt>2802</sln:powIdTeryt><sln:powNazwa>braniewski</sln:powNazwa><sln:wojIIPId>45e7cfc6-6d8b-42ff-acbd-ef1d0a53dacb</sln:wojIIPId><sln:wojIIPPn>PL.PZGIK.200</sln:wojIIPPn><sln:wojIIPWersja>2012-09-27T13:45:13+02:00</sln:wojIIPWersja><sln:wojIdTeryt>28</sln:wojIdTeryt><sln:wojNazwa>warmińsko-mazurskie</sln:wojNazwa></sln:miejscowosc><sln:miejscowosc><sln:cyklZyciaOd>2016-11-27T00:00:00+01:00</sln:cyklZyciaOd><sln:gmIIPId>acf2e838-e9ce-4247-afa3-8d8701577a9c</sln:gmIIPId><sln:gmIIPPn>PL.PZGIK.200</sln:gmIIPPn><sln:gmIIPWersja>2012-09-26T22:22:14+02:00</sln:gmIIPWersja><sln:gmIdTeryt>2802042</sln:gmIdTeryt><sln:gmNazwa>Lelkowo</sln:gmNazwa><sln:miejscIIPId>639b12ae-e1c8-4bad-ba60-42d75d6c74e5</sln:miejscIIPId><sln:miejscIIPPn>PL.PZGIK.200</sln:miejscIIPPn><sln:miejscIIPWersja>2016-11-27T17:47:25+02:00</sln:miejscIIPWersja><sln:miejscIdTeryt>0151503</sln:miejscIdTeryt><sln:miejscNIIPId>d60eb579-ac81-46e8-921f-44dee35db308</sln:miejscNIIPId><sln:miejscNIIPPn>PL.PZGIK.200</sln:miejscNIIPPn><sln:miejscNIIPWersja>2016-11-27T17:47:24+02:00</sln:miejscNIIPWersja><sln:miejscNIdTeryt>0151495</sln:miejscNIdTeryt><sln:miejscNNazwa>Lelkowo</sln:miejscNNazwa><sln:miejscNRodzaj>Wieś</sln:miejscNRodzaj><sln:miejscNazwa>Młyniec</sln:miejscNazwa><sln:miejscRodzaj>Kolonia</sln:miejscRodzaj><sln:powIIPId>c30a8930-5d33-4129-9d64-f227367db167</sln:powIIPId><sln:powIIPPn>PL.PZGIK.200</sln:powIIPPn><sln:powIIPWersja>2012-09-27T10:00:59+02:00</sln:powIIPWersja><sln:powIdTeryt>2802</sln:powIdTeryt><sln:powNazwa>braniewski</sln:powNazwa><sln:wojIIPId>45e7cfc6-6d8b-42ff-acbd-ef1d0a53dacb</sln:wojIIPId><sln:wojIIPPn>PL.PZGIK.200</sln:wojIIPPn><sln:wojIIPWersja>2012-09-27T13:45:13+02:00</sln:wojIIPWersja><sln:wojIdTeryt>28</sln:wojIdTeryt><sln:wojNazwa>warmińsko-mazurskie</sln:wojNazwa></sln:miejscowosc><sln:miejscowosc><sln:cyklZyciaOd>2016-11-27T00:00:00+01:00</sln:cyklZyciaOd><sln:gmIIPId>acf2e838-e9ce-4247-afa3-8d8701577a9c</sln:gmIIPId><sln:gmIIPPn>PL.PZGIK.200</sln:gmIIPPn><sln:gmIIPWersja>2012-09-26T22:22:14+02:00</sln:gmIIPWersja><sln:gmIdTeryt>2802042</sln:gmIdTeryt><sln:gmNazwa>Lelkowo</sln:gmNazwa><sln:miejscIIPId>41eacdab-32dc-4a55-bf7a-00622ef35325</sln:miejscIIPId><sln:miejscIIPPn>PL.PZGIK.200</sln:miejscIIPPn><sln:miejscIIPWersja>2016-11-27T17:47:25+02:00</sln:miejscIIPWersja><sln:miejscIdTeryt>1043997</sln:miejscIdTeryt><sln:miejscNIIPId>dc51f72f-cec2-473a-9b07-bc4e93dbb865</sln:miejscNIIPId><sln:miejscNIIPPn>PL.PZGIK.200</sln:miejscNIIPPn><sln:miejscNIIPWersja>2016-11-27T17:47:23+02:00</sln:miejscNIIPWersja><sln:miejscNIdTeryt>0151472</sln:miejscNIdTeryt><sln:miejscNNazwa>Krzekoty</sln:miejscNNazwa><sln:miejscNRodzaj>Wieś</sln:miejscNRodzaj><sln:miejscNazwa>Białobór</sln:miejscNazwa><sln:miejscRodzaj>Osada leśna</sln:miejscRodzaj><sln:powIIPId>c30a8930-5d33-4129-9d64-f227367db167</sln:powIIPId><sln:powIIPPn>PL.PZGIK.200</sln:powIIPPn><sln:powIIPWersja>2012-09-27T10:00:59+02:00</sln:powIIPWersja><sln:powIdTeryt>2802</sln:powIdTeryt><sln:powNazwa>braniewski</sln:powNazwa><sln:wojIIPId>45e7cfc6-6d8b-42ff-acbd-ef1d0a53dacb</sln:wojIIPId><sln:wojIIPPn>PL.PZGIK.200</sln:wojIIPPn><sln:wojIIPWersja>2012-09-27T13:45:13+02:00</sln:wojIIPWersja><sln:wojIdTeryt>28</sln:wojIdTeryt><sln:wojNazwa>warmińsko-mazurskie</sln:wojNazwa></sln:miejscowosc><sln:miejscowosc><sln:cyklZyciaOd>2016-11-27T00:00:00+01:00</sln:cyklZyciaOd><sln:gmIIPId>acf2e838-e9ce-4247-afa3-8d8701577a9c</sln:gmIIPId><sln:gmIIPPn>PL.PZGIK.200</sln:gmIIPPn><sln:gmIIPWersja>2012-09-26T22:22:14+02:00</sln:gmIIPWersja><sln:gmIdTeryt>2802042</sln:gmIdTeryt><sln:gmNazwa>Lelkowo</sln:gmNazwa><sln:miejscIIPId>260a2d3a-eb88-4807-9696-eaef72d19ecd</sln:miejscIIPId><sln:miejscIIPPn>PL.PZGIK.200</sln:miejscIIPPn><sln:miejscIIPWersja>2016-11-27T17:47:25+02:00</sln:miejscIIPWersja><sln:miejscIdTeryt>1044011</sln:miejscIdTeryt><sln:miejscNIIPId>3ee23458-51d5-46ad-af29-6cb31200b933</sln:miejscNIIPId><sln:miejscNIIPPn>PL.PZGIK.200</sln:miejscNIIPPn><sln:miejscNIIPWersja>2016-11-27T17:47:23+02:00</sln:miejscNIIPWersja><sln:miejscNIdTeryt>0151420</sln:miejscNIdTeryt><sln:miejscNNazwa>Grabowiec</sln:miejscNNazwa><sln:miejscNRodzaj>Wieś</sln:miejscNRodzaj><sln:miejscNazwa>Grabowiec</sln:miejscNazwa><sln:miejscRodzaj>Osada</sln:miejscRodzaj><sln:powIIPId>c30a8930-5d33-4129-9d64-f227367db167</sln:powIIPId><sln:powIIPPn>PL.PZGIK.200</sln:powIIPPn><sln:powIIPWersja>2012-09-27T10:00:59+02:00</sln:powIIPWersja><sln:powIdTeryt>2802</sln:powIdTeryt><sln:powNazwa>braniewski</sln:powNazwa><sln:wojIIPId>45e7cfc6-6d8b-42ff-acbd-ef1d0a53dacb</sln:wojIIPId><sln:wojIIPPn>PL.PZGIK.200</sln:wojIIPPn><sln:wojIIPWersja>2012-09-27T13:45:13+02:00</sln:wojIIPWersja><sln:wojIdTeryt>28</sln:wojIdTeryt><sln:wojNazwa>warmińsko-mazurskie</sln:wojNazwa></sln:miejscowosc><sln:miejscowosc><sln:cyklZyciaOd>2016-11-27T00:00:00+01:00</sln:cyklZyciaOd><sln:gmIIPId>acf2e838-e9ce-4247-afa3-8d8701577a9c</sln:gmIIPId><sln:gmIIPPn>PL.PZGIK.200</sln:gmIIPPn><sln:gmIIPWersja>2012-09-26T22:22:14+02:00</sln:gmIIPWersja><sln:gmIdTeryt>2802042</sln:gmIdTeryt><sln:gmNazwa>Lelkowo</sln:gmNazwa><sln:miejscIIPId>64ef8846-ca88-4b0e-93db-a7401e336710</sln:miejscIIPId><sln:miejscIIPPn>PL.PZGIK.200</sln:miejscIIPPn><sln:miejscIIPWersja>2016-11-27T17:47:25+02:00</sln:miejscIIPWersja><sln:miejscIdTeryt>1044028</sln:miejscIdTeryt><sln:miejscNIIPId>9528a3b6-7408-452c-a416-5bab423012ab</sln:miejscNIIPId><sln:miejscNIIPPn>PL.PZGIK.200</sln:miejscNIIPPn><sln:miejscNIIPWersja>2016-11-27T17:47:23+02:00</sln:miejscNIIPWersja><sln:miejscNIdTeryt>0151437</sln:miejscNIdTeryt><sln:miejscNNazwa>Jachowo</sln:miejscNNazwa><sln:miejscNRodzaj>Wieś</sln:miejscNRodzaj><sln:miejscNazwa>Jachowo</sln:miejscNazwa><sln:miejscRodzaj>Osada</sln:miejscRodzaj><sln:powIIPId>c30a8930-5d33-4129-9d64-f227367db167</sln:powIIPId><sln:powIIPPn>PL.PZGIK.200</sln:powIIPPn><sln:powIIPWersja>2012-09-27T10:00:59+02:00</sln:powIIPWersja><sln:powIdTeryt>2802</sln:powIdTeryt><sln:powNazwa>braniewski</sln:powNazwa><sln:wojIIPId>45e7cfc6-6d8b-42ff-acbd-ef1d0a53dacb</sln:wojIIPId><sln:wojIIPPn>PL.PZGIK.200</sln:wojIIPPn><sln:wojIIPWersja>2012-09-27T13:45:13+02:00</sln:wojIIPWersja><sln:wojIdTeryt>28</sln:wojIdTeryt><sln:wojNazwa>warmińsko-mazurskie</sln:wojNazwa></sln:miejscowosc></sln:lista-miejscowosci>