<?xml version="1.0" encoding="UTF-8" standalone="yes"?><sln:lista-miejscowosci xmlns:srv="http://gugik.gov.pl/schemas/slowniki-service/1.0" xmlns:sln="http://gugik.gov.pl/schemas/slowniki-schema/1.0"><sln:miejscowosc><sln:cyklZyciaDo>2017-04-26T00:00:00+02:00</sln:cyklZyciaDo><sln:cyklZyciaOd>2016-03-09T00:00:00+01:00</sln:cyklZyciaOd><sln:gmIIPId>dd2517d2-d2f0-41b4-b46b-a99c8bdc59bd</sln:gmIIPId><sln:gmIIPPn>PL.PZGIK.200</sln:gmIIPPn><sln:gmIIPWersja>2012-09-26T22:21:16+02:00</sln:gmIIPWersja><sln:gmIdTeryt>2812022</sln:gmIdTeryt><sln:gmNazwa>Biskupiec</sln:gmNazwa><sln:miejscIIPId>7d371903-7784-4559-a62f-6a3d933a014f</sln:miejscIIPId><sln:miejscIIPPn>PL.PZGIK.200</sln:miejscIIPPn><sln:miejscIIPWersja>2016-11-24T12:54:07+02:00</sln:miejscIIPWersja><sln:miejscIdTeryt>0840421</sln:miejscIdTeryt><sln:miejscNazwa>Babalice</sln:miejscNazwa><sln:miejscRodzaj>Wieś</sln:miejscRodzaj><sln:powIIPId>e42c631c-498e-4109-b6f4-a4f6fd2fedea</sln:powIIPId><sln:powIIPPn>PL.PZGIK.200</sln:powIIPPn><sln:powIIPWersja>2012-09-27T10:00:59+02:00</sln:powIIPWersja><sln:powIdTeryt>2812</sln:powIdTeryt><sln:powNazwa>nowomiejski</sln:powNazwa><sln:waznyOd>2016-01-05T00:00:00+01:00</sln:waznyOd><sln:wojIIPId>45e7cfc6-6d8b-42ff-acbd-ef1d0a53dacb</sln:wojIIPId><sln:wojIIPPn>PL.PZGIK.200</sln:wojIIPPn><sln:wojIIPWersja>2012-09-27T13:45:13+02:00</sln:wojIIPWersja><sln:wojIdTeryt>28</sln:wojIdTeryt><sln:wojNazwa>warmińsko-mazurskie</sln:wojNazwa></sln:miejscowosc><sln:miejscowosc><sln:cyklZyciaDo>2017-04-26T00:00:00+02:00</sln:cyklZyciaDo><sln:cyklZyciaOd>2016-03-09T00:00:00+01:00</sln:cyklZyciaOd><sln:gmIIPId>dd2517d2-d2f0-41b4-b46b-a99c8bdc59bd</sln:gmIIPId><sln:gmIIPPn>PL.PZGIK.200</sln:gmIIPPn><sln:gmIIPWersja>2012-09-26T22:21:16+02:00</sln:gmIIPWersja><sln:gmIdTeryt>2812022</sln:gmIdTeryt><sln:gmNazwa>Biskupiec</sln:gmNazwa><sln:miejscIIPId>22959f01-8025-4fac-9377-d4cb1a91f6d9</sln:miejscIIPId><sln:miejscIIPPn>PL.PZGIK.200</sln:miejscIIPPn><sln:miejscIIPWersja>2016-11-24T12:54:07+02:00</sln:miejscIIPWersja><sln:miejscIdTeryt>0839978</sln:miejscIdTeryt><sln:miejscNazwa>Bielice</sln:miejscNazwa><sln:miejscRodzaj>Wieś</sln:miejscRodzaj><sln:powIIPId>e42c631c-498e-4109-b6f4-a4f6fd2fedea</sln:powIIPId><sln:powIIPPn>PL.PZGIK.200</sln:powIIPPn><sln:powIIPWersja>2012-09-27T10:00:59+02:00</sln:powIIPWersja><sln:powIdTeryt>2812</sln:powIdTeryt><sln:powNazwa>nowomiejski</sln:powNazwa><sln:waznyOd>2016-01-05T00:00:00+01:00</sln:waznyOd><sln:wojIIPId>45e7cfc6-6d8b-42ff-acbd-ef1d0a53dacb</sln:wojIIPId><sln:wojIIPPn>PL.PZGIK.200</sln:wojIIPPn><sln:wojIIPWersja>2012-09-27T13:45:13+02:00</sln:wojIIPWersja><sln:wojIdTeryt>28</sln:wojIdTeryt><sln:wojNazwa>warmińsko-mazurskie</sln:wojNazwa></sln:miejscowosc><sln:miejscowosc><sln:cyklZyciaDo>2017-04-26T00:00:00+02:00</sln:cyklZyciaDo><sln:cyklZyciaOd>2016-03-09T00:00:00+01:00</sln:cyklZyciaOd><sln:gmIIPId>dd2517d2-d2f0-41b4-b46b-a99c8bdc59bd</sln:gmIIPId><sln:gmIIPPn>PL.PZGIK.200</sln:gmIIPPn><sln:gmIIPWersja>2012-09-26T22:21:16+02:00</sln:gmIIPWersja><sln:gmIdTeryt>2812022</sln:gmIdTeryt><sln:gmNazwa>Biskupiec</sln:gmNazwa><sln:miejscIIPId>ad6ab333-c0d0-4bb9-9fdf-488a700c8f31</sln:miejscIIPId><sln:miejscIIPPn>PL.PZGIK.200</sln:miejscIIPPn><sln:miejscIIPWersja>2016-11-24T12:54:07+02:00</sln:miejscIIPWersja><sln:miejscIdTeryt>0840013</sln:miejscIdTeryt><sln:miejscNazwa>Biskupiec</sln:miejscNazwa><sln:miejscRodzaj>Wieś</sln:miejscRodzaj><sln:powIIPId>e42c631c-498e-4109-b6f4-a4f6fd2fedea</sln:powIIPId><sln:powIIPPn>PL.PZGIK.200</sln:powIIPPn><sln:powIIPWersja>2012-09-27T10:00:59+02:00</sln:powIIPWersja><sln:powIdTeryt>2812</sln:powIdTeryt><sln:powNazwa>nowomiejski</sln:powNazwa><sln:waznyOd>2016-01-05T00:00:00+01:00</sln:waznyOd><sln:wojIIPId>45e7cfc6-6d8b-42ff-acbd-ef1d0a53dacb</sln:wojIIPId><sln:wojIIPPn>PL.PZGIK.200</sln:wojIIPPn><sln:wojIIPWersja>2012-09-27T13:45:13+02:00</sln:wojIIPWersja><sln:wojIdTeryt>28</sln:wojIdTeryt><sln:wojNazwa>warmińsko-mazurskie</sln:wojNazwa></sln:miejscowosc><sln:miejscowosc><sln:cyklZyciaDo>2017-04-26T00:00:00+02:00</sln:cyklZyciaDo><sln:cyklZyciaOd>2016-03-09T00:00:00+01:00</sln:cyklZyciaOd><sln:gmIIPId>dd2517d2-d2f0-41b4-b46b-a99c8bdc59bd</sln:gmIIPId><sln:gmIIPPn>PL.PZGIK.200</sln:gmIIPPn><sln:gmIIPWersja>2012-09-26T22:21:16+02:00</sln:gmIIPWersja><sln:gmIdTeryt>2812022</sln:gmIdTeryt><sln:gmNazwa>Biskupiec</sln:gmNazwa><sln:miejscIIPId>a0bc3ebb-d120-434a-82e3-ba54c2533c07</sln:miejscIIPId><sln:miejscIIPPn>PL.PZGIK.200</sln:miejscIIPPn><sln:miejscIIPWersja>2016-11-24T12:54:07+02:00</sln:miejscIIPWersja><sln:miejscIdTeryt>0840020</sln:miejscIdTeryt><sln:miejscNazwa>Czachówki</sln:miejscNazwa><sln:miejscRodzaj>Wieś</sln:miejscRodzaj><sln:powIIPId>e42c631c-498e-4109-b6f4-a4f6fd2fedea</sln:powIIPId><sln:powIIPPn>PL.PZGIK.200</sln:powIIPPn><sln:powIIPWersja>2012-09-27T10:00:59+02:00</sln:powIIPWersja><sln:powIdTeryt>2812</sln:powIdTeryt><sln:powNazwa>nowomiejski</sln:powNazwa><sln:waznyOd>2016-01-05T00:00:00+01:00</sln:waznyOd><sln:wojIIPId>45e7cfc6-6d8b-42ff-acbd-ef1d0a53dacb</sln:wojIIPId><sln:wojIIPPn>PL.PZGIK.200</sln:wojIIPPn><sln:wojIIPWersja>2012-09-27T13:45:13+02:00</sln:wojIIPWersja><sln:wojIdTeryt>28</sln:wojIdTeryt><sln:wojNazwa>warmińsko-mazurskie</sln:wojNazwa></sln:miejscowosc><sln:miejscowosc><sln:cyklZyciaDo>2017-04-26T00:00:00+02:00</sln:cyklZyciaDo><sln:cyklZyciaOd>2016-03-09T00:00:00+01:00</sln:cyklZyciaOd><sln:gmIIPId>dd2517d2-d2f0-41b4-b46b-a99c8bdc59bd</sln:gmIIPId><sln:gmIIPPn>PL.PZGIK.200</sln:gmIIPPn><sln:gmIIPWersja>2012-09-26T22:21:16+02:00</sln:gmIIPWersja><sln:gmIdTeryt>2812022</sln:gmIdTeryt><sln:gmNazwa>Biskupiec</sln:gmNazwa><sln:miejscIIPId>08a931a7-1799-4947-b981-922cce980123</sln:miejscIIPId><sln:miejscIIPPn>PL.PZGIK.200</sln:miejscIIPPn><sln:miejscIIPWersja>2016-11-24T12:54:07+02:00</sln:miejscIIPWersja><sln:miejscIdTeryt>0840059</sln:miejscIdTeryt><sln:miejscNazwa>Fitowo</sln:miejscNazwa><sln:miejscRodzaj>Wieś</sln:miejscRodzaj><sln:powIIPId>e42c631c-498e-4109-b6f4-a4f6fd2fedea</sln:powIIPId><sln:powIIPPn>PL.PZGIK.200</sln:powIIPPn><sln:powIIPWersja>2012-09-27T10:00:59+02:00</sln:powIIPWersja><sln:powIdTeryt>2812</sln:powIdTeryt><sln:powNazwa>nowomiejski</sln:powNazwa><sln:waznyOd>2016-01-05T00:00:00+01:00</sln:waznyOd><sln:wojIIPId>45e7cfc6-6d8b-42ff-acbd-ef1d0a53dacb</sln:wojIIPId><sln:wojIIPPn>PL.PZGIK.200</sln:wojIIPPn><sln:wojIIPWersja>2012-09-27T13:45:13+02:00</sln:wojIIPWersja><sln:wojIdTeryt>28</sln:wojIdTeryt><sln:wojNazwa>warmińsko-mazurskie</sln:wojNazwa></sln:miejscowosc><sln:miejscowosc><sln:cyklZyciaDo>2017-04-26T00:00:00+02:00</sln:cyklZyciaDo><sln:cyklZyciaOd>2016-03-09T00:00:00+01:00</sln:cyklZyciaOd><sln:gmIIPId>dd2517d2-d2f0-41b4-b46b-a99c8bdc59bd</sln:gmIIPId><sln:gmIIPPn>PL.PZGIK.200</sln:gmIIPPn><sln:gmIIPWersja>2012-09-26T22:21:16+02:00</sln:gmIIPWersja><sln:gmIdTeryt>2812022</sln:gmIdTeryt><sln:gmNazwa>Biskupiec</sln:gmNazwa><sln:miejscIIPId>d30f5d8b-b287-4738-8dbb-0f1512a308d6</sln:miejscIIPId><sln:miejscIIPPn>PL.PZGIK.200</sln:miejscIIPPn><sln:miejscIIPWersja>2016-11-24T12:54:07+02:00</sln:miejscIIPWersja><sln:miejscIdTeryt>0840065</sln:miejscIdTeryt><sln:miejscNazwa>Gaj</sln:miejscNazwa><sln:miejscRodzaj>Wieś</sln:miejscRodzaj><sln:powIIPId>e42c631c-498e-4109-b6f4-a4f6fd2fedea</sln:powIIPId><sln:powIIPPn>PL.PZGIK.200</sln:powIIPPn><sln:powIIPWersja>2012-09-27T10:00:59+02:00</sln:powIIPWersja><sln:powIdTeryt>2812</sln:powIdTeryt><sln:powNazwa>nowomiejski</sln:powNazwa><sln:waznyOd>2016-01-05T00:00:00+01:00</sln:waznyOd><sln:wojIIPId>45e7cfc6-6d8b-42ff-acbd-ef1d0a53dacb</sln:wojIIPId><sln:wojIIPPn>PL.PZGIK.200</sln:wojIIPPn><sln:wojIIPWersja>2012-09-27T13:45:13+02:00</sln:wojIIPWersja><sln:wojIdTeryt>28</sln:wojIdTeryt><sln:wojNazwa>warmińsko-mazurskie</sln:wojNazwa></sln:miejscowosc><sln:miejscowosc><sln:cyklZyciaDo>2017-04-26T00:00:00+02:00</sln:cyklZyciaDo><sln:cyklZyciaOd>2016-03-09T00:00:00+01:00</sln:cyklZyciaOd><sln:gmIIPId>dd2517d2-d2f0-41b4-b46b-a99c8bdc59bd</sln:gmIIPId><sln:gmIIPPn>PL.PZGIK.200</sln:gmIIPPn><sln:gmIIPWersja>2012-09-26T22:21:16+02:00</sln:gmIIPWersja><sln:gmIdTeryt>2812022</sln:gmIdTeryt><sln:gmNazwa>Biskupiec</sln:gmNazwa><sln:miejscIIPId>f25ee14d-d139-4f02-857d-f6883887f95f</sln:miejscIIPId><sln:miejscIIPPn>PL.PZGIK.200</sln:miejscIIPPn><sln:miejscIIPWersja>2016-11-24T12:54:07+02:00</sln:miejscIIPWersja><sln:miejscIdTeryt>0840094</sln:miejscIdTeryt><sln:miejscNazwa>Krotoszyny</sln:miejscNazwa><sln:miejscRodzaj>Wieś</sln:miejscRodzaj><sln:powIIPId>e42c631c-498e-4109-b6f4-a4f6fd2fedea</sln:powIIPId><sln:powIIPPn>PL.PZGIK.200</sln:powIIPPn><sln:powIIPWersja>2012-09-27T10:00:59+02:00</sln:powIIPWersja><sln:powIdTeryt>2812</sln:powIdTeryt><sln:powNazwa>nowomiejski</sln:powNazwa><sln:waznyOd>2016-01-05T00:00:00+01:00</sln:waznyOd><sln:wojIIPId>45e7cfc6-6d8b-42ff-acbd-ef1d0a53dacb</sln:wojIIPId><sln:wojIIPPn>PL.PZGIK.200</sln:wojIIPPn><sln:wojIIPWersja>2012-09-27T13:45:13+02:00</sln:wojIIPWersja><sln:wojIdTeryt>28</sln:wojIdTeryt><sln:wojNazwa>warmińsko-mazurskie</sln:wojNazwa></sln:miejscowosc><sln:miejscowosc><sln:cyklZyciaDo>2017-04-26T00:00:00+02:00</sln:cyklZyciaDo><sln:cyklZyciaOd>2016-03-09T00:00:00+01:00</sln:cyklZyciaOd><sln:gmIIPId>dd2517d2-d2f0-41b4-b46b-a99c8bdc59bd</sln:gmIIPId><sln:gmIIPPn>PL.PZGIK.200</sln:gmIIPPn><sln:gmIIPWersja>2012-09-26T22:21:16+02:00</sln:gmIIPWersja><sln:gmIdTeryt>2812022</sln:gmIdTeryt><sln:gmNazwa>Biskupiec</sln:gmNazwa><sln:miejscIIPId>d440f257-4104-47cf-b695-a1ec6d25839c</sln:miejscIIPId><sln:miejscIIPPn>PL.PZGIK.200</sln:miejscIIPPn><sln:miejscIIPWersja>2016-11-24T12:54:07+02:00</sln:miejscIIPWersja><sln:miejscIdTeryt>0840119</sln:miejscIdTeryt><sln:miejscNazwa>Lipinki</sln:miejscNazwa><sln:miejscRodzaj>Wieś</sln:miejscRodzaj><sln:powIIPId>e42c631c-498e-4109-b6f4-a4f6fd2fedea</sln:powIIPId><sln:powIIPPn>PL.PZGIK.200</sln:powIIPPn><sln:powIIPWersja>2012-09-27T10:00:59+02:00</sln:powIIPWersja><sln:powIdTeryt>2812</sln:powIdTeryt><sln:powNazwa>nowomiejski</sln:powNazwa><sln:waznyOd>2016-01-05T00:00:00+01:00</sln:waznyOd><sln:wojIIPId>45e7cfc6-6d8b-42ff-acbd-ef1d0a53dacb</sln:wojIIPId><sln:wojIIPPn>PL.PZGIK.200</sln:wojIIPPn><sln:wojIIPWersja>2012-09-27T13:45:13+02:00</sln:wojIIPWersja><sln:wojIdTeryt>28</sln:wojIdTeryt><sln:wojNazwa>warmińsko-mazurskie</sln:wojNazwa></sln:miejscowosc><sln:miejscowosc><sln:cyklZyciaDo>2017-04-26T00:00:00+02:00</sln:cyklZyciaDo><sln:cyklZyciaOd>2016-03-09T00:00:00+01:00</sln:cyklZyciaOd><sln:gmIIPId>dd2517d2-d2f0-41b4-b46b-a99c8bdc59bd</sln:gmIIPId><sln:gmIIPPn>PL.PZGIK.200</sln:gmIIPPn><sln:gmIIPWersja>2012-09-26T22:21:16+02:00</sln:gmIIPWersja><sln:gmIdTeryt>2812022</sln:gmIdTeryt><sln:gmNazwa>Biskupiec</sln:gmNazwa><sln:miejscIIPId>bf0e9ada-d92a-4aa8-9cb4-ce52a68b9f7f</sln:miejscIIPId><sln:miejscIIPPn>PL.PZGIK.200</sln:miejscIIPPn><sln:miejscIIPWersja>2016-11-24T12:54:07+02:00</sln:miejscIIPWersja><sln:miejscIdTeryt>0840160</sln:miejscIdTeryt><sln:miejscNazwa>Łąkorek</sln:miejscNazwa><sln:miejscRodzaj>Wieś</sln:miejscRodzaj><sln:powIIPId>e42c631c-498e-4109-b6f4-a4f6fd2fedea</sln:powIIPId><sln:powIIPPn>PL.PZGIK.200</sln:powIIPPn><sln:powIIPWersja>2012-09-27T10:00:59+02:00</sln:powIIPWersja><sln:powIdTeryt>2812</sln:powIdTeryt><sln:powNazwa>nowomiejski</sln:powNazwa><sln:waznyOd>2016-01-05T00:00:00+01:00</sln:waznyOd><sln:wojIIPId>45e7cfc6-6d8b-42ff-acbd-ef1d0a53dacb</sln:wojIIPId><sln:wojIIPPn>PL.PZGIK.200</sln:wojIIPPn><sln:wojIIPWersja>2012-09-27T13:45:13+02:00</sln:wojIIPWersja><sln:wojIdTeryt>28</sln:wojIdTeryt><sln:wojNazwa>warmińsko-mazurskie</sln:wojNazwa></sln:miejscowosc><sln:miejscowosc><sln:cyklZyciaDo>2017-04-26T00:00:00+02:00</sln:cyklZyciaDo><sln:cyklZyciaOd>2016-03-09T00:00:00+01:00</sln:cyklZyciaOd><sln:gmIIPId>dd2517d2-d2f0-41b4-b46b-a99c8bdc59bd</sln:gmIIPId><sln:gmIIPPn>PL.PZGIK.200</sln:gmIIPPn><sln:gmIIPWersja>2012-09-26T22:21:16+02:00</sln:gmIIPWersja><sln:gmIdTeryt>2812022</sln:gmIdTeryt><sln:gmNazwa>Biskupiec</sln:gmNazwa><sln:miejscIIPId>a4241172-e718-46fe-ab23-84d9a65985a7</sln:miejscIIPId><sln:miejscIIPPn>PL.PZGIK.200</sln:miejscIIPPn><sln:miejscIIPWersja>2016-11-24T12:54:07+02:00</sln:miejscIIPWersja><sln:miejscIdTeryt>0840183</sln:miejscIdTeryt><sln:miejscNazwa>Łąkorz</sln:miejscNazwa><sln:miejscRodzaj>Wieś</sln:miejscRodzaj><sln:powIIPId>e42c631c-498e-4109-b6f4-a4f6fd2fedea</sln:powIIPId><sln:powIIPPn>PL.PZGIK.200</sln:powIIPPn><sln:powIIPWersja>2012-09-27T10:00:59+02:00</sln:powIIPWersja><sln:powIdTeryt>2812</sln:powIdTeryt><sln:powNazwa>nowomiejski</sln:powNazwa><sln:waznyOd>2016-01-05T00:00:00+01:00</sln:waznyOd><sln:wojIIPId>45e7cfc6-6d8b-42ff-acbd-ef1d0a53dacb</sln:wojIIPId><sln:wojIIPPn>PL.PZGIK.200</sln:wojIIPPn><sln:wojIIPWersja>2012-09-27T13:45:13+02:00</sln:wojIIPWersja><sln:wojIdTeryt>28</sln:wojIdTeryt><sln:wojNazwa>warmińsko-mazurskie</sln:wojNazwa></sln:miejscowosc><sln:miejscowosc><sln:cyklZyciaDo>2017-04-26T00:00:00+02:00</sln:cyklZyciaDo><sln:cyklZyciaOd>2016-03-09T00:00:00+01:00</sln:cyklZyciaOd><sln:gmIIPId>dd2517d2-d2f0-41b4-b46b-a99c8bdc59bd</sln:gmIIPId><sln:gmIIPPn>PL.PZGIK.200</sln:gmIIPPn><sln:gmIIPWersja>2012-09-26T22:21:16+02:00</sln:gmIIPWersja><sln:gmIdTeryt>2812022</sln:gmIdTeryt><sln:gmNazwa>Biskupiec</sln:gmNazwa><sln:miejscIIPId>d20fd401-b176-4234-9438-a0203bea40f5</sln:miejscIIPId><sln:miejscIIPPn>PL.PZGIK.200</sln:miejscIIPPn><sln:miejscIIPWersja>2016-11-24T12:54:07+02:00</sln:miejscIIPWersja><sln:miejscIdTeryt>0840250</sln:miejscIdTeryt><sln:miejscNazwa>Mierzyn</sln:miejscNazwa><sln:miejscRodzaj>Wieś</sln:miejscRodzaj><sln:powIIPId>e42c631c-498e-4109-b6f4-a4f6fd2fedea</sln:powIIPId><sln:powIIPPn>PL.PZGIK.200</sln:powIIPPn><sln:powIIPWersja>2012-09-27T10:00:59+02:00</sln:powIIPWersja><sln:powIdTeryt>2812</sln:powIdTeryt><sln:powNazwa>nowomiejski</sln:powNazwa><sln:waznyOd>2016-01-05T00:00:00+01:00</sln:waznyOd><sln:wojIIPId>45e7cfc6-6d8b-42ff-acbd-ef1d0a53dacb</sln:wojIIPId><sln:wojIIPPn>PL.PZGIK.200</sln:wojIIPPn><sln:wojIIPWersja>2012-09-27T13:45:13+02:00</sln:wojIIPWersja><sln:wojIdTeryt>28</sln:wojIdTeryt><sln:wojNazwa>warmińsko-mazurskie</sln:wojNazwa></sln:miejscowosc><sln:miejscowosc><sln:cyklZyciaDo>2017-04-26T00:00:00+02:00</sln:cyklZyciaDo><sln:cyklZyciaOd>2016-03-09T00:00:00+01:00</sln:cyklZyciaOd><sln:gmIIPId>dd2517d2-d2f0-41b4-b46b-a99c8bdc59bd</sln:gmIIPId><sln:gmIIPPn>PL.PZGIK.200</sln:gmIIPPn><sln:gmIIPWersja>2012-09-26T22:21:16+02:00</sln:gmIIPWersja><sln:gmIdTeryt>2812022</sln:gmIdTeryt><sln:gmNazwa>Biskupiec</sln:gmNazwa><sln:miejscIIPId>47bb709c-07cf-4774-be20-0bac6cdf6141</sln:miejscIIPId><sln:miejscIIPPn>PL.PZGIK.200</sln:miejscIIPPn><sln:miejscIIPWersja>2016-11-24T12:54:07+02:00</sln:miejscIIPWersja><sln:miejscIdTeryt>0840289</sln:miejscIdTeryt><sln:miejscNazwa>Osetno</sln:miejscNazwa><sln:miejscRodzaj>Wieś</sln:miejscRodzaj><sln:powIIPId>e42c631c-498e-4109-b6f4-a4f6fd2fedea</sln:powIIPId><sln:powIIPPn>PL.PZGIK.200</sln:powIIPPn><sln:powIIPWersja>2012-09-27T10:00:59+02:00</sln:powIIPWersja><sln:powIdTeryt>2812</sln:powIdTeryt><sln:powNazwa>nowomiejski</sln:powNazwa><sln:waznyOd>2016-01-05T00:00:00+01:00</sln:waznyOd><sln:wojIIPId>45e7cfc6-6d8b-42ff-acbd-ef1d0a53dacb</sln:wojIIPId><sln:wojIIPPn>PL.PZGIK.200</sln:wojIIPPn><sln:wojIIPWersja>2012-09-27T13:45:13+02:00</sln:wojIIPWersja><sln:wojIdTeryt>28</sln:wojIdTeryt><sln:wojNazwa>warmińsko-mazurskie</sln:wojNazwa></sln:miejscowosc><sln:miejscowosc><sln:cyklZyciaDo>2017-04-26T00:00:00+02:00</sln:cyklZyciaDo><sln:cyklZyciaOd>2016-03-09T00:00:00+01:00</sln:cyklZyciaOd><sln:gmIIPId>dd2517d2-d2f0-41b4-b46b-a99c8bdc59bd</sln:gmIIPId><sln:gmIIPPn>PL.PZGIK.200</sln:gmIIPPn><sln:gmIIPWersja>2012-09-26T22:21:16+02:00</sln:gmIIPWersja><sln:gmIdTeryt>2812022</sln:gmIdTeryt><sln:gmNazwa>Biskupiec</sln:gmNazwa><sln:miejscIIPId>2208aabf-4c68-4f54-8968-90c80cfd451d</sln:miejscIIPId><sln:miejscIIPPn>PL.PZGIK.200</sln:miejscIIPPn><sln:miejscIIPWersja>2016-11-24T12:54:07+02:00</sln:miejscIIPWersja><sln:miejscIdTeryt>0840533</sln:miejscIdTeryt><sln:miejscNazwa>Osówko</sln:miejscNazwa><sln:miejscRodzaj>Wieś</sln:miejscRodzaj><sln:powIIPId>e42c631c-498e-4109-b6f4-a4f6fd2fedea</sln:powIIPId><sln:powIIPPn>PL.PZGIK.200</sln:powIIPPn><sln:powIIPWersja>2012-09-27T10:00:59+02:00</sln:powIIPWersja><sln:powIdTeryt>2812</sln:powIdTeryt><sln:powNazwa>nowomiejski</sln:powNazwa><sln:waznyOd>2016-01-05T00:00:00+01:00</sln:waznyOd><sln:wojIIPId>45e7cfc6-6d8b-42ff-acbd-ef1d0a53dacb</sln:wojIIPId><sln:wojIIPPn>PL.PZGIK.200</sln:wojIIPPn><sln:wojIIPWersja>2012-09-27T13:45:13+02:00</sln:wojIIPWersja><sln:wojIdTeryt>28</sln:wojIdTeryt><sln:wojNazwa>warmińsko-mazurskie</sln:wojNazwa></sln:miejscowosc><sln:miejscowosc><sln:cyklZyciaDo>2017-04-26T00:00:00+02:00</sln:cyklZyciaDo><sln:cyklZyciaOd>2016-03-09T00:00:00+01:00</sln:cyklZyciaOd><sln:gmIIPId>dd2517d2-d2f0-41b4-b46b-a99c8bdc59bd</sln:gmIIPId><sln:gmIIPPn>PL.PZGIK.200</sln:gmIIPPn><sln:gmIIPWersja>2012-09-26T22:21:16+02:00</sln:gmIIPWersja><sln:gmIdTeryt>2812022</sln:gmIdTeryt><sln:gmNazwa>Biskupiec</sln:gmNazwa><sln:miejscIIPId>db2764d1-1735-47ac-a054-6c7c7e055260</sln:miejscIIPId><sln:miejscIIPPn>PL.PZGIK.200</sln:miejscIIPPn><sln:miejscIIPWersja>2016-11-24T12:54:07+02:00</sln:miejscIIPWersja><sln:miejscIdTeryt>0840303</sln:miejscIdTeryt><sln:miejscNazwa>Ostrowite</sln:miejscNazwa><sln:miejscRodzaj>Wieś</sln:miejscRodzaj><sln:powIIPId>e42c631c-498e-4109-b6f4-a4f6fd2fedea</sln:powIIPId><sln:powIIPPn>PL.PZGIK.200</sln:powIIPPn><sln:powIIPWersja>2012-09-27T10:00:59+02:00</sln:powIIPWersja><sln:powIdTeryt>2812</sln:powIdTeryt><sln:powNazwa>nowomiejski</sln:powNazwa><sln:waznyOd>2016-01-05T00:00:00+01:00</sln:waznyOd><sln:wojIIPId>45e7cfc6-6d8b-42ff-acbd-ef1d0a53dacb</sln:wojIIPId><sln:wojIIPPn>PL.PZGIK.200</sln:wojIIPPn><sln:wojIIPWersja>2012-09-27T13:45:13+02:00</sln:wojIIPWersja><sln:wojIdTeryt>28</sln:wojIdTeryt><sln:wojNazwa>warmińsko-mazurskie</sln:wojNazwa></sln:miejscowosc><sln:miejscowosc><sln:cyklZyciaDo>2017-04-26T00:00:00+02:00</sln:cyklZyciaDo><sln:cyklZyciaOd>2016-03-09T00:00:00+01:00</sln:cyklZyciaOd><sln:gmIIPId>dd2517d2-d2f0-41b4-b46b-a99c8bdc59bd</sln:gmIIPId><sln:gmIIPPn>PL.PZGIK.200</sln:gmIIPPn><sln:gmIIPWersja>2012-09-26T22:21:16+02:00</sln:gmIIPWersja><sln:gmIdTeryt>2812022</sln:gmIdTeryt><sln:gmNazwa>Biskupiec</sln:gmNazwa><sln:miejscIIPId>204e0abb-63cd-4364-aa8e-cecacc717b00</sln:miejscIIPId><sln:miejscIIPPn>PL.PZGIK.200</sln:miejscIIPPn><sln:miejscIIPWersja>2016-11-24T12:54:07+02:00</sln:miejscIIPWersja><sln:miejscIdTeryt>0840510</sln:miejscIdTeryt><sln:miejscNazwa>Wielka Wólka</sln:miejscNazwa><sln:miejscRodzaj>Wieś</sln:miejscRodzaj><sln:powIIPId>e42c631c-498e-4109-b6f4-a4f6fd2fedea</sln:powIIPId><sln:powIIPPn>PL.PZGIK.200</sln:powIIPPn><sln:powIIPWersja>2012-09-27T10:00:59+02:00</sln:powIIPWersja><sln:powIdTeryt>2812</sln:powIdTeryt><sln:powNazwa>nowomiejski</sln:powNazwa><sln:waznyOd>2016-01-05T00:00:00+01:00</sln:waznyOd><sln:wojIIPId>45e7cfc6-6d8b-42ff-acbd-ef1d0a53dacb</sln:wojIIPId><sln:wojIIPPn>PL.PZGIK.200</sln:wojIIPPn><sln:wojIIPWersja>2012-09-27T13:45:13+02:00</sln:wojIIPWersja><sln:wojIdTeryt>28</sln:wojIdTeryt><sln:wojNazwa>warmińsko-mazurskie</sln:wojNazwa></sln:miejscowosc><sln:miejscowosc><sln:cyklZyciaDo>2017-04-26T00:00:00+02:00</sln:cyklZyciaDo><sln:cyklZyciaOd>2016-03-09T00:00:00+01:00</sln:cyklZyciaOd><sln:gmIIPId>dd2517d2-d2f0-41b4-b46b-a99c8bdc59bd</sln:gmIIPId><sln:gmIIPPn>PL.PZGIK.200</sln:gmIIPPn><sln:gmIIPWersja>2012-09-26T22:21:16+02:00</sln:gmIIPWersja><sln:gmIdTeryt>2812022</sln:gmIdTeryt><sln:gmNazwa>Biskupiec</sln:gmNazwa><sln:miejscIIPId>28312fc5-e714-4ba4-b37a-cd856c307a11</sln:miejscIIPId><sln:miejscIIPPn>PL.PZGIK.200</sln:miejscIIPPn><sln:miejscIIPWersja>2016-11-24T12:54:07+02:00</sln:miejscIIPWersja><sln:miejscIdTeryt>0840579</sln:miejscIdTeryt><sln:miejscNazwa>Wonna</sln:miejscNazwa><sln:miejscRodzaj>Wieś</sln:miejscRodzaj><sln:powIIPId>e42c631c-498e-4109-b6f4-a4f6fd2fedea</sln:powIIPId><sln:powIIPPn>PL.PZGIK.200</sln:powIIPPn><sln:powIIPWersja>2012-09-27T10:00:59+02:00</sln:powIIPWersja><sln:powIdTeryt>2812</sln:powIdTeryt><sln:powNazwa>nowomiejski</sln:powNazwa><sln:waznyOd>2016-01-05T00:00:00+01:00</sln:waznyOd><sln:wojIIPId>45e7cfc6-6d8b-42ff-acbd-ef1d0a53dacb</sln:wojIIPId><sln:wojIIPPn>PL.PZGIK.200</sln:wojIIPPn><sln:wojIIPWersja>2012-09-27T13:45:13+02:00</sln:wojIIPWersja><sln:wojIdTeryt>28</sln:wojIdTeryt><sln:wojNazwa>warmińsko-mazurskie</sln:wojNazwa></sln:miejscowosc><sln:miejscowosc><sln:cyklZyciaDo>2017-04-26T00:00:00+02:00</sln:cyklZyciaDo><sln:cyklZyciaOd>2016-03-09T00:00:00+01:00</sln:cyklZyciaOd><sln:gmIIPId>dd2517d2-d2f0-41b4-b46b-a99c8bdc59bd</sln:gmIIPId><sln:gmIIPPn>PL.PZGIK.200</sln:gmIIPPn><sln:gmIIPWersja>2012-09-26T22:21:16+02:00</sln:gmIIPWersja><sln:gmIdTeryt>2812022</sln:gmIdTeryt><sln:gmNazwa>Biskupiec</sln:gmNazwa><sln:miejscIIPId>551caa82-50bf-4997-93a6-c17af08b5af2</sln:miejscIIPId><sln:miejscIIPPn>PL.PZGIK.200</sln:miejscIIPPn><sln:miejscIIPWersja>2016-11-24T12:54:07+02:00</sln:miejscIIPWersja><sln:miejscIdTeryt>0840349</sln:miejscIdTeryt><sln:miejscNazwa>Piotrowice</sln:miejscNazwa><sln:miejscRodzaj>Wieś</sln:miejscRodzaj><sln:powIIPId>e42c631c-498e-4109-b6f4-a4f6fd2fedea</sln:powIIPId><sln:powIIPPn>PL.PZGIK.200</sln:powIIPPn><sln:powIIPWersja>2012-09-27T10:00:59+02:00</sln:powIIPWersja><sln:powIdTeryt>2812</sln:powIdTeryt><sln:powNazwa>nowomiejski</sln:powNazwa><sln:waznyOd>2016-01-05T00:00:00+01:00</sln:waznyOd><sln:wojIIPId>45e7cfc6-6d8b-42ff-acbd-ef1d0a53dacb</sln:wojIIPId><sln:wojIIPPn>PL.PZGIK.200</sln:wojIIPPn><sln:wojIIPWersja>2012-09-27T13:45:13+02:00</sln:wojIIPWersja><sln:wojIdTeryt>28</sln:wojIdTeryt><sln:wojNazwa>warmińsko-mazurskie</sln:wojNazwa></sln:miejscowosc><sln:miejscowosc><sln:cyklZyciaDo>2017-04-26T00:00:00+02:00</sln:cyklZyciaDo><sln:cyklZyciaOd>2016-03-09T00:00:00+01:00</sln:cyklZyciaOd><sln:gmIIPId>dd2517d2-d2f0-41b4-b46b-a99c8bdc59bd</sln:gmIIPId><sln:gmIIPPn>PL.PZGIK.200</sln:gmIIPPn><sln:gmIIPWersja>2012-09-26T22:21:16+02:00</sln:gmIIPWersja><sln:gmIdTeryt>2812022</sln:gmIdTeryt><sln:gmNazwa>Biskupiec</sln:gmNazwa><sln:miejscIIPId>7793dd11-9afd-4e4c-a2aa-0ba39d25740e</sln:miejscIIPId><sln:miejscIIPPn>PL.PZGIK.200</sln:miejscIIPPn><sln:miejscIIPWersja>2016-11-24T12:54:07+02:00</sln:miejscIIPWersja><sln:miejscIdTeryt>0840355</sln:miejscIdTeryt><sln:miejscNazwa>Piotrowice Małe</sln:miejscNazwa><sln:miejscRodzaj>Wieś</sln:miejscRodzaj><sln:powIIPId>e42c631c-498e-4109-b6f4-a4f6fd2fedea</sln:powIIPId><sln:powIIPPn>PL.PZGIK.200</sln:powIIPPn><sln:powIIPWersja>2012-09-27T10:00:59+02:00</sln:powIIPWersja><sln:powIdTeryt>2812</sln:powIdTeryt><sln:powNazwa>nowomiejski</sln:powNazwa><sln:waznyOd>2016-01-05T00:00:00+01:00</sln:waznyOd><sln:wojIIPId>45e7cfc6-6d8b-42ff-acbd-ef1d0a53dacb</sln:wojIIPId><sln:wojIIPPn>PL.PZGIK.200</sln:wojIIPPn><sln:wojIIPWersja>2012-09-27T13:45:13+02:00</sln:wojIIPWersja><sln:wojIdTeryt>28</sln:wojIdTeryt><sln:wojNazwa>warmińsko-mazurskie</sln:wojNazwa></sln:miejscowosc><sln:miejscowosc><sln:cyklZyciaDo>2017-04-26T00:00:00+02:00</sln:cyklZyciaDo><sln:cyklZyciaOd>2016-03-09T00:00:00+01:00</sln:cyklZyciaOd><sln:gmIIPId>dd2517d2-d2f0-41b4-b46b-a99c8bdc59bd</sln:gmIIPId><sln:gmIIPPn>PL.PZGIK.200</sln:gmIIPPn><sln:gmIIPWersja>2012-09-26T22:21:16+02:00</sln:gmIIPWersja><sln:gmIdTeryt>2812022</sln:gmIdTeryt><sln:gmNazwa>Biskupiec</sln:gmNazwa><sln:miejscIIPId>e6a65c4e-caff-416d-a3de-e2e9d047dc0f</sln:miejscIIPId><sln:miejscIIPPn>PL.PZGIK.200</sln:miejscIIPPn><sln:miejscIIPWersja>2016-11-24T12:54:07+02:00</sln:miejscIIPWersja><sln:miejscIdTeryt>0840378</sln:miejscIdTeryt><sln:miejscNazwa>Podlasek</sln:miejscNazwa><sln:miejscRodzaj>Wieś</sln:miejscRodzaj><sln:powIIPId>e42c631c-498e-4109-b6f4-a4f6fd2fedea</sln:powIIPId><sln:powIIPPn>PL.PZGIK.200</sln:powIIPPn><sln:powIIPWersja>2012-09-27T10:00:59+02:00</sln:powIIPWersja><sln:powIdTeryt>2812</sln:powIdTeryt><sln:powNazwa>nowomiejski</sln:powNazwa><sln:waznyOd>2016-01-05T00:00:00+01:00</sln:waznyOd><sln:wojIIPId>45e7cfc6-6d8b-42ff-acbd-ef1d0a53dacb</sln:wojIIPId><sln:wojIIPPn>PL.PZGIK.200</sln:wojIIPPn><sln:wojIIPWersja>2012-09-27T13:45:13+02:00</sln:wojIIPWersja><sln:wojIdTeryt>28</sln:wojIdTeryt><sln:wojNazwa>warmińsko-mazurskie</sln:wojNazwa></sln:miejscowosc><sln:miejscowosc><sln:cyklZyciaDo>2017-04-26T00:00:00+02:00</sln:cyklZyciaDo><sln:cyklZyciaOd>2016-03-09T00:00:00+01:00</sln:cyklZyciaOd><sln:gmIIPId>dd2517d2-d2f0-41b4-b46b-a99c8bdc59bd</sln:gmIIPId><sln:gmIIPPn>PL.PZGIK.200</sln:gmIIPPn><sln:gmIIPWersja>2012-09-26T22:21:16+02:00</sln:gmIIPWersja><sln:gmIdTeryt>2812022</sln:gmIdTeryt><sln:gmNazwa>Biskupiec</sln:gmNazwa><sln:miejscIIPId>82bde0ad-d0eb-454f-a6fb-0be683425531</sln:miejscIIPId><sln:miejscIIPPn>PL.PZGIK.200</sln:miejscIIPPn><sln:miejscIIPWersja>2016-11-24T12:54:07+02:00</sln:miejscIIPWersja><sln:miejscIdTeryt>0840384</sln:miejscIdTeryt><sln:miejscNazwa>Podlasek Mały</sln:miejscNazwa><sln:miejscRodzaj>Wieś</sln:miejscRodzaj><sln:powIIPId>e42c631c-498e-4109-b6f4-a4f6fd2fedea</sln:powIIPId><sln:powIIPPn>PL.PZGIK.200</sln:powIIPPn><sln:powIIPWersja>2012-09-27T10:00:59+02:00</sln:powIIPWersja><sln:powIdTeryt>2812</sln:powIdTeryt><sln:powNazwa>nowomiejski</sln:powNazwa><sln:waznyOd>2016-01-05T00:00:00+01:00</sln:waznyOd><sln:wojIIPId>45e7cfc6-6d8b-42ff-acbd-ef1d0a53dacb</sln:wojIIPId><sln:wojIIPPn>PL.PZGIK.200</sln:wojIIPPn><sln:wojIIPWersja>2012-09-27T13:45:13+02:00</sln:wojIIPWersja><sln:wojIdTeryt>28</sln:wojIdTeryt><sln:wojNazwa>warmińsko-mazurskie</sln:wojNazwa></sln:miejscowosc><sln:miejscowosc><sln:cyklZyciaDo>2017-04-26T00:00:00+02:00</sln:cyklZyciaDo><sln:cyklZyciaOd>2016-03-09T00:00:00+01:00</sln:cyklZyciaOd><sln:gmIIPId>dd2517d2-d2f0-41b4-b46b-a99c8bdc59bd</sln:gmIIPId><sln:gmIIPPn>PL.PZGIK.200</sln:gmIIPPn><sln:gmIIPWersja>2012-09-26T22:21:16+02:00</sln:gmIIPWersja><sln:gmIdTeryt>2812022</sln:gmIdTeryt><sln:gmNazwa>Biskupiec</sln:gmNazwa><sln:miejscIIPId>6c6cd745-08a0-48a1-bcb1-07de45bcf06c</sln:miejscIIPId><sln:miejscIIPPn>PL.PZGIK.200</sln:miejscIIPPn><sln:miejscIIPWersja>2016-11-24T12:54:07+02:00</sln:miejscIIPWersja><sln:miejscIdTeryt>0840390</sln:miejscIdTeryt><sln:miejscNazwa>Rywałdzik</sln:miejscNazwa><sln:miejscRodzaj>Wieś</sln:miejscRodzaj><sln:powIIPId>e42c631c-498e-4109-b6f4-a4f6fd2fedea</sln:powIIPId><sln:powIIPPn>PL.PZGIK.200</sln:powIIPPn><sln:powIIPWersja>2012-09-27T10:00:59+02:00</sln:powIIPWersja><sln:powIdTeryt>2812</sln:powIdTeryt><sln:powNazwa>nowomiejski</sln:powNazwa><sln:waznyOd>2016-01-05T00:00:00+01:00</sln:waznyOd><sln:wojIIPId>45e7cfc6-6d8b-42ff-acbd-ef1d0a53dacb</sln:wojIIPId><sln:wojIIPPn>PL.PZGIK.200</sln:wojIIPPn><sln:wojIIPWersja>2012-09-27T13:45:13+02:00</sln:wojIIPWersja><sln:wojIdTeryt>28</sln:wojIdTeryt><sln:wojNazwa>warmińsko-mazurskie</sln:wojNazwa></sln:miejscowosc><sln:miejscowosc><sln:cyklZyciaDo>2017-04-26T00:00:00+02:00</sln:cyklZyciaDo><sln:cyklZyciaOd>2016-03-09T00:00:00+01:00</sln:cyklZyciaOd><sln:gmIIPId>dd2517d2-d2f0-41b4-b46b-a99c8bdc59bd</sln:gmIIPId><sln:gmIIPPn>PL.PZGIK.200</sln:gmIIPPn><sln:gmIIPWersja>2012-09-26T22:21:16+02:00</sln:gmIIPWersja><sln:gmIdTeryt>2812022</sln:gmIdTeryt><sln:gmNazwa>Biskupiec</sln:gmNazwa><sln:miejscIIPId>d933d058-9836-4162-986a-1492bbb720d9</sln:miejscIIPId><sln:miejscIIPPn>PL.PZGIK.200</sln:miejscIIPPn><sln:miejscIIPWersja>2016-11-24T12:54:07+02:00</sln:miejscIIPWersja><sln:miejscIdTeryt>0840415</sln:miejscIdTeryt><sln:miejscNazwa>Sędzice</sln:miejscNazwa><sln:miejscRodzaj>Wieś</sln:miejscRodzaj><sln:powIIPId>e42c631c-498e-4109-b6f4-a4f6fd2fedea</sln:powIIPId><sln:powIIPPn>PL.PZGIK.200</sln:powIIPPn><sln:powIIPWersja>2012-09-27T10:00:59+02:00</sln:powIIPWersja><sln:powIdTeryt>2812</sln:powIdTeryt><sln:powNazwa>nowomiejski</sln:powNazwa><sln:waznyOd>2016-01-05T00:00:00+01:00</sln:waznyOd><sln:wojIIPId>45e7cfc6-6d8b-42ff-acbd-ef1d0a53dacb</sln:wojIIPId><sln:wojIIPPn>PL.PZGIK.200</sln:wojIIPPn><sln:wojIIPWersja>2012-09-27T13:45:13+02:00</sln:wojIIPWersja><sln:wojIdTeryt>28</sln:wojIdTeryt><sln:wojNazwa>warmińsko-mazurskie</sln:wojNazwa></sln:miejscowosc><sln:miejscowosc><sln:cyklZyciaDo>2017-04-26T00:00:00+02:00</sln:cyklZyciaDo><sln:cyklZyciaOd>2016-03-09T00:00:00+01:00</sln:cyklZyciaOd><sln:gmIIPId>dd2517d2-d2f0-41b4-b46b-a99c8bdc59bd</sln:gmIIPId><sln:gmIIPPn>PL.PZGIK.200</sln:gmIIPPn><sln:gmIIPWersja>2012-09-26T22:21:16+02:00</sln:gmIIPWersja><sln:gmIdTeryt>2812022</sln:gmIdTeryt><sln:gmNazwa>Biskupiec</sln:gmNazwa><sln:miejscIIPId>7ed4a65d-25d4-4cce-ab10-6ae0f8841557</sln:miejscIIPId><sln:miejscIIPPn>PL.PZGIK.200</sln:miejscIIPPn><sln:miejscIIPWersja>2016-11-24T12:54:07+02:00</sln:miejscIIPWersja><sln:miejscIdTeryt>0840438</sln:miejscIdTeryt><sln:miejscNazwa>Słupnica</sln:miejscNazwa><sln:miejscRodzaj>Wieś</sln:miejscRodzaj><sln:powIIPId>e42c631c-498e-4109-b6f4-a4f6fd2fedea</sln:powIIPId><sln:powIIPPn>PL.PZGIK.200</sln:powIIPPn><sln:powIIPWersja>2012-09-27T10:00:59+02:00</sln:powIIPWersja><sln:powIdTeryt>2812</sln:powIdTeryt><sln:powNazwa>nowomiejski</sln:powNazwa><sln:waznyOd>2016-01-05T00:00:00+01:00</sln:waznyOd><sln:wojIIPId>45e7cfc6-6d8b-42ff-acbd-ef1d0a53dacb</sln:wojIIPId><sln:wojIIPPn>PL.PZGIK.200</sln:wojIIPPn><sln:wojIIPWersja>2012-09-27T13:45:13+02:00</sln:wojIIPWersja><sln:wojIdTeryt>28</sln:wojIdTeryt><sln:wojNazwa>warmińsko-mazurskie</sln:wojNazwa></sln:miejscowosc><sln:miejscowosc><sln:cyklZyciaDo>2017-04-26T00:00:00+02:00</sln:cyklZyciaDo><sln:cyklZyciaOd>2016-03-09T00:00:00+01:00</sln:cyklZyciaOd><sln:gmIIPId>dd2517d2-d2f0-41b4-b46b-a99c8bdc59bd</sln:gmIIPId><sln:gmIIPPn>PL.PZGIK.200</sln:gmIIPPn><sln:gmIIPWersja>2012-09-26T22:21:16+02:00</sln:gmIIPWersja><sln:gmIdTeryt>2812022</sln:gmIdTeryt><sln:gmNazwa>Biskupiec</sln:gmNazwa><sln:miejscIIPId>bc11b88e-73f0-4a4b-abbf-7cf65b5db112</sln:miejscIIPId><sln:miejscIIPPn>PL.PZGIK.200</sln:miejscIIPPn><sln:miejscIIPWersja>2016-11-24T12:54:07+02:00</sln:miejscIIPWersja><sln:miejscIdTeryt>0840444</sln:miejscIdTeryt><sln:miejscNazwa>Sumin</sln:miejscNazwa><sln:miejscRodzaj>Wieś</sln:miejscRodzaj><sln:powIIPId>e42c631c-498e-4109-b6f4-a4f6fd2fedea</sln:powIIPId><sln:powIIPPn>PL.PZGIK.200</sln:powIIPPn><sln:powIIPWersja>2012-09-27T10:00:59+02:00</sln:powIIPWersja><sln:powIdTeryt>2812</sln:powIdTeryt><sln:powNazwa>nowomiejski</sln:powNazwa><sln:waznyOd>2016-01-05T00:00:00+01:00</sln:waznyOd><sln:wojIIPId>45e7cfc6-6d8b-42ff-acbd-ef1d0a53dacb</sln:wojIIPId><sln:wojIIPPn>PL.PZGIK.200</sln:wojIIPPn><sln:wojIIPWersja>2012-09-27T13:45:13+02:00</sln:wojIIPWersja><sln:wojIdTeryt>28</sln:wojIdTeryt><sln:wojNazwa>warmińsko-mazurskie</sln:wojNazwa></sln:miejscowosc><sln:miejscowosc><sln:cyklZyciaDo>2017-04-26T00:00:00+02:00</sln:cyklZyciaDo><sln:cyklZyciaOd>2016-03-09T00:00:00+01:00</sln:cyklZyciaOd><sln:gmIIPId>dd2517d2-d2f0-41b4-b46b-a99c8bdc59bd</sln:gmIIPId><sln:gmIIPPn>PL.PZGIK.200</sln:gmIIPPn><sln:gmIIPWersja>2012-09-26T22:21:16+02:00</sln:gmIIPWersja><sln:gmIdTeryt>2812022</sln:gmIdTeryt><sln:gmNazwa>Biskupiec</sln:gmNazwa><sln:miejscIIPId>247d7183-9b96-4dad-854e-01702680794d</sln:miejscIIPId><sln:miejscIIPPn>PL.PZGIK.200</sln:miejscIIPPn><sln:miejscIIPWersja>2016-11-24T12:54:07+02:00</sln:miejscIIPWersja><sln:miejscIdTeryt>0840496</sln:miejscIdTeryt><sln:miejscNazwa>Szwarcenowo</sln:miejscNazwa><sln:miejscRodzaj>Wieś</sln:miejscRodzaj><sln:powIIPId>e42c631c-498e-4109-b6f4-a4f6fd2fedea</sln:powIIPId><sln:powIIPPn>PL.PZGIK.200</sln:powIIPPn><sln:powIIPWersja>2012-09-27T10:00:59+02:00</sln:powIIPWersja><sln:powIdTeryt>2812</sln:powIdTeryt><sln:powNazwa>nowomiejski</sln:powNazwa><sln:waznyOd>2016-01-05T00:00:00+01:00</sln:waznyOd><sln:wojIIPId>45e7cfc6-6d8b-42ff-acbd-ef1d0a53dacb</sln:wojIIPId><sln:wojIIPPn>PL.PZGIK.200</sln:wojIIPPn><sln:wojIIPWersja>2012-09-27T13:45:13+02:00</sln:wojIIPWersja><sln:wojIdTeryt>28</sln:wojIdTeryt><sln:wojNazwa>warmińsko-mazurskie</sln:wojNazwa></sln:miejscowosc><sln:miejscowosc><sln:cyklZyciaDo>2017-04-26T00:00:00+02:00</sln:cyklZyciaDo><sln:cyklZyciaOd>2016-03-09T00:00:00+01:00</sln:cyklZyciaOd><sln:gmIIPId>dd2517d2-d2f0-41b4-b46b-a99c8bdc59bd</sln:gmIIPId><sln:gmIIPPn>PL.PZGIK.200</sln:gmIIPPn><sln:gmIIPWersja>2012-09-26T22:21:16+02:00</sln:gmIIPWersja><sln:gmIdTeryt>2812022</sln:gmIdTeryt><sln:gmNazwa>Biskupiec</sln:gmNazwa><sln:miejscIIPId>1a933df2-0e80-4f5d-9069-5d0bad080834</sln:miejscIIPId><sln:miejscIIPPn>PL.PZGIK.200</sln:miejscIIPPn><sln:miejscIIPWersja>2016-11-24T12:54:07+02:00</sln:miejscIIPWersja><sln:miejscIdTeryt>0840540</sln:miejscIdTeryt><sln:miejscNazwa>Wardęgowo</sln:miejscNazwa><sln:miejscRodzaj>Wieś</sln:miejscRodzaj><sln:powIIPId>e42c631c-498e-4109-b6f4-a4f6fd2fedea</sln:powIIPId><sln:powIIPPn>PL.PZGIK.200</sln:powIIPPn><sln:powIIPWersja>2012-09-27T10:00:59+02:00</sln:powIIPWersja><sln:powIdTeryt>2812</sln:powIdTeryt><sln:powNazwa>nowomiejski</sln:powNazwa><sln:waznyOd>2016-01-05T00:00:00+01:00</sln:waznyOd><sln:wojIIPId>45e7cfc6-6d8b-42ff-acbd-ef1d0a53dacb</sln:wojIIPId><sln:wojIIPPn>PL.PZGIK.200</sln:wojIIPPn><sln:wojIIPWersja>2012-09-27T13:45:13+02:00</sln:wojIIPWersja><sln:wojIdTeryt>28</sln:wojIdTeryt><sln:wojNazwa>warmińsko-mazurskie</sln:wojNazwa></sln:miejscowosc><sln:miejscowosc><sln:cyklZyciaDo>2017-04-26T00:00:00+02:00</sln:cyklZyciaDo><sln:cyklZyciaOd>2016-03-09T00:00:00+01:00</sln:cyklZyciaOd><sln:gmIIPId>dd2517d2-d2f0-41b4-b46b-a99c8bdc59bd</sln:gmIIPId><sln:gmIIPPn>PL.PZGIK.200</sln:gmIIPPn><sln:gmIIPWersja>2012-09-26T22:21:16+02:00</sln:gmIIPWersja><sln:gmIdTeryt>2812022</sln:gmIdTeryt><sln:gmNazwa>Biskupiec</sln:gmNazwa><sln:miejscIIPId>22d3330f-1aca-451c-ace4-4591689998f3</sln:miejscIIPId><sln:miejscIIPPn>PL.PZGIK.200</sln:miejscIIPPn><sln:miejscIIPWersja>2016-11-24T12:54:07+02:00</sln:miejscIIPWersja><sln:miejscIdTeryt>0840527</sln:miejscIdTeryt><sln:miejscNazwa>Wielka Tymawa</sln:miejscNazwa><sln:miejscRodzaj>Wieś</sln:miejscRodzaj><sln:powIIPId>e42c631c-498e-4109-b6f4-a4f6fd2fedea</sln:powIIPId><sln:powIIPPn>PL.PZGIK.200</sln:powIIPPn><sln:powIIPWersja>2012-09-27T10:00:59+02:00</sln:powIIPWersja><sln:powIdTeryt>2812</sln:powIdTeryt><sln:powNazwa>nowomiejski</sln:powNazwa><sln:waznyOd>2016-01-05T00:00:00+01:00</sln:waznyOd><sln:wojIIPId>45e7cfc6-6d8b-42ff-acbd-ef1d0a53dacb</sln:wojIIPId><sln:wojIIPPn>PL.PZGIK.200</sln:wojIIPPn><sln:wojIIPWersja>2012-09-27T13:45:13+02:00</sln:wojIIPWersja><sln:wojIdTeryt>28</sln:wojIdTeryt><sln:wojNazwa>warmińsko-mazurskie</sln:wojNazwa></sln:miejscowosc><sln:miejscowosc><sln:cyklZyciaOd>2017-04-26T00:00:00+02:00</sln:cyklZyciaOd><sln:gmIIPId>dd2517d2-d2f0-41b4-b46b-a99c8bdc59bd</sln:gmIIPId><sln:gmIIPPn>PL.PZGIK.200</sln:gmIIPPn><sln:gmIIPWersja>2012-09-26T22:21:16+02:00</sln:gmIIPWersja><sln:gmIdTeryt>2812022</sln:gmIdTeryt><sln:gmNazwa>Biskupiec</sln:gmNazwa><sln:miejscIIPId>22959f01-8025-4fac-9377-d4cb1a91f6d9</sln:miejscIIPId><sln:miejscIIPPn>PL.PZGIK.200</sln:miejscIIPPn><sln:miejscIIPWersja>2017-04-26T11:00:01+02:00</sln:miejscIIPWersja><sln:miejscIdTeryt>0839978</sln:miejscIdTeryt><sln:miejscNazwa>Bielice</sln:miejscNazwa><sln:miejscRodzaj>Wieś</sln:miejscRodzaj><sln:powIIPId>e42c631c-498e-4109-b6f4-a4f6fd2fedea</sln:powIIPId><sln:powIIPPn>PL.PZGIK.200</sln:powIIPPn><sln:powIIPWersja>2012-09-27T10:00:59+02:00</sln:powIIPWersja><sln:powIdTeryt>2812</sln:powIdTeryt><sln:powNazwa>nowomiejski</sln:powNazwa><sln:waznyOd>2016-01-05T00:00:00+01:00</sln:waznyOd><sln:wojIIPId>45e7cfc6-6d8b-42ff-acbd-ef1d0a53dacb</sln:wojIIPId><sln:wojIIPPn>PL.PZGIK.200</sln:wojIIPPn><sln:wojIIPWersja>2012-09-27T13:45:13+02:00</sln:wojIIPWersja><sln:wojIdTeryt>28</sln:wojIdTeryt><sln:wojNazwa>warmińsko-mazurskie</sln:wojNazwa></sln:miejscowosc><sln:miejscowosc><sln:cyklZyciaOd>2017-04-26T00:00:00+02:00</sln:cyklZyciaOd><sln:gmIIPId>dd2517d2-d2f0-41b4-b46b-a99c8bdc59bd</sln:gmIIPId><sln:gmIIPPn>PL.PZGIK.200</sln:gmIIPPn><sln:gmIIPWersja>2012-09-26T22:21:16+02:00</sln:gmIIPWersja><sln:gmIdTeryt>2812022</sln:gmIdTeryt><sln:gmNazwa>Biskupiec</sln:gmNazwa><sln:miejscIIPId>ad6ab333-c0d0-4bb9-9fdf-488a700c8f31</sln:miejscIIPId><sln:miejscIIPPn>PL.PZGIK.200</sln:miejscIIPPn><sln:miejscIIPWersja>2017-04-26T11:00:10+02:00</sln:miejscIIPWersja><sln:miejscIdTeryt>0840013</sln:miejscIdTeryt><sln:miejscNazwa>Biskupiec</sln:miejscNazwa><sln:miejscRodzaj>Wieś</sln:miejscRodzaj><sln:powIIPId>e42c631c-498e-4109-b6f4-a4f6fd2fedea</sln:powIIPId><sln:powIIPPn>PL.PZGIK.200</sln:powIIPPn><sln:powIIPWersja>2012-09-27T10:00:59+02:00</sln:powIIPWersja><sln:powIdTeryt>2812</sln:powIdTeryt><sln:powNazwa>nowomiejski</sln:powNazwa><sln:waznyOd>2016-01-05T00:00:00+01:00</sln:waznyOd><sln:wojIIPId>45e7cfc6-6d8b-42ff-acbd-ef1d0a53dacb</sln:wojIIPId><sln:wojIIPPn>PL.PZGIK.200</sln:wojIIPPn><sln:wojIIPWersja>2012-09-27T13:45:13+02:00</sln:wojIIPWersja><sln:wojIdTeryt>28</sln:wojIdTeryt><sln:wojNazwa>warmińsko-mazurskie</sln:wojNazwa></sln:miejscowosc><sln:miejscowosc><sln:cyklZyciaOd>2017-04-26T00:00:00+02:00</sln:cyklZyciaOd><sln:gmIIPId>dd2517d2-d2f0-41b4-b46b-a99c8bdc59bd</sln:gmIIPId><sln:gmIIPPn>PL.PZGIK.200</sln:gmIIPPn><sln:gmIIPWersja>2012-09-26T22:21:16+02:00</sln:gmIIPWersja><sln:gmIdTeryt>2812022</sln:gmIdTeryt><sln:gmNazwa>Biskupiec</sln:gmNazwa><sln:miejscIIPId>a0bc3ebb-d120-434a-82e3-ba54c2533c07</sln:miejscIIPId><sln:miejscIIPPn>PL.PZGIK.200</sln:miejscIIPPn><sln:miejscIIPWersja>2017-04-26T11:00:10+02:00</sln:miejscIIPWersja><sln:miejscIdTeryt>0840020</sln:miejscIdTeryt><sln:miejscNazwa>Czachówki</sln:miejscNazwa><sln:miejscRodzaj>Wieś</sln:miejscRodzaj><sln:powIIPId>e42c631c-498e-4109-b6f4-a4f6fd2fedea</sln:powIIPId><sln:powIIPPn>PL.PZGIK.200</sln:powIIPPn><sln:powIIPWersja>2012-09-27T10:00:59+02:00</sln:powIIPWersja><sln:powIdTeryt>2812</sln:powIdTeryt><sln:powNazwa>nowomiejski</sln:powNazwa><sln:waznyOd>2016-01-05T00:00:00+01:00</sln:waznyOd><sln:wojIIPId>45e7cfc6-6d8b-42ff-acbd-ef1d0a53dacb</sln:wojIIPId><sln:wojIIPPn>PL.PZGIK.200</sln:wojIIPPn><sln:wojIIPWersja>2012-09-27T13:45:13+02:00</sln:wojIIPWersja><sln:wojIdTeryt>28</sln:wojIdTeryt><sln:wojNazwa>warmińsko-mazurskie</sln:wojNazwa></sln:miejscowosc><sln:miejscowosc><sln:cyklZyciaOd>2017-04-26T00:00:00+02:00</sln:cyklZyciaOd><sln:gmIIPId>dd2517d2-d2f0-41b4-b46b-a99c8bdc59bd</sln:gmIIPId><sln:gmIIPPn>PL.PZGIK.200</sln:gmIIPPn><sln:gmIIPWersja>2012-09-26T22:21:16+02:00</sln:gmIIPWersja><sln:gmIdTeryt>2812022</sln:gmIdTeryt><sln:gmNazwa>Biskupiec</sln:gmNazwa><sln:miejscIIPId>08a931a7-1799-4947-b981-922cce980123</sln:miejscIIPId><sln:miejscIIPPn>PL.PZGIK.200</sln:miejscIIPPn><sln:miejscIIPWersja>2017-04-26T11:00:10+02:00</sln:miejscIIPWersja><sln:miejscIdTeryt>0840059</sln:miejscIdTeryt><sln:miejscNazwa>Fitowo</sln:miejscNazwa><sln:miejscRodzaj>Wieś</sln:miejscRodzaj><sln:powIIPId>e42c631c-498e-4109-b6f4-a4f6fd2fedea</sln:powIIPId><sln:powIIPPn>PL.PZGIK.200</sln:powIIPPn><sln:powIIPWersja>2012-09-27T10:00:59+02:00</sln:powIIPWersja><sln:powIdTeryt>2812</sln:powIdTeryt><sln:powNazwa>nowomiejski</sln:powNazwa><sln:waznyOd>2016-01-05T00:00:00+01:00</sln:waznyOd><sln:wojIIPId>45e7cfc6-6d8b-42ff-acbd-ef1d0a53dacb</sln:wojIIPId><sln:wojIIPPn>PL.PZGIK.200</sln:wojIIPPn><sln:wojIIPWersja>2012-09-27T13:45:13+02:00</sln:wojIIPWersja><sln:wojIdTeryt>28</sln:wojIdTeryt><sln:wojNazwa>warmińsko-mazurskie</sln:wojNazwa></sln:miejscowosc><sln:miejscowosc><sln:cyklZyciaOd>2017-04-26T00:00:00+02:00</sln:cyklZyciaOd><sln:gmIIPId>dd2517d2-d2f0-41b4-b46b-a99c8bdc59bd</sln:gmIIPId><sln:gmIIPPn>PL.PZGIK.200</sln:gmIIPPn><sln:gmIIPWersja>2012-09-26T22:21:16+02:00</sln:gmIIPWersja><sln:gmIdTeryt>2812022</sln:gmIdTeryt><sln:gmNazwa>Biskupiec</sln:gmNazwa><sln:miejscIIPId>d30f5d8b-b287-4738-8dbb-0f1512a308d6</sln:miejscIIPId><sln:miejscIIPPn>PL.PZGIK.200</sln:miejscIIPPn><sln:miejscIIPWersja>2017-04-26T11:00:10+02:00</sln:miejscIIPWersja><sln:miejscIdTeryt>0840065</sln:miejscIdTeryt><sln:miejscNazwa>Gaj</sln:miejscNazwa><sln:miejscRodzaj>Wieś</sln:miejscRodzaj><sln:powIIPId>e42c631c-498e-4109-b6f4-a4f6fd2fedea</sln:powIIPId><sln:powIIPPn>PL.PZGIK.200</sln:powIIPPn><sln:powIIPWersja>2012-09-27T10:00:59+02:00</sln:powIIPWersja><sln:powIdTeryt>2812</sln:powIdTeryt><sln:powNazwa>nowomiejski</sln:powNazwa><sln:waznyOd>2016-01-05T00:00:00+01:00</sln:waznyOd><sln:wojIIPId>45e7cfc6-6d8b-42ff-acbd-ef1d0a53dacb</sln:wojIIPId><sln:wojIIPPn>PL.PZGIK.200</sln:wojIIPPn><sln:wojIIPWersja>2012-09-27T13:45:13+02:00</sln:wojIIPWersja><sln:wojIdTeryt>28</sln:wojIdTeryt><sln:wojNazwa>warmińsko-mazurskie</sln:wojNazwa></sln:miejscowosc><sln:miejscowosc><sln:cyklZyciaOd>2017-04-26T00:00:00+02:00</sln:cyklZyciaOd><sln:gmIIPId>dd2517d2-d2f0-41b4-b46b-a99c8bdc59bd</sln:gmIIPId><sln:gmIIPPn>PL.PZGIK.200</sln:gmIIPPn><sln:gmIIPWersja>2012-09-26T22:21:16+02:00</sln:gmIIPWersja><sln:gmIdTeryt>2812022</sln:gmIdTeryt><sln:gmNazwa>Biskupiec</sln:gmNazwa><sln:miejscIIPId>f25ee14d-d139-4f02-857d-f6883887f95f</sln:miejscIIPId><sln:miejscIIPPn>PL.PZGIK.200</sln:miejscIIPPn><sln:miejscIIPWersja>2017-04-26T11:00:10+02:00</sln:miejscIIPWersja><sln:miejscIdTeryt>0840094</sln:miejscIdTeryt><sln:miejscNazwa>Krotoszyny</sln:miejscNazwa><sln:miejscRodzaj>Wieś</sln:miejscRodzaj><sln:powIIPId>e42c631c-498e-4109-b6f4-a4f6fd2fedea</sln:powIIPId><sln:powIIPPn>PL.PZGIK.200</sln:powIIPPn><sln:powIIPWersja>2012-09-27T10:00:59+02:00</sln:powIIPWersja><sln:powIdTeryt>2812</sln:powIdTeryt><sln:powNazwa>nowomiejski</sln:powNazwa><sln:waznyOd>2016-01-05T00:00:00+01:00</sln:waznyOd><sln:wojIIPId>45e7cfc6-6d8b-42ff-acbd-ef1d0a53dacb</sln:wojIIPId><sln:wojIIPPn>PL.PZGIK.200</sln:wojIIPPn><sln:wojIIPWersja>2012-09-27T13:45:13+02:00</sln:wojIIPWersja><sln:wojIdTeryt>28</sln:wojIdTeryt><sln:wojNazwa>warmińsko-mazurskie</sln:wojNazwa></sln:miejscowosc><sln:miejscowosc><sln:cyklZyciaOd>2017-04-26T00:00:00+02:00</sln:cyklZyciaOd><sln:gmIIPId>dd2517d2-d2f0-41b4-b46b-a99c8bdc59bd</sln:gmIIPId><sln:gmIIPPn>PL.PZGIK.200</sln:gmIIPPn><sln:gmIIPWersja>2012-09-26T22:21:16+02:00</sln:gmIIPWersja><sln:gmIdTeryt>2812022</sln:gmIdTeryt><sln:gmNazwa>Biskupiec</sln:gmNazwa><sln:miejscIIPId>d440f257-4104-47cf-b695-a1ec6d25839c</sln:miejscIIPId><sln:miejscIIPPn>PL.PZGIK.200</sln:miejscIIPPn><sln:miejscIIPWersja>2017-04-26T11:00:10+02:00</sln:miejscIIPWersja><sln:miejscIdTeryt>0840119</sln:miejscIdTeryt><sln:miejscNazwa>Lipinki</sln:miejscNazwa><sln:miejscRodzaj>Wieś</sln:miejscRodzaj><sln:powIIPId>e42c631c-498e-4109-b6f4-a4f6fd2fedea</sln:powIIPId><sln:powIIPPn>PL.PZGIK.200</sln:powIIPPn><sln:powIIPWersja>2012-09-27T10:00:59+02:00</sln:powIIPWersja><sln:powIdTeryt>2812</sln:powIdTeryt><sln:powNazwa>nowomiejski</sln:powNazwa><sln:waznyOd>2016-01-05T00:00:00+01:00</sln:waznyOd><sln:wojIIPId>45e7cfc6-6d8b-42ff-acbd-ef1d0a53dacb</sln:wojIIPId><sln:wojIIPPn>PL.PZGIK.200</sln:wojIIPPn><sln:wojIIPWersja>2012-09-27T13:45:13+02:00</sln:wojIIPWersja><sln:wojIdTeryt>28</sln:wojIdTeryt><sln:wojNazwa>warmińsko-mazurskie</sln:wojNazwa></sln:miejscowosc><sln:miejscowosc><sln:cyklZyciaOd>2017-04-26T00:00:00+02:00</sln:cyklZyciaOd><sln:gmIIPId>dd2517d2-d2f0-41b4-b46b-a99c8bdc59bd</sln:gmIIPId><sln:gmIIPPn>PL.PZGIK.200</sln:gmIIPPn><sln:gmIIPWersja>2012-09-26T22:21:16+02:00</sln:gmIIPWersja><sln:gmIdTeryt>2812022</sln:gmIdTeryt><sln:gmNazwa>Biskupiec</sln:gmNazwa><sln:miejscIIPId>bf0e9ada-d92a-4aa8-9cb4-ce52a68b9f7f</sln:miejscIIPId><sln:miejscIIPPn>PL.PZGIK.200</sln:miejscIIPPn><sln:miejscIIPWersja>2017-04-26T11:00:10+02:00</sln:miejscIIPWersja><sln:miejscIdTeryt>0840160</sln:miejscIdTeryt><sln:miejscNazwa>Łąkorek</sln:miejscNazwa><sln:miejscRodzaj>Wieś</sln:miejscRodzaj><sln:powIIPId>e42c631c-498e-4109-b6f4-a4f6fd2fedea</sln:powIIPId><sln:powIIPPn>PL.PZGIK.200</sln:powIIPPn><sln:powIIPWersja>2012-09-27T10:00:59+02:00</sln:powIIPWersja><sln:powIdTeryt>2812</sln:powIdTeryt><sln:powNazwa>nowomiejski</sln:powNazwa><sln:waznyOd>2016-01-05T00:00:00+01:00</sln:waznyOd><sln:wojIIPId>45e7cfc6-6d8b-42ff-acbd-ef1d0a53dacb</sln:wojIIPId><sln:wojIIPPn>PL.PZGIK.200</sln:wojIIPPn><sln:wojIIPWersja>2012-09-27T13:45:13+02:00</sln:wojIIPWersja><sln:wojIdTeryt>28</sln:wojIdTeryt><sln:wojNazwa>warmińsko-mazurskie</sln:wojNazwa></sln:miejscowosc><sln:miejscowosc><sln:cyklZyciaOd>2017-04-26T00:00:00+02:00</sln:cyklZyciaOd><sln:gmIIPId>dd2517d2-d2f0-41b4-b46b-a99c8bdc59bd</sln:gmIIPId><sln:gmIIPPn>PL.PZGIK.200</sln:gmIIPPn><sln:gmIIPWersja>2012-09-26T22:21:16+02:00</sln:gmIIPWersja><sln:gmIdTeryt>2812022</sln:gmIdTeryt><sln:gmNazwa>Biskupiec</sln:gmNazwa><sln:miejscIIPId>a4241172-e718-46fe-ab23-84d9a65985a7</sln:miejscIIPId><sln:miejscIIPPn>PL.PZGIK.200</sln:miejscIIPPn><sln:miejscIIPWersja>2017-04-26T11:00:11+02:00</sln:miejscIIPWersja><sln:miejscIdTeryt>0840183</sln:miejscIdTeryt><sln:miejscNazwa>Łąkorz</sln:miejscNazwa><sln:miejscRodzaj>Wieś</sln:miejscRodzaj><sln:powIIPId>e42c631c-498e-4109-b6f4-a4f6fd2fedea</sln:powIIPId><sln:powIIPPn>PL.PZGIK.200</sln:powIIPPn><sln:powIIPWersja>2012-09-27T10:00:59+02:00</sln:powIIPWersja><sln:powIdTeryt>2812</sln:powIdTeryt><sln:powNazwa>nowomiejski</sln:powNazwa><sln:waznyOd>2016-01-05T00:00:00+01:00</sln:waznyOd><sln:wojIIPId>45e7cfc6-6d8b-42ff-acbd-ef1d0a53dacb</sln:wojIIPId><sln:wojIIPPn>PL.PZGIK.200</sln:wojIIPPn><sln:wojIIPWersja>2012-09-27T13:45:13+02:00</sln:wojIIPWersja><sln:wojIdTeryt>28</sln:wojIdTeryt><sln:wojNazwa>warmińsko-mazurskie</sln:wojNazwa></sln:miejscowosc><sln:miejscowosc><sln:cyklZyciaOd>2017-04-26T00:00:00+02:00</sln:cyklZyciaOd><sln:gmIIPId>dd2517d2-d2f0-41b4-b46b-a99c8bdc59bd</sln:gmIIPId><sln:gmIIPPn>PL.PZGIK.200</sln:gmIIPPn><sln:gmIIPWersja>2012-09-26T22:21:16+02:00</sln:gmIIPWersja><sln:gmIdTeryt>2812022</sln:gmIdTeryt><sln:gmNazwa>Biskupiec</sln:gmNazwa><sln:miejscIIPId>d20fd401-b176-4234-9438-a0203bea40f5</sln:miejscIIPId><sln:miejscIIPPn>PL.PZGIK.200</sln:miejscIIPPn><sln:miejscIIPWersja>2017-04-26T11:00:11+02:00</sln:miejscIIPWersja><sln:miejscIdTeryt>0840250</sln:miejscIdTeryt><sln:miejscNazwa>Mierzyn</sln:miejscNazwa><sln:miejscRodzaj>Wieś</sln:miejscRodzaj><sln:powIIPId>e42c631c-498e-4109-b6f4-a4f6fd2fedea</sln:powIIPId><sln:powIIPPn>PL.PZGIK.200</sln:powIIPPn><sln:powIIPWersja>2012-09-27T10:00:59+02:00</sln:powIIPWersja><sln:powIdTeryt>2812</sln:powIdTeryt><sln:powNazwa>nowomiejski</sln:powNazwa><sln:waznyOd>2016-01-05T00:00:00+01:00</sln:waznyOd><sln:wojIIPId>45e7cfc6-6d8b-42ff-acbd-ef1d0a53dacb</sln:wojIIPId><sln:wojIIPPn>PL.PZGIK.200</sln:wojIIPPn><sln:wojIIPWersja>2012-09-27T13:45:13+02:00</sln:wojIIPWersja><sln:wojIdTeryt>28</sln:wojIdTeryt><sln:wojNazwa>warmińsko-mazurskie</sln:wojNazwa></sln:miejscowosc><sln:miejscowosc><sln:cyklZyciaOd>2017-04-26T00:00:00+02:00</sln:cyklZyciaOd><sln:gmIIPId>dd2517d2-d2f0-41b4-b46b-a99c8bdc59bd</sln:gmIIPId><sln:gmIIPPn>PL.PZGIK.200</sln:gmIIPPn><sln:gmIIPWersja>2012-09-26T22:21:16+02:00</sln:gmIIPWersja><sln:gmIdTeryt>2812022</sln:gmIdTeryt><sln:gmNazwa>Biskupiec</sln:gmNazwa><sln:miejscIIPId>47bb709c-07cf-4774-be20-0bac6cdf6141</sln:miejscIIPId><sln:miejscIIPPn>PL.PZGIK.200</sln:miejscIIPPn><sln:miejscIIPWersja>2017-04-26T11:00:11+02:00</sln:miejscIIPWersja><sln:miejscIdTeryt>0840289</sln:miejscIdTeryt><sln:miejscNazwa>Osetno</sln:miejscNazwa><sln:miejscRodzaj>Wieś</sln:miejscRodzaj><sln:powIIPId>e42c631c-498e-4109-b6f4-a4f6fd2fedea</sln:powIIPId><sln:powIIPPn>PL.PZGIK.200</sln:powIIPPn><sln:powIIPWersja>2012-09-27T10:00:59+02:00</sln:powIIPWersja><sln:powIdTeryt>2812</sln:powIdTeryt><sln:powNazwa>nowomiejski</sln:powNazwa><sln:waznyOd>2016-01-05T00:00:00+01:00</sln:waznyOd><sln:wojIIPId>45e7cfc6-6d8b-42ff-acbd-ef1d0a53dacb</sln:wojIIPId><sln:wojIIPPn>PL.PZGIK.200</sln:wojIIPPn><sln:wojIIPWersja>2012-09-27T13:45:13+02:00</sln:wojIIPWersja><sln:wojIdTeryt>28</sln:wojIdTeryt><sln:wojNazwa>warmińsko-mazurskie</sln:wojNazwa></sln:miejscowosc><sln:miejscowosc><sln:cyklZyciaOd>2017-04-26T00:00:00+02:00</sln:cyklZyciaOd><sln:gmIIPId>dd2517d2-d2f0-41b4-b46b-a99c8bdc59bd</sln:gmIIPId><sln:gmIIPPn>PL.PZGIK.200</sln:gmIIPPn><sln:gmIIPWersja>2012-09-26T22:21:16+02:00</sln:gmIIPWersja><sln:gmIdTeryt>2812022</sln:gmIdTeryt><sln:gmNazwa>Biskupiec</sln:gmNazwa><sln:miejscIIPId>db2764d1-1735-47ac-a054-6c7c7e055260</sln:miejscIIPId><sln:miejscIIPPn>PL.PZGIK.200</sln:miejscIIPPn><sln:miejscIIPWersja>2017-04-26T11:00:11+02:00</sln:miejscIIPWersja><sln:miejscIdTeryt>0840303</sln:miejscIdTeryt><sln:miejscNazwa>Ostrowite</sln:miejscNazwa><sln:miejscRodzaj>Wieś</sln:miejscRodzaj><sln:powIIPId>e42c631c-498e-4109-b6f4-a4f6fd2fedea</sln:powIIPId><sln:powIIPPn>PL.PZGIK.200</sln:powIIPPn><sln:powIIPWersja>2012-09-27T10:00:59+02:00</sln:powIIPWersja><sln:powIdTeryt>2812</sln:powIdTeryt><sln:powNazwa>nowomiejski</sln:powNazwa><sln:waznyOd>2016-01-05T00:00:00+01:00</sln:waznyOd><sln:wojIIPId>45e7cfc6-6d8b-42ff-acbd-ef1d0a53dacb</sln:wojIIPId><sln:wojIIPPn>PL.PZGIK.200</sln:wojIIPPn><sln:wojIIPWersja>2012-09-27T13:45:13+02:00</sln:wojIIPWersja><sln:wojIdTeryt>28</sln:wojIdTeryt><sln:wojNazwa>warmińsko-mazurskie</sln:wojNazwa></sln:miejscowosc><sln:miejscowosc><sln:cyklZyciaOd>2017-04-26T00:00:00+02:00</sln:cyklZyciaOd><sln:gmIIPId>dd2517d2-d2f0-41b4-b46b-a99c8bdc59bd</sln:gmIIPId><sln:gmIIPPn>PL.PZGIK.200</sln:gmIIPPn><sln:gmIIPWersja>2012-09-26T22:21:16+02:00</sln:gmIIPWersja><sln:gmIdTeryt>2812022</sln:gmIdTeryt><sln:gmNazwa>Biskupiec</sln:gmNazwa><sln:miejscIIPId>551caa82-50bf-4997-93a6-c17af08b5af2</sln:miejscIIPId><sln:miejscIIPPn>PL.PZGIK.200</sln:miejscIIPPn><sln:miejscIIPWersja>2017-04-26T11:00:11+02:00</sln:miejscIIPWersja><sln:miejscIdTeryt>0840349</sln:miejscIdTeryt><sln:miejscNazwa>Piotrowice</sln:miejscNazwa><sln:miejscRodzaj>Wieś</sln:miejscRodzaj><sln:powIIPId>e42c631c-498e-4109-b6f4-a4f6fd2fedea</sln:powIIPId><sln:powIIPPn>PL.PZGIK.200</sln:powIIPPn><sln:powIIPWersja>2012-09-27T10:00:59+02:00</sln:powIIPWersja><sln:powIdTeryt>2812</sln:powIdTeryt><sln:powNazwa>nowomiejski</sln:powNazwa><sln:waznyOd>2016-01-05T00:00:00+01:00</sln:waznyOd><sln:wojIIPId>45e7cfc6-6d8b-42ff-acbd-ef1d0a53dacb</sln:wojIIPId><sln:wojIIPPn>PL.PZGIK.200</sln:wojIIPPn><sln:wojIIPWersja>2012-09-27T13:45:13+02:00</sln:wojIIPWersja><sln:wojIdTeryt>28</sln:wojIdTeryt><sln:wojNazwa>warmińsko-mazurskie</sln:wojNazwa></sln:miejscowosc><sln:miejscowosc><sln:cyklZyciaOd>2017-04-26T00:00:00+02:00</sln:cyklZyciaOd><sln:gmIIPId>dd2517d2-d2f0-41b4-b46b-a99c8bdc59bd</sln:gmIIPId><sln:gmIIPPn>PL.PZGIK.200</sln:gmIIPPn><sln:gmIIPWersja>2012-09-26T22:21:16+02:00</sln:gmIIPWersja><sln:gmIdTeryt>2812022</sln:gmIdTeryt><sln:gmNazwa>Biskupiec</sln:gmNazwa><sln:miejscIIPId>7793dd11-9afd-4e4c-a2aa-0ba39d25740e</sln:miejscIIPId><sln:miejscIIPPn>PL.PZGIK.200</sln:miejscIIPPn><sln:miejscIIPWersja>2017-04-26T11:00:11+02:00</sln:miejscIIPWersja><sln:miejscIdTeryt>0840355</sln:miejscIdTeryt><sln:miejscNazwa>Piotrowice Małe</sln:miejscNazwa><sln:miejscRodzaj>Wieś</sln:miejscRodzaj><sln:powIIPId>e42c631c-498e-4109-b6f4-a4f6fd2fedea</sln:powIIPId><sln:powIIPPn>PL.PZGIK.200</sln:powIIPPn><sln:powIIPWersja>2012-09-27T10:00:59+02:00</sln:powIIPWersja><sln:powIdTeryt>2812</sln:powIdTeryt><sln:powNazwa>nowomiejski</sln:powNazwa><sln:waznyOd>2016-01-05T00:00:00+01:00</sln:waznyOd><sln:wojIIPId>45e7cfc6-6d8b-42ff-acbd-ef1d0a53dacb</sln:wojIIPId><sln:wojIIPPn>PL.PZGIK.200</sln:wojIIPPn><sln:wojIIPWersja>2012-09-27T13:45:13+02:00</sln:wojIIPWersja><sln:wojIdTeryt>28</sln:wojIdTeryt><sln:wojNazwa>warmińsko-mazurskie</sln:wojNazwa></sln:miejscowosc><sln:miejscowosc><sln:cyklZyciaOd>2017-04-26T00:00:00+02:00</sln:cyklZyciaOd><sln:gmIIPId>dd2517d2-d2f0-41b4-b46b-a99c8bdc59bd</sln:gmIIPId><sln:gmIIPPn>PL.PZGIK.200</sln:gmIIPPn><sln:gmIIPWersja>2012-09-26T22:21:16+02:00</sln:gmIIPWersja><sln:gmIdTeryt>2812022</sln:gmIdTeryt><sln:gmNazwa>Biskupiec</sln:gmNazwa><sln:miejscIIPId>e6a65c4e-caff-416d-a3de-e2e9d047dc0f</sln:miejscIIPId><sln:miejscIIPPn>PL.PZGIK.200</sln:miejscIIPPn><sln:miejscIIPWersja>2017-04-26T11:00:11+02:00</sln:miejscIIPWersja><sln:miejscIdTeryt>0840378</sln:miejscIdTeryt><sln:miejscNazwa>Podlasek</sln:miejscNazwa><sln:miejscRodzaj>Wieś</sln:miejscRodzaj><sln:powIIPId>e42c631c-498e-4109-b6f4-a4f6fd2fedea</sln:powIIPId><sln:powIIPPn>PL.PZGIK.200</sln:powIIPPn><sln:powIIPWersja>2012-09-27T10:00:59+02:00</sln:powIIPWersja><sln:powIdTeryt>2812</sln:powIdTeryt><sln:powNazwa>nowomiejski</sln:powNazwa><sln:waznyOd>2016-01-05T00:00:00+01:00</sln:waznyOd><sln:wojIIPId>45e7cfc6-6d8b-42ff-acbd-ef1d0a53dacb</sln:wojIIPId><sln:wojIIPPn>PL.PZGIK.200</sln:wojIIPPn><sln:wojIIPWersja>2012-09-27T13:45:13+02:00</sln:wojIIPWersja><sln:wojIdTeryt>28</sln:wojIdTeryt><sln:wojNazwa>warmińsko-mazurskie</sln:wojNazwa></sln:miejscowosc><sln:miejscowosc><sln:cyklZyciaOd>2017-04-26T00:00:00+02:00</sln:cyklZyciaOd><sln:gmIIPId>dd2517d2-d2f0-41b4-b46b-a99c8bdc59bd</sln:gmIIPId><sln:gmIIPPn>PL.PZGIK.200</sln:gmIIPPn><sln:gmIIPWersja>2012-09-26T22:21:16+02:00</sln:gmIIPWersja><sln:gmIdTeryt>2812022</sln:gmIdTeryt><sln:gmNazwa>Biskupiec</sln:gmNazwa><sln:miejscIIPId>82bde0ad-d0eb-454f-a6fb-0be683425531</sln:miejscIIPId><sln:miejscIIPPn>PL.PZGIK.200</sln:miejscIIPPn><sln:miejscIIPWersja>2017-04-26T11:00:11+02:00</sln:miejscIIPWersja><sln:miejscIdTeryt>0840384</sln:miejscIdTeryt><sln:miejscNazwa>Podlasek Mały</sln:miejscNazwa><sln:miejscRodzaj>Wieś</sln:miejscRodzaj><sln:powIIPId>e42c631c-498e-4109-b6f4-a4f6fd2fedea</sln:powIIPId><sln:powIIPPn>PL.PZGIK.200</sln:powIIPPn><sln:powIIPWersja>2012-09-27T10:00:59+02:00</sln:powIIPWersja><sln:powIdTeryt>2812</sln:powIdTeryt><sln:powNazwa>nowomiejski</sln:powNazwa><sln:waznyOd>2016-01-05T00:00:00+01:00</sln:waznyOd><sln:wojIIPId>45e7cfc6-6d8b-42ff-acbd-ef1d0a53dacb</sln:wojIIPId><sln:wojIIPPn>PL.PZGIK.200</sln:wojIIPPn><sln:wojIIPWersja>2012-09-27T13:45:13+02:00</sln:wojIIPWersja><sln:wojIdTeryt>28</sln:wojIdTeryt><sln:wojNazwa>warmińsko-mazurskie</sln:wojNazwa></sln:miejscowosc><sln:miejscowosc><sln:cyklZyciaOd>2017-04-26T00:00:00+02:00</sln:cyklZyciaOd><sln:gmIIPId>dd2517d2-d2f0-41b4-b46b-a99c8bdc59bd</sln:gmIIPId><sln:gmIIPPn>PL.PZGIK.200</sln:gmIIPPn><sln:gmIIPWersja>2012-09-26T22:21:16+02:00</sln:gmIIPWersja><sln:gmIdTeryt>2812022</sln:gmIdTeryt><sln:gmNazwa>Biskupiec</sln:gmNazwa><sln:miejscIIPId>6c6cd745-08a0-48a1-bcb1-07de45bcf06c</sln:miejscIIPId><sln:miejscIIPPn>PL.PZGIK.200</sln:miejscIIPPn><sln:miejscIIPWersja>2017-04-26T11:00:11+02:00</sln:miejscIIPWersja><sln:miejscIdTeryt>0840390</sln:miejscIdTeryt><sln:miejscNazwa>Rywałdzik</sln:miejscNazwa><sln:miejscRodzaj>Wieś</sln:miejscRodzaj><sln:powIIPId>e42c631c-498e-4109-b6f4-a4f6fd2fedea</sln:powIIPId><sln:powIIPPn>PL.PZGIK.200</sln:powIIPPn><sln:powIIPWersja>2012-09-27T10:00:59+02:00</sln:powIIPWersja><sln:powIdTeryt>2812</sln:powIdTeryt><sln:powNazwa>nowomiejski</sln:powNazwa><sln:waznyOd>2016-01-05T00:00:00+01:00</sln:waznyOd><sln:wojIIPId>45e7cfc6-6d8b-42ff-acbd-ef1d0a53dacb</sln:wojIIPId><sln:wojIIPPn>PL.PZGIK.200</sln:wojIIPPn><sln:wojIIPWersja>2012-09-27T13:45:13+02:00</sln:wojIIPWersja><sln:wojIdTeryt>28</sln:wojIdTeryt><sln:wojNazwa>warmińsko-mazurskie</sln:wojNazwa></sln:miejscowosc><sln:miejscowosc><sln:cyklZyciaOd>2017-04-26T00:00:00+02:00</sln:cyklZyciaOd><sln:gmIIPId>dd2517d2-d2f0-41b4-b46b-a99c8bdc59bd</sln:gmIIPId><sln:gmIIPPn>PL.PZGIK.200</sln:gmIIPPn><sln:gmIIPWersja>2012-09-26T22:21:16+02:00</sln:gmIIPWersja><sln:gmIdTeryt>2812022</sln:gmIdTeryt><sln:gmNazwa>Biskupiec</sln:gmNazwa><sln:miejscIIPId>d933d058-9836-4162-986a-1492bbb720d9</sln:miejscIIPId><sln:miejscIIPPn>PL.PZGIK.200</sln:miejscIIPPn><sln:miejscIIPWersja>2017-04-26T11:00:12+02:00</sln:miejscIIPWersja><sln:miejscIdTeryt>0840415</sln:miejscIdTeryt><sln:miejscNazwa>Sędzice</sln:miejscNazwa><sln:miejscRodzaj>Wieś</sln:miejscRodzaj><sln:powIIPId>e42c631c-498e-4109-b6f4-a4f6fd2fedea</sln:powIIPId><sln:powIIPPn>PL.PZGIK.200</sln:powIIPPn><sln:powIIPWersja>2012-09-27T10:00:59+02:00</sln:powIIPWersja><sln:powIdTeryt>2812</sln:powIdTeryt><sln:powNazwa>nowomiejski</sln:powNazwa><sln:waznyOd>2016-01-05T00:00:00+01:00</sln:waznyOd><sln:wojIIPId>45e7cfc6-6d8b-42ff-acbd-ef1d0a53dacb</sln:wojIIPId><sln:wojIIPPn>PL.PZGIK.200</sln:wojIIPPn><sln:wojIIPWersja>2012-09-27T13:45:13+02:00</sln:wojIIPWersja><sln:wojIdTeryt>28</sln:wojIdTeryt><sln:wojNazwa>warmińsko-mazurskie</sln:wojNazwa></sln:miejscowosc><sln:miejscowosc><sln:cyklZyciaOd>2017-04-26T00:00:00+02:00</sln:cyklZyciaOd><sln:gmIIPId>dd2517d2-d2f0-41b4-b46b-a99c8bdc59bd</sln:gmIIPId><sln:gmIIPPn>PL.PZGIK.200</sln:gmIIPPn><sln:gmIIPWersja>2012-09-26T22:21:16+02:00</sln:gmIIPWersja><sln:gmIdTeryt>2812022</sln:gmIdTeryt><sln:gmNazwa>Biskupiec</sln:gmNazwa><sln:miejscIIPId>7d371903-7784-4559-a62f-6a3d933a014f</sln:miejscIIPId><sln:miejscIIPPn>PL.PZGIK.200</sln:miejscIIPPn><sln:miejscIIPWersja>2017-04-26T11:00:12+02:00</sln:miejscIIPWersja><sln:miejscIdTeryt>0840421</sln:miejscIdTeryt><sln:miejscNazwa>Babalice</sln:miejscNazwa><sln:miejscRodzaj>Wieś</sln:miejscRodzaj><sln:powIIPId>e42c631c-498e-4109-b6f4-a4f6fd2fedea</sln:powIIPId><sln:powIIPPn>PL.PZGIK.200</sln:powIIPPn><sln:powIIPWersja>2012-09-27T10:00:59+02:00</sln:powIIPWersja><sln:powIdTeryt>2812</sln:powIdTeryt><sln:powNazwa>nowomiejski</sln:powNazwa><sln:waznyOd>2016-01-05T00:00:00+01:00</sln:waznyOd><sln:wojIIPId>45e7cfc6-6d8b-42ff-acbd-ef1d0a53dacb</sln:wojIIPId><sln:wojIIPPn>PL.PZGIK.200</sln:wojIIPPn><sln:wojIIPWersja>2012-09-27T13:45:13+02:00</sln:wojIIPWersja><sln:wojIdTeryt>28</sln:wojIdTeryt><sln:wojNazwa>warmińsko-mazurskie</sln:wojNazwa></sln:miejscowosc><sln:miejscowosc><sln:cyklZyciaOd>2017-04-26T00:00:00+02:00</sln:cyklZyciaOd><sln:gmIIPId>dd2517d2-d2f0-41b4-b46b-a99c8bdc59bd</sln:gmIIPId><sln:gmIIPPn>PL.PZGIK.200</sln:gmIIPPn><sln:gmIIPWersja>2012-09-26T22:21:16+02:00</sln:gmIIPWersja><sln:gmIdTeryt>2812022</sln:gmIdTeryt><sln:gmNazwa>Biskupiec</sln:gmNazwa><sln:miejscIIPId>7ed4a65d-25d4-4cce-ab10-6ae0f8841557</sln:miejscIIPId><sln:miejscIIPPn>PL.PZGIK.200</sln:miejscIIPPn><sln:miejscIIPWersja>2017-04-26T11:00:12+02:00</sln:miejscIIPWersja><sln:miejscIdTeryt>0840438</sln:miejscIdTeryt><sln:miejscNazwa>Słupnica</sln:miejscNazwa><sln:miejscRodzaj>Wieś</sln:miejscRodzaj><sln:powIIPId>e42c631c-498e-4109-b6f4-a4f6fd2fedea</sln:powIIPId><sln:powIIPPn>PL.PZGIK.200</sln:powIIPPn><sln:powIIPWersja>2012-09-27T10:00:59+02:00</sln:powIIPWersja><sln:powIdTeryt>2812</sln:powIdTeryt><sln:powNazwa>nowomiejski</sln:powNazwa><sln:waznyOd>2016-01-05T00:00:00+01:00</sln:waznyOd><sln:wojIIPId>45e7cfc6-6d8b-42ff-acbd-ef1d0a53dacb</sln:wojIIPId><sln:wojIIPPn>PL.PZGIK.200</sln:wojIIPPn><sln:wojIIPWersja>2012-09-27T13:45:13+02:00</sln:wojIIPWersja><sln:wojIdTeryt>28</sln:wojIdTeryt><sln:wojNazwa>warmińsko-mazurskie</sln:wojNazwa></sln:miejscowosc><sln:miejscowosc><sln:cyklZyciaOd>2017-04-26T00:00:00+02:00</sln:cyklZyciaOd><sln:gmIIPId>dd2517d2-d2f0-41b4-b46b-a99c8bdc59bd</sln:gmIIPId><sln:gmIIPPn>PL.PZGIK.200</sln:gmIIPPn><sln:gmIIPWersja>2012-09-26T22:21:16+02:00</sln:gmIIPWersja><sln:gmIdTeryt>2812022</sln:gmIdTeryt><sln:gmNazwa>Biskupiec</sln:gmNazwa><sln:miejscIIPId>bc11b88e-73f0-4a4b-abbf-7cf65b5db112</sln:miejscIIPId><sln:miejscIIPPn>PL.PZGIK.200</sln:miejscIIPPn><sln:miejscIIPWersja>2017-04-26T11:00:12+02:00</sln:miejscIIPWersja><sln:miejscIdTeryt>0840444</sln:miejscIdTeryt><sln:miejscNazwa>Sumin</sln:miejscNazwa><sln:miejscRodzaj>Wieś</sln:miejscRodzaj><sln:powIIPId>e42c631c-498e-4109-b6f4-a4f6fd2fedea</sln:powIIPId><sln:powIIPPn>PL.PZGIK.200</sln:powIIPPn><sln:powIIPWersja>2012-09-27T10:00:59+02:00</sln:powIIPWersja><sln:powIdTeryt>2812</sln:powIdTeryt><sln:powNazwa>nowomiejski</sln:powNazwa><sln:waznyOd>2016-01-05T00:00:00+01:00</sln:waznyOd><sln:wojIIPId>45e7cfc6-6d8b-42ff-acbd-ef1d0a53dacb</sln:wojIIPId><sln:wojIIPPn>PL.PZGIK.200</sln:wojIIPPn><sln:wojIIPWersja>2012-09-27T13:45:13+02:00</sln:wojIIPWersja><sln:wojIdTeryt>28</sln:wojIdTeryt><sln:wojNazwa>warmińsko-mazurskie</sln:wojNazwa></sln:miejscowosc><sln:miejscowosc><sln:cyklZyciaOd>2017-04-26T00:00:00+02:00</sln:cyklZyciaOd><sln:gmIIPId>dd2517d2-d2f0-41b4-b46b-a99c8bdc59bd</sln:gmIIPId><sln:gmIIPPn>PL.PZGIK.200</sln:gmIIPPn><sln:gmIIPWersja>2012-09-26T22:21:16+02:00</sln:gmIIPWersja><sln:gmIdTeryt>2812022</sln:gmIdTeryt><sln:gmNazwa>Biskupiec</sln:gmNazwa><sln:miejscIIPId>247d7183-9b96-4dad-854e-01702680794d</sln:miejscIIPId><sln:miejscIIPPn>PL.PZGIK.200</sln:miejscIIPPn><sln:miejscIIPWersja>2017-04-26T11:00:12+02:00</sln:miejscIIPWersja><sln:miejscIdTeryt>0840496</sln:miejscIdTeryt><sln:miejscNazwa>Szwarcenowo</sln:miejscNazwa><sln:miejscRodzaj>Wieś</sln:miejscRodzaj><sln:powIIPId>e42c631c-498e-4109-b6f4-a4f6fd2fedea</sln:powIIPId><sln:powIIPPn>PL.PZGIK.200</sln:powIIPPn><sln:powIIPWersja>2012-09-27T10:00:59+02:00</sln:powIIPWersja><sln:powIdTeryt>2812</sln:powIdTeryt><sln:powNazwa>nowomiejski</sln:powNazwa><sln:waznyOd>2016-01-05T00:00:00+01:00</sln:waznyOd><sln:wojIIPId>45e7cfc6-6d8b-42ff-acbd-ef1d0a53dacb</sln:wojIIPId><sln:wojIIPPn>PL.PZGIK.200</sln:wojIIPPn><sln:wojIIPWersja>2012-09-27T13:45:13+02:00</sln:wojIIPWersja><sln:wojIdTeryt>28</sln:wojIdTeryt><sln:wojNazwa>warmińsko-mazurskie</sln:wojNazwa></sln:miejscowosc><sln:miejscowosc><sln:cyklZyciaOd>2017-04-26T00:00:00+02:00</sln:cyklZyciaOd><sln:gmIIPId>dd2517d2-d2f0-41b4-b46b-a99c8bdc59bd</sln:gmIIPId><sln:gmIIPPn>PL.PZGIK.200</sln:gmIIPPn><sln:gmIIPWersja>2012-09-26T22:21:16+02:00</sln:gmIIPWersja><sln:gmIdTeryt>2812022</sln:gmIdTeryt><sln:gmNazwa>Biskupiec</sln:gmNazwa><sln:miejscIIPId>204e0abb-63cd-4364-aa8e-cecacc717b00</sln:miejscIIPId><sln:miejscIIPPn>PL.PZGIK.200</sln:miejscIIPPn><sln:miejscIIPWersja>2017-04-26T11:00:12+02:00</sln:miejscIIPWersja><sln:miejscIdTeryt>0840510</sln:miejscIdTeryt><sln:miejscNazwa>Wielka Wólka</sln:miejscNazwa><sln:miejscRodzaj>Wieś</sln:miejscRodzaj><sln:powIIPId>e42c631c-498e-4109-b6f4-a4f6fd2fedea</sln:powIIPId><sln:powIIPPn>PL.PZGIK.200</sln:powIIPPn><sln:powIIPWersja>2012-09-27T10:00:59+02:00</sln:powIIPWersja><sln:powIdTeryt>2812</sln:powIdTeryt><sln:powNazwa>nowomiejski</sln:powNazwa><sln:waznyOd>2016-01-05T00:00:00+01:00</sln:waznyOd><sln:wojIIPId>45e7cfc6-6d8b-42ff-acbd-ef1d0a53dacb</sln:wojIIPId><sln:wojIIPPn>PL.PZGIK.200</sln:wojIIPPn><sln:wojIIPWersja>2012-09-27T13:45:13+02:00</sln:wojIIPWersja><sln:wojIdTeryt>28</sln:wojIdTeryt><sln:wojNazwa>warmińsko-mazurskie</sln:wojNazwa></sln:miejscowosc><sln:miejscowosc><sln:cyklZyciaOd>2017-04-26T00:00:00+02:00</sln:cyklZyciaOd><sln:gmIIPId>dd2517d2-d2f0-41b4-b46b-a99c8bdc59bd</sln:gmIIPId><sln:gmIIPPn>PL.PZGIK.200</sln:gmIIPPn><sln:gmIIPWersja>2012-09-26T22:21:16+02:00</sln:gmIIPWersja><sln:gmIdTeryt>2812022</sln:gmIdTeryt><sln:gmNazwa>Biskupiec</sln:gmNazwa><sln:miejscIIPId>22d3330f-1aca-451c-ace4-4591689998f3</sln:miejscIIPId><sln:miejscIIPPn>PL.PZGIK.200</sln:miejscIIPPn><sln:miejscIIPWersja>2017-04-26T11:00:12+02:00</sln:miejscIIPWersja><sln:miejscIdTeryt>0840527</sln:miejscIdTeryt><sln:miejscNazwa>Wielka Tymawa</sln:miejscNazwa><sln:miejscRodzaj>Wieś</sln:miejscRodzaj><sln:powIIPId>e42c631c-498e-4109-b6f4-a4f6fd2fedea</sln:powIIPId><sln:powIIPPn>PL.PZGIK.200</sln:powIIPPn><sln:powIIPWersja>2012-09-27T10:00:59+02:00</sln:powIIPWersja><sln:powIdTeryt>2812</sln:powIdTeryt><sln:powNazwa>nowomiejski</sln:powNazwa><sln:waznyOd>2016-01-05T00:00:00+01:00</sln:waznyOd><sln:wojIIPId>45e7cfc6-6d8b-42ff-acbd-ef1d0a53dacb</sln:wojIIPId><sln:wojIIPPn>PL.PZGIK.200</sln:wojIIPPn><sln:wojIIPWersja>2012-09-27T13:45:13+02:00</sln:wojIIPWersja><sln:wojIdTeryt>28</sln:wojIdTeryt><sln:wojNazwa>warmińsko-mazurskie</sln:wojNazwa></sln:miejscowosc><sln:miejscowosc><sln:cyklZyciaOd>2017-04-26T00:00:00+02:00</sln:cyklZyciaOd><sln:gmIIPId>dd2517d2-d2f0-41b4-b46b-a99c8bdc59bd</sln:gmIIPId><sln:gmIIPPn>PL.PZGIK.200</sln:gmIIPPn><sln:gmIIPWersja>2012-09-26T22:21:16+02:00</sln:gmIIPWersja><sln:gmIdTeryt>2812022</sln:gmIdTeryt><sln:gmNazwa>Biskupiec</sln:gmNazwa><sln:miejscIIPId>2208aabf-4c68-4f54-8968-90c80cfd451d</sln:miejscIIPId><sln:miejscIIPPn>PL.PZGIK.200</sln:miejscIIPPn><sln:miejscIIPWersja>2017-04-26T11:00:12+02:00</sln:miejscIIPWersja><sln:miejscIdTeryt>0840533</sln:miejscIdTeryt><sln:miejscNazwa>Osówko</sln:miejscNazwa><sln:miejscRodzaj>Wieś</sln:miejscRodzaj><sln:powIIPId>e42c631c-498e-4109-b6f4-a4f6fd2fedea</sln:powIIPId><sln:powIIPPn>PL.PZGIK.200</sln:powIIPPn><sln:powIIPWersja>2012-09-27T10:00:59+02:00</sln:powIIPWersja><sln:powIdTeryt>2812</sln:powIdTeryt><sln:powNazwa>nowomiejski</sln:powNazwa><sln:waznyOd>2016-01-05T00:00:00+01:00</sln:waznyOd><sln:wojIIPId>45e7cfc6-6d8b-42ff-acbd-ef1d0a53dacb</sln:wojIIPId><sln:wojIIPPn>PL.PZGIK.200</sln:wojIIPPn><sln:wojIIPWersja>2012-09-27T13:45:13+02:00</sln:wojIIPWersja><sln:wojIdTeryt>28</sln:wojIdTeryt><sln:wojNazwa>warmińsko-mazurskie</sln:wojNazwa></sln:miejscowosc><sln:miejscowosc><sln:cyklZyciaOd>2017-04-26T00:00:00+02:00</sln:cyklZyciaOd><sln:gmIIPId>dd2517d2-d2f0-41b4-b46b-a99c8bdc59bd</sln:gmIIPId><sln:gmIIPPn>PL.PZGIK.200</sln:gmIIPPn><sln:gmIIPWersja>2012-09-26T22:21:16+02:00</sln:gmIIPWersja><sln:gmIdTeryt>2812022</sln:gmIdTeryt><sln:gmNazwa>Biskupiec</sln:gmNazwa><sln:miejscIIPId>1a933df2-0e80-4f5d-9069-5d0bad080834</sln:miejscIIPId><sln:miejscIIPPn>PL.PZGIK.200</sln:miejscIIPPn><sln:miejscIIPWersja>2017-04-26T11:00:12+02:00</sln:miejscIIPWersja><sln:miejscIdTeryt>0840540</sln:miejscIdTeryt><sln:miejscNazwa>Wardęgowo</sln:miejscNazwa><sln:miejscRodzaj>Wieś</sln:miejscRodzaj><sln:powIIPId>e42c631c-498e-4109-b6f4-a4f6fd2fedea</sln:powIIPId><sln:powIIPPn>PL.PZGIK.200</sln:powIIPPn><sln:powIIPWersja>2012-09-27T10:00:59+02:00</sln:powIIPWersja><sln:powIdTeryt>2812</sln:powIdTeryt><sln:powNazwa>nowomiejski</sln:powNazwa><sln:waznyOd>2016-01-05T00:00:00+01:00</sln:waznyOd><sln:wojIIPId>45e7cfc6-6d8b-42ff-acbd-ef1d0a53dacb</sln:wojIIPId><sln:wojIIPPn>PL.PZGIK.200</sln:wojIIPPn><sln:wojIIPWersja>2012-09-27T13:45:13+02:00</sln:wojIIPWersja><sln:wojIdTeryt>28</sln:wojIdTeryt><sln:wojNazwa>warmińsko-mazurskie</sln:wojNazwa></sln:miejscowosc><sln:miejscowosc><sln:cyklZyciaOd>2017-04-26T00:00:00+02:00</sln:cyklZyciaOd><sln:gmIIPId>dd2517d2-d2f0-41b4-b46b-a99c8bdc59bd</sln:gmIIPId><sln:gmIIPPn>PL.PZGIK.200</sln:gmIIPPn><sln:gmIIPWersja>2012-09-26T22:21:16+02:00</sln:gmIIPWersja><sln:gmIdTeryt>2812022</sln:gmIdTeryt><sln:gmNazwa>Biskupiec</sln:gmNazwa><sln:miejscIIPId>28312fc5-e714-4ba4-b37a-cd856c307a11</sln:miejscIIPId><sln:miejscIIPPn>PL.PZGIK.200</sln:miejscIIPPn><sln:miejscIIPWersja>2017-04-26T11:00:12+02:00</sln:miejscIIPWersja><sln:miejscIdTeryt>0840579</sln:miejscIdTeryt><sln:miejscNazwa>Wonna</sln:miejscNazwa><sln:miejscRodzaj>Wieś</sln:miejscRodzaj><sln:powIIPId>e42c631c-498e-4109-b6f4-a4f6fd2fedea</sln:powIIPId><sln:powIIPPn>PL.PZGIK.200</sln:powIIPPn><sln:powIIPWersja>2012-09-27T10:00:59+02:00</sln:powIIPWersja><sln:powIdTeryt>2812</sln:powIdTeryt><sln:powNazwa>nowomiejski</sln:powNazwa><sln:waznyOd>2016-01-05T00:00:00+01:00</sln:waznyOd><sln:wojIIPId>45e7cfc6-6d8b-42ff-acbd-ef1d0a53dacb</sln:wojIIPId><sln:wojIIPPn>PL.PZGIK.200</sln:wojIIPPn><sln:wojIIPWersja>2012-09-27T13:45:13+02:00</sln:wojIIPWersja><sln:wojIdTeryt>28</sln:wojIdTeryt><sln:wojNazwa>warmińsko-mazurskie</sln:wojNazwa></sln:miejscowosc></sln:lista-miejscowosci>