<?xml version="1.0" encoding="UTF-8" standalone="yes"?><sln:lista-miejscowosci xmlns:srv="http://gugik.gov.pl/schemas/slowniki-service/1.0" xmlns:sln="http://gugik.gov.pl/schemas/slowniki-schema/1.0"><sln:miejscowosc><sln:cyklZyciaDo>2017-04-07T00:00:00+02:00</sln:cyklZyciaDo><sln:cyklZyciaOd>2015-10-05T00:00:00+02:00</sln:cyklZyciaOd><sln:gmIIPId>ff347bb5-e337-48a7-9402-a761ba4a6159</sln:gmIIPId><sln:gmIIPPn>PL.PZGIK.200</sln:gmIIPPn><sln:gmIIPWersja>2012-09-26T22:21:07+02:00</sln:gmIIPWersja><sln:gmIdTeryt>2809022</sln:gmIdTeryt><sln:gmNazwa>Kiwity</sln:gmNazwa><sln:miejscIIPId>ef3c0cd3-ac06-4457-904c-a225413cb177</sln:miejscIIPId><sln:miejscIIPPn>PL.PZGIK.200</sln:miejscIIPPn><sln:miejscIIPWersja>2016-11-24T10:33:16+02:00</sln:miejscIIPWersja><sln:miejscIdTeryt>0478084</sln:miejscIdTeryt><sln:miejscNazwa>Bartniki</sln:miejscNazwa><sln:miejscRodzaj>Wieś</sln:miejscRodzaj><sln:powIIPId>ae7980f6-4c68-43f8-bd98-9a635a836d03</sln:powIIPId><sln:powIIPPn>PL.PZGIK.200</sln:powIIPPn><sln:powIIPWersja>2012-09-27T10:00:59+02:00</sln:powIIPWersja><sln:powIdTeryt>2809</sln:powIdTeryt><sln:powNazwa>lidzbarski</sln:powNazwa><sln:waznyOd>2015-07-14T00:00:00+02:00</sln:waznyOd><sln:wojIIPId>45e7cfc6-6d8b-42ff-acbd-ef1d0a53dacb</sln:wojIIPId><sln:wojIIPPn>PL.PZGIK.200</sln:wojIIPPn><sln:wojIIPWersja>2012-09-27T13:45:13+02:00</sln:wojIIPWersja><sln:wojIdTeryt>28</sln:wojIdTeryt><sln:wojNazwa>warmińsko-mazurskie</sln:wojNazwa></sln:miejscowosc><sln:miejscowosc><sln:cyklZyciaDo>2017-04-07T00:00:00+02:00</sln:cyklZyciaDo><sln:cyklZyciaOd>2015-10-05T00:00:00+02:00</sln:cyklZyciaOd><sln:gmIIPId>ff347bb5-e337-48a7-9402-a761ba4a6159</sln:gmIIPId><sln:gmIIPPn>PL.PZGIK.200</sln:gmIIPPn><sln:gmIIPWersja>2012-09-26T22:21:07+02:00</sln:gmIIPWersja><sln:gmIdTeryt>2809022</sln:gmIdTeryt><sln:gmNazwa>Kiwity</sln:gmNazwa><sln:miejscIIPId>29136cf1-3ff6-4857-b1d5-e2bed791807a</sln:miejscIIPId><sln:miejscIIPPn>PL.PZGIK.200</sln:miejscIIPPn><sln:miejscIIPWersja>2016-11-24T10:33:16+02:00</sln:miejscIIPWersja><sln:miejscIdTeryt>0478090</sln:miejscIdTeryt><sln:miejscNazwa>Czarny Kierz</sln:miejscNazwa><sln:miejscRodzaj>Wieś</sln:miejscRodzaj><sln:powIIPId>ae7980f6-4c68-43f8-bd98-9a635a836d03</sln:powIIPId><sln:powIIPPn>PL.PZGIK.200</sln:powIIPPn><sln:powIIPWersja>2012-09-27T10:00:59+02:00</sln:powIIPWersja><sln:powIdTeryt>2809</sln:powIdTeryt><sln:powNazwa>lidzbarski</sln:powNazwa><sln:waznyOd>2015-07-14T00:00:00+02:00</sln:waznyOd><sln:wojIIPId>45e7cfc6-6d8b-42ff-acbd-ef1d0a53dacb</sln:wojIIPId><sln:wojIIPPn>PL.PZGIK.200</sln:wojIIPPn><sln:wojIIPWersja>2012-09-27T13:45:13+02:00</sln:wojIIPWersja><sln:wojIdTeryt>28</sln:wojIdTeryt><sln:wojNazwa>warmińsko-mazurskie</sln:wojNazwa></sln:miejscowosc><sln:miejscowosc><sln:cyklZyciaDo>2017-04-07T00:00:00+02:00</sln:cyklZyciaDo><sln:cyklZyciaOd>2015-10-05T00:00:00+02:00</sln:cyklZyciaOd><sln:gmIIPId>ff347bb5-e337-48a7-9402-a761ba4a6159</sln:gmIIPId><sln:gmIIPPn>PL.PZGIK.200</sln:gmIIPPn><sln:gmIIPWersja>2012-09-26T22:21:07+02:00</sln:gmIIPWersja><sln:gmIdTeryt>2809022</sln:gmIdTeryt><sln:gmNazwa>Kiwity</sln:gmNazwa><sln:miejscIIPId>828ce70d-5267-4d54-982f-a12bdc639538</sln:miejscIIPId><sln:miejscIIPPn>PL.PZGIK.200</sln:miejscIIPPn><sln:miejscIIPWersja>2016-11-24T10:33:16+02:00</sln:miejscIIPWersja><sln:miejscIdTeryt>0478109</sln:miejscIdTeryt><sln:miejscNazwa>Kiersnowo</sln:miejscNazwa><sln:miejscRodzaj>Wieś</sln:miejscRodzaj><sln:powIIPId>ae7980f6-4c68-43f8-bd98-9a635a836d03</sln:powIIPId><sln:powIIPPn>PL.PZGIK.200</sln:powIIPPn><sln:powIIPWersja>2012-09-27T10:00:59+02:00</sln:powIIPWersja><sln:powIdTeryt>2809</sln:powIdTeryt><sln:powNazwa>lidzbarski</sln:powNazwa><sln:waznyOd>2015-07-14T00:00:00+02:00</sln:waznyOd><sln:wojIIPId>45e7cfc6-6d8b-42ff-acbd-ef1d0a53dacb</sln:wojIIPId><sln:wojIIPPn>PL.PZGIK.200</sln:wojIIPPn><sln:wojIIPWersja>2012-09-27T13:45:13+02:00</sln:wojIIPWersja><sln:wojIdTeryt>28</sln:wojIdTeryt><sln:wojNazwa>warmińsko-mazurskie</sln:wojNazwa></sln:miejscowosc><sln:miejscowosc><sln:cyklZyciaDo>2017-04-07T00:00:00+02:00</sln:cyklZyciaDo><sln:cyklZyciaOd>2015-10-05T00:00:00+02:00</sln:cyklZyciaOd><sln:gmIIPId>ff347bb5-e337-48a7-9402-a761ba4a6159</sln:gmIIPId><sln:gmIIPPn>PL.PZGIK.200</sln:gmIIPPn><sln:gmIIPWersja>2012-09-26T22:21:07+02:00</sln:gmIIPWersja><sln:gmIdTeryt>2809022</sln:gmIdTeryt><sln:gmNazwa>Kiwity</sln:gmNazwa><sln:miejscIIPId>6bc730ac-ac31-420b-a69b-800239623b60</sln:miejscIIPId><sln:miejscIIPPn>PL.PZGIK.200</sln:miejscIIPPn><sln:miejscIIPWersja>2016-11-24T10:33:16+02:00</sln:miejscIIPWersja><sln:miejscIdTeryt>0478121</sln:miejscIdTeryt><sln:miejscNazwa>Kierwiny</sln:miejscNazwa><sln:miejscRodzaj>Wieś</sln:miejscRodzaj><sln:powIIPId>ae7980f6-4c68-43f8-bd98-9a635a836d03</sln:powIIPId><sln:powIIPPn>PL.PZGIK.200</sln:powIIPPn><sln:powIIPWersja>2012-09-27T10:00:59+02:00</sln:powIIPWersja><sln:powIdTeryt>2809</sln:powIdTeryt><sln:powNazwa>lidzbarski</sln:powNazwa><sln:waznyOd>2015-07-14T00:00:00+02:00</sln:waznyOd><sln:wojIIPId>45e7cfc6-6d8b-42ff-acbd-ef1d0a53dacb</sln:wojIIPId><sln:wojIIPPn>PL.PZGIK.200</sln:wojIIPPn><sln:wojIIPWersja>2012-09-27T13:45:13+02:00</sln:wojIIPWersja><sln:wojIdTeryt>28</sln:wojIdTeryt><sln:wojNazwa>warmińsko-mazurskie</sln:wojNazwa></sln:miejscowosc><sln:miejscowosc><sln:cyklZyciaDo>2017-04-07T00:00:00+02:00</sln:cyklZyciaDo><sln:cyklZyciaOd>2015-10-05T00:00:00+02:00</sln:cyklZyciaOd><sln:gmIIPId>ff347bb5-e337-48a7-9402-a761ba4a6159</sln:gmIIPId><sln:gmIIPPn>PL.PZGIK.200</sln:gmIIPPn><sln:gmIIPWersja>2012-09-26T22:21:07+02:00</sln:gmIIPWersja><sln:gmIdTeryt>2809022</sln:gmIdTeryt><sln:gmNazwa>Kiwity</sln:gmNazwa><sln:miejscIIPId>7b3d82a0-e6aa-43f3-96ab-7100ebbd2235</sln:miejscIIPId><sln:miejscIIPPn>PL.PZGIK.200</sln:miejscIIPPn><sln:miejscIIPWersja>2016-11-24T10:33:16+02:00</sln:miejscIIPWersja><sln:miejscIdTeryt>0478144</sln:miejscIdTeryt><sln:miejscNazwa>Kiwity</sln:miejscNazwa><sln:miejscRodzaj>Wieś</sln:miejscRodzaj><sln:powIIPId>ae7980f6-4c68-43f8-bd98-9a635a836d03</sln:powIIPId><sln:powIIPPn>PL.PZGIK.200</sln:powIIPPn><sln:powIIPWersja>2012-09-27T10:00:59+02:00</sln:powIIPWersja><sln:powIdTeryt>2809</sln:powIdTeryt><sln:powNazwa>lidzbarski</sln:powNazwa><sln:waznyOd>2015-07-14T00:00:00+02:00</sln:waznyOd><sln:wojIIPId>45e7cfc6-6d8b-42ff-acbd-ef1d0a53dacb</sln:wojIIPId><sln:wojIIPPn>PL.PZGIK.200</sln:wojIIPPn><sln:wojIIPWersja>2012-09-27T13:45:13+02:00</sln:wojIIPWersja><sln:wojIdTeryt>28</sln:wojIdTeryt><sln:wojNazwa>warmińsko-mazurskie</sln:wojNazwa></sln:miejscowosc><sln:miejscowosc><sln:cyklZyciaDo>2017-04-07T00:00:00+02:00</sln:cyklZyciaDo><sln:cyklZyciaOd>2015-10-05T00:00:00+02:00</sln:cyklZyciaOd><sln:gmIIPId>ff347bb5-e337-48a7-9402-a761ba4a6159</sln:gmIIPId><sln:gmIIPPn>PL.PZGIK.200</sln:gmIIPPn><sln:gmIIPWersja>2012-09-26T22:21:07+02:00</sln:gmIIPWersja><sln:gmIdTeryt>2809022</sln:gmIdTeryt><sln:gmNazwa>Kiwity</sln:gmNazwa><sln:miejscIIPId>fa437087-a14a-4854-a7b7-6b2567f52a3f</sln:miejscIIPId><sln:miejscIIPPn>PL.PZGIK.200</sln:miejscIIPPn><sln:miejscIIPWersja>2016-11-24T10:33:16+02:00</sln:miejscIIPWersja><sln:miejscIdTeryt>0478150</sln:miejscIdTeryt><sln:miejscNazwa>Klejdyty</sln:miejscNazwa><sln:miejscRodzaj>Wieś</sln:miejscRodzaj><sln:powIIPId>ae7980f6-4c68-43f8-bd98-9a635a836d03</sln:powIIPId><sln:powIIPPn>PL.PZGIK.200</sln:powIIPPn><sln:powIIPWersja>2012-09-27T10:00:59+02:00</sln:powIIPWersja><sln:powIdTeryt>2809</sln:powIdTeryt><sln:powNazwa>lidzbarski</sln:powNazwa><sln:waznyOd>2015-07-14T00:00:00+02:00</sln:waznyOd><sln:wojIIPId>45e7cfc6-6d8b-42ff-acbd-ef1d0a53dacb</sln:wojIIPId><sln:wojIIPPn>PL.PZGIK.200</sln:wojIIPPn><sln:wojIIPWersja>2012-09-27T13:45:13+02:00</sln:wojIIPWersja><sln:wojIdTeryt>28</sln:wojIdTeryt><sln:wojNazwa>warmińsko-mazurskie</sln:wojNazwa></sln:miejscowosc><sln:miejscowosc><sln:cyklZyciaDo>2017-04-07T00:00:00+02:00</sln:cyklZyciaDo><sln:cyklZyciaOd>2015-10-05T00:00:00+02:00</sln:cyklZyciaOd><sln:gmIIPId>ff347bb5-e337-48a7-9402-a761ba4a6159</sln:gmIIPId><sln:gmIIPPn>PL.PZGIK.200</sln:gmIIPPn><sln:gmIIPWersja>2012-09-26T22:21:07+02:00</sln:gmIIPWersja><sln:gmIdTeryt>2809022</sln:gmIdTeryt><sln:gmNazwa>Kiwity</sln:gmNazwa><sln:miejscIIPId>a18579c2-8b7a-4980-9b6b-43a815401a62</sln:miejscIIPId><sln:miejscIIPPn>PL.PZGIK.200</sln:miejscIIPPn><sln:miejscIIPWersja>2016-11-24T10:33:16+02:00</sln:miejscIIPWersja><sln:miejscIdTeryt>0478167</sln:miejscIdTeryt><sln:miejscNazwa>Klutajny</sln:miejscNazwa><sln:miejscRodzaj>Wieś</sln:miejscRodzaj><sln:powIIPId>ae7980f6-4c68-43f8-bd98-9a635a836d03</sln:powIIPId><sln:powIIPPn>PL.PZGIK.200</sln:powIIPPn><sln:powIIPWersja>2012-09-27T10:00:59+02:00</sln:powIIPWersja><sln:powIdTeryt>2809</sln:powIdTeryt><sln:powNazwa>lidzbarski</sln:powNazwa><sln:waznyOd>2015-07-14T00:00:00+02:00</sln:waznyOd><sln:wojIIPId>45e7cfc6-6d8b-42ff-acbd-ef1d0a53dacb</sln:wojIIPId><sln:wojIIPPn>PL.PZGIK.200</sln:wojIIPPn><sln:wojIIPWersja>2012-09-27T13:45:13+02:00</sln:wojIIPWersja><sln:wojIdTeryt>28</sln:wojIdTeryt><sln:wojNazwa>warmińsko-mazurskie</sln:wojNazwa></sln:miejscowosc><sln:miejscowosc><sln:cyklZyciaDo>2017-04-07T00:00:00+02:00</sln:cyklZyciaDo><sln:cyklZyciaOd>2015-10-05T00:00:00+02:00</sln:cyklZyciaOd><sln:gmIIPId>ff347bb5-e337-48a7-9402-a761ba4a6159</sln:gmIIPId><sln:gmIIPPn>PL.PZGIK.200</sln:gmIIPPn><sln:gmIIPWersja>2012-09-26T22:21:07+02:00</sln:gmIIPWersja><sln:gmIdTeryt>2809022</sln:gmIdTeryt><sln:gmNazwa>Kiwity</sln:gmNazwa><sln:miejscIIPId>c9afe748-d824-428b-bc1c-7d3792c86bd0</sln:miejscIIPId><sln:miejscIIPPn>PL.PZGIK.200</sln:miejscIIPPn><sln:miejscIIPWersja>2016-11-24T10:33:16+02:00</sln:miejscIIPWersja><sln:miejscIdTeryt>0478180</sln:miejscIdTeryt><sln:miejscNazwa>Kobiela</sln:miejscNazwa><sln:miejscRodzaj>Wieś</sln:miejscRodzaj><sln:powIIPId>ae7980f6-4c68-43f8-bd98-9a635a836d03</sln:powIIPId><sln:powIIPPn>PL.PZGIK.200</sln:powIIPPn><sln:powIIPWersja>2012-09-27T10:00:59+02:00</sln:powIIPWersja><sln:powIdTeryt>2809</sln:powIdTeryt><sln:powNazwa>lidzbarski</sln:powNazwa><sln:waznyOd>2015-07-14T00:00:00+02:00</sln:waznyOd><sln:wojIIPId>45e7cfc6-6d8b-42ff-acbd-ef1d0a53dacb</sln:wojIIPId><sln:wojIIPPn>PL.PZGIK.200</sln:wojIIPPn><sln:wojIIPWersja>2012-09-27T13:45:13+02:00</sln:wojIIPWersja><sln:wojIdTeryt>28</sln:wojIdTeryt><sln:wojNazwa>warmińsko-mazurskie</sln:wojNazwa></sln:miejscowosc><sln:miejscowosc><sln:cyklZyciaDo>2017-04-07T00:00:00+02:00</sln:cyklZyciaDo><sln:cyklZyciaOd>2015-10-05T00:00:00+02:00</sln:cyklZyciaOd><sln:gmIIPId>ff347bb5-e337-48a7-9402-a761ba4a6159</sln:gmIIPId><sln:gmIIPPn>PL.PZGIK.200</sln:gmIIPPn><sln:gmIIPWersja>2012-09-26T22:21:07+02:00</sln:gmIIPWersja><sln:gmIdTeryt>2809022</sln:gmIdTeryt><sln:gmNazwa>Kiwity</sln:gmNazwa><sln:miejscIIPId>ef953841-51a4-438c-9734-e18074cc2474</sln:miejscIIPId><sln:miejscIIPPn>PL.PZGIK.200</sln:miejscIIPPn><sln:miejscIIPWersja>2016-11-24T10:33:16+02:00</sln:miejscIIPWersja><sln:miejscIdTeryt>0478196</sln:miejscIdTeryt><sln:miejscNazwa>Konity</sln:miejscNazwa><sln:miejscRodzaj>Wieś</sln:miejscRodzaj><sln:powIIPId>ae7980f6-4c68-43f8-bd98-9a635a836d03</sln:powIIPId><sln:powIIPPn>PL.PZGIK.200</sln:powIIPPn><sln:powIIPWersja>2012-09-27T10:00:59+02:00</sln:powIIPWersja><sln:powIdTeryt>2809</sln:powIdTeryt><sln:powNazwa>lidzbarski</sln:powNazwa><sln:waznyOd>2015-07-14T00:00:00+02:00</sln:waznyOd><sln:wojIIPId>45e7cfc6-6d8b-42ff-acbd-ef1d0a53dacb</sln:wojIIPId><sln:wojIIPPn>PL.PZGIK.200</sln:wojIIPPn><sln:wojIIPWersja>2012-09-27T13:45:13+02:00</sln:wojIIPWersja><sln:wojIdTeryt>28</sln:wojIdTeryt><sln:wojNazwa>warmińsko-mazurskie</sln:wojNazwa></sln:miejscowosc><sln:miejscowosc><sln:cyklZyciaDo>2017-04-07T00:00:00+02:00</sln:cyklZyciaDo><sln:cyklZyciaOd>2015-10-05T00:00:00+02:00</sln:cyklZyciaOd><sln:gmIIPId>ff347bb5-e337-48a7-9402-a761ba4a6159</sln:gmIIPId><sln:gmIIPPn>PL.PZGIK.200</sln:gmIIPPn><sln:gmIIPWersja>2012-09-26T22:21:07+02:00</sln:gmIIPWersja><sln:gmIdTeryt>2809022</sln:gmIdTeryt><sln:gmNazwa>Kiwity</sln:gmNazwa><sln:miejscIIPId>a50d4201-0b5c-43fe-9ee6-5138b80bec28</sln:miejscIIPId><sln:miejscIIPPn>PL.PZGIK.200</sln:miejscIIPPn><sln:miejscIIPWersja>2016-11-24T10:33:16+02:00</sln:miejscIIPWersja><sln:miejscIdTeryt>0478204</sln:miejscIdTeryt><sln:miejscNazwa>Krekole</sln:miejscNazwa><sln:miejscRodzaj>Wieś</sln:miejscRodzaj><sln:powIIPId>ae7980f6-4c68-43f8-bd98-9a635a836d03</sln:powIIPId><sln:powIIPPn>PL.PZGIK.200</sln:powIIPPn><sln:powIIPWersja>2012-09-27T10:00:59+02:00</sln:powIIPWersja><sln:powIdTeryt>2809</sln:powIdTeryt><sln:powNazwa>lidzbarski</sln:powNazwa><sln:waznyOd>2015-07-14T00:00:00+02:00</sln:waznyOd><sln:wojIIPId>45e7cfc6-6d8b-42ff-acbd-ef1d0a53dacb</sln:wojIIPId><sln:wojIIPPn>PL.PZGIK.200</sln:wojIIPPn><sln:wojIIPWersja>2012-09-27T13:45:13+02:00</sln:wojIIPWersja><sln:wojIdTeryt>28</sln:wojIdTeryt><sln:wojNazwa>warmińsko-mazurskie</sln:wojNazwa></sln:miejscowosc><sln:miejscowosc><sln:cyklZyciaDo>2017-04-07T00:00:00+02:00</sln:cyklZyciaDo><sln:cyklZyciaOd>2015-10-05T00:00:00+02:00</sln:cyklZyciaOd><sln:gmIIPId>ff347bb5-e337-48a7-9402-a761ba4a6159</sln:gmIIPId><sln:gmIIPPn>PL.PZGIK.200</sln:gmIIPPn><sln:gmIIPWersja>2012-09-26T22:21:07+02:00</sln:gmIIPWersja><sln:gmIdTeryt>2809022</sln:gmIdTeryt><sln:gmNazwa>Kiwity</sln:gmNazwa><sln:miejscIIPId>43321fdf-6364-4dbe-91d2-15ae4f68345f</sln:miejscIIPId><sln:miejscIIPPn>PL.PZGIK.200</sln:miejscIIPPn><sln:miejscIIPWersja>2016-11-24T10:33:16+02:00</sln:miejscIIPWersja><sln:miejscIdTeryt>0478210</sln:miejscIdTeryt><sln:miejscNazwa>Maków</sln:miejscNazwa><sln:miejscRodzaj>Osada</sln:miejscRodzaj><sln:powIIPId>ae7980f6-4c68-43f8-bd98-9a635a836d03</sln:powIIPId><sln:powIIPPn>PL.PZGIK.200</sln:powIIPPn><sln:powIIPWersja>2012-09-27T10:00:59+02:00</sln:powIIPWersja><sln:powIdTeryt>2809</sln:powIdTeryt><sln:powNazwa>lidzbarski</sln:powNazwa><sln:waznyOd>2015-07-14T00:00:00+02:00</sln:waznyOd><sln:wojIIPId>45e7cfc6-6d8b-42ff-acbd-ef1d0a53dacb</sln:wojIIPId><sln:wojIIPPn>PL.PZGIK.200</sln:wojIIPPn><sln:wojIIPWersja>2012-09-27T13:45:13+02:00</sln:wojIIPWersja><sln:wojIdTeryt>28</sln:wojIdTeryt><sln:wojNazwa>warmińsko-mazurskie</sln:wojNazwa></sln:miejscowosc><sln:miejscowosc><sln:cyklZyciaDo>2017-04-07T00:00:00+02:00</sln:cyklZyciaDo><sln:cyklZyciaOd>2015-10-05T00:00:00+02:00</sln:cyklZyciaOd><sln:gmIIPId>ff347bb5-e337-48a7-9402-a761ba4a6159</sln:gmIIPId><sln:gmIIPPn>PL.PZGIK.200</sln:gmIIPPn><sln:gmIIPWersja>2012-09-26T22:21:07+02:00</sln:gmIIPWersja><sln:gmIdTeryt>2809022</sln:gmIdTeryt><sln:gmNazwa>Kiwity</sln:gmNazwa><sln:miejscIIPId>c021d309-9370-44c4-9515-26d920140287</sln:miejscIIPId><sln:miejscIIPPn>PL.PZGIK.200</sln:miejscIIPPn><sln:miejscIIPWersja>2016-11-24T10:33:16+02:00</sln:miejscIIPWersja><sln:miejscIdTeryt>0478227</sln:miejscIdTeryt><sln:miejscNazwa>Napraty</sln:miejscNazwa><sln:miejscRodzaj>Wieś</sln:miejscRodzaj><sln:powIIPId>ae7980f6-4c68-43f8-bd98-9a635a836d03</sln:powIIPId><sln:powIIPPn>PL.PZGIK.200</sln:powIIPPn><sln:powIIPWersja>2012-09-27T10:00:59+02:00</sln:powIIPWersja><sln:powIdTeryt>2809</sln:powIdTeryt><sln:powNazwa>lidzbarski</sln:powNazwa><sln:waznyOd>2015-07-14T00:00:00+02:00</sln:waznyOd><sln:wojIIPId>45e7cfc6-6d8b-42ff-acbd-ef1d0a53dacb</sln:wojIIPId><sln:wojIIPPn>PL.PZGIK.200</sln:wojIIPPn><sln:wojIIPWersja>2012-09-27T13:45:13+02:00</sln:wojIIPWersja><sln:wojIdTeryt>28</sln:wojIdTeryt><sln:wojNazwa>warmińsko-mazurskie</sln:wojNazwa></sln:miejscowosc><sln:miejscowosc><sln:cyklZyciaDo>2017-04-07T00:00:00+02:00</sln:cyklZyciaDo><sln:cyklZyciaOd>2015-10-05T00:00:00+02:00</sln:cyklZyciaOd><sln:gmIIPId>ff347bb5-e337-48a7-9402-a761ba4a6159</sln:gmIIPId><sln:gmIIPPn>PL.PZGIK.200</sln:gmIIPPn><sln:gmIIPWersja>2012-09-26T22:21:07+02:00</sln:gmIIPWersja><sln:gmIdTeryt>2809022</sln:gmIdTeryt><sln:gmNazwa>Kiwity</sln:gmNazwa><sln:miejscIIPId>f0898adf-ea1a-4397-8912-9918a1d401ce</sln:miejscIIPId><sln:miejscIIPPn>PL.PZGIK.200</sln:miejscIIPPn><sln:miejscIIPWersja>2016-11-24T14:00:53+02:00</sln:miejscIIPWersja><sln:miejscIdTeryt>1061630</sln:miejscIdTeryt><sln:miejscNazwa>Parkity</sln:miejscNazwa><sln:miejscRodzaj>Osada</sln:miejscRodzaj><sln:powIIPId>ae7980f6-4c68-43f8-bd98-9a635a836d03</sln:powIIPId><sln:powIIPPn>PL.PZGIK.200</sln:powIIPPn><sln:powIIPWersja>2012-09-27T10:00:59+02:00</sln:powIIPWersja><sln:powIdTeryt>2809</sln:powIdTeryt><sln:powNazwa>lidzbarski</sln:powNazwa><sln:waznyOd>2015-07-31T00:00:00+02:00</sln:waznyOd><sln:wojIIPId>45e7cfc6-6d8b-42ff-acbd-ef1d0a53dacb</sln:wojIIPId><sln:wojIIPPn>PL.PZGIK.200</sln:wojIIPPn><sln:wojIIPWersja>2012-09-27T13:45:13+02:00</sln:wojIIPWersja><sln:wojIdTeryt>28</sln:wojIdTeryt><sln:wojNazwa>warmińsko-mazurskie</sln:wojNazwa></sln:miejscowosc><sln:miejscowosc><sln:cyklZyciaDo>2017-04-07T00:00:00+02:00</sln:cyklZyciaDo><sln:cyklZyciaOd>2015-10-05T00:00:00+02:00</sln:cyklZyciaOd><sln:gmIIPId>ff347bb5-e337-48a7-9402-a761ba4a6159</sln:gmIIPId><sln:gmIIPPn>PL.PZGIK.200</sln:gmIIPPn><sln:gmIIPWersja>2012-09-26T22:21:07+02:00</sln:gmIIPWersja><sln:gmIdTeryt>2809022</sln:gmIdTeryt><sln:gmNazwa>Kiwity</sln:gmNazwa><sln:miejscIIPId>517853e5-c9f5-41c5-bf04-179f1c10d6e4</sln:miejscIIPId><sln:miejscIIPPn>PL.PZGIK.200</sln:miejscIIPPn><sln:miejscIIPWersja>2016-11-24T10:33:16+02:00</sln:miejscIIPWersja><sln:miejscIdTeryt>0478240</sln:miejscIdTeryt><sln:miejscNazwa>Połapin</sln:miejscNazwa><sln:miejscRodzaj>Wieś</sln:miejscRodzaj><sln:powIIPId>ae7980f6-4c68-43f8-bd98-9a635a836d03</sln:powIIPId><sln:powIIPPn>PL.PZGIK.200</sln:powIIPPn><sln:powIIPWersja>2012-09-27T10:00:59+02:00</sln:powIIPWersja><sln:powIdTeryt>2809</sln:powIdTeryt><sln:powNazwa>lidzbarski</sln:powNazwa><sln:waznyOd>2015-07-14T00:00:00+02:00</sln:waznyOd><sln:wojIIPId>45e7cfc6-6d8b-42ff-acbd-ef1d0a53dacb</sln:wojIIPId><sln:wojIIPPn>PL.PZGIK.200</sln:wojIIPPn><sln:wojIIPWersja>2012-09-27T13:45:13+02:00</sln:wojIIPWersja><sln:wojIdTeryt>28</sln:wojIdTeryt><sln:wojNazwa>warmińsko-mazurskie</sln:wojNazwa></sln:miejscowosc><sln:miejscowosc><sln:cyklZyciaDo>2017-04-07T00:00:00+02:00</sln:cyklZyciaDo><sln:cyklZyciaOd>2015-10-05T00:00:00+02:00</sln:cyklZyciaOd><sln:gmIIPId>ff347bb5-e337-48a7-9402-a761ba4a6159</sln:gmIIPId><sln:gmIIPPn>PL.PZGIK.200</sln:gmIIPPn><sln:gmIIPWersja>2012-09-26T22:21:07+02:00</sln:gmIIPWersja><sln:gmIdTeryt>2809022</sln:gmIdTeryt><sln:gmNazwa>Kiwity</sln:gmNazwa><sln:miejscIIPId>a50bce2a-410a-4ed2-9a16-9852d64b06d7</sln:miejscIIPId><sln:miejscIIPPn>PL.PZGIK.200</sln:miejscIIPPn><sln:miejscIIPWersja>2016-11-24T10:33:16+02:00</sln:miejscIIPWersja><sln:miejscIdTeryt>0478256</sln:miejscIdTeryt><sln:miejscNazwa>Rokitnik</sln:miejscNazwa><sln:miejscRodzaj>Wieś</sln:miejscRodzaj><sln:powIIPId>ae7980f6-4c68-43f8-bd98-9a635a836d03</sln:powIIPId><sln:powIIPPn>PL.PZGIK.200</sln:powIIPPn><sln:powIIPWersja>2012-09-27T10:00:59+02:00</sln:powIIPWersja><sln:powIdTeryt>2809</sln:powIdTeryt><sln:powNazwa>lidzbarski</sln:powNazwa><sln:waznyOd>2015-07-14T00:00:00+02:00</sln:waznyOd><sln:wojIIPId>45e7cfc6-6d8b-42ff-acbd-ef1d0a53dacb</sln:wojIIPId><sln:wojIIPPn>PL.PZGIK.200</sln:wojIIPPn><sln:wojIIPWersja>2012-09-27T13:45:13+02:00</sln:wojIIPWersja><sln:wojIdTeryt>28</sln:wojIdTeryt><sln:wojNazwa>warmińsko-mazurskie</sln:wojNazwa></sln:miejscowosc><sln:miejscowosc><sln:cyklZyciaDo>2017-04-07T00:00:00+02:00</sln:cyklZyciaDo><sln:cyklZyciaOd>2015-10-05T00:00:00+02:00</sln:cyklZyciaOd><sln:gmIIPId>ff347bb5-e337-48a7-9402-a761ba4a6159</sln:gmIIPId><sln:gmIIPPn>PL.PZGIK.200</sln:gmIIPPn><sln:gmIIPWersja>2012-09-26T22:21:07+02:00</sln:gmIIPWersja><sln:gmIdTeryt>2809022</sln:gmIdTeryt><sln:gmNazwa>Kiwity</sln:gmNazwa><sln:miejscIIPId>f65db91f-be7a-4ebf-bd18-44116d52d4db</sln:miejscIIPId><sln:miejscIIPPn>PL.PZGIK.200</sln:miejscIIPPn><sln:miejscIIPWersja>2016-11-24T10:33:16+02:00</sln:miejscIIPWersja><sln:miejscIdTeryt>0478279</sln:miejscIdTeryt><sln:miejscNazwa>Samolubie</sln:miejscNazwa><sln:miejscRodzaj>Wieś</sln:miejscRodzaj><sln:powIIPId>ae7980f6-4c68-43f8-bd98-9a635a836d03</sln:powIIPId><sln:powIIPPn>PL.PZGIK.200</sln:powIIPPn><sln:powIIPWersja>2012-09-27T10:00:59+02:00</sln:powIIPWersja><sln:powIdTeryt>2809</sln:powIdTeryt><sln:powNazwa>lidzbarski</sln:powNazwa><sln:waznyOd>2015-07-14T00:00:00+02:00</sln:waznyOd><sln:wojIIPId>45e7cfc6-6d8b-42ff-acbd-ef1d0a53dacb</sln:wojIIPId><sln:wojIIPPn>PL.PZGIK.200</sln:wojIIPPn><sln:wojIIPWersja>2012-09-27T13:45:13+02:00</sln:wojIIPWersja><sln:wojIdTeryt>28</sln:wojIdTeryt><sln:wojNazwa>warmińsko-mazurskie</sln:wojNazwa></sln:miejscowosc><sln:miejscowosc><sln:cyklZyciaDo>2017-04-07T00:00:00+02:00</sln:cyklZyciaDo><sln:cyklZyciaOd>2015-10-05T00:00:00+02:00</sln:cyklZyciaOd><sln:gmIIPId>ff347bb5-e337-48a7-9402-a761ba4a6159</sln:gmIIPId><sln:gmIIPPn>PL.PZGIK.200</sln:gmIIPPn><sln:gmIIPWersja>2012-09-26T22:21:07+02:00</sln:gmIIPWersja><sln:gmIdTeryt>2809022</sln:gmIdTeryt><sln:gmNazwa>Kiwity</sln:gmNazwa><sln:miejscIIPId>53fc1b52-7dfe-401c-b2f2-92f6a0874f4f</sln:miejscIIPId><sln:miejscIIPPn>PL.PZGIK.200</sln:miejscIIPPn><sln:miejscIIPWersja>2016-11-24T10:33:16+02:00</sln:miejscIIPWersja><sln:miejscIdTeryt>0478285</sln:miejscIdTeryt><sln:miejscNazwa>Stoczek</sln:miejscNazwa><sln:miejscRodzaj>Wieś</sln:miejscRodzaj><sln:powIIPId>ae7980f6-4c68-43f8-bd98-9a635a836d03</sln:powIIPId><sln:powIIPPn>PL.PZGIK.200</sln:powIIPPn><sln:powIIPWersja>2012-09-27T10:00:59+02:00</sln:powIIPWersja><sln:powIdTeryt>2809</sln:powIdTeryt><sln:powNazwa>lidzbarski</sln:powNazwa><sln:waznyOd>2015-07-14T00:00:00+02:00</sln:waznyOd><sln:wojIIPId>45e7cfc6-6d8b-42ff-acbd-ef1d0a53dacb</sln:wojIIPId><sln:wojIIPPn>PL.PZGIK.200</sln:wojIIPPn><sln:wojIIPWersja>2012-09-27T13:45:13+02:00</sln:wojIIPWersja><sln:wojIdTeryt>28</sln:wojIdTeryt><sln:wojNazwa>warmińsko-mazurskie</sln:wojNazwa></sln:miejscowosc><sln:miejscowosc><sln:cyklZyciaDo>2017-04-07T00:00:00+02:00</sln:cyklZyciaDo><sln:cyklZyciaOd>2015-10-05T00:00:00+02:00</sln:cyklZyciaOd><sln:gmIIPId>ff347bb5-e337-48a7-9402-a761ba4a6159</sln:gmIIPId><sln:gmIIPPn>PL.PZGIK.200</sln:gmIIPPn><sln:gmIIPWersja>2012-09-26T22:21:07+02:00</sln:gmIIPWersja><sln:gmIdTeryt>2809022</sln:gmIdTeryt><sln:gmNazwa>Kiwity</sln:gmNazwa><sln:miejscIIPId>4c98378d-2205-4b43-a2e2-bff7d7c740f9</sln:miejscIIPId><sln:miejscIIPPn>PL.PZGIK.200</sln:miejscIIPPn><sln:miejscIIPWersja>2016-11-24T10:33:16+02:00</sln:miejscIIPWersja><sln:miejscIdTeryt>0478300</sln:miejscIdTeryt><sln:miejscNazwa>Tolniki Wielkie</sln:miejscNazwa><sln:miejscRodzaj>Wieś</sln:miejscRodzaj><sln:powIIPId>ae7980f6-4c68-43f8-bd98-9a635a836d03</sln:powIIPId><sln:powIIPPn>PL.PZGIK.200</sln:powIIPPn><sln:powIIPWersja>2012-09-27T10:00:59+02:00</sln:powIIPWersja><sln:powIdTeryt>2809</sln:powIdTeryt><sln:powNazwa>lidzbarski</sln:powNazwa><sln:waznyOd>2015-07-14T00:00:00+02:00</sln:waznyOd><sln:wojIIPId>45e7cfc6-6d8b-42ff-acbd-ef1d0a53dacb</sln:wojIIPId><sln:wojIIPPn>PL.PZGIK.200</sln:wojIIPPn><sln:wojIIPWersja>2012-09-27T13:45:13+02:00</sln:wojIIPWersja><sln:wojIdTeryt>28</sln:wojIdTeryt><sln:wojNazwa>warmińsko-mazurskie</sln:wojNazwa></sln:miejscowosc><sln:miejscowosc><sln:cyklZyciaDo>2017-04-07T00:00:00+02:00</sln:cyklZyciaDo><sln:cyklZyciaOd>2015-10-05T00:00:00+02:00</sln:cyklZyciaOd><sln:gmIIPId>ff347bb5-e337-48a7-9402-a761ba4a6159</sln:gmIIPId><sln:gmIIPPn>PL.PZGIK.200</sln:gmIIPPn><sln:gmIIPWersja>2012-09-26T22:21:07+02:00</sln:gmIIPWersja><sln:gmIdTeryt>2809022</sln:gmIdTeryt><sln:gmNazwa>Kiwity</sln:gmNazwa><sln:miejscIIPId>db6fd0d1-f905-4e11-833f-7ea024f1606d</sln:miejscIIPId><sln:miejscIIPPn>PL.PZGIK.200</sln:miejscIIPPn><sln:miejscIIPWersja>2016-11-24T10:33:16+02:00</sln:miejscIIPWersja><sln:miejscIdTeryt>0478316</sln:miejscIdTeryt><sln:miejscNazwa>Żegoty</sln:miejscNazwa><sln:miejscRodzaj>Wieś</sln:miejscRodzaj><sln:powIIPId>ae7980f6-4c68-43f8-bd98-9a635a836d03</sln:powIIPId><sln:powIIPPn>PL.PZGIK.200</sln:powIIPPn><sln:powIIPWersja>2012-09-27T10:00:59+02:00</sln:powIIPWersja><sln:powIdTeryt>2809</sln:powIdTeryt><sln:powNazwa>lidzbarski</sln:powNazwa><sln:waznyOd>2015-07-14T00:00:00+02:00</sln:waznyOd><sln:wojIIPId>45e7cfc6-6d8b-42ff-acbd-ef1d0a53dacb</sln:wojIIPId><sln:wojIIPPn>PL.PZGIK.200</sln:wojIIPPn><sln:wojIIPWersja>2012-09-27T13:45:13+02:00</sln:wojIIPWersja><sln:wojIdTeryt>28</sln:wojIdTeryt><sln:wojNazwa>warmińsko-mazurskie</sln:wojNazwa></sln:miejscowosc><sln:miejscowosc><sln:cyklZyciaOd>2017-04-07T00:00:00+02:00</sln:cyklZyciaOd><sln:gmIIPId>ff347bb5-e337-48a7-9402-a761ba4a6159</sln:gmIIPId><sln:gmIIPPn>PL.PZGIK.200</sln:gmIIPPn><sln:gmIIPWersja>2012-09-26T22:21:07+02:00</sln:gmIIPWersja><sln:gmIdTeryt>2809022</sln:gmIdTeryt><sln:gmNazwa>Kiwity</sln:gmNazwa><sln:miejscIIPId>ef3c0cd3-ac06-4457-904c-a225413cb177</sln:miejscIIPId><sln:miejscIIPPn>PL.PZGIK.200</sln:miejscIIPPn><sln:miejscIIPWersja>2017-04-07T09:56:47+02:00</sln:miejscIIPWersja><sln:miejscIdTeryt>0478084</sln:miejscIdTeryt><sln:miejscNazwa>Bartniki</sln:miejscNazwa><sln:miejscRodzaj>Wieś</sln:miejscRodzaj><sln:powIIPId>ae7980f6-4c68-43f8-bd98-9a635a836d03</sln:powIIPId><sln:powIIPPn>PL.PZGIK.200</sln:powIIPPn><sln:powIIPWersja>2012-09-27T10:00:59+02:00</sln:powIIPWersja><sln:powIdTeryt>2809</sln:powIdTeryt><sln:powNazwa>lidzbarski</sln:powNazwa><sln:waznyOd>2015-07-14T00:00:00+02:00</sln:waznyOd><sln:wojIIPId>45e7cfc6-6d8b-42ff-acbd-ef1d0a53dacb</sln:wojIIPId><sln:wojIIPPn>PL.PZGIK.200</sln:wojIIPPn><sln:wojIIPWersja>2012-09-27T13:45:13+02:00</sln:wojIIPWersja><sln:wojIdTeryt>28</sln:wojIdTeryt><sln:wojNazwa>warmińsko-mazurskie</sln:wojNazwa></sln:miejscowosc><sln:miejscowosc><sln:cyklZyciaOd>2017-04-07T00:00:00+02:00</sln:cyklZyciaOd><sln:gmIIPId>ff347bb5-e337-48a7-9402-a761ba4a6159</sln:gmIIPId><sln:gmIIPPn>PL.PZGIK.200</sln:gmIIPPn><sln:gmIIPWersja>2012-09-26T22:21:07+02:00</sln:gmIIPWersja><sln:gmIdTeryt>2809022</sln:gmIdTeryt><sln:gmNazwa>Kiwity</sln:gmNazwa><sln:miejscIIPId>29136cf1-3ff6-4857-b1d5-e2bed791807a</sln:miejscIIPId><sln:miejscIIPPn>PL.PZGIK.200</sln:miejscIIPPn><sln:miejscIIPWersja>2017-04-07T09:56:53+02:00</sln:miejscIIPWersja><sln:miejscIdTeryt>0478090</sln:miejscIdTeryt><sln:miejscNazwa>Czarny Kierz</sln:miejscNazwa><sln:miejscRodzaj>Wieś</sln:miejscRodzaj><sln:powIIPId>ae7980f6-4c68-43f8-bd98-9a635a836d03</sln:powIIPId><sln:powIIPPn>PL.PZGIK.200</sln:powIIPPn><sln:powIIPWersja>2012-09-27T10:00:59+02:00</sln:powIIPWersja><sln:powIdTeryt>2809</sln:powIdTeryt><sln:powNazwa>lidzbarski</sln:powNazwa><sln:waznyOd>2015-07-14T00:00:00+02:00</sln:waznyOd><sln:wojIIPId>45e7cfc6-6d8b-42ff-acbd-ef1d0a53dacb</sln:wojIIPId><sln:wojIIPPn>PL.PZGIK.200</sln:wojIIPPn><sln:wojIIPWersja>2012-09-27T13:45:13+02:00</sln:wojIIPWersja><sln:wojIdTeryt>28</sln:wojIdTeryt><sln:wojNazwa>warmińsko-mazurskie</sln:wojNazwa></sln:miejscowosc><sln:miejscowosc><sln:cyklZyciaOd>2017-04-07T00:00:00+02:00</sln:cyklZyciaOd><sln:gmIIPId>ff347bb5-e337-48a7-9402-a761ba4a6159</sln:gmIIPId><sln:gmIIPPn>PL.PZGIK.200</sln:gmIIPPn><sln:gmIIPWersja>2012-09-26T22:21:07+02:00</sln:gmIIPWersja><sln:gmIdTeryt>2809022</sln:gmIdTeryt><sln:gmNazwa>Kiwity</sln:gmNazwa><sln:miejscIIPId>828ce70d-5267-4d54-982f-a12bdc639538</sln:miejscIIPId><sln:miejscIIPPn>PL.PZGIK.200</sln:miejscIIPPn><sln:miejscIIPWersja>2017-04-07T09:56:53+02:00</sln:miejscIIPWersja><sln:miejscIdTeryt>0478109</sln:miejscIdTeryt><sln:miejscNazwa>Kiersnowo</sln:miejscNazwa><sln:miejscRodzaj>Wieś</sln:miejscRodzaj><sln:powIIPId>ae7980f6-4c68-43f8-bd98-9a635a836d03</sln:powIIPId><sln:powIIPPn>PL.PZGIK.200</sln:powIIPPn><sln:powIIPWersja>2012-09-27T10:00:59+02:00</sln:powIIPWersja><sln:powIdTeryt>2809</sln:powIdTeryt><sln:powNazwa>lidzbarski</sln:powNazwa><sln:waznyOd>2015-07-14T00:00:00+02:00</sln:waznyOd><sln:wojIIPId>45e7cfc6-6d8b-42ff-acbd-ef1d0a53dacb</sln:wojIIPId><sln:wojIIPPn>PL.PZGIK.200</sln:wojIIPPn><sln:wojIIPWersja>2012-09-27T13:45:13+02:00</sln:wojIIPWersja><sln:wojIdTeryt>28</sln:wojIdTeryt><sln:wojNazwa>warmińsko-mazurskie</sln:wojNazwa></sln:miejscowosc><sln:miejscowosc><sln:cyklZyciaOd>2017-04-07T00:00:00+02:00</sln:cyklZyciaOd><sln:gmIIPId>ff347bb5-e337-48a7-9402-a761ba4a6159</sln:gmIIPId><sln:gmIIPPn>PL.PZGIK.200</sln:gmIIPPn><sln:gmIIPWersja>2012-09-26T22:21:07+02:00</sln:gmIIPWersja><sln:gmIdTeryt>2809022</sln:gmIdTeryt><sln:gmNazwa>Kiwity</sln:gmNazwa><sln:miejscIIPId>6bc730ac-ac31-420b-a69b-800239623b60</sln:miejscIIPId><sln:miejscIIPPn>PL.PZGIK.200</sln:miejscIIPPn><sln:miejscIIPWersja>2017-04-07T09:56:53+02:00</sln:miejscIIPWersja><sln:miejscIdTeryt>0478121</sln:miejscIdTeryt><sln:miejscNazwa>Kierwiny</sln:miejscNazwa><sln:miejscRodzaj>Wieś</sln:miejscRodzaj><sln:powIIPId>ae7980f6-4c68-43f8-bd98-9a635a836d03</sln:powIIPId><sln:powIIPPn>PL.PZGIK.200</sln:powIIPPn><sln:powIIPWersja>2012-09-27T10:00:59+02:00</sln:powIIPWersja><sln:powIdTeryt>2809</sln:powIdTeryt><sln:powNazwa>lidzbarski</sln:powNazwa><sln:waznyOd>2015-07-14T00:00:00+02:00</sln:waznyOd><sln:wojIIPId>45e7cfc6-6d8b-42ff-acbd-ef1d0a53dacb</sln:wojIIPId><sln:wojIIPPn>PL.PZGIK.200</sln:wojIIPPn><sln:wojIIPWersja>2012-09-27T13:45:13+02:00</sln:wojIIPWersja><sln:wojIdTeryt>28</sln:wojIdTeryt><sln:wojNazwa>warmińsko-mazurskie</sln:wojNazwa></sln:miejscowosc><sln:miejscowosc><sln:cyklZyciaOd>2017-04-07T00:00:00+02:00</sln:cyklZyciaOd><sln:gmIIPId>ff347bb5-e337-48a7-9402-a761ba4a6159</sln:gmIIPId><sln:gmIIPPn>PL.PZGIK.200</sln:gmIIPPn><sln:gmIIPWersja>2012-09-26T22:21:07+02:00</sln:gmIIPWersja><sln:gmIdTeryt>2809022</sln:gmIdTeryt><sln:gmNazwa>Kiwity</sln:gmNazwa><sln:miejscIIPId>7b3d82a0-e6aa-43f3-96ab-7100ebbd2235</sln:miejscIIPId><sln:miejscIIPPn>PL.PZGIK.200</sln:miejscIIPPn><sln:miejscIIPWersja>2017-04-07T09:56:53+02:00</sln:miejscIIPWersja><sln:miejscIdTeryt>0478144</sln:miejscIdTeryt><sln:miejscNazwa>Kiwity</sln:miejscNazwa><sln:miejscRodzaj>Wieś</sln:miejscRodzaj><sln:powIIPId>ae7980f6-4c68-43f8-bd98-9a635a836d03</sln:powIIPId><sln:powIIPPn>PL.PZGIK.200</sln:powIIPPn><sln:powIIPWersja>2012-09-27T10:00:59+02:00</sln:powIIPWersja><sln:powIdTeryt>2809</sln:powIdTeryt><sln:powNazwa>lidzbarski</sln:powNazwa><sln:waznyOd>2015-07-14T00:00:00+02:00</sln:waznyOd><sln:wojIIPId>45e7cfc6-6d8b-42ff-acbd-ef1d0a53dacb</sln:wojIIPId><sln:wojIIPPn>PL.PZGIK.200</sln:wojIIPPn><sln:wojIIPWersja>2012-09-27T13:45:13+02:00</sln:wojIIPWersja><sln:wojIdTeryt>28</sln:wojIdTeryt><sln:wojNazwa>warmińsko-mazurskie</sln:wojNazwa></sln:miejscowosc><sln:miejscowosc><sln:cyklZyciaOd>2017-04-07T00:00:00+02:00</sln:cyklZyciaOd><sln:gmIIPId>ff347bb5-e337-48a7-9402-a761ba4a6159</sln:gmIIPId><sln:gmIIPPn>PL.PZGIK.200</sln:gmIIPPn><sln:gmIIPWersja>2012-09-26T22:21:07+02:00</sln:gmIIPWersja><sln:gmIdTeryt>2809022</sln:gmIdTeryt><sln:gmNazwa>Kiwity</sln:gmNazwa><sln:miejscIIPId>fa437087-a14a-4854-a7b7-6b2567f52a3f</sln:miejscIIPId><sln:miejscIIPPn>PL.PZGIK.200</sln:miejscIIPPn><sln:miejscIIPWersja>2017-04-07T09:56:54+02:00</sln:miejscIIPWersja><sln:miejscIdTeryt>0478150</sln:miejscIdTeryt><sln:miejscNazwa>Klejdyty</sln:miejscNazwa><sln:miejscRodzaj>Wieś</sln:miejscRodzaj><sln:powIIPId>ae7980f6-4c68-43f8-bd98-9a635a836d03</sln:powIIPId><sln:powIIPPn>PL.PZGIK.200</sln:powIIPPn><sln:powIIPWersja>2012-09-27T10:00:59+02:00</sln:powIIPWersja><sln:powIdTeryt>2809</sln:powIdTeryt><sln:powNazwa>lidzbarski</sln:powNazwa><sln:waznyOd>2015-07-14T00:00:00+02:00</sln:waznyOd><sln:wojIIPId>45e7cfc6-6d8b-42ff-acbd-ef1d0a53dacb</sln:wojIIPId><sln:wojIIPPn>PL.PZGIK.200</sln:wojIIPPn><sln:wojIIPWersja>2012-09-27T13:45:13+02:00</sln:wojIIPWersja><sln:wojIdTeryt>28</sln:wojIdTeryt><sln:wojNazwa>warmińsko-mazurskie</sln:wojNazwa></sln:miejscowosc><sln:miejscowosc><sln:cyklZyciaOd>2017-04-07T00:00:00+02:00</sln:cyklZyciaOd><sln:gmIIPId>ff347bb5-e337-48a7-9402-a761ba4a6159</sln:gmIIPId><sln:gmIIPPn>PL.PZGIK.200</sln:gmIIPPn><sln:gmIIPWersja>2012-09-26T22:21:07+02:00</sln:gmIIPWersja><sln:gmIdTeryt>2809022</sln:gmIdTeryt><sln:gmNazwa>Kiwity</sln:gmNazwa><sln:miejscIIPId>a18579c2-8b7a-4980-9b6b-43a815401a62</sln:miejscIIPId><sln:miejscIIPPn>PL.PZGIK.200</sln:miejscIIPPn><sln:miejscIIPWersja>2017-04-07T09:56:54+02:00</sln:miejscIIPWersja><sln:miejscIdTeryt>0478167</sln:miejscIdTeryt><sln:miejscNazwa>Klutajny</sln:miejscNazwa><sln:miejscRodzaj>Wieś</sln:miejscRodzaj><sln:powIIPId>ae7980f6-4c68-43f8-bd98-9a635a836d03</sln:powIIPId><sln:powIIPPn>PL.PZGIK.200</sln:powIIPPn><sln:powIIPWersja>2012-09-27T10:00:59+02:00</sln:powIIPWersja><sln:powIdTeryt>2809</sln:powIdTeryt><sln:powNazwa>lidzbarski</sln:powNazwa><sln:waznyOd>2015-07-14T00:00:00+02:00</sln:waznyOd><sln:wojIIPId>45e7cfc6-6d8b-42ff-acbd-ef1d0a53dacb</sln:wojIIPId><sln:wojIIPPn>PL.PZGIK.200</sln:wojIIPPn><sln:wojIIPWersja>2012-09-27T13:45:13+02:00</sln:wojIIPWersja><sln:wojIdTeryt>28</sln:wojIdTeryt><sln:wojNazwa>warmińsko-mazurskie</sln:wojNazwa></sln:miejscowosc><sln:miejscowosc><sln:cyklZyciaOd>2017-04-07T00:00:00+02:00</sln:cyklZyciaOd><sln:gmIIPId>ff347bb5-e337-48a7-9402-a761ba4a6159</sln:gmIIPId><sln:gmIIPPn>PL.PZGIK.200</sln:gmIIPPn><sln:gmIIPWersja>2012-09-26T22:21:07+02:00</sln:gmIIPWersja><sln:gmIdTeryt>2809022</sln:gmIdTeryt><sln:gmNazwa>Kiwity</sln:gmNazwa><sln:miejscIIPId>c9afe748-d824-428b-bc1c-7d3792c86bd0</sln:miejscIIPId><sln:miejscIIPPn>PL.PZGIK.200</sln:miejscIIPPn><sln:miejscIIPWersja>2017-04-07T09:56:54+02:00</sln:miejscIIPWersja><sln:miejscIdTeryt>0478180</sln:miejscIdTeryt><sln:miejscNazwa>Kobiela</sln:miejscNazwa><sln:miejscRodzaj>Wieś</sln:miejscRodzaj><sln:powIIPId>ae7980f6-4c68-43f8-bd98-9a635a836d03</sln:powIIPId><sln:powIIPPn>PL.PZGIK.200</sln:powIIPPn><sln:powIIPWersja>2012-09-27T10:00:59+02:00</sln:powIIPWersja><sln:powIdTeryt>2809</sln:powIdTeryt><sln:powNazwa>lidzbarski</sln:powNazwa><sln:waznyOd>2015-07-14T00:00:00+02:00</sln:waznyOd><sln:wojIIPId>45e7cfc6-6d8b-42ff-acbd-ef1d0a53dacb</sln:wojIIPId><sln:wojIIPPn>PL.PZGIK.200</sln:wojIIPPn><sln:wojIIPWersja>2012-09-27T13:45:13+02:00</sln:wojIIPWersja><sln:wojIdTeryt>28</sln:wojIdTeryt><sln:wojNazwa>warmińsko-mazurskie</sln:wojNazwa></sln:miejscowosc><sln:miejscowosc><sln:cyklZyciaOd>2017-04-07T00:00:00+02:00</sln:cyklZyciaOd><sln:gmIIPId>ff347bb5-e337-48a7-9402-a761ba4a6159</sln:gmIIPId><sln:gmIIPPn>PL.PZGIK.200</sln:gmIIPPn><sln:gmIIPWersja>2012-09-26T22:21:07+02:00</sln:gmIIPWersja><sln:gmIdTeryt>2809022</sln:gmIdTeryt><sln:gmNazwa>Kiwity</sln:gmNazwa><sln:miejscIIPId>ef953841-51a4-438c-9734-e18074cc2474</sln:miejscIIPId><sln:miejscIIPPn>PL.PZGIK.200</sln:miejscIIPPn><sln:miejscIIPWersja>2017-04-07T09:56:54+02:00</sln:miejscIIPWersja><sln:miejscIdTeryt>0478196</sln:miejscIdTeryt><sln:miejscNazwa>Konity</sln:miejscNazwa><sln:miejscRodzaj>Wieś</sln:miejscRodzaj><sln:powIIPId>ae7980f6-4c68-43f8-bd98-9a635a836d03</sln:powIIPId><sln:powIIPPn>PL.PZGIK.200</sln:powIIPPn><sln:powIIPWersja>2012-09-27T10:00:59+02:00</sln:powIIPWersja><sln:powIdTeryt>2809</sln:powIdTeryt><sln:powNazwa>lidzbarski</sln:powNazwa><sln:waznyOd>2015-07-14T00:00:00+02:00</sln:waznyOd><sln:wojIIPId>45e7cfc6-6d8b-42ff-acbd-ef1d0a53dacb</sln:wojIIPId><sln:wojIIPPn>PL.PZGIK.200</sln:wojIIPPn><sln:wojIIPWersja>2012-09-27T13:45:13+02:00</sln:wojIIPWersja><sln:wojIdTeryt>28</sln:wojIdTeryt><sln:wojNazwa>warmińsko-mazurskie</sln:wojNazwa></sln:miejscowosc><sln:miejscowosc><sln:cyklZyciaOd>2017-04-07T00:00:00+02:00</sln:cyklZyciaOd><sln:gmIIPId>ff347bb5-e337-48a7-9402-a761ba4a6159</sln:gmIIPId><sln:gmIIPPn>PL.PZGIK.200</sln:gmIIPPn><sln:gmIIPWersja>2012-09-26T22:21:07+02:00</sln:gmIIPWersja><sln:gmIdTeryt>2809022</sln:gmIdTeryt><sln:gmNazwa>Kiwity</sln:gmNazwa><sln:miejscIIPId>a50d4201-0b5c-43fe-9ee6-5138b80bec28</sln:miejscIIPId><sln:miejscIIPPn>PL.PZGIK.200</sln:miejscIIPPn><sln:miejscIIPWersja>2017-04-07T09:56:54+02:00</sln:miejscIIPWersja><sln:miejscIdTeryt>0478204</sln:miejscIdTeryt><sln:miejscNazwa>Krekole</sln:miejscNazwa><sln:miejscRodzaj>Wieś</sln:miejscRodzaj><sln:powIIPId>ae7980f6-4c68-43f8-bd98-9a635a836d03</sln:powIIPId><sln:powIIPPn>PL.PZGIK.200</sln:powIIPPn><sln:powIIPWersja>2012-09-27T10:00:59+02:00</sln:powIIPWersja><sln:powIdTeryt>2809</sln:powIdTeryt><sln:powNazwa>lidzbarski</sln:powNazwa><sln:waznyOd>2015-07-14T00:00:00+02:00</sln:waznyOd><sln:wojIIPId>45e7cfc6-6d8b-42ff-acbd-ef1d0a53dacb</sln:wojIIPId><sln:wojIIPPn>PL.PZGIK.200</sln:wojIIPPn><sln:wojIIPWersja>2012-09-27T13:45:13+02:00</sln:wojIIPWersja><sln:wojIdTeryt>28</sln:wojIdTeryt><sln:wojNazwa>warmińsko-mazurskie</sln:wojNazwa></sln:miejscowosc><sln:miejscowosc><sln:cyklZyciaOd>2017-04-07T00:00:00+02:00</sln:cyklZyciaOd><sln:gmIIPId>ff347bb5-e337-48a7-9402-a761ba4a6159</sln:gmIIPId><sln:gmIIPPn>PL.PZGIK.200</sln:gmIIPPn><sln:gmIIPWersja>2012-09-26T22:21:07+02:00</sln:gmIIPWersja><sln:gmIdTeryt>2809022</sln:gmIdTeryt><sln:gmNazwa>Kiwity</sln:gmNazwa><sln:miejscIIPId>43321fdf-6364-4dbe-91d2-15ae4f68345f</sln:miejscIIPId><sln:miejscIIPPn>PL.PZGIK.200</sln:miejscIIPPn><sln:miejscIIPWersja>2017-04-07T09:56:54+02:00</sln:miejscIIPWersja><sln:miejscIdTeryt>0478210</sln:miejscIdTeryt><sln:miejscNazwa>Maków</sln:miejscNazwa><sln:miejscRodzaj>Osada</sln:miejscRodzaj><sln:powIIPId>ae7980f6-4c68-43f8-bd98-9a635a836d03</sln:powIIPId><sln:powIIPPn>PL.PZGIK.200</sln:powIIPPn><sln:powIIPWersja>2012-09-27T10:00:59+02:00</sln:powIIPWersja><sln:powIdTeryt>2809</sln:powIdTeryt><sln:powNazwa>lidzbarski</sln:powNazwa><sln:waznyOd>2015-07-14T00:00:00+02:00</sln:waznyOd><sln:wojIIPId>45e7cfc6-6d8b-42ff-acbd-ef1d0a53dacb</sln:wojIIPId><sln:wojIIPPn>PL.PZGIK.200</sln:wojIIPPn><sln:wojIIPWersja>2012-09-27T13:45:13+02:00</sln:wojIIPWersja><sln:wojIdTeryt>28</sln:wojIdTeryt><sln:wojNazwa>warmińsko-mazurskie</sln:wojNazwa></sln:miejscowosc><sln:miejscowosc><sln:cyklZyciaOd>2017-04-07T00:00:00+02:00</sln:cyklZyciaOd><sln:gmIIPId>ff347bb5-e337-48a7-9402-a761ba4a6159</sln:gmIIPId><sln:gmIIPPn>PL.PZGIK.200</sln:gmIIPPn><sln:gmIIPWersja>2012-09-26T22:21:07+02:00</sln:gmIIPWersja><sln:gmIdTeryt>2809022</sln:gmIdTeryt><sln:gmNazwa>Kiwity</sln:gmNazwa><sln:miejscIIPId>c021d309-9370-44c4-9515-26d920140287</sln:miejscIIPId><sln:miejscIIPPn>PL.PZGIK.200</sln:miejscIIPPn><sln:miejscIIPWersja>2017-04-07T09:56:54+02:00</sln:miejscIIPWersja><sln:miejscIdTeryt>0478227</sln:miejscIdTeryt><sln:miejscNazwa>Napraty</sln:miejscNazwa><sln:miejscRodzaj>Wieś</sln:miejscRodzaj><sln:powIIPId>ae7980f6-4c68-43f8-bd98-9a635a836d03</sln:powIIPId><sln:powIIPPn>PL.PZGIK.200</sln:powIIPPn><sln:powIIPWersja>2012-09-27T10:00:59+02:00</sln:powIIPWersja><sln:powIdTeryt>2809</sln:powIdTeryt><sln:powNazwa>lidzbarski</sln:powNazwa><sln:waznyOd>2015-07-14T00:00:00+02:00</sln:waznyOd><sln:wojIIPId>45e7cfc6-6d8b-42ff-acbd-ef1d0a53dacb</sln:wojIIPId><sln:wojIIPPn>PL.PZGIK.200</sln:wojIIPPn><sln:wojIIPWersja>2012-09-27T13:45:13+02:00</sln:wojIIPWersja><sln:wojIdTeryt>28</sln:wojIdTeryt><sln:wojNazwa>warmińsko-mazurskie</sln:wojNazwa></sln:miejscowosc><sln:miejscowosc><sln:cyklZyciaOd>2017-04-07T00:00:00+02:00</sln:cyklZyciaOd><sln:gmIIPId>ff347bb5-e337-48a7-9402-a761ba4a6159</sln:gmIIPId><sln:gmIIPPn>PL.PZGIK.200</sln:gmIIPPn><sln:gmIIPWersja>2012-09-26T22:21:07+02:00</sln:gmIIPWersja><sln:gmIdTeryt>2809022</sln:gmIdTeryt><sln:gmNazwa>Kiwity</sln:gmNazwa><sln:miejscIIPId>d0c281f5-41a2-4963-8712-7dcf154f3417</sln:miejscIIPId><sln:miejscIIPPn>PL.PZGIK.200</sln:miejscIIPPn><sln:miejscIIPWersja>2017-04-07T09:56:54+02:00</sln:miejscIIPWersja><sln:miejscIdTeryt>0478233</sln:miejscIdTeryt><sln:miejscNazwa>Napratki</sln:miejscNazwa><sln:miejscRodzaj>Inny obiekt</sln:miejscRodzaj><sln:powIIPId>ae7980f6-4c68-43f8-bd98-9a635a836d03</sln:powIIPId><sln:powIIPPn>PL.PZGIK.200</sln:powIIPPn><sln:powIIPWersja>2012-09-27T10:00:59+02:00</sln:powIIPWersja><sln:powIdTeryt>2809</sln:powIdTeryt><sln:powNazwa>lidzbarski</sln:powNazwa><sln:waznyOd>2016-07-22T00:00:00+02:00</sln:waznyOd><sln:wojIIPId>45e7cfc6-6d8b-42ff-acbd-ef1d0a53dacb</sln:wojIIPId><sln:wojIIPPn>PL.PZGIK.200</sln:wojIIPPn><sln:wojIIPWersja>2012-09-27T13:45:13+02:00</sln:wojIIPWersja><sln:wojIdTeryt>28</sln:wojIdTeryt><sln:wojNazwa>warmińsko-mazurskie</sln:wojNazwa></sln:miejscowosc><sln:miejscowosc><sln:cyklZyciaOd>2017-04-07T00:00:00+02:00</sln:cyklZyciaOd><sln:gmIIPId>ff347bb5-e337-48a7-9402-a761ba4a6159</sln:gmIIPId><sln:gmIIPPn>PL.PZGIK.200</sln:gmIIPPn><sln:gmIIPWersja>2012-09-26T22:21:07+02:00</sln:gmIIPWersja><sln:gmIdTeryt>2809022</sln:gmIdTeryt><sln:gmNazwa>Kiwity</sln:gmNazwa><sln:miejscIIPId>517853e5-c9f5-41c5-bf04-179f1c10d6e4</sln:miejscIIPId><sln:miejscIIPPn>PL.PZGIK.200</sln:miejscIIPPn><sln:miejscIIPWersja>2017-04-07T09:56:54+02:00</sln:miejscIIPWersja><sln:miejscIdTeryt>0478240</sln:miejscIdTeryt><sln:miejscNazwa>Połapin</sln:miejscNazwa><sln:miejscRodzaj>Wieś</sln:miejscRodzaj><sln:powIIPId>ae7980f6-4c68-43f8-bd98-9a635a836d03</sln:powIIPId><sln:powIIPPn>PL.PZGIK.200</sln:powIIPPn><sln:powIIPWersja>2012-09-27T10:00:59+02:00</sln:powIIPWersja><sln:powIdTeryt>2809</sln:powIdTeryt><sln:powNazwa>lidzbarski</sln:powNazwa><sln:waznyOd>2015-07-14T00:00:00+02:00</sln:waznyOd><sln:wojIIPId>45e7cfc6-6d8b-42ff-acbd-ef1d0a53dacb</sln:wojIIPId><sln:wojIIPPn>PL.PZGIK.200</sln:wojIIPPn><sln:wojIIPWersja>2012-09-27T13:45:13+02:00</sln:wojIIPWersja><sln:wojIdTeryt>28</sln:wojIdTeryt><sln:wojNazwa>warmińsko-mazurskie</sln:wojNazwa></sln:miejscowosc><sln:miejscowosc><sln:cyklZyciaOd>2017-04-07T00:00:00+02:00</sln:cyklZyciaOd><sln:gmIIPId>ff347bb5-e337-48a7-9402-a761ba4a6159</sln:gmIIPId><sln:gmIIPPn>PL.PZGIK.200</sln:gmIIPPn><sln:gmIIPWersja>2012-09-26T22:21:07+02:00</sln:gmIIPWersja><sln:gmIdTeryt>2809022</sln:gmIdTeryt><sln:gmNazwa>Kiwity</sln:gmNazwa><sln:miejscIIPId>a50bce2a-410a-4ed2-9a16-9852d64b06d7</sln:miejscIIPId><sln:miejscIIPPn>PL.PZGIK.200</sln:miejscIIPPn><sln:miejscIIPWersja>2017-04-07T09:56:54+02:00</sln:miejscIIPWersja><sln:miejscIdTeryt>0478256</sln:miejscIdTeryt><sln:miejscNazwa>Rokitnik</sln:miejscNazwa><sln:miejscRodzaj>Wieś</sln:miejscRodzaj><sln:powIIPId>ae7980f6-4c68-43f8-bd98-9a635a836d03</sln:powIIPId><sln:powIIPPn>PL.PZGIK.200</sln:powIIPPn><sln:powIIPWersja>2012-09-27T10:00:59+02:00</sln:powIIPWersja><sln:powIdTeryt>2809</sln:powIdTeryt><sln:powNazwa>lidzbarski</sln:powNazwa><sln:waznyOd>2015-07-14T00:00:00+02:00</sln:waznyOd><sln:wojIIPId>45e7cfc6-6d8b-42ff-acbd-ef1d0a53dacb</sln:wojIIPId><sln:wojIIPPn>PL.PZGIK.200</sln:wojIIPPn><sln:wojIIPWersja>2012-09-27T13:45:13+02:00</sln:wojIIPWersja><sln:wojIdTeryt>28</sln:wojIdTeryt><sln:wojNazwa>warmińsko-mazurskie</sln:wojNazwa></sln:miejscowosc><sln:miejscowosc><sln:cyklZyciaOd>2017-04-07T00:00:00+02:00</sln:cyklZyciaOd><sln:gmIIPId>ff347bb5-e337-48a7-9402-a761ba4a6159</sln:gmIIPId><sln:gmIIPPn>PL.PZGIK.200</sln:gmIIPPn><sln:gmIIPWersja>2012-09-26T22:21:07+02:00</sln:gmIIPWersja><sln:gmIdTeryt>2809022</sln:gmIdTeryt><sln:gmNazwa>Kiwity</sln:gmNazwa><sln:miejscIIPId>f65db91f-be7a-4ebf-bd18-44116d52d4db</sln:miejscIIPId><sln:miejscIIPPn>PL.PZGIK.200</sln:miejscIIPPn><sln:miejscIIPWersja>2017-04-07T09:56:54+02:00</sln:miejscIIPWersja><sln:miejscIdTeryt>0478279</sln:miejscIdTeryt><sln:miejscNazwa>Samolubie</sln:miejscNazwa><sln:miejscRodzaj>Wieś</sln:miejscRodzaj><sln:powIIPId>ae7980f6-4c68-43f8-bd98-9a635a836d03</sln:powIIPId><sln:powIIPPn>PL.PZGIK.200</sln:powIIPPn><sln:powIIPWersja>2012-09-27T10:00:59+02:00</sln:powIIPWersja><sln:powIdTeryt>2809</sln:powIdTeryt><sln:powNazwa>lidzbarski</sln:powNazwa><sln:waznyOd>2015-07-14T00:00:00+02:00</sln:waznyOd><sln:wojIIPId>45e7cfc6-6d8b-42ff-acbd-ef1d0a53dacb</sln:wojIIPId><sln:wojIIPPn>PL.PZGIK.200</sln:wojIIPPn><sln:wojIIPWersja>2012-09-27T13:45:13+02:00</sln:wojIIPWersja><sln:wojIdTeryt>28</sln:wojIdTeryt><sln:wojNazwa>warmińsko-mazurskie</sln:wojNazwa></sln:miejscowosc><sln:miejscowosc><sln:cyklZyciaOd>2017-04-07T00:00:00+02:00</sln:cyklZyciaOd><sln:gmIIPId>ff347bb5-e337-48a7-9402-a761ba4a6159</sln:gmIIPId><sln:gmIIPPn>PL.PZGIK.200</sln:gmIIPPn><sln:gmIIPWersja>2012-09-26T22:21:07+02:00</sln:gmIIPWersja><sln:gmIdTeryt>2809022</sln:gmIdTeryt><sln:gmNazwa>Kiwity</sln:gmNazwa><sln:miejscIIPId>53fc1b52-7dfe-401c-b2f2-92f6a0874f4f</sln:miejscIIPId><sln:miejscIIPPn>PL.PZGIK.200</sln:miejscIIPPn><sln:miejscIIPWersja>2017-04-07T09:56:54+02:00</sln:miejscIIPWersja><sln:miejscIdTeryt>0478285</sln:miejscIdTeryt><sln:miejscNazwa>Stoczek</sln:miejscNazwa><sln:miejscRodzaj>Wieś</sln:miejscRodzaj><sln:powIIPId>ae7980f6-4c68-43f8-bd98-9a635a836d03</sln:powIIPId><sln:powIIPPn>PL.PZGIK.200</sln:powIIPPn><sln:powIIPWersja>2012-09-27T10:00:59+02:00</sln:powIIPWersja><sln:powIdTeryt>2809</sln:powIdTeryt><sln:powNazwa>lidzbarski</sln:powNazwa><sln:waznyOd>2015-07-14T00:00:00+02:00</sln:waznyOd><sln:wojIIPId>45e7cfc6-6d8b-42ff-acbd-ef1d0a53dacb</sln:wojIIPId><sln:wojIIPPn>PL.PZGIK.200</sln:wojIIPPn><sln:wojIIPWersja>2012-09-27T13:45:13+02:00</sln:wojIIPWersja><sln:wojIdTeryt>28</sln:wojIdTeryt><sln:wojNazwa>warmińsko-mazurskie</sln:wojNazwa></sln:miejscowosc><sln:miejscowosc><sln:cyklZyciaOd>2017-04-07T00:00:00+02:00</sln:cyklZyciaOd><sln:gmIIPId>ff347bb5-e337-48a7-9402-a761ba4a6159</sln:gmIIPId><sln:gmIIPPn>PL.PZGIK.200</sln:gmIIPPn><sln:gmIIPWersja>2012-09-26T22:21:07+02:00</sln:gmIIPWersja><sln:gmIdTeryt>2809022</sln:gmIdTeryt><sln:gmNazwa>Kiwity</sln:gmNazwa><sln:miejscIIPId>4c98378d-2205-4b43-a2e2-bff7d7c740f9</sln:miejscIIPId><sln:miejscIIPPn>PL.PZGIK.200</sln:miejscIIPPn><sln:miejscIIPWersja>2017-04-07T09:56:54+02:00</sln:miejscIIPWersja><sln:miejscIdTeryt>0478300</sln:miejscIdTeryt><sln:miejscNazwa>Tolniki Wielkie</sln:miejscNazwa><sln:miejscRodzaj>Wieś</sln:miejscRodzaj><sln:powIIPId>ae7980f6-4c68-43f8-bd98-9a635a836d03</sln:powIIPId><sln:powIIPPn>PL.PZGIK.200</sln:powIIPPn><sln:powIIPWersja>2012-09-27T10:00:59+02:00</sln:powIIPWersja><sln:powIdTeryt>2809</sln:powIdTeryt><sln:powNazwa>lidzbarski</sln:powNazwa><sln:waznyOd>2015-07-14T00:00:00+02:00</sln:waznyOd><sln:wojIIPId>45e7cfc6-6d8b-42ff-acbd-ef1d0a53dacb</sln:wojIIPId><sln:wojIIPPn>PL.PZGIK.200</sln:wojIIPPn><sln:wojIIPWersja>2012-09-27T13:45:13+02:00</sln:wojIIPWersja><sln:wojIdTeryt>28</sln:wojIdTeryt><sln:wojNazwa>warmińsko-mazurskie</sln:wojNazwa></sln:miejscowosc><sln:miejscowosc><sln:cyklZyciaOd>2017-04-07T00:00:00+02:00</sln:cyklZyciaOd><sln:gmIIPId>ff347bb5-e337-48a7-9402-a761ba4a6159</sln:gmIIPId><sln:gmIIPPn>PL.PZGIK.200</sln:gmIIPPn><sln:gmIIPWersja>2012-09-26T22:21:07+02:00</sln:gmIIPWersja><sln:gmIdTeryt>2809022</sln:gmIdTeryt><sln:gmNazwa>Kiwity</sln:gmNazwa><sln:miejscIIPId>db6fd0d1-f905-4e11-833f-7ea024f1606d</sln:miejscIIPId><sln:miejscIIPPn>PL.PZGIK.200</sln:miejscIIPPn><sln:miejscIIPWersja>2017-04-07T09:56:54+02:00</sln:miejscIIPWersja><sln:miejscIdTeryt>0478316</sln:miejscIdTeryt><sln:miejscNazwa>Żegoty</sln:miejscNazwa><sln:miejscRodzaj>Wieś</sln:miejscRodzaj><sln:powIIPId>ae7980f6-4c68-43f8-bd98-9a635a836d03</sln:powIIPId><sln:powIIPPn>PL.PZGIK.200</sln:powIIPPn><sln:powIIPWersja>2012-09-27T10:00:59+02:00</sln:powIIPWersja><sln:powIdTeryt>2809</sln:powIdTeryt><sln:powNazwa>lidzbarski</sln:powNazwa><sln:waznyOd>2015-07-14T00:00:00+02:00</sln:waznyOd><sln:wojIIPId>45e7cfc6-6d8b-42ff-acbd-ef1d0a53dacb</sln:wojIIPId><sln:wojIIPPn>PL.PZGIK.200</sln:wojIIPPn><sln:wojIIPWersja>2012-09-27T13:45:13+02:00</sln:wojIIPWersja><sln:wojIdTeryt>28</sln:wojIdTeryt><sln:wojNazwa>warmińsko-mazurskie</sln:wojNazwa></sln:miejscowosc><sln:miejscowosc><sln:cyklZyciaOd>2017-04-07T00:00:00+02:00</sln:cyklZyciaOd><sln:gmIIPId>ff347bb5-e337-48a7-9402-a761ba4a6159</sln:gmIIPId><sln:gmIIPPn>PL.PZGIK.200</sln:gmIIPPn><sln:gmIIPWersja>2012-09-26T22:21:07+02:00</sln:gmIIPWersja><sln:gmIdTeryt>2809022</sln:gmIdTeryt><sln:gmNazwa>Kiwity</sln:gmNazwa><sln:miejscIIPId>f0898adf-ea1a-4397-8912-9918a1d401ce</sln:miejscIIPId><sln:miejscIIPPn>PL.PZGIK.200</sln:miejscIIPPn><sln:miejscIIPWersja>2017-04-07T09:56:54+02:00</sln:miejscIIPWersja><sln:miejscIdTeryt>1061630</sln:miejscIdTeryt><sln:miejscNazwa>Parkity</sln:miejscNazwa><sln:miejscRodzaj>Osada</sln:miejscRodzaj><sln:powIIPId>ae7980f6-4c68-43f8-bd98-9a635a836d03</sln:powIIPId><sln:powIIPPn>PL.PZGIK.200</sln:powIIPPn><sln:powIIPWersja>2012-09-27T10:00:59+02:00</sln:powIIPWersja><sln:powIdTeryt>2809</sln:powIdTeryt><sln:powNazwa>lidzbarski</sln:powNazwa><sln:waznyOd>2015-07-31T00:00:00+02:00</sln:waznyOd><sln:wojIIPId>45e7cfc6-6d8b-42ff-acbd-ef1d0a53dacb</sln:wojIIPId><sln:wojIIPPn>PL.PZGIK.200</sln:wojIIPPn><sln:wojIIPWersja>2012-09-27T13:45:13+02:00</sln:wojIIPWersja><sln:wojIdTeryt>28</sln:wojIdTeryt><sln:wojNazwa>warmińsko-mazurskie</sln:wojNazwa></sln:miejscowosc></sln:lista-miejscowosci>