<?xml version="1.0" encoding="UTF-8" standalone="yes"?><sln:lista-miejscowosci xmlns:srv="http://gugik.gov.pl/schemas/slowniki-service/1.0" xmlns:sln="http://gugik.gov.pl/schemas/slowniki-schema/1.0"><sln:miejscowosc><sln:cyklZyciaDo>2017-04-25T00:00:00+02:00</sln:cyklZyciaDo><sln:cyklZyciaOd>2015-11-23T00:00:00+01:00</sln:cyklZyciaOd><sln:gmIIPId>83ac4647-7ab2-4135-8b87-ae21325003f9</sln:gmIIPId><sln:gmIIPPn>PL.PZGIK.200</sln:gmIIPPn><sln:gmIIPWersja>2012-09-26T22:20:34+02:00</sln:gmIIPWersja><sln:gmIdTeryt>2804082</sln:gmIdTeryt><sln:gmNazwa>Rychliki</sln:gmNazwa><sln:miejscIIPId>a7531da2-b09b-4c30-8684-f35d1cb2c6bf</sln:miejscIIPId><sln:miejscIIPPn>PL.PZGIK.200</sln:miejscIIPPn><sln:miejscIIPWersja>2016-11-24T09:26:06+02:00</sln:miejscIIPWersja><sln:miejscIdTeryt>0155910</sln:miejscIdTeryt><sln:miejscNazwa>Barzyna</sln:miejscNazwa><sln:miejscRodzaj>Osada</sln:miejscRodzaj><sln:powIIPId>61a0d267-58aa-4f3a-86e7-faa281e50ebc</sln:powIIPId><sln:powIIPPn>PL.PZGIK.200</sln:powIIPPn><sln:powIIPWersja>2012-09-27T10:00:59+02:00</sln:powIIPWersja><sln:powIdTeryt>2804</sln:powIdTeryt><sln:powNazwa>elbląski</sln:powNazwa><sln:waznyOd>2014-01-24T00:00:00+01:00</sln:waznyOd><sln:wojIIPId>45e7cfc6-6d8b-42ff-acbd-ef1d0a53dacb</sln:wojIIPId><sln:wojIIPPn>PL.PZGIK.200</sln:wojIIPPn><sln:wojIIPWersja>2012-09-27T13:45:13+02:00</sln:wojIIPWersja><sln:wojIdTeryt>28</sln:wojIdTeryt><sln:wojNazwa>warmińsko-mazurskie</sln:wojNazwa></sln:miejscowosc><sln:miejscowosc><sln:cyklZyciaDo>2017-04-25T00:00:00+02:00</sln:cyklZyciaDo><sln:cyklZyciaOd>2015-11-23T00:00:00+01:00</sln:cyklZyciaOd><sln:gmIIPId>83ac4647-7ab2-4135-8b87-ae21325003f9</sln:gmIIPId><sln:gmIIPPn>PL.PZGIK.200</sln:gmIIPPn><sln:gmIIPWersja>2012-09-26T22:20:34+02:00</sln:gmIIPWersja><sln:gmIdTeryt>2804082</sln:gmIdTeryt><sln:gmNazwa>Rychliki</sln:gmNazwa><sln:miejscIIPId>e98ce96b-dd1c-4959-885d-9ad5919f398a</sln:miejscIIPId><sln:miejscIIPPn>PL.PZGIK.200</sln:miejscIIPPn><sln:miejscIIPWersja>2016-11-24T09:26:06+02:00</sln:miejscIIPWersja><sln:miejscIdTeryt>0155926</sln:miejscIdTeryt><sln:miejscNazwa>Buczyniec</sln:miejscNazwa><sln:miejscRodzaj>Wieś</sln:miejscRodzaj><sln:powIIPId>61a0d267-58aa-4f3a-86e7-faa281e50ebc</sln:powIIPId><sln:powIIPPn>PL.PZGIK.200</sln:powIIPPn><sln:powIIPWersja>2012-09-27T10:00:59+02:00</sln:powIIPWersja><sln:powIdTeryt>2804</sln:powIdTeryt><sln:powNazwa>elbląski</sln:powNazwa><sln:waznyOd>2014-01-24T00:00:00+01:00</sln:waznyOd><sln:wojIIPId>45e7cfc6-6d8b-42ff-acbd-ef1d0a53dacb</sln:wojIIPId><sln:wojIIPPn>PL.PZGIK.200</sln:wojIIPPn><sln:wojIIPWersja>2012-09-27T13:45:13+02:00</sln:wojIIPWersja><sln:wojIdTeryt>28</sln:wojIdTeryt><sln:wojNazwa>warmińsko-mazurskie</sln:wojNazwa></sln:miejscowosc><sln:miejscowosc><sln:cyklZyciaDo>2017-04-25T00:00:00+02:00</sln:cyklZyciaDo><sln:cyklZyciaOd>2015-11-23T00:00:00+01:00</sln:cyklZyciaOd><sln:gmIIPId>83ac4647-7ab2-4135-8b87-ae21325003f9</sln:gmIIPId><sln:gmIIPPn>PL.PZGIK.200</sln:gmIIPPn><sln:gmIIPWersja>2012-09-26T22:20:34+02:00</sln:gmIIPWersja><sln:gmIdTeryt>2804082</sln:gmIdTeryt><sln:gmNazwa>Rychliki</sln:gmNazwa><sln:miejscIIPId>584f5bbf-ea03-43c6-a816-a8bd090a1a3f</sln:miejscIIPId><sln:miejscIIPPn>PL.PZGIK.200</sln:miejscIIPPn><sln:miejscIIPWersja>2016-11-24T09:26:06+02:00</sln:miejscIIPWersja><sln:miejscIdTeryt>0155955</sln:miejscIdTeryt><sln:miejscNazwa>Budki</sln:miejscNazwa><sln:miejscRodzaj>Osada</sln:miejscRodzaj><sln:powIIPId>61a0d267-58aa-4f3a-86e7-faa281e50ebc</sln:powIIPId><sln:powIIPPn>PL.PZGIK.200</sln:powIIPPn><sln:powIIPWersja>2012-09-27T10:00:59+02:00</sln:powIIPWersja><sln:powIdTeryt>2804</sln:powIdTeryt><sln:powNazwa>elbląski</sln:powNazwa><sln:waznyOd>2014-01-24T00:00:00+01:00</sln:waznyOd><sln:wojIIPId>45e7cfc6-6d8b-42ff-acbd-ef1d0a53dacb</sln:wojIIPId><sln:wojIIPPn>PL.PZGIK.200</sln:wojIIPPn><sln:wojIIPWersja>2012-09-27T13:45:13+02:00</sln:wojIIPWersja><sln:wojIdTeryt>28</sln:wojIdTeryt><sln:wojNazwa>warmińsko-mazurskie</sln:wojNazwa></sln:miejscowosc><sln:miejscowosc><sln:cyklZyciaDo>2017-04-25T00:00:00+02:00</sln:cyklZyciaDo><sln:cyklZyciaOd>2015-11-23T00:00:00+01:00</sln:cyklZyciaOd><sln:gmIIPId>83ac4647-7ab2-4135-8b87-ae21325003f9</sln:gmIIPId><sln:gmIIPPn>PL.PZGIK.200</sln:gmIIPPn><sln:gmIIPWersja>2012-09-26T22:20:34+02:00</sln:gmIIPWersja><sln:gmIdTeryt>2804082</sln:gmIdTeryt><sln:gmNazwa>Rychliki</sln:gmNazwa><sln:miejscIIPId>930a3897-d4f1-4b70-b1e8-d91ad76cd9ad</sln:miejscIIPId><sln:miejscIIPPn>PL.PZGIK.200</sln:miejscIIPPn><sln:miejscIIPWersja>2016-11-24T09:26:06+02:00</sln:miejscIIPWersja><sln:miejscIdTeryt>0155961</sln:miejscIdTeryt><sln:miejscNazwa>Dymnik</sln:miejscNazwa><sln:miejscRodzaj>Osada</sln:miejscRodzaj><sln:powIIPId>61a0d267-58aa-4f3a-86e7-faa281e50ebc</sln:powIIPId><sln:powIIPPn>PL.PZGIK.200</sln:powIIPPn><sln:powIIPWersja>2012-09-27T10:00:59+02:00</sln:powIIPWersja><sln:powIdTeryt>2804</sln:powIdTeryt><sln:powNazwa>elbląski</sln:powNazwa><sln:waznyOd>2014-01-24T00:00:00+01:00</sln:waznyOd><sln:wojIIPId>45e7cfc6-6d8b-42ff-acbd-ef1d0a53dacb</sln:wojIIPId><sln:wojIIPPn>PL.PZGIK.200</sln:wojIIPPn><sln:wojIIPWersja>2012-09-27T13:45:13+02:00</sln:wojIIPWersja><sln:wojIdTeryt>28</sln:wojIdTeryt><sln:wojNazwa>warmińsko-mazurskie</sln:wojNazwa></sln:miejscowosc><sln:miejscowosc><sln:cyklZyciaDo>2017-04-25T00:00:00+02:00</sln:cyklZyciaDo><sln:cyklZyciaOd>2015-11-23T00:00:00+01:00</sln:cyklZyciaOd><sln:gmIIPId>83ac4647-7ab2-4135-8b87-ae21325003f9</sln:gmIIPId><sln:gmIIPPn>PL.PZGIK.200</sln:gmIIPPn><sln:gmIIPWersja>2012-09-26T22:20:34+02:00</sln:gmIIPWersja><sln:gmIdTeryt>2804082</sln:gmIdTeryt><sln:gmNazwa>Rychliki</sln:gmNazwa><sln:miejscIIPId>88568758-801e-43ee-93b0-1a5f3b0f7ce9</sln:miejscIIPId><sln:miejscIIPPn>PL.PZGIK.200</sln:miejscIIPPn><sln:miejscIIPWersja>2016-11-24T09:26:06+02:00</sln:miejscIIPWersja><sln:miejscIdTeryt>0155984</sln:miejscIdTeryt><sln:miejscNazwa>Dziśnity</sln:miejscNazwa><sln:miejscRodzaj>Wieś</sln:miejscRodzaj><sln:powIIPId>61a0d267-58aa-4f3a-86e7-faa281e50ebc</sln:powIIPId><sln:powIIPPn>PL.PZGIK.200</sln:powIIPPn><sln:powIIPWersja>2012-09-27T10:00:59+02:00</sln:powIIPWersja><sln:powIdTeryt>2804</sln:powIdTeryt><sln:powNazwa>elbląski</sln:powNazwa><sln:waznyOd>2014-01-24T00:00:00+01:00</sln:waznyOd><sln:wojIIPId>45e7cfc6-6d8b-42ff-acbd-ef1d0a53dacb</sln:wojIIPId><sln:wojIIPPn>PL.PZGIK.200</sln:wojIIPPn><sln:wojIIPWersja>2012-09-27T13:45:13+02:00</sln:wojIIPWersja><sln:wojIdTeryt>28</sln:wojIdTeryt><sln:wojNazwa>warmińsko-mazurskie</sln:wojNazwa></sln:miejscowosc><sln:miejscowosc><sln:cyklZyciaDo>2017-04-25T00:00:00+02:00</sln:cyklZyciaDo><sln:cyklZyciaOd>2015-11-23T00:00:00+01:00</sln:cyklZyciaOd><sln:gmIIPId>83ac4647-7ab2-4135-8b87-ae21325003f9</sln:gmIIPId><sln:gmIIPPn>PL.PZGIK.200</sln:gmIIPPn><sln:gmIIPWersja>2012-09-26T22:20:34+02:00</sln:gmIIPWersja><sln:gmIdTeryt>2804082</sln:gmIdTeryt><sln:gmNazwa>Rychliki</sln:gmNazwa><sln:miejscIIPId>b9cd718d-7bb4-471f-8072-5b894e65eb70</sln:miejscIIPId><sln:miejscIIPPn>PL.PZGIK.200</sln:miejscIIPPn><sln:miejscIIPWersja>2016-11-24T09:26:06+02:00</sln:miejscIIPWersja><sln:miejscIdTeryt>0155978</sln:miejscIdTeryt><sln:miejscNazwa>Gołutowo</sln:miejscNazwa><sln:miejscRodzaj>Osada</sln:miejscRodzaj><sln:powIIPId>61a0d267-58aa-4f3a-86e7-faa281e50ebc</sln:powIIPId><sln:powIIPPn>PL.PZGIK.200</sln:powIIPPn><sln:powIIPWersja>2012-09-27T10:00:59+02:00</sln:powIIPWersja><sln:powIdTeryt>2804</sln:powIdTeryt><sln:powNazwa>elbląski</sln:powNazwa><sln:waznyOd>2014-01-24T00:00:00+01:00</sln:waznyOd><sln:wojIIPId>45e7cfc6-6d8b-42ff-acbd-ef1d0a53dacb</sln:wojIIPId><sln:wojIIPPn>PL.PZGIK.200</sln:wojIIPPn><sln:wojIIPWersja>2012-09-27T13:45:13+02:00</sln:wojIIPWersja><sln:wojIdTeryt>28</sln:wojIdTeryt><sln:wojNazwa>warmińsko-mazurskie</sln:wojNazwa></sln:miejscowosc><sln:miejscowosc><sln:cyklZyciaDo>2017-04-25T00:00:00+02:00</sln:cyklZyciaDo><sln:cyklZyciaOd>2015-11-23T00:00:00+01:00</sln:cyklZyciaOd><sln:gmIIPId>83ac4647-7ab2-4135-8b87-ae21325003f9</sln:gmIIPId><sln:gmIIPPn>PL.PZGIK.200</sln:gmIIPPn><sln:gmIIPWersja>2012-09-26T22:20:34+02:00</sln:gmIIPWersja><sln:gmIdTeryt>2804082</sln:gmIdTeryt><sln:gmNazwa>Rychliki</sln:gmNazwa><sln:miejscIIPId>78567e03-24e9-4f64-a325-8b3d95eac71c</sln:miejscIIPId><sln:miejscIIPPn>PL.PZGIK.200</sln:miejscIIPPn><sln:miejscIIPWersja>2016-11-24T09:26:06+02:00</sln:miejscIIPWersja><sln:miejscIdTeryt>0156185</sln:miejscIdTeryt><sln:miejscNazwa>Grądowy Młyn</sln:miejscNazwa><sln:miejscRodzaj>Osada</sln:miejscRodzaj><sln:powIIPId>61a0d267-58aa-4f3a-86e7-faa281e50ebc</sln:powIIPId><sln:powIIPPn>PL.PZGIK.200</sln:powIIPPn><sln:powIIPWersja>2012-09-27T10:00:59+02:00</sln:powIIPWersja><sln:powIdTeryt>2804</sln:powIdTeryt><sln:powNazwa>elbląski</sln:powNazwa><sln:waznyOd>2015-05-15T00:00:00+02:00</sln:waznyOd><sln:wojIIPId>45e7cfc6-6d8b-42ff-acbd-ef1d0a53dacb</sln:wojIIPId><sln:wojIIPPn>PL.PZGIK.200</sln:wojIIPPn><sln:wojIIPWersja>2012-09-27T13:45:13+02:00</sln:wojIIPWersja><sln:wojIdTeryt>28</sln:wojIdTeryt><sln:wojNazwa>warmińsko-mazurskie</sln:wojNazwa></sln:miejscowosc><sln:miejscowosc><sln:cyklZyciaDo>2017-04-25T00:00:00+02:00</sln:cyklZyciaDo><sln:cyklZyciaOd>2015-11-23T00:00:00+01:00</sln:cyklZyciaOd><sln:gmIIPId>83ac4647-7ab2-4135-8b87-ae21325003f9</sln:gmIIPId><sln:gmIIPPn>PL.PZGIK.200</sln:gmIIPPn><sln:gmIIPWersja>2012-09-26T22:20:34+02:00</sln:gmIIPWersja><sln:gmIdTeryt>2804082</sln:gmIdTeryt><sln:gmNazwa>Rychliki</sln:gmNazwa><sln:miejscIIPId>476d86df-3d4f-4476-ae5c-c9190a9cebcb</sln:miejscIIPId><sln:miejscIIPPn>PL.PZGIK.200</sln:miejscIIPPn><sln:miejscIIPWersja>2016-11-24T09:26:06+02:00</sln:miejscIIPWersja><sln:miejscIdTeryt>0155990</sln:miejscIdTeryt><sln:miejscNazwa>Jankowo</sln:miejscNazwa><sln:miejscRodzaj>Osada</sln:miejscRodzaj><sln:powIIPId>61a0d267-58aa-4f3a-86e7-faa281e50ebc</sln:powIIPId><sln:powIIPPn>PL.PZGIK.200</sln:powIIPPn><sln:powIIPWersja>2012-09-27T10:00:59+02:00</sln:powIIPWersja><sln:powIdTeryt>2804</sln:powIdTeryt><sln:powNazwa>elbląski</sln:powNazwa><sln:waznyOd>2014-01-24T00:00:00+01:00</sln:waznyOd><sln:wojIIPId>45e7cfc6-6d8b-42ff-acbd-ef1d0a53dacb</sln:wojIIPId><sln:wojIIPPn>PL.PZGIK.200</sln:wojIIPPn><sln:wojIIPWersja>2012-09-27T13:45:13+02:00</sln:wojIIPWersja><sln:wojIdTeryt>28</sln:wojIdTeryt><sln:wojNazwa>warmińsko-mazurskie</sln:wojNazwa></sln:miejscowosc><sln:miejscowosc><sln:cyklZyciaDo>2017-04-25T00:00:00+02:00</sln:cyklZyciaDo><sln:cyklZyciaOd>2015-11-23T00:00:00+01:00</sln:cyklZyciaOd><sln:gmIIPId>83ac4647-7ab2-4135-8b87-ae21325003f9</sln:gmIIPId><sln:gmIIPPn>PL.PZGIK.200</sln:gmIIPPn><sln:gmIIPWersja>2012-09-26T22:20:34+02:00</sln:gmIIPWersja><sln:gmIdTeryt>2804082</sln:gmIdTeryt><sln:gmNazwa>Rychliki</sln:gmNazwa><sln:miejscIIPId>e3744678-d6c9-49ec-bafd-29369f23259c</sln:miejscIIPId><sln:miejscIIPPn>PL.PZGIK.200</sln:miejscIIPPn><sln:miejscIIPWersja>2016-11-24T09:26:06+02:00</sln:miejscIIPWersja><sln:miejscIdTeryt>0156009</sln:miejscIdTeryt><sln:miejscNazwa>Jelonki</sln:miejscNazwa><sln:miejscRodzaj>Wieś</sln:miejscRodzaj><sln:powIIPId>61a0d267-58aa-4f3a-86e7-faa281e50ebc</sln:powIIPId><sln:powIIPPn>PL.PZGIK.200</sln:powIIPPn><sln:powIIPWersja>2012-09-27T10:00:59+02:00</sln:powIIPWersja><sln:powIdTeryt>2804</sln:powIdTeryt><sln:powNazwa>elbląski</sln:powNazwa><sln:waznyOd>2014-01-24T00:00:00+01:00</sln:waznyOd><sln:wojIIPId>45e7cfc6-6d8b-42ff-acbd-ef1d0a53dacb</sln:wojIIPId><sln:wojIIPPn>PL.PZGIK.200</sln:wojIIPPn><sln:wojIIPWersja>2012-09-27T13:45:13+02:00</sln:wojIIPWersja><sln:wojIdTeryt>28</sln:wojIdTeryt><sln:wojNazwa>warmińsko-mazurskie</sln:wojNazwa></sln:miejscowosc><sln:miejscowosc><sln:cyklZyciaDo>2017-04-25T00:00:00+02:00</sln:cyklZyciaDo><sln:cyklZyciaOd>2015-11-23T00:00:00+01:00</sln:cyklZyciaOd><sln:gmIIPId>83ac4647-7ab2-4135-8b87-ae21325003f9</sln:gmIIPId><sln:gmIIPPn>PL.PZGIK.200</sln:gmIIPPn><sln:gmIIPWersja>2012-09-26T22:20:34+02:00</sln:gmIIPWersja><sln:gmIdTeryt>2804082</sln:gmIdTeryt><sln:gmNazwa>Rychliki</sln:gmNazwa><sln:miejscIIPId>f963175e-b595-47e1-9690-9c9ee6048374</sln:miejscIIPId><sln:miejscIIPPn>PL.PZGIK.200</sln:miejscIIPPn><sln:miejscIIPWersja>2016-11-24T09:26:06+02:00</sln:miejscIIPWersja><sln:miejscIdTeryt>0156021</sln:miejscIdTeryt><sln:miejscNazwa>Kiersity</sln:miejscNazwa><sln:miejscRodzaj>Osada</sln:miejscRodzaj><sln:powIIPId>61a0d267-58aa-4f3a-86e7-faa281e50ebc</sln:powIIPId><sln:powIIPPn>PL.PZGIK.200</sln:powIIPPn><sln:powIIPWersja>2012-09-27T10:00:59+02:00</sln:powIIPWersja><sln:powIdTeryt>2804</sln:powIdTeryt><sln:powNazwa>elbląski</sln:powNazwa><sln:waznyOd>2015-05-15T00:00:00+02:00</sln:waznyOd><sln:wojIIPId>45e7cfc6-6d8b-42ff-acbd-ef1d0a53dacb</sln:wojIIPId><sln:wojIIPPn>PL.PZGIK.200</sln:wojIIPPn><sln:wojIIPWersja>2012-09-27T13:45:13+02:00</sln:wojIIPWersja><sln:wojIdTeryt>28</sln:wojIdTeryt><sln:wojNazwa>warmińsko-mazurskie</sln:wojNazwa></sln:miejscowosc><sln:miejscowosc><sln:cyklZyciaDo>2017-04-25T00:00:00+02:00</sln:cyklZyciaDo><sln:cyklZyciaOd>2015-11-23T00:00:00+01:00</sln:cyklZyciaOd><sln:gmIIPId>83ac4647-7ab2-4135-8b87-ae21325003f9</sln:gmIIPId><sln:gmIIPPn>PL.PZGIK.200</sln:gmIIPPn><sln:gmIIPWersja>2012-09-26T22:20:34+02:00</sln:gmIIPWersja><sln:gmIdTeryt>2804082</sln:gmIdTeryt><sln:gmNazwa>Rychliki</sln:gmNazwa><sln:miejscIIPId>335fca13-9d2c-4adf-8964-781186c0ce27</sln:miejscIIPId><sln:miejscIIPPn>PL.PZGIK.200</sln:miejscIIPPn><sln:miejscIIPWersja>2016-11-24T09:26:06+02:00</sln:miejscIIPWersja><sln:miejscIdTeryt>0156015</sln:miejscIdTeryt><sln:miejscNazwa>Krupin</sln:miejscNazwa><sln:miejscRodzaj>Osada</sln:miejscRodzaj><sln:powIIPId>61a0d267-58aa-4f3a-86e7-faa281e50ebc</sln:powIIPId><sln:powIIPPn>PL.PZGIK.200</sln:powIIPPn><sln:powIIPWersja>2012-09-27T10:00:59+02:00</sln:powIIPWersja><sln:powIdTeryt>2804</sln:powIdTeryt><sln:powNazwa>elbląski</sln:powNazwa><sln:waznyOd>2014-01-24T00:00:00+01:00</sln:waznyOd><sln:wojIIPId>45e7cfc6-6d8b-42ff-acbd-ef1d0a53dacb</sln:wojIIPId><sln:wojIIPPn>PL.PZGIK.200</sln:wojIIPPn><sln:wojIIPWersja>2012-09-27T13:45:13+02:00</sln:wojIIPWersja><sln:wojIdTeryt>28</sln:wojIdTeryt><sln:wojNazwa>warmińsko-mazurskie</sln:wojNazwa></sln:miejscowosc><sln:miejscowosc><sln:cyklZyciaDo>2017-04-25T00:00:00+02:00</sln:cyklZyciaDo><sln:cyklZyciaOd>2015-11-23T00:00:00+01:00</sln:cyklZyciaOd><sln:gmIIPId>83ac4647-7ab2-4135-8b87-ae21325003f9</sln:gmIIPId><sln:gmIIPPn>PL.PZGIK.200</sln:gmIIPPn><sln:gmIIPWersja>2012-09-26T22:20:34+02:00</sln:gmIIPWersja><sln:gmIdTeryt>2804082</sln:gmIdTeryt><sln:gmNazwa>Rychliki</sln:gmNazwa><sln:miejscIIPId>1c5928ed-fa6f-4734-9729-59186f6acc28</sln:miejscIIPId><sln:miejscIIPPn>PL.PZGIK.200</sln:miejscIIPPn><sln:miejscIIPWersja>2016-11-24T09:26:06+02:00</sln:miejscIIPWersja><sln:miejscIdTeryt>0156038</sln:miejscIdTeryt><sln:miejscNazwa>Kwietniewo</sln:miejscNazwa><sln:miejscRodzaj>Wieś</sln:miejscRodzaj><sln:powIIPId>61a0d267-58aa-4f3a-86e7-faa281e50ebc</sln:powIIPId><sln:powIIPPn>PL.PZGIK.200</sln:powIIPPn><sln:powIIPWersja>2012-09-27T10:00:59+02:00</sln:powIIPWersja><sln:powIdTeryt>2804</sln:powIdTeryt><sln:powNazwa>elbląski</sln:powNazwa><sln:waznyOd>2014-01-24T00:00:00+01:00</sln:waznyOd><sln:wojIIPId>45e7cfc6-6d8b-42ff-acbd-ef1d0a53dacb</sln:wojIIPId><sln:wojIIPPn>PL.PZGIK.200</sln:wojIIPPn><sln:wojIIPWersja>2012-09-27T13:45:13+02:00</sln:wojIIPWersja><sln:wojIdTeryt>28</sln:wojIdTeryt><sln:wojNazwa>warmińsko-mazurskie</sln:wojNazwa></sln:miejscowosc><sln:miejscowosc><sln:cyklZyciaDo>2017-04-25T00:00:00+02:00</sln:cyklZyciaDo><sln:cyklZyciaOd>2015-11-23T00:00:00+01:00</sln:cyklZyciaOd><sln:gmIIPId>83ac4647-7ab2-4135-8b87-ae21325003f9</sln:gmIIPId><sln:gmIIPPn>PL.PZGIK.200</sln:gmIIPPn><sln:gmIIPWersja>2012-09-26T22:20:34+02:00</sln:gmIIPWersja><sln:gmIdTeryt>2804082</sln:gmIdTeryt><sln:gmNazwa>Rychliki</sln:gmNazwa><sln:miejscIIPId>d4a6519a-3be6-4571-9916-ff031dd99c11</sln:miejscIIPId><sln:miejscIIPPn>PL.PZGIK.200</sln:miejscIIPPn><sln:miejscIIPWersja>2016-11-24T09:26:06+02:00</sln:miejscIIPWersja><sln:miejscIdTeryt>0156044</sln:miejscIdTeryt><sln:miejscNazwa>Lepno</sln:miejscNazwa><sln:miejscRodzaj>Wieś</sln:miejscRodzaj><sln:powIIPId>61a0d267-58aa-4f3a-86e7-faa281e50ebc</sln:powIIPId><sln:powIIPPn>PL.PZGIK.200</sln:powIIPPn><sln:powIIPWersja>2012-09-27T10:00:59+02:00</sln:powIIPWersja><sln:powIdTeryt>2804</sln:powIdTeryt><sln:powNazwa>elbląski</sln:powNazwa><sln:waznyOd>2014-01-24T00:00:00+01:00</sln:waznyOd><sln:wojIIPId>45e7cfc6-6d8b-42ff-acbd-ef1d0a53dacb</sln:wojIIPId><sln:wojIIPPn>PL.PZGIK.200</sln:wojIIPPn><sln:wojIIPWersja>2012-09-27T13:45:13+02:00</sln:wojIIPWersja><sln:wojIdTeryt>28</sln:wojIdTeryt><sln:wojNazwa>warmińsko-mazurskie</sln:wojNazwa></sln:miejscowosc><sln:miejscowosc><sln:cyklZyciaDo>2017-04-25T00:00:00+02:00</sln:cyklZyciaDo><sln:cyklZyciaOd>2015-11-23T00:00:00+01:00</sln:cyklZyciaOd><sln:gmIIPId>83ac4647-7ab2-4135-8b87-ae21325003f9</sln:gmIIPId><sln:gmIIPPn>PL.PZGIK.200</sln:gmIIPPn><sln:gmIIPWersja>2012-09-26T22:20:34+02:00</sln:gmIIPWersja><sln:gmIdTeryt>2804082</sln:gmIdTeryt><sln:gmNazwa>Rychliki</sln:gmNazwa><sln:miejscIIPId>50ef889c-0bad-4436-bb31-37174b956112</sln:miejscIIPId><sln:miejscIIPPn>PL.PZGIK.200</sln:miejscIIPPn><sln:miejscIIPWersja>2016-11-24T09:26:06+02:00</sln:miejscIIPWersja><sln:miejscIdTeryt>0155949</sln:miejscIdTeryt><sln:miejscNazwa>Liszki</sln:miejscNazwa><sln:miejscRodzaj>Osada</sln:miejscRodzaj><sln:powIIPId>61a0d267-58aa-4f3a-86e7-faa281e50ebc</sln:powIIPId><sln:powIIPPn>PL.PZGIK.200</sln:powIIPPn><sln:powIIPWersja>2012-09-27T10:00:59+02:00</sln:powIIPWersja><sln:powIdTeryt>2804</sln:powIdTeryt><sln:powNazwa>elbląski</sln:powNazwa><sln:waznyOd>2014-01-24T00:00:00+01:00</sln:waznyOd><sln:wojIIPId>45e7cfc6-6d8b-42ff-acbd-ef1d0a53dacb</sln:wojIIPId><sln:wojIIPPn>PL.PZGIK.200</sln:wojIIPPn><sln:wojIIPWersja>2012-09-27T13:45:13+02:00</sln:wojIIPWersja><sln:wojIdTeryt>28</sln:wojIdTeryt><sln:wojNazwa>warmińsko-mazurskie</sln:wojNazwa></sln:miejscowosc><sln:miejscowosc><sln:cyklZyciaDo>2017-04-25T00:00:00+02:00</sln:cyklZyciaDo><sln:cyklZyciaOd>2015-11-23T00:00:00+01:00</sln:cyklZyciaOd><sln:gmIIPId>83ac4647-7ab2-4135-8b87-ae21325003f9</sln:gmIIPId><sln:gmIIPPn>PL.PZGIK.200</sln:gmIIPPn><sln:gmIIPWersja>2012-09-26T22:20:34+02:00</sln:gmIIPWersja><sln:gmIdTeryt>2804082</sln:gmIdTeryt><sln:gmNazwa>Rychliki</sln:gmNazwa><sln:miejscIIPId>44cf8821-8da8-4e3b-9b03-8f2cf051ff90</sln:miejscIIPId><sln:miejscIIPPn>PL.PZGIK.200</sln:miejscIIPPn><sln:miejscIIPWersja>2016-11-24T09:26:06+02:00</sln:miejscIIPWersja><sln:miejscIdTeryt>0156050</sln:miejscIdTeryt><sln:miejscNazwa>Marwica</sln:miejscNazwa><sln:miejscRodzaj>Wieś</sln:miejscRodzaj><sln:powIIPId>61a0d267-58aa-4f3a-86e7-faa281e50ebc</sln:powIIPId><sln:powIIPPn>PL.PZGIK.200</sln:powIIPPn><sln:powIIPWersja>2012-09-27T10:00:59+02:00</sln:powIIPWersja><sln:powIdTeryt>2804</sln:powIdTeryt><sln:powNazwa>elbląski</sln:powNazwa><sln:waznyOd>2014-01-24T00:00:00+01:00</sln:waznyOd><sln:wojIIPId>45e7cfc6-6d8b-42ff-acbd-ef1d0a53dacb</sln:wojIIPId><sln:wojIIPPn>PL.PZGIK.200</sln:wojIIPPn><sln:wojIIPWersja>2012-09-27T13:45:13+02:00</sln:wojIIPWersja><sln:wojIdTeryt>28</sln:wojIdTeryt><sln:wojNazwa>warmińsko-mazurskie</sln:wojNazwa></sln:miejscowosc><sln:miejscowosc><sln:cyklZyciaDo>2017-04-25T00:00:00+02:00</sln:cyklZyciaDo><sln:cyklZyciaOd>2015-11-23T00:00:00+01:00</sln:cyklZyciaOd><sln:gmIIPId>83ac4647-7ab2-4135-8b87-ae21325003f9</sln:gmIIPId><sln:gmIIPPn>PL.PZGIK.200</sln:gmIIPPn><sln:gmIIPWersja>2012-09-26T22:20:34+02:00</sln:gmIIPWersja><sln:gmIdTeryt>2804082</sln:gmIdTeryt><sln:gmNazwa>Rychliki</sln:gmNazwa><sln:miejscIIPId>95439250-9859-4ce9-8f32-d4d51f95ee16</sln:miejscIIPId><sln:miejscIIPPn>PL.PZGIK.200</sln:miejscIIPPn><sln:miejscIIPWersja>2016-11-24T09:26:06+02:00</sln:miejscIIPWersja><sln:miejscIdTeryt>0156096</sln:miejscIdTeryt><sln:miejscNazwa>Mokajny</sln:miejscNazwa><sln:miejscRodzaj>Wieś</sln:miejscRodzaj><sln:powIIPId>61a0d267-58aa-4f3a-86e7-faa281e50ebc</sln:powIIPId><sln:powIIPPn>PL.PZGIK.200</sln:powIIPPn><sln:powIIPWersja>2012-09-27T10:00:59+02:00</sln:powIIPWersja><sln:powIdTeryt>2804</sln:powIdTeryt><sln:powNazwa>elbląski</sln:powNazwa><sln:waznyOd>2014-01-24T00:00:00+01:00</sln:waznyOd><sln:wojIIPId>45e7cfc6-6d8b-42ff-acbd-ef1d0a53dacb</sln:wojIIPId><sln:wojIIPPn>PL.PZGIK.200</sln:wojIIPPn><sln:wojIIPWersja>2012-09-27T13:45:13+02:00</sln:wojIIPWersja><sln:wojIdTeryt>28</sln:wojIdTeryt><sln:wojNazwa>warmińsko-mazurskie</sln:wojNazwa></sln:miejscowosc><sln:miejscowosc><sln:cyklZyciaDo>2017-04-25T00:00:00+02:00</sln:cyklZyciaDo><sln:cyklZyciaOd>2015-11-23T00:00:00+01:00</sln:cyklZyciaOd><sln:gmIIPId>83ac4647-7ab2-4135-8b87-ae21325003f9</sln:gmIIPId><sln:gmIIPPn>PL.PZGIK.200</sln:gmIIPPn><sln:gmIIPWersja>2012-09-26T22:20:34+02:00</sln:gmIIPWersja><sln:gmIdTeryt>2804082</sln:gmIdTeryt><sln:gmNazwa>Rychliki</sln:gmNazwa><sln:miejscIIPId>390e0266-7dcc-4e61-bafb-94d3851b9751</sln:miejscIIPId><sln:miejscIIPPn>PL.PZGIK.200</sln:miejscIIPPn><sln:miejscIIPWersja>2016-11-24T09:26:06+02:00</sln:miejscIIPWersja><sln:miejscIdTeryt>0156191</sln:miejscIdTeryt><sln:miejscNazwa>Powodowo</sln:miejscNazwa><sln:miejscRodzaj>Osada</sln:miejscRodzaj><sln:powIIPId>61a0d267-58aa-4f3a-86e7-faa281e50ebc</sln:powIIPId><sln:powIIPPn>PL.PZGIK.200</sln:powIIPPn><sln:powIIPWersja>2012-09-27T10:00:59+02:00</sln:powIIPWersja><sln:powIdTeryt>2804</sln:powIdTeryt><sln:powNazwa>elbląski</sln:powNazwa><sln:waznyOd>2015-05-15T00:00:00+02:00</sln:waznyOd><sln:wojIIPId>45e7cfc6-6d8b-42ff-acbd-ef1d0a53dacb</sln:wojIIPId><sln:wojIIPPn>PL.PZGIK.200</sln:wojIIPPn><sln:wojIIPWersja>2012-09-27T13:45:13+02:00</sln:wojIIPWersja><sln:wojIdTeryt>28</sln:wojIdTeryt><sln:wojNazwa>warmińsko-mazurskie</sln:wojNazwa></sln:miejscowosc><sln:miejscowosc><sln:cyklZyciaDo>2017-04-25T00:00:00+02:00</sln:cyklZyciaDo><sln:cyklZyciaOd>2015-11-23T00:00:00+01:00</sln:cyklZyciaOd><sln:gmIIPId>83ac4647-7ab2-4135-8b87-ae21325003f9</sln:gmIIPId><sln:gmIIPPn>PL.PZGIK.200</sln:gmIIPPn><sln:gmIIPWersja>2012-09-26T22:20:34+02:00</sln:gmIIPWersja><sln:gmIdTeryt>2804082</sln:gmIdTeryt><sln:gmNazwa>Rychliki</sln:gmNazwa><sln:miejscIIPId>48b1f5f6-e511-403a-a618-d110135ebac6</sln:miejscIIPId><sln:miejscIIPPn>PL.PZGIK.200</sln:miejscIIPPn><sln:miejscIIPWersja>2016-11-24T09:26:06+02:00</sln:miejscIIPWersja><sln:miejscIdTeryt>0156133</sln:miejscIdTeryt><sln:miejscNazwa>Protowo</sln:miejscNazwa><sln:miejscRodzaj>Osada</sln:miejscRodzaj><sln:powIIPId>61a0d267-58aa-4f3a-86e7-faa281e50ebc</sln:powIIPId><sln:powIIPPn>PL.PZGIK.200</sln:powIIPPn><sln:powIIPWersja>2012-09-27T10:00:59+02:00</sln:powIIPWersja><sln:powIdTeryt>2804</sln:powIdTeryt><sln:powNazwa>elbląski</sln:powNazwa><sln:waznyOd>2015-05-15T00:00:00+02:00</sln:waznyOd><sln:wojIIPId>45e7cfc6-6d8b-42ff-acbd-ef1d0a53dacb</sln:wojIIPId><sln:wojIIPPn>PL.PZGIK.200</sln:wojIIPPn><sln:wojIIPWersja>2012-09-27T13:45:13+02:00</sln:wojIIPWersja><sln:wojIdTeryt>28</sln:wojIdTeryt><sln:wojNazwa>warmińsko-mazurskie</sln:wojNazwa></sln:miejscowosc><sln:miejscowosc><sln:cyklZyciaDo>2017-04-25T00:00:00+02:00</sln:cyklZyciaDo><sln:cyklZyciaOd>2015-11-23T00:00:00+01:00</sln:cyklZyciaOd><sln:gmIIPId>83ac4647-7ab2-4135-8b87-ae21325003f9</sln:gmIIPId><sln:gmIIPPn>PL.PZGIK.200</sln:gmIIPPn><sln:gmIIPWersja>2012-09-26T22:20:34+02:00</sln:gmIIPWersja><sln:gmIdTeryt>2804082</sln:gmIdTeryt><sln:gmNazwa>Rychliki</sln:gmNazwa><sln:miejscIIPId>164f2770-b15b-44bc-b3df-34528d3a7bd4</sln:miejscIIPId><sln:miejscIIPPn>PL.PZGIK.200</sln:miejscIIPPn><sln:miejscIIPWersja>2016-11-24T09:26:06+02:00</sln:miejscIIPWersja><sln:miejscIdTeryt>0156104</sln:miejscIdTeryt><sln:miejscNazwa>Rejsyty</sln:miejscNazwa><sln:miejscRodzaj>Osada</sln:miejscRodzaj><sln:powIIPId>61a0d267-58aa-4f3a-86e7-faa281e50ebc</sln:powIIPId><sln:powIIPPn>PL.PZGIK.200</sln:powIIPPn><sln:powIIPWersja>2012-09-27T10:00:59+02:00</sln:powIIPWersja><sln:powIdTeryt>2804</sln:powIdTeryt><sln:powNazwa>elbląski</sln:powNazwa><sln:waznyOd>2014-01-24T00:00:00+01:00</sln:waznyOd><sln:wojIIPId>45e7cfc6-6d8b-42ff-acbd-ef1d0a53dacb</sln:wojIIPId><sln:wojIIPPn>PL.PZGIK.200</sln:wojIIPPn><sln:wojIIPWersja>2012-09-27T13:45:13+02:00</sln:wojIIPWersja><sln:wojIdTeryt>28</sln:wojIdTeryt><sln:wojNazwa>warmińsko-mazurskie</sln:wojNazwa></sln:miejscowosc><sln:miejscowosc><sln:cyklZyciaDo>2017-04-25T00:00:00+02:00</sln:cyklZyciaDo><sln:cyklZyciaOd>2015-11-23T00:00:00+01:00</sln:cyklZyciaOd><sln:gmIIPId>83ac4647-7ab2-4135-8b87-ae21325003f9</sln:gmIIPId><sln:gmIIPPn>PL.PZGIK.200</sln:gmIIPPn><sln:gmIIPWersja>2012-09-26T22:20:34+02:00</sln:gmIIPWersja><sln:gmIdTeryt>2804082</sln:gmIdTeryt><sln:gmNazwa>Rychliki</sln:gmNazwa><sln:miejscIIPId>e10c6dd5-6d9c-4fad-b88d-ff72ff9c262b</sln:miejscIIPId><sln:miejscIIPPn>PL.PZGIK.200</sln:miejscIIPPn><sln:miejscIIPWersja>2016-11-24T09:26:06+02:00</sln:miejscIIPWersja><sln:miejscIdTeryt>0156110</sln:miejscIdTeryt><sln:miejscNazwa>Rychliki</sln:miejscNazwa><sln:miejscRodzaj>Wieś</sln:miejscRodzaj><sln:powIIPId>61a0d267-58aa-4f3a-86e7-faa281e50ebc</sln:powIIPId><sln:powIIPPn>PL.PZGIK.200</sln:powIIPPn><sln:powIIPWersja>2012-09-27T10:00:59+02:00</sln:powIIPWersja><sln:powIdTeryt>2804</sln:powIdTeryt><sln:powNazwa>elbląski</sln:powNazwa><sln:waznyOd>2014-01-24T00:00:00+01:00</sln:waznyOd><sln:wojIIPId>45e7cfc6-6d8b-42ff-acbd-ef1d0a53dacb</sln:wojIIPId><sln:wojIIPPn>PL.PZGIK.200</sln:wojIIPPn><sln:wojIIPWersja>2012-09-27T13:45:13+02:00</sln:wojIIPWersja><sln:wojIdTeryt>28</sln:wojIdTeryt><sln:wojNazwa>warmińsko-mazurskie</sln:wojNazwa></sln:miejscowosc><sln:miejscowosc><sln:cyklZyciaDo>2017-04-25T00:00:00+02:00</sln:cyklZyciaDo><sln:cyklZyciaOd>2015-11-23T00:00:00+01:00</sln:cyklZyciaOd><sln:gmIIPId>83ac4647-7ab2-4135-8b87-ae21325003f9</sln:gmIIPId><sln:gmIIPPn>PL.PZGIK.200</sln:gmIIPPn><sln:gmIIPWersja>2012-09-26T22:20:34+02:00</sln:gmIIPWersja><sln:gmIdTeryt>2804082</sln:gmIdTeryt><sln:gmNazwa>Rychliki</sln:gmNazwa><sln:miejscIIPId>78adf07a-53ae-4846-8bc9-3b4d8479598a</sln:miejscIIPId><sln:miejscIIPPn>PL.PZGIK.200</sln:miejscIIPPn><sln:miejscIIPWersja>2016-11-24T09:26:06+02:00</sln:miejscIIPWersja><sln:miejscIdTeryt>0156127</sln:miejscIdTeryt><sln:miejscNazwa>Sójki</sln:miejscNazwa><sln:miejscRodzaj>Osada</sln:miejscRodzaj><sln:powIIPId>61a0d267-58aa-4f3a-86e7-faa281e50ebc</sln:powIIPId><sln:powIIPPn>PL.PZGIK.200</sln:powIIPPn><sln:powIIPWersja>2012-09-27T10:00:59+02:00</sln:powIIPWersja><sln:powIdTeryt>2804</sln:powIdTeryt><sln:powNazwa>elbląski</sln:powNazwa><sln:waznyOd>2014-01-24T00:00:00+01:00</sln:waznyOd><sln:wojIIPId>45e7cfc6-6d8b-42ff-acbd-ef1d0a53dacb</sln:wojIIPId><sln:wojIIPPn>PL.PZGIK.200</sln:wojIIPPn><sln:wojIIPWersja>2012-09-27T13:45:13+02:00</sln:wojIIPWersja><sln:wojIdTeryt>28</sln:wojIdTeryt><sln:wojNazwa>warmińsko-mazurskie</sln:wojNazwa></sln:miejscowosc><sln:miejscowosc><sln:cyklZyciaDo>2017-04-25T00:00:00+02:00</sln:cyklZyciaDo><sln:cyklZyciaOd>2015-11-23T00:00:00+01:00</sln:cyklZyciaOd><sln:gmIIPId>83ac4647-7ab2-4135-8b87-ae21325003f9</sln:gmIIPId><sln:gmIIPPn>PL.PZGIK.200</sln:gmIIPPn><sln:gmIIPWersja>2012-09-26T22:20:34+02:00</sln:gmIIPWersja><sln:gmIdTeryt>2804082</sln:gmIdTeryt><sln:gmNazwa>Rychliki</sln:gmNazwa><sln:miejscIIPId>d946d043-473b-4be7-a2d6-fb832c23c2fa</sln:miejscIIPId><sln:miejscIIPPn>PL.PZGIK.200</sln:miejscIIPPn><sln:miejscIIPWersja>2016-11-24T09:26:06+02:00</sln:miejscIIPWersja><sln:miejscIdTeryt>0156140</sln:miejscIdTeryt><sln:miejscNazwa>Śliwica</sln:miejscNazwa><sln:miejscRodzaj>Wieś</sln:miejscRodzaj><sln:powIIPId>61a0d267-58aa-4f3a-86e7-faa281e50ebc</sln:powIIPId><sln:powIIPPn>PL.PZGIK.200</sln:powIIPPn><sln:powIIPWersja>2012-09-27T10:00:59+02:00</sln:powIIPWersja><sln:powIdTeryt>2804</sln:powIdTeryt><sln:powNazwa>elbląski</sln:powNazwa><sln:waznyOd>2014-01-24T00:00:00+01:00</sln:waznyOd><sln:wojIIPId>45e7cfc6-6d8b-42ff-acbd-ef1d0a53dacb</sln:wojIIPId><sln:wojIIPPn>PL.PZGIK.200</sln:wojIIPPn><sln:wojIIPWersja>2012-09-27T13:45:13+02:00</sln:wojIIPWersja><sln:wojIdTeryt>28</sln:wojIdTeryt><sln:wojNazwa>warmińsko-mazurskie</sln:wojNazwa></sln:miejscowosc><sln:miejscowosc><sln:cyklZyciaDo>2017-04-25T00:00:00+02:00</sln:cyklZyciaDo><sln:cyklZyciaOd>2015-11-23T00:00:00+01:00</sln:cyklZyciaOd><sln:gmIIPId>83ac4647-7ab2-4135-8b87-ae21325003f9</sln:gmIIPId><sln:gmIIPPn>PL.PZGIK.200</sln:gmIIPPn><sln:gmIIPWersja>2012-09-26T22:20:34+02:00</sln:gmIIPWersja><sln:gmIdTeryt>2804082</sln:gmIdTeryt><sln:gmNazwa>Rychliki</sln:gmNazwa><sln:miejscIIPId>33a2c4e8-106b-4206-92cd-8947cbf2fbe4</sln:miejscIIPId><sln:miejscIIPPn>PL.PZGIK.200</sln:miejscIIPPn><sln:miejscIIPWersja>2016-11-24T09:26:06+02:00</sln:miejscIIPWersja><sln:miejscIdTeryt>0156156</sln:miejscIdTeryt><sln:miejscNazwa>Święty Gaj</sln:miejscNazwa><sln:miejscRodzaj>Wieś</sln:miejscRodzaj><sln:powIIPId>61a0d267-58aa-4f3a-86e7-faa281e50ebc</sln:powIIPId><sln:powIIPPn>PL.PZGIK.200</sln:powIIPPn><sln:powIIPWersja>2012-09-27T10:00:59+02:00</sln:powIIPWersja><sln:powIdTeryt>2804</sln:powIdTeryt><sln:powNazwa>elbląski</sln:powNazwa><sln:waznyOd>2014-01-24T00:00:00+01:00</sln:waznyOd><sln:wojIIPId>45e7cfc6-6d8b-42ff-acbd-ef1d0a53dacb</sln:wojIIPId><sln:wojIIPPn>PL.PZGIK.200</sln:wojIIPPn><sln:wojIIPWersja>2012-09-27T13:45:13+02:00</sln:wojIIPWersja><sln:wojIdTeryt>28</sln:wojIdTeryt><sln:wojNazwa>warmińsko-mazurskie</sln:wojNazwa></sln:miejscowosc><sln:miejscowosc><sln:cyklZyciaDo>2017-04-25T00:00:00+02:00</sln:cyklZyciaDo><sln:cyklZyciaOd>2015-11-23T00:00:00+01:00</sln:cyklZyciaOd><sln:gmIIPId>83ac4647-7ab2-4135-8b87-ae21325003f9</sln:gmIIPId><sln:gmIIPPn>PL.PZGIK.200</sln:gmIIPPn><sln:gmIIPWersja>2012-09-26T22:20:34+02:00</sln:gmIIPWersja><sln:gmIdTeryt>2804082</sln:gmIdTeryt><sln:gmNazwa>Rychliki</sln:gmNazwa><sln:miejscIIPId>f889302b-e536-496b-87db-d3aa017ea93e</sln:miejscIIPId><sln:miejscIIPPn>PL.PZGIK.200</sln:miejscIIPPn><sln:miejscIIPWersja>2016-11-24T09:26:06+02:00</sln:miejscIIPWersja><sln:miejscIdTeryt>0156080</sln:miejscIdTeryt><sln:miejscNazwa>Topolno Wielkie</sln:miejscNazwa><sln:miejscRodzaj>Osada</sln:miejscRodzaj><sln:powIIPId>61a0d267-58aa-4f3a-86e7-faa281e50ebc</sln:powIIPId><sln:powIIPPn>PL.PZGIK.200</sln:powIIPPn><sln:powIIPWersja>2012-09-27T10:00:59+02:00</sln:powIIPWersja><sln:powIdTeryt>2804</sln:powIdTeryt><sln:powNazwa>elbląski</sln:powNazwa><sln:waznyOd>2015-05-15T00:00:00+02:00</sln:waznyOd><sln:wojIIPId>45e7cfc6-6d8b-42ff-acbd-ef1d0a53dacb</sln:wojIIPId><sln:wojIIPPn>PL.PZGIK.200</sln:wojIIPPn><sln:wojIIPWersja>2012-09-27T13:45:13+02:00</sln:wojIIPWersja><sln:wojIdTeryt>28</sln:wojIdTeryt><sln:wojNazwa>warmińsko-mazurskie</sln:wojNazwa></sln:miejscowosc><sln:miejscowosc><sln:cyklZyciaDo>2017-04-25T00:00:00+02:00</sln:cyklZyciaDo><sln:cyklZyciaOd>2015-11-23T00:00:00+01:00</sln:cyklZyciaOd><sln:gmIIPId>83ac4647-7ab2-4135-8b87-ae21325003f9</sln:gmIIPId><sln:gmIIPPn>PL.PZGIK.200</sln:gmIIPPn><sln:gmIIPWersja>2012-09-26T22:20:34+02:00</sln:gmIIPWersja><sln:gmIdTeryt>2804082</sln:gmIdTeryt><sln:gmNazwa>Rychliki</sln:gmNazwa><sln:miejscIIPId>8c2443e3-8260-496d-8a76-bfe704b051b4</sln:miejscIIPId><sln:miejscIIPPn>PL.PZGIK.200</sln:miejscIIPPn><sln:miejscIIPWersja>2016-11-24T09:26:06+02:00</sln:miejscIIPWersja><sln:miejscIdTeryt>0156162</sln:miejscIdTeryt><sln:miejscNazwa>Wopity</sln:miejscNazwa><sln:miejscRodzaj>Wieś</sln:miejscRodzaj><sln:powIIPId>61a0d267-58aa-4f3a-86e7-faa281e50ebc</sln:powIIPId><sln:powIIPPn>PL.PZGIK.200</sln:powIIPPn><sln:powIIPWersja>2012-09-27T10:00:59+02:00</sln:powIIPWersja><sln:powIdTeryt>2804</sln:powIdTeryt><sln:powNazwa>elbląski</sln:powNazwa><sln:waznyOd>2014-01-24T00:00:00+01:00</sln:waznyOd><sln:wojIIPId>45e7cfc6-6d8b-42ff-acbd-ef1d0a53dacb</sln:wojIIPId><sln:wojIIPPn>PL.PZGIK.200</sln:wojIIPPn><sln:wojIIPWersja>2012-09-27T13:45:13+02:00</sln:wojIIPWersja><sln:wojIdTeryt>28</sln:wojIdTeryt><sln:wojNazwa>warmińsko-mazurskie</sln:wojNazwa></sln:miejscowosc><sln:miejscowosc><sln:cyklZyciaDo>2017-04-25T00:00:00+02:00</sln:cyklZyciaDo><sln:cyklZyciaOd>2015-11-23T00:00:00+01:00</sln:cyklZyciaOd><sln:gmIIPId>83ac4647-7ab2-4135-8b87-ae21325003f9</sln:gmIIPId><sln:gmIIPPn>PL.PZGIK.200</sln:gmIIPPn><sln:gmIIPWersja>2012-09-26T22:20:34+02:00</sln:gmIIPWersja><sln:gmIdTeryt>2804082</sln:gmIdTeryt><sln:gmNazwa>Rychliki</sln:gmNazwa><sln:miejscIIPId>4b7f7d7e-b27c-415d-b927-75a99db9731a</sln:miejscIIPId><sln:miejscIIPPn>PL.PZGIK.200</sln:miejscIIPPn><sln:miejscIIPWersja>2016-11-24T09:26:06+02:00</sln:miejscIIPWersja><sln:miejscIdTeryt>0156179</sln:miejscIdTeryt><sln:miejscNazwa>Wysoka</sln:miejscNazwa><sln:miejscRodzaj>Osada</sln:miejscRodzaj><sln:powIIPId>61a0d267-58aa-4f3a-86e7-faa281e50ebc</sln:powIIPId><sln:powIIPPn>PL.PZGIK.200</sln:powIIPPn><sln:powIIPWersja>2012-09-27T10:00:59+02:00</sln:powIIPWersja><sln:powIdTeryt>2804</sln:powIdTeryt><sln:powNazwa>elbląski</sln:powNazwa><sln:waznyOd>2014-01-24T00:00:00+01:00</sln:waznyOd><sln:wojIIPId>45e7cfc6-6d8b-42ff-acbd-ef1d0a53dacb</sln:wojIIPId><sln:wojIIPPn>PL.PZGIK.200</sln:wojIIPPn><sln:wojIIPWersja>2012-09-27T13:45:13+02:00</sln:wojIIPWersja><sln:wojIdTeryt>28</sln:wojIdTeryt><sln:wojNazwa>warmińsko-mazurskie</sln:wojNazwa></sln:miejscowosc><sln:miejscowosc><sln:cyklZyciaOd>2017-04-25T00:00:00+02:00</sln:cyklZyciaOd><sln:gmIIPId>83ac4647-7ab2-4135-8b87-ae21325003f9</sln:gmIIPId><sln:gmIIPPn>PL.PZGIK.200</sln:gmIIPPn><sln:gmIIPWersja>2012-09-26T22:20:34+02:00</sln:gmIIPWersja><sln:gmIdTeryt>2804082</sln:gmIdTeryt><sln:gmNazwa>Rychliki</sln:gmNazwa><sln:miejscIIPId>a7531da2-b09b-4c30-8684-f35d1cb2c6bf</sln:miejscIIPId><sln:miejscIIPPn>PL.PZGIK.200</sln:miejscIIPPn><sln:miejscIIPWersja>2017-04-25T13:23:13+02:00</sln:miejscIIPWersja><sln:miejscIdTeryt>0155910</sln:miejscIdTeryt><sln:miejscNazwa>Barzyna</sln:miejscNazwa><sln:miejscRodzaj>Osada</sln:miejscRodzaj><sln:powIIPId>61a0d267-58aa-4f3a-86e7-faa281e50ebc</sln:powIIPId><sln:powIIPPn>PL.PZGIK.200</sln:powIIPPn><sln:powIIPWersja>2012-09-27T10:00:59+02:00</sln:powIIPWersja><sln:powIdTeryt>2804</sln:powIdTeryt><sln:powNazwa>elbląski</sln:powNazwa><sln:waznyOd>2014-01-24T00:00:00+01:00</sln:waznyOd><sln:wojIIPId>45e7cfc6-6d8b-42ff-acbd-ef1d0a53dacb</sln:wojIIPId><sln:wojIIPPn>PL.PZGIK.200</sln:wojIIPPn><sln:wojIIPWersja>2012-09-27T13:45:13+02:00</sln:wojIIPWersja><sln:wojIdTeryt>28</sln:wojIdTeryt><sln:wojNazwa>warmińsko-mazurskie</sln:wojNazwa></sln:miejscowosc><sln:miejscowosc><sln:cyklZyciaOd>2017-04-25T00:00:00+02:00</sln:cyklZyciaOd><sln:gmIIPId>83ac4647-7ab2-4135-8b87-ae21325003f9</sln:gmIIPId><sln:gmIIPPn>PL.PZGIK.200</sln:gmIIPPn><sln:gmIIPWersja>2012-09-26T22:20:34+02:00</sln:gmIIPWersja><sln:gmIdTeryt>2804082</sln:gmIdTeryt><sln:gmNazwa>Rychliki</sln:gmNazwa><sln:miejscIIPId>e98ce96b-dd1c-4959-885d-9ad5919f398a</sln:miejscIIPId><sln:miejscIIPPn>PL.PZGIK.200</sln:miejscIIPPn><sln:miejscIIPWersja>2017-04-25T13:23:23+02:00</sln:miejscIIPWersja><sln:miejscIdTeryt>0155926</sln:miejscIdTeryt><sln:miejscNazwa>Buczyniec</sln:miejscNazwa><sln:miejscRodzaj>Wieś</sln:miejscRodzaj><sln:powIIPId>61a0d267-58aa-4f3a-86e7-faa281e50ebc</sln:powIIPId><sln:powIIPPn>PL.PZGIK.200</sln:powIIPPn><sln:powIIPWersja>2012-09-27T10:00:59+02:00</sln:powIIPWersja><sln:powIdTeryt>2804</sln:powIdTeryt><sln:powNazwa>elbląski</sln:powNazwa><sln:waznyOd>2014-01-24T00:00:00+01:00</sln:waznyOd><sln:wojIIPId>45e7cfc6-6d8b-42ff-acbd-ef1d0a53dacb</sln:wojIIPId><sln:wojIIPPn>PL.PZGIK.200</sln:wojIIPPn><sln:wojIIPWersja>2012-09-27T13:45:13+02:00</sln:wojIIPWersja><sln:wojIdTeryt>28</sln:wojIdTeryt><sln:wojNazwa>warmińsko-mazurskie</sln:wojNazwa></sln:miejscowosc><sln:miejscowosc><sln:cyklZyciaOd>2017-04-25T00:00:00+02:00</sln:cyklZyciaOd><sln:gmIIPId>83ac4647-7ab2-4135-8b87-ae21325003f9</sln:gmIIPId><sln:gmIIPPn>PL.PZGIK.200</sln:gmIIPPn><sln:gmIIPWersja>2012-09-26T22:20:34+02:00</sln:gmIIPWersja><sln:gmIdTeryt>2804082</sln:gmIdTeryt><sln:gmNazwa>Rychliki</sln:gmNazwa><sln:miejscIIPId>50ef889c-0bad-4436-bb31-37174b956112</sln:miejscIIPId><sln:miejscIIPPn>PL.PZGIK.200</sln:miejscIIPPn><sln:miejscIIPWersja>2017-04-25T13:23:24+02:00</sln:miejscIIPWersja><sln:miejscIdTeryt>0155949</sln:miejscIdTeryt><sln:miejscNazwa>Liszki</sln:miejscNazwa><sln:miejscRodzaj>Osada</sln:miejscRodzaj><sln:powIIPId>61a0d267-58aa-4f3a-86e7-faa281e50ebc</sln:powIIPId><sln:powIIPPn>PL.PZGIK.200</sln:powIIPPn><sln:powIIPWersja>2012-09-27T10:00:59+02:00</sln:powIIPWersja><sln:powIdTeryt>2804</sln:powIdTeryt><sln:powNazwa>elbląski</sln:powNazwa><sln:waznyOd>2014-01-24T00:00:00+01:00</sln:waznyOd><sln:wojIIPId>45e7cfc6-6d8b-42ff-acbd-ef1d0a53dacb</sln:wojIIPId><sln:wojIIPPn>PL.PZGIK.200</sln:wojIIPPn><sln:wojIIPWersja>2012-09-27T13:45:13+02:00</sln:wojIIPWersja><sln:wojIdTeryt>28</sln:wojIdTeryt><sln:wojNazwa>warmińsko-mazurskie</sln:wojNazwa></sln:miejscowosc><sln:miejscowosc><sln:cyklZyciaOd>2017-04-25T00:00:00+02:00</sln:cyklZyciaOd><sln:gmIIPId>83ac4647-7ab2-4135-8b87-ae21325003f9</sln:gmIIPId><sln:gmIIPPn>PL.PZGIK.200</sln:gmIIPPn><sln:gmIIPWersja>2012-09-26T22:20:34+02:00</sln:gmIIPWersja><sln:gmIdTeryt>2804082</sln:gmIdTeryt><sln:gmNazwa>Rychliki</sln:gmNazwa><sln:miejscIIPId>584f5bbf-ea03-43c6-a816-a8bd090a1a3f</sln:miejscIIPId><sln:miejscIIPPn>PL.PZGIK.200</sln:miejscIIPPn><sln:miejscIIPWersja>2017-04-25T13:23:24+02:00</sln:miejscIIPWersja><sln:miejscIdTeryt>0155955</sln:miejscIdTeryt><sln:miejscNazwa>Budki</sln:miejscNazwa><sln:miejscRodzaj>Osada</sln:miejscRodzaj><sln:powIIPId>61a0d267-58aa-4f3a-86e7-faa281e50ebc</sln:powIIPId><sln:powIIPPn>PL.PZGIK.200</sln:powIIPPn><sln:powIIPWersja>2012-09-27T10:00:59+02:00</sln:powIIPWersja><sln:powIdTeryt>2804</sln:powIdTeryt><sln:powNazwa>elbląski</sln:powNazwa><sln:waznyOd>2014-01-24T00:00:00+01:00</sln:waznyOd><sln:wojIIPId>45e7cfc6-6d8b-42ff-acbd-ef1d0a53dacb</sln:wojIIPId><sln:wojIIPPn>PL.PZGIK.200</sln:wojIIPPn><sln:wojIIPWersja>2012-09-27T13:45:13+02:00</sln:wojIIPWersja><sln:wojIdTeryt>28</sln:wojIdTeryt><sln:wojNazwa>warmińsko-mazurskie</sln:wojNazwa></sln:miejscowosc><sln:miejscowosc><sln:cyklZyciaOd>2017-04-25T00:00:00+02:00</sln:cyklZyciaOd><sln:gmIIPId>83ac4647-7ab2-4135-8b87-ae21325003f9</sln:gmIIPId><sln:gmIIPPn>PL.PZGIK.200</sln:gmIIPPn><sln:gmIIPWersja>2012-09-26T22:20:34+02:00</sln:gmIIPWersja><sln:gmIdTeryt>2804082</sln:gmIdTeryt><sln:gmNazwa>Rychliki</sln:gmNazwa><sln:miejscIIPId>930a3897-d4f1-4b70-b1e8-d91ad76cd9ad</sln:miejscIIPId><sln:miejscIIPPn>PL.PZGIK.200</sln:miejscIIPPn><sln:miejscIIPWersja>2017-04-25T13:23:24+02:00</sln:miejscIIPWersja><sln:miejscIdTeryt>0155961</sln:miejscIdTeryt><sln:miejscNazwa>Dymnik</sln:miejscNazwa><sln:miejscRodzaj>Osada</sln:miejscRodzaj><sln:powIIPId>61a0d267-58aa-4f3a-86e7-faa281e50ebc</sln:powIIPId><sln:powIIPPn>PL.PZGIK.200</sln:powIIPPn><sln:powIIPWersja>2012-09-27T10:00:59+02:00</sln:powIIPWersja><sln:powIdTeryt>2804</sln:powIdTeryt><sln:powNazwa>elbląski</sln:powNazwa><sln:waznyOd>2014-01-24T00:00:00+01:00</sln:waznyOd><sln:wojIIPId>45e7cfc6-6d8b-42ff-acbd-ef1d0a53dacb</sln:wojIIPId><sln:wojIIPPn>PL.PZGIK.200</sln:wojIIPPn><sln:wojIIPWersja>2012-09-27T13:45:13+02:00</sln:wojIIPWersja><sln:wojIdTeryt>28</sln:wojIdTeryt><sln:wojNazwa>warmińsko-mazurskie</sln:wojNazwa></sln:miejscowosc><sln:miejscowosc><sln:cyklZyciaOd>2017-04-25T00:00:00+02:00</sln:cyklZyciaOd><sln:gmIIPId>83ac4647-7ab2-4135-8b87-ae21325003f9</sln:gmIIPId><sln:gmIIPPn>PL.PZGIK.200</sln:gmIIPPn><sln:gmIIPWersja>2012-09-26T22:20:34+02:00</sln:gmIIPWersja><sln:gmIdTeryt>2804082</sln:gmIdTeryt><sln:gmNazwa>Rychliki</sln:gmNazwa><sln:miejscIIPId>b9cd718d-7bb4-471f-8072-5b894e65eb70</sln:miejscIIPId><sln:miejscIIPPn>PL.PZGIK.200</sln:miejscIIPPn><sln:miejscIIPWersja>2017-04-25T13:23:24+02:00</sln:miejscIIPWersja><sln:miejscIdTeryt>0155978</sln:miejscIdTeryt><sln:miejscNazwa>Gołutowo</sln:miejscNazwa><sln:miejscRodzaj>Osada</sln:miejscRodzaj><sln:powIIPId>61a0d267-58aa-4f3a-86e7-faa281e50ebc</sln:powIIPId><sln:powIIPPn>PL.PZGIK.200</sln:powIIPPn><sln:powIIPWersja>2012-09-27T10:00:59+02:00</sln:powIIPWersja><sln:powIdTeryt>2804</sln:powIdTeryt><sln:powNazwa>elbląski</sln:powNazwa><sln:waznyOd>2014-01-24T00:00:00+01:00</sln:waznyOd><sln:wojIIPId>45e7cfc6-6d8b-42ff-acbd-ef1d0a53dacb</sln:wojIIPId><sln:wojIIPPn>PL.PZGIK.200</sln:wojIIPPn><sln:wojIIPWersja>2012-09-27T13:45:13+02:00</sln:wojIIPWersja><sln:wojIdTeryt>28</sln:wojIdTeryt><sln:wojNazwa>warmińsko-mazurskie</sln:wojNazwa></sln:miejscowosc><sln:miejscowosc><sln:cyklZyciaOd>2017-04-25T00:00:00+02:00</sln:cyklZyciaOd><sln:gmIIPId>83ac4647-7ab2-4135-8b87-ae21325003f9</sln:gmIIPId><sln:gmIIPPn>PL.PZGIK.200</sln:gmIIPPn><sln:gmIIPWersja>2012-09-26T22:20:34+02:00</sln:gmIIPWersja><sln:gmIdTeryt>2804082</sln:gmIdTeryt><sln:gmNazwa>Rychliki</sln:gmNazwa><sln:miejscIIPId>88568758-801e-43ee-93b0-1a5f3b0f7ce9</sln:miejscIIPId><sln:miejscIIPPn>PL.PZGIK.200</sln:miejscIIPPn><sln:miejscIIPWersja>2017-04-25T13:23:24+02:00</sln:miejscIIPWersja><sln:miejscIdTeryt>0155984</sln:miejscIdTeryt><sln:miejscNazwa>Dziśnity</sln:miejscNazwa><sln:miejscRodzaj>Wieś</sln:miejscRodzaj><sln:powIIPId>61a0d267-58aa-4f3a-86e7-faa281e50ebc</sln:powIIPId><sln:powIIPPn>PL.PZGIK.200</sln:powIIPPn><sln:powIIPWersja>2012-09-27T10:00:59+02:00</sln:powIIPWersja><sln:powIdTeryt>2804</sln:powIdTeryt><sln:powNazwa>elbląski</sln:powNazwa><sln:waznyOd>2014-01-24T00:00:00+01:00</sln:waznyOd><sln:wojIIPId>45e7cfc6-6d8b-42ff-acbd-ef1d0a53dacb</sln:wojIIPId><sln:wojIIPPn>PL.PZGIK.200</sln:wojIIPPn><sln:wojIIPWersja>2012-09-27T13:45:13+02:00</sln:wojIIPWersja><sln:wojIdTeryt>28</sln:wojIdTeryt><sln:wojNazwa>warmińsko-mazurskie</sln:wojNazwa></sln:miejscowosc><sln:miejscowosc><sln:cyklZyciaOd>2017-04-25T00:00:00+02:00</sln:cyklZyciaOd><sln:gmIIPId>83ac4647-7ab2-4135-8b87-ae21325003f9</sln:gmIIPId><sln:gmIIPPn>PL.PZGIK.200</sln:gmIIPPn><sln:gmIIPWersja>2012-09-26T22:20:34+02:00</sln:gmIIPWersja><sln:gmIdTeryt>2804082</sln:gmIdTeryt><sln:gmNazwa>Rychliki</sln:gmNazwa><sln:miejscIIPId>476d86df-3d4f-4476-ae5c-c9190a9cebcb</sln:miejscIIPId><sln:miejscIIPPn>PL.PZGIK.200</sln:miejscIIPPn><sln:miejscIIPWersja>2017-04-25T13:23:24+02:00</sln:miejscIIPWersja><sln:miejscIdTeryt>0155990</sln:miejscIdTeryt><sln:miejscNazwa>Jankowo</sln:miejscNazwa><sln:miejscRodzaj>Osada</sln:miejscRodzaj><sln:powIIPId>61a0d267-58aa-4f3a-86e7-faa281e50ebc</sln:powIIPId><sln:powIIPPn>PL.PZGIK.200</sln:powIIPPn><sln:powIIPWersja>2012-09-27T10:00:59+02:00</sln:powIIPWersja><sln:powIdTeryt>2804</sln:powIdTeryt><sln:powNazwa>elbląski</sln:powNazwa><sln:waznyOd>2014-01-24T00:00:00+01:00</sln:waznyOd><sln:wojIIPId>45e7cfc6-6d8b-42ff-acbd-ef1d0a53dacb</sln:wojIIPId><sln:wojIIPPn>PL.PZGIK.200</sln:wojIIPPn><sln:wojIIPWersja>2012-09-27T13:45:13+02:00</sln:wojIIPWersja><sln:wojIdTeryt>28</sln:wojIdTeryt><sln:wojNazwa>warmińsko-mazurskie</sln:wojNazwa></sln:miejscowosc><sln:miejscowosc><sln:cyklZyciaOd>2017-04-25T00:00:00+02:00</sln:cyklZyciaOd><sln:gmIIPId>83ac4647-7ab2-4135-8b87-ae21325003f9</sln:gmIIPId><sln:gmIIPPn>PL.PZGIK.200</sln:gmIIPPn><sln:gmIIPWersja>2012-09-26T22:20:34+02:00</sln:gmIIPWersja><sln:gmIdTeryt>2804082</sln:gmIdTeryt><sln:gmNazwa>Rychliki</sln:gmNazwa><sln:miejscIIPId>e3744678-d6c9-49ec-bafd-29369f23259c</sln:miejscIIPId><sln:miejscIIPPn>PL.PZGIK.200</sln:miejscIIPPn><sln:miejscIIPWersja>2017-04-25T13:23:24+02:00</sln:miejscIIPWersja><sln:miejscIdTeryt>0156009</sln:miejscIdTeryt><sln:miejscNazwa>Jelonki</sln:miejscNazwa><sln:miejscRodzaj>Wieś</sln:miejscRodzaj><sln:powIIPId>61a0d267-58aa-4f3a-86e7-faa281e50ebc</sln:powIIPId><sln:powIIPPn>PL.PZGIK.200</sln:powIIPPn><sln:powIIPWersja>2012-09-27T10:00:59+02:00</sln:powIIPWersja><sln:powIdTeryt>2804</sln:powIdTeryt><sln:powNazwa>elbląski</sln:powNazwa><sln:waznyOd>2014-01-24T00:00:00+01:00</sln:waznyOd><sln:wojIIPId>45e7cfc6-6d8b-42ff-acbd-ef1d0a53dacb</sln:wojIIPId><sln:wojIIPPn>PL.PZGIK.200</sln:wojIIPPn><sln:wojIIPWersja>2012-09-27T13:45:13+02:00</sln:wojIIPWersja><sln:wojIdTeryt>28</sln:wojIdTeryt><sln:wojNazwa>warmińsko-mazurskie</sln:wojNazwa></sln:miejscowosc><sln:miejscowosc><sln:cyklZyciaOd>2017-04-25T00:00:00+02:00</sln:cyklZyciaOd><sln:gmIIPId>83ac4647-7ab2-4135-8b87-ae21325003f9</sln:gmIIPId><sln:gmIIPPn>PL.PZGIK.200</sln:gmIIPPn><sln:gmIIPWersja>2012-09-26T22:20:34+02:00</sln:gmIIPWersja><sln:gmIdTeryt>2804082</sln:gmIdTeryt><sln:gmNazwa>Rychliki</sln:gmNazwa><sln:miejscIIPId>335fca13-9d2c-4adf-8964-781186c0ce27</sln:miejscIIPId><sln:miejscIIPPn>PL.PZGIK.200</sln:miejscIIPPn><sln:miejscIIPWersja>2017-04-25T13:23:24+02:00</sln:miejscIIPWersja><sln:miejscIdTeryt>0156015</sln:miejscIdTeryt><sln:miejscNazwa>Krupin</sln:miejscNazwa><sln:miejscRodzaj>Osada</sln:miejscRodzaj><sln:powIIPId>61a0d267-58aa-4f3a-86e7-faa281e50ebc</sln:powIIPId><sln:powIIPPn>PL.PZGIK.200</sln:powIIPPn><sln:powIIPWersja>2012-09-27T10:00:59+02:00</sln:powIIPWersja><sln:powIdTeryt>2804</sln:powIdTeryt><sln:powNazwa>elbląski</sln:powNazwa><sln:waznyOd>2014-01-24T00:00:00+01:00</sln:waznyOd><sln:wojIIPId>45e7cfc6-6d8b-42ff-acbd-ef1d0a53dacb</sln:wojIIPId><sln:wojIIPPn>PL.PZGIK.200</sln:wojIIPPn><sln:wojIIPWersja>2012-09-27T13:45:13+02:00</sln:wojIIPWersja><sln:wojIdTeryt>28</sln:wojIdTeryt><sln:wojNazwa>warmińsko-mazurskie</sln:wojNazwa></sln:miejscowosc><sln:miejscowosc><sln:cyklZyciaOd>2017-04-25T00:00:00+02:00</sln:cyklZyciaOd><sln:gmIIPId>83ac4647-7ab2-4135-8b87-ae21325003f9</sln:gmIIPId><sln:gmIIPPn>PL.PZGIK.200</sln:gmIIPPn><sln:gmIIPWersja>2012-09-26T22:20:34+02:00</sln:gmIIPWersja><sln:gmIdTeryt>2804082</sln:gmIdTeryt><sln:gmNazwa>Rychliki</sln:gmNazwa><sln:miejscIIPId>f963175e-b595-47e1-9690-9c9ee6048374</sln:miejscIIPId><sln:miejscIIPPn>PL.PZGIK.200</sln:miejscIIPPn><sln:miejscIIPWersja>2017-04-25T13:23:24+02:00</sln:miejscIIPWersja><sln:miejscIdTeryt>0156021</sln:miejscIdTeryt><sln:miejscNazwa>Kiersity</sln:miejscNazwa><sln:miejscRodzaj>Osada</sln:miejscRodzaj><sln:powIIPId>61a0d267-58aa-4f3a-86e7-faa281e50ebc</sln:powIIPId><sln:powIIPPn>PL.PZGIK.200</sln:powIIPPn><sln:powIIPWersja>2012-09-27T10:00:59+02:00</sln:powIIPWersja><sln:powIdTeryt>2804</sln:powIdTeryt><sln:powNazwa>elbląski</sln:powNazwa><sln:waznyOd>2015-05-15T00:00:00+02:00</sln:waznyOd><sln:wojIIPId>45e7cfc6-6d8b-42ff-acbd-ef1d0a53dacb</sln:wojIIPId><sln:wojIIPPn>PL.PZGIK.200</sln:wojIIPPn><sln:wojIIPWersja>2012-09-27T13:45:13+02:00</sln:wojIIPWersja><sln:wojIdTeryt>28</sln:wojIdTeryt><sln:wojNazwa>warmińsko-mazurskie</sln:wojNazwa></sln:miejscowosc><sln:miejscowosc><sln:cyklZyciaOd>2017-04-25T00:00:00+02:00</sln:cyklZyciaOd><sln:gmIIPId>83ac4647-7ab2-4135-8b87-ae21325003f9</sln:gmIIPId><sln:gmIIPPn>PL.PZGIK.200</sln:gmIIPPn><sln:gmIIPWersja>2012-09-26T22:20:34+02:00</sln:gmIIPWersja><sln:gmIdTeryt>2804082</sln:gmIdTeryt><sln:gmNazwa>Rychliki</sln:gmNazwa><sln:miejscIIPId>1c5928ed-fa6f-4734-9729-59186f6acc28</sln:miejscIIPId><sln:miejscIIPPn>PL.PZGIK.200</sln:miejscIIPPn><sln:miejscIIPWersja>2017-04-25T13:23:24+02:00</sln:miejscIIPWersja><sln:miejscIdTeryt>0156038</sln:miejscIdTeryt><sln:miejscNazwa>Kwietniewo</sln:miejscNazwa><sln:miejscRodzaj>Wieś</sln:miejscRodzaj><sln:powIIPId>61a0d267-58aa-4f3a-86e7-faa281e50ebc</sln:powIIPId><sln:powIIPPn>PL.PZGIK.200</sln:powIIPPn><sln:powIIPWersja>2012-09-27T10:00:59+02:00</sln:powIIPWersja><sln:powIdTeryt>2804</sln:powIdTeryt><sln:powNazwa>elbląski</sln:powNazwa><sln:waznyOd>2014-01-24T00:00:00+01:00</sln:waznyOd><sln:wojIIPId>45e7cfc6-6d8b-42ff-acbd-ef1d0a53dacb</sln:wojIIPId><sln:wojIIPPn>PL.PZGIK.200</sln:wojIIPPn><sln:wojIIPWersja>2012-09-27T13:45:13+02:00</sln:wojIIPWersja><sln:wojIdTeryt>28</sln:wojIdTeryt><sln:wojNazwa>warmińsko-mazurskie</sln:wojNazwa></sln:miejscowosc><sln:miejscowosc><sln:cyklZyciaOd>2017-04-25T00:00:00+02:00</sln:cyklZyciaOd><sln:gmIIPId>83ac4647-7ab2-4135-8b87-ae21325003f9</sln:gmIIPId><sln:gmIIPPn>PL.PZGIK.200</sln:gmIIPPn><sln:gmIIPWersja>2012-09-26T22:20:34+02:00</sln:gmIIPWersja><sln:gmIdTeryt>2804082</sln:gmIdTeryt><sln:gmNazwa>Rychliki</sln:gmNazwa><sln:miejscIIPId>d4a6519a-3be6-4571-9916-ff031dd99c11</sln:miejscIIPId><sln:miejscIIPPn>PL.PZGIK.200</sln:miejscIIPPn><sln:miejscIIPWersja>2017-04-25T13:23:24+02:00</sln:miejscIIPWersja><sln:miejscIdTeryt>0156044</sln:miejscIdTeryt><sln:miejscNazwa>Lepno</sln:miejscNazwa><sln:miejscRodzaj>Wieś</sln:miejscRodzaj><sln:powIIPId>61a0d267-58aa-4f3a-86e7-faa281e50ebc</sln:powIIPId><sln:powIIPPn>PL.PZGIK.200</sln:powIIPPn><sln:powIIPWersja>2012-09-27T10:00:59+02:00</sln:powIIPWersja><sln:powIdTeryt>2804</sln:powIdTeryt><sln:powNazwa>elbląski</sln:powNazwa><sln:waznyOd>2014-01-24T00:00:00+01:00</sln:waznyOd><sln:wojIIPId>45e7cfc6-6d8b-42ff-acbd-ef1d0a53dacb</sln:wojIIPId><sln:wojIIPPn>PL.PZGIK.200</sln:wojIIPPn><sln:wojIIPWersja>2012-09-27T13:45:13+02:00</sln:wojIIPWersja><sln:wojIdTeryt>28</sln:wojIdTeryt><sln:wojNazwa>warmińsko-mazurskie</sln:wojNazwa></sln:miejscowosc><sln:miejscowosc><sln:cyklZyciaOd>2017-04-25T00:00:00+02:00</sln:cyklZyciaOd><sln:gmIIPId>83ac4647-7ab2-4135-8b87-ae21325003f9</sln:gmIIPId><sln:gmIIPPn>PL.PZGIK.200</sln:gmIIPPn><sln:gmIIPWersja>2012-09-26T22:20:34+02:00</sln:gmIIPWersja><sln:gmIdTeryt>2804082</sln:gmIdTeryt><sln:gmNazwa>Rychliki</sln:gmNazwa><sln:miejscIIPId>44cf8821-8da8-4e3b-9b03-8f2cf051ff90</sln:miejscIIPId><sln:miejscIIPPn>PL.PZGIK.200</sln:miejscIIPPn><sln:miejscIIPWersja>2017-04-25T13:23:25+02:00</sln:miejscIIPWersja><sln:miejscIdTeryt>0156050</sln:miejscIdTeryt><sln:miejscNazwa>Marwica</sln:miejscNazwa><sln:miejscRodzaj>Wieś</sln:miejscRodzaj><sln:powIIPId>61a0d267-58aa-4f3a-86e7-faa281e50ebc</sln:powIIPId><sln:powIIPPn>PL.PZGIK.200</sln:powIIPPn><sln:powIIPWersja>2012-09-27T10:00:59+02:00</sln:powIIPWersja><sln:powIdTeryt>2804</sln:powIdTeryt><sln:powNazwa>elbląski</sln:powNazwa><sln:waznyOd>2014-01-24T00:00:00+01:00</sln:waznyOd><sln:wojIIPId>45e7cfc6-6d8b-42ff-acbd-ef1d0a53dacb</sln:wojIIPId><sln:wojIIPPn>PL.PZGIK.200</sln:wojIIPPn><sln:wojIIPWersja>2012-09-27T13:45:13+02:00</sln:wojIIPWersja><sln:wojIdTeryt>28</sln:wojIdTeryt><sln:wojNazwa>warmińsko-mazurskie</sln:wojNazwa></sln:miejscowosc><sln:miejscowosc><sln:cyklZyciaOd>2017-04-25T00:00:00+02:00</sln:cyklZyciaOd><sln:gmIIPId>83ac4647-7ab2-4135-8b87-ae21325003f9</sln:gmIIPId><sln:gmIIPPn>PL.PZGIK.200</sln:gmIIPPn><sln:gmIIPWersja>2012-09-26T22:20:34+02:00</sln:gmIIPWersja><sln:gmIdTeryt>2804082</sln:gmIdTeryt><sln:gmNazwa>Rychliki</sln:gmNazwa><sln:miejscIIPId>f889302b-e536-496b-87db-d3aa017ea93e</sln:miejscIIPId><sln:miejscIIPPn>PL.PZGIK.200</sln:miejscIIPPn><sln:miejscIIPWersja>2017-04-25T13:23:25+02:00</sln:miejscIIPWersja><sln:miejscIdTeryt>0156080</sln:miejscIdTeryt><sln:miejscNazwa>Topolno Wielkie</sln:miejscNazwa><sln:miejscRodzaj>Osada</sln:miejscRodzaj><sln:powIIPId>61a0d267-58aa-4f3a-86e7-faa281e50ebc</sln:powIIPId><sln:powIIPPn>PL.PZGIK.200</sln:powIIPPn><sln:powIIPWersja>2012-09-27T10:00:59+02:00</sln:powIIPWersja><sln:powIdTeryt>2804</sln:powIdTeryt><sln:powNazwa>elbląski</sln:powNazwa><sln:waznyOd>2015-05-15T00:00:00+02:00</sln:waznyOd><sln:wojIIPId>45e7cfc6-6d8b-42ff-acbd-ef1d0a53dacb</sln:wojIIPId><sln:wojIIPPn>PL.PZGIK.200</sln:wojIIPPn><sln:wojIIPWersja>2012-09-27T13:45:13+02:00</sln:wojIIPWersja><sln:wojIdTeryt>28</sln:wojIdTeryt><sln:wojNazwa>warmińsko-mazurskie</sln:wojNazwa></sln:miejscowosc><sln:miejscowosc><sln:cyklZyciaOd>2017-04-25T00:00:00+02:00</sln:cyklZyciaOd><sln:gmIIPId>83ac4647-7ab2-4135-8b87-ae21325003f9</sln:gmIIPId><sln:gmIIPPn>PL.PZGIK.200</sln:gmIIPPn><sln:gmIIPWersja>2012-09-26T22:20:34+02:00</sln:gmIIPWersja><sln:gmIdTeryt>2804082</sln:gmIdTeryt><sln:gmNazwa>Rychliki</sln:gmNazwa><sln:miejscIIPId>95439250-9859-4ce9-8f32-d4d51f95ee16</sln:miejscIIPId><sln:miejscIIPPn>PL.PZGIK.200</sln:miejscIIPPn><sln:miejscIIPWersja>2017-04-25T13:23:25+02:00</sln:miejscIIPWersja><sln:miejscIdTeryt>0156096</sln:miejscIdTeryt><sln:miejscNazwa>Mokajny</sln:miejscNazwa><sln:miejscRodzaj>Wieś</sln:miejscRodzaj><sln:powIIPId>61a0d267-58aa-4f3a-86e7-faa281e50ebc</sln:powIIPId><sln:powIIPPn>PL.PZGIK.200</sln:powIIPPn><sln:powIIPWersja>2012-09-27T10:00:59+02:00</sln:powIIPWersja><sln:powIdTeryt>2804</sln:powIdTeryt><sln:powNazwa>elbląski</sln:powNazwa><sln:waznyOd>2014-01-24T00:00:00+01:00</sln:waznyOd><sln:wojIIPId>45e7cfc6-6d8b-42ff-acbd-ef1d0a53dacb</sln:wojIIPId><sln:wojIIPPn>PL.PZGIK.200</sln:wojIIPPn><sln:wojIIPWersja>2012-09-27T13:45:13+02:00</sln:wojIIPWersja><sln:wojIdTeryt>28</sln:wojIdTeryt><sln:wojNazwa>warmińsko-mazurskie</sln:wojNazwa></sln:miejscowosc><sln:miejscowosc><sln:cyklZyciaOd>2017-04-25T00:00:00+02:00</sln:cyklZyciaOd><sln:gmIIPId>83ac4647-7ab2-4135-8b87-ae21325003f9</sln:gmIIPId><sln:gmIIPPn>PL.PZGIK.200</sln:gmIIPPn><sln:gmIIPWersja>2012-09-26T22:20:34+02:00</sln:gmIIPWersja><sln:gmIdTeryt>2804082</sln:gmIdTeryt><sln:gmNazwa>Rychliki</sln:gmNazwa><sln:miejscIIPId>164f2770-b15b-44bc-b3df-34528d3a7bd4</sln:miejscIIPId><sln:miejscIIPPn>PL.PZGIK.200</sln:miejscIIPPn><sln:miejscIIPWersja>2017-04-25T13:23:25+02:00</sln:miejscIIPWersja><sln:miejscIdTeryt>0156104</sln:miejscIdTeryt><sln:miejscNazwa>Rejsyty</sln:miejscNazwa><sln:miejscRodzaj>Osada</sln:miejscRodzaj><sln:powIIPId>61a0d267-58aa-4f3a-86e7-faa281e50ebc</sln:powIIPId><sln:powIIPPn>PL.PZGIK.200</sln:powIIPPn><sln:powIIPWersja>2012-09-27T10:00:59+02:00</sln:powIIPWersja><sln:powIdTeryt>2804</sln:powIdTeryt><sln:powNazwa>elbląski</sln:powNazwa><sln:waznyOd>2014-01-24T00:00:00+01:00</sln:waznyOd><sln:wojIIPId>45e7cfc6-6d8b-42ff-acbd-ef1d0a53dacb</sln:wojIIPId><sln:wojIIPPn>PL.PZGIK.200</sln:wojIIPPn><sln:wojIIPWersja>2012-09-27T13:45:13+02:00</sln:wojIIPWersja><sln:wojIdTeryt>28</sln:wojIdTeryt><sln:wojNazwa>warmińsko-mazurskie</sln:wojNazwa></sln:miejscowosc><sln:miejscowosc><sln:cyklZyciaOd>2017-04-25T00:00:00+02:00</sln:cyklZyciaOd><sln:gmIIPId>83ac4647-7ab2-4135-8b87-ae21325003f9</sln:gmIIPId><sln:gmIIPPn>PL.PZGIK.200</sln:gmIIPPn><sln:gmIIPWersja>2012-09-26T22:20:34+02:00</sln:gmIIPWersja><sln:gmIdTeryt>2804082</sln:gmIdTeryt><sln:gmNazwa>Rychliki</sln:gmNazwa><sln:miejscIIPId>e10c6dd5-6d9c-4fad-b88d-ff72ff9c262b</sln:miejscIIPId><sln:miejscIIPPn>PL.PZGIK.200</sln:miejscIIPPn><sln:miejscIIPWersja>2017-04-25T13:23:25+02:00</sln:miejscIIPWersja><sln:miejscIdTeryt>0156110</sln:miejscIdTeryt><sln:miejscNazwa>Rychliki</sln:miejscNazwa><sln:miejscRodzaj>Wieś</sln:miejscRodzaj><sln:powIIPId>61a0d267-58aa-4f3a-86e7-faa281e50ebc</sln:powIIPId><sln:powIIPPn>PL.PZGIK.200</sln:powIIPPn><sln:powIIPWersja>2012-09-27T10:00:59+02:00</sln:powIIPWersja><sln:powIdTeryt>2804</sln:powIdTeryt><sln:powNazwa>elbląski</sln:powNazwa><sln:waznyOd>2014-01-24T00:00:00+01:00</sln:waznyOd><sln:wojIIPId>45e7cfc6-6d8b-42ff-acbd-ef1d0a53dacb</sln:wojIIPId><sln:wojIIPPn>PL.PZGIK.200</sln:wojIIPPn><sln:wojIIPWersja>2012-09-27T13:45:13+02:00</sln:wojIIPWersja><sln:wojIdTeryt>28</sln:wojIdTeryt><sln:wojNazwa>warmińsko-mazurskie</sln:wojNazwa></sln:miejscowosc><sln:miejscowosc><sln:cyklZyciaOd>2017-04-25T00:00:00+02:00</sln:cyklZyciaOd><sln:gmIIPId>83ac4647-7ab2-4135-8b87-ae21325003f9</sln:gmIIPId><sln:gmIIPPn>PL.PZGIK.200</sln:gmIIPPn><sln:gmIIPWersja>2012-09-26T22:20:34+02:00</sln:gmIIPWersja><sln:gmIdTeryt>2804082</sln:gmIdTeryt><sln:gmNazwa>Rychliki</sln:gmNazwa><sln:miejscIIPId>78adf07a-53ae-4846-8bc9-3b4d8479598a</sln:miejscIIPId><sln:miejscIIPPn>PL.PZGIK.200</sln:miejscIIPPn><sln:miejscIIPWersja>2017-04-25T13:23:25+02:00</sln:miejscIIPWersja><sln:miejscIdTeryt>0156127</sln:miejscIdTeryt><sln:miejscNazwa>Sójki</sln:miejscNazwa><sln:miejscRodzaj>Osada</sln:miejscRodzaj><sln:powIIPId>61a0d267-58aa-4f3a-86e7-faa281e50ebc</sln:powIIPId><sln:powIIPPn>PL.PZGIK.200</sln:powIIPPn><sln:powIIPWersja>2012-09-27T10:00:59+02:00</sln:powIIPWersja><sln:powIdTeryt>2804</sln:powIdTeryt><sln:powNazwa>elbląski</sln:powNazwa><sln:waznyOd>2014-01-24T00:00:00+01:00</sln:waznyOd><sln:wojIIPId>45e7cfc6-6d8b-42ff-acbd-ef1d0a53dacb</sln:wojIIPId><sln:wojIIPPn>PL.PZGIK.200</sln:wojIIPPn><sln:wojIIPWersja>2012-09-27T13:45:13+02:00</sln:wojIIPWersja><sln:wojIdTeryt>28</sln:wojIdTeryt><sln:wojNazwa>warmińsko-mazurskie</sln:wojNazwa></sln:miejscowosc><sln:miejscowosc><sln:cyklZyciaOd>2017-04-25T00:00:00+02:00</sln:cyklZyciaOd><sln:gmIIPId>83ac4647-7ab2-4135-8b87-ae21325003f9</sln:gmIIPId><sln:gmIIPPn>PL.PZGIK.200</sln:gmIIPPn><sln:gmIIPWersja>2012-09-26T22:20:34+02:00</sln:gmIIPWersja><sln:gmIdTeryt>2804082</sln:gmIdTeryt><sln:gmNazwa>Rychliki</sln:gmNazwa><sln:miejscIIPId>48b1f5f6-e511-403a-a618-d110135ebac6</sln:miejscIIPId><sln:miejscIIPPn>PL.PZGIK.200</sln:miejscIIPPn><sln:miejscIIPWersja>2017-04-25T13:23:25+02:00</sln:miejscIIPWersja><sln:miejscIdTeryt>0156133</sln:miejscIdTeryt><sln:miejscNazwa>Protowo</sln:miejscNazwa><sln:miejscRodzaj>Osada</sln:miejscRodzaj><sln:powIIPId>61a0d267-58aa-4f3a-86e7-faa281e50ebc</sln:powIIPId><sln:powIIPPn>PL.PZGIK.200</sln:powIIPPn><sln:powIIPWersja>2012-09-27T10:00:59+02:00</sln:powIIPWersja><sln:powIdTeryt>2804</sln:powIdTeryt><sln:powNazwa>elbląski</sln:powNazwa><sln:waznyOd>2015-05-15T00:00:00+02:00</sln:waznyOd><sln:wojIIPId>45e7cfc6-6d8b-42ff-acbd-ef1d0a53dacb</sln:wojIIPId><sln:wojIIPPn>PL.PZGIK.200</sln:wojIIPPn><sln:wojIIPWersja>2012-09-27T13:45:13+02:00</sln:wojIIPWersja><sln:wojIdTeryt>28</sln:wojIdTeryt><sln:wojNazwa>warmińsko-mazurskie</sln:wojNazwa></sln:miejscowosc><sln:miejscowosc><sln:cyklZyciaOd>2017-04-25T00:00:00+02:00</sln:cyklZyciaOd><sln:gmIIPId>83ac4647-7ab2-4135-8b87-ae21325003f9</sln:gmIIPId><sln:gmIIPPn>PL.PZGIK.200</sln:gmIIPPn><sln:gmIIPWersja>2012-09-26T22:20:34+02:00</sln:gmIIPWersja><sln:gmIdTeryt>2804082</sln:gmIdTeryt><sln:gmNazwa>Rychliki</sln:gmNazwa><sln:miejscIIPId>d946d043-473b-4be7-a2d6-fb832c23c2fa</sln:miejscIIPId><sln:miejscIIPPn>PL.PZGIK.200</sln:miejscIIPPn><sln:miejscIIPWersja>2017-04-25T13:23:25+02:00</sln:miejscIIPWersja><sln:miejscIdTeryt>0156140</sln:miejscIdTeryt><sln:miejscNazwa>Śliwica</sln:miejscNazwa><sln:miejscRodzaj>Wieś</sln:miejscRodzaj><sln:powIIPId>61a0d267-58aa-4f3a-86e7-faa281e50ebc</sln:powIIPId><sln:powIIPPn>PL.PZGIK.200</sln:powIIPPn><sln:powIIPWersja>2012-09-27T10:00:59+02:00</sln:powIIPWersja><sln:powIdTeryt>2804</sln:powIdTeryt><sln:powNazwa>elbląski</sln:powNazwa><sln:waznyOd>2014-01-24T00:00:00+01:00</sln:waznyOd><sln:wojIIPId>45e7cfc6-6d8b-42ff-acbd-ef1d0a53dacb</sln:wojIIPId><sln:wojIIPPn>PL.PZGIK.200</sln:wojIIPPn><sln:wojIIPWersja>2012-09-27T13:45:13+02:00</sln:wojIIPWersja><sln:wojIdTeryt>28</sln:wojIdTeryt><sln:wojNazwa>warmińsko-mazurskie</sln:wojNazwa></sln:miejscowosc><sln:miejscowosc><sln:cyklZyciaOd>2017-04-25T00:00:00+02:00</sln:cyklZyciaOd><sln:gmIIPId>83ac4647-7ab2-4135-8b87-ae21325003f9</sln:gmIIPId><sln:gmIIPPn>PL.PZGIK.200</sln:gmIIPPn><sln:gmIIPWersja>2012-09-26T22:20:34+02:00</sln:gmIIPWersja><sln:gmIdTeryt>2804082</sln:gmIdTeryt><sln:gmNazwa>Rychliki</sln:gmNazwa><sln:miejscIIPId>33a2c4e8-106b-4206-92cd-8947cbf2fbe4</sln:miejscIIPId><sln:miejscIIPPn>PL.PZGIK.200</sln:miejscIIPPn><sln:miejscIIPWersja>2017-04-25T13:23:25+02:00</sln:miejscIIPWersja><sln:miejscIdTeryt>0156156</sln:miejscIdTeryt><sln:miejscNazwa>Święty Gaj</sln:miejscNazwa><sln:miejscRodzaj>Wieś</sln:miejscRodzaj><sln:powIIPId>61a0d267-58aa-4f3a-86e7-faa281e50ebc</sln:powIIPId><sln:powIIPPn>PL.PZGIK.200</sln:powIIPPn><sln:powIIPWersja>2012-09-27T10:00:59+02:00</sln:powIIPWersja><sln:powIdTeryt>2804</sln:powIdTeryt><sln:powNazwa>elbląski</sln:powNazwa><sln:waznyOd>2014-01-24T00:00:00+01:00</sln:waznyOd><sln:wojIIPId>45e7cfc6-6d8b-42ff-acbd-ef1d0a53dacb</sln:wojIIPId><sln:wojIIPPn>PL.PZGIK.200</sln:wojIIPPn><sln:wojIIPWersja>2012-09-27T13:45:13+02:00</sln:wojIIPWersja><sln:wojIdTeryt>28</sln:wojIdTeryt><sln:wojNazwa>warmińsko-mazurskie</sln:wojNazwa></sln:miejscowosc><sln:miejscowosc><sln:cyklZyciaOd>2017-04-25T00:00:00+02:00</sln:cyklZyciaOd><sln:gmIIPId>83ac4647-7ab2-4135-8b87-ae21325003f9</sln:gmIIPId><sln:gmIIPPn>PL.PZGIK.200</sln:gmIIPPn><sln:gmIIPWersja>2012-09-26T22:20:34+02:00</sln:gmIIPWersja><sln:gmIdTeryt>2804082</sln:gmIdTeryt><sln:gmNazwa>Rychliki</sln:gmNazwa><sln:miejscIIPId>8c2443e3-8260-496d-8a76-bfe704b051b4</sln:miejscIIPId><sln:miejscIIPPn>PL.PZGIK.200</sln:miejscIIPPn><sln:miejscIIPWersja>2017-04-25T13:23:25+02:00</sln:miejscIIPWersja><sln:miejscIdTeryt>0156162</sln:miejscIdTeryt><sln:miejscNazwa>Wopity</sln:miejscNazwa><sln:miejscRodzaj>Wieś</sln:miejscRodzaj><sln:powIIPId>61a0d267-58aa-4f3a-86e7-faa281e50ebc</sln:powIIPId><sln:powIIPPn>PL.PZGIK.200</sln:powIIPPn><sln:powIIPWersja>2012-09-27T10:00:59+02:00</sln:powIIPWersja><sln:powIdTeryt>2804</sln:powIdTeryt><sln:powNazwa>elbląski</sln:powNazwa><sln:waznyOd>2014-01-24T00:00:00+01:00</sln:waznyOd><sln:wojIIPId>45e7cfc6-6d8b-42ff-acbd-ef1d0a53dacb</sln:wojIIPId><sln:wojIIPPn>PL.PZGIK.200</sln:wojIIPPn><sln:wojIIPWersja>2012-09-27T13:45:13+02:00</sln:wojIIPWersja><sln:wojIdTeryt>28</sln:wojIdTeryt><sln:wojNazwa>warmińsko-mazurskie</sln:wojNazwa></sln:miejscowosc><sln:miejscowosc><sln:cyklZyciaOd>2017-04-25T00:00:00+02:00</sln:cyklZyciaOd><sln:gmIIPId>83ac4647-7ab2-4135-8b87-ae21325003f9</sln:gmIIPId><sln:gmIIPPn>PL.PZGIK.200</sln:gmIIPPn><sln:gmIIPWersja>2012-09-26T22:20:34+02:00</sln:gmIIPWersja><sln:gmIdTeryt>2804082</sln:gmIdTeryt><sln:gmNazwa>Rychliki</sln:gmNazwa><sln:miejscIIPId>4b7f7d7e-b27c-415d-b927-75a99db9731a</sln:miejscIIPId><sln:miejscIIPPn>PL.PZGIK.200</sln:miejscIIPPn><sln:miejscIIPWersja>2017-04-25T13:23:26+02:00</sln:miejscIIPWersja><sln:miejscIdTeryt>0156179</sln:miejscIdTeryt><sln:miejscNazwa>Wysoka</sln:miejscNazwa><sln:miejscRodzaj>Osada</sln:miejscRodzaj><sln:powIIPId>61a0d267-58aa-4f3a-86e7-faa281e50ebc</sln:powIIPId><sln:powIIPPn>PL.PZGIK.200</sln:powIIPPn><sln:powIIPWersja>2012-09-27T10:00:59+02:00</sln:powIIPWersja><sln:powIdTeryt>2804</sln:powIdTeryt><sln:powNazwa>elbląski</sln:powNazwa><sln:waznyOd>2014-01-24T00:00:00+01:00</sln:waznyOd><sln:wojIIPId>45e7cfc6-6d8b-42ff-acbd-ef1d0a53dacb</sln:wojIIPId><sln:wojIIPPn>PL.PZGIK.200</sln:wojIIPPn><sln:wojIIPWersja>2012-09-27T13:45:13+02:00</sln:wojIIPWersja><sln:wojIdTeryt>28</sln:wojIdTeryt><sln:wojNazwa>warmińsko-mazurskie</sln:wojNazwa></sln:miejscowosc><sln:miejscowosc><sln:cyklZyciaOd>2017-04-25T00:00:00+02:00</sln:cyklZyciaOd><sln:gmIIPId>83ac4647-7ab2-4135-8b87-ae21325003f9</sln:gmIIPId><sln:gmIIPPn>PL.PZGIK.200</sln:gmIIPPn><sln:gmIIPWersja>2012-09-26T22:20:34+02:00</sln:gmIIPWersja><sln:gmIdTeryt>2804082</sln:gmIdTeryt><sln:gmNazwa>Rychliki</sln:gmNazwa><sln:miejscIIPId>78567e03-24e9-4f64-a325-8b3d95eac71c</sln:miejscIIPId><sln:miejscIIPPn>PL.PZGIK.200</sln:miejscIIPPn><sln:miejscIIPWersja>2017-04-25T13:23:26+02:00</sln:miejscIIPWersja><sln:miejscIdTeryt>0156185</sln:miejscIdTeryt><sln:miejscNazwa>Grądowy Młyn</sln:miejscNazwa><sln:miejscRodzaj>Osada</sln:miejscRodzaj><sln:powIIPId>61a0d267-58aa-4f3a-86e7-faa281e50ebc</sln:powIIPId><sln:powIIPPn>PL.PZGIK.200</sln:powIIPPn><sln:powIIPWersja>2012-09-27T10:00:59+02:00</sln:powIIPWersja><sln:powIdTeryt>2804</sln:powIdTeryt><sln:powNazwa>elbląski</sln:powNazwa><sln:waznyOd>2015-05-15T00:00:00+02:00</sln:waznyOd><sln:wojIIPId>45e7cfc6-6d8b-42ff-acbd-ef1d0a53dacb</sln:wojIIPId><sln:wojIIPPn>PL.PZGIK.200</sln:wojIIPPn><sln:wojIIPWersja>2012-09-27T13:45:13+02:00</sln:wojIIPWersja><sln:wojIdTeryt>28</sln:wojIdTeryt><sln:wojNazwa>warmińsko-mazurskie</sln:wojNazwa></sln:miejscowosc><sln:miejscowosc><sln:cyklZyciaOd>2017-04-25T00:00:00+02:00</sln:cyklZyciaOd><sln:gmIIPId>83ac4647-7ab2-4135-8b87-ae21325003f9</sln:gmIIPId><sln:gmIIPPn>PL.PZGIK.200</sln:gmIIPPn><sln:gmIIPWersja>2012-09-26T22:20:34+02:00</sln:gmIIPWersja><sln:gmIdTeryt>2804082</sln:gmIdTeryt><sln:gmNazwa>Rychliki</sln:gmNazwa><sln:miejscIIPId>390e0266-7dcc-4e61-bafb-94d3851b9751</sln:miejscIIPId><sln:miejscIIPPn>PL.PZGIK.200</sln:miejscIIPPn><sln:miejscIIPWersja>2017-04-25T13:23:26+02:00</sln:miejscIIPWersja><sln:miejscIdTeryt>0156191</sln:miejscIdTeryt><sln:miejscNazwa>Powodowo</sln:miejscNazwa><sln:miejscRodzaj>Osada</sln:miejscRodzaj><sln:powIIPId>61a0d267-58aa-4f3a-86e7-faa281e50ebc</sln:powIIPId><sln:powIIPPn>PL.PZGIK.200</sln:powIIPPn><sln:powIIPWersja>2012-09-27T10:00:59+02:00</sln:powIIPWersja><sln:powIdTeryt>2804</sln:powIdTeryt><sln:powNazwa>elbląski</sln:powNazwa><sln:waznyOd>2015-05-15T00:00:00+02:00</sln:waznyOd><sln:wojIIPId>45e7cfc6-6d8b-42ff-acbd-ef1d0a53dacb</sln:wojIIPId><sln:wojIIPPn>PL.PZGIK.200</sln:wojIIPPn><sln:wojIIPWersja>2012-09-27T13:45:13+02:00</sln:wojIIPWersja><sln:wojIdTeryt>28</sln:wojIdTeryt><sln:wojNazwa>warmińsko-mazurskie</sln:wojNazwa></sln:miejscowosc></sln:lista-miejscowosci>