<?xml version="1.0" encoding="UTF-8" standalone="yes"?><sln:lista-miejscowosci xmlns:srv="http://gugik.gov.pl/schemas/slowniki-service/1.0" xmlns:sln="http://gugik.gov.pl/schemas/slowniki-schema/1.0"><sln:miejscowosc><sln:cyklZyciaDo>2017-04-07T00:00:00+02:00</sln:cyklZyciaDo><sln:cyklZyciaOd>2015-06-12T00:00:00+02:00</sln:cyklZyciaOd><sln:gmIIPId>aa4ad91c-0bb7-4fd8-95fc-b7f93503f726</sln:gmIIPId><sln:gmIIPPn>PL.PZGIK.200</sln:gmIIPPn><sln:gmIIPWersja>2012-09-26T22:20:59+02:00</sln:gmIIPWersja><sln:gmIdTeryt>2807011</sln:gmIdTeryt><sln:gmNazwa>Iława</sln:gmNazwa><sln:miejscIIPId>8a93f7ff-2ffe-447e-8428-08b875e88ea0</sln:miejscIIPId><sln:miejscIIPPn>PL.PZGIK.200</sln:miejscIIPPn><sln:miejscIIPWersja>2016-11-24T13:17:19+02:00</sln:miejscIIPWersja><sln:miejscIdTeryt>0964650</sln:miejscIdTeryt><sln:miejscNazwa>Iława</sln:miejscNazwa><sln:miejscRodzaj>Miasto</sln:miejscRodzaj><sln:powIIPId>bdb43311-4acc-483f-94db-fe66484f926d</sln:powIIPId><sln:powIIPPn>PL.PZGIK.200</sln:powIIPPn><sln:powIIPWersja>2012-09-27T10:00:59+02:00</sln:powIIPWersja><sln:powIdTeryt>2807</sln:powIdTeryt><sln:powNazwa>iławski</sln:powNazwa><sln:waznyOd>2015-04-15T00:00:00+02:00</sln:waznyOd><sln:wojIIPId>45e7cfc6-6d8b-42ff-acbd-ef1d0a53dacb</sln:wojIIPId><sln:wojIIPPn>PL.PZGIK.200</sln:wojIIPPn><sln:wojIIPWersja>2012-09-27T13:45:13+02:00</sln:wojIIPWersja><sln:wojIdTeryt>28</sln:wojIdTeryt><sln:wojNazwa>warmińsko-mazurskie</sln:wojNazwa></sln:miejscowosc><sln:miejscowosc><sln:cyklZyciaOd>2017-04-07T00:00:00+02:00</sln:cyklZyciaOd><sln:gmIIPId>aa4ad91c-0bb7-4fd8-95fc-b7f93503f726</sln:gmIIPId><sln:gmIIPPn>PL.PZGIK.200</sln:gmIIPPn><sln:gmIIPWersja>2012-09-26T22:20:59+02:00</sln:gmIIPWersja><sln:gmIdTeryt>2807011</sln:gmIdTeryt><sln:gmNazwa>Iława</sln:gmNazwa><sln:miejscIIPId>8a93f7ff-2ffe-447e-8428-08b875e88ea0</sln:miejscIIPId><sln:miejscIIPPn>PL.PZGIK.200</sln:miejscIIPPn><sln:miejscIIPWersja>2017-04-07T10:17:56+02:00</sln:miejscIIPWersja><sln:miejscIdTeryt>0964650</sln:miejscIdTeryt><sln:miejscNazwa>Iława</sln:miejscNazwa><sln:miejscRodzaj>Miasto</sln:miejscRodzaj><sln:powIIPId>bdb43311-4acc-483f-94db-fe66484f926d</sln:powIIPId><sln:powIIPPn>PL.PZGIK.200</sln:powIIPPn><sln:powIIPWersja>2012-09-27T10:00:59+02:00</sln:powIIPWersja><sln:powIdTeryt>2807</sln:powIdTeryt><sln:powNazwa>iławski</sln:powNazwa><sln:waznyOd>2015-04-15T00:00:00+02:00</sln:waznyOd><sln:wojIIPId>45e7cfc6-6d8b-42ff-acbd-ef1d0a53dacb</sln:wojIIPId><sln:wojIIPPn>PL.PZGIK.200</sln:wojIIPPn><sln:wojIIPWersja>2012-09-27T13:45:13+02:00</sln:wojIIPWersja><sln:wojIdTeryt>28</sln:wojIdTeryt><sln:wojNazwa>warmińsko-mazurskie</sln:wojNazwa></sln:miejscowosc></sln:lista-miejscowosci>