<?xml version="1.0" encoding="UTF-8" standalone="yes"?><sln:lista-miejscowosci xmlns:srv="http://gugik.gov.pl/schemas/slowniki-service/1.0" xmlns:sln="http://gugik.gov.pl/schemas/slowniki-schema/1.0"><sln:miejscowosc><sln:cyklZyciaDo>2017-04-07T00:00:00+02:00</sln:cyklZyciaDo><sln:cyklZyciaOd>2015-10-02T00:00:00+02:00</sln:cyklZyciaOd><sln:gmIIPId>d2512eb9-7121-4ed7-a260-969af526a464</sln:gmIIPId><sln:gmIIPPn>PL.PZGIK.200</sln:gmIIPPn><sln:gmIIPWersja>2012-09-26T22:21:24+02:00</sln:gmIIPWersja><sln:gmIdTeryt>2814063</sln:gmIdTeryt><sln:gmNazwa>Jeziorany</sln:gmNazwa><sln:miejscIIPId>d8f0f9f1-b2e8-47df-8531-06ef97ae5183</sln:miejscIIPId><sln:miejscIIPPn>PL.PZGIK.200</sln:miejscIIPPn><sln:miejscIIPWersja>2016-11-24T10:33:16+02:00</sln:miejscIIPWersja><sln:miejscIdTeryt>0476754</sln:miejscIdTeryt><sln:miejscNazwa>Derc</sln:miejscNazwa><sln:miejscRodzaj>Wieś</sln:miejscRodzaj><sln:powIIPId>b4fb673d-472a-45bf-9bed-f6d43a89d0b8</sln:powIIPId><sln:powIIPPn>PL.PZGIK.200</sln:powIIPPn><sln:powIIPWersja>2012-09-27T10:00:59+02:00</sln:powIIPWersja><sln:powIdTeryt>2814</sln:powIdTeryt><sln:powNazwa>olsztyński</sln:powNazwa><sln:waznyOd>2014-01-10T00:00:00+01:00</sln:waznyOd><sln:wojIIPId>45e7cfc6-6d8b-42ff-acbd-ef1d0a53dacb</sln:wojIIPId><sln:wojIIPPn>PL.PZGIK.200</sln:wojIIPPn><sln:wojIIPWersja>2012-09-27T13:45:13+02:00</sln:wojIIPWersja><sln:wojIdTeryt>28</sln:wojIdTeryt><sln:wojNazwa>warmińsko-mazurskie</sln:wojNazwa></sln:miejscowosc><sln:miejscowosc><sln:cyklZyciaDo>2017-04-07T00:00:00+02:00</sln:cyklZyciaDo><sln:cyklZyciaOd>2015-10-02T00:00:00+02:00</sln:cyklZyciaOd><sln:gmIIPId>d2512eb9-7121-4ed7-a260-969af526a464</sln:gmIIPId><sln:gmIIPPn>PL.PZGIK.200</sln:gmIIPPn><sln:gmIIPWersja>2012-09-26T22:21:24+02:00</sln:gmIIPWersja><sln:gmIdTeryt>2814063</sln:gmIdTeryt><sln:gmNazwa>Jeziorany</sln:gmNazwa><sln:miejscIIPId>2caacaff-da28-4b0f-8c3a-1ec1999eb896</sln:miejscIIPId><sln:miejscIIPPn>PL.PZGIK.200</sln:miejscIIPPn><sln:miejscIIPWersja>2016-11-24T10:33:16+02:00</sln:miejscIIPWersja><sln:miejscIdTeryt>0476760</sln:miejscIdTeryt><sln:miejscNazwa>Franknowo</sln:miejscNazwa><sln:miejscRodzaj>Wieś</sln:miejscRodzaj><sln:powIIPId>b4fb673d-472a-45bf-9bed-f6d43a89d0b8</sln:powIIPId><sln:powIIPPn>PL.PZGIK.200</sln:powIIPPn><sln:powIIPWersja>2012-09-27T10:00:59+02:00</sln:powIIPWersja><sln:powIdTeryt>2814</sln:powIdTeryt><sln:powNazwa>olsztyński</sln:powNazwa><sln:waznyOd>2014-01-10T00:00:00+01:00</sln:waznyOd><sln:wojIIPId>45e7cfc6-6d8b-42ff-acbd-ef1d0a53dacb</sln:wojIIPId><sln:wojIIPPn>PL.PZGIK.200</sln:wojIIPPn><sln:wojIIPWersja>2012-09-27T13:45:13+02:00</sln:wojIIPWersja><sln:wojIdTeryt>28</sln:wojIdTeryt><sln:wojNazwa>warmińsko-mazurskie</sln:wojNazwa></sln:miejscowosc><sln:miejscowosc><sln:cyklZyciaDo>2017-04-07T00:00:00+02:00</sln:cyklZyciaDo><sln:cyklZyciaOd>2015-10-02T00:00:00+02:00</sln:cyklZyciaOd><sln:gmIIPId>d2512eb9-7121-4ed7-a260-969af526a464</sln:gmIIPId><sln:gmIIPPn>PL.PZGIK.200</sln:gmIIPPn><sln:gmIIPWersja>2012-09-26T22:21:24+02:00</sln:gmIIPWersja><sln:gmIdTeryt>2814063</sln:gmIdTeryt><sln:gmNazwa>Jeziorany</sln:gmNazwa><sln:miejscIIPId>18059f47-fc4a-41d2-93c8-4ff452ba62d5</sln:miejscIIPId><sln:miejscIIPPn>PL.PZGIK.200</sln:miejscIIPPn><sln:miejscIIPWersja>2016-11-24T13:17:19+02:00</sln:miejscIIPWersja><sln:miejscIdTeryt>0964703</sln:miejscIdTeryt><sln:miejscNazwa>Jeziorany</sln:miejscNazwa><sln:miejscRodzaj>Miasto</sln:miejscRodzaj><sln:powIIPId>b4fb673d-472a-45bf-9bed-f6d43a89d0b8</sln:powIIPId><sln:powIIPPn>PL.PZGIK.200</sln:powIIPPn><sln:powIIPWersja>2012-09-27T10:00:59+02:00</sln:powIIPWersja><sln:powIdTeryt>2814</sln:powIdTeryt><sln:powNazwa>olsztyński</sln:powNazwa><sln:waznyOd>2014-01-10T00:00:00+01:00</sln:waznyOd><sln:wojIIPId>45e7cfc6-6d8b-42ff-acbd-ef1d0a53dacb</sln:wojIIPId><sln:wojIIPPn>PL.PZGIK.200</sln:wojIIPPn><sln:wojIIPWersja>2012-09-27T13:45:13+02:00</sln:wojIIPWersja><sln:wojIdTeryt>28</sln:wojIdTeryt><sln:wojNazwa>warmińsko-mazurskie</sln:wojNazwa></sln:miejscowosc><sln:miejscowosc><sln:cyklZyciaDo>2017-04-07T00:00:00+02:00</sln:cyklZyciaDo><sln:cyklZyciaOd>2015-10-02T00:00:00+02:00</sln:cyklZyciaOd><sln:gmIIPId>d2512eb9-7121-4ed7-a260-969af526a464</sln:gmIIPId><sln:gmIIPPn>PL.PZGIK.200</sln:gmIIPPn><sln:gmIIPWersja>2012-09-26T22:21:24+02:00</sln:gmIIPWersja><sln:gmIdTeryt>2814063</sln:gmIdTeryt><sln:gmNazwa>Jeziorany</sln:gmNazwa><sln:miejscIIPId>64823bdf-5ad4-45e7-9314-0e8821d8114d</sln:miejscIIPId><sln:miejscIIPPn>PL.PZGIK.200</sln:miejscIIPPn><sln:miejscIIPWersja>2016-11-24T10:33:16+02:00</sln:miejscIIPWersja><sln:miejscIdTeryt>0476783</sln:miejscIdTeryt><sln:miejscNazwa>Jeziorany-Kolonie</sln:miejscNazwa><sln:miejscRodzaj>Wieś</sln:miejscRodzaj><sln:powIIPId>b4fb673d-472a-45bf-9bed-f6d43a89d0b8</sln:powIIPId><sln:powIIPPn>PL.PZGIK.200</sln:powIIPPn><sln:powIIPWersja>2012-09-27T10:00:59+02:00</sln:powIIPWersja><sln:powIdTeryt>2814</sln:powIdTeryt><sln:powNazwa>olsztyński</sln:powNazwa><sln:waznyOd>2014-01-10T00:00:00+01:00</sln:waznyOd><sln:wojIIPId>45e7cfc6-6d8b-42ff-acbd-ef1d0a53dacb</sln:wojIIPId><sln:wojIIPPn>PL.PZGIK.200</sln:wojIIPPn><sln:wojIIPWersja>2012-09-27T13:45:13+02:00</sln:wojIIPWersja><sln:wojIdTeryt>28</sln:wojIdTeryt><sln:wojNazwa>warmińsko-mazurskie</sln:wojNazwa></sln:miejscowosc><sln:miejscowosc><sln:cyklZyciaDo>2017-04-07T00:00:00+02:00</sln:cyklZyciaDo><sln:cyklZyciaOd>2015-10-02T00:00:00+02:00</sln:cyklZyciaOd><sln:gmIIPId>d2512eb9-7121-4ed7-a260-969af526a464</sln:gmIIPId><sln:gmIIPPn>PL.PZGIK.200</sln:gmIIPPn><sln:gmIIPWersja>2012-09-26T22:21:24+02:00</sln:gmIIPWersja><sln:gmIdTeryt>2814063</sln:gmIdTeryt><sln:gmNazwa>Jeziorany</sln:gmNazwa><sln:miejscIIPId>b5dce060-0201-47a0-962e-c76a664cf252</sln:miejscIIPId><sln:miejscIIPPn>PL.PZGIK.200</sln:miejscIIPPn><sln:miejscIIPWersja>2016-11-24T10:33:16+02:00</sln:miejscIIPWersja><sln:miejscIdTeryt>0476790</sln:miejscIdTeryt><sln:miejscNazwa>Kalis</sln:miejscNazwa><sln:miejscRodzaj>Osada</sln:miejscRodzaj><sln:powIIPId>b4fb673d-472a-45bf-9bed-f6d43a89d0b8</sln:powIIPId><sln:powIIPPn>PL.PZGIK.200</sln:powIIPPn><sln:powIIPWersja>2012-09-27T10:00:59+02:00</sln:powIIPWersja><sln:powIdTeryt>2814</sln:powIdTeryt><sln:powNazwa>olsztyński</sln:powNazwa><sln:waznyOd>2014-02-11T00:00:00+01:00</sln:waznyOd><sln:wojIIPId>45e7cfc6-6d8b-42ff-acbd-ef1d0a53dacb</sln:wojIIPId><sln:wojIIPPn>PL.PZGIK.200</sln:wojIIPPn><sln:wojIIPWersja>2012-09-27T13:45:13+02:00</sln:wojIIPWersja><sln:wojIdTeryt>28</sln:wojIdTeryt><sln:wojNazwa>warmińsko-mazurskie</sln:wojNazwa></sln:miejscowosc><sln:miejscowosc><sln:cyklZyciaDo>2017-04-07T00:00:00+02:00</sln:cyklZyciaDo><sln:cyklZyciaOd>2015-10-02T00:00:00+02:00</sln:cyklZyciaOd><sln:gmIIPId>d2512eb9-7121-4ed7-a260-969af526a464</sln:gmIIPId><sln:gmIIPPn>PL.PZGIK.200</sln:gmIIPPn><sln:gmIIPWersja>2012-09-26T22:21:24+02:00</sln:gmIIPWersja><sln:gmIdTeryt>2814063</sln:gmIdTeryt><sln:gmNazwa>Jeziorany</sln:gmNazwa><sln:miejscIIPId>b1413581-3c5c-451c-bd5a-f45c2eccc8e0</sln:miejscIIPId><sln:miejscIIPPn>PL.PZGIK.200</sln:miejscIIPPn><sln:miejscIIPWersja>2016-11-24T10:33:16+02:00</sln:miejscIIPWersja><sln:miejscIdTeryt>0476808</sln:miejscIdTeryt><sln:miejscNazwa>Kiersztanowo</sln:miejscNazwa><sln:miejscRodzaj>Wieś</sln:miejscRodzaj><sln:powIIPId>b4fb673d-472a-45bf-9bed-f6d43a89d0b8</sln:powIIPId><sln:powIIPPn>PL.PZGIK.200</sln:powIIPPn><sln:powIIPWersja>2012-09-27T10:00:59+02:00</sln:powIIPWersja><sln:powIdTeryt>2814</sln:powIdTeryt><sln:powNazwa>olsztyński</sln:powNazwa><sln:waznyOd>2014-01-10T00:00:00+01:00</sln:waznyOd><sln:wojIIPId>45e7cfc6-6d8b-42ff-acbd-ef1d0a53dacb</sln:wojIIPId><sln:wojIIPPn>PL.PZGIK.200</sln:wojIIPPn><sln:wojIIPWersja>2012-09-27T13:45:13+02:00</sln:wojIIPWersja><sln:wojIdTeryt>28</sln:wojIdTeryt><sln:wojNazwa>warmińsko-mazurskie</sln:wojNazwa></sln:miejscowosc><sln:miejscowosc><sln:cyklZyciaDo>2017-04-07T00:00:00+02:00</sln:cyklZyciaDo><sln:cyklZyciaOd>2015-10-02T00:00:00+02:00</sln:cyklZyciaOd><sln:gmIIPId>d2512eb9-7121-4ed7-a260-969af526a464</sln:gmIIPId><sln:gmIIPPn>PL.PZGIK.200</sln:gmIIPPn><sln:gmIIPWersja>2012-09-26T22:21:24+02:00</sln:gmIIPWersja><sln:gmIdTeryt>2814063</sln:gmIdTeryt><sln:gmNazwa>Jeziorany</sln:gmNazwa><sln:miejscIIPId>5560ed39-1060-44cc-9a7d-1d66788bab51</sln:miejscIIPId><sln:miejscIIPPn>PL.PZGIK.200</sln:miejscIIPPn><sln:miejscIIPWersja>2016-11-24T10:33:16+02:00</sln:miejscIIPWersja><sln:miejscIdTeryt>0476814</sln:miejscIdTeryt><sln:miejscNazwa>Kikity</sln:miejscNazwa><sln:miejscRodzaj>Wieś</sln:miejscRodzaj><sln:powIIPId>b4fb673d-472a-45bf-9bed-f6d43a89d0b8</sln:powIIPId><sln:powIIPPn>PL.PZGIK.200</sln:powIIPPn><sln:powIIPWersja>2012-09-27T10:00:59+02:00</sln:powIIPWersja><sln:powIdTeryt>2814</sln:powIdTeryt><sln:powNazwa>olsztyński</sln:powNazwa><sln:waznyOd>2014-02-13T00:00:00+01:00</sln:waznyOd><sln:wojIIPId>45e7cfc6-6d8b-42ff-acbd-ef1d0a53dacb</sln:wojIIPId><sln:wojIIPPn>PL.PZGIK.200</sln:wojIIPPn><sln:wojIIPWersja>2012-09-27T13:45:13+02:00</sln:wojIIPWersja><sln:wojIdTeryt>28</sln:wojIdTeryt><sln:wojNazwa>warmińsko-mazurskie</sln:wojNazwa></sln:miejscowosc><sln:miejscowosc><sln:cyklZyciaDo>2017-04-07T00:00:00+02:00</sln:cyklZyciaDo><sln:cyklZyciaOd>2015-10-02T00:00:00+02:00</sln:cyklZyciaOd><sln:gmIIPId>d2512eb9-7121-4ed7-a260-969af526a464</sln:gmIIPId><sln:gmIIPPn>PL.PZGIK.200</sln:gmIIPPn><sln:gmIIPWersja>2012-09-26T22:21:24+02:00</sln:gmIIPWersja><sln:gmIdTeryt>2814063</sln:gmIdTeryt><sln:gmNazwa>Jeziorany</sln:gmNazwa><sln:miejscIIPId>2b6669e3-c39a-4979-b41c-c9ea7cc8805f</sln:miejscIIPId><sln:miejscIIPPn>PL.PZGIK.200</sln:miejscIIPPn><sln:miejscIIPWersja>2016-11-24T10:33:16+02:00</sln:miejscIIPWersja><sln:miejscIdTeryt>0476820</sln:miejscIdTeryt><sln:miejscNazwa>Kostrzewy</sln:miejscNazwa><sln:miejscRodzaj>Wieś</sln:miejscRodzaj><sln:powIIPId>b4fb673d-472a-45bf-9bed-f6d43a89d0b8</sln:powIIPId><sln:powIIPPn>PL.PZGIK.200</sln:powIIPPn><sln:powIIPWersja>2012-09-27T10:00:59+02:00</sln:powIIPWersja><sln:powIdTeryt>2814</sln:powIdTeryt><sln:powNazwa>olsztyński</sln:powNazwa><sln:waznyOd>2014-01-10T00:00:00+01:00</sln:waznyOd><sln:wojIIPId>45e7cfc6-6d8b-42ff-acbd-ef1d0a53dacb</sln:wojIIPId><sln:wojIIPPn>PL.PZGIK.200</sln:wojIIPPn><sln:wojIIPWersja>2012-09-27T13:45:13+02:00</sln:wojIIPWersja><sln:wojIdTeryt>28</sln:wojIdTeryt><sln:wojNazwa>warmińsko-mazurskie</sln:wojNazwa></sln:miejscowosc><sln:miejscowosc><sln:cyklZyciaDo>2017-04-07T00:00:00+02:00</sln:cyklZyciaDo><sln:cyklZyciaOd>2015-10-02T00:00:00+02:00</sln:cyklZyciaOd><sln:gmIIPId>d2512eb9-7121-4ed7-a260-969af526a464</sln:gmIIPId><sln:gmIIPPn>PL.PZGIK.200</sln:gmIIPPn><sln:gmIIPWersja>2012-09-26T22:21:24+02:00</sln:gmIIPWersja><sln:gmIdTeryt>2814063</sln:gmIdTeryt><sln:gmNazwa>Jeziorany</sln:gmNazwa><sln:miejscIIPId>86370772-d89e-49a6-84ca-b44f09c512ce</sln:miejscIIPId><sln:miejscIIPPn>PL.PZGIK.200</sln:miejscIIPPn><sln:miejscIIPWersja>2016-11-24T10:33:16+02:00</sln:miejscIIPWersja><sln:miejscIdTeryt>0476837</sln:miejscIdTeryt><sln:miejscNazwa>Kramarzewo</sln:miejscNazwa><sln:miejscRodzaj>Wieś</sln:miejscRodzaj><sln:powIIPId>b4fb673d-472a-45bf-9bed-f6d43a89d0b8</sln:powIIPId><sln:powIIPPn>PL.PZGIK.200</sln:powIIPPn><sln:powIIPWersja>2012-09-27T10:00:59+02:00</sln:powIIPWersja><sln:powIdTeryt>2814</sln:powIdTeryt><sln:powNazwa>olsztyński</sln:powNazwa><sln:waznyOd>2014-01-10T00:00:00+01:00</sln:waznyOd><sln:wojIIPId>45e7cfc6-6d8b-42ff-acbd-ef1d0a53dacb</sln:wojIIPId><sln:wojIIPPn>PL.PZGIK.200</sln:wojIIPPn><sln:wojIIPWersja>2012-09-27T13:45:13+02:00</sln:wojIIPWersja><sln:wojIdTeryt>28</sln:wojIdTeryt><sln:wojNazwa>warmińsko-mazurskie</sln:wojNazwa></sln:miejscowosc><sln:miejscowosc><sln:cyklZyciaDo>2017-04-07T00:00:00+02:00</sln:cyklZyciaDo><sln:cyklZyciaOd>2015-10-02T00:00:00+02:00</sln:cyklZyciaOd><sln:gmIIPId>d2512eb9-7121-4ed7-a260-969af526a464</sln:gmIIPId><sln:gmIIPPn>PL.PZGIK.200</sln:gmIIPPn><sln:gmIIPWersja>2012-09-26T22:21:24+02:00</sln:gmIIPWersja><sln:gmIdTeryt>2814063</sln:gmIdTeryt><sln:gmNazwa>Jeziorany</sln:gmNazwa><sln:miejscIIPId>c8b31c8c-370c-4c1c-ba44-31995571c993</sln:miejscIIPId><sln:miejscIIPPn>PL.PZGIK.200</sln:miejscIIPPn><sln:miejscIIPWersja>2016-11-24T10:33:16+02:00</sln:miejscIIPWersja><sln:miejscIdTeryt>0476843</sln:miejscIdTeryt><sln:miejscNazwa>Krokowo</sln:miejscNazwa><sln:miejscRodzaj>Wieś</sln:miejscRodzaj><sln:powIIPId>b4fb673d-472a-45bf-9bed-f6d43a89d0b8</sln:powIIPId><sln:powIIPPn>PL.PZGIK.200</sln:powIIPPn><sln:powIIPWersja>2012-09-27T10:00:59+02:00</sln:powIIPWersja><sln:powIdTeryt>2814</sln:powIdTeryt><sln:powNazwa>olsztyński</sln:powNazwa><sln:waznyOd>2014-01-10T00:00:00+01:00</sln:waznyOd><sln:wojIIPId>45e7cfc6-6d8b-42ff-acbd-ef1d0a53dacb</sln:wojIIPId><sln:wojIIPPn>PL.PZGIK.200</sln:wojIIPPn><sln:wojIIPWersja>2012-09-27T13:45:13+02:00</sln:wojIIPWersja><sln:wojIdTeryt>28</sln:wojIdTeryt><sln:wojNazwa>warmińsko-mazurskie</sln:wojNazwa></sln:miejscowosc><sln:miejscowosc><sln:cyklZyciaDo>2017-04-07T00:00:00+02:00</sln:cyklZyciaDo><sln:cyklZyciaOd>2015-10-02T00:00:00+02:00</sln:cyklZyciaOd><sln:gmIIPId>d2512eb9-7121-4ed7-a260-969af526a464</sln:gmIIPId><sln:gmIIPPn>PL.PZGIK.200</sln:gmIIPPn><sln:gmIIPWersja>2012-09-26T22:21:24+02:00</sln:gmIIPWersja><sln:gmIdTeryt>2814063</sln:gmIdTeryt><sln:gmNazwa>Jeziorany</sln:gmNazwa><sln:miejscIIPId>ef336e1d-c97c-448a-a83b-9f00a3399917</sln:miejscIIPId><sln:miejscIIPPn>PL.PZGIK.200</sln:miejscIIPPn><sln:miejscIIPWersja>2016-11-24T10:33:16+02:00</sln:miejscIIPWersja><sln:miejscIdTeryt>0476850</sln:miejscIdTeryt><sln:miejscNazwa>Lekity</sln:miejscNazwa><sln:miejscRodzaj>Wieś</sln:miejscRodzaj><sln:powIIPId>b4fb673d-472a-45bf-9bed-f6d43a89d0b8</sln:powIIPId><sln:powIIPPn>PL.PZGIK.200</sln:powIIPPn><sln:powIIPWersja>2012-09-27T10:00:59+02:00</sln:powIIPWersja><sln:powIdTeryt>2814</sln:powIdTeryt><sln:powNazwa>olsztyński</sln:powNazwa><sln:waznyOd>2014-01-10T00:00:00+01:00</sln:waznyOd><sln:wojIIPId>45e7cfc6-6d8b-42ff-acbd-ef1d0a53dacb</sln:wojIIPId><sln:wojIIPPn>PL.PZGIK.200</sln:wojIIPPn><sln:wojIIPWersja>2012-09-27T13:45:13+02:00</sln:wojIIPWersja><sln:wojIdTeryt>28</sln:wojIdTeryt><sln:wojNazwa>warmińsko-mazurskie</sln:wojNazwa></sln:miejscowosc><sln:miejscowosc><sln:cyklZyciaDo>2017-04-07T00:00:00+02:00</sln:cyklZyciaDo><sln:cyklZyciaOd>2015-10-02T00:00:00+02:00</sln:cyklZyciaOd><sln:gmIIPId>d2512eb9-7121-4ed7-a260-969af526a464</sln:gmIIPId><sln:gmIIPPn>PL.PZGIK.200</sln:gmIIPPn><sln:gmIIPWersja>2012-09-26T22:21:24+02:00</sln:gmIIPWersja><sln:gmIdTeryt>2814063</sln:gmIdTeryt><sln:gmNazwa>Jeziorany</sln:gmNazwa><sln:miejscIIPId>c3e9fb10-9811-4063-8c7a-274c89117347</sln:miejscIIPId><sln:miejscIIPPn>PL.PZGIK.200</sln:miejscIIPPn><sln:miejscIIPWersja>2016-11-24T10:33:16+02:00</sln:miejscIIPWersja><sln:miejscIdTeryt>0476866</sln:miejscIdTeryt><sln:miejscNazwa>Miejska Wieś</sln:miejscNazwa><sln:miejscRodzaj>Wieś</sln:miejscRodzaj><sln:powIIPId>b4fb673d-472a-45bf-9bed-f6d43a89d0b8</sln:powIIPId><sln:powIIPPn>PL.PZGIK.200</sln:powIIPPn><sln:powIIPWersja>2012-09-27T10:00:59+02:00</sln:powIIPWersja><sln:powIdTeryt>2814</sln:powIdTeryt><sln:powNazwa>olsztyński</sln:powNazwa><sln:waznyOd>2014-01-10T00:00:00+01:00</sln:waznyOd><sln:wojIIPId>45e7cfc6-6d8b-42ff-acbd-ef1d0a53dacb</sln:wojIIPId><sln:wojIIPPn>PL.PZGIK.200</sln:wojIIPPn><sln:wojIIPWersja>2012-09-27T13:45:13+02:00</sln:wojIIPWersja><sln:wojIdTeryt>28</sln:wojIdTeryt><sln:wojNazwa>warmińsko-mazurskie</sln:wojNazwa></sln:miejscowosc><sln:miejscowosc><sln:cyklZyciaDo>2017-04-07T00:00:00+02:00</sln:cyklZyciaDo><sln:cyklZyciaOd>2015-10-02T00:00:00+02:00</sln:cyklZyciaOd><sln:gmIIPId>d2512eb9-7121-4ed7-a260-969af526a464</sln:gmIIPId><sln:gmIIPPn>PL.PZGIK.200</sln:gmIIPPn><sln:gmIIPWersja>2012-09-26T22:21:24+02:00</sln:gmIIPWersja><sln:gmIdTeryt>2814063</sln:gmIdTeryt><sln:gmNazwa>Jeziorany</sln:gmNazwa><sln:miejscIIPId>5140f58c-fbf2-4fc2-ad8b-78e376df9a6e</sln:miejscIIPId><sln:miejscIIPPn>PL.PZGIK.200</sln:miejscIIPPn><sln:miejscIIPWersja>2016-11-24T10:33:16+02:00</sln:miejscIIPWersja><sln:miejscIdTeryt>0476872</sln:miejscIdTeryt><sln:miejscNazwa>Modliny</sln:miejscNazwa><sln:miejscRodzaj>Wieś</sln:miejscRodzaj><sln:powIIPId>b4fb673d-472a-45bf-9bed-f6d43a89d0b8</sln:powIIPId><sln:powIIPPn>PL.PZGIK.200</sln:powIIPPn><sln:powIIPWersja>2012-09-27T10:00:59+02:00</sln:powIIPWersja><sln:powIdTeryt>2814</sln:powIdTeryt><sln:powNazwa>olsztyński</sln:powNazwa><sln:waznyOd>2014-01-10T00:00:00+01:00</sln:waznyOd><sln:wojIIPId>45e7cfc6-6d8b-42ff-acbd-ef1d0a53dacb</sln:wojIIPId><sln:wojIIPPn>PL.PZGIK.200</sln:wojIIPPn><sln:wojIIPWersja>2012-09-27T13:45:13+02:00</sln:wojIIPWersja><sln:wojIdTeryt>28</sln:wojIdTeryt><sln:wojNazwa>warmińsko-mazurskie</sln:wojNazwa></sln:miejscowosc><sln:miejscowosc><sln:cyklZyciaDo>2017-04-07T00:00:00+02:00</sln:cyklZyciaDo><sln:cyklZyciaOd>2015-10-02T00:00:00+02:00</sln:cyklZyciaOd><sln:gmIIPId>d2512eb9-7121-4ed7-a260-969af526a464</sln:gmIIPId><sln:gmIIPPn>PL.PZGIK.200</sln:gmIIPPn><sln:gmIIPWersja>2012-09-26T22:21:24+02:00</sln:gmIIPWersja><sln:gmIdTeryt>2814063</sln:gmIdTeryt><sln:gmNazwa>Jeziorany</sln:gmNazwa><sln:miejscIIPId>13b6f67e-5d4e-44b5-993a-df09f5ea79a2</sln:miejscIIPId><sln:miejscIIPPn>PL.PZGIK.200</sln:miejscIIPPn><sln:miejscIIPWersja>2016-11-24T10:33:16+02:00</sln:miejscIIPWersja><sln:miejscIdTeryt>0476889</sln:miejscIdTeryt><sln:miejscNazwa>Olszewnik</sln:miejscNazwa><sln:miejscRodzaj>Wieś</sln:miejscRodzaj><sln:powIIPId>b4fb673d-472a-45bf-9bed-f6d43a89d0b8</sln:powIIPId><sln:powIIPPn>PL.PZGIK.200</sln:powIIPPn><sln:powIIPWersja>2012-09-27T10:00:59+02:00</sln:powIIPWersja><sln:powIdTeryt>2814</sln:powIdTeryt><sln:powNazwa>olsztyński</sln:powNazwa><sln:waznyOd>2014-01-10T00:00:00+01:00</sln:waznyOd><sln:wojIIPId>45e7cfc6-6d8b-42ff-acbd-ef1d0a53dacb</sln:wojIIPId><sln:wojIIPPn>PL.PZGIK.200</sln:wojIIPPn><sln:wojIIPWersja>2012-09-27T13:45:13+02:00</sln:wojIIPWersja><sln:wojIdTeryt>28</sln:wojIdTeryt><sln:wojNazwa>warmińsko-mazurskie</sln:wojNazwa></sln:miejscowosc><sln:miejscowosc><sln:cyklZyciaDo>2017-04-07T00:00:00+02:00</sln:cyklZyciaDo><sln:cyklZyciaOd>2015-10-02T00:00:00+02:00</sln:cyklZyciaOd><sln:gmIIPId>d2512eb9-7121-4ed7-a260-969af526a464</sln:gmIIPId><sln:gmIIPPn>PL.PZGIK.200</sln:gmIIPPn><sln:gmIIPWersja>2012-09-26T22:21:24+02:00</sln:gmIIPWersja><sln:gmIdTeryt>2814063</sln:gmIdTeryt><sln:gmNazwa>Jeziorany</sln:gmNazwa><sln:miejscIIPId>2d1c8112-f465-48c6-8958-a901acd3c2ca</sln:miejscIIPId><sln:miejscIIPPn>PL.PZGIK.200</sln:miejscIIPPn><sln:miejscIIPWersja>2016-11-24T10:33:16+02:00</sln:miejscIIPWersja><sln:miejscIdTeryt>0476895</sln:miejscIdTeryt><sln:miejscNazwa>Pierwągi</sln:miejscNazwa><sln:miejscRodzaj>Wieś</sln:miejscRodzaj><sln:powIIPId>b4fb673d-472a-45bf-9bed-f6d43a89d0b8</sln:powIIPId><sln:powIIPPn>PL.PZGIK.200</sln:powIIPPn><sln:powIIPWersja>2012-09-27T10:00:59+02:00</sln:powIIPWersja><sln:powIdTeryt>2814</sln:powIdTeryt><sln:powNazwa>olsztyński</sln:powNazwa><sln:waznyOd>2014-02-13T00:00:00+01:00</sln:waznyOd><sln:wojIIPId>45e7cfc6-6d8b-42ff-acbd-ef1d0a53dacb</sln:wojIIPId><sln:wojIIPPn>PL.PZGIK.200</sln:wojIIPPn><sln:wojIIPWersja>2012-09-27T13:45:13+02:00</sln:wojIIPWersja><sln:wojIdTeryt>28</sln:wojIdTeryt><sln:wojNazwa>warmińsko-mazurskie</sln:wojNazwa></sln:miejscowosc><sln:miejscowosc><sln:cyklZyciaDo>2017-04-07T00:00:00+02:00</sln:cyklZyciaDo><sln:cyklZyciaOd>2015-10-02T00:00:00+02:00</sln:cyklZyciaOd><sln:gmIIPId>d2512eb9-7121-4ed7-a260-969af526a464</sln:gmIIPId><sln:gmIIPPn>PL.PZGIK.200</sln:gmIIPPn><sln:gmIIPWersja>2012-09-26T22:21:24+02:00</sln:gmIIPWersja><sln:gmIdTeryt>2814063</sln:gmIdTeryt><sln:gmNazwa>Jeziorany</sln:gmNazwa><sln:miejscIIPId>8074f79a-1141-4ed2-ab8e-f8ad8b381180</sln:miejscIIPId><sln:miejscIIPPn>PL.PZGIK.200</sln:miejscIIPPn><sln:miejscIIPWersja>2016-11-24T10:33:16+02:00</sln:miejscIIPWersja><sln:miejscIdTeryt>0476903</sln:miejscIdTeryt><sln:miejscNazwa>Piszewo</sln:miejscNazwa><sln:miejscRodzaj>Wieś</sln:miejscRodzaj><sln:powIIPId>b4fb673d-472a-45bf-9bed-f6d43a89d0b8</sln:powIIPId><sln:powIIPPn>PL.PZGIK.200</sln:powIIPPn><sln:powIIPWersja>2012-09-27T10:00:59+02:00</sln:powIIPWersja><sln:powIdTeryt>2814</sln:powIdTeryt><sln:powNazwa>olsztyński</sln:powNazwa><sln:waznyOd>2014-01-10T00:00:00+01:00</sln:waznyOd><sln:wojIIPId>45e7cfc6-6d8b-42ff-acbd-ef1d0a53dacb</sln:wojIIPId><sln:wojIIPPn>PL.PZGIK.200</sln:wojIIPPn><sln:wojIIPWersja>2012-09-27T13:45:13+02:00</sln:wojIIPWersja><sln:wojIdTeryt>28</sln:wojIdTeryt><sln:wojNazwa>warmińsko-mazurskie</sln:wojNazwa></sln:miejscowosc><sln:miejscowosc><sln:cyklZyciaDo>2017-04-07T00:00:00+02:00</sln:cyklZyciaDo><sln:cyklZyciaOd>2015-10-02T00:00:00+02:00</sln:cyklZyciaOd><sln:gmIIPId>d2512eb9-7121-4ed7-a260-969af526a464</sln:gmIIPId><sln:gmIIPPn>PL.PZGIK.200</sln:gmIIPPn><sln:gmIIPWersja>2012-09-26T22:21:24+02:00</sln:gmIIPWersja><sln:gmIdTeryt>2814063</sln:gmIdTeryt><sln:gmNazwa>Jeziorany</sln:gmNazwa><sln:miejscIIPId>b57493fe-0974-4cb4-828f-4ae11e931261</sln:miejscIIPId><sln:miejscIIPPn>PL.PZGIK.200</sln:miejscIIPPn><sln:miejscIIPWersja>2016-11-24T10:33:16+02:00</sln:miejscIIPWersja><sln:miejscIdTeryt>0476910</sln:miejscIdTeryt><sln:miejscNazwa>Polkajmy</sln:miejscNazwa><sln:miejscRodzaj>Wieś</sln:miejscRodzaj><sln:powIIPId>b4fb673d-472a-45bf-9bed-f6d43a89d0b8</sln:powIIPId><sln:powIIPPn>PL.PZGIK.200</sln:powIIPPn><sln:powIIPWersja>2012-09-27T10:00:59+02:00</sln:powIIPWersja><sln:powIdTeryt>2814</sln:powIdTeryt><sln:powNazwa>olsztyński</sln:powNazwa><sln:waznyOd>2014-01-10T00:00:00+01:00</sln:waznyOd><sln:wojIIPId>45e7cfc6-6d8b-42ff-acbd-ef1d0a53dacb</sln:wojIIPId><sln:wojIIPPn>PL.PZGIK.200</sln:wojIIPPn><sln:wojIIPWersja>2012-09-27T13:45:13+02:00</sln:wojIIPWersja><sln:wojIdTeryt>28</sln:wojIdTeryt><sln:wojNazwa>warmińsko-mazurskie</sln:wojNazwa></sln:miejscowosc><sln:miejscowosc><sln:cyklZyciaDo>2017-04-07T00:00:00+02:00</sln:cyklZyciaDo><sln:cyklZyciaOd>2015-10-02T00:00:00+02:00</sln:cyklZyciaOd><sln:gmIIPId>d2512eb9-7121-4ed7-a260-969af526a464</sln:gmIIPId><sln:gmIIPPn>PL.PZGIK.200</sln:gmIIPPn><sln:gmIIPWersja>2012-09-26T22:21:24+02:00</sln:gmIIPWersja><sln:gmIdTeryt>2814063</sln:gmIdTeryt><sln:gmNazwa>Jeziorany</sln:gmNazwa><sln:miejscIIPId>0481a4fe-7b3e-4cf5-8f28-b360e7a2c133</sln:miejscIIPId><sln:miejscIIPPn>PL.PZGIK.200</sln:miejscIIPPn><sln:miejscIIPWersja>2016-11-24T10:33:16+02:00</sln:miejscIIPWersja><sln:miejscIdTeryt>0476978</sln:miejscIdTeryt><sln:miejscNazwa>Potryty</sln:miejscNazwa><sln:miejscRodzaj>Osada</sln:miejscRodzaj><sln:powIIPId>b4fb673d-472a-45bf-9bed-f6d43a89d0b8</sln:powIIPId><sln:powIIPPn>PL.PZGIK.200</sln:powIIPPn><sln:powIIPWersja>2012-09-27T10:00:59+02:00</sln:powIIPWersja><sln:powIdTeryt>2814</sln:powIdTeryt><sln:powNazwa>olsztyński</sln:powNazwa><sln:waznyOd>2014-02-11T00:00:00+01:00</sln:waznyOd><sln:wojIIPId>45e7cfc6-6d8b-42ff-acbd-ef1d0a53dacb</sln:wojIIPId><sln:wojIIPPn>PL.PZGIK.200</sln:wojIIPPn><sln:wojIIPWersja>2012-09-27T13:45:13+02:00</sln:wojIIPWersja><sln:wojIdTeryt>28</sln:wojIdTeryt><sln:wojNazwa>warmińsko-mazurskie</sln:wojNazwa></sln:miejscowosc><sln:miejscowosc><sln:cyklZyciaDo>2017-04-07T00:00:00+02:00</sln:cyklZyciaDo><sln:cyklZyciaOd>2015-10-02T00:00:00+02:00</sln:cyklZyciaOd><sln:gmIIPId>d2512eb9-7121-4ed7-a260-969af526a464</sln:gmIIPId><sln:gmIIPPn>PL.PZGIK.200</sln:gmIIPPn><sln:gmIIPWersja>2012-09-26T22:21:24+02:00</sln:gmIIPWersja><sln:gmIdTeryt>2814063</sln:gmIdTeryt><sln:gmNazwa>Jeziorany</sln:gmNazwa><sln:miejscIIPId>80f2bd34-06ad-48ac-86fb-9a54f41643da</sln:miejscIIPId><sln:miejscIIPPn>PL.PZGIK.200</sln:miejscIIPPn><sln:miejscIIPWersja>2016-11-24T10:33:16+02:00</sln:miejscIIPWersja><sln:miejscIdTeryt>0476926</sln:miejscIdTeryt><sln:miejscNazwa>Radostowo</sln:miejscNazwa><sln:miejscRodzaj>Wieś</sln:miejscRodzaj><sln:powIIPId>b4fb673d-472a-45bf-9bed-f6d43a89d0b8</sln:powIIPId><sln:powIIPPn>PL.PZGIK.200</sln:powIIPPn><sln:powIIPWersja>2012-09-27T10:00:59+02:00</sln:powIIPWersja><sln:powIdTeryt>2814</sln:powIdTeryt><sln:powNazwa>olsztyński</sln:powNazwa><sln:waznyOd>2014-01-10T00:00:00+01:00</sln:waznyOd><sln:wojIIPId>45e7cfc6-6d8b-42ff-acbd-ef1d0a53dacb</sln:wojIIPId><sln:wojIIPPn>PL.PZGIK.200</sln:wojIIPPn><sln:wojIIPWersja>2012-09-27T13:45:13+02:00</sln:wojIIPWersja><sln:wojIdTeryt>28</sln:wojIdTeryt><sln:wojNazwa>warmińsko-mazurskie</sln:wojNazwa></sln:miejscowosc><sln:miejscowosc><sln:cyklZyciaDo>2017-04-07T00:00:00+02:00</sln:cyklZyciaDo><sln:cyklZyciaOd>2015-10-02T00:00:00+02:00</sln:cyklZyciaOd><sln:gmIIPId>d2512eb9-7121-4ed7-a260-969af526a464</sln:gmIIPId><sln:gmIIPPn>PL.PZGIK.200</sln:gmIIPPn><sln:gmIIPWersja>2012-09-26T22:21:24+02:00</sln:gmIIPWersja><sln:gmIdTeryt>2814063</sln:gmIdTeryt><sln:gmNazwa>Jeziorany</sln:gmNazwa><sln:miejscIIPId>7ff8049e-e6bb-4410-8ce1-874dbd7c3fa4</sln:miejscIIPId><sln:miejscIIPPn>PL.PZGIK.200</sln:miejscIIPPn><sln:miejscIIPWersja>2016-11-24T10:33:16+02:00</sln:miejscIIPWersja><sln:miejscIdTeryt>0476932</sln:miejscIdTeryt><sln:miejscNazwa>Studnica</sln:miejscNazwa><sln:miejscRodzaj>Wieś</sln:miejscRodzaj><sln:powIIPId>b4fb673d-472a-45bf-9bed-f6d43a89d0b8</sln:powIIPId><sln:powIIPPn>PL.PZGIK.200</sln:powIIPPn><sln:powIIPWersja>2012-09-27T10:00:59+02:00</sln:powIIPWersja><sln:powIdTeryt>2814</sln:powIdTeryt><sln:powNazwa>olsztyński</sln:powNazwa><sln:waznyOd>2014-01-10T00:00:00+01:00</sln:waznyOd><sln:wojIIPId>45e7cfc6-6d8b-42ff-acbd-ef1d0a53dacb</sln:wojIIPId><sln:wojIIPPn>PL.PZGIK.200</sln:wojIIPPn><sln:wojIIPWersja>2012-09-27T13:45:13+02:00</sln:wojIIPWersja><sln:wojIdTeryt>28</sln:wojIdTeryt><sln:wojNazwa>warmińsko-mazurskie</sln:wojNazwa></sln:miejscowosc><sln:miejscowosc><sln:cyklZyciaDo>2017-04-07T00:00:00+02:00</sln:cyklZyciaDo><sln:cyklZyciaOd>2015-10-02T00:00:00+02:00</sln:cyklZyciaOd><sln:gmIIPId>d2512eb9-7121-4ed7-a260-969af526a464</sln:gmIIPId><sln:gmIIPPn>PL.PZGIK.200</sln:gmIIPPn><sln:gmIIPWersja>2012-09-26T22:21:24+02:00</sln:gmIIPWersja><sln:gmIdTeryt>2814063</sln:gmIdTeryt><sln:gmNazwa>Jeziorany</sln:gmNazwa><sln:miejscIIPId>dde1cd17-7ed4-417f-914d-ed15b7fec276</sln:miejscIIPId><sln:miejscIIPPn>PL.PZGIK.200</sln:miejscIIPPn><sln:miejscIIPWersja>2016-11-24T10:33:16+02:00</sln:miejscIIPWersja><sln:miejscIdTeryt>0476949</sln:miejscIdTeryt><sln:miejscNazwa>Studzianka</sln:miejscNazwa><sln:miejscRodzaj>Wieś</sln:miejscRodzaj><sln:powIIPId>b4fb673d-472a-45bf-9bed-f6d43a89d0b8</sln:powIIPId><sln:powIIPPn>PL.PZGIK.200</sln:powIIPPn><sln:powIIPWersja>2012-09-27T10:00:59+02:00</sln:powIIPWersja><sln:powIdTeryt>2814</sln:powIdTeryt><sln:powNazwa>olsztyński</sln:powNazwa><sln:waznyOd>2014-01-10T00:00:00+01:00</sln:waznyOd><sln:wojIIPId>45e7cfc6-6d8b-42ff-acbd-ef1d0a53dacb</sln:wojIIPId><sln:wojIIPPn>PL.PZGIK.200</sln:wojIIPPn><sln:wojIIPWersja>2012-09-27T13:45:13+02:00</sln:wojIIPWersja><sln:wojIdTeryt>28</sln:wojIdTeryt><sln:wojNazwa>warmińsko-mazurskie</sln:wojNazwa></sln:miejscowosc><sln:miejscowosc><sln:cyklZyciaDo>2017-04-07T00:00:00+02:00</sln:cyklZyciaDo><sln:cyklZyciaOd>2015-10-02T00:00:00+02:00</sln:cyklZyciaOd><sln:gmIIPId>d2512eb9-7121-4ed7-a260-969af526a464</sln:gmIIPId><sln:gmIIPPn>PL.PZGIK.200</sln:gmIIPPn><sln:gmIIPWersja>2012-09-26T22:21:24+02:00</sln:gmIIPWersja><sln:gmIdTeryt>2814063</sln:gmIdTeryt><sln:gmNazwa>Jeziorany</sln:gmNazwa><sln:miejscIIPId>6a995894-c189-44d4-99b2-15406bb08a84</sln:miejscIIPId><sln:miejscIIPPn>PL.PZGIK.200</sln:miejscIIPPn><sln:miejscIIPWersja>2016-11-24T10:33:16+02:00</sln:miejscIIPWersja><sln:miejscIdTeryt>0476955</sln:miejscIdTeryt><sln:miejscNazwa>Tłokowo</sln:miejscNazwa><sln:miejscRodzaj>Wieś</sln:miejscRodzaj><sln:powIIPId>b4fb673d-472a-45bf-9bed-f6d43a89d0b8</sln:powIIPId><sln:powIIPPn>PL.PZGIK.200</sln:powIIPPn><sln:powIIPWersja>2012-09-27T10:00:59+02:00</sln:powIIPWersja><sln:powIdTeryt>2814</sln:powIdTeryt><sln:powNazwa>olsztyński</sln:powNazwa><sln:waznyOd>2014-01-10T00:00:00+01:00</sln:waznyOd><sln:wojIIPId>45e7cfc6-6d8b-42ff-acbd-ef1d0a53dacb</sln:wojIIPId><sln:wojIIPPn>PL.PZGIK.200</sln:wojIIPPn><sln:wojIIPWersja>2012-09-27T13:45:13+02:00</sln:wojIIPWersja><sln:wojIdTeryt>28</sln:wojIdTeryt><sln:wojNazwa>warmińsko-mazurskie</sln:wojNazwa></sln:miejscowosc><sln:miejscowosc><sln:cyklZyciaDo>2017-04-07T00:00:00+02:00</sln:cyklZyciaDo><sln:cyklZyciaOd>2015-10-02T00:00:00+02:00</sln:cyklZyciaOd><sln:gmIIPId>d2512eb9-7121-4ed7-a260-969af526a464</sln:gmIIPId><sln:gmIIPPn>PL.PZGIK.200</sln:gmIIPPn><sln:gmIIPWersja>2012-09-26T22:21:24+02:00</sln:gmIIPWersja><sln:gmIdTeryt>2814063</sln:gmIdTeryt><sln:gmNazwa>Jeziorany</sln:gmNazwa><sln:miejscIIPId>db8849f6-e34d-4339-9684-6dede1f39256</sln:miejscIIPId><sln:miejscIIPPn>PL.PZGIK.200</sln:miejscIIPPn><sln:miejscIIPWersja>2016-11-24T10:33:16+02:00</sln:miejscIIPWersja><sln:miejscIdTeryt>0476990</sln:miejscIdTeryt><sln:miejscNazwa>Ustnik</sln:miejscNazwa><sln:miejscRodzaj>Osada</sln:miejscRodzaj><sln:powIIPId>b4fb673d-472a-45bf-9bed-f6d43a89d0b8</sln:powIIPId><sln:powIIPPn>PL.PZGIK.200</sln:powIIPPn><sln:powIIPWersja>2012-09-27T10:00:59+02:00</sln:powIIPWersja><sln:powIdTeryt>2814</sln:powIdTeryt><sln:powNazwa>olsztyński</sln:powNazwa><sln:waznyOd>2014-02-11T00:00:00+01:00</sln:waznyOd><sln:wojIIPId>45e7cfc6-6d8b-42ff-acbd-ef1d0a53dacb</sln:wojIIPId><sln:wojIIPPn>PL.PZGIK.200</sln:wojIIPPn><sln:wojIIPWersja>2012-09-27T13:45:13+02:00</sln:wojIIPWersja><sln:wojIdTeryt>28</sln:wojIdTeryt><sln:wojNazwa>warmińsko-mazurskie</sln:wojNazwa></sln:miejscowosc><sln:miejscowosc><sln:cyklZyciaDo>2017-04-07T00:00:00+02:00</sln:cyklZyciaDo><sln:cyklZyciaOd>2015-10-02T00:00:00+02:00</sln:cyklZyciaOd><sln:gmIIPId>d2512eb9-7121-4ed7-a260-969af526a464</sln:gmIIPId><sln:gmIIPPn>PL.PZGIK.200</sln:gmIIPPn><sln:gmIIPWersja>2012-09-26T22:21:24+02:00</sln:gmIIPWersja><sln:gmIdTeryt>2814063</sln:gmIdTeryt><sln:gmNazwa>Jeziorany</sln:gmNazwa><sln:miejscIIPId>2220035b-5272-4a99-b102-3339b9c9cd84</sln:miejscIIPId><sln:miejscIIPPn>PL.PZGIK.200</sln:miejscIIPPn><sln:miejscIIPWersja>2016-11-24T10:33:16+02:00</sln:miejscIIPWersja><sln:miejscIdTeryt>0476961</sln:miejscIdTeryt><sln:miejscNazwa>Wilkiejmy</sln:miejscNazwa><sln:miejscRodzaj>Wieś</sln:miejscRodzaj><sln:powIIPId>b4fb673d-472a-45bf-9bed-f6d43a89d0b8</sln:powIIPId><sln:powIIPPn>PL.PZGIK.200</sln:powIIPPn><sln:powIIPWersja>2012-09-27T10:00:59+02:00</sln:powIIPWersja><sln:powIdTeryt>2814</sln:powIdTeryt><sln:powNazwa>olsztyński</sln:powNazwa><sln:waznyOd>2014-01-10T00:00:00+01:00</sln:waznyOd><sln:wojIIPId>45e7cfc6-6d8b-42ff-acbd-ef1d0a53dacb</sln:wojIIPId><sln:wojIIPPn>PL.PZGIK.200</sln:wojIIPPn><sln:wojIIPWersja>2012-09-27T13:45:13+02:00</sln:wojIIPWersja><sln:wojIdTeryt>28</sln:wojIdTeryt><sln:wojNazwa>warmińsko-mazurskie</sln:wojNazwa></sln:miejscowosc><sln:miejscowosc><sln:cyklZyciaDo>2017-04-07T00:00:00+02:00</sln:cyklZyciaDo><sln:cyklZyciaOd>2015-10-02T00:00:00+02:00</sln:cyklZyciaOd><sln:gmIIPId>d2512eb9-7121-4ed7-a260-969af526a464</sln:gmIIPId><sln:gmIIPPn>PL.PZGIK.200</sln:gmIIPPn><sln:gmIIPWersja>2012-09-26T22:21:24+02:00</sln:gmIIPWersja><sln:gmIdTeryt>2814063</sln:gmIdTeryt><sln:gmNazwa>Jeziorany</sln:gmNazwa><sln:miejscIIPId>50d2f9d9-8ee8-4d99-9369-230d8a98803e</sln:miejscIIPId><sln:miejscIIPPn>PL.PZGIK.200</sln:miejscIIPPn><sln:miejscIIPWersja>2016-11-24T10:33:16+02:00</sln:miejscIIPWersja><sln:miejscIdTeryt>0476984</sln:miejscIdTeryt><sln:miejscNazwa>Wójtówko</sln:miejscNazwa><sln:miejscRodzaj>Osada</sln:miejscRodzaj><sln:powIIPId>b4fb673d-472a-45bf-9bed-f6d43a89d0b8</sln:powIIPId><sln:powIIPPn>PL.PZGIK.200</sln:powIIPPn><sln:powIIPWersja>2012-09-27T10:00:59+02:00</sln:powIIPWersja><sln:powIdTeryt>2814</sln:powIdTeryt><sln:powNazwa>olsztyński</sln:powNazwa><sln:waznyOd>2014-02-11T00:00:00+01:00</sln:waznyOd><sln:wojIIPId>45e7cfc6-6d8b-42ff-acbd-ef1d0a53dacb</sln:wojIIPId><sln:wojIIPPn>PL.PZGIK.200</sln:wojIIPPn><sln:wojIIPWersja>2012-09-27T13:45:13+02:00</sln:wojIIPWersja><sln:wojIdTeryt>28</sln:wojIdTeryt><sln:wojNazwa>warmińsko-mazurskie</sln:wojNazwa></sln:miejscowosc><sln:miejscowosc><sln:cyklZyciaDo>2017-04-07T00:00:00+02:00</sln:cyklZyciaDo><sln:cyklZyciaOd>2015-10-02T00:00:00+02:00</sln:cyklZyciaOd><sln:gmIIPId>d2512eb9-7121-4ed7-a260-969af526a464</sln:gmIIPId><sln:gmIIPPn>PL.PZGIK.200</sln:gmIIPPn><sln:gmIIPWersja>2012-09-26T22:21:24+02:00</sln:gmIIPWersja><sln:gmIdTeryt>2814063</sln:gmIdTeryt><sln:gmNazwa>Jeziorany</sln:gmNazwa><sln:miejscIIPId>bb4795e3-12d8-4ddf-bc61-c83cb92e10b4</sln:miejscIIPId><sln:miejscIIPPn>PL.PZGIK.200</sln:miejscIIPPn><sln:miejscIIPWersja>2016-11-24T10:33:16+02:00</sln:miejscIIPWersja><sln:miejscIdTeryt>0476777</sln:miejscIdTeryt><sln:miejscNazwa>Wólka Szlachecka</sln:miejscNazwa><sln:miejscRodzaj>Wieś</sln:miejscRodzaj><sln:powIIPId>b4fb673d-472a-45bf-9bed-f6d43a89d0b8</sln:powIIPId><sln:powIIPPn>PL.PZGIK.200</sln:powIIPPn><sln:powIIPWersja>2012-09-27T10:00:59+02:00</sln:powIIPWersja><sln:powIdTeryt>2814</sln:powIdTeryt><sln:powNazwa>olsztyński</sln:powNazwa><sln:waznyOd>2014-01-10T00:00:00+01:00</sln:waznyOd><sln:wojIIPId>45e7cfc6-6d8b-42ff-acbd-ef1d0a53dacb</sln:wojIIPId><sln:wojIIPPn>PL.PZGIK.200</sln:wojIIPPn><sln:wojIIPWersja>2012-09-27T13:45:13+02:00</sln:wojIIPWersja><sln:wojIdTeryt>28</sln:wojIdTeryt><sln:wojNazwa>warmińsko-mazurskie</sln:wojNazwa></sln:miejscowosc><sln:miejscowosc><sln:cyklZyciaDo>2017-04-07T00:00:00+02:00</sln:cyklZyciaDo><sln:cyklZyciaOd>2015-10-02T00:00:00+02:00</sln:cyklZyciaOd><sln:gmIIPId>d2512eb9-7121-4ed7-a260-969af526a464</sln:gmIIPId><sln:gmIIPPn>PL.PZGIK.200</sln:gmIIPPn><sln:gmIIPWersja>2012-09-26T22:21:24+02:00</sln:gmIIPWersja><sln:gmIdTeryt>2814063</sln:gmIdTeryt><sln:gmNazwa>Jeziorany</sln:gmNazwa><sln:miejscIIPId>d3c91643-5463-4bc7-b551-5b35ed405f35</sln:miejscIIPId><sln:miejscIIPPn>PL.PZGIK.200</sln:miejscIIPPn><sln:miejscIIPWersja>2016-11-24T10:33:16+02:00</sln:miejscIIPWersja><sln:miejscIdTeryt>0477015</sln:miejscIdTeryt><sln:miejscNazwa>Zerbuń</sln:miejscNazwa><sln:miejscRodzaj>Wieś</sln:miejscRodzaj><sln:powIIPId>b4fb673d-472a-45bf-9bed-f6d43a89d0b8</sln:powIIPId><sln:powIIPPn>PL.PZGIK.200</sln:powIIPPn><sln:powIIPWersja>2012-09-27T10:00:59+02:00</sln:powIIPWersja><sln:powIdTeryt>2814</sln:powIdTeryt><sln:powNazwa>olsztyński</sln:powNazwa><sln:waznyOd>2014-01-10T00:00:00+01:00</sln:waznyOd><sln:wojIIPId>45e7cfc6-6d8b-42ff-acbd-ef1d0a53dacb</sln:wojIIPId><sln:wojIIPPn>PL.PZGIK.200</sln:wojIIPPn><sln:wojIIPWersja>2012-09-27T13:45:13+02:00</sln:wojIIPWersja><sln:wojIdTeryt>28</sln:wojIdTeryt><sln:wojNazwa>warmińsko-mazurskie</sln:wojNazwa></sln:miejscowosc><sln:miejscowosc><sln:cyklZyciaDo>2017-04-07T00:00:00+02:00</sln:cyklZyciaDo><sln:cyklZyciaOd>2015-10-02T00:00:00+02:00</sln:cyklZyciaOd><sln:gmIIPId>d2512eb9-7121-4ed7-a260-969af526a464</sln:gmIIPId><sln:gmIIPPn>PL.PZGIK.200</sln:gmIIPPn><sln:gmIIPWersja>2012-09-26T22:21:24+02:00</sln:gmIIPWersja><sln:gmIdTeryt>2814063</sln:gmIdTeryt><sln:gmNazwa>Jeziorany</sln:gmNazwa><sln:miejscIIPId>1565e952-da68-4911-afb0-38cc6ebd3b22</sln:miejscIIPId><sln:miejscIIPPn>PL.PZGIK.200</sln:miejscIIPPn><sln:miejscIIPWersja>2016-11-24T10:33:16+02:00</sln:miejscIIPWersja><sln:miejscIdTeryt>0477009</sln:miejscIdTeryt><sln:miejscNazwa>Żardeniki</sln:miejscNazwa><sln:miejscRodzaj>Wieś</sln:miejscRodzaj><sln:powIIPId>b4fb673d-472a-45bf-9bed-f6d43a89d0b8</sln:powIIPId><sln:powIIPPn>PL.PZGIK.200</sln:powIIPPn><sln:powIIPWersja>2012-09-27T10:00:59+02:00</sln:powIIPWersja><sln:powIdTeryt>2814</sln:powIdTeryt><sln:powNazwa>olsztyński</sln:powNazwa><sln:waznyOd>2014-01-10T00:00:00+01:00</sln:waznyOd><sln:wojIIPId>45e7cfc6-6d8b-42ff-acbd-ef1d0a53dacb</sln:wojIIPId><sln:wojIIPPn>PL.PZGIK.200</sln:wojIIPPn><sln:wojIIPWersja>2012-09-27T13:45:13+02:00</sln:wojIIPWersja><sln:wojIdTeryt>28</sln:wojIdTeryt><sln:wojNazwa>warmińsko-mazurskie</sln:wojNazwa></sln:miejscowosc><sln:miejscowosc><sln:cyklZyciaOd>2017-04-07T00:00:00+02:00</sln:cyklZyciaOd><sln:gmIIPId>d2512eb9-7121-4ed7-a260-969af526a464</sln:gmIIPId><sln:gmIIPPn>PL.PZGIK.200</sln:gmIIPPn><sln:gmIIPWersja>2012-09-26T22:21:24+02:00</sln:gmIIPWersja><sln:gmIdTeryt>2814063</sln:gmIdTeryt><sln:gmNazwa>Jeziorany</sln:gmNazwa><sln:miejscIIPId>d8f0f9f1-b2e8-47df-8531-06ef97ae5183</sln:miejscIIPId><sln:miejscIIPPn>PL.PZGIK.200</sln:miejscIIPPn><sln:miejscIIPWersja>2017-04-07T16:12:34+02:00</sln:miejscIIPWersja><sln:miejscIdTeryt>0476754</sln:miejscIdTeryt><sln:miejscNazwa>Derc</sln:miejscNazwa><sln:miejscRodzaj>Wieś</sln:miejscRodzaj><sln:powIIPId>b4fb673d-472a-45bf-9bed-f6d43a89d0b8</sln:powIIPId><sln:powIIPPn>PL.PZGIK.200</sln:powIIPPn><sln:powIIPWersja>2012-09-27T10:00:59+02:00</sln:powIIPWersja><sln:powIdTeryt>2814</sln:powIdTeryt><sln:powNazwa>olsztyński</sln:powNazwa><sln:waznyOd>2014-01-10T00:00:00+01:00</sln:waznyOd><sln:wojIIPId>45e7cfc6-6d8b-42ff-acbd-ef1d0a53dacb</sln:wojIIPId><sln:wojIIPPn>PL.PZGIK.200</sln:wojIIPPn><sln:wojIIPWersja>2012-09-27T13:45:13+02:00</sln:wojIIPWersja><sln:wojIdTeryt>28</sln:wojIdTeryt><sln:wojNazwa>warmińsko-mazurskie</sln:wojNazwa></sln:miejscowosc><sln:miejscowosc><sln:cyklZyciaOd>2017-04-07T00:00:00+02:00</sln:cyklZyciaOd><sln:gmIIPId>d2512eb9-7121-4ed7-a260-969af526a464</sln:gmIIPId><sln:gmIIPPn>PL.PZGIK.200</sln:gmIIPPn><sln:gmIIPWersja>2012-09-26T22:21:24+02:00</sln:gmIIPWersja><sln:gmIdTeryt>2814063</sln:gmIdTeryt><sln:gmNazwa>Jeziorany</sln:gmNazwa><sln:miejscIIPId>2caacaff-da28-4b0f-8c3a-1ec1999eb896</sln:miejscIIPId><sln:miejscIIPPn>PL.PZGIK.200</sln:miejscIIPPn><sln:miejscIIPWersja>2017-04-07T16:12:42+02:00</sln:miejscIIPWersja><sln:miejscIdTeryt>0476760</sln:miejscIdTeryt><sln:miejscNazwa>Franknowo</sln:miejscNazwa><sln:miejscRodzaj>Wieś</sln:miejscRodzaj><sln:powIIPId>b4fb673d-472a-45bf-9bed-f6d43a89d0b8</sln:powIIPId><sln:powIIPPn>PL.PZGIK.200</sln:powIIPPn><sln:powIIPWersja>2012-09-27T10:00:59+02:00</sln:powIIPWersja><sln:powIdTeryt>2814</sln:powIdTeryt><sln:powNazwa>olsztyński</sln:powNazwa><sln:waznyOd>2014-01-10T00:00:00+01:00</sln:waznyOd><sln:wojIIPId>45e7cfc6-6d8b-42ff-acbd-ef1d0a53dacb</sln:wojIIPId><sln:wojIIPPn>PL.PZGIK.200</sln:wojIIPPn><sln:wojIIPWersja>2012-09-27T13:45:13+02:00</sln:wojIIPWersja><sln:wojIdTeryt>28</sln:wojIdTeryt><sln:wojNazwa>warmińsko-mazurskie</sln:wojNazwa></sln:miejscowosc><sln:miejscowosc><sln:cyklZyciaOd>2017-04-07T00:00:00+02:00</sln:cyklZyciaOd><sln:gmIIPId>d2512eb9-7121-4ed7-a260-969af526a464</sln:gmIIPId><sln:gmIIPPn>PL.PZGIK.200</sln:gmIIPPn><sln:gmIIPWersja>2012-09-26T22:21:24+02:00</sln:gmIIPWersja><sln:gmIdTeryt>2814063</sln:gmIdTeryt><sln:gmNazwa>Jeziorany</sln:gmNazwa><sln:miejscIIPId>bb4795e3-12d8-4ddf-bc61-c83cb92e10b4</sln:miejscIIPId><sln:miejscIIPPn>PL.PZGIK.200</sln:miejscIIPPn><sln:miejscIIPWersja>2017-04-07T16:12:42+02:00</sln:miejscIIPWersja><sln:miejscIdTeryt>0476777</sln:miejscIdTeryt><sln:miejscNazwa>Wólka Szlachecka</sln:miejscNazwa><sln:miejscRodzaj>Wieś</sln:miejscRodzaj><sln:powIIPId>b4fb673d-472a-45bf-9bed-f6d43a89d0b8</sln:powIIPId><sln:powIIPPn>PL.PZGIK.200</sln:powIIPPn><sln:powIIPWersja>2012-09-27T10:00:59+02:00</sln:powIIPWersja><sln:powIdTeryt>2814</sln:powIdTeryt><sln:powNazwa>olsztyński</sln:powNazwa><sln:waznyOd>2014-01-10T00:00:00+01:00</sln:waznyOd><sln:wojIIPId>45e7cfc6-6d8b-42ff-acbd-ef1d0a53dacb</sln:wojIIPId><sln:wojIIPPn>PL.PZGIK.200</sln:wojIIPPn><sln:wojIIPWersja>2012-09-27T13:45:13+02:00</sln:wojIIPWersja><sln:wojIdTeryt>28</sln:wojIdTeryt><sln:wojNazwa>warmińsko-mazurskie</sln:wojNazwa></sln:miejscowosc><sln:miejscowosc><sln:cyklZyciaOd>2017-04-07T00:00:00+02:00</sln:cyklZyciaOd><sln:gmIIPId>d2512eb9-7121-4ed7-a260-969af526a464</sln:gmIIPId><sln:gmIIPPn>PL.PZGIK.200</sln:gmIIPPn><sln:gmIIPWersja>2012-09-26T22:21:24+02:00</sln:gmIIPWersja><sln:gmIdTeryt>2814063</sln:gmIdTeryt><sln:gmNazwa>Jeziorany</sln:gmNazwa><sln:miejscIIPId>64823bdf-5ad4-45e7-9314-0e8821d8114d</sln:miejscIIPId><sln:miejscIIPPn>PL.PZGIK.200</sln:miejscIIPPn><sln:miejscIIPWersja>2017-04-07T16:12:43+02:00</sln:miejscIIPWersja><sln:miejscIdTeryt>0476783</sln:miejscIdTeryt><sln:miejscNazwa>Jeziorany-Kolonie</sln:miejscNazwa><sln:miejscRodzaj>Wieś</sln:miejscRodzaj><sln:powIIPId>b4fb673d-472a-45bf-9bed-f6d43a89d0b8</sln:powIIPId><sln:powIIPPn>PL.PZGIK.200</sln:powIIPPn><sln:powIIPWersja>2012-09-27T10:00:59+02:00</sln:powIIPWersja><sln:powIdTeryt>2814</sln:powIdTeryt><sln:powNazwa>olsztyński</sln:powNazwa><sln:waznyOd>2014-01-10T00:00:00+01:00</sln:waznyOd><sln:wojIIPId>45e7cfc6-6d8b-42ff-acbd-ef1d0a53dacb</sln:wojIIPId><sln:wojIIPPn>PL.PZGIK.200</sln:wojIIPPn><sln:wojIIPWersja>2012-09-27T13:45:13+02:00</sln:wojIIPWersja><sln:wojIdTeryt>28</sln:wojIdTeryt><sln:wojNazwa>warmińsko-mazurskie</sln:wojNazwa></sln:miejscowosc><sln:miejscowosc><sln:cyklZyciaOd>2017-04-07T00:00:00+02:00</sln:cyklZyciaOd><sln:gmIIPId>d2512eb9-7121-4ed7-a260-969af526a464</sln:gmIIPId><sln:gmIIPPn>PL.PZGIK.200</sln:gmIIPPn><sln:gmIIPWersja>2012-09-26T22:21:24+02:00</sln:gmIIPWersja><sln:gmIdTeryt>2814063</sln:gmIdTeryt><sln:gmNazwa>Jeziorany</sln:gmNazwa><sln:miejscIIPId>b5dce060-0201-47a0-962e-c76a664cf252</sln:miejscIIPId><sln:miejscIIPPn>PL.PZGIK.200</sln:miejscIIPPn><sln:miejscIIPWersja>2017-04-07T16:12:43+02:00</sln:miejscIIPWersja><sln:miejscIdTeryt>0476790</sln:miejscIdTeryt><sln:miejscNazwa>Kalis</sln:miejscNazwa><sln:miejscRodzaj>Osada</sln:miejscRodzaj><sln:powIIPId>b4fb673d-472a-45bf-9bed-f6d43a89d0b8</sln:powIIPId><sln:powIIPPn>PL.PZGIK.200</sln:powIIPPn><sln:powIIPWersja>2012-09-27T10:00:59+02:00</sln:powIIPWersja><sln:powIdTeryt>2814</sln:powIdTeryt><sln:powNazwa>olsztyński</sln:powNazwa><sln:waznyOd>2014-02-11T00:00:00+01:00</sln:waznyOd><sln:wojIIPId>45e7cfc6-6d8b-42ff-acbd-ef1d0a53dacb</sln:wojIIPId><sln:wojIIPPn>PL.PZGIK.200</sln:wojIIPPn><sln:wojIIPWersja>2012-09-27T13:45:13+02:00</sln:wojIIPWersja><sln:wojIdTeryt>28</sln:wojIdTeryt><sln:wojNazwa>warmińsko-mazurskie</sln:wojNazwa></sln:miejscowosc><sln:miejscowosc><sln:cyklZyciaOd>2017-04-07T00:00:00+02:00</sln:cyklZyciaOd><sln:gmIIPId>d2512eb9-7121-4ed7-a260-969af526a464</sln:gmIIPId><sln:gmIIPPn>PL.PZGIK.200</sln:gmIIPPn><sln:gmIIPWersja>2012-09-26T22:21:24+02:00</sln:gmIIPWersja><sln:gmIdTeryt>2814063</sln:gmIdTeryt><sln:gmNazwa>Jeziorany</sln:gmNazwa><sln:miejscIIPId>b1413581-3c5c-451c-bd5a-f45c2eccc8e0</sln:miejscIIPId><sln:miejscIIPPn>PL.PZGIK.200</sln:miejscIIPPn><sln:miejscIIPWersja>2017-04-07T16:12:43+02:00</sln:miejscIIPWersja><sln:miejscIdTeryt>0476808</sln:miejscIdTeryt><sln:miejscNazwa>Kiersztanowo</sln:miejscNazwa><sln:miejscRodzaj>Wieś</sln:miejscRodzaj><sln:powIIPId>b4fb673d-472a-45bf-9bed-f6d43a89d0b8</sln:powIIPId><sln:powIIPPn>PL.PZGIK.200</sln:powIIPPn><sln:powIIPWersja>2012-09-27T10:00:59+02:00</sln:powIIPWersja><sln:powIdTeryt>2814</sln:powIdTeryt><sln:powNazwa>olsztyński</sln:powNazwa><sln:waznyOd>2014-01-10T00:00:00+01:00</sln:waznyOd><sln:wojIIPId>45e7cfc6-6d8b-42ff-acbd-ef1d0a53dacb</sln:wojIIPId><sln:wojIIPPn>PL.PZGIK.200</sln:wojIIPPn><sln:wojIIPWersja>2012-09-27T13:45:13+02:00</sln:wojIIPWersja><sln:wojIdTeryt>28</sln:wojIdTeryt><sln:wojNazwa>warmińsko-mazurskie</sln:wojNazwa></sln:miejscowosc><sln:miejscowosc><sln:cyklZyciaOd>2017-04-07T00:00:00+02:00</sln:cyklZyciaOd><sln:gmIIPId>d2512eb9-7121-4ed7-a260-969af526a464</sln:gmIIPId><sln:gmIIPPn>PL.PZGIK.200</sln:gmIIPPn><sln:gmIIPWersja>2012-09-26T22:21:24+02:00</sln:gmIIPWersja><sln:gmIdTeryt>2814063</sln:gmIdTeryt><sln:gmNazwa>Jeziorany</sln:gmNazwa><sln:miejscIIPId>5560ed39-1060-44cc-9a7d-1d66788bab51</sln:miejscIIPId><sln:miejscIIPPn>PL.PZGIK.200</sln:miejscIIPPn><sln:miejscIIPWersja>2017-04-07T16:12:43+02:00</sln:miejscIIPWersja><sln:miejscIdTeryt>0476814</sln:miejscIdTeryt><sln:miejscNazwa>Kikity</sln:miejscNazwa><sln:miejscRodzaj>Wieś</sln:miejscRodzaj><sln:powIIPId>b4fb673d-472a-45bf-9bed-f6d43a89d0b8</sln:powIIPId><sln:powIIPPn>PL.PZGIK.200</sln:powIIPPn><sln:powIIPWersja>2012-09-27T10:00:59+02:00</sln:powIIPWersja><sln:powIdTeryt>2814</sln:powIdTeryt><sln:powNazwa>olsztyński</sln:powNazwa><sln:waznyOd>2014-02-13T00:00:00+01:00</sln:waznyOd><sln:wojIIPId>45e7cfc6-6d8b-42ff-acbd-ef1d0a53dacb</sln:wojIIPId><sln:wojIIPPn>PL.PZGIK.200</sln:wojIIPPn><sln:wojIIPWersja>2012-09-27T13:45:13+02:00</sln:wojIIPWersja><sln:wojIdTeryt>28</sln:wojIdTeryt><sln:wojNazwa>warmińsko-mazurskie</sln:wojNazwa></sln:miejscowosc><sln:miejscowosc><sln:cyklZyciaOd>2017-04-07T00:00:00+02:00</sln:cyklZyciaOd><sln:gmIIPId>d2512eb9-7121-4ed7-a260-969af526a464</sln:gmIIPId><sln:gmIIPPn>PL.PZGIK.200</sln:gmIIPPn><sln:gmIIPWersja>2012-09-26T22:21:24+02:00</sln:gmIIPWersja><sln:gmIdTeryt>2814063</sln:gmIdTeryt><sln:gmNazwa>Jeziorany</sln:gmNazwa><sln:miejscIIPId>2b6669e3-c39a-4979-b41c-c9ea7cc8805f</sln:miejscIIPId><sln:miejscIIPPn>PL.PZGIK.200</sln:miejscIIPPn><sln:miejscIIPWersja>2017-04-07T16:12:43+02:00</sln:miejscIIPWersja><sln:miejscIdTeryt>0476820</sln:miejscIdTeryt><sln:miejscNazwa>Kostrzewy</sln:miejscNazwa><sln:miejscRodzaj>Wieś</sln:miejscRodzaj><sln:powIIPId>b4fb673d-472a-45bf-9bed-f6d43a89d0b8</sln:powIIPId><sln:powIIPPn>PL.PZGIK.200</sln:powIIPPn><sln:powIIPWersja>2012-09-27T10:00:59+02:00</sln:powIIPWersja><sln:powIdTeryt>2814</sln:powIdTeryt><sln:powNazwa>olsztyński</sln:powNazwa><sln:waznyOd>2014-01-10T00:00:00+01:00</sln:waznyOd><sln:wojIIPId>45e7cfc6-6d8b-42ff-acbd-ef1d0a53dacb</sln:wojIIPId><sln:wojIIPPn>PL.PZGIK.200</sln:wojIIPPn><sln:wojIIPWersja>2012-09-27T13:45:13+02:00</sln:wojIIPWersja><sln:wojIdTeryt>28</sln:wojIdTeryt><sln:wojNazwa>warmińsko-mazurskie</sln:wojNazwa></sln:miejscowosc><sln:miejscowosc><sln:cyklZyciaOd>2017-04-07T00:00:00+02:00</sln:cyklZyciaOd><sln:gmIIPId>d2512eb9-7121-4ed7-a260-969af526a464</sln:gmIIPId><sln:gmIIPPn>PL.PZGIK.200</sln:gmIIPPn><sln:gmIIPWersja>2012-09-26T22:21:24+02:00</sln:gmIIPWersja><sln:gmIdTeryt>2814063</sln:gmIdTeryt><sln:gmNazwa>Jeziorany</sln:gmNazwa><sln:miejscIIPId>86370772-d89e-49a6-84ca-b44f09c512ce</sln:miejscIIPId><sln:miejscIIPPn>PL.PZGIK.200</sln:miejscIIPPn><sln:miejscIIPWersja>2017-04-07T16:12:43+02:00</sln:miejscIIPWersja><sln:miejscIdTeryt>0476837</sln:miejscIdTeryt><sln:miejscNazwa>Kramarzewo</sln:miejscNazwa><sln:miejscRodzaj>Wieś</sln:miejscRodzaj><sln:powIIPId>b4fb673d-472a-45bf-9bed-f6d43a89d0b8</sln:powIIPId><sln:powIIPPn>PL.PZGIK.200</sln:powIIPPn><sln:powIIPWersja>2012-09-27T10:00:59+02:00</sln:powIIPWersja><sln:powIdTeryt>2814</sln:powIdTeryt><sln:powNazwa>olsztyński</sln:powNazwa><sln:waznyOd>2014-01-10T00:00:00+01:00</sln:waznyOd><sln:wojIIPId>45e7cfc6-6d8b-42ff-acbd-ef1d0a53dacb</sln:wojIIPId><sln:wojIIPPn>PL.PZGIK.200</sln:wojIIPPn><sln:wojIIPWersja>2012-09-27T13:45:13+02:00</sln:wojIIPWersja><sln:wojIdTeryt>28</sln:wojIdTeryt><sln:wojNazwa>warmińsko-mazurskie</sln:wojNazwa></sln:miejscowosc><sln:miejscowosc><sln:cyklZyciaOd>2017-04-07T00:00:00+02:00</sln:cyklZyciaOd><sln:gmIIPId>d2512eb9-7121-4ed7-a260-969af526a464</sln:gmIIPId><sln:gmIIPPn>PL.PZGIK.200</sln:gmIIPPn><sln:gmIIPWersja>2012-09-26T22:21:24+02:00</sln:gmIIPWersja><sln:gmIdTeryt>2814063</sln:gmIdTeryt><sln:gmNazwa>Jeziorany</sln:gmNazwa><sln:miejscIIPId>c8b31c8c-370c-4c1c-ba44-31995571c993</sln:miejscIIPId><sln:miejscIIPPn>PL.PZGIK.200</sln:miejscIIPPn><sln:miejscIIPWersja>2017-04-07T16:12:43+02:00</sln:miejscIIPWersja><sln:miejscIdTeryt>0476843</sln:miejscIdTeryt><sln:miejscNazwa>Krokowo</sln:miejscNazwa><sln:miejscRodzaj>Wieś</sln:miejscRodzaj><sln:powIIPId>b4fb673d-472a-45bf-9bed-f6d43a89d0b8</sln:powIIPId><sln:powIIPPn>PL.PZGIK.200</sln:powIIPPn><sln:powIIPWersja>2012-09-27T10:00:59+02:00</sln:powIIPWersja><sln:powIdTeryt>2814</sln:powIdTeryt><sln:powNazwa>olsztyński</sln:powNazwa><sln:waznyOd>2014-01-10T00:00:00+01:00</sln:waznyOd><sln:wojIIPId>45e7cfc6-6d8b-42ff-acbd-ef1d0a53dacb</sln:wojIIPId><sln:wojIIPPn>PL.PZGIK.200</sln:wojIIPPn><sln:wojIIPWersja>2012-09-27T13:45:13+02:00</sln:wojIIPWersja><sln:wojIdTeryt>28</sln:wojIdTeryt><sln:wojNazwa>warmińsko-mazurskie</sln:wojNazwa></sln:miejscowosc><sln:miejscowosc><sln:cyklZyciaOd>2017-04-07T00:00:00+02:00</sln:cyklZyciaOd><sln:gmIIPId>d2512eb9-7121-4ed7-a260-969af526a464</sln:gmIIPId><sln:gmIIPPn>PL.PZGIK.200</sln:gmIIPPn><sln:gmIIPWersja>2012-09-26T22:21:24+02:00</sln:gmIIPWersja><sln:gmIdTeryt>2814063</sln:gmIdTeryt><sln:gmNazwa>Jeziorany</sln:gmNazwa><sln:miejscIIPId>ef336e1d-c97c-448a-a83b-9f00a3399917</sln:miejscIIPId><sln:miejscIIPPn>PL.PZGIK.200</sln:miejscIIPPn><sln:miejscIIPWersja>2017-04-07T16:12:43+02:00</sln:miejscIIPWersja><sln:miejscIdTeryt>0476850</sln:miejscIdTeryt><sln:miejscNazwa>Lekity</sln:miejscNazwa><sln:miejscRodzaj>Wieś</sln:miejscRodzaj><sln:powIIPId>b4fb673d-472a-45bf-9bed-f6d43a89d0b8</sln:powIIPId><sln:powIIPPn>PL.PZGIK.200</sln:powIIPPn><sln:powIIPWersja>2012-09-27T10:00:59+02:00</sln:powIIPWersja><sln:powIdTeryt>2814</sln:powIdTeryt><sln:powNazwa>olsztyński</sln:powNazwa><sln:waznyOd>2014-01-10T00:00:00+01:00</sln:waznyOd><sln:wojIIPId>45e7cfc6-6d8b-42ff-acbd-ef1d0a53dacb</sln:wojIIPId><sln:wojIIPPn>PL.PZGIK.200</sln:wojIIPPn><sln:wojIIPWersja>2012-09-27T13:45:13+02:00</sln:wojIIPWersja><sln:wojIdTeryt>28</sln:wojIdTeryt><sln:wojNazwa>warmińsko-mazurskie</sln:wojNazwa></sln:miejscowosc><sln:miejscowosc><sln:cyklZyciaOd>2017-04-07T00:00:00+02:00</sln:cyklZyciaOd><sln:gmIIPId>d2512eb9-7121-4ed7-a260-969af526a464</sln:gmIIPId><sln:gmIIPPn>PL.PZGIK.200</sln:gmIIPPn><sln:gmIIPWersja>2012-09-26T22:21:24+02:00</sln:gmIIPWersja><sln:gmIdTeryt>2814063</sln:gmIdTeryt><sln:gmNazwa>Jeziorany</sln:gmNazwa><sln:miejscIIPId>c3e9fb10-9811-4063-8c7a-274c89117347</sln:miejscIIPId><sln:miejscIIPPn>PL.PZGIK.200</sln:miejscIIPPn><sln:miejscIIPWersja>2017-04-07T16:12:43+02:00</sln:miejscIIPWersja><sln:miejscIdTeryt>0476866</sln:miejscIdTeryt><sln:miejscNazwa>Miejska Wieś</sln:miejscNazwa><sln:miejscRodzaj>Wieś</sln:miejscRodzaj><sln:powIIPId>b4fb673d-472a-45bf-9bed-f6d43a89d0b8</sln:powIIPId><sln:powIIPPn>PL.PZGIK.200</sln:powIIPPn><sln:powIIPWersja>2012-09-27T10:00:59+02:00</sln:powIIPWersja><sln:powIdTeryt>2814</sln:powIdTeryt><sln:powNazwa>olsztyński</sln:powNazwa><sln:waznyOd>2014-01-10T00:00:00+01:00</sln:waznyOd><sln:wojIIPId>45e7cfc6-6d8b-42ff-acbd-ef1d0a53dacb</sln:wojIIPId><sln:wojIIPPn>PL.PZGIK.200</sln:wojIIPPn><sln:wojIIPWersja>2012-09-27T13:45:13+02:00</sln:wojIIPWersja><sln:wojIdTeryt>28</sln:wojIdTeryt><sln:wojNazwa>warmińsko-mazurskie</sln:wojNazwa></sln:miejscowosc><sln:miejscowosc><sln:cyklZyciaOd>2017-04-07T00:00:00+02:00</sln:cyklZyciaOd><sln:gmIIPId>d2512eb9-7121-4ed7-a260-969af526a464</sln:gmIIPId><sln:gmIIPPn>PL.PZGIK.200</sln:gmIIPPn><sln:gmIIPWersja>2012-09-26T22:21:24+02:00</sln:gmIIPWersja><sln:gmIdTeryt>2814063</sln:gmIdTeryt><sln:gmNazwa>Jeziorany</sln:gmNazwa><sln:miejscIIPId>5140f58c-fbf2-4fc2-ad8b-78e376df9a6e</sln:miejscIIPId><sln:miejscIIPPn>PL.PZGIK.200</sln:miejscIIPPn><sln:miejscIIPWersja>2017-04-07T16:12:43+02:00</sln:miejscIIPWersja><sln:miejscIdTeryt>0476872</sln:miejscIdTeryt><sln:miejscNazwa>Modliny</sln:miejscNazwa><sln:miejscRodzaj>Wieś</sln:miejscRodzaj><sln:powIIPId>b4fb673d-472a-45bf-9bed-f6d43a89d0b8</sln:powIIPId><sln:powIIPPn>PL.PZGIK.200</sln:powIIPPn><sln:powIIPWersja>2012-09-27T10:00:59+02:00</sln:powIIPWersja><sln:powIdTeryt>2814</sln:powIdTeryt><sln:powNazwa>olsztyński</sln:powNazwa><sln:waznyOd>2014-01-10T00:00:00+01:00</sln:waznyOd><sln:wojIIPId>45e7cfc6-6d8b-42ff-acbd-ef1d0a53dacb</sln:wojIIPId><sln:wojIIPPn>PL.PZGIK.200</sln:wojIIPPn><sln:wojIIPWersja>2012-09-27T13:45:13+02:00</sln:wojIIPWersja><sln:wojIdTeryt>28</sln:wojIdTeryt><sln:wojNazwa>warmińsko-mazurskie</sln:wojNazwa></sln:miejscowosc><sln:miejscowosc><sln:cyklZyciaOd>2017-04-07T00:00:00+02:00</sln:cyklZyciaOd><sln:gmIIPId>d2512eb9-7121-4ed7-a260-969af526a464</sln:gmIIPId><sln:gmIIPPn>PL.PZGIK.200</sln:gmIIPPn><sln:gmIIPWersja>2012-09-26T22:21:24+02:00</sln:gmIIPWersja><sln:gmIdTeryt>2814063</sln:gmIdTeryt><sln:gmNazwa>Jeziorany</sln:gmNazwa><sln:miejscIIPId>13b6f67e-5d4e-44b5-993a-df09f5ea79a2</sln:miejscIIPId><sln:miejscIIPPn>PL.PZGIK.200</sln:miejscIIPPn><sln:miejscIIPWersja>2017-04-07T16:12:43+02:00</sln:miejscIIPWersja><sln:miejscIdTeryt>0476889</sln:miejscIdTeryt><sln:miejscNazwa>Olszewnik</sln:miejscNazwa><sln:miejscRodzaj>Wieś</sln:miejscRodzaj><sln:powIIPId>b4fb673d-472a-45bf-9bed-f6d43a89d0b8</sln:powIIPId><sln:powIIPPn>PL.PZGIK.200</sln:powIIPPn><sln:powIIPWersja>2012-09-27T10:00:59+02:00</sln:powIIPWersja><sln:powIdTeryt>2814</sln:powIdTeryt><sln:powNazwa>olsztyński</sln:powNazwa><sln:waznyOd>2014-01-10T00:00:00+01:00</sln:waznyOd><sln:wojIIPId>45e7cfc6-6d8b-42ff-acbd-ef1d0a53dacb</sln:wojIIPId><sln:wojIIPPn>PL.PZGIK.200</sln:wojIIPPn><sln:wojIIPWersja>2012-09-27T13:45:13+02:00</sln:wojIIPWersja><sln:wojIdTeryt>28</sln:wojIdTeryt><sln:wojNazwa>warmińsko-mazurskie</sln:wojNazwa></sln:miejscowosc><sln:miejscowosc><sln:cyklZyciaOd>2017-04-07T00:00:00+02:00</sln:cyklZyciaOd><sln:gmIIPId>d2512eb9-7121-4ed7-a260-969af526a464</sln:gmIIPId><sln:gmIIPPn>PL.PZGIK.200</sln:gmIIPPn><sln:gmIIPWersja>2012-09-26T22:21:24+02:00</sln:gmIIPWersja><sln:gmIdTeryt>2814063</sln:gmIdTeryt><sln:gmNazwa>Jeziorany</sln:gmNazwa><sln:miejscIIPId>2d1c8112-f465-48c6-8958-a901acd3c2ca</sln:miejscIIPId><sln:miejscIIPPn>PL.PZGIK.200</sln:miejscIIPPn><sln:miejscIIPWersja>2017-04-07T16:12:43+02:00</sln:miejscIIPWersja><sln:miejscIdTeryt>0476895</sln:miejscIdTeryt><sln:miejscNazwa>Pierwągi</sln:miejscNazwa><sln:miejscRodzaj>Wieś</sln:miejscRodzaj><sln:powIIPId>b4fb673d-472a-45bf-9bed-f6d43a89d0b8</sln:powIIPId><sln:powIIPPn>PL.PZGIK.200</sln:powIIPPn><sln:powIIPWersja>2012-09-27T10:00:59+02:00</sln:powIIPWersja><sln:powIdTeryt>2814</sln:powIdTeryt><sln:powNazwa>olsztyński</sln:powNazwa><sln:waznyOd>2014-02-13T00:00:00+01:00</sln:waznyOd><sln:wojIIPId>45e7cfc6-6d8b-42ff-acbd-ef1d0a53dacb</sln:wojIIPId><sln:wojIIPPn>PL.PZGIK.200</sln:wojIIPPn><sln:wojIIPWersja>2012-09-27T13:45:13+02:00</sln:wojIIPWersja><sln:wojIdTeryt>28</sln:wojIdTeryt><sln:wojNazwa>warmińsko-mazurskie</sln:wojNazwa></sln:miejscowosc><sln:miejscowosc><sln:cyklZyciaOd>2017-04-07T00:00:00+02:00</sln:cyklZyciaOd><sln:gmIIPId>d2512eb9-7121-4ed7-a260-969af526a464</sln:gmIIPId><sln:gmIIPPn>PL.PZGIK.200</sln:gmIIPPn><sln:gmIIPWersja>2012-09-26T22:21:24+02:00</sln:gmIIPWersja><sln:gmIdTeryt>2814063</sln:gmIdTeryt><sln:gmNazwa>Jeziorany</sln:gmNazwa><sln:miejscIIPId>8074f79a-1141-4ed2-ab8e-f8ad8b381180</sln:miejscIIPId><sln:miejscIIPPn>PL.PZGIK.200</sln:miejscIIPPn><sln:miejscIIPWersja>2017-04-07T16:12:43+02:00</sln:miejscIIPWersja><sln:miejscIdTeryt>0476903</sln:miejscIdTeryt><sln:miejscNazwa>Piszewo</sln:miejscNazwa><sln:miejscRodzaj>Wieś</sln:miejscRodzaj><sln:powIIPId>b4fb673d-472a-45bf-9bed-f6d43a89d0b8</sln:powIIPId><sln:powIIPPn>PL.PZGIK.200</sln:powIIPPn><sln:powIIPWersja>2012-09-27T10:00:59+02:00</sln:powIIPWersja><sln:powIdTeryt>2814</sln:powIdTeryt><sln:powNazwa>olsztyński</sln:powNazwa><sln:waznyOd>2014-01-10T00:00:00+01:00</sln:waznyOd><sln:wojIIPId>45e7cfc6-6d8b-42ff-acbd-ef1d0a53dacb</sln:wojIIPId><sln:wojIIPPn>PL.PZGIK.200</sln:wojIIPPn><sln:wojIIPWersja>2012-09-27T13:45:13+02:00</sln:wojIIPWersja><sln:wojIdTeryt>28</sln:wojIdTeryt><sln:wojNazwa>warmińsko-mazurskie</sln:wojNazwa></sln:miejscowosc><sln:miejscowosc><sln:cyklZyciaOd>2017-04-07T00:00:00+02:00</sln:cyklZyciaOd><sln:gmIIPId>d2512eb9-7121-4ed7-a260-969af526a464</sln:gmIIPId><sln:gmIIPPn>PL.PZGIK.200</sln:gmIIPPn><sln:gmIIPWersja>2012-09-26T22:21:24+02:00</sln:gmIIPWersja><sln:gmIdTeryt>2814063</sln:gmIdTeryt><sln:gmNazwa>Jeziorany</sln:gmNazwa><sln:miejscIIPId>b57493fe-0974-4cb4-828f-4ae11e931261</sln:miejscIIPId><sln:miejscIIPPn>PL.PZGIK.200</sln:miejscIIPPn><sln:miejscIIPWersja>2017-04-07T16:12:43+02:00</sln:miejscIIPWersja><sln:miejscIdTeryt>0476910</sln:miejscIdTeryt><sln:miejscNazwa>Polkajmy</sln:miejscNazwa><sln:miejscRodzaj>Wieś</sln:miejscRodzaj><sln:powIIPId>b4fb673d-472a-45bf-9bed-f6d43a89d0b8</sln:powIIPId><sln:powIIPPn>PL.PZGIK.200</sln:powIIPPn><sln:powIIPWersja>2012-09-27T10:00:59+02:00</sln:powIIPWersja><sln:powIdTeryt>2814</sln:powIdTeryt><sln:powNazwa>olsztyński</sln:powNazwa><sln:waznyOd>2014-01-10T00:00:00+01:00</sln:waznyOd><sln:wojIIPId>45e7cfc6-6d8b-42ff-acbd-ef1d0a53dacb</sln:wojIIPId><sln:wojIIPPn>PL.PZGIK.200</sln:wojIIPPn><sln:wojIIPWersja>2012-09-27T13:45:13+02:00</sln:wojIIPWersja><sln:wojIdTeryt>28</sln:wojIdTeryt><sln:wojNazwa>warmińsko-mazurskie</sln:wojNazwa></sln:miejscowosc><sln:miejscowosc><sln:cyklZyciaOd>2017-04-07T00:00:00+02:00</sln:cyklZyciaOd><sln:gmIIPId>d2512eb9-7121-4ed7-a260-969af526a464</sln:gmIIPId><sln:gmIIPPn>PL.PZGIK.200</sln:gmIIPPn><sln:gmIIPWersja>2012-09-26T22:21:24+02:00</sln:gmIIPWersja><sln:gmIdTeryt>2814063</sln:gmIdTeryt><sln:gmNazwa>Jeziorany</sln:gmNazwa><sln:miejscIIPId>80f2bd34-06ad-48ac-86fb-9a54f41643da</sln:miejscIIPId><sln:miejscIIPPn>PL.PZGIK.200</sln:miejscIIPPn><sln:miejscIIPWersja>2017-04-07T16:12:43+02:00</sln:miejscIIPWersja><sln:miejscIdTeryt>0476926</sln:miejscIdTeryt><sln:miejscNazwa>Radostowo</sln:miejscNazwa><sln:miejscRodzaj>Wieś</sln:miejscRodzaj><sln:powIIPId>b4fb673d-472a-45bf-9bed-f6d43a89d0b8</sln:powIIPId><sln:powIIPPn>PL.PZGIK.200</sln:powIIPPn><sln:powIIPWersja>2012-09-27T10:00:59+02:00</sln:powIIPWersja><sln:powIdTeryt>2814</sln:powIdTeryt><sln:powNazwa>olsztyński</sln:powNazwa><sln:waznyOd>2014-01-10T00:00:00+01:00</sln:waznyOd><sln:wojIIPId>45e7cfc6-6d8b-42ff-acbd-ef1d0a53dacb</sln:wojIIPId><sln:wojIIPPn>PL.PZGIK.200</sln:wojIIPPn><sln:wojIIPWersja>2012-09-27T13:45:13+02:00</sln:wojIIPWersja><sln:wojIdTeryt>28</sln:wojIdTeryt><sln:wojNazwa>warmińsko-mazurskie</sln:wojNazwa></sln:miejscowosc><sln:miejscowosc><sln:cyklZyciaOd>2017-04-07T00:00:00+02:00</sln:cyklZyciaOd><sln:gmIIPId>d2512eb9-7121-4ed7-a260-969af526a464</sln:gmIIPId><sln:gmIIPPn>PL.PZGIK.200</sln:gmIIPPn><sln:gmIIPWersja>2012-09-26T22:21:24+02:00</sln:gmIIPWersja><sln:gmIdTeryt>2814063</sln:gmIdTeryt><sln:gmNazwa>Jeziorany</sln:gmNazwa><sln:miejscIIPId>7ff8049e-e6bb-4410-8ce1-874dbd7c3fa4</sln:miejscIIPId><sln:miejscIIPPn>PL.PZGIK.200</sln:miejscIIPPn><sln:miejscIIPWersja>2017-04-07T16:12:44+02:00</sln:miejscIIPWersja><sln:miejscIdTeryt>0476932</sln:miejscIdTeryt><sln:miejscNazwa>Studnica</sln:miejscNazwa><sln:miejscRodzaj>Wieś</sln:miejscRodzaj><sln:powIIPId>b4fb673d-472a-45bf-9bed-f6d43a89d0b8</sln:powIIPId><sln:powIIPPn>PL.PZGIK.200</sln:powIIPPn><sln:powIIPWersja>2012-09-27T10:00:59+02:00</sln:powIIPWersja><sln:powIdTeryt>2814</sln:powIdTeryt><sln:powNazwa>olsztyński</sln:powNazwa><sln:waznyOd>2014-01-10T00:00:00+01:00</sln:waznyOd><sln:wojIIPId>45e7cfc6-6d8b-42ff-acbd-ef1d0a53dacb</sln:wojIIPId><sln:wojIIPPn>PL.PZGIK.200</sln:wojIIPPn><sln:wojIIPWersja>2012-09-27T13:45:13+02:00</sln:wojIIPWersja><sln:wojIdTeryt>28</sln:wojIdTeryt><sln:wojNazwa>warmińsko-mazurskie</sln:wojNazwa></sln:miejscowosc><sln:miejscowosc><sln:cyklZyciaOd>2017-04-07T00:00:00+02:00</sln:cyklZyciaOd><sln:gmIIPId>d2512eb9-7121-4ed7-a260-969af526a464</sln:gmIIPId><sln:gmIIPPn>PL.PZGIK.200</sln:gmIIPPn><sln:gmIIPWersja>2012-09-26T22:21:24+02:00</sln:gmIIPWersja><sln:gmIdTeryt>2814063</sln:gmIdTeryt><sln:gmNazwa>Jeziorany</sln:gmNazwa><sln:miejscIIPId>dde1cd17-7ed4-417f-914d-ed15b7fec276</sln:miejscIIPId><sln:miejscIIPPn>PL.PZGIK.200</sln:miejscIIPPn><sln:miejscIIPWersja>2017-04-07T16:12:44+02:00</sln:miejscIIPWersja><sln:miejscIdTeryt>0476949</sln:miejscIdTeryt><sln:miejscNazwa>Studzianka</sln:miejscNazwa><sln:miejscRodzaj>Wieś</sln:miejscRodzaj><sln:powIIPId>b4fb673d-472a-45bf-9bed-f6d43a89d0b8</sln:powIIPId><sln:powIIPPn>PL.PZGIK.200</sln:powIIPPn><sln:powIIPWersja>2012-09-27T10:00:59+02:00</sln:powIIPWersja><sln:powIdTeryt>2814</sln:powIdTeryt><sln:powNazwa>olsztyński</sln:powNazwa><sln:waznyOd>2014-01-10T00:00:00+01:00</sln:waznyOd><sln:wojIIPId>45e7cfc6-6d8b-42ff-acbd-ef1d0a53dacb</sln:wojIIPId><sln:wojIIPPn>PL.PZGIK.200</sln:wojIIPPn><sln:wojIIPWersja>2012-09-27T13:45:13+02:00</sln:wojIIPWersja><sln:wojIdTeryt>28</sln:wojIdTeryt><sln:wojNazwa>warmińsko-mazurskie</sln:wojNazwa></sln:miejscowosc><sln:miejscowosc><sln:cyklZyciaOd>2017-04-07T00:00:00+02:00</sln:cyklZyciaOd><sln:gmIIPId>d2512eb9-7121-4ed7-a260-969af526a464</sln:gmIIPId><sln:gmIIPPn>PL.PZGIK.200</sln:gmIIPPn><sln:gmIIPWersja>2012-09-26T22:21:24+02:00</sln:gmIIPWersja><sln:gmIdTeryt>2814063</sln:gmIdTeryt><sln:gmNazwa>Jeziorany</sln:gmNazwa><sln:miejscIIPId>6a995894-c189-44d4-99b2-15406bb08a84</sln:miejscIIPId><sln:miejscIIPPn>PL.PZGIK.200</sln:miejscIIPPn><sln:miejscIIPWersja>2017-04-07T16:12:44+02:00</sln:miejscIIPWersja><sln:miejscIdTeryt>0476955</sln:miejscIdTeryt><sln:miejscNazwa>Tłokowo</sln:miejscNazwa><sln:miejscRodzaj>Wieś</sln:miejscRodzaj><sln:powIIPId>b4fb673d-472a-45bf-9bed-f6d43a89d0b8</sln:powIIPId><sln:powIIPPn>PL.PZGIK.200</sln:powIIPPn><sln:powIIPWersja>2012-09-27T10:00:59+02:00</sln:powIIPWersja><sln:powIdTeryt>2814</sln:powIdTeryt><sln:powNazwa>olsztyński</sln:powNazwa><sln:waznyOd>2014-01-10T00:00:00+01:00</sln:waznyOd><sln:wojIIPId>45e7cfc6-6d8b-42ff-acbd-ef1d0a53dacb</sln:wojIIPId><sln:wojIIPPn>PL.PZGIK.200</sln:wojIIPPn><sln:wojIIPWersja>2012-09-27T13:45:13+02:00</sln:wojIIPWersja><sln:wojIdTeryt>28</sln:wojIdTeryt><sln:wojNazwa>warmińsko-mazurskie</sln:wojNazwa></sln:miejscowosc><sln:miejscowosc><sln:cyklZyciaOd>2017-04-07T00:00:00+02:00</sln:cyklZyciaOd><sln:gmIIPId>d2512eb9-7121-4ed7-a260-969af526a464</sln:gmIIPId><sln:gmIIPPn>PL.PZGIK.200</sln:gmIIPPn><sln:gmIIPWersja>2012-09-26T22:21:24+02:00</sln:gmIIPWersja><sln:gmIdTeryt>2814063</sln:gmIdTeryt><sln:gmNazwa>Jeziorany</sln:gmNazwa><sln:miejscIIPId>2220035b-5272-4a99-b102-3339b9c9cd84</sln:miejscIIPId><sln:miejscIIPPn>PL.PZGIK.200</sln:miejscIIPPn><sln:miejscIIPWersja>2017-04-07T16:12:44+02:00</sln:miejscIIPWersja><sln:miejscIdTeryt>0476961</sln:miejscIdTeryt><sln:miejscNazwa>Wilkiejmy</sln:miejscNazwa><sln:miejscRodzaj>Wieś</sln:miejscRodzaj><sln:powIIPId>b4fb673d-472a-45bf-9bed-f6d43a89d0b8</sln:powIIPId><sln:powIIPPn>PL.PZGIK.200</sln:powIIPPn><sln:powIIPWersja>2012-09-27T10:00:59+02:00</sln:powIIPWersja><sln:powIdTeryt>2814</sln:powIdTeryt><sln:powNazwa>olsztyński</sln:powNazwa><sln:waznyOd>2014-01-10T00:00:00+01:00</sln:waznyOd><sln:wojIIPId>45e7cfc6-6d8b-42ff-acbd-ef1d0a53dacb</sln:wojIIPId><sln:wojIIPPn>PL.PZGIK.200</sln:wojIIPPn><sln:wojIIPWersja>2012-09-27T13:45:13+02:00</sln:wojIIPWersja><sln:wojIdTeryt>28</sln:wojIdTeryt><sln:wojNazwa>warmińsko-mazurskie</sln:wojNazwa></sln:miejscowosc><sln:miejscowosc><sln:cyklZyciaOd>2017-04-07T00:00:00+02:00</sln:cyklZyciaOd><sln:gmIIPId>d2512eb9-7121-4ed7-a260-969af526a464</sln:gmIIPId><sln:gmIIPPn>PL.PZGIK.200</sln:gmIIPPn><sln:gmIIPWersja>2012-09-26T22:21:24+02:00</sln:gmIIPWersja><sln:gmIdTeryt>2814063</sln:gmIdTeryt><sln:gmNazwa>Jeziorany</sln:gmNazwa><sln:miejscIIPId>0481a4fe-7b3e-4cf5-8f28-b360e7a2c133</sln:miejscIIPId><sln:miejscIIPPn>PL.PZGIK.200</sln:miejscIIPPn><sln:miejscIIPWersja>2017-04-07T16:12:44+02:00</sln:miejscIIPWersja><sln:miejscIdTeryt>0476978</sln:miejscIdTeryt><sln:miejscNazwa>Potryty</sln:miejscNazwa><sln:miejscRodzaj>Osada</sln:miejscRodzaj><sln:powIIPId>b4fb673d-472a-45bf-9bed-f6d43a89d0b8</sln:powIIPId><sln:powIIPPn>PL.PZGIK.200</sln:powIIPPn><sln:powIIPWersja>2012-09-27T10:00:59+02:00</sln:powIIPWersja><sln:powIdTeryt>2814</sln:powIdTeryt><sln:powNazwa>olsztyński</sln:powNazwa><sln:waznyOd>2014-02-11T00:00:00+01:00</sln:waznyOd><sln:wojIIPId>45e7cfc6-6d8b-42ff-acbd-ef1d0a53dacb</sln:wojIIPId><sln:wojIIPPn>PL.PZGIK.200</sln:wojIIPPn><sln:wojIIPWersja>2012-09-27T13:45:13+02:00</sln:wojIIPWersja><sln:wojIdTeryt>28</sln:wojIdTeryt><sln:wojNazwa>warmińsko-mazurskie</sln:wojNazwa></sln:miejscowosc><sln:miejscowosc><sln:cyklZyciaOd>2017-04-07T00:00:00+02:00</sln:cyklZyciaOd><sln:gmIIPId>d2512eb9-7121-4ed7-a260-969af526a464</sln:gmIIPId><sln:gmIIPPn>PL.PZGIK.200</sln:gmIIPPn><sln:gmIIPWersja>2012-09-26T22:21:24+02:00</sln:gmIIPWersja><sln:gmIdTeryt>2814063</sln:gmIdTeryt><sln:gmNazwa>Jeziorany</sln:gmNazwa><sln:miejscIIPId>50d2f9d9-8ee8-4d99-9369-230d8a98803e</sln:miejscIIPId><sln:miejscIIPPn>PL.PZGIK.200</sln:miejscIIPPn><sln:miejscIIPWersja>2017-04-07T16:12:44+02:00</sln:miejscIIPWersja><sln:miejscIdTeryt>0476984</sln:miejscIdTeryt><sln:miejscNazwa>Wójtówko</sln:miejscNazwa><sln:miejscRodzaj>Osada</sln:miejscRodzaj><sln:powIIPId>b4fb673d-472a-45bf-9bed-f6d43a89d0b8</sln:powIIPId><sln:powIIPPn>PL.PZGIK.200</sln:powIIPPn><sln:powIIPWersja>2012-09-27T10:00:59+02:00</sln:powIIPWersja><sln:powIdTeryt>2814</sln:powIdTeryt><sln:powNazwa>olsztyński</sln:powNazwa><sln:waznyOd>2014-02-11T00:00:00+01:00</sln:waznyOd><sln:wojIIPId>45e7cfc6-6d8b-42ff-acbd-ef1d0a53dacb</sln:wojIIPId><sln:wojIIPPn>PL.PZGIK.200</sln:wojIIPPn><sln:wojIIPWersja>2012-09-27T13:45:13+02:00</sln:wojIIPWersja><sln:wojIdTeryt>28</sln:wojIdTeryt><sln:wojNazwa>warmińsko-mazurskie</sln:wojNazwa></sln:miejscowosc><sln:miejscowosc><sln:cyklZyciaOd>2017-04-07T00:00:00+02:00</sln:cyklZyciaOd><sln:gmIIPId>d2512eb9-7121-4ed7-a260-969af526a464</sln:gmIIPId><sln:gmIIPPn>PL.PZGIK.200</sln:gmIIPPn><sln:gmIIPWersja>2012-09-26T22:21:24+02:00</sln:gmIIPWersja><sln:gmIdTeryt>2814063</sln:gmIdTeryt><sln:gmNazwa>Jeziorany</sln:gmNazwa><sln:miejscIIPId>db8849f6-e34d-4339-9684-6dede1f39256</sln:miejscIIPId><sln:miejscIIPPn>PL.PZGIK.200</sln:miejscIIPPn><sln:miejscIIPWersja>2017-04-07T16:12:44+02:00</sln:miejscIIPWersja><sln:miejscIdTeryt>0476990</sln:miejscIdTeryt><sln:miejscNazwa>Ustnik</sln:miejscNazwa><sln:miejscRodzaj>Osada</sln:miejscRodzaj><sln:powIIPId>b4fb673d-472a-45bf-9bed-f6d43a89d0b8</sln:powIIPId><sln:powIIPPn>PL.PZGIK.200</sln:powIIPPn><sln:powIIPWersja>2012-09-27T10:00:59+02:00</sln:powIIPWersja><sln:powIdTeryt>2814</sln:powIdTeryt><sln:powNazwa>olsztyński</sln:powNazwa><sln:waznyOd>2014-02-11T00:00:00+01:00</sln:waznyOd><sln:wojIIPId>45e7cfc6-6d8b-42ff-acbd-ef1d0a53dacb</sln:wojIIPId><sln:wojIIPPn>PL.PZGIK.200</sln:wojIIPPn><sln:wojIIPWersja>2012-09-27T13:45:13+02:00</sln:wojIIPWersja><sln:wojIdTeryt>28</sln:wojIdTeryt><sln:wojNazwa>warmińsko-mazurskie</sln:wojNazwa></sln:miejscowosc><sln:miejscowosc><sln:cyklZyciaOd>2017-04-07T00:00:00+02:00</sln:cyklZyciaOd><sln:gmIIPId>d2512eb9-7121-4ed7-a260-969af526a464</sln:gmIIPId><sln:gmIIPPn>PL.PZGIK.200</sln:gmIIPPn><sln:gmIIPWersja>2012-09-26T22:21:24+02:00</sln:gmIIPWersja><sln:gmIdTeryt>2814063</sln:gmIdTeryt><sln:gmNazwa>Jeziorany</sln:gmNazwa><sln:miejscIIPId>1565e952-da68-4911-afb0-38cc6ebd3b22</sln:miejscIIPId><sln:miejscIIPPn>PL.PZGIK.200</sln:miejscIIPPn><sln:miejscIIPWersja>2017-04-07T16:12:44+02:00</sln:miejscIIPWersja><sln:miejscIdTeryt>0477009</sln:miejscIdTeryt><sln:miejscNazwa>Żardeniki</sln:miejscNazwa><sln:miejscRodzaj>Wieś</sln:miejscRodzaj><sln:powIIPId>b4fb673d-472a-45bf-9bed-f6d43a89d0b8</sln:powIIPId><sln:powIIPPn>PL.PZGIK.200</sln:powIIPPn><sln:powIIPWersja>2012-09-27T10:00:59+02:00</sln:powIIPWersja><sln:powIdTeryt>2814</sln:powIdTeryt><sln:powNazwa>olsztyński</sln:powNazwa><sln:waznyOd>2014-01-10T00:00:00+01:00</sln:waznyOd><sln:wojIIPId>45e7cfc6-6d8b-42ff-acbd-ef1d0a53dacb</sln:wojIIPId><sln:wojIIPPn>PL.PZGIK.200</sln:wojIIPPn><sln:wojIIPWersja>2012-09-27T13:45:13+02:00</sln:wojIIPWersja><sln:wojIdTeryt>28</sln:wojIdTeryt><sln:wojNazwa>warmińsko-mazurskie</sln:wojNazwa></sln:miejscowosc><sln:miejscowosc><sln:cyklZyciaOd>2017-04-07T00:00:00+02:00</sln:cyklZyciaOd><sln:gmIIPId>d2512eb9-7121-4ed7-a260-969af526a464</sln:gmIIPId><sln:gmIIPPn>PL.PZGIK.200</sln:gmIIPPn><sln:gmIIPWersja>2012-09-26T22:21:24+02:00</sln:gmIIPWersja><sln:gmIdTeryt>2814063</sln:gmIdTeryt><sln:gmNazwa>Jeziorany</sln:gmNazwa><sln:miejscIIPId>d3c91643-5463-4bc7-b551-5b35ed405f35</sln:miejscIIPId><sln:miejscIIPPn>PL.PZGIK.200</sln:miejscIIPPn><sln:miejscIIPWersja>2017-04-07T16:12:44+02:00</sln:miejscIIPWersja><sln:miejscIdTeryt>0477015</sln:miejscIdTeryt><sln:miejscNazwa>Zerbuń</sln:miejscNazwa><sln:miejscRodzaj>Wieś</sln:miejscRodzaj><sln:powIIPId>b4fb673d-472a-45bf-9bed-f6d43a89d0b8</sln:powIIPId><sln:powIIPPn>PL.PZGIK.200</sln:powIIPPn><sln:powIIPWersja>2012-09-27T10:00:59+02:00</sln:powIIPWersja><sln:powIdTeryt>2814</sln:powIdTeryt><sln:powNazwa>olsztyński</sln:powNazwa><sln:waznyOd>2014-01-10T00:00:00+01:00</sln:waznyOd><sln:wojIIPId>45e7cfc6-6d8b-42ff-acbd-ef1d0a53dacb</sln:wojIIPId><sln:wojIIPPn>PL.PZGIK.200</sln:wojIIPPn><sln:wojIIPWersja>2012-09-27T13:45:13+02:00</sln:wojIIPWersja><sln:wojIdTeryt>28</sln:wojIdTeryt><sln:wojNazwa>warmińsko-mazurskie</sln:wojNazwa></sln:miejscowosc><sln:miejscowosc><sln:cyklZyciaOd>2017-04-07T00:00:00+02:00</sln:cyklZyciaOd><sln:gmIIPId>d2512eb9-7121-4ed7-a260-969af526a464</sln:gmIIPId><sln:gmIIPPn>PL.PZGIK.200</sln:gmIIPPn><sln:gmIIPWersja>2012-09-26T22:21:24+02:00</sln:gmIIPWersja><sln:gmIdTeryt>2814063</sln:gmIdTeryt><sln:gmNazwa>Jeziorany</sln:gmNazwa><sln:miejscIIPId>18059f47-fc4a-41d2-93c8-4ff452ba62d5</sln:miejscIIPId><sln:miejscIIPPn>PL.PZGIK.200</sln:miejscIIPPn><sln:miejscIIPWersja>2017-04-07T16:12:44+02:00</sln:miejscIIPWersja><sln:miejscIdTeryt>0964703</sln:miejscIdTeryt><sln:miejscNazwa>Jeziorany</sln:miejscNazwa><sln:miejscRodzaj>Miasto</sln:miejscRodzaj><sln:powIIPId>b4fb673d-472a-45bf-9bed-f6d43a89d0b8</sln:powIIPId><sln:powIIPPn>PL.PZGIK.200</sln:powIIPPn><sln:powIIPWersja>2012-09-27T10:00:59+02:00</sln:powIIPWersja><sln:powIdTeryt>2814</sln:powIdTeryt><sln:powNazwa>olsztyński</sln:powNazwa><sln:waznyOd>2014-01-10T00:00:00+01:00</sln:waznyOd><sln:wojIIPId>45e7cfc6-6d8b-42ff-acbd-ef1d0a53dacb</sln:wojIIPId><sln:wojIIPPn>PL.PZGIK.200</sln:wojIIPPn><sln:wojIIPWersja>2012-09-27T13:45:13+02:00</sln:wojIIPWersja><sln:wojIdTeryt>28</sln:wojIdTeryt><sln:wojNazwa>warmińsko-mazurskie</sln:wojNazwa></sln:miejscowosc></sln:lista-miejscowosci>