<?xml version="1.0" encoding="UTF-8" standalone="yes"?><sln:lista-miejscowosci xmlns:srv="http://gugik.gov.pl/schemas/slowniki-service/1.0" xmlns:sln="http://gugik.gov.pl/schemas/slowniki-schema/1.0"><sln:miejscowosc><sln:cyklZyciaDo>2017-04-07T00:00:00+02:00</sln:cyklZyciaDo><sln:cyklZyciaOd>2015-12-10T00:00:00+01:00</sln:cyklZyciaOd><sln:gmIIPId>edb1d6ae-008f-49ce-93e8-da2578f7fa06</sln:gmIIPId><sln:gmIIPPn>PL.PZGIK.200</sln:gmIIPPn><sln:gmIIPWersja>2012-09-26T22:22:18+02:00</sln:gmIIPWersja><sln:gmIdTeryt>2803052</sln:gmIdTeryt><sln:gmNazwa>Płośnica</sln:gmNazwa><sln:miejscIIPId>3d334353-3ebc-4d66-ad00-1cedb3c70634</sln:miejscIIPId><sln:miejscIIPPn>PL.PZGIK.200</sln:miejscIIPPn><sln:miejscIIPWersja>2016-11-24T09:12:28+02:00</sln:miejscIIPWersja><sln:miejscIdTeryt>0122401</sln:miejscIdTeryt><sln:miejscNazwa>Gralewo</sln:miejscNazwa><sln:miejscRodzaj>Wieś</sln:miejscRodzaj><sln:powIIPId>30a27a14-3617-4e3d-b7ab-9b202199b4f9</sln:powIIPId><sln:powIIPPn>PL.PZGIK.200</sln:powIIPPn><sln:powIIPWersja>2012-09-27T10:00:59+02:00</sln:powIIPWersja><sln:powIdTeryt>2803</sln:powIdTeryt><sln:powNazwa>działdowski</sln:powNazwa><sln:waznyOd>2014-02-21T00:00:00+01:00</sln:waznyOd><sln:wojIIPId>45e7cfc6-6d8b-42ff-acbd-ef1d0a53dacb</sln:wojIIPId><sln:wojIIPPn>PL.PZGIK.200</sln:wojIIPPn><sln:wojIIPWersja>2012-09-27T13:45:13+02:00</sln:wojIIPWersja><sln:wojIdTeryt>28</sln:wojIdTeryt><sln:wojNazwa>warmińsko-mazurskie</sln:wojNazwa></sln:miejscowosc><sln:miejscowosc><sln:cyklZyciaDo>2017-04-07T00:00:00+02:00</sln:cyklZyciaDo><sln:cyklZyciaOd>2015-12-10T00:00:00+01:00</sln:cyklZyciaOd><sln:gmIIPId>edb1d6ae-008f-49ce-93e8-da2578f7fa06</sln:gmIIPId><sln:gmIIPPn>PL.PZGIK.200</sln:gmIIPPn><sln:gmIIPWersja>2012-09-26T22:22:18+02:00</sln:gmIIPWersja><sln:gmIdTeryt>2803052</sln:gmIdTeryt><sln:gmNazwa>Płośnica</sln:gmNazwa><sln:miejscIIPId>25fffca0-657b-4237-b6b8-58f157794406</sln:miejscIIPId><sln:miejscIIPPn>PL.PZGIK.200</sln:miejscIIPPn><sln:miejscIIPWersja>2016-11-24T09:12:28+02:00</sln:miejscIIPWersja><sln:miejscIdTeryt>0122418</sln:miejscIdTeryt><sln:miejscNazwa>Gródki</sln:miejscNazwa><sln:miejscRodzaj>Wieś</sln:miejscRodzaj><sln:powIIPId>30a27a14-3617-4e3d-b7ab-9b202199b4f9</sln:powIIPId><sln:powIIPPn>PL.PZGIK.200</sln:powIIPPn><sln:powIIPWersja>2012-09-27T10:00:59+02:00</sln:powIIPWersja><sln:powIdTeryt>2803</sln:powIdTeryt><sln:powNazwa>działdowski</sln:powNazwa><sln:waznyOd>2014-02-21T00:00:00+01:00</sln:waznyOd><sln:wojIIPId>45e7cfc6-6d8b-42ff-acbd-ef1d0a53dacb</sln:wojIIPId><sln:wojIIPPn>PL.PZGIK.200</sln:wojIIPPn><sln:wojIIPWersja>2012-09-27T13:45:13+02:00</sln:wojIIPWersja><sln:wojIdTeryt>28</sln:wojIdTeryt><sln:wojNazwa>warmińsko-mazurskie</sln:wojNazwa></sln:miejscowosc><sln:miejscowosc><sln:cyklZyciaDo>2017-04-07T00:00:00+02:00</sln:cyklZyciaDo><sln:cyklZyciaOd>2015-12-10T00:00:00+01:00</sln:cyklZyciaOd><sln:gmIIPId>edb1d6ae-008f-49ce-93e8-da2578f7fa06</sln:gmIIPId><sln:gmIIPPn>PL.PZGIK.200</sln:gmIIPPn><sln:gmIIPWersja>2012-09-26T22:22:18+02:00</sln:gmIIPWersja><sln:gmIdTeryt>2803052</sln:gmIdTeryt><sln:gmNazwa>Płośnica</sln:gmNazwa><sln:miejscIIPId>f6080de8-7d76-4b80-8495-2d8bbb5b30a5</sln:miejscIIPId><sln:miejscIIPPn>PL.PZGIK.200</sln:miejscIIPPn><sln:miejscIIPWersja>2016-11-24T09:12:28+02:00</sln:miejscIIPWersja><sln:miejscIdTeryt>0122424</sln:miejscIdTeryt><sln:miejscNazwa>Gruszka</sln:miejscNazwa><sln:miejscRodzaj>Wieś</sln:miejscRodzaj><sln:powIIPId>30a27a14-3617-4e3d-b7ab-9b202199b4f9</sln:powIIPId><sln:powIIPPn>PL.PZGIK.200</sln:powIIPPn><sln:powIIPWersja>2012-09-27T10:00:59+02:00</sln:powIIPWersja><sln:powIdTeryt>2803</sln:powIdTeryt><sln:powNazwa>działdowski</sln:powNazwa><sln:waznyOd>2014-02-21T00:00:00+01:00</sln:waznyOd><sln:wojIIPId>45e7cfc6-6d8b-42ff-acbd-ef1d0a53dacb</sln:wojIIPId><sln:wojIIPPn>PL.PZGIK.200</sln:wojIIPPn><sln:wojIIPWersja>2012-09-27T13:45:13+02:00</sln:wojIIPWersja><sln:wojIdTeryt>28</sln:wojIdTeryt><sln:wojNazwa>warmińsko-mazurskie</sln:wojNazwa></sln:miejscowosc><sln:miejscowosc><sln:cyklZyciaDo>2017-04-07T00:00:00+02:00</sln:cyklZyciaDo><sln:cyklZyciaOd>2015-12-10T00:00:00+01:00</sln:cyklZyciaOd><sln:gmIIPId>edb1d6ae-008f-49ce-93e8-da2578f7fa06</sln:gmIIPId><sln:gmIIPPn>PL.PZGIK.200</sln:gmIIPPn><sln:gmIIPWersja>2012-09-26T22:22:18+02:00</sln:gmIIPWersja><sln:gmIdTeryt>2803052</sln:gmIdTeryt><sln:gmNazwa>Płośnica</sln:gmNazwa><sln:miejscIIPId>696c23e9-e777-4a4a-8c8b-60a304758f86</sln:miejscIIPId><sln:miejscIIPPn>PL.PZGIK.200</sln:miejscIIPPn><sln:miejscIIPWersja>2016-11-24T09:12:28+02:00</sln:miejscIIPWersja><sln:miejscIdTeryt>0122430</sln:miejscIdTeryt><sln:miejscNazwa>Jabłonowo</sln:miejscNazwa><sln:miejscRodzaj>Wieś</sln:miejscRodzaj><sln:powIIPId>30a27a14-3617-4e3d-b7ab-9b202199b4f9</sln:powIIPId><sln:powIIPPn>PL.PZGIK.200</sln:powIIPPn><sln:powIIPWersja>2012-09-27T10:00:59+02:00</sln:powIIPWersja><sln:powIdTeryt>2803</sln:powIdTeryt><sln:powNazwa>działdowski</sln:powNazwa><sln:waznyOd>2014-02-21T00:00:00+01:00</sln:waznyOd><sln:wojIIPId>45e7cfc6-6d8b-42ff-acbd-ef1d0a53dacb</sln:wojIIPId><sln:wojIIPPn>PL.PZGIK.200</sln:wojIIPPn><sln:wojIIPWersja>2012-09-27T13:45:13+02:00</sln:wojIIPWersja><sln:wojIdTeryt>28</sln:wojIdTeryt><sln:wojNazwa>warmińsko-mazurskie</sln:wojNazwa></sln:miejscowosc><sln:miejscowosc><sln:cyklZyciaDo>2017-04-07T00:00:00+02:00</sln:cyklZyciaDo><sln:cyklZyciaOd>2015-12-10T00:00:00+01:00</sln:cyklZyciaOd><sln:gmIIPId>edb1d6ae-008f-49ce-93e8-da2578f7fa06</sln:gmIIPId><sln:gmIIPPn>PL.PZGIK.200</sln:gmIIPPn><sln:gmIIPWersja>2012-09-26T22:22:18+02:00</sln:gmIIPWersja><sln:gmIdTeryt>2803052</sln:gmIdTeryt><sln:gmNazwa>Płośnica</sln:gmNazwa><sln:miejscIIPId>551d9cab-e516-4644-8db8-d1e47ab52c04</sln:miejscIIPId><sln:miejscIIPPn>PL.PZGIK.200</sln:miejscIIPPn><sln:miejscIIPWersja>2016-11-24T09:12:28+02:00</sln:miejscIIPWersja><sln:miejscIdTeryt>0122447</sln:miejscIdTeryt><sln:miejscNazwa>Mały Łęck</sln:miejscNazwa><sln:miejscRodzaj>Wieś</sln:miejscRodzaj><sln:powIIPId>30a27a14-3617-4e3d-b7ab-9b202199b4f9</sln:powIIPId><sln:powIIPPn>PL.PZGIK.200</sln:powIIPPn><sln:powIIPWersja>2012-09-27T10:00:59+02:00</sln:powIIPWersja><sln:powIdTeryt>2803</sln:powIdTeryt><sln:powNazwa>działdowski</sln:powNazwa><sln:waznyOd>2014-02-21T00:00:00+01:00</sln:waznyOd><sln:wojIIPId>45e7cfc6-6d8b-42ff-acbd-ef1d0a53dacb</sln:wojIIPId><sln:wojIIPPn>PL.PZGIK.200</sln:wojIIPPn><sln:wojIIPWersja>2012-09-27T13:45:13+02:00</sln:wojIIPWersja><sln:wojIdTeryt>28</sln:wojIdTeryt><sln:wojNazwa>warmińsko-mazurskie</sln:wojNazwa></sln:miejscowosc><sln:miejscowosc><sln:cyklZyciaDo>2017-04-07T00:00:00+02:00</sln:cyklZyciaDo><sln:cyklZyciaOd>2015-12-10T00:00:00+01:00</sln:cyklZyciaOd><sln:gmIIPId>edb1d6ae-008f-49ce-93e8-da2578f7fa06</sln:gmIIPId><sln:gmIIPPn>PL.PZGIK.200</sln:gmIIPPn><sln:gmIIPWersja>2012-09-26T22:22:18+02:00</sln:gmIIPWersja><sln:gmIdTeryt>2803052</sln:gmIdTeryt><sln:gmNazwa>Płośnica</sln:gmNazwa><sln:miejscIIPId>73a43721-6af1-41ca-85c3-747194e38be3</sln:miejscIIPId><sln:miejscIIPPn>PL.PZGIK.200</sln:miejscIIPPn><sln:miejscIIPWersja>2016-11-24T09:12:28+02:00</sln:miejscIIPWersja><sln:miejscIdTeryt>0122460</sln:miejscIdTeryt><sln:miejscNazwa>Murawki</sln:miejscNazwa><sln:miejscRodzaj>Wieś</sln:miejscRodzaj><sln:powIIPId>30a27a14-3617-4e3d-b7ab-9b202199b4f9</sln:powIIPId><sln:powIIPPn>PL.PZGIK.200</sln:powIIPPn><sln:powIIPWersja>2012-09-27T10:00:59+02:00</sln:powIIPWersja><sln:powIdTeryt>2803</sln:powIdTeryt><sln:powNazwa>działdowski</sln:powNazwa><sln:waznyOd>2014-02-21T00:00:00+01:00</sln:waznyOd><sln:wojIIPId>45e7cfc6-6d8b-42ff-acbd-ef1d0a53dacb</sln:wojIIPId><sln:wojIIPPn>PL.PZGIK.200</sln:wojIIPPn><sln:wojIIPWersja>2012-09-27T13:45:13+02:00</sln:wojIIPWersja><sln:wojIdTeryt>28</sln:wojIdTeryt><sln:wojNazwa>warmińsko-mazurskie</sln:wojNazwa></sln:miejscowosc><sln:miejscowosc><sln:cyklZyciaDo>2017-04-07T00:00:00+02:00</sln:cyklZyciaDo><sln:cyklZyciaOd>2015-12-10T00:00:00+01:00</sln:cyklZyciaOd><sln:gmIIPId>edb1d6ae-008f-49ce-93e8-da2578f7fa06</sln:gmIIPId><sln:gmIIPPn>PL.PZGIK.200</sln:gmIIPPn><sln:gmIIPWersja>2012-09-26T22:22:18+02:00</sln:gmIIPWersja><sln:gmIdTeryt>2803052</sln:gmIdTeryt><sln:gmNazwa>Płośnica</sln:gmNazwa><sln:miejscIIPId>a36ba07e-49d5-4a5c-842e-036c40ece7e5</sln:miejscIIPId><sln:miejscIIPPn>PL.PZGIK.200</sln:miejscIIPPn><sln:miejscIIPWersja>2016-11-24T09:12:28+02:00</sln:miejscIIPWersja><sln:miejscIdTeryt>0122476</sln:miejscIdTeryt><sln:miejscNazwa>Niechłonin</sln:miejscNazwa><sln:miejscRodzaj>Wieś</sln:miejscRodzaj><sln:powIIPId>30a27a14-3617-4e3d-b7ab-9b202199b4f9</sln:powIIPId><sln:powIIPPn>PL.PZGIK.200</sln:powIIPPn><sln:powIIPWersja>2012-09-27T10:00:59+02:00</sln:powIIPWersja><sln:powIdTeryt>2803</sln:powIdTeryt><sln:powNazwa>działdowski</sln:powNazwa><sln:waznyOd>2014-02-21T00:00:00+01:00</sln:waznyOd><sln:wojIIPId>45e7cfc6-6d8b-42ff-acbd-ef1d0a53dacb</sln:wojIIPId><sln:wojIIPPn>PL.PZGIK.200</sln:wojIIPPn><sln:wojIIPWersja>2012-09-27T13:45:13+02:00</sln:wojIIPWersja><sln:wojIdTeryt>28</sln:wojIdTeryt><sln:wojNazwa>warmińsko-mazurskie</sln:wojNazwa></sln:miejscowosc><sln:miejscowosc><sln:cyklZyciaDo>2017-04-07T00:00:00+02:00</sln:cyklZyciaDo><sln:cyklZyciaOd>2015-12-10T00:00:00+01:00</sln:cyklZyciaOd><sln:gmIIPId>edb1d6ae-008f-49ce-93e8-da2578f7fa06</sln:gmIIPId><sln:gmIIPPn>PL.PZGIK.200</sln:gmIIPPn><sln:gmIIPWersja>2012-09-26T22:22:18+02:00</sln:gmIIPWersja><sln:gmIdTeryt>2803052</sln:gmIdTeryt><sln:gmNazwa>Płośnica</sln:gmNazwa><sln:miejscIIPId>c6130278-f5ab-46da-b1a7-350f971534f7</sln:miejscIIPId><sln:miejscIIPPn>PL.PZGIK.200</sln:miejscIIPPn><sln:miejscIIPWersja>2016-11-24T09:12:28+02:00</sln:miejscIIPWersja><sln:miejscIdTeryt>0122482</sln:miejscIdTeryt><sln:miejscNazwa>Płośnica</sln:miejscNazwa><sln:miejscRodzaj>Wieś</sln:miejscRodzaj><sln:powIIPId>30a27a14-3617-4e3d-b7ab-9b202199b4f9</sln:powIIPId><sln:powIIPPn>PL.PZGIK.200</sln:powIIPPn><sln:powIIPWersja>2012-09-27T10:00:59+02:00</sln:powIIPWersja><sln:powIdTeryt>2803</sln:powIdTeryt><sln:powNazwa>działdowski</sln:powNazwa><sln:waznyOd>2014-02-21T00:00:00+01:00</sln:waznyOd><sln:wojIIPId>45e7cfc6-6d8b-42ff-acbd-ef1d0a53dacb</sln:wojIIPId><sln:wojIIPPn>PL.PZGIK.200</sln:wojIIPPn><sln:wojIIPWersja>2012-09-27T13:45:13+02:00</sln:wojIIPWersja><sln:wojIdTeryt>28</sln:wojIdTeryt><sln:wojNazwa>warmińsko-mazurskie</sln:wojNazwa></sln:miejscowosc><sln:miejscowosc><sln:cyklZyciaDo>2017-04-07T00:00:00+02:00</sln:cyklZyciaDo><sln:cyklZyciaOd>2015-12-10T00:00:00+01:00</sln:cyklZyciaOd><sln:gmIIPId>edb1d6ae-008f-49ce-93e8-da2578f7fa06</sln:gmIIPId><sln:gmIIPPn>PL.PZGIK.200</sln:gmIIPPn><sln:gmIIPWersja>2012-09-26T22:22:18+02:00</sln:gmIIPWersja><sln:gmIdTeryt>2803052</sln:gmIdTeryt><sln:gmNazwa>Płośnica</sln:gmNazwa><sln:miejscIIPId>755c17a6-fe9c-4e51-9d17-09e87fd01518</sln:miejscIIPId><sln:miejscIIPPn>PL.PZGIK.200</sln:miejscIIPPn><sln:miejscIIPWersja>2016-11-24T09:12:28+02:00</sln:miejscIIPWersja><sln:miejscIdTeryt>0122520</sln:miejscIdTeryt><sln:miejscNazwa>Prioma</sln:miejscNazwa><sln:miejscRodzaj>Wieś</sln:miejscRodzaj><sln:powIIPId>30a27a14-3617-4e3d-b7ab-9b202199b4f9</sln:powIIPId><sln:powIIPPn>PL.PZGIK.200</sln:powIIPPn><sln:powIIPWersja>2012-09-27T10:00:59+02:00</sln:powIIPWersja><sln:powIdTeryt>2803</sln:powIdTeryt><sln:powNazwa>działdowski</sln:powNazwa><sln:waznyOd>2014-02-21T00:00:00+01:00</sln:waznyOd><sln:wojIIPId>45e7cfc6-6d8b-42ff-acbd-ef1d0a53dacb</sln:wojIIPId><sln:wojIIPPn>PL.PZGIK.200</sln:wojIIPPn><sln:wojIIPWersja>2012-09-27T13:45:13+02:00</sln:wojIIPWersja><sln:wojIdTeryt>28</sln:wojIdTeryt><sln:wojNazwa>warmińsko-mazurskie</sln:wojNazwa></sln:miejscowosc><sln:miejscowosc><sln:cyklZyciaDo>2017-04-07T00:00:00+02:00</sln:cyklZyciaDo><sln:cyklZyciaOd>2015-12-10T00:00:00+01:00</sln:cyklZyciaOd><sln:gmIIPId>edb1d6ae-008f-49ce-93e8-da2578f7fa06</sln:gmIIPId><sln:gmIIPPn>PL.PZGIK.200</sln:gmIIPPn><sln:gmIIPWersja>2012-09-26T22:22:18+02:00</sln:gmIIPWersja><sln:gmIdTeryt>2803052</sln:gmIdTeryt><sln:gmNazwa>Płośnica</sln:gmNazwa><sln:miejscIIPId>dff0fbcd-b308-44e0-8984-c19e391236c0</sln:miejscIIPId><sln:miejscIIPPn>PL.PZGIK.200</sln:miejscIIPPn><sln:miejscIIPWersja>2016-11-24T09:12:28+02:00</sln:miejscIIPWersja><sln:miejscIdTeryt>0122536</sln:miejscIdTeryt><sln:miejscNazwa>Przełęk</sln:miejscNazwa><sln:miejscRodzaj>Wieś</sln:miejscRodzaj><sln:powIIPId>30a27a14-3617-4e3d-b7ab-9b202199b4f9</sln:powIIPId><sln:powIIPPn>PL.PZGIK.200</sln:powIIPPn><sln:powIIPWersja>2012-09-27T10:00:59+02:00</sln:powIIPWersja><sln:powIdTeryt>2803</sln:powIdTeryt><sln:powNazwa>działdowski</sln:powNazwa><sln:waznyOd>2014-02-21T00:00:00+01:00</sln:waznyOd><sln:wojIIPId>45e7cfc6-6d8b-42ff-acbd-ef1d0a53dacb</sln:wojIIPId><sln:wojIIPPn>PL.PZGIK.200</sln:wojIIPPn><sln:wojIIPWersja>2012-09-27T13:45:13+02:00</sln:wojIIPWersja><sln:wojIdTeryt>28</sln:wojIdTeryt><sln:wojNazwa>warmińsko-mazurskie</sln:wojNazwa></sln:miejscowosc><sln:miejscowosc><sln:cyklZyciaDo>2017-04-07T00:00:00+02:00</sln:cyklZyciaDo><sln:cyklZyciaOd>2015-12-10T00:00:00+01:00</sln:cyklZyciaOd><sln:gmIIPId>edb1d6ae-008f-49ce-93e8-da2578f7fa06</sln:gmIIPId><sln:gmIIPPn>PL.PZGIK.200</sln:gmIIPPn><sln:gmIIPWersja>2012-09-26T22:22:18+02:00</sln:gmIIPWersja><sln:gmIdTeryt>2803052</sln:gmIdTeryt><sln:gmNazwa>Płośnica</sln:gmNazwa><sln:miejscIIPId>1c1e43f7-0407-4093-8ee0-6bf775653817</sln:miejscIIPId><sln:miejscIIPPn>PL.PZGIK.200</sln:miejscIIPPn><sln:miejscIIPWersja>2016-11-24T09:12:28+02:00</sln:miejscIIPWersja><sln:miejscIdTeryt>0122542</sln:miejscIdTeryt><sln:miejscNazwa>Przełęk Kościelny</sln:miejscNazwa><sln:miejscRodzaj>Inny obiekt</sln:miejscRodzaj><sln:powIIPId>30a27a14-3617-4e3d-b7ab-9b202199b4f9</sln:powIIPId><sln:powIIPPn>PL.PZGIK.200</sln:powIIPPn><sln:powIIPWersja>2012-09-27T10:00:59+02:00</sln:powIIPWersja><sln:powIdTeryt>2803</sln:powIdTeryt><sln:powNazwa>działdowski</sln:powNazwa><sln:waznyOd>2014-02-21T00:00:00+01:00</sln:waznyOd><sln:wojIIPId>45e7cfc6-6d8b-42ff-acbd-ef1d0a53dacb</sln:wojIIPId><sln:wojIIPPn>PL.PZGIK.200</sln:wojIIPPn><sln:wojIIPWersja>2012-09-27T13:45:13+02:00</sln:wojIIPWersja><sln:wojIdTeryt>28</sln:wojIdTeryt><sln:wojNazwa>warmińsko-mazurskie</sln:wojNazwa></sln:miejscowosc><sln:miejscowosc><sln:cyklZyciaDo>2017-04-07T00:00:00+02:00</sln:cyklZyciaDo><sln:cyklZyciaOd>2015-12-10T00:00:00+01:00</sln:cyklZyciaOd><sln:gmIIPId>edb1d6ae-008f-49ce-93e8-da2578f7fa06</sln:gmIIPId><sln:gmIIPPn>PL.PZGIK.200</sln:gmIIPPn><sln:gmIIPWersja>2012-09-26T22:22:18+02:00</sln:gmIIPWersja><sln:gmIdTeryt>2803052</sln:gmIdTeryt><sln:gmNazwa>Płośnica</sln:gmNazwa><sln:miejscIIPId>4fdba60d-557c-4fc6-b12a-b2f60923ea01</sln:miejscIIPId><sln:miejscIIPPn>PL.PZGIK.200</sln:miejscIIPPn><sln:miejscIIPWersja>2016-11-24T09:12:28+02:00</sln:miejscIIPWersja><sln:miejscIdTeryt>0122559</sln:miejscIdTeryt><sln:miejscNazwa>Przełęk Mały</sln:miejscNazwa><sln:miejscRodzaj>Inny obiekt</sln:miejscRodzaj><sln:powIIPId>30a27a14-3617-4e3d-b7ab-9b202199b4f9</sln:powIIPId><sln:powIIPPn>PL.PZGIK.200</sln:powIIPPn><sln:powIIPWersja>2012-09-27T10:00:59+02:00</sln:powIIPWersja><sln:powIdTeryt>2803</sln:powIdTeryt><sln:powNazwa>działdowski</sln:powNazwa><sln:waznyOd>2014-02-21T00:00:00+01:00</sln:waznyOd><sln:wojIIPId>45e7cfc6-6d8b-42ff-acbd-ef1d0a53dacb</sln:wojIIPId><sln:wojIIPPn>PL.PZGIK.200</sln:wojIIPPn><sln:wojIIPWersja>2012-09-27T13:45:13+02:00</sln:wojIIPWersja><sln:wojIdTeryt>28</sln:wojIdTeryt><sln:wojNazwa>warmińsko-mazurskie</sln:wojNazwa></sln:miejscowosc><sln:miejscowosc><sln:cyklZyciaDo>2017-04-07T00:00:00+02:00</sln:cyklZyciaDo><sln:cyklZyciaOd>2015-12-10T00:00:00+01:00</sln:cyklZyciaOd><sln:gmIIPId>edb1d6ae-008f-49ce-93e8-da2578f7fa06</sln:gmIIPId><sln:gmIIPPn>PL.PZGIK.200</sln:gmIIPPn><sln:gmIIPWersja>2012-09-26T22:22:18+02:00</sln:gmIIPWersja><sln:gmIdTeryt>2803052</sln:gmIdTeryt><sln:gmNazwa>Płośnica</sln:gmNazwa><sln:miejscIIPId>a009794a-b14c-4a06-8beb-65eb77ff60f5</sln:miejscIIPId><sln:miejscIIPPn>PL.PZGIK.200</sln:miejscIIPPn><sln:miejscIIPWersja>2016-11-24T09:12:28+02:00</sln:miejscIIPWersja><sln:miejscIdTeryt>0122565</sln:miejscIdTeryt><sln:miejscNazwa>Rutkowice</sln:miejscNazwa><sln:miejscRodzaj>Wieś</sln:miejscRodzaj><sln:powIIPId>30a27a14-3617-4e3d-b7ab-9b202199b4f9</sln:powIIPId><sln:powIIPPn>PL.PZGIK.200</sln:powIIPPn><sln:powIIPWersja>2012-09-27T10:00:59+02:00</sln:powIIPWersja><sln:powIdTeryt>2803</sln:powIdTeryt><sln:powNazwa>działdowski</sln:powNazwa><sln:waznyOd>2014-02-21T00:00:00+01:00</sln:waznyOd><sln:wojIIPId>45e7cfc6-6d8b-42ff-acbd-ef1d0a53dacb</sln:wojIIPId><sln:wojIIPPn>PL.PZGIK.200</sln:wojIIPPn><sln:wojIIPWersja>2012-09-27T13:45:13+02:00</sln:wojIIPWersja><sln:wojIdTeryt>28</sln:wojIdTeryt><sln:wojNazwa>warmińsko-mazurskie</sln:wojNazwa></sln:miejscowosc><sln:miejscowosc><sln:cyklZyciaDo>2017-04-07T00:00:00+02:00</sln:cyklZyciaDo><sln:cyklZyciaOd>2015-12-10T00:00:00+01:00</sln:cyklZyciaOd><sln:gmIIPId>edb1d6ae-008f-49ce-93e8-da2578f7fa06</sln:gmIIPId><sln:gmIIPPn>PL.PZGIK.200</sln:gmIIPPn><sln:gmIIPWersja>2012-09-26T22:22:18+02:00</sln:gmIIPWersja><sln:gmIdTeryt>2803052</sln:gmIdTeryt><sln:gmNazwa>Płośnica</sln:gmNazwa><sln:miejscIIPId>1377d4d6-2185-46ea-b8ea-6913083778a8</sln:miejscIIPId><sln:miejscIIPPn>PL.PZGIK.200</sln:miejscIIPPn><sln:miejscIIPWersja>2016-11-24T09:12:28+02:00</sln:miejscIIPWersja><sln:miejscIdTeryt>0122571</sln:miejscIdTeryt><sln:miejscNazwa>Skurpie</sln:miejscNazwa><sln:miejscRodzaj>Wieś</sln:miejscRodzaj><sln:powIIPId>30a27a14-3617-4e3d-b7ab-9b202199b4f9</sln:powIIPId><sln:powIIPPn>PL.PZGIK.200</sln:powIIPPn><sln:powIIPWersja>2012-09-27T10:00:59+02:00</sln:powIIPWersja><sln:powIdTeryt>2803</sln:powIdTeryt><sln:powNazwa>działdowski</sln:powNazwa><sln:waznyOd>2014-02-21T00:00:00+01:00</sln:waznyOd><sln:wojIIPId>45e7cfc6-6d8b-42ff-acbd-ef1d0a53dacb</sln:wojIIPId><sln:wojIIPPn>PL.PZGIK.200</sln:wojIIPPn><sln:wojIIPWersja>2012-09-27T13:45:13+02:00</sln:wojIIPWersja><sln:wojIdTeryt>28</sln:wojIdTeryt><sln:wojNazwa>warmińsko-mazurskie</sln:wojNazwa></sln:miejscowosc><sln:miejscowosc><sln:cyklZyciaDo>2017-04-07T00:00:00+02:00</sln:cyklZyciaDo><sln:cyklZyciaOd>2015-12-10T00:00:00+01:00</sln:cyklZyciaOd><sln:gmIIPId>edb1d6ae-008f-49ce-93e8-da2578f7fa06</sln:gmIIPId><sln:gmIIPPn>PL.PZGIK.200</sln:gmIIPPn><sln:gmIIPWersja>2012-09-26T22:22:18+02:00</sln:gmIIPWersja><sln:gmIdTeryt>2803052</sln:gmIdTeryt><sln:gmNazwa>Płośnica</sln:gmNazwa><sln:miejscIIPId>e503f969-7c7f-4883-9a76-ed8bfaccfb01</sln:miejscIIPId><sln:miejscIIPPn>PL.PZGIK.200</sln:miejscIIPPn><sln:miejscIIPWersja>2016-11-24T09:12:28+02:00</sln:miejscIIPWersja><sln:miejscIdTeryt>0122588</sln:miejscIdTeryt><sln:miejscNazwa>Turza Mała</sln:miejscNazwa><sln:miejscRodzaj>Wieś</sln:miejscRodzaj><sln:powIIPId>30a27a14-3617-4e3d-b7ab-9b202199b4f9</sln:powIIPId><sln:powIIPPn>PL.PZGIK.200</sln:powIIPPn><sln:powIIPWersja>2012-09-27T10:00:59+02:00</sln:powIIPWersja><sln:powIdTeryt>2803</sln:powIdTeryt><sln:powNazwa>działdowski</sln:powNazwa><sln:waznyOd>2014-02-21T00:00:00+01:00</sln:waznyOd><sln:wojIIPId>45e7cfc6-6d8b-42ff-acbd-ef1d0a53dacb</sln:wojIIPId><sln:wojIIPPn>PL.PZGIK.200</sln:wojIIPPn><sln:wojIIPWersja>2012-09-27T13:45:13+02:00</sln:wojIIPWersja><sln:wojIdTeryt>28</sln:wojIdTeryt><sln:wojNazwa>warmińsko-mazurskie</sln:wojNazwa></sln:miejscowosc><sln:miejscowosc><sln:cyklZyciaDo>2017-04-07T00:00:00+02:00</sln:cyklZyciaDo><sln:cyklZyciaOd>2015-12-10T00:00:00+01:00</sln:cyklZyciaOd><sln:gmIIPId>edb1d6ae-008f-49ce-93e8-da2578f7fa06</sln:gmIIPId><sln:gmIIPPn>PL.PZGIK.200</sln:gmIIPPn><sln:gmIIPWersja>2012-09-26T22:22:18+02:00</sln:gmIIPWersja><sln:gmIdTeryt>2803052</sln:gmIdTeryt><sln:gmNazwa>Płośnica</sln:gmNazwa><sln:miejscIIPId>ad6eac80-b165-4491-83f9-e588ea66ecdd</sln:miejscIIPId><sln:miejscIIPPn>PL.PZGIK.200</sln:miejscIIPPn><sln:miejscIIPWersja>2016-11-24T09:12:28+02:00</sln:miejscIIPWersja><sln:miejscIdTeryt>0122594</sln:miejscIdTeryt><sln:miejscNazwa>Wielki Łęck</sln:miejscNazwa><sln:miejscRodzaj>Wieś</sln:miejscRodzaj><sln:powIIPId>30a27a14-3617-4e3d-b7ab-9b202199b4f9</sln:powIIPId><sln:powIIPPn>PL.PZGIK.200</sln:powIIPPn><sln:powIIPWersja>2012-09-27T10:00:59+02:00</sln:powIIPWersja><sln:powIdTeryt>2803</sln:powIdTeryt><sln:powNazwa>działdowski</sln:powNazwa><sln:waznyOd>2014-02-21T00:00:00+01:00</sln:waznyOd><sln:wojIIPId>45e7cfc6-6d8b-42ff-acbd-ef1d0a53dacb</sln:wojIIPId><sln:wojIIPPn>PL.PZGIK.200</sln:wojIIPPn><sln:wojIIPWersja>2012-09-27T13:45:13+02:00</sln:wojIIPWersja><sln:wojIdTeryt>28</sln:wojIdTeryt><sln:wojNazwa>warmińsko-mazurskie</sln:wojNazwa></sln:miejscowosc><sln:miejscowosc><sln:cyklZyciaDo>2017-04-07T00:00:00+02:00</sln:cyklZyciaDo><sln:cyklZyciaOd>2015-12-10T00:00:00+01:00</sln:cyklZyciaOd><sln:gmIIPId>edb1d6ae-008f-49ce-93e8-da2578f7fa06</sln:gmIIPId><sln:gmIIPPn>PL.PZGIK.200</sln:gmIIPPn><sln:gmIIPWersja>2012-09-26T22:22:18+02:00</sln:gmIIPWersja><sln:gmIdTeryt>2803052</sln:gmIdTeryt><sln:gmNazwa>Płośnica</sln:gmNazwa><sln:miejscIIPId>217d31a6-b3d5-4bc5-ba28-93a60241620b</sln:miejscIIPId><sln:miejscIIPPn>PL.PZGIK.200</sln:miejscIIPPn><sln:miejscIIPWersja>2016-11-24T09:12:28+02:00</sln:miejscIIPWersja><sln:miejscIdTeryt>0122602</sln:miejscIdTeryt><sln:miejscNazwa>Zalesie</sln:miejscNazwa><sln:miejscRodzaj>Wieś</sln:miejscRodzaj><sln:powIIPId>30a27a14-3617-4e3d-b7ab-9b202199b4f9</sln:powIIPId><sln:powIIPPn>PL.PZGIK.200</sln:powIIPPn><sln:powIIPWersja>2012-09-27T10:00:59+02:00</sln:powIIPWersja><sln:powIdTeryt>2803</sln:powIdTeryt><sln:powNazwa>działdowski</sln:powNazwa><sln:waznyOd>2014-02-21T00:00:00+01:00</sln:waznyOd><sln:wojIIPId>45e7cfc6-6d8b-42ff-acbd-ef1d0a53dacb</sln:wojIIPId><sln:wojIIPPn>PL.PZGIK.200</sln:wojIIPPn><sln:wojIIPWersja>2012-09-27T13:45:13+02:00</sln:wojIIPWersja><sln:wojIdTeryt>28</sln:wojIdTeryt><sln:wojNazwa>warmińsko-mazurskie</sln:wojNazwa></sln:miejscowosc><sln:miejscowosc><sln:cyklZyciaOd>2017-04-07T00:00:00+02:00</sln:cyklZyciaOd><sln:gmIIPId>edb1d6ae-008f-49ce-93e8-da2578f7fa06</sln:gmIIPId><sln:gmIIPPn>PL.PZGIK.200</sln:gmIIPPn><sln:gmIIPWersja>2012-09-26T22:22:18+02:00</sln:gmIIPWersja><sln:gmIdTeryt>2803052</sln:gmIdTeryt><sln:gmNazwa>Płośnica</sln:gmNazwa><sln:miejscIIPId>3d334353-3ebc-4d66-ad00-1cedb3c70634</sln:miejscIIPId><sln:miejscIIPPn>PL.PZGIK.200</sln:miejscIIPPn><sln:miejscIIPWersja>2017-04-07T15:29:33+02:00</sln:miejscIIPWersja><sln:miejscIdTeryt>0122401</sln:miejscIdTeryt><sln:miejscNazwa>Gralewo</sln:miejscNazwa><sln:miejscRodzaj>Wieś</sln:miejscRodzaj><sln:powIIPId>30a27a14-3617-4e3d-b7ab-9b202199b4f9</sln:powIIPId><sln:powIIPPn>PL.PZGIK.200</sln:powIIPPn><sln:powIIPWersja>2012-09-27T10:00:59+02:00</sln:powIIPWersja><sln:powIdTeryt>2803</sln:powIdTeryt><sln:powNazwa>działdowski</sln:powNazwa><sln:waznyOd>2014-02-21T00:00:00+01:00</sln:waznyOd><sln:wojIIPId>45e7cfc6-6d8b-42ff-acbd-ef1d0a53dacb</sln:wojIIPId><sln:wojIIPPn>PL.PZGIK.200</sln:wojIIPPn><sln:wojIIPWersja>2012-09-27T13:45:13+02:00</sln:wojIIPWersja><sln:wojIdTeryt>28</sln:wojIdTeryt><sln:wojNazwa>warmińsko-mazurskie</sln:wojNazwa></sln:miejscowosc><sln:miejscowosc><sln:cyklZyciaOd>2017-04-07T00:00:00+02:00</sln:cyklZyciaOd><sln:gmIIPId>edb1d6ae-008f-49ce-93e8-da2578f7fa06</sln:gmIIPId><sln:gmIIPPn>PL.PZGIK.200</sln:gmIIPPn><sln:gmIIPWersja>2012-09-26T22:22:18+02:00</sln:gmIIPWersja><sln:gmIdTeryt>2803052</sln:gmIdTeryt><sln:gmNazwa>Płośnica</sln:gmNazwa><sln:miejscIIPId>25fffca0-657b-4237-b6b8-58f157794406</sln:miejscIIPId><sln:miejscIIPPn>PL.PZGIK.200</sln:miejscIIPPn><sln:miejscIIPWersja>2017-04-07T15:29:42+02:00</sln:miejscIIPWersja><sln:miejscIdTeryt>0122418</sln:miejscIdTeryt><sln:miejscNazwa>Gródki</sln:miejscNazwa><sln:miejscRodzaj>Wieś</sln:miejscRodzaj><sln:powIIPId>30a27a14-3617-4e3d-b7ab-9b202199b4f9</sln:powIIPId><sln:powIIPPn>PL.PZGIK.200</sln:powIIPPn><sln:powIIPWersja>2012-09-27T10:00:59+02:00</sln:powIIPWersja><sln:powIdTeryt>2803</sln:powIdTeryt><sln:powNazwa>działdowski</sln:powNazwa><sln:waznyOd>2014-02-21T00:00:00+01:00</sln:waznyOd><sln:wojIIPId>45e7cfc6-6d8b-42ff-acbd-ef1d0a53dacb</sln:wojIIPId><sln:wojIIPPn>PL.PZGIK.200</sln:wojIIPPn><sln:wojIIPWersja>2012-09-27T13:45:13+02:00</sln:wojIIPWersja><sln:wojIdTeryt>28</sln:wojIdTeryt><sln:wojNazwa>warmińsko-mazurskie</sln:wojNazwa></sln:miejscowosc><sln:miejscowosc><sln:cyklZyciaOd>2017-04-07T00:00:00+02:00</sln:cyklZyciaOd><sln:gmIIPId>edb1d6ae-008f-49ce-93e8-da2578f7fa06</sln:gmIIPId><sln:gmIIPPn>PL.PZGIK.200</sln:gmIIPPn><sln:gmIIPWersja>2012-09-26T22:22:18+02:00</sln:gmIIPWersja><sln:gmIdTeryt>2803052</sln:gmIdTeryt><sln:gmNazwa>Płośnica</sln:gmNazwa><sln:miejscIIPId>f6080de8-7d76-4b80-8495-2d8bbb5b30a5</sln:miejscIIPId><sln:miejscIIPPn>PL.PZGIK.200</sln:miejscIIPPn><sln:miejscIIPWersja>2017-04-07T15:29:42+02:00</sln:miejscIIPWersja><sln:miejscIdTeryt>0122424</sln:miejscIdTeryt><sln:miejscNazwa>Gruszka</sln:miejscNazwa><sln:miejscRodzaj>Wieś</sln:miejscRodzaj><sln:powIIPId>30a27a14-3617-4e3d-b7ab-9b202199b4f9</sln:powIIPId><sln:powIIPPn>PL.PZGIK.200</sln:powIIPPn><sln:powIIPWersja>2012-09-27T10:00:59+02:00</sln:powIIPWersja><sln:powIdTeryt>2803</sln:powIdTeryt><sln:powNazwa>działdowski</sln:powNazwa><sln:waznyOd>2014-02-21T00:00:00+01:00</sln:waznyOd><sln:wojIIPId>45e7cfc6-6d8b-42ff-acbd-ef1d0a53dacb</sln:wojIIPId><sln:wojIIPPn>PL.PZGIK.200</sln:wojIIPPn><sln:wojIIPWersja>2012-09-27T13:45:13+02:00</sln:wojIIPWersja><sln:wojIdTeryt>28</sln:wojIdTeryt><sln:wojNazwa>warmińsko-mazurskie</sln:wojNazwa></sln:miejscowosc><sln:miejscowosc><sln:cyklZyciaOd>2017-04-07T00:00:00+02:00</sln:cyklZyciaOd><sln:gmIIPId>edb1d6ae-008f-49ce-93e8-da2578f7fa06</sln:gmIIPId><sln:gmIIPPn>PL.PZGIK.200</sln:gmIIPPn><sln:gmIIPWersja>2012-09-26T22:22:18+02:00</sln:gmIIPWersja><sln:gmIdTeryt>2803052</sln:gmIdTeryt><sln:gmNazwa>Płośnica</sln:gmNazwa><sln:miejscIIPId>696c23e9-e777-4a4a-8c8b-60a304758f86</sln:miejscIIPId><sln:miejscIIPPn>PL.PZGIK.200</sln:miejscIIPPn><sln:miejscIIPWersja>2017-04-07T15:29:42+02:00</sln:miejscIIPWersja><sln:miejscIdTeryt>0122430</sln:miejscIdTeryt><sln:miejscNazwa>Jabłonowo</sln:miejscNazwa><sln:miejscRodzaj>Wieś</sln:miejscRodzaj><sln:powIIPId>30a27a14-3617-4e3d-b7ab-9b202199b4f9</sln:powIIPId><sln:powIIPPn>PL.PZGIK.200</sln:powIIPPn><sln:powIIPWersja>2012-09-27T10:00:59+02:00</sln:powIIPWersja><sln:powIdTeryt>2803</sln:powIdTeryt><sln:powNazwa>działdowski</sln:powNazwa><sln:waznyOd>2014-02-21T00:00:00+01:00</sln:waznyOd><sln:wojIIPId>45e7cfc6-6d8b-42ff-acbd-ef1d0a53dacb</sln:wojIIPId><sln:wojIIPPn>PL.PZGIK.200</sln:wojIIPPn><sln:wojIIPWersja>2012-09-27T13:45:13+02:00</sln:wojIIPWersja><sln:wojIdTeryt>28</sln:wojIdTeryt><sln:wojNazwa>warmińsko-mazurskie</sln:wojNazwa></sln:miejscowosc><sln:miejscowosc><sln:cyklZyciaOd>2017-04-07T00:00:00+02:00</sln:cyklZyciaOd><sln:gmIIPId>edb1d6ae-008f-49ce-93e8-da2578f7fa06</sln:gmIIPId><sln:gmIIPPn>PL.PZGIK.200</sln:gmIIPPn><sln:gmIIPWersja>2012-09-26T22:22:18+02:00</sln:gmIIPWersja><sln:gmIdTeryt>2803052</sln:gmIdTeryt><sln:gmNazwa>Płośnica</sln:gmNazwa><sln:miejscIIPId>551d9cab-e516-4644-8db8-d1e47ab52c04</sln:miejscIIPId><sln:miejscIIPPn>PL.PZGIK.200</sln:miejscIIPPn><sln:miejscIIPWersja>2017-04-07T15:29:42+02:00</sln:miejscIIPWersja><sln:miejscIdTeryt>0122447</sln:miejscIdTeryt><sln:miejscNazwa>Mały Łęck</sln:miejscNazwa><sln:miejscRodzaj>Wieś</sln:miejscRodzaj><sln:powIIPId>30a27a14-3617-4e3d-b7ab-9b202199b4f9</sln:powIIPId><sln:powIIPPn>PL.PZGIK.200</sln:powIIPPn><sln:powIIPWersja>2012-09-27T10:00:59+02:00</sln:powIIPWersja><sln:powIdTeryt>2803</sln:powIdTeryt><sln:powNazwa>działdowski</sln:powNazwa><sln:waznyOd>2014-02-21T00:00:00+01:00</sln:waznyOd><sln:wojIIPId>45e7cfc6-6d8b-42ff-acbd-ef1d0a53dacb</sln:wojIIPId><sln:wojIIPPn>PL.PZGIK.200</sln:wojIIPPn><sln:wojIIPWersja>2012-09-27T13:45:13+02:00</sln:wojIIPWersja><sln:wojIdTeryt>28</sln:wojIdTeryt><sln:wojNazwa>warmińsko-mazurskie</sln:wojNazwa></sln:miejscowosc><sln:miejscowosc><sln:cyklZyciaOd>2017-04-07T00:00:00+02:00</sln:cyklZyciaOd><sln:gmIIPId>edb1d6ae-008f-49ce-93e8-da2578f7fa06</sln:gmIIPId><sln:gmIIPPn>PL.PZGIK.200</sln:gmIIPPn><sln:gmIIPWersja>2012-09-26T22:22:18+02:00</sln:gmIIPWersja><sln:gmIdTeryt>2803052</sln:gmIdTeryt><sln:gmNazwa>Płośnica</sln:gmNazwa><sln:miejscIIPId>73a43721-6af1-41ca-85c3-747194e38be3</sln:miejscIIPId><sln:miejscIIPPn>PL.PZGIK.200</sln:miejscIIPPn><sln:miejscIIPWersja>2017-04-07T15:29:42+02:00</sln:miejscIIPWersja><sln:miejscIdTeryt>0122460</sln:miejscIdTeryt><sln:miejscNazwa>Murawki</sln:miejscNazwa><sln:miejscRodzaj>Wieś</sln:miejscRodzaj><sln:powIIPId>30a27a14-3617-4e3d-b7ab-9b202199b4f9</sln:powIIPId><sln:powIIPPn>PL.PZGIK.200</sln:powIIPPn><sln:powIIPWersja>2012-09-27T10:00:59+02:00</sln:powIIPWersja><sln:powIdTeryt>2803</sln:powIdTeryt><sln:powNazwa>działdowski</sln:powNazwa><sln:waznyOd>2014-02-21T00:00:00+01:00</sln:waznyOd><sln:wojIIPId>45e7cfc6-6d8b-42ff-acbd-ef1d0a53dacb</sln:wojIIPId><sln:wojIIPPn>PL.PZGIK.200</sln:wojIIPPn><sln:wojIIPWersja>2012-09-27T13:45:13+02:00</sln:wojIIPWersja><sln:wojIdTeryt>28</sln:wojIdTeryt><sln:wojNazwa>warmińsko-mazurskie</sln:wojNazwa></sln:miejscowosc><sln:miejscowosc><sln:cyklZyciaOd>2017-04-07T00:00:00+02:00</sln:cyklZyciaOd><sln:gmIIPId>edb1d6ae-008f-49ce-93e8-da2578f7fa06</sln:gmIIPId><sln:gmIIPPn>PL.PZGIK.200</sln:gmIIPPn><sln:gmIIPWersja>2012-09-26T22:22:18+02:00</sln:gmIIPWersja><sln:gmIdTeryt>2803052</sln:gmIdTeryt><sln:gmNazwa>Płośnica</sln:gmNazwa><sln:miejscIIPId>a36ba07e-49d5-4a5c-842e-036c40ece7e5</sln:miejscIIPId><sln:miejscIIPPn>PL.PZGIK.200</sln:miejscIIPPn><sln:miejscIIPWersja>2017-04-07T15:29:42+02:00</sln:miejscIIPWersja><sln:miejscIdTeryt>0122476</sln:miejscIdTeryt><sln:miejscNazwa>Niechłonin</sln:miejscNazwa><sln:miejscRodzaj>Wieś</sln:miejscRodzaj><sln:powIIPId>30a27a14-3617-4e3d-b7ab-9b202199b4f9</sln:powIIPId><sln:powIIPPn>PL.PZGIK.200</sln:powIIPPn><sln:powIIPWersja>2012-09-27T10:00:59+02:00</sln:powIIPWersja><sln:powIdTeryt>2803</sln:powIdTeryt><sln:powNazwa>działdowski</sln:powNazwa><sln:waznyOd>2014-02-21T00:00:00+01:00</sln:waznyOd><sln:wojIIPId>45e7cfc6-6d8b-42ff-acbd-ef1d0a53dacb</sln:wojIIPId><sln:wojIIPPn>PL.PZGIK.200</sln:wojIIPPn><sln:wojIIPWersja>2012-09-27T13:45:13+02:00</sln:wojIIPWersja><sln:wojIdTeryt>28</sln:wojIdTeryt><sln:wojNazwa>warmińsko-mazurskie</sln:wojNazwa></sln:miejscowosc><sln:miejscowosc><sln:cyklZyciaOd>2017-04-07T00:00:00+02:00</sln:cyklZyciaOd><sln:gmIIPId>edb1d6ae-008f-49ce-93e8-da2578f7fa06</sln:gmIIPId><sln:gmIIPPn>PL.PZGIK.200</sln:gmIIPPn><sln:gmIIPWersja>2012-09-26T22:22:18+02:00</sln:gmIIPWersja><sln:gmIdTeryt>2803052</sln:gmIdTeryt><sln:gmNazwa>Płośnica</sln:gmNazwa><sln:miejscIIPId>c6130278-f5ab-46da-b1a7-350f971534f7</sln:miejscIIPId><sln:miejscIIPPn>PL.PZGIK.200</sln:miejscIIPPn><sln:miejscIIPWersja>2017-04-07T15:29:42+02:00</sln:miejscIIPWersja><sln:miejscIdTeryt>0122482</sln:miejscIdTeryt><sln:miejscNazwa>Płośnica</sln:miejscNazwa><sln:miejscRodzaj>Wieś</sln:miejscRodzaj><sln:powIIPId>30a27a14-3617-4e3d-b7ab-9b202199b4f9</sln:powIIPId><sln:powIIPPn>PL.PZGIK.200</sln:powIIPPn><sln:powIIPWersja>2012-09-27T10:00:59+02:00</sln:powIIPWersja><sln:powIdTeryt>2803</sln:powIdTeryt><sln:powNazwa>działdowski</sln:powNazwa><sln:waznyOd>2014-02-21T00:00:00+01:00</sln:waznyOd><sln:wojIIPId>45e7cfc6-6d8b-42ff-acbd-ef1d0a53dacb</sln:wojIIPId><sln:wojIIPPn>PL.PZGIK.200</sln:wojIIPPn><sln:wojIIPWersja>2012-09-27T13:45:13+02:00</sln:wojIIPWersja><sln:wojIdTeryt>28</sln:wojIdTeryt><sln:wojNazwa>warmińsko-mazurskie</sln:wojNazwa></sln:miejscowosc><sln:miejscowosc><sln:cyklZyciaOd>2017-04-07T00:00:00+02:00</sln:cyklZyciaOd><sln:gmIIPId>edb1d6ae-008f-49ce-93e8-da2578f7fa06</sln:gmIIPId><sln:gmIIPPn>PL.PZGIK.200</sln:gmIIPPn><sln:gmIIPWersja>2012-09-26T22:22:18+02:00</sln:gmIIPWersja><sln:gmIdTeryt>2803052</sln:gmIdTeryt><sln:gmNazwa>Płośnica</sln:gmNazwa><sln:miejscIIPId>755c17a6-fe9c-4e51-9d17-09e87fd01518</sln:miejscIIPId><sln:miejscIIPPn>PL.PZGIK.200</sln:miejscIIPPn><sln:miejscIIPWersja>2017-04-07T15:29:42+02:00</sln:miejscIIPWersja><sln:miejscIdTeryt>0122520</sln:miejscIdTeryt><sln:miejscNazwa>Prioma</sln:miejscNazwa><sln:miejscRodzaj>Wieś</sln:miejscRodzaj><sln:powIIPId>30a27a14-3617-4e3d-b7ab-9b202199b4f9</sln:powIIPId><sln:powIIPPn>PL.PZGIK.200</sln:powIIPPn><sln:powIIPWersja>2012-09-27T10:00:59+02:00</sln:powIIPWersja><sln:powIdTeryt>2803</sln:powIdTeryt><sln:powNazwa>działdowski</sln:powNazwa><sln:waznyOd>2014-02-21T00:00:00+01:00</sln:waznyOd><sln:wojIIPId>45e7cfc6-6d8b-42ff-acbd-ef1d0a53dacb</sln:wojIIPId><sln:wojIIPPn>PL.PZGIK.200</sln:wojIIPPn><sln:wojIIPWersja>2012-09-27T13:45:13+02:00</sln:wojIIPWersja><sln:wojIdTeryt>28</sln:wojIdTeryt><sln:wojNazwa>warmińsko-mazurskie</sln:wojNazwa></sln:miejscowosc><sln:miejscowosc><sln:cyklZyciaOd>2017-04-07T00:00:00+02:00</sln:cyklZyciaOd><sln:gmIIPId>edb1d6ae-008f-49ce-93e8-da2578f7fa06</sln:gmIIPId><sln:gmIIPPn>PL.PZGIK.200</sln:gmIIPPn><sln:gmIIPWersja>2012-09-26T22:22:18+02:00</sln:gmIIPWersja><sln:gmIdTeryt>2803052</sln:gmIdTeryt><sln:gmNazwa>Płośnica</sln:gmNazwa><sln:miejscIIPId>dff0fbcd-b308-44e0-8984-c19e391236c0</sln:miejscIIPId><sln:miejscIIPPn>PL.PZGIK.200</sln:miejscIIPPn><sln:miejscIIPWersja>2017-04-07T15:29:42+02:00</sln:miejscIIPWersja><sln:miejscIdTeryt>0122536</sln:miejscIdTeryt><sln:miejscNazwa>Przełęk</sln:miejscNazwa><sln:miejscRodzaj>Wieś</sln:miejscRodzaj><sln:powIIPId>30a27a14-3617-4e3d-b7ab-9b202199b4f9</sln:powIIPId><sln:powIIPPn>PL.PZGIK.200</sln:powIIPPn><sln:powIIPWersja>2012-09-27T10:00:59+02:00</sln:powIIPWersja><sln:powIdTeryt>2803</sln:powIdTeryt><sln:powNazwa>działdowski</sln:powNazwa><sln:waznyOd>2014-02-21T00:00:00+01:00</sln:waznyOd><sln:wojIIPId>45e7cfc6-6d8b-42ff-acbd-ef1d0a53dacb</sln:wojIIPId><sln:wojIIPPn>PL.PZGIK.200</sln:wojIIPPn><sln:wojIIPWersja>2012-09-27T13:45:13+02:00</sln:wojIIPWersja><sln:wojIdTeryt>28</sln:wojIdTeryt><sln:wojNazwa>warmińsko-mazurskie</sln:wojNazwa></sln:miejscowosc><sln:miejscowosc><sln:cyklZyciaOd>2017-04-07T00:00:00+02:00</sln:cyklZyciaOd><sln:gmIIPId>edb1d6ae-008f-49ce-93e8-da2578f7fa06</sln:gmIIPId><sln:gmIIPPn>PL.PZGIK.200</sln:gmIIPPn><sln:gmIIPWersja>2012-09-26T22:22:18+02:00</sln:gmIIPWersja><sln:gmIdTeryt>2803052</sln:gmIdTeryt><sln:gmNazwa>Płośnica</sln:gmNazwa><sln:miejscIIPId>1c1e43f7-0407-4093-8ee0-6bf775653817</sln:miejscIIPId><sln:miejscIIPPn>PL.PZGIK.200</sln:miejscIIPPn><sln:miejscIIPWersja>2017-04-07T15:29:42+02:00</sln:miejscIIPWersja><sln:miejscIdTeryt>0122542</sln:miejscIdTeryt><sln:miejscNazwa>Przełęk Kościelny</sln:miejscNazwa><sln:miejscRodzaj>Inny obiekt</sln:miejscRodzaj><sln:powIIPId>30a27a14-3617-4e3d-b7ab-9b202199b4f9</sln:powIIPId><sln:powIIPPn>PL.PZGIK.200</sln:powIIPPn><sln:powIIPWersja>2012-09-27T10:00:59+02:00</sln:powIIPWersja><sln:powIdTeryt>2803</sln:powIdTeryt><sln:powNazwa>działdowski</sln:powNazwa><sln:waznyOd>2014-02-21T00:00:00+01:00</sln:waznyOd><sln:wojIIPId>45e7cfc6-6d8b-42ff-acbd-ef1d0a53dacb</sln:wojIIPId><sln:wojIIPPn>PL.PZGIK.200</sln:wojIIPPn><sln:wojIIPWersja>2012-09-27T13:45:13+02:00</sln:wojIIPWersja><sln:wojIdTeryt>28</sln:wojIdTeryt><sln:wojNazwa>warmińsko-mazurskie</sln:wojNazwa></sln:miejscowosc><sln:miejscowosc><sln:cyklZyciaOd>2017-04-07T00:00:00+02:00</sln:cyklZyciaOd><sln:gmIIPId>edb1d6ae-008f-49ce-93e8-da2578f7fa06</sln:gmIIPId><sln:gmIIPPn>PL.PZGIK.200</sln:gmIIPPn><sln:gmIIPWersja>2012-09-26T22:22:18+02:00</sln:gmIIPWersja><sln:gmIdTeryt>2803052</sln:gmIdTeryt><sln:gmNazwa>Płośnica</sln:gmNazwa><sln:miejscIIPId>4fdba60d-557c-4fc6-b12a-b2f60923ea01</sln:miejscIIPId><sln:miejscIIPPn>PL.PZGIK.200</sln:miejscIIPPn><sln:miejscIIPWersja>2017-04-07T15:29:42+02:00</sln:miejscIIPWersja><sln:miejscIdTeryt>0122559</sln:miejscIdTeryt><sln:miejscNazwa>Przełęk Mały</sln:miejscNazwa><sln:miejscRodzaj>Inny obiekt</sln:miejscRodzaj><sln:powIIPId>30a27a14-3617-4e3d-b7ab-9b202199b4f9</sln:powIIPId><sln:powIIPPn>PL.PZGIK.200</sln:powIIPPn><sln:powIIPWersja>2012-09-27T10:00:59+02:00</sln:powIIPWersja><sln:powIdTeryt>2803</sln:powIdTeryt><sln:powNazwa>działdowski</sln:powNazwa><sln:waznyOd>2014-02-21T00:00:00+01:00</sln:waznyOd><sln:wojIIPId>45e7cfc6-6d8b-42ff-acbd-ef1d0a53dacb</sln:wojIIPId><sln:wojIIPPn>PL.PZGIK.200</sln:wojIIPPn><sln:wojIIPWersja>2012-09-27T13:45:13+02:00</sln:wojIIPWersja><sln:wojIdTeryt>28</sln:wojIdTeryt><sln:wojNazwa>warmińsko-mazurskie</sln:wojNazwa></sln:miejscowosc><sln:miejscowosc><sln:cyklZyciaOd>2017-04-07T00:00:00+02:00</sln:cyklZyciaOd><sln:gmIIPId>edb1d6ae-008f-49ce-93e8-da2578f7fa06</sln:gmIIPId><sln:gmIIPPn>PL.PZGIK.200</sln:gmIIPPn><sln:gmIIPWersja>2012-09-26T22:22:18+02:00</sln:gmIIPWersja><sln:gmIdTeryt>2803052</sln:gmIdTeryt><sln:gmNazwa>Płośnica</sln:gmNazwa><sln:miejscIIPId>a009794a-b14c-4a06-8beb-65eb77ff60f5</sln:miejscIIPId><sln:miejscIIPPn>PL.PZGIK.200</sln:miejscIIPPn><sln:miejscIIPWersja>2017-04-07T15:29:43+02:00</sln:miejscIIPWersja><sln:miejscIdTeryt>0122565</sln:miejscIdTeryt><sln:miejscNazwa>Rutkowice</sln:miejscNazwa><sln:miejscRodzaj>Wieś</sln:miejscRodzaj><sln:powIIPId>30a27a14-3617-4e3d-b7ab-9b202199b4f9</sln:powIIPId><sln:powIIPPn>PL.PZGIK.200</sln:powIIPPn><sln:powIIPWersja>2012-09-27T10:00:59+02:00</sln:powIIPWersja><sln:powIdTeryt>2803</sln:powIdTeryt><sln:powNazwa>działdowski</sln:powNazwa><sln:waznyOd>2014-02-21T00:00:00+01:00</sln:waznyOd><sln:wojIIPId>45e7cfc6-6d8b-42ff-acbd-ef1d0a53dacb</sln:wojIIPId><sln:wojIIPPn>PL.PZGIK.200</sln:wojIIPPn><sln:wojIIPWersja>2012-09-27T13:45:13+02:00</sln:wojIIPWersja><sln:wojIdTeryt>28</sln:wojIdTeryt><sln:wojNazwa>warmińsko-mazurskie</sln:wojNazwa></sln:miejscowosc><sln:miejscowosc><sln:cyklZyciaOd>2017-04-07T00:00:00+02:00</sln:cyklZyciaOd><sln:gmIIPId>edb1d6ae-008f-49ce-93e8-da2578f7fa06</sln:gmIIPId><sln:gmIIPPn>PL.PZGIK.200</sln:gmIIPPn><sln:gmIIPWersja>2012-09-26T22:22:18+02:00</sln:gmIIPWersja><sln:gmIdTeryt>2803052</sln:gmIdTeryt><sln:gmNazwa>Płośnica</sln:gmNazwa><sln:miejscIIPId>1377d4d6-2185-46ea-b8ea-6913083778a8</sln:miejscIIPId><sln:miejscIIPPn>PL.PZGIK.200</sln:miejscIIPPn><sln:miejscIIPWersja>2017-04-07T15:29:43+02:00</sln:miejscIIPWersja><sln:miejscIdTeryt>0122571</sln:miejscIdTeryt><sln:miejscNazwa>Skurpie</sln:miejscNazwa><sln:miejscRodzaj>Wieś</sln:miejscRodzaj><sln:powIIPId>30a27a14-3617-4e3d-b7ab-9b202199b4f9</sln:powIIPId><sln:powIIPPn>PL.PZGIK.200</sln:powIIPPn><sln:powIIPWersja>2012-09-27T10:00:59+02:00</sln:powIIPWersja><sln:powIdTeryt>2803</sln:powIdTeryt><sln:powNazwa>działdowski</sln:powNazwa><sln:waznyOd>2014-02-21T00:00:00+01:00</sln:waznyOd><sln:wojIIPId>45e7cfc6-6d8b-42ff-acbd-ef1d0a53dacb</sln:wojIIPId><sln:wojIIPPn>PL.PZGIK.200</sln:wojIIPPn><sln:wojIIPWersja>2012-09-27T13:45:13+02:00</sln:wojIIPWersja><sln:wojIdTeryt>28</sln:wojIdTeryt><sln:wojNazwa>warmińsko-mazurskie</sln:wojNazwa></sln:miejscowosc><sln:miejscowosc><sln:cyklZyciaOd>2017-04-07T00:00:00+02:00</sln:cyklZyciaOd><sln:gmIIPId>edb1d6ae-008f-49ce-93e8-da2578f7fa06</sln:gmIIPId><sln:gmIIPPn>PL.PZGIK.200</sln:gmIIPPn><sln:gmIIPWersja>2012-09-26T22:22:18+02:00</sln:gmIIPWersja><sln:gmIdTeryt>2803052</sln:gmIdTeryt><sln:gmNazwa>Płośnica</sln:gmNazwa><sln:miejscIIPId>e503f969-7c7f-4883-9a76-ed8bfaccfb01</sln:miejscIIPId><sln:miejscIIPPn>PL.PZGIK.200</sln:miejscIIPPn><sln:miejscIIPWersja>2017-04-07T15:29:43+02:00</sln:miejscIIPWersja><sln:miejscIdTeryt>0122588</sln:miejscIdTeryt><sln:miejscNazwa>Turza Mała</sln:miejscNazwa><sln:miejscRodzaj>Wieś</sln:miejscRodzaj><sln:powIIPId>30a27a14-3617-4e3d-b7ab-9b202199b4f9</sln:powIIPId><sln:powIIPPn>PL.PZGIK.200</sln:powIIPPn><sln:powIIPWersja>2012-09-27T10:00:59+02:00</sln:powIIPWersja><sln:powIdTeryt>2803</sln:powIdTeryt><sln:powNazwa>działdowski</sln:powNazwa><sln:waznyOd>2014-02-21T00:00:00+01:00</sln:waznyOd><sln:wojIIPId>45e7cfc6-6d8b-42ff-acbd-ef1d0a53dacb</sln:wojIIPId><sln:wojIIPPn>PL.PZGIK.200</sln:wojIIPPn><sln:wojIIPWersja>2012-09-27T13:45:13+02:00</sln:wojIIPWersja><sln:wojIdTeryt>28</sln:wojIdTeryt><sln:wojNazwa>warmińsko-mazurskie</sln:wojNazwa></sln:miejscowosc><sln:miejscowosc><sln:cyklZyciaOd>2017-04-07T00:00:00+02:00</sln:cyklZyciaOd><sln:gmIIPId>edb1d6ae-008f-49ce-93e8-da2578f7fa06</sln:gmIIPId><sln:gmIIPPn>PL.PZGIK.200</sln:gmIIPPn><sln:gmIIPWersja>2012-09-26T22:22:18+02:00</sln:gmIIPWersja><sln:gmIdTeryt>2803052</sln:gmIdTeryt><sln:gmNazwa>Płośnica</sln:gmNazwa><sln:miejscIIPId>ad6eac80-b165-4491-83f9-e588ea66ecdd</sln:miejscIIPId><sln:miejscIIPPn>PL.PZGIK.200</sln:miejscIIPPn><sln:miejscIIPWersja>2017-04-07T15:29:43+02:00</sln:miejscIIPWersja><sln:miejscIdTeryt>0122594</sln:miejscIdTeryt><sln:miejscNazwa>Wielki Łęck</sln:miejscNazwa><sln:miejscRodzaj>Wieś</sln:miejscRodzaj><sln:powIIPId>30a27a14-3617-4e3d-b7ab-9b202199b4f9</sln:powIIPId><sln:powIIPPn>PL.PZGIK.200</sln:powIIPPn><sln:powIIPWersja>2012-09-27T10:00:59+02:00</sln:powIIPWersja><sln:powIdTeryt>2803</sln:powIdTeryt><sln:powNazwa>działdowski</sln:powNazwa><sln:waznyOd>2014-02-21T00:00:00+01:00</sln:waznyOd><sln:wojIIPId>45e7cfc6-6d8b-42ff-acbd-ef1d0a53dacb</sln:wojIIPId><sln:wojIIPPn>PL.PZGIK.200</sln:wojIIPPn><sln:wojIIPWersja>2012-09-27T13:45:13+02:00</sln:wojIIPWersja><sln:wojIdTeryt>28</sln:wojIdTeryt><sln:wojNazwa>warmińsko-mazurskie</sln:wojNazwa></sln:miejscowosc><sln:miejscowosc><sln:cyklZyciaOd>2017-04-07T00:00:00+02:00</sln:cyklZyciaOd><sln:gmIIPId>edb1d6ae-008f-49ce-93e8-da2578f7fa06</sln:gmIIPId><sln:gmIIPPn>PL.PZGIK.200</sln:gmIIPPn><sln:gmIIPWersja>2012-09-26T22:22:18+02:00</sln:gmIIPWersja><sln:gmIdTeryt>2803052</sln:gmIdTeryt><sln:gmNazwa>Płośnica</sln:gmNazwa><sln:miejscIIPId>217d31a6-b3d5-4bc5-ba28-93a60241620b</sln:miejscIIPId><sln:miejscIIPPn>PL.PZGIK.200</sln:miejscIIPPn><sln:miejscIIPWersja>2017-04-07T15:29:43+02:00</sln:miejscIIPWersja><sln:miejscIdTeryt>0122602</sln:miejscIdTeryt><sln:miejscNazwa>Zalesie</sln:miejscNazwa><sln:miejscRodzaj>Wieś</sln:miejscRodzaj><sln:powIIPId>30a27a14-3617-4e3d-b7ab-9b202199b4f9</sln:powIIPId><sln:powIIPPn>PL.PZGIK.200</sln:powIIPPn><sln:powIIPWersja>2012-09-27T10:00:59+02:00</sln:powIIPWersja><sln:powIdTeryt>2803</sln:powIdTeryt><sln:powNazwa>działdowski</sln:powNazwa><sln:waznyOd>2014-02-21T00:00:00+01:00</sln:waznyOd><sln:wojIIPId>45e7cfc6-6d8b-42ff-acbd-ef1d0a53dacb</sln:wojIIPId><sln:wojIIPPn>PL.PZGIK.200</sln:wojIIPPn><sln:wojIIPWersja>2012-09-27T13:45:13+02:00</sln:wojIIPWersja><sln:wojIdTeryt>28</sln:wojIdTeryt><sln:wojNazwa>warmińsko-mazurskie</sln:wojNazwa></sln:miejscowosc></sln:lista-miejscowosci>