<?xml version="1.0" encoding="UTF-8" standalone="yes"?><sln:lista-miejscowosci xmlns:srv="http://gugik.gov.pl/schemas/slowniki-service/1.0" xmlns:sln="http://gugik.gov.pl/schemas/slowniki-schema/1.0"><sln:miejscowosc><sln:cyklZyciaOd>2014-12-06T00:00:00+01:00</sln:cyklZyciaOd><sln:gmIIPId>cbdbcc81-5ff2-4b45-bd1d-92756bd6fca7</sln:gmIIPId><sln:gmIIPPn>PL.PZGIK.200</sln:gmIIPPn><sln:gmIIPWersja>2012-09-26T22:21:10+02:00</sln:gmIIPWersja><sln:gmIdTeryt>2810052</sln:gmIdTeryt><sln:gmNazwa>Sorkwity</sln:gmNazwa><sln:miejscIIPId>cd8e31cc-3d47-44ef-a759-895e1176a4f3</sln:miejscIIPId><sln:miejscIIPPn>PL.PZGIK.200</sln:miejscIIPPn><sln:miejscIIPWersja>2016-11-24T13:47:23+02:00</sln:miejscIIPWersja><sln:miejscIdTeryt>0488148</sln:miejscIdTeryt><sln:miejscNazwa>Załuki</sln:miejscNazwa><sln:miejscRodzaj>Osada</sln:miejscRodzaj><sln:powIIPId>6c84dd73-1b20-4e96-a5f5-fce0c02ce651</sln:powIIPId><sln:powIIPPn>PL.PZGIK.200</sln:powIIPPn><sln:powIIPWersja>2012-09-27T10:00:59+02:00</sln:powIIPWersja><sln:powIdTeryt>2810</sln:powIdTeryt><sln:powNazwa>mrągowski</sln:powNazwa><sln:wojIIPId>45e7cfc6-6d8b-42ff-acbd-ef1d0a53dacb</sln:wojIIPId><sln:wojIIPPn>PL.PZGIK.200</sln:wojIIPPn><sln:wojIIPWersja>2012-09-27T13:45:13+02:00</sln:wojIIPWersja><sln:wojIdTeryt>28</sln:wojIdTeryt><sln:wojNazwa>warmińsko-mazurskie</sln:wojNazwa></sln:miejscowosc><sln:miejscowosc><sln:cyklZyciaOd>2014-12-06T00:00:00+01:00</sln:cyklZyciaOd><sln:gmIIPId>cbdbcc81-5ff2-4b45-bd1d-92756bd6fca7</sln:gmIIPId><sln:gmIIPPn>PL.PZGIK.200</sln:gmIIPPn><sln:gmIIPWersja>2012-09-26T22:21:10+02:00</sln:gmIIPWersja><sln:gmIdTeryt>2810052</sln:gmIdTeryt><sln:gmNazwa>Sorkwity</sln:gmNazwa><sln:miejscIIPId>ea4f31f3-a6a1-44e6-85f8-b3424bb85f7e</sln:miejscIIPId><sln:miejscIIPPn>PL.PZGIK.200</sln:miejscIIPPn><sln:miejscIIPWersja>2016-11-24T13:29:25+02:00</sln:miejscIIPWersja><sln:miejscIdTeryt>0488059</sln:miejscIdTeryt><sln:miejscNazwa>Pustniki</sln:miejscNazwa><sln:miejscRodzaj>Wieś</sln:miejscRodzaj><sln:powIIPId>6c84dd73-1b20-4e96-a5f5-fce0c02ce651</sln:powIIPId><sln:powIIPPn>PL.PZGIK.200</sln:powIIPPn><sln:powIIPWersja>2012-09-27T10:00:59+02:00</sln:powIIPWersja><sln:powIdTeryt>2810</sln:powIdTeryt><sln:powNazwa>mrągowski</sln:powNazwa><sln:wojIIPId>45e7cfc6-6d8b-42ff-acbd-ef1d0a53dacb</sln:wojIIPId><sln:wojIIPPn>PL.PZGIK.200</sln:wojIIPPn><sln:wojIIPWersja>2012-09-27T13:45:13+02:00</sln:wojIIPWersja><sln:wojIdTeryt>28</sln:wojIdTeryt><sln:wojNazwa>warmińsko-mazurskie</sln:wojNazwa></sln:miejscowosc><sln:miejscowosc><sln:cyklZyciaOd>2014-12-06T00:00:00+01:00</sln:cyklZyciaOd><sln:gmIIPId>cbdbcc81-5ff2-4b45-bd1d-92756bd6fca7</sln:gmIIPId><sln:gmIIPPn>PL.PZGIK.200</sln:gmIIPPn><sln:gmIIPWersja>2012-09-26T22:21:10+02:00</sln:gmIIPWersja><sln:gmIdTeryt>2810052</sln:gmIdTeryt><sln:gmNazwa>Sorkwity</sln:gmNazwa><sln:miejscIIPId>9ab8311d-4d67-4c98-8bb3-155382cecabc</sln:miejscIIPId><sln:miejscIIPPn>PL.PZGIK.200</sln:miejscIIPPn><sln:miejscIIPWersja>2016-11-24T13:57:36+02:00</sln:miejscIIPWersja><sln:miejscIdTeryt>0487999</sln:miejscIdTeryt><sln:miejscNazwa>Maradzki Chojniak</sln:miejscNazwa><sln:miejscRodzaj>Inny obiekt</sln:miejscRodzaj><sln:powIIPId>6c84dd73-1b20-4e96-a5f5-fce0c02ce651</sln:powIIPId><sln:powIIPPn>PL.PZGIK.200</sln:powIIPPn><sln:powIIPWersja>2012-09-27T10:00:59+02:00</sln:powIIPWersja><sln:powIdTeryt>2810</sln:powIdTeryt><sln:powNazwa>mrągowski</sln:powNazwa><sln:wojIIPId>45e7cfc6-6d8b-42ff-acbd-ef1d0a53dacb</sln:wojIIPId><sln:wojIIPPn>PL.PZGIK.200</sln:wojIIPPn><sln:wojIIPWersja>2012-09-27T13:45:13+02:00</sln:wojIIPWersja><sln:wojIdTeryt>28</sln:wojIdTeryt><sln:wojNazwa>warmińsko-mazurskie</sln:wojNazwa></sln:miejscowosc><sln:miejscowosc><sln:cyklZyciaOd>2014-12-06T00:00:00+01:00</sln:cyklZyciaOd><sln:gmIIPId>cbdbcc81-5ff2-4b45-bd1d-92756bd6fca7</sln:gmIIPId><sln:gmIIPPn>PL.PZGIK.200</sln:gmIIPPn><sln:gmIIPWersja>2012-09-26T22:21:10+02:00</sln:gmIIPWersja><sln:gmIdTeryt>2810052</sln:gmIdTeryt><sln:gmNazwa>Sorkwity</sln:gmNazwa><sln:miejscIIPId>dd8d9119-bdf3-46ef-9a0c-a91be5d2ae09</sln:miejscIIPId><sln:miejscIIPPn>PL.PZGIK.200</sln:miejscIIPPn><sln:miejscIIPWersja>2016-11-24T13:31:07+02:00</sln:miejscIIPWersja><sln:miejscIdTeryt>0488119</sln:miejscIdTeryt><sln:miejscNazwa>Sorkwity</sln:miejscNazwa><sln:miejscRodzaj>Wieś</sln:miejscRodzaj><sln:powIIPId>6c84dd73-1b20-4e96-a5f5-fce0c02ce651</sln:powIIPId><sln:powIIPPn>PL.PZGIK.200</sln:powIIPPn><sln:powIIPWersja>2012-09-27T10:00:59+02:00</sln:powIIPWersja><sln:powIdTeryt>2810</sln:powIdTeryt><sln:powNazwa>mrągowski</sln:powNazwa><sln:wojIIPId>45e7cfc6-6d8b-42ff-acbd-ef1d0a53dacb</sln:wojIIPId><sln:wojIIPPn>PL.PZGIK.200</sln:wojIIPPn><sln:wojIIPWersja>2012-09-27T13:45:13+02:00</sln:wojIIPWersja><sln:wojIdTeryt>28</sln:wojIdTeryt><sln:wojNazwa>warmińsko-mazurskie</sln:wojNazwa></sln:miejscowosc><sln:miejscowosc><sln:cyklZyciaOd>2014-12-06T00:00:00+01:00</sln:cyklZyciaOd><sln:gmIIPId>cbdbcc81-5ff2-4b45-bd1d-92756bd6fca7</sln:gmIIPId><sln:gmIIPPn>PL.PZGIK.200</sln:gmIIPPn><sln:gmIIPWersja>2012-09-26T22:21:10+02:00</sln:gmIIPWersja><sln:gmIdTeryt>2810052</sln:gmIdTeryt><sln:gmNazwa>Sorkwity</sln:gmNazwa><sln:miejscIIPId>129475fe-1731-48dc-a08a-c8be81aefb17</sln:miejscIIPId><sln:miejscIIPPn>PL.PZGIK.200</sln:miejscIIPPn><sln:miejscIIPWersja>2016-11-24T13:34:57+02:00</sln:miejscIIPWersja><sln:miejscIdTeryt>0488243</sln:miejscIdTeryt><sln:miejscNazwa>Zyndaki</sln:miejscNazwa><sln:miejscRodzaj>Wieś</sln:miejscRodzaj><sln:powIIPId>6c84dd73-1b20-4e96-a5f5-fce0c02ce651</sln:powIIPId><sln:powIIPPn>PL.PZGIK.200</sln:powIIPPn><sln:powIIPWersja>2012-09-27T10:00:59+02:00</sln:powIIPWersja><sln:powIdTeryt>2810</sln:powIdTeryt><sln:powNazwa>mrągowski</sln:powNazwa><sln:wojIIPId>45e7cfc6-6d8b-42ff-acbd-ef1d0a53dacb</sln:wojIIPId><sln:wojIIPPn>PL.PZGIK.200</sln:wojIIPPn><sln:wojIIPWersja>2012-09-27T13:45:13+02:00</sln:wojIIPWersja><sln:wojIdTeryt>28</sln:wojIdTeryt><sln:wojNazwa>warmińsko-mazurskie</sln:wojNazwa></sln:miejscowosc><sln:miejscowosc><sln:cyklZyciaOd>2014-12-06T00:00:00+01:00</sln:cyklZyciaOd><sln:gmIIPId>cbdbcc81-5ff2-4b45-bd1d-92756bd6fca7</sln:gmIIPId><sln:gmIIPPn>PL.PZGIK.200</sln:gmIIPPn><sln:gmIIPWersja>2012-09-26T22:21:10+02:00</sln:gmIIPWersja><sln:gmIdTeryt>2810052</sln:gmIdTeryt><sln:gmNazwa>Sorkwity</sln:gmNazwa><sln:miejscIIPId>70cc467c-27ca-489b-8b52-f45765f9cb2e</sln:miejscIIPId><sln:miejscIIPPn>PL.PZGIK.200</sln:miejscIIPPn><sln:miejscIIPWersja>2016-11-24T13:38:47+02:00</sln:miejscIIPWersja><sln:miejscIdTeryt>0487924</sln:miejscIdTeryt><sln:miejscNazwa>Jędrychowo</sln:miejscNazwa><sln:miejscRodzaj>Wieś</sln:miejscRodzaj><sln:powIIPId>6c84dd73-1b20-4e96-a5f5-fce0c02ce651</sln:powIIPId><sln:powIIPPn>PL.PZGIK.200</sln:powIIPPn><sln:powIIPWersja>2012-09-27T10:00:59+02:00</sln:powIIPWersja><sln:powIdTeryt>2810</sln:powIdTeryt><sln:powNazwa>mrągowski</sln:powNazwa><sln:wojIIPId>45e7cfc6-6d8b-42ff-acbd-ef1d0a53dacb</sln:wojIIPId><sln:wojIIPPn>PL.PZGIK.200</sln:wojIIPPn><sln:wojIIPWersja>2012-09-27T13:45:13+02:00</sln:wojIIPWersja><sln:wojIdTeryt>28</sln:wojIdTeryt><sln:wojNazwa>warmińsko-mazurskie</sln:wojNazwa></sln:miejscowosc><sln:miejscowosc><sln:cyklZyciaOd>2014-12-06T00:00:00+01:00</sln:cyklZyciaOd><sln:gmIIPId>cbdbcc81-5ff2-4b45-bd1d-92756bd6fca7</sln:gmIIPId><sln:gmIIPPn>PL.PZGIK.200</sln:gmIIPPn><sln:gmIIPWersja>2012-09-26T22:21:10+02:00</sln:gmIIPWersja><sln:gmIdTeryt>2810052</sln:gmIdTeryt><sln:gmNazwa>Sorkwity</sln:gmNazwa><sln:miejscIIPId>3badbed6-5e9c-4dff-8bc4-6415627dd86b</sln:miejscIIPId><sln:miejscIIPPn>PL.PZGIK.200</sln:miejscIIPPn><sln:miejscIIPWersja>2016-11-24T13:46:25+02:00</sln:miejscIIPWersja><sln:miejscIdTeryt>0488094</sln:miejscIdTeryt><sln:miejscNazwa>Piłak</sln:miejscNazwa><sln:miejscRodzaj>Inny obiekt</sln:miejscRodzaj><sln:powIIPId>6c84dd73-1b20-4e96-a5f5-fce0c02ce651</sln:powIIPId><sln:powIIPPn>PL.PZGIK.200</sln:powIIPPn><sln:powIIPWersja>2012-09-27T10:00:59+02:00</sln:powIIPWersja><sln:powIdTeryt>2810</sln:powIdTeryt><sln:powNazwa>mrągowski</sln:powNazwa><sln:wojIIPId>45e7cfc6-6d8b-42ff-acbd-ef1d0a53dacb</sln:wojIIPId><sln:wojIIPPn>PL.PZGIK.200</sln:wojIIPPn><sln:wojIIPWersja>2012-09-27T13:45:13+02:00</sln:wojIIPWersja><sln:wojIdTeryt>28</sln:wojIdTeryt><sln:wojNazwa>warmińsko-mazurskie</sln:wojNazwa></sln:miejscowosc><sln:miejscowosc><sln:cyklZyciaOd>2014-12-06T00:00:00+01:00</sln:cyklZyciaOd><sln:gmIIPId>cbdbcc81-5ff2-4b45-bd1d-92756bd6fca7</sln:gmIIPId><sln:gmIIPPn>PL.PZGIK.200</sln:gmIIPPn><sln:gmIIPWersja>2012-09-26T22:21:10+02:00</sln:gmIIPWersja><sln:gmIdTeryt>2810052</sln:gmIdTeryt><sln:gmNazwa>Sorkwity</sln:gmNazwa><sln:miejscIIPId>35b69ce5-dc4f-4436-99a0-f1f81afe748d</sln:miejscIIPId><sln:miejscIIPPn>PL.PZGIK.200</sln:miejscIIPPn><sln:miejscIIPWersja>2016-11-24T13:32:07+02:00</sln:miejscIIPWersja><sln:miejscIdTeryt>0487870</sln:miejscIdTeryt><sln:miejscNazwa>Burszewo</sln:miejscNazwa><sln:miejscRodzaj>Wieś</sln:miejscRodzaj><sln:powIIPId>6c84dd73-1b20-4e96-a5f5-fce0c02ce651</sln:powIIPId><sln:powIIPPn>PL.PZGIK.200</sln:powIIPPn><sln:powIIPWersja>2012-09-27T10:00:59+02:00</sln:powIIPWersja><sln:powIdTeryt>2810</sln:powIdTeryt><sln:powNazwa>mrągowski</sln:powNazwa><sln:wojIIPId>45e7cfc6-6d8b-42ff-acbd-ef1d0a53dacb</sln:wojIIPId><sln:wojIIPPn>PL.PZGIK.200</sln:wojIIPPn><sln:wojIIPWersja>2012-09-27T13:45:13+02:00</sln:wojIIPWersja><sln:wojIdTeryt>28</sln:wojIdTeryt><sln:wojNazwa>warmińsko-mazurskie</sln:wojNazwa></sln:miejscowosc><sln:miejscowosc><sln:cyklZyciaOd>2014-12-06T00:00:00+01:00</sln:cyklZyciaOd><sln:gmIIPId>cbdbcc81-5ff2-4b45-bd1d-92756bd6fca7</sln:gmIIPId><sln:gmIIPPn>PL.PZGIK.200</sln:gmIIPPn><sln:gmIIPWersja>2012-09-26T22:21:10+02:00</sln:gmIIPWersja><sln:gmIdTeryt>2810052</sln:gmIdTeryt><sln:gmNazwa>Sorkwity</sln:gmNazwa><sln:miejscIIPId>caf73720-23e1-486b-a300-189550ba9376</sln:miejscIIPId><sln:miejscIIPPn>PL.PZGIK.200</sln:miejscIIPPn><sln:miejscIIPWersja>2016-11-24T13:51:20+02:00</sln:miejscIIPWersja><sln:miejscIdTeryt>0487893</sln:miejscIdTeryt><sln:miejscNazwa>Janiszewo</sln:miejscNazwa><sln:miejscRodzaj>Osada</sln:miejscRodzaj><sln:powIIPId>6c84dd73-1b20-4e96-a5f5-fce0c02ce651</sln:powIIPId><sln:powIIPPn>PL.PZGIK.200</sln:powIIPPn><sln:powIIPWersja>2012-09-27T10:00:59+02:00</sln:powIIPWersja><sln:powIdTeryt>2810</sln:powIdTeryt><sln:powNazwa>mrągowski</sln:powNazwa><sln:wojIIPId>45e7cfc6-6d8b-42ff-acbd-ef1d0a53dacb</sln:wojIIPId><sln:wojIIPPn>PL.PZGIK.200</sln:wojIIPPn><sln:wojIIPWersja>2012-09-27T13:45:13+02:00</sln:wojIIPWersja><sln:wojIdTeryt>28</sln:wojIdTeryt><sln:wojNazwa>warmińsko-mazurskie</sln:wojNazwa></sln:miejscowosc><sln:miejscowosc><sln:cyklZyciaOd>2014-12-06T00:00:00+01:00</sln:cyklZyciaOd><sln:gmIIPId>cbdbcc81-5ff2-4b45-bd1d-92756bd6fca7</sln:gmIIPId><sln:gmIIPPn>PL.PZGIK.200</sln:gmIIPPn><sln:gmIIPWersja>2012-09-26T22:21:10+02:00</sln:gmIIPWersja><sln:gmIdTeryt>2810052</sln:gmIdTeryt><sln:gmNazwa>Sorkwity</sln:gmNazwa><sln:miejscIIPId>0bf0ef56-8fcc-4520-b4b2-77b4c3aab7c0</sln:miejscIIPId><sln:miejscIIPPn>PL.PZGIK.200</sln:miejscIIPPn><sln:miejscIIPWersja>2016-11-24T13:57:36+02:00</sln:miejscIIPWersja><sln:miejscIdTeryt>0488007</sln:miejscIdTeryt><sln:miejscNazwa>Wilamówko</sln:miejscNazwa><sln:miejscRodzaj>Inny obiekt</sln:miejscRodzaj><sln:powIIPId>6c84dd73-1b20-4e96-a5f5-fce0c02ce651</sln:powIIPId><sln:powIIPPn>PL.PZGIK.200</sln:powIIPPn><sln:powIIPWersja>2012-09-27T10:00:59+02:00</sln:powIIPWersja><sln:powIdTeryt>2810</sln:powIdTeryt><sln:powNazwa>mrągowski</sln:powNazwa><sln:wojIIPId>45e7cfc6-6d8b-42ff-acbd-ef1d0a53dacb</sln:wojIIPId><sln:wojIIPPn>PL.PZGIK.200</sln:wojIIPPn><sln:wojIIPWersja>2012-09-27T13:45:13+02:00</sln:wojIIPWersja><sln:wojIdTeryt>28</sln:wojIdTeryt><sln:wojNazwa>warmińsko-mazurskie</sln:wojNazwa></sln:miejscowosc><sln:miejscowosc><sln:cyklZyciaOd>2014-12-06T00:00:00+01:00</sln:cyklZyciaOd><sln:gmIIPId>cbdbcc81-5ff2-4b45-bd1d-92756bd6fca7</sln:gmIIPId><sln:gmIIPPn>PL.PZGIK.200</sln:gmIIPPn><sln:gmIIPWersja>2012-09-26T22:21:10+02:00</sln:gmIIPWersja><sln:gmIdTeryt>2810052</sln:gmIdTeryt><sln:gmNazwa>Sorkwity</sln:gmNazwa><sln:miejscIIPId>9a202948-3872-4391-9372-94398906b150</sln:miejscIIPId><sln:miejscIIPPn>PL.PZGIK.200</sln:miejscIIPPn><sln:miejscIIPWersja>2016-11-24T13:46:25+02:00</sln:miejscIIPWersja><sln:miejscIdTeryt>0488088</sln:miejscIdTeryt><sln:miejscNazwa>Karczewiec</sln:miejscNazwa><sln:miejscRodzaj>Inny obiekt</sln:miejscRodzaj><sln:powIIPId>6c84dd73-1b20-4e96-a5f5-fce0c02ce651</sln:powIIPId><sln:powIIPPn>PL.PZGIK.200</sln:powIIPPn><sln:powIIPWersja>2012-09-27T10:00:59+02:00</sln:powIIPWersja><sln:powIdTeryt>2810</sln:powIdTeryt><sln:powNazwa>mrągowski</sln:powNazwa><sln:wojIIPId>45e7cfc6-6d8b-42ff-acbd-ef1d0a53dacb</sln:wojIIPId><sln:wojIIPPn>PL.PZGIK.200</sln:wojIIPPn><sln:wojIIPWersja>2012-09-27T13:45:13+02:00</sln:wojIIPWersja><sln:wojIdTeryt>28</sln:wojIdTeryt><sln:wojNazwa>warmińsko-mazurskie</sln:wojNazwa></sln:miejscowosc><sln:miejscowosc><sln:cyklZyciaOd>2014-12-06T00:00:00+01:00</sln:cyklZyciaOd><sln:gmIIPId>cbdbcc81-5ff2-4b45-bd1d-92756bd6fca7</sln:gmIIPId><sln:gmIIPPn>PL.PZGIK.200</sln:gmIIPPn><sln:gmIIPWersja>2012-09-26T22:21:10+02:00</sln:gmIIPWersja><sln:gmIdTeryt>2810052</sln:gmIdTeryt><sln:gmNazwa>Sorkwity</sln:gmNazwa><sln:miejscIIPId>a4890031-c576-484a-b505-6e06bf6eea31</sln:miejscIIPId><sln:miejscIIPPn>PL.PZGIK.200</sln:miejscIIPPn><sln:miejscIIPWersja>2016-11-24T13:47:33+02:00</sln:miejscIIPWersja><sln:miejscIdTeryt>0488183</sln:miejscIdTeryt><sln:miejscNazwa>Gieląd Mały</sln:miejscNazwa><sln:miejscRodzaj>Inny obiekt</sln:miejscRodzaj><sln:powIIPId>6c84dd73-1b20-4e96-a5f5-fce0c02ce651</sln:powIIPId><sln:powIIPPn>PL.PZGIK.200</sln:powIIPPn><sln:powIIPWersja>2012-09-27T10:00:59+02:00</sln:powIIPWersja><sln:powIdTeryt>2810</sln:powIdTeryt><sln:powNazwa>mrągowski</sln:powNazwa><sln:wojIIPId>45e7cfc6-6d8b-42ff-acbd-ef1d0a53dacb</sln:wojIIPId><sln:wojIIPPn>PL.PZGIK.200</sln:wojIIPPn><sln:wojIIPWersja>2012-09-27T13:45:13+02:00</sln:wojIIPWersja><sln:wojIdTeryt>28</sln:wojIdTeryt><sln:wojNazwa>warmińsko-mazurskie</sln:wojNazwa></sln:miejscowosc><sln:miejscowosc><sln:cyklZyciaOd>2014-12-06T00:00:00+01:00</sln:cyklZyciaOd><sln:gmIIPId>cbdbcc81-5ff2-4b45-bd1d-92756bd6fca7</sln:gmIIPId><sln:gmIIPPn>PL.PZGIK.200</sln:gmIIPPn><sln:gmIIPWersja>2012-09-26T22:21:10+02:00</sln:gmIIPWersja><sln:gmIdTeryt>2810052</sln:gmIdTeryt><sln:gmNazwa>Sorkwity</sln:gmNazwa><sln:miejscIIPId>714789de-3520-4428-a414-af8cbd4a3665</sln:miejscIIPId><sln:miejscIIPPn>PL.PZGIK.200</sln:miejscIIPPn><sln:miejscIIPWersja>2016-11-24T13:47:23+02:00</sln:miejscIIPWersja><sln:miejscIdTeryt>0488125</sln:miejscIdTeryt><sln:miejscNazwa>Miłuki</sln:miejscNazwa><sln:miejscRodzaj>Osada</sln:miejscRodzaj><sln:powIIPId>6c84dd73-1b20-4e96-a5f5-fce0c02ce651</sln:powIIPId><sln:powIIPPn>PL.PZGIK.200</sln:powIIPPn><sln:powIIPWersja>2012-09-27T10:00:59+02:00</sln:powIIPWersja><sln:powIdTeryt>2810</sln:powIdTeryt><sln:powNazwa>mrągowski</sln:powNazwa><sln:wojIIPId>45e7cfc6-6d8b-42ff-acbd-ef1d0a53dacb</sln:wojIIPId><sln:wojIIPPn>PL.PZGIK.200</sln:wojIIPPn><sln:wojIIPWersja>2012-09-27T13:45:13+02:00</sln:wojIIPWersja><sln:wojIdTeryt>28</sln:wojIdTeryt><sln:wojNazwa>warmińsko-mazurskie</sln:wojNazwa></sln:miejscowosc><sln:miejscowosc><sln:cyklZyciaOd>2014-12-06T00:00:00+01:00</sln:cyklZyciaOd><sln:gmIIPId>cbdbcc81-5ff2-4b45-bd1d-92756bd6fca7</sln:gmIIPId><sln:gmIIPPn>PL.PZGIK.200</sln:gmIIPPn><sln:gmIIPWersja>2012-09-26T22:21:10+02:00</sln:gmIIPWersja><sln:gmIdTeryt>2810052</sln:gmIdTeryt><sln:gmNazwa>Sorkwity</sln:gmNazwa><sln:miejscIIPId>b96500e9-495b-4d1e-849b-bb7e9ffc3e74</sln:miejscIIPId><sln:miejscIIPPn>PL.PZGIK.200</sln:miejscIIPPn><sln:miejscIIPWersja>2016-11-24T13:57:36+02:00</sln:miejscIIPWersja><sln:miejscIdTeryt>0487982</sln:miejscIdTeryt><sln:miejscNazwa>Głodowo</sln:miejscNazwa><sln:miejscRodzaj>Inny obiekt</sln:miejscRodzaj><sln:powIIPId>6c84dd73-1b20-4e96-a5f5-fce0c02ce651</sln:powIIPId><sln:powIIPPn>PL.PZGIK.200</sln:powIIPPn><sln:powIIPWersja>2012-09-27T10:00:59+02:00</sln:powIIPWersja><sln:powIdTeryt>2810</sln:powIdTeryt><sln:powNazwa>mrągowski</sln:powNazwa><sln:wojIIPId>45e7cfc6-6d8b-42ff-acbd-ef1d0a53dacb</sln:wojIIPId><sln:wojIIPPn>PL.PZGIK.200</sln:wojIIPPn><sln:wojIIPWersja>2012-09-27T13:45:13+02:00</sln:wojIIPWersja><sln:wojIdTeryt>28</sln:wojIdTeryt><sln:wojNazwa>warmińsko-mazurskie</sln:wojNazwa></sln:miejscowosc><sln:miejscowosc><sln:cyklZyciaOd>2014-12-06T00:00:00+01:00</sln:cyklZyciaOd><sln:gmIIPId>cbdbcc81-5ff2-4b45-bd1d-92756bd6fca7</sln:gmIIPId><sln:gmIIPPn>PL.PZGIK.200</sln:gmIIPPn><sln:gmIIPWersja>2012-09-26T22:21:10+02:00</sln:gmIIPWersja><sln:gmIdTeryt>2810052</sln:gmIdTeryt><sln:gmNazwa>Sorkwity</sln:gmNazwa><sln:miejscIIPId>06a22706-473a-4412-9f47-f1d39898ce1e</sln:miejscIIPId><sln:miejscIIPPn>PL.PZGIK.200</sln:miejscIIPPn><sln:miejscIIPWersja>2016-11-24T13:51:16+02:00</sln:miejscIIPWersja><sln:miejscIdTeryt>0488250</sln:miejscIdTeryt><sln:miejscNazwa>Bałowo</sln:miejscNazwa><sln:miejscRodzaj>Inny obiekt</sln:miejscRodzaj><sln:powIIPId>6c84dd73-1b20-4e96-a5f5-fce0c02ce651</sln:powIIPId><sln:powIIPPn>PL.PZGIK.200</sln:powIIPPn><sln:powIIPWersja>2012-09-27T10:00:59+02:00</sln:powIIPWersja><sln:powIdTeryt>2810</sln:powIdTeryt><sln:powNazwa>mrągowski</sln:powNazwa><sln:wojIIPId>45e7cfc6-6d8b-42ff-acbd-ef1d0a53dacb</sln:wojIIPId><sln:wojIIPPn>PL.PZGIK.200</sln:wojIIPPn><sln:wojIIPWersja>2012-09-27T13:45:13+02:00</sln:wojIIPWersja><sln:wojIdTeryt>28</sln:wojIdTeryt><sln:wojNazwa>warmińsko-mazurskie</sln:wojNazwa></sln:miejscowosc><sln:miejscowosc><sln:cyklZyciaOd>2014-12-06T00:00:00+01:00</sln:cyklZyciaOd><sln:gmIIPId>cbdbcc81-5ff2-4b45-bd1d-92756bd6fca7</sln:gmIIPId><sln:gmIIPPn>PL.PZGIK.200</sln:gmIIPPn><sln:gmIIPWersja>2012-09-26T22:21:10+02:00</sln:gmIIPWersja><sln:gmIdTeryt>2810052</sln:gmIdTeryt><sln:gmNazwa>Sorkwity</sln:gmNazwa><sln:miejscIIPId>1c07730a-87ed-4015-8159-33c990449fda</sln:miejscIIPId><sln:miejscIIPPn>PL.PZGIK.200</sln:miejscIIPPn><sln:miejscIIPWersja>2016-11-24T13:37:17+02:00</sln:miejscIIPWersja><sln:miejscIdTeryt>0487901</sln:miejscIdTeryt><sln:miejscNazwa>Gizewo</sln:miejscNazwa><sln:miejscRodzaj>Wieś</sln:miejscRodzaj><sln:powIIPId>6c84dd73-1b20-4e96-a5f5-fce0c02ce651</sln:powIIPId><sln:powIIPPn>PL.PZGIK.200</sln:powIIPPn><sln:powIIPWersja>2012-09-27T10:00:59+02:00</sln:powIIPWersja><sln:powIdTeryt>2810</sln:powIdTeryt><sln:powNazwa>mrągowski</sln:powNazwa><sln:wojIIPId>45e7cfc6-6d8b-42ff-acbd-ef1d0a53dacb</sln:wojIIPId><sln:wojIIPPn>PL.PZGIK.200</sln:wojIIPPn><sln:wojIIPWersja>2012-09-27T13:45:13+02:00</sln:wojIIPWersja><sln:wojIdTeryt>28</sln:wojIdTeryt><sln:wojNazwa>warmińsko-mazurskie</sln:wojNazwa></sln:miejscowosc><sln:miejscowosc><sln:cyklZyciaOd>2014-12-06T00:00:00+01:00</sln:cyklZyciaOd><sln:gmIIPId>cbdbcc81-5ff2-4b45-bd1d-92756bd6fca7</sln:gmIIPId><sln:gmIIPPn>PL.PZGIK.200</sln:gmIIPPn><sln:gmIIPWersja>2012-09-26T22:21:10+02:00</sln:gmIIPWersja><sln:gmIdTeryt>2810052</sln:gmIdTeryt><sln:gmNazwa>Sorkwity</sln:gmNazwa><sln:miejscIIPId>6960f717-7463-449c-bfab-5752a59db7bc</sln:miejscIIPId><sln:miejscIIPPn>PL.PZGIK.200</sln:miejscIIPPn><sln:miejscIIPWersja>2016-11-24T13:30:06+02:00</sln:miejscIIPWersja><sln:miejscIdTeryt>0488071</sln:miejscIdTeryt><sln:miejscNazwa>Rybno</sln:miejscNazwa><sln:miejscRodzaj>Wieś</sln:miejscRodzaj><sln:powIIPId>6c84dd73-1b20-4e96-a5f5-fce0c02ce651</sln:powIIPId><sln:powIIPPn>PL.PZGIK.200</sln:powIIPPn><sln:powIIPWersja>2012-09-27T10:00:59+02:00</sln:powIIPWersja><sln:powIdTeryt>2810</sln:powIdTeryt><sln:powNazwa>mrągowski</sln:powNazwa><sln:wojIIPId>45e7cfc6-6d8b-42ff-acbd-ef1d0a53dacb</sln:wojIIPId><sln:wojIIPPn>PL.PZGIK.200</sln:wojIIPPn><sln:wojIIPWersja>2012-09-27T13:45:13+02:00</sln:wojIIPWersja><sln:wojIdTeryt>28</sln:wojIdTeryt><sln:wojNazwa>warmińsko-mazurskie</sln:wojNazwa></sln:miejscowosc><sln:miejscowosc><sln:cyklZyciaOd>2014-12-06T00:00:00+01:00</sln:cyklZyciaOd><sln:gmIIPId>cbdbcc81-5ff2-4b45-bd1d-92756bd6fca7</sln:gmIIPId><sln:gmIIPPn>PL.PZGIK.200</sln:gmIIPPn><sln:gmIIPWersja>2012-09-26T22:21:10+02:00</sln:gmIIPWersja><sln:gmIdTeryt>2810052</sln:gmIdTeryt><sln:gmNazwa>Sorkwity</sln:gmNazwa><sln:miejscIIPId>e60a3549-1bb4-45af-a5c7-a5664be456e6</sln:miejscIIPId><sln:miejscIIPPn>PL.PZGIK.200</sln:miejscIIPPn><sln:miejscIIPWersja>2016-11-24T13:42:29+02:00</sln:miejscIIPWersja><sln:miejscIdTeryt>0488160</sln:miejscIdTeryt><sln:miejscNazwa>Młynik</sln:miejscNazwa><sln:miejscRodzaj>Wieś</sln:miejscRodzaj><sln:powIIPId>6c84dd73-1b20-4e96-a5f5-fce0c02ce651</sln:powIIPId><sln:powIIPPn>PL.PZGIK.200</sln:powIIPPn><sln:powIIPWersja>2012-09-27T10:00:59+02:00</sln:powIIPWersja><sln:powIdTeryt>2810</sln:powIdTeryt><sln:powNazwa>mrągowski</sln:powNazwa><sln:wojIIPId>45e7cfc6-6d8b-42ff-acbd-ef1d0a53dacb</sln:wojIIPId><sln:wojIIPPn>PL.PZGIK.200</sln:wojIIPPn><sln:wojIIPWersja>2012-09-27T13:45:13+02:00</sln:wojIIPWersja><sln:wojIdTeryt>28</sln:wojIdTeryt><sln:wojNazwa>warmińsko-mazurskie</sln:wojNazwa></sln:miejscowosc><sln:miejscowosc><sln:cyklZyciaOd>2014-12-06T00:00:00+01:00</sln:cyklZyciaOd><sln:gmIIPId>cbdbcc81-5ff2-4b45-bd1d-92756bd6fca7</sln:gmIIPId><sln:gmIIPPn>PL.PZGIK.200</sln:gmIIPPn><sln:gmIIPWersja>2012-09-26T22:21:10+02:00</sln:gmIIPWersja><sln:gmIdTeryt>2810052</sln:gmIdTeryt><sln:gmNazwa>Sorkwity</sln:gmNazwa><sln:miejscIIPId>68762c4c-a601-4582-8756-411c25b53a62</sln:miejscIIPId><sln:miejscIIPPn>PL.PZGIK.200</sln:miejscIIPPn><sln:miejscIIPWersja>2016-11-24T13:38:42+02:00</sln:miejscIIPWersja><sln:miejscIdTeryt>0487918</sln:miejscIdTeryt><sln:miejscNazwa>Jełmuń</sln:miejscNazwa><sln:miejscRodzaj>Wieś</sln:miejscRodzaj><sln:powIIPId>6c84dd73-1b20-4e96-a5f5-fce0c02ce651</sln:powIIPId><sln:powIIPPn>PL.PZGIK.200</sln:powIIPPn><sln:powIIPWersja>2012-09-27T10:00:59+02:00</sln:powIIPWersja><sln:powIdTeryt>2810</sln:powIdTeryt><sln:powNazwa>mrągowski</sln:powNazwa><sln:wojIIPId>45e7cfc6-6d8b-42ff-acbd-ef1d0a53dacb</sln:wojIIPId><sln:wojIIPPn>PL.PZGIK.200</sln:wojIIPPn><sln:wojIIPWersja>2012-09-27T13:45:13+02:00</sln:wojIIPWersja><sln:wojIdTeryt>28</sln:wojIdTeryt><sln:wojNazwa>warmińsko-mazurskie</sln:wojNazwa></sln:miejscowosc><sln:miejscowosc><sln:cyklZyciaOd>2014-12-06T00:00:00+01:00</sln:cyklZyciaOd><sln:gmIIPId>cbdbcc81-5ff2-4b45-bd1d-92756bd6fca7</sln:gmIIPId><sln:gmIIPPn>PL.PZGIK.200</sln:gmIIPPn><sln:gmIIPWersja>2012-09-26T22:21:10+02:00</sln:gmIIPWersja><sln:gmIdTeryt>2810052</sln:gmIdTeryt><sln:gmNazwa>Sorkwity</sln:gmNazwa><sln:miejscIIPId>ae90b3e6-e141-4b9e-aa2a-07498b316707</sln:miejscIIPId><sln:miejscIIPPn>PL.PZGIK.200</sln:miejscIIPPn><sln:miejscIIPWersja>2016-11-24T13:58:52+02:00</sln:miejscIIPWersja><sln:miejscIdTeryt>0487864</sln:miejscIdTeryt><sln:miejscNazwa>Wola Maradzka</sln:miejscNazwa><sln:miejscRodzaj>Przysiółek</sln:miejscRodzaj><sln:powIIPId>6c84dd73-1b20-4e96-a5f5-fce0c02ce651</sln:powIIPId><sln:powIIPPn>PL.PZGIK.200</sln:powIIPPn><sln:powIIPWersja>2012-09-27T10:00:59+02:00</sln:powIIPWersja><sln:powIdTeryt>2810</sln:powIdTeryt><sln:powNazwa>mrągowski</sln:powNazwa><sln:wojIIPId>45e7cfc6-6d8b-42ff-acbd-ef1d0a53dacb</sln:wojIIPId><sln:wojIIPPn>PL.PZGIK.200</sln:wojIIPPn><sln:wojIIPWersja>2012-09-27T13:45:13+02:00</sln:wojIIPWersja><sln:wojIdTeryt>28</sln:wojIdTeryt><sln:wojNazwa>warmińsko-mazurskie</sln:wojNazwa></sln:miejscowosc><sln:miejscowosc><sln:cyklZyciaOd>2014-12-06T00:00:00+01:00</sln:cyklZyciaOd><sln:gmIIPId>cbdbcc81-5ff2-4b45-bd1d-92756bd6fca7</sln:gmIIPId><sln:gmIIPPn>PL.PZGIK.200</sln:gmIIPPn><sln:gmIIPWersja>2012-09-26T22:21:10+02:00</sln:gmIIPWersja><sln:gmIdTeryt>2810052</sln:gmIdTeryt><sln:gmNazwa>Sorkwity</sln:gmNazwa><sln:miejscIIPId>3a8c10e3-d9d2-4f9c-b9b5-9e1b202cfc0c</sln:miejscIIPId><sln:miejscIIPPn>PL.PZGIK.200</sln:miejscIIPPn><sln:miejscIIPWersja>2016-11-24T13:58:24+02:00</sln:miejscIIPWersja><sln:miejscIdTeryt>0488036</sln:miejscIdTeryt><sln:miejscNazwa>Kozarek Mały</sln:miejscNazwa><sln:miejscRodzaj>Osada</sln:miejscRodzaj><sln:powIIPId>6c84dd73-1b20-4e96-a5f5-fce0c02ce651</sln:powIIPId><sln:powIIPPn>PL.PZGIK.200</sln:powIIPPn><sln:powIIPWersja>2012-09-27T10:00:59+02:00</sln:powIIPWersja><sln:powIdTeryt>2810</sln:powIdTeryt><sln:powNazwa>mrągowski</sln:powNazwa><sln:wojIIPId>45e7cfc6-6d8b-42ff-acbd-ef1d0a53dacb</sln:wojIIPId><sln:wojIIPPn>PL.PZGIK.200</sln:wojIIPPn><sln:wojIIPWersja>2012-09-27T13:45:13+02:00</sln:wojIIPWersja><sln:wojIdTeryt>28</sln:wojIdTeryt><sln:wojNazwa>warmińsko-mazurskie</sln:wojNazwa></sln:miejscowosc><sln:miejscowosc><sln:cyklZyciaOd>2014-12-06T00:00:00+01:00</sln:cyklZyciaOd><sln:gmIIPId>cbdbcc81-5ff2-4b45-bd1d-92756bd6fca7</sln:gmIIPId><sln:gmIIPPn>PL.PZGIK.200</sln:gmIIPPn><sln:gmIIPWersja>2012-09-26T22:21:10+02:00</sln:gmIIPWersja><sln:gmIdTeryt>2810052</sln:gmIdTeryt><sln:gmNazwa>Sorkwity</sln:gmNazwa><sln:miejscIIPId>ad881759-06e8-48c1-8cbd-90d8e0eaca09</sln:miejscIIPId><sln:miejscIIPPn>PL.PZGIK.200</sln:miejscIIPPn><sln:miejscIIPWersja>2016-11-24T13:29:56+02:00</sln:miejscIIPWersja><sln:miejscIdTeryt>0488065</sln:miejscIdTeryt><sln:miejscNazwa>Rozogi</sln:miejscNazwa><sln:miejscRodzaj>Wieś</sln:miejscRodzaj><sln:powIIPId>6c84dd73-1b20-4e96-a5f5-fce0c02ce651</sln:powIIPId><sln:powIIPPn>PL.PZGIK.200</sln:powIIPPn><sln:powIIPWersja>2012-09-27T10:00:59+02:00</sln:powIIPWersja><sln:powIdTeryt>2810</sln:powIdTeryt><sln:powNazwa>mrągowski</sln:powNazwa><sln:wojIIPId>45e7cfc6-6d8b-42ff-acbd-ef1d0a53dacb</sln:wojIIPId><sln:wojIIPPn>PL.PZGIK.200</sln:wojIIPPn><sln:wojIIPWersja>2012-09-27T13:45:13+02:00</sln:wojIIPWersja><sln:wojIdTeryt>28</sln:wojIdTeryt><sln:wojNazwa>warmińsko-mazurskie</sln:wojNazwa></sln:miejscowosc><sln:miejscowosc><sln:cyklZyciaOd>2014-12-06T00:00:00+01:00</sln:cyklZyciaOd><sln:gmIIPId>cbdbcc81-5ff2-4b45-bd1d-92756bd6fca7</sln:gmIIPId><sln:gmIIPPn>PL.PZGIK.200</sln:gmIIPPn><sln:gmIIPWersja>2012-09-26T22:21:10+02:00</sln:gmIIPWersja><sln:gmIdTeryt>2810052</sln:gmIdTeryt><sln:gmNazwa>Sorkwity</sln:gmNazwa><sln:miejscIIPId>3751ecbf-1f3e-4640-9ed5-1c918e3c22b9</sln:miejscIIPId><sln:miejscIIPPn>PL.PZGIK.200</sln:miejscIIPPn><sln:miejscIIPWersja>2016-11-24T13:55:00+02:00</sln:miejscIIPWersja><sln:miejscIdTeryt>0487930</sln:miejscIdTeryt><sln:miejscNazwa>Janowo</sln:miejscNazwa><sln:miejscRodzaj>Inny obiekt</sln:miejscRodzaj><sln:powIIPId>6c84dd73-1b20-4e96-a5f5-fce0c02ce651</sln:powIIPId><sln:powIIPPn>PL.PZGIK.200</sln:powIIPPn><sln:powIIPWersja>2012-09-27T10:00:59+02:00</sln:powIIPWersja><sln:powIdTeryt>2810</sln:powIdTeryt><sln:powNazwa>mrągowski</sln:powNazwa><sln:wojIIPId>45e7cfc6-6d8b-42ff-acbd-ef1d0a53dacb</sln:wojIIPId><sln:wojIIPPn>PL.PZGIK.200</sln:wojIIPPn><sln:wojIIPWersja>2012-09-27T13:45:13+02:00</sln:wojIIPWersja><sln:wojIdTeryt>28</sln:wojIdTeryt><sln:wojNazwa>warmińsko-mazurskie</sln:wojNazwa></sln:miejscowosc><sln:miejscowosc><sln:cyklZyciaOd>2014-12-06T00:00:00+01:00</sln:cyklZyciaOd><sln:gmIIPId>cbdbcc81-5ff2-4b45-bd1d-92756bd6fca7</sln:gmIIPId><sln:gmIIPPn>PL.PZGIK.200</sln:gmIIPPn><sln:gmIIPWersja>2012-09-26T22:21:10+02:00</sln:gmIIPWersja><sln:gmIdTeryt>2810052</sln:gmIdTeryt><sln:gmNazwa>Sorkwity</sln:gmNazwa><sln:miejscIIPId>cad7de3a-fc9b-44a2-9563-0b787394d9fe</sln:miejscIIPId><sln:miejscIIPPn>PL.PZGIK.200</sln:miejscIIPPn><sln:miejscIIPWersja>2016-11-24T13:31:23+02:00</sln:miejscIIPWersja><sln:miejscIdTeryt>0488177</sln:miejscIdTeryt><sln:miejscNazwa>Stary Gieląd</sln:miejscNazwa><sln:miejscRodzaj>Wieś</sln:miejscRodzaj><sln:powIIPId>6c84dd73-1b20-4e96-a5f5-fce0c02ce651</sln:powIIPId><sln:powIIPPn>PL.PZGIK.200</sln:powIIPPn><sln:powIIPWersja>2012-09-27T10:00:59+02:00</sln:powIIPWersja><sln:powIdTeryt>2810</sln:powIdTeryt><sln:powNazwa>mrągowski</sln:powNazwa><sln:wojIIPId>45e7cfc6-6d8b-42ff-acbd-ef1d0a53dacb</sln:wojIIPId><sln:wojIIPPn>PL.PZGIK.200</sln:wojIIPPn><sln:wojIIPWersja>2012-09-27T13:45:13+02:00</sln:wojIIPWersja><sln:wojIdTeryt>28</sln:wojIdTeryt><sln:wojNazwa>warmińsko-mazurskie</sln:wojNazwa></sln:miejscowosc><sln:miejscowosc><sln:cyklZyciaOd>2014-12-06T00:00:00+01:00</sln:cyklZyciaOd><sln:gmIIPId>cbdbcc81-5ff2-4b45-bd1d-92756bd6fca7</sln:gmIIPId><sln:gmIIPPn>PL.PZGIK.200</sln:gmIIPPn><sln:gmIIPWersja>2012-09-26T22:21:10+02:00</sln:gmIIPWersja><sln:gmIdTeryt>2810052</sln:gmIdTeryt><sln:gmNazwa>Sorkwity</sln:gmNazwa><sln:miejscIIPId>3dadbed2-daab-406a-9060-3175498cb351</sln:miejscIIPId><sln:miejscIIPPn>PL.PZGIK.200</sln:miejscIIPPn><sln:miejscIIPWersja>2016-11-24T13:31:08+02:00</sln:miejscIIPWersja><sln:miejscIdTeryt>0488154</sln:miejscIdTeryt><sln:miejscNazwa>Stama</sln:miejscNazwa><sln:miejscRodzaj>Wieś</sln:miejscRodzaj><sln:powIIPId>6c84dd73-1b20-4e96-a5f5-fce0c02ce651</sln:powIIPId><sln:powIIPPn>PL.PZGIK.200</sln:powIIPPn><sln:powIIPWersja>2012-09-27T10:00:59+02:00</sln:powIIPWersja><sln:powIdTeryt>2810</sln:powIdTeryt><sln:powNazwa>mrągowski</sln:powNazwa><sln:wojIIPId>45e7cfc6-6d8b-42ff-acbd-ef1d0a53dacb</sln:wojIIPId><sln:wojIIPPn>PL.PZGIK.200</sln:wojIIPPn><sln:wojIIPWersja>2012-09-27T13:45:13+02:00</sln:wojIIPWersja><sln:wojIdTeryt>28</sln:wojIdTeryt><sln:wojNazwa>warmińsko-mazurskie</sln:wojNazwa></sln:miejscowosc><sln:miejscowosc><sln:cyklZyciaOd>2014-12-06T00:00:00+01:00</sln:cyklZyciaOd><sln:gmIIPId>cbdbcc81-5ff2-4b45-bd1d-92756bd6fca7</sln:gmIIPId><sln:gmIIPPn>PL.PZGIK.200</sln:gmIIPPn><sln:gmIIPWersja>2012-09-26T22:21:10+02:00</sln:gmIIPWersja><sln:gmIdTeryt>2810052</sln:gmIdTeryt><sln:gmNazwa>Sorkwity</sln:gmNazwa><sln:miejscIIPId>de67cce9-53a3-4f35-bf5f-430c1e787ccd</sln:miejscIIPId><sln:miejscIIPPn>PL.PZGIK.200</sln:miejscIIPPn><sln:miejscIIPWersja>2016-11-24T13:31:45+02:00</sln:miejscIIPWersja><sln:miejscIdTeryt>0488208</sln:miejscIdTeryt><sln:miejscNazwa>Surmówka</sln:miejscNazwa><sln:miejscRodzaj>Wieś</sln:miejscRodzaj><sln:powIIPId>6c84dd73-1b20-4e96-a5f5-fce0c02ce651</sln:powIIPId><sln:powIIPPn>PL.PZGIK.200</sln:powIIPPn><sln:powIIPWersja>2012-09-27T10:00:59+02:00</sln:powIIPWersja><sln:powIdTeryt>2810</sln:powIdTeryt><sln:powNazwa>mrągowski</sln:powNazwa><sln:wojIIPId>45e7cfc6-6d8b-42ff-acbd-ef1d0a53dacb</sln:wojIIPId><sln:wojIIPPn>PL.PZGIK.200</sln:wojIIPPn><sln:wojIIPWersja>2012-09-27T13:45:13+02:00</sln:wojIIPWersja><sln:wojIdTeryt>28</sln:wojIdTeryt><sln:wojNazwa>warmińsko-mazurskie</sln:wojNazwa></sln:miejscowosc><sln:miejscowosc><sln:cyklZyciaOd>2014-12-06T00:00:00+01:00</sln:cyklZyciaOd><sln:gmIIPId>cbdbcc81-5ff2-4b45-bd1d-92756bd6fca7</sln:gmIIPId><sln:gmIIPPn>PL.PZGIK.200</sln:gmIIPPn><sln:gmIIPWersja>2012-09-26T22:21:10+02:00</sln:gmIIPWersja><sln:gmIdTeryt>2810052</sln:gmIdTeryt><sln:gmNazwa>Sorkwity</sln:gmNazwa><sln:miejscIIPId>66e395c0-9543-40ec-84ff-c70b4719d9cb</sln:miejscIIPId><sln:miejscIIPPn>PL.PZGIK.200</sln:miejscIIPPn><sln:miejscIIPWersja>2016-11-24T13:42:53+02:00</sln:miejscIIPWersja><sln:miejscIdTeryt>0488013</sln:miejscIdTeryt><sln:miejscNazwa>Nibork</sln:miejscNazwa><sln:miejscRodzaj>Wieś</sln:miejscRodzaj><sln:powIIPId>6c84dd73-1b20-4e96-a5f5-fce0c02ce651</sln:powIIPId><sln:powIIPPn>PL.PZGIK.200</sln:powIIPPn><sln:powIIPWersja>2012-09-27T10:00:59+02:00</sln:powIIPWersja><sln:powIdTeryt>2810</sln:powIdTeryt><sln:powNazwa>mrągowski</sln:powNazwa><sln:wojIIPId>45e7cfc6-6d8b-42ff-acbd-ef1d0a53dacb</sln:wojIIPId><sln:wojIIPPn>PL.PZGIK.200</sln:wojIIPPn><sln:wojIIPWersja>2012-09-27T13:45:13+02:00</sln:wojIIPWersja><sln:wojIdTeryt>28</sln:wojIdTeryt><sln:wojNazwa>warmińsko-mazurskie</sln:wojNazwa></sln:miejscowosc><sln:miejscowosc><sln:cyklZyciaOd>2014-12-06T00:00:00+01:00</sln:cyklZyciaOd><sln:gmIIPId>cbdbcc81-5ff2-4b45-bd1d-92756bd6fca7</sln:gmIIPId><sln:gmIIPPn>PL.PZGIK.200</sln:gmIIPPn><sln:gmIIPWersja>2012-09-26T22:21:10+02:00</sln:gmIIPWersja><sln:gmIdTeryt>2810052</sln:gmIdTeryt><sln:gmNazwa>Sorkwity</sln:gmNazwa><sln:miejscIIPId>b29a8600-21a5-4d26-819b-f55a7258b4f8</sln:miejscIIPId><sln:miejscIIPPn>PL.PZGIK.200</sln:miejscIIPPn><sln:miejscIIPWersja>2016-11-24T13:32:57+02:00</sln:miejscIIPWersja><sln:miejscIdTeryt>0488237</sln:miejscIdTeryt><sln:miejscNazwa>Warpuny</sln:miejscNazwa><sln:miejscRodzaj>Wieś</sln:miejscRodzaj><sln:powIIPId>6c84dd73-1b20-4e96-a5f5-fce0c02ce651</sln:powIIPId><sln:powIIPPn>PL.PZGIK.200</sln:powIIPPn><sln:powIIPWersja>2012-09-27T10:00:59+02:00</sln:powIIPWersja><sln:powIdTeryt>2810</sln:powIdTeryt><sln:powNazwa>mrągowski</sln:powNazwa><sln:wojIIPId>45e7cfc6-6d8b-42ff-acbd-ef1d0a53dacb</sln:wojIIPId><sln:wojIIPPn>PL.PZGIK.200</sln:wojIIPPn><sln:wojIIPWersja>2012-09-27T13:45:13+02:00</sln:wojIIPWersja><sln:wojIdTeryt>28</sln:wojIdTeryt><sln:wojNazwa>warmińsko-mazurskie</sln:wojNazwa></sln:miejscowosc><sln:miejscowosc><sln:cyklZyciaOd>2014-12-06T00:00:00+01:00</sln:cyklZyciaOd><sln:gmIIPId>cbdbcc81-5ff2-4b45-bd1d-92756bd6fca7</sln:gmIIPId><sln:gmIIPPn>PL.PZGIK.200</sln:gmIIPPn><sln:gmIIPWersja>2012-09-26T22:21:10+02:00</sln:gmIIPWersja><sln:gmIdTeryt>2810052</sln:gmIdTeryt><sln:gmNazwa>Sorkwity</sln:gmNazwa><sln:miejscIIPId>fa11854d-e5bb-4cca-ae3e-4a50d8ca64b2</sln:miejscIIPId><sln:miejscIIPPn>PL.PZGIK.200</sln:miejscIIPPn><sln:miejscIIPWersja>2016-11-24T13:47:33+02:00</sln:miejscIIPWersja><sln:miejscIdTeryt>1043916</sln:miejscIdTeryt><sln:miejscNazwa>Zwierzyniec</sln:miejscNazwa><sln:miejscRodzaj>Inny obiekt</sln:miejscRodzaj><sln:powIIPId>6c84dd73-1b20-4e96-a5f5-fce0c02ce651</sln:powIIPId><sln:powIIPPn>PL.PZGIK.200</sln:powIIPPn><sln:powIIPWersja>2012-09-27T10:00:59+02:00</sln:powIIPWersja><sln:powIdTeryt>2810</sln:powIdTeryt><sln:powNazwa>mrągowski</sln:powNazwa><sln:wojIIPId>45e7cfc6-6d8b-42ff-acbd-ef1d0a53dacb</sln:wojIIPId><sln:wojIIPPn>PL.PZGIK.200</sln:wojIIPPn><sln:wojIIPWersja>2012-09-27T13:45:13+02:00</sln:wojIIPWersja><sln:wojIdTeryt>28</sln:wojIdTeryt><sln:wojNazwa>warmińsko-mazurskie</sln:wojNazwa></sln:miejscowosc><sln:miejscowosc><sln:cyklZyciaOd>2014-12-06T00:00:00+01:00</sln:cyklZyciaOd><sln:gmIIPId>cbdbcc81-5ff2-4b45-bd1d-92756bd6fca7</sln:gmIIPId><sln:gmIIPPn>PL.PZGIK.200</sln:gmIIPPn><sln:gmIIPWersja>2012-09-26T22:21:10+02:00</sln:gmIIPWersja><sln:gmIdTeryt>2810052</sln:gmIdTeryt><sln:gmNazwa>Sorkwity</sln:gmNazwa><sln:miejscIIPId>64eee70f-72f9-48c3-8eaa-899e281ee276</sln:miejscIIPId><sln:miejscIIPPn>PL.PZGIK.200</sln:miejscIIPPn><sln:miejscIIPWersja>2016-11-24T13:55:00+02:00</sln:miejscIIPWersja><sln:miejscIdTeryt>0487947</sln:miejscIdTeryt><sln:miejscNazwa>Rodowo</sln:miejscNazwa><sln:miejscRodzaj>Inny obiekt</sln:miejscRodzaj><sln:powIIPId>6c84dd73-1b20-4e96-a5f5-fce0c02ce651</sln:powIIPId><sln:powIIPPn>PL.PZGIK.200</sln:powIIPPn><sln:powIIPWersja>2012-09-27T10:00:59+02:00</sln:powIIPWersja><sln:powIdTeryt>2810</sln:powIdTeryt><sln:powNazwa>mrągowski</sln:powNazwa><sln:wojIIPId>45e7cfc6-6d8b-42ff-acbd-ef1d0a53dacb</sln:wojIIPId><sln:wojIIPPn>PL.PZGIK.200</sln:wojIIPPn><sln:wojIIPWersja>2012-09-27T13:45:13+02:00</sln:wojIIPWersja><sln:wojIdTeryt>28</sln:wojIdTeryt><sln:wojNazwa>warmińsko-mazurskie</sln:wojNazwa></sln:miejscowosc><sln:miejscowosc><sln:cyklZyciaOd>2014-12-06T00:00:00+01:00</sln:cyklZyciaOd><sln:gmIIPId>cbdbcc81-5ff2-4b45-bd1d-92756bd6fca7</sln:gmIIPId><sln:gmIIPPn>PL.PZGIK.200</sln:gmIIPPn><sln:gmIIPWersja>2012-09-26T22:21:10+02:00</sln:gmIIPWersja><sln:gmIdTeryt>2810052</sln:gmIdTeryt><sln:gmNazwa>Sorkwity</sln:gmNazwa><sln:miejscIIPId>5af73f14-1aa1-4d64-a293-55436c73ccbd</sln:miejscIIPId><sln:miejscIIPPn>PL.PZGIK.200</sln:miejscIIPPn><sln:miejscIIPWersja>2016-11-24T13:35:01+02:00</sln:miejscIIPWersja><sln:miejscIdTeryt>0487887</sln:miejscIdTeryt><sln:miejscNazwa>Choszczewo</sln:miejscNazwa><sln:miejscRodzaj>Wieś</sln:miejscRodzaj><sln:powIIPId>6c84dd73-1b20-4e96-a5f5-fce0c02ce651</sln:powIIPId><sln:powIIPPn>PL.PZGIK.200</sln:powIIPPn><sln:powIIPWersja>2012-09-27T10:00:59+02:00</sln:powIIPWersja><sln:powIdTeryt>2810</sln:powIdTeryt><sln:powNazwa>mrągowski</sln:powNazwa><sln:wojIIPId>45e7cfc6-6d8b-42ff-acbd-ef1d0a53dacb</sln:wojIIPId><sln:wojIIPPn>PL.PZGIK.200</sln:wojIIPPn><sln:wojIIPWersja>2012-09-27T13:45:13+02:00</sln:wojIIPWersja><sln:wojIdTeryt>28</sln:wojIdTeryt><sln:wojNazwa>warmińsko-mazurskie</sln:wojNazwa></sln:miejscowosc><sln:miejscowosc><sln:cyklZyciaOd>2014-12-06T00:00:00+01:00</sln:cyklZyciaOd><sln:gmIIPId>cbdbcc81-5ff2-4b45-bd1d-92756bd6fca7</sln:gmIIPId><sln:gmIIPPn>PL.PZGIK.200</sln:gmIIPPn><sln:gmIIPWersja>2012-09-26T22:21:10+02:00</sln:gmIIPWersja><sln:gmIdTeryt>2810052</sln:gmIdTeryt><sln:gmNazwa>Sorkwity</sln:gmNazwa><sln:miejscIIPId>cf5617c7-47df-46b3-ba2f-b73d3831db5d</sln:miejscIIPId><sln:miejscIIPPn>PL.PZGIK.200</sln:miejscIIPPn><sln:miejscIIPWersja>2016-11-24T13:40:06+02:00</sln:miejscIIPWersja><sln:miejscIdTeryt>0487953</sln:miejscIdTeryt><sln:miejscNazwa>Kozłowo</sln:miejscNazwa><sln:miejscRodzaj>Wieś</sln:miejscRodzaj><sln:powIIPId>6c84dd73-1b20-4e96-a5f5-fce0c02ce651</sln:powIIPId><sln:powIIPPn>PL.PZGIK.200</sln:powIIPPn><sln:powIIPWersja>2012-09-27T10:00:59+02:00</sln:powIIPWersja><sln:powIdTeryt>2810</sln:powIdTeryt><sln:powNazwa>mrągowski</sln:powNazwa><sln:wojIIPId>45e7cfc6-6d8b-42ff-acbd-ef1d0a53dacb</sln:wojIIPId><sln:wojIIPPn>PL.PZGIK.200</sln:wojIIPPn><sln:wojIIPWersja>2012-09-27T13:45:13+02:00</sln:wojIIPWersja><sln:wojIdTeryt>28</sln:wojIdTeryt><sln:wojNazwa>warmińsko-mazurskie</sln:wojNazwa></sln:miejscowosc><sln:miejscowosc><sln:cyklZyciaOd>2014-12-06T00:00:00+01:00</sln:cyklZyciaOd><sln:gmIIPId>cbdbcc81-5ff2-4b45-bd1d-92756bd6fca7</sln:gmIIPId><sln:gmIIPPn>PL.PZGIK.200</sln:gmIIPPn><sln:gmIIPWersja>2012-09-26T22:21:10+02:00</sln:gmIIPWersja><sln:gmIdTeryt>2810052</sln:gmIdTeryt><sln:gmNazwa>Sorkwity</sln:gmNazwa><sln:miejscIIPId>9c3f04c5-eef9-46a1-ae7c-bc7ec1ad49a5</sln:miejscIIPId><sln:miejscIIPPn>PL.PZGIK.200</sln:miejscIIPPn><sln:miejscIIPWersja>2016-11-24T13:43:46+02:00</sln:miejscIIPWersja><sln:miejscIdTeryt>0487858</sln:miejscIdTeryt><sln:miejscNazwa>Borowski Las</sln:miejscNazwa><sln:miejscRodzaj>Wieś</sln:miejscRodzaj><sln:powIIPId>6c84dd73-1b20-4e96-a5f5-fce0c02ce651</sln:powIIPId><sln:powIIPPn>PL.PZGIK.200</sln:powIIPPn><sln:powIIPWersja>2012-09-27T10:00:59+02:00</sln:powIIPWersja><sln:powIdTeryt>2810</sln:powIdTeryt><sln:powNazwa>mrągowski</sln:powNazwa><sln:wojIIPId>45e7cfc6-6d8b-42ff-acbd-ef1d0a53dacb</sln:wojIIPId><sln:wojIIPPn>PL.PZGIK.200</sln:wojIIPPn><sln:wojIIPWersja>2012-09-27T13:45:13+02:00</sln:wojIIPWersja><sln:wojIdTeryt>28</sln:wojIdTeryt><sln:wojNazwa>warmińsko-mazurskie</sln:wojNazwa></sln:miejscowosc><sln:miejscowosc><sln:cyklZyciaOd>2014-12-06T00:00:00+01:00</sln:cyklZyciaOd><sln:gmIIPId>cbdbcc81-5ff2-4b45-bd1d-92756bd6fca7</sln:gmIIPId><sln:gmIIPPn>PL.PZGIK.200</sln:gmIIPPn><sln:gmIIPWersja>2012-09-26T22:21:10+02:00</sln:gmIIPWersja><sln:gmIdTeryt>2810052</sln:gmIdTeryt><sln:gmNazwa>Sorkwity</sln:gmNazwa><sln:miejscIIPId>cba182be-37f9-4f0d-b4f0-0e88c7be95fb</sln:miejscIIPId><sln:miejscIIPPn>PL.PZGIK.200</sln:miejscIIPPn><sln:miejscIIPWersja>2016-11-24T13:43:27+02:00</sln:miejscIIPWersja><sln:miejscIdTeryt>0487841</sln:miejscIdTeryt><sln:miejscNazwa>Borowe</sln:miejscNazwa><sln:miejscRodzaj>Wieś</sln:miejscRodzaj><sln:powIIPId>6c84dd73-1b20-4e96-a5f5-fce0c02ce651</sln:powIIPId><sln:powIIPPn>PL.PZGIK.200</sln:powIIPPn><sln:powIIPWersja>2012-09-27T10:00:59+02:00</sln:powIIPWersja><sln:powIdTeryt>2810</sln:powIdTeryt><sln:powNazwa>mrągowski</sln:powNazwa><sln:wojIIPId>45e7cfc6-6d8b-42ff-acbd-ef1d0a53dacb</sln:wojIIPId><sln:wojIIPPn>PL.PZGIK.200</sln:wojIIPPn><sln:wojIIPWersja>2012-09-27T13:45:13+02:00</sln:wojIIPWersja><sln:wojIdTeryt>28</sln:wojIdTeryt><sln:wojNazwa>warmińsko-mazurskie</sln:wojNazwa></sln:miejscowosc><sln:miejscowosc><sln:cyklZyciaOd>2014-12-06T00:00:00+01:00</sln:cyklZyciaOd><sln:gmIIPId>cbdbcc81-5ff2-4b45-bd1d-92756bd6fca7</sln:gmIIPId><sln:gmIIPPn>PL.PZGIK.200</sln:gmIIPPn><sln:gmIIPWersja>2012-09-26T22:21:10+02:00</sln:gmIIPWersja><sln:gmIdTeryt>2810052</sln:gmIdTeryt><sln:gmNazwa>Sorkwity</sln:gmNazwa><sln:miejscIIPId>7324e465-eb81-40d1-b984-6dc0cea2e93b</sln:miejscIIPId><sln:miejscIIPPn>PL.PZGIK.200</sln:miejscIIPPn><sln:miejscIIPWersja>2016-11-24T13:47:23+02:00</sln:miejscIIPWersja><sln:miejscIdTeryt>0488131</sln:miejscIdTeryt><sln:miejscNazwa>Słomowo</sln:miejscNazwa><sln:miejscRodzaj>Osada</sln:miejscRodzaj><sln:powIIPId>6c84dd73-1b20-4e96-a5f5-fce0c02ce651</sln:powIIPId><sln:powIIPPn>PL.PZGIK.200</sln:powIIPPn><sln:powIIPWersja>2012-09-27T10:00:59+02:00</sln:powIIPWersja><sln:powIdTeryt>2810</sln:powIdTeryt><sln:powNazwa>mrągowski</sln:powNazwa><sln:wojIIPId>45e7cfc6-6d8b-42ff-acbd-ef1d0a53dacb</sln:wojIIPId><sln:wojIIPPn>PL.PZGIK.200</sln:wojIIPPn><sln:wojIIPWersja>2012-09-27T13:45:13+02:00</sln:wojIIPWersja><sln:wojIdTeryt>28</sln:wojIdTeryt><sln:wojNazwa>warmińsko-mazurskie</sln:wojNazwa></sln:miejscowosc><sln:miejscowosc><sln:cyklZyciaOd>2014-12-06T00:00:00+01:00</sln:cyklZyciaOd><sln:gmIIPId>cbdbcc81-5ff2-4b45-bd1d-92756bd6fca7</sln:gmIIPId><sln:gmIIPPn>PL.PZGIK.200</sln:gmIIPPn><sln:gmIIPWersja>2012-09-26T22:21:10+02:00</sln:gmIIPWersja><sln:gmIdTeryt>2810052</sln:gmIdTeryt><sln:gmNazwa>Sorkwity</sln:gmNazwa><sln:miejscIIPId>9da322f4-854b-43e8-bc75-9368caa1ff93</sln:miejscIIPId><sln:miejscIIPPn>PL.PZGIK.200</sln:miejscIIPPn><sln:miejscIIPWersja>2016-11-24T13:47:33+02:00</sln:miejscIIPWersja><sln:miejscIdTeryt>0488190</sln:miejscIdTeryt><sln:miejscNazwa>Nowy Gieląd</sln:miejscNazwa><sln:miejscRodzaj>Inny obiekt</sln:miejscRodzaj><sln:powIIPId>6c84dd73-1b20-4e96-a5f5-fce0c02ce651</sln:powIIPId><sln:powIIPPn>PL.PZGIK.200</sln:powIIPPn><sln:powIIPWersja>2012-09-27T10:00:59+02:00</sln:powIIPWersja><sln:powIdTeryt>2810</sln:powIdTeryt><sln:powNazwa>mrągowski</sln:powNazwa><sln:wojIIPId>45e7cfc6-6d8b-42ff-acbd-ef1d0a53dacb</sln:wojIIPId><sln:wojIIPPn>PL.PZGIK.200</sln:wojIIPPn><sln:wojIIPWersja>2012-09-27T13:45:13+02:00</sln:wojIIPWersja><sln:wojIdTeryt>28</sln:wojIdTeryt><sln:wojNazwa>warmińsko-mazurskie</sln:wojNazwa></sln:miejscowosc><sln:miejscowosc><sln:cyklZyciaOd>2014-12-06T00:00:00+01:00</sln:cyklZyciaOd><sln:gmIIPId>cbdbcc81-5ff2-4b45-bd1d-92756bd6fca7</sln:gmIIPId><sln:gmIIPPn>PL.PZGIK.200</sln:gmIIPPn><sln:gmIIPWersja>2012-09-26T22:21:10+02:00</sln:gmIIPWersja><sln:gmIdTeryt>2810052</sln:gmIdTeryt><sln:gmNazwa>Sorkwity</sln:gmNazwa><sln:miejscIIPId>17542604-6552-47dc-93dd-f4355876110b</sln:miejscIIPId><sln:miejscIIPPn>PL.PZGIK.200</sln:miejscIIPPn><sln:miejscIIPWersja>2016-11-24T13:27:58+02:00</sln:miejscIIPWersja><sln:miejscIdTeryt>0487976</sln:miejscIdTeryt><sln:miejscNazwa>Maradki</sln:miejscNazwa><sln:miejscRodzaj>Wieś</sln:miejscRodzaj><sln:powIIPId>6c84dd73-1b20-4e96-a5f5-fce0c02ce651</sln:powIIPId><sln:powIIPPn>PL.PZGIK.200</sln:powIIPPn><sln:powIIPWersja>2012-09-27T10:00:59+02:00</sln:powIIPWersja><sln:powIdTeryt>2810</sln:powIdTeryt><sln:powNazwa>mrągowski</sln:powNazwa><sln:wojIIPId>45e7cfc6-6d8b-42ff-acbd-ef1d0a53dacb</sln:wojIIPId><sln:wojIIPPn>PL.PZGIK.200</sln:wojIIPPn><sln:wojIIPWersja>2012-09-27T13:45:13+02:00</sln:wojIIPWersja><sln:wojIdTeryt>28</sln:wojIdTeryt><sln:wojNazwa>warmińsko-mazurskie</sln:wojNazwa></sln:miejscowosc><sln:miejscowosc><sln:cyklZyciaOd>2014-12-06T00:00:00+01:00</sln:cyklZyciaOd><sln:gmIIPId>cbdbcc81-5ff2-4b45-bd1d-92756bd6fca7</sln:gmIIPId><sln:gmIIPPn>PL.PZGIK.200</sln:gmIIPPn><sln:gmIIPWersja>2012-09-26T22:21:10+02:00</sln:gmIIPWersja><sln:gmIdTeryt>2810052</sln:gmIdTeryt><sln:gmNazwa>Sorkwity</sln:gmNazwa><sln:miejscIIPId>8d673316-1a69-49ba-afb3-74a27c81b031</sln:miejscIIPId><sln:miejscIIPPn>PL.PZGIK.200</sln:miejscIIPPn><sln:miejscIIPWersja>2016-11-24T13:58:24+02:00</sln:miejscIIPWersja><sln:miejscIdTeryt>0488042</sln:miejscIdTeryt><sln:miejscNazwa>Kozarek Wielki</sln:miejscNazwa><sln:miejscRodzaj>Osada</sln:miejscRodzaj><sln:powIIPId>6c84dd73-1b20-4e96-a5f5-fce0c02ce651</sln:powIIPId><sln:powIIPPn>PL.PZGIK.200</sln:powIIPPn><sln:powIIPWersja>2012-09-27T10:00:59+02:00</sln:powIIPWersja><sln:powIdTeryt>2810</sln:powIdTeryt><sln:powNazwa>mrągowski</sln:powNazwa><sln:wojIIPId>45e7cfc6-6d8b-42ff-acbd-ef1d0a53dacb</sln:wojIIPId><sln:wojIIPPn>PL.PZGIK.200</sln:wojIIPPn><sln:wojIIPWersja>2012-09-27T13:45:13+02:00</sln:wojIIPWersja><sln:wojIdTeryt>28</sln:wojIdTeryt><sln:wojNazwa>warmińsko-mazurskie</sln:wojNazwa></sln:miejscowosc><sln:miejscowosc><sln:cyklZyciaOd>2014-12-06T00:00:00+01:00</sln:cyklZyciaOd><sln:gmIIPId>cbdbcc81-5ff2-4b45-bd1d-92756bd6fca7</sln:gmIIPId><sln:gmIIPPn>PL.PZGIK.200</sln:gmIIPPn><sln:gmIIPWersja>2012-09-26T22:21:10+02:00</sln:gmIIPWersja><sln:gmIdTeryt>2810052</sln:gmIdTeryt><sln:gmNazwa>Sorkwity</sln:gmNazwa><sln:miejscIIPId>f9108b4f-cbc3-41f9-ab0f-cbd415cb9690</sln:miejscIIPId><sln:miejscIIPPn>PL.PZGIK.200</sln:miejscIIPPn><sln:miejscIIPWersja>2016-11-24T13:47:41+02:00</sln:miejscIIPWersja><sln:miejscIdTeryt>0488214</sln:miejscIdTeryt><sln:miejscNazwa>Szelągówka</sln:miejscNazwa><sln:miejscRodzaj>Inny obiekt</sln:miejscRodzaj><sln:powIIPId>6c84dd73-1b20-4e96-a5f5-fce0c02ce651</sln:powIIPId><sln:powIIPPn>PL.PZGIK.200</sln:powIIPPn><sln:powIIPWersja>2012-09-27T10:00:59+02:00</sln:powIIPWersja><sln:powIdTeryt>2810</sln:powIdTeryt><sln:powNazwa>mrągowski</sln:powNazwa><sln:wojIIPId>45e7cfc6-6d8b-42ff-acbd-ef1d0a53dacb</sln:wojIIPId><sln:wojIIPPn>PL.PZGIK.200</sln:wojIIPPn><sln:wojIIPWersja>2012-09-27T13:45:13+02:00</sln:wojIIPWersja><sln:wojIdTeryt>28</sln:wojIdTeryt><sln:wojNazwa>warmińsko-mazurskie</sln:wojNazwa></sln:miejscowosc><sln:miejscowosc><sln:cyklZyciaOd>2014-12-06T00:00:00+01:00</sln:cyklZyciaOd><sln:gmIIPId>cbdbcc81-5ff2-4b45-bd1d-92756bd6fca7</sln:gmIIPId><sln:gmIIPPn>PL.PZGIK.200</sln:gmIIPPn><sln:gmIIPWersja>2012-09-26T22:21:10+02:00</sln:gmIIPWersja><sln:gmIdTeryt>2810052</sln:gmIdTeryt><sln:gmNazwa>Sorkwity</sln:gmNazwa><sln:miejscIIPId>d6b87f38-9bbb-4b64-8ab0-4fd9df7ae6bb</sln:miejscIIPId><sln:miejscIIPPn>PL.PZGIK.200</sln:miejscIIPPn><sln:miejscIIPWersja>2016-11-24T13:51:16+02:00</sln:miejscIIPWersja><sln:miejscIdTeryt>0488266</sln:miejscIdTeryt><sln:miejscNazwa>Zamkowo</sln:miejscNazwa><sln:miejscRodzaj>Inny obiekt</sln:miejscRodzaj><sln:powIIPId>6c84dd73-1b20-4e96-a5f5-fce0c02ce651</sln:powIIPId><sln:powIIPPn>PL.PZGIK.200</sln:powIIPPn><sln:powIIPWersja>2012-09-27T10:00:59+02:00</sln:powIIPWersja><sln:powIdTeryt>2810</sln:powIdTeryt><sln:powNazwa>mrągowski</sln:powNazwa><sln:wojIIPId>45e7cfc6-6d8b-42ff-acbd-ef1d0a53dacb</sln:wojIIPId><sln:wojIIPPn>PL.PZGIK.200</sln:wojIIPPn><sln:wojIIPWersja>2012-09-27T13:45:13+02:00</sln:wojIIPWersja><sln:wojIdTeryt>28</sln:wojIdTeryt><sln:wojNazwa>warmińsko-mazurskie</sln:wojNazwa></sln:miejscowosc><sln:miejscowosc><sln:cyklZyciaOd>2014-12-06T00:00:00+01:00</sln:cyklZyciaOd><sln:gmIIPId>cbdbcc81-5ff2-4b45-bd1d-92756bd6fca7</sln:gmIIPId><sln:gmIIPPn>PL.PZGIK.200</sln:gmIIPPn><sln:gmIIPWersja>2012-09-26T22:21:10+02:00</sln:gmIIPWersja><sln:gmIdTeryt>2810052</sln:gmIdTeryt><sln:gmNazwa>Sorkwity</sln:gmNazwa><sln:miejscIIPId>bad87050-b391-4536-88a8-c123198e3447</sln:miejscIIPId><sln:miejscIIPPn>PL.PZGIK.200</sln:miejscIIPPn><sln:miejscIIPWersja>2016-11-24T13:32:06+02:00</sln:miejscIIPWersja><sln:miejscIdTeryt>0488220</sln:miejscIdTeryt><sln:miejscNazwa>Szymanowo</sln:miejscNazwa><sln:miejscRodzaj>Wieś</sln:miejscRodzaj><sln:powIIPId>6c84dd73-1b20-4e96-a5f5-fce0c02ce651</sln:powIIPId><sln:powIIPPn>PL.PZGIK.200</sln:powIIPPn><sln:powIIPWersja>2012-09-27T10:00:59+02:00</sln:powIIPWersja><sln:powIdTeryt>2810</sln:powIdTeryt><sln:powNazwa>mrągowski</sln:powNazwa><sln:wojIIPId>45e7cfc6-6d8b-42ff-acbd-ef1d0a53dacb</sln:wojIIPId><sln:wojIIPPn>PL.PZGIK.200</sln:wojIIPPn><sln:wojIIPWersja>2012-09-27T13:45:13+02:00</sln:wojIIPWersja><sln:wojIdTeryt>28</sln:wojIdTeryt><sln:wojNazwa>warmińsko-mazurskie</sln:wojNazwa></sln:miejscowosc><sln:miejscowosc><sln:cyklZyciaOd>2014-12-06T00:00:00+01:00</sln:cyklZyciaOd><sln:gmIIPId>cbdbcc81-5ff2-4b45-bd1d-92756bd6fca7</sln:gmIIPId><sln:gmIIPPn>PL.PZGIK.200</sln:gmIIPPn><sln:gmIIPWersja>2012-09-26T22:21:10+02:00</sln:gmIIPWersja><sln:gmIdTeryt>2810052</sln:gmIdTeryt><sln:gmNazwa>Sorkwity</sln:gmNazwa><sln:miejscIIPId>d235639a-0014-471b-bf5b-0b963ed9e2ae</sln:miejscIIPId><sln:miejscIIPPn>PL.PZGIK.200</sln:miejscIIPPn><sln:miejscIIPWersja>2016-11-24T13:46:25+02:00</sln:miejscIIPWersja><sln:miejscIdTeryt>0488102</sln:miejscIdTeryt><sln:miejscNazwa>Tyszkowo</sln:miejscNazwa><sln:miejscRodzaj>Inny obiekt</sln:miejscRodzaj><sln:powIIPId>6c84dd73-1b20-4e96-a5f5-fce0c02ce651</sln:powIIPId><sln:powIIPPn>PL.PZGIK.200</sln:powIIPPn><sln:powIIPWersja>2012-09-27T10:00:59+02:00</sln:powIIPWersja><sln:powIdTeryt>2810</sln:powIdTeryt><sln:powNazwa>mrągowski</sln:powNazwa><sln:wojIIPId>45e7cfc6-6d8b-42ff-acbd-ef1d0a53dacb</sln:wojIIPId><sln:wojIIPPn>PL.PZGIK.200</sln:wojIIPPn><sln:wojIIPWersja>2012-09-27T13:45:13+02:00</sln:wojIIPWersja><sln:wojIdTeryt>28</sln:wojIdTeryt><sln:wojNazwa>warmińsko-mazurskie</sln:wojNazwa></sln:miejscowosc><sln:miejscowosc><sln:cyklZyciaOd>2014-12-06T00:00:00+01:00</sln:cyklZyciaOd><sln:gmIIPId>cbdbcc81-5ff2-4b45-bd1d-92756bd6fca7</sln:gmIIPId><sln:gmIIPPn>PL.PZGIK.200</sln:gmIIPPn><sln:gmIIPWersja>2012-09-26T22:21:10+02:00</sln:gmIIPWersja><sln:gmIdTeryt>2810052</sln:gmIdTeryt><sln:gmNazwa>Sorkwity</sln:gmNazwa><sln:miejscIIPId>e806ce3b-f99d-454f-a6fe-8ba91e1957db</sln:miejscIIPId><sln:miejscIIPPn>PL.PZGIK.200</sln:miejscIIPPn><sln:miejscIIPWersja>2016-11-24T13:58:24+02:00</sln:miejscIIPWersja><sln:miejscIdTeryt>0488020</sln:miejscIdTeryt><sln:miejscNazwa>Szarłaty</sln:miejscNazwa><sln:miejscRodzaj>Inny obiekt</sln:miejscRodzaj><sln:powIIPId>6c84dd73-1b20-4e96-a5f5-fce0c02ce651</sln:powIIPId><sln:powIIPPn>PL.PZGIK.200</sln:powIIPPn><sln:powIIPWersja>2012-09-27T10:00:59+02:00</sln:powIIPWersja><sln:powIdTeryt>2810</sln:powIdTeryt><sln:powNazwa>mrągowski</sln:powNazwa><sln:wojIIPId>45e7cfc6-6d8b-42ff-acbd-ef1d0a53dacb</sln:wojIIPId><sln:wojIIPPn>PL.PZGIK.200</sln:wojIIPPn><sln:wojIIPWersja>2012-09-27T13:45:13+02:00</sln:wojIIPWersja><sln:wojIdTeryt>28</sln:wojIdTeryt><sln:wojNazwa>warmińsko-mazurskie</sln:wojNazwa></sln:miejscowosc><sln:miejscowosc><sln:cyklZyciaOd>2014-12-06T00:00:00+01:00</sln:cyklZyciaOd><sln:gmIIPId>cbdbcc81-5ff2-4b45-bd1d-92756bd6fca7</sln:gmIIPId><sln:gmIIPPn>PL.PZGIK.200</sln:gmIIPPn><sln:gmIIPWersja>2012-09-26T22:21:10+02:00</sln:gmIIPWersja><sln:gmIdTeryt>2810052</sln:gmIdTeryt><sln:gmNazwa>Sorkwity</sln:gmNazwa><sln:miejscIIPId>bc04e263-67a2-40ed-aebc-6a0d4b9a9b71</sln:miejscIIPId><sln:miejscIIPPn>PL.PZGIK.200</sln:miejscIIPPn><sln:miejscIIPWersja>2016-11-24T13:56:05+02:00</sln:miejscIIPWersja><sln:miejscIdTeryt>0487960</sln:miejscIdTeryt><sln:miejscNazwa>Lesiny</sln:miejscNazwa><sln:miejscRodzaj>Inny obiekt</sln:miejscRodzaj><sln:powIIPId>6c84dd73-1b20-4e96-a5f5-fce0c02ce651</sln:powIIPId><sln:powIIPPn>PL.PZGIK.200</sln:powIIPPn><sln:powIIPWersja>2012-09-27T10:00:59+02:00</sln:powIIPWersja><sln:powIdTeryt>2810</sln:powIdTeryt><sln:powNazwa>mrągowski</sln:powNazwa><sln:wojIIPId>45e7cfc6-6d8b-42ff-acbd-ef1d0a53dacb</sln:wojIIPId><sln:wojIIPPn>PL.PZGIK.200</sln:wojIIPPn><sln:wojIIPWersja>2012-09-27T13:45:13+02:00</sln:wojIIPWersja><sln:wojIdTeryt>28</sln:wojIdTeryt><sln:wojNazwa>warmińsko-mazurskie</sln:wojNazwa></sln:miejscowosc></sln:lista-miejscowosci>